                                                          Cloudy 25.00
                                                         www.nublado.org

                                                  PRNG seed: 0x93a72358d850deea

                       **************************************25Aug25**************************************
                       *                                                                                 *
                       * title AGN log nH=2.78 log U=-2.00                                               *
                       * hden 2.7777777777777777                                                         *
                       * table AGN                                                                       *
                       * stop efrac 0.01                                                                 *
                       * ionization parameter -2.0                                                       *
                       * abundances GASS                                                                 *
                       * sphere                                                                          *
                       * stop temperature 4000 K                                                         *
                       * stop column density 22                                                          *
                       * iterate to convergence                                                          *
                       * save overview "AGNmodel_nH2.78_Um2.00_temp45000.00.txt"                         *
                       *                                                                                 *
                       ***********************************************************************************



           9244CellPeak1.00E+00   Lo 3.04e-09=  29.98m   Hi-Con:7.13E+06 Ryd   E(hi):7.35E+06Ryd     E(hi):     100.00 MeV
           I(nu>1ryd):   1.0752   Average nu:3.035E+00   I( X-ray):   0.2536   I(BalC):   0.5796     Phi(BalmrC):  11.5424
           phi(1.0-1.8):10.9510   phi(1.8-4.0): 10.844   phi(4.0-20): 10.306   phi(20--):  8.565     Ion pht flx:1.797E+11
           I(gam ray):  -0.0319   phi(gam r):   6.3603   I(Infred):   0.7936   Alf(ox):  -1.4088     Total inten:   1.3405
           U(1.0----):1.000E-02   U(4.0----):1.146E-03   T(En-Den):1.763E+01   T(Comp):1.323E+07     nuJnu(912A):3.800E+00
           Occ(FarIR):1.992E-05   Occ(H n=6):1.342E-10   Occ(1Ryd):1.753E-16   Occ(4R):8.965E-19     Occ (Nu-hi):0.000E+00
           Tbr(FarIR):9.578E-09   Tbr(H n=6):5.877E-07   Tbr(1Ryd):2.766E-11   Tbr(4R):5.671E-13     Tbr (Nu-hi):0.000E+00
  
                                                  Gas Phase Chemical Composition
        H :  0.0000  He: -1.0701  Li:-10.9508  Be:-10.6198  B : -9.3002  C : -3.5702  N : -4.1701  O : -3.3098  F : -7.4401
        Ne: -4.0701  Na: -5.7595  Mg: -4.4001  Al: -5.5498  Si: -4.4895  P : -6.5901  S : -4.8794  Cl: -6.5003  Ar: -5.6003
        K : -6.9706  Ca: -5.6596  Sc: -8.8508  Ti: -7.0501  V : -8.0701  Cr: -6.3595  Mn: -6.5702  Fe: -4.5003  Co: -7.0101
                                               Ni: -5.7799  Cu: -7.8097  Zn: -7.4401
 
 ####  1  Te:1.220E+04 Hden:5.995E+02 Ne:6.995E+02 R:1.000E+30 R-R0:1.226E+14 dR:2.453E+14 NTR:  6 Htot:2.695E-18 T912: 1.00e+08###
 Hydrogen      7.54e-04 9.99e-01 H+o/Hden 1.00e+00 2.67e-11 H-    H2 1.61e-17 2.11e-12 H2+ HeH+ 1.77e-13 Ho+ ColD 1.11e+14 1.47e+17
 Helium        5.93e-05 7.32e-02 9.27e-01 HeI 2s3S 5.77e-08 Comp H,C 8.64e-23 7.97e-26 Fill Fac 1.00e+00 Gam1/tot 1.00e+00
 He singlet n  5.93e-05 3.19e-14 7.59e-21 6.40e-21 5.44e-21 8.91e-21 He tripl 5.77e-08 1.39e-18 2.22e-20 1.44e-19 2.65e-20
 Pressure      NgasTgas 1.65e+07 P(total) 2.27e-09 P( gas ) 2.27e-09 P(Radtn) 0.00e+00 Rad accl 7.58e-07 ForceMul 3.08e+03
 Texc(La)      3.35e+03 T(I con) 1.76e+01 T(D con) 2.22e+00 T(U tot) 1.76e+01 nT (c+d) 4.80e+06 Prad/Gas 0.00e+00 Pmag/Gas 0.00e+00
 Molecules     CH/Ctot: 1.08e-17 CH+/Ctot 1.14e-15 CO/Ctot: 1.53e-23 CO+/Ctot 7.97e-23 H2O/Otot 1.41e-30 OH/Ototl 4.16e-18
 Lithium       4.80e-05 1.85e-01 6.83e-01 1.32e-01 Berylliu 1.72e-04 7.01e-03 8.33e-01 1.58e-01 1.21e-03 sec ion: 4.44e-14
 Boron         1.79e-06 5.55e-03 8.65e-02 8.98e-01 9.76e-03 1.01e-05
 Carbon        9.45e-07 3.33e-03 2.20e-01 4.22e-01 3.53e-01 6.63e-04 2.55e-07 H2O+/O   2.50e-31 OH+/Otot 1.47e-18 Hex(tot) 0.00e+00
 Nitrogen      4.89e-07 1.54e-03 2.19e-01 6.15e-01 1.52e-01 1.29e-02 9.51e-06 0.00e+00 O2/Ototl 1.09e-25 O2+/Otot 5.06e-26
 Oxygen        4.13e-07 8.61e-04 1.22e-01 6.91e-01 1.76e-01 1.04e-02 2.89e-04 0.00e+00 0.00e+00
 Fluorine      1.26e-07 8.83e-04 1.24e-01 5.76e-01 2.88e-01 1.04e-02 6.06e-05 3.77e-06 0.00e+00 0.00e+00
 Neon          8.65e-08 5.87e-04 1.37e-01 6.08e-01 2.45e-01 9.13e-03 4.71e-05 1.41e-06 0.00e+00 0.00e+00 0.00e+00
 Sodium        2.39e-08 2.92e-04 7.06e-02 5.69e-01 3.52e-01 8.09e-03 9.99e-05 5.02e-07 0.00e+00 0.00e+00 0.00e+00 0.00e+00
 Magnesium     1.02e-05 3.69e-04 9.65e-02 5.49e-01 3.28e-01 2.61e-02 2.43e-04 1.37e-06 0.00e+00 0.00e+00 0.00e+00 0.00e+00 0.00e+00
 Aluminium  0  8.56e-07 1.83e-03 1.76e-02 4.36e-01 4.83e-01 6.07e-02 8.19e-04 4.60e-06 0.00e+00 0.00e+00 0.00e+00 0.00e+00 0.00e+00
 Silicon    0  1.08e-06 3.59e-03 8.19e-02 2.67e-01 5.76e-01 7.00e-02 1.88e-03 1.06e-05 0.00e+00 0.00e+00 0.00e+00 0.00e+00 0.00e+00
 Phosphorus 0  1.45e-06 1.03e-02 1.61e-01 3.02e-01 3.29e-01 1.93e-01 4.38e-03 3.11e-05 0.00e+00 0.00e+00 0.00e+00 0.00e+00 0.00e+00
 Sulphur    0  4.41e-07 3.35e-03 2.01e-01 5.55e-01 1.68e-01 5.77e-02 1.43e-02 1.43e-04 2.74e-07 0.00e+00 0.00e+00 0.00e+00 0.00e+00
 Chlorine   0  5.15e-07 3.67e-03 1.66e-01 5.81e-01 2.25e-01 2.03e-02 3.06e-03 3.76e-04 1.89e-06 0.00e+00 0.00e+00 0.00e+00 0.00e+00
 Argon      0  1.03e-07 6.95e-04 2.84e-01 4.97e-01 1.99e-01 1.87e-02 3.77e-04 8.92e-05 8.64e-06 0.00e+00 0.00e+00 0.00e+00 0.00e+00
 Potassium  0  1.03e-07 3.07e-03 1.72e-01 6.36e-01 1.80e-01 9.54e-03 2.56e-04 1.15e-05 1.76e-06 1.87e-07 0.00e+00 0.00e+00 0.00e+00
 Calcium    0  1.29e-07 4.58e-04 7.47e-02 5.36e-01 3.63e-01 2.59e-02 2.95e-04 3.30e-05 7.62e-07 2.00e-07 0.00e+00 0.00e+00 0.00e+00
 Scandium   0  9.95e-10 6.83e-06 3.59e-03 5.49e-01 3.72e-01 7.50e-02 8.70e-04 3.80e-05 4.70e-07 0.00e+00 0.00e+00 0.00e+00 0.00e+00
 Titanium   0  2.47e-09 3.51e-05 7.16e-03 4.27e-01 4.85e-01 7.70e-02 3.74e-03 4.90e-05 6.82e-07 0.00e+00 0.00e+00 0.00e+00 0.00e+00
 Vanadium   0  7.93e-10 4.57e-06 2.22e-03 6.66e-02 4.90e-01 4.26e-01 1.41e-02 6.73e-04 2.64e-06 0.00e+00 0.00e+00 0.00e+00 0.00e+00
 Chromium   0  3.93e-10 4.07e-06 2.42e-03 7.19e-02 4.31e-01 4.28e-01 6.58e-02 1.26e-03 4.55e-05 2.64e-07 0.00e+00 0.00e+00 0.00e+00
 Manganese  0  3.56e-10 4.38e-06 2.00e-03 6.02e-02 4.58e-01 4.27e-01 5.17e-02 6.14e-04 3.40e-05 9.29e-07 0.00e+00 0.00e+00 0.00e+00
 Iron       0  2.37e-10 1.30e-06 6.93e-04 4.85e-02 3.75e-01 4.69e-01 1.04e-01 2.72e-03 1.10e-05 8.25e-07 0.00e+00 0.00e+00 0.00e+00
 Cobalt     0  2.18e-10 7.25e-07 4.26e-04 2.83e-02 3.78e-01 4.92e-01 9.63e-02 5.76e-03 7.77e-05 3.90e-06 0.00e+00 0.00e+00 0.00e+00
 Nickel     0  1.53e-10 1.09e-06 5.42e-04 2.40e-02 2.88e-01 5.67e-01 1.12e-01 8.27e-03 1.25e-04 5.25e-06 0.00e+00 0.00e+00 0.00e+00
 Copper     0  1.65e-10 7.22e-07 7.38e-04 3.20e-02 2.73e-01 5.21e-01 1.56e-01 1.67e-02 3.21e-04 1.04e-05 0.00e+00 0.00e+00 0.00e+00
 Zinc       0  2.98e-10 6.44e-07 3.47e-04 2.50e-02 2.83e-01 5.20e-01 1.50e-01 2.10e-02 3.80e-04 1.16e-05 2.07e-07 0.00e+00 0.00e+00
 ####159  Te:3.941E+03 Hden:5.995E+02 Ne:4.930E+01 R:1.000E+30 R-R0:2.037E+18 dR:4.680E+14 NTR: 13 Htot:6.874E-20 T912: 1.00e+08###
 Hydrogen      9.34e-01 6.63e-02 H+o/Hden 1.00e+00 1.35e-09 H-    H2 3.51e-09 8.11e-10 H2+ HeH+ 9.67e-09 Ho+ ColD 3.29e+19 1.19e+21
 Helium        8.22e-01 1.77e-01 1.48e-03 HeI 2s3S 2.91e-08 Comp H,C 6.06e-24 1.82e-27 Fill Fac 1.00e+00 Gam1/tot 5.73e-01
 He singlet n  8.22e-01 1.67e-14 2.32e-19 2.89e-21 1.36e-20 4.75e-21 He tripl 2.91e-08 1.76e-16 1.92e-20 3.60e-19 1.37e-20
 Pressure      NgasTgas 2.76e+06 P(total) 3.82e-10 P( gas ) 3.81e-10 P(Radtn) 1.26e-12 Rad accl 5.33e-07 ForceMul 3.02e+04
 Texc(La)      3.81e+03 T(I con) 1.54e+01 T(D con) 1.43e+01 T(U tot) 1.77e+01 nT (c+d) 7.16e+06 Prad/Gas 3.30e-03 Pmag/Gas 0.00e+00
 Molecules     CH/Ctot: 1.25e-13 CH+/Ctot 2.64e-09 CO/Ctot: 1.73e-12 CO+/Ctot 7.41e-13 H2O/Otot 2.68e-19 OH/Ototl 1.65e-09
 Lithium       3.52e-05 1.00e+00 7.56e-06 0.00e+00 Berylliu 1.28e-04 8.72e-01 1.23e-01 4.79e-03 0.00e+00 sec ion: 7.53e-13
 Boron         1.47e-05 9.16e-01 3.75e-03 8.07e-02 5.28e-06 0.00e+00
 Carbon        6.56e-05 9.54e-01 4.61e-02 2.04e-05 1.08e-06 0.00e+00 0.00e+00 H2O+/O   3.25e-19 OH+/Otot 1.99e-09 Hex(tot) 0.00e+00
 Nitrogen      8.74e-01 1.26e-01 5.74e-05 3.70e-06 0.00e+00 0.00e+00 0.00e+00 0.00e+00 O2/Ototl 4.18e-13 O2+/Otot 3.10e-13
 Oxygen        9.48e-01 5.24e-02 6.70e-05 4.10e-07 0.00e+00 0.00e+00 0.00e+00 0.00e+00 0.00e+00
 Fluorine      2.90e-01 5.94e-01 1.17e-01 3.06e-06 1.94e-05 0.00e+00 0.00e+00 0.00e+00 0.00e+00 0.00e+00
 Neon          2.04e-01 5.75e-01 2.20e-01 6.10e-06 5.57e-07 0.00e+00 0.00e+00 0.00e+00 0.00e+00 0.00e+00 0.00e+00
 Sodium        3.25e-04 6.80e-01 3.20e-01 3.84e-05 6.19e-05 0.00e+00 0.00e+00 0.00e+00 0.00e+00 0.00e+00 0.00e+00 0.00e+00
 Magnesium     1.49e-04 6.89e-01 3.11e-01 1.37e-05 8.02e-07 0.00e+00 0.00e+00 0.00e+00 0.00e+00 0.00e+00 0.00e+00 0.00e+00 0.00e+00
 Aluminium  0  5.25e-06 6.57e-01 1.28e-01 2.15e-01 6.97e-05 0.00e+00 0.00e+00 0.00e+00 0.00e+00 0.00e+00 0.00e+00 0.00e+00 0.00e+00
 Silicon    0  1.58e-05 9.99e-01 6.68e-05 4.48e-04 6.58e-06 1.59e-07 0.00e+00 0.00e+00 0.00e+00 0.00e+00 0.00e+00 0.00e+00 0.00e+00
 Phosphorus 0  3.50e-05 8.54e-01 1.43e-01 2.26e-03 2.00e-05 1.01e-06 0.00e+00 0.00e+00 0.00e+00 0.00e+00 0.00e+00 0.00e+00 0.00e+00
 Sulphur    0  3.84e-05 7.37e-01 2.63e-01 1.15e-04 1.46e-05 1.35e-06 0.00e+00 0.00e+00 0.00e+00 0.00e+00 0.00e+00 0.00e+00 0.00e+00
 Chlorine   0  5.04e-05 7.44e-01 2.55e-01 1.88e-04 1.81e-05 1.13e-06 0.00e+00 0.00e+00 0.00e+00 0.00e+00 0.00e+00 0.00e+00 0.00e+00
 Argon      0  1.69e-01 6.85e-01 1.46e-01 7.65e-05 1.11e-05 6.03e-07 0.00e+00 0.00e+00 0.00e+00 0.00e+00 0.00e+00 0.00e+00 0.00e+00
 Potassium  0  3.63e-05 5.40e-01 4.52e-01 1.38e-04 7.87e-03 1.58e-06 0.00e+00 0.00e+00 0.00e+00 0.00e+00 0.00e+00 0.00e+00 0.00e+00
 Calcium    0  2.24e-07 8.39e-03 9.86e-01 5.62e-03 1.61e-04 2.64e-06 0.00e+00 0.00e+00 0.00e+00 0.00e+00 0.00e+00 0.00e+00 0.00e+00
 Scandium   0  1.04e-06 3.95e-02 8.78e-01 7.72e-02 4.86e-03 3.35e-06 2.36e-07 0.00e+00 0.00e+00 0.00e+00 0.00e+00 0.00e+00 0.00e+00
 Titanium   0  1.51e-05 7.10e-01 2.80e-01 3.79e-04 9.82e-03 2.15e-06 3.44e-07 0.00e+00 0.00e+00 0.00e+00 0.00e+00 0.00e+00 0.00e+00
 Vanadium   0  1.40e-04 7.54e-01 2.45e-01 5.45e-05 8.18e-04 1.80e-06 1.65e-07 0.00e+00 0.00e+00 0.00e+00 0.00e+00 0.00e+00 0.00e+00
 Chromium   0  1.34e-05 9.98e-01 1.34e-03 2.38e-05 1.19e-04 7.61e-06 3.89e-07 0.00e+00 0.00e+00 0.00e+00 0.00e+00 0.00e+00 0.00e+00
 Manganese  0  1.52e-04 9.97e-01 2.04e-03 2.60e-05 3.56e-04 6.30e-06 1.53e-06 2.28e-07 0.00e+00 0.00e+00 0.00e+00 0.00e+00 0.00e+00
 Iron       0  3.21e-05 9.99e-01 3.52e-04 9.83e-05 3.22e-05 4.82e-06 1.10e-06 1.36e-07 0.00e+00 0.00e+00 0.00e+00 0.00e+00 0.00e+00
 Cobalt     0  3.43e-04 9.99e-01 3.32e-04 1.20e-04 4.04e-04 3.32e-06 7.51e-07 0.00e+00 0.00e+00 0.00e+00 0.00e+00 0.00e+00 0.00e+00
 Nickel     0  1.46e-04 9.99e-01 2.78e-04 2.35e-05 6.16e-05 2.62e-06 5.28e-07 0.00e+00 0.00e+00 0.00e+00 0.00e+00 0.00e+00 0.00e+00
 Copper     0  9.66e-05 7.45e-01 2.55e-01 3.49e-05 8.94e-06 3.13e-06 7.08e-07 0.00e+00 0.00e+00 0.00e+00 0.00e+00 0.00e+00 0.00e+00
 Zinc       0  6.05e-05 2.23e-01 4.71e-01 2.43e-01 6.23e-02 9.87e-06 2.29e-06 5.08e-07 0.00e+00 0.00e+00 0.00e+00 0.00e+00 0.00e+00
   AGN log nH=2.78 log U=-2.00  
   Calculation stopped because lowest Te reached. Iteration 1 of 10
   The geometry is plane-parallel.
  !Some input lines contained underscores, these were changed to spaces.
  !Suprathermal collisional ionization of H reached 42.73% of the local H ionization rate.
  !Charge transfer H => H+ reached 1287.2% of the local H ionization rate.
  !AGE: Cloud age was not set.  Longest timescale was 4.09e+10 s = 1.29e+03 years.
  !The CMB was not included.  This is added with the CMB command.
  !The radiation pressure jumped by 430% from 1.95e-10 (zone 31) to 2.58e-11 (zone 32) to 2.71e-11 (zone 33)
   Charge transfer heating reached 2.24% of the local heating.
   The density is too low to l-mix the lowest H  I collapsed level.  More resolved levels are needed for accurate line ratios.
   The density is too low to l-mix the lowest He I collapsed level.  More resolved levels are needed for accurate line ratios.
   Grains were not present but might survive in this environment (energy density temperature was 1.76e+01K)
   The continuum optical depth at the lowest energy considered (3.045e-09 Ryd) was 1.209e+03.
   The ratio of radiation to gas pressure reached 1.03e-01 at zone 31.  Caused by Lyman alpha.

                       *********************************> Cloudy 25.00 <**********************************
                       * title AGN log nH=2.78 log U=-2.00                                               *
                       * hden 2.7777777777777777                                                         *
                       * table AGN                                                                       *
                       * stop efrac 0.01                                                                 *
                       * ionization parameter -2.0                                                       *
                       * abundances GASS                                                                 *
                       * sphere                                                                          *
                       * stop temperature 4000 K                                                         *
                       * stop column density 22                                                          *
                       * iterate to convergence                                                          *
                       * save overview "AGNmodel_nH2.78_Um2.00_temp45000.00.txt"                         *
                       *********************************> Log(U): -2.00 <*********************************

                     Emission Line Spectrum.   Constant  Density Model.  Closed geometry.  Iteration 1 of 10.
                                                     Intensity (erg/s/cm^2).


                                                   Intrinsic line intensities
general properties..............................      Ca A                229.736A    -2.555    0.0306      Ca 2                3968.47A    -3.540    0.0032
Inci                      0      1.341  240.6212      Ca A                229.431A    -2.664    0.0238      Ca 2                8662.14A    -3.958    0.0012
TotH                      0      0.664   50.6350      Ca A                229.194A    -2.765    0.0189      Ca 2                3933.66A    -3.416    0.0042
TotC                      0      0.664   50.6279      Ca A                229.006A    -2.857    0.0153      Ca 2                8542.09A    -3.590    0.0028
BFH1                      0      0.515   35.9650      Ca A                228.855A    -2.944    0.0125      Ca 5                4.15739m    -2.709    0.0215
BFHe                      0      0.028   11.7198      Ca A                228.731A    -3.025    0.0104      Ca 5                11.4792m    -3.852    0.0015
TotM                      0     -0.636    2.5374      Ca A                228.629A    -3.101    0.0087      Ca 5                5309.11A    -3.080    0.0091
ComH                      0     -3.791    0.0018      Ca A                228.543A    -3.172    0.0074      Ca 5                6086.37A    -3.791    0.0018
CT H                      0     -1.504    0.3439      Ca A                228.471A    -3.240    0.0063      Cl 2                14.3639m    -3.832    0.0016
H FB                      0     -0.687    2.2568      Ca A                228.409A    -3.304    0.0054      Cl 2                8578.70A    -3.448    0.0039
HFBc                      0     -0.687    2.2568      Ca A                228.356A    -3.366    0.0047      Cl 2                9123.60A    -4.032    0.0010
H  1c                     0     -0.859    1.5188      Ca A                228.309A    -3.424    0.0041      Cl 3                5537.87A    -2.954    0.0122
He 1c                     0     -2.023    0.1041      Ca A                228.269A    -3.479    0.0036      Cl 3                5517.71A    -2.863    0.0151
Al 3c                     0     -2.779    0.0183      Ca A                228.234A    -3.532    0.0032      Cl 3                3342.80A    -3.811    0.0017
Al 6c                     0     -2.967    0.0119      Ca A                1640.41A    -1.065    0.9464      Cl 4                20.3197m    -2.517    0.0334
Ar 2c                     0     -3.582    0.0029      Ca A                1215.13A    -1.589    0.2833      Cl 4                11.7629m    -2.564    0.0300
Ar 3c                     0     -1.499    0.3485      Ca A                1084.94A    -1.940    0.1261      Cl 4                7530.54A    -3.045    0.0099
Ar 4c                     0     -2.002    0.1094      Ca A                1025.27A    -2.205    0.0685      Cl 4                8045.62A    -2.682    0.0229
Ar 5c                     0     -2.290    0.0564      Ca A                992.358A    -2.419    0.0419      Fe 4                3094.96A    -1.924    0.1308
Ar 6c                     0     -3.351    0.0049      Ca A                972.106A    -2.598    0.0277      Fe 4                2835.74A    -1.410    0.4275
C  2c                     0     -1.983    0.1142      Ca A                958.693A    -2.754    0.0194      Fe 4                2829.36A    -1.684    0.2271
C  3c                     0     -1.057    0.9628      Ca A                949.323A    -2.891    0.0141      Fe 4                2823.50A    -2.942    0.0126
Ca 4c                     0     -2.044    0.0992      Ca A                942.507A    -3.014    0.0106      Fe 4                2577.92A    -3.283    0.0057
Co 2c                     0     -3.775    0.0018      Ca A                937.389A    -3.126    0.0082      Fe 4                2.83562m    -2.805    0.0172
Cr 2c                     0     -3.826    0.0016      Ca A                933.444A    -3.228    0.0065      Fe 4                2.80554m    -3.343    0.0050
Fe 2c                     0     -1.267    0.5934      Ca A                930.337A    -3.322    0.0052      Fe 4                2.86447m    -3.139    0.0080
Fe 3c                     0     -1.350    0.4912      Ca A                927.846A    -3.410    0.0043      Fe 4                2567.61A    -2.323    0.0522
Fe 7c                     0     -2.022    0.1044      Ca A                925.816A    -3.492    0.0035      Fe 4                2.71569m    -3.440    0.0040
K  3c                     0     -3.149    0.0078      Ca A                924.142A    -3.569    0.0030      Fe 4                2567.40A    -3.074    0.0093
K  4c                     0     -3.247    0.0062      Ca A                922.743A    -3.641    0.0025      Fe 4                2.71341m    -3.970    0.0012
Mg 1c                     0     -2.888    0.0142      Ca A                921.562A    -3.710    0.0021      Fe 4                2.77325m    -3.647    0.0025
Mn 2c                     0     -3.848    0.0016      Ca A                920.556A    -3.775    0.0018      Fe 4                6739.82A    -2.835    0.0161
N  1c                     0     -3.567    0.0030      Ca A                919.693A    -3.836    0.0016      Fe 4                6761.38A    -3.336    0.0051
N  4c                     0     -2.387    0.0450      Ca A                918.945A    -3.895    0.0014      Fe 4                6734.42A    -2.960    0.0121
N  5c                     0     -3.893    0.0014      Ca A                918.295A    -3.952    0.0012      Fe 4                6997.10A    -3.658    0.0024
Ne 2c                     0     -3.062    0.0095      Ca A                917.724A    -4.005    0.0011      Fe 4                6792.48A    -3.820    0.0017
Ne 3c                     0     -0.781    1.8197      Ca A                4685.68A    -1.778    0.1833      Fe 4                5233.76A    -3.418    0.0042
Ne 5c                     0     -1.272    0.5870      Ca A                3203.08A    -2.173    0.0737      Fe 4                5033.59A    -3.760    0.0019
O  1c                     0     -2.382    0.0456      Ca A                2733.28A    -2.465    0.0377      Fe 4                4906.56A    -3.113    0.0085
O  2c                     0     -1.050    0.9793      Ca A                2511.19A    -2.694    0.0222      Fe 4                4917.97A    -3.621    0.0026
O  3c                     0      0.314   22.6481      Ca A                2385.39A    -2.884    0.0143      Fe 4                7222.76A    -3.595    0.0028
O  5c                     0     -3.757    0.0019      Ca A                2306.18A    -3.047    0.0099      Fe 4                4899.97A    -3.454    0.0039
P  2c                     0     -2.983    0.0114      Ca A                2252.67A    -3.190    0.0071      Fe 4                4903.07A    -3.434    0.0040
P  3c                     0     -3.276    0.0058      Ca A                2214.65A    -3.317    0.0053      Fe 4                7183.99A    -3.783    0.0018
S  2c                     0     -1.503    0.3452      Ca A                2186.59A    -3.432    0.0041      Fe 4                4868.16A    -3.578    0.0029
S  3c                     0     -0.684    2.2749      Ca A                2165.23A    -3.537    0.0032      Fe 4                4869.23A    -3.924    0.0013
Si 2c                     0     -1.512    0.3379      Ca A                2148.58A    -3.633    0.0026      Fe 4                7191.23A    -3.826    0.0016
Si 3c                     0     -1.472    0.3706      Ca A                2135.34A    -3.723    0.0021      Fe 4                4867.95A    -3.643    0.0025
Si 4c                     0     -2.169    0.0744      Ca A                2124.61A    -3.806    0.0017      Fe 4                4206.59A    -3.698    0.0022
Al 2c                     0     -2.374    0.0464      Ca A                2115.81A    -3.884    0.0014      Fe 4                4208.88A    -3.731    0.0020
Al 5c                     0     -3.109    0.0085      Ca A                2108.49A    -3.958    0.0012      Fe 4                4144.20A    -3.738    0.0020
C  4c                     0     -1.317    0.5299      Ca A                2102.33A    -4.027    0.0010      Fe 4                4152.34A    -4.039    0.0010
Ca 2c                     0     -2.512    0.0338      Ca A                1.01235m    -2.327    0.0517      Fe 5                70.3538m    -2.311    0.0537
Ca 5c                     0     -2.508    0.0341      Ca A                6560.01A    -2.638    0.0253      Fe 5                36.3273m    -2.108    0.0857
Cl 2c                     0     -3.208    0.0068      Ca A                5411.45A    -2.884    0.0143      Fe 5                25.9131m    -2.212    0.0674
Cl 3c                     0     -2.556    0.0306      Ca A                4859.26A    -3.085    0.0090      Fe 5                20.8407m    -2.473    0.0369
Cl 4c                     0     -2.051    0.0976      Ca A                4541.54A    -3.256    0.0061      Fe 5                4180.59A    -2.957    0.0121
Fe 4c                     0     -1.038    1.0063      Ca A                4338.62A    -3.404    0.0043      Fe 5                4143.15A    -2.700    0.0219
Fe 5c                     0     -1.312    0.5352      Ca A                4199.78A    -3.535    0.0032      Fe 5                4227.19A    -1.992    0.1120
Fe 6c                     0     -1.218    0.6653      Ca A                4099.99A    -3.653    0.0024      Fe 5                4003.21A    -3.653    0.0024
Fe 8c                     0     -3.942    0.0013      Ca A                4025.55A    -3.761    0.0019      Fe 5                4071.24A    -2.721    0.0209
Mg 2c                     0     -1.175    0.7349      Ca A                3968.39A    -3.859    0.0015      Fe 5                3895.22A    -3.090    0.0089
Mg 4c                     0     -1.963    0.1196      Ca A                3923.44A    -3.951    0.0012      Fe 5                3851.34A    -3.357    0.0048
Mg 5c                     0     -1.952    0.1226      Ca A                3887.40A    -4.036    0.0010      Fe 5                3794.94A    -2.768    0.0187
N  2c                     0     -1.495    0.3510      Ca A                1.86365m    -2.782    0.0181      Fe 5                3755.70A    -3.050    0.0098
N  3c                     0     -1.519    0.3329      Ca A                1.16262m    -3.032    0.0102      Fe 5                3911.33A    -3.608    0.0027
Na 3c                     0     -2.953    0.0122      Ca A                9344.80A    -3.242    0.0063      Fe 5                3839.27A    -2.740    0.0200
Na 4c                     0     -2.971    0.0117      Ca A                8236.67A    -3.420    0.0042      Fe 5                3783.22A    -3.151    0.0078
Ne 4c                     0     -2.008    0.1079      Ca A                7592.65A    -3.574    0.0029      Fe 5                3891.28A    -2.918    0.0133
Ne 6c                     0     -2.884    0.0143      Ca A                7177.41A    -3.709    0.0021      Fe 5                3819.95A    -3.588    0.0028
Ni 2c                     0     -2.480    0.0364      Ca A                6890.80A    -3.830    0.0016      Fe 5                2.04669m    -3.877    0.0015
O  4c                     0     -0.458    3.8285      Ca A                6683.11A    -3.940    0.0013      Fe 5                3445.62A    -3.494    0.0035
S  4c                     0     -0.543    3.1496      Ca A                6527.01A    -4.041    0.0010      Fe 5                3400.41A    -3.862    0.0015
Si 6c                     0     -2.993    0.0112      Ca A                3.09080m    -3.173    0.0074      Fe 5                3463.51A    -3.445    0.0039
continua........................................      Ca A                1.87431m    -3.376    0.0046      Fe 5                3406.89A    -3.982    0.0011
Bac                 3646.00A     0.145   15.3301      Ca A                1.47602m    -3.558    0.0030      Fe 5                2828.24A    -3.536    0.0032
nFnu                3645.00A     0.257   19.8739      Ca A                1.28127m    -3.716    0.0021      Fe 5                2780.40A    -4.032    0.0010
nFnu                3647.00A    -0.383    4.5439      Ca A                1.16730m    -3.855    0.0015      Fe 5                2750.88A    -3.843    0.0016
cout                3646.00A     0.145   15.3301      Ca A                1.09334m    -3.979    0.0012      Fe 5                2730.21A    -3.753    0.0019
thin                3646.00A     0.145   15.3302      Ca A                4.76213m    -3.516    0.0034      Fe 5                2717.82A    -3.793    0.0018
Inci                4860.00A     0.237   18.9402      Ca A                2.82519m    -3.683    0.0023      Fe 5                2707.36A    -3.742    0.0020
Inci                1367.00A     0.492   34.0836      Ca A                2.18848m    -3.842    0.0016      Fe 6                19.5527m    -1.852    0.1544
Inci                2066.00A     0.402   27.7211      Ca A                1.87570m    -3.983    0.0011      Fe 6                14.7670m    -2.071    0.0934
Inci                1215.00A     0.517   36.1453      Ca A                6.94599m    -3.821    0.0017      Fe 6                12.3074m    -2.334    0.0509
Ba C                      0     -0.507    3.4217      Ca A                4.04945m    -3.960    0.0012      Fe 6                5335.18A    -2.528    0.0326
PA C                      0     -0.926    1.3031      Ca B                1640.41A    -0.931    1.2871      Fe 6                5484.84A    -2.782    0.0182
FIR                 83.0000m    -0.412    4.2524      Ca B                1215.13A    -1.445    0.3942      Fe 6                5631.07A    -2.679    0.0230
TIR                 1800.00m    -3.057    0.0096      Ca B                1084.94A    -1.794    0.1764      Fe 6                5277.81A    -3.031    0.0102
NIRa                2.85000m     0.827   73.7378      Ca B                1025.27A    -2.059    0.0959      Fe 6                5424.22A    -2.700    0.0219
NIRb                3.00000m     0.493   34.1683      Ca B                992.358A    -2.273    0.0586      Fe 6                5676.95A    -2.640    0.0252
MIRa                15.0000m     0.354   24.8027      Ca B                972.106A    -2.453    0.0387      Fe 6                5426.64A    -2.970    0.0118
MIRb                22.5000m     0.433   29.7560      Ca B                958.693A    -2.610    0.0270      Fe 6                5234.28A    -3.503    0.0035
NMIR                21.7500m     0.827   73.7378      Ca B                949.323A    -2.748    0.0196      Fe 6                5370.29A    -3.590    0.0028
TFIR                611.250m    -2.447    0.0393      Ca B                942.507A    -2.871    0.0148      Fe 6                5145.75A    -2.331    0.0513
TALL                10000.0A     1.339  239.5087      Ca B                937.389A    -2.983    0.0114      Fe 6                4972.47A    -2.347    0.0494
F12                 12.0000m     0.005   11.1171      Ca B                933.444A    -3.086    0.0090      Fe 6                5176.04A    -2.386    0.0452
F25                 25.0000m    -0.337    5.0602      Ca B                930.337A    -3.181    0.0072      Fe 6                4967.14A    -2.757    0.0192
F60                 60.0000m    -0.558    3.0386      Ca B                927.846A    -3.269    0.0059      Fe 6                3813.54A    -3.389    0.0045
F100                100.000m    -0.971    1.1740      Ca B                925.816A    -3.351    0.0049      Fe 6                3889.40A    -3.187    0.0071
MIPS                24.0000m    -0.378    4.6021      Ca B                924.142A    -3.428    0.0041      Fe 6                1.28877m    -3.668    0.0024
MIPS                70.0000m    -2.126    0.0821      Ca B                922.743A    -3.501    0.0035      Fe 6                3662.50A    -3.152    0.0077
MIPS                160.000m    -3.021    0.0105      Ca B                921.562A    -3.570    0.0030      Fe 6                3573.86A    -4.032    0.0010
IRAC                3.60000m    -0.401    4.3623      Ca B                920.556A    -3.635    0.0025      Fe 6                3492.10A    -3.784    0.0018
IRAC                4.50000m    -0.370    4.6812      Ca B                919.693A    -3.697    0.0022      Fe 6                3555.60A    -3.475    0.0037
IRAC                5.80000m    -0.342    4.9951      Ca B                918.945A    -3.756    0.0019      Fe 6                1.23303m    -3.382    0.0046
IRAC                8.00000m    -0.186    7.1536      Ca B                918.295A    -3.812    0.0017      Fe 6                1.34929m    -3.187    0.0071
SPR1                250.000m    -3.280    0.0058      Ca B                917.724A    -3.866    0.0015      Fe 6                1.26742m    -3.558    0.0030
SPR2                350.000m    -3.397    0.0044      Ca B                4685.68A    -1.750    0.1952      Fe 8                5.44514m    -3.941    0.0013
SPR3                500.000m    -3.454    0.0039      Ca B                3203.08A    -2.136    0.0804      Mg 2                2802.71A    -1.647    0.2478
PAC1                70.0000m    -2.109    0.0854      Ca B                2733.28A    -2.422    0.0416      Mg 2                2795.53A    -1.351    0.4895
PAC2                100.000m    -0.970    1.1775      Ca B                2511.19A    -2.648    0.0247      Mg 4                4.48711m    -1.963    0.1196
PAC3                160.000m    -2.834    0.0161      Ca B                2385.39A    -2.836    0.0160      Mg 4                323.307A    -3.529    0.0032
PAH                 3.30000m    -1.261    0.6026      Ca B                2306.18A    -2.998    0.0110      Mg 4                171.655A    -4.000    0.0011
PAHC                3.23000m    -1.432    0.4066      Ca B                2252.67A    -3.140    0.0080      Mg 5                5.60700m    -2.047    0.0985
PAHC                3.37000m    -1.576    0.2916      Ca B                2214.65A    -3.266    0.0059      Mg 5                13.5464m    -3.122    0.0083
PAH                 6.20000m    -0.841    1.5843      Ca B                2186.59A    -3.381    0.0046      Mg 5                2782.76A    -2.945    0.0125
PAHC                5.65000m    -0.781    1.8185      Ca B                2165.23A    -3.486    0.0036      Mg 5                2928.09A    -3.510    0.0034
PAH                 7.90000m    -0.639    2.5198      Ca B                2148.58A    -3.582    0.0029      Mg 5                353.092A    -4.025    0.0010
PAHC                6.90000m    -0.588    2.8334      Ca B                2135.34A    -3.671    0.0023      Mg 5                355.329A    -3.809    0.0017
PAH                 11.3000m    -1.388    0.4492      Ca B                2124.61A    -3.755    0.0019      Mg 6                403.307A    -3.909    0.0014
PAHC                10.9000m    -1.322    0.5238      Ca B                2115.81A    -3.833    0.0016      Mg 6                400.662A    -3.971    0.0012
PAH                 11.8000m    -1.215    0.6693      Ca B                2108.49A    -3.906    0.0014      N  2                121.769m    -3.487    0.0036
PAHC                12.6500m    -1.331    0.5125      Ca B                2102.33A    -3.975    0.0012      N  2                6548.05A    -2.115    0.0843
PAH                 13.3000m    -1.366    0.4727      Ca B                1.01235m    -2.315    0.0531      N  2                6583.45A    -1.645    0.2485
PAHC                14.1000m    -1.289    0.5652      Ca B                6560.01A    -2.622    0.0262      N  2                5754.59A    -3.341    0.0050
Bcon                3640.00A     0.917   90.6630      Ca B                5411.45A    -2.865    0.0150      N  2                2139.01A    -3.655    0.0024
Pcon                5000.00A     0.637   47.5864      Ca B                4859.26A    -3.064    0.0095      N  2                2142.77A    -3.265    0.0060
O3bn                5007.00A     0.118   14.4260      Ca B                4541.54A    -3.233    0.0064      N  2                1085.70A    -3.680    0.0023
SX                  25.0000A    -0.628    2.5842      Ca B                4338.62A    -3.381    0.0046      N  2                1084.58A    -3.754    0.0019
HX                  4.70000A    -0.334    5.0945      Ca B                4199.78A    -3.511    0.0034      N  2                1085.55A    -3.749    0.0020
ROSA                12.3980A    -0.413    4.2408      Ca B                4099.99A    -3.629    0.0026      N  2                1083.99A    -3.752    0.0019
HFFc                      0     -0.781    1.8179      Ca B                4025.55A    -3.736    0.0020      N  2                1084.56A    -3.877    0.0015
H FF                      0     -0.837    1.5981      Ca B                3968.39A    -3.834    0.0016      N  2                915.612A    -3.736    0.0020
HeFF                      0     -1.718    0.2105      Ca B                3923.44A    -3.925    0.0013      N  2                916.020A    -3.919    0.0013
MeFB                      0     -2.459    0.0382      Ca B                3887.40A    -4.010    0.0011      N  2                916.710A    -3.877    0.0015
MeFF                      0     -3.104    0.0086      Ca B                1.86365m    -2.775    0.0185      N  2                916.012A    -3.845    0.0016
ToFF                      0     -0.781    1.8173      Ca B                1.16262m    -3.023    0.0104      N  2                916.701A    -3.625    0.0026
nFnu                6915.34m    -3.998    0.0011      Ca B                9344.80A    -3.232    0.0064      N  2                915.962A    -3.692    0.0022
nFnu                122.367m    -2.528    0.0326      Ca B                8236.67A    -3.408    0.0043      N  3                57.3238m    -1.591    0.2820
nInu                122.367m    -3.569    0.0030      Ca B                7592.65A    -3.561    0.0030      N  3                1748.65A    -3.315    0.0053
nFnu                60.8157m    -2.282    0.0573      Ca B                7177.41A    -3.696    0.0022      N  3                1753.99A    -3.299    0.0055
nInu                60.8157m    -2.510    0.0339      Ca B                6890.80A    -3.816    0.0017      N  3                1746.82A    -3.672    0.0023
nFnu                41.2039m    -2.138    0.0800      Ca B                6683.11A    -3.926    0.0013      N  3                1752.16A    -2.832    0.0162
nInu                41.2039m    -1.918    0.1328      Ca B                6527.01A    -4.026    0.0010      N  3                1749.67A    -2.734    0.0203
nFnu                30.8611m    -2.034    0.1016      Ca B                3.09080m    -3.166    0.0075      N  3                989.799A    -3.681    0.0023
nInu                30.8611m    -1.477    0.3663      Ca B                1.87431m    -3.369    0.0047      N  3                991.511A    -3.420    0.0042
nFnu                24.7761m    -1.955    0.1219      Ca B                1.47602m    -3.551    0.0031      N  3                991.577A    -3.486    0.0036
nInu                24.7761m    -1.143    0.7910      Ca B                1.28127m    -3.708    0.0022      N  3                763.334A    -3.901    0.0014
nFnu                24.2932m    -1.948    0.1239      Ca B                1.16730m    -3.847    0.0016      N  3                764.351A    -3.430    0.0041
nInu                24.2932m    -1.112    0.8483      Ca B                1.09334m    -3.970    0.0012      N  3                685.515A    -3.680    0.0023
nFnu                22.8240m    -1.925    0.1305      Ca B                4.76213m    -3.509    0.0034      N  3                686.336A    -3.378    0.0046
nInu                22.8240m    -1.021    1.0465      Ca B                2.82519m    -3.677    0.0023      N  3                684.998A    -3.864    0.0015
nFnu                21.4141m    -1.903    0.1373      Ca B                2.18848m    -3.836    0.0016      N  3                685.817A    -3.284    0.0057
nInu                21.4141m    -0.925    1.3062      Ca B                1.87570m    -3.977    0.0012      N  3                451.871A    -3.888    0.0014
nFnu                21.1177m    -1.898    0.1391      Ca B                6.94599m    -3.814    0.0017      N  3                452.227A    -3.409    0.0043
nInu                21.1177m    -0.899    1.3846      Ca B                4.04945m    -3.955    0.0012      Na 3                7.31570m    -2.953    0.0123
nFnu                19.6146m    -1.870    0.1482      He 2                607.571A    -0.448    3.9163      Na 3                380.100A    -3.849    0.0016
nInu                19.6146m    -0.788    1.7897      He 2                303.784A    -0.106    8.5978      Na 3                250.517A    -3.890    0.0014
nFnu                17.6486m    -1.832    0.1618      He 2                256.317A    -3.073    0.0093      Na 4                9.03096m    -3.118    0.0084
nInu                17.6486m    -0.631    2.5694      He 2                243.027A    -3.193    0.0070      Na 4                3241.50A    -3.723    0.0021
nFnu                17.3653m    -1.826    0.1640      He 2                237.331A    -3.252    0.0061      Na 5                463.270A    -3.975    0.0012
nInu                17.3653m    -0.606    2.7237      He 2                234.347A    -3.289    0.0056      Ne 4                2421.66A    -2.399    0.0439
nFnu                15.6859m    -1.791    0.1778      He 2                232.584A    -3.316    0.0053      Ne 4                2424.28A    -2.250    0.0617
nInu                15.6859m    -0.449    3.9103      He 2                231.454A    -3.332    0.0051      Ne 4                1601.45A    -3.932    0.0013
nFnu                14.5997m    -1.763    0.1894      He 2                230.686A    -3.359    0.0048      Ne 4                541.126A    -3.570    0.0030
nInu                14.5997m    -0.342    4.9956      He 2                230.139A    -3.377    0.0046      Ne 4                542.076A    -3.539    0.0032
nFnu                12.4266m    -1.701    0.2186      He 2                229.736A    -3.363    0.0048      Ne 4                543.886A    -3.521    0.0033
nInu                12.4266m    -0.094    8.8476      He 2                229.431A    -3.372    0.0047      Ne 4                208.903A    -3.839    0.0016
nFnu                11.3969m    -1.672    0.2337      He 2                229.194A    -3.384    0.0045      Ne 4                208.737A    -3.756    0.0019
nInu                11.3969m     0.038   11.9823      He 2                229.006A    -3.395    0.0044      Ne 6                7.65019m    -2.884    0.0144
nFnu                10.4572m    -1.637    0.2535      He 2                228.855A    -3.406    0.0043      Ni 2                1.19102m    -3.400    0.0044
nInu                10.4572m     0.169   16.2277      He 2                228.731A    -3.416    0.0042      Ni 2                6.63416m    -3.437    0.0040
nFnu                9.47744m    -1.605    0.2729      He 2                228.629A    -3.425    0.0041      Ni 2                1.07151m    -3.983    0.0011
nInu                9.47744m     0.237   18.9414      He 2                228.543A    -3.432    0.0041      Ni 2                10.6793m    -3.620    0.0026
nFnu                9.32234m    -1.599    0.2763      He 2                228.471A    -3.437    0.0040      Ni 2                7377.83A    -2.952    0.0123
nInu                9.32234m     0.237   18.9414      He 2                228.409A    -3.438    0.0040      Ni 2                1.93877m    -3.660    0.0024
nFnu                8.20812m    -1.549    0.3102      He 2                228.356A    -3.434    0.0040      O  4                25.8863m    -0.459    3.8167
nInu                8.20812m     0.237   18.9413      He 2                1640.41A    -0.960    1.2037      O  4                1399.78A    -3.842    0.0016
nFnu                7.57793m    -1.524    0.3290      He 2                1215.13A    -1.433    0.4056      O  4                1407.38A    -3.847    0.0016
nInu                7.57793m     0.237   18.9413      He 2                1084.94A    -1.770    0.1865      O  4                1404.81A    -3.419    0.0042
nFnu                7.04834m    -1.488    0.3572      He 2                1025.27A    -2.030    0.1026      O  4                1401.16A    -3.451    0.0039
nInu                7.04834m     0.237   18.9413      He 2                992.358A    -2.240    0.0631      O  4                787.710A    -3.785    0.0018
nFnu                4.11258m    -1.280    0.5764      He 2                972.106A    -2.418    0.0420      O  4                790.114A    -3.419    0.0042
nInu                4.11258m     0.237   18.9411      He 2                958.693A    -2.571    0.0295      O  4                790.201A    -3.583    0.0029
nFnu                2.32377m    -1.093    0.8870      He 2                949.323A    -2.705    0.0217      O  4                609.830A    -3.197    0.0070
nInu                2.32377m     0.237   18.9408      He 2                942.507A    -2.573    0.0294      O  4                554.076A    -3.723    0.0021
nFnu                1.64268m    -0.949    1.2366      He 2                937.389A    -2.668    0.0236      O  4                555.264A    -3.052    0.0097
nInu                1.64268m     0.237   18.9407      He 2                933.444A    -2.755    0.0193      O  4                554.514A    -3.063    0.0095
nFnu                1.47981m    -0.935    1.2767      He 2                930.337A    -2.835    0.0161      O  6                1037.61A    -3.799    0.0017
nInu                1.47981m     0.237   18.9406      He 2                927.846A    -2.909    0.0135      O  6                1031.91A    -3.725    0.0021
nFnu                1.43610m    -0.779    1.8268      He 2                925.816A    -2.978    0.0116      P  5                1117.98A    -3.993    0.0011
nInu                1.43610m     0.237   18.9406      He 2                924.142A    -3.041    0.0100      S  4                10.5076m    -0.543    3.1429
nFnu                1.11836m    -0.757    1.9207      He 2                922.743A    -3.100    0.0087      S  4                1416.89A    -3.694    0.0022
nInu                1.11836m     0.237   18.9403      He 2                921.562A    -3.153    0.0077      S  4                1406.02A    -3.654    0.0024
nFnu                8327.39A    -0.740    2.0010      He 2                920.556A    -3.200    0.0069      S  4                1073.52A    -3.910    0.0014
nInu                8327.39A     0.237   18.9402      He 2                919.693A    -3.239    0.0063      S  4                1072.97A    -3.982    0.0011
nFnu                8076.39A    -0.419    4.1892      He 2                4685.68A    -1.846    0.1565      S  4                815.941A    -3.591    0.0028
nInu                8076.39A     0.237   18.9401      He 2                3203.08A    -2.169    0.0745      S  4                753.760A    -3.392    0.0045
nFnu                6207.94A    -0.444    3.9526      He 2                2733.28A    -2.433    0.0406      S  4                750.221A    -3.379    0.0046
nInu                6207.94A     0.237   18.9401      He 2                2511.19A    -2.648    0.0247      S  4                657.319A    -3.962    0.0012
nFnu                4884.00A    -0.447    3.9222      He 2                2385.39A    -2.830    0.0162      S  4                661.455A    -3.253    0.0061
nInu                4884.00A     0.237   18.9400      He 2                2306.18A    -2.987    0.0113      S  4                661.396A    -3.799    0.0017
nFnu                3703.28A    -0.408    4.2963      He 2                2252.67A    -3.125    0.0082      S  4                554.027A    -3.552    0.0031
nInu                3703.28A     0.275   20.7039      He 2                2214.65A    -3.088    0.0090      S  6                944.523A    -3.867    0.0015
nFnu                3586.64A     0.250   19.5334      He 2                2186.59A    -3.182    0.0072      S  6                933.378A    -3.788    0.0018
nInu                3586.64A     0.282   21.0168      He 2                2165.23A    -3.269    0.0059      Si 6                1.96247m    -2.993    0.0112
nFnu                2429.31A     0.045   12.1702      He 2                2148.58A    -3.349    0.0049      Si 6                249.124A    -4.039    0.0010
nInu                2429.31A     0.366   25.5327      He 2                2135.34A    -3.423    0.0041      level 1 lines...................................
nFnu                2391.30A     0.041   12.0808      He 2                2124.61A    -3.492    0.0035      recombination...................................
nInu                2391.30A     0.370   25.7466      He 2                2115.81A    -3.555    0.0031      C  2                4267.00A    -3.799    0.0017
nFnu                2070.68A     0.048   12.2725      He 2                2108.49A    -3.614    0.0027      C  2                1761.00A    -3.848    0.0016
nInu                2070.68A     0.401   27.6609      He 2                2102.33A    -3.667    0.0024      C  2                1335.00A    -2.043    0.0995
nFnu                2052.02A     0.066   12.7951      He 2                2097.10A    -3.714    0.0021      C  3                4069.00A    -3.841    0.0016
nInu                2052.02A     0.403   27.7996      He 2                2092.63A    -3.753    0.0019      C  3                1923.00A    -3.178    0.0073
nFnu                1793.44A     0.129   14.7840      He 2                1.01235m    -2.462    0.0379      C  3                4649.00A    -3.862    0.0015
nInu                1793.44A     0.432   29.7175      He 2                6560.01A    -2.699    0.0219      C  3                2163.00A    -4.002    0.0011
nFnu                1585.12A     0.161   15.8988      He 2                5411.45A    -2.914    0.0134      C  4                2529.00A    -3.900    0.0014
nInu                1585.12A     0.460   31.6597      He 2                4859.26A    -3.099    0.0088      C  4                1549.00A    -3.128    0.0082
nFnu                1458.33A     0.165   16.0450      He 2                4541.54A    -3.258    0.0061      N  2                1742.00A    -3.794    0.0018
nInu                1458.33A     0.478   33.0074      He 2                4338.62A    -3.399    0.0044      N  3                1885.00A    -3.718    0.0021
nFnu                1356.96A     0.126   14.6833      He 2                4199.78A    -3.457    0.0038      O  2                4094.00A    -3.937    0.0013
nInu                1356.96A     0.493   34.1844      He 2                4099.99A    -3.551    0.0031      O  2                4075.00A    -3.579    0.0029
nFnu                1297.29A     0.026   11.6704      He 2                4025.55A    -3.638    0.0025      O  2                4111.00A    -3.888    0.0014
nInu                1297.29A     0.503   34.9922      He 2                3968.39A    -3.717    0.0021      O  2                4651.00A    -3.355    0.0049
nFnu                1262.79A    -0.124    8.2651      He 2                3923.44A    -3.791    0.0018      O  2                4341.00A    -3.631    0.0026
nInu                1262.79A     0.509   35.4623      He 2                3887.40A    -3.860    0.0015      O  3                3265.00A    -3.530    0.0032
nFnu                1218.08A    -0.864    1.5030      He 2                3858.03A    -3.923    0.0013      O  3                3762.00A    -3.798    0.0018
nInu                1218.08A     0.517   36.1189      He 2                3833.76A    -3.981    0.0011      O  4                1068.00A    -3.891    0.0014
nFnu                1196.33A    -0.853    1.5399      He 2                3813.45A    -4.034    0.0010      C  2                1167.50A    -3.709    0.0021
nInu                1196.33A     0.521   36.4211      He 2                1.86365m    -2.964    0.0119      C  2                1092.50A    -3.101    0.0087
nFnu                1175.06A    -0.842    1.5800      He 2                1.16262m    -3.142    0.0079      C  2                1036.80A    -2.712    0.0213
nInu                1175.06A     0.524   36.7261      He 2                9344.80A    -3.318    0.0053      C  2                946.100A    -2.772    0.0186
nFnu                1143.64A    -0.821    1.6599      He 2                8236.67A    -3.477    0.0037      C  2                799.800A    -1.887    0.1424
nInu                1143.64A     0.531   37.2815      He 2                7592.65A    -3.618    0.0026      C  3                2512.20A    -3.744    0.0020
nFnu                1113.22A    -0.801    1.7387      He 2                7177.41A    -3.746    0.0020      C  3                2296.90A    -2.695    0.0222
nInu                1113.22A     0.536   37.7822      He 2                6890.80A    -3.840    0.0016      C  3                2296.10A    -3.939    0.0013
nFnu                1103.23A    -0.795    1.7594      He 2                6683.11A    -3.925    0.0013      C  3                2200.40A    -3.769    0.0019
nInu                1103.23A     0.538   37.9084      He 2                6527.01A    -4.005    0.0011      C  3                2114.30A    -3.856    0.0015
nFnu                1073.86A    -0.774    1.8474      He 2                3.09080m    -3.392    0.0045      C  3                2017.40A    -3.541    0.0032
nInu                1073.86A     0.544   38.4124      He 2                1.87431m    -3.527    0.0033      C  3                1923.30A    -3.929    0.0013
nFnu                1064.34A    -0.766    1.8814      He 2                1.47602m    -3.674    0.0023      C  3                1828.00A    -2.734    0.0203
nInu                1064.34A     0.546   38.6050      He 2                1.28127m    -3.810    0.0017      C  3                1796.80A    -3.886    0.0014
nFnu                1035.92A    -0.745    1.9759      He 2                1.16730m    -3.985    0.0011      C  3                1701.60A    -4.038    0.0010
nInu                1035.92A     0.552   39.1232      He 2                4.76213m    -3.765    0.0019      C  3                1633.60A    -3.959    0.0012
nFnu                1000.00A    -0.716    2.1140      He 2                2.82519m    -3.869    0.0015      C  3                1577.10A    -2.675    0.0232
nInu                1000.00A     0.560   39.8455      He 2                2.18848m    -3.992    0.0011      C  3                1548.90A    -3.838    0.0016
nFnu                925.144A    -0.656    2.4269      He-like iso-sequence............................      C  3                1491.20A    -3.715    0.0021
nInu                925.144A     0.576   41.4037      He 1                1202.81A    -0.953    1.2232      C  3                1478.10A    -3.712    0.0021
nFnu                496.874A    -3.921    0.0013      He 1                591.412A    -3.144    0.0079      C  3                1296.30A    -3.822    0.0017
RRC.............................................      Blnd                591.412A    -3.142    0.0079      C  3                1247.40A    -3.186    0.0072
H  1                911.753A     0.191   17.0386      He 1                584.334A    -1.874    0.1469      C  3                1175.70A    -2.516    0.0335
H  1                3645.98A    -0.920    1.3213      He 1                537.030A    -2.943    0.0125      C  3                977.000A    -2.179    0.0728
H  1                3645.98A    -0.579    2.8958      He 1                522.213A    -3.086    0.0090      C  3                574.300A    -3.262    0.0060
H  1                8203.57A    -1.651    0.2456      He 1                515.617A    -3.166    0.0075      C  3                538.200A    -3.261    0.0060
H  1                8203.57A    -1.263    0.6000      He 1                512.099A    -3.226    0.0065      C  3                511.500A    -3.232    0.0064
H  1                8203.57A    -1.373    0.4649      He 1                625.563A    -0.544    3.1416      C  3                493.500A    -2.941    0.0126
H  1                1.45842m    -2.134    0.0807      He 1                510.018A    -3.340    0.0050      C  3                492.600A    -3.084    0.0091
H  1                1.45842m    -1.739    0.2002      He 1                508.657A    -3.352    0.0049      C  3                483.700A    -3.102    0.0087
H  1                1.45842m    -1.744    0.1981      He 1                507.727A    -3.398    0.0044      C  3                476.000A    -2.941    0.0126
H  1                1.45842m    -2.093    0.0887      He 1                507.065A    -3.377    0.0046      C  3                459.600A    -2.050    0.0978
H  1                2.27878m    -2.488    0.0357      He 1                506.576A    -3.391    0.0045      C  3                450.700A    -3.223    0.0066
H  1                2.27878m    -2.094    0.0884      He 1                506.204A    -3.408    0.0043      C  3                433.300A    -3.266    0.0060
H  1                2.27878m    -2.067    0.0941      He 1                505.916A    -3.426    0.0041      C  3                411.700A    -2.072    0.0931
H  1                2.27878m    -2.270    0.0589      He 1                505.687A    -3.446    0.0039      C  3                398.400A    -2.256    0.0610
H  1                2.27878m    -2.773    0.0185      He 1                505.502A    -3.466    0.0038      C  3                371.700A    -2.928    0.0130
H  1                3.28145m    -2.766    0.0188      He 1                505.352A    -3.487    0.0036      N  2                1085.10A    -3.155    0.0077
H  1                3.28145m    -2.374    0.0464      He 1                505.227A    -3.508    0.0034      N  2                916.300A    -3.570    0.0030
H  1                3.28145m    -2.335    0.0508      He 1                505.122A    -3.530    0.0032      N  2                646.400A    -3.216    0.0067
H  1                3.28145m    -2.485    0.0360      He 1                505.033A    -3.551    0.0031      N  3                2188.10A    -3.877    0.0015
H  1                3.28145m    -2.814    0.0168      He 1                504.958A    -3.636    0.0025      N  3                2064.30A    -3.454    0.0039
H  1                3.28145m    -3.418    0.0042      He 1                504.893A    -3.635    0.0025      N  3                1498.30A    -3.928    0.0013
H  1                4.46642m    -2.994    0.0111      He 1                504.836A    -3.616    0.0027      N  3                991.000A    -2.254    0.0613
H  1                4.46642m    -2.604    0.0274      He 1                504.787A    -3.675    0.0023      N  3                782.900A    -3.225    0.0065
H  1                4.46642m    -2.559    0.0303      He 1                504.744A    -3.635    0.0025      N  3                764.000A    -2.788    0.0179
H  1                4.46642m    -2.684    0.0227      He 1                504.706A    -3.571    0.0029      N  3                685.700A    -3.036    0.0101
H  1                4.46642m    -2.944    0.0125      He 1                504.672A    -2.787    0.0180      N  3                472.300A    -3.330    0.0051
H  1                4.46642m    -3.356    0.0048      He 1                1.08291m    -2.675    0.0232      N  3                418.800A    -2.755    0.0193
H  1                4.46642m    -4.029    0.0010      He 1                1.08302m    -2.134    0.0808      N  3                411.300A    -3.311    0.0054
H  1                5.83369m    -3.187    0.0071      He 1                1.08303m    -1.836    0.1603      N  3                391.300A    -3.156    0.0077
H  1                5.83369m    -2.798    0.0175      Blnd                1.08302m    -1.619    0.2643      N  3                387.400A    -2.683    0.0228
H  1                5.83369m    -2.752    0.0195      He 1                3888.64A    -2.298    0.0554      N  3                374.400A    -2.847    0.0156
H  1                5.83369m    -2.863    0.0151      He 1                3187.74A    -2.616    0.0266      N  3                348.700A    -2.093    0.0886
H  1                5.83369m    -3.087    0.0090      He 1                2945.10A    -2.888    0.0142      N  3                340.200A    -2.432    0.0406
H  1                5.83369m    -3.416    0.0042      He 1                2829.08A    -3.120    0.0083      N  3                323.300A    -3.079    0.0092
H  1                5.83369m    -3.883    0.0014      He 1                2760.44A    -3.756    0.0019      N  3                311.600A    -3.270    0.0059
H  1                7.38326m    -3.354    0.0049      He 1                2721.00A    -3.885    0.0014      N  4                765.100A    -3.812    0.0017
H  1                7.38326m    -2.966    0.0119      He 1                2694.61A    -4.005    0.0011      N  4                283.500A    -3.707    0.0022
H  1                7.38326m    -2.919    0.0132      He 1                2.05813m    -2.994    0.0111      N  4                239.600A    -3.963    0.0012
H  1                7.38326m    -3.023    0.0104      He 1                5015.68A    -2.753    0.0194      N  4                225.300A    -3.646    0.0025
H  1                7.38326m    -3.227    0.0065      He 1                3964.73A    -3.147    0.0078      O  2                386.300A    -2.312    0.0536
H  1                7.38326m    -3.511    0.0034      He 1                3613.64A    -3.460    0.0038      O  2                385.700A    -2.488    0.0357
H  1                7.38326m    -3.884    0.0014      He 1                3447.59A    -3.722    0.0021      O  3                1947.20A    -3.829    0.0016
H  1                9.11514m    -3.501    0.0035      He 1                7065.71A    -3.382    0.0046      O  3                834.500A    -2.128    0.0817
H  1                9.11514m    -3.115    0.0084      He 1                7065.21A    -2.905    0.0137      O  3                703.400A    -2.478    0.0366
H  1                9.11514m    -3.067    0.0094      He 1                7065.18A    -2.683    0.0228      O  3                599.600A    -2.993    0.0112
H  1                9.11514m    -3.167    0.0075      Blnd                7065.25A    -2.428    0.0410      O  3                541.600A    -2.903    0.0137
H  1                9.11514m    -3.358    0.0048      He 1                5875.98A    -3.049    0.0098      O  3                374.100A    -2.590    0.0282
H  1                9.11514m    -3.615    0.0027      He 1                5875.64A    -2.572    0.0294      O  3                320.700A    -2.591    0.0282
H  1                9.11514m    -3.936    0.0013      He 1                5875.61A    -2.350    0.0491      O  3                300.500A    -1.953    0.1223
H  1                11.0293m    -2.581    0.0288      Blnd                5875.66A    -2.095    0.0883      O  3                299.300A    -2.363    0.0476
H  1                13.1258m    -2.694    0.0222      He 1                4713.16A    -3.873    0.0015      O  4                1341.80A    -3.813    0.0017
H  1                15.4046m    -2.797    0.0175      He 1                4713.14A    -3.651    0.0025      O  4                1289.40A    -3.956    0.0012
H  1                17.8657m    -2.893    0.0141      Blnd                4713.17A    -3.395    0.0044      O  4                922.700A    -3.890    0.0014
H  1                20.5091m    -2.982    0.0114      He 1                4471.69A    -3.471    0.0037      O  4                844.400A    -3.542    0.0032
H  1                23.3348m    -3.066    0.0094      He 1                4471.49A    -2.994    0.0111      O  4                789.400A    -2.261    0.0602
H  1                26.3428m    -3.145    0.0079      He 1                4471.47A    -2.772    0.0186      O  4                779.900A    -2.841    0.0158
H  1                29.5331m    -3.219    0.0066      Blnd                4471.50A    -2.517    0.0334      O  4                713.000A    -3.891    0.0014
H  1                32.9057m    -3.289    0.0056      Blnd                4120.84A    -3.874    0.0015      O  4                703.900A    -3.977    0.0012
H  1                36.4606m    -3.355    0.0048      He 1                4026.36A    -3.791    0.0018      O  4                636.500A    -3.939    0.0013
H  1                40.1978m    -3.419    0.0042      He 1                4026.20A    -3.313    0.0053      O  4                617.000A    -3.376    0.0046
H  1                44.1173m    -3.479    0.0036      He 1                4026.19A    -3.092    0.0089      O  4                609.400A    -3.216    0.0067
H  1                48.2191m    -3.537    0.0032      Blnd                4026.21A    -2.836    0.0160      O  4                554.400A    -2.807    0.0171
H  1                52.5033m    -3.592    0.0028      He 1                3819.61A    -3.573    0.0029      O  4                487.000A    -4.016    0.0011
H  1                56.9697m    -2.425    0.0413      He 1                3819.60A    -3.351    0.0049      O  4                379.800A    -3.638    0.0025
He 2                227.838A    -0.367    4.7152      Blnd                3819.62A    -3.096    0.0088      O  4                306.700A    -3.880    0.0014
He 2                911.351A    -1.704    0.2172      He 1                3704.90A    -3.993    0.0011      O  4                289.900A    -3.964    0.0012
He 2                911.351A    -1.293    0.5590      He 1                3704.76A    -3.516    0.0033      O  4                288.500A    -3.388    0.0045
He 2                2049.91A    -2.354    0.0487      He 1                3704.75A    -3.294    0.0056      O  4                285.800A    -3.608    0.0027
He 2                2049.91A    -1.890    0.1415      Blnd                3704.77A    -3.039    0.0100      O  4                279.800A    -3.895    0.0014
He 2                2049.91A    -1.885    0.1431      He 1                3634.08A    -3.682    0.0023      O  4                276.100A    -3.559    0.0030
He 2                3644.44A    -2.893    0.0140      He 1                3634.07A    -3.460    0.0038      O  4                273.500A    -3.626    0.0026
He 2                3644.44A    -2.420    0.0417      Blnd                3634.09A    -3.204    0.0069      O  4                267.000A    -3.479    0.0036
He 2                3644.44A    -2.301    0.0549      He 1                3587.16A    -3.826    0.0016      O  4                265.500A    -2.496    0.0351
He 2                3644.44A    -2.518    0.0334      He 1                3587.15A    -3.605    0.0027      O  4                260.500A    -2.829    0.0163
He 2                5694.49A    -3.296    0.0056      Blnd                3587.17A    -3.349    0.0049      O  4                258.600A    -3.478    0.0037
He 2                5694.49A    -2.822    0.0166      He 1                3554.34A    -3.956    0.0012      O  4                252.500A    -3.479    0.0036
He 2                5694.49A    -2.666    0.0237      He 1                3554.33A    -3.734    0.0020      O  4                250.300A    -3.487    0.0036
He 2                5694.49A    -2.729    0.0205      Blnd                3554.35A    -3.479    0.0036      O  4                238.500A    -3.385    0.0045
He 2                5694.49A    -3.105    0.0086      He 1                3530.43A    -3.853    0.0015      O  4                224.100A    -2.851    0.0155
He 2                8200.12A    -3.614    0.0027      Blnd                3530.44A    -3.597    0.0028      O  4                216.200A    -3.595    0.0028
He 2                8200.12A    -3.140    0.0080      He 1                3512.46A    -3.960    0.0012      O  4                213.000A    -3.208    0.0068
He 2                8200.12A    -2.969    0.0118      Blnd                3512.48A    -3.704    0.0022      O  4                211.300A    -3.228    0.0065
He 2                8200.12A    -2.973    0.0117      Blnd                3498.62A    -3.803    0.0017      O  4                207.200A    -3.144    0.0079
He 2                8200.12A    -3.170    0.0074      Blnd                3487.70A    -3.894    0.0014      O  4                203.000A    -3.529    0.0033
He 2                8200.12A    -3.667    0.0024      Blnd                3478.95A    -3.979    0.0012      O  4                200.800A    -2.173    0.0738
He 2                1.11613m    -3.873    0.0015      He 1                3439.98A    -3.891    0.0014      O  4                196.400A    -2.545    0.0313
He 2                1.11613m    -3.401    0.0044      Blnd                3440.00A    -3.636    0.0025      O  4                188.200A    -3.566    0.0030
He 2                1.11613m    -3.224    0.0066      He 1                7281.35A    -3.328    0.0052      O  4                182.800A    -3.377    0.0046
He 2                1.11613m    -3.199    0.0070      He 1                6678.15A    -2.666    0.0237      O  4                171.100A    -3.565    0.0030
He 2                1.11613m    -3.320    0.0053      He 1                5047.74A    -3.908    0.0014      O  4                158.600A    -2.530    0.0324
He 2                1.11613m    -3.621    0.0026      He 1                4921.93A    -3.094    0.0088      level2 lines....................................
He 2                1.45781m    -3.621    0.0026      He 1                4387.93A    -3.413    0.0042      C  2                596.559A    -3.664    0.0024
He 2                1.45781m    -3.440    0.0040      He 1                4143.76A    -3.670    0.0024      C  2                561.959A    -3.706    0.0022
He 2                1.45781m    -3.400    0.0044      He 1                4009.05A    -3.676    0.0023      C  2                530.721A    -3.726    0.0021
He 2                1.45781m    -3.483    0.0036      He 1                3926.41A    -3.843    0.0016      C  2                544.909A    -3.741    0.0020
He 2                1.45781m    -3.695    0.0022      He 1                3871.69A    -3.990    0.0011      C  2                535.300A    -3.752    0.0019
He 2                1.84504m    -3.810    0.0017      He 1                4.29471m    -3.450    0.0039      C  2                550.361A    -3.823    0.0017
He 2                1.84504m    -3.628    0.0026      He 1                1.25275m    -3.707    0.0022      C  2                467.460A    -3.886    0.0014
He 2                1.84504m    -3.579    0.0029      He 1                9463.58A    -3.920    0.0013      C  2                424.791A    -3.987    0.0011
He 2                1.84504m    -3.639    0.0025      He 1                1.70025m    -3.667    0.0024      C  3                271.090A    -3.535    0.0032
He 2                1.84504m    -3.803    0.0017      He 1                1.19691m    -3.833    0.0016      C  3                268.600A    -3.555    0.0031
He 2                2.27783m    -3.975    0.0012      He 1                1.03113m    -4.036    0.0010      C  3                266.880A    -3.574    0.0029
He 2                2.27783m    -3.793    0.0018      He 1                9515.00A    -3.926    0.0013      C  3                288.500A    -3.579    0.0029
He 2                2.27783m    -3.739    0.0020      He 1                1.95431m    -3.941    0.0013      C  4                223.140A    -3.538    0.0032
He 2                2.27783m    -3.784    0.0018      He 1                1.86854m    -3.060    0.0096      C  4                212.750A    -3.701    0.0022
He 2                2.27783m    -3.919    0.0013      He 1                1.27849m    -3.391    0.0045      C  4                206.950A    -3.794    0.0018
He 2                2.75620m    -3.175    0.0073      He 1                1.09130m    -3.658    0.0024      C  4                203.370A    -3.878    0.0015
He 2                3.28011m    -3.287    0.0057      He 1                1.00275m    -3.855    0.0015      C  4                200.980A    -3.945    0.0012
He 2                3.84958m    -3.390    0.0045      He 1                9526.01A    -4.030    0.0010      C  4                199.320A    -4.017    0.0011
He 2                4.46460m    -3.485    0.0036      He 1                1.86972m    -3.541    0.0032      N  1                942.258A    -3.834    0.0016
He 2                5.12518m    -3.574    0.0029      He 1                1.27905m    -3.870    0.0015      N  2                532.161A    -3.758    0.0019
He 2                5.83131m    -3.658    0.0024      He 1                4.04791m    -3.782    0.0018      N  2                634.441A    -3.863    0.0015
He 2                6.58301m    -3.736    0.0020      Ca B                2945.10A    -2.849    0.0156      N  2                475.141A    -3.833    0.0016
He 2                7.38026m    -3.810    0.0017      Ca B                3187.74A    -2.527    0.0327      N  2                528.139A    -3.895    0.0014
He 2                8.22307m    -3.880    0.0014      Ca B                3613.64A    -3.437    0.0040      N  2                452.970A    -3.955    0.0012
He 2                9.11143m    -3.946    0.0012      Ca B                3888.64A    -2.120    0.0833      N  2                441.950A    -4.011    0.0011
He 2                10.0454m    -4.009    0.0011      Ca B                3964.73A    -3.129    0.0082      N  2                474.291A    -4.004    0.0011
He 2                14.2366m    -2.973    0.0117      Ca B                4026.20A    -2.826    0.0164      N  3                293.510A    -3.539    0.0032
He 1                504.259A    -0.682    2.2840      Ca B                4120.82A    -3.862    0.0015      N  3                283.090A    -3.574    0.0029
He 1                2599.69A    -2.127    0.0820      Ca B                4387.93A    -3.399    0.0044      N  3                264.550A    -3.589    0.0028
He 1                3120.85A    -2.640    0.0252      Ca B                4471.49A    -2.502    0.0346      N  3                277.180A    -3.600    0.0028
He 1                3421.00A    -2.636    0.0254      Ca B                4713.16A    -3.440    0.0040      N  3                312.110A    -3.600    0.0028
He 1                3420.88A    -2.159    0.0762      Ca B                4921.93A    -3.069    0.0094      N  3                273.490A    -3.625    0.0026
He 1                3420.88A    -1.937    0.1270      Ca B                5015.68A    -2.727    0.0206      N  3                267.450A    -3.643    0.0025
He 1                3678.70A    -2.358    0.0481      Ca B                5047.74A    -3.871    0.0015      N  3                248.910A    -3.670    0.0023
He 1                6632.16A    -3.027    0.0103      Ca B                5875.64A    -2.052    0.0975      N  3                271.020A    -3.649    0.0025
He 1                7435.20A    -3.451    0.0039      Ca B                6678.15A    -2.599    0.0276      N  3                305.650A    -3.657    0.0024
He 1                7843.40A    -2.410    0.0428      Ca B                7065.21A    -2.714    0.0212      N  3                269.290A    -3.670    0.0023
He 1                8188.35A    -2.640    0.0251      Ca B                7281.35A    -3.292    0.0056      N  3                300.710A    -3.676    0.0023
He 1                8190.64A    -3.130    0.0081      Ca B                1.08302m    -1.455    0.3849      N  3                238.620A    -3.778    0.0018
He 1                8261.30A    -3.024    0.0104      Ca B                1.19691m    -3.822    0.0017      N  3                234.300A    -3.801    0.0017
He 1                1.24770m    -3.574    0.0029      Ca B                1.25275m    -4.021    0.0010      N  3                286.900A    -3.774    0.0018
He 1                1.35640m    -3.965    0.0012      Ca B                1.27849m    -3.322    0.0052      N  3                231.470A    -3.871    0.0015
He 1                1.40933m    -2.906    0.0137      Ca B                1.27905m    -3.793    0.0018      N  3                279.440A    -3.837    0.0016
He 1                1.45602m    -3.008    0.0108      Ca B                1.70025m    -3.652    0.0024      N  3                229.580A    -3.932    0.0013
He 1                1.45643m    -3.501    0.0035      Ca B                1.86854m    -2.951    0.0123      N  3                274.950A    -3.894    0.0014
He 1                1.45759m    -3.373    0.0047      Ca B                1.86972m    -3.414    0.0042      N  3                272.030A    -3.938    0.0013
He 1                1.45759m    -3.850    0.0016      Ca B                2.05813m    -2.613    0.0268      N  3                270.020A    -3.968    0.0012
He 1                1.46631m    -3.493    0.0035      Pho+                3889.00A    -1.539    0.3177      N  4                197.610A    -3.680    0.0023
He 1                2.01409m    -3.961    0.0012      extra Lyman.....................................      N  4                182.190A    -3.859    0.0015
He 1                2.21671m    -3.270    0.0059      database lines..................................      N  4                175.020A    -3.964    0.0012
He 1                2.27546m    -3.331    0.0051      Al 3                1862.79A    -3.161    0.0076      O  1                976.791A    -3.696    0.0022
He 1                2.27605m    -3.824    0.0016      Al 3                1854.72A    -2.905    0.0137      O  1                969.049A    -3.695    0.0022
He 1                2.27752m    -3.551    0.0031      Al 6                3.65932m    -3.007    0.0108      O  1                946.387A    -3.741    0.0020
He 1                2.27752m    -4.028    0.0010      Ar 2                6.98337m    -3.582    0.0029      O  1                934.501A    -3.778    0.0018
He 1                2.28865m    -3.844    0.0016      Ar 3                3109.18A    -3.463    0.0038      O  1                973.577A    -3.793    0.0018
He 1                3.20639m    -3.554    0.0031      Ar 3                5191.82A    -3.798    0.0017      O  1                927.472A    -3.812    0.0017
He 1                3.27716m    -3.597    0.0028      Ar 3                7135.79A    -1.821    0.1658      O  1                948.506A    -3.854    0.0015
He 1                3.27969m    -3.765    0.0019      Ar 3                7751.11A    -2.446    0.0394      O  1                922.969A    -3.851    0.0015
He 1                4.46460m    -3.158    0.0076      Ar 3                8.98898m    -1.930    0.1290      O  1                919.912A    -3.889    0.0014
He 1                5.83132m    -3.329    0.0051      Ar 3                21.8253m    -3.100    0.0087      O  1                935.672A    -3.917    0.0013
He 1                7.38026m    -3.481    0.0036      Ar 4                843.770A    -4.010    0.0011      O  1                917.726A    -3.929    0.0013
He 1                9.11143m    -3.616    0.0027      Ar 4                850.605A    -3.965    0.0012      O  1                918.704A    -3.962    0.0012
He 1                11.0248m    -3.739    0.0020      Ar 4                2853.66A    -3.249    0.0062      O  1                928.186A    -3.985    0.0011
He 1                13.1205m    -3.852    0.0015      Ar 4                2868.22A    -3.594    0.0028      O  1                917.473A    -4.007    0.0011
He 1                15.3983m    -3.955    0.0012      Ar 4                4711.26A    -2.285    0.0570      O  2                425.190A    -3.570    0.0030
He 1                61.5933m    -3.617    0.0027      Ar 4                4740.12A    -2.429    0.0409      O  2                388.410A    -3.620    0.0026
C  2                508.483A    -2.826    0.0164      Ar 5                6435.12A    -3.733    0.0020      O  2                373.600A    -3.659    0.0024
C  3                258.906A    -3.250    0.0062      Ar 5                7005.83A    -3.402    0.0044      O  2                361.821A    -3.672    0.0023
C  4                192.243A    -3.562    0.0030      Ar 5                7.89971m    -2.765    0.0189      O  2                366.060A    -3.684    0.0023
N  2                418.848A    -3.604    0.0027      Ar 5                13.0985m    -2.549    0.0310      O  2                360.570A    -3.742    0.0020
N  3                261.320A    -3.080    0.0091      Ar 6                4.52800m    -3.351    0.0049      O  2                414.619A    -3.828    0.0016
O  2                353.019A    -1.374    0.4648      C  2                687.053A    -3.740    0.0020      O  2                358.780A    -3.846    0.0016
O  3                225.690A    -2.813    0.0169      C  2                687.352A    -3.968    0.0012      O  2                356.930A    -3.848    0.0016
O  4                160.158A    -3.389    0.0045      C  2                858.092A    -3.910    0.0014      O  2                355.610A    -3.880    0.0014
Ne 2                302.674A    -2.699    0.0220      C  2                858.559A    -3.775    0.0018      O  2                384.420A    -4.025    0.0010
Ne 3                195.487A    -3.015    0.0106      C  2                903.623A    -3.550    0.0031      O  3                305.400A    -2.807    0.0171
S  2                531.257A    -3.938    0.0013      C  2                903.962A    -3.515    0.0034      O  3                268.070A    -3.268    0.0059
Fe 3                404.498A    -3.526    0.0033      C  2                904.142A    -3.440    0.0040      O  3                263.850A    -3.300    0.0055
Fe 4                225.785A    -2.768    0.0187      C  2                904.480A    -3.523    0.0033      O  3                373.640A    -3.352    0.0049
Fe 5                165.317A    -3.980    0.0012      C  2                1036.34A    -3.535    0.0032      O  3                265.020A    -3.328    0.0052
grains..........................................      C  2                1037.02A    -3.463    0.0038      O  3                248.730A    -3.433    0.0041
H-like iso-sequence.............................      C  2                1334.53A    -3.437    0.0040      O  3                241.200A    -3.491    0.0035
H  1 Cool           1215.67A    -1.085    0.9037      C  2                1335.66A    -3.431    0.0041      O  3                248.620A    -3.515    0.0034
Crst                960.000A    -1.252    0.6150      C  2                1335.71A    -3.180    0.0073      O  3                236.890A    -3.527    0.0033
LA X                1215.67A    -3.793    0.0018      C  2                2323.50A    -3.352    0.0049      O  3                234.190A    -3.548    0.0031
CION                      0     -3.051    0.0098      C  2                2324.69A    -3.130    0.0081      O  3                276.900A    -3.516    0.0033
Ca B                1215.67A     0.492   34.1263      C  2                2325.40A    -2.333    0.0510      O  3                241.140A    -3.547    0.0031
Q(H)                4861.32A    -1.069    0.9368      C  2                2326.93A    -2.570    0.0296      O  3                280.450A    -3.547    0.0031
Q(H)                1215.67A     0.468   32.2590      C  2                2328.12A    -3.077    0.0092      O  3                263.230A    -3.549    0.0031
CaBo                4861.32A    -1.044    0.9935      C  2                157.636m    -3.487    0.0036      O  3                232.380A    -3.562    0.0030
CaBo                1640.00A    -0.934    1.2776      C  3                1908.73A    -1.460    0.3805      O  3                236.860A    -3.574    0.0029
CaBo                4685.64A    -1.764    0.1892      C  3                1906.68A    -1.286    0.5686      O  3                231.110A    -3.576    0.0029
Ca A                1215.67A     0.314   22.6485      C  3                977.020A    -2.417    0.0421      O  3                255.390A    -3.579    0.0029
Ca A                1025.72A    -0.343    4.9840      C  3                386.203A    -3.720    0.0021      O  3                232.350A    -3.587    0.0028
Ca A                972.537A    -0.753    1.9392      C  3                2296.87A    -4.033    0.0010      O  3                234.180A    -3.595    0.0028
Ca A                949.743A    -1.057    0.9640      C  3                884.524A    -3.658    0.0024      O  3                230.150A    -3.678    0.0023
Ca A                937.803A    -1.299    0.5516      Ca 3                409.953A    -3.975    0.0012      O  3                231.100A    -3.618    0.0026
Ca A                930.748A    -1.502    0.3461      Ca 4                669.696A    -3.743    0.0020      O  3                244.650A    -3.618    0.0026
Ca A                926.226A    -1.676    0.2318      Ca 4                3.20610m    -2.044    0.0993      O  3                238.930A    -3.648    0.0025
Ca A                923.150A    -1.828    0.1631      Cr 5                594.921A    -3.615    0.0027      O  3                233.340A    -3.658    0.0024
Ca A                920.963A    -1.965    0.1191      Fe 2                25.9813m    -2.543    0.0314      O  3                235.520A    -3.672    0.0023
Ca A                919.351A    -2.088    0.0898      Fe 2                5.33871m    -2.068    0.0938      O  3                232.490A    -3.734    0.0020
Ca A                918.129A    -2.199    0.0694      Fe 2                1.25668m    -3.241    0.0063      O  3                235.000A    -3.757    0.0019
Ca A                917.181A    -2.302    0.0548      Fe 2                4287.39A    -3.176    0.0073      O  4                239.130A    -2.949    0.0123
Ca A                916.429A    -2.396    0.0442      Fe 2                2599.40A    -3.823    0.0017      O  4                207.610A    -3.511    0.0034
Ca A                915.824A    -2.482    0.0362      Fe 2                2382.04A    -2.758    0.0192      O  4                196.560A    -3.568    0.0030
Ca A                915.329A    -2.562    0.0301      Fe 2                35.3391m    -3.191    0.0071      O  4                214.760A    -3.504    0.0034
Ca A                914.919A    -2.635    0.0254      Fe 2                6.71944m    -3.208    0.0068      O  4                181.780A    -3.688    0.0023
Ca A                914.576A    -2.702    0.0218      Fe 2                4.88781m    -3.862    0.0015      O  4                280.550A    -3.453    0.0039
Ca A                914.286A    -2.764    0.0189      Fe 2                1.32055m    -3.738    0.0020      O  4                174.710A    -3.757    0.0019
Ca A                914.039A    -2.821    0.0166      Fe 2                7637.52A    -3.852    0.0015      O  4                203.010A    -3.638    0.0025
Ca A                913.826A    -2.873    0.0147      Fe 2                4889.62A    -3.958    0.0012      O  4                174.310A    -3.778    0.0018
Ca A                913.641A    -2.921    0.0132      Fe 2                4359.33A    -3.307    0.0054      O  4                182.700A    -3.753    0.0019
Ca A                913.480A    -2.965    0.0119      Fe 2                2625.67A    -2.411    0.0427      O  4                181.770A    -3.760    0.0019
Ca A                913.339A    -3.005    0.0108      Fe 2                2611.87A    -3.246    0.0062      O  4                170.710A    -3.844    0.0016
Ca A                6562.80A    -0.775    1.8442      Fe 2                2395.63A    -3.237    0.0064      O  4                159.680A    -3.914    0.0013
Ca A                4861.32A    -1.221    0.6598      Fe 2                2388.63A    -3.949    0.0012      O  4                168.240A    -3.888    0.0014
Ca A                4340.46A    -1.545    0.3133      Fe 2                2364.83A    -3.622    0.0026      O  4                152.360A    -3.977    0.0012
Ca A                4101.73A    -1.798    0.1749      Fe 2                51.2868m    -3.759    0.0019      O  4                180.320A    -3.856    0.0015
Ca A                3970.07A    -2.007    0.1082      Fe 2                1.37181m    -3.981    0.0011      O  4                186.020A    -3.852    0.0015
Ca A                3889.05A    -2.185    0.0718      Fe 2                7686.93A    -3.980    0.0012      O  4                166.570A    -3.951    0.0012
Ca A                3835.38A    -2.340    0.0502      Fe 2                4413.78A    -3.459    0.0038      O  4                165.420A    -3.970    0.0012
Ca A                3797.90A    -2.478    0.0365      Fe 2                2631.32A    -3.087    0.0090      O  4                169.860A    -4.009    0.0011
Ca A                3770.63A    -2.603    0.0274      Fe 2                2617.62A    -4.036    0.0010      O  4                168.250A    -4.029    0.0010
Ca A                3750.15A    -2.716    0.0211      Fe 2                2607.09A    -3.940    0.0013      O  4                206.560A    -3.888    0.0014
Ca A                3734.37A    -2.820    0.0166      Fe 2                2404.89A    -3.730    0.0020      O  5                135.810A    -4.017    0.0011
Ca A                3721.94A    -2.916    0.0133      Fe 2                2380.76A    -3.177    0.0073      O  5                139.140A    -4.019    0.0011
Ca A                3711.97A    -3.005    0.0109      Fe 2                4452.10A    -3.651    0.0025      Ne 2                444.150A    -3.835    0.0016
Ca A                3703.85A    -3.089    0.0090      Fe 2                2631.05A    -3.976    0.0012      Ne 2                356.870A    -3.808    0.0017
Ca A                3697.15A    -3.167    0.0075      Fe 2                4474.90A    -3.963    0.0012      Ne 2                461.050A    -3.940    0.0013
Ca A                3691.55A    -3.241    0.0063      Fe 2                17.9311m    -2.824    0.0165      Ne 2                404.130A    -3.889    0.0014
Ca A                3686.83A    -3.311    0.0054      Fe 2                1.64355m    -2.064    0.0949      Ne 2                327.700A    -3.930    0.0013
Ca A                3682.81A    -3.377    0.0046      Fe 2                1.53348m    -3.011    0.0107      Ne 2                331.200A    -3.929    0.0013
Ca A                3679.35A    -3.439    0.0040      Fe 2                8616.95A    -3.263    0.0060      Ne 2                327.139A    -3.945    0.0012
Ca A                3676.36A    -3.498    0.0035      Fe 2                7155.17A    -2.981    0.0115      Ne 2                355.969A    -3.943    0.0013
Ca A                3673.76A    -3.553    0.0031      Fe 2                5273.36A    -3.472    0.0037      Ne 2                320.500A    -4.003    0.0011
Ca A                3671.48A    -3.605    0.0027      Fe 2                5158.79A    -2.838    0.0160      Ne 2                327.160A    -4.032    0.0010
Ca A                1.87510m    -1.573    0.2936      Fe 2                5111.64A    -3.769    0.0019      Ne 3                250.920A    -3.435    0.0040
Ca A                1.28181m    -1.895    0.1399      Fe 2                5072.41A    -3.523    0.0033      Ne 3                227.420A    -3.457    0.0038
Ca A                1.09381m    -2.154    0.0770      Fe 2                4814.54A    -3.791    0.0018      Ne 3                218.360A    -3.761    0.0019
Ca A                1.00494m    -2.367    0.0471      Fe 2                4243.97A    -3.171    0.0074      Ne 3                223.310A    -3.695    0.0022
Ca A                9545.97A    -2.549    0.0311      Fe 2                3376.20A    -3.884    0.0014      Ne 3                228.870A    -3.554    0.0031
Ca A                9229.02A    -2.707    0.0216      Fe 2                2493.30A    -2.899    0.0139      Ne 3                281.580A    -3.557    0.0030
Ca A                9014.91A    -2.847    0.0156      Fe 2                24.5126m    -3.475    0.0037      Ne 3                204.530A    -3.921    0.0013
Ca A                8862.79A    -2.972    0.0117      Fe 2                1.80940m    -2.664    0.0238      Ne 3                227.190A    -3.528    0.0033
Ca A                8750.48A    -3.087    0.0090      Fe 2                1.67688m    -3.437    0.0040      Ne 3                212.550A    -3.901    0.0014
Ca A                8665.02A    -3.192    0.0071      Fe 2                1.59948m    -3.399    0.0044      Ne 3                265.510A    -3.586    0.0028
Ca A                8598.40A    -3.289    0.0057      Fe 2                9051.95A    -3.104    0.0086      Ne 3                218.030A    -3.873    0.0015
Ca A                8545.39A    -3.379    0.0046      Fe 2                8891.93A    -3.579    0.0029      Ne 3                205.100A    -3.993    0.0011
Ca A                8502.49A    -3.463    0.0038      Fe 2                7452.56A    -3.473    0.0037      Ne 3                217.120A    -3.926    0.0013
Ca A                8467.26A    -3.542    0.0032      Fe 2                7172.00A    -3.685    0.0023      Ne 3                238.070A    -3.674    0.0023
Ca A                8437.96A    -3.617    0.0027      Fe 2                5527.36A    -3.842    0.0016      Ne 4                171.550A    -3.585    0.0029
Ca A                8413.32A    -3.687    0.0023      Fe 2                5433.15A    -3.986    0.0011      Ne 4                148.550A    -3.872    0.0015
Ca A                8392.40A    -3.754    0.0019      Fe 2                5261.63A    -3.242    0.0063      Ne 4                207.180A    -3.671    0.0023
Ca A                8374.48A    -3.818    0.0017      Fe 2                4947.39A    -3.735    0.0020      Ne 4                139.980A    -4.014    0.0011
Ca A                8359.01A    -3.878    0.0015      Fe 2                4346.86A    -3.798    0.0017      Ne 4                159.100A    -3.904    0.0014
Ca A                8345.56A    -3.936    0.0013      Fe 2                4276.84A    -3.716    0.0021      Ne 4                157.090A    -4.010    0.0011
Ca A                8333.79A    -3.991    0.0011      Fe 2                1.95361m    -3.575    0.0029      Ne 5                143.350A    -3.806    0.0017
Ca A                4.05115m    -2.177    0.0730      Fe 2                1.80002m    -3.452    0.0039      Ne 5                142.640A    -3.984    0.0011
Ca A                2.62515m    -2.425    0.0413      Fe 2                1.66377m    -3.686    0.0023      Ne 5                167.820A    -4.000    0.0011
Ca A                2.16553m    -2.639    0.0252      Fe 2                9399.04A    -3.526    0.0033      Mg 3                183.540A    -3.882    0.0014
Ca A                1.94456m    -2.823    0.0165      Fe 2                9226.63A    -3.522    0.0033      Mg 4                147.190A    -3.916    0.0013
Ca A                1.81741m    -2.983    0.0114      Fe 2                7388.17A    -3.805    0.0017      Mg 4                140.710A    -4.037    0.0010
Ca A                1.73621m    -3.124    0.0082      Fe 2                5333.66A    -3.538    0.0032      Si 2                1179.59A    -3.197    0.0070
Ca A                1.68065m    -3.252    0.0062      Fe 2                5049.30A    -3.908    0.0014      Si 2                993.354A    -3.711    0.0021
Ca A                1.64072m    -3.367    0.0047      Fe 2                5005.52A    -3.976    0.0012      Si 2                893.551A    -3.823    0.0017
Ca A                1.61093m    -3.473    0.0037      Fe 2                4352.79A    -4.032    0.0010      Si 2                1024.03A    -3.886    0.0014
Ca A                1.58805m    -3.570    0.0030      Fe 2                1.79711m    -3.730    0.0020      Si 3                564.611A    -3.892    0.0014
Ca A                1.57007m    -3.661    0.0024      Fe 2                1.74494m    -4.008    0.0011      Si 3                464.939A    -3.859    0.0015
Ca A                1.55565m    -3.746    0.0020      Fe 2                9470.94A    -3.913    0.0013      Si 3                435.840A    -3.968    0.0012
Ca A                1.54389m    -3.825    0.0016      Fe 2                9267.56A    -3.990    0.0011      Si 3                406.880A    -4.037    0.0010
Ca A                1.53418m    -3.901    0.0014      Fe 2                5376.47A    -3.903    0.0014      Si 4                329.800A    -3.815    0.0017
Ca A                1.52605m    -3.972    0.0012      Fe 2                2755.74A    -3.526    0.0033      Si 4                312.700A    -3.871    0.0015
Ca A                1.51919m    -4.039    0.0010      Fe 2                2739.55A    -3.818    0.0017      Si 4                302.870A    -3.932    0.0013
Ca A                7.45782m    -2.670    0.0235      Fe 2                2772.73A    -3.871    0.0015      Si 4                296.640A    -3.977    0.0012
Ca A                4.65251m    -2.866    0.0149      Fe 2                2.22379m    -3.969    0.0012      Si 4                292.430A    -4.028    0.0010
Ca A                3.73954m    -3.048    0.0098      Fe 3                22.9190m    -2.206    0.0684      S  2                750.323A    -3.853    0.0015
Ca A                3.29609m    -3.208    0.0068      Fe 3                4985.87A    -2.760    0.0191      S  2                632.711A    -4.027    0.0010
Ca A                3.03837m    -3.350    0.0049      Fe 3                4924.54A    -3.475    0.0037      S  2                888.439A    -3.860    0.0015
Ca A                2.87221m    -3.478    0.0037      Fe 3                4881.00A    -2.581    0.0289      S  3                667.049A    -3.375    0.0046
Ca A                2.75752m    -3.595    0.0028      Fe 3                4658.05A    -2.086    0.0901      S  3                691.219A    -3.506    0.0034
Ca A                2.67440m    -3.701    0.0022      Fe 3                4607.03A    -3.362    0.0048      S  3                704.220A    -3.551    0.0031
Ca A                2.61194m    -3.799    0.0017      Fe 3                4008.35A    -3.221    0.0066      S  3                671.510A    -3.859    0.0015
Ca A                2.56363m    -3.890    0.0014      Fe 3                3322.54A    -2.950    0.0123      S  3                482.139A    -3.791    0.0018
Ca A                2.52540m    -3.975    0.0012      Fe 3                3239.74A    -3.028    0.0103      S  3                474.260A    -3.850    0.0016
Ca A                12.3685m    -3.088    0.0090      Fe 3                2438.29A    -3.357    0.0048      S  3                480.121A    -3.881    0.0014
Ca A                7.50045m    -3.246    0.0062      Fe 3                1576.66A    -3.839    0.0016      S  3                420.730A    -3.933    0.0013
Ca A                5.90660m    -3.402    0.0044      Fe 3                33.0270m    -2.756    0.0193      S  3                424.450A    -3.980    0.0012
Ca A                5.12726m    -3.543    0.0031      Fe 3                5270.40A    -2.372    0.0466      S  4                330.110A    -3.819    0.0017
Ca A                4.67124m    -3.671    0.0023      Fe 3                4987.21A    -3.321    0.0052      S  4                370.000A    -3.828    0.0016
Ca A                4.37526m    -3.788    0.0018      Fe 3                4754.69A    -2.812    0.0169      S  4                341.260A    -3.839    0.0016
Ca A                4.16966m    -3.894    0.0014      Fe 3                4701.54A    -2.650    0.0246      S  4                295.300A    -3.899    0.0014
Ca A                4.01977m    -3.993    0.0011      Fe 3                4667.01A    -3.696    0.0022      S  4                321.910A    -3.882    0.0014
Ca A                19.0567m    -3.450    0.0039      Fe 3                4079.70A    -3.780    0.0018      S  4                274.000A    -3.913    0.0013
Ca A                11.3056m    -3.580    0.0029      Fe 3                3371.41A    -3.084    0.0091      S  4                306.380A    -3.947    0.0012
Ca A                8.75768m    -3.715    0.0021      Fe 3                3286.19A    -3.544    0.0031      S  4                301.570A    -4.012    0.0011
Ca A                7.50606m    -3.841    0.0016      Fe 3                2464.51A    -3.499    0.0035      S  4                293.560A    -4.037    0.0010
Ca A                6.77015m    -3.957    0.0012      Fe 3                51.6655m    -3.403    0.0043      S  5                285.830A    -3.868    0.0015
Ca A                27.7958m    -3.770    0.0019      Fe 3                5011.26A    -3.034    0.0102      Ar 3                458.140A    -3.359    0.0048
Ca A                16.2047m    -3.877    0.0015      Fe 3                4769.43A    -3.117    0.0084      Ar 3                464.671A    -3.492    0.0035
Ca A                12.3838m    -3.996    0.0011      Fe 3                4733.91A    -3.155    0.0077      Ar 3                451.091A    -3.730    0.0020
Ca B                6562.80A    -0.589    2.8287      Fe 3                3406.18A    -3.447    0.0039      Ar 3                472.659A    -3.693    0.0022
Ca B                4861.32A    -1.044    0.9937      Fe 3                3334.90A    -3.554    0.0031      Ar 3                488.909A    -3.827    0.0016
Ca B                4340.46A    -1.372    0.4664      Fe 3                3319.22A    -3.711    0.0021      Ar 3                388.490A    -3.842    0.0016
Ca B                4101.73A    -1.629    0.2581      Fe 3                2483.05A    -3.669    0.0024      Ar 3                527.451A    -3.852    0.0015
Ca B                3970.07A    -1.841    0.1585      Fe 3                5411.98A    -3.429    0.0041      Ar 3                360.940A    -3.907    0.0014
Ca B                3889.05A    -2.021    0.1047      Fe 3                4930.54A    -3.707    0.0022      Ar 3                345.990A    -3.904    0.0014
Ca B                3835.38A    -2.178    0.0729      Fe 3                4777.68A    -3.475    0.0037      Ar 3                365.099A    -3.933    0.0013
Ca B                3797.90A    -2.318    0.0528      Fe 3                3356.57A    -3.634    0.0026      Ar 3                517.521A    -4.022    0.0010
Ca B                3770.63A    -2.443    0.0396      Fe 3                3355.48A    -3.894    0.0014      Ar 3                387.261A    -4.034    0.0010
Ca B                3750.15A    -2.557    0.0304      Fe 3                2495.04A    -3.907    0.0014      Ar 4                444.680A    -3.245    0.0062
Ca B                3734.37A    -2.662    0.0239      Fe 3                5084.77A    -3.809    0.0017      Ar 4                392.000A    -3.839    0.0016
Ca B                3721.94A    -2.758    0.0192      Fe 3                3366.21A    -3.956    0.0012      Ar 4                278.290A    -3.959    0.0012
Ca B                3711.97A    -2.848    0.0156      Fe 3                40.0371m    -3.998    0.0011      Ar 5                441.850A    -3.710    0.0021
Ca B                3703.85A    -2.931    0.0129      Fe 3                2.21782m    -3.169    0.0075      Ar 5                455.901A    -3.847    0.0016
Ca B                3697.15A    -3.009    0.0108      Fe 3                9701.27A    -3.390    0.0045      Ca 3                351.260A    -3.229    0.0065
Ca B                3691.55A    -3.082    0.0091      Fe 3                2.34788m    -3.347    0.0049      Ca 3                298.430A    -3.639    0.0025
Ca B                3686.83A    -3.150    0.0078      Fe 3                9942.18A    -3.584    0.0029      Ca 3                277.760A    -3.824    0.0016
Ca B                3682.81A    -3.214    0.0067      Fe 3                2.24204m    -3.910    0.0014      Ca 3                267.540A    -3.907    0.0014
Ca B                3679.35A    -3.274    0.0058      Fe 3                3.22847m    -3.694    0.0022      Ca 3                308.360A    -3.940    0.0013
Ca B                3676.36A    -3.330    0.0051      Fe 3                2.87385m    -3.648    0.0025      Ca 3                261.770A    -3.977    0.0012
Ca B                3673.76A    -3.384    0.0045      Fe 7                9.50763m    -2.334    0.0510      Ca 4                303.870A    -3.281    0.0057
Ca B                3671.48A    -3.434    0.0040      Fe 7                5720.71A    -3.160    0.0076      Ca 4                310.370A    -3.484    0.0036
Ca B                1.87510m    -1.523    0.3292      Fe 7                4988.55A    -3.375    0.0046      Ca 4                307.850A    -3.431    0.0041
Ca B                1.28181m    -1.836    0.1602      Fe 7                4893.37A    -3.647    0.0025      Ca 4                323.400A    -3.485    0.0036
Ca B                1.09381m    -2.091    0.0890      Fe 7                7.81037m    -2.870    0.0148      Ca 4                319.070A    -3.391    0.0045
Ca B                1.00494m    -2.303    0.0547      Fe 7                6086.97A    -2.985    0.0114      Ca 4                243.380A    -3.927    0.0013
Ca B                9545.97A    -2.483    0.0361      Fe 7                5158.89A    -3.514    0.0034      Ca 4                237.560A    -3.938    0.0013
Ca B                9229.02A    -2.641    0.0251      Fe 7                3586.32A    -3.622    0.0026      Ca 4                234.960A    -3.965    0.0012
Ca B                9014.91A    -2.781    0.0182      Fe 7                3758.92A    -3.469    0.0037      Ca 4                342.770A    -3.983    0.0011
Ca B                8862.79A    -2.907    0.0136      K  3                4.61683m    -3.148    0.0078      Ca 5                314.530A    -3.518    0.0033
Ca B                8750.48A    -3.021    0.0105      K  4                5.98030m    -3.247    0.0062      Ca 5                325.410A    -3.614    0.0027
Ca B                8665.02A    -3.126    0.0082      Mg 1                2852.13A    -3.225    0.0065      Ca 5                332.080A    -3.846    0.0016
Ca B                8598.40A    -3.222    0.0066      Mg 1                4562.60A    -3.248    0.0062      Ca 6                330.390A    -3.950    0.0012
Ca B                8545.39A    -3.312    0.0054      Mg 1                4571.10A    -3.680    0.0023      Fe 3                911.104A    -3.807    0.0017
Ca B                8502.49A    -3.396    0.0044      Mg 3                231.734A    -3.555    0.0031      Fe 3                896.877A    -3.896    0.0014
Ca B                8467.26A    -3.474    0.0037      Mg 3                234.264A    -3.777    0.0018      Fe 4                309.190A    -3.535    0.0032
Ca B                8437.96A    -3.548    0.0031      Mn 2                2576.10A    -3.949    0.0012      Fe 4                532.950A    -3.639    0.0025
Ca B                8413.32A    -3.617    0.0027      Mn 2                2593.72A    -4.016    0.0011      Fe 4                275.130A    -3.660    0.0024
Ca B                8392.40A    -3.683    0.0023      N  1                1134.17A    -3.947    0.0012      Fe 4                259.600A    -3.749    0.0020
Ca B                8374.48A    -3.745    0.0020      N  1                1134.41A    -3.866    0.0015      Fe 4                251.070A    -3.815    0.0017
Ca B                8359.01A    -3.803    0.0017      N  1                1134.98A    -3.828    0.0016      Fe 4                245.840A    -3.849    0.0016
Ca B                8345.56A    -3.858    0.0015      N  1                1199.55A    -3.550    0.0031      Fe 4                326.120A    -3.837    0.0016
Ca B                8333.79A    -3.910    0.0014      N  1                1200.22A    -3.590    0.0028      Fe 4                242.370A    -3.870    0.0015
Ca B                4.05115m    -2.153    0.0772      N  1                1200.71A    -3.710    0.0021      Fe 4                239.960A    -3.889    0.0014
Ca B                2.62515m    -2.396    0.0442      N  1                5197.90A    -3.880    0.0014      Fe 4                281.200A    -3.898    0.0014
Ca B                2.16553m    -2.607    0.0271      N  1                5200.26A    -3.891    0.0014      Fe 4                262.550A    -3.939    0.0013
Ca B                1.94456m    -2.789    0.0179      N  4                1486.50A    -2.768    0.0187      Fe 4                252.740A    -4.002    0.0011
Ca B                1.81741m    -2.948    0.0124      N  4                1483.32A    -2.621    0.0263      Fe 5                236.210A    -3.674    0.0023
Ca B                1.73621m    -3.089    0.0090      N  4                765.147A    -3.375    0.0046      Fe 5                236.300A    -3.714    0.0021
Ca B                1.68065m    -3.215    0.0067      N  4                247.205A    -3.679    0.0023      Fe 5                391.409A    -3.690    0.0022
Ca B                1.64072m    -3.330    0.0051      N  4                463.736A    -3.775    0.0018      Fe 5                227.780A    -3.666    0.0024
Ca B                1.61093m    -3.436    0.0040      N  5                209.274A    -3.771    0.0019      Fe 5                205.950A    -4.013    0.0011
Ca B                1.58805m    -3.533    0.0032      N  5                209.308A    -3.870    0.0015      Fe 5                389.529A    -3.797    0.0018
Ca B                1.57007m    -3.623    0.0026      N  5                1238.82A    -3.521    0.0033      Fe 5                369.760A    -3.779    0.0018
Ca B                1.55565m    -3.708    0.0022      N  5                1242.80A    -3.619    0.0026      Fe 5                205.790A    -4.030    0.0010
Ca B                1.54389m    -3.787    0.0018      Ne 2                12.8101m    -3.062    0.0095      Fe 5                236.880A    -3.829    0.0016
Ca B                1.53418m    -3.861    0.0015      Ne 3                15.5509m    -1.116    0.8405      Fe 5                226.680A    -3.891    0.0014
Ca B                1.52605m    -3.931    0.0013      Ne 3                3868.76A    -1.202    0.6895      Fe 5                241.720A    -3.974    0.0012
Ca B                1.51919m    -3.998    0.0011      Ne 3                489.500A    -3.950    0.0012      Fe 5                232.230A    -4.011    0.0011
Ca B                7.45782m    -2.653    0.0244      Ne 3                36.0036m    -2.159    0.0762      Fe 5                241.470A    -4.013    0.0011
Ca B                4.65251m    -2.847    0.0156      Ne 3                3967.47A    -1.720    0.2093      Fe 6                174.510A    -3.748    0.0020
Ca B                3.73954m    -3.027    0.0103      Ne 3                1814.56A    -3.527    0.0033      Fe 6                156.820A    -3.791    0.0018
Ca B                3.29609m    -3.186    0.0072      Ne 3                491.045A    -3.169    0.0074      Fe 6                180.240A    -3.878    0.0015
Ca B                3.03837m    -3.328    0.0052      Ne 3                489.645A    -3.501    0.0035      Fe 6                185.150A    -3.878    0.0015
Ca B                2.87221m    -3.455    0.0039      Ne 3                313.688A    -3.506    0.0034      Fe 6                295.530A    -3.752    0.0019
Ca B                2.75752m    -3.571    0.0030      Ne 3                283.576A    -4.027    0.0010      Fe 6                292.810A    -3.797    0.0018
Ca B                2.67440m    -3.676    0.0023      Ne 3                490.311A    -3.576    0.0029      Fe 6                279.220A    -3.926    0.0013
Ca B                2.61194m    -3.774    0.0018      Ne 3                313.961A    -3.966    0.0012      Fe 6                296.190A    -3.964    0.0012
Ca B                2.56363m    -3.865    0.0015      Ne 3                283.799A    -4.012    0.0011      Fe 7                152.390A    -3.910    0.0013
Ca B                2.52540m    -3.950    0.0012      Ne 3                3342.18A    -4.009    0.0011      Fe 7                163.470A    -3.979    0.0012
Ca B                2.49458m    -4.030    0.0010      Ne 5                24.3108m    -1.547    0.3119      Fe 7                234.000A    -3.969    0.0012
Ca B                12.3685m    -3.073    0.0093      Ne 5                14.3178m    -1.682    0.2286      Fe 7                226.340A    -3.964    0.0012
Ca B                7.50045m    -3.231    0.0065      Ne 5                3345.82A    -2.943    0.0125      P  2                967.202A    -3.980    0.0012
Ca B                5.90660m    -3.386    0.0045      Ne 5                569.756A    -3.615    0.0027      P  2                963.828A    -3.898    0.0014
Ca B                5.12726m    -3.527    0.0033      Ne 5                481.293A    -3.941    0.0013      Ti 2                3364.74A    -3.846    0.0016
Ca B                4.67124m    -3.654    0.0024      Ne 5                481.366A    -4.010    0.0011      Ti 2                3237.15A    -4.026    0.0010
Ca B                4.37526m    -3.770    0.0019      Ne 5                358.474A    -3.917    0.0013      Cr 2                2059.78A    -3.924    0.0013
Ca B                4.16966m    -3.876    0.0015      Ne 5                3425.88A    -2.511    0.0339      Cr 6                226.666A    -3.914    0.0013
Ca B                4.01977m    -3.975    0.0012      Ne 5                482.990A    -3.615    0.0027      Ni 2                1751.83A    -3.967    0.0012
Ca B                19.0567m    -3.436    0.0040      Ne 5                482.994A    -3.844    0.0016      Ni 2                1744.24A    -3.897    0.0014
Ca B                11.3056m    -3.567    0.0030      Ne 5                359.374A    -3.410    0.0043      Ni 2                1375.73A    -3.980    0.0012
Ca B                8.75768m    -3.702    0.0022      O  1                1040.94A    -3.885    0.0014      Ni 2                1324.11A    -3.989    0.0011
Ca B                7.50606m    -3.828    0.0016      O  1                1304.86A    -3.347    0.0049      hyperfine structure.............................
Ca B                6.77015m    -3.943    0.0013      O  1                1306.03A    -3.824    0.0016      inner shell.....................................
Ca B                27.7958m    -3.756    0.0019      O  1                6300.30A    -2.602    0.0275      O  5                1215.53A    -3.759    0.0019
Ca B                16.2047m    -3.865    0.0015      O  1                6363.78A    -3.098    0.0088      Si 5                120.490A    -3.873    0.0015
Ca B                12.3838m    -3.984    0.0011      O  1                63.1679m    -3.150    0.0078      Si 5                119.791A    -2.609    0.0270
H  1                2430.61A    -0.004   10.8918      O  2                539.086A    -3.735    0.0020      Si 5                120.490A    -2.612    0.0269
H  1                1215.67A     0.354   24.8108      O  2                539.547A    -3.770    0.0019      S  6                488.127A    -3.981    0.0011
H  1                1025.72A    -2.842    0.0158      O  2                539.854A    -3.840    0.0016      Fe 6                167.773A    -3.231    0.0064
H  1                972.537A    -2.937    0.0127      O  2                832.758A    -3.794    0.0018      Fe 6                172.200A    -3.243    0.0063
H  1                949.743A    -2.994    0.0111      O  2                833.330A    -3.738    0.0020      Fe 7                172.440A    -3.564    0.0030
H  1                937.803A    -3.036    0.0101      O  2                834.465A    -3.716    0.0021      Fe 7                177.120A    -3.576    0.0029
H  1                930.748A    -3.071    0.0093      O  2                2470.22A    -3.351    0.0049      molecules.......................................
H  1                926.226A    -3.110    0.0085      O  2                2470.34A    -2.760    0.0191      bands...........................................
H  1                923.150A    -3.143    0.0079      O  2                7318.92A    -3.434    0.0040      Fe 2b               2500.00A    -1.909    0.1354
H  1                920.963A    -3.169    0.0074      O  2                7319.99A    -2.954    0.0122      Fe 2b               5000.00A    -2.066    0.0943
H  1                919.351A    -3.247    0.0062      O  2                7329.67A    -3.211    0.0068      Fe 2b               7000.00A    -2.667    0.0237
H  1                918.129A    -3.262    0.0060      O  2                7330.73A    -3.223    0.0066      Fe 2b               10000.0A    -1.753    0.1938
H  1                917.181A    -3.273    0.0059      O  2                3728.81A    -1.375    0.4634      Fe 2b               2355.00A    -2.365    0.0474
H  1                916.429A    -3.283    0.0057      O  2                3726.03A    -1.376    0.4621      Fe 2b               2430.00A    -1.936    0.1274
H  1                915.824A    -3.291    0.0056      O  3                88.3323m    -0.977    1.1574      Fe 2b               2445.00A    -1.936    0.1274
H  1                915.329A    -3.297    0.0055      O  3                4931.23A    -3.771    0.0019      Fe 2b               2495.00A    -2.893    0.0141
H  1                914.919A    -3.303    0.0055      O  3                832.929A    -3.786    0.0018      Fe 2b               2610.00A    -2.222    0.0659
H  1                914.576A    -3.307    0.0054      O  3                702.337A    -3.904    0.0014      Fe 2b               2758.00A    -3.182    0.0072
H  1                914.286A    -3.310    0.0054      O  3                507.388A    -3.812    0.0017      Fe 2b               2780.00A    -3.156    0.0077
H  1                914.039A    -3.309    0.0054      O  3                51.8004m    -0.624    2.6081      Fe 2b               3250.00A    -3.664    0.0024
H  1                913.826A    -3.304    0.0055      O  3                4958.91A    -0.362    4.7776      Fe 2b               3590.00A    -3.731    0.0020
H  1                6562.80A    -0.597    2.7791      O  3                2320.95A    -2.588    0.0283      Fe 2b               4255.00A    -2.527    0.0326
H  1                4861.32A    -1.041    1.0000      O  3                1660.81A    -2.423    0.0415      Fe 2b               4558.00A    -3.276    0.0058
H  1                4340.46A    -1.366    0.4727      O  3                833.715A    -3.572    0.0029      Fe 2b               4600.00A    -3.242    0.0063
H  1                4101.73A    -1.623    0.2619      O  3                833.749A    -3.778    0.0018      Fe 2b               4743.00A    -3.941    0.0013
H  1                3970.07A    -1.833    0.1613      O  3                702.838A    -3.544    0.0031      Fe 2b               4855.00A    -3.366    0.0047
H  1                3889.05A    -2.013    0.1067      O  3                702.896A    -3.911    0.0013      Fe 2b               4920.00A    -2.851    0.0155
H  1                3835.38A    -2.169    0.0745      O  3                507.680A    -3.407    0.0043      Fe 2b               4975.00A    -3.381    0.0046
H  1                3797.90A    -2.307    0.0542      O  3                5006.84A     0.099   13.8083      Fe 2b               4971.00A    -3.415    0.0042
H  1                3770.63A    -2.314    0.0533      O  3                1666.15A    -2.023    0.1042      Fe 2b               5070.00A    -3.303    0.0055
H  1                3750.15A    -2.419    0.0419      O  3                835.059A    -3.498    0.0035      Fe 2b               5143.00A    -2.762    0.0190
H  1                3734.37A    -2.515    0.0336      O  3                835.092A    -3.445    0.0039      Fe 2b               5270.00A    -2.476    0.0367
H  1                3721.94A    -2.603    0.0274      O  3                835.289A    -3.593    0.0028      Fe 2b               5318.00A    -2.793    0.0177
H  1                3711.97A    -2.685    0.0227      O  3                703.851A    -3.464    0.0038      Fe 2b               5540.00A    -3.641    0.0025
H  1                3703.85A    -2.761    0.0191      O  3                703.854A    -3.408    0.0043      Fe 2b               7445.00A    -2.692    0.0223
H  1                3697.15A    -2.831    0.0162      O  3                508.178A    -2.804    0.0172      Fe 2b               8625.00A    -2.623    0.0262
H  1                3691.55A    -2.896    0.0140      O  3                4363.21A    -1.962    0.1199      Fe 2b               1.03250m    -3.628    0.0026
H  1                3686.83A    -2.955    0.0122      O  5                1213.81A    -3.981    0.0011      Fe 2b               1.88900m    -2.482    0.0362
H  1                3682.81A    -3.007    0.0108      O  5                629.732A    -3.383    0.0046      Fe 2b               2.20000m    -3.894    0.0014
H  1                3679.35A    -3.052    0.0097      O  5                172.169A    -3.940    0.0013      miscellaneous...................................
H  1                1.87510m    -1.559    0.3031      P  2                32.8620m    -3.961    0.0012      C 2R                1335.00A    -2.043    0.0995
H  1                1.28181m    -1.850    0.1550      P  2                1.14682m    -3.640    0.0025      C 3R                977.000A    -2.179    0.0727
H  1                1.09381m    -2.099    0.0875      P  2                1.18828m    -3.217    0.0067      C 3R                1909.00A    -2.335    0.0508
H  1                1.00494m    -2.307    0.0542      P  3                17.8797m    -3.277    0.0058      C 3R                1175.00A    -2.516    0.0335
H  1                9545.97A    -2.485    0.0360      P  4                950.657A    -3.812    0.0017      C 4R                1549.00A    -3.128    0.0082
H  1                9229.02A    -2.641    0.0251      S  2                6730.82A    -1.858    0.1522      N 2R                1085.00A    -3.155    0.0077
H  1                9014.91A    -2.779    0.0183      S  2                6716.44A    -1.869    0.1484      N 3R                990.000A    -2.254    0.0612
H  1                8862.79A    -2.829    0.0163      S  2                4076.35A    -3.238    0.0063      O 2R                7332.00A    -3.919    0.0013
H  1                8750.48A    -2.934    0.0128      S  2                4068.60A    -2.742    0.0199      O 2R                7323.00A    -3.832    0.0016
H  1                8665.02A    -3.029    0.0103      S  2                1.03364m    -3.377    0.0046      O 2H                3727.00A    -3.566    0.0030
H  1                8598.40A    -3.118    0.0084      S  2                1.02867m    -3.368    0.0047      O 2R                3726.00A    -3.067    0.0094
H  1                8545.39A    -3.199    0.0069      S  2                1.03705m    -3.698    0.0022      O 2R                3729.00A    -3.080    0.0091
H  1                8502.49A    -3.275    0.0058      S  2                1.03205m    -3.234    0.0064      O 2R                2471.00A    -3.664    0.0024
H  1                8467.26A    -3.345    0.0050      S  2                1259.52A    -3.917    0.0013      O 2R                4651.00A    -3.355    0.0049
H  1                8437.96A    -3.409    0.0043      S  2                1253.81A    -3.958    0.0012      O 2R                4341.00A    -3.631    0.0026
H  1                8413.32A    -3.468    0.0037      S  2                910.485A    -3.866    0.0015      O 3R                835.000A    -2.129    0.0816
H  1                8392.40A    -3.521    0.0033      S  3                33.4704m    -1.418    0.4199      O 4R                789.000A    -2.382    0.0456
H  1                8374.48A    -3.566    0.0030      S  3                18.7078m    -1.381    0.4565      Blnd                1400.00A    -2.054    0.0969
H  1                4.05115m    -2.212    0.0674      S  3                9068.62A    -1.459    0.3815      Blnd                1650.00A    -0.911    1.3493
H  1                2.62515m    -2.429    0.0409      S  3                9530.62A    -1.059    0.9583      Blnd                1304.00A    -3.170    0.0074
H  1                2.16553m    -2.630    0.0257      S  3                3721.63A    -2.820    0.0166      Blnd                1039.00A    -3.657    0.0024
H  1                1.94456m    -2.806    0.0172      S  3                6312.06A    -2.547    0.0312      Blnd                2798.00A    -1.173    0.7373
H  1                1.81741m    -2.962    0.0120      S  3                1713.11A    -3.674    0.0023      Blnd                6720.00A    -1.563    0.3005
H  1                1.73621m    -3.100    0.0087      S  3                1728.94A    -3.220    0.0066      Blnd                4074.00A    -2.622    0.0262
H  1                1.68065m    -3.199    0.0070      S  3                1194.45A    -3.820    0.0017      Blnd                1.03300m    -2.731    0.0204
H  1                1.64072m    -3.302    0.0055      S  3                1201.73A    -3.979    0.0012      Blnd                1256.00A    -3.498    0.0035
H  1                1.61093m    -3.398    0.0044      S  3                1200.97A    -3.971    0.0012      Blnd                1198.00A    -3.287    0.0057
H  1                1.58805m    -3.486    0.0036      S  3                1015.50A    -3.972    0.0012      Blnd                1720.00A    -3.089    0.0089
H  1                1.57007m    -3.567    0.0030      S  3                1021.11A    -3.666    0.0024      Blnd                3722.00A    -2.814    0.0168
H  1                1.55565m    -3.643    0.0025      S  3                1021.32A    -3.766    0.0019      Blnd                1406.00A    -3.248    0.0062
H  1                1.54389m    -3.712    0.0021      S  5                786.468A    -3.619    0.0026      Blnd                2665.00A    -2.453    0.0387
H  1                1.53418m    -3.777    0.0018      Si 2                34.8046m    -1.754    0.1934      Blnd                1860.00A    -2.713    0.0213
H  1                1.52605m    -3.836    0.0016      Si 2                2334.41A    -3.161    0.0076      Blnd                4725.00A    -2.050    0.0979
H  1                1.51919m    -3.888    0.0014      Si 2                2328.52A    -3.736    0.0020      Blnd                2860.00A    -3.087    0.0090
H  1                1.51332m    -3.933    0.0013      Si 2                1808.01A    -2.889    0.0142      Blnd                7250.00A    -3.655    0.0024
H  1                7.45782m    -2.731    0.0204      Si 2                1526.71A    -3.749    0.0020      Blnd                2335.00A    -2.139    0.0797
H  1                4.65251m    -2.898    0.0139      Si 2                1260.42A    -3.619    0.0026      Blnd                1888.00A    -1.488    0.3569
H  1                3.73954m    -3.066    0.0094      Si 2                1193.29A    -3.778    0.0018      Blnd                1397.00A    -2.111    0.0851
H  1                3.29609m    -3.218    0.0067      Si 2                1190.42A    -3.916    0.0013      Blnd                2424.00A    -2.017    0.1056
H  1                3.03837m    -3.355    0.0049      Si 2                2350.17A    -3.035    0.0101      Blnd                3350.00A    -3.666    0.0024
H  1                2.87221m    -3.488    0.0036      Si 2                2344.20A    -2.587    0.0284      Blnd                5525.00A    -2.605    0.0273
H  1                2.75752m    -3.591    0.0028      Si 2                2334.60A    -2.542    0.0315      Blnd                8579.00A    -3.402    0.0044
H  1                2.67440m    -3.686    0.0023      Si 2                1817.45A    -3.099    0.0087      Blnd                7306.00A    -2.677    0.0231
H  1                2.61194m    -3.773    0.0019      Si 2                1816.93A    -2.557    0.0305      Blnd                3933.00A    -3.172    0.0074
H  1                2.56363m    -3.854    0.0015      Si 2                1533.43A    -3.144    0.0079      Blnd                2326.00A    -2.028    0.1029
H  1                2.52540m    -3.929    0.0013      Si 2                1309.28A    -3.469    0.0037      Blnd                1335.00A    -2.855    0.0153
H  1                2.49458m    -3.999    0.0011      Si 2                1265.00A    -3.257    0.0061      Blnd                1909.00A    -1.064    0.9490
H  1                12.3685m    -3.167    0.0075      Si 2                1264.74A    -3.375    0.0046      Blnd                1549.00A    -1.309    0.5389
H  1                7.50045m    -3.299    0.0055      Si 2                1197.39A    -3.360    0.0048      Blnd                5199.00A    -3.584    0.0029
H  1                5.90660m    -3.440    0.0040      Si 2                1194.50A    -3.291    0.0056      Blnd                1085.00A    -3.047    0.0099
H  1                5.12726m    -3.573    0.0029      Si 3                1892.03A    -1.880    0.1450      Blnd                2141.00A    -3.116    0.0084
H  1                4.67124m    -3.726    0.0021      Si 3                1882.71A    -1.715    0.2119      Blnd                1750.00A    -2.345    0.0496
H  1                4.37526m    -3.828    0.0016      Si 3                1206.50A    -2.661    0.0240      Blnd                990.000A    -3.039    0.0101
H  1                4.16966m    -3.922    0.0013      Si 4                1393.75A    -2.302    0.0548      Blnd                1486.00A    -2.387    0.0450
H  1                4.01977m    -4.009    0.0011      Si 4                1402.77A    -2.559    0.0303      Blnd                1240.00A    -3.266    0.0060
H  1                19.0567m    -3.543    0.0031      Ti 5                252.959A    -3.759    0.0019      Blnd                6300.00A    -2.482    0.0362
H  1                11.3056m    -3.648    0.0025      Al 2                2669.15A    -2.835    0.0161      Blnd                2471.00A    -2.661    0.0240
H  1                8.75768m    -3.770    0.0019      Al 2                2660.35A    -2.686    0.0226      Blnd                7323.00A    -2.829    0.0163
H  1                7.50606m    -3.930    0.0013      Al 2                1670.79A    -3.023    0.0104      Blnd                7332.00A    -2.916    0.0133
H  1                6.77015m    -4.031    0.0010      Al 5                2.90450m    -3.109    0.0085      Blnd                833.000A    -3.271    0.0059
H  1                27.7958m    -3.872    0.0015      Al 5                281.394A    -4.038    0.0010      Blnd                3727.00A    -1.074    0.9255
H  1                16.2047m    -3.959    0.0012      C  4                1550.77A    -1.779    0.1826      Blnd                7325.00A    -2.570    0.0296
Ca A                303.784A    -0.073    9.2861      C  4                1548.19A    -1.489    0.3563      Blnd                1666.00A    -1.877    0.1457
Ca A                256.317A    -0.799    1.7437      C  4                419.525A    -3.840    0.0016      Blnd                5007.00A     0.228   18.5877
Ca A                243.027A    -1.231    0.6453      C  4                419.714A    -3.541    0.0032      Blnd                835.000A    -2.815    0.0168
Ca A                237.331A    -1.540    0.3167      C  4                312.451A    -3.480    0.0036      Blnd                1402.00A    -2.970    0.0118
Ca A                234.347A    -1.782    0.1814      C  4                312.420A    -3.457    0.0038      Blnd                789.000A    -3.094    0.0089
Ca A                232.584A    -1.982    0.1144      C  4                244.911A    -3.856    0.0015      Blnd                1218.00A    -3.752    0.0019
Ca A                231.454A    -2.153    0.0772      C  4                244.903A    -3.820    0.0017      Blnd                1035.00A    -3.459    0.0038
Ca A                230.686A    -2.302    0.0548      Ca 2                7323.89A    -3.081    0.0091
Ca A                230.139A    -2.435    0.0403      Ca 2                7291.47A    -2.895    0.0140

                                                    Emergent line intensities
 Caution: emergent intensities are not reliable on the first iteration.
general properties..............................      Fe 2                2625.67A    -2.411    0.0427      N  2                916.710A    -3.877    0.0015
continua........................................      Fe 2                2611.87A    -3.246    0.0062      N  2                916.012A    -3.845    0.0016
FIR                 83.0000m    -0.412    4.2524      Fe 2                2395.63A    -3.237    0.0064      N  2                916.701A    -3.625    0.0026
TIR                 1800.00m    -3.057    0.0096      Fe 2                2388.63A    -3.949    0.0012      N  2                915.962A    -3.692    0.0022
NIRa                2.85000m     0.827   73.7381      Fe 2                2364.83A    -3.622    0.0026      N  3                57.3238m    -1.591    0.2820
NIRb                3.00000m     0.493   34.1684      Fe 2                51.2868m    -3.759    0.0019      N  3                1748.65A    -3.316    0.0053
MIRa                15.0000m     0.354   24.8028      Fe 2                1.37181m    -3.981    0.0011      N  3                1753.99A    -3.300    0.0055
MIRb                22.5000m     0.433   29.7561      Fe 2                7686.93A    -3.980    0.0012      N  3                1746.82A    -3.672    0.0023
NMIR                21.7500m     0.827   73.7381      Fe 2                4413.78A    -3.459    0.0038      N  3                1752.16A    -2.833    0.0162
TFIR                611.250m    -2.447    0.0393      Fe 2                2631.32A    -3.087    0.0090      N  3                1749.67A    -2.735    0.0202
TALL                10000.0A     1.338  239.2491      Fe 2                2617.62A    -4.036    0.0010      N  3                989.799A    -3.681    0.0023
F12                 12.0000m     0.005   11.1172      Fe 2                2607.09A    -3.940    0.0013      N  3                991.511A    -3.420    0.0042
F25                 25.0000m    -0.337    5.0602      Fe 2                2404.89A    -3.730    0.0020      N  3                991.577A    -3.486    0.0036
F60                 60.0000m    -0.558    3.0386      Fe 2                2380.76A    -3.177    0.0073      N  3                763.334A    -3.963    0.0012
F100                100.000m    -0.971    1.1740      Fe 2                4452.10A    -3.651    0.0025      N  3                764.351A    -3.502    0.0035
MIPS                24.0000m    -0.378    4.6021      Fe 2                2631.05A    -3.976    0.0012      N  3                685.515A    -3.729    0.0021
MIPS                70.0000m    -2.126    0.0821      Fe 2                4474.90A    -3.963    0.0012      N  3                686.336A    -3.451    0.0039
MIPS                160.000m    -3.021    0.0105      Fe 2                17.9311m    -2.824    0.0165      N  3                684.998A    -3.923    0.0013
IRAC                3.60000m    -0.401    4.3624      Fe 2                1.64355m    -2.064    0.0949      N  3                685.817A    -3.341    0.0050
IRAC                4.50000m    -0.370    4.6812      Fe 2                1.53348m    -3.011    0.0107      N  3                451.871A    -3.932    0.0013
IRAC                5.80000m    -0.342    4.9951      Fe 2                8616.95A    -3.263    0.0060      N  3                452.227A    -3.460    0.0038
IRAC                8.00000m    -0.186    7.1536      Fe 2                7155.17A    -2.981    0.0115      Na 3                7.31570m    -2.953    0.0123
SPR1                250.000m    -3.280    0.0058      Fe 2                5273.36A    -3.472    0.0037      Na 3                380.100A    -3.944    0.0012
SPR2                350.000m    -3.397    0.0044      Fe 2                5158.79A    -2.838    0.0160      Na 3                250.517A    -3.978    0.0012
SPR3                500.000m    -3.454    0.0039      Fe 2                5111.64A    -3.769    0.0019      Na 4                9.03096m    -3.118    0.0084
PAC1                70.0000m    -2.109    0.0854      Fe 2                5072.41A    -3.523    0.0033      Na 4                3241.50A    -3.723    0.0021
PAC2                100.000m    -0.970    1.1775      Fe 2                4814.54A    -3.791    0.0018      Na 5                463.270A    -4.017    0.0011
PAC3                160.000m    -2.834    0.0161      Fe 2                4243.97A    -3.171    0.0074      Ne 4                2421.66A    -2.399    0.0439
PAH                 3.30000m    -1.261    0.6026      Fe 2                3376.20A    -3.884    0.0014      Ne 4                2424.28A    -2.250    0.0617
PAHC                3.23000m    -1.432    0.4066      Fe 2                2493.30A    -2.900    0.0138      Ne 4                1601.45A    -3.932    0.0013
PAHC                3.37000m    -1.576    0.2916      Fe 2                24.5126m    -3.475    0.0037      Ne 4                541.126A    -3.591    0.0028
PAH                 6.20000m    -0.841    1.5844      Fe 2                1.80940m    -2.664    0.0238      Ne 4                542.076A    -3.556    0.0031
PAHC                5.65000m    -0.781    1.8185      Fe 2                1.67688m    -3.437    0.0040      Ne 4                543.886A    -3.538    0.0032
PAH                 7.90000m    -0.639    2.5198      Fe 2                1.59948m    -3.399    0.0044      Ne 4                208.903A    -3.928    0.0013
PAHC                6.90000m    -0.588    2.8334      Fe 2                9051.95A    -3.104    0.0086      Ne 4                208.737A    -3.831    0.0016
PAH                 11.3000m    -1.388    0.4492      Fe 2                8891.93A    -3.579    0.0029      Ne 6                7.65019m    -2.884    0.0144
PAHC                10.9000m    -1.322    0.5238      Fe 2                7452.56A    -3.473    0.0037      Ni 2                1.19102m    -3.400    0.0044
PAH                 11.8000m    -1.215    0.6693      Fe 2                7172.00A    -3.685    0.0023      Ni 2                6.63416m    -3.437    0.0040
PAHC                12.6500m    -1.331    0.5125      Fe 2                5527.36A    -3.842    0.0016      Ni 2                1.07151m    -3.983    0.0011
PAH                 13.3000m    -1.366    0.4727      Fe 2                5433.15A    -3.986    0.0011      Ni 2                10.6793m    -3.620    0.0026
PAHC                14.1000m    -1.289    0.5652      Fe 2                5261.63A    -3.242    0.0063      Ni 2                7377.83A    -2.952    0.0123
Bcon                3640.00A     0.916   90.5599      Fe 2                4947.39A    -3.735    0.0020      Ni 2                1.93877m    -3.660    0.0024
Pcon                5000.00A     0.637   47.5836      Fe 2                4346.86A    -3.798    0.0017      O  4                25.8863m    -0.459    3.8167
O3bn                5007.00A     0.118   14.4252      Fe 2                4276.84A    -3.716    0.0021      O  4                1399.78A    -3.842    0.0016
SX                  25.0000A    -0.783    1.8094      Fe 2                1.95361m    -3.575    0.0029      O  4                1407.38A    -3.847    0.0016
HX                  4.70000A    -0.337    5.0559      Fe 2                1.80002m    -3.452    0.0039      O  4                1404.81A    -3.419    0.0042
ROSA                12.3980A    -0.580    2.8891      Fe 2                1.66377m    -3.686    0.0023      O  4                1401.16A    -3.451    0.0039
RRC.............................................      Fe 2                9399.04A    -3.526    0.0033      O  4                787.710A    -3.794    0.0018
grains..........................................      Fe 2                9226.63A    -3.522    0.0033      O  4                790.114A    -3.475    0.0037
H-like iso-sequence.............................      Fe 2                7388.17A    -3.805    0.0017      O  4                790.201A    -3.615    0.0027
H  1                1215.67A     0.354   24.7949      Fe 2                5333.66A    -3.538    0.0032      O  4                609.830A    -3.226    0.0065
H  1                1025.72A    -2.842    0.0158      Fe 2                5049.30A    -3.908    0.0014      O  4                554.076A    -3.742    0.0020
H  1                972.537A    -2.937    0.0127      Fe 2                5005.52A    -3.976    0.0012      O  4                555.264A    -3.087    0.0090
H  1                949.743A    -2.994    0.0111      Fe 2                4352.79A    -4.032    0.0010      O  4                554.514A    -3.088    0.0090
H  1                937.803A    -3.036    0.0101      Fe 2                1.79711m    -3.730    0.0020      O  6                1037.61A    -3.799    0.0017
H  1                930.748A    -3.071    0.0093      Fe 2                1.74494m    -4.008    0.0011      O  6                1031.91A    -3.725    0.0021
H  1                926.226A    -3.110    0.0085      Fe 2                9470.94A    -3.913    0.0013      P  5                1117.98A    -3.993    0.0011
H  1                923.150A    -3.143    0.0079      Fe 2                9267.56A    -3.990    0.0011      S  4                10.5076m    -0.543    3.1429
H  1                920.963A    -3.169    0.0074      Fe 2                5376.47A    -3.903    0.0014      S  4                1416.89A    -3.694    0.0022
H  1                919.351A    -3.247    0.0062      Fe 2                2755.74A    -3.526    0.0033      S  4                1406.02A    -3.654    0.0024
H  1                918.129A    -3.262    0.0060      Fe 2                2739.55A    -3.818    0.0017      S  4                1073.52A    -3.910    0.0014
H  1                917.181A    -3.273    0.0059      Fe 2                2772.73A    -3.871    0.0015      S  4                1072.97A    -3.982    0.0011
H  1                916.429A    -3.283    0.0057      Fe 2                2.22379m    -3.969    0.0012      S  4                815.941A    -3.699    0.0022
H  1                915.824A    -3.291    0.0056      Fe 3                22.9190m    -2.206    0.0684      S  4                753.760A    -3.503    0.0035
H  1                915.329A    -3.297    0.0055      Fe 3                4985.87A    -2.760    0.0191      S  4                750.221A    -3.467    0.0038
H  1                914.919A    -3.303    0.0055      Fe 3                4924.54A    -3.475    0.0037      S  4                657.319A    -3.977    0.0012
H  1                914.576A    -3.307    0.0054      Fe 3                4881.00A    -2.581    0.0289      S  4                661.455A    -3.361    0.0048
H  1                914.286A    -3.310    0.0054      Fe 3                4658.05A    -2.086    0.0901      S  4                661.396A    -3.868    0.0015
H  1                914.039A    -3.309    0.0054      Fe 3                4607.03A    -3.362    0.0048      S  4                554.027A    -3.618    0.0026
H  1                913.826A    -3.304    0.0055      Fe 3                4008.35A    -3.221    0.0066      S  6                944.523A    -3.867    0.0015
H  1                6562.80A    -0.597    2.7791      Fe 3                3322.54A    -2.950    0.0123      S  6                933.378A    -3.788    0.0018
H  1                4861.32A    -1.041    1.0000      Fe 3                3239.74A    -3.028    0.0103      Si 6                1.96247m    -2.993    0.0112
H  1                4340.46A    -1.366    0.4727      Fe 3                2438.29A    -3.357    0.0048      level 1 lines...................................
H  1                4101.73A    -1.623    0.2619      Fe 3                1576.66A    -3.839    0.0016      recombination...................................
H  1                3970.07A    -1.833    0.1613      Fe 3                33.0270m    -2.756    0.0193      level2 lines....................................
H  1                3889.05A    -2.013    0.1067      Fe 3                5270.40A    -2.372    0.0466      C  2                596.559A    -3.742    0.0020
H  1                3835.38A    -2.169    0.0745      Fe 3                4987.21A    -3.321    0.0052      C  2                561.959A    -3.794    0.0018
H  1                3797.90A    -2.307    0.0542      Fe 3                4754.69A    -2.812    0.0169      C  2                530.721A    -3.820    0.0017
H  1                3770.63A    -2.314    0.0533      Fe 3                4701.54A    -2.650    0.0246      C  2                544.909A    -3.838    0.0016
H  1                3750.15A    -2.419    0.0419      Fe 3                4667.01A    -3.696    0.0022      C  2                535.300A    -3.851    0.0015
H  1                3734.37A    -2.515    0.0336      Fe 3                4079.70A    -3.780    0.0018      C  2                550.361A    -3.936    0.0013
H  1                3721.94A    -2.603    0.0274      Fe 3                3371.41A    -3.084    0.0091      C  2                467.460A    -4.016    0.0011
H  1                3711.97A    -2.685    0.0227      Fe 3                3286.19A    -3.544    0.0031      C  3                271.090A    -3.558    0.0030
H  1                3703.85A    -2.761    0.0191      Fe 3                2464.51A    -3.500    0.0035      C  3                268.600A    -3.580    0.0029
H  1                3697.15A    -2.831    0.0162      Fe 3                51.6655m    -3.403    0.0043      C  3                266.880A    -3.602    0.0027
H  1                3691.55A    -2.896    0.0140      Fe 3                5011.26A    -3.034    0.0102      C  3                288.500A    -3.610    0.0027
H  1                3686.83A    -2.955    0.0122      Fe 3                4769.43A    -3.117    0.0084      C  4                223.140A    -3.634    0.0026
H  1                3682.81A    -3.007    0.0108      Fe 3                4733.91A    -3.155    0.0077      C  4                212.750A    -3.793    0.0018
H  1                3679.35A    -3.052    0.0097      Fe 3                3406.18A    -3.447    0.0039      C  4                206.950A    -3.895    0.0014
H  1                1.87510m    -1.559    0.3031      Fe 3                3334.90A    -3.554    0.0031      C  4                203.370A    -3.988    0.0011
H  1                1.28181m    -1.850    0.1550      Fe 3                3319.22A    -3.711    0.0021      N  1                942.258A    -3.834    0.0016
H  1                1.09381m    -2.099    0.0875      Fe 3                2483.05A    -3.670    0.0024      N  2                532.161A    -3.858    0.0015
H  1                1.00494m    -2.307    0.0542      Fe 3                5411.98A    -3.429    0.0041      N  2                634.441A    -3.986    0.0011
H  1                9545.97A    -2.485    0.0360      Fe 3                4930.54A    -3.707    0.0022      N  2                475.141A    -3.962    0.0012
H  1                9229.02A    -2.641    0.0251      Fe 3                4777.68A    -3.475    0.0037      N  2                528.139A    -4.022    0.0010
H  1                9014.91A    -2.779    0.0183      Fe 3                3356.57A    -3.634    0.0026      N  3                293.510A    -3.561    0.0030
H  1                8862.79A    -2.829    0.0163      Fe 3                3355.48A    -3.894    0.0014      N  3                283.090A    -3.599    0.0028
H  1                8750.48A    -2.934    0.0128      Fe 3                2495.04A    -3.908    0.0014      N  3                264.550A    -3.614    0.0027
H  1                8665.02A    -3.029    0.0103      Fe 3                5084.77A    -3.809    0.0017      N  3                277.180A    -3.627    0.0026
H  1                8598.40A    -3.118    0.0084      Fe 3                3366.21A    -3.956    0.0012      N  3                312.110A    -3.632    0.0026
H  1                8545.39A    -3.199    0.0069      Fe 3                40.0371m    -3.998    0.0011      N  3                273.490A    -3.656    0.0024
H  1                8502.49A    -3.275    0.0058      Fe 3                2.21782m    -3.169    0.0075      N  3                267.450A    -3.676    0.0023
H  1                8467.26A    -3.345    0.0050      Fe 3                9701.27A    -3.390    0.0045      N  3                248.910A    -3.716    0.0021
H  1                8437.96A    -3.409    0.0043      Fe 3                2.34788m    -3.347    0.0049      N  3                271.020A    -3.684    0.0023
H  1                8413.32A    -3.468    0.0037      Fe 3                9942.18A    -3.584    0.0029      N  3                305.650A    -3.697    0.0022
H  1                8392.40A    -3.521    0.0033      Fe 3                2.24204m    -3.910    0.0014      N  3                269.290A    -3.707    0.0022
H  1                8374.48A    -3.566    0.0030      Fe 3                3.22847m    -3.694    0.0022      N  3                300.710A    -3.718    0.0021
H  1                4.05115m    -2.212    0.0674      Fe 3                2.87385m    -3.648    0.0025      N  3                238.620A    -3.844    0.0016
H  1                2.62515m    -2.429    0.0409      Fe 7                9.50763m    -2.334    0.0510      N  3                234.300A    -3.871    0.0015
H  1                2.16553m    -2.630    0.0257      Fe 7                5720.71A    -3.160    0.0076      N  3                286.900A    -3.829    0.0016
H  1                1.94456m    -2.806    0.0172      Fe 7                4988.55A    -3.375    0.0046      N  3                231.470A    -3.949    0.0012
H  1                1.81741m    -2.962    0.0120      Fe 7                4893.37A    -3.647    0.0025      N  3                279.440A    -3.900    0.0014
H  1                1.73621m    -3.100    0.0087      Fe 7                7.81037m    -2.870    0.0148      N  3                229.580A    -4.020    0.0010
H  1                1.68065m    -3.199    0.0070      Fe 7                6086.97A    -2.985    0.0114      N  3                274.950A    -3.964    0.0012
H  1                1.64072m    -3.302    0.0055      Fe 7                5158.89A    -3.514    0.0034      N  3                272.030A    -4.012    0.0011
H  1                1.61093m    -3.398    0.0044      Fe 7                3586.32A    -3.622    0.0026      N  4                197.610A    -3.745    0.0020
H  1                1.58805m    -3.486    0.0036      Fe 7                3758.92A    -3.469    0.0037      N  4                182.190A    -3.936    0.0013
H  1                1.57007m    -3.567    0.0030      K  3                4.61683m    -3.148    0.0078      O  1                976.791A    -3.696    0.0022
H  1                1.55565m    -3.643    0.0025      K  4                5.98030m    -3.247    0.0062      O  1                969.049A    -3.696    0.0022
H  1                1.54389m    -3.712    0.0021      Mg 1                2852.13A    -3.225    0.0065      O  1                946.387A    -3.742    0.0020
H  1                1.53418m    -3.777    0.0018      Mg 1                4562.60A    -3.248    0.0062      O  1                934.501A    -3.778    0.0018
H  1                1.52605m    -3.836    0.0016      Mg 1                4571.10A    -3.680    0.0023      O  1                973.577A    -3.794    0.0018
H  1                1.51919m    -3.888    0.0014      Mg 3                231.734A    -3.594    0.0028      O  1                927.472A    -3.813    0.0017
H  1                1.51332m    -3.933    0.0013      Mg 3                234.264A    -3.834    0.0016      O  1                948.506A    -3.854    0.0015
H  1                7.45782m    -2.731    0.0204      Mn 2                2576.10A    -3.950    0.0012      O  1                922.969A    -3.851    0.0015
H  1                4.65251m    -2.898    0.0139      Mn 2                2593.72A    -4.016    0.0011      O  1                919.912A    -3.889    0.0014
H  1                3.73954m    -3.066    0.0094      N  1                1134.17A    -3.948    0.0012      O  1                935.672A    -3.918    0.0013
H  1                3.29609m    -3.218    0.0067      N  1                1134.41A    -3.866    0.0015      O  1                917.726A    -3.930    0.0013
H  1                3.03837m    -3.355    0.0049      N  1                1134.98A    -3.829    0.0016      O  1                918.704A    -3.962    0.0012
H  1                2.87221m    -3.488    0.0036      N  1                1199.55A    -3.551    0.0031      O  1                928.186A    -3.985    0.0011
H  1                2.75752m    -3.591    0.0028      N  1                1200.22A    -3.590    0.0028      O  1                917.473A    -4.007    0.0011
H  1                2.67440m    -3.686    0.0023      N  1                1200.71A    -3.710    0.0021      O  2                425.190A    -3.629    0.0026
H  1                2.61194m    -3.773    0.0019      N  1                5197.90A    -3.880    0.0014      O  2                388.410A    -3.682    0.0023
H  1                2.56363m    -3.854    0.0015      N  1                5200.26A    -3.891    0.0014      O  2                373.600A    -3.727    0.0021
H  1                2.52540m    -3.929    0.0013      N  4                1486.50A    -2.768    0.0187      O  2                361.821A    -3.744    0.0020
H  1                2.49458m    -3.999    0.0011      N  4                1483.32A    -2.622    0.0263      O  2                366.060A    -3.759    0.0019
H  1                12.3685m    -3.167    0.0075      N  4                765.147A    -3.412    0.0043      O  2                360.570A    -3.831    0.0016
H  1                7.50045m    -3.299    0.0055      N  4                247.205A    -3.681    0.0023      O  2                414.619A    -3.941    0.0013
H  1                5.90660m    -3.440    0.0040      N  4                463.736A    -3.855    0.0015      O  2                358.780A    -3.958    0.0012
H  1                5.12726m    -3.573    0.0029      N  5                209.274A    -3.857    0.0015      O  2                356.930A    -3.960    0.0012
H  1                4.67124m    -3.726    0.0021      N  5                209.308A    -3.972    0.0012      O  2                355.610A    -3.999    0.0011
H  1                4.37526m    -3.828    0.0016      N  5                1238.82A    -3.521    0.0033      O  3                305.400A    -2.851    0.0155
H  1                4.16966m    -3.922    0.0013      N  5                1242.80A    -3.619    0.0026      O  3                268.070A    -3.294    0.0056
H  1                4.01977m    -4.009    0.0011      Ne 2                12.8101m    -3.062    0.0095      O  3                263.850A    -3.324    0.0052
H  1                19.0567m    -3.543    0.0031      Ne 3                15.5509m    -1.116    0.8405      O  3                373.640A    -3.382    0.0046
H  1                11.3056m    -3.648    0.0025      Ne 3                3868.76A    -1.202    0.6895      O  3                265.020A    -3.351    0.0049
H  1                8.75768m    -3.770    0.0019      Ne 3                489.500A    -3.960    0.0012      O  3                248.730A    -3.454    0.0039
H  1                7.50606m    -3.930    0.0013      Ne 3                36.0036m    -2.159    0.0762      O  3                241.200A    -3.510    0.0034
H  1                6.77015m    -4.031    0.0010      Ne 3                3967.47A    -1.720    0.2093      O  3                248.620A    -3.537    0.0032
H  1                27.7958m    -3.872    0.0015      Ne 3                1814.56A    -3.527    0.0033      O  3                236.890A    -3.547    0.0031
H  1                16.2047m    -3.959    0.0012      Ne 3                491.045A    -3.295    0.0056      O  3                234.190A    -3.570    0.0030
He 2                303.784A    -0.133    8.0906      Ne 3                489.645A    -3.628    0.0026      O  3                276.900A    -3.536    0.0032
He 2                256.317A    -3.075    0.0092      Ne 3                313.688A    -3.575    0.0029      O  3                241.140A    -3.572    0.0029
He 2                243.027A    -3.195    0.0070      Ne 3                490.311A    -3.671    0.0023      O  3                280.450A    -3.566    0.0030
He 2                237.331A    -3.255    0.0061      Ne 3                313.961A    -4.038    0.0010      O  3                263.230A    -3.566    0.0030
He 2                234.347A    -3.292    0.0056      Ne 3                3342.18A    -4.009    0.0011      O  3                232.380A    -3.587    0.0028
He 2                232.584A    -3.319    0.0053      Ne 5                24.3108m    -1.547    0.3119      O  3                236.860A    -3.602    0.0027
He 2                231.454A    -3.336    0.0051      Ne 5                14.3178m    -1.682    0.2286      O  3                231.110A    -3.603    0.0027
He 2                230.686A    -3.363    0.0048      Ne 5                3345.82A    -2.943    0.0125      O  3                255.390A    -3.609    0.0027
He 2                230.139A    -3.382    0.0046      Ne 5                569.756A    -3.650    0.0025      O  3                232.350A    -3.618    0.0026
He 2                229.736A    -3.368    0.0047      Ne 5                481.293A    -3.982    0.0011      O  3                234.180A    -3.626    0.0026
He 2                229.431A    -3.379    0.0046      Ne 5                481.366A    -4.029    0.0010      O  3                230.150A    -3.708    0.0021
He 2                229.194A    -3.391    0.0045      Ne 5                358.474A    -3.927    0.0013      O  3                231.100A    -3.655    0.0024
He 2                229.006A    -3.402    0.0043      Ne 5                3425.88A    -2.511    0.0339      O  3                244.650A    -3.656    0.0024
He 2                228.855A    -3.414    0.0042      Ne 5                482.990A    -3.644    0.0025      O  3                238.930A    -3.692    0.0022
He 2                228.731A    -3.424    0.0041      Ne 5                482.994A    -3.887    0.0014      O  3                233.340A    -3.702    0.0022
He 2                228.629A    -3.434    0.0040      Ne 5                359.374A    -3.428    0.0041      O  3                235.520A    -3.719    0.0021
He 2                228.543A    -3.441    0.0040      O  1                1040.94A    -3.885    0.0014      O  3                232.490A    -3.793    0.0018
He 2                228.471A    -3.446    0.0039      O  1                1304.86A    -3.347    0.0049      O  3                235.000A    -3.822    0.0017
He 2                228.409A    -3.448    0.0039      O  1                1306.03A    -3.824    0.0016      O  4                239.130A    -2.964    0.0119
He 2                228.356A    -3.444    0.0039      O  1                6300.30A    -2.602    0.0275      O  4                207.610A    -3.553    0.0031
He 2                1640.41A    -0.960    1.2036      O  1                6363.78A    -3.098    0.0088      O  4                196.560A    -3.609    0.0027
He 2                1215.13A    -1.433    0.4055      O  1                63.1679m    -3.150    0.0078      O  4                214.760A    -3.552    0.0031
He 2                1084.94A    -1.770    0.1864      O  2                539.086A    -3.834    0.0016      O  4                181.780A    -3.729    0.0021
He 2                1025.27A    -2.030    0.1026      O  2                539.547A    -3.878    0.0015      O  4                280.550A    -3.458    0.0038
He 2                992.358A    -2.240    0.0631      O  2                539.854A    -3.962    0.0012      O  4                174.710A    -3.803    0.0017
He 2                972.106A    -2.418    0.0420      O  2                832.758A    -3.975    0.0012      O  4                203.010A    -3.697    0.0022
He 2                958.693A    -2.571    0.0295      O  2                833.330A    -3.900    0.0014      O  4                174.310A    -3.828    0.0016
He 2                949.323A    -2.705    0.0217      O  2                834.465A    -3.866    0.0015      O  4                182.700A    -3.807    0.0017
He 2                942.507A    -2.573    0.0294      O  2                2470.22A    -3.351    0.0049      O  4                181.770A    -3.816    0.0017
He 2                937.389A    -2.668    0.0236      O  2                2470.34A    -2.761    0.0191      O  4                170.710A    -3.900    0.0014
He 2                933.444A    -2.755    0.0193      O  2                7318.92A    -3.434    0.0040      O  4                159.680A    -3.972    0.0012
He 2                930.337A    -2.835    0.0161      O  2                7319.99A    -2.954    0.0122      O  4                168.240A    -3.947    0.0012
He 2                927.846A    -2.909    0.0135      O  2                7329.67A    -3.211    0.0068      O  4                152.360A    -4.036    0.0010
He 2                925.816A    -2.978    0.0116      O  2                7330.73A    -3.223    0.0066      O  4                180.320A    -3.925    0.0013
He 2                924.142A    -3.041    0.0100      O  2                3728.81A    -1.375    0.4634      O  4                186.020A    -3.928    0.0013
He 2                922.743A    -3.100    0.0087      O  2                3726.03A    -1.376    0.4621      O  4                166.570A    -4.021    0.0010
He 2                921.562A    -3.153    0.0077      O  3                88.3323m    -0.977    1.1575      O  4                165.420A    -4.040    0.0010
He 2                920.556A    -3.200    0.0069      O  3                4931.23A    -3.771    0.0019      O  4                206.560A    -3.991    0.0011
He 2                919.693A    -3.239    0.0063      O  3                832.929A    -3.828    0.0016      Ne 2                444.150A    -3.939    0.0013
He 2                4685.68A    -1.846    0.1565      O  3                702.337A    -3.947    0.0012      Ne 2                356.870A    -3.893    0.0014
He 2                3203.08A    -2.169    0.0745      O  3                507.388A    -3.876    0.0015      Ne 2                404.130A    -3.995    0.0011
He 2                2733.28A    -2.433    0.0406      O  3                51.8004m    -0.624    2.6082      Ne 2                327.700A    -4.028    0.0010
He 2                2511.19A    -2.648    0.0247      O  3                4958.91A    -0.362    4.7775      Ne 2                331.200A    -4.029    0.0010
He 2                2385.39A    -2.830    0.0162      O  3                2320.95A    -2.589    0.0283      Ne 3                250.920A    -3.471    0.0037
He 2                2306.18A    -2.987    0.0113      O  3                1660.81A    -2.423    0.0414      Ne 3                227.420A    -3.606    0.0027
He 2                2252.67A    -3.125    0.0082      O  3                833.715A    -3.630    0.0026      Ne 3                218.360A    -3.871    0.0015
He 2                2214.65A    -3.088    0.0090      O  3                833.749A    -3.826    0.0016      Ne 3                223.310A    -3.823    0.0016
He 2                2186.59A    -3.182    0.0072      O  3                702.838A    -3.596    0.0028      Ne 3                228.870A    -3.583    0.0029
He 2                2165.23A    -3.269    0.0059      O  3                702.896A    -3.957    0.0012      Ne 3                281.580A    -3.578    0.0029
He 2                2148.58A    -3.349    0.0049      O  3                507.680A    -3.470    0.0037      Ne 3                204.530A    -4.031    0.0010
He 2                2135.34A    -3.423    0.0041      O  3                5006.84A     0.099   13.8083      Ne 3                227.190A    -3.703    0.0022
He 2                2124.61A    -3.492    0.0035      O  3                1666.15A    -2.023    0.1041      Ne 3                212.550A    -4.019    0.0011
He 2                2115.81A    -3.555    0.0031      O  3                835.059A    -3.682    0.0023      Ne 3                265.510A    -3.609    0.0027
He 2                2108.49A    -3.614    0.0027      O  3                835.092A    -3.557    0.0030      Ne 3                218.030A    -4.003    0.0011
He 2                2102.33A    -3.667    0.0024      O  3                835.289A    -3.668    0.0024      Ne 3                238.070A    -3.716    0.0021
He 2                2097.10A    -3.714    0.0021      O  3                703.851A    -3.519    0.0033      Ne 4                171.550A    -3.646    0.0025
He 2                2092.63A    -3.753    0.0019      O  3                703.854A    -3.461    0.0038      Ne 4                148.550A    -3.918    0.0013
He 2                1.01235m    -2.462    0.0379      O  3                508.178A    -2.873    0.0147      Ne 4                207.180A    -3.730    0.0020
He 2                6560.01A    -2.699    0.0219      O  3                4363.21A    -1.962    0.1199      Ne 4                159.100A    -3.955    0.0012
He 2                5411.45A    -2.914    0.0134      O  5                1213.81A    -3.981    0.0011      Ne 5                143.350A    -3.865    0.0015
He 2                4859.26A    -3.099    0.0088      O  5                629.732A    -3.401    0.0044      Ne 5                142.640A    -4.039    0.0010
He 2                4541.54A    -3.258    0.0061      O  5                172.169A    -3.955    0.0012      Mg 3                183.540A    -3.961    0.0012
He 2                4338.62A    -3.399    0.0044      P  2                32.8620m    -3.961    0.0012      Mg 4                147.190A    -3.976    0.0012
He 2                4199.78A    -3.457    0.0038      P  2                1.14682m    -3.640    0.0025      Si 2                1179.59A    -3.197    0.0070
He 2                4099.99A    -3.551    0.0031      P  2                1.18828m    -3.217    0.0067      Si 2                993.354A    -3.711    0.0021
He 2                4025.55A    -3.638    0.0025      P  3                17.8797m    -3.277    0.0058      Si 2                1024.03A    -3.886    0.0014
He 2                3968.39A    -3.717    0.0021      P  4                950.657A    -3.812    0.0017      Si 3                564.611A    -3.978    0.0012
He 2                3923.44A    -3.791    0.0018      S  2                6730.82A    -1.858    0.1522      Si 3                464.939A    -3.938    0.0013
He 2                3887.40A    -3.860    0.0015      S  2                6716.44A    -1.869    0.1484      Si 4                329.800A    -3.857    0.0015
He 2                3858.03A    -3.923    0.0013      S  2                4076.35A    -3.238    0.0063      Si 4                312.700A    -3.918    0.0013
He 2                3833.76A    -3.981    0.0011      S  2                4068.60A    -2.742    0.0199      Si 4                302.870A    -3.983    0.0011
He 2                3813.45A    -4.034    0.0010      S  2                1.03364m    -3.377    0.0046      Si 4                296.640A    -4.035    0.0010
He 2                1.86365m    -2.964    0.0119      S  2                1.02867m    -3.368    0.0047      S  2                750.323A    -3.954    0.0012
He 2                1.16262m    -3.142    0.0079      S  2                1.03705m    -3.698    0.0022      S  3                667.049A    -3.448    0.0039
He 2                9344.80A    -3.318    0.0053      S  2                1.03205m    -3.234    0.0064      S  3                691.219A    -3.579    0.0029
He 2                8236.67A    -3.477    0.0037      S  2                1259.52A    -3.917    0.0013      S  3                704.220A    -3.633    0.0026
He 2                7592.65A    -3.618    0.0026      S  2                1253.81A    -3.959    0.0012      S  3                671.510A    -3.924    0.0013
He 2                7177.41A    -3.746    0.0020      S  3                33.4704m    -1.418    0.4199      S  3                482.139A    -3.846    0.0016
He 2                6890.80A    -3.840    0.0016      S  3                18.7078m    -1.381    0.4565      S  3                474.260A    -3.916    0.0013
He 2                6683.11A    -3.925    0.0013      S  3                9068.62A    -1.459    0.3815      S  3                480.121A    -3.956    0.0012
He 2                6527.01A    -4.005    0.0011      S  3                9530.62A    -1.059    0.9583      S  3                420.730A    -4.006    0.0011
He 2                3.09080m    -3.392    0.0045      S  3                3721.63A    -2.820    0.0166      S  4                330.110A    -3.851    0.0015
He 2                1.87431m    -3.527    0.0033      S  3                6312.06A    -2.547    0.0312      S  4                370.000A    -3.867    0.0015
He 2                1.47602m    -3.674    0.0023      S  3                1713.11A    -3.674    0.0023      S  4                341.260A    -3.876    0.0015
He 2                1.28127m    -3.810    0.0017      S  3                1728.94A    -3.221    0.0066      S  4                295.300A    -3.934    0.0013
He 2                1.16730m    -3.985    0.0011      S  3                1194.45A    -3.820    0.0017      S  4                321.910A    -3.921    0.0013
He 2                4.76213m    -3.765    0.0019      S  3                1201.73A    -3.979    0.0012      S  4                274.000A    -3.946    0.0012
He 2                2.82519m    -3.869    0.0015      S  3                1200.97A    -3.971    0.0012      S  4                306.380A    -3.990    0.0011
He 2                2.18848m    -3.992    0.0011      S  3                1015.50A    -3.972    0.0012      S  5                285.830A    -3.886    0.0014
He-like iso-sequence............................      S  3                1021.11A    -3.666    0.0024      Ar 3                458.140A    -3.432    0.0041
He 1                591.412A    -3.423    0.0041      S  3                1021.32A    -3.766    0.0019      Ar 3                464.671A    -3.565    0.0030
Blnd                591.412A    -3.421    0.0042      S  5                786.468A    -3.672    0.0023      Ar 3                451.091A    -3.785    0.0018
He 1                584.334A    -2.046    0.0989      Si 2                34.8046m    -1.754    0.1934      Ar 3                472.659A    -3.764    0.0019
He 1                537.030A    -3.042    0.0100      Si 2                2334.41A    -3.161    0.0076      Ar 3                488.909A    -3.888    0.0014
He 1                522.213A    -3.187    0.0071      Si 2                2328.52A    -3.736    0.0020      Ar 3                388.490A    -3.889    0.0014
He 1                515.617A    -3.273    0.0059      Si 2                1808.01A    -2.889    0.0142      Ar 3                527.451A    -3.920    0.0013
He 1                512.099A    -3.340    0.0050      Si 2                1526.71A    -3.749    0.0020      Ar 3                360.940A    -3.961    0.0012
He 1                625.563A    -0.793    1.7693      Si 2                1260.42A    -3.619    0.0026      Ar 3                345.990A    -3.959    0.0012
He 1                510.018A    -3.446    0.0039      Si 2                1193.29A    -3.778    0.0018      Ar 3                365.099A    -3.991    0.0011
He 1                508.657A    -3.465    0.0038      Si 2                1190.42A    -3.916    0.0013      Ar 4                444.680A    -3.300    0.0055
He 1                507.727A    -3.516    0.0033      Si 2                2350.17A    -3.035    0.0101      Ar 4                392.000A    -3.875    0.0015
He 1                507.065A    -3.503    0.0035      Si 2                2344.20A    -2.588    0.0284      Ar 4                278.290A    -3.992    0.0011
He 1                506.576A    -3.522    0.0033      Si 2                2334.60A    -2.542    0.0315      Ar 5                441.850A    -3.735    0.0020
He 1                506.204A    -3.545    0.0031      Si 2                1817.45A    -3.100    0.0087      Ar 5                455.901A    -3.874    0.0015
He 1                505.916A    -3.568    0.0030      Si 2                1816.93A    -2.557    0.0304      Ca 3                351.260A    -3.308    0.0054
He 1                505.687A    -3.593    0.0028      Si 2                1533.43A    -3.144    0.0079      Ca 3                298.430A    -3.691    0.0022
He 1                505.502A    -3.618    0.0026      Si 2                1309.28A    -3.470    0.0037      Ca 3                277.760A    -3.866    0.0015
He 1                505.352A    -3.643    0.0025      Si 2                1265.00A    -3.257    0.0061      Ca 3                267.540A    -3.954    0.0012
He 1                505.227A    -3.669    0.0024      Si 2                1264.74A    -3.375    0.0046      Ca 3                308.360A    -3.996    0.0011
He 1                505.122A    -3.694    0.0022      Si 2                1197.39A    -3.361    0.0048      Ca 3                261.770A    -4.035    0.0010
He 1                505.033A    -3.719    0.0021      Si 2                1194.50A    -3.291    0.0056      Ca 4                303.870A    -3.325    0.0052
He 1                504.958A    -3.802    0.0017      Si 3                1892.03A    -1.880    0.1449      Ca 4                310.370A    -3.526    0.0033
He 1                504.893A    -3.805    0.0017      Si 3                1882.71A    -1.715    0.2118      Ca 4                307.850A    -3.477    0.0037
He 1                504.836A    -3.792    0.0018      Si 3                1206.50A    -2.661    0.0240      Ca 4                323.400A    -3.531    0.0032
He 1                504.787A    -3.848    0.0016      Si 4                1393.75A    -2.302    0.0548      Ca 4                319.070A    -3.443    0.0040
He 1                504.744A    -3.814    0.0017      Si 4                1402.77A    -2.559    0.0303      Ca 4                243.380A    -3.970    0.0012
He 1                504.706A    -3.752    0.0019      Ti 5                252.959A    -3.807    0.0017      Ca 4                237.560A    -3.982    0.0011
He 1                504.672A    -2.967    0.0119      Al 2                2669.15A    -2.835    0.0161      Ca 4                234.960A    -4.013    0.0011
He 1                1.08291m    -2.675    0.0232      Al 2                2660.35A    -2.686    0.0226      Ca 4                342.770A    -4.039    0.0010
He 1                1.08302m    -2.134    0.0808      Al 2                1670.79A    -3.023    0.0104      Ca 5                314.530A    -3.536    0.0032
He 1                1.08303m    -1.836    0.1603      Al 5                2.90450m    -3.109    0.0085      Ca 5                325.410A    -3.633    0.0026
Blnd                1.08302m    -1.619    0.2643      C  4                1550.77A    -1.779    0.1825      Ca 5                332.080A    -3.865    0.0015
He 1                3888.64A    -2.298    0.0554      C  4                1548.19A    -1.489    0.3562      Ca 6                330.390A    -3.971    0.0012
He 1                3187.74A    -2.616    0.0266      C  4                419.525A    -3.907    0.0014      Fe 4                309.190A    -3.579    0.0029
He 1                2945.10A    -2.888    0.0142      C  4                419.714A    -3.608    0.0027      Fe 4                532.950A    -3.698    0.0022
He 1                2829.08A    -3.120    0.0083      C  4                312.451A    -3.485    0.0036      Fe 4                275.130A    -3.696    0.0022
He 1                2760.44A    -3.756    0.0019      C  4                312.420A    -3.461    0.0038      Fe 4                259.600A    -3.781    0.0018
He 1                2721.00A    -3.885    0.0014      C  4                244.911A    -3.861    0.0015      Fe 4                251.070A    -3.855    0.0015
He 1                2694.61A    -4.005    0.0011      C  4                244.903A    -3.824    0.0016      Fe 4                245.840A    -3.889    0.0014
He 1                2.05813m    -2.994    0.0111      Ca 2                7323.89A    -3.081    0.0091      Fe 4                326.120A    -3.874    0.0015
He 1                5015.68A    -2.753    0.0194      Ca 2                7291.47A    -2.895    0.0140      Fe 4                242.370A    -3.913    0.0013
He 1                3964.73A    -3.147    0.0078      Ca 2                3968.47A    -3.540    0.0032      Fe 4                239.960A    -3.934    0.0013
He 1                3613.64A    -3.460    0.0038      Ca 2                8662.14A    -3.958    0.0012      Fe 4                281.200A    -3.935    0.0013
He 1                3447.59A    -3.722    0.0021      Ca 2                3933.66A    -3.416    0.0042      Fe 4                262.550A    -3.980    0.0012
He 1                7065.71A    -3.382    0.0046      Ca 2                8542.09A    -3.590    0.0028      Fe 5                236.210A    -3.690    0.0022
He 1                7065.21A    -2.905    0.0137      Ca 5                4.15739m    -2.709    0.0215      Fe 5                236.300A    -3.728    0.0021
He 1                7065.18A    -2.683    0.0228      Ca 5                11.4792m    -3.852    0.0015      Fe 5                391.409A    -3.709    0.0021
Blnd                7065.25A    -2.428    0.0410      Ca 5                5309.11A    -3.080    0.0091      Fe 5                227.780A    -3.796    0.0018
He 1                5875.98A    -3.049    0.0098      Ca 5                6086.37A    -3.791    0.0018      Fe 5                389.529A    -3.813    0.0017
He 1                5875.64A    -2.572    0.0294      Cl 2                14.3639m    -3.832    0.0016      Fe 5                369.760A    -3.796    0.0018
He 1                5875.61A    -2.350    0.0491      Cl 2                8578.70A    -3.448    0.0039      Fe 5                236.880A    -3.843    0.0016
Blnd                5875.66A    -2.095    0.0883      Cl 2                9123.60A    -4.032    0.0010      Fe 5                241.720A    -3.993    0.0011
He 1                4713.16A    -3.873    0.0015      Cl 3                5537.87A    -2.954    0.0122      Fe 5                232.230A    -4.032    0.0010
He 1                4713.14A    -3.651    0.0025      Cl 3                5517.71A    -2.863    0.0151      Fe 5                241.470A    -4.034    0.0010
Blnd                4713.17A    -3.395    0.0044      Cl 3                3342.80A    -3.811    0.0017      Fe 6                174.510A    -3.826    0.0016
He 1                4471.69A    -3.471    0.0037      Cl 4                20.3197m    -2.517    0.0334      Fe 6                156.820A    -3.871    0.0015
He 1                4471.49A    -2.994    0.0111      Cl 4                11.7629m    -2.564    0.0300      Fe 6                180.240A    -3.946    0.0012
He 1                4471.47A    -2.772    0.0186      Cl 4                7530.54A    -3.045    0.0099      Fe 6                185.150A    -3.946    0.0012
Blnd                4471.50A    -2.517    0.0334      Cl 4                8045.62A    -2.682    0.0229      Fe 6                295.530A    -3.760    0.0019
Blnd                4120.84A    -3.874    0.0015      Fe 4                3094.96A    -1.924    0.1308      Fe 6                292.810A    -3.805    0.0017
He 1                4026.36A    -3.791    0.0018      Fe 4                2835.74A    -1.410    0.4275      Fe 6                279.220A    -3.935    0.0013
He 1                4026.20A    -3.313    0.0053      Fe 4                2829.36A    -1.684    0.2271      Fe 6                296.190A    -3.975    0.0012
He 1                4026.19A    -3.092    0.0089      Fe 4                2823.50A    -2.942    0.0126      Fe 7                152.390A    -3.991    0.0011
Blnd                4026.21A    -2.836    0.0160      Fe 4                2577.92A    -3.283    0.0057      Fe 7                234.000A    -3.981    0.0011
He 1                3819.61A    -3.573    0.0029      Fe 4                2.83562m    -2.805    0.0172      P  2                967.202A    -3.980    0.0012
He 1                3819.60A    -3.351    0.0049      Fe 4                2.80554m    -3.343    0.0050      P  2                963.828A    -3.898    0.0014
Blnd                3819.62A    -3.096    0.0088      Fe 4                2.86447m    -3.139    0.0080      Ti 2                3364.74A    -3.846    0.0016
He 1                3704.90A    -3.993    0.0011      Fe 4                2567.61A    -2.324    0.0521      Ti 2                3237.15A    -4.026    0.0010
He 1                3704.76A    -3.516    0.0033      Fe 4                2.71569m    -3.440    0.0040      Cr 2                2059.78A    -3.925    0.0013
He 1                3704.75A    -3.294    0.0056      Fe 4                2567.40A    -3.075    0.0092      Ni 2                1751.83A    -3.968    0.0012
Blnd                3704.77A    -3.039    0.0100      Fe 4                2.71341m    -3.970    0.0012      Ni 2                1744.24A    -3.897    0.0014
He 1                3634.08A    -3.682    0.0023      Fe 4                2.77325m    -3.647    0.0025      Ni 2                1375.73A    -3.980    0.0012
He 1                3634.07A    -3.460    0.0038      Fe 4                6739.82A    -2.835    0.0161      Ni 2                1324.11A    -3.989    0.0011
Blnd                3634.09A    -3.204    0.0069      Fe 4                6761.38A    -3.336    0.0051      hyperfine structure.............................
He 1                3587.16A    -3.826    0.0016      Fe 4                6734.42A    -2.960    0.0121      inner shell.....................................
He 1                3587.15A    -3.605    0.0027      Fe 4                6997.10A    -3.658    0.0024      molecules.......................................
Blnd                3587.17A    -3.349    0.0049      Fe 4                6792.48A    -3.820    0.0017      bands...........................................
He 1                3554.34A    -3.956    0.0012      Fe 4                5233.76A    -3.418    0.0042      Fe 2b               2500.00A    -1.910    0.1352
He 1                3554.33A    -3.734    0.0020      Fe 4                5033.59A    -3.760    0.0019      Fe 2b               5000.00A    -2.066    0.0943
Blnd                3554.35A    -3.479    0.0036      Fe 4                4906.56A    -3.113    0.0085      Fe 2b               7000.00A    -2.667    0.0237
He 1                3530.43A    -3.853    0.0015      Fe 4                4917.97A    -3.621    0.0026      Fe 2b               10000.0A    -1.753    0.1938
Blnd                3530.44A    -3.597    0.0028      Fe 4                7222.76A    -3.595    0.0028      Fe 2b               2355.00A    -2.366    0.0473
He 1                3512.46A    -3.960    0.0012      Fe 4                4899.97A    -3.454    0.0039      Fe 2b               2430.00A    -1.936    0.1272
Blnd                3512.48A    -3.704    0.0022      Fe 4                4903.07A    -3.434    0.0040      Fe 2b               2445.00A    -1.936    0.1272
Blnd                3498.62A    -3.803    0.0017      Fe 4                7183.99A    -3.783    0.0018      Fe 2b               2495.00A    -2.893    0.0140
Blnd                3487.70A    -3.894    0.0014      Fe 4                4868.16A    -3.578    0.0029      Fe 2b               2610.00A    -2.222    0.0659
Blnd                3478.95A    -3.979    0.0012      Fe 4                4869.23A    -3.924    0.0013      Fe 2b               2758.00A    -3.182    0.0072
He 1                3439.98A    -3.891    0.0014      Fe 4                7191.23A    -3.826    0.0016      Fe 2b               2780.00A    -3.156    0.0077
Blnd                3440.00A    -3.636    0.0025      Fe 4                4867.95A    -3.643    0.0025      Fe 2b               3250.00A    -3.664    0.0024
He 1                7281.35A    -3.328    0.0052      Fe 4                4206.59A    -3.698    0.0022      Fe 2b               3590.00A    -3.731    0.0020
He 1                6678.15A    -2.666    0.0237      Fe 4                4208.88A    -3.731    0.0020      Fe 2b               4255.00A    -2.527    0.0326
He 1                5047.74A    -3.908    0.0014      Fe 4                4144.20A    -3.738    0.0020      Fe 2b               4558.00A    -3.276    0.0058
He 1                4921.93A    -3.094    0.0088      Fe 4                4152.34A    -4.039    0.0010      Fe 2b               4600.00A    -3.242    0.0063
He 1                4387.93A    -3.413    0.0042      Fe 5                70.3538m    -2.311    0.0537      Fe 2b               4743.00A    -3.941    0.0013
He 1                4143.76A    -3.670    0.0024      Fe 5                36.3273m    -2.108    0.0857      Fe 2b               4855.00A    -3.366    0.0047
He 1                4009.05A    -3.676    0.0023      Fe 5                25.9131m    -2.212    0.0674      Fe 2b               4920.00A    -2.851    0.0155
He 1                3926.41A    -3.843    0.0016      Fe 5                20.8407m    -2.473    0.0369      Fe 2b               4975.00A    -3.381    0.0046
He 1                3871.69A    -3.990    0.0011      Fe 5                4180.59A    -2.957    0.0121      Fe 2b               4971.00A    -3.416    0.0042
He 1                4.29471m    -3.450    0.0039      Fe 5                4143.15A    -2.700    0.0219      Fe 2b               5070.00A    -3.303    0.0055
He 1                1.25275m    -3.707    0.0022      Fe 5                4227.19A    -1.992    0.1120      Fe 2b               5143.00A    -2.762    0.0190
He 1                9463.58A    -3.920    0.0013      Fe 5                4003.21A    -3.653    0.0024      Fe 2b               5270.00A    -2.476    0.0367
He 1                1.70025m    -3.667    0.0024      Fe 5                4071.24A    -2.721    0.0209      Fe 2b               5318.00A    -2.793    0.0177
He 1                1.19691m    -3.833    0.0016      Fe 5                3895.22A    -3.090    0.0089      Fe 2b               5540.00A    -3.641    0.0025
He 1                1.03113m    -4.036    0.0010      Fe 5                3851.34A    -3.357    0.0048      Fe 2b               7445.00A    -2.692    0.0223
He 1                9515.00A    -3.926    0.0013      Fe 5                3794.94A    -2.768    0.0187      Fe 2b               8625.00A    -2.623    0.0262
He 1                1.95431m    -3.941    0.0013      Fe 5                3755.70A    -3.050    0.0098      Fe 2b               1.03250m    -3.628    0.0026
He 1                1.86854m    -3.060    0.0096      Fe 5                3911.33A    -3.608    0.0027      Fe 2b               1.88900m    -2.482    0.0362
He 1                1.27849m    -3.391    0.0045      Fe 5                3839.27A    -2.740    0.0200      Fe 2b               2.20000m    -3.894    0.0014
He 1                1.09130m    -3.658    0.0024      Fe 5                3783.22A    -3.151    0.0078      miscellaneous...................................
He 1                1.00275m    -3.855    0.0015      Fe 5                3891.28A    -2.918    0.0133      C 2R                1335.00A    -2.043    0.0994
He 1                9526.01A    -4.030    0.0010      Fe 5                3819.95A    -3.588    0.0028      C 3R                977.000A    -2.179    0.0727
He 1                1.86972m    -3.541    0.0032      Fe 5                2.04669m    -3.877    0.0015      C 3R                1909.00A    -2.335    0.0508
He 1                1.27905m    -3.870    0.0015      Fe 5                3445.62A    -3.494    0.0035      C 3R                1175.00A    -2.516    0.0335
He 1                4.04791m    -3.782    0.0018      Fe 5                3400.41A    -3.862    0.0015      C 4R                1549.00A    -3.128    0.0082
extra Lyman.....................................      Fe 5                3463.51A    -3.445    0.0039      N 2R                1085.00A    -3.155    0.0077
database lines..................................      Fe 5                3406.89A    -3.982    0.0011      N 3R                990.000A    -2.254    0.0612
Al 3                1862.79A    -3.161    0.0076      Fe 5                2828.24A    -3.536    0.0032      O 2R                3729.00A    -3.080    0.0091
Al 3                1854.72A    -2.906    0.0137      Fe 5                2780.40A    -4.032    0.0010      O 2R                4651.00A    -3.355    0.0049
Al 6                3.65932m    -3.007    0.0108      Fe 5                2750.88A    -3.843    0.0016      O 2R                4341.00A    -3.631    0.0026
Ar 2                6.98337m    -3.582    0.0029      Fe 5                2730.21A    -3.753    0.0019      O 3R                835.000A    -2.277    0.0581
Ar 3                3109.18A    -3.463    0.0038      Fe 5                2717.82A    -3.793    0.0018      O 4R                789.000A    -2.488    0.0357
Ar 3                5191.82A    -3.798    0.0017      Fe 5                2707.36A    -3.742    0.0020      Blnd                1400.00A    -2.055    0.0969
Ar 3                7135.79A    -1.821    0.1658      Fe 6                19.5527m    -1.852    0.1544      Blnd                1650.00A    -0.911    1.3492
Ar 3                7751.11A    -2.446    0.0394      Fe 6                14.7670m    -2.071    0.0934      Blnd                1304.00A    -3.170    0.0074
Ar 3                8.98898m    -1.930    0.1290      Fe 6                12.3074m    -2.334    0.0509      Blnd                1039.00A    -3.657    0.0024
Ar 3                21.8253m    -3.100    0.0087      Fe 6                5335.18A    -2.528    0.0326      Blnd                2798.00A    -1.173    0.7373
Ar 4                2853.66A    -3.249    0.0062      Fe 6                5484.84A    -2.782    0.0182      Blnd                6720.00A    -1.563    0.3005
Ar 4                2868.22A    -3.594    0.0028      Fe 6                5631.07A    -2.679    0.0230      Blnd                4074.00A    -2.622    0.0262
Ar 4                4711.26A    -2.285    0.0570      Fe 6                5277.81A    -3.031    0.0102      Blnd                1.03300m    -2.731    0.0204
Ar 4                4740.12A    -2.429    0.0409      Fe 6                5424.22A    -2.700    0.0219      Blnd                1256.00A    -3.499    0.0035
Ar 5                6435.12A    -3.733    0.0020      Fe 6                5676.95A    -2.640    0.0252      Blnd                1198.00A    -3.287    0.0057
Ar 5                7005.83A    -3.402    0.0044      Fe 6                5426.64A    -2.970    0.0118      Blnd                1720.00A    -3.090    0.0089
Ar 5                7.89971m    -2.765    0.0189      Fe 6                5234.28A    -3.503    0.0035      Blnd                3722.00A    -2.814    0.0168
Ar 5                13.0985m    -2.549    0.0310      Fe 6                5370.29A    -3.590    0.0028      Blnd                1406.00A    -3.248    0.0062
Ar 6                4.52800m    -3.351    0.0049      Fe 6                5145.75A    -2.331    0.0513      Blnd                2665.00A    -2.453    0.0387
C  2                687.053A    -3.827    0.0016      Fe 6                4972.47A    -2.347    0.0494      Blnd                1860.00A    -2.714    0.0212
C  2                858.559A    -3.989    0.0011      Fe 6                5176.04A    -2.386    0.0452      Blnd                4725.00A    -2.050    0.0979
C  2                903.623A    -3.740    0.0020      Fe 6                4967.14A    -2.757    0.0192      Blnd                2860.00A    -3.087    0.0090
C  2                903.962A    -3.681    0.0023      Fe 6                3813.54A    -3.389    0.0045      Blnd                7250.00A    -3.655    0.0024
C  2                904.142A    -3.588    0.0028      Fe 6                3889.40A    -3.187    0.0071      Blnd                2335.00A    -2.140    0.0796
C  2                904.480A    -3.709    0.0021      Fe 6                1.28877m    -3.668    0.0024      Blnd                1888.00A    -1.489    0.3566
C  2                1036.34A    -3.535    0.0032      Fe 6                3662.50A    -3.152    0.0077      Blnd                1397.00A    -2.111    0.0851
C  2                1037.02A    -3.463    0.0038      Fe 6                3573.86A    -4.032    0.0010      Blnd                2424.00A    -2.017    0.1056
C  2                1334.53A    -3.438    0.0040      Fe 6                3492.10A    -3.784    0.0018      Blnd                3350.00A    -3.666    0.0024
C  2                1335.66A    -3.432    0.0041      Fe 6                3555.60A    -3.475    0.0037      Blnd                5525.00A    -2.605    0.0273
C  2                1335.71A    -3.180    0.0073      Fe 6                1.23303m    -3.382    0.0046      Blnd                8579.00A    -3.402    0.0044
C  2                2323.50A    -3.352    0.0049      Fe 6                1.34929m    -3.187    0.0071      Blnd                7306.00A    -2.677    0.0231
C  2                2324.69A    -3.130    0.0081      Fe 6                1.26742m    -3.558    0.0030      Blnd                3933.00A    -3.172    0.0074
C  2                2325.40A    -2.333    0.0510      Fe 8                5.44514m    -3.941    0.0013      Blnd                2326.00A    -2.029    0.1028
C  2                2326.93A    -2.570    0.0296      Mg 2                2802.71A    -1.647    0.2478      Blnd                1335.00A    -2.855    0.0153
C  2                2328.12A    -3.077    0.0092      Mg 2                2795.53A    -1.351    0.4895      Blnd                1909.00A    -1.064    0.9483
C  2                157.636m    -3.487    0.0036      Mg 4                4.48711m    -1.963    0.1196      Blnd                1549.00A    -1.309    0.5387
C  3                1908.73A    -1.461    0.3802      Mg 4                323.307A    -3.554    0.0031      Blnd                5199.00A    -3.584    0.0029
C  3                1906.68A    -1.286    0.5681      Mg 5                5.60700m    -2.047    0.0985      Blnd                1085.00A    -3.047    0.0099
C  3                977.020A    -2.417    0.0421      Mg 5                13.5464m    -3.122    0.0083      Blnd                2141.00A    -3.117    0.0084
C  3                386.203A    -3.723    0.0021      Mg 5                2782.76A    -2.945    0.0125      Blnd                1750.00A    -2.346    0.0495
C  3                2296.87A    -4.033    0.0010      Mg 5                2928.09A    -3.510    0.0034      Blnd                990.000A    -3.039    0.0100
C  3                884.524A    -3.828    0.0016      Mg 5                353.092A    -4.029    0.0010      Blnd                1486.00A    -2.388    0.0450
Ca 4                669.696A    -3.848    0.0016      Mg 5                355.329A    -3.828    0.0016      Blnd                1240.00A    -3.266    0.0060
Ca 4                3.20610m    -2.044    0.0993      Mg 6                403.307A    -3.937    0.0013      Blnd                6300.00A    -2.482    0.0362
Cr 5                594.921A    -3.693    0.0022      Mg 6                400.662A    -4.001    0.0011      Blnd                2471.00A    -2.662    0.0239
Fe 2                25.9813m    -2.543    0.0314      N  2                121.769m    -3.487    0.0036      Blnd                7323.00A    -2.829    0.0163
Fe 2                5.33871m    -2.068    0.0938      N  2                6548.05A    -2.115    0.0843      Blnd                7332.00A    -2.916    0.0133
Fe 2                1.25668m    -3.241    0.0063      N  2                6583.45A    -1.645    0.2485      Blnd                833.000A    -3.434    0.0040
Fe 2                4287.39A    -3.176    0.0073      N  2                5754.59A    -3.341    0.0050      Blnd                3727.00A    -1.074    0.9255
Fe 2                2599.40A    -3.823    0.0016      N  2                2139.01A    -3.656    0.0024      Blnd                7325.00A    -2.570    0.0296
Fe 2                2382.04A    -2.759    0.0192      N  2                2142.77A    -3.265    0.0060      Blnd                1666.00A    -1.878    0.1456
Fe 2                35.3391m    -3.191    0.0071      N  2                1085.70A    -3.680    0.0023      Blnd                5007.00A     0.228   18.5877
Fe 2                6.71944m    -3.208    0.0068      N  2                1084.58A    -3.755    0.0019      Blnd                835.000A    -2.909    0.0135
Fe 2                4.88781m    -3.862    0.0015      N  2                1085.55A    -3.749    0.0020      Blnd                1402.00A    -2.970    0.0118
Fe 2                1.32055m    -3.738    0.0020      N  2                1083.99A    -3.753    0.0019      Blnd                789.000A    -3.132    0.0081
Fe 2                7637.52A    -3.852    0.0015      N  2                1084.56A    -3.877    0.0015      Blnd                1218.00A    -3.752    0.0019
Fe 2                4889.62A    -3.958    0.0012      N  2                915.612A    -3.736    0.0020      Blnd                1035.00A    -3.459    0.0038
Fe 2                4359.33A    -3.307    0.0054      N  2                916.020A    -3.919    0.0013



 AGN log nH=2.78 log U=-2.00  
 Cooling:  O  3c                     0  :0.447 O  4c                     0  :0.076 S  4c                     0  :0.062  
 Heating:  BFH1                      0  :0.710 BFHe                      0  :0.231 TotM                      0  :0.050  

 These are some of the most important databases used by Cloudy:
 Many recombination coefficients were taken from http://amdpp.phys.strath.ac.uk/tamoc/RR/ and http://amdpp.phys.strath.ac.uk/tamoc/DR/
      and are based on the following papers:
        Badnell N. R., et al., A&A 406, 1151 (2003) [http://adsabs.harvard.edu/abs/2003A%26A...406.1151B]
        Badnell N. R., ApJS 167, 334 (2006) [http://adsabs.harvard.edu/abs/2006ApJS..167..334B]
 Much of the molecular emission data is from LAMDA as accessed on June 30, 2015. This database is described in:
        Schoeier F.L., et al., A&A 432, 369 (2005) [http://adsabs.harvard.edu/abs/2005A%26A...432..369S]
      This database is in part based on the work of the following groups:
        JPL: Pickett H. M. et al., JQSRT, 60, 883 (1998). [http://adsabs.harvard.edu/abs/1998JQSRT..60..883P]
        CDMS: Mueller H. S. et al., A&A 370, L49 (2001). [http://adsabs.harvard.edu/abs/2001A%26A...370L..49M]
              Mueller H. S. et al., J. Mol. Struct. 742, 215 (2005). [http://adsabs.harvard.edu/abs/2005JMoSt.742..215M]
 Some of the ionic emission data is from a reprocessed version of 10.1 of CHIANTI. CHIANTI is a collaborative project involving the NRL (USA), the
      Universities of Florence (Italy) and Cambridge (UK), and George Mason University (USA). These papers describe Chianti:
        Dere K. P., et al., A&AS, 125, 149 (1997) [http://adsabs.harvard.edu/abs/1997A%26AS..125..149D]
        Dere, K. P., et al., APJ, 268, 52 (2023) [https://ui.adsabs.harvard.edu/abs/2023ApJS..268...52D]
      This paper describes the reprocessed version of Chianti used:
        Gunasekera, C. M., et al., Astronomy, 1, 255. (2022) [https://ui.adsabs.harvard.edu/abs/2022Astro...1..255G]
 Much of the H_2 data is from this web site: http://molat.obspm.fr/index.php?page=pages/Molecules/H2/H2can94.php. These data are
      described in:
        Abgrall H. et al., Can. J. Phys., 72, 856 (1994) [http://adsabs.harvard.edu/abs/1994CaJPh..72..856A]
        Wrathmall S. A. & Flower D. R., J. Phys. B, 40, 3221 (2007) [http://adsabs.harvard.edu/abs/2007JPhB...40.3221W]
 The Case A and Case B recombination predictions for one-electron systems are from
	Storey, P.J. & Hummer, D.G., 1995, MNRAS 272, 41 http://adsabs.harvard.edu/abs/1995MNRAS.272...41S
 The He I recombination predictions are from
	Porter, R. L.; Ferland, G. J.; Storey, P. J.; Detisch, M. J., 2012, MNRAS, 425, 28p http://adsabs.harvard.edu/abs/2012MNRAS.425L..28P
		http://adsabs.harvard.edu/abs/2013MNRAS.433L..89P

 If you find some process or data set to be particularly critical to a result, please follow the trail of references back to the
 original source and cite that.  This will support and encourage atomic, molecular, and chemical physicists to continue their
 valuable work.

 IONIZE PARMET:  U(1-) -2.0000  U(4-): -2.9409  U(sp): -2.00  Q(ion):    8.439  L(ion)  0.422    Q(low): 13.593    L(low)  1.287
 ENERGY BUDGET:  Heat:   0.664  Coolg:   0.664  Error:  0.0%  Rec Lin:   0.221  F-F  H  0.000    P(rad/tot)max     1.03E-01    R(F Con):1.737e+05

     Col(Heff):      8.659E+20  snd travl time  1.73E+12 sec  Te-low: 3.94E+03  Te-hi: 1.22E+04  G0TH85: 1.60E+03  G0DB96:1.71E+03
  Emiss Measure    n(e)n(p) dl       7.759E+23  n(e)n(He+)dl         5.384E+22  En(e)n(He++) dl         1.283E+22  ne nC+:8.14E+18
 He/Ha:7.75E-02  =   0.91*true  Lthin:9.75E+01  itr/zn: 6.45  H2 itr/zn:  0.00  File Opacity: F  MassTot 2.77e-03  (gm/cm^2)
   Temps(21 cm)   T(21cm/Ly a)  3.89E+03        T(<nH/Tkin>)  8.28E+03          T(<nH/Tspin>)    4.18E+03          TB21cm:8.72E-01
                   N(H0/Tspin)  7.88E+15        N(OH/Tkin)    3.40E+03          B(21cm)          0.00E+00
   <a>:1.46E-07  erdeFe4.7E+22  Tcompt1.74E+08  Tthr8.27E+09  <Tden>: 1.07E+04  <dens>:1.36E-21  <MolWgt>6.36E-01
     Mean Jeans  l(cm)1.62E+20  M(sun)1.53E+06  smallest:     len(cm):9.84E+19  M(sun):3.42E+05  a_ox tran: -1.41
 Rion:1.000E+30  Dist:0.00E+00  Diam:0.000E+00
 Hatom level 70  HatomType: add  HInducImp  F  He tot level: 63  He2 level:   70  ExecTime    76.9
 ConvrgError(%)  <eden>  0.052  MaxEden  0.383  <H-C>   0.10  Max(H-C)    0.48  <Press>   0.000  MaxPrs er  0.000
  Continuity(%)  chng Te   3.6  elec den   5.7  n(H2)    0.0  n(CO)        0.0

                                                        Averaged Quantities
             Te      Te(Ne)   Te(NeNp)  Te(NeHe+)Te(NeHe2+) Te(NeO+)  Te(NeO2+)  Te(H2)     N(H)     Ne(O2+)   Ne(Np)
 Radius:  1.07e+04  1.07e+04  1.07e+04  1.07e+04  1.09e+04  1.13e+04  1.07e+04  5.10e+03  5.99e+02  6.52e+02  6.53e+02
 
 Peimbert T(OIIIr)9.92E+03 T(Bac)1.02E+04 T(Hth)1.01E+04 t2(Hstrc) 5.86e-03 T(O3-BAC)1.00E+04 t2(O3-BC)-3.60e-03 t2(O3str) 6.55e-03

 Contin Optical Depths: COMP: 8.73e-04    H-: 1.33e-05 R(1300): 2.21e-04  H2+: 4.21e-07  Bra:4.37E-04
                          Pa: 4.37e-04    Ba: 4.43e-04      Hb: 4.41e-04   La: 2.73e-01     1r:5.004E+07  1.8:1.18E+07 4.:1.715E+06

 Old, new H  1 continuum optical depths:
     1 1.00e+08     2 0.00e+00     3 0.00e+00     4 0.00e+00     5 0.00e+00     6 0.00e+00     7 0.00e+00     8 0.00e+00
     9 0.00e+00    10 0.00e+00    11 0.00e+00    12 0.00e+00    13 0.00e+00    14 0.00e+00    15 0.00e+00    16 0.00e+00
    17 0.00e+00    18 0.00e+00    19 0.00e+00    20 0.00e+00    21 0.00e+00    22 0.00e+00    23 0.00e+00    24 0.00e+00
    25 0.00e+00    26 0.00e+00    27 0.00e+00    28 0.00e+00    29 0.00e+00    30 0.00e+00    31 0.00e+00    32 0.00e+00
    33 0.00e+00    34 0.00e+00    35 0.00e+00    36 0.00e+00    37 0.00e+00    38 0.00e+00    39 0.00e+00    40 0.00e+00
    41 0.00e+00    42 0.00e+00    43 0.00e+00    44 0.00e+00    45 0.00e+00    46 0.00e+00    47 0.00e+00    48 0.00e+00
    49 0.00e+00    50 0.00e+00    51 0.00e+00    52 0.00e+00    53 0.00e+00    54 0.00e+00
     1 5.00e+07     2 3.54e-06     3 6.83e-06     4 6.83e-06     5 6.83e-06     6 1.74e-06     7 1.74e-06     8 1.74e-06
     9 1.74e-06    10 8.43e-13    11 8.43e-13    12 8.43e-13    13 8.43e-13    14 8.43e-13    15 1.96e-12    16 1.96e-12
    17 1.96e-12    18 1.96e-12    19 1.96e-12    20 1.96e-12    21 4.06e-12    22 4.06e-12    23 4.06e-12    24 4.06e-12
    25 4.06e-12    26 4.06e-12    27 4.06e-12    28 7.70e-12    29 7.70e-12    30 7.70e-12    31 7.70e-12    32 7.70e-12
    33 7.70e-12    34 7.70e-12    35 7.70e-12    36 1.37e-11    37 1.37e-11    38 1.37e-11    39 1.37e-11    40 1.37e-11
    41 1.37e-11    42 1.37e-11    43 1.37e-11    44 1.37e-11    45 2.31e-11    46 2.31e-11    47 2.31e-11    48 2.31e-11
    49 2.31e-11    50 2.31e-11    51 2.31e-11    52 2.31e-11    53 2.31e-11    54 2.31e-11

 Old, new H  1 mean line optical depths:
  2- 1 1.12e+09  3- 2 7.29e-02  4- 3 0.00e+00  5- 4 0.00e+00  6- 5 0.00e+00  7- 6 0.00e+00  8- 7 0.00e+00
  9- 8 0.00e+00 10- 9 0.00e+00 11-10 0.00e+00 12-11 0.00e+00 13-12 0.00e+00 14-13 0.00e+00 15-14 0.00e+00 16-15 0.00e+00
 17-16 0.00e+00 18-17 0.00e+00 19-18 0.00e+00 20-19 0.00e+00 21-20 0.00e+00 22-21 0.00e+00 23-22 0.00e+00 24-23 0.00e+00
 25-24 0.00e+00
  2- 1 3.74e+06  3- 2 4.25e-03  4- 3 3.91e-09  5- 4 1.79e-09  6- 5-5.06e-11  7- 6-1.12e-09  8- 7 3.51e-10
  9- 8 5.90e-09 10- 9 1.61e-08 11-10 3.17e-07 12-11-1.31e-07 13-12-2.13e-07 14-13-3.42e-07 15-14-5.40e-07 16-15-8.51e-07
 17-16-1.35e-06 18-17-2.17e-06 19-18-3.68e-06 20-19-6.41e-06 21-20-1.19e-05 22-21-2.41e-05 23-22-5.68e-05 24-23-1.82e-04
 25-24-6.42e-03

 Old, new He 2 continuum optical depths:
     1 3.43e+06     2 9.96e+07     3 0.00e+00     4 0.00e+00     5 0.00e+00     6 0.00e+00     7 0.00e+00     8 0.00e+00
     9 0.00e+00    10 0.00e+00    11 0.00e+00    12 0.00e+00    13 0.00e+00    14 0.00e+00    15 0.00e+00    16 0.00e+00
    17 0.00e+00    18 0.00e+00    19 0.00e+00    20 0.00e+00    21 0.00e+00    22 0.00e+00    23 0.00e+00    24 0.00e+00
    25 0.00e+00    26 0.00e+00    27 0.00e+00    28 0.00e+00    29 0.00e+00    30 0.00e+00    31 0.00e+00    32 0.00e+00
    33 0.00e+00    34 0.00e+00    35 0.00e+00    36 0.00e+00    37 0.00e+00    38 0.00e+00    39 0.00e+00    40 0.00e+00
    41 0.00e+00    42 0.00e+00    43 0.00e+00    44 0.00e+00    45 0.00e+00    46 0.00e+00    47 0.00e+00    48 0.00e+00
    49 0.00e+00    50 0.00e+00    51 0.00e+00    52 0.00e+00    53 0.00e+00    54 0.00e+00
     1 1.72e+06     2 4.98e+07     3 1.54e-04     4 1.54e-04     5 1.54e-04     6 3.54e-06     7 3.54e-06     8 3.54e-06
     9 3.54e-06    10 5.55e-06    11 5.55e-06    12 5.55e-06    13 5.55e-06    14 5.55e-06    15 6.83e-06    16 6.83e-06
    17 6.83e-06    18 6.83e-06    19 6.83e-06    20 6.83e-06    21 5.67e-06    22 5.67e-06    23 5.67e-06    24 5.67e-06
    25 5.67e-06    26 5.67e-06    27 5.67e-06    28 1.74e-06    29 1.74e-06    30 1.74e-06    31 1.74e-06    32 1.74e-06
    33 1.74e-06    34 1.74e-06    35 1.74e-06    36 4.85e-13    37 4.85e-13    38 4.85e-13    39 4.85e-13    40 4.85e-13
    41 4.85e-13    42 4.85e-13    43 4.85e-13    44 4.85e-13    45 8.43e-13    46 8.43e-13    47 8.43e-13    48 8.43e-13
    49 8.43e-13    50 8.43e-13    51 8.43e-13    52 8.43e-13    53 8.43e-13    54 8.43e-13

 Old, new He 2 mean line optical depths:
  2- 1 9.51e+07  3- 2 6.21e-03  4- 3 0.00e+00  5- 4 0.00e+00  6- 5 0.00e+00  7- 6 0.00e+00  8- 7 0.00e+00
  9- 8 0.00e+00 10- 9 0.00e+00 11-10 0.00e+00 12-11 0.00e+00 13-12 0.00e+00 14-13 0.00e+00 15-14 0.00e+00 16-15 0.00e+00
 17-16 0.00e+00 18-17 0.00e+00 19-18 0.00e+00 20-19 0.00e+00 21-20 0.00e+00 22-21 0.00e+00 23-22 0.00e+00 24-23 0.00e+00
 25-24 0.00e+00
  2- 1 4.25e+06  3- 2 2.94e-06  4- 3 6.66e-12  5- 4-9.16e-12  6- 5-3.09e-11  7- 6-5.03e-11  8- 7-5.17e-11
  9- 8-1.87e-11 10- 9 5.40e-11 11-10 2.76e-09 12-11-1.25e-09 13-12-2.00e-09 14-13-3.14e-09 15-14-4.81e-09 16-15-7.31e-09
 17-16-1.11e-08 18-17-1.70e-08 19-18-2.66e-08 20-19-4.40e-08 21-20-7.68e-08 22-21-1.48e-07 23-22-3.31e-07 24-23-1.01e-06
 25-24-3.55e-05

 Old He Is optical depths:    1 2.36e+07    2 0.00e+00    3 0.00e+00    4 0.00e+00    5 0.00e+00
 New He Is optical depths:    1 1.18e+07    2 1.96e-04    3 2.94e-06    4 3.28e-06    5 3.28e-06
          Old He Is Lines:  584 0.00e+00 3889 0.00e+00 5016 0.00e+00 5876 0.00e+00
          New He Is Lines:  584 9.32e+04 3889 7.11e+00 5016 2.00e-05 5876 5.02e-07
AGN log nH=2.78 log U=-2.00  


          Start Iteration Number 2                                                 AGN log nH=2.78 log U=-2.00  


 ####  1  Te:1.224E+04 Hden:5.995E+02 Ne:6.996E+02 R:1.000E+30 R-R0:1.226E+14 dR:2.453E+14 NTR:  5 Htot:2.690E-18 T912: 2.09e+02###
 Hydrogen      7.52e-04 9.99e-01 H+o/Hden 1.00e+00 2.19e-11 H-    H2 1.31e-17 1.71e-12 H2+ HeH+ 1.76e-13 Ho+ ColD 1.11e+14 1.47e+17
 Helium        5.88e-05 7.31e-02 9.27e-01 HeI 2s3S 5.93e-08 Comp H,C 8.64e-23 7.99e-26 Fill Fac 1.00e+00 Gam1/tot 1.00e+00
 He singlet n  5.87e-05 3.54e-14 1.51e-20 7.27e-21 1.06e-20 9.55e-21 He tripl 5.93e-08 2.90e-18 2.83e-20 2.58e-19 2.86e-20
 Pressure      NgasTgas 1.65e+07 P(total) 2.28e-09 P( gas ) 2.28e-09 P(Radtn) 0.00e+00 Rad accl 7.57e-07 ForceMul 3.08e+03
 Texc(La)      3.35e+03 T(I con) 1.76e+01 T(D con) 2.22e+00 T(U tot) 1.76e+01 nT (c+d) 4.79e+06 Prad/Gas 0.00e+00 Pmag/Gas 0.00e+00
 Molecules     CH/Ctot: 6.44e-18 CH+/Ctot 1.13e-15 CO/Ctot: 1.24e-23 CO+/Ctot 7.83e-23 H2O/Otot 9.41e-31 OH/Ototl 3.39e-18
 Lithium       2.17e-05 1.85e-01 6.83e-01 1.32e-01 Berylliu 4.73e-05 6.98e-03 8.33e-01 1.59e-01 1.21e-03 sec ion: 4.43e-14
 Boron         4.09e-07 5.55e-03 8.60e-02 8.99e-01 9.78e-03 1.01e-05
 Carbon        6.55e-07 3.30e-03 2.19e-01 4.23e-01 3.54e-01 6.67e-04 2.56e-07 H2O+/O   1.66e-31 OH+/Otot 1.19e-18 Hex(tot) 0.00e+00
 Nitrogen      4.80e-07 1.53e-03 2.18e-01 6.16e-01 1.52e-01 1.30e-02 9.58e-06 0.00e+00 O2/Ototl 1.07e-25 O2+/Otot 4.33e-26
 Oxygen        4.09e-07 8.55e-04 1.22e-01 6.90e-01 1.76e-01 1.04e-02 2.90e-04 0.00e+00 0.00e+00
 Fluorine      1.25e-07 8.76e-04 1.24e-01 5.76e-01 2.88e-01 1.04e-02 6.09e-05 3.78e-06 0.00e+00 0.00e+00
 Neon          8.54e-08 5.82e-04 1.37e-01 6.08e-01 2.45e-01 9.17e-03 4.74e-05 1.42e-06 0.00e+00 0.00e+00 0.00e+00
 Sodium        2.22e-08 2.89e-04 7.05e-02 5.69e-01 3.52e-01 8.12e-03 1.00e-04 5.05e-07 0.00e+00 0.00e+00 0.00e+00 0.00e+00
 Magnesium     7.22e-06 3.68e-04 9.63e-02 5.49e-01 3.28e-01 2.61e-02 2.44e-04 1.38e-06 0.00e+00 0.00e+00 0.00e+00 0.00e+00 0.00e+00
 Aluminium  0  4.92e-07 1.83e-03 1.75e-02 4.35e-01 4.84e-01 6.09e-02 8.23e-04 4.63e-06 0.00e+00 0.00e+00 0.00e+00 0.00e+00 0.00e+00
 Silicon    0  2.11e-07 3.56e-03 8.16e-02 2.66e-01 5.77e-01 7.02e-02 1.89e-03 1.07e-05 0.00e+00 0.00e+00 0.00e+00 0.00e+00 0.00e+00
 Phosphorus 0  1.05e-06 1.02e-02 1.61e-01 3.02e-01 3.29e-01 1.94e-01 4.41e-03 3.14e-05 0.00e+00 0.00e+00 0.00e+00 0.00e+00 0.00e+00
 Sulphur    0  3.23e-07 3.33e-03 2.01e-01 5.55e-01 1.69e-01 5.79e-02 1.43e-02 1.45e-04 2.77e-07 0.00e+00 0.00e+00 0.00e+00 0.00e+00
 Chlorine   0  4.09e-07 3.64e-03 1.65e-01 5.81e-01 2.26e-01 2.03e-02 3.07e-03 3.78e-04 1.91e-06 0.00e+00 0.00e+00 0.00e+00 0.00e+00
 Argon      0  1.02e-07 6.92e-04 2.83e-01 4.97e-01 1.99e-01 1.88e-02 3.78e-04 8.95e-05 8.69e-06 0.00e+00 0.00e+00 0.00e+00 0.00e+00
 Potassium  0  9.33e-08 3.05e-03 1.71e-01 6.36e-01 1.80e-01 9.59e-03 2.57e-04 1.16e-05 1.77e-06 1.89e-07 0.00e+00 0.00e+00 0.00e+00
 Calcium    0  6.34e-08 3.86e-04 7.41e-02 5.36e-01 3.63e-01 2.60e-02 2.97e-04 3.31e-05 7.64e-07 2.01e-07 0.00e+00 0.00e+00 0.00e+00
 Scandium   0  5.08e-10 6.76e-06 3.57e-03 5.49e-01 3.72e-01 7.51e-02 8.73e-04 3.82e-05 4.72e-07 0.00e+00 0.00e+00 0.00e+00 0.00e+00
 Titanium   0  1.32e-09 3.47e-05 7.12e-03 4.26e-01 4.86e-01 7.73e-02 3.75e-03 4.93e-05 6.86e-07 0.00e+00 0.00e+00 0.00e+00 0.00e+00
 Vanadium   0  6.77e-10 4.52e-06 2.20e-03 6.62e-02 4.90e-01 4.27e-01 1.42e-02 6.75e-04 2.65e-06 0.00e+00 0.00e+00 0.00e+00 0.00e+00
 Chromium   0  1.49e-10 4.02e-06 2.40e-03 7.15e-02 4.31e-01 4.28e-01 6.60e-02 1.26e-03 4.56e-05 2.64e-07 0.00e+00 0.00e+00 0.00e+00
 Manganese  0  3.48e-10 4.32e-06 1.98e-03 5.99e-02 4.58e-01 4.28e-01 5.18e-02 6.14e-04 3.41e-05 9.30e-07 0.00e+00 0.00e+00 0.00e+00
 Iron       0  1.90e-10 1.29e-06 6.89e-04 4.84e-02 3.74e-01 4.69e-01 1.05e-01 2.73e-03 1.10e-05 8.29e-07 0.00e+00 0.00e+00 0.00e+00
 Cobalt     0  1.95e-10 7.18e-07 4.23e-04 2.82e-02 3.77e-01 4.92e-01 9.64e-02 5.77e-03 7.79e-05 3.92e-06 0.00e+00 0.00e+00 0.00e+00
 Nickel     0  1.42e-10 1.08e-06 5.39e-04 2.40e-02 2.88e-01 5.67e-01 1.12e-01 8.29e-03 1.25e-04 5.26e-06 0.00e+00 0.00e+00 0.00e+00
 Copper     0  1.37e-10 7.16e-07 7.34e-04 3.19e-02 2.73e-01 5.21e-01 1.56e-01 1.67e-02 3.22e-04 1.04e-05 0.00e+00 0.00e+00 0.00e+00
 Zinc       0  2.01e-10 6.39e-07 3.45e-04 2.50e-02 2.83e-01 5.20e-01 1.50e-01 2.11e-02 3.80e-04 1.16e-05 2.07e-07 0.00e+00 0.00e+00
 ####160  Te:3.978E+03 Hden:5.995E+02 Ne:4.967E+01 R:1.000E+30 R-R0:2.039E+18 dR:4.705E+14 NTR: 13 Htot:6.945E-20 T912: 4.17e+02###
 Hydrogen      9.33e-01 6.67e-02 H+o/Hden 1.00e+00 1.46e-09 H-    H2 3.63e-09 8.24e-10 H2+ HeH+ 9.75e-09 Ho+ ColD 3.28e+19 1.19e+21
 Helium        8.19e-01 1.79e-01 1.49e-03 HeI 2s3S 2.94e-08 Comp H,C 6.10e-24 1.86e-27 Fill Fac 1.00e+00 Gam1/tot 5.77e-01
 He singlet n  8.19e-01 1.63e-14 2.22e-19 2.89e-21 1.36e-20 4.77e-21 He tripl 2.94e-08 1.89e-18 8.30e-21 1.04e-19 1.34e-20
 Pressure      NgasTgas 2.79e+06 P(total) 3.85e-10 P( gas ) 3.85e-10 P(Radtn) 5.51e-15 Rad accl 5.34e-07 ForceMul 3.00e+04
 Texc(La)      3.45e+03 T(I con) 1.54e+01 T(D con) 1.43e+01 T(U tot) 1.77e+01 nT (c+d) 7.16e+06 Prad/Gas 1.43e-05 Pmag/Gas 0.00e+00
 Molecules     CH/Ctot: 1.31e-13 CH+/Ctot 2.64e-09 CO/Ctot: 1.80e-12 CO+/Ctot 7.54e-13 H2O/Otot 3.02e-19 OH/Ototl 1.76e-09
 Lithium       3.56e-05 1.00e+00 7.51e-06 0.00e+00 Berylliu 1.30e-04 8.72e-01 1.23e-01 4.79e-03 0.00e+00 sec ion: 7.51e-13
 Boron         1.49e-05 9.16e-01 3.75e-03 8.06e-02 5.22e-06 0.00e+00
 Carbon        6.79e-05 9.54e-01 4.62e-02 2.04e-05 1.09e-06 0.00e+00 0.00e+00 H2O+/O   3.47e-19 OH+/Otot 2.04e-09 Hex(tot) 0.00e+00
 Nitrogen      8.79e-01 1.21e-01 5.73e-05 3.54e-06 0.00e+00 0.00e+00 0.00e+00 0.00e+00 O2/Ototl 4.24e-13 O2+/Otot 3.17e-13
 Oxygen        9.47e-01 5.27e-02 6.69e-05 4.13e-07 0.00e+00 0.00e+00 0.00e+00 0.00e+00 0.00e+00
 Fluorine      2.88e-01 5.95e-01 1.17e-01 3.06e-06 1.93e-05 0.00e+00 0.00e+00 0.00e+00 0.00e+00 0.00e+00
 Neon          2.02e-01 5.76e-01 2.22e-01 6.13e-06 5.62e-07 0.00e+00 0.00e+00 0.00e+00 0.00e+00 0.00e+00 0.00e+00
 Sodium        3.29e-04 6.79e-01 3.21e-01 3.81e-05 6.20e-05 0.00e+00 0.00e+00 0.00e+00 0.00e+00 0.00e+00 0.00e+00 0.00e+00
 Magnesium     1.51e-04 6.89e-01 3.11e-01 1.37e-05 8.03e-07 0.00e+00 0.00e+00 0.00e+00 0.00e+00 0.00e+00 0.00e+00 0.00e+00 0.00e+00
 Aluminium  0  5.34e-06 6.58e-01 1.28e-01 2.15e-01 6.98e-05 0.00e+00 0.00e+00 0.00e+00 0.00e+00 0.00e+00 0.00e+00 0.00e+00 0.00e+00
 Silicon    0  1.60e-05 9.99e-01 6.77e-05 4.48e-04 6.57e-06 1.59e-07 0.00e+00 0.00e+00 0.00e+00 0.00e+00 0.00e+00 0.00e+00 0.00e+00
 Phosphorus 0  3.58e-05 8.55e-01 1.43e-01 2.27e-03 2.00e-05 1.01e-06 0.00e+00 0.00e+00 0.00e+00 0.00e+00 0.00e+00 0.00e+00 0.00e+00
 Sulphur    0  3.99e-05 7.37e-01 2.63e-01 1.15e-04 1.46e-05 1.35e-06 0.00e+00 0.00e+00 0.00e+00 0.00e+00 0.00e+00 0.00e+00 0.00e+00
 Chlorine   0  5.33e-05 7.45e-01 2.55e-01 1.89e-04 1.80e-05 1.13e-06 0.00e+00 0.00e+00 0.00e+00 0.00e+00 0.00e+00 0.00e+00 0.00e+00
 Argon      0  1.69e-01 6.83e-01 1.48e-01 7.63e-05 1.12e-05 6.09e-07 0.00e+00 0.00e+00 0.00e+00 0.00e+00 0.00e+00 0.00e+00 0.00e+00
 Potassium  0  3.68e-05 5.41e-01 4.51e-01 1.38e-04 7.82e-03 1.57e-06 0.00e+00 0.00e+00 0.00e+00 0.00e+00 0.00e+00 0.00e+00 0.00e+00
 Calcium    0  2.36e-07 8.73e-03 9.86e-01 5.53e-03 1.59e-04 2.64e-06 0.00e+00 0.00e+00 0.00e+00 0.00e+00 0.00e+00 0.00e+00 0.00e+00
 Scandium   0  1.11e-06 4.14e-02 8.76e-01 7.80e-02 4.81e-03 3.36e-06 2.37e-07 0.00e+00 0.00e+00 0.00e+00 0.00e+00 0.00e+00 0.00e+00
 Titanium   0  1.53e-05 7.11e-01 2.78e-01 3.80e-04 9.82e-03 2.15e-06 3.43e-07 0.00e+00 0.00e+00 0.00e+00 0.00e+00 0.00e+00 0.00e+00
 Vanadium   0  1.45e-04 7.53e-01 2.46e-01 5.45e-05 8.19e-04 1.80e-06 1.65e-07 0.00e+00 0.00e+00 0.00e+00 0.00e+00 0.00e+00 0.00e+00
 Chromium   0  1.36e-05 9.98e-01 1.34e-03 2.38e-05 1.19e-04 7.61e-06 3.89e-07 0.00e+00 0.00e+00 0.00e+00 0.00e+00 0.00e+00 0.00e+00
 Manganese  0  1.52e-04 9.97e-01 2.07e-03 2.59e-05 3.56e-04 6.30e-06 1.53e-06 2.28e-07 0.00e+00 0.00e+00 0.00e+00 0.00e+00 0.00e+00
 Iron       0  3.25e-05 9.99e-01 3.58e-04 9.77e-05 3.20e-05 4.82e-06 1.10e-06 1.36e-07 0.00e+00 0.00e+00 0.00e+00 0.00e+00 0.00e+00
 Cobalt     0  3.47e-04 9.99e-01 3.31e-04 1.20e-04 3.99e-04 3.32e-06 7.51e-07 0.00e+00 0.00e+00 0.00e+00 0.00e+00 0.00e+00 0.00e+00
 Nickel     0  1.47e-04 9.99e-01 2.77e-04 2.35e-05 6.12e-05 2.62e-06 5.28e-07 0.00e+00 0.00e+00 0.00e+00 0.00e+00 0.00e+00 0.00e+00
 Copper     0  9.97e-05 7.49e-01 2.51e-01 3.47e-05 8.89e-06 3.11e-06 7.03e-07 0.00e+00 0.00e+00 0.00e+00 0.00e+00 0.00e+00 0.00e+00
 Zinc       0  6.18e-05 2.24e-01 4.73e-01 2.41e-01 6.14e-02 9.82e-06 2.27e-06 5.05e-07 0.00e+00 0.00e+00 0.00e+00 0.00e+00 0.00e+00
   AGN log nH=2.78 log U=-2.00  
   Calculation stopped because lowest Te reached. Iteration 2 of 10
   The geometry is plane-parallel.
  !Some input lines contained underscores, these were changed to spaces.
  !Suprathermal collisional ionization of H reached 42.31% of the local H ionization rate.
  !Charge transfer H => H+ reached 1291.1% of the local H ionization rate.
  !AGE: Cloud age was not set.  Longest timescale was 4.08e+10 s = 1.29e+03 years.
  !The CMB was not included.  This is added with the CMB command.
  !The radiation pressure jumped by 639% from 1.80e-10 (zone 31) to 1.54e-11 (zone 32) to 1.71e-11 (zone 33)
   Iteration not converged because Converged!.
   Charge transfer heating reached 2.25% of the local heating.
   Destruction of He 2TriS reached 1.0% of the total He0 dest rate at zone 1, 0.6% of that was photoionization.
   The density is too low to l-mix the lowest H  I collapsed level.  More resolved levels are needed for accurate line ratios.
   The density is too low to l-mix the lowest He I collapsed level.  More resolved levels are needed for accurate line ratios.
   Grains were not present but might survive in this environment (energy density temperature was 1.76e+01K)
   The continuum optical depth at the lowest energy considered (3.045e-09 Ryd) was 2.421e+03.
   The ratio of radiation to gas pressure reached 9.61e-02 at zone 31.  Caused by Lyman alpha.

                       *********************************> Cloudy 25.00 <**********************************
                       * title AGN log nH=2.78 log U=-2.00                                               *
                       * hden 2.7777777777777777                                                         *
                       * table AGN                                                                       *
                       * stop efrac 0.01                                                                 *
                       * ionization parameter -2.0                                                       *
                       * abundances GASS                                                                 *
                       * sphere                                                                          *
                       * stop temperature 4000 K                                                         *
                       * stop column density 22                                                          *
                       * iterate to convergence                                                          *
                       * save overview "AGNmodel_nH2.78_Um2.00_temp45000.00.txt"                         *
                       *********************************> Log(U): -2.00 <*********************************

                     Emission Line Spectrum.   Constant  Density Model.  Closed geometry.  Iteration 2 of 10.
                                                     Intensity (erg/s/cm^2).


                                                   Intrinsic line intensities
general properties..............................      Ca A                228.234A    -3.532    0.0032      Ca 5                6086.37A    -3.781    0.0018
Inci                      0      1.341  239.5716      Ca A                1640.41A    -1.065    0.9409      Cl 2                14.3639m    -3.832    0.0016
TotH                      0      0.662   50.2620      Ca A                1215.13A    -1.589    0.2820      Cl 2                8578.70A    -3.448    0.0039
TotC                      0      0.662   50.2505      Ca A                1084.94A    -1.940    0.1256      Cl 2                9123.60A    -4.033    0.0010
BFH1                      0      0.514   35.6788      Ca A                1025.27A    -2.205    0.0682      Cl 3                5537.87A    -2.958    0.0121
BFHe                      0      0.028   11.6549      Ca A                992.358A    -2.418    0.0417      Cl 3                5517.71A    -2.867    0.0149
TotM                      0     -0.637    2.5216      Ca A                972.106A    -2.598    0.0276      Cl 3                3342.80A    -3.816    0.0017
ComH                      0     -3.791    0.0018      Ca A                958.693A    -2.754    0.0193      Cl 4                20.3197m    -2.516    0.0334
CT H                      0     -1.510    0.3382      Ca A                949.323A    -2.891    0.0141      Cl 4                11.7629m    -2.562    0.0300
H FB                      0     -0.686    2.2553      Ca A                942.507A    -3.014    0.0106      Cl 4                7530.54A    -3.044    0.0099
HFBc                      0     -0.686    2.2553      Ca A                937.389A    -3.125    0.0082      Cl 4                8045.62A    -2.680    0.0228
H  1c                     0     -0.870    1.4757      Ca A                933.444A    -3.228    0.0065      Fe 4                3094.96A    -1.930    0.1286
He 1c                     0     -2.022    0.1040      Ca A                930.337A    -3.322    0.0052      Fe 4                2835.74A    -1.416    0.4198
Al 3c                     0     -2.787    0.0179      Ca A                927.846A    -3.410    0.0043      Fe 4                2829.36A    -1.690    0.2231
Al 6c                     0     -2.960    0.0120      Ca A                925.816A    -3.492    0.0035      Fe 4                2823.50A    -2.948    0.0123
Ar 2c                     0     -3.584    0.0029      Ca A                924.142A    -3.569    0.0030      Fe 4                2577.92A    -3.289    0.0056
Ar 3c                     0     -1.503    0.3436      Ca A                922.743A    -3.641    0.0025      Fe 4                2.83562m    -2.811    0.0169
Ar 4c                     0     -1.998    0.1099      Ca A                921.562A    -3.709    0.0021      Fe 4                2.80554m    -3.349    0.0049
Ar 5c                     0     -2.271    0.0587      Ca A                920.556A    -3.774    0.0018      Fe 4                2.86447m    -3.146    0.0078
Ar 6c                     0     -3.336    0.0050      Ca A                919.693A    -3.836    0.0016      Fe 4                2567.61A    -2.330    0.0512
C  2c                     0     -1.988    0.1123      Ca A                918.945A    -3.895    0.0014      Fe 4                2.71569m    -3.446    0.0039
C  3c                     0     -1.063    0.9449      Ca A                918.295A    -3.952    0.0012      Fe 4                2567.40A    -3.081    0.0091
Ca 4c                     0     -2.045    0.0987      Ca A                917.724A    -4.005    0.0011      Fe 4                2.71341m    -3.976    0.0012
Co 2c                     0     -3.776    0.0018      Ca A                4685.68A    -1.779    0.1821      Fe 4                2.77325m    -3.653    0.0024
Cr 2c                     0     -3.827    0.0016      Ca A                3203.08A    -2.174    0.0733      Fe 4                6739.82A    -2.843    0.0157
Fe 2c                     0     -1.268    0.5896      Ca A                2733.28A    -2.465    0.0375      Fe 4                6761.38A    -3.344    0.0050
Fe 3c                     0     -1.353    0.4857      Ca A                2511.19A    -2.694    0.0221      Fe 4                6734.42A    -2.967    0.0118
Fe 7c                     0     -2.012    0.1063      Ca A                2385.39A    -2.884    0.0143      Fe 4                6997.10A    -3.666    0.0024
K  3c                     0     -3.149    0.0078      Ca A                2306.18A    -3.047    0.0098      Fe 4                6792.48A    -3.828    0.0016
K  4c                     0     -3.245    0.0062      Ca A                2252.67A    -3.190    0.0071      Fe 4                5233.76A    -3.427    0.0041
Mg 1c                     0     -2.802    0.0172      Ca A                2214.65A    -3.317    0.0053      Fe 4                5033.59A    -3.769    0.0019
Mn 2c                     0     -3.920    0.0013      Ca A                2186.59A    -3.432    0.0040      Fe 4                4906.56A    -3.121    0.0083
N  1c                     0     -3.563    0.0030      Ca A                2165.23A    -3.537    0.0032      Fe 4                4917.97A    -3.630    0.0026
N  4c                     0     -2.382    0.0454      Ca A                2148.58A    -3.633    0.0025      Fe 4                7222.76A    -3.604    0.0027
N  5c                     0     -3.855    0.0015      Ca A                2135.34A    -3.723    0.0021      Fe 4                4899.97A    -3.463    0.0038
Ne 2c                     0     -3.062    0.0095      Ca A                2124.61A    -3.806    0.0017      Fe 4                4903.07A    -3.443    0.0039
Ne 3c                     0     -0.782    1.8047      Ca A                2115.81A    -3.884    0.0014      Fe 4                7183.99A    -3.792    0.0018
Ne 5c                     0     -1.267    0.5908      Ca A                2108.49A    -3.958    0.0012      Fe 4                4868.16A    -3.586    0.0028
O  1c                     0     -2.382    0.0453      Ca A                2102.33A    -4.027    0.0010      Fe 4                4869.23A    -3.932    0.0013
O  2c                     0     -1.053    0.9691      Ca A                1.01235m    -2.328    0.0513      Fe 4                7191.23A    -3.834    0.0016
O  3c                     0      0.312   22.4270      Ca A                6560.01A    -2.639    0.0251      Fe 4                4867.95A    -3.652    0.0024
O  5c                     0     -3.716    0.0021      Ca A                5411.45A    -2.885    0.0143      Fe 4                4206.59A    -3.707    0.0021
P  2c                     0     -2.984    0.0113      Ca A                4859.26A    -3.086    0.0090      Fe 4                4208.88A    -3.740    0.0020
P  3c                     0     -3.277    0.0058      Ca A                4541.54A    -3.256    0.0061      Fe 4                4144.20A    -3.747    0.0020
S  2c                     0     -1.506    0.3413      Ca A                4338.62A    -3.404    0.0043      Fe 5                70.3538m    -2.310    0.0536
S  3c                     0     -0.687    2.2499      Ca A                4199.78A    -3.536    0.0032      Fe 5                36.3273m    -2.107    0.0855
Si 2c                     0     -1.515    0.3341      Ca A                4099.99A    -3.654    0.0024      Fe 5                25.9131m    -2.211    0.0673
Si 3c                     0     -1.482    0.3609      Ca A                4025.55A    -3.761    0.0019      Fe 5                20.8407m    -2.472    0.0369
Si 4c                     0     -2.175    0.0730      Ca A                3968.39A    -3.860    0.0015      Fe 5                4180.59A    -2.948    0.0123
Al 2c                     0     -2.380    0.0456      Ca A                3923.44A    -3.951    0.0012      Fe 5                4143.15A    -2.691    0.0223
Al 5c                     0     -3.106    0.0086      Ca A                3887.40A    -4.036    0.0010      Fe 5                4227.19A    -1.982    0.1140
C  4c                     0     -1.312    0.5337      Ca A                1.86365m    -2.784    0.0180      Fe 5                4003.21A    -3.644    0.0025
Ca 2c                     0     -2.508    0.0340      Ca A                1.16262m    -3.033    0.0101      Fe 5                4071.24A    -2.712    0.0212
Ca 5c                     0     -2.503    0.0344      Ca A                9344.80A    -3.243    0.0062      Fe 5                3895.22A    -3.081    0.0091
Cl 2c                     0     -3.208    0.0068      Ca A                8236.67A    -3.421    0.0041      Fe 5                3851.34A    -3.347    0.0049
Cl 3c                     0     -2.560    0.0302      Ca A                7592.65A    -3.574    0.0029      Fe 5                3794.94A    -2.758    0.0191
Cl 4c                     0     -2.049    0.0976      Ca A                7177.41A    -3.710    0.0021      Fe 5                3755.70A    -3.039    0.0100
Fe 4c                     0     -1.044    0.9878      Ca A                6890.80A    -3.831    0.0016      Fe 5                3911.33A    -3.597    0.0028
Fe 5c                     0     -1.306    0.5401      Ca A                6683.11A    -3.941    0.0013      Fe 5                3839.27A    -2.730    0.0204
Fe 6c                     0     -1.210    0.6748      Ca A                3.09080m    -3.175    0.0073      Fe 5                3783.22A    -3.141    0.0079
Fe 8c                     0     -3.933    0.0013      Ca A                1.87431m    -3.377    0.0046      Fe 5                3891.28A    -2.907    0.0135
Mg 2c                     0     -1.182    0.7198      Ca A                1.47602m    -3.560    0.0030      Fe 5                3819.95A    -3.578    0.0029
Mg 4c                     0     -1.961    0.1197      Ca A                1.28127m    -3.717    0.0021      Fe 5                2.04669m    -3.866    0.0015
Mg 5c                     0     -1.944    0.1245      Ca A                1.16730m    -3.856    0.0015      Fe 5                3445.62A    -3.483    0.0036
N  2c                     0     -1.498    0.3475      Ca A                1.09334m    -3.981    0.0011      Fe 5                3400.41A    -3.851    0.0015
N  3c                     0     -1.519    0.3309      Ca A                4.76213m    -3.517    0.0033      Fe 5                3463.51A    -3.434    0.0040
Na 3c                     0     -2.953    0.0122      Ca A                2.82519m    -3.685    0.0023      Fe 5                3406.89A    -3.970    0.0012
Na 4c                     0     -2.967    0.0118      Ca A                2.18848m    -3.843    0.0016      Fe 5                2828.24A    -3.522    0.0033
Ne 4c                     0     -1.988    0.1123      Ca A                1.87570m    -3.985    0.0011      Fe 5                2780.40A    -4.018    0.0011
Ne 6c                     0     -2.876    0.0145      Ca A                6.94599m    -3.823    0.0016      Fe 5                2750.88A    -3.829    0.0016
Ni 2c                     0     -2.482    0.0361      Ca A                4.04945m    -3.962    0.0012      Fe 5                2730.21A    -3.739    0.0020
O  4c                     0     -0.456    3.8274      Ca B                1640.41A    -0.932    1.2803      Fe 5                2717.82A    -3.779    0.0018
S  4c                     0     -0.540    3.1528      Ca B                1215.13A    -1.445    0.3925      Fe 5                2707.36A    -3.728    0.0020
Si 6c                     0     -2.982    0.0114      Ca B                1084.94A    -1.794    0.1757      Fe 6                19.5527m    -1.849    0.1547
continua........................................      Ca B                1025.27A    -2.059    0.0955      Fe 6                14.7670m    -2.067    0.0936
Bac                 3646.00A     0.146   15.3038      Ca B                992.358A    -2.273    0.0583      Fe 6                12.3074m    -2.331    0.0511
nFnu                3645.00A     0.259   19.8415      Ca B                972.106A    -2.453    0.0385      Fe 6                5335.18A    -2.516    0.0333
nFnu                3647.00A    -0.382    4.5377      Ca B                958.693A    -2.609    0.0269      Fe 6                5484.84A    -2.771    0.0185
cout                3646.00A     0.146   15.3038      Ca B                949.323A    -2.747    0.0196      Fe 6                5631.07A    -2.668    0.0235
thin                3646.00A     0.146   15.3039      Ca B                942.507A    -2.871    0.0147      Fe 6                5277.81A    -3.020    0.0104
Inci                4860.00A     0.237   18.8576      Ca B                937.389A    -2.983    0.0114      Fe 6                5424.22A    -2.689    0.0224
Inci                1367.00A     0.492   33.9349      Ca B                933.444A    -3.086    0.0090      Fe 6                5676.95A    -2.629    0.0257
Inci                2066.00A     0.402   27.6002      Ca B                930.337A    -3.181    0.0072      Fe 6                5426.64A    -2.959    0.0120
Inci                1215.00A     0.517   35.9876      Ca B                927.846A    -3.269    0.0059      Fe 6                5234.28A    -3.492    0.0035
Ba C                      0     -0.506    3.4136      Ca B                925.816A    -3.351    0.0049      Fe 6                5370.29A    -3.578    0.0029
PA C                      0     -0.925    1.3001      Ca B                924.142A    -3.428    0.0041      Fe 6                5145.75A    -2.319    0.0525
FIR                 83.0000m    -0.411    4.2435      Ca B                922.743A    -3.501    0.0035      Fe 6                4972.47A    -2.335    0.0506
TIR                 1800.00m    -3.056    0.0096      Ca B                921.562A    -3.570    0.0029      Fe 6                5176.04A    -2.372    0.0464
NIRa                2.85000m     0.827   73.4544      Ca B                920.556A    -3.635    0.0025      Fe 6                4967.14A    -2.744    0.0197
NIRb                3.00000m     0.493   34.0296      Ca B                919.693A    -3.697    0.0022      Fe 6                3813.54A    -3.375    0.0046
MIRa                15.0000m     0.354   24.7217      Ca B                918.945A    -3.756    0.0019      Fe 6                3889.40A    -3.173    0.0073
MIRb                22.5000m     0.433   29.6664      Ca B                918.295A    -3.812    0.0017      Fe 6                1.28877m    -3.654    0.0024
NMIR                21.7500m     0.827   73.4544      Ca B                917.724A    -3.866    0.0015      Fe 6                3662.50A    -3.137    0.0080
TFIR                611.250m    -2.446    0.0391      Ca B                4685.68A    -1.751    0.1939      Fe 6                3573.86A    -4.017    0.0011
TALL                10000.0A     1.339  238.7219      Ca B                3203.08A    -2.136    0.0799      Fe 6                3492.10A    -3.768    0.0019
F12                 12.0000m     0.006   11.0901      Ca B                2733.28A    -2.422    0.0414      Fe 6                3555.60A    -3.459    0.0038
F25                 25.0000m    -0.335    5.0565      Ca B                2511.19A    -2.648    0.0246      Fe 6                1.23303m    -3.367    0.0047
F60                 60.0000m    -0.558    3.0268      Ca B                2385.39A    -2.836    0.0159      Fe 6                1.34929m    -3.172    0.0074
F100                100.000m    -0.968    1.1771      Ca B                2306.18A    -2.998    0.0110      Fe 6                1.26742m    -3.542    0.0031
MIPS                24.0000m    -0.376    4.5991      Ca B                2252.67A    -3.140    0.0079      Fe 6                2145.08A    -4.018    0.0010
MIPS                70.0000m    -2.126    0.0818      Ca B                2214.65A    -3.267    0.0059      Fe 8                5.44514m    -3.933    0.0013
MIPS                160.000m    -3.021    0.0104      Ca B                2186.59A    -3.381    0.0045      Mg 2                2802.71A    -1.654    0.2428
IRAC                3.60000m    -0.401    4.3439      Ca B                2165.23A    -3.486    0.0036      Mg 2                2795.53A    -1.358    0.4795
IRAC                4.50000m    -0.370    4.6620      Ca B                2148.58A    -3.582    0.0029      Mg 4                4.48711m    -1.961    0.1197
IRAC                5.80000m    -0.342    4.9751      Ca B                2135.34A    -3.671    0.0023      Mg 4                323.307A    -3.491    0.0035
IRAC                8.00000m    -0.186    7.1233      Ca B                2124.61A    -3.755    0.0019      Mg 4                171.655A    -4.001    0.0011
SPR1                250.000m    -3.279    0.0057      Ca B                2115.81A    -3.833    0.0016      Mg 5                5.60700m    -2.041    0.0996
SPR2                350.000m    -3.397    0.0044      Ca B                2108.49A    -3.906    0.0014      Mg 5                13.5464m    -3.115    0.0084
SPR3                500.000m    -3.454    0.0038      Ca B                2102.33A    -3.976    0.0012      Mg 5                2782.76A    -2.924    0.0130
PAC1                70.0000m    -2.109    0.0851      Ca B                1.01235m    -2.317    0.0527      Mg 5                2928.09A    -3.490    0.0035
PAC2                100.000m    -0.967    1.1806      Ca B                6560.01A    -2.623    0.0261      Mg 5                355.329A    -3.740    0.0020
PAC3                160.000m    -2.833    0.0161      Ca B                5411.45A    -2.866    0.0149      Mg 5                354.221A    -3.948    0.0012
PAH                 3.30000m    -1.261    0.6000      Ca B                4859.26A    -3.065    0.0094      Mg 6                403.307A    -3.905    0.0014
PAHC                3.23000m    -1.432    0.4047      Ca B                4541.54A    -3.234    0.0064      Mg 6                400.662A    -3.966    0.0012
PAHC                3.37000m    -1.576    0.2903      Ca B                4338.62A    -3.381    0.0045      N  2                121.769m    -3.488    0.0036
PAH                 6.20000m    -0.841    1.5776      Ca B                4199.78A    -3.512    0.0034      N  2                6548.05A    -2.117    0.0835
PAHC                5.65000m    -0.781    1.8122      Ca B                4099.99A    -3.630    0.0026      N  2                6583.45A    -1.648    0.2461
PAH                 7.90000m    -0.639    2.5104      Ca B                4025.55A    -3.737    0.0020      N  2                5754.59A    -3.345    0.0049
PAHC                6.90000m    -0.588    2.8212      Ca B                3968.39A    -3.835    0.0016      N  2                2139.01A    -3.661    0.0024
PAH                 11.3000m    -1.388    0.4473      Ca B                3923.44A    -3.926    0.0013      N  2                2142.77A    -3.270    0.0059
PAHC                10.9000m    -1.322    0.5216      Ca B                3887.40A    -4.010    0.0011      N  2                1085.70A    -3.680    0.0023
PAH                 11.8000m    -1.215    0.6667      Ca B                1.86365m    -2.776    0.0183      N  2                1084.58A    -3.764    0.0019
PAHC                12.6500m    -1.331    0.5105      Ca B                1.16262m    -3.024    0.0104      N  2                1085.55A    -3.741    0.0020
PAH                 13.3000m    -1.365    0.4721      Ca B                9344.80A    -3.233    0.0064      N  2                1083.99A    -3.766    0.0019
PAHC                14.1000m    -1.287    0.5646      Ca B                8236.67A    -3.409    0.0043      N  2                1084.56A    -3.869    0.0015
Bcon                3640.00A     0.917   90.3983      Ca B                7592.65A    -3.562    0.0030      N  2                915.612A    -3.753    0.0019
Pcon                5000.00A     0.636   47.2931      Ca B                7177.41A    -3.696    0.0022      N  2                916.020A    -3.918    0.0013
O3bn                5007.00A     0.116   14.2718      Ca B                6890.80A    -3.817    0.0017      N  2                916.710A    -3.856    0.0015
SX                  25.0000A    -0.547    3.1050      Ca B                6683.11A    -3.927    0.0013      N  2                916.012A    -3.854    0.0015
HX                  4.70000A    -0.330    5.1107      Ca B                6527.01A    -4.027    0.0010      N  2                916.701A    -3.620    0.0026
ROSA                12.3980A    -0.333    5.0843      Ca B                3.09080m    -3.168    0.0074      N  2                915.962A    -3.692    0.0022
HFFc                      0     -0.781    1.8122      Ca B                1.87431m    -3.371    0.0047      N  3                57.3238m    -1.590    0.2811
H FF                      0     -0.837    1.5925      Ca B                1.47602m    -3.552    0.0031      N  3                1748.65A    -3.322    0.0052
HeFF                      0     -1.716    0.2105      Ca B                1.28127m    -3.710    0.0021      N  3                1753.99A    -3.306    0.0054
MeFB                      0     -2.458    0.0381      Ca B                1.16730m    -3.848    0.0016      N  3                1746.82A    -3.679    0.0023
MeFF                      0     -3.103    0.0086      Ca B                1.09334m    -3.971    0.0012      N  3                1752.16A    -2.839    0.0158
ToFF                      0     -0.781    1.8116      Ca B                4.76213m    -3.511    0.0034      N  3                1749.67A    -2.741    0.0198
nFnu                6915.34m    -3.997    0.0011      Ca B                2.82519m    -3.679    0.0023      N  3                989.799A    -3.680    0.0023
nFnu                122.367m    -2.527    0.0325      Ca B                2.18848m    -3.838    0.0016      N  3                991.511A    -3.420    0.0042
nInu                122.367m    -3.569    0.0029      Ca B                1.87570m    -3.979    0.0011      N  3                991.577A    -3.486    0.0036
nFnu                60.8157m    -2.282    0.0572      Ca B                6.94599m    -3.816    0.0017      N  3                763.334A    -3.902    0.0014
nInu                60.8157m    -2.510    0.0338      Ca B                4.04945m    -3.956    0.0012      N  3                764.351A    -3.438    0.0040
nFnu                41.2039m    -2.137    0.0798      He 2                607.571A    -0.446    3.9190      N  3                685.515A    -3.684    0.0023
nInu                41.2039m    -1.918    0.1322      He 2                303.784A    -0.137    7.9820      N  3                686.336A    -3.394    0.0044
nFnu                30.8611m    -2.033    0.1014      He 2                256.317A    -3.216    0.0067      N  3                684.998A    -3.879    0.0014
nInu                30.8611m    -1.477    0.3647      He 2                243.027A    -3.360    0.0048      N  3                685.817A    -3.301    0.0055
nFnu                24.7761m    -1.954    0.1216      He 2                237.331A    -3.427    0.0041      N  3                451.871A    -3.887    0.0014
nInu                24.7761m    -1.143    0.7875      He 2                234.347A    -3.466    0.0037      N  3                452.227A    -3.409    0.0043
nFnu                24.2932m    -1.947    0.1236      He 2                232.584A    -3.493    0.0035      Na 3                7.31570m    -2.952    0.0122
nInu                24.2932m    -1.112    0.8446      He 2                231.454A    -3.508    0.0034      Na 3                380.100A    -3.792    0.0018
nFnu                22.8240m    -1.924    0.1302      He 2                230.686A    -3.534    0.0032      Na 3                268.625A    -4.017    0.0011
nInu                22.8240m    -1.021    1.0420      He 2                230.139A    -3.550    0.0031      Na 3                267.871A    -4.038    0.0010
nFnu                21.4141m    -1.903    0.1369      He 2                229.736A    -3.628    0.0026      Na 3                250.517A    -3.890    0.0014
nInu                21.4141m    -0.925    1.3005      He 2                229.431A    -3.638    0.0025      Na 4                9.03096m    -3.116    0.0084
nFnu                21.1177m    -1.897    0.1387      He 2                229.194A    -3.650    0.0024      Na 4                3241.50A    -3.711    0.0021
nInu                21.1177m    -0.899    1.3786      He 2                229.006A    -3.662    0.0024      Na 4                412.244A    -3.973    0.0012
nFnu                19.6146m    -1.869    0.1478      He 2                228.855A    -3.674    0.0023      Na 5                463.270A    -3.972    0.0012
nInu                19.6146m    -0.788    1.7819      He 2                228.731A    -3.685    0.0023      Ne 4                2421.66A    -2.379    0.0457
nFnu                17.6486m    -1.831    0.1614      He 2                228.629A    -3.694    0.0022      Ne 4                2424.28A    -2.231    0.0643
nInu                17.6486m    -0.631    2.5582      He 2                228.543A    -3.701    0.0022      Ne 4                1601.45A    -3.904    0.0014
nFnu                17.3653m    -1.825    0.1635      He 2                228.471A    -3.706    0.0021      Ne 4                541.126A    -3.569    0.0029
nInu                17.3653m    -0.606    2.7118      He 2                228.409A    -3.708    0.0021      Ne 4                542.076A    -3.539    0.0032
nFnu                15.6859m    -1.790    0.1773      He 2                228.356A    -3.704    0.0022      Ne 4                543.886A    -3.522    0.0033
nInu                15.6859m    -0.449    3.8932      He 2                1640.41A    -0.959    1.2023      Ne 4                208.903A    -3.840    0.0016
nFnu                14.5997m    -1.763    0.1889      He 2                1215.13A    -1.431    0.4050      Ne 4                208.737A    -3.760    0.0019
nInu                14.5997m    -0.342    4.9739      He 2                1084.94A    -1.768    0.1864      Ne 6                7.65019m    -2.876    0.0146
nFnu                12.4266m    -1.700    0.2180      He 2                1025.27A    -2.028    0.1027      Ni 2                1.19102m    -3.401    0.0043
nInu                12.4266m    -0.094    8.8090      He 2                992.358A    -2.238    0.0633      Ni 2                6.63416m    -3.438    0.0040
nFnu                11.3969m    -1.671    0.2331      He 2                972.106A    -2.414    0.0421      Ni 2                1.07151m    -3.984    0.0011
nInu                11.3969m     0.038   11.9300      He 2                958.693A    -2.567    0.0297      Ni 2                10.6793m    -3.621    0.0026
nFnu                10.4572m    -1.636    0.2528      He 2                949.323A    -2.700    0.0218      Ni 2                7377.83A    -2.953    0.0122
nInu                10.4572m     0.169   16.1569      He 2                942.507A    -2.570    0.0294      Ni 2                1.93877m    -3.661    0.0024
nFnu                9.47744m    -1.604    0.2721      He 2                937.389A    -2.665    0.0237      O  4                25.8863m    -0.457    3.8147
nInu                9.47744m     0.237   18.8588      He 2                933.444A    -2.752    0.0194      O  4                1399.78A    -3.808    0.0017
nFnu                9.32234m    -1.599    0.2756      He 2                930.337A    -2.831    0.0161      O  4                1407.38A    -3.813    0.0017
nInu                9.32234m     0.237   18.8588      He 2                927.846A    -2.905    0.0136      O  4                1404.81A    -3.386    0.0045
nFnu                8.20812m    -1.548    0.3093      He 2                925.816A    -2.974    0.0116      O  4                1401.16A    -3.415    0.0042
nInu                8.20812m     0.237   18.8587      He 2                924.142A    -3.037    0.0100      O  4                787.710A    -3.784    0.0018
nFnu                7.57793m    -1.523    0.3281      He 2                922.743A    -3.095    0.0088      O  4                790.114A    -3.417    0.0042
nInu                7.57793m     0.237   18.8587      He 2                921.562A    -3.148    0.0078      O  4                790.201A    -3.582    0.0029
nFnu                7.04834m    -1.487    0.3562      He 2                920.556A    -3.195    0.0070      O  4                609.830A    -3.194    0.0070
nInu                7.04834m     0.237   18.8587      He 2                919.693A    -3.234    0.0064      O  4                554.076A    -3.717    0.0021
nFnu                4.11258m    -1.279    0.5749      He 2                4685.68A    -1.845    0.1563      O  4                555.264A    -3.043    0.0099
nInu                4.11258m     0.237   18.8584      He 2                3203.08A    -2.168    0.0743      O  4                554.514A    -3.064    0.0094
nFnu                2.32377m    -1.092    0.8846      He 2                2733.28A    -2.431    0.0405      O  6                1037.61A    -3.795    0.0018
nInu                2.32377m     0.237   18.8582      He 2                2511.19A    -2.647    0.0247      O  6                1031.91A    -3.721    0.0021
nFnu                1.64268m    -0.948    1.2334      He 2                2385.39A    -2.828    0.0162      P  5                1117.98A    -3.989    0.0011
nInu                1.64268m     0.237   18.8581      He 2                2306.18A    -2.985    0.0113      S  4                10.5076m    -0.541    3.1461
nFnu                1.47981m    -0.934    1.2734      He 2                2252.67A    -3.122    0.0083      S  4                1416.89A    -3.691    0.0022
nInu                1.47981m     0.237   18.8580      He 2                2214.65A    -3.085    0.0090      S  4                1406.02A    -3.651    0.0024
nFnu                1.43610m    -0.778    1.8226      He 2                2186.59A    -3.180    0.0072      S  4                1073.52A    -3.882    0.0014
nInu                1.43610m     0.237   18.8580      He 2                2165.23A    -3.266    0.0059      S  4                1072.97A    -3.980    0.0011
nFnu                1.11836m    -0.756    1.9161      He 2                2148.58A    -3.346    0.0049      S  4                815.941A    -3.585    0.0028
nInu                1.11836m     0.237   18.8577      He 2                2135.34A    -3.420    0.0042      S  4                753.760A    -3.387    0.0045
nFnu                8327.39A    -0.739    1.9960      He 2                2124.61A    -3.488    0.0036      S  4                750.221A    -3.377    0.0046
nInu                8327.39A     0.237   18.8575      He 2                2115.81A    -3.551    0.0031      S  4                657.319A    -3.966    0.0012
nFnu                8076.39A    -0.418    4.1805      He 2                2108.49A    -3.609    0.0027      S  4                661.455A    -3.251    0.0061
nInu                8076.39A     0.237   18.8575      He 2                2102.33A    -3.662    0.0024      S  4                661.396A    -3.797    0.0017
nFnu                6207.94A    -0.443    3.9441      He 2                2097.10A    -3.709    0.0021      S  4                554.027A    -3.546    0.0031
nInu                6207.94A     0.237   18.8574      He 2                2092.63A    -3.747    0.0020      S  6                944.523A    -3.863    0.0015
nFnu                4884.00A    -0.446    3.9135      He 2                1.01235m    -2.461    0.0379      S  6                933.378A    -3.783    0.0018
nInu                4884.00A     0.237   18.8574      He 2                6560.01A    -2.698    0.0219      Si 6                1.96247m    -2.982    0.0114
nFnu                3703.28A    -0.406    4.2901      He 2                5411.45A    -2.913    0.0134      Si 6                249.124A    -3.981    0.0011
nInu                3703.28A     0.275   20.6136      He 2                4859.26A    -3.097    0.0087      level 1 lines...................................
nFnu                3586.64A     0.251   19.5004      He 2                4541.54A    -3.257    0.0061      recombination...................................
nInu                3586.64A     0.282   20.9251      He 2                4338.62A    -3.397    0.0044      C  2                4267.00A    -3.797    0.0017
nFnu                2429.31A     0.046   12.1514      He 2                4199.78A    -3.455    0.0038      C  2                1761.00A    -3.847    0.0016
nInu                2429.31A     0.366   25.4213      He 2                4099.99A    -3.548    0.0031      C  2                1335.00A    -2.042    0.0994
nFnu                2391.30A     0.043   12.0626      He 2                4025.55A    -3.635    0.0025      C  3                4069.00A    -3.841    0.0016
nInu                2391.30A     0.370   25.6342      He 2                3968.39A    -3.714    0.0021      C  3                1923.00A    -3.177    0.0073
nFnu                2070.68A     0.050   12.2592      He 2                3923.44A    -3.788    0.0018      C  3                4649.00A    -3.862    0.0015
nInu                2070.68A     0.401   27.5401      He 2                3887.40A    -3.856    0.0015      C  3                2163.00A    -4.002    0.0011
nFnu                2052.02A     0.068   12.7774      He 2                3858.03A    -3.919    0.0013      C  4                2529.00A    -3.897    0.0014
nInu                2052.02A     0.403   27.6782      He 2                3833.76A    -3.977    0.0012      C  4                1549.00A    -3.124    0.0082
nFnu                1793.44A     0.131   14.7718      He 2                3813.45A    -4.029    0.0010      N  2                1742.00A    -3.793    0.0018
nInu                1793.44A     0.432   29.5878      He 2                1.86365m    -2.962    0.0119      N  3                1885.00A    -3.718    0.0021
nFnu                1585.12A     0.162   15.8953      He 2                1.16262m    -3.140    0.0079      O  2                4094.00A    -3.935    0.0013
nInu                1585.12A     0.460   31.5212      He 2                9344.80A    -3.317    0.0053      O  2                4075.00A    -3.578    0.0029
nFnu                1458.33A     0.166   16.0454      He 2                8236.67A    -3.476    0.0037      O  2                4111.00A    -3.886    0.0014
nInu                1458.33A     0.478   32.8631      He 2                7592.65A    -3.616    0.0026      O  2                4651.00A    -3.353    0.0048
nFnu                1356.96A     0.128   14.6885      He 2                7177.41A    -3.744    0.0020      O  2                4341.00A    -3.630    0.0026
nInu                1356.96A     0.493   34.0350      He 2                6890.80A    -3.837    0.0016      O  3                3265.00A    -3.529    0.0032
nFnu                1297.29A     0.029   11.6817      He 2                6683.11A    -3.922    0.0013      O  3                3762.00A    -3.796    0.0017
nInu                1297.29A     0.503   34.8393      He 2                6527.01A    -4.001    0.0011      O  4                1068.00A    -3.889    0.0014
nFnu                1262.79A    -0.121    8.2820      He 2                3.09080m    -3.390    0.0045      C  2                1167.50A    -3.708    0.0021
nInu                1262.79A     0.509   35.3074      He 2                1.87431m    -3.525    0.0033      C  2                1092.50A    -3.100    0.0087
nFnu                1218.08A    -0.854    1.5304      He 2                1.47602m    -3.672    0.0023      C  2                1036.80A    -2.711    0.0213
nInu                1218.08A     0.517   35.9612      He 2                1.28127m    -3.809    0.0017      C  2                946.100A    -2.771    0.0185
nFnu                1196.33A    -0.844    1.5681      He 2                1.16730m    -3.982    0.0011      C  2                799.800A    -1.886    0.1423
nInu                1196.33A     0.521   36.2621      He 2                4.76213m    -3.764    0.0019      C  3                2512.20A    -3.744    0.0020
nFnu                1175.06A    -0.832    1.6091      He 2                2.82519m    -3.867    0.0015      C  3                2296.90A    -2.695    0.0221
nInu                1175.06A     0.524   36.5657      He 2                2.18848m    -3.990    0.0011      C  3                2296.10A    -3.939    0.0013
nFnu                1143.64A    -0.811    1.6905      He-like iso-sequence............................      C  3                2200.40A    -3.769    0.0019
nInu                1143.64A     0.531   37.1187      He 1                1202.81A    -0.938    1.2609      C  3                2114.30A    -3.856    0.0015
nFnu                1113.22A    -0.791    1.7708      He 1                591.412A    -3.381    0.0046      C  3                2017.40A    -3.541    0.0031
nInu                1113.22A     0.536   37.6173      Blnd                591.412A    -3.379    0.0046      C  3                1923.30A    -3.929    0.0013
nFnu                1103.23A    -0.786    1.7919      He 1                584.334A    -2.036    0.1006      C  3                1828.00A    -2.734    0.0202
nInu                1103.23A     0.538   37.7429      He 1                537.030A    -3.092    0.0088      C  3                1796.80A    -3.886    0.0014
nFnu                1073.86A    -0.764    1.8815      He 1                522.213A    -3.226    0.0065      C  3                1701.60A    -4.038    0.0010
nInu                1073.86A     0.544   38.2446      He 1                515.617A    -3.300    0.0055      C  3                1633.60A    -3.959    0.0012
nFnu                1064.34A    -0.756    1.9161      He 1                512.099A    -3.353    0.0049      C  3                1577.10A    -2.675    0.0231
nInu                1064.34A     0.546   38.4364      He 1                625.563A    -0.539    3.1612      C  3                1548.90A    -3.838    0.0016
nFnu                1035.92A    -0.735    2.0122      He 1                510.018A    -3.589    0.0028      C  3                1491.20A    -3.715    0.0021
nInu                1035.92A     0.552   38.9524      He 1                508.657A    -3.604    0.0027      C  3                1478.10A    -3.712    0.0021
nFnu                1000.00A    -0.706    2.1525      He 1                507.727A    -3.654    0.0024      C  3                1296.30A    -3.822    0.0016
nInu                1000.00A     0.560   39.6714      He 1                507.065A    -3.634    0.0025      C  3                1247.40A    -3.186    0.0071
nFnu                925.144A    -0.646    2.4703      He 1                506.576A    -3.649    0.0025      C  3                1175.70A    -2.516    0.0334
nInu                925.144A     0.576   41.2229      He 1                506.204A    -3.668    0.0024      C  3                977.000A    -2.179    0.0725
nFnu                496.874A    -3.913    0.0013      He 1                505.916A    -3.687    0.0022      C  3                574.300A    -3.262    0.0060
RRC.............................................      He 1                505.687A    -3.707    0.0021      C  3                538.200A    -3.261    0.0060
H  1                3645.98A    -0.919    1.3169      He 1                505.502A    -3.727    0.0020      C  3                511.500A    -3.232    0.0064
H  1                3645.98A    -0.578    2.8869      He 1                505.352A    -3.749    0.0020      C  3                493.500A    -2.941    0.0125
H  1                8203.57A    -1.650    0.2448      He 1                505.227A    -3.770    0.0019      C  3                492.600A    -3.083    0.0090
H  1                8203.57A    -1.262    0.5983      He 1                505.122A    -3.791    0.0018      C  3                483.700A    -3.102    0.0086
H  1                8203.57A    -1.373    0.4637      He 1                505.033A    -3.812    0.0017      C  3                476.000A    -2.940    0.0125
H  1                1.45842m    -2.133    0.0805      He 1                504.958A    -3.898    0.0014      C  3                459.600A    -2.050    0.0974
H  1                1.45842m    -1.739    0.1996      He 1                504.893A    -3.896    0.0014      C  3                450.700A    -3.223    0.0065
H  1                1.45842m    -1.743    0.1976      He 1                504.836A    -3.876    0.0015      C  3                433.300A    -3.266    0.0059
H  1                1.45842m    -2.092    0.0885      He 1                504.787A    -3.935    0.0013      C  3                411.700A    -2.072    0.0927
H  1                2.27878m    -2.488    0.0356      He 1                504.744A    -3.894    0.0014      C  3                398.400A    -2.256    0.0607
H  1                2.27878m    -2.094    0.0881      He 1                504.706A    -3.829    0.0016      C  3                371.700A    -2.928    0.0129
H  1                2.27878m    -2.066    0.0939      He 1                504.672A    -3.057    0.0096      N  2                1085.10A    -3.154    0.0077
H  1                2.27878m    -2.270    0.0588      He 1                1.08291m    -2.677    0.0230      N  2                916.300A    -3.570    0.0029
H  1                2.27878m    -2.772    0.0185      He 1                1.08302m    -2.134    0.0803      N  2                646.400A    -3.215    0.0067
H  1                3.28145m    -2.766    0.0188      He 1                1.08303m    -1.837    0.1593      N  3                2188.10A    -3.876    0.0015
H  1                3.28145m    -2.374    0.0463      Blnd                1.08302m    -1.620    0.2626      N  3                2064.30A    -3.453    0.0039
H  1                3.28145m    -2.334    0.0507      He 1                3888.64A    -2.242    0.0627      N  3                1498.30A    -3.928    0.0013
H  1                3.28145m    -2.484    0.0359      He 1                3187.74A    -2.595    0.0278      N  3                991.000A    -2.253    0.0611
H  1                3.28145m    -2.813    0.0168      He 1                2945.10A    -2.879    0.0145      N  3                782.900A    -3.225    0.0065
H  1                3.28145m    -3.417    0.0042      He 1                2829.08A    -3.114    0.0084      N  3                764.000A    -2.787    0.0178
H  1                4.46642m    -2.994    0.0111      He 1                2760.44A    -3.748    0.0020      N  3                685.700A    -3.035    0.0101
H  1                4.46642m    -2.603    0.0273      He 1                2721.00A    -3.875    0.0015      N  3                472.300A    -3.330    0.0051
H  1                4.46642m    -2.559    0.0302      He 1                2694.61A    -3.995    0.0011      N  3                418.800A    -2.755    0.0192
H  1                4.46642m    -2.683    0.0227      He 1                2.05813m    -2.963    0.0119      N  3                411.300A    -3.311    0.0053
H  1                4.46642m    -2.943    0.0125      He 1                5015.68A    -2.740    0.0199      N  3                391.300A    -3.155    0.0076
H  1                4.46642m    -3.355    0.0048      He 1                3964.73A    -3.129    0.0081      N  3                387.400A    -2.683    0.0227
H  1                4.46642m    -4.028    0.0010      He 1                3613.64A    -3.434    0.0040      N  3                374.400A    -2.846    0.0156
H  1                5.83369m    -3.186    0.0071      He 1                3447.59A    -3.686    0.0023      N  3                348.700A    -2.093    0.0883
H  1                5.83369m    -2.797    0.0174      He 1                7065.71A    -3.426    0.0041      N  3                340.200A    -2.432    0.0405
H  1                5.83369m    -2.751    0.0194      He 1                7065.21A    -2.949    0.0123      N  3                323.300A    -3.078    0.0091
H  1                5.83369m    -2.862    0.0150      He 1                7065.18A    -2.727    0.0205      N  3                311.600A    -3.269    0.0059
H  1                5.83369m    -3.086    0.0090      Blnd                7065.25A    -2.472    0.0369      N  4                765.100A    -3.808    0.0017
H  1                5.83369m    -3.415    0.0042      He 1                5875.98A    -3.045    0.0099      N  4                283.500A    -3.703    0.0022
H  1                5.83369m    -3.882    0.0014      He 1                5875.64A    -2.568    0.0296      N  4                239.600A    -3.960    0.0012
H  1                7.38326m    -3.354    0.0048      He 1                5875.61A    -2.346    0.0493      N  4                225.300A    -3.644    0.0025
H  1                7.38326m    -2.966    0.0118      Blnd                5875.66A    -2.091    0.0888      O  2                386.300A    -2.310    0.0535
H  1                7.38326m    -2.918    0.0132      He 1                4713.16A    -3.877    0.0015      O  2                385.700A    -2.487    0.0357
H  1                7.38326m    -3.022    0.0104      He 1                4713.14A    -3.656    0.0024      O  3                1947.20A    -3.827    0.0016
H  1                7.38326m    -3.226    0.0065      Blnd                4713.17A    -3.400    0.0044      O  3                834.500A    -2.125    0.0820
H  1                7.38326m    -3.510    0.0034      He 1                4471.69A    -3.466    0.0037      O  3                703.400A    -2.474    0.0367
H  1                7.38326m    -3.883    0.0014      He 1                4471.49A    -2.989    0.0112      O  3                599.600A    -2.988    0.0112
H  1                9.11514m    -3.501    0.0035      He 1                4471.47A    -2.767    0.0187      O  3                541.600A    -2.901    0.0137
H  1                9.11514m    -3.114    0.0084      Blnd                4471.50A    -2.512    0.0336      O  3                374.100A    -2.587    0.0283
H  1                9.11514m    -3.066    0.0094      Blnd                4120.84A    -3.873    0.0015      O  3                320.700A    -2.588    0.0282
H  1                9.11514m    -3.166    0.0075      He 1                4026.36A    -3.786    0.0018      O  3                300.500A    -1.951    0.1225
H  1                9.11514m    -3.357    0.0048      He 1                4026.20A    -3.309    0.0054      O  3                299.300A    -2.360    0.0477
H  1                9.11514m    -3.614    0.0027      He 1                4026.19A    -3.087    0.0090      O  4                1341.80A    -3.808    0.0017
H  1                9.11514m    -3.935    0.0013      Blnd                4026.21A    -2.832    0.0161      O  4                1289.40A    -3.957    0.0012
H  1                11.0293m    -2.581    0.0287      He 1                3819.61A    -3.568    0.0030      O  4                922.700A    -3.881    0.0014
H  1                13.1258m    -2.693    0.0222      He 1                3819.60A    -3.346    0.0049      O  4                844.400A    -3.540    0.0032
H  1                15.4046m    -2.796    0.0175      Blnd                3819.62A    -3.091    0.0089      O  4                789.400A    -2.257    0.0605
H  1                17.8657m    -2.892    0.0140      He 1                3704.90A    -3.985    0.0011      O  4                779.900A    -2.836    0.0160
H  1                20.5091m    -2.982    0.0114      He 1                3704.76A    -3.508    0.0034      O  4                713.000A    -3.883    0.0014
H  1                23.3348m    -3.065    0.0094      He 1                3704.75A    -3.286    0.0057      O  4                703.900A    -3.977    0.0012
H  1                26.3428m    -3.144    0.0079      Blnd                3704.77A    -3.030    0.0102      O  4                636.500A    -3.938    0.0013
H  1                29.5331m    -3.218    0.0066      He 1                3634.08A    -3.672    0.0023      O  4                617.000A    -3.367    0.0047
H  1                32.9057m    -3.288    0.0056      He 1                3634.07A    -3.450    0.0039      O  4                609.400A    -3.210    0.0067
H  1                36.4606m    -3.355    0.0048      Blnd                3634.09A    -3.195    0.0070      O  4                554.400A    -2.803    0.0172
H  1                40.1978m    -3.418    0.0042      He 1                3587.16A    -3.816    0.0017      O  4                487.000A    -4.017    0.0011
H  1                44.1173m    -3.478    0.0036      He 1                3587.15A    -3.594    0.0028      O  4                379.800A    -3.635    0.0025
H  1                48.2191m    -3.536    0.0032      Blnd                3587.17A    -3.339    0.0050      O  4                306.700A    -3.877    0.0015
H  1                52.5033m    -3.591    0.0028      He 1                3554.34A    -3.944    0.0012      O  4                289.900A    -3.962    0.0012
H  1                56.9697m    -2.424    0.0412      He 1                3554.33A    -3.722    0.0021      O  4                288.500A    -3.383    0.0045
He 2                2049.91A    -2.354    0.0485      Blnd                3554.35A    -3.467    0.0037      O  4                285.800A    -3.601    0.0027
He 2                2049.91A    -1.890    0.1409      He 1                3530.43A    -3.839    0.0016      O  4                279.800A    -3.890    0.0014
He 2                2049.91A    -1.886    0.1424      Blnd                3530.44A    -3.584    0.0029      O  4                276.100A    -3.546    0.0031
He 2                3644.44A    -2.892    0.0140      He 1                3512.46A    -3.945    0.0012      O  4                273.500A    -3.611    0.0027
He 2                3644.44A    -2.419    0.0417      Blnd                3512.48A    -3.690    0.0022      O  4                267.000A    -3.472    0.0037
He 2                3644.44A    -2.300    0.0548      Blnd                3498.62A    -3.787    0.0018      O  4                265.500A    -2.493    0.0351
He 2                3644.44A    -2.518    0.0332      Blnd                3487.70A    -3.877    0.0015      O  4                260.500A    -2.825    0.0163
He 2                5694.49A    -3.295    0.0056      Blnd                3478.95A    -3.960    0.0012      O  4                258.600A    -3.470    0.0037
He 2                5694.49A    -2.820    0.0165      Blnd                3471.81A    -4.037    0.0010      O  4                252.500A    -3.466    0.0037
He 2                5694.49A    -2.665    0.0237      He 1                3439.98A    -3.873    0.0015      O  4                250.300A    -3.472    0.0037
He 2                5694.49A    -2.728    0.0205      Blnd                3440.00A    -3.617    0.0026      O  4                238.500A    -3.382    0.0045
He 2                5694.49A    -3.105    0.0086      He 1                7281.35A    -3.319    0.0052      O  4                224.100A    -2.851    0.0154
He 2                8200.12A    -3.612    0.0027      He 1                6678.15A    -2.660    0.0239      O  4                216.200A    -3.595    0.0028
He 2                8200.12A    -3.138    0.0080      He 1                5047.74A    -3.901    0.0014      O  4                213.000A    -3.206    0.0068
He 2                8200.12A    -2.968    0.0118      He 1                4921.93A    -3.089    0.0089      O  4                211.300A    -3.222    0.0066
He 2                8200.12A    -2.972    0.0117      He 1                4387.93A    -3.408    0.0043      O  4                207.200A    -3.141    0.0079
He 2                8200.12A    -3.170    0.0074      He 1                4143.76A    -3.665    0.0024      O  4                203.000A    -3.527    0.0033
He 2                8200.12A    -3.668    0.0024      He 1                4009.05A    -3.667    0.0024      O  4                200.800A    -2.174    0.0733
He 2                1.11613m    -3.871    0.0015      He 1                3926.41A    -3.833    0.0016      O  4                196.400A    -2.540    0.0316
He 2                1.11613m    -3.399    0.0044      He 1                3871.69A    -3.979    0.0011      O  4                188.200A    -3.549    0.0031
He 2                1.11613m    -3.222    0.0066      He 1                4.29471m    -3.526    0.0033      O  4                182.800A    -3.376    0.0046
He 2                1.11613m    -3.198    0.0069      He 1                1.25275m    -3.730    0.0020      O  4                171.100A    -3.564    0.0030
He 2                1.11613m    -3.320    0.0052      He 1                9463.58A    -3.926    0.0013      O  4                158.600A    -2.528    0.0325
He 2                1.11613m    -3.621    0.0026      He 1                1.70025m    -3.663    0.0024      level2 lines....................................
He 2                1.45781m    -3.619    0.0026      He 1                1.19691m    -3.828    0.0016      C  2                596.559A    -3.668    0.0023
He 2                1.45781m    -3.439    0.0040      He 1                1.03113m    -4.031    0.0010      C  2                561.959A    -3.708    0.0021
He 2                1.45781m    -3.399    0.0044      He 1                9515.00A    -3.917    0.0013      C  2                530.721A    -3.728    0.0020
He 2                1.45781m    -3.482    0.0036      He 1                1.95431m    -3.964    0.0012      C  2                544.909A    -3.743    0.0020
He 2                1.45781m    -3.696    0.0022      He 1                1.86854m    -3.053    0.0097      C  2                535.300A    -3.754    0.0019
He 2                1.84504m    -3.807    0.0017      He 1                1.27849m    -3.384    0.0045      C  2                550.361A    -3.823    0.0016
He 2                1.84504m    -3.626    0.0026      He 1                1.09130m    -3.652    0.0024      C  2                467.460A    -3.887    0.0014
He 2                1.84504m    -3.578    0.0029      He 1                1.00275m    -3.847    0.0016      C  2                424.791A    -3.988    0.0011
He 2                1.84504m    -3.638    0.0025      He 1                9526.01A    -4.020    0.0010      C  3                271.090A    -3.536    0.0032
He 2                1.84504m    -3.803    0.0017      He 1                1.86972m    -3.534    0.0032      C  3                268.600A    -3.554    0.0031
He 2                2.27783m    -3.973    0.0012      He 1                1.27905m    -3.864    0.0015      C  3                266.880A    -3.573    0.0029
He 2                2.27783m    -3.791    0.0018      He 1                4.04791m    -3.773    0.0018      C  3                288.500A    -3.578    0.0029
He 2                2.27783m    -3.738    0.0020      Ca B                2945.10A    -2.848    0.0155      C  4                223.140A    -3.540    0.0032
He 2                2.27783m    -3.783    0.0018      Ca B                3187.74A    -2.526    0.0326      C  4                212.750A    -3.701    0.0022
He 2                2.27783m    -3.919    0.0013      Ca B                3613.64A    -3.436    0.0040      C  4                206.950A    -3.793    0.0018
He 2                2.75620m    -3.174    0.0073      Ca B                3888.64A    -2.119    0.0831      C  4                203.370A    -3.877    0.0015
He 2                3.28011m    -3.286    0.0057      Ca B                3964.73A    -3.128    0.0081      C  4                200.980A    -3.943    0.0012
He 2                3.84958m    -3.389    0.0045      Ca B                4026.20A    -2.824    0.0164      C  4                199.320A    -4.015    0.0011
He 2                4.46460m    -3.484    0.0036      Ca B                4120.82A    -3.861    0.0015      N  1                942.258A    -3.833    0.0016
He 2                5.12518m    -3.573    0.0029      Ca B                4387.93A    -3.398    0.0044      N  2                532.161A    -3.761    0.0019
He 2                5.83131m    -3.657    0.0024      Ca B                4471.49A    -2.500    0.0346      N  2                634.441A    -3.867    0.0015
He 2                6.58301m    -3.735    0.0020      Ca B                4713.16A    -3.440    0.0040      N  2                475.141A    -3.835    0.0016
He 2                7.38026m    -3.809    0.0017      Ca B                4921.93A    -3.067    0.0094      N  2                528.139A    -3.897    0.0014
He 2                8.22307m    -3.879    0.0014      Ca B                5015.68A    -2.726    0.0205      N  2                452.970A    -3.957    0.0012
He 2                9.11143m    -3.945    0.0012      Ca B                5047.74A    -3.870    0.0015      N  2                441.950A    -4.013    0.0011
He 2                10.0454m    -4.008    0.0011      Ca B                5875.64A    -2.050    0.0974      N  2                474.291A    -4.005    0.0011
He 2                14.2366m    -2.972    0.0117      Ca B                6678.15A    -2.598    0.0276      N  3                293.510A    -3.541    0.0031
He 1                2599.69A    -2.128    0.0815      Ca B                7065.21A    -2.714    0.0211      N  3                283.090A    -3.574    0.0029
He 1                3120.85A    -2.640    0.0251      Ca B                7281.35A    -3.291    0.0056      N  3                264.550A    -3.588    0.0028
He 1                3421.00A    -2.636    0.0253      Ca B                1.08302m    -1.455    0.3832      N  3                277.180A    -3.599    0.0028
He 1                3420.88A    -2.159    0.0759      Ca B                1.19691m    -3.821    0.0017      N  3                312.110A    -3.600    0.0027
He 1                3420.88A    -1.937    0.1265      Ca B                1.25275m    -4.020    0.0010      N  3                273.490A    -3.623    0.0026
He 1                3678.70A    -2.358    0.0480      Ca B                1.27849m    -3.320    0.0052      N  3                267.450A    -3.642    0.0025
He 1                6632.16A    -3.027    0.0103      Ca B                1.27905m    -3.792    0.0018      N  3                248.910A    -3.669    0.0023
He 1                7435.20A    -3.451    0.0039      Ca B                1.70025m    -3.651    0.0024      N  3                271.020A    -3.648    0.0025
He 1                7843.40A    -2.409    0.0426      Ca B                1.86854m    -2.949    0.0123      N  3                305.650A    -3.656    0.0024
He 1                8188.35A    -2.639    0.0251      Ca B                1.86972m    -3.413    0.0042      N  3                269.290A    -3.669    0.0023
He 1                8190.64A    -3.129    0.0081      Ca B                2.05813m    -2.612    0.0267      N  3                300.710A    -3.675    0.0023
He 1                8261.30A    -3.024    0.0104      Pho+                3889.00A    -1.535    0.3191      N  3                238.620A    -3.778    0.0018
He 1                1.24770m    -3.575    0.0029      extra Lyman.....................................      N  3                234.300A    -3.800    0.0017
He 1                1.35640m    -3.965    0.0012      database lines..................................      N  3                286.900A    -3.772    0.0018
He 1                1.40933m    -2.905    0.0136      Al 3                1862.79A    -3.166    0.0075      N  3                231.470A    -3.870    0.0015
He 1                1.45602m    -3.008    0.0107      Al 3                1854.72A    -2.911    0.0134      N  3                279.440A    -3.836    0.0016
He 1                1.45643m    -3.500    0.0035      Al 6                3.65932m    -3.001    0.0109      N  3                229.580A    -3.931    0.0013
He 1                1.45759m    -3.372    0.0046      Ar 2                6.98337m    -3.584    0.0029      N  3                274.950A    -3.892    0.0014
He 1                1.45759m    -3.849    0.0015      Ar 3                3109.18A    -3.470    0.0037      N  3                272.030A    -3.936    0.0013
He 1                1.46631m    -3.493    0.0035      Ar 3                5191.82A    -3.806    0.0017      N  3                270.020A    -3.966    0.0012
He 1                2.01409m    -3.962    0.0012      Ar 3                7135.79A    -1.826    0.1632      N  4                197.610A    -3.683    0.0023
He 1                2.21671m    -3.270    0.0059      Ar 3                7751.11A    -2.451    0.0387      N  4                182.190A    -3.860    0.0015
He 1                2.27546m    -3.330    0.0051      Ar 3                8.98898m    -1.933    0.1275      N  4                175.020A    -3.963    0.0012
He 1                2.27605m    -3.823    0.0016      Ar 3                21.8253m    -3.103    0.0086      O  1                976.791A    -3.696    0.0022
He 1                2.27752m    -3.550    0.0031      Ar 4                843.770A    -4.004    0.0011      O  1                969.049A    -3.696    0.0022
He 1                2.27752m    -4.027    0.0010      Ar 4                850.605A    -3.960    0.0012      O  1                946.387A    -3.741    0.0020
He 1                2.28865m    -3.844    0.0016      Ar 4                2853.66A    -3.244    0.0062      O  1                934.501A    -3.778    0.0018
He 1                3.20639m    -3.554    0.0031      Ar 4                2868.22A    -3.589    0.0028      O  1                973.577A    -3.793    0.0018
He 1                3.27716m    -3.597    0.0028      Ar 4                4711.26A    -2.281    0.0573      O  1                927.472A    -3.812    0.0017
He 1                3.27969m    -3.764    0.0019      Ar 4                4740.12A    -2.424    0.0412      O  1                948.506A    -3.854    0.0015
He 1                4.46460m    -3.157    0.0076      Ar 5                827.366A    -4.037    0.0010      O  1                922.969A    -3.851    0.0015
He 1                5.83132m    -3.328    0.0051      Ar 5                6435.12A    -3.708    0.0021      O  1                919.912A    -3.889    0.0014
He 1                7.38026m    -3.480    0.0036      Ar 5                7005.83A    -3.376    0.0046      O  1                935.672A    -3.917    0.0013
He 1                9.11143m    -3.616    0.0027      Ar 5                7.89971m    -2.747    0.0196      O  1                917.726A    -3.929    0.0013
He 1                11.0248m    -3.739    0.0020      Ar 5                13.0985m    -2.531    0.0322      O  1                918.704A    -3.962    0.0012
He 1                13.1205m    -3.851    0.0015      Ar 6                4.52800m    -3.336    0.0051      O  1                928.186A    -3.985    0.0011
He 1                15.3983m    -3.954    0.0012      C  2                687.053A    -3.770    0.0019      O  1                917.473A    -4.007    0.0011
He 1                61.5933m    -3.616    0.0026      C  2                687.352A    -4.014    0.0011      O  2                425.190A    -3.584    0.0028
grains..........................................      C  2                858.092A    -3.898    0.0014      O  2                388.410A    -3.628    0.0026
H-like iso-sequence.............................      C  2                858.559A    -3.763    0.0019      O  2                373.600A    -3.664    0.0024
H  1 Cool           1215.67A    -1.095    0.8782      C  2                903.623A    -3.570    0.0029      O  2                361.821A    -3.675    0.0023
Crst                960.000A    -1.263    0.5974      C  2                903.962A    -3.519    0.0033      O  2                366.060A    -3.687    0.0022
LA X                1215.67A    -3.796    0.0017      C  2                904.142A    -3.448    0.0039      O  2                360.570A    -3.743    0.0020
CION                      0     -3.066    0.0094      C  2                904.480A    -3.530    0.0032      O  2                414.619A    -3.830    0.0016
Ca B                1215.67A     0.493   34.0519      C  2                1036.34A    -3.539    0.0032      O  2                358.780A    -3.847    0.0016
Q(H)                4861.32A    -1.069    0.9326      C  2                1037.02A    -3.454    0.0038      O  2                356.930A    -3.849    0.0015
Q(H)                1215.67A     0.468   32.1183      C  2                1334.53A    -3.444    0.0039      O  2                355.610A    -3.881    0.0014
CaBo                4861.32A    -1.043    0.9914      C  2                1335.66A    -3.425    0.0041      O  2                384.420A    -4.025    0.0010
CaBo                1640.00A    -0.935    1.2712      C  2                1335.71A    -3.184    0.0072      O  3                305.400A    -2.847    0.0155
CaBo                4685.64A    -1.765    0.1879      C  2                2323.50A    -3.357    0.0048      O  3                268.070A    -3.291    0.0056
Ca A                1215.67A     0.315   22.6006      C  2                2324.69A    -3.135    0.0080      O  3                263.850A    -3.321    0.0052
Ca A                1025.72A    -0.342    4.9728      C  2                2325.40A    -2.338    0.0502      O  3                373.640A    -3.382    0.0045
Ca A                972.537A    -0.752    1.9347      C  2                2326.93A    -2.575    0.0291      O  3                265.020A    -3.346    0.0049
Ca A                949.743A    -1.056    0.9618      C  2                2328.12A    -3.082    0.0091      O  3                248.730A    -3.450    0.0039
Ca A                937.803A    -1.298    0.5504      C  2                157.636m    -3.489    0.0035      O  3                241.200A    -3.502    0.0034
Ca A                930.748A    -1.501    0.3453      C  3                1908.73A    -1.467    0.3735      O  3                248.620A    -3.524    0.0033
Ca A                926.226A    -1.675    0.2313      C  3                1906.68A    -1.292    0.5581      O  3                236.890A    -3.535    0.0032
Ca A                923.150A    -1.827    0.1627      C  3                977.020A    -2.418    0.0418      O  3                234.190A    -3.554    0.0031
Ca A                920.963A    -1.964    0.1189      C  3                386.203A    -3.840    0.0016      O  3                276.900A    -3.523    0.0033
Ca A                919.351A    -2.087    0.0896      C  3                2296.87A    -3.995    0.0011      O  3                241.140A    -3.553    0.0031
Ca A                918.129A    -2.198    0.0693      C  3                884.524A    -3.621    0.0026      O  3                280.450A    -3.553    0.0031
Ca A                917.181A    -2.301    0.0547      Ca 3                409.953A    -3.973    0.0012      O  3                263.230A    -3.554    0.0031
Ca A                916.429A    -2.395    0.0441      Ca 4                669.696A    -3.699    0.0022      O  3                232.380A    -3.566    0.0030
Ca A                915.824A    -2.481    0.0361      Ca 4                3.20610m    -2.044    0.0988      O  3                236.860A    -3.577    0.0029
Ca A                915.329A    -2.561    0.0301      Cr 5                594.921A    -3.619    0.0026      O  3                231.110A    -3.578    0.0029
Ca A                914.919A    -2.634    0.0254      Fe 2                25.9813m    -2.544    0.0313      O  3                255.390A    -3.581    0.0029
Ca A                914.576A    -2.701    0.0217      Fe 2                5.33871m    -2.069    0.0934      O  3                232.350A    -3.589    0.0028
Ca A                914.286A    -2.763    0.0189      Fe 2                1.25668m    -3.242    0.0063      O  3                234.180A    -3.596    0.0028
Ca A                914.039A    -2.820    0.0166      Fe 2                4287.39A    -3.177    0.0073      O  3                230.150A    -3.683    0.0023
Ca A                913.826A    -2.872    0.0147      Fe 2                2599.40A    -3.880    0.0014      O  3                231.100A    -3.618    0.0026
Ca A                913.641A    -2.920    0.0132      Fe 2                2382.04A    -2.829    0.0162      O  3                244.650A    -3.618    0.0026
Ca A                913.480A    -2.964    0.0119      Fe 2                35.3391m    -3.191    0.0070      O  3                238.930A    -3.647    0.0025
Ca A                913.339A    -3.005    0.0108      Fe 2                6.71944m    -3.208    0.0068      O  3                233.340A    -3.657    0.0024
Ca A                6562.80A    -0.774    1.8405      Fe 2                4.88781m    -3.862    0.0015      O  3                235.520A    -3.671    0.0023
Ca A                4861.32A    -1.220    0.6585      Fe 2                1.32055m    -3.738    0.0020      O  3                232.490A    -3.733    0.0020
Ca A                4340.46A    -1.544    0.3127      Fe 2                7637.52A    -3.853    0.0015      O  3                235.000A    -3.757    0.0019
Ca A                4101.73A    -1.797    0.1745      Fe 2                4889.62A    -3.959    0.0012      O  4                239.130A    -2.935    0.0127
Ca A                3970.07A    -2.006    0.1079      Fe 2                4359.33A    -3.308    0.0054      O  4                207.610A    -3.521    0.0033
Ca A                3889.05A    -2.184    0.0716      Fe 2                2625.67A    -2.411    0.0425      O  4                196.560A    -3.578    0.0029
Ca A                3835.38A    -2.339    0.0501      Fe 2                2611.87A    -3.252    0.0061      O  4                214.760A    -3.511    0.0034
Ca A                3797.90A    -2.477    0.0364      Fe 2                2395.63A    -3.236    0.0064      O  4                181.780A    -3.692    0.0022
Ca A                3770.63A    -2.602    0.0274      Fe 2                2388.63A    -3.951    0.0012      O  4                280.550A    -3.448    0.0039
Ca A                3750.15A    -2.715    0.0211      Fe 2                2364.83A    -3.613    0.0027      O  4                174.710A    -3.760    0.0019
Ca A                3734.37A    -2.819    0.0166      Fe 2                51.2868m    -3.760    0.0019      O  4                203.010A    -3.641    0.0025
Ca A                3721.94A    -2.915    0.0133      Fe 2                1.37181m    -3.982    0.0011      O  4                174.310A    -3.780    0.0018
Ca A                3711.97A    -3.004    0.0108      Fe 2                7686.93A    -3.980    0.0011      O  4                182.700A    -3.754    0.0019
Ca A                3703.85A    -3.088    0.0089      Fe 2                4413.78A    -3.459    0.0038      O  4                181.770A    -3.762    0.0019
Ca A                3697.15A    -3.166    0.0075      Fe 2                2631.32A    -3.084    0.0090      O  4                170.710A    -3.844    0.0016
Ca A                3691.55A    -3.240    0.0063      Fe 2                2617.62A    -4.025    0.0010      O  4                159.680A    -3.914    0.0013
Ca A                3686.83A    -3.310    0.0054      Fe 2                2607.09A    -3.933    0.0013      O  4                168.240A    -3.888    0.0014
Ca A                3682.81A    -3.376    0.0046      Fe 2                2404.89A    -3.728    0.0020      O  4                152.360A    -3.976    0.0012
Ca A                3679.35A    -3.438    0.0040      Fe 2                2380.76A    -3.183    0.0072      O  4                180.320A    -3.856    0.0015
Ca A                3676.36A    -3.497    0.0035      Fe 2                4452.10A    -3.651    0.0024      O  4                186.020A    -3.852    0.0015
Ca A                3673.76A    -3.552    0.0031      Fe 2                2631.05A    -3.982    0.0011      O  4                166.570A    -3.950    0.0012
Ca A                3671.48A    -3.604    0.0027      Fe 2                4474.90A    -3.964    0.0012      O  4                165.420A    -3.969    0.0012
Ca A                1.87510m    -1.572    0.2931      Fe 2                17.9311m    -2.825    0.0164      O  4                169.860A    -4.007    0.0011
Ca A                1.28181m    -1.894    0.1396      Fe 2                1.64355m    -2.064    0.0944      O  4                168.250A    -4.027    0.0010
Ca A                1.09381m    -2.153    0.0769      Fe 2                1.53348m    -3.011    0.0107      O  4                206.560A    -3.886    0.0014
Ca A                1.00494m    -2.366    0.0471      Fe 2                8616.95A    -3.263    0.0060      O  5                135.810A    -4.017    0.0011
Ca A                9545.97A    -2.548    0.0310      Fe 2                7155.17A    -2.982    0.0114      O  5                139.140A    -4.018    0.0010
Ca A                9229.02A    -2.705    0.0215      Fe 2                5273.36A    -3.473    0.0037      Ne 2                444.150A    -3.834    0.0016
Ca A                9014.91A    -2.845    0.0156      Fe 2                5158.79A    -2.839    0.0159      Ne 2                356.870A    -3.808    0.0017
Ca A                8862.79A    -2.971    0.0117      Fe 2                5111.64A    -3.770    0.0019      Ne 2                461.050A    -3.941    0.0013
Ca A                8750.48A    -3.086    0.0090      Fe 2                5072.41A    -3.524    0.0033      Ne 2                404.130A    -3.888    0.0014
Ca A                8665.02A    -3.191    0.0071      Fe 2                4814.54A    -3.792    0.0018      Ne 2                327.700A    -3.929    0.0013
Ca A                8598.40A    -3.288    0.0056      Fe 2                4243.97A    -3.172    0.0074      Ne 2                331.200A    -3.928    0.0013
Ca A                8545.39A    -3.378    0.0046      Fe 2                3376.20A    -3.885    0.0014      Ne 2                327.139A    -3.944    0.0012
Ca A                8502.49A    -3.462    0.0038      Fe 2                2493.30A    -2.825    0.0164      Ne 2                355.969A    -3.942    0.0013
Ca A                8467.26A    -3.541    0.0031      Fe 2                24.5126m    -3.475    0.0037      Ne 2                320.500A    -4.002    0.0011
Ca A                8437.96A    -3.616    0.0026      Fe 2                1.80940m    -2.665    0.0237      Ne 2                327.160A    -4.031    0.0010
Ca A                8413.32A    -3.686    0.0023      Fe 2                1.67688m    -3.437    0.0040      Ne 3                250.920A    -3.453    0.0039
Ca A                8392.40A    -3.753    0.0019      Fe 2                1.59948m    -3.399    0.0044      Ne 3                227.420A    -3.473    0.0037
Ca A                8374.48A    -3.817    0.0017      Fe 2                9051.95A    -3.105    0.0086      Ne 3                218.360A    -3.763    0.0019
Ca A                8359.01A    -3.877    0.0015      Fe 2                8891.93A    -3.579    0.0029      Ne 3                223.310A    -3.699    0.0022
Ca A                8345.56A    -3.935    0.0013      Fe 2                7452.56A    -3.474    0.0037      Ne 3                228.870A    -3.562    0.0030
Ca A                8333.79A    -3.989    0.0011      Fe 2                7172.00A    -3.685    0.0023      Ne 3                281.580A    -3.566    0.0030
Ca A                4.05115m    -2.176    0.0729      Fe 2                5527.36A    -3.843    0.0016      Ne 3                204.530A    -3.922    0.0013
Ca A                2.62515m    -2.424    0.0412      Fe 2                5433.15A    -3.987    0.0011      Ne 3                227.190A    -3.534    0.0032
Ca A                2.16553m    -2.638    0.0252      Fe 2                5261.63A    -3.243    0.0062      Ne 3                212.550A    -3.901    0.0014
Ca A                1.94456m    -2.822    0.0165      Fe 2                4947.39A    -3.735    0.0020      Ne 3                265.510A    -3.591    0.0028
Ca A                1.81741m    -2.982    0.0114      Fe 2                4346.86A    -3.799    0.0017      Ne 3                218.030A    -3.873    0.0015
Ca A                1.73621m    -3.123    0.0082      Fe 2                4276.84A    -3.717    0.0021      Ne 3                205.100A    -3.993    0.0011
Ca A                1.68065m    -3.251    0.0061      Fe 2                1.95361m    -3.576    0.0029      Ne 3                217.120A    -3.925    0.0013
Ca A                1.64072m    -3.366    0.0047      Fe 2                1.80002m    -3.452    0.0039      Ne 3                238.070A    -3.674    0.0023
Ca A                1.61093m    -3.472    0.0037      Fe 2                1.66377m    -3.686    0.0023      Ne 4                171.550A    -3.606    0.0027
Ca A                1.58805m    -3.569    0.0029      Fe 2                9399.04A    -3.527    0.0033      Ne 4                148.550A    -3.877    0.0015
Ca A                1.57007m    -3.660    0.0024      Fe 2                9226.63A    -3.523    0.0033      Ne 4                207.180A    -3.674    0.0023
Ca A                1.55565m    -3.745    0.0020      Fe 2                7388.17A    -3.805    0.0017      Ne 4                139.980A    -4.016    0.0011
Ca A                1.54389m    -3.824    0.0016      Fe 2                5333.66A    -3.538    0.0032      Ne 4                159.100A    -3.906    0.0014
Ca A                1.53418m    -3.900    0.0014      Fe 2                5049.30A    -3.909    0.0013      Ne 4                157.090A    -4.010    0.0011
Ca A                1.52605m    -3.971    0.0012      Fe 2                5005.52A    -3.977    0.0012      Ne 5                143.350A    -3.808    0.0017
Ca A                1.51919m    -4.038    0.0010      Fe 2                4352.79A    -4.033    0.0010      Ne 5                142.640A    -3.983    0.0011
Ca A                7.45782m    -2.669    0.0234      Fe 2                1.79711m    -3.730    0.0020      Ne 5                167.820A    -3.998    0.0011
Ca A                4.65251m    -2.865    0.0149      Fe 2                1.74494m    -4.009    0.0011      Mg 3                183.540A    -3.887    0.0014
Ca A                3.73954m    -3.047    0.0098      Fe 2                9470.94A    -3.913    0.0013      Mg 4                147.190A    -3.922    0.0013
Ca A                3.29609m    -3.207    0.0068      Fe 2                9267.56A    -3.991    0.0011      Si 2                1179.59A    -3.198    0.0069
Ca A                3.03837m    -3.349    0.0049      Fe 2                5376.47A    -3.904    0.0014      Si 2                993.354A    -3.711    0.0021
Ca A                2.87221m    -3.477    0.0036      Fe 2                2755.74A    -3.521    0.0033      Si 2                893.551A    -3.818    0.0017
Ca A                2.75752m    -3.593    0.0028      Fe 2                2739.55A    -3.811    0.0017      Si 2                1024.03A    -3.886    0.0014
Ca A                2.67440m    -3.700    0.0022      Fe 2                2772.73A    -3.859    0.0015      Si 3                564.611A    -3.894    0.0014
Ca A                2.61194m    -3.798    0.0017      Fe 2                2.22379m    -3.970    0.0012      Si 3                464.939A    -3.860    0.0015
Ca A                2.56363m    -3.889    0.0014      Fe 3                22.9190m    -2.207    0.0680      Si 3                435.840A    -3.969    0.0012
Ca A                2.52540m    -3.974    0.0012      Fe 3                4985.87A    -2.764    0.0188      Si 3                406.880A    -4.038    0.0010
Ca A                12.3685m    -3.087    0.0090      Fe 3                4924.54A    -3.478    0.0036      Si 4                329.800A    -3.813    0.0017
Ca A                7.50045m    -3.245    0.0062      Fe 3                4881.00A    -2.584    0.0285      Si 4                312.700A    -3.869    0.0015
Ca A                5.90660m    -3.401    0.0043      Fe 3                4658.05A    -2.089    0.0890      Si 4                302.870A    -3.931    0.0013
Ca A                5.12726m    -3.542    0.0031      Fe 3                4607.03A    -3.365    0.0047      Si 4                296.640A    -3.976    0.0012
Ca A                4.67124m    -3.670    0.0023      Fe 3                4008.35A    -3.224    0.0065      Si 4                292.430A    -4.027    0.0010
Ca A                4.37526m    -3.787    0.0018      Fe 3                3322.54A    -2.955    0.0121      S  2                750.323A    -3.863    0.0015
Ca A                4.16966m    -3.893    0.0014      Fe 3                3239.74A    -3.033    0.0101      S  2                632.711A    -4.031    0.0010
Ca A                4.01977m    -3.992    0.0011      Fe 3                2438.29A    -3.362    0.0047      S  2                888.439A    -3.858    0.0015
Ca A                19.0567m    -3.449    0.0039      Fe 3                1576.66A    -3.847    0.0016      S  3                667.049A    -3.427    0.0041
Ca A                11.3056m    -3.579    0.0029      Fe 3                33.0270m    -2.756    0.0192      S  3                691.219A    -3.541    0.0031
Ca A                8.75768m    -3.714    0.0021      Fe 3                5270.40A    -2.375    0.0461      S  3                704.220A    -3.574    0.0029
Ca A                7.50606m    -3.840    0.0016      Fe 3                4987.21A    -3.324    0.0052      S  3                671.510A    -3.863    0.0015
Ca A                6.77015m    -3.956    0.0012      Fe 3                4754.69A    -2.815    0.0167      S  3                482.139A    -3.794    0.0018
Ca A                27.7958m    -3.769    0.0019      Fe 3                4701.54A    -2.653    0.0243      S  3                474.260A    -3.852    0.0015
Ca A                16.2047m    -3.876    0.0015      Fe 3                4667.01A    -3.699    0.0022      S  3                480.121A    -3.882    0.0014
Ca A                12.3838m    -3.995    0.0011      Fe 3                4079.70A    -3.783    0.0018      S  3                420.730A    -3.934    0.0013
Ca B                6562.80A    -0.588    2.8229      Fe 3                3371.41A    -3.089    0.0089      S  3                424.450A    -3.981    0.0011
Ca B                4861.32A    -1.043    0.9916      Fe 3                3286.19A    -3.549    0.0031      S  4                330.110A    -3.816    0.0017
Ca B                4340.46A    -1.371    0.4653      Fe 3                2464.51A    -3.505    0.0034      S  4                370.000A    -3.825    0.0016
Ca B                4101.73A    -1.628    0.2575      Fe 3                51.6655m    -3.403    0.0043      S  4                341.260A    -3.836    0.0016
Ca B                3970.07A    -1.840    0.1582      Fe 3                5011.26A    -3.037    0.0100      S  4                295.300A    -3.896    0.0014
Ca B                3889.05A    -2.020    0.1044      Fe 3                4769.43A    -3.120    0.0083      S  4                321.910A    -3.879    0.0014
Ca B                3835.38A    -2.177    0.0727      Fe 3                4733.91A    -3.158    0.0076      S  4                274.000A    -3.910    0.0013
Ca B                3797.90A    -2.317    0.0527      Fe 3                3406.18A    -3.452    0.0039      S  4                306.380A    -3.945    0.0012
Ca B                3770.63A    -2.442    0.0395      Fe 3                3334.90A    -3.559    0.0030      S  4                301.570A    -4.009    0.0011
Ca B                3750.15A    -2.556    0.0304      Fe 3                3319.22A    -3.715    0.0021      S  4                293.560A    -4.034    0.0010
Ca B                3734.37A    -2.661    0.0239      Fe 3                2483.05A    -3.675    0.0023      S  5                285.830A    -3.865    0.0015
Ca B                3721.94A    -2.758    0.0191      Fe 3                5411.98A    -3.431    0.0041      Ar 3                458.140A    -3.386    0.0045
Ca B                3711.97A    -2.847    0.0156      Fe 3                4930.54A    -3.710    0.0021      Ar 3                464.671A    -3.510    0.0034
Ca B                3703.85A    -2.930    0.0128      Fe 3                4777.68A    -3.478    0.0036      Ar 3                451.091A    -3.739    0.0020
Ca B                3697.15A    -3.008    0.0107      Fe 3                3356.57A    -3.639    0.0025      Ar 3                472.659A    -3.700    0.0022
Ca B                3691.55A    -3.081    0.0091      Fe 3                3355.48A    -3.898    0.0014      Ar 3                488.909A    -3.832    0.0016
Ca B                3686.83A    -3.149    0.0078      Fe 3                2495.04A    -3.913    0.0013      Ar 3                388.490A    -3.846    0.0016
Ca B                3682.81A    -3.213    0.0067      Fe 3                5084.77A    -3.812    0.0017      Ar 3                527.451A    -3.858    0.0015
Ca B                3679.35A    -3.273    0.0058      Fe 3                3366.21A    -3.961    0.0012      Ar 3                360.940A    -3.909    0.0013
Ca B                3676.36A    -3.329    0.0051      Fe 3                40.0371m    -4.002    0.0011      Ar 3                345.990A    -3.905    0.0014
Ca B                3673.76A    -3.383    0.0045      Fe 3                2.21782m    -3.172    0.0074      Ar 3                365.099A    -3.936    0.0013
Ca B                3671.48A    -3.433    0.0040      Fe 3                9701.27A    -3.394    0.0044      Ar 3                517.521A    -4.027    0.0010
Ca B                1.87510m    -1.522    0.3286      Fe 3                2.34788m    -3.350    0.0049      Ar 3                387.261A    -4.037    0.0010
Ca B                1.28181m    -1.835    0.1599      Fe 3                9942.18A    -3.588    0.0028      Ar 4                444.680A    -3.262    0.0060
Ca B                1.09381m    -2.090    0.0888      Fe 3                2.24204m    -3.914    0.0013      Ar 4                392.000A    -3.835    0.0016
Ca B                1.00494m    -2.302    0.0546      Fe 3                3.22847m    -3.697    0.0022      Ar 4                278.290A    -3.956    0.0012
Ca B                9545.97A    -2.482    0.0360      Fe 3                2.87385m    -3.651    0.0024      Ar 5                441.850A    -3.703    0.0022
Ca B                9229.02A    -2.640    0.0251      Fe 7                9.50763m    -2.328    0.0514      Ar 5                455.901A    -3.840    0.0016
Ca B                9014.91A    -2.780    0.0182      Fe 7                5720.71A    -3.145    0.0078      Ca 3                351.260A    -3.248    0.0062
Ca B                8862.79A    -2.905    0.0136      Fe 7                4988.55A    -3.359    0.0048      Ca 3                298.430A    -3.643    0.0025
Ca B                8750.48A    -3.020    0.0105      Fe 7                4893.37A    -3.632    0.0026      Ca 3                277.760A    -3.824    0.0016
Ca B                8665.02A    -3.125    0.0082      Fe 7                7.81037m    -2.864    0.0150      Ca 3                267.540A    -3.907    0.0014
Ca B                8598.40A    -3.221    0.0066      Fe 7                6086.97A    -2.971    0.0117      Ca 3                308.360A    -3.939    0.0013
Ca B                8545.39A    -3.311    0.0053      Fe 7                5158.89A    -3.499    0.0035      Ca 3                261.770A    -3.976    0.0012
Ca B                8502.49A    -3.395    0.0044      Fe 7                4942.48A    -4.037    0.0010      Ca 4                303.870A    -3.288    0.0056
Ca B                8467.26A    -3.473    0.0037      Fe 7                3586.32A    -3.602    0.0027      Ca 4                310.370A    -3.487    0.0036
Ca B                8437.96A    -3.547    0.0031      Fe 7                3758.92A    -3.448    0.0039      Ca 4                307.850A    -3.434    0.0040
Ca B                8413.32A    -3.616    0.0026      K  3                4.61683m    -3.148    0.0078      Ca 4                323.400A    -3.487    0.0036
Ca B                8392.40A    -3.682    0.0023      K  4                5.98030m    -3.245    0.0062      Ca 4                319.070A    -3.392    0.0044
Ca B                8374.48A    -3.744    0.0020      Mg 1                2852.13A    -3.152    0.0077      Ca 4                243.380A    -3.926    0.0013
Ca B                8359.01A    -3.802    0.0017      Mg 1                4562.60A    -3.164    0.0075      Ca 4                237.560A    -3.937    0.0013
Ca B                8345.56A    -3.857    0.0015      Mg 1                4571.10A    -3.596    0.0028      Ca 4                234.960A    -3.964    0.0012
Ca B                8333.79A    -3.909    0.0013      Mg 3                231.734A    -3.566    0.0030      Ca 4                342.770A    -3.981    0.0011
Ca B                4.05115m    -2.152    0.0771      Mg 3                234.264A    -3.777    0.0018      Ca 5                314.530A    -3.517    0.0033
Ca B                2.62515m    -2.395    0.0441      Mn 2                2576.10A    -3.986    0.0011      Ca 5                325.410A    -3.613    0.0027
Ca B                2.16553m    -2.606    0.0271      N  1                1134.17A    -3.945    0.0012      Ca 5                332.080A    -3.843    0.0016
Ca B                1.94456m    -2.788    0.0178      N  1                1134.41A    -3.863    0.0015      Ca 6                330.390A    -3.947    0.0012
Ca B                1.81741m    -2.947    0.0124      N  1                1134.98A    -3.825    0.0016      Fe 3                911.104A    -3.804    0.0017
Ca B                1.73621m    -3.088    0.0089      N  1                1199.55A    -3.530    0.0032      Fe 3                859.623A    -4.038    0.0010
Ca B                1.68065m    -3.214    0.0067      N  1                1200.22A    -3.571    0.0029      Fe 3                896.877A    -3.891    0.0014
Ca B                1.64072m    -3.329    0.0051      N  1                1200.71A    -3.698    0.0022      Fe 4                309.190A    -3.560    0.0030
Ca B                1.61093m    -3.435    0.0040      N  1                5197.90A    -3.873    0.0015      Fe 4                532.950A    -3.675    0.0023
Ca B                1.58805m    -3.532    0.0032      N  1                5200.26A    -3.886    0.0014      Fe 4                275.130A    -3.672    0.0023
Ca B                1.57007m    -3.622    0.0026      N  4                1486.50A    -2.762    0.0189      Fe 4                259.600A    -3.755    0.0019
Ca B                1.55565m    -3.707    0.0021      N  4                1483.32A    -2.616    0.0265      Fe 4                251.070A    -3.818    0.0017
Ca B                1.54389m    -3.786    0.0018      N  4                765.147A    -3.392    0.0044      Fe 4                245.840A    -3.851    0.0015
Ca B                1.53418m    -3.860    0.0015      N  4                247.205A    -3.767    0.0019      Fe 4                326.120A    -3.839    0.0016
Ca B                1.52605m    -3.930    0.0013      N  4                463.736A    -3.727    0.0020      Fe 4                242.370A    -3.871    0.0015
Ca B                1.51919m    -3.997    0.0011      N  5                209.274A    -3.773    0.0018      Fe 4                239.960A    -3.889    0.0014
Ca B                7.45782m    -2.652    0.0244      N  5                209.308A    -3.871    0.0015      Fe 4                281.200A    -3.898    0.0014
Ca B                4.65251m    -2.846    0.0156      N  5                1238.82A    -3.507    0.0034      Fe 4                262.550A    -3.939    0.0013
Ca B                3.73954m    -3.026    0.0103      N  5                1242.80A    -3.609    0.0027      Fe 4                252.740A    -4.002    0.0011
Ca B                3.29609m    -3.185    0.0071      Ne 2                12.8101m    -3.062    0.0095      Fe 5                236.210A    -3.672    0.0023
Ca B                3.03837m    -3.327    0.0052      Ne 3                15.5509m    -1.116    0.8374      Fe 5                236.300A    -3.712    0.0021
Ca B                2.87221m    -3.454    0.0038      Ne 3                3868.76A    -1.206    0.6806      Fe 5                391.409A    -3.688    0.0022
Ca B                2.75752m    -3.569    0.0029      Ne 3                489.500A    -3.974    0.0012      Fe 5                227.780A    -3.673    0.0023
Ca B                2.67440m    -3.675    0.0023      Ne 3                36.0036m    -2.158    0.0759      Fe 5                205.950A    -4.014    0.0011
Ca B                2.61194m    -3.773    0.0018      Ne 3                3967.47A    -1.724    0.2066      Fe 5                389.529A    -3.796    0.0018
Ca B                2.56363m    -3.864    0.0015      Ne 3                1814.56A    -3.535    0.0032      Fe 5                369.760A    -3.777    0.0018
Ca B                2.52540m    -3.949    0.0012      Ne 3                491.045A    -3.163    0.0075      Fe 5                205.790A    -4.031    0.0010
Ca B                2.49458m    -4.028    0.0010      Ne 3                489.645A    -3.482    0.0036      Fe 5                236.880A    -3.827    0.0016
Ca B                12.3685m    -3.072    0.0093      Ne 3                313.688A    -3.497    0.0035      Fe 5                226.680A    -3.891    0.0014
Ca B                7.50045m    -3.230    0.0064      Ne 3                283.576A    -4.004    0.0011      Fe 5                241.720A    -3.972    0.0012
Ca B                5.90660m    -3.385    0.0045      Ne 3                490.311A    -3.586    0.0028      Fe 5                232.230A    -4.008    0.0011
Ca B                5.12726m    -3.526    0.0033      Ne 3                313.961A    -3.944    0.0012      Fe 5                241.470A    -4.010    0.0011
Ca B                4.67124m    -3.653    0.0024      Ne 3                283.799A    -4.028    0.0010      Fe 6                174.510A    -3.754    0.0019
Ca B                4.37526m    -3.769    0.0019      Ne 3                3342.18A    -4.017    0.0011      Fe 6                156.820A    -3.796    0.0018
Ca B                4.16966m    -3.875    0.0015      Ne 5                24.3108m    -1.544    0.3128      Fe 6                180.240A    -3.882    0.0014
Ca B                4.01977m    -3.973    0.0012      Ne 5                14.3178m    -1.678    0.2294      Fe 6                185.150A    -3.882    0.0014
Ca B                19.0567m    -3.435    0.0040      Ne 5                3345.82A    -2.923    0.0131      Fe 6                295.530A    -3.749    0.0019
Ca B                11.3056m    -3.565    0.0030      Ne 5                569.756A    -3.611    0.0027      Fe 6                292.810A    -3.795    0.0018
Ca B                8.75768m    -3.701    0.0022      Ne 5                481.293A    -3.938    0.0013      Fe 6                279.220A    -3.924    0.0013
Ca B                7.50606m    -3.826    0.0016      Ne 5                358.474A    -3.965    0.0012      Fe 6                296.190A    -3.961    0.0012
Ca B                6.77015m    -3.942    0.0013      Ne 5                3425.88A    -2.491    0.0353      Fe 7                152.390A    -3.910    0.0013
Ca B                27.7958m    -3.754    0.0019      Ne 5                482.990A    -3.573    0.0029      Fe 7                163.470A    -3.978    0.0011
Ca B                16.2047m    -3.864    0.0015      Ne 5                482.994A    -3.818    0.0017      Fe 7                234.000A    -3.966    0.0012
Ca B                12.3838m    -3.983    0.0011      Ne 5                359.374A    -3.390    0.0045      Fe 7                226.340A    -3.962    0.0012
H  1                2430.61A    -0.002   10.8780      O  1                1040.94A    -3.881    0.0014      P  2                967.202A    -3.980    0.0011
H  1                1215.67A     0.355   24.7733      O  1                1304.86A    -3.336    0.0050      P  2                963.828A    -3.898    0.0014
H  1                1025.72A    -3.019    0.0105      O  1                1306.03A    -3.815    0.0017      Ti 2                3364.74A    -3.847    0.0016
H  1                972.537A    -3.123    0.0082      O  1                6300.30A    -2.603    0.0273      Ti 2                3237.15A    -4.027    0.0010
H  1                949.743A    -3.180    0.0072      O  1                6363.78A    -3.099    0.0087      Cr 2                2059.78A    -3.925    0.0013
H  1                937.803A    -3.221    0.0066      O  1                63.1679m    -3.151    0.0077      Cr 6                226.666A    -3.914    0.0013
H  1                930.748A    -3.254    0.0061      O  2                539.086A    -3.740    0.0020      Ni 2                1751.83A    -3.968    0.0012
H  1                926.226A    -3.291    0.0056      O  2                539.547A    -3.774    0.0018      Ni 2                1744.24A    -3.898    0.0014
H  1                923.150A    -3.324    0.0052      O  2                539.854A    -3.842    0.0016      Ni 2                1375.73A    -3.980    0.0011
H  1                920.963A    -3.351    0.0049      O  2                832.758A    -3.795    0.0018      Ni 2                1324.11A    -3.989    0.0011
H  1                919.351A    -3.511    0.0034      O  2                833.330A    -3.743    0.0020      hyperfine structure.............................
H  1                918.129A    -3.527    0.0032      O  2                834.465A    -3.723    0.0021      inner shell.....................................
H  1                917.181A    -3.539    0.0032      O  2                2470.22A    -3.355    0.0048      O  5                1215.53A    -3.759    0.0019
H  1                916.429A    -3.549    0.0031      O  2                2470.34A    -2.764    0.0188      Si 5                120.490A    -3.873    0.0015
H  1                915.824A    -3.558    0.0030      O  2                7318.92A    -3.438    0.0040      Si 5                119.791A    -2.608    0.0270
H  1                915.329A    -3.565    0.0030      O  2                7319.99A    -2.957    0.0121      Si 5                120.490A    -2.611    0.0268
H  1                914.919A    -3.571    0.0029      O  2                7329.67A    -3.215    0.0067      S  6                488.127A    -3.978    0.0012
H  1                914.576A    -3.576    0.0029      O  2                7330.73A    -3.226    0.0065      Fe 6                167.773A    -3.230    0.0064
H  1                914.286A    -3.578    0.0029      O  2                3728.81A    -1.377    0.4586      Fe 6                172.200A    -3.241    0.0063
H  1                914.039A    -3.578    0.0029      O  2                3726.03A    -1.379    0.4574      Fe 7                172.440A    -3.560    0.0030
H  1                913.826A    -3.573    0.0029      O  3                88.3323m    -0.974    1.1606      Fe 7                177.120A    -3.572    0.0029
H  1                6562.80A    -0.595    2.7792      O  3                4931.23A    -3.774    0.0018      molecules.......................................
H  1                4861.32A    -1.039    1.0000      O  3                832.929A    -3.765    0.0019      bands...........................................
H  1                4340.46A    -1.364    0.4729      O  3                702.337A    -3.883    0.0014      Fe 2b               2500.00A    -1.912    0.1340
H  1                4101.73A    -1.620    0.2622      O  3                507.388A    -3.811    0.0017      Fe 2b               5000.00A    -2.067    0.0937
H  1                3970.07A    -1.831    0.1616      O  3                51.8004m    -0.624    2.5977      Fe 2b               7000.00A    -2.667    0.0236
H  1                3889.05A    -2.010    0.1070      O  3                4958.91A    -0.365    4.7243      Fe 2b               10000.0A    -1.754    0.1928
H  1                3835.38A    -2.165    0.0748      O  3                2320.95A    -2.595    0.0278      Fe 2b               2355.00A    -2.395    0.0440
H  1                3797.90A    -2.303    0.0544      O  3                1660.81A    -2.432    0.0405      Fe 2b               2430.00A    -1.939    0.1259
H  1                3770.63A    -2.311    0.0535      O  3                833.715A    -3.584    0.0029      Fe 2b               2445.00A    -1.939    0.1259
H  1                3750.15A    -2.415    0.0421      O  3                833.749A    -3.768    0.0019      Fe 2b               2495.00A    -2.820    0.0166
H  1                3734.37A    -2.511    0.0337      O  3                702.838A    -3.560    0.0030      Fe 2b               2610.00A    -2.224    0.0653
H  1                3721.94A    -2.599    0.0275      O  3                702.896A    -3.927    0.0013      Fe 2b               2758.00A    -3.175    0.0073
H  1                3711.97A    -2.680    0.0228      O  3                507.680A    -3.444    0.0039      Fe 2b               2780.00A    -3.150    0.0078
H  1                3703.85A    -2.756    0.0192      O  3                5006.84A     0.096   13.6543      Fe 2b               3250.00A    -3.664    0.0024
H  1                3697.15A    -2.826    0.0163      O  3                1666.15A    -2.032    0.1015      Fe 2b               3590.00A    -3.733    0.0020
H  1                3691.55A    -2.890    0.0141      O  3                835.059A    -3.525    0.0033      Fe 2b               4255.00A    -2.528    0.0324
H  1                3686.83A    -2.948    0.0123      O  3                835.092A    -3.462    0.0038      Fe 2b               4558.00A    -3.277    0.0058
H  1                3682.81A    -3.001    0.0109      O  3                835.289A    -3.598    0.0028      Fe 2b               4600.00A    -3.243    0.0063
H  1                3679.35A    -3.045    0.0099      O  3                703.851A    -3.509    0.0034      Fe 2b               4743.00A    -3.942    0.0012
H  1                1.87510m    -1.557    0.3034      O  3                703.854A    -3.428    0.0041      Fe 2b               4855.00A    -3.367    0.0047
H  1                1.28181m    -1.848    0.1551      O  3                508.178A    -2.866    0.0149      Fe 2b               4920.00A    -2.852    0.0154
H  1                1.09381m    -2.097    0.0875      O  3                4363.21A    -1.968    0.1176      Fe 2b               4975.00A    -3.381    0.0045
H  1                1.00494m    -2.305    0.0542      O  5                1213.81A    -3.941    0.0013      Fe 2b               4971.00A    -3.416    0.0042
H  1                9545.97A    -2.483    0.0360      O  5                629.732A    -3.380    0.0046      Fe 2b               5070.00A    -3.304    0.0054
H  1                9229.02A    -2.638    0.0252      O  5                172.169A    -4.035    0.0010      Fe 2b               5143.00A    -2.762    0.0189
H  1                9014.91A    -2.776    0.0183      P  2                32.8620m    -3.961    0.0012      Fe 2b               5270.00A    -2.477    0.0365
H  1                8862.79A    -2.826    0.0163      P  2                1.14682m    -3.641    0.0025      Fe 2b               5318.00A    -2.794    0.0176
H  1                8750.48A    -2.930    0.0129      P  2                1.18828m    -3.218    0.0066      Fe 2b               5540.00A    -3.642    0.0025
H  1                8665.02A    -3.025    0.0103      P  3                17.8797m    -3.278    0.0058      Fe 2b               7445.00A    -2.692    0.0222
H  1                8598.40A    -3.113    0.0084      P  4                950.657A    -3.803    0.0017      Fe 2b               8625.00A    -2.623    0.0260
H  1                8545.39A    -3.195    0.0070      S  2                6730.82A    -1.861    0.1505      Fe 2b               1.03250m    -3.629    0.0026
H  1                8502.49A    -3.270    0.0059      S  2                6716.44A    -1.872    0.1467      Fe 2b               1.88900m    -2.483    0.0360
H  1                8467.26A    -3.339    0.0050      S  2                4076.35A    -3.242    0.0063      Fe 2b               2.20000m    -3.895    0.0014
H  1                8437.96A    -3.404    0.0043      S  2                4068.60A    -2.746    0.0196      miscellaneous...................................
H  1                8413.32A    -3.462    0.0038      S  2                1.03364m    -3.381    0.0046      C 2R                1335.00A    -2.042    0.0992
H  1                8392.40A    -3.514    0.0033      S  2                1.02867m    -3.372    0.0046      C 3R                977.000A    -2.179    0.0724
H  1                8374.48A    -3.559    0.0030      S  2                1.03705m    -3.702    0.0022      C 3R                1909.00A    -2.335    0.0506
H  1                4.05115m    -2.209    0.0676      S  2                1.03205m    -3.238    0.0063      C 3R                1175.00A    -2.516    0.0334
H  1                2.62515m    -2.426    0.0410      S  2                1259.52A    -3.919    0.0013      C 4R                1549.00A    -3.124    0.0082
H  1                2.16553m    -2.628    0.0258      S  2                1253.81A    -3.960    0.0012      N 2R                1085.00A    -3.155    0.0077
H  1                1.94456m    -2.804    0.0172      S  2                910.485A    -3.865    0.0015      N 3R                990.000A    -2.253    0.0610
H  1                1.81741m    -2.959    0.0120      S  3                33.4704m    -1.420    0.4162      O 2R                7332.00A    -3.918    0.0013
H  1                1.73621m    -3.097    0.0087      S  3                18.7078m    -1.383    0.4525      O 2R                7323.00A    -3.832    0.0016
H  1                1.68065m    -3.195    0.0070      S  3                9068.62A    -1.463    0.3769      O 2H                3727.00A    -3.567    0.0030
H  1                1.64072m    -3.299    0.0055      S  3                9530.62A    -1.063    0.9468      O 2R                3726.00A    -3.066    0.0094
H  1                1.61093m    -3.394    0.0044      S  3                3721.63A    -2.826    0.0163      O 2R                3729.00A    -3.080    0.0091
H  1                1.58805m    -3.481    0.0036      S  3                6312.06A    -2.552    0.0307      O 2R                2471.00A    -3.664    0.0024
H  1                1.57007m    -3.562    0.0030      S  3                1713.11A    -3.683    0.0023      O 2R                4651.00A    -3.353    0.0048
H  1                1.55565m    -3.638    0.0025      S  3                1728.94A    -3.230    0.0064      O 2R                4341.00A    -3.630    0.0026
H  1                1.54389m    -3.707    0.0021      S  3                1194.45A    -3.818    0.0017      O 3R                835.000A    -2.127    0.0816
H  1                1.53418m    -3.771    0.0019      S  3                1201.73A    -3.976    0.0012      O 4R                789.000A    -2.373    0.0463
H  1                1.52605m    -3.830    0.0016      S  3                1200.97A    -3.975    0.0012      Blnd                1400.00A    -2.054    0.0966
H  1                1.51919m    -3.882    0.0014      S  3                1015.50A    -3.971    0.0012      Blnd                1650.00A    -0.910    1.3443
H  1                1.51332m    -3.926    0.0013      S  3                1021.11A    -3.655    0.0024      Blnd                1304.00A    -3.163    0.0075
H  1                7.45782m    -2.728    0.0204      S  3                1021.32A    -3.764    0.0019      Blnd                1039.00A    -3.678    0.0023
H  1                4.65251m    -2.896    0.0139      S  5                786.468A    -3.625    0.0026      Blnd                2798.00A    -1.180    0.7222
H  1                3.73954m    -3.063    0.0095      Si 2                34.8046m    -1.755    0.1923      Blnd                6720.00A    -1.566    0.2972
H  1                3.29609m    -3.215    0.0067      Si 2                2334.41A    -3.167    0.0075      Blnd                4074.00A    -2.626    0.0259
H  1                3.03837m    -3.352    0.0049      Si 2                2328.52A    -3.741    0.0020      Blnd                1.03300m    -2.734    0.0202
H  1                2.87221m    -3.484    0.0036      Si 2                1808.01A    -2.906    0.0136      Blnd                1256.00A    -3.500    0.0035
H  1                2.75752m    -3.587    0.0028      Si 2                1526.71A    -3.802    0.0017      Blnd                1198.00A    -3.290    0.0056
H  1                2.67440m    -3.682    0.0023      Si 2                1260.42A    -3.674    0.0023      Blnd                1720.00A    -3.099    0.0087
H  1                2.61194m    -3.769    0.0019      Si 2                1193.29A    -3.825    0.0016      Blnd                3722.00A    -2.820    0.0166
H  1                2.56363m    -3.850    0.0015      Si 2                1190.42A    -3.955    0.0012      Blnd                1406.00A    -3.245    0.0062
H  1                2.52540m    -3.924    0.0013      Si 2                2350.17A    -3.040    0.0100      Blnd                2665.00A    -2.458    0.0381
H  1                2.49458m    -3.994    0.0011      Si 2                2344.20A    -2.593    0.0279      Blnd                1860.00A    -2.719    0.0209
H  1                12.3685m    -3.164    0.0075      Si 2                2334.60A    -2.547    0.0310      Blnd                4725.00A    -2.046    0.0984
H  1                7.50045m    -3.296    0.0055      Si 2                1817.45A    -3.091    0.0089      Blnd                2860.00A    -3.082    0.0091
H  1                5.90660m    -3.438    0.0040      Si 2                1816.93A    -2.564    0.0298      Blnd                7250.00A    -3.650    0.0024
H  1                5.12726m    -3.570    0.0029      Si 2                1533.43A    -3.137    0.0080      Blnd                2335.00A    -2.145    0.0784
H  1                4.67124m    -3.723    0.0021      Si 2                1309.28A    -3.463    0.0038      Blnd                1888.00A    -1.498    0.3478
H  1                4.37526m    -3.824    0.0016      Si 2                1265.00A    -3.237    0.0063      Blnd                1397.00A    -2.115    0.0840
H  1                4.16966m    -3.918    0.0013      Si 2                1264.74A    -3.377    0.0046      Blnd                2424.00A    -1.998    0.1099
H  1                4.01977m    -4.005    0.0011      Si 2                1197.39A    -3.345    0.0049      Blnd                3350.00A    -3.672    0.0023
H  1                19.0567m    -3.539    0.0032      Si 2                1194.50A    -3.284    0.0057      Blnd                5525.00A    -2.609    0.0269
H  1                11.3056m    -3.645    0.0025      Si 3                1892.03A    -1.889    0.1413      Blnd                8579.00A    -3.412    0.0042
H  1                8.75768m    -3.767    0.0019      Si 3                1882.71A    -1.724    0.2065      Blnd                7306.00A    -2.675    0.0231
H  1                7.50606m    -3.927    0.0013      Si 3                1206.50A    -2.669    0.0234      Blnd                3933.00A    -3.153    0.0077
H  1                6.77015m    -4.027    0.0010      Si 4                1393.75A    -2.306    0.0540      Blnd                2326.00A    -2.034    0.1012
H  1                27.7958m    -3.869    0.0015      Si 4                1402.77A    -2.563    0.0299      Blnd                1335.00A    -2.857    0.0152
H  1                16.2047m    -3.956    0.0012      Ti 5                252.959A    -3.758    0.0019      Blnd                1909.00A    -1.070    0.9317
Ca A                303.784A    -0.073    9.2407      Al 2                2669.15A    -2.840    0.0158      Blnd                1549.00A    -1.303    0.5441
Ca A                256.317A    -0.799    1.7374      Al 2                2660.35A    -2.691    0.0223      Blnd                5199.00A    -3.578    0.0029
Ca A                243.027A    -1.231    0.6432      Al 2                1670.79A    -3.029    0.0102      Blnd                1085.00A    -3.048    0.0098
Ca A                237.331A    -1.540    0.3157      Al 5                2.90450m    -3.106    0.0086      Blnd                2141.00A    -3.122    0.0083
Ca A                234.347A    -1.782    0.1808      Al 5                281.394A    -3.982    0.0011      Blnd                1750.00A    -2.352    0.0486
Ca A                232.584A    -1.982    0.1141      C  4                1550.77A    -1.773    0.1844      Blnd                990.000A    -3.038    0.0100
Ca A                231.454A    -2.153    0.0770      C  4                1548.19A    -1.483    0.3597      Blnd                1486.00A    -2.382    0.0454
Ca A                230.686A    -2.302    0.0546      C  4                419.525A    -3.779    0.0018      Blnd                1240.00A    -3.254    0.0061
Ca A                230.139A    -2.435    0.0402      C  4                419.714A    -3.480    0.0036      Blnd                6300.00A    -2.482    0.0360
Ca A                229.736A    -2.555    0.0305      C  4                312.451A    -3.504    0.0034      Blnd                2471.00A    -2.665    0.0237
Ca A                229.431A    -2.664    0.0237      C  4                312.420A    -3.483    0.0036      Blnd                7323.00A    -2.833    0.0161
Ca A                229.194A    -2.764    0.0188      C  4                244.911A    -3.991    0.0011      Blnd                7332.00A    -2.920    0.0132
Ca A                229.006A    -2.857    0.0152      C  4                244.903A    -3.961    0.0012      Blnd                833.000A    -3.276    0.0058
Ca A                228.855A    -2.944    0.0125      Ca 2                7323.89A    -3.080    0.0091      Blnd                3727.00A    -1.077    0.9160
Ca A                228.731A    -3.024    0.0103      Ca 2                7291.47A    -2.893    0.0140      Blnd                7325.00A    -2.573    0.0292
Ca A                228.629A    -3.100    0.0087      Ca 2                3968.47A    -3.521    0.0033      Blnd                1666.00A    -1.887    0.1420
Ca A                228.543A    -3.172    0.0074      Ca 2                8662.14A    -3.975    0.0012      Blnd                5007.00A     0.225   18.3804
Ca A                228.471A    -3.240    0.0063      Ca 2                3933.66A    -3.396    0.0044      Blnd                835.000A    -2.824    0.0164
Ca A                228.409A    -3.304    0.0054      Ca 2                8542.09A    -3.598    0.0028      Blnd                1402.00A    -2.935    0.0127
Ca A                228.356A    -3.365    0.0047      Ca 5                4.15739m    -2.706    0.0215      Blnd                789.000A    -3.092    0.0089
Ca A                228.309A    -3.423    0.0041      Ca 5                11.4792m    -3.849    0.0015      Blnd                1218.00A    -3.712    0.0021
Ca A                228.269A    -3.479    0.0036      Ca 5                5309.11A    -3.070    0.0093      Blnd                1035.00A    -3.456    0.0038

                                                    Emergent line intensities
general properties..............................      He 1                1.70025m    -3.663    0.0024      Ca 2                3968.47A    -3.521    0.0033
continua........................................      He 1                1.19691m    -3.828    0.0016      Ca 2                8662.14A    -3.975    0.0012
FIR                 83.0000m    -0.411    4.2440      He 1                1.03113m    -4.031    0.0010      Ca 2                3933.66A    -3.396    0.0044
TIR                 1800.00m    -3.056    0.0096      He 1                9515.00A    -3.917    0.0013      Ca 2                8542.09A    -3.598    0.0028
NIRa                2.85000m     0.827   73.4628      He 1                1.95431m    -3.964    0.0012      Ca 5                4.15739m    -2.706    0.0215
NIRb                3.00000m     0.493   34.0335      He 1                1.86854m    -3.053    0.0097      Ca 5                11.4792m    -3.849    0.0015
MIRa                15.0000m     0.354   24.7245      He 1                1.27849m    -3.384    0.0045      Ca 5                5309.11A    -3.070    0.0093
MIRb                22.5000m     0.433   29.6698      He 1                1.09130m    -3.652    0.0024      Ca 5                6086.37A    -3.782    0.0018
NMIR                21.7500m     0.827   73.4628      He 1                1.00275m    -3.847    0.0016      Cl 2                14.3639m    -3.832    0.0016
TFIR                611.250m    -2.446    0.0391      He 1                9526.01A    -4.020    0.0010      Cl 2                8578.70A    -3.449    0.0039
TALL                10000.0A     1.338  238.2211      He 1                1.86972m    -3.534    0.0032      Cl 2                9123.60A    -4.033    0.0010
F12                 12.0000m     0.006   11.0914      He 1                1.27905m    -3.864    0.0015      Cl 3                5537.87A    -2.958    0.0121
F25                 25.0000m    -0.335    5.0570      He 1                4.04791m    -3.773    0.0018      Cl 3                5517.71A    -2.867    0.0149
F60                 60.0000m    -0.558    3.0271      extra Lyman.....................................      Cl 3                3342.80A    -3.816    0.0017
F100                100.000m    -0.968    1.1773      database lines..................................      Cl 4                20.3197m    -2.516    0.0334
MIPS                24.0000m    -0.376    4.5997      Al 3                1862.79A    -3.167    0.0074      Cl 4                11.7629m    -2.562    0.0300
MIPS                70.0000m    -2.126    0.0818      Al 3                1854.72A    -2.912    0.0134      Cl 4                7530.54A    -3.044    0.0099
MIPS                160.000m    -3.021    0.0104      Al 6                3.65932m    -3.001    0.0109      Cl 4                8045.62A    -2.680    0.0228
IRAC                3.60000m    -0.401    4.3444      Ar 2                6.98337m    -3.584    0.0029      Fe 4                3094.96A    -1.930    0.1286
IRAC                4.50000m    -0.370    4.6625      Ar 3                3109.18A    -3.470    0.0037      Fe 4                2835.74A    -1.416    0.4198
IRAC                5.80000m    -0.342    4.9757      Ar 3                5191.82A    -3.806    0.0017      Fe 4                2829.36A    -1.690    0.2231
IRAC                8.00000m    -0.186    7.1241      Ar 3                7135.79A    -1.826    0.1632      Fe 4                2823.50A    -2.948    0.0123
SPR1                250.000m    -3.279    0.0058      Ar 3                7751.11A    -2.451    0.0387      Fe 4                2577.92A    -3.290    0.0056
SPR2                350.000m    -3.397    0.0044      Ar 3                8.98898m    -1.933    0.1275      Fe 4                2.83562m    -2.811    0.0169
SPR3                500.000m    -3.454    0.0038      Ar 3                21.8253m    -3.103    0.0086      Fe 4                2.80554m    -3.349    0.0049
PAC1                70.0000m    -2.109    0.0851      Ar 4                2853.66A    -3.244    0.0062      Fe 4                2.86447m    -3.146    0.0078
PAC2                100.000m    -0.967    1.1807      Ar 4                2868.22A    -3.589    0.0028      Fe 4                2567.61A    -2.331    0.0510
PAC3                160.000m    -2.833    0.0161      Ar 4                4711.26A    -2.281    0.0573      Fe 4                2.71569m    -3.446    0.0039
PAH                 3.30000m    -1.261    0.6001      Ar 4                4740.12A    -2.425    0.0412      Fe 4                2567.40A    -3.082    0.0091
PAHC                3.23000m    -1.432    0.4048      Ar 5                6435.12A    -3.708    0.0021      Fe 4                2.71341m    -3.976    0.0012
PAHC                3.37000m    -1.576    0.2904      Ar 5                7005.83A    -3.376    0.0046      Fe 4                2.77325m    -3.653    0.0024
PAH                 6.20000m    -0.841    1.5777      Ar 5                7.89971m    -2.747    0.0196      Fe 4                6739.82A    -2.843    0.0157
PAHC                5.65000m    -0.781    1.8124      Ar 5                13.0985m    -2.531    0.0322      Fe 4                6761.38A    -3.344    0.0050
PAH                 7.90000m    -0.639    2.5106      Ar 6                4.52800m    -3.336    0.0051      Fe 4                6734.42A    -2.967    0.0118
PAHC                6.90000m    -0.588    2.8215      C  2                1036.34A    -3.540    0.0032      Fe 4                6997.10A    -3.666    0.0024
PAH                 11.3000m    -1.388    0.4473      C  2                1037.02A    -3.455    0.0038      Fe 4                6792.48A    -3.828    0.0016
PAHC                10.9000m    -1.322    0.5216      C  2                1334.53A    -3.445    0.0039      Fe 4                5233.76A    -3.427    0.0041
PAH                 11.8000m    -1.215    0.6668      C  2                1335.66A    -3.426    0.0041      Fe 4                5033.59A    -3.769    0.0019
PAHC                12.6500m    -1.331    0.5105      C  2                1335.71A    -3.185    0.0071      Fe 4                4906.56A    -3.121    0.0083
PAH                 13.3000m    -1.365    0.4722      C  2                2323.50A    -3.358    0.0048      Fe 4                4917.97A    -3.630    0.0026
PAHC                14.1000m    -1.287    0.5647      C  2                2324.69A    -3.136    0.0080      Fe 4                7222.76A    -3.604    0.0027
Bcon                3640.00A     0.916   90.2014      C  2                2325.40A    -2.339    0.0501      Fe 4                4899.97A    -3.463    0.0038
Pcon                5000.00A     0.636   47.2922      C  2                2326.93A    -2.576    0.0290      Fe 4                4903.07A    -3.443    0.0039
O3bn                5007.00A     0.116   14.2716      C  2                2328.12A    -3.083    0.0090      Fe 4                7183.99A    -3.792    0.0018
SX                  25.0000A    -0.783    1.8014      C  2                157.636m    -3.489    0.0036      Fe 4                4868.16A    -3.586    0.0028
HX                  4.70000A    -0.337    5.0344      C  3                1908.73A    -1.468    0.3726      Fe 4                4869.23A    -3.932    0.0013
ROSA                12.3980A    -0.580    2.8764      C  3                1906.68A    -1.293    0.5568      Fe 4                7191.23A    -3.834    0.0016
RRC.............................................      C  3                977.020A    -2.419    0.0417      Fe 4                4867.95A    -3.652    0.0024
grains..........................................      C  3                2296.87A    -3.996    0.0011      Fe 4                4206.59A    -3.707    0.0021
H-like iso-sequence.............................      Ca 4                3.20610m    -2.044    0.0988      Fe 4                4208.88A    -3.740    0.0020
H  1                1215.67A     0.354   24.7236      Fe 2                25.9813m    -2.544    0.0313      Fe 4                4144.20A    -3.747    0.0020
H  1                1025.72A    -3.020    0.0104      Fe 2                5.33871m    -2.069    0.0934      Fe 5                70.3538m    -2.310    0.0536
H  1                972.537A    -3.124    0.0082      Fe 2                1.25668m    -3.242    0.0063      Fe 5                36.3273m    -2.107    0.0855
H  1                949.743A    -3.181    0.0072      Fe 2                4287.39A    -3.177    0.0073      Fe 5                25.9131m    -2.211    0.0673
H  1                937.803A    -3.222    0.0066      Fe 2                2599.40A    -3.882    0.0014      Fe 5                20.8407m    -2.472    0.0369
H  1                930.748A    -3.255    0.0061      Fe 2                2382.04A    -2.831    0.0161      Fe 5                4180.59A    -2.948    0.0123
H  1                926.226A    -3.292    0.0056      Fe 2                35.3391m    -3.191    0.0070      Fe 5                4143.15A    -2.691    0.0223
H  1                923.150A    -3.325    0.0052      Fe 2                6.71944m    -3.208    0.0068      Fe 5                4227.19A    -1.982    0.1140
H  1                920.963A    -3.352    0.0049      Fe 2                4.88781m    -3.862    0.0015      Fe 5                4003.21A    -3.644    0.0025
H  1                919.351A    -3.512    0.0034      Fe 2                1.32055m    -3.738    0.0020      Fe 5                4071.24A    -2.712    0.0212
H  1                918.129A    -3.528    0.0032      Fe 2                7637.52A    -3.853    0.0015      Fe 5                3895.22A    -3.081    0.0091
H  1                917.181A    -3.540    0.0032      Fe 2                4889.62A    -3.959    0.0012      Fe 5                3851.34A    -3.347    0.0049
H  1                916.429A    -3.550    0.0031      Fe 2                4359.33A    -3.308    0.0054      Fe 5                3794.94A    -2.758    0.0191
H  1                915.824A    -3.559    0.0030      Fe 2                2625.67A    -2.411    0.0425      Fe 5                3755.70A    -3.039    0.0100
H  1                915.329A    -3.566    0.0030      Fe 2                2611.87A    -3.252    0.0061      Fe 5                3911.33A    -3.597    0.0028
H  1                914.919A    -3.572    0.0029      Fe 2                2395.63A    -3.238    0.0063      Fe 5                3839.27A    -2.730    0.0204
H  1                914.576A    -3.577    0.0029      Fe 2                2388.63A    -3.953    0.0012      Fe 5                3783.22A    -3.141    0.0079
H  1                914.286A    -3.579    0.0029      Fe 2                2364.83A    -3.614    0.0027      Fe 5                3891.28A    -2.907    0.0135
H  1                914.039A    -3.579    0.0029      Fe 2                51.2868m    -3.760    0.0019      Fe 5                3819.95A    -3.578    0.0029
H  1                913.826A    -3.574    0.0029      Fe 2                1.37181m    -3.982    0.0011      Fe 5                2.04669m    -3.866    0.0015
H  1                6562.80A    -0.595    2.7792      Fe 2                7686.93A    -3.980    0.0011      Fe 5                3445.62A    -3.483    0.0036
H  1                4861.32A    -1.039    1.0000      Fe 2                4413.78A    -3.459    0.0038      Fe 5                3400.41A    -3.851    0.0015
H  1                4340.46A    -1.364    0.4729      Fe 2                2631.32A    -3.084    0.0090      Fe 5                3463.51A    -3.434    0.0040
H  1                4101.73A    -1.620    0.2622      Fe 2                2617.62A    -4.025    0.0010      Fe 5                3406.89A    -3.970    0.0012
H  1                3970.07A    -1.831    0.1616      Fe 2                2607.09A    -3.933    0.0013      Fe 5                2828.24A    -3.522    0.0033
H  1                3889.05A    -2.010    0.1070      Fe 2                2404.89A    -3.730    0.0020      Fe 5                2780.40A    -4.018    0.0011
H  1                3835.38A    -2.165    0.0748      Fe 2                2380.76A    -3.184    0.0072      Fe 5                2750.88A    -3.829    0.0016
H  1                3797.90A    -2.303    0.0544      Fe 2                4452.10A    -3.651    0.0024      Fe 5                2730.21A    -3.739    0.0020
H  1                3770.63A    -2.311    0.0535      Fe 2                2631.05A    -3.982    0.0011      Fe 5                2717.82A    -3.779    0.0018
H  1                3750.15A    -2.415    0.0421      Fe 2                4474.90A    -3.964    0.0012      Fe 5                2707.36A    -3.728    0.0020
H  1                3734.37A    -2.511    0.0337      Fe 2                17.9311m    -2.825    0.0164      Fe 6                19.5527m    -1.849    0.1547
H  1                3721.94A    -2.599    0.0275      Fe 2                1.64355m    -2.064    0.0944      Fe 6                14.7670m    -2.067    0.0936
H  1                3711.97A    -2.680    0.0228      Fe 2                1.53348m    -3.011    0.0107      Fe 6                12.3074m    -2.331    0.0511
H  1                3703.85A    -2.756    0.0192      Fe 2                8616.95A    -3.263    0.0060      Fe 6                5335.18A    -2.516    0.0333
H  1                3697.15A    -2.826    0.0163      Fe 2                7155.17A    -2.982    0.0114      Fe 6                5484.84A    -2.771    0.0185
H  1                3691.55A    -2.890    0.0141      Fe 2                5273.36A    -3.473    0.0037      Fe 6                5631.07A    -2.668    0.0235
H  1                3686.83A    -2.948    0.0123      Fe 2                5158.79A    -2.839    0.0159      Fe 6                5277.81A    -3.020    0.0104
H  1                3682.81A    -3.001    0.0109      Fe 2                5111.64A    -3.770    0.0019      Fe 6                5424.22A    -2.689    0.0224
H  1                3679.35A    -3.045    0.0099      Fe 2                5072.41A    -3.524    0.0033      Fe 6                5676.95A    -2.629    0.0257
H  1                1.87510m    -1.557    0.3034      Fe 2                4814.54A    -3.792    0.0018      Fe 6                5426.64A    -2.959    0.0120
H  1                1.28181m    -1.848    0.1551      Fe 2                4243.97A    -3.172    0.0074      Fe 6                5234.28A    -3.492    0.0035
H  1                1.09381m    -2.097    0.0875      Fe 2                3376.20A    -3.885    0.0014      Fe 6                5370.29A    -3.578    0.0029
H  1                1.00494m    -2.305    0.0542      Fe 2                2493.30A    -2.827    0.0163      Fe 6                5145.75A    -2.319    0.0525
H  1                9545.97A    -2.483    0.0360      Fe 2                24.5126m    -3.475    0.0037      Fe 6                4972.47A    -2.335    0.0506
H  1                9229.02A    -2.638    0.0252      Fe 2                1.80940m    -2.665    0.0237      Fe 6                5176.04A    -2.373    0.0464
H  1                9014.91A    -2.776    0.0183      Fe 2                1.67688m    -3.437    0.0040      Fe 6                4967.14A    -2.744    0.0197
H  1                8862.79A    -2.826    0.0163      Fe 2                1.59948m    -3.399    0.0044      Fe 6                3813.54A    -3.375    0.0046
H  1                8750.48A    -2.930    0.0129      Fe 2                9051.95A    -3.105    0.0086      Fe 6                3889.40A    -3.173    0.0073
H  1                8665.02A    -3.025    0.0103      Fe 2                8891.93A    -3.579    0.0029      Fe 6                1.28877m    -3.654    0.0024
H  1                8598.40A    -3.113    0.0084      Fe 2                7452.56A    -3.474    0.0037      Fe 6                3662.50A    -3.137    0.0080
H  1                8545.39A    -3.195    0.0070      Fe 2                7172.00A    -3.685    0.0023      Fe 6                3573.86A    -4.017    0.0011
H  1                8502.49A    -3.270    0.0059      Fe 2                5527.36A    -3.843    0.0016      Fe 6                3492.10A    -3.769    0.0019
H  1                8467.26A    -3.339    0.0050      Fe 2                5433.15A    -3.987    0.0011      Fe 6                3555.60A    -3.459    0.0038
H  1                8437.96A    -3.404    0.0043      Fe 2                5261.63A    -3.243    0.0062      Fe 6                1.23303m    -3.367    0.0047
H  1                8413.32A    -3.462    0.0038      Fe 2                4947.39A    -3.735    0.0020      Fe 6                1.34929m    -3.172    0.0074
H  1                8392.40A    -3.514    0.0033      Fe 2                4346.86A    -3.799    0.0017      Fe 6                1.26742m    -3.542    0.0031
H  1                8374.48A    -3.559    0.0030      Fe 2                4276.84A    -3.717    0.0021      Fe 6                2145.08A    -4.019    0.0010
H  1                4.05115m    -2.209    0.0676      Fe 2                1.95361m    -3.576    0.0029      Fe 8                5.44514m    -3.933    0.0013
H  1                2.62515m    -2.426    0.0410      Fe 2                1.80002m    -3.452    0.0039      Mg 2                2802.71A    -1.654    0.2428
H  1                2.16553m    -2.628    0.0258      Fe 2                1.66377m    -3.686    0.0023      Mg 2                2795.53A    -1.358    0.4795
H  1                1.94456m    -2.804    0.0172      Fe 2                9399.04A    -3.527    0.0033      Mg 4                4.48711m    -1.961    0.1198
H  1                1.81741m    -2.959    0.0120      Fe 2                9226.63A    -3.523    0.0033      Mg 5                5.60700m    -2.041    0.0996
H  1                1.73621m    -3.097    0.0087      Fe 2                7388.17A    -3.805    0.0017      Mg 5                13.5464m    -3.115    0.0084
H  1                1.68065m    -3.195    0.0070      Fe 2                5333.66A    -3.538    0.0032      Mg 5                2782.76A    -2.924    0.0130
H  1                1.64072m    -3.299    0.0055      Fe 2                5049.30A    -3.909    0.0013      Mg 5                2928.09A    -3.490    0.0035
H  1                1.61093m    -3.394    0.0044      Fe 2                5005.52A    -3.977    0.0012      N  2                121.769m    -3.488    0.0036
H  1                1.58805m    -3.481    0.0036      Fe 2                4352.79A    -4.033    0.0010      N  2                6548.05A    -2.117    0.0835
H  1                1.57007m    -3.562    0.0030      Fe 2                1.79711m    -3.730    0.0020      N  2                6583.45A    -1.648    0.2461
H  1                1.55565m    -3.638    0.0025      Fe 2                1.74494m    -4.009    0.0011      N  2                5754.59A    -3.345    0.0049
H  1                1.54389m    -3.707    0.0021      Fe 2                9470.94A    -3.913    0.0013      N  2                2139.01A    -3.662    0.0024
H  1                1.53418m    -3.771    0.0019      Fe 2                9267.56A    -3.991    0.0011      N  2                2142.77A    -3.271    0.0059
H  1                1.52605m    -3.830    0.0016      Fe 2                5376.47A    -3.904    0.0014      N  2                1085.70A    -3.682    0.0023
H  1                1.51919m    -3.882    0.0014      Fe 2                2755.74A    -3.521    0.0033      N  2                1084.58A    -3.765    0.0019
H  1                1.51332m    -3.926    0.0013      Fe 2                2739.55A    -3.811    0.0017      N  2                1085.55A    -3.742    0.0020
H  1                7.45782m    -2.728    0.0204      Fe 2                2772.73A    -3.859    0.0015      N  2                1083.99A    -3.767    0.0019
H  1                4.65251m    -2.896    0.0139      Fe 2                2.22379m    -3.970    0.0012      N  2                1084.56A    -3.870    0.0015
H  1                3.73954m    -3.063    0.0095      Fe 3                22.9190m    -2.207    0.0680      N  2                915.612A    -3.754    0.0019
H  1                3.29609m    -3.215    0.0067      Fe 3                4985.87A    -2.764    0.0188      N  2                916.020A    -3.920    0.0013
H  1                3.03837m    -3.352    0.0049      Fe 3                4924.54A    -3.478    0.0036      N  2                916.710A    -3.858    0.0015
H  1                2.87221m    -3.484    0.0036      Fe 3                4881.00A    -2.584    0.0285      N  2                916.012A    -3.855    0.0015
H  1                2.75752m    -3.587    0.0028      Fe 3                4658.05A    -2.089    0.0890      N  2                916.701A    -3.621    0.0026
H  1                2.67440m    -3.682    0.0023      Fe 3                4607.03A    -3.365    0.0047      N  2                915.962A    -3.693    0.0022
H  1                2.61194m    -3.769    0.0019      Fe 3                4008.35A    -3.224    0.0065      N  3                57.3238m    -1.590    0.2812
H  1                2.56363m    -3.850    0.0015      Fe 3                3322.54A    -2.955    0.0121      N  3                1748.65A    -3.323    0.0052
H  1                2.52540m    -3.924    0.0013      Fe 3                3239.74A    -3.033    0.0101      N  3                1753.99A    -3.307    0.0054
H  1                2.49458m    -3.994    0.0011      Fe 3                2438.29A    -3.364    0.0047      N  3                1746.82A    -3.680    0.0023
H  1                12.3685m    -3.164    0.0075      Fe 3                1576.66A    -3.848    0.0016      N  3                1752.16A    -2.840    0.0158
H  1                7.50045m    -3.296    0.0055      Fe 3                33.0270m    -2.756    0.0192      N  3                1749.67A    -2.742    0.0198
H  1                5.90660m    -3.438    0.0040      Fe 3                5270.40A    -2.375    0.0461      N  3                989.799A    -3.681    0.0023
H  1                5.12726m    -3.570    0.0029      Fe 3                4987.21A    -3.324    0.0052      N  3                991.511A    -3.421    0.0041
H  1                4.67124m    -3.723    0.0021      Fe 3                4754.69A    -2.815    0.0167      N  3                991.577A    -3.487    0.0036
H  1                4.37526m    -3.824    0.0016      Fe 3                4701.54A    -2.653    0.0243      Na 3                7.31570m    -2.952    0.0122
H  1                4.16966m    -3.918    0.0013      Fe 3                4667.01A    -3.700    0.0022      Na 4                9.03096m    -3.116    0.0084
H  1                4.01977m    -4.005    0.0011      Fe 3                4079.70A    -3.783    0.0018      Na 4                3241.50A    -3.711    0.0021
H  1                19.0567m    -3.539    0.0032      Fe 3                3371.41A    -3.089    0.0089      Ne 4                2421.66A    -2.381    0.0455
H  1                11.3056m    -3.645    0.0025      Fe 3                3286.19A    -3.549    0.0031      Ne 4                2424.28A    -2.232    0.0641
H  1                8.75768m    -3.767    0.0019      Fe 3                2464.51A    -3.506    0.0034      Ne 4                1601.45A    -3.905    0.0014
H  1                7.50606m    -3.927    0.0013      Fe 3                51.6655m    -3.403    0.0043      Ne 6                7.65019m    -2.876    0.0146
H  1                6.77015m    -4.027    0.0010      Fe 3                5011.26A    -3.037    0.0100      Ni 2                1.19102m    -3.401    0.0043
H  1                27.7958m    -3.869    0.0015      Fe 3                4769.43A    -3.120    0.0083      Ni 2                6.63416m    -3.438    0.0040
H  1                16.2047m    -3.956    0.0012      Fe 3                4733.91A    -3.158    0.0076      Ni 2                1.07151m    -3.984    0.0011
He 2                1640.41A    -0.960    1.2000      Fe 3                3406.18A    -3.452    0.0039      Ni 2                10.6793m    -3.621    0.0026
He 2                1215.13A    -1.432    0.4044      Fe 3                3334.90A    -3.559    0.0030      Ni 2                7377.83A    -2.953    0.0122
He 2                1084.94A    -1.769    0.1860      Fe 3                3319.22A    -3.715    0.0021      Ni 2                1.93877m    -3.661    0.0024
He 2                1025.27A    -2.029    0.1024      Fe 3                2483.05A    -3.676    0.0023      O  4                25.8863m    -0.457    3.8151
He 2                992.358A    -2.239    0.0631      Fe 3                5411.98A    -3.431    0.0041      O  4                1399.78A    -3.809    0.0017
He 2                972.106A    -2.416    0.0420      Fe 3                4930.54A    -3.710    0.0021      O  4                1407.38A    -3.814    0.0017
He 2                958.693A    -2.568    0.0296      Fe 3                4777.68A    -3.478    0.0036      O  4                1404.81A    -3.387    0.0045
He 2                949.323A    -2.701    0.0218      Fe 3                3356.57A    -3.639    0.0025      O  4                1401.16A    -3.416    0.0042
He 2                942.507A    -2.571    0.0294      Fe 3                3355.48A    -3.899    0.0014      O  6                1037.61A    -3.796    0.0017
He 2                937.389A    -2.666    0.0236      Fe 3                2495.04A    -3.914    0.0013      O  6                1031.91A    -3.722    0.0021
He 2                933.444A    -2.753    0.0193      Fe 3                5084.77A    -3.813    0.0017      P  5                1117.98A    -3.990    0.0011
He 2                930.337A    -2.833    0.0161      Fe 3                3366.21A    -3.961    0.0012      S  4                10.5076m    -0.541    3.1465
He 2                927.846A    -2.907    0.0136      Fe 3                40.0371m    -4.002    0.0011      S  4                1416.89A    -3.692    0.0022
He 2                925.816A    -2.975    0.0116      Fe 3                2.21782m    -3.172    0.0074      S  4                1406.02A    -3.652    0.0024
He 2                924.142A    -3.038    0.0100      Fe 3                9701.27A    -3.394    0.0044      S  4                1073.52A    -3.883    0.0014
He 2                922.743A    -3.096    0.0088      Fe 3                2.34788m    -3.350    0.0049      S  4                1072.97A    -3.981    0.0011
He 2                921.562A    -3.149    0.0078      Fe 3                9942.18A    -3.588    0.0028      S  6                944.523A    -3.864    0.0015
He 2                920.556A    -3.196    0.0070      Fe 3                2.24204m    -3.914    0.0013      S  6                933.378A    -3.784    0.0018
He 2                919.693A    -3.235    0.0064      Fe 3                3.22847m    -3.697    0.0022      Si 6                1.96247m    -2.982    0.0114
He 2                4685.68A    -1.845    0.1563      Fe 3                2.87385m    -3.651    0.0024      level 1 lines...................................
He 2                3203.08A    -2.168    0.0743      Fe 7                9.50763m    -2.328    0.0514      recombination...................................
He 2                2733.28A    -2.431    0.0405      Fe 7                5720.71A    -3.145    0.0078      level2 lines....................................
He 2                2511.19A    -2.648    0.0246      Fe 7                4988.55A    -3.359    0.0048      N  1                942.258A    -3.835    0.0016
He 2                2385.39A    -2.830    0.0162      Fe 7                4893.37A    -3.632    0.0026      O  1                976.791A    -3.698    0.0022
He 2                2306.18A    -2.986    0.0113      Fe 7                7.81037m    -2.864    0.0150      O  1                969.049A    -3.697    0.0022
He 2                2252.67A    -3.124    0.0082      Fe 7                6086.97A    -2.971    0.0117      O  1                946.387A    -3.743    0.0020
He 2                2214.65A    -3.087    0.0090      Fe 7                5158.89A    -3.499    0.0035      O  1                934.501A    -3.779    0.0018
He 2                2186.59A    -3.181    0.0072      Fe 7                4942.48A    -4.037    0.0010      O  1                973.577A    -3.795    0.0018
He 2                2165.23A    -3.267    0.0059      Fe 7                3586.32A    -3.602    0.0027      O  1                927.472A    -3.814    0.0017
He 2                2148.58A    -3.347    0.0049      Fe 7                3758.92A    -3.448    0.0039      O  1                948.506A    -3.855    0.0015
He 2                2135.34A    -3.421    0.0042      K  3                4.61683m    -3.148    0.0078      O  1                922.969A    -3.852    0.0015
He 2                2124.61A    -3.489    0.0035      K  4                5.98030m    -3.245    0.0062      O  1                919.912A    -3.890    0.0014
He 2                2115.81A    -3.552    0.0031      Mg 1                2852.13A    -3.152    0.0077      O  1                935.672A    -3.919    0.0013
He 2                2108.49A    -3.610    0.0027      Mg 1                4562.60A    -3.164    0.0075      O  1                917.726A    -3.931    0.0013
He 2                2102.33A    -3.663    0.0024      Mg 1                4571.10A    -3.596    0.0028      O  1                918.704A    -3.963    0.0012
He 2                2097.10A    -3.710    0.0021      Mn 2                2576.10A    -3.988    0.0011      O  1                928.186A    -3.986    0.0011
He 2                2092.63A    -3.748    0.0020      N  1                1134.17A    -3.946    0.0012      O  1                917.473A    -4.008    0.0011
He 2                1.01235m    -2.461    0.0379      N  1                1134.41A    -3.864    0.0015      Si 2                1179.59A    -3.198    0.0069
He 2                6560.01A    -2.698    0.0219      N  1                1134.98A    -3.826    0.0016      Si 2                993.354A    -3.712    0.0021
He 2                5411.45A    -2.913    0.0134      N  1                1199.55A    -3.531    0.0032      Si 2                1024.03A    -3.888    0.0014
He 2                4859.26A    -3.097    0.0087      N  1                1200.22A    -3.572    0.0029      P  2                967.202A    -3.981    0.0011
He 2                4541.54A    -3.257    0.0061      N  1                1200.71A    -3.699    0.0022      P  2                963.828A    -3.899    0.0014
He 2                4338.62A    -3.397    0.0044      N  1                5197.90A    -3.873    0.0015      Ti 2                3364.74A    -3.847    0.0016
He 2                4199.78A    -3.455    0.0038      N  1                5200.26A    -3.886    0.0014      Ti 2                3237.15A    -4.027    0.0010
He 2                4099.99A    -3.548    0.0031      N  4                1486.50A    -2.763    0.0189      Cr 2                2059.78A    -3.927    0.0013
He 2                4025.55A    -3.635    0.0025      N  4                1483.32A    -2.617    0.0264      Ni 2                1751.83A    -3.970    0.0012
He 2                3968.39A    -3.714    0.0021      N  5                1238.82A    -3.508    0.0034      Ni 2                1744.24A    -3.900    0.0014
He 2                3923.44A    -3.788    0.0018      N  5                1242.80A    -3.610    0.0027      Ni 2                1375.73A    -3.981    0.0011
He 2                3887.40A    -3.856    0.0015      Ne 2                12.8101m    -3.062    0.0095      Ni 2                1324.11A    -3.990    0.0011
He 2                3858.03A    -3.919    0.0013      Ne 3                15.5509m    -1.116    0.8375      hyperfine structure.............................
He 2                3833.76A    -3.977    0.0012      Ne 3                3868.76A    -1.206    0.6806      inner shell.....................................
He 2                3813.45A    -4.029    0.0010      Ne 3                36.0036m    -2.158    0.0759      molecules.......................................
He 2                1.86365m    -2.962    0.0119      Ne 3                3967.47A    -1.724    0.2066      bands...........................................
He 2                1.16262m    -3.140    0.0079      Ne 3                1814.56A    -3.536    0.0032      Fe 2b               2500.00A    -1.913    0.1336
He 2                9344.80A    -3.317    0.0053      Ne 3                3342.18A    -4.017    0.0011      Fe 2b               5000.00A    -2.067    0.0937
He 2                8236.67A    -3.476    0.0037      Ne 5                24.3108m    -1.544    0.3129      Fe 2b               7000.00A    -2.667    0.0235
He 2                7592.65A    -3.616    0.0026      Ne 5                14.3178m    -1.678    0.2295      Fe 2b               10000.0A    -1.754    0.1928
He 2                7177.41A    -3.744    0.0020      Ne 5                3345.82A    -2.923    0.0131      Fe 2b               2355.00A    -2.397    0.0439
He 2                6890.80A    -3.837    0.0016      Ne 5                3425.88A    -2.491    0.0353      Fe 2b               2430.00A    -1.940    0.1255
He 2                6683.11A    -3.922    0.0013      O  1                1040.94A    -3.883    0.0014      Fe 2b               2445.00A    -1.940    0.1255
He 2                6527.01A    -4.001    0.0011      O  1                1304.86A    -3.337    0.0050      Fe 2b               2495.00A    -2.821    0.0165
He 2                3.09080m    -3.390    0.0045      O  1                1306.03A    -3.817    0.0017      Fe 2b               2610.00A    -2.224    0.0653
He 2                1.87431m    -3.525    0.0033      O  1                6300.30A    -2.603    0.0273      Fe 2b               2758.00A    -3.175    0.0073
He 2                1.47602m    -3.672    0.0023      O  1                6363.78A    -3.099    0.0087      Fe 2b               2780.00A    -3.150    0.0078
He 2                1.28127m    -3.809    0.0017      O  1                63.1679m    -3.151    0.0077      Fe 2b               3250.00A    -3.664    0.0024
He 2                1.16730m    -3.982    0.0011      O  2                2470.22A    -3.356    0.0048      Fe 2b               3590.00A    -3.733    0.0020
He 2                4.76213m    -3.764    0.0019      O  2                2470.34A    -2.765    0.0188      Fe 2b               4255.00A    -2.528    0.0324
He 2                2.82519m    -3.867    0.0015      O  2                7318.92A    -3.438    0.0040      Fe 2b               4558.00A    -3.277    0.0058
He 2                2.18848m    -3.990    0.0011      O  2                7319.99A    -2.957    0.0121      Fe 2b               4600.00A    -3.243    0.0063
He-like iso-sequence............................      O  2                7329.67A    -3.215    0.0067      Fe 2b               4743.00A    -3.942    0.0012
He 1                1.08291m    -2.677    0.0230      O  2                7330.73A    -3.227    0.0065      Fe 2b               4855.00A    -3.367    0.0047
He 1                1.08302m    -2.134    0.0803      O  2                3728.81A    -1.377    0.4586      Fe 2b               4920.00A    -2.852    0.0154
He 1                1.08303m    -1.837    0.1593      O  2                3726.03A    -1.379    0.4574      Fe 2b               4975.00A    -3.381    0.0045
Blnd                1.08302m    -1.620    0.2626      O  3                88.3323m    -0.974    1.1607      Fe 2b               4971.00A    -3.416    0.0042
He 1                3888.64A    -2.242    0.0627      O  3                4931.23A    -3.774    0.0018      Fe 2b               5070.00A    -3.304    0.0054
He 1                3187.74A    -2.595    0.0278      O  3                51.8004m    -0.624    2.5980      Fe 2b               5143.00A    -2.762    0.0189
He 1                2945.10A    -2.879    0.0145      O  3                4958.91A    -0.365    4.7243      Fe 2b               5270.00A    -2.477    0.0365
He 1                2829.08A    -3.114    0.0084      O  3                2320.95A    -2.596    0.0277      Fe 2b               5318.00A    -2.794    0.0176
He 1                2760.44A    -3.748    0.0020      O  3                1660.81A    -2.432    0.0404      Fe 2b               5540.00A    -3.642    0.0025
He 1                2721.00A    -3.875    0.0015      O  3                5006.84A     0.096   13.6543      Fe 2b               7445.00A    -2.693    0.0222
He 1                2694.61A    -3.995    0.0011      O  3                1666.15A    -2.033    0.1013      Fe 2b               8625.00A    -2.623    0.0260
He 1                2.05813m    -2.963    0.0119      O  3                4363.21A    -1.968    0.1176      Fe 2b               1.03250m    -3.629    0.0026
He 1                5015.68A    -2.740    0.0199      O  5                1213.81A    -3.942    0.0013      Fe 2b               1.88900m    -2.483    0.0360
He 1                3964.73A    -3.129    0.0081      P  2                32.8620m    -3.961    0.0012      Fe 2b               2.20000m    -3.895    0.0014
He 1                3613.64A    -3.434    0.0040      P  2                1.14682m    -3.641    0.0025      miscellaneous...................................
He 1                3447.59A    -3.686    0.0023      P  2                1.18828m    -3.218    0.0066      C 2R                1335.00A    -2.043    0.0991
He 1                7065.71A    -3.426    0.0041      P  3                17.8797m    -3.278    0.0058      C 3R                977.000A    -2.180    0.0723
He 1                7065.21A    -2.949    0.0123      P  4                950.657A    -3.804    0.0017      C 3R                1909.00A    -2.336    0.0505
He 1                7065.18A    -2.727    0.0205      S  2                6730.82A    -1.861    0.1505      C 3R                1175.00A    -2.516    0.0333
Blnd                7065.25A    -2.472    0.0369      S  2                6716.44A    -1.872    0.1467      C 4R                1549.00A    -3.125    0.0082
He 1                5875.98A    -3.045    0.0099      S  2                4076.35A    -3.242    0.0063      N 2R                1085.00A    -3.156    0.0076
He 1                5875.64A    -2.568    0.0296      S  2                4068.60A    -2.746    0.0196      N 3R                990.000A    -2.255    0.0609
He 1                5875.61A    -2.346    0.0493      S  2                1.03364m    -3.381    0.0046      O 2R                3729.00A    -3.080    0.0091
Blnd                5875.66A    -2.091    0.0888      S  2                1.02867m    -3.372    0.0046      O 2R                4651.00A    -3.353    0.0048
He 1                4713.16A    -3.878    0.0015      S  2                1.03705m    -3.702    0.0022      O 2R                4341.00A    -3.630    0.0026
He 1                4713.14A    -3.656    0.0024      S  2                1.03205m    -3.238    0.0063      Blnd                1400.00A    -2.054    0.0965
Blnd                4713.17A    -3.400    0.0044      S  2                1259.52A    -3.920    0.0013      Blnd                1650.00A    -0.911    1.3417
He 1                4471.69A    -3.466    0.0037      S  2                1253.81A    -3.961    0.0012      Blnd                1304.00A    -3.165    0.0075
He 1                4471.49A    -2.989    0.0112      S  3                33.4704m    -1.420    0.4163      Blnd                1039.00A    -3.679    0.0023
He 1                4471.47A    -2.767    0.0187      S  3                18.7078m    -1.383    0.4526      Blnd                2798.00A    -1.180    0.7223
Blnd                4471.50A    -2.512    0.0336      S  3                9068.62A    -1.463    0.3769      Blnd                6720.00A    -1.566    0.2972
Blnd                4120.84A    -3.873    0.0015      S  3                9530.62A    -1.063    0.9467      Blnd                4074.00A    -2.626    0.0259
He 1                4026.36A    -3.786    0.0018      S  3                3721.63A    -2.826    0.0163      Blnd                1.03300m    -2.734    0.0202
He 1                4026.20A    -3.309    0.0054      S  3                6312.06A    -2.552    0.0307      Blnd                1256.00A    -3.501    0.0034
He 1                4026.19A    -3.087    0.0090      S  3                1713.11A    -3.684    0.0023      Blnd                1198.00A    -3.290    0.0056
Blnd                4026.21A    -2.832    0.0161      S  3                1728.94A    -3.231    0.0064      Blnd                1720.00A    -3.100    0.0087
He 1                3819.61A    -3.568    0.0030      S  3                1194.45A    -3.818    0.0017      Blnd                3722.00A    -2.820    0.0166
He 1                3819.60A    -3.346    0.0049      S  3                1201.73A    -3.977    0.0012      Blnd                1406.00A    -3.246    0.0062
Blnd                3819.62A    -3.091    0.0089      S  3                1200.97A    -3.976    0.0012      Blnd                2665.00A    -2.458    0.0381
He 1                3704.90A    -3.985    0.0011      S  3                1015.50A    -3.973    0.0012      Blnd                1860.00A    -2.720    0.0208
He 1                3704.76A    -3.508    0.0034      S  3                1021.11A    -3.656    0.0024      Blnd                4725.00A    -2.046    0.0984
He 1                3704.75A    -3.286    0.0057      S  3                1021.32A    -3.765    0.0019      Blnd                2860.00A    -3.082    0.0091
Blnd                3704.77A    -3.030    0.0102      Si 2                34.8046m    -1.755    0.1923      Blnd                7250.00A    -3.650    0.0024
He 1                3634.08A    -3.672    0.0023      Si 2                2334.41A    -3.168    0.0074      Blnd                2335.00A    -2.146    0.0782
He 1                3634.07A    -3.450    0.0039      Si 2                2328.52A    -3.743    0.0020      Blnd                1888.00A    -1.499    0.3470
Blnd                3634.09A    -3.195    0.0070      Si 2                1808.01A    -2.907    0.0136      Blnd                1397.00A    -2.116    0.0838
He 1                3587.16A    -3.816    0.0017      Si 2                1526.71A    -3.803    0.0017      Blnd                2424.00A    -1.999    0.1096
He 1                3587.15A    -3.594    0.0028      Si 2                1260.42A    -3.675    0.0023      Blnd                3350.00A    -3.672    0.0023
Blnd                3587.17A    -3.339    0.0050      Si 2                1193.29A    -3.826    0.0016      Blnd                5525.00A    -2.609    0.0269
He 1                3554.34A    -3.944    0.0012      Si 2                1190.42A    -3.955    0.0012      Blnd                8579.00A    -3.412    0.0042
He 1                3554.33A    -3.722    0.0021      Si 2                2350.17A    -3.041    0.0099      Blnd                7306.00A    -2.675    0.0231
Blnd                3554.35A    -3.467    0.0037      Si 2                2344.20A    -2.594    0.0279      Blnd                3933.00A    -3.153    0.0077
He 1                3530.43A    -3.839    0.0016      Si 2                2334.60A    -2.549    0.0309      Blnd                2326.00A    -2.035    0.1009
Blnd                3530.44A    -3.584    0.0029      Si 2                1817.45A    -3.092    0.0089      Blnd                1335.00A    -2.858    0.0152
He 1                3512.46A    -3.945    0.0012      Si 2                1816.93A    -2.565    0.0298      Blnd                1909.00A    -1.071    0.9295
Blnd                3512.48A    -3.690    0.0022      Si 2                1533.43A    -3.138    0.0080      Blnd                1549.00A    -1.304    0.5431
Blnd                3498.62A    -3.787    0.0018      Si 2                1309.28A    -3.464    0.0038      Blnd                5199.00A    -3.578    0.0029
Blnd                3487.70A    -3.877    0.0015      Si 2                1265.00A    -3.238    0.0063      Blnd                1085.00A    -3.049    0.0098
Blnd                3478.95A    -3.960    0.0012      Si 2                1264.74A    -3.378    0.0046      Blnd                2141.00A    -3.123    0.0082
Blnd                3471.81A    -4.037    0.0010      Si 2                1197.39A    -3.346    0.0049      Blnd                1750.00A    -2.353    0.0485
He 1                3439.98A    -3.873    0.0015      Si 2                1194.50A    -3.285    0.0057      Blnd                990.000A    -3.039    0.0100
Blnd                3440.00A    -3.618    0.0026      Si 3                1892.03A    -1.890    0.1410      Blnd                1486.00A    -2.383    0.0453
He 1                7281.35A    -3.319    0.0052      Si 3                1882.71A    -1.725    0.2060      Blnd                1240.00A    -3.255    0.0061
He 1                6678.15A    -2.660    0.0239      Si 3                1206.50A    -2.670    0.0234      Blnd                6300.00A    -2.483    0.0360
He 1                5047.74A    -3.901    0.0014      Si 4                1393.75A    -2.307    0.0540      Blnd                2471.00A    -2.666    0.0236
He 1                4921.93A    -3.089    0.0089      Si 4                1402.77A    -2.564    0.0299      Blnd                7323.00A    -2.833    0.0161
He 1                4387.93A    -3.408    0.0043      Al 2                2669.15A    -2.840    0.0158      Blnd                7332.00A    -2.920    0.0132
He 1                4143.76A    -3.665    0.0024      Al 2                2660.35A    -2.691    0.0223      Blnd                3727.00A    -1.077    0.9160
He 1                4009.05A    -3.667    0.0024      Al 2                1670.79A    -3.030    0.0102      Blnd                7325.00A    -2.573    0.0292
He 1                3926.41A    -3.834    0.0016      Al 5                2.90450m    -3.106    0.0086      Blnd                1666.00A    -1.888    0.1417
He 1                3871.69A    -3.979    0.0011      C  4                1550.77A    -1.774    0.1841      Blnd                5007.00A     0.225   18.3804
He 1                4.29471m    -3.526    0.0033      C  4                1548.19A    -1.484    0.3590      Blnd                1402.00A    -2.936    0.0127
He 1                1.25275m    -3.730    0.0020      Ca 2                7323.89A    -3.080    0.0091      Blnd                1218.00A    -3.712    0.0021
He 1                9463.58A    -3.926    0.0013      Ca 2                7291.47A    -2.893    0.0140      Blnd                1035.00A    -3.457    0.0038



 AGN log nH=2.78 log U=-2.00  
 Cooling:  O  3c                     0  :0.446 O  4c                     0  :0.076 S  4c                     0  :0.063  
 Heating:  BFH1                      0  :0.710 BFHe                      0  :0.232 TotM                      0  :0.050  

 These are some of the most important databases used by Cloudy:
 Many recombination coefficients were taken from http://amdpp.phys.strath.ac.uk/tamoc/RR/ and http://amdpp.phys.strath.ac.uk/tamoc/DR/
      and are based on the following papers:
        Badnell N. R., et al., A&A 406, 1151 (2003) [http://adsabs.harvard.edu/abs/2003A%26A...406.1151B]
        Badnell N. R., ApJS 167, 334 (2006) [http://adsabs.harvard.edu/abs/2006ApJS..167..334B]
 Much of the molecular emission data is from LAMDA as accessed on June 30, 2015. This database is described in:
        Schoeier F.L., et al., A&A 432, 369 (2005) [http://adsabs.harvard.edu/abs/2005A%26A...432..369S]
      This database is in part based on the work of the following groups:
        JPL: Pickett H. M. et al., JQSRT, 60, 883 (1998). [http://adsabs.harvard.edu/abs/1998JQSRT..60..883P]
        CDMS: Mueller H. S. et al., A&A 370, L49 (2001). [http://adsabs.harvard.edu/abs/2001A%26A...370L..49M]
              Mueller H. S. et al., J. Mol. Struct. 742, 215 (2005). [http://adsabs.harvard.edu/abs/2005JMoSt.742..215M]
 Some of the ionic emission data is from a reprocessed version of 10.1 of CHIANTI. CHIANTI is a collaborative project involving the NRL (USA), the
      Universities of Florence (Italy) and Cambridge (UK), and George Mason University (USA). These papers describe Chianti:
        Dere K. P., et al., A&AS, 125, 149 (1997) [http://adsabs.harvard.edu/abs/1997A%26AS..125..149D]
        Dere, K. P., et al., APJ, 268, 52 (2023) [https://ui.adsabs.harvard.edu/abs/2023ApJS..268...52D]
      This paper describes the reprocessed version of Chianti used:
        Gunasekera, C. M., et al., Astronomy, 1, 255. (2022) [https://ui.adsabs.harvard.edu/abs/2022Astro...1..255G]
 Much of the H_2 data is from this web site: http://molat.obspm.fr/index.php?page=pages/Molecules/H2/H2can94.php. These data are
      described in:
        Abgrall H. et al., Can. J. Phys., 72, 856 (1994) [http://adsabs.harvard.edu/abs/1994CaJPh..72..856A]
        Wrathmall S. A. & Flower D. R., J. Phys. B, 40, 3221 (2007) [http://adsabs.harvard.edu/abs/2007JPhB...40.3221W]
 The Case A and Case B recombination predictions for one-electron systems are from
	Storey, P.J. & Hummer, D.G., 1995, MNRAS 272, 41 http://adsabs.harvard.edu/abs/1995MNRAS.272...41S
 The He I recombination predictions are from
	Porter, R. L.; Ferland, G. J.; Storey, P. J.; Detisch, M. J., 2012, MNRAS, 425, 28p http://adsabs.harvard.edu/abs/2012MNRAS.425L..28P
		http://adsabs.harvard.edu/abs/2013MNRAS.433L..89P

 If you find some process or data set to be particularly critical to a result, please follow the trail of references back to the
 original source and cite that.  This will support and encourage atomic, molecular, and chemical physicists to continue their
 valuable work.

 IONIZE PARMET:  U(1-) -2.0000  U(4-): -2.9409  U(sp): -2.00  Q(ion):    8.439  L(ion)  0.422    Q(low): 13.594    L(low)  1.287
 ENERGY BUDGET:  Heat:   0.662  Coolg:   0.662  Error:  0.0%  Rec Lin:   0.223  F-F  H  0.000    P(rad/tot)max     9.61E-02    R(F Con):1.737e+05

     Col(Heff):      8.784E+20  snd travl time  1.73E+12 sec  Te-low: 3.98E+03  Te-hi: 1.22E+04  G0TH85: 1.60E+03  G0DB96:1.71E+03
  Emiss Measure    n(e)n(p) dl       7.770E+23  n(e)n(He+)dl         5.385E+22  En(e)n(He++) dl         1.291E+22  ne nC+:8.13E+18
 He/Ha:7.78E-02  =   0.91*true  Lthin:6.99E+01  itr/zn: 6.12  H2 itr/zn:  0.00  File Opacity: F  MassTot 2.78e-03  (gm/cm^2)
   Temps(21 cm)   T(21cm/Ly a)  4.01E+03        T(<nH/Tkin>)  8.29E+03          T(<nH/Tspin>)    4.31E+03          TB21cm:8.65E-01
                   N(H0/Tspin)  7.61E+15        N(OH/Tkin)    3.73E+03          B(21cm)          0.00E+00
   <a>:1.45E-07  erdeFe4.7E+22  Tcompt1.74E+08  Tthr8.26E+09  <Tden>: 1.07E+04  <dens>:1.36E-21  <MolWgt>6.36E-01
     Mean Jeans  l(cm)1.62E+20  M(sun)1.53E+06  smallest:     len(cm):9.89E+19  M(sun):3.47E+05  a_ox tran: -1.41
 Rion:1.000E+30  Dist:0.00E+00  Diam:0.000E+00
 Hatom level 70  HatomType: add  HInducImp  F  He tot level: 63  He2 level:   70  ExecTime   137.9
 ConvrgError(%)  <eden>  0.060  MaxEden  0.393  <H-C>   0.11  Max(H-C)    0.50  <Press>   0.000  MaxPrs er  0.000
  Continuity(%)  chng Te   3.4  elec den   4.6  n(H2)    0.0  n(CO)        0.0

                                                        Averaged Quantities
             Te      Te(Ne)   Te(NeNp)  Te(NeHe+)Te(NeHe2+) Te(NeO+)  Te(NeO2+)  Te(H2)     N(H)     Ne(O2+)   Ne(Np)
 Radius:  1.07e+04  1.07e+04  1.07e+04  1.07e+04  1.10e+04  1.12e+04  1.07e+04  5.15e+03  5.99e+02  6.52e+02  6.53e+02
 
 Peimbert T(OIIIr)9.90E+03 T(Bac)1.02E+04 T(Hth)1.01E+04 t2(Hstrc) 5.92e-03 T(O3-BAC)1.00E+04 t2(O3-BC)-3.97e-03 t2(O3str) 6.57e-03

 Contin Optical Depths: COMP: 8.74e-04    H-: 1.49e-05 R(1300): 2.20e-04  H2+: 4.26e-07  Bra:8.74E-04
                          Pa: 8.74e-04    Ba: 8.87e-04      Hb: 8.84e-04   La: 5.44e-01     1r:2.085E+02  1.8:4.97E+01 4.:1.399E+02

 Old, new H  1 continuum optical depths:
     1 2.09e+02     2 7.07e-06     3 1.37e-05     4 1.37e-05     5 1.37e-05     6 3.47e-06     7 3.47e-06     8 3.47e-06
     9 3.47e-06    10 1.69e-12    11 1.69e-12    12 1.69e-12    13 1.69e-12    14 1.69e-12    15 3.93e-12    16 3.93e-12
    17 3.93e-12    18 3.93e-12    19 3.93e-12    20 3.93e-12    21 8.11e-12    22 8.11e-12    23 8.11e-12    24 8.11e-12
    25 8.11e-12    26 8.11e-12    27 8.11e-12    28 1.54e-11    29 1.54e-11    30 1.54e-11    31 1.54e-11    32 1.54e-11
    33 1.54e-11    34 1.54e-11    35 1.54e-11    36 2.75e-11    37 2.75e-11    38 2.75e-11    39 2.75e-11    40 2.75e-11
    41 2.75e-11    42 2.75e-11    43 2.75e-11    44 2.75e-11    45 4.62e-11    46 4.62e-11    47 4.62e-11    48 4.62e-11
    49 4.62e-11    50 4.62e-11    51 4.62e-11    52 4.62e-11    53 4.62e-11    54 4.62e-11
     1 2.09e+02     2 7.47e-06     3 1.44e-05     4 1.44e-05     5 1.44e-05     6 3.68e-06     7 3.68e-06     8 3.68e-06
     9 3.68e-06    10 1.69e-12    11 1.69e-12    12 1.69e-12    13 1.69e-12    14 1.69e-12    15 3.94e-12    16 3.94e-12
    17 3.94e-12    18 3.94e-12    19 3.94e-12    20 3.94e-12    21 8.15e-12    22 8.15e-12    23 8.15e-12    24 8.15e-12
    25 8.15e-12    26 8.15e-12    27 8.15e-12    28 1.55e-11    29 1.55e-11    30 1.55e-11    31 1.55e-11    32 1.55e-11
    33 1.55e-11    34 1.55e-11    35 1.55e-11    36 2.76e-11    37 2.76e-11    38 2.76e-11    39 2.76e-11    40 2.76e-11
    41 2.76e-11    42 2.76e-11    43 2.76e-11    44 2.76e-11    45 4.65e-11    46 4.65e-11    47 4.65e-11    48 4.65e-11
    49 4.65e-11    50 4.65e-11    51 4.65e-11    52 4.65e-11    53 4.65e-11    54 4.65e-11

 Old, new H  1 mean line optical depths:
  2- 1 3.74e+06  3- 2 4.25e-03  4- 3 3.91e-09  5- 4 1.79e-09  6- 5-5.06e-11  7- 6-1.12e-09  8- 7 3.51e-10
  9- 8 5.90e-09 10- 9 1.61e-08 11-10 3.17e-07 12-11-1.31e-07 13-12-2.13e-07 14-13-3.42e-07 15-14-5.40e-07 16-15-8.51e-07
 17-16-1.35e-06 18-17-2.17e-06 19-18-3.68e-06 20-19-6.41e-06 21-20-1.19e-05 22-21-2.41e-05 23-22-5.68e-05 24-23-1.82e-04
 25-24-6.42e-03
  2- 1 3.72e+06  3- 2 4.26e-03  4- 3 3.92e-09  5- 4 1.77e-09  6- 5-1.21e-10  7- 6-1.28e-09  8- 7 7.02e-11
  9- 8 5.49e-09 10- 9 1.55e-08 11-10 3.19e-07 12-11-1.37e-07 13-12-2.23e-07 14-13-3.60e-07 15-14-5.68e-07 16-15-8.98e-07
 17-16-1.43e-06 18-17-2.29e-06 19-18-3.86e-06 20-19-6.69e-06 21-20-1.24e-05 22-21-2.50e-05 23-22-5.85e-05 24-23-1.85e-04
 25-24-6.50e-03

 Old, new He 2 continuum optical depths:
     1 1.40e+02     2 2.08e+02     3 3.08e-04     4 3.08e-04     5 3.08e-04     6 7.07e-06     7 7.07e-06     8 7.07e-06
     9 7.07e-06    10 1.11e-05    11 1.11e-05    12 1.11e-05    13 1.11e-05    14 1.11e-05    15 1.37e-05    16 1.37e-05
    17 1.37e-05    18 1.37e-05    19 1.37e-05    20 1.37e-05    21 1.13e-05    22 1.13e-05    23 1.13e-05    24 1.13e-05
    25 1.13e-05    26 1.13e-05    27 1.13e-05    28 3.47e-06    29 3.47e-06    30 3.47e-06    31 3.47e-06    32 3.47e-06
    33 3.47e-06    34 3.47e-06    35 3.47e-06    36 9.70e-13    37 9.70e-13    38 9.70e-13    39 9.70e-13    40 9.70e-13
    41 9.70e-13    42 9.70e-13    43 9.70e-13    44 9.70e-13    45 1.69e-12    46 1.69e-12    47 1.69e-12    48 1.69e-12
    49 1.69e-12    50 1.69e-12    51 1.69e-12    52 1.69e-12    53 1.69e-12    54 1.69e-12
     1 1.40e+02     2 2.08e+02     3 3.10e-04     4 3.10e-04     5 3.10e-04     6 7.47e-06     7 7.47e-06     8 7.47e-06
     9 7.47e-06    10 1.17e-05    11 1.17e-05    12 1.17e-05    13 1.17e-05    14 1.17e-05    15 1.44e-05    16 1.44e-05
    17 1.44e-05    18 1.44e-05    19 1.44e-05    20 1.44e-05    21 1.20e-05    22 1.20e-05    23 1.20e-05    24 1.20e-05
    25 1.20e-05    26 1.20e-05    27 1.20e-05    28 3.68e-06    29 3.68e-06    30 3.68e-06    31 3.68e-06    32 3.68e-06
    33 3.68e-06    34 3.68e-06    35 3.68e-06    36 9.73e-13    37 9.73e-13    38 9.73e-13    39 9.73e-13    40 9.73e-13
    41 9.73e-13    42 9.73e-13    43 9.73e-13    44 9.73e-13    45 1.69e-12    46 1.69e-12    47 1.69e-12    48 1.69e-12
    49 1.69e-12    50 1.69e-12    51 1.69e-12    52 1.69e-12    53 1.69e-12    54 1.69e-12

 Old, new He 2 mean line optical depths:
  2- 1 4.25e+06  3- 2 2.94e-06  4- 3 6.66e-12  5- 4-9.16e-12  6- 5-3.09e-11  7- 6-5.03e-11  8- 7-5.17e-11
  9- 8-1.87e-11 10- 9 5.40e-11 11-10 2.76e-09 12-11-1.25e-09 13-12-2.00e-09 14-13-3.14e-09 15-14-4.81e-09 16-15-7.31e-09
 17-16-1.11e-08 18-17-1.70e-08 19-18-2.66e-08 20-19-4.40e-08 21-20-7.68e-08 22-21-1.48e-07 23-22-3.31e-07 24-23-1.01e-06
 25-24-3.55e-05
  2- 1 4.26e+06  3- 2 2.96e-06  4- 3 6.68e-12  5- 4-9.11e-12  6- 5-3.09e-11  7- 6-5.07e-11  8- 7-5.27e-11
  9- 8-2.09e-11 10- 9 5.02e-11 11-10 2.74e-09 12-11-1.27e-09 13-12-2.03e-09 14-13-3.20e-09 15-14-4.91e-09 16-15-7.47e-09
 17-16-1.14e-08 18-17-1.75e-08 19-18-2.73e-08 20-19-4.51e-08 21-20-7.86e-08 22-21-1.51e-07 23-22-3.37e-07 24-23-1.02e-06
 25-24-3.56e-05

 Old He Is optical depths:    1 4.98e+01    2 3.93e-04    3 5.87e-06    4 6.56e-06    5 6.56e-06
 New He Is optical depths:    1 4.97e+01    2 3.95e-04    3 6.20e-06    4 6.93e-06    5 6.93e-06
          Old He Is Lines:  584 9.32e+04 3889 7.11e+00 5016 2.00e-05 5876 5.02e-07
          New He Is Lines:  584 9.25e+04 3889 7.19e+00 5016 2.07e-05 5876 3.01e-07
AGN log nH=2.78 log U=-2.00  


          Start Iteration Number 3                                                 AGN log nH=2.78 log U=-2.00  


 ####  1  Te:1.224E+04 Hden:5.995E+02 Ne:6.996E+02 R:1.000E+30 R-R0:1.226E+14 dR:2.453E+14 NTR:  5 Htot:2.690E-18 T912: 2.08e+02###
 Hydrogen      7.52e-04 9.99e-01 H+o/Hden 1.00e+00 2.19e-11 H-    H2 1.31e-17 1.71e-12 H2+ HeH+ 1.76e-13 Ho+ ColD 1.11e+14 1.47e+17
 Helium        5.88e-05 7.31e-02 9.27e-01 HeI 2s3S 5.93e-08 Comp H,C 8.64e-23 7.99e-26 Fill Fac 1.00e+00 Gam1/tot 1.00e+00
 He singlet n  5.87e-05 3.54e-14 1.51e-20 7.27e-21 1.06e-20 9.55e-21 He tripl 5.93e-08 2.90e-18 2.84e-20 2.58e-19 2.86e-20
 Pressure      NgasTgas 1.65e+07 P(total) 2.28e-09 P( gas ) 2.28e-09 P(Radtn) 0.00e+00 Rad accl 7.57e-07 ForceMul 3.08e+03
 Texc(La)      3.35e+03 T(I con) 1.76e+01 T(D con) 2.22e+00 T(U tot) 1.76e+01 nT (c+d) 4.79e+06 Prad/Gas 0.00e+00 Pmag/Gas 0.00e+00
 Molecules     CH/Ctot: 6.44e-18 CH+/Ctot 1.13e-15 CO/Ctot: 1.24e-23 CO+/Ctot 7.83e-23 H2O/Otot 9.40e-31 OH/Ototl 3.39e-18
 Lithium       2.17e-05 1.85e-01 6.83e-01 1.32e-01 Berylliu 4.73e-05 6.98e-03 8.33e-01 1.59e-01 1.21e-03 sec ion: 4.43e-14
 Boron         4.09e-07 5.55e-03 8.60e-02 8.99e-01 9.78e-03 1.01e-05
 Carbon        6.55e-07 3.30e-03 2.19e-01 4.23e-01 3.54e-01 6.67e-04 2.56e-07 H2O+/O   1.66e-31 OH+/Otot 1.19e-18 Hex(tot) 0.00e+00
 Nitrogen      4.80e-07 1.53e-03 2.18e-01 6.16e-01 1.52e-01 1.30e-02 9.58e-06 0.00e+00 O2/Ototl 1.07e-25 O2+/Otot 4.33e-26
 Oxygen        4.09e-07 8.55e-04 1.22e-01 6.90e-01 1.76e-01 1.04e-02 2.90e-04 0.00e+00 0.00e+00
 Fluorine      1.25e-07 8.76e-04 1.24e-01 5.76e-01 2.88e-01 1.04e-02 6.09e-05 3.78e-06 0.00e+00 0.00e+00
 Neon          8.54e-08 5.82e-04 1.37e-01 6.08e-01 2.45e-01 9.17e-03 4.74e-05 1.42e-06 0.00e+00 0.00e+00 0.00e+00
 Sodium        2.22e-08 2.89e-04 7.05e-02 5.69e-01 3.52e-01 8.12e-03 1.00e-04 5.05e-07 0.00e+00 0.00e+00 0.00e+00 0.00e+00
 Magnesium     7.22e-06 3.68e-04 9.63e-02 5.49e-01 3.28e-01 2.61e-02 2.44e-04 1.38e-06 0.00e+00 0.00e+00 0.00e+00 0.00e+00 0.00e+00
 Aluminium  0  4.92e-07 1.83e-03 1.75e-02 4.35e-01 4.84e-01 6.09e-02 8.23e-04 4.63e-06 0.00e+00 0.00e+00 0.00e+00 0.00e+00 0.00e+00
 Silicon    0  2.11e-07 3.56e-03 8.16e-02 2.66e-01 5.77e-01 7.02e-02 1.89e-03 1.07e-05 0.00e+00 0.00e+00 0.00e+00 0.00e+00 0.00e+00
 Phosphorus 0  1.05e-06 1.02e-02 1.61e-01 3.02e-01 3.29e-01 1.94e-01 4.41e-03 3.14e-05 0.00e+00 0.00e+00 0.00e+00 0.00e+00 0.00e+00
 Sulphur    0  3.23e-07 3.33e-03 2.01e-01 5.55e-01 1.69e-01 5.79e-02 1.43e-02 1.45e-04 2.77e-07 0.00e+00 0.00e+00 0.00e+00 0.00e+00
 Chlorine   0  4.09e-07 3.64e-03 1.65e-01 5.81e-01 2.26e-01 2.03e-02 3.07e-03 3.78e-04 1.91e-06 0.00e+00 0.00e+00 0.00e+00 0.00e+00
 Argon      0  1.02e-07 6.92e-04 2.83e-01 4.97e-01 1.99e-01 1.88e-02 3.78e-04 8.95e-05 8.69e-06 0.00e+00 0.00e+00 0.00e+00 0.00e+00
 Potassium  0  9.33e-08 3.05e-03 1.71e-01 6.36e-01 1.80e-01 9.59e-03 2.57e-04 1.16e-05 1.77e-06 1.89e-07 0.00e+00 0.00e+00 0.00e+00
 Calcium    0  6.35e-08 3.86e-04 7.41e-02 5.36e-01 3.63e-01 2.60e-02 2.97e-04 3.31e-05 7.64e-07 2.01e-07 0.00e+00 0.00e+00 0.00e+00
 Scandium   0  5.08e-10 6.76e-06 3.57e-03 5.49e-01 3.72e-01 7.51e-02 8.73e-04 3.82e-05 4.72e-07 0.00e+00 0.00e+00 0.00e+00 0.00e+00
 Titanium   0  1.32e-09 3.47e-05 7.12e-03 4.26e-01 4.86e-01 7.73e-02 3.75e-03 4.93e-05 6.86e-07 0.00e+00 0.00e+00 0.00e+00 0.00e+00
 Vanadium   0  6.77e-10 4.52e-06 2.20e-03 6.62e-02 4.90e-01 4.27e-01 1.42e-02 6.75e-04 2.65e-06 0.00e+00 0.00e+00 0.00e+00 0.00e+00
 Chromium   0  1.49e-10 4.02e-06 2.40e-03 7.15e-02 4.31e-01 4.28e-01 6.60e-02 1.26e-03 4.56e-05 2.64e-07 0.00e+00 0.00e+00 0.00e+00
 Manganese  0  3.48e-10 4.32e-06 1.98e-03 5.99e-02 4.58e-01 4.28e-01 5.18e-02 6.14e-04 3.41e-05 9.30e-07 0.00e+00 0.00e+00 0.00e+00
 Iron       0  1.90e-10 1.29e-06 6.89e-04 4.84e-02 3.74e-01 4.69e-01 1.05e-01 2.73e-03 1.10e-05 8.29e-07 0.00e+00 0.00e+00 0.00e+00
 Cobalt     0  1.95e-10 7.18e-07 4.23e-04 2.82e-02 3.77e-01 4.92e-01 9.64e-02 5.77e-03 7.79e-05 3.92e-06 0.00e+00 0.00e+00 0.00e+00
 Nickel     0  1.42e-10 1.08e-06 5.39e-04 2.40e-02 2.88e-01 5.67e-01 1.12e-01 8.29e-03 1.25e-04 5.26e-06 0.00e+00 0.00e+00 0.00e+00
 Copper     0  1.37e-10 7.16e-07 7.34e-04 3.19e-02 2.73e-01 5.21e-01 1.56e-01 1.67e-02 3.22e-04 1.04e-05 0.00e+00 0.00e+00 0.00e+00
 Zinc       0  2.01e-10 6.39e-07 3.45e-04 2.50e-02 2.83e-01 5.20e-01 1.50e-01 2.11e-02 3.80e-04 1.16e-05 2.07e-07 0.00e+00 0.00e+00
 ####160  Te:3.935E+03 Hden:5.995E+02 Ne:4.893E+01 R:1.000E+30 R-R0:2.040E+18 dR:4.703E+14 NTR: 13 Htot:6.828E-20 T912: 4.17e+02###
 Hydrogen      9.34e-01 6.57e-02 H+o/Hden 1.00e+00 1.44e-09 H-    H2 3.71e-09 8.14e-10 H2+ HeH+ 9.70e-09 Ho+ ColD 3.29e+19 1.19e+21
 Helium        8.22e-01 1.77e-01 1.48e-03 HeI 2s3S 2.86e-08 Comp H,C 6.01e-24 1.81e-27 Fill Fac 1.00e+00 Gam1/tot 5.65e-01
 He singlet n  8.22e-01 1.57e-14 2.11e-19 2.80e-21 1.32e-20 4.64e-21 He tripl 2.86e-08 5.56e-19 7.64e-21 9.10e-20 1.30e-20
 Pressure      NgasTgas 2.75e+06 P(total) 3.80e-10 P( gas ) 3.80e-10 P(Radtn) 3.40e-14 Rad accl 5.35e-07 ForceMul 3.04e+04
 Texc(La)      3.39e+03 T(I con) 1.54e+01 T(D con) 1.43e+01 T(U tot) 1.77e+01 nT (c+d) 7.16e+06 Prad/Gas 8.94e-05 Pmag/Gas 0.00e+00
 Molecules     CH/Ctot: 1.30e-13 CH+/Ctot 2.66e-09 CO/Ctot: 1.80e-12 CO+/Ctot 7.60e-13 H2O/Otot 3.00e-19 OH/Ototl 1.74e-09
 Lithium       3.53e-05 1.00e+00 7.57e-06 0.00e+00 Berylliu 1.29e-04 8.72e-01 1.24e-01 4.84e-03 0.00e+00 sec ion: 7.54e-13
 Boron         1.48e-05 9.15e-01 3.74e-03 8.12e-02 5.31e-06 0.00e+00
 Carbon        6.71e-05 9.54e-01 4.62e-02 2.04e-05 1.08e-06 0.00e+00 0.00e+00 H2O+/O   3.52e-19 OH+/Otot 2.04e-09 Hex(tot) 0.00e+00
 Nitrogen      8.81e-01 1.19e-01 5.70e-05 3.50e-06 0.00e+00 0.00e+00 0.00e+00 0.00e+00 O2/Ototl 4.18e-13 O2+/Otot 3.18e-13
 Oxygen        9.48e-01 5.19e-02 6.69e-05 4.06e-07 0.00e+00 0.00e+00 0.00e+00 0.00e+00 0.00e+00
 Fluorine      2.90e-01 5.94e-01 1.17e-01 3.06e-06 1.95e-05 0.00e+00 0.00e+00 0.00e+00 0.00e+00 0.00e+00
 Neon          2.04e-01 5.75e-01 2.21e-01 6.11e-06 5.58e-07 0.00e+00 0.00e+00 0.00e+00 0.00e+00 0.00e+00 0.00e+00
 Sodium        3.27e-04 6.79e-01 3.20e-01 3.85e-05 6.20e-05 0.00e+00 0.00e+00 0.00e+00 0.00e+00 0.00e+00 0.00e+00 0.00e+00
 Magnesium     1.49e-04 6.88e-01 3.11e-01 1.37e-05 8.02e-07 0.00e+00 0.00e+00 0.00e+00 0.00e+00 0.00e+00 0.00e+00 0.00e+00 0.00e+00
 Aluminium  0  5.23e-06 6.56e-01 1.29e-01 2.16e-01 6.99e-05 0.00e+00 0.00e+00 0.00e+00 0.00e+00 0.00e+00 0.00e+00 0.00e+00 0.00e+00
 Silicon    0  1.59e-05 9.99e-01 6.65e-05 4.47e-04 6.57e-06 1.59e-07 0.00e+00 0.00e+00 0.00e+00 0.00e+00 0.00e+00 0.00e+00 0.00e+00
 Phosphorus 0  3.55e-05 8.54e-01 1.44e-01 2.26e-03 2.00e-05 1.02e-06 0.00e+00 0.00e+00 0.00e+00 0.00e+00 0.00e+00 0.00e+00 0.00e+00
 Sulphur    0  3.95e-05 7.36e-01 2.64e-01 1.14e-04 1.46e-05 1.35e-06 0.00e+00 0.00e+00 0.00e+00 0.00e+00 0.00e+00 0.00e+00 0.00e+00
 Chlorine   0  5.28e-05 7.43e-01 2.56e-01 1.88e-04 1.81e-05 1.14e-06 0.00e+00 0.00e+00 0.00e+00 0.00e+00 0.00e+00 0.00e+00 0.00e+00
 Argon      0  1.68e-01 6.85e-01 1.46e-01 7.66e-05 1.11e-05 6.02e-07 0.00e+00 0.00e+00 0.00e+00 0.00e+00 0.00e+00 0.00e+00 0.00e+00
 Potassium  0  3.64e-05 5.39e-01 4.53e-01 1.38e-04 7.95e-03 1.58e-06 0.00e+00 0.00e+00 0.00e+00 0.00e+00 0.00e+00 0.00e+00 0.00e+00
 Calcium    0  2.31e-07 8.66e-03 9.86e-01 5.62e-03 1.61e-04 2.63e-06 0.00e+00 0.00e+00 0.00e+00 0.00e+00 0.00e+00 0.00e+00 0.00e+00
 Scandium   0  1.09e-06 4.11e-02 8.77e-01 7.71e-02 4.86e-03 3.34e-06 2.36e-07 0.00e+00 0.00e+00 0.00e+00 0.00e+00 0.00e+00 0.00e+00
 Titanium   0  1.51e-05 7.10e-01 2.79e-01 3.79e-04 9.87e-03 2.15e-06 3.44e-07 0.00e+00 0.00e+00 0.00e+00 0.00e+00 0.00e+00 0.00e+00
 Vanadium   0  1.44e-04 7.53e-01 2.46e-01 5.44e-05 8.18e-04 1.80e-06 1.65e-07 0.00e+00 0.00e+00 0.00e+00 0.00e+00 0.00e+00 0.00e+00
 Chromium   0  1.34e-05 9.99e-01 1.33e-03 2.38e-05 1.19e-04 7.61e-06 3.89e-07 0.00e+00 0.00e+00 0.00e+00 0.00e+00 0.00e+00 0.00e+00
 Manganese  0  1.52e-04 9.97e-01 2.03e-03 2.60e-05 3.55e-04 6.29e-06 1.53e-06 2.28e-07 0.00e+00 0.00e+00 0.00e+00 0.00e+00 0.00e+00
 Iron       0  3.23e-05 9.99e-01 3.50e-04 9.84e-05 3.22e-05 4.82e-06 1.10e-06 1.36e-07 0.00e+00 0.00e+00 0.00e+00 0.00e+00 0.00e+00
 Cobalt     0  3.44e-04 9.99e-01 3.32e-04 1.20e-04 4.04e-04 3.32e-06 7.50e-07 0.00e+00 0.00e+00 0.00e+00 0.00e+00 0.00e+00 0.00e+00
 Nickel     0  1.46e-04 9.99e-01 2.78e-04 2.35e-05 6.16e-05 2.61e-06 5.28e-07 0.00e+00 0.00e+00 0.00e+00 0.00e+00 0.00e+00 0.00e+00
 Copper     0  9.82e-05 7.44e-01 2.55e-01 3.49e-05 8.93e-06 3.13e-06 7.08e-07 0.00e+00 0.00e+00 0.00e+00 0.00e+00 0.00e+00 0.00e+00
 Zinc       0  6.05e-05 2.22e-01 4.71e-01 2.44e-01 6.27e-02 9.89e-06 2.29e-06 5.10e-07 0.00e+00 0.00e+00 0.00e+00 0.00e+00 0.00e+00
   AGN log nH=2.78 log U=-2.00  
   Calculation stopped because lowest Te reached. Iteration 3 of 3
   The geometry is plane-parallel.
  !Some input lines contained underscores, these were changed to spaces.
  !Suprathermal collisional ionization of H reached 43.52% of the local H ionization rate.
  !Charge transfer H => H+ reached 1288.2% of the local H ionization rate.
  !AGE: Cloud age was not set.  Longest timescale was 4.10e+10 s = 1.30e+03 years.
  !The CMB was not included.  This is added with the CMB command.
  !The radiation pressure jumped by 639% from 1.80e-10 (zone 31) to 1.54e-11 (zone 32) to 1.71e-11 (zone 33)
   Charge transfer heating reached 2.25% of the local heating.
   Destruction of He 2TriS reached 1.0% of the total He0 dest rate at zone 1, 0.6% of that was photoionization.
   The density is too low to l-mix the lowest H  I collapsed level.  More resolved levels are needed for accurate line ratios.
   The density is too low to l-mix the lowest He I collapsed level.  More resolved levels are needed for accurate line ratios.
   Grains were not present but might survive in this environment (energy density temperature was 1.76e+01K)
   The continuum optical depth at the lowest energy considered (3.045e-09 Ryd) was 2.424e+03.
   The ratio of radiation to gas pressure reached 9.61e-02 at zone 31.  Caused by Lyman alpha.

                       *********************************> Cloudy 25.00 <**********************************
                       * title AGN log nH=2.78 log U=-2.00                                               *
                       * hden 2.7777777777777777                                                         *
                       * table AGN                                                                       *
                       * stop efrac 0.01                                                                 *
                       * ionization parameter -2.0                                                       *
                       * abundances GASS                                                                 *
                       * sphere                                                                          *
                       * stop temperature 4000 K                                                         *
                       * stop column density 22                                                          *
                       * iterate to convergence                                                          *
                       * save overview "AGNmodel_nH2.78_Um2.00_temp45000.00.txt"                         *
                       *********************************> Log(U): -2.00 <*********************************

                     Emission Line Spectrum.   Constant  Density Model.  Closed geometry.  Iteration 3 of 3.
                                                     Intensity (erg/s/cm^2).


                                                   Intrinsic line intensities
general properties..............................      Ca A                228.234A    -3.532    0.0032      Ca 5                6086.37A    -3.781    0.0018
Inci                      0      1.341  239.5711      Ca A                1640.41A    -1.065    0.9409      Cl 2                14.3639m    -3.832    0.0016
TotH                      0      0.662   50.2620      Ca A                1215.13A    -1.589    0.2820      Cl 2                8578.70A    -3.448    0.0039
TotC                      0      0.662   50.2520      Ca A                1084.94A    -1.940    0.1256      Cl 2                9123.60A    -4.033    0.0010
BFH1                      0      0.514   35.6787      Ca A                1025.27A    -2.205    0.0682      Cl 3                5537.87A    -2.958    0.0121
BFHe                      0      0.028   11.6549      Ca A                992.358A    -2.418    0.0417      Cl 3                5517.71A    -2.867    0.0149
TotM                      0     -0.637    2.5217      Ca A                972.106A    -2.598    0.0276      Cl 3                3342.80A    -3.816    0.0017
ComH                      0     -3.791    0.0018      Ca A                958.693A    -2.754    0.0193      Cl 4                20.3197m    -2.516    0.0334
CT H                      0     -1.510    0.3383      Ca A                949.323A    -2.891    0.0141      Cl 4                11.7629m    -2.562    0.0300
H FB                      0     -0.686    2.2553      Ca A                942.507A    -3.014    0.0106      Cl 4                7530.54A    -3.044    0.0099
HFBc                      0     -0.686    2.2553      Ca A                937.389A    -3.125    0.0082      Cl 4                8045.62A    -2.680    0.0228
H  1c                     0     -0.870    1.4767      Ca A                933.444A    -3.228    0.0065      Fe 4                3094.96A    -1.930    0.1286
He 1c                     0     -2.022    0.1040      Ca A                930.337A    -3.322    0.0052      Fe 4                2835.74A    -1.416    0.4198
Al 3c                     0     -2.787    0.0179      Ca A                927.846A    -3.410    0.0043      Fe 4                2829.36A    -1.690    0.2231
Al 6c                     0     -2.960    0.0120      Ca A                925.816A    -3.492    0.0035      Fe 4                2823.50A    -2.948    0.0123
Ar 2c                     0     -3.584    0.0029      Ca A                924.142A    -3.569    0.0030      Fe 4                2577.92A    -3.289    0.0056
Ar 3c                     0     -1.503    0.3436      Ca A                922.743A    -3.641    0.0025      Fe 4                2.83562m    -2.811    0.0169
Ar 4c                     0     -1.998    0.1099      Ca A                921.562A    -3.709    0.0021      Fe 4                2.80554m    -3.349    0.0049
Ar 5c                     0     -2.271    0.0587      Ca A                920.556A    -3.774    0.0018      Fe 4                2.86447m    -3.146    0.0078
Ar 6c                     0     -3.336    0.0050      Ca A                919.693A    -3.836    0.0016      Fe 4                2567.61A    -2.330    0.0512
C  2c                     0     -1.988    0.1124      Ca A                918.945A    -3.895    0.0014      Fe 4                2.71569m    -3.446    0.0039
C  3c                     0     -1.063    0.9450      Ca A                918.295A    -3.952    0.0012      Fe 4                2567.40A    -3.081    0.0091
Ca 4c                     0     -2.045    0.0987      Ca A                917.724A    -4.005    0.0011      Fe 4                2.71341m    -3.976    0.0012
Co 2c                     0     -3.776    0.0018      Ca A                4685.68A    -1.779    0.1821      Fe 4                2.77325m    -3.653    0.0024
Cr 2c                     0     -3.827    0.0016      Ca A                3203.08A    -2.174    0.0733      Fe 4                6739.82A    -2.843    0.0157
Fe 2c                     0     -1.268    0.5896      Ca A                2733.28A    -2.465    0.0375      Fe 4                6761.38A    -3.344    0.0050
Fe 3c                     0     -1.352    0.4857      Ca A                2511.19A    -2.694    0.0221      Fe 4                6734.42A    -2.967    0.0118
Fe 7c                     0     -2.012    0.1063      Ca A                2385.39A    -2.884    0.0143      Fe 4                6997.10A    -3.666    0.0024
K  3c                     0     -3.149    0.0078      Ca A                2306.18A    -3.047    0.0098      Fe 4                6792.48A    -3.828    0.0016
K  4c                     0     -3.245    0.0062      Ca A                2252.67A    -3.190    0.0071      Fe 4                5233.76A    -3.427    0.0041
Mg 1c                     0     -2.802    0.0172      Ca A                2214.65A    -3.317    0.0053      Fe 4                5033.59A    -3.769    0.0019
Mn 2c                     0     -3.923    0.0013      Ca A                2186.59A    -3.432    0.0040      Fe 4                4906.56A    -3.121    0.0083
N  1c                     0     -3.562    0.0030      Ca A                2165.23A    -3.537    0.0032      Fe 4                4917.97A    -3.630    0.0026
N  4c                     0     -2.382    0.0454      Ca A                2148.58A    -3.633    0.0025      Fe 4                7222.76A    -3.604    0.0027
N  5c                     0     -3.855    0.0015      Ca A                2135.34A    -3.723    0.0021      Fe 4                4899.97A    -3.463    0.0038
Ne 2c                     0     -3.062    0.0095      Ca A                2124.61A    -3.806    0.0017      Fe 4                4903.07A    -3.443    0.0039
Ne 3c                     0     -0.782    1.8048      Ca A                2115.81A    -3.884    0.0014      Fe 4                7183.99A    -3.792    0.0018
Ne 5c                     0     -1.267    0.5908      Ca A                2108.49A    -3.958    0.0012      Fe 4                4868.16A    -3.586    0.0028
O  1c                     0     -2.382    0.0454      Ca A                2102.33A    -4.027    0.0010      Fe 4                4869.23A    -3.932    0.0013
O  2c                     0     -1.052    0.9695      Ca A                1.01235m    -2.328    0.0513      Fe 4                7191.23A    -3.834    0.0016
O  3c                     0      0.312   22.4263      Ca A                6560.01A    -2.639    0.0251      Fe 4                4867.95A    -3.652    0.0024
O  5c                     0     -3.716    0.0021      Ca A                5411.45A    -2.885    0.0143      Fe 4                4206.59A    -3.707    0.0021
P  2c                     0     -2.984    0.0113      Ca A                4859.26A    -3.086    0.0090      Fe 4                4208.88A    -3.740    0.0020
P  3c                     0     -3.277    0.0058      Ca A                4541.54A    -3.256    0.0061      Fe 4                4144.20A    -3.747    0.0020
S  2c                     0     -1.506    0.3413      Ca A                4338.62A    -3.404    0.0043      Fe 5                70.3538m    -2.310    0.0536
S  3c                     0     -0.687    2.2500      Ca A                4199.78A    -3.536    0.0032      Fe 5                36.3273m    -2.107    0.0855
Si 2c                     0     -1.515    0.3341      Ca A                4099.99A    -3.654    0.0024      Fe 5                25.9131m    -2.211    0.0673
Si 3c                     0     -1.481    0.3609      Ca A                4025.55A    -3.761    0.0019      Fe 5                20.8407m    -2.472    0.0369
Si 4c                     0     -2.175    0.0730      Ca A                3968.39A    -3.860    0.0015      Fe 5                4180.59A    -2.948    0.0123
Al 2c                     0     -2.380    0.0456      Ca A                3923.44A    -3.951    0.0012      Fe 5                4143.15A    -2.691    0.0223
Al 5c                     0     -3.106    0.0086      Ca A                3887.40A    -4.036    0.0010      Fe 5                4227.19A    -1.982    0.1140
C  4c                     0     -1.312    0.5337      Ca A                1.86365m    -2.784    0.0180      Fe 5                4003.21A    -3.644    0.0025
Ca 2c                     0     -2.508    0.0340      Ca A                1.16262m    -3.033    0.0101      Fe 5                4071.24A    -2.712    0.0212
Ca 5c                     0     -2.503    0.0344      Ca A                9344.80A    -3.243    0.0062      Fe 5                3895.22A    -3.080    0.0091
Cl 2c                     0     -3.208    0.0068      Ca A                8236.67A    -3.421    0.0041      Fe 5                3851.34A    -3.347    0.0049
Cl 3c                     0     -2.560    0.0302      Ca A                7592.65A    -3.574    0.0029      Fe 5                3794.94A    -2.758    0.0191
Cl 4c                     0     -2.049    0.0976      Ca A                7177.41A    -3.710    0.0021      Fe 5                3755.70A    -3.039    0.0100
Fe 4c                     0     -1.044    0.9878      Ca A                6890.80A    -3.831    0.0016      Fe 5                3911.33A    -3.597    0.0028
Fe 5c                     0     -1.306    0.5401      Ca A                6683.11A    -3.941    0.0013      Fe 5                3839.27A    -2.730    0.0204
Fe 6c                     0     -1.210    0.6749      Ca A                3.09080m    -3.175    0.0073      Fe 5                3783.22A    -3.141    0.0079
Fe 8c                     0     -3.933    0.0013      Ca A                1.87431m    -3.377    0.0046      Fe 5                3891.28A    -2.907    0.0136
Mg 2c                     0     -1.182    0.7199      Ca A                1.47602m    -3.560    0.0030      Fe 5                3819.95A    -3.578    0.0029
Mg 4c                     0     -1.961    0.1197      Ca A                1.28127m    -3.718    0.0021      Fe 5                2.04669m    -3.866    0.0015
Mg 5c                     0     -1.944    0.1245      Ca A                1.16730m    -3.856    0.0015      Fe 5                3445.62A    -3.483    0.0036
N  2c                     0     -1.498    0.3475      Ca A                1.09334m    -3.981    0.0011      Fe 5                3400.41A    -3.851    0.0015
N  3c                     0     -1.519    0.3309      Ca A                4.76213m    -3.518    0.0033      Fe 5                3463.51A    -3.434    0.0040
Na 3c                     0     -2.953    0.0122      Ca A                2.82519m    -3.685    0.0023      Fe 5                3406.89A    -3.970    0.0012
Na 4c                     0     -2.967    0.0118      Ca A                2.18848m    -3.843    0.0016      Fe 5                2828.24A    -3.522    0.0033
Ne 4c                     0     -1.988    0.1123      Ca A                1.87570m    -3.985    0.0011      Fe 5                2780.40A    -4.018    0.0011
Ne 6c                     0     -2.876    0.0145      Ca A                6.94599m    -3.823    0.0016      Fe 5                2750.88A    -3.829    0.0016
Ni 2c                     0     -2.482    0.0361      Ca A                4.04945m    -3.962    0.0012      Fe 5                2730.21A    -3.739    0.0020
O  4c                     0     -0.456    3.8273      Ca B                1640.41A    -0.932    1.2803      Fe 5                2717.82A    -3.779    0.0018
S  4c                     0     -0.540    3.1528      Ca B                1215.13A    -1.445    0.3925      Fe 5                2707.36A    -3.728    0.0020
Si 6c                     0     -2.982    0.0114      Ca B                1084.94A    -1.794    0.1757      Fe 6                19.5527m    -1.849    0.1547
continua........................................      Ca B                1025.27A    -2.059    0.0955      Fe 6                14.7670m    -2.067    0.0936
Bac                 3646.00A     0.146   15.3036      Ca B                992.358A    -2.273    0.0583      Fe 6                12.3074m    -2.331    0.0511
nFnu                3645.00A     0.259   19.8414      Ca B                972.106A    -2.453    0.0385      Fe 6                5335.18A    -2.516    0.0333
nFnu                3647.00A    -0.382    4.5379      Ca B                958.693A    -2.609    0.0269      Fe 6                5484.84A    -2.771    0.0185
cout                3646.00A     0.146   15.3036      Ca B                949.323A    -2.747    0.0196      Fe 6                5631.07A    -2.668    0.0235
thin                3646.00A     0.146   15.3037      Ca B                942.507A    -2.871    0.0147      Fe 6                5277.81A    -3.020    0.0104
Inci                4860.00A     0.237   18.8576      Ca B                937.389A    -2.983    0.0114      Fe 6                5424.22A    -2.689    0.0224
Inci                1367.00A     0.492   33.9348      Ca B                933.444A    -3.086    0.0090      Fe 6                5676.95A    -2.629    0.0257
Inci                2066.00A     0.402   27.6001      Ca B                930.337A    -3.181    0.0072      Fe 6                5426.64A    -2.959    0.0120
Inci                1215.00A     0.517   35.9875      Ca B                927.846A    -3.269    0.0059      Fe 6                5234.28A    -3.492    0.0035
Ba C                      0     -0.506    3.4135      Ca B                925.816A    -3.351    0.0049      Fe 6                5370.29A    -3.578    0.0029
PA C                      0     -0.925    1.3001      Ca B                924.142A    -3.428    0.0041      Fe 6                5145.75A    -2.319    0.0525
FIR                 83.0000m    -0.411    4.2423      Ca B                922.743A    -3.501    0.0035      Fe 6                4972.47A    -2.335    0.0506
TIR                 1800.00m    -3.056    0.0096      Ca B                921.562A    -3.570    0.0029      Fe 6                5176.04A    -2.372    0.0464
NIRa                2.85000m     0.827   73.4549      Ca B                920.556A    -3.635    0.0025      Fe 6                4967.14A    -2.744    0.0197
NIRb                3.00000m     0.493   34.0298      Ca B                919.693A    -3.697    0.0022      Fe 6                3813.54A    -3.375    0.0046
MIRa                15.0000m     0.354   24.7217      Ca B                918.945A    -3.756    0.0019      Fe 6                3889.40A    -3.173    0.0073
MIRb                22.5000m     0.433   29.6663      Ca B                918.295A    -3.812    0.0017      Fe 6                1.28877m    -3.654    0.0024
NMIR                21.7500m     0.827   73.4549      Ca B                917.724A    -3.866    0.0015      Fe 6                3662.50A    -3.137    0.0080
TFIR                611.250m    -2.446    0.0391      Ca B                4685.68A    -1.751    0.1939      Fe 6                3573.86A    -4.017    0.0011
TALL                10000.0A     1.339  238.7325      Ca B                3203.08A    -2.136    0.0799      Fe 6                3492.10A    -3.768    0.0019
F12                 12.0000m     0.006   11.0901      Ca B                2733.28A    -2.422    0.0414      Fe 6                3555.60A    -3.459    0.0038
F25                 25.0000m    -0.335    5.0563      Ca B                2511.19A    -2.648    0.0246      Fe 6                1.23303m    -3.367    0.0047
F60                 60.0000m    -0.558    3.0274      Ca B                2385.39A    -2.836    0.0159      Fe 6                1.34929m    -3.172    0.0074
F100                100.000m    -0.969    1.1753      Ca B                2306.18A    -2.998    0.0110      Fe 6                1.26742m    -3.542    0.0031
MIPS                24.0000m    -0.376    4.5990      Ca B                2252.67A    -3.140    0.0079      Fe 6                2145.08A    -4.018    0.0010
MIPS                70.0000m    -2.126    0.0818      Ca B                2214.65A    -3.267    0.0059      Fe 8                5.44514m    -3.933    0.0013
MIPS                160.000m    -3.021    0.0104      Ca B                2186.59A    -3.381    0.0045      Mg 2                2802.71A    -1.654    0.2428
IRAC                3.60000m    -0.401    4.3439      Ca B                2165.23A    -3.486    0.0036      Mg 2                2795.53A    -1.358    0.4795
IRAC                4.50000m    -0.370    4.6620      Ca B                2148.58A    -3.582    0.0029      Mg 4                4.48711m    -1.961    0.1197
IRAC                5.80000m    -0.342    4.9751      Ca B                2135.34A    -3.671    0.0023      Mg 4                323.307A    -3.491    0.0035
IRAC                8.00000m    -0.186    7.1233      Ca B                2124.61A    -3.755    0.0019      Mg 4                171.655A    -4.001    0.0011
SPR1                250.000m    -3.279    0.0057      Ca B                2115.81A    -3.833    0.0016      Mg 5                5.60700m    -2.041    0.0996
SPR2                350.000m    -3.397    0.0044      Ca B                2108.49A    -3.906    0.0014      Mg 5                13.5464m    -3.115    0.0084
SPR3                500.000m    -3.454    0.0038      Ca B                2102.33A    -3.976    0.0012      Mg 5                2782.76A    -2.924    0.0130
PAC1                70.0000m    -2.109    0.0851      Ca B                1.01235m    -2.317    0.0527      Mg 5                2928.09A    -3.490    0.0035
PAC2                100.000m    -0.967    1.1788      Ca B                6560.01A    -2.623    0.0261      Mg 5                355.329A    -3.740    0.0020
PAC3                160.000m    -2.833    0.0161      Ca B                5411.45A    -2.866    0.0149      Mg 5                354.221A    -3.948    0.0012
PAH                 3.30000m    -1.261    0.6000      Ca B                4859.26A    -3.065    0.0094      Mg 6                403.307A    -3.905    0.0014
PAHC                3.23000m    -1.432    0.4047      Ca B                4541.54A    -3.234    0.0064      Mg 6                400.662A    -3.966    0.0012
PAHC                3.37000m    -1.576    0.2903      Ca B                4338.62A    -3.381    0.0045      N  2                121.769m    -3.488    0.0036
PAH                 6.20000m    -0.841    1.5776      Ca B                4199.78A    -3.512    0.0034      N  2                6548.05A    -2.117    0.0835
PAHC                5.65000m    -0.781    1.8122      Ca B                4099.99A    -3.630    0.0026      N  2                6583.45A    -1.648    0.2461
PAH                 7.90000m    -0.639    2.5104      Ca B                4025.55A    -3.737    0.0020      N  2                5754.59A    -3.344    0.0049
PAHC                6.90000m    -0.588    2.8212      Ca B                3968.39A    -3.835    0.0016      N  2                2139.01A    -3.660    0.0024
PAH                 11.3000m    -1.388    0.4473      Ca B                3923.44A    -3.926    0.0013      N  2                2142.77A    -3.270    0.0059
PAHC                10.9000m    -1.322    0.5216      Ca B                3887.40A    -4.010    0.0011      N  2                1085.70A    -3.680    0.0023
PAH                 11.8000m    -1.215    0.6667      Ca B                1.86365m    -2.776    0.0183      N  2                1084.58A    -3.764    0.0019
PAHC                12.6500m    -1.331    0.5105      Ca B                1.16262m    -3.024    0.0104      N  2                1085.55A    -3.741    0.0020
PAH                 13.3000m    -1.365    0.4721      Ca B                9344.80A    -3.233    0.0064      N  2                1083.99A    -3.766    0.0019
PAHC                14.1000m    -1.287    0.5646      Ca B                8236.67A    -3.409    0.0043      N  2                1084.56A    -3.868    0.0015
Bcon                3640.00A     0.917   90.4007      Ca B                7592.65A    -3.562    0.0030      N  2                915.612A    -3.753    0.0019
Pcon                5000.00A     0.636   47.2943      Ca B                7177.41A    -3.696    0.0022      N  2                916.020A    -3.919    0.0013
O3bn                5007.00A     0.116   14.2723      Ca B                6890.80A    -3.817    0.0017      N  2                916.710A    -3.856    0.0015
SX                  25.0000A    -0.547    3.1051      Ca B                6683.11A    -3.927    0.0013      N  2                916.012A    -3.854    0.0015
HX                  4.70000A    -0.330    5.1108      Ca B                6527.01A    -4.027    0.0010      N  2                916.701A    -3.620    0.0026
ROSA                12.3980A    -0.333    5.0843      Ca B                3.09080m    -3.168    0.0074      N  2                915.962A    -3.692    0.0022
HFFc                      0     -0.781    1.8122      Ca B                1.87431m    -3.371    0.0047      N  3                57.3238m    -1.590    0.2811
H FF                      0     -0.837    1.5925      Ca B                1.47602m    -3.552    0.0031      N  3                1748.65A    -3.322    0.0052
HeFF                      0     -1.716    0.2105      Ca B                1.28127m    -3.710    0.0021      N  3                1753.99A    -3.306    0.0054
MeFB                      0     -2.458    0.0381      Ca B                1.16730m    -3.848    0.0016      N  3                1746.82A    -3.679    0.0023
MeFF                      0     -3.103    0.0086      Ca B                1.09334m    -3.971    0.0012      N  3                1752.16A    -2.839    0.0158
ToFF                      0     -0.781    1.8116      Ca B                4.76213m    -3.511    0.0034      N  3                1749.67A    -2.741    0.0198
nFnu                6915.34m    -3.997    0.0011      Ca B                2.82519m    -3.679    0.0023      N  3                989.799A    -3.680    0.0023
nFnu                122.367m    -2.527    0.0325      Ca B                2.18848m    -3.838    0.0016      N  3                991.511A    -3.420    0.0042
nInu                122.367m    -3.569    0.0029      Ca B                1.87570m    -3.979    0.0011      N  3                991.577A    -3.486    0.0036
nFnu                60.8157m    -2.282    0.0572      Ca B                6.94599m    -3.816    0.0017      N  3                763.334A    -3.902    0.0014
nInu                60.8157m    -2.510    0.0338      Ca B                4.04945m    -3.956    0.0012      N  3                764.351A    -3.438    0.0040
nFnu                41.2039m    -2.137    0.0798      He 2                607.571A    -0.446    3.9190      N  3                685.515A    -3.684    0.0023
nInu                41.2039m    -1.918    0.1322      He 2                303.784A    -0.137    7.9819      N  3                686.336A    -3.394    0.0044
nFnu                30.8611m    -2.033    0.1014      He 2                256.317A    -3.216    0.0067      N  3                684.998A    -3.879    0.0014
nInu                30.8611m    -1.477    0.3647      He 2                243.027A    -3.360    0.0048      N  3                685.817A    -3.301    0.0055
nFnu                24.7761m    -1.954    0.1216      He 2                237.331A    -3.427    0.0041      N  3                451.871A    -3.887    0.0014
nInu                24.7761m    -1.143    0.7875      He 2                234.347A    -3.467    0.0037      N  3                452.227A    -3.409    0.0043
nFnu                24.2932m    -1.947    0.1236      He 2                232.584A    -3.493    0.0035      Na 3                7.31570m    -2.952    0.0122
nInu                24.2932m    -1.112    0.8446      He 2                231.454A    -3.508    0.0034      Na 3                380.100A    -3.792    0.0018
nFnu                22.8240m    -1.924    0.1302      He 2                230.686A    -3.534    0.0032      Na 3                268.625A    -4.017    0.0011
nInu                22.8240m    -1.021    1.0420      He 2                230.139A    -3.550    0.0031      Na 3                267.871A    -4.038    0.0010
nFnu                21.4141m    -1.903    0.1369      He 2                229.736A    -3.628    0.0026      Na 3                250.517A    -3.890    0.0014
nInu                21.4141m    -0.925    1.3005      He 2                229.431A    -3.638    0.0025      Na 4                9.03096m    -3.116    0.0084
nFnu                21.1177m    -1.897    0.1387      He 2                229.194A    -3.650    0.0024      Na 4                3241.50A    -3.711    0.0021
nInu                21.1177m    -0.899    1.3786      He 2                229.006A    -3.662    0.0024      Na 4                412.244A    -3.973    0.0012
nFnu                19.6146m    -1.869    0.1478      He 2                228.855A    -3.674    0.0023      Na 5                463.270A    -3.972    0.0012
nInu                19.6146m    -0.788    1.7819      He 2                228.731A    -3.685    0.0023      Ne 4                2421.66A    -2.379    0.0457
nFnu                17.6486m    -1.831    0.1614      He 2                228.629A    -3.694    0.0022      Ne 4                2424.28A    -2.231    0.0643
nInu                17.6486m    -0.631    2.5582      He 2                228.543A    -3.701    0.0022      Ne 4                1601.45A    -3.904    0.0014
nFnu                17.3653m    -1.825    0.1635      He 2                228.471A    -3.706    0.0021      Ne 4                541.126A    -3.569    0.0029
nInu                17.3653m    -0.606    2.7118      He 2                228.409A    -3.708    0.0021      Ne 4                542.076A    -3.539    0.0032
nFnu                15.6859m    -1.790    0.1773      He 2                228.356A    -3.704    0.0022      Ne 4                543.886A    -3.522    0.0033
nInu                15.6859m    -0.449    3.8932      He 2                1640.41A    -0.959    1.2023      Ne 4                208.903A    -3.840    0.0016
nFnu                14.5997m    -1.763    0.1889      He 2                1215.13A    -1.431    0.4050      Ne 4                208.737A    -3.760    0.0019
nInu                14.5997m    -0.342    4.9738      He 2                1084.94A    -1.768    0.1864      Ne 6                7.65019m    -2.876    0.0146
nFnu                12.4266m    -1.700    0.2180      He 2                1025.27A    -2.028    0.1027      Ni 2                1.19102m    -3.401    0.0043
nInu                12.4266m    -0.094    8.8090      He 2                992.358A    -2.238    0.0633      Ni 2                6.63416m    -3.438    0.0040
nFnu                11.3969m    -1.671    0.2331      He 2                972.106A    -2.414    0.0421      Ni 2                1.07151m    -3.984    0.0011
nInu                11.3969m     0.038   11.9300      He 2                958.693A    -2.567    0.0297      Ni 2                10.6793m    -3.621    0.0026
nFnu                10.4572m    -1.636    0.2528      He 2                949.323A    -2.700    0.0218      Ni 2                7377.83A    -2.953    0.0122
nInu                10.4572m     0.169   16.1568      He 2                942.507A    -2.570    0.0294      Ni 2                1.93877m    -3.661    0.0024
nFnu                9.47744m    -1.604    0.2721      He 2                937.389A    -2.665    0.0237      O  4                25.8863m    -0.457    3.8146
nInu                9.47744m     0.237   18.8587      He 2                933.444A    -2.752    0.0194      O  4                1399.78A    -3.808    0.0017
nFnu                9.32234m    -1.599    0.2756      He 2                930.337A    -2.832    0.0161      O  4                1407.38A    -3.813    0.0017
nInu                9.32234m     0.237   18.8587      He 2                927.846A    -2.905    0.0136      O  4                1404.81A    -3.386    0.0045
nFnu                8.20812m    -1.548    0.3093      He 2                925.816A    -2.974    0.0116      O  4                1401.16A    -3.415    0.0042
nInu                8.20812m     0.237   18.8587      He 2                924.142A    -3.037    0.0100      O  4                787.710A    -3.784    0.0018
nFnu                7.57793m    -1.523    0.3281      He 2                922.743A    -3.095    0.0088      O  4                790.114A    -3.417    0.0042
nInu                7.57793m     0.237   18.8586      He 2                921.562A    -3.148    0.0078      O  4                790.201A    -3.582    0.0029
nFnu                7.04834m    -1.487    0.3562      He 2                920.556A    -3.195    0.0070      O  4                609.830A    -3.194    0.0070
nInu                7.04834m     0.237   18.8586      He 2                919.693A    -3.234    0.0064      O  4                554.076A    -3.717    0.0021
nFnu                4.11258m    -1.279    0.5749      He 2                4685.68A    -1.845    0.1563      O  4                555.264A    -3.044    0.0099
nInu                4.11258m     0.237   18.8584      He 2                3203.08A    -2.168    0.0743      O  4                554.514A    -3.064    0.0094
nFnu                2.32377m    -1.092    0.8846      He 2                2733.28A    -2.431    0.0405      O  6                1037.61A    -3.795    0.0018
nInu                2.32377m     0.237   18.8582      He 2                2511.19A    -2.647    0.0247      O  6                1031.91A    -3.721    0.0021
nFnu                1.64268m    -0.948    1.2334      He 2                2385.39A    -2.828    0.0162      P  5                1117.98A    -3.989    0.0011
nInu                1.64268m     0.237   18.8581      He 2                2306.18A    -2.985    0.0113      S  4                10.5076m    -0.541    3.1461
nFnu                1.47981m    -0.934    1.2734      He 2                2252.67A    -3.122    0.0083      S  4                1416.89A    -3.691    0.0022
nInu                1.47981m     0.237   18.8580      He 2                2214.65A    -3.085    0.0090      S  4                1406.02A    -3.651    0.0024
nFnu                1.43610m    -0.778    1.8226      He 2                2186.59A    -3.180    0.0072      S  4                1073.52A    -3.880    0.0014
nInu                1.43610m     0.237   18.8579      He 2                2165.23A    -3.266    0.0059      S  4                1072.97A    -3.980    0.0011
nFnu                1.11836m    -0.756    1.9161      He 2                2148.58A    -3.346    0.0049      S  4                815.941A    -3.585    0.0028
nInu                1.11836m     0.237   18.8576      He 2                2135.34A    -3.420    0.0042      S  4                753.760A    -3.387    0.0045
nFnu                8327.39A    -0.739    1.9961      He 2                2124.61A    -3.488    0.0036      S  4                750.221A    -3.377    0.0046
nInu                8327.39A     0.237   18.8575      He 2                2115.81A    -3.551    0.0031      S  4                657.319A    -3.966    0.0012
nFnu                8076.39A    -0.418    4.1805      He 2                2108.49A    -3.609    0.0027      S  4                661.455A    -3.251    0.0061
nInu                8076.39A     0.237   18.8574      He 2                2102.33A    -3.662    0.0024      S  4                661.396A    -3.797    0.0017
nFnu                6207.94A    -0.443    3.9442      He 2                2097.10A    -3.709    0.0021      S  4                554.027A    -3.546    0.0031
nInu                6207.94A     0.237   18.8574      He 2                2092.63A    -3.747    0.0020      S  6                944.523A    -3.863    0.0015
nFnu                4884.00A    -0.446    3.9136      He 2                1.01235m    -2.461    0.0379      S  6                933.378A    -3.783    0.0018
nInu                4884.00A     0.237   18.8574      He 2                6560.01A    -2.698    0.0219      Si 6                1.96247m    -2.982    0.0114
nFnu                3703.28A    -0.406    4.2902      He 2                5411.45A    -2.913    0.0134      Si 6                249.124A    -3.979    0.0011
nInu                3703.28A     0.275   20.6135      He 2                4859.26A    -3.097    0.0087      level 1 lines...................................
nFnu                3586.64A     0.251   19.5004      He 2                4541.54A    -3.257    0.0061      recombination...................................
nInu                3586.64A     0.282   20.9251      He 2                4338.62A    -3.397    0.0044      C  2                4267.00A    -3.797    0.0017
nFnu                2429.31A     0.046   12.1517      He 2                4199.78A    -3.455    0.0038      C  2                1761.00A    -3.847    0.0016
nInu                2429.31A     0.366   25.4212      He 2                4099.99A    -3.548    0.0031      C  2                1335.00A    -2.042    0.0994
nFnu                2391.30A     0.043   12.0629      He 2                4025.55A    -3.635    0.0025      C  3                4069.00A    -3.841    0.0016
nInu                2391.30A     0.370   25.6341      He 2                3968.39A    -3.714    0.0021      C  3                1923.00A    -3.177    0.0073
nFnu                2070.68A     0.050   12.2596      He 2                3923.44A    -3.788    0.0018      C  3                4649.00A    -3.862    0.0015
nInu                2070.68A     0.401   27.5400      He 2                3887.40A    -3.856    0.0015      C  3                2163.00A    -4.002    0.0011
nFnu                2052.02A     0.068   12.7778      He 2                3858.03A    -3.919    0.0013      C  4                2529.00A    -3.897    0.0014
nInu                2052.02A     0.403   27.6782      He 2                3833.76A    -3.977    0.0012      C  4                1549.00A    -3.124    0.0082
nFnu                1793.44A     0.131   14.7723      He 2                3813.45A    -4.029    0.0010      N  2                1742.00A    -3.793    0.0018
nInu                1793.44A     0.432   29.5877      He 2                1.86365m    -2.962    0.0119      N  3                1885.00A    -3.718    0.0021
nFnu                1585.12A     0.162   15.8958      He 2                1.16262m    -3.140    0.0079      O  2                4094.00A    -3.935    0.0013
nInu                1585.12A     0.460   31.5211      He 2                9344.80A    -3.317    0.0053      O  2                4075.00A    -3.578    0.0029
nFnu                1458.33A     0.166   16.0460      He 2                8236.67A    -3.476    0.0037      O  2                4111.00A    -3.886    0.0014
nInu                1458.33A     0.478   32.8630      He 2                7592.65A    -3.616    0.0026      O  2                4651.00A    -3.353    0.0048
nFnu                1356.96A     0.128   14.6890      He 2                7177.41A    -3.744    0.0020      O  2                4341.00A    -3.630    0.0026
nInu                1356.96A     0.493   34.0349      He 2                6890.80A    -3.837    0.0016      O  3                3265.00A    -3.529    0.0032
nFnu                1297.29A     0.029   11.6820      He 2                6683.11A    -3.922    0.0013      O  3                3762.00A    -3.796    0.0017
nInu                1297.29A     0.503   34.8392      He 2                6527.01A    -4.001    0.0011      O  4                1068.00A    -3.889    0.0014
nFnu                1262.79A    -0.121    8.2822      He 2                3.09080m    -3.390    0.0045      C  2                1167.50A    -3.708    0.0021
nInu                1262.79A     0.509   35.3073      He 2                1.87431m    -3.525    0.0033      C  2                1092.50A    -3.100    0.0087
nFnu                1218.08A    -0.854    1.5303      He 2                1.47602m    -3.672    0.0023      C  2                1036.80A    -2.711    0.0213
nInu                1218.08A     0.517   35.9611      He 2                1.28127m    -3.809    0.0017      C  2                946.100A    -2.771    0.0185
nFnu                1196.33A    -0.844    1.5681      He 2                1.16730m    -3.982    0.0011      C  2                799.800A    -1.886    0.1423
nInu                1196.33A     0.521   36.2620      He 2                4.76213m    -3.764    0.0019      C  3                2512.20A    -3.744    0.0020
nFnu                1175.06A    -0.832    1.6090      He 2                2.82519m    -3.867    0.0015      C  3                2296.90A    -2.695    0.0221
nInu                1175.06A     0.524   36.5657      He 2                2.18848m    -3.990    0.0011      C  3                2296.10A    -3.939    0.0013
nFnu                1143.64A    -0.811    1.6905      He-like iso-sequence............................      C  3                2200.40A    -3.769    0.0019
nInu                1143.64A     0.531   37.1186      He 1                1202.81A    -0.938    1.2609      C  3                2114.30A    -3.856    0.0015
nFnu                1113.22A    -0.791    1.7708      He 1                591.412A    -3.369    0.0047      C  3                2017.40A    -3.541    0.0031
nInu                1113.22A     0.536   37.6172      Blnd                591.412A    -3.367    0.0047      C  3                1923.30A    -3.929    0.0013
nFnu                1103.23A    -0.786    1.7919      He 1                584.334A    -2.036    0.1006      C  3                1828.00A    -2.734    0.0202
nInu                1103.23A     0.538   37.7429      He 1                537.030A    -3.092    0.0088      C  3                1796.80A    -3.886    0.0014
nFnu                1073.86A    -0.764    1.8814      He 1                522.213A    -3.226    0.0065      C  3                1701.60A    -4.038    0.0010
nInu                1073.86A     0.544   38.2445      He 1                515.617A    -3.300    0.0055      C  3                1633.60A    -3.959    0.0012
nFnu                1064.34A    -0.756    1.9160      He 1                512.099A    -3.353    0.0049      C  3                1577.10A    -2.675    0.0231
nInu                1064.34A     0.546   38.4363      He 1                625.563A    -0.539    3.1611      C  3                1548.90A    -3.838    0.0016
nFnu                1035.92A    -0.735    2.0122      He 1                510.018A    -3.589    0.0028      C  3                1491.20A    -3.715    0.0021
nInu                1035.92A     0.552   38.9523      He 1                508.657A    -3.604    0.0027      C  3                1478.10A    -3.712    0.0021
nFnu                1000.00A    -0.706    2.1525      He 1                507.727A    -3.654    0.0024      C  3                1296.30A    -3.822    0.0016
nInu                1000.00A     0.560   39.6714      He 1                507.065A    -3.634    0.0025      C  3                1247.40A    -3.186    0.0071
nFnu                925.144A    -0.646    2.4703      He 1                506.576A    -3.649    0.0025      C  3                1175.70A    -2.516    0.0334
nInu                925.144A     0.576   41.2228      He 1                506.204A    -3.668    0.0024      C  3                977.000A    -2.179    0.0725
nFnu                496.874A    -3.924    0.0013      He 1                505.916A    -3.687    0.0022      C  3                574.300A    -3.262    0.0060
RRC.............................................      He 1                505.687A    -3.707    0.0021      C  3                538.200A    -3.261    0.0060
H  1                3645.98A    -0.919    1.3168      He 1                505.502A    -3.727    0.0020      C  3                511.500A    -3.232    0.0064
H  1                3645.98A    -0.578    2.8869      He 1                505.352A    -3.749    0.0020      C  3                493.500A    -2.941    0.0125
H  1                8203.57A    -1.650    0.2448      He 1                505.227A    -3.770    0.0019      C  3                492.600A    -3.083    0.0090
H  1                8203.57A    -1.262    0.5983      He 1                505.122A    -3.791    0.0018      C  3                483.700A    -3.102    0.0086
H  1                8203.57A    -1.373    0.4637      He 1                505.033A    -3.812    0.0017      C  3                476.000A    -2.940    0.0125
H  1                1.45842m    -2.133    0.0805      He 1                504.958A    -3.898    0.0014      C  3                459.600A    -2.050    0.0974
H  1                1.45842m    -1.739    0.1996      He 1                504.893A    -3.896    0.0014      C  3                450.700A    -3.223    0.0065
H  1                1.45842m    -1.743    0.1976      He 1                504.836A    -3.876    0.0015      C  3                433.300A    -3.266    0.0059
H  1                1.45842m    -2.092    0.0885      He 1                504.787A    -3.935    0.0013      C  3                411.700A    -2.072    0.0927
H  1                2.27878m    -2.488    0.0356      He 1                504.744A    -3.894    0.0014      C  3                398.400A    -2.256    0.0607
H  1                2.27878m    -2.094    0.0881      He 1                504.706A    -3.829    0.0016      C  3                371.700A    -2.928    0.0129
H  1                2.27878m    -2.066    0.0939      He 1                504.672A    -3.057    0.0096      N  2                1085.10A    -3.154    0.0077
H  1                2.27878m    -2.270    0.0588      He 1                1.08291m    -2.677    0.0230      N  2                916.300A    -3.570    0.0029
H  1                2.27878m    -2.772    0.0185      He 1                1.08302m    -2.134    0.0804      N  2                646.400A    -3.215    0.0067
H  1                3.28145m    -2.766    0.0188      He 1                1.08303m    -1.836    0.1594      N  3                2188.10A    -3.876    0.0015
H  1                3.28145m    -2.374    0.0463      Blnd                1.08302m    -1.619    0.2628      N  3                2064.30A    -3.453    0.0039
H  1                3.28145m    -2.334    0.0507      He 1                3888.64A    -2.245    0.0622      N  3                1498.30A    -3.928    0.0013
H  1                3.28145m    -2.484    0.0359      He 1                3187.74A    -2.597    0.0277      N  3                991.000A    -2.253    0.0611
H  1                3.28145m    -2.813    0.0168      He 1                2945.10A    -2.880    0.0144      N  3                782.900A    -3.225    0.0065
H  1                3.28145m    -3.417    0.0042      He 1                2829.08A    -3.115    0.0084      N  3                764.000A    -2.787    0.0178
H  1                4.46642m    -2.994    0.0111      He 1                2760.44A    -3.749    0.0019      N  3                685.700A    -3.035    0.0101
H  1                4.46642m    -2.603    0.0273      He 1                2721.00A    -3.876    0.0015      N  3                472.300A    -3.330    0.0051
H  1                4.46642m    -2.559    0.0302      He 1                2694.61A    -3.996    0.0011      N  3                418.800A    -2.755    0.0192
H  1                4.46642m    -2.683    0.0227      He 1                2.05813m    -2.963    0.0119      N  3                411.300A    -3.311    0.0053
H  1                4.46642m    -2.943    0.0125      He 1                5015.68A    -2.740    0.0199      N  3                391.300A    -3.155    0.0076
H  1                4.46642m    -3.355    0.0048      He 1                3964.73A    -3.129    0.0081      N  3                387.400A    -2.683    0.0227
H  1                4.46642m    -4.028    0.0010      He 1                3613.64A    -3.434    0.0040      N  3                374.400A    -2.846    0.0156
H  1                5.83369m    -3.186    0.0071      He 1                3447.59A    -3.686    0.0023      N  3                348.700A    -2.093    0.0883
H  1                5.83369m    -2.797    0.0174      He 1                7065.71A    -3.422    0.0041      N  3                340.200A    -2.432    0.0405
H  1                5.83369m    -2.751    0.0194      He 1                7065.21A    -2.945    0.0124      N  3                323.300A    -3.078    0.0091
H  1                5.83369m    -2.862    0.0150      He 1                7065.18A    -2.723    0.0207      N  3                311.600A    -3.269    0.0059
H  1                5.83369m    -3.086    0.0090      Blnd                7065.25A    -2.468    0.0372      N  4                765.100A    -3.808    0.0017
H  1                5.83369m    -3.415    0.0042      He 1                5875.98A    -3.045    0.0099      N  4                283.500A    -3.703    0.0022
H  1                5.83369m    -3.882    0.0014      He 1                5875.64A    -2.568    0.0296      N  4                239.600A    -3.960    0.0012
H  1                7.38326m    -3.354    0.0048      He 1                5875.61A    -2.346    0.0493      N  4                225.300A    -3.644    0.0025
H  1                7.38326m    -2.966    0.0118      Blnd                5875.66A    -2.090    0.0888      O  2                386.300A    -2.310    0.0535
H  1                7.38326m    -2.918    0.0132      He 1                4713.16A    -3.877    0.0015      O  2                385.700A    -2.487    0.0357
H  1                7.38326m    -3.022    0.0104      He 1                4713.14A    -3.655    0.0024      O  3                1947.20A    -3.827    0.0016
H  1                7.38326m    -3.226    0.0065      Blnd                4713.17A    -3.400    0.0044      O  3                834.500A    -2.125    0.0820
H  1                7.38326m    -3.510    0.0034      He 1                4471.69A    -3.466    0.0037      O  3                703.400A    -2.474    0.0367
H  1                7.38326m    -3.883    0.0014      He 1                4471.49A    -2.989    0.0112      O  3                599.600A    -2.988    0.0112
H  1                9.11514m    -3.501    0.0035      He 1                4471.47A    -2.767    0.0187      O  3                541.600A    -2.901    0.0137
H  1                9.11514m    -3.114    0.0084      Blnd                4471.50A    -2.512    0.0336      O  3                374.100A    -2.587    0.0283
H  1                9.11514m    -3.066    0.0094      Blnd                4120.84A    -3.873    0.0015      O  3                320.700A    -2.588    0.0282
H  1                9.11514m    -3.166    0.0075      He 1                4026.36A    -3.786    0.0018      O  3                300.500A    -1.951    0.1225
H  1                9.11514m    -3.357    0.0048      He 1                4026.20A    -3.309    0.0054      O  3                299.300A    -2.360    0.0477
H  1                9.11514m    -3.614    0.0027      He 1                4026.19A    -3.087    0.0090      O  4                1341.80A    -3.808    0.0017
H  1                9.11514m    -3.935    0.0013      Blnd                4026.21A    -2.832    0.0161      O  4                1289.40A    -3.957    0.0012
H  1                11.0293m    -2.581    0.0287      He 1                3819.61A    -3.568    0.0030      O  4                922.700A    -3.881    0.0014
H  1                13.1258m    -2.693    0.0222      He 1                3819.60A    -3.346    0.0049      O  4                844.400A    -3.540    0.0032
H  1                15.4046m    -2.796    0.0175      Blnd                3819.62A    -3.091    0.0089      O  4                789.400A    -2.257    0.0605
H  1                17.8657m    -2.892    0.0140      He 1                3704.90A    -3.985    0.0011      O  4                779.900A    -2.836    0.0160
H  1                20.5091m    -2.982    0.0114      He 1                3704.76A    -3.507    0.0034      O  4                713.000A    -3.883    0.0014
H  1                23.3348m    -3.065    0.0094      He 1                3704.75A    -3.286    0.0057      O  4                703.900A    -3.977    0.0012
H  1                26.3428m    -3.144    0.0079      Blnd                3704.77A    -3.030    0.0102      O  4                636.500A    -3.938    0.0013
H  1                29.5331m    -3.218    0.0066      He 1                3634.08A    -3.672    0.0023      O  4                617.000A    -3.367    0.0047
H  1                32.9057m    -3.288    0.0056      He 1                3634.07A    -3.450    0.0039      O  4                609.400A    -3.210    0.0067
H  1                36.4606m    -3.355    0.0048      Blnd                3634.09A    -3.195    0.0070      O  4                554.400A    -2.803    0.0172
H  1                40.1978m    -3.418    0.0042      He 1                3587.16A    -3.816    0.0017      O  4                487.000A    -4.017    0.0011
H  1                44.1173m    -3.478    0.0036      He 1                3587.15A    -3.594    0.0028      O  4                379.800A    -3.635    0.0025
H  1                48.2191m    -3.536    0.0032      Blnd                3587.17A    -3.339    0.0050      O  4                306.700A    -3.877    0.0015
H  1                52.5033m    -3.591    0.0028      He 1                3554.34A    -3.944    0.0012      O  4                289.900A    -3.962    0.0012
H  1                56.9697m    -2.424    0.0412      He 1                3554.33A    -3.722    0.0021      O  4                288.500A    -3.383    0.0045
He 2                2049.91A    -2.354    0.0484      Blnd                3554.35A    -3.467    0.0037      O  4                285.800A    -3.601    0.0027
He 2                2049.91A    -1.890    0.1409      He 1                3530.43A    -3.839    0.0016      O  4                279.800A    -3.890    0.0014
He 2                2049.91A    -1.886    0.1423      Blnd                3530.44A    -3.584    0.0029      O  4                276.100A    -3.546    0.0031
He 2                3644.44A    -2.892    0.0140      He 1                3512.46A    -3.945    0.0012      O  4                273.500A    -3.611    0.0027
He 2                3644.44A    -2.419    0.0417      Blnd                3512.48A    -3.690    0.0022      O  4                267.000A    -3.472    0.0037
He 2                3644.44A    -2.300    0.0548      Blnd                3498.62A    -3.787    0.0018      O  4                265.500A    -2.493    0.0351
He 2                3644.44A    -2.518    0.0332      Blnd                3487.70A    -3.877    0.0015      O  4                260.500A    -2.825    0.0163
He 2                5694.49A    -3.295    0.0056      Blnd                3478.95A    -3.960    0.0012      O  4                258.600A    -3.470    0.0037
He 2                5694.49A    -2.820    0.0165      Blnd                3471.81A    -4.037    0.0010      O  4                252.500A    -3.466    0.0037
He 2                5694.49A    -2.665    0.0237      He 1                3439.98A    -3.873    0.0015      O  4                250.300A    -3.472    0.0037
He 2                5694.49A    -2.728    0.0205      Blnd                3440.00A    -3.617    0.0026      O  4                238.500A    -3.382    0.0045
He 2                5694.49A    -3.105    0.0086      He 1                7281.35A    -3.319    0.0052      O  4                224.100A    -2.851    0.0154
He 2                8200.12A    -3.612    0.0027      He 1                6678.15A    -2.660    0.0239      O  4                216.200A    -3.595    0.0028
He 2                8200.12A    -3.138    0.0080      He 1                5047.74A    -3.901    0.0014      O  4                213.000A    -3.206    0.0068
He 2                8200.12A    -2.968    0.0118      He 1                4921.93A    -3.089    0.0089      O  4                211.300A    -3.222    0.0066
He 2                8200.12A    -2.972    0.0117      He 1                4387.93A    -3.408    0.0043      O  4                207.200A    -3.141    0.0079
He 2                8200.12A    -3.170    0.0074      He 1                4143.76A    -3.665    0.0024      O  4                203.000A    -3.527    0.0033
He 2                8200.12A    -3.668    0.0024      He 1                4009.05A    -3.667    0.0024      O  4                200.800A    -2.174    0.0733
He 2                1.11613m    -3.871    0.0015      He 1                3926.41A    -3.833    0.0016      O  4                196.400A    -2.540    0.0316
He 2                1.11613m    -3.399    0.0044      He 1                3871.69A    -3.979    0.0011      O  4                188.200A    -3.549    0.0031
He 2                1.11613m    -3.222    0.0066      He 1                4.29471m    -3.520    0.0033      O  4                182.800A    -3.376    0.0046
He 2                1.11613m    -3.198    0.0069      He 1                1.25275m    -3.727    0.0021      O  4                171.100A    -3.564    0.0030
He 2                1.11613m    -3.320    0.0052      He 1                9463.58A    -3.924    0.0013      O  4                158.600A    -2.528    0.0325
He 2                1.11613m    -3.621    0.0026      He 1                1.70025m    -3.663    0.0024      level2 lines....................................
He 2                1.45781m    -3.619    0.0026      He 1                1.19691m    -3.828    0.0016      C  2                596.559A    -3.668    0.0023
He 2                1.45781m    -3.439    0.0040      He 1                1.03113m    -4.031    0.0010      C  2                561.959A    -3.708    0.0021
He 2                1.45781m    -3.399    0.0044      He 1                9515.00A    -3.917    0.0013      C  2                530.721A    -3.728    0.0020
He 2                1.45781m    -3.482    0.0036      He 1                1.95431m    -3.961    0.0012      C  2                544.909A    -3.743    0.0020
He 2                1.45781m    -3.696    0.0022      He 1                1.86854m    -3.053    0.0097      C  2                535.300A    -3.754    0.0019
He 2                1.84504m    -3.807    0.0017      He 1                1.27849m    -3.384    0.0045      C  2                550.361A    -3.823    0.0016
He 2                1.84504m    -3.626    0.0026      He 1                1.09130m    -3.652    0.0024      C  2                467.460A    -3.887    0.0014
He 2                1.84504m    -3.578    0.0029      He 1                1.00275m    -3.847    0.0016      C  2                424.791A    -3.988    0.0011
He 2                1.84504m    -3.638    0.0025      He 1                9526.01A    -4.020    0.0010      C  3                271.090A    -3.536    0.0032
He 2                1.84504m    -3.803    0.0017      He 1                1.86972m    -3.534    0.0032      C  3                268.600A    -3.554    0.0031
He 2                2.27783m    -3.973    0.0012      He 1                1.27905m    -3.864    0.0015      C  3                266.880A    -3.573    0.0029
He 2                2.27783m    -3.791    0.0018      He 1                4.04791m    -3.773    0.0018      C  3                288.500A    -3.578    0.0029
He 2                2.27783m    -3.738    0.0020      Ca B                2945.10A    -2.848    0.0155      C  4                223.140A    -3.540    0.0032
He 2                2.27783m    -3.783    0.0018      Ca B                3187.74A    -2.526    0.0326      C  4                212.750A    -3.701    0.0022
He 2                2.27783m    -3.919    0.0013      Ca B                3613.64A    -3.436    0.0040      C  4                206.950A    -3.793    0.0018
He 2                2.75620m    -3.174    0.0073      Ca B                3888.64A    -2.119    0.0831      C  4                203.370A    -3.877    0.0015
He 2                3.28011m    -3.286    0.0057      Ca B                3964.73A    -3.128    0.0081      C  4                200.980A    -3.943    0.0012
He 2                3.84958m    -3.389    0.0045      Ca B                4026.20A    -2.824    0.0164      C  4                199.320A    -4.015    0.0011
He 2                4.46460m    -3.484    0.0036      Ca B                4120.82A    -3.861    0.0015      N  1                942.258A    -3.832    0.0016
He 2                5.12518m    -3.573    0.0029      Ca B                4387.93A    -3.398    0.0044      N  2                532.161A    -3.761    0.0019
He 2                5.83131m    -3.657    0.0024      Ca B                4471.49A    -2.500    0.0346      N  2                634.441A    -3.867    0.0015
He 2                6.58301m    -3.735    0.0020      Ca B                4713.16A    -3.440    0.0040      N  2                475.141A    -3.835    0.0016
He 2                7.38026m    -3.809    0.0017      Ca B                4921.93A    -3.067    0.0094      N  2                528.139A    -3.897    0.0014
He 2                8.22307m    -3.879    0.0014      Ca B                5015.68A    -2.726    0.0205      N  2                452.970A    -3.957    0.0012
He 2                9.11143m    -3.945    0.0012      Ca B                5047.74A    -3.870    0.0015      N  2                441.950A    -4.013    0.0011
He 2                10.0454m    -4.008    0.0011      Ca B                5875.64A    -2.050    0.0974      N  2                474.291A    -4.005    0.0011
He 2                14.2366m    -2.972    0.0117      Ca B                6678.15A    -2.598    0.0276      N  3                293.510A    -3.541    0.0031
He 1                2599.69A    -2.128    0.0815      Ca B                7065.21A    -2.714    0.0211      N  3                283.090A    -3.574    0.0029
He 1                3120.85A    -2.640    0.0251      Ca B                7281.35A    -3.291    0.0056      N  3                264.550A    -3.588    0.0028
He 1                3421.00A    -2.636    0.0253      Ca B                1.08302m    -1.455    0.3832      N  3                277.180A    -3.599    0.0028
He 1                3420.88A    -2.159    0.0759      Ca B                1.19691m    -3.821    0.0017      N  3                312.110A    -3.600    0.0027
He 1                3420.88A    -1.937    0.1265      Ca B                1.25275m    -4.020    0.0010      N  3                273.490A    -3.623    0.0026
He 1                3678.70A    -2.358    0.0480      Ca B                1.27849m    -3.320    0.0052      N  3                267.450A    -3.642    0.0025
He 1                6632.16A    -3.027    0.0103      Ca B                1.27905m    -3.792    0.0018      N  3                248.910A    -3.669    0.0023
He 1                7435.20A    -3.451    0.0039      Ca B                1.70025m    -3.651    0.0024      N  3                271.020A    -3.648    0.0025
He 1                7843.40A    -2.409    0.0426      Ca B                1.86854m    -2.949    0.0123      N  3                305.650A    -3.656    0.0024
He 1                8188.35A    -2.639    0.0251      Ca B                1.86972m    -3.413    0.0042      N  3                269.290A    -3.669    0.0023
He 1                8190.64A    -3.129    0.0081      Ca B                2.05813m    -2.612    0.0267      N  3                300.710A    -3.675    0.0023
He 1                8261.30A    -3.024    0.0104      Pho+                3889.00A    -1.535    0.3191      N  3                238.620A    -3.778    0.0018
He 1                1.24770m    -3.575    0.0029      extra Lyman.....................................      N  3                234.300A    -3.800    0.0017
He 1                1.35640m    -3.965    0.0012      database lines..................................      N  3                286.900A    -3.772    0.0018
He 1                1.40933m    -2.905    0.0136      Al 3                1862.79A    -3.166    0.0075      N  3                231.470A    -3.870    0.0015
He 1                1.45602m    -3.008    0.0107      Al 3                1854.72A    -2.911    0.0134      N  3                279.440A    -3.836    0.0016
He 1                1.45643m    -3.500    0.0035      Al 6                3.65932m    -3.001    0.0109      N  3                229.580A    -3.931    0.0013
He 1                1.45759m    -3.372    0.0046      Ar 2                6.98337m    -3.584    0.0029      N  3                274.950A    -3.892    0.0014
He 1                1.45759m    -3.849    0.0015      Ar 3                3109.18A    -3.470    0.0037      N  3                272.030A    -3.936    0.0013
He 1                1.46631m    -3.493    0.0035      Ar 3                5191.82A    -3.806    0.0017      N  3                270.020A    -3.966    0.0012
He 1                2.01409m    -3.962    0.0012      Ar 3                7135.79A    -1.826    0.1632      N  4                197.610A    -3.683    0.0023
He 1                2.21671m    -3.270    0.0059      Ar 3                7751.11A    -2.451    0.0387      N  4                182.190A    -3.860    0.0015
He 1                2.27546m    -3.330    0.0051      Ar 3                8.98898m    -1.933    0.1275      N  4                175.020A    -3.963    0.0012
He 1                2.27605m    -3.823    0.0016      Ar 3                21.8253m    -3.103    0.0086      O  1                976.791A    -3.696    0.0022
He 1                2.27752m    -3.550    0.0031      Ar 4                843.770A    -4.004    0.0011      O  1                969.049A    -3.695    0.0022
He 1                2.27752m    -4.027    0.0010      Ar 4                850.605A    -3.960    0.0012      O  1                946.387A    -3.741    0.0020
He 1                2.28865m    -3.844    0.0016      Ar 4                2853.66A    -3.244    0.0062      O  1                934.501A    -3.778    0.0018
He 1                3.20639m    -3.554    0.0031      Ar 4                2868.22A    -3.589    0.0028      O  1                973.577A    -3.793    0.0018
He 1                3.27716m    -3.597    0.0028      Ar 4                4711.26A    -2.281    0.0573      O  1                927.472A    -3.812    0.0017
He 1                3.27969m    -3.764    0.0019      Ar 4                4740.12A    -2.424    0.0412      O  1                948.506A    -3.853    0.0015
He 1                4.46460m    -3.157    0.0076      Ar 5                827.366A    -4.036    0.0010      O  1                922.969A    -3.851    0.0015
He 1                5.83132m    -3.328    0.0051      Ar 5                6435.12A    -3.708    0.0021      O  1                919.912A    -3.888    0.0014
He 1                7.38026m    -3.480    0.0036      Ar 5                7005.83A    -3.376    0.0046      O  1                935.672A    -3.917    0.0013
He 1                9.11143m    -3.616    0.0027      Ar 5                7.89971m    -2.747    0.0196      O  1                917.726A    -3.929    0.0013
He 1                11.0248m    -3.739    0.0020      Ar 5                13.0985m    -2.531    0.0322      O  1                918.704A    -3.961    0.0012
He 1                13.1205m    -3.851    0.0015      Ar 6                4.52800m    -3.336    0.0051      O  1                928.186A    -3.985    0.0011
He 1                15.3983m    -3.954    0.0012      C  2                687.053A    -3.770    0.0019      O  1                917.473A    -4.006    0.0011
He 1                61.5933m    -3.616    0.0026      C  2                687.352A    -4.014    0.0011      O  2                425.190A    -3.584    0.0028
grains..........................................      C  2                858.092A    -3.898    0.0014      O  2                388.410A    -3.628    0.0026
H-like iso-sequence.............................      C  2                858.559A    -3.763    0.0019      O  2                373.600A    -3.664    0.0024
H  1 Cool           1215.67A    -1.095    0.8789      C  2                903.623A    -3.570    0.0029      O  2                361.821A    -3.675    0.0023
Crst                960.000A    -1.262    0.5979      C  2                903.962A    -3.519    0.0033      O  2                366.060A    -3.687    0.0022
LA X                1215.67A    -3.793    0.0018      C  2                904.142A    -3.448    0.0039      O  2                360.570A    -3.743    0.0020
CION                      0     -3.066    0.0094      C  2                904.480A    -3.530    0.0032      O  2                414.619A    -3.830    0.0016
Ca B                1215.67A     0.493   34.0517      C  2                1036.34A    -3.538    0.0032      O  2                358.780A    -3.847    0.0016
Q(H)                4861.32A    -1.069    0.9326      C  2                1037.02A    -3.453    0.0039      O  2                356.930A    -3.849    0.0015
Q(H)                1215.67A     0.468   32.1182      C  2                1334.53A    -3.444    0.0039      O  2                355.610A    -3.881    0.0014
CaBo                4861.32A    -1.043    0.9914      C  2                1335.66A    -3.425    0.0041      O  2                384.420A    -4.025    0.0010
CaBo                1640.00A    -0.935    1.2712      C  2                1335.71A    -3.184    0.0072      O  3                305.400A    -2.847    0.0155
CaBo                4685.64A    -1.765    0.1879      C  2                2323.50A    -3.357    0.0048      O  3                268.070A    -3.291    0.0056
Ca A                1215.67A     0.315   22.6005      C  2                2324.69A    -3.135    0.0080      O  3                263.850A    -3.321    0.0052
Ca A                1025.72A    -0.342    4.9727      C  2                2325.40A    -2.338    0.0502      O  3                373.640A    -3.382    0.0045
Ca A                972.537A    -0.752    1.9347      C  2                2326.93A    -2.574    0.0291      O  3                265.020A    -3.346    0.0049
Ca A                949.743A    -1.056    0.9618      C  2                2328.12A    -3.082    0.0091      O  3                248.730A    -3.450    0.0039
Ca A                937.803A    -1.298    0.5504      C  2                157.636m    -3.488    0.0036      O  3                241.200A    -3.502    0.0034
Ca A                930.748A    -1.501    0.3453      C  3                1908.73A    -1.467    0.3736      O  3                248.620A    -3.524    0.0033
Ca A                926.226A    -1.675    0.2313      C  3                1906.68A    -1.292    0.5582      O  3                236.890A    -3.535    0.0032
Ca A                923.150A    -1.827    0.1627      C  3                977.020A    -2.418    0.0418      O  3                234.190A    -3.554    0.0031
Ca A                920.963A    -1.964    0.1189      C  3                386.203A    -3.840    0.0016      O  3                276.900A    -3.523    0.0033
Ca A                919.351A    -2.087    0.0896      C  3                2296.87A    -3.995    0.0011      O  3                241.140A    -3.553    0.0031
Ca A                918.129A    -2.198    0.0693      C  3                884.524A    -3.621    0.0026      O  3                280.450A    -3.553    0.0031
Ca A                917.181A    -2.301    0.0547      Ca 3                409.953A    -3.973    0.0012      O  3                263.230A    -3.554    0.0031
Ca A                916.429A    -2.395    0.0441      Ca 4                669.696A    -3.699    0.0022      O  3                232.380A    -3.566    0.0030
Ca A                915.824A    -2.481    0.0361      Ca 4                3.20610m    -2.044    0.0988      O  3                236.860A    -3.577    0.0029
Ca A                915.329A    -2.561    0.0301      Cr 5                594.921A    -3.619    0.0026      O  3                231.110A    -3.578    0.0029
Ca A                914.919A    -2.634    0.0254      Fe 2                25.9813m    -2.544    0.0313      O  3                255.390A    -3.581    0.0029
Ca A                914.576A    -2.702    0.0217      Fe 2                5.33871m    -2.069    0.0934      O  3                232.350A    -3.589    0.0028
Ca A                914.286A    -2.763    0.0189      Fe 2                1.25668m    -3.242    0.0063      O  3                234.180A    -3.596    0.0028
Ca A                914.039A    -2.820    0.0166      Fe 2                4287.39A    -3.177    0.0073      O  3                230.150A    -3.683    0.0023
Ca A                913.826A    -2.872    0.0147      Fe 2                2599.40A    -3.879    0.0014      O  3                231.100A    -3.618    0.0026
Ca A                913.641A    -2.920    0.0132      Fe 2                2382.04A    -2.828    0.0162      O  3                244.650A    -3.618    0.0026
Ca A                913.480A    -2.964    0.0119      Fe 2                35.3391m    -3.191    0.0070      O  3                238.930A    -3.647    0.0025
Ca A                913.339A    -3.005    0.0108      Fe 2                6.71944m    -3.208    0.0068      O  3                233.340A    -3.657    0.0024
Ca A                6562.80A    -0.774    1.8405      Fe 2                4.88781m    -3.863    0.0015      O  3                235.520A    -3.671    0.0023
Ca A                4861.32A    -1.220    0.6585      Fe 2                1.32055m    -3.738    0.0020      O  3                232.490A    -3.733    0.0020
Ca A                4340.46A    -1.544    0.3127      Fe 2                7637.52A    -3.853    0.0015      O  3                235.000A    -3.757    0.0019
Ca A                4101.73A    -1.797    0.1745      Fe 2                4889.62A    -3.959    0.0012      O  4                239.130A    -2.936    0.0127
Ca A                3970.07A    -2.006    0.1079      Fe 2                4359.33A    -3.308    0.0054      O  4                207.610A    -3.521    0.0033
Ca A                3889.05A    -2.184    0.0716      Fe 2                2625.67A    -2.411    0.0425      O  4                196.560A    -3.578    0.0029
Ca A                3835.38A    -2.339    0.0501      Fe 2                2611.87A    -3.252    0.0061      O  4                214.760A    -3.511    0.0034
Ca A                3797.90A    -2.477    0.0364      Fe 2                2395.63A    -3.236    0.0064      O  4                181.780A    -3.692    0.0022
Ca A                3770.63A    -2.602    0.0274      Fe 2                2388.63A    -3.952    0.0012      O  4                280.550A    -3.448    0.0039
Ca A                3750.15A    -2.715    0.0211      Fe 2                2364.83A    -3.613    0.0027      O  4                174.710A    -3.760    0.0019
Ca A                3734.37A    -2.819    0.0166      Fe 2                51.2868m    -3.760    0.0019      O  4                203.010A    -3.641    0.0025
Ca A                3721.94A    -2.915    0.0133      Fe 2                1.37181m    -3.982    0.0011      O  4                174.310A    -3.780    0.0018
Ca A                3711.97A    -3.004    0.0108      Fe 2                7686.93A    -3.980    0.0011      O  4                182.700A    -3.754    0.0019
Ca A                3703.85A    -3.088    0.0089      Fe 2                4413.78A    -3.459    0.0038      O  4                181.770A    -3.762    0.0019
Ca A                3697.15A    -3.166    0.0075      Fe 2                2631.32A    -3.084    0.0090      O  4                170.710A    -3.844    0.0016
Ca A                3691.55A    -3.240    0.0063      Fe 2                2617.62A    -4.024    0.0010      O  4                159.680A    -3.914    0.0013
Ca A                3686.83A    -3.310    0.0054      Fe 2                2607.09A    -3.933    0.0013      O  4                168.240A    -3.888    0.0014
Ca A                3682.81A    -3.376    0.0046      Fe 2                2404.89A    -3.728    0.0020      O  4                152.360A    -3.976    0.0012
Ca A                3679.35A    -3.438    0.0040      Fe 2                2380.76A    -3.182    0.0072      O  4                180.320A    -3.856    0.0015
Ca A                3676.36A    -3.497    0.0035      Fe 2                4452.10A    -3.651    0.0024      O  4                186.020A    -3.852    0.0015
Ca A                3673.76A    -3.552    0.0031      Fe 2                2631.05A    -3.982    0.0011      O  4                166.570A    -3.950    0.0012
Ca A                3671.48A    -3.604    0.0027      Fe 2                4474.90A    -3.964    0.0012      O  4                165.420A    -3.969    0.0012
Ca A                1.87510m    -1.572    0.2931      Fe 2                17.9311m    -2.825    0.0164      O  4                169.860A    -4.007    0.0011
Ca A                1.28181m    -1.894    0.1396      Fe 2                1.64355m    -2.064    0.0943      O  4                168.250A    -4.027    0.0010
Ca A                1.09381m    -2.153    0.0769      Fe 2                1.53348m    -3.011    0.0107      O  4                206.560A    -3.886    0.0014
Ca A                1.00494m    -2.366    0.0471      Fe 2                8616.95A    -3.263    0.0060      O  5                135.810A    -4.017    0.0011
Ca A                9545.97A    -2.548    0.0310      Fe 2                7155.17A    -2.982    0.0114      O  5                139.140A    -4.018    0.0010
Ca A                9229.02A    -2.705    0.0215      Fe 2                5273.36A    -3.473    0.0037      Ne 2                444.150A    -3.834    0.0016
Ca A                9014.91A    -2.845    0.0156      Fe 2                5158.79A    -2.839    0.0159      Ne 2                356.870A    -3.808    0.0017
Ca A                8862.79A    -2.971    0.0117      Fe 2                5111.64A    -3.770    0.0019      Ne 2                461.050A    -3.941    0.0013
Ca A                8750.48A    -3.086    0.0090      Fe 2                5072.41A    -3.524    0.0033      Ne 2                404.130A    -3.888    0.0014
Ca A                8665.02A    -3.191    0.0071      Fe 2                4814.54A    -3.792    0.0018      Ne 2                327.700A    -3.929    0.0013
Ca A                8598.40A    -3.288    0.0056      Fe 2                4243.97A    -3.172    0.0074      Ne 2                331.200A    -3.928    0.0013
Ca A                8545.39A    -3.378    0.0046      Fe 2                3376.20A    -3.885    0.0014      Ne 2                327.139A    -3.944    0.0012
Ca A                8502.49A    -3.462    0.0038      Fe 2                2493.30A    -2.825    0.0164      Ne 2                355.969A    -3.942    0.0013
Ca A                8467.26A    -3.541    0.0031      Fe 2                24.5126m    -3.475    0.0037      Ne 2                320.500A    -4.002    0.0011
Ca A                8437.96A    -3.616    0.0026      Fe 2                1.80940m    -2.665    0.0237      Ne 2                327.160A    -4.031    0.0010
Ca A                8413.32A    -3.686    0.0023      Fe 2                1.67688m    -3.437    0.0040      Ne 3                250.920A    -3.453    0.0038
Ca A                8392.40A    -3.753    0.0019      Fe 2                1.59948m    -3.399    0.0044      Ne 3                227.420A    -3.473    0.0037
Ca A                8374.48A    -3.817    0.0017      Fe 2                9051.95A    -3.105    0.0086      Ne 3                218.360A    -3.763    0.0019
Ca A                8359.01A    -3.877    0.0015      Fe 2                8891.93A    -3.579    0.0029      Ne 3                223.310A    -3.699    0.0022
Ca A                8345.56A    -3.935    0.0013      Fe 2                7452.56A    -3.474    0.0037      Ne 3                228.870A    -3.562    0.0030
Ca A                8333.79A    -3.989    0.0011      Fe 2                7172.00A    -3.685    0.0023      Ne 3                281.580A    -3.566    0.0030
Ca A                4.05115m    -2.176    0.0729      Fe 2                5527.36A    -3.843    0.0016      Ne 3                204.530A    -3.922    0.0013
Ca A                2.62515m    -2.424    0.0412      Fe 2                5433.15A    -3.987    0.0011      Ne 3                227.190A    -3.534    0.0032
Ca A                2.16553m    -2.638    0.0252      Fe 2                5261.63A    -3.243    0.0062      Ne 3                212.550A    -3.901    0.0014
Ca A                1.94456m    -2.822    0.0165      Fe 2                4947.39A    -3.735    0.0020      Ne 3                265.510A    -3.591    0.0028
Ca A                1.81741m    -2.982    0.0114      Fe 2                4346.86A    -3.799    0.0017      Ne 3                218.030A    -3.873    0.0015
Ca A                1.73621m    -3.123    0.0082      Fe 2                4276.84A    -3.717    0.0021      Ne 3                205.100A    -3.993    0.0011
Ca A                1.68065m    -3.251    0.0061      Fe 2                1.95361m    -3.576    0.0029      Ne 3                217.120A    -3.925    0.0013
Ca A                1.64072m    -3.366    0.0047      Fe 2                1.80002m    -3.453    0.0039      Ne 3                238.070A    -3.674    0.0023
Ca A                1.61093m    -3.472    0.0037      Fe 2                1.66377m    -3.687    0.0023      Ne 4                171.550A    -3.607    0.0027
Ca A                1.58805m    -3.569    0.0029      Fe 2                9399.04A    -3.527    0.0033      Ne 4                148.550A    -3.877    0.0015
Ca A                1.57007m    -3.660    0.0024      Fe 2                9226.63A    -3.523    0.0033      Ne 4                207.180A    -3.674    0.0023
Ca A                1.55565m    -3.745    0.0020      Fe 2                7388.17A    -3.805    0.0017      Ne 4                139.980A    -4.016    0.0011
Ca A                1.54389m    -3.824    0.0016      Fe 2                5333.66A    -3.538    0.0032      Ne 4                159.100A    -3.906    0.0014
Ca A                1.53418m    -3.900    0.0014      Fe 2                5049.30A    -3.909    0.0013      Ne 4                157.090A    -4.010    0.0011
Ca A                1.52605m    -3.971    0.0012      Fe 2                5005.52A    -3.977    0.0012      Ne 5                143.350A    -3.808    0.0017
Ca A                1.51919m    -4.038    0.0010      Fe 2                4352.79A    -4.033    0.0010      Ne 5                142.640A    -3.983    0.0011
Ca A                7.45782m    -2.669    0.0234      Fe 2                1.79711m    -3.731    0.0020      Ne 5                167.820A    -3.998    0.0011
Ca A                4.65251m    -2.865    0.0149      Fe 2                1.74494m    -4.009    0.0011      Mg 3                183.540A    -3.887    0.0014
Ca A                3.73954m    -3.047    0.0098      Fe 2                9470.94A    -3.913    0.0013      Mg 4                147.190A    -3.922    0.0013
Ca A                3.29609m    -3.207    0.0068      Fe 2                9267.56A    -3.991    0.0011      Si 2                1179.59A    -3.198    0.0069
Ca A                3.03837m    -3.349    0.0049      Fe 2                5376.47A    -3.904    0.0014      Si 2                993.354A    -3.711    0.0021
Ca A                2.87221m    -3.477    0.0036      Fe 2                2755.74A    -3.521    0.0033      Si 2                893.551A    -3.818    0.0017
Ca A                2.75752m    -3.593    0.0028      Fe 2                2739.55A    -3.811    0.0017      Si 2                1024.03A    -3.886    0.0014
Ca A                2.67440m    -3.700    0.0022      Fe 2                2772.73A    -3.859    0.0015      Si 3                564.611A    -3.894    0.0014
Ca A                2.61194m    -3.798    0.0017      Fe 2                2.22379m    -3.970    0.0012      Si 3                464.939A    -3.860    0.0015
Ca A                2.56363m    -3.889    0.0014      Fe 3                22.9190m    -2.206    0.0680      Si 3                435.840A    -3.969    0.0012
Ca A                2.52540m    -3.974    0.0012      Fe 3                4985.87A    -2.764    0.0188      Si 3                406.880A    -4.038    0.0010
Ca A                12.3685m    -3.087    0.0090      Fe 3                4924.54A    -3.478    0.0036      Si 4                329.800A    -3.813    0.0017
Ca A                7.50045m    -3.245    0.0062      Fe 3                4881.00A    -2.584    0.0285      Si 4                312.700A    -3.869    0.0015
Ca A                5.90660m    -3.401    0.0043      Fe 3                4658.05A    -2.089    0.0890      Si 4                302.870A    -3.930    0.0013
Ca A                5.12726m    -3.542    0.0031      Fe 3                4607.03A    -3.365    0.0047      Si 4                296.640A    -3.976    0.0012
Ca A                4.67124m    -3.670    0.0023      Fe 3                4008.35A    -3.224    0.0065      Si 4                292.430A    -4.027    0.0010
Ca A                4.37526m    -3.787    0.0018      Fe 3                3322.54A    -2.955    0.0121      S  2                750.323A    -3.863    0.0015
Ca A                4.16966m    -3.893    0.0014      Fe 3                3239.74A    -3.033    0.0101      S  2                632.711A    -4.031    0.0010
Ca A                4.01977m    -3.992    0.0011      Fe 3                2438.29A    -3.362    0.0048      S  2                888.439A    -3.858    0.0015
Ca A                19.0567m    -3.449    0.0039      Fe 3                1576.66A    -3.847    0.0016      S  3                667.049A    -3.427    0.0041
Ca A                11.3056m    -3.579    0.0029      Fe 3                33.0270m    -2.756    0.0192      S  3                691.219A    -3.541    0.0031
Ca A                8.75768m    -3.714    0.0021      Fe 3                5270.40A    -2.375    0.0461      S  3                704.220A    -3.574    0.0029
Ca A                7.50606m    -3.840    0.0016      Fe 3                4987.21A    -3.324    0.0052      S  3                671.510A    -3.863    0.0015
Ca A                6.77015m    -3.956    0.0012      Fe 3                4754.69A    -2.815    0.0167      S  3                482.139A    -3.794    0.0018
Ca A                27.7958m    -3.769    0.0019      Fe 3                4701.54A    -2.653    0.0243      S  3                474.260A    -3.852    0.0015
Ca A                16.2047m    -3.876    0.0015      Fe 3                4667.01A    -3.699    0.0022      S  3                480.121A    -3.882    0.0014
Ca A                12.3838m    -3.995    0.0011      Fe 3                4079.70A    -3.783    0.0018      S  3                420.730A    -3.934    0.0013
Ca B                6562.80A    -0.588    2.8228      Fe 3                3371.41A    -3.088    0.0089      S  3                424.450A    -3.981    0.0011
Ca B                4861.32A    -1.043    0.9916      Fe 3                3286.19A    -3.549    0.0031      S  4                330.110A    -3.816    0.0017
Ca B                4340.46A    -1.371    0.4653      Fe 3                2464.51A    -3.505    0.0034      S  4                370.000A    -3.825    0.0016
Ca B                4101.73A    -1.628    0.2575      Fe 3                51.6655m    -3.403    0.0043      S  4                341.260A    -3.836    0.0016
Ca B                3970.07A    -1.840    0.1582      Fe 3                5011.26A    -3.037    0.0101      S  4                295.300A    -3.896    0.0014
Ca B                3889.05A    -2.020    0.1044      Fe 3                4769.43A    -3.120    0.0083      S  4                321.910A    -3.879    0.0014
Ca B                3835.38A    -2.177    0.0727      Fe 3                4733.91A    -3.158    0.0076      S  4                274.000A    -3.910    0.0013
Ca B                3797.90A    -2.317    0.0527      Fe 3                3406.18A    -3.452    0.0039      S  4                306.380A    -3.945    0.0012
Ca B                3770.63A    -2.442    0.0395      Fe 3                3334.90A    -3.559    0.0030      S  4                301.570A    -4.009    0.0011
Ca B                3750.15A    -2.556    0.0304      Fe 3                3319.22A    -3.715    0.0021      S  4                293.560A    -4.034    0.0010
Ca B                3734.37A    -2.661    0.0239      Fe 3                2483.05A    -3.675    0.0023      S  5                285.830A    -3.865    0.0015
Ca B                3721.94A    -2.758    0.0191      Fe 3                5411.98A    -3.431    0.0041      Ar 3                458.140A    -3.386    0.0045
Ca B                3711.97A    -2.847    0.0156      Fe 3                4930.54A    -3.710    0.0021      Ar 3                464.671A    -3.510    0.0034
Ca B                3703.85A    -2.930    0.0128      Fe 3                4777.68A    -3.478    0.0036      Ar 3                451.091A    -3.739    0.0020
Ca B                3697.15A    -3.008    0.0107      Fe 3                3356.57A    -3.638    0.0025      Ar 3                472.659A    -3.700    0.0022
Ca B                3691.55A    -3.081    0.0091      Fe 3                3355.48A    -3.898    0.0014      Ar 3                488.909A    -3.832    0.0016
Ca B                3686.83A    -3.149    0.0078      Fe 3                2495.04A    -3.913    0.0013      Ar 3                388.490A    -3.846    0.0016
Ca B                3682.81A    -3.213    0.0067      Fe 3                5084.77A    -3.812    0.0017      Ar 3                527.451A    -3.858    0.0015
Ca B                3679.35A    -3.273    0.0058      Fe 3                3366.21A    -3.961    0.0012      Ar 3                360.940A    -3.909    0.0013
Ca B                3676.36A    -3.329    0.0051      Fe 3                40.0371m    -4.001    0.0011      Ar 3                345.990A    -3.905    0.0014
Ca B                3673.76A    -3.383    0.0045      Fe 3                2.21782m    -3.172    0.0074      Ar 3                365.099A    -3.935    0.0013
Ca B                3671.48A    -3.433    0.0040      Fe 3                9701.27A    -3.394    0.0044      Ar 3                517.521A    -4.026    0.0010
Ca B                1.87510m    -1.522    0.3286      Fe 3                2.34788m    -3.350    0.0049      Ar 3                387.261A    -4.037    0.0010
Ca B                1.28181m    -1.835    0.1599      Fe 3                9942.18A    -3.588    0.0028      Ar 4                444.680A    -3.263    0.0060
Ca B                1.09381m    -2.090    0.0888      Fe 3                2.24204m    -3.914    0.0013      Ar 4                392.000A    -3.835    0.0016
Ca B                1.00494m    -2.302    0.0546      Fe 3                3.22847m    -3.697    0.0022      Ar 4                278.290A    -3.956    0.0012
Ca B                9545.97A    -2.482    0.0360      Fe 3                2.87385m    -3.651    0.0024      Ar 5                441.850A    -3.703    0.0022
Ca B                9229.02A    -2.640    0.0251      Fe 7                9.50763m    -2.328    0.0514      Ar 5                455.901A    -3.840    0.0016
Ca B                9014.91A    -2.780    0.0182      Fe 7                5720.71A    -3.145    0.0078      Ca 3                351.260A    -3.248    0.0062
Ca B                8862.79A    -2.905    0.0136      Fe 7                4988.55A    -3.359    0.0048      Ca 3                298.430A    -3.643    0.0025
Ca B                8750.48A    -3.020    0.0105      Fe 7                4893.37A    -3.632    0.0026      Ca 3                277.760A    -3.824    0.0016
Ca B                8665.02A    -3.125    0.0082      Fe 7                7.81037m    -2.864    0.0150      Ca 3                267.540A    -3.907    0.0014
Ca B                8598.40A    -3.221    0.0066      Fe 7                6086.97A    -2.971    0.0117      Ca 3                308.360A    -3.939    0.0013
Ca B                8545.39A    -3.311    0.0053      Fe 7                5158.89A    -3.499    0.0035      Ca 3                261.770A    -3.976    0.0012
Ca B                8502.49A    -3.395    0.0044      Fe 7                4942.48A    -4.037    0.0010      Ca 4                303.870A    -3.288    0.0056
Ca B                8467.26A    -3.473    0.0037      Fe 7                3586.32A    -3.602    0.0027      Ca 4                310.370A    -3.487    0.0036
Ca B                8437.96A    -3.547    0.0031      Fe 7                3758.92A    -3.448    0.0039      Ca 4                307.850A    -3.434    0.0040
Ca B                8413.32A    -3.616    0.0026      K  3                4.61683m    -3.148    0.0078      Ca 4                323.400A    -3.487    0.0036
Ca B                8392.40A    -3.682    0.0023      K  4                5.98030m    -3.245    0.0062      Ca 4                319.070A    -3.392    0.0044
Ca B                8374.48A    -3.744    0.0020      Mg 1                2852.13A    -3.150    0.0077      Ca 4                243.380A    -3.926    0.0013
Ca B                8359.01A    -3.802    0.0017      Mg 1                4562.60A    -3.164    0.0075      Ca 4                237.560A    -3.937    0.0013
Ca B                8345.56A    -3.857    0.0015      Mg 1                4571.10A    -3.596    0.0028      Ca 4                234.960A    -3.964    0.0012
Ca B                8333.79A    -3.909    0.0013      Mg 3                231.734A    -3.566    0.0030      Ca 4                342.770A    -3.981    0.0011
Ca B                4.05115m    -2.152    0.0771      Mg 3                234.264A    -3.777    0.0018      Ca 5                314.530A    -3.517    0.0033
Ca B                2.62515m    -2.395    0.0441      Mn 2                2576.10A    -3.989    0.0011      Ca 5                325.410A    -3.613    0.0027
Ca B                2.16553m    -2.606    0.0271      N  1                1134.17A    -3.944    0.0012      Ca 5                332.080A    -3.843    0.0016
Ca B                1.94456m    -2.788    0.0178      N  1                1134.41A    -3.862    0.0015      Ca 6                330.390A    -3.947    0.0012
Ca B                1.81741m    -2.947    0.0124      N  1                1134.98A    -3.825    0.0016      Fe 3                911.104A    -3.804    0.0017
Ca B                1.73621m    -3.088    0.0089      N  1                1199.55A    -3.529    0.0032      Fe 3                859.623A    -4.038    0.0010
Ca B                1.68065m    -3.214    0.0067      N  1                1200.22A    -3.570    0.0029      Fe 3                896.877A    -3.891    0.0014
Ca B                1.64072m    -3.329    0.0051      N  1                1200.71A    -3.697    0.0022      Fe 4                309.190A    -3.560    0.0030
Ca B                1.61093m    -3.435    0.0040      N  1                5197.90A    -3.872    0.0015      Fe 4                532.950A    -3.675    0.0023
Ca B                1.58805m    -3.532    0.0032      N  1                5200.26A    -3.885    0.0014      Fe 4                275.130A    -3.673    0.0023
Ca B                1.57007m    -3.622    0.0026      N  4                1486.50A    -2.762    0.0189      Fe 4                259.600A    -3.755    0.0019
Ca B                1.55565m    -3.707    0.0021      N  4                1483.32A    -2.616    0.0265      Fe 4                251.070A    -3.818    0.0017
Ca B                1.54389m    -3.786    0.0018      N  4                765.147A    -3.392    0.0044      Fe 4                245.840A    -3.851    0.0015
Ca B                1.53418m    -3.860    0.0015      N  4                247.205A    -3.768    0.0019      Fe 4                326.120A    -3.839    0.0016
Ca B                1.52605m    -3.930    0.0013      N  4                463.736A    -3.727    0.0020      Fe 4                242.370A    -3.871    0.0015
Ca B                1.51919m    -3.997    0.0011      N  5                209.274A    -3.774    0.0018      Fe 4                239.960A    -3.889    0.0014
Ca B                7.45782m    -2.652    0.0244      N  5                209.308A    -3.871    0.0015      Fe 4                281.200A    -3.898    0.0014
Ca B                4.65251m    -2.846    0.0156      N  5                1238.82A    -3.507    0.0034      Fe 4                262.550A    -3.939    0.0013
Ca B                3.73954m    -3.026    0.0103      N  5                1242.80A    -3.609    0.0027      Fe 4                252.740A    -4.002    0.0011
Ca B                3.29609m    -3.185    0.0071      Ne 2                12.8101m    -3.062    0.0095      Fe 5                236.210A    -3.672    0.0023
Ca B                3.03837m    -3.327    0.0052      Ne 3                15.5509m    -1.116    0.8374      Fe 5                236.300A    -3.712    0.0021
Ca B                2.87221m    -3.454    0.0038      Ne 3                3868.76A    -1.206    0.6806      Fe 5                391.409A    -3.688    0.0022
Ca B                2.75752m    -3.569    0.0029      Ne 3                489.500A    -3.973    0.0012      Fe 5                227.780A    -3.673    0.0023
Ca B                2.67440m    -3.675    0.0023      Ne 3                36.0036m    -2.158    0.0759      Fe 5                205.950A    -4.014    0.0011
Ca B                2.61194m    -3.773    0.0018      Ne 3                3967.47A    -1.724    0.2066      Fe 5                389.529A    -3.796    0.0018
Ca B                2.56363m    -3.864    0.0015      Ne 3                1814.56A    -3.535    0.0032      Fe 5                369.760A    -3.777    0.0018
Ca B                2.52540m    -3.949    0.0012      Ne 3                491.045A    -3.163    0.0075      Fe 5                205.790A    -4.031    0.0010
Ca B                2.49458m    -4.029    0.0010      Ne 3                489.645A    -3.482    0.0036      Fe 5                236.880A    -3.827    0.0016
Ca B                12.3685m    -3.072    0.0093      Ne 3                313.688A    -3.497    0.0035      Fe 5                226.680A    -3.891    0.0014
Ca B                7.50045m    -3.230    0.0064      Ne 3                283.576A    -4.004    0.0011      Fe 5                241.720A    -3.972    0.0012
Ca B                5.90660m    -3.385    0.0045      Ne 3                490.311A    -3.585    0.0028      Fe 5                232.230A    -4.008    0.0011
Ca B                5.12726m    -3.526    0.0033      Ne 3                313.961A    -3.943    0.0012      Fe 5                241.470A    -4.010    0.0011
Ca B                4.67124m    -3.653    0.0024      Ne 3                283.799A    -4.028    0.0010      Fe 6                174.510A    -3.754    0.0019
Ca B                4.37526m    -3.769    0.0019      Ne 3                3342.18A    -4.017    0.0011      Fe 6                156.820A    -3.796    0.0018
Ca B                4.16966m    -3.875    0.0015      Ne 5                24.3108m    -1.544    0.3128      Fe 6                180.240A    -3.882    0.0014
Ca B                4.01977m    -3.973    0.0012      Ne 5                14.3178m    -1.678    0.2295      Fe 6                185.150A    -3.882    0.0014
Ca B                19.0567m    -3.435    0.0040      Ne 5                3345.82A    -2.923    0.0131      Fe 6                295.530A    -3.749    0.0019
Ca B                11.3056m    -3.565    0.0030      Ne 5                569.756A    -3.611    0.0027      Fe 6                292.810A    -3.795    0.0018
Ca B                8.75768m    -3.701    0.0022      Ne 5                481.293A    -3.938    0.0013      Fe 6                279.220A    -3.924    0.0013
Ca B                7.50606m    -3.826    0.0016      Ne 5                358.474A    -3.965    0.0012      Fe 6                296.190A    -3.961    0.0012
Ca B                6.77015m    -3.942    0.0013      Ne 5                3425.88A    -2.491    0.0353      Fe 7                152.390A    -3.910    0.0013
Ca B                27.7958m    -3.754    0.0019      Ne 5                482.990A    -3.573    0.0029      Fe 7                163.470A    -3.978    0.0011
Ca B                16.2047m    -3.864    0.0015      Ne 5                482.994A    -3.819    0.0017      Fe 7                234.000A    -3.966    0.0012
Ca B                12.3838m    -3.983    0.0011      Ne 5                359.374A    -3.390    0.0045      Fe 7                226.340A    -3.962    0.0012
H  1                2430.61A    -0.002   10.8784      O  1                1040.94A    -3.881    0.0014      P  2                967.202A    -3.980    0.0011
H  1                1215.67A     0.355   24.7742      O  1                1304.86A    -3.336    0.0050      P  2                963.828A    -3.898    0.0014
H  1                1025.72A    -3.019    0.0105      O  1                1306.03A    -3.815    0.0017      Ti 2                3364.74A    -3.847    0.0016
H  1                972.537A    -3.123    0.0082      O  1                6300.30A    -2.603    0.0273      Ti 2                3237.15A    -4.026    0.0010
H  1                949.743A    -3.180    0.0072      O  1                6363.78A    -3.098    0.0087      Cr 2                2059.78A    -3.925    0.0013
H  1                937.803A    -3.221    0.0066      O  1                63.1679m    -3.151    0.0077      Cr 6                226.666A    -3.914    0.0013
H  1                930.748A    -3.254    0.0061      O  2                539.086A    -3.740    0.0020      Ni 2                1751.83A    -3.968    0.0012
H  1                926.226A    -3.291    0.0056      O  2                539.547A    -3.774    0.0018      Ni 2                1744.24A    -3.898    0.0014
H  1                923.150A    -3.324    0.0052      O  2                539.854A    -3.842    0.0016      Ni 2                1375.73A    -3.980    0.0011
H  1                920.963A    -3.351    0.0049      O  2                832.758A    -3.795    0.0018      Ni 2                1324.11A    -3.989    0.0011
H  1                919.351A    -3.511    0.0034      O  2                833.330A    -3.743    0.0020      hyperfine structure.............................
H  1                918.129A    -3.527    0.0032      O  2                834.465A    -3.723    0.0021      inner shell.....................................
H  1                917.181A    -3.539    0.0032      O  2                2470.22A    -3.355    0.0048      O  5                1215.53A    -3.759    0.0019
H  1                916.429A    -3.549    0.0031      O  2                2470.34A    -2.764    0.0188      Si 5                120.490A    -3.873    0.0015
H  1                915.824A    -3.558    0.0030      O  2                7318.92A    -3.437    0.0040      Si 5                119.791A    -2.608    0.0270
H  1                915.329A    -3.565    0.0030      O  2                7319.99A    -2.957    0.0121      Si 5                120.490A    -2.611    0.0268
H  1                914.919A    -3.571    0.0029      O  2                7329.67A    -3.215    0.0067      S  6                488.127A    -3.978    0.0012
H  1                914.576A    -3.576    0.0029      O  2                7330.73A    -3.226    0.0065      Fe 6                167.773A    -3.230    0.0064
H  1                914.286A    -3.578    0.0029      O  2                3728.81A    -1.377    0.4588      Fe 6                172.200A    -3.241    0.0063
H  1                914.039A    -3.578    0.0029      O  2                3726.03A    -1.378    0.4575      Fe 7                172.440A    -3.560    0.0030
H  1                913.826A    -3.573    0.0029      O  3                88.3323m    -0.975    1.1588      Fe 7                177.120A    -3.572    0.0029
H  1                6562.80A    -0.595    2.7792      O  3                4931.23A    -3.774    0.0018      molecules.......................................
H  1                4861.32A    -1.039    1.0000      O  3                832.929A    -3.765    0.0019      bands...........................................
H  1                4340.46A    -1.364    0.4729      O  3                702.337A    -3.883    0.0014      Fe 2b               2500.00A    -1.912    0.1341
H  1                4101.73A    -1.620    0.2622      O  3                507.388A    -3.812    0.0017      Fe 2b               5000.00A    -2.067    0.0938
H  1                3970.07A    -1.831    0.1616      O  3                51.8004m    -0.624    2.5983      Fe 2b               7000.00A    -2.667    0.0235
H  1                3889.05A    -2.010    0.1070      O  3                4958.91A    -0.365    4.7244      Fe 2b               10000.0A    -1.754    0.1928
H  1                3835.38A    -2.165    0.0748      O  3                2320.95A    -2.595    0.0278      Fe 2b               2355.00A    -2.395    0.0440
H  1                3797.90A    -2.303    0.0544      O  3                1660.81A    -2.432    0.0405      Fe 2b               2430.00A    -1.939    0.1260
H  1                3770.63A    -2.311    0.0535      O  3                833.715A    -3.584    0.0029      Fe 2b               2445.00A    -1.939    0.1260
H  1                3750.15A    -2.415    0.0421      O  3                833.749A    -3.767    0.0019      Fe 2b               2495.00A    -2.819    0.0166
H  1                3734.37A    -2.511    0.0337      O  3                702.838A    -3.560    0.0030      Fe 2b               2610.00A    -2.224    0.0653
H  1                3721.94A    -2.599    0.0275      O  3                702.896A    -3.927    0.0013      Fe 2b               2758.00A    -3.175    0.0073
H  1                3711.97A    -2.680    0.0228      O  3                507.680A    -3.444    0.0039      Fe 2b               2780.00A    -3.149    0.0078
H  1                3703.85A    -2.756    0.0192      O  3                5006.84A     0.096   13.6547      Fe 2b               3250.00A    -3.663    0.0024
H  1                3697.15A    -2.826    0.0163      O  3                1666.15A    -2.032    0.1015      Fe 2b               3590.00A    -3.733    0.0020
H  1                3691.55A    -2.890    0.0141      O  3                835.059A    -3.525    0.0033      Fe 2b               4255.00A    -2.528    0.0325
H  1                3686.83A    -2.948    0.0123      O  3                835.092A    -3.462    0.0038      Fe 2b               4558.00A    -3.277    0.0058
H  1                3682.81A    -3.001    0.0109      O  3                835.289A    -3.598    0.0028      Fe 2b               4600.00A    -3.243    0.0063
H  1                3679.35A    -3.045    0.0099      O  3                703.851A    -3.509    0.0034      Fe 2b               4743.00A    -3.942    0.0012
H  1                1.87510m    -1.557    0.3034      O  3                703.854A    -3.428    0.0041      Fe 2b               4855.00A    -3.367    0.0047
H  1                1.28181m    -1.848    0.1551      O  3                508.178A    -2.866    0.0149      Fe 2b               4920.00A    -2.852    0.0154
H  1                1.09381m    -2.097    0.0875      O  3                4363.21A    -1.968    0.1176      Fe 2b               4975.00A    -3.381    0.0045
H  1                1.00494m    -2.305    0.0542      O  5                1213.81A    -3.941    0.0013      Fe 2b               4971.00A    -3.416    0.0042
H  1                9545.97A    -2.483    0.0360      O  5                629.732A    -3.381    0.0046      Fe 2b               5070.00A    -3.304    0.0054
H  1                9229.02A    -2.638    0.0252      O  5                172.169A    -4.035    0.0010      Fe 2b               5143.00A    -2.762    0.0189
H  1                9014.91A    -2.776    0.0183      P  2                32.8620m    -3.961    0.0012      Fe 2b               5270.00A    -2.477    0.0365
H  1                8862.79A    -2.826    0.0163      P  2                1.14682m    -3.641    0.0025      Fe 2b               5318.00A    -2.794    0.0176
H  1                8750.48A    -2.930    0.0129      P  2                1.18828m    -3.218    0.0066      Fe 2b               5540.00A    -3.642    0.0025
H  1                8665.02A    -3.025    0.0103      P  3                17.8797m    -3.278    0.0058      Fe 2b               7445.00A    -2.693    0.0222
H  1                8598.40A    -3.113    0.0084      P  4                950.657A    -3.809    0.0017      Fe 2b               8625.00A    -2.623    0.0260
H  1                8545.39A    -3.195    0.0070      S  2                6730.82A    -1.861    0.1505      Fe 2b               1.03250m    -3.629    0.0026
H  1                8502.49A    -3.270    0.0059      S  2                6716.44A    -1.872    0.1467      Fe 2b               1.88900m    -2.483    0.0360
H  1                8467.26A    -3.339    0.0050      S  2                4076.35A    -3.242    0.0063      Fe 2b               2.20000m    -3.895    0.0014
H  1                8437.96A    -3.404    0.0043      S  2                4068.60A    -2.746    0.0196      miscellaneous...................................
H  1                8413.32A    -3.462    0.0038      S  2                1.03364m    -3.381    0.0046      C 2R                1335.00A    -2.042    0.0992
H  1                8392.40A    -3.514    0.0033      S  2                1.02867m    -3.372    0.0046      C 3R                977.000A    -2.179    0.0724
H  1                8374.48A    -3.559    0.0030      S  2                1.03705m    -3.702    0.0022      C 3R                1909.00A    -2.335    0.0506
H  1                4.05115m    -2.209    0.0676      S  2                1.03205m    -3.238    0.0063      C 3R                1175.00A    -2.516    0.0334
H  1                2.62515m    -2.426    0.0410      S  2                1259.52A    -3.919    0.0013      C 4R                1549.00A    -3.124    0.0082
H  1                2.16553m    -2.628    0.0258      S  2                1253.81A    -3.960    0.0012      N 2R                1085.00A    -3.155    0.0077
H  1                1.94456m    -2.804    0.0172      S  2                910.485A    -3.865    0.0015      N 3R                990.000A    -2.253    0.0610
H  1                1.81741m    -2.959    0.0120      S  3                33.4704m    -1.420    0.4163      O 2R                7332.00A    -3.918    0.0013
H  1                1.73621m    -3.097    0.0087      S  3                18.7078m    -1.383    0.4525      O 2R                7323.00A    -3.832    0.0016
H  1                1.68065m    -3.195    0.0070      S  3                9068.62A    -1.463    0.3769      O 2H                3727.00A    -3.567    0.0030
H  1                1.64072m    -3.299    0.0055      S  3                9530.62A    -1.063    0.9468      O 2R                3726.00A    -3.066    0.0094
H  1                1.61093m    -3.394    0.0044      S  3                3721.63A    -2.826    0.0163      O 2R                3729.00A    -3.080    0.0091
H  1                1.58805m    -3.481    0.0036      S  3                6312.06A    -2.552    0.0307      O 2R                2471.00A    -3.664    0.0024
H  1                1.57007m    -3.562    0.0030      S  3                1713.11A    -3.683    0.0023      O 2R                4651.00A    -3.353    0.0048
H  1                1.55565m    -3.638    0.0025      S  3                1728.94A    -3.230    0.0064      O 2R                4341.00A    -3.630    0.0026
H  1                1.54389m    -3.707    0.0021      S  3                1194.45A    -3.818    0.0017      O 3R                835.000A    -2.127    0.0816
H  1                1.53418m    -3.771    0.0019      S  3                1201.73A    -3.977    0.0012      O 4R                789.000A    -2.373    0.0463
H  1                1.52605m    -3.830    0.0016      S  3                1200.97A    -3.975    0.0012      Blnd                1400.00A    -2.054    0.0967
H  1                1.51919m    -3.882    0.0014      S  3                1015.50A    -3.971    0.0012      Blnd                1650.00A    -0.910    1.3443
H  1                1.51332m    -3.926    0.0013      S  3                1021.11A    -3.655    0.0024      Blnd                1304.00A    -3.163    0.0075
H  1                7.45782m    -2.728    0.0204      S  3                1021.32A    -3.764    0.0019      Blnd                1039.00A    -3.678    0.0023
H  1                4.65251m    -2.896    0.0139      S  5                786.468A    -3.625    0.0026      Blnd                2798.00A    -1.180    0.7223
H  1                3.73954m    -3.063    0.0095      Si 2                34.8046m    -1.755    0.1923      Blnd                6720.00A    -1.566    0.2973
H  1                3.29609m    -3.215    0.0067      Si 2                2334.41A    -3.166    0.0075      Blnd                4074.00A    -2.626    0.0259
H  1                3.03837m    -3.352    0.0049      Si 2                2328.52A    -3.741    0.0020      Blnd                1.03300m    -2.734    0.0202
H  1                2.87221m    -3.484    0.0036      Si 2                1808.01A    -2.906    0.0136      Blnd                1256.00A    -3.500    0.0035
H  1                2.75752m    -3.587    0.0028      Si 2                1526.71A    -3.801    0.0017      Blnd                1198.00A    -3.290    0.0056
H  1                2.67440m    -3.682    0.0023      Si 2                1260.42A    -3.673    0.0023      Blnd                1720.00A    -3.099    0.0087
H  1                2.61194m    -3.769    0.0019      Si 2                1193.29A    -3.825    0.0016      Blnd                3722.00A    -2.820    0.0166
H  1                2.56363m    -3.850    0.0015      Si 2                1190.42A    -3.954    0.0012      Blnd                1406.00A    -3.245    0.0062
H  1                2.52540m    -3.924    0.0013      Si 2                2350.17A    -3.040    0.0100      Blnd                2665.00A    -2.458    0.0381
H  1                2.49458m    -3.994    0.0011      Si 2                2344.20A    -2.592    0.0280      Blnd                1860.00A    -2.719    0.0209
H  1                12.3685m    -3.164    0.0075      Si 2                2334.60A    -2.547    0.0310      Blnd                4725.00A    -2.046    0.0984
H  1                7.50045m    -3.296    0.0055      Si 2                1817.45A    -3.091    0.0089      Blnd                2860.00A    -3.082    0.0091
H  1                5.90660m    -3.438    0.0040      Si 2                1816.93A    -2.564    0.0298      Blnd                7250.00A    -3.650    0.0024
H  1                5.12726m    -3.570    0.0029      Si 2                1533.43A    -3.137    0.0080      Blnd                2335.00A    -2.145    0.0784
H  1                4.67124m    -3.723    0.0021      Si 2                1309.28A    -3.463    0.0038      Blnd                1888.00A    -1.498    0.3478
H  1                4.37526m    -3.824    0.0016      Si 2                1265.00A    -3.237    0.0063      Blnd                1397.00A    -2.115    0.0840
H  1                4.16966m    -3.918    0.0013      Si 2                1264.74A    -3.377    0.0046      Blnd                2424.00A    -1.998    0.1099
H  1                4.01977m    -4.005    0.0011      Si 2                1197.39A    -3.345    0.0049      Blnd                3350.00A    -3.672    0.0023
H  1                19.0567m    -3.539    0.0032      Si 2                1194.50A    -3.284    0.0057      Blnd                5525.00A    -2.609    0.0269
H  1                11.3056m    -3.645    0.0025      Si 3                1892.03A    -1.889    0.1413      Blnd                8579.00A    -3.407    0.0043
H  1                8.75768m    -3.767    0.0019      Si 3                1882.71A    -1.724    0.2065      Blnd                7306.00A    -2.674    0.0231
H  1                7.50606m    -3.927    0.0013      Si 3                1206.50A    -2.669    0.0234      Blnd                3933.00A    -3.159    0.0076
H  1                6.77015m    -4.027    0.0010      Si 4                1393.75A    -2.306    0.0540      Blnd                2326.00A    -2.033    0.1013
H  1                27.7958m    -3.869    0.0015      Si 4                1402.77A    -2.563    0.0299      Blnd                1335.00A    -2.857    0.0152
H  1                16.2047m    -3.956    0.0012      Ti 5                252.959A    -3.758    0.0019      Blnd                1909.00A    -1.070    0.9317
Ca A                303.784A    -0.073    9.2406      Al 2                2669.15A    -2.840    0.0158      Blnd                1549.00A    -1.303    0.5441
Ca A                256.317A    -0.799    1.7374      Al 2                2660.35A    -2.691    0.0223      Blnd                5199.00A    -3.578    0.0029
Ca A                243.027A    -1.231    0.6432      Al 2                1670.79A    -3.029    0.0102      Blnd                1085.00A    -3.048    0.0098
Ca A                237.331A    -1.540    0.3157      Al 5                2.90450m    -3.106    0.0086      Blnd                2141.00A    -3.121    0.0083
Ca A                234.347A    -1.782    0.1808      Al 5                281.394A    -3.982    0.0011      Blnd                1750.00A    -2.352    0.0486
Ca A                232.584A    -1.982    0.1141      C  4                1550.77A    -1.773    0.1844      Blnd                990.000A    -3.038    0.0100
Ca A                231.454A    -2.153    0.0770      C  4                1548.19A    -1.483    0.3597      Blnd                1486.00A    -2.382    0.0454
Ca A                230.686A    -2.302    0.0546      C  4                419.525A    -3.779    0.0018      Blnd                1240.00A    -3.254    0.0061
Ca A                230.139A    -2.435    0.0402      C  4                419.714A    -3.480    0.0036      Blnd                6300.00A    -2.482    0.0360
Ca A                229.736A    -2.555    0.0305      C  4                312.451A    -3.504    0.0034      Blnd                2471.00A    -2.665    0.0237
Ca A                229.431A    -2.664    0.0237      C  4                312.420A    -3.483    0.0036      Blnd                7323.00A    -2.833    0.0161
Ca A                229.194A    -2.764    0.0188      C  4                244.911A    -3.991    0.0011      Blnd                7332.00A    -2.920    0.0132
Ca A                229.006A    -2.857    0.0152      C  4                244.903A    -3.961    0.0012      Blnd                833.000A    -3.276    0.0058
Ca A                228.855A    -2.944    0.0125      Ca 2                7323.89A    -3.079    0.0091      Blnd                3727.00A    -1.077    0.9163
Ca A                228.731A    -3.024    0.0103      Ca 2                7291.47A    -2.892    0.0140      Blnd                7325.00A    -2.573    0.0292
Ca A                228.629A    -3.100    0.0087      Ca 2                3968.47A    -3.525    0.0033      Blnd                1666.00A    -1.887    0.1420
Ca A                228.543A    -3.172    0.0074      Ca 2                8662.14A    -3.969    0.0012      Blnd                5007.00A     0.225   18.3810
Ca A                228.471A    -3.240    0.0063      Ca 2                3933.66A    -3.403    0.0043      Blnd                835.000A    -2.824    0.0164
Ca A                228.409A    -3.304    0.0054      Ca 2                8542.09A    -3.593    0.0028      Blnd                1402.00A    -2.935    0.0127
Ca A                228.356A    -3.365    0.0047      Ca 5                4.15739m    -2.706    0.0215      Blnd                789.000A    -3.092    0.0088
Ca A                228.309A    -3.423    0.0041      Ca 5                11.4792m    -3.849    0.0015      Blnd                1218.00A    -3.712    0.0021
Ca A                228.269A    -3.479    0.0036      Ca 5                5309.11A    -3.070    0.0093      Blnd                1035.00A    -3.456    0.0038

                                                    Emergent line intensities
general properties..............................      He 1                1.70025m    -3.663    0.0024      Ca 2                3968.47A    -3.525    0.0033
continua........................................      He 1                1.19691m    -3.828    0.0016      Ca 2                8662.14A    -3.969    0.0012
FIR                 83.0000m    -0.411    4.2428      He 1                1.03113m    -4.031    0.0010      Ca 2                3933.66A    -3.403    0.0043
TIR                 1800.00m    -3.056    0.0096      He 1                9515.00A    -3.917    0.0013      Ca 2                8542.09A    -3.593    0.0028
NIRa                2.85000m     0.827   73.4643      He 1                1.95431m    -3.961    0.0012      Ca 5                4.15739m    -2.706    0.0215
NIRb                3.00000m     0.493   34.0341      He 1                1.86854m    -3.053    0.0097      Ca 5                11.4792m    -3.849    0.0015
MIRa                15.0000m     0.354   24.7248      He 1                1.27849m    -3.384    0.0045      Ca 5                5309.11A    -3.070    0.0093
MIRb                22.5000m     0.433   29.6701      He 1                1.09130m    -3.652    0.0024      Ca 5                6086.37A    -3.782    0.0018
NMIR                21.7500m     0.827   73.4643      He 1                1.00275m    -3.847    0.0016      Cl 2                14.3639m    -3.832    0.0016
TFIR                611.250m    -2.446    0.0391      He 1                9526.01A    -4.020    0.0010      Cl 2                8578.70A    -3.449    0.0039
TALL                10000.0A     1.338  238.2255      He 1                1.86972m    -3.534    0.0032      Cl 2                9123.60A    -4.033    0.0010
F12                 12.0000m     0.006   11.0916      He 1                1.27905m    -3.864    0.0015      Cl 3                5537.87A    -2.958    0.0121
F25                 25.0000m    -0.335    5.0570      He 1                4.04791m    -3.773    0.0018      Cl 3                5517.71A    -2.867    0.0149
F60                 60.0000m    -0.558    3.0278      extra Lyman.....................................      Cl 3                3342.80A    -3.816    0.0017
F100                100.000m    -0.969    1.1754      database lines..................................      Cl 4                20.3197m    -2.516    0.0334
MIPS                24.0000m    -0.376    4.5996      Al 3                1862.79A    -3.167    0.0074      Cl 4                11.7629m    -2.562    0.0300
MIPS                70.0000m    -2.126    0.0818      Al 3                1854.72A    -2.912    0.0134      Cl 4                7530.54A    -3.044    0.0099
MIPS                160.000m    -3.021    0.0104      Al 6                3.65932m    -3.001    0.0109      Cl 4                8045.62A    -2.680    0.0228
IRAC                3.60000m    -0.401    4.3445      Ar 2                6.98337m    -3.584    0.0029      Fe 4                3094.96A    -1.930    0.1286
IRAC                4.50000m    -0.370    4.6626      Ar 3                3109.18A    -3.470    0.0037      Fe 4                2835.74A    -1.416    0.4198
IRAC                5.80000m    -0.342    4.9757      Ar 3                5191.82A    -3.806    0.0017      Fe 4                2829.36A    -1.690    0.2231
IRAC                8.00000m    -0.186    7.1242      Ar 3                7135.79A    -1.826    0.1632      Fe 4                2823.50A    -2.948    0.0123
SPR1                250.000m    -3.279    0.0058      Ar 3                7751.11A    -2.451    0.0387      Fe 4                2577.92A    -3.290    0.0056
SPR2                350.000m    -3.397    0.0044      Ar 3                8.98898m    -1.933    0.1275      Fe 4                2.83562m    -2.811    0.0169
SPR3                500.000m    -3.454    0.0038      Ar 3                21.8253m    -3.103    0.0086      Fe 4                2.80554m    -3.349    0.0049
PAC1                70.0000m    -2.109    0.0851      Ar 4                2853.66A    -3.244    0.0062      Fe 4                2.86447m    -3.146    0.0078
PAC2                100.000m    -0.967    1.1789      Ar 4                2868.22A    -3.589    0.0028      Fe 4                2567.61A    -2.331    0.0510
PAC3                160.000m    -2.833    0.0161      Ar 4                4711.26A    -2.281    0.0573      Fe 4                2.71569m    -3.446    0.0039
PAH                 3.30000m    -1.261    0.6001      Ar 4                4740.12A    -2.425    0.0412      Fe 4                2567.40A    -3.082    0.0091
PAHC                3.23000m    -1.432    0.4048      Ar 5                6435.12A    -3.708    0.0021      Fe 4                2.71341m    -3.976    0.0012
PAHC                3.37000m    -1.576    0.2904      Ar 5                7005.83A    -3.376    0.0046      Fe 4                2.77325m    -3.653    0.0024
PAH                 6.20000m    -0.841    1.5778      Ar 5                7.89971m    -2.747    0.0196      Fe 4                6739.82A    -2.843    0.0157
PAHC                5.65000m    -0.781    1.8124      Ar 5                13.0985m    -2.531    0.0322      Fe 4                6761.38A    -3.344    0.0050
PAH                 7.90000m    -0.639    2.5107      Ar 6                4.52800m    -3.336    0.0051      Fe 4                6734.42A    -2.967    0.0118
PAHC                6.90000m    -0.588    2.8215      C  2                1036.34A    -3.539    0.0032      Fe 4                6997.10A    -3.666    0.0024
PAH                 11.3000m    -1.388    0.4473      C  2                1037.02A    -3.454    0.0038      Fe 4                6792.48A    -3.828    0.0016
PAHC                10.9000m    -1.322    0.5216      C  2                1334.53A    -3.445    0.0039      Fe 4                5233.76A    -3.427    0.0041
PAH                 11.8000m    -1.215    0.6668      C  2                1335.66A    -3.426    0.0041      Fe 4                5033.59A    -3.769    0.0019
PAHC                12.6500m    -1.331    0.5105      C  2                1335.71A    -3.185    0.0071      Fe 4                4906.56A    -3.121    0.0083
PAH                 13.3000m    -1.365    0.4722      C  2                2323.50A    -3.358    0.0048      Fe 4                4917.97A    -3.630    0.0026
PAHC                14.1000m    -1.287    0.5647      C  2                2324.69A    -3.136    0.0080      Fe 4                7222.76A    -3.604    0.0027
Bcon                3640.00A     0.916   90.2038      C  2                2325.40A    -2.339    0.0501      Fe 4                4899.97A    -3.463    0.0038
Pcon                5000.00A     0.636   47.2937      C  2                2326.93A    -2.576    0.0290      Fe 4                4903.07A    -3.443    0.0039
O3bn                5007.00A     0.116   14.2722      C  2                2328.12A    -3.083    0.0090      Fe 4                7183.99A    -3.792    0.0018
SX                  25.0000A    -0.783    1.8013      C  2                157.636m    -3.488    0.0036      Fe 4                4868.16A    -3.586    0.0028
HX                  4.70000A    -0.337    5.0344      C  3                1908.73A    -1.468    0.3727      Fe 4                4869.23A    -3.932    0.0013
ROSA                12.3980A    -0.580    2.8763      C  3                1906.68A    -1.293    0.5569      Fe 4                7191.23A    -3.834    0.0016
RRC.............................................      C  3                977.020A    -2.419    0.0417      Fe 4                4867.95A    -3.652    0.0024
grains..........................................      C  3                2296.87A    -3.996    0.0011      Fe 4                4206.59A    -3.707    0.0021
H-like iso-sequence.............................      Ca 4                3.20610m    -2.044    0.0988      Fe 4                4208.88A    -3.740    0.0020
H  1                1215.67A     0.354   24.7237      Fe 2                25.9813m    -2.544    0.0313      Fe 4                4144.20A    -3.747    0.0020
H  1                1025.72A    -3.020    0.0104      Fe 2                5.33871m    -2.069    0.0934      Fe 5                70.3538m    -2.310    0.0536
H  1                972.537A    -3.124    0.0082      Fe 2                1.25668m    -3.242    0.0063      Fe 5                36.3273m    -2.107    0.0855
H  1                949.743A    -3.181    0.0072      Fe 2                4287.39A    -3.177    0.0073      Fe 5                25.9131m    -2.211    0.0673
H  1                937.803A    -3.222    0.0066      Fe 2                2599.40A    -3.882    0.0014      Fe 5                20.8407m    -2.472    0.0369
H  1                930.748A    -3.255    0.0061      Fe 2                2382.04A    -2.830    0.0162      Fe 5                4180.59A    -2.948    0.0123
H  1                926.226A    -3.292    0.0056      Fe 2                35.3391m    -3.191    0.0070      Fe 5                4143.15A    -2.691    0.0223
H  1                923.150A    -3.325    0.0052      Fe 2                6.71944m    -3.208    0.0068      Fe 5                4227.19A    -1.982    0.1140
H  1                920.963A    -3.352    0.0049      Fe 2                4.88781m    -3.863    0.0015      Fe 5                4003.21A    -3.644    0.0025
H  1                919.351A    -3.512    0.0034      Fe 2                1.32055m    -3.739    0.0020      Fe 5                4071.24A    -2.712    0.0212
H  1                918.129A    -3.528    0.0032      Fe 2                7637.52A    -3.853    0.0015      Fe 5                3895.22A    -3.081    0.0091
H  1                917.181A    -3.540    0.0032      Fe 2                4889.62A    -3.959    0.0012      Fe 5                3851.34A    -3.347    0.0049
H  1                916.429A    -3.550    0.0031      Fe 2                4359.33A    -3.308    0.0054      Fe 5                3794.94A    -2.758    0.0191
H  1                915.824A    -3.559    0.0030      Fe 2                2625.67A    -2.411    0.0425      Fe 5                3755.70A    -3.039    0.0100
H  1                915.329A    -3.566    0.0030      Fe 2                2611.87A    -3.252    0.0061      Fe 5                3911.33A    -3.597    0.0028
H  1                914.919A    -3.572    0.0029      Fe 2                2395.63A    -3.238    0.0063      Fe 5                3839.27A    -2.730    0.0204
H  1                914.576A    -3.577    0.0029      Fe 2                2388.63A    -3.954    0.0012      Fe 5                3783.22A    -3.141    0.0079
H  1                914.286A    -3.579    0.0029      Fe 2                2364.83A    -3.615    0.0027      Fe 5                3891.28A    -2.907    0.0136
H  1                914.039A    -3.579    0.0029      Fe 2                51.2868m    -3.760    0.0019      Fe 5                3819.95A    -3.578    0.0029
H  1                913.826A    -3.574    0.0029      Fe 2                1.37181m    -3.982    0.0011      Fe 5                2.04669m    -3.866    0.0015
H  1                6562.80A    -0.595    2.7791      Fe 2                7686.93A    -3.980    0.0011      Fe 5                3445.62A    -3.483    0.0036
H  1                4861.32A    -1.039    1.0000      Fe 2                4413.78A    -3.459    0.0038      Fe 5                3400.41A    -3.851    0.0015
H  1                4340.46A    -1.364    0.4729      Fe 2                2631.32A    -3.084    0.0090      Fe 5                3463.51A    -3.434    0.0040
H  1                4101.73A    -1.620    0.2622      Fe 2                2617.62A    -4.024    0.0010      Fe 5                3406.89A    -3.970    0.0012
H  1                3970.07A    -1.831    0.1616      Fe 2                2607.09A    -3.933    0.0013      Fe 5                2828.24A    -3.522    0.0033
H  1                3889.05A    -2.010    0.1070      Fe 2                2404.89A    -3.730    0.0020      Fe 5                2780.40A    -4.018    0.0011
H  1                3835.38A    -2.165    0.0748      Fe 2                2380.76A    -3.184    0.0072      Fe 5                2750.88A    -3.829    0.0016
H  1                3797.90A    -2.303    0.0544      Fe 2                4452.10A    -3.651    0.0024      Fe 5                2730.21A    -3.739    0.0020
H  1                3770.63A    -2.311    0.0535      Fe 2                2631.05A    -3.982    0.0011      Fe 5                2717.82A    -3.779    0.0018
H  1                3750.15A    -2.415    0.0421      Fe 2                4474.90A    -3.964    0.0012      Fe 5                2707.36A    -3.728    0.0020
H  1                3734.37A    -2.511    0.0337      Fe 2                17.9311m    -2.825    0.0164      Fe 6                19.5527m    -1.849    0.1547
H  1                3721.94A    -2.599    0.0275      Fe 2                1.64355m    -2.064    0.0944      Fe 6                14.7670m    -2.067    0.0936
H  1                3711.97A    -2.680    0.0228      Fe 2                1.53348m    -3.012    0.0107      Fe 6                12.3074m    -2.331    0.0511
H  1                3703.85A    -2.756    0.0192      Fe 2                8616.95A    -3.263    0.0060      Fe 6                5335.18A    -2.516    0.0333
H  1                3697.15A    -2.826    0.0163      Fe 2                7155.17A    -2.982    0.0114      Fe 6                5484.84A    -2.771    0.0185
H  1                3691.55A    -2.890    0.0141      Fe 2                5273.36A    -3.473    0.0037      Fe 6                5631.07A    -2.668    0.0235
H  1                3686.83A    -2.948    0.0123      Fe 2                5158.79A    -2.839    0.0159      Fe 6                5277.81A    -3.020    0.0104
H  1                3682.81A    -3.001    0.0109      Fe 2                5111.64A    -3.770    0.0019      Fe 6                5424.22A    -2.689    0.0224
H  1                3679.35A    -3.045    0.0099      Fe 2                5072.41A    -3.524    0.0033      Fe 6                5676.95A    -2.629    0.0257
H  1                1.87510m    -1.557    0.3035      Fe 2                4814.54A    -3.792    0.0018      Fe 6                5426.64A    -2.959    0.0120
H  1                1.28181m    -1.848    0.1551      Fe 2                4243.97A    -3.172    0.0074      Fe 6                5234.28A    -3.492    0.0035
H  1                1.09381m    -2.097    0.0875      Fe 2                3376.20A    -3.885    0.0014      Fe 6                5370.29A    -3.578    0.0029
H  1                1.00494m    -2.305    0.0542      Fe 2                2493.30A    -2.826    0.0163      Fe 6                5145.75A    -2.319    0.0525
H  1                9545.97A    -2.483    0.0360      Fe 2                24.5126m    -3.475    0.0037      Fe 6                4972.47A    -2.335    0.0506
H  1                9229.02A    -2.638    0.0252      Fe 2                1.80940m    -2.665    0.0237      Fe 6                5176.04A    -2.373    0.0464
H  1                9014.91A    -2.776    0.0183      Fe 2                1.67688m    -3.437    0.0040      Fe 6                4967.14A    -2.744    0.0197
H  1                8862.79A    -2.826    0.0163      Fe 2                1.59948m    -3.399    0.0044      Fe 6                3813.54A    -3.375    0.0046
H  1                8750.48A    -2.930    0.0129      Fe 2                9051.95A    -3.105    0.0086      Fe 6                3889.40A    -3.173    0.0073
H  1                8665.02A    -3.025    0.0103      Fe 2                8891.93A    -3.579    0.0029      Fe 6                1.28877m    -3.654    0.0024
H  1                8598.40A    -3.113    0.0084      Fe 2                7452.56A    -3.474    0.0037      Fe 6                3662.50A    -3.137    0.0080
H  1                8545.39A    -3.195    0.0070      Fe 2                7172.00A    -3.685    0.0023      Fe 6                3573.86A    -4.017    0.0011
H  1                8502.49A    -3.270    0.0059      Fe 2                5527.36A    -3.843    0.0016      Fe 6                3492.10A    -3.769    0.0019
H  1                8467.26A    -3.339    0.0050      Fe 2                5433.15A    -3.987    0.0011      Fe 6                3555.60A    -3.459    0.0038
H  1                8437.96A    -3.404    0.0043      Fe 2                5261.63A    -3.243    0.0062      Fe 6                1.23303m    -3.367    0.0047
H  1                8413.32A    -3.462    0.0038      Fe 2                4947.39A    -3.735    0.0020      Fe 6                1.34929m    -3.172    0.0074
H  1                8392.40A    -3.514    0.0033      Fe 2                4346.86A    -3.799    0.0017      Fe 6                1.26742m    -3.542    0.0031
H  1                8374.48A    -3.559    0.0030      Fe 2                4276.84A    -3.717    0.0021      Fe 6                2145.08A    -4.019    0.0010
H  1                4.05115m    -2.209    0.0676      Fe 2                1.95361m    -3.576    0.0029      Fe 8                5.44514m    -3.933    0.0013
H  1                2.62515m    -2.426    0.0410      Fe 2                1.80002m    -3.453    0.0039      Mg 2                2802.71A    -1.654    0.2428
H  1                2.16553m    -2.628    0.0258      Fe 2                1.66377m    -3.687    0.0023      Mg 2                2795.53A    -1.358    0.4796
H  1                1.94456m    -2.804    0.0172      Fe 2                9399.04A    -3.527    0.0033      Mg 4                4.48711m    -1.961    0.1198
H  1                1.81741m    -2.959    0.0120      Fe 2                9226.63A    -3.523    0.0033      Mg 5                5.60700m    -2.041    0.0996
H  1                1.73621m    -3.097    0.0087      Fe 2                7388.17A    -3.806    0.0017      Mg 5                13.5464m    -3.115    0.0084
H  1                1.68065m    -3.195    0.0070      Fe 2                5333.66A    -3.538    0.0032      Mg 5                2782.76A    -2.924    0.0130
H  1                1.64072m    -3.299    0.0055      Fe 2                5049.30A    -3.909    0.0013      Mg 5                2928.09A    -3.490    0.0035
H  1                1.61093m    -3.394    0.0044      Fe 2                5005.52A    -3.977    0.0012      N  2                121.769m    -3.488    0.0036
H  1                1.58805m    -3.481    0.0036      Fe 2                4352.79A    -4.033    0.0010      N  2                6548.05A    -2.117    0.0835
H  1                1.57007m    -3.562    0.0030      Fe 2                1.79711m    -3.731    0.0020      N  2                6583.45A    -1.648    0.2461
H  1                1.55565m    -3.638    0.0025      Fe 2                1.74494m    -4.009    0.0011      N  2                5754.59A    -3.344    0.0049
H  1                1.54389m    -3.707    0.0021      Fe 2                9470.94A    -3.913    0.0013      N  2                2139.01A    -3.662    0.0024
H  1                1.53418m    -3.771    0.0019      Fe 2                9267.56A    -3.991    0.0011      N  2                2142.77A    -3.271    0.0059
H  1                1.52605m    -3.830    0.0016      Fe 2                5376.47A    -3.904    0.0014      N  2                1085.70A    -3.682    0.0023
H  1                1.51919m    -3.882    0.0014      Fe 2                2755.74A    -3.521    0.0033      N  2                1084.58A    -3.765    0.0019
H  1                1.51332m    -3.926    0.0013      Fe 2                2739.55A    -3.811    0.0017      N  2                1085.55A    -3.742    0.0020
H  1                7.45782m    -2.728    0.0204      Fe 2                2772.73A    -3.859    0.0015      N  2                1083.99A    -3.767    0.0019
H  1                4.65251m    -2.896    0.0139      Fe 2                2.22379m    -3.970    0.0012      N  2                1084.56A    -3.870    0.0015
H  1                3.73954m    -3.063    0.0095      Fe 3                22.9190m    -2.206    0.0680      N  2                915.612A    -3.755    0.0019
H  1                3.29609m    -3.215    0.0067      Fe 3                4985.87A    -2.764    0.0188      N  2                916.020A    -3.920    0.0013
H  1                3.03837m    -3.352    0.0049      Fe 3                4924.54A    -3.478    0.0036      N  2                916.710A    -3.857    0.0015
H  1                2.87221m    -3.484    0.0036      Fe 3                4881.00A    -2.584    0.0285      N  2                916.012A    -3.855    0.0015
H  1                2.75752m    -3.587    0.0028      Fe 3                4658.05A    -2.089    0.0890      N  2                916.701A    -3.621    0.0026
H  1                2.67440m    -3.682    0.0023      Fe 3                4607.03A    -3.365    0.0047      N  2                915.962A    -3.693    0.0022
H  1                2.61194m    -3.769    0.0019      Fe 3                4008.35A    -3.224    0.0065      N  3                57.3238m    -1.590    0.2812
H  1                2.56363m    -3.850    0.0015      Fe 3                3322.54A    -2.955    0.0121      N  3                1748.65A    -3.323    0.0052
H  1                2.52540m    -3.924    0.0013      Fe 3                3239.74A    -3.033    0.0101      N  3                1753.99A    -3.307    0.0054
H  1                2.49458m    -3.994    0.0011      Fe 3                2438.29A    -3.364    0.0047      N  3                1746.82A    -3.680    0.0023
H  1                12.3685m    -3.164    0.0075      Fe 3                1576.66A    -3.848    0.0016      N  3                1752.16A    -2.840    0.0158
H  1                7.50045m    -3.296    0.0055      Fe 3                33.0270m    -2.756    0.0192      N  3                1749.67A    -2.742    0.0198
H  1                5.90660m    -3.438    0.0040      Fe 3                5270.40A    -2.375    0.0461      N  3                989.799A    -3.681    0.0023
H  1                5.12726m    -3.570    0.0029      Fe 3                4987.21A    -3.324    0.0052      N  3                991.511A    -3.421    0.0041
H  1                4.67124m    -3.723    0.0021      Fe 3                4754.69A    -2.815    0.0167      N  3                991.577A    -3.487    0.0036
H  1                4.37526m    -3.824    0.0016      Fe 3                4701.54A    -2.653    0.0243      Na 3                7.31570m    -2.952    0.0122
H  1                4.16966m    -3.918    0.0013      Fe 3                4667.01A    -3.699    0.0022      Na 4                9.03096m    -3.116    0.0084
H  1                4.01977m    -4.005    0.0011      Fe 3                4079.70A    -3.783    0.0018      Na 4                3241.50A    -3.711    0.0021
H  1                19.0567m    -3.539    0.0032      Fe 3                3371.41A    -3.088    0.0089      Ne 4                2421.66A    -2.381    0.0455
H  1                11.3056m    -3.645    0.0025      Fe 3                3286.19A    -3.549    0.0031      Ne 4                2424.28A    -2.232    0.0641
H  1                8.75768m    -3.767    0.0019      Fe 3                2464.51A    -3.506    0.0034      Ne 4                1601.45A    -3.905    0.0014
H  1                7.50606m    -3.927    0.0013      Fe 3                51.6655m    -3.403    0.0043      Ne 6                7.65019m    -2.876    0.0146
H  1                6.77015m    -4.027    0.0010      Fe 3                5011.26A    -3.037    0.0100      Ni 2                1.19102m    -3.401    0.0043
H  1                27.7958m    -3.869    0.0015      Fe 3                4769.43A    -3.120    0.0083      Ni 2                6.63416m    -3.438    0.0040
H  1                16.2047m    -3.956    0.0012      Fe 3                4733.91A    -3.158    0.0076      Ni 2                1.07151m    -3.984    0.0011
He 2                1640.41A    -0.960    1.2000      Fe 3                3406.18A    -3.452    0.0039      Ni 2                10.6793m    -3.621    0.0026
He 2                1215.13A    -1.432    0.4043      Fe 3                3334.90A    -3.559    0.0030      Ni 2                7377.83A    -2.953    0.0122
He 2                1084.94A    -1.769    0.1860      Fe 3                3319.22A    -3.715    0.0021      Ni 2                1.93877m    -3.661    0.0024
He 2                1025.27A    -2.029    0.1024      Fe 3                2483.05A    -3.676    0.0023      O  4                25.8863m    -0.457    3.8151
He 2                992.358A    -2.239    0.0631      Fe 3                5411.98A    -3.431    0.0041      O  4                1399.78A    -3.809    0.0017
He 2                972.106A    -2.416    0.0420      Fe 3                4930.54A    -3.710    0.0021      O  4                1407.38A    -3.814    0.0017
He 2                958.693A    -2.568    0.0296      Fe 3                4777.68A    -3.478    0.0036      O  4                1404.81A    -3.387    0.0045
He 2                949.323A    -2.701    0.0218      Fe 3                3356.57A    -3.639    0.0025      O  4                1401.16A    -3.416    0.0042
He 2                942.507A    -2.571    0.0293      Fe 3                3355.48A    -3.898    0.0014      O  6                1037.61A    -3.796    0.0017
He 2                937.389A    -2.666    0.0236      Fe 3                2495.04A    -3.914    0.0013      O  6                1031.91A    -3.722    0.0021
He 2                933.444A    -2.753    0.0193      Fe 3                5084.77A    -3.812    0.0017      P  5                1117.98A    -3.990    0.0011
He 2                930.337A    -2.833    0.0161      Fe 3                3366.21A    -3.961    0.0012      S  4                10.5076m    -0.541    3.1465
He 2                927.846A    -2.907    0.0136      Fe 3                40.0371m    -4.001    0.0011      S  4                1416.89A    -3.692    0.0022
He 2                925.816A    -2.975    0.0116      Fe 3                2.21782m    -3.172    0.0074      S  4                1406.02A    -3.652    0.0024
He 2                924.142A    -3.038    0.0100      Fe 3                9701.27A    -3.394    0.0044      S  4                1073.52A    -3.882    0.0014
He 2                922.743A    -3.096    0.0088      Fe 3                2.34788m    -3.350    0.0049      S  4                1072.97A    -3.981    0.0011
He 2                921.562A    -3.149    0.0078      Fe 3                9942.18A    -3.588    0.0028      S  6                944.523A    -3.864    0.0015
He 2                920.556A    -3.196    0.0070      Fe 3                2.24204m    -3.914    0.0013      S  6                933.378A    -3.784    0.0018
He 2                919.693A    -3.235    0.0064      Fe 3                3.22847m    -3.697    0.0022      Si 6                1.96247m    -2.982    0.0114
He 2                4685.68A    -1.845    0.1563      Fe 3                2.87385m    -3.651    0.0024      level 1 lines...................................
He 2                3203.08A    -2.168    0.0743      Fe 7                9.50763m    -2.328    0.0514      recombination...................................
He 2                2733.28A    -2.431    0.0405      Fe 7                5720.71A    -3.145    0.0078      level2 lines....................................
He 2                2511.19A    -2.648    0.0246      Fe 7                4988.55A    -3.359    0.0048      N  1                942.258A    -3.834    0.0016
He 2                2385.39A    -2.830    0.0162      Fe 7                4893.37A    -3.632    0.0026      O  1                976.791A    -3.698    0.0022
He 2                2306.18A    -2.986    0.0113      Fe 7                7.81037m    -2.864    0.0150      O  1                969.049A    -3.697    0.0022
He 2                2252.67A    -3.124    0.0082      Fe 7                6086.97A    -2.971    0.0117      O  1                946.387A    -3.743    0.0020
He 2                2214.65A    -3.087    0.0090      Fe 7                5158.89A    -3.499    0.0035      O  1                934.501A    -3.779    0.0018
He 2                2186.59A    -3.181    0.0072      Fe 7                4942.48A    -4.037    0.0010      O  1                973.577A    -3.795    0.0018
He 2                2165.23A    -3.267    0.0059      Fe 7                3586.32A    -3.602    0.0027      O  1                927.472A    -3.813    0.0017
He 2                2148.58A    -3.347    0.0049      Fe 7                3758.92A    -3.448    0.0039      O  1                948.506A    -3.855    0.0015
He 2                2135.34A    -3.421    0.0042      K  3                4.61683m    -3.148    0.0078      O  1                922.969A    -3.852    0.0015
He 2                2124.61A    -3.489    0.0035      K  4                5.98030m    -3.245    0.0062      O  1                919.912A    -3.889    0.0014
He 2                2115.81A    -3.552    0.0031      Mg 1                2852.13A    -3.150    0.0077      O  1                935.672A    -3.918    0.0013
He 2                2108.49A    -3.610    0.0027      Mg 1                4562.60A    -3.164    0.0075      O  1                917.726A    -3.930    0.0013
He 2                2102.33A    -3.663    0.0024      Mg 1                4571.10A    -3.596    0.0028      O  1                918.704A    -3.963    0.0012
He 2                2097.10A    -3.710    0.0021      Mn 2                2576.10A    -3.991    0.0011      O  1                928.186A    -3.986    0.0011
He 2                2092.63A    -3.749    0.0020      N  1                1134.17A    -3.945    0.0012      O  1                917.473A    -4.008    0.0011
He 2                1.01235m    -2.461    0.0379      N  1                1134.41A    -3.863    0.0015      Si 2                1179.59A    -3.198    0.0069
He 2                6560.01A    -2.698    0.0219      N  1                1134.98A    -3.826    0.0016      Si 2                993.354A    -3.712    0.0021
He 2                5411.45A    -2.913    0.0134      N  1                1199.55A    -3.530    0.0032      Si 2                1024.03A    -3.887    0.0014
He 2                4859.26A    -3.097    0.0087      N  1                1200.22A    -3.571    0.0029      P  2                967.202A    -3.981    0.0011
He 2                4541.54A    -3.257    0.0061      N  1                1200.71A    -3.698    0.0022      P  2                963.828A    -3.899    0.0014
He 2                4338.62A    -3.397    0.0044      N  1                5197.90A    -3.872    0.0015      Ti 2                3364.74A    -3.847    0.0016
He 2                4199.78A    -3.455    0.0038      N  1                5200.26A    -3.885    0.0014      Ti 2                3237.15A    -4.026    0.0010
He 2                4099.99A    -3.548    0.0031      N  4                1486.50A    -2.763    0.0189      Cr 2                2059.78A    -3.927    0.0013
He 2                4025.55A    -3.635    0.0025      N  4                1483.32A    -2.617    0.0264      Ni 2                1751.83A    -3.970    0.0012
He 2                3968.39A    -3.714    0.0021      N  5                1238.82A    -3.508    0.0034      Ni 2                1744.24A    -3.900    0.0014
He 2                3923.44A    -3.788    0.0018      N  5                1242.80A    -3.610    0.0027      Ni 2                1375.73A    -3.981    0.0011
He 2                3887.40A    -3.856    0.0015      Ne 2                12.8101m    -3.062    0.0095      Ni 2                1324.11A    -3.990    0.0011
He 2                3858.03A    -3.919    0.0013      Ne 3                15.5509m    -1.116    0.8375      hyperfine structure.............................
He 2                3833.76A    -3.977    0.0012      Ne 3                3868.76A    -1.206    0.6806      inner shell.....................................
He 2                3813.45A    -4.029    0.0010      Ne 3                36.0036m    -2.158    0.0759      molecules.......................................
He 2                1.86365m    -2.962    0.0119      Ne 3                3967.47A    -1.724    0.2066      bands...........................................
He 2                1.16262m    -3.140    0.0079      Ne 3                1814.56A    -3.536    0.0032      Fe 2b               2500.00A    -1.913    0.1337
He 2                9344.80A    -3.317    0.0053      Ne 3                3342.18A    -4.017    0.0011      Fe 2b               5000.00A    -2.067    0.0938
He 2                8236.67A    -3.476    0.0037      Ne 5                24.3108m    -1.544    0.3129      Fe 2b               7000.00A    -2.667    0.0235
He 2                7592.65A    -3.616    0.0026      Ne 5                14.3178m    -1.678    0.2295      Fe 2b               10000.0A    -1.754    0.1927
He 2                7177.41A    -3.744    0.0020      Ne 5                3345.82A    -2.923    0.0131      Fe 2b               2355.00A    -2.396    0.0439
He 2                6890.80A    -3.837    0.0016      Ne 5                3425.88A    -2.491    0.0353      Fe 2b               2430.00A    -1.940    0.1256
He 2                6683.11A    -3.922    0.0013      O  1                1040.94A    -3.883    0.0014      Fe 2b               2445.00A    -1.940    0.1256
He 2                6527.01A    -4.001    0.0011      O  1                1304.86A    -3.338    0.0050      Fe 2b               2495.00A    -2.821    0.0165
He 2                3.09080m    -3.390    0.0045      O  1                1306.03A    -3.816    0.0017      Fe 2b               2610.00A    -2.224    0.0653
He 2                1.87431m    -3.525    0.0033      O  1                6300.30A    -2.603    0.0273      Fe 2b               2758.00A    -3.175    0.0073
He 2                1.47602m    -3.672    0.0023      O  1                6363.78A    -3.099    0.0087      Fe 2b               2780.00A    -3.149    0.0078
He 2                1.28127m    -3.809    0.0017      O  1                63.1679m    -3.151    0.0077      Fe 2b               3250.00A    -3.663    0.0024
He 2                1.16730m    -3.982    0.0011      O  2                2470.22A    -3.356    0.0048      Fe 2b               3590.00A    -3.733    0.0020
He 2                4.76213m    -3.764    0.0019      O  2                2470.34A    -2.765    0.0188      Fe 2b               4255.00A    -2.528    0.0325
He 2                2.82519m    -3.867    0.0015      O  2                7318.92A    -3.437    0.0040      Fe 2b               4558.00A    -3.277    0.0058
He 2                2.18848m    -3.990    0.0011      O  2                7319.99A    -2.957    0.0121      Fe 2b               4600.00A    -3.243    0.0063
He-like iso-sequence............................      O  2                7329.67A    -3.215    0.0067      Fe 2b               4743.00A    -3.942    0.0012
He 1                1.08291m    -2.677    0.0230      O  2                7330.73A    -3.226    0.0065      Fe 2b               4855.00A    -3.367    0.0047
He 1                1.08302m    -2.134    0.0804      O  2                3728.81A    -1.377    0.4588      Fe 2b               4920.00A    -2.852    0.0154
He 1                1.08303m    -1.836    0.1594      O  2                3726.03A    -1.379    0.4576      Fe 2b               4975.00A    -3.381    0.0045
Blnd                1.08302m    -1.619    0.2628      O  3                88.3323m    -0.975    1.1589      Fe 2b               4971.00A    -3.416    0.0042
He 1                3888.64A    -2.245    0.0622      O  3                4931.23A    -3.774    0.0018      Fe 2b               5070.00A    -3.304    0.0054
He 1                3187.74A    -2.597    0.0277      O  3                51.8004m    -0.624    2.5986      Fe 2b               5143.00A    -2.762    0.0189
He 1                2945.10A    -2.880    0.0144      O  3                4958.91A    -0.365    4.7244      Fe 2b               5270.00A    -2.477    0.0365
He 1                2829.08A    -3.115    0.0084      O  3                2320.95A    -2.596    0.0277      Fe 2b               5318.00A    -2.794    0.0176
He 1                2760.44A    -3.749    0.0019      O  3                1660.81A    -2.432    0.0404      Fe 2b               5540.00A    -3.642    0.0025
He 1                2721.00A    -3.876    0.0015      O  3                5006.84A     0.096   13.6547      Fe 2b               7445.00A    -2.693    0.0222
He 1                2694.61A    -3.996    0.0011      O  3                1666.15A    -2.033    0.1013      Fe 2b               8625.00A    -2.624    0.0260
He 1                2.05813m    -2.963    0.0119      O  3                4363.21A    -1.968    0.1176      Fe 2b               1.03250m    -3.629    0.0026
He 1                5015.68A    -2.740    0.0199      O  5                1213.81A    -3.942    0.0013      Fe 2b               1.88900m    -2.483    0.0360
He 1                3964.73A    -3.129    0.0081      P  2                32.8620m    -3.961    0.0012      Fe 2b               2.20000m    -3.895    0.0014
He 1                3613.64A    -3.434    0.0040      P  2                1.14682m    -3.641    0.0025      miscellaneous...................................
He 1                3447.59A    -3.686    0.0023      P  2                1.18828m    -3.218    0.0066      C 2R                1335.00A    -2.043    0.0990
He 1                7065.71A    -3.423    0.0041      P  3                17.8797m    -3.278    0.0058      C 3R                977.000A    -2.180    0.0723
He 1                7065.21A    -2.945    0.0124      P  4                950.657A    -3.810    0.0017      C 3R                1909.00A    -2.336    0.0505
He 1                7065.18A    -2.724    0.0207      S  2                6730.82A    -1.861    0.1505      C 3R                1175.00A    -2.516    0.0333
Blnd                7065.25A    -2.468    0.0372      S  2                6716.44A    -1.872    0.1467      C 4R                1549.00A    -3.125    0.0082
He 1                5875.98A    -3.045    0.0099      S  2                4076.35A    -3.242    0.0063      N 2R                1085.00A    -3.156    0.0076
He 1                5875.64A    -2.568    0.0296      S  2                4068.60A    -2.746    0.0196      N 3R                990.000A    -2.255    0.0609
He 1                5875.61A    -2.346    0.0493      S  2                1.03364m    -3.381    0.0046      O 2R                3729.00A    -3.080    0.0091
Blnd                5875.66A    -2.091    0.0888      S  2                1.02867m    -3.372    0.0046      O 2R                4651.00A    -3.354    0.0048
He 1                4713.16A    -3.877    0.0015      S  2                1.03705m    -3.702    0.0022      O 2R                4341.00A    -3.630    0.0026
He 1                4713.14A    -3.655    0.0024      S  2                1.03205m    -3.238    0.0063      Blnd                1400.00A    -2.054    0.0965
Blnd                4713.17A    -3.400    0.0044      S  2                1259.52A    -3.920    0.0013      Blnd                1650.00A    -0.911    1.3417
He 1                4471.69A    -3.466    0.0037      S  2                1253.81A    -3.961    0.0012      Blnd                1304.00A    -3.164    0.0075
He 1                4471.49A    -2.989    0.0112      S  3                33.4704m    -1.420    0.4163      Blnd                1039.00A    -3.679    0.0023
He 1                4471.47A    -2.767    0.0187      S  3                18.7078m    -1.383    0.4526      Blnd                2798.00A    -1.180    0.7224
Blnd                4471.50A    -2.512    0.0336      S  3                9068.62A    -1.463    0.3769      Blnd                6720.00A    -1.566    0.2973
Blnd                4120.84A    -3.873    0.0015      S  3                9530.62A    -1.063    0.9468      Blnd                4074.00A    -2.626    0.0259
He 1                4026.36A    -3.786    0.0018      S  3                3721.63A    -2.826    0.0163      Blnd                1.03300m    -2.734    0.0202
He 1                4026.20A    -3.309    0.0054      S  3                6312.06A    -2.552    0.0307      Blnd                1256.00A    -3.501    0.0034
He 1                4026.19A    -3.087    0.0090      S  3                1713.11A    -3.684    0.0023      Blnd                1198.00A    -3.290    0.0056
Blnd                4026.21A    -2.832    0.0161      S  3                1728.94A    -3.231    0.0064      Blnd                1720.00A    -3.100    0.0087
He 1                3819.61A    -3.568    0.0030      S  3                1194.45A    -3.818    0.0017      Blnd                3722.00A    -2.820    0.0166
He 1                3819.60A    -3.346    0.0049      S  3                1201.73A    -3.978    0.0012      Blnd                1406.00A    -3.246    0.0062
Blnd                3819.62A    -3.091    0.0089      S  3                1200.97A    -3.976    0.0012      Blnd                2665.00A    -2.458    0.0381
He 1                3704.90A    -3.985    0.0011      S  3                1015.50A    -3.973    0.0012      Blnd                1860.00A    -2.720    0.0208
He 1                3704.76A    -3.508    0.0034      S  3                1021.11A    -3.656    0.0024      Blnd                4725.00A    -2.046    0.0984
He 1                3704.75A    -3.286    0.0057      S  3                1021.32A    -3.765    0.0019      Blnd                2860.00A    -3.082    0.0091
Blnd                3704.77A    -3.030    0.0102      Si 2                34.8046m    -1.755    0.1924      Blnd                7250.00A    -3.650    0.0024
He 1                3634.08A    -3.672    0.0023      Si 2                2334.41A    -3.168    0.0074      Blnd                2335.00A    -2.146    0.0782
He 1                3634.07A    -3.450    0.0039      Si 2                2328.52A    -3.742    0.0020      Blnd                1888.00A    -1.499    0.3470
Blnd                3634.09A    -3.195    0.0070      Si 2                1808.01A    -2.907    0.0136      Blnd                1397.00A    -2.116    0.0838
He 1                3587.16A    -3.816    0.0017      Si 2                1526.71A    -3.802    0.0017      Blnd                2424.00A    -1.999    0.1096
He 1                3587.15A    -3.594    0.0028      Si 2                1260.42A    -3.674    0.0023      Blnd                3350.00A    -3.672    0.0023
Blnd                3587.17A    -3.339    0.0050      Si 2                1193.29A    -3.825    0.0016      Blnd                5525.00A    -2.609    0.0269
He 1                3554.34A    -3.944    0.0012      Si 2                1190.42A    -3.955    0.0012      Blnd                8579.00A    -3.407    0.0043
He 1                3554.33A    -3.722    0.0021      Si 2                2350.17A    -3.041    0.0099      Blnd                7306.00A    -2.674    0.0231
Blnd                3554.35A    -3.467    0.0037      Si 2                2344.20A    -2.594    0.0279      Blnd                3933.00A    -3.159    0.0076
He 1                3530.43A    -3.839    0.0016      Si 2                2334.60A    -2.549    0.0309      Blnd                2326.00A    -2.035    0.1010
Blnd                3530.44A    -3.584    0.0029      Si 2                1817.45A    -3.092    0.0089      Blnd                1335.00A    -2.858    0.0152
He 1                3512.46A    -3.945    0.0012      Si 2                1816.93A    -2.565    0.0298      Blnd                1909.00A    -1.071    0.9295
Blnd                3512.48A    -3.690    0.0022      Si 2                1533.43A    -3.138    0.0080      Blnd                1549.00A    -1.304    0.5430
Blnd                3498.62A    -3.787    0.0018      Si 2                1309.28A    -3.464    0.0038      Blnd                5199.00A    -3.578    0.0029
Blnd                3487.70A    -3.877    0.0015      Si 2                1265.00A    -3.238    0.0063      Blnd                1085.00A    -3.049    0.0098
Blnd                3478.95A    -3.960    0.0012      Si 2                1264.74A    -3.378    0.0046      Blnd                2141.00A    -3.123    0.0082
Blnd                3471.81A    -4.037    0.0010      Si 2                1197.39A    -3.346    0.0049      Blnd                1750.00A    -2.353    0.0485
He 1                3439.98A    -3.873    0.0015      Si 2                1194.50A    -3.285    0.0057      Blnd                990.000A    -3.040    0.0100
Blnd                3440.00A    -3.618    0.0026      Si 3                1892.03A    -1.890    0.1410      Blnd                1486.00A    -2.383    0.0453
He 1                7281.35A    -3.319    0.0052      Si 3                1882.71A    -1.725    0.2060      Blnd                1240.00A    -3.255    0.0061
He 1                6678.15A    -2.660    0.0239      Si 3                1206.50A    -2.670    0.0234      Blnd                6300.00A    -2.482    0.0360
He 1                5047.74A    -3.901    0.0014      Si 4                1393.75A    -2.307    0.0540      Blnd                2471.00A    -2.666    0.0236
He 1                4921.93A    -3.089    0.0089      Si 4                1402.77A    -2.564    0.0299      Blnd                7323.00A    -2.833    0.0161
He 1                4387.93A    -3.408    0.0043      Al 2                2669.15A    -2.840    0.0158      Blnd                7332.00A    -2.920    0.0132
He 1                4143.76A    -3.665    0.0024      Al 2                2660.35A    -2.691    0.0223      Blnd                3727.00A    -1.077    0.9164
He 1                4009.05A    -3.667    0.0024      Al 2                1670.79A    -3.030    0.0102      Blnd                7325.00A    -2.573    0.0292
He 1                3926.41A    -3.833    0.0016      Al 5                2.90450m    -3.106    0.0086      Blnd                1666.00A    -1.888    0.1417
He 1                3871.69A    -3.979    0.0011      C  4                1550.77A    -1.774    0.1841      Blnd                5007.00A     0.225   18.3809
He 1                4.29471m    -3.520    0.0033      C  4                1548.19A    -1.484    0.3590      Blnd                1402.00A    -2.936    0.0127
He 1                1.25275m    -3.727    0.0021      Ca 2                7323.89A    -3.079    0.0091      Blnd                1218.00A    -3.712    0.0021
He 1                9463.58A    -3.924    0.0013      Ca 2                7291.47A    -2.892    0.0140      Blnd                1035.00A    -3.457    0.0038



 AGN log nH=2.78 log U=-2.00  
 Cooling:  O  3c                     0  :0.446 O  4c                     0  :0.076 S  4c                     0  :0.063  
 Heating:  BFH1                      0  :0.710 BFHe                      0  :0.232 TotM                      0  :0.050  

 These are some of the most important databases used by Cloudy:
 Many recombination coefficients were taken from http://amdpp.phys.strath.ac.uk/tamoc/RR/ and http://amdpp.phys.strath.ac.uk/tamoc/DR/
      and are based on the following papers:
        Badnell N. R., et al., A&A 406, 1151 (2003) [http://adsabs.harvard.edu/abs/2003A%26A...406.1151B]
        Badnell N. R., ApJS 167, 334 (2006) [http://adsabs.harvard.edu/abs/2006ApJS..167..334B]
 Much of the molecular emission data is from LAMDA as accessed on June 30, 2015. This database is described in:
        Schoeier F.L., et al., A&A 432, 369 (2005) [http://adsabs.harvard.edu/abs/2005A%26A...432..369S]
      This database is in part based on the work of the following groups:
        JPL: Pickett H. M. et al., JQSRT, 60, 883 (1998). [http://adsabs.harvard.edu/abs/1998JQSRT..60..883P]
        CDMS: Mueller H. S. et al., A&A 370, L49 (2001). [http://adsabs.harvard.edu/abs/2001A%26A...370L..49M]
              Mueller H. S. et al., J. Mol. Struct. 742, 215 (2005). [http://adsabs.harvard.edu/abs/2005JMoSt.742..215M]
 Some of the ionic emission data is from a reprocessed version of 10.1 of CHIANTI. CHIANTI is a collaborative project involving the NRL (USA), the
      Universities of Florence (Italy) and Cambridge (UK), and George Mason University (USA). These papers describe Chianti:
        Dere K. P., et al., A&AS, 125, 149 (1997) [http://adsabs.harvard.edu/abs/1997A%26AS..125..149D]
        Dere, K. P., et al., APJ, 268, 52 (2023) [https://ui.adsabs.harvard.edu/abs/2023ApJS..268...52D]
      This paper describes the reprocessed version of Chianti used:
        Gunasekera, C. M., et al., Astronomy, 1, 255. (2022) [https://ui.adsabs.harvard.edu/abs/2022Astro...1..255G]
 Much of the H_2 data is from this web site: http://molat.obspm.fr/index.php?page=pages/Molecules/H2/H2can94.php. These data are
      described in:
        Abgrall H. et al., Can. J. Phys., 72, 856 (1994) [http://adsabs.harvard.edu/abs/1994CaJPh..72..856A]
        Wrathmall S. A. & Flower D. R., J. Phys. B, 40, 3221 (2007) [http://adsabs.harvard.edu/abs/2007JPhB...40.3221W]
 The Case A and Case B recombination predictions for one-electron systems are from
	Storey, P.J. & Hummer, D.G., 1995, MNRAS 272, 41 http://adsabs.harvard.edu/abs/1995MNRAS.272...41S
 The He I recombination predictions are from
	Porter, R. L.; Ferland, G. J.; Storey, P. J.; Detisch, M. J., 2012, MNRAS, 425, 28p http://adsabs.harvard.edu/abs/2012MNRAS.425L..28P
		http://adsabs.harvard.edu/abs/2013MNRAS.433L..89P

 If you find some process or data set to be particularly critical to a result, please follow the trail of references back to the
 original source and cite that.  This will support and encourage atomic, molecular, and chemical physicists to continue their
 valuable work.

 IONIZE PARMET:  U(1-) -2.0000  U(4-): -2.9409  U(sp): -2.00  Q(ion):    8.439  L(ion)  0.422    Q(low): 13.594    L(low)  1.287
 ENERGY BUDGET:  Heat:   0.662  Coolg:   0.662  Error:  0.0%  Rec Lin:   0.223  F-F  H  0.000    P(rad/tot)max     9.61E-02    R(F Con):1.737e+05

     Col(Heff):      8.785E+20  snd travl time  1.73E+12 sec  Te-low: 3.94E+03  Te-hi: 1.22E+04  G0TH85: 1.60E+03  G0DB96:1.71E+03
  Emiss Measure    n(e)n(p) dl       7.770E+23  n(e)n(He+)dl         5.385E+22  En(e)n(He++) dl         1.291E+22  ne nC+:8.12E+18
 He/Ha:7.78E-02  =   0.91*true  Lthin:6.99E+01  itr/zn: 6.29  H2 itr/zn:  0.00  File Opacity: F  MassTot 2.78e-03  (gm/cm^2)
   Temps(21 cm)   T(21cm/Ly a)  4.01E+03        T(<nH/Tkin>)  8.27E+03          T(<nH/Tspin>)    4.31E+03          TB21cm:8.69E-01
                   N(H0/Tspin)  7.63E+15        N(OH/Tkin)    3.75E+03          B(21cm)          0.00E+00
   <a>:1.45E-07  erdeFe4.7E+22  Tcompt1.74E+08  Tthr8.29E+09  <Tden>: 1.07E+04  <dens>:1.36E-21  <MolWgt>6.36E-01
     Mean Jeans  l(cm)1.62E+20  M(sun)1.52E+06  smallest:     len(cm):9.83E+19  M(sun):3.41E+05  a_ox tran: -1.41
 Rion:1.000E+30  Dist:0.00E+00  Diam:0.000E+00
 Hatom level 70  HatomType: add  HInducImp  F  He tot level: 63  He2 level:   70  ExecTime   200.3
 ConvrgError(%)  <eden>  0.048  MaxEden  0.344  <H-C>   0.10  Max(H-C)    0.44  <Press>   0.000  MaxPrs er  0.000
  Continuity(%)  chng Te   3.4  elec den   6.0  n(H2)    0.0  n(CO)        0.0

                                                        Averaged Quantities
             Te      Te(Ne)   Te(NeNp)  Te(NeHe+)Te(NeHe2+) Te(NeO+)  Te(NeO2+)  Te(H2)     N(H)     Ne(O2+)   Ne(Np)
 Radius:  1.07e+04  1.07e+04  1.07e+04  1.07e+04  1.10e+04  1.12e+04  1.07e+04  5.11e+03  5.99e+02  6.52e+02  6.53e+02
 
 Peimbert T(OIIIr)9.90E+03 T(Bac)1.02E+04 T(Hth)1.01E+04 t2(Hstrc) 5.92e-03 T(O3-BAC)1.00E+04 t2(O3-BC)-3.97e-03 t2(O3str) 6.57e-03

 Contin Optical Depths: COMP: 8.74e-04    H-: 1.49e-05 R(1300): 2.21e-04  H2+: 4.27e-07  Bra:8.74E-04
                          Pa: 8.74e-04    Ba: 8.88e-04      Hb: 8.85e-04   La: 5.44e-01     1r:2.083E+02  1.8:4.97E+01 4.:1.399E+02

 Old, new H  1 continuum optical depths:
     1 2.08e+02     2 7.87e-06     3 1.52e-05     4 1.52e-05     5 1.52e-05     6 3.88e-06     7 3.88e-06     8 3.88e-06
     9 3.88e-06    10 1.70e-12    11 1.70e-12    12 1.70e-12    13 1.70e-12    14 1.70e-12    15 3.95e-12    16 3.95e-12
    17 3.95e-12    18 3.95e-12    19 3.95e-12    20 3.95e-12    21 8.18e-12    22 8.18e-12    23 8.18e-12    24 8.18e-12
    25 8.18e-12    26 8.18e-12    27 8.18e-12    28 1.55e-11    29 1.55e-11    30 1.55e-11    31 1.55e-11    32 1.55e-11
    33 1.55e-11    34 1.55e-11    35 1.55e-11    36 2.77e-11    37 2.77e-11    38 2.77e-11    39 2.77e-11    40 2.77e-11
    41 2.77e-11    42 2.77e-11    43 2.77e-11    44 2.77e-11    45 4.67e-11    46 4.67e-11    47 4.67e-11    48 4.67e-11
    49 4.67e-11    50 4.67e-11    51 4.67e-11    52 4.67e-11    53 4.67e-11    54 4.67e-11
     1 2.08e+02     2 7.86e-06     3 1.52e-05     4 1.52e-05     5 1.52e-05     6 3.88e-06     7 3.88e-06     8 3.88e-06
     9 3.88e-06    10 1.70e-12    11 1.70e-12    12 1.70e-12    13 1.70e-12    14 1.70e-12    15 3.95e-12    16 3.95e-12
    17 3.95e-12    18 3.95e-12    19 3.95e-12    20 3.95e-12    21 8.18e-12    22 8.18e-12    23 8.18e-12    24 8.18e-12
    25 8.18e-12    26 8.18e-12    27 8.18e-12    28 1.55e-11    29 1.55e-11    30 1.55e-11    31 1.55e-11    32 1.55e-11
    33 1.55e-11    34 1.55e-11    35 1.55e-11    36 2.77e-11    37 2.77e-11    38 2.77e-11    39 2.77e-11    40 2.77e-11
    41 2.77e-11    42 2.77e-11    43 2.77e-11    44 2.77e-11    45 4.67e-11    46 4.67e-11    47 4.67e-11    48 4.67e-11
    49 4.67e-11    50 4.67e-11    51 4.67e-11    52 4.67e-11    53 4.67e-11    54 4.67e-11

 Old, new H  1 mean line optical depths:
  2- 1 3.72e+06  3- 2 4.26e-03  4- 3 3.92e-09  5- 4 1.77e-09  6- 5-1.21e-10  7- 6-1.28e-09  8- 7 7.02e-11
  9- 8 5.49e-09 10- 9 1.55e-08 11-10 3.19e-07 12-11-1.37e-07 13-12-2.23e-07 14-13-3.60e-07 15-14-5.68e-07 16-15-8.98e-07
 17-16-1.43e-06 18-17-2.29e-06 19-18-3.86e-06 20-19-6.69e-06 21-20-1.24e-05 22-21-2.50e-05 23-22-5.85e-05 24-23-1.85e-04
 25-24-6.50e-03
  2- 1 3.74e+06  3- 2 4.26e-03  4- 3 3.92e-09  5- 4 1.77e-09  6- 5-1.21e-10  7- 6-1.28e-09  8- 7 7.01e-11
  9- 8 5.49e-09 10- 9 1.55e-08 11-10 3.19e-07 12-11-1.37e-07 13-12-2.23e-07 14-13-3.60e-07 15-14-5.68e-07 16-15-8.98e-07
 17-16-1.43e-06 18-17-2.29e-06 19-18-3.86e-06 20-19-6.69e-06 21-20-1.24e-05 22-21-2.50e-05 23-22-5.85e-05 24-23-1.85e-04
 25-24-6.50e-03

 Old, new He 2 continuum optical depths:
     1 1.40e+02     2 2.07e+02     3 3.12e-04     4 3.12e-04     5 3.12e-04     6 7.87e-06     7 7.87e-06     8 7.87e-06
     9 7.87e-06    10 1.24e-05    11 1.24e-05    12 1.24e-05    13 1.24e-05    14 1.24e-05    15 1.52e-05    16 1.52e-05
    17 1.52e-05    18 1.52e-05    19 1.52e-05    20 1.52e-05    21 1.26e-05    22 1.26e-05    23 1.26e-05    24 1.26e-05
    25 1.26e-05    26 1.26e-05    27 1.26e-05    28 3.88e-06    29 3.88e-06    30 3.88e-06    31 3.88e-06    32 3.88e-06
    33 3.88e-06    34 3.88e-06    35 3.88e-06    36 9.76e-13    37 9.76e-13    38 9.76e-13    39 9.76e-13    40 9.76e-13
    41 9.76e-13    42 9.76e-13    43 9.76e-13    44 9.76e-13    45 1.70e-12    46 1.70e-12    47 1.70e-12    48 1.70e-12
    49 1.70e-12    50 1.70e-12    51 1.70e-12    52 1.70e-12    53 1.70e-12    54 1.70e-12
     1 1.40e+02     2 2.07e+02     3 3.12e-04     4 3.12e-04     5 3.12e-04     6 7.86e-06     7 7.86e-06     8 7.86e-06
     9 7.86e-06    10 1.24e-05    11 1.24e-05    12 1.24e-05    13 1.24e-05    14 1.24e-05    15 1.52e-05    16 1.52e-05
    17 1.52e-05    18 1.52e-05    19 1.52e-05    20 1.52e-05    21 1.26e-05    22 1.26e-05    23 1.26e-05    24 1.26e-05
    25 1.26e-05    26 1.26e-05    27 1.26e-05    28 3.88e-06    29 3.88e-06    30 3.88e-06    31 3.88e-06    32 3.88e-06
    33 3.88e-06    34 3.88e-06    35 3.88e-06    36 9.76e-13    37 9.76e-13    38 9.76e-13    39 9.76e-13    40 9.76e-13
    41 9.76e-13    42 9.76e-13    43 9.76e-13    44 9.76e-13    45 1.70e-12    46 1.70e-12    47 1.70e-12    48 1.70e-12
    49 1.70e-12    50 1.70e-12    51 1.70e-12    52 1.70e-12    53 1.70e-12    54 1.70e-12

 Old, new He 2 mean line optical depths:
  2- 1 4.26e+06  3- 2 2.96e-06  4- 3 6.68e-12  5- 4-9.11e-12  6- 5-3.09e-11  7- 6-5.07e-11  8- 7-5.27e-11
  9- 8-2.09e-11 10- 9 5.02e-11 11-10 2.74e-09 12-11-1.27e-09 13-12-2.03e-09 14-13-3.20e-09 15-14-4.91e-09 16-15-7.47e-09
 17-16-1.14e-08 18-17-1.75e-08 19-18-2.73e-08 20-19-4.51e-08 21-20-7.86e-08 22-21-1.51e-07 23-22-3.37e-07 24-23-1.02e-06
 25-24-3.56e-05
  2- 1 4.26e+06  3- 2 2.96e-06  4- 3 6.68e-12  5- 4-9.11e-12  6- 5-3.09e-11  7- 6-5.07e-11  8- 7-5.27e-11
  9- 8-2.09e-11 10- 9 5.02e-11 11-10 2.74e-09 12-11-1.27e-09 13-12-2.03e-09 14-13-3.20e-09 15-14-4.91e-09 16-15-7.47e-09
 17-16-1.14e-08 18-17-1.75e-08 19-18-2.73e-08 20-19-4.51e-08 21-20-7.86e-08 22-21-1.51e-07 23-22-3.37e-07 24-23-1.02e-06
 25-24-3.56e-05

 Old He Is optical depths:    1 4.96e+01    2 3.98e-04    3 6.53e-06    4 7.29e-06    5 7.29e-06
 New He Is optical depths:    1 4.97e+01    2 3.98e-04    3 6.53e-06    4 7.29e-06    5 7.29e-06
          Old He Is Lines:  584 9.25e+04 3889 7.19e+00 5016 2.07e-05 5876 3.01e-07
          New He Is Lines:  584 9.32e+04 3889 7.19e+00 5016 2.07e-05 5876 3.09e-07

==== H      compounds ====           Log10 column densities [cm^-2]
   H2        :  9.337   H2*       :  9.913   H2+       : 10.785   H3+       :  4.240
==== He     compounds ====
   HeH+      : 11.600
==== Li     compounds ====
   LiH       : -3.618   LiH+      : -0.628
==== C      compounds ====
   CH        :  3.694   CH+       :  6.930   CH2       : -6.349   CH2+      : -2.579   CH3       :-15.005   CH3+      :-13.227
   CH4       :-24.205   CH4+      :-25.929   CH5+      :-30.136   C2        : -2.902   C2+       : -0.665   C2H       :-11.454
   C2H+      :-10.632   C2H2      :-21.754   C2H2+     :-19.786   C2H3+     :-29.179   C3        :-26.599   C3+       :-16.414
   C3H       :-30.348   C3H+      :-26.405
==== N      compounds ====
   NH        :  6.026   NH+       :  6.045   NH2       : -3.830   NH2+      : -3.950   NH3       :-12.985   NH3+      :-14.164
   NH4+      :-26.862   CN        :  0.499   CN+       :  1.391   HCN       : -9.495   HCN+      : -7.937   HNC       :-12.905
   HCNH+     :-18.365   HC3N      :-35.930   N2        :  1.139   N2+       :  2.063   N2H+      :-14.114
==== O      compounds ====
   OH        :  7.466   OH+       :  7.251   H2O       : -2.486   H2O+      : -2.775   H3O+      :-12.264   CO        :  3.915
   CO+       :  3.359   HCO+      : -5.296   H2CO      :-18.961   NO        :  1.284   NO+       :  1.376   HNO       : -7.674
   HNO+      : -8.463   OCN       :-12.318   OCN+      :-10.644   N2O       :-12.939   O2        :  3.707   O2+       :  3.287
   NO2       :-14.381   NO2+      :-11.586
==== F      compounds ====
   HF        :  0.563   HF+       :  0.538   H2F+      : -9.914   CF+       : -2.522
==== Ne     compounds ====
   NeH+      :  5.752
==== Si     compounds ====
   SiH       : -5.237   SiH2      :-35.930   SiH2+     : -4.798   SiC       :-35.930   SiC+      :  4.284   SiCH2+    :-35.930
   SiC2      :-35.930   SiC2+     :-13.033   SiN       : -9.847   SiN+      :  0.599   SiNC      :-35.930   SiNC+     :-18.404
   SiO       : -0.910   SiO+      :  2.664   SiOH+     : -8.294
==== P      compounds ====
   PH        : -8.111   PH+       : -7.248   PH2       :-26.915   PH2+      : -8.074   PH3       :-28.186   PH3+      :-27.244
   CP        : -7.430   CP+       : -8.708   HCP       :-35.930   HCP+      :-21.085   PN        : -9.675   PN+       :-12.030
   PO        : -5.418   PO+       : -1.144
==== S      compounds ====
   HS        : -1.355   HS+       :  2.966   CS        : -6.032   CS+       : -2.934   HCS+      :-11.466   NS        : -3.991
   NS+       : -0.098   SO        : -3.831   SO+       :  1.227   OCS       :-16.170   OCS+      :-16.946   SO2       :-35.930
   SiS       :-12.079   SiS+      :-11.491   HSiS      :-35.930   HSiS+     :-14.882   S2        :-14.882   S2+       :-16.052
==== Cl     compounds ====
   HCl       : -2.853   HCl+      :  1.814   H2Cl+     : -8.231   CCl       :-35.930   CCl+      : -7.897   H2CCl+    :-35.930
   ClO       :-35.930   ClO+      :-35.930
==== Ar     compounds ====
   ArH+      :  4.899


               1      2      3      4      5      6      7      8      9     10     11     12     13     14     15     16     17

 Hydrogen   19.517 21.076 10.015 (H2)                Log10 Column density (cm^-2)
 Helium     18.081 19.925 19.272
 Lithium     6.391 10.056  9.311  8.433
 Beryllium   7.255  9.238 10.417  9.160  6.925
 Boron       6.545 10.544 10.834 11.704  9.485  6.384
 Carbon     12.878 16.253 17.309 16.970 16.144 13.399  9.801
 Nitrogen   14.877 15.779 16.645 16.476 15.219 14.129 10.963-30.000
 Oxygen     16.153 16.513 17.667 16.880 16.063 14.790 13.221-30.000-30.000
 Fluorine   10.926 12.019 13.558 12.731 12.220 10.702  8.444  7.245-30.000-30.000
 Neon       14.080 15.330 16.930 16.121 15.532 14.006 11.681 10.194-30.000-30.000-30.000
 Sodium     10.273 13.763 15.202 14.548 14.082 12.322 10.421  8.089-30.000-30.000-30.000-30.000
 Magnesium  13.714 15.419 16.541 15.914 15.455 14.277 12.194  9.941-30.000-30.000-30.000-30.000-30.000
 Aluminium  10.775 14.554 14.587 15.342 14.669 13.603 11.686  9.413-30.000-30.000-30.000-30.000-30.000-30.000
 Silicon    11.666 15.703 16.005 16.195 15.912 14.793 13.152 10.878-30.000-30.000-30.000-30.000-30.000-30.000-30.000
 Phosphorus  9.596 13.498 14.030 14.100 13.550 13.151 11.418  9.251-30.000-30.000-30.000-30.000-30.000-30.000-30.000-30.000
 Sulphur    11.378 15.031 15.802 15.885 14.877 14.394 13.692 11.635  8.713-30.000-30.000-30.000-30.000-30.000-30.000-30.000-30.000
 Chlorine    9.802 13.384 14.188 14.282 13.164 12.128 11.408 10.433  8.038-30.000-30.000-30.000-30.000-30.000-30.000-30.000-30.000
-30.000
 Argon      12.986 13.706 15.182 15.144 13.944 12.922 11.353 10.779  9.582-30.000-30.000-30.000-30.000-30.000-30.000-30.000-30.000
-30.000-30.000
 Potassium   8.665 12.812 13.874 13.667 12.453 11.167  9.756  8.554  7.411  5.872-30.000-30.000-30.000-30.000-30.000-30.000-30.000
-30.000-30.000-30.000
 Calcium     9.438 13.185 14.952 15.201 14.228 12.959 11.112 10.193  8.885  7.528-30.000-30.000-30.000-30.000-30.000-30.000-30.000
-30.000-30.000-30.000-30.000
 Scandium    5.808  9.763 10.870 12.176 11.094 10.282  8.344  7.005  4.997-30.000-30.000-30.000-30.000-30.000-30.000-30.000-30.000
-30.000-30.000-30.000-30.000-30.000
 Titanium    8.141 12.429 12.858 13.826 13.484 12.191 10.938  8.985  7.398-30.000-30.000-30.000-30.000-30.000-30.000-30.000-30.000
-30.000-30.000-30.000-30.000-30.000-30.000
 Vanadium    8.065 11.315 11.995 12.421 12.766 11.851 10.367  9.159  6.842-30.000-30.000-30.000-30.000-30.000-30.000-30.000-30.000
-30.000-30.000-30.000-30.000-30.000-30.000-30.000
 Chromium    9.019 13.264 13.802 14.254 14.361 13.591 12.684 11.008  9.586  7.301-30.000-30.000-30.000-30.000-30.000-30.000-30.000
-30.000-30.000-30.000-30.000-30.000-30.000-30.000-30.000
 Manganese   9.198 13.065 13.606 14.061 14.135 13.364 12.341 10.449  9.242  7.856-30.000-30.000-30.000-30.000-30.000-30.000-30.000
-30.000-30.000-30.000-30.000-30.000-30.000-30.000-30.000-30.000
 Iron       11.275 15.234 15.431 16.421 15.649 15.472 14.660 13.033 10.697  9.531-30.000-30.000-30.000-30.000-30.000-30.000-30.000
-30.000-30.000-30.000-30.000-30.000-30.000-30.000-30.000-30.000-30.000
 Cobalt     10.038 12.894 12.705 13.537 13.769 13.060 12.274 11.001  9.203  7.938-30.000-30.000-30.000-30.000-30.000-30.000-30.000
-30.000-30.000-30.000-30.000-30.000-30.000-30.000-30.000-30.000-30.000-30.000
 Nickel     10.421 14.159 14.314 15.075 14.393 14.322 13.520 12.349 10.541  9.194-30.000-30.000-30.000-30.000-30.000-30.000-30.000
-30.000-30.000-30.000-30.000-30.000-30.000-30.000-30.000-30.000-30.000-30.000-30.000
 Copper      8.252 11.612 12.454 13.055 12.305 12.272 11.624 10.659  8.933  7.445-30.000-30.000-30.000-30.000-30.000-30.000-30.000
-30.000-30.000-30.000-30.000-30.000-30.000-30.000-30.000-30.000-30.000-30.000-30.000-30.000
 Zinc        8.190 11.328 12.228 13.484 12.798 12.663 11.999 11.137  9.393  7.880  6.069-30.000-30.000-30.000-30.000-30.000-30.000
-30.000-30.000-30.000-30.000-30.000-30.000-30.000-30.000-30.000-30.000-30.000-30.000-30.000-30.000
 Exc state                  He[2] 13.855                 C+[2] 16.052                  C[1] 11.919                  C[2] 12.400
                             C[3] 12.620                  O[1] 16.137                  O[2] 14.407                  O[3] 14.414
                           Si+[1] 15.555                C+2[2] 13.055                C+2[3]  7.476                C+2[4] 11.943


 Hydrogen   -1.570 -0.012-10.771 (H2)                 Log10 Mean Ionisation (over radius)
 Helium     -1.936 -0.092 -0.746
 Lithium    -3.745 -0.081 -0.825 -1.704
 Beryllium  -3.212 -1.230 -0.050 -1.307 -3.542
 Boron      -5.242 -1.243 -0.953 -0.083 -2.302 -5.403
 Carbon     -4.639 -1.264 -0.208 -0.547 -1.373 -4.118 -7.716
 Nitrogen   -2.040 -1.138 -0.272 -0.442 -1.698 -2.788 -5.954
 Oxygen     -1.624 -1.264 -0.111 -0.898 -1.715 -2.987 -4.556
 Fluorine   -2.721 -1.628 -0.089 -0.916 -1.427 -2.945 -5.203 -6.402
 Neon       -2.937 -1.688 -0.087 -0.896 -1.486 -3.011 -5.336 -6.824
 Sodium     -5.055 -1.565 -0.126 -0.780 -1.246 -3.006 -4.907 -7.239
 Magnesium  -2.973 -1.268 -0.146 -0.773 -1.232 -2.410 -4.494 -6.746
 Aluminium  -4.763 -0.984 -0.951 -0.196 -0.869 -1.934 -3.852 -6.124
 Silicon    -4.932 -0.895 -0.593 -0.403 -0.686 -1.805 -3.446 -5.720
 Phosphorus -4.902 -0.999 -0.467 -0.398 -0.947 -1.347 -3.080 -5.246
 Sulphur    -4.830 -1.177 -0.406 -0.323 -1.331 -1.814 -2.516 -4.573 -7.495
 Chlorine   -4.785 -1.203 -0.399 -0.305 -1.423 -2.459 -3.179 -4.154 -6.549
 Argon      -2.501 -1.781 -0.305 -0.343 -1.543 -2.565 -4.134 -4.708 -5.905
 Potassium  -5.451 -1.305 -0.242 -0.450 -1.664 -2.950 -4.361 -5.563 -6.706 -8.244
 Calcium    -5.989 -2.243 -0.476 -0.227 -1.200 -2.469 -4.316 -5.234 -6.543 -7.900
 Scandium   -6.429 -2.474 -1.367 -0.060 -1.142 -1.955 -3.892 -5.232 -7.240
 Titanium   -5.896 -1.608 -1.179 -0.211 -0.554 -1.846 -3.099 -5.053 -6.639
 Vanadium   -4.952 -1.702 -1.022 -0.596 -0.251 -1.167 -2.650 -3.858 -6.175
 Chromium   -5.709 -1.463 -0.926 -0.474 -0.367 -1.137 -2.044 -3.720 -5.142 -7.427
 Manganese  -5.319 -1.452 -0.911 -0.456 -0.382 -1.153 -2.176 -4.069 -5.275 -6.661
 Iron       -5.312 -1.353 -1.156 -0.166 -0.938 -1.115 -1.927 -3.554 -5.890 -7.056
 Cobalt     -4.040 -1.184 -1.372 -0.540 -0.309 -1.018 -1.803 -3.077 -4.875 -6.140
 Nickel     -4.886 -1.149 -0.994 -0.233 -0.914 -0.985 -1.787 -2.958 -4.767 -6.114
 Copper     -5.025 -1.666 -0.824 -0.223 -0.973 -1.006 -1.654 -2.619 -4.345 -5.833
 Zinc       -5.457 -2.319 -1.420 -0.164 -0.849 -0.984 -1.648 -2.510 -4.254 -5.767 -7.579

               1      2      3      4      5      6      7      8      9     10     11     12     13     14     15     16     17

 Hydrogen   -1.854 -0.006-11.706 (H2)         Log10 Mean Ionisation (over radius*electron density)
 Helium     -2.349 -0.095 -0.716
 Lithium    -3.745 -0.087 -0.797 -1.673
 Beryllium  -3.254 -1.364 -0.044 -1.288 -3.518
 Boron      -5.322 -1.408 -0.953 -0.073 -2.286 -5.384
 Carbon     -4.724 -1.416 -0.205 -0.533 -1.342 -4.087 -7.681
 Nitrogen   -2.610 -1.230 -0.266 -0.428 -1.667 -2.760 -5.924
 Oxygen     -1.987 -1.323 -0.105 -0.867 -1.682 -2.954 -4.523
 Fluorine   -3.467 -1.829 -0.090 -0.887 -1.395 -2.912 -5.170 -6.369
 Neon       -3.713 -1.862 -0.089 -0.867 -1.454 -2.979 -5.303 -6.790
 Sodium     -5.320 -1.699 -0.130 -0.755 -1.215 -2.974 -4.875 -7.206
 Magnesium  -3.014 -1.379 -0.147 -0.749 -1.202 -2.379 -4.462 -6.715
 Aluminium  -4.791 -1.059 -0.956 -0.189 -0.846 -1.907 -3.823 -6.095
 Silicon    -4.967 -0.972 -0.589 -0.394 -0.667 -1.780 -3.418 -5.692
 Phosphorus -4.957 -1.084 -0.466 -0.389 -0.927 -1.322 -3.053 -5.220
 Sulphur    -4.900 -1.292 -0.407 -0.311 -1.311 -1.793 -2.492 -4.547 -7.461
 Chlorine   -4.864 -1.321 -0.400 -0.293 -1.396 -2.436 -3.156 -4.130 -6.522
 Argon      -3.015 -2.040 -0.310 -0.331 -1.514 -2.540 -4.112 -4.687 -5.877
 Potassium  -5.617 -1.425 -0.244 -0.435 -1.635 -2.924 -4.339 -5.544 -6.674 -8.209
 Calcium    -6.012 -2.279 -0.499 -0.217 -1.172 -2.441 -4.293 -5.210 -6.527 -7.865
 Scandium   -6.614 -2.725 -1.545 -0.055 -1.116 -1.927 -3.867 -5.207 -7.207
 Titanium   -6.120 -1.899 -1.238 -0.204 -0.541 -1.820 -3.077 -5.028 -6.623
 Vanadium   -5.200 -2.033 -1.073 -0.591 -0.241 -1.138 -2.623 -3.835 -6.156
 Chromium   -5.882 -1.748 -0.945 -0.468 -0.356 -1.108 -2.015 -3.692 -5.114 -7.394
 Manganese  -5.627 -1.736 -0.927 -0.450 -0.370 -1.124 -2.145 -4.040 -5.247 -6.639
 Iron       -5.464 -1.587 -1.173 -0.161 -0.913 -1.085 -1.895 -3.522 -5.859 -7.023
 Cobalt     -4.159 -1.347 -1.382 -0.536 -0.299 -0.990 -1.775 -3.048 -4.848 -6.115
 Nickel     -5.035 -1.298 -0.998 -0.228 -0.892 -0.956 -1.756 -2.927 -4.736 -6.084
 Copper     -5.288 -2.052 -0.849 -0.218 -0.950 -0.977 -1.622 -2.588 -4.314 -5.801
 Zinc       -5.820 -2.822 -1.547 -0.165 -0.831 -0.955 -1.617 -2.479 -4.224 -5.736 -7.545

               1      2      3      4      5      6      7      8      9     10     11     12     13     14     15     16     17

 Hydrogen    3.953  4.030  3.708 (H2)                  Log10 Mean Temperature (over radius)
 Helium      3.899  4.027  4.040
 Lithium     4.022  4.026  4.038  4.042
 Beryllium   4.047  4.005  4.030  4.028  4.032
 Boron       4.035  4.000  4.038  4.029  4.022  4.023
 Carbon      4.031  3.997  4.033  4.023  4.042  4.042  4.047
 Nitrogen    3.853  4.033  4.033  4.023  4.041  4.038  4.039
 Oxygen      3.931  4.044  4.028  4.040  4.044  4.045  4.045
 Fluorine    3.799  3.971  4.028  4.039  4.043  4.044  4.045  4.045
 Neon        3.786  3.974  4.028  4.039  4.043  4.045  4.045  4.045
 Sodium      3.944  3.988  4.028  4.033  4.042  4.044  4.044  4.045
 Magnesium   4.044  4.011  4.028  4.031  4.041  4.042  4.043  4.044
 Aluminium   4.056  4.034  4.036  4.026  4.030  4.037  4.039  4.040
 Silicon     4.049  4.032  4.037  4.024  4.024  4.033  4.036  4.037
 Phosphorus  4.037  4.024  4.034  4.026  4.025  4.031  4.035  4.036
 Sulphur     4.040  4.018  4.037  4.023  4.027  4.027  4.031  4.033  4.044
 Chlorine    4.036  4.014  4.036  4.024  4.036  4.032  4.030  4.031  4.034
 Argon       3.886  3.957  4.036  4.023  4.040  4.035  4.032  4.029  4.037
 Potassium   3.992  4.009  4.033  4.022  4.041  4.037  4.032  4.029  4.044  4.065
 Calcium     4.042  4.041  4.030  4.026  4.038  4.039  4.036  4.036  4.029  4.050
 Scandium    4.002  3.977  3.986  4.030  4.037  4.038  4.039  4.038  4.045
 Titanium    3.985  3.956  4.040  4.030  4.027  4.036  4.032  4.036  4.030
 Vanadium    3.977  3.940  4.047  4.032  4.025  4.038  4.037  4.033  4.032
 Chromium    4.004  3.958  4.061  4.029  4.023  4.038  4.040  4.037  4.037  4.044
 Manganese   3.950  3.959  4.061  4.027  4.023  4.039  4.041  4.039  4.038  4.028
 Iron        4.012  3.977  4.059  4.026  4.034  4.040  4.044  4.044  4.042  4.045
 Cobalt      4.024  4.004  4.066  4.033  4.024  4.037  4.038  4.040  4.037  4.035
 Nickel      4.011  4.010  4.061  4.022  4.029  4.039  4.042  4.042  4.042  4.040
 Copper      3.974  3.926  4.054  4.023  4.030  4.039  4.042  4.042  4.042  4.042
 Zinc        3.940  3.889  4.001  4.029  4.027  4.039  4.042  4.041  4.041  4.041  4.043

               1      2      3      4      5      6      7      8      9     10     11     12     13     14     15     16     17

 Hydrogen    4.014  4.031  3.774 (H2)          Log10 Mean Temperature (over radius*electron density)
 Helium      3.988  4.028  4.041
 Lithium     4.022  4.029  4.038  4.042
 Beryllium   4.052  4.036  4.030  4.029  4.032
 Boron       4.047  4.035  4.038  4.029  4.023  4.024
 Carbon      4.045  4.033  4.033  4.023  4.042  4.042  4.047
 Nitrogen    3.945  4.048  4.033  4.024  4.041  4.038  4.040
 Oxygen      3.992  4.051  4.028  4.040  4.044  4.045  4.045
 Fluorine    3.874  4.020  4.029  4.039  4.043  4.044  4.045  4.045
 Neon        3.862  4.022  4.029  4.039  4.043  4.045  4.045  4.045
 Sodium      4.005  4.026  4.029  4.034  4.042  4.044  4.044  4.045
 Magnesium   4.049  4.038  4.029  4.032  4.041  4.043  4.043  4.044
 Aluminium   4.060  4.051  4.038  4.026  4.031  4.038  4.039  4.040
 Silicon     4.055  4.051  4.037  4.024  4.024  4.033  4.037  4.037
 Phosphorus  4.047  4.044  4.035  4.026  4.026  4.032  4.035  4.036
 Sulphur     4.052  4.045  4.038  4.023  4.028  4.027  4.031  4.034  4.044
 Chlorine    4.050  4.041  4.037  4.024  4.036  4.033  4.030  4.032  4.034
 Argon       3.949  4.020  4.037  4.023  4.040  4.035  4.032  4.029  4.037
 Potassium   4.024  4.036  4.035  4.023  4.042  4.038  4.033  4.030  4.044  4.065
 Calcium     4.044  4.047  4.036  4.026  4.038  4.040  4.037  4.037  4.029  4.050
 Scandium    4.021  4.011  4.026  4.030  4.038  4.039  4.039  4.038  4.045
 Titanium    4.020  4.009  4.050  4.030  4.027  4.036  4.033  4.036  4.030
 Vanadium    4.014  4.004  4.056  4.032  4.025  4.039  4.038  4.033  4.032
 Chromium    4.030  4.012  4.062  4.029  4.023  4.038  4.040  4.038  4.038  4.044
 Manganese   4.005  4.011  4.062  4.027  4.024  4.039  4.041  4.039  4.038  4.029
 Iron        4.034  4.021  4.060  4.026  4.035  4.040  4.044  4.044  4.042  4.045
 Cobalt      4.041  4.037  4.066  4.033  4.024  4.037  4.038  4.040  4.037  4.035
 Nickel      4.041  4.042  4.061  4.022  4.030  4.040  4.042  4.042  4.042  4.040
 Copper      4.009  3.986  4.058  4.022  4.031  4.039  4.042  4.042  4.042  4.042
 Zinc        3.987  3.955  4.030  4.030  4.028  4.039  4.042  4.042  4.041  4.041  4.043

               1      2      3      4      5      6      7      8      9     10     11     12     13     14     15     16     17
AGN log nH=2.78 log U=-2.00  

---------------Convergence statistics---------------
      3.17 mean iterations/state convergence
      2.51 mean cx acceleration loops/iteration
      1.34 mean iso convergence loops/ion solve
      1.03 mean steps/chemistry solve
         1 mean step length searches/chemistry step
----------------------------------------------------

 Cloudy ends: 160 zones, 3 iterations. (single thread) ExecTime(s) 200.30
 [Stop in cdMain at maincl.cpp:590, Cloudy exited OK]
