                                                          Cloudy 25.00
                                                         www.nublado.org

                                                  PRNG seed: 0x8211cc21a65c772c

                       **************************************25Aug25**************************************
                       *                                                                                 *
                       * title AGN log nH=1.89 log U=-2.67                                               *
                       * hden 1.8888888888888888                                                         *
                       * table AGN                                                                       *
                       * stop efrac 0.01                                                                 *
                       * ionization parameter -2.666666666666667                                         *
                       * abundances GASS                                                                 *
                       * sphere                                                                          *
                       * stop temperature 4000 K                                                         *
                       * stop column density 22                                                          *
                       * iterate to convergence                                                          *
                       * save overview "AGNmodel_nH1.89_Um2.67_temp36666.67.txt"                         *
                       *                                                                                 *
                       ***********************************************************************************



           9244CellPeak1.00E+00   Lo 3.04e-09=  29.98m   Hi-Con:7.13E+06 Ryd   E(hi):7.35E+06Ryd     E(hi):     100.00 MeV
           I(nu>1ryd):  -0.4804   Average nu:3.035E+00   I( X-ray):  -1.3020   I(BalC):  -0.9760     Phi(BalmrC):   9.9869
           phi(1.0-1.8): 9.3955   phi(1.8-4.0):  9.288   phi(4.0-20):  8.750   phi(20--):  7.010     Ion pht flx:5.001E+09
           I(gam ray):  -1.5875   phi(gam r):   4.8047   I(Infred):  -0.7619   Alf(ox):  -1.4088     Total inten:  -0.2150
           U(1.0----):2.154E-03   U(4.0----):2.469E-04   T(En-Den):7.200E+00   T(Comp):1.323E+07     nuJnu(912A):1.057E-01
           Occ(FarIR):5.544E-07   Occ(H n=6):3.734E-12   Occ(1Ryd):4.877E-18   Occ(4R):2.495E-20     Occ (Nu-hi):0.000E+00
           Tbr(FarIR):2.665E-10   Tbr(H n=6):1.635E-08   Tbr(1Ryd):7.697E-13   Tbr(4R):1.578E-14     Tbr (Nu-hi):0.000E+00
  
                                                  Gas Phase Chemical Composition
        H :  0.0000  He: -1.0701  Li:-10.9508  Be:-10.6198  B : -9.3002  C : -3.5702  N : -4.1701  O : -3.3098  F : -7.4401
        Ne: -4.0701  Na: -5.7595  Mg: -4.4001  Al: -5.5498  Si: -4.4895  P : -6.5901  S : -4.8794  Cl: -6.5003  Ar: -5.6003
        K : -6.9706  Ca: -5.6596  Sc: -8.8508  Ti: -7.0501  V : -8.0701  Cr: -6.3595  Mn: -6.5702  Fe: -4.5003  Co: -7.0101
                                               Ni: -5.7799  Cu: -7.8097  Zn: -7.4401
 
 ####  1  Te:1.034E+04 Hden:7.743E+01 Ne:8.870E+01 R:1.000E+30 R-R0:2.394E+14 dR:4.788E+14 NTR:  6 Htot:4.327E-20 T912: 1.00e+08###
 Hydrogen      3.83e-03 9.96e-01 H+o/Hden 1.00e+00 2.26e-10 H-    H2 5.54e-15 1.66e-11 H2+ HeH+ 6.74e-12 Ho+ ColD 1.42e+14 3.69e+16
 Helium        1.19e-03 2.87e-01 7.12e-01 HeI 2s3S 3.89e-08 Comp H,C 3.05e-25 2.38e-28 Fill Fac 1.00e+00 Gam1/tot 1.00e+00
 He singlet n  1.19e-03 6.67e-15 3.97e-21 3.01e-21 2.99e-21 5.09e-21 He tripl 3.89e-08 3.84e-19 9.13e-21 7.38e-20 1.45e-20
 Pressure      NgasTgas 1.79e+06 P(total) 2.47e-10 P( gas ) 2.47e-10 P(Radtn) 0.00e+00 Rad accl 7.35e-08 ForceMul 1.10e+04
 Texc(La)      3.03e+03 T(I con) 7.20e+00 T(D con) 9.19e-01 T(U tot) 7.20e+00 nT (c+d) 1.96e+06 Prad/Gas 0.00e+00 Pmag/Gas 0.00e+00
 Molecules     CH/Ctot: 2.17e-14 CH+/Ctot 9.28e-14 CO/Ctot: 2.41e-18 CO+/Ctot 3.80e-19 H2O/Otot 3.92e-26 OH/Ototl 1.23e-14
 Lithium       9.05e-04 7.89e-01 2.03e-01 7.69e-03 Berylliu 3.26e-03 3.99e-02 9.22e-01 3.44e-02 3.03e-05 sec ion: 9.59e-15
 Boron         8.40e-05 6.37e-02 3.09e-01 6.26e-01 9.12e-04 0.00e+00
 Carbon        7.48e-05 5.53e-02 7.25e-01 1.98e-01 2.15e-02 3.87e-06 0.00e+00 H2O+/O   6.06e-27 OH+/Otot 3.98e-15 Hex(tot) 0.00e+00
 Nitrogen      6.23e-05 3.96e-02 6.62e-01 2.86e-01 1.21e-02 1.35e-04 0.00e+00 0.00e+00 O2/Ototl 1.34e-20 O2+/Otot 5.16e-21
 Oxygen        1.22e-04 3.21e-02 5.59e-01 3.89e-01 1.98e-02 1.69e-04 1.75e-06 0.00e+00 0.00e+00
 Fluorine      1.79e-05 2.41e-02 6.80e-01 2.68e-01 2.71e-02 1.66e-04 4.95e-07 0.00e+00 0.00e+00 0.00e+00
 Neon          1.08e-05 1.40e-02 6.40e-01 3.29e-01 1.74e-02 1.04e-04 2.18e-07 0.00e+00 0.00e+00 0.00e+00 0.00e+00
 Sodium        3.28e-06 1.04e-02 4.83e-01 4.49e-01 5.71e-02 2.08e-04 1.06e-06 0.00e+00 0.00e+00 0.00e+00 0.00e+00 0.00e+00
 Magnesium     6.07e-04 1.38e-02 6.95e-01 2.72e-01 1.85e-02 2.08e-04 4.41e-07 0.00e+00 0.00e+00 0.00e+00 0.00e+00 0.00e+00 0.00e+00
 Aluminium  0  2.76e-05 4.77e-02 1.28e-01 6.95e-01 1.27e-01 1.69e-03 4.58e-06 0.00e+00 0.00e+00 0.00e+00 0.00e+00 0.00e+00 0.00e+00
 Silicon    0  1.32e-04 1.11e-01 4.81e-01 3.33e-01 7.41e-02 8.50e-04 3.38e-06 0.00e+00 0.00e+00 0.00e+00 0.00e+00 0.00e+00 0.00e+00
 Phosphorus 0  5.20e-05 1.73e-01 5.67e-01 2.15e-01 4.08e-02 4.46e-03 1.47e-05 0.00e+00 0.00e+00 0.00e+00 0.00e+00 0.00e+00 0.00e+00
 Sulphur    0  3.77e-05 5.32e-02 6.35e-01 2.92e-01 1.74e-02 1.97e-03 1.54e-04 2.63e-07 0.00e+00 0.00e+00 0.00e+00 0.00e+00 0.00e+00
 Chlorine   0  3.62e-05 6.94e-02 5.87e-01 3.21e-01 2.12e-02 6.27e-04 6.58e-05 3.27e-06 0.00e+00 0.00e+00 0.00e+00 0.00e+00 0.00e+00
 Argon      0  6.72e-06 9.29e-03 7.72e-01 2.05e-01 1.35e-02 3.68e-04 7.03e-06 1.37e-06 0.00e+00 0.00e+00 0.00e+00 0.00e+00 0.00e+00
 Potassium  0  5.38e-06 5.43e-02 6.31e-01 2.98e-01 1.68e-02 2.30e-04 6.96e-06 3.75e-07 0.00e+00 0.00e+00 0.00e+00 0.00e+00 0.00e+00
 Calcium    0  1.62e-05 1.19e-02 3.80e-01 5.46e-01 6.16e-02 9.24e-04 8.14e-06 9.39e-07 0.00e+00 0.00e+00 0.00e+00 0.00e+00 0.00e+00
 Scandium   0  2.09e-07 2.95e-04 2.89e-02 8.48e-01 1.19e-01 3.58e-03 2.24e-05 5.60e-07 0.00e+00 0.00e+00 0.00e+00 0.00e+00 0.00e+00
 Titanium   0  2.43e-07 2.00e-03 7.75e-02 7.43e-01 1.73e-01 4.02e-03 8.67e-05 6.24e-07 0.00e+00 0.00e+00 0.00e+00 0.00e+00 0.00e+00
 Vanadium   0  9.26e-07 1.03e-03 9.52e-02 3.47e-01 5.07e-01 4.96e-02 3.65e-04 1.74e-05 0.00e+00 0.00e+00 0.00e+00 0.00e+00 0.00e+00
 Chromium   0  7.34e-07 1.44e-03 1.48e-01 3.77e-01 4.14e-01 5.80e-02 1.66e-03 1.67e-05 6.59e-07 0.00e+00 0.00e+00 0.00e+00 0.00e+00
 Manganese  0  2.25e-07 1.67e-03 1.35e-01 3.22e-01 4.75e-01 6.37e-02 1.50e-03 9.26e-06 6.35e-07 0.00e+00 0.00e+00 0.00e+00 0.00e+00
 Iron       0  1.54e-07 8.69e-04 5.25e-02 4.28e-01 4.40e-01 7.63e-02 2.68e-03 2.77e-05 1.40e-07 0.00e+00 0.00e+00 0.00e+00 0.00e+00
 Cobalt     0  1.18e-06 7.44e-04 3.27e-02 2.45e-01 6.15e-01 1.01e-01 5.11e-03 8.48e-05 1.39e-06 0.00e+00 0.00e+00 0.00e+00 0.00e+00
 Nickel     0  4.46e-07 2.03e-03 8.19e-02 2.79e-01 5.11e-01 1.21e-01 5.12e-03 9.46e-05 1.34e-06 0.00e+00 0.00e+00 0.00e+00 0.00e+00
 Copper     0  7.93e-07 6.72e-04 1.30e-01 4.37e-01 3.47e-01 8.05e-02 4.51e-03 1.95e-04 2.29e-06 0.00e+00 0.00e+00 0.00e+00 0.00e+00
 Zinc       0  4.01e-07 1.68e-04 1.76e-02 2.54e-01 5.93e-01 1.29e-01 6.79e-03 3.21e-04 4.08e-06 0.00e+00 0.00e+00 0.00e+00 0.00e+00
 ####135  Te:3.922E+03 Hden:7.743E+01 Ne:7.482E+00 R:1.000E+30 R-R0:3.462E+18 dR:4.915E+15 NTR: 12 Htot:1.495E-21 T912: 1.00e+08###
 Hydrogen      9.21e-01 7.86e-02 H+o/Hden 1.00e+00 6.53e-09 H-    H2 1.11e-07 2.04e-09 H2+ HeH+ 9.51e-09 Ho+ ColD 2.75e+19 2.41e+20
 Helium        8.00e-01 1.96e-01 4.52e-03 HeI 2s3S 5.00e-09 Comp H,C 2.56e-26 7.58e-30 Fill Fac 1.00e+00 Gam1/tot 5.25e-01
 He singlet n  8.00e-01 2.82e-15 3.97e-20 4.90e-22 2.34e-21 7.97e-22 He tripl 5.00e-09 4.73e-19 1.08e-21 1.16e-20 2.22e-21
 Pressure      NgasTgas 3.59e+05 P(total) 4.96e-11 P( gas ) 4.96e-11 P(Radtn) 5.01e-14 Rad accl 1.44e-08 ForceMul 2.52e+04
 Texc(La)      3.46e+03 T(I con) 6.30e+00 T(D con) 5.76e+00 T(U tot) 7.19e+00 nT (c+d) 2.91e+06 Prad/Gas 1.01e-03 Pmag/Gas 0.00e+00
 Molecules     CH/Ctot: 7.43e-12 CH+/Ctot 3.34e-09 CO/Ctot: 1.57e-10 CO+/Ctot 7.03e-12 H2O/Otot 3.62e-16 OH/Ototl 4.62e-08
 Lithium       2.18e-04 1.00e+00 2.74e-05 8.16e-07 Berylliu 6.01e-04 7.11e-01 2.69e-01 1.91e-02 0.00e+00 sec ion: 1.57e-13
 Boron         8.63e-05 9.32e-01 5.58e-03 6.24e-02 2.29e-06 0.00e+00
 Carbon        3.88e-04 9.69e-01 3.07e-02 8.30e-06 2.65e-07 0.00e+00 0.00e+00 H2O+/O   2.56e-16 OH+/Otot 2.22e-08 Hex(tot) 0.00e+00
 Nitrogen      9.28e-01 7.18e-02 2.06e-05 6.36e-07 0.00e+00 0.00e+00 0.00e+00 0.00e+00 O2/Ototl 1.85e-12 O2+/Otot 2.61e-12
 Oxygen        9.38e-01 6.22e-02 2.85e-05 1.35e-07 0.00e+00 0.00e+00 0.00e+00 0.00e+00 0.00e+00
 Fluorine      2.50e-01 6.18e-01 1.32e-01 2.80e-06 5.61e-06 0.00e+00 0.00e+00 0.00e+00 0.00e+00 0.00e+00
 Neon          1.40e-01 5.62e-01 2.98e-01 1.25e-05 1.82e-07 0.00e+00 0.00e+00 0.00e+00 0.00e+00 0.00e+00 0.00e+00
 Sodium        1.46e-03 5.51e-01 4.47e-01 1.13e-04 2.04e-05 0.00e+00 0.00e+00 0.00e+00 0.00e+00 0.00e+00 0.00e+00 0.00e+00
 Magnesium     6.11e-04 4.82e-01 5.17e-01 4.15e-05 2.25e-07 0.00e+00 0.00e+00 0.00e+00 0.00e+00 0.00e+00 0.00e+00 0.00e+00 0.00e+00
 Aluminium  0  2.08e-05 4.33e-01 1.86e-01 3.81e-01 2.53e-04 0.00e+00 0.00e+00 0.00e+00 0.00e+00 0.00e+00 0.00e+00 0.00e+00 0.00e+00
 Silicon    0  9.05e-05 9.99e-01 1.41e-04 1.04e-03 7.06e-06 0.00e+00 0.00e+00 0.00e+00 0.00e+00 0.00e+00 0.00e+00 0.00e+00 0.00e+00
 Phosphorus 0  1.54e-04 8.00e-01 1.96e-01 3.79e-03 2.63e-05 7.49e-07 0.00e+00 0.00e+00 0.00e+00 0.00e+00 0.00e+00 0.00e+00 0.00e+00
 Sulphur    0  2.26e-04 7.43e-01 2.56e-01 1.20e-04 1.10e-05 5.55e-07 0.00e+00 0.00e+00 0.00e+00 0.00e+00 0.00e+00 0.00e+00 0.00e+00
 Chlorine   0  2.76e-04 8.14e-01 1.86e-01 1.27e-04 7.61e-06 2.96e-07 0.00e+00 0.00e+00 0.00e+00 0.00e+00 0.00e+00 0.00e+00 0.00e+00
 Argon      0  2.42e-01 6.20e-01 1.38e-01 3.50e-05 4.04e-06 1.71e-07 0.00e+00 0.00e+00 0.00e+00 0.00e+00 0.00e+00 0.00e+00 0.00e+00
 Potassium  0  2.76e-04 6.75e-01 3.23e-01 6.73e-05 1.79e-03 3.25e-07 0.00e+00 0.00e+00 0.00e+00 0.00e+00 0.00e+00 0.00e+00 0.00e+00
 Calcium    0  8.56e-06 4.59e-02 9.50e-01 4.23e-03 5.04e-05 7.23e-07 0.00e+00 0.00e+00 0.00e+00 0.00e+00 0.00e+00 0.00e+00 0.00e+00
 Scandium   0  2.86e-05 1.74e-01 7.61e-01 6.29e-02 1.63e-03 8.65e-07 0.00e+00 0.00e+00 0.00e+00 0.00e+00 0.00e+00 0.00e+00 0.00e+00
 Titanium   0  7.38e-05 8.24e-01 1.72e-01 3.23e-04 4.34e-03 6.09e-07 0.00e+00 0.00e+00 0.00e+00 0.00e+00 0.00e+00 0.00e+00 0.00e+00
 Vanadium   0  9.05e-04 7.80e-01 2.19e-01 4.93e-05 4.72e-04 4.67e-07 0.00e+00 0.00e+00 0.00e+00 0.00e+00 0.00e+00 0.00e+00 0.00e+00
 Chromium   0  8.16e-05 9.98e-01 1.59e-03 2.17e-05 5.95e-05 2.05e-06 0.00e+00 0.00e+00 0.00e+00 0.00e+00 0.00e+00 0.00e+00 0.00e+00
 Manganese  0  2.34e-04 9.97e-01 2.64e-03 2.49e-05 1.88e-04 1.64e-06 3.86e-07 0.00e+00 0.00e+00 0.00e+00 0.00e+00 0.00e+00 0.00e+00
 Iron       0  9.42e-05 9.99e-01 4.66e-04 9.41e-05 1.81e-05 1.21e-06 2.71e-07 0.00e+00 0.00e+00 0.00e+00 0.00e+00 0.00e+00 0.00e+00
 Cobalt     0  2.16e-03 9.97e-01 4.95e-04 1.13e-04 2.44e-04 8.24e-07 1.83e-07 0.00e+00 0.00e+00 0.00e+00 0.00e+00 0.00e+00 0.00e+00
 Nickel     0  3.24e-04 9.99e-01 4.31e-04 2.17e-05 3.84e-05 6.32e-07 1.25e-07 0.00e+00 0.00e+00 0.00e+00 0.00e+00 0.00e+00 0.00e+00
 Copper     0  5.06e-04 6.52e-01 3.47e-01 4.89e-05 8.06e-06 1.66e-06 1.95e-07 0.00e+00 0.00e+00 0.00e+00 0.00e+00 0.00e+00 0.00e+00
 Zinc       0  2.57e-04 1.62e-01 4.56e-01 2.99e-01 8.30e-02 1.16e-05 1.29e-06 0.00e+00 0.00e+00 0.00e+00 0.00e+00 0.00e+00 0.00e+00
   AGN log nH=1.89 log U=-2.67  
   Calculation stopped because lowest Te reached. Iteration 1 of 10
   The geometry is plane-parallel.
  !Some input lines contained underscores, these were changed to spaces.
  !Suprathermal collisional ionization of H reached 47.47% of the local H ionization rate.
  !Charge transfer H => H+ reached 1069.4% of the local H ionization rate.
  !AGE: Cloud age was not set.  Longest timescale was 2.69e+11 s = 8.52e+03 years.
  !The CMB was not included.  This is added with the CMB command.
  !The radiation pressure jumped by 558% from 5.44e-12 (zone 17) to 5.39e-13 (zone 18) to 5.73e-13 (zone 19)
   Charge transfer heating reached 1.98% of the local heating.
   The density is too low to l-mix the lowest H  I collapsed level.  More resolved levels are needed for accurate line ratios.
   The density is too low to l-mix the lowest He I collapsed level.  More resolved levels are needed for accurate line ratios.
   Grains were not present but might survive in this environment (energy density temperature was 7.20e+00K)
   The continuum optical depth at the lowest energy considered (3.045e-09 Ryd) was 3.456e+01.

                       *********************************> Cloudy 25.00 <**********************************
                       * title AGN log nH=1.89 log U=-2.67                                               *
                       * hden 1.8888888888888888                                                         *
                       * table AGN                                                                       *
                       * stop efrac 0.01                                                                 *
                       * ionization parameter -2.666666666666667                                         *
                       * abundances GASS                                                                 *
                       * sphere                                                                          *
                       * stop temperature 4000 K                                                         *
                       * stop column density 22                                                          *
                       * iterate to convergence                                                          *
                       * save overview "AGNmodel_nH1.89_Um2.67_temp36666.67.txt"                         *
                       *********************************> Log(U): -2.67 <*********************************

                     Emission Line Spectrum.   Constant  Density Model.  Closed geometry.  Iteration 1 of 10.
                                                     Intensity (erg/s/cm^2).


                                                   Intrinsic line intensities
general properties..............................      H  1                9014.91A    -4.340    0.0184      Mn 2                2576.10A    -5.138    0.0029
Inci                      0     -0.215  245.3820      H  1                8862.79A    -4.385    0.0166      Mn 2                2593.72A    -5.219    0.0024
TotH                      0     -0.912   49.2607      H  1                8750.48A    -4.489    0.0131      Mn 2                2605.68A    -5.341    0.0018
TotC                      0     -0.913   49.2379      H  1                8665.02A    -4.584    0.0105      N  1                1134.17A    -5.459    0.0014
BFH1                      0     -1.062   34.9258      H  1                8598.40A    -4.672    0.0086      N  1                1134.41A    -5.390    0.0016
BFHe                      0     -1.541   11.5803      H  1                8545.39A    -4.754    0.0071      N  1                1134.98A    -5.358    0.0018
TotM                      0     -2.268    2.1710      H  1                8502.49A    -4.829    0.0060      N  1                1199.55A    -5.064    0.0035
CT H                      0     -2.869    0.5443      H  1                8467.26A    -4.899    0.0051      N  1                1200.22A    -5.098    0.0032
H FB                      0     -2.288    2.0744      H  1                8437.96A    -4.963    0.0044      N  1                1200.71A    -5.218    0.0024
HFBc                      0     -2.288    2.0744      H  1                8413.32A    -5.021    0.0038      N  1                5197.90A    -4.626    0.0095
H  1c                     0     -2.346    1.8162      H  1                8392.40A    -5.074    0.0034      N  1                5200.26A    -4.484    0.0132
He 1c                     0     -4.488    0.0131      H  1                8374.48A    -5.118    0.0031      N  4                1486.50A    -5.323    0.0019
Al 3c                     0     -4.452    0.0142      H  1                4.05115m    -3.767    0.0689      N  4                1483.32A    -5.175    0.0027
Ar 2c                     0     -4.558    0.0111      H  1                2.62515m    -3.985    0.0417      N  4                765.147A    -5.095    0.0032
Ar 3c                     0     -2.889    0.5200      H  1                2.16553m    -4.187    0.0262      N  4                247.205A    -5.347    0.0018
Ar 4c                     0     -4.256    0.0223      H  1                1.94456m    -4.363    0.0174      N  5                1238.82A    -5.601    0.0010
Ar 5c                     0     -4.805    0.0063      H  1                1.81741m    -4.519    0.0122      Ne 2                12.8101m    -4.016    0.0388
C  1c                     0     -5.033    0.0037      H  1                1.73621m    -4.657    0.0089      Ne 3                15.5509m    -2.656    0.8891
C  2c                     0     -3.093    0.3252      H  1                1.68065m    -4.755    0.0071      Ne 3                3868.76A    -2.873    0.5399
C  3c                     0     -2.850    0.5688      H  1                1.64072m    -4.858    0.0056      Ne 3                489.500A    -5.552    0.0011
Ca 4c                     0     -3.901    0.0505      H  1                1.61093m    -4.953    0.0045      Ne 3                36.0036m    -3.696    0.0811
Co 2c                     0     -4.746    0.0072      H  1                1.58805m    -5.040    0.0037      Ne 3                3967.47A    -3.390    0.1639
Co 3c                     0     -5.134    0.0030      H  1                1.57007m    -5.121    0.0030      Ne 3                1814.56A    -5.367    0.0017
Cr 2c                     0     -4.793    0.0065      H  1                1.55565m    -5.197    0.0026      Ne 3                491.045A    -5.061    0.0035
Fe 2c                     0     -2.237    2.3320      H  1                1.54389m    -5.266    0.0022      Ne 3                489.645A    -5.497    0.0013
Fe 3c                     0     -2.492    1.2969      H  1                1.53418m    -5.330    0.0019      Ne 3                313.688A    -5.363    0.0017
Fe 7c                     0     -5.132    0.0030      H  1                1.52605m    -5.389    0.0016      Ne 3                490.311A    -5.386    0.0017
K  3c                     0     -4.606    0.0100      H  1                1.51919m    -5.441    0.0015      Ne 5                24.3108m    -4.112    0.0311
K  4c                     0     -5.383    0.0017      H  1                1.51332m    -5.486    0.0013      Ne 5                14.3178m    -4.302    0.0201
Mg 1c                     0     -3.854    0.0564      H  1                7.45782m    -4.285    0.0209      Ne 5                3425.88A    -5.418    0.0015
Mn 2c                     0     -4.852    0.0057      H  1                4.65251m    -4.453    0.0142      O  1                1040.94A    -5.594    0.0010
N  1c                     0     -4.234    0.0235      H  1                3.73954m    -4.621    0.0096      O  1                1304.86A    -5.072    0.0034
N  4c                     0     -4.942    0.0046      H  1                3.29609m    -4.773    0.0068      O  1                1306.03A    -5.567    0.0011
Ne 2c                     0     -4.016    0.0388      H  1                3.03837m    -4.910    0.0050      O  1                5577.34A    -5.219    0.0024
Ne 3c                     0     -2.380    1.6764      H  1                2.87221m    -5.044    0.0036      O  1                6300.30A    -3.613    0.0982
Ne 5c                     0     -3.878    0.0533      H  1                2.75752m    -5.146    0.0029      O  1                6363.78A    -4.108    0.0314
O  1c                     0     -3.370    0.1715      H  1                2.67440m    -5.241    0.0023      O  1                63.1679m    -4.054    0.0355
O  2c                     0     -2.133    2.9649      H  1                2.61194m    -5.328    0.0019      O  1                145.495m    -5.068    0.0034
O  3c                     0     -1.341   18.3574      H  1                2.56363m    -5.409    0.0016      O  2                539.086A    -5.238    0.0023
P  2c                     0     -3.941    0.0461      H  1                2.52540m    -5.483    0.0013      O  2                539.547A    -5.269    0.0022
P  3c                     0     -4.653    0.0090      H  1                2.49458m    -5.553    0.0011      O  2                539.854A    -5.327    0.0019
S  2c                     0     -2.576    1.0684      H  1                12.3685m    -4.721    0.0077      O  2                832.758A    -5.331    0.0019
S  3c                     0     -2.036    3.7096      H  1                7.50045m    -4.852    0.0057      O  2                833.330A    -5.274    0.0021
Si 2c                     0     -2.468    1.3706      H  1                5.90660m    -4.994    0.0041      O  2                834.465A    -5.248    0.0023
Si 3c                     0     -3.211    0.2476      H  1                5.12726m    -5.127    0.0030      O  2                2470.22A    -4.666    0.0087
Si 4c                     0     -4.535    0.0117      H  1                4.67124m    -5.282    0.0021      O  2                2470.34A    -4.090    0.0327
Al 2c                     0     -3.730    0.0750      H  1                4.37526m    -5.384    0.0017      O  2                7318.92A    -4.749    0.0072
Al 5c                     0     -5.166    0.0027      H  1                4.16966m    -5.477    0.0013      O  2                7319.99A    -4.283    0.0210
C  4c                     0     -3.917    0.0488      H  1                4.01977m    -5.564    0.0011      O  2                7329.67A    -4.527    0.0120
Ca 2c                     0     -3.282    0.2105      H  1                19.0567m    -5.096    0.0032      O  2                7330.73A    -4.552    0.0113
Ca 5c                     0     -4.799    0.0064      H  1                11.3056m    -5.202    0.0025      O  2                3728.81A    -2.382    1.6716
Cl 2c                     0     -4.194    0.0257      H  1                8.75768m    -5.323    0.0019      O  2                3726.03A    -2.526    1.2002
Cl 3c                     0     -4.032    0.0374      H  1                7.50606m    -5.486    0.0013      O  3                88.3323m    -2.092    3.2576
Cl 4c                     0     -4.123    0.0304      H  1                6.77015m    -5.586    0.0010      O  3                4931.23A    -5.511    0.0012
Fe 4c                     0     -2.891    0.5175      H  1                27.7958m    -5.426    0.0015      O  3                51.8004m    -2.190    2.6010
Fe 5c                     0     -3.052    0.3570      H  1                16.2047m    -5.512    0.0012      O  3                4958.91A    -2.102    3.1803
Fe 6c                     0     -3.636    0.0931      Ca A                303.784A    -1.640    9.2215      O  3                2320.95A    -4.473    0.0136
Mg 2c                     0     -2.492    1.2955      Ca A                256.317A    -2.377    1.6906      O  3                1660.81A    -4.413    0.0156
Mg 4c                     0     -3.882    0.0529      Ca A                243.027A    -2.811    0.6223      O  3                833.715A    -5.105    0.0032
Mg 5c                     0     -4.728    0.0075      Ca A                237.331A    -3.120    0.3051      O  3                833.749A    -5.524    0.0012
N  2c                     0     -2.547    1.1413      Ca A                234.347A    -3.362    0.1747      O  3                702.838A    -5.245    0.0023
N  3c                     0     -2.791    0.6514      Ca A                232.584A    -3.562    0.1103      O  3                702.896A    -5.562    0.0011
Na 3c                     0     -4.501    0.0127      Ca A                231.454A    -3.733    0.0745      O  3                507.680A    -5.261    0.0022
Na 4c                     0     -4.714    0.0078      Ca A                230.686A    -3.882    0.0529      O  3                5006.84A    -1.641    9.1919
Ne 4c                     0     -4.179    0.0267      Ca A                230.139A    -4.014    0.0390      O  3                1666.15A    -4.017    0.0387
Ni 2c                     0     -3.455    0.1413      Ca A                229.736A    -4.134    0.0296      O  3                835.059A    -5.369    0.0017
O  4c                     0     -2.223    2.4117      Ca A                229.431A    -4.242    0.0230      O  3                835.092A    -5.187    0.0026
S  4c                     0     -2.585    1.0456      Ca A                229.194A    -4.342    0.0183      O  3                835.289A    -5.353    0.0018
continua........................................      Ca A                229.006A    -4.435    0.0148      O  3                703.851A    -4.978    0.0042
Bac                 3646.00A    -1.396   16.1760      Ca A                228.855A    -4.521    0.0121      O  3                703.854A    -5.114    0.0031
nFnu                3645.00A    -1.288   20.7267      Ca A                228.731A    -4.602    0.0101      O  3                508.178A    -4.447    0.0144
nFnu                3647.00A    -1.947    4.5507      Ca A                228.629A    -4.678    0.0085      O  3                4363.21A    -3.846    0.0574
cout                3646.00A    -1.396   16.1760      Ca A                228.543A    -4.749    0.0072      O  5                629.732A    -5.197    0.0026
thin                3646.00A    -1.396   16.1763      Ca A                228.471A    -4.817    0.0061      P  2                60.6263m    -4.888    0.0052
Inci                4860.00A    -1.319   19.3150      Ca A                228.409A    -4.881    0.0053      P  2                32.8620m    -4.748    0.0072
Inci                1367.00A    -1.064   34.7580      Ca A                228.356A    -4.942    0.0046      P  2                1.14682m    -4.664    0.0087
Inci                2066.00A    -1.154   28.2696      Ca A                228.309A    -5.001    0.0040      P  2                1.18828m    -4.240    0.0231
Inci                1215.00A    -1.038   36.8605      Ca A                228.269A    -5.056    0.0035      P  2                7875.99A    -5.583    0.0011
Ba C                      0     -2.079    3.3526      Ca A                228.234A    -5.110    0.0031      P  3                17.8797m    -4.653    0.0089
PA C                      0     -2.495    1.2872      Ca A                1640.41A    -2.624    0.9575      P  4                950.657A    -5.589    0.0010
FIR                 83.0000m    -1.767    6.8849      Ca A                1215.13A    -3.158    0.2796      S  2                6730.82A    -2.983    0.4188
TIR                 1800.00m    -4.644    0.0091      Ca A                1084.94A    -3.513    0.1235      S  2                6716.44A    -2.854    0.5629
NIRa                2.85000m    -0.734   74.2819      Ca A                1025.27A    -3.780    0.0669      S  2                4076.35A    -4.509    0.0125
NIRb                3.00000m    -1.060   35.0463      Ca A                992.358A    -3.994    0.0408      S  2                4068.60A    -4.017    0.0387
MIRa                15.0000m    -1.241   23.1238      Ca A                972.106A    -4.174    0.0270      S  2                1.03364m    -4.647    0.0091
MIRb                22.5000m    -1.151   28.4600      Ca A                958.693A    -4.329    0.0189      S  2                1.02867m    -4.643    0.0092
NMIR                21.7500m    -0.734   74.2819      Ca A                949.323A    -4.466    0.0138      S  2                1.03705m    -4.969    0.0043
TFIR                611.250m    -3.472    0.1359      Ca A                942.507A    -4.589    0.0104      S  2                1.03205m    -4.509    0.0125
TALL                10000.0A    -0.221  241.7613      Ca A                937.389A    -4.700    0.0080      S  2                1259.52A    -5.513    0.0012
F12                 12.0000m    -1.658    8.8440      Ca A                933.444A    -4.803    0.0063      S  2                1253.81A    -5.556    0.0011
F25                 25.0000m    -2.060    3.5089      Ca A                930.337A    -4.897    0.0051      S  2                910.485A    -5.405    0.0016
F60                 60.0000m    -2.069    3.4367      Ca A                927.846A    -4.984    0.0042      S  3                33.4704m    -2.565    1.0956
F100                100.000m    -2.090    3.2742      Ca A                925.816A    -5.066    0.0035      S  3                18.7078m    -2.764    0.6933
MIPS                24.0000m    -2.100    3.1990      Ca A                924.142A    -5.143    0.0029      S  3                9068.62A    -2.881    0.5296
MIPS                70.0000m    -3.533    0.1180      Ca A                922.743A    -5.215    0.0025      S  3                9530.62A    -2.481    1.3304
MIPS                160.000m    -3.636    0.0931      Ca A                921.562A    -5.283    0.0021      S  3                3721.63A    -4.335    0.0186
IRAC                3.60000m    -1.963    4.3793      Ca A                920.556A    -5.348    0.0018      S  3                6312.06A    -4.062    0.0349
IRAC                4.50000m    -1.935    4.6811      Ca A                919.693A    -5.410    0.0016      S  3                1713.11A    -5.407    0.0016
IRAC                5.80000m    -1.873    5.3889      Ca A                918.945A    -5.469    0.0014      S  3                1728.94A    -4.955    0.0045
IRAC                8.00000m    -1.737    7.3712      Ca A                918.295A    -5.525    0.0012      S  3                1194.45A    -5.529    0.0012
SPR1                250.000m    -4.868    0.0055      Ca A                917.724A    -5.579    0.0011      S  3                1021.11A    -5.561    0.0011
SPR2                350.000m    -4.984    0.0042      Ca A                4685.68A    -3.328    0.1893      S  5                786.468A    -5.590    0.0010
SPR3                500.000m    -5.042    0.0037      Ca A                3203.08A    -3.734    0.0742      Si 2                34.8046m    -2.550    1.1339
PAC1                70.0000m    -3.504    0.1262      Ca A                2733.28A    -4.030    0.0376      Si 2                2334.41A    -4.398    0.0161
PAC2                100.000m    -2.084    3.3150      Ca A                2511.19A    -4.261    0.0220      Si 2                2328.52A    -5.007    0.0040
PAC3                160.000m    -3.611    0.0985      Ca A                2385.39A    -4.453    0.0142      Si 2                1808.01A    -4.270    0.0216
PAH                 3.30000m    -2.818    0.6128      Ca A                2306.18A    -4.616    0.0097      Si 2                1260.42A    -5.536    0.0012
PAHC                3.23000m    -3.042    0.3653      Ca A                2252.67A    -4.759    0.0070      Si 2                2350.17A    -4.271    0.0216
PAHC                3.37000m    -3.134    0.2958      Ca A                2214.65A    -4.886    0.0052      Si 2                2344.20A    -3.859    0.0558
PAH                 6.20000m    -2.398    1.6089      Ca A                2186.59A    -5.001    0.0040      Si 2                2334.60A    -3.930    0.0473
PAHC                5.65000m    -2.360    1.7570      Ca A                2165.23A    -5.106    0.0032      Si 2                1817.45A    -4.457    0.0140
PAH                 7.90000m    -2.203    2.5209      Ca A                2148.58A    -5.203    0.0025      Si 2                1816.93A    -3.967    0.0435
PAHC                6.90000m    -2.137    2.9372      Ca A                2135.34A    -5.292    0.0021      Si 2                1533.43A    -4.604    0.0100
PAH                 11.3000m    -2.946    0.4562      Ca A                2124.61A    -5.376    0.0017      Si 2                1309.28A    -5.016    0.0039
PAHC                10.9000m    -2.877    0.5344      Ca A                2115.81A    -5.454    0.0014      Si 2                1265.00A    -4.737    0.0074
PAH                 11.8000m    -2.802    0.6355      Ca A                2108.49A    -5.527    0.0012      Si 2                1264.74A    -5.172    0.0027
PAHC                12.6500m    -2.877    0.5346      Ca A                2102.33A    -5.596    0.0010      Si 2                1197.39A    -4.870    0.0054
PAH                 13.3000m    -2.956    0.4454      Ca A                1.01235m    -3.871    0.0542      Si 2                1194.50A    -4.898    0.0051
PAHC                14.1000m    -3.039    0.3678      Ca A                6560.01A    -4.192    0.0259      Si 3                1892.03A    -3.617    0.0973
Bcon                3640.00A    -0.650   90.0483      Ca A                5411.45A    -4.443    0.0145      Si 3                1882.71A    -3.443    0.1452
Pcon                5000.00A    -0.949   45.3130      Ca A                4859.26A    -4.646    0.0091      Si 3                1206.50A    -4.557    0.0112
O3bn                5007.00A    -1.608    9.9239      Ca A                4541.54A    -4.818    0.0061      Si 4                1393.75A    -4.585    0.0105
SX                  25.0000A    -2.162    2.7715      Ca A                4338.62A    -4.967    0.0043      Si 4                1402.77A    -4.804    0.0063
HX                  4.70000A    -1.887    5.2169      Ca A                4199.78A    -5.099    0.0032      Al 2                2669.15A    -4.183    0.0264
ROSA                12.3980A    -1.875    5.3631      Ca A                4099.99A    -5.217    0.0024      Al 2                2660.35A    -4.010    0.0394
HFFc                      0     -2.400    1.6025      Ca A                4025.55A    -5.325    0.0019      Al 2                1670.79A    -4.547    0.0114
H FF                      0     -2.455    1.4106      Ca A                3968.39A    -5.424    0.0015      Al 5                2.90450m    -5.166    0.0027
HeFF                      0     -3.339    0.1844      Ca A                3923.44A    -5.515    0.0012      C  4                1550.77A    -4.327    0.0190
MeFB                      0     -4.217    0.0244      Ca A                3887.40A    -5.600    0.0010      C  4                1548.19A    -4.059    0.0351
MeFF                      0     -4.849    0.0057      Ca A                1.86365m    -4.320    0.0193      C  4                312.451A    -5.174    0.0027
ToFF                      0     -2.401    1.6007      Ca A                1.16262m    -4.579    0.0106      C  4                312.420A    -5.131    0.0030
nFnu                6915.34m    -5.584    0.0010      Ca A                9344.80A    -4.795    0.0065      C  4                244.911A    -5.559    0.0011
nFnu                122.367m    -4.116    0.0308      Ca A                8236.67A    -4.975    0.0043      C  4                244.903A    -5.523    0.0012
nInu                122.367m    -5.125    0.0030      Ca A                7592.65A    -5.130    0.0030      Ca 2                7323.89A    -3.814    0.0618
nFnu                60.8157m    -3.871    0.0542      Ca A                7177.41A    -5.267    0.0022      Ca 2                7291.47A    -3.632    0.0940
nInu                60.8157m    -4.066    0.0346      Ca A                6890.80A    -5.389    0.0016      Ca 2                3968.47A    -4.516    0.0123
nFnu                41.2039m    -3.725    0.0758      Ca A                6683.11A    -5.499    0.0013      Ca 2                8662.14A    -4.701    0.0080
nInu                41.2039m    -3.473    0.1354      Ca A                6527.01A    -5.600    0.0010      Ca 2                3933.66A    -4.412    0.0156
nFnu                30.8611m    -3.621    0.0963      Ca A                3.09080m    -4.707    0.0079      Ca 2                8498.02A    -5.305    0.0020
nInu                30.8611m    -3.033    0.3735      Ca A                1.87431m    -4.919    0.0049      Ca 2                8542.09A    -4.358    0.0177
nFnu                24.7761m    -3.542    0.1156      Ca A                1.47602m    -5.106    0.0032      Ca 5                4.15739m    -4.960    0.0044
nInu                24.7761m    -2.698    0.8066      Ca A                1.28127m    -5.266    0.0022      Ca 5                5309.11A    -5.464    0.0014
nFnu                24.2932m    -3.535    0.1174      Ca A                1.16730m    -5.407    0.0016      Cl 2                14.3639m    -4.762    0.0070
nInu                24.2932m    -2.668    0.8651      Ca A                1.09334m    -5.532    0.0012      Cl 2                8578.70A    -4.454    0.0142
nFnu                22.8240m    -3.512    0.1238      Ca A                4.76213m    -5.046    0.0036      Cl 2                9123.60A    -5.039    0.0037
nInu                22.8240m    -2.577    1.0672      Ca A                2.82519m    -5.221    0.0024      Cl 3                5537.87A    -4.450    0.0143
nFnu                21.4141m    -3.490    0.1301      Ca A                2.18848m    -5.385    0.0017      Cl 3                5517.71A    -4.303    0.0200
nInu                21.4141m    -2.480    1.3320      Ca A                1.87570m    -5.529    0.0012      Cl 3                3342.80A    -5.407    0.0016
nFnu                21.1177m    -3.485    0.1319      Ca A                6.94599m    -5.348    0.0018      Cl 4                20.3197m    -4.532    0.0118
nInu                21.1177m    -2.455    1.4120      Ca A                4.04945m    -5.495    0.0013      Cl 4                11.7629m    -4.624    0.0096
nFnu                19.6146m    -3.457    0.1406      Ca B                1640.41A    -2.495    1.2864      Cl 4                7530.54A    -5.187    0.0026
nInu                19.6146m    -2.344    1.8251      Ca B                1215.13A    -3.018    0.3864      Cl 4                8045.62A    -4.823    0.0060
nFnu                17.6486m    -3.419    0.1536      Ca B                1084.94A    -3.370    0.1719      Fe 4                3094.96A    -3.370    0.1718
nInu                17.6486m    -2.187    2.6202      Ca B                1025.27A    -3.635    0.0932      Fe 4                2835.74A    -3.378    0.1687
nFnu                17.3653m    -3.413    0.1556      Ca B                992.358A    -3.850    0.0569      Fe 4                2829.36A    -3.672    0.0857
nInu                17.3653m    -2.161    2.7776      Ca B                972.106A    -4.030    0.0375      Fe 4                2823.50A    -4.246    0.0228
nFnu                15.6859m    -3.378    0.1687      Ca B                958.693A    -4.186    0.0262      Fe 4                2577.92A    -5.260    0.0022
nInu                15.6859m    -2.004    3.9876      Ca B                949.323A    -4.324    0.0191      Fe 4                2.83562m    -4.782    0.0066
nFnu                14.5997m    -3.350    0.1798      Ca B                942.507A    -4.447    0.0144      Fe 4                2.80554m    -5.342    0.0018
nInu                14.5997m    -1.898    5.0945      Ca B                937.389A    -4.559    0.0111      Fe 4                2.86447m    -5.139    0.0029
nFnu                12.4266m    -3.287    0.2079      Ca B                933.444A    -4.662    0.0088      Fe 4                2567.61A    -4.345    0.0182
nInu                12.4266m    -1.650    9.0227      Ca B                930.337A    -4.757    0.0071      Fe 4                2.71569m    -5.462    0.0014
nFnu                11.3969m    -3.258    0.2222      Ca B                927.846A    -4.844    0.0058      Fe 4                2567.40A    -5.106    0.0032
nInu                11.3969m    -1.518   12.2194      Ca B                925.816A    -4.926    0.0048      Fe 4                6739.82A    -4.913    0.0049
nFnu                10.4572m    -3.222    0.2413      Ca B                924.142A    -5.003    0.0040      Fe 4                6761.38A    -5.414    0.0016
nInu                10.4572m    -1.386   16.5488      Ca B                922.743A    -5.076    0.0034      Fe 4                6734.42A    -5.027    0.0038
nFnu                9.47744m    -3.191    0.2596      Ca B                921.562A    -5.145    0.0029      Fe 4                5233.76A    -5.545    0.0011
nInu                9.47744m    -1.319   19.3162      Ca B                920.556A    -5.210    0.0025      Fe 4                4906.56A    -5.177    0.0027
nFnu                9.32234m    -3.185    0.2628      Ca B                919.693A    -5.272    0.0022      Fe 4                4899.97A    -5.556    0.0011
nInu                9.32234m    -1.319   19.3162      Ca B                918.945A    -5.330    0.0019      Fe 4                4903.07A    -5.536    0.0012
nFnu                8.20812m    -3.134    0.2955      Ca B                918.295A    -5.387    0.0017      Fe 5                70.3538m    -3.809    0.0625
nInu                8.20812m    -1.319   19.3161      Ca B                917.724A    -5.441    0.0015      Fe 5                36.3273m    -3.783    0.0663
nFnu                7.57793m    -3.109    0.3132      Ca B                4685.68A    -3.303    0.2005      Fe 5                25.9131m    -3.891    0.0518
nInu                7.57793m    -1.319   19.3161      Ca B                3203.08A    -3.699    0.0805      Fe 5                20.8407m    -4.159    0.0279
nFnu                7.04834m    -3.072    0.3408      Ca B                2733.28A    -3.989    0.0413      Fe 5                4180.59A    -4.774    0.0068
nInu                7.04834m    -1.319   19.3161      Ca B                2511.19A    -4.217    0.0244      Fe 5                4143.15A    -4.539    0.0116
nFnu                4.11258m    -2.863    0.5520      Ca B                2385.39A    -4.406    0.0158      Fe 5                4227.19A    -3.830    0.0596
nInu                4.11258m    -1.319   19.3159      Ca B                2306.18A    -4.568    0.0109      Fe 5                4003.21A    -5.483    0.0013
nFnu                2.32377m    -2.677    0.8460      Ca B                2252.67A    -4.710    0.0078      Fe 5                4071.24A    -4.551    0.0113
nInu                2.32377m    -1.319   19.3156      Ca B                2214.65A    -4.837    0.0059      Fe 5                3895.22A    -4.973    0.0043
nFnu                1.64268m    -2.531    1.1846      Ca B                2186.59A    -4.952    0.0045      Fe 5                3851.34A    -5.210    0.0025
nInu                1.64268m    -1.319   19.3155      Ca B                2165.23A    -5.056    0.0035      Fe 5                3794.94A    -4.621    0.0096
nFnu                1.47981m    -2.520    1.2172      Ca B                2148.58A    -5.153    0.0028      Fe 5                3755.70A    -4.902    0.0050
nInu                1.47981m    -1.319   19.3154      Ca B                2135.34A    -5.242    0.0023      Fe 5                3911.33A    -5.478    0.0013
nFnu                1.43610m    -2.351    1.7950      Ca B                2124.61A    -5.325    0.0019      Fe 5                3839.27A    -4.610    0.0099
nInu                1.43610m    -1.319   19.3153      Ca B                2115.81A    -5.403    0.0016      Fe 5                3783.22A    -5.022    0.0038
nFnu                1.11836m    -2.335    1.8594      Ca B                2108.49A    -5.476    0.0013      Fe 5                3891.28A    -4.851    0.0057
nInu                1.11836m    -1.319   19.3149      Ca B                2102.33A    -5.546    0.0011      Fe 5                3819.95A    -5.522    0.0012
nFnu                8327.39A    -2.323    1.9118      Ca B                1.01235m    -3.861    0.0555      Fe 5                3445.62A    -5.366    0.0017
nInu                8327.39A    -1.319   19.3147      Ca B                6560.01A    -4.177    0.0268      Fe 5                3463.51A    -5.358    0.0018
nFnu                8076.39A    -1.980    4.2160      Ca B                5411.45A    -4.425    0.0151      Fe 5                2828.24A    -5.498    0.0013
nInu                8076.39A    -1.319   19.3146      Ca B                4859.26A    -4.626    0.0095      Fe 6                19.5527m    -4.179    0.0267
nFnu                6207.94A    -2.016    3.8821      Ca B                4541.54A    -4.797    0.0064      Fe 6                14.7670m    -4.410    0.0157
nInu                6207.94A    -1.319   19.3146      Ca B                4338.62A    -4.945    0.0046      Fe 6                12.3074m    -4.675    0.0085
nFnu                4884.00A    -2.022    3.8289      Ca B                4199.78A    -5.076    0.0034      Fe 6                5335.18A    -5.008    0.0040
nInu                4884.00A    -1.319   19.3146      Ca B                4099.99A    -5.194    0.0026      Fe 6                5484.84A    -5.262    0.0022
nFnu                3703.28A    -1.973    4.2820      Ca B                4025.55A    -5.301    0.0020      Fe 6                5631.07A    -5.157    0.0028
nInu                3703.28A    -1.280   21.1135      Ca B                3968.39A    -5.400    0.0016      Fe 6                5277.81A    -5.509    0.0012
nFnu                3586.64A    -1.297   20.3040      Ca B                3923.44A    -5.491    0.0013      Fe 6                5424.22A    -5.178    0.0027
nInu                3586.64A    -1.274   21.4326      Ca B                3887.40A    -5.576    0.0011      Fe 6                5676.95A    -5.124    0.0030
nFnu                2429.31A    -1.522   12.1129      Ca B                1.86365m    -4.314    0.0195      Fe 6                5426.64A    -5.455    0.0014
nInu                2429.31A    -1.189   26.0470      Ca B                1.16262m    -4.572    0.0108      Fe 6                5145.75A    -4.827    0.0060
nFnu                2391.30A    -1.524   12.0413      Ca B                9344.80A    -4.785    0.0066      Fe 6                4972.47A    -4.842    0.0058
nInu                2391.30A    -1.185   26.2650      Ca B                8236.67A    -4.964    0.0044      Fe 6                5176.04A    -4.906    0.0050
nFnu                2070.68A    -1.509   12.4810      Ca B                7592.65A    -5.118    0.0031      Fe 6                4967.14A    -5.277    0.0021
nInu                2070.68A    -1.154   28.2164      Ca B                7177.41A    -5.254    0.0022      Mg 2                2802.71A    -2.966    0.4357
nFnu                2052.02A    -1.489   13.0659      Ca B                6890.80A    -5.376    0.0017      Mg 2                2795.53A    -2.670    0.8611
nInu                2052.02A    -1.152   28.3578      Ca B                6683.11A    -5.486    0.0013      Mg 2                2798.00A    -5.592    0.0010
nFnu                1793.44A    -1.421   15.2598      Ca B                6527.01A    -5.586    0.0010      Mg 4                4.48711m    -3.881    0.0529
nInu                1793.44A    -1.123   30.3129      Ca B                3.09080m    -4.702    0.0080      Mg 4                323.307A    -5.485    0.0013
nFnu                1585.12A    -1.386   16.5661      Ca B                1.87431m    -4.913    0.0049      Mg 5                5.60700m    -4.796    0.0064
nInu                1585.12A    -1.096   32.2922      Ca B                1.47602m    -5.099    0.0032      N  2                205.283m    -4.402    0.0160
nFnu                1458.33A    -1.380   16.7728      Ca B                1.28127m    -5.259    0.0022      N  2                121.769m    -3.992    0.0410
nInu                1458.33A    -1.078   33.6637      Ca B                1.16730m    -5.399    0.0016      N  2                6548.05A    -3.179    0.2668
nFnu                1356.96A    -1.419   15.3254      Ca B                1.09334m    -5.524    0.0012      N  2                6583.45A    -2.709    0.7863
nInu                1356.96A    -1.062   34.8640      Ca B                4.76213m    -5.041    0.0037      N  2                5754.59A    -4.501    0.0127
nFnu                1297.29A    -1.523   12.0861      Ca B                2.82519m    -5.217    0.0024      N  2                2139.01A    -4.902    0.0050
nInu                1297.29A    -1.052   35.6878      Ca B                2.18848m    -5.380    0.0017      N  2                2142.77A    -4.511    0.0124
nFnu                1262.79A    -1.679    8.4221      Ca B                1.87570m    -5.524    0.0012      N  2                1085.70A    -5.325    0.0019
nInu                1262.79A    -1.047   36.1672      Ca B                6.94599m    -5.343    0.0018      N  2                1084.58A    -5.501    0.0013
nFnu                1218.08A    -2.546    1.1453      Ca B                4.04945m    -5.491    0.0013      N  2                1085.55A    -5.276    0.0021
nInu                1218.08A    -1.039   36.8368      He 2                607.571A    -2.027    3.7875      N  2                1083.99A    -5.478    0.0013
nFnu                1196.33A    -2.534    1.1777      He 2                303.784A    -1.742    7.2876      N  2                1084.56A    -5.345    0.0018
nInu                1196.33A    -1.035   37.1443      He 2                256.317A    -4.657    0.0089      N  2                916.020A    -5.556    0.0011
nFnu                1175.06A    -2.522    1.2115      He 2                243.027A    -4.782    0.0067      N  2                916.710A    -5.184    0.0026
nInu                1175.06A    -1.031   37.4552      He 2                237.331A    -4.841    0.0058      N  2                916.701A    -5.145    0.0029
nFnu                1143.64A    -2.498    1.2780      He 2                234.347A    -4.878    0.0053      N  2                915.962A    -5.289    0.0021
nInu                1143.64A    -1.025   38.0216      He 2                232.584A    -4.904    0.0050      N  3                57.3238m    -2.808    0.6270
nFnu                1113.22A    -2.477    1.3430      He 2                231.454A    -4.919    0.0049      N  3                1748.65A    -5.112    0.0031
nInu                1113.22A    -1.019   38.5321      He 2                230.686A    -4.946    0.0046      N  3                1753.99A    -5.096    0.0032
nFnu                1103.23A    -2.471    1.3601      He 2                230.139A    -4.964    0.0044      N  3                1746.82A    -5.511    0.0012
nInu                1103.23A    -1.018   38.6608      He 2                229.736A    -4.931    0.0047      N  3                1752.16A    -4.671    0.0086
nFnu                1073.86A    -2.448    1.4361      He 2                229.431A    -4.938    0.0046      N  3                1749.67A    -4.706    0.0079
nInu                1073.86A    -1.012   39.1607      He 2                229.194A    -4.948    0.0045      N  3                989.799A    -5.466    0.0014
nFnu                1064.34A    -2.439    1.4635      He 2                229.006A    -4.957    0.0044      N  3                991.511A    -5.123    0.0030
nInu                1064.34A    -1.010   39.3572      He 2                228.855A    -4.967    0.0043      N  3                991.577A    -5.291    0.0021
nFnu                1035.92A    -2.417    1.5397      He 2                228.731A    -4.975    0.0043      N  3                764.351A    -5.049    0.0036
nInu                1035.92A    -1.004   39.8853      He 2                228.629A    -4.983    0.0042      N  3                685.515A    -5.541    0.0012
nFnu                1000.00A    -2.387    1.6515      He 2                228.543A    -4.988    0.0041      N  3                686.336A    -4.987    0.0041
nInu                1000.00A    -0.996   40.6235      He 2                228.471A    -4.992    0.0041      N  3                685.817A    -4.902    0.0050
nFnu                925.144A    -2.324    1.9072      He 2                228.409A    -4.992    0.0041      N  3                452.227A    -5.050    0.0036
nInu                925.144A    -0.979   42.2124      He 2                228.356A    -4.987    0.0041      Na 3                7.31570m    -4.501    0.0127
nFnu                897.800A    -4.965    0.0044      He 2                1640.41A    -2.529    1.1901      Na 4                9.03096m    -4.816    0.0061
nFnu                496.874A    -4.707    0.0079      He 2                1215.13A    -3.005    0.3982      Ne 4                2421.66A    -4.580    0.0106
RRC.............................................      He 2                1084.94A    -3.343    0.1826      Ne 4                2424.28A    -4.408    0.0157
H  1                911.753A    -1.388   16.4928      He 2                1025.27A    -3.603    0.1004      Ne 4                541.126A    -5.328    0.0019
H  1                3645.98A    -2.504    1.2620      He 2                992.358A    -3.814    0.0618      Ne 4                542.076A    -5.268    0.0022
H  1                3645.98A    -2.156    2.8118      He 2                972.106A    -3.991    0.0411      Ne 4                543.886A    -5.232    0.0024
H  1                8203.57A    -3.240    0.2317      He 2                958.693A    -4.144    0.0289      Ni 2                1.19102m    -3.881    0.0529
H  1                8203.57A    -2.844    0.5764      He 2                949.323A    -4.279    0.0212      Ni 2                6.63416m    -4.357    0.0177
H  1                8203.57A    -2.945    0.4573      He 2                942.507A    -4.132    0.0297      Ni 2                1.07151m    -5.134    0.0030
H  1                1.45842m    -3.727    0.0755      He 2                937.389A    -4.226    0.0239      Ni 2                10.6793m    -4.771    0.0068
H  1                1.45842m    -3.325    0.1906      He 2                933.444A    -4.312    0.0196      Ni 2                12.7253m    -5.350    0.0018
H  1                1.45842m    -3.318    0.1935      He 2                930.337A    -4.391    0.0163      Ni 2                7377.83A    -4.173    0.0270
H  1                1.45842m    -3.657    0.0887      He 2                927.846A    -4.465    0.0138      Ni 2                8300.99A    -5.469    0.0014
H  1                2.27878m    -4.085    0.0331      He 2                925.816A    -4.533    0.0118      Ni 2                1.93877m    -4.881    0.0053
H  1                2.27878m    -3.683    0.0836      He 2                924.142A    -4.596    0.0102      Ni 2                6666.80A    -5.314    0.0020
H  1                2.27878m    -3.644    0.0914      He 2                922.743A    -4.654    0.0089      Ni 2                7411.61A    -5.095    0.0032
H  1                2.27878m    -3.837    0.0587      He 2                921.562A    -4.706    0.0079      Ni 2                4326.24A    -5.196    0.0026
H  1                2.27878m    -4.330    0.0188      He 2                920.556A    -4.753    0.0071      Ni 2                7255.82A    -5.551    0.0011
H  1                3.28145m    -4.365    0.0174      He 2                919.693A    -4.791    0.0065      Ni 2                4201.17A    -5.436    0.0015
H  1                3.28145m    -3.965    0.0437      He 2                4685.68A    -3.408    0.1573      Ni 2                3993.06A    -5.310    0.0020
H  1                3.28145m    -3.914    0.0491      He 2                3203.08A    -3.734    0.0743      Ni 2                3438.88A    -5.530    0.0012
H  1                3.28145m    -4.052    0.0357      He 2                2733.28A    -3.999    0.0403      O  4                25.8863m    -2.223    2.4103
H  1                3.28145m    -4.373    0.0170      He 2                2511.19A    -4.216    0.0245      O  4                787.710A    -5.470    0.0014
H  1                3.28145m    -4.970    0.0043      He 2                2385.39A    -4.398    0.0161      O  4                790.114A    -5.354    0.0018
H  1                4.46642m    -4.595    0.0102      He 2                2306.18A    -4.555    0.0112      O  4                790.201A    -5.524    0.0012
H  1                4.46642m    -4.196    0.0256      He 2                2252.67A    -4.693    0.0082      O  4                609.830A    -5.029    0.0038
H  1                4.46642m    -4.140    0.0292      He 2                2214.65A    -4.647    0.0091      O  4                554.076A    -5.579    0.0011
H  1                4.46642m    -4.253    0.0225      He 2                2186.59A    -4.741    0.0073      O  4                555.264A    -4.948    0.0045
H  1                4.46642m    -4.504    0.0126      He 2                2165.23A    -4.826    0.0060      O  4                554.514A    -4.868    0.0055
H  1                4.46642m    -4.909    0.0050      He 2                2148.58A    -4.906    0.0050      S  4                10.5076m    -2.586    1.0450
H  1                4.46642m    -5.578    0.0011      He 2                2135.34A    -4.979    0.0042      S  4                815.941A    -5.600    0.0010
H  1                5.83369m    -4.789    0.0065      He 2                2124.61A    -5.047    0.0036      S  4                753.760A    -5.475    0.0013
H  1                5.83369m    -4.392    0.0163      He 2                2115.81A    -5.110    0.0031      S  4                750.221A    -5.405    0.0016
H  1                5.83369m    -4.333    0.0187      He 2                2108.49A    -5.168    0.0027      S  4                661.455A    -5.376    0.0017
H  1                5.83369m    -4.434    0.0148      He 2                2102.33A    -5.220    0.0024      S  4                554.027A    -5.532    0.0012
H  1                5.83369m    -4.648    0.0091      He 2                2097.10A    -5.267    0.0022      level 1 lines...................................
H  1                5.83369m    -4.970    0.0043      He 2                2092.63A    -5.305    0.0020      recombination...................................
H  1                5.83369m    -5.433    0.0015      He 2                1.01235m    -4.020    0.0384      C  2                4267.00A    -5.243    0.0023
H  1                7.38326m    -4.957    0.0044      He 2                6560.01A    -4.260    0.0221      C  2                1761.00A    -5.309    0.0020
H  1                7.38326m    -4.561    0.0111      He 2                5411.45A    -4.476    0.0134      C  2                1335.00A    -3.499    0.1275
H  1                7.38326m    -4.502    0.0127      He 2                4859.26A    -4.662    0.0088      C  3                1923.00A    -5.341    0.0018
H  1                7.38326m    -4.594    0.0102      He 2                4541.54A    -4.822    0.0061      N  2                1742.00A    -5.259    0.0022
H  1                7.38326m    -4.788    0.0066      He 2                4338.62A    -4.963    0.0044      O  1                1357.00A    -5.515    0.0012
H  1                7.38326m    -5.065    0.0035      He 2                4199.78A    -5.017    0.0039      O  2                4094.00A    -5.527    0.0012
H  1                7.38326m    -5.434    0.0015      He 2                4099.99A    -5.109    0.0031      O  2                4075.00A    -5.175    0.0027
H  1                9.11514m    -5.105    0.0032      He 2                4025.55A    -5.195    0.0026      O  2                4111.00A    -5.483    0.0013
H  1                9.11514m    -4.710    0.0079      He 2                3968.39A    -5.274    0.0021      O  2                4651.00A    -4.954    0.0045
H  1                9.11514m    -4.651    0.0090      He 2                3923.44A    -5.347    0.0018      O  2                4341.00A    -5.232    0.0024
H  1                9.11514m    -4.739    0.0074      He 2                3887.40A    -5.415    0.0015      O  3                3265.00A    -5.363    0.0017
H  1                9.11514m    -4.920    0.0048      He 2                3858.03A    -5.477    0.0013      C  2                1167.50A    -5.167    0.0027
H  1                9.11514m    -5.170    0.0027      He 2                3833.76A    -5.535    0.0012      C  2                1092.50A    -4.559    0.0111
H  1                9.11514m    -5.486    0.0013      He 2                3813.45A    -5.588    0.0010      C  2                1036.80A    -4.192    0.0259
H  1                11.0293m    -4.160    0.0278      He 2                1.86365m    -4.521    0.0121      C  2                946.100A    -4.230    0.0237
H  1                13.1258m    -4.273    0.0215      He 2                1.16262m    -4.700    0.0080      C  2                799.800A    -3.333    0.1870
H  1                15.4046m    -4.376    0.0169      He 2                9344.80A    -4.878    0.0053      C  3                2296.90A    -4.847    0.0057
H  1                17.8657m    -4.472    0.0136      He 2                8236.67A    -5.037    0.0037      C  3                1828.00A    -4.874    0.0054
H  1                20.5091m    -4.561    0.0111      He 2                7592.65A    -5.178    0.0027      C  3                1577.10A    -4.818    0.0061
H  1                23.3348m    -4.645    0.0091      He 2                7177.41A    -5.306    0.0020      C  3                1247.40A    -5.356    0.0018
H  1                26.3428m    -4.723    0.0076      He 2                6890.80A    -5.398    0.0016      C  3                1175.70A    -4.667    0.0087
H  1                29.5331m    -4.797    0.0064      He 2                6683.11A    -5.483    0.0013      C  3                977.000A    -4.334    0.0187
H  1                32.9057m    -4.868    0.0055      He 2                6527.01A    -5.561    0.0011      C  3                574.300A    -5.424    0.0015
H  1                36.4606m    -4.934    0.0047      He 2                3.09080m    -4.948    0.0045      C  3                538.200A    -5.438    0.0015
H  1                40.1978m    -4.997    0.0040      He 2                1.87431m    -5.083    0.0033      C  3                511.500A    -5.381    0.0017
H  1                44.1173m    -5.058    0.0035      He 2                1.47602m    -5.231    0.0024      C  3                493.500A    -5.097    0.0032
H  1                48.2191m    -5.116    0.0031      He 2                1.28127m    -5.368    0.0017      C  3                492.600A    -5.234    0.0023
H  1                52.5033m    -5.171    0.0027      He 2                1.16730m    -5.544    0.0012      C  3                483.700A    -5.259    0.0022
H  1                56.9697m    -4.001    0.0401      He 2                4.76213m    -5.321    0.0019      C  3                476.000A    -5.107    0.0031
He 2                227.838A    -1.950    4.5150      He 2                2.82519m    -5.424    0.0015      C  3                459.600A    -4.203    0.0252
He 2                911.351A    -3.316    0.1945      He 2                2.18848m    -5.548    0.0011      C  3                450.700A    -5.372    0.0017
He 2                911.351A    -2.902    0.5048      He-like iso-sequence............................      C  3                433.300A    -5.417    0.0015
He 2                2049.91A    -3.946    0.0456      He 1                1202.81A    -2.704    0.7965      C  3                411.700A    -4.216    0.0245
He 2                2049.91A    -3.478    0.1338      He 1                584.334A    -3.489    0.1307      C  3                398.400A    -4.398    0.0161
He 2                2049.91A    -3.467    0.1374      He 1                537.030A    -4.500    0.0127      C  3                371.700A    -5.083    0.0033
He 2                3644.44A    -4.490    0.0130      He 1                522.213A    -4.647    0.0091      N  2                1085.10A    -4.660    0.0088
He 2                3644.44A    -4.013    0.0391      He 1                515.617A    -4.729    0.0075      N  2                916.300A    -5.098    0.0032
He 2                3644.44A    -3.886    0.0523      He 1                512.099A    -4.789    0.0065      N  2                646.400A    -4.703    0.0080
He 2                3644.44A    -4.094    0.0324      He 1                625.563A    -2.028    3.7762      N  3                2064.30A    -5.557    0.0011
He 2                5694.49A    -4.896    0.0051      He 1                510.018A    -4.898    0.0051      N  3                991.000A    -4.375    0.0170
He 2                5694.49A    -4.418    0.0154      He 1                508.657A    -4.911    0.0049      N  3                782.900A    -5.370    0.0017
He 2                5694.49A    -4.255    0.0224      He 1                507.727A    -4.927    0.0048      N  3                764.000A    -4.911    0.0049
He 2                5694.49A    -4.308    0.0198      He 1                507.065A    -4.941    0.0046      N  3                685.700A    -5.179    0.0027
He 2                5694.49A    -4.674    0.0085      He 1                506.576A    -4.956    0.0045      N  3                472.300A    -5.438    0.0015
He 2                8200.12A    -5.217    0.0024      He 1                506.204A    -4.974    0.0043      N  3                418.800A    -4.862    0.0055
He 2                8200.12A    -4.740    0.0073      He 1                505.916A    -4.993    0.0041      N  3                411.300A    -5.420    0.0015
He 2                8200.12A    -4.561    0.0111      He 1                505.687A    -5.012    0.0039      N  3                391.300A    -5.342    0.0018
He 2                8200.12A    -4.555    0.0112      He 1                505.502A    -5.032    0.0037      N  3                387.400A    -4.792    0.0065
He 2                8200.12A    -4.741    0.0073      He 1                505.352A    -5.053    0.0036      N  3                374.400A    -5.002    0.0040
He 2                8200.12A    -5.229    0.0024      He 1                505.227A    -5.074    0.0034      N  3                348.700A    -4.194    0.0258
He 2                1.11613m    -5.480    0.0013      He 1                505.122A    -5.094    0.0032      N  3                340.200A    -4.577    0.0107
He 2                1.11613m    -5.004    0.0040      He 1                505.033A    -5.114    0.0031      N  3                323.300A    -5.322    0.0019
He 2                1.11613m    -4.819    0.0061      He 1                504.958A    -5.199    0.0025      N  3                311.600A    -5.385    0.0017
He 2                1.11613m    -4.784    0.0066      He 1                504.893A    -5.196    0.0026      O  2                386.300A    -3.898    0.0509
He 2                1.11613m    -4.894    0.0051      He 1                504.836A    -5.176    0.0027      O  2                385.700A    -4.076    0.0338
He 2                1.11613m    -5.184    0.0026      He 1                504.787A    -5.236    0.0023      O  3                834.500A    -3.997    0.0405
He 2                1.45781m    -5.227    0.0024      He 1                504.744A    -5.193    0.0026      O  3                703.400A    -4.359    0.0176
He 2                1.45781m    -5.039    0.0037      He 1                504.706A    -5.130    0.0030      O  3                599.600A    -4.886    0.0052
He 2                1.45781m    -4.988    0.0041      He 1                504.672A    -4.344    0.0182      O  3                541.600A    -4.757    0.0071
He 2                1.45781m    -5.059    0.0035      He 1                1.08291m    -4.346    0.0182      O  3                374.100A    -4.454    0.0141
He 2                1.45781m    -5.260    0.0022      He 1                1.08302m    -3.856    0.0561      O  3                320.700A    -4.461    0.0139
He 2                1.84504m    -5.419    0.0015      He 1                1.08303m    -3.619    0.0968      O  3                300.500A    -3.813    0.0620
He 2                1.84504m    -5.229    0.0024      Blnd                1.08302m    -3.372    0.1710      O  3                299.300A    -4.233    0.0235
He 2                1.84504m    -5.169    0.0027      He 1                3888.64A    -3.684    0.0834      O  4                789.400A    -4.737    0.0074
He 2                1.84504m    -5.217    0.0024      He 1                3187.74A    -4.072    0.0341      O  4                779.900A    -5.342    0.0018
He 2                1.84504m    -5.370    0.0017      He 1                2945.10A    -4.384    0.0166      O  4                554.400A    -5.294    0.0020
He 2                2.27783m    -5.586    0.0010      He 1                2829.08A    -4.637    0.0093      O  4                265.500A    -4.968    0.0043
He 2                2.27783m    -5.396    0.0016      He 1                2760.44A    -5.222    0.0024      O  4                260.500A    -5.304    0.0020
He 2                2.27783m    -5.331    0.0019      He 1                2721.00A    -5.372    0.0017      O  4                224.100A    -5.283    0.0021
He 2                2.27783m    -5.364    0.0017      He 1                2694.61A    -5.507    0.0013      O  4                200.800A    -4.587    0.0104
He 2                2.27783m    -5.487    0.0013      He 1                2.05813m    -4.593    0.0103      O  4                196.400A    -5.053    0.0036
He 2                2.75620m    -4.761    0.0070      He 1                5015.68A    -4.313    0.0196      O  4                158.600A    -4.993    0.0041
He 2                3.28011m    -4.873    0.0054      He 1                3964.73A    -4.704    0.0080      level2 lines....................................
He 2                3.84958m    -4.976    0.0043      He 1                3613.64A    -5.015    0.0039      C  2                596.559A    -5.186    0.0026
He 2                4.46460m    -5.072    0.0034      He 1                3447.59A    -5.274    0.0021      C  2                561.959A    -5.227    0.0024
He 2                5.12518m    -5.161    0.0028      He 1                7065.71A    -5.310    0.0020      C  2                530.721A    -5.246    0.0023
He 2                5.83131m    -5.244    0.0023      He 1                7065.21A    -4.833    0.0059      C  2                544.909A    -5.258    0.0022
He 2                6.58301m    -5.322    0.0019      He 1                7065.18A    -4.611    0.0099      C  2                535.300A    -5.270    0.0022
He 2                7.38026m    -5.396    0.0016      Blnd                7065.25A    -4.356    0.0177      C  2                550.361A    -5.328    0.0019
He 2                8.22307m    -5.466    0.0014      He 1                5875.98A    -4.625    0.0095      C  2                467.460A    -5.394    0.0016
He 2                9.11143m    -5.532    0.0012      He 1                5875.64A    -4.148    0.0286      C  2                637.979A    -5.558    0.0011
He 2                10.0454m    -5.595    0.0010      He 1                5875.61A    -3.926    0.0477      C  2                424.791A    -5.478    0.0013
He 2                14.2366m    -4.553    0.0113      Blnd                5875.66A    -3.671    0.0859      C  2                439.850A    -5.553    0.0011
He 1                504.259A    -2.245    2.2913      He 1                4713.16A    -5.534    0.0012      C  2                524.659A    -5.583    0.0011
He 1                2599.69A    -3.701    0.0801      He 1                4713.14A    -5.312    0.0020      C  2                521.831A    -5.583    0.0011
He 1                3120.85A    -4.212    0.0247      Blnd                4713.17A    -5.057    0.0035      C  3                271.090A    -5.176    0.0027
He 1                3421.00A    -4.201    0.0253      He 1                4471.69A    -5.032    0.0037      C  3                268.600A    -5.203    0.0025
He 1                3420.88A    -3.724    0.0760      He 1                4471.49A    -4.555    0.0112      C  3                266.880A    -5.231    0.0024
He 1                3420.88A    -3.502    0.1267      He 1                4471.47A    -4.333    0.0187      C  3                288.500A    -5.240    0.0023
He 1                3678.70A    -3.921    0.0483      Blnd                4471.50A    -4.077    0.0337      C  4                223.140A    -5.364    0.0017
He 1                6632.16A    -4.609    0.0099      Blnd                4120.84A    -5.481    0.0013      N  1                942.258A    -5.363    0.0017
He 1                7435.20A    -5.030    0.0038      He 1                4026.36A    -5.346    0.0018      N  2                532.161A    -5.221    0.0024
He 1                7843.40A    -3.980    0.0422      He 1                4026.20A    -4.869    0.0054      N  2                634.441A    -5.287    0.0021
He 1                8188.35A    -4.199    0.0255      He 1                4026.19A    -4.647    0.0091      N  2                475.141A    -5.287    0.0021
He 1                8190.64A    -4.688    0.0083      Blnd                4026.21A    -4.392    0.0163      N  2                528.139A    -5.323    0.0019
He 1                8261.30A    -4.591    0.0103      He 1                3819.76A    -5.601    0.0010      N  2                452.970A    -5.369    0.0017
He 1                1.24770m    -5.162    0.0028      He 1                3819.61A    -5.124    0.0030      N  2                441.950A    -5.404    0.0016
He 1                1.35640m    -5.548    0.0011      He 1                3819.60A    -4.902    0.0050      N  2                474.291A    -5.402    0.0016
He 1                1.40933m    -4.479    0.0134      Blnd                3819.62A    -4.647    0.0091      N  2                437.731A    -5.429    0.0015
He 1                1.45602m    -4.570    0.0108      He 1                3704.90A    -5.546    0.0011      N  2                452.610A    -5.517    0.0012
He 1                1.45643m    -5.062    0.0035      He 1                3704.76A    -5.069    0.0034      N  3                293.510A    -5.176    0.0027
He 1                1.45759m    -4.925    0.0048      He 1                3704.75A    -4.847    0.0057      N  3                283.090A    -5.218    0.0024
He 1                1.45759m    -5.403    0.0016      Blnd                3704.77A    -4.592    0.0103      N  3                264.550A    -5.240    0.0023
He 1                1.46631m    -5.063    0.0035      He 1                3634.08A    -5.232    0.0024      N  3                277.180A    -5.254    0.0022
He 1                2.01409m    -5.553    0.0011      He 1                3634.07A    -5.010    0.0039      N  3                312.110A    -5.254    0.0022
He 1                2.21671m    -4.847    0.0057      Blnd                3634.09A    -4.755    0.0071      N  3                273.490A    -5.289    0.0021
He 1                2.27546m    -4.895    0.0051      He 1                3587.16A    -5.375    0.0017      N  3                267.450A    -5.317    0.0019
He 1                2.27605m    -5.387    0.0017      He 1                3587.15A    -5.154    0.0028      N  3                248.910A    -5.335    0.0019
He 1                2.27752m    -5.105    0.0032      Blnd                3587.17A    -4.898    0.0051      N  3                271.020A    -5.326    0.0019
He 1                2.27752m    -5.582    0.0011      He 1                3554.34A    -5.504    0.0013      N  3                305.650A    -5.336    0.0019
He 1                2.27778m    -5.600    0.0010      He 1                3554.33A    -5.282    0.0021      N  3                269.290A    -5.357    0.0018
He 1                2.28865m    -5.417    0.0015      Blnd                3554.35A    -5.027    0.0038      N  3                300.710A    -5.365    0.0017
He 1                3.20639m    -5.133    0.0030      He 1                3530.43A    -5.399    0.0016      N  3                238.620A    -5.504    0.0013
He 1                3.27716m    -5.163    0.0028      Blnd                3530.44A    -5.144    0.0029      N  3                234.300A    -5.546    0.0011
He 1                3.27969m    -5.320    0.0019      He 1                3512.46A    -5.505    0.0013      N  3                286.900A    -5.534    0.0012
He 1                4.46460m    -4.723    0.0076      Blnd                3512.48A    -5.250    0.0023      N  4                197.610A    -5.533    0.0012
He 1                5.83132m    -4.894    0.0051      He 1                3498.60A    -5.603    0.0010      O  1                976.791A    -5.237    0.0023
He 1                7.38026m    -5.046    0.0036      Blnd                3498.62A    -5.348    0.0018      O  1                969.049A    -5.280    0.0021
He 1                9.11143m    -5.181    0.0027      Blnd                3487.70A    -5.438    0.0015      O  1                946.387A    -5.323    0.0019
He 1                11.0248m    -5.304    0.0020      Blnd                3478.95A    -5.522    0.0012      O  1                934.501A    -5.359    0.0018
He 1                13.1205m    -5.417    0.0015      Blnd                3471.81A    -5.600    0.0010      O  1                973.577A    -5.374    0.0017
He 1                15.3983m    -5.520    0.0012      He 1                3439.98A    -5.430    0.0015      O  1                927.472A    -5.392    0.0016
He 1                61.5933m    -5.182    0.0026      Blnd                3440.00A    -5.174    0.0027      O  1                948.506A    -5.433    0.0015
C  2                508.483A    -4.273    0.0215      He 1                7281.35A    -4.922    0.0048      O  1                922.969A    -5.430    0.0015
C  3                258.906A    -5.382    0.0017      He 1                6678.15A    -4.221    0.0242      O  1                919.912A    -5.468    0.0014
N  1                853.055A    -5.435    0.0015      He 1                5047.74A    -5.485    0.0013      O  1                935.672A    -5.497    0.0013
N  2                418.848A    -5.055    0.0035      He 1                4921.93A    -4.646    0.0091      O  1                917.726A    -5.509    0.0012
N  3                261.320A    -5.165    0.0028      He 1                4387.93A    -4.965    0.0044      O  1                918.704A    -5.542    0.0012
O  2                353.019A    -2.966    0.4354      He 1                4143.76A    -5.220    0.0024      O  1                928.186A    -5.566    0.0011
O  3                225.690A    -4.630    0.0094      He 1                4009.05A    -5.228    0.0024      O  1                917.473A    -5.588    0.0010
Ne 2                302.674A    -4.230    0.0237      He 1                3926.41A    -5.394    0.0016      O  2                425.190A    -5.078    0.0034
Ne 3                195.487A    -4.834    0.0059      He 1                3871.69A    -5.539    0.0012      O  2                388.410A    -5.152    0.0028
S  2                531.257A    -5.240    0.0023      He 1                4.29471m    -5.598    0.0010      O  2                373.600A    -5.194    0.0026
Ar 2                448.736A    -5.582    0.0011      He 1                1.25275m    -5.536    0.0012      O  2                361.821A    -5.208    0.0025
Fe 3                404.498A    -5.164    0.0028      He 1                1.70025m    -5.228    0.0024      O  2                366.060A    -5.219    0.0024
Fe 4                225.785A    -4.388    0.0165      He 1                1.19691m    -5.388    0.0016      O  2                360.570A    -5.266    0.0022
grains..........................................      He 1                1.03113m    -5.587    0.0010      O  2                414.619A    -5.331    0.0019
H-like iso-sequence.............................      He 1                9515.00A    -5.478    0.0013      O  2                358.780A    -5.348    0.0018
H  1 Cool           1215.67A    -2.567    1.0900      He 1                1.86854m    -4.612    0.0098      O  2                356.930A    -5.349    0.0018
Crst                960.000A    -2.744    0.7261      He 1                1.27849m    -4.941    0.0046      O  2                355.610A    -5.372    0.0017
LA X                1215.67A    -4.462    0.0139      He 1                1.09130m    -5.206    0.0025      O  2                384.420A    -5.478    0.0013
CION                      0     -4.729    0.0075      He 1                1.00275m    -5.408    0.0016      O  3                305.400A    -4.673    0.0086
Ca B                1215.67A    -1.073   34.0005      He 1                9526.01A    -5.580    0.0011      O  3                268.070A    -5.004    0.0040
Q(H)                4861.32A    -2.622    0.9619      He 1                1.86972m    -5.090    0.0033      O  3                263.850A    -5.020    0.0038
Q(H)                1215.67A    -1.088   32.8973      He 1                1.27905m    -5.418    0.0015      O  3                373.640A    -5.026    0.0038
CaBo                4861.32A    -2.606    0.9973      He 1                4.04791m    -5.331    0.0019      O  3                265.020A    -5.029    0.0038
CaBo                1640.00A    -2.500    1.2726      Ca B                2945.10A    -4.415    0.0155      O  3                248.730A    -5.062    0.0035
CaBo                4685.64A    -3.316    0.1944      Ca B                3187.74A    -4.097    0.0322      O  3                241.200A    -5.102    0.0032
Ca A                1215.67A    -1.264   21.9444      Ca B                3613.64A    -5.003    0.0040      O  3                248.620A    -5.131    0.0030
Ca A                1025.72A    -1.911    4.9371      Ca B                3888.64A    -3.700    0.0804      O  3                236.890A    -5.140    0.0029
Ca A                972.537A    -2.322    1.9159      Ca B                3964.73A    -4.694    0.0081      O  3                234.190A    -5.165    0.0028
Ca A                949.743A    -2.626    0.9518      Ca B                4026.20A    -4.380    0.0168      O  3                276.900A    -5.153    0.0028
Ca A                937.803A    -2.869    0.5448      Ca B                4120.82A    -5.453    0.0014      O  3                241.140A    -5.168    0.0027
Ca A                930.748A    -3.071    0.3421      Ca B                4387.93A    -4.956    0.0045      O  3                280.450A    -5.174    0.0027
Ca A                926.226A    -3.245    0.2293      Ca B                4471.49A    -4.058    0.0353      O  3                263.230A    -5.176    0.0027
Ca A                923.150A    -3.397    0.1613      Ca B                4713.16A    -5.039    0.0037      O  3                232.380A    -5.183    0.0026
Ca A                920.963A    -3.533    0.1179      Ca B                4921.93A    -4.626    0.0095      O  3                236.860A    -5.201    0.0025
Ca A                919.351A    -3.656    0.0888      Ca B                5015.68A    -4.294    0.0204      O  3                231.110A    -5.203    0.0025
Ca A                918.129A    -3.768    0.0686      Ca B                5047.74A    -5.455    0.0014      O  3                255.390A    -5.208    0.0025
Ca A                917.181A    -3.871    0.0541      Ca B                5875.64A    -3.616    0.0975      O  3                232.350A    -5.221    0.0024
Ca A                916.429A    -3.967    0.0435      Ca B                6678.15A    -4.162    0.0277      O  3                234.180A    -5.231    0.0024
Ca A                915.824A    -4.055    0.0354      Ca B                7065.21A    -4.375    0.0170      O  3                230.150A    -5.277    0.0021
Ca A                915.329A    -4.138    0.0293      Ca B                7281.35A    -4.895    0.0051      O  3                231.100A    -5.267    0.0022
Ca A                914.919A    -4.216    0.0245      Ca B                1.08302m    -3.329    0.1886      O  3                244.650A    -5.267    0.0022
Ca A                914.576A    -4.288    0.0207      Ca B                1.19691m    -5.377    0.0017      O  3                238.930A    -5.312    0.0020
Ca A                914.286A    -4.357    0.0177      Ca B                1.25275m    -5.591    0.0010      O  3                233.340A    -5.326    0.0019
Ca A                914.039A    -4.421    0.0153      Ca B                1.27849m    -4.870    0.0054      O  3                235.520A    -5.347    0.0018
Ca A                913.826A    -4.481    0.0133      Ca B                1.27905m    -5.347    0.0018      O  3                232.490A    -5.455    0.0014
Ca A                913.641A    -4.538    0.0117      Ca B                1.70025m    -5.208    0.0025      O  3                235.000A    -5.499    0.0013
Ca A                913.480A    -4.591    0.0103      Ca B                1.86854m    -4.500    0.0127      O  4                239.130A    -4.886    0.0052
Ca A                913.339A    -4.641    0.0092      Ca B                1.86972m    -4.976    0.0043      O  4                207.610A    -5.220    0.0024
Ca A                6562.80A    -2.331    1.8768      Ca B                2.05813m    -4.228    0.0238      O  4                196.560A    -5.277    0.0021
Ca A                4861.32A    -2.783    0.6635      Pho+                3889.00A    -3.117    0.3073      O  4                214.760A    -5.234    0.0023
Ca A                4340.46A    -3.108    0.3138      extra Lyman.....................................      O  4                181.780A    -5.433    0.0015
Ca A                4101.73A    -3.362    0.1749      database lines..................................      O  4                280.550A    -5.197    0.0026
Ca A                3970.07A    -3.571    0.1081      Al 3                1862.79A    -4.826    0.0060      O  4                174.710A    -5.530    0.0012
Ca A                3889.05A    -3.749    0.0717      Al 3                1854.72A    -4.575    0.0107      O  4                203.010A    -5.440    0.0015
Ca A                3835.38A    -3.905    0.0501      Ar 2                6.98337m    -4.558    0.0111      O  4                174.310A    -5.575    0.0011
Ca A                3797.90A    -4.043    0.0365      Ar 3                3109.18A    -5.004    0.0040      O  4                182.700A    -5.562    0.0011
Ca A                3770.63A    -4.167    0.0274      Ar 3                5191.82A    -5.339    0.0018      O  4                181.770A    -5.577    0.0011
Ca A                3750.15A    -4.280    0.0211      Ar 3                7135.79A    -3.241    0.2309      Ne 2                444.150A    -5.401    0.0016
Ca A                3734.37A    -4.384    0.0166      Ar 3                7751.11A    -3.866    0.0548      Ne 2                356.870A    -5.384    0.0017
Ca A                3721.94A    -4.480    0.0133      Ar 3                8.98898m    -3.275    0.2138      Ne 2                461.050A    -5.428    0.0015
Ca A                3711.97A    -4.569    0.0109      Ar 3                21.8253m    -4.444    0.0145      Ne 2                404.130A    -5.461    0.0014
Ca A                3703.85A    -4.653    0.0090      Ar 4                2853.66A    -5.585    0.0010      Ne 2                327.700A    -5.508    0.0012
Ca A                3697.15A    -4.731    0.0075      Ar 4                4711.26A    -4.527    0.0120      Ne 2                331.200A    -5.508    0.0013
Ca A                3691.55A    -4.805    0.0063      Ar 4                4740.12A    -4.679    0.0084      Ne 2                327.139A    -5.523    0.0012
Ca A                3686.83A    -4.875    0.0054      Ar 5                7.89971m    -5.284    0.0021      Ne 2                355.969A    -5.517    0.0012
Ca A                3682.81A    -4.941    0.0046      Ar 5                13.0985m    -5.040    0.0037      Ne 2                320.500A    -5.579    0.0011
Ca A                3679.35A    -5.004    0.0040      C  1                9850.26A    -5.162    0.0028      Ne 3                250.920A    -5.091    0.0033
Ca A                3676.36A    -5.064    0.0035      C  2                687.053A    -5.280    0.0021      Ne 3                227.420A    -5.035    0.0037
Ca A                3673.76A    -5.121    0.0030      C  2                687.352A    -5.423    0.0015      Ne 3                218.360A    -5.348    0.0018
Ca A                3671.48A    -5.176    0.0027      C  2                858.092A    -5.514    0.0012      Ne 3                223.310A    -5.288    0.0021
Ca A                1.87510m    -3.122    0.3039      C  2                858.559A    -5.278    0.0021      Ne 3                228.870A    -5.188    0.0026
Ca A                1.28181m    -3.450    0.1428      C  2                903.623A    -5.223    0.0024      Ne 3                281.580A    -5.192    0.0026
Ca A                1.09381m    -3.711    0.0783      C  2                903.962A    -5.155    0.0028      Ne 3                204.530A    -5.495    0.0013
Ca A                1.00494m    -3.926    0.0478      C  2                904.142A    -4.947    0.0046      Ne 3                227.190A    -5.109    0.0031
Ca A                9545.97A    -4.107    0.0314      C  2                904.480A    -5.032    0.0037      Ne 3                212.550A    -5.479    0.0013
Ca A                9229.02A    -4.266    0.0218      C  2                1036.34A    -5.204    0.0025      Ne 3                265.510A    -5.228    0.0024
Ca A                9014.91A    -4.406    0.0158      C  2                1037.02A    -4.977    0.0042      Ne 3                218.030A    -5.459    0.0014
Ca A                8862.79A    -4.532    0.0118      C  2                1334.53A    -5.022    0.0038      Ne 3                205.100A    -5.566    0.0011
Ca A                8750.48A    -4.646    0.0091      C  2                1335.66A    -4.837    0.0059      Ne 3                217.120A    -5.512    0.0012
Ca A                8665.02A    -4.751    0.0071      C  2                1335.71A    -4.680    0.0084      Ne 3                238.070A    -5.326    0.0019
Ca A                8598.40A    -4.848    0.0057      C  2                2323.50A    -4.543    0.0115      Ne 4                171.550A    -5.390    0.0016
Ca A                8545.39A    -4.938    0.0046      C  2                2324.69A    -4.292    0.0205      Ne 4                207.180A    -5.471    0.0014
Ca A                8502.49A    -5.022    0.0038      C  2                2325.40A    -3.581    0.1056      Mg 3                183.540A    -5.397    0.0016
Ca A                8467.26A    -5.101    0.0032      C  2                2326.93A    -3.761    0.0698      Mg 3                168.540A    -5.583    0.0011
Ca A                8437.96A    -5.175    0.0027      C  2                2328.12A    -4.239    0.0232      Si 2                1179.59A    -4.812    0.0062
Ca A                8413.32A    -5.245    0.0023      C  2                157.636m    -3.682    0.0836      Si 2                993.354A    -5.303    0.0020
Ca A                8392.40A    -5.312    0.0020      C  3                1908.73A    -3.252    0.2254      Si 2                893.551A    -5.390    0.0016
Ca A                8374.48A    -5.375    0.0017      C  3                1906.68A    -3.074    0.3398      Si 2                1024.03A    -5.485    0.0013
Ca A                8359.01A    -5.436    0.0015      C  3                977.020A    -4.329    0.0189      Si 2                903.081A    -5.524    0.0012
Ca A                8345.56A    -5.494    0.0013      C  3                386.203A    -5.316    0.0019      Si 3                564.611A    -5.504    0.0013
Ca A                8333.79A    -5.549    0.0011      C  3                884.524A    -5.452    0.0014      Si 3                464.939A    -5.487    0.0013
Ca A                4.05115m    -3.722    0.0764      Ca 4                3.20610m    -3.901    0.0505      S  2                750.323A    -5.321    0.0019
Ca A                2.62515m    -3.975    0.0427      Co 2                2.98382m    -5.284    0.0021      S  2                632.711A    -5.494    0.0013
Ca A                2.16553m    -4.192    0.0259      Co 2                1.01879m    -5.511    0.0012      S  2                888.439A    -5.418    0.0015
Ca A                1.94456m    -4.376    0.0169      Co 3                11.8845m    -5.603    0.0010      S  2                587.599A    -5.602    0.0010
Ca A                1.81741m    -4.537    0.0117      Cr 2                8000.08A    -5.298    0.0020      S  3                667.049A    -5.021    0.0038
Ca A                1.73621m    -4.679    0.0084      Cr 2                8125.30A    -5.370    0.0017      S  3                691.219A    -5.157    0.0028
Ca A                1.68065m    -4.807    0.0063      Cr 2                8229.67A    -5.465    0.0014      S  3                704.220A    -5.215    0.0025
Ca A                1.64072m    -4.922    0.0048      Cr 5                594.921A    -5.521    0.0012      S  3                671.510A    -5.487    0.0013
Ca A                1.61093m    -5.028    0.0038      Fe 2                25.9813m    -3.419    0.1533      S  3                482.139A    -5.420    0.0015
Ca A                1.58805m    -5.125    0.0030      Fe 2                5.33871m    -2.908    0.4974      S  3                474.260A    -5.494    0.0013
Ca A                1.57007m    -5.216    0.0024      Fe 2                4.11387m    -5.232    0.0024      S  3                480.121A    -5.534    0.0012
Ca A                1.55565m    -5.301    0.0020      Fe 2                1.25668m    -4.170    0.0272      Ar 3                458.140A    -5.056    0.0035
Ca A                1.54389m    -5.380    0.0017      Fe 2                4632.28A    -5.118    0.0031      Ar 3                464.671A    -5.189    0.0026
Ca A                1.53418m    -5.455    0.0014      Fe 2                4416.27A    -5.094    0.0032      Ar 3                451.091A    -5.392    0.0016
Ca A                1.52605m    -5.525    0.0012      Fe 2                4287.39A    -4.146    0.0288      Ar 3                472.659A    -5.374    0.0017
Ca A                1.51919m    -5.592    0.0010      Fe 2                2599.40A    -5.235    0.0023      Ar 3                488.909A    -5.468    0.0014
Ca A                7.45782m    -4.211    0.0248      Fe 2                2382.04A    -3.847    0.0573      Ar 3                388.490A    -5.491    0.0013
Ca A                4.65251m    -4.412    0.0156      Fe 2                35.3391m    -4.080    0.0335      Ar 3                527.451A    -5.510    0.0012
Ca A                3.73954m    -4.596    0.0102      Fe 2                6.71944m    -4.048    0.0361      Ar 3                360.940A    -5.575    0.0011
Ca A                3.29609m    -4.758    0.0070      Fe 2                4.88781m    -4.896    0.0051      Ar 3                345.990A    -5.569    0.0011
Ca A                3.03837m    -4.901    0.0051      Fe 2                1.32055m    -4.667    0.0087      Ar 4                444.680A    -5.195    0.0026
Ca A                2.87221m    -5.029    0.0038      Fe 2                7637.52A    -4.940    0.0046      Ca 3                351.260A    -4.911    0.0049
Ca A                2.75752m    -5.146    0.0029      Fe 2                4889.62A    -4.981    0.0042      Ca 3                298.430A    -5.301    0.0020
Ca A                2.67440m    -5.252    0.0023      Fe 2                4457.95A    -5.364    0.0017      Ca 3                277.760A    -5.462    0.0014
Ca A                2.61194m    -5.351    0.0018      Fe 2                4359.33A    -4.277    0.0213      Ca 3                267.540A    -5.553    0.0011
Ca A                2.56363m    -5.442    0.0015      Fe 2                2625.67A    -3.414    0.1553      Ca 3                308.360A    -5.600    0.0010
Ca A                2.52540m    -5.527    0.0012      Fe 2                2611.87A    -4.182    0.0265      Ca 4                303.870A    -5.185    0.0026
Ca A                12.3685m    -4.626    0.0095      Fe 2                2598.37A    -5.342    0.0018      Ca 4                310.370A    -5.341    0.0018
Ca A                7.50045m    -4.788    0.0066      Fe 2                2395.63A    -4.373    0.0171      Ca 4                307.850A    -5.318    0.0019
Ca A                5.90660m    -4.947    0.0045      Fe 2                2388.63A    -5.332    0.0019      Ca 4                323.400A    -5.354    0.0018
Ca A                5.12726m    -5.090    0.0033      Fe 2                2364.83A    -4.773    0.0068      Ca 4                319.070A    -5.312    0.0020
Ca A                4.67124m    -5.219    0.0024      Fe 2                51.2868m    -4.606    0.0100      Ca 5                314.530A    -5.589    0.0010
Ca A                4.37526m    -5.336    0.0019      Fe 2                4.60641m    -5.508    0.0013      Fe 3                911.104A    -5.439    0.0015
Ca A                4.16966m    -5.443    0.0015      Fe 2                1.37181m    -4.910    0.0050      Fe 3                896.877A    -5.496    0.0013
Ca A                4.01977m    -5.541    0.0012      Fe 2                1.29427m    -5.456    0.0014      Fe 4                309.190A    -5.236    0.0023
Ca A                19.0567m    -4.986    0.0042      Fe 2                7686.93A    -5.029    0.0038      Fe 4                532.950A    -5.289    0.0021
Ca A                11.3056m    -5.120    0.0031      Fe 2                4413.78A    -4.428    0.0150      Fe 4                275.130A    -5.342    0.0018
Ca A                8.75768m    -5.257    0.0022      Fe 2                2631.32A    -4.288    0.0208      Fe 4                259.600A    -5.406    0.0016
Ca A                7.50606m    -5.385    0.0017      Fe 2                2607.09A    -5.520    0.0012      Fe 4                251.070A    -5.452    0.0014
Ca A                6.77015m    -5.502    0.0013      Fe 2                2404.89A    -5.212    0.0025      Fe 4                245.840A    -5.486    0.0013
Ca A                27.7958m    -5.304    0.0020      Fe 2                2380.76A    -4.216    0.0245      Fe 4                326.120A    -5.483    0.0013
Ca A                16.2047m    -5.415    0.0015      Fe 2                87.3597m    -5.326    0.0019      Fe 4                242.370A    -5.510    0.0012
Ca A                12.3838m    -5.536    0.0012      Fe 2                4452.10A    -4.621    0.0096      Fe 4                239.960A    -5.534    0.0012
Ca A                38.8593m    -5.589    0.0010      Fe 2                2631.05A    -5.443    0.0015      Fe 4                281.200A    -5.565    0.0011
Ca B                6562.80A    -2.150    2.8473      Fe 2                4474.90A    -4.933    0.0047      Fe 5                236.210A    -5.449    0.0014
Ca B                4861.32A    -2.608    0.9925      Fe 2                17.9311m    -3.858    0.0559      Fe 5                236.300A    -5.469    0.0014
Ca B                4340.46A    -2.938    0.4645      Fe 2                1.64355m    -2.992    0.4098      Fe 5                391.409A    -5.434    0.0015
Ca B                4101.73A    -3.195    0.2568      Fe 2                1.53348m    -4.087    0.0329      Fe 5                227.780A    -5.373    0.0017
Ca B                3970.07A    -3.407    0.1577      Fe 2                8616.95A    -4.351    0.0179      Fe 5                389.529A    -5.521    0.0012
Ca B                3889.05A    -3.587    0.1041      Fe 2                7155.17A    -4.356    0.0177      Fe 5                369.760A    -5.521    0.0012
Ca B                3835.38A    -3.744    0.0725      Fe 2                5273.36A    -4.495    0.0129      Fe 5                236.880A    -5.576    0.0011
Ca B                3797.90A    -3.884    0.0526      Fe 2                5158.79A    -3.880    0.0531      P  2                967.202A    -5.580    0.0011
Ca B                3770.63A    -4.009    0.0394      Fe 2                5111.64A    -4.791    0.0065      P  2                963.828A    -5.495    0.0013
Ca B                3750.15A    -4.124    0.0303      Fe 2                5072.41A    -4.538    0.0117      Ti 2                3364.74A    -4.956    0.0045
Ca B                3734.37A    -4.228    0.0238      Fe 2                4814.54A    -4.836    0.0059      Ti 2                3237.15A    -5.173    0.0027
Ca B                3721.94A    -4.325    0.0191      Fe 2                4774.73A    -5.278    0.0021      Cr 2                2059.78A    -5.263    0.0022
Ca B                3711.97A    -4.415    0.0155      Fe 2                4243.97A    -4.206    0.0251      Ni 2                1751.83A    -5.491    0.0013
Ca B                3703.85A    -4.499    0.0128      Fe 2                4177.20A    -5.295    0.0020      Ni 2                1744.24A    -5.396    0.0016
Ca B                3697.15A    -4.577    0.0107      Fe 2                3376.20A    -4.910    0.0049      Ni 2                1375.73A    -5.581    0.0011
Ca B                3691.55A    -4.651    0.0090      Fe 2                2493.30A    -3.857    0.0559      Ni 2                1324.11A    -5.592    0.0010
Ca B                3686.83A    -4.721    0.0076      Fe 2                24.5126m    -4.549    0.0114      hyperfine structure.............................
Ca B                3682.81A    -4.787    0.0066      Fe 2                1.80940m    -3.593    0.1028      inner shell.....................................
Ca B                3679.35A    -4.850    0.0057      Fe 2                1.67688m    -4.513    0.0124      Mg 3                246.489A    -4.934    0.0047
Ca B                3676.36A    -4.910    0.0050      Fe 2                1.59948m    -4.431    0.0149      Mg 3                247.968A    -4.936    0.0047
Ca B                3673.76A    -4.966    0.0043      Fe 2                9051.95A    -4.192    0.0259      Si 4                720.838A    -5.305    0.0020
Ca B                3671.48A    -5.020    0.0038      Fe 2                8891.93A    -4.628    0.0095      Si 5                119.791A    -4.757    0.0070
Ca B                1.87510m    -3.076    0.3382      Fe 2                7452.56A    -4.848    0.0057      Si 5                120.490A    -4.759    0.0070
Ca B                1.28181m    -3.394    0.1627      Fe 2                7172.00A    -4.863    0.0055      Fe 6                167.773A    -5.485    0.0013
Ca B                1.09381m    -3.650    0.0900      Fe 2                5527.36A    -5.290    0.0021      Fe 6                172.200A    -5.496    0.0013
Ca B                1.00494m    -3.863    0.0552      Fe 2                5433.15A    -5.009    0.0039      molecules.......................................
Ca B                9545.97A    -4.044    0.0364      Fe 2                5261.63A    -4.264    0.0219      H-FB                      0     -5.135    0.0029
Ca B                9229.02A    -4.202    0.0253      Fe 2                5220.08A    -5.541    0.0012      H-FF                      0     -5.364    0.0017
Ca B                9014.91A    -4.342    0.0183      Fe 2                5184.80A    -5.431    0.0015      H-CT                6562.80A    -5.458    0.0014
Ca B                8862.79A    -4.468    0.0137      Fe 2                5158.01A    -5.378    0.0017      H- H                      0     -5.465    0.0014
Ca B                8750.48A    -4.582    0.0105      Fe 2                4947.39A    -4.780    0.0067      H2+                       0     -5.521    0.0012
Ca B                8665.02A    -4.687    0.0083      Fe 2                4905.35A    -5.133    0.0030      bands...........................................
Ca B                8598.40A    -4.784    0.0066      Fe 2                4874.50A    -5.179    0.0027      Fe 2b               2500.00A    -3.008    0.3950
Ca B                8545.39A    -4.874    0.0054      Fe 2                4346.86A    -4.833    0.0059      Fe 2b               5000.00A    -3.096    0.3224
Ca B                8502.49A    -4.958    0.0044      Fe 2                4276.84A    -4.756    0.0071      Fe 2b               7000.00A    -3.953    0.0448
Ca B                8467.26A    -5.037    0.0037      Fe 2                4244.82A    -5.558    0.0011      Fe 2b               10000.0A    -2.727    0.7556
Ca B                8437.96A    -5.111    0.0031      Fe 2                3452.31A    -5.502    0.0013      Fe 2b               2355.00A    -3.537    0.1169
Ca B                8413.32A    -5.181    0.0027      Fe 2                3440.99A    -5.389    0.0016      Fe 2b               2430.00A    -3.020    0.3846
Ca B                8392.40A    -5.247    0.0023      Fe 2                35.7675m    -5.339    0.0018      Fe 2b               2445.00A    -3.020    0.3846
Ca B                8374.48A    -5.311    0.0020      Fe 2                1.95361m    -4.504    0.0126      Fe 2b               2495.00A    -3.857    0.0560
Ca B                8359.01A    -5.371    0.0017      Fe 2                1.80002m    -4.528    0.0119      Fe 2b               2610.00A    -3.279    0.2117
Ca B                8345.56A    -5.428    0.0015      Fe 2                1.71113m    -5.109    0.0031      Fe 2b               2758.00A    -4.626    0.0095
Ca B                8333.79A    -5.483    0.0013      Fe 2                1.66377m    -4.723    0.0076      Fe 2b               2780.00A    -4.597    0.0102
Ca B                4.05115m    -3.700    0.0803      Fe 2                9399.04A    -4.614    0.0098      Fe 2b               3180.00A    -5.411    0.0016
Ca B                2.62515m    -3.948    0.0454      Fe 2                9226.63A    -4.571    0.0108      Fe 2b               3250.00A    -4.741    0.0073
Ca B                2.16553m    -4.161    0.0278      Fe 2                9033.49A    -5.571    0.0011      Fe 2b               3590.00A    -4.768    0.0069
Ca B                1.94456m    -4.344    0.0182      Fe 2                7388.17A    -4.983    0.0042      Fe 2b               4255.00A    -3.534    0.1177
Ca B                1.81741m    -4.504    0.0126      Fe 2                5333.66A    -4.553    0.0113      Fe 2b               4558.00A    -4.268    0.0217
Ca B                1.73621m    -4.645    0.0091      Fe 2                5268.89A    -5.548    0.0011      Fe 2b               4600.00A    -4.238    0.0233
Ca B                1.68065m    -4.772    0.0068      Fe 2                5049.30A    -4.953    0.0045      Fe 2b               4743.00A    -4.978    0.0042
Ca B                1.64072m    -4.887    0.0052      Fe 2                5005.52A    -5.009    0.0039      Fe 2b               4855.00A    -4.401    0.0160
Ca B                1.61093m    -4.993    0.0041      Fe 2                4973.40A    -5.280    0.0021      Fe 2b               4920.00A    -3.885    0.0524
Ca B                1.58805m    -5.090    0.0033      Fe 2                4352.79A    -5.072    0.0034      Fe 2b               4975.00A    -4.425    0.0151
Ca B                1.57007m    -5.181    0.0027      Fe 2                4319.62A    -5.328    0.0019      Fe 2b               4971.00A    -4.456    0.0141
Ca B                1.55565m    -5.265    0.0022      Fe 2                3501.63A    -5.537    0.0012      Fe 2b               5070.00A    -4.328    0.0189
Ca B                1.54389m    -5.344    0.0018      Fe 2                1.89541m    -5.264    0.0022      Fe 2b               5143.00A    -3.810    0.0623
Ca B                1.53418m    -5.419    0.0015      Fe 2                1.79711m    -4.762    0.0070      Fe 2b               5270.00A    -3.517    0.1225
Ca B                1.52605m    -5.489    0.0013      Fe 2                1.74494m    -5.046    0.0036      Fe 2b               5318.00A    -3.826    0.0601
Ca B                1.51919m    -5.556    0.0011      Fe 2                9652.70A    -5.463    0.0014      Fe 2b               5540.00A    -4.908    0.0050
Ca B                7.45782m    -4.197    0.0256      Fe 2                9470.94A    -4.962    0.0044      Fe 2b               5865.00A    -5.510    0.0012
Ca B                4.65251m    -4.395    0.0162      Fe 2                9267.56A    -5.268    0.0022      Fe 2b               7445.00A    -3.976    0.0426
Ca B                3.73954m    -4.577    0.0107      Fe 2                5376.47A    -4.942    0.0046      Fe 2b               8625.00A    -3.713    0.0780
Ca B                3.29609m    -4.738    0.0074      Fe 2                5043.53A    -5.487    0.0013      Fe 2b               1.03250m    -4.760    0.0070
Ca B                3.03837m    -4.880    0.0053      Fe 2                5020.24A    -5.594    0.0010      Fe 2b               1.88900m    -3.444    0.1449
Ca B                2.87221m    -5.008    0.0040      Fe 2                4372.43A    -5.603    0.0010      Fe 2b               2.20000m    -5.335    0.0019
Ca B                2.75752m    -5.124    0.0030      Fe 2                2755.74A    -4.887    0.0052      miscellaneous...................................
Ca B                2.67440m    -5.230    0.0024      Fe 2                2739.55A    -5.380    0.0017      C 2R                1335.00A    -3.499    0.1275
Ca B                2.61194m    -5.328    0.0019      Fe 2                2772.73A    -5.440    0.0015      C 3R                977.000A    -4.334    0.0186
Ca B                2.56363m    -5.419    0.0015      Fe 2                2.22379m    -5.435    0.0015      C 3R                1909.00A    -4.489    0.0131
Ca B                2.52540m    -5.504    0.0013      Fe 3                22.9190m    -3.227    0.2388      C 3R                1175.00A    -4.667    0.0087
Ca B                2.49458m    -5.583    0.0011      Fe 3                4985.87A    -3.311    0.1968      N 2R                1085.00A    -4.660    0.0088
Ca B                12.3685m    -4.614    0.0098      Fe 3                4924.54A    -4.714    0.0078      N 3R                990.000A    -4.376    0.0169
Ca B                7.50045m    -4.776    0.0067      Fe 3                4881.00A    -3.887    0.0523      O 2R                7332.00A    -5.531    0.0012
Ca B                5.90660m    -4.933    0.0047      Fe 3                4658.05A    -3.335    0.1860      O 2R                7323.00A    -5.448    0.0014
Ca B                5.12726m    -5.075    0.0034      Fe 3                4607.03A    -4.608    0.0099      O 2H                3727.00A    -4.602    0.0101
Ca B                4.67124m    -5.204    0.0025      Fe 3                4070.71A    -5.526    0.0012      O 2R                3726.00A    -4.722    0.0076
Ca B                4.37526m    -5.320    0.0019      Fe 3                4008.35A    -4.515    0.0123      O 2R                3729.00A    -4.582    0.0105
Ca B                4.16966m    -5.427    0.0015      Fe 3                3322.54A    -4.172    0.0271      O 2R                2471.00A    -5.281    0.0021
Ca B                4.01977m    -5.525    0.0012      Fe 3                3239.74A    -4.295    0.0204      O 2H                7325.00A    -5.198    0.0025
Ca B                19.0567m    -4.975    0.0043      Fe 3                2438.29A    -4.659    0.0088      O 2R                4651.00A    -4.954    0.0045
Ca B                11.3056m    -5.109    0.0031      Fe 3                1576.66A    -5.327    0.0019      O 2R                4341.00A    -5.232    0.0024
Ca B                8.75768m    -5.246    0.0023      Fe 3                33.0270m    -3.773    0.0679      O 3R                835.000A    -3.997    0.0405
Ca B                7.50606m    -5.373    0.0017      Fe 3                5270.40A    -3.545    0.1147      O 4R                789.000A    -4.739    0.0073
Ca B                6.77015m    -5.490    0.0013      Fe 3                5032.68A    -5.519    0.0012      Blnd                1400.00A    -4.342    0.0183
Ca B                6.29020m    -5.597    0.0010      Fe 3                4987.21A    -4.627    0.0095      Blnd                1650.00A    -2.510    1.2443
Ca B                27.7958m    -5.293    0.0020      Fe 3                4754.69A    -4.061    0.0350      Blnd                1304.00A    -4.903    0.0050
Ca B                16.2047m    -5.405    0.0016      Fe 3                4701.54A    -3.896    0.0512      Blnd                1039.00A    -5.362    0.0017
Ca B                12.3838m    -5.527    0.0012      Fe 3                4667.01A    -4.948    0.0045      Blnd                2798.00A    -2.492    1.2967
Ca B                38.8593m    -5.577    0.0011      Fe 3                4079.70A    -5.074    0.0034      Blnd                6720.00A    -2.613    0.9817
H  1                2430.61A    -1.537   11.6977      Fe 3                4046.42A    -5.548    0.0011      Blnd                4074.00A    -3.895    0.0512
H  1                1215.67A    -1.222   24.1722      Fe 3                3371.41A    -4.306    0.0199      Blnd                1.03300m    -4.004    0.0399
H  1                1025.72A    -4.415    0.0155      Fe 3                3301.56A    -5.440    0.0015      Blnd                1256.00A    -5.099    0.0032
H  1                972.537A    -4.513    0.0123      Fe 3                3286.19A    -4.811    0.0062      Blnd                1198.00A    -5.181    0.0027
H  1                949.743A    -4.567    0.0109      Fe 3                2464.51A    -4.802    0.0064      Blnd                1720.00A    -4.824    0.0060
H  1                937.803A    -4.609    0.0099      Fe 3                51.6655m    -4.401    0.0160      Blnd                3722.00A    -4.329    0.0189
H  1                930.748A    -4.641    0.0092      Fe 3                5011.26A    -4.227    0.0239      Blnd                2665.00A    -3.787    0.0658
H  1                926.226A    -4.674    0.0085      Fe 3                4769.43A    -4.363    0.0175      Blnd                1860.00A    -4.382    0.0167
H  1                923.150A    -4.707    0.0079      Fe 3                4733.91A    -4.407    0.0158      Blnd                4725.00A    -4.295    0.0204
H  1                920.963A    -4.734    0.0074      Fe 3                3406.18A    -4.669    0.0086      Blnd                2860.00A    -5.422    0.0015
H  1                919.351A    -4.791    0.0065      Fe 3                3334.90A    -4.818    0.0061      Blnd                2335.00A    -3.445    0.1446
H  1                918.129A    -4.806    0.0063      Fe 3                3319.22A    -4.978    0.0042      Blnd                1888.00A    -3.220    0.2425
H  1                917.181A    -4.819    0.0061      Fe 3                2483.05A    -4.972    0.0043      Blnd                1397.00A    -4.380    0.0168
H  1                916.429A    -4.829    0.0060      Fe 3                105.345m    -5.377    0.0017      Blnd                2424.00A    -4.184    0.0263
H  1                915.824A    -4.838    0.0058      Fe 3                5411.98A    -4.602    0.0101      Blnd                3350.00A    -5.261    0.0022
H  1                915.329A    -4.846    0.0057      Fe 3                4930.54A    -4.925    0.0048      Blnd                5525.00A    -4.069    0.0343
H  1                914.919A    -4.852    0.0057      Fe 3                4777.68A    -4.727    0.0075      Blnd                8579.00A    -4.163    0.0277
H  1                914.576A    -4.857    0.0056      Fe 3                3428.79A    -5.328    0.0019      Blnd                7306.00A    -3.412    0.1558
H  1                914.286A    -4.859    0.0056      Fe 3                3356.57A    -4.898    0.0051      Blnd                3933.00A    -4.160    0.0279
H  1                914.039A    -4.859    0.0056      Fe 3                3355.48A    -5.155    0.0028      Blnd                1657.00A    -5.277    0.0021
H  1                913.826A    -4.855    0.0056      Fe 3                2495.04A    -5.210    0.0025      Blnd                9850.00A    -5.036    0.0037
H  1                6562.80A    -2.159    2.7891      Fe 3                5084.77A    -5.003    0.0040      Blnd                2326.00A    -3.242    0.2307
H  1                4861.32A    -2.605    1.0000      Fe 3                3366.21A    -5.217    0.0024      Blnd                1335.00A    -4.347    0.0181
H  1                4340.46A    -2.931    0.4720      Fe 3                8838.21A    -5.540    0.0012      Blnd                1909.00A    -2.853    0.5652
H  1                4101.73A    -3.188    0.2614      Fe 3                8728.94A    -5.391    0.0016      Blnd                1549.00A    -3.872    0.0541
H  1                3970.07A    -3.398    0.1610      Fe 3                40.0371m    -5.237    0.0023      Blnd                5199.00A    -4.248    0.0227
H  1                3889.05A    -3.577    0.1065      Fe 3                2.21782m    -4.452    0.0142      Blnd                1085.00A    -4.650    0.0090
H  1                3835.38A    -3.734    0.0743      Fe 3                9701.27A    -4.832    0.0059      Blnd                2141.00A    -4.363    0.0175
H  1                3797.90A    -3.872    0.0541      Fe 3                3307.57A    -5.603    0.0010      Blnd                1750.00A    -4.223    0.0241
H  1                3770.63A    -3.870    0.0543      Fe 3                2.34788m    -4.631    0.0094      Blnd                990.000A    -4.794    0.0065
H  1                3750.15A    -3.974    0.0427      Fe 3                9942.18A    -5.026    0.0038      Blnd                1486.00A    -4.942    0.0046
H  1                3734.37A    -4.070    0.0343      Fe 3                9444.21A    -5.560    0.0011      Blnd                1240.00A    -5.366    0.0017
H  1                3721.94A    -4.158    0.0280      Fe 3                2.24204m    -5.205    0.0025      Blnd                6300.00A    -3.492    0.1296
H  1                3711.97A    -4.239    0.0232      Fe 3                2.14511m    -5.510    0.0012      Blnd                2471.00A    -3.988    0.0414
H  1                3703.85A    -4.315    0.0195      Fe 3                3.22847m    -4.977    0.0042      Blnd                7323.00A    -4.155    0.0281
H  1                3697.15A    -4.385    0.0166      Fe 3                2.87385m    -4.942    0.0046      Blnd                7332.00A    -4.238    0.0233
H  1                3691.55A    -4.449    0.0143      Fe 3                1.06081m    -5.513    0.0012      Blnd                833.000A    -4.806    0.0063
H  1                3686.83A    -4.508    0.0125      Fe 7                9.50763m    -5.386    0.0017      Blnd                3727.00A    -2.147    2.8719
H  1                3682.81A    -4.560    0.0111      K  3                4.61683m    -4.606    0.0100      Blnd                7325.00A    -3.894    0.0514
H  1                3679.35A    -4.605    0.0100      K  4                5.98030m    -5.383    0.0017      Blnd                1666.00A    -3.870    0.0543
H  1                1.87510m    -3.116    0.3079      Mg 1                2852.13A    -4.322    0.0192      Blnd                5007.00A    -1.512   12.3735
H  1                1.28181m    -3.409    0.1568      Mg 1                4562.60A    -4.183    0.0264      Blnd                835.000A    -4.547    0.0114
H  1                1.09381m    -3.659    0.0884      Mg 1                4571.10A    -4.619    0.0097      Blnd                1402.00A    -5.425    0.0015
H  1                1.00494m    -3.867    0.0547      Mg 1                4575.29A    -5.547    0.0011      Blnd                789.000A    -4.966    0.0044
H  1                9545.97A    -4.045    0.0363      Mg 3                231.734A    -5.189    0.0026
H  1                9229.02A    -4.201    0.0253      Mg 3                234.264A    -5.427    0.0015

                                                    Emergent line intensities
 Caution: emergent intensities are not reliable on the first iteration.
general properties..............................      C  2                903.962A    -5.278    0.0021      Fe 5                3895.22A    -4.973    0.0043
continua........................................      C  2                904.142A    -5.069    0.0034      Fe 5                3851.34A    -5.210    0.0025
FIR                 83.0000m    -1.767    6.8849      C  2                904.480A    -5.191    0.0026      Fe 5                3794.94A    -4.621    0.0096
TIR                 1800.00m    -4.644    0.0091      C  2                1036.34A    -5.205    0.0025      Fe 5                3755.70A    -4.902    0.0050
NIRa                2.85000m    -0.734   74.2826      C  2                1037.02A    -4.977    0.0042      Fe 5                3911.33A    -5.478    0.0013
NIRb                3.00000m    -1.060   35.0467      C  2                1334.53A    -5.022    0.0038      Fe 5                3839.27A    -4.610    0.0099
MIRa                15.0000m    -1.241   23.1240      C  2                1335.66A    -4.837    0.0059      Fe 5                3783.22A    -5.022    0.0038
MIRb                22.5000m    -1.151   28.4603      C  2                1335.71A    -4.680    0.0084      Fe 5                3891.28A    -4.851    0.0057
NMIR                21.7500m    -0.734   74.2826      C  2                2323.50A    -4.543    0.0115      Fe 5                3819.95A    -5.522    0.0012
TFIR                611.250m    -3.472    0.1359      C  2                2324.69A    -4.292    0.0205      Fe 5                3445.62A    -5.366    0.0017
TALL                10000.0A    -0.222  241.5914      C  2                2325.40A    -3.581    0.1056      Fe 5                3463.51A    -5.358    0.0018
F12                 12.0000m    -1.658    8.8441      C  2                2326.93A    -3.761    0.0698      Fe 5                2828.24A    -5.498    0.0013
F25                 25.0000m    -2.060    3.5090      C  2                2328.12A    -4.239    0.0232      Fe 6                19.5527m    -4.179    0.0267
F60                 60.0000m    -2.069    3.4367      C  2                157.636m    -3.682    0.0836      Fe 6                14.7670m    -4.410    0.0157
F100                100.000m    -2.090    3.2742      C  3                1908.73A    -3.252    0.2254      Fe 6                12.3074m    -4.675    0.0085
MIPS                24.0000m    -2.100    3.1991      C  3                1906.68A    -3.074    0.3398      Fe 6                5335.18A    -5.008    0.0040
MIPS                70.0000m    -3.533    0.1180      C  3                977.020A    -4.329    0.0189      Fe 6                5484.84A    -5.262    0.0022
MIPS                160.000m    -3.636    0.0931      C  3                386.203A    -5.319    0.0019      Fe 6                5631.07A    -5.157    0.0028
IRAC                3.60000m    -1.963    4.3794      C  3                884.524A    -5.592    0.0010      Fe 6                5277.81A    -5.509    0.0012
IRAC                4.50000m    -1.935    4.6811      Ca 4                3.20610m    -3.901    0.0505      Fe 6                5424.22A    -5.178    0.0027
IRAC                5.80000m    -1.873    5.3890      Co 2                2.98382m    -5.284    0.0021      Fe 6                5676.95A    -5.124    0.0030
IRAC                8.00000m    -1.737    7.3713      Co 2                1.01879m    -5.511    0.0012      Fe 6                5426.64A    -5.455    0.0014
SPR1                250.000m    -4.868    0.0055      Co 3                11.8845m    -5.603    0.0010      Fe 6                5145.75A    -4.827    0.0060
SPR2                350.000m    -4.984    0.0042      Cr 2                8000.08A    -5.298    0.0020      Fe 6                4972.47A    -4.842    0.0058
SPR3                500.000m    -5.042    0.0037      Cr 2                8125.30A    -5.370    0.0017      Fe 6                5176.04A    -4.906    0.0050
PAC1                70.0000m    -3.504    0.1262      Cr 2                8229.67A    -5.465    0.0014      Fe 6                4967.14A    -5.277    0.0021
PAC2                100.000m    -2.084    3.3150      Cr 5                594.921A    -5.591    0.0010      Mg 2                2802.71A    -2.966    0.4357
PAC3                160.000m    -3.611    0.0985      Fe 2                25.9813m    -3.419    0.1533      Mg 2                2795.53A    -2.670    0.8611
PAH                 3.30000m    -2.818    0.6128      Fe 2                5.33871m    -2.908    0.4974      Mg 2                2798.00A    -5.592    0.0010
PAHC                3.23000m    -3.042    0.3653      Fe 2                4.11387m    -5.232    0.0024      Mg 4                4.48711m    -3.881    0.0529
PAHC                3.37000m    -3.134    0.2958      Fe 2                1.25668m    -4.170    0.0272      Mg 4                323.307A    -5.517    0.0012
PAH                 6.20000m    -2.398    1.6089      Fe 2                4632.28A    -5.118    0.0031      Mg 5                5.60700m    -4.796    0.0064
PAHC                5.65000m    -2.360    1.7571      Fe 2                4416.27A    -5.094    0.0032      N  2                205.283m    -4.402    0.0160
PAH                 7.90000m    -2.203    2.5209      Fe 2                4287.39A    -4.146    0.0288      N  2                121.769m    -3.992    0.0410
PAHC                6.90000m    -2.137    2.9372      Fe 2                2599.40A    -5.235    0.0023      N  2                6548.05A    -3.179    0.2667
PAH                 11.3000m    -2.946    0.4562      Fe 2                2382.04A    -3.847    0.0573      N  2                6583.45A    -2.709    0.7863
PAHC                10.9000m    -2.877    0.5344      Fe 2                35.3391m    -4.080    0.0335      N  2                5754.59A    -4.501    0.0127
PAH                 11.8000m    -2.802    0.6355      Fe 2                6.71944m    -4.048    0.0361      N  2                2139.01A    -4.902    0.0050
PAHC                12.6500m    -2.877    0.5346      Fe 2                4.88781m    -4.896    0.0051      N  2                2142.77A    -4.511    0.0124
PAH                 13.3000m    -2.956    0.4454      Fe 2                1.32055m    -4.667    0.0087      N  2                1085.70A    -5.325    0.0019
PAHC                14.1000m    -3.039    0.3678      Fe 2                7637.52A    -4.940    0.0046      N  2                1084.58A    -5.501    0.0013
Bcon                3640.00A    -0.650   90.0402      Fe 2                4889.62A    -4.981    0.0042      N  2                1085.55A    -5.276    0.0021
Pcon                5000.00A    -0.949   45.3077      Fe 2                4457.95A    -5.364    0.0017      N  2                1083.99A    -5.478    0.0013
O3bn                5007.00A    -1.608    9.9229      Fe 2                4359.33A    -4.277    0.0213      N  2                1084.56A    -5.345    0.0018
SX                  25.0000A    -2.220    2.4240      Fe 2                2625.67A    -3.414    0.1553      N  2                916.020A    -5.556    0.0011
HX                  4.70000A    -1.888    5.2059      Fe 2                2611.87A    -4.182    0.0265      N  2                916.710A    -5.185    0.0026
ROSA                12.3980A    -1.940    4.6179      Fe 2                2598.37A    -5.342    0.0018      N  2                916.701A    -5.145    0.0029
RRC.............................................      Fe 2                2395.63A    -4.373    0.0171      N  2                915.962A    -5.289    0.0021
grains..........................................      Fe 2                2388.63A    -5.332    0.0019      N  3                57.3238m    -2.808    0.6270
H-like iso-sequence.............................      Fe 2                2364.83A    -4.773    0.0068      N  3                1748.65A    -5.112    0.0031
H  1                1215.67A    -1.222   24.1654      Fe 2                51.2868m    -4.606    0.0100      N  3                1753.99A    -5.096    0.0032
H  1                1025.72A    -4.415    0.0155      Fe 2                4.60641m    -5.508    0.0013      N  3                1746.82A    -5.511    0.0012
H  1                972.537A    -4.513    0.0123      Fe 2                1.37181m    -4.910    0.0050      N  3                1752.16A    -4.671    0.0086
H  1                949.743A    -4.567    0.0109      Fe 2                1.29427m    -5.456    0.0014      N  3                1749.67A    -4.706    0.0079
H  1                937.803A    -4.609    0.0099      Fe 2                7686.93A    -5.029    0.0038      N  3                989.799A    -5.466    0.0014
H  1                930.748A    -4.641    0.0092      Fe 2                4413.78A    -4.428    0.0150      N  3                991.511A    -5.123    0.0030
H  1                926.226A    -4.674    0.0085      Fe 2                2631.32A    -4.288    0.0208      N  3                991.577A    -5.291    0.0021
H  1                923.150A    -4.707    0.0079      Fe 2                2607.09A    -5.520    0.0012      N  3                764.351A    -5.137    0.0029
H  1                920.963A    -4.734    0.0074      Fe 2                2404.89A    -5.213    0.0025      N  3                685.515A    -5.565    0.0011
H  1                919.351A    -4.791    0.0065      Fe 2                2380.76A    -4.216    0.0245      N  3                686.336A    -5.075    0.0034
H  1                918.129A    -4.806    0.0063      Fe 2                87.3597m    -5.326    0.0019      N  3                685.817A    -4.967    0.0043
H  1                917.181A    -4.819    0.0061      Fe 2                4452.10A    -4.621    0.0096      N  3                452.227A    -5.120    0.0031
H  1                916.429A    -4.829    0.0060      Fe 2                2631.05A    -5.443    0.0015      Na 3                7.31570m    -4.501    0.0127
H  1                915.824A    -4.838    0.0058      Fe 2                4474.90A    -4.933    0.0047      Na 4                9.03096m    -4.816    0.0061
H  1                915.329A    -4.846    0.0057      Fe 2                17.9311m    -3.858    0.0559      Ne 4                2421.66A    -4.580    0.0106
H  1                914.919A    -4.852    0.0057      Fe 2                1.64355m    -2.992    0.4098      Ne 4                2424.28A    -4.408    0.0157
H  1                914.576A    -4.857    0.0056      Fe 2                1.53348m    -4.087    0.0329      Ne 4                541.126A    -5.367    0.0017
H  1                914.286A    -4.859    0.0056      Fe 2                8616.95A    -4.351    0.0179      Ne 4                542.076A    -5.301    0.0020
H  1                914.039A    -4.859    0.0056      Fe 2                7155.17A    -4.356    0.0177      Ne 4                543.886A    -5.262    0.0022
H  1                913.826A    -4.855    0.0056      Fe 2                5273.36A    -4.495    0.0129      Ni 2                1.19102m    -3.881    0.0529
H  1                6562.80A    -2.159    2.7891      Fe 2                5158.79A    -3.880    0.0531      Ni 2                6.63416m    -4.357    0.0177
H  1                4861.32A    -2.605    1.0000      Fe 2                5111.64A    -4.791    0.0065      Ni 2                1.07151m    -5.134    0.0030
H  1                4340.46A    -2.931    0.4720      Fe 2                5072.41A    -4.538    0.0117      Ni 2                10.6793m    -4.771    0.0068
H  1                4101.73A    -3.188    0.2614      Fe 2                4814.54A    -4.836    0.0059      Ni 2                12.7253m    -5.350    0.0018
H  1                3970.07A    -3.398    0.1610      Fe 2                4774.73A    -5.278    0.0021      Ni 2                7377.83A    -4.173    0.0270
H  1                3889.05A    -3.577    0.1065      Fe 2                4243.97A    -4.206    0.0251      Ni 2                8300.99A    -5.469    0.0014
H  1                3835.38A    -3.734    0.0743      Fe 2                4177.20A    -5.295    0.0020      Ni 2                1.93877m    -4.881    0.0053
H  1                3797.90A    -3.872    0.0541      Fe 2                3376.20A    -4.910    0.0049      Ni 2                6666.80A    -5.314    0.0020
H  1                3770.63A    -3.870    0.0543      Fe 2                2493.30A    -3.858    0.0559      Ni 2                7411.61A    -5.095    0.0032
H  1                3750.15A    -3.974    0.0427      Fe 2                24.5126m    -4.549    0.0114      Ni 2                4326.24A    -5.196    0.0026
H  1                3734.37A    -4.070    0.0343      Fe 2                1.80940m    -3.593    0.1028      Ni 2                7255.82A    -5.551    0.0011
H  1                3721.94A    -4.158    0.0280      Fe 2                1.67688m    -4.513    0.0124      Ni 2                4201.17A    -5.436    0.0015
H  1                3711.97A    -4.239    0.0232      Fe 2                1.59948m    -4.431    0.0149      Ni 2                3993.06A    -5.310    0.0020
H  1                3703.85A    -4.315    0.0195      Fe 2                9051.95A    -4.192    0.0259      Ni 2                3438.88A    -5.530    0.0012
H  1                3697.15A    -4.385    0.0166      Fe 2                8891.93A    -4.628    0.0095      O  4                25.8863m    -2.223    2.4103
H  1                3691.55A    -4.449    0.0143      Fe 2                7452.56A    -4.848    0.0057      O  4                787.710A    -5.483    0.0013
H  1                3686.83A    -4.508    0.0125      Fe 2                7172.00A    -4.863    0.0055      O  4                790.114A    -5.424    0.0015
H  1                3682.81A    -4.560    0.0111      Fe 2                5527.36A    -5.290    0.0021      O  4                609.830A    -5.074    0.0034
H  1                3679.35A    -4.605    0.0100      Fe 2                5433.15A    -5.009    0.0039      O  4                554.076A    -5.585    0.0010
H  1                1.87510m    -3.116    0.3079      Fe 2                5261.63A    -4.264    0.0219      O  4                555.264A    -4.995    0.0041
H  1                1.28181m    -3.409    0.1568      Fe 2                5220.08A    -5.541    0.0012      O  4                554.514A    -4.903    0.0050
H  1                1.09381m    -3.659    0.0884      Fe 2                5184.80A    -5.432    0.0015      S  4                10.5076m    -2.586    1.0450
H  1                1.00494m    -3.867    0.0547      Fe 2                5158.01A    -5.378    0.0017      S  4                753.760A    -5.570    0.0011
H  1                9545.97A    -4.045    0.0363      Fe 2                4947.39A    -4.780    0.0067      S  4                750.221A    -5.494    0.0013
H  1                9229.02A    -4.201    0.0253      Fe 2                4905.35A    -5.133    0.0030      S  4                661.455A    -5.471    0.0014
H  1                9014.91A    -4.340    0.0184      Fe 2                4874.50A    -5.179    0.0027      S  4                554.027A    -5.604    0.0010
H  1                8862.79A    -4.385    0.0166      Fe 2                4346.86A    -4.833    0.0059      level 1 lines...................................
H  1                8750.48A    -4.489    0.0131      Fe 2                4276.84A    -4.756    0.0071      recombination...................................
H  1                8665.02A    -4.584    0.0105      Fe 2                4244.82A    -5.558    0.0011      level2 lines....................................
H  1                8598.40A    -4.672    0.0086      Fe 2                3452.31A    -5.502    0.0013      C  2                596.559A    -5.242    0.0023
H  1                8545.39A    -4.754    0.0071      Fe 2                3440.99A    -5.389    0.0016      C  2                561.959A    -5.291    0.0021
H  1                8502.49A    -4.829    0.0060      Fe 2                35.7675m    -5.339    0.0018      C  2                530.721A    -5.316    0.0019
H  1                8467.26A    -4.899    0.0051      Fe 2                1.95361m    -4.504    0.0126      C  2                544.909A    -5.330    0.0019
H  1                8437.96A    -4.963    0.0044      Fe 2                1.80002m    -4.528    0.0119      C  2                535.300A    -5.343    0.0018
H  1                8413.32A    -5.021    0.0038      Fe 2                1.71113m    -5.109    0.0031      C  2                550.361A    -5.415    0.0015
H  1                8392.40A    -5.074    0.0034      Fe 2                1.66377m    -4.723    0.0076      C  2                467.460A    -5.499    0.0013
H  1                8374.48A    -5.118    0.0031      Fe 2                9399.04A    -4.615    0.0098      C  2                424.791A    -5.587    0.0010
H  1                4.05115m    -3.767    0.0689      Fe 2                9226.63A    -4.571    0.0108      C  3                271.090A    -5.206    0.0025
H  1                2.62515m    -3.985    0.0417      Fe 2                9033.49A    -5.571    0.0011      C  3                268.600A    -5.235    0.0023
H  1                2.16553m    -4.187    0.0262      Fe 2                7388.17A    -4.983    0.0042      C  3                266.880A    -5.267    0.0022
H  1                1.94456m    -4.363    0.0174      Fe 2                5333.66A    -4.553    0.0113      C  3                288.500A    -5.280    0.0021
H  1                1.81741m    -4.519    0.0122      Fe 2                5268.89A    -5.548    0.0011      C  4                223.140A    -5.521    0.0012
H  1                1.73621m    -4.657    0.0089      Fe 2                5049.30A    -4.953    0.0045      N  1                942.258A    -5.363    0.0017
H  1                1.68065m    -4.755    0.0071      Fe 2                5005.52A    -5.009    0.0039      N  2                532.161A    -5.290    0.0021
H  1                1.64072m    -4.858    0.0056      Fe 2                4973.40A    -5.280    0.0021      N  2                634.441A    -5.375    0.0017
H  1                1.61093m    -4.953    0.0045      Fe 2                4352.79A    -5.072    0.0034      N  2                475.141A    -5.379    0.0017
H  1                1.58805m    -5.040    0.0037      Fe 2                4319.62A    -5.328    0.0019      N  2                528.139A    -5.413    0.0016
H  1                1.57007m    -5.121    0.0030      Fe 2                3501.63A    -5.537    0.0012      N  2                452.970A    -5.472    0.0014
H  1                1.55565m    -5.197    0.0026      Fe 2                1.89541m    -5.264    0.0022      N  2                441.950A    -5.514    0.0012
H  1                1.54389m    -5.266    0.0022      Fe 2                1.79711m    -4.762    0.0070      N  2                474.291A    -5.523    0.0012
H  1                1.53418m    -5.330    0.0019      Fe 2                1.74494m    -5.046    0.0036      N  2                437.731A    -5.544    0.0012
H  1                1.52605m    -5.389    0.0016      Fe 2                9652.70A    -5.463    0.0014      N  3                293.510A    -5.203    0.0025
H  1                1.51919m    -5.441    0.0015      Fe 2                9470.94A    -4.962    0.0044      N  3                283.090A    -5.250    0.0023
H  1                1.51332m    -5.486    0.0013      Fe 2                9267.56A    -5.268    0.0022      N  3                264.550A    -5.272    0.0022
H  1                7.45782m    -4.285    0.0209      Fe 2                5376.47A    -4.942    0.0046      N  3                277.180A    -5.289    0.0021
H  1                4.65251m    -4.453    0.0142      Fe 2                5043.53A    -5.487    0.0013      N  3                312.110A    -5.294    0.0020
H  1                3.73954m    -4.621    0.0096      Fe 2                5020.24A    -5.594    0.0010      N  3                273.490A    -5.329    0.0019
H  1                3.29609m    -4.773    0.0068      Fe 2                4372.43A    -5.603    0.0010      N  3                267.450A    -5.359    0.0018
H  1                3.03837m    -4.910    0.0050      Fe 2                2755.74A    -4.887    0.0052      N  3                248.910A    -5.382    0.0017
H  1                2.87221m    -5.044    0.0036      Fe 2                2739.55A    -5.380    0.0017      N  3                271.020A    -5.370    0.0017
H  1                2.75752m    -5.146    0.0029      Fe 2                2772.73A    -5.440    0.0015      N  3                305.650A    -5.388    0.0016
H  1                2.67440m    -5.241    0.0023      Fe 2                2.22379m    -5.435    0.0015      N  3                269.290A    -5.405    0.0016
H  1                2.61194m    -5.328    0.0019      Fe 3                22.9190m    -3.227    0.2388      N  3                300.710A    -5.419    0.0015
H  1                2.56363m    -5.409    0.0016      Fe 3                4985.87A    -3.311    0.1968      N  3                238.620A    -5.569    0.0011
H  1                2.52540m    -5.483    0.0013      Fe 3                4924.54A    -4.714    0.0078      N  3                286.900A    -5.605    0.0010
H  1                2.49458m    -5.553    0.0011      Fe 3                4881.00A    -3.887    0.0523      O  1                976.791A    -5.237    0.0023
H  1                12.3685m    -4.721    0.0077      Fe 3                4658.05A    -3.335    0.1860      O  1                969.049A    -5.281    0.0021
H  1                7.50045m    -4.852    0.0057      Fe 3                4607.03A    -4.608    0.0099      O  1                946.387A    -5.324    0.0019
H  1                5.90660m    -4.994    0.0041      Fe 3                4070.71A    -5.526    0.0012      O  1                934.501A    -5.359    0.0018
H  1                5.12726m    -5.127    0.0030      Fe 3                4008.35A    -4.515    0.0123      O  1                973.577A    -5.374    0.0017
H  1                4.67124m    -5.282    0.0021      Fe 3                3322.54A    -4.172    0.0271      O  1                927.472A    -5.393    0.0016
H  1                4.37526m    -5.384    0.0017      Fe 3                3239.74A    -4.295    0.0204      O  1                948.506A    -5.434    0.0015
H  1                4.16966m    -5.477    0.0013      Fe 3                2438.29A    -4.659    0.0088      O  1                922.969A    -5.431    0.0015
H  1                4.01977m    -5.564    0.0011      Fe 3                1576.66A    -5.327    0.0019      O  1                919.912A    -5.469    0.0014
H  1                19.0567m    -5.096    0.0032      Fe 3                33.0270m    -3.773    0.0679      O  1                935.672A    -5.498    0.0013
H  1                11.3056m    -5.202    0.0025      Fe 3                5270.40A    -3.545    0.1147      O  1                917.726A    -5.510    0.0012
H  1                8.75768m    -5.323    0.0019      Fe 3                5032.68A    -5.519    0.0012      O  1                918.704A    -5.543    0.0012
H  1                7.50606m    -5.486    0.0013      Fe 3                4987.21A    -4.627    0.0095      O  1                928.186A    -5.566    0.0011
H  1                6.77015m    -5.586    0.0010      Fe 3                4754.69A    -4.061    0.0350      O  1                917.473A    -5.589    0.0010
H  1                27.7958m    -5.426    0.0015      Fe 3                4701.54A    -3.896    0.0512      O  2                425.190A    -5.121    0.0030
H  1                16.2047m    -5.512    0.0012      Fe 3                4667.01A    -4.948    0.0045      O  2                388.410A    -5.195    0.0026
He 2                303.784A    -1.783    6.6304      Fe 3                4079.70A    -5.074    0.0034      O  2                373.600A    -5.243    0.0023
He 2                256.317A    -4.660    0.0088      Fe 3                4046.42A    -5.548    0.0011      O  2                361.821A    -5.260    0.0022
He 2                243.027A    -4.785    0.0066      Fe 3                3371.41A    -4.306    0.0199      O  2                366.060A    -5.273    0.0021
He 2                237.331A    -4.844    0.0058      Fe 3                3301.56A    -5.440    0.0015      O  2                360.570A    -5.334    0.0019
He 2                234.347A    -4.882    0.0053      Fe 3                3286.19A    -4.811    0.0062      O  2                414.619A    -5.417    0.0015
He 2                232.584A    -4.908    0.0050      Fe 3                2464.51A    -4.802    0.0064      O  2                358.780A    -5.437    0.0015
He 2                231.454A    -4.923    0.0048      Fe 3                51.6655m    -4.401    0.0160      O  2                356.930A    -5.438    0.0015
He 2                230.686A    -4.951    0.0045      Fe 3                5011.26A    -4.227    0.0239      O  2                355.610A    -5.468    0.0014
He 2                230.139A    -4.969    0.0043      Fe 3                4769.43A    -4.363    0.0175      O  2                384.420A    -5.597    0.0010
He 2                229.736A    -4.938    0.0046      Fe 3                4733.91A    -4.407    0.0158      O  3                305.400A    -4.707    0.0079
He 2                229.431A    -4.946    0.0046      Fe 3                3406.18A    -4.669    0.0086      O  3                268.070A    -5.021    0.0038
He 2                229.194A    -4.956    0.0045      Fe 3                3334.90A    -4.818    0.0061      O  3                263.850A    -5.036    0.0037
He 2                229.006A    -4.966    0.0044      Fe 3                3319.22A    -4.978    0.0042      O  3                373.640A    -5.049    0.0036
He 2                228.855A    -4.976    0.0043      Fe 3                2483.05A    -4.972    0.0043      O  3                265.020A    -5.047    0.0036
He 2                228.731A    -4.985    0.0042      Fe 3                105.345m    -5.377    0.0017      O  3                248.730A    -5.079    0.0034
He 2                228.629A    -4.993    0.0041      Fe 3                5411.98A    -4.602    0.0101      O  3                241.200A    -5.120    0.0031
He 2                228.543A    -4.999    0.0040      Fe 3                4930.54A    -4.925    0.0048      O  3                248.620A    -5.152    0.0028
He 2                228.471A    -5.004    0.0040      Fe 3                4777.68A    -4.727    0.0075      O  3                236.890A    -5.159    0.0028
He 2                228.409A    -5.004    0.0040      Fe 3                3428.79A    -5.328    0.0019      O  3                234.190A    -5.186    0.0026
He 2                228.356A    -5.000    0.0040      Fe 3                3356.57A    -4.898    0.0051      O  3                276.900A    -5.175    0.0027
He 2                1640.41A    -2.529    1.1901      Fe 3                3355.48A    -5.155    0.0028      O  3                241.140A    -5.191    0.0026
He 2                1215.13A    -3.005    0.3982      Fe 3                2495.04A    -5.210    0.0025      O  3                280.450A    -5.197    0.0026
He 2                1084.94A    -3.343    0.1826      Fe 3                5084.77A    -5.003    0.0040      O  3                263.230A    -5.198    0.0026
He 2                1025.27A    -3.603    0.1004      Fe 3                3366.21A    -5.217    0.0024      O  3                232.380A    -5.207    0.0025
He 2                992.358A    -3.814    0.0618      Fe 3                8838.21A    -5.540    0.0012      O  3                236.860A    -5.228    0.0024
He 2                972.106A    -3.991    0.0411      Fe 3                8728.94A    -5.391    0.0016      O  3                231.110A    -5.229    0.0024
He 2                958.693A    -4.144    0.0289      Fe 3                40.0371m    -5.237    0.0023      O  3                255.390A    -5.237    0.0023
He 2                949.323A    -4.279    0.0212      Fe 3                2.21782m    -4.452    0.0142      O  3                232.350A    -5.250    0.0023
He 2                942.507A    -4.132    0.0297      Fe 3                9701.27A    -4.832    0.0059      O  3                234.180A    -5.260    0.0022
He 2                937.389A    -4.226    0.0239      Fe 3                3307.57A    -5.603    0.0010      O  3                230.150A    -5.305    0.0020
He 2                933.444A    -4.312    0.0196      Fe 3                2.34788m    -4.631    0.0094      O  3                231.100A    -5.302    0.0020
He 2                930.337A    -4.391    0.0163      Fe 3                9942.18A    -5.026    0.0038      O  3                244.650A    -5.303    0.0020
He 2                927.846A    -4.465    0.0138      Fe 3                9444.21A    -5.560    0.0011      O  3                238.930A    -5.353    0.0018
He 2                925.816A    -4.533    0.0118      Fe 3                2.24204m    -5.205    0.0025      O  3                233.340A    -5.368    0.0017
He 2                924.142A    -4.596    0.0102      Fe 3                2.14511m    -5.510    0.0012      O  3                235.520A    -5.393    0.0016
He 2                922.743A    -4.654    0.0089      Fe 3                3.22847m    -4.977    0.0042      O  3                232.490A    -5.513    0.0012
He 2                921.562A    -4.707    0.0079      Fe 3                2.87385m    -4.942    0.0046      O  3                235.000A    -5.563    0.0011
He 2                920.556A    -4.753    0.0071      Fe 3                1.06081m    -5.513    0.0012      O  4                239.130A    -4.899    0.0051
He 2                919.693A    -4.792    0.0065      Fe 7                9.50763m    -5.386    0.0017      O  4                207.610A    -5.282    0.0021
He 2                4685.68A    -3.408    0.1573      K  3                4.61683m    -4.606    0.0100      O  4                196.560A    -5.337    0.0019
He 2                3203.08A    -3.734    0.0743      K  4                5.98030m    -5.383    0.0017      O  4                214.760A    -5.307    0.0020
He 2                2733.28A    -3.999    0.0403      Mg 1                2852.13A    -4.322    0.0192      O  4                181.780A    -5.501    0.0013
He 2                2511.19A    -4.216    0.0245      Mg 1                4562.60A    -4.183    0.0264      O  4                280.550A    -5.209    0.0025
He 2                2385.39A    -4.398    0.0161      Mg 1                4571.10A    -4.619    0.0097      O  4                174.710A    -5.604    0.0010
He 2                2306.18A    -4.555    0.0112      Mg 1                4575.29A    -5.547    0.0011      O  4                203.010A    -5.532    0.0012
He 2                2252.67A    -4.693    0.0082      Mg 3                231.734A    -5.213    0.0025      Ne 2                444.150A    -5.489    0.0013
He 2                2214.65A    -4.647    0.0091      Mg 3                234.264A    -5.473    0.0014      Ne 2                356.870A    -5.459    0.0014
He 2                2186.59A    -4.741    0.0073      Mn 2                2576.10A    -5.138    0.0029      Ne 2                461.050A    -5.528    0.0012
He 2                2165.23A    -4.826    0.0060      Mn 2                2593.72A    -5.219    0.0024      Ne 2                404.130A    -5.555    0.0011
He 2                2148.58A    -4.906    0.0050      Mn 2                2605.68A    -5.341    0.0018      Ne 2                327.700A    -5.600    0.0010
He 2                2135.34A    -4.979    0.0042      N  1                1134.17A    -5.459    0.0014      Ne 2                331.200A    -5.601    0.0010
He 2                2124.61A    -5.047    0.0036      N  1                1134.41A    -5.390    0.0016      Ne 3                250.920A    -5.118    0.0031
He 2                2115.81A    -5.110    0.0031      N  1                1134.98A    -5.358    0.0018      Ne 3                227.420A    -5.180    0.0027
He 2                2108.49A    -5.168    0.0027      N  1                1199.55A    -5.064    0.0035      Ne 3                218.360A    -5.450    0.0014
He 2                2102.33A    -5.220    0.0024      N  1                1200.22A    -5.098    0.0032      Ne 3                223.310A    -5.408    0.0016
He 2                2097.10A    -5.267    0.0022      N  1                1200.71A    -5.218    0.0024      Ne 3                228.870A    -5.212    0.0025
He 2                2092.63A    -5.305    0.0020      N  1                5197.90A    -4.626    0.0095      Ne 3                281.580A    -5.216    0.0025
He 2                1.01235m    -4.020    0.0384      N  1                5200.26A    -4.484    0.0132      Ne 3                204.530A    -5.599    0.0010
He 2                6560.01A    -4.260    0.0221      N  4                1486.50A    -5.323    0.0019      Ne 3                227.190A    -5.279    0.0021
He 2                5411.45A    -4.476    0.0134      N  4                1483.32A    -5.175    0.0027      Ne 3                212.550A    -5.590    0.0010
He 2                4859.26A    -4.662    0.0088      N  4                765.147A    -5.142    0.0029      Ne 3                265.510A    -5.253    0.0022
He 2                4541.54A    -4.822    0.0061      N  4                247.205A    -5.355    0.0018      Ne 3                218.030A    -5.580    0.0011
He 2                4338.62A    -4.963    0.0044      N  5                1238.82A    -5.601    0.0010      Ne 3                238.070A    -5.365    0.0017
He 2                4199.78A    -5.017    0.0039      Ne 2                12.8101m    -4.016    0.0388      Ne 4                171.550A    -5.452    0.0014
He 2                4099.99A    -5.109    0.0031      Ne 3                15.5509m    -2.656    0.8891      Ne 4                207.180A    -5.565    0.0011
He 2                4025.55A    -5.195    0.0026      Ne 3                3868.76A    -2.873    0.5399      Mg 3                183.540A    -5.467    0.0014
He 2                3968.39A    -5.274    0.0021      Ne 3                489.500A    -5.561    0.0011      Si 2                1179.59A    -4.812    0.0062
He 2                3923.44A    -5.347    0.0018      Ne 3                36.0036m    -3.696    0.0811      Si 2                993.354A    -5.303    0.0020
He 2                3887.40A    -5.415    0.0015      Ne 3                3967.47A    -3.390    0.1639      Si 2                893.551A    -5.571    0.0011
He 2                3858.03A    -5.477    0.0013      Ne 3                1814.56A    -5.367    0.0017      Si 2                1024.03A    -5.485    0.0013
He 2                3833.76A    -5.535    0.0012      Ne 3                491.045A    -5.155    0.0028      Si 3                564.611A    -5.582    0.0011
He 2                3813.45A    -5.588    0.0010      Ne 3                489.645A    -5.572    0.0011      Si 3                464.939A    -5.562    0.0011
He 2                1.86365m    -4.521    0.0121      Ne 3                313.688A    -5.410    0.0016      S  2                750.323A    -5.404    0.0016
He 2                1.16262m    -4.700    0.0080      Ne 3                490.311A    -5.459    0.0014      S  2                632.711A    -5.575    0.0011
He 2                9344.80A    -4.878    0.0053      Ne 5                24.3108m    -4.112    0.0311      S  2                888.439A    -5.576    0.0011
He 2                8236.67A    -5.037    0.0037      Ne 5                14.3178m    -4.302    0.0201      S  3                667.049A    -5.093    0.0032
He 2                7592.65A    -5.178    0.0027      Ne 5                3425.88A    -5.418    0.0015      S  3                691.219A    -5.227    0.0024
He 2                7177.41A    -5.306    0.0020      O  1                1040.94A    -5.595    0.0010      S  3                704.220A    -5.292    0.0021
He 2                6890.80A    -5.398    0.0016      O  1                1304.86A    -5.072    0.0034      S  3                671.510A    -5.559    0.0011
He 2                6683.11A    -5.483    0.0013      O  1                1306.03A    -5.567    0.0011      S  3                482.139A    -5.484    0.0013
He 2                6527.01A    -5.561    0.0011      O  1                5577.34A    -5.219    0.0024      S  3                474.260A    -5.571    0.0011
He 2                3.09080m    -4.948    0.0045      O  1                6300.30A    -3.613    0.0982      Ar 3                458.140A    -5.127    0.0030
He 2                1.87431m    -5.083    0.0033      O  1                6363.78A    -4.108    0.0314      Ar 3                464.671A    -5.259    0.0022
He 2                1.47602m    -5.231    0.0024      O  1                63.1679m    -4.054    0.0355      Ar 3                451.091A    -5.450    0.0014
He 2                1.28127m    -5.368    0.0017      O  1                145.495m    -5.068    0.0034      Ar 3                472.659A    -5.447    0.0014
He 2                1.16730m    -5.544    0.0012      O  2                539.086A    -5.300    0.0020      Ar 3                488.909A    -5.539    0.0012
He 2                4.76213m    -5.321    0.0019      O  2                539.547A    -5.339    0.0018      Ar 3                388.490A    -5.548    0.0011
He 2                2.82519m    -5.424    0.0015      O  2                539.854A    -5.412    0.0016      Ar 3                527.451A    -5.584    0.0010
He 2                2.18848m    -5.548    0.0011      O  2                832.758A    -5.447    0.0014      Ar 4                444.680A    -5.251    0.0023
He-like iso-sequence............................      O  2                833.330A    -5.373    0.0017      Ca 3                351.260A    -4.988    0.0041
He 1                584.334A    -3.642    0.0919      O  2                834.465A    -5.337    0.0019      Ca 3                298.430A    -5.349    0.0018
He 1                537.030A    -4.575    0.0107      O  2                2470.22A    -4.666    0.0087      Ca 3                277.760A    -5.507    0.0013
He 1                522.213A    -4.724    0.0076      O  2                2470.34A    -4.090    0.0327      Ca 4                303.870A    -5.226    0.0024
He 1                515.617A    -4.812    0.0062      O  2                7318.92A    -4.749    0.0072      Ca 4                310.370A    -5.379    0.0017
He 1                512.099A    -4.879    0.0053      O  2                7319.99A    -4.283    0.0210      Ca 4                307.850A    -5.359    0.0018
He 1                625.563A    -2.271    2.1585      O  2                7329.67A    -4.527    0.0120      Ca 4                323.400A    -5.396    0.0016
He 1                510.018A    -4.980    0.0042      O  2                7330.73A    -4.552    0.0113      Ca 4                319.070A    -5.360    0.0018
He 1                508.657A    -5.002    0.0040      O  2                3728.81A    -2.382    1.6716      Fe 4                309.190A    -5.270    0.0022
He 1                507.727A    -5.025    0.0038      O  2                3726.03A    -2.526    1.2002      Fe 4                532.950A    -5.332    0.0019
He 1                507.065A    -5.047    0.0036      O  3                88.3323m    -2.092    3.2576      Fe 4                275.130A    -5.368    0.0017
He 1                506.576A    -5.069    0.0034      O  3                4931.23A    -5.511    0.0012      Fe 4                259.600A    -5.430    0.0015
He 1                506.204A    -5.094    0.0032      O  3                51.8004m    -2.190    2.6010      Fe 4                251.070A    -5.480    0.0013
He 1                505.916A    -5.118    0.0031      O  3                4958.91A    -2.102    3.1803      Fe 4                245.840A    -5.516    0.0012
He 1                505.687A    -5.144    0.0029      O  3                2320.95A    -4.473    0.0136      Fe 4                326.120A    -5.519    0.0012
He 1                505.502A    -5.169    0.0027      O  3                1660.81A    -4.413    0.0156      Fe 4                242.370A    -5.543    0.0012
He 1                505.352A    -5.195    0.0026      O  3                833.715A    -5.162    0.0028      Fe 4                239.960A    -5.569    0.0011
He 1                505.227A    -5.221    0.0024      O  3                833.749A    -5.569    0.0011      Fe 4                281.200A    -5.605    0.0010
He 1                505.122A    -5.246    0.0023      O  3                702.838A    -5.306    0.0020      Fe 5                236.210A    -5.465    0.0014
He 1                505.033A    -5.270    0.0022      O  3                702.896A    -5.594    0.0010      Fe 5                236.300A    -5.484    0.0013
He 1                504.958A    -5.352    0.0018      O  3                507.680A    -5.306    0.0020      Fe 5                391.409A    -5.457    0.0014
He 1                504.893A    -5.354    0.0018      O  3                5006.84A    -1.641    9.1920      Fe 5                227.780A    -5.522    0.0012
He 1                504.836A    -5.341    0.0018      O  3                1666.15A    -4.017    0.0387      Fe 5                389.529A    -5.547    0.0011
He 1                504.787A    -5.398    0.0016      O  3                835.059A    -5.557    0.0011      Fe 5                369.760A    -5.546    0.0011
He 1                504.744A    -5.361    0.0018      O  3                835.092A    -5.323    0.0019      Fe 5                236.880A    -5.595    0.0010
He 1                504.706A    -5.301    0.0020      O  3                835.289A    -5.471    0.0014      P  2                967.202A    -5.580    0.0011
He 1                504.672A    -4.514    0.0123      O  3                703.851A    -5.049    0.0036      P  2                963.828A    -5.495    0.0013
He 1                1.08291m    -4.346    0.0182      O  3                703.854A    -5.183    0.0026      Ti 2                3364.74A    -4.956    0.0045
He 1                1.08302m    -3.856    0.0561      O  3                508.178A    -4.521    0.0121      Ti 2                3237.15A    -5.173    0.0027
He 1                1.08303m    -3.619    0.0968      O  3                4363.21A    -3.846    0.0574      Cr 2                2059.78A    -5.263    0.0022
Blnd                1.08302m    -3.372    0.1710      O  5                629.732A    -5.229    0.0024      Ni 2                1751.83A    -5.491    0.0013
He 1                3888.64A    -3.684    0.0834      P  2                60.6263m    -4.888    0.0052      Ni 2                1744.24A    -5.396    0.0016
He 1                3187.74A    -4.072    0.0341      P  2                32.8620m    -4.748    0.0072      Ni 2                1375.73A    -5.581    0.0011
He 1                2945.10A    -4.384    0.0166      P  2                1.14682m    -4.664    0.0087      Ni 2                1324.11A    -5.592    0.0010
He 1                2829.08A    -4.637    0.0093      P  2                1.18828m    -4.240    0.0231      hyperfine structure.............................
He 1                2760.44A    -5.222    0.0024      P  2                7875.99A    -5.583    0.0011      inner shell.....................................
He 1                2721.00A    -5.372    0.0017      P  3                17.8797m    -4.653    0.0089      molecules.......................................
He 1                2694.61A    -5.507    0.0013      P  4                950.657A    -5.589    0.0010      bands...........................................
He 1                2.05813m    -4.593    0.0103      S  2                6730.82A    -2.983    0.4188      Fe 2b               2500.00A    -3.008    0.3949
He 1                5015.68A    -4.313    0.0196      S  2                6716.44A    -2.854    0.5629      Fe 2b               5000.00A    -3.097    0.3224
He 1                3964.73A    -4.704    0.0080      S  2                4076.35A    -4.509    0.0125      Fe 2b               7000.00A    -3.953    0.0448
He 1                3613.64A    -5.015    0.0039      S  2                4068.60A    -4.017    0.0387      Fe 2b               10000.0A    -2.727    0.7556
He 1                3447.59A    -5.274    0.0021      S  2                1.03364m    -4.647    0.0091      Fe 2b               2355.00A    -3.537    0.1169
He 1                7065.71A    -5.310    0.0020      S  2                1.02867m    -4.643    0.0092      Fe 2b               2430.00A    -3.020    0.3846
He 1                7065.21A    -4.833    0.0059      S  2                1.03705m    -4.969    0.0043      Fe 2b               2445.00A    -3.020    0.3846
He 1                7065.18A    -4.611    0.0099      S  2                1.03205m    -4.509    0.0125      Fe 2b               2495.00A    -3.857    0.0560
Blnd                7065.25A    -4.356    0.0177      S  2                1259.52A    -5.513    0.0012      Fe 2b               2610.00A    -3.279    0.2117
He 1                5875.98A    -4.625    0.0095      S  2                1253.81A    -5.556    0.0011      Fe 2b               2758.00A    -4.626    0.0095
He 1                5875.64A    -4.148    0.0286      S  3                33.4704m    -2.565    1.0956      Fe 2b               2780.00A    -4.597    0.0102
He 1                5875.61A    -3.926    0.0477      S  3                18.7078m    -2.764    0.6934      Fe 2b               3180.00A    -5.411    0.0016
Blnd                5875.66A    -3.671    0.0859      S  3                9068.62A    -2.881    0.5296      Fe 2b               3250.00A    -4.741    0.0073
He 1                4713.16A    -5.534    0.0012      S  3                9530.62A    -2.481    1.3304      Fe 2b               3590.00A    -4.768    0.0069
He 1                4713.14A    -5.312    0.0020      S  3                3721.63A    -4.335    0.0186      Fe 2b               4255.00A    -3.534    0.1177
Blnd                4713.17A    -5.057    0.0035      S  3                6312.06A    -4.062    0.0349      Fe 2b               4558.00A    -4.268    0.0217
He 1                4471.69A    -5.032    0.0037      S  3                1713.11A    -5.407    0.0016      Fe 2b               4600.00A    -4.238    0.0233
He 1                4471.49A    -4.555    0.0112      S  3                1728.94A    -4.955    0.0045      Fe 2b               4743.00A    -4.978    0.0042
He 1                4471.47A    -4.333    0.0187      S  3                1194.45A    -5.529    0.0012      Fe 2b               4855.00A    -4.401    0.0160
Blnd                4471.50A    -4.077    0.0337      S  3                1021.11A    -5.561    0.0011      Fe 2b               4920.00A    -3.885    0.0524
Blnd                4120.84A    -5.481    0.0013      Si 2                34.8046m    -2.550    1.1339      Fe 2b               4975.00A    -4.425    0.0151
He 1                4026.36A    -5.346    0.0018      Si 2                2334.41A    -4.398    0.0161      Fe 2b               4971.00A    -4.456    0.0141
He 1                4026.20A    -4.869    0.0054      Si 2                2328.52A    -5.007    0.0040      Fe 2b               5070.00A    -4.328    0.0189
He 1                4026.19A    -4.647    0.0091      Si 2                1808.01A    -4.270    0.0216      Fe 2b               5143.00A    -3.810    0.0623
Blnd                4026.21A    -4.392    0.0163      Si 2                1260.42A    -5.536    0.0012      Fe 2b               5270.00A    -3.517    0.1224
He 1                3819.76A    -5.601    0.0010      Si 2                2350.17A    -4.271    0.0216      Fe 2b               5318.00A    -3.826    0.0601
He 1                3819.61A    -5.124    0.0030      Si 2                2344.20A    -3.859    0.0558      Fe 2b               5540.00A    -4.908    0.0050
He 1                3819.60A    -4.902    0.0050      Si 2                2334.60A    -3.930    0.0473      Fe 2b               5865.00A    -5.510    0.0012
Blnd                3819.62A    -4.647    0.0091      Si 2                1817.45A    -4.457    0.0140      Fe 2b               7445.00A    -3.976    0.0426
He 1                3704.90A    -5.546    0.0011      Si 2                1816.93A    -3.967    0.0434      Fe 2b               8625.00A    -3.713    0.0780
He 1                3704.76A    -5.069    0.0034      Si 2                1533.43A    -4.604    0.0100      Fe 2b               1.03250m    -4.760    0.0070
He 1                3704.75A    -4.847    0.0057      Si 2                1309.28A    -5.016    0.0039      Fe 2b               1.88900m    -3.444    0.1449
Blnd                3704.77A    -4.592    0.0103      Si 2                1265.00A    -4.737    0.0074      Fe 2b               2.20000m    -5.335    0.0019
He 1                3634.08A    -5.232    0.0024      Si 2                1264.74A    -5.172    0.0027      miscellaneous...................................
He 1                3634.07A    -5.010    0.0039      Si 2                1197.39A    -4.870    0.0054      C 2R                1335.00A    -3.500    0.1275
Blnd                3634.09A    -4.755    0.0071      Si 2                1194.50A    -4.898    0.0051      C 3R                977.000A    -4.334    0.0186
He 1                3587.16A    -5.375    0.0017      Si 3                1892.03A    -3.617    0.0973      C 3R                1909.00A    -4.489    0.0131
He 1                3587.15A    -5.154    0.0028      Si 3                1882.71A    -3.443    0.1452      C 3R                1175.00A    -4.667    0.0087
Blnd                3587.17A    -4.898    0.0051      Si 3                1206.50A    -4.557    0.0112      N 2R                1085.00A    -4.660    0.0088
He 1                3554.34A    -5.504    0.0013      Si 4                1393.75A    -4.585    0.0105      N 3R                990.000A    -4.376    0.0169
He 1                3554.33A    -5.282    0.0021      Si 4                1402.77A    -4.804    0.0063      O 2R                3729.00A    -4.582    0.0105
Blnd                3554.35A    -5.027    0.0038      Al 2                2669.15A    -4.183    0.0264      O 2R                4651.00A    -4.954    0.0045
He 1                3530.43A    -5.399    0.0016      Al 2                2660.35A    -4.010    0.0394      O 2R                4341.00A    -5.232    0.0024
Blnd                3530.44A    -5.144    0.0029      Al 2                1670.79A    -4.547    0.0114      O 3R                835.000A    -4.160    0.0279
He 1                3512.46A    -5.505    0.0013      Al 5                2.90450m    -5.166    0.0027      O 4R                789.000A    -4.874    0.0054
Blnd                3512.48A    -5.250    0.0023      C  4                1550.77A    -4.327    0.0190      Blnd                1400.00A    -4.342    0.0183
He 1                3498.60A    -5.603    0.0010      C  4                1548.19A    -4.059    0.0351      Blnd                1650.00A    -2.510    1.2443
Blnd                3498.62A    -5.348    0.0018      C  4                312.451A    -5.193    0.0026      Blnd                1304.00A    -4.903    0.0050
Blnd                3487.70A    -5.438    0.0015      C  4                312.420A    -5.146    0.0029      Blnd                1039.00A    -5.363    0.0017
Blnd                3478.95A    -5.522    0.0012      C  4                244.911A    -5.578    0.0011      Blnd                2798.00A    -2.492    1.2967
Blnd                3471.81A    -5.600    0.0010      C  4                244.903A    -5.536    0.0012      Blnd                6720.00A    -2.613    0.9816
He 1                3439.98A    -5.430    0.0015      Ca 2                7323.89A    -3.814    0.0618      Blnd                4074.00A    -3.895    0.0512
Blnd                3440.00A    -5.174    0.0027      Ca 2                7291.47A    -3.632    0.0940      Blnd                1.03300m    -4.004    0.0399
He 1                7281.35A    -4.922    0.0048      Ca 2                3968.47A    -4.516    0.0123      Blnd                1256.00A    -5.099    0.0032
He 1                6678.15A    -4.221    0.0242      Ca 2                8662.14A    -4.701    0.0080      Blnd                1198.00A    -5.181    0.0027
He 1                5047.74A    -5.485    0.0013      Ca 2                3933.66A    -4.412    0.0156      Blnd                1720.00A    -4.824    0.0060
He 1                4921.93A    -4.646    0.0091      Ca 2                8498.02A    -5.305    0.0020      Blnd                3722.00A    -4.329    0.0189
He 1                4387.93A    -4.965    0.0044      Ca 2                8542.09A    -4.358    0.0177      Blnd                2665.00A    -3.787    0.0658
He 1                4143.76A    -5.220    0.0024      Ca 5                4.15739m    -4.960    0.0044      Blnd                1860.00A    -4.382    0.0167
He 1                4009.05A    -5.228    0.0024      Ca 5                5309.11A    -5.464    0.0014      Blnd                4725.00A    -4.295    0.0204
He 1                3926.41A    -5.394    0.0016      Cl 2                14.3639m    -4.762    0.0070      Blnd                2860.00A    -5.422    0.0015
He 1                3871.69A    -5.539    0.0012      Cl 2                8578.70A    -4.454    0.0142      Blnd                2335.00A    -3.445    0.1446
He 1                4.29471m    -5.598    0.0010      Cl 2                9123.60A    -5.039    0.0037      Blnd                1888.00A    -3.220    0.2425
He 1                1.25275m    -5.536    0.0012      Cl 3                5537.87A    -4.450    0.0143      Blnd                1397.00A    -4.380    0.0168
He 1                1.70025m    -5.228    0.0024      Cl 3                5517.71A    -4.303    0.0200      Blnd                2424.00A    -4.184    0.0263
He 1                1.19691m    -5.388    0.0016      Cl 3                3342.80A    -5.407    0.0016      Blnd                3350.00A    -5.261    0.0022
He 1                1.03113m    -5.587    0.0010      Cl 4                20.3197m    -4.532    0.0118      Blnd                5525.00A    -4.069    0.0343
He 1                9515.00A    -5.478    0.0013      Cl 4                11.7629m    -4.624    0.0096      Blnd                8579.00A    -4.163    0.0277
He 1                1.86854m    -4.612    0.0098      Cl 4                7530.54A    -5.187    0.0026      Blnd                7306.00A    -3.412    0.1558
He 1                1.27849m    -4.941    0.0046      Cl 4                8045.62A    -4.823    0.0060      Blnd                3933.00A    -4.160    0.0279
He 1                1.09130m    -5.206    0.0025      Fe 4                3094.96A    -3.370    0.1718      Blnd                1657.00A    -5.277    0.0021
He 1                1.00275m    -5.408    0.0016      Fe 4                2835.74A    -3.378    0.1687      Blnd                9850.00A    -5.036    0.0037
He 1                9526.01A    -5.580    0.0011      Fe 4                2829.36A    -3.672    0.0857      Blnd                2326.00A    -3.242    0.2307
He 1                1.86972m    -5.090    0.0033      Fe 4                2823.50A    -4.246    0.0228      Blnd                1335.00A    -4.347    0.0181
He 1                1.27905m    -5.418    0.0015      Fe 4                2577.92A    -5.260    0.0022      Blnd                1909.00A    -2.853    0.5652
He 1                4.04791m    -5.331    0.0019      Fe 4                2.83562m    -4.782    0.0066      Blnd                1549.00A    -3.872    0.0541
extra Lyman.....................................      Fe 4                2.80554m    -5.342    0.0018      Blnd                5199.00A    -4.248    0.0227
database lines..................................      Fe 4                2.86447m    -5.139    0.0029      Blnd                1085.00A    -4.650    0.0090
Al 3                1862.79A    -4.826    0.0060      Fe 4                2567.61A    -4.345    0.0182      Blnd                2141.00A    -4.363    0.0175
Al 3                1854.72A    -4.575    0.0107      Fe 4                2.71569m    -5.462    0.0014      Blnd                1750.00A    -4.223    0.0241
Ar 2                6.98337m    -4.558    0.0111      Fe 4                2567.40A    -5.106    0.0032      Blnd                990.000A    -4.794    0.0065
Ar 3                3109.18A    -5.004    0.0040      Fe 4                6739.82A    -4.913    0.0049      Blnd                1486.00A    -4.942    0.0046
Ar 3                5191.82A    -5.339    0.0018      Fe 4                6761.38A    -5.414    0.0016      Blnd                1240.00A    -5.366    0.0017
Ar 3                7135.79A    -3.241    0.2309      Fe 4                6734.42A    -5.027    0.0038      Blnd                6300.00A    -3.492    0.1296
Ar 3                7751.11A    -3.866    0.0548      Fe 4                5233.76A    -5.545    0.0011      Blnd                2471.00A    -3.988    0.0414
Ar 3                8.98898m    -3.275    0.2139      Fe 4                4906.56A    -5.177    0.0027      Blnd                7323.00A    -4.155    0.0281
Ar 3                21.8253m    -4.444    0.0145      Fe 4                4899.97A    -5.556    0.0011      Blnd                7332.00A    -4.238    0.0233
Ar 4                2853.66A    -5.585    0.0010      Fe 4                4903.07A    -5.536    0.0012      Blnd                833.000A    -4.906    0.0050
Ar 4                4711.26A    -4.527    0.0120      Fe 5                70.3538m    -3.809    0.0625      Blnd                3727.00A    -2.147    2.8718
Ar 4                4740.12A    -4.679    0.0084      Fe 5                36.3273m    -3.783    0.0663      Blnd                7325.00A    -3.894    0.0514
Ar 5                7.89971m    -5.284    0.0021      Fe 5                25.9131m    -3.891    0.0518      Blnd                1666.00A    -3.870    0.0543
Ar 5                13.0985m    -5.040    0.0037      Fe 5                20.8407m    -4.159    0.0279      Blnd                5007.00A    -1.512   12.3735
C  1                9850.26A    -5.162    0.0028      Fe 5                4180.59A    -4.774    0.0068      Blnd                835.000A    -4.644    0.0091
C  2                687.053A    -5.334    0.0019      Fe 5                4143.15A    -4.539    0.0116      Blnd                1402.00A    -5.425    0.0015
C  2                687.352A    -5.511    0.0012      Fe 5                4227.19A    -3.830    0.0596      Blnd                789.000A    -5.024    0.0038
C  2                858.559A    -5.460    0.0014      Fe 5                4003.21A    -5.483    0.0013
C  2                903.623A    -5.376    0.0017      Fe 5                4071.24A    -4.551    0.0113



 AGN log nH=1.89 log U=-2.67  
 Cooling:  O  2c                     0  :0.060 O  3c                     0  :0.373 S  3c                     0  :0.075  
 Heating:  BFH1                      0  :0.709 BFHe                      0  :0.235  

 These are some of the most important databases used by Cloudy:
 Many recombination coefficients were taken from http://amdpp.phys.strath.ac.uk/tamoc/RR/ and http://amdpp.phys.strath.ac.uk/tamoc/DR/
      and are based on the following papers:
        Badnell N. R., et al., A&A 406, 1151 (2003) [http://adsabs.harvard.edu/abs/2003A%26A...406.1151B]
        Badnell N. R., ApJS 167, 334 (2006) [http://adsabs.harvard.edu/abs/2006ApJS..167..334B]
 Much of the molecular emission data is from LAMDA as accessed on June 30, 2015. This database is described in:
        Schoeier F.L., et al., A&A 432, 369 (2005) [http://adsabs.harvard.edu/abs/2005A%26A...432..369S]
      This database is in part based on the work of the following groups:
        JPL: Pickett H. M. et al., JQSRT, 60, 883 (1998). [http://adsabs.harvard.edu/abs/1998JQSRT..60..883P]
        CDMS: Mueller H. S. et al., A&A 370, L49 (2001). [http://adsabs.harvard.edu/abs/2001A%26A...370L..49M]
              Mueller H. S. et al., J. Mol. Struct. 742, 215 (2005). [http://adsabs.harvard.edu/abs/2005JMoSt.742..215M]
 Some of the ionic emission data is from a reprocessed version of 10.1 of CHIANTI. CHIANTI is a collaborative project involving the NRL (USA), the
      Universities of Florence (Italy) and Cambridge (UK), and George Mason University (USA). These papers describe Chianti:
        Dere K. P., et al., A&AS, 125, 149 (1997) [http://adsabs.harvard.edu/abs/1997A%26AS..125..149D]
        Dere, K. P., et al., APJ, 268, 52 (2023) [https://ui.adsabs.harvard.edu/abs/2023ApJS..268...52D]
      This paper describes the reprocessed version of Chianti used:
        Gunasekera, C. M., et al., Astronomy, 1, 255. (2022) [https://ui.adsabs.harvard.edu/abs/2022Astro...1..255G]
 Much of the H_2 data is from this web site: http://molat.obspm.fr/index.php?page=pages/Molecules/H2/H2can94.php. These data are
      described in:
        Abgrall H. et al., Can. J. Phys., 72, 856 (1994) [http://adsabs.harvard.edu/abs/1994CaJPh..72..856A]
        Wrathmall S. A. & Flower D. R., J. Phys. B, 40, 3221 (2007) [http://adsabs.harvard.edu/abs/2007JPhB...40.3221W]
 The Case A and Case B recombination predictions for one-electron systems are from
	Storey, P.J. & Hummer, D.G., 1995, MNRAS 272, 41 http://adsabs.harvard.edu/abs/1995MNRAS.272...41S
 The He I recombination predictions are from
	Porter, R. L.; Ferland, G. J.; Storey, P. J.; Detisch, M. J., 2012, MNRAS, 425, 28p http://adsabs.harvard.edu/abs/2012MNRAS.425L..28P
		http://adsabs.harvard.edu/abs/2013MNRAS.433L..89P

 If you find some process or data set to be particularly critical to a result, please follow the trail of references back to the
 original source and cite that.  This will support and encourage atomic, molecular, and chemical physicists to continue their
 valuable work.

 IONIZE PARMET:  U(1-) -2.6667  U(4-): -3.6075  U(sp): -2.67  Q(ion):    7.260  L(ion) -1.110    Q(low): 12.141    L(low) -0.277
 ENERGY BUDGET:  Heat:  -0.912  Coolg:  -0.913  Error:  0.0%  Rec Lin:  -1.367  F-F  H  0.000    P(rad/tot)max     2.45E-02    R(F Con):1.737e+05

     Col(Heff):      1.814E+20  snd travl time  3.19E+12 sec  Te-low: 3.92E+03  Te-hi: 1.08E+04  G0TH85: 4.44E+01  G0DB96:4.77E+01
  Emiss Measure    n(e)n(p) dl       1.962E+22  n(e)n(He+)dl         1.413E+21  En(e)n(He++) dl         3.115E+20  ne nC+:8.40E+17
 He/Ha:7.58E-02  =   0.89*true  Lthin:5.40E+02  itr/zn: 6.59  H2 itr/zn:  0.00  File Opacity: F  MassTot 6.09e-04  (gm/cm^2)
   Temps(21 cm)   T(21cm/Ly a)  3.72E+03        T(<nH/Tkin>)  7.62E+03          T(<nH/Tspin>)    3.99E+03          TB21cm:7.58E-01
                   N(H0/Tspin)  6.88E+15        N(OH/Tkin)    3.66E+04          B(21cm)          0.00E+00
   <a>:1.73E-08  erdeFe1.7E+24  Tcompt4.94E+10  Tthr4.97E+10  <Tden>: 9.65E+03  <dens>:1.76E-22  <MolWgt>6.70E-01
     Mean Jeans  l(cm)4.31E+20  M(sun)3.71E+06  smallest:     len(cm):2.75E+20  M(sun):9.61E+05  a_ox tran: -1.41
 Rion:1.000E+30  Dist:0.00E+00  Diam:0.000E+00
 Hatom level 70  HatomType: add  HInducImp  F  He tot level: 63  He2 level:   70  ExecTime    74.0
 ConvrgError(%)  <eden>  0.086  MaxEden  0.757  <H-C>   0.10  Max(H-C)    0.38  <Press>   0.000  MaxPrs er  0.000
  Continuity(%)  chng Te   3.0  elec den   5.7  n(H2)    0.0  n(CO)        0.0

                                                        Averaged Quantities
             Te      Te(Ne)   Te(NeNp)  Te(NeHe+)Te(NeHe2+) Te(NeO+)  Te(NeO2+)  Te(H2)     N(H)     Ne(O2+)   Ne(Np)
 Radius:  9.65e+03  9.81e+03  9.83e+03  9.90e+03  9.50e+03  1.03e+04  9.74e+03  4.82e+03  7.74e+01  8.43e+01  8.15e+01
 
 Peimbert T(OIIIr)9.02E+03 T(Bac)9.32E+03 T(Hth)9.20E+03 t2(Hstrc) 3.18e-03 T(O3-BAC)9.14E+03 t2(O3-BC)-3.82e-03 t2(O3str) 2.58e-03

 Contin Optical Depths: COMP: 1.77e-04    H-: 2.88e-05 R(1300): 1.84e-04  H2+: 6.66e-07  Bra:8.87E-05
                          Pa: 8.87e-05    Ba: 1.02e-04      Hb: 9.89e-05   La: 2.27e-01     1r:5.004E+07  1.8:1.18E+07 4.:1.715E+06

 Old, new H  1 continuum optical depths:
     1 1.00e+08     2 0.00e+00     3 0.00e+00     4 0.00e+00     5 0.00e+00     6 0.00e+00     7 0.00e+00     8 0.00e+00
     9 0.00e+00    10 0.00e+00    11 0.00e+00    12 0.00e+00    13 0.00e+00    14 0.00e+00    15 0.00e+00    16 0.00e+00
    17 0.00e+00    18 0.00e+00    19 0.00e+00    20 0.00e+00    21 0.00e+00    22 0.00e+00    23 0.00e+00    24 0.00e+00
    25 0.00e+00    26 0.00e+00    27 0.00e+00    28 0.00e+00    29 0.00e+00    30 0.00e+00    31 0.00e+00    32 0.00e+00
    33 0.00e+00    34 0.00e+00    35 0.00e+00    36 0.00e+00    37 0.00e+00    38 0.00e+00    39 0.00e+00    40 0.00e+00
    41 0.00e+00    42 0.00e+00    43 0.00e+00    44 0.00e+00    45 0.00e+00    46 0.00e+00    47 0.00e+00    48 0.00e+00
    49 0.00e+00    50 0.00e+00    51 0.00e+00    52 0.00e+00    53 0.00e+00    54 0.00e+00
     1 5.00e+07     2 7.47e-06     3 1.46e-05     4 1.46e-05     5 1.46e-05     6 3.75e-06     7 3.75e-06     8 3.75e-06
     9 3.75e-06    10 2.35e-14    11 2.35e-14    12 2.35e-14    13 2.35e-14    14 2.35e-14    15 5.51e-14    16 5.51e-14
    17 5.51e-14    18 5.51e-14    19 5.51e-14    20 5.51e-14    21 1.14e-13    22 1.14e-13    23 1.14e-13    24 1.14e-13
    25 1.14e-13    26 1.14e-13    27 1.14e-13    28 2.17e-13    29 2.17e-13    30 2.17e-13    31 2.17e-13    32 2.17e-13
    33 2.17e-13    34 2.17e-13    35 2.17e-13    36 3.88e-13    37 3.88e-13    38 3.88e-13    39 3.88e-13    40 3.88e-13
    41 3.88e-13    42 3.88e-13    43 3.88e-13    44 3.88e-13    45 6.54e-13    46 6.54e-13    47 6.54e-13    48 6.54e-13
    49 6.54e-13    50 6.54e-13    51 6.54e-13    52 6.54e-13    53 6.54e-13    54 6.54e-13

 Old, new H  1 mean line optical depths:
  2- 1 1.21e+09  3- 2 2.03e-03  4- 3 0.00e+00  5- 4 0.00e+00  6- 5 0.00e+00  7- 6 0.00e+00  8- 7 0.00e+00
  9- 8 0.00e+00 10- 9 0.00e+00 11-10 0.00e+00 12-11 0.00e+00 13-12 0.00e+00 14-13 0.00e+00 15-14 0.00e+00 16-15 0.00e+00
 17-16 0.00e+00 18-17 0.00e+00 19-18 0.00e+00 20-19 0.00e+00 21-20 0.00e+00 22-21 0.00e+00 23-22 0.00e+00 24-23 0.00e+00
 25-24 0.00e+00
  2- 1 3.26e+06  3- 2 1.30e-04  4- 3 1.07e-10  5- 4 4.33e-11  6- 5-1.51e-11  7- 6-5.02e-11  8- 7-7.51e-12
  9- 8 1.61e-10 10- 9 4.73e-10 11-10 9.76e-09 12-11-4.04e-09 13-12-6.52e-09 14-13-1.04e-08 15-14-1.64e-08 16-15-2.57e-08
 17-16-4.07e-08 18-17-6.51e-08 19-18-1.10e-07 20-19-1.90e-07 21-20-3.52e-07 22-21-7.13e-07 23-22-1.67e-06 24-23-5.27e-06
 25-24-1.89e-04

 Old, new He 2 continuum optical depths:
     1 3.43e+06     2 9.96e+07     3 0.00e+00     4 0.00e+00     5 0.00e+00     6 0.00e+00     7 0.00e+00     8 0.00e+00
     9 0.00e+00    10 0.00e+00    11 0.00e+00    12 0.00e+00    13 0.00e+00    14 0.00e+00    15 0.00e+00    16 0.00e+00
    17 0.00e+00    18 0.00e+00    19 0.00e+00    20 0.00e+00    21 0.00e+00    22 0.00e+00    23 0.00e+00    24 0.00e+00
    25 0.00e+00    26 0.00e+00    27 0.00e+00    28 0.00e+00    29 0.00e+00    30 0.00e+00    31 0.00e+00    32 0.00e+00
    33 0.00e+00    34 0.00e+00    35 0.00e+00    36 0.00e+00    37 0.00e+00    38 0.00e+00    39 0.00e+00    40 0.00e+00
    41 0.00e+00    42 0.00e+00    43 0.00e+00    44 0.00e+00    45 0.00e+00    46 0.00e+00    47 0.00e+00    48 0.00e+00
    49 0.00e+00    50 0.00e+00    51 0.00e+00    52 0.00e+00    53 0.00e+00    54 0.00e+00
     1 1.72e+06     2 4.98e+07     3 1.04e-05     4 1.04e-05     5 1.04e-05     6 7.47e-06     7 7.47e-06     8 7.47e-06
     9 7.47e-06    10 1.19e-05    11 1.19e-05    12 1.19e-05    13 1.19e-05    14 1.19e-05    15 1.46e-05    16 1.46e-05
    17 1.46e-05    18 1.46e-05    19 1.46e-05    20 1.46e-05    21 1.22e-05    22 1.22e-05    23 1.22e-05    24 1.22e-05
    25 1.22e-05    26 1.22e-05    27 1.22e-05    28 3.75e-06    29 3.75e-06    30 3.75e-06    31 3.75e-06    32 3.75e-06
    33 3.75e-06    34 3.75e-06    35 3.75e-06    36 1.35e-14    37 1.35e-14    38 1.35e-14    39 1.35e-14    40 1.35e-14
    41 1.35e-14    42 1.35e-14    43 1.35e-14    44 1.35e-14    45 2.35e-14    46 2.35e-14    47 2.35e-14    48 2.35e-14
    49 2.35e-14    50 2.35e-14    51 2.35e-14    52 2.35e-14    53 2.35e-14    54 2.35e-14

 Old, new He 2 mean line optical depths:
  2- 1 1.03e+08  3- 2 1.73e-04  4- 3 0.00e+00  5- 4 0.00e+00  6- 5 0.00e+00  7- 6 0.00e+00  8- 7 0.00e+00
  9- 8 0.00e+00 10- 9 0.00e+00 11-10 0.00e+00 12-11 0.00e+00 13-12 0.00e+00 14-13 0.00e+00 15-14 0.00e+00 16-15 0.00e+00
 17-16 0.00e+00 18-17 0.00e+00 19-18 0.00e+00 20-19 0.00e+00 21-20 0.00e+00 22-21 0.00e+00 23-22 0.00e+00 24-23 0.00e+00
 25-24 0.00e+00
  2- 1 9.53e+05  3- 2 8.24e-08  4- 3 1.76e-13  5- 4-3.10e-13  6- 5-9.92e-13  7- 6-1.62e-12  8- 7-1.69e-12
  9- 8-7.07e-13 10- 9 1.51e-12 11-10 8.60e-11 12-11-3.89e-11 13-12-6.23e-11 14-13-9.75e-11 15-14-1.49e-10 16-15-2.27e-10
 17-16-3.44e-10 18-17-5.26e-10 19-18-8.23e-10 20-19-1.36e-09 21-20-2.36e-09 22-21-4.53e-09 23-22-1.02e-08 24-23-3.09e-08
 25-24-1.08e-06

 Old He Is optical depths:    1 2.36e+07    2 0.00e+00    3 0.00e+00    4 0.00e+00    5 0.00e+00
 New He Is optical depths:    1 1.18e+07    2 1.13e-05    3 6.20e-06    4 6.92e-06    5 6.92e-06
          Old He Is Lines:  584 0.00e+00 3889 0.00e+00 5016 0.00e+00 5876 0.00e+00
          New He Is Lines:  584 9.03e+04 3889 2.42e-01 5016 3.68e-07 5876 1.56e-10
AGN log nH=1.89 log U=-2.67  


          Start Iteration Number 2                                                 AGN log nH=1.89 log U=-2.67  


 ####  1  Te:1.035E+04 Hden:7.743E+01 Ne:8.870E+01 R:1.000E+30 R-R0:2.394E+14 dR:4.788E+14 NTR:  5 Htot:4.325E-20 T912: 1.74e+02###
 Hydrogen      3.82e-03 9.96e-01 H+o/Hden 1.00e+00 2.22e-10 H-    H2 5.42e-15 1.62e-11 H2+ HeH+ 6.73e-12 Ho+ ColD 1.42e+14 3.69e+16
 Helium        1.19e-03 2.87e-01 7.12e-01 HeI 2s3S 4.04e-08 Comp H,C 3.05e-25 2.38e-28 Fill Fac 1.00e+00 Gam1/tot 1.00e+00
 He singlet n  1.18e-03 8.35e-15 7.97e-21 3.50e-21 5.86e-21 5.48e-21 He tripl 4.04e-08 7.18e-19 9.84e-21 8.64e-20 1.55e-20
 Pressure      NgasTgas 1.79e+06 P(total) 2.47e-10 P( gas ) 2.47e-10 P(Radtn) 0.00e+00 Rad accl 7.35e-08 ForceMul 1.10e+04
 Texc(La)      3.03e+03 T(I con) 7.20e+00 T(D con) 9.19e-01 T(U tot) 7.20e+00 nT (c+d) 1.96e+06 Prad/Gas 0.00e+00 Pmag/Gas 0.00e+00
 Molecules     CH/Ctot: 2.01e-14 CH+/Ctot 9.25e-14 CO/Ctot: 2.35e-18 CO+/Ctot 3.78e-19 H2O/Otot 3.78e-26 OH/Ototl 1.21e-14
 Lithium       5.44e-04 7.89e-01 2.03e-01 7.70e-03 Berylliu 1.24e-03 4.00e-02 9.24e-01 3.45e-02 3.03e-05 sec ion: 9.59e-15
 Boron         2.73e-05 6.37e-02 3.08e-01 6.27e-01 9.14e-04 0.00e+00
 Carbon        7.03e-05 5.52e-02 7.24e-01 1.99e-01 2.16e-02 3.88e-06 0.00e+00 H2O+/O   5.82e-27 OH+/Otot 3.90e-15 Hex(tot) 0.00e+00
 Nitrogen      6.21e-05 3.94e-02 6.61e-01 2.87e-01 1.21e-02 1.36e-04 0.00e+00 0.00e+00 O2/Ototl 1.33e-20 O2+/Otot 5.07e-21
 Oxygen        1.21e-04 3.20e-02 5.59e-01 3.89e-01 1.98e-02 1.69e-04 1.76e-06 0.00e+00 0.00e+00
 Fluorine      1.78e-05 2.40e-02 6.80e-01 2.68e-01 2.71e-02 1.66e-04 4.96e-07 0.00e+00 0.00e+00 0.00e+00
 Neon          1.08e-05 1.39e-02 6.39e-01 3.29e-01 1.74e-02 1.05e-04 2.18e-07 0.00e+00 0.00e+00 0.00e+00 0.00e+00
 Sodium        3.19e-06 1.04e-02 4.83e-01 4.49e-01 5.71e-02 2.08e-04 1.06e-06 0.00e+00 0.00e+00 0.00e+00 0.00e+00 0.00e+00
 Magnesium     5.37e-04 1.38e-02 6.95e-01 2.72e-01 1.85e-02 2.08e-04 4.41e-07 0.00e+00 0.00e+00 0.00e+00 0.00e+00 0.00e+00 0.00e+00
 Aluminium  0  2.19e-05 4.77e-02 1.28e-01 6.95e-01 1.27e-01 1.70e-03 4.58e-06 0.00e+00 0.00e+00 0.00e+00 0.00e+00 0.00e+00 0.00e+00
 Silicon    0  3.89e-05 1.10e-01 4.81e-01 3.34e-01 7.43e-02 8.53e-04 3.39e-06 0.00e+00 0.00e+00 0.00e+00 0.00e+00 0.00e+00 0.00e+00
 Phosphorus 0  5.08e-05 1.72e-01 5.67e-01 2.15e-01 4.10e-02 4.47e-03 1.47e-05 0.00e+00 0.00e+00 0.00e+00 0.00e+00 0.00e+00 0.00e+00
 Sulphur    0  3.56e-05 5.31e-02 6.35e-01 2.93e-01 1.75e-02 1.97e-03 1.54e-04 2.64e-07 0.00e+00 0.00e+00 0.00e+00 0.00e+00 0.00e+00
 Chlorine   0  3.46e-05 6.92e-02 5.87e-01 3.22e-01 2.13e-02 6.29e-04 6.60e-05 3.28e-06 0.00e+00 0.00e+00 0.00e+00 0.00e+00 0.00e+00
 Argon      0  6.70e-06 9.28e-03 7.72e-01 2.05e-01 1.36e-02 3.69e-04 7.05e-06 1.38e-06 0.00e+00 0.00e+00 0.00e+00 0.00e+00 0.00e+00
 Potassium  0  5.17e-06 5.42e-02 6.31e-01 2.98e-01 1.69e-02 2.30e-04 6.98e-06 3.76e-07 0.00e+00 0.00e+00 0.00e+00 0.00e+00 0.00e+00
 Calcium    0  1.05e-05 1.16e-02 3.78e-01 5.47e-01 6.17e-02 9.27e-04 8.17e-06 9.42e-07 0.00e+00 0.00e+00 0.00e+00 0.00e+00 0.00e+00
 Scandium   0  1.39e-07 2.94e-04 2.89e-02 8.48e-01 1.19e-01 3.58e-03 2.24e-05 5.61e-07 0.00e+00 0.00e+00 0.00e+00 0.00e+00 0.00e+00
 Titanium   0  2.08e-07 2.00e-03 7.74e-02 7.43e-01 1.74e-01 4.03e-03 8.69e-05 6.25e-07 0.00e+00 0.00e+00 0.00e+00 0.00e+00 0.00e+00
 Vanadium   0  8.99e-07 1.03e-03 9.49e-02 3.46e-01 5.08e-01 4.97e-02 3.66e-04 1.74e-05 0.00e+00 0.00e+00 0.00e+00 0.00e+00 0.00e+00
 Chromium   0  3.79e-07 1.43e-03 1.47e-01 3.77e-01 4.15e-01 5.81e-02 1.66e-03 1.68e-05 6.60e-07 0.00e+00 0.00e+00 0.00e+00 0.00e+00
 Manganese  0  2.23e-07 1.66e-03 1.35e-01 3.22e-01 4.76e-01 6.38e-02 1.51e-03 9.28e-06 6.36e-07 0.00e+00 0.00e+00 0.00e+00 0.00e+00
 Iron       0  1.48e-07 8.65e-04 5.24e-02 4.28e-01 4.40e-01 7.64e-02 2.68e-03 2.77e-05 1.40e-07 0.00e+00 0.00e+00 0.00e+00 0.00e+00
 Cobalt     0  1.09e-06 7.40e-04 3.26e-02 2.45e-01 6.15e-01 1.01e-01 5.12e-03 8.50e-05 1.39e-06 0.00e+00 0.00e+00 0.00e+00 0.00e+00
 Nickel     0  4.39e-07 2.03e-03 8.17e-02 2.79e-01 5.11e-01 1.21e-01 5.13e-03 9.47e-05 1.35e-06 0.00e+00 0.00e+00 0.00e+00 0.00e+00
 Copper     0  7.57e-07 6.69e-04 1.30e-01 4.37e-01 3.47e-01 8.06e-02 4.52e-03 1.95e-04 2.30e-06 0.00e+00 0.00e+00 0.00e+00 0.00e+00
 Zinc       0  3.07e-07 1.67e-04 1.75e-02 2.54e-01 5.93e-01 1.29e-01 6.79e-03 3.21e-04 4.08e-06 0.00e+00 0.00e+00 0.00e+00 0.00e+00
 ####135  Te:3.989E+03 Hden:7.743E+01 Ne:7.578E+00 R:1.000E+30 R-R0:3.463E+18 dR:3.518E+15 NTR: 14 Htot:1.525E-21 T912: 3.47e+02###
 Hydrogen      9.21e-01 7.94e-02 H+o/Hden 1.00e+00 6.82e-09 H-    H2 1.07e-07 2.08e-09 H2+ HeH+ 9.68e-09 Ho+ ColD 2.72e+19 2.41e+20
 Helium        7.95e-01 2.01e-01 4.64e-03 HeI 2s3S 5.11e-09 Comp H,C 2.59e-26 7.81e-30 Fill Fac 1.00e+00 Gam1/tot 5.32e-01
 He singlet n  7.95e-01 2.80e-15 3.89e-20 4.99e-22 2.37e-21 8.12e-22 He tripl 5.11e-09 9.02e-20 1.03e-21 1.03e-20 2.26e-21
 Pressure      NgasTgas 3.66e+05 P(total) 5.05e-11 P( gas ) 5.05e-11 P(Radtn) 1.95e-16 Rad accl 1.45e-08 ForceMul 2.51e+04
 Texc(La)      3.19e+03 T(I con) 6.30e+00 T(D con) 5.76e+00 T(U tot) 7.19e+00 nT (c+d) 2.91e+06 Prad/Gas 3.86e-06 Pmag/Gas 0.00e+00
 Molecules     CH/Ctot: 7.67e-12 CH+/Ctot 3.31e-09 CO/Ctot: 1.57e-10 CO+/Ctot 7.06e-12 H2O/Otot 3.64e-16 OH/Ototl 4.69e-08
 Lithium       2.20e-04 1.00e+00 2.71e-05 8.06e-07 Berylliu 6.12e-04 7.11e-01 2.69e-01 1.91e-02 0.00e+00 sec ion: 1.57e-13
 Boron         8.76e-05 9.32e-01 5.60e-03 6.24e-02 2.24e-06 0.00e+00
 Carbon        4.01e-04 9.68e-01 3.11e-02 8.30e-06 2.68e-07 0.00e+00 0.00e+00 H2O+/O   2.46e-16 OH+/Otot 2.21e-08 Hex(tot) 0.00e+00
 Nitrogen      9.26e-01 7.36e-02 2.09e-05 6.43e-07 0.00e+00 0.00e+00 0.00e+00 0.00e+00 O2/Ototl 1.88e-12 O2+/Otot 2.60e-12
 Oxygen        9.37e-01 6.30e-02 2.87e-05 1.37e-07 0.00e+00 0.00e+00 0.00e+00 0.00e+00 0.00e+00
 Fluorine      2.46e-01 6.20e-01 1.35e-01 2.83e-06 5.57e-06 0.00e+00 0.00e+00 0.00e+00 0.00e+00 0.00e+00
 Neon          1.37e-01 5.61e-01 3.02e-01 1.27e-05 1.85e-07 0.00e+00 0.00e+00 0.00e+00 0.00e+00 0.00e+00 0.00e+00
 Sodium        1.47e-03 5.49e-01 4.50e-01 1.11e-04 2.04e-05 0.00e+00 0.00e+00 0.00e+00 0.00e+00 0.00e+00 0.00e+00 0.00e+00
 Magnesium     6.21e-04 4.81e-01 5.18e-01 4.15e-05 2.26e-07 0.00e+00 0.00e+00 0.00e+00 0.00e+00 0.00e+00 0.00e+00 0.00e+00 0.00e+00
 Aluminium  0  2.12e-05 4.33e-01 1.85e-01 3.81e-01 2.54e-04 0.00e+00 0.00e+00 0.00e+00 0.00e+00 0.00e+00 0.00e+00 0.00e+00 0.00e+00
 Silicon    0  9.11e-05 9.99e-01 1.43e-04 1.04e-03 7.06e-06 0.00e+00 0.00e+00 0.00e+00 0.00e+00 0.00e+00 0.00e+00 0.00e+00 0.00e+00
 Phosphorus 0  1.56e-04 8.00e-01 1.96e-01 3.81e-03 2.62e-05 7.49e-07 0.00e+00 0.00e+00 0.00e+00 0.00e+00 0.00e+00 0.00e+00 0.00e+00
 Sulphur    0  2.34e-04 7.43e-01 2.56e-01 1.21e-04 1.11e-05 5.56e-07 0.00e+00 0.00e+00 0.00e+00 0.00e+00 0.00e+00 0.00e+00 0.00e+00
 Chlorine   0  2.91e-04 8.14e-01 1.86e-01 1.27e-04 7.59e-06 2.96e-07 0.00e+00 0.00e+00 0.00e+00 0.00e+00 0.00e+00 0.00e+00 0.00e+00
 Argon      0  2.41e-01 6.17e-01 1.42e-01 3.49e-05 4.13e-06 1.75e-07 0.00e+00 0.00e+00 0.00e+00 0.00e+00 0.00e+00 0.00e+00 0.00e+00
 Potassium  0  2.79e-04 6.76e-01 3.22e-01 6.66e-05 1.77e-03 3.24e-07 0.00e+00 0.00e+00 0.00e+00 0.00e+00 0.00e+00 0.00e+00 0.00e+00
 Calcium    0  8.95e-06 4.74e-02 9.48e-01 4.11e-03 4.96e-05 7.22e-07 0.00e+00 0.00e+00 0.00e+00 0.00e+00 0.00e+00 0.00e+00 0.00e+00
 Scandium   0  3.02e-05 1.80e-01 7.54e-01 6.41e-02 1.61e-03 8.70e-07 0.00e+00 0.00e+00 0.00e+00 0.00e+00 0.00e+00 0.00e+00 0.00e+00
 Titanium   0  7.43e-05 8.23e-01 1.72e-01 3.24e-04 4.35e-03 6.10e-07 0.00e+00 0.00e+00 0.00e+00 0.00e+00 0.00e+00 0.00e+00 0.00e+00
 Vanadium   0  9.33e-04 7.78e-01 2.20e-01 4.95e-05 4.73e-04 4.69e-07 0.00e+00 0.00e+00 0.00e+00 0.00e+00 0.00e+00 0.00e+00 0.00e+00
 Chromium   0  8.31e-05 9.98e-01 1.60e-03 2.17e-05 5.95e-05 2.05e-06 0.00e+00 0.00e+00 0.00e+00 0.00e+00 0.00e+00 0.00e+00 0.00e+00
 Manganese  0  2.34e-04 9.97e-01 2.70e-03 2.48e-05 1.89e-04 1.64e-06 3.87e-07 0.00e+00 0.00e+00 0.00e+00 0.00e+00 0.00e+00 0.00e+00
 Iron       0  9.45e-05 9.99e-01 4.80e-04 9.31e-05 1.79e-05 1.22e-06 2.71e-07 0.00e+00 0.00e+00 0.00e+00 0.00e+00 0.00e+00 0.00e+00
 Cobalt     0  2.19e-03 9.97e-01 4.92e-04 1.12e-04 2.40e-04 8.25e-07 1.83e-07 0.00e+00 0.00e+00 0.00e+00 0.00e+00 0.00e+00 0.00e+00
 Nickel     0  3.24e-04 9.99e-01 4.29e-04 2.17e-05 3.79e-05 6.33e-07 1.25e-07 0.00e+00 0.00e+00 0.00e+00 0.00e+00 0.00e+00 0.00e+00
 Copper     0  5.26e-04 6.61e-01 3.39e-01 4.82e-05 7.96e-06 1.63e-06 1.92e-07 0.00e+00 0.00e+00 0.00e+00 0.00e+00 0.00e+00 0.00e+00
 Zinc       0  2.64e-04 1.64e-01 4.59e-01 2.96e-01 8.09e-02 1.15e-05 1.27e-06 0.00e+00 0.00e+00 0.00e+00 0.00e+00 0.00e+00 0.00e+00
   AGN log nH=1.89 log U=-2.67  
   Calculation stopped because lowest Te reached. Iteration 2 of 10
   The geometry is plane-parallel.
  !Some input lines contained underscores, these were changed to spaces.
  !Suprathermal collisional ionization of H reached 46.78% of the local H ionization rate.
  !Charge transfer H => H+ reached 1071.6% of the local H ionization rate.
  !AGE: Cloud age was not set.  Longest timescale was 2.69e+11 s = 8.53e+03 years.
  !The CMB was not included.  This is added with the CMB command.
  !The radiation pressure jumped by 691% from 5.28e-12 (zone 18) to 4.14e-13 (zone 19) to 4.47e-13 (zone 20)
   Iteration not converged because Converged!.
   Charge transfer heating reached 1.97% of the local heating.
   The density is too low to l-mix the lowest H  I collapsed level.  More resolved levels are needed for accurate line ratios.
   The density is too low to l-mix the lowest He I collapsed level.  More resolved levels are needed for accurate line ratios.
   Grains were not present but might survive in this environment (energy density temperature was 7.20e+00K)
   The continuum optical depth at the lowest energy considered (3.045e-09 Ryd) was 6.925e+01.

                       *********************************> Cloudy 25.00 <**********************************
                       * title AGN log nH=1.89 log U=-2.67                                               *
                       * hden 1.8888888888888888                                                         *
                       * table AGN                                                                       *
                       * stop efrac 0.01                                                                 *
                       * ionization parameter -2.666666666666667                                         *
                       * abundances GASS                                                                 *
                       * sphere                                                                          *
                       * stop temperature 4000 K                                                         *
                       * stop column density 22                                                          *
                       * iterate to convergence                                                          *
                       * save overview "AGNmodel_nH1.89_Um2.67_temp36666.67.txt"                         *
                       *********************************> Log(U): -2.67 <*********************************

                     Emission Line Spectrum.   Constant  Density Model.  Closed geometry.  Iteration 2 of 10.
                                                     Intensity (erg/s/cm^2).


                                                   Intrinsic line intensities
general properties..............................      H  1                8392.40A    -5.067    0.0034      N  1                1134.41A    -5.388    0.0016
Inci                      0     -0.215  244.0373      H  1                8374.48A    -5.111    0.0031      N  1                1134.98A    -5.355    0.0018
TotH                      0     -0.914   48.8148      H  1                4.05115m    -3.764    0.0690      N  1                1199.55A    -5.041    0.0036
TotC                      0     -0.914   48.8038      H  1                2.62515m    -3.982    0.0418      N  1                1200.22A    -5.077    0.0034
BFH1                      0     -1.064   34.5837      H  1                2.16553m    -4.184    0.0262      N  1                1200.71A    -5.204    0.0025
BFHe                      0     -1.541   11.5143      H  1                1.94456m    -4.361    0.0175      N  1                5197.90A    -4.626    0.0095
TotM                      0     -2.271    2.1451      H  1                1.81741m    -4.516    0.0122      N  1                5200.26A    -4.485    0.0131
CT H                      0     -2.876    0.5324      H  1                1.73621m    -4.654    0.0089      N  4                1486.50A    -5.316    0.0019
H FB                      0     -2.286    2.0703      H  1                1.68065m    -4.751    0.0071      N  4                1483.32A    -5.168    0.0027
HFBc                      0     -2.286    2.0703      H  1                1.64072m    -4.854    0.0056      N  4                765.147A    -5.087    0.0033
H  1c                     0     -2.357    1.7584      H  1                1.61093m    -4.948    0.0045      N  4                247.205A    -5.417    0.0015
He 1c                     0     -4.487    0.0130      H  1                1.58805m    -5.035    0.0037      N  5                1238.82A    -5.598    0.0010
Al 3c                     0     -4.460    0.0139      H  1                1.57007m    -5.116    0.0031      Ne 2                12.8101m    -4.017    0.0385
Ar 2c                     0     -4.562    0.0110      H  1                1.55565m    -5.191    0.0026      Ne 3                15.5509m    -2.655    0.8854
Ar 3c                     0     -2.892    0.5132      H  1                1.54389m    -5.260    0.0022      Ne 3                3868.76A    -2.875    0.5335
Ar 4c                     0     -4.234    0.0234      H  1                1.53418m    -5.324    0.0019      Ne 3                36.0036m    -3.695    0.0808
Ar 5c                     0     -4.771    0.0068      H  1                1.52605m    -5.382    0.0017      Ne 3                3967.47A    -3.393    0.1619
C  1c                     0     -5.034    0.0037      H  1                1.51919m    -5.434    0.0015      Ne 3                1814.56A    -5.374    0.0017
C  2c                     0     -3.098    0.3194      H  1                1.51332m    -5.478    0.0013      Ne 3                491.045A    -5.021    0.0038
C  3c                     0     -2.857    0.5571      H  1                7.45782m    -4.282    0.0209      Ne 3                489.645A    -5.455    0.0014
Ca 4c                     0     -3.901    0.0503      H  1                4.65251m    -4.449    0.0142      Ne 3                313.688A    -5.323    0.0019
Co 2c                     0     -4.749    0.0071      H  1                3.73954m    -4.617    0.0097      Ne 3                490.311A    -5.371    0.0017
Co 3c                     0     -5.138    0.0029      H  1                3.29609m    -4.770    0.0068      Ne 5                24.3108m    -4.103    0.0316
Cr 2c                     0     -4.796    0.0064      H  1                3.03837m    -4.907    0.0050      Ne 5                14.3178m    -4.292    0.0204
Fe 2c                     0     -2.240    2.3045      H  1                2.87221m    -5.040    0.0037      Ne 5                3425.88A    -5.399    0.0016
Fe 3c                     0     -2.497    1.2735      H  1                2.75752m    -5.142    0.0029      O  1                1040.94A    -5.567    0.0011
Fe 7c                     0     -5.118    0.0031      H  1                2.67440m    -5.236    0.0023      O  1                1304.86A    -5.059    0.0035
K  3c                     0     -4.605    0.0099      H  1                2.61194m    -5.323    0.0019      O  1                1306.03A    -5.555    0.0011
K  4c                     0     -5.377    0.0017      H  1                2.56363m    -5.403    0.0016      O  1                5577.34A    -5.223    0.0024
Mg 1c                     0     -3.854    0.0560      H  1                2.52540m    -5.478    0.0013      O  1                6300.30A    -3.616    0.0970
Mn 2c                     0     -4.910    0.0049      H  1                2.49458m    -5.547    0.0011      O  1                6363.78A    -4.111    0.0310
N  1c                     0     -4.236    0.0233      H  1                12.3685m    -4.717    0.0077      O  1                63.1679m    -4.057    0.0351
N  4c                     0     -4.934    0.0047      H  1                7.50045m    -4.849    0.0057      O  1                145.495m    -5.070    0.0034
Ne 2c                     0     -4.017    0.0385      H  1                5.90660m    -4.991    0.0041      O  2                539.086A    -5.247    0.0023
Ne 3c                     0     -2.381    1.6639      H  1                5.12726m    -5.124    0.0030      O  2                539.547A    -5.276    0.0021
Ne 5c                     0     -3.868    0.0542      H  1                4.67124m    -5.278    0.0021      O  2                539.854A    -5.333    0.0019
O  1c                     0     -3.373    0.1695      H  1                4.37526m    -5.379    0.0017      O  2                832.758A    -5.338    0.0018
O  2c                     0     -2.138    2.9153      H  1                4.16966m    -5.473    0.0013      O  2                833.330A    -5.286    0.0021
O  3c                     0     -1.342   18.2201      H  1                4.01977m    -5.559    0.0011      O  2                834.465A    -5.262    0.0022
P  2c                     0     -3.945    0.0455      H  1                19.0567m    -5.092    0.0032      O  2                2470.22A    -4.673    0.0085
P  3c                     0     -4.653    0.0089      H  1                11.3056m    -5.198    0.0025      O  2                2470.34A    -4.096    0.0321
S  2c                     0     -2.581    1.0518      H  1                8.75768m    -5.320    0.0019      O  2                7318.92A    -4.756    0.0070
S  3c                     0     -2.037    3.6742      H  1                7.50606m    -5.482    0.0013      O  2                7319.99A    -4.290    0.0205
Si 2c                     0     -2.472    1.3505      H  1                6.77015m    -5.582    0.0010      O  2                7329.67A    -4.534    0.0117
Si 3c                     0     -3.218    0.2423      H  1                27.7958m    -5.422    0.0015      O  2                7330.73A    -4.559    0.0111
Si 4c                     0     -4.532    0.0118      H  1                16.2047m    -5.508    0.0012      O  2                3728.81A    -2.387    1.6438
Al 2c                     0     -3.737    0.0734      Ca A                303.784A    -1.640    9.1637      O  2                3726.03A    -2.530    1.1803
Al 5c                     0     -5.161    0.0028      Ca A                256.317A    -2.377    1.6811      O  3                88.3323m    -2.091    3.2472
C  4c                     0     -3.909    0.0493      Ca A                243.027A    -2.811    0.6189      O  3                4931.23A    -5.513    0.0012
Ca 2c                     0     -3.284    0.2081      Ca A                237.331A    -3.120    0.3034      O  3                51.8004m    -2.189    2.5934
Ca 5c                     0     -4.794    0.0064      Ca A                234.347A    -3.362    0.1738      O  3                4958.91A    -2.104    3.1503
Cl 2c                     0     -4.197    0.0255      Ca A                232.584A    -3.562    0.1097      O  3                2320.95A    -4.478    0.0133
Cl 3c                     0     -4.036    0.0369      Ca A                231.454A    -3.733    0.0741      O  3                1660.81A    -4.421    0.0152
Cl 4c                     0     -4.110    0.0311      Ca A                230.686A    -3.882    0.0526      O  3                833.715A    -5.136    0.0029
Fe 4c                     0     -2.894    0.5109      Ca A                230.139A    -4.014    0.0387      O  3                833.749A    -5.533    0.0012
Fe 5c                     0     -3.044    0.3617      Ca A                229.736A    -4.134    0.0294      O  3                702.838A    -5.242    0.0023
Fe 6c                     0     -3.625    0.0950      Ca A                229.431A    -4.242    0.0229      O  3                702.896A    -5.577    0.0011
Mg 2c                     0     -2.499    1.2678      Ca A                229.194A    -4.342    0.0182      O  3                507.680A    -5.274    0.0021
Mg 4c                     0     -3.873    0.0537      Ca A                229.006A    -4.435    0.0147      O  3                5006.84A    -1.643    9.1052
Mg 5c                     0     -4.712    0.0078      Ca A                228.855A    -4.521    0.0121      O  3                1666.15A    -4.026    0.0377
N  2c                     0     -2.552    1.1236      Ca A                228.731A    -4.602    0.0100      O  3                835.059A    -5.310    0.0020
N  3c                     0     -2.790    0.6496      Ca A                228.629A    -4.678    0.0084      O  3                835.092A    -5.175    0.0027
Na 3c                     0     -4.501    0.0126      Ca A                228.543A    -4.749    0.0071      O  3                835.289A    -5.349    0.0018
Na 4c                     0     -4.708    0.0078      Ca A                228.471A    -4.817    0.0061      O  3                703.851A    -4.974    0.0043
Ne 4c                     0     -4.163    0.0275      Ca A                228.409A    -4.881    0.0053      O  3                703.854A    -5.106    0.0031
Ni 2c                     0     -3.458    0.1394      Ca A                228.356A    -4.942    0.0046      O  3                508.178A    -4.444    0.0144
O  4c                     0     -2.217    2.4303      Ca A                228.309A    -5.001    0.0040      O  3                4363.21A    -3.852    0.0563
S  4c                     0     -2.573    1.0700      Ca A                228.269A    -5.057    0.0035      O  5                629.732A    -5.193    0.0026
continua........................................      Ca A                228.234A    -5.110    0.0031      P  2                60.6263m    -4.891    0.0051
Bac                 3646.00A    -1.394   16.1522      Ca A                1640.41A    -2.624    0.9510      P  2                32.8620m    -4.750    0.0071
nFnu                3645.00A    -1.287   20.6931      Ca A                1215.13A    -3.159    0.2779      P  2                1.14682m    -4.667    0.0086
nFnu                3647.00A    -1.945    4.5409      Ca A                1084.94A    -3.513    0.1227      P  2                1.18828m    -4.244    0.0229
cout                3646.00A    -1.394   16.1522      Ca A                1025.27A    -3.780    0.0665      P  2                7875.99A    -5.588    0.0010
thin                3646.00A    -1.394   16.1524      Ca A                992.358A    -3.994    0.0406      P  3                17.8797m    -4.654    0.0089
Inci                4860.00A    -1.319   19.2092      Ca A                972.106A    -4.174    0.0268      P  4                950.657A    -5.586    0.0010
Inci                1367.00A    -1.064   34.5675      Ca A                958.693A    -4.329    0.0188      S  2                6730.82A    -2.987    0.4123
Inci                2066.00A    -1.154   28.1147      Ca A                949.323A    -4.466    0.0137      S  2                6716.44A    -2.859    0.5543
Inci                1215.00A    -1.038   36.6585      Ca A                942.507A    -4.589    0.0103      S  2                4076.35A    -4.515    0.0122
Ba C                      0     -2.078    3.3441      Ca A                937.389A    -4.701    0.0080      S  2                4068.60A    -4.022    0.0380
PA C                      0     -2.494    1.2841      Ca A                933.444A    -4.803    0.0063      S  2                1.03364m    -4.653    0.0089
FIR                 83.0000m    -1.766    6.8631      Ca A                930.337A    -4.897    0.0051      S  2                1.02867m    -4.648    0.0090
TIR                 1800.00m    -4.643    0.0091      Ca A                927.846A    -4.984    0.0042      S  2                1.03705m    -4.975    0.0042
NIRa                2.85000m    -0.734   73.9290      Ca A                925.816A    -5.066    0.0034      S  2                1.03205m    -4.515    0.0122
NIRb                3.00000m    -1.060   34.8654      Ca A                924.142A    -5.143    0.0029      S  2                1259.52A    -5.516    0.0012
MIRa                15.0000m    -1.240   23.0265      Ca A                922.743A    -5.215    0.0024      S  2                1253.81A    -5.559    0.0011
MIRb                22.5000m    -1.150   28.3554      Ca A                921.562A    -5.283    0.0021      S  2                910.485A    -5.408    0.0016
NMIR                21.7500m    -0.734   73.9290      Ca A                920.556A    -5.348    0.0018      S  3                33.4704m    -2.566    1.0868
TFIR                611.250m    -3.474    0.1345      Ca A                919.693A    -5.410    0.0016      S  3                18.7078m    -2.765    0.6876
TALL                10000.0A    -0.221  240.6262      Ca A                918.945A    -5.469    0.0014      S  3                9068.62A    -2.883    0.5240
F12                 12.0000m    -1.657    8.8263      Ca A                918.295A    -5.525    0.0012      S  3                9530.62A    -2.483    1.3161
F25                 25.0000m    -2.056    3.5218      Ca A                917.724A    -5.579    0.0011      S  3                3721.63A    -4.340    0.0183
F60                 60.0000m    -2.068    3.4272      Ca A                4685.68A    -3.328    0.1879      S  3                6312.06A    -4.066    0.0344
F100                100.000m    -2.089    3.2637      Ca A                3203.08A    -3.735    0.0737      S  3                1713.11A    -5.416    0.0015
MIPS                24.0000m    -2.096    3.2125      Ca A                2733.28A    -4.030    0.0373      S  3                1728.94A    -4.964    0.0043
MIPS                70.0000m    -3.531    0.1180      Ca A                2511.19A    -4.262    0.0219      S  3                1194.45A    -5.513    0.0012
MIPS                160.000m    -3.639    0.0920      Ca A                2385.39A    -4.453    0.0141      S  3                1021.11A    -5.523    0.0012
IRAC                3.60000m    -1.963    4.3560      Ca A                2306.18A    -4.616    0.0097      S  5                786.468A    -5.583    0.0010
IRAC                4.50000m    -1.934    4.6576      Ca A                2252.67A    -4.759    0.0070      Si 2                34.8046m    -2.553    1.1202
IRAC                5.80000m    -1.873    5.3581      Ca A                2214.65A    -4.887    0.0052      Si 2                2334.41A    -4.407    0.0157
IRAC                8.00000m    -1.737    7.3301      Ca A                2186.59A    -5.002    0.0040      Si 2                2328.52A    -5.016    0.0039
SPR1                250.000m    -4.866    0.0054      Ca A                2165.23A    -5.106    0.0031      Si 2                1808.01A    -4.287    0.0207
SPR2                350.000m    -4.983    0.0042      Ca A                2148.58A    -5.203    0.0025      Si 2                1260.42A    -5.574    0.0011
SPR3                500.000m    -5.041    0.0036      Ca A                2135.34A    -5.292    0.0020      Si 2                2350.17A    -4.280    0.0210
PAC1                70.0000m    -3.502    0.1260      Ca A                2124.61A    -5.376    0.0017      Si 2                2344.20A    -3.867    0.0544
PAC2                100.000m    -2.083    3.3041      Ca A                2115.81A    -5.454    0.0014      Si 2                2334.60A    -3.939    0.0461
PAC3                160.000m    -3.614    0.0974      Ca A                2108.49A    -5.527    0.0012      Si 2                1817.45A    -4.458    0.0140
PAH                 3.30000m    -2.817    0.6096      Ca A                2102.33A    -5.597    0.0010      Si 2                1816.93A    -3.977    0.0422
PAHC                3.23000m    -3.042    0.3633      Ca A                1.01235m    -3.871    0.0538      Si 2                1533.43A    -4.609    0.0098
PAHC                3.37000m    -3.134    0.2942      Ca A                6560.01A    -4.192    0.0257      Si 2                1309.28A    -5.018    0.0038
PAH                 6.20000m    -2.398    1.6002      Ca A                5411.45A    -4.443    0.0144      Si 2                1265.00A    -4.736    0.0074
PAHC                5.65000m    -2.360    1.7478      Ca A                4859.26A    -4.646    0.0090      Si 2                1264.74A    -5.176    0.0027
PAH                 7.90000m    -2.203    2.5076      Ca A                4541.54A    -4.818    0.0061      Si 2                1197.39A    -4.869    0.0054
PAHC                6.90000m    -2.137    2.9209      Ca A                4338.62A    -4.967    0.0043      Si 2                1194.50A    -4.897    0.0051
PAH                 11.3000m    -2.946    0.4538      Ca A                4199.78A    -5.099    0.0032      Si 3                1892.03A    -3.624    0.0953
PAHC                10.9000m    -2.877    0.5315      Ca A                4099.99A    -5.218    0.0024      Si 3                1882.71A    -3.450    0.1422
PAH                 11.8000m    -2.801    0.6324      Ca A                4025.55A    -5.326    0.0019      Si 3                1206.50A    -4.562    0.0110
PAHC                12.6500m    -2.877    0.5318      Ca A                3968.39A    -5.424    0.0015      Si 4                1393.75A    -4.579    0.0106
PAH                 13.3000m    -2.956    0.4433      Ca A                3923.44A    -5.516    0.0012      Si 4                1402.77A    -4.797    0.0064
PAHC                14.1000m    -3.039    0.3662      Ca A                3887.40A    -5.600    0.0010      Al 2                2669.15A    -4.190    0.0259
Bcon                3640.00A    -0.650   89.5911      Ca A                1.86365m    -4.321    0.0191      Al 2                2660.35A    -4.016    0.0386
Pcon                5000.00A    -0.949   44.9977      Ca A                1.16262m    -4.580    0.0105      Al 2                1670.79A    -4.555    0.0112
O3bn                5007.00A    -1.610    9.8332      Ca A                9344.80A    -4.796    0.0064      Al 5                2.90450m    -5.160    0.0028
SX                  25.0000A    -2.113    3.0871      Ca A                8236.67A    -4.976    0.0042      C  4                1550.77A    -4.319    0.0192
HX                  4.70000A    -1.887    5.1993      Ca A                7592.65A    -5.131    0.0030      C  4                1548.19A    -4.051    0.0356
ROSA                12.3980A    -1.822    6.0287      Ca A                7177.41A    -5.267    0.0022      C  4                419.714A    -5.536    0.0012
HFFc                      0     -2.400    1.5954      Ca A                6890.80A    -5.389    0.0016      C  4                312.451A    -5.179    0.0027
H FF                      0     -2.455    1.4043      Ca A                6683.11A    -5.500    0.0013      C  4                312.420A    -5.141    0.0029
HeFF                      0     -3.338    0.1838      Ca A                6527.01A    -5.601    0.0010      Ca 2                7323.89A    -3.815    0.0613
MeFB                      0     -4.216    0.0244      Ca A                3.09080m    -4.708    0.0078      Ca 2                7291.47A    -3.632    0.0934
MeFF                      0     -4.847    0.0057      Ca A                1.87431m    -4.920    0.0048      Ca 2                3968.47A    -4.527    0.0119
ToFF                      0     -2.400    1.5937      Ca A                1.47602m    -5.106    0.0031      Ca 2                8662.14A    -4.699    0.0080
nFnu                6915.34m    -5.583    0.0010      Ca A                1.28127m    -5.267    0.0022      Ca 2                3933.66A    -4.441    0.0145
nFnu                122.367m    -4.115    0.0307      Ca A                1.16730m    -5.408    0.0016      Ca 2                8498.02A    -5.299    0.0020
nInu                122.367m    -5.125    0.0030      Ca A                1.09334m    -5.533    0.0012      Ca 2                8542.09A    -4.353    0.0178
nFnu                60.8157m    -3.870    0.0540      Ca A                4.76213m    -5.047    0.0036      Ca 5                4.15739m    -4.956    0.0044
nInu                60.8157m    -4.066    0.0344      Ca A                2.82519m    -5.222    0.0024      Ca 5                5309.11A    -5.456    0.0014
nFnu                41.2039m    -3.724    0.0755      Ca A                2.18848m    -5.386    0.0016      Cl 2                14.3639m    -4.764    0.0069
nInu                41.2039m    -3.473    0.1346      Ca A                1.87570m    -5.530    0.0012      Cl 2                8578.70A    -4.457    0.0140
nFnu                30.8611m    -3.620    0.0960      Ca A                6.94599m    -5.349    0.0018      Cl 2                9123.60A    -5.042    0.0036
nInu                30.8611m    -3.033    0.3715      Ca A                4.04945m    -5.496    0.0013      Cl 3                5537.87A    -4.453    0.0141
nFnu                24.7761m    -3.541    0.1152      Ca B                1640.41A    -2.496    1.2782      Cl 3                5517.71A    -4.307    0.0198
nInu                24.7761m    -2.698    0.8022      Ca B                1215.13A    -3.018    0.3841      Cl 3                3342.80A    -5.412    0.0015
nFnu                24.2932m    -3.534    0.1171      Ca B                1084.94A    -3.370    0.1709      Cl 4                20.3197m    -4.520    0.0121
nInu                24.2932m    -2.668    0.8604      Ca B                1025.27A    -3.636    0.0927      Cl 4                11.7629m    -4.611    0.0098
nFnu                22.8240m    -3.511    0.1234      Ca B                992.358A    -3.850    0.0566      Cl 4                7530.54A    -5.175    0.0027
nInu                22.8240m    -2.577    1.0614      Ca B                972.106A    -4.030    0.0373      Cl 4                8045.62A    -4.811    0.0062
nFnu                21.4141m    -3.489    0.1297      Ca B                958.693A    -4.186    0.0261      Fe 4                3094.96A    -3.372    0.1699
nInu                21.4141m    -2.480    1.3247      Ca B                949.323A    -4.324    0.0190      Fe 4                2835.74A    -3.381    0.1665
nFnu                21.1177m    -3.484    0.1314      Ca B                942.507A    -4.447    0.0143      Fe 4                2829.36A    -3.675    0.0846
nInu                21.1177m    -2.455    1.4043      Ca B                937.389A    -4.560    0.0110      Fe 4                2823.50A    -4.250    0.0225
nFnu                19.6146m    -3.456    0.1401      Ca B                933.444A    -4.662    0.0087      Fe 4                2577.92A    -5.264    0.0022
nInu                19.6146m    -2.344    1.8151      Ca B                930.337A    -4.757    0.0070      Fe 4                2.83562m    -4.786    0.0066
nFnu                17.6486m    -3.417    0.1531      Ca B                927.846A    -4.844    0.0057      Fe 4                2.80554m    -5.346    0.0018
nInu                17.6486m    -2.187    2.6059      Ca B                925.816A    -4.927    0.0047      Fe 4                2.86447m    -5.142    0.0029
nFnu                17.3653m    -3.412    0.1551      Ca B                924.142A    -5.004    0.0040      Fe 4                2567.61A    -4.349    0.0179
nInu                17.3653m    -2.161    2.7624      Ca B                922.743A    -5.076    0.0034      Fe 4                2.71569m    -5.465    0.0014
nFnu                15.6859m    -3.377    0.1682      Ca B                921.562A    -5.145    0.0029      Fe 4                2567.40A    -5.109    0.0031
nInu                15.6859m    -2.004    3.9658      Ca B                920.556A    -5.210    0.0025      Fe 4                6739.82A    -4.918    0.0048
nFnu                14.5997m    -3.349    0.1793      Ca B                919.693A    -5.272    0.0021      Fe 4                6761.38A    -5.419    0.0015
nInu                14.5997m    -1.898    5.0666      Ca B                918.945A    -5.331    0.0019      Fe 4                6734.42A    -5.032    0.0037
nFnu                12.4266m    -3.286    0.2072      Ca B                918.295A    -5.387    0.0016      Fe 4                5233.76A    -5.550    0.0011
nInu                12.4266m    -1.650    8.9732      Ca B                917.724A    -5.441    0.0015      Fe 4                4906.56A    -5.183    0.0026
nFnu                11.3969m    -3.257    0.2215      Ca B                4685.68A    -3.304    0.1990      Fe 4                4899.97A    -5.562    0.0011
nInu                11.3969m    -1.518   12.1524      Ca B                3203.08A    -3.699    0.0800      Fe 4                4903.07A    -5.542    0.0011
nFnu                10.4572m    -3.221    0.2405      Ca B                2733.28A    -3.989    0.0411      Fe 5                70.3538m    -3.804    0.0629
nInu                10.4572m    -1.386   16.4581      Ca B                2511.19A    -4.217    0.0243      Fe 5                36.3273m    -3.778    0.0668
nFnu                9.47744m    -3.190    0.2588      Ca B                2385.39A    -4.406    0.0157      Fe 5                25.9131m    -3.885    0.0521
nInu                9.47744m    -1.319   19.2103      Ca B                2306.18A    -4.569    0.0108      Fe 5                20.8407m    -4.153    0.0282
nFnu                9.32234m    -3.184    0.2620      Ca B                2252.67A    -4.711    0.0078      Fe 5                4180.59A    -4.763    0.0069
nInu                9.32234m    -1.319   19.2103      Ca B                2214.65A    -4.838    0.0058      Fe 5                4143.15A    -4.527    0.0119
nFnu                8.20812m    -3.133    0.2945      Ca B                2186.59A    -4.952    0.0045      Fe 5                4227.19A    -3.818    0.0608
nInu                8.20812m    -1.319   19.2103      Ca B                2165.23A    -5.057    0.0035      Fe 5                4003.21A    -5.472    0.0014
nFnu                7.57793m    -3.108    0.3122      Ca B                2148.58A    -5.153    0.0028      Fe 5                4071.24A    -4.540    0.0116
nInu                7.57793m    -1.319   19.2103      Ca B                2135.34A    -5.242    0.0023      Fe 5                3895.22A    -4.961    0.0044
nFnu                7.04834m    -3.071    0.3398      Ca B                2124.61A    -5.325    0.0019      Fe 5                3851.34A    -5.198    0.0025
nInu                7.04834m    -1.319   19.2102      Ca B                2115.81A    -5.403    0.0016      Fe 5                3794.94A    -4.609    0.0099
nFnu                4.11258m    -2.862    0.5503      Ca B                2108.49A    -5.477    0.0013      Fe 5                3755.70A    -4.890    0.0052
nInu                4.11258m    -1.319   19.2100      Ca B                2102.33A    -5.546    0.0011      Fe 5                3911.33A    -5.466    0.0014
nFnu                2.32377m    -2.676    0.8433      Ca B                1.01235m    -3.861    0.0551      Fe 5                3839.27A    -4.598    0.0101
nInu                2.32377m    -1.319   19.2098      Ca B                6560.01A    -4.178    0.0266      Fe 5                3783.22A    -5.010    0.0039
nFnu                1.64268m    -2.530    1.1810      Ca B                5411.45A    -4.426    0.0150      Fe 5                3891.28A    -4.839    0.0058
nInu                1.64268m    -1.319   19.2097      Ca B                4859.26A    -4.627    0.0095      Fe 5                3819.95A    -5.510    0.0012
nFnu                1.47981m    -2.519    1.2133      Ca B                4541.54A    -4.797    0.0064      Fe 5                3445.62A    -5.354    0.0018
nInu                1.47981m    -1.319   19.2095      Ca B                4338.62A    -4.945    0.0045      Fe 5                3463.51A    -5.345    0.0018
nFnu                1.43610m    -2.350    1.7902      Ca B                4199.78A    -5.076    0.0034      Fe 5                2828.24A    -5.483    0.0013
nInu                1.43610m    -1.319   19.2094      Ca B                4099.99A    -5.194    0.0026      Fe 6                19.5527m    -4.170    0.0271
nFnu                1.11836m    -2.334    1.8541      Ca B                4025.55A    -5.302    0.0020      Fe 6                14.7670m    -4.401    0.0159
nInu                1.11836m    -1.319   19.2090      Ca B                3968.39A    -5.400    0.0016      Fe 6                12.3074m    -4.665    0.0087
nFnu                8327.39A    -2.322    1.9057      Ca B                3923.44A    -5.491    0.0013      Fe 6                5335.18A    -4.994    0.0041
nInu                8327.39A    -1.319   19.2088      Ca B                3887.40A    -5.576    0.0011      Fe 6                5484.84A    -5.249    0.0023
nFnu                8076.39A    -1.979    4.2066      Ca B                1.86365m    -4.315    0.0194      Fe 6                5631.07A    -5.144    0.0029
nInu                8076.39A    -1.319   19.2088      Ca B                1.16262m    -4.572    0.0107      Fe 6                5277.81A    -5.495    0.0013
nFnu                6207.94A    -2.015    3.8720      Ca B                9344.80A    -4.786    0.0066      Fe 6                5424.22A    -5.164    0.0027
nInu                6207.94A    -1.319   19.2088      Ca B                8236.67A    -4.965    0.0043      Fe 6                5676.95A    -5.110    0.0031
nFnu                4884.00A    -2.021    3.8178      Ca B                7592.65A    -5.119    0.0030      Fe 6                5426.64A    -5.441    0.0015
nInu                4884.00A    -1.319   19.2087      Ca B                7177.41A    -5.255    0.0022      Fe 6                5145.75A    -4.812    0.0062
nFnu                3703.28A    -1.972    4.2723      Ca B                6890.80A    -5.376    0.0017      Fe 6                4972.47A    -4.828    0.0059
nInu                3703.28A    -1.280   20.9978      Ca B                6683.11A    -5.486    0.0013      Fe 6                5176.04A    -4.891    0.0051
nFnu                3586.64A    -1.296   20.2696      Ca B                6527.01A    -5.587    0.0010      Fe 6                4967.14A    -5.262    0.0022
nInu                3586.64A    -1.274   21.3151      Ca B                3.09080m    -4.703    0.0079      Mg 2                2802.71A    -2.973    0.4264
nFnu                2429.31A    -1.520   12.0859      Ca B                1.87431m    -4.914    0.0049      Mg 2                2795.53A    -2.677    0.8427
nInu                2429.31A    -1.189   25.9043      Ca B                1.47602m    -5.100    0.0032      Mg 4                4.48711m    -3.873    0.0537
nFnu                2391.30A    -1.523   12.0148      Ca B                1.28127m    -5.260    0.0022      Mg 4                323.307A    -5.424    0.0015
nInu                2391.30A    -1.185   26.1211      Ca B                1.16730m    -5.400    0.0016      Mg 5                5.60700m    -4.781    0.0066
nFnu                2070.68A    -1.507   12.4584      Ca B                1.09334m    -5.525    0.0012      N  2                205.283m    -4.405    0.0158
nInu                2070.68A    -1.154   28.0618      Ca B                4.76213m    -5.042    0.0036      N  2                121.769m    -3.995    0.0405
nFnu                2052.02A    -1.487   13.0390      Ca B                2.82519m    -5.218    0.0024      N  2                6548.05A    -3.183    0.2626
nInu                2052.02A    -1.152   28.2024      Ca B                2.18848m    -5.381    0.0017      N  2                6583.45A    -2.714    0.7741
nFnu                1793.44A    -1.420   15.2354      Ca B                1.87570m    -5.525    0.0012      N  2                5754.59A    -4.508    0.0124
nInu                1793.44A    -1.123   30.1467      Ca B                6.94599m    -5.344    0.0018      N  2                2139.01A    -4.910    0.0049
nFnu                1585.12A    -1.384   16.5484      Ca B                4.04945m    -5.492    0.0013      N  2                2142.77A    -4.520    0.0121
nInu                1585.12A    -1.096   32.1152      He 2                607.571A    -2.025    3.7825      N  2                1085.70A    -5.326    0.0019
nFnu                1458.33A    -1.378   16.7588      He 2                303.784A    -1.791    6.4793      N  2                1084.58A    -5.518    0.0012
nInu                1458.33A    -1.078   33.4795      He 2                256.317A    -4.798    0.0064      N  2                1085.55A    -5.268    0.0022
nFnu                1356.96A    -1.417   15.3170      He 2                243.027A    -4.948    0.0045      N  2                1083.99A    -5.499    0.0013
nInu                1356.96A    -1.062   34.6732      He 2                237.331A    -5.014    0.0039      N  2                1084.56A    -5.341    0.0018
nFnu                1297.29A    -1.520   12.0855      He 2                234.347A    -5.056    0.0035      N  2                916.020A    -5.564    0.0011
nInu                1297.29A    -1.052   35.4924      He 2                232.584A    -5.082    0.0033      N  2                916.710A    -5.174    0.0027
nFnu                1262.79A    -1.677    8.4291      He 2                231.454A    -5.095    0.0032      N  2                916.701A    -5.142    0.0029
nInu                1262.79A    -1.047   35.9691      He 2                230.686A    -5.121    0.0030      N  2                915.962A    -5.289    0.0021
nFnu                1218.08A    -2.535    1.1668      He 2                230.139A    -5.137    0.0029      N  3                57.3238m    -2.806    0.6257
nInu                1218.08A    -1.039   36.6350      He 2                229.736A    -5.194    0.0026      N  3                1748.65A    -5.118    0.0030
nFnu                1196.33A    -2.523    1.1999      He 2                229.431A    -5.202    0.0025      N  3                1753.99A    -5.103    0.0032
nInu                1196.33A    -1.035   36.9408      He 2                229.194A    -5.212    0.0025      N  3                1746.82A    -5.517    0.0012
nFnu                1175.06A    -2.511    1.2345      He 2                229.006A    -5.222    0.0024      N  3                1752.16A    -4.678    0.0084
nInu                1175.06A    -1.031   37.2501      He 2                228.855A    -5.232    0.0023      N  3                1749.67A    -4.713    0.0078
nFnu                1143.64A    -2.488    1.3024      He 2                228.731A    -5.241    0.0023      N  3                989.799A    -5.473    0.0013
nInu                1143.64A    -1.025   37.8133      He 2                228.629A    -5.249    0.0023      N  3                991.511A    -5.119    0.0030
nFnu                1113.22A    -2.466    1.3687      He 2                228.543A    -5.255    0.0022      N  3                991.577A    -5.289    0.0021
nInu                1113.22A    -1.019   38.3210      He 2                228.471A    -5.259    0.0022      N  3                764.351A    -5.046    0.0036
nFnu                1103.23A    -2.461    1.3861      He 2                228.409A    -5.259    0.0022      N  3                685.515A    -5.542    0.0011
nInu                1103.23A    -1.018   38.4490      He 2                228.356A    -5.253    0.0022      N  3                686.336A    -4.986    0.0041
nFnu                1073.86A    -2.437    1.4634      He 2                1640.41A    -2.528    1.1871      N  3                685.817A    -4.903    0.0050
nInu                1073.86A    -1.012   38.9461      He 2                1215.13A    -3.004    0.3971      N  3                452.227A    -5.045    0.0036
nFnu                1064.34A    -2.429    1.4913      He 2                1084.94A    -3.342    0.1823      Na 3                7.31570m    -4.501    0.0126
nInu                1064.34A    -1.010   39.1415      He 2                1025.27A    -3.601    0.1003      Na 3                380.100A    -5.573    0.0011
nFnu                1035.92A    -2.407    1.5689      He 2                992.358A    -3.811    0.0618      Na 4                9.03096m    -4.811    0.0062
nInu                1035.92A    -1.004   39.6668      He 2                972.106A    -3.988    0.0411      Ne 4                2421.66A    -4.565    0.0109
nFnu                1000.00A    -2.376    1.6826      He 2                958.693A    -4.140    0.0290      Ne 4                2424.28A    -4.392    0.0162
nInu                1000.00A    -0.996   40.4008      He 2                949.323A    -4.274    0.0213      Ne 4                541.126A    -5.325    0.0019
nFnu                925.144A    -2.314    1.9422      He 2                942.507A    -4.129    0.0297      Ne 4                542.076A    -5.267    0.0022
nInu                925.144A    -0.979   41.9811      He 2                937.389A    -4.223    0.0240      Ne 4                543.886A    -5.232    0.0023
nFnu                897.800A    -4.945    0.0045      He 2                933.444A    -4.309    0.0197      Ni 2                1.19102m    -3.885    0.0522
nFnu                496.874A    -4.686    0.0083      He 2                930.337A    -4.388    0.0164      Ni 2                6.63416m    -4.360    0.0175
RRC.............................................      He 2                927.846A    -4.461    0.0139      Ni 2                1.07151m    -5.137    0.0029
H  1                3645.98A    -2.503    1.2581      He 2                925.816A    -4.529    0.0118      Ni 2                10.6793m    -4.775    0.0067
H  1                3645.98A    -2.155    2.8038      He 2                924.142A    -4.591    0.0103      Ni 2                12.7253m    -5.353    0.0018
H  1                8203.57A    -3.239    0.2309      He 2                922.743A    -4.649    0.0090      Ni 2                7377.83A    -4.177    0.0266
H  1                8203.57A    -2.843    0.5746      He 2                921.562A    -4.701    0.0080      Ni 2                8300.99A    -5.473    0.0013
H  1                8203.57A    -2.943    0.4561      He 2                920.556A    -4.747    0.0072      Ni 2                1.93877m    -4.885    0.0052
H  1                1.45842m    -3.726    0.0752      He 2                919.693A    -4.786    0.0066      Ni 2                6666.80A    -5.318    0.0019
H  1                1.45842m    -3.324    0.1900      He 2                4685.68A    -3.407    0.1569      Ni 2                7411.61A    -5.099    0.0032
H  1                1.45842m    -3.317    0.1930      He 2                3203.08A    -3.733    0.0741      Ni 2                4326.24A    -5.201    0.0025
H  1                1.45842m    -3.656    0.0885      He 2                2733.28A    -3.998    0.0402      Ni 2                7255.82A    -5.556    0.0011
H  1                2.27878m    -4.084    0.0330      He 2                2511.19A    -4.215    0.0244      Ni 2                4201.17A    -5.441    0.0015
H  1                2.27878m    -3.682    0.0833      He 2                2385.39A    -4.397    0.0161      Ni 2                3993.06A    -5.316    0.0019
H  1                2.27878m    -3.643    0.0911      He 2                2306.18A    -4.553    0.0112      Ni 2                3438.88A    -5.535    0.0012
H  1                2.27878m    -3.835    0.0585      He 2                2252.67A    -4.691    0.0082      O  4                25.8863m    -2.217    2.4287
H  1                2.27878m    -4.329    0.0188      He 2                2214.65A    -4.644    0.0091      O  4                787.710A    -5.534    0.0012
H  1                3.28145m    -4.364    0.0173      He 2                2186.59A    -4.738    0.0073      O  4                790.114A    -5.308    0.0020
H  1                3.28145m    -3.964    0.0435      He 2                2165.23A    -4.823    0.0060      O  4                790.201A    -5.520    0.0012
H  1                3.28145m    -3.913    0.0489      He 2                2148.58A    -4.902    0.0050      O  4                609.830A    -5.022    0.0038
H  1                3.28145m    -4.051    0.0356      He 2                2135.34A    -4.975    0.0042      O  4                555.264A    -4.938    0.0046
H  1                3.28145m    -4.372    0.0170      He 2                2124.61A    -5.043    0.0036      O  4                554.514A    -4.865    0.0055
H  1                3.28145m    -4.969    0.0043      He 2                2115.81A    -5.105    0.0031      S  4                10.5076m    -2.573    1.0694
H  1                4.46642m    -4.594    0.0102      He 2                2108.49A    -5.163    0.0028      S  4                815.941A    -5.557    0.0011
H  1                4.46642m    -4.195    0.0255      He 2                2102.33A    -5.215    0.0024      S  4                753.760A    -5.419    0.0015
H  1                4.46642m    -4.139    0.0291      He 2                2097.10A    -5.261    0.0022      S  4                750.221A    -5.388    0.0016
H  1                4.46642m    -4.252    0.0224      He 2                2092.63A    -5.299    0.0020      S  4                661.455A    -5.315    0.0019
H  1                4.46642m    -4.502    0.0126      He 2                1.01235m    -4.019    0.0383      S  4                554.027A    -5.499    0.0013
H  1                4.46642m    -4.907    0.0050      He 2                6560.01A    -4.259    0.0221      level 1 lines...................................
H  1                4.46642m    -5.576    0.0011      He 2                5411.45A    -4.475    0.0134      recombination...................................
H  1                5.83369m    -4.788    0.0065      He 2                4859.26A    -4.660    0.0088      C  2                4267.00A    -5.241    0.0023
H  1                5.83369m    -4.391    0.0163      He 2                4541.54A    -4.821    0.0061      C  2                1761.00A    -5.308    0.0020
H  1                5.83369m    -4.332    0.0186      He 2                4338.62A    -4.961    0.0044      C  2                1335.00A    -3.498    0.1272
H  1                5.83369m    -4.432    0.0148      He 2                4199.78A    -5.014    0.0039      C  3                1923.00A    -5.337    0.0018
H  1                5.83369m    -4.646    0.0090      He 2                4099.99A    -5.106    0.0031      N  2                1742.00A    -5.256    0.0022
H  1                5.83369m    -4.968    0.0043      He 2                4025.55A    -5.192    0.0026      O  1                1357.00A    -5.516    0.0012
H  1                5.83369m    -5.431    0.0015      He 2                3968.39A    -5.270    0.0021      O  2                4094.00A    -5.526    0.0012
H  1                7.38326m    -4.956    0.0044      He 2                3923.44A    -5.343    0.0018      O  2                4075.00A    -5.174    0.0027
H  1                7.38326m    -4.560    0.0110      He 2                3887.40A    -5.411    0.0016      O  2                4111.00A    -5.481    0.0013
H  1                7.38326m    -4.501    0.0126      He 2                3858.03A    -5.473    0.0013      O  2                4651.00A    -4.953    0.0045
H  1                7.38326m    -4.593    0.0102      He 2                3833.76A    -5.530    0.0012      O  2                4341.00A    -5.230    0.0024
H  1                7.38326m    -4.787    0.0065      He 2                3813.45A    -5.582    0.0010      O  3                3265.00A    -5.358    0.0018
H  1                7.38326m    -5.064    0.0035      He 2                1.86365m    -4.519    0.0121      C  2                1167.50A    -5.165    0.0027
H  1                7.38326m    -5.432    0.0015      He 2                1.16262m    -4.698    0.0080      C  2                1092.50A    -4.558    0.0111
H  1                9.11514m    -5.104    0.0031      He 2                9344.80A    -4.876    0.0053      C  2                1036.80A    -4.191    0.0258
H  1                9.11514m    -4.709    0.0078      He 2                8236.67A    -5.035    0.0037      C  2                946.100A    -4.229    0.0237
H  1                9.11514m    -4.649    0.0090      He 2                7592.65A    -5.177    0.0027      C  2                799.800A    -3.331    0.1866
H  1                9.11514m    -4.737    0.0073      He 2                7177.41A    -5.303    0.0020      C  3                2296.90A    -4.843    0.0058
H  1                9.11514m    -4.918    0.0048      He 2                6890.80A    -5.395    0.0016      C  3                1828.00A    -4.871    0.0054
H  1                9.11514m    -5.168    0.0027      He 2                6683.11A    -5.479    0.0013      C  3                1577.10A    -4.814    0.0061
H  1                9.11514m    -5.484    0.0013      He 2                6527.01A    -5.558    0.0011      C  3                1247.40A    -5.352    0.0018
H  1                11.0293m    -4.159    0.0278      He 2                3.09080m    -4.946    0.0045      C  3                1175.70A    -4.664    0.0087
H  1                13.1258m    -4.271    0.0214      He 2                1.87431m    -5.082    0.0033      C  3                977.000A    -4.330    0.0187
H  1                15.4046m    -4.375    0.0169      He 2                1.47602m    -5.229    0.0024      C  3                574.300A    -5.420    0.0015
H  1                17.8657m    -4.471    0.0135      He 2                1.28127m    -5.367    0.0017      C  3                538.200A    -5.433    0.0015
H  1                20.5091m    -4.560    0.0110      He 2                1.16730m    -5.541    0.0012      C  3                511.500A    -5.378    0.0017
H  1                23.3348m    -4.644    0.0091      He 2                4.76213m    -5.319    0.0019      C  3                493.500A    -5.094    0.0032
H  1                26.3428m    -4.722    0.0076      He 2                2.82519m    -5.423    0.0015      C  3                492.600A    -5.230    0.0024
H  1                29.5331m    -4.796    0.0064      He 2                2.18848m    -5.546    0.0011      C  3                483.700A    -5.255    0.0022
H  1                32.9057m    -4.866    0.0054      He-like iso-sequence............................      C  3                476.000A    -5.103    0.0032
H  1                36.4606m    -4.933    0.0047      He 1                1202.81A    -2.684    0.8287      C  3                459.600A    -4.199    0.0253
H  1                40.1978m    -4.996    0.0040      He 1                584.334A    -3.649    0.0898      C  3                450.700A    -5.369    0.0017
H  1                44.1173m    -5.057    0.0035      He 1                537.030A    -4.642    0.0091      C  3                433.300A    -5.413    0.0015
H  1                48.2191m    -5.114    0.0031      He 1                522.213A    -4.782    0.0066      C  3                411.700A    -4.212    0.0246
H  1                52.5033m    -5.170    0.0027      He 1                515.617A    -4.858    0.0056      C  3                398.400A    -4.394    0.0161
H  1                56.9697m    -4.000    0.0400      He 1                512.099A    -4.911    0.0049      C  3                371.700A    -5.079    0.0033
He 2                2049.91A    -3.946    0.0454      He 1                625.563A    -2.023    3.7930      N  2                1085.10A    -4.658    0.0088
He 2                2049.91A    -3.478    0.1331      He 1                510.018A    -5.149    0.0028      N  2                916.300A    -5.097    0.0032
He 2                2049.91A    -3.467    0.1366      He 1                508.657A    -5.165    0.0027      N  2                646.400A    -4.701    0.0080
He 2                3644.44A    -4.489    0.0130      He 1                507.727A    -5.183    0.0026      N  3                2064.30A    -5.553    0.0011
He 2                3644.44A    -4.012    0.0389      He 1                507.065A    -5.198    0.0025      N  3                991.000A    -4.372    0.0170
He 2                3644.44A    -3.886    0.0520      He 1                506.576A    -5.214    0.0024      N  3                782.900A    -5.366    0.0017
He 2                3644.44A    -4.094    0.0322      He 1                506.204A    -5.233    0.0023      N  3                764.000A    -4.907    0.0050
He 2                5694.49A    -4.896    0.0051      He 1                505.916A    -5.252    0.0022      N  3                685.700A    -5.175    0.0027
He 2                5694.49A    -4.418    0.0153      He 1                505.687A    -5.272    0.0021      N  3                472.300A    -5.434    0.0015
He 2                5694.49A    -4.254    0.0223      He 1                505.502A    -5.292    0.0020      N  3                418.800A    -4.859    0.0055
He 2                5694.49A    -4.308    0.0197      He 1                505.352A    -5.313    0.0019      N  3                411.300A    -5.416    0.0015
He 2                5694.49A    -4.674    0.0085      He 1                505.227A    -5.334    0.0019      N  3                391.300A    -5.337    0.0018
He 2                8200.12A    -5.217    0.0024      He 1                505.122A    -5.354    0.0018      N  3                387.400A    -4.788    0.0065
He 2                8200.12A    -4.739    0.0073      He 1                505.033A    -5.374    0.0017      N  3                374.400A    -4.998    0.0040
He 2                8200.12A    -4.561    0.0110      He 1                504.958A    -5.459    0.0014      N  3                348.700A    -4.190    0.0258
He 2                8200.12A    -4.555    0.0112      He 1                504.893A    -5.455    0.0014      N  3                340.200A    -4.572    0.0107
He 2                8200.12A    -4.742    0.0073      He 1                504.836A    -5.434    0.0015      N  3                323.300A    -5.317    0.0019
He 2                8200.12A    -5.229    0.0024      He 1                504.787A    -5.495    0.0013      N  3                311.600A    -5.382    0.0017
He 2                1.11613m    -5.480    0.0013      He 1                504.744A    -5.451    0.0014      O  2                386.300A    -3.896    0.0509
He 2                1.11613m    -5.004    0.0040      He 1                504.706A    -5.386    0.0016      O  2                385.700A    -4.074    0.0337
He 2                1.11613m    -4.819    0.0061      He 1                504.672A    -4.613    0.0098      O  3                834.500A    -3.990    0.0410
He 2                1.11613m    -4.784    0.0066      He 1                1.08291m    -4.341    0.0182      O  3                703.400A    -4.352    0.0178
He 2                1.11613m    -4.895    0.0051      He 1                1.08302m    -3.851    0.0564      O  3                599.600A    -4.878    0.0053
He 2                1.11613m    -5.185    0.0026      He 1                1.08303m    -3.615    0.0972      O  3                541.600A    -4.750    0.0071
He 2                1.45781m    -5.226    0.0024      Blnd                1.08302m    -3.367    0.1718      O  3                374.100A    -4.448    0.0143
He 2                1.45781m    -5.038    0.0037      He 1                3888.64A    -3.680    0.0837      O  3                320.700A    -4.455    0.0141
He 2                1.45781m    -4.988    0.0041      He 1                3187.74A    -4.068    0.0342      O  3                300.500A    -3.806    0.0626
He 2                1.45781m    -5.059    0.0035      He 1                2945.10A    -4.380    0.0167      O  3                299.300A    -4.226    0.0238
He 2                1.45781m    -5.261    0.0022      He 1                2829.08A    -4.634    0.0093      O  4                789.400A    -4.731    0.0074
He 2                1.84504m    -5.418    0.0015      He 1                2760.44A    -5.213    0.0025      O  4                779.900A    -5.335    0.0019
He 2                1.84504m    -5.228    0.0024      He 1                2721.00A    -5.362    0.0017      O  4                554.400A    -5.287    0.0021
He 2                1.84504m    -5.169    0.0027      He 1                2694.61A    -5.496    0.0013      O  4                265.500A    -4.962    0.0044
He 2                1.84504m    -5.217    0.0024      He 1                2.05813m    -4.562    0.0110      O  4                260.500A    -5.297    0.0020
He 2                1.84504m    -5.370    0.0017      He 1                5015.68A    -4.300    0.0201      O  4                224.100A    -5.278    0.0021
He 2                2.27783m    -5.585    0.0010      He 1                3964.73A    -4.686    0.0082      O  4                200.800A    -4.583    0.0105
He 2                2.27783m    -5.395    0.0016      He 1                3613.64A    -4.990    0.0041      O  4                196.400A    -5.045    0.0036
He 2                2.27783m    -5.331    0.0019      He 1                3447.59A    -5.239    0.0023      O  4                158.600A    -4.987    0.0041
He 2                2.27783m    -5.364    0.0017      He 1                7065.71A    -5.308    0.0020      level2 lines....................................
He 2                2.27783m    -5.488    0.0013      He 1                7065.21A    -4.830    0.0059      C  2                596.559A    -5.192    0.0026
He 2                2.75620m    -4.761    0.0069      He 1                7065.18A    -4.609    0.0099      C  2                561.959A    -5.231    0.0024
He 2                3.28011m    -4.873    0.0054      Blnd                7065.25A    -4.353    0.0177      C  2                530.721A    -5.249    0.0023
He 2                3.84958m    -4.976    0.0042      He 1                5875.98A    -4.619    0.0096      C  2                544.909A    -5.261    0.0022
He 2                4.46460m    -5.072    0.0034      He 1                5875.64A    -4.142    0.0289      C  2                535.300A    -5.272    0.0021
He 2                5.12518m    -5.160    0.0028      He 1                5875.61A    -3.920    0.0482      C  2                550.361A    -5.331    0.0019
He 2                5.83131m    -5.244    0.0023      Blnd                5875.66A    -3.665    0.0867      C  2                467.460A    -5.396    0.0016
He 2                6.58301m    -5.322    0.0019      He 1                4713.16A    -5.531    0.0012      C  2                637.979A    -5.560    0.0011
He 2                7.38026m    -5.396    0.0016      He 1                4713.14A    -5.309    0.0020      C  2                424.791A    -5.479    0.0013
He 2                8.22307m    -5.466    0.0014      Blnd                4713.17A    -5.054    0.0035      C  2                439.850A    -5.553    0.0011
He 2                9.11143m    -5.532    0.0012      He 1                4471.69A    -5.026    0.0038      C  2                524.659A    -5.584    0.0010
He 2                10.0454m    -5.595    0.0010      He 1                4471.49A    -4.549    0.0113      C  2                521.831A    -5.584    0.0010
He 2                14.2366m    -4.553    0.0112      He 1                4471.47A    -4.327    0.0188      C  3                271.090A    -5.175    0.0027
He 1                2599.69A    -3.700    0.0798      Blnd                4471.50A    -4.072    0.0339      C  3                268.600A    -5.202    0.0025
He 1                3120.85A    -4.211    0.0246      Blnd                4120.84A    -5.479    0.0013      C  3                266.880A    -5.231    0.0024
He 1                3421.00A    -4.200    0.0253      He 1                4026.36A    -5.341    0.0018      C  3                288.500A    -5.238    0.0023
He 1                3420.88A    -3.723    0.0758      He 1                4026.20A    -4.864    0.0055      C  4                223.140A    -5.363    0.0017
He 1                3420.88A    -3.501    0.1264      He 1                4026.19A    -4.642    0.0091      N  1                942.258A    -5.363    0.0017
He 1                3678.70A    -3.920    0.0482      Blnd                4026.21A    -4.387    0.0164      N  2                532.161A    -5.228    0.0024
He 1                6632.16A    -4.609    0.0099      He 1                3819.76A    -5.596    0.0010      N  2                634.441A    -5.294    0.0020
He 1                7435.20A    -5.029    0.0037      He 1                3819.61A    -5.119    0.0030      N  2                475.141A    -5.290    0.0021
He 1                7843.40A    -3.979    0.0421      He 1                3819.60A    -4.897    0.0051      N  2                528.139A    -5.328    0.0019
He 1                8188.35A    -4.198    0.0254      Blnd                3819.62A    -4.642    0.0091      N  2                452.970A    -5.373    0.0017
He 1                8190.64A    -4.687    0.0082      He 1                3704.90A    -5.537    0.0012      N  2                441.950A    -5.407    0.0016
He 1                8261.30A    -4.590    0.0103      He 1                3704.76A    -5.060    0.0035      N  2                474.291A    -5.404    0.0016
He 1                1.24770m    -5.162    0.0028      He 1                3704.75A    -4.838    0.0058      N  2                437.731A    -5.432    0.0015
He 1                1.35640m    -5.548    0.0011      Blnd                3704.77A    -4.583    0.0105      N  2                452.610A    -5.520    0.0012
He 1                1.40933m    -4.478    0.0133      He 1                3634.08A    -5.222    0.0024      N  3                293.510A    -5.175    0.0027
He 1                1.45602m    -4.569    0.0108      He 1                3634.07A    -5.000    0.0040      N  3                283.090A    -5.216    0.0024
He 1                1.45643m    -5.061    0.0035      Blnd                3634.09A    -4.745    0.0072      N  3                264.550A    -5.238    0.0023
He 1                1.45759m    -4.924    0.0048      He 1                3587.16A    -5.365    0.0017      N  3                277.180A    -5.252    0.0022
He 1                1.45759m    -5.401    0.0016      He 1                3587.15A    -5.143    0.0029      N  3                312.110A    -5.253    0.0022
He 1                1.46631m    -5.062    0.0035      Blnd                3587.17A    -4.887    0.0052      N  3                273.490A    -5.289    0.0021
He 1                2.01409m    -5.553    0.0011      He 1                3554.34A    -5.492    0.0013      N  3                267.450A    -5.316    0.0019
He 1                2.21671m    -4.846    0.0057      He 1                3554.33A    -5.270    0.0022      N  3                248.910A    -5.334    0.0019
He 1                2.27546m    -4.894    0.0051      Blnd                3554.35A    -5.014    0.0039      N  3                271.020A    -5.325    0.0019
He 1                2.27605m    -5.386    0.0016      He 1                3530.43A    -5.386    0.0016      N  3                305.650A    -5.335    0.0019
He 1                2.27752m    -5.103    0.0032      Blnd                3530.44A    -5.130    0.0030      N  3                269.290A    -5.356    0.0018
He 1                2.27752m    -5.580    0.0011      He 1                3512.46A    -5.491    0.0013      N  3                300.710A    -5.363    0.0017
He 1                2.27778m    -5.598    0.0010      Blnd                3512.48A    -5.235    0.0023      N  3                238.620A    -5.502    0.0013
He 1                2.28865m    -5.416    0.0015      He 1                3498.60A    -5.587    0.0010      N  3                234.300A    -5.545    0.0011
He 1                3.20639m    -5.133    0.0029      Blnd                3498.62A    -5.332    0.0019      N  3                286.900A    -5.532    0.0012
He 1                3.27716m    -5.162    0.0028      Blnd                3487.70A    -5.421    0.0015      N  4                197.610A    -5.532    0.0012
He 1                3.27969m    -5.319    0.0019      Blnd                3478.95A    -5.504    0.0013      O  1                976.791A    -5.238    0.0023
He 1                4.46460m    -4.722    0.0076      Blnd                3471.81A    -5.581    0.0011      O  1                969.049A    -5.281    0.0021
He 1                5.83132m    -4.893    0.0051      He 1                3439.98A    -5.412    0.0016      O  1                946.387A    -5.324    0.0019
He 1                7.38026m    -5.045    0.0036      Blnd                3440.00A    -5.156    0.0028      O  1                934.501A    -5.359    0.0017
He 1                9.11143m    -5.180    0.0026      He 1                7281.35A    -4.912    0.0049      O  1                973.577A    -5.375    0.0017
He 1                11.0248m    -5.303    0.0020      He 1                6678.15A    -4.214    0.0244      O  1                927.472A    -5.393    0.0016
He 1                13.1205m    -5.415    0.0015      He 1                5047.74A    -5.478    0.0013      O  1                948.506A    -5.434    0.0015
He 1                15.3983m    -5.519    0.0012      He 1                4921.93A    -4.641    0.0092      O  1                922.969A    -5.431    0.0015
He 1                61.5933m    -5.181    0.0026      He 1                4387.93A    -4.960    0.0044      O  1                919.912A    -5.469    0.0014
grains..........................................      He 1                4143.76A    -5.215    0.0024      O  1                935.672A    -5.498    0.0013
H-like iso-sequence.............................      He 1                4009.05A    -5.219    0.0024      O  1                917.726A    -5.510    0.0012
H  1 Cool           1215.67A    -2.579    1.0556      He 1                3926.41A    -5.384    0.0017      O  1                918.704A    -5.543    0.0011
Crst                960.000A    -2.756    0.7029      He 1                3871.69A    -5.528    0.0012      O  1                928.186A    -5.567    0.0011
LA X                1215.67A    -4.470    0.0136      He 1                4.29471m    -5.596    0.0010      O  1                917.473A    -5.589    0.0010
CION                      0     -4.745    0.0072      He 1                1.25275m    -5.532    0.0012      O  2                425.190A    -5.099    0.0032
Ca B                1215.67A    -1.072   33.9250      He 1                1.70025m    -5.223    0.0024      O  2                388.410A    -5.166    0.0027
Q(H)                4861.32A    -2.622    0.9566      He 1                1.19691m    -5.383    0.0017      O  2                373.600A    -5.203    0.0025
Q(H)                1215.67A    -1.088   32.7170      He 1                1.03113m    -5.582    0.0010      O  2                361.821A    -5.215    0.0024
CaBo                4861.32A    -2.605    0.9952      He 1                9515.00A    -5.469    0.0014      O  2                366.060A    -5.225    0.0024
CaBo                1640.00A    -2.501    1.2645      He 1                1.86854m    -4.604    0.0100      O  2                360.570A    -5.271    0.0021
CaBo                4685.64A    -3.317    0.1930      He 1                1.27849m    -4.934    0.0047      O  2                414.619A    -5.335    0.0018
Ca A                1215.67A    -1.262   21.8982      He 1                1.09130m    -5.200    0.0025      O  2                358.780A    -5.351    0.0018
Ca A                1025.72A    -1.910    4.9257      He 1                1.00275m    -5.399    0.0016      O  2                356.930A    -5.352    0.0018
Ca A                972.537A    -2.321    1.9114      He 1                9526.01A    -5.570    0.0011      O  2                355.610A    -5.375    0.0017
Ca A                949.743A    -2.625    0.9495      He 1                1.86972m    -5.082    0.0033      O  2                384.420A    -5.480    0.0013
Ca A                937.803A    -2.867    0.5435      He 1                1.27905m    -5.412    0.0016      O  3                305.400A    -4.693    0.0081
Ca A                930.748A    -3.069    0.3413      He 1                4.04791m    -5.323    0.0019      O  3                268.070A    -5.011    0.0039
Ca A                926.226A    -3.243    0.2287      Ca B                2945.10A    -4.413    0.0155      O  3                263.850A    -5.026    0.0038
Ca A                923.150A    -3.396    0.1609      Ca B                3187.74A    -4.095    0.0322      O  3                373.640A    -5.036    0.0037
Ca A                920.963A    -3.532    0.1176      Ca B                3613.64A    -5.001    0.0040      O  3                265.020A    -5.033    0.0037
Ca A                919.351A    -3.655    0.0886      Ca B                3888.64A    -3.698    0.0802      O  3                248.730A    -5.066    0.0034
Ca A                918.129A    -3.767    0.0685      Ca B                3964.73A    -4.693    0.0081      O  3                241.200A    -5.104    0.0031
Ca A                917.181A    -3.870    0.0540      Ca B                4026.20A    -4.379    0.0167      O  3                248.620A    -5.133    0.0030
Ca A                916.429A    -3.965    0.0434      Ca B                4120.82A    -5.452    0.0014      O  3                236.890A    -5.141    0.0029
Ca A                915.824A    -4.054    0.0354      Ca B                4387.93A    -4.954    0.0044      O  3                234.190A    -5.165    0.0027
Ca A                915.329A    -4.137    0.0292      Ca B                4471.49A    -4.056    0.0352      O  3                276.900A    -5.153    0.0028
Ca A                914.919A    -4.214    0.0244      Ca B                4713.16A    -5.038    0.0037      O  3                241.140A    -5.168    0.0027
Ca A                914.576A    -4.287    0.0207      Ca B                4921.93A    -4.624    0.0095      O  3                280.450A    -5.174    0.0027
Ca A                914.286A    -4.355    0.0177      Ca B                5015.68A    -4.293    0.0204      O  3                263.230A    -5.176    0.0027
Ca A                914.039A    -4.419    0.0152      Ca B                5047.74A    -5.454    0.0014      O  3                232.380A    -5.183    0.0026
Ca A                913.826A    -4.480    0.0133      Ca B                5875.64A    -3.614    0.0974      O  3                236.860A    -5.200    0.0025
Ca A                913.641A    -4.537    0.0116      Ca B                6678.15A    -4.160    0.0277      O  3                231.110A    -5.202    0.0025
Ca A                913.480A    -4.590    0.0103      Ca B                7065.21A    -4.373    0.0170      O  3                255.390A    -5.207    0.0025
Ca A                913.339A    -4.640    0.0092      Ca B                7281.35A    -4.893    0.0051      O  3                232.350A    -5.220    0.0024
Ca A                6562.80A    -2.330    1.8732      Ca B                1.08302m    -3.328    0.1882      O  3                234.180A    -5.230    0.0024
Ca A                4861.32A    -2.782    0.6622      Ca B                1.19691m    -5.375    0.0017      O  3                230.150A    -5.277    0.0021
Ca A                4340.46A    -3.107    0.3131      Ca B                1.25275m    -5.590    0.0010      O  3                231.100A    -5.267    0.0022
Ca A                4101.73A    -3.361    0.1745      Ca B                1.27849m    -4.868    0.0054      O  3                244.650A    -5.266    0.0022
Ca A                3970.07A    -3.570    0.1078      Ca B                1.27905m    -5.345    0.0018      O  3                238.930A    -5.311    0.0020
Ca A                3889.05A    -3.748    0.0716      Ca B                1.70025m    -5.206    0.0025      O  3                233.340A    -5.326    0.0019
Ca A                3835.38A    -3.903    0.0500      Ca B                1.86854m    -4.498    0.0127      O  3                235.520A    -5.347    0.0018
Ca A                3797.90A    -4.041    0.0364      Ca B                1.86972m    -4.974    0.0042      O  3                232.490A    -5.453    0.0014
Ca A                3770.63A    -4.166    0.0273      Ca B                2.05813m    -4.226    0.0238      O  3                235.000A    -5.498    0.0013
Ca A                3750.15A    -4.279    0.0211      Pho+                3889.00A    -3.113    0.3088      O  4                239.130A    -4.880    0.0053
Ca A                3734.37A    -4.383    0.0166      extra Lyman.....................................      O  4                207.610A    -5.222    0.0024
Ca A                3721.94A    -4.478    0.0133      database lines..................................      O  4                196.560A    -5.279    0.0021
Ca A                3711.97A    -4.568    0.0108      Al 3                1862.79A    -4.832    0.0059      O  4                214.760A    -5.235    0.0023
Ca A                3703.85A    -4.651    0.0089      Al 3                1854.72A    -4.581    0.0105      O  4                181.780A    -5.433    0.0015
Ca A                3697.15A    -4.730    0.0075      Ar 2                6.98337m    -4.562    0.0110      O  4                280.550A    -5.196    0.0026
Ca A                3691.55A    -4.803    0.0063      Ar 3                3109.18A    -5.010    0.0039      O  4                174.710A    -5.528    0.0012
Ca A                3686.83A    -4.873    0.0054      Ar 3                5191.82A    -5.345    0.0018      O  4                203.010A    -5.439    0.0015
Ca A                3682.81A    -4.939    0.0046      Ar 3                7135.79A    -3.245    0.2276      O  4                174.310A    -5.574    0.0011
Ca A                3679.35A    -5.002    0.0040      Ar 3                7751.11A    -3.870    0.0540      O  4                182.700A    -5.560    0.0011
Ca A                3676.36A    -5.063    0.0035      Ar 3                8.98898m    -3.277    0.2114      O  4                181.770A    -5.575    0.0011
Ca A                3673.76A    -5.120    0.0030      Ar 3                21.8253m    -4.446    0.0143      Ne 2                444.150A    -5.401    0.0016
Ca A                3671.48A    -5.175    0.0027      Ar 4                2853.66A    -5.564    0.0011      Ne 2                356.870A    -5.385    0.0016
Ca A                1.87510m    -3.121    0.3033      Ar 4                4711.26A    -4.505    0.0125      Ne 2                461.050A    -5.427    0.0015
Ca A                1.28181m    -3.448    0.1426      Ar 4                4740.12A    -4.657    0.0088      Ne 2                404.130A    -5.460    0.0014
Ca A                1.09381m    -3.710    0.0782      Ar 5                7.89971m    -5.250    0.0023      Ne 2                327.700A    -5.507    0.0012
Ca A                1.00494m    -3.924    0.0477      Ar 5                13.0985m    -5.006    0.0039      Ne 2                331.200A    -5.506    0.0012
Ca A                9545.97A    -4.106    0.0314      C  1                9850.26A    -5.163    0.0028      Ne 2                327.139A    -5.521    0.0012
Ca A                9229.02A    -4.264    0.0218      C  2                687.053A    -5.310    0.0020      Ne 2                355.969A    -5.516    0.0012
Ca A                9014.91A    -4.404    0.0158      C  2                687.352A    -5.474    0.0013      Ne 2                320.500A    -5.578    0.0011
Ca A                8862.79A    -4.530    0.0118      C  2                858.092A    -5.508    0.0012      Ne 3                250.920A    -5.097    0.0032
Ca A                8750.48A    -4.645    0.0091      C  2                858.559A    -5.265    0.0022      Ne 3                227.420A    -5.048    0.0036
Ca A                8665.02A    -4.749    0.0071      C  2                903.623A    -5.253    0.0022      Ne 3                218.360A    -5.350    0.0018
Ca A                8598.40A    -4.846    0.0057      C  2                903.962A    -5.162    0.0028      Ne 3                223.310A    -5.292    0.0020
Ca A                8545.39A    -4.936    0.0046      C  2                904.142A    -4.960    0.0044      Ne 3                228.870A    -5.190    0.0026
Ca A                8502.49A    -5.020    0.0038      C  2                904.480A    -5.045    0.0036      Ne 3                281.580A    -5.195    0.0026
Ca A                8467.26A    -5.099    0.0032      C  2                1036.34A    -5.229    0.0024      Ne 3                204.530A    -5.496    0.0013
Ca A                8437.96A    -5.173    0.0027      C  2                1037.02A    -4.959    0.0044      Ne 3                227.190A    -5.115    0.0031
Ca A                8413.32A    -5.244    0.0023      C  2                1334.53A    -5.055    0.0035      Ne 3                212.550A    -5.479    0.0013
Ca A                8392.40A    -5.310    0.0020      C  2                1335.66A    -4.821    0.0060      Ne 3                265.510A    -5.228    0.0024
Ca A                8374.48A    -5.374    0.0017      C  2                1335.71A    -4.686    0.0082      Ne 3                218.030A    -5.459    0.0014
Ca A                8359.01A    -5.434    0.0015      C  2                2323.50A    -4.549    0.0113      Ne 3                205.100A    -5.566    0.0011
Ca A                8345.56A    -5.492    0.0013      C  2                2324.69A    -4.299    0.0201      Ne 3                217.120A    -5.512    0.0012
Ca A                8333.79A    -5.547    0.0011      C  2                2325.40A    -3.587    0.1036      Ne 3                238.070A    -5.326    0.0019
Ca A                4.05115m    -3.720    0.0763      C  2                2326.93A    -3.767    0.0684      Ne 4                171.550A    -5.393    0.0016
Ca A                2.62515m    -3.973    0.0426      C  2                2328.12A    -4.245    0.0228      Ne 4                207.180A    -5.470    0.0014
Ca A                2.16553m    -4.190    0.0259      C  2                157.636m    -3.685    0.0826      Mg 3                183.540A    -5.403    0.0016
Ca A                1.94456m    -4.375    0.0169      C  3                1908.73A    -3.258    0.2208      Mg 3                168.540A    -5.586    0.0010
Ca A                1.81741m    -4.535    0.0117      C  3                1906.68A    -3.080    0.3328      Si 2                1179.59A    -4.814    0.0061
Ca A                1.73621m    -4.678    0.0084      C  3                977.020A    -4.326    0.0189      Si 2                993.354A    -5.304    0.0020
Ca A                1.68065m    -4.805    0.0063      C  3                386.203A    -5.435    0.0015      Si 2                893.551A    -5.389    0.0016
Ca A                1.64072m    -4.921    0.0048      C  3                884.524A    -5.395    0.0016      Si 2                1024.03A    -5.486    0.0013
Ca A                1.61093m    -5.026    0.0038      Ca 4                669.696A    -5.602    0.0010      Si 2                903.081A    -5.517    0.0012
Ca A                1.58805m    -5.124    0.0030      Ca 4                3.20610m    -3.901    0.0503      Si 3                564.611A    -5.503    0.0013
Ca A                1.57007m    -5.215    0.0024      Co 2                2.98382m    -5.287    0.0021      Si 3                464.939A    -5.487    0.0013
Ca A                1.55565m    -5.299    0.0020      Co 2                1.01879m    -5.515    0.0012      S  2                750.323A    -5.335    0.0019
Ca A                1.54389m    -5.378    0.0017      Cr 2                8000.08A    -5.300    0.0020      S  2                632.711A    -5.498    0.0013
Ca A                1.53418m    -5.453    0.0014      Cr 2                8125.30A    -5.373    0.0017      S  2                888.439A    -5.420    0.0015
Ca A                1.52605m    -5.524    0.0012      Cr 2                8229.67A    -5.467    0.0014      S  3                667.049A    -5.050    0.0036
Ca A                1.51919m    -5.591    0.0010      Cr 5                594.921A    -5.517    0.0012      S  3                691.219A    -5.174    0.0027
Ca A                7.45782m    -4.209    0.0247      Fe 2                25.9813m    -3.421    0.1517      S  3                704.220A    -5.224    0.0024
Ca A                4.65251m    -4.410    0.0156      Fe 2                5.33871m    -2.910    0.4928      S  3                671.510A    -5.488    0.0013
Ca A                3.73954m    -4.594    0.0102      Fe 2                4.11387m    -5.234    0.0023      S  3                482.139A    -5.420    0.0015
Ca A                3.29609m    -4.756    0.0070      Fe 2                1.25668m    -4.172    0.0269      S  3                474.260A    -5.494    0.0013
Ca A                3.03837m    -4.899    0.0050      Fe 2                4632.28A    -5.122    0.0030      S  3                480.121A    -5.533    0.0012
Ca A                2.87221m    -5.028    0.0038      Fe 2                4416.27A    -5.097    0.0032      Ar 3                458.140A    -5.066    0.0034
Ca A                2.75752m    -5.144    0.0029      Fe 2                4287.39A    -4.149    0.0284      Ar 3                464.671A    -5.195    0.0026
Ca A                2.67440m    -5.251    0.0022      Fe 2                2599.40A    -5.384    0.0017      Ar 3                451.091A    -5.394    0.0016
Ca A                2.61194m    -5.349    0.0018      Fe 2                2382.04A    -3.939    0.0461      Ar 3                472.659A    -5.376    0.0017
Ca A                2.56363m    -5.440    0.0015      Fe 2                35.3391m    -4.082    0.0332      Ar 3                488.909A    -5.469    0.0014
Ca A                2.52540m    -5.525    0.0012      Fe 2                6.71944m    -4.050    0.0357      Ar 3                388.490A    -5.493    0.0013
Ca A                12.3685m    -4.624    0.0095      Fe 2                4.88781m    -4.898    0.0051      Ar 3                527.451A    -5.511    0.0012
Ca A                7.50045m    -4.787    0.0065      Fe 2                1.32055m    -4.669    0.0086      Ar 3                360.940A    -5.576    0.0011
Ca A                5.90660m    -4.945    0.0045      Fe 2                7637.52A    -4.943    0.0046      Ar 3                345.990A    -5.569    0.0011
Ca A                5.12726m    -5.088    0.0033      Fe 2                4889.62A    -4.984    0.0042      Ar 4                444.680A    -5.183    0.0026
Ca A                4.67124m    -5.217    0.0024      Fe 2                4457.95A    -5.367    0.0017      Ca 3                351.260A    -4.919    0.0048
Ca A                4.37526m    -5.334    0.0019      Fe 2                4359.33A    -4.280    0.0210      Ca 3                298.430A    -5.302    0.0020
Ca A                4.16966m    -5.441    0.0014      Fe 2                2625.67A    -3.417    0.1533      Ca 3                277.760A    -5.462    0.0014
Ca A                4.01977m    -5.540    0.0012      Fe 2                2611.87A    -4.195    0.0255      Ca 3                267.540A    -5.552    0.0011
Ca A                19.0567m    -4.984    0.0042      Fe 2                2598.37A    -5.354    0.0018      Ca 3                308.360A    -5.599    0.0010
Ca A                11.3056m    -5.118    0.0031      Fe 2                2395.63A    -4.378    0.0168      Ca 4                303.870A    -5.184    0.0026
Ca A                8.75768m    -5.256    0.0022      Fe 2                2388.63A    -5.342    0.0018      Ca 4                310.370A    -5.340    0.0018
Ca A                7.50606m    -5.383    0.0017      Fe 2                2364.83A    -4.770    0.0068      Ca 4                307.850A    -5.317    0.0019
Ca A                6.77015m    -5.500    0.0013      Fe 2                51.2868m    -4.608    0.0099      Ca 4                323.400A    -5.352    0.0018
Ca A                27.7958m    -5.302    0.0020      Fe 2                4.60641m    -5.510    0.0012      Ca 4                319.070A    -5.310    0.0020
Ca A                16.2047m    -5.413    0.0015      Fe 2                1.37181m    -4.912    0.0049      Ca 5                314.530A    -5.586    0.0010
Ca A                12.3838m    -5.534    0.0012      Fe 2                1.29427m    -5.458    0.0014      Fe 3                911.104A    -5.440    0.0015
Ca A                38.8593m    -5.587    0.0010      Fe 2                7686.93A    -5.031    0.0037      Fe 3                896.877A    -5.494    0.0013
Ca B                6562.80A    -2.149    2.8415      Fe 2                4413.78A    -4.432    0.0148      Fe 4                309.190A    -5.238    0.0023
Ca B                4861.32A    -2.607    0.9904      Fe 2                2631.32A    -4.281    0.0210      Fe 4                532.950A    -5.298    0.0020
Ca B                4340.46A    -2.936    0.4635      Fe 2                2607.09A    -5.520    0.0012      Fe 4                275.130A    -5.341    0.0018
Ca B                4101.73A    -3.194    0.2562      Fe 2                2404.89A    -5.212    0.0025      Fe 4                259.600A    -5.405    0.0016
Ca B                3970.07A    -3.406    0.1573      Fe 2                2380.76A    -4.222    0.0240      Fe 4                251.070A    -5.451    0.0014
Ca B                3889.05A    -3.586    0.1039      Fe 2                87.3597m    -5.328    0.0019      Fe 4                245.840A    -5.485    0.0013
Ca B                3835.38A    -3.743    0.0723      Fe 2                4452.10A    -4.624    0.0095      Fe 4                326.120A    -5.482    0.0013
Ca B                3797.90A    -3.883    0.0525      Fe 2                2631.05A    -5.445    0.0014      Fe 4                242.370A    -5.509    0.0012
Ca B                3770.63A    -4.008    0.0393      Fe 2                4474.90A    -4.936    0.0046      Fe 4                239.960A    -5.533    0.0012
Ca B                3750.15A    -4.122    0.0302      Fe 2                17.9311m    -3.860    0.0553      Fe 4                281.200A    -5.564    0.0011
Ca B                3734.37A    -4.227    0.0237      Fe 2                1.64355m    -2.994    0.4056      Fe 5                236.210A    -5.447    0.0014
Ca B                3721.94A    -4.324    0.0190      Fe 2                1.53348m    -4.089    0.0326      Fe 5                236.300A    -5.467    0.0014
Ca B                3711.97A    -4.413    0.0155      Fe 2                8616.95A    -4.354    0.0177      Fe 5                391.409A    -5.432    0.0015
Ca B                3703.85A    -4.497    0.0127      Fe 2                7155.17A    -4.359    0.0175      Fe 5                227.780A    -5.374    0.0017
Ca B                3697.15A    -4.576    0.0106      Fe 2                5273.36A    -4.498    0.0127      Fe 5                389.529A    -5.519    0.0012
Ca B                3691.55A    -4.650    0.0090      Fe 2                5158.79A    -3.883    0.0524      Fe 5                369.760A    -5.518    0.0012
Ca B                3686.83A    -4.720    0.0076      Fe 2                5111.64A    -4.794    0.0064      Fe 5                236.880A    -5.573    0.0011
Ca B                3682.81A    -4.786    0.0066      Fe 2                5072.41A    -4.541    0.0115      P  2                967.202A    -5.580    0.0011
Ca B                3679.35A    -4.849    0.0057      Fe 2                4814.54A    -4.839    0.0058      P  2                963.828A    -5.495    0.0013
Ca B                3676.36A    -4.908    0.0049      Fe 2                4774.73A    -5.281    0.0021      Ti 2                3364.74A    -4.958    0.0044
Ca B                3673.76A    -4.965    0.0043      Fe 2                4243.97A    -4.209    0.0247      Ti 2                3237.15A    -5.176    0.0027
Ca B                3671.48A    -5.019    0.0038      Fe 2                4177.20A    -5.298    0.0020      Cr 2                2059.78A    -5.267    0.0022
Ca B                1.87510m    -3.074    0.3376      Fe 2                3376.20A    -4.915    0.0049      Ni 2                1751.83A    -5.494    0.0013
Ca B                1.28181m    -3.392    0.1624      Fe 2                2493.30A    -3.792    0.0646      Ni 2                1744.24A    -5.400    0.0016
Ca B                1.09381m    -3.649    0.0899      Fe 2                24.5126m    -4.551    0.0113      Ni 2                1375.73A    -5.581    0.0011
Ca B                1.00494m    -3.862    0.0551      Fe 2                1.80940m    -3.595    0.1017      Ni 2                1324.11A    -5.592    0.0010
Ca B                9545.97A    -4.043    0.0363      Fe 2                1.67688m    -4.515    0.0122      hyperfine structure.............................
Ca B                9229.02A    -4.200    0.0252      Fe 2                1.59948m    -4.433    0.0148      inner shell.....................................
Ca B                9014.91A    -4.340    0.0183      Fe 2                9051.95A    -4.195    0.0256      Mg 3                246.489A    -4.938    0.0046
Ca B                8862.79A    -4.466    0.0137      Fe 2                8891.93A    -4.630    0.0094      Mg 3                247.968A    -4.941    0.0046
Ca B                8750.48A    -4.581    0.0105      Fe 2                7452.56A    -4.851    0.0056      Si 4                720.838A    -5.312    0.0020
Ca B                8665.02A    -4.685    0.0083      Fe 2                7172.00A    -4.866    0.0055      Si 5                119.791A    -4.747    0.0072
Ca B                8598.40A    -4.782    0.0066      Fe 2                5527.36A    -5.292    0.0020      Si 5                120.490A    -4.749    0.0071
Ca B                8545.39A    -4.872    0.0054      Fe 2                5433.15A    -5.012    0.0039      Fe 6                167.773A    -5.479    0.0013
Ca B                8502.49A    -4.956    0.0044      Fe 2                5261.63A    -4.267    0.0216      Fe 6                172.200A    -5.490    0.0013
Ca B                8467.26A    -5.035    0.0037      Fe 2                5220.08A    -5.544    0.0011      molecules.......................................
Ca B                8437.96A    -5.109    0.0031      Fe 2                5184.80A    -5.435    0.0015      H-FB                      0     -5.139    0.0029
Ca B                8413.32A    -5.179    0.0026      Fe 2                5158.01A    -5.381    0.0017      H-FF                      0     -5.368    0.0017
Ca B                8392.40A    -5.246    0.0023      Fe 2                4947.39A    -4.783    0.0066      H-CT                6562.80A    -5.454    0.0014
Ca B                8374.48A    -5.309    0.0020      Fe 2                4905.35A    -5.136    0.0029      H- H                      0     -5.466    0.0014
Ca B                8359.01A    -5.369    0.0017      Fe 2                4874.50A    -5.182    0.0026      H2+                       0     -5.524    0.0012
Ca B                8345.56A    -5.426    0.0015      Fe 2                4346.86A    -4.837    0.0058      bands...........................................
Ca B                8333.79A    -5.481    0.0013      Fe 2                4276.84A    -4.760    0.0070      Fe 2b               2500.00A    -3.014    0.3877
Ca B                4.05115m    -3.698    0.0802      Fe 2                4244.82A    -5.562    0.0011      Fe 2b               5000.00A    -3.100    0.3183
Ca B                2.62515m    -3.946    0.0453      Fe 2                3452.31A    -5.507    0.0012      Fe 2b               7000.00A    -3.956    0.0443
Ca B                2.16553m    -4.160    0.0277      Fe 2                3440.99A    -5.393    0.0016      Fe 2b               10000.0A    -2.729    0.7479
Ca B                1.94456m    -4.343    0.0182      Fe 2                35.7675m    -5.341    0.0018      Fe 2b               2355.00A    -3.583    0.1045
Ca B                1.81741m    -4.502    0.0126      Fe 2                1.95361m    -4.506    0.0125      Fe 2b               2430.00A    -3.026    0.3773
Ca B                1.73621m    -4.644    0.0091      Fe 2                1.80002m    -4.530    0.0118      Fe 2b               2445.00A    -3.026    0.3773
Ca B                1.68065m    -4.770    0.0068      Fe 2                1.71113m    -5.111    0.0031      Fe 2b               2495.00A    -3.791    0.0647
Ca B                1.64072m    -4.886    0.0052      Fe 2                1.66377m    -4.725    0.0075      Fe 2b               2610.00A    -3.284    0.2081
Ca B                1.61093m    -4.991    0.0041      Fe 2                9399.04A    -4.617    0.0097      Fe 2b               2758.00A    -4.620    0.0096
Ca B                1.58805m    -5.089    0.0033      Fe 2                9226.63A    -4.574    0.0107      Fe 2b               2780.00A    -4.591    0.0103
Ca B                1.57007m    -5.179    0.0027      Fe 2                9033.49A    -5.574    0.0011      Fe 2b               3180.00A    -5.409    0.0016
Ca B                1.55565m    -5.263    0.0022      Fe 2                7388.17A    -4.986    0.0041      Fe 2b               3250.00A    -4.744    0.0072
Ca B                1.54389m    -5.343    0.0018      Fe 2                5333.66A    -4.556    0.0111      Fe 2b               3590.00A    -4.772    0.0068
Ca B                1.53418m    -5.417    0.0015      Fe 2                5268.89A    -5.551    0.0011      Fe 2b               4255.00A    -3.537    0.1162
Ca B                1.52605m    -5.488    0.0013      Fe 2                5049.30A    -4.956    0.0044      Fe 2b               4558.00A    -4.271    0.0214
Ca B                1.51919m    -5.554    0.0011      Fe 2                5005.52A    -5.013    0.0039      Fe 2b               4600.00A    -4.241    0.0230
Ca B                7.45782m    -4.195    0.0256      Fe 2                4973.40A    -5.283    0.0021      Fe 2b               4743.00A    -4.981    0.0042
Ca B                4.65251m    -4.393    0.0162      Fe 2                4352.79A    -5.075    0.0034      Fe 2b               4855.00A    -4.404    0.0158
Ca B                3.73954m    -4.576    0.0106      Fe 2                4319.62A    -5.332    0.0019      Fe 2b               4920.00A    -3.889    0.0518
Ca B                3.29609m    -4.736    0.0074      Fe 2                3501.63A    -5.541    0.0012      Fe 2b               4975.00A    -4.428    0.0149
Ca B                3.03837m    -4.878    0.0053      Fe 2                1.89541m    -5.266    0.0022      Fe 2b               4971.00A    -4.459    0.0139
Ca B                2.87221m    -5.006    0.0039      Fe 2                1.79711m    -4.764    0.0069      Fe 2b               5070.00A    -4.331    0.0187
Ca B                2.75752m    -5.122    0.0030      Fe 2                1.74494m    -5.048    0.0036      Fe 2b               5143.00A    -3.813    0.0616
Ca B                2.67440m    -5.228    0.0024      Fe 2                9652.70A    -5.466    0.0014      Fe 2b               5270.00A    -3.520    0.1209
Ca B                2.61194m    -5.326    0.0019      Fe 2                9470.94A    -4.964    0.0043      Fe 2b               5318.00A    -3.829    0.0594
Ca B                2.56363m    -5.417    0.0015      Fe 2                9267.56A    -5.271    0.0021      Fe 2b               5540.00A    -4.912    0.0049
Ca B                2.52540m    -5.502    0.0013      Fe 2                5376.47A    -4.945    0.0045      Fe 2b               5865.00A    -5.513    0.0012
Ca B                2.49458m    -5.582    0.0010      Fe 2                5043.53A    -5.490    0.0013      Fe 2b               7445.00A    -3.978    0.0421
Ca B                12.3685m    -4.612    0.0098      Fe 2                5020.24A    -5.597    0.0010      Fe 2b               8625.00A    -3.715    0.0771
Ca B                7.50045m    -4.774    0.0067      Fe 2                2755.74A    -4.884    0.0052      Fe 2b               1.03250m    -4.763    0.0069
Ca B                5.90660m    -4.932    0.0047      Fe 2                2739.55A    -5.370    0.0017      Fe 2b               1.88900m    -3.446    0.1435
Ca B                5.12726m    -5.074    0.0034      Fe 2                2772.73A    -5.430    0.0015      Fe 2b               2.20000m    -5.337    0.0018
Ca B                4.67124m    -5.202    0.0025      Fe 2                2.22379m    -5.438    0.0015      miscellaneous...................................
Ca B                4.37526m    -5.318    0.0019      Fe 3                22.9190m    -3.230    0.2360      C 2R                1335.00A    -3.498    0.1271
Ca B                4.16966m    -5.425    0.0015      Fe 3                4985.87A    -3.317    0.1930      C 3R                977.000A    -4.330    0.0187
Ca B                4.01977m    -5.523    0.0012      Fe 3                4924.54A    -4.720    0.0076      C 3R                1909.00A    -4.485    0.0131
Ca B                19.0567m    -4.973    0.0043      Fe 3                4881.00A    -3.893    0.0513      C 3R                1175.00A    -4.664    0.0087
Ca B                11.3056m    -5.107    0.0031      Fe 3                4658.05A    -3.341    0.1824      N 2R                1085.00A    -4.659    0.0088
Ca B                8.75768m    -5.245    0.0023      Fe 3                4607.03A    -4.614    0.0097      N 3R                990.000A    -4.372    0.0170
Ca B                7.50606m    -5.372    0.0017      Fe 3                4070.71A    -5.532    0.0012      O 2R                7332.00A    -5.530    0.0012
Ca B                6.77015m    -5.488    0.0013      Fe 3                4008.35A    -4.522    0.0120      O 2R                7323.00A    -5.447    0.0014
Ca B                6.29020m    -5.595    0.0010      Fe 3                3322.54A    -4.180    0.0265      O 2H                3727.00A    -4.606    0.0099
Ca B                27.7958m    -5.291    0.0020      Fe 3                3239.74A    -4.303    0.0199      O 2R                3726.00A    -4.720    0.0076
Ca B                16.2047m    -5.404    0.0016      Fe 3                2438.29A    -4.669    0.0086      O 2R                3729.00A    -4.580    0.0105
Ca B                12.3838m    -5.525    0.0012      Fe 3                1576.66A    -5.340    0.0018      O 2R                2471.00A    -5.279    0.0021
Ca B                38.8593m    -5.576    0.0011      Fe 3                33.0270m    -3.776    0.0671      O 2H                7325.00A    -5.202    0.0025
H  1                2430.61A    -1.535   11.6772      Fe 3                5270.40A    -3.551    0.1126      O 2R                4651.00A    -4.953    0.0045
H  1                1215.67A    -1.220   24.1255      Fe 3                5032.68A    -5.525    0.0012      O 2R                4341.00A    -5.230    0.0024
H  1                1025.72A    -4.593    0.0102      Fe 3                4987.21A    -4.633    0.0093      O 3R                835.000A    -3.990    0.0409
H  1                972.537A    -4.701    0.0080      Fe 3                4754.69A    -4.067    0.0343      O 4R                789.000A    -4.733    0.0074
H  1                949.743A    -4.756    0.0070      Fe 3                4701.54A    -3.902    0.0502      Blnd                1400.00A    -4.334    0.0185
H  1                937.803A    -4.796    0.0064      Fe 3                4667.01A    -4.954    0.0044      Blnd                1650.00A    -2.509    1.2400
H  1                930.748A    -4.826    0.0060      Fe 3                4079.70A    -5.080    0.0033      Blnd                1304.00A    -4.900    0.0050
H  1                926.226A    -4.857    0.0056      Fe 3                4046.42A    -5.555    0.0011      Blnd                1039.00A    -5.375    0.0017
H  1                923.150A    -4.888    0.0052      Fe 3                3371.41A    -4.313    0.0195      Blnd                2798.00A    -2.499    1.2692
H  1                920.963A    -4.915    0.0049      Fe 3                3301.56A    -5.447    0.0014      Blnd                6720.00A    -2.617    0.9666
H  1                919.351A    -5.056    0.0035      Fe 3                3286.19A    -4.819    0.0061      Blnd                4074.00A    -3.901    0.0503
H  1                918.129A    -5.072    0.0034      Fe 3                2464.51A    -4.811    0.0062      Blnd                1.03300m    -4.010    0.0391
H  1                917.181A    -5.085    0.0033      Fe 3                51.6655m    -4.404    0.0158      Blnd                1256.00A    -5.101    0.0032
H  1                916.429A    -5.096    0.0032      Fe 3                5011.26A    -4.233    0.0234      Blnd                1198.00A    -5.183    0.0026
H  1                915.824A    -5.106    0.0031      Fe 3                4769.43A    -4.369    0.0171      Blnd                1720.00A    -4.833    0.0059
H  1                915.329A    -5.114    0.0031      Fe 3                4733.91A    -4.413    0.0155      Blnd                3722.00A    -4.334    0.0186
H  1                914.919A    -5.120    0.0030      Fe 3                3406.18A    -4.676    0.0084      Blnd                2665.00A    -3.793    0.0645
H  1                914.576A    -5.125    0.0030      Fe 3                3334.90A    -4.826    0.0060      Blnd                1860.00A    -4.388    0.0164
H  1                914.286A    -5.128    0.0030      Fe 3                3319.22A    -4.985    0.0041      Blnd                4725.00A    -4.273    0.0213
H  1                914.039A    -5.129    0.0030      Fe 3                2483.05A    -4.981    0.0042      Blnd                2860.00A    -5.401    0.0016
H  1                913.826A    -5.124    0.0030      Fe 3                105.345m    -5.380    0.0017      Blnd                2335.00A    -3.453    0.1410
H  1                6562.80A    -2.157    2.7893      Fe 3                5411.98A    -4.608    0.0099      Blnd                1888.00A    -3.227    0.2374
H  1                4861.32A    -2.602    1.0000      Fe 3                4930.54A    -4.931    0.0047      Blnd                1397.00A    -4.374    0.0169
H  1                4340.46A    -2.928    0.4722      Fe 3                4777.68A    -4.733    0.0074      Blnd                2424.00A    -4.169    0.0271
H  1                4101.73A    -3.185    0.2617      Fe 3                3428.79A    -5.335    0.0018      Blnd                3350.00A    -5.266    0.0022
H  1                3970.07A    -3.395    0.1612      Fe 3                3356.57A    -4.905    0.0050      Blnd                5525.00A    -4.073    0.0339
H  1                3889.05A    -3.574    0.1068      Fe 3                3355.48A    -5.163    0.0028      Blnd                8579.00A    -4.158    0.0278
H  1                3835.38A    -3.730    0.0746      Fe 3                2495.04A    -5.219    0.0024      Blnd                7306.00A    -3.413    0.1547
H  1                3797.90A    -3.867    0.0543      Fe 3                5084.77A    -5.009    0.0039      Blnd                3933.00A    -4.181    0.0264
H  1                3770.63A    -3.866    0.0545      Fe 3                3366.21A    -5.225    0.0024      Blnd                1657.00A    -5.275    0.0021
H  1                3750.15A    -3.970    0.0429      Fe 3                8838.21A    -5.547    0.0011      Blnd                9850.00A    -5.037    0.0037
H  1                3734.37A    -4.065    0.0345      Fe 3                8728.94A    -5.399    0.0016      Blnd                2326.00A    -3.248    0.2262
H  1                3721.94A    -4.153    0.0281      Fe 3                40.0371m    -5.243    0.0023      Blnd                1335.00A    -4.352    0.0178
H  1                3711.97A    -4.234    0.0234      Fe 3                2.21782m    -4.459    0.0139      Blnd                1909.00A    -2.859    0.5537
H  1                3703.85A    -4.309    0.0196      Fe 3                9701.27A    -4.840    0.0058      Blnd                1549.00A    -3.864    0.0548
H  1                3697.15A    -4.379    0.0167      Fe 3                2.34788m    -4.637    0.0092      Blnd                5199.00A    -4.249    0.0226
H  1                3691.55A    -4.443    0.0144      Fe 3                9942.18A    -5.033    0.0037      Blnd                1085.00A    -4.651    0.0089
H  1                3686.83A    -4.501    0.0126      Fe 3                9444.21A    -5.567    0.0011      Blnd                2141.00A    -4.371    0.0170
H  1                3682.81A    -4.553    0.0112      Fe 3                2.24204m    -5.211    0.0025      Blnd                1750.00A    -4.230    0.0236
H  1                3679.35A    -4.597    0.0101      Fe 3                2.14511m    -5.516    0.0012      Blnd                990.000A    -4.793    0.0064
H  1                1.87510m    -3.114    0.3082      Fe 3                3.22847m    -4.984    0.0042      Blnd                1486.00A    -4.934    0.0047
H  1                1.28181m    -3.407    0.1569      Fe 3                2.87385m    -4.949    0.0045      Blnd                1240.00A    -5.362    0.0017
H  1                1.09381m    -3.656    0.0884      Fe 3                1.06081m    -5.521    0.0012      Blnd                6300.00A    -3.495    0.1281
H  1                1.00494m    -3.864    0.0547      Fe 7                9.50763m    -5.374    0.0017      Blnd                2471.00A    -3.994    0.0406
H  1                9545.97A    -4.043    0.0363      K  3                4.61683m    -4.605    0.0099      Blnd                7323.00A    -4.162    0.0276
H  1                9229.02A    -4.198    0.0254      K  4                5.98030m    -5.377    0.0017      Blnd                7332.00A    -4.245    0.0228
H  1                9014.91A    -4.336    0.0185      Mg 1                2852.13A    -4.322    0.0191      Blnd                833.000A    -4.817    0.0061
H  1                8862.79A    -4.381    0.0166      Mg 1                4562.60A    -4.182    0.0263      Blnd                3727.00A    -2.152    2.8241
H  1                8750.48A    -4.485    0.0131      Mg 1                4571.10A    -4.619    0.0096      Blnd                7325.00A    -3.901    0.0503
H  1                8665.02A    -4.580    0.0105      Mg 1                4575.29A    -5.546    0.0011      Blnd                1666.00A    -3.879    0.0529
H  1                8598.40A    -4.667    0.0086      Mg 3                231.734A    -5.192    0.0026      Blnd                5007.00A    -1.514   12.2567
H  1                8545.39A    -4.748    0.0071      Mg 3                234.264A    -5.427    0.0015      Blnd                835.000A    -4.543    0.0115
H  1                8502.49A    -4.823    0.0060      Mn 2                2576.10A    -5.183    0.0026      Blnd                1402.00A    -5.399    0.0016
H  1                8467.26A    -4.893    0.0051      Mn 2                2593.72A    -5.263    0.0022      Blnd                789.000A    -4.964    0.0043
H  1                8437.96A    -4.957    0.0044      Mn 2                2605.68A    -5.383    0.0017
H  1                8413.32A    -5.015    0.0039      N  1                1134.17A    -5.459    0.0014

                                                    Emergent line intensities
general properties..............................      He 1                5047.74A    -5.478    0.0013      S  2                1.03205m    -4.515    0.0122
continua........................................      He 1                4921.93A    -4.641    0.0092      S  2                1259.52A    -5.516    0.0012
FIR                 83.0000m    -1.766    6.8647      He 1                4387.93A    -4.960    0.0044      S  2                1253.81A    -5.559    0.0011
TIR                 1800.00m    -4.643    0.0091      He 1                4143.76A    -5.215    0.0024      S  3                33.4704m    -2.566    1.0871
NIRa                2.85000m    -0.734   73.9461      He 1                4009.05A    -5.219    0.0024      S  3                18.7078m    -2.765    0.6878
NIRb                3.00000m    -1.060   34.8735      He 1                3926.41A    -5.384    0.0017      S  3                9068.62A    -2.883    0.5239
MIRa                15.0000m    -1.240   23.0319      He 1                3871.69A    -5.528    0.0012      S  3                9530.62A    -2.483    1.3160
MIRb                22.5000m    -1.150   28.3620      He 1                4.29471m    -5.596    0.0010      S  3                3721.63A    -4.340    0.0183
NMIR                21.7500m    -0.734   73.9461      He 1                1.25275m    -5.532    0.0012      S  3                6312.06A    -4.066    0.0344
TFIR                611.250m    -3.474    0.1346      He 1                1.70025m    -5.223    0.0024      S  3                1713.11A    -5.416    0.0015
TALL                10000.0A    -0.222  240.3361      He 1                1.19691m    -5.383    0.0017      S  3                1728.94A    -4.964    0.0043
F12                 12.0000m    -1.657    8.8284      He 1                1.03113m    -5.582    0.0010      S  3                1194.45A    -5.513    0.0012
F25                 25.0000m    -2.056    3.5226      He 1                9515.00A    -5.470    0.0014      S  3                1021.11A    -5.525    0.0012
F60                 60.0000m    -2.068    3.4280      He 1                1.86854m    -4.604    0.0100      Si 2                34.8046m    -2.553    1.1204
F100                100.000m    -2.089    3.2645      He 1                1.27849m    -4.934    0.0047      Si 2                2334.41A    -4.407    0.0157
MIPS                24.0000m    -2.096    3.2132      He 1                1.09130m    -5.200    0.0025      Si 2                2328.52A    -5.016    0.0039
MIPS                70.0000m    -3.531    0.1180      He 1                1.00275m    -5.399    0.0016      Si 2                1808.01A    -4.287    0.0207
MIPS                160.000m    -3.639    0.0920      He 1                9526.01A    -5.570    0.0011      Si 2                1260.42A    -5.574    0.0011
IRAC                3.60000m    -1.963    4.3570      He 1                1.86972m    -5.082    0.0033      Si 2                2350.17A    -4.280    0.0210
IRAC                4.50000m    -1.934    4.6587      He 1                1.27905m    -5.412    0.0016      Si 2                2344.20A    -3.867    0.0544
IRAC                5.80000m    -1.873    5.3594      He 1                4.04791m    -5.323    0.0019      Si 2                2334.60A    -3.939    0.0461
IRAC                8.00000m    -1.737    7.3318      extra Lyman.....................................      Si 2                1817.45A    -4.458    0.0140
SPR1                250.000m    -4.866    0.0054      database lines..................................      Si 2                1816.93A    -3.978    0.0422
SPR2                350.000m    -4.983    0.0042      Al 3                1862.79A    -4.832    0.0059      Si 2                1533.43A    -4.610    0.0098
SPR3                500.000m    -5.041    0.0036      Al 3                1854.72A    -4.581    0.0105      Si 2                1309.28A    -5.018    0.0038
PAC1                70.0000m    -3.502    0.1260      Ar 2                6.98337m    -4.562    0.0110      Si 2                1265.00A    -4.736    0.0074
PAC2                100.000m    -2.083    3.3048      Ar 3                3109.18A    -5.010    0.0039      Si 2                1264.74A    -5.177    0.0027
PAC3                160.000m    -3.614    0.0974      Ar 3                5191.82A    -5.346    0.0018      Si 2                1197.39A    -4.870    0.0054
PAH                 3.30000m    -2.817    0.6097      Ar 3                7135.79A    -3.245    0.2276      Si 2                1194.50A    -4.898    0.0051
PAHC                3.23000m    -3.042    0.3634      Ar 3                7751.11A    -3.870    0.0540      Si 3                1892.03A    -3.624    0.0953
PAHC                3.37000m    -3.134    0.2943      Ar 3                8.98898m    -3.277    0.2114      Si 3                1882.71A    -3.450    0.1422
PAH                 6.20000m    -2.398    1.6006      Ar 3                21.8253m    -4.446    0.0143      Si 3                1206.50A    -4.563    0.0110
PAHC                5.65000m    -2.360    1.7482      Ar 4                2853.66A    -5.564    0.0011      Si 4                1393.75A    -4.580    0.0105
PAH                 7.90000m    -2.203    2.5082      Ar 4                4711.26A    -4.505    0.0125      Si 4                1402.77A    -4.798    0.0064
PAHC                6.90000m    -2.137    2.9216      Ar 4                4740.12A    -4.657    0.0088      Al 2                2669.15A    -4.190    0.0259
PAH                 11.3000m    -2.946    0.4539      Ar 5                7.89971m    -5.250    0.0023      Al 2                2660.35A    -4.016    0.0386
PAHC                10.9000m    -2.877    0.5317      Ar 5                13.0985m    -5.006    0.0039      Al 2                1670.79A    -4.555    0.0112
PAH                 11.8000m    -2.801    0.6326      C  1                9850.26A    -5.163    0.0028      Al 5                2.90450m    -5.160    0.0028
PAHC                12.6500m    -2.877    0.5319      C  2                1036.34A    -5.231    0.0024      C  4                1550.77A    -4.320    0.0192
PAH                 13.3000m    -2.956    0.4434      C  2                1037.02A    -4.961    0.0044      C  4                1548.19A    -4.051    0.0356
PAHC                14.1000m    -3.039    0.3663      C  2                1334.53A    -5.056    0.0035      Ca 2                7323.89A    -3.815    0.0613
Bcon                3640.00A    -0.650   89.5940      C  2                1335.66A    -4.822    0.0060      Ca 2                7291.47A    -3.632    0.0934
Pcon                5000.00A    -0.949   44.9966      C  2                1335.71A    -4.687    0.0082      Ca 2                3968.47A    -4.527    0.0119
O3bn                5007.00A    -1.610    9.8331      C  2                2323.50A    -4.550    0.0113      Ca 2                8662.14A    -4.699    0.0080
SX                  25.0000A    -2.220    2.4105      C  2                2324.69A    -4.299    0.0201      Ca 2                3933.66A    -4.441    0.0145
HX                  4.70000A    -1.888    5.1786      C  2                2325.40A    -3.587    0.1036      Ca 2                8498.02A    -5.300    0.0020
ROSA                12.3980A    -1.941    4.5863      C  2                2326.93A    -3.767    0.0684      Ca 2                8542.09A    -4.353    0.0178
RRC.............................................      C  2                2328.12A    -4.245    0.0228      Ca 5                4.15739m    -4.956    0.0044
grains..........................................      C  2                157.636m    -3.685    0.0826      Ca 5                5309.11A    -5.456    0.0014
H-like iso-sequence.............................      C  3                1908.73A    -3.259    0.2208      Cl 2                14.3639m    -4.764    0.0069
H  1                1215.67A    -1.220   24.1057      C  3                1906.68A    -3.080    0.3328      Cl 2                8578.70A    -4.457    0.0140
H  1                1025.72A    -4.595    0.0102      C  3                977.020A    -4.328    0.0188      Cl 2                9123.60A    -5.042    0.0036
H  1                972.537A    -4.702    0.0079      Ca 4                3.20610m    -3.901    0.0503      Cl 3                5537.87A    -4.454    0.0141
H  1                949.743A    -4.758    0.0070      Co 2                2.98382m    -5.287    0.0021      Cl 3                5517.71A    -4.307    0.0198
H  1                937.803A    -4.798    0.0064      Co 2                1.01879m    -5.515    0.0012      Cl 3                3342.80A    -5.412    0.0015
H  1                930.748A    -4.828    0.0059      Cr 2                8000.08A    -5.300    0.0020      Cl 4                20.3197m    -4.520    0.0121
H  1                926.226A    -4.859    0.0055      Cr 2                8125.30A    -5.373    0.0017      Cl 4                11.7629m    -4.611    0.0098
H  1                923.150A    -4.890    0.0052      Cr 2                8229.67A    -5.467    0.0014      Cl 4                7530.54A    -5.175    0.0027
H  1                920.963A    -4.917    0.0048      Fe 2                25.9813m    -3.421    0.1517      Cl 4                8045.62A    -4.811    0.0062
H  1                919.351A    -5.058    0.0035      Fe 2                5.33871m    -2.910    0.4929      Fe 4                3094.96A    -3.372    0.1699
H  1                918.129A    -5.073    0.0034      Fe 2                4.11387m    -5.234    0.0023      Fe 4                2835.74A    -3.381    0.1665
H  1                917.181A    -5.087    0.0033      Fe 2                1.25668m    -4.172    0.0269      Fe 4                2829.36A    -3.675    0.0846
H  1                916.429A    -5.098    0.0032      Fe 2                4632.28A    -5.122    0.0030      Fe 4                2823.50A    -4.250    0.0225
H  1                915.824A    -5.107    0.0031      Fe 2                4416.27A    -5.097    0.0032      Fe 4                2577.92A    -5.264    0.0022
H  1                915.329A    -5.115    0.0031      Fe 2                4287.39A    -4.149    0.0284      Fe 4                2.83562m    -4.786    0.0066
H  1                914.919A    -5.122    0.0030      Fe 2                2599.40A    -5.384    0.0017      Fe 4                2.80554m    -5.346    0.0018
H  1                914.576A    -5.127    0.0030      Fe 2                2382.04A    -3.939    0.0461      Fe 4                2.86447m    -5.142    0.0029
H  1                914.286A    -5.130    0.0030      Fe 2                35.3391m    -4.082    0.0332      Fe 4                2567.61A    -4.349    0.0179
H  1                914.039A    -5.131    0.0030      Fe 2                6.71944m    -4.050    0.0357      Fe 4                2.71569m    -5.465    0.0014
H  1                913.826A    -5.126    0.0030      Fe 2                4.88781m    -4.898    0.0051      Fe 4                2567.40A    -5.109    0.0031
H  1                6562.80A    -2.157    2.7891      Fe 2                1.32055m    -4.669    0.0086      Fe 4                6739.82A    -4.918    0.0048
H  1                4861.32A    -2.603    1.0000      Fe 2                7637.52A    -4.943    0.0046      Fe 4                6761.38A    -5.419    0.0015
H  1                4340.46A    -2.928    0.4722      Fe 2                4889.62A    -4.984    0.0042      Fe 4                6734.42A    -5.032    0.0037
H  1                4101.73A    -3.185    0.2617      Fe 2                4457.95A    -5.367    0.0017      Fe 4                5233.76A    -5.550    0.0011
H  1                3970.07A    -3.395    0.1612      Fe 2                4359.33A    -4.280    0.0210      Fe 4                4906.56A    -5.183    0.0026
H  1                3889.05A    -3.574    0.1068      Fe 2                2625.67A    -3.417    0.1534      Fe 4                4899.97A    -5.562    0.0011
H  1                3835.38A    -3.730    0.0746      Fe 2                2611.87A    -4.195    0.0255      Fe 4                4903.07A    -5.542    0.0011
H  1                3797.90A    -3.868    0.0543      Fe 2                2598.37A    -5.354    0.0018      Fe 5                70.3538m    -3.804    0.0629
H  1                3770.63A    -3.866    0.0545      Fe 2                2395.63A    -4.378    0.0168      Fe 5                36.3273m    -3.778    0.0668
H  1                3750.15A    -3.970    0.0429      Fe 2                2388.63A    -5.342    0.0018      Fe 5                25.9131m    -3.885    0.0521
H  1                3734.37A    -4.065    0.0345      Fe 2                2364.83A    -4.771    0.0068      Fe 5                20.8407m    -4.153    0.0282
H  1                3721.94A    -4.153    0.0282      Fe 2                51.2868m    -4.608    0.0099      Fe 5                4180.59A    -4.763    0.0069
H  1                3711.97A    -4.234    0.0234      Fe 2                4.60641m    -5.510    0.0012      Fe 5                4143.15A    -4.527    0.0119
H  1                3703.85A    -4.309    0.0196      Fe 2                1.37181m    -4.912    0.0049      Fe 5                4227.19A    -3.818    0.0608
H  1                3697.15A    -4.379    0.0167      Fe 2                1.29427m    -5.458    0.0014      Fe 5                4003.21A    -5.472    0.0014
H  1                3691.55A    -4.443    0.0144      Fe 2                7686.93A    -5.031    0.0037      Fe 5                4071.24A    -4.540    0.0116
H  1                3686.83A    -4.501    0.0126      Fe 2                4413.78A    -4.432    0.0148      Fe 5                3895.22A    -4.961    0.0044
H  1                3682.81A    -4.553    0.0112      Fe 2                2631.32A    -4.281    0.0210      Fe 5                3851.34A    -5.198    0.0025
H  1                3679.35A    -4.597    0.0101      Fe 2                2607.09A    -5.520    0.0012      Fe 5                3794.94A    -4.609    0.0099
H  1                1.87510m    -3.114    0.3083      Fe 2                2404.89A    -5.212    0.0025      Fe 5                3755.70A    -4.890    0.0052
H  1                1.28181m    -3.407    0.1569      Fe 2                2380.76A    -4.222    0.0240      Fe 5                3911.33A    -5.466    0.0014
H  1                1.09381m    -3.656    0.0884      Fe 2                87.3597m    -5.328    0.0019      Fe 5                3839.27A    -4.598    0.0101
H  1                1.00494m    -3.864    0.0547      Fe 2                4452.10A    -4.624    0.0095      Fe 5                3783.22A    -5.010    0.0039
H  1                9545.97A    -4.043    0.0363      Fe 2                2631.05A    -5.445    0.0014      Fe 5                3891.28A    -4.839    0.0058
H  1                9229.02A    -4.198    0.0254      Fe 2                4474.90A    -4.936    0.0046      Fe 5                3819.95A    -5.510    0.0012
H  1                9014.91A    -4.336    0.0185      Fe 2                17.9311m    -3.860    0.0553      Fe 5                3445.62A    -5.354    0.0018
H  1                8862.79A    -4.381    0.0166      Fe 2                1.64355m    -2.994    0.4057      Fe 5                3463.51A    -5.345    0.0018
H  1                8750.48A    -4.485    0.0131      Fe 2                1.53348m    -4.089    0.0326      Fe 5                2828.24A    -5.483    0.0013
H  1                8665.02A    -4.580    0.0105      Fe 2                8616.95A    -4.354    0.0177      Fe 6                19.5527m    -4.170    0.0271
H  1                8598.40A    -4.667    0.0086      Fe 2                7155.17A    -4.359    0.0175      Fe 6                14.7670m    -4.401    0.0159
H  1                8545.39A    -4.748    0.0071      Fe 2                5273.36A    -4.498    0.0127      Fe 6                12.3074m    -4.665    0.0087
H  1                8502.49A    -4.823    0.0060      Fe 2                5158.79A    -3.883    0.0524      Fe 6                5335.18A    -4.995    0.0041
H  1                8467.26A    -4.893    0.0051      Fe 2                5111.64A    -4.794    0.0064      Fe 6                5484.84A    -5.249    0.0023
H  1                8437.96A    -4.957    0.0044      Fe 2                5072.41A    -4.541    0.0115      Fe 6                5631.07A    -5.144    0.0029
H  1                8413.32A    -5.015    0.0039      Fe 2                4814.54A    -4.839    0.0058      Fe 6                5277.81A    -5.495    0.0013
H  1                8392.40A    -5.067    0.0034      Fe 2                4774.73A    -5.281    0.0021      Fe 6                5424.22A    -5.164    0.0027
H  1                8374.48A    -5.111    0.0031      Fe 2                4243.97A    -4.210    0.0247      Fe 6                5676.95A    -5.110    0.0031
H  1                4.05115m    -3.764    0.0690      Fe 2                4177.20A    -5.298    0.0020      Fe 6                5426.64A    -5.441    0.0015
H  1                2.62515m    -3.982    0.0418      Fe 2                3376.20A    -4.915    0.0049      Fe 6                5145.75A    -4.812    0.0062
H  1                2.16553m    -4.184    0.0262      Fe 2                2493.30A    -3.792    0.0646      Fe 6                4972.47A    -4.828    0.0059
H  1                1.94456m    -4.361    0.0175      Fe 2                24.5126m    -4.551    0.0113      Fe 6                5176.04A    -4.891    0.0051
H  1                1.81741m    -4.516    0.0122      Fe 2                1.80940m    -3.595    0.1017      Fe 6                4967.14A    -5.262    0.0022
H  1                1.73621m    -4.654    0.0089      Fe 2                1.67688m    -4.515    0.0122      Mg 2                2802.71A    -2.973    0.4265
H  1                1.68065m    -4.751    0.0071      Fe 2                1.59948m    -4.433    0.0148      Mg 2                2795.53A    -2.677    0.8428
H  1                1.64072m    -4.854    0.0056      Fe 2                9051.95A    -4.195    0.0256      Mg 4                4.48711m    -3.873    0.0537
H  1                1.61093m    -4.948    0.0045      Fe 2                8891.93A    -4.630    0.0094      Mg 5                5.60700m    -4.781    0.0066
H  1                1.58805m    -5.036    0.0037      Fe 2                7452.56A    -4.851    0.0056      N  2                205.283m    -4.405    0.0158
H  1                1.57007m    -5.116    0.0031      Fe 2                7172.00A    -4.866    0.0055      N  2                121.769m    -3.995    0.0405
H  1                1.55565m    -5.191    0.0026      Fe 2                5527.36A    -5.293    0.0020      N  2                6548.05A    -3.183    0.2626
H  1                1.54389m    -5.260    0.0022      Fe 2                5433.15A    -5.012    0.0039      N  2                6583.45A    -2.714    0.7741
H  1                1.53418m    -5.324    0.0019      Fe 2                5261.63A    -4.268    0.0216      N  2                5754.59A    -4.508    0.0124
H  1                1.52605m    -5.382    0.0017      Fe 2                5220.08A    -5.544    0.0011      N  2                2139.01A    -4.911    0.0049
H  1                1.51919m    -5.434    0.0015      Fe 2                5184.80A    -5.435    0.0015      N  2                2142.77A    -4.520    0.0121
H  1                1.51332m    -5.478    0.0013      Fe 2                5158.01A    -5.381    0.0017      N  2                1085.70A    -5.328    0.0019
H  1                7.45782m    -4.282    0.0209      Fe 2                4947.39A    -4.783    0.0066      N  2                1084.58A    -5.520    0.0012
H  1                4.65251m    -4.449    0.0142      Fe 2                4905.35A    -5.136    0.0029      N  2                1085.55A    -5.270    0.0022
H  1                3.73954m    -4.617    0.0097      Fe 2                4874.50A    -5.183    0.0026      N  2                1083.99A    -5.501    0.0013
H  1                3.29609m    -4.770    0.0068      Fe 2                4346.86A    -4.837    0.0058      N  2                1084.56A    -5.343    0.0018
H  1                3.03837m    -4.907    0.0050      Fe 2                4276.84A    -4.760    0.0070      N  2                916.020A    -5.566    0.0011
H  1                2.87221m    -5.040    0.0037      Fe 2                4244.82A    -5.562    0.0011      N  2                916.710A    -5.175    0.0027
H  1                2.75752m    -5.142    0.0029      Fe 2                3452.31A    -5.507    0.0012      N  2                916.701A    -5.144    0.0029
H  1                2.67440m    -5.236    0.0023      Fe 2                3440.99A    -5.393    0.0016      N  2                915.962A    -5.291    0.0020
H  1                2.61194m    -5.323    0.0019      Fe 2                35.7675m    -5.341    0.0018      N  3                57.3238m    -2.806    0.6258
H  1                2.56363m    -5.403    0.0016      Fe 2                1.95361m    -4.506    0.0125      N  3                1748.65A    -5.118    0.0030
H  1                2.52540m    -5.478    0.0013      Fe 2                1.80002m    -4.530    0.0118      N  3                1753.99A    -5.103    0.0032
H  1                2.49458m    -5.547    0.0011      Fe 2                1.71113m    -5.111    0.0031      N  3                1746.82A    -5.517    0.0012
H  1                12.3685m    -4.717    0.0077      Fe 2                1.66377m    -4.725    0.0075      N  3                1752.16A    -4.678    0.0084
H  1                7.50045m    -4.849    0.0057      Fe 2                9399.04A    -4.617    0.0097      N  3                1749.67A    -4.713    0.0078
H  1                5.90660m    -4.991    0.0041      Fe 2                9226.63A    -4.574    0.0107      N  3                989.799A    -5.475    0.0013
H  1                5.12726m    -5.124    0.0030      Fe 2                9033.49A    -5.574    0.0011      N  3                991.511A    -5.121    0.0030
H  1                4.67124m    -5.278    0.0021      Fe 2                7388.17A    -4.986    0.0041      N  3                991.577A    -5.291    0.0020
H  1                4.37526m    -5.379    0.0017      Fe 2                5333.66A    -4.556    0.0111      Na 3                7.31570m    -4.501    0.0126
H  1                4.16966m    -5.473    0.0013      Fe 2                5268.89A    -5.551    0.0011      Na 4                9.03096m    -4.811    0.0062
H  1                4.01977m    -5.559    0.0011      Fe 2                5049.30A    -4.956    0.0044      Ne 4                2421.66A    -4.565    0.0109
H  1                19.0567m    -5.092    0.0032      Fe 2                5005.52A    -5.013    0.0039      Ne 4                2424.28A    -4.392    0.0162
H  1                11.3056m    -5.198    0.0025      Fe 2                4973.40A    -5.284    0.0021      Ni 2                1.19102m    -3.885    0.0522
H  1                8.75768m    -5.320    0.0019      Fe 2                4352.79A    -5.075    0.0034      Ni 2                6.63416m    -4.360    0.0175
H  1                7.50606m    -5.482    0.0013      Fe 2                4319.62A    -5.332    0.0019      Ni 2                1.07151m    -5.137    0.0029
H  1                6.77015m    -5.582    0.0010      Fe 2                3501.63A    -5.541    0.0012      Ni 2                10.6793m    -4.775    0.0067
H  1                27.7958m    -5.422    0.0015      Fe 2                1.89541m    -5.266    0.0022      Ni 2                12.7253m    -5.353    0.0018
H  1                16.2047m    -5.508    0.0012      Fe 2                1.79711m    -4.764    0.0069      Ni 2                7377.83A    -4.177    0.0266
He 2                1640.41A    -2.528    1.1871      Fe 2                1.74494m    -5.048    0.0036      Ni 2                8300.99A    -5.473    0.0013
He 2                1215.13A    -3.004    0.3968      Fe 2                9652.70A    -5.466    0.0014      Ni 2                1.93877m    -4.885    0.0052
He 2                1084.94A    -3.344    0.1815      Fe 2                9470.94A    -4.964    0.0043      Ni 2                6666.80A    -5.318    0.0019
He 2                1025.27A    -3.603    0.0999      Fe 2                9267.56A    -5.271    0.0021      Ni 2                7411.61A    -5.099    0.0032
He 2                992.358A    -3.813    0.0615      Fe 2                5376.47A    -4.945    0.0045      Ni 2                4326.24A    -5.201    0.0025
He 2                972.106A    -3.990    0.0410      Fe 2                5043.53A    -5.490    0.0013      Ni 2                7255.82A    -5.556    0.0011
He 2                958.693A    -4.142    0.0289      Fe 2                5020.24A    -5.597    0.0010      Ni 2                4201.17A    -5.441    0.0015
He 2                949.323A    -4.276    0.0212      Fe 2                2755.74A    -4.884    0.0052      Ni 2                3993.06A    -5.316    0.0019
He 2                942.507A    -4.131    0.0296      Fe 2                2739.55A    -5.370    0.0017      Ni 2                3438.88A    -5.536    0.0012
He 2                937.389A    -4.225    0.0239      Fe 2                2772.73A    -5.430    0.0015      O  4                25.8863m    -2.217    2.4293
He 2                933.444A    -4.310    0.0196      Fe 2                2.22379m    -5.438    0.0015      S  4                10.5076m    -2.573    1.0696
He 2                930.337A    -4.390    0.0163      Fe 3                22.9190m    -3.230    0.2361      level 1 lines...................................
He 2                927.846A    -4.463    0.0138      Fe 3                4985.87A    -3.317    0.1930      recombination...................................
He 2                925.816A    -4.531    0.0118      Fe 3                4924.54A    -4.720    0.0076      level2 lines....................................
He 2                924.142A    -4.593    0.0102      Fe 3                4881.00A    -3.893    0.0513      N  1                942.258A    -5.366    0.0017
He 2                922.743A    -4.651    0.0089      Fe 3                4658.05A    -3.342    0.1824      O  1                976.791A    -5.240    0.0023
He 2                921.562A    -4.703    0.0079      Fe 3                4607.03A    -4.614    0.0097      O  1                969.049A    -5.283    0.0021
He 2                920.556A    -4.749    0.0071      Fe 3                4070.71A    -5.532    0.0012      O  1                946.387A    -5.326    0.0019
He 2                919.693A    -4.787    0.0065      Fe 3                4008.35A    -4.522    0.0120      O  1                934.501A    -5.362    0.0017
He 2                4685.68A    -3.407    0.1569      Fe 3                3322.54A    -4.180    0.0265      O  1                973.577A    -5.377    0.0017
He 2                3203.08A    -3.733    0.0741      Fe 3                3239.74A    -4.303    0.0199      O  1                927.472A    -5.396    0.0016
He 2                2733.28A    -3.998    0.0402      Fe 3                2438.29A    -4.669    0.0086      O  1                948.506A    -5.437    0.0015
He 2                2511.19A    -4.215    0.0244      Fe 3                1576.66A    -5.341    0.0018      O  1                922.969A    -5.434    0.0015
He 2                2385.39A    -4.397    0.0161      Fe 3                33.0270m    -3.776    0.0671      O  1                919.912A    -5.471    0.0014
He 2                2306.18A    -4.553    0.0112      Fe 3                5270.40A    -3.551    0.1125      O  1                935.672A    -5.500    0.0013
He 2                2252.67A    -4.691    0.0082      Fe 3                5032.68A    -5.525    0.0012      O  1                917.726A    -5.512    0.0012
He 2                2214.65A    -4.645    0.0091      Fe 3                4987.21A    -4.633    0.0093      O  1                918.704A    -5.545    0.0011
He 2                2186.59A    -4.738    0.0073      Fe 3                4754.69A    -4.067    0.0343      O  1                928.186A    -5.569    0.0011
He 2                2165.23A    -4.823    0.0060      Fe 3                4701.54A    -3.902    0.0502      O  1                917.473A    -5.592    0.0010
He 2                2148.58A    -4.902    0.0050      Fe 3                4667.01A    -4.954    0.0044      Si 2                1179.59A    -4.814    0.0061
He 2                2135.34A    -4.975    0.0042      Fe 3                4079.70A    -5.081    0.0033      Si 2                993.354A    -5.306    0.0020
He 2                2124.61A    -5.043    0.0036      Fe 3                4046.42A    -5.555    0.0011      Si 2                1024.03A    -5.488    0.0013
He 2                2115.81A    -5.105    0.0031      Fe 3                3371.41A    -4.313    0.0195      P  2                967.202A    -5.582    0.0010
He 2                2108.49A    -5.163    0.0028      Fe 3                3301.56A    -5.447    0.0014      P  2                963.828A    -5.497    0.0013
He 2                2102.33A    -5.215    0.0024      Fe 3                3286.19A    -4.819    0.0061      Ti 2                3364.74A    -4.958    0.0044
He 2                2097.10A    -5.261    0.0022      Fe 3                2464.51A    -4.812    0.0062      Ti 2                3237.15A    -5.176    0.0027
He 2                2092.63A    -5.299    0.0020      Fe 3                51.6655m    -4.404    0.0158      Cr 2                2059.78A    -5.267    0.0022
He 2                1.01235m    -4.019    0.0383      Fe 3                5011.26A    -4.233    0.0234      Ni 2                1751.83A    -5.494    0.0013
He 2                6560.01A    -4.259    0.0221      Fe 3                4769.43A    -4.369    0.0171      Ni 2                1744.24A    -5.400    0.0016
He 2                5411.45A    -4.475    0.0134      Fe 3                4733.91A    -4.413    0.0155      Ni 2                1375.73A    -5.582    0.0010
He 2                4859.26A    -4.661    0.0088      Fe 3                3406.18A    -4.677    0.0084      Ni 2                1324.11A    -5.593    0.0010
He 2                4541.54A    -4.821    0.0061      Fe 3                3334.90A    -4.826    0.0060      hyperfine structure.............................
He 2                4338.62A    -4.961    0.0044      Fe 3                3319.22A    -4.985    0.0041      inner shell.....................................
He 2                4199.78A    -5.014    0.0039      Fe 3                2483.05A    -4.981    0.0042      molecules.......................................
He 2                4099.99A    -5.106    0.0031      Fe 3                105.345m    -5.380    0.0017      bands...........................................
He 2                4025.55A    -5.192    0.0026      Fe 3                5411.98A    -4.608    0.0099      Fe 2b               2500.00A    -3.014    0.3877
He 2                3968.39A    -5.270    0.0021      Fe 3                4930.54A    -4.931    0.0047      Fe 2b               5000.00A    -3.100    0.3183
He 2                3923.44A    -5.343    0.0018      Fe 3                4777.68A    -4.733    0.0074      Fe 2b               7000.00A    -3.956    0.0443
He 2                3887.40A    -5.411    0.0016      Fe 3                3428.79A    -5.335    0.0018      Fe 2b               10000.0A    -2.729    0.7478
He 2                3858.03A    -5.473    0.0013      Fe 3                3356.57A    -4.905    0.0050      Fe 2b               2355.00A    -3.584    0.1045
He 2                3833.76A    -5.530    0.0012      Fe 3                3355.48A    -5.163    0.0028      Fe 2b               2430.00A    -3.026    0.3773
He 2                3813.45A    -5.582    0.0010      Fe 3                2495.04A    -5.219    0.0024      Fe 2b               2445.00A    -3.026    0.3773
He 2                1.86365m    -4.519    0.0121      Fe 3                5084.77A    -5.009    0.0039      Fe 2b               2495.00A    -3.792    0.0647
He 2                1.16262m    -4.698    0.0080      Fe 3                3366.21A    -5.225    0.0024      Fe 2b               2610.00A    -3.284    0.2081
He 2                9344.80A    -4.876    0.0053      Fe 3                8838.21A    -5.547    0.0011      Fe 2b               2758.00A    -4.620    0.0096
He 2                8236.67A    -5.036    0.0037      Fe 3                8728.94A    -5.399    0.0016      Fe 2b               2780.00A    -4.591    0.0103
He 2                7592.65A    -5.177    0.0027      Fe 3                40.0371m    -5.243    0.0023      Fe 2b               3180.00A    -5.409    0.0016
He 2                7177.41A    -5.303    0.0020      Fe 3                2.21782m    -4.459    0.0139      Fe 2b               3250.00A    -4.744    0.0072
He 2                6890.80A    -5.395    0.0016      Fe 3                9701.27A    -4.840    0.0058      Fe 2b               3590.00A    -4.772    0.0068
He 2                6683.11A    -5.480    0.0013      Fe 3                2.34788m    -4.637    0.0092      Fe 2b               4255.00A    -3.537    0.1162
He 2                6527.01A    -5.558    0.0011      Fe 3                9942.18A    -5.033    0.0037      Fe 2b               4558.00A    -4.271    0.0214
He 2                3.09080m    -4.946    0.0045      Fe 3                9444.21A    -5.567    0.0011      Fe 2b               4600.00A    -4.241    0.0230
He 2                1.87431m    -5.082    0.0033      Fe 3                2.24204m    -5.211    0.0025      Fe 2b               4743.00A    -4.982    0.0042
He 2                1.47602m    -5.229    0.0024      Fe 3                2.14511m    -5.516    0.0012      Fe 2b               4855.00A    -4.404    0.0158
He 2                1.28127m    -5.367    0.0017      Fe 3                3.22847m    -4.984    0.0042      Fe 2b               4920.00A    -3.889    0.0518
He 2                1.16730m    -5.541    0.0012      Fe 3                2.87385m    -4.949    0.0045      Fe 2b               4975.00A    -4.428    0.0149
He 2                4.76213m    -5.319    0.0019      Fe 3                1.06081m    -5.521    0.0012      Fe 2b               4971.00A    -4.459    0.0139
He 2                2.82519m    -5.423    0.0015      Fe 7                9.50763m    -5.374    0.0017      Fe 2b               5070.00A    -4.331    0.0187
He 2                2.18848m    -5.546    0.0011      K  3                4.61683m    -4.605    0.0099      Fe 2b               5143.00A    -3.813    0.0616
He-like iso-sequence............................      K  4                5.98030m    -5.377    0.0017      Fe 2b               5270.00A    -3.520    0.1209
He 1                1.08291m    -4.341    0.0182      Mg 1                2852.13A    -4.322    0.0191      Fe 2b               5318.00A    -3.829    0.0594
He 1                1.08302m    -3.852    0.0564      Mg 1                4562.60A    -4.182    0.0263      Fe 2b               5540.00A    -4.912    0.0049
He 1                1.08303m    -3.615    0.0972      Mg 1                4571.10A    -4.619    0.0096      Fe 2b               5865.00A    -5.513    0.0012
Blnd                1.08302m    -3.367    0.1718      Mg 1                4575.29A    -5.546    0.0011      Fe 2b               7445.00A    -3.978    0.0421
He 1                3888.64A    -3.680    0.0837      Mn 2                2576.10A    -5.184    0.0026      Fe 2b               8625.00A    -3.716    0.0771
He 1                3187.74A    -4.068    0.0342      Mn 2                2593.72A    -5.263    0.0022      Fe 2b               1.03250m    -4.763    0.0069
He 1                2945.10A    -4.380    0.0167      Mn 2                2605.68A    -5.383    0.0017      Fe 2b               1.88900m    -3.446    0.1435
He 1                2829.08A    -4.634    0.0093      N  1                1134.17A    -5.459    0.0014      Fe 2b               2.20000m    -5.337    0.0018
He 1                2760.44A    -5.213    0.0025      N  1                1134.41A    -5.389    0.0016      miscellaneous...................................
He 1                2721.00A    -5.362    0.0017      N  1                1134.98A    -5.356    0.0018      C 2R                1335.00A    -3.499    0.1270
He 1                2694.61A    -5.496    0.0013      N  1                1199.55A    -5.041    0.0036      C 3R                977.000A    -4.332    0.0186
He 1                2.05813m    -4.562    0.0110      N  1                1200.22A    -5.078    0.0033      C 3R                1909.00A    -4.485    0.0131
He 1                5015.68A    -4.300    0.0201      N  1                1200.71A    -5.205    0.0025      C 3R                1175.00A    -4.664    0.0087
He 1                3964.73A    -4.686    0.0082      N  1                5197.90A    -4.627    0.0095      N 2R                1085.00A    -4.661    0.0087
He 1                3613.64A    -4.990    0.0041      N  1                5200.26A    -4.485    0.0131      N 3R                990.000A    -4.374    0.0169
He 1                3447.59A    -5.239    0.0023      N  4                1486.50A    -5.316    0.0019      O 2R                3729.00A    -4.580    0.0105
He 1                7065.71A    -5.308    0.0020      N  4                1483.32A    -5.168    0.0027      O 2R                4651.00A    -4.953    0.0045
He 1                7065.21A    -4.831    0.0059      N  5                1238.82A    -5.598    0.0010      O 2R                4341.00A    -5.230    0.0024
He 1                7065.18A    -4.609    0.0099      Ne 2                12.8101m    -4.017    0.0385      Blnd                1400.00A    -4.335    0.0185
Blnd                7065.25A    -4.353    0.0177      Ne 3                15.5509m    -2.655    0.8856      Blnd                1650.00A    -2.509    1.2400
He 1                5875.98A    -4.619    0.0096      Ne 3                3868.76A    -2.875    0.5335      Blnd                1304.00A    -4.900    0.0050
He 1                5875.64A    -4.142    0.0289      Ne 3                36.0036m    -3.695    0.0808      Blnd                1039.00A    -5.378    0.0017
He 1                5875.61A    -3.920    0.0482      Ne 3                3967.47A    -3.393    0.1619      Blnd                2798.00A    -2.499    1.2693
Blnd                5875.66A    -3.665    0.0867      Ne 3                1814.56A    -5.374    0.0017      Blnd                6720.00A    -2.617    0.9665
He 1                4713.16A    -5.531    0.0012      Ne 5                24.3108m    -4.103    0.0316      Blnd                4074.00A    -3.901    0.0503
He 1                4713.14A    -5.309    0.0020      Ne 5                14.3178m    -4.292    0.0204      Blnd                1.03300m    -4.010    0.0391
Blnd                4713.17A    -5.054    0.0035      Ne 5                3425.88A    -5.399    0.0016      Blnd                1256.00A    -5.102    0.0032
He 1                4471.69A    -5.027    0.0038      O  1                1040.94A    -5.569    0.0011      Blnd                1198.00A    -5.184    0.0026
He 1                4471.49A    -4.549    0.0113      O  1                1304.86A    -5.060    0.0035      Blnd                1720.00A    -4.833    0.0059
He 1                4471.47A    -4.328    0.0188      O  1                1306.03A    -5.555    0.0011      Blnd                3722.00A    -4.334    0.0186
Blnd                4471.50A    -4.072    0.0339      O  1                5577.34A    -5.223    0.0024      Blnd                2665.00A    -3.793    0.0645
Blnd                4120.84A    -5.479    0.0013      O  1                6300.30A    -3.616    0.0970      Blnd                1860.00A    -4.388    0.0164
He 1                4026.36A    -5.341    0.0018      O  1                6363.78A    -4.111    0.0310      Blnd                4725.00A    -4.274    0.0213
He 1                4026.20A    -4.864    0.0055      O  1                63.1679m    -4.057    0.0351      Blnd                2860.00A    -5.401    0.0016
He 1                4026.19A    -4.642    0.0091      O  1                145.495m    -5.070    0.0034      Blnd                2335.00A    -3.453    0.1410
Blnd                4026.21A    -4.387    0.0164      O  2                2470.22A    -4.673    0.0085      Blnd                1888.00A    -3.227    0.2374
He 1                3819.76A    -5.596    0.0010      O  2                2470.34A    -4.096    0.0321      Blnd                1397.00A    -4.374    0.0169
He 1                3819.61A    -5.119    0.0030      O  2                7318.92A    -4.756    0.0070      Blnd                2424.00A    -4.169    0.0271
He 1                3819.60A    -4.897    0.0051      O  2                7319.99A    -4.290    0.0205      Blnd                3350.00A    -5.266    0.0022
Blnd                3819.62A    -4.642    0.0091      O  2                7329.67A    -4.534    0.0117      Blnd                5525.00A    -4.073    0.0339
He 1                3704.90A    -5.537    0.0012      O  2                7330.73A    -4.559    0.0111      Blnd                8579.00A    -4.159    0.0278
He 1                3704.76A    -5.060    0.0035      O  2                3728.81A    -2.387    1.6439      Blnd                7306.00A    -3.413    0.1547
He 1                3704.75A    -4.838    0.0058      O  2                3726.03A    -2.531    1.1804      Blnd                3933.00A    -4.181    0.0264
Blnd                3704.77A    -4.583    0.0105      O  3                88.3323m    -2.091    3.2480      Blnd                1657.00A    -5.275    0.0021
He 1                3634.08A    -5.222    0.0024      O  3                4931.23A    -5.513    0.0012      Blnd                9850.00A    -5.038    0.0037
He 1                3634.07A    -5.000    0.0040      O  3                51.8004m    -2.189    2.5940      Blnd                2326.00A    -3.248    0.2262
Blnd                3634.09A    -4.745    0.0072      O  3                4958.91A    -2.104    3.1503      Blnd                1335.00A    -4.352    0.0178
He 1                3587.16A    -5.365    0.0017      O  3                2320.95A    -4.478    0.0133      Blnd                1909.00A    -2.859    0.5537
He 1                3587.15A    -5.143    0.0029      O  3                1660.81A    -4.421    0.0152      Blnd                1549.00A    -3.864    0.0548
Blnd                3587.17A    -4.887    0.0052      O  3                5006.84A    -1.643    9.1051      Blnd                5199.00A    -4.249    0.0226
He 1                3554.34A    -5.492    0.0013      O  3                1666.15A    -4.026    0.0377      Blnd                1085.00A    -4.653    0.0089
He 1                3554.33A    -5.270    0.0022      O  3                4363.21A    -3.852    0.0563      Blnd                2141.00A    -4.372    0.0170
Blnd                3554.35A    -5.015    0.0039      P  2                60.6263m    -4.891    0.0052      Blnd                1750.00A    -4.230    0.0236
He 1                3530.43A    -5.386    0.0016      P  2                32.8620m    -4.750    0.0071      Blnd                990.000A    -4.795    0.0064
Blnd                3530.44A    -5.131    0.0030      P  2                1.14682m    -4.667    0.0086      Blnd                1486.00A    -4.935    0.0047
He 1                3512.46A    -5.491    0.0013      P  2                1.18828m    -4.244    0.0229      Blnd                1240.00A    -5.363    0.0017
Blnd                3512.48A    -5.235    0.0023      P  2                7875.99A    -5.588    0.0010      Blnd                6300.00A    -3.495    0.1280
He 1                3498.60A    -5.587    0.0010      P  3                17.8797m    -4.654    0.0089      Blnd                2471.00A    -3.994    0.0406
Blnd                3498.62A    -5.332    0.0019      P  4                950.657A    -5.587    0.0010      Blnd                7323.00A    -4.162    0.0276
Blnd                3487.70A    -5.421    0.0015      S  2                6730.82A    -2.987    0.4123      Blnd                7332.00A    -4.245    0.0228
Blnd                3478.95A    -5.504    0.0013      S  2                6716.44A    -2.859    0.5542      Blnd                3727.00A    -2.152    2.8243
Blnd                3471.81A    -5.581    0.0011      S  2                4076.35A    -4.515    0.0122      Blnd                7325.00A    -3.901    0.0503
He 1                3439.98A    -5.412    0.0016      S  2                4068.60A    -4.022    0.0380      Blnd                1666.00A    -3.879    0.0529
Blnd                3440.00A    -5.157    0.0028      S  2                1.03364m    -4.653    0.0089      Blnd                5007.00A    -1.514   12.2567
He 1                7281.35A    -4.912    0.0049      S  2                1.02867m    -4.649    0.0090      Blnd                1402.00A    -5.399    0.0016
He 1                6678.15A    -4.215    0.0244      S  2                1.03705m    -4.975    0.0042



 AGN log nH=1.89 log U=-2.67  
 Cooling:  O  2c                     0  :0.060 O  3c                     0  :0.373 S  3c                     0  :0.075  
 Heating:  BFH1                      0  :0.708 BFHe                      0  :0.236  

 These are some of the most important databases used by Cloudy:
 Many recombination coefficients were taken from http://amdpp.phys.strath.ac.uk/tamoc/RR/ and http://amdpp.phys.strath.ac.uk/tamoc/DR/
      and are based on the following papers:
        Badnell N. R., et al., A&A 406, 1151 (2003) [http://adsabs.harvard.edu/abs/2003A%26A...406.1151B]
        Badnell N. R., ApJS 167, 334 (2006) [http://adsabs.harvard.edu/abs/2006ApJS..167..334B]
 Much of the molecular emission data is from LAMDA as accessed on June 30, 2015. This database is described in:
        Schoeier F.L., et al., A&A 432, 369 (2005) [http://adsabs.harvard.edu/abs/2005A%26A...432..369S]
      This database is in part based on the work of the following groups:
        JPL: Pickett H. M. et al., JQSRT, 60, 883 (1998). [http://adsabs.harvard.edu/abs/1998JQSRT..60..883P]
        CDMS: Mueller H. S. et al., A&A 370, L49 (2001). [http://adsabs.harvard.edu/abs/2001A%26A...370L..49M]
              Mueller H. S. et al., J. Mol. Struct. 742, 215 (2005). [http://adsabs.harvard.edu/abs/2005JMoSt.742..215M]
 Some of the ionic emission data is from a reprocessed version of 10.1 of CHIANTI. CHIANTI is a collaborative project involving the NRL (USA), the
      Universities of Florence (Italy) and Cambridge (UK), and George Mason University (USA). These papers describe Chianti:
        Dere K. P., et al., A&AS, 125, 149 (1997) [http://adsabs.harvard.edu/abs/1997A%26AS..125..149D]
        Dere, K. P., et al., APJ, 268, 52 (2023) [https://ui.adsabs.harvard.edu/abs/2023ApJS..268...52D]
      This paper describes the reprocessed version of Chianti used:
        Gunasekera, C. M., et al., Astronomy, 1, 255. (2022) [https://ui.adsabs.harvard.edu/abs/2022Astro...1..255G]
 Much of the H_2 data is from this web site: http://molat.obspm.fr/index.php?page=pages/Molecules/H2/H2can94.php. These data are
      described in:
        Abgrall H. et al., Can. J. Phys., 72, 856 (1994) [http://adsabs.harvard.edu/abs/1994CaJPh..72..856A]
        Wrathmall S. A. & Flower D. R., J. Phys. B, 40, 3221 (2007) [http://adsabs.harvard.edu/abs/2007JPhB...40.3221W]
 The Case A and Case B recombination predictions for one-electron systems are from
	Storey, P.J. & Hummer, D.G., 1995, MNRAS 272, 41 http://adsabs.harvard.edu/abs/1995MNRAS.272...41S
 The He I recombination predictions are from
	Porter, R. L.; Ferland, G. J.; Storey, P. J.; Detisch, M. J., 2012, MNRAS, 425, 28p http://adsabs.harvard.edu/abs/2012MNRAS.425L..28P
		http://adsabs.harvard.edu/abs/2013MNRAS.433L..89P

 If you find some process or data set to be particularly critical to a result, please follow the trail of references back to the
 original source and cite that.  This will support and encourage atomic, molecular, and chemical physicists to continue their
 valuable work.

 IONIZE PARMET:  U(1-) -2.6667  U(4-): -3.6075  U(sp): -2.67  Q(ion):    7.261  L(ion) -1.110    Q(low): 12.142    L(low) -0.277
 ENERGY BUDGET:  Heat:  -0.914  Coolg:  -0.914  Error:  0.0%  Rec Lin:  -1.364  F-F  H  0.000    P(rad/tot)max     2.39E-02    R(F Con):1.737e+05

     Col(Heff):      1.946E+20  snd travl time  3.19E+12 sec  Te-low: 3.99E+03  Te-hi: 1.08E+04  G0TH85: 4.44E+01  G0DB96:4.77E+01
  Emiss Measure    n(e)n(p) dl       1.966E+22  n(e)n(He+)dl         1.415E+21  En(e)n(He++) dl         3.122E+20  ne nC+:8.36E+17
 He/Ha:7.63E-02  =   0.90*true  Lthin:3.86E+02  itr/zn: 6.82  H2 itr/zn:  0.00  File Opacity: F  MassTot 6.09e-04  (gm/cm^2)
   Temps(21 cm)   T(21cm/Ly a)  4.00E+03        T(<nH/Tkin>)  7.68E+03          T(<nH/Tspin>)    4.27E+03          TB21cm:7.43E-01
                   N(H0/Tspin)  6.36E+15        N(OH/Tkin)    3.61E+04          B(21cm)          0.00E+00
   <a>:1.73E-08  erdeFe1.7E+24  Tcompt4.94E+10  Tthr4.98E+10  <Tden>: 9.64E+03  <dens>:1.76E-22  <MolWgt>6.69E-01
     Mean Jeans  l(cm)4.31E+20  M(sun)3.71E+06  smallest:     len(cm):2.77E+20  M(sun):9.88E+05  a_ox tran: -1.41
 Rion:1.000E+30  Dist:0.00E+00  Diam:0.000E+00
 Hatom level 70  HatomType: add  HInducImp  F  He tot level: 63  He2 level:   70  ExecTime   131.8
 ConvrgError(%)  <eden>  0.075  MaxEden  0.460  <H-C>   0.10  Max(H-C)    0.44  <Press>   0.000  MaxPrs er  0.000
  Continuity(%)  chng Te   2.7  elec den   5.7  n(H2)    0.0  n(CO)        0.0

                                                        Averaged Quantities
             Te      Te(Ne)   Te(NeNp)  Te(NeHe+)Te(NeHe2+) Te(NeO+)  Te(NeO2+)  Te(H2)     N(H)     Ne(O2+)   Ne(Np)
 Radius:  9.64e+03  9.79e+03  9.81e+03  9.87e+03  9.53e+03  1.03e+04  9.72e+03  4.93e+03  7.74e+01  8.43e+01  8.16e+01
 
 Peimbert T(OIIIr)9.00E+03 T(Bac)9.34E+03 T(Hth)9.19E+03 t2(Hstrc) 3.02e-03 T(O3-BAC)9.13E+03 t2(O3-BC)-4.07e-03 t2(O3str) 2.44e-03

 Contin Optical Depths: COMP: 1.78e-04    H-: 2.93e-05 R(1300): 1.82e-04  H2+: 6.63e-07  Bra:1.78E-04
                          Pa: 1.78e-04    Ba: 2.04e-04      Hb: 1.98e-04   La: 4.52e-01     1r:1.735E+02  1.8:4.23E+01 4.:3.433E+01

 Old, new H  1 continuum optical depths:
     1 1.74e+02     2 1.49e-05     3 2.93e-05     4 2.93e-05     5 2.93e-05     6 7.51e-06     7 7.51e-06     8 7.51e-06
     9 7.51e-06    10 4.70e-14    11 4.70e-14    12 4.70e-14    13 4.70e-14    14 4.70e-14    15 1.10e-13    16 1.10e-13
    17 1.10e-13    18 1.10e-13    19 1.10e-13    20 1.10e-13    21 2.28e-13    22 2.28e-13    23 2.28e-13    24 2.28e-13
    25 2.28e-13    26 2.28e-13    27 2.28e-13    28 4.35e-13    29 4.35e-13    30 4.35e-13    31 4.35e-13    32 4.35e-13
    33 4.35e-13    34 4.35e-13    35 4.35e-13    36 7.76e-13    37 7.76e-13    38 7.76e-13    39 7.76e-13    40 7.76e-13
    41 7.76e-13    42 7.76e-13    43 7.76e-13    44 7.76e-13    45 1.31e-12    46 1.31e-12    47 1.31e-12    48 1.31e-12
    49 1.31e-12    50 1.31e-12    51 1.31e-12    52 1.31e-12    53 1.31e-12    54 1.31e-12
     1 1.73e+02     2 1.50e-05     3 2.95e-05     4 2.95e-05     5 2.95e-05     6 7.57e-06     7 7.57e-06     8 7.57e-06
     9 7.57e-06    10 4.72e-14    11 4.72e-14    12 4.72e-14    13 4.72e-14    14 4.72e-14    15 1.11e-13    16 1.11e-13
    17 1.11e-13    18 1.11e-13    19 1.11e-13    20 1.11e-13    21 2.29e-13    22 2.29e-13    23 2.29e-13    24 2.29e-13
    25 2.29e-13    26 2.29e-13    27 2.29e-13    28 4.37e-13    29 4.37e-13    30 4.37e-13    31 4.37e-13    32 4.37e-13
    33 4.37e-13    34 4.37e-13    35 4.37e-13    36 7.80e-13    37 7.80e-13    38 7.80e-13    39 7.80e-13    40 7.80e-13
    41 7.80e-13    42 7.80e-13    43 7.80e-13    44 7.80e-13    45 1.31e-12    46 1.31e-12    47 1.31e-12    48 1.31e-12
    49 1.31e-12    50 1.31e-12    51 1.31e-12    52 1.31e-12    53 1.31e-12    54 1.31e-12

 Old, new H  1 mean line optical depths:
  2- 1 3.26e+06  3- 2 1.30e-04  4- 3 1.07e-10  5- 4 4.33e-11  6- 5-1.51e-11  7- 6-5.02e-11  8- 7-7.51e-12
  9- 8 1.61e-10 10- 9 4.73e-10 11-10 9.76e-09 12-11-4.04e-09 13-12-6.52e-09 14-13-1.04e-08 15-14-1.64e-08 16-15-2.57e-08
 17-16-4.07e-08 18-17-6.51e-08 19-18-1.10e-07 20-19-1.90e-07 21-20-3.52e-07 22-21-7.13e-07 23-22-1.67e-06 24-23-5.27e-06
 25-24-1.89e-04
  2- 1 3.21e+06  3- 2 1.30e-04  4- 3 1.08e-10  5- 4 4.29e-11  6- 5-1.74e-11  7- 6-5.52e-11  8- 7-1.61e-11
  9- 8 1.49e-10 10- 9 4.56e-10 11-10 9.84e-09 12-11-4.21e-09 13-12-6.83e-09 14-13-1.10e-08 15-14-1.72e-08 16-15-2.71e-08
 17-16-4.29e-08 18-17-6.85e-08 19-18-1.15e-07 20-19-1.99e-07 21-20-3.66e-07 22-21-7.38e-07 23-22-1.72e-06 24-23-5.41e-06
 25-24-1.92e-04

 Old, new He 2 continuum optical depths:
     1 3.43e+01     2 1.74e+02     3 2.08e-05     4 2.08e-05     5 2.08e-05     6 1.49e-05     7 1.49e-05     8 1.49e-05
     9 1.49e-05    10 2.38e-05    11 2.38e-05    12 2.38e-05    13 2.38e-05    14 2.38e-05    15 2.93e-05    16 2.93e-05
    17 2.93e-05    18 2.93e-05    19 2.93e-05    20 2.93e-05    21 2.45e-05    22 2.45e-05    23 2.45e-05    24 2.45e-05
    25 2.45e-05    26 2.45e-05    27 2.45e-05    28 7.51e-06    29 7.51e-06    30 7.51e-06    31 7.51e-06    32 7.51e-06
    33 7.51e-06    34 7.51e-06    35 7.51e-06    36 2.70e-14    37 2.70e-14    38 2.70e-14    39 2.70e-14    40 2.70e-14
    41 2.70e-14    42 2.70e-14    43 2.70e-14    44 2.70e-14    45 4.70e-14    46 4.70e-14    47 4.70e-14    48 4.70e-14
    49 4.70e-14    50 4.70e-14    51 4.70e-14    52 4.70e-14    53 4.70e-14    54 4.70e-14
     1 3.43e+01     2 1.73e+02     3 2.09e-05     4 2.09e-05     5 2.09e-05     6 1.50e-05     7 1.50e-05     8 1.50e-05
     9 1.50e-05    10 2.40e-05    11 2.40e-05    12 2.40e-05    13 2.40e-05    14 2.40e-05    15 2.95e-05    16 2.95e-05
    17 2.95e-05    18 2.95e-05    19 2.95e-05    20 2.95e-05    21 2.47e-05    22 2.47e-05    23 2.47e-05    24 2.47e-05
    25 2.47e-05    26 2.47e-05    27 2.47e-05    28 7.57e-06    29 7.57e-06    30 7.57e-06    31 7.57e-06    32 7.57e-06
    33 7.57e-06    34 7.57e-06    35 7.57e-06    36 2.71e-14    37 2.71e-14    38 2.71e-14    39 2.71e-14    40 2.71e-14
    41 2.71e-14    42 2.71e-14    43 2.71e-14    44 2.71e-14    45 4.72e-14    46 4.72e-14    47 4.72e-14    48 4.72e-14
    49 4.72e-14    50 4.72e-14    51 4.72e-14    52 4.72e-14    53 4.72e-14    54 4.72e-14

 Old, new He 2 mean line optical depths:
  2- 1 9.53e+05  3- 2 8.24e-08  4- 3 1.76e-13  5- 4-3.10e-13  6- 5-9.92e-13  7- 6-1.62e-12  8- 7-1.69e-12
  9- 8-7.07e-13 10- 9 1.51e-12 11-10 8.60e-11 12-11-3.89e-11 13-12-6.23e-11 14-13-9.75e-11 15-14-1.49e-10 16-15-2.27e-10
 17-16-3.44e-10 18-17-5.26e-10 19-18-8.23e-10 20-19-1.36e-09 21-20-2.36e-09 22-21-4.53e-09 23-22-1.02e-08 24-23-3.09e-08
 25-24-1.08e-06
  2- 1 9.55e+05  3- 2 8.28e-08  4- 3 1.76e-13  5- 4-3.10e-13  6- 5-9.98e-13  7- 6-1.64e-12  8- 7-1.73e-12
  9- 8-7.77e-13 10- 9 1.40e-12 11-10 8.57e-11 12-11-3.96e-11 13-12-6.35e-11 14-13-9.97e-11 15-14-1.53e-10 16-15-2.33e-10
 17-16-3.53e-10 18-17-5.42e-10 19-18-8.47e-10 20-19-1.39e-09 21-20-2.42e-09 22-21-4.64e-09 23-22-1.04e-08 24-23-3.14e-08
 25-24-1.09e-06

 Old He Is optical depths:    1 4.25e+01    2 2.25e-05    3 1.24e-05    4 1.38e-05    5 1.38e-05
 New He Is optical depths:    1 4.23e+01    2 2.27e-05    3 1.25e-05    4 1.40e-05    5 1.40e-05
          Old He Is Lines:  584 9.03e+04 3889 2.42e-01 5016 3.68e-07 5876 1.56e-10
          New He Is Lines:  584 8.84e+04 3889 2.45e-01 5016 3.86e-07 5876 1.13e-10
AGN log nH=1.89 log U=-2.67  


          Start Iteration Number 3                                                 AGN log nH=1.89 log U=-2.67  


 ####  1  Te:1.035E+04 Hden:7.743E+01 Ne:8.870E+01 R:1.000E+30 R-R0:2.394E+14 dR:4.788E+14 NTR:  5 Htot:4.325E-20 T912: 1.72e+02###
 Hydrogen      3.82e-03 9.96e-01 H+o/Hden 1.00e+00 2.22e-10 H-    H2 5.42e-15 1.62e-11 H2+ HeH+ 6.73e-12 Ho+ ColD 1.42e+14 3.69e+16
 Helium        1.19e-03 2.87e-01 7.12e-01 HeI 2s3S 4.04e-08 Comp H,C 3.05e-25 2.38e-28 Fill Fac 1.00e+00 Gam1/tot 1.00e+00
 He singlet n  1.18e-03 8.35e-15 7.97e-21 3.50e-21 5.86e-21 5.48e-21 He tripl 4.04e-08 7.19e-19 9.84e-21 8.64e-20 1.55e-20
 Pressure      NgasTgas 1.79e+06 P(total) 2.47e-10 P( gas ) 2.47e-10 P(Radtn) 0.00e+00 Rad accl 7.35e-08 ForceMul 1.10e+04
 Texc(La)      3.03e+03 T(I con) 7.20e+00 T(D con) 9.19e-01 T(U tot) 7.20e+00 nT (c+d) 1.96e+06 Prad/Gas 0.00e+00 Pmag/Gas 0.00e+00
 Molecules     CH/Ctot: 2.01e-14 CH+/Ctot 9.25e-14 CO/Ctot: 2.35e-18 CO+/Ctot 3.78e-19 H2O/Otot 3.78e-26 OH/Ototl 1.21e-14
 Lithium       5.44e-04 7.89e-01 2.03e-01 7.70e-03 Berylliu 1.25e-03 4.00e-02 9.24e-01 3.45e-02 3.03e-05 sec ion: 9.59e-15
 Boron         2.74e-05 6.37e-02 3.08e-01 6.27e-01 9.14e-04 0.00e+00
 Carbon        7.03e-05 5.52e-02 7.24e-01 1.99e-01 2.16e-02 3.88e-06 0.00e+00 H2O+/O   5.82e-27 OH+/Otot 3.90e-15 Hex(tot) 0.00e+00
 Nitrogen      6.21e-05 3.94e-02 6.61e-01 2.87e-01 1.21e-02 1.36e-04 0.00e+00 0.00e+00 O2/Ototl 1.33e-20 O2+/Otot 5.07e-21
 Oxygen        1.21e-04 3.20e-02 5.59e-01 3.89e-01 1.98e-02 1.69e-04 1.76e-06 0.00e+00 0.00e+00
 Fluorine      1.78e-05 2.40e-02 6.80e-01 2.68e-01 2.71e-02 1.66e-04 4.96e-07 0.00e+00 0.00e+00 0.00e+00
 Neon          1.08e-05 1.39e-02 6.39e-01 3.29e-01 1.74e-02 1.05e-04 2.18e-07 0.00e+00 0.00e+00 0.00e+00 0.00e+00
 Sodium        3.19e-06 1.04e-02 4.83e-01 4.49e-01 5.71e-02 2.08e-04 1.06e-06 0.00e+00 0.00e+00 0.00e+00 0.00e+00 0.00e+00
 Magnesium     5.37e-04 1.38e-02 6.95e-01 2.72e-01 1.85e-02 2.08e-04 4.41e-07 0.00e+00 0.00e+00 0.00e+00 0.00e+00 0.00e+00 0.00e+00
 Aluminium  0  2.19e-05 4.77e-02 1.28e-01 6.95e-01 1.27e-01 1.70e-03 4.58e-06 0.00e+00 0.00e+00 0.00e+00 0.00e+00 0.00e+00 0.00e+00
 Silicon    0  3.90e-05 1.10e-01 4.81e-01 3.34e-01 7.43e-02 8.53e-04 3.39e-06 0.00e+00 0.00e+00 0.00e+00 0.00e+00 0.00e+00 0.00e+00
 Phosphorus 0  5.08e-05 1.72e-01 5.67e-01 2.15e-01 4.10e-02 4.47e-03 1.47e-05 0.00e+00 0.00e+00 0.00e+00 0.00e+00 0.00e+00 0.00e+00
 Sulphur    0  3.56e-05 5.31e-02 6.35e-01 2.93e-01 1.75e-02 1.97e-03 1.54e-04 2.64e-07 0.00e+00 0.00e+00 0.00e+00 0.00e+00 0.00e+00
 Chlorine   0  3.46e-05 6.92e-02 5.87e-01 3.22e-01 2.13e-02 6.29e-04 6.60e-05 3.28e-06 0.00e+00 0.00e+00 0.00e+00 0.00e+00 0.00e+00
 Argon      0  6.70e-06 9.28e-03 7.72e-01 2.05e-01 1.36e-02 3.69e-04 7.05e-06 1.38e-06 0.00e+00 0.00e+00 0.00e+00 0.00e+00 0.00e+00
 Potassium  0  5.17e-06 5.42e-02 6.31e-01 2.98e-01 1.69e-02 2.30e-04 6.98e-06 3.76e-07 0.00e+00 0.00e+00 0.00e+00 0.00e+00 0.00e+00
 Calcium    0  1.05e-05 1.16e-02 3.78e-01 5.47e-01 6.17e-02 9.27e-04 8.17e-06 9.42e-07 0.00e+00 0.00e+00 0.00e+00 0.00e+00 0.00e+00
 Scandium   0  1.39e-07 2.94e-04 2.89e-02 8.48e-01 1.19e-01 3.58e-03 2.24e-05 5.61e-07 0.00e+00 0.00e+00 0.00e+00 0.00e+00 0.00e+00
 Titanium   0  2.08e-07 2.00e-03 7.74e-02 7.43e-01 1.74e-01 4.03e-03 8.69e-05 6.25e-07 0.00e+00 0.00e+00 0.00e+00 0.00e+00 0.00e+00
 Vanadium   0  8.99e-07 1.03e-03 9.49e-02 3.46e-01 5.08e-01 4.97e-02 3.66e-04 1.74e-05 0.00e+00 0.00e+00 0.00e+00 0.00e+00 0.00e+00
 Chromium   0  3.77e-07 1.43e-03 1.47e-01 3.77e-01 4.15e-01 5.81e-02 1.66e-03 1.68e-05 6.60e-07 0.00e+00 0.00e+00 0.00e+00 0.00e+00
 Manganese  0  2.23e-07 1.66e-03 1.35e-01 3.22e-01 4.76e-01 6.38e-02 1.51e-03 9.28e-06 6.36e-07 0.00e+00 0.00e+00 0.00e+00 0.00e+00
 Iron       0  1.48e-07 8.65e-04 5.24e-02 4.28e-01 4.40e-01 7.64e-02 2.68e-03 2.77e-05 1.40e-07 0.00e+00 0.00e+00 0.00e+00 0.00e+00
 Cobalt     0  1.09e-06 7.40e-04 3.26e-02 2.45e-01 6.15e-01 1.01e-01 5.12e-03 8.50e-05 1.39e-06 0.00e+00 0.00e+00 0.00e+00 0.00e+00
 Nickel     0  4.39e-07 2.03e-03 8.17e-02 2.79e-01 5.11e-01 1.21e-01 5.13e-03 9.47e-05 1.35e-06 0.00e+00 0.00e+00 0.00e+00 0.00e+00
 Copper     0  7.57e-07 6.69e-04 1.30e-01 4.37e-01 3.47e-01 8.06e-02 4.52e-03 1.95e-04 2.30e-06 0.00e+00 0.00e+00 0.00e+00 0.00e+00
 Zinc       0  3.07e-07 1.67e-04 1.75e-02 2.54e-01 5.93e-01 1.29e-01 6.79e-03 3.21e-04 4.08e-06 0.00e+00 0.00e+00 0.00e+00 0.00e+00
 ####136  Te:3.916E+03 Hden:7.743E+01 Ne:7.257E+00 R:1.000E+30 R-R0:3.467E+18 dR:4.545E+15 NTR: 12 Htot:1.457E-21 T912: 3.47e+02###
 Hydrogen      9.24e-01 7.56e-02 H+o/Hden 1.00e+00 6.54e-09 H-    H2 1.14e-07 2.01e-09 H2+ HeH+ 9.75e-09 Ho+ ColD 2.75e+19 2.41e+20
 Helium        7.99e-01 1.96e-01 4.66e-03 HeI 2s3S 4.63e-09 Comp H,C 2.48e-26 7.34e-30 Fill Fac 1.00e+00 Gam1/tot 4.84e-01
 He singlet n  7.99e-01 1.01e-15 6.98e-21 3.13e-22 1.26e-21 7.16e-22 He tripl 4.63e-09 7.52e-20 9.43e-22 9.35e-21 2.01e-21
 Pressure      NgasTgas 3.58e+05 P(total) 4.94e-11 P( gas ) 4.94e-11 P(Radtn) 1.02e-15 Rad accl 1.45e-08 ForceMul 2.56e+04
 Texc(La)      2.89e+03 T(I con) 6.30e+00 T(D con) 5.76e+00 T(U tot) 7.19e+00 nT (c+d) 2.91e+06 Prad/Gas 2.06e-05 Pmag/Gas 0.00e+00
 Molecules     CH/Ctot: 7.49e-12 CH+/Ctot 3.45e-09 CO/Ctot: 1.61e-10 CO+/Ctot 7.38e-12 H2O/Otot 3.84e-16 OH/Ototl 4.74e-08
 Lithium       2.14e-04 1.00e+00 2.72e-05 8.35e-07 Berylliu 5.88e-04 7.06e-01 2.74e-01 2.00e-02 0.00e+00 sec ion: 1.59e-13
 Boron         8.47e-05 9.30e-01 5.54e-03 6.41e-02 2.35e-06 0.00e+00
 Carbon        3.87e-04 9.69e-01 3.10e-02 8.28e-06 2.66e-07 0.00e+00 0.00e+00 H2O+/O   2.73e-16 OH+/Otot 2.26e-08 Hex(tot) 0.00e+00
 Nitrogen      9.31e-01 6.94e-02 2.03e-05 6.14e-07 0.00e+00 0.00e+00 0.00e+00 0.00e+00 O2/Ototl 1.87e-12 O2+/Otot 2.73e-12
 Oxygen        9.40e-01 5.98e-02 2.78e-05 1.30e-07 0.00e+00 0.00e+00 0.00e+00 0.00e+00 0.00e+00
 Fluorine      2.47e-01 6.18e-01 1.35e-01 2.83e-06 5.71e-06 0.00e+00 0.00e+00 0.00e+00 0.00e+00 0.00e+00
 Neon          1.36e-01 5.60e-01 3.03e-01 1.27e-05 1.85e-07 0.00e+00 0.00e+00 0.00e+00 0.00e+00 0.00e+00 0.00e+00
 Sodium        1.43e-03 5.46e-01 4.53e-01 1.14e-04 2.06e-05 0.00e+00 0.00e+00 0.00e+00 0.00e+00 0.00e+00 0.00e+00 0.00e+00
 Magnesium     5.95e-04 4.78e-01 5.22e-01 4.15e-05 2.25e-07 0.00e+00 0.00e+00 0.00e+00 0.00e+00 0.00e+00 0.00e+00 0.00e+00 0.00e+00
 Aluminium  0  2.00e-05 4.25e-01 1.88e-01 3.87e-01 2.56e-04 0.00e+00 0.00e+00 0.00e+00 0.00e+00 0.00e+00 0.00e+00 0.00e+00 0.00e+00
 Silicon    0  8.89e-05 9.99e-01 1.40e-04 1.03e-03 7.03e-06 0.00e+00 0.00e+00 0.00e+00 0.00e+00 0.00e+00 0.00e+00 0.00e+00 0.00e+00
 Phosphorus 0  1.52e-04 7.96e-01 2.00e-01 3.78e-03 2.65e-05 7.57e-07 0.00e+00 0.00e+00 0.00e+00 0.00e+00 0.00e+00 0.00e+00 0.00e+00
 Sulphur    0  2.26e-04 7.38e-01 2.61e-01 1.19e-04 1.11e-05 5.63e-07 0.00e+00 0.00e+00 0.00e+00 0.00e+00 0.00e+00 0.00e+00 0.00e+00
 Chlorine   0  2.82e-04 8.09e-01 1.90e-01 1.26e-04 7.69e-06 3.01e-07 0.00e+00 0.00e+00 0.00e+00 0.00e+00 0.00e+00 0.00e+00 0.00e+00
 Argon      0  2.39e-01 6.21e-01 1.39e-01 3.49e-05 4.05e-06 1.72e-07 0.00e+00 0.00e+00 0.00e+00 0.00e+00 0.00e+00 0.00e+00 0.00e+00
 Potassium  0  2.69e-04 6.69e-01 3.29e-01 6.73e-05 1.86e-03 3.30e-07 0.00e+00 0.00e+00 0.00e+00 0.00e+00 0.00e+00 0.00e+00 0.00e+00
 Calcium    0  8.42e-06 4.61e-02 9.50e-01 4.21e-03 5.03e-05 7.20e-07 0.00e+00 0.00e+00 0.00e+00 0.00e+00 0.00e+00 0.00e+00 0.00e+00
 Scandium   0  2.85e-05 1.76e-01 7.59e-01 6.27e-02 1.63e-03 8.61e-07 0.00e+00 0.00e+00 0.00e+00 0.00e+00 0.00e+00 0.00e+00 0.00e+00
 Titanium   0  7.29e-05 8.20e-01 1.75e-01 3.21e-04 4.45e-03 6.10e-07 0.00e+00 0.00e+00 0.00e+00 0.00e+00 0.00e+00 0.00e+00 0.00e+00
 Vanadium   0  9.01e-04 7.76e-01 2.22e-01 4.91e-05 4.72e-04 4.68e-07 0.00e+00 0.00e+00 0.00e+00 0.00e+00 0.00e+00 0.00e+00 0.00e+00
 Chromium   0  8.03e-05 9.98e-01 1.56e-03 2.16e-05 5.92e-05 2.05e-06 0.00e+00 0.00e+00 0.00e+00 0.00e+00 0.00e+00 0.00e+00 0.00e+00
 Manganese  0  2.36e-04 9.97e-01 2.61e-03 2.48e-05 1.87e-04 1.63e-06 3.85e-07 0.00e+00 0.00e+00 0.00e+00 0.00e+00 0.00e+00 0.00e+00
 Iron       0  9.43e-05 9.99e-01 4.58e-04 9.37e-05 1.80e-05 1.21e-06 2.70e-07 0.00e+00 0.00e+00 0.00e+00 0.00e+00 0.00e+00 0.00e+00
 Cobalt     0  2.12e-03 9.97e-01 4.90e-04 1.13e-04 2.44e-04 8.21e-07 1.82e-07 0.00e+00 0.00e+00 0.00e+00 0.00e+00 0.00e+00 0.00e+00
 Nickel     0  3.25e-04 9.99e-01 4.28e-04 2.16e-05 3.83e-05 6.30e-07 1.25e-07 0.00e+00 0.00e+00 0.00e+00 0.00e+00 0.00e+00 0.00e+00
 Copper     0  5.02e-04 6.52e-01 3.48e-01 4.86e-05 8.03e-06 1.66e-06 1.94e-07 0.00e+00 0.00e+00 0.00e+00 0.00e+00 0.00e+00 0.00e+00
 Zinc       0  2.46e-04 1.58e-01 4.54e-01 3.03e-01 8.51e-02 1.18e-05 1.31e-06 0.00e+00 0.00e+00 0.00e+00 0.00e+00 0.00e+00 0.00e+00
   AGN log nH=1.89 log U=-2.67  
   Calculation stopped because lowest Te reached. Iteration 3 of 3
   The geometry is plane-parallel.
  !Some input lines contained underscores, these were changed to spaces.
  !Suprathermal collisional ionization of H reached 51.57% of the local H ionization rate.
  !Charge transfer H => H+ reached 1070.9% of the local H ionization rate.
  !AGE: Cloud age was not set.  Longest timescale was 2.70e+11 s = 8.57e+03 years.
  !The CMB was not included.  This is added with the CMB command.
  !The radiation pressure jumped by 690% from 5.28e-12 (zone 18) to 4.15e-13 (zone 19) to 4.48e-13 (zone 20)
   Charge transfer heating reached 1.97% of the local heating.
   The density is too low to l-mix the lowest H  I collapsed level.  More resolved levels are needed for accurate line ratios.
   The density is too low to l-mix the lowest He I collapsed level.  More resolved levels are needed for accurate line ratios.
   Grains were not present but might survive in this environment (energy density temperature was 7.20e+00K)
   The continuum optical depth at the lowest energy considered (3.045e-09 Ryd) was 6.939e+01.

                       *********************************> Cloudy 25.00 <**********************************
                       * title AGN log nH=1.89 log U=-2.67                                               *
                       * hden 1.8888888888888888                                                         *
                       * table AGN                                                                       *
                       * stop efrac 0.01                                                                 *
                       * ionization parameter -2.666666666666667                                         *
                       * abundances GASS                                                                 *
                       * sphere                                                                          *
                       * stop temperature 4000 K                                                         *
                       * stop column density 22                                                          *
                       * iterate to convergence                                                          *
                       * save overview "AGNmodel_nH1.89_Um2.67_temp36666.67.txt"                         *
                       *********************************> Log(U): -2.67 <*********************************

                     Emission Line Spectrum.   Constant  Density Model.  Closed geometry.  Iteration 3 of 3.
                                                     Intensity (erg/s/cm^2).


                                                   Intrinsic line intensities
general properties..............................      H  1                8392.40A    -5.067    0.0034      N  1                1134.41A    -5.387    0.0016
Inci                      0     -0.215  244.0280      H  1                8374.48A    -5.111    0.0031      N  1                1134.98A    -5.354    0.0018
TotH                      0     -0.914   48.8156      H  1                4.05115m    -3.764    0.0690      N  1                1199.55A    -5.040    0.0037
TotC                      0     -0.914   48.8044      H  1                2.62515m    -3.982    0.0418      N  1                1200.22A    -5.076    0.0034
BFH1                      0     -1.064   34.5835      H  1                2.16553m    -4.184    0.0262      N  1                1200.71A    -5.203    0.0025
BFHe                      0     -1.541   11.5150      H  1                1.94456m    -4.361    0.0175      N  1                5197.90A    -4.626    0.0095
TotM                      0     -2.271    2.1453      H  1                1.81741m    -4.516    0.0122      N  1                5200.26A    -4.485    0.0131
CT H                      0     -2.876    0.5324      H  1                1.73621m    -4.654    0.0089      N  4                1486.50A    -5.316    0.0019
H FB                      0     -2.286    2.0702      H  1                1.68065m    -4.751    0.0071      N  4                1483.32A    -5.167    0.0027
HFBc                      0     -2.286    2.0702      H  1                1.64072m    -4.854    0.0056      N  4                765.147A    -5.088    0.0033
H  1c                     0     -2.357    1.7583      H  1                1.61093m    -4.948    0.0045      N  4                247.205A    -5.418    0.0015
He 1c                     0     -4.487    0.0130      H  1                1.58805m    -5.035    0.0037      N  5                1238.82A    -5.598    0.0010
Al 3c                     0     -4.460    0.0139      H  1                1.57007m    -5.116    0.0031      Ne 2                12.8101m    -4.016    0.0385
Ar 2c                     0     -4.561    0.0110      H  1                1.55565m    -5.191    0.0026      Ne 3                15.5509m    -2.655    0.8854
Ar 3c                     0     -2.892    0.5131      H  1                1.54389m    -5.260    0.0022      Ne 3                3868.76A    -2.875    0.5335
Ar 4c                     0     -4.234    0.0234      H  1                1.53418m    -5.324    0.0019      Ne 3                36.0036m    -3.695    0.0808
Ar 5c                     0     -4.771    0.0068      H  1                1.52605m    -5.382    0.0017      Ne 3                3967.47A    -3.393    0.1619
C  1c                     0     -5.034    0.0037      H  1                1.51919m    -5.434    0.0015      Ne 3                1814.56A    -5.374    0.0017
C  2c                     0     -3.098    0.3197      H  1                1.51332m    -5.478    0.0013      Ne 3                491.045A    -5.021    0.0038
C  3c                     0     -2.857    0.5571      H  1                7.45782m    -4.282    0.0209      Ne 3                489.645A    -5.455    0.0014
Ca 4c                     0     -3.901    0.0503      H  1                4.65251m    -4.449    0.0142      Ne 3                313.688A    -5.323    0.0019
Co 2c                     0     -4.749    0.0071      H  1                3.73954m    -4.617    0.0097      Ne 3                490.311A    -5.371    0.0017
Co 3c                     0     -5.138    0.0029      H  1                3.29609m    -4.770    0.0068      Ne 5                24.3108m    -4.103    0.0316
Cr 2c                     0     -4.796    0.0064      H  1                3.03837m    -4.907    0.0050      Ne 5                14.3178m    -4.292    0.0204
Fe 2c                     0     -2.240    2.3055      H  1                2.87221m    -5.039    0.0037      Ne 5                3425.88A    -5.399    0.0016
Fe 3c                     0     -2.497    1.2734      H  1                2.75752m    -5.142    0.0029      O  1                1040.94A    -5.567    0.0011
Fe 7c                     0     -5.118    0.0031      H  1                2.67440m    -5.236    0.0023      O  1                1304.86A    -5.059    0.0035
K  3c                     0     -4.605    0.0099      H  1                2.61194m    -5.323    0.0019      O  1                1306.03A    -5.554    0.0011
K  4c                     0     -5.377    0.0017      H  1                2.56363m    -5.403    0.0016      O  1                5577.34A    -5.223    0.0024
Mg 1c                     0     -3.854    0.0560      H  1                2.52540m    -5.478    0.0013      O  1                6300.30A    -3.616    0.0970
Mn 2c                     0     -4.914    0.0049      H  1                2.49458m    -5.547    0.0011      O  1                6363.78A    -4.111    0.0310
N  1c                     0     -4.236    0.0233      H  1                12.3685m    -4.717    0.0077      O  1                63.1679m    -4.055    0.0353
N  4c                     0     -4.934    0.0047      H  1                7.50045m    -4.849    0.0057      O  1                145.495m    -5.069    0.0034
Ne 2c                     0     -4.016    0.0385      H  1                5.90660m    -4.991    0.0041      O  2                539.086A    -5.247    0.0023
Ne 3c                     0     -2.381    1.6639      H  1                5.12726m    -5.124    0.0030      O  2                539.547A    -5.276    0.0021
Ne 5c                     0     -3.868    0.0542      H  1                4.67124m    -5.278    0.0021      O  2                539.854A    -5.333    0.0019
O  1c                     0     -3.373    0.1696      H  1                4.37526m    -5.379    0.0017      O  2                832.758A    -5.338    0.0018
O  2c                     0     -2.138    2.9151      H  1                4.16966m    -5.473    0.0013      O  2                833.330A    -5.286    0.0021
O  3c                     0     -1.342   18.2193      H  1                4.01977m    -5.559    0.0011      O  2                834.465A    -5.262    0.0022
P  2c                     0     -3.944    0.0455      H  1                19.0567m    -5.092    0.0032      O  2                2470.22A    -4.673    0.0085
P  3c                     0     -4.653    0.0089      H  1                11.3056m    -5.198    0.0025      O  2                2470.34A    -4.096    0.0321
S  2c                     0     -2.581    1.0517      H  1                8.75768m    -5.320    0.0019      O  2                7318.92A    -4.756    0.0070
S  3c                     0     -2.037    3.6741      H  1                7.50606m    -5.482    0.0013      O  2                7319.99A    -4.290    0.0205
Si 2c                     0     -2.472    1.3511      H  1                6.77015m    -5.582    0.0010      O  2                7329.67A    -4.534    0.0117
Si 3c                     0     -3.218    0.2423      H  1                27.7958m    -5.422    0.0015      O  2                7330.73A    -4.559    0.0111
Si 4c                     0     -4.532    0.0118      H  1                16.2047m    -5.508    0.0012      O  2                3728.81A    -2.387    1.6438
Al 2c                     0     -3.737    0.0734      Ca A                303.784A    -1.640    9.1634      O  2                3726.03A    -2.530    1.1802
Al 5c                     0     -5.161    0.0028      Ca A                256.317A    -2.377    1.6810      O  3                88.3323m    -2.091    3.2467
C  4c                     0     -3.909    0.0493      Ca A                243.027A    -2.811    0.6189      O  3                4931.23A    -5.513    0.0012
Ca 2c                     0     -3.284    0.2081      Ca A                237.331A    -3.120    0.3034      O  3                51.8004m    -2.189    2.5935
Ca 5c                     0     -4.794    0.0064      Ca A                234.347A    -3.362    0.1738      O  3                4958.91A    -2.104    3.1502
Cl 2c                     0     -4.197    0.0255      Ca A                232.584A    -3.562    0.1097      O  3                2320.95A    -4.478    0.0133
Cl 3c                     0     -4.036    0.0369      Ca A                231.454A    -3.733    0.0741      O  3                1660.81A    -4.421    0.0152
Cl 4c                     0     -4.110    0.0311      Ca A                230.686A    -3.882    0.0526      O  3                833.715A    -5.136    0.0029
Fe 4c                     0     -2.894    0.5109      Ca A                230.139A    -4.014    0.0387      O  3                833.749A    -5.533    0.0012
Fe 5c                     0     -3.044    0.3617      Ca A                229.736A    -4.134    0.0294      O  3                702.838A    -5.242    0.0023
Fe 6c                     0     -3.625    0.0950      Ca A                229.431A    -4.242    0.0229      O  3                702.896A    -5.577    0.0011
Mg 2c                     0     -2.499    1.2678      Ca A                229.194A    -4.342    0.0182      O  3                507.680A    -5.274    0.0021
Mg 4c                     0     -3.873    0.0537      Ca A                229.006A    -4.435    0.0147      O  3                5006.84A    -1.643    9.1050
Mg 5c                     0     -4.712    0.0078      Ca A                228.855A    -4.521    0.0121      O  3                1666.15A    -4.026    0.0377
N  2c                     0     -2.552    1.1235      Ca A                228.731A    -4.602    0.0100      O  3                835.059A    -5.310    0.0020
N  3c                     0     -2.790    0.6495      Ca A                228.629A    -4.678    0.0084      O  3                835.092A    -5.175    0.0027
Na 3c                     0     -4.501    0.0126      Ca A                228.543A    -4.749    0.0071      O  3                835.289A    -5.349    0.0018
Na 4c                     0     -4.708    0.0078      Ca A                228.471A    -4.817    0.0061      O  3                703.851A    -4.974    0.0043
Ne 4c                     0     -4.163    0.0275      Ca A                228.409A    -4.881    0.0053      O  3                703.854A    -5.106    0.0031
Ni 2c                     0     -3.458    0.1394      Ca A                228.356A    -4.942    0.0046      O  3                508.178A    -4.444    0.0144
O  4c                     0     -2.217    2.4302      Ca A                228.309A    -5.001    0.0040      O  3                4363.21A    -3.852    0.0563
S  4c                     0     -2.573    1.0700      Ca A                228.269A    -5.057    0.0035      O  5                629.732A    -5.193    0.0026
continua........................................      Ca A                228.234A    -5.110    0.0031      P  2                60.6263m    -4.890    0.0052
Bac                 3646.00A    -1.394   16.1522      Ca A                1640.41A    -2.624    0.9510      P  2                32.8620m    -4.750    0.0071
nFnu                3645.00A    -1.287   20.6931      Ca A                1215.13A    -3.159    0.2779      P  2                1.14682m    -4.667    0.0086
nFnu                3647.00A    -1.945    4.5409      Ca A                1084.94A    -3.513    0.1227      P  2                1.18828m    -4.243    0.0229
cout                3646.00A    -1.394   16.1522      Ca A                1025.27A    -3.780    0.0665      P  2                7875.99A    -5.588    0.0010
thin                3646.00A    -1.394   16.1525      Ca A                992.358A    -3.994    0.0406      P  3                17.8797m    -4.654    0.0089
Inci                4860.00A    -1.319   19.2084      Ca A                972.106A    -4.174    0.0268      P  4                950.657A    -5.586    0.0010
Inci                1367.00A    -1.064   34.5662      Ca A                958.693A    -4.329    0.0188      S  2                6730.82A    -2.987    0.4123
Inci                2066.00A    -1.154   28.1136      Ca A                949.323A    -4.466    0.0137      S  2                6716.44A    -2.859    0.5543
Inci                1215.00A    -1.038   36.6571      Ca A                942.507A    -4.589    0.0103      S  2                4076.35A    -4.515    0.0122
Ba C                      0     -2.078    3.3441      Ca A                937.389A    -4.701    0.0080      S  2                4068.60A    -4.022    0.0380
PA C                      0     -2.494    1.2841      Ca A                933.444A    -4.803    0.0063      S  2                1.03364m    -4.653    0.0089
FIR                 83.0000m    -1.766    6.8630      Ca A                930.337A    -4.897    0.0051      S  2                1.02867m    -4.648    0.0090
TIR                 1800.00m    -4.643    0.0091      Ca A                927.846A    -4.984    0.0042      S  2                1.03705m    -4.975    0.0042
NIRa                2.85000m    -0.734   73.9285      Ca A                925.816A    -5.066    0.0034      S  2                1.03205m    -4.515    0.0122
NIRb                3.00000m    -1.060   34.8644      Ca A                924.142A    -5.143    0.0029      S  2                1259.52A    -5.516    0.0012
MIRa                15.0000m    -1.240   23.0265      Ca A                922.743A    -5.215    0.0024      S  2                1253.81A    -5.558    0.0011
MIRb                22.5000m    -1.150   28.3561      Ca A                921.562A    -5.283    0.0021      S  2                910.485A    -5.408    0.0016
NMIR                21.7500m    -0.734   73.9285      Ca A                920.556A    -5.348    0.0018      S  3                33.4704m    -2.566    1.0869
TFIR                611.250m    -3.473    0.1348      Ca A                919.693A    -5.410    0.0016      S  3                18.7078m    -2.765    0.6876
TALL                10000.0A    -0.221  240.6171      Ca A                918.945A    -5.469    0.0014      S  3                9068.62A    -2.883    0.5239
F12                 12.0000m    -1.657    8.8261      Ca A                918.295A    -5.525    0.0012      S  3                9530.62A    -2.483    1.3161
F25                 25.0000m    -2.056    3.5219      Ca A                917.724A    -5.579    0.0011      S  3                3721.63A    -4.340    0.0183
F60                 60.0000m    -2.068    3.4273      Ca A                4685.68A    -3.328    0.1879      S  3                6312.06A    -4.066    0.0344
F100                100.000m    -2.089    3.2633      Ca A                3203.08A    -3.735    0.0737      S  3                1713.11A    -5.416    0.0015
MIPS                24.0000m    -2.096    3.2126      Ca A                2733.28A    -4.030    0.0373      S  3                1728.94A    -4.964    0.0043
MIPS                70.0000m    -3.530    0.1181      Ca A                2511.19A    -4.262    0.0219      S  3                1194.45A    -5.513    0.0012
MIPS                160.000m    -3.637    0.0923      Ca A                2385.39A    -4.453    0.0141      S  3                1021.11A    -5.523    0.0012
IRAC                3.60000m    -1.963    4.3558      Ca A                2306.18A    -4.616    0.0097      S  5                786.468A    -5.583    0.0010
IRAC                4.50000m    -1.934    4.6575      Ca A                2252.67A    -4.759    0.0070      Si 2                34.8046m    -2.553    1.1208
IRAC                5.80000m    -1.873    5.3584      Ca A                2214.65A    -4.887    0.0052      Si 2                2334.41A    -4.407    0.0157
IRAC                8.00000m    -1.737    7.3299      Ca A                2186.59A    -5.002    0.0040      Si 2                2328.52A    -5.016    0.0039
SPR1                250.000m    -4.866    0.0054      Ca A                2165.23A    -5.106    0.0031      Si 2                1808.01A    -4.287    0.0207
SPR2                350.000m    -4.983    0.0042      Ca A                2148.58A    -5.203    0.0025      Si 2                1260.42A    -5.570    0.0011
SPR3                500.000m    -5.041    0.0036      Ca A                2135.34A    -5.292    0.0020      Si 2                2350.17A    -4.280    0.0210
PAC1                70.0000m    -3.502    0.1261      Ca A                2124.61A    -5.376    0.0017      Si 2                2344.20A    -3.867    0.0544
PAC2                100.000m    -2.083    3.3036      Ca A                2115.81A    -5.454    0.0014      Si 2                2334.60A    -3.939    0.0461
PAC3                160.000m    -3.613    0.0977      Ca A                2108.49A    -5.527    0.0012      Si 2                1817.45A    -4.458    0.0139
PAH                 3.30000m    -2.817    0.6096      Ca A                2102.33A    -5.597    0.0010      Si 2                1816.93A    -3.977    0.0422
PAHC                3.23000m    -3.042    0.3633      Ca A                1.01235m    -3.871    0.0538      Si 2                1533.43A    -4.609    0.0098
PAHC                3.37000m    -3.134    0.2942      Ca A                6560.01A    -4.192    0.0257      Si 2                1309.28A    -5.018    0.0038
PAH                 6.20000m    -2.398    1.6002      Ca A                5411.45A    -4.443    0.0144      Si 2                1265.00A    -4.736    0.0074
PAHC                5.65000m    -2.360    1.7477      Ca A                4859.26A    -4.646    0.0090      Si 2                1264.74A    -5.176    0.0027
PAH                 7.90000m    -2.203    2.5075      Ca A                4541.54A    -4.818    0.0061      Si 2                1197.39A    -4.869    0.0054
PAHC                6.90000m    -2.137    2.9209      Ca A                4338.62A    -4.967    0.0043      Si 2                1194.50A    -4.897    0.0051
PAH                 11.3000m    -2.946    0.4538      Ca A                4199.78A    -5.099    0.0032      Si 3                1892.03A    -3.624    0.0952
PAHC                10.9000m    -2.877    0.5315      Ca A                4099.99A    -5.218    0.0024      Si 3                1882.71A    -3.450    0.1422
PAH                 11.8000m    -2.801    0.6324      Ca A                4025.55A    -5.326    0.0019      Si 3                1206.50A    -4.562    0.0110
PAHC                12.6500m    -2.877    0.5318      Ca A                3968.39A    -5.424    0.0015      Si 4                1393.75A    -4.579    0.0106
PAH                 13.3000m    -2.956    0.4433      Ca A                3923.44A    -5.516    0.0012      Si 4                1402.77A    -4.797    0.0064
PAHC                14.1000m    -3.039    0.3662      Ca A                3887.40A    -5.600    0.0010      Al 2                2669.15A    -4.190    0.0259
Bcon                3640.00A    -0.650   89.5925      Ca A                1.86365m    -4.321    0.0191      Al 2                2660.35A    -4.016    0.0386
Pcon                5000.00A    -0.949   44.9965      Ca A                1.16262m    -4.580    0.0105      Al 2                1670.79A    -4.555    0.0112
O3bn                5007.00A    -1.610    9.8330      Ca A                9344.80A    -4.796    0.0064      Al 5                2.90450m    -5.160    0.0028
SX                  25.0000A    -2.113    3.0879      Ca A                8236.67A    -4.976    0.0042      C  4                1550.77A    -4.319    0.0192
HX                  4.70000A    -1.887    5.1991      Ca A                7592.65A    -5.131    0.0030      C  4                1548.19A    -4.051    0.0356
ROSA                12.3980A    -1.822    6.0349      Ca A                7177.41A    -5.267    0.0022      C  4                419.714A    -5.535    0.0012
HFFc                      0     -2.400    1.5954      Ca A                6890.80A    -5.389    0.0016      C  4                312.451A    -5.179    0.0026
H FF                      0     -2.455    1.4042      Ca A                6683.11A    -5.500    0.0013      C  4                312.420A    -5.141    0.0029
HeFF                      0     -3.338    0.1838      Ca A                6527.01A    -5.601    0.0010      Ca 2                7323.89A    -3.815    0.0613
MeFB                      0     -4.216    0.0244      Ca A                3.09080m    -4.708    0.0078      Ca 2                7291.47A    -3.632    0.0934
MeFF                      0     -4.847    0.0057      Ca A                1.87431m    -4.920    0.0048      Ca 2                3968.47A    -4.528    0.0119
ToFF                      0     -2.400    1.5937      Ca A                1.47602m    -5.106    0.0031      Ca 2                8662.14A    -4.698    0.0080
nFnu                6915.34m    -5.583    0.0010      Ca A                1.28127m    -5.267    0.0022      Ca 2                3933.66A    -4.442    0.0145
nFnu                122.367m    -4.115    0.0307      Ca A                1.16730m    -5.408    0.0016      Ca 2                8498.02A    -5.299    0.0020
nInu                122.367m    -5.125    0.0030      Ca A                1.09334m    -5.533    0.0012      Ca 2                8542.09A    -4.352    0.0178
nFnu                60.8157m    -3.870    0.0540      Ca A                4.76213m    -5.047    0.0036      Ca 5                4.15739m    -4.956    0.0044
nInu                60.8157m    -4.066    0.0344      Ca A                2.82519m    -5.222    0.0024      Ca 5                5309.11A    -5.456    0.0014
nFnu                41.2039m    -3.724    0.0755      Ca A                2.18848m    -5.386    0.0016      Cl 2                14.3639m    -4.763    0.0069
nInu                41.2039m    -3.473    0.1346      Ca A                1.87570m    -5.530    0.0012      Cl 2                8578.70A    -4.457    0.0140
nFnu                30.8611m    -3.620    0.0960      Ca A                6.94599m    -5.349    0.0018      Cl 2                9123.60A    -5.042    0.0036
nInu                30.8611m    -3.033    0.3715      Ca A                4.04945m    -5.496    0.0013      Cl 3                5537.87A    -4.453    0.0141
nFnu                24.7761m    -3.541    0.1152      Ca B                1640.41A    -2.496    1.2781      Cl 3                5517.71A    -4.307    0.0198
nInu                24.7761m    -2.698    0.8022      Ca B                1215.13A    -3.018    0.3841      Cl 3                3342.80A    -5.412    0.0015
nFnu                24.2932m    -3.534    0.1171      Ca B                1084.94A    -3.370    0.1709      Cl 4                20.3197m    -4.520    0.0121
nInu                24.2932m    -2.668    0.8603      Ca B                1025.27A    -3.636    0.0927      Cl 4                11.7629m    -4.611    0.0098
nFnu                22.8240m    -3.511    0.1234      Ca B                992.358A    -3.850    0.0566      Cl 4                7530.54A    -5.175    0.0027
nInu                22.8240m    -2.577    1.0613      Ca B                972.106A    -4.030    0.0373      Cl 4                8045.62A    -4.811    0.0062
nFnu                21.4141m    -3.489    0.1297      Ca B                958.693A    -4.186    0.0261      Fe 4                3094.96A    -3.372    0.1699
nInu                21.4141m    -2.480    1.3247      Ca B                949.323A    -4.324    0.0190      Fe 4                2835.74A    -3.381    0.1665
nFnu                21.1177m    -3.484    0.1314      Ca B                942.507A    -4.447    0.0143      Fe 4                2829.36A    -3.675    0.0846
nInu                21.1177m    -2.455    1.4042      Ca B                937.389A    -4.559    0.0110      Fe 4                2823.50A    -4.250    0.0225
nFnu                19.6146m    -3.456    0.1401      Ca B                933.444A    -4.662    0.0087      Fe 4                2577.92A    -5.264    0.0022
nInu                19.6146m    -2.344    1.8151      Ca B                930.337A    -4.757    0.0070      Fe 4                2.83562m    -4.786    0.0066
nFnu                17.6486m    -3.417    0.1531      Ca B                927.846A    -4.844    0.0057      Fe 4                2.80554m    -5.346    0.0018
nInu                17.6486m    -2.187    2.6058      Ca B                925.816A    -4.927    0.0047      Fe 4                2.86447m    -5.142    0.0029
nFnu                17.3653m    -3.412    0.1551      Ca B                924.142A    -5.004    0.0040      Fe 4                2567.61A    -4.349    0.0179
nInu                17.3653m    -2.161    2.7623      Ca B                922.743A    -5.076    0.0034      Fe 4                2.71569m    -5.465    0.0014
nFnu                15.6859m    -3.377    0.1682      Ca B                921.562A    -5.145    0.0029      Fe 4                2567.40A    -5.109    0.0031
nInu                15.6859m    -2.004    3.9656      Ca B                920.556A    -5.210    0.0025      Fe 4                6739.82A    -4.918    0.0048
nFnu                14.5997m    -3.349    0.1793      Ca B                919.693A    -5.272    0.0021      Fe 4                6761.38A    -5.419    0.0015
nInu                14.5997m    -1.898    5.0664      Ca B                918.945A    -5.331    0.0019      Fe 4                6734.42A    -5.032    0.0037
nFnu                12.4266m    -3.286    0.2072      Ca B                918.295A    -5.387    0.0016      Fe 4                5233.76A    -5.550    0.0011
nInu                12.4266m    -1.650    8.9729      Ca B                917.724A    -5.441    0.0015      Fe 4                4906.56A    -5.183    0.0026
nFnu                11.3969m    -3.257    0.2215      Ca B                4685.68A    -3.304    0.1990      Fe 4                4899.97A    -5.562    0.0011
nInu                11.3969m    -1.518   12.1520      Ca B                3203.08A    -3.699    0.0800      Fe 4                4903.07A    -5.542    0.0011
nFnu                10.4572m    -3.221    0.2405      Ca B                2733.28A    -3.989    0.0411      Fe 5                70.3538m    -3.804    0.0629
nInu                10.4572m    -1.386   16.4575      Ca B                2511.19A    -4.217    0.0243      Fe 5                36.3273m    -3.778    0.0668
nFnu                9.47744m    -3.190    0.2588      Ca B                2385.39A    -4.406    0.0157      Fe 5                25.9131m    -3.885    0.0521
nInu                9.47744m    -1.319   19.2096      Ca B                2306.18A    -4.569    0.0108      Fe 5                20.8407m    -4.153    0.0282
nFnu                9.32234m    -3.184    0.2620      Ca B                2252.67A    -4.711    0.0078      Fe 5                4180.59A    -4.763    0.0069
nInu                9.32234m    -1.319   19.2096      Ca B                2214.65A    -4.838    0.0058      Fe 5                4143.15A    -4.527    0.0119
nFnu                8.20812m    -3.133    0.2945      Ca B                2186.59A    -4.952    0.0045      Fe 5                4227.19A    -3.818    0.0608
nInu                8.20812m    -1.319   19.2096      Ca B                2165.23A    -5.057    0.0035      Fe 5                4003.21A    -5.472    0.0014
nFnu                7.57793m    -3.108    0.3122      Ca B                2148.58A    -5.153    0.0028      Fe 5                4071.24A    -4.540    0.0116
nInu                7.57793m    -1.319   19.2095      Ca B                2135.34A    -5.242    0.0023      Fe 5                3895.22A    -4.961    0.0044
nFnu                7.04834m    -3.071    0.3398      Ca B                2124.61A    -5.325    0.0019      Fe 5                3851.34A    -5.198    0.0025
nInu                7.04834m    -1.319   19.2095      Ca B                2115.81A    -5.403    0.0016      Fe 5                3794.94A    -4.609    0.0099
nFnu                4.11258m    -2.862    0.5503      Ca B                2108.49A    -5.477    0.0013      Fe 5                3755.70A    -4.890    0.0052
nInu                4.11258m    -1.319   19.2093      Ca B                2102.33A    -5.546    0.0011      Fe 5                3911.33A    -5.466    0.0014
nFnu                2.32377m    -2.676    0.8433      Ca B                1.01235m    -3.861    0.0551      Fe 5                3839.27A    -4.598    0.0101
nInu                2.32377m    -1.319   19.2091      Ca B                6560.01A    -4.178    0.0266      Fe 5                3783.22A    -5.010    0.0039
nFnu                1.64268m    -2.530    1.1809      Ca B                5411.45A    -4.426    0.0150      Fe 5                3891.28A    -4.839    0.0058
nInu                1.64268m    -1.319   19.2089      Ca B                4859.26A    -4.627    0.0095      Fe 5                3819.95A    -5.510    0.0012
nFnu                1.47981m    -2.518    1.2133      Ca B                4541.54A    -4.797    0.0064      Fe 5                3445.62A    -5.354    0.0018
nInu                1.47981m    -1.319   19.2088      Ca B                4338.62A    -4.945    0.0045      Fe 5                3463.51A    -5.345    0.0018
nFnu                1.43610m    -2.350    1.7902      Ca B                4199.78A    -5.076    0.0034      Fe 5                2828.24A    -5.483    0.0013
nInu                1.43610m    -1.319   19.2087      Ca B                4099.99A    -5.194    0.0026      Fe 6                19.5527m    -4.170    0.0271
nFnu                1.11836m    -2.334    1.8540      Ca B                4025.55A    -5.302    0.0020      Fe 6                14.7670m    -4.401    0.0159
nInu                1.11836m    -1.319   19.2083      Ca B                3968.39A    -5.400    0.0016      Fe 6                12.3074m    -4.665    0.0087
nFnu                8327.39A    -2.322    1.9057      Ca B                3923.44A    -5.491    0.0013      Fe 6                5335.18A    -4.994    0.0041
nInu                8327.39A    -1.319   19.2081      Ca B                3887.40A    -5.576    0.0011      Fe 6                5484.84A    -5.249    0.0023
nFnu                8076.39A    -1.979    4.2065      Ca B                1.86365m    -4.315    0.0194      Fe 6                5631.07A    -5.144    0.0029
nInu                8076.39A    -1.319   19.2081      Ca B                1.16262m    -4.572    0.0107      Fe 6                5277.81A    -5.495    0.0013
nFnu                6207.94A    -2.015    3.8719      Ca B                9344.80A    -4.786    0.0066      Fe 6                5424.22A    -5.164    0.0027
nInu                6207.94A    -1.319   19.2080      Ca B                8236.67A    -4.965    0.0043      Fe 6                5676.95A    -5.110    0.0031
nFnu                4884.00A    -2.021    3.8178      Ca B                7592.65A    -5.119    0.0030      Fe 6                5426.64A    -5.441    0.0015
nInu                4884.00A    -1.319   19.2080      Ca B                7177.41A    -5.255    0.0022      Fe 6                5145.75A    -4.812    0.0062
nFnu                3703.28A    -1.972    4.2722      Ca B                6890.80A    -5.376    0.0017      Fe 6                4972.47A    -4.828    0.0059
nInu                3703.28A    -1.280   20.9970      Ca B                6683.11A    -5.486    0.0013      Fe 6                5176.04A    -4.891    0.0051
nFnu                3586.64A    -1.296   20.2696      Ca B                6527.01A    -5.587    0.0010      Fe 6                4967.14A    -5.262    0.0022
nInu                3586.64A    -1.274   21.3143      Ca B                3.09080m    -4.703    0.0079      Mg 2                2802.71A    -2.973    0.4264
nFnu                2429.31A    -1.520   12.0858      Ca B                1.87431m    -4.914    0.0049      Mg 2                2795.53A    -2.677    0.8427
nInu                2429.31A    -1.189   25.9033      Ca B                1.47602m    -5.100    0.0032      Mg 4                4.48711m    -3.873    0.0537
nFnu                2391.30A    -1.523   12.0148      Ca B                1.28127m    -5.260    0.0022      Mg 4                323.307A    -5.423    0.0015
nInu                2391.30A    -1.185   26.1201      Ca B                1.16730m    -5.400    0.0016      Mg 5                5.60700m    -4.781    0.0066
nFnu                2070.68A    -1.507   12.4584      Ca B                1.09334m    -5.525    0.0012      N  2                205.283m    -4.405    0.0158
nInu                2070.68A    -1.154   28.0607      Ca B                4.76213m    -5.042    0.0036      N  2                121.769m    -3.995    0.0405
nFnu                2052.02A    -1.487   13.0390      Ca B                2.82519m    -5.218    0.0024      N  2                6548.05A    -3.183    0.2626
nInu                2052.02A    -1.152   28.2013      Ca B                2.18848m    -5.381    0.0017      N  2                6583.45A    -2.714    0.7741
nFnu                1793.44A    -1.420   15.2354      Ca B                1.87570m    -5.525    0.0012      N  2                5754.59A    -4.508    0.0124
nInu                1793.44A    -1.123   30.1456      Ca B                6.94599m    -5.344    0.0018      N  2                2139.01A    -4.910    0.0049
nFnu                1585.12A    -1.384   16.5484      Ca B                4.04945m    -5.492    0.0013      N  2                2142.77A    -4.520    0.0121
nInu                1585.12A    -1.096   32.1140      He 2                607.571A    -2.025    3.7824      N  2                1085.70A    -5.326    0.0019
nFnu                1458.33A    -1.378   16.7588      He 2                303.784A    -1.791    6.4786      N  2                1084.58A    -5.518    0.0012
nInu                1458.33A    -1.078   33.4782      He 2                256.317A    -4.797    0.0064      N  2                1085.55A    -5.268    0.0022
nFnu                1356.96A    -1.417   15.3170      He 2                243.027A    -4.948    0.0045      N  2                1083.99A    -5.499    0.0013
nInu                1356.96A    -1.062   34.6718      He 2                237.331A    -5.014    0.0039      N  2                1084.56A    -5.340    0.0018
nFnu                1297.29A    -1.520   12.0855      He 2                234.347A    -5.056    0.0035      N  2                916.020A    -5.564    0.0011
nInu                1297.29A    -1.052   35.4910      He 2                232.584A    -5.082    0.0033      N  2                916.710A    -5.173    0.0027
nFnu                1262.79A    -1.677    8.4291      He 2                231.454A    -5.095    0.0032      N  2                916.701A    -5.142    0.0029
nInu                1262.79A    -1.047   35.9678      He 2                230.686A    -5.121    0.0030      N  2                915.962A    -5.289    0.0021
nFnu                1218.08A    -2.535    1.1668      He 2                230.139A    -5.137    0.0029      N  3                57.3238m    -2.806    0.6257
nInu                1218.08A    -1.039   36.6336      He 2                229.736A    -5.194    0.0026      N  3                1748.65A    -5.118    0.0030
nFnu                1196.33A    -2.523    1.1999      He 2                229.431A    -5.202    0.0025      N  3                1753.99A    -5.103    0.0032
nInu                1196.33A    -1.035   36.9394      He 2                229.194A    -5.212    0.0025      N  3                1746.82A    -5.517    0.0012
nFnu                1175.06A    -2.511    1.2345      He 2                229.006A    -5.222    0.0024      N  3                1752.16A    -4.678    0.0084
nInu                1175.06A    -1.031   37.2486      He 2                228.855A    -5.232    0.0023      N  3                1749.67A    -4.713    0.0078
nFnu                1143.64A    -2.488    1.3024      He 2                228.731A    -5.241    0.0023      N  3                989.799A    -5.474    0.0013
nInu                1143.64A    -1.025   37.8119      He 2                228.629A    -5.249    0.0023      N  3                991.511A    -5.119    0.0030
nFnu                1113.22A    -2.466    1.3687      He 2                228.543A    -5.255    0.0022      N  3                991.577A    -5.289    0.0021
nInu                1113.22A    -1.019   38.3196      He 2                228.471A    -5.259    0.0022      N  3                764.351A    -5.047    0.0036
nFnu                1103.23A    -2.461    1.3861      He 2                228.409A    -5.259    0.0022      N  3                685.515A    -5.542    0.0011
nInu                1103.23A    -1.018   38.4476      He 2                228.356A    -5.254    0.0022      N  3                686.336A    -4.986    0.0041
nFnu                1073.86A    -2.437    1.4634      He 2                1640.41A    -2.528    1.1870      N  3                685.817A    -4.903    0.0050
nInu                1073.86A    -1.012   38.9446      He 2                1215.13A    -3.004    0.3971      N  3                452.227A    -5.045    0.0036
nFnu                1064.34A    -2.429    1.4913      He 2                1084.94A    -3.342    0.1823      Na 3                7.31570m    -4.501    0.0126
nInu                1064.34A    -1.010   39.1400      He 2                1025.27A    -3.601    0.1003      Na 3                380.100A    -5.573    0.0011
nFnu                1035.92A    -2.407    1.5688      He 2                992.358A    -3.811    0.0618      Na 4                9.03096m    -4.811    0.0062
nInu                1035.92A    -1.004   39.6652      He 2                972.106A    -3.988    0.0411      Ne 4                2421.66A    -4.565    0.0109
nFnu                1000.00A    -2.376    1.6825      He 2                958.693A    -4.140    0.0290      Ne 4                2424.28A    -4.392    0.0162
nInu                1000.00A    -0.996   40.3993      He 2                949.323A    -4.274    0.0213      Ne 4                541.126A    -5.325    0.0019
nFnu                925.144A    -2.314    1.9422      He 2                942.507A    -4.129    0.0297      Ne 4                542.076A    -5.267    0.0022
nInu                925.144A    -0.979   41.9795      He 2                937.389A    -4.223    0.0240      Ne 4                543.886A    -5.232    0.0023
nFnu                897.800A    -4.991    0.0041      He 2                933.444A    -4.309    0.0197      Ni 2                1.19102m    -3.885    0.0522
nFnu                496.874A    -4.717    0.0077      He 2                930.337A    -4.388    0.0164      Ni 2                6.63416m    -4.360    0.0175
RRC.............................................      He 2                927.846A    -4.461    0.0139      Ni 2                1.07151m    -5.137    0.0029
H  1                3645.98A    -2.503    1.2580      He 2                925.816A    -4.529    0.0118      Ni 2                10.6793m    -4.774    0.0067
H  1                3645.98A    -2.155    2.8037      He 2                924.142A    -4.591    0.0103      Ni 2                12.7253m    -5.353    0.0018
H  1                8203.57A    -3.239    0.2309      He 2                922.743A    -4.649    0.0090      Ni 2                7377.83A    -4.177    0.0266
H  1                8203.57A    -2.843    0.5746      He 2                921.562A    -4.701    0.0080      Ni 2                8300.99A    -5.473    0.0013
H  1                8203.57A    -2.943    0.4561      He 2                920.556A    -4.747    0.0072      Ni 2                1.93877m    -4.885    0.0052
H  1                1.45842m    -3.726    0.0752      He 2                919.693A    -4.786    0.0066      Ni 2                6666.80A    -5.318    0.0019
H  1                1.45842m    -3.324    0.1900      He 2                4685.68A    -3.407    0.1569      Ni 2                7411.61A    -5.099    0.0032
H  1                1.45842m    -3.317    0.1929      He 2                3203.08A    -3.733    0.0741      Ni 2                4326.24A    -5.201    0.0025
H  1                1.45842m    -3.656    0.0885      He 2                2733.28A    -3.998    0.0402      Ni 2                7255.82A    -5.556    0.0011
H  1                2.27878m    -4.084    0.0330      He 2                2511.19A    -4.215    0.0244      Ni 2                4201.17A    -5.441    0.0015
H  1                2.27878m    -3.682    0.0833      He 2                2385.39A    -4.397    0.0161      Ni 2                3993.06A    -5.316    0.0019
H  1                2.27878m    -3.643    0.0911      He 2                2306.18A    -4.553    0.0112      Ni 2                3438.88A    -5.536    0.0012
H  1                2.27878m    -3.835    0.0585      He 2                2252.67A    -4.691    0.0082      O  4                25.8863m    -2.217    2.4286
H  1                2.27878m    -4.329    0.0188      He 2                2214.65A    -4.644    0.0091      O  4                787.710A    -5.534    0.0012
H  1                3.28145m    -4.364    0.0173      He 2                2186.59A    -4.738    0.0073      O  4                790.114A    -5.308    0.0020
H  1                3.28145m    -3.964    0.0435      He 2                2165.23A    -4.823    0.0060      O  4                790.201A    -5.520    0.0012
H  1                3.28145m    -3.913    0.0489      He 2                2148.58A    -4.902    0.0050      O  4                609.830A    -5.022    0.0038
H  1                3.28145m    -4.051    0.0356      He 2                2135.34A    -4.975    0.0042      O  4                555.264A    -4.938    0.0046
H  1                3.28145m    -4.372    0.0170      He 2                2124.61A    -5.043    0.0036      O  4                554.514A    -4.865    0.0055
H  1                3.28145m    -4.969    0.0043      He 2                2115.81A    -5.105    0.0031      S  4                10.5076m    -2.573    1.0694
H  1                4.46642m    -4.594    0.0102      He 2                2108.49A    -5.163    0.0028      S  4                815.941A    -5.557    0.0011
H  1                4.46642m    -4.195    0.0255      He 2                2102.33A    -5.215    0.0024      S  4                753.760A    -5.419    0.0015
H  1                4.46642m    -4.139    0.0291      He 2                2097.10A    -5.261    0.0022      S  4                750.221A    -5.388    0.0016
H  1                4.46642m    -4.252    0.0224      He 2                2092.63A    -5.299    0.0020      S  4                661.455A    -5.315    0.0019
H  1                4.46642m    -4.502    0.0126      He 2                1.01235m    -4.019    0.0383      S  4                554.027A    -5.499    0.0013
H  1                4.46642m    -4.907    0.0050      He 2                6560.01A    -4.259    0.0221      level 1 lines...................................
H  1                4.46642m    -5.576    0.0011      He 2                5411.45A    -4.475    0.0134      recombination...................................
H  1                5.83369m    -4.788    0.0065      He 2                4859.26A    -4.660    0.0087      C  2                4267.00A    -5.241    0.0023
H  1                5.83369m    -4.391    0.0163      He 2                4541.54A    -4.821    0.0061      C  2                1761.00A    -5.308    0.0020
H  1                5.83369m    -4.332    0.0186      He 2                4338.62A    -4.961    0.0044      C  2                1335.00A    -3.498    0.1272
H  1                5.83369m    -4.432    0.0148      He 2                4199.78A    -5.014    0.0039      C  3                1923.00A    -5.337    0.0018
H  1                5.83369m    -4.646    0.0090      He 2                4099.99A    -5.106    0.0031      N  2                1742.00A    -5.256    0.0022
H  1                5.83369m    -4.968    0.0043      He 2                4025.55A    -5.192    0.0026      O  1                1357.00A    -5.516    0.0012
H  1                5.83369m    -5.431    0.0015      He 2                3968.39A    -5.270    0.0021      O  2                4094.00A    -5.526    0.0012
H  1                7.38326m    -4.956    0.0044      He 2                3923.44A    -5.343    0.0018      O  2                4075.00A    -5.174    0.0027
H  1                7.38326m    -4.560    0.0110      He 2                3887.40A    -5.411    0.0016      O  2                4111.00A    -5.481    0.0013
H  1                7.38326m    -4.501    0.0126      He 2                3858.03A    -5.473    0.0013      O  2                4651.00A    -4.953    0.0045
H  1                7.38326m    -4.593    0.0102      He 2                3833.76A    -5.530    0.0012      O  2                4341.00A    -5.230    0.0024
H  1                7.38326m    -4.787    0.0065      He 2                3813.45A    -5.582    0.0010      O  3                3265.00A    -5.358    0.0018
H  1                7.38326m    -5.064    0.0035      He 2                1.86365m    -4.519    0.0121      C  2                1167.50A    -5.165    0.0027
H  1                7.38326m    -5.432    0.0015      He 2                1.16262m    -4.698    0.0080      C  2                1092.50A    -4.558    0.0111
H  1                9.11514m    -5.104    0.0031      He 2                9344.80A    -4.876    0.0053      C  2                1036.80A    -4.191    0.0258
H  1                9.11514m    -4.709    0.0078      He 2                8236.67A    -5.035    0.0037      C  2                946.100A    -4.229    0.0237
H  1                9.11514m    -4.649    0.0090      He 2                7592.65A    -5.177    0.0027      C  2                799.800A    -3.331    0.1866
H  1                9.11514m    -4.737    0.0073      He 2                7177.41A    -5.303    0.0020      C  3                2296.90A    -4.843    0.0058
H  1                9.11514m    -4.918    0.0048      He 2                6890.80A    -5.395    0.0016      C  3                1828.00A    -4.871    0.0054
H  1                9.11514m    -5.168    0.0027      He 2                6683.11A    -5.479    0.0013      C  3                1577.10A    -4.814    0.0061
H  1                9.11514m    -5.484    0.0013      He 2                6527.01A    -5.558    0.0011      C  3                1247.40A    -5.352    0.0018
H  1                11.0293m    -4.159    0.0278      He 2                3.09080m    -4.946    0.0045      C  3                1175.70A    -4.664    0.0087
H  1                13.1258m    -4.271    0.0214      He 2                1.87431m    -5.082    0.0033      C  3                977.000A    -4.330    0.0187
H  1                15.4046m    -4.375    0.0169      He 2                1.47602m    -5.229    0.0024      C  3                574.300A    -5.420    0.0015
H  1                17.8657m    -4.471    0.0135      He 2                1.28127m    -5.367    0.0017      C  3                538.200A    -5.433    0.0015
H  1                20.5091m    -4.560    0.0110      He 2                1.16730m    -5.541    0.0012      C  3                511.500A    -5.378    0.0017
H  1                23.3348m    -4.644    0.0091      He 2                4.76213m    -5.319    0.0019      C  3                493.500A    -5.094    0.0032
H  1                26.3428m    -4.722    0.0076      He 2                2.82519m    -5.423    0.0015      C  3                492.600A    -5.230    0.0024
H  1                29.5331m    -4.796    0.0064      He 2                2.18848m    -5.546    0.0011      C  3                483.700A    -5.255    0.0022
H  1                32.9057m    -4.866    0.0054      He-like iso-sequence............................      C  3                476.000A    -5.103    0.0032
H  1                36.4606m    -4.933    0.0047      He 1                1202.81A    -2.684    0.8286      C  3                459.600A    -4.199    0.0253
H  1                40.1978m    -4.996    0.0040      He 1                584.334A    -3.649    0.0899      C  3                450.700A    -5.369    0.0017
H  1                44.1173m    -5.057    0.0035      He 1                537.030A    -4.642    0.0091      C  3                433.300A    -5.413    0.0015
H  1                48.2191m    -5.114    0.0031      He 1                522.213A    -4.782    0.0066      C  3                411.700A    -4.212    0.0246
H  1                52.5033m    -5.170    0.0027      He 1                515.617A    -4.858    0.0056      C  3                398.400A    -4.394    0.0161
H  1                56.9697m    -4.000    0.0400      He 1                512.099A    -4.911    0.0049      C  3                371.700A    -5.079    0.0033
He 2                2049.91A    -3.946    0.0454      He 1                625.563A    -2.023    3.7931      N  2                1085.10A    -4.658    0.0088
He 2                2049.91A    -3.478    0.1331      He 1                510.018A    -5.149    0.0028      N  2                916.300A    -5.097    0.0032
He 2                2049.91A    -3.467    0.1366      He 1                508.657A    -5.165    0.0027      N  2                646.400A    -4.701    0.0080
He 2                3644.44A    -4.489    0.0130      He 1                507.727A    -5.182    0.0026      N  3                2064.30A    -5.553    0.0011
He 2                3644.44A    -4.012    0.0389      He 1                507.065A    -5.198    0.0025      N  3                991.000A    -4.371    0.0170
He 2                3644.44A    -3.886    0.0520      He 1                506.576A    -5.214    0.0024      N  3                782.900A    -5.366    0.0017
He 2                3644.44A    -4.094    0.0322      He 1                506.204A    -5.233    0.0023      N  3                764.000A    -4.907    0.0050
He 2                5694.49A    -4.896    0.0051      He 1                505.916A    -5.252    0.0022      N  3                685.700A    -5.175    0.0027
He 2                5694.49A    -4.418    0.0153      He 1                505.687A    -5.272    0.0021      N  3                472.300A    -5.434    0.0015
He 2                5694.49A    -4.254    0.0223      He 1                505.502A    -5.292    0.0020      N  3                418.800A    -4.859    0.0055
He 2                5694.49A    -4.308    0.0197      He 1                505.352A    -5.313    0.0019      N  3                411.300A    -5.416    0.0015
He 2                5694.49A    -4.674    0.0085      He 1                505.227A    -5.334    0.0019      N  3                391.300A    -5.337    0.0018
He 2                8200.12A    -5.217    0.0024      He 1                505.122A    -5.354    0.0018      N  3                387.400A    -4.788    0.0065
He 2                8200.12A    -4.739    0.0073      He 1                505.033A    -5.374    0.0017      N  3                374.400A    -4.998    0.0040
He 2                8200.12A    -4.561    0.0110      He 1                504.958A    -5.459    0.0014      N  3                348.700A    -4.190    0.0258
He 2                8200.12A    -4.555    0.0112      He 1                504.893A    -5.455    0.0014      N  3                340.200A    -4.572    0.0107
He 2                8200.12A    -4.742    0.0073      He 1                504.836A    -5.434    0.0015      N  3                323.300A    -5.317    0.0019
He 2                8200.12A    -5.229    0.0024      He 1                504.787A    -5.495    0.0013      N  3                311.600A    -5.382    0.0017
He 2                1.11613m    -5.480    0.0013      He 1                504.744A    -5.451    0.0014      O  2                386.300A    -3.896    0.0509
He 2                1.11613m    -5.004    0.0040      He 1                504.706A    -5.386    0.0016      O  2                385.700A    -4.074    0.0337
He 2                1.11613m    -4.819    0.0061      He 1                504.672A    -4.613    0.0098      O  3                834.500A    -3.990    0.0410
He 2                1.11613m    -4.784    0.0066      He 1                1.08291m    -4.341    0.0182      O  3                703.400A    -4.352    0.0178
He 2                1.11613m    -4.895    0.0051      He 1                1.08302m    -3.851    0.0564      O  3                599.600A    -4.878    0.0053
He 2                1.11613m    -5.185    0.0026      He 1                1.08303m    -3.615    0.0973      O  3                541.600A    -4.750    0.0071
He 2                1.45781m    -5.226    0.0024      Blnd                1.08302m    -3.367    0.1719      O  3                374.100A    -4.448    0.0143
He 2                1.45781m    -5.038    0.0037      He 1                3888.64A    -3.680    0.0837      O  3                320.700A    -4.455    0.0141
He 2                1.45781m    -4.988    0.0041      He 1                3187.74A    -4.068    0.0342      O  3                300.500A    -3.806    0.0626
He 2                1.45781m    -5.059    0.0035      He 1                2945.10A    -4.380    0.0167      O  3                299.300A    -4.226    0.0238
He 2                1.45781m    -5.261    0.0022      He 1                2829.08A    -4.634    0.0093      O  4                789.400A    -4.731    0.0074
He 2                1.84504m    -5.418    0.0015      He 1                2760.44A    -5.213    0.0025      O  4                779.900A    -5.335    0.0019
He 2                1.84504m    -5.228    0.0024      He 1                2721.00A    -5.362    0.0017      O  4                554.400A    -5.287    0.0021
He 2                1.84504m    -5.169    0.0027      He 1                2694.61A    -5.496    0.0013      O  4                265.500A    -4.962    0.0044
He 2                1.84504m    -5.217    0.0024      He 1                2.05813m    -4.562    0.0110      O  4                260.500A    -5.297    0.0020
He 2                1.84504m    -5.370    0.0017      He 1                5015.68A    -4.300    0.0201      O  4                224.100A    -5.278    0.0021
He 2                2.27783m    -5.585    0.0010      He 1                3964.73A    -4.686    0.0082      O  4                200.800A    -4.583    0.0105
He 2                2.27783m    -5.395    0.0016      He 1                3613.64A    -4.990    0.0041      O  4                196.400A    -5.045    0.0036
He 2                2.27783m    -5.331    0.0019      He 1                3447.59A    -5.239    0.0023      O  4                158.600A    -4.987    0.0041
He 2                2.27783m    -5.364    0.0017      He 1                7065.71A    -5.307    0.0020      level2 lines....................................
He 2                2.27783m    -5.488    0.0013      He 1                7065.21A    -4.830    0.0059      C  2                596.559A    -5.192    0.0026
He 2                2.75620m    -4.761    0.0069      He 1                7065.18A    -4.608    0.0099      C  2                561.959A    -5.231    0.0024
He 2                3.28011m    -4.873    0.0054      Blnd                7065.25A    -4.353    0.0178      C  2                530.721A    -5.249    0.0023
He 2                3.84958m    -4.976    0.0042      He 1                5875.98A    -4.619    0.0096      C  2                544.909A    -5.261    0.0022
He 2                4.46460m    -5.071    0.0034      He 1                5875.64A    -4.142    0.0289      C  2                535.300A    -5.272    0.0021
He 2                5.12518m    -5.160    0.0028      He 1                5875.61A    -3.920    0.0482      C  2                550.361A    -5.331    0.0019
He 2                5.83131m    -5.244    0.0023      Blnd                5875.66A    -3.665    0.0867      C  2                467.460A    -5.396    0.0016
He 2                6.58301m    -5.322    0.0019      He 1                4713.16A    -5.531    0.0012      C  2                637.979A    -5.560    0.0011
He 2                7.38026m    -5.396    0.0016      He 1                4713.14A    -5.309    0.0020      C  2                424.791A    -5.479    0.0013
He 2                8.22307m    -5.466    0.0014      Blnd                4713.17A    -5.054    0.0035      C  2                439.850A    -5.553    0.0011
He 2                9.11143m    -5.532    0.0012      He 1                4471.69A    -5.026    0.0038      C  2                524.659A    -5.584    0.0010
He 2                10.0454m    -5.595    0.0010      He 1                4471.49A    -4.549    0.0113      C  2                521.831A    -5.584    0.0010
He 2                14.2366m    -4.553    0.0112      He 1                4471.47A    -4.327    0.0188      C  3                271.090A    -5.175    0.0027
He 1                2599.69A    -3.700    0.0798      Blnd                4471.50A    -4.072    0.0339      C  3                268.600A    -5.202    0.0025
He 1                3120.85A    -4.211    0.0246      Blnd                4120.84A    -5.479    0.0013      C  3                266.880A    -5.231    0.0024
He 1                3421.00A    -4.200    0.0253      He 1                4026.36A    -5.341    0.0018      C  3                288.500A    -5.238    0.0023
He 1                3420.88A    -3.723    0.0758      He 1                4026.20A    -4.864    0.0055      C  4                223.140A    -5.363    0.0017
He 1                3420.88A    -3.501    0.1264      He 1                4026.19A    -4.642    0.0091      N  1                942.258A    -5.362    0.0017
He 1                3678.70A    -3.920    0.0482      Blnd                4026.21A    -4.387    0.0164      N  2                532.161A    -5.228    0.0024
He 1                6632.16A    -4.609    0.0099      He 1                3819.76A    -5.596    0.0010      N  2                634.441A    -5.294    0.0020
He 1                7435.20A    -5.029    0.0037      He 1                3819.61A    -5.119    0.0030      N  2                475.141A    -5.290    0.0021
He 1                7843.40A    -3.979    0.0421      He 1                3819.60A    -4.897    0.0051      N  2                528.139A    -5.328    0.0019
He 1                8188.35A    -4.198    0.0254      Blnd                3819.62A    -4.642    0.0091      N  2                452.970A    -5.373    0.0017
He 1                8190.64A    -4.687    0.0082      He 1                3704.90A    -5.537    0.0012      N  2                441.950A    -5.407    0.0016
He 1                8261.30A    -4.590    0.0103      He 1                3704.76A    -5.060    0.0035      N  2                474.291A    -5.404    0.0016
He 1                1.24770m    -5.162    0.0028      He 1                3704.75A    -4.838    0.0058      N  2                437.731A    -5.432    0.0015
He 1                1.35640m    -5.548    0.0011      Blnd                3704.77A    -4.583    0.0105      N  2                452.610A    -5.520    0.0012
He 1                1.40933m    -4.478    0.0133      He 1                3634.08A    -5.222    0.0024      N  3                293.510A    -5.175    0.0027
He 1                1.45602m    -4.569    0.0108      He 1                3634.07A    -5.000    0.0040      N  3                283.090A    -5.216    0.0024
He 1                1.45643m    -5.061    0.0035      Blnd                3634.09A    -4.745    0.0072      N  3                264.550A    -5.238    0.0023
He 1                1.45759m    -4.924    0.0048      He 1                3587.16A    -5.364    0.0017      N  3                277.180A    -5.252    0.0022
He 1                1.45759m    -5.401    0.0016      He 1                3587.15A    -5.143    0.0029      N  3                312.110A    -5.253    0.0022
He 1                1.46631m    -5.062    0.0035      Blnd                3587.17A    -4.887    0.0052      N  3                273.490A    -5.289    0.0021
He 1                2.01409m    -5.553    0.0011      He 1                3554.34A    -5.492    0.0013      N  3                267.450A    -5.316    0.0019
He 1                2.21671m    -4.846    0.0057      He 1                3554.33A    -5.270    0.0022      N  3                248.910A    -5.334    0.0019
He 1                2.27546m    -4.893    0.0051      Blnd                3554.35A    -5.014    0.0039      N  3                271.020A    -5.325    0.0019
He 1                2.27605m    -5.386    0.0016      He 1                3530.43A    -5.386    0.0016      N  3                305.650A    -5.335    0.0019
He 1                2.27752m    -5.103    0.0032      Blnd                3530.44A    -5.130    0.0030      N  3                269.290A    -5.356    0.0018
He 1                2.27752m    -5.580    0.0011      He 1                3512.46A    -5.491    0.0013      N  3                300.710A    -5.363    0.0017
He 1                2.27778m    -5.598    0.0010      Blnd                3512.48A    -5.235    0.0023      N  3                238.620A    -5.502    0.0013
He 1                2.28865m    -5.416    0.0015      He 1                3498.60A    -5.587    0.0010      N  3                234.300A    -5.545    0.0011
He 1                3.20639m    -5.133    0.0029      Blnd                3498.62A    -5.332    0.0019      N  3                286.900A    -5.532    0.0012
He 1                3.27716m    -5.162    0.0028      Blnd                3487.70A    -5.421    0.0015      N  4                197.610A    -5.532    0.0012
He 1                3.27969m    -5.319    0.0019      Blnd                3478.95A    -5.504    0.0013      O  1                976.791A    -5.237    0.0023
He 1                4.46460m    -4.722    0.0076      Blnd                3471.81A    -5.581    0.0011      O  1                969.049A    -5.280    0.0021
He 1                5.83132m    -4.893    0.0051      He 1                3439.98A    -5.412    0.0016      O  1                946.387A    -5.323    0.0019
He 1                7.38026m    -5.045    0.0036      Blnd                3440.00A    -5.156    0.0028      O  1                934.501A    -5.359    0.0018
He 1                9.11143m    -5.180    0.0026      He 1                7281.35A    -4.911    0.0049      O  1                973.577A    -5.374    0.0017
He 1                11.0248m    -5.303    0.0020      He 1                6678.15A    -4.214    0.0244      O  1                927.472A    -5.392    0.0016
He 1                13.1205m    -5.415    0.0015      He 1                5047.74A    -5.478    0.0013      O  1                948.506A    -5.433    0.0015
He 1                15.3983m    -5.519    0.0012      He 1                4921.93A    -4.641    0.0092      O  1                922.969A    -5.430    0.0015
He 1                61.5933m    -5.181    0.0026      He 1                4387.93A    -4.960    0.0044      O  1                919.912A    -5.468    0.0014
grains..........................................      He 1                4143.76A    -5.215    0.0024      O  1                935.672A    -5.497    0.0013
H-like iso-sequence.............................      He 1                4009.05A    -5.219    0.0024      O  1                917.726A    -5.509    0.0012
H  1 Cool           1215.67A    -2.579    1.0555      He 1                3926.41A    -5.384    0.0017      O  1                918.704A    -5.542    0.0012
Crst                960.000A    -2.756    0.7028      He 1                3871.69A    -5.528    0.0012      O  1                928.186A    -5.565    0.0011
LA X                1215.67A    -4.460    0.0139      He 1                4.29471m    -5.595    0.0010      O  1                917.473A    -5.588    0.0010
CION                      0     -4.745    0.0072      He 1                1.25275m    -5.532    0.0012      O  2                425.190A    -5.099    0.0032
Ca B                1215.67A    -1.072   33.9245      He 1                1.70025m    -5.223    0.0024      O  2                388.410A    -5.166    0.0027
Q(H)                4861.32A    -2.622    0.9566      He 1                1.19691m    -5.383    0.0017      O  2                373.600A    -5.203    0.0025
Q(H)                1215.67A    -1.088   32.7158      He 1                1.03113m    -5.582    0.0010      O  2                361.821A    -5.215    0.0024
CaBo                4861.32A    -2.605    0.9952      He 1                9515.00A    -5.469    0.0014      O  2                366.060A    -5.225    0.0024
CaBo                1640.00A    -2.501    1.2645      He 1                1.86854m    -4.604    0.0100      O  2                360.570A    -5.271    0.0021
CaBo                4685.64A    -3.317    0.1929      He 1                1.27849m    -4.934    0.0047      O  2                414.619A    -5.335    0.0018
Ca A                1215.67A    -1.262   21.8979      He 1                1.09130m    -5.200    0.0025      O  2                358.780A    -5.351    0.0018
Ca A                1025.72A    -1.910    4.9256      He 1                1.00275m    -5.399    0.0016      O  2                356.930A    -5.352    0.0018
Ca A                972.537A    -2.321    1.9114      He 1                9526.01A    -5.570    0.0011      O  2                355.610A    -5.375    0.0017
Ca A                949.743A    -2.625    0.9495      He 1                1.86972m    -5.082    0.0033      O  2                384.420A    -5.480    0.0013
Ca A                937.803A    -2.867    0.5435      He 1                1.27905m    -5.412    0.0016      O  3                305.400A    -4.693    0.0081
Ca A                930.748A    -3.069    0.3412      He 1                4.04791m    -5.323    0.0019      O  3                268.070A    -5.011    0.0039
Ca A                926.226A    -3.243    0.2287      Ca B                2945.10A    -4.413    0.0155      O  3                263.850A    -5.026    0.0038
Ca A                923.150A    -3.396    0.1609      Ca B                3187.74A    -4.095    0.0322      O  3                373.640A    -5.036    0.0037
Ca A                920.963A    -3.532    0.1176      Ca B                3613.64A    -5.001    0.0040      O  3                265.020A    -5.033    0.0037
Ca A                919.351A    -3.655    0.0886      Ca B                3888.64A    -3.698    0.0802      O  3                248.730A    -5.066    0.0034
Ca A                918.129A    -3.767    0.0685      Ca B                3964.73A    -4.693    0.0081      O  3                241.200A    -5.105    0.0031
Ca A                917.181A    -3.870    0.0540      Ca B                4026.20A    -4.379    0.0167      O  3                248.620A    -5.133    0.0030
Ca A                916.429A    -3.965    0.0434      Ca B                4120.82A    -5.452    0.0014      O  3                236.890A    -5.141    0.0029
Ca A                915.824A    -4.054    0.0354      Ca B                4387.93A    -4.954    0.0044      O  3                234.190A    -5.165    0.0027
Ca A                915.329A    -4.137    0.0292      Ca B                4471.49A    -4.056    0.0352      O  3                276.900A    -5.153    0.0028
Ca A                914.919A    -4.214    0.0244      Ca B                4713.16A    -5.038    0.0037      O  3                241.140A    -5.168    0.0027
Ca A                914.576A    -4.287    0.0207      Ca B                4921.93A    -4.624    0.0095      O  3                280.450A    -5.174    0.0027
Ca A                914.286A    -4.355    0.0177      Ca B                5015.68A    -4.293    0.0204      O  3                263.230A    -5.176    0.0027
Ca A                914.039A    -4.419    0.0152      Ca B                5047.74A    -5.454    0.0014      O  3                232.380A    -5.183    0.0026
Ca A                913.826A    -4.480    0.0133      Ca B                5875.64A    -3.614    0.0974      O  3                236.860A    -5.200    0.0025
Ca A                913.641A    -4.537    0.0116      Ca B                6678.15A    -4.160    0.0277      O  3                231.110A    -5.202    0.0025
Ca A                913.480A    -4.590    0.0103      Ca B                7065.21A    -4.373    0.0170      O  3                255.390A    -5.207    0.0025
Ca A                913.339A    -4.640    0.0092      Ca B                7281.35A    -4.893    0.0051      O  3                232.350A    -5.220    0.0024
Ca A                6562.80A    -2.330    1.8732      Ca B                1.08302m    -3.328    0.1882      O  3                234.180A    -5.230    0.0024
Ca A                4861.32A    -2.781    0.6621      Ca B                1.19691m    -5.375    0.0017      O  3                230.150A    -5.277    0.0021
Ca A                4340.46A    -3.107    0.3131      Ca B                1.25275m    -5.590    0.0010      O  3                231.100A    -5.267    0.0022
Ca A                4101.73A    -3.361    0.1745      Ca B                1.27849m    -4.868    0.0054      O  3                244.650A    -5.266    0.0022
Ca A                3970.07A    -3.570    0.1078      Ca B                1.27905m    -5.345    0.0018      O  3                238.930A    -5.311    0.0020
Ca A                3889.05A    -3.748    0.0716      Ca B                1.70025m    -5.206    0.0025      O  3                233.340A    -5.326    0.0019
Ca A                3835.38A    -3.903    0.0500      Ca B                1.86854m    -4.498    0.0127      O  3                235.520A    -5.347    0.0018
Ca A                3797.90A    -4.041    0.0364      Ca B                1.86972m    -4.974    0.0042      O  3                232.490A    -5.453    0.0014
Ca A                3770.63A    -4.166    0.0273      Ca B                2.05813m    -4.226    0.0238      O  3                235.000A    -5.498    0.0013
Ca A                3750.15A    -4.279    0.0211      Pho+                3889.00A    -3.113    0.3088      O  4                239.130A    -4.880    0.0053
Ca A                3734.37A    -4.383    0.0166      extra Lyman.....................................      O  4                207.610A    -5.222    0.0024
Ca A                3721.94A    -4.478    0.0133      database lines..................................      O  4                196.560A    -5.279    0.0021
Ca A                3711.97A    -4.568    0.0108      Al 3                1862.79A    -4.832    0.0059      O  4                214.760A    -5.235    0.0023
Ca A                3703.85A    -4.651    0.0089      Al 3                1854.72A    -4.581    0.0105      O  4                181.780A    -5.433    0.0015
Ca A                3697.15A    -4.730    0.0075      Ar 2                6.98337m    -4.561    0.0110      O  4                280.550A    -5.196    0.0026
Ca A                3691.55A    -4.803    0.0063      Ar 3                3109.18A    -5.010    0.0039      O  4                174.710A    -5.528    0.0012
Ca A                3686.83A    -4.873    0.0054      Ar 3                5191.82A    -5.345    0.0018      O  4                203.010A    -5.439    0.0015
Ca A                3682.81A    -4.939    0.0046      Ar 3                7135.79A    -3.245    0.2276      O  4                174.310A    -5.574    0.0011
Ca A                3679.35A    -5.002    0.0040      Ar 3                7751.11A    -3.870    0.0540      O  4                182.700A    -5.560    0.0011
Ca A                3676.36A    -5.063    0.0035      Ar 3                8.98898m    -3.277    0.2114      O  4                181.770A    -5.575    0.0011
Ca A                3673.76A    -5.120    0.0030      Ar 3                21.8253m    -4.446    0.0143      Ne 2                444.150A    -5.401    0.0016
Ca A                3671.48A    -5.175    0.0027      Ar 4                2853.66A    -5.564    0.0011      Ne 2                356.870A    -5.385    0.0016
Ca A                1.87510m    -3.121    0.3033      Ar 4                4711.26A    -4.505    0.0125      Ne 2                461.050A    -5.427    0.0015
Ca A                1.28181m    -3.448    0.1426      Ar 4                4740.12A    -4.657    0.0088      Ne 2                404.130A    -5.460    0.0014
Ca A                1.09381m    -3.710    0.0782      Ar 5                7.89971m    -5.250    0.0023      Ne 2                327.700A    -5.507    0.0012
Ca A                1.00494m    -3.924    0.0477      Ar 5                13.0985m    -5.006    0.0039      Ne 2                331.200A    -5.506    0.0012
Ca A                9545.97A    -4.106    0.0314      C  1                9850.26A    -5.163    0.0028      Ne 2                327.139A    -5.521    0.0012
Ca A                9229.02A    -4.264    0.0218      C  2                687.053A    -5.310    0.0020      Ne 2                355.969A    -5.516    0.0012
Ca A                9014.91A    -4.404    0.0158      C  2                687.352A    -5.474    0.0013      Ne 2                320.500A    -5.577    0.0011
Ca A                8862.79A    -4.530    0.0118      C  2                858.092A    -5.508    0.0012      Ne 3                250.920A    -5.097    0.0032
Ca A                8750.48A    -4.644    0.0091      C  2                858.559A    -5.265    0.0022      Ne 3                227.420A    -5.048    0.0036
Ca A                8665.02A    -4.749    0.0071      C  2                903.623A    -5.253    0.0022      Ne 3                218.360A    -5.350    0.0018
Ca A                8598.40A    -4.846    0.0057      C  2                903.962A    -5.162    0.0028      Ne 3                223.310A    -5.292    0.0020
Ca A                8545.39A    -4.936    0.0046      C  2                904.142A    -4.960    0.0044      Ne 3                228.870A    -5.190    0.0026
Ca A                8502.49A    -5.020    0.0038      C  2                904.480A    -5.045    0.0036      Ne 3                281.580A    -5.195    0.0026
Ca A                8467.26A    -5.099    0.0032      C  2                1036.34A    -5.229    0.0024      Ne 3                204.530A    -5.496    0.0013
Ca A                8437.96A    -5.173    0.0027      C  2                1037.02A    -4.958    0.0044      Ne 3                227.190A    -5.115    0.0031
Ca A                8413.32A    -5.244    0.0023      C  2                1334.53A    -5.055    0.0035      Ne 3                212.550A    -5.479    0.0013
Ca A                8392.40A    -5.310    0.0020      C  2                1335.66A    -4.821    0.0060      Ne 3                265.510A    -5.228    0.0024
Ca A                8374.48A    -5.374    0.0017      C  2                1335.71A    -4.686    0.0082      Ne 3                218.030A    -5.459    0.0014
Ca A                8359.01A    -5.434    0.0015      C  2                2323.50A    -4.549    0.0113      Ne 3                205.100A    -5.566    0.0011
Ca A                8345.56A    -5.492    0.0013      C  2                2324.69A    -4.299    0.0201      Ne 3                217.120A    -5.512    0.0012
Ca A                8333.79A    -5.547    0.0011      C  2                2325.40A    -3.587    0.1036      Ne 3                238.070A    -5.326    0.0019
Ca A                4.05115m    -3.720    0.0763      C  2                2326.93A    -3.767    0.0684      Ne 4                171.550A    -5.394    0.0016
Ca A                2.62515m    -3.973    0.0426      C  2                2328.12A    -4.245    0.0228      Ne 4                207.180A    -5.470    0.0014
Ca A                2.16553m    -4.190    0.0259      C  2                157.636m    -3.684    0.0829      Mg 3                183.540A    -5.403    0.0016
Ca A                1.94456m    -4.375    0.0169      C  3                1908.73A    -3.258    0.2208      Mg 3                168.540A    -5.586    0.0010
Ca A                1.81741m    -4.535    0.0117      C  3                1906.68A    -3.080    0.3328      Si 2                1179.59A    -4.813    0.0062
Ca A                1.73621m    -4.678    0.0084      C  3                977.020A    -4.326    0.0189      Si 2                993.354A    -5.303    0.0020
Ca A                1.68065m    -4.805    0.0063      C  3                386.203A    -5.435    0.0015      Si 2                893.551A    -5.389    0.0016
Ca A                1.64072m    -4.921    0.0048      C  3                884.524A    -5.395    0.0016      Si 2                1024.03A    -5.486    0.0013
Ca A                1.61093m    -5.026    0.0038      Ca 4                669.696A    -5.602    0.0010      Si 2                903.081A    -5.517    0.0012
Ca A                1.58805m    -5.124    0.0030      Ca 4                3.20610m    -3.901    0.0503      Si 3                564.611A    -5.503    0.0013
Ca A                1.57007m    -5.215    0.0024      Co 2                2.98382m    -5.287    0.0021      Si 3                464.939A    -5.487    0.0013
Ca A                1.55565m    -5.299    0.0020      Co 2                1.01879m    -5.515    0.0012      S  2                750.323A    -5.335    0.0019
Ca A                1.54389m    -5.378    0.0017      Cr 2                8000.08A    -5.300    0.0020      S  2                632.711A    -5.498    0.0013
Ca A                1.53418m    -5.453    0.0014      Cr 2                8125.30A    -5.373    0.0017      S  2                888.439A    -5.420    0.0015
Ca A                1.52605m    -5.524    0.0012      Cr 2                8229.67A    -5.467    0.0014      S  3                667.049A    -5.050    0.0036
Ca A                1.51919m    -5.591    0.0010      Cr 5                594.921A    -5.517    0.0012      S  3                691.219A    -5.173    0.0027
Ca A                7.45782m    -4.209    0.0247      Fe 2                25.9813m    -3.421    0.1519      S  3                704.220A    -5.224    0.0024
Ca A                4.65251m    -4.410    0.0156      Fe 2                5.33871m    -2.909    0.4932      S  3                671.510A    -5.488    0.0013
Ca A                3.73954m    -4.594    0.0102      Fe 2                4.11387m    -5.234    0.0023      S  3                482.139A    -5.420    0.0015
Ca A                3.29609m    -4.756    0.0070      Fe 2                1.25668m    -4.172    0.0269      S  3                474.260A    -5.494    0.0013
Ca A                3.03837m    -4.899    0.0050      Fe 2                4632.28A    -5.122    0.0030      S  3                480.121A    -5.533    0.0012
Ca A                2.87221m    -5.028    0.0038      Fe 2                4416.27A    -5.097    0.0032      Ar 3                458.140A    -5.066    0.0034
Ca A                2.75752m    -5.144    0.0029      Fe 2                4287.39A    -4.149    0.0284      Ar 3                464.671A    -5.195    0.0026
Ca A                2.67440m    -5.251    0.0022      Fe 2                2599.40A    -5.383    0.0017      Ar 3                451.091A    -5.394    0.0016
Ca A                2.61194m    -5.349    0.0018      Fe 2                2382.04A    -3.938    0.0462      Ar 3                472.659A    -5.376    0.0017
Ca A                2.56363m    -5.440    0.0015      Fe 2                35.3391m    -4.081    0.0332      Ar 3                488.909A    -5.469    0.0014
Ca A                2.52540m    -5.525    0.0012      Fe 2                6.71944m    -4.049    0.0358      Ar 3                388.490A    -5.493    0.0013
Ca A                12.3685m    -4.624    0.0095      Fe 2                4.88781m    -4.897    0.0051      Ar 3                527.451A    -5.511    0.0012
Ca A                7.50045m    -4.787    0.0065      Fe 2                1.32055m    -4.668    0.0086      Ar 3                360.940A    -5.576    0.0011
Ca A                5.90660m    -4.945    0.0045      Fe 2                7637.52A    -4.943    0.0046      Ar 3                345.990A    -5.569    0.0011
Ca A                5.12726m    -5.088    0.0033      Fe 2                4889.62A    -4.984    0.0042      Ar 4                444.680A    -5.184    0.0026
Ca A                4.67124m    -5.217    0.0024      Fe 2                4457.95A    -5.367    0.0017      Ca 3                351.260A    -4.919    0.0048
Ca A                4.37526m    -5.334    0.0019      Fe 2                4359.33A    -4.280    0.0210      Ca 3                298.430A    -5.302    0.0020
Ca A                4.16966m    -5.441    0.0014      Fe 2                2625.67A    -3.417    0.1533      Ca 3                277.760A    -5.462    0.0014
Ca A                4.01977m    -5.540    0.0012      Fe 2                2611.87A    -4.195    0.0255      Ca 3                267.540A    -5.552    0.0011
Ca A                19.0567m    -4.984    0.0042      Fe 2                2598.37A    -5.354    0.0018      Ca 3                308.360A    -5.599    0.0010
Ca A                11.3056m    -5.118    0.0031      Fe 2                2395.63A    -4.378    0.0168      Ca 4                303.870A    -5.184    0.0026
Ca A                8.75768m    -5.256    0.0022      Fe 2                2388.63A    -5.342    0.0018      Ca 4                310.370A    -5.340    0.0018
Ca A                7.50606m    -5.383    0.0017      Fe 2                2364.83A    -4.771    0.0068      Ca 4                307.850A    -5.317    0.0019
Ca A                6.77015m    -5.500    0.0013      Fe 2                51.2868m    -4.607    0.0099      Ca 4                323.400A    -5.352    0.0018
Ca A                27.7958m    -5.302    0.0020      Fe 2                4.60641m    -5.510    0.0012      Ca 4                319.070A    -5.310    0.0020
Ca A                16.2047m    -5.413    0.0015      Fe 2                1.37181m    -4.912    0.0049      Ca 5                314.530A    -5.586    0.0010
Ca A                12.3838m    -5.534    0.0012      Fe 2                1.29427m    -5.458    0.0014      Fe 3                911.104A    -5.440    0.0015
Ca A                38.8593m    -5.587    0.0010      Fe 2                7686.93A    -5.031    0.0037      Fe 3                896.877A    -5.494    0.0013
Ca B                6562.80A    -2.149    2.8415      Fe 2                4413.78A    -4.432    0.0148      Fe 4                309.190A    -5.239    0.0023
Ca B                4861.32A    -2.607    0.9904      Fe 2                2631.32A    -4.281    0.0210      Fe 4                532.950A    -5.298    0.0020
Ca B                4340.46A    -2.936    0.4635      Fe 2                2607.09A    -5.520    0.0012      Fe 4                275.130A    -5.342    0.0018
Ca B                4101.73A    -3.194    0.2562      Fe 2                2404.89A    -5.211    0.0025      Fe 4                259.600A    -5.405    0.0016
Ca B                3970.07A    -3.406    0.1573      Fe 2                2380.76A    -4.222    0.0240      Fe 4                251.070A    -5.451    0.0014
Ca B                3889.05A    -3.586    0.1039      Fe 2                87.3597m    -5.327    0.0019      Fe 4                245.840A    -5.485    0.0013
Ca B                3835.38A    -3.743    0.0723      Fe 2                4452.10A    -4.624    0.0095      Fe 4                326.120A    -5.482    0.0013
Ca B                3797.90A    -3.883    0.0525      Fe 2                2631.05A    -5.445    0.0014      Fe 4                242.370A    -5.509    0.0012
Ca B                3770.63A    -4.008    0.0393      Fe 2                4474.90A    -4.936    0.0046      Fe 4                239.960A    -5.533    0.0012
Ca B                3750.15A    -4.122    0.0302      Fe 2                17.9311m    -3.859    0.0554      Fe 4                281.200A    -5.564    0.0011
Ca B                3734.37A    -4.227    0.0237      Fe 2                1.64355m    -2.994    0.4058      Fe 5                236.210A    -5.447    0.0014
Ca B                3721.94A    -4.323    0.0190      Fe 2                1.53348m    -4.089    0.0326      Fe 5                236.300A    -5.467    0.0014
Ca B                3711.97A    -4.413    0.0155      Fe 2                8616.95A    -4.354    0.0177      Fe 5                391.409A    -5.432    0.0015
Ca B                3703.85A    -4.497    0.0127      Fe 2                7155.17A    -4.359    0.0175      Fe 5                227.780A    -5.374    0.0017
Ca B                3697.15A    -4.576    0.0106      Fe 2                5273.36A    -4.498    0.0127      Fe 5                389.529A    -5.519    0.0012
Ca B                3691.55A    -4.650    0.0090      Fe 2                5158.79A    -3.883    0.0524      Fe 5                369.760A    -5.518    0.0012
Ca B                3686.83A    -4.720    0.0076      Fe 2                5111.64A    -4.794    0.0064      Fe 5                236.880A    -5.573    0.0011
Ca B                3682.81A    -4.786    0.0066      Fe 2                5072.41A    -4.541    0.0115      P  2                967.202A    -5.580    0.0011
Ca B                3679.35A    -4.849    0.0057      Fe 2                4814.54A    -4.839    0.0058      P  2                963.828A    -5.495    0.0013
Ca B                3676.36A    -4.908    0.0049      Fe 2                4774.73A    -5.281    0.0021      Ti 2                3364.74A    -4.958    0.0044
Ca B                3673.76A    -4.965    0.0043      Fe 2                4243.97A    -4.209    0.0247      Ti 2                3237.15A    -5.176    0.0027
Ca B                3671.48A    -5.019    0.0038      Fe 2                4177.20A    -5.298    0.0020      Cr 2                2059.78A    -5.267    0.0022
Ca B                1.87510m    -3.074    0.3376      Fe 2                3376.20A    -4.915    0.0049      Ni 2                1751.83A    -5.494    0.0013
Ca B                1.28181m    -3.392    0.1623      Fe 2                2493.30A    -3.793    0.0645      Ni 2                1744.24A    -5.400    0.0016
Ca B                1.09381m    -3.649    0.0899      Fe 2                24.5126m    -4.551    0.0113      Ni 2                1375.73A    -5.581    0.0011
Ca B                1.00494m    -3.862    0.0551      Fe 2                1.80940m    -3.595    0.1018      Ni 2                1324.11A    -5.592    0.0010
Ca B                9545.97A    -4.043    0.0363      Fe 2                1.67688m    -4.515    0.0122      hyperfine structure.............................
Ca B                9229.02A    -4.200    0.0252      Fe 2                1.59948m    -4.433    0.0148      inner shell.....................................
Ca B                9014.91A    -4.340    0.0183      Fe 2                9051.95A    -4.195    0.0256      Mg 3                246.489A    -4.938    0.0046
Ca B                8862.79A    -4.466    0.0137      Fe 2                8891.93A    -4.630    0.0094      Mg 3                247.968A    -4.940    0.0046
Ca B                8750.48A    -4.581    0.0105      Fe 2                7452.56A    -4.851    0.0056      Si 4                720.838A    -5.312    0.0020
Ca B                8665.02A    -4.685    0.0083      Fe 2                7172.00A    -4.866    0.0055      Si 5                119.791A    -4.747    0.0072
Ca B                8598.40A    -4.782    0.0066      Fe 2                5527.36A    -5.292    0.0020      Si 5                120.490A    -4.749    0.0071
Ca B                8545.39A    -4.872    0.0054      Fe 2                5433.15A    -5.012    0.0039      Fe 6                167.773A    -5.479    0.0013
Ca B                8502.49A    -4.956    0.0044      Fe 2                5261.63A    -4.267    0.0216      Fe 6                172.200A    -5.490    0.0013
Ca B                8467.26A    -5.035    0.0037      Fe 2                5220.08A    -5.544    0.0011      molecules.......................................
Ca B                8437.96A    -5.109    0.0031      Fe 2                5184.80A    -5.435    0.0015      H-FB                      0     -5.139    0.0029
Ca B                8413.32A    -5.179    0.0026      Fe 2                5158.01A    -5.381    0.0017      H-FF                      0     -5.368    0.0017
Ca B                8392.40A    -5.246    0.0023      Fe 2                4947.39A    -4.783    0.0066      H-CT                6562.80A    -5.454    0.0014
Ca B                8374.48A    -5.309    0.0020      Fe 2                4905.35A    -5.136    0.0029      H- H                      0     -5.465    0.0014
Ca B                8359.01A    -5.369    0.0017      Fe 2                4874.50A    -5.182    0.0026      H2+                       0     -5.524    0.0012
Ca B                8345.56A    -5.426    0.0015      Fe 2                4346.86A    -4.837    0.0058      bands...........................................
Ca B                8333.79A    -5.481    0.0013      Fe 2                4276.84A    -4.760    0.0070      Fe 2b               2500.00A    -3.014    0.3877
Ca B                4.05115m    -3.698    0.0802      Fe 2                4244.82A    -5.562    0.0011      Fe 2b               5000.00A    -3.100    0.3183
Ca B                2.62515m    -3.946    0.0453      Fe 2                3452.31A    -5.507    0.0012      Fe 2b               7000.00A    -3.956    0.0443
Ca B                2.16553m    -4.160    0.0277      Fe 2                3440.99A    -5.393    0.0016      Fe 2b               10000.0A    -2.729    0.7481
Ca B                1.94456m    -4.343    0.0182      Fe 2                35.7675m    -5.341    0.0018      Fe 2b               2355.00A    -3.583    0.1046
Ca B                1.81741m    -4.502    0.0126      Fe 2                1.95361m    -4.506    0.0125      Fe 2b               2430.00A    -3.026    0.3773
Ca B                1.73621m    -4.644    0.0091      Fe 2                1.80002m    -4.530    0.0118      Fe 2b               2445.00A    -3.026    0.3773
Ca B                1.68065m    -4.770    0.0068      Fe 2                1.71113m    -5.111    0.0031      Fe 2b               2495.00A    -3.792    0.0646
Ca B                1.64072m    -4.886    0.0052      Fe 2                1.66377m    -4.725    0.0075      Fe 2b               2610.00A    -3.284    0.2081
Ca B                1.61093m    -4.991    0.0041      Fe 2                9399.04A    -4.617    0.0097      Fe 2b               2758.00A    -4.620    0.0096
Ca B                1.58805m    -5.089    0.0033      Fe 2                9226.63A    -4.574    0.0107      Fe 2b               2780.00A    -4.591    0.0103
Ca B                1.57007m    -5.179    0.0027      Fe 2                9033.49A    -5.574    0.0011      Fe 2b               3180.00A    -5.409    0.0016
Ca B                1.55565m    -5.263    0.0022      Fe 2                7388.17A    -4.986    0.0041      Fe 2b               3250.00A    -4.744    0.0072
Ca B                1.54389m    -5.343    0.0018      Fe 2                5333.66A    -4.556    0.0111      Fe 2b               3590.00A    -4.772    0.0068
Ca B                1.53418m    -5.417    0.0015      Fe 2                5268.89A    -5.551    0.0011      Fe 2b               4255.00A    -3.537    0.1162
Ca B                1.52605m    -5.488    0.0013      Fe 2                5049.30A    -4.956    0.0044      Fe 2b               4558.00A    -4.271    0.0214
Ca B                1.51919m    -5.554    0.0011      Fe 2                5005.52A    -5.013    0.0039      Fe 2b               4600.00A    -4.241    0.0230
Ca B                7.45782m    -4.195    0.0256      Fe 2                4973.40A    -5.283    0.0021      Fe 2b               4743.00A    -4.981    0.0042
Ca B                4.65251m    -4.393    0.0162      Fe 2                4352.79A    -5.075    0.0034      Fe 2b               4855.00A    -4.404    0.0158
Ca B                3.73954m    -4.576    0.0106      Fe 2                4319.62A    -5.332    0.0019      Fe 2b               4920.00A    -3.889    0.0518
Ca B                3.29609m    -4.736    0.0074      Fe 2                3501.63A    -5.541    0.0012      Fe 2b               4975.00A    -4.428    0.0149
Ca B                3.03837m    -4.878    0.0053      Fe 2                1.89541m    -5.266    0.0022      Fe 2b               4971.00A    -4.459    0.0139
Ca B                2.87221m    -5.006    0.0039      Fe 2                1.79711m    -4.764    0.0069      Fe 2b               5070.00A    -4.331    0.0187
Ca B                2.75752m    -5.122    0.0030      Fe 2                1.74494m    -5.048    0.0036      Fe 2b               5143.00A    -3.813    0.0616
Ca B                2.67440m    -5.228    0.0024      Fe 2                9652.70A    -5.466    0.0014      Fe 2b               5270.00A    -3.520    0.1209
Ca B                2.61194m    -5.326    0.0019      Fe 2                9470.94A    -4.964    0.0043      Fe 2b               5318.00A    -3.829    0.0594
Ca B                2.56363m    -5.417    0.0015      Fe 2                9267.56A    -5.271    0.0021      Fe 2b               5540.00A    -4.912    0.0049
Ca B                2.52540m    -5.502    0.0013      Fe 2                5376.47A    -4.945    0.0045      Fe 2b               5865.00A    -5.513    0.0012
Ca B                2.49458m    -5.582    0.0010      Fe 2                5043.53A    -5.490    0.0013      Fe 2b               7445.00A    -3.978    0.0421
Ca B                12.3685m    -4.612    0.0098      Fe 2                5020.24A    -5.597    0.0010      Fe 2b               8625.00A    -3.715    0.0771
Ca B                7.50045m    -4.774    0.0067      Fe 2                2755.74A    -4.884    0.0052      Fe 2b               1.03250m    -4.763    0.0069
Ca B                5.90660m    -4.932    0.0047      Fe 2                2739.55A    -5.370    0.0017      Fe 2b               1.88900m    -3.446    0.1435
Ca B                5.12726m    -5.074    0.0034      Fe 2                2772.73A    -5.430    0.0015      Fe 2b               2.20000m    -5.337    0.0018
Ca B                4.67124m    -5.202    0.0025      Fe 2                2.22379m    -5.438    0.0015      miscellaneous...................................
Ca B                4.37526m    -5.318    0.0019      Fe 3                22.9190m    -3.230    0.2360      C 2R                1335.00A    -3.498    0.1271
Ca B                4.16966m    -5.425    0.0015      Fe 3                4985.87A    -3.317    0.1930      C 3R                977.000A    -4.330    0.0187
Ca B                4.01977m    -5.523    0.0012      Fe 3                4924.54A    -4.720    0.0076      C 3R                1909.00A    -4.485    0.0131
Ca B                19.0567m    -4.973    0.0043      Fe 3                4881.00A    -3.893    0.0513      C 3R                1175.00A    -4.664    0.0087
Ca B                11.3056m    -5.107    0.0031      Fe 3                4658.05A    -3.341    0.1824      N 2R                1085.00A    -4.659    0.0088
Ca B                8.75768m    -5.245    0.0023      Fe 3                4607.03A    -4.614    0.0097      N 3R                990.000A    -4.372    0.0170
Ca B                7.50606m    -5.372    0.0017      Fe 3                4070.71A    -5.532    0.0012      O 2R                7332.00A    -5.530    0.0012
Ca B                6.77015m    -5.488    0.0013      Fe 3                4008.35A    -4.522    0.0120      O 2R                7323.00A    -5.447    0.0014
Ca B                6.29020m    -5.595    0.0010      Fe 3                3322.54A    -4.180    0.0265      O 2H                3727.00A    -4.606    0.0099
Ca B                27.7958m    -5.291    0.0020      Fe 3                3239.74A    -4.303    0.0199      O 2R                3726.00A    -4.720    0.0076
Ca B                16.2047m    -5.404    0.0016      Fe 3                2438.29A    -4.669    0.0086      O 2R                3729.00A    -4.580    0.0105
Ca B                12.3838m    -5.525    0.0012      Fe 3                1576.66A    -5.340    0.0018      O 2R                2471.00A    -5.279    0.0021
Ca B                38.8593m    -5.576    0.0011      Fe 3                33.0270m    -3.776    0.0671      O 2H                7325.00A    -5.202    0.0025
H  1                2430.61A    -1.535   11.6773      Fe 3                5270.40A    -3.551    0.1125      O 2R                4651.00A    -4.953    0.0045
H  1                1215.67A    -1.220   24.1264      Fe 3                5032.68A    -5.525    0.0012      O 2R                4341.00A    -5.230    0.0024
H  1                1025.72A    -4.593    0.0102      Fe 3                4987.21A    -4.633    0.0093      O 3R                835.000A    -3.990    0.0409
H  1                972.537A    -4.700    0.0080      Fe 3                4754.69A    -4.067    0.0343      O 4R                789.000A    -4.733    0.0074
H  1                949.743A    -4.756    0.0070      Fe 3                4701.54A    -3.902    0.0502      Blnd                1400.00A    -4.334    0.0185
H  1                937.803A    -4.796    0.0064      Fe 3                4667.01A    -4.954    0.0044      Blnd                1650.00A    -2.509    1.2399
H  1                930.748A    -4.826    0.0060      Fe 3                4079.70A    -5.080    0.0033      Blnd                1304.00A    -4.899    0.0051
H  1                926.226A    -4.857    0.0056      Fe 3                4046.42A    -5.555    0.0011      Blnd                1039.00A    -5.375    0.0017
H  1                923.150A    -4.888    0.0052      Fe 3                3371.41A    -4.313    0.0195      Blnd                2798.00A    -2.499    1.2691
H  1                920.963A    -4.915    0.0049      Fe 3                3301.56A    -5.447    0.0014      Blnd                6720.00A    -2.617    0.9666
H  1                919.351A    -5.056    0.0035      Fe 3                3286.19A    -4.819    0.0061      Blnd                4074.00A    -3.901    0.0503
H  1                918.129A    -5.071    0.0034      Fe 3                2464.51A    -4.811    0.0062      Blnd                1.03300m    -4.010    0.0391
H  1                917.181A    -5.085    0.0033      Fe 3                51.6655m    -4.404    0.0158      Blnd                1256.00A    -5.101    0.0032
H  1                916.429A    -5.096    0.0032      Fe 3                5011.26A    -4.233    0.0234      Blnd                1198.00A    -5.183    0.0026
H  1                915.824A    -5.105    0.0031      Fe 3                4769.43A    -4.369    0.0171      Blnd                1720.00A    -4.833    0.0059
H  1                915.329A    -5.113    0.0031      Fe 3                4733.91A    -4.413    0.0155      Blnd                3722.00A    -4.334    0.0186
H  1                914.919A    -5.120    0.0030      Fe 3                3406.18A    -4.676    0.0084      Blnd                2665.00A    -3.793    0.0645
H  1                914.576A    -5.125    0.0030      Fe 3                3334.90A    -4.826    0.0060      Blnd                1860.00A    -4.388    0.0164
H  1                914.286A    -5.128    0.0030      Fe 3                3319.22A    -4.985    0.0041      Blnd                4725.00A    -4.273    0.0213
H  1                914.039A    -5.128    0.0030      Fe 3                2483.05A    -4.981    0.0042      Blnd                2860.00A    -5.401    0.0016
H  1                913.826A    -5.124    0.0030      Fe 3                105.345m    -5.380    0.0017      Blnd                2335.00A    -3.453    0.1410
H  1                6562.80A    -2.157    2.7893      Fe 3                5411.98A    -4.608    0.0099      Blnd                1888.00A    -3.227    0.2374
H  1                4861.32A    -2.602    1.0000      Fe 3                4930.54A    -4.931    0.0047      Blnd                1397.00A    -4.373    0.0169
H  1                4340.46A    -2.928    0.4722      Fe 3                4777.68A    -4.733    0.0074      Blnd                2424.00A    -4.169    0.0271
H  1                4101.73A    -3.185    0.2617      Fe 3                3428.79A    -5.335    0.0018      Blnd                3350.00A    -5.266    0.0022
H  1                3970.07A    -3.395    0.1612      Fe 3                3356.57A    -4.905    0.0050      Blnd                5525.00A    -4.073    0.0339
H  1                3889.05A    -3.574    0.1068      Fe 3                3355.48A    -5.163    0.0028      Blnd                8579.00A    -4.158    0.0278
H  1                3835.38A    -3.730    0.0746      Fe 3                2495.04A    -5.219    0.0024      Blnd                7306.00A    -3.413    0.1547
H  1                3797.90A    -3.867    0.0543      Fe 3                5084.77A    -5.009    0.0039      Blnd                3933.00A    -4.181    0.0264
H  1                3770.63A    -3.866    0.0545      Fe 3                3366.21A    -5.225    0.0024      Blnd                1657.00A    -5.274    0.0021
H  1                3750.15A    -3.970    0.0429      Fe 3                8838.21A    -5.547    0.0011      Blnd                9850.00A    -5.037    0.0037
H  1                3734.37A    -4.065    0.0345      Fe 3                8728.94A    -5.399    0.0016      Blnd                2326.00A    -3.248    0.2262
H  1                3721.94A    -4.153    0.0281      Fe 3                40.0371m    -5.243    0.0023      Blnd                1335.00A    -4.352    0.0178
H  1                3711.97A    -4.234    0.0234      Fe 3                2.21782m    -4.459    0.0139      Blnd                1909.00A    -2.859    0.5537
H  1                3703.85A    -4.309    0.0196      Fe 3                9701.27A    -4.840    0.0058      Blnd                1549.00A    -3.864    0.0548
H  1                3697.15A    -4.379    0.0167      Fe 3                2.34788m    -4.637    0.0092      Blnd                5199.00A    -4.249    0.0226
H  1                3691.55A    -4.443    0.0144      Fe 3                9942.18A    -5.033    0.0037      Blnd                1085.00A    -4.651    0.0089
H  1                3686.83A    -4.501    0.0126      Fe 3                9444.21A    -5.567    0.0011      Blnd                2141.00A    -4.372    0.0170
H  1                3682.81A    -4.553    0.0112      Fe 3                2.24204m    -5.211    0.0025      Blnd                1750.00A    -4.230    0.0236
H  1                3679.35A    -4.597    0.0101      Fe 3                2.14511m    -5.516    0.0012      Blnd                990.000A    -4.793    0.0064
H  1                1.87510m    -3.114    0.3082      Fe 3                3.22847m    -4.984    0.0042      Blnd                1486.00A    -4.934    0.0047
H  1                1.28181m    -3.407    0.1569      Fe 3                2.87385m    -4.949    0.0045      Blnd                1240.00A    -5.362    0.0017
H  1                1.09381m    -3.656    0.0884      Fe 3                1.06081m    -5.521    0.0012      Blnd                6300.00A    -3.495    0.1280
H  1                1.00494m    -3.864    0.0547      Fe 7                9.50763m    -5.374    0.0017      Blnd                2471.00A    -3.994    0.0406
H  1                9545.97A    -4.043    0.0363      K  3                4.61683m    -4.605    0.0099      Blnd                7323.00A    -4.162    0.0276
H  1                9229.02A    -4.198    0.0254      K  4                5.98030m    -5.377    0.0017      Blnd                7332.00A    -4.245    0.0228
H  1                9014.91A    -4.336    0.0185      Mg 1                2852.13A    -4.322    0.0191      Blnd                833.000A    -4.817    0.0061
H  1                8862.79A    -4.381    0.0166      Mg 1                4562.60A    -4.182    0.0263      Blnd                3727.00A    -2.152    2.8240
H  1                8750.48A    -4.485    0.0131      Mg 1                4571.10A    -4.619    0.0096      Blnd                7325.00A    -3.901    0.0503
H  1                8665.02A    -4.580    0.0105      Mg 1                4575.29A    -5.546    0.0011      Blnd                1666.00A    -3.879    0.0529
H  1                8598.40A    -4.667    0.0086      Mg 3                231.734A    -5.192    0.0026      Blnd                5007.00A    -1.514   12.2564
H  1                8545.39A    -4.748    0.0071      Mg 3                234.264A    -5.427    0.0015      Blnd                835.000A    -4.543    0.0115
H  1                8502.49A    -4.823    0.0060      Mn 2                2576.10A    -5.187    0.0026      Blnd                1402.00A    -5.398    0.0016
H  1                8467.26A    -4.893    0.0051      Mn 2                2593.72A    -5.267    0.0022      Blnd                789.000A    -4.964    0.0043
H  1                8437.96A    -4.956    0.0044      Mn 2                2605.68A    -5.386    0.0016
H  1                8413.32A    -5.015    0.0039      N  1                1134.17A    -5.457    0.0014

                                                    Emergent line intensities
general properties..............................      He 1                5047.74A    -5.478    0.0013      S  2                1.03205m    -4.515    0.0122
continua........................................      He 1                4921.93A    -4.641    0.0092      S  2                1259.52A    -5.516    0.0012
FIR                 83.0000m    -1.766    6.8646      He 1                4387.93A    -4.960    0.0044      S  2                1253.81A    -5.559    0.0011
TIR                 1800.00m    -4.643    0.0091      He 1                4143.76A    -5.215    0.0024      S  3                33.4704m    -2.566    1.0871
NIRa                2.85000m    -0.734   73.9458      He 1                4009.05A    -5.219    0.0024      S  3                18.7078m    -2.765    0.6878
NIRb                3.00000m    -1.060   34.8726      He 1                3926.41A    -5.384    0.0017      S  3                9068.62A    -2.883    0.5239
MIRa                15.0000m    -1.240   23.0319      He 1                3871.69A    -5.528    0.0012      S  3                9530.62A    -2.483    1.3160
MIRb                22.5000m    -1.150   28.3628      He 1                4.29471m    -5.595    0.0010      S  3                3721.63A    -4.340    0.0183
NMIR                21.7500m    -0.734   73.9458      He 1                1.25275m    -5.532    0.0012      S  3                6312.06A    -4.066    0.0344
TFIR                611.250m    -3.473    0.1349      He 1                1.70025m    -5.223    0.0024      S  3                1713.11A    -5.416    0.0015
TALL                10000.0A    -0.222  240.3436      He 1                1.19691m    -5.383    0.0017      S  3                1728.94A    -4.964    0.0043
F12                 12.0000m    -1.657    8.8282      He 1                1.03113m    -5.582    0.0010      S  3                1194.45A    -5.513    0.0012
F25                 25.0000m    -2.056    3.5227      He 1                9515.00A    -5.470    0.0014      S  3                1021.11A    -5.525    0.0012
F60                 60.0000m    -2.068    3.4281      He 1                1.86854m    -4.604    0.0100      Si 2                34.8046m    -2.553    1.1211
F100                100.000m    -2.089    3.2640      He 1                1.27849m    -4.934    0.0047      Si 2                2334.41A    -4.407    0.0157
MIPS                24.0000m    -2.096    3.2134      He 1                1.09130m    -5.200    0.0025      Si 2                2328.52A    -5.016    0.0039
MIPS                70.0000m    -3.530    0.1181      He 1                1.00275m    -5.399    0.0016      Si 2                1808.01A    -4.287    0.0207
MIPS                160.000m    -3.637    0.0923      He 1                9526.01A    -5.570    0.0011      Si 2                1260.42A    -5.571    0.0011
IRAC                3.60000m    -1.963    4.3568      He 1                1.86972m    -5.082    0.0033      Si 2                2350.17A    -4.280    0.0210
IRAC                4.50000m    -1.934    4.6586      He 1                1.27905m    -5.412    0.0016      Si 2                2344.20A    -3.867    0.0544
IRAC                5.80000m    -1.873    5.3597      He 1                4.04791m    -5.323    0.0019      Si 2                2334.60A    -3.939    0.0461
IRAC                8.00000m    -1.737    7.3316      extra Lyman.....................................      Si 2                1817.45A    -4.458    0.0139
SPR1                250.000m    -4.866    0.0054      database lines..................................      Si 2                1816.93A    -3.978    0.0422
SPR2                350.000m    -4.983    0.0042      Al 3                1862.79A    -4.832    0.0059      Si 2                1533.43A    -4.609    0.0098
SPR3                500.000m    -5.041    0.0036      Al 3                1854.72A    -4.581    0.0105      Si 2                1309.28A    -5.018    0.0038
PAC1                70.0000m    -3.502    0.1262      Ar 2                6.98337m    -4.561    0.0110      Si 2                1265.00A    -4.736    0.0074
PAC2                100.000m    -2.083    3.3044      Ar 3                3109.18A    -5.010    0.0039      Si 2                1264.74A    -5.177    0.0027
PAC3                160.000m    -3.613    0.0977      Ar 3                5191.82A    -5.346    0.0018      Si 2                1197.39A    -4.869    0.0054
PAH                 3.30000m    -2.817    0.6097      Ar 3                7135.79A    -3.245    0.2276      Si 2                1194.50A    -4.897    0.0051
PAHC                3.23000m    -3.042    0.3634      Ar 3                7751.11A    -3.870    0.0540      Si 3                1892.03A    -3.624    0.0953
PAHC                3.37000m    -3.134    0.2943      Ar 3                8.98898m    -3.277    0.2114      Si 3                1882.71A    -3.450    0.1422
PAH                 6.20000m    -2.398    1.6005      Ar 3                21.8253m    -4.446    0.0143      Si 3                1206.50A    -4.563    0.0110
PAHC                5.65000m    -2.360    1.7481      Ar 4                2853.66A    -5.564    0.0011      Si 4                1393.75A    -4.579    0.0105
PAH                 7.90000m    -2.203    2.5081      Ar 4                4711.26A    -4.505    0.0125      Si 4                1402.77A    -4.798    0.0064
PAHC                6.90000m    -2.137    2.9216      Ar 4                4740.12A    -4.657    0.0088      Al 2                2669.15A    -4.190    0.0259
PAH                 11.3000m    -2.946    0.4539      Ar 5                7.89971m    -5.250    0.0023      Al 2                2660.35A    -4.016    0.0386
PAHC                10.9000m    -2.877    0.5316      Ar 5                13.0985m    -5.006    0.0039      Al 2                1670.79A    -4.555    0.0112
PAH                 11.8000m    -2.801    0.6325      C  1                9850.26A    -5.163    0.0028      Al 5                2.90450m    -5.160    0.0028
PAHC                12.6500m    -2.877    0.5320      C  2                1036.34A    -5.231    0.0024      C  4                1550.77A    -4.320    0.0192
PAH                 13.3000m    -2.956    0.4434      C  2                1037.02A    -4.960    0.0044      C  4                1548.19A    -4.051    0.0356
PAHC                14.1000m    -3.039    0.3663      C  2                1334.53A    -5.055    0.0035      Ca 2                7323.89A    -3.815    0.0613
Bcon                3640.00A    -0.650   89.5955      C  2                1335.66A    -4.822    0.0060      Ca 2                7291.47A    -3.632    0.0934
Pcon                5000.00A    -0.949   44.9955      C  2                1335.71A    -4.687    0.0082      Ca 2                3968.47A    -4.528    0.0119
O3bn                5007.00A    -1.610    9.8329      C  2                2323.50A    -4.550    0.0113      Ca 2                8662.14A    -4.699    0.0080
SX                  25.0000A    -2.220    2.4108      C  2                2324.69A    -4.299    0.0201      Ca 2                3933.66A    -4.442    0.0145
HX                  4.70000A    -1.888    5.1784      C  2                2325.40A    -3.587    0.1036      Ca 2                8498.02A    -5.299    0.0020
ROSA                12.3980A    -1.941    4.5913      C  2                2326.93A    -3.767    0.0684      Ca 2                8542.09A    -4.353    0.0178
RRC.............................................      C  2                2328.12A    -4.245    0.0228      Ca 5                4.15739m    -4.956    0.0044
grains..........................................      C  2                157.636m    -3.684    0.0829      Ca 5                5309.11A    -5.456    0.0014
H-like iso-sequence.............................      C  3                1908.73A    -3.259    0.2208      Cl 2                14.3639m    -4.763    0.0069
H  1                1215.67A    -1.220   24.1075      C  3                1906.68A    -3.080    0.3328      Cl 2                8578.70A    -4.457    0.0140
H  1                1025.72A    -4.595    0.0102      C  3                977.020A    -4.328    0.0188      Cl 2                9123.60A    -5.042    0.0036
H  1                972.537A    -4.702    0.0079      Ca 4                3.20610m    -3.901    0.0503      Cl 3                5537.87A    -4.454    0.0141
H  1                949.743A    -4.758    0.0070      Co 2                2.98382m    -5.287    0.0021      Cl 3                5517.71A    -4.307    0.0198
H  1                937.803A    -4.798    0.0064      Co 2                1.01879m    -5.515    0.0012      Cl 3                3342.80A    -5.412    0.0015
H  1                930.748A    -4.828    0.0059      Cr 2                8000.08A    -5.300    0.0020      Cl 4                20.3197m    -4.520    0.0121
H  1                926.226A    -4.859    0.0055      Cr 2                8125.30A    -5.373    0.0017      Cl 4                11.7629m    -4.611    0.0098
H  1                923.150A    -4.890    0.0052      Cr 2                8229.67A    -5.467    0.0014      Cl 4                7530.54A    -5.175    0.0027
H  1                920.963A    -4.917    0.0048      Fe 2                25.9813m    -3.421    0.1520      Cl 4                8045.62A    -4.811    0.0062
H  1                919.351A    -5.057    0.0035      Fe 2                5.33871m    -2.909    0.4933      Fe 4                3094.96A    -3.372    0.1699
H  1                918.129A    -5.073    0.0034      Fe 2                4.11387m    -5.234    0.0023      Fe 4                2835.74A    -3.381    0.1665
H  1                917.181A    -5.086    0.0033      Fe 2                1.25668m    -4.172    0.0269      Fe 4                2829.36A    -3.675    0.0846
H  1                916.429A    -5.098    0.0032      Fe 2                4632.28A    -5.122    0.0030      Fe 4                2823.50A    -4.250    0.0225
H  1                915.824A    -5.107    0.0031      Fe 2                4416.27A    -5.097    0.0032      Fe 4                2577.92A    -5.264    0.0022
H  1                915.329A    -5.115    0.0031      Fe 2                4287.39A    -4.149    0.0284      Fe 4                2.83562m    -4.786    0.0066
H  1                914.919A    -5.122    0.0030      Fe 2                2599.40A    -5.383    0.0017      Fe 4                2.80554m    -5.346    0.0018
H  1                914.576A    -5.127    0.0030      Fe 2                2382.04A    -3.938    0.0462      Fe 4                2.86447m    -5.142    0.0029
H  1                914.286A    -5.130    0.0030      Fe 2                35.3391m    -4.081    0.0332      Fe 4                2567.61A    -4.349    0.0179
H  1                914.039A    -5.130    0.0030      Fe 2                6.71944m    -4.049    0.0358      Fe 4                2.71569m    -5.465    0.0014
H  1                913.826A    -5.126    0.0030      Fe 2                4.88781m    -4.897    0.0051      Fe 4                2567.40A    -5.109    0.0031
H  1                6562.80A    -2.157    2.7891      Fe 2                1.32055m    -4.669    0.0086      Fe 4                6739.82A    -4.918    0.0048
H  1                4861.32A    -2.603    1.0000      Fe 2                7637.52A    -4.943    0.0046      Fe 4                6761.38A    -5.419    0.0015
H  1                4340.46A    -2.928    0.4722      Fe 2                4889.62A    -4.984    0.0042      Fe 4                6734.42A    -5.032    0.0037
H  1                4101.73A    -3.185    0.2617      Fe 2                4457.95A    -5.367    0.0017      Fe 4                5233.76A    -5.550    0.0011
H  1                3970.07A    -3.395    0.1612      Fe 2                4359.33A    -4.280    0.0210      Fe 4                4906.56A    -5.183    0.0026
H  1                3889.05A    -3.574    0.1068      Fe 2                2625.67A    -3.417    0.1533      Fe 4                4899.97A    -5.562    0.0011
H  1                3835.38A    -3.730    0.0746      Fe 2                2611.87A    -4.195    0.0255      Fe 4                4903.07A    -5.542    0.0011
H  1                3797.90A    -3.868    0.0543      Fe 2                2598.37A    -5.355    0.0018      Fe 5                70.3538m    -3.804    0.0629
H  1                3770.63A    -3.866    0.0545      Fe 2                2395.63A    -4.378    0.0168      Fe 5                36.3273m    -3.778    0.0668
H  1                3750.15A    -3.970    0.0429      Fe 2                2388.63A    -5.342    0.0018      Fe 5                25.9131m    -3.885    0.0521
H  1                3734.37A    -4.065    0.0345      Fe 2                2364.83A    -4.771    0.0068      Fe 5                20.8407m    -4.153    0.0282
H  1                3721.94A    -4.153    0.0282      Fe 2                51.2868m    -4.607    0.0099      Fe 5                4180.59A    -4.763    0.0069
H  1                3711.97A    -4.234    0.0234      Fe 2                4.60641m    -5.510    0.0012      Fe 5                4143.15A    -4.527    0.0119
H  1                3703.85A    -4.309    0.0196      Fe 2                1.37181m    -4.912    0.0049      Fe 5                4227.19A    -3.818    0.0608
H  1                3697.15A    -4.379    0.0167      Fe 2                1.29427m    -5.458    0.0014      Fe 5                4003.21A    -5.472    0.0014
H  1                3691.55A    -4.443    0.0144      Fe 2                7686.93A    -5.031    0.0037      Fe 5                4071.24A    -4.540    0.0116
H  1                3686.83A    -4.501    0.0126      Fe 2                4413.78A    -4.432    0.0148      Fe 5                3895.22A    -4.961    0.0044
H  1                3682.81A    -4.553    0.0112      Fe 2                2631.32A    -4.281    0.0210      Fe 5                3851.34A    -5.198    0.0025
H  1                3679.35A    -4.597    0.0101      Fe 2                2607.09A    -5.520    0.0012      Fe 5                3794.94A    -4.609    0.0099
H  1                1.87510m    -3.114    0.3083      Fe 2                2404.89A    -5.211    0.0025      Fe 5                3755.70A    -4.890    0.0052
H  1                1.28181m    -3.407    0.1569      Fe 2                2380.76A    -4.222    0.0240      Fe 5                3911.33A    -5.466    0.0014
H  1                1.09381m    -3.656    0.0884      Fe 2                87.3597m    -5.327    0.0019      Fe 5                3839.27A    -4.598    0.0101
H  1                1.00494m    -3.864    0.0547      Fe 2                4452.10A    -4.624    0.0095      Fe 5                3783.22A    -5.010    0.0039
H  1                9545.97A    -4.043    0.0363      Fe 2                2631.05A    -5.445    0.0014      Fe 5                3891.28A    -4.839    0.0058
H  1                9229.02A    -4.198    0.0254      Fe 2                4474.90A    -4.936    0.0046      Fe 5                3819.95A    -5.510    0.0012
H  1                9014.91A    -4.336    0.0185      Fe 2                17.9311m    -3.859    0.0554      Fe 5                3445.62A    -5.354    0.0018
H  1                8862.79A    -4.381    0.0166      Fe 2                1.64355m    -2.994    0.4059      Fe 5                3463.51A    -5.345    0.0018
H  1                8750.48A    -4.485    0.0131      Fe 2                1.53348m    -4.089    0.0326      Fe 5                2828.24A    -5.483    0.0013
H  1                8665.02A    -4.580    0.0105      Fe 2                8616.95A    -4.354    0.0177      Fe 6                19.5527m    -4.170    0.0271
H  1                8598.40A    -4.667    0.0086      Fe 2                7155.17A    -4.359    0.0175      Fe 6                14.7670m    -4.401    0.0159
H  1                8545.39A    -4.748    0.0071      Fe 2                5273.36A    -4.498    0.0127      Fe 6                12.3074m    -4.665    0.0087
H  1                8502.49A    -4.823    0.0060      Fe 2                5158.79A    -3.883    0.0524      Fe 6                5335.18A    -4.995    0.0041
H  1                8467.26A    -4.893    0.0051      Fe 2                5111.64A    -4.794    0.0064      Fe 6                5484.84A    -5.249    0.0023
H  1                8437.96A    -4.957    0.0044      Fe 2                5072.41A    -4.541    0.0115      Fe 6                5631.07A    -5.144    0.0029
H  1                8413.32A    -5.015    0.0039      Fe 2                4814.54A    -4.839    0.0058      Fe 6                5277.81A    -5.495    0.0013
H  1                8392.40A    -5.067    0.0034      Fe 2                4774.73A    -5.281    0.0021      Fe 6                5424.22A    -5.164    0.0027
H  1                8374.48A    -5.111    0.0031      Fe 2                4243.97A    -4.210    0.0247      Fe 6                5676.95A    -5.110    0.0031
H  1                4.05115m    -3.764    0.0690      Fe 2                4177.20A    -5.298    0.0020      Fe 6                5426.64A    -5.441    0.0015
H  1                2.62515m    -3.982    0.0418      Fe 2                3376.20A    -4.915    0.0049      Fe 6                5145.75A    -4.812    0.0062
H  1                2.16553m    -4.184    0.0262      Fe 2                2493.30A    -3.793    0.0645      Fe 6                4972.47A    -4.828    0.0059
H  1                1.94456m    -4.361    0.0175      Fe 2                24.5126m    -4.551    0.0113      Fe 6                5176.04A    -4.891    0.0051
H  1                1.81741m    -4.516    0.0122      Fe 2                1.80940m    -3.595    0.1018      Fe 6                4967.14A    -5.262    0.0022
H  1                1.73621m    -4.654    0.0089      Fe 2                1.67688m    -4.515    0.0122      Mg 2                2802.71A    -2.973    0.4265
H  1                1.68065m    -4.751    0.0071      Fe 2                1.59948m    -4.433    0.0148      Mg 2                2795.53A    -2.677    0.8428
H  1                1.64072m    -4.854    0.0056      Fe 2                9051.95A    -4.195    0.0256      Mg 4                4.48711m    -3.873    0.0537
H  1                1.61093m    -4.948    0.0045      Fe 2                8891.93A    -4.630    0.0094      Mg 5                5.60700m    -4.781    0.0066
H  1                1.58805m    -5.035    0.0037      Fe 2                7452.56A    -4.851    0.0056      N  2                205.283m    -4.405    0.0158
H  1                1.57007m    -5.116    0.0031      Fe 2                7172.00A    -4.866    0.0055      N  2                121.769m    -3.995    0.0405
H  1                1.55565m    -5.191    0.0026      Fe 2                5527.36A    -5.293    0.0020      N  2                6548.05A    -3.183    0.2626
H  1                1.54389m    -5.260    0.0022      Fe 2                5433.15A    -5.012    0.0039      N  2                6583.45A    -2.714    0.7740
H  1                1.53418m    -5.324    0.0019      Fe 2                5261.63A    -4.268    0.0216      N  2                5754.59A    -4.508    0.0124
H  1                1.52605m    -5.382    0.0017      Fe 2                5220.08A    -5.544    0.0011      N  2                2139.01A    -4.911    0.0049
H  1                1.51919m    -5.434    0.0015      Fe 2                5184.80A    -5.435    0.0015      N  2                2142.77A    -4.520    0.0121
H  1                1.51332m    -5.478    0.0013      Fe 2                5158.01A    -5.381    0.0017      N  2                1085.70A    -5.328    0.0019
H  1                7.45782m    -4.282    0.0209      Fe 2                4947.39A    -4.783    0.0066      N  2                1084.58A    -5.520    0.0012
H  1                4.65251m    -4.449    0.0142      Fe 2                4905.35A    -5.136    0.0029      N  2                1085.55A    -5.270    0.0022
H  1                3.73954m    -4.617    0.0097      Fe 2                4874.50A    -5.183    0.0026      N  2                1083.99A    -5.502    0.0013
H  1                3.29609m    -4.770    0.0068      Fe 2                4346.86A    -4.837    0.0058      N  2                1084.56A    -5.343    0.0018
H  1                3.03837m    -4.907    0.0050      Fe 2                4276.84A    -4.760    0.0070      N  2                916.020A    -5.566    0.0011
H  1                2.87221m    -5.039    0.0037      Fe 2                4244.82A    -5.562    0.0011      N  2                916.710A    -5.175    0.0027
H  1                2.75752m    -5.142    0.0029      Fe 2                3452.31A    -5.507    0.0012      N  2                916.701A    -5.144    0.0029
H  1                2.67440m    -5.236    0.0023      Fe 2                3440.99A    -5.393    0.0016      N  2                915.962A    -5.291    0.0020
H  1                2.61194m    -5.323    0.0019      Fe 2                35.7675m    -5.341    0.0018      N  3                57.3238m    -2.806    0.6258
H  1                2.56363m    -5.403    0.0016      Fe 2                1.95361m    -4.506    0.0125      N  3                1748.65A    -5.118    0.0030
H  1                2.52540m    -5.478    0.0013      Fe 2                1.80002m    -4.530    0.0118      N  3                1753.99A    -5.103    0.0032
H  1                2.49458m    -5.547    0.0011      Fe 2                1.71113m    -5.111    0.0031      N  3                1746.82A    -5.517    0.0012
H  1                12.3685m    -4.717    0.0077      Fe 2                1.66377m    -4.725    0.0075      N  3                1752.16A    -4.678    0.0084
H  1                7.50045m    -4.849    0.0057      Fe 2                9399.04A    -4.617    0.0097      N  3                1749.67A    -4.713    0.0078
H  1                5.90660m    -4.991    0.0041      Fe 2                9226.63A    -4.574    0.0107      N  3                989.799A    -5.476    0.0013
H  1                5.12726m    -5.124    0.0030      Fe 2                9033.49A    -5.574    0.0011      N  3                991.511A    -5.121    0.0030
H  1                4.67124m    -5.278    0.0021      Fe 2                7388.17A    -4.986    0.0041      N  3                991.577A    -5.291    0.0020
H  1                4.37526m    -5.379    0.0017      Fe 2                5333.66A    -4.556    0.0111      Na 3                7.31570m    -4.501    0.0126
H  1                4.16966m    -5.473    0.0013      Fe 2                5268.89A    -5.551    0.0011      Na 4                9.03096m    -4.811    0.0062
H  1                4.01977m    -5.559    0.0011      Fe 2                5049.30A    -4.956    0.0044      Ne 4                2421.66A    -4.565    0.0109
H  1                19.0567m    -5.092    0.0032      Fe 2                5005.52A    -5.013    0.0039      Ne 4                2424.28A    -4.392    0.0162
H  1                11.3056m    -5.198    0.0025      Fe 2                4973.40A    -5.284    0.0021      Ni 2                1.19102m    -3.885    0.0522
H  1                8.75768m    -5.320    0.0019      Fe 2                4352.79A    -5.075    0.0034      Ni 2                6.63416m    -4.360    0.0175
H  1                7.50606m    -5.482    0.0013      Fe 2                4319.62A    -5.332    0.0019      Ni 2                1.07151m    -5.137    0.0029
H  1                6.77015m    -5.582    0.0010      Fe 2                3501.63A    -5.541    0.0012      Ni 2                10.6793m    -4.774    0.0067
H  1                27.7958m    -5.422    0.0015      Fe 2                1.89541m    -5.266    0.0022      Ni 2                12.7253m    -5.353    0.0018
H  1                16.2047m    -5.508    0.0012      Fe 2                1.79711m    -4.764    0.0069      Ni 2                7377.83A    -4.177    0.0266
He 2                1640.41A    -2.528    1.1871      Fe 2                1.74494m    -5.048    0.0036      Ni 2                8300.99A    -5.473    0.0013
He 2                1215.13A    -3.004    0.3968      Fe 2                9652.70A    -5.466    0.0014      Ni 2                1.93877m    -4.885    0.0052
He 2                1084.94A    -3.344    0.1815      Fe 2                9470.94A    -4.964    0.0043      Ni 2                6666.80A    -5.318    0.0019
He 2                1025.27A    -3.603    0.0999      Fe 2                9267.56A    -5.271    0.0021      Ni 2                7411.61A    -5.099    0.0032
He 2                992.358A    -3.813    0.0615      Fe 2                5376.47A    -4.945    0.0045      Ni 2                4326.24A    -5.201    0.0025
He 2                972.106A    -3.990    0.0410      Fe 2                5043.53A    -5.490    0.0013      Ni 2                7255.82A    -5.556    0.0011
He 2                958.693A    -4.142    0.0289      Fe 2                5020.24A    -5.597    0.0010      Ni 2                4201.17A    -5.441    0.0015
He 2                949.323A    -4.276    0.0212      Fe 2                2755.74A    -4.884    0.0052      Ni 2                3993.06A    -5.316    0.0019
He 2                942.507A    -4.131    0.0296      Fe 2                2739.55A    -5.370    0.0017      Ni 2                3438.88A    -5.536    0.0012
He 2                937.389A    -4.225    0.0239      Fe 2                2772.73A    -5.430    0.0015      O  4                25.8863m    -2.217    2.4292
He 2                933.444A    -4.310    0.0196      Fe 2                2.22379m    -5.438    0.0015      S  4                10.5076m    -2.573    1.0696
He 2                930.337A    -4.390    0.0163      Fe 3                22.9190m    -3.230    0.2360      level 1 lines...................................
He 2                927.846A    -4.463    0.0138      Fe 3                4985.87A    -3.317    0.1930      recombination...................................
He 2                925.816A    -4.531    0.0118      Fe 3                4924.54A    -4.720    0.0076      level2 lines....................................
He 2                924.142A    -4.593    0.0102      Fe 3                4881.00A    -3.893    0.0513      N  1                942.258A    -5.365    0.0017
He 2                922.743A    -4.651    0.0089      Fe 3                4658.05A    -3.342    0.1824      O  1                976.791A    -5.240    0.0023
He 2                921.562A    -4.703    0.0079      Fe 3                4607.03A    -4.614    0.0097      O  1                969.049A    -5.283    0.0021
He 2                920.556A    -4.749    0.0071      Fe 3                4070.71A    -5.532    0.0012      O  1                946.387A    -5.326    0.0019
He 2                919.693A    -4.787    0.0065      Fe 3                4008.35A    -4.522    0.0120      O  1                934.501A    -5.361    0.0017
He 2                4685.68A    -3.407    0.1569      Fe 3                3322.54A    -4.180    0.0265      O  1                973.577A    -5.376    0.0017
He 2                3203.08A    -3.733    0.0741      Fe 3                3239.74A    -4.303    0.0199      O  1                927.472A    -5.395    0.0016
He 2                2733.28A    -3.998    0.0402      Fe 3                2438.29A    -4.669    0.0086      O  1                948.506A    -5.436    0.0015
He 2                2511.19A    -4.215    0.0244      Fe 3                1576.66A    -5.341    0.0018      O  1                922.969A    -5.433    0.0015
He 2                2385.39A    -4.397    0.0161      Fe 3                33.0270m    -3.776    0.0671      O  1                919.912A    -5.470    0.0014
He 2                2306.18A    -4.553    0.0112      Fe 3                5270.40A    -3.551    0.1125      O  1                935.672A    -5.499    0.0013
He 2                2252.67A    -4.691    0.0082      Fe 3                5032.68A    -5.525    0.0012      O  1                917.726A    -5.511    0.0012
He 2                2214.65A    -4.645    0.0091      Fe 3                4987.21A    -4.633    0.0093      O  1                918.704A    -5.544    0.0011
He 2                2186.59A    -4.738    0.0073      Fe 3                4754.69A    -4.067    0.0343      O  1                928.186A    -5.567    0.0011
He 2                2165.23A    -4.823    0.0060      Fe 3                4701.54A    -3.902    0.0502      O  1                917.473A    -5.590    0.0010
He 2                2148.58A    -4.902    0.0050      Fe 3                4667.01A    -4.954    0.0044      Si 2                1179.59A    -4.813    0.0062
He 2                2135.34A    -4.975    0.0042      Fe 3                4079.70A    -5.081    0.0033      Si 2                993.354A    -5.305    0.0020
He 2                2124.61A    -5.043    0.0036      Fe 3                4046.42A    -5.555    0.0011      Si 2                1024.03A    -5.488    0.0013
He 2                2115.81A    -5.105    0.0031      Fe 3                3371.41A    -4.313    0.0195      P  2                967.202A    -5.582    0.0010
He 2                2108.49A    -5.163    0.0028      Fe 3                3301.56A    -5.447    0.0014      P  2                963.828A    -5.497    0.0013
He 2                2102.33A    -5.215    0.0024      Fe 3                3286.19A    -4.819    0.0061      Ti 2                3364.74A    -4.958    0.0044
He 2                2097.10A    -5.261    0.0022      Fe 3                2464.51A    -4.812    0.0062      Ti 2                3237.15A    -5.176    0.0027
He 2                2092.63A    -5.299    0.0020      Fe 3                51.6655m    -4.404    0.0158      Cr 2                2059.78A    -5.267    0.0022
He 2                1.01235m    -4.019    0.0383      Fe 3                5011.26A    -4.233    0.0234      Ni 2                1751.83A    -5.494    0.0013
He 2                6560.01A    -4.259    0.0221      Fe 3                4769.43A    -4.369    0.0171      Ni 2                1744.24A    -5.400    0.0016
He 2                5411.45A    -4.475    0.0134      Fe 3                4733.91A    -4.413    0.0155      Ni 2                1375.73A    -5.582    0.0010
He 2                4859.26A    -4.661    0.0087      Fe 3                3406.18A    -4.677    0.0084      Ni 2                1324.11A    -5.593    0.0010
He 2                4541.54A    -4.821    0.0061      Fe 3                3334.90A    -4.826    0.0060      hyperfine structure.............................
He 2                4338.62A    -4.961    0.0044      Fe 3                3319.22A    -4.985    0.0041      inner shell.....................................
He 2                4199.78A    -5.014    0.0039      Fe 3                2483.05A    -4.981    0.0042      molecules.......................................
He 2                4099.99A    -5.106    0.0031      Fe 3                105.345m    -5.380    0.0017      bands...........................................
He 2                4025.55A    -5.192    0.0026      Fe 3                5411.98A    -4.608    0.0099      Fe 2b               2500.00A    -3.014    0.3877
He 2                3968.39A    -5.270    0.0021      Fe 3                4930.54A    -4.931    0.0047      Fe 2b               5000.00A    -3.100    0.3183
He 2                3923.44A    -5.343    0.0018      Fe 3                4777.68A    -4.733    0.0074      Fe 2b               7000.00A    -3.956    0.0443
He 2                3887.40A    -5.411    0.0016      Fe 3                3428.79A    -5.335    0.0018      Fe 2b               10000.0A    -2.729    0.7480
He 2                3858.03A    -5.473    0.0013      Fe 3                3356.57A    -4.905    0.0050      Fe 2b               2355.00A    -3.583    0.1046
He 2                3833.76A    -5.530    0.0012      Fe 3                3355.48A    -5.163    0.0028      Fe 2b               2430.00A    -3.026    0.3773
He 2                3813.45A    -5.582    0.0010      Fe 3                2495.04A    -5.219    0.0024      Fe 2b               2445.00A    -3.026    0.3773
He 2                1.86365m    -4.519    0.0121      Fe 3                5084.77A    -5.009    0.0039      Fe 2b               2495.00A    -3.792    0.0646
He 2                1.16262m    -4.698    0.0080      Fe 3                3366.21A    -5.225    0.0024      Fe 2b               2610.00A    -3.284    0.2081
He 2                9344.80A    -4.876    0.0053      Fe 3                8838.21A    -5.547    0.0011      Fe 2b               2758.00A    -4.620    0.0096
He 2                8236.67A    -5.036    0.0037      Fe 3                8728.94A    -5.399    0.0016      Fe 2b               2780.00A    -4.591    0.0103
He 2                7592.65A    -5.177    0.0027      Fe 3                40.0371m    -5.243    0.0023      Fe 2b               3180.00A    -5.409    0.0016
He 2                7177.41A    -5.303    0.0020      Fe 3                2.21782m    -4.459    0.0139      Fe 2b               3250.00A    -4.744    0.0072
He 2                6890.80A    -5.395    0.0016      Fe 3                9701.27A    -4.840    0.0058      Fe 2b               3590.00A    -4.772    0.0068
He 2                6683.11A    -5.479    0.0013      Fe 3                2.34788m    -4.637    0.0092      Fe 2b               4255.00A    -3.537    0.1162
He 2                6527.01A    -5.558    0.0011      Fe 3                9942.18A    -5.033    0.0037      Fe 2b               4558.00A    -4.271    0.0214
He 2                3.09080m    -4.946    0.0045      Fe 3                9444.21A    -5.567    0.0011      Fe 2b               4600.00A    -4.241    0.0230
He 2                1.87431m    -5.082    0.0033      Fe 3                2.24204m    -5.211    0.0025      Fe 2b               4743.00A    -4.982    0.0042
He 2                1.47602m    -5.229    0.0024      Fe 3                2.14511m    -5.516    0.0012      Fe 2b               4855.00A    -4.404    0.0158
He 2                1.28127m    -5.367    0.0017      Fe 3                3.22847m    -4.984    0.0042      Fe 2b               4920.00A    -3.889    0.0518
He 2                1.16730m    -5.541    0.0012      Fe 3                2.87385m    -4.949    0.0045      Fe 2b               4975.00A    -4.428    0.0149
He 2                4.76213m    -5.319    0.0019      Fe 3                1.06081m    -5.521    0.0012      Fe 2b               4971.00A    -4.459    0.0139
He 2                2.82519m    -5.423    0.0015      Fe 7                9.50763m    -5.374    0.0017      Fe 2b               5070.00A    -4.331    0.0187
He 2                2.18848m    -5.546    0.0011      K  3                4.61683m    -4.605    0.0099      Fe 2b               5143.00A    -3.813    0.0616
He-like iso-sequence............................      K  4                5.98030m    -5.377    0.0017      Fe 2b               5270.00A    -3.520    0.1209
He 1                1.08291m    -4.341    0.0182      Mg 1                2852.13A    -4.322    0.0191      Fe 2b               5318.00A    -3.829    0.0594
He 1                1.08302m    -3.852    0.0564      Mg 1                4562.60A    -4.182    0.0263      Fe 2b               5540.00A    -4.912    0.0049
He 1                1.08303m    -3.615    0.0972      Mg 1                4571.10A    -4.619    0.0096      Fe 2b               5865.00A    -5.513    0.0012
Blnd                1.08302m    -3.367    0.1719      Mg 1                4575.29A    -5.546    0.0011      Fe 2b               7445.00A    -3.978    0.0421
He 1                3888.64A    -3.680    0.0837      Mn 2                2576.10A    -5.187    0.0026      Fe 2b               8625.00A    -3.716    0.0771
He 1                3187.74A    -4.068    0.0342      Mn 2                2593.72A    -5.267    0.0022      Fe 2b               1.03250m    -4.763    0.0069
He 1                2945.10A    -4.380    0.0167      Mn 2                2605.68A    -5.386    0.0016      Fe 2b               1.88900m    -3.446    0.1435
He 1                2829.08A    -4.634    0.0093      N  1                1134.17A    -5.458    0.0014      Fe 2b               2.20000m    -5.337    0.0018
He 1                2760.44A    -5.213    0.0025      N  1                1134.41A    -5.388    0.0016      miscellaneous...................................
He 1                2721.00A    -5.362    0.0017      N  1                1134.98A    -5.355    0.0018      C 2R                1335.00A    -3.499    0.1270
He 1                2694.61A    -5.496    0.0013      N  1                1199.55A    -5.041    0.0036      C 3R                977.000A    -4.332    0.0186
He 1                2.05813m    -4.562    0.0110      N  1                1200.22A    -5.077    0.0034      C 3R                1909.00A    -4.485    0.0131
He 1                5015.68A    -4.300    0.0201      N  1                1200.71A    -5.204    0.0025      C 3R                1175.00A    -4.664    0.0087
He 1                3964.73A    -4.686    0.0082      N  1                5197.90A    -4.627    0.0095      N 2R                1085.00A    -4.661    0.0087
He 1                3613.64A    -4.990    0.0041      N  1                5200.26A    -4.485    0.0131      N 3R                990.000A    -4.374    0.0169
He 1                3447.59A    -5.239    0.0023      N  4                1486.50A    -5.316    0.0019      O 2R                3729.00A    -4.580    0.0105
He 1                7065.71A    -5.307    0.0020      N  4                1483.32A    -5.168    0.0027      O 2R                4651.00A    -4.953    0.0045
He 1                7065.21A    -4.830    0.0059      N  5                1238.82A    -5.598    0.0010      O 2R                4341.00A    -5.230    0.0024
He 1                7065.18A    -4.608    0.0099      Ne 2                12.8101m    -4.016    0.0386      Blnd                1400.00A    -4.335    0.0185
Blnd                7065.25A    -4.353    0.0178      Ne 3                15.5509m    -2.655    0.8856      Blnd                1650.00A    -2.509    1.2400
He 1                5875.98A    -4.619    0.0096      Ne 3                3868.76A    -2.875    0.5335      Blnd                1304.00A    -4.899    0.0051
He 1                5875.64A    -4.142    0.0289      Ne 3                36.0036m    -3.695    0.0808      Blnd                1039.00A    -5.377    0.0017
He 1                5875.61A    -3.920    0.0482      Ne 3                3967.47A    -3.393    0.1619      Blnd                2798.00A    -2.499    1.2692
Blnd                5875.66A    -3.665    0.0867      Ne 3                1814.56A    -5.374    0.0017      Blnd                6720.00A    -2.617    0.9665
He 1                4713.16A    -5.531    0.0012      Ne 5                24.3108m    -4.103    0.0316      Blnd                4074.00A    -3.901    0.0503
He 1                4713.14A    -5.309    0.0020      Ne 5                14.3178m    -4.292    0.0204      Blnd                1.03300m    -4.010    0.0391
Blnd                4713.17A    -5.054    0.0035      Ne 5                3425.88A    -5.399    0.0016      Blnd                1256.00A    -5.101    0.0032
He 1                4471.69A    -5.027    0.0038      O  1                1040.94A    -5.569    0.0011      Blnd                1198.00A    -5.184    0.0026
He 1                4471.49A    -4.549    0.0113      O  1                1304.86A    -5.059    0.0035      Blnd                1720.00A    -4.833    0.0059
He 1                4471.47A    -4.328    0.0188      O  1                1306.03A    -5.554    0.0011      Blnd                3722.00A    -4.334    0.0186
Blnd                4471.50A    -4.072    0.0339      O  1                5577.34A    -5.223    0.0024      Blnd                2665.00A    -3.793    0.0645
Blnd                4120.84A    -5.479    0.0013      O  1                6300.30A    -3.616    0.0970      Blnd                1860.00A    -4.388    0.0164
He 1                4026.36A    -5.341    0.0018      O  1                6363.78A    -4.111    0.0310      Blnd                4725.00A    -4.274    0.0213
He 1                4026.20A    -4.864    0.0055      O  1                63.1679m    -4.055    0.0353      Blnd                2860.00A    -5.401    0.0016
He 1                4026.19A    -4.642    0.0091      O  1                145.495m    -5.069    0.0034      Blnd                2335.00A    -3.453    0.1410
Blnd                4026.21A    -4.387    0.0164      O  2                2470.22A    -4.673    0.0085      Blnd                1888.00A    -3.227    0.2374
He 1                3819.76A    -5.596    0.0010      O  2                2470.34A    -4.096    0.0321      Blnd                1397.00A    -4.374    0.0169
He 1                3819.61A    -5.119    0.0030      O  2                7318.92A    -4.756    0.0070      Blnd                2424.00A    -4.169    0.0271
He 1                3819.60A    -4.897    0.0051      O  2                7319.99A    -4.290    0.0205      Blnd                3350.00A    -5.266    0.0022
Blnd                3819.62A    -4.642    0.0091      O  2                7329.67A    -4.534    0.0117      Blnd                5525.00A    -4.073    0.0339
He 1                3704.90A    -5.537    0.0012      O  2                7330.73A    -4.559    0.0111      Blnd                8579.00A    -4.158    0.0278
He 1                3704.76A    -5.060    0.0035      O  2                3728.81A    -2.387    1.6438      Blnd                7306.00A    -3.413    0.1547
He 1                3704.75A    -4.838    0.0058      O  2                3726.03A    -2.531    1.1803      Blnd                3933.00A    -4.181    0.0264
Blnd                3704.77A    -4.583    0.0105      O  3                88.3323m    -2.091    3.2475      Blnd                1657.00A    -5.274    0.0021
He 1                3634.08A    -5.222    0.0024      O  3                4931.23A    -5.513    0.0012      Blnd                9850.00A    -5.038    0.0037
He 1                3634.07A    -5.000    0.0040      O  3                51.8004m    -2.189    2.5941      Blnd                2326.00A    -3.248    0.2262
Blnd                3634.09A    -4.745    0.0072      O  3                4958.91A    -2.104    3.1502      Blnd                1335.00A    -4.352    0.0178
He 1                3587.16A    -5.365    0.0017      O  3                2320.95A    -4.478    0.0133      Blnd                1909.00A    -2.859    0.5537
He 1                3587.15A    -5.143    0.0029      O  3                1660.81A    -4.421    0.0152      Blnd                1549.00A    -3.864    0.0548
Blnd                3587.17A    -4.887    0.0052      O  3                5006.84A    -1.643    9.1049      Blnd                5199.00A    -4.249    0.0226
He 1                3554.34A    -5.492    0.0013      O  3                1666.15A    -4.026    0.0377      Blnd                1085.00A    -4.653    0.0089
He 1                3554.33A    -5.270    0.0022      O  3                4363.21A    -3.852    0.0563      Blnd                2141.00A    -4.372    0.0170
Blnd                3554.35A    -5.014    0.0039      P  2                60.6263m    -4.890    0.0052      Blnd                1750.00A    -4.230    0.0236
He 1                3530.43A    -5.386    0.0016      P  2                32.8620m    -4.750    0.0071      Blnd                990.000A    -4.795    0.0064
Blnd                3530.44A    -5.130    0.0030      P  2                1.14682m    -4.667    0.0086      Blnd                1486.00A    -4.935    0.0047
He 1                3512.46A    -5.491    0.0013      P  2                1.18828m    -4.244    0.0229      Blnd                1240.00A    -5.363    0.0017
Blnd                3512.48A    -5.235    0.0023      P  2                7875.99A    -5.588    0.0010      Blnd                6300.00A    -3.495    0.1280
He 1                3498.60A    -5.587    0.0010      P  3                17.8797m    -4.654    0.0089      Blnd                2471.00A    -3.994    0.0406
Blnd                3498.62A    -5.332    0.0019      P  4                950.657A    -5.588    0.0010      Blnd                7323.00A    -4.162    0.0276
Blnd                3487.70A    -5.421    0.0015      S  2                6730.82A    -2.987    0.4123      Blnd                7332.00A    -4.245    0.0228
Blnd                3478.95A    -5.504    0.0013      S  2                6716.44A    -2.859    0.5542      Blnd                3727.00A    -2.152    2.8241
Blnd                3471.81A    -5.581    0.0011      S  2                4076.35A    -4.515    0.0122      Blnd                7325.00A    -3.901    0.0503
He 1                3439.98A    -5.412    0.0016      S  2                4068.60A    -4.022    0.0380      Blnd                1666.00A    -3.879    0.0529
Blnd                3440.00A    -5.156    0.0028      S  2                1.03364m    -4.653    0.0089      Blnd                5007.00A    -1.514   12.2564
He 1                7281.35A    -4.912    0.0049      S  2                1.02867m    -4.649    0.0090      Blnd                1402.00A    -5.399    0.0016
He 1                6678.15A    -4.214    0.0244      S  2                1.03705m    -4.975    0.0042



 AGN log nH=1.89 log U=-2.67  
 Cooling:  O  2c                     0  :0.060 O  3c                     0  :0.373 S  3c                     0  :0.075  
 Heating:  BFH1                      0  :0.708 BFHe                      0  :0.236  

 These are some of the most important databases used by Cloudy:
 Many recombination coefficients were taken from http://amdpp.phys.strath.ac.uk/tamoc/RR/ and http://amdpp.phys.strath.ac.uk/tamoc/DR/
      and are based on the following papers:
        Badnell N. R., et al., A&A 406, 1151 (2003) [http://adsabs.harvard.edu/abs/2003A%26A...406.1151B]
        Badnell N. R., ApJS 167, 334 (2006) [http://adsabs.harvard.edu/abs/2006ApJS..167..334B]
 Much of the molecular emission data is from LAMDA as accessed on June 30, 2015. This database is described in:
        Schoeier F.L., et al., A&A 432, 369 (2005) [http://adsabs.harvard.edu/abs/2005A%26A...432..369S]
      This database is in part based on the work of the following groups:
        JPL: Pickett H. M. et al., JQSRT, 60, 883 (1998). [http://adsabs.harvard.edu/abs/1998JQSRT..60..883P]
        CDMS: Mueller H. S. et al., A&A 370, L49 (2001). [http://adsabs.harvard.edu/abs/2001A%26A...370L..49M]
              Mueller H. S. et al., J. Mol. Struct. 742, 215 (2005). [http://adsabs.harvard.edu/abs/2005JMoSt.742..215M]
 Some of the ionic emission data is from a reprocessed version of 10.1 of CHIANTI. CHIANTI is a collaborative project involving the NRL (USA), the
      Universities of Florence (Italy) and Cambridge (UK), and George Mason University (USA). These papers describe Chianti:
        Dere K. P., et al., A&AS, 125, 149 (1997) [http://adsabs.harvard.edu/abs/1997A%26AS..125..149D]
        Dere, K. P., et al., APJ, 268, 52 (2023) [https://ui.adsabs.harvard.edu/abs/2023ApJS..268...52D]
      This paper describes the reprocessed version of Chianti used:
        Gunasekera, C. M., et al., Astronomy, 1, 255. (2022) [https://ui.adsabs.harvard.edu/abs/2022Astro...1..255G]
 Much of the H_2 data is from this web site: http://molat.obspm.fr/index.php?page=pages/Molecules/H2/H2can94.php. These data are
      described in:
        Abgrall H. et al., Can. J. Phys., 72, 856 (1994) [http://adsabs.harvard.edu/abs/1994CaJPh..72..856A]
        Wrathmall S. A. & Flower D. R., J. Phys. B, 40, 3221 (2007) [http://adsabs.harvard.edu/abs/2007JPhB...40.3221W]
 The Case A and Case B recombination predictions for one-electron systems are from
	Storey, P.J. & Hummer, D.G., 1995, MNRAS 272, 41 http://adsabs.harvard.edu/abs/1995MNRAS.272...41S
 The He I recombination predictions are from
	Porter, R. L.; Ferland, G. J.; Storey, P. J.; Detisch, M. J., 2012, MNRAS, 425, 28p http://adsabs.harvard.edu/abs/2012MNRAS.425L..28P
		http://adsabs.harvard.edu/abs/2013MNRAS.433L..89P

 If you find some process or data set to be particularly critical to a result, please follow the trail of references back to the
 original source and cite that.  This will support and encourage atomic, molecular, and chemical physicists to continue their
 valuable work.

 IONIZE PARMET:  U(1-) -2.6667  U(4-): -3.6075  U(sp): -2.67  Q(ion):    7.260  L(ion) -1.110    Q(low): 12.142    L(low) -0.277
 ENERGY BUDGET:  Heat:  -0.914  Coolg:  -0.914  Error:  0.0%  Rec Lin:  -1.364  F-F  H  0.000    P(rad/tot)max     2.39E-02    R(F Con):1.737e+05

     Col(Heff):      1.949E+20  snd travl time  3.19E+12 sec  Te-low: 3.92E+03  Te-hi: 1.08E+04  G0TH85: 4.44E+01  G0DB96:4.77E+01
  Emiss Measure    n(e)n(p) dl       1.966E+22  n(e)n(He+)dl         1.415E+21  En(e)n(He++) dl         3.122E+20  ne nC+:8.37E+17
 He/Ha:7.63E-02  =   0.90*true  Lthin:3.86E+02  itr/zn: 6.67  H2 itr/zn:  0.00  File Opacity: F  MassTot 6.10e-04  (gm/cm^2)
   Temps(21 cm)   T(21cm/Ly a)  4.00E+03        T(<nH/Tkin>)  7.59E+03          T(<nH/Tspin>)    4.28E+03          TB21cm:7.56E-01
                   N(H0/Tspin)  6.43E+15        N(OH/Tkin)    3.82E+04          B(21cm)          0.00E+00
   <a>:1.73E-08  erdeFe1.7E+24  Tcompt4.94E+10  Tthr4.99E+10  <Tden>: 9.64E+03  <dens>:1.76E-22  <MolWgt>6.70E-01
     Mean Jeans  l(cm)4.30E+20  M(sun)3.69E+06  smallest:     len(cm):2.74E+20  M(sun):9.56E+05  a_ox tran: -1.41
 Rion:1.000E+30  Dist:0.00E+00  Diam:0.000E+00
 Hatom level 70  HatomType: add  HInducImp  F  He tot level: 63  He2 level:   70  ExecTime   189.1
 ConvrgError(%)  <eden>  0.078  MaxEden  0.706  <H-C>   0.10  Max(H-C)    0.44  <Press>   0.000  MaxPrs er  0.000
  Continuity(%)  chng Te   2.8  elec den   5.7  n(H2)    0.0  n(CO)        0.0

                                                        Averaged Quantities
             Te      Te(Ne)   Te(NeNp)  Te(NeHe+)Te(NeHe2+) Te(NeO+)  Te(NeO2+)  Te(H2)     N(H)     Ne(O2+)   Ne(Np)
 Radius:  9.64e+03  9.79e+03  9.81e+03  9.87e+03  9.53e+03  1.03e+04  9.72e+03  4.80e+03  7.74e+01  8.43e+01  8.15e+01
 
 Peimbert T(OIIIr)9.00E+03 T(Bac)9.34E+03 T(Hth)9.19E+03 t2(Hstrc) 3.03e-03 T(O3-BAC)9.13E+03 t2(O3-BC)-4.07e-03 t2(O3str) 2.44e-03

 Contin Optical Depths: COMP: 1.78e-04    H-: 2.94e-05 R(1300): 1.85e-04  H2+: 6.68e-07  Bra:1.78E-04
                          Pa: 1.78e-04    Ba: 2.05e-04      Hb: 1.99e-04   La: 4.52e-01     1r:1.735E+02  1.8:4.23E+01 4.:3.435E+01

 Old, new H  1 continuum optical depths:
     1 1.72e+02     2 1.52e-05     3 2.97e-05     4 2.97e-05     5 2.97e-05     6 7.63e-06     7 7.63e-06     8 7.63e-06
     9 7.63e-06    10 4.74e-14    11 4.74e-14    12 4.74e-14    13 4.74e-14    14 4.74e-14    15 1.11e-13    16 1.11e-13
    17 1.11e-13    18 1.11e-13    19 1.11e-13    20 1.11e-13    21 2.31e-13    22 2.31e-13    23 2.31e-13    24 2.31e-13
    25 2.31e-13    26 2.31e-13    27 2.31e-13    28 4.39e-13    29 4.39e-13    30 4.39e-13    31 4.39e-13    32 4.39e-13
    33 4.39e-13    34 4.39e-13    35 4.39e-13    36 7.84e-13    37 7.84e-13    38 7.84e-13    39 7.84e-13    40 7.84e-13
    41 7.84e-13    42 7.84e-13    43 7.84e-13    44 7.84e-13    45 1.32e-12    46 1.32e-12    47 1.32e-12    48 1.32e-12
    49 1.32e-12    50 1.32e-12    51 1.32e-12    52 1.32e-12    53 1.32e-12    54 1.32e-12
     1 1.73e+02     2 1.52e-05     3 2.98e-05     4 2.98e-05     5 2.98e-05     6 7.64e-06     7 7.64e-06     8 7.64e-06
     9 7.64e-06    10 4.74e-14    11 4.74e-14    12 4.74e-14    13 4.74e-14    14 4.74e-14    15 1.11e-13    16 1.11e-13
    17 1.11e-13    18 1.11e-13    19 1.11e-13    20 1.11e-13    21 2.31e-13    22 2.31e-13    23 2.31e-13    24 2.31e-13
    25 2.31e-13    26 2.31e-13    27 2.31e-13    28 4.39e-13    29 4.39e-13    30 4.39e-13    31 4.39e-13    32 4.39e-13
    33 4.39e-13    34 4.39e-13    35 4.39e-13    36 7.84e-13    37 7.84e-13    38 7.84e-13    39 7.84e-13    40 7.84e-13
    41 7.84e-13    42 7.84e-13    43 7.84e-13    44 7.84e-13    45 1.32e-12    46 1.32e-12    47 1.32e-12    48 1.32e-12
    49 1.32e-12    50 1.32e-12    51 1.32e-12    52 1.32e-12    53 1.32e-12    54 1.32e-12

 Old, new H  1 mean line optical depths:
  2- 1 3.21e+06  3- 2 1.30e-04  4- 3 1.08e-10  5- 4 4.29e-11  6- 5-1.74e-11  7- 6-5.52e-11  8- 7-1.61e-11
  9- 8 1.49e-10 10- 9 4.56e-10 11-10 9.84e-09 12-11-4.21e-09 13-12-6.83e-09 14-13-1.10e-08 15-14-1.72e-08 16-15-2.71e-08
 17-16-4.29e-08 18-17-6.85e-08 19-18-1.15e-07 20-19-1.99e-07 21-20-3.66e-07 22-21-7.38e-07 23-22-1.72e-06 24-23-5.41e-06
 25-24-1.92e-04
  2- 1 3.26e+06  3- 2 1.30e-04  4- 3 1.08e-10  5- 4 4.29e-11  6- 5-1.74e-11  7- 6-5.52e-11  8- 7-1.62e-11
  9- 8 1.49e-10 10- 9 4.56e-10 11-10 9.84e-09 12-11-4.21e-09 13-12-6.83e-09 14-13-1.10e-08 15-14-1.72e-08 16-15-2.71e-08
 17-16-4.29e-08 18-17-6.85e-08 19-18-1.15e-07 20-19-1.99e-07 21-20-3.66e-07 22-21-7.38e-07 23-22-1.72e-06 24-23-5.41e-06
 25-24-1.92e-04

 Old, new He 2 continuum optical depths:
     1 3.43e+01     2 1.72e+02     3 2.10e-05     4 2.10e-05     5 2.10e-05     6 1.52e-05     7 1.52e-05     8 1.52e-05
     9 1.52e-05    10 2.41e-05    11 2.41e-05    12 2.41e-05    13 2.41e-05    14 2.41e-05    15 2.97e-05    16 2.97e-05
    17 2.97e-05    18 2.97e-05    19 2.97e-05    20 2.97e-05    21 2.49e-05    22 2.49e-05    23 2.49e-05    24 2.49e-05
    25 2.49e-05    26 2.49e-05    27 2.49e-05    28 7.63e-06    29 7.63e-06    30 7.63e-06    31 7.63e-06    32 7.63e-06
    33 7.63e-06    34 7.63e-06    35 7.63e-06    36 2.72e-14    37 2.72e-14    38 2.72e-14    39 2.72e-14    40 2.72e-14
    41 2.72e-14    42 2.72e-14    43 2.72e-14    44 2.72e-14    45 4.74e-14    46 4.74e-14    47 4.74e-14    48 4.74e-14
    49 4.74e-14    50 4.74e-14    51 4.74e-14    52 4.74e-14    53 4.74e-14    54 4.74e-14
     1 3.43e+01     2 1.73e+02     3 2.11e-05     4 2.11e-05     5 2.11e-05     6 1.52e-05     7 1.52e-05     8 1.52e-05
     9 1.52e-05    10 2.42e-05    11 2.42e-05    12 2.42e-05    13 2.42e-05    14 2.42e-05    15 2.98e-05    16 2.98e-05
    17 2.98e-05    18 2.98e-05    19 2.98e-05    20 2.98e-05    21 2.49e-05    22 2.49e-05    23 2.49e-05    24 2.49e-05
    25 2.49e-05    26 2.49e-05    27 2.49e-05    28 7.64e-06    29 7.64e-06    30 7.64e-06    31 7.64e-06    32 7.64e-06
    33 7.64e-06    34 7.64e-06    35 7.64e-06    36 2.72e-14    37 2.72e-14    38 2.72e-14    39 2.72e-14    40 2.72e-14
    41 2.72e-14    42 2.72e-14    43 2.72e-14    44 2.72e-14    45 4.74e-14    46 4.74e-14    47 4.74e-14    48 4.74e-14
    49 4.74e-14    50 4.74e-14    51 4.74e-14    52 4.74e-14    53 4.74e-14    54 4.74e-14

 Old, new He 2 mean line optical depths:
  2- 1 9.55e+05  3- 2 8.28e-08  4- 3 1.76e-13  5- 4-3.10e-13  6- 5-9.98e-13  7- 6-1.64e-12  8- 7-1.73e-12
  9- 8-7.77e-13 10- 9 1.40e-12 11-10 8.57e-11 12-11-3.96e-11 13-12-6.35e-11 14-13-9.97e-11 15-14-1.53e-10 16-15-2.33e-10
 17-16-3.53e-10 18-17-5.42e-10 19-18-8.47e-10 20-19-1.39e-09 21-20-2.42e-09 22-21-4.64e-09 23-22-1.04e-08 24-23-3.14e-08
 25-24-1.09e-06
  2- 1 9.56e+05  3- 2 8.28e-08  4- 3 1.76e-13  5- 4-3.10e-13  6- 5-9.98e-13  7- 6-1.64e-12  8- 7-1.73e-12
  9- 8-7.77e-13 10- 9 1.40e-12 11-10 8.57e-11 12-11-3.96e-11 13-12-6.35e-11 14-13-9.97e-11 15-14-1.53e-10 16-15-2.33e-10
 17-16-3.53e-10 18-17-5.42e-10 19-18-8.47e-10 20-19-1.39e-09 21-20-2.42e-09 22-21-4.64e-09 23-22-1.04e-08 24-23-3.14e-08
 25-24-1.09e-06

 Old He Is optical depths:    1 4.20e+01    2 2.28e-05    3 1.26e-05    4 1.41e-05    5 1.41e-05
 New He Is optical depths:    1 4.23e+01    2 2.28e-05    3 1.26e-05    4 1.41e-05    5 1.41e-05
          Old He Is Lines:  584 8.84e+04 3889 2.45e-01 5016 3.86e-07 5876 1.13e-10
          New He Is Lines:  584 9.09e+04 3889 2.45e-01 5016 3.86e-07 5876 1.14e-10

==== H      compounds ====           Log10 column densities [cm^-2]
   H2        : 11.444   H2*       : 10.601   H2+       : 10.980   H3+       :  4.618
==== He     compounds ====
   HeH+      : 11.531
==== Li     compounds ====
   LiH       : -2.465   LiH+      : -0.591
==== C      compounds ====
   CH        :  5.245   CH+       :  6.976   CH2       : -3.275   CH2+      : -0.374   CH3       :-10.822   CH3+      : -8.821
   CH4       :-18.969   CH4+      :-20.825   CH5+      :-23.665   C2        : -1.420   C2+       :  0.261   C2H       : -9.174
   C2H+      : -7.690   C2H2      :-18.366   C2H2+     :-15.343   C2H3+     :-23.645   C3        :-22.153   C3+       :-14.035
   C3H       :-25.884   C3H+      :-22.310
==== N      compounds ====
   NH        :  7.237   NH+       :  6.882   NH2       : -1.595   NH2+      : -1.524   NH3       : -9.642   NH3+      :-10.202
   NH4+      :-22.045   CN        :  2.189   CN+       :  2.444   HCN       : -5.761   HCN+      : -5.499   HNC       : -8.877
   HCNH+     :-13.827   HC3N      :-34.245   N2        :  2.535   N2+       :  2.611   N2H+      :-12.319
==== O      compounds ====
   OH        :  8.377   OH+       :  7.964   H2O       : -0.231   H2O+      : -0.533   H3O+      : -8.875   CO        :  5.460
   CO+       :  4.080   HCO+      : -3.244   H2CO      :-15.223   NO        :  3.011   NO+       :  2.339   HNO       : -5.084
   HNO+      : -6.116   OCN       : -9.375   OCN+      : -8.115   N2O       : -9.936   O2        :  4.201   O2+       :  3.961
   NO2       :-11.068   NO2+      : -9.619
==== F      compounds ====
   HF        :  3.318   HF+       :  2.613   H2F+      : -5.778   CF+       :  0.188
==== Ne     compounds ====
   NeH+      :  5.614
==== Si     compounds ====
   SiH       : -2.475   SiH2      :-35.930   SiH2+     : -2.733   SiC       :-35.930   SiC+      :  5.439   SiCH2+    :-35.930
   SiC2      :-35.930   SiC2+     :-11.859   SiN       : -7.073   SiN+      :  1.821   SiNC      :-35.930   SiNC+     :-14.641
   SiO       : -0.038   SiO+      :  2.985   SiOH+     : -5.823
==== P      compounds ====
   PH        : -5.503   PH+       : -6.257   PH2       :-23.062   PH2+      : -6.022   PH3       :-23.716   PH3+      :-23.894
   CP        : -5.934   CP+       : -7.239   HCP       :-35.930   HCP+      :-17.081   PN        : -7.305   PN+       : -9.656
   PO        : -3.422   PO+       : -0.106
==== S      compounds ====
   HS        :  1.974   HS+       :  5.100   CS        : -4.243   CS+       : -1.610   HCS+      : -8.517   NS        : -1.998
   NS+       :  1.148   SO        : -1.662   SO+       :  2.254   OCS       :-13.252   OCS+      :-14.390   SO2       :-35.930
   SiS       : -7.582   SiS+      : -8.729   HSiS      :-35.930   HSiS+     :-12.119   S2        :-11.961   S2+       :-13.191
==== Cl     compounds ====
   HCl       : -0.058   HCl+      :  3.913   H2Cl+     : -4.071   CCl       :-30.377   CCl+      : -5.128   H2CCl+    :-32.132
   ClO       :-35.286   ClO+      :-35.930
==== Ar     compounds ====
   ArH+      :  6.669


               1      2      3      4      5      6      7      8      9     10     11     12     13     14     15     16     17

 Hydrogen   19.439 20.382 11.502 (H2)                Log10 Column density (cm^-2)
 Helium     18.056 19.258 18.556
 Lithium     6.399  9.457  8.149  6.626
 Beryllium   7.652  9.066  9.708  8.123  4.895
 Boron       7.188 10.511 10.565 10.815  7.841-30.000
 Carbon     13.437 16.182 16.717 15.671 14.344 10.595-30.000
 Nitrogen   15.053 15.656 16.031 15.233 13.565 11.680-30.000-30.000
 Oxygen     16.122 16.417 16.923 15.914 14.464 12.423 10.411-30.000-30.000
 Fluorine   10.916 11.980 12.914 11.678 10.553  8.312  5.707-30.000-30.000-30.000
 Neon       14.011 15.278 16.287 15.162 13.772 11.510  8.590-30.000-30.000-30.000-30.000
 Sodium     10.669 13.655 14.560 13.732 12.687 10.176  7.912-30.000-30.000-30.000-30.000-30.000
 Magnesium  13.743 15.196 15.916 14.890 13.621 11.646  8.917-30.000-30.000-30.000-30.000-30.000-30.000
 Aluminium  10.896 14.334 14.163 14.560 13.521 11.547  8.973-30.000-30.000-30.000-30.000-30.000-30.000-30.000
 Silicon    12.176 15.570 15.508 15.193 14.313 12.322  9.910-30.000-30.000-30.000-30.000-30.000-30.000-30.000-30.000
 Phosphorus  9.841 13.406 13.516 12.986 11.996 11.060  8.574-30.000-30.000-30.000-30.000-30.000-30.000-30.000-30.000-30.000
 Sulphur    11.923 14.915 15.341 14.710 13.239 12.421 11.275  8.362-30.000-30.000-30.000-30.000-30.000-30.000-30.000-30.000-30.000
 Chlorine   10.160 13.329 13.703 13.102 11.563 10.215  9.271  8.054-30.000-30.000-30.000-30.000-30.000-30.000-30.000-30.000-30.000
-30.000
 Argon      13.046 13.644 14.728 13.919 12.323 10.926  9.323  8.686-30.000-30.000-30.000-30.000-30.000-30.000-30.000-30.000-30.000
-30.000-30.000
 Potassium   9.026 12.754 13.310 12.411 10.885  9.154  7.713  6.664-30.000-30.000-30.000-30.000-30.000-30.000-30.000-30.000-30.000
-30.000-30.000-30.000
 Calcium    10.363 13.428 14.581 14.238 12.876 11.053  9.188  8.202-30.000-30.000-30.000-30.000-30.000-30.000-30.000-30.000-30.000
-30.000-30.000-30.000-30.000
 Scandium    6.760 10.104 10.740 11.475 10.084  8.494  6.529  4.945-30.000-30.000-30.000-30.000-30.000-30.000-30.000-30.000-30.000
-30.000-30.000-30.000-30.000-30.000
 Titanium    8.483 12.440 12.739 13.145 12.231 10.390  8.895  6.793-30.000-30.000-30.000-30.000-30.000-30.000-30.000-30.000-30.000
-30.000-30.000-30.000-30.000-30.000-30.000
 Vanadium    8.661 11.315 11.913 11.869 11.699 10.304  8.311  7.091-30.000-30.000-30.000-30.000-30.000-30.000-30.000-30.000-30.000
-30.000-30.000-30.000-30.000-30.000-30.000-30.000
 Chromium    9.691 13.232 13.661 13.566 13.212 12.128 10.596  8.678  7.219-30.000-30.000-30.000-30.000-30.000-30.000-30.000-30.000
-30.000-30.000-30.000-30.000-30.000-30.000-30.000-30.000
 Manganese   9.269 13.036 13.453 13.328 13.036 11.929 10.299  8.222  6.958-30.000-30.000-30.000-30.000-30.000-30.000-30.000-30.000
-30.000-30.000-30.000-30.000-30.000-30.000-30.000-30.000-30.000
 Iron       11.367 15.193 15.263 15.629 14.867 14.024 12.492 10.601  7.749-30.000-30.000-30.000-30.000-30.000-30.000-30.000-30.000
-30.000-30.000-30.000-30.000-30.000-30.000-30.000-30.000-30.000-30.000
 Cobalt     10.530 12.820 12.593 12.948 12.796 11.731 10.484  8.745  7.015-30.000-30.000-30.000-30.000-30.000-30.000-30.000-30.000
-30.000-30.000-30.000-30.000-30.000-30.000-30.000-30.000-30.000-30.000-30.000
 Nickel     10.464 14.079 14.077 14.163 13.714 12.942 11.582  9.901  8.045-30.000-30.000-30.000-30.000-30.000-30.000-30.000-30.000
-30.000-30.000-30.000-30.000-30.000-30.000-30.000-30.000-30.000-30.000-30.000-30.000
 Copper      8.897 11.582 12.270 12.197 11.459 10.735  9.462  8.168  6.272-30.000-30.000-30.000-30.000-30.000-30.000-30.000-30.000
-30.000-30.000-30.000-30.000-30.000-30.000-30.000-30.000-30.000-30.000-30.000-30.000-30.000
 Zinc        8.874 11.297 12.142 12.783 12.266 11.372 10.078  8.827  7.026-30.000-30.000-30.000-30.000-30.000-30.000-30.000-30.000
-30.000-30.000-30.000-30.000-30.000-30.000-30.000-30.000-30.000-30.000-30.000-30.000-30.000-30.000
 Exc state                  He[2] 12.370                 C+[2] 15.858                  C[1] 12.487                  C[2] 12.982
                             C[3] 13.167                  O[1] 16.119                  O[2] 13.502                  O[3] 13.553
                           Si+[1] 15.542                C+2[2] 12.149                C+2[3]  5.678                C+2[4] 10.155


 Hydrogen   -0.990 -0.047 -8.626 (H2)                 Log10 Mean Ionisation (over radius)
 Helium     -1.303 -0.101 -0.803
 Lithium    -3.080 -0.022 -1.329 -2.852
 Beryllium  -2.158 -0.743 -0.101 -1.686 -4.914
 Boron      -3.941 -0.618 -0.564 -0.314 -3.288
 Carbon     -3.422 -0.677 -0.142 -1.188 -2.515 -6.264
 Nitrogen   -1.206 -0.603 -0.228 -1.026 -2.695 -4.579
 Oxygen     -0.998 -0.702 -0.196 -1.206 -2.655 -4.696 -6.709
 Fluorine   -2.073 -1.009 -0.075 -1.311 -2.436 -4.677 -7.282
 Neon       -2.348 -1.081 -0.072 -1.197 -2.587 -4.849 -7.769
 Sodium     -4.001 -1.015 -0.109 -0.938 -1.983 -4.494 -6.758
 Magnesium  -2.286 -0.833 -0.113 -1.139 -2.408 -4.383 -7.112
 Aluminium  -3.984 -0.545 -0.717 -0.320 -1.358 -3.333 -5.907
 Silicon    -3.764 -0.370 -0.432 -0.746 -1.626 -3.618 -6.030
 Phosphorus -3.998 -0.433 -0.323 -0.853 -1.843 -2.779 -5.265
 Sulphur    -3.627 -0.635 -0.209 -0.840 -2.311 -3.129 -4.274 -7.188
 Chlorine   -3.769 -0.600 -0.225 -0.827 -2.366 -3.714 -4.658 -5.875
 Argon      -1.783 -1.185 -0.101 -0.910 -2.506 -3.903 -5.505 -6.143
 Potassium  -4.432 -0.704 -0.149 -1.047 -2.574 -4.305 -5.745 -6.795
 Calcium    -4.407 -1.341 -0.189 -0.532 -1.894 -3.716 -5.582 -6.568
 Scandium   -4.818 -1.474 -0.838 -0.103 -1.495 -3.084 -5.049 -6.633
 Titanium   -4.896 -0.939 -0.640 -0.234 -1.148 -2.989 -4.484 -6.586
 Vanadium   -3.699 -1.044 -0.446 -0.490 -0.660 -2.055 -4.048 -5.269
 Chromium   -4.379 -0.837 -0.409 -0.503 -0.857 -1.942 -3.473 -5.392 -6.850
 Manganese  -4.590 -0.823 -0.406 -0.531 -0.823 -1.930 -3.560 -5.637 -6.900
 Iron       -4.562 -0.736 -0.666 -0.300 -1.061 -1.905 -3.437 -5.328 -8.180
 Cobalt     -2.889 -0.599 -0.826 -0.471 -0.623 -1.688 -2.935 -4.674 -6.404
 Nickel     -4.185 -0.570 -0.572 -0.486 -0.936 -1.707 -3.067 -4.749 -6.604
 Copper     -3.722 -1.037 -0.349 -0.423 -1.161 -1.884 -3.158 -4.451 -6.348
 Zinc       -4.115 -1.692 -0.847 -0.206 -0.723 -1.617 -2.911 -4.162 -5.963

               1      2      3      4      5      6      7      8      9     10     11     12     13     14     15     16     17

 Hydrogen   -1.308 -0.022 -9.527 (H2)         Log10 Mean Ionisation (over radius*electron density)
 Helium     -1.732 -0.095 -0.751
 Lithium    -3.060 -0.025 -1.276 -2.797
 Beryllium  -2.187 -0.879 -0.076 -1.665 -4.866
 Boron      -3.987 -0.754 -0.533 -0.276 -3.242
 Carbon     -3.499 -0.823 -0.112 -1.140 -2.461 -6.208
 Nitrogen   -1.708 -0.651 -0.188 -0.978 -2.640 -4.525
 Oxygen     -1.353 -0.732 -0.157 -1.150 -2.598 -4.639 -6.650
 Fluorine   -2.757 -1.202 -0.058 -1.256 -2.380 -4.620 -7.223
 Neon       -3.029 -1.249 -0.062 -1.143 -2.531 -4.792 -7.709
 Sodium     -4.352 -1.144 -0.104 -0.886 -1.929 -4.439 -6.702
 Magnesium  -2.324 -0.935 -0.101 -1.087 -2.353 -4.327 -7.055
 Aluminium  -3.996 -0.597 -0.707 -0.300 -1.310 -3.281 -5.854
 Silicon    -3.772 -0.433 -0.392 -0.701 -1.576 -3.565 -5.976
 Phosphorus -4.041 -0.492 -0.296 -0.811 -1.793 -2.729 -5.215
 Sulphur    -3.685 -0.745 -0.185 -0.793 -2.261 -3.079 -4.224 -7.133
 Chlorine   -3.848 -0.701 -0.201 -0.780 -2.313 -3.665 -4.608 -5.826
 Argon      -2.330 -1.443 -0.087 -0.863 -2.454 -3.854 -5.457 -6.096
 Potassium  -4.665 -0.817 -0.128 -0.997 -2.534 -4.256 -5.696 -6.748
 Calcium    -4.420 -1.386 -0.208 -0.489 -1.841 -3.665 -5.535 -6.519
 Scandium   -5.046 -1.778 -1.002 -0.072 -1.447 -3.033 -5.005 -6.588
 Titanium   -5.152 -1.209 -0.664 -0.193 -1.105 -2.938 -4.437 -6.540
 Vanadium   -3.977 -1.346 -0.462 -0.448 -0.614 -2.001 -3.997 -5.219
 Chromium   -4.532 -1.107 -0.391 -0.460 -0.808 -1.888 -3.420 -5.340 -6.797
 Manganese  -4.895 -1.087 -0.387 -0.487 -0.773 -1.876 -3.506 -5.586 -6.846
 Iron       -4.729 -0.952 -0.648 -0.259 -1.007 -1.851 -3.381 -5.275 -8.119
 Cobalt     -3.020 -0.748 -0.798 -0.431 -0.576 -1.634 -2.882 -4.622 -6.353
 Nickel     -4.345 -0.706 -0.540 -0.443 -0.882 -1.652 -3.012 -4.694 -6.549
 Copper     -3.977 -1.394 -0.348 -0.380 -1.106 -1.829 -3.102 -4.397 -6.294
 Zinc       -4.415 -2.095 -0.968 -0.189 -0.681 -1.563 -2.856 -4.109 -5.912

               1      2      3      4      5      6      7      8      9     10     11     12     13     14     15     16     17

 Hydrogen    3.915  3.991  3.681 (H2)                  Log10 Mean Temperature (over radius)
 Helium      3.868  3.991  3.979
 Lithium     3.987  3.984  3.978  3.979
 Beryllium   4.006  3.964  3.988  3.981  3.978
 Boron       3.997  3.967  3.994  3.986  3.979
 Carbon      3.991  3.957  3.992  3.980  3.981  3.981
 Nitrogen    3.861  4.002  3.988  3.980  3.980  3.979
 Oxygen      3.910  4.006  3.988  3.980  3.983  3.982  3.983
 Fluorine    3.793  3.937  3.991  3.979  3.981  3.981  3.983
 Neon        3.791  3.940  3.989  3.979  3.980  3.981  3.987
 Sodium      3.876  3.952  3.989  3.978  3.979  3.980  3.980
 Magnesium   4.000  3.973  3.987  3.978  3.978  3.979  3.980
 Aluminium   4.005  3.989  3.985  3.980  3.979  3.977  3.977
 Silicon     3.998  3.982  3.988  3.981  3.978  3.977  3.977
 Phosphorus  3.985  3.980  3.987  3.984  3.978  3.978  3.977
 Sulphur     3.997  3.973  3.989  3.980  3.980  3.978  3.977  3.978
 Chlorine    3.986  3.971  3.990  3.980  3.980  3.980  3.978  3.978
 Argon       3.854  3.922  3.992  3.979  3.980  3.980  3.980  3.979
 Potassium   3.921  3.966  3.989  3.979  3.980  3.982  3.981  3.979
 Calcium     3.998  3.992  3.983  3.985  3.979  3.981  3.983  3.980
 Scandium    3.963  3.933  3.954  3.991  3.981  3.980  3.985  3.983
 Titanium    3.940  3.933  4.000  3.987  3.983  3.979  3.980  3.981
 Vanadium    3.940  3.920  4.000  3.984  3.981  3.979  3.979  3.979
 Chromium    3.979  3.935  4.005  3.981  3.979  3.979  3.979  3.978  3.978
 Manganese   3.921  3.937  4.004  3.981  3.979  3.979  3.980  3.981  3.978
 Iron        3.972  3.953  4.009  3.985  3.979  3.980  3.981  3.981  3.994
 Cobalt      3.987  3.973  4.006  3.985  3.980  3.979  3.979  3.979  3.978
 Nickel      3.966  3.975  3.999  3.980  3.978  3.980  3.980  3.980  3.979
 Copper      3.953  3.912  4.000  3.981  3.979  3.980  3.981  3.980  3.979
 Zinc        3.937  3.896  3.965  3.992  3.979  3.979  3.980  3.980  3.979

               1      2      3      4      5      6      7      8      9     10     11     12     13     14     15     16     17

 Hydrogen    3.975  3.992  3.723 (H2)          Log10 Mean Temperature (over radius*electron density)
 Helium      3.950  3.994  3.979
 Lithium     3.989  3.992  3.978  3.979
 Beryllium   4.010  3.996  3.990  3.986  3.978
 Boron       4.007  3.998  3.994  3.987  3.979
 Carbon      4.005  3.992  3.991  3.980  3.981  3.981
 Nitrogen    3.933  4.010  3.987  3.980  3.980  3.979
 Oxygen      3.970  4.011  3.988  3.980  3.983  3.982  3.983
 Fluorine    3.866  3.984  3.992  3.979  3.981  3.982  3.983
 Neon        3.868  3.985  3.992  3.979  3.980  3.981  3.987
 Sodium      3.957  3.990  3.993  3.978  3.979  3.980  3.980
 Magnesium   4.006  3.998  3.991  3.978  3.978  3.979  3.980
 Aluminium   4.008  4.003  3.991  3.985  3.979  3.977  3.977
 Silicon     4.003  4.001  3.987  3.981  3.978  3.977  3.977
 Phosphorus  3.998  3.997  3.989  3.984  3.978  3.978  3.977
 Sulphur     4.008  3.999  3.991  3.980  3.980  3.978  3.977  3.978
 Chlorine    4.004  3.997  3.992  3.980  3.980  3.980  3.978  3.978
 Argon       3.916  3.981  3.994  3.979  3.980  3.980  3.979  3.979
 Potassium   3.976  3.994  3.992  3.979  3.983  3.982  3.981  3.979
 Calcium     4.002  4.003  3.994  3.984  3.979  3.981  3.983  3.980
 Scandium    3.990  3.978  3.992  3.991  3.981  3.980  3.984  3.983
 Titanium    3.988  3.986  4.007  3.987  3.983  3.979  3.980  3.981
 Vanadium    3.983  3.980  4.006  3.984  3.981  3.980  3.979  3.979
 Chromium    4.003  3.986  4.004  3.981  3.979  3.979  3.979  3.978  3.978
 Manganese   3.980  3.987  4.004  3.981  3.979  3.979  3.980  3.980  3.978
 Iron        4.004  3.996  4.009  3.985  3.979  3.980  3.981  3.981  3.994
 Cobalt      4.009  4.007  4.006  3.985  3.980  3.979  3.979  3.979  3.978
 Nickel      4.004  4.007  3.999  3.980  3.978  3.980  3.980  3.980  3.979
 Copper      3.986  3.968  4.004  3.981  3.979  3.980  3.981  3.980  3.979
 Zinc        3.977  3.956  3.994  3.994  3.981  3.979  3.980  3.980  3.979

               1      2      3      4      5      6      7      8      9     10     11     12     13     14     15     16     17
AGN log nH=1.89 log U=-2.67  

---------------Convergence statistics---------------
      3.43 mean iterations/state convergence
      2.64 mean cx acceleration loops/iteration
      1.32 mean iso convergence loops/ion solve
      1.03 mean steps/chemistry solve
         1 mean step length searches/chemistry step
----------------------------------------------------

 Cloudy ends: 136 zones, 3 iterations. (single thread) ExecTime(s) 189.07
 [Stop in cdMain at maincl.cpp:590, Cloudy exited OK]
