                                                          Cloudy 25.00
                                                         www.nublado.org

                                                  PRNG seed: 0x0b3225740dce65a8

                       **************************************25Aug25**************************************
                       *                                                                                 *
                       * title AGN log nH=1.00 log U=-1.33                                               *
                       * hden 1.0                                                                        *
                       * table AGN                                                                       *
                       * stop efrac 0.01                                                                 *
                       * ionization parameter -1.3333333333333335                                        *
                       * abundances GASS                                                                 *
                       * sphere                                                                          *
                       * stop temperature 4000 K                                                         *
                       * stop column density 22                                                          *
                       * iterate to convergence                                                          *
                       * save overview "AGNmodel_nH1.00_Um1.33_temp38333.33.txt"                         *
                       *                                                                                 *
                       ***********************************************************************************



           9244CellPeak1.00E+00   Lo 3.04e-09=  29.98m   Hi-Con:7.13E+06 Ryd   E(hi):7.35E+06Ryd     E(hi):     100.00 MeV
           I(nu>1ryd):  -0.0360   Average nu:3.035E+00   I( X-ray):  -0.8575   I(BalC):  -0.5315     Phi(BalmrC):  10.4313
           phi(1.0-1.8): 9.8399   phi(1.8-4.0):  9.733   phi(4.0-20):  9.195   phi(20--):  7.454     Ion pht flx:1.392E+10
           I(gam ray):  -1.1430   phi(gam r):   5.2491   I(Infred):  -0.3175   Alf(ox):  -1.4088     Total inten:   0.2294
           U(1.0----):4.642E-02   U(4.0----):5.319E-03   T(En-Den):9.299E+00   T(Comp):1.323E+07     nuJnu(912A):2.942E-01
           Occ(FarIR):1.543E-06   Occ(H n=6):1.039E-11   Occ(1Ryd):1.357E-17   Occ(4R):6.941E-20     Occ (Nu-hi):0.000E+00
           Tbr(FarIR):7.416E-10   Tbr(H n=6):4.550E-08   Tbr(1Ryd):2.142E-12   Tbr(4R):4.391E-14     Tbr (Nu-hi):0.000E+00
  
                                                  Gas Phase Chemical Composition
        H :  0.0000  He: -1.0701  Li:-10.9508  Be:-10.6198  B : -9.3002  C : -3.5702  N : -4.1701  O : -3.3098  F : -7.4401
        Ne: -4.0701  Na: -5.7595  Mg: -4.4001  Al: -5.5498  Si: -4.4895  P : -6.5901  S : -4.8794  Cl: -6.5003  Ar: -5.6003
        K : -6.9706  Ca: -5.6596  Sc: -8.8508  Ti: -7.0501  V : -8.0701  Cr: -6.3595  Mn: -6.5702  Fe: -4.5003  Co: -7.0101
                                               Ni: -5.7799  Cu: -7.8097  Zn: -7.4401
 
 ####  1  Te:1.490E+04 Hden:1.000E+01 Ne:1.173E+01 R:1.000E+30 R-R0:3.740E+16 dR:7.480E+16 NTR:  6 Htot:7.310E-22 T912: 1.00e+08###
 Hydrogen      1.42e-04 1.00e+00 H+o/Hden 1.00e+00 1.82e-12 H-    H2 2.78e-19 1.84e-13 H2+ HeH+ 1.96e-15 Ho+ ColD 1.06e+14 7.48e+17
 Helium        2.27e-06 1.47e-02 9.85e-01 HeI 2s3S 2.04e-10 Comp H,C 1.12e-25 1.26e-28 Fill Fac 1.00e+00 Gam1/tot 1.00e+00
 He singlet n  2.26e-06 2.77e-17 2.20e-23 1.66e-23 1.60e-23 2.39e-23 He tripl 2.04e-10 1.87e-21 4.88e-23 3.81e-22 6.82e-23
 Pressure      NgasTgas 3.37e+05 P(total) 4.65e-11 P( gas ) 4.65e-11 P(Radtn) 0.00e+00 Rad accl 1.58e-08 ForceMul 8.25e+02
 Texc(La)      3.13e+03 T(I con) 9.30e+00 T(D con) 1.19e+00 T(U tot) 9.30e+00 nT (c+d) 2.53e+06 Prad/Gas 0.00e+00 Pmag/Gas 0.00e+00
 Molecules     CH/Ctot: 8.49e-22 CH+/Ctot 3.48e-18 CO/Ctot: 3.11e-30 CO+/Ctot 2.01e-27 H2O/Otot 3.82e-36 OH/Ototl 2.42e-22
 Lithium       7.51e-07 1.43e-02 4.89e-01 4.97e-01 Berylliu 6.33e-06 7.57e-04 4.87e-01 4.88e-01 2.41e-02 sec ion: 4.76e-16
 Boron         4.28e-08 4.02e-04 1.65e-02 9.23e-01 6.02e-02 4.18e-04
 Carbon        3.35e-09 5.19e-05 1.66e-02 1.59e-01 8.13e-01 1.05e-02 2.57e-05 H2O+/O   1.02e-36 OH+/Otot 1.10e-22 Hex(tot) 0.00e+00
 Nitrogen      1.44e-09 2.54e-05 2.15e-02 3.33e-01 4.11e-01 2.33e-01 1.12e-03 1.16e-06 O2/Ototl 1.03e-31 O2+/Otot 5.22e-32
 Oxygen        6.16e-10 1.24e-05 1.07e-02 3.61e-01 4.66e-01 1.46e-01 1.70e-02 3.51e-05 0.00e+00
 Fluorine      2.56e-10 9.68e-06 7.08e-03 2.51e-01 6.26e-01 1.13e-01 2.50e-03 3.13e-04 3.09e-07 0.00e+00
 Neon          1.88e-10 7.07e-06 8.81e-03 2.51e-01 6.07e-01 1.29e-01 2.97e-03 1.35e-04 4.15e-06 0.00e+00 0.00e+00
 Sodium        5.68e-11 3.11e-06 4.14e-03 2.18e-01 6.79e-01 9.41e-02 4.63e-03 5.26e-05 6.50e-07 0.00e+00 0.00e+00 0.00e+00
 Magnesium     2.85e-08 1.94e-06 2.80e-03 1.53e-01 5.81e-01 2.51e-01 1.25e-02 1.82e-04 4.89e-06 0.00e+00 0.00e+00 0.00e+00 0.00e+00
 Aluminium  0  7.88e-09 2.37e-05 5.98e-04 7.85e-02 4.91e-01 4.02e-01 2.71e-02 5.28e-04 1.07e-05 0.00e+00 0.00e+00 0.00e+00 0.00e+00
 Silicon    0  2.42e-09 2.81e-05 2.30e-03 2.81e-02 4.82e-01 4.17e-01 6.87e-02 1.74e-03 3.55e-06 0.00e+00 0.00e+00 0.00e+00 0.00e+00
 Phosphorus 0  2.36e-09 5.72e-05 4.12e-03 3.68e-02 1.82e-01 6.74e-01 9.98e-02 3.27e-03 3.34e-05 3.08e-07 0.00e+00 0.00e+00 0.00e+00
 Sulphur    0  9.31e-10 3.52e-05 1.08e-02 1.46e-01 2.22e-01 2.89e-01 3.13e-01 1.90e-02 1.22e-04 1.08e-06 0.00e+00 0.00e+00 0.00e+00
 Chlorine   0  1.59e-09 5.23e-05 1.22e-02 2.29e-01 4.69e-01 1.94e-01 6.33e-02 3.18e-02 7.12e-04 7.34e-06 0.00e+00 0.00e+00 0.00e+00
 Argon      0  3.63e-10 1.18e-05 2.35e-02 2.23e-01 5.06e-01 2.28e-01 1.27e-02 5.56e-03 1.11e-03 1.34e-05 0.00e+00 0.00e+00 0.00e+00
 Potassium  0  5.73e-10 5.89e-05 1.59e-02 3.34e-01 4.99e-01 1.41e-01 9.07e-03 7.41e-04 1.04e-04 3.05e-05 2.38e-07 0.00e+00 0.00e+00
 Calcium    0  4.62e-10 5.61e-06 4.89e-03 1.72e-01 5.98e-01 2.15e-01 8.95e-03 8.42e-04 2.11e-05 1.25e-05 1.06e-06 0.00e+00 0.00e+00
 Scandium   0  3.01e-12 7.16e-08 1.47e-04 1.23e-01 4.08e-01 4.44e-01 2.28e-02 1.69e-03 2.96e-05 2.98e-06 1.93e-07 0.00e+00 0.00e+00
 Titanium   0  1.14e-11 3.25e-07 3.27e-04 7.86e-02 4.51e-01 3.88e-01 7.99e-02 2.80e-03 5.72e-05 2.90e-06 1.71e-07 0.00e+00 0.00e+00
 Vanadium   0  5.37e-13 1.15e-08 2.67e-05 4.24e-03 1.33e-01 7.29e-01 1.20e-01 1.36e-02 1.33e-04 3.08e-06 1.06e-07 0.00e+00 0.00e+00
 Chromium   0  1.65e-13 6.53e-09 1.80e-05 3.39e-03 9.52e-02 4.80e-01 3.90e-01 2.99e-02 1.35e-03 1.23e-05 2.92e-07 0.00e+00 0.00e+00
 Manganese  0  3.18e-13 7.90e-09 1.61e-05 3.28e-03 1.13e-01 5.49e-01 3.19e-01 1.45e-02 8.23e-04 3.63e-05 3.61e-07 0.00e+00 0.00e+00
 Iron       0  3.11e-13 1.61e-09 4.40e-06 1.55e-03 6.04e-02 3.94e-01 4.83e-01 5.97e-02 5.29e-04 3.06e-05 3.52e-07 0.00e+00 0.00e+00
 Cobalt     0  5.84e-14 8.08e-10 3.26e-06 1.09e-03 6.34e-02 4.34e-01 3.92e-01 1.05e-01 4.17e-03 2.01e-04 3.30e-06 3.54e-07 0.00e+00
 Nickel     0  5.11e-14 7.80e-10 2.48e-06 7.23e-04 4.01e-02 4.20e-01 3.96e-01 1.36e-01 7.20e-03 3.14e-04 2.82e-06 4.12e-07 0.00e+00
 Copper     0  2.85e-14 5.42e-10 2.18e-06 6.14e-04 3.07e-02 3.13e-01 4.57e-01 1.85e-01 1.26e-02 6.37e-04 7.55e-06 1.45e-07 0.00e+00
 Zinc       0  1.04e-13 9.88e-10 2.09e-06 6.09e-04 2.97e-02 2.94e-01 4.14e-01 2.43e-01 1.69e-02 9.21e-04 1.30e-05 8.40e-07 0.00e+00
 ####192  Te:3.997E+03 Hden:1.000E+01 Ne:9.537E-01 R:1.000E+30 R-R0:5.696E+20 dR:2.256E+16 NTR: 14 Htot:2.569E-23 T912: 1.00e+08###
 Hydrogen      9.25e-01 7.50e-02 H+o/Hden 1.00e+00 3.67e-10 H-    H2 4.50e-10 2.55e-10 H2+ HeH+ 1.13e-08 Ho+ ColD 3.61e+19 5.66e+21
 Helium        7.69e-01 2.30e-01 8.70e-04 HeI 2s3S 7.38e-10 Comp H,C 9.06e-27 2.80e-30 Fill Fac 1.00e+00 Gam1/tot 7.12e-01
 He singlet n  7.69e-01 3.89e-16 5.45e-21 6.99e-23 3.20e-22 1.17e-22 He tripl 7.38e-10 2.64e-19 1.85e-22 2.29e-21 3.27e-22
 Pressure      NgasTgas 4.72e+04 P(total) 6.59e-12 P( gas ) 6.52e-12 P(Radtn) 7.17e-14 Rad accl 3.96e-08 ForceMul 2.47e+04
 Texc(La)      3.51e+03 T(I con) 8.09e+00 T(D con) 7.59e+00 T(U tot) 9.34e+00 nT (c+d) 3.79e+06 Prad/Gas 1.09e-02 Pmag/Gas 0.00e+00
 Molecules     CH/Ctot: 4.99e-15 CH+/Ctot 1.53e-09 CO/Ctot: 9.28e-14 CO+/Ctot 3.97e-13 H2O/Otot 7.07e-22 OH/Ototl 1.15e-10
 Lithium       8.92e-06 1.00e+00 2.33e-06 0.00e+00 Berylliu 3.53e-05 9.55e-01 4.43e-02 4.40e-04 0.00e+00 sec ion: 1.11e-14
 Boron         3.90e-06 9.75e-01 1.61e-03 2.38e-02 7.01e-07 0.00e+00
 Carbon        1.56e-05 9.71e-01 2.85e-02 1.40e-05 5.34e-07 0.00e+00 0.00e+00 H2O+/O   1.75e-20 OH+/Otot 4.27e-10 Hex(tot) 0.00e+00
 Nitrogen      8.96e-01 1.04e-01 6.73e-05 3.88e-06 0.00e+00 0.00e+00 0.00e+00 0.00e+00 O2/Ototl 9.37e-14 O2+/Otot 8.21e-14
 Oxygen        9.40e-01 5.94e-02 1.15e-04 8.30e-07 0.00e+00 0.00e+00 0.00e+00 0.00e+00 0.00e+00
 Fluorine      2.32e-01 6.11e-01 1.57e-01 6.47e-06 6.29e-05 0.00e+00 0.00e+00 0.00e+00 0.00e+00 0.00e+00
 Neon          1.69e-01 5.65e-01 2.66e-01 1.12e-05 2.03e-06 0.00e+00 0.00e+00 0.00e+00 0.00e+00 0.00e+00 0.00e+00
 Sodium        8.13e-05 6.88e-01 3.11e-01 5.07e-05 2.11e-04 0.00e+00 0.00e+00 0.00e+00 0.00e+00 0.00e+00 0.00e+00 0.00e+00
 Magnesium     4.14e-05 7.88e-01 2.12e-01 1.13e-05 2.78e-06 0.00e+00 0.00e+00 0.00e+00 0.00e+00 0.00e+00 0.00e+00 0.00e+00 0.00e+00
 Aluminium  0  1.80e-06 8.26e-01 6.98e-02 1.05e-01 5.20e-05 2.67e-07 0.00e+00 0.00e+00 0.00e+00 0.00e+00 0.00e+00 0.00e+00 0.00e+00
 Silicon    0  3.95e-06 1.00e+00 3.91e-05 1.92e-04 6.25e-06 6.81e-07 0.00e+00 0.00e+00 0.00e+00 0.00e+00 0.00e+00 0.00e+00 0.00e+00
 Phosphorus 0  9.60e-06 9.40e-01 5.86e-02 9.07e-04 1.17e-05 1.68e-06 0.00e+00 0.00e+00 0.00e+00 0.00e+00 0.00e+00 0.00e+00 0.00e+00
 Sulphur    0  1.10e-05 8.80e-01 1.20e-01 4.78e-05 6.94e-06 1.53e-06 3.91e-07 0.00e+00 0.00e+00 0.00e+00 0.00e+00 0.00e+00 0.00e+00
 Chlorine   0  1.45e-05 8.71e-01 1.29e-01 9.01e-05 9.82e-06 1.36e-06 3.01e-07 0.00e+00 0.00e+00 0.00e+00 0.00e+00 0.00e+00 0.00e+00
 Argon      0  2.78e-01 5.69e-01 1.53e-01 4.40e-05 9.70e-06 1.16e-06 2.10e-07 0.00e+00 0.00e+00 0.00e+00 0.00e+00 0.00e+00 0.00e+00
 Potassium  0  1.08e-05 6.43e-01 3.51e-01 1.11e-04 5.87e-03 2.12e-06 3.54e-07 0.00e+00 0.00e+00 0.00e+00 0.00e+00 0.00e+00 0.00e+00
 Calcium    0  1.56e-08 1.94e-03 9.92e-01 5.71e-03 1.81e-04 4.75e-06 3.75e-07 0.00e+00 0.00e+00 0.00e+00 0.00e+00 0.00e+00 0.00e+00
 Scandium   0  8.52e-08 1.13e-02 8.95e-01 8.68e-02 6.51e-03 6.30e-06 6.64e-07 0.00e+00 0.00e+00 0.00e+00 0.00e+00 0.00e+00 0.00e+00
 Titanium   0  3.42e-06 5.26e-01 4.61e-01 4.76e-04 1.25e-02 4.52e-06 9.88e-07 0.00e+00 0.00e+00 0.00e+00 0.00e+00 0.00e+00 0.00e+00
 Vanadium   0  3.78e-05 7.35e-01 2.64e-01 7.09e-05 1.25e-03 4.02e-06 4.58e-07 0.00e+00 0.00e+00 0.00e+00 0.00e+00 0.00e+00 0.00e+00
 Chromium   0  3.72e-06 9.98e-01 1.70e-03 3.10e-05 2.08e-04 1.54e-05 1.08e-06 0.00e+00 0.00e+00 0.00e+00 0.00e+00 0.00e+00 0.00e+00
 Manganese  0  7.81e-05 9.97e-01 2.65e-03 3.54e-05 6.99e-04 1.47e-05 3.98e-06 6.86e-07 0.00e+00 0.00e+00 0.00e+00 0.00e+00 0.00e+00
 Iron       0  1.04e-05 9.99e-01 4.56e-04 1.38e-04 6.65e-05 1.25e-05 3.12e-06 4.42e-07 0.00e+00 0.00e+00 0.00e+00 0.00e+00 0.00e+00
 Cobalt     0  8.76e-05 9.98e-01 3.99e-04 1.72e-04 8.55e-04 9.50e-06 2.33e-06 1.18e-07 0.00e+00 0.00e+00 0.00e+00 0.00e+00 0.00e+00
 Nickel     0  5.13e-05 9.99e-01 3.15e-04 3.40e-05 1.34e-04 8.09e-06 1.76e-06 0.00e+00 0.00e+00 0.00e+00 0.00e+00 0.00e+00 0.00e+00
 Copper     0  2.43e-05 7.46e-01 2.54e-01 4.45e-05 1.63e-05 8.62e-06 2.42e-06 1.65e-07 0.00e+00 0.00e+00 0.00e+00 0.00e+00 0.00e+00
 Zinc       0  1.95e-05 2.71e-01 4.48e-01 2.16e-01 6.42e-02 1.47e-05 5.76e-06 1.77e-06 0.00e+00 0.00e+00 0.00e+00 0.00e+00 0.00e+00
   AGN log nH=1.00 log U=-1.33  
   Calculation stopped because lowest Te reached. Iteration 1 of 10
   The geometry is plane-parallel.
  !Some input lines contained underscores, these were changed to spaces.
  !Suprathermal collisional ionization of H reached 28.77% of the local H ionization rate.
  !Charge transfer H => H+ reached 1113.8% of the local H ionization rate.
  !AGE: Cloud age was not set.  Longest timescale was 2.14e+12 s = 6.77e+04 years.
  !The CMB was not included.  This is added with the CMB command.
  !The ratio of radiation to gas pressure reached 3.23e-01 at zone 53.  Caused by Lyman alpha.
  !The radiation pressure jumped by 1199% from 1.25e-11 (zone 53) to 5.49e-13 (zone 54) to 6.50e-13 (zone 55)
   Charge transfer heating reached 2.25% of the local heating.
   The density is too low to l-mix the lowest H  I collapsed level.  More resolved levels are needed for accurate line ratios.
   The density is too low to l-mix the lowest He I collapsed level.  More resolved levels are needed for accurate line ratios.
   Grains were not present but might survive in this environment (energy density temperature was 9.30e+00K)
   The continuum optical depth at the lowest energy considered (3.045e-09 Ryd) was 9.652e+01.

                       *********************************> Cloudy 25.00 <**********************************
                       * title AGN log nH=1.00 log U=-1.33                                               *
                       * hden 1.0                                                                        *
                       * table AGN                                                                       *
                       * stop efrac 0.01                                                                 *
                       * ionization parameter -1.3333333333333335                                        *
                       * abundances GASS                                                                 *
                       * sphere                                                                          *
                       * stop temperature 4000 K                                                         *
                       * stop column density 22                                                          *
                       * iterate to convergence                                                          *
                       * save overview "AGNmodel_nH1.00_Um1.33_temp38333.33.txt"                         *
                       *********************************> Log(U): -1.33 <*********************************

                     Emission Line Spectrum.   Constant  Density Model.  Closed geometry.  Iteration 1 of 10.
                                                     Intensity (erg/s/cm^2).


                                                   Intrinsic line intensities
general properties..............................      Ca A                228.731A    -4.111    0.0107      Fe 8                5.44514m    -3.768    0.0235
Inci                      0      0.229  233.6092      Ca A                228.629A    -4.188    0.0089      Fe 8                186.598A    -5.074    0.0012
TotH                      0     -0.429   51.2565      Ca A                228.543A    -4.260    0.0076      Fe 8                168.929A    -4.889    0.0018
TotC                      0     -0.429   51.2620      Ca A                228.471A    -4.328    0.0065      Fe 8                167.486A    -5.105    0.0011
BFH1                      0     -0.574   36.7358      Ca A                228.409A    -4.393    0.0056      Fe 8                168.003A    -4.975    0.0015
BFHe                      0     -1.108   10.7451      Ca A                228.356A    -4.454    0.0048      Mg 2                2802.71A    -3.211    0.0848
TotM                      0     -1.593    3.5166      Ca A                228.309A    -4.513    0.0042      Mg 2                2795.53A    -2.918    0.1664
Cbnd                      0     -4.814    0.0021      Ca A                228.269A    -4.569    0.0037      Mg 4                4.48711m    -3.284    0.0716
ComH                      0     -4.225    0.0082      Ca A                228.234A    -4.623    0.0033      Mg 4                323.307A    -4.424    0.0052
CT H                      0     -2.950    0.1547      Ca A                1640.41A    -2.161    0.9512      Mg 4                171.655A    -5.022    0.0013
H FB                      0     -1.779    2.2888      Ca A                1215.13A    -2.680    0.2877      Mg 5                5.60700m    -2.836    0.2008
HFBc                      0     -1.779    2.2888      Ca A                1084.94A    -3.030    0.1286      Mg 5                13.5464m    -3.911    0.0169
H  1c                     0     -2.329    0.6464      Ca A                1025.27A    -3.294    0.0700      Mg 5                2782.76A    -3.552    0.0386
He 1c                     0     -4.836    0.0020      Ca A                992.358A    -3.507    0.0429      Mg 5                2928.09A    -4.118    0.0105
Al 3c                     0     -4.234    0.0080      Ca A                972.106A    -3.687    0.0283      Mg 5                353.092A    -5.057    0.0012
Al 6c                     0     -3.356    0.0607      Ca A                958.693A    -3.842    0.0198      Mg 5                355.329A    -4.561    0.0038
Ar 3c                     0     -3.038    0.1263      Ca A                949.323A    -3.979    0.0144      Mg 5                353.297A    -4.997    0.0014
Ar 4c                     0     -2.909    0.1700      Ca A                942.507A    -4.103    0.0109      Mg 5                354.221A    -4.877    0.0018
Ar 5c                     0     -2.901    0.1729      Ca A                937.389A    -4.214    0.0084      Mg 5                137.411A    -5.129    0.0010
Ar 6c                     0     -3.469    0.0468      Ca A                933.444A    -4.317    0.0066      Mg 6                1806.00A    -4.922    0.0016
C  2c                     0     -3.472    0.0464      Ca A                930.337A    -4.411    0.0053      Mg 6                1806.42A    -4.821    0.0021
C  3c                     0     -2.346    0.6217      Ca A                927.846A    -4.499    0.0044      Mg 6                403.307A    -4.663    0.0030
Ca 4c                     0     -3.069    0.1174      Ca A                925.816A    -4.581    0.0036      Mg 6                400.662A    -4.683    0.0029
Fe 2c                     0     -3.006    0.1357      Ca A                924.142A    -4.659    0.0030      Mg 6                399.281A    -4.723    0.0026
Fe 3c                     0     -2.996    0.1389      Ca A                922.743A    -4.731    0.0026      N  2                205.283m    -4.687    0.0028
Fe 7c                     0     -2.346    0.6215      Ca A                921.562A    -4.800    0.0022      N  2                121.769m    -4.716    0.0026
K  3c                     0     -4.595    0.0035      Ca A                920.556A    -4.865    0.0019      N  2                6548.05A    -3.848    0.0195
K  4c                     0     -4.105    0.0108      Ca A                919.693A    -4.927    0.0016      N  2                6583.45A    -3.379    0.0576
Mg 1c                     0     -4.975    0.0015      Ca A                918.945A    -4.986    0.0014      N  2                5754.59A    -5.073    0.0012
Mg 7c                     0     -4.208    0.0085      Ca A                918.295A    -5.042    0.0012      N  2                2142.77A    -4.967    0.0015
N  1c                     0     -5.067    0.0012      Ca A                917.724A    -5.096    0.0011      N  2                1085.70A    -4.980    0.0014
N  4c                     0     -3.147    0.0982      Ca A                4685.68A    -2.877    0.1826      N  2                1085.55A    -4.917    0.0017
N  5c                     0     -3.943    0.0157      Ca A                3203.08A    -3.270    0.0740      N  2                1084.56A    -4.775    0.0023
Na 6c                     0     -4.564    0.0038      Ca A                2733.28A    -3.559    0.0380      N  2                916.710A    -4.605    0.0034
Ne 2c                     0     -4.772    0.0023      Ca A                2511.19A    -3.788    0.0225      N  2                916.701A    -4.697    0.0028
Ne 3c                     0     -1.903    1.7214      Ca A                2385.39A    -3.977    0.0145      N  2                915.962A    -4.845    0.0020
Ne 5c                     0     -1.881    1.8126      Ca A                2306.18A    -4.140    0.0100      N  3                57.3238m    -2.684    0.2849
O  1c                     0     -4.136    0.0101      Ca A                2252.67A    -4.282    0.0072      N  3                1748.65A    -4.512    0.0042
O  2c                     0     -2.727    0.2582      Ca A                2214.65A    -4.409    0.0054      N  3                1753.99A    -4.493    0.0044
O  3c                     0     -0.738   25.1587      Ca A                2186.59A    -4.524    0.0041      N  3                1746.82A    -4.918    0.0017
O  5c                     0     -3.792    0.0223      Ca A                2165.23A    -4.629    0.0032      N  3                1752.16A    -4.079    0.0115
P  2c                     0     -4.691    0.0028      Ca A                2148.58A    -4.726    0.0026      N  3                1749.67A    -4.147    0.0098
P  3c                     0     -4.836    0.0020      Ca A                2135.34A    -4.815    0.0021      N  3                989.799A    -4.990    0.0014
S  2c                     0     -3.156    0.0961      Ca A                2124.61A    -4.899    0.0017      N  3                991.511A    -4.391    0.0056
S  3c                     0     -2.224    0.8215      Ca A                2115.81A    -4.977    0.0015      N  3                991.577A    -4.779    0.0023
Si 2c                     0     -3.048    0.1234      Ca A                2108.49A    -5.051    0.0012      N  3                764.351A    -4.485    0.0045
Si 3c                     0     -2.940    0.1583      Ca A                2102.33A    -5.120    0.0010      N  3                685.515A    -5.085    0.0011
Si 4c                     0     -3.183    0.0904      Ca A                1.01235m    -3.429    0.0513      N  3                686.336A    -4.343    0.0063
Si 7c                     0     -4.025    0.0130      Ca A                6560.01A    -3.738    0.0252      N  3                685.817A    -4.330    0.0064
Ti 6c                     0     -4.818    0.0021      Ca A                5411.45A    -3.982    0.0143      N  3                452.227A    -4.493    0.0044
Al 2c                     0     -4.014    0.0133      Ca A                4859.26A    -4.183    0.0090      Na 3                7.31570m    -4.049    0.0123
Al 5c                     0     -4.172    0.0093      Ca A                4541.54A    -4.352    0.0061      Na 3                380.100A    -4.719    0.0026
C  4c                     0     -2.077    1.1533      Ca A                4338.62A    -4.500    0.0044      Na 3                268.625A    -5.003    0.0014
Ca 2c                     0     -4.608    0.0034      Ca A                4199.78A    -4.631    0.0032      Na 3                267.871A    -4.977    0.0015
Ca 5c                     0     -3.271    0.0738      Ca A                4099.99A    -4.749    0.0025      Na 3                250.517A    -4.891    0.0018
Cl 2c                     0     -4.954    0.0015      Ca A                4025.55A    -4.857    0.0019      Na 4                9.03096m    -4.431    0.0051
Cl 3c                     0     -4.079    0.0115      Ca A                3968.39A    -4.955    0.0015      Na 4                3241.50A    -4.915    0.0017
Cl 4c                     0     -3.005    0.1362      Ca A                3923.44A    -5.047    0.0012      Na 4                412.244A    -4.994    0.0014
Fe 4c                     0     -2.088    1.1250      Ca A                3887.40A    -5.131    0.0010      Na 5                463.270A    -4.790    0.0022
Fe 5c                     0     -2.665    0.2980      Ca A                1.86365m    -3.885    0.0179      Na 5                461.057A    -4.825    0.0021
Fe 6c                     0     -2.131    1.0184      Ca A                1.16262m    -4.134    0.0101      Na 5                459.901A    -4.895    0.0018
Fe 8c                     0     -3.768    0.0235      Ca A                9344.80A    -4.343    0.0062      Ne 4                2421.66A    -3.462    0.0476
K  5c                     0     -4.907    0.0017      Ca A                8236.67A    -4.520    0.0042      Ne 4                2424.28A    -3.288    0.0709
Mg 2c                     0     -2.747    0.2468      Ca A                7592.65A    -4.673    0.0029      Ne 4                1601.45A    -4.876    0.0018
Mg 4c                     0     -3.285    0.0715      Ca A                7177.41A    -4.808    0.0021      Ne 4                541.126A    -4.591    0.0035
Mg 5c                     0     -2.713    0.2669      Ca A                6890.80A    -4.929    0.0016      Ne 4                542.076A    -4.565    0.0037
Mg 6c                     0     -4.562    0.0038      Ca A                6683.11A    -5.039    0.0013      Ne 4                543.886A    -4.546    0.0039
N  2c                     0     -3.205    0.0860      Ca A                3.09080m    -4.276    0.0073      Ne 4                208.903A    -4.811    0.0021
N  3c                     0     -2.637    0.3176      Ca A                1.87431m    -4.480    0.0046      Ne 4                208.737A    -4.749    0.0025
Na 3c                     0     -4.050    0.0123      Ca A                1.47602m    -4.661    0.0030      Ne 6                7.65019m    -2.888    0.1781
Na 4c                     0     -4.254    0.0077      Ca A                1.28127m    -4.819    0.0021      Ne 6                558.603A    -4.935    0.0016
Na 5c                     0     -4.975    0.0015      Ca A                1.16730m    -4.957    0.0015      Ne 6                562.711A    -4.951    0.0015
Ne 4c                     0     -3.054    0.1217      Ca A                1.09334m    -5.081    0.0011      Ne 6                435.646A    -4.722    0.0026
Ne 6c                     0     -2.888    0.1781      Ca A                4.76213m    -4.619    0.0033      Ne 6                401.146A    -5.136    0.0010
Ni 2c                     0     -4.161    0.0095      Ca A                2.82519m    -4.787    0.0022      Ne 6                403.260A    -4.665    0.0030
O  4c                     0     -1.537    3.9960      Ca A                2.18848m    -4.946    0.0016      Ne 6                401.941A    -4.628    0.0032
O  6c                     0     -4.431    0.0051      Ca A                1.87570m    -5.087    0.0011      Ne 7                465.221A    -4.860    0.0019
S  4c                     0     -1.550    3.8832      Ca A                6.94599m    -4.924    0.0016      Ni 2                1.19102m    -4.461    0.0048
Si 6c                     0     -3.357    0.0606      Ca A                4.04945m    -5.064    0.0012      Ni 2                6.63416m    -5.103    0.0011
continua........................................      Ca B                1640.41A    -2.025    1.3001      Ni 2                7377.83A    -5.110    0.0011
Bac                 3646.00A    -0.953   15.3475      Ca B                1215.13A    -2.535    0.4018      O  4                25.8863m    -1.540    3.9702
nFnu                3645.00A    -0.836   20.0820      Ca B                1084.94A    -2.883    0.1805      O  4                1399.78A    -4.583    0.0036
nFnu                3647.00A    -1.464    4.7345      Ca B                1025.27A    -3.147    0.0982      O  4                1407.38A    -4.575    0.0037
cout                3646.00A    -0.953   15.3475      Ca B                992.358A    -3.361    0.0600      O  4                1397.23A    -5.052    0.0012
thin                3646.00A    -0.953   15.3476      Ca B                972.106A    -3.541    0.0396      O  4                1404.81A    -4.166    0.0094
Inci                4860.00A    -0.875   18.3883      Ca B                958.693A    -3.697    0.0276      O  4                1401.16A    -4.255    0.0077
Inci                1367.00A    -0.619   33.0904      Ca B                949.323A    -3.835    0.0201      O  4                787.710A    -4.887    0.0018
Inci                2066.00A    -0.709   26.9133      Ca B                942.507A    -3.959    0.0151      O  4                790.114A    -4.349    0.0062
Inci                1215.00A    -0.594   35.0920      Ca B                937.389A    -4.072    0.0117      O  4                790.201A    -4.814    0.0021
Ba C                      0     -1.604    3.4282      Ca B                933.444A    -4.175    0.0092      O  4                609.830A    -4.128    0.0103
PA C                      0     -2.023    1.3049      Ca B                930.337A    -4.270    0.0074      O  4                554.076A    -4.905    0.0017
FIR                 83.0000m    -1.262    7.5426      Ca B                927.846A    -4.358    0.0060      O  4                555.264A    -3.857    0.0191
TIR                 1800.00m    -4.152    0.0097      Ca B                925.816A    -4.440    0.0050      O  4                554.514A    -3.936    0.0160
NIRa                2.85000m    -0.278   72.5590      Ca B                924.142A    -4.518    0.0042      O  6                1037.61A    -4.421    0.0052
NIRb                3.00000m    -0.619   33.1498      Ca B                922.743A    -4.591    0.0035      O  6                1031.91A    -4.284    0.0072
MIRa                15.0000m    -0.720   26.2715      Ca B                921.562A    -4.660    0.0030      O  6                150.125A    -4.913    0.0017
MIRb                22.5000m    -0.649   30.9393      Ca B                920.556A    -4.725    0.0026      O  6                150.089A    -4.887    0.0018
NMIR                21.7500m    -0.278   72.5590      Ca B                919.693A    -4.787    0.0022      P  5                1128.01A    -4.937    0.0016
TFIR                611.250m    -3.419    0.0525      Ca B                918.945A    -4.846    0.0020      P  5                1117.98A    -4.851    0.0019
TALL                10000.0A     0.231  234.6901      Ca B                918.295A    -4.903    0.0017      S  4                10.5076m    -1.551    3.8721
F12                 12.0000m    -1.049   12.3129      Ca B                917.724A    -4.957    0.0015      S  4                1404.81A    -5.068    0.0012
F25                 25.0000m    -1.376    5.7898      Ca B                4685.68A    -2.850    0.1944      S  4                1423.84A    -4.995    0.0014
F60                 60.0000m    -1.611    3.3748      Ca B                3203.08A    -3.232    0.0808      S  4                1416.89A    -4.574    0.0037
F100                100.000m    -1.525    4.1158      Ca B                2733.28A    -3.515    0.0420      S  4                1406.02A    -4.536    0.0040
MIPS                24.0000m    -1.417    5.2716      Ca B                2511.19A    -3.741    0.0250      S  4                1073.52A    -4.870    0.0019
MIPS                70.0000m    -3.342    0.0627      Ca B                2385.39A    -3.929    0.0162      S  4                815.941A    -4.605    0.0034
MIPS                160.000m    -3.813    0.0212      Ca B                2306.18A    -4.090    0.0112      S  4                753.760A    -4.297    0.0070
IRAC                3.60000m    -1.505    4.3070      Ca B                2252.67A    -4.232    0.0081      S  4                750.221A    -4.348    0.0062
IRAC                4.50000m    -1.480    4.5632      Ca B                2214.65A    -4.359    0.0060      S  4                657.319A    -5.062    0.0012
IRAC                5.80000m    -1.447    4.9262      Ca B                2186.59A    -4.473    0.0046      S  4                661.455A    -4.109    0.0107
IRAC                8.00000m    -1.286    7.1345      Ca B                2165.23A    -4.578    0.0036      S  4                554.027A    -4.577    0.0037
SPR1                250.000m    -4.375    0.0058      Ca B                2148.58A    -4.674    0.0029      S  6                944.523A    -4.621    0.0033
SPR2                350.000m    -4.492    0.0044      Ca B                2135.34A    -4.764    0.0024      S  6                933.378A    -4.519    0.0042
SPR3                500.000m    -4.549    0.0039      Ca B                2124.61A    -4.847    0.0020      Si 6                1.96247m    -3.356    0.0606
PAC1                70.0000m    -3.319    0.0661      Ca B                2115.81A    -4.925    0.0016      Si 6                249.124A    -4.621    0.0033
PAC2                100.000m    -1.524    4.1183      Ca B                2108.49A    -4.999    0.0014      level 1 lines...................................
PAC3                160.000m    -3.709    0.0269      Ca B                2102.33A    -5.068    0.0012      recombination...................................
PAH                 3.30000m    -2.371    0.5857      Ca B                2097.10A    -5.134    0.0010      C  2                1335.00A    -3.436    0.0505
PAHC                3.23000m    -2.522    0.4145      Ca B                1.01235m    -3.418    0.0526      C  3                8197.00A    -5.076    0.0012
PAHC                3.37000m    -2.683    0.2858      Ca B                6560.01A    -3.722    0.0261      C  3                4069.00A    -4.681    0.0029
PAH                 6.20000m    -1.950    1.5444      Ca B                5411.45A    -3.964    0.0150      C  3                1923.00A    -4.018    0.0132
PAHC                5.65000m    -1.861    1.8984      Ca B                4859.26A    -4.162    0.0095      C  3                4649.00A    -4.704    0.0027
PAH                 7.90000m    -1.705    2.7141      Ca B                4541.54A    -4.330    0.0064      C  3                4187.00A    -5.139    0.0010
PAHC                6.90000m    -1.701    2.7444      Ca B                4338.62A    -4.477    0.0046      C  3                2163.00A    -4.842    0.0020
PAH                 11.3000m    -2.497    0.4381      Ca B                4199.78A    -4.607    0.0034      C  4                4659.00A    -4.975    0.0015
PAHC                10.9000m    -2.433    0.5084      Ca B                4099.99A    -4.725    0.0026      C  4                2529.00A    -4.545    0.0039
PAH                 11.8000m    -2.311    0.6726      Ca B                4025.55A    -4.832    0.0020      C  4                1549.00A    -3.759    0.0240
PAHC                12.6500m    -2.441    0.4986      Ca B                3968.39A    -4.930    0.0016      N  3                4379.00A    -5.129    0.0010
PAH                 13.3000m    -2.413    0.5319      Ca B                3923.44A    -5.021    0.0013      N  3                1885.00A    -4.590    0.0035
PAHC                14.1000m    -2.154    0.9666      Ca B                3887.40A    -5.106    0.0011      N  4                1036.00A    -4.959    0.0015
Bcon                3640.00A    -0.193   88.3125      Ca B                1.86365m    -3.879    0.0182      O  2                4094.00A    -5.033    0.0013
Pcon                5000.00A    -0.486   44.9670      Ca B                1.16262m    -4.125    0.0103      O  2                4075.00A    -4.677    0.0029
O3bn                5007.00A    -0.998   13.8525      Ca B                9344.80A    -4.333    0.0064      O  2                4111.00A    -4.985    0.0014
SX                  25.0000A    -1.993    1.3985      Ca B                8236.67A    -4.509    0.0043      O  2                4651.00A    -4.453    0.0049
HX                  4.70000A    -1.455    4.8312      Ca B                7592.65A    -4.660    0.0030      O  2                4341.00A    -4.729    0.0026
ROSA                12.3980A    -1.666    2.9705      Ca B                7177.41A    -4.795    0.0022      O  3                3265.00A    -4.703    0.0027
HFFc                      0     -1.870    1.8563      Ca B                6890.80A    -4.915    0.0017      O  3                3762.00A    -4.964    0.0015
H FF                      0     -1.929    1.6212      Ca B                6683.11A    -5.025    0.0013      O  4                4632.00A    -5.118    0.0011
HeFF                      0     -2.790    0.2235      Ca B                6527.01A    -5.125    0.0010      O  4                2450.00A    -4.686    0.0028
MeFB                      0     -3.426    0.0517      Ca B                3.09080m    -4.271    0.0074      O  4                1068.00A    -4.485    0.0045
MeFF                      0     -4.083    0.0114      Ca B                1.87431m    -4.474    0.0046      O  5                1644.00A    -4.987    0.0014
ToFF                      0     -1.870    1.8561      Ca B                1.47602m    -4.654    0.0031      C  2                1167.50A    -5.103    0.0011
nFnu                6915.34m    -5.093    0.0011      Ca B                1.28127m    -4.811    0.0021      C  2                1092.50A    -4.495    0.0044
nFnu                122.367m    -3.622    0.0329      Ca B                1.16730m    -4.949    0.0015      C  2                1036.80A    -4.102    0.0109
nInu                122.367m    -4.680    0.0029      Ca B                1.09334m    -5.072    0.0012      C  2                946.100A    -4.166    0.0094
nFnu                60.8157m    -3.377    0.0578      Ca B                4.76213m    -4.614    0.0033      C  2                799.800A    -3.282    0.0719
nInu                60.8157m    -3.622    0.0329      Ca B                2.82519m    -4.783    0.0023      C  3                2512.20A    -4.582    0.0036
nFnu                41.2039m    -3.232    0.0807      Ca B                2.18848m    -4.941    0.0016      C  3                2440.00A    -5.048    0.0012
nInu                41.2039m    -3.029    0.1289      Ca B                1.87570m    -5.082    0.0011      C  3                2296.90A    -3.535    0.0402
nFnu                30.8611m    -3.129    0.1025      Ca B                6.94599m    -4.919    0.0017      C  3                2296.10A    -4.779    0.0023
nInu                30.8611m    -2.588    0.3556      Ca B                4.04945m    -5.060    0.0012      C  3                2200.40A    -4.609    0.0034
nFnu                24.7761m    -3.049    0.1229      He 2                607.571A    -1.528    4.0815      C  3                2114.30A    -4.694    0.0028
nInu                24.7761m    -2.254    0.7679      He 2                303.784A    -1.174    9.2208      C  3                2017.40A    -4.380    0.0057
nFnu                24.2932m    -3.042    0.1249      He 2                256.317A    -4.148    0.0098      C  3                1923.30A    -4.768    0.0023
nInu                24.2932m    -2.223    0.8236      He 2                243.027A    -4.263    0.0075      C  3                1828.00A    -3.571    0.0370
nFnu                22.8240m    -3.020    0.1316      He 2                237.331A    -4.322    0.0066      C  3                1796.80A    -4.724    0.0026
nInu                22.8240m    -2.132    1.0160      He 2                234.347A    -4.358    0.0060      C  3                1701.60A    -4.875    0.0018
nFnu                21.4141m    -2.998    0.1384      He 2                232.584A    -4.386    0.0057      C  3                1633.60A    -4.797    0.0022
nInu                21.4141m    -2.036    1.2681      He 2                231.454A    -4.404    0.0054      C  3                1620.30A    -5.109    0.0011
nFnu                21.1177m    -2.992    0.1402      He 2                230.686A    -4.430    0.0051      C  3                1577.10A    -3.513    0.0423
nInu                21.1177m    -2.011    1.3443      He 2                230.139A    -4.449    0.0049      C  3                1548.90A    -4.676    0.0029
nFnu                19.6146m    -2.965    0.1494      He 2                229.736A    -4.456    0.0048      C  3                1516.30A    -5.074    0.0012
nInu                19.6146m    -1.899    1.7376      He 2                229.431A    -4.468    0.0047      C  3                1491.20A    -4.553    0.0039
nFnu                17.6486m    -2.927    0.1631      He 2                229.194A    -4.481    0.0046      C  3                1480.40A    -5.021    0.0013
nInu                17.6486m    -1.742    2.4945      He 2                229.006A    -4.494    0.0044      C  3                1478.10A    -4.551    0.0039
nFnu                17.3653m    -2.921    0.1653      He 2                228.855A    -4.506    0.0043      C  3                1381.70A    -5.124    0.0010
nInu                17.3653m    -1.717    2.6443      He 2                228.731A    -4.517    0.0042      C  3                1296.30A    -4.666    0.0030
nFnu                15.6859m    -2.886    0.1792      He 2                228.629A    -4.526    0.0041      C  3                1247.40A    -4.029    0.0129
nInu                15.6859m    -1.560    3.7963      He 2                228.543A    -4.534    0.0040      C  3                1175.70A    -3.355    0.0608
nFnu                14.5997m    -2.858    0.1909      He 2                228.471A    -4.539    0.0040      C  3                977.000A    -3.019    0.1319
nInu                14.5997m    -1.453    4.8501      He 2                228.409A    -4.541    0.0040      C  3                574.300A    -4.102    0.0109
nFnu                12.4266m    -2.796    0.2202      He 2                228.356A    -4.537    0.0040      C  3                538.200A    -4.103    0.0109
nInu                12.4266m    -1.205    8.5898      He 2                1640.41A    -2.050    1.2288      C  3                511.500A    -4.071    0.0117
nFnu                11.3969m    -2.767    0.2355      He 2                1215.13A    -2.520    0.4161      C  3                493.500A    -3.781    0.0228
nInu                11.3969m    -1.073   11.6331      He 2                1084.94A    -2.857    0.1916      C  3                492.600A    -3.923    0.0165
nFnu                10.4572m    -2.732    0.2554      He 2                1025.27A    -3.116    0.1054      C  3                483.700A    -3.943    0.0157
nInu                10.4572m    -0.942   15.7548      He 2                992.358A    -3.327    0.0649      C  3                476.000A    -3.784    0.0227
nFnu                9.47744m    -2.700    0.2749      He 2                972.106A    -3.505    0.0431      C  3                459.600A    -2.889    0.1777
nInu                9.47744m    -0.874   18.3894      He 2                958.693A    -3.658    0.0303      C  3                450.700A    -4.062    0.0119
nFnu                9.32234m    -2.694    0.2784      He 2                949.323A    -3.792    0.0222      C  3                433.300A    -4.105    0.0108
nInu                9.32234m    -0.874   18.3894      He 2                942.507A    -3.671    0.0294      C  3                411.700A    -2.910    0.1694
nFnu                8.20812m    -2.644    0.3125      He 2                937.389A    -3.766    0.0236      C  3                398.400A    -3.094    0.1110
nInu                8.20812m    -0.874   18.3894      He 2                933.444A    -3.854    0.0193      C  3                371.700A    -3.768    0.0235
nFnu                7.57793m    -2.619    0.3315      He 2                930.337A    -3.935    0.0160      N  2                1085.10A    -4.576    0.0037
nInu                7.57793m    -0.874   18.3894      He 2                927.846A    -4.009    0.0135      N  2                916.300A    -4.986    0.0014
nFnu                7.04834m    -2.583    0.3598      He 2                925.816A    -4.079    0.0115      N  2                646.400A    -4.643    0.0031
nInu                7.04834m    -0.874   18.3893      He 2                924.142A    -4.143    0.0099      N  3                2188.10A    -4.751    0.0024
nFnu                4.11258m    -2.375    0.5806      He 2                922.743A    -4.201    0.0087      N  3                2064.30A    -4.328    0.0065
nInu                4.11258m    -0.874   18.3891      He 2                921.562A    -4.255    0.0077      N  3                1498.30A    -4.802    0.0022
nFnu                2.32377m    -2.187    0.8946      He 2                920.556A    -4.303    0.0069      N  3                991.000A    -3.128    0.1026
nInu                2.32377m    -0.875   18.3889      He 2                919.693A    -4.342    0.0063      N  3                979.900A    -5.125    0.0010
nFnu                1.64268m    -2.043    1.2486      He 2                4685.68A    -2.942    0.1574      N  3                782.900A    -4.103    0.0109
nInu                1.64268m    -0.875   18.3888      He 2                3203.08A    -3.262    0.0753      N  3                764.000A    -3.663    0.0300
nFnu                1.47981m    -2.028    1.2908      He 2                2733.28A    -3.525    0.0411      N  3                685.700A    -3.911    0.0169
nInu                1.47981m    -0.875   18.3887      He 2                2511.19A    -3.740    0.0251      N  3                472.300A    -4.205    0.0086
nFnu                1.43610m    -1.874    1.8422      He 2                2385.39A    -3.922    0.0165      N  3                418.800A    -3.630    0.0323
nInu                1.43610m    -0.875   18.3887      He 2                2306.18A    -4.078    0.0115      N  3                411.300A    -4.186    0.0090
nFnu                1.11836m    -1.851    1.9429      He 2                2252.67A    -4.216    0.0084      N  3                391.300A    -4.033    0.0128
nInu                1.11836m    -0.875   18.3886      He 2                2214.65A    -4.186    0.0090      N  3                387.400A    -3.558    0.0381
nFnu                8327.39A    -1.830    2.0380      He 2                2186.59A    -4.281    0.0072      N  3                374.400A    -3.723    0.0261
nInu                8327.39A    -0.875   18.3884      He 2                2165.23A    -4.369    0.0059      N  3                348.700A    -2.967    0.1485
nFnu                8076.39A    -1.513    4.2305      He 2                2148.58A    -4.449    0.0049      N  3                340.200A    -3.310    0.0675
nInu                8076.39A    -0.875   18.3884      He 2                2135.34A    -4.524    0.0041      N  3                323.300A    -3.950    0.0155
nFnu                6207.94A    -1.535    4.0163      He 2                2124.61A    -4.593    0.0035      N  3                311.600A    -4.144    0.0099
nInu                6207.94A    -0.875   18.3883      He 2                2115.81A    -4.656    0.0030      N  4                1718.60A    -4.954    0.0015
nFnu                4884.00A    -1.534    4.0232      He 2                2108.49A    -4.715    0.0027      N  4                923.200A    -4.718    0.0026
nInu                4884.00A    -0.875   18.3883      He 2                2102.33A    -4.769    0.0023      N  4                765.100A    -4.392    0.0056
nFnu                3703.28A    -1.488    4.4804      He 2                2097.10A    -4.816    0.0021      N  4                322.600A    -4.935    0.0016
nInu                3703.28A    -0.836   20.1008      He 2                2092.63A    -4.856    0.0019      N  4                297.700A    -4.954    0.0015
nFnu                3586.64A    -0.844   19.7380      He 2                1.01235m    -3.560    0.0379      N  4                283.500A    -4.276    0.0073
nInu                3586.64A    -0.829   20.4046      He 2                6560.01A    -3.796    0.0220      N  4                239.600A    -4.551    0.0039
nFnu                2429.31A    -1.040   12.5693      He 2                5411.45A    -4.010    0.0135      N  4                225.300A    -4.243    0.0079
nInu                2429.31A    -0.745   24.7969      He 2                4859.26A    -4.194    0.0088      N  4                221.800A    -4.906    0.0017
nFnu                2391.30A    -1.042   12.4927      He 2                4541.54A    -4.353    0.0061      N  4                217.900A    -4.645    0.0031
nInu                2391.30A    -0.741   25.0044      He 2                4338.62A    -4.494    0.0044      N  4                177.600A    -4.693    0.0028
nFnu                2070.68A    -1.032   12.8014      He 2                4199.78A    -4.556    0.0038      O  2                386.300A    -3.407    0.0540
nInu                2070.68A    -0.710   26.8623      He 2                4099.99A    -4.650    0.0031      O  2                385.700A    -3.584    0.0359
nFnu                2052.02A    -1.015   13.3096      He 2                4025.55A    -4.737    0.0025      O  3                1947.20A    -4.992    0.0014
nInu                2052.02A    -0.708   26.9969      He 2                3968.39A    -4.817    0.0021      O  3                834.500A    -3.284    0.0716
nFnu                1793.44A    -0.950   15.4565      He 2                3923.44A    -4.892    0.0018      O  3                703.400A    -3.625    0.0327
nInu                1793.44A    -0.679   28.8583      He 2                3887.40A    -4.960    0.0015      O  3                599.600A    -4.134    0.0101
nFnu                1585.12A    -0.917   16.6615      He 2                3858.03A    -5.024    0.0013      O  3                541.600A    -4.069    0.0118
nInu                1585.12A    -0.651   30.7443      He 2                3833.76A    -5.083    0.0011      O  3                374.100A    -3.748    0.0246
nFnu                1458.33A    -0.914   16.7757      He 2                3813.45A    -5.136    0.0010      O  3                320.700A    -3.748    0.0246
nInu                1458.33A    -0.633   32.0526      He 2                1.86365m    -4.064    0.0119      O  3                300.500A    -3.116    0.1054
nFnu                1356.96A    -0.955   15.2786      He 2                1.16262m    -4.240    0.0079      O  3                299.300A    -3.520    0.0416
nInu                1356.96A    -0.618   33.1945      He 2                9344.80A    -4.417    0.0053      O  4                3037.90A    -5.042    0.0013
nFnu                1297.29A    -1.058   12.0422      He 2                8236.67A    -4.575    0.0037      O  4                2511.20A    -5.066    0.0012
nInu                1297.29A    -0.608   33.9783      He 2                7592.65A    -4.715    0.0027      O  4                1341.80A    -4.374    0.0058
nFnu                1262.79A    -1.215    8.4051      He 2                7177.41A    -4.844    0.0020      O  4                1289.40A    -4.579    0.0036
nInu                1262.79A    -0.602   34.4345      He 2                6890.80A    -4.938    0.0016      O  4                1212.90A    -4.975    0.0015
nFnu                1218.08A    -2.061    1.1965      He 2                6683.11A    -5.025    0.0013      O  4                922.700A    -4.403    0.0054
nInu                1218.08A    -0.594   35.0717      He 2                6527.01A    -5.105    0.0011      O  4                844.400A    -4.141    0.0100
nFnu                1196.33A    -2.053    1.2189      He 2                3.09080m    -4.492    0.0044      O  4                789.400A    -2.837    0.2007
nInu                1196.33A    -0.590   35.3651      He 2                1.87431m    -4.627    0.0033      O  4                779.900A    -3.402    0.0546
nFnu                1175.06A    -2.044    1.2446      He 2                1.47602m    -4.773    0.0023      O  4                745.800A    -4.755    0.0024
nInu                1175.06A    -0.587   35.6611      He 2                1.28127m    -4.910    0.0017      O  4                713.000A    -4.420    0.0052
nFnu                1143.64A    -2.026    1.2985      He 2                1.16730m    -5.083    0.0011      O  4                703.900A    -4.600    0.0035
nInu                1143.64A    -0.580   36.2001      He 2                4.76213m    -4.866    0.0019      O  4                636.500A    -4.544    0.0039
nFnu                1113.22A    -2.007    1.3542      He 2                2.82519m    -4.970    0.0015      O  4                617.000A    -3.889    0.0178
nInu                1113.22A    -0.575   36.6861      He 2                2.18848m    -5.092    0.0011      O  4                609.400A    -3.769    0.0235
nFnu                1103.23A    -2.003    1.3692      He-like iso-sequence............................      O  4                554.400A    -3.376    0.0580
nInu                1103.23A    -0.573   36.8086      He 1                1202.81A    -2.291    0.7051      O  4                487.000A    -4.639    0.0032
nFnu                1073.86A    -1.983    1.4332      He 1                584.334A    -3.035    0.1272      O  4                442.800A    -5.110    0.0011
nInu                1073.86A    -0.567   37.3014      He 1                537.030A    -4.060    0.0120      O  4                379.800A    -4.225    0.0082
nFnu                1064.34A    -1.975    1.4587      He 1                522.213A    -4.200    0.0087      O  4                306.700A    -4.458    0.0048
nInu                1064.34A    -0.565   37.4884      He 1                515.617A    -4.278    0.0073      O  4                303.500A    -5.026    0.0013
nFnu                1035.92A    -1.954    1.5303      He 1                512.099A    -4.336    0.0063      O  4                289.900A    -4.548    0.0039
nInu                1035.92A    -0.559   37.9915      He 1                625.563A    -1.568    3.7267      O  4                288.500A    -3.952    0.0154
nFnu                1000.00A    -1.925    1.6373      He 1                510.018A    -4.448    0.0049      O  4                285.800A    -4.148    0.0098
nInu                1000.00A    -0.551   38.6945      He 1                508.657A    -4.458    0.0048      O  4                279.800A    -4.448    0.0049
nFnu                925.144A    -1.863    1.8875      He 1                507.727A    -4.486    0.0045      O  4                276.100A    -4.031    0.0128
nInu                925.144A    -0.535   40.2067      He 1                507.065A    -4.488    0.0045      O  4                273.500A    -4.077    0.0115
RRC.............................................      He 1                506.576A    -4.496    0.0044      O  4                267.000A    -4.012    0.0134
H  1                911.753A    -0.906   17.0919      He 1                506.204A    -4.511    0.0042      O  4                265.500A    -3.081    0.1142
H  1                3645.98A    -2.016    1.3276      He 1                505.916A    -4.529    0.0041      O  4                260.500A    -3.408    0.0538
H  1                3645.98A    -1.676    2.9038      He 1                505.687A    -4.547    0.0039      O  4                258.600A    -4.007    0.0136
H  1                8203.57A    -2.746    0.2470      He 1                505.502A    -4.567    0.0037      O  4                252.500A    -3.952    0.0154
H  1                8203.57A    -2.359    0.6021      He 1                505.352A    -4.587    0.0036      O  4                250.300A    -3.938    0.0159
H  1                8203.57A    -2.471    0.4656      He 1                505.227A    -4.608    0.0034      O  4                238.500A    -3.965    0.0149
H  1                1.45842m    -3.229    0.0813      He 1                505.122A    -4.629    0.0032      O  4                224.100A    -3.463    0.0474
H  1                1.45842m    -2.836    0.2011      He 1                505.033A    -4.649    0.0031      O  4                216.200A    -4.207    0.0085
H  1                1.45842m    -2.841    0.1985      He 1                504.958A    -4.734    0.0025      O  4                213.000A    -3.798    0.0219
H  1                1.45842m    -3.191    0.0888      He 1                504.893A    -4.731    0.0026      O  4                211.300A    -3.781    0.0228
H  1                2.27878m    -3.583    0.0360      He 1                504.836A    -4.713    0.0027      O  4                207.200A    -3.728    0.0258
H  1                2.27878m    -3.191    0.0888      He 1                504.787A    -4.772    0.0023      O  4                203.000A    -4.120    0.0104
H  1                2.27878m    -3.165    0.0943      He 1                504.744A    -4.730    0.0026      O  4                200.800A    -2.796    0.2205
H  1                2.27878m    -3.368    0.0590      He 1                504.706A    -4.668    0.0030      O  4                196.400A    -3.106    0.1079
H  1                2.27878m    -3.871    0.0186      He 1                504.672A    -3.880    0.0182      O  4                188.200A    -3.993    0.0140
H  1                3.28145m    -3.861    0.0190      He 1                1.08291m    -3.892    0.0176      O  4                184.200A    -4.597    0.0035
H  1                3.28145m    -3.470    0.0467      He 1                1.08302m    -3.422    0.0521      O  4                182.800A    -3.982    0.0144
H  1                3.28145m    -3.432    0.0509      He 1                1.08303m    -3.198    0.0873      O  4                171.100A    -4.170    0.0093
H  1                3.28145m    -3.583    0.0360      Blnd                1.08302m    -2.943    0.1570      O  4                158.600A    -3.121    0.1042
H  1                3.28145m    -3.912    0.0168      He 1                3888.64A    -3.244    0.0786      O  5                1371.30A    -4.966    0.0015
H  1                3.28145m    -4.516    0.0042      He 1                3187.74A    -3.627    0.0325      O  5                760.400A    -4.695    0.0028
H  1                4.46642m    -4.089    0.0112      He 1                2945.10A    -3.936    0.0160      O  5                629.700A    -4.416    0.0053
H  1                4.46642m    -3.700    0.0275      He 1                2829.08A    -4.187    0.0090      O  5                202.300A    -4.740    0.0025
H  1                4.46642m    -3.657    0.0304      He 1                2760.44A    -4.782    0.0023      O  5                192.900A    -4.271    0.0074
H  1                4.46642m    -3.782    0.0227      He 1                2721.00A    -4.931    0.0016      O  5                168.000A    -4.332    0.0064
H  1                4.46642m    -4.042    0.0125      He 1                2694.61A    -5.065    0.0012      O  5                141.300A    -4.282    0.0072
H  1                4.46642m    -4.454    0.0048      He 1                2.05813m    -4.153    0.0097      level2 lines....................................
H  1                4.46642m    -5.127    0.0010      He 1                5015.68A    -3.863    0.0189      C  2                596.559A    -4.892    0.0018
H  1                5.83369m    -4.281    0.0072      He 1                3964.73A    -4.254    0.0077      C  2                561.959A    -4.942    0.0016
H  1                5.83369m    -3.894    0.0176      He 1                3613.64A    -4.566    0.0037      C  2                530.721A    -4.970    0.0015
H  1                5.83369m    -3.849    0.0195      He 1                3447.59A    -4.827    0.0021      C  2                544.909A    -4.991    0.0014
H  1                5.83369m    -3.961    0.0151      He 1                7065.71A    -4.830    0.0020      C  2                535.300A    -5.007    0.0014
H  1                5.83369m    -4.185    0.0090      He 1                7065.21A    -4.353    0.0061      C  2                550.361A    -5.112    0.0011
H  1                5.83369m    -4.514    0.0042      He 1                7065.18A    -4.131    0.0102      C  3                271.090A    -4.618    0.0033
H  1                5.83369m    -4.981    0.0014      Blnd                7065.25A    -3.876    0.0183      C  3                268.600A    -4.635    0.0032
H  1                7.38326m    -4.448    0.0049      He 1                5875.98A    -4.179    0.0091      C  3                266.880A    -4.653    0.0031
H  1                7.38326m    -4.062    0.0119      He 1                5875.64A    -3.702    0.0274      C  3                288.500A    -4.658    0.0030
H  1                7.38326m    -4.016    0.0133      He 1                5875.61A    -3.480    0.0456      C  4                223.140A    -4.541    0.0040
H  1                7.38326m    -4.121    0.0104      Blnd                5875.66A    -3.225    0.0821      C  4                212.750A    -4.684    0.0028
H  1                7.38326m    -4.325    0.0065      He 1                4713.16A    -5.072    0.0012      C  4                206.950A    -4.769    0.0023
H  1                7.38326m    -4.609    0.0034      He 1                4713.14A    -4.850    0.0019      C  4                203.370A    -4.844    0.0020
H  1                7.38326m    -4.982    0.0014      Blnd                4713.17A    -4.594    0.0035      C  4                200.980A    -4.899    0.0017
H  1                9.11514m    -4.596    0.0035      He 1                4471.69A    -4.584    0.0036      C  4                199.320A    -4.957    0.0015
H  1                9.11514m    -4.210    0.0085      He 1                4471.49A    -4.107    0.0108      N  1                942.258A    -4.919    0.0017
H  1                9.11514m    -4.164    0.0094      He 1                4471.47A    -3.885    0.0179      N  2                532.161A    -5.062    0.0012
H  1                9.11514m    -4.264    0.0075      Blnd                4471.50A    -3.630    0.0323      N  3                293.510A    -4.620    0.0033
H  1                9.11514m    -4.456    0.0048      Blnd                4120.84A    -5.022    0.0013      N  3                283.090A    -4.653    0.0031
H  1                9.11514m    -4.713    0.0027      He 1                4026.36A    -4.898    0.0017      N  3                264.550A    -4.665    0.0030
H  1                9.11514m    -5.034    0.0013      He 1                4026.20A    -4.421    0.0052      N  3                277.180A    -4.677    0.0029
H  1                11.0293m    -3.678    0.0289      He 1                4026.19A    -4.199    0.0087      N  3                312.110A    -4.677    0.0029
H  1                13.1258m    -3.791    0.0223      Blnd                4026.21A    -3.944    0.0157      N  3                273.490A    -4.701    0.0027
H  1                15.4046m    -3.894    0.0176      He 1                3819.61A    -4.676    0.0029      N  3                267.450A    -4.717    0.0026
H  1                17.8657m    -3.990    0.0141      He 1                3819.60A    -4.454    0.0048      N  3                248.910A    -4.754    0.0024
H  1                20.5091m    -4.079    0.0115      Blnd                3819.62A    -4.199    0.0087      N  3                271.020A    -4.723    0.0026
H  1                23.3348m    -4.163    0.0095      He 1                3704.90A    -5.100    0.0011      N  3                305.650A    -4.731    0.0026
H  1                26.3428m    -4.241    0.0079      He 1                3704.76A    -4.622    0.0033      N  3                269.290A    -4.741    0.0025
H  1                29.5331m    -4.316    0.0067      He 1                3704.75A    -4.401    0.0055      N  3                300.710A    -4.748    0.0025
H  1                32.9057m    -4.386    0.0057      Blnd                3704.77A    -4.145    0.0099      N  3                238.620A    -4.854    0.0019
H  1                36.4606m    -4.452    0.0049      He 1                3634.08A    -4.787    0.0023      N  3                234.300A    -4.875    0.0018
H  1                40.1978m    -4.516    0.0042      He 1                3634.07A    -4.565    0.0038      N  3                286.900A    -4.830    0.0020
H  1                44.1173m    -4.576    0.0037      Blnd                3634.09A    -4.309    0.0068      N  3                231.470A    -4.966    0.0015
H  1                48.2191m    -4.634    0.0032      He 1                3587.16A    -4.931    0.0016      N  3                279.440A    -4.880    0.0018
H  1                52.5033m    -4.689    0.0028      He 1                3587.15A    -4.709    0.0027      N  3                229.580A    -4.987    0.0014
H  1                56.9697m    -3.522    0.0414      Blnd                3587.17A    -4.453    0.0048      N  3                274.950A    -4.924    0.0016
He 2                227.838A    -1.446    4.9365      He 1                3554.34A    -5.059    0.0012      N  3                272.030A    -4.956    0.0015
He 2                911.351A    -2.774    0.2317      He 1                3554.33A    -4.838    0.0020      N  3                270.020A    -4.977    0.0015
He 2                911.351A    -2.367    0.5919      Blnd                3554.35A    -4.582    0.0036      N  4                197.610A    -4.676    0.0029
He 2                2049.91A    -3.427    0.0516      He 1                3530.43A    -4.956    0.0015      N  4                182.190A    -4.814    0.0021
He 2                2049.91A    -2.966    0.1489      Blnd                3530.44A    -4.700    0.0027      N  4                175.020A    -4.909    0.0017
He 2                2049.91A    -2.967    0.1488      He 1                3512.46A    -5.062    0.0012      N  4                170.460A    -4.993    0.0014
He 2                3644.44A    -3.963    0.0150      Blnd                3512.48A    -4.807    0.0021      N  4                168.090A    -5.005    0.0014
He 2                3644.44A    -3.493    0.0443      Blnd                3498.62A    -4.905    0.0017      N  4                192.880A    -4.991    0.0014
He 2                3644.44A    -3.380    0.0575      Blnd                3487.70A    -4.996    0.0014      N  4                167.260A    -5.117    0.0011
He 2                3644.44A    -3.604    0.0343      Blnd                3478.95A    -5.080    0.0011      N  4                211.600A    -4.961    0.0015
He 2                5694.49A    -4.363    0.0060      He 1                3439.98A    -4.989    0.0014      N  5                147.670A    -5.044    0.0012
He 2                5694.49A    -3.891    0.0177      Blnd                3440.00A    -4.733    0.0025      O  1                976.791A    -4.893    0.0018
He 2                5694.49A    -3.742    0.0250      He 1                7281.35A    -4.471    0.0047      O  1                969.049A    -4.809    0.0021
He 2                5694.49A    -3.812    0.0212      He 1                6678.15A    -3.775    0.0231      O  1                946.387A    -4.856    0.0019
He 2                5694.49A    -4.196    0.0088      He 1                5047.74A    -5.030    0.0013      O  1                934.501A    -4.894    0.0018
He 2                8200.12A    -4.677    0.0029      He 1                4921.93A    -4.199    0.0087      O  1                973.577A    -4.910    0.0017
He 2                8200.12A    -4.207    0.0086      He 1                4387.93A    -4.518    0.0042      O  1                927.472A    -4.929    0.0016
He 2                8200.12A    -4.042    0.0125      He 1                4143.76A    -4.772    0.0023      O  1                948.506A    -4.971    0.0015
He 2                8200.12A    -4.054    0.0122      He 1                4009.05A    -4.782    0.0023      O  1                922.969A    -4.969    0.0015
He 2                8200.12A    -4.259    0.0076      He 1                3926.41A    -4.948    0.0016      O  1                919.912A    -5.007    0.0014
He 2                8200.12A    -4.764    0.0024      He 1                3871.69A    -5.094    0.0011      O  1                935.672A    -5.037    0.0013
He 2                1.11613m    -4.934    0.0016      He 1                4.29471m    -5.067    0.0012      O  1                917.726A    -5.049    0.0012
He 2                1.11613m    -4.465    0.0047      He 1                1.25275m    -5.054    0.0012      O  1                918.704A    -5.082    0.0011
He 2                1.11613m    -4.294    0.0070      He 1                1.70025m    -4.780    0.0023      O  1                928.186A    -5.106    0.0011
He 2                1.11613m    -4.278    0.0073      He 1                1.19691m    -4.940    0.0016      O  1                917.473A    -5.129    0.0010
He 2                1.11613m    -4.408    0.0054      He 1                1.03113m    -5.139    0.0010      O  2                425.190A    -4.703    0.0027
He 2                1.11613m    -4.716    0.0026      He 1                9515.00A    -5.032    0.0013      O  2                388.410A    -4.748    0.0025
He 2                1.45781m    -4.683    0.0029      He 1                1.86854m    -4.168    0.0094      O  2                373.600A    -4.795    0.0022
He 2                1.45781m    -4.509    0.0043      He 1                1.27849m    -4.496    0.0044      O  2                361.821A    -4.807    0.0021
He 2                1.45781m    -4.478    0.0046      He 1                1.09130m    -4.761    0.0024      O  2                366.060A    -4.821    0.0021
He 2                1.45781m    -4.569    0.0037      He 1                1.00275m    -4.962    0.0015      O  2                360.570A    -4.894    0.0018
He 2                1.45781m    -4.790    0.0022      He 1                9526.01A    -5.135    0.0010      O  2                414.619A    -4.992    0.0014
He 2                1.84504m    -4.870    0.0019      He 1                1.86972m    -4.645    0.0031      O  2                358.780A    -5.018    0.0013
He 2                1.84504m    -4.695    0.0028      He 1                1.27905m    -4.974    0.0015      O  2                356.930A    -5.021    0.0013
He 2                1.84504m    -4.655    0.0030      He 1                4.04791m    -4.887    0.0018      O  2                355.610A    -5.060    0.0012
He 2                1.84504m    -4.724    0.0026      Ca B                2945.10A    -3.961    0.0151      O  3                305.400A    -3.605    0.0342
He 2                1.84504m    -4.896    0.0017      Ca B                3187.74A    -3.644    0.0313      O  3                268.070A    -4.119    0.0105
He 2                2.27783m    -5.034    0.0013      Ca B                3613.64A    -4.551    0.0039      O  3                263.850A    -4.163    0.0095
He 2                2.27783m    -4.859    0.0019      Ca B                3888.64A    -3.249    0.0777      O  3                373.640A    -4.225    0.0082
He 2                2.27783m    -4.813    0.0021      Ca B                3964.73A    -4.243    0.0079      O  3                265.020A    -4.203    0.0086
He 2                2.27783m    -4.868    0.0019      Ca B                4026.20A    -3.933    0.0161      O  3                248.730A    -4.417    0.0053
He 2                2.27783m    -5.011    0.0013      Ca B                4120.82A    -4.995    0.0014      O  3                241.200A    -4.538    0.0040
He 2                2.75620m    -4.252    0.0077      Ca B                4387.93A    -4.509    0.0043      O  3                248.620A    -4.579    0.0036
He 2                3.28011m    -4.364    0.0060      Ca B                4471.49A    -3.611    0.0337      O  3                236.890A    -4.601    0.0035
He 2                3.84958m    -4.468    0.0047      Ca B                4713.16A    -4.583    0.0036      O  3                234.190A    -4.629    0.0032
He 2                4.46460m    -4.563    0.0038      Ca B                4921.93A    -4.180    0.0091      O  3                276.900A    -4.542    0.0040
He 2                5.12518m    -4.652    0.0031      Ca B                5015.68A    -3.844    0.0197      O  3                241.140A    -4.624    0.0033
He 2                5.83131m    -4.735    0.0025      Ca B                5047.74A    -5.000    0.0014      O  3                280.450A    -4.614    0.0034
He 2                6.58301m    -4.814    0.0021      Ca B                5875.64A    -3.172    0.0927      O  3                263.230A    -4.613    0.0034
He 2                7.38026m    -4.888    0.0018      Ca B                6678.15A    -3.718    0.0264      O  3                232.380A    -4.639    0.0032
He 2                8.22307m    -4.958    0.0015      Ca B                7065.21A    -3.929    0.0162      O  3                236.860A    -4.647    0.0031
He 2                9.11143m    -5.024    0.0013      Ca B                7281.35A    -4.443    0.0050      O  3                231.110A    -4.650    0.0031
He 2                10.0454m    -5.087    0.0011      Ca B                1.08302m    -2.942    0.1574      O  3                255.390A    -4.652    0.0031
He 2                14.2366m    -4.054    0.0122      Ca B                1.19691m    -4.929    0.0016      O  3                232.350A    -4.658    0.0030
He 1                504.259A    -1.790    2.2318      Ca B                1.25275m    -5.138    0.0010      O  3                234.180A    -4.665    0.0030
He 1                2599.69A    -3.234    0.0804      Ca B                1.27849m    -4.427    0.0052      O  3                230.150A    -4.845    0.0020
He 1                3120.85A    -3.746    0.0247      Ca B                1.27905m    -4.904    0.0017      O  3                231.100A    -4.683    0.0029
He 1                3421.00A    -3.741    0.0250      Ca B                1.70025m    -4.761    0.0024      O  3                244.650A    -4.683    0.0029
He 1                3420.88A    -3.264    0.0750      Ca B                1.86854m    -4.057    0.0121      O  3                238.930A    -4.705    0.0027
He 1                3420.88A    -3.042    0.1249      Ca B                1.86972m    -4.534    0.0040      O  3                233.340A    -4.711    0.0027
He 1                3678.70A    -3.463    0.0474      Ca B                2.05813m    -3.786    0.0225      O  3                235.520A    -4.720    0.0026
He 1                6632.16A    -4.136    0.0101      C  5                81.4655A    -4.942    0.0016      O  3                232.490A    -4.761    0.0024
He 1                7435.20A    -4.559    0.0038      C  5                40.2678A    -4.766    0.0024      O  3                235.000A    -4.776    0.0023
He 1                7843.40A    -3.516    0.0420      C  5                41.4719A    -3.976    0.0146      O  4                239.130A    -3.751    0.0244
He 1                8188.35A    -3.744    0.0248      Pho+                3889.00A    -2.663    0.2989      O  4                207.610A    -4.521    0.0042
He 1                8190.64A    -4.234    0.0080      extra Lyman.....................................      O  4                196.560A    -4.579    0.0036
He 1                8261.30A    -4.130    0.0102      database lines..................................      O  4                214.760A    -4.516    0.0042
He 1                1.24770m    -4.684    0.0029      Al 3                1862.79A    -4.509    0.0043      O  4                181.780A    -4.714    0.0027
He 1                1.35640m    -5.073    0.0012      Al 3                1854.72A    -4.288    0.0071      O  4                280.550A    -4.390    0.0056
He 1                1.40933m    -4.013    0.0134      Al 6                312.237A    -5.103    0.0011      O  4                174.710A    -4.770    0.0023
He 1                1.45602m    -4.113    0.0106      Al 6                3.65932m    -3.399    0.0549      O  4                203.010A    -4.637    0.0032
He 1                1.45643m    -4.606    0.0034      Al 6                9.11329m    -4.457    0.0048      O  4                174.310A    -4.789    0.0022
He 1                1.45759m    -4.476    0.0046      Ar 3                3109.18A    -4.951    0.0015      O  4                182.700A    -4.764    0.0024
He 1                1.45759m    -4.953    0.0015      Ar 3                7135.79A    -3.355    0.0609      O  4                181.770A    -4.768    0.0023
He 1                1.46631m    -4.600    0.0035      Ar 3                7751.11A    -3.979    0.0145      O  4                170.710A    -4.839    0.0020
He 1                2.01409m    -5.072    0.0012      Ar 3                8.98898m    -3.481    0.0455      O  4                159.680A    -4.904    0.0017
He 1                2.21671m    -4.378    0.0058      Ar 3                21.8253m    -4.644    0.0031      O  4                168.240A    -4.868    0.0019
He 1                2.27546m    -4.436    0.0050      Ar 4                840.032A    -5.027    0.0013      O  4                152.360A    -4.958    0.0015
He 1                2.27605m    -4.929    0.0016      Ar 4                843.770A    -4.985    0.0014      O  4                180.320A    -4.822    0.0021
He 1                2.27752m    -4.654    0.0031      Ar 4                850.605A    -4.952    0.0015      O  4                186.020A    -4.811    0.0021
He 1                2.27752m    -5.131    0.0010      Ar 4                2853.66A    -4.136    0.0101      O  4                166.570A    -4.913    0.0017
He 1                2.28865m    -4.951    0.0015      Ar 4                2868.22A    -4.480    0.0046      O  4                165.420A    -4.931    0.0016
He 1                3.20639m    -4.663    0.0030      Ar 4                4711.26A    -3.192    0.0886      O  4                150.140A    -5.050    0.0012
He 1                3.27716m    -4.703    0.0027      Ar 4                4740.12A    -3.341    0.0628      O  4                153.570A    -5.046    0.0012
He 1                3.27969m    -4.868    0.0019      Ar 4                7170.70A    -4.984    0.0014      O  4                169.860A    -4.959    0.0015
He 1                4.46460m    -4.263    0.0075      Ar 4                7237.77A    -5.120    0.0010      O  4                168.250A    -4.976    0.0015
He 1                5.83132m    -4.435    0.0051      Ar 4                7263.33A    -5.040    0.0013      O  4                148.130A    -5.117    0.0011
He 1                7.38026m    -4.586    0.0036      Ar 5                827.366A    -4.859    0.0019      O  4                206.560A    -4.822    0.0021
He 1                9.11143m    -4.722    0.0026      Ar 5                6435.12A    -4.273    0.0074      O  4                166.640A    -5.003    0.0014
He 1                11.0248m    -4.845    0.0020      Ar 5                7005.83A    -3.941    0.0158      O  4                168.870A    -5.075    0.0012
He 1                13.1205m    -4.957    0.0015      Ar 5                7.89971m    -3.396    0.0554      O  5                135.810A    -4.956    0.0015
He 1                15.3983m    -5.060    0.0012      Ar 5                13.0985m    -3.167    0.0937      O  5                139.140A    -4.948    0.0016
He 1                61.5933m    -4.722    0.0026      Ar 6                4.52800m    -3.468    0.0468      O  5                124.910A    -5.053    0.0012
C  5                31.6213A    -4.525    0.0041      C  2                687.053A    -5.093    0.0011      O  5                119.360A    -5.119    0.0010
C  2                508.483A    -4.245    0.0078      C  2                687.352A    -5.109    0.0011      F  3                253.730A    -4.969    0.0015
C  3                258.906A    -4.137    0.0100      C  2                858.559A    -4.959    0.0015      Ne 2                444.150A    -4.957    0.0015
C  4                192.243A    -4.208    0.0085      C  2                903.623A    -5.109    0.0011      Ne 2                356.870A    -4.923    0.0016
N  2                418.848A    -5.062    0.0012      C  2                903.962A    -4.921    0.0017      Ne 2                404.130A    -5.008    0.0014
N  3                261.320A    -3.988    0.0142      C  2                904.142A    -4.363    0.0060      Ne 2                327.700A    -5.043    0.0012
O  2                353.019A    -2.485    0.4512      C  2                904.480A    -4.456    0.0048      Ne 2                331.200A    -5.043    0.0012
O  3                225.690A    -4.007    0.0136      C  2                1036.34A    -5.100    0.0011      Ne 2                327.139A    -5.058    0.0012
O  4                160.158A    -3.658    0.0303      C  2                1037.02A    -4.401    0.0055      Ne 2                355.969A    -5.058    0.0012
Ne 2                302.674A    -3.819    0.0209      C  2                1334.53A    -4.929    0.0016      Ne 2                320.500A    -5.114    0.0011
Ne 3                195.487A    -4.286    0.0071      C  2                1335.66A    -4.431    0.0051      Ne 3                250.920A    -4.428    0.0051
Ne 4                127.569A    -3.949    0.0155      C  2                1335.71A    -4.581    0.0036      Ne 3                227.420A    -4.562    0.0038
Mg 3                154.702A    -5.071    0.0012      C  2                2323.50A    -4.924    0.0016      Ne 3                218.360A    -4.925    0.0016
Fe 3                404.498A    -4.613    0.0034      C  2                2324.69A    -4.613    0.0034      Ne 3                223.310A    -4.821    0.0021
Fe 4                225.785A    -4.204    0.0086      C  2                2325.40A    -4.125    0.0103      Ne 3                228.870A    -4.605    0.0034
Fe 5                165.317A    -4.984    0.0014      C  2                2326.93A    -4.141    0.0099      Ne 3                281.580A    -4.579    0.0036
Fe 6                125.255A    -5.024    0.0013      C  2                2328.12A    -4.560    0.0038      Ne 3                204.530A    -5.133    0.0010
grains..........................................      C  2                157.636m    -3.970    0.0148      Ne 3                227.190A    -4.621    0.0033
H-like iso-sequence.............................      C  3                1908.73A    -2.755    0.2419      Ne 3                212.550A    -5.106    0.0011
H  1 Cool           1215.67A    -2.555    0.3833      C  3                1906.68A    -2.574    0.3674      Ne 3                265.510A    -4.631    0.0032
Crst                960.000A    -2.719    0.2631      C  3                977.020A    -3.403    0.0545      Ne 3                218.030A    -5.052    0.0012
CION                      0     -4.435    0.0051      C  3                386.203A    -4.804    0.0022      Ne 3                217.120A    -5.119    0.0010
Ca B                1215.67A    -0.605   34.1746      C  3                2296.87A    -5.013    0.0013      Ne 3                238.070A    -4.726    0.0026
Q(H)                4861.32A    -2.185    0.8996      C  3                884.524A    -4.631    0.0032      Ne 4                171.550A    -4.591    0.0035
Q(H)                1215.67A    -0.643   31.3190      Ca 3                409.953A    -5.065    0.0012      Ne 4                148.550A    -4.881    0.0018
CaBo                4861.32A    -2.141    0.9947      Ca 4                669.696A    -4.550    0.0039      Ne 4                207.180A    -4.686    0.0028
CaBo                1640.00A    -2.027    1.2938      Ca 4                3.20610m    -3.069    0.1175      Ne 4                139.980A    -5.036    0.0013
CaBo                4685.64A    -2.866    0.1873      Ca 6                629.602A    -4.979    0.0014      Ne 4                159.100A    -4.925    0.0016
Ca A                1215.67A    -0.798   21.9176      Ca 6                633.844A    -4.899    0.0017      Ne 4                135.720A    -5.085    0.0011
Ca A                1025.72A    -1.441    4.9858      Ca 6                641.904A    -4.864    0.0019      Ne 4                133.390A    -5.113    0.0011
Ca A                972.537A    -1.851    1.9402      Cl 6                671.380A    -4.933    0.0016      Ne 4                157.090A    -5.003    0.0014
Ca A                949.743A    -2.155    0.9645      Cr 5                594.921A    -4.504    0.0043      Ne 5                143.350A    -4.615    0.0033
Ca A                937.803A    -2.397    0.5522      Fe 2                25.9813m    -4.221    0.0083      Ne 5                142.640A    -4.808    0.0021
Ca A                930.748A    -2.599    0.3466      Fe 2                5.33871m    -3.702    0.0274      Ne 5                119.100A    -5.053    0.0012
Ca A                926.226A    -2.773    0.2322      Fe 2                1.25668m    -4.966    0.0015      Ne 5                132.560A    -5.033    0.0013
Ca A                923.150A    -2.926    0.1633      Fe 2                4287.39A    -4.884    0.0018      Ne 5                167.820A    -4.840    0.0020
Ca A                920.963A    -3.062    0.1193      Fe 2                2382.04A    -4.390    0.0056      Ne 5                131.150A    -5.098    0.0011
Ca A                919.351A    -3.186    0.0898      Fe 2                35.3391m    -4.881    0.0018      Ne 5                136.490A    -5.099    0.0011
Ca A                918.129A    -3.298    0.0694      Fe 2                6.71944m    -4.841    0.0020      Ne 6                122.920A    -4.981    0.0014
Ca A                917.181A    -3.401    0.0547      Fe 2                4359.33A    -5.015    0.0013      Na 3                229.280A    -5.045    0.0012
Ca A                916.429A    -3.497    0.0439      Fe 2                2625.67A    -4.045    0.0124      Na 5                124.710A    -5.132    0.0010
Ca A                915.824A    -3.585    0.0358      Fe 2                2611.87A    -4.684    0.0029      Mg 4                147.190A    -4.949    0.0015
Ca A                915.329A    -3.668    0.0296      Fe 2                2395.63A    -4.759    0.0024      Mg 4                140.710A    -5.064    0.0012
Ca A                914.919A    -3.746    0.0247      Fe 2                2631.32A    -4.910    0.0017      Mg 4                140.340A    -5.116    0.0011
Ca A                914.576A    -3.819    0.0209      Fe 2                2380.76A    -4.705    0.0027      Mg 4                146.880A    -5.134    0.0010
Ca A                914.286A    -3.887    0.0179      Fe 2                17.9311m    -4.681    0.0029      Mg 4                140.650A    -5.135    0.0010
Ca A                914.039A    -3.951    0.0154      Fe 2                1.64355m    -3.788    0.0224      Mg 5                114.050A    -5.008    0.0014
Ca A                913.826A    -4.012    0.0134      Fe 2                1.53348m    -4.899    0.0017      Mg 5                121.620A    -5.052    0.0012
Ca A                913.641A    -4.069    0.0118      Fe 2                5158.79A    -4.640    0.0032      Mg 5                114.810A    -5.106    0.0011
Ca A                913.480A    -4.122    0.0104      Fe 2                4243.97A    -4.945    0.0016      Mg 6                95.1402A    -5.059    0.0012
Ca A                913.339A    -4.172    0.0093      Fe 2                2493.30A    -4.476    0.0046      Si 2                1179.59A    -4.307    0.0068
Ca A                6562.80A    -1.871    1.8534      Fe 2                1.80940m    -4.389    0.0056      Si 2                993.354A    -4.824    0.0021
Ca A                4861.32A    -2.319    0.6606      Fe 2                9051.95A    -4.989    0.0014      Si 2                1024.03A    -4.978    0.0014
Ca A                4340.46A    -2.643    0.3134      Fe 2                5261.63A    -5.020    0.0013      Si 3                564.611A    -5.099    0.0011
Ca A                4101.73A    -2.896    0.1749      Fe 3                22.9190m    -3.873    0.0184      Si 3                464.939A    -5.044    0.0012
Ca A                3970.07A    -3.105    0.1081      Fe 3                4985.87A    -3.593    0.0352      Si 4                329.800A    -4.863    0.0019
Ca A                3889.05A    -3.283    0.0718      Fe 3                4881.00A    -4.502    0.0043      Si 4                312.700A    -4.910    0.0017
Ca A                3835.38A    -3.439    0.0502      Fe 3                4658.05A    -3.909    0.0170      Si 4                302.870A    -4.968    0.0015
Ca A                3797.90A    -3.577    0.0365      Fe 3                4008.35A    -5.094    0.0011      Si 4                296.640A    -4.990    0.0014
Ca A                3770.63A    -3.701    0.0274      Fe 3                3322.54A    -4.580    0.0036      Si 4                292.430A    -5.023    0.0013
Ca A                3750.15A    -3.814    0.0211      Fe 3                3239.74A    -4.748    0.0025      Si 5                95.5502A    -4.994    0.0014
Ca A                3734.37A    -3.918    0.0166      Fe 3                2438.29A    -4.991    0.0014      S  2                888.439A    -5.128    0.0010
Ca A                3721.94A    -4.014    0.0133      Fe 3                33.0270m    -4.416    0.0053      S  3                667.049A    -4.497    0.0044
Ca A                3711.97A    -4.104    0.0108      Fe 3                5270.40A    -4.081    0.0114      S  3                691.219A    -4.638    0.0032
Ca A                3703.85A    -4.187    0.0090      Fe 3                4754.69A    -4.635    0.0032      S  3                704.220A    -4.701    0.0027
Ca A                3697.15A    -4.265    0.0075      Fe 3                4701.54A    -4.455    0.0048      S  3                671.510A    -4.997    0.0014
Ca A                3691.55A    -4.339    0.0063      Fe 3                3371.41A    -4.713    0.0027      S  3                482.139A    -4.908    0.0017
Ca A                3686.83A    -4.409    0.0054      Fe 3                2464.51A    -5.133    0.0010      S  3                474.260A    -4.973    0.0015
Ca A                3682.81A    -4.476    0.0046      Fe 3                51.6655m    -5.038    0.0013      S  3                480.121A    -5.004    0.0014
Ca A                3679.35A    -4.539    0.0040      Fe 3                5011.26A    -4.751    0.0024      S  3                420.730A    -5.056    0.0012
Ca A                3676.36A    -4.599    0.0035      Fe 3                4769.43A    -4.922    0.0016      S  3                424.450A    -5.108    0.0011
Ca A                3673.76A    -4.656    0.0030      Fe 3                4733.91A    -4.940    0.0016      S  4                330.110A    -4.827    0.0020
Ca A                3671.48A    -4.711    0.0027      Fe 3                3406.18A    -5.077    0.0012      S  4                370.000A    -4.827    0.0021
Ca A                1.87510m    -2.667    0.2964      Fe 3                5411.98A    -5.138    0.0010      S  4                341.260A    -4.841    0.0020
Ca A                1.28181m    -2.992    0.1404      Fe 3                2.21782m    -5.046    0.0012      S  4                295.300A    -4.887    0.0018
Ca A                1.09381m    -3.251    0.0772      Fe 7                9.50763m    -2.709    0.2695      S  4                321.910A    -4.868    0.0019
Ca A                1.00494m    -3.465    0.0472      Fe 7                5720.71A    -3.427    0.0516      S  4                274.000A    -4.895    0.0018
Ca A                9545.97A    -3.646    0.0311      Fe 7                4988.55A    -3.633    0.0321      S  4                306.380A    -4.919    0.0017
Ca A                9229.02A    -3.804    0.0216      Fe 7                4893.37A    -3.903    0.0172      S  4                301.570A    -4.959    0.0015
Ca A                9014.91A    -3.944    0.0157      Fe 7                4698.24A    -4.894    0.0018      S  4                293.560A    -4.972    0.0015
Ca A                8862.79A    -4.070    0.0117      Fe 7                7.81037m    -3.243    0.0788      S  4                238.330A    -5.040    0.0013
Ca A                8750.48A    -4.185    0.0090      Fe 7                6086.97A    -3.252    0.0771      S  4                291.080A    -5.006    0.0014
Ca A                8665.02A    -4.290    0.0071      Fe 7                5158.89A    -3.770    0.0234      S  4                255.380A    -5.057    0.0012
Ca A                8598.40A    -4.386    0.0057      Fe 7                4942.48A    -4.291    0.0070      S  4                332.160A    -5.009    0.0013
Ca A                8545.39A    -4.476    0.0046      Fe 7                3586.32A    -3.813    0.0212      S  4                232.120A    -5.105    0.0011
Ca A                8502.49A    -4.560    0.0038      Fe 7                5276.38A    -4.457    0.0048      S  4                248.780A    -5.111    0.0011
Ca A                8467.26A    -4.639    0.0032      Fe 7                3758.92A    -3.660    0.0302      S  4                283.230A    -5.086    0.0011
Ca A                8437.96A    -4.714    0.0027      Fe 7                3.38363m    -4.647    0.0031      S  5                285.830A    -4.749    0.0025
Ca A                8413.32A    -4.784    0.0023      Fe 7                2.62872m    -4.612    0.0034      S  5                222.770A    -4.950    0.0015
Ca A                8392.40A    -4.851    0.0019      Fe 7                247.630A    -5.019    0.0013      S  5                235.180A    -4.979    0.0014
Ca A                8374.48A    -4.914    0.0017      K  3                4.61683m    -4.594    0.0035      S  5                261.970A    -5.105    0.0011
Ca A                8359.01A    -4.974    0.0015      K  4                5.98030m    -4.105    0.0108      Ar 3                458.140A    -4.445    0.0049
Ca A                8345.56A    -5.032    0.0013      Mg 1                2852.13A    -4.872    0.0019      Ar 3                464.671A    -4.576    0.0037
Ca A                8333.79A    -5.088    0.0011      Mg 3                231.734A    -4.595    0.0035      Ar 3                451.091A    -4.816    0.0021
Ca A                4.05115m    -3.270    0.0740      Mg 3                234.264A    -4.830    0.0020      Ar 3                472.659A    -4.774    0.0023
Ca A                2.62515m    -3.520    0.0416      Mg 7                9.03096m    -4.479    0.0046      Ar 3                488.909A    -4.921    0.0017
Ca A                2.16553m    -3.736    0.0253      Mg 7                5.50208m    -4.568    0.0037      Ar 3                388.490A    -4.930    0.0016
Ca A                1.94456m    -3.920    0.0166      N  1                1134.17A    -5.022    0.0013      Ar 3                527.451A    -4.949    0.0015
Ca A                1.81741m    -4.080    0.0115      N  1                1134.41A    -4.948    0.0016      Ar 3                360.940A    -4.992    0.0014
Ca A                1.73621m    -4.222    0.0083      N  1                1134.98A    -4.913    0.0017      Ar 3                345.990A    -4.989    0.0014
Ca A                1.68065m    -4.349    0.0062      N  1                1199.55A    -4.626    0.0033      Ar 3                365.099A    -5.019    0.0013
Ca A                1.64072m    -4.464    0.0047      N  1                1200.22A    -4.663    0.0030      Ar 3                517.521A    -5.121    0.0010
Ca A                1.61093m    -4.570    0.0037      N  1                1200.71A    -4.783    0.0023      Ar 3                387.261A    -5.118    0.0010
Ca A                1.58805m    -4.667    0.0030      N  4                1486.50A    -3.530    0.0406      Ar 3                360.231A    -5.130    0.0010
Ca A                1.57007m    -4.758    0.0024      N  4                1483.32A    -3.379    0.0576      Ar 4                444.680A    -4.117    0.0105
Ca A                1.55565m    -4.843    0.0020      N  4                765.147A    -4.293    0.0070      Ar 4                392.000A    -4.823    0.0021
Ca A                1.54389m    -4.922    0.0016      N  4                247.205A    -4.738    0.0025      Ar 4                278.290A    -4.918    0.0017
Ca A                1.53418m    -4.997    0.0014      N  4                1718.55A    -5.032    0.0013      Ar 4                247.340A    -5.012    0.0013
Ca A                1.52605m    -5.067    0.0012      N  4                463.736A    -4.465    0.0047      Ar 4                233.650A    -5.083    0.0011
Ca A                1.51919m    -5.134    0.0010      N  5                209.274A    -4.621    0.0033      Ar 4                260.300A    -5.063    0.0012
Ca A                7.45782m    -3.761    0.0239      N  5                209.308A    -4.659    0.0030      Ar 4                291.540A    -5.076    0.0012
Ca A                4.65251m    -3.960    0.0151      N  5                1238.82A    -3.989    0.0141      Ar 4                252.150A    -5.134    0.0010
Ca A                3.73954m    -4.143    0.0099      N  5                1242.80A    -4.204    0.0086      Ar 5                441.850A    -4.449    0.0049
Ca A                3.29609m    -4.303    0.0068      Na 6                14.3924m    -4.789    0.0022      Ar 5                455.901A    -4.613    0.0034
Ca A                3.03837m    -4.446    0.0049      Na 6                8.60825m    -5.013    0.0013      Ar 5                337.380A    -4.852    0.0019
Ca A                2.87221m    -4.574    0.0037      Ne 2                12.8101m    -4.772    0.0023      Ar 5                231.610A    -5.073    0.0012
Ca A                2.75752m    -4.691    0.0028      Ne 3                15.5509m    -2.231    0.8083      Ar 5                225.740A    -5.079    0.0011
Ca A                2.67440m    -4.797    0.0022      Ne 3                3868.76A    -2.332    0.6407      Ar 6                292.390A    -5.046    0.0012
Ca A                2.61194m    -4.895    0.0018      Ne 3                489.500A    -5.070    0.0012      Ca 3                351.260A    -4.293    0.0070
Ca A                2.56363m    -4.986    0.0014      Ne 3                36.0036m    -3.271    0.0738      Ca 3                298.430A    -4.708    0.0027
Ca A                2.52540m    -5.071    0.0012      Ne 3                3967.47A    -2.850    0.1945      Ca 3                277.760A    -4.910    0.0017
Ca A                12.3685m    -4.177    0.0092      Ne 3                1814.56A    -4.626    0.0033      Ca 3                267.540A    -4.995    0.0014
Ca A                7.50045m    -4.338    0.0063      Ne 3                491.045A    -4.026    0.0130      Ca 3                308.360A    -5.028    0.0013
Ca A                5.90660m    -4.495    0.0044      Ne 3                489.645A    -4.571    0.0037      Ca 3                261.770A    -5.067    0.0012
Ca A                5.12726m    -4.638    0.0032      Ne 3                313.688A    -4.432    0.0051      Ca 3                281.010A    -5.130    0.0010
Ca A                4.67124m    -4.766    0.0024      Ne 3                490.311A    -4.474    0.0046      Ca 4                303.870A    -4.176    0.0092
Ca A                4.37526m    -4.883    0.0018      Ne 3                313.961A    -4.908    0.0017      Ca 4                310.370A    -4.383    0.0057
Ca A                4.16966m    -4.989    0.0014      Ne 3                283.799A    -5.095    0.0011      Ca 4                307.850A    -4.316    0.0067
Ca A                4.01977m    -5.088    0.0011      Ne 3                3342.18A    -5.108    0.0011      Ca 4                323.400A    -4.368    0.0059
Ca A                19.0567m    -4.538    0.0040      Ne 3                379.308A    -5.041    0.0013      Ca 4                319.070A    -4.242    0.0079
Ca A                11.3056m    -4.670    0.0029      Ne 5                24.3108m    -2.154    0.9667      Ca 4                243.380A    -4.915    0.0017
Ca A                8.75768m    -4.807    0.0021      Ne 5                14.3178m    -2.334    0.6389      Ca 4                237.560A    -4.917    0.0017
Ca A                7.50606m    -4.934    0.0016      Ne 5                3345.82A    -3.395    0.0555      Ca 4                234.960A    -4.945    0.0016
Ca A                6.77015m    -5.050    0.0012      Ne 5                569.756A    -4.564    0.0038      Ca 4                342.770A    -4.951    0.0015
Ca A                27.7958m    -4.856    0.0019      Ne 5                481.366A    -4.862    0.0019      Ca 4                244.300A    -5.044    0.0012
Ca A                16.2047m    -4.966    0.0015      Ne 5                358.474A    -4.701    0.0027      Ca 4                410.199A    -5.060    0.0012
Ca A                12.3838m    -5.087    0.0011      Ne 5                3425.88A    -2.963    0.1501      Ca 4                236.130A    -5.126    0.0010
Ca B                6562.80A    -1.687    2.8336      Ne 5                482.990A    -4.552    0.0039      Ca 5                314.530A    -4.246    0.0078
Ca B                4861.32A    -2.142    0.9936      Ne 5                359.374A    -4.308    0.0068      Ca 5                325.410A    -4.354    0.0061
Ca B                4340.46A    -2.471    0.4661      O  1                1304.86A    -4.771    0.0023      Ca 5                332.080A    -4.600    0.0035
Ca B                4101.73A    -2.728    0.2579      O  1                6300.30A    -4.365    0.0059      Ca 5                263.570A    -4.919    0.0017
Ca B                3970.07A    -2.939    0.1584      O  1                6363.78A    -4.861    0.0019      Ca 5                276.240A    -4.915    0.0017
Ca B                3889.05A    -3.120    0.1046      O  1                63.1679m    -4.873    0.0018      Ca 5                660.908A    -4.961    0.0015
Ca B                3835.38A    -3.277    0.0728      O  2                539.086A    -4.886    0.0018      Ca 5                251.650A    -4.972    0.0015
Ca B                3797.90A    -3.416    0.0528      O  2                539.547A    -4.924    0.0016      Ca 5                368.590A    -5.071    0.0012
Ca B                3770.63A    -3.542    0.0395      O  2                539.854A    -5.003    0.0014      Ca 5                366.341A    -5.122    0.0010
Ca B                3750.15A    -3.656    0.0304      O  2                832.758A    -4.914    0.0017      Ca 6                330.390A    -4.532    0.0040
Ca B                3734.37A    -3.761    0.0239      O  2                833.330A    -4.850    0.0019      Ca 6                227.310A    -4.899    0.0017
Ca B                3721.94A    -3.858    0.0191      O  2                834.465A    -4.829    0.0020      Fe 3                911.104A    -4.905    0.0017
Ca B                3711.97A    -3.948    0.0155      O  2                2470.34A    -4.634    0.0032      Fe 3                896.877A    -5.013    0.0013
Ca B                3703.85A    -4.032    0.0128      O  2                7319.99A    -4.827    0.0020      Fe 4                309.190A    -4.377    0.0058
Ca B                3697.15A    -4.111    0.0107      O  2                7329.67A    -5.067    0.0012      Fe 4                532.950A    -4.557    0.0038
Ca B                3691.55A    -4.185    0.0090      O  2                7330.73A    -5.096    0.0011      Fe 4                275.130A    -4.565    0.0038
Ca B                3686.83A    -4.255    0.0077      O  2                3728.81A    -2.967    0.1487      Fe 4                259.600A    -4.742    0.0025
Ca B                3682.81A    -4.321    0.0066      O  2                3726.03A    -3.138    0.1003      Fe 4                251.070A    -4.869    0.0019
Ca B                3679.35A    -4.384    0.0057      O  3                88.3323m    -1.526    4.1026      Fe 4                245.840A    -4.913    0.0017
Ca B                3676.36A    -4.443    0.0050      O  3                4931.23A    -4.888    0.0018      Fe 4                326.120A    -4.899    0.0017
Ca B                3673.76A    -4.500    0.0044      O  3                51.8004m    -1.667    2.9670      Fe 4                242.370A    -4.938    0.0016
Ca B                3671.48A    -4.554    0.0038      O  3                4958.91A    -1.479    4.5711      Fe 4                239.960A    -4.954    0.0015
Ca B                1.87510m    -2.619    0.3310      O  3                2320.95A    -3.688    0.0282      Fe 4                281.200A    -4.955    0.0015
Ca B                1.28181m    -2.934    0.1604      O  3                1660.81A    -3.498    0.0437      Fe 4                262.550A    -4.980    0.0014
Ca B                1.09381m    -3.189    0.0891      O  3                833.715A    -4.483    0.0045      Fe 4                252.740A    -5.033    0.0013
Ca B                1.00494m    -3.401    0.0547      O  3                833.749A    -5.132    0.0010      Fe 4                246.880A    -5.060    0.0012
Ca B                9545.97A    -3.582    0.0361      O  3                702.838A    -4.772    0.0023      Fe 4                243.070A    -5.102    0.0011
Ca B                9229.02A    -3.739    0.0251      O  3                702.896A    -4.955    0.0015      Fe 4                240.450A    -5.112    0.0011
Ca B                9014.91A    -3.879    0.0182      O  3                507.680A    -4.583    0.0036      Fe 5                236.210A    -4.676    0.0029
Ca B                8862.79A    -4.005    0.0136      O  3                5006.84A    -1.018   13.2116      Fe 5                236.300A    -4.728    0.0026
Ca B                8750.48A    -4.119    0.0105      O  3                1666.15A    -3.090    0.1119      Fe 5                391.409A    -4.696    0.0028
Ca B                8665.02A    -4.224    0.0082      O  3                835.059A    -4.258    0.0076      Fe 5                227.780A    -4.710    0.0027
Ca B                8598.40A    -4.321    0.0066      O  3                835.092A    -4.504    0.0043      Fe 5                205.950A    -5.090    0.0011
Ca B                8545.39A    -4.411    0.0053      O  3                835.289A    -4.798    0.0022      Fe 5                199.080A    -5.121    0.0010
Ca B                8502.49A    -4.495    0.0044      O  3                703.851A    -4.154    0.0097      Fe 5                389.529A    -4.843    0.0020
Ca B                8467.26A    -4.574    0.0037      O  3                703.854A    -4.624    0.0033      Fe 5                369.760A    -4.807    0.0021
Ca B                8437.96A    -4.648    0.0031      O  3                508.178A    -3.511    0.0424      Fe 5                205.790A    -5.107    0.0011
Ca B                8413.32A    -4.719    0.0026      O  3                4363.21A    -3.062    0.1195      Fe 5                236.880A    -4.851    0.0019
Ca B                8392.40A    -4.785    0.0023      O  5                1218.34A    -4.176    0.0092      Fe 5                226.680A    -4.930    0.0016
Ca B                8374.48A    -4.848    0.0020      O  5                1213.81A    -4.017    0.0133      Fe 5                241.720A    -5.005    0.0014
Ca B                8359.01A    -4.908    0.0017      O  5                629.732A    -4.019    0.0132      Fe 5                232.230A    -5.034    0.0013
Ca B                8345.56A    -4.966    0.0015      O  5                172.169A    -4.962    0.0015      Fe 5                241.470A    -5.038    0.0013
Ca B                8333.79A    -5.020    0.0013      O  5                286.448A    -4.697    0.0028      Fe 5                231.710A    -5.123    0.0010
Ca B                4.05115m    -3.247    0.0779      P  2                1.18828m    -5.011    0.0013      Fe 5                365.850A    -5.071    0.0012
Ca B                2.62515m    -3.492    0.0444      P  3                17.8797m    -4.838    0.0020      Fe 6                174.510A    -4.615    0.0033
Ca B                2.16553m    -3.704    0.0272      P  4                824.731A    -5.053    0.0012      Fe 6                156.820A    -4.657    0.0030
Ca B                1.94456m    -3.887    0.0179      P  4                950.657A    -4.815    0.0021      Fe 6                180.240A    -4.764    0.0024
Ca B                1.81741m    -4.046    0.0124      P  4                1035.52A    -5.121    0.0010      Fe 6                185.150A    -4.771    0.0023
Ca B                1.73621m    -4.187    0.0090      S  2                6730.82A    -3.583    0.0359      Fe 6                159.280A    -4.938    0.0016
Ca B                1.68065m    -4.313    0.0067      S  2                6716.44A    -3.429    0.0514      Fe 6                159.700A    -5.000    0.0014
Ca B                1.64072m    -4.428    0.0051      S  2                4076.35A    -5.044    0.0012      Fe 6                295.530A    -4.633    0.0032
Ca B                1.61093m    -4.534    0.0040      S  2                4068.60A    -4.552    0.0039      Fe 6                153.700A    -5.082    0.0011
Ca B                1.58805m    -4.631    0.0032      S  2                1.03205m    -5.045    0.0012      Fe 6                292.810A    -4.700    0.0027
Ca B                1.57007m    -4.722    0.0026      S  2                1259.52A    -5.038    0.0013      Fe 6                154.470A    -5.130    0.0010
Ca B                1.55565m    -4.806    0.0022      S  2                1253.81A    -5.075    0.0012      Fe 6                185.250A    -5.024    0.0013
Ca B                1.54389m    -4.885    0.0018      S  3                33.4704m    -2.788    0.2242      Fe 6                176.570A    -5.125    0.0010
Ca B                1.53418m    -4.960    0.0015      S  3                18.7078m    -3.013    0.1336      Fe 6                197.950A    -5.041    0.0013
Ca B                1.52605m    -5.030    0.0013      S  3                9068.62A    -3.041    0.1254      Fe 6                185.060A    -5.098    0.0011
Ca B                1.51919m    -5.097    0.0011      S  3                9530.62A    -2.641    0.3150      Fe 6                279.220A    -4.856    0.0019
Ca B                7.45782m    -3.746    0.0247      S  3                3721.63A    -4.336    0.0064      Fe 6                296.190A    -4.895    0.0018
Ca B                4.65251m    -3.942    0.0157      S  3                6312.06A    -4.062    0.0119      Fe 6                220.730A    -5.040    0.0013
Ca B                3.73954m    -4.123    0.0104      S  3                1713.11A    -5.115    0.0011      Fe 7                152.390A    -4.517    0.0042
Ca B                3.29609m    -4.283    0.0072      S  3                1728.94A    -4.664    0.0030      Fe 7                163.470A    -4.599    0.0035
Ca B                3.03837m    -4.424    0.0052      S  3                1194.45A    -4.986    0.0014      Fe 7                148.230A    -4.759    0.0024
Ca B                2.87221m    -4.552    0.0039      S  3                1021.11A    -5.071    0.0012      Fe 7                148.660A    -4.820    0.0021
Ca B                2.75752m    -4.668    0.0030      S  5                786.468A    -4.521    0.0041      Fe 7                181.600A    -4.835    0.0020
Ca B                2.67440m    -4.774    0.0023      Si 2                34.8046m    -3.229    0.0813      Fe 7                125.370A    -5.137    0.0010
Ca B                2.61194m    -4.872    0.0019      Si 2                2334.41A    -4.726    0.0026      Fe 7                234.000A    -4.698    0.0028
Ca B                2.56363m    -4.962    0.0015      Si 2                1808.01A    -4.489    0.0045      Fe 7                196.310A    -4.943    0.0016
Ca B                2.52540m    -5.047    0.0012      Si 2                2350.17A    -4.598    0.0035      Fe 7                168.980A    -5.040    0.0013
Ca B                2.49458m    -5.127    0.0010      Si 2                2344.20A    -4.195    0.0088      Fe 7                226.340A    -4.786    0.0023
Ca B                12.3685m    -4.165    0.0094      Si 2                2334.60A    -4.297    0.0069      Fe 7                218.140A    -5.086    0.0011
Ca B                7.50045m    -4.325    0.0065      Si 2                1817.45A    -4.660    0.0030      P  2                967.202A    -5.082    0.0011
Ca B                5.90660m    -4.481    0.0045      Si 2                1816.93A    -4.200    0.0087      P  2                963.828A    -5.004    0.0014
Ca B                5.12726m    -4.623    0.0033      Si 2                1533.43A    -4.389    0.0056      P  4                388.319A    -5.036    0.0013
Ca B                4.67124m    -4.750    0.0024      Si 2                1309.28A    -4.609    0.0034      Cl 4                981.258A    -5.045    0.0012
Ca B                4.37526m    -4.866    0.0019      Si 2                1265.00A    -4.274    0.0073      K  5                727.442A    -5.006    0.0014
Ca B                4.16966m    -4.973    0.0015      Si 2                1264.74A    -4.890    0.0018      Sc 4                289.851A    -5.124    0.0010
Ca B                4.01977m    -5.071    0.0012      Si 2                1197.39A    -4.409    0.0054      Ti 6                250.473A    -4.904    0.0017
Ca B                19.0567m    -4.526    0.0041      Si 2                1194.50A    -4.456    0.0048      Cr 6                226.666A    -4.746    0.0025
Ca B                11.3056m    -4.659    0.0030      Si 3                1892.03A    -3.359    0.0602      Cr 6                201.366A    -4.816    0.0021
Ca B                8.75768m    -4.796    0.0022      Si 3                1882.71A    -3.182    0.0906      Cr 6                202.514A    -5.136    0.0010
Ca B                7.50606m    -4.922    0.0016      Si 3                1206.50A    -3.856    0.0192      Mn 7                182.883A    -5.113    0.0011
Ca B                6.77015m    -5.038    0.0013      Si 4                1393.75A    -3.294    0.0700      Ni 2                1751.83A    -5.115    0.0011
Ca B                27.7958m    -4.845    0.0020      Si 4                1402.77A    -3.549    0.0389      Ni 2                1744.24A    -5.066    0.0012
Ca B                16.2047m    -4.956    0.0015      Si 7                278.443A    -5.068    0.0012      Ni 2                1375.73A    -5.077    0.0012
Ca B                12.3838m    -5.077    0.0012      Si 7                2.48071m    -4.082    0.0114      Ni 2                1324.11A    -5.086    0.0011
Ca B                38.8593m    -5.130    0.0010      Ti 5                252.959A    -4.507    0.0043      hyperfine structure.............................
H  1                2430.61A    -1.076   11.5528      Ti 6                1.71509m    -4.818    0.0021      inner shell.....................................
H  1                1215.67A    -0.771   23.3416      V  6                224.499A    -5.112    0.0011      O  4                23.0797A    -4.721    0.0026
H  1                1025.72A    -3.923    0.0164      Al 2                2669.15A    -4.498    0.0044      O  5                1215.53A    -4.427    0.0052
H  1                972.537A    -4.017    0.0133      Al 2                2660.35A    -4.323    0.0066      O  6                339.683A    -4.855    0.0019
H  1                949.743A    -4.074    0.0116      Al 2                1670.79A    -4.404    0.0054      Si 5                119.791A    -4.007    0.0135
H  1                937.803A    -4.117    0.0105      Al 5                2.90450m    -4.171    0.0093      Si 5                120.490A    -4.010    0.0135
H  1                930.748A    -4.156    0.0096      Al 5                281.394A    -4.890    0.0018      S  6                488.127A    -4.878    0.0018
H  1                926.226A    -4.196    0.0088      Ar 7                585.748A    -5.056    0.0012      S  7                72.4207A    -4.563    0.0038
H  1                923.150A    -4.230    0.0081      C  4                1550.77A    -2.538    0.3989      S  7                72.9319A    -4.566    0.0037
H  1                920.963A    -4.256    0.0076      C  4                1548.19A    -2.247    0.7795      Fe 6                167.773A    -4.632    0.0032
H  1                919.351A    -4.352    0.0061      C  4                419.525A    -4.499    0.0044      Fe 6                134.473A    -4.902    0.0017
H  1                918.129A    -4.367    0.0059      C  4                419.714A    -4.199    0.0087      Fe 6                167.773A    -5.127    0.0010
H  1                917.181A    -4.379    0.0058      C  4                312.451A    -4.518    0.0042      Fe 6                172.200A    -4.738    0.0025
H  1                916.429A    -4.388    0.0056      C  4                312.420A    -4.510    0.0043      Fe 6                134.473A    -4.617    0.0033
H  1                915.824A    -4.396    0.0055      C  4                244.911A    -4.889    0.0018      Fe 6                167.773A    -4.220    0.0083
H  1                915.329A    -4.403    0.0054      C  4                244.903A    -4.877    0.0018      Fe 6                172.200A    -4.231    0.0081
H  1                914.919A    -4.408    0.0054      Ca 2                7291.47A    -5.013    0.0013      Fe 8                190.745A    -5.138    0.0010
H  1                914.576A    -4.412    0.0053      Ca 5                4.15739m    -3.502    0.0434      Fe 7                172.440A    -3.961    0.0151
H  1                914.286A    -4.414    0.0053      Ca 5                11.4792m    -4.641    0.0031      Fe 7                177.120A    -3.973    0.0147
H  1                914.039A    -4.414    0.0053      Ca 5                5309.11A    -3.790    0.0223      Fe 8                185.328A    -4.342    0.0063
H  1                913.826A    -4.408    0.0054      Ca 5                6086.37A    -4.502    0.0043      Fe 8                190.745A    -4.355    0.0061
H  1                6562.80A    -1.696    2.7755      Cl 3                5537.87A    -4.509    0.0043      molecules.......................................
H  1                4861.32A    -2.139    1.0000      Cl 3                5517.71A    -4.358    0.0060      bands...........................................
H  1                4340.46A    -2.464    0.4728      Cl 4                20.3197m    -3.442    0.0498      Fe 2b               2500.00A    -3.560    0.0380
H  1                4101.73A    -2.720    0.2622      Cl 4                11.7629m    -3.534    0.0403      Fe 2b               5000.00A    -3.846    0.0196
H  1                3970.07A    -2.931    0.1615      Cl 4                7530.54A    -4.016    0.0133      Fe 2b               7000.00A    -4.811    0.0021
H  1                3889.05A    -3.110    0.1068      Cl 4                8045.62A    -3.653    0.0306      Fe 2b               10000.0A    -3.525    0.0411
H  1                3835.38A    -3.267    0.0746      Cl 4                3118.66A    -5.023    0.0013      Fe 2b               2355.00A    -3.999    0.0138
H  1                3797.90A    -3.405    0.0542      Cr 7                202.825A    -4.769    0.0023      Fe 2b               2430.00A    -3.575    0.0366
H  1                3770.63A    -3.412    0.0534      Fe 4                3095.77A    -4.460    0.0048      Fe 2b               2445.00A    -3.575    0.0366
H  1                3750.15A    -3.516    0.0420      Fe 4                3094.96A    -2.526    0.4101      Fe 2b               2495.00A    -4.475    0.0046
H  1                3734.37A    -3.612    0.0336      Fe 4                3094.53A    -4.114    0.0106      Fe 2b               2610.00A    -3.879    0.0182
H  1                3721.94A    -3.701    0.0274      Fe 4                2835.74A    -2.630    0.3229      Fe 2b               2758.00A    -5.053    0.0012
H  1                3711.97A    -3.782    0.0227      Fe 4                2829.36A    -2.954    0.1532      Fe 2b               2780.00A    -5.020    0.0013
H  1                3703.85A    -3.858    0.0191      Fe 4                2823.50A    -3.199    0.0870      Fe 2b               4255.00A    -4.273    0.0073
H  1                3697.15A    -3.928    0.0162      Fe 4                2577.92A    -4.494    0.0044      Fe 2b               4558.00A    -5.010    0.0013
H  1                3691.55A    -3.993    0.0140      Fe 4                2.83562m    -4.016    0.0133      Fe 2b               4600.00A    -4.981    0.0014
H  1                3686.83A    -4.052    0.0122      Fe 4                2.80554m    -4.600    0.0035      Fe 2b               4920.00A    -4.638    0.0032
H  1                3682.81A    -4.104    0.0108      Fe 4                2.86447m    -4.396    0.0055      Fe 2b               5070.00A    -5.081    0.0011
H  1                3679.35A    -4.149    0.0098      Fe 4                2567.61A    -3.610    0.0338      Fe 2b               5143.00A    -4.568    0.0037
H  1                1.87510m    -2.657    0.3033      Fe 4                2.71569m    -4.726    0.0026      Fe 2b               5270.00A    -4.275    0.0073
H  1                1.28181m    -2.948    0.1551      Fe 4                2567.40A    -4.374    0.0058      Fe 2b               5318.00A    -4.583    0.0036
H  1                1.09381m    -3.197    0.0876      Fe 4                2.77325m    -4.947    0.0016      Fe 2b               7445.00A    -4.834    0.0020
H  1                1.00494m    -3.405    0.0543      Fe 4                6739.82A    -4.121    0.0104      Fe 2b               8625.00A    -4.509    0.0043
H  1                9545.97A    -3.583    0.0360      Fe 4                6761.38A    -4.622    0.0033      Fe 2b               1.88900m    -4.243    0.0079
H  1                9229.02A    -3.739    0.0251      Fe 4                6734.42A    -4.300    0.0069      miscellaneous...................................
H  1                9014.91A    -3.877    0.0183      Fe 4                6997.10A    -4.981    0.0014      C 2R                1335.00A    -3.436    0.0505
H  1                8862.79A    -3.927    0.0163      Fe 4                5233.76A    -4.737    0.0025      C 3R                977.000A    -3.019    0.1319
H  1                8750.48A    -4.031    0.0128      Fe 4                4906.56A    -4.312    0.0067      C 3R                1909.00A    -3.174    0.0922
H  1                8665.02A    -4.127    0.0103      Fe 4                4917.97A    -4.820    0.0021      C 3R                1175.00A    -3.355    0.0608
H  1                8598.40A    -4.215    0.0084      Fe 4                7222.76A    -4.795    0.0022      C 4R                1549.00A    -3.759    0.0240
H  1                8545.39A    -4.297    0.0070      Fe 4                4899.97A    -4.713    0.0027      N 2R                1085.00A    -4.576    0.0037
H  1                8502.49A    -4.372    0.0058      Fe 4                4903.07A    -4.693    0.0028      N 3R                990.000A    -3.128    0.1026
H  1                8467.26A    -4.442    0.0050      Fe 4                7183.99A    -5.042    0.0013      N 4R                765.000A    -4.794    0.0022
H  1                8437.96A    -4.507    0.0043      Fe 4                4868.16A    -4.878    0.0018      O 2R                7332.00A    -5.017    0.0013
H  1                8413.32A    -4.566    0.0037      Fe 4                7191.23A    -5.126    0.0010      O 2R                7323.00A    -4.935    0.0016
H  1                8392.40A    -4.618    0.0033      Fe 4                4867.95A    -4.959    0.0015      O 2R                3726.00A    -4.222    0.0083
H  1                8374.48A    -4.663    0.0030      Fe 4                4206.59A    -4.972    0.0015      O 2R                3729.00A    -4.051    0.0123
H  1                4.05115m    -3.310    0.0675      Fe 4                4208.88A    -5.004    0.0014      O 2R                2471.00A    -4.768    0.0024
H  1                2.62515m    -3.527    0.0410      Fe 5                70.3538m    -3.534    0.0403      O 2R                4651.00A    -4.453    0.0049
H  1                2.16553m    -3.728    0.0258      Fe 5                36.3273m    -3.530    0.0407      O 2R                4341.00A    -4.729    0.0026
H  1                1.94456m    -3.904    0.0172      Fe 5                25.9131m    -3.628    0.0324      O 3R                835.000A    -3.284    0.0716
H  1                1.81741m    -4.059    0.0120      Fe 5                20.8407m    -3.882    0.0181      O 4R                789.000A    -2.845    0.1969
H  1                1.73621m    -4.198    0.0087      Fe 5                4180.59A    -4.299    0.0069      O 5R                630.000A    -4.644    0.0031
H  1                1.68065m    -4.296    0.0070      Fe 5                4143.15A    -4.038    0.0126      Blnd                1400.00A    -3.011    0.1344
H  1                1.64072m    -4.400    0.0055      Fe 5                4227.19A    -3.329    0.0646      Blnd                1650.00A    -1.998    1.3845
H  1                1.61093m    -4.495    0.0044      Fe 5                4003.21A    -4.999    0.0014      Blnd                1304.00A    -4.578    0.0036
H  1                1.58805m    -4.583    0.0036      Fe 5                4071.24A    -4.067    0.0118      Blnd                1039.00A    -4.928    0.0016
H  1                1.57007m    -4.665    0.0030      Fe 5                3895.22A    -4.462    0.0048      Blnd                2798.00A    -2.739    0.2512
H  1                1.55565m    -4.740    0.0025      Fe 5                3851.34A    -4.683    0.0029      Blnd                6720.00A    -3.198    0.0873
H  1                1.54389m    -4.810    0.0021      Fe 5                3794.94A    -4.094    0.0111      Blnd                4074.00A    -4.431    0.0051
H  1                1.53418m    -4.874    0.0018      Fe 5                3755.70A    -4.376    0.0058      Blnd                1.03300m    -4.540    0.0040
H  1                1.52605m    -4.933    0.0016      Fe 5                3911.33A    -4.952    0.0015      Blnd                1256.00A    -4.612    0.0034
H  1                1.51919m    -4.985    0.0014      Fe 5                3839.27A    -4.084    0.0114      Blnd                1198.00A    -4.698    0.0028
H  1                1.51332m    -5.030    0.0013      Fe 5                3783.22A    -4.495    0.0044      Blnd                1720.00A    -4.532    0.0040
H  1                7.45782m    -3.829    0.0204      Fe 5                3891.28A    -4.328    0.0065      Blnd                3722.00A    -4.330    0.0064
H  1                4.65251m    -3.996    0.0139      Fe 5                3819.95A    -4.998    0.0014      Blnd                1406.00A    -4.121    0.0104
H  1                3.73954m    -4.163    0.0095      Fe 5                3445.62A    -4.813    0.0021      Blnd                1199.00A    -5.035    0.0013
H  1                3.29609m    -4.316    0.0067      Fe 5                3463.51A    -4.805    0.0022      Blnd                2665.00A    -4.100    0.0109
H  1                3.03837m    -4.452    0.0049      Fe 5                2828.24A    -4.849    0.0020      Blnd                1860.00A    -4.084    0.0114
H  1                2.87221m    -4.585    0.0036      Fe 5                2730.21A    -5.074    0.0012      Blnd                4725.00A    -2.959    0.1514
H  1                2.75752m    -4.688    0.0028      Fe 5                2717.82A    -5.079    0.0011      Blnd                2860.00A    -3.974    0.0146
H  1                2.67440m    -4.783    0.0023      Fe 5                2707.36A    -5.027    0.0013      Blnd                7250.00A    -4.542    0.0040
H  1                2.61194m    -4.871    0.0019      Fe 6                19.5527m    -2.820    0.2086      Blnd                2335.00A    -3.788    0.0224
H  1                2.56363m    -4.952    0.0015      Fe 6                14.7670m    -3.041    0.1254      Blnd                1888.00A    -2.961    0.1508
H  1                2.52540m    -5.027    0.0013      Fe 6                12.3074m    -3.304    0.0684      Blnd                1397.00A    -3.102    0.1089
H  1                2.49458m    -5.096    0.0011      Fe 6                5335.18A    -3.413    0.0533      Blnd                2424.00A    -3.065    0.1185
H  1                12.3685m    -4.265    0.0075      Fe 6                5484.84A    -3.667    0.0297      Blnd                5525.00A    -4.126    0.0103
H  1                7.50045m    -4.396    0.0055      Fe 6                5631.07A    -3.569    0.0371      Blnd                7306.00A    -4.793    0.0022
H  1                5.90660m    -4.538    0.0040      Fe 6                5277.81A    -3.921    0.0165      Blnd                3933.00A    -4.902    0.0017
H  1                5.12726m    -4.671    0.0029      Fe 6                5424.22A    -3.590    0.0354      Blnd                2326.00A    -3.676    0.0291
H  1                4.67124m    -4.824    0.0021      Fe 6                5676.95A    -3.528    0.0409      Blnd                1335.00A    -4.124    0.0103
H  1                4.37526m    -4.926    0.0016      Fe 6                5426.64A    -3.858    0.0191      Blnd                1909.00A    -2.354    0.6094
H  1                4.16966m    -5.020    0.0013      Fe 6                5234.28A    -4.391    0.0056      Blnd                1176.00A    -5.012    0.0013
H  1                4.01977m    -5.107    0.0011      Fe 6                5370.29A    -4.467    0.0047      Blnd                1549.00A    -2.068    1.1784
H  1                19.0567m    -4.640    0.0032      Fe 6                5145.75A    -3.208    0.0853      Blnd                5199.00A    -5.010    0.0013
H  1                11.3056m    -4.746    0.0025      Fe 6                4972.47A    -3.224    0.0822      Blnd                1085.00A    -4.257    0.0076
H  1                8.75768m    -4.867    0.0019      Fe 6                5176.04A    -3.251    0.0773      Blnd                2141.00A    -4.819    0.0021
H  1                7.50606m    -5.028    0.0013      Fe 6                4967.14A    -3.622    0.0329      Blnd                1750.00A    -3.639    0.0316
H  1                6.77015m    -5.128    0.0010      Fe 6                1.37459m    -4.959    0.0015      Blnd                990.000A    -4.170    0.0093
H  1                27.7958m    -4.970    0.0015      Fe 6                3813.54A    -4.242    0.0079      Blnd                1486.00A    -3.147    0.0982
H  1                16.2047m    -5.056    0.0012      Fe 6                3889.40A    -4.040    0.0126      Blnd                1240.00A    -3.782    0.0227
Ca A                303.784A    -1.165    9.4224      Fe 6                1.28877m    -4.519    0.0042      Blnd                6300.00A    -4.245    0.0078
Ca A                256.317A    -1.886    1.7924      Fe 6                3662.50A    -3.995    0.0139      Blnd                2471.00A    -4.531    0.0041
Ca A                243.027A    -2.316    0.6655      Fe 6                3573.86A    -4.875    0.0018      Blnd                7323.00A    -4.699    0.0028
Ca A                237.331A    -2.624    0.3270      Fe 6                3492.10A    -4.621    0.0033      Blnd                7332.00A    -4.780    0.0023
Ca A                234.347A    -2.866    0.1873      Fe 6                3555.60A    -4.312    0.0067      Blnd                833.000A    -4.386    0.0057
Ca A                232.584A    -3.067    0.1181      Fe 6                1.23303m    -4.222    0.0083      Blnd                3727.00A    -2.743    0.2490
Ca A                231.454A    -3.238    0.0797      Fe 6                3740.93A    -5.100    0.0011      Blnd                7325.00A    -4.437    0.0050
Ca A                230.686A    -3.387    0.0565      Fe 6                1.34929m    -4.027    0.0129      Blnd                1666.00A    -2.947    0.1556
Ca A                230.139A    -3.520    0.0416      Fe 6                1.26742m    -4.400    0.0055      Blnd                5007.00A    -0.889   17.7845
Ca A                229.736A    -3.640    0.0315      Fe 6                3905.01A    -5.084    0.0011      Blnd                835.000A    -3.828    0.0205
Ca A                229.431A    -3.750    0.0245      Fe 6                2260.89A    -4.884    0.0018      Blnd                1402.00A    -3.732    0.0255
Ca A                229.194A    -3.851    0.0194      Fe 6                4014.56A    -5.115    0.0011      Blnd                789.000A    -4.136    0.0101
Ca A                229.006A    -3.944    0.0157      Fe 6                3846.94A    -4.888    0.0018      Blnd                1218.00A    -3.788    0.0224
Ca A                228.855A    -4.030    0.0128      Fe 6                2145.08A    -4.780    0.0023      Blnd                1035.00A    -4.046    0.0124

                                                    Emergent line intensities
 Caution: emergent intensities are not reliable on the first iteration.
general properties..............................      Ca 6                641.904A    -4.892    0.0018      S  4                1404.81A    -5.068    0.0012
continua........................................      Cl 6                671.380A    -4.972    0.0015      S  4                1423.84A    -4.995    0.0014
FIR                 83.0000m    -1.262    7.5426      Cr 5                594.921A    -4.603    0.0034      S  4                1416.89A    -4.574    0.0037
TIR                 1800.00m    -4.152    0.0097      Fe 2                25.9813m    -4.221    0.0083      S  4                1406.02A    -4.536    0.0040
NIRa                2.85000m    -0.278   72.5591      Fe 2                5.33871m    -3.702    0.0274      S  4                1073.52A    -4.870    0.0019
NIRb                3.00000m    -0.619   33.1499      Fe 2                1.25668m    -4.966    0.0015      S  4                815.941A    -4.734    0.0025
MIRa                15.0000m    -0.720   26.2716      Fe 2                4287.39A    -4.884    0.0018      S  4                753.760A    -4.439    0.0050
MIRb                22.5000m    -0.649   30.9393      Fe 2                2382.04A    -4.390    0.0056      S  4                750.221A    -4.475    0.0046
NMIR                21.7500m    -0.278   72.5591      Fe 2                35.3391m    -4.881    0.0018      S  4                657.319A    -5.068    0.0012
TFIR                611.250m    -3.419    0.0525      Fe 2                6.71944m    -4.841    0.0020      S  4                661.455A    -4.244    0.0079
TALL                10000.0A     0.231  234.6393      Fe 2                4359.33A    -5.015    0.0013      S  4                554.027A    -4.658    0.0030
F12                 12.0000m    -1.049   12.3129      Fe 2                2625.67A    -4.045    0.0124      S  6                944.523A    -4.621    0.0033
F25                 25.0000m    -1.376    5.7898      Fe 2                2611.87A    -4.684    0.0029      S  6                933.378A    -4.519    0.0042
F60                 60.0000m    -1.611    3.3748      Fe 2                2395.63A    -4.759    0.0024      Si 6                1.96247m    -3.356    0.0606
F100                100.000m    -1.525    4.1158      Fe 2                2631.32A    -4.910    0.0017      Si 6                249.124A    -4.638    0.0032
MIPS                24.0000m    -1.417    5.2716      Fe 2                2380.76A    -4.705    0.0027      level 1 lines...................................
MIPS                70.0000m    -3.342    0.0627      Fe 2                17.9311m    -4.681    0.0029      recombination...................................
MIPS                160.000m    -3.813    0.0212      Fe 2                1.64355m    -3.788    0.0224      level2 lines....................................
IRAC                3.60000m    -1.505    4.3070      Fe 2                1.53348m    -4.899    0.0017      C  2                596.559A    -5.023    0.0013
IRAC                4.50000m    -1.480    4.5632      Fe 2                5158.79A    -4.640    0.0032      C  2                561.959A    -5.080    0.0011
IRAC                5.80000m    -1.447    4.9262      Fe 2                4243.97A    -4.945    0.0016      C  2                530.721A    -5.111    0.0011
IRAC                8.00000m    -1.286    7.1345      Fe 2                2493.30A    -4.476    0.0046      C  2                544.909A    -5.136    0.0010
SPR1                250.000m    -4.375    0.0058      Fe 2                1.80940m    -4.389    0.0056      C  3                271.090A    -4.644    0.0031
SPR2                350.000m    -4.492    0.0044      Fe 2                9051.95A    -4.989    0.0014      C  3                268.600A    -4.663    0.0030
SPR3                500.000m    -4.549    0.0039      Fe 2                5261.63A    -5.020    0.0013      C  3                266.880A    -4.684    0.0029
PAC1                70.0000m    -3.319    0.0661      Fe 3                22.9190m    -3.873    0.0184      C  3                288.500A    -4.693    0.0028
PAC2                100.000m    -1.524    4.1183      Fe 3                4985.87A    -3.593    0.0352      C  4                223.140A    -4.627    0.0032
PAC3                160.000m    -3.709    0.0269      Fe 3                4881.00A    -4.502    0.0043      C  4                212.750A    -4.766    0.0024
PAH                 3.30000m    -2.371    0.5857      Fe 3                4658.05A    -3.909    0.0170      C  4                206.950A    -4.858    0.0019
PAHC                3.23000m    -2.522    0.4145      Fe 3                4008.35A    -5.094    0.0011      C  4                203.370A    -4.940    0.0016
PAHC                3.37000m    -2.683    0.2858      Fe 3                3322.54A    -4.580    0.0036      C  4                200.980A    -5.003    0.0014
PAH                 6.20000m    -1.950    1.5444      Fe 3                3239.74A    -4.748    0.0025      C  4                199.320A    -5.069    0.0012
PAHC                5.65000m    -1.861    1.8984      Fe 3                2438.29A    -4.991    0.0014      N  1                942.258A    -4.920    0.0017
PAH                 7.90000m    -1.705    2.7141      Fe 3                33.0270m    -4.416    0.0053      N  3                293.510A    -4.645    0.0031
PAHC                6.90000m    -1.701    2.7444      Fe 3                5270.40A    -4.081    0.0114      N  3                283.090A    -4.680    0.0029
PAH                 11.3000m    -2.497    0.4381      Fe 3                4754.69A    -4.635    0.0032      N  3                264.550A    -4.693    0.0028
PAHC                10.9000m    -2.433    0.5084      Fe 3                4701.54A    -4.455    0.0048      N  3                277.180A    -4.707    0.0027
PAH                 11.8000m    -2.311    0.6726      Fe 3                3371.41A    -4.713    0.0027      N  3                312.110A    -4.712    0.0027
PAHC                12.6500m    -2.441    0.4986      Fe 3                2464.51A    -5.133    0.0010      N  3                273.490A    -4.735    0.0025
PAH                 13.3000m    -2.413    0.5319      Fe 3                51.6655m    -5.038    0.0013      N  3                267.450A    -4.753    0.0024
PAHC                14.1000m    -2.154    0.9666      Fe 3                5011.26A    -4.751    0.0024      N  3                248.910A    -4.803    0.0022
Bcon                3640.00A    -0.193   88.3000      Fe 3                4769.43A    -4.922    0.0016      N  3                271.020A    -4.760    0.0024
Pcon                5000.00A    -0.486   44.9659      Fe 3                4733.91A    -4.940    0.0016      N  3                305.650A    -4.774    0.0023
O3bn                5007.00A    -0.998   13.8521      Fe 3                3406.18A    -5.077    0.0012      N  3                269.290A    -4.780    0.0023
SX                  25.0000A    -2.273    0.7351      Fe 3                5411.98A    -5.138    0.0010      N  3                300.710A    -4.793    0.0022
HX                  4.70000A    -1.467    4.7018      Fe 3                2.21782m    -5.046    0.0012      N  3                238.620A    -4.923    0.0016
ROSA                12.3980A    -1.951    1.5414      Fe 7                9.50763m    -2.709    0.2695      N  3                234.300A    -4.949    0.0015
RRC.............................................      Fe 7                5720.71A    -3.427    0.0516      N  3                286.900A    -4.886    0.0018
grains..........................................      Fe 7                4988.55A    -3.633    0.0321      N  3                231.470A    -5.048    0.0012
H-like iso-sequence.............................      Fe 7                4893.37A    -3.903    0.0172      N  3                279.440A    -4.944    0.0016
H  1                1215.67A    -0.771   23.3398      Fe 7                4698.24A    -4.894    0.0018      N  3                229.580A    -5.083    0.0011
H  1                1025.72A    -3.923    0.0164      Fe 7                7.81037m    -3.243    0.0788      N  3                274.950A    -4.995    0.0014
H  1                972.537A    -4.017    0.0133      Fe 7                6086.97A    -3.252    0.0771      N  3                272.030A    -5.031    0.0013
H  1                949.743A    -4.074    0.0116      Fe 7                5158.89A    -3.770    0.0234      N  3                270.020A    -5.056    0.0012
H  1                937.803A    -4.117    0.0105      Fe 7                4942.48A    -4.291    0.0070      N  4                197.610A    -4.728    0.0026
H  1                930.748A    -4.156    0.0096      Fe 7                3586.32A    -3.813    0.0212      N  4                182.190A    -4.875    0.0018
H  1                926.226A    -4.196    0.0088      Fe 7                5276.38A    -4.457    0.0048      N  4                175.020A    -4.977    0.0015
H  1                923.150A    -4.230    0.0081      Fe 7                3758.92A    -3.660    0.0302      N  4                170.460A    -5.070    0.0012
H  1                920.963A    -4.256    0.0076      Fe 7                3.38363m    -4.647    0.0031      N  4                168.090A    -5.081    0.0011
H  1                919.351A    -4.352    0.0061      Fe 7                2.62872m    -4.612    0.0034      N  4                192.880A    -5.095    0.0011
H  1                918.129A    -4.367    0.0059      Fe 7                247.630A    -5.026    0.0013      N  4                211.600A    -5.082    0.0011
H  1                917.181A    -4.379    0.0058      K  3                4.61683m    -4.594    0.0035      N  5                147.670A    -5.102    0.0011
H  1                916.429A    -4.388    0.0056      K  4                5.98030m    -4.105    0.0108      O  1                976.791A    -4.893    0.0018
H  1                915.824A    -4.396    0.0055      Mg 1                2852.13A    -4.872    0.0019      O  1                969.049A    -4.809    0.0021
H  1                915.329A    -4.403    0.0054      Mg 3                231.734A    -4.647    0.0031      O  1                946.387A    -4.856    0.0019
H  1                914.919A    -4.408    0.0054      Mg 3                234.264A    -4.892    0.0018      O  1                934.501A    -4.894    0.0018
H  1                914.576A    -4.412    0.0053      Mg 7                9.03096m    -4.479    0.0046      O  1                973.577A    -4.910    0.0017
H  1                914.286A    -4.414    0.0053      Mg 7                5.50208m    -4.568    0.0037      O  1                927.472A    -4.929    0.0016
H  1                914.039A    -4.414    0.0053      N  1                1134.17A    -5.022    0.0013      O  1                948.506A    -4.971    0.0015
H  1                913.826A    -4.408    0.0054      N  1                1134.41A    -4.948    0.0016      O  1                922.969A    -4.969    0.0015
H  1                6562.80A    -1.696    2.7755      N  1                1134.98A    -4.913    0.0017      O  1                919.912A    -5.007    0.0014
H  1                4861.32A    -2.139    1.0000      N  1                1199.55A    -4.626    0.0033      O  1                935.672A    -5.037    0.0013
H  1                4340.46A    -2.464    0.4728      N  1                1200.22A    -4.663    0.0030      O  1                917.726A    -5.049    0.0012
H  1                4101.73A    -2.720    0.2622      N  1                1200.71A    -4.783    0.0023      O  1                918.704A    -5.083    0.0011
H  1                3970.07A    -2.931    0.1615      N  4                1486.50A    -3.530    0.0406      O  1                928.186A    -5.106    0.0011
H  1                3889.05A    -3.110    0.1068      N  4                1483.32A    -3.379    0.0576      O  1                917.473A    -5.129    0.0010
H  1                3835.38A    -3.267    0.0746      N  4                765.147A    -4.351    0.0061      O  2                425.190A    -4.784    0.0023
H  1                3797.90A    -3.405    0.0542      N  4                247.205A    -4.739    0.0025      O  2                388.410A    -4.826    0.0021
H  1                3770.63A    -3.412    0.0534      N  4                1718.55A    -5.032    0.0013      O  2                373.600A    -4.876    0.0018
H  1                3750.15A    -3.516    0.0420      N  4                463.736A    -4.566    0.0037      O  2                361.821A    -4.890    0.0018
H  1                3734.37A    -3.612    0.0336      N  5                209.274A    -4.661    0.0030      O  2                366.060A    -4.907    0.0017
H  1                3721.94A    -3.701    0.0274      N  5                209.308A    -4.711    0.0027      O  2                360.570A    -4.992    0.0014
H  1                3711.97A    -3.782    0.0227      N  5                1238.82A    -3.989    0.0141      O  2                414.619A    -5.115    0.0011
H  1                3703.85A    -3.858    0.0191      N  5                1242.80A    -4.204    0.0086      O  2                358.780A    -5.136    0.0010
H  1                3697.15A    -3.928    0.0162      Na 6                14.3924m    -4.789    0.0022      O  3                305.400A    -3.659    0.0302
H  1                3691.55A    -3.993    0.0140      Na 6                8.60825m    -5.013    0.0013      O  3                268.070A    -4.158    0.0096
H  1                3686.83A    -4.052    0.0122      Ne 2                12.8101m    -4.772    0.0023      O  3                263.850A    -4.199    0.0087
H  1                3682.81A    -4.104    0.0108      Ne 3                15.5509m    -2.231    0.8083      O  3                373.640A    -4.277    0.0073
H  1                3679.35A    -4.149    0.0098      Ne 3                3868.76A    -2.332    0.6407      O  3                265.020A    -4.239    0.0079
H  1                1.87510m    -2.657    0.3033      Ne 3                489.500A    -5.083    0.0011      O  3                248.730A    -4.454    0.0048
H  1                1.28181m    -2.948    0.1551      Ne 3                36.0036m    -3.271    0.0738      O  3                241.200A    -4.564    0.0038
H  1                1.09381m    -3.197    0.0876      Ne 3                3967.47A    -2.850    0.1945      O  3                248.620A    -4.604    0.0034
H  1                1.00494m    -3.405    0.0543      Ne 3                1814.56A    -4.626    0.0033      O  3                236.890A    -4.623    0.0033
H  1                9545.97A    -3.583    0.0360      Ne 3                491.045A    -4.174    0.0092      O  3                234.190A    -4.650    0.0031
H  1                9229.02A    -3.739    0.0251      Ne 3                489.645A    -4.708    0.0027      O  3                276.900A    -4.568    0.0037
H  1                9014.91A    -3.877    0.0183      Ne 3                313.688A    -4.511    0.0042      O  3                241.140A    -4.648    0.0031
H  1                8862.79A    -3.927    0.0163      Ne 3                490.311A    -4.606    0.0034      O  3                280.450A    -4.633    0.0032
H  1                8750.48A    -4.031    0.0128      Ne 3                313.961A    -4.989    0.0014      O  3                263.230A    -4.631    0.0032
H  1                8665.02A    -4.127    0.0103      Ne 3                3342.18A    -5.108    0.0011      O  3                232.380A    -4.663    0.0030
H  1                8598.40A    -4.215    0.0084      Ne 5                24.3108m    -2.154    0.9667      O  3                236.860A    -4.673    0.0029
H  1                8545.39A    -4.297    0.0070      Ne 5                14.3178m    -2.334    0.6389      O  3                231.110A    -4.676    0.0029
H  1                8502.49A    -4.372    0.0058      Ne 5                3345.82A    -3.395    0.0555      O  3                255.390A    -4.680    0.0029
H  1                8467.26A    -4.442    0.0050      Ne 5                569.756A    -4.593    0.0035      O  3                232.350A    -4.687    0.0028
H  1                8437.96A    -4.507    0.0043      Ne 5                481.366A    -4.883    0.0018      O  3                234.180A    -4.695    0.0028
H  1                8413.32A    -4.566    0.0037      Ne 5                358.474A    -4.714    0.0027      O  3                230.150A    -4.877    0.0018
H  1                8392.40A    -4.618    0.0033      Ne 5                3425.88A    -2.963    0.1501      O  3                231.100A    -4.718    0.0026
H  1                8374.48A    -4.663    0.0030      Ne 5                482.990A    -4.580    0.0036      O  3                244.650A    -4.720    0.0026
H  1                4.05115m    -3.310    0.0675      Ne 5                359.374A    -4.327    0.0065      O  3                238.930A    -4.746    0.0025
H  1                2.62515m    -3.527    0.0410      O  1                1304.86A    -4.771    0.0023      O  3                233.340A    -4.753    0.0024
H  1                2.16553m    -3.728    0.0258      O  1                6300.30A    -4.365    0.0059      O  3                235.520A    -4.765    0.0024
H  1                1.94456m    -3.904    0.0172      O  1                6363.78A    -4.861    0.0019      O  3                232.490A    -4.816    0.0021
H  1                1.81741m    -4.059    0.0120      O  1                63.1679m    -4.873    0.0018      O  3                235.000A    -4.834    0.0020
H  1                1.73621m    -4.198    0.0087      O  2                539.086A    -5.012    0.0013      O  4                239.130A    -3.766    0.0236
H  1                1.68065m    -4.296    0.0070      O  2                539.547A    -5.057    0.0012      O  4                207.610A    -4.560    0.0038
H  1                1.64072m    -4.400    0.0055      O  2                832.758A    -5.137    0.0010      O  4                196.560A    -4.617    0.0033
H  1                1.61093m    -4.495    0.0044      O  2                833.330A    -5.064    0.0012      O  4                214.760A    -4.561    0.0038
H  1                1.58805m    -4.583    0.0036      O  2                834.465A    -5.036    0.0013      O  4                181.780A    -4.747    0.0025
H  1                1.57007m    -4.665    0.0030      O  2                2470.34A    -4.634    0.0032      O  4                280.550A    -4.397    0.0055
H  1                1.55565m    -4.740    0.0025      O  2                7319.99A    -4.827    0.0020      O  4                174.710A    -4.805    0.0022
H  1                1.54389m    -4.810    0.0021      O  2                7329.67A    -5.067    0.0012      O  4                203.010A    -4.685    0.0028
H  1                1.53418m    -4.874    0.0018      O  2                7330.73A    -5.096    0.0011      O  4                174.310A    -4.828    0.0020
H  1                1.52605m    -4.933    0.0016      O  2                3728.81A    -2.967    0.1487      O  4                182.700A    -4.806    0.0022
H  1                1.51919m    -4.985    0.0014      O  2                3726.03A    -3.138    0.1003      O  4                181.770A    -4.812    0.0021
H  1                1.51332m    -5.030    0.0013      O  3                88.3323m    -1.526    4.1026      O  4                170.710A    -4.884    0.0018
H  1                7.45782m    -3.829    0.0204      O  3                4931.23A    -4.888    0.0018      O  4                159.680A    -4.954    0.0015
H  1                4.65251m    -3.996    0.0139      O  3                51.8004m    -1.667    2.9670      O  4                168.240A    -4.915    0.0017
H  1                3.73954m    -4.163    0.0095      O  3                4958.91A    -1.479    4.5711      O  4                152.360A    -5.010    0.0013
H  1                3.29609m    -4.316    0.0067      O  3                2320.95A    -3.688    0.0282      O  4                180.320A    -4.877    0.0018
H  1                3.03837m    -4.452    0.0049      O  3                1660.81A    -3.498    0.0437      O  4                186.020A    -4.872    0.0019
H  1                2.87221m    -4.585    0.0036      O  3                833.715A    -4.591    0.0035      O  4                166.570A    -4.968    0.0015
H  1                2.75752m    -4.688    0.0028      O  3                702.838A    -4.897    0.0017      O  4                165.420A    -4.986    0.0014
H  1                2.67440m    -4.783    0.0023      O  3                702.896A    -5.017    0.0013      O  4                150.140A    -5.114    0.0011
H  1                2.61194m    -4.871    0.0019      O  3                507.680A    -4.655    0.0030      O  4                153.570A    -5.114    0.0011
H  1                2.56363m    -4.952    0.0015      O  3                5006.84A    -1.018   13.2116      O  4                169.860A    -5.023    0.0013
H  1                2.52540m    -5.027    0.0013      O  3                1666.15A    -3.090    0.1119      O  4                168.250A    -5.043    0.0012
H  1                2.49458m    -5.096    0.0011      O  3                835.059A    -4.508    0.0043      O  4                206.560A    -4.905    0.0017
H  1                12.3685m    -4.265    0.0075      O  3                835.092A    -4.719    0.0026      O  4                166.640A    -5.072    0.0012
H  1                7.50045m    -4.396    0.0055      O  3                835.289A    -4.998    0.0014      O  5                135.810A    -4.981    0.0014
H  1                5.90660m    -4.538    0.0040      O  3                703.851A    -4.306    0.0068      O  5                139.140A    -4.974    0.0015
H  1                5.12726m    -4.671    0.0029      O  3                703.854A    -4.768    0.0024      O  5                124.910A    -5.081    0.0011
H  1                4.67124m    -4.824    0.0021      O  3                508.178A    -3.635    0.0320      F  3                253.730A    -5.066    0.0012
H  1                4.37526m    -4.926    0.0016      O  3                4363.21A    -3.062    0.1195      Ne 2                444.150A    -5.075    0.0012
H  1                4.16966m    -5.020    0.0013      O  5                1218.34A    -4.176    0.0092      Ne 2                356.870A    -5.016    0.0013
H  1                4.01977m    -5.107    0.0011      O  5                1213.81A    -4.017    0.0133      Ne 2                404.130A    -5.124    0.0010
H  1                19.0567m    -4.640    0.0032      O  5                629.732A    -4.052    0.0122      Ne 3                250.920A    -4.477    0.0046
H  1                11.3056m    -4.746    0.0025      O  5                172.169A    -4.966    0.0015      Ne 3                227.420A    -4.744    0.0025
H  1                8.75768m    -4.867    0.0019      O  5                286.448A    -4.706    0.0027      Ne 3                218.360A    -5.073    0.0012
H  1                7.50606m    -5.028    0.0013      P  2                1.18828m    -5.011    0.0013      Ne 3                223.310A    -4.990    0.0014
H  1                6.77015m    -5.128    0.0010      P  3                17.8797m    -4.838    0.0020      Ne 3                228.870A    -4.640    0.0032
H  1                27.7958m    -4.970    0.0015      P  4                950.657A    -4.815    0.0021      Ne 3                281.580A    -4.607    0.0034
H  1                16.2047m    -5.056    0.0012      P  4                1035.52A    -5.121    0.0010      Ne 3                227.190A    -4.831    0.0020
He 2                303.784A    -1.197    8.7505      S  2                6730.82A    -3.583    0.0359      Ne 3                265.510A    -4.657    0.0030
He 2                256.317A    -4.150    0.0098      S  2                6716.44A    -3.429    0.0514      Ne 3                238.070A    -4.770    0.0023
He 2                243.027A    -4.265    0.0075      S  2                4076.35A    -5.044    0.0012      Ne 4                171.550A    -4.651    0.0031
He 2                237.331A    -4.324    0.0065      S  2                4068.60A    -4.552    0.0039      Ne 4                148.550A    -4.931    0.0016
He 2                234.347A    -4.360    0.0060      S  2                1.03205m    -5.045    0.0012      Ne 4                207.180A    -4.737    0.0025
He 2                232.584A    -4.388    0.0056      S  2                1259.52A    -5.038    0.0013      Ne 4                139.980A    -5.082    0.0011
He 2                231.454A    -4.407    0.0054      S  2                1253.81A    -5.075    0.0012      Ne 4                159.100A    -4.974    0.0015
He 2                230.686A    -4.433    0.0051      S  3                33.4704m    -2.788    0.2242      Ne 4                135.720A    -5.133    0.0010
He 2                230.139A    -4.452    0.0049      S  3                18.7078m    -3.013    0.1336      Ne 4                157.090A    -5.061    0.0012
He 2                229.736A    -4.460    0.0048      S  3                9068.62A    -3.041    0.1254      Ne 5                143.350A    -4.676    0.0029
He 2                229.431A    -4.472    0.0046      S  3                9530.62A    -2.641    0.3150      Ne 5                142.640A    -4.864    0.0019
He 2                229.194A    -4.486    0.0045      S  3                3721.63A    -4.336    0.0064      Ne 5                119.100A    -5.097    0.0011
He 2                229.006A    -4.499    0.0044      S  3                6312.06A    -4.062    0.0119      Ne 5                132.560A    -5.071    0.0012
He 2                228.855A    -4.511    0.0042      S  3                1713.11A    -5.115    0.0011      Ne 5                167.820A    -4.880    0.0018
He 2                228.731A    -4.523    0.0041      S  3                1728.94A    -4.664    0.0030      Ne 6                122.920A    -5.035    0.0013
He 2                228.629A    -4.532    0.0040      S  3                1194.45A    -4.986    0.0014      Mg 4                147.190A    -5.016    0.0013
He 2                228.543A    -4.540    0.0040      S  3                1021.11A    -5.071    0.0012      Mg 4                140.710A    -5.131    0.0010
He 2                228.471A    -4.546    0.0039      S  5                786.468A    -4.574    0.0037      Mg 5                114.050A    -5.070    0.0012
He 2                228.409A    -4.548    0.0039      Si 2                34.8046m    -3.229    0.0813      Mg 5                121.620A    -5.106    0.0011
He 2                228.356A    -4.545    0.0039      Si 2                2334.41A    -4.726    0.0026      Mg 6                95.1402A    -5.125    0.0010
He 2                1640.41A    -2.050    1.2288      Si 2                1808.01A    -4.489    0.0045      Si 2                1179.59A    -4.307    0.0068
He 2                1215.13A    -2.520    0.4161      Si 2                2350.17A    -4.598    0.0035      Si 2                993.354A    -4.824    0.0021
He 2                1084.94A    -2.857    0.1916      Si 2                2344.20A    -4.196    0.0088      Si 2                1024.03A    -4.978    0.0014
He 2                1025.27A    -3.116    0.1054      Si 2                2334.60A    -4.297    0.0069      Si 4                329.800A    -4.911    0.0017
He 2                992.358A    -3.327    0.0649      Si 2                1817.45A    -4.660    0.0030      Si 4                312.700A    -4.962    0.0015
He 2                972.106A    -3.505    0.0431      Si 2                1816.93A    -4.200    0.0087      Si 4                302.870A    -5.024    0.0013
He 2                958.693A    -3.658    0.0303      Si 2                1533.43A    -4.389    0.0056      Si 4                296.640A    -5.052    0.0012
He 2                949.323A    -3.792    0.0222      Si 2                1309.28A    -4.609    0.0034      Si 4                292.430A    -5.091    0.0011
He 2                942.507A    -3.671    0.0294      Si 2                1265.00A    -4.275    0.0073      Si 5                95.5502A    -5.068    0.0012
He 2                937.389A    -3.766    0.0236      Si 2                1264.74A    -4.890    0.0018      S  3                667.049A    -4.585    0.0036
He 2                933.444A    -3.854    0.0193      Si 2                1197.39A    -4.409    0.0054      S  3                691.219A    -4.727    0.0026
He 2                930.337A    -3.935    0.0160      Si 2                1194.50A    -4.456    0.0048      S  3                704.220A    -4.802    0.0022
He 2                927.846A    -4.009    0.0135      Si 3                1892.03A    -3.359    0.0602      S  3                671.510A    -5.089    0.0011
He 2                925.816A    -4.079    0.0115      Si 3                1882.71A    -3.182    0.0906      S  3                482.139A    -4.982    0.0014
He 2                924.142A    -4.143    0.0099      Si 3                1206.50A    -3.856    0.0192      S  3                474.260A    -5.058    0.0012
He 2                922.743A    -4.201    0.0087      Si 4                1393.75A    -3.294    0.0700      S  3                480.121A    -5.102    0.0011
He 2                921.562A    -4.255    0.0077      Si 4                1402.77A    -3.549    0.0389      S  4                330.110A    -4.856    0.0019
He 2                920.556A    -4.303    0.0069      Si 7                278.443A    -5.078    0.0012      S  4                370.000A    -4.863    0.0019
He 2                919.693A    -4.342    0.0063      Si 7                2.48071m    -4.082    0.0114      S  4                341.260A    -4.874    0.0018
He 2                4685.68A    -2.942    0.1574      Ti 5                252.959A    -4.562    0.0038      S  4                295.300A    -4.917    0.0017
He 2                3203.08A    -3.262    0.0753      Ti 6                1.71509m    -4.818    0.0021      S  4                321.910A    -4.903    0.0017
He 2                2733.28A    -3.525    0.0411      Al 2                2669.15A    -4.498    0.0044      S  4                274.000A    -4.924    0.0016
He 2                2511.19A    -3.740    0.0251      Al 2                2660.35A    -4.323    0.0066      S  4                306.380A    -4.955    0.0015
He 2                2385.39A    -3.922    0.0165      Al 2                1670.79A    -4.404    0.0054      S  4                301.570A    -5.000    0.0014
He 2                2306.18A    -4.078    0.0115      Al 5                2.90450m    -4.171    0.0093      S  4                293.560A    -5.014    0.0013
He 2                2252.67A    -4.216    0.0084      Al 5                281.394A    -4.905    0.0017      S  4                238.330A    -5.099    0.0011
He 2                2214.65A    -4.186    0.0090      Ar 7                585.748A    -5.093    0.0011      S  4                291.080A    -5.051    0.0012
He 2                2186.59A    -4.281    0.0072      C  4                1550.77A    -2.538    0.3989      S  4                255.380A    -5.119    0.0010
He 2                2165.23A    -4.369    0.0059      C  4                1548.19A    -2.247    0.7795      S  4                332.160A    -5.068    0.0012
He 2                2148.58A    -4.449    0.0049      C  4                419.525A    -4.597    0.0035      S  5                285.830A    -4.761    0.0024
He 2                2135.34A    -4.524    0.0041      C  4                419.714A    -4.298    0.0069      S  5                222.770A    -5.085    0.0011
He 2                2124.61A    -4.593    0.0035      C  4                312.451A    -4.523    0.0041      S  5                235.180A    -5.008    0.0014
He 2                2115.81A    -4.656    0.0030      C  4                312.420A    -4.514    0.0042      S  5                261.970A    -5.139    0.0010
He 2                2108.49A    -4.715    0.0027      C  4                244.911A    -4.892    0.0018      Ar 3                458.140A    -4.528    0.0041
He 2                2102.33A    -4.769    0.0023      C  4                244.903A    -4.879    0.0018      Ar 3                464.671A    -4.660    0.0030
He 2                2097.10A    -4.816    0.0021      Ca 2                7291.47A    -5.013    0.0013      Ar 3                451.091A    -4.883    0.0018
He 2                2092.63A    -4.856    0.0019      Ca 5                4.15739m    -3.502    0.0434      Ar 3                472.659A    -4.860    0.0019
He 2                1.01235m    -3.560    0.0379      Ca 5                11.4792m    -4.641    0.0031      Ar 3                488.909A    -4.994    0.0014
He 2                6560.01A    -3.796    0.0220      Ca 5                5309.11A    -3.790    0.0223      Ar 3                388.490A    -4.985    0.0014
He 2                5411.45A    -4.010    0.0135      Ca 5                6086.37A    -4.502    0.0043      Ar 3                527.451A    -5.032    0.0013
He 2                4859.26A    -4.194    0.0088      Cl 3                5537.87A    -4.509    0.0043      Ar 3                360.940A    -5.054    0.0012
He 2                4541.54A    -4.353    0.0061      Cl 3                5517.71A    -4.358    0.0060      Ar 3                345.990A    -5.051    0.0012
He 2                4338.62A    -4.494    0.0044      Cl 4                20.3197m    -3.442    0.0498      Ar 3                365.099A    -5.085    0.0011
He 2                4199.78A    -4.556    0.0038      Cl 4                11.7629m    -3.534    0.0403      Ar 4                444.680A    -4.172    0.0093
He 2                4099.99A    -4.650    0.0031      Cl 4                7530.54A    -4.016    0.0133      Ar 4                392.000A    -4.853    0.0019
He 2                4025.55A    -4.737    0.0025      Cl 4                8045.62A    -3.653    0.0306      Ar 4                278.290A    -4.943    0.0016
He 2                3968.39A    -4.817    0.0021      Cl 4                3118.66A    -5.023    0.0013      Ar 4                247.340A    -5.054    0.0012
He 2                3923.44A    -4.892    0.0018      Cr 7                202.825A    -4.861    0.0019      Ar 4                233.650A    -5.137    0.0010
He 2                3887.40A    -4.960    0.0015      Fe 4                3095.77A    -4.460    0.0048      Ar 4                260.300A    -5.106    0.0011
He 2                3858.03A    -5.024    0.0013      Fe 4                3094.96A    -2.526    0.4101      Ar 4                291.540A    -5.122    0.0010
He 2                3833.76A    -5.083    0.0011      Fe 4                3094.53A    -4.114    0.0106      Ar 5                441.850A    -4.472    0.0046
He 2                3813.45A    -5.136    0.0010      Fe 4                2835.74A    -2.630    0.3229      Ar 5                455.901A    -4.634    0.0032
He 2                1.86365m    -4.064    0.0119      Fe 4                2829.36A    -2.954    0.1532      Ar 5                337.380A    -4.863    0.0019
He 2                1.16262m    -4.240    0.0079      Fe 4                2823.50A    -3.199    0.0870      Ar 5                231.610A    -5.086    0.0011
He 2                9344.80A    -4.417    0.0053      Fe 4                2577.92A    -4.494    0.0044      Ar 6                292.390A    -5.057    0.0012
He 2                8236.67A    -4.575    0.0037      Fe 4                2.83562m    -4.016    0.0133      Ca 3                351.260A    -4.383    0.0057
He 2                7592.65A    -4.715    0.0027      Fe 4                2.80554m    -4.600    0.0035      Ca 3                298.430A    -4.771    0.0023
He 2                7177.41A    -4.844    0.0020      Fe 4                2.86447m    -4.396    0.0055      Ca 3                277.760A    -4.959    0.0015
He 2                6890.80A    -4.938    0.0016      Fe 4                2567.61A    -3.610    0.0338      Ca 3                267.540A    -5.047    0.0012
He 2                6683.11A    -5.025    0.0013      Fe 4                2.71569m    -4.726    0.0026      Ca 3                308.360A    -5.090    0.0011
He 2                6527.01A    -5.105    0.0011      Fe 4                2567.40A    -4.375    0.0058      Ca 3                261.770A    -5.133    0.0010
He 2                3.09080m    -4.492    0.0044      Fe 4                2.77325m    -4.947    0.0016      Ca 4                303.870A    -4.218    0.0083
He 2                1.87431m    -4.627    0.0033      Fe 4                6739.82A    -4.121    0.0104      Ca 4                310.370A    -4.428    0.0051
He 2                1.47602m    -4.773    0.0023      Fe 4                6761.38A    -4.622    0.0033      Ca 4                307.850A    -4.364    0.0060
He 2                1.28127m    -4.910    0.0017      Fe 4                6734.42A    -4.300    0.0069      Ca 4                323.400A    -4.419    0.0052
He 2                1.16730m    -5.083    0.0011      Fe 4                6997.10A    -4.981    0.0014      Ca 4                319.070A    -4.300    0.0069
He 2                4.76213m    -4.866    0.0019      Fe 4                5233.76A    -4.737    0.0025      Ca 4                243.380A    -4.950    0.0015
He 2                2.82519m    -4.970    0.0015      Fe 4                4906.56A    -4.312    0.0067      Ca 4                237.560A    -4.954    0.0015
He 2                2.18848m    -5.092    0.0011      Fe 4                4917.97A    -4.820    0.0021      Ca 4                234.960A    -4.983    0.0014
He-like iso-sequence............................      Fe 4                7222.76A    -4.795    0.0022      Ca 4                342.770A    -4.996    0.0014
He 1                584.334A    -3.217    0.0836      Fe 4                4899.97A    -4.713    0.0027      Ca 4                244.300A    -5.097    0.0011
He 1                537.030A    -4.179    0.0091      Fe 4                4903.07A    -4.693    0.0028      Ca 4                410.199A    -5.131    0.0010
He 1                522.213A    -4.320    0.0066      Fe 4                7183.99A    -5.042    0.0013      Ca 5                314.530A    -4.261    0.0075
He 1                515.617A    -4.401    0.0055      Fe 4                4868.16A    -4.878    0.0018      Ca 5                325.410A    -4.371    0.0059
He 1                512.099A    -4.465    0.0047      Fe 4                7191.23A    -5.126    0.0010      Ca 5                332.080A    -4.616    0.0033
He 1                625.563A    -1.821    2.0815      Fe 4                4867.95A    -4.959    0.0015      Ca 5                263.570A    -4.926    0.0016
He 1                510.018A    -4.569    0.0037      Fe 4                4206.59A    -4.972    0.0015      Ca 5                276.240A    -4.924    0.0016
He 1                508.657A    -4.584    0.0036      Fe 4                4208.88A    -5.004    0.0014      Ca 5                660.908A    -5.000    0.0014
He 1                507.727A    -4.616    0.0033      Fe 5                70.3538m    -3.534    0.0403      Ca 5                251.650A    -4.984    0.0014
He 1                507.065A    -4.623    0.0033      Fe 5                36.3273m    -3.530    0.0407      Ca 5                368.590A    -5.094    0.0011
He 1                506.576A    -4.636    0.0032      Fe 5                25.9131m    -3.628    0.0324      Ca 6                330.390A    -4.544    0.0039
He 1                506.204A    -4.656    0.0030      Fe 5                20.8407m    -3.882    0.0181      Ca 6                227.310A    -5.048    0.0012
He 1                505.916A    -4.678    0.0029      Fe 5                4180.59A    -4.299    0.0069      Fe 4                309.190A    -4.434    0.0051
He 1                505.687A    -4.701    0.0027      Fe 5                4143.15A    -4.038    0.0126      Fe 4                532.950A    -4.654    0.0031
He 1                505.502A    -4.725    0.0026      Fe 5                4227.19A    -3.329    0.0646      Fe 4                275.130A    -4.610    0.0034
He 1                505.352A    -4.749    0.0025      Fe 5                4003.21A    -4.999    0.0014      Fe 4                259.600A    -4.784    0.0023
He 1                505.227A    -4.774    0.0023      Fe 5                4071.24A    -4.067    0.0118      Fe 4                251.070A    -4.918    0.0017
He 1                505.122A    -4.799    0.0022      Fe 5                3895.22A    -4.462    0.0048      Fe 4                245.840A    -4.961    0.0015
He 1                505.033A    -4.822    0.0021      Fe 5                3851.34A    -4.683    0.0029      Fe 4                326.120A    -4.940    0.0016
He 1                504.958A    -4.904    0.0017      Fe 5                3794.94A    -4.094    0.0111      Fe 4                242.370A    -4.985    0.0014
He 1                504.893A    -4.906    0.0017      Fe 5                3755.70A    -4.376    0.0058      Fe 4                239.960A    -5.003    0.0014
He 1                504.836A    -4.893    0.0018      Fe 5                3911.33A    -4.952    0.0015      Fe 4                281.200A    -4.991    0.0014
He 1                504.787A    -4.950    0.0015      Fe 5                3839.27A    -4.084    0.0114      Fe 4                262.550A    -5.018    0.0013
He 1                504.744A    -4.913    0.0017      Fe 5                3783.22A    -4.495    0.0044      Fe 4                252.740A    -5.099    0.0011
He 1                504.706A    -4.853    0.0019      Fe 5                3891.28A    -4.328    0.0065      Fe 4                246.880A    -5.130    0.0010
He 1                504.672A    -4.064    0.0119      Fe 5                3819.95A    -4.998    0.0014      Fe 5                236.210A    -4.695    0.0028
He 1                1.08291m    -3.892    0.0176      Fe 5                3445.62A    -4.813    0.0021      Fe 5                236.300A    -4.745    0.0025
He 1                1.08302m    -3.422    0.0521      Fe 5                3463.51A    -4.805    0.0022      Fe 5                391.409A    -4.720    0.0026
He 1                1.08303m    -3.198    0.0873      Fe 5                2828.24A    -4.849    0.0020      Fe 5                227.780A    -4.856    0.0019
Blnd                1.08302m    -2.943    0.1570      Fe 5                2730.21A    -5.074    0.0012      Fe 5                389.529A    -4.862    0.0019
He 1                3888.64A    -3.244    0.0786      Fe 5                2717.82A    -5.079    0.0011      Fe 5                369.760A    -4.828    0.0020
He 1                3187.74A    -3.627    0.0325      Fe 5                2707.36A    -5.027    0.0013      Fe 5                236.880A    -4.868    0.0019
He 1                2945.10A    -3.936    0.0160      Fe 6                19.5527m    -2.820    0.2086      Fe 5                226.680A    -5.117    0.0011
He 1                2829.08A    -4.187    0.0090      Fe 6                14.7670m    -3.041    0.1254      Fe 5                241.720A    -5.023    0.0013
He 1                2760.44A    -4.782    0.0023      Fe 6                12.3074m    -3.304    0.0684      Fe 5                232.230A    -5.054    0.0012
He 1                2721.00A    -4.931    0.0016      Fe 6                5335.18A    -3.413    0.0533      Fe 5                241.470A    -5.057    0.0012
He 1                2694.61A    -5.065    0.0012      Fe 6                5484.84A    -3.667    0.0297      Fe 5                365.850A    -5.102    0.0011
He 1                2.05813m    -4.153    0.0097      Fe 6                5631.07A    -3.569    0.0371      Fe 6                174.510A    -4.696    0.0028
He 1                5015.68A    -3.863    0.0189      Fe 6                5277.81A    -3.921    0.0165      Fe 6                156.820A    -4.744    0.0025
He 1                3964.73A    -4.254    0.0077      Fe 6                5424.22A    -3.590    0.0354      Fe 6                180.240A    -4.836    0.0020
He 1                3613.64A    -4.566    0.0037      Fe 6                5676.95A    -3.528    0.0409      Fe 6                185.150A    -4.843    0.0020
He 1                3447.59A    -4.827    0.0021      Fe 6                5426.64A    -3.858    0.0191      Fe 6                159.280A    -5.010    0.0013
He 1                7065.71A    -4.830    0.0020      Fe 6                5234.28A    -4.391    0.0056      Fe 6                159.700A    -5.065    0.0012
He 1                7065.21A    -4.353    0.0061      Fe 6                5370.29A    -4.467    0.0047      Fe 6                295.530A    -4.643    0.0031
He 1                7065.18A    -4.131    0.0102      Fe 6                5145.75A    -3.208    0.0853      Fe 6                292.810A    -4.709    0.0027
Blnd                7065.25A    -3.876    0.0183      Fe 6                4972.47A    -3.224    0.0822      Fe 6                185.250A    -5.082    0.0011
He 1                5875.98A    -4.179    0.0091      Fe 6                5176.04A    -3.251    0.0773      Fe 6                197.950A    -5.107    0.0011
He 1                5875.64A    -3.702    0.0274      Fe 6                4967.14A    -3.622    0.0329      Fe 6                279.220A    -4.862    0.0019
He 1                5875.61A    -3.480    0.0456      Fe 6                1.37459m    -4.959    0.0015      Fe 6                296.190A    -4.902    0.0017
Blnd                5875.66A    -3.225    0.0821      Fe 6                3813.54A    -4.242    0.0079      Fe 7                152.390A    -4.597    0.0035
He 1                4713.16A    -5.072    0.0012      Fe 6                3889.40A    -4.040    0.0126      Fe 7                163.470A    -4.669    0.0030
He 1                4713.14A    -4.850    0.0019      Fe 6                1.28877m    -4.519    0.0042      Fe 7                148.230A    -4.831    0.0020
Blnd                4713.17A    -4.594    0.0035      Fe 6                3662.50A    -3.995    0.0139      Fe 7                148.660A    -4.892    0.0018
He 1                4471.69A    -4.584    0.0036      Fe 6                3573.86A    -4.875    0.0018      Fe 7                181.600A    -4.895    0.0018
He 1                4471.49A    -4.107    0.0108      Fe 6                3492.10A    -4.621    0.0033      Fe 7                234.000A    -4.705    0.0027
He 1                4471.47A    -3.885    0.0179      Fe 6                3555.60A    -4.312    0.0067      Fe 7                196.310A    -4.994    0.0014
Blnd                4471.50A    -3.630    0.0323      Fe 6                1.23303m    -4.222    0.0083      Fe 7                168.980A    -5.092    0.0011
Blnd                4120.84A    -5.022    0.0013      Fe 6                3740.93A    -5.100    0.0011      Fe 7                226.340A    -4.876    0.0018
He 1                4026.36A    -4.898    0.0017      Fe 6                1.34929m    -4.027    0.0129      P  2                967.202A    -5.082    0.0011
He 1                4026.20A    -4.421    0.0052      Fe 6                1.26742m    -4.400    0.0055      P  2                963.828A    -5.004    0.0014
He 1                4026.19A    -4.199    0.0087      Fe 6                3905.01A    -5.084    0.0011      P  4                388.319A    -5.127    0.0010
Blnd                4026.21A    -3.944    0.0157      Fe 6                2260.89A    -4.884    0.0018      Cl 4                981.258A    -5.045    0.0012
He 1                3819.61A    -4.676    0.0029      Fe 6                4014.56A    -5.115    0.0011      K  5                727.442A    -5.054    0.0012
He 1                3819.60A    -4.454    0.0048      Fe 6                3846.94A    -4.888    0.0018      Ti 6                250.473A    -4.920    0.0017
Blnd                3819.62A    -4.199    0.0087      Fe 6                2145.08A    -4.780    0.0023      Cr 6                226.666A    -4.903    0.0017
He 1                3704.90A    -5.100    0.0011      Fe 8                5.44514m    -3.768    0.0235      Cr 6                201.366A    -4.922    0.0016
He 1                3704.76A    -4.622    0.0033      Fe 8                186.598A    -5.114    0.0011      Ni 2                1751.83A    -5.115    0.0011
He 1                3704.75A    -4.401    0.0055      Fe 8                168.929A    -4.961    0.0015      Ni 2                1744.24A    -5.067    0.0012
Blnd                3704.77A    -4.145    0.0099      Fe 8                168.003A    -5.083    0.0011      Ni 2                1375.73A    -5.077    0.0012
He 1                3634.08A    -4.787    0.0023      Mg 2                2802.71A    -3.211    0.0848      Ni 2                1324.11A    -5.086    0.0011
He 1                3634.07A    -4.565    0.0038      Mg 2                2795.53A    -2.918    0.1664      hyperfine structure.............................
Blnd                3634.09A    -4.309    0.0068      Mg 4                4.48711m    -3.284    0.0716      inner shell.....................................
He 1                3587.16A    -4.931    0.0016      Mg 4                323.307A    -4.453    0.0049      molecules.......................................
He 1                3587.15A    -4.709    0.0027      Mg 4                171.655A    -5.090    0.0011      bands...........................................
Blnd                3587.17A    -4.453    0.0048      Mg 5                5.60700m    -2.836    0.2008      Fe 2b               2500.00A    -3.560    0.0379
He 1                3554.34A    -5.059    0.0012      Mg 5                13.5464m    -3.911    0.0169      Fe 2b               5000.00A    -3.846    0.0196
He 1                3554.33A    -4.838    0.0020      Mg 5                2782.76A    -3.552    0.0386      Fe 2b               7000.00A    -4.811    0.0021
Blnd                3554.35A    -4.582    0.0036      Mg 5                2928.09A    -4.118    0.0105      Fe 2b               10000.0A    -3.525    0.0411
He 1                3530.43A    -4.956    0.0015      Mg 5                353.092A    -5.058    0.0012      Fe 2b               2355.00A    -3.999    0.0138
Blnd                3530.44A    -4.700    0.0027      Mg 5                355.329A    -4.579    0.0036      Fe 2b               2430.00A    -3.575    0.0366
He 1                3512.46A    -5.062    0.0012      Mg 5                353.297A    -5.010    0.0013      Fe 2b               2445.00A    -3.575    0.0366
Blnd                3512.48A    -4.807    0.0021      Mg 5                354.221A    -4.890    0.0018      Fe 2b               2495.00A    -4.475    0.0046
Blnd                3498.62A    -4.905    0.0017      Mg 6                1806.00A    -4.922    0.0016      Fe 2b               2610.00A    -3.879    0.0182
Blnd                3487.70A    -4.996    0.0014      Mg 6                1806.42A    -4.821    0.0021      Fe 2b               2758.00A    -5.053    0.0012
Blnd                3478.95A    -5.080    0.0011      Mg 6                403.307A    -4.672    0.0029      Fe 2b               2780.00A    -5.020    0.0013
He 1                3439.98A    -4.989    0.0014      Mg 6                400.662A    -4.693    0.0028      Fe 2b               4255.00A    -4.273    0.0073
Blnd                3440.00A    -4.733    0.0025      Mg 6                399.281A    -4.734    0.0025      Fe 2b               4558.00A    -5.010    0.0013
He 1                7281.35A    -4.471    0.0047      N  2                205.283m    -4.687    0.0028      Fe 2b               4600.00A    -4.981    0.0014
He 1                6678.15A    -3.775    0.0231      N  2                121.769m    -4.716    0.0026      Fe 2b               4920.00A    -4.638    0.0032
He 1                5047.74A    -5.030    0.0013      N  2                6548.05A    -3.848    0.0195      Fe 2b               5070.00A    -5.081    0.0011
He 1                4921.93A    -4.199    0.0087      N  2                6583.45A    -3.379    0.0576      Fe 2b               5143.00A    -4.568    0.0037
He 1                4387.93A    -4.518    0.0042      N  2                5754.59A    -5.073    0.0012      Fe 2b               5270.00A    -4.275    0.0073
He 1                4143.76A    -4.772    0.0023      N  2                2142.77A    -4.967    0.0015      Fe 2b               5318.00A    -4.583    0.0036
He 1                4009.05A    -4.782    0.0023      N  2                1085.70A    -4.981    0.0014      Fe 2b               7445.00A    -4.834    0.0020
He 1                3926.41A    -4.948    0.0016      N  2                1085.55A    -4.917    0.0017      Fe 2b               8625.00A    -4.509    0.0043
He 1                3871.69A    -5.094    0.0011      N  2                1084.56A    -4.775    0.0023      Fe 2b               1.88900m    -4.243    0.0079
He 1                4.29471m    -5.067    0.0012      N  2                916.710A    -4.605    0.0034      miscellaneous...................................
He 1                1.25275m    -5.054    0.0012      N  2                916.701A    -4.697    0.0028      C 2R                1335.00A    -3.436    0.0505
He 1                1.70025m    -4.780    0.0023      N  2                915.962A    -4.845    0.0020      C 3R                977.000A    -3.019    0.1319
He 1                1.19691m    -4.940    0.0016      N  3                57.3238m    -2.684    0.2849      C 3R                1909.00A    -3.174    0.0922
He 1                1.03113m    -5.139    0.0010      N  3                1748.65A    -4.513    0.0042      C 3R                1175.00A    -3.355    0.0608
He 1                9515.00A    -5.032    0.0013      N  3                1753.99A    -4.493    0.0044      C 4R                1549.00A    -3.759    0.0240
He 1                1.86854m    -4.168    0.0094      N  3                1746.82A    -4.918    0.0017      N 2R                1085.00A    -4.576    0.0037
He 1                1.27849m    -4.496    0.0044      N  3                1752.16A    -4.079    0.0115      N 3R                990.000A    -3.128    0.1026
He 1                1.09130m    -4.761    0.0024      N  3                1749.67A    -4.147    0.0098      N 4R                765.000A    -4.892    0.0018
He 1                1.00275m    -4.962    0.0015      N  3                989.799A    -4.990    0.0014      O 2R                3729.00A    -4.051    0.0123
He 1                9526.01A    -5.135    0.0010      N  3                991.511A    -4.391    0.0056      O 2R                4651.00A    -4.453    0.0049
He 1                1.86972m    -4.645    0.0031      N  3                991.577A    -4.779    0.0023      O 2R                4341.00A    -4.729    0.0026
He 1                1.27905m    -4.974    0.0015      N  3                764.351A    -4.606    0.0034      O 3R                835.000A    -3.441    0.0499
He 1                4.04791m    -4.887    0.0018      N  3                685.515A    -5.103    0.0011      O 4R                789.000A    -2.963    0.1501
C  5                40.2678A    -4.822    0.0021      N  3                686.336A    -4.468    0.0047      O 5R                630.000A    -4.699    0.0028
C  5                41.4719A    -4.055    0.0121      N  3                685.817A    -4.431    0.0051      Blnd                1400.00A    -3.011    0.1344
extra Lyman.....................................      N  3                452.227A    -4.571    0.0037      Blnd                1650.00A    -1.998    1.3844
database lines..................................      Na 3                7.31570m    -4.049    0.0123      Blnd                1304.00A    -4.578    0.0036
Al 3                1862.79A    -4.509    0.0043      Na 3                380.100A    -4.822    0.0021      Blnd                1039.00A    -4.928    0.0016
Al 3                1854.72A    -4.288    0.0071      Na 3                268.625A    -5.071    0.0012      Blnd                2798.00A    -2.739    0.2512
Al 6                312.237A    -5.116    0.0011      Na 3                267.871A    -5.041    0.0013      Blnd                6720.00A    -3.198    0.0873
Al 6                3.65932m    -3.399    0.0549      Na 3                250.517A    -4.970    0.0015      Blnd                4074.00A    -4.431    0.0051
Al 6                9.11329m    -4.457    0.0048      Na 4                9.03096m    -4.431    0.0051      Blnd                1.03300m    -4.540    0.0040
Ar 3                3109.18A    -4.951    0.0015      Na 4                3241.50A    -4.915    0.0017      Blnd                1256.00A    -4.612    0.0034
Ar 3                7135.79A    -3.355    0.0609      Na 4                412.244A    -5.028    0.0013      Blnd                1198.00A    -4.699    0.0028
Ar 3                7751.11A    -3.979    0.0145      Na 5                463.270A    -4.810    0.0021      Blnd                1720.00A    -4.532    0.0040
Ar 3                8.98898m    -3.481    0.0455      Na 5                461.057A    -4.847    0.0020      Blnd                3722.00A    -4.330    0.0064
Ar 3                21.8253m    -4.644    0.0031      Na 5                459.901A    -4.923    0.0016      Blnd                1406.00A    -4.121    0.0104
Ar 4                843.770A    -5.097    0.0011      Ne 4                2421.66A    -3.462    0.0476      Blnd                1199.00A    -5.035    0.0013
Ar 4                850.605A    -5.057    0.0012      Ne 4                2424.28A    -3.288    0.0709      Blnd                2665.00A    -4.100    0.0109
Ar 4                2853.66A    -4.136    0.0101      Ne 4                1601.45A    -4.876    0.0018      Blnd                1860.00A    -4.084    0.0114
Ar 4                2868.22A    -4.480    0.0046      Ne 4                541.126A    -4.609    0.0034      Blnd                4725.00A    -2.959    0.1514
Ar 4                4711.26A    -3.192    0.0886      Ne 4                542.076A    -4.582    0.0036      Blnd                2860.00A    -3.974    0.0146
Ar 4                4740.12A    -3.341    0.0628      Ne 4                543.886A    -4.563    0.0038      Blnd                7250.00A    -4.542    0.0040
Ar 4                7170.70A    -4.984    0.0014      Ne 4                208.903A    -4.888    0.0018      Blnd                2335.00A    -3.789    0.0224
Ar 4                7237.77A    -5.120    0.0010      Ne 4                208.737A    -4.813    0.0021      Blnd                1888.00A    -2.961    0.1508
Ar 4                7263.33A    -5.040    0.0013      Ne 6                7.65019m    -2.888    0.1781      Blnd                1397.00A    -3.102    0.1089
Ar 5                827.366A    -4.921    0.0017      Ne 6                558.603A    -4.942    0.0016      Blnd                2424.00A    -3.065    0.1185
Ar 5                6435.12A    -4.273    0.0074      Ne 6                562.711A    -4.976    0.0015      Blnd                5525.00A    -4.126    0.0103
Ar 5                7005.83A    -3.941    0.0158      Ne 6                435.646A    -4.736    0.0025      Blnd                7306.00A    -4.793    0.0022
Ar 5                7.89971m    -3.396    0.0554      Ne 6                401.146A    -5.138    0.0010      Blnd                3933.00A    -4.902    0.0017
Ar 5                13.0985m    -3.167    0.0937      Ne 6                403.260A    -4.679    0.0029      Blnd                2326.00A    -3.676    0.0291
Ar 6                4.52800m    -3.468    0.0468      Ne 6                401.941A    -4.640    0.0032      Blnd                1335.00A    -4.124    0.0103
C  2                903.962A    -5.118    0.0011      Ne 7                465.221A    -4.879    0.0018      Blnd                1909.00A    -2.354    0.6093
C  2                904.142A    -4.592    0.0035      Ni 2                1.19102m    -4.461    0.0048      Blnd                1176.00A    -5.012    0.0013
C  2                904.480A    -4.701    0.0027      Ni 2                6.63416m    -5.103    0.0011      Blnd                1549.00A    -2.068    1.1783
C  2                1036.34A    -5.100    0.0011      Ni 2                7377.83A    -5.110    0.0011      Blnd                5199.00A    -5.010    0.0013
C  2                1037.02A    -4.401    0.0055      O  4                25.8863m    -1.540    3.9702      Blnd                1085.00A    -4.257    0.0076
C  2                1334.53A    -4.929    0.0016      O  4                1399.78A    -4.583    0.0036      Blnd                2141.00A    -4.819    0.0021
C  2                1335.66A    -4.431    0.0051      O  4                1407.38A    -4.575    0.0037      Blnd                1750.00A    -3.639    0.0316
C  2                1335.71A    -4.581    0.0036      O  4                1397.23A    -5.052    0.0012      Blnd                990.000A    -4.170    0.0093
C  2                2323.50A    -4.924    0.0016      O  4                1404.81A    -4.166    0.0094      Blnd                1486.00A    -3.147    0.0982
C  2                2324.69A    -4.613    0.0034      O  4                1401.16A    -4.255    0.0077      Blnd                1240.00A    -3.782    0.0227
C  2                2325.40A    -4.125    0.0103      O  4                787.710A    -4.889    0.0018      Blnd                6300.00A    -4.245    0.0078
C  2                2326.93A    -4.141    0.0099      O  4                790.114A    -4.441    0.0050      Blnd                2471.00A    -4.531    0.0041
C  2                2328.12A    -4.560    0.0038      O  4                790.201A    -4.889    0.0018      Blnd                7323.00A    -4.699    0.0028
C  2                157.636m    -3.970    0.0148      O  4                609.830A    -4.181    0.0091      Blnd                7332.00A    -4.780    0.0023
C  3                1908.73A    -2.755    0.2419      O  4                554.076A    -4.906    0.0017      Blnd                833.000A    -4.600    0.0035
C  3                1906.68A    -2.574    0.3674      O  4                555.264A    -3.913    0.0168      Blnd                3727.00A    -2.743    0.2490
C  3                977.020A    -3.403    0.0545      O  4                554.514A    -3.983    0.0143      Blnd                7325.00A    -4.437    0.0050
C  3                386.203A    -4.808    0.0021      O  6                1037.61A    -4.421    0.0052      Blnd                1666.00A    -2.947    0.1556
C  3                2296.87A    -5.013    0.0013      O  6                1031.91A    -4.284    0.0072      Blnd                5007.00A    -0.889   17.7845
C  3                884.524A    -4.837    0.0020      O  6                150.125A    -4.946    0.0016      Blnd                835.000A    -4.012    0.0134
Ca 4                669.696A    -4.681    0.0029      O  6                150.089A    -4.915    0.0017      Blnd                1402.00A    -3.732    0.0255
Ca 4                3.20610m    -3.069    0.1175      P  5                1128.01A    -4.937    0.0016      Blnd                789.000A    -4.207    0.0085
Ca 6                629.602A    -5.015    0.0013      P  5                1117.98A    -4.851    0.0019      Blnd                1218.00A    -3.788    0.0224
Ca 6                633.844A    -4.929    0.0016      S  4                10.5076m    -1.551    3.8721      Blnd                1035.00A    -4.046    0.0124



 AGN log nH=1.00 log U=-1.33  
 Cooling:  O  3c                     0  :0.491 O  4c                     0  :0.078 S  4c                     0  :0.076  
 Heating:  BFH1                      0  :0.717 BFHe                      0  :0.210 TotM                      0  :0.069  

 These are some of the most important databases used by Cloudy:
 Many recombination coefficients were taken from http://amdpp.phys.strath.ac.uk/tamoc/RR/ and http://amdpp.phys.strath.ac.uk/tamoc/DR/
      and are based on the following papers:
        Badnell N. R., et al., A&A 406, 1151 (2003) [http://adsabs.harvard.edu/abs/2003A%26A...406.1151B]
        Badnell N. R., ApJS 167, 334 (2006) [http://adsabs.harvard.edu/abs/2006ApJS..167..334B]
 Much of the molecular emission data is from LAMDA as accessed on June 30, 2015. This database is described in:
        Schoeier F.L., et al., A&A 432, 369 (2005) [http://adsabs.harvard.edu/abs/2005A%26A...432..369S]
      This database is in part based on the work of the following groups:
        JPL: Pickett H. M. et al., JQSRT, 60, 883 (1998). [http://adsabs.harvard.edu/abs/1998JQSRT..60..883P]
        CDMS: Mueller H. S. et al., A&A 370, L49 (2001). [http://adsabs.harvard.edu/abs/2001A%26A...370L..49M]
              Mueller H. S. et al., J. Mol. Struct. 742, 215 (2005). [http://adsabs.harvard.edu/abs/2005JMoSt.742..215M]
 Some of the ionic emission data is from a reprocessed version of 10.1 of CHIANTI. CHIANTI is a collaborative project involving the NRL (USA), the
      Universities of Florence (Italy) and Cambridge (UK), and George Mason University (USA). These papers describe Chianti:
        Dere K. P., et al., A&AS, 125, 149 (1997) [http://adsabs.harvard.edu/abs/1997A%26AS..125..149D]
        Dere, K. P., et al., APJ, 268, 52 (2023) [https://ui.adsabs.harvard.edu/abs/2023ApJS..268...52D]
      This paper describes the reprocessed version of Chianti used:
        Gunasekera, C. M., et al., Astronomy, 1, 255. (2022) [https://ui.adsabs.harvard.edu/abs/2022Astro...1..255G]
 Much of the H_2 data is from this web site: http://molat.obspm.fr/index.php?page=pages/Molecules/H2/H2can94.php. These data are
      described in:
        Abgrall H. et al., Can. J. Phys., 72, 856 (1994) [http://adsabs.harvard.edu/abs/1994CaJPh..72..856A]
        Wrathmall S. A. & Flower D. R., J. Phys. B, 40, 3221 (2007) [http://adsabs.harvard.edu/abs/2007JPhB...40.3221W]
 The Case A and Case B recombination predictions for one-electron systems are from
	Storey, P.J. & Hummer, D.G., 1995, MNRAS 272, 41 http://adsabs.harvard.edu/abs/1995MNRAS.272...41S
 The He I recombination predictions are from
	Porter, R. L.; Ferland, G. J.; Storey, P. J.; Detisch, M. J., 2012, MNRAS, 425, 28p http://adsabs.harvard.edu/abs/2012MNRAS.425L..28P
		http://adsabs.harvard.edu/abs/2013MNRAS.433L..89P

 If you find some process or data set to be particularly critical to a result, please follow the trail of references back to the
 original source and cite that.  This will support and encourage atomic, molecular, and chemical physicists to continue their
 valuable work.

 IONIZE PARMET:  U(1-) -1.3333  U(4-): -2.2742  U(sp): -1.33  Q(ion):    7.048  L(ion) -0.711    Q(low): 12.627    L(low)  0.185
 ENERGY BUDGET:  Heat:  -0.429  Coolg:  -0.429  Error:  0.0%  Rec Lin:  -0.835  F-F  H  0.000    P(rad/tot)max     3.23E-01    R(F Con):1.737e+05

     Col(Heff):      4.042E+21  snd travl time  4.77E+14 sec  Te-low: 4.00E+03  Te-hi: 1.49E+04  G0TH85: 1.24E+02  G0DB96:1.33E+02
  Emiss Measure    n(e)n(p) dl       6.232E+22  n(e)n(He+)dl         4.191E+21  En(e)n(He++) dl         1.126E+21  ne nC+:1.51E+17
 He/Ha:7.30E-02  =   0.86*true  Lthin:3.29E+02  itr/zn: 6.24  H2 itr/zn:  0.00  File Opacity: F  MassTot 1.29e-02  (gm/cm^2)
   Temps(21 cm)   T(21cm/Ly a)  3.46E+03        T(<nH/Tkin>)  8.84E+03          T(<nH/Tspin>)    3.72E+03          TB21cm:9.24E-01
                   N(H0/Tspin)  9.70E+15        N(OH/Tkin)    2.86E+02          B(21cm)          0.00E+00
   <a>:2.59E-09  erdeFe6.0E+23  Tcompt1.34E+11  Tthr3.79E+11  <Tden>: 1.09E+04  <dens>:2.27E-23  <MolWgt>6.26E-01
     Mean Jeans  l(cm)1.27E+21  M(sun)1.24E+07  smallest:     len(cm):7.72E+20  M(sun):2.75E+06  a_ox tran: -1.44
 Rion:1.000E+30  Dist:0.00E+00  Diam:0.000E+00
 Hatom level 70  HatomType: add  HInducImp  F  He tot level: 63  He2 level:   70  ExecTime    88.4
 ConvrgError(%)  <eden>  0.038  MaxEden  0.417  <H-C>   0.08  Max(H-C)    0.48  <Press>   0.000  MaxPrs er  0.000
  Continuity(%)  chng Te   4.3  elec den   6.2  n(H2)    0.0  n(CO)        0.0

                                                        Averaged Quantities
             Te      Te(Ne)   Te(NeNp)  Te(NeHe+)Te(NeHe2+) Te(NeO+)  Te(NeO2+)  Te(H2)     N(H)     Ne(O2+)   Ne(Np)
 Radius:  1.09e+04  1.09e+04  1.09e+04  1.06e+04  1.21e+04  1.14e+04  1.06e+04  6.03e+03  1.00e+01  1.09e+01  1.10e+01
 
 Peimbert T(OIIIr)1.00E+04 T(Bac)1.02E+04 T(Hth)1.01E+04 t2(Hstrc) 1.60e-02 T(O3-BAC)1.01E+04 t2(O3-BC)-5.75e-04 t2(O3str) 1.48e-02

 Contin Optical Depths: COMP: 4.16e-03    H-: 5.02e-06 R(1300): 2.42e-04  H2+: 1.84e-07  Bra:2.08E-03
                          Pa: 2.08e-03    Ba: 2.08e-03      Hb: 2.08e-03   La: 3.00e-01     1r:5.004E+07  1.8:1.18E+07 4.:1.715E+06

 Old, new H  1 continuum optical depths:
     1 1.00e+08     2 0.00e+00     3 0.00e+00     4 0.00e+00     5 0.00e+00     6 0.00e+00     7 0.00e+00     8 0.00e+00
     9 0.00e+00    10 0.00e+00    11 0.00e+00    12 0.00e+00    13 0.00e+00    14 0.00e+00    15 0.00e+00    16 0.00e+00
    17 0.00e+00    18 0.00e+00    19 0.00e+00    20 0.00e+00    21 0.00e+00    22 0.00e+00    23 0.00e+00    24 0.00e+00
    25 0.00e+00    26 0.00e+00    27 0.00e+00    28 0.00e+00    29 0.00e+00    30 0.00e+00    31 0.00e+00    32 0.00e+00
    33 0.00e+00    34 0.00e+00    35 0.00e+00    36 0.00e+00    37 0.00e+00    38 0.00e+00    39 0.00e+00    40 0.00e+00
    41 0.00e+00    42 0.00e+00    43 0.00e+00    44 0.00e+00    45 0.00e+00    46 0.00e+00    47 0.00e+00    48 0.00e+00
    49 0.00e+00    50 0.00e+00    51 0.00e+00    52 0.00e+00    53 0.00e+00    54 0.00e+00
     1 5.00e+07     2 1.32e-06     3 2.58e-06     4 2.58e-06     5 2.58e-06     6 6.54e-07     7 6.54e-07     8 6.54e-07
     9 6.54e-07    10 6.72e-14    11 6.72e-14    12 6.72e-14    13 6.72e-14    14 6.72e-14    15 1.57e-13    16 1.57e-13
    17 1.57e-13    18 1.57e-13    19 1.57e-13    20 1.57e-13    21 3.24e-13    22 3.24e-13    23 3.24e-13    24 3.24e-13
    25 3.24e-13    26 3.24e-13    27 3.24e-13    28 6.15e-13    29 6.15e-13    30 6.15e-13    31 6.15e-13    32 6.15e-13
    33 6.15e-13    34 6.15e-13    35 6.15e-13    36 1.10e-12    37 1.10e-12    38 1.10e-12    39 1.10e-12    40 1.10e-12
    41 1.10e-12    42 1.10e-12    43 1.10e-12    44 1.10e-12    45 1.85e-12    46 1.85e-12    47 1.85e-12    48 1.85e-12
    49 1.85e-12    50 1.85e-12    51 1.85e-12    52 1.85e-12    53 1.85e-12    54 1.85e-12

 Old, new H  1 mean line optical depths:
  2- 1 6.73e+08  3- 2 5.65e-03  4- 3 0.00e+00  5- 4 0.00e+00  6- 5 0.00e+00  7- 6 0.00e+00  8- 7 0.00e+00
  9- 8 0.00e+00 10- 9 0.00e+00 11-10 0.00e+00 12-11 0.00e+00 13-12 0.00e+00 14-13 0.00e+00 15-14 0.00e+00 16-15 0.00e+00
 17-16 0.00e+00 18-17 0.00e+00 19-18 0.00e+00 20-19 0.00e+00 21-20 0.00e+00 22-21 0.00e+00 23-22 0.00e+00 24-23 0.00e+00
 25-24 0.00e+00
  2- 1 3.97e+06  3- 2 3.59e-04  4- 3 3.08e-10  5- 4 1.40e-10  6- 5-1.02e-11  7- 6-9.39e-11  8- 7 2.20e-11
  9- 8 4.65e-10 10- 9 1.28e-09 11-10 2.55e-08 12-11-1.06e-08 13-12-1.72e-08 14-13-2.76e-08 15-14-4.35e-08 16-15-6.85e-08
 17-16-1.09e-07 18-17-1.75e-07 19-18-2.96e-07 20-19-5.16e-07 21-20-9.56e-07 22-21-1.94e-06 23-22-4.55e-06 24-23-1.44e-05
 25-24-5.17e-04

 Old, new He 2 continuum optical depths:
     1 3.43e+06     2 9.96e+07     3 0.00e+00     4 0.00e+00     5 0.00e+00     6 0.00e+00     7 0.00e+00     8 0.00e+00
     9 0.00e+00    10 0.00e+00    11 0.00e+00    12 0.00e+00    13 0.00e+00    14 0.00e+00    15 0.00e+00    16 0.00e+00
    17 0.00e+00    18 0.00e+00    19 0.00e+00    20 0.00e+00    21 0.00e+00    22 0.00e+00    23 0.00e+00    24 0.00e+00
    25 0.00e+00    26 0.00e+00    27 0.00e+00    28 0.00e+00    29 0.00e+00    30 0.00e+00    31 0.00e+00    32 0.00e+00
    33 0.00e+00    34 0.00e+00    35 0.00e+00    36 0.00e+00    37 0.00e+00    38 0.00e+00    39 0.00e+00    40 0.00e+00
    41 0.00e+00    42 0.00e+00    43 0.00e+00    44 0.00e+00    45 0.00e+00    46 0.00e+00    47 0.00e+00    48 0.00e+00
    49 0.00e+00    50 0.00e+00    51 0.00e+00    52 0.00e+00    53 0.00e+00    54 0.00e+00
     1 1.72e+06     2 4.98e+07     3 1.53e-05     4 1.53e-05     5 1.53e-05     6 1.32e-06     7 1.32e-06     8 1.32e-06
     9 1.32e-06    10 2.10e-06    11 2.10e-06    12 2.10e-06    13 2.10e-06    14 2.10e-06    15 2.58e-06    16 2.58e-06
    17 2.58e-06    18 2.58e-06    19 2.58e-06    20 2.58e-06    21 2.13e-06    22 2.13e-06    23 2.13e-06    24 2.13e-06
    25 2.13e-06    26 2.13e-06    27 2.13e-06    28 6.54e-07    29 6.54e-07    30 6.54e-07    31 6.54e-07    32 6.54e-07
    33 6.54e-07    34 6.54e-07    35 6.54e-07    36 3.87e-14    37 3.87e-14    38 3.87e-14    39 3.87e-14    40 3.87e-14
    41 3.87e-14    42 3.87e-14    43 3.87e-14    44 3.87e-14    45 6.72e-14    46 6.72e-14    47 6.72e-14    48 6.72e-14
    49 6.72e-14    50 6.72e-14    51 6.72e-14    52 6.72e-14    53 6.72e-14    54 6.72e-14

 Old, new He 2 mean line optical depths:
  2- 1 5.73e+07  3- 2 4.80e-04  4- 3 0.00e+00  5- 4 0.00e+00  6- 5 0.00e+00  7- 6 0.00e+00  8- 7 0.00e+00
  9- 8 0.00e+00 10- 9 0.00e+00 11-10 0.00e+00 12-11 0.00e+00 13-12 0.00e+00 14-13 0.00e+00 15-14 0.00e+00 16-15 0.00e+00
 17-16 0.00e+00 18-17 0.00e+00 19-18 0.00e+00 20-19 0.00e+00 21-20 0.00e+00 22-21 0.00e+00 23-22 0.00e+00 24-23 0.00e+00
 25-24 0.00e+00
  2- 1 1.97e+07  3- 2 2.36e-07  4- 3 5.58e-13  5- 4-6.11e-13  6- 5-2.19e-12  7- 6-3.57e-12  8- 7-3.63e-12
  9- 8-1.16e-12 10- 9 4.21e-12 11-10 2.02e-10 12-11-9.17e-11 13-12-1.47e-10 14-13-2.30e-10 15-14-3.54e-10 16-15-5.38e-10
 17-16-8.18e-10 18-17-1.26e-09 19-18-1.97e-09 20-19-3.26e-09 21-20-5.70e-09 22-21-1.10e-08 23-22-2.46e-08 24-23-7.50e-08
 25-24-2.64e-06

 Old He Is optical depths:    1 2.36e+07    2 0.00e+00    3 0.00e+00    4 0.00e+00    5 0.00e+00
 New He Is optical depths:    1 1.18e+07    2 1.92e-05    3 1.10e-06    4 1.23e-06    5 1.23e-06
          Old He Is Lines:  584 0.00e+00 3889 0.00e+00 5016 0.00e+00 5876 0.00e+00
          New He Is Lines:  584 8.57e+04 3889 6.79e-01 5016 9.28e-07 5876 1.42e-09
AGN log nH=1.00 log U=-1.33  


          Start Iteration Number 2                                                 AGN log nH=1.00 log U=-1.33  


 ####  1  Te:1.490E+04 Hden:1.000E+01 Ne:1.173E+01 R:1.000E+30 R-R0:3.740E+16 dR:7.480E+16 NTR: 15 Htot:7.310E-22 T912: 2.29e+02###
 Hydrogen      1.42e-04 1.00e+00 H+o/Hden 1.00e+00 3.53e-13 H-    H2 5.09e-20 1.11e-14 H2+ HeH+ 1.96e-15 Ho+ ColD 1.06e+14 7.48e+17
 Helium        2.22e-06 1.47e-02 9.85e-01 HeI 2s3S 2.03e-10 Comp H,C 1.12e-25 1.26e-28 Fill Fac 1.00e+00 Gam1/tot 1.00e+00
 He singlet n  2.22e-06 3.58e-17 4.34e-23 1.90e-23 3.08e-23 2.56e-23 He tripl 2.03e-10 3.58e-21 5.18e-23 4.40e-22 7.27e-23
 Pressure      NgasTgas 3.37e+05 P(total) 4.65e-11 P( gas ) 4.65e-11 P(Radtn) 0.00e+00 Rad accl 1.58e-08 ForceMul 8.25e+02
 Texc(La)      3.13e+03 T(I con) 9.30e+00 T(D con) 1.19e+00 T(U tot) 9.30e+00 nT (c+d) 2.53e+06 Prad/Gas 0.00e+00 Pmag/Gas 0.00e+00
 Molecules     CH/Ctot: 1.24e-23 CH+/Ctot 3.44e-18 CO/Ctot: 7.20e-31 CO+/Ctot 1.97e-27 H2O/Otot 1.52e-37 OH/Ototl 4.97e-23
 Lithium       8.67e-09 1.43e-02 4.89e-01 4.97e-01 Berylliu 3.62e-08 7.55e-04 4.87e-01 4.88e-01 2.41e-02 sec ion: 4.80e-16
 Boron         1.84e-10 4.00e-04 1.64e-02 9.23e-01 6.02e-02 4.19e-04
 Carbon        8.97e-11 5.14e-05 1.65e-02 1.59e-01 8.14e-01 1.05e-02 2.58e-05 H2O+/O   2.52e-38 OH+/Otot 1.86e-23 Hex(tot) 0.00e+00
 Nitrogen      1.40e-09 2.51e-05 2.14e-02 3.33e-01 4.11e-01 2.33e-01 1.12e-03 1.16e-06 O2/Ototl 1.01e-31 O2+/Otot 2.36e-32
 Oxygen        6.10e-10 1.23e-05 1.07e-02 3.61e-01 4.66e-01 1.46e-01 1.70e-02 3.52e-05 0.00e+00
 Fluorine      2.53e-10 9.61e-06 7.07e-03 2.51e-01 6.26e-01 1.13e-01 2.50e-03 3.13e-04 3.10e-07 0.00e+00
 Neon          1.86e-10 7.01e-06 8.78e-03 2.51e-01 6.08e-01 1.30e-01 2.98e-03 1.35e-04 4.16e-06 0.00e+00 0.00e+00
 Sodium        1.03e-11 3.09e-06 4.13e-03 2.18e-01 6.79e-01 9.42e-02 4.64e-03 5.26e-05 6.52e-07 0.00e+00 0.00e+00 0.00e+00
 Magnesium     7.00e-10 1.95e-06 2.79e-03 1.52e-01 5.81e-01 2.51e-01 1.26e-02 1.82e-04 4.90e-06 0.00e+00 0.00e+00 0.00e+00 0.00e+00
 Aluminium  0  1.35e-10 2.36e-05 5.96e-04 7.84e-02 4.91e-01 4.02e-01 2.71e-02 5.28e-04 1.07e-05 0.00e+00 0.00e+00 0.00e+00 0.00e+00
 Silicon    0  8.63e-12 2.79e-05 2.29e-03 2.80e-02 4.82e-01 4.18e-01 6.88e-02 1.74e-03 3.56e-06 0.00e+00 0.00e+00 0.00e+00 0.00e+00
 Phosphorus 0  5.14e-11 5.66e-05 4.09e-03 3.66e-02 1.82e-01 6.74e-01 9.99e-02 3.28e-03 3.35e-05 3.09e-07 0.00e+00 0.00e+00 0.00e+00
 Sulphur    0  3.02e-11 3.49e-05 1.07e-02 1.45e-01 2.22e-01 2.90e-01 3.14e-01 1.90e-02 1.23e-04 1.09e-06 0.00e+00 0.00e+00 0.00e+00
 Chlorine   0  6.91e-11 5.18e-05 1.22e-02 2.29e-01 4.69e-01 1.94e-01 6.34e-02 3.19e-02 7.15e-04 7.37e-06 0.00e+00 0.00e+00 0.00e+00
 Argon      0  3.60e-10 1.17e-05 2.34e-02 2.23e-01 5.06e-01 2.28e-01 1.27e-02 5.57e-03 1.11e-03 1.34e-05 0.00e+00 0.00e+00 0.00e+00
 Potassium  0  5.53e-11 5.85e-05 1.58e-02 3.34e-01 4.99e-01 1.41e-01 9.09e-03 7.43e-04 1.04e-04 3.05e-05 2.39e-07 0.00e+00 0.00e+00
 Calcium    0  7.02e-13 3.57e-07 4.84e-03 1.72e-01 5.98e-01 2.16e-01 8.97e-03 8.43e-04 2.11e-05 1.26e-05 1.07e-06 0.00e+00 0.00e+00
 Scandium   0  3.40e-14 5.45e-08 1.46e-04 1.23e-01 4.08e-01 4.44e-01 2.28e-02 1.70e-03 2.96e-05 2.98e-06 1.93e-07 0.00e+00 0.00e+00
 Titanium   0  1.10e-13 3.22e-07 3.24e-04 7.82e-02 4.51e-01 3.88e-01 8.00e-02 2.81e-03 5.73e-05 2.91e-06 1.72e-07 0.00e+00 0.00e+00
 Vanadium   0  3.75e-14 1.14e-08 2.64e-05 4.21e-03 1.32e-01 7.29e-01 1.20e-01 1.36e-02 1.33e-04 3.09e-06 1.06e-07 0.00e+00 0.00e+00
 Chromium   0  1.53e-15 6.44e-09 1.78e-05 3.37e-03 9.51e-02 4.80e-01 3.90e-01 2.99e-02 1.35e-03 1.24e-05 2.93e-07 0.00e+00 0.00e+00
 Manganese  0  1.42e-13 7.79e-09 1.59e-05 3.26e-03 1.13e-01 5.49e-01 3.19e-01 1.45e-02 8.24e-04 3.63e-05 3.62e-07 0.00e+00 0.00e+00
 Iron       0  7.58e-15 1.60e-09 4.37e-06 1.55e-03 6.03e-02 3.94e-01 4.84e-01 5.97e-02 5.30e-04 3.06e-05 3.52e-07 0.00e+00 0.00e+00
 Cobalt     0  6.83e-15 7.97e-10 3.22e-06 1.08e-03 6.33e-02 4.34e-01 3.92e-01 1.05e-01 4.18e-03 2.01e-04 3.30e-06 3.54e-07 0.00e+00
 Nickel     0  4.90e-15 7.73e-10 2.47e-06 7.22e-04 4.01e-02 4.20e-01 3.96e-01 1.36e-01 7.20e-03 3.14e-04 2.82e-06 4.12e-07 0.00e+00
 Copper     0  1.70e-15 5.37e-10 2.16e-06 6.13e-04 3.07e-02 3.13e-01 4.57e-01 1.85e-01 1.26e-02 6.37e-04 7.56e-06 1.45e-07 0.00e+00
 Zinc       0  3.31e-15 9.78e-10 2.08e-06 6.08e-04 2.97e-02 2.94e-01 4.14e-01 2.43e-01 1.69e-02 9.22e-04 1.30e-05 8.41e-07 0.00e+00
 ####191  Te:3.896E+03 Hden:1.000E+01 Ne:9.242E-01 R:1.000E+30 R-R0:5.701E+20 dR:2.147E+16 NTR: 13 Htot:2.479E-23 T912: 4.59e+02###
 Hydrogen      9.27e-01 7.26e-02 H+o/Hden 1.00e+00 3.73e-10 H-    H2 4.65e-10 2.52e-10 H2+ HeH+ 1.12e-08 Ho+ ColD 3.62e+19 5.66e+21
 Helium        7.76e-01 2.23e-01 8.64e-04 HeI 2s3S 6.89e-10 Comp H,C 8.78e-27 2.65e-30 Fill Fac 1.00e+00 Gam1/tot 6.95e-01
 He singlet n  7.76e-01 2.79e-16 3.32e-21 5.93e-23 2.75e-22 1.08e-22 He tripl 6.89e-10 1.47e-20 1.48e-22 1.58e-21 3.03e-22
 Pressure      NgasTgas 4.59e+04 P(total) 6.34e-12 P( gas ) 6.34e-12 P(Radtn) 1.89e-15 Rad accl 3.98e-08 ForceMul 2.55e+04
 Texc(La)      3.07e+03 T(I con) 8.09e+00 T(D con) 7.59e+00 T(U tot) 9.34e+00 nT (c+d) 3.79e+06 Prad/Gas 2.98e-04 Pmag/Gas 0.00e+00
 Molecules     CH/Ctot: 5.11e-15 CH+/Ctot 1.55e-09 CO/Ctot: 9.49e-14 CO+/Ctot 4.05e-13 H2O/Otot 7.18e-22 OH/Ototl 1.17e-10
 Lithium       8.87e-06 1.00e+00 2.38e-06 0.00e+00 Berylliu 3.52e-05 9.55e-01 4.41e-02 4.45e-04 0.00e+00 sec ion: 1.12e-14
 Boron         3.88e-06 9.74e-01 1.58e-03 2.42e-02 7.31e-07 0.00e+00
 Carbon        1.59e-05 9.72e-01 2.82e-02 1.40e-05 5.26e-07 0.00e+00 0.00e+00 H2O+/O   1.84e-20 OH+/Otot 4.31e-10 Hex(tot) 0.00e+00
 Nitrogen      9.02e-01 9.80e-02 6.66e-05 3.73e-06 0.00e+00 0.00e+00 0.00e+00 0.00e+00 O2/Ototl 9.04e-14 O2+/Otot 8.23e-14
 Oxygen        9.42e-01 5.75e-02 1.15e-04 8.02e-07 0.00e+00 0.00e+00 0.00e+00 0.00e+00 0.00e+00
 Fluorine      2.37e-01 6.08e-01 1.55e-01 6.47e-06 6.45e-05 0.00e+00 0.00e+00 0.00e+00 0.00e+00 0.00e+00
 Neon          1.73e-01 5.65e-01 2.62e-01 1.11e-05 1.99e-06 0.00e+00 0.00e+00 0.00e+00 0.00e+00 0.00e+00 0.00e+00
 Sodium        8.23e-05 6.93e-01 3.07e-01 5.18e-05 2.09e-04 0.00e+00 0.00e+00 0.00e+00 0.00e+00 0.00e+00 0.00e+00 0.00e+00
 Magnesium     4.05e-05 7.87e-01 2.13e-01 1.13e-05 2.76e-06 0.00e+00 0.00e+00 0.00e+00 0.00e+00 0.00e+00 0.00e+00 0.00e+00 0.00e+00
 Aluminium  0  1.74e-06 8.23e-01 7.10e-02 1.06e-01 5.19e-05 2.69e-07 0.00e+00 0.00e+00 0.00e+00 0.00e+00 0.00e+00 0.00e+00 0.00e+00
 Silicon    0  3.96e-06 1.00e+00 3.62e-05 1.92e-04 6.25e-06 6.79e-07 0.00e+00 0.00e+00 0.00e+00 0.00e+00 0.00e+00 0.00e+00 0.00e+00
 Phosphorus 0  9.77e-06 9.40e-01 5.92e-02 9.01e-04 1.18e-05 1.67e-06 0.00e+00 0.00e+00 0.00e+00 0.00e+00 0.00e+00 0.00e+00 0.00e+00
 Sulphur    0  1.14e-05 8.79e-01 1.21e-01 4.74e-05 6.87e-06 1.53e-06 3.91e-07 0.00e+00 0.00e+00 0.00e+00 0.00e+00 0.00e+00 0.00e+00
 Chlorine   0  1.56e-05 8.70e-01 1.30e-01 8.97e-05 9.87e-06 1.36e-06 3.01e-07 0.00e+00 0.00e+00 0.00e+00 0.00e+00 0.00e+00 0.00e+00
 Argon      0  2.77e-01 5.74e-01 1.49e-01 4.42e-05 9.52e-06 1.14e-06 2.09e-07 0.00e+00 0.00e+00 0.00e+00 0.00e+00 0.00e+00 0.00e+00
 Potassium  0  1.07e-05 6.38e-01 3.55e-01 1.12e-04 6.06e-03 2.14e-06 3.57e-07 0.00e+00 0.00e+00 0.00e+00 0.00e+00 0.00e+00 0.00e+00
 Calcium    0  1.60e-08 2.02e-03 9.92e-01 5.93e-03 1.85e-04 4.74e-06 3.74e-07 0.00e+00 0.00e+00 0.00e+00 0.00e+00 0.00e+00 0.00e+00
 Scandium   0  8.95e-08 1.20e-02 8.97e-01 8.44e-02 6.68e-03 6.23e-06 6.58e-07 0.00e+00 0.00e+00 0.00e+00 0.00e+00 0.00e+00 0.00e+00
 Titanium   0  3.40e-06 5.27e-01 4.60e-01 4.72e-04 1.26e-02 4.51e-06 9.87e-07 0.00e+00 0.00e+00 0.00e+00 0.00e+00 0.00e+00 0.00e+00
 Vanadium   0  3.87e-05 7.35e-01 2.64e-01 7.06e-05 1.25e-03 4.01e-06 4.57e-07 0.00e+00 0.00e+00 0.00e+00 0.00e+00 0.00e+00 0.00e+00
 Chromium   0  3.71e-06 9.98e-01 1.68e-03 3.11e-05 2.08e-04 1.53e-05 1.08e-06 0.00e+00 0.00e+00 0.00e+00 0.00e+00 0.00e+00 0.00e+00
 Manganese  0  7.71e-05 9.97e-01 2.55e-03 3.57e-05 6.94e-04 1.47e-05 3.97e-06 6.84e-07 0.00e+00 0.00e+00 0.00e+00 0.00e+00 0.00e+00
 Iron       0  1.03e-05 9.99e-01 4.34e-04 1.40e-04 6.73e-05 1.25e-05 3.11e-06 4.41e-07 0.00e+00 0.00e+00 0.00e+00 0.00e+00 0.00e+00
 Cobalt     0  8.64e-05 9.98e-01 3.99e-04 1.74e-04 8.78e-04 9.48e-06 2.33e-06 1.18e-07 0.00e+00 0.00e+00 0.00e+00 0.00e+00 0.00e+00
 Nickel     0  5.05e-05 9.99e-01 3.15e-04 3.40e-05 1.37e-04 8.07e-06 1.75e-06 0.00e+00 0.00e+00 0.00e+00 0.00e+00 0.00e+00 0.00e+00
 Copper     0  2.42e-05 7.36e-01 2.64e-01 4.48e-05 1.64e-05 8.67e-06 2.46e-06 1.67e-07 0.00e+00 0.00e+00 0.00e+00 0.00e+00 0.00e+00
 Zinc       0  1.91e-05 2.67e-01 4.45e-01 2.21e-01 6.68e-02 1.48e-05 5.82e-06 1.80e-06 0.00e+00 0.00e+00 0.00e+00 0.00e+00 0.00e+00
   AGN log nH=1.00 log U=-1.33  
   Calculation stopped because lowest Te reached. Iteration 2 of 10
   The geometry is plane-parallel.
  !Some input lines contained underscores, these were changed to spaces.
  !Suprathermal collisional ionization of H reached 30.49% of the local H ionization rate.
  !Charge transfer H => H+ reached 1113.2% of the local H ionization rate.
  !AGE: Cloud age was not set.  Longest timescale was 2.15e+12 s = 6.81e+04 years.
  !The CMB was not included.  This is added with the CMB command.
  !The ratio of radiation to gas pressure reached 3.29e-01 at zone 52.  Caused by Lyman alpha.
  !The radiation pressure jumped by 811% from 1.28e-11 (zone 52) to 8.47e-13 (zone 53) to 9.66e-13 (zone 54)
   Iteration not converged because Converged!.
   Charge transfer heating reached 2.25% of the local heating.
   Destruction of He 2TriS reached 2.0% of the total He0 dest rate at zone 1, 1.9% of that was photoionization.
   The density is too low to l-mix the lowest H  I collapsed level.  More resolved levels are needed for accurate line ratios.
   The density is too low to l-mix the lowest He I collapsed level.  More resolved levels are needed for accurate line ratios.
   Grains were not present but might survive in this environment (energy density temperature was 9.30e+00K)
   The continuum optical depth at the lowest energy considered (3.045e-09 Ryd) was 1.933e+02.

                       *********************************> Cloudy 25.00 <**********************************
                       * title AGN log nH=1.00 log U=-1.33                                               *
                       * hden 1.0                                                                        *
                       * table AGN                                                                       *
                       * stop efrac 0.01                                                                 *
                       * ionization parameter -1.3333333333333335                                        *
                       * abundances GASS                                                                 *
                       * sphere                                                                          *
                       * stop temperature 4000 K                                                         *
                       * stop column density 22                                                          *
                       * iterate to convergence                                                          *
                       * save overview "AGNmodel_nH1.00_Um1.33_temp38333.33.txt"                         *
                       *********************************> Log(U): -1.33 <*********************************

                     Emission Line Spectrum.   Constant  Density Model.  Closed geometry.  Iteration 2 of 10.
                                                     Intensity (erg/s/cm^2).


                                                   Intrinsic line intensities
general properties..............................      Ca A                992.358A    -3.507    0.0427      Fe 8                168.003A    -4.920    0.0016
Inci                      0      0.229  232.5665      Ca A                972.106A    -3.686    0.0282      Mg 2                2802.71A    -3.219    0.0828
TotH                      0     -0.430   50.9047      Ca A                958.693A    -3.842    0.0197      Mg 2                2795.53A    -2.926    0.1625
TotC                      0     -0.430   50.8981      Ca A                949.323A    -3.979    0.0144      Mg 4                4.48711m    -3.284    0.0713
BFH1                      0     -0.575   36.4739      Ca A                942.507A    -4.102    0.0108      Mg 4                323.307A    -4.398    0.0055
BFHe                      0     -1.109   10.6727      Ca A                937.389A    -4.214    0.0084      Mg 4                181.344A    -5.125    0.0010
TotM                      0     -1.593    3.5025      Ca A                933.444A    -4.317    0.0066      Mg 4                171.655A    -5.024    0.0013
Cbnd                      0     -4.814    0.0021      Ca A                930.337A    -4.411    0.0053      Mg 5                5.60700m    -2.832    0.2017
ComH                      0     -4.224    0.0082      Ca A                927.846A    -4.499    0.0043      Mg 5                13.5464m    -3.907    0.0170
CT H                      0     -2.954    0.1524      Ca A                925.816A    -4.581    0.0036      Mg 5                2782.76A    -3.535    0.0400
H FB                      0     -1.778    2.2861      Ca A                924.142A    -4.658    0.0030      Mg 5                2928.09A    -4.100    0.0109
HFBc                      0     -1.778    2.2861      Ca A                922.743A    -4.731    0.0025      Mg 5                355.329A    -4.522    0.0041
H  1c                     0     -2.344    0.6217      Ca A                921.562A    -4.800    0.0022      Mg 5                353.297A    -4.992    0.0014
He 1c                     0     -4.837    0.0020      Ca A                920.556A    -4.865    0.0019      Mg 5                354.221A    -4.834    0.0020
Al 3c                     0     -4.245    0.0078      Ca A                919.693A    -4.927    0.0016      Mg 5                137.411A    -5.134    0.0010
Al 6c                     0     -3.353    0.0609      Ca A                918.945A    -4.986    0.0014      Mg 6                1806.00A    -4.897    0.0017
Ar 3c                     0     -3.038    0.1257      Ca A                918.295A    -5.042    0.0012      Mg 6                1806.42A    -4.796    0.0022
Ar 4c                     0     -2.912    0.1679      Ca A                917.724A    -5.096    0.0011      Mg 6                403.307A    -4.662    0.0030
Ar 5c                     0     -2.896    0.1744      Ca A                4685.68A    -2.879    0.1813      Mg 6                400.662A    -4.682    0.0028
Ar 6c                     0     -3.462    0.0473      Ca A                3203.08A    -3.271    0.0735      Mg 6                399.281A    -4.722    0.0026
C  2c                     0     -3.477    0.0457      Ca A                2733.28A    -3.560    0.0378      N  2                205.283m    -4.688    0.0028
C  3c                     0     -2.357    0.6030      Ca A                2511.19A    -3.788    0.0223      N  2                121.769m    -4.716    0.0026
Ca 4c                     0     -3.070    0.1167      Ca A                2385.39A    -3.977    0.0144      N  2                6548.05A    -3.850    0.0194
Fe 2c                     0     -3.007    0.1350      Ca A                2306.18A    -4.140    0.0099      N  2                6583.45A    -3.381    0.0571
Fe 3c                     0     -3.000    0.1372      Ca A                2252.67A    -4.282    0.0072      N  2                5754.59A    -5.076    0.0012
Fe 7c                     0     -2.338    0.6301      Ca A                2214.65A    -4.410    0.0053      N  2                2142.77A    -4.973    0.0015
K  3c                     0     -4.595    0.0035      Ca A                2186.59A    -4.524    0.0041      N  2                1085.70A    -4.981    0.0014
K  4c                     0     -4.104    0.0108      Ca A                2165.23A    -4.629    0.0032      N  2                1085.55A    -4.896    0.0017
Mg 1c                     0     -4.769    0.0023      Ca A                2148.58A    -4.726    0.0026      N  2                1084.56A    -4.783    0.0023
Mg 7c                     0     -4.201    0.0086      Ca A                2135.34A    -4.815    0.0021      N  2                916.710A    -4.597    0.0035
N  1c                     0     -5.066    0.0012      Ca A                2124.61A    -4.899    0.0017      N  2                916.701A    -4.696    0.0028
N  4c                     0     -3.149    0.0973      Ca A                2115.81A    -4.977    0.0014      N  2                915.962A    -4.845    0.0020
N  5c                     0     -3.911    0.0168      Ca A                2108.49A    -5.051    0.0012      N  3                57.3238m    -2.682    0.2849
Na 6c                     0     -4.558    0.0038      Ca A                2102.33A    -5.120    0.0010      N  3                1748.65A    -4.523    0.0041
Ne 2c                     0     -4.772    0.0023      Ca A                1.01235m    -3.431    0.0508      N  3                1753.99A    -4.505    0.0043
Ne 3c                     0     -1.906    1.7020      Ca A                6560.01A    -3.739    0.0250      N  3                1746.82A    -4.930    0.0016
Ne 5c                     0     -1.878    1.8142      Ca A                5411.45A    -3.983    0.0142      N  3                1752.16A    -4.090    0.0111
O  1c                     0     -4.137    0.0100      Ca A                4859.26A    -4.183    0.0090      N  3                1749.67A    -4.159    0.0095
O  2c                     0     -2.730    0.2552      Ca A                4541.54A    -4.353    0.0061      N  3                989.799A    -4.998    0.0014
O  3c                     0     -0.740   24.9358      Ca A                4338.62A    -4.501    0.0043      N  3                991.511A    -4.391    0.0056
O  5c                     0     -3.759    0.0239      Ca A                4199.78A    -4.632    0.0032      N  3                991.577A    -4.779    0.0023
P  2c                     0     -4.691    0.0028      Ca A                4099.99A    -4.750    0.0024      N  3                764.351A    -4.479    0.0045
P  3c                     0     -4.832    0.0020      Ca A                4025.55A    -4.857    0.0019      N  3                685.515A    -5.086    0.0011
S  2c                     0     -3.159    0.0952      Ca A                3968.39A    -4.956    0.0015      N  3                686.336A    -4.340    0.0063
S  3c                     0     -2.225    0.8160      Ca A                3923.44A    -5.047    0.0012      N  3                685.817A    -4.330    0.0064
S  5c                     0     -5.126    0.0010      Ca A                3887.40A    -5.132    0.0010      N  3                452.227A    -4.486    0.0045
Si 2c                     0     -3.049    0.1224      Ca A                1.86365m    -3.887    0.0178      Na 3                7.31570m    -4.049    0.0122
Si 3c                     0     -2.952    0.1530      Ca A                1.16262m    -4.136    0.0100      Na 3                380.100A    -4.681    0.0029
Si 4c                     0     -3.201    0.0864      Ca A                9344.80A    -4.345    0.0062      Na 3                268.625A    -4.930    0.0016
Si 7c                     0     -4.016    0.0132      Ca A                8236.67A    -4.521    0.0041      Na 3                267.871A    -4.951    0.0015
Ti 6c                     0     -4.814    0.0021      Ca A                7592.65A    -4.674    0.0029      Na 3                250.517A    -4.893    0.0018
Al 2c                     0     -4.023    0.0130      Ca A                7177.41A    -4.809    0.0021      Na 4                9.03096m    -4.430    0.0051
Al 5c                     0     -4.170    0.0093      Ca A                6890.80A    -4.930    0.0016      Na 4                3241.50A    -4.903    0.0017
C  4c                     0     -2.083    1.1315      Ca A                6683.11A    -5.040    0.0013      Na 4                412.244A    -4.922    0.0016
Ca 2c                     0     -4.600    0.0034      Ca A                3.09080m    -4.279    0.0072      Na 5                463.270A    -4.788    0.0022
Ca 5c                     0     -3.266    0.0744      Ca A                1.87431m    -4.482    0.0045      Na 5                461.057A    -4.824    0.0021
Cl 2c                     0     -4.954    0.0015      Ca A                1.47602m    -4.663    0.0030      Na 5                459.901A    -4.893    0.0018
Cl 3c                     0     -4.081    0.0114      Ca A                1.28127m    -4.820    0.0021      Ne 4                2421.66A    -3.445    0.0492
Cl 4c                     0     -3.005    0.1356      Ca A                1.16730m    -4.959    0.0015      Ne 4                2424.28A    -3.271    0.0734
Fe 4c                     0     -2.097    1.0967      Ca A                1.09334m    -5.082    0.0011      Ne 4                1601.45A    -4.852    0.0019
Fe 5c                     0     -2.661    0.2992      Ca A                4.76213m    -4.622    0.0033      Ne 4                541.126A    -4.592    0.0035
Fe 6c                     0     -2.124    1.0299      Ca A                2.82519m    -4.789    0.0022      Ne 4                542.076A    -4.569    0.0037
Fe 8c                     0     -3.762    0.0237      Ca A                2.18848m    -4.948    0.0015      Ne 4                543.886A    -4.552    0.0039
K  5c                     0     -4.891    0.0018      Ca A                1.87570m    -5.089    0.0011      Ne 4                208.903A    -4.815    0.0021
Mg 2c                     0     -2.755    0.2410      Ca A                6.94599m    -4.927    0.0016      Ne 4                208.737A    -4.757    0.0024
Mg 4c                     0     -3.284    0.0713      Ca A                4.04945m    -5.067    0.0012      Ne 6                7.65019m    -2.884    0.1792
Mg 5c                     0     -2.706    0.2696      Ca B                1640.41A    -2.026    1.2929      Ne 6                558.603A    -5.049    0.0012
Mg 6c                     0     -4.537    0.0040      Ca B                1215.13A    -2.535    0.4001      Ne 6                562.711A    -4.857    0.0019
N  2c                     0     -3.206    0.0852      Ca B                1084.94A    -2.882    0.1798      Ne 6                435.646A    -4.689    0.0028
N  3c                     0     -2.637    0.3166      Ca B                1025.27A    -3.147    0.0978      Ne 6                403.260A    -4.616    0.0033
Na 3c                     0     -4.050    0.0122      Ca B                992.358A    -3.360    0.0598      Ne 6                401.941A    -4.616    0.0033
Na 4c                     0     -4.250    0.0077      Ca B                972.106A    -3.541    0.0395      Ne 7                465.221A    -4.856    0.0019
Na 5c                     0     -4.952    0.0015      Ca B                958.693A    -3.697    0.0275      Ni 2                1.19102m    -4.461    0.0047
Ne 4c                     0     -3.037    0.1260      Ca B                949.323A    -3.835    0.0200      Ni 2                6.63416m    -5.103    0.0011
Ne 6c                     0     -2.884    0.1792      Ca B                942.507A    -3.959    0.0151      Ni 2                7377.83A    -5.111    0.0011
Ni 2c                     0     -4.162    0.0095      Ca B                937.389A    -4.071    0.0116      O  4                25.8863m    -1.540    3.9579
O  4c                     0     -1.537    3.9855      Ca B                933.444A    -4.174    0.0092      O  4                1399.78A    -4.558    0.0038
O  6c                     0     -4.398    0.0055      Ca B                930.337A    -4.269    0.0074      O  4                1407.38A    -4.542    0.0039
S  4c                     0     -1.549    3.8731      Ca B                927.846A    -4.358    0.0060      O  4                1397.23A    -5.020    0.0013
Si 6c                     0     -3.351    0.0611      Ca B                925.816A    -4.440    0.0050      O  4                1404.81A    -4.137    0.0100
continua........................................      Ca B                924.142A    -4.518    0.0042      O  4                1401.16A    -4.225    0.0082
Bac                 3646.00A    -0.952   15.3275      Ca B                922.743A    -4.590    0.0035      O  4                787.710A    -4.901    0.0017
nFnu                3645.00A    -0.835   20.0561      Ca B                921.562A    -4.659    0.0030      O  4                790.114A    -4.340    0.0063
nFnu                3647.00A    -1.462    4.7286      Ca B                920.556A    -4.725    0.0026      O  4                790.201A    -4.805    0.0022
cout                3646.00A    -0.952   15.3275      Ca B                919.693A    -4.787    0.0022      O  4                609.830A    -4.125    0.0103
thin                3646.00A    -0.952   15.3276      Ca B                918.945A    -4.846    0.0020      O  4                554.076A    -4.908    0.0017
Inci                4860.00A    -0.875   18.3063      Ca B                918.295A    -4.903    0.0017      O  4                555.264A    -3.854    0.0192
Inci                1367.00A    -0.619   32.9427      Ca B                917.724A    -4.957    0.0015      O  4                554.514A    -3.932    0.0160
Inci                2066.00A    -0.709   26.7932      Ca B                4685.68A    -2.852    0.1930      O  6                1037.61A    -4.408    0.0054
Inci                1215.00A    -0.594   34.9354      Ca B                3203.08A    -3.232    0.0803      O  6                1031.91A    -4.267    0.0074
Ba C                      0     -1.603    3.4193      Ca B                2733.28A    -3.516    0.0418      O  6                150.125A    -4.922    0.0016
PA C                      0     -2.023    1.3017      Ca B                2511.19A    -3.741    0.0249      O  6                150.089A    -4.900    0.0017
FIR                 83.0000m    -1.255    7.6311      Ca B                2385.39A    -3.929    0.0162      P  5                1128.01A    -4.933    0.0016
TIR                 1800.00m    -4.151    0.0097      Ca B                2306.18A    -4.090    0.0111      P  5                1117.98A    -4.847    0.0020
NIRa                2.85000m    -0.278   72.2792      Ca B                2252.67A    -4.232    0.0080      S  4                10.5076m    -1.550    3.8623
NIRb                3.00000m    -0.618   33.0167      Ca B                2214.65A    -4.359    0.0060      S  4                1404.81A    -5.052    0.0012
MIRa                15.0000m    -0.719   26.1751      Ca B                2186.59A    -4.473    0.0046      S  4                1423.84A    -5.023    0.0013
MIRb                22.5000m    -0.648   30.8284      Ca B                2165.23A    -4.578    0.0036      S  4                1416.89A    -4.583    0.0036
NMIR                21.7500m    -0.278   72.2792      Ca B                2148.58A    -4.674    0.0029      S  4                1406.02A    -4.545    0.0039
TFIR                611.250m    -3.419    0.0523      Ca B                2135.34A    -4.764    0.0024      S  4                1073.52A    -4.829    0.0020
TALL                10000.0A     0.232  233.7081      Ca B                2124.61A    -4.847    0.0019      S  4                815.941A    -4.591    0.0035
F12                 12.0000m    -1.048   12.2711      Ca B                2115.81A    -4.925    0.0016      S  4                753.760A    -4.286    0.0071
F25                 25.0000m    -1.376    5.7703      Ca B                2108.49A    -4.999    0.0014      S  4                750.221A    -4.342    0.0062
F60                 60.0000m    -1.616    3.3165      Ca B                2102.33A    -5.069    0.0012      S  4                657.319A    -5.114    0.0011
F100                100.000m    -1.507    4.2628      Ca B                2097.10A    -5.134    0.0010      S  4                661.455A    -4.099    0.0109
MIPS                24.0000m    -1.417    5.2538      Ca B                1.01235m    -3.420    0.0522      S  4                554.027A    -4.568    0.0037
MIPS                70.0000m    -3.342    0.0624      Ca B                6560.01A    -3.723    0.0259      S  6                944.523A    -4.614    0.0033
MIPS                160.000m    -3.812    0.0211      Ca B                5411.45A    -3.964    0.0149      S  6                933.378A    -4.510    0.0042
IRAC                3.60000m    -1.505    4.2885      Ca B                4859.26A    -4.162    0.0094      Si 6                1.96247m    -3.351    0.0611
IRAC                4.50000m    -1.480    4.5448      Ca B                4541.54A    -4.331    0.0064      Si 6                249.124A    -4.582    0.0036
IRAC                5.80000m    -1.446    4.9067      Ca B                4338.62A    -4.478    0.0046      level 1 lines...................................
IRAC                8.00000m    -1.285    7.1067      Ca B                4199.78A    -4.608    0.0034      recombination...................................
SPR1                250.000m    -4.374    0.0058      Ca B                4099.99A    -4.725    0.0026      C  2                1335.00A    -3.433    0.0506
SPR2                350.000m    -4.492    0.0044      Ca B                4025.55A    -4.832    0.0020      C  3                8197.00A    -5.076    0.0012
SPR3                500.000m    -4.549    0.0039      Ca B                3968.39A    -4.931    0.0016      C  3                4069.00A    -4.681    0.0029
PAC1                70.0000m    -3.319    0.0658      Ca B                3923.44A    -5.022    0.0013      C  3                1923.00A    -4.019    0.0131
PAC2                100.000m    -1.507    4.2653      Ca B                3887.40A    -5.106    0.0011      C  3                4649.00A    -4.705    0.0027
PAC3                160.000m    -3.709    0.0268      Ca B                1.86365m    -3.881    0.0180      C  3                2163.00A    -4.843    0.0020
PAH                 3.30000m    -2.371    0.5832      Ca B                1.16262m    -4.127    0.0102      C  4                4659.00A    -4.976    0.0015
PAHC                3.23000m    -2.522    0.4125      Ca B                9344.80A    -4.334    0.0064      C  4                2529.00A    -4.545    0.0039
PAHC                3.37000m    -2.683    0.2846      Ca B                8236.67A    -4.510    0.0042      C  4                1549.00A    -3.758    0.0239
PAH                 6.20000m    -1.950    1.5376      Ca B                7592.65A    -4.662    0.0030      N  3                4379.00A    -5.128    0.0010
PAHC                5.65000m    -1.860    1.8921      Ca B                7177.41A    -4.796    0.0022      N  3                1885.00A    -4.589    0.0035
PAH                 7.90000m    -1.705    2.7055      Ca B                6890.80A    -4.916    0.0017      N  4                1036.00A    -4.957    0.0015
PAHC                6.90000m    -1.701    2.7323      Ca B                6683.11A    -5.026    0.0013      O  2                4094.00A    -5.031    0.0013
PAH                 11.3000m    -2.497    0.4362      Ca B                6527.01A    -5.126    0.0010      O  2                4075.00A    -4.675    0.0029
PAHC                10.9000m    -2.433    0.5062      Ca B                3.09080m    -4.273    0.0073      O  2                4111.00A    -4.983    0.0014
PAH                 11.8000m    -2.311    0.6698      Ca B                1.87431m    -4.476    0.0046      O  2                4651.00A    -4.451    0.0049
PAHC                12.6500m    -2.441    0.4966      Ca B                1.47602m    -4.656    0.0030      O  2                4341.00A    -4.728    0.0026
PAH                 13.3000m    -2.412    0.5307      Ca B                1.28127m    -4.812    0.0021      O  3                3265.00A    -4.703    0.0027
PAHC                14.1000m    -2.153    0.9635      Ca B                1.16730m    -4.950    0.0015      O  3                3762.00A    -4.963    0.0015
Bcon                3640.00A    -0.193   87.9496      Ca B                1.09334m    -5.073    0.0012      O  4                4632.00A    -5.119    0.0010
Pcon                5000.00A    -0.488   44.5900      Ca B                4.76213m    -4.616    0.0033      O  4                2450.00A    -4.686    0.0028
O3bn                5007.00A    -1.003   13.6289      Ca B                2.82519m    -4.785    0.0023      O  4                1068.00A    -4.484    0.0045
SX                  25.0000A    -1.973    1.4592      Ca B                2.18848m    -4.943    0.0016      O  5                1644.00A    -4.987    0.0014
HX                  4.70000A    -1.444    4.9381      Ca B                1.87570m    -5.083    0.0011      C  2                1167.50A    -5.100    0.0011
ROSA                12.3980A    -1.651    3.0658      Ca B                6.94599m    -4.922    0.0016      C  2                1092.50A    -4.492    0.0044
HFFc                      0     -1.870    1.8496      Ca B                4.04945m    -5.062    0.0012      C  2                1036.80A    -4.100    0.0109
H FF                      0     -1.929    1.6145      He 2                607.571A    -1.526    4.0842      C  2                946.100A    -4.163    0.0094
HeFF                      0     -2.788    0.2236      He 2                303.784A    -1.198    8.6916      C  2                799.800A    -3.279    0.0722
MeFB                      0     -3.424    0.0516      He 2                256.317A    -4.294    0.0070      C  3                2512.20A    -4.581    0.0036
MeFF                      0     -4.082    0.0114      He 2                243.027A    -4.431    0.0051      C  3                2440.00A    -5.048    0.0012
ToFF                      0     -1.870    1.8495      He 2                237.331A    -4.498    0.0044      C  3                2296.90A    -3.535    0.0400
nFnu                6915.34m    -5.093    0.0011      He 2                234.347A    -4.536    0.0040      C  3                2296.10A    -4.779    0.0023
nFnu                122.367m    -3.622    0.0328      He 2                232.584A    -4.564    0.0037      C  3                2200.40A    -4.609    0.0034
nInu                122.367m    -4.680    0.0029      He 2                231.454A    -4.581    0.0036      C  3                2114.30A    -4.694    0.0028
nFnu                60.8157m    -3.376    0.0576      He 2                230.686A    -4.605    0.0034      C  3                2017.40A    -4.380    0.0057
nInu                60.8157m    -3.622    0.0328      He 2                230.139A    -4.622    0.0033      C  3                1923.30A    -4.768    0.0023
nFnu                41.2039m    -3.232    0.0804      He 2                229.736A    -4.722    0.0026      C  3                1828.00A    -3.571    0.0368
nInu                41.2039m    -3.029    0.1283      He 2                229.431A    -4.734    0.0025      C  3                1796.80A    -4.724    0.0026
nFnu                30.8611m    -3.128    0.1022      He 2                229.194A    -4.748    0.0024      C  3                1701.60A    -4.875    0.0018
nInu                30.8611m    -2.588    0.3540      He 2                229.006A    -4.761    0.0024      C  3                1633.60A    -4.797    0.0022
nFnu                24.7761m    -3.049    0.1226      He 2                228.855A    -4.774    0.0023      C  3                1620.30A    -5.110    0.0011
nInu                24.7761m    -2.254    0.7645      He 2                228.731A    -4.786    0.0022      C  3                1577.10A    -3.513    0.0421
nFnu                24.2932m    -3.042    0.1245      He 2                228.629A    -4.796    0.0022      C  3                1548.90A    -4.676    0.0029
nInu                24.2932m    -2.223    0.8199      He 2                228.543A    -4.804    0.0022      C  3                1516.30A    -5.074    0.0012
nFnu                22.8240m    -3.019    0.1312      He 2                228.471A    -4.810    0.0021      C  3                1491.20A    -4.552    0.0038
nInu                22.8240m    -2.132    1.0115      He 2                228.409A    -4.812    0.0021      C  3                1480.40A    -5.021    0.0013
nFnu                21.4141m    -2.997    0.1379      He 2                228.356A    -4.809    0.0021      C  3                1478.10A    -4.551    0.0039
nInu                21.4141m    -2.036    1.2625      He 2                1640.41A    -2.048    1.2271      C  3                1381.70A    -5.124    0.0010
nFnu                21.1177m    -2.992    0.1398      He 2                1215.13A    -2.519    0.4155      C  3                1296.30A    -4.667    0.0030
nInu                21.1177m    -2.011    1.3383      He 2                1084.94A    -2.855    0.1916      C  3                1247.40A    -4.029    0.0128
nFnu                19.6146m    -2.964    0.1489      He 2                1025.27A    -3.114    0.1055      C  3                1175.70A    -3.355    0.0605
nInu                19.6146m    -1.899    1.7298      He 2                992.358A    -3.324    0.0650      C  3                977.000A    -3.019    0.1313
nFnu                17.6486m    -2.926    0.1626      He 2                972.106A    -3.501    0.0432      C  3                574.300A    -4.103    0.0108
nInu                17.6486m    -1.742    2.4834      He 2                958.693A    -3.654    0.0304      C  3                538.200A    -4.104    0.0108
nFnu                17.3653m    -2.920    0.1648      He 2                949.323A    -3.787    0.0224      C  3                511.500A    -4.071    0.0117
nInu                17.3653m    -1.717    2.6325      He 2                942.507A    -3.668    0.0294      C  3                493.500A    -3.782    0.0227
nFnu                15.6859m    -2.885    0.1787      He 2                937.389A    -3.764    0.0236      C  3                492.600A    -3.923    0.0164
nInu                15.6859m    -1.560    3.7794      He 2                933.444A    -3.851    0.0193      C  3                483.700A    -3.943    0.0156
nFnu                14.5997m    -2.858    0.1903      He 2                930.337A    -3.932    0.0161      C  3                476.000A    -3.784    0.0225
nInu                14.5997m    -1.453    4.8284      He 2                927.846A    -4.006    0.0135      C  3                459.600A    -2.889    0.1769
nFnu                12.4266m    -2.796    0.2196      He 2                925.816A    -4.075    0.0115      C  3                450.700A    -4.062    0.0119
nInu                12.4266m    -1.205    8.5514      He 2                924.142A    -4.139    0.0100      C  3                433.300A    -4.105    0.0108
nFnu                11.3969m    -2.766    0.2348      He 2                922.743A    -4.197    0.0087      C  3                411.700A    -2.910    0.1687
nInu                11.3969m    -1.073   11.5812      He 2                921.562A    -4.251    0.0077      C  3                398.400A    -3.093    0.1106
nFnu                10.4572m    -2.731    0.2546      He 2                920.556A    -4.298    0.0069      C  3                371.700A    -3.768    0.0234
nInu                10.4572m    -0.942   15.6845      He 2                919.693A    -4.337    0.0063      N  2                1085.10A    -4.575    0.0037
nFnu                9.47744m    -2.699    0.2741      He 2                4685.68A    -2.941    0.1570      N  2                916.300A    -4.986    0.0014
nInu                9.47744m    -0.874   18.3074      He 2                3203.08A    -3.261    0.0752      N  2                646.400A    -4.640    0.0031
nFnu                9.32234m    -2.694    0.2776      He 2                2733.28A    -3.524    0.0411      N  3                2188.10A    -4.751    0.0024
nInu                9.32234m    -0.874   18.3074      He 2                2511.19A    -3.739    0.0250      N  3                2064.30A    -4.328    0.0064
nFnu                8.20812m    -2.644    0.3116      He 2                2385.39A    -3.920    0.0165      N  3                1498.30A    -4.802    0.0022
nInu                8.20812m    -0.874   18.3073      He 2                2306.18A    -4.076    0.0115      N  3                991.000A    -3.128    0.1020
nFnu                7.57793m    -2.618    0.3305      He 2                2252.67A    -4.214    0.0084      N  3                979.900A    -5.126    0.0010
nInu                7.57793m    -0.874   18.3073      He 2                2214.65A    -4.184    0.0090      N  3                782.900A    -4.104    0.0108
nFnu                7.04834m    -2.582    0.3588      He 2                2186.59A    -4.279    0.0072      N  3                764.000A    -3.663    0.0298
nInu                7.04834m    -0.874   18.3073      He 2                2165.23A    -4.366    0.0059      N  3                685.700A    -3.911    0.0168
nFnu                4.11258m    -2.374    0.5789      He 2                2148.58A    -4.446    0.0049      N  3                472.300A    -4.205    0.0086
nInu                4.11258m    -0.874   18.3071      He 2                2135.34A    -4.520    0.0041      N  3                418.800A    -3.630    0.0322
nFnu                2.32377m    -2.187    0.8920      He 2                2124.61A    -4.589    0.0035      N  3                411.300A    -4.186    0.0089
nInu                2.32377m    -0.875   18.3068      He 2                2115.81A    -4.653    0.0031      N  3                391.300A    -4.035    0.0127
nFnu                1.64268m    -2.042    1.2450      He 2                2108.49A    -4.711    0.0027      N  3                387.400A    -3.558    0.0379
nInu                1.64268m    -0.875   18.3067      He 2                2102.33A    -4.764    0.0024      N  3                374.400A    -3.724    0.0259
nFnu                1.47981m    -2.028    1.2870      He 2                2097.10A    -4.811    0.0021      N  3                348.700A    -2.967    0.1479
nInu                1.47981m    -0.875   18.3067      He 2                2092.63A    -4.850    0.0019      N  3                340.200A    -3.310    0.0671
nFnu                1.43610m    -1.873    1.8377      He 2                1.01235m    -3.559    0.0378      N  3                323.300A    -3.952    0.0153
nInu                1.43610m    -0.875   18.3067      He 2                6560.01A    -3.795    0.0220      N  3                311.600A    -4.144    0.0098
nFnu                1.11836m    -1.850    1.9378      He 2                5411.45A    -4.009    0.0134      N  4                1718.60A    -4.952    0.0015
nInu                1.11836m    -0.875   18.3065      He 2                4859.26A    -4.193    0.0088      N  4                923.200A    -4.716    0.0026
nFnu                8327.39A    -1.829    2.0323      He 2                4541.54A    -4.352    0.0061      N  4                765.100A    -4.389    0.0056
nInu                8327.39A    -0.875   18.3063      He 2                4338.62A    -4.492    0.0044      N  4                322.600A    -4.933    0.0016
nFnu                8076.39A    -1.512    4.2221      He 2                4199.78A    -4.553    0.0038      N  4                297.700A    -4.951    0.0015
nInu                8076.39A    -0.875   18.3063      He 2                4099.99A    -4.647    0.0031      N  4                283.500A    -4.272    0.0073
nFnu                6207.94A    -1.534    4.0072      He 2                4025.55A    -4.734    0.0025      N  4                239.600A    -4.549    0.0039
nInu                6207.94A    -0.875   18.3062      He 2                3968.39A    -4.814    0.0021      N  4                225.300A    -4.242    0.0079
nFnu                4884.00A    -1.534    4.0136      He 2                3923.44A    -4.888    0.0018      N  4                221.800A    -4.909    0.0017
nInu                4884.00A    -0.875   18.3062      He 2                3887.40A    -4.957    0.0015      N  4                217.900A    -4.643    0.0031
nFnu                3703.28A    -1.486    4.4741      He 2                3858.03A    -5.020    0.0013      N  4                177.600A    -4.693    0.0028
nInu                3703.28A    -0.836   20.0111      He 2                3833.76A    -5.079    0.0011      O  2                386.300A    -3.405    0.0540
nFnu                3586.64A    -0.842   19.7107      He 2                3813.45A    -5.132    0.0010      O  2                385.700A    -3.582    0.0359
nInu                3586.64A    -0.829   20.3135      He 2                1.86365m    -4.062    0.0119      O  3                1947.20A    -4.991    0.0014
nFnu                2429.31A    -1.038   12.5493      He 2                1.16262m    -4.239    0.0079      O  3                834.500A    -3.282    0.0716
nInu                2429.31A    -0.745   24.6862      He 2                9344.80A    -4.416    0.0053      O  3                703.400A    -3.622    0.0328
nFnu                2391.30A    -1.041   12.4735      He 2                8236.67A    -4.573    0.0037      O  3                599.600A    -4.130    0.0102
nInu                2391.30A    -0.741   24.8928      He 2                7592.65A    -4.714    0.0027      O  3                541.600A    -4.068    0.0117
nFnu                2070.68A    -1.030   12.7893      He 2                7177.41A    -4.842    0.0020      O  3                374.100A    -3.746    0.0246
nInu                2070.68A    -0.710   26.7424      He 2                6890.80A    -4.936    0.0016      O  3                320.700A    -3.746    0.0246
nFnu                2052.02A    -1.014   13.2928      He 2                6683.11A    -5.022    0.0013      O  3                300.500A    -3.115    0.1053
nInu                2052.02A    -0.708   26.8764      He 2                6527.01A    -5.101    0.0011      O  3                299.300A    -3.518    0.0416
nFnu                1793.44A    -0.948   15.4469      He 2                3.09080m    -4.491    0.0044      O  4                3037.90A    -5.042    0.0012
nInu                1793.44A    -0.679   28.7295      He 2                1.87431m    -4.626    0.0032      O  4                2511.20A    -5.062    0.0012
nFnu                1585.12A    -0.915   16.6625      He 2                1.47602m    -4.772    0.0023      O  4                1341.80A    -4.370    0.0059
nInu                1585.12A    -0.651   30.6067      He 2                1.28127m    -4.909    0.0017      O  4                1289.40A    -4.581    0.0036
nFnu                1458.33A    -0.912   16.7809      He 2                1.16730m    -5.080    0.0011      O  4                1212.90A    -4.970    0.0015
nInu                1458.33A    -0.633   31.9092      He 2                4.76213m    -4.865    0.0019      O  4                922.700A    -4.395    0.0055
nFnu                1356.96A    -0.953   15.2878      He 2                2.82519m    -4.968    0.0015      O  4                844.400A    -4.141    0.0099
nInu                1356.96A    -0.618   33.0462      He 2                2.18848m    -5.091    0.0011      O  4                789.400A    -2.834    0.2010
nFnu                1297.29A    -1.056   12.0556      He-like iso-sequence............................      O  4                779.900A    -3.398    0.0549
nInu                1297.29A    -0.608   33.8265      He 1                1202.81A    -2.269    0.7373      O  4                745.800A    -4.756    0.0024
nFnu                1262.79A    -1.212    8.4223      He 1                584.334A    -3.201    0.0863      O  4                713.000A    -4.413    0.0053
nInu                1262.79A    -0.602   34.2807      He 1                537.030A    -4.215    0.0084      O  4                703.900A    -4.602    0.0034
nFnu                1218.08A    -2.050    1.2207      He 1                522.213A    -4.345    0.0062      O  4                636.500A    -4.544    0.0039
nInu                1218.08A    -0.594   34.9150      He 1                515.617A    -4.415    0.0053      O  4                617.000A    -3.881    0.0180
nFnu                1196.33A    -2.042    1.2438      He 1                512.099A    -4.466    0.0047      O  4                609.400A    -3.764    0.0236
nInu                1196.33A    -0.590   35.2072      He 1                625.563A    -1.564    3.7443      O  4                554.400A    -3.373    0.0581
nFnu                1175.06A    -2.033    1.2701      He 1                510.018A    -4.704    0.0027      O  4                487.000A    -4.641    0.0031
nInu                1175.06A    -0.587   35.5018      He 1                508.657A    -4.717    0.0026      O  4                442.800A    -5.108    0.0011
nFnu                1143.64A    -2.015    1.3254      He 1                507.727A    -4.754    0.0024      O  4                379.800A    -4.223    0.0082
nInu                1143.64A    -0.580   36.0384      He 1                507.065A    -4.750    0.0024      O  4                306.700A    -4.456    0.0048
nFnu                1113.22A    -1.997    1.3823      He 1                506.576A    -4.758    0.0024      O  4                303.500A    -5.027    0.0013
nInu                1113.22A    -0.575   36.5223      He 1                506.204A    -4.774    0.0023      O  4                289.900A    -4.546    0.0039
nFnu                1103.23A    -1.992    1.3976      He 1                505.916A    -4.792    0.0022      O  4                288.500A    -3.948    0.0155
nInu                1103.23A    -0.573   36.6442      He 1                505.687A    -4.811    0.0021      O  4                285.800A    -4.142    0.0099
nFnu                1073.86A    -1.972    1.4629      He 1                505.502A    -4.830    0.0020      O  4                279.800A    -4.444    0.0049
nInu                1073.86A    -0.567   37.1348      He 1                505.352A    -4.850    0.0019      O  4                276.100A    -4.020    0.0131
nFnu                1064.34A    -1.964    1.4888      He 1                505.227A    -4.871    0.0018      O  4                273.500A    -4.064    0.0118
nInu                1064.34A    -0.565   37.3210      He 1                505.122A    -4.891    0.0018      O  4                267.000A    -4.005    0.0135
nFnu                1035.92A    -1.943    1.5618      He 1                505.033A    -4.911    0.0017      O  4                265.500A    -3.080    0.1141
nInu                1035.92A    -0.559   37.8219      He 1                504.958A    -4.996    0.0014      O  4                260.500A    -3.406    0.0539
nFnu                1000.00A    -1.914    1.6706      He 1                504.893A    -4.992    0.0014      O  4                258.600A    -4.000    0.0137
nInu                1000.00A    -0.551   38.5217      He 1                504.836A    -4.972    0.0015      O  4                252.500A    -3.940    0.0157
nFnu                925.144A    -1.853    1.9249      He 1                504.787A    -5.031    0.0013      O  4                250.300A    -3.925    0.0163
nInu                925.144A    -0.535   40.0272      He 1                504.744A    -4.988    0.0014      O  4                238.500A    -3.962    0.0150
RRC.............................................      He 1                504.706A    -4.924    0.0016      O  4                224.100A    -3.464    0.0471
H  1                3645.98A    -2.015    1.3234      He 1                504.672A    -4.148    0.0097      O  4                216.200A    -4.208    0.0085
H  1                3645.98A    -1.675    2.8956      He 1                1.08291m    -3.888    0.0177      O  4                213.000A    -3.797    0.0219
H  1                8203.57A    -2.746    0.2462      He 1                1.08302m    -3.418    0.0523      O  4                211.300A    -3.776    0.0230
H  1                8203.57A    -2.359    0.6003      He 1                1.08303m    -3.194    0.0877      O  4                207.200A    -3.726    0.0258
H  1                8203.57A    -2.470    0.4644      Blnd                1.08302m    -2.939    0.1578      O  4                203.000A    -4.119    0.0104
H  1                1.45842m    -3.229    0.0810      He 1                3888.64A    -3.239    0.0792      O  4                200.800A    -2.798    0.2183
H  1                1.45842m    -2.835    0.2004      He 1                3187.74A    -3.623    0.0326      O  4                196.400A    -3.102    0.1084
H  1                1.45842m    -2.841    0.1980      He 1                2945.10A    -3.932    0.0160      O  4                188.200A    -3.978    0.0144
H  1                1.45842m    -3.190    0.0886      He 1                2829.08A    -4.184    0.0090      O  4                184.200A    -4.577    0.0036
H  1                2.27878m    -3.583    0.0358      He 1                2760.44A    -4.774    0.0023      O  4                182.800A    -3.982    0.0143
H  1                2.27878m    -3.190    0.0885      He 1                2721.00A    -4.921    0.0016      O  4                171.100A    -4.171    0.0093
H  1                2.27878m    -3.164    0.0940      He 1                2694.61A    -5.054    0.0012      O  4                158.600A    -3.120    0.1040
H  1                2.27878m    -3.367    0.0588      He 1                2.05813m    -4.121    0.0104      O  5                1371.30A    -4.957    0.0015
H  1                2.27878m    -3.869    0.0185      He 1                5015.68A    -3.850    0.0194      O  5                760.400A    -4.687    0.0028
H  1                3.28145m    -3.861    0.0189      He 1                3964.73A    -4.236    0.0080      O  5                629.700A    -4.407    0.0054
H  1                3.28145m    -3.470    0.0465      He 1                3613.64A    -4.540    0.0040      O  5                202.300A    -4.731    0.0025
H  1                3.28145m    -3.431    0.0508      He 1                3447.59A    -4.790    0.0022      O  5                192.900A    -4.261    0.0075
H  1                3.28145m    -3.582    0.0359      He 1                7065.71A    -4.831    0.0020      O  5                168.000A    -4.323    0.0065
H  1                3.28145m    -3.911    0.0168      He 1                7065.21A    -4.354    0.0061      O  5                141.300A    -4.274    0.0073
H  1                3.28145m    -4.515    0.0042      He 1                7065.18A    -4.132    0.0101      level2 lines....................................
H  1                4.46642m    -4.088    0.0112      Blnd                7065.25A    -3.877    0.0182      C  2                596.559A    -4.893    0.0018
H  1                4.46642m    -3.699    0.0274      He 1                5875.98A    -4.173    0.0092      C  2                561.959A    -4.942    0.0016
H  1                4.46642m    -3.656    0.0303      He 1                5875.64A    -3.696    0.0276      C  2                530.721A    -4.969    0.0015
H  1                4.46642m    -3.781    0.0227      He 1                5875.61A    -3.474    0.0460      C  2                544.909A    -4.990    0.0014
H  1                4.46642m    -4.041    0.0125      Blnd                5875.66A    -3.219    0.0829      C  2                535.300A    -5.006    0.0014
H  1                4.46642m    -4.453    0.0048      He 1                4713.16A    -5.070    0.0012      C  2                550.361A    -5.109    0.0011
H  1                4.46642m    -5.126    0.0010      He 1                4713.14A    -4.848    0.0019      C  3                271.090A    -4.621    0.0033
H  1                5.83369m    -4.281    0.0072      Blnd                4713.17A    -4.592    0.0035      C  3                268.600A    -4.637    0.0032
H  1                5.83369m    -3.893    0.0175      He 1                4471.69A    -4.579    0.0036      C  3                266.880A    -4.654    0.0030
H  1                5.83369m    -3.848    0.0195      He 1                4471.49A    -4.102    0.0108      C  3                288.500A    -4.659    0.0030
H  1                5.83369m    -3.960    0.0150      He 1                4471.47A    -3.880    0.0181      C  4                223.140A    -4.549    0.0039
H  1                5.83369m    -4.184    0.0090      Blnd                4471.50A    -3.625    0.0325      C  4                212.750A    -4.687    0.0028
H  1                5.83369m    -4.513    0.0042      Blnd                4120.84A    -5.020    0.0013      C  4                206.950A    -4.771    0.0023
H  1                5.83369m    -4.980    0.0014      He 1                4026.36A    -4.893    0.0018      C  4                203.370A    -4.845    0.0020
H  1                7.38326m    -4.448    0.0049      He 1                4026.20A    -4.416    0.0053      C  4                200.980A    -4.899    0.0017
H  1                7.38326m    -4.062    0.0119      He 1                4026.19A    -4.194    0.0088      C  4                199.320A    -4.956    0.0015
H  1                7.38326m    -4.015    0.0132      Blnd                4026.21A    -3.939    0.0158      N  1                942.258A    -4.918    0.0017
H  1                7.38326m    -4.120    0.0104      He 1                3819.61A    -4.671    0.0029      N  2                532.161A    -5.062    0.0012
H  1                7.38326m    -4.324    0.0065      He 1                3819.60A    -4.449    0.0049      N  3                293.510A    -4.627    0.0032
H  1                7.38326m    -4.608    0.0034      Blnd                3819.62A    -4.194    0.0088      N  3                283.090A    -4.656    0.0030
H  1                7.38326m    -4.981    0.0014      He 1                3704.90A    -5.091    0.0011      N  3                264.550A    -4.667    0.0030
H  1                9.11514m    -4.595    0.0035      He 1                3704.76A    -4.613    0.0033      N  3                277.180A    -4.679    0.0029
H  1                9.11514m    -4.210    0.0085      He 1                3704.75A    -4.392    0.0056      N  3                312.110A    -4.679    0.0029
H  1                9.11514m    -4.163    0.0094      Blnd                3704.77A    -4.136    0.0100      N  3                273.490A    -4.701    0.0027
H  1                9.11514m    -4.264    0.0075      He 1                3634.08A    -4.777    0.0023      N  3                267.450A    -4.717    0.0026
H  1                9.11514m    -4.455    0.0048      He 1                3634.07A    -4.555    0.0038      N  3                248.910A    -4.754    0.0024
H  1                9.11514m    -4.712    0.0027      Blnd                3634.09A    -4.299    0.0069      N  3                271.020A    -4.723    0.0026
H  1                9.11514m    -5.032    0.0013      He 1                3587.16A    -4.920    0.0017      N  3                305.650A    -4.731    0.0025
H  1                11.0293m    -3.678    0.0288      He 1                3587.15A    -4.698    0.0028      N  3                269.290A    -4.741    0.0025
H  1                13.1258m    -3.790    0.0222      Blnd                3587.17A    -4.442    0.0050      N  3                300.710A    -4.748    0.0024
H  1                15.4046m    -3.893    0.0175      He 1                3554.34A    -5.047    0.0012      N  3                238.620A    -4.854    0.0019
H  1                17.8657m    -3.989    0.0141      He 1                3554.33A    -4.825    0.0021      N  3                234.300A    -4.875    0.0018
H  1                20.5091m    -4.079    0.0114      Blnd                3554.35A    -4.570    0.0037      N  3                286.900A    -4.829    0.0020
H  1                23.3348m    -4.162    0.0094      He 1                3530.43A    -4.942    0.0016      N  3                231.470A    -4.967    0.0015
H  1                26.3428m    -4.241    0.0079      Blnd                3530.44A    -4.686    0.0028      N  3                279.440A    -4.879    0.0018
H  1                29.5331m    -4.315    0.0066      He 1                3512.46A    -5.047    0.0012      N  3                229.580A    -4.987    0.0014
H  1                32.9057m    -4.385    0.0057      Blnd                3512.48A    -4.792    0.0022      N  3                274.950A    -4.923    0.0016
H  1                36.4606m    -4.452    0.0048      Blnd                3498.62A    -4.889    0.0018      N  3                272.030A    -4.955    0.0015
H  1                40.1978m    -4.515    0.0042      Blnd                3487.70A    -4.978    0.0014      N  3                270.020A    -4.976    0.0014
H  1                44.1173m    -4.575    0.0036      Blnd                3478.95A    -5.061    0.0012      N  4                197.610A    -4.684    0.0028
H  1                48.2191m    -4.633    0.0032      He 1                3439.98A    -4.970    0.0015      N  4                182.190A    -4.818    0.0021
H  1                52.5033m    -4.688    0.0028      Blnd                3440.00A    -4.715    0.0026      N  4                175.020A    -4.911    0.0017
H  1                56.9697m    -3.521    0.0413      He 1                7281.35A    -4.461    0.0047      N  4                170.460A    -4.994    0.0014
He 2                2049.91A    -3.426    0.0514      He 1                6678.15A    -3.769    0.0234      N  4                168.090A    -5.006    0.0014
He 2                2049.91A    -2.965    0.1486      He 1                5047.74A    -5.023    0.0013      N  4                192.880A    -4.991    0.0014
He 2                2049.91A    -2.966    0.1483      He 1                4921.93A    -4.194    0.0088      N  4                167.260A    -5.116    0.0011
He 2                3644.44A    -3.961    0.0150      He 1                4387.93A    -4.512    0.0042      N  4                211.600A    -4.960    0.0015
He 2                3644.44A    -3.491    0.0442      He 1                4143.76A    -4.768    0.0023      N  5                147.670A    -5.044    0.0012
He 2                3644.44A    -3.379    0.0573      He 1                4009.05A    -4.773    0.0023      O  1                976.791A    -4.893    0.0018
He 2                3644.44A    -3.603    0.0342      He 1                3926.41A    -4.938    0.0016      O  1                969.049A    -4.809    0.0021
He 2                5694.49A    -4.361    0.0060      He 1                3871.69A    -5.083    0.0011      O  1                946.387A    -4.856    0.0019
He 2                5694.49A    -3.890    0.0177      He 1                4.29471m    -5.073    0.0012      O  1                934.501A    -4.893    0.0018
He 2                5694.49A    -3.740    0.0249      He 1                1.25275m    -5.052    0.0012      O  1                973.577A    -4.909    0.0017
He 2                5694.49A    -3.812    0.0212      He 1                1.70025m    -4.775    0.0023      O  1                927.472A    -4.929    0.0016
He 2                5694.49A    -4.197    0.0087      He 1                1.19691m    -4.936    0.0016      O  1                948.506A    -4.971    0.0015
He 2                8200.12A    -4.675    0.0029      He 1                1.03113m    -5.134    0.0010      O  1                922.969A    -4.968    0.0015
He 2                8200.12A    -4.205    0.0086      He 1                9515.00A    -5.023    0.0013      O  1                919.912A    -5.007    0.0014
He 2                8200.12A    -4.041    0.0125      He 1                1.86854m    -4.160    0.0095      O  1                935.672A    -5.036    0.0013
He 2                8200.12A    -4.053    0.0121      He 1                1.27849m    -4.489    0.0044      O  1                917.726A    -5.048    0.0012
He 2                8200.12A    -4.259    0.0075      He 1                1.09130m    -4.755    0.0024      O  1                918.704A    -5.081    0.0011
He 2                8200.12A    -4.765    0.0024      He 1                1.00275m    -4.953    0.0015      O  1                928.186A    -5.105    0.0011
He 2                1.11613m    -4.932    0.0016      He 1                9526.01A    -5.125    0.0010      O  1                917.473A    -5.128    0.0010
He 2                1.11613m    -4.463    0.0047      He 1                1.86972m    -4.637    0.0032      O  2                425.190A    -4.714    0.0027
He 2                1.11613m    -4.293    0.0070      He 1                1.27905m    -4.967    0.0015      O  2                388.410A    -4.753    0.0024
He 2                1.11613m    -4.277    0.0072      He 1                4.04791m    -4.878    0.0018      O  2                373.600A    -4.799    0.0022
He 2                1.11613m    -4.408    0.0054      Ca B                2945.10A    -3.960    0.0150      O  2                361.821A    -4.810    0.0021
He 2                1.11613m    -4.717    0.0026      Ca B                3187.74A    -3.643    0.0312      O  2                366.060A    -4.824    0.0021
He 2                1.45781m    -4.680    0.0029      Ca B                3613.64A    -4.550    0.0039      O  2                360.570A    -4.895    0.0017
He 2                1.45781m    -4.507    0.0043      Ca B                3888.64A    -3.248    0.0775      O  2                414.619A    -4.992    0.0014
He 2                1.45781m    -4.477    0.0046      Ca B                3964.73A    -4.242    0.0079      O  2                358.780A    -5.018    0.0013
He 2                1.45781m    -4.569    0.0037      Ca B                4026.20A    -3.931    0.0161      O  2                356.930A    -5.021    0.0013
He 2                1.45781m    -4.790    0.0022      Ca B                4120.82A    -4.995    0.0014      O  2                355.610A    -5.059    0.0012
He 2                1.84504m    -4.867    0.0019      Ca B                4387.93A    -4.508    0.0043      O  3                305.400A    -3.648    0.0308
He 2                1.84504m    -4.693    0.0028      Ca B                4471.49A    -3.609    0.0337      O  3                268.070A    -4.152    0.0097
He 2                1.84504m    -4.654    0.0030      Ca B                4713.16A    -4.582    0.0036      O  3                263.850A    -4.194    0.0088
He 2                1.84504m    -4.723    0.0026      Ca B                4921.93A    -4.178    0.0091      O  3                373.640A    -4.276    0.0073
He 2                1.84504m    -4.897    0.0017      Ca B                5015.68A    -3.843    0.0197      O  3                265.020A    -4.234    0.0080
He 2                2.27783m    -5.031    0.0013      Ca B                5047.74A    -4.999    0.0014      O  3                248.730A    -4.458    0.0048
He 2                2.27783m    -4.856    0.0019      Ca B                5875.64A    -3.170    0.0927      O  3                241.200A    -4.564    0.0037
He 2                2.27783m    -4.812    0.0021      Ca B                6678.15A    -3.716    0.0263      O  3                248.620A    -4.600    0.0034
He 2                2.27783m    -4.867    0.0019      Ca B                7065.21A    -3.929    0.0162      O  3                236.890A    -4.619    0.0033
He 2                2.27783m    -5.012    0.0013      Ca B                7281.35A    -4.442    0.0050      O  3                234.190A    -4.644    0.0031
He 2                2.75620m    -4.251    0.0077      Ca B                1.08302m    -2.941    0.1571      O  3                276.900A    -4.558    0.0038
He 2                3.28011m    -4.363    0.0059      Ca B                1.19691m    -4.928    0.0016      O  3                241.140A    -4.639    0.0032
He 2                3.84958m    -4.466    0.0047      Ca B                1.27849m    -4.425    0.0052      O  3                280.450A    -4.626    0.0032
He 2                4.46460m    -4.562    0.0038      Ca B                1.27905m    -4.902    0.0017      O  3                263.230A    -4.624    0.0033
He 2                5.12518m    -4.651    0.0031      Ca B                1.70025m    -4.760    0.0024      O  3                232.380A    -4.652    0.0031
He 2                5.83131m    -4.734    0.0025      Ca B                1.86854m    -4.054    0.0121      O  3                236.860A    -4.659    0.0030
He 2                6.58301m    -4.813    0.0021      Ca B                1.86972m    -4.532    0.0040      O  3                231.110A    -4.661    0.0030
He 2                7.38026m    -4.886    0.0018      Ca B                2.05813m    -3.785    0.0225      O  3                255.390A    -4.663    0.0030
He 2                8.22307m    -4.956    0.0015      C  5                81.4655A    -4.929    0.0016      O  3                232.350A    -4.668    0.0029
He 2                9.11143m    -5.023    0.0013      C  5                40.2678A    -4.739    0.0025      O  3                234.180A    -4.674    0.0029
He 2                10.0454m    -5.086    0.0011      C  5                41.4719A    -3.960    0.0150      O  3                230.150A    -4.864    0.0019
He 2                14.2366m    -4.054    0.0121      Pho+                3889.00A    -2.659    0.3005      O  3                231.100A    -4.689    0.0028
He 1                2599.69A    -3.234    0.0800      extra Lyman.....................................      O  3                244.650A    -4.689    0.0028
He 1                3120.85A    -3.746    0.0246      database lines..................................      O  3                238.930A    -4.708    0.0027
He 1                3421.00A    -3.741    0.0249      Al 3                1862.79A    -4.515    0.0042      O  3                233.340A    -4.714    0.0026
He 1                3420.88A    -3.264    0.0747      Al 3                1854.72A    -4.295    0.0069      O  3                235.520A    -4.723    0.0026
He 1                3420.88A    -3.042    0.1245      Al 6                312.237A    -5.028    0.0013      O  3                232.490A    -4.762    0.0024
He 1                3678.70A    -3.462    0.0473      Al 6                3.65932m    -3.397    0.0550      O  3                235.000A    -4.777    0.0023
He 1                6632.16A    -4.136    0.0100      Al 6                9.11329m    -4.454    0.0048      O  4                239.130A    -3.738    0.0251
He 1                7435.20A    -4.559    0.0038      Ar 3                3109.18A    -4.957    0.0015      O  4                207.610A    -4.543    0.0039
He 1                7843.40A    -3.516    0.0418      Ar 3                7135.79A    -3.356    0.0604      O  4                196.560A    -4.600    0.0034
He 1                8188.35A    -3.743    0.0248      Ar 3                7751.11A    -3.980    0.0143      O  4                214.760A    -4.533    0.0040
He 1                8190.64A    -4.233    0.0080      Ar 3                8.98898m    -3.479    0.0456      O  4                181.780A    -4.725    0.0026
He 1                8261.30A    -4.130    0.0102      Ar 3                21.8253m    -4.642    0.0031      O  4                280.550A    -4.385    0.0057
He 1                1.24770m    -4.685    0.0028      Ar 4                840.032A    -5.025    0.0013      O  4                174.710A    -4.778    0.0023
He 1                1.35640m    -5.074    0.0012      Ar 4                843.770A    -4.986    0.0014      O  4                203.010A    -4.645    0.0031
He 1                1.40933m    -4.013    0.0133      Ar 4                850.605A    -4.955    0.0015      O  4                174.310A    -4.796    0.0022
He 1                1.45602m    -4.112    0.0106      Ar 4                2853.66A    -4.141    0.0099      O  4                182.700A    -4.770    0.0023
He 1                1.45643m    -4.605    0.0034      Ar 4                2868.22A    -4.485    0.0045      O  4                181.770A    -4.774    0.0023
He 1                1.45759m    -4.474    0.0046      Ar 4                4711.26A    -3.195    0.0875      O  4                170.710A    -4.843    0.0020
He 1                1.45759m    -4.951    0.0015      Ar 4                4740.12A    -3.344    0.0621      O  4                159.680A    -4.908    0.0017
He 1                1.46631m    -4.599    0.0034      Ar 4                7170.70A    -4.989    0.0014      O  4                168.240A    -4.871    0.0018
He 1                2.01409m    -5.073    0.0012      Ar 4                7237.77A    -5.125    0.0010      O  4                152.360A    -4.961    0.0015
He 1                2.21671m    -4.378    0.0057      Ar 4                7263.33A    -5.044    0.0012      O  4                180.320A    -4.825    0.0021
He 1                2.27546m    -4.436    0.0050      Ar 5                827.366A    -4.821    0.0021      O  4                186.020A    -4.814    0.0021
He 1                2.27605m    -4.928    0.0016      Ar 5                6435.12A    -4.260    0.0075      O  4                166.570A    -4.915    0.0017
He 1                2.27752m    -4.652    0.0031      Ar 5                7005.83A    -3.928    0.0162      O  4                165.420A    -4.932    0.0016
He 1                2.27752m    -5.130    0.0010      Ar 5                7.89971m    -3.391    0.0557      O  4                150.140A    -5.051    0.0012
He 1                2.28865m    -4.951    0.0015      Ar 5                13.0985m    -3.163    0.0942      O  4                153.570A    -5.047    0.0012
He 1                3.20639m    -4.663    0.0030      Ar 6                767.726A    -5.091    0.0011      O  4                169.860A    -4.959    0.0015
He 1                3.27716m    -4.703    0.0027      Ar 6                4.52800m    -3.462    0.0473      O  4                168.250A    -4.976    0.0014
He 1                3.27969m    -4.867    0.0019      C  2                687.053A    -5.112    0.0011      O  4                148.130A    -5.117    0.0010
He 1                4.46460m    -4.263    0.0075      C  2                687.352A    -5.136    0.0010      O  4                206.560A    -4.823    0.0021
He 1                5.83132m    -4.434    0.0050      C  2                858.559A    -4.943    0.0016      O  4                166.640A    -5.003    0.0014
He 1                7.38026m    -4.585    0.0036      C  2                903.623A    -5.108    0.0011      O  4                168.870A    -5.074    0.0012
He 1                9.11143m    -4.721    0.0026      C  2                903.962A    -4.916    0.0017      O  5                135.810A    -4.964    0.0015
He 1                11.0248m    -4.844    0.0020      C  2                904.142A    -4.362    0.0060      O  5                139.140A    -4.955    0.0015
He 1                13.1205m    -4.956    0.0015      C  2                904.480A    -4.454    0.0048      O  5                124.910A    -5.058    0.0012
He 1                15.3983m    -5.060    0.0012      C  2                1036.34A    -5.137    0.0010      O  5                119.360A    -5.122    0.0010
He 1                61.5933m    -4.721    0.0026      C  2                1037.02A    -4.392    0.0056      F  3                253.730A    -4.969    0.0015
grains..........................................      C  2                1334.53A    -4.945    0.0016      Ne 2                444.150A    -4.957    0.0015
H-like iso-sequence.............................      C  2                1335.66A    -4.427    0.0051      Ne 2                356.870A    -4.924    0.0016
H  1 Cool           1215.67A    -2.570    0.3688      C  2                1335.71A    -4.583    0.0036      Ne 2                404.130A    -5.008    0.0013
Crst                960.000A    -2.734    0.2529      C  2                2323.50A    -4.930    0.0016      Ne 2                327.700A    -5.043    0.0012
CION                      0     -4.456    0.0048      C  2                2324.69A    -4.620    0.0033      Ne 2                331.200A    -5.043    0.0012
Ca B                1215.67A    -0.604   34.0975      C  2                2325.40A    -4.131    0.0101      Ne 2                327.139A    -5.058    0.0012
Q(H)                4861.32A    -2.185    0.8956      C  2                2326.93A    -4.148    0.0098      Ne 2                355.969A    -5.057    0.0012
Q(H)                1215.67A    -0.643   31.1792      C  2                2328.12A    -4.566    0.0037      Ne 2                320.500A    -5.114    0.0011
CaBo                4861.32A    -2.140    0.9926      C  2                157.636m    -3.970    0.0147      Ne 3                250.920A    -4.474    0.0046
CaBo                1640.00A    -2.028    1.2870      C  3                1908.73A    -2.766    0.2349      Ne 3                227.420A    -4.573    0.0037
CaBo                4685.64A    -2.868    0.1859      C  3                1906.68A    -2.585    0.3566      Ne 3                218.360A    -4.926    0.0016
Ca A                1215.67A    -0.797   21.8707      C  3                977.020A    -3.405    0.0539      Ne 3                223.310A    -4.823    0.0021
Ca A                1025.72A    -1.440    4.9740      C  3                386.203A    -4.923    0.0016      Ne 3                228.870A    -4.627    0.0032
Ca A                972.537A    -1.850    1.9355      C  3                538.312A    -5.126    0.0010      Ne 3                281.580A    -4.598    0.0035
Ca A                949.743A    -2.154    0.9622      C  3                2296.87A    -4.981    0.0014      Ne 3                204.530A    -5.134    0.0010
Ca A                937.803A    -2.396    0.5508      C  3                884.524A    -4.600    0.0034      Ne 3                227.190A    -4.625    0.0032
Ca A                930.748A    -2.598    0.3457      Ca 3                409.953A    -5.064    0.0012      Ne 3                212.550A    -5.106    0.0011
Ca A                926.226A    -2.772    0.2316      Ca 4                669.696A    -4.521    0.0041      Ne 3                265.510A    -4.644    0.0031
Ca A                923.150A    -2.925    0.1629      Ca 4                3.20610m    -3.070    0.1168      Ne 3                218.030A    -5.051    0.0012
Ca A                920.963A    -3.062    0.1190      Ca 6                629.602A    -4.978    0.0014      Ne 3                217.120A    -5.118    0.0010
Ca A                919.351A    -3.185    0.0896      Ca 6                633.844A    -4.898    0.0017      Ne 3                238.070A    -4.732    0.0025
Ca A                918.129A    -3.297    0.0692      Ca 6                641.904A    -4.863    0.0019      Ne 4                171.550A    -4.636    0.0032
Ca A                917.181A    -3.400    0.0546      Cl 5                392.433A    -5.123    0.0010      Ne 4                148.550A    -4.895    0.0017
Ca A                916.429A    -3.496    0.0438      Cl 5                894.911A    -5.081    0.0011      Ne 4                207.180A    -4.694    0.0028
Ca A                915.824A    -3.584    0.0357      Cl 6                671.380A    -4.931    0.0016      Ne 4                139.980A    -5.043    0.0012
Ca A                915.329A    -3.667    0.0295      Cr 5                594.921A    -4.531    0.0040      Ne 4                159.100A    -4.932    0.0016
Ca A                914.919A    -3.745    0.0247      Fe 2                25.9813m    -4.220    0.0083      Ne 4                135.720A    -5.090    0.0011
Ca A                914.576A    -3.818    0.0209      Fe 2                5.33871m    -3.701    0.0273      Ne 4                133.390A    -5.116    0.0010
Ca A                914.286A    -3.886    0.0178      Fe 2                1.25668m    -4.966    0.0015      Ne 4                157.090A    -5.006    0.0014
Ca A                914.039A    -3.950    0.0154      Fe 2                4287.39A    -4.884    0.0018      Ne 5                143.350A    -4.642    0.0031
Ca A                913.826A    -4.011    0.0134      Fe 2                2382.04A    -4.455    0.0048      Ne 5                142.640A    -4.819    0.0021
Ca A                913.641A    -4.068    0.0117      Fe 2                35.3391m    -4.881    0.0018      Ne 5                119.100A    -5.059    0.0012
Ca A                913.480A    -4.121    0.0104      Fe 2                6.71944m    -4.841    0.0020      Ne 5                132.560A    -5.037    0.0013
Ca A                913.339A    -4.171    0.0092      Fe 2                4359.33A    -5.015    0.0013      Ne 5                167.820A    -4.844    0.0020
Ca A                6562.80A    -1.870    1.8498      Fe 2                2625.67A    -4.040    0.0125      Ne 5                131.150A    -5.100    0.0011
Ca A                4861.32A    -2.318    0.6592      Fe 2                2611.87A    -4.686    0.0028      Ne 5                136.490A    -5.100    0.0011
Ca A                4340.46A    -2.642    0.3128      Fe 2                2395.63A    -4.758    0.0024      Ne 6                122.920A    -4.982    0.0014
Ca A                4101.73A    -2.895    0.1745      Fe 2                2631.32A    -4.898    0.0017      Na 3                229.280A    -5.046    0.0012
Ca A                3970.07A    -3.104    0.1079      Fe 2                2380.76A    -4.696    0.0028      Na 5                124.710A    -5.136    0.0010
Ca A                3889.05A    -3.282    0.0716      Fe 2                17.9311m    -4.681    0.0029      Mg 4                147.190A    -4.962    0.0015
Ca A                3835.38A    -3.438    0.0501      Fe 2                1.64355m    -3.788    0.0223      Mg 4                140.710A    -5.071    0.0012
Ca A                3797.90A    -3.576    0.0364      Fe 2                1.53348m    -4.899    0.0017      Mg 4                140.340A    -5.121    0.0010
Ca A                3770.63A    -3.700    0.0274      Fe 2                5158.79A    -4.640    0.0031      Mg 5                114.050A    -5.015    0.0013
Ca A                3750.15A    -3.813    0.0211      Fe 2                4243.97A    -4.946    0.0016      Mg 5                121.620A    -5.060    0.0012
Ca A                3734.37A    -3.917    0.0166      Fe 2                2493.30A    -4.413    0.0053      Mg 5                114.810A    -5.113    0.0011
Ca A                3721.94A    -4.013    0.0133      Fe 2                1.80940m    -4.389    0.0056      Mg 6                95.1402A    -5.063    0.0012
Ca A                3711.97A    -4.103    0.0108      Fe 2                9051.95A    -4.989    0.0014      Si 2                1179.59A    -4.307    0.0068
Ca A                3703.85A    -4.186    0.0089      Fe 2                5261.63A    -5.021    0.0013      Si 2                993.354A    -4.825    0.0021
Ca A                3697.15A    -4.264    0.0075      Fe 3                22.9190m    -3.874    0.0183      Si 2                1024.03A    -4.979    0.0014
Ca A                3691.55A    -4.338    0.0063      Fe 3                4985.87A    -3.596    0.0348      Si 3                564.611A    -5.100    0.0011
Ca A                3686.83A    -4.408    0.0054      Fe 3                4881.00A    -4.505    0.0043      Si 3                464.939A    -5.045    0.0012
Ca A                3682.81A    -4.475    0.0046      Fe 3                4658.05A    -3.913    0.0168      Si 4                329.800A    -4.863    0.0019
Ca A                3679.35A    -4.538    0.0040      Fe 3                4008.35A    -5.098    0.0011      Si 4                312.700A    -4.909    0.0017
Ca A                3676.36A    -4.598    0.0035      Fe 3                3322.54A    -4.585    0.0036      Si 4                302.870A    -4.968    0.0015
Ca A                3673.76A    -4.655    0.0030      Fe 3                3239.74A    -4.753    0.0024      Si 4                296.640A    -4.990    0.0014
Ca A                3671.48A    -4.710    0.0027      Fe 3                2438.29A    -4.998    0.0014      Si 4                292.430A    -5.023    0.0013
Ca A                1.87510m    -2.666    0.2959      Fe 3                33.0270m    -4.417    0.0053      Si 5                95.5502A    -5.047    0.0012
Ca A                1.28181m    -2.991    0.1401      Fe 3                5270.40A    -4.084    0.0113      S  2                888.439A    -5.124    0.0010
Ca A                1.09381m    -3.250    0.0771      Fe 3                4754.69A    -4.638    0.0032      S  3                667.049A    -4.550    0.0039
Ca A                1.00494m    -3.464    0.0471      Fe 3                4701.54A    -4.458    0.0048      S  3                691.219A    -4.674    0.0029
Ca A                9545.97A    -3.645    0.0310      Fe 3                3371.41A    -4.718    0.0026      S  3                704.220A    -4.725    0.0026
Ca A                9229.02A    -3.803    0.0216      Fe 3                51.6655m    -5.038    0.0013      S  3                671.510A    -5.003    0.0014
Ca A                9014.91A    -3.943    0.0156      Fe 3                5011.26A    -4.754    0.0024      S  3                482.139A    -4.912    0.0017
Ca A                8862.79A    -4.069    0.0117      Fe 3                4769.43A    -4.925    0.0016      S  3                474.260A    -4.975    0.0015
Ca A                8750.48A    -4.184    0.0090      Fe 3                4733.91A    -4.944    0.0016      S  3                480.121A    -5.006    0.0014
Ca A                8665.02A    -4.288    0.0071      Fe 3                3406.18A    -5.082    0.0011      S  3                420.730A    -5.057    0.0012
Ca A                8598.40A    -4.385    0.0056      Fe 3                2.21782m    -5.050    0.0012      S  3                424.450A    -5.109    0.0011
Ca A                8545.39A    -4.475    0.0046      Fe 7                9.50763m    -2.705    0.2703      S  4                330.110A    -4.828    0.0020
Ca A                8502.49A    -4.559    0.0038      Fe 7                5720.71A    -3.414    0.0528      S  4                370.000A    -4.829    0.0020
Ca A                8467.26A    -4.638    0.0032      Fe 7                4988.55A    -3.620    0.0329      S  4                341.260A    -4.841    0.0020
Ca A                8437.96A    -4.712    0.0027      Fe 7                4893.37A    -3.890    0.0177      S  4                295.300A    -4.886    0.0018
Ca A                8413.32A    -4.783    0.0023      Fe 7                4698.24A    -4.879    0.0018      S  4                321.910A    -4.867    0.0019
Ca A                8392.40A    -4.849    0.0019      Fe 7                7.81037m    -3.239    0.0791      S  4                274.000A    -4.895    0.0017
Ca A                8374.48A    -4.913    0.0017      Fe 7                6086.97A    -3.240    0.0790      S  4                306.380A    -4.918    0.0017
Ca A                8359.01A    -4.973    0.0015      Fe 7                5158.89A    -3.757    0.0240      S  4                301.570A    -4.958    0.0015
Ca A                8345.56A    -5.031    0.0013      Fe 7                4942.48A    -4.277    0.0072      S  4                293.560A    -4.971    0.0015
Ca A                8333.79A    -5.087    0.0011      Fe 7                3586.32A    -3.796    0.0219      S  4                238.330A    -5.040    0.0013
Ca A                4.05115m    -3.268    0.0739      Fe 7                5276.38A    -4.443    0.0049      S  4                291.080A    -5.005    0.0014
Ca A                2.62515m    -3.519    0.0415      Fe 7                3758.92A    -3.642    0.0313      S  4                255.380A    -5.056    0.0012
Ca A                2.16553m    -3.734    0.0253      Fe 7                3.38363m    -4.634    0.0032      S  4                332.160A    -5.008    0.0013
Ca A                1.94456m    -3.918    0.0165      Fe 7                2.62872m    -4.597    0.0035      S  4                232.120A    -5.104    0.0011
Ca A                1.81741m    -4.079    0.0114      Fe 7                247.630A    -5.003    0.0014      S  4                248.780A    -5.111    0.0011
Ca A                1.73621m    -4.220    0.0083      K  3                4.61683m    -4.594    0.0035      S  4                283.230A    -5.085    0.0011
Ca A                1.68065m    -4.348    0.0062      K  4                5.98030m    -4.104    0.0108      S  5                285.830A    -4.751    0.0024
Ca A                1.64072m    -4.463    0.0047      Mg 1                2852.13A    -4.777    0.0023      S  5                222.770A    -4.950    0.0015
Ca A                1.61093m    -4.569    0.0037      Mg 3                231.734A    -4.626    0.0032      S  5                235.180A    -4.977    0.0014
Ca A                1.58805m    -4.666    0.0030      Mg 3                234.264A    -4.834    0.0020      S  5                261.970A    -5.103    0.0011
Ca A                1.57007m    -4.757    0.0024      Mg 7                9.03096m    -4.472    0.0046      Ar 3                458.140A    -4.480    0.0045
Ca A                1.55565m    -4.841    0.0020      Mg 7                5.50208m    -4.561    0.0038      Ar 3                464.671A    -4.599    0.0035
Ca A                1.54389m    -4.921    0.0016      Mg 7                431.189A    -5.098    0.0011      Ar 3                451.091A    -4.826    0.0020
Ca A                1.53418m    -4.995    0.0014      N  1                1134.17A    -5.020    0.0013      Ar 3                472.659A    -4.784    0.0023
Ca A                1.52605m    -5.066    0.0012      N  1                1134.41A    -4.945    0.0016      Ar 3                488.909A    -4.928    0.0016
Ca A                1.51919m    -5.133    0.0010      N  1                1134.98A    -4.910    0.0017      Ar 3                388.490A    -4.935    0.0016
Ca A                7.45782m    -3.760    0.0239      N  1                1199.55A    -4.603    0.0034      Ar 3                527.451A    -4.957    0.0015
Ca A                4.65251m    -3.958    0.0151      N  1                1200.22A    -4.641    0.0031      Ar 3                360.940A    -4.995    0.0014
Ca A                3.73954m    -4.141    0.0099      N  1                1200.71A    -4.769    0.0023      Ar 3                345.990A    -4.991    0.0014
Ca A                3.29609m    -4.302    0.0068      N  4                1486.50A    -3.532    0.0402      Ar 3                365.099A    -5.022    0.0013
Ca A                3.03837m    -4.445    0.0049      N  4                1483.32A    -3.381    0.0570      Ar 3                517.521A    -5.125    0.0010
Ca A                2.87221m    -4.573    0.0037      N  4                765.147A    -4.350    0.0061      Ar 3                387.261A    -5.121    0.0010
Ca A                2.75752m    -4.689    0.0028      N  4                247.205A    -4.830    0.0020      Ar 3                360.231A    -5.133    0.0010
Ca A                2.67440m    -4.796    0.0022      N  4                1718.55A    -5.011    0.0013      Ar 4                444.680A    -4.175    0.0092
Ca A                2.61194m    -4.894    0.0018      N  4                463.736A    -4.443    0.0049      Ar 4                392.000A    -4.828    0.0020
Ca A                2.56363m    -4.985    0.0014      N  5                209.274A    -4.637    0.0032      Ar 4                278.290A    -4.917    0.0017
Ca A                2.52540m    -5.070    0.0012      N  5                209.308A    -4.672    0.0029      Ar 4                247.340A    -5.011    0.0013
Ca A                12.3685m    -4.176    0.0092      N  5                266.379A    -5.117    0.0010      Ar 4                233.650A    -5.083    0.0011
Ca A                7.50045m    -4.337    0.0063      N  5                1238.82A    -3.963    0.0149      Ar 4                260.300A    -5.062    0.0012
Ca A                5.90660m    -4.494    0.0044      N  5                1242.80A    -4.182    0.0090      Ar 4                291.540A    -5.075    0.0012
Ca A                5.12726m    -4.636    0.0032      Na 6                14.3924m    -4.784    0.0023      Ar 4                252.150A    -5.133    0.0010
Ca A                4.67124m    -4.765    0.0024      Na 6                8.60825m    -5.007    0.0013      Ar 5                441.850A    -4.445    0.0049
Ca A                4.37526m    -4.881    0.0018      Ne 2                12.8101m    -4.772    0.0023      Ar 5                455.901A    -4.610    0.0034
Ca A                4.16966m    -4.988    0.0014      Ne 3                15.5509m    -2.231    0.8053      Ar 5                337.380A    -4.850    0.0019
Ca A                4.01977m    -5.087    0.0011      Ne 3                3868.76A    -2.339    0.6284      Ar 5                231.610A    -5.070    0.0012
Ca A                19.0567m    -4.536    0.0040      Ne 3                36.0036m    -3.271    0.0735      Ar 5                225.740A    -5.077    0.0011
Ca A                11.3056m    -4.669    0.0029      Ne 3                3967.47A    -2.857    0.1907      Ar 6                292.390A    -5.042    0.0012
Ca A                8.75768m    -4.806    0.0021      Ne 3                1814.56A    -4.641    0.0031      Ca 3                351.260A    -4.321    0.0065
Ca A                7.50606m    -4.933    0.0016      Ne 3                491.045A    -4.012    0.0133      Ca 3                298.430A    -4.715    0.0026
Ca A                6.77015m    -5.049    0.0012      Ne 3                489.645A    -4.549    0.0039      Ca 3                277.760A    -4.911    0.0017
Ca A                27.7958m    -4.855    0.0019      Ne 3                313.688A    -4.417    0.0052      Ca 3                267.540A    -4.995    0.0014
Ca A                16.2047m    -4.965    0.0015      Ne 3                490.311A    -4.471    0.0046      Ca 3                308.360A    -5.028    0.0013
Ca A                12.3838m    -5.085    0.0011      Ne 3                313.961A    -4.888    0.0018      Ca 3                261.770A    -5.067    0.0012
Ca B                6562.80A    -1.686    2.8278      Ne 3                283.799A    -5.096    0.0011      Ca 3                281.010A    -5.129    0.0010
Ca B                4861.32A    -2.141    0.9915      Ne 3                3342.18A    -5.123    0.0010      Ca 4                303.870A    -4.204    0.0086
Ca B                4340.46A    -2.470    0.4651      Ne 3                379.308A    -5.040    0.0013      Ca 4                310.370A    -4.405    0.0054
Ca B                4101.73A    -2.727    0.2573      Ne 5                24.3108m    -2.154    0.9626      Ca 4                307.850A    -4.336    0.0063
Ca B                3970.07A    -2.938    0.1581      Ne 5                14.3178m    -2.333    0.6372      Ca 4                323.400A    -4.387    0.0056
Ca B                3889.05A    -3.119    0.1044      Ne 5                3345.82A    -3.377    0.0575      Ca 4                319.070A    -4.255    0.0076
Ca B                3835.38A    -3.276    0.0727      Ne 5                569.756A    -4.548    0.0039      Ca 4                243.380A    -4.915    0.0017
Ca B                3797.90A    -3.415    0.0527      Ne 5                481.366A    -4.971    0.0015      Ca 4                237.560A    -4.917    0.0017
Ca B                3770.63A    -3.541    0.0394      Ne 5                358.474A    -4.761    0.0024      Ca 4                234.960A    -4.945    0.0016
Ca B                3750.15A    -3.655    0.0303      Ne 5                3425.88A    -2.945    0.1555      Ca 4                342.770A    -4.950    0.0015
Ca B                3734.37A    -3.760    0.0238      Ne 5                482.990A    -4.492    0.0044      Ca 4                244.300A    -5.044    0.0012
Ca B                3721.94A    -3.857    0.0191      Ne 5                359.374A    -4.281    0.0072      Ca 4                410.199A    -5.058    0.0012
Ca B                3711.97A    -3.947    0.0155      O  1                1040.94A    -5.131    0.0010      Ca 4                236.130A    -5.126    0.0010
Ca B                3703.85A    -4.031    0.0128      O  1                1304.86A    -4.741    0.0025      Ca 5                314.530A    -4.235    0.0080
Ca B                3697.15A    -4.110    0.0107      O  1                6300.30A    -4.366    0.0059      Ca 5                325.410A    -4.347    0.0062
Ca B                3691.55A    -4.184    0.0090      O  1                6363.78A    -4.861    0.0019      Ca 5                332.080A    -4.599    0.0035
Ca B                3686.83A    -4.254    0.0076      O  1                63.1679m    -4.872    0.0018      Ca 5                263.570A    -4.917    0.0017
Ca B                3682.81A    -4.320    0.0066      O  2                539.086A    -4.887    0.0018      Ca 5                276.240A    -4.913    0.0017
Ca B                3679.35A    -4.383    0.0057      O  2                539.547A    -4.925    0.0016      Ca 5                660.908A    -4.960    0.0015
Ca B                3676.36A    -4.442    0.0050      O  2                539.854A    -5.002    0.0014      Ca 5                251.650A    -4.970    0.0015
Ca B                3673.76A    -4.499    0.0043      O  2                832.758A    -4.912    0.0017      Ca 5                368.590A    -5.068    0.0012
Ca B                3671.48A    -4.553    0.0038      O  2                833.330A    -4.849    0.0019      Ca 5                366.341A    -5.119    0.0010
Ca B                1.87510m    -2.618    0.3305      O  2                834.465A    -4.829    0.0020      Ca 6                330.390A    -4.529    0.0041
Ca B                1.28181m    -2.933    0.1601      O  2                2470.34A    -4.639    0.0032      Ca 6                227.310A    -4.899    0.0017
Ca B                1.09381m    -3.188    0.0889      O  2                7319.99A    -4.832    0.0020      Fe 3                911.104A    -4.904    0.0017
Ca B                1.00494m    -3.400    0.0546      O  2                7329.67A    -5.072    0.0012      Fe 3                896.877A    -5.010    0.0013
Ca B                9545.97A    -3.581    0.0360      O  2                7330.73A    -5.101    0.0011      Fe 4                309.190A    -4.418    0.0052
Ca B                9229.02A    -3.738    0.0251      O  2                3728.81A    -2.970    0.1470      Fe 4                532.950A    -4.619    0.0033
Ca B                9014.91A    -3.878    0.0182      O  2                3726.03A    -3.141    0.0992      Fe 4                275.130A    -4.593    0.0035
Ca B                8862.79A    -4.004    0.0136      O  3                88.3323m    -1.509    4.2498      Fe 4                259.600A    -4.765    0.0024
Ca B                8750.48A    -4.118    0.0104      O  3                4931.23A    -4.893    0.0018      Fe 4                251.070A    -4.887    0.0018
Ca B                8665.02A    -4.223    0.0082      O  3                51.8004m    -1.673    2.9092      Fe 4                245.840A    -4.927    0.0016
Ca B                8598.40A    -4.320    0.0066      O  3                4958.91A    -1.485    4.4937      Fe 4                326.120A    -4.913    0.0017
Ca B                8545.39A    -4.410    0.0053      O  3                2320.95A    -3.700    0.0274      Fe 4                242.370A    -4.948    0.0015
Ca B                8502.49A    -4.494    0.0044      O  3                1660.81A    -3.512    0.0422      Fe 4                239.960A    -4.963    0.0015
Ca B                8467.26A    -4.573    0.0037      O  3                833.715A    -4.533    0.0040      Fe 4                281.200A    -4.961    0.0015
Ca B                8437.96A    -4.647    0.0031      O  3                702.838A    -4.761    0.0024      Fe 4                262.550A    -4.983    0.0014
Ca B                8413.32A    -4.717    0.0026      O  3                702.896A    -5.007    0.0014      Fe 4                252.740A    -5.036    0.0013
Ca B                8392.40A    -4.784    0.0023      O  3                507.680A    -4.666    0.0030      Fe 4                246.880A    -5.061    0.0012
Ca B                8374.48A    -4.847    0.0019      O  3                5006.84A    -1.024   12.9878      Fe 4                243.070A    -5.103    0.0011
Ca B                8359.01A    -4.907    0.0017      O  3                1666.15A    -3.107    0.1071      Fe 4                240.450A    -5.113    0.0011
Ca B                8345.56A    -4.965    0.0015      O  3                835.059A    -4.221    0.0082      Fe 5                236.210A    -4.677    0.0029
Ca B                8333.79A    -5.019    0.0013      O  3                835.092A    -4.478    0.0046      Fe 5                236.300A    -4.729    0.0026
Ca B                4.05115m    -3.246    0.0778      O  3                835.289A    -4.782    0.0023      Fe 5                391.409A    -4.698    0.0028
Ca B                2.62515m    -3.491    0.0443      O  3                703.851A    -4.165    0.0094      Fe 5                227.780A    -4.723    0.0026
Ca B                2.16553m    -3.703    0.0272      O  3                703.854A    -4.594    0.0035      Fe 5                205.950A    -5.093    0.0011
Ca B                1.94456m    -3.885    0.0179      O  3                508.178A    -3.516    0.0418      Fe 5                199.080A    -5.124    0.0010
Ca B                1.81741m    -4.044    0.0124      O  3                4363.21A    -3.073    0.1158      Fe 5                389.529A    -4.843    0.0020
Ca B                1.73621m    -4.185    0.0089      O  5                1218.34A    -4.144    0.0098      Fe 5                369.760A    -4.807    0.0021
Ca B                1.68065m    -4.312    0.0067      O  5                1213.81A    -3.985    0.0142      Fe 5                205.790A    -5.109    0.0011
Ca B                1.64072m    -4.427    0.0051      O  5                629.732A    -4.016    0.0132      Fe 5                236.880A    -4.851    0.0019
Ca B                1.61093m    -4.533    0.0040      O  5                172.169A    -5.036    0.0013      Fe 5                226.680A    -4.932    0.0016
Ca B                1.58805m    -4.630    0.0032      O  5                286.448A    -4.675    0.0029      Fe 5                241.720A    -5.003    0.0014
Ca B                1.57007m    -4.720    0.0026      P  2                1.18828m    -5.011    0.0013      Fe 5                232.230A    -5.032    0.0013
Ca B                1.55565m    -4.805    0.0021      P  3                17.8797m    -4.834    0.0020      Fe 5                241.470A    -5.035    0.0013
Ca B                1.54389m    -4.884    0.0018      P  4                824.731A    -4.998    0.0014      Fe 5                231.710A    -5.121    0.0010
Ca B                1.53418m    -4.959    0.0015      P  4                950.657A    -4.793    0.0022      Fe 5                365.850A    -5.068    0.0012
Ca B                1.52605m    -5.029    0.0013      P  4                1035.52A    -5.111    0.0011      Fe 6                174.510A    -4.643    0.0031
Ca B                1.51919m    -5.096    0.0011      S  2                6730.82A    -3.585    0.0356      Fe 6                156.820A    -4.680    0.0029
Ca B                7.45782m    -3.745    0.0247      S  2                6716.44A    -3.430    0.0509      Fe 6                180.240A    -4.784    0.0023
Ca B                4.65251m    -3.941    0.0157      S  2                4076.35A    -5.047    0.0012      Fe 6                185.150A    -4.790    0.0022
Ca B                3.73954m    -4.122    0.0104      S  2                4068.60A    -4.556    0.0038      Fe 6                159.280A    -4.962    0.0015
Ca B                3.29609m    -4.281    0.0072      S  2                1.03205m    -5.048    0.0012      Fe 6                159.700A    -5.010    0.0013
Ca B                3.03837m    -4.423    0.0052      S  2                1259.52A    -5.039    0.0013      Fe 6                295.530A    -4.628    0.0032
Ca B                2.87221m    -4.551    0.0039      S  2                1253.81A    -5.076    0.0012      Fe 6                153.700A    -5.089    0.0011
Ca B                2.75752m    -4.667    0.0030      S  3                33.4704m    -2.787    0.2237      Fe 6                292.810A    -4.697    0.0028
Ca B                2.67440m    -4.773    0.0023      S  3                18.7078m    -3.013    0.1331      Fe 6                154.470A    -5.135    0.0010
Ca B                2.61194m    -4.870    0.0018      S  3                9068.62A    -3.043    0.1243      Fe 6                185.250A    -5.029    0.0013
Ca B                2.56363m    -4.961    0.0015      S  3                9530.62A    -2.643    0.3121      Fe 6                176.570A    -5.128    0.0010
Ca B                2.52540m    -5.046    0.0012      S  3                3721.63A    -4.342    0.0062      Fe 6                197.950A    -5.043    0.0012
Ca B                2.49458m    -5.126    0.0010      S  3                6312.06A    -4.069    0.0117      Fe 6                185.060A    -5.100    0.0011
Ca B                12.3685m    -4.163    0.0094      S  3                1713.11A    -5.128    0.0010      Fe 6                279.220A    -4.855    0.0019
Ca B                7.50045m    -4.324    0.0065      S  3                1728.94A    -4.677    0.0029      Fe 6                296.190A    -4.895    0.0017
Ca B                5.90660m    -4.480    0.0045      S  3                1194.45A    -4.965    0.0015      Fe 6                220.730A    -5.040    0.0013
Ca B                5.12726m    -4.621    0.0033      S  3                1021.11A    -5.033    0.0013      Fe 7                152.390A    -4.531    0.0040
Ca B                4.67124m    -4.749    0.0024      S  5                786.468A    -4.572    0.0037      Fe 7                163.470A    -4.612    0.0034
Ca B                4.37526m    -4.865    0.0019      Si 2                34.8046m    -3.228    0.0811      Fe 7                148.230A    -4.771    0.0023
Ca B                4.16966m    -4.972    0.0015      Si 2                2334.41A    -4.732    0.0025      Fe 7                148.660A    -4.829    0.0020
Ca B                4.01977m    -5.070    0.0012      Si 2                1808.01A    -4.512    0.0042      Fe 7                181.600A    -4.843    0.0020
Ca B                19.0567m    -4.525    0.0041      Si 2                2350.17A    -4.603    0.0034      Fe 7                234.000A    -4.692    0.0028
Ca B                11.3056m    -4.658    0.0030      Si 2                2344.20A    -4.201    0.0086      Fe 7                196.310A    -4.947    0.0015
Ca B                8.75768m    -4.794    0.0022      Si 2                2334.60A    -4.302    0.0068      Fe 7                168.980A    -5.042    0.0012
Ca B                7.50606m    -4.921    0.0016      Si 2                1817.45A    -4.645    0.0031      Fe 7                226.340A    -4.785    0.0023
Ca B                6.77015m    -5.037    0.0013      Si 2                1816.93A    -4.207    0.0085      Fe 7                218.140A    -5.085    0.0011
Ca B                27.7958m    -4.844    0.0020      Si 2                1533.43A    -4.391    0.0056      P  2                967.202A    -5.082    0.0011
Ca B                16.2047m    -4.955    0.0015      Si 2                1309.28A    -4.607    0.0034      P  2                963.828A    -5.005    0.0014
Ca B                12.3838m    -5.075    0.0012      Si 2                1265.00A    -4.271    0.0073      P  4                388.319A    -5.035    0.0013
Ca B                38.8593m    -5.129    0.0010      Si 2                1264.74A    -4.891    0.0018      Cl 4                981.258A    -5.044    0.0012
H  1                2430.61A    -1.075   11.5440      Si 2                1197.39A    -4.406    0.0054      K  5                727.442A    -5.004    0.0014
H  1                1215.67A    -0.769   23.3150      Si 2                1194.50A    -4.456    0.0048      Sc 4                289.851A    -5.123    0.0010
H  1                1025.72A    -4.100    0.0109      Si 3                1892.03A    -3.372    0.0583      Ti 6                250.473A    -4.902    0.0017
H  1                972.537A    -4.201    0.0086      Si 3                1882.71A    -3.194    0.0876      Cr 6                226.666A    -4.748    0.0025
H  1                949.743A    -4.259    0.0076      Si 3                1206.50A    -3.865    0.0187      Cr 6                201.366A    -4.818    0.0021
H  1                937.803A    -4.300    0.0069      Si 4                1393.75A    -3.308    0.0674      Cr 6                202.514A    -5.136    0.0010
H  1                930.748A    -4.337    0.0063      Si 4                1402.77A    -3.562    0.0376      Mn 7                182.883A    -5.112    0.0011
H  1                926.226A    -4.376    0.0058      Si 7                278.443A    -4.991    0.0014      Ni 2                1751.83A    -5.115    0.0011
H  1                923.150A    -4.410    0.0053      Si 7                2.48071m    -4.074    0.0116      Ni 2                1744.24A    -5.067    0.0012
H  1                920.963A    -4.437    0.0050      Ti 5                252.959A    -4.510    0.0042      Ni 2                1375.73A    -5.076    0.0012
H  1                919.351A    -4.616    0.0033      Ti 6                1.71509m    -4.814    0.0021      Ni 2                1324.11A    -5.086    0.0011
H  1                918.129A    -4.632    0.0032      V  6                224.499A    -5.111    0.0011      hyperfine structure.............................
H  1                917.181A    -4.645    0.0031      Al 2                2669.15A    -4.505    0.0043      inner shell.....................................
H  1                916.429A    -4.655    0.0030      Al 2                2660.35A    -4.330    0.0064      O  4                23.0797A    -4.721    0.0026
H  1                915.824A    -4.663    0.0030      Al 2                1670.79A    -4.409    0.0053      O  5                1215.53A    -4.427    0.0051
H  1                915.329A    -4.670    0.0029      Al 5                2.90450m    -4.169    0.0093      O  6                339.683A    -4.853    0.0019
H  1                914.919A    -4.676    0.0029      Al 5                281.394A    -4.836    0.0020      Si 5                119.791A    -4.009    0.0134
H  1                914.576A    -4.681    0.0029      Ar 7                585.748A    -5.053    0.0012      Si 5                120.490A    -4.012    0.0134
H  1                914.286A    -4.683    0.0028      C  4                1550.77A    -2.544    0.3918      S  6                488.127A    -4.877    0.0018
H  1                914.039A    -4.682    0.0028      C  4                1548.19A    -2.253    0.7654      S  7                72.4207A    -4.561    0.0038
H  1                913.826A    -4.677    0.0029      C  4                419.525A    -4.469    0.0047      S  7                72.9319A    -4.564    0.0037
H  1                6562.80A    -1.694    2.7757      C  4                419.714A    -4.169    0.0093      Fe 6                167.773A    -4.632    0.0032
H  1                4861.32A    -2.137    1.0000      C  4                312.451A    -4.550    0.0039      Fe 6                134.473A    -4.902    0.0017
H  1                4340.46A    -2.462    0.4729      C  4                312.420A    -4.544    0.0039      Fe 6                167.773A    -5.128    0.0010
H  1                4101.73A    -2.718    0.2625      C  4                244.911A    -5.032    0.0013      Fe 6                172.200A    -4.739    0.0025
H  1                3970.07A    -2.928    0.1618      C  4                244.903A    -5.021    0.0013      Fe 6                134.473A    -4.618    0.0033
H  1                3889.05A    -3.107    0.1071      Ca 2                7291.47A    -5.009    0.0013      Fe 6                167.773A    -4.220    0.0083
H  1                3835.38A    -3.263    0.0748      Ca 2                3933.66A    -5.131    0.0010      Fe 6                172.200A    -4.231    0.0081
H  1                3797.90A    -3.401    0.0545      Ca 5                4.15739m    -3.499    0.0435      Fe 8                190.745A    -5.137    0.0010
H  1                3770.63A    -3.408    0.0536      Ca 5                11.4792m    -4.638    0.0032      Fe 7                172.440A    -3.959    0.0151
H  1                3750.15A    -3.512    0.0421      Ca 5                5309.11A    -3.780    0.0227      Fe 7                177.120A    -3.971    0.0147
H  1                3734.37A    -3.608    0.0338      Ca 5                6086.37A    -4.492    0.0044      Fe 8                185.328A    -4.338    0.0063
H  1                3721.94A    -3.696    0.0276      Cl 3                5537.87A    -4.511    0.0042      Fe 8                190.745A    -4.350    0.0061
H  1                3711.97A    -3.778    0.0229      Cl 3                5517.71A    -4.360    0.0060      molecules.......................................
H  1                3703.85A    -3.853    0.0192      Cl 4                20.3197m    -3.441    0.0497      bands...........................................
H  1                3697.15A    -3.923    0.0164      Cl 4                11.7629m    -3.533    0.0402      Fe 2b               2500.00A    -3.561    0.0376
H  1                3691.55A    -3.987    0.0141      Cl 4                7530.54A    -4.018    0.0132      Fe 2b               5000.00A    -3.847    0.0195
H  1                3686.83A    -4.046    0.0123      Cl 4                8045.62A    -3.654    0.0304      Fe 2b               7000.00A    -4.812    0.0021
H  1                3682.81A    -4.098    0.0109      Cl 4                3118.66A    -5.027    0.0013      Fe 2b               10000.0A    -3.525    0.0409
H  1                3679.35A    -4.142    0.0099      Cr 7                202.825A    -4.771    0.0023      Fe 2b               2355.00A    -4.025    0.0129
H  1                1.87510m    -2.655    0.3036      Fe 4                3095.77A    -4.468    0.0047      Fe 2b               2430.00A    -3.577    0.0363
H  1                1.28181m    -2.946    0.1552      Fe 4                3094.96A    -2.534    0.4010      Fe 2b               2445.00A    -3.577    0.0363
H  1                1.09381m    -3.194    0.0877      Fe 4                3094.53A    -4.123    0.0103      Fe 2b               2495.00A    -4.413    0.0053
H  1                1.00494m    -3.402    0.0543      Fe 4                2835.74A    -2.640    0.3145      Fe 2b               2610.00A    -3.880    0.0181
H  1                9545.97A    -3.580    0.0360      Fe 4                2829.36A    -2.963    0.1492      Fe 2b               2758.00A    -5.046    0.0012
H  1                9229.02A    -3.736    0.0252      Fe 4                2823.50A    -3.209    0.0847      Fe 2b               2780.00A    -5.014    0.0013
H  1                9014.91A    -3.874    0.0183      Fe 4                2577.92A    -4.504    0.0043      Fe 2b               4255.00A    -4.274    0.0073
H  1                8862.79A    -3.923    0.0164      Fe 4                2.83562m    -4.026    0.0129      Fe 2b               4558.00A    -5.011    0.0013
H  1                8750.48A    -4.027    0.0129      Fe 4                2.80554m    -4.610    0.0034      Fe 2b               4600.00A    -4.981    0.0014
H  1                8665.02A    -4.123    0.0103      Fe 4                2.86447m    -4.406    0.0054      Fe 2b               4920.00A    -4.638    0.0032
H  1                8598.40A    -4.211    0.0084      Fe 4                2567.61A    -3.620    0.0329      Fe 2b               5070.00A    -5.082    0.0011
H  1                8545.39A    -4.292    0.0070      Fe 4                2.71569m    -4.736    0.0025      Fe 2b               5143.00A    -4.569    0.0037
H  1                8502.49A    -4.367    0.0059      Fe 4                2567.40A    -4.385    0.0057      Fe 2b               5270.00A    -4.275    0.0073
H  1                8467.26A    -4.437    0.0050      Fe 4                2.77325m    -4.957    0.0015      Fe 2b               5318.00A    -4.584    0.0036
H  1                8437.96A    -4.501    0.0043      Fe 4                6739.82A    -4.133    0.0101      Fe 2b               7445.00A    -4.834    0.0020
H  1                8413.32A    -4.559    0.0038      Fe 4                6761.38A    -4.634    0.0032      Fe 2b               8625.00A    -4.509    0.0042
H  1                8392.40A    -4.612    0.0034      Fe 4                6734.42A    -4.311    0.0067      Fe 2b               1.88900m    -4.243    0.0078
H  1                8374.48A    -4.656    0.0030      Fe 4                6997.10A    -4.994    0.0014      miscellaneous...................................
H  1                4.05115m    -3.307    0.0676      Fe 4                5233.76A    -4.751    0.0024      C 2R                1335.00A    -3.433    0.0506
H  1                2.62515m    -3.524    0.0410      Fe 4                4906.56A    -4.326    0.0065      C 3R                977.000A    -3.019    0.1313
H  1                2.16553m    -3.725    0.0258      Fe 4                4917.97A    -4.834    0.0020      C 3R                1909.00A    -3.174    0.0918
H  1                1.94456m    -3.902    0.0172      Fe 4                7222.76A    -4.808    0.0021      C 3R                1175.00A    -3.355    0.0605
H  1                1.81741m    -4.057    0.0120      Fe 4                4899.97A    -4.726    0.0026      C 4R                1549.00A    -3.758    0.0239
H  1                1.73621m    -4.195    0.0088      Fe 4                4903.07A    -4.706    0.0027      N 2R                1085.00A    -4.575    0.0036
H  1                1.68065m    -4.293    0.0070      Fe 4                7183.99A    -5.055    0.0012      N 3R                990.000A    -3.128    0.1020
H  1                1.64072m    -4.396    0.0055      Fe 4                4868.16A    -4.891    0.0018      N 4R                765.000A    -4.941    0.0016
H  1                1.61093m    -4.491    0.0044      Fe 4                4867.95A    -4.973    0.0015      O 2R                7332.00A    -5.016    0.0013
H  1                1.58805m    -4.579    0.0036      Fe 4                4206.59A    -4.986    0.0014      O 2R                7323.00A    -4.934    0.0016
H  1                1.57007m    -4.660    0.0030      Fe 4                4208.88A    -5.019    0.0013      O 2R                3726.00A    -4.221    0.0082
H  1                1.55565m    -4.735    0.0025      Fe 5                70.3538m    -3.534    0.0401      O 2R                3729.00A    -4.050    0.0122
H  1                1.54389m    -4.804    0.0022      Fe 5                36.3273m    -3.530    0.0405      O 2R                2471.00A    -4.767    0.0023
H  1                1.53418m    -4.868    0.0019      Fe 5                25.9131m    -3.628    0.0323      O 2R                4651.00A    -4.451    0.0049
H  1                1.52605m    -4.927    0.0016      Fe 5                20.8407m    -3.882    0.0180      O 2R                4341.00A    -4.728    0.0026
H  1                1.51919m    -4.979    0.0014      Fe 5                4180.59A    -4.294    0.0070      O 3R                835.000A    -3.283    0.0715
H  1                1.51332m    -5.023    0.0013      Fe 5                4143.15A    -4.032    0.0127      O 4R                789.000A    -2.843    0.1968
H  1                7.45782m    -3.826    0.0205      Fe 5                4227.19A    -3.323    0.0652      O 5R                630.000A    -4.633    0.0032
H  1                4.65251m    -3.993    0.0139      Fe 5                4003.21A    -4.993    0.0014      Blnd                1400.00A    -3.016    0.1322
H  1                3.73954m    -4.161    0.0095      Fe 5                4071.24A    -4.061    0.0119      Blnd                1650.00A    -1.998    1.3764
H  1                3.29609m    -4.313    0.0067      Fe 5                3895.22A    -4.456    0.0048      Blnd                1304.00A    -4.574    0.0037
H  1                3.03837m    -4.450    0.0049      Fe 5                3851.34A    -4.677    0.0029      Blnd                1039.00A    -4.937    0.0016
H  1                2.87221m    -4.582    0.0036      Fe 5                3794.94A    -4.087    0.0112      Blnd                2798.00A    -2.747    0.2453
H  1                2.75752m    -4.684    0.0028      Fe 5                3755.70A    -4.369    0.0059      Blnd                6720.00A    -3.200    0.0865
H  1                2.67440m    -4.779    0.0023      Fe 5                3911.33A    -4.945    0.0016      Blnd                4074.00A    -4.434    0.0050
H  1                2.61194m    -4.866    0.0019      Fe 5                3839.27A    -4.077    0.0115      Blnd                1.03300m    -4.543    0.0039
H  1                2.56363m    -4.947    0.0015      Fe 5                3783.22A    -4.488    0.0045      Blnd                1256.00A    -4.613    0.0033
H  1                2.52540m    -5.022    0.0013      Fe 5                3891.28A    -4.321    0.0066      Blnd                1198.00A    -4.703    0.0027
H  1                2.49458m    -5.091    0.0011      Fe 5                3819.95A    -4.991    0.0014      Blnd                1720.00A    -4.545    0.0039
H  1                12.3685m    -4.261    0.0075      Fe 5                3445.62A    -4.806    0.0021      Blnd                3722.00A    -4.336    0.0063
H  1                7.50045m    -4.393    0.0055      Fe 5                3463.51A    -4.797    0.0022      Blnd                1406.00A    -4.129    0.0102
H  1                5.90660m    -4.535    0.0040      Fe 5                2828.24A    -4.838    0.0020      Blnd                1199.00A    -5.022    0.0013
H  1                5.12726m    -4.668    0.0029      Fe 5                2730.21A    -5.064    0.0012      Blnd                2665.00A    -4.108    0.0107
H  1                4.67124m    -4.820    0.0021      Fe 5                2717.82A    -5.069    0.0012      Blnd                1860.00A    -4.091    0.0111
H  1                4.37526m    -4.922    0.0016      Fe 5                2707.36A    -5.018    0.0013      Blnd                4725.00A    -2.962    0.1496
H  1                4.16966m    -5.016    0.0013      Fe 6                19.5527m    -2.819    0.2081      Blnd                2860.00A    -3.979    0.0144
H  1                4.01977m    -5.102    0.0011      Fe 6                14.7670m    -3.040    0.1252      Blnd                7250.00A    -4.547    0.0039
H  1                19.0567m    -4.637    0.0032      Fe 6                12.3074m    -3.303    0.0683      Blnd                2335.00A    -3.794    0.0220
H  1                11.3056m    -4.743    0.0025      Fe 6                5335.18A    -3.403    0.0542      Blnd                1888.00A    -2.973    0.1459
H  1                8.75768m    -4.864    0.0019      Fe 6                5484.84A    -3.658    0.0302      Blnd                1397.00A    -3.116    0.1050
H  1                7.50606m    -5.024    0.0013      Fe 6                5631.07A    -3.560    0.0377      Blnd                2424.00A    -3.048    0.1227
H  1                6.77015m    -5.124    0.0010      Fe 6                5277.81A    -3.912    0.0168      Blnd                5525.00A    -4.128    0.0102
H  1                27.7958m    -4.966    0.0015      Fe 6                5424.22A    -3.581    0.0360      Blnd                7306.00A    -4.789    0.0022
H  1                16.2047m    -5.053    0.0012      Fe 6                5676.95A    -3.518    0.0416      Blnd                3933.00A    -4.888    0.0018
Ca A                303.784A    -1.165    9.3747      Fe 6                5426.64A    -3.849    0.0194      Blnd                2326.00A    -3.682    0.0285
Ca A                256.317A    -1.885    1.7861      Fe 6                5234.28A    -4.381    0.0057      Blnd                1335.00A    -4.126    0.0103
Ca A                243.027A    -2.315    0.6634      Fe 6                5370.29A    -4.457    0.0048      Blnd                1909.00A    -2.365    0.5915
Ca A                237.331A    -2.624    0.3260      Fe 6                5145.75A    -3.198    0.0869      Blnd                1176.00A    -5.015    0.0013
Ca A                234.347A    -2.866    0.1867      Fe 6                4972.47A    -3.214    0.0838      Blnd                1549.00A    -2.074    1.1572
Ca A                232.584A    -3.066    0.1178      Fe 6                5176.04A    -3.240    0.0790      Blnd                5199.00A    -5.005    0.0014
Ca A                231.454A    -3.237    0.0794      Fe 6                4967.14A    -3.611    0.0336      Blnd                1085.00A    -4.258    0.0076
Ca A                230.686A    -3.387    0.0563      Fe 6                1.37459m    -4.947    0.0015      Blnd                2141.00A    -4.825    0.0021
Ca A                230.139A    -3.520    0.0414      Fe 6                3813.54A    -4.230    0.0081      Blnd                1750.00A    -3.651    0.0307
Ca A                229.736A    -3.640    0.0314      Fe 6                3889.40A    -4.028    0.0129      Blnd                990.000A    -4.172    0.0092
Ca A                229.431A    -3.749    0.0244      Fe 6                1.28877m    -4.507    0.0043      Blnd                1486.00A    -3.149    0.0973
Ca A                229.194A    -3.850    0.0194      Fe 6                3662.50A    -3.982    0.0143      Blnd                1240.00A    -3.758    0.0239
Ca A                229.006A    -3.943    0.0156      Fe 6                3573.86A    -4.862    0.0019      Blnd                6300.00A    -4.245    0.0078
Ca A                228.855A    -4.030    0.0128      Fe 6                3492.10A    -4.608    0.0034      Blnd                2471.00A    -4.536    0.0040
Ca A                228.731A    -4.111    0.0106      Fe 6                3555.60A    -4.299    0.0069      Blnd                7323.00A    -4.703    0.0027
Ca A                228.629A    -4.187    0.0089      Fe 6                1.23303m    -4.209    0.0085      Blnd                7332.00A    -4.785    0.0022
Ca A                228.543A    -4.259    0.0075      Fe 6                3740.93A    -5.087    0.0011      Blnd                833.000A    -4.385    0.0057
Ca A                228.471A    -4.328    0.0065      Fe 6                1.34929m    -4.014    0.0133      Blnd                3727.00A    -2.746    0.2462
Ca A                228.409A    -4.392    0.0056      Fe 6                1.26742m    -4.387    0.0056      Blnd                7325.00A    -4.441    0.0050
Ca A                228.356A    -4.454    0.0048      Fe 6                3905.01A    -5.064    0.0012      Blnd                1666.00A    -2.963    0.1493
Ca A                228.309A    -4.512    0.0042      Fe 6                2260.89A    -4.864    0.0019      Blnd                5007.00A    -0.894   17.4832
Ca A                228.269A    -4.569    0.0037      Fe 6                4014.56A    -5.095    0.0011      Blnd                835.000A    -3.817    0.0209
Ca A                228.234A    -4.622    0.0033      Fe 6                3846.94A    -4.867    0.0019      Blnd                1402.00A    -3.702    0.0272
Ca A                1640.41A    -2.162    0.9453      Fe 6                2145.08A    -4.759    0.0024      Blnd                789.000A    -4.131    0.0101
Ca A                1215.13A    -2.680    0.2864      Fe 8                5.44514m    -3.761    0.0237      Blnd                1218.00A    -3.756    0.0240
Ca A                1084.94A    -3.030    0.1281      Fe 8                186.598A    -5.129    0.0010      Blnd                1035.00A    -4.031    0.0128
Ca A                1025.27A    -3.294    0.0697      Fe 8                168.929A    -4.889    0.0018

                                                    Emergent line intensities
general properties..............................      He 1                3819.61A    -4.671    0.0029      Fe 4                2829.36A    -2.963    0.1492
continua........................................      He 1                3819.60A    -4.449    0.0049      Fe 4                2823.50A    -3.209    0.0847
FIR                 83.0000m    -1.255    7.6315      Blnd                3819.62A    -4.194    0.0088      Fe 4                2577.92A    -4.504    0.0043
TIR                 1800.00m    -4.151    0.0097      He 1                3704.90A    -5.091    0.0011      Fe 4                2.83562m    -4.026    0.0129
NIRa                2.85000m    -0.278   72.2826      He 1                3704.76A    -4.613    0.0033      Fe 4                2.80554m    -4.610    0.0034
NIRb                3.00000m    -0.618   33.0183      He 1                3704.75A    -4.392    0.0056      Fe 4                2.86447m    -4.406    0.0054
MIRa                15.0000m    -0.719   26.1764      Blnd                3704.77A    -4.136    0.0100      Fe 4                2567.61A    -3.620    0.0329
MIRb                22.5000m    -0.648   30.8298      He 1                3634.08A    -4.777    0.0023      Fe 4                2.71569m    -4.736    0.0025
NMIR                21.7500m    -0.278   72.2826      He 1                3634.07A    -4.555    0.0038      Fe 4                2567.40A    -4.385    0.0057
TFIR                611.250m    -3.419    0.0523      Blnd                3634.09A    -4.299    0.0069      Fe 4                2.77325m    -4.957    0.0015
TALL                10000.0A     0.231  233.6078      He 1                3587.16A    -4.920    0.0017      Fe 4                6739.82A    -4.133    0.0101
F12                 12.0000m    -1.048   12.2717      He 1                3587.15A    -4.698    0.0028      Fe 4                6761.38A    -4.634    0.0032
F25                 25.0000m    -1.376    5.7705      Blnd                3587.17A    -4.442    0.0050      Fe 4                6734.42A    -4.311    0.0067
F60                 60.0000m    -1.616    3.3167      He 1                3554.34A    -5.047    0.0012      Fe 4                6997.10A    -4.994    0.0014
F100                100.000m    -1.507    4.2630      He 1                3554.33A    -4.825    0.0021      Fe 4                5233.76A    -4.751    0.0024
MIPS                24.0000m    -1.417    5.2540      Blnd                3554.35A    -4.570    0.0037      Fe 4                4906.56A    -4.326    0.0065
MIPS                70.0000m    -3.342    0.0624      He 1                3530.43A    -4.942    0.0016      Fe 4                4917.97A    -4.834    0.0020
MIPS                160.000m    -3.812    0.0211      Blnd                3530.44A    -4.686    0.0028      Fe 4                7222.76A    -4.808    0.0021
IRAC                3.60000m    -1.505    4.2887      He 1                3512.46A    -5.047    0.0012      Fe 4                4899.97A    -4.726    0.0026
IRAC                4.50000m    -1.480    4.5450      Blnd                3512.48A    -4.792    0.0022      Fe 4                4903.07A    -4.706    0.0027
IRAC                5.80000m    -1.446    4.9070      Blnd                3498.62A    -4.889    0.0018      Fe 4                7183.99A    -5.055    0.0012
IRAC                8.00000m    -1.285    7.1070      Blnd                3487.70A    -4.978    0.0014      Fe 4                4868.16A    -4.891    0.0018
SPR1                250.000m    -4.374    0.0058      Blnd                3478.95A    -5.061    0.0012      Fe 4                4867.95A    -4.973    0.0015
SPR2                350.000m    -4.492    0.0044      He 1                3439.98A    -4.970    0.0015      Fe 4                4206.59A    -4.986    0.0014
SPR3                500.000m    -4.549    0.0039      Blnd                3440.00A    -4.715    0.0026      Fe 4                4208.88A    -5.019    0.0013
PAC1                70.0000m    -3.319    0.0658      He 1                7281.35A    -4.461    0.0047      Fe 5                70.3538m    -3.534    0.0401
PAC2                100.000m    -1.507    4.2655      He 1                6678.15A    -3.769    0.0234      Fe 5                36.3273m    -3.530    0.0405
PAC3                160.000m    -3.709    0.0268      He 1                5047.74A    -5.023    0.0013      Fe 5                25.9131m    -3.628    0.0323
PAH                 3.30000m    -2.371    0.5832      He 1                4921.93A    -4.194    0.0088      Fe 5                20.8407m    -3.882    0.0180
PAHC                3.23000m    -2.522    0.4125      He 1                4387.93A    -4.512    0.0042      Fe 5                4180.59A    -4.294    0.0070
PAHC                3.37000m    -2.683    0.2846      He 1                4143.76A    -4.768    0.0023      Fe 5                4143.15A    -4.032    0.0127
PAH                 6.20000m    -1.950    1.5376      He 1                4009.05A    -4.773    0.0023      Fe 5                4227.19A    -3.323    0.0652
PAHC                5.65000m    -1.860    1.8922      He 1                3926.41A    -4.938    0.0016      Fe 5                4003.21A    -4.993    0.0014
PAH                 7.90000m    -1.705    2.7056      He 1                3871.69A    -5.083    0.0011      Fe 5                4071.24A    -4.061    0.0119
PAHC                6.90000m    -1.701    2.7324      He 1                4.29471m    -5.073    0.0012      Fe 5                3895.22A    -4.456    0.0048
PAH                 11.3000m    -2.497    0.4362      He 1                1.25275m    -5.052    0.0012      Fe 5                3851.34A    -4.677    0.0029
PAHC                10.9000m    -2.433    0.5062      He 1                1.70025m    -4.775    0.0023      Fe 5                3794.94A    -4.087    0.0112
PAH                 11.8000m    -2.311    0.6699      He 1                1.19691m    -4.936    0.0016      Fe 5                3755.70A    -4.369    0.0059
PAHC                12.6500m    -2.441    0.4966      He 1                1.03113m    -5.134    0.0010      Fe 5                3911.33A    -4.945    0.0016
PAH                 13.3000m    -2.412    0.5307      He 1                9515.00A    -5.023    0.0013      Fe 5                3839.27A    -4.077    0.0115
PAHC                14.1000m    -2.153    0.9635      He 1                1.86854m    -4.160    0.0095      Fe 5                3783.22A    -4.488    0.0045
Bcon                3640.00A    -0.193   87.9282      He 1                1.27849m    -4.489    0.0044      Fe 5                3891.28A    -4.321    0.0066
Pcon                5000.00A    -0.488   44.5897      He 1                1.09130m    -4.755    0.0024      Fe 5                3819.95A    -4.991    0.0014
O3bn                5007.00A    -1.003   13.6288      He 1                1.00275m    -4.953    0.0015      Fe 5                3445.62A    -4.806    0.0021
SX                  25.0000A    -2.273    0.7315      He 1                9526.01A    -5.125    0.0010      Fe 5                3463.51A    -4.797    0.0022
HX                  4.70000A    -1.467    4.6809      He 1                1.86972m    -4.637    0.0032      Fe 5                2828.24A    -4.838    0.0020
ROSA                12.3980A    -1.951    1.5341      He 1                1.27905m    -4.967    0.0015      Fe 5                2730.21A    -5.064    0.0012
RRC.............................................      He 1                4.04791m    -4.878    0.0018      Fe 5                2717.82A    -5.069    0.0012
grains..........................................      extra Lyman.....................................      Fe 5                2707.36A    -5.018    0.0013
H-like iso-sequence.............................      database lines..................................      Fe 6                19.5527m    -2.819    0.2081
H  1                1215.67A    -0.770   23.3080      Al 3                1862.79A    -4.516    0.0042      Fe 6                14.7670m    -3.040    0.1252
H  1                1025.72A    -4.101    0.0109      Al 3                1854.72A    -4.295    0.0069      Fe 6                12.3074m    -3.303    0.0683
H  1                972.537A    -4.201    0.0086      Al 6                3.65932m    -3.397    0.0550      Fe 6                5335.18A    -3.403    0.0542
H  1                949.743A    -4.259    0.0075      Al 6                9.11329m    -4.454    0.0048      Fe 6                5484.84A    -3.658    0.0302
H  1                937.803A    -4.300    0.0069      Ar 3                3109.18A    -4.957    0.0015      Fe 6                5631.07A    -3.560    0.0377
H  1                930.748A    -4.337    0.0063      Ar 3                7135.79A    -3.356    0.0604      Fe 6                5277.81A    -3.912    0.0168
H  1                926.226A    -4.376    0.0058      Ar 3                7751.11A    -3.980    0.0143      Fe 6                5424.22A    -3.581    0.0360
H  1                923.150A    -4.410    0.0053      Ar 3                8.98898m    -3.479    0.0456      Fe 6                5676.95A    -3.518    0.0416
H  1                920.963A    -4.437    0.0050      Ar 3                21.8253m    -4.642    0.0031      Fe 6                5426.64A    -3.849    0.0194
H  1                919.351A    -4.617    0.0033      Ar 4                2853.66A    -4.141    0.0099      Fe 6                5234.28A    -4.381    0.0057
H  1                918.129A    -4.632    0.0032      Ar 4                2868.22A    -4.485    0.0045      Fe 6                5370.29A    -4.457    0.0048
H  1                917.181A    -4.645    0.0031      Ar 4                4711.26A    -3.195    0.0875      Fe 6                5145.75A    -3.198    0.0869
H  1                916.429A    -4.655    0.0030      Ar 4                4740.12A    -3.344    0.0621      Fe 6                4972.47A    -3.214    0.0838
H  1                915.824A    -4.664    0.0030      Ar 4                7170.70A    -4.989    0.0014      Fe 6                5176.04A    -3.240    0.0790
H  1                915.329A    -4.671    0.0029      Ar 4                7237.77A    -5.125    0.0010      Fe 6                4967.14A    -3.611    0.0336
H  1                914.919A    -4.676    0.0029      Ar 4                7263.33A    -5.044    0.0012      Fe 6                1.37459m    -4.947    0.0015
H  1                914.576A    -4.681    0.0029      Ar 5                6435.12A    -4.260    0.0075      Fe 6                3813.54A    -4.230    0.0081
H  1                914.286A    -4.683    0.0028      Ar 5                7005.83A    -3.928    0.0162      Fe 6                3889.40A    -4.028    0.0129
H  1                914.039A    -4.683    0.0028      Ar 5                7.89971m    -3.391    0.0557      Fe 6                1.28877m    -4.507    0.0043
H  1                913.826A    -4.677    0.0029      Ar 5                13.0985m    -3.163    0.0942      Fe 6                3662.50A    -3.982    0.0143
H  1                6562.80A    -1.694    2.7756      Ar 6                4.52800m    -3.462    0.0473      Fe 6                3573.86A    -4.862    0.0019
H  1                4861.32A    -2.137    1.0000      C  2                1037.02A    -4.392    0.0056      Fe 6                3492.10A    -4.608    0.0034
H  1                4340.46A    -2.462    0.4729      C  2                1334.53A    -4.945    0.0016      Fe 6                3555.60A    -4.299    0.0069
H  1                4101.73A    -2.718    0.2625      C  2                1335.66A    -4.428    0.0051      Fe 6                1.23303m    -4.209    0.0085
H  1                3970.07A    -2.928    0.1618      C  2                1335.71A    -4.583    0.0036      Fe 6                3740.93A    -5.087    0.0011
H  1                3889.05A    -3.107    0.1071      C  2                2323.50A    -4.930    0.0016      Fe 6                1.34929m    -4.014    0.0133
H  1                3835.38A    -3.263    0.0748      C  2                2324.69A    -4.620    0.0033      Fe 6                1.26742m    -4.387    0.0056
H  1                3797.90A    -3.401    0.0545      C  2                2325.40A    -4.131    0.0101      Fe 6                3905.01A    -5.064    0.0012
H  1                3770.63A    -3.408    0.0536      C  2                2326.93A    -4.148    0.0098      Fe 6                2260.89A    -4.864    0.0019
H  1                3750.15A    -3.512    0.0421      C  2                2328.12A    -4.566    0.0037      Fe 6                4014.56A    -5.095    0.0011
H  1                3734.37A    -3.608    0.0338      C  2                157.636m    -3.970    0.0147      Fe 6                3846.94A    -4.867    0.0019
H  1                3721.94A    -3.696    0.0276      C  3                1908.73A    -2.766    0.2348      Fe 6                2145.08A    -4.759    0.0024
H  1                3711.97A    -3.778    0.0229      C  3                1906.68A    -2.585    0.3565      Fe 8                5.44514m    -3.761    0.0237
H  1                3703.85A    -3.853    0.0192      C  3                977.020A    -3.405    0.0539      Mg 2                2802.71A    -3.219    0.0828
H  1                3697.15A    -3.923    0.0164      C  3                2296.87A    -4.982    0.0014      Mg 2                2795.53A    -2.926    0.1625
H  1                3691.55A    -3.987    0.0141      Ca 4                3.20610m    -3.070    0.1168      Mg 4                4.48711m    -3.284    0.0714
H  1                3686.83A    -4.046    0.0123      Fe 2                25.9813m    -4.220    0.0083      Mg 5                5.60700m    -2.832    0.2017
H  1                3682.81A    -4.098    0.0109      Fe 2                5.33871m    -3.701    0.0273      Mg 5                13.5464m    -3.907    0.0170
H  1                3679.35A    -4.142    0.0099      Fe 2                1.25668m    -4.966    0.0015      Mg 5                2782.76A    -3.535    0.0400
H  1                1.87510m    -2.655    0.3036      Fe 2                4287.39A    -4.884    0.0018      Mg 5                2928.09A    -4.100    0.0109
H  1                1.28181m    -2.946    0.1552      Fe 2                2382.04A    -4.455    0.0048      Mg 6                1806.00A    -4.897    0.0017
H  1                1.09381m    -3.194    0.0877      Fe 2                35.3391m    -4.881    0.0018      Mg 6                1806.42A    -4.796    0.0022
H  1                1.00494m    -3.402    0.0543      Fe 2                6.71944m    -4.841    0.0020      N  2                205.283m    -4.688    0.0028
H  1                9545.97A    -3.580    0.0360      Fe 2                4359.33A    -5.015    0.0013      N  2                121.769m    -4.716    0.0026
H  1                9229.02A    -3.736    0.0252      Fe 2                2625.67A    -4.040    0.0125      N  2                6548.05A    -3.850    0.0194
H  1                9014.91A    -3.874    0.0183      Fe 2                2611.87A    -4.686    0.0028      N  2                6583.45A    -3.381    0.0571
H  1                8862.79A    -3.923    0.0164      Fe 2                2395.63A    -4.758    0.0024      N  2                5754.59A    -5.076    0.0012
H  1                8750.48A    -4.027    0.0129      Fe 2                2631.32A    -4.898    0.0017      N  2                2142.77A    -4.973    0.0015
H  1                8665.02A    -4.123    0.0103      Fe 2                2380.76A    -4.696    0.0028      N  2                1085.70A    -4.981    0.0014
H  1                8598.40A    -4.211    0.0084      Fe 2                17.9311m    -4.681    0.0029      N  2                1085.55A    -4.897    0.0017
H  1                8545.39A    -4.292    0.0070      Fe 2                1.64355m    -3.788    0.0223      N  2                1084.56A    -4.784    0.0023
H  1                8502.49A    -4.367    0.0059      Fe 2                1.53348m    -4.899    0.0017      N  2                916.710A    -4.598    0.0035
H  1                8467.26A    -4.437    0.0050      Fe 2                5158.79A    -4.640    0.0031      N  2                916.701A    -4.696    0.0028
H  1                8437.96A    -4.501    0.0043      Fe 2                4243.97A    -4.946    0.0016      N  2                915.962A    -4.845    0.0020
H  1                8413.32A    -4.559    0.0038      Fe 2                2493.30A    -4.413    0.0053      N  3                57.3238m    -2.682    0.2849
H  1                8392.40A    -4.612    0.0034      Fe 2                1.80940m    -4.389    0.0056      N  3                1748.65A    -4.523    0.0041
H  1                8374.48A    -4.656    0.0030      Fe 2                9051.95A    -4.989    0.0014      N  3                1753.99A    -4.505    0.0043
H  1                4.05115m    -3.307    0.0676      Fe 2                5261.63A    -5.021    0.0013      N  3                1746.82A    -4.930    0.0016
H  1                2.62515m    -3.524    0.0410      Fe 3                22.9190m    -3.874    0.0183      N  3                1752.16A    -4.090    0.0111
H  1                2.16553m    -3.725    0.0258      Fe 3                4985.87A    -3.596    0.0348      N  3                1749.67A    -4.159    0.0095
H  1                1.94456m    -3.902    0.0172      Fe 3                4881.00A    -4.505    0.0043      N  3                989.799A    -4.998    0.0014
H  1                1.81741m    -4.057    0.0120      Fe 3                4658.05A    -3.913    0.0168      N  3                991.511A    -4.391    0.0056
H  1                1.73621m    -4.195    0.0088      Fe 3                4008.35A    -5.098    0.0011      N  3                991.577A    -4.779    0.0023
H  1                1.68065m    -4.293    0.0070      Fe 3                3322.54A    -4.585    0.0036      Na 3                7.31570m    -4.049    0.0122
H  1                1.64072m    -4.396    0.0055      Fe 3                3239.74A    -4.753    0.0024      Na 4                9.03096m    -4.430    0.0051
H  1                1.61093m    -4.491    0.0044      Fe 3                2438.29A    -4.998    0.0014      Na 4                3241.50A    -4.903    0.0017
H  1                1.58805m    -4.579    0.0036      Fe 3                33.0270m    -4.417    0.0053      Ne 4                2421.66A    -3.445    0.0492
H  1                1.57007m    -4.660    0.0030      Fe 3                5270.40A    -4.084    0.0113      Ne 4                2424.28A    -3.271    0.0734
H  1                1.55565m    -4.735    0.0025      Fe 3                4754.69A    -4.639    0.0032      Ne 4                1601.45A    -4.852    0.0019
H  1                1.54389m    -4.804    0.0022      Fe 3                4701.54A    -4.458    0.0048      Ne 6                7.65019m    -2.884    0.1792
H  1                1.53418m    -4.868    0.0019      Fe 3                3371.41A    -4.718    0.0026      Ni 2                1.19102m    -4.461    0.0047
H  1                1.52605m    -4.927    0.0016      Fe 3                51.6655m    -5.038    0.0013      Ni 2                6.63416m    -5.103    0.0011
H  1                1.51919m    -4.979    0.0014      Fe 3                5011.26A    -4.754    0.0024      Ni 2                7377.83A    -5.111    0.0011
H  1                1.51332m    -5.023    0.0013      Fe 3                4769.43A    -4.925    0.0016      O  4                25.8863m    -1.540    3.9581
H  1                7.45782m    -3.826    0.0205      Fe 3                4733.91A    -4.944    0.0016      O  4                1399.78A    -4.558    0.0038
H  1                4.65251m    -3.993    0.0139      Fe 3                3406.18A    -5.082    0.0011      O  4                1407.38A    -4.542    0.0039
H  1                3.73954m    -4.161    0.0095      Fe 3                2.21782m    -5.050    0.0012      O  4                1397.23A    -5.020    0.0013
H  1                3.29609m    -4.313    0.0067      Fe 7                9.50763m    -2.705    0.2703      O  4                1404.81A    -4.137    0.0100
H  1                3.03837m    -4.450    0.0049      Fe 7                5720.71A    -3.414    0.0528      O  4                1401.16A    -4.225    0.0082
H  1                2.87221m    -4.582    0.0036      Fe 7                4988.55A    -3.620    0.0329      O  6                1037.61A    -4.408    0.0054
H  1                2.75752m    -4.684    0.0028      Fe 7                4893.37A    -3.890    0.0177      O  6                1031.91A    -4.267    0.0074
H  1                2.67440m    -4.779    0.0023      Fe 7                4698.24A    -4.879    0.0018      P  5                1128.01A    -4.933    0.0016
H  1                2.61194m    -4.866    0.0019      Fe 7                7.81037m    -3.239    0.0791      P  5                1117.98A    -4.847    0.0020
H  1                2.56363m    -4.947    0.0015      Fe 7                6086.97A    -3.240    0.0790      S  4                10.5076m    -1.550    3.8625
H  1                2.52540m    -5.022    0.0013      Fe 7                5158.89A    -3.757    0.0240      S  4                1404.81A    -5.052    0.0012
H  1                2.49458m    -5.091    0.0011      Fe 7                4942.48A    -4.277    0.0072      S  4                1423.84A    -5.023    0.0013
H  1                12.3685m    -4.261    0.0075      Fe 7                3586.32A    -3.796    0.0219      S  4                1416.89A    -4.583    0.0036
H  1                7.50045m    -4.393    0.0055      Fe 7                5276.38A    -4.443    0.0049      S  4                1406.02A    -4.545    0.0039
H  1                5.90660m    -4.535    0.0040      Fe 7                3758.92A    -3.642    0.0313      S  4                1073.52A    -4.829    0.0020
H  1                5.12726m    -4.668    0.0029      Fe 7                3.38363m    -4.634    0.0032      S  6                944.523A    -4.614    0.0033
H  1                4.67124m    -4.820    0.0021      Fe 7                2.62872m    -4.597    0.0035      S  6                933.378A    -4.510    0.0042
H  1                4.37526m    -4.922    0.0016      K  3                4.61683m    -4.594    0.0035      Si 6                1.96247m    -3.351    0.0611
H  1                4.16966m    -5.016    0.0013      K  4                5.98030m    -4.104    0.0108      level 1 lines...................................
H  1                4.01977m    -5.102    0.0011      Mg 1                2852.13A    -4.777    0.0023      recombination...................................
H  1                19.0567m    -4.637    0.0032      Mg 7                9.03096m    -4.472    0.0046      level2 lines....................................
H  1                11.3056m    -4.743    0.0025      Mg 7                5.50208m    -4.561    0.0038      N  1                942.258A    -4.918    0.0017
H  1                8.75768m    -4.864    0.0019      N  1                1134.17A    -5.020    0.0013      O  1                976.791A    -4.894    0.0018
H  1                7.50606m    -5.024    0.0013      N  1                1134.41A    -4.945    0.0016      O  1                969.049A    -4.809    0.0021
H  1                6.77015m    -5.124    0.0010      N  1                1134.98A    -4.910    0.0017      O  1                946.387A    -4.856    0.0019
H  1                27.7958m    -4.966    0.0015      N  1                1199.55A    -4.603    0.0034      O  1                934.501A    -4.894    0.0018
H  1                16.2047m    -5.053    0.0012      N  1                1200.22A    -4.642    0.0031      O  1                973.577A    -4.909    0.0017
He 2                1640.41A    -2.048    1.2268      N  1                1200.71A    -4.769    0.0023      O  1                927.472A    -4.929    0.0016
He 2                1215.13A    -2.519    0.4154      N  4                1486.50A    -3.533    0.0402      O  1                948.506A    -4.971    0.0015
He 2                1084.94A    -2.855    0.1915      N  4                1483.32A    -3.381    0.0570      O  1                922.969A    -4.968    0.0015
He 2                1025.27A    -3.114    0.1055      N  4                1718.55A    -5.011    0.0013      O  1                919.912A    -5.007    0.0013
He 2                992.358A    -3.324    0.0650      N  5                1238.82A    -3.963    0.0149      O  1                935.672A    -5.036    0.0013
He 2                972.106A    -3.501    0.0432      N  5                1242.80A    -4.183    0.0090      O  1                917.726A    -5.048    0.0012
He 2                958.693A    -3.654    0.0304      Na 6                14.3924m    -4.784    0.0023      O  1                918.704A    -5.082    0.0011
He 2                949.323A    -3.788    0.0224      Na 6                8.60825m    -5.007    0.0013      O  1                928.186A    -5.105    0.0011
He 2                942.507A    -3.669    0.0294      Ne 2                12.8101m    -4.772    0.0023      O  1                917.473A    -5.128    0.0010
He 2                937.389A    -3.764    0.0236      Ne 3                15.5509m    -2.231    0.8053      Si 2                1179.59A    -4.307    0.0068
He 2                933.444A    -3.851    0.0193      Ne 3                3868.76A    -2.339    0.6284      Si 2                993.354A    -4.825    0.0021
He 2                930.337A    -3.932    0.0160      Ne 3                36.0036m    -3.271    0.0735      Si 2                1024.03A    -4.979    0.0014
He 2                927.846A    -4.006    0.0135      Ne 3                3967.47A    -2.857    0.1907      P  2                967.202A    -5.082    0.0011
He 2                925.816A    -4.075    0.0115      Ne 3                1814.56A    -4.641    0.0031      P  2                963.828A    -5.005    0.0014
He 2                924.142A    -4.139    0.0100      Ne 3                3342.18A    -5.123    0.0010      Cl 4                981.258A    -5.044    0.0012
He 2                922.743A    -4.197    0.0087      Ne 5                24.3108m    -2.154    0.9626      Ni 2                1751.83A    -5.115    0.0011
He 2                921.562A    -4.251    0.0077      Ne 5                14.3178m    -2.333    0.6372      Ni 2                1744.24A    -5.067    0.0012
He 2                920.556A    -4.298    0.0069      Ne 5                3345.82A    -3.377    0.0575      Ni 2                1375.73A    -5.077    0.0011
He 2                919.693A    -4.337    0.0063      Ne 5                3425.88A    -2.945    0.1555      Ni 2                1324.11A    -5.086    0.0011
He 2                4685.68A    -2.941    0.1570      O  1                1040.94A    -5.131    0.0010      hyperfine structure.............................
He 2                3203.08A    -3.261    0.0752      O  1                1304.86A    -4.741    0.0025      inner shell.....................................
He 2                2733.28A    -3.524    0.0411      O  1                6300.30A    -4.366    0.0059      molecules.......................................
He 2                2511.19A    -3.739    0.0250      O  1                6363.78A    -4.861    0.0019      bands...........................................
He 2                2385.39A    -3.920    0.0165      O  1                63.1679m    -4.872    0.0018      Fe 2b               2500.00A    -3.562    0.0376
He 2                2306.18A    -4.076    0.0115      O  2                2470.34A    -4.639    0.0031      Fe 2b               5000.00A    -3.847    0.0195
He 2                2252.67A    -4.214    0.0084      O  2                7319.99A    -4.832    0.0020      Fe 2b               7000.00A    -4.812    0.0021
He 2                2214.65A    -4.184    0.0090      O  2                7329.67A    -5.072    0.0012      Fe 2b               10000.0A    -3.525    0.0409
He 2                2186.59A    -4.279    0.0072      O  2                7330.73A    -5.101    0.0011      Fe 2b               2355.00A    -4.026    0.0129
He 2                2165.23A    -4.366    0.0059      O  2                3728.81A    -2.970    0.1470      Fe 2b               2430.00A    -3.577    0.0363
He 2                2148.58A    -4.446    0.0049      O  2                3726.03A    -3.141    0.0992      Fe 2b               2445.00A    -3.577    0.0363
He 2                2135.34A    -4.520    0.0041      O  3                88.3323m    -1.509    4.2500      Fe 2b               2495.00A    -4.413    0.0053
He 2                2124.61A    -4.589    0.0035      O  3                4931.23A    -4.893    0.0018      Fe 2b               2610.00A    -3.880    0.0181
He 2                2115.81A    -4.653    0.0031      O  3                51.8004m    -1.673    2.9093      Fe 2b               2758.00A    -5.046    0.0012
He 2                2108.49A    -4.711    0.0027      O  3                4958.91A    -1.485    4.4937      Fe 2b               2780.00A    -5.014    0.0013
He 2                2102.33A    -4.764    0.0024      O  3                2320.95A    -3.700    0.0274      Fe 2b               4255.00A    -4.274    0.0073
He 2                2097.10A    -4.811    0.0021      O  3                1660.81A    -3.512    0.0422      Fe 2b               4558.00A    -5.011    0.0013
He 2                2092.63A    -4.851    0.0019      O  3                5006.84A    -1.024   12.9878      Fe 2b               4600.00A    -4.981    0.0014
He 2                1.01235m    -3.559    0.0378      O  3                1666.15A    -3.107    0.1071      Fe 2b               4920.00A    -4.638    0.0032
He 2                6560.01A    -3.795    0.0220      O  3                4363.21A    -3.073    0.1158      Fe 2b               5070.00A    -5.082    0.0011
He 2                5411.45A    -4.009    0.0134      O  5                1218.34A    -4.145    0.0098      Fe 2b               5143.00A    -4.569    0.0037
He 2                4859.26A    -4.193    0.0088      O  5                1213.81A    -3.985    0.0142      Fe 2b               5270.00A    -4.275    0.0073
He 2                4541.54A    -4.352    0.0061      P  2                1.18828m    -5.011    0.0013      Fe 2b               5318.00A    -4.584    0.0036
He 2                4338.62A    -4.492    0.0044      P  3                17.8797m    -4.834    0.0020      Fe 2b               7445.00A    -4.834    0.0020
He 2                4199.78A    -4.553    0.0038      P  4                950.657A    -4.794    0.0022      Fe 2b               8625.00A    -4.509    0.0042
He 2                4099.99A    -4.647    0.0031      P  4                1035.52A    -5.111    0.0011      Fe 2b               1.88900m    -4.243    0.0078
He 2                4025.55A    -4.734    0.0025      S  2                6730.82A    -3.585    0.0356      miscellaneous...................................
He 2                3968.39A    -4.814    0.0021      S  2                6716.44A    -3.430    0.0509      C 2R                1335.00A    -3.433    0.0506
He 2                3923.44A    -4.888    0.0018      S  2                4076.35A    -5.047    0.0012      C 3R                977.000A    -3.019    0.1312
He 2                3887.40A    -4.957    0.0015      S  2                4068.60A    -4.556    0.0038      C 3R                1909.00A    -3.174    0.0918
He 2                3858.03A    -5.020    0.0013      S  2                1.03205m    -5.048    0.0012      C 3R                1175.00A    -3.355    0.0605
He 2                3833.76A    -5.079    0.0011      S  2                1259.52A    -5.040    0.0013      C 4R                1549.00A    -3.758    0.0239
He 2                3813.45A    -5.132    0.0010      S  2                1253.81A    -5.076    0.0012      N 2R                1085.00A    -4.575    0.0036
He 2                1.86365m    -4.062    0.0119      S  3                33.4704m    -2.787    0.2237      N 3R                990.000A    -3.129    0.1020
He 2                1.16262m    -4.240    0.0079      S  3                18.7078m    -3.013    0.1331      O 2R                3729.00A    -4.050    0.0122
He 2                9344.80A    -4.416    0.0053      S  3                9068.62A    -3.043    0.1243      O 2R                4651.00A    -4.451    0.0049
He 2                8236.67A    -4.574    0.0037      S  3                9530.62A    -2.643    0.3121      O 2R                4341.00A    -4.728    0.0026
He 2                7592.65A    -4.714    0.0027      S  3                3721.63A    -4.342    0.0062      Blnd                1400.00A    -3.016    0.1322
He 2                7177.41A    -4.842    0.0020      S  3                6312.06A    -4.069    0.0117      Blnd                1650.00A    -1.998    1.3761
He 2                6890.80A    -4.936    0.0016      S  3                1713.11A    -5.128    0.0010      Blnd                1304.00A    -4.574    0.0037
He 2                6683.11A    -5.022    0.0013      S  3                1728.94A    -4.677    0.0029      Blnd                1039.00A    -4.938    0.0016
He 2                6527.01A    -5.101    0.0011      S  3                1194.45A    -4.965    0.0015      Blnd                2798.00A    -2.747    0.2453
He 2                3.09080m    -4.491    0.0044      S  3                1021.11A    -5.034    0.0013      Blnd                6720.00A    -3.200    0.0865
He 2                1.87431m    -4.626    0.0032      Si 2                34.8046m    -3.228    0.0811      Blnd                4074.00A    -4.434    0.0050
He 2                1.47602m    -4.772    0.0023      Si 2                2334.41A    -4.732    0.0025      Blnd                1.03300m    -4.543    0.0039
He 2                1.28127m    -4.909    0.0017      Si 2                1808.01A    -4.512    0.0042      Blnd                1256.00A    -4.613    0.0033
He 2                1.16730m    -5.081    0.0011      Si 2                2350.17A    -4.603    0.0034      Blnd                1198.00A    -4.703    0.0027
He 2                4.76213m    -4.865    0.0019      Si 2                2344.20A    -4.201    0.0086      Blnd                1720.00A    -4.545    0.0039
He 2                2.82519m    -4.968    0.0015      Si 2                2334.60A    -4.303    0.0068      Blnd                3722.00A    -4.336    0.0063
He 2                2.18848m    -5.091    0.0011      Si 2                1817.45A    -4.645    0.0031      Blnd                1406.00A    -4.130    0.0102
He-like iso-sequence............................      Si 2                1816.93A    -4.207    0.0085      Blnd                1199.00A    -5.022    0.0013
He 1                1.08291m    -3.889    0.0177      Si 2                1533.43A    -4.391    0.0056      Blnd                2665.00A    -4.108    0.0107
He 1                1.08302m    -3.418    0.0523      Si 2                1309.28A    -4.607    0.0034      Blnd                1860.00A    -4.091    0.0111
He 1                1.08303m    -3.194    0.0877      Si 2                1265.00A    -4.271    0.0073      Blnd                4725.00A    -2.962    0.1496
Blnd                1.08302m    -2.939    0.1578      Si 2                1264.74A    -4.892    0.0018      Blnd                2860.00A    -3.979    0.0144
He 1                3888.64A    -3.239    0.0792      Si 2                1197.39A    -4.406    0.0054      Blnd                7250.00A    -4.547    0.0039
He 1                3187.74A    -3.623    0.0326      Si 2                1194.50A    -4.456    0.0048      Blnd                2335.00A    -3.794    0.0220
He 1                2945.10A    -3.932    0.0160      Si 3                1892.03A    -3.372    0.0582      Blnd                1888.00A    -2.973    0.1458
He 1                2829.08A    -4.184    0.0090      Si 3                1882.71A    -3.195    0.0876      Blnd                1397.00A    -3.116    0.1050
He 1                2760.44A    -4.774    0.0023      Si 3                1206.50A    -3.865    0.0187      Blnd                2424.00A    -3.049    0.1226
He 1                2721.00A    -4.921    0.0016      Si 4                1393.75A    -3.309    0.0674      Blnd                5525.00A    -4.128    0.0102
He 1                2694.61A    -5.054    0.0012      Si 4                1402.77A    -3.562    0.0376      Blnd                7306.00A    -4.789    0.0022
He 1                2.05813m    -4.121    0.0104      Si 7                2.48071m    -4.074    0.0116      Blnd                3933.00A    -4.888    0.0018
He 1                5015.68A    -3.850    0.0194      Ti 6                1.71509m    -4.814    0.0021      Blnd                2326.00A    -3.682    0.0285
He 1                3964.73A    -4.236    0.0080      Al 2                2669.15A    -4.505    0.0043      Blnd                1335.00A    -4.126    0.0103
He 1                3613.64A    -4.540    0.0040      Al 2                2660.35A    -4.330    0.0064      Blnd                1909.00A    -2.365    0.5913
He 1                3447.59A    -4.790    0.0022      Al 2                1670.79A    -4.410    0.0053      Blnd                1176.00A    -5.015    0.0013
He 1                7065.71A    -4.831    0.0020      Al 5                2.90450m    -4.169    0.0093      Blnd                1549.00A    -2.074    1.1567
He 1                7065.21A    -4.354    0.0061      C  4                1550.77A    -2.544    0.3916      Blnd                5199.00A    -5.005    0.0014
He 1                7065.18A    -4.132    0.0101      C  4                1548.19A    -2.253    0.7651      Blnd                1085.00A    -4.258    0.0076
Blnd                7065.25A    -3.877    0.0182      Ca 2                7291.47A    -5.009    0.0013      Blnd                2141.00A    -4.825    0.0021
He 1                5875.98A    -4.173    0.0092      Ca 2                3933.66A    -5.131    0.0010      Blnd                1750.00A    -3.651    0.0307
He 1                5875.64A    -3.696    0.0276      Ca 5                4.15739m    -3.499    0.0435      Blnd                990.000A    -4.172    0.0092
He 1                5875.61A    -3.474    0.0460      Ca 5                11.4792m    -4.638    0.0032      Blnd                1486.00A    -3.149    0.0972
Blnd                5875.66A    -3.219    0.0829      Ca 5                5309.11A    -3.780    0.0227      Blnd                1240.00A    -3.758    0.0239
He 1                4713.16A    -5.070    0.0012      Ca 5                6086.37A    -4.492    0.0044      Blnd                6300.00A    -4.245    0.0078
He 1                4713.14A    -4.848    0.0019      Cl 3                5537.87A    -4.511    0.0042      Blnd                2471.00A    -4.536    0.0040
Blnd                4713.17A    -4.592    0.0035      Cl 3                5517.71A    -4.360    0.0060      Blnd                7323.00A    -4.703    0.0027
He 1                4471.69A    -4.579    0.0036      Cl 4                20.3197m    -3.441    0.0497      Blnd                7332.00A    -4.785    0.0022
He 1                4471.49A    -4.102    0.0108      Cl 4                11.7629m    -3.533    0.0402      Blnd                3727.00A    -2.746    0.2462
He 1                4471.47A    -3.880    0.0181      Cl 4                7530.54A    -4.018    0.0132      Blnd                7325.00A    -4.441    0.0050
Blnd                4471.50A    -3.625    0.0325      Cl 4                8045.62A    -3.654    0.0304      Blnd                1666.00A    -2.963    0.1493
Blnd                4120.84A    -5.020    0.0013      Cl 4                3118.66A    -5.027    0.0013      Blnd                5007.00A    -0.895   17.4832
He 1                4026.36A    -4.894    0.0018      Fe 4                3095.77A    -4.468    0.0047      Blnd                1402.00A    -3.702    0.0272
He 1                4026.20A    -4.416    0.0053      Fe 4                3094.96A    -2.534    0.4010      Blnd                1218.00A    -3.756    0.0240
He 1                4026.19A    -4.195    0.0088      Fe 4                3094.53A    -4.123    0.0103      Blnd                1035.00A    -4.031    0.0128
Blnd                4026.21A    -3.939    0.0158      Fe 4                2835.74A    -2.640    0.3145



 AGN log nH=1.00 log U=-1.33  
 Cooling:  O  3c                     0  :0.490 O  4c                     0  :0.078 S  4c                     0  :0.076  
 Heating:  BFH1                      0  :0.717 BFHe                      0  :0.210 TotM                      0  :0.069  

 These are some of the most important databases used by Cloudy:
 Many recombination coefficients were taken from http://amdpp.phys.strath.ac.uk/tamoc/RR/ and http://amdpp.phys.strath.ac.uk/tamoc/DR/
      and are based on the following papers:
        Badnell N. R., et al., A&A 406, 1151 (2003) [http://adsabs.harvard.edu/abs/2003A%26A...406.1151B]
        Badnell N. R., ApJS 167, 334 (2006) [http://adsabs.harvard.edu/abs/2006ApJS..167..334B]
 Much of the molecular emission data is from LAMDA as accessed on June 30, 2015. This database is described in:
        Schoeier F.L., et al., A&A 432, 369 (2005) [http://adsabs.harvard.edu/abs/2005A%26A...432..369S]
      This database is in part based on the work of the following groups:
        JPL: Pickett H. M. et al., JQSRT, 60, 883 (1998). [http://adsabs.harvard.edu/abs/1998JQSRT..60..883P]
        CDMS: Mueller H. S. et al., A&A 370, L49 (2001). [http://adsabs.harvard.edu/abs/2001A%26A...370L..49M]
              Mueller H. S. et al., J. Mol. Struct. 742, 215 (2005). [http://adsabs.harvard.edu/abs/2005JMoSt.742..215M]
 Some of the ionic emission data is from a reprocessed version of 10.1 of CHIANTI. CHIANTI is a collaborative project involving the NRL (USA), the
      Universities of Florence (Italy) and Cambridge (UK), and George Mason University (USA). These papers describe Chianti:
        Dere K. P., et al., A&AS, 125, 149 (1997) [http://adsabs.harvard.edu/abs/1997A%26AS..125..149D]
        Dere, K. P., et al., APJ, 268, 52 (2023) [https://ui.adsabs.harvard.edu/abs/2023ApJS..268...52D]
      This paper describes the reprocessed version of Chianti used:
        Gunasekera, C. M., et al., Astronomy, 1, 255. (2022) [https://ui.adsabs.harvard.edu/abs/2022Astro...1..255G]
 Much of the H_2 data is from this web site: http://molat.obspm.fr/index.php?page=pages/Molecules/H2/H2can94.php. These data are
      described in:
        Abgrall H. et al., Can. J. Phys., 72, 856 (1994) [http://adsabs.harvard.edu/abs/1994CaJPh..72..856A]
        Wrathmall S. A. & Flower D. R., J. Phys. B, 40, 3221 (2007) [http://adsabs.harvard.edu/abs/2007JPhB...40.3221W]
 The Case A and Case B recombination predictions for one-electron systems are from
	Storey, P.J. & Hummer, D.G., 1995, MNRAS 272, 41 http://adsabs.harvard.edu/abs/1995MNRAS.272...41S
 The He I recombination predictions are from
	Porter, R. L.; Ferland, G. J.; Storey, P. J.; Detisch, M. J., 2012, MNRAS, 425, 28p http://adsabs.harvard.edu/abs/2012MNRAS.425L..28P
		http://adsabs.harvard.edu/abs/2013MNRAS.433L..89P

 If you find some process or data set to be particularly critical to a result, please follow the trail of references back to the
 original source and cite that.  This will support and encourage atomic, molecular, and chemical physicists to continue their
 valuable work.

 IONIZE PARMET:  U(1-) -1.3333  U(4-): -2.2742  U(sp): -1.33  Q(ion):    7.048  L(ion) -0.711    Q(low): 12.632    L(low)  0.185
 ENERGY BUDGET:  Heat:  -0.430  Coolg:  -0.430  Error:  0.0%  Rec Lin:  -0.833  F-F  H  0.000    P(rad/tot)max     3.29E-01    R(F Con):1.737e+05

     Col(Heff):      4.063E+21  snd travl time  4.78E+14 sec  Te-low: 3.90E+03  Te-hi: 1.49E+04  G0TH85: 1.24E+02  G0DB96:1.33E+02
  Emiss Measure    n(e)n(p) dl       6.238E+22  n(e)n(He+)dl         4.188E+21  En(e)n(He++) dl         1.135E+21  ne nC+:1.51E+17
 He/Ha:7.35E-02  =   0.86*true  Lthin:2.35E+02  itr/zn: 6.38  H2 itr/zn:  0.00  File Opacity: F  MassTot 1.29e-02  (gm/cm^2)
   Temps(21 cm)   T(21cm/Ly a)  3.48E+03        T(<nH/Tkin>)  8.77E+03          T(<nH/Tspin>)    3.74E+03          TB21cm:9.29E-01
                   N(H0/Tspin)  9.67E+15        N(OH/Tkin)    3.08E+02          B(21cm)          0.00E+00
   <a>:2.58E-09  erdeFe6.0E+23  Tcompt1.34E+11  Tthr3.81E+11  <Tden>: 1.09E+04  <dens>:2.27E-23  <MolWgt>6.26E-01
     Mean Jeans  l(cm)1.27E+21  M(sun)1.23E+07  smallest:     len(cm):7.61E+20  M(sun):2.64E+06  a_ox tran: -1.44
 Rion:1.000E+30  Dist:0.00E+00  Diam:0.000E+00
 Hatom level 70  HatomType: add  HInducImp  F  He tot level: 63  He2 level:   70  ExecTime   160.6
 ConvrgError(%)  <eden>  0.042  MaxEden  0.314  <H-C>   0.11  Max(H-C)    0.43  <Press>   0.000  MaxPrs er  0.000
  Continuity(%)  chng Te   4.1  elec den   5.4  n(H2)    0.0  n(CO)        0.0

                                                        Averaged Quantities
             Te      Te(Ne)   Te(NeNp)  Te(NeHe+)Te(NeHe2+) Te(NeO+)  Te(NeO2+)  Te(H2)     N(H)     Ne(O2+)   Ne(Np)
 Radius:  1.09e+04  1.09e+04  1.09e+04  1.05e+04  1.22e+04  1.14e+04  1.06e+04  5.96e+03  1.00e+01  1.09e+01  1.10e+01
 
 Peimbert T(OIIIr)1.00E+04 T(Bac)1.02E+04 T(Hth)1.01E+04 t2(Hstrc) 1.65e-02 T(O3-BAC)1.00E+04 t2(O3-BC)-1.17e-03 t2(O3str) 1.46e-02

 Contin Optical Depths: COMP: 4.16e-03    H-: 5.42e-06 R(1300): 2.43e-04  H2+: 1.88e-07  Bra:4.16E-03
                          Pa: 4.16e-03    Ba: 4.17e-03      Hb: 4.17e-03   La: 6.01e-01     1r:2.293E+02  1.8:5.34E+01 4.:6.192E+02

 Old, new H  1 continuum optical depths:
     1 2.29e+02     2 2.64e-06     3 5.16e-06     4 5.16e-06     5 5.16e-06     6 1.31e-06     7 1.31e-06     8 1.31e-06
     9 1.31e-06    10 1.34e-13    11 1.34e-13    12 1.34e-13    13 1.34e-13    14 1.34e-13    15 3.13e-13    16 3.13e-13
    17 3.13e-13    18 3.13e-13    19 3.13e-13    20 3.13e-13    21 6.48e-13    22 6.48e-13    23 6.48e-13    24 6.48e-13
    25 6.48e-13    26 6.48e-13    27 6.48e-13    28 1.23e-12    29 1.23e-12    30 1.23e-12    31 1.23e-12    32 1.23e-12
    33 1.23e-12    34 1.23e-12    35 1.23e-12    36 2.19e-12    37 2.19e-12    38 2.19e-12    39 2.19e-12    40 2.19e-12
    41 2.19e-12    42 2.19e-12    43 2.19e-12    44 2.19e-12    45 3.69e-12    46 3.69e-12    47 3.69e-12    48 3.69e-12
    49 3.69e-12    50 3.69e-12    51 3.69e-12    52 3.69e-12    53 3.69e-12    54 3.69e-12
     1 2.29e+02     2 2.75e-06     3 5.36e-06     4 5.36e-06     5 5.36e-06     6 1.36e-06     7 1.36e-06     8 1.36e-06
     9 1.36e-06    10 1.35e-13    11 1.35e-13    12 1.35e-13    13 1.35e-13    14 1.35e-13    15 3.15e-13    16 3.15e-13
    17 3.15e-13    18 3.15e-13    19 3.15e-13    20 3.15e-13    21 6.50e-13    22 6.50e-13    23 6.50e-13    24 6.50e-13
    25 6.50e-13    26 6.50e-13    27 6.50e-13    28 1.24e-12    29 1.24e-12    30 1.24e-12    31 1.24e-12    32 1.24e-12
    33 1.24e-12    34 1.24e-12    35 1.24e-12    36 2.20e-12    37 2.20e-12    38 2.20e-12    39 2.20e-12    40 2.20e-12
    41 2.20e-12    42 2.20e-12    43 2.20e-12    44 2.20e-12    45 3.71e-12    46 3.71e-12    47 3.71e-12    48 3.71e-12
    49 3.71e-12    50 3.71e-12    51 3.71e-12    52 3.71e-12    53 3.71e-12    54 3.71e-12

 Old, new H  1 mean line optical depths:
  2- 1 3.97e+06  3- 2 3.59e-04  4- 3 3.08e-10  5- 4 1.40e-10  6- 5-1.02e-11  7- 6-9.39e-11  8- 7 2.20e-11
  9- 8 4.65e-10 10- 9 1.28e-09 11-10 2.55e-08 12-11-1.06e-08 13-12-1.72e-08 14-13-2.76e-08 15-14-4.35e-08 16-15-6.85e-08
 17-16-1.09e-07 18-17-1.75e-07 19-18-2.96e-07 20-19-5.16e-07 21-20-9.56e-07 22-21-1.94e-06 23-22-4.55e-06 24-23-1.44e-05
 25-24-5.17e-04
  2- 1 3.99e+06  3- 2 3.60e-04  4- 3 3.09e-10  5- 4 1.39e-10  6- 5-1.59e-11  7- 6-1.07e-10  8- 7 4.13e-13
  9- 8 4.34e-10 10- 9 1.24e-09 11-10 2.57e-08 12-11-1.10e-08 13-12-1.80e-08 14-13-2.89e-08 15-14-4.57e-08 16-15-7.22e-08
 17-16-1.15e-07 18-17-1.84e-07 19-18-3.10e-07 20-19-5.38e-07 21-20-9.93e-07 22-21-2.00e-06 23-22-4.69e-06 24-23-1.47e-05
 25-24-5.24e-04

 Old, new He 2 continuum optical depths:
     1 6.19e+02     2 2.28e+02     3 3.06e-05     4 3.06e-05     5 3.06e-05     6 2.64e-06     7 2.64e-06     8 2.64e-06
     9 2.64e-06    10 4.20e-06    11 4.20e-06    12 4.20e-06    13 4.20e-06    14 4.20e-06    15 5.16e-06    16 5.16e-06
    17 5.16e-06    18 5.16e-06    19 5.16e-06    20 5.16e-06    21 4.27e-06    22 4.27e-06    23 4.27e-06    24 4.27e-06
    25 4.27e-06    26 4.27e-06    27 4.27e-06    28 1.31e-06    29 1.31e-06    30 1.31e-06    31 1.31e-06    32 1.31e-06
    33 1.31e-06    34 1.31e-06    35 1.31e-06    36 7.73e-14    37 7.73e-14    38 7.73e-14    39 7.73e-14    40 7.73e-14
    41 7.73e-14    42 7.73e-14    43 7.73e-14    44 7.73e-14    45 1.34e-13    46 1.34e-13    47 1.34e-13    48 1.34e-13
    49 1.34e-13    50 1.34e-13    51 1.34e-13    52 1.34e-13    53 1.34e-13    54 1.34e-13
     1 6.19e+02     2 2.28e+02     3 3.09e-05     4 3.09e-05     5 3.09e-05     6 2.75e-06     7 2.75e-06     8 2.75e-06
     9 2.75e-06    10 4.36e-06    11 4.36e-06    12 4.36e-06    13 4.36e-06    14 4.36e-06    15 5.36e-06    16 5.36e-06
    17 5.36e-06    18 5.36e-06    19 5.36e-06    20 5.36e-06    21 4.43e-06    22 4.43e-06    23 4.43e-06    24 4.43e-06
    25 4.43e-06    26 4.43e-06    27 4.43e-06    28 1.36e-06    29 1.36e-06    30 1.36e-06    31 1.36e-06    32 1.36e-06
    33 1.36e-06    34 1.36e-06    35 1.36e-06    36 7.76e-14    37 7.76e-14    38 7.76e-14    39 7.76e-14    40 7.76e-14
    41 7.76e-14    42 7.76e-14    43 7.76e-14    44 7.76e-14    45 1.35e-13    46 1.35e-13    47 1.35e-13    48 1.35e-13
    49 1.35e-13    50 1.35e-13    51 1.35e-13    52 1.35e-13    53 1.35e-13    54 1.35e-13

 Old, new He 2 mean line optical depths:
  2- 1 1.97e+07  3- 2 2.36e-07  4- 3 5.58e-13  5- 4-6.11e-13  6- 5-2.19e-12  7- 6-3.57e-12  8- 7-3.63e-12
  9- 8-1.16e-12 10- 9 4.21e-12 11-10 2.02e-10 12-11-9.17e-11 13-12-1.47e-10 14-13-2.30e-10 15-14-3.54e-10 16-15-5.38e-10
 17-16-8.18e-10 18-17-1.26e-09 19-18-1.97e-09 20-19-3.26e-09 21-20-5.70e-09 22-21-1.10e-08 23-22-2.46e-08 24-23-7.50e-08
 25-24-2.64e-06
  2- 1 1.97e+07  3- 2 2.39e-07  4- 3 5.60e-13  5- 4-6.06e-13  6- 5-2.19e-12  7- 6-3.59e-12  8- 7-3.69e-12
  9- 8-1.31e-12 10- 9 3.93e-12 11-10 2.00e-10 12-11-9.28e-11 13-12-1.49e-10 14-13-2.34e-10 15-14-3.60e-10 16-15-5.49e-10
 17-16-8.36e-10 18-17-1.29e-09 19-18-2.02e-09 20-19-3.33e-09 21-20-5.82e-09 22-21-1.12e-08 23-22-2.50e-08 24-23-7.59e-08
 25-24-2.64e-06

 Old He Is optical depths:    1 5.33e+01    2 3.85e-05    3 2.20e-06    4 2.45e-06    5 2.45e-06
 New He Is optical depths:    1 5.33e+01    2 3.87e-05    3 2.28e-06    4 2.55e-06    5 2.55e-06
          Old He Is Lines:  584 8.57e+04 3889 6.79e-01 5016 9.28e-07 5876 1.42e-09
          New He Is Lines:  584 8.70e+04 3889 6.87e-01 5016 9.78e-07 5876 8.44e-10
AGN log nH=1.00 log U=-1.33  


          Start Iteration Number 3                                                 AGN log nH=1.00 log U=-1.33  


 ####  1  Te:1.490E+04 Hden:1.000E+01 Ne:1.173E+01 R:1.000E+30 R-R0:3.740E+16 dR:7.480E+16 NTR: 15 Htot:7.310E-22 T912: 2.30e+02###
 Hydrogen      1.42e-04 1.00e+00 H+o/Hden 1.00e+00 3.53e-13 H-    H2 5.09e-20 1.11e-14 H2+ HeH+ 1.96e-15 Ho+ ColD 1.06e+14 7.48e+17
 Helium        2.22e-06 1.47e-02 9.85e-01 HeI 2s3S 2.03e-10 Comp H,C 1.12e-25 1.26e-28 Fill Fac 1.00e+00 Gam1/tot 1.00e+00
 He singlet n  2.22e-06 3.58e-17 4.34e-23 1.90e-23 3.08e-23 2.56e-23 He tripl 2.03e-10 3.58e-21 5.18e-23 4.41e-22 7.27e-23
 Pressure      NgasTgas 3.37e+05 P(total) 4.65e-11 P( gas ) 4.65e-11 P(Radtn) 0.00e+00 Rad accl 1.58e-08 ForceMul 8.25e+02
 Texc(La)      3.13e+03 T(I con) 9.30e+00 T(D con) 1.19e+00 T(U tot) 9.30e+00 nT (c+d) 2.53e+06 Prad/Gas 0.00e+00 Pmag/Gas 0.00e+00
 Molecules     CH/Ctot: 1.24e-23 CH+/Ctot 3.44e-18 CO/Ctot: 7.20e-31 CO+/Ctot 1.97e-27 H2O/Otot 1.52e-37 OH/Ototl 4.97e-23
 Lithium       8.67e-09 1.43e-02 4.89e-01 4.97e-01 Berylliu 3.62e-08 7.55e-04 4.87e-01 4.88e-01 2.41e-02 sec ion: 4.80e-16
 Boron         1.84e-10 4.00e-04 1.64e-02 9.23e-01 6.02e-02 4.19e-04
 Carbon        8.96e-11 5.14e-05 1.65e-02 1.59e-01 8.14e-01 1.05e-02 2.58e-05 H2O+/O   2.51e-38 OH+/Otot 1.86e-23 Hex(tot) 0.00e+00
 Nitrogen      1.40e-09 2.51e-05 2.14e-02 3.33e-01 4.11e-01 2.33e-01 1.12e-03 1.16e-06 O2/Ototl 1.01e-31 O2+/Otot 2.36e-32
 Oxygen        6.10e-10 1.23e-05 1.07e-02 3.61e-01 4.66e-01 1.46e-01 1.70e-02 3.52e-05 0.00e+00
 Fluorine      2.53e-10 9.61e-06 7.07e-03 2.51e-01 6.26e-01 1.13e-01 2.50e-03 3.13e-04 3.10e-07 0.00e+00
 Neon          1.86e-10 7.01e-06 8.78e-03 2.51e-01 6.08e-01 1.30e-01 2.98e-03 1.35e-04 4.16e-06 0.00e+00 0.00e+00
 Sodium        1.03e-11 3.09e-06 4.13e-03 2.18e-01 6.79e-01 9.42e-02 4.64e-03 5.26e-05 6.52e-07 0.00e+00 0.00e+00 0.00e+00
 Magnesium     7.00e-10 1.95e-06 2.79e-03 1.52e-01 5.81e-01 2.51e-01 1.26e-02 1.82e-04 4.90e-06 0.00e+00 0.00e+00 0.00e+00 0.00e+00
 Aluminium  0  1.35e-10 2.36e-05 5.96e-04 7.84e-02 4.91e-01 4.02e-01 2.71e-02 5.28e-04 1.07e-05 0.00e+00 0.00e+00 0.00e+00 0.00e+00
 Silicon    0  8.63e-12 2.79e-05 2.29e-03 2.80e-02 4.82e-01 4.18e-01 6.88e-02 1.74e-03 3.56e-06 0.00e+00 0.00e+00 0.00e+00 0.00e+00
 Phosphorus 0  5.14e-11 5.66e-05 4.09e-03 3.66e-02 1.82e-01 6.74e-01 9.99e-02 3.28e-03 3.35e-05 3.09e-07 0.00e+00 0.00e+00 0.00e+00
 Sulphur    0  3.02e-11 3.49e-05 1.07e-02 1.45e-01 2.22e-01 2.90e-01 3.14e-01 1.90e-02 1.23e-04 1.09e-06 0.00e+00 0.00e+00 0.00e+00
 Chlorine   0  6.91e-11 5.18e-05 1.22e-02 2.29e-01 4.69e-01 1.94e-01 6.34e-02 3.19e-02 7.15e-04 7.37e-06 0.00e+00 0.00e+00 0.00e+00
 Argon      0  3.60e-10 1.17e-05 2.34e-02 2.23e-01 5.06e-01 2.28e-01 1.27e-02 5.57e-03 1.11e-03 1.34e-05 0.00e+00 0.00e+00 0.00e+00
 Potassium  0  5.53e-11 5.85e-05 1.58e-02 3.34e-01 4.99e-01 1.41e-01 9.09e-03 7.43e-04 1.04e-04 3.05e-05 2.39e-07 0.00e+00 0.00e+00
 Calcium    0  7.01e-13 3.57e-07 4.84e-03 1.72e-01 5.98e-01 2.16e-01 8.97e-03 8.43e-04 2.11e-05 1.26e-05 1.07e-06 0.00e+00 0.00e+00
 Scandium   0  3.40e-14 5.45e-08 1.46e-04 1.23e-01 4.08e-01 4.44e-01 2.28e-02 1.70e-03 2.96e-05 2.98e-06 1.93e-07 0.00e+00 0.00e+00
 Titanium   0  1.10e-13 3.22e-07 3.24e-04 7.82e-02 4.51e-01 3.88e-01 8.00e-02 2.81e-03 5.73e-05 2.91e-06 1.72e-07 0.00e+00 0.00e+00
 Vanadium   0  3.74e-14 1.14e-08 2.64e-05 4.21e-03 1.32e-01 7.29e-01 1.20e-01 1.36e-02 1.33e-04 3.09e-06 1.06e-07 0.00e+00 0.00e+00
 Chromium   0  1.53e-15 6.44e-09 1.78e-05 3.37e-03 9.51e-02 4.80e-01 3.90e-01 2.99e-02 1.35e-03 1.24e-05 2.93e-07 0.00e+00 0.00e+00
 Manganese  0  1.42e-13 7.79e-09 1.59e-05 3.26e-03 1.13e-01 5.49e-01 3.19e-01 1.45e-02 8.24e-04 3.63e-05 3.62e-07 0.00e+00 0.00e+00
 Iron       0  7.57e-15 1.60e-09 4.37e-06 1.55e-03 6.03e-02 3.94e-01 4.84e-01 5.97e-02 5.30e-04 3.06e-05 3.52e-07 0.00e+00 0.00e+00
 Cobalt     0  6.83e-15 7.97e-10 3.22e-06 1.08e-03 6.33e-02 4.34e-01 3.92e-01 1.05e-01 4.18e-03 2.01e-04 3.30e-06 3.54e-07 0.00e+00
 Nickel     0  4.90e-15 7.73e-10 2.47e-06 7.22e-04 4.01e-02 4.20e-01 3.96e-01 1.36e-01 7.20e-03 3.14e-04 2.82e-06 4.12e-07 0.00e+00
 Copper     0  1.70e-15 5.37e-10 2.16e-06 6.13e-04 3.07e-02 3.13e-01 4.57e-01 1.85e-01 1.26e-02 6.37e-04 7.56e-06 1.45e-07 0.00e+00
 Zinc       0  3.31e-15 9.78e-10 2.08e-06 6.08e-04 2.97e-02 2.94e-01 4.14e-01 2.43e-01 1.69e-02 9.22e-04 1.30e-05 8.41e-07 0.00e+00
 ####191  Te:3.910E+03 Hden:1.000E+01 Ne:9.335E-01 R:1.000E+30 R-R0:5.701E+20 dR:2.105E+16 NTR: 14 Htot:2.503E-23 T912: 4.59e+02###
 Hydrogen      9.27e-01 7.35e-02 H+o/Hden 1.00e+00 3.77e-10 H-    H2 4.67e-10 2.53e-10 H2+ HeH+ 1.12e-08 Ho+ ColD 3.61e+19 5.67e+21
 Helium        7.75e-01 2.24e-01 8.59e-04 HeI 2s3S 7.11e-10 Comp H,C 8.87e-27 2.69e-30 Fill Fac 1.00e+00 Gam1/tot 7.02e-01
 He singlet n  7.75e-01 3.61e-16 4.95e-21 6.67e-23 3.06e-22 1.13e-22 He tripl 7.11e-10 1.25e-20 1.52e-22 1.61e-21 3.15e-22
 Pressure      NgasTgas 4.61e+04 P(total) 6.37e-12 P( gas ) 6.37e-12 P(Radtn) 2.47e-16 Rad accl 3.98e-08 ForceMul 2.54e+04
 Texc(La)      3.17e+03 T(I con) 8.09e+00 T(D con) 7.59e+00 T(U tot) 9.34e+00 nT (c+d) 3.79e+06 Prad/Gas 3.88e-05 Pmag/Gas 0.00e+00
 Molecules     CH/Ctot: 5.16e-15 CH+/Ctot 1.54e-09 CO/Ctot: 9.43e-14 CO+/Ctot 4.02e-13 H2O/Otot 7.29e-22 OH/Ototl 1.17e-10
 Lithium       8.94e-06 1.00e+00 2.37e-06 0.00e+00 Berylliu 3.55e-05 9.56e-01 4.40e-02 4.40e-04 0.00e+00 sec ion: 1.12e-14
 Boron         3.91e-06 9.74e-01 1.58e-03 2.40e-02 7.22e-07 0.00e+00
 Carbon        1.60e-05 9.72e-01 2.82e-02 1.40e-05 5.27e-07 0.00e+00 0.00e+00 H2O+/O   1.84e-20 OH+/Otot 4.31e-10 Hex(tot) 0.00e+00
 Nitrogen      9.01e-01 9.90e-02 6.68e-05 3.76e-06 0.00e+00 0.00e+00 0.00e+00 0.00e+00 O2/Ototl 9.07e-14 O2+/Otot 8.18e-14
 Oxygen        9.42e-01 5.81e-02 1.15e-04 8.12e-07 0.00e+00 0.00e+00 0.00e+00 0.00e+00 0.00e+00
 Fluorine      2.37e-01 6.08e-01 1.55e-01 6.47e-06 6.41e-05 0.00e+00 0.00e+00 0.00e+00 0.00e+00 0.00e+00
 Neon          1.73e-01 5.65e-01 2.62e-01 1.11e-05 1.99e-06 0.00e+00 0.00e+00 0.00e+00 0.00e+00 0.00e+00 0.00e+00
 Sodium        8.29e-05 6.93e-01 3.07e-01 5.17e-05 2.09e-04 0.00e+00 0.00e+00 0.00e+00 0.00e+00 0.00e+00 0.00e+00 0.00e+00
 Magnesium     4.09e-05 7.88e-01 2.12e-01 1.13e-05 2.76e-06 0.00e+00 0.00e+00 0.00e+00 0.00e+00 0.00e+00 0.00e+00 0.00e+00 0.00e+00
 Aluminium  0  1.76e-06 8.25e-01 7.05e-02 1.05e-01 5.19e-05 2.68e-07 0.00e+00 0.00e+00 0.00e+00 0.00e+00 0.00e+00 0.00e+00 0.00e+00
 Silicon    0  3.99e-06 1.00e+00 3.66e-05 1.92e-04 6.25e-06 6.80e-07 0.00e+00 0.00e+00 0.00e+00 0.00e+00 0.00e+00 0.00e+00 0.00e+00
 Phosphorus 0  9.84e-06 9.40e-01 5.89e-02 9.02e-04 1.18e-05 1.67e-06 0.00e+00 0.00e+00 0.00e+00 0.00e+00 0.00e+00 0.00e+00 0.00e+00
 Sulphur    0  1.15e-05 8.80e-01 1.20e-01 4.75e-05 6.87e-06 1.53e-06 3.91e-07 0.00e+00 0.00e+00 0.00e+00 0.00e+00 0.00e+00 0.00e+00
 Chlorine   0  1.57e-05 8.71e-01 1.29e-01 8.98e-05 9.85e-06 1.36e-06 3.01e-07 0.00e+00 0.00e+00 0.00e+00 0.00e+00 0.00e+00 0.00e+00
 Argon      0  2.78e-01 5.73e-01 1.49e-01 4.42e-05 9.54e-06 1.14e-06 2.09e-07 0.00e+00 0.00e+00 0.00e+00 0.00e+00 0.00e+00 0.00e+00
 Potassium  0  1.08e-05 6.40e-01 3.54e-01 1.12e-04 5.98e-03 2.13e-06 3.55e-07 0.00e+00 0.00e+00 0.00e+00 0.00e+00 0.00e+00 0.00e+00
 Calcium    0  1.63e-08 2.04e-03 9.92e-01 5.90e-03 1.85e-04 4.74e-06 3.75e-07 0.00e+00 0.00e+00 0.00e+00 0.00e+00 0.00e+00 0.00e+00
 Scandium   0  9.09e-08 1.21e-02 8.97e-01 8.47e-02 6.65e-03 6.24e-06 6.59e-07 0.00e+00 0.00e+00 0.00e+00 0.00e+00 0.00e+00 0.00e+00
 Titanium   0  3.43e-06 5.28e-01 4.59e-01 4.73e-04 1.25e-02 4.52e-06 9.85e-07 0.00e+00 0.00e+00 0.00e+00 0.00e+00 0.00e+00 0.00e+00
 Vanadium   0  3.91e-05 7.36e-01 2.63e-01 7.06e-05 1.25e-03 4.01e-06 4.57e-07 0.00e+00 0.00e+00 0.00e+00 0.00e+00 0.00e+00 0.00e+00
 Chromium   0  3.74e-06 9.98e-01 1.69e-03 3.11e-05 2.08e-04 1.53e-05 1.08e-06 0.00e+00 0.00e+00 0.00e+00 0.00e+00 0.00e+00 0.00e+00
 Manganese  0  7.75e-05 9.97e-01 2.57e-03 3.57e-05 6.95e-04 1.47e-05 3.97e-06 6.84e-07 0.00e+00 0.00e+00 0.00e+00 0.00e+00 0.00e+00
 Iron       0  1.04e-05 9.99e-01 4.38e-04 1.40e-04 6.72e-05 1.25e-05 3.12e-06 4.41e-07 0.00e+00 0.00e+00 0.00e+00 0.00e+00 0.00e+00
 Cobalt     0  8.71e-05 9.98e-01 4.00e-04 1.74e-04 8.75e-04 9.49e-06 2.33e-06 1.18e-07 0.00e+00 0.00e+00 0.00e+00 0.00e+00 0.00e+00
 Nickel     0  5.08e-05 9.99e-01 3.16e-04 3.40e-05 1.37e-04 8.07e-06 1.75e-06 0.00e+00 0.00e+00 0.00e+00 0.00e+00 0.00e+00 0.00e+00
 Copper     0  2.45e-05 7.37e-01 2.63e-01 4.48e-05 1.64e-05 8.67e-06 2.46e-06 1.67e-07 0.00e+00 0.00e+00 0.00e+00 0.00e+00 0.00e+00
 Zinc       0  1.94e-05 2.69e-01 4.45e-01 2.20e-01 6.62e-02 1.48e-05 5.80e-06 1.79e-06 0.00e+00 0.00e+00 0.00e+00 0.00e+00 0.00e+00
   AGN log nH=1.00 log U=-1.33  
   Calculation stopped because lowest Te reached. Iteration 3 of 3
   The geometry is plane-parallel.
  !Some input lines contained underscores, these were changed to spaces.
  !Suprathermal collisional ionization of H reached 29.76% of the local H ionization rate.
  !Charge transfer H => H+ reached 1115.2% of the local H ionization rate.
  !AGE: Cloud age was not set.  Longest timescale was 2.15e+12 s = 6.80e+04 years.
  !The CMB was not included.  This is added with the CMB command.
  !The ratio of radiation to gas pressure reached 3.29e-01 at zone 52.  Caused by Lyman alpha.
  !The radiation pressure jumped by 814% from 1.28e-11 (zone 52) to 8.45e-13 (zone 53) to 9.63e-13 (zone 54)
   Charge transfer heating reached 2.24% of the local heating.
   Destruction of He 2TriS reached 2.0% of the total He0 dest rate at zone 1, 1.9% of that was photoionization.
   The density is too low to l-mix the lowest H  I collapsed level.  More resolved levels are needed for accurate line ratios.
   The density is too low to l-mix the lowest He I collapsed level.  More resolved levels are needed for accurate line ratios.
   Grains were not present but might survive in this environment (energy density temperature was 9.30e+00K)
   The continuum optical depth at the lowest energy considered (3.045e-09 Ryd) was 1.936e+02.

                       *********************************> Cloudy 25.00 <**********************************
                       * title AGN log nH=1.00 log U=-1.33                                               *
                       * hden 1.0                                                                        *
                       * table AGN                                                                       *
                       * stop efrac 0.01                                                                 *
                       * ionization parameter -1.3333333333333335                                        *
                       * abundances GASS                                                                 *
                       * sphere                                                                          *
                       * stop temperature 4000 K                                                         *
                       * stop column density 22                                                          *
                       * iterate to convergence                                                          *
                       * save overview "AGNmodel_nH1.00_Um1.33_temp38333.33.txt"                         *
                       *********************************> Log(U): -1.33 <*********************************

                     Emission Line Spectrum.   Constant  Density Model.  Closed geometry.  Iteration 3 of 3.
                                                     Intensity (erg/s/cm^2).


                                                   Intrinsic line intensities
general properties..............................      Ca A                992.358A    -3.507    0.0427      Fe 8                168.003A    -4.920    0.0016
Inci                      0      0.229  232.5690      Ca A                972.106A    -3.686    0.0282      Mg 2                2802.71A    -3.219    0.0829
TotH                      0     -0.430   50.9051      Ca A                958.693A    -3.842    0.0197      Mg 2                2795.53A    -2.926    0.1626
TotC                      0     -0.430   50.9008      Ca A                949.323A    -3.979    0.0144      Mg 4                4.48711m    -3.284    0.0713
BFH1                      0     -0.575   36.4737      Ca A                942.507A    -4.102    0.0108      Mg 4                323.307A    -4.398    0.0055
BFHe                      0     -1.109   10.6730      Ca A                937.389A    -4.214    0.0084      Mg 4                181.344A    -5.125    0.0010
TotM                      0     -1.593    3.5026      Ca A                933.444A    -4.317    0.0066      Mg 4                171.655A    -5.024    0.0013
Cbnd                      0     -4.814    0.0021      Ca A                930.337A    -4.411    0.0053      Mg 5                5.60700m    -2.832    0.2017
ComH                      0     -4.224    0.0082      Ca A                927.846A    -4.499    0.0043      Mg 5                13.5464m    -3.907    0.0170
CT H                      0     -2.954    0.1524      Ca A                925.816A    -4.581    0.0036      Mg 5                2782.76A    -3.535    0.0400
H FB                      0     -1.778    2.2864      Ca A                924.142A    -4.658    0.0030      Mg 5                2928.09A    -4.100    0.0109
HFBc                      0     -1.778    2.2864      Ca A                922.743A    -4.731    0.0025      Mg 5                355.329A    -4.521    0.0041
H  1c                     0     -2.343    0.6224      Ca A                921.562A    -4.800    0.0022      Mg 5                353.297A    -4.992    0.0014
He 1c                     0     -4.837    0.0020      Ca A                920.556A    -4.865    0.0019      Mg 5                354.221A    -4.834    0.0020
Al 3c                     0     -4.245    0.0078      Ca A                919.693A    -4.927    0.0016      Mg 5                137.411A    -5.134    0.0010
Al 6c                     0     -3.353    0.0609      Ca A                918.945A    -4.986    0.0014      Mg 6                1806.00A    -4.897    0.0017
Ar 3c                     0     -3.038    0.1257      Ca A                918.295A    -5.042    0.0012      Mg 6                1806.42A    -4.796    0.0022
Ar 4c                     0     -2.912    0.1680      Ca A                917.724A    -5.096    0.0011      Mg 6                403.307A    -4.662    0.0030
Ar 5c                     0     -2.896    0.1744      Ca A                4685.68A    -2.879    0.1813      Mg 6                400.662A    -4.682    0.0028
Ar 6c                     0     -3.462    0.0473      Ca A                3203.08A    -3.271    0.0735      Mg 6                399.281A    -4.722    0.0026
C  2c                     0     -3.477    0.0458      Ca A                2733.28A    -3.560    0.0378      N  2                205.283m    -4.688    0.0028
C  3c                     0     -2.356    0.6042      Ca A                2511.19A    -3.788    0.0223      N  2                121.769m    -4.716    0.0026
Ca 4c                     0     -3.070    0.1167      Ca A                2385.39A    -3.977    0.0144      N  2                6548.05A    -3.850    0.0194
Fe 2c                     0     -3.007    0.1350      Ca A                2306.18A    -4.140    0.0099      N  2                6583.45A    -3.381    0.0571
Fe 3c                     0     -3.000    0.1373      Ca A                2252.67A    -4.282    0.0072      N  2                5754.59A    -5.076    0.0012
Fe 7c                     0     -2.338    0.6301      Ca A                2214.65A    -4.410    0.0053      N  2                2142.77A    -4.973    0.0015
K  3c                     0     -4.595    0.0035      Ca A                2186.59A    -4.524    0.0041      N  2                1085.70A    -4.981    0.0014
K  4c                     0     -4.104    0.0108      Ca A                2165.23A    -4.629    0.0032      N  2                1085.55A    -4.896    0.0017
Mg 1c                     0     -4.767    0.0023      Ca A                2148.58A    -4.726    0.0026      N  2                1084.56A    -4.783    0.0023
Mg 7c                     0     -4.201    0.0086      Ca A                2135.34A    -4.815    0.0021      N  2                916.710A    -4.597    0.0035
N  1c                     0     -5.066    0.0012      Ca A                2124.61A    -4.899    0.0017      N  2                916.701A    -4.696    0.0028
N  4c                     0     -3.148    0.0975      Ca A                2115.81A    -4.977    0.0014      N  2                915.962A    -4.845    0.0020
N  5c                     0     -3.911    0.0168      Ca A                2108.49A    -5.051    0.0012      N  3                57.3238m    -2.682    0.2849
Na 6c                     0     -4.558    0.0038      Ca A                2102.33A    -5.120    0.0010      N  3                1748.65A    -4.522    0.0041
Ne 2c                     0     -4.772    0.0023      Ca A                1.01235m    -3.431    0.0508      N  3                1753.99A    -4.504    0.0043
Ne 3c                     0     -1.906    1.7028      Ca A                6560.01A    -3.739    0.0250      N  3                1746.82A    -4.929    0.0016
Ne 5c                     0     -1.878    1.8143      Ca A                5411.45A    -3.983    0.0142      N  3                1752.16A    -4.089    0.0112
O  1c                     0     -4.137    0.0100      Ca A                4859.26A    -4.183    0.0090      N  3                1749.67A    -4.158    0.0095
O  2c                     0     -2.730    0.2552      Ca A                4541.54A    -4.353    0.0061      N  3                989.799A    -4.999    0.0014
O  3c                     0     -0.740   24.9294      Ca A                4338.62A    -4.501    0.0043      N  3                991.511A    -4.390    0.0056
O  5c                     0     -3.759    0.0239      Ca A                4199.78A    -4.632    0.0032      N  3                991.577A    -4.779    0.0023
P  2c                     0     -4.691    0.0028      Ca A                4099.99A    -4.750    0.0024      N  3                764.351A    -4.479    0.0045
P  3c                     0     -4.832    0.0020      Ca A                4025.55A    -4.857    0.0019      N  3                685.515A    -5.086    0.0011
S  2c                     0     -3.159    0.0952      Ca A                3968.39A    -4.956    0.0015      N  3                686.336A    -4.340    0.0063
S  3c                     0     -2.225    0.8162      Ca A                3923.44A    -5.047    0.0012      N  3                685.817A    -4.330    0.0064
S  5c                     0     -5.125    0.0010      Ca A                3887.40A    -5.132    0.0010      N  3                452.227A    -4.486    0.0045
Si 2c                     0     -3.049    0.1224      Ca A                1.86365m    -3.887    0.0178      Na 3                7.31570m    -4.049    0.0122
Si 3c                     0     -2.952    0.1533      Ca A                1.16262m    -4.136    0.0100      Na 3                380.100A    -4.681    0.0029
Si 4c                     0     -3.199    0.0867      Ca A                9344.80A    -4.345    0.0062      Na 3                268.625A    -4.930    0.0016
Si 7c                     0     -4.016    0.0132      Ca A                8236.67A    -4.521    0.0041      Na 3                267.871A    -4.950    0.0015
Ti 6c                     0     -4.814    0.0021      Ca A                7592.65A    -4.674    0.0029      Na 3                250.517A    -4.893    0.0018
Al 2c                     0     -4.023    0.0130      Ca A                7177.41A    -4.809    0.0021      Na 4                9.03096m    -4.430    0.0051
Al 5c                     0     -4.170    0.0093      Ca A                6890.80A    -4.930    0.0016      Na 4                3241.50A    -4.903    0.0017
C  4c                     0     -2.083    1.1336      Ca A                6683.11A    -5.040    0.0013      Na 4                412.244A    -4.922    0.0016
Ca 2c                     0     -4.600    0.0034      Ca A                3.09080m    -4.279    0.0072      Na 5                463.270A    -4.788    0.0022
Ca 5c                     0     -3.266    0.0744      Ca A                1.87431m    -4.482    0.0045      Na 5                461.057A    -4.824    0.0021
Cl 2c                     0     -4.954    0.0015      Ca A                1.47602m    -4.663    0.0030      Na 5                459.901A    -4.893    0.0018
Cl 3c                     0     -4.081    0.0114      Ca A                1.28127m    -4.820    0.0021      Ne 4                2421.66A    -3.445    0.0492
Cl 4c                     0     -3.005    0.1356      Ca A                1.16730m    -4.959    0.0015      Ne 4                2424.28A    -3.271    0.0734
Fe 4c                     0     -2.096    1.0981      Ca A                1.09334m    -5.082    0.0011      Ne 4                1601.45A    -4.852    0.0019
Fe 5c                     0     -2.661    0.2993      Ca A                4.76213m    -4.622    0.0033      Ne 4                541.126A    -4.592    0.0035
Fe 6c                     0     -2.124    1.0300      Ca A                2.82519m    -4.789    0.0022      Ne 4                542.076A    -4.569    0.0037
Fe 8c                     0     -3.762    0.0237      Ca A                2.18848m    -4.948    0.0015      Ne 4                543.886A    -4.551    0.0039
K  5c                     0     -4.891    0.0018      Ca A                1.87570m    -5.089    0.0011      Ne 4                208.903A    -4.815    0.0021
Mg 2c                     0     -2.755    0.2412      Ca A                6.94599m    -4.927    0.0016      Ne 4                208.737A    -4.757    0.0024
Mg 4c                     0     -3.284    0.0713      Ca A                4.04945m    -5.067    0.0012      Ne 6                7.65019m    -2.884    0.1792
Mg 5c                     0     -2.706    0.2696      Ca B                1640.41A    -2.026    1.2929      Ne 6                558.603A    -5.050    0.0012
Mg 6c                     0     -4.536    0.0040      Ca B                1215.13A    -2.535    0.4001      Ne 6                562.711A    -4.857    0.0019
N  2c                     0     -3.206    0.0852      Ca B                1084.94A    -2.882    0.1798      Ne 6                435.646A    -4.689    0.0028
N  3c                     0     -2.637    0.3167      Ca B                1025.27A    -3.147    0.0978      Ne 6                403.260A    -4.616    0.0033
Na 3c                     0     -4.050    0.0122      Ca B                992.358A    -3.360    0.0598      Ne 6                401.941A    -4.615    0.0033
Na 4c                     0     -4.250    0.0077      Ca B                972.106A    -3.541    0.0395      Ne 7                465.221A    -4.856    0.0019
Na 5c                     0     -4.952    0.0015      Ca B                958.693A    -3.697    0.0275      Ni 2                1.19102m    -4.461    0.0047
Ne 4c                     0     -3.037    0.1260      Ca B                949.323A    -3.835    0.0200      Ni 2                6.63416m    -5.103    0.0011
Ne 6c                     0     -2.884    0.1792      Ca B                942.507A    -3.959    0.0151      Ni 2                7377.83A    -5.111    0.0011
Ni 2c                     0     -4.162    0.0095      Ca B                937.389A    -4.071    0.0116      O  4                25.8863m    -1.540    3.9579
O  4c                     0     -1.537    3.9855      Ca B                933.444A    -4.174    0.0092      O  4                1399.78A    -4.558    0.0038
O  6c                     0     -4.398    0.0055      Ca B                930.337A    -4.269    0.0074      O  4                1407.38A    -4.542    0.0039
S  4c                     0     -1.549    3.8735      Ca B                927.846A    -4.358    0.0060      O  4                1397.23A    -5.020    0.0013
Si 6c                     0     -3.351    0.0611      Ca B                925.816A    -4.440    0.0050      O  4                1404.81A    -4.137    0.0100
continua........................................      Ca B                924.142A    -4.518    0.0042      O  4                1401.16A    -4.225    0.0082
Bac                 3646.00A    -0.952   15.3261      Ca B                922.743A    -4.590    0.0035      O  4                787.710A    -4.901    0.0017
nFnu                3645.00A    -0.835   20.0552      Ca B                921.562A    -4.659    0.0030      O  4                790.114A    -4.340    0.0063
nFnu                3647.00A    -1.462    4.7291      Ca B                920.556A    -4.725    0.0026      O  4                790.201A    -4.805    0.0022
cout                3646.00A    -0.952   15.3261      Ca B                919.693A    -4.787    0.0022      O  4                609.830A    -4.125    0.0103
thin                3646.00A    -0.952   15.3262      Ca B                918.945A    -4.846    0.0020      O  4                554.076A    -4.908    0.0017
Inci                4860.00A    -0.875   18.3065      Ca B                918.295A    -4.903    0.0017      O  4                555.264A    -3.854    0.0192
Inci                1367.00A    -0.619   32.9430      Ca B                917.724A    -4.957    0.0015      O  4                554.514A    -3.932    0.0160
Inci                2066.00A    -0.709   26.7935      Ca B                4685.68A    -2.852    0.1930      O  6                1037.61A    -4.408    0.0054
Inci                1215.00A    -0.594   34.9358      Ca B                3203.08A    -3.232    0.0803      O  6                1031.91A    -4.267    0.0074
Ba C                      0     -1.603    3.4194      Ca B                2733.28A    -3.516    0.0418      O  6                150.125A    -4.922    0.0016
PA C                      0     -2.023    1.3017      Ca B                2511.19A    -3.741    0.0249      O  6                150.089A    -4.900    0.0017
FIR                 83.0000m    -1.256    7.6091      Ca B                2385.39A    -3.929    0.0162      P  5                1128.01A    -4.933    0.0016
TIR                 1800.00m    -4.151    0.0097      Ca B                2306.18A    -4.090    0.0111      P  5                1117.98A    -4.847    0.0020
NIRa                2.85000m    -0.278   72.2810      Ca B                2252.67A    -4.232    0.0080      S  4                10.5076m    -1.550    3.8627
NIRb                3.00000m    -0.618   33.0172      Ca B                2214.65A    -4.359    0.0060      S  4                1404.81A    -5.052    0.0012
MIRa                15.0000m    -0.719   26.1759      Ca B                2186.59A    -4.473    0.0046      S  4                1423.84A    -5.022    0.0013
MIRb                22.5000m    -0.648   30.8292      Ca B                2165.23A    -4.578    0.0036      S  4                1416.89A    -4.582    0.0036
NMIR                21.7500m    -0.278   72.2810      Ca B                2148.58A    -4.674    0.0029      S  4                1406.02A    -4.544    0.0039
TFIR                611.250m    -3.419    0.0523      Ca B                2135.34A    -4.764    0.0024      S  4                1073.52A    -4.828    0.0020
TALL                10000.0A     0.232  233.7218      Ca B                2124.61A    -4.847    0.0019      S  4                815.941A    -4.591    0.0035
F12                 12.0000m    -1.048   12.2716      Ca B                2115.81A    -4.925    0.0016      S  4                753.760A    -4.286    0.0071
F25                 25.0000m    -1.376    5.7703      Ca B                2108.49A    -4.999    0.0014      S  4                750.221A    -4.342    0.0062
F60                 60.0000m    -1.615    3.3274      Ca B                2102.33A    -5.069    0.0012      S  4                657.319A    -5.114    0.0011
F100                100.000m    -1.511    4.2298      Ca B                2097.10A    -5.134    0.0010      S  4                661.455A    -4.099    0.0109
MIPS                24.0000m    -1.417    5.2539      Ca B                1.01235m    -3.420    0.0522      S  4                554.027A    -4.568    0.0037
MIPS                70.0000m    -3.342    0.0624      Ca B                6560.01A    -3.723    0.0259      S  6                944.523A    -4.614    0.0033
MIPS                160.000m    -3.812    0.0211      Ca B                5411.45A    -3.964    0.0149      S  6                933.378A    -4.510    0.0042
IRAC                3.60000m    -1.505    4.2886      Ca B                4859.26A    -4.162    0.0094      Si 6                1.96247m    -3.351    0.0611
IRAC                4.50000m    -1.480    4.5448      Ca B                4541.54A    -4.331    0.0064      Si 6                249.124A    -4.582    0.0036
IRAC                5.80000m    -1.446    4.9068      Ca B                4338.62A    -4.478    0.0046      level 1 lines...................................
IRAC                8.00000m    -1.285    7.1068      Ca B                4199.78A    -4.608    0.0034      recombination...................................
SPR1                250.000m    -4.374    0.0058      Ca B                4099.99A    -4.725    0.0026      C  2                1335.00A    -3.433    0.0506
SPR2                350.000m    -4.492    0.0044      Ca B                4025.55A    -4.832    0.0020      C  3                8197.00A    -5.076    0.0012
SPR3                500.000m    -4.549    0.0039      Ca B                3968.39A    -4.931    0.0016      C  3                4069.00A    -4.681    0.0029
PAC1                70.0000m    -3.319    0.0658      Ca B                3923.44A    -5.022    0.0013      C  3                1923.00A    -4.019    0.0131
PAC2                100.000m    -1.511    4.2324      Ca B                3887.40A    -5.106    0.0011      C  3                4649.00A    -4.704    0.0027
PAC3                160.000m    -3.709    0.0268      Ca B                1.86365m    -3.881    0.0180      C  3                2163.00A    -4.843    0.0020
PAH                 3.30000m    -2.371    0.5832      Ca B                1.16262m    -4.127    0.0102      C  4                4659.00A    -4.976    0.0015
PAHC                3.23000m    -2.522    0.4125      Ca B                9344.80A    -4.334    0.0064      C  4                2529.00A    -4.545    0.0039
PAHC                3.37000m    -2.683    0.2846      Ca B                8236.67A    -4.510    0.0042      C  4                1549.00A    -3.758    0.0239
PAH                 6.20000m    -1.950    1.5376      Ca B                7592.65A    -4.662    0.0030      N  3                4379.00A    -5.128    0.0010
PAHC                5.65000m    -1.860    1.8922      Ca B                7177.41A    -4.796    0.0022      N  3                1885.00A    -4.589    0.0035
PAH                 7.90000m    -1.705    2.7055      Ca B                6890.80A    -4.916    0.0017      N  4                1036.00A    -4.957    0.0015
PAHC                6.90000m    -1.701    2.7323      Ca B                6683.11A    -5.026    0.0013      O  2                4094.00A    -5.031    0.0013
PAH                 11.3000m    -2.497    0.4362      Ca B                6527.01A    -5.126    0.0010      O  2                4075.00A    -4.675    0.0029
PAHC                10.9000m    -2.433    0.5062      Ca B                3.09080m    -4.273    0.0073      O  2                4111.00A    -4.983    0.0014
PAH                 11.8000m    -2.311    0.6699      Ca B                1.87431m    -4.476    0.0046      O  2                4651.00A    -4.451    0.0049
PAHC                12.6500m    -2.441    0.4966      Ca B                1.47602m    -4.656    0.0030      O  2                4341.00A    -4.728    0.0026
PAH                 13.3000m    -2.412    0.5307      Ca B                1.28127m    -4.812    0.0021      O  3                3265.00A    -4.703    0.0027
PAHC                14.1000m    -2.153    0.9635      Ca B                1.16730m    -4.950    0.0015      O  3                3762.00A    -4.963    0.0015
Bcon                3640.00A    -0.193   87.9575      Ca B                1.09334m    -5.073    0.0012      O  4                4632.00A    -5.119    0.0010
Pcon                5000.00A    -0.488   44.6068      Ca B                4.76213m    -4.616    0.0033      O  4                2450.00A    -4.686    0.0028
O3bn                5007.00A    -1.002   13.6401      Ca B                2.82519m    -4.785    0.0023      O  4                1068.00A    -4.484    0.0045
SX                  25.0000A    -1.973    1.4592      Ca B                2.18848m    -4.943    0.0016      O  5                1644.00A    -4.987    0.0014
HX                  4.70000A    -1.444    4.9382      Ca B                1.87570m    -5.083    0.0011      C  2                1167.50A    -5.100    0.0011
ROSA                12.3980A    -1.651    3.0638      Ca B                6.94599m    -4.922    0.0016      C  2                1092.50A    -4.493    0.0044
HFFc                      0     -1.870    1.8500      Ca B                4.04945m    -5.062    0.0012      C  2                1036.80A    -4.100    0.0109
H FF                      0     -1.929    1.6148      He 2                607.571A    -1.526    4.0842      C  2                946.100A    -4.163    0.0094
HeFF                      0     -2.787    0.2237      He 2                303.784A    -1.198    8.6916      C  2                799.800A    -3.279    0.0722
MeFB                      0     -3.424    0.0517      He 2                256.317A    -4.294    0.0070      C  3                2512.20A    -4.581    0.0036
MeFF                      0     -4.082    0.0114      He 2                243.027A    -4.431    0.0051      C  3                2440.00A    -5.048    0.0012
ToFF                      0     -1.870    1.8499      He 2                237.331A    -4.498    0.0044      C  3                2296.90A    -3.535    0.0400
nFnu                6915.34m    -5.093    0.0011      He 2                234.347A    -4.536    0.0040      C  3                2296.10A    -4.779    0.0023
nFnu                122.367m    -3.622    0.0328      He 2                232.584A    -4.564    0.0037      C  3                2200.40A    -4.609    0.0034
nInu                122.367m    -4.680    0.0029      He 2                231.454A    -4.581    0.0036      C  3                2114.30A    -4.694    0.0028
nFnu                60.8157m    -3.376    0.0576      He 2                230.686A    -4.605    0.0034      C  3                2017.40A    -4.380    0.0057
nInu                60.8157m    -3.622    0.0328      He 2                230.139A    -4.622    0.0033      C  3                1923.30A    -4.768    0.0023
nFnu                41.2039m    -3.232    0.0804      He 2                229.736A    -4.722    0.0026      C  3                1828.00A    -3.571    0.0368
nInu                41.2039m    -3.029    0.1283      He 2                229.431A    -4.734    0.0025      C  3                1796.80A    -4.724    0.0026
nFnu                30.8611m    -3.128    0.1022      He 2                229.194A    -4.748    0.0024      C  3                1701.60A    -4.875    0.0018
nInu                30.8611m    -2.588    0.3540      He 2                229.006A    -4.761    0.0024      C  3                1633.60A    -4.797    0.0022
nFnu                24.7761m    -3.049    0.1226      He 2                228.855A    -4.774    0.0023      C  3                1620.30A    -5.110    0.0011
nInu                24.7761m    -2.254    0.7645      He 2                228.731A    -4.786    0.0022      C  3                1577.10A    -3.513    0.0421
nFnu                24.2932m    -3.042    0.1245      He 2                228.629A    -4.796    0.0022      C  3                1548.90A    -4.676    0.0029
nInu                24.2932m    -2.223    0.8199      He 2                228.543A    -4.804    0.0022      C  3                1516.30A    -5.074    0.0012
nFnu                22.8240m    -3.019    0.1312      He 2                228.471A    -4.810    0.0021      C  3                1491.20A    -4.552    0.0038
nInu                22.8240m    -2.132    1.0115      He 2                228.409A    -4.812    0.0021      C  3                1480.40A    -5.021    0.0013
nFnu                21.4141m    -2.997    0.1380      He 2                228.356A    -4.809    0.0021      C  3                1478.10A    -4.551    0.0039
nInu                21.4141m    -2.036    1.2625      He 2                1640.41A    -2.048    1.2271      C  3                1381.70A    -5.124    0.0010
nFnu                21.1177m    -2.992    0.1398      He 2                1215.13A    -2.519    0.4155      C  3                1296.30A    -4.667    0.0030
nInu                21.1177m    -2.011    1.3383      He 2                1084.94A    -2.855    0.1916      C  3                1247.40A    -4.029    0.0128
nFnu                19.6146m    -2.964    0.1489      He 2                1025.27A    -3.114    0.1055      C  3                1175.70A    -3.355    0.0605
nInu                19.6146m    -1.899    1.7298      He 2                992.358A    -3.324    0.0650      C  3                977.000A    -3.019    0.1313
nFnu                17.6486m    -2.926    0.1626      He 2                972.106A    -3.501    0.0432      C  3                574.300A    -4.103    0.0108
nInu                17.6486m    -1.742    2.4834      He 2                958.693A    -3.654    0.0304      C  3                538.200A    -4.104    0.0108
nFnu                17.3653m    -2.920    0.1648      He 2                949.323A    -3.787    0.0224      C  3                511.500A    -4.071    0.0117
nInu                17.3653m    -1.717    2.6326      He 2                942.507A    -3.668    0.0294      C  3                493.500A    -3.782    0.0227
nFnu                15.6859m    -2.885    0.1787      He 2                937.389A    -3.764    0.0236      C  3                492.600A    -3.923    0.0164
nInu                15.6859m    -1.560    3.7794      He 2                933.444A    -3.851    0.0193      C  3                483.700A    -3.943    0.0156
nFnu                14.5997m    -2.858    0.1904      He 2                930.337A    -3.932    0.0161      C  3                476.000A    -3.784    0.0225
nInu                14.5997m    -1.453    4.8285      He 2                927.846A    -4.006    0.0135      C  3                459.600A    -2.889    0.1769
nFnu                12.4266m    -2.795    0.2196      He 2                925.816A    -4.075    0.0115      C  3                450.700A    -4.062    0.0119
nInu                12.4266m    -1.205    8.5515      He 2                924.142A    -4.139    0.0100      C  3                433.300A    -4.105    0.0108
nFnu                11.3969m    -2.766    0.2348      He 2                922.743A    -4.197    0.0087      C  3                411.700A    -2.910    0.1687
nInu                11.3969m    -1.073   11.5813      He 2                921.562A    -4.251    0.0077      C  3                398.400A    -3.093    0.1106
nFnu                10.4572m    -2.731    0.2547      He 2                920.556A    -4.298    0.0069      C  3                371.700A    -3.768    0.0234
nInu                10.4572m    -0.942   15.6846      He 2                919.693A    -4.337    0.0063      N  2                1085.10A    -4.575    0.0037
nFnu                9.47744m    -2.699    0.2741      He 2                4685.68A    -2.941    0.1571      N  2                916.300A    -4.986    0.0014
nInu                9.47744m    -0.874   18.3076      He 2                3203.08A    -3.261    0.0752      N  2                646.400A    -4.640    0.0031
nFnu                9.32234m    -2.694    0.2776      He 2                2733.28A    -3.524    0.0411      N  3                2188.10A    -4.751    0.0024
nInu                9.32234m    -0.874   18.3076      He 2                2511.19A    -3.739    0.0250      N  3                2064.30A    -4.328    0.0064
nFnu                8.20812m    -2.644    0.3116      He 2                2385.39A    -3.920    0.0165      N  3                1498.30A    -4.802    0.0022
nInu                8.20812m    -0.874   18.3075      He 2                2306.18A    -4.076    0.0115      N  3                991.000A    -3.128    0.1020
nFnu                7.57793m    -2.618    0.3305      He 2                2252.67A    -4.214    0.0084      N  3                979.900A    -5.126    0.0010
nInu                7.57793m    -0.874   18.3075      He 2                2214.65A    -4.184    0.0090      N  3                782.900A    -4.104    0.0108
nFnu                7.04834m    -2.582    0.3588      He 2                2186.59A    -4.279    0.0072      N  3                764.000A    -3.663    0.0298
nInu                7.04834m    -0.874   18.3075      He 2                2165.23A    -4.366    0.0059      N  3                685.700A    -3.911    0.0168
nFnu                4.11258m    -2.374    0.5790      He 2                2148.58A    -4.446    0.0049      N  3                472.300A    -4.205    0.0086
nInu                4.11258m    -0.874   18.3073      He 2                2135.34A    -4.520    0.0041      N  3                418.800A    -3.630    0.0322
nFnu                2.32377m    -2.187    0.8921      He 2                2124.61A    -4.589    0.0035      N  3                411.300A    -4.186    0.0089
nInu                2.32377m    -0.875   18.3070      He 2                2115.81A    -4.653    0.0031      N  3                391.300A    -4.035    0.0127
nFnu                1.64268m    -2.042    1.2451      He 2                2108.49A    -4.711    0.0027      N  3                387.400A    -3.558    0.0379
nInu                1.64268m    -0.875   18.3069      He 2                2102.33A    -4.764    0.0024      N  3                374.400A    -3.724    0.0259
nFnu                1.47981m    -2.028    1.2871      He 2                2097.10A    -4.811    0.0021      N  3                348.700A    -2.967    0.1479
nInu                1.47981m    -0.875   18.3069      He 2                2092.63A    -4.850    0.0019      N  3                340.200A    -3.310    0.0671
nFnu                1.43610m    -1.873    1.8378      He 2                1.01235m    -3.559    0.0378      N  3                323.300A    -3.952    0.0153
nInu                1.43610m    -0.875   18.3069      He 2                6560.01A    -3.795    0.0220      N  3                311.600A    -4.144    0.0098
nFnu                1.11836m    -1.850    1.9379      He 2                5411.45A    -4.009    0.0134      N  4                1718.60A    -4.952    0.0015
nInu                1.11836m    -0.875   18.3067      He 2                4859.26A    -4.193    0.0088      N  4                923.200A    -4.716    0.0026
nFnu                8327.39A    -1.829    2.0326      He 2                4541.54A    -4.352    0.0061      N  4                765.100A    -4.389    0.0056
nInu                8327.39A    -0.875   18.3065      He 2                4338.62A    -4.492    0.0044      N  4                322.600A    -4.933    0.0016
nFnu                8076.39A    -1.512    4.2222      He 2                4199.78A    -4.553    0.0038      N  4                297.700A    -4.951    0.0015
nInu                8076.39A    -0.875   18.3065      He 2                4099.99A    -4.647    0.0031      N  4                283.500A    -4.272    0.0073
nFnu                6207.94A    -1.534    4.0075      He 2                4025.55A    -4.734    0.0025      N  4                239.600A    -4.549    0.0039
nInu                6207.94A    -0.875   18.3064      He 2                3968.39A    -4.814    0.0021      N  4                225.300A    -4.242    0.0079
nFnu                4884.00A    -1.534    4.0141      He 2                3923.44A    -4.888    0.0018      N  4                221.800A    -4.909    0.0017
nInu                4884.00A    -0.875   18.3064      He 2                3887.40A    -4.957    0.0015      N  4                217.900A    -4.643    0.0031
nFnu                3703.28A    -1.486    4.4747      He 2                3858.03A    -5.020    0.0013      N  4                177.600A    -4.693    0.0028
nInu                3703.28A    -0.836   20.0113      He 2                3833.76A    -5.079    0.0011      O  2                386.300A    -3.405    0.0540
nFnu                3586.64A    -0.842   19.7099      He 2                3813.45A    -5.132    0.0010      O  2                385.700A    -3.582    0.0359
nInu                3586.64A    -0.829   20.3137      He 2                1.86365m    -4.062    0.0119      O  3                1947.20A    -4.991    0.0014
nFnu                2429.31A    -1.038   12.5506      He 2                1.16262m    -4.239    0.0079      O  3                834.500A    -3.282    0.0716
nInu                2429.31A    -0.745   24.6865      He 2                9344.80A    -4.416    0.0053      O  3                703.400A    -3.622    0.0328
nFnu                2391.30A    -1.041   12.4748      He 2                8236.67A    -4.573    0.0037      O  3                599.600A    -4.130    0.0102
nInu                2391.30A    -0.741   24.8931      He 2                7592.65A    -4.714    0.0027      O  3                541.600A    -4.068    0.0117
nFnu                2070.68A    -1.030   12.7906      He 2                7177.41A    -4.842    0.0020      O  3                374.100A    -3.746    0.0246
nInu                2070.68A    -0.710   26.7427      He 2                6890.80A    -4.936    0.0016      O  3                320.700A    -3.746    0.0246
nFnu                2052.02A    -1.013   13.2940      He 2                6683.11A    -5.022    0.0013      O  3                300.500A    -3.115    0.1053
nInu                2052.02A    -0.708   26.8767      He 2                6527.01A    -5.101    0.0011      O  3                299.300A    -3.518    0.0416
nFnu                1793.44A    -0.948   15.4480      He 2                3.09080m    -4.491    0.0044      O  4                3037.90A    -5.042    0.0012
nInu                1793.44A    -0.679   28.7298      He 2                1.87431m    -4.626    0.0032      O  4                2511.20A    -5.062    0.0012
nFnu                1585.12A    -0.915   16.6635      He 2                1.47602m    -4.772    0.0023      O  4                1341.80A    -4.370    0.0059
nInu                1585.12A    -0.651   30.6070      He 2                1.28127m    -4.909    0.0017      O  4                1289.40A    -4.581    0.0036
nFnu                1458.33A    -0.912   16.7818      He 2                1.16730m    -5.080    0.0011      O  4                1212.90A    -4.970    0.0015
nInu                1458.33A    -0.633   31.9095      He 2                4.76213m    -4.865    0.0019      O  4                922.700A    -4.395    0.0055
nFnu                1356.96A    -0.953   15.2886      He 2                2.82519m    -4.968    0.0015      O  4                844.400A    -4.141    0.0099
nInu                1356.96A    -0.618   33.0465      He 2                2.18848m    -5.091    0.0011      O  4                789.400A    -2.834    0.2010
nFnu                1297.29A    -1.056   12.0562      He-like iso-sequence............................      O  4                779.900A    -3.398    0.0549
nInu                1297.29A    -0.608   33.8269      He 1                1202.81A    -2.269    0.7373      O  4                745.800A    -4.756    0.0024
nFnu                1262.79A    -1.212    8.4227      He 1                584.334A    -3.201    0.0863      O  4                713.000A    -4.413    0.0053
nInu                1262.79A    -0.602   34.2810      He 1                537.030A    -4.215    0.0084      O  4                703.900A    -4.602    0.0034
nFnu                1218.08A    -2.050    1.2208      He 1                522.213A    -4.345    0.0062      O  4                636.500A    -4.544    0.0039
nInu                1218.08A    -0.594   34.9154      He 1                515.617A    -4.415    0.0053      O  4                617.000A    -3.881    0.0180
nFnu                1196.33A    -2.042    1.2439      He 1                512.099A    -4.466    0.0047      O  4                609.400A    -3.764    0.0236
nInu                1196.33A    -0.590   35.2076      He 1                625.563A    -1.564    3.7443      O  4                554.400A    -3.373    0.0581
nFnu                1175.06A    -2.033    1.2702      He 1                510.018A    -4.704    0.0027      O  4                487.000A    -4.641    0.0031
nInu                1175.06A    -0.587   35.5022      He 1                508.657A    -4.717    0.0026      O  4                442.800A    -5.108    0.0011
nFnu                1143.64A    -2.015    1.3255      He 1                507.727A    -4.754    0.0024      O  4                379.800A    -4.223    0.0082
nInu                1143.64A    -0.580   36.0388      He 1                507.065A    -4.750    0.0024      O  4                306.700A    -4.456    0.0048
nFnu                1113.22A    -1.997    1.3823      He 1                506.576A    -4.759    0.0024      O  4                303.500A    -5.027    0.0013
nInu                1113.22A    -0.575   36.5227      He 1                506.204A    -4.774    0.0023      O  4                289.900A    -4.546    0.0039
nFnu                1103.23A    -1.992    1.3976      He 1                505.916A    -4.792    0.0022      O  4                288.500A    -3.948    0.0155
nInu                1103.23A    -0.573   36.6446      He 1                505.687A    -4.811    0.0021      O  4                285.800A    -4.142    0.0099
nFnu                1073.86A    -1.972    1.4629      He 1                505.502A    -4.830    0.0020      O  4                279.800A    -4.444    0.0049
nInu                1073.86A    -0.567   37.1352      He 1                505.352A    -4.850    0.0019      O  4                276.100A    -4.020    0.0131
nFnu                1064.34A    -1.964    1.4888      He 1                505.227A    -4.871    0.0018      O  4                273.500A    -4.064    0.0118
nInu                1064.34A    -0.565   37.3214      He 1                505.122A    -4.891    0.0018      O  4                267.000A    -4.005    0.0135
nFnu                1035.92A    -1.943    1.5618      He 1                505.033A    -4.911    0.0017      O  4                265.500A    -3.080    0.1141
nInu                1035.92A    -0.559   37.8223      He 1                504.958A    -4.996    0.0014      O  4                260.500A    -3.406    0.0539
nFnu                1000.00A    -1.914    1.6707      He 1                504.893A    -4.992    0.0014      O  4                258.600A    -4.000    0.0137
nInu                1000.00A    -0.551   38.5221      He 1                504.836A    -4.972    0.0015      O  4                252.500A    -3.940    0.0157
nFnu                925.144A    -1.853    1.9249      He 1                504.787A    -5.031    0.0013      O  4                250.300A    -3.925    0.0163
nInu                925.144A    -0.535   40.0276      He 1                504.744A    -4.988    0.0014      O  4                238.500A    -3.962    0.0150
RRC.............................................      He 1                504.706A    -4.924    0.0016      O  4                224.100A    -3.464    0.0471
H  1                3645.98A    -2.015    1.3235      He 1                504.672A    -4.148    0.0097      O  4                216.200A    -4.208    0.0085
H  1                3645.98A    -1.675    2.8957      He 1                1.08291m    -3.888    0.0177      O  4                213.000A    -3.797    0.0219
H  1                8203.57A    -2.746    0.2463      He 1                1.08302m    -3.418    0.0523      O  4                211.300A    -3.776    0.0230
H  1                8203.57A    -2.359    0.6004      He 1                1.08303m    -3.194    0.0877      O  4                207.200A    -3.726    0.0258
H  1                8203.57A    -2.470    0.4644      Blnd                1.08302m    -2.939    0.1578      O  4                203.000A    -4.119    0.0104
H  1                1.45842m    -3.228    0.0810      He 1                3888.64A    -3.239    0.0791      O  4                200.800A    -2.798    0.2183
H  1                1.45842m    -2.835    0.2005      He 1                3187.74A    -3.624    0.0326      O  4                196.400A    -3.102    0.1084
H  1                1.45842m    -2.841    0.1980      He 1                2945.10A    -3.932    0.0160      O  4                188.200A    -3.978    0.0144
H  1                1.45842m    -3.190    0.0886      He 1                2829.08A    -4.184    0.0090      O  4                184.200A    -4.577    0.0036
H  1                2.27878m    -3.583    0.0358      He 1                2760.44A    -4.774    0.0023      O  4                182.800A    -3.982    0.0143
H  1                2.27878m    -3.190    0.0885      He 1                2721.00A    -4.921    0.0016      O  4                171.100A    -4.171    0.0093
H  1                2.27878m    -3.164    0.0940      He 1                2694.61A    -5.054    0.0012      O  4                158.600A    -3.120    0.1040
H  1                2.27878m    -3.367    0.0588      He 1                2.05813m    -4.121    0.0104      O  5                1371.30A    -4.957    0.0015
H  1                2.27878m    -3.869    0.0185      He 1                5015.68A    -3.850    0.0194      O  5                760.400A    -4.687    0.0028
H  1                3.28145m    -3.861    0.0189      He 1                3964.73A    -4.236    0.0080      O  5                629.700A    -4.407    0.0054
H  1                3.28145m    -3.470    0.0465      He 1                3613.64A    -4.540    0.0040      O  5                202.300A    -4.731    0.0025
H  1                3.28145m    -3.431    0.0508      He 1                3447.59A    -4.790    0.0022      O  5                192.900A    -4.261    0.0075
H  1                3.28145m    -3.582    0.0359      He 1                7065.71A    -4.831    0.0020      O  5                168.000A    -4.323    0.0065
H  1                3.28145m    -3.911    0.0168      He 1                7065.21A    -4.353    0.0061      O  5                141.300A    -4.274    0.0073
H  1                3.28145m    -4.515    0.0042      He 1                7065.18A    -4.132    0.0101      level2 lines....................................
H  1                4.46642m    -4.088    0.0112      Blnd                7065.25A    -3.876    0.0182      C  2                596.559A    -4.893    0.0018
H  1                4.46642m    -3.699    0.0274      He 1                5875.98A    -4.173    0.0092      C  2                561.959A    -4.942    0.0016
H  1                4.46642m    -3.656    0.0303      He 1                5875.64A    -3.696    0.0276      C  2                530.721A    -4.969    0.0015
H  1                4.46642m    -3.781    0.0227      He 1                5875.61A    -3.474    0.0460      C  2                544.909A    -4.990    0.0014
H  1                4.46642m    -4.041    0.0125      Blnd                5875.66A    -3.219    0.0829      C  2                535.300A    -5.006    0.0014
H  1                4.46642m    -4.453    0.0048      He 1                4713.16A    -5.069    0.0012      C  2                550.361A    -5.109    0.0011
H  1                4.46642m    -5.126    0.0010      He 1                4713.14A    -4.848    0.0019      C  3                271.090A    -4.621    0.0033
H  1                5.83369m    -4.281    0.0072      Blnd                4713.17A    -4.592    0.0035      C  3                268.600A    -4.637    0.0032
H  1                5.83369m    -3.893    0.0175      He 1                4471.69A    -4.579    0.0036      C  3                266.880A    -4.654    0.0030
H  1                5.83369m    -3.848    0.0195      He 1                4471.49A    -4.102    0.0108      C  3                288.500A    -4.659    0.0030
H  1                5.83369m    -3.960    0.0150      He 1                4471.47A    -3.880    0.0181      C  4                223.140A    -4.549    0.0039
H  1                5.83369m    -4.184    0.0090      Blnd                4471.50A    -3.625    0.0325      C  4                212.750A    -4.687    0.0028
H  1                5.83369m    -4.513    0.0042      Blnd                4120.84A    -5.020    0.0013      C  4                206.950A    -4.771    0.0023
H  1                5.83369m    -4.980    0.0014      He 1                4026.36A    -4.893    0.0018      C  4                203.370A    -4.845    0.0020
H  1                7.38326m    -4.448    0.0049      He 1                4026.20A    -4.416    0.0053      C  4                200.980A    -4.899    0.0017
H  1                7.38326m    -4.062    0.0119      He 1                4026.19A    -4.195    0.0088      C  4                199.320A    -4.956    0.0015
H  1                7.38326m    -4.015    0.0132      Blnd                4026.21A    -3.939    0.0158      N  1                942.258A    -4.918    0.0017
H  1                7.38326m    -4.120    0.0104      He 1                3819.61A    -4.671    0.0029      N  2                532.161A    -5.062    0.0012
H  1                7.38326m    -4.324    0.0065      He 1                3819.60A    -4.449    0.0049      N  3                293.510A    -4.627    0.0032
H  1                7.38326m    -4.608    0.0034      Blnd                3819.62A    -4.194    0.0088      N  3                283.090A    -4.656    0.0030
H  1                7.38326m    -4.981    0.0014      He 1                3704.90A    -5.091    0.0011      N  3                264.550A    -4.667    0.0030
H  1                9.11514m    -4.595    0.0035      He 1                3704.76A    -4.613    0.0033      N  3                277.180A    -4.679    0.0029
H  1                9.11514m    -4.210    0.0085      He 1                3704.75A    -4.392    0.0056      N  3                312.110A    -4.679    0.0029
H  1                9.11514m    -4.163    0.0094      Blnd                3704.77A    -4.136    0.0100      N  3                273.490A    -4.701    0.0027
H  1                9.11514m    -4.264    0.0075      He 1                3634.08A    -4.777    0.0023      N  3                267.450A    -4.717    0.0026
H  1                9.11514m    -4.455    0.0048      He 1                3634.07A    -4.555    0.0038      N  3                248.910A    -4.754    0.0024
H  1                9.11514m    -4.712    0.0027      Blnd                3634.09A    -4.299    0.0069      N  3                271.020A    -4.723    0.0026
H  1                9.11514m    -5.032    0.0013      He 1                3587.16A    -4.920    0.0017      N  3                305.650A    -4.731    0.0025
H  1                11.0293m    -3.678    0.0288      He 1                3587.15A    -4.698    0.0028      N  3                269.290A    -4.741    0.0025
H  1                13.1258m    -3.790    0.0222      Blnd                3587.17A    -4.442    0.0050      N  3                300.710A    -4.748    0.0024
H  1                15.4046m    -3.893    0.0175      He 1                3554.34A    -5.047    0.0012      N  3                238.620A    -4.854    0.0019
H  1                17.8657m    -3.989    0.0141      He 1                3554.33A    -4.825    0.0021      N  3                234.300A    -4.875    0.0018
H  1                20.5091m    -4.079    0.0114      Blnd                3554.35A    -4.570    0.0037      N  3                286.900A    -4.829    0.0020
H  1                23.3348m    -4.162    0.0094      He 1                3530.43A    -4.942    0.0016      N  3                231.470A    -4.967    0.0015
H  1                26.3428m    -4.241    0.0079      Blnd                3530.44A    -4.686    0.0028      N  3                279.440A    -4.879    0.0018
H  1                29.5331m    -4.315    0.0066      He 1                3512.46A    -5.047    0.0012      N  3                229.580A    -4.987    0.0014
H  1                32.9057m    -4.385    0.0057      Blnd                3512.48A    -4.792    0.0022      N  3                274.950A    -4.923    0.0016
H  1                36.4606m    -4.452    0.0048      Blnd                3498.62A    -4.889    0.0018      N  3                272.030A    -4.955    0.0015
H  1                40.1978m    -4.515    0.0042      Blnd                3487.70A    -4.978    0.0014      N  3                270.020A    -4.976    0.0014
H  1                44.1173m    -4.575    0.0036      Blnd                3478.95A    -5.061    0.0012      N  4                197.610A    -4.684    0.0028
H  1                48.2191m    -4.633    0.0032      He 1                3439.98A    -4.970    0.0015      N  4                182.190A    -4.818    0.0021
H  1                52.5033m    -4.688    0.0028      Blnd                3440.00A    -4.715    0.0026      N  4                175.020A    -4.911    0.0017
H  1                56.9697m    -3.521    0.0413      He 1                7281.35A    -4.461    0.0047      N  4                170.460A    -4.994    0.0014
He 2                2049.91A    -3.426    0.0514      He 1                6678.15A    -3.769    0.0234      N  4                168.090A    -5.006    0.0014
He 2                2049.91A    -2.965    0.1485      He 1                5047.74A    -5.023    0.0013      N  4                192.880A    -4.991    0.0014
He 2                2049.91A    -2.966    0.1483      He 1                4921.93A    -4.194    0.0088      N  4                167.260A    -5.116    0.0011
He 2                3644.44A    -3.961    0.0150      He 1                4387.93A    -4.512    0.0042      N  4                211.600A    -4.960    0.0015
He 2                3644.44A    -3.491    0.0442      He 1                4143.76A    -4.768    0.0023      N  5                147.670A    -5.044    0.0012
He 2                3644.44A    -3.379    0.0573      He 1                4009.05A    -4.773    0.0023      O  1                976.791A    -4.893    0.0018
He 2                3644.44A    -3.603    0.0342      He 1                3926.41A    -4.938    0.0016      O  1                969.049A    -4.809    0.0021
He 2                5694.49A    -4.361    0.0060      He 1                3871.69A    -5.083    0.0011      O  1                946.387A    -4.856    0.0019
He 2                5694.49A    -3.890    0.0177      He 1                4.29471m    -5.072    0.0012      O  1                934.501A    -4.894    0.0018
He 2                5694.49A    -3.740    0.0249      He 1                1.25275m    -5.051    0.0012      O  1                973.577A    -4.909    0.0017
He 2                5694.49A    -3.812    0.0212      He 1                1.70025m    -4.775    0.0023      O  1                927.472A    -4.929    0.0016
He 2                5694.49A    -4.197    0.0087      He 1                1.19691m    -4.936    0.0016      O  1                948.506A    -4.971    0.0015
He 2                8200.12A    -4.675    0.0029      He 1                1.03113m    -5.134    0.0010      O  1                922.969A    -4.968    0.0015
He 2                8200.12A    -4.205    0.0086      He 1                9515.00A    -5.023    0.0013      O  1                919.912A    -5.007    0.0014
He 2                8200.12A    -4.041    0.0125      He 1                1.86854m    -4.160    0.0095      O  1                935.672A    -5.036    0.0013
He 2                8200.12A    -4.053    0.0121      He 1                1.27849m    -4.489    0.0044      O  1                917.726A    -5.048    0.0012
He 2                8200.12A    -4.259    0.0075      He 1                1.09130m    -4.755    0.0024      O  1                918.704A    -5.082    0.0011
He 2                8200.12A    -4.765    0.0024      He 1                1.00275m    -4.953    0.0015      O  1                928.186A    -5.105    0.0011
He 2                1.11613m    -4.932    0.0016      He 1                9526.01A    -5.125    0.0010      O  1                917.473A    -5.128    0.0010
He 2                1.11613m    -4.463    0.0047      He 1                1.86972m    -4.637    0.0032      O  2                425.190A    -4.714    0.0027
He 2                1.11613m    -4.293    0.0070      He 1                1.27905m    -4.967    0.0015      O  2                388.410A    -4.753    0.0024
He 2                1.11613m    -4.277    0.0072      He 1                4.04791m    -4.878    0.0018      O  2                373.600A    -4.799    0.0022
He 2                1.11613m    -4.408    0.0054      Ca B                2945.10A    -3.960    0.0150      O  2                361.821A    -4.810    0.0021
He 2                1.11613m    -4.717    0.0026      Ca B                3187.74A    -3.643    0.0312      O  2                366.060A    -4.824    0.0021
He 2                1.45781m    -4.680    0.0029      Ca B                3613.64A    -4.550    0.0039      O  2                360.570A    -4.895    0.0017
He 2                1.45781m    -4.507    0.0043      Ca B                3888.64A    -3.248    0.0775      O  2                414.619A    -4.992    0.0014
He 2                1.45781m    -4.477    0.0046      Ca B                3964.73A    -4.242    0.0079      O  2                358.780A    -5.018    0.0013
He 2                1.45781m    -4.569    0.0037      Ca B                4026.20A    -3.931    0.0161      O  2                356.930A    -5.021    0.0013
He 2                1.45781m    -4.790    0.0022      Ca B                4120.82A    -4.994    0.0014      O  2                355.610A    -5.059    0.0012
He 2                1.84504m    -4.867    0.0019      Ca B                4387.93A    -4.508    0.0043      O  3                305.400A    -3.649    0.0308
He 2                1.84504m    -4.693    0.0028      Ca B                4471.49A    -3.609    0.0337      O  3                268.070A    -4.152    0.0097
He 2                1.84504m    -4.654    0.0030      Ca B                4713.16A    -4.582    0.0036      O  3                263.850A    -4.194    0.0088
He 2                1.84504m    -4.723    0.0026      Ca B                4921.93A    -4.178    0.0091      O  3                373.640A    -4.276    0.0073
He 2                1.84504m    -4.897    0.0017      Ca B                5015.68A    -3.843    0.0197      O  3                265.020A    -4.234    0.0080
He 2                2.27783m    -5.031    0.0013      Ca B                5047.74A    -4.999    0.0014      O  3                248.730A    -4.458    0.0048
He 2                2.27783m    -4.856    0.0019      Ca B                5875.64A    -3.170    0.0927      O  3                241.200A    -4.564    0.0037
He 2                2.27783m    -4.812    0.0021      Ca B                6678.15A    -3.716    0.0263      O  3                248.620A    -4.600    0.0034
He 2                2.27783m    -4.867    0.0019      Ca B                7065.21A    -3.929    0.0162      O  3                236.890A    -4.619    0.0033
He 2                2.27783m    -5.012    0.0013      Ca B                7281.35A    -4.442    0.0050      O  3                234.190A    -4.644    0.0031
He 2                2.75620m    -4.251    0.0077      Ca B                1.08302m    -2.941    0.1571      O  3                276.900A    -4.558    0.0038
He 2                3.28011m    -4.363    0.0059      Ca B                1.19691m    -4.928    0.0016      O  3                241.140A    -4.639    0.0032
He 2                3.84958m    -4.466    0.0047      Ca B                1.27849m    -4.425    0.0052      O  3                280.450A    -4.626    0.0032
He 2                4.46460m    -4.562    0.0038      Ca B                1.27905m    -4.902    0.0017      O  3                263.230A    -4.625    0.0033
He 2                5.12518m    -4.651    0.0031      Ca B                1.70025m    -4.760    0.0024      O  3                232.380A    -4.652    0.0031
He 2                5.83131m    -4.734    0.0025      Ca B                1.86854m    -4.055    0.0121      O  3                236.860A    -4.659    0.0030
He 2                6.58301m    -4.813    0.0021      Ca B                1.86972m    -4.532    0.0040      O  3                231.110A    -4.661    0.0030
He 2                7.38026m    -4.886    0.0018      Ca B                2.05813m    -3.785    0.0225      O  3                255.390A    -4.663    0.0030
He 2                8.22307m    -4.956    0.0015      C  5                81.4655A    -4.929    0.0016      O  3                232.350A    -4.668    0.0029
He 2                9.11143m    -5.023    0.0013      C  5                40.2678A    -4.740    0.0025      O  3                234.180A    -4.674    0.0029
He 2                10.0454m    -5.086    0.0011      C  5                41.4719A    -3.960    0.0150      O  3                230.150A    -4.864    0.0019
He 2                14.2366m    -4.054    0.0121      Pho+                3889.00A    -2.659    0.3005      O  3                231.100A    -4.689    0.0028
He 1                2599.69A    -3.234    0.0800      extra Lyman.....................................      O  3                244.650A    -4.689    0.0028
He 1                3120.85A    -3.746    0.0246      database lines..................................      O  3                238.930A    -4.708    0.0027
He 1                3421.00A    -3.741    0.0249      Al 3                1862.79A    -4.515    0.0042      O  3                233.340A    -4.714    0.0026
He 1                3420.88A    -3.264    0.0747      Al 3                1854.72A    -4.295    0.0070      O  3                235.520A    -4.723    0.0026
He 1                3420.88A    -3.042    0.1245      Al 6                312.237A    -5.027    0.0013      O  3                232.490A    -4.762    0.0024
He 1                3678.70A    -3.462    0.0473      Al 6                3.65932m    -3.397    0.0550      O  3                235.000A    -4.777    0.0023
He 1                6632.16A    -4.136    0.0100      Al 6                9.11329m    -4.454    0.0048      O  4                239.130A    -3.738    0.0250
He 1                7435.20A    -4.559    0.0038      Ar 3                3109.18A    -4.957    0.0015      O  4                207.610A    -4.543    0.0039
He 1                7843.40A    -3.516    0.0418      Ar 3                7135.79A    -3.356    0.0605      O  4                196.560A    -4.600    0.0034
He 1                8188.35A    -3.743    0.0248      Ar 3                7751.11A    -3.980    0.0143      O  4                214.760A    -4.533    0.0040
He 1                8190.64A    -4.233    0.0080      Ar 3                8.98898m    -3.478    0.0456      O  4                181.780A    -4.725    0.0026
He 1                8261.30A    -4.130    0.0102      Ar 3                21.8253m    -4.642    0.0031      O  4                280.550A    -4.385    0.0056
He 1                1.24770m    -4.684    0.0028      Ar 4                840.032A    -5.025    0.0013      O  4                174.710A    -4.778    0.0023
He 1                1.35640m    -5.074    0.0012      Ar 4                843.770A    -4.986    0.0014      O  4                203.010A    -4.645    0.0031
He 1                1.40933m    -4.013    0.0133      Ar 4                850.605A    -4.955    0.0015      O  4                174.310A    -4.796    0.0022
He 1                1.45602m    -4.112    0.0106      Ar 4                2853.66A    -4.140    0.0099      O  4                182.700A    -4.770    0.0023
He 1                1.45643m    -4.605    0.0034      Ar 4                2868.22A    -4.485    0.0045      O  4                181.770A    -4.774    0.0023
He 1                1.45759m    -4.474    0.0046      Ar 4                4711.26A    -3.195    0.0876      O  4                170.710A    -4.843    0.0020
He 1                1.45759m    -4.951    0.0015      Ar 4                4740.12A    -3.344    0.0621      O  4                159.680A    -4.908    0.0017
He 1                1.46631m    -4.599    0.0034      Ar 4                7170.70A    -4.989    0.0014      O  4                168.240A    -4.871    0.0018
He 1                2.01409m    -5.072    0.0012      Ar 4                7237.77A    -5.125    0.0010      O  4                152.360A    -4.961    0.0015
He 1                2.21671m    -4.378    0.0057      Ar 4                7263.33A    -5.044    0.0012      O  4                180.320A    -4.825    0.0021
He 1                2.27546m    -4.436    0.0050      Ar 5                827.366A    -4.821    0.0021      O  4                186.020A    -4.814    0.0021
He 1                2.27605m    -4.928    0.0016      Ar 5                6435.12A    -4.260    0.0075      O  4                166.570A    -4.915    0.0017
He 1                2.27752m    -4.652    0.0031      Ar 5                7005.83A    -3.928    0.0162      O  4                165.420A    -4.932    0.0016
He 1                2.27752m    -5.130    0.0010      Ar 5                7.89971m    -3.391    0.0557      O  4                150.140A    -5.051    0.0012
He 1                2.28865m    -4.951    0.0015      Ar 5                13.0985m    -3.163    0.0942      O  4                153.570A    -5.047    0.0012
He 1                3.20639m    -4.663    0.0030      Ar 6                767.726A    -5.090    0.0011      O  4                169.860A    -4.959    0.0015
He 1                3.27716m    -4.702    0.0027      Ar 6                4.52800m    -3.462    0.0473      O  4                168.250A    -4.976    0.0014
He 1                3.27969m    -4.867    0.0019      C  2                687.053A    -5.112    0.0011      O  4                148.130A    -5.117    0.0010
He 1                4.46460m    -4.263    0.0075      C  2                687.352A    -5.136    0.0010      O  4                206.560A    -4.823    0.0021
He 1                5.83132m    -4.434    0.0050      C  2                858.559A    -4.943    0.0016      O  4                166.640A    -5.003    0.0014
He 1                7.38026m    -4.585    0.0036      C  2                903.623A    -5.108    0.0011      O  4                168.870A    -5.074    0.0012
He 1                9.11143m    -4.721    0.0026      C  2                903.962A    -4.916    0.0017      O  5                135.810A    -4.964    0.0015
He 1                11.0248m    -4.844    0.0020      C  2                904.142A    -4.362    0.0060      O  5                139.140A    -4.955    0.0015
He 1                13.1205m    -4.956    0.0015      C  2                904.480A    -4.454    0.0048      O  5                124.910A    -5.058    0.0012
He 1                15.3983m    -5.060    0.0012      C  2                1036.34A    -5.137    0.0010      O  5                119.360A    -5.122    0.0010
He 1                61.5933m    -4.721    0.0026      C  2                1037.02A    -4.392    0.0056      F  3                253.730A    -4.969    0.0015
grains..........................................      C  2                1334.53A    -4.945    0.0016      Ne 2                444.150A    -4.956    0.0015
H-like iso-sequence.............................      C  2                1335.66A    -4.427    0.0051      Ne 2                356.870A    -4.924    0.0016
H  1 Cool           1215.67A    -2.570    0.3692      C  2                1335.71A    -4.583    0.0036      Ne 2                404.130A    -5.008    0.0013
Crst                960.000A    -2.734    0.2532      C  2                2323.50A    -4.930    0.0016      Ne 2                327.700A    -5.043    0.0012
CION                      0     -4.455    0.0048      C  2                2324.69A    -4.619    0.0033      Ne 2                331.200A    -5.043    0.0012
Ca B                1215.67A    -0.604   34.0977      C  2                2325.40A    -4.131    0.0101      Ne 2                327.139A    -5.058    0.0012
Q(H)                4861.32A    -2.185    0.8956      C  2                2326.93A    -4.148    0.0098      Ne 2                355.969A    -5.057    0.0012
Q(H)                1215.67A    -0.643   31.1795      C  2                2328.12A    -4.566    0.0037      Ne 2                320.500A    -5.114    0.0011
CaBo                4861.32A    -2.140    0.9926      C  2                157.636m    -3.970    0.0147      Ne 3                250.920A    -4.474    0.0046
CaBo                1640.00A    -2.028    1.2870      C  3                1908.73A    -2.766    0.2353      Ne 3                227.420A    -4.573    0.0037
CaBo                4685.64A    -2.868    0.1859      C  3                1906.68A    -2.584    0.3573      Ne 3                218.360A    -4.926    0.0016
Ca A                1215.67A    -0.797   21.8706      C  3                977.020A    -3.405    0.0540      Ne 3                223.310A    -4.823    0.0021
Ca A                1025.72A    -1.440    4.9741      C  3                386.203A    -4.923    0.0016      Ne 3                228.870A    -4.627    0.0032
Ca A                972.537A    -1.850    1.9355      C  3                538.312A    -5.126    0.0010      Ne 3                281.580A    -4.598    0.0035
Ca A                949.743A    -2.154    0.9622      C  3                2296.87A    -4.981    0.0014      Ne 3                204.530A    -5.134    0.0010
Ca A                937.803A    -2.396    0.5508      C  3                884.524A    -4.600    0.0034      Ne 3                227.190A    -4.625    0.0032
Ca A                930.748A    -2.598    0.3457      Ca 3                409.953A    -5.064    0.0012      Ne 3                212.550A    -5.106    0.0011
Ca A                926.226A    -2.772    0.2316      Ca 4                669.696A    -4.521    0.0041      Ne 3                265.510A    -4.644    0.0031
Ca A                923.150A    -2.925    0.1629      Ca 4                3.20610m    -3.070    0.1168      Ne 3                218.030A    -5.051    0.0012
Ca A                920.963A    -3.061    0.1190      Ca 6                629.602A    -4.978    0.0014      Ne 3                217.120A    -5.118    0.0010
Ca A                919.351A    -3.185    0.0896      Ca 6                633.844A    -4.898    0.0017      Ne 3                238.070A    -4.732    0.0025
Ca A                918.129A    -3.297    0.0692      Ca 6                641.904A    -4.863    0.0019      Ne 4                171.550A    -4.636    0.0032
Ca A                917.181A    -3.400    0.0546      Cl 5                392.433A    -5.123    0.0010      Ne 4                148.550A    -4.895    0.0017
Ca A                916.429A    -3.496    0.0438      Cl 5                894.911A    -5.081    0.0011      Ne 4                207.180A    -4.694    0.0028
Ca A                915.824A    -3.584    0.0357      Cl 6                671.380A    -4.931    0.0016      Ne 4                139.980A    -5.043    0.0012
Ca A                915.329A    -3.667    0.0295      Cr 5                594.921A    -4.531    0.0040      Ne 4                159.100A    -4.932    0.0016
Ca A                914.919A    -3.745    0.0247      Fe 2                25.9813m    -4.220    0.0083      Ne 4                135.720A    -5.090    0.0011
Ca A                914.576A    -3.818    0.0209      Fe 2                5.33871m    -3.701    0.0273      Ne 4                133.390A    -5.116    0.0010
Ca A                914.286A    -3.886    0.0178      Fe 2                1.25668m    -4.966    0.0015      Ne 4                157.090A    -5.006    0.0014
Ca A                914.039A    -3.950    0.0154      Fe 2                4287.39A    -4.884    0.0018      Ne 5                143.350A    -4.642    0.0031
Ca A                913.826A    -4.011    0.0134      Fe 2                2382.04A    -4.456    0.0048      Ne 5                142.640A    -4.819    0.0021
Ca A                913.641A    -4.068    0.0117      Fe 2                35.3391m    -4.881    0.0018      Ne 5                119.100A    -5.059    0.0012
Ca A                913.480A    -4.121    0.0104      Fe 2                6.71944m    -4.841    0.0020      Ne 5                132.560A    -5.037    0.0013
Ca A                913.339A    -4.171    0.0092      Fe 2                4359.33A    -5.015    0.0013      Ne 5                167.820A    -4.844    0.0020
Ca A                6562.80A    -1.870    1.8498      Fe 2                2625.67A    -4.040    0.0125      Ne 5                131.150A    -5.100    0.0011
Ca A                4861.32A    -2.318    0.6592      Fe 2                2611.87A    -4.687    0.0028      Ne 5                136.490A    -5.100    0.0011
Ca A                4340.46A    -2.642    0.3128      Fe 2                2395.63A    -4.758    0.0024      Ne 6                122.920A    -4.982    0.0014
Ca A                4101.73A    -2.895    0.1745      Fe 2                2631.32A    -4.898    0.0017      Na 3                229.280A    -5.046    0.0012
Ca A                3970.07A    -3.104    0.1079      Fe 2                2380.76A    -4.696    0.0028      Na 5                124.710A    -5.136    0.0010
Ca A                3889.05A    -3.282    0.0716      Fe 2                17.9311m    -4.681    0.0029      Mg 4                147.190A    -4.962    0.0015
Ca A                3835.38A    -3.438    0.0501      Fe 2                1.64355m    -3.788    0.0223      Mg 4                140.710A    -5.071    0.0012
Ca A                3797.90A    -3.576    0.0364      Fe 2                1.53348m    -4.899    0.0017      Mg 4                140.340A    -5.121    0.0010
Ca A                3770.63A    -3.700    0.0274      Fe 2                5158.79A    -4.640    0.0031      Mg 5                114.050A    -5.015    0.0013
Ca A                3750.15A    -3.813    0.0211      Fe 2                4243.97A    -4.946    0.0016      Mg 5                121.620A    -5.060    0.0012
Ca A                3734.37A    -3.917    0.0166      Fe 2                2493.30A    -4.413    0.0053      Mg 5                114.810A    -5.113    0.0011
Ca A                3721.94A    -4.013    0.0133      Fe 2                1.80940m    -4.389    0.0056      Mg 6                95.1402A    -5.063    0.0012
Ca A                3711.97A    -4.103    0.0108      Fe 2                9051.95A    -4.989    0.0014      Si 2                1179.59A    -4.307    0.0068
Ca A                3703.85A    -4.186    0.0089      Fe 2                5261.63A    -5.021    0.0013      Si 2                993.354A    -4.825    0.0021
Ca A                3697.15A    -4.264    0.0075      Fe 3                22.9190m    -3.874    0.0183      Si 2                1024.03A    -4.979    0.0014
Ca A                3691.55A    -4.338    0.0063      Fe 3                4985.87A    -3.596    0.0348      Si 3                564.611A    -5.100    0.0011
Ca A                3686.83A    -4.408    0.0054      Fe 3                4881.00A    -4.505    0.0043      Si 3                464.939A    -5.045    0.0012
Ca A                3682.81A    -4.475    0.0046      Fe 3                4658.05A    -3.913    0.0168      Si 4                329.800A    -4.863    0.0019
Ca A                3679.35A    -4.538    0.0040      Fe 3                4008.35A    -5.098    0.0011      Si 4                312.700A    -4.909    0.0017
Ca A                3676.36A    -4.598    0.0035      Fe 3                3322.54A    -4.585    0.0036      Si 4                302.870A    -4.968    0.0015
Ca A                3673.76A    -4.655    0.0030      Fe 3                3239.74A    -4.753    0.0024      Si 4                296.640A    -4.990    0.0014
Ca A                3671.48A    -4.710    0.0027      Fe 3                2438.29A    -4.997    0.0014      Si 4                292.430A    -5.023    0.0013
Ca A                1.87510m    -2.666    0.2959      Fe 3                33.0270m    -4.417    0.0053      Si 5                95.5502A    -5.047    0.0012
Ca A                1.28181m    -2.991    0.1401      Fe 3                5270.40A    -4.084    0.0113      S  2                888.439A    -5.124    0.0010
Ca A                1.09381m    -3.250    0.0771      Fe 3                4754.69A    -4.638    0.0032      S  3                667.049A    -4.550    0.0039
Ca A                1.00494m    -3.464    0.0471      Fe 3                4701.54A    -4.458    0.0048      S  3                691.219A    -4.674    0.0029
Ca A                9545.97A    -3.645    0.0310      Fe 3                3371.41A    -4.718    0.0026      S  3                704.220A    -4.725    0.0026
Ca A                9229.02A    -3.803    0.0216      Fe 3                51.6655m    -5.038    0.0013      S  3                671.510A    -5.003    0.0014
Ca A                9014.91A    -3.943    0.0156      Fe 3                5011.26A    -4.754    0.0024      S  3                482.139A    -4.912    0.0017
Ca A                8862.79A    -4.069    0.0117      Fe 3                4769.43A    -4.925    0.0016      S  3                474.260A    -4.975    0.0015
Ca A                8750.48A    -4.184    0.0090      Fe 3                4733.91A    -4.944    0.0016      S  3                480.121A    -5.006    0.0014
Ca A                8665.02A    -4.288    0.0071      Fe 3                3406.18A    -5.082    0.0011      S  3                420.730A    -5.057    0.0012
Ca A                8598.40A    -4.385    0.0056      Fe 3                2.21782m    -5.049    0.0012      S  3                424.450A    -5.109    0.0011
Ca A                8545.39A    -4.475    0.0046      Fe 7                9.50763m    -2.705    0.2703      S  4                330.110A    -4.828    0.0020
Ca A                8502.49A    -4.559    0.0038      Fe 7                5720.71A    -3.414    0.0528      S  4                370.000A    -4.829    0.0020
Ca A                8467.26A    -4.638    0.0032      Fe 7                4988.55A    -3.620    0.0329      S  4                341.260A    -4.841    0.0020
Ca A                8437.96A    -4.712    0.0027      Fe 7                4893.37A    -3.890    0.0177      S  4                295.300A    -4.886    0.0018
Ca A                8413.32A    -4.783    0.0023      Fe 7                4698.24A    -4.879    0.0018      S  4                321.910A    -4.867    0.0019
Ca A                8392.40A    -4.849    0.0019      Fe 7                7.81037m    -3.239    0.0791      S  4                274.000A    -4.895    0.0017
Ca A                8374.48A    -4.913    0.0017      Fe 7                6086.97A    -3.240    0.0790      S  4                306.380A    -4.918    0.0017
Ca A                8359.01A    -4.973    0.0015      Fe 7                5158.89A    -3.757    0.0240      S  4                301.570A    -4.958    0.0015
Ca A                8345.56A    -5.031    0.0013      Fe 7                4942.48A    -4.277    0.0072      S  4                293.560A    -4.971    0.0015
Ca A                8333.79A    -5.087    0.0011      Fe 7                3586.32A    -3.796    0.0219      S  4                238.330A    -5.040    0.0013
Ca A                4.05115m    -3.268    0.0739      Fe 7                5276.38A    -4.443    0.0049      S  4                291.080A    -5.004    0.0014
Ca A                2.62515m    -3.519    0.0415      Fe 7                3758.92A    -3.642    0.0313      S  4                255.380A    -5.056    0.0012
Ca A                2.16553m    -3.734    0.0253      Fe 7                3.38363m    -4.634    0.0032      S  4                332.160A    -5.008    0.0013
Ca A                1.94456m    -3.918    0.0165      Fe 7                2.62872m    -4.597    0.0035      S  4                232.120A    -5.104    0.0011
Ca A                1.81741m    -4.079    0.0114      Fe 7                247.630A    -5.003    0.0014      S  4                248.780A    -5.111    0.0011
Ca A                1.73621m    -4.220    0.0083      K  3                4.61683m    -4.594    0.0035      S  4                283.230A    -5.085    0.0011
Ca A                1.68065m    -4.348    0.0062      K  4                5.98030m    -4.104    0.0108      S  5                285.830A    -4.751    0.0024
Ca A                1.64072m    -4.463    0.0047      Mg 1                2852.13A    -4.771    0.0023      S  5                222.770A    -4.950    0.0015
Ca A                1.61093m    -4.569    0.0037      Mg 3                231.734A    -4.626    0.0032      S  5                235.180A    -4.977    0.0014
Ca A                1.58805m    -4.666    0.0030      Mg 3                234.264A    -4.834    0.0020      S  5                261.970A    -5.103    0.0011
Ca A                1.57007m    -4.757    0.0024      Mg 7                9.03096m    -4.472    0.0046      Ar 3                458.140A    -4.480    0.0045
Ca A                1.55565m    -4.841    0.0020      Mg 7                5.50208m    -4.561    0.0038      Ar 3                464.671A    -4.599    0.0035
Ca A                1.54389m    -4.921    0.0016      Mg 7                431.189A    -5.097    0.0011      Ar 3                451.091A    -4.827    0.0020
Ca A                1.53418m    -4.995    0.0014      N  1                1134.17A    -5.020    0.0013      Ar 3                472.659A    -4.784    0.0023
Ca A                1.52605m    -5.066    0.0012      N  1                1134.41A    -4.945    0.0016      Ar 3                488.909A    -4.928    0.0016
Ca A                1.51919m    -5.133    0.0010      N  1                1134.98A    -4.910    0.0017      Ar 3                388.490A    -4.935    0.0016
Ca A                7.45782m    -3.760    0.0239      N  1                1199.55A    -4.602    0.0034      Ar 3                527.451A    -4.957    0.0015
Ca A                4.65251m    -3.958    0.0151      N  1                1200.22A    -4.641    0.0031      Ar 3                360.940A    -4.995    0.0014
Ca A                3.73954m    -4.141    0.0099      N  1                1200.71A    -4.768    0.0023      Ar 3                345.990A    -4.991    0.0014
Ca A                3.29609m    -4.302    0.0068      N  4                1486.50A    -3.532    0.0403      Ar 3                365.099A    -5.022    0.0013
Ca A                3.03837m    -4.445    0.0049      N  4                1483.32A    -3.380    0.0571      Ar 3                517.521A    -5.125    0.0010
Ca A                2.87221m    -4.573    0.0037      N  4                765.147A    -4.350    0.0061      Ar 3                387.261A    -5.121    0.0010
Ca A                2.75752m    -4.690    0.0028      N  4                247.205A    -4.830    0.0020      Ar 3                360.231A    -5.133    0.0010
Ca A                2.67440m    -4.796    0.0022      N  4                1718.55A    -5.011    0.0013      Ar 4                444.680A    -4.175    0.0092
Ca A                2.61194m    -4.894    0.0018      N  4                463.736A    -4.443    0.0049      Ar 4                392.000A    -4.828    0.0020
Ca A                2.56363m    -4.985    0.0014      N  5                209.274A    -4.637    0.0032      Ar 4                278.290A    -4.917    0.0017
Ca A                2.52540m    -5.070    0.0012      N  5                209.308A    -4.672    0.0029      Ar 4                247.340A    -5.011    0.0013
Ca A                12.3685m    -4.176    0.0092      N  5                266.379A    -5.117    0.0010      Ar 4                233.650A    -5.083    0.0011
Ca A                7.50045m    -4.337    0.0063      N  5                1238.82A    -3.963    0.0149      Ar 4                260.300A    -5.062    0.0012
Ca A                5.90660m    -4.494    0.0044      N  5                1242.80A    -4.182    0.0090      Ar 4                291.540A    -5.075    0.0012
Ca A                5.12726m    -4.636    0.0032      Na 6                14.3924m    -4.784    0.0023      Ar 4                252.150A    -5.133    0.0010
Ca A                4.67124m    -4.765    0.0024      Na 6                8.60825m    -5.007    0.0013      Ar 5                441.850A    -4.446    0.0049
Ca A                4.37526m    -4.881    0.0018      Ne 2                12.8101m    -4.772    0.0023      Ar 5                455.901A    -4.610    0.0034
Ca A                4.16966m    -4.988    0.0014      Ne 3                15.5509m    -2.231    0.8054      Ar 5                337.380A    -4.851    0.0019
Ca A                4.01977m    -5.087    0.0011      Ne 3                3868.76A    -2.338    0.6290      Ar 5                231.610A    -5.070    0.0012
Ca A                19.0567m    -4.536    0.0040      Ne 3                36.0036m    -3.271    0.0735      Ar 5                225.740A    -5.077    0.0011
Ca A                11.3056m    -4.669    0.0029      Ne 3                3967.47A    -2.856    0.1909      Ar 6                292.390A    -5.042    0.0012
Ca A                8.75768m    -4.806    0.0021      Ne 3                1814.56A    -4.640    0.0031      Ca 3                351.260A    -4.322    0.0065
Ca A                7.50606m    -4.933    0.0016      Ne 3                491.045A    -4.012    0.0133      Ca 3                298.430A    -4.715    0.0026
Ca A                6.77015m    -5.049    0.0012      Ne 3                489.645A    -4.549    0.0039      Ca 3                277.760A    -4.911    0.0017
Ca A                27.7958m    -4.855    0.0019      Ne 3                313.688A    -4.417    0.0052      Ca 3                267.540A    -4.995    0.0014
Ca A                16.2047m    -4.965    0.0015      Ne 3                490.311A    -4.471    0.0046      Ca 3                308.360A    -5.028    0.0013
Ca A                12.3838m    -5.085    0.0011      Ne 3                313.961A    -4.888    0.0018      Ca 3                261.770A    -5.067    0.0012
Ca B                6562.80A    -1.686    2.8277      Ne 3                283.799A    -5.096    0.0011      Ca 3                281.010A    -5.129    0.0010
Ca B                4861.32A    -2.141    0.9915      Ne 3                3342.18A    -5.122    0.0010      Ca 4                303.870A    -4.204    0.0086
Ca B                4340.46A    -2.470    0.4651      Ne 3                379.308A    -5.040    0.0013      Ca 4                310.370A    -4.405    0.0054
Ca B                4101.73A    -2.727    0.2573      Ne 5                24.3108m    -2.154    0.9626      Ca 4                307.850A    -4.336    0.0063
Ca B                3970.07A    -2.938    0.1581      Ne 5                14.3178m    -2.333    0.6372      Ca 4                323.400A    -4.387    0.0056
Ca B                3889.05A    -3.119    0.1044      Ne 5                3345.82A    -3.377    0.0575      Ca 4                319.070A    -4.255    0.0076
Ca B                3835.38A    -3.276    0.0727      Ne 5                569.756A    -4.548    0.0039      Ca 4                243.380A    -4.915    0.0017
Ca B                3797.90A    -3.415    0.0527      Ne 5                481.366A    -4.971    0.0015      Ca 4                237.560A    -4.917    0.0017
Ca B                3770.63A    -3.541    0.0394      Ne 5                358.474A    -4.760    0.0024      Ca 4                234.960A    -4.945    0.0016
Ca B                3750.15A    -3.655    0.0303      Ne 5                3425.88A    -2.945    0.1555      Ca 4                342.770A    -4.950    0.0015
Ca B                3734.37A    -3.760    0.0238      Ne 5                482.990A    -4.492    0.0044      Ca 4                244.300A    -5.044    0.0012
Ca B                3721.94A    -3.857    0.0191      Ne 5                359.374A    -4.282    0.0072      Ca 4                410.199A    -5.058    0.0012
Ca B                3711.97A    -3.947    0.0155      O  1                1040.94A    -5.131    0.0010      Ca 4                236.130A    -5.125    0.0010
Ca B                3703.85A    -4.031    0.0128      O  1                1304.86A    -4.741    0.0025      Ca 5                314.530A    -4.235    0.0080
Ca B                3697.15A    -4.110    0.0107      O  1                6300.30A    -4.366    0.0059      Ca 5                325.410A    -4.347    0.0062
Ca B                3691.55A    -4.184    0.0090      O  1                6363.78A    -4.861    0.0019      Ca 5                332.080A    -4.599    0.0035
Ca B                3686.83A    -4.254    0.0076      O  1                63.1679m    -4.872    0.0018      Ca 5                263.570A    -4.917    0.0017
Ca B                3682.81A    -4.320    0.0066      O  2                539.086A    -4.887    0.0018      Ca 5                276.240A    -4.913    0.0017
Ca B                3679.35A    -4.383    0.0057      O  2                539.547A    -4.925    0.0016      Ca 5                660.908A    -4.960    0.0015
Ca B                3676.36A    -4.442    0.0050      O  2                539.854A    -5.002    0.0014      Ca 5                251.650A    -4.970    0.0015
Ca B                3673.76A    -4.499    0.0043      O  2                832.758A    -4.912    0.0017      Ca 5                368.590A    -5.068    0.0012
Ca B                3671.48A    -4.553    0.0038      O  2                833.330A    -4.849    0.0019      Ca 5                366.341A    -5.119    0.0010
Ca B                1.87510m    -2.618    0.3305      O  2                834.465A    -4.829    0.0020      Ca 6                330.390A    -4.529    0.0041
Ca B                1.28181m    -2.933    0.1601      O  2                2470.34A    -4.639    0.0032      Ca 6                227.310A    -4.899    0.0017
Ca B                1.09381m    -3.188    0.0889      O  2                7319.99A    -4.832    0.0020      Fe 3                911.104A    -4.904    0.0017
Ca B                1.00494m    -3.400    0.0546      O  2                7329.67A    -5.072    0.0012      Fe 3                896.877A    -5.010    0.0013
Ca B                9545.97A    -3.581    0.0360      O  2                7330.73A    -5.101    0.0011      Fe 4                309.190A    -4.418    0.0052
Ca B                9229.02A    -3.738    0.0251      O  2                3728.81A    -2.970    0.1470      Fe 4                532.950A    -4.619    0.0033
Ca B                9014.91A    -3.878    0.0182      O  2                3726.03A    -3.141    0.0992      Fe 4                275.130A    -4.593    0.0035
Ca B                8862.79A    -4.004    0.0136      O  3                88.3323m    -1.512    4.2168      Fe 4                259.600A    -4.765    0.0024
Ca B                8750.48A    -4.118    0.0104      O  3                4931.23A    -4.893    0.0018      Fe 4                251.070A    -4.887    0.0018
Ca B                8665.02A    -4.223    0.0082      O  3                51.8004m    -1.672    2.9200      Fe 4                245.840A    -4.927    0.0016
Ca B                8598.40A    -4.320    0.0066      O  3                4958.91A    -1.484    4.4976      Fe 4                326.120A    -4.913    0.0017
Ca B                8545.39A    -4.410    0.0053      O  3                2320.95A    -3.699    0.0274      Fe 4                242.370A    -4.948    0.0015
Ca B                8502.49A    -4.494    0.0044      O  3                1660.81A    -3.510    0.0424      Fe 4                239.960A    -4.963    0.0015
Ca B                8467.26A    -4.573    0.0037      O  3                833.715A    -4.524    0.0041      Fe 4                281.200A    -4.961    0.0015
Ca B                8437.96A    -4.647    0.0031      O  3                833.749A    -5.133    0.0010      Fe 4                262.550A    -4.983    0.0014
Ca B                8413.32A    -4.717    0.0026      O  3                702.838A    -4.759    0.0024      Fe 4                252.740A    -5.036    0.0013
Ca B                8392.40A    -4.784    0.0023      O  3                702.896A    -5.005    0.0014      Fe 4                246.880A    -5.061    0.0012
Ca B                8374.48A    -4.847    0.0019      O  3                507.680A    -4.659    0.0030      Fe 4                243.070A    -5.103    0.0011
Ca B                8359.01A    -4.907    0.0017      O  3                5006.84A    -1.023   12.9990      Fe 4                240.450A    -5.113    0.0011
Ca B                8345.56A    -4.965    0.0015      O  3                1666.15A    -3.107    0.1073      Fe 5                236.210A    -4.677    0.0029
Ca B                8333.79A    -5.019    0.0013      O  3                835.059A    -4.227    0.0081      Fe 5                236.300A    -4.729    0.0026
Ca B                4.05115m    -3.246    0.0778      O  3                835.092A    -4.478    0.0046      Fe 5                391.409A    -4.698    0.0028
Ca B                2.62515m    -3.491    0.0443      O  3                835.289A    -4.785    0.0023      Fe 5                227.780A    -4.723    0.0026
Ca B                2.16553m    -3.703    0.0272      O  3                703.851A    -4.164    0.0094      Fe 5                205.950A    -5.093    0.0011
Ca B                1.94456m    -3.885    0.0179      O  3                703.854A    -4.594    0.0035      Fe 5                199.080A    -5.124    0.0010
Ca B                1.81741m    -4.044    0.0124      O  3                508.178A    -3.516    0.0417      Fe 5                389.529A    -4.843    0.0020
Ca B                1.73621m    -4.185    0.0089      O  3                4363.21A    -3.073    0.1160      Fe 5                369.760A    -4.807    0.0021
Ca B                1.68065m    -4.312    0.0067      O  5                1218.34A    -4.144    0.0098      Fe 5                205.790A    -5.109    0.0011
Ca B                1.64072m    -4.427    0.0051      O  5                1213.81A    -3.985    0.0142      Fe 5                236.880A    -4.851    0.0019
Ca B                1.61093m    -4.533    0.0040      O  5                629.732A    -4.017    0.0132      Fe 5                226.680A    -4.932    0.0016
Ca B                1.58805m    -4.630    0.0032      O  5                172.169A    -5.036    0.0013      Fe 5                241.720A    -5.003    0.0014
Ca B                1.57007m    -4.720    0.0026      O  5                286.448A    -4.675    0.0029      Fe 5                232.230A    -5.032    0.0013
Ca B                1.55565m    -4.805    0.0021      P  2                1.18828m    -5.011    0.0013      Fe 5                241.470A    -5.035    0.0013
Ca B                1.54389m    -4.884    0.0018      P  3                17.8797m    -4.834    0.0020      Fe 5                231.710A    -5.121    0.0010
Ca B                1.53418m    -4.959    0.0015      P  4                824.731A    -4.997    0.0014      Fe 5                365.850A    -5.068    0.0012
Ca B                1.52605m    -5.029    0.0013      P  4                950.657A    -4.824    0.0021      Fe 6                174.510A    -4.643    0.0031
Ca B                1.51919m    -5.096    0.0011      P  4                1035.52A    -5.099    0.0011      Fe 6                156.820A    -4.680    0.0029
Ca B                7.45782m    -3.745    0.0247      S  2                6730.82A    -3.585    0.0356      Fe 6                180.240A    -4.784    0.0023
Ca B                4.65251m    -3.941    0.0157      S  2                6716.44A    -3.430    0.0509      Fe 6                185.150A    -4.790    0.0022
Ca B                3.73954m    -4.122    0.0104      S  2                4076.35A    -5.047    0.0012      Fe 6                159.280A    -4.962    0.0015
Ca B                3.29609m    -4.281    0.0072      S  2                4068.60A    -4.556    0.0038      Fe 6                159.700A    -5.010    0.0013
Ca B                3.03837m    -4.423    0.0052      S  2                1.03205m    -5.048    0.0012      Fe 6                295.530A    -4.628    0.0032
Ca B                2.87221m    -4.551    0.0039      S  2                1259.52A    -5.039    0.0013      Fe 6                153.700A    -5.089    0.0011
Ca B                2.75752m    -4.667    0.0030      S  2                1253.81A    -5.076    0.0012      Fe 6                292.810A    -4.697    0.0028
Ca B                2.67440m    -4.773    0.0023      S  3                33.4704m    -2.787    0.2237      Fe 6                154.470A    -5.135    0.0010
Ca B                2.61194m    -4.870    0.0018      S  3                18.7078m    -3.013    0.1331      Fe 6                185.250A    -5.029    0.0013
Ca B                2.56363m    -4.961    0.0015      S  3                9068.62A    -3.043    0.1243      Fe 6                176.570A    -5.128    0.0010
Ca B                2.52540m    -5.046    0.0012      S  3                9530.62A    -2.643    0.3122      Fe 6                197.950A    -5.043    0.0012
Ca B                2.49458m    -5.126    0.0010      S  3                3721.63A    -4.342    0.0062      Fe 6                185.060A    -5.100    0.0011
Ca B                12.3685m    -4.163    0.0094      S  3                6312.06A    -4.068    0.0117      Fe 6                279.220A    -4.855    0.0019
Ca B                7.50045m    -4.324    0.0065      S  3                1713.11A    -5.127    0.0010      Fe 6                296.190A    -4.895    0.0017
Ca B                5.90660m    -4.480    0.0045      S  3                1728.94A    -4.676    0.0029      Fe 6                220.730A    -5.040    0.0013
Ca B                5.12726m    -4.621    0.0033      S  3                1194.45A    -4.965    0.0015      Fe 7                152.390A    -4.532    0.0040
Ca B                4.67124m    -4.749    0.0024      S  3                1021.11A    -5.033    0.0013      Fe 7                163.470A    -4.612    0.0033
Ca B                4.37526m    -4.865    0.0019      S  5                786.468A    -4.572    0.0037      Fe 7                148.230A    -4.772    0.0023
Ca B                4.16966m    -4.972    0.0015      Si 2                34.8046m    -3.228    0.0811      Fe 7                148.660A    -4.829    0.0020
Ca B                4.01977m    -5.070    0.0012      Si 2                2334.41A    -4.732    0.0025      Fe 7                181.600A    -4.843    0.0020
Ca B                19.0567m    -4.525    0.0041      Si 2                1808.01A    -4.512    0.0042      Fe 7                234.000A    -4.693    0.0028
Ca B                11.3056m    -4.658    0.0030      Si 2                2350.17A    -4.603    0.0034      Fe 7                196.310A    -4.947    0.0015
Ca B                8.75768m    -4.794    0.0022      Si 2                2344.20A    -4.201    0.0086      Fe 7                168.980A    -5.042    0.0012
Ca B                7.50606m    -4.921    0.0016      Si 2                2334.60A    -4.302    0.0068      Fe 7                226.340A    -4.785    0.0023
Ca B                6.77015m    -5.037    0.0013      Si 2                1817.45A    -4.644    0.0031      Fe 7                218.140A    -5.086    0.0011
Ca B                27.7958m    -4.844    0.0020      Si 2                1816.93A    -4.207    0.0085      P  2                967.202A    -5.082    0.0011
Ca B                16.2047m    -4.955    0.0015      Si 2                1533.43A    -4.391    0.0056      P  2                963.828A    -5.005    0.0014
Ca B                12.3838m    -5.075    0.0012      Si 2                1309.28A    -4.607    0.0034      P  4                388.319A    -5.035    0.0013
Ca B                38.8593m    -5.129    0.0010      Si 2                1265.00A    -4.271    0.0073      Cl 4                981.258A    -5.044    0.0012
H  1                2430.61A    -1.075   11.5445      Si 2                1264.74A    -4.891    0.0018      K  5                727.442A    -5.004    0.0014
H  1                1215.67A    -0.769   23.3153      Si 2                1197.39A    -4.406    0.0054      Sc 4                289.851A    -5.123    0.0010
H  1                1025.72A    -4.100    0.0109      Si 2                1194.50A    -4.456    0.0048      Ti 6                250.473A    -4.902    0.0017
H  1                972.537A    -4.201    0.0086      Si 3                1892.03A    -3.371    0.0584      Cr 6                226.666A    -4.748    0.0025
H  1                949.743A    -4.259    0.0076      Si 3                1882.71A    -3.194    0.0878      Cr 6                201.366A    -4.818    0.0021
H  1                937.803A    -4.300    0.0069      Si 3                1206.50A    -3.864    0.0188      Cr 6                202.514A    -5.136    0.0010
H  1                930.748A    -4.337    0.0063      Si 4                1393.75A    -3.307    0.0676      Mn 7                182.883A    -5.112    0.0011
H  1                926.226A    -4.376    0.0058      Si 4                1402.77A    -3.561    0.0377      Ni 2                1751.83A    -5.115    0.0011
H  1                923.150A    -4.410    0.0053      Si 7                278.443A    -4.990    0.0014      Ni 2                1744.24A    -5.067    0.0012
H  1                920.963A    -4.437    0.0050      Si 7                2.48071m    -4.074    0.0116      Ni 2                1375.73A    -5.076    0.0011
H  1                919.351A    -4.616    0.0033      Ti 5                252.959A    -4.510    0.0042      Ni 2                1324.11A    -5.086    0.0011
H  1                918.129A    -4.632    0.0032      Ti 6                1.71509m    -4.814    0.0021      hyperfine structure.............................
H  1                917.181A    -4.645    0.0031      V  6                224.499A    -5.111    0.0011      inner shell.....................................
H  1                916.429A    -4.655    0.0030      Al 2                2669.15A    -4.505    0.0043      O  4                23.0797A    -4.721    0.0026
H  1                915.824A    -4.663    0.0030      Al 2                2660.35A    -4.330    0.0064      O  5                1215.53A    -4.427    0.0051
H  1                915.329A    -4.670    0.0029      Al 2                1670.79A    -4.409    0.0053      O  6                339.683A    -4.853    0.0019
H  1                914.919A    -4.676    0.0029      Al 5                2.90450m    -4.169    0.0093      Si 5                119.791A    -4.009    0.0134
H  1                914.576A    -4.681    0.0029      Al 5                281.394A    -4.836    0.0020      Si 5                120.490A    -4.012    0.0134
H  1                914.286A    -4.683    0.0028      Ar 7                585.748A    -5.053    0.0012      S  6                488.127A    -4.877    0.0018
H  1                914.039A    -4.682    0.0028      C  4                1550.77A    -2.543    0.3924      S  7                72.4207A    -4.561    0.0038
H  1                913.826A    -4.677    0.0029      C  4                1548.19A    -2.252    0.7668      S  7                72.9319A    -4.564    0.0037
H  1                6562.80A    -1.694    2.7757      C  4                419.525A    -4.469    0.0047      Fe 6                167.773A    -4.632    0.0032
H  1                4861.32A    -2.137    1.0000      C  4                419.714A    -4.169    0.0093      Fe 6                134.473A    -4.902    0.0017
H  1                4340.46A    -2.462    0.4729      C  4                312.451A    -4.550    0.0039      Fe 6                167.773A    -5.128    0.0010
H  1                4101.73A    -2.718    0.2625      C  4                312.420A    -4.544    0.0039      Fe 6                172.200A    -4.739    0.0025
H  1                3970.07A    -2.928    0.1618      C  4                244.911A    -5.032    0.0013      Fe 6                134.473A    -4.618    0.0033
H  1                3889.05A    -3.107    0.1071      C  4                244.903A    -5.021    0.0013      Fe 6                167.773A    -4.220    0.0083
H  1                3835.38A    -3.263    0.0748      Ca 2                7291.47A    -5.007    0.0013      Fe 6                172.200A    -4.231    0.0081
H  1                3797.90A    -3.401    0.0545      Ca 5                4.15739m    -3.499    0.0435      Fe 8                190.745A    -5.137    0.0010
H  1                3770.63A    -3.408    0.0536      Ca 5                11.4792m    -4.638    0.0032      Fe 7                172.440A    -3.959    0.0151
H  1                3750.15A    -3.512    0.0421      Ca 5                5309.11A    -3.780    0.0227      Fe 7                177.120A    -3.971    0.0147
H  1                3734.37A    -3.608    0.0338      Ca 5                6086.37A    -4.492    0.0044      Fe 8                185.328A    -4.338    0.0063
H  1                3721.94A    -3.696    0.0276      Cl 3                5537.87A    -4.511    0.0042      Fe 8                190.745A    -4.350    0.0061
H  1                3711.97A    -3.778    0.0229      Cl 3                5517.71A    -4.360    0.0060      molecules.......................................
H  1                3703.85A    -3.853    0.0192      Cl 4                20.3197m    -3.441    0.0497      bands...........................................
H  1                3697.15A    -3.923    0.0164      Cl 4                11.7629m    -3.533    0.0402      Fe 2b               2500.00A    -3.562    0.0376
H  1                3691.55A    -3.987    0.0141      Cl 4                7530.54A    -4.018    0.0132      Fe 2b               5000.00A    -3.847    0.0195
H  1                3686.83A    -4.046    0.0123      Cl 4                8045.62A    -3.654    0.0304      Fe 2b               7000.00A    -4.812    0.0021
H  1                3682.81A    -4.098    0.0109      Cl 4                3118.66A    -5.026    0.0013      Fe 2b               10000.0A    -3.525    0.0409
H  1                3679.35A    -4.142    0.0099      Cr 7                202.825A    -4.771    0.0023      Fe 2b               2355.00A    -4.026    0.0129
H  1                1.87510m    -2.655    0.3036      Fe 4                3095.77A    -4.468    0.0047      Fe 2b               2430.00A    -3.577    0.0363
H  1                1.28181m    -2.946    0.1552      Fe 4                3094.96A    -2.533    0.4014      Fe 2b               2445.00A    -3.577    0.0363
H  1                1.09381m    -3.194    0.0876      Fe 4                3094.53A    -4.122    0.0103      Fe 2b               2495.00A    -4.412    0.0053
H  1                1.00494m    -3.402    0.0543      Fe 4                2835.74A    -2.639    0.3149      Fe 2b               2610.00A    -3.881    0.0181
H  1                9545.97A    -3.580    0.0360      Fe 4                2829.36A    -2.963    0.1494      Fe 2b               2758.00A    -5.046    0.0012
H  1                9229.02A    -3.736    0.0252      Fe 4                2823.50A    -3.209    0.0848      Fe 2b               2780.00A    -5.014    0.0013
H  1                9014.91A    -3.874    0.0183      Fe 4                2577.92A    -4.503    0.0043      Fe 2b               4255.00A    -4.274    0.0073
H  1                8862.79A    -3.923    0.0164      Fe 4                2.83562m    -4.025    0.0129      Fe 2b               4558.00A    -5.011    0.0013
H  1                8750.48A    -4.027    0.0129      Fe 4                2.80554m    -4.609    0.0034      Fe 2b               4600.00A    -4.981    0.0014
H  1                8665.02A    -4.123    0.0103      Fe 4                2.86447m    -4.405    0.0054      Fe 2b               4920.00A    -4.639    0.0032
H  1                8598.40A    -4.211    0.0084      Fe 4                2567.61A    -3.620    0.0329      Fe 2b               5070.00A    -5.082    0.0011
H  1                8545.39A    -4.292    0.0070      Fe 4                2.71569m    -4.736    0.0025      Fe 2b               5143.00A    -4.569    0.0037
H  1                8502.49A    -4.367    0.0059      Fe 4                2567.40A    -4.384    0.0057      Fe 2b               5270.00A    -4.275    0.0073
H  1                8467.26A    -4.437    0.0050      Fe 4                2.77325m    -4.956    0.0015      Fe 2b               5318.00A    -4.584    0.0036
H  1                8437.96A    -4.501    0.0043      Fe 4                6739.82A    -4.132    0.0101      Fe 2b               7445.00A    -4.834    0.0020
H  1                8413.32A    -4.559    0.0038      Fe 4                6761.38A    -4.633    0.0032      Fe 2b               8625.00A    -4.509    0.0042
H  1                8392.40A    -4.612    0.0034      Fe 4                6734.42A    -4.311    0.0067      Fe 2b               1.88900m    -4.243    0.0078
H  1                8374.48A    -4.656    0.0030      Fe 4                6997.10A    -4.993    0.0014      miscellaneous...................................
H  1                4.05115m    -3.307    0.0676      Fe 4                5233.76A    -4.750    0.0024      C 2R                1335.00A    -3.433    0.0506
H  1                2.62515m    -3.524    0.0410      Fe 4                4906.56A    -4.325    0.0065      C 3R                977.000A    -3.019    0.1313
H  1                2.16553m    -3.725    0.0258      Fe 4                4917.97A    -4.833    0.0020      C 3R                1909.00A    -3.174    0.0918
H  1                1.94456m    -3.902    0.0172      Fe 4                7222.76A    -4.807    0.0021      C 3R                1175.00A    -3.355    0.0605
H  1                1.81741m    -4.057    0.0120      Fe 4                4899.97A    -4.725    0.0026      C 4R                1549.00A    -3.758    0.0239
H  1                1.73621m    -4.195    0.0088      Fe 4                4903.07A    -4.706    0.0027      N 2R                1085.00A    -4.575    0.0036
H  1                1.68065m    -4.293    0.0070      Fe 4                7183.99A    -5.054    0.0012      N 3R                990.000A    -3.128    0.1020
H  1                1.64072m    -4.396    0.0055      Fe 4                4868.16A    -4.890    0.0018      N 4R                765.000A    -4.941    0.0016
H  1                1.61093m    -4.491    0.0044      Fe 4                4867.95A    -4.972    0.0015      O 2R                7332.00A    -5.016    0.0013
H  1                1.58805m    -4.579    0.0036      Fe 4                4206.59A    -4.985    0.0014      O 2R                7323.00A    -4.934    0.0016
H  1                1.57007m    -4.660    0.0030      Fe 4                4208.88A    -5.018    0.0013      O 2R                3726.00A    -4.221    0.0082
H  1                1.55565m    -4.735    0.0025      Fe 5                70.3538m    -3.534    0.0401      O 2R                3729.00A    -4.050    0.0122
H  1                1.54389m    -4.804    0.0022      Fe 5                36.3273m    -3.530    0.0405      O 2R                2471.00A    -4.767    0.0023
H  1                1.53418m    -4.868    0.0019      Fe 5                25.9131m    -3.628    0.0323      O 2R                4651.00A    -4.451    0.0049
H  1                1.52605m    -4.927    0.0016      Fe 5                20.8407m    -3.882    0.0180      O 2R                4341.00A    -4.728    0.0026
H  1                1.51919m    -4.979    0.0014      Fe 5                4180.59A    -4.294    0.0070      O 3R                835.000A    -3.283    0.0715
H  1                1.51332m    -5.023    0.0013      Fe 5                4143.15A    -4.032    0.0127      O 4R                789.000A    -2.843    0.1969
H  1                7.45782m    -3.826    0.0205      Fe 5                4227.19A    -3.323    0.0652      O 5R                630.000A    -4.634    0.0032
H  1                4.65251m    -3.993    0.0139      Fe 5                4003.21A    -4.993    0.0014      Blnd                1400.00A    -3.015    0.1325
H  1                3.73954m    -4.161    0.0095      Fe 5                4071.24A    -4.061    0.0119      Blnd                1650.00A    -1.998    1.3768
H  1                3.29609m    -4.313    0.0067      Fe 5                3895.22A    -4.456    0.0048      Blnd                1304.00A    -4.574    0.0037
H  1                3.03837m    -4.450    0.0049      Fe 5                3851.34A    -4.677    0.0029      Blnd                1039.00A    -4.938    0.0016
H  1                2.87221m    -4.582    0.0036      Fe 5                3794.94A    -4.087    0.0112      Blnd                2798.00A    -2.747    0.2455
H  1                2.75752m    -4.684    0.0028      Fe 5                3755.70A    -4.369    0.0059      Blnd                6720.00A    -3.200    0.0865
H  1                2.67440m    -4.779    0.0023      Fe 5                3911.33A    -4.945    0.0016      Blnd                4074.00A    -4.434    0.0050
H  1                2.61194m    -4.866    0.0019      Fe 5                3839.27A    -4.077    0.0115      Blnd                1.03300m    -4.543    0.0039
H  1                2.56363m    -4.947    0.0015      Fe 5                3783.22A    -4.488    0.0045      Blnd                1256.00A    -4.613    0.0033
H  1                2.52540m    -5.022    0.0013      Fe 5                3891.28A    -4.321    0.0066      Blnd                1198.00A    -4.703    0.0027
H  1                2.49458m    -5.091    0.0011      Fe 5                3819.95A    -4.991    0.0014      Blnd                1720.00A    -4.544    0.0039
H  1                12.3685m    -4.261    0.0075      Fe 5                3445.62A    -4.806    0.0021      Blnd                3722.00A    -4.336    0.0063
H  1                7.50045m    -4.393    0.0055      Fe 5                3463.51A    -4.797    0.0022      Blnd                1406.00A    -4.128    0.0102
H  1                5.90660m    -4.535    0.0040      Fe 5                2828.24A    -4.838    0.0020      Blnd                1199.00A    -5.022    0.0013
H  1                5.12726m    -4.668    0.0029      Fe 5                2730.21A    -5.064    0.0012      Blnd                2665.00A    -4.108    0.0107
H  1                4.67124m    -4.820    0.0021      Fe 5                2717.82A    -5.069    0.0012      Blnd                1860.00A    -4.090    0.0111
H  1                4.37526m    -4.922    0.0016      Fe 5                2707.36A    -5.018    0.0013      Blnd                4725.00A    -2.962    0.1497
H  1                4.16966m    -5.016    0.0013      Fe 6                19.5527m    -2.819    0.2081      Blnd                2860.00A    -3.978    0.0144
H  1                4.01977m    -5.102    0.0011      Fe 6                14.7670m    -3.040    0.1252      Blnd                7250.00A    -4.546    0.0039
H  1                19.0567m    -4.637    0.0032      Fe 6                12.3074m    -3.303    0.0683      Blnd                2335.00A    -3.794    0.0221
H  1                11.3056m    -4.743    0.0025      Fe 6                5335.18A    -3.403    0.0542      Blnd                1888.00A    -2.972    0.1462
H  1                8.75768m    -4.864    0.0019      Fe 6                5484.84A    -3.658    0.0302      Blnd                1397.00A    -3.115    0.1053
H  1                7.50606m    -5.024    0.0013      Fe 6                5631.07A    -3.560    0.0377      Blnd                2424.00A    -3.048    0.1227
H  1                6.77015m    -5.124    0.0010      Fe 6                5277.81A    -3.912    0.0168      Blnd                5525.00A    -4.128    0.0102
H  1                27.7958m    -4.967    0.0015      Fe 6                5424.22A    -3.581    0.0360      Blnd                7306.00A    -4.787    0.0022
H  1                16.2047m    -5.053    0.0012      Fe 6                5676.95A    -3.518    0.0416      Blnd                3933.00A    -4.893    0.0018
Ca A                303.784A    -1.165    9.3748      Fe 6                5426.64A    -3.849    0.0194      Blnd                2326.00A    -3.682    0.0285
Ca A                256.317A    -1.885    1.7861      Fe 6                5234.28A    -4.381    0.0057      Blnd                1335.00A    -4.126    0.0103
Ca A                243.027A    -2.315    0.6635      Fe 6                5370.29A    -4.457    0.0048      Blnd                1909.00A    -2.364    0.5926
Ca A                237.331A    -2.624    0.3260      Fe 6                5145.75A    -3.198    0.0869      Blnd                1176.00A    -5.015    0.0013
Ca A                234.347A    -2.866    0.1867      Fe 6                4972.47A    -3.214    0.0838      Blnd                1549.00A    -2.073    1.1592
Ca A                232.584A    -3.066    0.1178      Fe 6                5176.04A    -3.240    0.0790      Blnd                5199.00A    -5.005    0.0014
Ca A                231.454A    -3.237    0.0794      Fe 6                4967.14A    -3.611    0.0336      Blnd                1085.00A    -4.258    0.0076
Ca A                230.686A    -3.387    0.0563      Fe 6                1.37459m    -4.947    0.0015      Blnd                2141.00A    -4.825    0.0021
Ca A                230.139A    -3.520    0.0414      Fe 6                3813.54A    -4.230    0.0081      Blnd                1750.00A    -3.650    0.0307
Ca A                229.736A    -3.640    0.0314      Fe 6                3889.40A    -4.028    0.0129      Blnd                990.000A    -4.171    0.0092
Ca A                229.431A    -3.749    0.0244      Fe 6                1.28877m    -4.507    0.0043      Blnd                1486.00A    -3.148    0.0974
Ca A                229.194A    -3.850    0.0194      Fe 6                3662.50A    -3.982    0.0143      Blnd                1240.00A    -3.758    0.0239
Ca A                229.006A    -3.943    0.0156      Fe 6                3573.86A    -4.862    0.0019      Blnd                6300.00A    -4.245    0.0078
Ca A                228.855A    -4.030    0.0128      Fe 6                3492.10A    -4.608    0.0034      Blnd                2471.00A    -4.536    0.0040
Ca A                228.731A    -4.111    0.0106      Fe 6                3555.60A    -4.299    0.0069      Blnd                7323.00A    -4.703    0.0027
Ca A                228.629A    -4.187    0.0089      Fe 6                1.23303m    -4.209    0.0085      Blnd                7332.00A    -4.785    0.0022
Ca A                228.543A    -4.259    0.0075      Fe 6                3740.93A    -5.087    0.0011      Blnd                833.000A    -4.385    0.0057
Ca A                228.471A    -4.328    0.0065      Fe 6                1.34929m    -4.014    0.0133      Blnd                3727.00A    -2.746    0.2462
Ca A                228.409A    -4.392    0.0056      Fe 6                1.26742m    -4.387    0.0056      Blnd                7325.00A    -4.441    0.0050
Ca A                228.356A    -4.454    0.0048      Fe 6                3905.01A    -5.064    0.0012      Blnd                1666.00A    -2.962    0.1497
Ca A                228.309A    -4.512    0.0042      Fe 6                2260.89A    -4.864    0.0019      Blnd                5007.00A    -0.894   17.4983
Ca A                228.269A    -4.569    0.0037      Fe 6                4014.56A    -5.095    0.0011      Blnd                835.000A    -3.817    0.0209
Ca A                228.234A    -4.622    0.0033      Fe 6                3846.94A    -4.867    0.0019      Blnd                1402.00A    -3.702    0.0272
Ca A                1640.41A    -2.162    0.9453      Fe 6                2145.08A    -4.759    0.0024      Blnd                789.000A    -4.131    0.0101
Ca A                1215.13A    -2.680    0.2864      Fe 8                5.44514m    -3.761    0.0237      Blnd                1218.00A    -3.756    0.0240
Ca A                1084.94A    -3.030    0.1281      Fe 8                186.598A    -5.129    0.0010      Blnd                1035.00A    -4.031    0.0128
Ca A                1025.27A    -3.294    0.0697      Fe 8                168.929A    -4.890    0.0018

                                                    Emergent line intensities
general properties..............................      He 1                3819.61A    -4.671    0.0029      Fe 4                2823.50A    -3.209    0.0848
continua........................................      He 1                3819.60A    -4.449    0.0049      Fe 4                2577.92A    -4.504    0.0043
FIR                 83.0000m    -1.256    7.6095      Blnd                3819.62A    -4.194    0.0088      Fe 4                2.83562m    -4.025    0.0129
TIR                 1800.00m    -4.151    0.0097      He 1                3704.90A    -5.091    0.0011      Fe 4                2.80554m    -4.609    0.0034
NIRa                2.85000m    -0.278   72.2846      He 1                3704.76A    -4.613    0.0033      Fe 4                2.86447m    -4.405    0.0054
NIRb                3.00000m    -0.618   33.0189      He 1                3704.75A    -4.392    0.0056      Fe 4                2567.61A    -3.620    0.0329
MIRa                15.0000m    -0.719   26.1772      Blnd                3704.77A    -4.136    0.0100      Fe 4                2.71569m    -4.736    0.0025
MIRb                22.5000m    -0.648   30.8307      He 1                3634.08A    -4.777    0.0023      Fe 4                2567.40A    -4.384    0.0057
NMIR                21.7500m    -0.278   72.2846      He 1                3634.07A    -4.555    0.0038      Fe 4                2.77325m    -4.956    0.0015
TFIR                611.250m    -3.419    0.0523      Blnd                3634.09A    -4.299    0.0069      Fe 4                6739.82A    -4.132    0.0101
TALL                10000.0A     0.231  233.6129      He 1                3587.16A    -4.920    0.0017      Fe 4                6761.38A    -4.633    0.0032
F12                 12.0000m    -1.048   12.2722      He 1                3587.15A    -4.698    0.0028      Fe 4                6734.42A    -4.311    0.0067
F25                 25.0000m    -1.376    5.7706      Blnd                3587.17A    -4.442    0.0050      Fe 4                6997.10A    -4.993    0.0014
F60                 60.0000m    -1.615    3.3276      He 1                3554.34A    -5.047    0.0012      Fe 4                5233.76A    -4.750    0.0024
F100                100.000m    -1.511    4.2300      He 1                3554.33A    -4.825    0.0021      Fe 4                4906.56A    -4.325    0.0065
MIPS                24.0000m    -1.417    5.2541      Blnd                3554.35A    -4.570    0.0037      Fe 4                4917.97A    -4.833    0.0020
MIPS                70.0000m    -3.342    0.0624      He 1                3530.43A    -4.942    0.0016      Fe 4                7222.76A    -4.807    0.0021
MIPS                160.000m    -3.812    0.0211      Blnd                3530.44A    -4.686    0.0028      Fe 4                4899.97A    -4.725    0.0026
IRAC                3.60000m    -1.505    4.2888      He 1                3512.46A    -5.047    0.0012      Fe 4                4903.07A    -4.706    0.0027
IRAC                4.50000m    -1.480    4.5450      Blnd                3512.48A    -4.792    0.0022      Fe 4                7183.99A    -5.054    0.0012
IRAC                5.80000m    -1.446    4.9070      Blnd                3498.62A    -4.889    0.0018      Fe 4                4868.16A    -4.890    0.0018
IRAC                8.00000m    -1.285    7.1071      Blnd                3487.70A    -4.978    0.0014      Fe 4                4867.95A    -4.972    0.0015
SPR1                250.000m    -4.374    0.0058      Blnd                3478.95A    -5.061    0.0012      Fe 4                4206.59A    -4.985    0.0014
SPR2                350.000m    -4.492    0.0044      He 1                3439.98A    -4.970    0.0015      Fe 4                4208.88A    -5.018    0.0013
SPR3                500.000m    -4.549    0.0039      Blnd                3440.00A    -4.715    0.0026      Fe 5                70.3538m    -3.534    0.0401
PAC1                70.0000m    -3.319    0.0658      He 1                7281.35A    -4.461    0.0047      Fe 5                36.3273m    -3.530    0.0405
PAC2                100.000m    -1.511    4.2326      He 1                6678.15A    -3.769    0.0234      Fe 5                25.9131m    -3.628    0.0323
PAC3                160.000m    -3.709    0.0268      He 1                5047.74A    -5.023    0.0013      Fe 5                20.8407m    -3.882    0.0180
PAH                 3.30000m    -2.371    0.5832      He 1                4921.93A    -4.194    0.0088      Fe 5                4180.59A    -4.294    0.0070
PAHC                3.23000m    -2.522    0.4125      He 1                4387.93A    -4.512    0.0042      Fe 5                4143.15A    -4.032    0.0127
PAHC                3.37000m    -2.683    0.2846      He 1                4143.76A    -4.768    0.0023      Fe 5                4227.19A    -3.323    0.0652
PAH                 6.20000m    -1.950    1.5377      He 1                4009.05A    -4.773    0.0023      Fe 5                4003.21A    -4.993    0.0014
PAHC                5.65000m    -1.860    1.8923      He 1                3926.41A    -4.938    0.0016      Fe 5                4071.24A    -4.061    0.0119
PAH                 7.90000m    -1.705    2.7056      He 1                3871.69A    -5.083    0.0011      Fe 5                3895.22A    -4.456    0.0048
PAHC                6.90000m    -1.701    2.7325      He 1                4.29471m    -5.072    0.0012      Fe 5                3851.34A    -4.677    0.0029
PAH                 11.3000m    -2.497    0.4362      He 1                1.25275m    -5.051    0.0012      Fe 5                3794.94A    -4.087    0.0112
PAHC                10.9000m    -2.433    0.5062      He 1                1.70025m    -4.775    0.0023      Fe 5                3755.70A    -4.369    0.0059
PAH                 11.8000m    -2.311    0.6699      He 1                1.19691m    -4.936    0.0016      Fe 5                3911.33A    -4.945    0.0016
PAHC                12.6500m    -2.441    0.4966      He 1                1.03113m    -5.134    0.0010      Fe 5                3839.27A    -4.077    0.0115
PAH                 13.3000m    -2.412    0.5307      He 1                9515.00A    -5.023    0.0013      Fe 5                3783.22A    -4.488    0.0045
PAHC                14.1000m    -2.153    0.9635      He 1                1.86854m    -4.160    0.0095      Fe 5                3891.28A    -4.321    0.0066
Bcon                3640.00A    -0.193   87.9363      He 1                1.27849m    -4.489    0.0044      Fe 5                3819.95A    -4.991    0.0014
Pcon                5000.00A    -0.488   44.6066      He 1                1.09130m    -4.755    0.0024      Fe 5                3445.62A    -4.806    0.0021
O3bn                5007.00A    -1.002   13.6401      He 1                1.00275m    -4.953    0.0015      Fe 5                3463.51A    -4.797    0.0022
SX                  25.0000A    -2.273    0.7316      He 1                9526.01A    -5.125    0.0010      Fe 5                2828.24A    -4.838    0.0020
HX                  4.70000A    -1.467    4.6809      He 1                1.86972m    -4.637    0.0032      Fe 5                2730.21A    -5.064    0.0012
ROSA                12.3980A    -1.951    1.5341      He 1                1.27905m    -4.967    0.0015      Fe 5                2717.82A    -5.069    0.0012
RRC.............................................      He 1                4.04791m    -4.878    0.0018      Fe 5                2707.36A    -5.018    0.0013
grains..........................................      extra Lyman.....................................      Fe 6                19.5527m    -2.819    0.2081
H-like iso-sequence.............................      database lines..................................      Fe 6                14.7670m    -3.040    0.1252
H  1                1215.67A    -0.770   23.3076      Al 3                1862.79A    -4.515    0.0042      Fe 6                12.3074m    -3.303    0.0683
H  1                1025.72A    -4.101    0.0109      Al 3                1854.72A    -4.295    0.0070      Fe 6                5335.18A    -3.403    0.0542
H  1                972.537A    -4.201    0.0086      Al 6                3.65932m    -3.397    0.0550      Fe 6                5484.84A    -3.658    0.0302
H  1                949.743A    -4.259    0.0075      Al 6                9.11329m    -4.454    0.0048      Fe 6                5631.07A    -3.560    0.0377
H  1                937.803A    -4.300    0.0069      Ar 3                3109.18A    -4.957    0.0015      Fe 6                5277.81A    -3.912    0.0168
H  1                930.748A    -4.337    0.0063      Ar 3                7135.79A    -3.356    0.0605      Fe 6                5424.22A    -3.581    0.0360
H  1                926.226A    -4.376    0.0058      Ar 3                7751.11A    -3.980    0.0143      Fe 6                5676.95A    -3.518    0.0416
H  1                923.150A    -4.410    0.0053      Ar 3                8.98898m    -3.478    0.0456      Fe 6                5426.64A    -3.849    0.0194
H  1                920.963A    -4.438    0.0050      Ar 3                21.8253m    -4.642    0.0031      Fe 6                5234.28A    -4.381    0.0057
H  1                919.351A    -4.617    0.0033      Ar 4                2853.66A    -4.140    0.0099      Fe 6                5370.29A    -4.457    0.0048
H  1                918.129A    -4.632    0.0032      Ar 4                2868.22A    -4.485    0.0045      Fe 6                5145.75A    -3.198    0.0869
H  1                917.181A    -4.645    0.0031      Ar 4                4711.26A    -3.195    0.0876      Fe 6                4972.47A    -3.214    0.0838
H  1                916.429A    -4.655    0.0030      Ar 4                4740.12A    -3.344    0.0621      Fe 6                5176.04A    -3.240    0.0790
H  1                915.824A    -4.664    0.0030      Ar 4                7170.70A    -4.989    0.0014      Fe 6                4967.14A    -3.611    0.0336
H  1                915.329A    -4.671    0.0029      Ar 4                7237.77A    -5.125    0.0010      Fe 6                1.37459m    -4.947    0.0015
H  1                914.919A    -4.676    0.0029      Ar 4                7263.33A    -5.044    0.0012      Fe 6                3813.54A    -4.230    0.0081
H  1                914.576A    -4.681    0.0029      Ar 5                6435.12A    -4.260    0.0075      Fe 6                3889.40A    -4.028    0.0129
H  1                914.286A    -4.683    0.0028      Ar 5                7005.83A    -3.928    0.0162      Fe 6                1.28877m    -4.507    0.0043
H  1                914.039A    -4.683    0.0028      Ar 5                7.89971m    -3.391    0.0557      Fe 6                3662.50A    -3.982    0.0143
H  1                913.826A    -4.678    0.0029      Ar 5                13.0985m    -3.163    0.0942      Fe 6                3573.86A    -4.862    0.0019
H  1                6562.80A    -1.694    2.7756      Ar 6                4.52800m    -3.462    0.0473      Fe 6                3492.10A    -4.608    0.0034
H  1                4861.32A    -2.137    1.0000      C  2                1037.02A    -4.392    0.0056      Fe 6                3555.60A    -4.299    0.0069
H  1                4340.46A    -2.462    0.4729      C  2                1334.53A    -4.945    0.0016      Fe 6                1.23303m    -4.209    0.0085
H  1                4101.73A    -2.718    0.2625      C  2                1335.66A    -4.427    0.0051      Fe 6                3740.93A    -5.087    0.0011
H  1                3970.07A    -2.928    0.1618      C  2                1335.71A    -4.583    0.0036      Fe 6                1.34929m    -4.014    0.0133
H  1                3889.05A    -3.107    0.1071      C  2                2323.50A    -4.930    0.0016      Fe 6                1.26742m    -4.387    0.0056
H  1                3835.38A    -3.263    0.0748      C  2                2324.69A    -4.620    0.0033      Fe 6                3905.01A    -5.064    0.0012
H  1                3797.90A    -3.401    0.0545      C  2                2325.40A    -4.131    0.0101      Fe 6                2260.89A    -4.864    0.0019
H  1                3770.63A    -3.408    0.0536      C  2                2326.93A    -4.148    0.0098      Fe 6                4014.56A    -5.095    0.0011
H  1                3750.15A    -3.512    0.0421      C  2                2328.12A    -4.566    0.0037      Fe 6                3846.94A    -4.867    0.0019
H  1                3734.37A    -3.608    0.0338      C  2                157.636m    -3.970    0.0147      Fe 6                2145.08A    -4.759    0.0024
H  1                3721.94A    -3.696    0.0276      C  3                1908.73A    -2.766    0.2352      Fe 8                5.44514m    -3.761    0.0237
H  1                3711.97A    -3.778    0.0229      C  3                1906.68A    -2.584    0.3572      Mg 2                2802.71A    -3.219    0.0829
H  1                3703.85A    -3.853    0.0192      C  3                977.020A    -3.405    0.0540      Mg 2                2795.53A    -2.926    0.1626
H  1                3697.15A    -3.923    0.0164      C  3                2296.87A    -4.982    0.0014      Mg 4                4.48711m    -3.284    0.0714
H  1                3691.55A    -3.987    0.0141      Ca 4                3.20610m    -3.070    0.1168      Mg 5                5.60700m    -2.832    0.2017
H  1                3686.83A    -4.046    0.0123      Fe 2                25.9813m    -4.220    0.0083      Mg 5                13.5464m    -3.907    0.0170
H  1                3682.81A    -4.098    0.0109      Fe 2                5.33871m    -3.701    0.0273      Mg 5                2782.76A    -3.535    0.0400
H  1                3679.35A    -4.142    0.0099      Fe 2                1.25668m    -4.966    0.0015      Mg 5                2928.09A    -4.100    0.0109
H  1                1.87510m    -2.655    0.3036      Fe 2                4287.39A    -4.884    0.0018      Mg 6                1806.00A    -4.897    0.0017
H  1                1.28181m    -2.946    0.1552      Fe 2                2382.04A    -4.456    0.0048      Mg 6                1806.42A    -4.796    0.0022
H  1                1.09381m    -3.194    0.0876      Fe 2                35.3391m    -4.881    0.0018      N  2                205.283m    -4.688    0.0028
H  1                1.00494m    -3.402    0.0543      Fe 2                6.71944m    -4.841    0.0020      N  2                121.769m    -4.716    0.0026
H  1                9545.97A    -3.580    0.0360      Fe 2                4359.33A    -5.015    0.0013      N  2                6548.05A    -3.850    0.0194
H  1                9229.02A    -3.736    0.0252      Fe 2                2625.67A    -4.040    0.0125      N  2                6583.45A    -3.381    0.0571
H  1                9014.91A    -3.874    0.0183      Fe 2                2611.87A    -4.687    0.0028      N  2                5754.59A    -5.076    0.0012
H  1                8862.79A    -3.923    0.0164      Fe 2                2395.63A    -4.758    0.0024      N  2                2142.77A    -4.973    0.0015
H  1                8750.48A    -4.027    0.0129      Fe 2                2631.32A    -4.898    0.0017      N  2                1085.70A    -4.981    0.0014
H  1                8665.02A    -4.123    0.0103      Fe 2                2380.76A    -4.696    0.0028      N  2                1085.55A    -4.897    0.0017
H  1                8598.40A    -4.211    0.0084      Fe 2                17.9311m    -4.681    0.0029      N  2                1084.56A    -4.784    0.0023
H  1                8545.39A    -4.292    0.0070      Fe 2                1.64355m    -3.788    0.0223      N  2                916.710A    -4.598    0.0035
H  1                8502.49A    -4.367    0.0059      Fe 2                1.53348m    -4.899    0.0017      N  2                916.701A    -4.696    0.0028
H  1                8467.26A    -4.437    0.0050      Fe 2                5158.79A    -4.640    0.0031      N  2                915.962A    -4.845    0.0020
H  1                8437.96A    -4.501    0.0043      Fe 2                4243.97A    -4.946    0.0016      N  3                57.3238m    -2.682    0.2849
H  1                8413.32A    -4.559    0.0038      Fe 2                2493.30A    -4.413    0.0053      N  3                1748.65A    -4.523    0.0041
H  1                8392.40A    -4.612    0.0034      Fe 2                1.80940m    -4.389    0.0056      N  3                1753.99A    -4.505    0.0043
H  1                8374.48A    -4.656    0.0030      Fe 2                9051.95A    -4.989    0.0014      N  3                1746.82A    -4.929    0.0016
H  1                4.05115m    -3.307    0.0676      Fe 2                5261.63A    -5.021    0.0013      N  3                1752.16A    -4.089    0.0112
H  1                2.62515m    -3.524    0.0410      Fe 3                22.9190m    -3.874    0.0183      N  3                1749.67A    -4.158    0.0095
H  1                2.16553m    -3.725    0.0258      Fe 3                4985.87A    -3.596    0.0348      N  3                989.799A    -4.999    0.0014
H  1                1.94456m    -3.902    0.0172      Fe 3                4881.00A    -4.505    0.0043      N  3                991.511A    -4.391    0.0056
H  1                1.81741m    -4.057    0.0120      Fe 3                4658.05A    -3.913    0.0168      N  3                991.577A    -4.779    0.0023
H  1                1.73621m    -4.195    0.0088      Fe 3                4008.35A    -5.098    0.0011      Na 3                7.31570m    -4.049    0.0122
H  1                1.68065m    -4.293    0.0070      Fe 3                3322.54A    -4.585    0.0036      Na 4                9.03096m    -4.430    0.0051
H  1                1.64072m    -4.396    0.0055      Fe 3                3239.74A    -4.753    0.0024      Na 4                3241.50A    -4.903    0.0017
H  1                1.61093m    -4.491    0.0044      Fe 3                2438.29A    -4.998    0.0014      Ne 4                2421.66A    -3.445    0.0492
H  1                1.58805m    -4.579    0.0036      Fe 3                33.0270m    -4.417    0.0053      Ne 4                2424.28A    -3.271    0.0734
H  1                1.57007m    -4.660    0.0030      Fe 3                5270.40A    -4.084    0.0113      Ne 4                1601.45A    -4.852    0.0019
H  1                1.55565m    -4.735    0.0025      Fe 3                4754.69A    -4.638    0.0032      Ne 6                7.65019m    -2.884    0.1792
H  1                1.54389m    -4.804    0.0022      Fe 3                4701.54A    -4.458    0.0048      Ni 2                1.19102m    -4.461    0.0047
H  1                1.53418m    -4.868    0.0019      Fe 3                3371.41A    -4.718    0.0026      Ni 2                6.63416m    -5.103    0.0011
H  1                1.52605m    -4.927    0.0016      Fe 3                51.6655m    -5.038    0.0013      Ni 2                7377.83A    -5.111    0.0011
H  1                1.51919m    -4.979    0.0014      Fe 3                5011.26A    -4.754    0.0024      O  4                25.8863m    -1.540    3.9581
H  1                1.51332m    -5.023    0.0013      Fe 3                4769.43A    -4.925    0.0016      O  4                1399.78A    -4.558    0.0038
H  1                7.45782m    -3.826    0.0205      Fe 3                4733.91A    -4.944    0.0016      O  4                1407.38A    -4.542    0.0039
H  1                4.65251m    -3.993    0.0139      Fe 3                3406.18A    -5.082    0.0011      O  4                1397.23A    -5.020    0.0013
H  1                3.73954m    -4.161    0.0095      Fe 3                2.21782m    -5.049    0.0012      O  4                1404.81A    -4.137    0.0100
H  1                3.29609m    -4.313    0.0067      Fe 7                9.50763m    -2.705    0.2703      O  4                1401.16A    -4.225    0.0082
H  1                3.03837m    -4.450    0.0049      Fe 7                5720.71A    -3.414    0.0528      O  6                1037.61A    -4.408    0.0054
H  1                2.87221m    -4.582    0.0036      Fe 7                4988.55A    -3.620    0.0329      O  6                1031.91A    -4.267    0.0074
H  1                2.75752m    -4.684    0.0028      Fe 7                4893.37A    -3.890    0.0177      P  5                1128.01A    -4.934    0.0016
H  1                2.67440m    -4.779    0.0023      Fe 7                4698.24A    -4.879    0.0018      P  5                1117.98A    -4.847    0.0020
H  1                2.61194m    -4.866    0.0019      Fe 7                7.81037m    -3.239    0.0791      S  4                10.5076m    -1.550    3.8629
H  1                2.56363m    -4.947    0.0015      Fe 7                6086.97A    -3.240    0.0790      S  4                1404.81A    -5.052    0.0012
H  1                2.52540m    -5.022    0.0013      Fe 7                5158.89A    -3.757    0.0240      S  4                1423.84A    -5.022    0.0013
H  1                2.49458m    -5.091    0.0011      Fe 7                4942.48A    -4.277    0.0072      S  4                1416.89A    -4.582    0.0036
H  1                12.3685m    -4.261    0.0075      Fe 7                3586.32A    -3.796    0.0219      S  4                1406.02A    -4.544    0.0039
H  1                7.50045m    -4.393    0.0055      Fe 7                5276.38A    -4.443    0.0049      S  4                1073.52A    -4.828    0.0020
H  1                5.90660m    -4.535    0.0040      Fe 7                3758.92A    -3.642    0.0313      S  6                944.523A    -4.614    0.0033
H  1                5.12726m    -4.668    0.0029      Fe 7                3.38363m    -4.634    0.0032      S  6                933.378A    -4.510    0.0042
H  1                4.67124m    -4.820    0.0021      Fe 7                2.62872m    -4.597    0.0035      Si 6                1.96247m    -3.351    0.0612
H  1                4.37526m    -4.922    0.0016      K  3                4.61683m    -4.594    0.0035      level 1 lines...................................
H  1                4.16966m    -5.016    0.0013      K  4                5.98030m    -4.104    0.0108      recombination...................................
H  1                4.01977m    -5.102    0.0011      Mg 1                2852.13A    -4.771    0.0023      level2 lines....................................
H  1                19.0567m    -4.637    0.0032      Mg 7                9.03096m    -4.472    0.0046      N  1                942.258A    -4.919    0.0017
H  1                11.3056m    -4.743    0.0025      Mg 7                5.50208m    -4.561    0.0038      O  1                976.791A    -4.894    0.0018
H  1                8.75768m    -4.864    0.0019      N  1                1134.17A    -5.020    0.0013      O  1                969.049A    -4.809    0.0021
H  1                7.50606m    -5.024    0.0013      N  1                1134.41A    -4.945    0.0016      O  1                946.387A    -4.856    0.0019
H  1                6.77015m    -5.124    0.0010      N  1                1134.98A    -4.910    0.0017      O  1                934.501A    -4.894    0.0018
H  1                27.7958m    -4.967    0.0015      N  1                1199.55A    -4.602    0.0034      O  1                973.577A    -4.910    0.0017
H  1                16.2047m    -5.053    0.0012      N  1                1200.22A    -4.641    0.0031      O  1                927.472A    -4.929    0.0016
He 2                1640.41A    -2.048    1.2268      N  1                1200.71A    -4.769    0.0023      O  1                948.506A    -4.971    0.0015
He 2                1215.13A    -2.519    0.4154      N  4                1486.50A    -3.532    0.0403      O  1                922.969A    -4.969    0.0015
He 2                1084.94A    -2.855    0.1915      N  4                1483.32A    -3.380    0.0571      O  1                919.912A    -5.007    0.0013
He 2                1025.27A    -3.114    0.1055      N  4                1718.55A    -5.011    0.0013      O  1                935.672A    -5.036    0.0013
He 2                992.358A    -3.324    0.0650      N  5                1238.82A    -3.963    0.0149      O  1                917.726A    -5.049    0.0012
He 2                972.106A    -3.501    0.0432      N  5                1242.80A    -4.183    0.0090      O  1                918.704A    -5.082    0.0011
He 2                958.693A    -3.654    0.0304      Na 6                14.3924m    -4.784    0.0023      O  1                928.186A    -5.106    0.0011
He 2                949.323A    -3.788    0.0224      Na 6                8.60825m    -5.007    0.0013      O  1                917.473A    -5.128    0.0010
He 2                942.507A    -3.669    0.0294      Ne 2                12.8101m    -4.772    0.0023      Si 2                1179.59A    -4.307    0.0068
He 2                937.389A    -3.764    0.0236      Ne 3                15.5509m    -2.231    0.8054      Si 2                993.354A    -4.825    0.0021
He 2                933.444A    -3.851    0.0193      Ne 3                3868.76A    -2.338    0.6290      Si 2                1024.03A    -4.979    0.0014
He 2                930.337A    -3.932    0.0160      Ne 3                36.0036m    -3.271    0.0735      P  2                967.202A    -5.082    0.0011
He 2                927.846A    -4.006    0.0135      Ne 3                3967.47A    -2.856    0.1909      P  2                963.828A    -5.005    0.0014
He 2                925.816A    -4.075    0.0115      Ne 3                1814.56A    -4.640    0.0031      Cl 4                981.258A    -5.044    0.0012
He 2                924.142A    -4.139    0.0100      Ne 3                3342.18A    -5.122    0.0010      Ni 2                1751.83A    -5.115    0.0011
He 2                922.743A    -4.197    0.0087      Ne 5                24.3108m    -2.154    0.9626      Ni 2                1744.24A    -5.067    0.0012
He 2                921.562A    -4.251    0.0077      Ne 5                14.3178m    -2.333    0.6372      Ni 2                1375.73A    -5.077    0.0011
He 2                920.556A    -4.298    0.0069      Ne 5                3345.82A    -3.377    0.0575      Ni 2                1324.11A    -5.086    0.0011
He 2                919.693A    -4.337    0.0063      Ne 5                3425.88A    -2.945    0.1555      hyperfine structure.............................
He 2                4685.68A    -2.941    0.1571      O  1                1040.94A    -5.131    0.0010      inner shell.....................................
He 2                3203.08A    -3.261    0.0752      O  1                1304.86A    -4.741    0.0025      molecules.......................................
He 2                2733.28A    -3.524    0.0411      O  1                6300.30A    -4.366    0.0059      bands...........................................
He 2                2511.19A    -3.739    0.0250      O  1                6363.78A    -4.861    0.0019      Fe 2b               2500.00A    -3.562    0.0376
He 2                2385.39A    -3.920    0.0165      O  1                63.1679m    -4.872    0.0018      Fe 2b               5000.00A    -3.847    0.0195
He 2                2306.18A    -4.076    0.0115      O  2                2470.34A    -4.639    0.0031      Fe 2b               7000.00A    -4.812    0.0021
He 2                2252.67A    -4.214    0.0084      O  2                7319.99A    -4.832    0.0020      Fe 2b               10000.0A    -3.525    0.0409
He 2                2214.65A    -4.184    0.0090      O  2                7329.67A    -5.072    0.0012      Fe 2b               2355.00A    -4.026    0.0129
He 2                2186.59A    -4.279    0.0072      O  2                7330.73A    -5.101    0.0011      Fe 2b               2430.00A    -3.578    0.0363
He 2                2165.23A    -4.366    0.0059      O  2                3728.81A    -2.970    0.1470      Fe 2b               2445.00A    -3.578    0.0363
He 2                2148.58A    -4.446    0.0049      O  2                3726.03A    -3.141    0.0992      Fe 2b               2495.00A    -4.412    0.0053
He 2                2135.34A    -4.520    0.0041      O  3                88.3323m    -1.512    4.2170      Fe 2b               2610.00A    -3.881    0.0181
He 2                2124.61A    -4.589    0.0035      O  3                4931.23A    -4.893    0.0018      Fe 2b               2758.00A    -5.046    0.0012
He 2                2115.81A    -4.653    0.0031      O  3                51.8004m    -1.672    2.9202      Fe 2b               2780.00A    -5.014    0.0013
He 2                2108.49A    -4.711    0.0027      O  3                4958.91A    -1.484    4.4976      Fe 2b               4255.00A    -4.274    0.0073
He 2                2102.33A    -4.764    0.0024      O  3                2320.95A    -3.699    0.0274      Fe 2b               4558.00A    -5.011    0.0013
He 2                2097.10A    -4.811    0.0021      O  3                1660.81A    -3.510    0.0424      Fe 2b               4600.00A    -4.981    0.0014
He 2                2092.63A    -4.851    0.0019      O  3                5006.84A    -1.023   12.9990      Fe 2b               4920.00A    -4.639    0.0032
He 2                1.01235m    -3.559    0.0378      O  3                1666.15A    -3.107    0.1073      Fe 2b               5070.00A    -5.082    0.0011
He 2                6560.01A    -3.795    0.0220      O  3                4363.21A    -3.073    0.1160      Fe 2b               5143.00A    -4.569    0.0037
He 2                5411.45A    -4.009    0.0134      O  5                1218.34A    -4.145    0.0098      Fe 2b               5270.00A    -4.275    0.0073
He 2                4859.26A    -4.193    0.0088      O  5                1213.81A    -3.985    0.0142      Fe 2b               5318.00A    -4.584    0.0036
He 2                4541.54A    -4.352    0.0061      P  2                1.18828m    -5.011    0.0013      Fe 2b               7445.00A    -4.834    0.0020
He 2                4338.62A    -4.492    0.0044      P  3                17.8797m    -4.834    0.0020      Fe 2b               8625.00A    -4.509    0.0042
He 2                4199.78A    -4.553    0.0038      P  4                950.657A    -4.824    0.0021      Fe 2b               1.88900m    -4.243    0.0078
He 2                4099.99A    -4.647    0.0031      P  4                1035.52A    -5.099    0.0011      miscellaneous...................................
He 2                4025.55A    -4.734    0.0025      S  2                6730.82A    -3.585    0.0356      C 2R                1335.00A    -3.433    0.0506
He 2                3968.39A    -4.814    0.0021      S  2                6716.44A    -3.430    0.0509      C 3R                977.000A    -3.019    0.1312
He 2                3923.44A    -4.888    0.0018      S  2                4076.35A    -5.047    0.0012      C 3R                1909.00A    -3.174    0.0918
He 2                3887.40A    -4.957    0.0015      S  2                4068.60A    -4.556    0.0038      C 3R                1175.00A    -3.355    0.0605
He 2                3858.03A    -5.020    0.0013      S  2                1.03205m    -5.048    0.0012      C 4R                1549.00A    -3.758    0.0239
He 2                3833.76A    -5.079    0.0011      S  2                1259.52A    -5.040    0.0013      N 2R                1085.00A    -4.575    0.0036
He 2                3813.45A    -5.132    0.0010      S  2                1253.81A    -5.076    0.0012      N 3R                990.000A    -3.129    0.1020
He 2                1.86365m    -4.062    0.0119      S  3                33.4704m    -2.787    0.2237      O 2R                3729.00A    -4.050    0.0122
He 2                1.16262m    -4.240    0.0079      S  3                18.7078m    -3.013    0.1331      O 2R                4651.00A    -4.451    0.0049
He 2                9344.80A    -4.416    0.0053      S  3                9068.62A    -3.043    0.1243      O 2R                4341.00A    -4.728    0.0026
He 2                8236.67A    -4.574    0.0037      S  3                9530.62A    -2.643    0.3122      Blnd                1400.00A    -3.015    0.1324
He 2                7592.65A    -4.714    0.0027      S  3                3721.63A    -4.342    0.0062      Blnd                1650.00A    -1.998    1.3765
He 2                7177.41A    -4.842    0.0020      S  3                6312.06A    -4.068    0.0117      Blnd                1304.00A    -4.574    0.0037
He 2                6890.80A    -4.936    0.0016      S  3                1713.11A    -5.127    0.0010      Blnd                1039.00A    -4.938    0.0016
He 2                6683.11A    -5.022    0.0013      S  3                1728.94A    -4.676    0.0029      Blnd                2798.00A    -2.747    0.2455
He 2                6527.01A    -5.101    0.0011      S  3                1194.45A    -4.965    0.0015      Blnd                6720.00A    -3.200    0.0865
He 2                3.09080m    -4.491    0.0044      S  3                1021.11A    -5.033    0.0013      Blnd                4074.00A    -4.434    0.0050
He 2                1.87431m    -4.626    0.0032      Si 2                34.8046m    -3.228    0.0811      Blnd                1.03300m    -4.543    0.0039
He 2                1.47602m    -4.772    0.0023      Si 2                2334.41A    -4.732    0.0025      Blnd                1256.00A    -4.613    0.0033
He 2                1.28127m    -4.909    0.0017      Si 2                1808.01A    -4.512    0.0042      Blnd                1198.00A    -4.703    0.0027
He 2                1.16730m    -5.081    0.0011      Si 2                2350.17A    -4.603    0.0034      Blnd                1720.00A    -4.544    0.0039
He 2                4.76213m    -4.865    0.0019      Si 2                2344.20A    -4.201    0.0086      Blnd                3722.00A    -4.336    0.0063
He 2                2.82519m    -4.968    0.0015      Si 2                2334.60A    -4.303    0.0068      Blnd                1406.00A    -4.129    0.0102
He 2                2.18848m    -5.091    0.0011      Si 2                1817.45A    -4.644    0.0031      Blnd                1199.00A    -5.022    0.0013
He-like iso-sequence............................      Si 2                1816.93A    -4.207    0.0085      Blnd                2665.00A    -4.108    0.0107
He 1                1.08291m    -3.888    0.0177      Si 2                1533.43A    -4.391    0.0056      Blnd                1860.00A    -4.090    0.0111
He 1                1.08302m    -3.418    0.0523      Si 2                1309.28A    -4.607    0.0034      Blnd                4725.00A    -2.962    0.1497
He 1                1.08303m    -3.194    0.0877      Si 2                1265.00A    -4.271    0.0073      Blnd                2860.00A    -3.978    0.0144
Blnd                1.08302m    -2.939    0.1578      Si 2                1264.74A    -4.891    0.0018      Blnd                7250.00A    -4.546    0.0039
He 1                3888.64A    -3.239    0.0791      Si 2                1197.39A    -4.406    0.0054      Blnd                2335.00A    -3.794    0.0220
He 1                3187.74A    -3.624    0.0326      Si 2                1194.50A    -4.456    0.0048      Blnd                1888.00A    -2.972    0.1461
He 1                2945.10A    -3.932    0.0160      Si 3                1892.03A    -3.371    0.0584      Blnd                1397.00A    -3.115    0.1052
He 1                2829.08A    -4.184    0.0090      Si 3                1882.71A    -3.194    0.0878      Blnd                2424.00A    -3.049    0.1226
He 1                2760.44A    -4.774    0.0023      Si 3                1206.50A    -3.864    0.0188      Blnd                5525.00A    -4.128    0.0102
He 1                2721.00A    -4.921    0.0016      Si 4                1393.75A    -3.308    0.0675      Blnd                7306.00A    -4.787    0.0022
He 1                2694.61A    -5.054    0.0012      Si 4                1402.77A    -3.561    0.0377      Blnd                3933.00A    -4.893    0.0018
He 1                2.05813m    -4.121    0.0104      Si 7                2.48071m    -4.074    0.0116      Blnd                2326.00A    -3.682    0.0285
He 1                5015.68A    -3.850    0.0194      Ti 6                1.71509m    -4.814    0.0021      Blnd                1335.00A    -4.126    0.0103
He 1                3964.73A    -4.236    0.0080      Al 2                2669.15A    -4.505    0.0043      Blnd                1909.00A    -2.365    0.5924
He 1                3613.64A    -4.540    0.0040      Al 2                2660.35A    -4.330    0.0064      Blnd                1176.00A    -5.015    0.0013
He 1                3447.59A    -4.790    0.0022      Al 2                1670.79A    -4.409    0.0053      Blnd                1549.00A    -2.073    1.1587
He 1                7065.71A    -4.831    0.0020      Al 5                2.90450m    -4.169    0.0093      Blnd                5199.00A    -5.005    0.0014
He 1                7065.21A    -4.353    0.0061      C  4                1550.77A    -2.544    0.3923      Blnd                1085.00A    -4.258    0.0076
He 1                7065.18A    -4.132    0.0101      C  4                1548.19A    -2.253    0.7664      Blnd                2141.00A    -4.825    0.0021
Blnd                7065.25A    -3.876    0.0182      Ca 2                7291.47A    -5.007    0.0013      Blnd                1750.00A    -3.650    0.0307
He 1                5875.98A    -4.173    0.0092      Ca 5                4.15739m    -3.499    0.0435      Blnd                990.000A    -4.172    0.0092
He 1                5875.64A    -3.696    0.0276      Ca 5                11.4792m    -4.638    0.0032      Blnd                1486.00A    -3.149    0.0974
He 1                5875.61A    -3.474    0.0460      Ca 5                5309.11A    -3.780    0.0227      Blnd                1240.00A    -3.758    0.0239
Blnd                5875.66A    -3.219    0.0829      Ca 5                6086.37A    -4.492    0.0044      Blnd                6300.00A    -4.245    0.0078
He 1                4713.16A    -5.069    0.0012      Cl 3                5537.87A    -4.511    0.0042      Blnd                2471.00A    -4.536    0.0040
He 1                4713.14A    -4.848    0.0019      Cl 3                5517.71A    -4.360    0.0060      Blnd                7323.00A    -4.703    0.0027
Blnd                4713.17A    -4.592    0.0035      Cl 4                20.3197m    -3.441    0.0497      Blnd                7332.00A    -4.785    0.0022
He 1                4471.69A    -4.579    0.0036      Cl 4                11.7629m    -3.533    0.0402      Blnd                3727.00A    -2.746    0.2462
He 1                4471.49A    -4.102    0.0108      Cl 4                7530.54A    -4.018    0.0132      Blnd                7325.00A    -4.441    0.0050
He 1                4471.47A    -3.880    0.0181      Cl 4                8045.62A    -3.654    0.0304      Blnd                1666.00A    -2.962    0.1497
Blnd                4471.50A    -3.625    0.0325      Cl 4                3118.66A    -5.026    0.0013      Blnd                5007.00A    -0.894   17.4983
Blnd                4120.84A    -5.020    0.0013      Fe 4                3095.77A    -4.468    0.0047      Blnd                1402.00A    -3.702    0.0272
He 1                4026.36A    -4.894    0.0018      Fe 4                3094.96A    -2.534    0.4015      Blnd                1218.00A    -3.756    0.0240
He 1                4026.20A    -4.416    0.0053      Fe 4                3094.53A    -4.122    0.0103      Blnd                1035.00A    -4.031    0.0128
He 1                4026.19A    -4.195    0.0088      Fe 4                2835.74A    -2.639    0.3149
Blnd                4026.21A    -3.939    0.0158      Fe 4                2829.36A    -2.963    0.1494



 AGN log nH=1.00 log U=-1.33  
 Cooling:  O  3c                     0  :0.490 O  4c                     0  :0.078 S  4c                     0  :0.076  
 Heating:  BFH1                      0  :0.717 BFHe                      0  :0.210 TotM                      0  :0.069  

 These are some of the most important databases used by Cloudy:
 Many recombination coefficients were taken from http://amdpp.phys.strath.ac.uk/tamoc/RR/ and http://amdpp.phys.strath.ac.uk/tamoc/DR/
      and are based on the following papers:
        Badnell N. R., et al., A&A 406, 1151 (2003) [http://adsabs.harvard.edu/abs/2003A%26A...406.1151B]
        Badnell N. R., ApJS 167, 334 (2006) [http://adsabs.harvard.edu/abs/2006ApJS..167..334B]
 Much of the molecular emission data is from LAMDA as accessed on June 30, 2015. This database is described in:
        Schoeier F.L., et al., A&A 432, 369 (2005) [http://adsabs.harvard.edu/abs/2005A%26A...432..369S]
      This database is in part based on the work of the following groups:
        JPL: Pickett H. M. et al., JQSRT, 60, 883 (1998). [http://adsabs.harvard.edu/abs/1998JQSRT..60..883P]
        CDMS: Mueller H. S. et al., A&A 370, L49 (2001). [http://adsabs.harvard.edu/abs/2001A%26A...370L..49M]
              Mueller H. S. et al., J. Mol. Struct. 742, 215 (2005). [http://adsabs.harvard.edu/abs/2005JMoSt.742..215M]
 Some of the ionic emission data is from a reprocessed version of 10.1 of CHIANTI. CHIANTI is a collaborative project involving the NRL (USA), the
      Universities of Florence (Italy) and Cambridge (UK), and George Mason University (USA). These papers describe Chianti:
        Dere K. P., et al., A&AS, 125, 149 (1997) [http://adsabs.harvard.edu/abs/1997A%26AS..125..149D]
        Dere, K. P., et al., APJ, 268, 52 (2023) [https://ui.adsabs.harvard.edu/abs/2023ApJS..268...52D]
      This paper describes the reprocessed version of Chianti used:
        Gunasekera, C. M., et al., Astronomy, 1, 255. (2022) [https://ui.adsabs.harvard.edu/abs/2022Astro...1..255G]
 Much of the H_2 data is from this web site: http://molat.obspm.fr/index.php?page=pages/Molecules/H2/H2can94.php. These data are
      described in:
        Abgrall H. et al., Can. J. Phys., 72, 856 (1994) [http://adsabs.harvard.edu/abs/1994CaJPh..72..856A]
        Wrathmall S. A. & Flower D. R., J. Phys. B, 40, 3221 (2007) [http://adsabs.harvard.edu/abs/2007JPhB...40.3221W]
 The Case A and Case B recombination predictions for one-electron systems are from
	Storey, P.J. & Hummer, D.G., 1995, MNRAS 272, 41 http://adsabs.harvard.edu/abs/1995MNRAS.272...41S
 The He I recombination predictions are from
	Porter, R. L.; Ferland, G. J.; Storey, P. J.; Detisch, M. J., 2012, MNRAS, 425, 28p http://adsabs.harvard.edu/abs/2012MNRAS.425L..28P
		http://adsabs.harvard.edu/abs/2013MNRAS.433L..89P

 If you find some process or data set to be particularly critical to a result, please follow the trail of references back to the
 original source and cite that.  This will support and encourage atomic, molecular, and chemical physicists to continue their
 valuable work.

 IONIZE PARMET:  U(1-) -1.3333  U(4-): -2.2742  U(sp): -1.33  Q(ion):    7.048  L(ion) -0.711    Q(low): 12.631    L(low)  0.185
 ENERGY BUDGET:  Heat:  -0.430  Coolg:  -0.430  Error:  0.0%  Rec Lin:  -0.833  F-F  H  0.000    P(rad/tot)max     3.29E-01    R(F Con):1.737e+05

     Col(Heff):      4.064E+21  snd travl time  4.78E+14 sec  Te-low: 3.91E+03  Te-hi: 1.49E+04  G0TH85: 1.24E+02  G0DB96:1.33E+02
  Emiss Measure    n(e)n(p) dl       6.238E+22  n(e)n(He+)dl         4.189E+21  En(e)n(He++) dl         1.135E+21  ne nC+:1.51E+17
 He/Ha:7.35E-02  =   0.86*true  Lthin:2.35E+02  itr/zn: 6.16  H2 itr/zn:  0.00  File Opacity: F  MassTot 1.29e-02  (gm/cm^2)
   Temps(21 cm)   T(21cm/Ly a)  3.48E+03        T(<nH/Tkin>)  8.78E+03          T(<nH/Tspin>)    3.74E+03          TB21cm:9.28E-01
                   N(H0/Tspin)  9.66E+15        N(OH/Tkin)    3.07E+02          B(21cm)          0.00E+00
   <a>:2.58E-09  erdeFe6.0E+23  Tcompt1.34E+11  Tthr3.80E+11  <Tden>: 1.09E+04  <dens>:2.27E-23  <MolWgt>6.26E-01
     Mean Jeans  l(cm)1.27E+21  M(sun)1.23E+07  smallest:     len(cm):7.63E+20  M(sun):2.65E+06  a_ox tran: -1.44
 Rion:1.000E+30  Dist:0.00E+00  Diam:0.000E+00
 Hatom level 70  HatomType: add  HInducImp  F  He tot level: 63  He2 level:   70  ExecTime   231.1
 ConvrgError(%)  <eden>  0.044  MaxEden  0.354  <H-C>   0.10  Max(H-C)    0.38  <Press>   0.000  MaxPrs er  0.000
  Continuity(%)  chng Te   4.1  elec den   5.6  n(H2)    0.0  n(CO)        0.0

                                                        Averaged Quantities
             Te      Te(Ne)   Te(NeNp)  Te(NeHe+)Te(NeHe2+) Te(NeO+)  Te(NeO2+)  Te(H2)     N(H)     Ne(O2+)   Ne(Np)
 Radius:  1.09e+04  1.09e+04  1.09e+04  1.05e+04  1.22e+04  1.14e+04  1.06e+04  5.98e+03  1.00e+01  1.09e+01  1.10e+01
 
 Peimbert T(OIIIr)1.00E+04 T(Bac)1.02E+04 T(Hth)1.01E+04 t2(Hstrc) 1.65e-02 T(O3-BAC)1.00E+04 t2(O3-BC)-1.15e-03 t2(O3str) 1.47e-02

 Contin Optical Depths: COMP: 4.16e-03    H-: 5.41e-06 R(1300): 2.42e-04  H2+: 1.88e-07  Bra:4.17E-03
                          Pa: 4.17e-03    Ba: 4.17e-03      Hb: 4.17e-03   La: 6.02e-01     1r:2.294E+02  1.8:5.34E+01 4.:6.190E+02

 Old, new H  1 continuum optical depths:
     1 2.30e+02     2 2.85e-06     3 5.56e-06     4 5.56e-06     5 5.56e-06     6 1.41e-06     7 1.41e-06     8 1.41e-06
     9 1.41e-06    10 1.35e-13    11 1.35e-13    12 1.35e-13    13 1.35e-13    14 1.35e-13    15 3.16e-13    16 3.16e-13
    17 3.16e-13    18 3.16e-13    19 3.16e-13    20 3.16e-13    21 6.53e-13    22 6.53e-13    23 6.53e-13    24 6.53e-13
    25 6.53e-13    26 6.53e-13    27 6.53e-13    28 1.24e-12    29 1.24e-12    30 1.24e-12    31 1.24e-12    32 1.24e-12
    33 1.24e-12    34 1.24e-12    35 1.24e-12    36 2.21e-12    37 2.21e-12    38 2.21e-12    39 2.21e-12    40 2.21e-12
    41 2.21e-12    42 2.21e-12    43 2.21e-12    44 2.21e-12    45 3.73e-12    46 3.73e-12    47 3.73e-12    48 3.73e-12
    49 3.73e-12    50 3.73e-12    51 3.73e-12    52 3.73e-12    53 3.73e-12    54 3.73e-12
     1 2.29e+02     2 2.85e-06     3 5.56e-06     4 5.56e-06     5 5.56e-06     6 1.41e-06     7 1.41e-06     8 1.41e-06
     9 1.41e-06    10 1.35e-13    11 1.35e-13    12 1.35e-13    13 1.35e-13    14 1.35e-13    15 3.16e-13    16 3.16e-13
    17 3.16e-13    18 3.16e-13    19 3.16e-13    20 3.16e-13    21 6.53e-13    22 6.53e-13    23 6.53e-13    24 6.53e-13
    25 6.53e-13    26 6.53e-13    27 6.53e-13    28 1.24e-12    29 1.24e-12    30 1.24e-12    31 1.24e-12    32 1.24e-12
    33 1.24e-12    34 1.24e-12    35 1.24e-12    36 2.21e-12    37 2.21e-12    38 2.21e-12    39 2.21e-12    40 2.21e-12
    41 2.21e-12    42 2.21e-12    43 2.21e-12    44 2.21e-12    45 3.73e-12    46 3.73e-12    47 3.73e-12    48 3.73e-12
    49 3.73e-12    50 3.73e-12    51 3.73e-12    52 3.73e-12    53 3.73e-12    54 3.73e-12

 Old, new H  1 mean line optical depths:
  2- 1 3.99e+06  3- 2 3.60e-04  4- 3 3.09e-10  5- 4 1.39e-10  6- 5-1.59e-11  7- 6-1.07e-10  8- 7 4.13e-13
  9- 8 4.34e-10 10- 9 1.24e-09 11-10 2.57e-08 12-11-1.10e-08 13-12-1.80e-08 14-13-2.89e-08 15-14-4.57e-08 16-15-7.22e-08
 17-16-1.15e-07 18-17-1.84e-07 19-18-3.10e-07 20-19-5.38e-07 21-20-9.93e-07 22-21-2.00e-06 23-22-4.69e-06 24-23-1.47e-05
 25-24-5.24e-04
  2- 1 3.99e+06  3- 2 3.60e-04  4- 3 3.09e-10  5- 4 1.39e-10  6- 5-1.59e-11  7- 6-1.06e-10  8- 7 5.10e-13
  9- 8 4.34e-10 10- 9 1.24e-09 11-10 2.57e-08 12-11-1.10e-08 13-12-1.79e-08 14-13-2.89e-08 15-14-4.57e-08 16-15-7.21e-08
 17-16-1.15e-07 18-17-1.84e-07 19-18-3.10e-07 20-19-5.38e-07 21-20-9.93e-07 22-21-2.00e-06 23-22-4.68e-06 24-23-1.47e-05
 25-24-5.24e-04

 Old, new He 2 continuum optical depths:
     1 6.19e+02     2 2.28e+02     3 3.12e-05     4 3.12e-05     5 3.12e-05     6 2.85e-06     7 2.85e-06     8 2.85e-06
     9 2.85e-06    10 4.52e-06    11 4.52e-06    12 4.52e-06    13 4.52e-06    14 4.52e-06    15 5.56e-06    16 5.56e-06
    17 5.56e-06    18 5.56e-06    19 5.56e-06    20 5.56e-06    21 4.60e-06    22 4.60e-06    23 4.60e-06    24 4.60e-06
    25 4.60e-06    26 4.60e-06    27 4.60e-06    28 1.41e-06    29 1.41e-06    30 1.41e-06    31 1.41e-06    32 1.41e-06
    33 1.41e-06    34 1.41e-06    35 1.41e-06    36 7.78e-14    37 7.78e-14    38 7.78e-14    39 7.78e-14    40 7.78e-14
    41 7.78e-14    42 7.78e-14    43 7.78e-14    44 7.78e-14    45 1.35e-13    46 1.35e-13    47 1.35e-13    48 1.35e-13
    49 1.35e-13    50 1.35e-13    51 1.35e-13    52 1.35e-13    53 1.35e-13    54 1.35e-13
     1 6.19e+02     2 2.28e+02     3 3.12e-05     4 3.12e-05     5 3.12e-05     6 2.85e-06     7 2.85e-06     8 2.85e-06
     9 2.85e-06    10 4.52e-06    11 4.52e-06    12 4.52e-06    13 4.52e-06    14 4.52e-06    15 5.56e-06    16 5.56e-06
    17 5.56e-06    18 5.56e-06    19 5.56e-06    20 5.56e-06    21 4.60e-06    22 4.60e-06    23 4.60e-06    24 4.60e-06
    25 4.60e-06    26 4.60e-06    27 4.60e-06    28 1.41e-06    29 1.41e-06    30 1.41e-06    31 1.41e-06    32 1.41e-06
    33 1.41e-06    34 1.41e-06    35 1.41e-06    36 7.78e-14    37 7.78e-14    38 7.78e-14    39 7.78e-14    40 7.78e-14
    41 7.78e-14    42 7.78e-14    43 7.78e-14    44 7.78e-14    45 1.35e-13    46 1.35e-13    47 1.35e-13    48 1.35e-13
    49 1.35e-13    50 1.35e-13    51 1.35e-13    52 1.35e-13    53 1.35e-13    54 1.35e-13

 Old, new He 2 mean line optical depths:
  2- 1 1.97e+07  3- 2 2.39e-07  4- 3 5.60e-13  5- 4-6.06e-13  6- 5-2.19e-12  7- 6-3.59e-12  8- 7-3.69e-12
  9- 8-1.31e-12 10- 9 3.93e-12 11-10 2.00e-10 12-11-9.28e-11 13-12-1.49e-10 14-13-2.34e-10 15-14-3.60e-10 16-15-5.49e-10
 17-16-8.36e-10 18-17-1.29e-09 19-18-2.02e-09 20-19-3.33e-09 21-20-5.82e-09 22-21-1.12e-08 23-22-2.50e-08 24-23-7.59e-08
 25-24-2.64e-06
  2- 1 1.97e+07  3- 2 2.39e-07  4- 3 5.60e-13  5- 4-6.06e-13  6- 5-2.19e-12  7- 6-3.59e-12  8- 7-3.69e-12
  9- 8-1.31e-12 10- 9 3.93e-12 11-10 2.00e-10 12-11-9.28e-11 13-12-1.49e-10 14-13-2.34e-10 15-14-3.60e-10 16-15-5.49e-10
 17-16-8.36e-10 18-17-1.29e-09 19-18-2.02e-09 20-19-3.33e-09 21-20-5.82e-09 22-21-1.12e-08 23-22-2.50e-08 24-23-7.59e-08
 25-24-2.64e-06

 Old He Is optical depths:    1 5.34e+01    2 3.90e-05    3 2.37e-06    4 2.64e-06    5 2.64e-06
 New He Is optical depths:    1 5.34e+01    2 3.90e-05    3 2.37e-06    4 2.64e-06    5 2.64e-06
          Old He Is Lines:  584 8.70e+04 3889 6.87e-01 5016 9.78e-07 5876 8.44e-10
          New He Is Lines:  584 8.66e+04 3889 6.87e-01 5016 9.78e-07 5876 8.63e-10

==== H      compounds ====           Log10 column densities [cm^-2]
   H2        :  9.291   H2*       :  8.862   H2+       : 10.429   H3+       :  3.666
==== He     compounds ====
   HeH+      : 11.618
==== Li     compounds ====
   LiH       : -4.935   LiH+      : -0.738
==== C      compounds ====
   CH        :  2.152   CH+       :  6.735   CH2       : -8.261   CH2+      : -3.010   CH3       :-17.483   CH3+      :-14.338
   CH4       :-28.041   CH4+      :-29.837   CH5+      :-31.699   C2        : -4.505   C2+       : -1.422   C2H       :-14.140
   C2H+      :-11.739   C2H2      :-25.687   C2H2+     :-22.008   C2H3+     :-32.836   C3        :-30.617   C3+       :-18.850
   C3H       :-35.523   C3H+      :-29.572
==== N      compounds ====
   NH        :  5.016   NH+       :  5.506   NH2       : -5.942   NH2+      : -5.110   NH3       :-16.281   NH3+      :-16.220
   NH4+      :-30.561   CN        : -0.749   CN+       :  0.813   HCN       :-11.336   HCN+      : -8.696   HNC       :-15.263
   HCNH+     :-19.347   HC3N      :-35.930   N2        :  0.205   N2+       :  1.881   N2H+      :-15.791
==== O      compounds ====
   OH        :  6.396   OH+       :  6.536   H2O       : -4.619   H2O+      : -4.226   H3O+      :-14.839   CO        :  2.483
   CO+       :  3.063   HCO+      : -6.708   H2CO      :-20.795   NO        : -0.361   NO+       :  0.663   HNO       :-10.242
   HNO+      :-10.062   OCN       :-14.793   OCN+      :-12.600   N2O       :-15.767   O2        :  3.059   O2+       :  2.713
   NO2       :-17.686   NO2+      :-13.324
==== F      compounds ====
   HF        : -0.344   HF+       :  0.372   H2F+      :-10.445   CF+       : -3.518
==== Ne     compounds ====
   NeH+      :  5.580
==== Si     compounds ====
   SiH       : -5.948   SiH2      :-35.930   SiH2+     : -4.962   SiC       :-35.930   SiC+      :  2.825   SiCH2+    :-35.930
   SiC2      :-35.930   SiC2+     :-13.056   SiN       :-10.704   SiN+      : -0.528   SiNC      :-35.930   SiNC+     :-20.263
   SiO       : -1.905   SiO+      :  2.538   SiOH+     : -8.769
==== P      compounds ====
   PH        : -8.821   PH+       : -8.439   PH2       :-28.869   PH2+      : -8.254   PH3       :-30.806   PH3+      :-28.671
   CP        : -9.238   CP+       :-10.511   HCP       :-35.930   HCP+      :-22.933   PN        :-11.863   PN+       :-14.219
   PO        : -7.691   PO+       : -2.280
==== S      compounds ====
   HS        : -2.461   HS+       :  2.358   CS        : -7.830   CS+       : -3.839   HCS+      :-12.503   NS        : -5.702
   NS+       : -1.170   SO        : -6.132   SO+       :  0.124   OCS       :-18.831   OCS+      :-18.797   SO2       :-35.930
   SiS       :-14.315   SiS+      :-12.223   HSiS      :-35.930   HSiS+     :-15.658   S2        :-17.828   S2+       :-18.994
==== Cl     compounds ====
   HCl       : -3.595   HCl+      :  1.713   H2Cl+     : -8.705   CCl       :-35.930   CCl+      : -8.774   H2CCl+    :-35.930
   ClO       :-35.930   ClO+      :-35.930
==== Ar     compounds ====
   ArH+      :  4.410


               1      2      3      4      5      6      7      8      9     10     11     12     13     14     15     16     17

 Hydrogen   19.558 21.753  9.429 (H2)                Log10 Column density (cm^-2)
 Helium     18.061 20.587 19.988
 Lithium     6.409 10.700  9.959  9.668
 Beryllium   6.798  9.336 11.084 10.110  8.639
 Boron       5.904 10.548 10.959 12.429 10.673  8.329
 Carbon     12.276 16.280 17.699 17.907 17.313 15.332 12.642
 Nitrogen   14.987 15.789 17.005 17.382 16.419 15.992 13.587 10.501
 Oxygen     16.135 16.551 18.341 17.502 17.278 16.629 15.577 12.833-30.000
 Fluorine   10.793 12.039 14.210 13.286 13.334 12.420 10.639  9.770  6.542-30.000
 Neon       13.946 15.360 17.582 16.658 16.688 15.801 14.028 12.766 11.135-30.000-30.000
 Sodium      9.903 13.857 15.875 15.016 15.085 13.984 12.592 10.653  8.589-30.000-30.000-30.000
 Magnesium  13.446 15.535 17.217 16.372 16.433 15.883 14.441 12.559 10.987-30.000-30.000-30.000-30.000
 Aluminium  10.331 14.610 14.790 16.066 15.372 15.004 13.721 11.934 10.251-30.000-30.000-30.000-30.000-30.000
 Silicon    11.053 15.740 16.128 16.752 16.966 16.181 15.220 13.528 10.768-30.000-30.000-30.000-30.000-30.000-30.000
 Phosphorus  9.060 13.484 14.239 14.820 14.563 14.332 13.305 11.732  9.707  7.443-30.000-30.000-30.000-30.000-30.000-30.000
 Sulphur    10.802 15.085 15.987 16.641 16.094 15.691 15.496 14.160 11.883  9.864-30.000-30.000-30.000-30.000-30.000-30.000-30.000
 Chlorine    9.277 13.402 14.410 15.092 14.339 13.649 13.190 12.748 11.017  8.978-30.000-30.000-30.000-30.000-30.000-30.000-30.000
-30.000
 Argon      13.081 13.707 15.412 16.001 15.093 14.569 13.236 12.932 12.118 10.133-30.000-30.000-30.000-30.000-30.000-30.000-30.000
-30.000-30.000
 Potassium   8.331 12.830 14.206 14.589 13.658 12.913 11.670 10.628  9.745  9.156  6.663-30.000-30.000-30.000-30.000-30.000-30.000
-30.000-30.000-30.000
 Calcium     8.536 12.818 15.178 15.955 15.208 14.521 12.988 12.080 10.602 10.220  9.004-30.000-30.000-30.000-30.000-30.000-30.000
-30.000-30.000-30.000-30.000
 Scandium    4.990  9.412 10.922 12.817 11.928 11.726 10.247  9.129  7.312  6.431  4.955-30.000-30.000-30.000-30.000-30.000-30.000
-30.000-30.000-30.000-30.000-30.000
 Titanium    7.759 12.377 12.910 14.232 14.459 13.527 12.732 11.164  9.512  8.182  6.497-30.000-30.000-30.000-30.000-30.000-30.000
-30.000-30.000-30.000-30.000-30.000-30.000
 Vanadium    7.588 11.302 12.014 12.725 13.532 12.847 11.914 10.939  8.887  7.309  4.738-30.000-30.000-30.000-30.000-30.000-30.000
-30.000-30.000-30.000-30.000-30.000-30.000-30.000
 Chromium    8.476 13.263 13.842 14.630 15.188 14.455 14.147 12.938 11.613  9.624  7.768-30.000-30.000-30.000-30.000-30.000-30.000
-30.000-30.000-30.000-30.000-30.000-30.000-30.000-30.000
 Manganese   9.136 13.058 13.641 14.469 14.969 14.266 13.817 12.397 11.202  9.871  7.753-30.000-30.000-30.000-30.000-30.000-30.000
-30.000-30.000-30.000-30.000-30.000-30.000-30.000-30.000-30.000
 Iron       11.110 15.236 15.516 17.122 16.032 16.283 16.073 14.994 12.907 11.737  9.854-30.000-30.000-30.000-30.000-30.000-30.000
-30.000-30.000-30.000-30.000-30.000-30.000-30.000-30.000-30.000-30.000
 Cobalt      9.534 12.902 12.733 13.887 14.554 13.823 13.546 12.826 11.367 10.093  8.322  7.222-30.000-30.000-30.000-30.000-30.000
-30.000-30.000-30.000-30.000-30.000-30.000-30.000-30.000-30.000-30.000-30.000
 Nickel     10.292 14.173 14.413 15.820 14.747 15.051 14.781 14.176 12.825 11.495  9.453  8.586-30.000-30.000-30.000-30.000-30.000
-30.000-30.000-30.000-30.000-30.000-30.000-30.000-30.000-30.000-30.000-30.000-30.000
 Copper      7.639 11.588 12.533 13.790 12.671 12.952 12.840 12.338 11.093  9.800  7.864  5.791-30.000-30.000-30.000-30.000-30.000
-30.000-30.000-30.000-30.000-30.000-30.000-30.000-30.000-30.000-30.000-30.000-30.000-30.000
 Zinc        7.629 11.341 12.324 14.172 13.113 13.316 13.184 12.828 11.591 10.318  8.482  7.323-30.000-30.000-30.000-30.000-30.000
-30.000-30.000-30.000-30.000-30.000-30.000-30.000-30.000-30.000-30.000-30.000-30.000-30.000-30.000
 Exc state                  He[2] 12.830                 C+[2] 15.574                  C[1] 11.373                  C[2] 11.892
                             C[3] 11.940                  O[1] 16.135                  O[2] 12.685                  O[3] 12.743
                           Si+[1] 15.737                C+2[2] 13.537                C+2[3]  6.189                C+2[4] 10.651


 Hydrogen   -2.198 -0.003-12.026 (H2)                 Log10 Mean Ionisation (over radius)
 Helium     -2.625 -0.098 -0.698
 Lithium    -4.396 -0.105 -0.846 -1.137
 Beryllium  -4.338 -1.800 -0.052 -1.026 -2.497
 Boron      -6.552 -1.908 -1.497 -0.027 -1.783 -4.126
 Carbon     -5.910 -1.906 -0.487 -0.279 -0.873 -2.853 -5.544
 Nitrogen   -2.599 -1.797 -0.581 -0.204 -1.167 -1.594 -3.998 -7.085
 Oxygen     -2.311 -1.895 -0.106 -0.944 -1.168 -1.817 -2.869 -5.613
 Fluorine   -3.523 -2.277 -0.106 -1.030 -0.982 -1.896 -3.677 -4.546 -7.774
 Neon       -3.740 -2.326 -0.104 -1.028 -0.998 -1.885 -3.658 -4.920 -6.551
 Sodium     -6.093 -2.140 -0.122 -0.980 -0.911 -2.012 -3.405 -5.344 -7.407
 Magnesium  -3.910 -1.821 -0.139 -0.984 -0.923 -1.473 -2.915 -4.797 -6.369
 Aluminium  -5.876 -1.596 -1.416 -0.140 -0.834 -1.202 -2.485 -4.272 -5.955
 Silicon    -6.213 -1.526 -1.138 -0.515 -0.301 -1.085 -2.046 -3.738 -6.499
 Phosphorus -6.106 -1.682 -0.926 -0.346 -0.603 -0.834 -1.861 -3.434 -5.459 -7.723
 Sulphur    -6.074 -1.792 -0.889 -0.236 -0.782 -1.185 -1.380 -2.716 -4.993 -7.013
 Chlorine   -5.978 -1.854 -0.846 -0.164 -0.916 -1.607 -2.066 -2.508 -4.239 -6.278
 Argon      -3.075 -2.448 -0.744 -0.154 -1.063 -1.587 -2.920 -3.224 -4.037 -6.023
 Potassium  -6.454 -1.955 -0.579 -0.196 -1.127 -1.872 -3.116 -4.157 -5.040 -5.630 -8.123
 Calcium    -7.560 -3.278 -0.918 -0.142 -0.888 -1.576 -3.108 -4.017 -5.495 -5.876 -7.093
 Scandium   -7.915 -3.493 -1.983 -0.089 -0.977 -1.179 -2.658 -3.776 -5.593 -6.474 -7.950
 Titanium   -6.946 -2.329 -1.796 -0.474 -0.247 -1.179 -1.974 -3.541 -5.193 -6.524 -8.209
 Vanadium   -6.098 -2.384 -1.672 -0.961 -0.154 -0.839 -1.772 -2.747 -4.799 -6.377 -8.948
 Chromium   -6.921 -2.133 -1.554 -0.767 -0.208 -0.942 -1.250 -2.458 -3.784 -5.773 -7.629
 Manganese  -6.050 -2.127 -1.545 -0.717 -0.217 -0.920 -1.368 -2.789 -3.984 -5.315 -7.433
 Iron       -6.146 -2.020 -1.740 -0.134 -1.224 -0.973 -1.183 -2.262 -4.349 -5.519 -7.402
 Cobalt     -5.212 -1.844 -2.013 -0.859 -0.192 -0.923 -1.200 -1.920 -3.379 -4.653 -6.424 -7.524
 Nickel     -5.684 -1.803 -1.564 -0.156 -1.229 -0.925 -1.195 -1.800 -3.151 -4.481 -6.523 -7.390
 Copper     -6.307 -2.358 -1.414 -0.156 -1.275 -0.994 -1.106 -1.609 -2.853 -4.146 -6.083 -8.155
 Zinc       -6.687 -2.975 -1.992 -0.144 -1.203 -1.000 -1.132 -1.487 -2.725 -3.998 -5.834 -6.993

               1      2      3      4      5      6      7      8      9     10     11     12     13     14     15     16     17

 Hydrogen   -2.424 -0.002-12.785 (H2)         Log10 Mean Ionisation (over radius*electron density)
 Helium     -2.968 -0.105 -0.672
 Lithium    -4.402 -0.112 -0.822 -1.111
 Beryllium  -4.376 -1.910 -0.053 -1.004 -2.471
 Boron      -6.643 -2.074 -1.505 -0.025 -1.768 -4.106
 Carbon     -5.990 -2.047 -0.493 -0.279 -0.847 -2.827 -5.516
 Nitrogen   -3.093 -1.881 -0.585 -0.203 -1.141 -1.569 -3.972 -7.057
 Oxygen     -2.652 -1.960 -0.110 -0.920 -1.141 -1.789 -2.841 -5.585
 Fluorine   -4.219 -2.449 -0.112 -1.007 -0.955 -1.868 -3.649 -4.518 -7.746
 Neon       -4.472 -2.468 -0.110 -1.005 -0.971 -1.858 -3.630 -4.892 -6.523
 Sodium     -6.250 -2.239 -0.128 -0.962 -0.885 -1.985 -3.377 -5.316 -7.379
 Magnesium  -3.942 -1.912 -0.145 -0.970 -0.898 -1.446 -2.887 -4.770 -6.342
 Aluminium  -5.909 -1.676 -1.426 -0.144 -0.815 -1.176 -2.459 -4.245 -5.929
 Silicon    -6.256 -1.603 -1.146 -0.518 -0.297 -1.063 -2.021 -3.712 -6.472
 Phosphorus -6.168 -1.778 -0.934 -0.350 -0.600 -0.813 -1.836 -3.408 -5.433 -7.694
 Sulphur    -6.146 -1.905 -0.898 -0.237 -0.776 -1.165 -1.358 -2.692 -4.968 -6.986
 Chlorine   -6.057 -1.979 -0.855 -0.164 -0.899 -1.583 -2.043 -2.483 -4.212 -6.250
 Argon      -3.586 -2.661 -0.755 -0.154 -1.038 -1.562 -2.896 -3.200 -4.011 -5.995
 Potassium  -6.579 -2.081 -0.587 -0.195 -1.102 -1.847 -3.092 -4.135 -5.014 -5.604 -8.094
 Calcium    -7.582 -3.306 -0.939 -0.143 -0.865 -1.550 -3.083 -3.992 -5.478 -5.850 -7.065
 Scandium   -8.048 -3.679 -2.141 -0.092 -0.956 -1.155 -2.632 -3.751 -5.567 -6.447 -7.921
 Titanium   -7.122 -2.583 -1.867 -0.477 -0.245 -1.155 -1.951 -3.516 -5.172 -6.497 -8.180
 Vanadium   -6.300 -2.690 -1.731 -0.966 -0.156 -0.815 -1.748 -2.724 -4.776 -6.357 -8.920
 Chromium   -7.087 -2.400 -1.582 -0.772 -0.210 -0.918 -1.225 -2.433 -3.758 -5.751 -7.601
 Manganese  -6.299 -2.396 -1.572 -0.721 -0.219 -0.895 -1.342 -2.762 -3.958 -5.293 -7.404
 Iron       -6.270 -2.242 -1.764 -0.138 -1.210 -0.949 -1.155 -2.234 -4.321 -5.491 -7.374
 Cobalt     -5.319 -2.002 -2.033 -0.864 -0.195 -0.900 -1.175 -1.893 -3.353 -4.627 -6.397 -7.495
 Nickel     -5.801 -1.947 -1.577 -0.160 -1.220 -0.902 -1.169 -1.773 -3.124 -4.454 -6.496 -7.361
 Copper     -6.551 -2.721 -1.445 -0.161 -1.268 -0.973 -1.080 -1.582 -2.826 -4.119 -6.055 -8.127
 Zinc       -7.032 -3.458 -2.089 -0.150 -1.198 -0.978 -1.106 -1.461 -2.698 -3.970 -5.806 -6.966

               1      2      3      4      5      6      7      8      9     10     11     12     13     14     15     16     17

 Hydrogen    3.979  4.037  3.777 (H2)                  Log10 Mean Temperature (over radius)
 Helium      3.924  4.023  4.087
 Lithium     4.010  4.023  4.077  4.093
 Beryllium   4.064  4.025  4.032  4.078  4.091
 Boron       4.042  4.007  4.050  4.036  4.054  4.072
 Carbon      4.047  4.015  4.041  4.020  4.087  4.092  4.097
 Nitrogen    3.882  4.046  4.045  4.024  4.089  4.092  4.099  4.109
 Oxygen      3.938  4.050  4.023  4.078  4.093  4.100  4.105  4.109
 Fluorine    3.808  3.986  4.023  4.074  4.090  4.099  4.104  4.103  4.124
 Neon        3.792  3.992  4.023  4.075  4.091  4.101  4.107  4.103  4.109
 Sodium      3.996  4.009  4.023  4.062  4.089  4.100  4.104  4.103  4.113
 Magnesium   4.063  4.028  4.023  4.046  4.086  4.094  4.101  4.103  4.103
 Aluminium   4.073  4.048  4.050  4.023  4.068  4.089  4.096  4.099  4.099
 Silicon     4.069  4.051  4.067  4.038  4.022  4.076  4.090  4.096  4.101
 Phosphorus  4.055  4.038  4.051  4.028  4.018  4.073  4.089  4.094  4.096  4.119
 Sulphur     4.054  4.033  4.056  4.026  4.031  4.068  4.081  4.092  4.097  4.101
 Chlorine    4.049  4.025  4.050  4.026  4.063  4.087  4.083  4.096  4.102  4.107
 Argon       3.880  3.984  4.050  4.024  4.086  4.091  4.095  4.090  4.102  4.108
 Potassium   4.025  4.023  4.048  4.023  4.089  4.096  4.095  4.091  4.098  4.101  4.142
 Calcium     4.059  4.061  4.045  4.025  4.078  4.092  4.098  4.090  4.072  4.095  4.106
 Scandium    4.024  4.002  4.001  4.027  4.075  4.086  4.099  4.096  4.100  4.098  4.122
 Titanium    4.006  3.971  4.047  4.037  4.029  4.082  4.083  4.096  4.085  4.099  4.141
 Vanadium    3.994  3.950  4.057  4.045  4.023  4.081  4.086  4.085  4.088  4.079  4.165
 Chromium    4.009  3.966  4.076  4.042  4.020  4.078  4.089  4.093  4.092  4.083  4.108
 Manganese   3.975  3.965  4.077  4.039  4.020  4.081  4.092  4.095  4.092  4.084  4.100
 Iron        4.026  3.983  4.070  4.022  4.051  4.078  4.094  4.102  4.103  4.100  4.097
 Cobalt      4.032  4.009  4.080  4.046  4.020  4.075  4.087  4.096  4.098  4.094  4.095  4.106
 Nickel      4.030  4.016  4.080  4.021  4.035  4.076  4.090  4.097  4.101  4.098  4.099  4.100
 Copper      3.980  3.933  4.069  4.021  4.029  4.073  4.089  4.094  4.098  4.097  4.098  4.134
 Zinc        3.944  3.891  4.020  4.024  4.026  4.072  4.088  4.093  4.098  4.098  4.098  4.097

               1      2      3      4      5      6      7      8      9     10     11     12     13     14     15     16     17

 Hydrogen    4.032  4.038  3.851 (H2)          Log10 Mean Temperature (over radius*electron density)
 Helium      4.005  4.023  4.087
 Lithium     4.010  4.023  4.078  4.093
 Beryllium   4.068  4.051  4.032  4.079  4.092
 Boron       4.056  4.041  4.050  4.037  4.056  4.073
 Carbon      4.061  4.049  4.041  4.020  4.087  4.093  4.097
 Nitrogen    3.953  4.057  4.045  4.025  4.089  4.093  4.099  4.109
 Oxygen      3.993  4.057  4.023  4.079  4.093  4.100  4.105  4.109
 Fluorine    3.878  4.029  4.023  4.075  4.090  4.099  4.104  4.103  4.124
 Neon        3.863  4.031  4.023  4.076  4.091  4.101  4.107  4.103  4.109
 Sodium      4.034  4.037  4.023  4.063  4.089  4.100  4.104  4.103  4.113
 Magnesium   4.066  4.051  4.023  4.047  4.086  4.095  4.101  4.103  4.103
 Aluminium   4.077  4.066  4.051  4.023  4.069  4.090  4.096  4.099  4.099
 Silicon     4.075  4.068  4.067  4.038  4.023  4.077  4.090  4.096  4.101
 Phosphorus  4.065  4.060  4.051  4.028  4.019  4.074  4.089  4.095  4.097  4.119
 Sulphur     4.066  4.059  4.057  4.026  4.032  4.070  4.082  4.093  4.098  4.101
 Chlorine    4.063  4.054  4.051  4.026  4.065  4.088  4.084  4.096  4.102  4.107
 Argon       3.944  4.036  4.051  4.025  4.086  4.091  4.095  4.091  4.102  4.108
 Potassium   4.047  4.052  4.048  4.024  4.090  4.096  4.096  4.092  4.098  4.102  4.142
 Calcium     4.061  4.065  4.048  4.025  4.078  4.092  4.099  4.091  4.074  4.095  4.106
 Scandium    4.038  4.028  4.036  4.027  4.075  4.087  4.099  4.097  4.101  4.098  4.122
 Titanium    4.029  4.015  4.060  4.037  4.030  4.083  4.084  4.096  4.086  4.099  4.141
 Vanadium    4.025  4.006  4.066  4.045  4.024  4.082  4.087  4.086  4.089  4.080  4.165
 Chromium    4.033  4.014  4.078  4.042  4.020  4.079  4.090  4.094  4.092  4.084  4.108
 Manganese   4.014  4.012  4.078  4.039  4.021  4.082  4.092  4.096  4.092  4.085  4.100
 Iron        4.040  4.022  4.071  4.022  4.052  4.079  4.094  4.102  4.103  4.100  4.097
 Cobalt      4.045  4.038  4.080  4.046  4.020  4.076  4.087  4.096  4.098  4.094  4.095  4.106
 Nickel      4.048  4.044  4.080  4.021  4.036  4.077  4.090  4.097  4.101  4.098  4.099  4.100
 Copper      4.013  3.989  4.073  4.021  4.031  4.073  4.089  4.094  4.098  4.097  4.099  4.134
 Zinc        3.989  3.955  4.041  4.024  4.028  4.072  4.088  4.094  4.098  4.098  4.098  4.097

               1      2      3      4      5      6      7      8      9     10     11     12     13     14     15     16     17
AGN log nH=1.00 log U=-1.33  

---------------Convergence statistics---------------
      2.88 mean iterations/state convergence
      2.33 mean cx acceleration loops/iteration
      1.34 mean iso convergence loops/ion solve
      1.05 mean steps/chemistry solve
         1 mean step length searches/chemistry step
----------------------------------------------------

 Cloudy ends: 191 zones, 3 iterations. (single thread) ExecTime(s) 231.10
 [Stop in cdMain at maincl.cpp:590, Cloudy exited OK]
