                                                          Cloudy 25.00
                                                         www.nublado.org

                                                  PRNG seed: 0xbe88efcdb826fdea

                       **************************************25Aug25**************************************
                       *                                                                                 *
                       * title AGN log nH=3.22 log U=-2.33                                               *
                       * hden 3.2222222222222223                                                         *
                       * table AGN                                                                       *
                       * stop efrac 0.01                                                                 *
                       * ionization parameter -2.3333333333333335                                        *
                       * abundances GASS                                                                 *
                       * sphere                                                                          *
                       * stop temperature 4000 K                                                         *
                       * stop column density 22                                                          *
                       * iterate to convergence                                                          *
                       * save overview "AGNmodel_nH3.22_Um2.33_temp40000.00.txt"                         *
                       *                                                                                 *
                       ***********************************************************************************



           9244CellPeak1.00E+00   Lo 3.04e-09=  29.98m   Hi-Con:7.13E+06 Ryd   E(hi):7.35E+06Ryd     E(hi):     100.00 MeV
           I(nu>1ryd):   1.1863   Average nu:3.035E+00   I( X-ray):   0.3647   I(BalC):   0.6907     Phi(BalmrC):  11.6535
           phi(1.0-1.8):11.0622   phi(1.8-4.0): 10.955   phi(4.0-20): 10.417   phi(20--):  8.677     Ion pht flx:2.321E+11
           I(gam ray):   0.0792   phi(gam r):   6.4714   I(Infred):   0.9047   Alf(ox):  -1.4088     Total inten:   1.4517
           U(1.0----):4.642E-03   U(4.0----):5.319E-04   T(En-Den):1.879E+01   T(Comp):1.323E+07     nuJnu(912A):4.907E+00
           Occ(FarIR):2.573E-05   Occ(H n=6):1.733E-10   Occ(1Ryd):2.263E-16   Occ(4R):1.158E-18     Occ (Nu-hi):0.000E+00
           Tbr(FarIR):1.237E-08   Tbr(H n=6):7.590E-07   Tbr(1Ryd):3.573E-11   Tbr(4R):7.324E-13     Tbr (Nu-hi):0.000E+00
  
                                                  Gas Phase Chemical Composition
        H :  0.0000  He: -1.0701  Li:-10.9508  Be:-10.6198  B : -9.3002  C : -3.5702  N : -4.1701  O : -3.3098  F : -7.4401
        Ne: -4.0701  Na: -5.7595  Mg: -4.4001  Al: -5.5498  Si: -4.4895  P : -6.5901  S : -4.8794  Cl: -6.5003  Ar: -5.6003
        K : -6.9706  Ca: -5.6596  Sc: -8.8508  Ti: -7.0501  V : -8.0701  Cr: -6.3595  Mn: -6.5702  Fe: -4.5003  Co: -7.0101
                                               Ni: -5.7799  Cu: -7.8097  Zn: -7.4401
 
 ####  1  Te:1.215E+04 Hden:1.668E+03 Ne:1.935E+03 R:1.000E+30 R-R0:2.205E+13 dR:4.411E+13 NTR:  6 Htot:1.975E-17 T912: 1.00e+08###
 Hydrogen      1.61e-03 9.98e-01 H+o/Hden 1.00e+00 7.80e-11 H-    H2 9.90e-17 5.18e-12 H2+ HeH+ 1.12e-12 Ho+ ColD 1.18e+14 7.35e+16
 Helium        2.52e-04 1.45e-01 8.55e-01 HeI 2s3S 2.41e-07 Comp H,C 3.09e-22 2.83e-25 Fill Fac 1.00e+00 Gam1/tot 1.00e+00
 He singlet n  2.51e-04 3.15e-13 4.21e-20 4.07e-20 2.98e-20 5.03e-20 He tripl 2.41e-07 1.06e-17 1.57e-19 8.42e-19 1.56e-19
 Pressure      NgasTgas 4.55e+07 P(total) 6.28e-09 P( gas ) 6.28e-09 P(Radtn) 0.00e+00 Rad accl 1.79e-06 ForceMul 5.68e+03
 Texc(La)      3.38e+03 T(I con) 1.88e+01 T(D con) 2.37e+00 T(U tot) 1.88e+01 nT (c+d) 5.11e+06 Prad/Gas 0.00e+00 Pmag/Gas 0.00e+00
 Molecules     CH/Ctot: 5.53e-16 CH+/Ctot 1.12e-14 CO/Ctot: 7.67e-21 CO+/Ctot 6.31e-21 H2O/Otot 2.49e-28 OH/Ototl 2.35e-16
 Lithium       2.07e-04 4.66e-01 4.89e-01 4.39e-02 Berylliu 8.14e-04 1.63e-02 9.03e-01 7.98e-02 2.21e-04 sec ion: 1.54e-13
 Boron         1.51e-05 2.21e-02 1.67e-01 8.07e-01 3.43e-03 1.26e-06
 Carbon        9.14e-06 1.52e-02 4.72e-01 3.85e-01 1.27e-01 8.34e-05 0.00e+00 H2O+/O   4.03e-29 OH+/Otot 8.02e-17 Hex(tot) 0.00e+00
 Nitrogen      5.60e-06 7.85e-03 4.27e-01 5.08e-01 5.50e-02 1.78e-03 4.77e-07 0.00e+00 O2/Ototl 4.03e-23 O2+/Otot 1.78e-23
 Oxygen        7.11e-06 5.29e-03 2.88e-01 6.30e-01 7.47e-02 1.78e-03 2.96e-05 0.00e+00 0.00e+00
 Fluorine      1.64e-06 5.33e-03 3.50e-01 5.23e-01 1.20e-01 1.87e-03 7.64e-06 2.44e-07 0.00e+00 0.00e+00
 Neon          9.93e-07 3.13e-03 3.39e-01 5.66e-01 9.05e-02 1.46e-03 4.61e-06 0.00e+00 0.00e+00 0.00e+00 0.00e+00
 Sodium        2.16e-07 1.85e-03 2.08e-01 6.13e-01 1.76e-01 1.79e-03 1.31e-05 0.00e+00 0.00e+00 0.00e+00 0.00e+00 0.00e+00
 Magnesium     1.01e-04 2.75e-03 3.35e-01 5.39e-01 1.20e-01 3.86e-03 1.72e-05 0.00e+00 0.00e+00 0.00e+00 0.00e+00 0.00e+00 0.00e+00
 Aluminium  0  7.33e-06 1.10e-02 5.14e-02 6.23e-01 3.01e-01 1.38e-02 8.32e-05 3.19e-07 0.00e+00 0.00e+00 0.00e+00 0.00e+00 0.00e+00
 Silicon    0  1.36e-05 2.17e-02 2.66e-01 4.06e-01 2.94e-01 1.23e-02 1.33e-04 4.28e-07 0.00e+00 0.00e+00 0.00e+00 0.00e+00 0.00e+00
 Phosphorus 0  1.13e-05 5.38e-02 3.94e-01 3.50e-01 1.61e-01 4.07e-02 3.65e-04 1.45e-06 0.00e+00 0.00e+00 0.00e+00 0.00e+00 0.00e+00
 Sulphur    0  4.06e-06 1.47e-02 4.14e-01 4.89e-01 6.79e-02 1.29e-02 1.78e-03 7.67e-06 0.00e+00 0.00e+00 0.00e+00 0.00e+00 0.00e+00
 Chlorine   0  4.40e-06 1.65e-02 3.54e-01 5.34e-01 9.04e-02 4.41e-03 5.28e-04 3.59e-05 0.00e+00 0.00e+00 0.00e+00 0.00e+00 0.00e+00
 Argon      0  8.63e-07 2.75e-03 5.32e-01 3.93e-01 6.84e-02 3.23e-03 5.66e-05 9.69e-06 8.13e-07 0.00e+00 0.00e+00 0.00e+00 0.00e+00
 Potassium  0  5.85e-07 1.43e-02 3.77e-01 5.36e-01 7.09e-02 1.91e-03 4.89e-05 1.89e-06 2.55e-07 0.00e+00 0.00e+00 0.00e+00 0.00e+00
 Calcium    0  1.10e-06 2.51e-03 1.90e-01 6.22e-01 1.80e-01 5.97e-03 5.41e-05 6.26e-06 2.10e-07 0.00e+00 0.00e+00 0.00e+00 0.00e+00
 Scandium   0  8.95e-09 4.02e-05 1.05e-02 7.38e-01 2.32e-01 1.94e-02 1.39e-04 4.81e-06 0.00e+00 0.00e+00 0.00e+00 0.00e+00 0.00e+00
 Titanium   0  1.91e-08 2.33e-04 2.25e-02 6.23e-01 3.31e-01 2.17e-02 6.07e-04 5.63e-06 1.25e-07 0.00e+00 0.00e+00 0.00e+00 0.00e+00
 Vanadium   0  1.88e-08 6.19e-05 1.43e-02 1.71e-01 6.12e-01 1.99e-01 3.03e-03 1.28e-04 3.97e-07 0.00e+00 0.00e+00 0.00e+00 0.00e+00
 Chromium   0  1.27e-08 6.86e-05 1.98e-02 1.96e-01 5.46e-01 2.24e-01 1.50e-02 1.80e-04 6.96e-06 0.00e+00 0.00e+00 0.00e+00 0.00e+00
 Manganese  0  7.53e-09 7.89e-05 1.72e-02 1.61e-01 5.82e-01 2.27e-01 1.26e-02 8.76e-05 5.91e-06 2.06e-07 0.00e+00 0.00e+00 0.00e+00
 Iron       0  5.56e-09 2.93e-05 6.21e-03 1.68e-01 5.27e-01 2.71e-01 2.63e-02 3.89e-04 1.55e-06 0.00e+00 0.00e+00 0.00e+00 0.00e+00
 Cobalt     0  1.27e-08 2.11e-05 3.67e-03 9.17e-02 5.76e-01 2.99e-01 2.89e-02 8.87e-04 1.08e-05 5.46e-07 0.00e+00 0.00e+00 0.00e+00
 Nickel     0  7.15e-09 4.30e-05 6.86e-03 9.46e-02 4.88e-01 3.75e-01 3.44e-02 1.24e-03 1.46e-05 6.74e-07 0.00e+00 0.00e+00 0.00e+00
 Copper     0  1.06e-08 2.27e-05 1.13e-02 1.53e-01 4.52e-01 3.36e-01 4.48e-02 2.88e-03 3.59e-05 1.05e-06 0.00e+00 0.00e+00 0.00e+00
 Zinc       0  9.19e-09 9.65e-06 2.57e-03 9.14e-02 5.01e-01 3.56e-01 4.53e-02 3.47e-03 4.02e-05 1.10e-06 0.00e+00 0.00e+00 0.00e+00
 ####148  Te:3.938E+03 Hden:1.668E+03 Ne:1.320E+02 R:1.000E+30 R-R0:3.499E+17 dR:1.935E+14 NTR: 10 Htot:4.741E-19 T912: 1.00e+08###
 Hydrogen      9.34e-01 6.55e-02 H+o/Hden 1.00e+00 2.66e-09 H-    H2 1.05e-08 1.29e-09 H2+ HeH+ 8.41e-09 Ho+ ColD 3.20e+19 5.52e+20
 Helium        8.48e-01 1.50e-01 2.19e-03 HeI 2s3S 6.52e-08 Comp H,C 2.10e-23 6.27e-27 Fill Fac 1.00e+00 Gam1/tot 4.59e-01
 He singlet n  8.48e-01 4.10e-14 5.58e-19 6.76e-21 3.28e-20 1.08e-20 He tripl 6.52e-08 4.08e-16 4.39e-20 8.20e-19 3.12e-20
 Pressure      NgasTgas 7.66e+06 P(total) 1.06e-09 P( gas ) 1.06e-09 P(Radtn) 3.59e-12 Rad accl 7.29e-07 ForceMul 3.33e+04
 Texc(La)      3.86e+03 T(I con) 1.64e+01 T(D con) 1.51e+01 T(U tot) 1.88e+01 nT (c+d) 7.62e+06 Prad/Gas 3.38e-03 Pmag/Gas 0.00e+00
 Molecules     CH/Ctot: 7.89e-13 CH+/Ctot 3.12e-09 CO/Ctot: 1.25e-11 CO+/Ctot 1.66e-12 H2O/Otot 5.46e-18 OH/Ototl 6.90e-09
 Lithium       7.60e-05 1.00e+00 1.39e-05 0.00e+00 Berylliu 2.34e-04 7.88e-01 1.99e-01 1.35e-02 0.00e+00 sec ion: 2.55e-12
 Boron         2.99e-05 9.03e-01 5.12e-03 9.23e-02 5.01e-06 0.00e+00
 Carbon        1.40e-04 9.61e-01 3.87e-02 1.40e-05 5.92e-07 0.00e+00 0.00e+00 H2O+/O   2.31e-18 OH+/Otot 4.54e-09 Hex(tot) 0.00e+00
 Nitrogen      9.05e-01 9.49e-02 3.40e-05 1.60e-06 0.00e+00 0.00e+00 0.00e+00 0.00e+00 O2/Ototl 8.57e-13 O2+/Otot 6.92e-13
 Oxygen        9.48e-01 5.17e-02 3.88e-05 2.20e-07 0.00e+00 0.00e+00 0.00e+00 0.00e+00 0.00e+00
 Fluorine      3.03e-01 5.92e-01 1.05e-01 2.16e-06 8.97e-06 0.00e+00 0.00e+00 0.00e+00 0.00e+00 0.00e+00
 Neon          1.90e-01 5.77e-01 2.32e-01 6.68e-06 2.92e-07 0.00e+00 0.00e+00 0.00e+00 0.00e+00 0.00e+00 0.00e+00
 Sodium        6.21e-04 6.28e-01 3.71e-01 5.70e-05 3.49e-05 0.00e+00 0.00e+00 0.00e+00 0.00e+00 0.00e+00 0.00e+00 0.00e+00
 Magnesium     2.69e-04 5.83e-01 4.17e-01 2.24e-05 4.26e-07 0.00e+00 0.00e+00 0.00e+00 0.00e+00 0.00e+00 0.00e+00 0.00e+00 0.00e+00
 Aluminium  0  8.87e-06 5.20e-01 1.68e-01 3.12e-01 1.41e-04 0.00e+00 0.00e+00 0.00e+00 0.00e+00 0.00e+00 0.00e+00 0.00e+00 0.00e+00
 Silicon    0  3.23e-05 9.99e-01 9.68e-05 6.95e-04 7.29e-06 0.00e+00 0.00e+00 0.00e+00 0.00e+00 0.00e+00 0.00e+00 0.00e+00 0.00e+00
 Phosphorus 0  6.42e-05 7.94e-01 2.03e-01 3.26e-03 2.78e-05 1.06e-06 0.00e+00 0.00e+00 0.00e+00 0.00e+00 0.00e+00 0.00e+00 0.00e+00
 Sulphur    0  7.49e-05 6.90e-01 3.09e-01 1.35e-04 1.63e-05 1.09e-06 0.00e+00 0.00e+00 0.00e+00 0.00e+00 0.00e+00 0.00e+00 0.00e+00
 Chlorine   0  1.01e-04 7.42e-01 2.58e-01 1.74e-04 1.47e-05 7.09e-07 0.00e+00 0.00e+00 0.00e+00 0.00e+00 0.00e+00 0.00e+00 0.00e+00
 Argon      0  1.85e-01 6.93e-01 1.22e-01 5.70e-05 6.69e-06 2.96e-07 0.00e+00 0.00e+00 0.00e+00 0.00e+00 0.00e+00 0.00e+00 0.00e+00
 Potassium  0  8.51e-05 5.91e-01 4.04e-01 9.91e-05 4.72e-03 7.87e-07 0.00e+00 0.00e+00 0.00e+00 0.00e+00 0.00e+00 0.00e+00 0.00e+00
 Calcium    0  9.92e-07 1.76e-02 9.78e-01 4.36e-03 9.52e-05 1.43e-06 0.00e+00 0.00e+00 0.00e+00 0.00e+00 0.00e+00 0.00e+00 0.00e+00
 Scandium   0  3.95e-06 7.44e-02 8.59e-01 6.38e-02 2.86e-03 1.71e-06 0.00e+00 0.00e+00 0.00e+00 0.00e+00 0.00e+00 0.00e+00 0.00e+00
 Titanium   0  2.90e-05 7.74e-01 2.19e-01 3.14e-04 6.81e-03 1.16e-06 1.53e-07 0.00e+00 0.00e+00 0.00e+00 0.00e+00 0.00e+00 0.00e+00
 Vanadium   0  2.95e-04 7.70e-01 2.29e-01 4.63e-05 5.71e-04 9.31e-07 0.00e+00 0.00e+00 0.00e+00 0.00e+00 0.00e+00 0.00e+00 0.00e+00
 Chromium   0  2.64e-05 9.99e-01 1.25e-03 2.09e-05 7.79e-05 4.06e-06 1.97e-07 0.00e+00 0.00e+00 0.00e+00 0.00e+00 0.00e+00 0.00e+00
 Manganese  0  1.82e-04 9.98e-01 2.01e-03 2.35e-05 2.36e-04 3.27e-06 7.82e-07 0.00e+00 0.00e+00 0.00e+00 0.00e+00 0.00e+00 0.00e+00
 Iron       0  5.17e-05 9.99e-01 3.50e-04 8.97e-05 2.19e-05 2.46e-06 5.52e-07 0.00e+00 0.00e+00 0.00e+00 0.00e+00 0.00e+00 0.00e+00
 Cobalt     0  7.24e-04 9.99e-01 3.55e-04 1.10e-04 2.87e-04 1.67e-06 3.73e-07 0.00e+00 0.00e+00 0.00e+00 0.00e+00 0.00e+00 0.00e+00
 Nickel     0  2.16e-04 9.99e-01 3.08e-04 2.16e-05 4.50e-05 1.30e-06 2.59e-07 0.00e+00 0.00e+00 0.00e+00 0.00e+00 0.00e+00 0.00e+00
 Copper     0  1.93e-04 7.17e-01 2.83e-01 3.68e-05 7.84e-06 2.06e-06 3.63e-07 0.00e+00 0.00e+00 0.00e+00 0.00e+00 0.00e+00 0.00e+00
 Zinc       0  9.39e-05 1.75e-01 4.67e-01 2.82e-01 7.54e-02 1.06e-05 1.73e-06 2.78e-07 0.00e+00 0.00e+00 0.00e+00 0.00e+00 0.00e+00
   AGN log nH=3.22 log U=-2.33  
   Calculation stopped because lowest Te reached. Iteration 1 of 10
   The geometry is plane-parallel.
  !Some input lines contained underscores, these were changed to spaces.
  !Suprathermal collisional ionization of H reached 54.09% of the local H ionization rate.
  !Charge transfer H => H+ reached 1352.4% of the local H ionization rate.
  !AGE: Cloud age was not set.  Longest timescale was 1.52e+10 s = 4.83e+02 years.
  !The CMB was not included.  This is added with the CMB command.
  !The radiation pressure jumped by 583% from 2.60e-10 (zone 22) to 2.46e-11 (zone 23) to 2.66e-11 (zone 24)
   Charge transfer heating reached 2.18% of the local heating.
   Destruction of He 2TriS reached 1.2% of the total He0 dest rate at zone 1, 0.3% of that was photoionization.
   The density is too low to l-mix the lowest H  I collapsed level.  More resolved levels are needed for accurate line ratios.
   The density is too low to l-mix the lowest He I collapsed level.  More resolved levels are needed for accurate line ratios.
   Grains were not present but might survive in this environment (energy density temperature was 1.88e+01K)
   The continuum optical depth at the lowest energy considered (3.045e-09 Ryd) was 1.530e+03.
   The ratio of radiation to gas pressure reached 5.01e-02 at zone 22.  Caused by Lyman alpha.

                       *********************************> Cloudy 25.00 <**********************************
                       * title AGN log nH=3.22 log U=-2.33                                               *
                       * hden 3.2222222222222223                                                         *
                       * table AGN                                                                       *
                       * stop efrac 0.01                                                                 *
                       * ionization parameter -2.3333333333333335                                        *
                       * abundances GASS                                                                 *
                       * sphere                                                                          *
                       * stop temperature 4000 K                                                         *
                       * stop column density 22                                                          *
                       * iterate to convergence                                                          *
                       * save overview "AGNmodel_nH3.22_Um2.33_temp40000.00.txt"                         *
                       *********************************> Log(U): -2.33 <*********************************

                     Emission Line Spectrum.   Constant  Density Model.  Closed geometry.  Iteration 1 of 10.
                                                     Intensity (erg/s/cm^2).


                                                   Intrinsic line intensities
general properties..............................      Ca A                243.027A    -1.127    0.6450      S  3                1728.94A    -3.008    0.0085
Inci                      0      1.452  244.3074      Ca A                237.331A    -1.436    0.3166      S  3                1194.45A    -3.783    0.0014
TotH                      0      0.764   50.1970      Ca A                234.347A    -1.678    0.1813      S  3                1201.73A    -3.831    0.0013
TotC                      0      0.764   50.1768      Ca A                232.584A    -1.878    0.1144      S  3                1200.97A    -3.785    0.0014
BFH1                      0      0.614   35.4942      Ca A                231.454A    -2.049    0.0772      S  3                1015.50A    -3.854    0.0012
BFHe                      0      0.137   11.8290      Ca A                230.686A    -2.198    0.0547      S  3                1021.11A    -3.578    0.0023
TotM                      0     -0.564    2.3540      Ca A                230.139A    -2.331    0.0403      S  3                1021.32A    -3.645    0.0020
CT H                      0     -1.269    0.4646      Ca A                229.736A    -2.451    0.0306      S  5                786.468A    -3.659    0.0019
H FB                      0     -0.579    2.2756      Ca A                229.431A    -2.560    0.0238      Si 2                34.8046m    -1.626    0.2041
HFBc                      0     -0.579    2.2756      Ca A                229.194A    -2.660    0.0189      Si 2                2334.41A    -2.895    0.0110
H  1c                     0     -0.602    2.1579      Ca A                229.006A    -2.753    0.0152      Si 2                2328.52A    -3.442    0.0031
He 1c                     0     -1.579    0.2278      Ca A                228.855A    -2.840    0.0125      Si 2                1808.01A    -2.598    0.0218
Al 3c                     0     -2.567    0.0234      Ca A                228.731A    -2.920    0.0104      Si 2                1526.71A    -3.334    0.0040
Al 6c                     0     -3.406    0.0034      Ca A                228.629A    -2.996    0.0087      Si 2                1304.37A    -3.722    0.0016
Ar 2c                     0     -3.177    0.0057      Ca A                228.543A    -3.067    0.0074      Si 2                1260.42A    -3.373    0.0037
Ar 3c                     0     -1.252    0.4832      Ca A                228.471A    -3.134    0.0063      Si 2                1193.29A    -3.525    0.0026
Ar 4c                     0     -2.090    0.0703      Ca A                228.409A    -3.198    0.0055      Si 2                1190.42A    -3.600    0.0022
Ar 5c                     0     -2.573    0.0231      Ca A                228.356A    -3.258    0.0048      Si 2                2350.17A    -2.770    0.0147
Ar 6c                     0     -3.835    0.0013      Ca A                228.309A    -3.314    0.0042      Si 2                2344.20A    -2.293    0.0440
C  2c                     0     -1.637    0.1991      Ca A                228.269A    -3.368    0.0037      Si 2                2334.60A    -2.180    0.0571
C  3c                     0     -0.901    1.0845      Ca A                228.234A    -3.419    0.0033      Si 2                1817.45A    -2.837    0.0126
Ca 4c                     0     -2.035    0.0796      Ca A                1640.41A    -0.963    0.9395      Si 2                1816.93A    -2.253    0.0482
Co 2c                     0     -3.365    0.0037      Ca A                1215.13A    -1.485    0.2825      Si 2                1533.43A    -3.010    0.0084
Co 3c                     0     -3.684    0.0018      Ca A                1084.94A    -1.836    0.1259      Si 2                1309.28A    -3.401    0.0034
Cr 2c                     0     -3.411    0.0034      Ca A                1025.27A    -2.101    0.0684      Si 2                1265.00A    -3.251    0.0048
Fe 2c                     0     -0.867    1.1735      Ca A                992.358A    -2.315    0.0419      Si 2                1264.74A    -3.159    0.0060
Fe 3c                     0     -0.998    0.8671      Ca A                972.106A    -2.494    0.0277      Si 2                1197.39A    -3.334    0.0040
Fe 7c                     0     -2.478    0.0287      Ca A                958.693A    -2.650    0.0193      Si 2                1194.50A    -3.194    0.0055
K  3c                     0     -2.951    0.0097      Ca A                949.323A    -2.787    0.0141      Si 3                1892.03A    -1.651    0.1928
K  4c                     0     -3.366    0.0037      Ca A                942.507A    -2.910    0.0106      Si 3                1882.71A    -1.510    0.2670
Mg 1c                     0     -2.402    0.0342      Ca A                937.389A    -3.022    0.0082      Si 3                1206.50A    -2.552    0.0242
Mn 2c                     0     -3.414    0.0033      Ca A                933.444A    -3.124    0.0065      Si 4                1393.75A    -2.298    0.0435
N  1c                     0     -3.198    0.0055      Ca A                930.337A    -3.218    0.0052      Si 4                1402.77A    -2.555    0.0240
N  4c                     0     -2.467    0.0295      Ca A                927.846A    -3.306    0.0043      Ti 5                252.959A    -3.853    0.0012
Ne 2c                     0     -2.648    0.0194      Ca A                925.816A    -3.388    0.0035      Al 2                2669.15A    -2.490    0.0280
Ne 3c                     0     -0.658    1.8999      Ca A                924.142A    -3.464    0.0030      Al 2                2660.35A    -2.387    0.0354
Ne 5c                     0     -1.615    0.2097      Ca A                922.743A    -3.537    0.0025      Al 2                1670.79A    -2.783    0.0142
O  1c                     0     -1.971    0.0923      Ca A                921.562A    -3.605    0.0021      Al 5                2.90450m    -3.145    0.0062
O  2c                     0     -0.714    1.6690      Ca A                920.556A    -3.670    0.0018      C  4                1550.77A    -1.864    0.1181
O  3c                     0      0.387   21.0632      Ca A                919.693A    -3.732    0.0016      C  4                1548.19A    -1.575    0.2299
P  2c                     0     -2.596    0.0219      Ca A                918.945A    -3.791    0.0014      C  4                419.714A    -3.651    0.0019
P  3c                     0     -3.064    0.0075      Ca A                918.295A    -3.847    0.0012      C  4                312.451A    -3.390    0.0035
S  2c                     0     -1.185    0.5642      Ca A                917.724A    -3.900    0.0011      C  4                312.420A    -3.375    0.0036
S  3c                     0     -0.464    2.9689      Ca A                4685.68A    -1.678    0.1813      C  4                244.911A    -3.787    0.0014
Si 2c                     0     -1.300    0.4332      Ca A                3203.08A    -2.071    0.0733      C  4                244.903A    -3.750    0.0015
Si 3c                     0     -1.259    0.4754      Ca A                2733.28A    -2.362    0.0375      Ca 2                7323.89A    -2.514    0.0265
Si 4c                     0     -2.159    0.0599      Ca A                2511.19A    -2.591    0.0221      Ca 2                7291.47A    -2.329    0.0405
Al 2c                     0     -2.061    0.0751      Ca A                2385.39A    -2.781    0.0143      Ca 2                3968.47A    -3.080    0.0072
Al 5c                     0     -3.146    0.0062      Ca A                2306.18A    -2.944    0.0098      Ca 2                8662.14A    -3.376    0.0036
C  4c                     0     -1.403    0.3418      Ca A                2252.67A    -3.086    0.0071      Ca 2                3933.66A    -2.960    0.0095
Ca 2c                     0     -1.956    0.0955      Ca A                2214.65A    -3.213    0.0053      Ca 2                8542.09A    -3.020    0.0083
Ca 5c                     0     -2.664    0.0187      Ca A                2186.59A    -3.328    0.0041      Ca 5                4.15739m    -2.868    0.0117
Cl 2c                     0     -2.807    0.0135      Ca A                2165.23A    -3.433    0.0032      Ca 5                5309.11A    -3.229    0.0051
Cl 3c                     0     -2.324    0.0410      Ca A                2148.58A    -3.530    0.0026      Cl 2                14.3639m    -3.437    0.0032
Cl 4c                     0     -2.140    0.0625      Ca A                2135.34A    -3.619    0.0021      Cl 2                8578.70A    -3.043    0.0078
Fe 4c                     0     -0.972    0.9203      Ca A                2124.61A    -3.702    0.0017      Cl 2                9123.60A    -3.628    0.0020
Fe 5c                     0     -1.171    0.5825      Ca A                2115.81A    -3.781    0.0014      Cl 3                5537.87A    -2.684    0.0179
Fe 6c                     0     -1.354    0.3821      Ca A                2108.49A    -3.854    0.0012      Cl 3                5517.71A    -2.680    0.0180
Mg 2c                     0     -0.862    1.1858      Ca A                2102.33A    -3.923    0.0010      Cl 3                3353.17A    -3.930    0.0010
Mg 4c                     0     -1.910    0.1063      Ca A                1.01235m    -2.229    0.0510      Cl 3                3342.80A    -3.519    0.0026
Mg 5c                     0     -2.244    0.0493      Ca A                6560.01A    -2.537    0.0251      Cl 4                20.3197m    -2.660    0.0189
N  2c                     0     -1.104    0.6791      Ca A                5411.45A    -2.782    0.0143      Cl 4                11.7629m    -2.637    0.0199
N  3c                     0     -1.574    0.2305      Ca A                4859.26A    -2.983    0.0090      Cl 4                7530.54A    -3.102    0.0068
Na 3c                     0     -2.836    0.0126      Ca A                4541.54A    -3.153    0.0061      Cl 4                8045.62A    -2.738    0.0158
Na 4c                     0     -2.855    0.0120      Ca A                4338.62A    -3.301    0.0043      Fe 4                3094.96A    -2.197    0.0548
Ne 4c                     0     -1.940    0.0993      Ca A                4199.78A    -3.433    0.0032      Fe 4                2835.74A    -1.309    0.4239
Ne 6c                     0     -3.523    0.0026      Ca A                4099.99A    -3.551    0.0024      Fe 4                2829.36A    -1.578    0.2284
Ni 2c                     0     -2.086    0.0709      Ca A                4025.55A    -3.658    0.0019      Fe 4                2823.50A    -3.258    0.0048
O  4c                     0     -0.539    2.4943      Ca A                3968.39A    -3.757    0.0015      Fe 4                2577.92A    -3.184    0.0057
S  4c                     0     -0.640    1.9786      Ca A                3923.44A    -3.848    0.0012      Fe 4                2.83562m    -2.706    0.0170
Si 6c                     0     -3.585    0.0022      Ca A                3887.40A    -3.933    0.0010      Fe 4                2.80554m    -3.237    0.0050
continua........................................      Ca A                1.86365m    -2.685    0.0178      Fe 4                2.86447m    -3.033    0.0080
Bac                 3646.00A     0.247   15.2432      Ca A                1.16262m    -2.932    0.0101      Fe 4                2567.61A    -2.212    0.0530
nFnu                3645.00A     0.354   19.5113      Ca A                9344.80A    -3.142    0.0062      Fe 4                2.71569m    -3.328    0.0041
nFnu                3647.00A    -0.306    4.2681      Ca A                8236.67A    -3.319    0.0041      Fe 4                2567.40A    -2.960    0.0095
cout                3646.00A     0.247   15.2432      Ca A                7592.65A    -3.472    0.0029      Fe 4                2.71341m    -3.856    0.0012
thin                3646.00A     0.247   15.2434      Ca A                7177.41A    -3.607    0.0021      Fe 4                2.77325m    -3.532    0.0025
Inci                4860.00A     0.348   19.2304      Ca A                6890.80A    -3.728    0.0016      Fe 4                6739.82A    -2.711    0.0168
Inci                1367.00A     0.603   34.6057      Ca A                6683.11A    -3.838    0.0013      Fe 4                6761.38A    -3.212    0.0053
Inci                2066.00A     0.513   28.1457      Ca A                3.09080m    -3.077    0.0072      Fe 4                6734.42A    -2.958    0.0095
Inci                1215.00A     0.628   36.6990      Ca A                1.87431m    -3.278    0.0046      Fe 4                6997.10A    -3.541    0.0025
Ba C                      0     -0.402    3.4247      Ca A                1.47602m    -3.459    0.0030      Fe 4                6792.48A    -3.689    0.0018
PA C                      0     -0.821    1.3035      Ca A                1.28127m    -3.616    0.0021      Fe 4                5233.76A    -3.306    0.0043
FIR                 83.0000m    -0.507    2.6867      Ca A                1.16730m    -3.755    0.0015      Fe 4                5033.59A    -3.624    0.0021
TIR                 1800.00m    -2.951    0.0097      Ca A                1.09334m    -3.879    0.0011      Fe 4                4906.56A    -3.021    0.0082
NIRa                2.85000m     0.927   72.9670      Ca A                4.76213m    -3.421    0.0033      Fe 4                4917.97A    -3.529    0.0026
NIRb                3.00000m     0.607   34.9085      Ca A                2.82519m    -3.586    0.0022      Fe 4                7222.76A    -3.504    0.0027
MIRa                15.0000m     0.438   23.6554      Ca A                2.18848m    -3.743    0.0016      Fe 4                4899.97A    -3.351    0.0038
MIRb                22.5000m     0.499   27.2572      Ca A                1.87570m    -3.884    0.0011      Fe 4                4903.07A    -3.331    0.0040
NMIR                21.7500m     0.927   72.9670      Ca A                6.94599m    -3.727    0.0016      Fe 4                7183.99A    -3.680    0.0018
TFIR                611.250m    -2.347    0.0388      Ca A                4.04945m    -3.864    0.0012      Fe 4                4868.16A    -3.468    0.0029
TALL                10000.0A     1.448  242.1166      Ca B                1640.41A    -0.829    1.2808      Fe 4                4869.23A    -3.814    0.0013
F12                 12.0000m     0.057    9.8497      Ca B                1215.13A    -1.341    0.3936      Fe 4                7191.23A    -3.716    0.0017
F25                 25.0000m    -0.388    3.5338      Ca B                1084.94A    -1.690    0.1763      Fe 4                4867.95A    -3.531    0.0025
F60                 60.0000m    -0.606    2.1386      Ca B                1025.27A    -1.955    0.0958      Fe 4                4206.59A    -3.581    0.0023
F100                100.000m    -1.229    0.5093      Ca B                992.358A    -2.169    0.0585      Fe 4                4208.88A    -3.613    0.0021
MIPS                24.0000m    -0.437    3.1549      Ca B                972.106A    -2.349    0.0386      Fe 4                4144.20A    -3.589    0.0022
MIPS                70.0000m    -2.085    0.0710      Ca B                958.693A    -2.505    0.0270      Fe 4                4152.34A    -3.891    0.0011
MIPS                160.000m    -2.932    0.0101      Ca B                949.323A    -2.643    0.0196      Fe 5                70.3538m    -2.381    0.0359
IRAC                3.60000m    -0.293    4.3993      Ca B                942.507A    -2.767    0.0148      Fe 5                36.3273m    -1.973    0.0920
IRAC                4.50000m    -0.262    4.7269      Ca B                937.389A    -2.879    0.0114      Fe 5                25.9131m    -2.055    0.0760
IRAC                5.80000m    -0.233    5.0467      Ca B                933.444A    -2.982    0.0090      Fe 5                20.8407m    -2.315    0.0418
IRAC                8.00000m    -0.074    7.2841      Ca B                930.337A    -3.076    0.0072      Fe 5                4180.59A    -2.804    0.0136
SPR1                250.000m    -3.174    0.0058      Ca B                927.846A    -3.165    0.0059      Fe 5                4143.15A    -2.550    0.0243
SPR2                350.000m    -3.292    0.0044      Ca B                925.816A    -3.247    0.0049      Fe 5                4227.19A    -1.841    0.1245
SPR3                500.000m    -3.349    0.0039      Ca B                924.142A    -3.324    0.0041      Fe 5                4003.21A    -3.491    0.0028
PAC1                70.0000m    -2.066    0.0743      Ca B                922.743A    -3.396    0.0035      Fe 5                4071.24A    -2.559    0.0238
PAC2                100.000m    -1.227    0.5123      Ca B                921.562A    -3.465    0.0030      Fe 5                3895.22A    -2.888    0.0112
PAC3                160.000m    -2.738    0.0158      Ca B                920.556A    -3.530    0.0025      Fe 5                3851.34A    -3.199    0.0055
PAH                 3.30000m    -1.150    0.6115      Ca B                919.693A    -3.591    0.0022      Fe 5                3794.94A    -2.610    0.0212
PAHC                3.23000m    -1.342    0.3932      Ca B                918.945A    -3.650    0.0019      Fe 5                3755.70A    -2.892    0.0111
PAHC                3.37000m    -1.465    0.2957      Ca B                918.295A    -3.706    0.0017      Fe 5                3911.33A    -3.430    0.0032
PAH                 6.20000m    -0.731    1.6055      Ca B                917.724A    -3.759    0.0015      Fe 5                3839.27A    -2.562    0.0237
PAHC                5.65000m    -0.685    1.7842      Ca B                4685.68A    -1.650    0.1933      Fe 5                3783.22A    -2.974    0.0092
PAH                 7.90000m    -0.534    2.5232      Ca B                3203.08A    -2.033    0.0800      Fe 5                3891.28A    -2.672    0.0184
PAHC                6.90000m    -0.476    2.8858      Ca B                2733.28A    -2.318    0.0415      Fe 5                3819.95A    -3.343    0.0039
PAH                 11.3000m    -1.278    0.4552      Ca B                2511.19A    -2.544    0.0247      Fe 5                2.04669m    -3.716    0.0017
PAHC                10.9000m    -1.210    0.5324      Ca B                2385.39A    -2.733    0.0160      Fe 5                3445.62A    -3.333    0.0040
PAH                 11.8000m    -1.120    0.6555      Ca B                2306.18A    -2.894    0.0110      Fe 5                3400.41A    -3.701    0.0017
PAHC                12.6500m    -1.219    0.5210      Ca B                2252.67A    -3.036    0.0079      Fe 5                1.91721m    -3.870    0.0012
PAH                 13.3000m    -1.278    0.4555      Ca B                2214.65A    -3.163    0.0059      Fe 5                3463.51A    -3.237    0.0050
PAHC                14.1000m    -1.301    0.4318      Ca B                2186.59A    -3.277    0.0046      Fe 5                3406.89A    -3.774    0.0015
Bcon                3640.00A     1.032   93.0250      Ca B                2165.23A    -3.382    0.0036      Fe 5                2760.64A    -3.923    0.0010
Pcon                5000.00A     0.756   49.2773      Ca B                2148.58A    -3.478    0.0029      Fe 5                2828.24A    -3.342    0.0039
O3bn                5007.00A     0.220   14.3473      Ca B                2135.34A    -3.567    0.0023      Fe 5                2780.40A    -3.836    0.0013
SX                  25.0000A    -0.497    2.7506      Ca B                2124.61A    -3.651    0.0019      Fe 5                2750.88A    -3.648    0.0019
HX                  4.70000A    -0.221    5.1876      Ca B                2115.81A    -3.729    0.0016      Fe 5                2730.21A    -3.557    0.0024
ROSA                12.3980A    -0.267    4.6659      Ca B                2108.49A    -3.802    0.0014      Fe 5                2717.82A    -3.634    0.0020
HFFc                      0     -0.674    1.8302      Ca B                2102.33A    -3.871    0.0012      Fe 5                2707.36A    -3.582    0.0023
H FF                      0     -0.730    1.6084      Ca B                1.01235m    -2.217    0.0525      Fe 6                19.5527m    -2.007    0.0851
HeFF                      0     -1.608    0.2130      Ca B                6560.01A    -2.521    0.0260      Fe 6                14.7670m    -2.213    0.0529
MeFB                      0     -2.417    0.0331      Ca B                5411.45A    -2.763    0.0149      Fe 6                12.3074m    -2.476    0.0288
MeFF                      0     -3.052    0.0077      Ca B                4859.26A    -2.962    0.0094      Fe 6                5335.18A    -2.659    0.0189
ToFF                      0     -0.674    1.8291      Ca B                4541.54A    -3.131    0.0064      Fe 6                5484.84A    -2.913    0.0105
nFnu                6915.34m    -3.892    0.0011      Ca B                4338.62A    -3.278    0.0046      Fe 6                5631.07A    -2.808    0.0134
nFnu                122.367m    -2.422    0.0327      Ca B                4199.78A    -3.408    0.0034      Fe 6                5277.81A    -3.160    0.0060
nInu                122.367m    -3.458    0.0030      Ca B                4099.99A    -3.526    0.0026      Fe 6                5424.22A    -2.829    0.0128
nFnu                60.8157m    -2.176    0.0575      Ca B                4025.55A    -3.633    0.0020      Fe 6                5676.95A    -2.767    0.0148
nInu                60.8157m    -2.399    0.0344      Ca B                3968.39A    -3.731    0.0016      Fe 6                5426.64A    -3.097    0.0069
nFnu                41.2039m    -2.032    0.0803      Ca B                3923.44A    -3.822    0.0013      Fe 6                5234.28A    -3.630    0.0020
nInu                41.2039m    -1.807    0.1348      Ca B                3887.40A    -3.907    0.0011      Fe 6                5370.29A    -3.718    0.0017
nFnu                30.8611m    -1.928    0.1020      Ca B                1.86365m    -2.677    0.0182      Fe 6                5145.75A    -2.460    0.0300
nInu                30.8611m    -1.366    0.3719      Ca B                1.16262m    -2.922    0.0103      Fe 6                4972.47A    -2.475    0.0289
nFnu                24.7761m    -1.849    0.1223      Ca B                9344.80A    -3.131    0.0064      Fe 6                5176.04A    -2.508    0.0268
nInu                24.7761m    -1.032    0.8031      Ca B                8236.67A    -3.307    0.0043      Fe 6                4967.14A    -2.879    0.0114
nFnu                24.2932m    -1.842    0.1243      Ca B                7592.65A    -3.459    0.0030      Fe 6                3813.54A    -3.513    0.0026
nInu                24.2932m    -1.001    0.8613      Ca B                7177.41A    -3.593    0.0022      Fe 6                3889.40A    -3.311    0.0042
nFnu                22.8240m    -1.819    0.1309      Ca B                6890.80A    -3.714    0.0017      Fe 6                1.28877m    -3.792    0.0014
nInu                22.8240m    -0.910    1.0626      Ca B                6683.11A    -3.823    0.0013      Fe 6                3662.50A    -3.270    0.0046
nFnu                21.4141m    -1.797    0.1377      Ca B                6527.01A    -3.924    0.0010      Fe 6                3492.10A    -3.904    0.0011
nInu                21.4141m    -0.814    1.3262      Ca B                3.09080m    -3.070    0.0074      Fe 6                3555.60A    -3.595    0.0022
nFnu                21.1177m    -1.792    0.1395      Ca B                1.87431m    -3.270    0.0046      Fe 6                1.23303m    -3.506    0.0027
nInu                21.1177m    -0.788    1.4058      Ca B                1.47602m    -3.451    0.0031      Fe 6                1.34929m    -3.311    0.0042
nFnu                19.6146m    -1.764    0.1486      Ca B                1.28127m    -3.608    0.0021      Fe 6                1.26742m    -3.670    0.0018
nInu                19.6146m    -0.677    1.8171      Ca B                1.16730m    -3.746    0.0016      Mg 2                2802.71A    -1.336    0.3987
nFnu                17.6486m    -1.726    0.1623      Ca B                1.09334m    -3.869    0.0012      Mg 2                2795.53A    -1.040    0.7883
nInu                17.6486m    -0.520    2.6088      Ca B                4.76213m    -3.414    0.0033      Mg 2                2798.00A    -3.803    0.0014
nFnu                17.3653m    -1.720    0.1644      Ca B                2.82519m    -3.579    0.0023      Mg 4                4.48711m    -1.910    0.1063
nInu                17.3653m    -0.495    2.7654      Ca B                2.18848m    -3.737    0.0016      Mg 4                323.307A    -3.578    0.0023
nFnu                15.6859m    -1.685    0.1783      Ca B                1.87570m    -3.877    0.0011      Mg 5                5.60700m    -2.341    0.0394
nInu                15.6859m    -0.337    3.9702      Ca B                6.94599m    -3.720    0.0016      Mg 5                13.5464m    -3.416    0.0033
nFnu                14.5997m    -1.658    0.1899      Ca B                4.04945m    -3.858    0.0012      Mg 5                2782.76A    -3.222    0.0052
nInu                14.5997m    -0.231    5.0722      He 2                607.571A    -0.347    3.8882      Mg 5                2928.09A    -3.787    0.0014
nFnu                12.4266m    -1.595    0.2192      He 2                303.784A    -0.026    8.1256      Mg 5                355.329A    -3.915    0.0011
nInu                12.4266m     0.017    8.9831      He 2                256.317A    -2.962    0.0094      N  2                121.769m    -3.457    0.0030
nFnu                11.3969m    -1.566    0.2344      He 2                243.027A    -3.082    0.0072      N  2                6548.05A    -1.720    0.1646
nInu                11.3969m     0.149   12.1659      He 2                237.331A    -3.141    0.0062      N  2                6583.45A    -1.250    0.4851
nFnu                10.4572m    -1.531    0.2542      He 2                234.347A    -3.177    0.0057      N  2                5754.59A    -2.954    0.0096
nInu                10.4572m     0.281   16.4762      He 2                232.584A    -3.204    0.0054      N  2                2139.01A    -3.287    0.0045
nFnu                9.47744m    -1.499    0.2736      He 2                231.454A    -3.221    0.0052      N  2                2142.77A    -2.896    0.0110
nInu                9.47744m     0.348   19.2315      He 2                230.686A    -3.247    0.0049      N  2                1085.70A    -3.551    0.0024
nFnu                9.32234m    -1.494    0.2770      He 2                230.139A    -3.265    0.0047      N  2                1084.58A    -3.611    0.0021
nInu                9.32234m     0.348   19.2315      He 2                229.736A    -3.250    0.0049      N  2                1085.55A    -3.670    0.0018
nFnu                8.20812m    -1.444    0.3110      He 2                229.431A    -3.260    0.0047      N  2                1083.99A    -3.637    0.0020
nInu                8.20812m     0.348   19.2315      He 2                229.194A    -3.271    0.0046      N  2                1084.56A    -3.782    0.0014
nFnu                7.57793m    -1.418    0.3298      He 2                229.006A    -3.282    0.0045      N  2                915.612A    -3.602    0.0022
nInu                7.57793m     0.348   19.2315      He 2                228.855A    -3.292    0.0044      N  2                916.020A    -3.809    0.0013
nFnu                7.04834m    -1.382    0.3580      He 2                228.731A    -3.301    0.0043      N  2                916.710A    -3.837    0.0013
nInu                7.04834m     0.348   19.2314      He 2                228.629A    -3.309    0.0042      N  2                916.012A    -3.693    0.0018
nFnu                4.11258m    -1.175    0.5773      He 2                228.543A    -3.315    0.0042      N  2                916.701A    -3.543    0.0025
nInu                4.11258m     0.348   19.2312      He 2                228.471A    -3.319    0.0041      N  2                915.962A    -3.592    0.0022
nFnu                2.32377m    -0.988    0.8868      He 2                228.409A    -3.320    0.0041      N  3                57.3238m    -1.694    0.1747
nInu                2.32377m     0.348   19.2310      He 2                228.356A    -3.315    0.0042      N  3                1748.65A    -3.219    0.0052
nFnu                1.64268m    -0.845    1.2327      He 2                1640.41A    -0.859    1.1961      N  3                1753.99A    -3.204    0.0054
nInu                1.64268m     0.348   19.2309      He 2                1215.13A    -1.331    0.4032      N  3                1746.82A    -3.548    0.0024
nFnu                1.47981m    -0.832    1.2711      He 2                1084.94A    -1.668    0.1855      N  3                1752.16A    -2.708    0.0169
nInu                1.47981m     0.348   19.2307      He 2                1025.27A    -1.927    0.1021      N  3                1749.67A    -2.545    0.0246
nFnu                1.43610m    -0.677    1.8180      He 2                992.358A    -2.138    0.0628      N  3                989.799A    -3.503    0.0027
nInu                1.43610m     0.348   19.2307      He 2                972.106A    -2.315    0.0418      N  3                991.511A    -3.429    0.0032
nFnu                1.11836m    -0.656    1.9055      He 2                958.693A    -2.468    0.0294      N  3                991.577A    -3.369    0.0037
nInu                1.11836m     0.348   19.2304      He 2                949.323A    -2.603    0.0215      N  3                763.334A    -3.675    0.0018
nFnu                8327.39A    -0.642    1.9671      He 2                942.507A    -2.471    0.0292      N  3                764.351A    -3.393    0.0035
nInu                8327.39A     0.348   19.2302      He 2                937.389A    -2.566    0.0235      N  3                685.515A    -3.495    0.0028
nFnu                8076.39A    -0.319    4.1414      He 2                933.444A    -2.653    0.0192      N  3                686.336A    -3.364    0.0037
nInu                8076.39A     0.348   19.2302      He 2                930.337A    -2.734    0.0160      N  3                684.998A    -3.624    0.0021
nFnu                6207.94A    -0.348    3.8762      He 2                927.846A    -2.808    0.0134      N  3                685.817A    -3.247    0.0049
nInu                6207.94A     0.348   19.2301      He 2                925.816A    -2.877    0.0115      N  3                451.871A    -3.659    0.0019
nFnu                4884.00A    -0.358    3.7853      He 2                924.142A    -2.940    0.0099      N  3                452.227A    -3.372    0.0037
nInu                4884.00A     0.348   19.2301      He 2                922.743A    -2.999    0.0087      Na 3                7.31570m    -2.835    0.0126
nFnu                3703.28A    -0.331    4.0291      He 2                921.562A    -3.052    0.0077      Na 3                380.100A    -3.840    0.0012
nInu                3703.28A     0.386   21.0211      He 2                920.556A    -3.099    0.0069      Na 3                250.517A    -3.847    0.0012
nFnu                3586.64A     0.346   19.1703      He 2                919.693A    -3.139    0.0063      Na 4                9.03096m    -3.006    0.0085
nInu                3586.64A     0.393   21.3388      He 2                4685.68A    -1.744    0.1555      Na 4                3241.50A    -3.593    0.0022
nFnu                2429.31A     0.126   11.5431      He 2                3203.08A    -2.067    0.0741      Ne 4                2421.66A    -2.307    0.0426
nInu                2429.31A     0.477   25.9237      He 2                2733.28A    -2.330    0.0404      Ne 4                2424.28A    -2.201    0.0543
nFnu                2391.30A     0.122   11.4310      He 2                2511.19A    -2.546    0.0246      Ne 4                1601.45A    -3.816    0.0013
nInu                2391.30A     0.481   26.1408      He 2                2385.39A    -2.728    0.0162      Ne 4                541.126A    -3.513    0.0027
nFnu                2070.68A     0.121   11.3992      He 2                2306.18A    -2.885    0.0113      Ne 4                542.076A    -3.471    0.0029
nInu                2070.68A     0.512   28.0844      He 2                2252.67A    -3.023    0.0082      Ne 4                543.886A    -3.454    0.0030
nFnu                2052.02A     0.139   11.9002      He 2                2214.65A    -2.986    0.0089      Ne 4                208.903A    -3.837    0.0013
nInu                2052.02A     0.514   28.2253      He 2                2186.59A    -3.081    0.0072      Ne 4                208.737A    -3.739    0.0016
nFnu                1793.44A     0.199   13.6645      He 2                2165.23A    -3.168    0.0059      Ne 6                7.65019m    -3.523    0.0026
nInu                1793.44A     0.543   30.1726      He 2                2148.58A    -3.248    0.0049      Ni 2                1.19102m    -3.365    0.0037
nFnu                1585.12A     0.229   14.6164      He 2                2135.34A    -3.322    0.0041      Ni 2                6.63416m    -3.038    0.0079
nInu                1585.12A     0.571   32.1442      He 2                2124.61A    -3.391    0.0035      Ni 2                1.07151m    -3.548    0.0024
nFnu                1458.33A     0.233   14.7682      He 2                2115.81A    -3.454    0.0030      Ni 2                10.6793m    -3.185    0.0056
nInu                1458.33A     0.589   33.5119      He 2                2108.49A    -3.513    0.0027      Ni 2                12.7253m    -3.916    0.0010
nFnu                1356.96A     0.197   13.5943      He 2                2102.33A    -3.566    0.0023      Ni 2                7377.83A    -2.508    0.0268
nInu                1356.96A     0.604   34.7071      He 2                2097.10A    -3.613    0.0021      Ni 2                8300.99A    -3.804    0.0014
nFnu                1297.29A     0.103   10.9432      He 2                2092.63A    -3.652    0.0019      Ni 2                1.93877m    -3.216    0.0053
nInu                1297.29A     0.614   35.5274      He 2                1.01235m    -2.360    0.0377      Ni 2                6666.80A    -3.870    0.0012
nFnu                1262.79A    -0.037    7.9291      He 2                6560.01A    -2.598    0.0218      Ni 2                7411.61A    -3.651    0.0019
nInu                1262.79A     0.620   36.0047      He 2                5411.45A    -2.812    0.0133      Ni 2                4326.24A    -3.671    0.0018
nFnu                1218.08A    -0.650    1.9320      He 2                4859.26A    -2.997    0.0087      Ni 2                3993.06A    -3.796    0.0014
nInu                1218.08A     0.628   36.6715      He 2                4541.54A    -3.156    0.0060      O  4                25.8863m    -0.541    2.4829
nFnu                1196.33A    -0.639    1.9835      He 2                4338.62A    -3.297    0.0044      O  4                1399.78A    -3.786    0.0014
nInu                1196.33A     0.632   36.9781      He 2                4199.78A    -3.356    0.0038      O  4                1407.38A    -3.795    0.0014
nFnu                1175.06A    -0.627    2.0382      He 2                4099.99A    -3.450    0.0031      O  4                1404.81A    -3.346    0.0039
nInu                1175.06A     0.635   37.2878      He 2                4025.55A    -3.536    0.0025      O  4                1401.16A    -3.313    0.0042
nFnu                1143.64A    -0.605    2.1453      He 2                3968.39A    -3.616    0.0021      O  4                787.710A    -3.630    0.0020
nInu                1143.64A     0.642   37.8518      He 2                3923.44A    -3.690    0.0018      O  4                790.114A    -3.411    0.0033
nFnu                1113.22A    -0.584    2.2491      He 2                3887.40A    -3.758    0.0015      O  4                790.201A    -3.479    0.0029
nInu                1113.22A     0.648   38.3602      He 2                3858.03A    -3.822    0.0013      O  4                608.397A    -3.827    0.0013
nFnu                1103.23A    -0.579    2.2762      He 2                3833.76A    -3.880    0.0011      O  4                609.830A    -3.181    0.0057
nInu                1103.23A     0.649   38.4883      He 2                3813.45A    -3.933    0.0010      O  4                554.076A    -3.573    0.0023
nFnu                1073.86A    -0.558    2.3911      He 2                1.86365m    -2.862    0.0119      O  4                555.264A    -3.107    0.0067
nInu                1073.86A     0.655   38.9954      He 2                1.16262m    -3.040    0.0079      O  4                553.329A    -3.831    0.0013
nFnu                1064.34A    -0.550    2.4349      He 2                9344.80A    -3.217    0.0052      O  4                554.514A    -3.059    0.0075
nInu                1064.34A     0.657   39.1909      He 2                8236.67A    -3.375    0.0036      O  6                1031.91A    -3.888    0.0011
nFnu                1035.92A    -0.529    2.5559      He 2                7592.65A    -3.516    0.0026      S  4                10.5076m    -0.641    1.9741
nInu                1035.92A     0.663   39.7170      He 2                7177.41A    -3.645    0.0020      S  4                1416.89A    -3.755    0.0015
nFnu                1000.00A    -0.500    2.7309      He 2                6890.80A    -3.738    0.0016      S  4                1406.02A    -3.709    0.0017
nInu                1000.00A     0.671   40.4481      He 2                6683.11A    -3.824    0.0013      S  4                1072.97A    -3.927    0.0010
nFnu                925.144A    -0.442    3.1216      He 2                6527.01A    -3.903    0.0011      S  4                815.941A    -3.581    0.0023
nInu                925.144A     0.687   42.0305      He 2                3.09080m    -3.290    0.0044      S  4                753.760A    -3.439    0.0031
nFnu                897.800A    -3.801    0.0014      He 2                1.87431m    -3.425    0.0032      S  4                750.221A    -3.376    0.0036
nFnu                496.874A    -3.585    0.0022      He 2                1.47602m    -3.572    0.0023      S  4                657.319A    -3.838    0.0013
RRC.............................................      He 2                1.28127m    -3.709    0.0017      S  4                661.455A    -3.340    0.0039
H  1                911.753A     0.297   17.1158      He 2                1.16730m    -3.883    0.0011      S  4                661.396A    -3.687    0.0018
H  1                3645.98A    -0.814    1.3245      He 2                4.76213m    -3.664    0.0019      S  4                554.027A    -3.527    0.0026
H  1                3645.98A    -0.474    2.9000      He 2                2.82519m    -3.767    0.0015      S  6                933.378A    -3.881    0.0011
H  1                8203.57A    -1.545    0.2464      He 2                2.18848m    -3.890    0.0011      Si 6                1.96247m    -3.584    0.0022
H  1                8203.57A    -1.157    0.6013      He-like iso-sequence............................      level 1 lines...................................
H  1                8203.57A    -1.269    0.4652      He 1                1202.81A    -0.671    1.8434      recombination...................................
H  1                1.45842m    -2.028    0.0810      He 1                591.412A    -2.910    0.0106      C  2                4267.00A    -3.616    0.0021
H  1                1.45842m    -1.634    0.2008      Blnd                591.412A    -2.908    0.0107      C  2                1761.00A    -3.664    0.0019
H  1                1.45842m    -1.639    0.1984      He 1                584.334A    -1.705    0.1702      C  2                1335.00A    -1.859    0.1194
H  1                1.45842m    -1.989    0.0886      He 1                537.030A    -2.814    0.0133      C  3                1923.00A    -3.302    0.0043
H  1                2.27878m    -2.382    0.0358      He 1                522.213A    -2.962    0.0094      C  4                1549.00A    -3.450    0.0031
H  1                2.27878m    -1.989    0.0887      He 1                515.617A    -3.044    0.0078      N  2                1742.00A    -3.607    0.0021
H  1                2.27878m    -1.962    0.0943      He 1                512.099A    -3.109    0.0067      N  3                1885.00A    -3.832    0.0013
H  1                2.27878m    -2.166    0.0589      He 1                625.563A    -0.542    2.4802      O  2                4094.00A    -3.841    0.0012
H  1                2.27878m    -2.669    0.0185      He 1                510.018A    -3.224    0.0052      O  2                4075.00A    -3.483    0.0028
H  1                3.28145m    -2.660    0.0189      He 1                508.657A    -3.238    0.0050      O  2                4111.00A    -3.791    0.0014
H  1                3.28145m    -2.268    0.0466      He 1                507.727A    -3.270    0.0046      O  2                4651.00A    -3.258    0.0048
H  1                3.28145m    -2.230    0.0509      He 1                507.065A    -3.268    0.0047      O  2                4341.00A    -3.535    0.0025
H  1                3.28145m    -2.380    0.0360      He 1                506.576A    -3.283    0.0045      O  3                3265.00A    -3.497    0.0027
H  1                3.28145m    -2.711    0.0168      He 1                506.204A    -3.301    0.0043      O  3                3762.00A    -3.764    0.0015
H  1                3.28145m    -3.315    0.0042      He 1                505.916A    -3.321    0.0041      C  2                1167.50A    -3.525    0.0026
H  1                4.46642m    -2.888    0.0112      He 1                505.687A    -3.341    0.0039      C  2                1092.50A    -2.917    0.0105
H  1                4.46642m    -2.498    0.0275      He 1                505.502A    -3.362    0.0038      C  2                1036.80A    -2.528    0.0256
H  1                4.46642m    -2.454    0.0304      He 1                505.352A    -3.383    0.0036      C  2                946.100A    -2.588    0.0223
H  1                4.46642m    -2.580    0.0227      He 1                505.227A    -3.405    0.0034      C  2                799.800A    -1.704    0.1709
H  1                4.46642m    -2.840    0.0125      He 1                505.122A    -3.426    0.0032      C  3                2512.20A    -3.872    0.0012
H  1                4.46642m    -3.253    0.0048      He 1                505.033A    -3.447    0.0031      C  3                2296.90A    -2.822    0.0130
H  1                4.46642m    -3.926    0.0010      He 1                504.958A    -3.534    0.0025      C  3                2200.40A    -3.896    0.0011
H  1                5.83369m    -3.080    0.0072      He 1                504.893A    -3.533    0.0025      C  3                2017.40A    -3.668    0.0019
H  1                5.83369m    -2.692    0.0176      He 1                504.836A    -3.514    0.0026      C  3                1828.00A    -2.863    0.0118
H  1                5.83369m    -2.646    0.0195      He 1                504.787A    -3.572    0.0023      C  3                1577.10A    -2.804    0.0136
H  1                5.83369m    -2.758    0.0151      He 1                504.744A    -3.532    0.0025      C  3                1491.20A    -3.843    0.0012
H  1                5.83369m    -2.983    0.0090      He 1                504.706A    -3.466    0.0030      C  3                1478.10A    -3.839    0.0013
H  1                5.83369m    -3.313    0.0042      He 1                504.672A    -2.687    0.0178      C  3                1247.40A    -3.309    0.0042
H  1                5.83369m    -3.780    0.0014      He 1                1.08291m    -2.503    0.0271      C  3                1175.70A    -2.642    0.0197
H  1                7.38326m    -3.247    0.0049      He 1                1.08302m    -1.895    0.1100      C  3                977.000A    -2.305    0.0428
H  1                7.38326m    -2.860    0.0119      He 1                1.08303m    -1.558    0.2390      C  3                574.300A    -3.387    0.0035
H  1                7.38326m    -2.813    0.0133      Blnd                1.08302m    -1.361    0.3761      C  3                538.200A    -3.383    0.0036
H  1                7.38326m    -2.918    0.0104      He 1                3888.64A    -2.167    0.0587      C  3                511.500A    -3.359    0.0038
H  1                7.38326m    -3.123    0.0065      He 1                3187.74A    -2.497    0.0275      C  3                493.500A    -3.066    0.0074
H  1                7.38326m    -3.407    0.0034      He 1                2945.10A    -2.774    0.0145      C  3                492.600A    -3.210    0.0053
H  1                7.38326m    -3.781    0.0014      He 1                2829.08A    -3.010    0.0084      C  3                483.700A    -3.228    0.0051
H  1                9.11514m    -3.395    0.0035      He 1                2760.44A    -3.646    0.0019      C  3                476.000A    -3.064    0.0074
H  1                9.11514m    -3.008    0.0085      He 1                2721.00A    -3.775    0.0014      C  3                459.600A    -2.177    0.0575
H  1                9.11514m    -2.961    0.0094      He 1                2694.61A    -3.896    0.0011      C  3                450.700A    -3.350    0.0039
H  1                9.11514m    -3.062    0.0075      He 1                2.05813m    -2.826    0.0129      C  3                433.300A    -3.392    0.0035
H  1                9.11514m    -3.254    0.0048      He 1                5015.68A    -2.636    0.0199      C  3                411.700A    -2.200    0.0545
H  1                9.11514m    -3.511    0.0027      He 1                3964.73A    -3.034    0.0080      C  3                398.400A    -2.384    0.0357
H  1                9.11514m    -3.833    0.0013      He 1                3613.64A    -3.348    0.0039      C  3                371.700A    -3.054    0.0076
H  1                11.0293m    -2.476    0.0289      He 1                3447.59A    -3.612    0.0021      N  2                1085.10A    -2.969    0.0093
H  1                13.1258m    -2.588    0.0223      He 1                7065.71A    -3.216    0.0052      N  2                916.300A    -3.385    0.0036
H  1                15.4046m    -2.692    0.0176      He 1                7065.21A    -2.739    0.0157      N  2                646.400A    -3.029    0.0081
H  1                17.8657m    -2.788    0.0141      He 1                7065.18A    -2.517    0.0262      N  3                2064.30A    -3.565    0.0024
H  1                20.5091m    -2.877    0.0115      Blnd                7065.25A    -2.262    0.0472      N  3                991.000A    -2.362    0.0375
H  1                23.3348m    -2.961    0.0095      He 1                5875.98A    -2.921    0.0104      N  3                782.900A    -3.331    0.0040
H  1                26.3428m    -3.039    0.0079      He 1                5875.64A    -2.444    0.0311      N  3                764.000A    -2.896    0.0110
H  1                29.5331m    -3.113    0.0067      He 1                5875.61A    -2.222    0.0518      N  3                685.700A    -3.141    0.0062
H  1                32.9057m    -3.184    0.0057      Blnd                5875.66A    -1.967    0.0932      N  3                472.300A    -3.441    0.0031
H  1                36.4606m    -3.250    0.0049      He 1                4713.16A    -3.732    0.0016      N  3                418.800A    -2.867    0.0117
H  1                40.1978m    -3.314    0.0042      He 1                4713.14A    -3.510    0.0027      N  3                411.300A    -3.422    0.0033
H  1                44.1173m    -3.374    0.0037      Blnd                4713.17A    -3.255    0.0048      N  3                391.300A    -3.256    0.0048
H  1                48.2191m    -3.432    0.0032      He 1                4471.69A    -3.356    0.0038      N  3                387.400A    -2.794    0.0139
H  1                52.5033m    -3.487    0.0028      He 1                4471.49A    -2.879    0.0114      N  3                374.400A    -2.951    0.0097
H  1                56.9697m    -2.320    0.0414      He 1                4471.47A    -2.657    0.0190      N  3                348.700A    -2.205    0.0538
He 2                227.838A    -0.261    4.7362      Blnd                4471.50A    -2.402    0.0343      N  3                340.200A    -2.537    0.0250
He 2                911.351A    -1.605    0.2143      Blnd                4120.84A    -3.738    0.0016      N  3                323.300A    -3.173    0.0058
He 2                911.351A    -1.195    0.5510      He 1                4026.36A    -3.678    0.0018      N  3                311.600A    -3.379    0.0036
He 2                2049.91A    -2.249    0.0486      He 1                4026.20A    -3.201    0.0054      N  4                225.300A    -3.934    0.0010
He 2                2049.91A    -1.786    0.1414      He 1                4026.19A    -2.979    0.0091      O  2                386.300A    -2.216    0.0525
He 2                2049.91A    -1.781    0.1428      Blnd                4026.21A    -2.724    0.0163      O  2                385.700A    -2.392    0.0350
He 2                3644.44A    -2.789    0.0140      He 1                3819.61A    -3.463    0.0030      O  3                1947.20A    -3.794    0.0014
He 2                3644.44A    -2.316    0.0417      He 1                3819.60A    -3.241    0.0050      O  3                834.500A    -2.092    0.0698
He 2                3644.44A    -2.197    0.0549      Blnd                3819.62A    -2.986    0.0089      O  3                703.400A    -2.440    0.0313
He 2                3644.44A    -2.414    0.0333      He 1                3704.90A    -3.884    0.0011      O  3                599.600A    -2.954    0.0096
He 2                5694.49A    -3.191    0.0056      He 1                3704.76A    -3.406    0.0034      O  3                541.600A    -2.869    0.0117
He 2                5694.49A    -2.717    0.0166      He 1                3704.75A    -3.185    0.0056      O  3                374.100A    -2.555    0.0241
He 2                5694.49A    -2.561    0.0237      Blnd                3704.77A    -2.929    0.0102      O  3                320.700A    -2.555    0.0240
He 2                5694.49A    -2.625    0.0205      He 1                3634.08A    -3.572    0.0023      O  3                300.500A    -1.918    0.1042
He 2                5694.49A    -3.002    0.0086      He 1                3634.07A    -3.350    0.0039      O  3                299.300A    -2.327    0.0407
He 2                8200.12A    -3.508    0.0027      Blnd                3634.09A    -3.095    0.0069      O  4                844.400A    -3.808    0.0013
He 2                8200.12A    -3.035    0.0080      He 1                3587.16A    -3.717    0.0017      O  4                789.400A    -2.524    0.0259
He 2                8200.12A    -2.865    0.0118      He 1                3587.15A    -3.495    0.0028      O  4                779.900A    -3.101    0.0068
He 2                8200.12A    -2.869    0.0117      Blnd                3587.17A    -3.240    0.0050      O  4                617.000A    -3.627    0.0020
He 2                8200.12A    -3.067    0.0074      He 1                3554.34A    -3.847    0.0012      O  4                609.400A    -3.474    0.0029
He 2                8200.12A    -3.565    0.0024      He 1                3554.33A    -3.625    0.0020      O  4                554.400A    -3.068    0.0074
He 2                1.11613m    -3.768    0.0015      Blnd                3554.35A    -3.370    0.0037      O  4                379.800A    -3.903    0.0011
He 2                1.11613m    -3.296    0.0044      He 1                3530.43A    -3.743    0.0016      O  4                288.500A    -3.647    0.0019
He 2                1.11613m    -3.119    0.0066      Blnd                3530.44A    -3.488    0.0028      O  4                285.800A    -3.863    0.0012
He 2                1.11613m    -3.095    0.0069      He 1                3512.46A    -3.850    0.0012      O  4                276.100A    -3.802    0.0014
He 2                1.11613m    -3.217    0.0052      Blnd                3512.48A    -3.595    0.0022      O  4                273.500A    -3.865    0.0012
He 2                1.11613m    -3.518    0.0026      Blnd                3498.62A    -3.694    0.0017      O  4                267.000A    -3.734    0.0016
He 2                1.45781m    -3.515    0.0026      Blnd                3487.70A    -3.785    0.0014      O  4                265.500A    -2.760    0.0150
He 2                1.45781m    -3.336    0.0040      Blnd                3478.95A    -3.869    0.0012      O  4                260.500A    -3.092    0.0070
He 2                1.45781m    -3.296    0.0044      He 1                3439.98A    -3.785    0.0014      O  4                258.600A    -3.731    0.0016
He 2                1.45781m    -3.379    0.0036      Blnd                3440.00A    -3.530    0.0025      O  4                252.500A    -3.723    0.0016
He 2                1.45781m    -3.593    0.0022      He 1                7281.35A    -3.178    0.0057      O  4                250.300A    -3.726    0.0016
He 2                1.84504m    -3.704    0.0017      He 1                6678.15A    -2.550    0.0244      O  4                238.500A    -3.649    0.0019
He 2                1.84504m    -3.523    0.0026      He 1                5047.74A    -3.779    0.0014      O  4                224.100A    -3.120    0.0065
He 2                1.84504m    -3.475    0.0029      He 1                4921.93A    -2.982    0.0090      O  4                216.200A    -3.865    0.0012
He 2                1.84504m    -3.535    0.0025      He 1                4387.93A    -3.302    0.0043      O  4                213.000A    -3.473    0.0029
He 2                1.84504m    -3.700    0.0017      He 1                4143.76A    -3.560    0.0024      O  4                211.300A    -3.486    0.0028
He 2                2.27783m    -3.869    0.0012      He 1                4009.05A    -3.566    0.0023      O  4                207.200A    -3.408    0.0034
He 2                2.27783m    -3.688    0.0018      He 1                3926.41A    -3.734    0.0016      O  4                203.000A    -3.794    0.0014
He 2                2.27783m    -3.634    0.0020      He 1                3871.69A    -3.880    0.0011      O  4                200.800A    -2.444    0.0310
He 2                2.27783m    -3.680    0.0018      He 1                4.29471m    -3.321    0.0041      O  4                196.400A    -2.804    0.0136
He 2                2.27783m    -3.816    0.0013      He 1                1.25275m    -3.589    0.0022      O  4                188.200A    -3.802    0.0014
He 2                2.75620m    -3.071    0.0073      He 1                9463.58A    -3.807    0.0013      O  4                182.800A    -3.646    0.0020
He 2                3.28011m    -3.183    0.0057      He 1                1.70025m    -3.552    0.0024      O  4                171.100A    -3.833    0.0013
He 2                3.84958m    -3.286    0.0045      He 1                1.19691m    -3.720    0.0016      O  4                158.600A    -2.795    0.0138
He 2                4.46460m    -3.381    0.0036      He 1                1.03113m    -3.926    0.0010      level2 lines....................................
He 2                5.12518m    -3.470    0.0029      He 1                9515.00A    -3.816    0.0013      C  2                596.559A    -3.512    0.0027
He 2                5.83131m    -3.554    0.0024      He 1                1.95431m    -3.823    0.0013      C  2                561.959A    -3.553    0.0024
He 2                6.58301m    -3.632    0.0020      He 1                1.86854m    -2.945    0.0098      C  2                530.721A    -3.575    0.0023
He 2                7.38026m    -3.706    0.0017      He 1                1.27849m    -3.278    0.0046      C  2                544.909A    -3.588    0.0022
He 2                8.22307m    -3.776    0.0014      He 1                1.09130m    -3.549    0.0024      C  2                535.300A    -3.600    0.0022
He 2                9.11143m    -3.842    0.0012      He 1                1.00275m    -3.746    0.0016      C  2                550.361A    -3.665    0.0019
He 2                10.0454m    -3.905    0.0011      He 1                9526.01A    -3.920    0.0010      C  2                467.460A    -3.728    0.0016
He 2                14.2366m    -2.869    0.0117      He 1                1.86972m    -3.430    0.0032      C  2                637.979A    -3.911    0.0011
He 1                504.259A    -0.571    2.3211      He 1                1.27905m    -3.760    0.0015      C  2                424.791A    -3.820    0.0013
He 1                2599.69A    -2.017    0.0831      He 1                4.04791m    -3.670    0.0018      C  2                439.850A    -3.901    0.0011
He 1                3120.85A    -2.529    0.0255      Ca B                2945.10A    -2.733    0.0160      C  3                271.090A    -3.439    0.0031
He 1                3421.00A    -2.526    0.0257      Ca B                3187.74A    -2.407    0.0339      C  3                268.600A    -3.461    0.0030
He 1                3420.88A    -2.049    0.0771      Ca B                3613.64A    -3.320    0.0041      C  3                266.880A    -3.485    0.0028
He 1                3420.88A    -1.827    0.1285      Ca B                3888.64A    -1.990    0.0883      C  3                288.500A    -3.491    0.0028
He 1                3678.70A    -2.248    0.0487      Ca B                3964.73A    -3.012    0.0084      C  4                223.140A    -3.505    0.0027
He 1                6632.16A    -2.917    0.0105      Ca B                4026.20A    -2.712    0.0168      C  4                212.750A    -3.699    0.0017
He 1                7435.20A    -3.341    0.0039      Ca B                4120.82A    -3.729    0.0016      C  4                206.950A    -3.812    0.0013
He 1                7843.40A    -2.300    0.0433      Ca B                4387.93A    -3.284    0.0045      C  4                203.370A    -3.919    0.0010
He 1                8188.35A    -2.531    0.0254      Ca B                4471.49A    -2.385    0.0356      N  1                942.258A    -3.709    0.0017
He 1                8190.64A    -3.020    0.0082      Ca B                4713.16A    -3.301    0.0043      N  2                532.161A    -3.581    0.0023
He 1                8261.30A    -2.915    0.0105      Ca B                4921.93A    -2.951    0.0097      N  2                634.441A    -3.665    0.0019
He 1                1.24770m    -3.464    0.0030      Ca B                5015.68A    -2.606    0.0214      N  2                475.141A    -3.648    0.0019
He 1                1.35640m    -3.854    0.0012      Ca B                5047.74A    -3.742    0.0016      N  2                528.139A    -3.699    0.0017
He 1                1.40933m    -2.795    0.0138      Ca B                5875.64A    -1.925    0.1027      N  2                452.970A    -3.747    0.0015
He 1                1.45602m    -2.899    0.0109      Ca B                6678.15A    -2.474    0.0290      N  2                441.950A    -3.791    0.0014
He 1                1.45643m    -3.391    0.0035      Ca B                7065.21A    -2.531    0.0254      N  2                474.291A    -3.786    0.0014
He 1                1.45759m    -3.264    0.0047      Ca B                7281.35A    -3.146    0.0062      N  2                437.731A    -3.823    0.0013
He 1                1.45759m    -3.741    0.0016      Ca B                1.08302m    -1.175    0.5772      N  2                452.610A    -3.932    0.0010
He 1                1.46631m    -3.383    0.0036      Ca B                1.19691m    -3.708    0.0017      N  3                293.510A    -3.441    0.0031
He 1                2.01409m    -3.851    0.0012      Ca B                1.25275m    -3.901    0.0011      N  3                283.090A    -3.478    0.0029
He 1                2.21671m    -3.160    0.0060      Ca B                1.27849m    -3.207    0.0054      N  3                264.550A    -3.496    0.0028
He 1                2.27546m    -3.221    0.0052      Ca B                1.27905m    -3.674    0.0018      N  3                277.180A    -3.508    0.0027
He 1                2.27605m    -3.714    0.0017      Ca B                1.70025m    -3.536    0.0025      N  3                312.110A    -3.508    0.0027
He 1                2.27752m    -3.441    0.0031      Ca B                1.86854m    -2.832    0.0127      N  3                273.490A    -3.538    0.0025
He 1                2.27752m    -3.919    0.0010      Ca B                1.86972m    -3.286    0.0045      N  3                267.450A    -3.561    0.0024
He 1                2.28865m    -3.734    0.0016      Ca B                2.05813m    -2.452    0.0305      N  3                248.910A    -3.583    0.0023
He 1                3.20639m    -3.444    0.0031      Pho+                3889.00A    -1.410    0.3362      N  3                271.020A    -3.569    0.0023
He 1                3.27716m    -3.487    0.0028      extra Lyman.....................................      N  3                305.650A    -3.577    0.0023
He 1                3.27969m    -3.656    0.0019      database lines..................................      N  3                269.290A    -3.593    0.0022
He 1                4.46460m    -3.048    0.0077      Al 3                1862.79A    -2.969    0.0093      N  3                300.710A    -3.600    0.0022
He 1                5.83132m    -3.219    0.0052      Al 3                1854.72A    -2.706    0.0170      N  3                238.620A    -3.713    0.0017
He 1                7.38026m    -3.371    0.0037      Al 6                3.65932m    -3.446    0.0031      N  3                234.300A    -3.741    0.0016
He 1                9.11143m    -3.506    0.0027      Ar 2                6.98337m    -3.177    0.0057      N  3                286.900A    -3.722    0.0016
He 1                11.0248m    -3.629    0.0020      Ar 3                3109.18A    -3.231    0.0051      N  3                231.470A    -3.823    0.0013
He 1                13.1205m    -3.742    0.0016      Ar 3                5191.82A    -3.566    0.0023      N  3                279.440A    -3.806    0.0014
He 1                15.3983m    -3.845    0.0012      Ar 3                7135.79A    -1.575    0.2300      N  3                229.580A    -3.907    0.0011
He 1                61.5933m    -3.507    0.0027      Ar 3                7751.11A    -2.199    0.0546      N  3                274.950A    -3.880    0.0011
C  2                508.483A    -2.629    0.0203      Ar 3                8.98898m    -1.683    0.1793      N  4                197.610A    -3.668    0.0019
C  3                258.906A    -3.352    0.0038      Ar 3                21.8253m    -2.863    0.0118      N  4                182.190A    -3.860    0.0012
C  4                192.243A    -3.879    0.0011      Ar 4                2853.66A    -3.329    0.0040      O  1                976.791A    -3.556    0.0024
N  2                418.848A    -3.402    0.0034      Ar 4                2868.22A    -3.675    0.0018      O  1                969.049A    -3.583    0.0023
N  3                261.320A    -3.171    0.0058      Ar 4                4711.26A    -2.379    0.0361      O  1                946.387A    -3.627    0.0020
O  2                353.019A    -1.266    0.4680      Ar 4                4740.12A    -2.510    0.0267      O  1                934.501A    -3.662    0.0019
O  3                225.690A    -2.771    0.0146      Ar 5                7005.83A    -3.660    0.0019      O  1                973.577A    -3.678    0.0018
O  4                160.158A    -3.321    0.0041      Ar 5                7.89971m    -3.031    0.0080      O  1                927.472A    -3.696    0.0017
Ne 2                302.674A    -2.571    0.0232      Ar 5                13.0985m    -2.849    0.0122      O  1                948.506A    -3.737    0.0016
Ne 3                195.487A    -2.956    0.0096      Ar 6                4.52800m    -3.835    0.0013      O  1                922.969A    -3.734    0.0016
S  2                531.257A    -3.657    0.0019      C  2                687.053A    -3.576    0.0023      O  1                919.912A    -3.770    0.0015
Fe 3                404.498A    -3.431    0.0032      C  2                687.352A    -3.818    0.0013      O  1                935.672A    -3.799    0.0014
Fe 4                225.785A    -2.606    0.0214      C  2                858.092A    -3.761    0.0015      O  1                917.726A    -3.810    0.0013
grains..........................................      C  2                858.559A    -3.645    0.0020      O  1                918.704A    -3.842    0.0012
H-like iso-sequence.............................      C  2                903.623A    -3.438    0.0032      O  1                928.186A    -3.865    0.0012
H  1 Cool           1215.67A    -0.827    1.2869      C  2                903.962A    -3.400    0.0034      O  1                917.473A    -3.886    0.0011
Crst                960.000A    -0.996    0.8710      C  2                904.142A    -3.328    0.0041      O  2                425.190A    -3.425    0.0032
LA X                1215.67A    -3.227    0.0051      C  2                904.480A    -3.430    0.0032      O  2                388.410A    -3.482    0.0028
CION                      0     -2.848    0.0123      C  2                1036.34A    -3.405    0.0034      O  2                373.600A    -3.521    0.0026
Ca B                1215.67A     0.597   34.1127      C  2                1037.02A    -3.348    0.0039      O  2                361.821A    -3.536    0.0025
Q(H)                4861.32A    -0.958    0.9520      C  2                1334.53A    -3.243    0.0049      O  2                366.060A    -3.548    0.0024
Q(H)                1215.67A     0.579   32.7532      C  2                1335.66A    -3.247    0.0049      O  2                360.570A    -3.603    0.0022
CaBo                4861.32A    -0.940    0.9925      C  2                1335.71A    -2.936    0.0100      O  2                414.619A    -3.679    0.0018
CaBo                1640.00A    -0.832    1.2720      C  2                2323.50A    -2.997    0.0087      O  2                358.780A    -3.695    0.0017
CaBo                4685.64A    -1.662    0.1879      C  2                2324.69A    -2.779    0.0144      O  2                356.930A    -3.696    0.0017
Ca A                1215.67A     0.432   23.3310      C  2                2325.40A    -1.972    0.0921      O  2                355.610A    -3.724    0.0016
Ca A                1025.72A    -0.238    4.9871      C  2                2326.93A    -2.215    0.0526      O  2                384.420A    -3.850    0.0012
Ca A                972.537A    -0.648    1.9408      C  2                2328.12A    -2.726    0.0162      O  3                305.400A    -2.841    0.0124
Ca A                949.743A    -0.952    0.9647      C  2                157.636m    -3.492    0.0028      O  3                268.070A    -3.247    0.0049
Ca A                937.803A    -1.194    0.5519      C  3                1908.73A    -1.297    0.4360      O  3                263.850A    -3.271    0.0046
Ca A                930.748A    -1.397    0.3463      C  3                1906.68A    -1.133    0.6351      O  3                373.640A    -3.298    0.0044
Ca A                926.226A    -1.571    0.2319      C  3                977.020A    -2.389    0.0353      O  3                265.020A    -3.289    0.0044
Ca A                923.150A    -1.723    0.1632      C  3                386.203A    -3.611    0.0021      O  3                248.730A    -3.340    0.0039
Ca A                920.963A    -1.859    0.1194      C  3                884.524A    -3.645    0.0020      O  3                241.200A    -3.385    0.0036
Ca A                919.351A    -1.981    0.0902      Ca 3                409.953A    -3.888    0.0011      O  3                248.620A    -3.410    0.0034
Ca A                918.129A    -2.091    0.0700      Ca 4                669.696A    -3.791    0.0014      O  3                236.890A    -3.420    0.0033
Ca A                917.181A    -2.191    0.0556      Ca 4                3.20610m    -2.035    0.0796      O  3                234.190A    -3.442    0.0031
Ca A                916.429A    -2.282    0.0451      Co 2                1.01879m    -3.872    0.0012      O  3                276.900A    -3.421    0.0033
Ca A                915.824A    -2.364    0.0373      Cr 2                8000.08A    -3.914    0.0011      O  3                241.140A    -3.442    0.0031
Ca A                915.329A    -2.439    0.0314      Cr 5                594.921A    -3.641    0.0020      O  3                280.450A    -3.445    0.0031
Ca A                914.919A    -2.508    0.0268      Fe 2                25.9813m    -2.216    0.0526      O  3                263.230A    -3.447    0.0031
Ca A                914.576A    -2.570    0.0233      Fe 2                5.33871m    -1.802    0.1361      O  3                232.380A    -3.457    0.0030
Ca A                914.286A    -2.626    0.0204      Fe 2                4.11387m    -3.714    0.0017      O  3                236.860A    -3.471    0.0029
Ca A                914.039A    -2.677    0.0182      Fe 2                1.25668m    -2.855    0.0121      O  3                231.110A    -3.473    0.0029
Ca A                913.826A    -2.722    0.0164      Fe 2                4632.28A    -3.676    0.0018      O  3                255.390A    -3.477    0.0029
Ca A                913.641A    -2.764    0.0149      Fe 2                4416.27A    -3.597    0.0022      O  3                232.350A    -3.488    0.0028
Ca A                913.480A    -2.802    0.0136      Fe 2                4287.39A    -2.810    0.0134      O  3                234.180A    -3.496    0.0028
Ca A                913.339A    -2.836    0.0126      Fe 2                2599.40A    -3.325    0.0041      O  3                230.150A    -3.576    0.0023
Ca A                6562.80A    -0.672    1.8357      Fe 2                2382.04A    -2.418    0.0330      O  3                231.100A    -3.526    0.0026
Ca A                4861.32A    -1.117    0.6589      Fe 2                35.3391m    -2.842    0.0124      O  3                244.650A    -3.526    0.0026
Ca A                4340.46A    -1.440    0.3132      Fe 2                6.71944m    -2.942    0.0099      O  3                238.930A    -3.564    0.0024
Ca A                4101.73A    -1.694    0.1749      Fe 2                4.88781m    -3.378    0.0036      O  3                233.340A    -3.576    0.0023
Ca A                3970.07A    -1.902    0.1082      Fe 2                1.32055m    -3.352    0.0038      O  3                235.520A    -3.594    0.0022
Ca A                3889.05A    -2.080    0.0718      Fe 2                7637.52A    -3.343    0.0039      O  3                232.490A    -3.674    0.0018
Ca A                3835.38A    -2.236    0.0502      Fe 2                4889.62A    -3.523    0.0026      O  3                235.000A    -3.705    0.0017
Ca A                3797.90A    -2.374    0.0365      Fe 2                4457.95A    -3.884    0.0011      O  4                239.130A    -3.007    0.0085
Ca A                3770.63A    -2.498    0.0274      Fe 2                4359.33A    -2.941    0.0099      O  4                207.610A    -3.441    0.0031
Ca A                3750.15A    -2.611    0.0211      Fe 2                2625.67A    -2.117    0.0660      O  4                196.560A    -3.499    0.0027
Ca A                3734.37A    -2.715    0.0166      Fe 2                2611.87A    -2.974    0.0092      O  4                214.760A    -3.445    0.0031
Ca A                3721.94A    -2.811    0.0133      Fe 2                2598.37A    -3.697    0.0017      O  4                181.780A    -3.626    0.0020
Ca A                3711.97A    -2.901    0.0109      Fe 2                2395.63A    -2.953    0.0096      O  4                280.550A    -3.400    0.0034
Ca A                3703.85A    -2.983    0.0090      Fe 2                2388.63A    -3.644    0.0020      O  4                174.710A    -3.703    0.0017
Ca A                3697.15A    -3.061    0.0075      Fe 2                2364.83A    -3.270    0.0046      O  4                203.010A    -3.597    0.0022
Ca A                3691.55A    -3.133    0.0064      Fe 2                51.2868m    -3.449    0.0031      O  4                174.310A    -3.741    0.0016
Ca A                3686.83A    -3.201    0.0054      Fe 2                4.60641m    -3.924    0.0010      O  4                182.700A    -3.721    0.0016
Ca A                3682.81A    -3.265    0.0047      Fe 2                1.37181m    -3.595    0.0022      O  4                181.770A    -3.733    0.0016
Ca A                3679.35A    -3.324    0.0041      Fe 2                1.29427m    -3.857    0.0012      O  4                170.710A    -3.819    0.0013
Ca A                3676.36A    -3.380    0.0036      Fe 2                7686.93A    -3.493    0.0028      O  4                159.680A    -3.887    0.0011
Ca A                3673.76A    -3.432    0.0032      Fe 2                4413.78A    -3.092    0.0070      O  4                168.240A    -3.865    0.0012
Ca A                3671.48A    -3.481    0.0029      Fe 2                2631.32A    -2.731    0.0160      O  4                180.320A    -3.841    0.0012
Ca A                1.87510m    -1.472    0.2910      Fe 2                2617.62A    -3.544    0.0025      O  4                186.020A    -3.843    0.0012
Ca A                1.28181m    -1.793    0.1392      Fe 2                2607.09A    -3.585    0.0022      O  4                206.560A    -3.915    0.0010
Ca A                1.09381m    -2.051    0.0768      Fe 2                2404.89A    -3.416    0.0033      Ne 2                444.150A    -3.715    0.0017
Ca A                1.00494m    -2.264    0.0470      Fe 2                2399.24A    -3.786    0.0014      Ne 2                356.870A    -3.694    0.0017
Ca A                9545.97A    -2.445    0.0310      Fe 2                2380.76A    -2.934    0.0101      Ne 2                461.050A    -3.757    0.0015
Ca A                9229.02A    -2.603    0.0215      Fe 2                2348.30A    -3.826    0.0013      Ne 2                404.130A    -3.772    0.0015
Ca A                9014.91A    -2.743    0.0156      Fe 2                4452.10A    -3.284    0.0045      Ne 2                327.700A    -3.817    0.0013
Ca A                8862.79A    -2.869    0.0117      Fe 2                2631.05A    -3.538    0.0025      Ne 2                331.200A    -3.817    0.0013
Ca A                8750.48A    -2.983    0.0090      Fe 2                2613.82A    -3.806    0.0014      Ne 2                327.139A    -3.832    0.0013
Ca A                8665.02A    -3.088    0.0070      Fe 2                2410.52A    -3.830    0.0013      Ne 2                355.969A    -3.829    0.0013
Ca A                8598.40A    -3.185    0.0056      Fe 2                2406.66A    -3.864    0.0012      Ne 2                320.500A    -3.891    0.0011
Ca A                8545.39A    -3.276    0.0046      Fe 2                4474.90A    -3.597    0.0022      Ne 2                327.160A    -3.920    0.0010
Ca A                8502.49A    -3.360    0.0038      Fe 2                2628.29A    -3.818    0.0013      Ne 3                250.920A    -3.354    0.0038
Ca A                8467.26A    -3.439    0.0031      Fe 2                17.9311m    -2.340    0.0395      Ne 3                227.420A    -3.351    0.0038
Ca A                8437.96A    -3.513    0.0026      Fe 2                1.64355m    -1.677    0.1815      Ne 3                218.360A    -3.633    0.0020
Ca A                8413.32A    -3.584    0.0023      Fe 2                1.53348m    -2.488    0.0280      Ne 3                223.310A    -3.575    0.0023
Ca A                8392.40A    -3.650    0.0019      Fe 2                8616.95A    -2.754    0.0152      Ne 3                228.870A    -3.460    0.0030
Ca A                8374.48A    -3.712    0.0017      Fe 2                7155.17A    -2.353    0.0383      Ne 3                281.580A    -3.463    0.0030
Ca A                8359.01A    -3.772    0.0015      Fe 2                5273.36A    -3.037    0.0079      Ne 3                204.530A    -3.787    0.0014
Ca A                8345.56A    -3.828    0.0013      Fe 2                5158.79A    -2.389    0.0353      Ne 3                227.190A    -3.426    0.0032
Ca A                8333.79A    -3.881    0.0011      Fe 2                5111.64A    -3.332    0.0040      Ne 3                212.550A    -3.766    0.0015
Ca A                4.05115m    -2.078    0.0721      Fe 2                5072.41A    -3.096    0.0069      Ne 3                265.510A    -3.494    0.0028
Ca A                2.62515m    -2.324    0.0410      Fe 2                4814.54A    -3.339    0.0040      Ne 3                218.030A    -3.740    0.0016
Ca A                2.16553m    -2.538    0.0250      Fe 2                4774.73A    -3.798    0.0014      Ne 3                205.100A    -3.857    0.0012
Ca A                1.94456m    -2.721    0.0164      Fe 2                4243.97A    -2.744    0.0156      Ne 3                217.120A    -3.791    0.0014
Ca A                1.81741m    -2.880    0.0114      Fe 2                4177.20A    -3.818    0.0013      Ne 3                196.550A    -3.921    0.0010
Ca A                1.73621m    -3.022    0.0082      Fe 2                3376.20A    -3.492    0.0028      Ne 3                195.480A    -3.923    0.0010
Ca A                1.68065m    -3.149    0.0061      Fe 2                2732.45A    -3.870    0.0012      Ne 3                203.960A    -3.924    0.0010
Ca A                1.64072m    -3.264    0.0047      Fe 2                2493.30A    -2.656    0.0191      Ne 3                204.480A    -3.927    0.0010
Ca A                1.61093m    -3.370    0.0037      Fe 2                24.5126m    -2.965    0.0094      Ne 3                238.070A    -3.587    0.0022
Ca A                1.58805m    -3.468    0.0029      Fe 2                1.80940m    -2.278    0.0455      Ne 4                171.550A    -3.560    0.0024
Ca A                1.57007m    -3.559    0.0024      Fe 2                1.67688m    -2.914    0.0105      Ne 4                148.550A    -3.821    0.0013
Ca A                1.55565m    -3.644    0.0020      Fe 2                1.59948m    -2.894    0.0110      Ne 4                207.180A    -3.624    0.0021
Ca A                1.54389m    -3.724    0.0016      Fe 2                9051.95A    -2.595    0.0219      Ne 4                159.100A    -3.869    0.0012
Ca A                1.53418m    -3.800    0.0014      Fe 2                8891.93A    -3.092    0.0070      Ne 5                143.350A    -3.914    0.0011
Ca A                1.52605m    -3.871    0.0012      Fe 2                7452.56A    -2.845    0.0123      Mg 3                183.540A    -3.712    0.0017
Ca A                7.45782m    -2.573    0.0231      Fe 2                7172.00A    -3.105    0.0068      Mg 3                168.540A    -3.894    0.0011
Ca A                4.65251m    -2.766    0.0148      Fe 2                5527.36A    -3.198    0.0055      Mg 4                147.190A    -3.887    0.0011
Ca A                3.73954m    -2.947    0.0098      Fe 2                5433.15A    -3.551    0.0024      Si 2                1179.59A    -3.094    0.0070
Ca A                3.29609m    -3.107    0.0068      Fe 2                5261.63A    -2.805    0.0135      Si 2                993.354A    -3.595    0.0022
Ca A                3.03837m    -3.249    0.0049      Fe 2                5184.80A    -3.928    0.0010      Si 2                893.551A    -3.704    0.0017
Ca A                2.87221m    -3.377    0.0036      Fe 2                5158.01A    -3.853    0.0012      Si 2                1024.03A    -3.782    0.0014
Ca A                2.75752m    -3.493    0.0028      Fe 2                4947.39A    -3.283    0.0045      Si 2                903.081A    -3.912    0.0011
Ca A                2.67440m    -3.600    0.0022      Fe 2                4905.35A    -3.653    0.0019      Si 3                564.611A    -3.768    0.0015
Ca A                2.61194m    -3.698    0.0017      Fe 2                4874.50A    -3.725    0.0016      Si 3                464.939A    -3.744    0.0016
Ca A                2.56363m    -3.790    0.0014      Fe 2                4346.86A    -3.372    0.0037      Si 3                435.840A    -3.865    0.0012
Ca A                2.52540m    -3.875    0.0012      Fe 2                4276.84A    -3.279    0.0045      Si 4                329.800A    -3.773    0.0015
Ca A                12.3685m    -2.991    0.0088      Fe 2                35.7675m    -3.710    0.0017      Si 4                312.700A    -3.851    0.0012
Ca A                7.50045m    -3.147    0.0061      Fe 2                1.95361m    -3.189    0.0056      S  2                750.323A    -3.667    0.0019
Ca A                5.90660m    -3.302    0.0043      Fe 2                1.80002m    -2.929    0.0102      S  2                632.711A    -3.839    0.0013
Ca A                5.12726m    -3.443    0.0031      Fe 2                1.71113m    -3.572    0.0023      S  2                888.439A    -3.735    0.0016
Ca A                4.67124m    -3.571    0.0023      Fe 2                1.66377m    -3.190    0.0056      S  3                667.049A    -3.283    0.0045
Ca A                4.37526m    -3.687    0.0018      Fe 2                9399.04A    -3.017    0.0083      S  3                691.219A    -3.414    0.0033
Ca A                4.16966m    -3.794    0.0014      Fe 2                9226.63A    -3.035    0.0080      S  3                704.220A    -3.462    0.0030
Ca A                4.01977m    -3.893    0.0011      Fe 2                9033.49A    -3.676    0.0018      S  3                671.510A    -3.750    0.0015
Ca A                19.0567m    -3.354    0.0038      Fe 2                7388.17A    -3.225    0.0051      S  3                482.139A    -3.685    0.0018
Ca A                11.3056m    -3.482    0.0028      Fe 2                6440.41A    -3.861    0.0012      S  3                474.260A    -3.750    0.0015
Ca A                8.75768m    -3.617    0.0021      Fe 2                5333.66A    -3.111    0.0067      S  3                480.121A    -3.785    0.0014
Ca A                7.50606m    -3.742    0.0016      Fe 2                5049.30A    -3.456    0.0030      S  3                420.730A    -3.846    0.0012
Ca A                6.77015m    -3.858    0.0012      Fe 2                5005.52A    -3.529    0.0026      S  3                424.450A    -3.899    0.0011
Ca A                27.7958m    -3.675    0.0018      Fe 2                4973.40A    -3.826    0.0013      S  4                330.110A    -3.797    0.0014
Ca A                16.2047m    -3.781    0.0014      Fe 2                4352.79A    -3.595    0.0022      S  4                370.000A    -3.813    0.0013
Ca A                12.3838m    -3.899    0.0011      Fe 2                4319.62A    -3.758    0.0015      S  4                341.260A    -3.828    0.0013
Ca B                6562.80A    -0.485    2.8243      Fe 2                1.89541m    -3.665    0.0019      S  4                295.300A    -3.920    0.0010
Ca B                4861.32A    -0.939    0.9939      Fe 2                1.79711m    -3.225    0.0051      S  4                321.910A    -3.898    0.0011
Ca B                4340.46A    -1.267    0.4667      Fe 2                1.74494m    -3.512    0.0027      Ar 3                458.140A    -3.292    0.0044
Ca B                4101.73A    -1.524    0.2583      Fe 2                9652.70A    -3.866    0.0012      Ar 3                464.671A    -3.425    0.0032
Ca B                3970.07A    -1.736    0.1587      Fe 2                9470.94A    -3.426    0.0032      Ar 3                451.091A    -3.644    0.0020
Ca B                3889.05A    -1.916    0.1048      Fe 2                9267.56A    -3.373    0.0037      Ar 3                472.659A    -3.616    0.0021
Ca B                3835.38A    -2.073    0.0730      Fe 2                5376.47A    -3.438    0.0031      Ar 3                488.909A    -3.730    0.0016
Ca B                3797.90A    -2.213    0.0529      Fe 2                2755.74A    -3.115    0.0066      Ar 3                388.490A    -3.749    0.0015
Ca B                3770.63A    -2.338    0.0397      Fe 2                2739.55A    -3.289    0.0044      Ar 3                527.451A    -3.762    0.0015
Ca B                3750.15A    -2.452    0.0305      Fe 2                2772.73A    -3.334    0.0040      Ar 3                360.940A    -3.822    0.0013
Ca B                3734.37A    -2.556    0.0240      Fe 2                2.22379m    -3.330    0.0040      Ar 3                345.990A    -3.818    0.0013
Ca B                3721.94A    -2.651    0.0193      Fe 3                22.9190m    -1.853    0.1211      Ar 3                365.099A    -3.851    0.0012
Ca B                3711.97A    -2.739    0.0157      Fe 3                4985.87A    -2.856    0.0120      Ar 4                444.680A    -3.279    0.0045
Ca B                3703.85A    -2.821    0.0130      Fe 3                4924.54A    -3.211    0.0053      Ar 4                392.000A    -3.814    0.0013
Ca B                3697.15A    -2.897    0.0109      Fe 3                4881.00A    -2.161    0.0596      Ar 5                441.850A    -3.814    0.0013
Ca B                3691.55A    -2.968    0.0093      Fe 3                4658.05A    -1.726    0.1624      Ca 3                351.260A    -3.159    0.0060
Ca B                3686.83A    -3.034    0.0080      Fe 3                4607.03A    -2.985    0.0089      Ca 3                298.430A    -3.557    0.0024
Ca B                3682.81A    -3.096    0.0069      Fe 3                4070.71A    -3.890    0.0011      Ca 3                277.760A    -3.730    0.0016
Ca B                3679.35A    -3.154    0.0061      Fe 3                4008.35A    -2.845    0.0124      Ca 3                267.540A    -3.816    0.0013
Ca B                3676.36A    -3.208    0.0053      Fe 3                3322.54A    -2.623    0.0206      Ca 3                308.360A    -3.854    0.0012
Ca B                3673.76A    -3.259    0.0048      Fe 3                3239.74A    -2.687    0.0177      Ca 3                261.770A    -3.892    0.0011
Ca B                3671.48A    -3.307    0.0043      Fe 3                2438.29A    -3.016    0.0083      Ca 4                303.870A    -3.316    0.0042
Ca B                1.87510m    -1.421    0.3273      Fe 3                1576.66A    -3.553    0.0024      Ca 4                310.370A    -3.504    0.0027
Ca B                1.28181m    -1.733    0.1598      Fe 3                1434.81A    -3.909    0.0011      Ca 4                307.850A    -3.464    0.0030
Ca B                1.09381m    -1.988    0.0889      Fe 3                33.0270m    -2.407    0.0338      Ca 4                323.400A    -3.510    0.0027
Ca B                1.00494m    -2.199    0.0546      Fe 3                5270.40A    -2.010    0.0845      Ca 4                319.070A    -3.440    0.0031
Ca B                9545.97A    -2.379    0.0361      Fe 3                4987.21A    -2.902    0.0108      Ca 4                243.380A    -3.905    0.0011
Ca B                9229.02A    -2.537    0.0251      Fe 3                4754.69A    -2.452    0.0305      Ca 4                237.560A    -3.923    0.0010
Ca B                9014.91A    -2.676    0.0182      Fe 3                4701.54A    -2.273    0.0460      Ca 5                314.530A    -3.627    0.0020
Ca B                8862.79A    -2.802    0.0136      Fe 3                4667.01A    -3.286    0.0045      Ca 5                325.410A    -3.708    0.0017
Ca B                8750.48A    -2.916    0.0105      Fe 3                4079.70A    -3.403    0.0034      Fe 3                911.104A    -3.732    0.0016
Ca B                8665.02A    -3.021    0.0082      Fe 3                4046.42A    -3.806    0.0014      Fe 3                859.623A    -3.924    0.0010
Ca B                8598.40A    -3.117    0.0066      Fe 3                3371.41A    -2.757    0.0151      Fe 3                896.877A    -3.799    0.0014
Ca B                8545.39A    -3.206    0.0054      Fe 3                3301.56A    -3.818    0.0013      Fe 4                309.190A    -3.479    0.0029
Ca B                8502.49A    -3.289    0.0044      Fe 3                3286.19A    -3.203    0.0054      Fe 4                532.950A    -3.550    0.0024
Ca B                8467.26A    -3.367    0.0037      Fe 3                2464.51A    -3.159    0.0060      Fe 4                275.130A    -3.592    0.0022
Ca B                8437.96A    -3.439    0.0031      Fe 3                51.6655m    -3.081    0.0072      Fe 4                259.600A    -3.667    0.0019
Ca B                8413.32A    -3.507    0.0027      Fe 3                5011.26A    -2.649    0.0194      Fe 4                251.070A    -3.718    0.0017
Ca B                8392.40A    -3.571    0.0023      Fe 3                4769.43A    -2.740    0.0157      Fe 4                245.840A    -3.751    0.0015
Ca B                8374.48A    -3.630    0.0020      Fe 3                4733.91A    -2.745    0.0155      Fe 4                326.120A    -3.744    0.0016
Ca B                8359.01A    -3.687    0.0018      Fe 3                3406.18A    -3.120    0.0066      Fe 4                242.370A    -3.774    0.0015
Ca B                8345.56A    -3.740    0.0016      Fe 3                3334.90A    -3.197    0.0055      Fe 4                239.960A    -3.795    0.0014
Ca B                8333.79A    -3.790    0.0014      Fe 3                3319.22A    -3.370    0.0037      Fe 4                281.200A    -3.815    0.0013
Ca B                4.05115m    -2.053    0.0765      Fe 3                2483.05A    -3.328    0.0041      Fe 4                262.550A    -3.871    0.0012
Ca B                2.62515m    -2.293    0.0439      Fe 3                5411.98A    -3.066    0.0074      Fe 5                236.210A    -3.637    0.0020
Ca B                2.16553m    -2.504    0.0270      Fe 3                4930.54A    -3.289    0.0044      Fe 5                236.300A    -3.666    0.0019
Ca B                1.94456m    -2.686    0.0178      Fe 3                4777.68A    -3.065    0.0074      Fe 5                391.409A    -3.634    0.0020
Ca B                1.81741m    -2.845    0.0124      Fe 3                3428.79A    -3.779    0.0014      Fe 5                227.780A    -3.615    0.0021
Ca B                1.73621m    -2.985    0.0089      Fe 3                3356.57A    -3.277    0.0046      Fe 5                389.529A    -3.732    0.0016
Ca B                1.68065m    -3.112    0.0067      Fe 3                3355.48A    -3.526    0.0026      Fe 5                369.760A    -3.724    0.0016
Ca B                1.64072m    -3.227    0.0051      Fe 3                2495.04A    -3.567    0.0023      Fe 5                236.880A    -3.772    0.0015
Ca B                1.61093m    -3.332    0.0040      Fe 3                5084.77A    -3.424    0.0033      Fe 5                226.680A    -3.839    0.0013
Ca B                1.58805m    -3.429    0.0032      Fe 3                3366.21A    -3.589    0.0022      Fe 5                241.720A    -3.919    0.0010
Ca B                1.57007m    -3.519    0.0026      Fe 3                8838.21A    -3.919    0.0010      Fe 6                174.510A    -3.832    0.0013
Ca B                1.55565m    -3.603    0.0022      Fe 3                8728.94A    -3.784    0.0014      Fe 6                156.820A    -3.890    0.0011
Ca B                1.54389m    -3.682    0.0018      Fe 3                40.0371m    -3.734    0.0016      Fe 6                180.240A    -3.934    0.0010
Ca B                1.53418m    -3.756    0.0015      Fe 3                2.21782m    -2.817    0.0132      Fe 6                185.150A    -3.931    0.0010
Ca B                1.52605m    -3.825    0.0013      Fe 3                9701.27A    -3.028    0.0081      Fe 6                295.530A    -3.772    0.0015
Ca B                1.51919m    -3.891    0.0011      Fe 3                3307.57A    -3.841    0.0012      Fe 6                292.810A    -3.817    0.0013
Ca B                7.45782m    -2.554    0.0241      Fe 3                2.34788m    -2.995    0.0087      P  2                967.202A    -3.872    0.0012
Ca B                4.65251m    -2.746    0.0155      Fe 3                9942.18A    -3.221    0.0052      P  2                963.828A    -3.788    0.0014
Ca B                3.73954m    -2.925    0.0103      Fe 3                9444.21A    -3.752    0.0015      Ti 2                3364.74A    -3.505    0.0027
Ca B                3.29609m    -3.084    0.0071      Fe 3                2.24204m    -3.534    0.0025      Ti 2                3237.15A    -3.707    0.0017
Ca B                3.03837m    -3.225    0.0051      Fe 3                2.14511m    -3.767    0.0015      Cr 2                2059.78A    -3.692    0.0018
Ca B                2.87221m    -3.352    0.0038      Fe 3                3.22847m    -3.342    0.0039      Ni 2                1751.83A    -3.822    0.0013
Ca B                2.75752m    -3.468    0.0029      Fe 3                2.87385m    -3.271    0.0046      Ni 2                1744.24A    -3.733    0.0016
Ca B                2.67440m    -3.574    0.0023      Fe 3                1.06081m    -3.706    0.0017      Ni 2                1375.73A    -3.886    0.0011
Ca B                2.61194m    -3.672    0.0018      Fe 7                9.50763m    -2.797    0.0138      Ni 2                1324.11A    -3.895    0.0011
Ca B                2.56363m    -3.762    0.0015      Fe 7                5720.71A    -3.606    0.0021      hyperfine structure.............................
Ca B                2.52540m    -3.847    0.0012      Fe 7                4988.55A    -3.821    0.0013      inner shell.....................................
Ca B                2.49458m    -3.927    0.0010      Fe 7                7.81037m    -3.330    0.0040      Mg 3                246.489A    -3.664    0.0019
Ca B                12.3685m    -2.975    0.0092      Fe 7                6086.97A    -3.432    0.0032      Mg 3                247.968A    -3.667    0.0019
Ca B                7.50045m    -3.131    0.0064      Fe 7                3758.92A    -3.905    0.0011      Si 5                120.490A    -3.921    0.0010
Ca B                5.90660m    -3.285    0.0045      K  3                4.61683m    -2.951    0.0097      Si 5                119.791A    -2.648    0.0194
Ca B                5.12726m    -3.426    0.0032      K  4                5.98030m    -3.366    0.0037      Si 5                120.490A    -2.650    0.0193
Ca B                4.67124m    -3.553    0.0024      Mg 1                2852.13A    -2.808    0.0134      Fe 6                167.773A    -3.361    0.0038
Ca B                4.37526m    -3.669    0.0019      Mg 1                4562.60A    -2.760    0.0150      Fe 6                172.200A    -3.372    0.0037
Ca B                4.16966m    -3.775    0.0015      Mg 1                4571.10A    -3.187    0.0056      molecules.......................................
Ca B                4.01977m    -3.873    0.0012      Mg 3                231.734A    -3.462    0.0030      H-FB                      0     -3.681    0.0018
Ca B                19.0567m    -3.338    0.0040      Mg 3                234.264A    -3.689    0.0018      H-FF                      0     -3.920    0.0010
Ca B                11.3056m    -3.467    0.0029      Mn 2                2576.10A    -3.640    0.0020      H- H                      0     -3.917    0.0010
Ca B                8.75768m    -3.602    0.0022      Mn 2                2593.72A    -3.716    0.0017      bands...........................................
Ca B                7.50606m    -3.727    0.0016      Mn 2                2605.68A    -3.830    0.0013      Fe 2b               2500.00A    -1.582    0.2260
Ca B                6.77015m    -3.842    0.0012      N  1                1134.17A    -3.821    0.0013      Fe 2b               5000.00A    -1.629    0.2030
Ca B                27.7958m    -3.658    0.0019      N  1                1134.41A    -3.742    0.0016      Fe 2b               7000.00A    -2.060    0.0751
Ca B                16.2047m    -3.766    0.0015      N  1                1134.98A    -3.706    0.0017      Fe 2b               10000.0A    -1.319    0.4141
Ca B                12.3838m    -3.885    0.0011      N  1                1199.55A    -3.423    0.0033      Fe 2b               2355.00A    -2.043    0.0782
H  1                2430.61A     0.051    9.7199      N  1                1200.22A    -3.461    0.0030      Fe 2b               2430.00A    -1.621    0.2065
H  1                1215.67A     0.489   26.6027      N  1                1200.71A    -3.582    0.0023      Fe 2b               2445.00A    -1.621    0.2065
H  1                1025.72A    -2.726    0.0162      N  1                5197.90A    -3.518    0.0026      Fe 2b               2495.00A    -2.641    0.0198
H  1                972.537A    -2.822    0.0130      N  1                5200.26A    -3.598    0.0022      Fe 2b               2610.00A    -1.901    0.1086
H  1                949.743A    -2.877    0.0115      N  4                1486.50A    -2.843    0.0124      Fe 2b               2758.00A    -2.700    0.0172
H  1                937.803A    -2.919    0.0104      N  4                1483.32A    -2.704    0.0171      Fe 2b               2780.00A    -2.677    0.0182
H  1                930.748A    -2.953    0.0096      N  4                765.147A    -3.319    0.0041      Fe 2b               2935.00A    -3.796    0.0014
H  1                926.226A    -2.990    0.0088      N  4                247.205A    -3.588    0.0022      Fe 2b               2960.00A    -3.845    0.0012
H  1                923.150A    -3.023    0.0082      N  4                463.736A    -3.894    0.0011      Fe 2b               3180.00A    -3.651    0.0019
H  1                920.963A    -3.048    0.0077      N  5                1238.82A    -3.587    0.0022      Fe 2b               3250.00A    -3.222    0.0052
H  1                919.351A    -3.126    0.0065      N  5                1242.80A    -3.685    0.0018      Fe 2b               3590.00A    -3.323    0.0041
H  1                918.129A    -3.140    0.0062      Ne 2                12.8101m    -2.648    0.0194      Fe 2b               4255.00A    -2.120    0.0655
H  1                917.181A    -3.151    0.0061      Ne 3                15.5509m    -0.996    0.8715      Fe 2b               4558.00A    -2.879    0.0114
H  1                916.429A    -3.161    0.0060      Ne 3                3868.76A    -1.076    0.7256      Fe 2b               4600.00A    -2.839    0.0125
H  1                915.824A    -3.170    0.0058      Ne 3                489.500A    -3.835    0.0013      Fe 2b               4743.00A    -3.488    0.0028
H  1                915.329A    -3.178    0.0057      Ne 3                36.0036m    -2.044    0.0780      Fe 2b               4855.00A    -2.921    0.0104
H  1                914.919A    -3.184    0.0057      Ne 3                3967.47A    -1.593    0.2202      Fe 2b               4920.00A    -2.406    0.0339
H  1                914.576A    -3.190    0.0056      Ne 3                1814.56A    -3.416    0.0033      Fe 2b               4975.00A    -2.926    0.0102
H  1                914.286A    -3.193    0.0055      Ne 3                491.045A    -3.167    0.0059      Fe 2b               4971.00A    -2.965    0.0094
H  1                914.039A    -3.194    0.0055      Ne 3                489.645A    -3.430    0.0032      Fe 2b               5070.00A    -2.866    0.0118
H  1                913.826A    -3.190    0.0056      Ne 3                313.688A    -3.452    0.0031      Fe 2b               5143.00A    -2.308    0.0425
H  1                6562.80A    -0.492    2.7809      Ne 3                283.576A    -3.931    0.0010      Fe 2b               5270.00A    -2.025    0.0814
H  1                4861.32A    -0.936    1.0000      Ne 3                490.311A    -3.518    0.0026      Fe 2b               5318.00A    -2.346    0.0389
H  1                4340.46A    -1.262    0.4728      Ne 3                313.961A    -3.909    0.0011      Fe 2b               5540.00A    -3.056    0.0076
H  1                4101.73A    -1.518    0.2617      Ne 3                3342.18A    -3.898    0.0011      Fe 2b               5865.00A    -3.662    0.0019
H  1                3970.07A    -1.729    0.1612      Ne 5                24.3108m    -1.930    0.1016      Fe 2b               6565.00A    -3.615    0.0021
H  1                3889.05A    -1.908    0.1066      Ne 5                14.3178m    -1.988    0.0888      Fe 2b               6910.00A    -3.787    0.0014
H  1                3835.38A    -2.065    0.0744      Ne 5                3345.82A    -3.218    0.0052      Fe 2b               7445.00A    -2.087    0.0707
H  1                3797.90A    -2.203    0.0541      Ne 5                569.756A    -3.722    0.0016      Fe 2b               8625.00A    -2.110    0.0670
H  1                3770.63A    -2.211    0.0532      Ne 5                3425.88A    -2.786    0.0141      Fe 2b               1.03250m    -3.092    0.0070
H  1                3750.15A    -2.315    0.0418      Ne 5                482.990A    -3.713    0.0017      Fe 2b               1.88900m    -2.056    0.0758
H  1                3734.37A    -2.412    0.0335      Ne 5                359.374A    -3.510    0.0027      Fe 2b               2.20000m    -3.257    0.0048
H  1                3721.94A    -2.500    0.0273      O  1                1040.94A    -3.749    0.0015      miscellaneous...................................
H  1                3711.97A    -2.582    0.0226      O  1                1302.17A    -3.848    0.0012      C 2R                1335.00A    -1.860    0.1193
H  1                3703.85A    -2.658    0.0190      O  1                1304.86A    -3.219    0.0052      C 3R                977.000A    -2.305    0.0428
H  1                3697.15A    -2.728    0.0162      O  1                1306.03A    -3.634    0.0020      C 3R                1909.00A    -2.461    0.0299
H  1                3691.55A    -2.793    0.0139      O  1                5577.34A    -3.750    0.0015      C 3R                1175.00A    -2.642    0.0197
H  1                3686.83A    -2.852    0.0122      O  1                6300.30A    -2.182    0.0567      C 4R                1549.00A    -3.450    0.0031
H  1                3682.81A    -2.904    0.0108      O  1                6363.78A    -2.678    0.0181      N 2R                1085.00A    -2.969    0.0093
H  1                3679.35A    -2.949    0.0097      O  1                63.1679m    -2.777    0.0144      N 3R                990.000A    -2.363    0.0375
H  1                1.87510m    -1.455    0.3026      O  1                145.495m    -3.897    0.0011      O 2R                7332.00A    -3.822    0.0013
H  1                1.28181m    -1.747    0.1548      O  2                539.086A    -3.583    0.0023      O 2R                7323.00A    -3.734    0.0016
H  1                1.09381m    -1.995    0.0874      O  2                539.547A    -3.618    0.0021      O 2H                3727.00A    -3.233    0.0051
H  1                1.00494m    -2.203    0.0541      O  2                539.854A    -3.686    0.0018      O 2R                3726.00A    -2.967    0.0093
H  1                9545.97A    -2.381    0.0359      O  2                832.758A    -3.654    0.0019      O 2R                3729.00A    -3.123    0.0065
H  1                9229.02A    -2.537    0.0251      O  2                833.330A    -3.598    0.0022      O 2R                2471.00A    -3.566    0.0023
H  1                9014.91A    -2.675    0.0182      O  2                834.465A    -3.575    0.0023      O 2H                7325.00A    -3.762    0.0015
H  1                8862.79A    -2.726    0.0162      O  2                2470.22A    -2.839    0.0125      O 2R                4651.00A    -3.258    0.0048
H  1                8750.48A    -2.830    0.0128      O  2                2470.34A    -2.245    0.0491      O 2R                4341.00A    -3.535    0.0025
H  1                8665.02A    -2.926    0.0102      O  2                7318.92A    -2.922    0.0103      O 3R                835.000A    -2.094    0.0696
H  1                8598.40A    -3.014    0.0084      O  2                7319.99A    -2.439    0.0314      O 4R                789.000A    -2.623    0.0206
H  1                8545.39A    -3.096    0.0069      O  2                7329.67A    -2.700    0.0172      Blnd                1400.00A    -2.039    0.0789
H  1                8502.49A    -3.172    0.0058      O  2                7330.73A    -2.708    0.0169      Blnd                1650.00A    -0.812    1.3328
H  1                8467.26A    -3.242    0.0049      O  2                3728.81A    -1.127    0.6448      Blnd                1304.00A    -3.009    0.0084
H  1                8437.96A    -3.306    0.0043      O  2                3726.03A    -0.989    0.8864      Blnd                1039.00A    -3.497    0.0027
H  1                8413.32A    -3.365    0.0037      O  3                88.3323m    -1.244    0.4918      Blnd                2798.00A    -0.862    1.1870
H  1                8392.40A    -3.418    0.0033      O  3                4931.23A    -3.669    0.0019      Blnd                6720.00A    -1.273    0.4608
H  1                8374.48A    -3.463    0.0030      O  3                832.929A    -3.563    0.0024      Blnd                4074.00A    -2.152    0.0609
H  1                4.05115m    -2.108    0.0673      O  3                702.337A    -3.604    0.0022      Blnd                1.03300m    -2.260    0.0474
H  1                2.62515m    -2.325    0.0408      O  3                507.388A    -3.490    0.0028      Blnd                1256.00A    -3.381    0.0036
H  1                2.16553m    -2.527    0.0257      O  3                51.8004m    -0.676    1.8206      Blnd                1198.00A    -3.148    0.0061
H  1                1.94456m    -2.703    0.0171      O  3                4958.91A    -0.260    4.7470      Blnd                1720.00A    -2.877    0.0115
H  1                1.81741m    -2.858    0.0120      O  3                2320.95A    -2.494    0.0277      Blnd                3722.00A    -2.578    0.0228
H  1                1.73621m    -2.996    0.0087      O  3                1660.81A    -2.343    0.0392      Blnd                1406.00A    -3.309    0.0042
H  1                1.68065m    -3.095    0.0069      O  3                833.715A    -3.495    0.0028      Blnd                2665.00A    -2.134    0.0634
H  1                1.64072m    -3.199    0.0055      O  3                833.749A    -3.583    0.0023      Blnd                1860.00A    -2.517    0.0262
H  1                1.61093m    -3.295    0.0044      O  3                702.838A    -3.444    0.0031      Blnd                4725.00A    -2.138    0.0628
H  1                1.58805m    -3.383    0.0036      O  3                702.896A    -3.787    0.0014      Blnd                2860.00A    -3.167    0.0059
H  1                1.57007m    -3.464    0.0030      O  3                702.900A    -3.853    0.0012      Blnd                7250.00A    -3.736    0.0016
H  1                1.55565m    -3.539    0.0025      O  3                507.680A    -3.269    0.0047      Blnd                2335.00A    -1.823    0.1298
H  1                1.54389m    -3.609    0.0021      O  3                5006.84A     0.201   13.7198      Blnd                1888.00A    -1.274    0.4598
H  1                1.53418m    -3.674    0.0018      O  3                1666.15A    -1.947    0.0975      Blnd                1397.00A    -2.107    0.0675
H  1                1.52605m    -3.733    0.0016      O  3                835.059A    -3.556    0.0024      Blnd                2424.00A    -1.950    0.0969
H  1                1.51919m    -3.785    0.0014      O  3                835.092A    -3.403    0.0034      Blnd                3350.00A    -3.377    0.0036
H  1                1.51332m    -3.830    0.0013      O  3                835.289A    -3.465    0.0030      Blnd                5525.00A    -2.381    0.0359
H  1                7.45782m    -2.628    0.0203      O  3                703.851A    -3.527    0.0026      Blnd                8494.00A    -3.789    0.0014
H  1                4.65251m    -2.795    0.0138      O  3                703.854A    -3.338    0.0040      Blnd                8579.00A    -2.828    0.0128
H  1                3.73954m    -2.963    0.0094      O  3                508.178A    -2.869    0.0117      Blnd                7306.00A    -2.110    0.0670
H  1                3.29609m    -3.115    0.0066      O  3                4363.21A    -1.868    0.1170      Blnd                3933.00A    -2.715    0.0167
H  1                3.03837m    -3.251    0.0048      O  5                629.732A    -3.372    0.0037      Blnd                1657.00A    -3.872    0.0012
H  1                2.87221m    -3.384    0.0036      O  5                172.169A    -3.871    0.0012      Blnd                2326.00A    -1.672    0.1839
H  1                2.75752m    -3.487    0.0028      P  2                32.8620m    -3.785    0.0014      Blnd                1335.00A    -2.639    0.0198
H  1                2.67440m    -3.582    0.0023      P  2                1.14682m    -3.223    0.0052      Blnd                1909.00A    -0.906    1.0711
H  1                2.61194m    -3.670    0.0018      P  2                1.18828m    -2.800    0.0137      Blnd                1549.00A    -1.395    0.3480
H  1                2.56363m    -3.751    0.0015      P  3                17.8797m    -3.065    0.0074      Blnd                5199.00A    -3.255    0.0048
H  1                2.52540m    -3.826    0.0013      P  4                950.657A    -3.766    0.0015      Blnd                1085.00A    -2.935    0.0100
H  1                2.49458m    -3.896    0.0011      S  2                6730.82A    -1.512    0.2659      Blnd                2141.00A    -2.748    0.0154
H  1                12.3685m    -3.064    0.0075      S  2                6716.44A    -1.646    0.1949      Blnd                1750.00A    -2.199    0.0546
H  1                7.50045m    -3.196    0.0055      S  2                4076.35A    -2.768    0.0147      Blnd                990.000A    -2.953    0.0096
H  1                5.90660m    -3.337    0.0040      S  2                4068.60A    -2.272    0.0462      Blnd                1486.00A    -2.467    0.0295
H  1                5.12726m    -3.470    0.0029      S  2                1.03364m    -2.906    0.0107      Blnd                1240.00A    -3.332    0.0040
H  1                4.67124m    -3.623    0.0021      S  2                1.02867m    -2.898    0.0109      Blnd                6300.00A    -2.062    0.0749
H  1                4.37526m    -3.725    0.0016      S  2                1.03705m    -3.228    0.0051      Blnd                2471.00A    -2.147    0.0616
H  1                4.16966m    -3.819    0.0013      S  2                1.03205m    -2.764    0.0149      Blnd                7323.00A    -2.315    0.0418
H  1                4.01977m    -3.906    0.0011      S  2                1259.52A    -3.790    0.0014      Blnd                7332.00A    -2.403    0.0342
H  1                19.0567m    -3.439    0.0031      S  2                1253.81A    -3.840    0.0012      Blnd                833.000A    -3.131    0.0064
H  1                11.3056m    -3.545    0.0025      S  2                910.485A    -3.737    0.0016      Blnd                3727.00A    -0.751    1.5311
H  1                8.75768m    -3.667    0.0019      S  3                33.4704m    -1.416    0.3312      Blnd                7325.00A    -2.056    0.0759
H  1                7.50606m    -3.827    0.0013      S  3                18.7078m    -1.144    0.6204      Blnd                1666.00A    -1.800    0.1367
H  1                6.77015m    -3.927    0.0010      S  3                9068.62A    -1.194    0.5521      Blnd                5007.00A     0.330   18.4686
H  1                27.7958m    -3.769    0.0015      S  3                9530.62A    -0.794    1.3867      Blnd                835.000A    -2.728    0.0162
H  1                16.2047m    -3.856    0.0012      S  3                3721.63A    -2.584    0.0225      Blnd                1402.00A    -2.879    0.0114
Ca A                303.784A     0.030    9.2509      S  3                6312.06A    -2.310    0.0423      Blnd                789.000A    -3.020    0.0082
Ca A                256.317A    -0.695    1.7418      S  3                1713.11A    -3.461    0.0030      Blnd                1035.00A    -3.655    0.0019

                                                    Emergent line intensities
 Caution: emergent intensities are not reliable on the first iteration.
general properties..............................      Fe 2                4889.62A    -3.523    0.0026      Fe 6                1.23303m    -3.506    0.0027
continua........................................      Fe 2                4457.95A    -3.884    0.0011      Fe 6                1.34929m    -3.311    0.0042
FIR                 83.0000m    -0.507    2.6867      Fe 2                4359.33A    -2.941    0.0099      Fe 6                1.26742m    -3.670    0.0018
TIR                 1800.00m    -2.951    0.0097      Fe 2                2625.67A    -2.117    0.0660      Mg 2                2802.71A    -1.336    0.3987
NIRa                2.85000m     0.927   72.9675      Fe 2                2611.87A    -2.974    0.0092      Mg 2                2795.53A    -1.040    0.7883
NIRb                3.00000m     0.607   34.9087      Fe 2                2598.37A    -3.697    0.0017      Mg 2                2798.00A    -3.803    0.0014
MIRa                15.0000m     0.438   23.6555      Fe 2                2395.63A    -2.953    0.0096      Mg 4                4.48711m    -1.910    0.1063
MIRb                22.5000m     0.499   27.2574      Fe 2                2388.63A    -3.645    0.0020      Mg 4                323.307A    -3.603    0.0022
NMIR                21.7500m     0.927   72.9675      Fe 2                2364.83A    -3.270    0.0046      Mg 5                5.60700m    -2.341    0.0394
TFIR                611.250m    -2.347    0.0388      Fe 2                51.2868m    -3.449    0.0031      Mg 5                13.5464m    -3.416    0.0033
TALL                10000.0A     1.447  241.8243      Fe 2                4.60641m    -3.924    0.0010      Mg 5                2782.76A    -3.222    0.0052
F12                 12.0000m     0.057    9.8497      Fe 2                1.37181m    -3.595    0.0022      Mg 5                2928.09A    -3.787    0.0014
F25                 25.0000m    -0.388    3.5338      Fe 2                1.29427m    -3.857    0.0012      N  2                121.769m    -3.457    0.0030
F60                 60.0000m    -0.606    2.1386      Fe 2                7686.93A    -3.493    0.0028      N  2                6548.05A    -1.720    0.1646
F100                100.000m    -1.229    0.5093      Fe 2                4413.78A    -3.092    0.0070      N  2                6583.45A    -1.250    0.4851
MIPS                24.0000m    -0.437    3.1550      Fe 2                2631.32A    -2.731    0.0160      N  2                5754.59A    -2.954    0.0096
MIPS                70.0000m    -2.085    0.0710      Fe 2                2617.62A    -3.544    0.0025      N  2                2139.01A    -3.287    0.0045
MIPS                160.000m    -2.932    0.0101      Fe 2                2607.09A    -3.585    0.0022      N  2                2142.77A    -2.897    0.0110
IRAC                3.60000m    -0.293    4.3993      Fe 2                2404.89A    -3.416    0.0033      N  2                1085.70A    -3.551    0.0024
IRAC                4.50000m    -0.262    4.7270      Fe 2                2399.24A    -3.787    0.0014      N  2                1084.58A    -3.611    0.0021
IRAC                5.80000m    -0.233    5.0468      Fe 2                2380.76A    -2.934    0.0101      N  2                1085.55A    -3.670    0.0018
IRAC                8.00000m    -0.074    7.2842      Fe 2                2348.30A    -3.826    0.0013      N  2                1083.99A    -3.637    0.0020
SPR1                250.000m    -3.174    0.0058      Fe 2                4452.10A    -3.284    0.0045      N  2                1084.56A    -3.783    0.0014
SPR2                350.000m    -3.292    0.0044      Fe 2                2631.05A    -3.538    0.0025      N  2                915.612A    -3.603    0.0022
SPR3                500.000m    -3.349    0.0039      Fe 2                2613.82A    -3.806    0.0014      N  2                916.020A    -3.809    0.0013
PAC1                70.0000m    -2.066    0.0743      Fe 2                2410.52A    -3.830    0.0013      N  2                916.710A    -3.837    0.0013
PAC2                100.000m    -1.227    0.5123      Fe 2                2406.66A    -3.864    0.0012      N  2                916.012A    -3.693    0.0018
PAC3                160.000m    -2.738    0.0158      Fe 2                4474.90A    -3.597    0.0022      N  2                916.701A    -3.543    0.0025
PAH                 3.30000m    -1.150    0.6115      Fe 2                2628.29A    -3.818    0.0013      N  2                915.962A    -3.592    0.0022
PAHC                3.23000m    -1.342    0.3932      Fe 2                17.9311m    -2.340    0.0395      N  3                57.3238m    -1.694    0.1747
PAHC                3.37000m    -1.465    0.2957      Fe 2                1.64355m    -1.677    0.1815      N  3                1748.65A    -3.219    0.0052
PAH                 6.20000m    -0.731    1.6055      Fe 2                1.53348m    -2.488    0.0280      N  3                1753.99A    -3.204    0.0054
PAHC                5.65000m    -0.685    1.7842      Fe 2                8616.95A    -2.754    0.0152      N  3                1746.82A    -3.548    0.0024
PAH                 7.90000m    -0.534    2.5233      Fe 2                7155.17A    -2.353    0.0383      N  3                1752.16A    -2.709    0.0169
PAHC                6.90000m    -0.476    2.8859      Fe 2                5273.36A    -3.037    0.0079      N  3                1749.67A    -2.545    0.0246
PAH                 11.3000m    -1.278    0.4552      Fe 2                5158.79A    -2.389    0.0353      N  3                989.799A    -3.503    0.0027
PAHC                10.9000m    -1.210    0.5324      Fe 2                5111.64A    -3.332    0.0040      N  3                991.511A    -3.429    0.0032
PAH                 11.8000m    -1.120    0.6555      Fe 2                5072.41A    -3.096    0.0069      N  3                991.577A    -3.369    0.0037
PAHC                12.6500m    -1.219    0.5210      Fe 2                4814.54A    -3.339    0.0040      N  3                763.334A    -3.743    0.0016
PAH                 13.3000m    -1.278    0.4555      Fe 2                4774.73A    -3.798    0.0014      N  3                764.351A    -3.461    0.0030
PAHC                14.1000m    -1.301    0.4318      Fe 2                4243.97A    -2.744    0.0156      N  3                685.515A    -3.545    0.0025
Bcon                3640.00A     1.032   92.9182      Fe 2                4177.20A    -3.818    0.0013      N  3                686.336A    -3.431    0.0032
Pcon                5000.00A     0.756   49.2731      Fe 2                3376.20A    -3.492    0.0028      N  3                684.998A    -3.685    0.0018
O3bn                5007.00A     0.220   14.3462      Fe 2                2732.45A    -3.870    0.0012      N  3                685.817A    -3.299    0.0043
SX                  25.0000A    -0.596    2.1910      Fe 2                2493.30A    -2.657    0.0190      N  3                451.871A    -3.710    0.0017
HX                  4.70000A    -0.223    5.1665      Fe 2                24.5126m    -2.965    0.0094      N  3                452.227A    -3.423    0.0033
ROSA                12.3980A    -0.376    3.6357      Fe 2                1.80940m    -2.278    0.0455      Na 3                7.31570m    -2.835    0.0126
RRC.............................................      Fe 2                1.67688m    -2.914    0.0105      Na 3                380.100A    -3.932    0.0010
grains..........................................      Fe 2                1.59948m    -2.894    0.0110      Na 3                250.517A    -3.931    0.0010
H-like iso-sequence.............................      Fe 2                9051.95A    -2.595    0.0219      Na 4                9.03096m    -3.006    0.0085
H  1                1215.67A     0.488   26.5841      Fe 2                8891.93A    -3.092    0.0070      Na 4                3241.50A    -3.593    0.0022
H  1                1025.72A    -2.726    0.0162      Fe 2                7452.56A    -2.845    0.0123      Ne 4                2421.66A    -2.307    0.0426
H  1                972.537A    -2.822    0.0130      Fe 2                7172.00A    -3.105    0.0068      Ne 4                2424.28A    -2.201    0.0543
H  1                949.743A    -2.877    0.0115      Fe 2                5527.36A    -3.198    0.0055      Ne 4                1601.45A    -3.816    0.0013
H  1                937.803A    -2.919    0.0104      Fe 2                5433.15A    -3.551    0.0024      Ne 4                541.126A    -3.539    0.0025
H  1                930.748A    -2.953    0.0096      Fe 2                5261.63A    -2.805    0.0135      Ne 4                542.076A    -3.493    0.0028
H  1                926.226A    -2.990    0.0088      Fe 2                5184.80A    -3.928    0.0010      Ne 4                543.886A    -3.474    0.0029
H  1                923.150A    -3.023    0.0082      Fe 2                5158.01A    -3.853    0.0012      Ne 4                208.737A    -3.831    0.0013
H  1                920.963A    -3.048    0.0077      Fe 2                4947.39A    -3.283    0.0045      Ne 6                7.65019m    -3.523    0.0026
H  1                919.351A    -3.126    0.0065      Fe 2                4905.35A    -3.653    0.0019      Ni 2                1.19102m    -3.365    0.0037
H  1                918.129A    -3.141    0.0062      Fe 2                4874.50A    -3.725    0.0016      Ni 2                6.63416m    -3.038    0.0079
H  1                917.181A    -3.151    0.0061      Fe 2                4346.86A    -3.372    0.0037      Ni 2                1.07151m    -3.548    0.0024
H  1                916.429A    -3.161    0.0060      Fe 2                4276.84A    -3.279    0.0045      Ni 2                10.6793m    -3.185    0.0056
H  1                915.824A    -3.170    0.0058      Fe 2                35.7675m    -3.710    0.0017      Ni 2                12.7253m    -3.916    0.0010
H  1                915.329A    -3.178    0.0057      Fe 2                1.95361m    -3.189    0.0056      Ni 2                7377.83A    -2.508    0.0268
H  1                914.919A    -3.184    0.0057      Fe 2                1.80002m    -2.929    0.0102      Ni 2                8300.99A    -3.804    0.0014
H  1                914.576A    -3.190    0.0056      Fe 2                1.71113m    -3.572    0.0023      Ni 2                1.93877m    -3.216    0.0053
H  1                914.286A    -3.193    0.0055      Fe 2                1.66377m    -3.190    0.0056      Ni 2                6666.80A    -3.870    0.0012
H  1                914.039A    -3.194    0.0055      Fe 2                9399.04A    -3.017    0.0083      Ni 2                7411.61A    -3.651    0.0019
H  1                913.826A    -3.190    0.0056      Fe 2                9226.63A    -3.036    0.0080      Ni 2                4326.24A    -3.671    0.0018
H  1                6562.80A    -0.492    2.7809      Fe 2                9033.49A    -3.676    0.0018      Ni 2                3993.06A    -3.796    0.0014
H  1                4861.32A    -0.936    1.0000      Fe 2                7388.17A    -3.225    0.0051      O  4                25.8863m    -0.541    2.4829
H  1                4340.46A    -1.262    0.4728      Fe 2                6440.41A    -3.861    0.0012      O  4                1399.78A    -3.786    0.0014
H  1                4101.73A    -1.518    0.2617      Fe 2                5333.66A    -3.111    0.0067      O  4                1407.38A    -3.795    0.0014
H  1                3970.07A    -1.729    0.1612      Fe 2                5049.30A    -3.456    0.0030      O  4                1404.81A    -3.346    0.0039
H  1                3889.05A    -1.908    0.1066      Fe 2                5005.52A    -3.529    0.0026      O  4                1401.16A    -3.313    0.0042
H  1                3835.38A    -2.065    0.0744      Fe 2                4973.40A    -3.826    0.0013      O  4                787.710A    -3.646    0.0020
H  1                3797.90A    -2.203    0.0541      Fe 2                4352.79A    -3.595    0.0022      O  4                790.114A    -3.468    0.0029
H  1                3770.63A    -2.211    0.0532      Fe 2                4319.62A    -3.758    0.0015      O  4                790.201A    -3.512    0.0027
H  1                3750.15A    -2.315    0.0418      Fe 2                1.89541m    -3.665    0.0019      O  4                608.397A    -3.846    0.0012
H  1                3734.37A    -2.412    0.0335      Fe 2                1.79711m    -3.225    0.0051      O  4                609.830A    -3.208    0.0053
H  1                3721.94A    -2.500    0.0273      Fe 2                1.74494m    -3.512    0.0027      O  4                554.076A    -3.592    0.0022
H  1                3711.97A    -2.582    0.0226      Fe 2                9652.70A    -3.866    0.0012      O  4                555.264A    -3.138    0.0063
H  1                3703.85A    -2.658    0.0190      Fe 2                9470.94A    -3.426    0.0032      O  4                553.329A    -3.854    0.0012
H  1                3697.15A    -2.728    0.0162      Fe 2                9267.56A    -3.373    0.0037      O  4                554.514A    -3.082    0.0071
H  1                3691.55A    -2.793    0.0139      Fe 2                5376.47A    -3.438    0.0031      O  6                1031.91A    -3.888    0.0011
H  1                3686.83A    -2.852    0.0122      Fe 2                2755.74A    -3.115    0.0066      S  4                10.5076m    -0.641    1.9741
H  1                3682.81A    -2.904    0.0108      Fe 2                2739.55A    -3.289    0.0044      S  4                1416.89A    -3.755    0.0015
H  1                3679.35A    -2.949    0.0097      Fe 2                2772.73A    -3.334    0.0040      S  4                1406.02A    -3.710    0.0017
H  1                1.87510m    -1.455    0.3026      Fe 2                2.22379m    -3.330    0.0040      S  4                1072.97A    -3.927    0.0010
H  1                1.28181m    -1.747    0.1548      Fe 3                22.9190m    -1.853    0.1211      S  4                815.941A    -3.693    0.0018
H  1                1.09381m    -1.995    0.0874      Fe 3                4985.87A    -2.856    0.0120      S  4                753.760A    -3.543    0.0025
H  1                1.00494m    -2.203    0.0541      Fe 3                4924.54A    -3.211    0.0053      S  4                750.221A    -3.457    0.0030
H  1                9545.97A    -2.381    0.0359      Fe 3                4881.00A    -2.161    0.0596      S  4                657.319A    -3.860    0.0012
H  1                9229.02A    -2.537    0.0251      Fe 3                4658.05A    -1.726    0.1624      S  4                661.455A    -3.441    0.0031
H  1                9014.91A    -2.675    0.0182      Fe 3                4607.03A    -2.985    0.0089      S  4                661.396A    -3.755    0.0015
H  1                8862.79A    -2.726    0.0162      Fe 3                4070.71A    -3.890    0.0011      S  4                554.027A    -3.596    0.0022
H  1                8750.48A    -2.830    0.0128      Fe 3                4008.35A    -2.845    0.0124      S  6                933.378A    -3.881    0.0011
H  1                8665.02A    -2.926    0.0102      Fe 3                3322.54A    -2.623    0.0206      Si 6                1.96247m    -3.584    0.0022
H  1                8598.40A    -3.014    0.0084      Fe 3                3239.74A    -2.687    0.0177      level 1 lines...................................
H  1                8545.39A    -3.096    0.0069      Fe 3                2438.29A    -3.017    0.0083      recombination...................................
H  1                8502.49A    -3.172    0.0058      Fe 3                1576.66A    -3.554    0.0024      level2 lines....................................
H  1                8467.26A    -3.242    0.0049      Fe 3                1434.81A    -3.909    0.0011      C  2                596.559A    -3.576    0.0023
H  1                8437.96A    -3.306    0.0043      Fe 3                33.0270m    -2.407    0.0338      C  2                561.959A    -3.626    0.0020
H  1                8413.32A    -3.365    0.0037      Fe 3                5270.40A    -2.010    0.0845      C  2                530.721A    -3.654    0.0019
H  1                8392.40A    -3.418    0.0033      Fe 3                4987.21A    -2.902    0.0108      C  2                544.909A    -3.669    0.0018
H  1                8374.48A    -3.463    0.0030      Fe 3                4754.69A    -2.452    0.0305      C  2                535.300A    -3.684    0.0018
H  1                4.05115m    -2.108    0.0673      Fe 3                4701.54A    -2.273    0.0460      C  2                550.361A    -3.763    0.0015
H  1                2.62515m    -2.325    0.0408      Fe 3                4667.01A    -3.286    0.0045      C  2                467.460A    -3.841    0.0012
H  1                2.16553m    -2.527    0.0257      Fe 3                4079.70A    -3.403    0.0034      C  3                271.090A    -3.463    0.0030
H  1                1.94456m    -2.703    0.0171      Fe 3                4046.42A    -3.806    0.0014      C  3                268.600A    -3.487    0.0028
H  1                1.81741m    -2.858    0.0120      Fe 3                3371.41A    -2.757    0.0151      C  3                266.880A    -3.514    0.0026
H  1                1.73621m    -2.996    0.0087      Fe 3                3301.56A    -3.818    0.0013      C  3                288.500A    -3.524    0.0026
H  1                1.68065m    -3.095    0.0069      Fe 3                3286.19A    -3.203    0.0054      C  4                223.140A    -3.623    0.0021
H  1                1.64072m    -3.199    0.0055      Fe 3                2464.51A    -3.159    0.0060      C  4                212.750A    -3.813    0.0013
H  1                1.61093m    -3.295    0.0044      Fe 3                51.6655m    -3.081    0.0072      C  4                206.950A    -3.935    0.0010
H  1                1.58805m    -3.383    0.0036      Fe 3                5011.26A    -2.649    0.0194      N  1                942.258A    -3.710    0.0017
H  1                1.57007m    -3.464    0.0030      Fe 3                4769.43A    -2.741    0.0157      N  2                532.161A    -3.664    0.0019
H  1                1.55565m    -3.539    0.0025      Fe 3                4733.91A    -2.745    0.0155      N  2                634.441A    -3.770    0.0015
H  1                1.54389m    -3.609    0.0021      Fe 3                3406.18A    -3.120    0.0066      N  2                475.141A    -3.758    0.0015
H  1                1.53418m    -3.674    0.0018      Fe 3                3334.90A    -3.197    0.0055      N  2                528.139A    -3.808    0.0013
H  1                1.52605m    -3.733    0.0016      Fe 3                3319.22A    -3.370    0.0037      N  2                452.970A    -3.868    0.0012
H  1                1.51919m    -3.785    0.0014      Fe 3                2483.05A    -3.329    0.0040      N  2                441.950A    -3.919    0.0010
H  1                1.51332m    -3.830    0.0013      Fe 3                5411.98A    -3.066    0.0074      N  2                474.291A    -3.927    0.0010
H  1                7.45782m    -2.628    0.0203      Fe 3                4930.54A    -3.289    0.0044      N  3                293.510A    -3.464    0.0030
H  1                4.65251m    -2.795    0.0138      Fe 3                4777.68A    -3.065    0.0074      N  3                283.090A    -3.504    0.0027
H  1                3.73954m    -2.963    0.0094      Fe 3                3428.79A    -3.779    0.0014      N  3                264.550A    -3.523    0.0026
H  1                3.29609m    -3.115    0.0066      Fe 3                3356.57A    -3.277    0.0046      N  3                277.180A    -3.538    0.0025
H  1                3.03837m    -3.251    0.0048      Fe 3                3355.48A    -3.526    0.0026      N  3                312.110A    -3.542    0.0025
H  1                2.87221m    -3.384    0.0036      Fe 3                2495.04A    -3.567    0.0023      N  3                273.490A    -3.571    0.0023
H  1                2.75752m    -3.487    0.0028      Fe 3                5084.77A    -3.424    0.0033      N  3                267.450A    -3.596    0.0022
H  1                2.67440m    -3.582    0.0023      Fe 3                3366.21A    -3.589    0.0022      N  3                248.910A    -3.629    0.0020
H  1                2.61194m    -3.670    0.0018      Fe 3                8838.21A    -3.919    0.0010      N  3                271.020A    -3.605    0.0021
H  1                2.56363m    -3.751    0.0015      Fe 3                8728.94A    -3.784    0.0014      N  3                305.650A    -3.619    0.0021
H  1                2.52540m    -3.826    0.0013      Fe 3                40.0371m    -3.734    0.0016      N  3                269.290A    -3.632    0.0020
H  1                2.49458m    -3.896    0.0011      Fe 3                2.21782m    -2.817    0.0132      N  3                300.710A    -3.645    0.0020
H  1                12.3685m    -3.064    0.0075      Fe 3                9701.27A    -3.028    0.0081      N  3                238.620A    -3.777    0.0014
H  1                7.50045m    -3.196    0.0055      Fe 3                3307.57A    -3.841    0.0012      N  3                234.300A    -3.809    0.0013
H  1                5.90660m    -3.337    0.0040      Fe 3                2.34788m    -2.995    0.0087      N  3                286.900A    -3.782    0.0014
H  1                5.12726m    -3.470    0.0029      Fe 3                9942.18A    -3.221    0.0052      N  3                231.470A    -3.898    0.0011
H  1                4.67124m    -3.623    0.0021      Fe 3                9444.21A    -3.752    0.0015      N  3                279.440A    -3.874    0.0012
H  1                4.37526m    -3.725    0.0016      Fe 3                2.24204m    -3.534    0.0025      N  4                197.610A    -3.751    0.0015
H  1                4.16966m    -3.819    0.0013      Fe 3                2.14511m    -3.767    0.0015      O  1                976.791A    -3.556    0.0024
H  1                4.01977m    -3.906    0.0011      Fe 3                3.22847m    -3.342    0.0039      O  1                969.049A    -3.583    0.0023
H  1                19.0567m    -3.439    0.0031      Fe 3                2.87385m    -3.271    0.0046      O  1                946.387A    -3.627    0.0020
H  1                11.3056m    -3.545    0.0025      Fe 3                1.06081m    -3.706    0.0017      O  1                934.501A    -3.663    0.0019
H  1                8.75768m    -3.667    0.0019      Fe 7                9.50763m    -2.797    0.0138      O  1                973.577A    -3.678    0.0018
H  1                7.50606m    -3.827    0.0013      Fe 7                5720.71A    -3.606    0.0021      O  1                927.472A    -3.696    0.0017
H  1                6.77015m    -3.927    0.0010      Fe 7                4988.55A    -3.821    0.0013      O  1                948.506A    -3.737    0.0016
H  1                27.7958m    -3.769    0.0015      Fe 7                7.81037m    -3.330    0.0040      O  1                922.969A    -3.734    0.0016
H  1                16.2047m    -3.856    0.0012      Fe 7                6086.97A    -3.432    0.0032      O  1                919.912A    -3.771    0.0015
He 2                303.784A    -0.058    7.5569      Fe 7                3758.92A    -3.905    0.0011      O  1                935.672A    -3.800    0.0014
He 2                256.317A    -2.965    0.0094      K  3                4.61683m    -2.951    0.0097      O  1                917.726A    -3.811    0.0013
He 2                243.027A    -3.085    0.0071      K  4                5.98030m    -3.366    0.0037      O  1                918.704A    -3.843    0.0012
He 2                237.331A    -3.144    0.0062      Mg 1                2852.13A    -2.808    0.0134      O  1                928.186A    -3.865    0.0012
He 2                234.347A    -3.181    0.0057      Mg 1                4562.60A    -2.760    0.0150      O  1                917.473A    -3.887    0.0011
He 2                232.584A    -3.208    0.0053      Mg 1                4571.10A    -3.187    0.0056      O  2                425.190A    -3.475    0.0029
He 2                231.454A    -3.225    0.0051      Mg 3                231.734A    -3.490    0.0028      O  2                388.410A    -3.534    0.0025
He 2                230.686A    -3.251    0.0048      Mg 3                234.264A    -3.737    0.0016      O  2                373.600A    -3.580    0.0023
He 2                230.139A    -3.270    0.0046      Mn 2                2576.10A    -3.641    0.0020      O  2                361.821A    -3.599    0.0022
He 2                229.736A    -3.257    0.0048      Mn 2                2593.72A    -3.717    0.0017      O  2                366.060A    -3.613    0.0021
He 2                229.431A    -3.267    0.0047      Mn 2                2605.68A    -3.830    0.0013      O  2                360.570A    -3.683    0.0018
He 2                229.194A    -3.278    0.0046      N  1                1134.17A    -3.821    0.0013      O  2                414.619A    -3.780    0.0014
He 2                229.006A    -3.289    0.0044      N  1                1134.41A    -3.743    0.0016      O  2                358.780A    -3.797    0.0014
He 2                228.855A    -3.300    0.0043      N  1                1134.98A    -3.706    0.0017      O  2                356.930A    -3.799    0.0014
He 2                228.731A    -3.310    0.0042      N  1                1199.55A    -3.424    0.0033      O  2                355.610A    -3.833    0.0013
He 2                228.629A    -3.318    0.0041      N  1                1200.22A    -3.462    0.0030      O  3                305.400A    -2.880    0.0114
He 2                228.543A    -3.325    0.0041      N  1                1200.71A    -3.583    0.0023      O  3                268.070A    -3.266    0.0047
He 2                228.471A    -3.330    0.0040      N  1                5197.90A    -3.518    0.0026      O  3                263.850A    -3.289    0.0044
He 2                228.409A    -3.331    0.0040      N  1                5200.26A    -3.598    0.0022      O  3                373.640A    -3.322    0.0041
He 2                228.356A    -3.327    0.0041      N  4                1486.50A    -2.843    0.0124      O  3                265.020A    -3.308    0.0042
He 2                1640.41A    -0.859    1.1960      N  4                1483.32A    -2.704    0.0171      O  3                248.730A    -3.358    0.0038
He 2                1215.13A    -1.331    0.4032      N  4                765.147A    -3.359    0.0038      O  3                241.200A    -3.403    0.0034
He 2                1084.94A    -1.668    0.1855      N  4                247.205A    -3.592    0.0022      O  3                248.620A    -3.431    0.0032
He 2                1025.27A    -1.927    0.1021      N  5                1238.82A    -3.587    0.0022      O  3                236.890A    -3.439    0.0031
He 2                992.358A    -2.138    0.0628      N  5                1242.80A    -3.685    0.0018      O  3                234.190A    -3.463    0.0030
He 2                972.106A    -2.315    0.0418      Ne 2                12.8101m    -2.648    0.0194      O  3                276.900A    -3.441    0.0031
He 2                958.693A    -2.468    0.0294      Ne 3                15.5509m    -0.996    0.8716      O  3                241.140A    -3.466    0.0030
He 2                949.323A    -2.603    0.0215      Ne 3                3868.76A    -1.076    0.7256      O  3                280.450A    -3.465    0.0030
He 2                942.507A    -2.471    0.0292      Ne 3                489.500A    -3.846    0.0012      O  3                263.230A    -3.465    0.0030
He 2                937.389A    -2.566    0.0235      Ne 3                36.0036m    -2.044    0.0781      O  3                232.380A    -3.481    0.0029
He 2                933.444A    -2.653    0.0192      Ne 3                3967.47A    -1.593    0.2202      O  3                236.860A    -3.498    0.0027
He 2                930.337A    -2.734    0.0159      Ne 3                1814.56A    -3.416    0.0033      O  3                231.110A    -3.499    0.0027
He 2                927.846A    -2.808    0.0134      Ne 3                491.045A    -3.278    0.0046      O  3                255.390A    -3.506    0.0027
He 2                925.816A    -2.877    0.0115      Ne 3                489.645A    -3.543    0.0025      O  3                232.350A    -3.517    0.0026
He 2                924.142A    -2.940    0.0099      Ne 3                313.688A    -3.515    0.0026      O  3                234.180A    -3.526    0.0026
He 2                922.743A    -2.999    0.0087      Ne 3                490.311A    -3.600    0.0022      O  3                230.150A    -3.604    0.0021
He 2                921.562A    -3.052    0.0077      Ne 3                3342.18A    -3.898    0.0011      O  3                231.100A    -3.562    0.0024
He 2                920.556A    -3.099    0.0069      Ne 5                24.3108m    -1.930    0.1016      O  3                244.650A    -3.563    0.0024
He 2                919.693A    -3.139    0.0063      Ne 5                14.3178m    -1.988    0.0888      O  3                238.930A    -3.606    0.0021
He 2                4685.68A    -1.744    0.1555      Ne 5                3345.82A    -3.218    0.0052      O  3                233.340A    -3.619    0.0021
He 2                3203.08A    -2.067    0.0741      Ne 5                569.756A    -3.771    0.0015      O  3                235.520A    -3.639    0.0020
He 2                2733.28A    -2.330    0.0404      Ne 5                3425.88A    -2.786    0.0141      O  3                232.490A    -3.732    0.0016
He 2                2511.19A    -2.546    0.0246      Ne 5                482.990A    -3.754    0.0015      O  3                235.000A    -3.769    0.0015
He 2                2385.39A    -2.728    0.0162      Ne 5                359.374A    -3.535    0.0025      O  4                239.130A    -3.020    0.0082
He 2                2306.18A    -2.885    0.0113      O  1                1040.94A    -3.750    0.0015      O  4                207.610A    -3.489    0.0028
He 2                2252.67A    -3.023    0.0082      O  1                1302.17A    -3.848    0.0012      O  4                196.560A    -3.545    0.0025
He 2                2214.65A    -2.986    0.0089      O  1                1304.86A    -3.219    0.0052      O  4                214.760A    -3.502    0.0027
He 2                2186.59A    -3.081    0.0072      O  1                1306.03A    -3.634    0.0020      O  4                181.780A    -3.678    0.0018
He 2                2165.23A    -3.168    0.0059      O  1                5577.34A    -3.750    0.0015      O  4                280.550A    -3.407    0.0034
He 2                2148.58A    -3.248    0.0049      O  1                6300.30A    -2.182    0.0567      O  4                174.710A    -3.760    0.0015
He 2                2135.34A    -3.322    0.0041      O  1                6363.78A    -2.678    0.0181      O  4                203.010A    -3.668    0.0019
He 2                2124.61A    -3.391    0.0035      O  1                63.1679m    -2.777    0.0144      O  4                174.310A    -3.803    0.0014
He 2                2115.81A    -3.454    0.0030      O  1                145.495m    -3.897    0.0011      O  4                182.700A    -3.789    0.0014
He 2                2108.49A    -3.513    0.0027      O  2                539.086A    -3.663    0.0019      O  4                181.770A    -3.803    0.0014
He 2                2102.33A    -3.566    0.0023      O  2                539.547A    -3.708    0.0017      O  4                170.710A    -3.890    0.0011
He 2                2097.10A    -3.613    0.0021      O  2                539.854A    -3.791    0.0014      O  4                180.320A    -3.927    0.0010
He 2                2092.63A    -3.652    0.0019      O  2                832.758A    -3.805    0.0014      Ne 2                444.150A    -3.810    0.0013
He 2                1.01235m    -2.360    0.0377      O  2                833.330A    -3.730    0.0016      Ne 2                356.870A    -3.773    0.0015
He 2                6560.01A    -2.598    0.0218      O  2                834.465A    -3.696    0.0017      Ne 2                461.050A    -3.864    0.0012
He 2                5411.45A    -2.812    0.0133      O  2                2470.22A    -2.840    0.0125      Ne 2                404.130A    -3.871    0.0012
He 2                4859.26A    -2.997    0.0087      O  2                2470.34A    -2.246    0.0490      Ne 2                327.700A    -3.911    0.0011
He 2                4541.54A    -3.156    0.0060      O  2                7318.92A    -2.922    0.0103      Ne 2                331.200A    -3.911    0.0011
He 2                4338.62A    -3.297    0.0044      O  2                7319.99A    -2.439    0.0314      Ne 2                327.139A    -3.927    0.0010
He 2                4199.78A    -3.356    0.0038      O  2                7329.67A    -2.700    0.0172      Ne 2                355.969A    -3.929    0.0010
He 2                4099.99A    -3.450    0.0031      O  2                7330.73A    -2.708    0.0169      Ne 3                250.920A    -3.385    0.0036
He 2                4025.55A    -3.536    0.0025      O  2                3728.81A    -1.127    0.6447      Ne 3                227.420A    -3.494    0.0028
He 2                3968.39A    -3.616    0.0021      O  2                3726.03A    -0.989    0.8864      Ne 3                218.360A    -3.739    0.0016
He 2                3923.44A    -3.690    0.0018      O  3                88.3323m    -1.244    0.4918      Ne 3                223.310A    -3.698    0.0017
He 2                3887.40A    -3.758    0.0015      O  3                4931.23A    -3.669    0.0019      Ne 3                228.870A    -3.485    0.0028
He 2                3858.03A    -3.822    0.0013      O  3                832.929A    -3.616    0.0021      Ne 3                281.580A    -3.484    0.0028
He 2                3833.76A    -3.880    0.0011      O  3                702.337A    -3.648    0.0019      Ne 3                204.530A    -3.893    0.0011
He 2                3813.45A    -3.933    0.0010      O  3                507.388A    -3.547    0.0024      Ne 3                227.190A    -3.595    0.0022
He 2                1.86365m    -2.862    0.0119      O  3                51.8004m    -0.676    1.8207      Ne 3                212.550A    -3.880    0.0011
He 2                1.16262m    -3.040    0.0079      O  3                4958.91A    -0.260    4.7470      Ne 3                265.510A    -3.516    0.0026
He 2                9344.80A    -3.217    0.0052      O  3                2320.95A    -2.495    0.0276      Ne 3                218.030A    -3.866    0.0012
He 2                8236.67A    -3.375    0.0036      O  3                1660.81A    -2.343    0.0392      Ne 3                217.120A    -3.924    0.0010
He 2                7592.65A    -3.516    0.0026      O  3                833.715A    -3.559    0.0024      Ne 3                238.070A    -3.626    0.0020
He 2                7177.41A    -3.645    0.0020      O  3                833.749A    -3.632    0.0020      Ne 4                171.550A    -3.621    0.0021
He 2                6890.80A    -3.738    0.0016      O  3                702.838A    -3.492    0.0028      Ne 4                148.550A    -3.870    0.0012
He 2                6683.11A    -3.824    0.0013      O  3                702.896A    -3.829    0.0013      Ne 4                207.180A    -3.696    0.0017
He 2                6527.01A    -3.903    0.0011      O  3                702.900A    -3.895    0.0011      Ne 4                159.100A    -3.930    0.0010
He 2                3.09080m    -3.290    0.0044      O  3                507.680A    -3.324    0.0041      Mg 3                183.540A    -3.783    0.0014
He 2                1.87431m    -3.425    0.0032      O  3                5006.84A     0.201   13.7198      Si 2                1179.59A    -3.094    0.0070
He 2                1.47602m    -3.572    0.0023      O  3                1666.15A    -1.948    0.0974      Si 2                993.354A    -3.595    0.0022
He 2                1.28127m    -3.709    0.0017      O  3                835.059A    -3.725    0.0016      Si 2                893.551A    -3.917    0.0010
He 2                1.16730m    -3.883    0.0011      O  3                835.092A    -3.498    0.0027      Si 2                1024.03A    -3.782    0.0014
He 2                4.76213m    -3.664    0.0019      O  3                835.289A    -3.525    0.0026      Si 3                564.611A    -3.842    0.0012
He 2                2.82519m    -3.767    0.0015      O  3                703.851A    -3.571    0.0023      Si 3                464.939A    -3.814    0.0013
He 2                2.18848m    -3.890    0.0011      O  3                703.854A    -3.381    0.0036      Si 4                329.800A    -3.819    0.0013
He-like iso-sequence............................      O  3                508.178A    -2.925    0.0103      Si 4                312.700A    -3.902    0.0011
He 1                591.412A    -3.188    0.0056      O  3                4363.21A    -1.868    0.1170      S  2                750.323A    -3.758    0.0015
Blnd                591.412A    -3.186    0.0056      O  5                629.732A    -3.392    0.0035      S  2                632.711A    -3.930    0.0010
He 1                584.334A    -1.869    0.1167      O  5                172.169A    -3.904    0.0011      S  2                888.439A    -3.908    0.0011
He 1                537.030A    -2.902    0.0108      P  2                32.8620m    -3.785    0.0014      S  3                667.049A    -3.355    0.0038
He 1                522.213A    -3.052    0.0077      P  2                1.14682m    -3.223    0.0052      S  3                691.219A    -3.485    0.0028
He 1                515.617A    -3.140    0.0063      P  2                1.18828m    -2.800    0.0137      S  3                704.220A    -3.540    0.0025
He 1                512.099A    -3.212    0.0053      P  3                17.8797m    -3.065    0.0074      S  3                671.510A    -3.816    0.0013
He 1                625.563A    -0.788    1.4058      P  4                950.657A    -3.766    0.0015      S  3                482.139A    -3.741    0.0016
He 1                510.018A    -3.319    0.0041      S  2                6730.82A    -1.512    0.2659      S  3                474.260A    -3.817    0.0013
He 1                508.657A    -3.342    0.0039      S  2                6716.44A    -1.646    0.1949      S  3                480.121A    -3.862    0.0012
He 1                507.727A    -3.380    0.0036      S  2                4076.35A    -2.768    0.0147      S  3                420.730A    -3.922    0.0010
He 1                507.065A    -3.386    0.0036      S  2                4068.60A    -2.272    0.0462      S  4                330.110A    -3.839    0.0013
He 1                506.576A    -3.407    0.0034      S  2                1.03364m    -2.906    0.0107      S  4                370.000A    -3.863    0.0012
He 1                506.204A    -3.432    0.0032      S  2                1.02867m    -2.898    0.0109      S  4                341.260A    -3.877    0.0011
He 1                505.916A    -3.456    0.0030      S  2                1.03705m    -3.228    0.0051      Ar 3                458.140A    -3.363    0.0037
He 1                505.687A    -3.482    0.0028      S  2                1.03205m    -2.764    0.0149      Ar 3                464.671A    -3.494    0.0028
He 1                505.502A    -3.508    0.0027      S  2                1259.52A    -3.791    0.0014      Ar 3                451.091A    -3.698    0.0017
He 1                505.352A    -3.534    0.0025      S  2                1253.81A    -3.840    0.0012      Ar 3                472.659A    -3.685    0.0018
He 1                505.227A    -3.560    0.0024      S  3                33.4704m    -1.416    0.3312      Ar 3                488.909A    -3.793    0.0014
He 1                505.122A    -3.586    0.0022      S  3                18.7078m    -1.144    0.6204      Ar 3                388.490A    -3.798    0.0014
He 1                505.033A    -3.610    0.0021      S  3                9068.62A    -1.194    0.5521      Ar 3                527.451A    -3.830    0.0013
He 1                504.958A    -3.694    0.0017      S  3                9530.62A    -0.794    1.3867      Ar 3                360.940A    -3.879    0.0011
He 1                504.893A    -3.698    0.0017      S  3                3721.63A    -2.584    0.0225      Ar 3                345.990A    -3.876    0.0011
He 1                504.836A    -3.685    0.0018      S  3                6312.06A    -2.310    0.0423      Ar 3                365.099A    -3.911    0.0011
He 1                504.787A    -3.741    0.0016      S  3                1713.11A    -3.461    0.0030      Ar 4                444.680A    -3.334    0.0040
He 1                504.744A    -3.707    0.0017      S  3                1728.94A    -3.008    0.0085      Ar 4                392.000A    -3.862    0.0012
He 1                504.706A    -3.643    0.0020      S  3                1194.45A    -3.783    0.0014      Ar 5                441.850A    -3.851    0.0012
He 1                504.672A    -2.863    0.0118      S  3                1201.73A    -3.831    0.0013      Ca 3                351.260A    -3.236    0.0050
He 1                1.08291m    -2.503    0.0271      S  3                1200.97A    -3.785    0.0014      Ca 3                298.430A    -3.605    0.0021
He 1                1.08302m    -1.895    0.1100      S  3                1015.50A    -3.855    0.0012      Ca 3                277.760A    -3.771    0.0015
He 1                1.08303m    -1.558    0.2390      S  3                1021.11A    -3.578    0.0023      Ca 3                267.540A    -3.863    0.0012
Blnd                1.08302m    -1.361    0.3761      S  3                1021.32A    -3.645    0.0020      Ca 3                308.360A    -3.910    0.0011
He 1                3888.64A    -2.167    0.0587      S  5                786.468A    -3.718    0.0017      Ca 4                303.870A    -3.359    0.0038
He 1                3187.74A    -2.497    0.0275      Si 2                34.8046m    -1.626    0.2041      Ca 4                310.370A    -3.541    0.0025
He 1                2945.10A    -2.774    0.0145      Si 2                2334.41A    -2.895    0.0110      Ca 4                307.850A    -3.505    0.0027
He 1                2829.08A    -3.010    0.0084      Si 2                2328.52A    -3.442    0.0031      Ca 4                323.400A    -3.551    0.0024
He 1                2760.44A    -3.646    0.0019      Si 2                1808.01A    -2.598    0.0218      Ca 4                319.070A    -3.488    0.0028
He 1                2721.00A    -3.775    0.0014      Si 2                1526.71A    -3.334    0.0040      Ca 5                314.530A    -3.648    0.0019
He 1                2694.61A    -3.896    0.0011      Si 2                1304.37A    -3.722    0.0016      Ca 5                325.410A    -3.731    0.0016
He 1                2.05813m    -2.826    0.0129      Si 2                1260.42A    -3.373    0.0037      Fe 4                309.190A    -3.518    0.0026
He 1                5015.68A    -2.636    0.0199      Si 2                1193.29A    -3.525    0.0026      Fe 4                532.950A    -3.600    0.0022
He 1                3964.73A    -3.034    0.0080      Si 2                1190.42A    -3.600    0.0022      Fe 4                275.130A    -3.622    0.0021
He 1                3613.64A    -3.348    0.0039      Si 2                2350.17A    -2.770    0.0147      Fe 4                259.600A    -3.693    0.0018
He 1                3447.59A    -3.612    0.0021      Si 2                2344.20A    -2.294    0.0439      Fe 4                251.070A    -3.751    0.0015
He 1                7065.71A    -3.216    0.0052      Si 2                2334.60A    -2.180    0.0570      Fe 4                245.840A    -3.786    0.0014
He 1                7065.21A    -2.739    0.0157      Si 2                1817.45A    -2.838    0.0126      Fe 4                326.120A    -3.779    0.0014
He 1                7065.18A    -2.517    0.0262      Si 2                1816.93A    -2.253    0.0482      Fe 4                242.370A    -3.811    0.0013
Blnd                7065.25A    -2.262    0.0472      Si 2                1533.43A    -3.010    0.0084      Fe 4                239.960A    -3.834    0.0013
He 1                5875.98A    -2.921    0.0104      Si 2                1309.28A    -3.401    0.0034      Fe 4                281.200A    -3.852    0.0012
He 1                5875.64A    -2.444    0.0311      Si 2                1265.00A    -3.251    0.0048      Fe 4                262.550A    -3.913    0.0011
He 1                5875.61A    -2.222    0.0518      Si 2                1264.74A    -3.160    0.0060      Fe 5                236.210A    -3.651    0.0019
Blnd                5875.66A    -1.967    0.0932      Si 2                1197.39A    -3.334    0.0040      Fe 5                236.300A    -3.680    0.0018
He 1                4713.16A    -3.732    0.0016      Si 2                1194.50A    -3.194    0.0055      Fe 5                391.409A    -3.652    0.0019
He 1                4713.14A    -3.510    0.0027      Si 3                1892.03A    -1.651    0.1927      Fe 5                227.780A    -3.746    0.0015
Blnd                4713.17A    -3.255    0.0048      Si 3                1882.71A    -1.510    0.2668      Fe 5                389.529A    -3.750    0.0015
He 1                4471.69A    -3.356    0.0038      Si 3                1206.50A    -2.553    0.0242      Fe 5                369.760A    -3.742    0.0016
He 1                4471.49A    -2.879    0.0114      Si 4                1393.75A    -2.298    0.0435      Fe 5                236.880A    -3.787    0.0014
He 1                4471.47A    -2.657    0.0190      Si 4                1402.77A    -2.555    0.0240      Fe 6                174.510A    -3.910    0.0011
Blnd                4471.50A    -2.402    0.0343      Ti 5                252.959A    -3.905    0.0011      Fe 6                295.530A    -3.783    0.0014
Blnd                4120.84A    -3.738    0.0016      Al 2                2669.15A    -2.490    0.0280      Fe 6                292.810A    -3.829    0.0013
He 1                4026.36A    -3.678    0.0018      Al 2                2660.35A    -2.387    0.0354      P  2                967.202A    -3.872    0.0012
He 1                4026.20A    -3.201    0.0054      Al 2                1670.79A    -2.783    0.0142      P  2                963.828A    -3.788    0.0014
He 1                4026.19A    -2.979    0.0091      Al 5                2.90450m    -3.145    0.0062      Ti 2                3364.74A    -3.505    0.0027
Blnd                4026.21A    -2.724    0.0163      C  4                1550.77A    -1.864    0.1181      Ti 2                3237.15A    -3.707    0.0017
He 1                3819.61A    -3.463    0.0030      C  4                1548.19A    -1.575    0.2298      Cr 2                2059.78A    -3.693    0.0018
He 1                3819.60A    -3.241    0.0050      C  4                419.714A    -3.711    0.0017      Ni 2                1751.83A    -3.822    0.0013
Blnd                3819.62A    -2.986    0.0089      C  4                312.451A    -3.399    0.0034      Ni 2                1744.24A    -3.733    0.0016
He 1                3704.90A    -3.884    0.0011      C  4                312.420A    -3.381    0.0036      Ni 2                1375.73A    -3.887    0.0011
He 1                3704.76A    -3.406    0.0034      C  4                244.911A    -3.796    0.0014      Ni 2                1324.11A    -3.895    0.0011
He 1                3704.75A    -3.185    0.0056      C  4                244.903A    -3.756    0.0015      hyperfine structure.............................
Blnd                3704.77A    -2.929    0.0102      Ca 2                7323.89A    -2.514    0.0265      inner shell.....................................
He 1                3634.08A    -3.572    0.0023      Ca 2                7291.47A    -2.329    0.0405      molecules.......................................
He 1                3634.07A    -3.350    0.0039      Ca 2                3968.47A    -3.080    0.0072      bands...........................................
Blnd                3634.09A    -3.095    0.0069      Ca 2                8662.14A    -3.376    0.0036      Fe 2b               2500.00A    -1.583    0.2256
He 1                3587.16A    -3.717    0.0017      Ca 2                3933.66A    -2.960    0.0095      Fe 2b               5000.00A    -1.629    0.2030
He 1                3587.15A    -3.495    0.0028      Ca 2                8542.09A    -3.020    0.0083      Fe 2b               7000.00A    -2.060    0.0751
Blnd                3587.17A    -3.240    0.0050      Ca 5                4.15739m    -2.868    0.0117      Fe 2b               10000.0A    -1.319    0.4140
He 1                3554.34A    -3.847    0.0012      Ca 5                5309.11A    -3.229    0.0051      Fe 2b               2355.00A    -2.044    0.0781
He 1                3554.33A    -3.625    0.0020      Cl 2                14.3639m    -3.437    0.0032      Fe 2b               2430.00A    -1.622    0.2062
Blnd                3554.35A    -3.370    0.0037      Cl 2                8578.70A    -3.043    0.0078      Fe 2b               2445.00A    -1.622    0.2062
He 1                3530.43A    -3.743    0.0016      Cl 2                9123.60A    -3.628    0.0020      Fe 2b               2495.00A    -2.641    0.0197
Blnd                3530.44A    -3.488    0.0028      Cl 3                5537.87A    -2.684    0.0179      Fe 2b               2610.00A    -1.901    0.1086
He 1                3512.46A    -3.850    0.0012      Cl 3                5517.71A    -2.680    0.0180      Fe 2b               2758.00A    -2.700    0.0172
Blnd                3512.48A    -3.595    0.0022      Cl 3                3353.17A    -3.930    0.0010      Fe 2b               2780.00A    -2.677    0.0182
Blnd                3498.62A    -3.694    0.0017      Cl 3                3342.80A    -3.519    0.0026      Fe 2b               2935.00A    -3.797    0.0014
Blnd                3487.70A    -3.785    0.0014      Cl 4                20.3197m    -2.660    0.0189      Fe 2b               2960.00A    -3.845    0.0012
Blnd                3478.95A    -3.869    0.0012      Cl 4                11.7629m    -2.637    0.0199      Fe 2b               3180.00A    -3.651    0.0019
He 1                3439.98A    -3.785    0.0014      Cl 4                7530.54A    -3.102    0.0068      Fe 2b               3250.00A    -3.222    0.0052
Blnd                3440.00A    -3.530    0.0025      Cl 4                8045.62A    -2.738    0.0158      Fe 2b               3590.00A    -3.323    0.0041
He 1                7281.35A    -3.178    0.0057      Fe 4                3094.96A    -2.197    0.0548      Fe 2b               4255.00A    -2.120    0.0655
He 1                6678.15A    -2.550    0.0244      Fe 4                2835.74A    -1.309    0.4239      Fe 2b               4558.00A    -2.879    0.0114
He 1                5047.74A    -3.779    0.0014      Fe 4                2829.36A    -1.578    0.2284      Fe 2b               4600.00A    -2.839    0.0125
He 1                4921.93A    -2.982    0.0090      Fe 4                2823.50A    -3.258    0.0048      Fe 2b               4743.00A    -3.488    0.0028
He 1                4387.93A    -3.302    0.0043      Fe 4                2577.92A    -3.184    0.0057      Fe 2b               4855.00A    -2.921    0.0104
He 1                4143.76A    -3.560    0.0024      Fe 4                2.83562m    -2.706    0.0170      Fe 2b               4920.00A    -2.406    0.0339
He 1                4009.05A    -3.566    0.0023      Fe 4                2.80554m    -3.237    0.0050      Fe 2b               4975.00A    -2.926    0.0102
He 1                3926.41A    -3.734    0.0016      Fe 4                2.86447m    -3.033    0.0080      Fe 2b               4971.00A    -2.965    0.0094
He 1                3871.69A    -3.880    0.0011      Fe 4                2567.61A    -2.212    0.0530      Fe 2b               5070.00A    -2.866    0.0118
He 1                4.29471m    -3.321    0.0041      Fe 4                2.71569m    -3.328    0.0041      Fe 2b               5143.00A    -2.308    0.0425
He 1                1.25275m    -3.589    0.0022      Fe 4                2567.40A    -2.961    0.0095      Fe 2b               5270.00A    -2.025    0.0814
He 1                9463.58A    -3.807    0.0013      Fe 4                2.71341m    -3.856    0.0012      Fe 2b               5318.00A    -2.346    0.0389
He 1                1.70025m    -3.552    0.0024      Fe 4                2.77325m    -3.532    0.0025      Fe 2b               5540.00A    -3.057    0.0076
He 1                1.19691m    -3.720    0.0016      Fe 4                6739.82A    -2.711    0.0168      Fe 2b               5865.00A    -3.662    0.0019
He 1                1.03113m    -3.926    0.0010      Fe 4                6761.38A    -3.212    0.0053      Fe 2b               6565.00A    -3.615    0.0021
He 1                9515.00A    -3.816    0.0013      Fe 4                6734.42A    -2.958    0.0095      Fe 2b               6910.00A    -3.787    0.0014
He 1                1.95431m    -3.823    0.0013      Fe 4                6997.10A    -3.541    0.0025      Fe 2b               7445.00A    -2.087    0.0707
He 1                1.86854m    -2.945    0.0098      Fe 4                6792.48A    -3.689    0.0018      Fe 2b               8625.00A    -2.110    0.0670
He 1                1.27849m    -3.278    0.0046      Fe 4                5233.76A    -3.306    0.0043      Fe 2b               1.03250m    -3.092    0.0070
He 1                1.09130m    -3.549    0.0024      Fe 4                5033.59A    -3.624    0.0021      Fe 2b               1.88900m    -2.056    0.0758
He 1                1.00275m    -3.746    0.0016      Fe 4                4906.56A    -3.021    0.0082      Fe 2b               2.20000m    -3.257    0.0048
He 1                9526.01A    -3.920    0.0010      Fe 4                4917.97A    -3.529    0.0026      miscellaneous...................................
He 1                1.86972m    -3.430    0.0032      Fe 4                7222.76A    -3.504    0.0027      C 2R                1335.00A    -1.860    0.1193
He 1                1.27905m    -3.760    0.0015      Fe 4                4899.97A    -3.351    0.0038      C 3R                977.000A    -2.305    0.0428
He 1                4.04791m    -3.670    0.0018      Fe 4                4903.07A    -3.331    0.0040      C 3R                1909.00A    -2.461    0.0299
extra Lyman.....................................      Fe 4                7183.99A    -3.680    0.0018      C 3R                1175.00A    -2.642    0.0197
database lines..................................      Fe 4                4868.16A    -3.468    0.0029      C 4R                1549.00A    -3.450    0.0031
Al 3                1862.79A    -2.970    0.0093      Fe 4                4869.23A    -3.814    0.0013      N 2R                1085.00A    -2.969    0.0093
Al 3                1854.72A    -2.707    0.0170      Fe 4                7191.23A    -3.716    0.0017      N 3R                990.000A    -2.363    0.0374
Al 6                3.65932m    -3.446    0.0031      Fe 4                4867.95A    -3.531    0.0025      O 2R                3729.00A    -3.123    0.0065
Ar 2                6.98337m    -3.177    0.0057      Fe 4                4206.59A    -3.581    0.0023      O 2R                4651.00A    -3.258    0.0048
Ar 3                3109.18A    -3.231    0.0051      Fe 4                4208.88A    -3.613    0.0021      O 2R                4341.00A    -3.535    0.0025
Ar 3                5191.82A    -3.566    0.0023      Fe 4                4144.20A    -3.589    0.0022      O 3R                835.000A    -2.245    0.0492
Ar 3                7135.79A    -1.575    0.2300      Fe 4                4152.34A    -3.891    0.0011      O 4R                789.000A    -2.736    0.0159
Ar 3                7751.11A    -2.199    0.0546      Fe 5                70.3538m    -2.381    0.0359      Blnd                1400.00A    -2.039    0.0789
Ar 3                8.98898m    -1.683    0.1793      Fe 5                36.3273m    -1.973    0.0920      Blnd                1650.00A    -0.812    1.3326
Ar 3                21.8253m    -2.863    0.0118      Fe 5                25.9131m    -2.055    0.0760      Blnd                1304.00A    -3.010    0.0084
Ar 4                2853.66A    -3.329    0.0040      Fe 5                20.8407m    -2.315    0.0418      Blnd                1039.00A    -3.498    0.0027
Ar 4                2868.22A    -3.675    0.0018      Fe 5                4180.59A    -2.804    0.0136      Blnd                2798.00A    -0.862    1.1869
Ar 4                4711.26A    -2.379    0.0361      Fe 5                4143.15A    -2.550    0.0243      Blnd                6720.00A    -1.273    0.4608
Ar 4                4740.12A    -2.510    0.0267      Fe 5                4227.19A    -1.841    0.1245      Blnd                4074.00A    -2.152    0.0609
Ar 5                7005.83A    -3.660    0.0019      Fe 5                4003.21A    -3.491    0.0028      Blnd                1.03300m    -2.260    0.0474
Ar 5                7.89971m    -3.031    0.0080      Fe 5                4071.24A    -2.559    0.0238      Blnd                1256.00A    -3.382    0.0036
Ar 5                13.0985m    -2.849    0.0122      Fe 5                3895.22A    -2.888    0.0112      Blnd                1198.00A    -3.148    0.0061
Ar 6                4.52800m    -3.835    0.0013      Fe 5                3851.34A    -3.199    0.0055      Blnd                1720.00A    -2.877    0.0115
C  2                687.053A    -3.647    0.0019      Fe 5                3794.94A    -2.610    0.0212      Blnd                3722.00A    -2.578    0.0228
C  2                687.352A    -3.918    0.0010      Fe 5                3755.70A    -2.892    0.0111      Blnd                1406.00A    -3.309    0.0042
C  2                858.559A    -3.839    0.0013      Fe 5                3911.33A    -3.430    0.0032      Blnd                2665.00A    -2.134    0.0634
C  2                903.623A    -3.610    0.0021      Fe 5                3839.27A    -2.562    0.0237      Blnd                1860.00A    -2.517    0.0262
C  2                903.962A    -3.545    0.0025      Fe 5                3783.22A    -2.974    0.0092      Blnd                4725.00A    -2.138    0.0628
C  2                904.142A    -3.456    0.0030      Fe 5                3891.28A    -2.672    0.0184      Blnd                2860.00A    -3.167    0.0059
C  2                904.480A    -3.597    0.0022      Fe 5                3819.95A    -3.343    0.0039      Blnd                7250.00A    -3.736    0.0016
C  2                1036.34A    -3.405    0.0034      Fe 5                2.04669m    -3.716    0.0017      Blnd                2335.00A    -1.823    0.1297
C  2                1037.02A    -3.348    0.0039      Fe 5                3445.62A    -3.333    0.0040      Blnd                1888.00A    -1.274    0.4595
C  2                1334.53A    -3.243    0.0049      Fe 5                3400.41A    -3.701    0.0017      Blnd                1397.00A    -2.107    0.0675
C  2                1335.66A    -3.248    0.0049      Fe 5                1.91721m    -3.870    0.0012      Blnd                2424.00A    -1.950    0.0969
C  2                1335.71A    -2.936    0.0100      Fe 5                3463.51A    -3.237    0.0050      Blnd                3350.00A    -3.377    0.0036
C  2                2323.50A    -2.998    0.0087      Fe 5                3406.89A    -3.774    0.0015      Blnd                5525.00A    -2.381    0.0359
C  2                2324.69A    -2.780    0.0143      Fe 5                2760.64A    -3.923    0.0010      Blnd                8494.00A    -3.789    0.0014
C  2                2325.40A    -1.973    0.0920      Fe 5                2828.24A    -3.342    0.0039      Blnd                8579.00A    -2.828    0.0128
C  2                2326.93A    -2.216    0.0525      Fe 5                2780.40A    -3.836    0.0013      Blnd                7306.00A    -2.110    0.0670
C  2                2328.12A    -2.727    0.0162      Fe 5                2750.88A    -3.648    0.0019      Blnd                3933.00A    -2.715    0.0167
C  2                157.636m    -3.492    0.0028      Fe 5                2730.21A    -3.557    0.0024      Blnd                1657.00A    -3.872    0.0012
C  3                1908.73A    -1.297    0.4358      Fe 5                2717.82A    -3.634    0.0020      Blnd                2326.00A    -1.672    0.1837
C  3                1906.68A    -1.134    0.6347      Fe 5                2707.36A    -3.582    0.0023      Blnd                1335.00A    -2.639    0.0198
C  3                977.020A    -2.389    0.0353      Fe 6                19.5527m    -2.007    0.0851      Blnd                1909.00A    -0.907    1.0704
C  3                386.203A    -3.613    0.0021      Fe 6                14.7670m    -2.213    0.0529      Blnd                1549.00A    -1.395    0.3479
C  3                884.524A    -3.798    0.0014      Fe 6                12.3074m    -2.476    0.0288      Blnd                5199.00A    -3.255    0.0048
Ca 4                669.696A    -3.889    0.0011      Fe 6                5335.18A    -2.659    0.0189      Blnd                1085.00A    -2.935    0.0100
Ca 4                3.20610m    -2.035    0.0796      Fe 6                5484.84A    -2.913    0.0105      Blnd                2141.00A    -2.748    0.0154
Co 2                1.01879m    -3.872    0.0012      Fe 6                5631.07A    -2.808    0.0134      Blnd                1750.00A    -2.200    0.0545
Cr 2                8000.08A    -3.914    0.0011      Fe 6                5277.81A    -3.160    0.0060      Blnd                990.000A    -2.953    0.0096
Cr 5                594.921A    -3.710    0.0017      Fe 6                5424.22A    -2.829    0.0128      Blnd                1486.00A    -2.467    0.0294
Fe 2                25.9813m    -2.216    0.0526      Fe 6                5676.95A    -2.767    0.0148      Blnd                1240.00A    -3.332    0.0040
Fe 2                5.33871m    -1.802    0.1361      Fe 6                5426.64A    -3.097    0.0069      Blnd                6300.00A    -2.062    0.0749
Fe 2                4.11387m    -3.714    0.0017      Fe 6                5234.28A    -3.630    0.0020      Blnd                2471.00A    -2.147    0.0615
Fe 2                1.25668m    -2.855    0.0121      Fe 6                5370.29A    -3.718    0.0017      Blnd                7323.00A    -2.315    0.0418
Fe 2                4632.28A    -3.676    0.0018      Fe 6                5145.75A    -2.460    0.0300      Blnd                7332.00A    -2.403    0.0342
Fe 2                4416.27A    -3.597    0.0022      Fe 6                4972.47A    -2.475    0.0289      Blnd                833.000A    -3.264    0.0047
Fe 2                4287.39A    -2.810    0.0134      Fe 6                5176.04A    -2.508    0.0268      Blnd                3727.00A    -0.751    1.5311
Fe 2                2599.40A    -3.326    0.0041      Fe 6                4967.14A    -2.879    0.0114      Blnd                7325.00A    -2.056    0.0759
Fe 2                2382.04A    -2.418    0.0330      Fe 6                3813.54A    -3.513    0.0026      Blnd                1666.00A    -1.801    0.1366
Fe 2                35.3391m    -2.842    0.0124      Fe 6                3889.40A    -3.311    0.0042      Blnd                5007.00A     0.330   18.4686
Fe 2                6.71944m    -2.942    0.0099      Fe 6                1.28877m    -3.792    0.0014      Blnd                835.000A    -2.808    0.0134
Fe 2                4.88781m    -3.378    0.0036      Fe 6                3662.50A    -3.270    0.0046      Blnd                1402.00A    -2.879    0.0114
Fe 2                1.32055m    -3.352    0.0038      Fe 6                3492.10A    -3.904    0.0011      Blnd                789.000A    -3.059    0.0075
Fe 2                7637.52A    -3.343    0.0039      Fe 6                3555.60A    -3.595    0.0022      Blnd                1035.00A    -3.655    0.0019



 AGN log nH=3.22 log U=-2.33  
 Cooling:  O  3c                     0  :0.420 S  3c                     0  :0.059  
 Heating:  BFH1                      0  :0.707 BFHe                      0  :0.236  

 These are some of the most important databases used by Cloudy:
 Many recombination coefficients were taken from http://amdpp.phys.strath.ac.uk/tamoc/RR/ and http://amdpp.phys.strath.ac.uk/tamoc/DR/
      and are based on the following papers:
        Badnell N. R., et al., A&A 406, 1151 (2003) [http://adsabs.harvard.edu/abs/2003A%26A...406.1151B]
        Badnell N. R., ApJS 167, 334 (2006) [http://adsabs.harvard.edu/abs/2006ApJS..167..334B]
 Much of the molecular emission data is from LAMDA as accessed on June 30, 2015. This database is described in:
        Schoeier F.L., et al., A&A 432, 369 (2005) [http://adsabs.harvard.edu/abs/2005A%26A...432..369S]
      This database is in part based on the work of the following groups:
        JPL: Pickett H. M. et al., JQSRT, 60, 883 (1998). [http://adsabs.harvard.edu/abs/1998JQSRT..60..883P]
        CDMS: Mueller H. S. et al., A&A 370, L49 (2001). [http://adsabs.harvard.edu/abs/2001A%26A...370L..49M]
              Mueller H. S. et al., J. Mol. Struct. 742, 215 (2005). [http://adsabs.harvard.edu/abs/2005JMoSt.742..215M]
 Some of the ionic emission data is from a reprocessed version of 10.1 of CHIANTI. CHIANTI is a collaborative project involving the NRL (USA), the
      Universities of Florence (Italy) and Cambridge (UK), and George Mason University (USA). These papers describe Chianti:
        Dere K. P., et al., A&AS, 125, 149 (1997) [http://adsabs.harvard.edu/abs/1997A%26AS..125..149D]
        Dere, K. P., et al., APJ, 268, 52 (2023) [https://ui.adsabs.harvard.edu/abs/2023ApJS..268...52D]
      This paper describes the reprocessed version of Chianti used:
        Gunasekera, C. M., et al., Astronomy, 1, 255. (2022) [https://ui.adsabs.harvard.edu/abs/2022Astro...1..255G]
 Much of the H_2 data is from this web site: http://molat.obspm.fr/index.php?page=pages/Molecules/H2/H2can94.php. These data are
      described in:
        Abgrall H. et al., Can. J. Phys., 72, 856 (1994) [http://adsabs.harvard.edu/abs/1994CaJPh..72..856A]
        Wrathmall S. A. & Flower D. R., J. Phys. B, 40, 3221 (2007) [http://adsabs.harvard.edu/abs/2007JPhB...40.3221W]
 The Case A and Case B recombination predictions for one-electron systems are from
	Storey, P.J. & Hummer, D.G., 1995, MNRAS 272, 41 http://adsabs.harvard.edu/abs/1995MNRAS.272...41S
 The He I recombination predictions are from
	Porter, R. L.; Ferland, G. J.; Storey, P. J.; Detisch, M. J., 2012, MNRAS, 425, 28p http://adsabs.harvard.edu/abs/2012MNRAS.425L..28P
		http://adsabs.harvard.edu/abs/2013MNRAS.433L..89P

 If you find some process or data set to be particularly critical to a result, please follow the trail of references back to the
 original source and cite that.  This will support and encourage atomic, molecular, and chemical physicists to continue their
 valuable work.

 IONIZE PARMET:  U(1-) -2.3333  U(4-): -3.2742  U(sp): -2.33  Q(ion):    8.711  L(ion)  0.543    Q(low): 13.611    L(low)  1.394
 ENERGY BUDGET:  Heat:   0.764  Coolg:   0.764  Error:  0.0%  Rec Lin:   0.295  F-F  H  0.000    P(rad/tot)max     5.01E-02    R(F Con):1.737e+05

     Col(Heff):      4.050E+20  snd travl time  3.01E+11 sec  Te-low: 3.94E+03  Te-hi: 1.21E+04  G0TH85: 2.06E+03  G0DB96:2.21E+03
  Emiss Measure    n(e)n(p) dl       9.913E+23  n(e)n(He+)dl         6.946E+22  En(e)n(He++) dl         1.638E+22  ne nC+:2.06E+19
 He/Ha:8.10E-02  =   0.95*true  Lthin:8.71E+01  itr/zn: 6.18  H2 itr/zn:  0.00  File Opacity: F  MassTot 1.33e-03  (gm/cm^2)
   Temps(21 cm)   T(21cm/Ly a)  4.01E+03        T(<nH/Tkin>)  7.90E+03          T(<nH/Tspin>)    4.31E+03          TB21cm:8.67E-01
                   N(H0/Tspin)  7.41E+15        N(OH/Tkin)    1.07E+04          B(21cm)          0.00E+00
   <a>:3.87E-07  erdeFe3.6E+22  Tcompt4.87E+07  Tthr3.32E+09  <Tden>: 1.06E+04  <dens>:3.79E-21  <MolWgt>6.48E-01
     Mean Jeans  l(cm)9.69E+19  M(sun)9.06E+05  smallest:     len(cm):5.89E+19  M(sun):2.04E+05  a_ox tran: -1.41
 Rion:1.000E+30  Dist:0.00E+00  Diam:0.000E+00
 Hatom level 70  HatomType: add  HInducImp  F  He tot level: 63  He2 level:   70  ExecTime    73.8
 ConvrgError(%)  <eden>  0.071  MaxEden  0.745  <H-C>   0.11  Max(H-C)    0.49  <Press>   0.000  MaxPrs er  0.000
  Continuity(%)  chng Te   3.2  elec den   5.7  n(H2)    0.0  n(CO)        0.0

                                                        Averaged Quantities
             Te      Te(Ne)   Te(NeNp)  Te(NeHe+)Te(NeHe2+) Te(NeO+)  Te(NeO2+)  Te(H2)     N(H)     Ne(O2+)   Ne(Np)
 Radius:  1.06e+04  1.08e+04  1.08e+04  1.07e+04  1.10e+04  1.11e+04  1.07e+04  4.83e+03  1.67e+03  1.82e+03  1.80e+03
 
 Peimbert T(OIIIr)9.87E+03 T(Bac)1.03E+04 T(Hth)1.02E+04 t2(Hstrc) 3.27e-03 T(O3-BAC)1.01E+04 t2(O3-BC)-6.87e-03 t2(O3str) 3.24e-03

 Contin Optical Depths: COMP: 4.06e-04    H-: 1.98e-05 R(1300): 2.15e-04  H2+: 5.57e-07  Bra:2.03E-04
                          Pa: 2.03e-04    Ba: 2.12e-04      Hb: 2.10e-04   La: 2.64e-01     1r:5.004E+07  1.8:1.18E+07 4.:1.715E+06

 Old, new H  1 continuum optical depths:
     1 1.00e+08     2 0.00e+00     3 0.00e+00     4 0.00e+00     5 0.00e+00     6 0.00e+00     7 0.00e+00     8 0.00e+00
     9 0.00e+00    10 0.00e+00    11 0.00e+00    12 0.00e+00    13 0.00e+00    14 0.00e+00    15 0.00e+00    16 0.00e+00
    17 0.00e+00    18 0.00e+00    19 0.00e+00    20 0.00e+00    21 0.00e+00    22 0.00e+00    23 0.00e+00    24 0.00e+00
    25 0.00e+00    26 0.00e+00    27 0.00e+00    28 0.00e+00    29 0.00e+00    30 0.00e+00    31 0.00e+00    32 0.00e+00
    33 0.00e+00    34 0.00e+00    35 0.00e+00    36 0.00e+00    37 0.00e+00    38 0.00e+00    39 0.00e+00    40 0.00e+00
    41 0.00e+00    42 0.00e+00    43 0.00e+00    44 0.00e+00    45 0.00e+00    46 0.00e+00    47 0.00e+00    48 0.00e+00
    49 0.00e+00    50 0.00e+00    51 0.00e+00    52 0.00e+00    53 0.00e+00    54 0.00e+00
     1 5.00e+07     2 5.22e-06     3 1.01e-05     4 1.01e-05     5 1.01e-05     6 2.58e-06     7 2.58e-06     8 2.58e-06
     9 2.58e-06    10 1.07e-12    11 1.07e-12    12 1.07e-12    13 1.07e-12    14 1.07e-12    15 2.48e-12    16 2.48e-12
    17 2.48e-12    18 2.48e-12    19 2.48e-12    20 2.48e-12    21 5.13e-12    22 5.13e-12    23 5.13e-12    24 5.13e-12
    25 5.13e-12    26 5.13e-12    27 5.13e-12    28 9.74e-12    29 9.74e-12    30 9.74e-12    31 9.74e-12    32 9.74e-12
    33 9.74e-12    34 9.74e-12    35 9.74e-12    36 1.74e-11    37 1.74e-11    38 1.74e-11    39 1.74e-11    40 1.74e-11
    41 1.74e-11    42 1.74e-11    43 1.74e-11    44 1.74e-11    45 2.92e-11    46 2.92e-11    47 2.92e-11    48 2.92e-11
    49 2.92e-11    50 2.92e-11    51 2.92e-11    52 2.92e-11    53 2.92e-11    54 2.92e-11

 Old, new H  1 mean line optical depths:
  2- 1 1.18e+09  3- 2 9.42e-02  4- 3 0.00e+00  5- 4 0.00e+00  6- 5 0.00e+00  7- 6 0.00e+00  8- 7 0.00e+00
  9- 8 0.00e+00 10- 9 0.00e+00 11-10 0.00e+00 12-11 0.00e+00 13-12 0.00e+00 14-13 0.00e+00 15-14 0.00e+00 16-15 0.00e+00
 17-16 0.00e+00 18-17 0.00e+00 19-18 0.00e+00 20-19 0.00e+00 21-20 0.00e+00 22-21 0.00e+00 23-22 0.00e+00 24-23 0.00e+00
 25-24 0.00e+00
  2- 1 3.72e+06  3- 2 4.83e-03  4- 3 5.00e-09  5- 4 2.32e-09  6- 5 3.74e-11  7- 6-1.32e-09  8- 7 5.40e-10
  9- 8 7.53e-09 10- 9 2.04e-08 11-10 3.98e-07 12-11-1.65e-07 13-12-2.67e-07 14-13-4.30e-07 15-14-6.78e-07 16-15-1.07e-06
 17-16-1.70e-06 18-17-2.73e-06 19-18-4.62e-06 20-19-8.06e-06 21-20-1.50e-05 22-21-3.04e-05 23-22-7.19e-05 24-23-2.34e-04
 25-24-8.04e-03

 Old, new He 2 continuum optical depths:
     1 3.43e+06     2 9.96e+07     3 0.00e+00     4 0.00e+00     5 0.00e+00     6 0.00e+00     7 0.00e+00     8 0.00e+00
     9 0.00e+00    10 0.00e+00    11 0.00e+00    12 0.00e+00    13 0.00e+00    14 0.00e+00    15 0.00e+00    16 0.00e+00
    17 0.00e+00    18 0.00e+00    19 0.00e+00    20 0.00e+00    21 0.00e+00    22 0.00e+00    23 0.00e+00    24 0.00e+00
    25 0.00e+00    26 0.00e+00    27 0.00e+00    28 0.00e+00    29 0.00e+00    30 0.00e+00    31 0.00e+00    32 0.00e+00
    33 0.00e+00    34 0.00e+00    35 0.00e+00    36 0.00e+00    37 0.00e+00    38 0.00e+00    39 0.00e+00    40 0.00e+00
    41 0.00e+00    42 0.00e+00    43 0.00e+00    44 0.00e+00    45 0.00e+00    46 0.00e+00    47 0.00e+00    48 0.00e+00
    49 0.00e+00    50 0.00e+00    51 0.00e+00    52 0.00e+00    53 0.00e+00    54 0.00e+00
     1 1.72e+06     2 4.98e+07     3 1.56e-04     4 1.56e-04     5 1.56e-04     6 5.22e-06     7 5.22e-06     8 5.22e-06
     9 5.22e-06    10 8.22e-06    11 8.22e-06    12 8.22e-06    13 8.22e-06    14 8.22e-06    15 1.01e-05    16 1.01e-05
    17 1.01e-05    18 1.01e-05    19 1.01e-05    20 1.01e-05    21 8.42e-06    22 8.42e-06    23 8.42e-06    24 8.42e-06
    25 8.42e-06    26 8.42e-06    27 8.42e-06    28 2.58e-06    29 2.58e-06    30 2.58e-06    31 2.58e-06    32 2.58e-06
    33 2.58e-06    34 2.58e-06    35 2.58e-06    36 6.15e-13    37 6.15e-13    38 6.15e-13    39 6.15e-13    40 6.15e-13
    41 6.15e-13    42 6.15e-13    43 6.15e-13    44 6.15e-13    45 1.07e-12    46 1.07e-12    47 1.07e-12    48 1.07e-12
    49 1.07e-12    50 1.07e-12    51 1.07e-12    52 1.07e-12    53 1.07e-12    54 1.07e-12

 Old, new He 2 mean line optical depths:
  2- 1 1.01e+08  3- 2 8.02e-03  4- 3 0.00e+00  5- 4 0.00e+00  6- 5 0.00e+00  7- 6 0.00e+00  8- 7 0.00e+00
  9- 8 0.00e+00 10- 9 0.00e+00 11-10 0.00e+00 12-11 0.00e+00 13-12 0.00e+00 14-13 0.00e+00 15-14 0.00e+00 16-15 0.00e+00
 17-16 0.00e+00 18-17 0.00e+00 19-18 0.00e+00 20-19 0.00e+00 21-20 0.00e+00 22-21 0.00e+00 23-22 0.00e+00 24-23 0.00e+00
 25-24 0.00e+00
  2- 1 2.01e+06  3- 2 3.68e-06  4- 3 8.37e-12  5- 4-1.15e-11  6- 5-3.84e-11  7- 6-6.29e-11  8- 7-6.44e-11
  9- 8-2.28e-11 10- 9 6.88e-11 11-10 3.46e-09 12-11-1.56e-09 13-12-2.50e-09 14-13-3.92e-09 15-14-6.00e-09 16-15-9.11e-09
 17-16-1.38e-08 18-17-2.12e-08 19-18-3.32e-08 20-19-5.50e-08 21-20-9.61e-08 22-21-1.85e-07 23-22-4.15e-07 24-23-1.27e-06
 25-24-4.45e-05

 Old He Is optical depths:    1 2.36e+07    2 0.00e+00    3 0.00e+00    4 0.00e+00    5 0.00e+00
 New He Is optical depths:    1 1.18e+07    2 1.98e-04    3 4.33e-06    4 4.84e-06    5 4.84e-06
          Old He Is Lines:  584 0.00e+00 3889 0.00e+00 5016 0.00e+00 5876 0.00e+00
          New He Is Lines:  584 1.03e+05 3889 7.12e+00 5016 3.82e-05 5876 9.18e-07
AGN log nH=3.22 log U=-2.33  


          Start Iteration Number 2                                                 AGN log nH=3.22 log U=-2.33  


 ####  1  Te:1.216E+04 Hden:1.668E+03 Ne:1.935E+03 R:1.000E+30 R-R0:2.205E+13 dR:4.411E+13 NTR:  5 Htot:1.974E-17 T912: 2.03e+02###
 Hydrogen      1.61e-03 9.98e-01 H+o/Hden 1.00e+00 7.10e-11 H-    H2 8.99e-17 4.82e-12 H2+ HeH+ 1.11e-12 Ho+ ColD 1.18e+14 7.35e+16
 Helium        2.51e-04 1.45e-01 8.55e-01 HeI 2s3S 2.49e-07 Comp H,C 3.09e-22 2.84e-25 Fill Fac 1.00e+00 Gam1/tot 1.00e+00
 He singlet n  2.50e-04 3.40e-13 8.45e-20 4.59e-20 5.83e-20 5.41e-20 He tripl 2.49e-07 2.21e-17 1.94e-19 1.52e-18 1.69e-19
 Pressure      NgasTgas 4.56e+07 P(total) 6.29e-09 P( gas ) 6.29e-09 P(Radtn) 0.00e+00 Rad accl 1.79e-06 ForceMul 5.68e+03
 Texc(La)      3.38e+03 T(I con) 1.88e+01 T(D con) 2.37e+00 T(U tot) 1.88e+01 nT (c+d) 5.11e+06 Prad/Gas 0.00e+00 Pmag/Gas 0.00e+00
 Molecules     CH/Ctot: 4.49e-16 CH+/Ctot 1.12e-14 CO/Ctot: 6.92e-21 CO+/Ctot 6.24e-21 H2O/Otot 2.05e-28 OH/Ototl 2.13e-16
 Lithium       1.45e-04 4.66e-01 4.90e-01 4.40e-02 Berylliu 3.96e-04 1.63e-02 9.03e-01 7.99e-02 2.22e-04 sec ion: 1.53e-13
 Boron         6.40e-06 2.21e-02 1.67e-01 8.08e-01 3.44e-03 1.26e-06
 Carbon        8.01e-06 1.51e-02 4.71e-01 3.86e-01 1.28e-01 8.38e-05 0.00e+00 H2O+/O   3.35e-29 OH+/Otot 7.29e-17 Hex(tot) 0.00e+00
 Nitrogen      5.53e-06 7.81e-03 4.26e-01 5.09e-01 5.51e-02 1.79e-03 4.79e-07 0.00e+00 O2/Ototl 3.98e-23 O2+/Otot 1.65e-23
 Oxygen        7.07e-06 5.27e-03 2.88e-01 6.30e-01 7.47e-02 1.78e-03 2.97e-05 0.00e+00 0.00e+00
 Fluorine      1.63e-06 5.31e-03 3.49e-01 5.24e-01 1.20e-01 1.87e-03 7.65e-06 2.45e-07 0.00e+00 0.00e+00
 Neon          9.85e-07 3.11e-03 3.39e-01 5.66e-01 9.06e-02 1.47e-03 4.63e-06 0.00e+00 0.00e+00 0.00e+00 0.00e+00
 Sodium        2.10e-07 1.84e-03 2.07e-01 6.13e-01 1.76e-01 1.79e-03 1.31e-05 0.00e+00 0.00e+00 0.00e+00 0.00e+00 0.00e+00
 Magnesium     9.10e-05 2.75e-03 3.35e-01 5.39e-01 1.20e-01 3.86e-03 1.73e-05 0.00e+00 0.00e+00 0.00e+00 0.00e+00 0.00e+00 0.00e+00
 Aluminium  0  5.72e-06 1.10e-02 5.13e-02 6.23e-01 3.01e-01 1.38e-02 8.34e-05 3.20e-07 0.00e+00 0.00e+00 0.00e+00 0.00e+00 0.00e+00
 Silicon    0  5.20e-06 2.16e-02 2.66e-01 4.05e-01 2.94e-01 1.24e-02 1.34e-04 4.30e-07 0.00e+00 0.00e+00 0.00e+00 0.00e+00 0.00e+00
 Phosphorus 0  1.04e-05 5.36e-02 3.93e-01 3.51e-01 1.61e-01 4.08e-02 3.66e-04 1.45e-06 0.00e+00 0.00e+00 0.00e+00 0.00e+00 0.00e+00
 Sulphur    0  3.63e-06 1.47e-02 4.13e-01 4.89e-01 6.82e-02 1.30e-02 1.79e-03 7.71e-06 0.00e+00 0.00e+00 0.00e+00 0.00e+00 0.00e+00
 Chlorine   0  4.04e-06 1.64e-02 3.53e-01 5.35e-01 9.06e-02 4.43e-03 5.30e-04 3.60e-05 0.00e+00 0.00e+00 0.00e+00 0.00e+00 0.00e+00
 Argon      0  8.60e-07 2.74e-03 5.31e-01 3.94e-01 6.86e-02 3.24e-03 5.68e-05 9.71e-06 8.15e-07 0.00e+00 0.00e+00 0.00e+00 0.00e+00
 Potassium  0  5.67e-07 1.43e-02 3.76e-01 5.37e-01 7.10e-02 1.92e-03 4.91e-05 1.89e-06 2.56e-07 0.00e+00 0.00e+00 0.00e+00 0.00e+00
 Calcium    0  7.85e-07 2.36e-03 1.89e-01 6.22e-01 1.80e-01 5.98e-03 5.43e-05 6.28e-06 2.11e-07 0.00e+00 0.00e+00 0.00e+00 0.00e+00
 Scandium   0  6.89e-09 4.00e-05 1.04e-02 7.38e-01 2.32e-01 1.94e-02 1.39e-04 4.82e-06 0.00e+00 0.00e+00 0.00e+00 0.00e+00 0.00e+00
 Titanium   0  1.57e-08 2.31e-04 2.24e-02 6.23e-01 3.32e-01 2.17e-02 6.08e-04 5.65e-06 1.25e-07 0.00e+00 0.00e+00 0.00e+00 0.00e+00
 Vanadium   0  1.78e-08 6.14e-05 1.42e-02 1.71e-01 6.12e-01 2.00e-01 3.04e-03 1.28e-04 3.98e-07 0.00e+00 0.00e+00 0.00e+00 0.00e+00
 Chromium   0  7.78e-09 6.80e-05 1.96e-02 1.95e-01 5.46e-01 2.24e-01 1.50e-02 1.81e-04 6.98e-06 0.00e+00 0.00e+00 0.00e+00 0.00e+00
 Manganese  0  7.44e-09 7.83e-05 1.71e-02 1.60e-01 5.82e-01 2.27e-01 1.26e-02 8.77e-05 5.92e-06 2.07e-07 0.00e+00 0.00e+00 0.00e+00
 Iron       0  5.27e-09 2.91e-05 6.19e-03 1.68e-01 5.27e-01 2.72e-01 2.64e-02 3.90e-04 1.55e-06 0.00e+00 0.00e+00 0.00e+00 0.00e+00
 Cobalt     0  1.21e-08 2.09e-05 3.65e-03 9.14e-02 5.76e-01 2.99e-01 2.89e-02 8.89e-04 1.08e-05 5.46e-07 0.00e+00 0.00e+00 0.00e+00
 Nickel     0  6.99e-09 4.27e-05 6.83e-03 9.46e-02 4.88e-01 3.75e-01 3.44e-02 1.24e-03 1.46e-05 6.74e-07 0.00e+00 0.00e+00 0.00e+00
 Copper     0  9.91e-09 2.25e-05 1.13e-02 1.53e-01 4.52e-01 3.36e-01 4.49e-02 2.88e-03 3.60e-05 1.05e-06 0.00e+00 0.00e+00 0.00e+00
 Zinc       0  7.67e-09 9.60e-06 2.56e-03 9.14e-02 5.01e-01 3.56e-01 4.53e-02 3.48e-03 4.02e-05 1.11e-06 0.00e+00 0.00e+00 0.00e+00
 ####150  Te:3.990E+03 Hden:1.668E+03 Ne:1.340E+02 R:1.000E+30 R-R0:3.502E+17 dR:1.845E+14 NTR: 12 Htot:4.826E-19 T912: 4.04e+02###
 Hydrogen      9.34e-01 6.63e-02 H+o/Hden 1.00e+00 2.86e-09 H-    H2 1.04e-08 1.31e-09 H2+ HeH+ 8.50e-09 Ho+ ColD 3.17e+19 5.53e+20
 Helium        8.45e-01 1.53e-01 2.22e-03 HeI 2s3S 6.68e-08 Comp H,C 2.13e-23 6.45e-27 Fill Fac 1.00e+00 Gam1/tot 4.71e-01
 He singlet n  8.45e-01 4.09e-14 5.45e-19 6.85e-21 3.32e-20 1.10e-20 He tripl 6.68e-08 4.59e-18 1.92e-20 2.40e-19 3.09e-20
 Pressure      NgasTgas 7.76e+06 P(total) 1.07e-09 P( gas ) 1.07e-09 P(Radtn) 8.90e-15 Rad accl 7.31e-07 ForceMul 3.32e+04
 Texc(La)      3.52e+03 T(I con) 1.64e+01 T(D con) 1.51e+01 T(U tot) 1.88e+01 nT (c+d) 7.62e+06 Prad/Gas 8.30e-06 Pmag/Gas 0.00e+00
 Molecules     CH/Ctot: 8.25e-13 CH+/Ctot 3.10e-09 CO/Ctot: 1.28e-11 CO+/Ctot 1.69e-12 H2O/Otot 5.81e-18 OH/Ototl 7.19e-09
 Lithium       7.69e-05 1.00e+00 1.38e-05 0.00e+00 Berylliu 2.38e-04 7.88e-01 1.98e-01 1.33e-02 0.00e+00 sec ion: 2.53e-12
 Boron         3.03e-05 9.03e-01 5.14e-03 9.19e-02 4.91e-06 0.00e+00
 Carbon        1.45e-04 9.61e-01 3.88e-02 1.40e-05 5.94e-07 0.00e+00 0.00e+00 H2O+/O   2.38e-18 OH+/Otot 4.61e-09 Hex(tot) 0.00e+00
 Nitrogen      9.06e-01 9.41e-02 3.41e-05 1.57e-06 0.00e+00 0.00e+00 0.00e+00 0.00e+00 O2/Ototl 8.72e-13 O2+/Otot 7.00e-13
 Oxygen        9.48e-01 5.24e-02 3.88e-05 2.22e-07 0.00e+00 0.00e+00 0.00e+00 0.00e+00 0.00e+00
 Fluorine      3.01e-01 5.94e-01 1.06e-01 2.17e-06 8.87e-06 0.00e+00 0.00e+00 0.00e+00 0.00e+00 0.00e+00
 Neon          1.89e-01 5.78e-01 2.34e-01 6.71e-06 2.94e-07 0.00e+00 0.00e+00 0.00e+00 0.00e+00 0.00e+00 0.00e+00
 Sodium        6.28e-04 6.28e-01 3.72e-01 5.64e-05 3.49e-05 0.00e+00 0.00e+00 0.00e+00 0.00e+00 0.00e+00 0.00e+00 0.00e+00
 Magnesium     2.74e-04 5.83e-01 4.16e-01 2.24e-05 4.27e-07 0.00e+00 0.00e+00 0.00e+00 0.00e+00 0.00e+00 0.00e+00 0.00e+00 0.00e+00
 Aluminium  0  9.09e-06 5.22e-01 1.67e-01 3.11e-01 1.41e-04 0.00e+00 0.00e+00 0.00e+00 0.00e+00 0.00e+00 0.00e+00 0.00e+00 0.00e+00
 Silicon    0  3.26e-05 9.99e-01 9.80e-05 6.95e-04 7.29e-06 0.00e+00 0.00e+00 0.00e+00 0.00e+00 0.00e+00 0.00e+00 0.00e+00 0.00e+00
 Phosphorus 0  6.56e-05 7.95e-01 2.01e-01 3.27e-03 2.76e-05 1.06e-06 0.00e+00 0.00e+00 0.00e+00 0.00e+00 0.00e+00 0.00e+00 0.00e+00
 Sulphur    0  7.76e-05 6.91e-01 3.08e-01 1.35e-04 1.63e-05 1.09e-06 0.00e+00 0.00e+00 0.00e+00 0.00e+00 0.00e+00 0.00e+00 0.00e+00
 Chlorine   0  1.06e-04 7.43e-01 2.57e-01 1.75e-04 1.46e-05 7.07e-07 0.00e+00 0.00e+00 0.00e+00 0.00e+00 0.00e+00 0.00e+00 0.00e+00
 Argon      0  1.86e-01 6.91e-01 1.24e-01 5.68e-05 6.78e-06 3.00e-07 0.00e+00 0.00e+00 0.00e+00 0.00e+00 0.00e+00 0.00e+00 0.00e+00
 Potassium  0  8.65e-05 5.93e-01 4.02e-01 9.83e-05 4.65e-03 7.84e-07 0.00e+00 0.00e+00 0.00e+00 0.00e+00 0.00e+00 0.00e+00 0.00e+00
 Calcium    0  1.05e-06 1.83e-02 9.77e-01 4.27e-03 9.40e-05 1.43e-06 0.00e+00 0.00e+00 0.00e+00 0.00e+00 0.00e+00 0.00e+00 0.00e+00
 Scandium   0  4.20e-06 7.78e-02 8.55e-01 6.47e-02 2.82e-03 1.71e-06 0.00e+00 0.00e+00 0.00e+00 0.00e+00 0.00e+00 0.00e+00 0.00e+00
 Titanium   0  2.93e-05 7.75e-01 2.18e-01 3.14e-04 6.78e-03 1.16e-06 1.53e-07 0.00e+00 0.00e+00 0.00e+00 0.00e+00 0.00e+00 0.00e+00
 Vanadium   0  3.05e-04 7.70e-01 2.29e-01 4.63e-05 5.72e-04 9.31e-07 0.00e+00 0.00e+00 0.00e+00 0.00e+00 0.00e+00 0.00e+00 0.00e+00
 Chromium   0  2.69e-05 9.99e-01 1.26e-03 2.08e-05 7.79e-05 4.06e-06 1.97e-07 0.00e+00 0.00e+00 0.00e+00 0.00e+00 0.00e+00 0.00e+00
 Manganese  0  1.82e-04 9.98e-01 2.05e-03 2.34e-05 2.37e-04 3.27e-06 7.82e-07 0.00e+00 0.00e+00 0.00e+00 0.00e+00 0.00e+00 0.00e+00
 Iron       0  5.22e-05 9.99e-01 3.59e-04 8.89e-05 2.17e-05 2.46e-06 5.53e-07 0.00e+00 0.00e+00 0.00e+00 0.00e+00 0.00e+00 0.00e+00
 Cobalt     0  7.34e-04 9.99e-01 3.54e-04 1.09e-04 2.83e-04 1.67e-06 3.73e-07 0.00e+00 0.00e+00 0.00e+00 0.00e+00 0.00e+00 0.00e+00
 Nickel     0  2.17e-04 9.99e-01 3.07e-04 2.16e-05 4.46e-05 1.30e-06 2.59e-07 0.00e+00 0.00e+00 0.00e+00 0.00e+00 0.00e+00 0.00e+00
 Copper     0  2.00e-04 7.23e-01 2.77e-01 3.65e-05 7.77e-06 2.04e-06 3.59e-07 0.00e+00 0.00e+00 0.00e+00 0.00e+00 0.00e+00 0.00e+00
 Zinc       0  9.66e-05 1.77e-01 4.70e-01 2.79e-01 7.36e-02 1.05e-05 1.71e-06 2.74e-07 0.00e+00 0.00e+00 0.00e+00 0.00e+00 0.00e+00
   AGN log nH=3.22 log U=-2.33  
   Calculation stopped because lowest Te reached. Iteration 2 of 10
   The geometry is plane-parallel.
  !Some input lines contained underscores, these were changed to spaces.
  !Suprathermal collisional ionization of H reached 52.89% of the local H ionization rate.
  !Charge transfer H => H+ reached 1359.1% of the local H ionization rate.
  !AGE: Cloud age was not set.  Longest timescale was 1.53e+10 s = 4.84e+02 years.
  !The CMB was not included.  This is added with the CMB command.
  !The radiation pressure jumped by 737% from 2.53e-10 (zone 23) to 1.85e-11 (zone 24) to 1.96e-11 (zone 25)
   Iteration not converged because Converged!.
   Charge transfer heating reached 2.20% of the local heating.
   Destruction of He 2TriS reached 1.3% of the total He0 dest rate at zone 1, 0.4% of that was photoionization.
   The density is too low to l-mix the lowest H  I collapsed level.  More resolved levels are needed for accurate line ratios.
   The density is too low to l-mix the lowest He I collapsed level.  More resolved levels are needed for accurate line ratios.
   Grains were not present but might survive in this environment (energy density temperature was 1.88e+01K)
   The continuum optical depth at the lowest energy considered (3.045e-09 Ryd) was 3.066e+03.
   The ratio of radiation to gas pressure reached 4.94e-02 at zone 23.  Caused by Lyman alpha.

                       *********************************> Cloudy 25.00 <**********************************
                       * title AGN log nH=3.22 log U=-2.33                                               *
                       * hden 3.2222222222222223                                                         *
                       * table AGN                                                                       *
                       * stop efrac 0.01                                                                 *
                       * ionization parameter -2.3333333333333335                                        *
                       * abundances GASS                                                                 *
                       * sphere                                                                          *
                       * stop temperature 4000 K                                                         *
                       * stop column density 22                                                          *
                       * iterate to convergence                                                          *
                       * save overview "AGNmodel_nH3.22_Um2.33_temp40000.00.txt"                         *
                       *********************************> Log(U): -2.33 <*********************************

                     Emission Line Spectrum.   Constant  Density Model.  Closed geometry.  Iteration 2 of 10.
                                                     Intensity (erg/s/cm^2).


                                                   Intrinsic line intensities
general properties..............................      Ca A                228.543A    -3.067    0.0074      Si 2                34.8046m    -1.628    0.2022
Inci                      0      1.452  243.1031      Ca A                228.471A    -3.134    0.0063      Si 2                2334.41A    -2.902    0.0108
TotH                      0      0.763   49.7894      Ca A                228.409A    -3.198    0.0055      Si 2                2328.52A    -3.448    0.0031
TotC                      0      0.763   49.7621      Ca A                228.356A    -3.258    0.0047      Si 2                1808.01A    -2.613    0.0209
BFH1                      0      0.612   35.1831      Ca A                228.309A    -3.314    0.0042      Si 2                1526.71A    -3.387    0.0035
BFHe                      0      0.136   11.7626      Ca A                228.269A    -3.368    0.0037      Si 2                1304.37A    -3.759    0.0015
TotM                      0     -0.566    2.3329      Ca A                228.234A    -3.419    0.0033      Si 2                1260.42A    -3.421    0.0033
CT H                      0     -1.275    0.4558      Ca A                1640.41A    -0.964    0.9340      Si 2                1193.29A    -3.564    0.0023
H FB                      0     -0.578    2.2722      Ca A                1215.13A    -1.485    0.2810      Si 2                1190.42A    -3.636    0.0020
HFBc                      0     -0.578    2.2722      Ca A                1084.94A    -1.836    0.1252      Si 2                2350.17A    -2.776    0.0144
H  1c                     0     -0.612    2.1020      Ca A                1025.27A    -2.101    0.0681      Si 2                2344.20A    -2.300    0.0431
He 1c                     0     -1.577    0.2278      Ca A                992.358A    -2.314    0.0417      Si 2                2334.60A    -2.186    0.0560
Al 3c                     0     -2.573    0.0229      Ca A                972.106A    -2.494    0.0275      Si 2                1817.45A    -2.832    0.0127
Al 6c                     0     -3.398    0.0034      Ca A                958.693A    -2.650    0.0193      Si 2                1816.93A    -2.261    0.0472
Ar 2c                     0     -3.180    0.0057      Ca A                949.323A    -2.787    0.0140      Si 2                1533.43A    -2.995    0.0087
Ar 3c                     0     -1.257    0.4750      Ca A                942.507A    -2.910    0.0106      Si 2                1309.28A    -3.388    0.0035
Ar 4c                     0     -2.077    0.0720      Ca A                937.389A    -3.021    0.0082      Si 2                1265.00A    -3.223    0.0051
Ar 5c                     0     -2.544    0.0245      Ca A                933.444A    -3.124    0.0065      Si 2                1264.74A    -3.163    0.0059
Ar 6c                     0     -3.815    0.0013      Ca A                930.337A    -3.218    0.0052      Si 2                1197.39A    -3.314    0.0042
C  2c                     0     -1.642    0.1958      Ca A                927.846A    -3.306    0.0043      Si 2                1194.50A    -3.184    0.0056
C  3c                     0     -0.905    1.0687      Ca A                925.816A    -3.388    0.0035      Si 3                1892.03A    -1.659    0.1883
Ca 4c                     0     -2.036    0.0792      Ca A                924.142A    -3.464    0.0029      Si 3                1882.71A    -1.518    0.2607
Co 2c                     0     -3.367    0.0037      Ca A                922.743A    -3.537    0.0025      Si 3                1206.50A    -2.559    0.0237
Co 3c                     0     -3.685    0.0018      Ca A                921.562A    -3.605    0.0021      Si 4                1393.75A    -2.293    0.0437
Cr 2c                     0     -3.412    0.0033      Ca A                920.556A    -3.670    0.0018      Si 4                1402.77A    -2.550    0.0242
Fe 2c                     0     -0.868    1.1634      Ca A                919.693A    -3.732    0.0016      Ti 5                252.959A    -3.852    0.0012
Fe 3c                     0     -1.002    0.8559      Ca A                918.945A    -3.791    0.0014      Al 2                2669.15A    -2.494    0.0275
Fe 7c                     0     -2.469    0.0292      Ca A                918.295A    -3.847    0.0012      Al 2                2660.35A    -2.392    0.0348
K  3c                     0     -2.951    0.0096      Ca A                917.724A    -3.900    0.0011      Al 2                1670.79A    -2.789    0.0140
K  4c                     0     -3.363    0.0037      Ca A                4685.68A    -1.679    0.1801      Al 5                2.90450m    -3.142    0.0062
Mg 1c                     0     -2.361    0.0374      Ca A                3203.08A    -2.072    0.0729      C  4                1550.77A    -1.855    0.1200
Mn 2c                     0     -3.481    0.0028      Ca A                2733.28A    -2.362    0.0373      C  4                1548.19A    -1.566    0.2335
N  1c                     0     -3.195    0.0055      Ca A                2511.19A    -2.591    0.0220      C  4                419.525A    -3.871    0.0012
N  4c                     0     -2.460    0.0298      Ca A                2385.39A    -2.781    0.0142      C  4                419.714A    -3.572    0.0023
Ne 2c                     0     -2.649    0.0193      Ca A                2306.18A    -2.944    0.0098      C  4                312.451A    -3.408    0.0034
Ne 3c                     0     -0.659    1.8854      Ca A                2252.67A    -3.086    0.0070      C  4                312.420A    -3.396    0.0034
Ne 5c                     0     -1.608    0.2117      Ca A                2214.65A    -3.214    0.0053      C  4                244.911A    -3.914    0.0010
O  1c                     0     -1.973    0.0915      Ca A                2186.59A    -3.328    0.0040      C  4                244.903A    -3.883    0.0011
O  2c                     0     -0.717    1.6493      Ca A                2165.23A    -3.433    0.0032      Ca 2                7323.89A    -2.513    0.0264
O  3c                     0      0.385   20.8646      Ca A                2148.58A    -3.530    0.0025      Ca 2                7291.47A    -2.327    0.0405
O  5c                     0     -3.920    0.0010      Ca A                2135.34A    -3.619    0.0021      Ca 2                3968.47A    -3.075    0.0072
P  2c                     0     -2.598    0.0217      Ca A                2124.61A    -3.702    0.0017      Ca 2                8662.14A    -3.380    0.0036
P  3c                     0     -3.066    0.0074      Ca A                2115.81A    -3.781    0.0014      Ca 2                3933.66A    -2.966    0.0093
S  2c                     0     -1.189    0.5565      Ca A                2108.49A    -3.854    0.0012      Ca 2                8542.09A    -3.017    0.0083
S  3c                     0     -0.467    2.9319      Ca A                2102.33A    -3.923    0.0010      Ca 5                4.15739m    -2.866    0.0117
Si 2c                     0     -1.304    0.4264      Ca A                1.01235m    -2.230    0.0506      Ca 5                5309.11A    -3.223    0.0051
Si 3c                     0     -1.267    0.4642      Ca A                6560.01A    -2.538    0.0249      Ca 5                6086.37A    -3.934    0.0010
Si 4c                     0     -2.156    0.0600      Ca A                5411.45A    -2.783    0.0142      Cl 2                14.3639m    -3.438    0.0031
Al 2c                     0     -2.066    0.0739      Ca A                4859.26A    -2.983    0.0089      Cl 2                8578.70A    -3.045    0.0077
Al 5c                     0     -3.142    0.0062      Ca A                4541.54A    -3.154    0.0060      Cl 2                9123.60A    -3.630    0.0020
C  4c                     0     -1.395    0.3460      Ca A                4338.62A    -3.302    0.0043      Cl 3                5537.87A    -2.688    0.0176
Ca 2c                     0     -1.955    0.0953      Ca A                4199.78A    -3.433    0.0032      Cl 3                5517.71A    -2.684    0.0178
Ca 5c                     0     -2.660    0.0188      Ca A                4099.99A    -3.551    0.0024      Cl 3                3342.80A    -3.525    0.0026
Cl 2c                     0     -2.808    0.0134      Ca A                4025.55A    -3.658    0.0019      Cl 4                20.3197m    -2.655    0.0190
Cl 3c                     0     -2.329    0.0403      Ca A                3968.39A    -3.757    0.0015      Cl 4                11.7629m    -2.631    0.0201
Cl 4c                     0     -2.134    0.0630      Ca A                3923.44A    -3.848    0.0012      Cl 4                7530.54A    -3.096    0.0069
Fe 4c                     0     -0.977    0.9060      Ca A                3887.40A    -3.933    0.0010      Cl 4                8045.62A    -2.732    0.0159
Fe 5c                     0     -1.166    0.5869      Ca A                1.86365m    -2.686    0.0177      Fe 4                3094.96A    -2.201    0.0541
Fe 6c                     0     -1.346    0.3870      Ca A                1.16262m    -2.933    0.0100      Fe 4                2835.74A    -1.314    0.4175
Mg 2c                     0     -0.869    1.1624      Ca A                9344.80A    -3.142    0.0062      Fe 4                2829.36A    -1.582    0.2250
Mg 4c                     0     -1.905    0.1070      Ca A                8236.67A    -3.319    0.0041      Fe 4                2823.50A    -3.263    0.0047
Mg 5c                     0     -2.233    0.0502      Ca A                7592.65A    -3.473    0.0029      Fe 4                2577.92A    -3.188    0.0056
N  2c                     0     -1.107    0.6709      Ca A                7177.41A    -3.608    0.0021      Fe 4                2.83562m    -2.711    0.0167
N  3c                     0     -1.574    0.2290      Ca A                6890.80A    -3.729    0.0016      Fe 4                2.80554m    -3.242    0.0049
Na 3c                     0     -2.835    0.0126      Ca A                6683.11A    -3.839    0.0012      Fe 4                2.86447m    -3.038    0.0079
Na 4c                     0     -2.851    0.0121      Ca A                3.09080m    -3.078    0.0072      Fe 4                2567.61A    -2.216    0.0522
Ne 4c                     0     -1.926    0.1020      Ca A                1.87431m    -3.279    0.0045      Fe 4                2.71569m    -3.333    0.0040
Ne 6c                     0     -3.514    0.0026      Ca A                1.47602m    -3.459    0.0030      Fe 4                2567.40A    -2.965    0.0093
Ni 2c                     0     -2.088    0.0702      Ca A                1.28127m    -3.617    0.0021      Fe 4                2.71341m    -3.860    0.0012
O  4c                     0     -0.536    2.4988      Ca A                1.16730m    -3.755    0.0015      Fe 4                2.77325m    -3.537    0.0025
S  4c                     0     -0.634    1.9970      Ca A                1.09334m    -3.879    0.0011      Fe 4                6739.82A    -2.717    0.0165
Si 6c                     0     -3.569    0.0023      Ca A                4.76213m    -3.422    0.0033      Fe 4                6761.38A    -3.218    0.0052
continua........................................      Ca A                2.82519m    -3.587    0.0022      Fe 4                6734.42A    -2.963    0.0094
Bac                 3646.00A     0.248   15.2220      Ca A                2.18848m    -3.744    0.0015      Fe 4                6997.10A    -3.547    0.0024
nFnu                3645.00A     0.355   19.4815      Ca A                1.87570m    -3.885    0.0011      Fe 4                6792.48A    -3.695    0.0017
nFnu                3647.00A    -0.305    4.2595      Ca A                6.94599m    -3.729    0.0016      Fe 4                5233.76A    -3.313    0.0042
cout                3646.00A     0.248   15.2220      Ca A                4.04945m    -3.865    0.0012      Fe 4                5033.59A    -3.630    0.0020
thin                3646.00A     0.248   15.2222      Ca B                1640.41A    -0.829    1.2737      Fe 4                4906.56A    -3.027    0.0081
Inci                4860.00A     0.348   19.1356      Ca B                1215.13A    -1.341    0.3916      Fe 4                4917.97A    -3.536    0.0025
Inci                1367.00A     0.603   34.4351      Ca B                1084.94A    -1.690    0.1754      Fe 4                7222.76A    -3.510    0.0027
Inci                2066.00A     0.513   28.0070      Ca B                1025.27A    -1.955    0.0954      Fe 4                4899.97A    -3.357    0.0038
Inci                1215.00A     0.628   36.5181      Ca B                992.358A    -2.169    0.0583      Fe 4                4903.07A    -3.337    0.0040
Ba C                      0     -0.401    3.4161      Ca B                972.106A    -2.349    0.0385      Fe 4                7183.99A    -3.686    0.0018
PA C                      0     -0.820    1.3004      Ca B                958.693A    -2.505    0.0269      Fe 4                4868.16A    -3.474    0.0029
FIR                 83.0000m    -0.507    2.6744      Ca B                949.323A    -2.643    0.0195      Fe 4                4869.23A    -3.820    0.0013
TIR                 1800.00m    -2.950    0.0096      Ca B                942.507A    -2.767    0.0147      Fe 4                7191.23A    -3.722    0.0016
NIRa                2.85000m     0.927   72.6447      Ca B                937.389A    -2.879    0.0114      Fe 4                4867.95A    -3.537    0.0025
NIRb                3.00000m     0.607   34.7476      Ca B                933.444A    -2.982    0.0090      Fe 4                4206.59A    -3.587    0.0022
MIRa                15.0000m     0.438   23.5704      Ca B                930.337A    -3.076    0.0072      Fe 4                4208.88A    -3.620    0.0021
MIRb                22.5000m     0.500   27.1686      Ca B                927.846A    -3.164    0.0059      Fe 4                4144.20A    -3.596    0.0022
NMIR                21.7500m     0.927   72.6447      Ca B                925.816A    -3.247    0.0049      Fe 4                4152.34A    -3.897    0.0011
TFIR                611.250m    -2.347    0.0387      Ca B                924.142A    -3.324    0.0041      Fe 5                70.3538m    -2.379    0.0359
TALL                10000.0A     1.448  241.2324      Ca B                922.743A    -3.396    0.0035      Fe 5                36.3273m    -1.971    0.0919
F12                 12.0000m     0.058    9.8311      Ca B                921.562A    -3.465    0.0029      Fe 5                25.9131m    -2.053    0.0760
F25                 25.0000m    -0.386    3.5350      Ca B                920.556A    -3.530    0.0025      Fe 5                20.8407m    -2.313    0.0418
F60                 60.0000m    -0.606    2.1291      Ca B                919.693A    -3.591    0.0022      Fe 5                4180.59A    -2.797    0.0137
F100                100.000m    -1.229    0.5067      Ca B                918.945A    -3.650    0.0019      Fe 5                4143.15A    -2.542    0.0246
MIPS                24.0000m    -0.435    3.1568      Ca B                918.295A    -3.706    0.0017      Fe 5                4227.19A    -1.834    0.1261
MIPS                70.0000m    -2.084    0.0708      Ca B                917.724A    -3.759    0.0015      Fe 5                4003.21A    -3.484    0.0028
MIPS                160.000m    -2.932    0.0100      Ca B                4685.68A    -1.651    0.1921      Fe 5                4071.24A    -2.552    0.0241
IRAC                3.60000m    -0.293    4.3781      Ca B                3203.08A    -2.034    0.0795      Fe 5                3895.22A    -2.880    0.0113
IRAC                4.50000m    -0.262    4.7053      Ca B                2733.28A    -2.319    0.0413      Fe 5                3851.34A    -3.191    0.0055
IRAC                5.80000m    -0.233    5.0228      Ca B                2511.19A    -2.545    0.0245      Fe 5                3794.94A    -2.602    0.0215
IRAC                8.00000m    -0.074    7.2477      Ca B                2385.39A    -2.733    0.0159      Fe 5                3755.70A    -2.884    0.0112
SPR1                250.000m    -3.173    0.0058      Ca B                2306.18A    -2.894    0.0110      Fe 5                3911.33A    -3.422    0.0033
SPR2                350.000m    -3.291    0.0044      Ca B                2252.67A    -3.036    0.0079      Fe 5                3839.27A    -2.554    0.0240
SPR3                500.000m    -3.348    0.0039      Ca B                2214.65A    -3.163    0.0059      Fe 5                3783.22A    -2.966    0.0093
PAC1                70.0000m    -2.065    0.0740      Ca B                2186.59A    -3.277    0.0045      Fe 5                3891.28A    -2.664    0.0186
PAC2                100.000m    -1.227    0.5096      Ca B                2165.23A    -3.382    0.0036      Fe 5                3819.95A    -3.335    0.0040
PAC3                160.000m    -2.738    0.0157      Ca B                2148.58A    -3.478    0.0029      Fe 5                2.04669m    -3.707    0.0017
PAH                 3.30000m    -1.150    0.6085      Ca B                2135.34A    -3.567    0.0023      Fe 5                3445.62A    -3.324    0.0041
PAHC                3.23000m    -1.342    0.3912      Ca B                2124.61A    -3.651    0.0019      Fe 5                3400.41A    -3.692    0.0017
PAHC                3.37000m    -1.465    0.2943      Ca B                2115.81A    -3.729    0.0016      Fe 5                1.91721m    -3.861    0.0012
PAH                 6.20000m    -0.731    1.5977      Ca B                2108.49A    -3.802    0.0014      Fe 5                3463.51A    -3.229    0.0051
PAHC                5.65000m    -0.685    1.7764      Ca B                2102.33A    -3.871    0.0012      Fe 5                3406.89A    -3.765    0.0015
PAH                 7.90000m    -0.534    2.5118      Ca B                1.01235m    -2.217    0.0521      Fe 5                2760.64A    -3.912    0.0011
PAHC                6.90000m    -0.476    2.8717      Ca B                6560.01A    -2.521    0.0259      Fe 5                2828.24A    -3.331    0.0040
PAH                 11.3000m    -1.278    0.4530      Ca B                5411.45A    -2.764    0.0148      Fe 5                2780.40A    -3.826    0.0013
PAHC                10.9000m    -1.210    0.5298      Ca B                4859.26A    -2.962    0.0094      Fe 5                2750.88A    -3.637    0.0020
PAH                 11.8000m    -1.119    0.6527      Ca B                4541.54A    -3.131    0.0064      Fe 5                2730.21A    -3.547    0.0024
PAHC                12.6500m    -1.219    0.5187      Ca B                4338.62A    -3.278    0.0045      Fe 5                2717.82A    -3.623    0.0020
PAH                 13.3000m    -1.277    0.4541      Ca B                4199.78A    -3.409    0.0034      Fe 5                2707.36A    -3.572    0.0023
PAHC                14.1000m    -1.300    0.4307      Ca B                4099.99A    -3.526    0.0026      Fe 6                19.5527m    -2.002    0.0855
Bcon                3640.00A     1.033   92.7106      Ca B                4025.55A    -3.633    0.0020      Fe 6                14.7670m    -2.208    0.0532
Pcon                5000.00A     0.756   48.9703      Ca B                3968.39A    -3.731    0.0016      Fe 6                12.3074m    -2.472    0.0290
O3bn                5007.00A     0.218   14.2106      Ca B                3923.44A    -3.822    0.0013      Fe 6                5335.18A    -2.650    0.0192
SX                  25.0000A    -0.426    3.2258      Ca B                3887.40A    -3.907    0.0011      Fe 6                5484.84A    -2.904    0.0107
HX                  4.70000A    -0.220    5.1831      Ca B                1.86365m    -2.678    0.0180      Fe 6                5631.07A    -2.799    0.0136
ROSA                12.3980A    -0.193    5.5154      Ca B                1.16262m    -2.923    0.0103      Fe 6                5277.81A    -3.151    0.0061
HFFc                      0     -0.673    1.8229      Ca B                9344.80A    -3.131    0.0064      Fe 6                5424.22A    -2.819    0.0130
H FF                      0     -0.730    1.6017      Ca B                8236.67A    -3.307    0.0042      Fe 6                5676.95A    -2.758    0.0150
HeFF                      0     -1.607    0.2125      Ca B                7592.65A    -3.459    0.0030      Fe 6                5426.64A    -3.088    0.0070
MeFB                      0     -2.415    0.0330      Ca B                7177.41A    -3.594    0.0022      Fe 6                5234.28A    -3.620    0.0021
MeFF                      0     -3.051    0.0076      Ca B                6890.80A    -3.714    0.0017      Fe 6                5370.29A    -3.708    0.0017
ToFF                      0     -0.674    1.8219      Ca B                6683.11A    -3.824    0.0013      Fe 6                5145.75A    -2.450    0.0305
nFnu                6915.34m    -3.892    0.0011      Ca B                6527.01A    -3.924    0.0010      Fe 6                4972.47A    -2.466    0.0294
nFnu                122.367m    -2.421    0.0326      Ca B                3.09080m    -3.071    0.0073      Fe 6                5176.04A    -2.497    0.0274
nInu                122.367m    -3.458    0.0030      Ca B                1.87431m    -3.271    0.0046      Fe 6                4967.14A    -2.868    0.0116
nFnu                60.8157m    -2.176    0.0573      Ca B                1.47602m    -3.452    0.0030      Fe 6                3813.54A    -3.502    0.0027
nInu                60.8157m    -2.399    0.0343      Ca B                1.28127m    -3.608    0.0021      Fe 6                3889.40A    -3.300    0.0043
nFnu                41.2039m    -2.031    0.0800      Ca B                1.16730m    -3.746    0.0015      Fe 6                1.28877m    -3.781    0.0014
nInu                41.2039m    -1.807    0.1341      Ca B                1.09334m    -3.870    0.0012      Fe 6                3662.50A    -3.259    0.0047
nFnu                30.8611m    -1.927    0.1016      Ca B                4.76213m    -3.415    0.0033      Fe 6                3492.10A    -3.892    0.0011
nInu                30.8611m    -1.366    0.3701      Ca B                2.82519m    -3.580    0.0023      Fe 6                3555.60A    -3.583    0.0022
nFnu                24.7761m    -1.848    0.1219      Ca B                2.18848m    -3.738    0.0016      Fe 6                1.23303m    -3.494    0.0028
nInu                24.7761m    -1.032    0.7991      Ca B                1.87570m    -3.878    0.0011      Fe 6                1.34929m    -3.299    0.0043
nFnu                24.2932m    -1.841    0.1239      Ca B                6.94599m    -3.721    0.0016      Fe 6                1.26742m    -3.658    0.0019
nInu                24.2932m    -1.001    0.8571      Ca B                4.04945m    -3.859    0.0012      Mg 2                2802.71A    -1.342    0.3909
nFnu                22.8240m    -1.818    0.1305      He 2                607.571A    -0.344    3.8880      Mg 2                2795.53A    -1.046    0.7728
nInu                22.8240m    -0.910    1.0573      He 2                303.784A    -0.064    7.4155      Mg 2                2798.00A    -3.813    0.0013
nFnu                21.4141m    -1.797    0.1372      He 2                256.317A    -3.106    0.0067      Mg 4                4.48711m    -1.905    0.1070
nInu                21.4141m    -0.814    1.3197      He 2                243.027A    -3.249    0.0048      Mg 4                323.307A    -3.528    0.0025
nFnu                21.1177m    -1.791    0.1391      He 2                237.331A    -3.316    0.0042      Mg 5                5.60700m    -2.332    0.0400
nInu                21.1177m    -0.788    1.3989      He 2                234.347A    -3.356    0.0038      Mg 5                13.5464m    -3.407    0.0034
nFnu                19.6146m    -1.763    0.1482      He 2                232.584A    -3.382    0.0036      Mg 5                2782.76A    -3.204    0.0054
nInu                19.6146m    -0.677    1.8082      He 2                231.454A    -3.397    0.0034      Mg 5                2928.09A    -3.769    0.0015
nFnu                17.6486m    -1.725    0.1618      He 2                230.686A    -3.422    0.0032      Mg 5                355.329A    -3.842    0.0012
nInu                17.6486m    -0.520    2.5959      He 2                230.139A    -3.438    0.0031      N  2                121.769m    -3.459    0.0030
nFnu                17.3653m    -1.719    0.1639      He 2                229.736A    -3.515    0.0026      N  2                6548.05A    -1.723    0.1626
nInu                17.3653m    -0.495    2.7518      He 2                229.431A    -3.525    0.0026      N  2                6583.45A    -1.253    0.4794
nFnu                15.6859m    -1.684    0.1778      He 2                229.194A    -3.537    0.0025      N  2                5754.59A    -2.958    0.0095
nInu                15.6859m    -0.337    3.9506      He 2                229.006A    -3.548    0.0024      N  2                2139.01A    -3.293    0.0044
nFnu                14.5997m    -1.657    0.1894      He 2                228.855A    -3.559    0.0024      N  2                2142.77A    -2.902    0.0108
nInu                14.5997m    -0.231    5.0472      He 2                228.731A    -3.569    0.0023      N  2                1085.70A    -3.552    0.0024
nFnu                12.4266m    -1.595    0.2185      He 2                228.629A    -3.577    0.0023      N  2                1084.58A    -3.617    0.0021
nInu                12.4266m     0.017    8.9388      He 2                228.543A    -3.584    0.0022      N  2                1085.55A    -3.664    0.0019
nFnu                11.3969m    -1.566    0.2337      He 2                228.471A    -3.589    0.0022      N  2                1083.99A    -3.645    0.0019
nInu                11.3969m     0.149   12.1059      He 2                228.409A    -3.589    0.0022      N  2                1084.56A    -3.777    0.0014
nFnu                10.4572m    -1.530    0.2534      He 2                228.356A    -3.585    0.0022      N  2                915.612A    -3.612    0.0021
nInu                10.4572m     0.281   16.3950      He 2                1640.41A    -0.857    1.1944      N  2                916.020A    -3.807    0.0013
nFnu                9.47744m    -1.498    0.2728      He 2                1215.13A    -1.329    0.4024      N  2                916.710A    -3.824    0.0013
nInu                9.47744m     0.348   19.1367      He 2                1084.94A    -1.666    0.1854      N  2                916.012A    -3.698    0.0017
nFnu                9.32234m    -1.493    0.2762      He 2                1025.27A    -1.925    0.1021      N  2                916.701A    -3.539    0.0025
nInu                9.32234m     0.348   19.1367      He 2                992.358A    -2.135    0.0629      N  2                915.962A    -3.592    0.0022
nFnu                8.20812m    -1.443    0.3100      He 2                972.106A    -2.312    0.0419      N  3                57.3238m    -1.693    0.1741
nInu                8.20812m     0.348   19.1367      He 2                958.693A    -2.464    0.0295      N  3                1748.65A    -3.224    0.0051
nFnu                7.57793m    -1.417    0.3288      He 2                949.323A    -2.598    0.0217      N  3                1753.99A    -3.209    0.0053
nInu                7.57793m     0.348   19.1367      He 2                942.507A    -2.468    0.0292      N  3                1746.82A    -3.553    0.0024
nFnu                7.04834m    -1.382    0.3570      He 2                937.389A    -2.563    0.0235      N  3                1752.16A    -2.713    0.0166
nInu                7.04834m     0.348   19.1366      He 2                933.444A    -2.650    0.0193      N  3                1749.67A    -2.550    0.0242
nFnu                4.11258m    -1.174    0.5756      He 2                930.337A    -2.730    0.0160      N  3                989.799A    -3.501    0.0027
nInu                4.11258m     0.348   19.1364      He 2                927.846A    -2.804    0.0135      N  3                991.511A    -3.430    0.0032
nFnu                2.32377m    -0.988    0.8841      He 2                925.816A    -2.872    0.0115      N  3                991.577A    -3.369    0.0037
nInu                2.32377m     0.348   19.1362      He 2                924.142A    -2.936    0.0100      N  3                763.334A    -3.680    0.0018
nFnu                1.64268m    -0.845    1.2290      He 2                922.743A    -2.994    0.0087      N  3                764.351A    -3.397    0.0034
nInu                1.64268m     0.348   19.1361      He 2                921.562A    -3.047    0.0077      N  3                685.515A    -3.497    0.0027
nFnu                1.47981m    -0.831    1.2672      He 2                920.556A    -3.093    0.0069      N  3                686.336A    -3.376    0.0036
nInu                1.47981m     0.348   19.1359      He 2                919.693A    -3.132    0.0063      N  3                684.998A    -3.641    0.0020
nFnu                1.43610m    -0.676    1.8133      He 2                4685.68A    -1.743    0.1554      N  3                685.817A    -3.258    0.0047
nInu                1.43610m     0.348   19.1359      He 2                3203.08A    -2.065    0.0739      N  3                451.871A    -3.659    0.0019
nFnu                1.11836m    -0.655    1.9002      He 2                2733.28A    -2.329    0.0403      N  3                452.227A    -3.372    0.0036
nInu                1.11836m     0.348   19.1355      He 2                2511.19A    -2.544    0.0245      Na 3                7.31570m    -2.835    0.0126
nFnu                8327.39A    -0.642    1.9611      He 2                2385.39A    -2.726    0.0162      Na 3                380.100A    -3.774    0.0014
nInu                8327.39A     0.348   19.1354      He 2                2306.18A    -2.882    0.0113      Na 3                250.517A    -3.846    0.0012
nFnu                8076.39A    -0.318    4.1323      He 2                2252.67A    -3.020    0.0082      Na 4                9.03096m    -3.004    0.0085
nInu                8076.39A     0.348   19.1354      He 2                2214.65A    -2.983    0.0089      Na 4                3241.50A    -3.584    0.0022
nFnu                6207.94A    -0.347    3.8663      He 2                2186.59A    -3.078    0.0072      Ne 4                2421.66A    -2.293    0.0437
nInu                6207.94A     0.348   19.1352      He 2                2165.23A    -3.164    0.0059      Ne 4                2424.28A    -2.187    0.0558
nFnu                4884.00A    -0.357    3.7747      He 2                2148.58A    -3.244    0.0049      Ne 4                1601.45A    -3.796    0.0014
nInu                4884.00A     0.348   19.1353      He 2                2135.34A    -3.318    0.0041      Ne 4                541.126A    -3.512    0.0026
nFnu                3703.28A    -0.330    4.0204      He 2                2124.61A    -3.386    0.0035      Ne 4                542.076A    -3.471    0.0029
nInu                3703.28A     0.386   20.9174      He 2                2115.81A    -3.449    0.0031      Ne 4                543.886A    -3.454    0.0030
nFnu                3586.64A     0.348   19.1396      He 2                2108.49A    -3.508    0.0027      Ne 4                208.903A    -3.836    0.0013
nInu                3586.64A     0.393   21.2336      He 2                2102.33A    -3.560    0.0024      Ne 4                208.737A    -3.741    0.0016
nFnu                2429.31A     0.127   11.5189      He 2                2097.10A    -3.607    0.0021      Ne 6                7.65019m    -3.514    0.0026
nInu                2429.31A     0.477   25.7958      He 2                2092.63A    -3.646    0.0019      Ni 2                1.19102m    -3.367    0.0037
nFnu                2391.30A     0.123   11.4075      He 2                1.01235m    -2.359    0.0376      Ni 2                6.63416m    -3.040    0.0078
nInu                2391.30A     0.481   26.0119      He 2                6560.01A    -2.596    0.0218      Ni 2                1.07151m    -3.549    0.0024
nFnu                2070.68A     0.122   11.3812      He 2                5411.45A    -2.811    0.0133      Ni 2                10.6793m    -3.187    0.0056
nInu                2070.68A     0.512   27.9459      He 2                4859.26A    -2.995    0.0087      Ni 2                12.7253m    -3.918    0.0010
nFnu                2052.02A     0.141   11.8788      He 2                4541.54A    -3.155    0.0060      Ni 2                7377.83A    -2.510    0.0265
nInu                2052.02A     0.514   28.0860      He 2                4338.62A    -3.295    0.0044      Ni 2                8300.99A    -3.806    0.0013
nFnu                1793.44A     0.201   13.6471      He 2                4199.78A    -3.353    0.0038      Ni 2                1.93877m    -3.218    0.0052
nInu                1793.44A     0.543   30.0238      He 2                4099.99A    -3.446    0.0031      Ni 2                6666.80A    -3.872    0.0012
nFnu                1585.12A     0.230   14.6076      He 2                4025.55A    -3.533    0.0025      Ni 2                7411.61A    -3.654    0.0019
nInu                1585.12A     0.571   31.9854      He 2                3968.39A    -3.612    0.0021      Ni 2                4326.24A    -3.674    0.0018
nFnu                1458.33A     0.235   14.7645      He 2                3923.44A    -3.686    0.0018      Ni 2                3993.06A    -3.799    0.0014
nInu                1458.33A     0.589   33.3464      He 2                3887.40A    -3.754    0.0015      O  4                25.8863m    -0.539    2.4867
nFnu                1356.96A     0.199   13.5970      He 2                3858.03A    -3.817    0.0013      O  4                1399.78A    -3.763    0.0015
nInu                1356.96A     0.604   34.5358      He 2                3833.76A    -3.875    0.0011      O  4                1407.38A    -3.771    0.0015
nFnu                1297.29A     0.105   10.9538      He 2                3813.45A    -3.928    0.0010      O  4                1404.81A    -3.322    0.0041
nInu                1297.29A     0.614   35.3521      He 2                1.86365m    -2.860    0.0119      O  4                1401.16A    -3.289    0.0044
nFnu                1262.79A    -0.034    7.9469      He 2                1.16262m    -3.038    0.0079      O  4                787.710A    -3.631    0.0020
nInu                1262.79A     0.620   35.8271      He 2                9344.80A    -3.215    0.0052      O  4                790.114A    -3.410    0.0033
nFnu                1218.08A    -0.641    1.9634      He 2                8236.67A    -3.373    0.0036      O  4                790.201A    -3.479    0.0029
nInu                1218.08A     0.628   36.4906      He 2                7592.65A    -3.514    0.0026      O  4                608.397A    -3.824    0.0013
nFnu                1196.33A    -0.630    2.0160      He 2                7177.41A    -3.642    0.0020      O  4                609.830A    -3.180    0.0057
nInu                1196.33A     0.632   36.7957      He 2                6890.80A    -3.735    0.0016      O  4                554.076A    -3.571    0.0023
nFnu                1175.06A    -0.618    2.0718      He 2                6683.11A    -3.820    0.0013      O  4                555.264A    -3.103    0.0068
nInu                1175.06A     0.635   37.1039      He 2                6527.01A    -3.900    0.0011      O  4                553.329A    -3.828    0.0013
nFnu                1143.64A    -0.596    2.1808      He 2                3.09080m    -3.288    0.0044      O  4                554.514A    -3.060    0.0075
nInu                1143.64A     0.642   37.6651      He 2                1.87431m    -3.423    0.0032      O  6                1031.91A    -3.884    0.0011
nFnu                1113.22A    -0.575    2.2865      He 2                1.47602m    -3.570    0.0023      S  4                10.5076m    -0.635    1.9924
nInu                1113.22A     0.648   38.1710      He 2                1.28127m    -3.707    0.0017      S  4                1416.89A    -3.744    0.0015
nFnu                1103.23A    -0.570    2.3141      He 2                1.16730m    -3.880    0.0011      S  4                1406.02A    -3.699    0.0017
nInu                1103.23A     0.649   38.2985      He 2                4.76213m    -3.662    0.0019      S  4                1073.52A    -3.899    0.0011
nFnu                1073.86A    -0.548    2.4309      He 2                2.82519m    -3.765    0.0015      S  4                1072.97A    -3.922    0.0010
nInu                1073.86A     0.655   38.8029      He 2                2.18848m    -3.888    0.0011      S  4                815.941A    -3.572    0.0023
nFnu                1064.34A    -0.540    2.4754      He-like iso-sequence............................      S  4                753.760A    -3.432    0.0032
nInu                1064.34A     0.657   38.9975      He 1                1202.81A    -0.658    1.8884      S  4                750.221A    -3.372    0.0037
nFnu                1035.92A    -0.519    2.5983      He 1                591.412A    -3.134    0.0063      S  4                657.319A    -3.843    0.0012
nInu                1035.92A     0.663   39.5210      Blnd                591.412A    -3.132    0.0063      S  4                661.455A    -3.333    0.0040
nFnu                1000.00A    -0.491    2.7760      He 1                584.334A    -1.867    0.1168      S  4                661.396A    -3.684    0.0018
nInu                1000.00A     0.671   40.2484      He 1                537.030A    -2.960    0.0094      S  4                554.027A    -3.519    0.0026
nFnu                925.144A    -0.433    3.1725      He 1                522.213A    -3.099    0.0068      S  6                933.378A    -3.876    0.0011
nInu                925.144A     0.687   41.8231      He 1                515.617A    -3.174    0.0058      Si 6                1.96247m    -3.568    0.0023
nFnu                897.800A    -3.791    0.0014      He 1                512.099A    -3.233    0.0050      level 1 lines...................................
nFnu                496.874A    -3.569    0.0023      He 1                625.563A    -0.537    2.4961      recombination...................................
RRC.............................................      He 1                510.018A    -3.472    0.0029      C  2                4267.00A    -3.614    0.0021
H  1                3645.98A    -0.814    1.3196      He 1                508.657A    -3.490    0.0028      C  2                1761.00A    -3.663    0.0019
H  1                3645.98A    -0.473    2.8905      He 1                507.727A    -3.524    0.0026      C  2                1335.00A    -1.858    0.1191
H  1                8203.57A    -1.544    0.2455      He 1                507.065A    -3.524    0.0026      C  3                1923.00A    -3.300    0.0043
H  1                8203.57A    -1.156    0.5994      He 1                506.576A    -3.540    0.0025      C  4                1549.00A    -3.445    0.0031
H  1                8203.57A    -1.268    0.4639      He 1                506.204A    -3.560    0.0024      N  2                1742.00A    -3.606    0.0021
H  1                1.45842m    -2.027    0.0808      He 1                505.916A    -3.580    0.0023      N  3                1885.00A    -3.830    0.0013
H  1                1.45842m    -1.633    0.2001      He 1                505.687A    -3.601    0.0022      O  2                4094.00A    -3.839    0.0012
H  1                1.45842m    -1.638    0.1978      He 1                505.502A    -3.622    0.0020      O  2                4075.00A    -3.481    0.0028
H  1                1.45842m    -1.988    0.0884      He 1                505.352A    -3.644    0.0019      O  2                4111.00A    -3.790    0.0014
H  1                2.27878m    -2.381    0.0357      He 1                505.227A    -3.666    0.0019      O  2                4651.00A    -3.257    0.0048
H  1                2.27878m    -1.988    0.0884      He 1                505.122A    -3.688    0.0018      O  2                4341.00A    -3.533    0.0025
H  1                2.27878m    -1.961    0.0940      He 1                505.033A    -3.708    0.0017      O  3                3265.00A    -3.495    0.0027
H  1                2.27878m    -2.165    0.0588      He 1                504.958A    -3.795    0.0014      O  3                3762.00A    -3.761    0.0015
H  1                2.27878m    -2.668    0.0185      He 1                504.893A    -3.793    0.0014      C  2                1167.50A    -3.524    0.0026
H  1                3.28145m    -2.659    0.0188      He 1                504.836A    -3.774    0.0014      C  2                1092.50A    -2.916    0.0104
H  1                3.28145m    -2.267    0.0464      He 1                504.787A    -3.832    0.0013      C  2                1036.80A    -2.527    0.0255
H  1                3.28145m    -2.229    0.0508      He 1                504.744A    -3.791    0.0014      C  2                946.100A    -2.587    0.0222
H  1                3.28145m    -2.379    0.0359      He 1                504.706A    -3.724    0.0016      C  2                799.800A    -1.702    0.1706
H  1                3.28145m    -2.709    0.0168      He 1                504.672A    -2.958    0.0095      C  3                2512.20A    -3.870    0.0012
H  1                3.28145m    -3.313    0.0042      He 1                1.08291m    -2.504    0.0269      C  3                2296.90A    -2.821    0.0130
H  1                4.46642m    -2.887    0.0111      He 1                1.08302m    -1.894    0.1097      C  3                2200.40A    -3.895    0.0011
H  1                4.46642m    -2.497    0.0274      He 1                1.08303m    -1.557    0.2381      C  3                2017.40A    -3.666    0.0019
H  1                4.46642m    -2.453    0.0303      Blnd                1.08302m    -1.360    0.3747      C  3                1828.00A    -2.861    0.0118
H  1                4.46642m    -2.578    0.0227      He 1                3888.64A    -2.114    0.0661      C  3                1577.10A    -2.802    0.0135
H  1                4.46642m    -2.839    0.0125      He 1                3187.74A    -2.477    0.0286      C  3                1491.20A    -3.842    0.0012
H  1                4.46642m    -3.251    0.0048      He 1                2945.10A    -2.765    0.0148      C  3                1478.10A    -3.837    0.0012
H  1                4.46642m    -3.925    0.0010      He 1                2829.08A    -3.004    0.0085      C  3                1247.40A    -3.308    0.0042
H  1                5.83369m    -3.080    0.0071      He 1                2760.44A    -3.639    0.0020      C  3                1175.70A    -2.641    0.0197
H  1                5.83369m    -2.691    0.0175      He 1                2721.00A    -3.766    0.0015      C  3                977.000A    -2.303    0.0427
H  1                5.83369m    -2.645    0.0195      He 1                2694.61A    -3.886    0.0011      C  3                574.300A    -3.385    0.0035
H  1                5.83369m    -2.757    0.0150      He 1                2.05813m    -2.795    0.0138      C  3                538.200A    -3.381    0.0036
H  1                5.83369m    -2.982    0.0090      He 1                5015.68A    -2.624    0.0204      C  3                511.500A    -3.357    0.0038
H  1                5.83369m    -3.311    0.0042      He 1                3964.73A    -3.016    0.0083      C  3                493.500A    -3.065    0.0074
H  1                5.83369m    -3.779    0.0014      He 1                3613.64A    -3.322    0.0041      C  3                492.600A    -3.209    0.0053
H  1                7.38326m    -3.247    0.0049      He 1                3447.59A    -3.576    0.0023      C  3                483.700A    -3.226    0.0051
H  1                7.38326m    -2.859    0.0119      He 1                7065.71A    -3.254    0.0048      C  3                476.000A    -3.063    0.0074
H  1                7.38326m    -2.812    0.0132      He 1                7065.21A    -2.777    0.0144      C  3                459.600A    -2.175    0.0574
H  1                7.38326m    -2.917    0.0104      He 1                7065.18A    -2.555    0.0239      C  3                450.700A    -3.348    0.0039
H  1                7.38326m    -3.121    0.0065      Blnd                7065.25A    -2.300    0.0431      C  3                433.300A    -3.391    0.0035
H  1                7.38326m    -3.406    0.0034      He 1                5875.98A    -2.917    0.0104      C  3                411.700A    -2.198    0.0544
H  1                7.38326m    -3.780    0.0014      He 1                5875.64A    -2.440    0.0312      C  3                398.400A    -2.383    0.0356
H  1                9.11514m    -3.394    0.0035      He 1                5875.61A    -2.218    0.0520      C  3                371.700A    -3.052    0.0076
H  1                9.11514m    -3.008    0.0084      Blnd                5875.66A    -1.963    0.0936      N  2                1085.10A    -2.968    0.0093
H  1                9.11514m    -2.960    0.0094      He 1                4713.16A    -3.736    0.0016      N  2                916.300A    -3.385    0.0035
H  1                9.11514m    -3.061    0.0075      He 1                4713.14A    -3.514    0.0026      N  2                646.400A    -3.028    0.0081
H  1                9.11514m    -3.252    0.0048      Blnd                4713.17A    -3.259    0.0047      N  3                2064.30A    -3.564    0.0023
H  1                9.11514m    -3.510    0.0027      He 1                4471.69A    -3.351    0.0038      N  3                991.000A    -2.361    0.0374
H  1                9.11514m    -3.831    0.0013      He 1                4471.49A    -2.874    0.0115      N  3                782.900A    -3.329    0.0040
H  1                11.0293m    -2.475    0.0288      He 1                4471.47A    -2.652    0.0191      N  3                764.000A    -2.895    0.0109
H  1                13.1258m    -2.588    0.0222      Blnd                4471.50A    -2.397    0.0344      N  3                685.700A    -3.140    0.0062
H  1                15.4046m    -2.691    0.0175      Blnd                4120.84A    -3.737    0.0016      N  3                472.300A    -3.440    0.0031
H  1                17.8657m    -2.787    0.0140      He 1                4026.36A    -3.673    0.0018      N  3                418.800A    -2.865    0.0117
H  1                20.5091m    -2.876    0.0114      He 1                4026.20A    -3.196    0.0055      N  3                411.300A    -3.421    0.0033
H  1                23.3348m    -2.960    0.0094      He 1                4026.19A    -2.974    0.0091      N  3                391.300A    -3.254    0.0048
H  1                26.3428m    -3.038    0.0079      Blnd                4026.21A    -2.719    0.0164      N  3                387.400A    -2.793    0.0139
H  1                29.5331m    -3.113    0.0066      He 1                3819.61A    -3.458    0.0030      N  3                374.400A    -2.949    0.0097
H  1                32.9057m    -3.183    0.0056      He 1                3819.60A    -3.236    0.0050      N  3                348.700A    -2.204    0.0537
H  1                36.4606m    -3.249    0.0048      Blnd                3819.62A    -2.981    0.0090      N  3                340.200A    -2.536    0.0250
H  1                40.1978m    -3.313    0.0042      He 1                3704.90A    -3.875    0.0011      N  3                323.300A    -3.171    0.0058
H  1                44.1173m    -3.373    0.0036      He 1                3704.76A    -3.398    0.0034      N  3                311.600A    -3.378    0.0036
H  1                48.2191m    -3.431    0.0032      He 1                3704.75A    -3.176    0.0057      N  4                225.300A    -3.931    0.0010
H  1                52.5033m    -3.486    0.0028      Blnd                3704.77A    -2.920    0.0103      O  2                386.300A    -2.214    0.0525
H  1                56.9697m    -2.319    0.0413      He 1                3634.08A    -3.562    0.0024      O  2                385.700A    -2.391    0.0349
He 2                2049.91A    -2.250    0.0483      He 1                3634.07A    -3.340    0.0039      O  3                1947.20A    -3.791    0.0014
He 2                2049.91A    -1.786    0.1405      Blnd                3634.09A    -3.085    0.0071      O  3                834.500A    -2.089    0.0700
He 2                2049.91A    -1.782    0.1419      He 1                3587.16A    -3.706    0.0017      O  3                703.400A    -2.436    0.0315
He 2                3644.44A    -2.788    0.0140      He 1                3587.15A    -3.484    0.0028      O  3                599.600A    -2.950    0.0097
He 2                3644.44A    -2.315    0.0416      Blnd                3587.17A    -3.229    0.0051      O  3                541.600A    -2.866    0.0117
He 2                3644.44A    -2.197    0.0546      He 1                3554.34A    -3.834    0.0013      O  3                374.100A    -2.551    0.0242
He 2                3644.44A    -2.415    0.0331      He 1                3554.33A    -3.613    0.0021      O  3                320.700A    -2.552    0.0241
He 2                5694.49A    -3.190    0.0055      Blnd                3554.35A    -3.357    0.0038      O  3                300.500A    -1.915    0.1044
He 2                5694.49A    -2.716    0.0165      He 1                3530.43A    -3.730    0.0016      O  3                299.300A    -2.324    0.0408
He 2                5694.49A    -2.561    0.0236      Blnd                3530.44A    -3.474    0.0029      O  4                844.400A    -3.806    0.0013
He 2                5694.49A    -2.625    0.0204      He 1                3512.46A    -3.835    0.0013      O  4                789.400A    -2.520    0.0260
He 2                5694.49A    -3.002    0.0085      Blnd                3512.48A    -3.580    0.0023      O  4                779.900A    -3.096    0.0069
He 2                8200.12A    -3.507    0.0027      He 1                3498.60A    -3.933    0.0010      O  4                617.000A    -3.620    0.0021
He 2                8200.12A    -3.034    0.0079      Blnd                3498.62A    -3.677    0.0018      O  4                609.400A    -3.469    0.0029
He 2                8200.12A    -2.864    0.0118      Blnd                3487.70A    -3.767    0.0015      O  4                554.400A    -3.064    0.0074
He 2                8200.12A    -2.869    0.0116      Blnd                3478.95A    -3.851    0.0012      O  4                379.800A    -3.900    0.0011
He 2                8200.12A    -3.067    0.0074      Blnd                3471.81A    -3.928    0.0010      O  4                288.500A    -3.643    0.0020
He 2                8200.12A    -3.565    0.0023      He 1                3439.98A    -3.767    0.0015      O  4                285.800A    -3.858    0.0012
He 2                1.11613m    -3.767    0.0015      Blnd                3440.00A    -3.512    0.0026      O  4                276.100A    -3.793    0.0014
He 2                1.11613m    -3.295    0.0044      He 1                7281.35A    -3.169    0.0058      O  4                273.500A    -3.855    0.0012
He 2                1.11613m    -3.118    0.0065      He 1                6678.15A    -2.543    0.0246      O  4                267.000A    -3.728    0.0016
He 2                1.11613m    -3.094    0.0069      He 1                5047.74A    -3.772    0.0015      O  4                265.500A    -2.757    0.0151
He 2                1.11613m    -3.217    0.0052      He 1                4921.93A    -2.976    0.0091      O  4                260.500A    -3.088    0.0070
He 2                1.11613m    -3.519    0.0026      He 1                4387.93A    -3.297    0.0043      O  4                258.600A    -3.725    0.0016
He 2                1.45781m    -3.514    0.0026      He 1                4143.76A    -3.556    0.0024      O  4                252.500A    -3.713    0.0017
He 2                1.45781m    -3.335    0.0040      He 1                4009.05A    -3.557    0.0024      O  4                250.300A    -3.716    0.0017
He 2                1.45781m    -3.296    0.0043      He 1                3926.41A    -3.724    0.0016      O  4                238.500A    -3.646    0.0019
He 2                1.45781m    -3.379    0.0036      He 1                3871.69A    -3.869    0.0012      O  4                224.100A    -3.119    0.0065
He 2                1.45781m    -3.593    0.0022      He 1                4.29471m    -3.393    0.0035      O  4                216.200A    -3.863    0.0012
He 2                1.84504m    -3.703    0.0017      He 1                1.25275m    -3.610    0.0021      O  4                213.000A    -3.470    0.0029
He 2                1.84504m    -3.522    0.0026      He 1                9463.58A    -3.812    0.0013      O  4                211.300A    -3.481    0.0028
He 2                1.84504m    -3.474    0.0029      He 1                1.70025m    -3.547    0.0024      O  4                207.200A    -3.405    0.0034
He 2                1.84504m    -3.535    0.0025      He 1                1.19691m    -3.715    0.0017      O  4                203.000A    -3.791    0.0014
He 2                1.84504m    -3.701    0.0017      He 1                1.03113m    -3.921    0.0010      O  4                200.800A    -2.443    0.0310
He 2                2.27783m    -3.868    0.0012      He 1                9515.00A    -3.807    0.0013      O  4                196.400A    -2.799    0.0136
He 2                2.27783m    -3.687    0.0018      He 1                1.95431m    -3.844    0.0012      O  4                188.200A    -3.790    0.0014
He 2                2.27783m    -3.634    0.0020      He 1                1.86854m    -2.938    0.0099      O  4                182.800A    -3.644    0.0020
He 2                2.27783m    -3.680    0.0018      He 1                1.27849m    -3.271    0.0046      O  4                171.100A    -3.831    0.0013
He 2                2.27783m    -3.816    0.0013      He 1                1.09130m    -3.542    0.0025      O  4                158.600A    -2.792    0.0139
He 2                2.75620m    -3.070    0.0073      He 1                1.00275m    -3.737    0.0016      level2 lines....................................
He 2                3.28011m    -3.182    0.0056      He 1                9526.01A    -3.910    0.0011      C  2                596.559A    -3.518    0.0026
He 2                3.84958m    -3.285    0.0045      He 1                1.86972m    -3.423    0.0032      C  2                561.959A    -3.557    0.0024
He 2                4.46460m    -3.381    0.0036      He 1                1.27905m    -3.753    0.0015      C  2                530.721A    -3.578    0.0023
He 2                5.12518m    -3.470    0.0029      He 1                4.04791m    -3.661    0.0019      C  2                544.909A    -3.591    0.0022
He 2                5.83131m    -3.553    0.0024      Ca B                2945.10A    -2.732    0.0159      C  2                535.300A    -3.603    0.0021
He 2                6.58301m    -3.631    0.0020      Ca B                3187.74A    -2.406    0.0338      C  2                550.361A    -3.668    0.0018
He 2                7.38026m    -3.705    0.0017      Ca B                3613.64A    -3.319    0.0041      C  2                467.460A    -3.729    0.0016
He 2                8.22307m    -3.775    0.0014      Ca B                3888.64A    -1.989    0.0881      C  2                637.979A    -3.913    0.0011
He 2                9.11143m    -3.842    0.0012      Ca B                3964.73A    -3.010    0.0084      C  2                424.791A    -3.821    0.0013
He 2                10.0454m    -3.905    0.0011      Ca B                4026.20A    -2.710    0.0167      C  2                439.850A    -3.902    0.0011
He 2                14.2366m    -2.869    0.0116      Ca B                4120.82A    -3.729    0.0016      C  3                271.090A    -3.438    0.0031
He 1                2599.69A    -2.017    0.0826      Ca B                4387.93A    -3.282    0.0045      C  3                268.600A    -3.460    0.0030
He 1                3120.85A    -2.529    0.0254      Ca B                4471.49A    -2.384    0.0355      C  3                266.880A    -3.484    0.0028
He 1                3421.00A    -2.526    0.0256      Ca B                4713.16A    -3.301    0.0043      C  3                288.500A    -3.490    0.0028
He 1                3420.88A    -2.048    0.0769      Ca B                4921.93A    -2.950    0.0097      C  4                223.140A    -3.505    0.0027
He 1                3420.88A    -1.827    0.1281      Ca B                5015.68A    -2.605    0.0213      C  4                212.750A    -3.698    0.0017
He 1                3678.70A    -2.248    0.0486      Ca B                5047.74A    -3.741    0.0016      C  4                206.950A    -3.810    0.0013
He 1                6632.16A    -2.917    0.0104      Ca B                5875.64A    -1.923    0.1025      C  4                203.370A    -3.918    0.0010
He 1                7435.20A    -3.341    0.0039      Ca B                6678.15A    -2.472    0.0290      N  1                942.258A    -3.709    0.0017
He 1                7843.40A    -2.299    0.0432      Ca B                7065.21A    -2.531    0.0253      N  2                532.161A    -3.586    0.0022
He 1                8188.35A    -2.530    0.0254      Ca B                7281.35A    -3.145    0.0062      N  2                634.441A    -3.672    0.0018
He 1                8190.64A    -3.019    0.0082      Ca B                1.08302m    -1.175    0.5745      N  2                475.141A    -3.651    0.0019
He 1                8261.30A    -2.914    0.0105      Ca B                1.19691m    -3.707    0.0017      N  2                528.139A    -3.703    0.0017
He 1                1.24770m    -3.464    0.0030      Ca B                1.25275m    -3.900    0.0011      N  2                452.970A    -3.750    0.0015
He 1                1.35640m    -3.854    0.0012      Ca B                1.27849m    -3.205    0.0054      N  2                441.950A    -3.794    0.0014
He 1                1.40933m    -2.795    0.0138      Ca B                1.27905m    -3.672    0.0018      N  2                474.291A    -3.788    0.0014
He 1                1.45602m    -2.898    0.0109      Ca B                1.70025m    -3.534    0.0025      N  2                437.731A    -3.826    0.0013
He 1                1.45643m    -3.390    0.0035      Ca B                1.86854m    -2.830    0.0127      N  2                452.610A    -3.934    0.0010
He 1                1.45759m    -3.263    0.0047      Ca B                1.86972m    -3.285    0.0045      N  3                293.510A    -3.441    0.0031
He 1                1.45759m    -3.740    0.0016      Ca B                2.05813m    -2.451    0.0304      N  3                283.090A    -3.478    0.0029
He 1                1.46631m    -3.382    0.0036      Pho+                3889.00A    -1.406    0.3376      N  3                264.550A    -3.496    0.0027
He 1                2.01409m    -3.851    0.0012      extra Lyman.....................................      N  3                277.180A    -3.507    0.0027
He 1                2.21671m    -3.159    0.0060      database lines..................................      N  3                312.110A    -3.508    0.0027
He 1                2.27546m    -3.220    0.0052      Al 3                1862.79A    -2.974    0.0091      N  3                273.490A    -3.538    0.0025
He 1                2.27605m    -3.713    0.0017      Al 3                1854.72A    -2.712    0.0167      N  3                267.450A    -3.560    0.0024
He 1                2.27752m    -3.440    0.0031      Al 6                3.65932m    -3.438    0.0031      N  3                248.910A    -3.583    0.0022
He 1                2.27752m    -3.917    0.0010      Ar 2                6.98337m    -3.180    0.0057      N  3                271.020A    -3.567    0.0023
He 1                2.28865m    -3.733    0.0016      Ar 3                3109.18A    -3.239    0.0050      N  3                305.650A    -3.576    0.0023
He 1                3.20639m    -3.444    0.0031      Ar 3                5191.82A    -3.574    0.0023      N  3                269.290A    -3.592    0.0022
He 1                3.27716m    -3.486    0.0028      Ar 3                7135.79A    -1.580    0.2258      N  3                300.710A    -3.599    0.0022
He 1                3.27969m    -3.654    0.0019      Ar 3                7751.11A    -2.205    0.0536      N  3                238.620A    -3.712    0.0017
He 1                4.46460m    -3.047    0.0077      Ar 3                8.98898m    -1.687    0.1767      N  3                234.300A    -3.741    0.0016
He 1                5.83132m    -3.218    0.0052      Ar 3                21.8253m    -2.867    0.0117      N  3                286.900A    -3.721    0.0016
He 1                7.38026m    -3.370    0.0037      Ar 4                2853.66A    -3.315    0.0042      N  3                231.470A    -3.822    0.0013
He 1                9.11143m    -3.505    0.0027      Ar 4                2868.22A    -3.660    0.0019      N  3                279.440A    -3.804    0.0013
He 1                11.0248m    -3.628    0.0020      Ar 4                4711.26A    -2.366    0.0370      N  3                229.580A    -3.905    0.0011
He 1                13.1205m    -3.741    0.0016      Ar 4                4740.12A    -2.497    0.0273      N  3                274.950A    -3.879    0.0011
He 1                15.3983m    -3.844    0.0012      Ar 5                7005.83A    -3.628    0.0020      N  4                197.610A    -3.669    0.0018
He 1                61.5933m    -3.506    0.0027      Ar 5                7.89971m    -3.004    0.0085      N  4                182.190A    -3.859    0.0012
grains..........................................      Ar 5                13.0985m    -2.821    0.0130      O  1                976.791A    -3.556    0.0024
H-like iso-sequence.............................      Ar 6                4.52800m    -3.815    0.0013      O  1                969.049A    -3.582    0.0022
H  1 Cool           1215.67A    -0.836    1.2538      C  2                687.053A    -3.608    0.0021      O  1                946.387A    -3.627    0.0020
Crst                960.000A    -1.006    0.8482      C  2                687.352A    -3.866    0.0012      O  1                934.501A    -3.662    0.0019
LA X                1215.67A    -3.233    0.0050      C  2                858.092A    -3.749    0.0015      O  1                973.577A    -3.678    0.0018
CION                      0     -2.860    0.0119      C  2                858.559A    -3.634    0.0020      O  1                927.472A    -3.696    0.0017
Ca B                1215.67A     0.598   34.0367      C  2                903.623A    -3.463    0.0030      O  1                948.506A    -3.737    0.0016
Q(H)                4861.32A    -0.958    0.9473      C  2                903.962A    -3.406    0.0034      O  1                922.969A    -3.734    0.0016
Q(H)                1215.67A     0.579   32.5917      C  2                904.142A    -3.340    0.0039      O  1                919.912A    -3.771    0.0015
CaBo                4861.32A    -0.938    0.9904      C  2                904.480A    -3.441    0.0031      O  1                935.672A    -3.799    0.0014
CaBo                1640.00A    -0.832    1.2652      C  2                1036.34A    -3.405    0.0034      O  1                917.726A    -3.811    0.0013
CaBo                4685.64A    -1.663    0.1867      C  2                1037.02A    -3.343    0.0039      O  1                918.704A    -3.842    0.0012
Ca A                1215.67A     0.433   23.2814      C  2                1334.53A    -3.249    0.0048      O  1                928.186A    -3.865    0.0012
Ca A                1025.72A    -0.237    4.9755      C  2                1335.66A    -3.245    0.0049      O  1                917.473A    -3.887    0.0011
Ca A                972.537A    -0.647    1.9362      C  2                1335.71A    -2.941    0.0098      O  2                425.190A    -3.444    0.0031
Ca A                949.743A    -0.951    0.9624      C  2                2323.50A    -3.002    0.0085      O  2                388.410A    -3.494    0.0028
Ca A                937.803A    -1.193    0.5506      C  2                2324.69A    -2.784    0.0141      O  2                373.600A    -3.529    0.0025
Ca A                930.748A    -1.396    0.3454      C  2                2325.40A    -1.977    0.0906      O  2                361.821A    -3.543    0.0025
Ca A                926.226A    -1.570    0.2314      C  2                2326.93A    -2.220    0.0518      O  2                366.060A    -3.554    0.0024
Ca A                923.150A    -1.722    0.1628      C  2                2328.12A    -2.731    0.0160      O  2                360.570A    -3.606    0.0021
Ca A                920.963A    -1.858    0.1191      C  2                157.636m    -3.494    0.0028      O  2                414.619A    -3.682    0.0018
Ca A                919.351A    -1.980    0.0900      C  3                1908.73A    -1.301    0.4297      O  2                358.780A    -3.698    0.0017
Ca A                918.129A    -2.090    0.0698      C  3                1906.68A    -1.138    0.6259      O  2                356.930A    -3.699    0.0017
Ca A                917.181A    -2.190    0.0555      C  3                977.020A    -2.388    0.0352      O  2                355.610A    -3.726    0.0016
Ca A                916.429A    -2.281    0.0450      C  3                386.203A    -3.731    0.0016      O  2                384.420A    -3.852    0.0012
Ca A                915.824A    -2.363    0.0372      C  3                884.524A    -3.600    0.0022      O  3                305.400A    -2.873    0.0115
Ca A                915.329A    -2.438    0.0313      Ca 3                409.953A    -3.886    0.0011      O  3                268.070A    -3.260    0.0047
Ca A                914.919A    -2.506    0.0268      Ca 4                669.696A    -3.736    0.0016      O  3                263.850A    -3.283    0.0045
Ca A                914.576A    -2.568    0.0232      Ca 4                3.20610m    -2.035    0.0792      O  3                373.640A    -3.316    0.0041
Ca A                914.286A    -2.625    0.0204      Co 2                1.01879m    -3.874    0.0011      O  3                265.020A    -3.299    0.0043
Ca A                914.039A    -2.675    0.0181      Cr 2                8000.08A    -3.915    0.0010      O  3                248.730A    -3.350    0.0038
Ca A                913.826A    -2.721    0.0163      Cr 5                594.921A    -3.641    0.0020      O  3                241.200A    -3.392    0.0035
Ca A                913.641A    -2.763    0.0148      Fe 2                25.9813m    -2.217    0.0521      O  3                248.620A    -3.415    0.0033
Ca A                913.480A    -2.800    0.0136      Fe 2                5.33871m    -1.803    0.1351      O  3                236.890A    -3.424    0.0032
Ca A                913.339A    -2.835    0.0126      Fe 2                4.11387m    -3.715    0.0017      O  3                234.190A    -3.444    0.0031
Ca A                6562.80A    -0.671    1.8322      Fe 2                1.25668m    -2.856    0.0120      O  3                276.900A    -3.424    0.0032
Ca A                4861.32A    -1.116    0.6576      Fe 2                4632.28A    -3.678    0.0018      O  3                241.140A    -3.445    0.0031
Ca A                4340.46A    -1.439    0.3125      Fe 2                4416.27A    -3.598    0.0022      O  3                280.450A    -3.448    0.0031
Ca A                4101.73A    -1.692    0.1745      Fe 2                4287.39A    -2.811    0.0133      O  3                263.230A    -3.448    0.0031
Ca A                3970.07A    -1.901    0.1079      Fe 2                2599.40A    -3.395    0.0035      O  3                232.380A    -3.459    0.0030
Ca A                3889.05A    -2.079    0.0716      Fe 2                2382.04A    -2.485    0.0281      O  3                236.860A    -3.472    0.0029
Ca A                3835.38A    -2.234    0.0501      Fe 2                35.3391m    -2.843    0.0123      O  3                231.110A    -3.474    0.0029
Ca A                3797.90A    -2.372    0.0364      Fe 2                6.71944m    -2.943    0.0098      O  3                255.390A    -3.477    0.0029
Ca A                3770.63A    -2.497    0.0274      Fe 2                4.88781m    -3.378    0.0036      O  3                232.350A    -3.488    0.0028
Ca A                3750.15A    -2.610    0.0211      Fe 2                1.32055m    -3.353    0.0038      O  3                234.180A    -3.496    0.0027
Ca A                3734.37A    -2.714    0.0166      Fe 2                7637.52A    -3.345    0.0039      O  3                230.150A    -3.578    0.0023
Ca A                3721.94A    -2.810    0.0133      Fe 2                4889.62A    -3.525    0.0026      O  3                231.100A    -3.526    0.0026
Ca A                3711.97A    -2.899    0.0108      Fe 2                4457.95A    -3.885    0.0011      O  3                244.650A    -3.526    0.0026
Ca A                3703.85A    -2.982    0.0090      Fe 2                4359.33A    -2.942    0.0098      O  3                238.930A    -3.563    0.0023
Ca A                3697.15A    -3.060    0.0075      Fe 2                2625.67A    -2.116    0.0658      O  3                233.340A    -3.576    0.0023
Ca A                3691.55A    -3.132    0.0063      Fe 2                2611.87A    -2.981    0.0090      O  3                235.520A    -3.593    0.0022
Ca A                3686.83A    -3.200    0.0054      Fe 2                2598.37A    -3.704    0.0017      O  3                232.490A    -3.673    0.0018
Ca A                3682.81A    -3.264    0.0047      Fe 2                2395.63A    -2.955    0.0095      O  3                235.000A    -3.705    0.0017
Ca A                3679.35A    -3.323    0.0041      Fe 2                2388.63A    -3.650    0.0019      O  4                239.130A    -2.995    0.0087
Ca A                3676.36A    -3.379    0.0036      Fe 2                2364.83A    -3.271    0.0046      O  4                207.610A    -3.447    0.0031
Ca A                3673.76A    -3.431    0.0032      Fe 2                51.2868m    -3.451    0.0030      O  4                196.560A    -3.505    0.0027
Ca A                3671.48A    -3.479    0.0029      Fe 2                4.60641m    -3.925    0.0010      O  4                214.760A    -3.449    0.0031
Ca A                1.87510m    -1.471    0.2906      Fe 2                1.37181m    -3.596    0.0022      O  4                181.780A    -3.628    0.0020
Ca A                1.28181m    -1.791    0.1390      Fe 2                1.29427m    -3.858    0.0012      O  4                280.550A    -3.399    0.0034
Ca A                1.09381m    -2.050    0.0767      Fe 2                7686.93A    -3.494    0.0028      O  4                174.710A    -3.704    0.0017
Ca A                1.00494m    -2.263    0.0469      Fe 2                4413.78A    -3.093    0.0069      O  4                203.010A    -3.598    0.0022
Ca A                9545.97A    -2.444    0.0309      Fe 2                2631.32A    -2.728    0.0161      O  4                174.310A    -3.741    0.0016
Ca A                9229.02A    -2.602    0.0215      Fe 2                2617.62A    -3.533    0.0025      O  4                182.700A    -3.722    0.0016
Ca A                9014.91A    -2.742    0.0156      Fe 2                2607.09A    -3.573    0.0023      O  4                181.770A    -3.733    0.0016
Ca A                8862.79A    -2.867    0.0117      Fe 2                2404.89A    -3.413    0.0033      O  4                170.710A    -3.819    0.0013
Ca A                8750.48A    -2.982    0.0090      Fe 2                2399.24A    -3.783    0.0014      O  4                159.680A    -3.886    0.0011
Ca A                8665.02A    -3.087    0.0070      Fe 2                2380.76A    -2.939    0.0099      O  4                168.240A    -3.864    0.0012
Ca A                8598.40A    -3.184    0.0056      Fe 2                2348.30A    -3.823    0.0013      O  4                180.320A    -3.840    0.0012
Ca A                8545.39A    -3.274    0.0046      Fe 2                4452.10A    -3.285    0.0045      O  4                186.020A    -3.841    0.0012
Ca A                8502.49A    -3.359    0.0038      Fe 2                2631.05A    -3.548    0.0024      O  4                206.560A    -3.914    0.0010
Ca A                8467.26A    -3.438    0.0031      Fe 2                2613.82A    -3.802    0.0014      Ne 2                444.150A    -3.715    0.0017
Ca A                8437.96A    -3.512    0.0026      Fe 2                2410.52A    -3.843    0.0012      Ne 2                356.870A    -3.694    0.0017
Ca A                8413.32A    -3.582    0.0022      Fe 2                2406.66A    -3.867    0.0012      Ne 2                461.050A    -3.756    0.0015
Ca A                8392.40A    -3.648    0.0019      Fe 2                4474.90A    -3.598    0.0022      Ne 2                404.130A    -3.771    0.0015
Ca A                8374.48A    -3.711    0.0017      Fe 2                2628.29A    -3.849    0.0012      Ne 2                327.700A    -3.816    0.0013
Ca A                8359.01A    -3.770    0.0015      Fe 2                17.9311m    -2.341    0.0392      Ne 2                331.200A    -3.815    0.0013
Ca A                8345.56A    -3.827    0.0013      Fe 2                1.64355m    -1.679    0.1801      Ne 2                327.139A    -3.831    0.0013
Ca A                8333.79A    -3.880    0.0011      Fe 2                1.53348m    -2.489    0.0279      Ne 2                355.969A    -3.828    0.0013
Ca A                4.05115m    -2.077    0.0720      Fe 2                8616.95A    -2.755    0.0151      Ne 2                320.500A    -3.889    0.0011
Ca A                2.62515m    -2.322    0.0409      Fe 2                7155.17A    -2.354    0.0380      Ne 2                327.160A    -3.918    0.0010
Ca A                2.16553m    -2.536    0.0250      Fe 2                5273.36A    -3.039    0.0079      Ne 3                250.920A    -3.365    0.0037
Ca A                1.94456m    -2.719    0.0164      Fe 2                5158.79A    -2.390    0.0350      Ne 3                227.420A    -3.366    0.0037
Ca A                1.81741m    -2.879    0.0114      Fe 2                5111.64A    -3.334    0.0040      Ne 3                218.360A    -3.636    0.0020
Ca A                1.73621m    -3.020    0.0082      Fe 2                5072.41A    -3.097    0.0069      Ne 3                223.310A    -3.579    0.0023
Ca A                1.68065m    -3.148    0.0061      Fe 2                4814.54A    -3.341    0.0039      Ne 3                228.870A    -3.465    0.0029
Ca A                1.64072m    -3.263    0.0047      Fe 2                4774.73A    -3.800    0.0014      Ne 3                281.580A    -3.469    0.0029
Ca A                1.61093m    -3.369    0.0037      Fe 2                4243.97A    -2.746    0.0154      Ne 3                204.530A    -3.788    0.0014
Ca A                1.58805m    -3.467    0.0029      Fe 2                4177.20A    -3.820    0.0013      Ne 3                227.190A    -3.432    0.0032
Ca A                1.57007m    -3.558    0.0024      Fe 2                3376.20A    -3.494    0.0028      Ne 3                212.550A    -3.767    0.0015
Ca A                1.55565m    -3.643    0.0020      Fe 2                2732.45A    -3.875    0.0011      Ne 3                265.510A    -3.496    0.0027
Ca A                1.54389m    -3.723    0.0016      Fe 2                2493.30A    -2.571    0.0231      Ne 3                218.030A    -3.740    0.0016
Ca A                1.53418m    -3.798    0.0014      Fe 2                24.5126m    -2.966    0.0093      Ne 3                205.100A    -3.857    0.0012
Ca A                1.52605m    -3.870    0.0012      Fe 2                1.80940m    -2.279    0.0452      Ne 3                217.120A    -3.792    0.0014
Ca A                7.45782m    -2.571    0.0231      Fe 2                1.67688m    -2.915    0.0105      Ne 3                196.550A    -3.922    0.0010
Ca A                4.65251m    -2.765    0.0148      Fe 2                1.59948m    -2.895    0.0109      Ne 3                195.480A    -3.923    0.0010
Ca A                3.73954m    -2.946    0.0097      Fe 2                9051.95A    -2.596    0.0218      Ne 3                203.960A    -3.924    0.0010
Ca A                3.29609m    -3.105    0.0067      Fe 2                8891.93A    -3.093    0.0069      Ne 3                204.480A    -3.927    0.0010
Ca A                3.03837m    -3.248    0.0049      Fe 2                7452.56A    -2.846    0.0122      Ne 3                238.070A    -3.587    0.0022
Ca A                2.87221m    -3.375    0.0036      Fe 2                7172.00A    -3.106    0.0067      Ne 4                171.550A    -3.571    0.0023
Ca A                2.75752m    -3.492    0.0028      Fe 2                5527.36A    -3.199    0.0054      Ne 4                148.550A    -3.823    0.0013
Ca A                2.67440m    -3.598    0.0022      Fe 2                5433.15A    -3.553    0.0024      Ne 4                207.180A    -3.626    0.0020
Ca A                2.61194m    -3.697    0.0017      Fe 2                5261.63A    -2.807    0.0134      Ne 4                159.100A    -3.870    0.0012
Ca A                2.56363m    -3.788    0.0014      Fe 2                5184.80A    -3.929    0.0010      Ne 5                143.350A    -3.913    0.0011
Ca A                2.52540m    -3.874    0.0011      Fe 2                5158.01A    -3.855    0.0012      Mg 3                183.540A    -3.718    0.0016
Ca A                12.3685m    -2.990    0.0088      Fe 2                4947.39A    -3.284    0.0045      Mg 3                168.540A    -3.897    0.0011
Ca A                7.50045m    -3.146    0.0061      Fe 2                4905.35A    -3.655    0.0019      Mg 4                147.190A    -3.889    0.0011
Ca A                5.90660m    -3.301    0.0043      Fe 2                4874.50A    -3.727    0.0016      Si 2                1179.59A    -3.095    0.0069
Ca A                5.12726m    -3.442    0.0031      Fe 2                4346.86A    -3.373    0.0036      Si 2                993.354A    -3.596    0.0022
Ca A                4.67124m    -3.570    0.0023      Fe 2                4276.84A    -3.281    0.0045      Si 2                893.551A    -3.700    0.0017
Ca A                4.37526m    -3.686    0.0018      Fe 2                35.7675m    -3.711    0.0017      Si 2                1024.03A    -3.782    0.0014
Ca A                4.16966m    -3.793    0.0014      Fe 2                1.95361m    -3.190    0.0055      Si 2                903.081A    -3.907    0.0011
Ca A                4.01977m    -3.891    0.0011      Fe 2                1.80002m    -2.930    0.0101      Si 3                564.611A    -3.769    0.0015
Ca A                19.0567m    -3.353    0.0038      Fe 2                1.71113m    -3.573    0.0023      Si 3                464.939A    -3.745    0.0015
Ca A                11.3056m    -3.481    0.0028      Fe 2                1.66377m    -3.191    0.0055      Si 3                435.840A    -3.866    0.0012
Ca A                8.75768m    -3.615    0.0021      Fe 2                9399.04A    -3.019    0.0082      Si 4                329.800A    -3.770    0.0015
Ca A                7.50606m    -3.741    0.0016      Fe 2                9226.63A    -3.037    0.0079      Si 4                312.700A    -3.848    0.0012
Ca A                6.77015m    -3.856    0.0012      Fe 2                9033.49A    -3.677    0.0018      Si 4                302.870A    -3.934    0.0010
Ca A                27.7958m    -3.673    0.0018      Fe 2                7388.17A    -3.226    0.0051      S  2                750.323A    -3.680    0.0018
Ca A                16.2047m    -3.779    0.0014      Fe 2                6440.41A    -3.862    0.0012      S  2                632.711A    -3.844    0.0012
Ca A                12.3838m    -3.897    0.0011      Fe 2                5333.66A    -3.112    0.0066      S  2                888.439A    -3.735    0.0016
Ca B                6562.80A    -0.484    2.8185      Fe 2                5049.30A    -3.458    0.0030      S  3                667.049A    -3.326    0.0041
Ca B                4861.32A    -0.938    0.9918      Fe 2                5005.52A    -3.531    0.0025      S  3                691.219A    -3.441    0.0031
Ca B                4340.46A    -1.266    0.4657      Fe 2                4973.40A    -3.828    0.0013      S  3                704.220A    -3.478    0.0029
Ca B                4101.73A    -1.523    0.2578      Fe 2                4352.79A    -3.597    0.0022      S  3                671.510A    -3.754    0.0015
Ca B                3970.07A    -1.735    0.1583      Fe 2                4319.62A    -3.760    0.0015      S  3                482.139A    -3.687    0.0018
Ca B                3889.05A    -1.915    0.1046      Fe 2                1.89541m    -3.666    0.0019      S  3                474.260A    -3.752    0.0015
Ca B                3835.38A    -2.072    0.0728      Fe 2                1.79711m    -3.226    0.0051      S  3                480.121A    -3.786    0.0014
Ca B                3797.90A    -2.211    0.0528      Fe 2                1.74494m    -3.513    0.0026      S  3                420.730A    -3.847    0.0012
Ca B                3770.63A    -2.337    0.0396      Fe 2                9652.70A    -3.867    0.0012      S  3                424.450A    -3.900    0.0011
Ca B                3750.15A    -2.450    0.0305      Fe 2                9470.94A    -3.427    0.0032      S  4                330.110A    -3.793    0.0014
Ca B                3734.37A    -2.554    0.0240      Fe 2                9267.56A    -3.374    0.0036      S  4                370.000A    -3.809    0.0013
Ca B                3721.94A    -2.650    0.0192      Fe 2                5376.47A    -3.440    0.0031      S  4                341.260A    -3.824    0.0013
Ca B                3711.97A    -2.738    0.0157      Fe 2                2926.59A    -3.908    0.0011      S  4                295.300A    -3.916    0.0010
Ca B                3703.85A    -2.820    0.0130      Fe 2                2755.74A    -3.113    0.0066      S  4                321.910A    -3.894    0.0011
Ca B                3697.15A    -2.896    0.0109      Fe 2                2739.55A    -3.290    0.0044      Ar 3                458.140A    -3.311    0.0042
Ca B                3691.55A    -2.967    0.0093      Fe 2                2772.73A    -3.328    0.0040      Ar 3                464.671A    -3.437    0.0031
Ca B                3686.83A    -3.033    0.0080      Fe 2                2.22379m    -3.331    0.0040      Ar 3                451.091A    -3.650    0.0019
Ca B                3682.81A    -3.095    0.0069      Fe 3                22.9190m    -1.854    0.1202      Ar 3                472.659A    -3.622    0.0021
Ca B                3679.35A    -3.153    0.0060      Fe 3                4985.87A    -2.860    0.0119      Ar 3                488.909A    -3.734    0.0016
Ca B                3676.36A    -3.207    0.0053      Fe 3                4924.54A    -3.215    0.0052      Ar 3                388.490A    -3.753    0.0015
Ca B                3673.76A    -3.258    0.0047      Fe 3                4881.00A    -2.165    0.0588      Ar 3                527.451A    -3.767    0.0015
Ca B                3671.48A    -3.306    0.0043      Fe 3                4658.05A    -1.729    0.1602      Ar 3                360.940A    -3.825    0.0013
Ca B                1.87510m    -1.420    0.3267      Fe 3                4607.03A    -2.989    0.0088      Ar 3                345.990A    -3.820    0.0013
Ca B                1.28181m    -1.731    0.1595      Fe 3                4070.71A    -3.894    0.0011      Ar 3                365.099A    -3.853    0.0012
Ca B                1.09381m    -1.986    0.0887      Fe 3                4008.35A    -2.849    0.0122      Ar 4                444.680A    -3.275    0.0046
Ca B                1.00494m    -2.198    0.0545      Fe 3                3322.54A    -2.628    0.0202      Ar 4                392.000A    -3.808    0.0013
Ca B                9545.97A    -2.378    0.0360      Fe 3                3239.74A    -2.692    0.0175      Ar 5                441.850A    -3.802    0.0014
Ca B                9229.02A    -2.535    0.0250      Fe 3                2438.29A    -3.022    0.0082      Ca 3                351.260A    -3.173    0.0058
Ca B                9014.91A    -2.675    0.0182      Fe 3                1576.66A    -3.562    0.0024      Ca 3                298.430A    -3.559    0.0024
Ca B                8862.79A    -2.801    0.0136      Fe 3                1434.81A    -3.918    0.0010      Ca 3                277.760A    -3.730    0.0016
Ca B                8750.48A    -2.915    0.0105      Fe 3                33.0270m    -2.409    0.0335      Ca 3                267.540A    -3.816    0.0013
Ca B                8665.02A    -3.020    0.0082      Fe 3                5270.40A    -2.013    0.0834      Ca 3                308.360A    -3.853    0.0012
Ca B                8598.40A    -3.116    0.0066      Fe 3                4987.21A    -2.905    0.0107      Ca 3                261.770A    -3.891    0.0011
Ca B                8545.39A    -3.205    0.0054      Fe 3                4754.69A    -2.455    0.0301      Ca 4                303.870A    -3.318    0.0041
Ca B                8502.49A    -3.288    0.0044      Fe 3                4701.54A    -2.277    0.0454      Ca 4                310.370A    -3.503    0.0027
Ca B                8467.26A    -3.365    0.0037      Fe 3                4667.01A    -3.290    0.0044      Ca 4                307.850A    -3.464    0.0030
Ca B                8437.96A    -3.438    0.0031      Fe 3                4079.70A    -3.407    0.0034      Ca 4                323.400A    -3.509    0.0027
Ca B                8413.32A    -3.506    0.0027      Fe 3                4046.42A    -3.810    0.0013      Ca 4                319.070A    -3.439    0.0031
Ca B                8392.40A    -3.569    0.0023      Fe 3                3371.41A    -2.762    0.0149      Ca 4                243.380A    -3.904    0.0011
Ca B                8374.48A    -3.629    0.0020      Fe 3                3301.56A    -3.823    0.0013      Ca 4                237.560A    -3.922    0.0010
Ca B                8359.01A    -3.686    0.0018      Fe 3                3286.19A    -3.208    0.0053      Ca 5                314.530A    -3.625    0.0020
Ca B                8345.56A    -3.739    0.0016      Fe 3                2464.51A    -3.165    0.0059      Ca 5                325.410A    -3.706    0.0017
Ca B                8333.79A    -3.789    0.0014      Fe 3                51.6655m    -3.082    0.0071      Fe 3                911.104A    -3.729    0.0016
Ca B                4.05115m    -2.051    0.0764      Fe 3                5011.26A    -2.652    0.0191      Fe 3                859.623A    -3.922    0.0010
Ca B                2.62515m    -2.292    0.0439      Fe 3                4769.43A    -2.744    0.0155      Fe 3                896.877A    -3.794    0.0014
Ca B                2.16553m    -2.503    0.0270      Fe 3                4733.91A    -2.748    0.0153      Fe 4                309.190A    -3.490    0.0028
Ca B                1.94456m    -2.685    0.0178      Fe 3                3406.18A    -3.125    0.0064      Fe 4                532.950A    -3.571    0.0023
Ca B                1.81741m    -2.843    0.0123      Fe 3                3334.90A    -3.202    0.0054      Fe 4                275.130A    -3.596    0.0022
Ca B                1.73621m    -2.984    0.0089      Fe 3                3319.22A    -3.375    0.0036      Fe 4                259.600A    -3.668    0.0018
Ca B                1.68065m    -3.110    0.0067      Fe 3                2483.05A    -3.334    0.0040      Fe 4                251.070A    -3.719    0.0016
Ca B                1.64072m    -3.225    0.0051      Fe 3                5411.98A    -3.069    0.0073      Fe 4                245.840A    -3.752    0.0015
Ca B                1.61093m    -3.331    0.0040      Fe 3                4930.54A    -3.293    0.0044      Fe 4                326.120A    -3.744    0.0015
Ca B                1.58805m    -3.428    0.0032      Fe 3                4777.68A    -3.068    0.0073      Fe 4                242.370A    -3.774    0.0014
Ca B                1.57007m    -3.518    0.0026      Fe 3                3428.79A    -3.784    0.0014      Fe 4                239.960A    -3.795    0.0014
Ca B                1.55565m    -3.602    0.0021      Fe 3                3356.57A    -3.281    0.0045      Fe 4                281.200A    -3.815    0.0013
Ca B                1.54389m    -3.681    0.0018      Fe 3                3355.48A    -3.531    0.0025      Fe 4                262.550A    -3.871    0.0012
Ca B                1.53418m    -3.755    0.0015      Fe 3                2495.04A    -3.572    0.0023      Fe 5                236.210A    -3.635    0.0020
Ca B                1.52605m    -3.824    0.0013      Fe 3                5084.77A    -3.428    0.0032      Fe 5                236.300A    -3.665    0.0019
Ca B                1.51919m    -3.890    0.0011      Fe 3                3366.21A    -3.593    0.0022      Fe 5                391.409A    -3.632    0.0020
Ca B                7.45782m    -2.552    0.0241      Fe 3                8838.21A    -3.923    0.0010      Fe 5                227.780A    -3.618    0.0021
Ca B                4.65251m    -2.745    0.0155      Fe 3                8728.94A    -3.788    0.0014      Fe 5                389.529A    -3.731    0.0016
Ca B                3.73954m    -2.924    0.0102      Fe 3                40.0371m    -3.738    0.0016      Fe 5                369.760A    -3.722    0.0016
Ca B                3.29609m    -3.082    0.0071      Fe 3                2.21782m    -2.821    0.0130      Fe 5                236.880A    -3.770    0.0015
Ca B                3.03837m    -3.224    0.0051      Fe 3                9701.27A    -3.032    0.0080      Fe 5                226.680A    -3.839    0.0012
Ca B                2.87221m    -3.351    0.0038      Fe 3                3307.57A    -3.848    0.0012      Fe 5                241.720A    -3.918    0.0010
Ca B                2.75752m    -3.467    0.0029      Fe 3                2.34788m    -2.999    0.0086      Fe 6                174.510A    -3.833    0.0013
Ca B                2.67440m    -3.572    0.0023      Fe 3                9942.18A    -3.226    0.0051      Fe 6                156.820A    -3.890    0.0011
Ca B                2.61194m    -3.670    0.0018      Fe 3                9444.21A    -3.757    0.0015      Fe 6                185.150A    -3.932    0.0010
Ca B                2.56363m    -3.761    0.0015      Fe 3                2.24204m    -3.538    0.0025      Fe 6                295.530A    -3.770    0.0015
Ca B                2.52540m    -3.846    0.0012      Fe 3                2.14511m    -3.771    0.0015      Fe 6                292.810A    -3.815    0.0013
Ca B                2.49458m    -3.926    0.0010      Fe 3                3.22847m    -3.346    0.0039      P  2                967.202A    -3.872    0.0012
Ca B                12.3685m    -2.973    0.0091      Fe 3                2.87385m    -3.275    0.0046      P  2                963.828A    -3.788    0.0014
Ca B                7.50045m    -3.130    0.0064      Fe 3                1.06081m    -3.711    0.0017      Ti 2                3364.74A    -3.507    0.0027
Ca B                5.90660m    -3.284    0.0045      Fe 7                9.50763m    -2.790    0.0139      Ti 2                3237.15A    -3.708    0.0017
Ca B                5.12726m    -3.424    0.0032      Fe 7                5720.71A    -3.594    0.0022      Cr 2                2059.78A    -3.695    0.0017
Ca B                4.67124m    -3.551    0.0024      Fe 7                4988.55A    -3.808    0.0013      Ni 2                1751.83A    -3.824    0.0013
Ca B                4.37526m    -3.667    0.0018      Fe 7                7.81037m    -3.323    0.0041      Ni 2                1744.24A    -3.735    0.0016
Ca B                4.16966m    -3.773    0.0014      Fe 7                6086.97A    -3.419    0.0033      Ni 2                1375.73A    -3.887    0.0011
Ca B                4.01977m    -3.872    0.0012      Fe 7                3758.92A    -3.890    0.0011      Ni 2                1324.11A    -3.895    0.0011
Ca B                19.0567m    -3.337    0.0040      K  3                4.61683m    -2.951    0.0096      hyperfine structure.............................
Ca B                11.3056m    -3.466    0.0029      K  4                5.98030m    -3.363    0.0037      inner shell.....................................
Ca B                8.75768m    -3.600    0.0022      Mg 1                2852.13A    -2.769    0.0146      Mg 3                246.489A    -3.671    0.0018
Ca B                7.50606m    -3.726    0.0016      Mg 1                4562.60A    -2.719    0.0164      Mg 3                247.968A    -3.674    0.0018
Ca B                6.77015m    -3.841    0.0012      Mg 1                4571.10A    -3.146    0.0061      Si 5                120.490A    -3.926    0.0010
Ca B                27.7958m    -3.657    0.0019      Mg 3                231.734A    -3.468    0.0029      Si 5                119.791A    -2.643    0.0196
Ca B                16.2047m    -3.765    0.0015      Mg 3                234.264A    -3.689    0.0018      Si 5                120.490A    -2.645    0.0195
Ca B                12.3838m    -3.884    0.0011      Mn 2                2576.10A    -3.686    0.0018      Fe 6                167.773A    -3.359    0.0038
H  1                2430.61A     0.053    9.7020      Mn 2                2593.72A    -3.760    0.0015      Fe 6                172.200A    -3.370    0.0037
H  1                1215.67A     0.490   26.5560      Mn 2                2605.68A    -3.870    0.0012      molecules.......................................
H  1                1025.72A    -2.903    0.0107      N  1                1134.17A    -3.820    0.0013      H-FB                      0     -3.684    0.0018
H  1                972.537A    -3.009    0.0084      N  1                1134.41A    -3.740    0.0016      H-FF                      0     -3.923    0.0010
H  1                949.743A    -3.065    0.0074      N  1                1134.98A    -3.703    0.0017      H- H                      0     -3.899    0.0011
H  1                937.803A    -3.106    0.0067      N  1                1199.55A    -3.402    0.0034      bands...........................................
H  1                930.748A    -3.137    0.0063      N  1                1200.22A    -3.442    0.0031      Fe 2b               2500.00A    -1.586    0.2231
H  1                926.226A    -3.173    0.0058      N  1                1200.71A    -3.570    0.0023      Fe 2b               5000.00A    -1.630    0.2014
H  1                923.150A    -3.205    0.0054      N  1                5197.90A    -3.513    0.0026      Fe 2b               7000.00A    -2.062    0.0746
H  1                920.963A    -3.231    0.0051      N  1                5200.26A    -3.594    0.0022      Fe 2b               10000.0A    -1.320    0.4110
H  1                919.351A    -3.390    0.0035      N  4                1486.50A    -2.836    0.0125      Fe 2b               2355.00A    -2.075    0.0723
H  1                918.129A    -3.406    0.0034      N  4                1483.32A    -2.697    0.0173      Fe 2b               2430.00A    -1.625    0.2036
H  1                917.181A    -3.418    0.0033      N  4                765.147A    -3.322    0.0041      Fe 2b               2445.00A    -1.625    0.2036
H  1                916.429A    -3.428    0.0032      N  4                247.205A    -3.672    0.0018      Fe 2b               2495.00A    -2.558    0.0238
H  1                915.824A    -3.438    0.0031      N  4                463.736A    -3.822    0.0013      Fe 2b               2610.00A    -1.903    0.1074
H  1                915.329A    -3.446    0.0031      N  5                1238.82A    -3.581    0.0023      Fe 2b               2758.00A    -2.698    0.0172
H  1                914.919A    -3.453    0.0030      N  5                1242.80A    -3.679    0.0018      Fe 2b               2780.00A    -2.675    0.0182
H  1                914.576A    -3.458    0.0030      Ne 2                12.8101m    -2.649    0.0193      Fe 2b               2935.00A    -3.770    0.0015
H  1                914.286A    -3.462    0.0030      Ne 3                15.5509m    -0.996    0.8681      Fe 2b               2960.00A    -3.819    0.0013
H  1                914.039A    -3.463    0.0030      Ne 3                3868.76A    -1.078    0.7174      Fe 2b               3180.00A    -3.653    0.0019
H  1                913.826A    -3.459    0.0030      Ne 3                489.500A    -3.854    0.0012      Fe 2b               3250.00A    -3.224    0.0051
H  1                6562.80A    -0.490    2.7810      Ne 3                36.0036m    -2.043    0.0777      Fe 2b               3590.00A    -3.325    0.0041
H  1                4861.32A    -0.934    1.0000      Ne 3                3967.47A    -1.596    0.2178      Fe 2b               4255.00A    -2.121    0.0650
H  1                4340.46A    -1.259    0.4730      Ne 3                1814.56A    -3.422    0.0033      Fe 2b               4558.00A    -2.880    0.0113
H  1                4101.73A    -1.516    0.2620      Ne 3                491.045A    -3.161    0.0059      Fe 2b               4600.00A    -2.841    0.0124
H  1                3970.07A    -1.726    0.1615      Ne 3                489.645A    -3.412    0.0033      Fe 2b               4743.00A    -3.490    0.0028
H  1                3889.05A    -1.905    0.1069      Ne 3                313.688A    -3.442    0.0031      Fe 2b               4855.00A    -2.922    0.0103
H  1                3835.38A    -2.061    0.0747      Ne 3                283.576A    -3.912    0.0011      Fe 2b               4920.00A    -2.408    0.0336
H  1                3797.90A    -2.198    0.0544      Ne 3                490.311A    -3.528    0.0025      Fe 2b               4975.00A    -2.927    0.0102
H  1                3770.63A    -2.207    0.0534      Ne 3                313.961A    -3.888    0.0011      Fe 2b               4971.00A    -2.966    0.0093
H  1                3750.15A    -2.311    0.0420      Ne 3                3342.18A    -3.904    0.0011      Fe 2b               5070.00A    -2.868    0.0117
H  1                3734.37A    -2.407    0.0337      Ne 5                24.3108m    -1.924    0.1023      Fe 2b               5143.00A    -2.309    0.0422
H  1                3721.94A    -2.495    0.0275      Ne 5                14.3178m    -1.983    0.0894      Fe 2b               5270.00A    -2.027    0.0808
H  1                3711.97A    -2.577    0.0228      Ne 5                3345.82A    -3.203    0.0054      Fe 2b               5318.00A    -2.348    0.0386
H  1                3703.85A    -2.652    0.0191      Ne 5                569.756A    -3.702    0.0017      Fe 2b               5540.00A    -3.058    0.0075
H  1                3697.15A    -2.722    0.0163      Ne 5                3425.88A    -2.771    0.0146      Fe 2b               5865.00A    -3.663    0.0019
H  1                3691.55A    -2.786    0.0141      Ne 5                482.990A    -3.663    0.0019      Fe 2b               6565.00A    -3.616    0.0021
H  1                3686.83A    -2.845    0.0123      Ne 5                482.994A    -3.916    0.0010      Fe 2b               6910.00A    -3.788    0.0014
H  1                3682.81A    -2.897    0.0109      Ne 5                359.374A    -3.486    0.0028      Fe 2b               7445.00A    -2.088    0.0702
H  1                3679.35A    -2.942    0.0098      O  1                1040.94A    -3.760    0.0015      Fe 2b               8625.00A    -2.112    0.0665
H  1                1.87510m    -1.453    0.3029      O  1                1302.17A    -3.862    0.0012      Fe 2b               1.03250m    -3.093    0.0069
H  1                1.28181m    -1.744    0.1549      O  1                1304.86A    -3.202    0.0054      Fe 2b               1.88900m    -2.058    0.0753
H  1                1.09381m    -1.993    0.0874      O  1                1306.03A    -3.625    0.0020      Fe 2b               2.20000m    -3.258    0.0047
H  1                1.00494m    -2.200    0.0542      O  1                5577.34A    -3.752    0.0015      miscellaneous...................................
H  1                9545.97A    -2.378    0.0359      O  1                6300.30A    -2.184    0.0563      C 2R                1335.00A    -1.859    0.1190
H  1                9229.02A    -2.534    0.0251      O  1                6363.78A    -2.679    0.0180      C 3R                977.000A    -2.303    0.0427
H  1                9014.91A    -2.672    0.0183      O  1                63.1679m    -2.779    0.0143      C 3R                1909.00A    -2.459    0.0298
H  1                8862.79A    -2.722    0.0163      O  1                145.495m    -3.898    0.0011      C 3R                1175.00A    -2.641    0.0197
H  1                8750.48A    -2.826    0.0128      O  2                539.086A    -3.590    0.0022      C 4R                1549.00A    -3.445    0.0031
H  1                8665.02A    -2.922    0.0103      O  2                539.547A    -3.625    0.0020      N 2R                1085.00A    -2.968    0.0092
H  1                8598.40A    -3.010    0.0084      O  2                539.854A    -3.691    0.0018      N 3R                990.000A    -2.361    0.0374
H  1                8545.39A    -3.091    0.0070      O  2                832.758A    -3.659    0.0019      O 2R                7332.00A    -3.821    0.0013
H  1                8502.49A    -3.166    0.0059      O  2                833.330A    -3.607    0.0021      O 2R                7323.00A    -3.734    0.0016
H  1                8467.26A    -3.236    0.0050      O  2                834.465A    -3.587    0.0022      O 2H                3727.00A    -3.235    0.0050
H  1                8437.96A    -3.300    0.0043      O  2                2470.22A    -2.843    0.0123      O 2R                3726.00A    -2.967    0.0093
H  1                8413.32A    -3.359    0.0038      O  2                2470.34A    -2.249    0.0484      O 2R                3729.00A    -3.122    0.0065
H  1                8392.40A    -3.411    0.0033      O  2                7318.92A    -2.926    0.0102      O 2R                2471.00A    -3.566    0.0023
H  1                8374.48A    -3.455    0.0030      O  2                7319.99A    -2.443    0.0310      O 2H                7325.00A    -3.764    0.0015
H  1                4.05115m    -2.105    0.0674      O  2                7329.67A    -2.704    0.0170      O 2R                4651.00A    -3.257    0.0048
H  1                2.62515m    -2.323    0.0409      O  2                7330.73A    -2.712    0.0167      O 2R                4341.00A    -3.533    0.0025
H  1                2.16553m    -2.524    0.0257      O  2                3728.81A    -1.130    0.6372      O 3R                835.000A    -2.091    0.0697
H  1                1.94456m    -2.700    0.0171      O  2                3726.03A    -0.992    0.8761      O 4R                789.000A    -2.611    0.0210
H  1                1.81741m    -2.855    0.0120      O  3                88.3323m    -1.245    0.4892      Blnd                1400.00A    -2.031    0.0799
H  1                1.73621m    -2.994    0.0087      O  3                4931.23A    -3.671    0.0018      Blnd                1650.00A    -0.811    1.3284
H  1                1.68065m    -3.091    0.0070      O  3                832.929A    -3.563    0.0024      Blnd                1304.00A    -2.999    0.0086
H  1                1.64072m    -3.195    0.0055      O  3                702.337A    -3.612    0.0021      Blnd                1039.00A    -3.529    0.0025
H  1                1.61093m    -3.290    0.0044      O  3                507.388A    -3.514    0.0026      Blnd                2798.00A    -0.868    1.1636
H  1                1.58805m    -3.378    0.0036      O  3                51.8004m    -0.676    1.8123      Blnd                6720.00A    -1.276    0.4547
H  1                1.57007m    -3.459    0.0030      O  3                4958.91A    -0.262    4.7000      Blnd                4074.00A    -2.156    0.0600
H  1                1.55565m    -3.534    0.0025      O  3                2320.95A    -2.499    0.0272      Blnd                1.03300m    -2.265    0.0467
H  1                1.54389m    -3.604    0.0021      O  3                1660.81A    -2.349    0.0385      Blnd                1256.00A    -3.384    0.0036
H  1                1.53418m    -3.668    0.0018      O  3                833.715A    -3.500    0.0027      Blnd                1198.00A    -3.150    0.0061
H  1                1.52605m    -3.726    0.0016      O  3                833.749A    -3.580    0.0023      Blnd                1720.00A    -2.885    0.0112
H  1                1.51919m    -3.778    0.0014      O  3                702.838A    -3.457    0.0030      Blnd                3722.00A    -2.583    0.0224
H  1                1.51332m    -3.823    0.0013      O  3                702.896A    -3.798    0.0014      Blnd                1406.00A    -3.299    0.0043
H  1                7.45782m    -2.625    0.0204      O  3                702.900A    -3.858    0.0012      Blnd                2665.00A    -2.139    0.0624
H  1                4.65251m    -2.792    0.0139      O  3                507.680A    -3.297    0.0043      Blnd                1860.00A    -2.523    0.0258
H  1                3.73954m    -2.960    0.0094      O  3                5006.84A     0.199   13.5841      Blnd                4725.00A    -2.126    0.0643
H  1                3.29609m    -3.112    0.0066      O  3                1666.15A    -1.954    0.0956      Blnd                2860.00A    -3.153    0.0060
H  1                3.03837m    -3.249    0.0048      O  3                835.059A    -3.571    0.0023      Blnd                7250.00A    -3.721    0.0016
H  1                2.87221m    -3.380    0.0036      O  3                835.092A    -3.417    0.0033      Blnd                2335.00A    -1.829    0.1273
H  1                2.75752m    -3.483    0.0028      O  3                835.289A    -3.474    0.0029      Blnd                1888.00A    -1.282    0.4490
H  1                2.67440m    -3.578    0.0023      O  3                703.851A    -3.553    0.0024      Blnd                1397.00A    -2.102    0.0679
H  1                2.61194m    -3.665    0.0019      O  3                703.854A    -3.357    0.0038      Blnd                2424.00A    -1.936    0.0995
H  1                2.56363m    -3.746    0.0015      O  3                508.178A    -2.908    0.0106      Blnd                3350.00A    -3.383    0.0036
H  1                2.52540m    -3.821    0.0013      O  3                4363.21A    -1.873    0.1152      Blnd                5525.00A    -2.385    0.0354
H  1                2.49458m    -3.890    0.0011      O  5                629.732A    -3.367    0.0037      Blnd                8494.00A    -3.795    0.0014
H  1                12.3685m    -3.060    0.0075      P  2                32.8620m    -3.786    0.0014      Blnd                8579.00A    -2.827    0.0128
H  1                7.50045m    -3.192    0.0055      P  2                1.14682m    -3.225    0.0051      Blnd                7306.00A    -2.109    0.0669
H  1                5.90660m    -3.334    0.0040      P  2                1.18828m    -2.802    0.0136      Blnd                3933.00A    -2.716    0.0165
H  1                5.12726m    -3.467    0.0029      P  3                17.8797m    -3.068    0.0074      Blnd                1657.00A    -3.866    0.0012
H  1                4.67124m    -3.619    0.0021      P  4                950.657A    -3.762    0.0015      Blnd                2326.00A    -1.677    0.1810
H  1                4.37526m    -3.721    0.0016      S  2                6730.82A    -1.515    0.2624      Blnd                1335.00A    -2.643    0.0196
H  1                4.16966m    -3.815    0.0013      S  2                6716.44A    -1.650    0.1924      Blnd                1909.00A    -0.911    1.0556
H  1                4.01977m    -3.901    0.0011      S  2                4076.35A    -2.772    0.0145      Blnd                1549.00A    -1.386    0.3535
H  1                19.0567m    -3.436    0.0032      S  2                4068.60A    -2.276    0.0455      Blnd                5199.00A    -3.250    0.0048
H  1                11.3056m    -3.542    0.0025      S  2                1.03364m    -2.911    0.0106      Blnd                1085.00A    -2.935    0.0100
H  1                8.75768m    -3.664    0.0019      S  2                1.02867m    -2.903    0.0108      Blnd                2141.00A    -2.754    0.0152
H  1                7.50606m    -3.823    0.0013      S  2                1.03705m    -3.232    0.0050      Blnd                1750.00A    -2.204    0.0537
H  1                6.77015m    -3.923    0.0010      S  2                1.03205m    -2.769    0.0146      Blnd                990.000A    -2.953    0.0096
H  1                27.7958m    -3.766    0.0015      S  2                1259.52A    -3.793    0.0014      Blnd                1486.00A    -2.460    0.0298
H  1                16.2047m    -3.852    0.0012      S  2                1253.81A    -3.842    0.0012      Blnd                1240.00A    -3.326    0.0041
Ca A                303.784A     0.030    9.2019      S  2                910.485A    -3.737    0.0016      Blnd                6300.00A    -2.063    0.0743
Ca A                256.317A    -0.695    1.7338      S  3                33.4704m    -1.419    0.3276      Blnd                2471.00A    -2.151    0.0607
Ca A                243.027A    -1.126    0.6422      S  3                18.7078m    -1.146    0.6140      Blnd                7323.00A    -2.319    0.0412
Ca A                237.331A    -1.436    0.3152      S  3                9068.62A    -1.198    0.5448      Blnd                7332.00A    -2.407    0.0337
Ca A                234.347A    -1.678    0.1805      S  3                9530.62A    -0.798    1.3685      Blnd                833.000A    -3.140    0.0062
Ca A                232.584A    -1.878    0.1139      S  3                3721.63A    -2.589    0.0221      Blnd                3727.00A    -0.754    1.5133
Ca A                231.454A    -2.049    0.0768      S  3                6312.06A    -2.316    0.0415      Blnd                7325.00A    -2.060    0.0749
Ca A                230.686A    -2.198    0.0545      S  3                1713.11A    -3.469    0.0029      Blnd                1666.00A    -1.807    0.1340
Ca A                230.139A    -2.331    0.0401      S  3                1728.94A    -3.016    0.0083      Blnd                5007.00A     0.328   18.2859
Ca A                229.736A    -2.451    0.0304      S  3                1194.45A    -3.779    0.0014      Blnd                835.000A    -2.735    0.0158
Ca A                229.431A    -2.560    0.0237      S  3                1201.73A    -3.832    0.0013      Blnd                1402.00A    -2.855    0.0120
Ca A                229.194A    -2.660    0.0188      S  3                1200.97A    -3.789    0.0014      Blnd                789.000A    -3.020    0.0082
Ca A                229.006A    -2.753    0.0152      S  3                1015.50A    -3.854    0.0012      Blnd                1218.00A    -3.918    0.0010
Ca A                228.855A    -2.839    0.0124      S  3                1021.11A    -3.571    0.0023      Blnd                1035.00A    -3.650    0.0019
Ca A                228.731A    -2.920    0.0103      S  3                1021.32A    -3.644    0.0019
Ca A                228.629A    -2.996    0.0087      S  5                786.468A    -3.657    0.0019

                                                    Emergent line intensities
general properties..............................      Al 6                3.65932m    -3.438    0.0031      Al 2                1670.79A    -2.790    0.0139
continua........................................      Ar 2                6.98337m    -3.180    0.0057      Al 5                2.90450m    -3.142    0.0062
FIR                 83.0000m    -0.507    2.6748      Ar 3                3109.18A    -3.239    0.0050      C  4                1550.77A    -1.856    0.1198
TIR                 1800.00m    -2.950    0.0096      Ar 3                5191.82A    -3.574    0.0023      C  4                1548.19A    -1.567    0.2330
NIRa                2.85000m     0.927   72.6567      Ar 3                7135.79A    -1.581    0.2258      Ca 2                7323.89A    -2.513    0.0264
NIRb                3.00000m     0.607   34.7534      Ar 3                7751.11A    -2.205    0.0536      Ca 2                7291.47A    -2.327    0.0405
MIRa                15.0000m     0.438   23.5743      Ar 3                8.98898m    -1.687    0.1767      Ca 2                3968.47A    -3.075    0.0072
MIRb                22.5000m     0.500   27.1730      Ar 3                21.8253m    -2.867    0.0117      Ca 2                8662.14A    -3.380    0.0036
NMIR                21.7500m     0.927   72.6567      Ar 4                2853.66A    -3.315    0.0042      Ca 2                3933.66A    -2.967    0.0093
TFIR                611.250m    -2.347    0.0387      Ar 4                2868.22A    -3.660    0.0019      Ca 2                8542.09A    -3.017    0.0083
TALL                10000.0A     1.447  240.6809      Ar 4                4711.26A    -2.366    0.0370      Ca 5                4.15739m    -2.866    0.0117
F12                 12.0000m     0.058    9.8327      Ar 4                4740.12A    -2.497    0.0273      Ca 5                5309.11A    -3.223    0.0051
F25                 25.0000m    -0.386    3.5356      Ar 5                7005.83A    -3.628    0.0020      Ca 5                6086.37A    -3.934    0.0010
F60                 60.0000m    -0.606    2.1295      Ar 5                7.89971m    -3.004    0.0085      Cl 2                14.3639m    -3.438    0.0031
F100                100.000m    -1.229    0.5068      Ar 5                13.0985m    -2.821    0.0130      Cl 2                8578.70A    -3.045    0.0077
MIPS                24.0000m    -0.435    3.1573      Ar 6                4.52800m    -3.815    0.0013      Cl 2                9123.60A    -3.630    0.0020
MIPS                70.0000m    -2.084    0.0708      C  2                1036.34A    -3.406    0.0034      Cl 3                5537.87A    -2.688    0.0176
MIPS                160.000m    -2.932    0.0100      C  2                1037.02A    -3.345    0.0039      Cl 3                5517.71A    -2.684    0.0178
IRAC                3.60000m    -0.293    4.3789      C  2                1334.53A    -3.250    0.0048      Cl 3                3342.80A    -3.525    0.0026
IRAC                4.50000m    -0.262    4.7061      C  2                1335.66A    -3.246    0.0049      Cl 4                20.3197m    -2.655    0.0190
IRAC                5.80000m    -0.233    5.0236      C  2                1335.71A    -2.942    0.0098      Cl 4                11.7629m    -2.631    0.0201
IRAC                8.00000m    -0.074    7.2489      C  2                2323.50A    -3.004    0.0085      Cl 4                7530.54A    -3.096    0.0069
SPR1                250.000m    -3.173    0.0058      C  2                2324.69A    -2.786    0.0141      Cl 4                8045.62A    -2.732    0.0159
SPR2                350.000m    -3.291    0.0044      C  2                2325.40A    -1.978    0.0903      Fe 4                3094.96A    -2.201    0.0541
SPR3                500.000m    -3.348    0.0039      C  2                2326.93A    -2.222    0.0516      Fe 4                2835.74A    -1.314    0.4175
PAC1                70.0000m    -2.065    0.0740      C  2                2328.12A    -2.732    0.0159      Fe 4                2829.36A    -1.582    0.2250
PAC2                100.000m    -1.227    0.5097      C  2                157.636m    -3.494    0.0028      Fe 4                2823.50A    -3.263    0.0047
PAC3                160.000m    -2.738    0.0157      C  3                1908.73A    -1.302    0.4287      Fe 4                2577.92A    -3.190    0.0056
PAH                 3.30000m    -1.150    0.6087      C  3                1906.68A    -1.139    0.6244      Fe 4                2.83562m    -2.711    0.0167
PAHC                3.23000m    -1.342    0.3912      C  3                977.020A    -2.390    0.0350      Fe 4                2.80554m    -3.242    0.0049
PAHC                3.37000m    -1.465    0.2943      Ca 4                3.20610m    -2.035    0.0792      Fe 4                2.86447m    -3.038    0.0079
PAH                 6.20000m    -0.731    1.5980      Co 2                1.01879m    -3.874    0.0011      Fe 4                2567.61A    -2.218    0.0520
PAHC                5.65000m    -0.685    1.7767      Cr 2                8000.08A    -3.915    0.0010      Fe 4                2.71569m    -3.333    0.0040
PAH                 7.90000m    -0.534    2.5122      Fe 2                25.9813m    -2.217    0.0521      Fe 4                2567.40A    -2.966    0.0093
PAHC                6.90000m    -0.476    2.8722      Fe 2                5.33871m    -1.803    0.1352      Fe 4                2.71341m    -3.860    0.0012
PAH                 11.3000m    -1.278    0.4530      Fe 2                4.11387m    -3.715    0.0017      Fe 4                2.77325m    -3.537    0.0025
PAHC                10.9000m    -1.210    0.5298      Fe 2                1.25668m    -2.856    0.0120      Fe 4                6739.82A    -2.717    0.0165
PAH                 11.8000m    -1.119    0.6528      Fe 2                4632.28A    -3.678    0.0018      Fe 4                6761.38A    -3.218    0.0052
PAHC                12.6500m    -1.219    0.5188      Fe 2                4416.27A    -3.598    0.0022      Fe 4                6734.42A    -2.963    0.0094
PAH                 13.3000m    -1.277    0.4542      Fe 2                4287.39A    -2.811    0.0133      Fe 4                6997.10A    -3.547    0.0024
PAHC                14.1000m    -1.300    0.4308      Fe 2                2599.40A    -3.397    0.0034      Fe 4                6792.48A    -3.696    0.0017
Bcon                3640.00A     1.032   92.5109      Fe 2                2382.04A    -2.487    0.0280      Fe 4                5233.76A    -3.313    0.0042
Pcon                5000.00A     0.756   48.9691      Fe 2                35.3391m    -2.843    0.0123      Fe 4                5033.59A    -3.630    0.0020
O3bn                5007.00A     0.218   14.2105      Fe 2                6.71944m    -2.943    0.0098      Fe 4                4906.56A    -3.027    0.0081
SX                  25.0000A    -0.596    2.1804      Fe 2                4.88781m    -3.378    0.0036      Fe 4                4917.97A    -3.536    0.0025
HX                  4.70000A    -0.223    5.1418      Fe 2                1.32055m    -3.353    0.0038      Fe 4                7222.76A    -3.510    0.0027
ROSA                12.3980A    -0.376    3.6181      Fe 2                7637.52A    -3.345    0.0039      Fe 4                4899.97A    -3.357    0.0038
RRC.............................................      Fe 2                4889.62A    -3.525    0.0026      Fe 4                4903.07A    -3.338    0.0040
grains..........................................      Fe 2                4457.95A    -3.885    0.0011      Fe 4                7183.99A    -3.686    0.0018
H-like iso-sequence.............................      Fe 2                4359.33A    -2.942    0.0098      Fe 4                4868.16A    -3.475    0.0029
H  1                1215.67A     0.489   26.4988      Fe 2                2625.67A    -2.116    0.0658      Fe 4                4869.23A    -3.820    0.0013
H  1                1025.72A    -2.905    0.0107      Fe 2                2611.87A    -2.981    0.0090      Fe 4                7191.23A    -3.723    0.0016
H  1                972.537A    -3.010    0.0084      Fe 2                2598.37A    -3.706    0.0017      Fe 4                4867.95A    -3.538    0.0025
H  1                949.743A    -3.066    0.0074      Fe 2                2395.63A    -2.957    0.0095      Fe 4                4206.59A    -3.587    0.0022
H  1                937.803A    -3.107    0.0067      Fe 2                2388.63A    -3.652    0.0019      Fe 4                4208.88A    -3.620    0.0021
H  1                930.748A    -3.139    0.0062      Fe 2                2364.83A    -3.273    0.0046      Fe 4                4144.20A    -3.596    0.0022
H  1                926.226A    -3.174    0.0058      Fe 2                51.2868m    -3.451    0.0030      Fe 4                4152.34A    -3.897    0.0011
H  1                923.150A    -3.206    0.0053      Fe 2                4.60641m    -3.925    0.0010      Fe 5                70.3538m    -2.379    0.0359
H  1                920.963A    -3.232    0.0050      Fe 2                1.37181m    -3.596    0.0022      Fe 5                36.3273m    -1.971    0.0919
H  1                919.351A    -3.392    0.0035      Fe 2                1.29427m    -3.858    0.0012      Fe 5                25.9131m    -2.053    0.0760
H  1                918.129A    -3.408    0.0034      Fe 2                7686.93A    -3.494    0.0028      Fe 5                20.8407m    -2.313    0.0418
H  1                917.181A    -3.419    0.0033      Fe 2                4413.78A    -3.093    0.0069      Fe 5                4180.59A    -2.797    0.0137
H  1                916.429A    -3.430    0.0032      Fe 2                2631.32A    -2.728    0.0161      Fe 5                4143.15A    -2.542    0.0246
H  1                915.824A    -3.439    0.0031      Fe 2                2617.62A    -3.533    0.0025      Fe 5                4227.19A    -1.834    0.1261
H  1                915.329A    -3.447    0.0031      Fe 2                2607.09A    -3.574    0.0023      Fe 5                4003.21A    -3.484    0.0028
H  1                914.919A    -3.454    0.0030      Fe 2                2404.89A    -3.414    0.0033      Fe 5                4071.24A    -2.552    0.0241
H  1                914.576A    -3.460    0.0030      Fe 2                2399.24A    -3.785    0.0014      Fe 5                3895.22A    -2.880    0.0113
H  1                914.286A    -3.464    0.0030      Fe 2                2380.76A    -2.941    0.0099      Fe 5                3851.34A    -3.191    0.0055
H  1                914.039A    -3.464    0.0030      Fe 2                2348.30A    -3.825    0.0013      Fe 5                3794.94A    -2.602    0.0215
H  1                913.826A    -3.460    0.0030      Fe 2                4452.10A    -3.285    0.0045      Fe 5                3755.70A    -2.884    0.0112
H  1                6562.80A    -0.490    2.7809      Fe 2                2631.05A    -3.548    0.0024      Fe 5                3911.33A    -3.422    0.0033
H  1                4861.32A    -0.934    1.0000      Fe 2                2613.82A    -3.802    0.0014      Fe 5                3839.27A    -2.554    0.0240
H  1                4340.46A    -1.259    0.4730      Fe 2                2410.52A    -3.845    0.0012      Fe 5                3783.22A    -2.966    0.0093
H  1                4101.73A    -1.516    0.2620      Fe 2                2406.66A    -3.869    0.0012      Fe 5                3891.28A    -2.664    0.0186
H  1                3970.07A    -1.726    0.1615      Fe 2                4474.90A    -3.598    0.0022      Fe 5                3819.95A    -3.335    0.0040
H  1                3889.05A    -1.905    0.1069      Fe 2                2628.29A    -3.849    0.0012      Fe 5                2.04669m    -3.707    0.0017
H  1                3835.38A    -2.061    0.0747      Fe 2                17.9311m    -2.341    0.0392      Fe 5                3445.62A    -3.324    0.0041
H  1                3797.90A    -2.198    0.0544      Fe 2                1.64355m    -1.679    0.1801      Fe 5                3400.41A    -3.692    0.0017
H  1                3770.63A    -2.207    0.0534      Fe 2                1.53348m    -2.489    0.0279      Fe 5                1.91721m    -3.861    0.0012
H  1                3750.15A    -2.311    0.0420      Fe 2                8616.95A    -2.755    0.0151      Fe 5                3463.51A    -3.229    0.0051
H  1                3734.37A    -2.407    0.0337      Fe 2                7155.17A    -2.354    0.0380      Fe 5                3406.89A    -3.765    0.0015
H  1                3721.94A    -2.495    0.0275      Fe 2                5273.36A    -3.039    0.0079      Fe 5                2760.64A    -3.912    0.0011
H  1                3711.97A    -2.577    0.0228      Fe 2                5158.79A    -2.390    0.0350      Fe 5                2828.24A    -3.331    0.0040
H  1                3703.85A    -2.652    0.0191      Fe 2                5111.64A    -3.334    0.0040      Fe 5                2780.40A    -3.826    0.0013
H  1                3697.15A    -2.722    0.0163      Fe 2                5072.41A    -3.097    0.0069      Fe 5                2750.88A    -3.637    0.0020
H  1                3691.55A    -2.787    0.0141      Fe 2                4814.54A    -3.341    0.0039      Fe 5                2730.21A    -3.547    0.0024
H  1                3686.83A    -2.845    0.0123      Fe 2                4774.73A    -3.800    0.0014      Fe 5                2717.82A    -3.623    0.0020
H  1                3682.81A    -2.897    0.0109      Fe 2                4243.97A    -2.746    0.0154      Fe 5                2707.36A    -3.572    0.0023
H  1                3679.35A    -2.942    0.0098      Fe 2                4177.20A    -3.820    0.0013      Fe 6                19.5527m    -2.002    0.0855
H  1                1.87510m    -1.453    0.3030      Fe 2                3376.20A    -3.494    0.0028      Fe 6                14.7670m    -2.208    0.0532
H  1                1.28181m    -1.744    0.1549      Fe 2                2732.45A    -3.875    0.0011      Fe 6                12.3074m    -2.472    0.0290
H  1                1.09381m    -1.993    0.0874      Fe 2                2493.30A    -2.573    0.0230      Fe 6                5335.18A    -2.650    0.0192
H  1                1.00494m    -2.200    0.0542      Fe 2                24.5126m    -2.966    0.0093      Fe 6                5484.84A    -2.904    0.0107
H  1                9545.97A    -2.379    0.0359      Fe 2                1.80940m    -2.279    0.0452      Fe 6                5631.07A    -2.799    0.0136
H  1                9229.02A    -2.534    0.0251      Fe 2                1.67688m    -2.915    0.0105      Fe 6                5277.81A    -3.151    0.0061
H  1                9014.91A    -2.672    0.0183      Fe 2                1.59948m    -2.895    0.0109      Fe 6                5424.22A    -2.820    0.0130
H  1                8862.79A    -2.722    0.0163      Fe 2                9051.95A    -2.597    0.0218      Fe 6                5676.95A    -2.758    0.0150
H  1                8750.48A    -2.826    0.0128      Fe 2                8891.93A    -3.093    0.0069      Fe 6                5426.64A    -3.088    0.0070
H  1                8665.02A    -2.922    0.0103      Fe 2                7452.56A    -2.846    0.0122      Fe 6                5234.28A    -3.621    0.0021
H  1                8598.40A    -3.010    0.0084      Fe 2                7172.00A    -3.106    0.0067      Fe 6                5370.29A    -3.708    0.0017
H  1                8545.39A    -3.091    0.0070      Fe 2                5527.36A    -3.199    0.0054      Fe 6                5145.75A    -2.450    0.0305
H  1                8502.49A    -3.166    0.0059      Fe 2                5433.15A    -3.553    0.0024      Fe 6                4972.47A    -2.466    0.0294
H  1                8467.26A    -3.236    0.0050      Fe 2                5261.63A    -2.807    0.0134      Fe 6                5176.04A    -2.497    0.0274
H  1                8437.96A    -3.300    0.0043      Fe 2                5184.80A    -3.929    0.0010      Fe 6                4967.14A    -2.868    0.0116
H  1                8413.32A    -3.359    0.0038      Fe 2                5158.01A    -3.855    0.0012      Fe 6                3813.54A    -3.502    0.0027
H  1                8392.40A    -3.411    0.0033      Fe 2                4947.39A    -3.284    0.0045      Fe 6                3889.40A    -3.300    0.0043
H  1                8374.48A    -3.456    0.0030      Fe 2                4905.35A    -3.655    0.0019      Fe 6                1.28877m    -3.781    0.0014
H  1                4.05115m    -2.105    0.0674      Fe 2                4874.50A    -3.727    0.0016      Fe 6                3662.50A    -3.259    0.0047
H  1                2.62515m    -2.323    0.0409      Fe 2                4346.86A    -3.373    0.0036      Fe 6                3492.10A    -3.892    0.0011
H  1                2.16553m    -2.524    0.0257      Fe 2                4276.84A    -3.281    0.0045      Fe 6                3555.60A    -3.583    0.0022
H  1                1.94456m    -2.700    0.0171      Fe 2                35.7675m    -3.711    0.0017      Fe 6                1.23303m    -3.494    0.0028
H  1                1.81741m    -2.855    0.0120      Fe 2                1.95361m    -3.190    0.0055      Fe 6                1.34929m    -3.299    0.0043
H  1                1.73621m    -2.994    0.0087      Fe 2                1.80002m    -2.930    0.0101      Fe 6                1.26742m    -3.658    0.0019
H  1                1.68065m    -3.091    0.0070      Fe 2                1.71113m    -3.573    0.0023      Mg 2                2802.71A    -1.342    0.3909
H  1                1.64072m    -3.195    0.0055      Fe 2                1.66377m    -3.191    0.0055      Mg 2                2795.53A    -1.046    0.7728
H  1                1.61093m    -3.290    0.0044      Fe 2                9399.04A    -3.019    0.0082      Mg 2                2798.00A    -3.813    0.0013
H  1                1.58805m    -3.378    0.0036      Fe 2                9226.63A    -3.037    0.0079      Mg 4                4.48711m    -1.905    0.1070
H  1                1.57007m    -3.459    0.0030      Fe 2                9033.49A    -3.677    0.0018      Mg 5                5.60700m    -2.332    0.0400
H  1                1.55565m    -3.534    0.0025      Fe 2                7388.17A    -3.226    0.0051      Mg 5                13.5464m    -3.407    0.0034
H  1                1.54389m    -3.604    0.0021      Fe 2                6440.41A    -3.862    0.0012      Mg 5                2782.76A    -3.204    0.0054
H  1                1.53418m    -3.668    0.0018      Fe 2                5333.66A    -3.112    0.0066      Mg 5                2928.09A    -3.770    0.0015
H  1                1.52605m    -3.726    0.0016      Fe 2                5049.30A    -3.458    0.0030      N  2                121.769m    -3.459    0.0030
H  1                1.51919m    -3.778    0.0014      Fe 2                5005.52A    -3.531    0.0025      N  2                6548.05A    -1.723    0.1626
H  1                1.51332m    -3.823    0.0013      Fe 2                4973.40A    -3.828    0.0013      N  2                6583.45A    -1.254    0.4793
H  1                7.45782m    -2.625    0.0204      Fe 2                4352.79A    -3.597    0.0022      N  2                5754.59A    -2.958    0.0095
H  1                4.65251m    -2.792    0.0139      Fe 2                4319.62A    -3.760    0.0015      N  2                2139.01A    -3.294    0.0044
H  1                3.73954m    -2.960    0.0094      Fe 2                1.89541m    -3.666    0.0019      N  2                2142.77A    -2.903    0.0107
H  1                3.29609m    -3.112    0.0066      Fe 2                1.79711m    -3.226    0.0051      N  2                1085.70A    -3.554    0.0024
H  1                3.03837m    -3.249    0.0048      Fe 2                1.74494m    -3.513    0.0026      N  2                1084.58A    -3.619    0.0021
H  1                2.87221m    -3.380    0.0036      Fe 2                9652.70A    -3.868    0.0012      N  2                1085.55A    -3.666    0.0019
H  1                2.75752m    -3.483    0.0028      Fe 2                9470.94A    -3.427    0.0032      N  2                1083.99A    -3.646    0.0019
H  1                2.67440m    -3.578    0.0023      Fe 2                9267.56A    -3.374    0.0036      N  2                1084.56A    -3.779    0.0014
H  1                2.61194m    -3.665    0.0019      Fe 2                5376.47A    -3.440    0.0031      N  2                915.612A    -3.614    0.0021
H  1                2.56363m    -3.746    0.0015      Fe 2                2926.59A    -3.908    0.0011      N  2                916.020A    -3.809    0.0013
H  1                2.52540m    -3.821    0.0013      Fe 2                2755.74A    -3.113    0.0066      N  2                916.710A    -3.825    0.0013
H  1                2.49458m    -3.890    0.0011      Fe 2                2739.55A    -3.290    0.0044      N  2                916.012A    -3.700    0.0017
H  1                12.3685m    -3.060    0.0075      Fe 2                2772.73A    -3.328    0.0040      N  2                916.701A    -3.541    0.0025
H  1                7.50045m    -3.192    0.0055      Fe 2                2.22379m    -3.331    0.0040      N  2                915.962A    -3.594    0.0022
H  1                5.90660m    -3.334    0.0040      Fe 3                22.9190m    -1.854    0.1202      N  3                57.3238m    -1.693    0.1741
H  1                5.12726m    -3.467    0.0029      Fe 3                4985.87A    -2.860    0.0119      N  3                1748.65A    -3.225    0.0051
H  1                4.67124m    -3.619    0.0021      Fe 3                4924.54A    -3.215    0.0052      N  3                1753.99A    -3.210    0.0053
H  1                4.37526m    -3.721    0.0016      Fe 3                4881.00A    -2.165    0.0588      N  3                1746.82A    -3.554    0.0024
H  1                4.16966m    -3.815    0.0013      Fe 3                4658.05A    -1.730    0.1602      N  3                1752.16A    -2.714    0.0166
H  1                4.01977m    -3.901    0.0011      Fe 3                4607.03A    -2.989    0.0088      N  3                1749.67A    -2.551    0.0242
H  1                19.0567m    -3.436    0.0032      Fe 3                4070.71A    -3.894    0.0011      N  3                989.799A    -3.502    0.0027
H  1                11.3056m    -3.542    0.0025      Fe 3                4008.35A    -2.849    0.0122      N  3                991.511A    -3.432    0.0032
H  1                8.75768m    -3.664    0.0019      Fe 3                3322.54A    -2.628    0.0202      N  3                991.577A    -3.371    0.0037
H  1                7.50606m    -3.823    0.0013      Fe 3                3239.74A    -2.692    0.0175      Na 3                7.31570m    -2.835    0.0126
H  1                6.77015m    -3.923    0.0010      Fe 3                2438.29A    -3.023    0.0081      Na 4                9.03096m    -3.004    0.0085
H  1                27.7958m    -3.766    0.0015      Fe 3                1576.66A    -3.563    0.0024      Na 4                3241.50A    -3.584    0.0022
H  1                16.2047m    -3.852    0.0012      Fe 3                1434.81A    -3.919    0.0010      Ne 4                2421.66A    -2.295    0.0436
He 2                1640.41A    -0.858    1.1922      Fe 3                33.0270m    -2.409    0.0335      Ne 4                2424.28A    -2.189    0.0557
He 2                1215.13A    -1.330    0.4017      Fe 3                5270.40A    -2.013    0.0834      Ne 4                1601.45A    -3.797    0.0014
He 2                1084.94A    -1.668    0.1847      Fe 3                4987.21A    -2.905    0.0107      Ne 6                7.65019m    -3.514    0.0026
He 2                1025.27A    -1.927    0.1018      Fe 3                4754.69A    -2.455    0.0301      Ni 2                1.19102m    -3.367    0.0037
He 2                992.358A    -2.137    0.0627      Fe 3                4701.54A    -2.277    0.0454      Ni 2                6.63416m    -3.040    0.0078
He 2                972.106A    -2.314    0.0417      Fe 3                4667.01A    -3.290    0.0044      Ni 2                1.07151m    -3.550    0.0024
He 2                958.693A    -2.466    0.0294      Fe 3                4079.70A    -3.407    0.0034      Ni 2                10.6793m    -3.187    0.0056
He 2                949.323A    -2.600    0.0216      Fe 3                4046.42A    -3.810    0.0013      Ni 2                12.7253m    -3.918    0.0010
He 2                942.507A    -2.470    0.0291      Fe 3                3371.41A    -2.762    0.0149      Ni 2                7377.83A    -2.510    0.0265
He 2                937.389A    -2.564    0.0234      Fe 3                3301.56A    -3.823    0.0013      Ni 2                8300.99A    -3.806    0.0013
He 2                933.444A    -2.651    0.0192      Fe 3                3286.19A    -3.208    0.0053      Ni 2                1.93877m    -3.218    0.0052
He 2                930.337A    -2.731    0.0160      Fe 3                2464.51A    -3.166    0.0059      Ni 2                6666.80A    -3.873    0.0012
He 2                927.846A    -2.805    0.0135      Fe 3                51.6655m    -3.082    0.0071      Ni 2                7411.61A    -3.654    0.0019
He 2                925.816A    -2.874    0.0115      Fe 3                5011.26A    -2.652    0.0191      Ni 2                4326.24A    -3.674    0.0018
He 2                924.142A    -2.937    0.0099      Fe 3                4769.43A    -2.744    0.0155      Ni 2                3993.06A    -3.799    0.0014
He 2                922.743A    -2.995    0.0087      Fe 3                4733.91A    -2.748    0.0153      O  4                25.8863m    -0.539    2.4871
He 2                921.562A    -3.048    0.0077      Fe 3                3406.18A    -3.125    0.0064      O  4                1399.78A    -3.764    0.0015
He 2                920.556A    -3.095    0.0069      Fe 3                3334.90A    -3.202    0.0054      O  4                1407.38A    -3.772    0.0015
He 2                919.693A    -3.134    0.0063      Fe 3                3319.22A    -3.375    0.0036      O  4                1404.81A    -3.323    0.0041
He 2                4685.68A    -1.743    0.1554      Fe 3                2483.05A    -3.336    0.0040      O  4                1401.16A    -3.290    0.0044
He 2                3203.08A    -2.065    0.0739      Fe 3                5411.98A    -3.069    0.0073      O  6                1031.91A    -3.886    0.0011
He 2                2733.28A    -2.329    0.0403      Fe 3                4930.54A    -3.293    0.0044      S  4                10.5076m    -0.635    1.9927
He 2                2511.19A    -2.546    0.0245      Fe 3                4777.68A    -3.069    0.0073      S  4                1416.89A    -3.745    0.0015
He 2                2385.39A    -2.727    0.0161      Fe 3                3428.79A    -3.784    0.0014      S  4                1406.02A    -3.700    0.0017
He 2                2306.18A    -2.884    0.0112      Fe 3                3356.57A    -3.281    0.0045      S  4                1073.52A    -3.900    0.0011
He 2                2252.67A    -3.021    0.0082      Fe 3                3355.48A    -3.531    0.0025      S  4                1072.97A    -3.924    0.0010
He 2                2214.65A    -2.985    0.0089      Fe 3                2495.04A    -3.574    0.0023      S  6                933.378A    -3.878    0.0011
He 2                2186.59A    -3.079    0.0072      Fe 3                5084.77A    -3.428    0.0032      Si 6                1.96247m    -3.568    0.0023
He 2                2165.23A    -3.165    0.0059      Fe 3                3366.21A    -3.593    0.0022      level 1 lines...................................
He 2                2148.58A    -3.245    0.0049      Fe 3                8838.21A    -3.923    0.0010      recombination...................................
He 2                2135.34A    -3.319    0.0041      Fe 3                8728.94A    -3.788    0.0014      level2 lines....................................
He 2                2124.61A    -3.387    0.0035      Fe 3                40.0371m    -3.738    0.0016      N  1                942.258A    -3.712    0.0017
He 2                2115.81A    -3.451    0.0030      Fe 3                2.21782m    -2.821    0.0130      O  1                976.791A    -3.559    0.0024
He 2                2108.49A    -3.509    0.0027      Fe 3                9701.27A    -3.032    0.0080      O  1                969.049A    -3.585    0.0022
He 2                2102.33A    -3.562    0.0024      Fe 3                3307.57A    -3.848    0.0012      O  1                946.387A    -3.629    0.0020
He 2                2097.10A    -3.608    0.0021      Fe 3                2.34788m    -2.999    0.0086      O  1                934.501A    -3.665    0.0019
He 2                2092.63A    -3.647    0.0019      Fe 3                9942.18A    -3.226    0.0051      O  1                973.577A    -3.680    0.0018
He 2                1.01235m    -2.359    0.0376      Fe 3                9444.21A    -3.757    0.0015      O  1                927.472A    -3.698    0.0017
He 2                6560.01A    -2.596    0.0218      Fe 3                2.24204m    -3.538    0.0025      O  1                948.506A    -3.739    0.0016
He 2                5411.45A    -2.811    0.0133      Fe 3                2.14511m    -3.771    0.0015      O  1                922.969A    -3.736    0.0016
He 2                4859.26A    -2.995    0.0087      Fe 3                3.22847m    -3.346    0.0039      O  1                919.912A    -3.773    0.0014
He 2                4541.54A    -3.155    0.0060      Fe 3                2.87385m    -3.275    0.0046      O  1                935.672A    -3.801    0.0014
He 2                4338.62A    -3.295    0.0044      Fe 3                1.06081m    -3.711    0.0017      O  1                917.726A    -3.813    0.0013
He 2                4199.78A    -3.353    0.0038      Fe 7                9.50763m    -2.790    0.0139      O  1                918.704A    -3.844    0.0012
He 2                4099.99A    -3.446    0.0031      Fe 7                5720.71A    -3.594    0.0022      O  1                928.186A    -3.867    0.0012
He 2                4025.55A    -3.533    0.0025      Fe 7                4988.55A    -3.808    0.0013      O  1                917.473A    -3.889    0.0011
He 2                3968.39A    -3.612    0.0021      Fe 7                7.81037m    -3.323    0.0041      Si 2                1179.59A    -3.096    0.0069
He 2                3923.44A    -3.686    0.0018      Fe 7                6086.97A    -3.420    0.0033      Si 2                993.354A    -3.598    0.0022
He 2                3887.40A    -3.754    0.0015      Fe 7                3758.92A    -3.890    0.0011      Si 2                1024.03A    -3.784    0.0014
He 2                3858.03A    -3.817    0.0013      K  3                4.61683m    -2.951    0.0096      P  2                967.202A    -3.874    0.0011
He 2                3833.76A    -3.875    0.0011      K  4                5.98030m    -3.363    0.0037      P  2                963.828A    -3.790    0.0014
He 2                3813.45A    -3.928    0.0010      Mg 1                2852.13A    -2.769    0.0146      Ti 2                3364.74A    -3.507    0.0027
He 2                1.86365m    -2.860    0.0119      Mg 1                4562.60A    -2.719    0.0164      Ti 2                3237.15A    -3.708    0.0017
He 2                1.16262m    -3.038    0.0079      Mg 1                4571.10A    -3.146    0.0061      Cr 2                2059.78A    -3.696    0.0017
He 2                9344.80A    -3.215    0.0052      Mn 2                2576.10A    -3.688    0.0018      Ni 2                1751.83A    -3.825    0.0013
He 2                8236.67A    -3.374    0.0036      Mn 2                2593.72A    -3.762    0.0015      Ni 2                1744.24A    -3.736    0.0016
He 2                7592.65A    -3.514    0.0026      Mn 2                2605.68A    -3.870    0.0012      Ni 2                1375.73A    -3.888    0.0011
He 2                7177.41A    -3.642    0.0020      N  1                1134.17A    -3.821    0.0013      Ni 2                1324.11A    -3.897    0.0011
He 2                6890.80A    -3.735    0.0016      N  1                1134.41A    -3.741    0.0016      hyperfine structure.............................
He 2                6683.11A    -3.820    0.0013      N  1                1134.98A    -3.704    0.0017      inner shell.....................................
He 2                6527.01A    -3.900    0.0011      N  1                1199.55A    -3.403    0.0034      molecules.......................................
He 2                3.09080m    -3.288    0.0044      N  1                1200.22A    -3.443    0.0031      bands...........................................
He 2                1.87431m    -3.423    0.0032      N  1                1200.71A    -3.571    0.0023      Fe 2b               2500.00A    -1.587    0.2224
He 2                1.47602m    -3.570    0.0023      N  1                5197.90A    -3.513    0.0026      Fe 2b               5000.00A    -1.630    0.2014
He 2                1.28127m    -3.707    0.0017      N  1                5200.26A    -3.594    0.0022      Fe 2b               7000.00A    -2.062    0.0746
He 2                1.16730m    -3.880    0.0011      N  4                1486.50A    -2.837    0.0125      Fe 2b               10000.0A    -1.320    0.4109
He 2                4.76213m    -3.662    0.0019      N  4                1483.32A    -2.698    0.0172      Fe 2b               2355.00A    -2.076    0.0721
He 2                2.82519m    -3.765    0.0015      N  5                1238.82A    -3.581    0.0023      Fe 2b               2430.00A    -1.627    0.2030
He 2                2.18848m    -3.888    0.0011      N  5                1242.80A    -3.680    0.0018      Fe 2b               2445.00A    -1.627    0.2030
He-like iso-sequence............................      Ne 2                12.8101m    -2.649    0.0193      Fe 2b               2495.00A    -2.559    0.0237
He 1                1.08291m    -2.504    0.0269      Ne 3                15.5509m    -0.996    0.8682      Fe 2b               2610.00A    -1.903    0.1074
He 1                1.08302m    -1.894    0.1097      Ne 3                3868.76A    -1.078    0.7175      Fe 2b               2758.00A    -2.698    0.0172
He 1                1.08303m    -1.557    0.2381      Ne 3                36.0036m    -2.043    0.0778      Fe 2b               2780.00A    -2.675    0.0182
Blnd                1.08302m    -1.360    0.3747      Ne 3                3967.47A    -1.596    0.2178      Fe 2b               2935.00A    -3.770    0.0015
He 1                3888.64A    -2.114    0.0661      Ne 3                1814.56A    -3.423    0.0032      Fe 2b               2960.00A    -3.819    0.0013
He 1                3187.74A    -2.477    0.0286      Ne 3                3342.18A    -3.904    0.0011      Fe 2b               3180.00A    -3.653    0.0019
He 1                2945.10A    -2.765    0.0148      Ne 5                24.3108m    -1.924    0.1023      Fe 2b               3250.00A    -3.224    0.0051
He 1                2829.08A    -3.004    0.0085      Ne 5                14.3178m    -1.983    0.0894      Fe 2b               3590.00A    -3.326    0.0041
He 1                2760.44A    -3.639    0.0020      Ne 5                3345.82A    -3.203    0.0054      Fe 2b               4255.00A    -2.121    0.0650
He 1                2721.00A    -3.766    0.0015      Ne 5                3425.88A    -2.771    0.0146      Fe 2b               4558.00A    -2.880    0.0113
He 1                2694.61A    -3.886    0.0011      O  1                1040.94A    -3.762    0.0015      Fe 2b               4600.00A    -2.841    0.0124
He 1                2.05813m    -2.795    0.0138      O  1                1302.17A    -3.863    0.0012      Fe 2b               4743.00A    -3.490    0.0028
He 1                5015.68A    -2.624    0.0204      O  1                1304.86A    -3.204    0.0054      Fe 2b               4855.00A    -2.922    0.0103
He 1                3964.73A    -3.017    0.0083      O  1                1306.03A    -3.627    0.0020      Fe 2b               4920.00A    -2.408    0.0336
He 1                3613.64A    -3.322    0.0041      O  1                5577.34A    -3.752    0.0015      Fe 2b               4975.00A    -2.928    0.0102
He 1                3447.59A    -3.576    0.0023      O  1                6300.30A    -2.184    0.0563      Fe 2b               4971.00A    -2.966    0.0093
He 1                7065.71A    -3.254    0.0048      O  1                6363.78A    -2.679    0.0180      Fe 2b               5070.00A    -2.868    0.0117
He 1                7065.21A    -2.777    0.0144      O  1                63.1679m    -2.779    0.0143      Fe 2b               5143.00A    -2.309    0.0422
He 1                7065.18A    -2.555    0.0239      O  1                145.495m    -3.898    0.0011      Fe 2b               5270.00A    -2.027    0.0808
Blnd                7065.25A    -2.300    0.0431      O  2                2470.22A    -2.845    0.0123      Fe 2b               5318.00A    -2.348    0.0386
He 1                5875.98A    -2.917    0.0104      O  2                2470.34A    -2.251    0.0483      Fe 2b               5540.00A    -3.058    0.0075
He 1                5875.64A    -2.440    0.0312      O  2                7318.92A    -2.926    0.0102      Fe 2b               5865.00A    -3.663    0.0019
He 1                5875.61A    -2.218    0.0520      O  2                7319.99A    -2.443    0.0310      Fe 2b               6565.00A    -3.616    0.0021
Blnd                5875.66A    -1.963    0.0936      O  2                7329.67A    -2.704    0.0170      Fe 2b               6910.00A    -3.789    0.0014
He 1                4713.16A    -3.736    0.0016      O  2                7330.73A    -2.712    0.0167      Fe 2b               7445.00A    -2.088    0.0701
He 1                4713.14A    -3.514    0.0026      O  2                3728.81A    -1.130    0.6372      Fe 2b               8625.00A    -2.112    0.0665
Blnd                4713.17A    -3.259    0.0047      O  2                3726.03A    -0.992    0.8762      Fe 2b               1.03250m    -3.094    0.0069
He 1                4471.69A    -3.351    0.0038      O  3                88.3323m    -1.245    0.4893      Fe 2b               1.88900m    -2.058    0.0753
He 1                4471.49A    -2.874    0.0115      O  3                4931.23A    -3.671    0.0018      Fe 2b               2.20000m    -3.258    0.0047
He 1                4471.47A    -2.652    0.0191      O  3                51.8004m    -0.676    1.8126      miscellaneous...................................
Blnd                4471.50A    -2.397    0.0344      O  3                4958.91A    -0.262    4.7000      C 2R                1335.00A    -1.860    0.1187
Blnd                4120.84A    -3.737    0.0016      O  3                2320.95A    -2.501    0.0271      C 3R                977.000A    -2.305    0.0426
He 1                4026.36A    -3.673    0.0018      O  3                1660.81A    -2.350    0.0384      C 3R                1909.00A    -2.460    0.0298
He 1                4026.20A    -3.196    0.0055      O  3                5006.84A     0.199   13.5841      C 3R                1175.00A    -2.642    0.0196
He 1                4026.19A    -2.974    0.0091      O  3                1666.15A    -1.955    0.0954      C 4R                1549.00A    -3.446    0.0031
Blnd                4026.21A    -2.719    0.0164      O  3                4363.21A    -1.873    0.1152      N 2R                1085.00A    -2.970    0.0092
He 1                3819.61A    -3.458    0.0030      P  2                32.8620m    -3.786    0.0014      N 3R                990.000A    -2.363    0.0373
He 1                3819.60A    -3.236    0.0050      P  2                1.14682m    -3.225    0.0051      O 2R                3729.00A    -3.122    0.0065
Blnd                3819.62A    -2.981    0.0090      P  2                1.18828m    -2.802    0.0136      O 2R                4651.00A    -3.257    0.0048
He 1                3704.90A    -3.875    0.0011      P  3                17.8797m    -3.068    0.0074      O 2R                4341.00A    -3.533    0.0025
He 1                3704.76A    -3.398    0.0034      P  4                950.657A    -3.764    0.0015      Blnd                1400.00A    -2.032    0.0798
He 1                3704.75A    -3.176    0.0057      S  2                6730.82A    -1.515    0.2624      Blnd                1650.00A    -0.812    1.3259
Blnd                3704.77A    -2.921    0.0103      S  2                6716.44A    -1.650    0.1924      Blnd                1304.00A    -3.001    0.0086
He 1                3634.08A    -3.562    0.0024      S  2                4076.35A    -2.772    0.0145      Blnd                1039.00A    -3.531    0.0025
He 1                3634.07A    -3.340    0.0039      S  2                4068.60A    -2.276    0.0455      Blnd                2798.00A    -0.868    1.1637
Blnd                3634.09A    -3.085    0.0071      S  2                1.03364m    -2.911    0.0106      Blnd                6720.00A    -1.276    0.4547
He 1                3587.16A    -3.706    0.0017      S  2                1.02867m    -2.903    0.0108      Blnd                4074.00A    -2.156    0.0600
He 1                3587.15A    -3.484    0.0028      S  2                1.03705m    -3.232    0.0050      Blnd                1.03300m    -2.265    0.0467
Blnd                3587.17A    -3.229    0.0051      S  2                1.03205m    -2.769    0.0146      Blnd                1256.00A    -3.385    0.0035
He 1                3554.34A    -3.834    0.0013      S  2                1259.52A    -3.794    0.0014      Blnd                1198.00A    -3.151    0.0061
He 1                3554.33A    -3.613    0.0021      S  2                1253.81A    -3.843    0.0012      Blnd                1720.00A    -2.886    0.0112
Blnd                3554.35A    -3.357    0.0038      S  3                33.4704m    -1.419    0.3277      Blnd                3722.00A    -2.583    0.0224
He 1                3530.43A    -3.730    0.0016      S  3                18.7078m    -1.146    0.6141      Blnd                1406.00A    -3.300    0.0043
Blnd                3530.44A    -3.474    0.0029      S  3                9068.62A    -1.198    0.5447      Blnd                2665.00A    -2.139    0.0624
He 1                3512.46A    -3.836    0.0013      S  3                9530.62A    -0.798    1.3684      Blnd                1860.00A    -2.523    0.0258
Blnd                3512.48A    -3.580    0.0023      S  3                3721.63A    -2.589    0.0221      Blnd                4725.00A    -2.126    0.0643
He 1                3498.60A    -3.933    0.0010      S  3                6312.06A    -2.316    0.0415      Blnd                2860.00A    -3.153    0.0060
Blnd                3498.62A    -3.678    0.0018      S  3                1713.11A    -3.470    0.0029      Blnd                7250.00A    -3.722    0.0016
Blnd                3487.70A    -3.767    0.0015      S  3                1728.94A    -3.017    0.0083      Blnd                2335.00A    -1.831    0.1269
Blnd                3478.95A    -3.851    0.0012      S  3                1194.45A    -3.780    0.0014      Blnd                1888.00A    -1.283    0.4480
Blnd                3471.81A    -3.928    0.0010      S  3                1201.73A    -3.833    0.0013      Blnd                1397.00A    -2.103    0.0678
He 1                3439.98A    -3.767    0.0015      S  3                1200.97A    -3.789    0.0014      Blnd                2424.00A    -1.937    0.0992
Blnd                3440.00A    -3.512    0.0026      S  3                1015.50A    -3.856    0.0012      Blnd                3350.00A    -3.383    0.0036
He 1                7281.35A    -3.169    0.0058      S  3                1021.11A    -3.572    0.0023      Blnd                5525.00A    -2.385    0.0354
He 1                6678.15A    -2.544    0.0246      S  3                1021.32A    -3.646    0.0019      Blnd                8494.00A    -3.795    0.0014
He 1                5047.74A    -3.773    0.0015      Si 2                34.8046m    -1.628    0.2022      Blnd                8579.00A    -2.827    0.0128
He 1                4921.93A    -2.977    0.0091      Si 2                2334.41A    -2.903    0.0107      Blnd                7306.00A    -2.109    0.0669
He 1                4387.93A    -3.297    0.0043      Si 2                2328.52A    -3.450    0.0031      Blnd                3933.00A    -2.716    0.0165
He 1                4143.76A    -3.556    0.0024      Si 2                1808.01A    -2.614    0.0209      Blnd                1657.00A    -3.867    0.0012
He 1                4009.05A    -3.557    0.0024      Si 2                1526.71A    -3.388    0.0035      Blnd                2326.00A    -1.678    0.1804
He 1                3926.41A    -3.724    0.0016      Si 2                1304.37A    -3.760    0.0015      Blnd                1335.00A    -2.644    0.0195
He 1                3871.69A    -3.869    0.0012      Si 2                1260.42A    -3.422    0.0033      Blnd                1909.00A    -0.912    1.0531
He 1                4.29471m    -3.393    0.0035      Si 2                1193.29A    -3.565    0.0023      Blnd                1549.00A    -1.387    0.3528
He 1                1.25275m    -3.610    0.0021      Si 2                1190.42A    -3.637    0.0020      Blnd                5199.00A    -3.250    0.0048
He 1                9463.58A    -3.812    0.0013      Si 2                2350.17A    -2.777    0.0143      Blnd                1085.00A    -2.937    0.0099
He 1                1.70025m    -3.547    0.0024      Si 2                2344.20A    -2.301    0.0430      Blnd                2141.00A    -2.755    0.0151
He 1                1.19691m    -3.715    0.0017      Si 2                2334.60A    -2.188    0.0558      Blnd                1750.00A    -2.205    0.0536
He 1                1.03113m    -3.921    0.0010      Si 2                1817.45A    -2.833    0.0126      Blnd                990.000A    -2.954    0.0095
He 1                9515.00A    -3.807    0.0013      Si 2                1816.93A    -2.262    0.0470      Blnd                1486.00A    -2.461    0.0297
He 1                1.95431m    -3.844    0.0012      Si 2                1533.43A    -2.997    0.0087      Blnd                1240.00A    -3.327    0.0040
He 1                1.86854m    -2.938    0.0099      Si 2                1309.28A    -3.389    0.0035      Blnd                6300.00A    -2.063    0.0743
He 1                1.27849m    -3.271    0.0046      Si 2                1265.00A    -3.224    0.0051      Blnd                2471.00A    -2.152    0.0605
He 1                1.09130m    -3.542    0.0025      Si 2                1264.74A    -3.164    0.0059      Blnd                7323.00A    -2.319    0.0412
He 1                1.00275m    -3.737    0.0016      Si 2                1197.39A    -3.315    0.0042      Blnd                7332.00A    -2.407    0.0337
He 1                9526.01A    -3.910    0.0011      Si 2                1194.50A    -3.185    0.0056      Blnd                3727.00A    -0.754    1.5134
He 1                1.86972m    -3.423    0.0032      Si 3                1892.03A    -1.660    0.1879      Blnd                7325.00A    -2.060    0.0749
He 1                1.27905m    -3.753    0.0015      Si 3                1882.71A    -1.519    0.2601      Blnd                1666.00A    -1.808    0.1337
He 1                4.04791m    -3.661    0.0019      Si 3                1206.50A    -2.560    0.0237      Blnd                5007.00A     0.328   18.2859
extra Lyman.....................................      Si 4                1393.75A    -2.294    0.0437      Blnd                1402.00A    -2.856    0.0120
database lines..................................      Si 4                1402.77A    -2.551    0.0242      Blnd                1218.00A    -3.919    0.0010
Al 3                1862.79A    -2.975    0.0091      Al 2                2669.15A    -2.494    0.0275      Blnd                1035.00A    -3.652    0.0019
Al 3                1854.72A    -2.713    0.0167      Al 2                2660.35A    -2.392    0.0348



 AGN log nH=3.22 log U=-2.33  
 Cooling:  O  3c                     0  :0.419 S  3c                     0  :0.059 O  4c                     0  :0.050  
 Heating:  BFH1                      0  :0.707 BFHe                      0  :0.236  

 These are some of the most important databases used by Cloudy:
 Many recombination coefficients were taken from http://amdpp.phys.strath.ac.uk/tamoc/RR/ and http://amdpp.phys.strath.ac.uk/tamoc/DR/
      and are based on the following papers:
        Badnell N. R., et al., A&A 406, 1151 (2003) [http://adsabs.harvard.edu/abs/2003A%26A...406.1151B]
        Badnell N. R., ApJS 167, 334 (2006) [http://adsabs.harvard.edu/abs/2006ApJS..167..334B]
 Much of the molecular emission data is from LAMDA as accessed on June 30, 2015. This database is described in:
        Schoeier F.L., et al., A&A 432, 369 (2005) [http://adsabs.harvard.edu/abs/2005A%26A...432..369S]
      This database is in part based on the work of the following groups:
        JPL: Pickett H. M. et al., JQSRT, 60, 883 (1998). [http://adsabs.harvard.edu/abs/1998JQSRT..60..883P]
        CDMS: Mueller H. S. et al., A&A 370, L49 (2001). [http://adsabs.harvard.edu/abs/2001A%26A...370L..49M]
              Mueller H. S. et al., J. Mol. Struct. 742, 215 (2005). [http://adsabs.harvard.edu/abs/2005JMoSt.742..215M]
 Some of the ionic emission data is from a reprocessed version of 10.1 of CHIANTI. CHIANTI is a collaborative project involving the NRL (USA), the
      Universities of Florence (Italy) and Cambridge (UK), and George Mason University (USA). These papers describe Chianti:
        Dere K. P., et al., A&AS, 125, 149 (1997) [http://adsabs.harvard.edu/abs/1997A%26AS..125..149D]
        Dere, K. P., et al., APJ, 268, 52 (2023) [https://ui.adsabs.harvard.edu/abs/2023ApJS..268...52D]
      This paper describes the reprocessed version of Chianti used:
        Gunasekera, C. M., et al., Astronomy, 1, 255. (2022) [https://ui.adsabs.harvard.edu/abs/2022Astro...1..255G]
 Much of the H_2 data is from this web site: http://molat.obspm.fr/index.php?page=pages/Molecules/H2/H2can94.php. These data are
      described in:
        Abgrall H. et al., Can. J. Phys., 72, 856 (1994) [http://adsabs.harvard.edu/abs/1994CaJPh..72..856A]
        Wrathmall S. A. & Flower D. R., J. Phys. B, 40, 3221 (2007) [http://adsabs.harvard.edu/abs/2007JPhB...40.3221W]
 The Case A and Case B recombination predictions for one-electron systems are from
	Storey, P.J. & Hummer, D.G., 1995, MNRAS 272, 41 http://adsabs.harvard.edu/abs/1995MNRAS.272...41S
 The He I recombination predictions are from
	Porter, R. L.; Ferland, G. J.; Storey, P. J.; Detisch, M. J., 2012, MNRAS, 425, 28p http://adsabs.harvard.edu/abs/2012MNRAS.425L..28P
		http://adsabs.harvard.edu/abs/2013MNRAS.433L..89P

 If you find some process or data set to be particularly critical to a result, please follow the trail of references back to the
 original source and cite that.  This will support and encourage atomic, molecular, and chemical physicists to continue their
 valuable work.

 IONIZE PARMET:  U(1-) -2.3333  U(4-): -3.2742  U(sp): -2.33  Q(ion):    8.712  L(ion)  0.543    Q(low): 13.612    L(low)  1.394
 ENERGY BUDGET:  Heat:   0.763  Coolg:   0.763  Error:  0.1%  Rec Lin:   0.298  F-F  H  0.000    P(rad/tot)max     4.94E-02    R(F Con):1.737e+05

     Col(Heff):      4.212E+20  snd travl time  3.02E+11 sec  Te-low: 3.99E+03  Te-hi: 1.22E+04  G0TH85: 2.06E+03  G0DB96:2.21E+03
  Emiss Measure    n(e)n(p) dl       9.928E+23  n(e)n(He+)dl         6.952E+22  En(e)n(He++) dl         1.644E+22  ne nC+:2.06E+19
 He/Ha:8.13E-02  =   0.96*true  Lthin:6.24E+01  itr/zn: 6.05  H2 itr/zn:  0.00  File Opacity: F  MassTot 1.33e-03  (gm/cm^2)
   Temps(21 cm)   T(21cm/Ly a)  4.18E+03        T(<nH/Tkin>)  7.94E+03          T(<nH/Tspin>)    4.49E+03          TB21cm:8.56E-01
                   N(H0/Tspin)  7.07E+15        N(OH/Tkin)    1.14E+04          B(21cm)          0.00E+00
   <a>:3.86E-07  erdeFe3.6E+22  Tcompt4.87E+07  Tthr3.32E+09  <Tden>: 1.06E+04  <dens>:3.79E-21  <MolWgt>6.48E-01
     Mean Jeans  l(cm)9.68E+19  M(sun)9.06E+05  smallest:     len(cm):5.93E+19  M(sun):2.08E+05  a_ox tran: -1.41
 Rion:1.000E+30  Dist:0.00E+00  Diam:0.000E+00
 Hatom level 70  HatomType: add  HInducImp  F  He tot level: 63  He2 level:   70  ExecTime   132.8
 ConvrgError(%)  <eden>  0.077  MaxEden  0.810  <H-C>   0.11  Max(H-C)    0.49  <Press>   0.000  MaxPrs er  0.000
  Continuity(%)  chng Te   3.2  elec den   5.3  n(H2)    0.0  n(CO)        0.0

                                                        Averaged Quantities
             Te      Te(Ne)   Te(NeNp)  Te(NeHe+)Te(NeHe2+) Te(NeO+)  Te(NeO2+)  Te(H2)     N(H)     Ne(O2+)   Ne(Np)
 Radius:  1.06e+04  1.07e+04  1.08e+04  1.07e+04  1.10e+04  1.11e+04  1.07e+04  4.91e+03  1.67e+03  1.82e+03  1.80e+03
 
 Peimbert T(OIIIr)9.85E+03 T(Bac)1.03E+04 T(Hth)1.02E+04 t2(Hstrc) 3.43e-03 T(O3-BAC)1.01E+04 t2(O3-BC)-6.97e-03 t2(O3str) 3.37e-03

 Contin Optical Depths: COMP: 4.06e-04    H-: 2.18e-05 R(1300): 2.13e-04  H2+: 5.61e-07  Bra:4.06E-04
                          Pa: 4.06e-04    Ba: 4.26e-04      Hb: 4.21e-04   La: 5.27e-01     1r:2.021E+02  1.8:4.91E+01 4.:6.959E+01

 Old, new H  1 continuum optical depths:
     1 2.03e+02     2 1.04e-05     3 2.02e-05     4 2.02e-05     5 2.02e-05     6 5.17e-06     7 5.17e-06     8 5.17e-06
     9 5.17e-06    10 2.14e-12    11 2.14e-12    12 2.14e-12    13 2.14e-12    14 2.14e-12    15 4.97e-12    16 4.97e-12
    17 4.97e-12    18 4.97e-12    19 4.97e-12    20 4.97e-12    21 1.03e-11    22 1.03e-11    23 1.03e-11    24 1.03e-11
    25 1.03e-11    26 1.03e-11    27 1.03e-11    28 1.95e-11    29 1.95e-11    30 1.95e-11    31 1.95e-11    32 1.95e-11
    33 1.95e-11    34 1.95e-11    35 1.95e-11    36 3.47e-11    37 3.47e-11    38 3.47e-11    39 3.47e-11    40 3.47e-11
    41 3.47e-11    42 3.47e-11    43 3.47e-11    44 3.47e-11    45 5.84e-11    46 5.84e-11    47 5.84e-11    48 5.84e-11
    49 5.84e-11    50 5.84e-11    51 5.84e-11    52 5.84e-11    53 5.84e-11    54 5.84e-11
     1 2.02e+02     2 1.09e-05     3 2.12e-05     4 2.12e-05     5 2.12e-05     6 5.42e-06     7 5.42e-06     8 5.42e-06
     9 5.42e-06    10 2.14e-12    11 2.14e-12    12 2.14e-12    13 2.14e-12    14 2.14e-12    15 4.99e-12    16 4.99e-12
    17 4.99e-12    18 4.99e-12    19 4.99e-12    20 4.99e-12    21 1.03e-11    22 1.03e-11    23 1.03e-11    24 1.03e-11
    25 1.03e-11    26 1.03e-11    27 1.03e-11    28 1.96e-11    29 1.96e-11    30 1.96e-11    31 1.96e-11    32 1.96e-11
    33 1.96e-11    34 1.96e-11    35 1.96e-11    36 3.49e-11    37 3.49e-11    38 3.49e-11    39 3.49e-11    40 3.49e-11
    41 3.49e-11    42 3.49e-11    43 3.49e-11    44 3.49e-11    45 5.87e-11    46 5.87e-11    47 5.87e-11    48 5.87e-11
    49 5.87e-11    50 5.87e-11    51 5.87e-11    52 5.87e-11    53 5.87e-11    54 5.87e-11

 Old, new H  1 mean line optical depths:
  2- 1 3.72e+06  3- 2 4.83e-03  4- 3 5.00e-09  5- 4 2.32e-09  6- 5 3.74e-11  7- 6-1.32e-09  8- 7 5.40e-10
  9- 8 7.53e-09 10- 9 2.04e-08 11-10 3.98e-07 12-11-1.65e-07 13-12-2.67e-07 14-13-4.30e-07 15-14-6.78e-07 16-15-1.07e-06
 17-16-1.70e-06 18-17-2.73e-06 19-18-4.62e-06 20-19-8.06e-06 21-20-1.50e-05 22-21-3.04e-05 23-22-7.19e-05 24-23-2.34e-04
 25-24-8.04e-03
  2- 1 3.68e+06  3- 2 4.83e-03  4- 3 5.03e-09  5- 4 2.30e-09  6- 5-5.69e-11  7- 6-1.53e-09  8- 7 1.73e-10
  9- 8 7.00e-09 10- 9 1.97e-08 11-10 4.01e-07 12-11-1.72e-07 13-12-2.80e-07 14-13-4.52e-07 15-14-7.15e-07 16-15-1.13e-06
 17-16-1.79e-06 18-17-2.88e-06 19-18-4.85e-06 20-19-8.42e-06 21-20-1.56e-05 22-21-3.15e-05 23-22-7.40e-05 24-23-2.39e-04
 25-24-8.16e-03

 Old, new He 2 continuum optical depths:
     1 6.96e+01     2 2.02e+02     3 3.12e-04     4 3.12e-04     5 3.12e-04     6 1.04e-05     7 1.04e-05     8 1.04e-05
     9 1.04e-05    10 1.64e-05    11 1.64e-05    12 1.64e-05    13 1.64e-05    14 1.64e-05    15 2.02e-05    16 2.02e-05
    17 2.02e-05    18 2.02e-05    19 2.02e-05    20 2.02e-05    21 1.68e-05    22 1.68e-05    23 1.68e-05    24 1.68e-05
    25 1.68e-05    26 1.68e-05    27 1.68e-05    28 5.17e-06    29 5.17e-06    30 5.17e-06    31 5.17e-06    32 5.17e-06
    33 5.17e-06    34 5.17e-06    35 5.17e-06    36 1.23e-12    37 1.23e-12    38 1.23e-12    39 1.23e-12    40 1.23e-12
    41 1.23e-12    42 1.23e-12    43 1.23e-12    44 1.23e-12    45 2.14e-12    46 2.14e-12    47 2.14e-12    48 2.14e-12
    49 2.14e-12    50 2.14e-12    51 2.14e-12    52 2.14e-12    53 2.14e-12    54 2.14e-12
     1 6.96e+01     2 2.01e+02     3 3.14e-04     4 3.14e-04     5 3.14e-04     6 1.09e-05     7 1.09e-05     8 1.09e-05
     9 1.09e-05    10 1.72e-05    11 1.72e-05    12 1.72e-05    13 1.72e-05    14 1.72e-05    15 2.12e-05    16 2.12e-05
    17 2.12e-05    18 2.12e-05    19 2.12e-05    20 2.12e-05    21 1.77e-05    22 1.77e-05    23 1.77e-05    24 1.77e-05
    25 1.77e-05    26 1.77e-05    27 1.77e-05    28 5.42e-06    29 5.42e-06    30 5.42e-06    31 5.42e-06    32 5.42e-06
    33 5.42e-06    34 5.42e-06    35 5.42e-06    36 1.23e-12    37 1.23e-12    38 1.23e-12    39 1.23e-12    40 1.23e-12
    41 1.23e-12    42 1.23e-12    43 1.23e-12    44 1.23e-12    45 2.14e-12    46 2.14e-12    47 2.14e-12    48 2.14e-12
    49 2.14e-12    50 2.14e-12    51 2.14e-12    52 2.14e-12    53 2.14e-12    54 2.14e-12

 Old, new He 2 mean line optical depths:
  2- 1 2.01e+06  3- 2 3.68e-06  4- 3 8.37e-12  5- 4-1.15e-11  6- 5-3.84e-11  7- 6-6.29e-11  8- 7-6.44e-11
  9- 8-2.28e-11 10- 9 6.88e-11 11-10 3.46e-09 12-11-1.56e-09 13-12-2.50e-09 14-13-3.92e-09 15-14-6.00e-09 16-15-9.11e-09
 17-16-1.38e-08 18-17-2.12e-08 19-18-3.32e-08 20-19-5.50e-08 21-20-9.61e-08 22-21-1.85e-07 23-22-4.15e-07 24-23-1.27e-06
 25-24-4.45e-05
  2- 1 2.01e+06  3- 2 3.71e-06  4- 3 8.40e-12  5- 4-1.15e-11  6- 5-3.87e-11  7- 6-6.37e-11  8- 7-6.61e-11
  9- 8-2.59e-11 10- 9 6.39e-11 11-10 3.45e-09 12-11-1.59e-09 13-12-2.55e-09 14-13-4.01e-09 15-14-6.16e-09 16-15-9.38e-09
 17-16-1.43e-08 18-17-2.19e-08 19-18-3.43e-08 20-19-5.66e-08 21-20-9.87e-08 22-21-1.89e-07 23-22-4.24e-07 24-23-1.29e-06
 25-24-4.48e-05

 Old He Is optical depths:    1 4.93e+01    2 3.97e-04    3 8.67e-06    4 9.68e-06    5 9.68e-06
 New He Is optical depths:    1 4.91e+01    2 3.99e-04    3 9.09e-06    4 1.01e-05    5 1.01e-05
          Old He Is Lines:  584 1.03e+05 3889 7.12e+00 5016 3.82e-05 5876 9.18e-07
          New He Is Lines:  584 1.01e+05 3889 7.21e+00 5016 3.94e-05 5876 5.64e-07
AGN log nH=3.22 log U=-2.33  


          Start Iteration Number 3                                                 AGN log nH=3.22 log U=-2.33  


 ####  1  Te:1.216E+04 Hden:1.668E+03 Ne:1.935E+03 R:1.000E+30 R-R0:2.205E+13 dR:4.411E+13 NTR:  5 Htot:1.974E-17 T912: 2.01e+02###
 Hydrogen      1.61e-03 9.98e-01 H+o/Hden 1.00e+00 7.10e-11 H-    H2 8.99e-17 4.82e-12 H2+ HeH+ 1.11e-12 Ho+ ColD 1.18e+14 7.35e+16
 Helium        2.51e-04 1.45e-01 8.55e-01 HeI 2s3S 2.49e-07 Comp H,C 3.09e-22 2.84e-25 Fill Fac 1.00e+00 Gam1/tot 1.00e+00
 He singlet n  2.50e-04 3.40e-13 8.45e-20 4.59e-20 5.83e-20 5.41e-20 He tripl 2.49e-07 2.21e-17 1.94e-19 1.52e-18 1.69e-19
 Pressure      NgasTgas 4.56e+07 P(total) 6.29e-09 P( gas ) 6.29e-09 P(Radtn) 0.00e+00 Rad accl 1.79e-06 ForceMul 5.68e+03
 Texc(La)      3.38e+03 T(I con) 1.88e+01 T(D con) 2.37e+00 T(U tot) 1.88e+01 nT (c+d) 5.11e+06 Prad/Gas 0.00e+00 Pmag/Gas 0.00e+00
 Molecules     CH/Ctot: 4.49e-16 CH+/Ctot 1.12e-14 CO/Ctot: 6.92e-21 CO+/Ctot 6.24e-21 H2O/Otot 2.05e-28 OH/Ototl 2.13e-16
 Lithium       1.45e-04 4.66e-01 4.90e-01 4.40e-02 Berylliu 3.96e-04 1.63e-02 9.03e-01 7.99e-02 2.22e-04 sec ion: 1.53e-13
 Boron         6.40e-06 2.21e-02 1.67e-01 8.08e-01 3.44e-03 1.26e-06
 Carbon        8.01e-06 1.51e-02 4.71e-01 3.86e-01 1.28e-01 8.38e-05 0.00e+00 H2O+/O   3.35e-29 OH+/Otot 7.29e-17 Hex(tot) 0.00e+00
 Nitrogen      5.53e-06 7.81e-03 4.26e-01 5.09e-01 5.51e-02 1.79e-03 4.79e-07 0.00e+00 O2/Ototl 3.98e-23 O2+/Otot 1.65e-23
 Oxygen        7.07e-06 5.27e-03 2.88e-01 6.30e-01 7.47e-02 1.78e-03 2.97e-05 0.00e+00 0.00e+00
 Fluorine      1.63e-06 5.31e-03 3.49e-01 5.24e-01 1.20e-01 1.87e-03 7.65e-06 2.45e-07 0.00e+00 0.00e+00
 Neon          9.85e-07 3.11e-03 3.39e-01 5.66e-01 9.06e-02 1.47e-03 4.63e-06 0.00e+00 0.00e+00 0.00e+00 0.00e+00
 Sodium        2.10e-07 1.84e-03 2.07e-01 6.13e-01 1.76e-01 1.79e-03 1.31e-05 0.00e+00 0.00e+00 0.00e+00 0.00e+00 0.00e+00
 Magnesium     9.10e-05 2.75e-03 3.35e-01 5.39e-01 1.20e-01 3.86e-03 1.73e-05 0.00e+00 0.00e+00 0.00e+00 0.00e+00 0.00e+00 0.00e+00
 Aluminium  0  5.72e-06 1.10e-02 5.13e-02 6.23e-01 3.01e-01 1.38e-02 8.34e-05 3.20e-07 0.00e+00 0.00e+00 0.00e+00 0.00e+00 0.00e+00
 Silicon    0  5.20e-06 2.16e-02 2.66e-01 4.05e-01 2.94e-01 1.24e-02 1.34e-04 4.30e-07 0.00e+00 0.00e+00 0.00e+00 0.00e+00 0.00e+00
 Phosphorus 0  1.04e-05 5.36e-02 3.93e-01 3.51e-01 1.61e-01 4.08e-02 3.66e-04 1.45e-06 0.00e+00 0.00e+00 0.00e+00 0.00e+00 0.00e+00
 Sulphur    0  3.63e-06 1.47e-02 4.13e-01 4.89e-01 6.82e-02 1.30e-02 1.79e-03 7.71e-06 0.00e+00 0.00e+00 0.00e+00 0.00e+00 0.00e+00
 Chlorine   0  4.04e-06 1.64e-02 3.53e-01 5.35e-01 9.06e-02 4.43e-03 5.30e-04 3.60e-05 0.00e+00 0.00e+00 0.00e+00 0.00e+00 0.00e+00
 Argon      0  8.60e-07 2.74e-03 5.31e-01 3.94e-01 6.86e-02 3.24e-03 5.68e-05 9.71e-06 8.15e-07 0.00e+00 0.00e+00 0.00e+00 0.00e+00
 Potassium  0  5.67e-07 1.43e-02 3.76e-01 5.37e-01 7.10e-02 1.92e-03 4.91e-05 1.89e-06 2.56e-07 0.00e+00 0.00e+00 0.00e+00 0.00e+00
 Calcium    0  7.85e-07 2.36e-03 1.89e-01 6.22e-01 1.80e-01 5.98e-03 5.43e-05 6.28e-06 2.11e-07 0.00e+00 0.00e+00 0.00e+00 0.00e+00
 Scandium   0  6.89e-09 4.00e-05 1.04e-02 7.38e-01 2.32e-01 1.94e-02 1.39e-04 4.82e-06 0.00e+00 0.00e+00 0.00e+00 0.00e+00 0.00e+00
 Titanium   0  1.57e-08 2.31e-04 2.24e-02 6.23e-01 3.32e-01 2.17e-02 6.08e-04 5.65e-06 1.25e-07 0.00e+00 0.00e+00 0.00e+00 0.00e+00
 Vanadium   0  1.78e-08 6.14e-05 1.42e-02 1.71e-01 6.12e-01 2.00e-01 3.04e-03 1.28e-04 3.98e-07 0.00e+00 0.00e+00 0.00e+00 0.00e+00
 Chromium   0  7.78e-09 6.80e-05 1.96e-02 1.95e-01 5.46e-01 2.24e-01 1.50e-02 1.81e-04 6.98e-06 0.00e+00 0.00e+00 0.00e+00 0.00e+00
 Manganese  0  7.44e-09 7.83e-05 1.71e-02 1.60e-01 5.82e-01 2.27e-01 1.26e-02 8.77e-05 5.92e-06 2.07e-07 0.00e+00 0.00e+00 0.00e+00
 Iron       0  5.27e-09 2.91e-05 6.19e-03 1.68e-01 5.27e-01 2.72e-01 2.64e-02 3.90e-04 1.55e-06 0.00e+00 0.00e+00 0.00e+00 0.00e+00
 Cobalt     0  1.21e-08 2.09e-05 3.65e-03 9.14e-02 5.76e-01 2.99e-01 2.89e-02 8.89e-04 1.08e-05 5.46e-07 0.00e+00 0.00e+00 0.00e+00
 Nickel     0  6.99e-09 4.27e-05 6.83e-03 9.46e-02 4.88e-01 3.75e-01 3.44e-02 1.24e-03 1.46e-05 6.74e-07 0.00e+00 0.00e+00 0.00e+00
 Copper     0  9.91e-09 2.25e-05 1.13e-02 1.53e-01 4.52e-01 3.36e-01 4.49e-02 2.88e-03 3.60e-05 1.05e-06 0.00e+00 0.00e+00 0.00e+00
 Zinc       0  7.67e-09 9.60e-06 2.56e-03 9.14e-02 5.01e-01 3.56e-01 4.53e-02 3.48e-03 4.02e-05 1.11e-06 0.00e+00 0.00e+00 0.00e+00
 ####150  Te:3.960E+03 Hden:1.668E+03 Ne:1.318E+02 R:1.000E+30 R-R0:3.502E+17 dR:1.896E+14 NTR: 11 Htot:4.751E-19 T912: 4.03e+02###
 Hydrogen      9.35e-01 6.53e-02 H+o/Hden 1.00e+00 2.82e-09 H-    H2 1.07e-08 1.30e-09 H2+ HeH+ 8.50e-09 Ho+ ColD 3.18e+19 5.53e+20
 Helium        8.46e-01 1.51e-01 2.22e-03 HeI 2s3S 6.52e-08 Comp H,C 2.09e-23 6.30e-27 Fill Fac 1.00e+00 Gam1/tot 4.54e-01
 He singlet n  8.46e-01 3.92e-14 5.19e-19 6.65e-21 3.23e-20 1.07e-20 He tripl 6.52e-08 1.31e-18 1.77e-20 2.10e-19 3.01e-20
 Pressure      NgasTgas 7.70e+06 P(total) 1.06e-09 P( gas ) 1.06e-09 P(Radtn) 3.32e-15 Rad accl 7.32e-07 ForceMul 3.34e+04
 Texc(La)      3.44e+03 T(I con) 1.64e+01 T(D con) 1.51e+01 T(U tot) 1.88e+01 nT (c+d) 7.62e+06 Prad/Gas 3.12e-06 Pmag/Gas 0.00e+00
 Molecules     CH/Ctot: 8.20e-13 CH+/Ctot 3.13e-09 CO/Ctot: 1.29e-11 CO+/Ctot 1.71e-12 H2O/Otot 5.90e-18 OH/Ototl 7.20e-09
 Lithium       7.61e-05 1.00e+00 1.38e-05 0.00e+00 Berylliu 2.35e-04 7.87e-01 1.99e-01 1.36e-02 0.00e+00 sec ion: 2.55e-12
 Boron         3.00e-05 9.02e-01 5.12e-03 9.27e-02 4.99e-06 0.00e+00
 Carbon        1.43e-04 9.61e-01 3.89e-02 1.40e-05 5.94e-07 0.00e+00 0.00e+00 H2O+/O   2.44e-18 OH+/Otot 4.64e-09 Hex(tot) 0.00e+00
 Nitrogen      9.08e-01 9.18e-02 3.39e-05 1.54e-06 0.00e+00 0.00e+00 0.00e+00 0.00e+00 O2/Ototl 8.65e-13 O2+/Otot 7.10e-13
 Oxygen        9.48e-01 5.16e-02 3.87e-05 2.19e-07 0.00e+00 0.00e+00 0.00e+00 0.00e+00 0.00e+00
 Fluorine      3.01e-01 5.93e-01 1.06e-01 2.17e-06 8.97e-06 0.00e+00 0.00e+00 0.00e+00 0.00e+00 0.00e+00
 Neon          1.88e-01 5.77e-01 2.34e-01 6.72e-06 2.94e-07 0.00e+00 0.00e+00 0.00e+00 0.00e+00 0.00e+00 0.00e+00
 Sodium        6.22e-04 6.27e-01 3.73e-01 5.69e-05 3.50e-05 0.00e+00 0.00e+00 0.00e+00 0.00e+00 0.00e+00 0.00e+00 0.00e+00
 Magnesium     2.70e-04 5.82e-01 4.17e-01 2.24e-05 4.27e-07 0.00e+00 0.00e+00 0.00e+00 0.00e+00 0.00e+00 0.00e+00 0.00e+00 0.00e+00
 Aluminium  0  8.89e-06 5.19e-01 1.68e-01 3.13e-01 1.42e-04 0.00e+00 0.00e+00 0.00e+00 0.00e+00 0.00e+00 0.00e+00 0.00e+00 0.00e+00
 Silicon    0  3.23e-05 9.99e-01 9.71e-05 6.95e-04 7.28e-06 0.00e+00 0.00e+00 0.00e+00 0.00e+00 0.00e+00 0.00e+00 0.00e+00 0.00e+00
 Phosphorus 0  6.50e-05 7.94e-01 2.03e-01 3.27e-03 2.78e-05 1.06e-06 0.00e+00 0.00e+00 0.00e+00 0.00e+00 0.00e+00 0.00e+00 0.00e+00
 Sulphur    0  7.66e-05 6.89e-01 3.10e-01 1.35e-04 1.64e-05 1.09e-06 0.00e+00 0.00e+00 0.00e+00 0.00e+00 0.00e+00 0.00e+00 0.00e+00
 Chlorine   0  1.05e-04 7.41e-01 2.59e-01 1.74e-04 1.47e-05 7.10e-07 0.00e+00 0.00e+00 0.00e+00 0.00e+00 0.00e+00 0.00e+00 0.00e+00
 Argon      0  1.84e-01 6.93e-01 1.23e-01 5.69e-05 6.74e-06 2.98e-07 0.00e+00 0.00e+00 0.00e+00 0.00e+00 0.00e+00 0.00e+00 0.00e+00
 Potassium  0  8.52e-05 5.90e-01 4.05e-01 9.87e-05 4.74e-03 7.89e-07 0.00e+00 0.00e+00 0.00e+00 0.00e+00 0.00e+00 0.00e+00 0.00e+00
 Calcium    0  1.02e-06 1.81e-02 9.77e-01 4.32e-03 9.46e-05 1.43e-06 0.00e+00 0.00e+00 0.00e+00 0.00e+00 0.00e+00 0.00e+00 0.00e+00
 Scandium   0  4.11e-06 7.70e-02 8.56e-01 6.42e-02 2.84e-03 1.71e-06 0.00e+00 0.00e+00 0.00e+00 0.00e+00 0.00e+00 0.00e+00 0.00e+00
 Titanium   0  2.90e-05 7.74e-01 2.19e-01 3.13e-04 6.84e-03 1.16e-06 1.53e-07 0.00e+00 0.00e+00 0.00e+00 0.00e+00 0.00e+00 0.00e+00
 Vanadium   0  3.02e-04 7.69e-01 2.30e-01 4.63e-05 5.71e-04 9.32e-07 0.00e+00 0.00e+00 0.00e+00 0.00e+00 0.00e+00 0.00e+00 0.00e+00
 Chromium   0  2.66e-05 9.99e-01 1.25e-03 2.08e-05 7.78e-05 4.06e-06 1.97e-07 0.00e+00 0.00e+00 0.00e+00 0.00e+00 0.00e+00 0.00e+00
 Manganese  0  1.82e-04 9.98e-01 2.02e-03 2.34e-05 2.36e-04 3.26e-06 7.81e-07 0.00e+00 0.00e+00 0.00e+00 0.00e+00 0.00e+00 0.00e+00
 Iron       0  5.19e-05 9.99e-01 3.53e-04 8.93e-05 2.18e-05 2.46e-06 5.52e-07 0.00e+00 0.00e+00 0.00e+00 0.00e+00 0.00e+00 0.00e+00
 Cobalt     0  7.25e-04 9.99e-01 3.54e-04 1.10e-04 2.85e-04 1.67e-06 3.72e-07 0.00e+00 0.00e+00 0.00e+00 0.00e+00 0.00e+00 0.00e+00
 Nickel     0  2.16e-04 9.99e-01 3.07e-04 2.16e-05 4.48e-05 1.29e-06 2.59e-07 0.00e+00 0.00e+00 0.00e+00 0.00e+00 0.00e+00 0.00e+00
 Copper     0  1.97e-04 7.19e-01 2.80e-01 3.66e-05 7.80e-06 2.05e-06 3.61e-07 0.00e+00 0.00e+00 0.00e+00 0.00e+00 0.00e+00 0.00e+00
 Zinc       0  9.42e-05 1.75e-01 4.68e-01 2.82e-01 7.50e-02 1.05e-05 1.73e-06 2.77e-07 0.00e+00 0.00e+00 0.00e+00 0.00e+00 0.00e+00
   AGN log nH=3.22 log U=-2.33  
   Calculation stopped because lowest Te reached. Iteration 3 of 3
   The geometry is plane-parallel.
  !Some input lines contained underscores, these were changed to spaces.
  !Suprathermal collisional ionization of H reached 54.60% of the local H ionization rate.
  !Charge transfer H => H+ reached 1353.8% of the local H ionization rate.
  !AGE: Cloud age was not set.  Longest timescale was 1.53e+10 s = 4.84e+02 years.
  !The CMB was not included.  This is added with the CMB command.
  !The radiation pressure jumped by 733% from 2.53e-10 (zone 23) to 1.86e-11 (zone 24) to 1.97e-11 (zone 25)
   Charge transfer heating reached 2.20% of the local heating.
   Destruction of He 2TriS reached 1.3% of the total He0 dest rate at zone 1, 0.4% of that was photoionization.
   The density is too low to l-mix the lowest H  I collapsed level.  More resolved levels are needed for accurate line ratios.
   The density is too low to l-mix the lowest He I collapsed level.  More resolved levels are needed for accurate line ratios.
   Grains were not present but might survive in this environment (energy density temperature was 1.88e+01K)
   The continuum optical depth at the lowest energy considered (3.045e-09 Ryd) was 3.071e+03.
   The ratio of radiation to gas pressure reached 4.94e-02 at zone 23.  Caused by Lyman alpha.

                       *********************************> Cloudy 25.00 <**********************************
                       * title AGN log nH=3.22 log U=-2.33                                               *
                       * hden 3.2222222222222223                                                         *
                       * table AGN                                                                       *
                       * stop efrac 0.01                                                                 *
                       * ionization parameter -2.3333333333333335                                        *
                       * abundances GASS                                                                 *
                       * sphere                                                                          *
                       * stop temperature 4000 K                                                         *
                       * stop column density 22                                                          *
                       * iterate to convergence                                                          *
                       * save overview "AGNmodel_nH3.22_Um2.33_temp40000.00.txt"                         *
                       *********************************> Log(U): -2.33 <*********************************

                     Emission Line Spectrum.   Constant  Density Model.  Closed geometry.  Iteration 3 of 3.
                                                     Intensity (erg/s/cm^2).


                                                   Intrinsic line intensities
general properties..............................      Ca A                228.543A    -3.067    0.0074      Si 2                34.8046m    -1.628    0.2022
Inci                      0      1.452  243.0995      Ca A                228.471A    -3.134    0.0063      Si 2                2334.41A    -2.901    0.0108
TotH                      0      0.763   49.7891      Ca A                228.409A    -3.198    0.0055      Si 2                2328.52A    -3.448    0.0031
TotC                      0      0.763   49.7664      Ca A                228.356A    -3.258    0.0047      Si 2                1808.01A    -2.613    0.0209
BFH1                      0      0.612   35.1826      Ca A                228.309A    -3.314    0.0042      Si 2                1526.71A    -3.387    0.0035
BFHe                      0      0.136   11.7625      Ca A                228.269A    -3.368    0.0037      Si 2                1304.37A    -3.759    0.0015
TotM                      0     -0.566    2.3330      Ca A                228.234A    -3.419    0.0033      Si 2                1260.42A    -3.421    0.0033
CT H                      0     -1.275    0.4558      Ca A                1640.41A    -0.964    0.9339      Si 2                1193.29A    -3.565    0.0023
H FB                      0     -0.578    2.2722      Ca A                1215.13A    -1.485    0.2810      Si 2                1190.42A    -3.637    0.0020
HFBc                      0     -0.578    2.2722      Ca A                1084.94A    -1.836    0.1252      Si 2                2350.17A    -2.776    0.0144
H  1c                     0     -0.611    2.1041      Ca A                1025.27A    -2.101    0.0681      Si 2                2344.20A    -2.300    0.0431
He 1c                     0     -1.577    0.2278      Ca A                992.358A    -2.314    0.0417      Si 2                2334.60A    -2.186    0.0560
Al 3c                     0     -2.573    0.0229      Ca A                972.106A    -2.494    0.0275      Si 2                1817.45A    -2.832    0.0127
Al 6c                     0     -3.398    0.0034      Ca A                958.693A    -2.650    0.0193      Si 2                1816.93A    -2.260    0.0472
Ar 2c                     0     -3.180    0.0057      Ca A                949.323A    -2.787    0.0140      Si 2                1533.43A    -2.995    0.0087
Ar 3c                     0     -1.257    0.4750      Ca A                942.507A    -2.910    0.0106      Si 2                1309.28A    -3.388    0.0035
Ar 4c                     0     -2.077    0.0720      Ca A                937.389A    -3.021    0.0082      Si 2                1265.00A    -3.223    0.0051
Ar 5c                     0     -2.544    0.0245      Ca A                933.444A    -3.124    0.0065      Si 2                1264.74A    -3.163    0.0059
Ar 6c                     0     -3.815    0.0013      Ca A                930.337A    -3.218    0.0052      Si 2                1197.39A    -3.313    0.0042
C  2c                     0     -1.642    0.1959      Ca A                927.846A    -3.306    0.0042      Si 2                1194.50A    -3.183    0.0056
C  3c                     0     -0.905    1.0688      Ca A                925.816A    -3.388    0.0035      Si 3                1892.03A    -1.659    0.1883
Ca 4c                     0     -2.036    0.0792      Ca A                924.142A    -3.464    0.0029      Si 3                1882.71A    -1.518    0.2607
Co 2c                     0     -3.367    0.0037      Ca A                922.743A    -3.537    0.0025      Si 3                1206.50A    -2.559    0.0237
Co 3c                     0     -3.685    0.0018      Ca A                921.562A    -3.605    0.0021      Si 4                1393.75A    -2.293    0.0437
Cr 2c                     0     -3.412    0.0033      Ca A                920.556A    -3.670    0.0018      Si 4                1402.77A    -2.550    0.0242
Fe 2c                     0     -0.868    1.1635      Ca A                919.693A    -3.732    0.0016      Ti 5                252.959A    -3.852    0.0012
Fe 3c                     0     -1.002    0.8561      Ca A                918.945A    -3.791    0.0014      Al 2                2669.15A    -2.494    0.0275
Fe 7c                     0     -2.469    0.0292      Ca A                918.295A    -3.847    0.0012      Al 2                2660.35A    -2.392    0.0348
K  3c                     0     -2.951    0.0096      Ca A                917.724A    -3.900    0.0011      Al 2                1670.79A    -2.789    0.0140
K  4c                     0     -3.363    0.0037      Ca A                4685.68A    -1.679    0.1801      Al 5                2.90450m    -3.142    0.0062
Mg 1c                     0     -2.361    0.0374      Ca A                3203.08A    -2.072    0.0729      C  4                1550.77A    -1.855    0.1201
Mn 2c                     0     -3.484    0.0028      Ca A                2733.28A    -2.362    0.0373      C  4                1548.19A    -1.566    0.2335
N  1c                     0     -3.195    0.0055      Ca A                2511.19A    -2.591    0.0220      C  4                419.525A    -3.871    0.0012
N  4c                     0     -2.460    0.0298      Ca A                2385.39A    -2.781    0.0142      C  4                419.714A    -3.572    0.0023
Ne 2c                     0     -2.648    0.0193      Ca A                2306.18A    -2.944    0.0098      C  4                312.451A    -3.408    0.0034
Ne 3c                     0     -0.659    1.8854      Ca A                2252.67A    -3.086    0.0070      C  4                312.420A    -3.397    0.0034
Ne 5c                     0     -1.608    0.2117      Ca A                2214.65A    -3.214    0.0053      C  4                244.911A    -3.914    0.0010
O  1c                     0     -1.973    0.0915      Ca A                2186.59A    -3.328    0.0040      C  4                244.903A    -3.883    0.0011
O  2c                     0     -0.717    1.6499      Ca A                2165.23A    -3.433    0.0032      Ca 2                7323.89A    -2.512    0.0264
O  3c                     0      0.385   20.8649      Ca A                2148.58A    -3.530    0.0025      Ca 2                7291.47A    -2.326    0.0405
O  5c                     0     -3.920    0.0010      Ca A                2135.34A    -3.619    0.0021      Ca 2                3968.47A    -3.077    0.0072
P  2c                     0     -2.598    0.0217      Ca A                2124.61A    -3.702    0.0017      Ca 2                8662.14A    -3.377    0.0036
P  3c                     0     -3.066    0.0074      Ca A                2115.81A    -3.781    0.0014      Ca 2                3933.66A    -2.970    0.0092
S  2c                     0     -1.189    0.5565      Ca A                2108.49A    -3.854    0.0012      Ca 2                8542.09A    -3.015    0.0083
S  3c                     0     -0.467    2.9320      Ca A                2102.33A    -3.923    0.0010      Ca 5                4.15739m    -2.866    0.0117
Si 2c                     0     -1.304    0.4265      Ca A                1.01235m    -2.230    0.0506      Ca 5                5309.11A    -3.223    0.0051
Si 3c                     0     -1.267    0.4642      Ca A                6560.01A    -2.538    0.0249      Ca 5                6086.37A    -3.934    0.0010
Si 4c                     0     -2.156    0.0600      Ca A                5411.45A    -2.783    0.0142      Cl 2                14.3639m    -3.438    0.0031
Al 2c                     0     -2.066    0.0739      Ca A                4859.26A    -2.983    0.0089      Cl 2                8578.70A    -3.045    0.0077
Al 5c                     0     -3.142    0.0062      Ca A                4541.54A    -3.154    0.0060      Cl 2                9123.60A    -3.630    0.0020
C  4c                     0     -1.395    0.3461      Ca A                4338.62A    -3.302    0.0043      Cl 3                5537.87A    -2.688    0.0176
Ca 2c                     0     -1.955    0.0953      Ca A                4199.78A    -3.433    0.0032      Cl 3                5517.71A    -2.684    0.0178
Ca 5c                     0     -2.660    0.0188      Ca A                4099.99A    -3.551    0.0024      Cl 3                3342.80A    -3.525    0.0026
Cl 2c                     0     -2.808    0.0134      Ca A                4025.55A    -3.658    0.0019      Cl 4                20.3197m    -2.655    0.0190
Cl 3c                     0     -2.329    0.0403      Ca A                3968.39A    -3.757    0.0015      Cl 4                11.7629m    -2.631    0.0201
Cl 4c                     0     -2.134    0.0630      Ca A                3923.44A    -3.848    0.0012      Cl 4                7530.54A    -3.096    0.0069
Fe 4c                     0     -0.977    0.9061      Ca A                3887.40A    -3.933    0.0010      Cl 4                8045.62A    -2.732    0.0159
Fe 5c                     0     -1.166    0.5869      Ca A                1.86365m    -2.686    0.0177      Fe 4                3094.96A    -2.201    0.0541
Fe 6c                     0     -1.346    0.3870      Ca A                1.16262m    -2.933    0.0100      Fe 4                2835.74A    -1.314    0.4175
Mg 2c                     0     -0.869    1.1627      Ca A                9344.80A    -3.142    0.0062      Fe 4                2829.36A    -1.582    0.2250
Mg 4c                     0     -1.905    0.1070      Ca A                8236.67A    -3.319    0.0041      Fe 4                2823.50A    -3.263    0.0047
Mg 5c                     0     -2.233    0.0502      Ca A                7592.65A    -3.473    0.0029      Fe 4                2577.92A    -3.188    0.0056
N  2c                     0     -1.107    0.6711      Ca A                7177.41A    -3.608    0.0021      Fe 4                2.83562m    -2.710    0.0167
N  3c                     0     -1.574    0.2290      Ca A                6890.80A    -3.729    0.0016      Fe 4                2.80554m    -3.242    0.0049
Na 3c                     0     -2.835    0.0126      Ca A                6683.11A    -3.839    0.0012      Fe 4                2.86447m    -3.038    0.0079
Na 4c                     0     -2.851    0.0121      Ca A                3.09080m    -3.078    0.0072      Fe 4                2567.61A    -2.216    0.0522
Ne 4c                     0     -1.926    0.1020      Ca A                1.87431m    -3.279    0.0045      Fe 4                2.71569m    -3.333    0.0040
Ne 6c                     0     -3.514    0.0026      Ca A                1.47602m    -3.459    0.0030      Fe 4                2567.40A    -2.965    0.0093
Ni 2c                     0     -2.088    0.0702      Ca A                1.28127m    -3.617    0.0021      Fe 4                2.71341m    -3.860    0.0012
O  4c                     0     -0.536    2.4987      Ca A                1.16730m    -3.755    0.0015      Fe 4                2.77325m    -3.537    0.0025
S  4c                     0     -0.634    1.9970      Ca A                1.09334m    -3.879    0.0011      Fe 4                6739.82A    -2.717    0.0165
Si 6c                     0     -3.569    0.0023      Ca A                4.76213m    -3.422    0.0033      Fe 4                6761.38A    -3.218    0.0052
continua........................................      Ca A                2.82519m    -3.587    0.0022      Fe 4                6734.42A    -2.963    0.0094
Bac                 3646.00A     0.248   15.2217      Ca A                2.18848m    -3.744    0.0015      Fe 4                6997.10A    -3.547    0.0024
nFnu                3645.00A     0.355   19.4815      Ca A                1.87570m    -3.885    0.0011      Fe 4                6792.48A    -3.695    0.0017
nFnu                3647.00A    -0.305    4.2597      Ca A                6.94599m    -3.729    0.0016      Fe 4                5233.76A    -3.313    0.0042
cout                3646.00A     0.248   15.2217      Ca A                4.04945m    -3.865    0.0012      Fe 4                5033.59A    -3.630    0.0020
thin                3646.00A     0.248   15.2219      Ca B                1640.41A    -0.829    1.2737      Fe 4                4906.56A    -3.027    0.0081
Inci                4860.00A     0.348   19.1353      Ca B                1215.13A    -1.341    0.3916      Fe 4                4917.97A    -3.536    0.0025
Inci                1367.00A     0.603   34.4346      Ca B                1084.94A    -1.690    0.1754      Fe 4                7222.76A    -3.510    0.0027
Inci                2066.00A     0.513   28.0066      Ca B                1025.27A    -1.955    0.0954      Fe 4                4899.97A    -3.357    0.0038
Inci                1215.00A     0.628   36.5175      Ca B                992.358A    -2.169    0.0583      Fe 4                4903.07A    -3.337    0.0040
Ba C                      0     -0.401    3.4161      Ca B                972.106A    -2.349    0.0385      Fe 4                7183.99A    -3.686    0.0018
PA C                      0     -0.820    1.3004      Ca B                958.693A    -2.505    0.0269      Fe 4                4868.16A    -3.474    0.0029
FIR                 83.0000m    -0.507    2.6743      Ca B                949.323A    -2.643    0.0195      Fe 4                4869.23A    -3.820    0.0013
TIR                 1800.00m    -2.950    0.0096      Ca B                942.507A    -2.767    0.0147      Fe 4                7191.23A    -3.722    0.0016
NIRa                2.85000m     0.927   72.6447      Ca B                937.389A    -2.879    0.0114      Fe 4                4867.95A    -3.537    0.0025
NIRb                3.00000m     0.607   34.7474      Ca B                933.444A    -2.982    0.0090      Fe 4                4206.59A    -3.587    0.0022
MIRa                15.0000m     0.438   23.5702      Ca B                930.337A    -3.076    0.0072      Fe 4                4208.88A    -3.620    0.0021
MIRb                22.5000m     0.500   27.1683      Ca B                927.846A    -3.164    0.0059      Fe 4                4144.20A    -3.596    0.0022
NMIR                21.7500m     0.927   72.6447      Ca B                925.816A    -3.247    0.0049      Fe 4                4152.34A    -3.897    0.0011
TFIR                611.250m    -2.347    0.0387      Ca B                924.142A    -3.324    0.0041      Fe 5                70.3538m    -2.379    0.0359
TALL                10000.0A     1.448  241.2414      Ca B                922.743A    -3.396    0.0035      Fe 5                36.3273m    -1.971    0.0919
F12                 12.0000m     0.058    9.8310      Ca B                921.562A    -3.465    0.0029      Fe 5                25.9131m    -2.053    0.0760
F25                 25.0000m    -0.386    3.5349      Ca B                920.556A    -3.530    0.0025      Fe 5                20.8407m    -2.313    0.0418
F60                 60.0000m    -0.606    2.1291      Ca B                919.693A    -3.591    0.0022      Fe 5                4180.59A    -2.797    0.0137
F100                100.000m    -1.229    0.5067      Ca B                918.945A    -3.650    0.0019      Fe 5                4143.15A    -2.542    0.0246
MIPS                24.0000m    -0.435    3.1567      Ca B                918.295A    -3.706    0.0017      Fe 5                4227.19A    -1.834    0.1261
MIPS                70.0000m    -2.084    0.0708      Ca B                917.724A    -3.759    0.0015      Fe 5                4003.21A    -3.484    0.0028
MIPS                160.000m    -2.932    0.0101      Ca B                4685.68A    -1.651    0.1921      Fe 5                4071.24A    -2.552    0.0241
IRAC                3.60000m    -0.293    4.3781      Ca B                3203.08A    -2.034    0.0795      Fe 5                3895.22A    -2.880    0.0113
IRAC                4.50000m    -0.262    4.7053      Ca B                2733.28A    -2.319    0.0413      Fe 5                3851.34A    -3.191    0.0055
IRAC                5.80000m    -0.233    5.0227      Ca B                2511.19A    -2.545    0.0245      Fe 5                3794.94A    -2.602    0.0215
IRAC                8.00000m    -0.074    7.2476      Ca B                2385.39A    -2.733    0.0159      Fe 5                3755.70A    -2.884    0.0112
SPR1                250.000m    -3.173    0.0058      Ca B                2306.18A    -2.894    0.0110      Fe 5                3911.33A    -3.422    0.0033
SPR2                350.000m    -3.291    0.0044      Ca B                2252.67A    -3.036    0.0079      Fe 5                3839.27A    -2.554    0.0240
SPR3                500.000m    -3.348    0.0039      Ca B                2214.65A    -3.163    0.0059      Fe 5                3783.22A    -2.966    0.0093
PAC1                70.0000m    -2.065    0.0740      Ca B                2186.59A    -3.277    0.0045      Fe 5                3891.28A    -2.664    0.0186
PAC2                100.000m    -1.227    0.5096      Ca B                2165.23A    -3.382    0.0036      Fe 5                3819.95A    -3.335    0.0040
PAC3                160.000m    -2.738    0.0157      Ca B                2148.58A    -3.478    0.0029      Fe 5                2.04669m    -3.707    0.0017
PAH                 3.30000m    -1.150    0.6085      Ca B                2135.34A    -3.567    0.0023      Fe 5                3445.62A    -3.324    0.0041
PAHC                3.23000m    -1.342    0.3912      Ca B                2124.61A    -3.651    0.0019      Fe 5                3400.41A    -3.692    0.0017
PAHC                3.37000m    -1.465    0.2943      Ca B                2115.81A    -3.729    0.0016      Fe 5                1.91721m    -3.861    0.0012
PAH                 6.20000m    -0.731    1.5977      Ca B                2108.49A    -3.802    0.0014      Fe 5                3463.51A    -3.229    0.0051
PAHC                5.65000m    -0.685    1.7764      Ca B                2102.33A    -3.871    0.0012      Fe 5                3406.89A    -3.765    0.0015
PAH                 7.90000m    -0.534    2.5118      Ca B                1.01235m    -2.217    0.0521      Fe 5                2760.64A    -3.912    0.0011
PAHC                6.90000m    -0.476    2.8717      Ca B                6560.01A    -2.521    0.0259      Fe 5                2828.24A    -3.331    0.0040
PAH                 11.3000m    -1.278    0.4530      Ca B                5411.45A    -2.764    0.0148      Fe 5                2780.40A    -3.826    0.0013
PAHC                10.9000m    -1.210    0.5297      Ca B                4859.26A    -2.962    0.0094      Fe 5                2750.88A    -3.637    0.0020
PAH                 11.8000m    -1.119    0.6527      Ca B                4541.54A    -3.131    0.0064      Fe 5                2730.21A    -3.547    0.0024
PAHC                12.6500m    -1.219    0.5187      Ca B                4338.62A    -3.278    0.0045      Fe 5                2717.82A    -3.623    0.0020
PAH                 13.3000m    -1.277    0.4541      Ca B                4199.78A    -3.409    0.0034      Fe 5                2707.36A    -3.572    0.0023
PAHC                14.1000m    -1.300    0.4307      Ca B                4099.99A    -3.526    0.0026      Fe 6                19.5527m    -2.002    0.0855
Bcon                3640.00A     1.033   92.7139      Ca B                4025.55A    -3.633    0.0020      Fe 6                14.7670m    -2.208    0.0532
Pcon                5000.00A     0.756   48.9717      Ca B                3968.39A    -3.731    0.0016      Fe 6                12.3074m    -2.472    0.0290
O3bn                5007.00A     0.218   14.2110      Ca B                3923.44A    -3.822    0.0013      Fe 6                5335.18A    -2.650    0.0192
SX                  25.0000A    -0.425    3.2258      Ca B                3887.40A    -3.907    0.0011      Fe 6                5484.84A    -2.904    0.0107
HX                  4.70000A    -0.220    5.1830      Ca B                1.86365m    -2.678    0.0180      Fe 6                5631.07A    -2.799    0.0137
ROSA                12.3980A    -0.193    5.5153      Ca B                1.16262m    -2.923    0.0103      Fe 6                5277.81A    -3.151    0.0061
HFFc                      0     -0.673    1.8230      Ca B                9344.80A    -3.131    0.0064      Fe 6                5424.22A    -2.819    0.0130
H FF                      0     -0.730    1.6018      Ca B                8236.67A    -3.307    0.0042      Fe 6                5676.95A    -2.758    0.0150
HeFF                      0     -1.607    0.2125      Ca B                7592.65A    -3.459    0.0030      Fe 6                5426.64A    -3.088    0.0070
MeFB                      0     -2.415    0.0330      Ca B                7177.41A    -3.594    0.0022      Fe 6                5234.28A    -3.620    0.0021
MeFF                      0     -3.051    0.0076      Ca B                6890.80A    -3.714    0.0017      Fe 6                5370.29A    -3.708    0.0017
ToFF                      0     -0.674    1.8219      Ca B                6683.11A    -3.824    0.0013      Fe 6                5145.75A    -2.450    0.0305
nFnu                6915.34m    -3.892    0.0011      Ca B                6527.01A    -3.924    0.0010      Fe 6                4972.47A    -2.466    0.0294
nFnu                122.367m    -2.421    0.0326      Ca B                3.09080m    -3.071    0.0073      Fe 6                5176.04A    -2.497    0.0274
nInu                122.367m    -3.458    0.0030      Ca B                1.87431m    -3.271    0.0046      Fe 6                4967.14A    -2.868    0.0116
nFnu                60.8157m    -2.176    0.0573      Ca B                1.47602m    -3.452    0.0030      Fe 6                3813.54A    -3.502    0.0027
nInu                60.8157m    -2.399    0.0343      Ca B                1.28127m    -3.608    0.0021      Fe 6                3889.40A    -3.300    0.0043
nFnu                41.2039m    -2.031    0.0800      Ca B                1.16730m    -3.746    0.0015      Fe 6                1.28877m    -3.781    0.0014
nInu                41.2039m    -1.807    0.1341      Ca B                1.09334m    -3.870    0.0012      Fe 6                3662.50A    -3.259    0.0047
nFnu                30.8611m    -1.927    0.1016      Ca B                4.76213m    -3.415    0.0033      Fe 6                3492.10A    -3.892    0.0011
nInu                30.8611m    -1.366    0.3701      Ca B                2.82519m    -3.580    0.0023      Fe 6                3555.60A    -3.583    0.0022
nFnu                24.7761m    -1.848    0.1219      Ca B                2.18848m    -3.738    0.0016      Fe 6                1.23303m    -3.494    0.0028
nInu                24.7761m    -1.032    0.7991      Ca B                1.87570m    -3.878    0.0011      Fe 6                1.34929m    -3.299    0.0043
nFnu                24.2932m    -1.841    0.1239      Ca B                6.94599m    -3.721    0.0016      Fe 6                1.26742m    -3.658    0.0019
nInu                24.2932m    -1.001    0.8571      Ca B                4.04945m    -3.859    0.0012      Mg 2                2802.71A    -1.342    0.3909
nFnu                22.8240m    -1.818    0.1305      He 2                607.571A    -0.344    3.8880      Mg 2                2795.53A    -1.046    0.7729
nInu                22.8240m    -0.910    1.0573      He 2                303.784A    -0.064    7.4151      Mg 2                2798.00A    -3.813    0.0013
nFnu                21.4141m    -1.797    0.1372      He 2                256.317A    -3.106    0.0067      Mg 4                4.48711m    -1.905    0.1070
nInu                21.4141m    -0.814    1.3196      He 2                243.027A    -3.249    0.0048      Mg 4                323.307A    -3.528    0.0025
nFnu                21.1177m    -1.791    0.1391      He 2                237.331A    -3.316    0.0042      Mg 5                5.60700m    -2.332    0.0400
nInu                21.1177m    -0.788    1.3989      He 2                234.347A    -3.356    0.0038      Mg 5                13.5464m    -3.407    0.0034
nFnu                19.6146m    -1.763    0.1482      He 2                232.584A    -3.382    0.0036      Mg 5                2782.76A    -3.204    0.0054
nInu                19.6146m    -0.677    1.8082      He 2                231.454A    -3.397    0.0034      Mg 5                2928.09A    -3.769    0.0015
nFnu                17.6486m    -1.725    0.1618      He 2                230.686A    -3.422    0.0032      Mg 5                355.329A    -3.841    0.0012
nInu                17.6486m    -0.520    2.5959      He 2                230.139A    -3.438    0.0031      N  2                121.769m    -3.459    0.0030
nFnu                17.3653m    -1.719    0.1639      He 2                229.736A    -3.515    0.0026      N  2                6548.05A    -1.723    0.1626
nInu                17.3653m    -0.495    2.7518      He 2                229.431A    -3.525    0.0026      N  2                6583.45A    -1.253    0.4794
nFnu                15.6859m    -1.684    0.1778      He 2                229.194A    -3.537    0.0025      N  2                5754.59A    -2.958    0.0095
nInu                15.6859m    -0.337    3.9505      He 2                229.006A    -3.548    0.0024      N  2                2139.01A    -3.292    0.0044
nFnu                14.5997m    -1.657    0.1894      He 2                228.855A    -3.559    0.0024      N  2                2142.77A    -2.902    0.0108
nInu                14.5997m    -0.231    5.0471      He 2                228.731A    -3.569    0.0023      N  2                1085.70A    -3.552    0.0024
nFnu                12.4266m    -1.595    0.2185      He 2                228.629A    -3.577    0.0023      N  2                1084.58A    -3.617    0.0021
nInu                12.4266m     0.017    8.9387      He 2                228.543A    -3.584    0.0022      N  2                1085.55A    -3.664    0.0019
nFnu                11.3969m    -1.566    0.2337      He 2                228.471A    -3.589    0.0022      N  2                1083.99A    -3.645    0.0019
nInu                11.3969m     0.149   12.1057      He 2                228.409A    -3.590    0.0022      N  2                1084.56A    -3.777    0.0014
nFnu                10.4572m    -1.530    0.2534      He 2                228.356A    -3.585    0.0022      N  2                915.612A    -3.612    0.0021
nInu                10.4572m     0.281   16.3948      He 2                1640.41A    -0.857    1.1944      N  2                916.020A    -3.807    0.0013
nFnu                9.47744m    -1.498    0.2728      He 2                1215.13A    -1.329    0.4024      N  2                916.710A    -3.823    0.0013
nInu                9.47744m     0.348   19.1365      He 2                1084.94A    -1.666    0.1854      N  2                916.012A    -3.699    0.0017
nFnu                9.32234m    -1.493    0.2762      He 2                1025.27A    -1.925    0.1021      N  2                916.701A    -3.539    0.0025
nInu                9.32234m     0.348   19.1364      He 2                992.358A    -2.135    0.0629      N  2                915.962A    -3.592    0.0022
nFnu                8.20812m    -1.443    0.3100      He 2                972.106A    -2.312    0.0419      N  3                57.3238m    -1.693    0.1741
nInu                8.20812m     0.348   19.1364      He 2                958.693A    -2.464    0.0295      N  3                1748.65A    -3.224    0.0051
nFnu                7.57793m    -1.417    0.3288      He 2                949.323A    -2.598    0.0217      N  3                1753.99A    -3.209    0.0053
nInu                7.57793m     0.348   19.1364      He 2                942.507A    -2.468    0.0292      N  3                1746.82A    -3.553    0.0024
nFnu                7.04834m    -1.382    0.3570      He 2                937.389A    -2.563    0.0235      N  3                1752.16A    -2.713    0.0166
nInu                7.04834m     0.348   19.1363      He 2                933.444A    -2.650    0.0193      N  3                1749.67A    -2.550    0.0242
nFnu                4.11258m    -1.174    0.5756      He 2                930.337A    -2.730    0.0160      N  3                989.799A    -3.501    0.0027
nInu                4.11258m     0.348   19.1361      He 2                927.846A    -2.804    0.0135      N  3                991.511A    -3.430    0.0032
nFnu                2.32377m    -0.988    0.8841      He 2                925.816A    -2.872    0.0115      N  3                991.577A    -3.369    0.0037
nInu                2.32377m     0.348   19.1359      He 2                924.142A    -2.936    0.0100      N  3                763.334A    -3.680    0.0018
nFnu                1.64268m    -0.845    1.2290      He 2                922.743A    -2.994    0.0087      N  3                764.351A    -3.397    0.0034
nInu                1.64268m     0.348   19.1358      He 2                921.562A    -3.047    0.0077      N  3                685.515A    -3.497    0.0027
nFnu                1.47981m    -0.831    1.2672      He 2                920.556A    -3.093    0.0069      N  3                686.336A    -3.376    0.0036
nInu                1.47981m     0.348   19.1356      He 2                919.693A    -3.132    0.0063      N  3                684.998A    -3.641    0.0020
nFnu                1.43610m    -0.676    1.8133      He 2                4685.68A    -1.743    0.1553      N  3                685.817A    -3.258    0.0047
nInu                1.43610m     0.348   19.1356      He 2                3203.08A    -2.065    0.0739      N  3                451.871A    -3.659    0.0019
nFnu                1.11836m    -0.655    1.9002      He 2                2733.28A    -2.329    0.0403      N  3                452.227A    -3.372    0.0036
nInu                1.11836m     0.348   19.1353      He 2                2511.19A    -2.544    0.0245      Na 3                7.31570m    -2.835    0.0126
nFnu                8327.39A    -0.642    1.9611      He 2                2385.39A    -2.726    0.0162      Na 3                380.100A    -3.774    0.0014
nInu                8327.39A     0.348   19.1351      He 2                2306.18A    -2.882    0.0113      Na 3                250.517A    -3.846    0.0012
nFnu                8076.39A    -0.318    4.1323      He 2                2252.67A    -3.020    0.0082      Na 4                9.03096m    -3.004    0.0085
nInu                8076.39A     0.348   19.1351      He 2                2214.65A    -2.983    0.0089      Na 4                3241.50A    -3.584    0.0022
nFnu                6207.94A    -0.347    3.8664      He 2                2186.59A    -3.078    0.0072      Ne 4                2421.66A    -2.293    0.0437
nInu                6207.94A     0.348   19.1350      He 2                2165.23A    -3.164    0.0059      Ne 4                2424.28A    -2.187    0.0558
nFnu                4884.00A    -0.357    3.7749      He 2                2148.58A    -3.244    0.0049      Ne 4                1601.45A    -3.796    0.0014
nInu                4884.00A     0.348   19.1350      He 2                2135.34A    -3.318    0.0041      Ne 4                541.126A    -3.512    0.0026
nFnu                3703.28A    -0.330    4.0206      He 2                2124.61A    -3.386    0.0035      Ne 4                542.076A    -3.471    0.0029
nInu                3703.28A     0.386   20.9171      He 2                2115.81A    -3.449    0.0031      Ne 4                543.886A    -3.454    0.0030
nFnu                3586.64A     0.348   19.1395      He 2                2108.49A    -3.508    0.0027      Ne 4                208.903A    -3.836    0.0013
nInu                3586.64A     0.393   21.2332      He 2                2102.33A    -3.560    0.0024      Ne 4                208.737A    -3.741    0.0016
nFnu                2429.31A     0.127   11.5194      He 2                2097.10A    -3.607    0.0021      Ne 6                7.65019m    -3.514    0.0026
nInu                2429.31A     0.477   25.7954      He 2                2092.63A    -3.646    0.0019      Ni 2                1.19102m    -3.367    0.0037
nFnu                2391.30A     0.123   11.4080      He 2                1.01235m    -2.359    0.0376      Ni 2                6.63416m    -3.040    0.0078
nInu                2391.30A     0.481   26.0115      He 2                6560.01A    -2.596    0.0218      Ni 2                1.07151m    -3.549    0.0024
nFnu                2070.68A     0.122   11.3819      He 2                5411.45A    -2.811    0.0133      Ni 2                10.6793m    -3.187    0.0056
nInu                2070.68A     0.512   27.9454      He 2                4859.26A    -2.995    0.0087      Ni 2                12.7253m    -3.918    0.0010
nFnu                2052.02A     0.141   11.8794      He 2                4541.54A    -3.155    0.0060      Ni 2                7377.83A    -2.510    0.0265
nInu                2052.02A     0.514   28.0856      He 2                4338.62A    -3.295    0.0044      Ni 2                8300.99A    -3.806    0.0013
nFnu                1793.44A     0.201   13.6479      He 2                4199.78A    -3.353    0.0038      Ni 2                1.93877m    -3.218    0.0052
nInu                1793.44A     0.543   30.0234      He 2                4099.99A    -3.446    0.0031      Ni 2                6666.80A    -3.872    0.0012
nFnu                1585.12A     0.230   14.6084      He 2                4025.55A    -3.533    0.0025      Ni 2                7411.61A    -3.654    0.0019
nInu                1585.12A     0.571   31.9849      He 2                3968.39A    -3.612    0.0021      Ni 2                4326.24A    -3.674    0.0018
nFnu                1458.33A     0.235   14.7653      He 2                3923.44A    -3.686    0.0018      Ni 2                3993.06A    -3.799    0.0014
nInu                1458.33A     0.589   33.3459      He 2                3887.40A    -3.754    0.0015      O  4                25.8863m    -0.539    2.4866
nFnu                1356.96A     0.199   13.5977      He 2                3858.03A    -3.817    0.0013      O  4                1399.78A    -3.763    0.0015
nInu                1356.96A     0.604   34.5353      He 2                3833.76A    -3.875    0.0011      O  4                1407.38A    -3.771    0.0015
nFnu                1297.29A     0.105   10.9543      He 2                3813.45A    -3.928    0.0010      O  4                1404.81A    -3.322    0.0041
nInu                1297.29A     0.614   35.3516      He 2                1.86365m    -2.860    0.0119      O  4                1401.16A    -3.289    0.0044
nFnu                1262.79A    -0.034    7.9473      He 2                1.16262m    -3.038    0.0079      O  4                787.710A    -3.632    0.0020
nInu                1262.79A     0.620   35.8266      He 2                9344.80A    -3.215    0.0052      O  4                790.114A    -3.410    0.0033
nFnu                1218.08A    -0.641    1.9633      He 2                8236.67A    -3.373    0.0036      O  4                790.201A    -3.479    0.0029
nInu                1218.08A     0.628   36.4901      He 2                7592.65A    -3.514    0.0026      O  4                608.397A    -3.824    0.0013
nFnu                1196.33A    -0.630    2.0159      He 2                7177.41A    -3.642    0.0020      O  4                609.830A    -3.180    0.0057
nInu                1196.33A     0.632   36.7952      He 2                6890.80A    -3.735    0.0016      O  4                554.076A    -3.572    0.0023
nFnu                1175.06A    -0.618    2.0717      He 2                6683.11A    -3.820    0.0013      O  4                555.264A    -3.103    0.0068
nInu                1175.06A     0.635   37.1033      He 2                6527.01A    -3.900    0.0011      O  4                553.329A    -3.828    0.0013
nFnu                1143.64A    -0.596    2.1807      He 2                3.09080m    -3.288    0.0044      O  4                554.514A    -3.060    0.0075
nInu                1143.64A     0.642   37.6645      He 2                1.87431m    -3.423    0.0032      O  6                1031.91A    -3.884    0.0011
nFnu                1113.22A    -0.575    2.2864      He 2                1.47602m    -3.570    0.0023      S  4                10.5076m    -0.635    1.9923
nInu                1113.22A     0.648   38.1704      He 2                1.28127m    -3.707    0.0017      S  4                1416.89A    -3.744    0.0015
nFnu                1103.23A    -0.570    2.3140      He 2                1.16730m    -3.880    0.0011      S  4                1406.02A    -3.699    0.0017
nInu                1103.23A     0.649   38.2980      He 2                4.76213m    -3.662    0.0019      S  4                1073.52A    -3.896    0.0011
nFnu                1073.86A    -0.548    2.4308      He 2                2.82519m    -3.765    0.0015      S  4                1072.97A    -3.922    0.0010
nInu                1073.86A     0.655   38.8024      He 2                2.18848m    -3.888    0.0011      S  4                815.941A    -3.572    0.0023
nFnu                1064.34A    -0.541    2.4753      He-like iso-sequence............................      S  4                753.760A    -3.432    0.0032
nInu                1064.34A     0.657   38.9970      He 1                1202.81A    -0.658    1.8883      S  4                750.221A    -3.372    0.0037
nFnu                1035.92A    -0.519    2.5982      He 1                591.412A    -3.121    0.0065      S  4                657.319A    -3.843    0.0012
nInu                1035.92A     0.663   39.5205      Blnd                591.412A    -3.119    0.0065      S  4                661.455A    -3.333    0.0040
nFnu                1000.00A    -0.491    2.7759      He 1                584.334A    -1.866    0.1169      S  4                661.396A    -3.684    0.0018
nInu                1000.00A     0.671   40.2478      He 1                537.030A    -2.960    0.0094      S  4                554.027A    -3.519    0.0026
nFnu                925.144A    -0.433    3.1723      He 1                522.213A    -3.099    0.0068      S  6                933.378A    -3.876    0.0011
nInu                925.144A     0.687   41.8225      He 1                515.617A    -3.174    0.0058      Si 6                1.96247m    -3.568    0.0023
nFnu                897.800A    -3.804    0.0013      He 1                512.099A    -3.232    0.0050      level 1 lines...................................
nFnu                496.874A    -3.581    0.0023      He 1                625.563A    -0.537    2.4960      recombination...................................
RRC.............................................      He 1                510.018A    -3.472    0.0029      C  2                4267.00A    -3.614    0.0021
H  1                3645.98A    -0.814    1.3196      He 1                508.657A    -3.490    0.0028      C  2                1761.00A    -3.663    0.0019
H  1                3645.98A    -0.473    2.8905      He 1                507.727A    -3.524    0.0026      C  2                1335.00A    -1.858    0.1191
H  1                8203.57A    -1.544    0.2455      He 1                507.065A    -3.524    0.0026      C  3                1923.00A    -3.300    0.0043
H  1                8203.57A    -1.156    0.5994      He 1                506.576A    -3.540    0.0025      C  4                1549.00A    -3.445    0.0031
H  1                8203.57A    -1.268    0.4639      He 1                506.204A    -3.560    0.0024      N  2                1742.00A    -3.606    0.0021
H  1                1.45842m    -2.027    0.0808      He 1                505.916A    -3.580    0.0023      N  3                1885.00A    -3.830    0.0013
H  1                1.45842m    -1.633    0.2001      He 1                505.687A    -3.601    0.0022      O  2                4094.00A    -3.839    0.0012
H  1                1.45842m    -1.638    0.1978      He 1                505.502A    -3.622    0.0020      O  2                4075.00A    -3.481    0.0028
H  1                1.45842m    -1.988    0.0884      He 1                505.352A    -3.644    0.0019      O  2                4111.00A    -3.790    0.0014
H  1                2.27878m    -2.381    0.0357      He 1                505.227A    -3.666    0.0019      O  2                4651.00A    -3.257    0.0048
H  1                2.27878m    -1.988    0.0884      He 1                505.122A    -3.688    0.0018      O  2                4341.00A    -3.533    0.0025
H  1                2.27878m    -1.961    0.0940      He 1                505.033A    -3.708    0.0017      O  3                3265.00A    -3.495    0.0027
H  1                2.27878m    -2.165    0.0588      He 1                504.958A    -3.795    0.0014      O  3                3762.00A    -3.761    0.0015
H  1                2.27878m    -2.668    0.0185      He 1                504.893A    -3.793    0.0014      C  2                1167.50A    -3.524    0.0026
H  1                3.28145m    -2.659    0.0188      He 1                504.836A    -3.774    0.0014      C  2                1092.50A    -2.916    0.0104
H  1                3.28145m    -2.267    0.0464      He 1                504.787A    -3.832    0.0013      C  2                1036.80A    -2.527    0.0255
H  1                3.28145m    -2.229    0.0508      He 1                504.744A    -3.791    0.0014      C  2                946.100A    -2.587    0.0222
H  1                3.28145m    -2.379    0.0359      He 1                504.706A    -3.724    0.0016      C  2                799.800A    -1.702    0.1706
H  1                3.28145m    -2.709    0.0168      He 1                504.672A    -2.957    0.0095      C  3                2512.20A    -3.870    0.0012
H  1                3.28145m    -3.313    0.0042      He 1                1.08291m    -2.504    0.0269      C  3                2296.90A    -2.821    0.0130
H  1                4.46642m    -2.887    0.0111      He 1                1.08302m    -1.894    0.1098      C  3                2200.40A    -3.895    0.0011
H  1                4.46642m    -2.497    0.0274      He 1                1.08303m    -1.557    0.2382      C  3                2017.40A    -3.666    0.0019
H  1                4.46642m    -2.453    0.0303      Blnd                1.08302m    -1.360    0.3749      C  3                1828.00A    -2.861    0.0118
H  1                4.46642m    -2.578    0.0227      He 1                3888.64A    -2.117    0.0656      C  3                1577.10A    -2.802    0.0135
H  1                4.46642m    -2.839    0.0125      He 1                3187.74A    -2.479    0.0285      C  3                1491.20A    -3.842    0.0012
H  1                4.46642m    -3.251    0.0048      He 1                2945.10A    -2.766    0.0147      C  3                1478.10A    -3.837    0.0012
H  1                4.46642m    -3.925    0.0010      He 1                2829.08A    -3.005    0.0085      C  3                1247.40A    -3.308    0.0042
H  1                5.83369m    -3.080    0.0071      He 1                2760.44A    -3.640    0.0020      C  3                1175.70A    -2.641    0.0197
H  1                5.83369m    -2.691    0.0175      He 1                2721.00A    -3.767    0.0015      C  3                977.000A    -2.303    0.0427
H  1                5.83369m    -2.645    0.0195      He 1                2694.61A    -3.886    0.0011      C  3                574.300A    -3.385    0.0035
H  1                5.83369m    -2.757    0.0150      He 1                2.05813m    -2.795    0.0138      C  3                538.200A    -3.381    0.0036
H  1                5.83369m    -2.982    0.0090      He 1                5015.68A    -2.624    0.0204      C  3                511.500A    -3.357    0.0038
H  1                5.83369m    -3.311    0.0042      He 1                3964.73A    -3.016    0.0083      C  3                493.500A    -3.065    0.0074
H  1                5.83369m    -3.779    0.0014      He 1                3613.64A    -3.322    0.0041      C  3                492.600A    -3.209    0.0053
H  1                7.38326m    -3.247    0.0049      He 1                3447.59A    -3.576    0.0023      C  3                483.700A    -3.226    0.0051
H  1                7.38326m    -2.859    0.0119      He 1                7065.71A    -3.251    0.0048      C  3                476.000A    -3.063    0.0074
H  1                7.38326m    -2.812    0.0132      He 1                7065.21A    -2.774    0.0145      C  3                459.600A    -2.175    0.0574
H  1                7.38326m    -2.917    0.0104      He 1                7065.18A    -2.552    0.0241      C  3                450.700A    -3.348    0.0039
H  1                7.38326m    -3.121    0.0065      Blnd                7065.25A    -2.297    0.0434      C  3                433.300A    -3.391    0.0035
H  1                7.38326m    -3.406    0.0034      He 1                5875.98A    -2.917    0.0104      C  3                411.700A    -2.198    0.0544
H  1                7.38326m    -3.780    0.0014      He 1                5875.64A    -2.440    0.0312      C  3                398.400A    -2.383    0.0356
H  1                9.11514m    -3.394    0.0035      He 1                5875.61A    -2.218    0.0520      C  3                371.700A    -3.052    0.0076
H  1                9.11514m    -3.008    0.0084      Blnd                5875.66A    -1.963    0.0937      N  2                1085.10A    -2.968    0.0093
H  1                9.11514m    -2.960    0.0094      He 1                4713.16A    -3.735    0.0016      N  2                916.300A    -3.384    0.0035
H  1                9.11514m    -3.061    0.0075      He 1                4713.14A    -3.513    0.0026      N  2                646.400A    -3.028    0.0081
H  1                9.11514m    -3.252    0.0048      Blnd                4713.17A    -3.258    0.0047      N  3                2064.30A    -3.564    0.0023
H  1                9.11514m    -3.510    0.0027      He 1                4471.69A    -3.351    0.0038      N  3                991.000A    -2.361    0.0374
H  1                9.11514m    -3.831    0.0013      He 1                4471.49A    -2.874    0.0115      N  3                782.900A    -3.329    0.0040
H  1                11.0293m    -2.475    0.0288      He 1                4471.47A    -2.652    0.0191      N  3                764.000A    -2.895    0.0109
H  1                13.1258m    -2.588    0.0222      Blnd                4471.50A    -2.397    0.0345      N  3                685.700A    -3.140    0.0062
H  1                15.4046m    -2.691    0.0175      Blnd                4120.84A    -3.737    0.0016      N  3                472.300A    -3.440    0.0031
H  1                17.8657m    -2.787    0.0140      He 1                4026.36A    -3.673    0.0018      N  3                418.800A    -2.865    0.0117
H  1                20.5091m    -2.876    0.0114      He 1                4026.20A    -3.196    0.0055      N  3                411.300A    -3.421    0.0033
H  1                23.3348m    -2.960    0.0094      He 1                4026.19A    -2.974    0.0091      N  3                391.300A    -3.254    0.0048
H  1                26.3428m    -3.038    0.0079      Blnd                4026.21A    -2.719    0.0164      N  3                387.400A    -2.793    0.0139
H  1                29.5331m    -3.113    0.0066      He 1                3819.61A    -3.458    0.0030      N  3                374.400A    -2.949    0.0097
H  1                32.9057m    -3.183    0.0056      He 1                3819.60A    -3.236    0.0050      N  3                348.700A    -2.204    0.0537
H  1                36.4606m    -3.249    0.0048      Blnd                3819.62A    -2.981    0.0090      N  3                340.200A    -2.536    0.0250
H  1                40.1978m    -3.313    0.0042      He 1                3704.90A    -3.875    0.0011      N  3                323.300A    -3.171    0.0058
H  1                44.1173m    -3.373    0.0036      He 1                3704.76A    -3.398    0.0034      N  3                311.600A    -3.378    0.0036
H  1                48.2191m    -3.431    0.0032      He 1                3704.75A    -3.176    0.0057      N  4                225.300A    -3.931    0.0010
H  1                52.5033m    -3.486    0.0028      Blnd                3704.77A    -2.920    0.0103      O  2                386.300A    -2.214    0.0525
H  1                56.9697m    -2.319    0.0413      He 1                3634.08A    -3.562    0.0024      O  2                385.700A    -2.391    0.0349
He 2                2049.91A    -2.250    0.0483      He 1                3634.07A    -3.340    0.0039      O  3                1947.20A    -3.791    0.0014
He 2                2049.91A    -1.786    0.1405      Blnd                3634.09A    -3.085    0.0071      O  3                834.500A    -2.089    0.0700
He 2                2049.91A    -1.782    0.1419      He 1                3587.16A    -3.706    0.0017      O  3                703.400A    -2.436    0.0315
He 2                3644.44A    -2.788    0.0140      He 1                3587.15A    -3.484    0.0028      O  3                599.600A    -2.950    0.0097
He 2                3644.44A    -2.315    0.0416      Blnd                3587.17A    -3.229    0.0051      O  3                541.600A    -2.866    0.0117
He 2                3644.44A    -2.197    0.0546      He 1                3554.34A    -3.834    0.0013      O  3                374.100A    -2.551    0.0242
He 2                3644.44A    -2.415    0.0331      He 1                3554.33A    -3.613    0.0021      O  3                320.700A    -2.552    0.0241
He 2                5694.49A    -3.190    0.0055      Blnd                3554.35A    -3.357    0.0038      O  3                300.500A    -1.915    0.1044
He 2                5694.49A    -2.716    0.0165      He 1                3530.43A    -3.730    0.0016      O  3                299.300A    -2.324    0.0408
He 2                5694.49A    -2.561    0.0236      Blnd                3530.44A    -3.474    0.0029      O  4                844.400A    -3.806    0.0013
He 2                5694.49A    -2.625    0.0204      He 1                3512.46A    -3.835    0.0013      O  4                789.400A    -2.520    0.0260
He 2                5694.49A    -3.002    0.0085      Blnd                3512.48A    -3.580    0.0023      O  4                779.900A    -3.096    0.0069
He 2                8200.12A    -3.507    0.0027      He 1                3498.60A    -3.933    0.0010      O  4                617.000A    -3.620    0.0021
He 2                8200.12A    -3.034    0.0079      Blnd                3498.62A    -3.677    0.0018      O  4                609.400A    -3.469    0.0029
He 2                8200.12A    -2.864    0.0118      Blnd                3487.70A    -3.767    0.0015      O  4                554.400A    -3.064    0.0074
He 2                8200.12A    -2.869    0.0116      Blnd                3478.95A    -3.851    0.0012      O  4                379.800A    -3.900    0.0011
He 2                8200.12A    -3.067    0.0074      Blnd                3471.81A    -3.928    0.0010      O  4                288.500A    -3.643    0.0020
He 2                8200.12A    -3.565    0.0023      He 1                3439.98A    -3.767    0.0015      O  4                285.800A    -3.858    0.0012
He 2                1.11613m    -3.767    0.0015      Blnd                3440.00A    -3.512    0.0026      O  4                276.100A    -3.793    0.0014
He 2                1.11613m    -3.295    0.0044      He 1                7281.35A    -3.169    0.0058      O  4                273.500A    -3.855    0.0012
He 2                1.11613m    -3.118    0.0065      He 1                6678.15A    -2.543    0.0246      O  4                267.000A    -3.728    0.0016
He 2                1.11613m    -3.095    0.0069      He 1                5047.74A    -3.772    0.0015      O  4                265.500A    -2.757    0.0151
He 2                1.11613m    -3.217    0.0052      He 1                4921.93A    -2.976    0.0091      O  4                260.500A    -3.088    0.0070
He 2                1.11613m    -3.519    0.0026      He 1                4387.93A    -3.297    0.0043      O  4                258.600A    -3.725    0.0016
He 2                1.45781m    -3.514    0.0026      He 1                4143.76A    -3.556    0.0024      O  4                252.500A    -3.713    0.0017
He 2                1.45781m    -3.335    0.0040      He 1                4009.05A    -3.557    0.0024      O  4                250.300A    -3.716    0.0017
He 2                1.45781m    -3.296    0.0043      He 1                3926.41A    -3.724    0.0016      O  4                238.500A    -3.646    0.0019
He 2                1.45781m    -3.379    0.0036      He 1                3871.69A    -3.869    0.0012      O  4                224.100A    -3.119    0.0065
He 2                1.45781m    -3.593    0.0022      He 1                4.29471m    -3.387    0.0035      O  4                216.200A    -3.863    0.0012
He 2                1.84504m    -3.703    0.0017      He 1                1.25275m    -3.607    0.0021      O  4                213.000A    -3.470    0.0029
He 2                1.84504m    -3.522    0.0026      He 1                9463.58A    -3.810    0.0013      O  4                211.300A    -3.481    0.0028
He 2                1.84504m    -3.474    0.0029      He 1                1.70025m    -3.547    0.0024      O  4                207.200A    -3.405    0.0034
He 2                1.84504m    -3.535    0.0025      He 1                1.19691m    -3.715    0.0017      O  4                203.000A    -3.791    0.0014
He 2                1.84504m    -3.701    0.0017      He 1                1.03113m    -3.921    0.0010      O  4                200.800A    -2.443    0.0310
He 2                2.27783m    -3.868    0.0012      He 1                9515.00A    -3.807    0.0013      O  4                196.400A    -2.799    0.0136
He 2                2.27783m    -3.687    0.0018      He 1                1.95431m    -3.842    0.0012      O  4                188.200A    -3.790    0.0014
He 2                2.27783m    -3.634    0.0020      He 1                1.86854m    -2.938    0.0099      O  4                182.800A    -3.644    0.0020
He 2                2.27783m    -3.680    0.0018      He 1                1.27849m    -3.271    0.0046      O  4                171.100A    -3.831    0.0013
He 2                2.27783m    -3.816    0.0013      He 1                1.09130m    -3.542    0.0025      O  4                158.600A    -2.792    0.0139
He 2                2.75620m    -3.070    0.0073      He 1                1.00275m    -3.737    0.0016      level2 lines....................................
He 2                3.28011m    -3.182    0.0056      He 1                9526.01A    -3.910    0.0011      C  2                596.559A    -3.518    0.0026
He 2                3.84958m    -3.285    0.0045      He 1                1.86972m    -3.423    0.0032      C  2                561.959A    -3.557    0.0024
He 2                4.46460m    -3.381    0.0036      He 1                1.27905m    -3.753    0.0015      C  2                530.721A    -3.578    0.0023
He 2                5.12518m    -3.470    0.0029      He 1                4.04791m    -3.661    0.0019      C  2                544.909A    -3.591    0.0022
He 2                5.83131m    -3.553    0.0024      Ca B                2945.10A    -2.732    0.0159      C  2                535.300A    -3.603    0.0021
He 2                6.58301m    -3.631    0.0020      Ca B                3187.74A    -2.406    0.0338      C  2                550.361A    -3.668    0.0018
He 2                7.38026m    -3.705    0.0017      Ca B                3613.64A    -3.319    0.0041      C  2                467.460A    -3.729    0.0016
He 2                8.22307m    -3.775    0.0014      Ca B                3888.64A    -1.989    0.0881      C  2                637.979A    -3.913    0.0011
He 2                9.11143m    -3.842    0.0012      Ca B                3964.73A    -3.010    0.0084      C  2                424.791A    -3.821    0.0013
He 2                10.0454m    -3.905    0.0011      Ca B                4026.20A    -2.710    0.0167      C  2                439.850A    -3.902    0.0011
He 2                14.2366m    -2.869    0.0116      Ca B                4120.82A    -3.729    0.0016      C  3                271.090A    -3.438    0.0031
He 1                2599.69A    -2.017    0.0826      Ca B                4387.93A    -3.282    0.0045      C  3                268.600A    -3.460    0.0030
He 1                3120.85A    -2.529    0.0254      Ca B                4471.49A    -2.384    0.0355      C  3                266.880A    -3.484    0.0028
He 1                3421.00A    -2.526    0.0256      Ca B                4713.16A    -3.301    0.0043      C  3                288.500A    -3.490    0.0028
He 1                3420.88A    -2.048    0.0769      Ca B                4921.93A    -2.950    0.0097      C  4                223.140A    -3.505    0.0027
He 1                3420.88A    -1.827    0.1281      Ca B                5015.68A    -2.605    0.0213      C  4                212.750A    -3.698    0.0017
He 1                3678.70A    -2.248    0.0486      Ca B                5047.74A    -3.741    0.0016      C  4                206.950A    -3.810    0.0013
He 1                6632.16A    -2.917    0.0104      Ca B                5875.64A    -1.923    0.1025      C  4                203.370A    -3.918    0.0010
He 1                7435.20A    -3.341    0.0039      Ca B                6678.15A    -2.472    0.0290      N  1                942.258A    -3.709    0.0017
He 1                7843.40A    -2.299    0.0432      Ca B                7065.21A    -2.531    0.0253      N  2                532.161A    -3.586    0.0022
He 1                8188.35A    -2.530    0.0254      Ca B                7281.35A    -3.145    0.0062      N  2                634.441A    -3.672    0.0018
He 1                8190.64A    -3.019    0.0082      Ca B                1.08302m    -1.175    0.5745      N  2                475.141A    -3.651    0.0019
He 1                8261.30A    -2.914    0.0105      Ca B                1.19691m    -3.707    0.0017      N  2                528.139A    -3.703    0.0017
He 1                1.24770m    -3.464    0.0030      Ca B                1.25275m    -3.900    0.0011      N  2                452.970A    -3.750    0.0015
He 1                1.35640m    -3.854    0.0012      Ca B                1.27849m    -3.205    0.0054      N  2                441.950A    -3.794    0.0014
He 1                1.40933m    -2.795    0.0138      Ca B                1.27905m    -3.672    0.0018      N  2                474.291A    -3.788    0.0014
He 1                1.45602m    -2.898    0.0109      Ca B                1.70025m    -3.534    0.0025      N  2                437.731A    -3.826    0.0013
He 1                1.45643m    -3.390    0.0035      Ca B                1.86854m    -2.830    0.0127      N  2                452.610A    -3.934    0.0010
He 1                1.45759m    -3.263    0.0047      Ca B                1.86972m    -3.285    0.0045      N  3                293.510A    -3.441    0.0031
He 1                1.45759m    -3.740    0.0016      Ca B                2.05813m    -2.451    0.0304      N  3                283.090A    -3.478    0.0029
He 1                1.46631m    -3.382    0.0036      Pho+                3889.00A    -1.406    0.3376      N  3                264.550A    -3.496    0.0027
He 1                2.01409m    -3.851    0.0012      extra Lyman.....................................      N  3                277.180A    -3.507    0.0027
He 1                2.21671m    -3.159    0.0060      database lines..................................      N  3                312.110A    -3.508    0.0027
He 1                2.27546m    -3.220    0.0052      Al 3                1862.79A    -2.974    0.0091      N  3                273.490A    -3.538    0.0025
He 1                2.27605m    -3.713    0.0017      Al 3                1854.72A    -2.712    0.0167      N  3                267.450A    -3.560    0.0024
He 1                2.27752m    -3.440    0.0031      Al 6                3.65932m    -3.438    0.0031      N  3                248.910A    -3.583    0.0022
He 1                2.27752m    -3.917    0.0010      Ar 2                6.98337m    -3.180    0.0057      N  3                271.020A    -3.567    0.0023
He 1                2.28865m    -3.733    0.0016      Ar 3                3109.18A    -3.239    0.0050      N  3                305.650A    -3.576    0.0023
He 1                3.20639m    -3.444    0.0031      Ar 3                5191.82A    -3.574    0.0023      N  3                269.290A    -3.592    0.0022
He 1                3.27716m    -3.486    0.0028      Ar 3                7135.79A    -1.580    0.2258      N  3                300.710A    -3.599    0.0022
He 1                3.27969m    -3.654    0.0019      Ar 3                7751.11A    -2.205    0.0536      N  3                238.620A    -3.712    0.0017
He 1                4.46460m    -3.047    0.0077      Ar 3                8.98898m    -1.687    0.1767      N  3                234.300A    -3.741    0.0016
He 1                5.83132m    -3.218    0.0052      Ar 3                21.8253m    -2.867    0.0117      N  3                286.900A    -3.721    0.0016
He 1                7.38026m    -3.370    0.0037      Ar 4                2853.66A    -3.315    0.0042      N  3                231.470A    -3.822    0.0013
He 1                9.11143m    -3.505    0.0027      Ar 4                2868.22A    -3.660    0.0019      N  3                279.440A    -3.804    0.0013
He 1                11.0248m    -3.628    0.0020      Ar 4                4711.26A    -2.366    0.0370      N  3                229.580A    -3.905    0.0011
He 1                13.1205m    -3.741    0.0016      Ar 4                4740.12A    -2.497    0.0273      N  3                274.950A    -3.879    0.0011
He 1                15.3983m    -3.844    0.0012      Ar 5                7005.83A    -3.628    0.0020      N  4                197.610A    -3.669    0.0018
He 1                61.5933m    -3.506    0.0027      Ar 5                7.89971m    -3.004    0.0085      N  4                182.190A    -3.859    0.0012
grains..........................................      Ar 5                13.0985m    -2.821    0.0130      O  1                976.791A    -3.556    0.0024
H-like iso-sequence.............................      Ar 6                4.52800m    -3.815    0.0013      O  1                969.049A    -3.582    0.0022
H  1 Cool           1215.67A    -0.835    1.2550      C  2                687.053A    -3.608    0.0021      O  1                946.387A    -3.627    0.0020
Crst                960.000A    -1.005    0.8491      C  2                687.352A    -3.866    0.0012      O  1                934.501A    -3.662    0.0019
LA X                1215.67A    -3.230    0.0051      C  2                858.092A    -3.749    0.0015      O  1                973.577A    -3.678    0.0018
CION                      0     -2.860    0.0119      C  2                858.559A    -3.634    0.0020      O  1                927.472A    -3.696    0.0017
Ca B                1215.67A     0.598   34.0364      C  2                903.623A    -3.463    0.0030      O  1                948.506A    -3.737    0.0016
Q(H)                4861.32A    -0.958    0.9473      C  2                903.962A    -3.406    0.0034      O  1                922.969A    -3.734    0.0016
Q(H)                1215.67A     0.579   32.5912      C  2                904.142A    -3.340    0.0039      O  1                919.912A    -3.770    0.0015
CaBo                4861.32A    -0.938    0.9904      C  2                904.480A    -3.441    0.0031      O  1                935.672A    -3.799    0.0014
CaBo                1640.00A    -0.832    1.2652      C  2                1036.34A    -3.404    0.0034      O  1                917.726A    -3.810    0.0013
CaBo                4685.64A    -1.663    0.1867      C  2                1037.02A    -3.343    0.0039      O  1                918.704A    -3.842    0.0012
Ca A                1215.67A     0.433   23.2812      C  2                1334.53A    -3.248    0.0048      O  1                928.186A    -3.865    0.0012
Ca A                1025.72A    -0.237    4.9755      C  2                1335.66A    -3.245    0.0049      O  1                917.473A    -3.886    0.0011
Ca A                972.537A    -0.647    1.9362      C  2                1335.71A    -2.941    0.0098      O  2                425.190A    -3.444    0.0031
Ca A                949.743A    -0.951    0.9624      C  2                2323.50A    -3.002    0.0085      O  2                388.410A    -3.494    0.0028
Ca A                937.803A    -1.193    0.5506      C  2                2324.69A    -2.784    0.0141      O  2                373.600A    -3.529    0.0025
Ca A                930.748A    -1.396    0.3454      C  2                2325.40A    -1.977    0.0906      O  2                361.821A    -3.543    0.0025
Ca A                926.226A    -1.570    0.2314      C  2                2326.93A    -2.220    0.0518      O  2                366.060A    -3.554    0.0024
Ca A                923.150A    -1.722    0.1628      C  2                2328.12A    -2.731    0.0160      O  2                360.570A    -3.606    0.0021
Ca A                920.963A    -1.858    0.1191      C  2                157.636m    -3.494    0.0028      O  2                414.619A    -3.682    0.0018
Ca A                919.351A    -1.980    0.0900      C  3                1908.73A    -1.301    0.4298      O  2                358.780A    -3.698    0.0017
Ca A                918.129A    -2.090    0.0698      C  3                1906.68A    -1.138    0.6259      O  2                356.930A    -3.699    0.0017
Ca A                917.181A    -2.190    0.0555      C  3                977.020A    -2.388    0.0352      O  2                355.610A    -3.726    0.0016
Ca A                916.429A    -2.281    0.0450      C  3                386.203A    -3.731    0.0016      O  2                384.420A    -3.852    0.0012
Ca A                915.824A    -2.363    0.0372      C  3                884.524A    -3.600    0.0022      O  3                305.400A    -2.873    0.0115
Ca A                915.329A    -2.438    0.0313      Ca 3                409.953A    -3.886    0.0011      O  3                268.070A    -3.260    0.0047
Ca A                914.919A    -2.506    0.0268      Ca 4                669.696A    -3.736    0.0016      O  3                263.850A    -3.283    0.0045
Ca A                914.576A    -2.568    0.0232      Ca 4                3.20610m    -2.035    0.0792      O  3                373.640A    -3.316    0.0041
Ca A                914.286A    -2.625    0.0204      Co 2                1.01879m    -3.874    0.0011      O  3                265.020A    -3.300    0.0043
Ca A                914.039A    -2.675    0.0181      Cr 2                8000.08A    -3.916    0.0010      O  3                248.730A    -3.350    0.0038
Ca A                913.826A    -2.721    0.0163      Cr 5                594.921A    -3.641    0.0020      O  3                241.200A    -3.392    0.0035
Ca A                913.641A    -2.763    0.0148      Fe 2                25.9813m    -2.217    0.0521      O  3                248.620A    -3.415    0.0033
Ca A                913.480A    -2.800    0.0136      Fe 2                5.33871m    -1.803    0.1352      O  3                236.890A    -3.424    0.0032
Ca A                913.339A    -2.835    0.0126      Fe 2                4.11387m    -3.715    0.0017      O  3                234.190A    -3.444    0.0031
Ca A                6562.80A    -0.671    1.8322      Fe 2                1.25668m    -2.856    0.0120      O  3                276.900A    -3.424    0.0032
Ca A                4861.32A    -1.116    0.6576      Fe 2                4632.28A    -3.678    0.0018      O  3                241.140A    -3.445    0.0031
Ca A                4340.46A    -1.439    0.3125      Fe 2                4416.27A    -3.598    0.0022      O  3                280.450A    -3.448    0.0031
Ca A                4101.73A    -1.692    0.1745      Fe 2                4287.39A    -2.811    0.0133      O  3                263.230A    -3.448    0.0031
Ca A                3970.07A    -1.901    0.1079      Fe 2                2599.40A    -3.394    0.0035      O  3                232.380A    -3.459    0.0030
Ca A                3889.05A    -2.079    0.0716      Fe 2                2382.04A    -2.484    0.0282      O  3                236.860A    -3.472    0.0029
Ca A                3835.38A    -2.234    0.0501      Fe 2                35.3391m    -2.843    0.0123      O  3                231.110A    -3.474    0.0029
Ca A                3797.90A    -2.372    0.0364      Fe 2                6.71944m    -2.943    0.0098      O  3                255.390A    -3.477    0.0029
Ca A                3770.63A    -2.497    0.0274      Fe 2                4.88781m    -3.379    0.0036      O  3                232.350A    -3.488    0.0028
Ca A                3750.15A    -2.610    0.0211      Fe 2                1.32055m    -3.353    0.0038      O  3                234.180A    -3.496    0.0027
Ca A                3734.37A    -2.714    0.0166      Fe 2                7637.52A    -3.345    0.0039      O  3                230.150A    -3.578    0.0023
Ca A                3721.94A    -2.810    0.0133      Fe 2                4889.62A    -3.525    0.0026      O  3                231.100A    -3.526    0.0026
Ca A                3711.97A    -2.899    0.0108      Fe 2                4457.95A    -3.885    0.0011      O  3                244.650A    -3.526    0.0026
Ca A                3703.85A    -2.982    0.0090      Fe 2                4359.33A    -2.942    0.0098      O  3                238.930A    -3.563    0.0023
Ca A                3697.15A    -3.060    0.0075      Fe 2                2625.67A    -2.116    0.0659      O  3                233.340A    -3.576    0.0023
Ca A                3691.55A    -3.132    0.0063      Fe 2                2611.87A    -2.981    0.0090      O  3                235.520A    -3.593    0.0022
Ca A                3686.83A    -3.200    0.0054      Fe 2                2598.37A    -3.704    0.0017      O  3                232.490A    -3.673    0.0018
Ca A                3682.81A    -3.264    0.0047      Fe 2                2395.63A    -2.955    0.0095      O  3                235.000A    -3.705    0.0017
Ca A                3679.35A    -3.323    0.0041      Fe 2                2388.63A    -3.650    0.0019      O  4                239.130A    -2.995    0.0087
Ca A                3676.36A    -3.379    0.0036      Fe 2                2364.83A    -3.271    0.0046      O  4                207.610A    -3.447    0.0031
Ca A                3673.76A    -3.431    0.0032      Fe 2                51.2868m    -3.451    0.0030      O  4                196.560A    -3.505    0.0027
Ca A                3671.48A    -3.479    0.0029      Fe 2                4.60641m    -3.925    0.0010      O  4                214.760A    -3.449    0.0031
Ca A                1.87510m    -1.471    0.2905      Fe 2                1.37181m    -3.596    0.0022      O  4                181.780A    -3.628    0.0020
Ca A                1.28181m    -1.791    0.1390      Fe 2                1.29427m    -3.858    0.0012      O  4                280.550A    -3.399    0.0034
Ca A                1.09381m    -2.050    0.0767      Fe 2                7686.93A    -3.494    0.0028      O  4                174.710A    -3.704    0.0017
Ca A                1.00494m    -2.263    0.0469      Fe 2                4413.78A    -3.093    0.0069      O  4                203.010A    -3.598    0.0022
Ca A                9545.97A    -2.444    0.0309      Fe 2                2631.32A    -2.727    0.0161      O  4                174.310A    -3.741    0.0016
Ca A                9229.02A    -2.602    0.0215      Fe 2                2617.62A    -3.533    0.0025      O  4                182.700A    -3.722    0.0016
Ca A                9014.91A    -2.742    0.0156      Fe 2                2607.09A    -3.573    0.0023      O  4                181.770A    -3.734    0.0016
Ca A                8862.79A    -2.867    0.0117      Fe 2                2404.89A    -3.412    0.0033      O  4                170.710A    -3.819    0.0013
Ca A                8750.48A    -2.982    0.0090      Fe 2                2399.24A    -3.783    0.0014      O  4                159.680A    -3.886    0.0011
Ca A                8665.02A    -3.087    0.0070      Fe 2                2380.76A    -2.938    0.0099      O  4                168.240A    -3.864    0.0012
Ca A                8598.40A    -3.184    0.0056      Fe 2                2348.30A    -3.823    0.0013      O  4                180.320A    -3.840    0.0012
Ca A                8545.39A    -3.274    0.0046      Fe 2                4452.10A    -3.285    0.0045      O  4                186.020A    -3.841    0.0012
Ca A                8502.49A    -3.359    0.0038      Fe 2                2631.05A    -3.548    0.0024      O  4                206.560A    -3.914    0.0010
Ca A                8467.26A    -3.438    0.0031      Fe 2                2613.82A    -3.802    0.0014      Ne 2                444.150A    -3.715    0.0017
Ca A                8437.96A    -3.512    0.0026      Fe 2                2410.52A    -3.842    0.0012      Ne 2                356.870A    -3.694    0.0017
Ca A                8413.32A    -3.582    0.0022      Fe 2                2406.66A    -3.867    0.0012      Ne 2                461.050A    -3.756    0.0015
Ca A                8392.40A    -3.648    0.0019      Fe 2                4474.90A    -3.598    0.0022      Ne 2                404.130A    -3.771    0.0015
Ca A                8374.48A    -3.711    0.0017      Fe 2                2628.29A    -3.849    0.0012      Ne 2                327.700A    -3.816    0.0013
Ca A                8359.01A    -3.770    0.0015      Fe 2                17.9311m    -2.341    0.0392      Ne 2                331.200A    -3.815    0.0013
Ca A                8345.56A    -3.827    0.0013      Fe 2                1.64355m    -1.679    0.1801      Ne 2                327.139A    -3.831    0.0013
Ca A                8333.79A    -3.880    0.0011      Fe 2                1.53348m    -2.489    0.0279      Ne 2                355.969A    -3.828    0.0013
Ca A                4.05115m    -2.077    0.0720      Fe 2                8616.95A    -2.755    0.0151      Ne 2                320.500A    -3.889    0.0011
Ca A                2.62515m    -2.322    0.0409      Fe 2                7155.17A    -2.354    0.0380      Ne 2                327.160A    -3.918    0.0010
Ca A                2.16553m    -2.536    0.0250      Fe 2                5273.36A    -3.039    0.0079      Ne 3                250.920A    -3.365    0.0037
Ca A                1.94456m    -2.719    0.0164      Fe 2                5158.79A    -2.390    0.0350      Ne 3                227.420A    -3.366    0.0037
Ca A                1.81741m    -2.879    0.0114      Fe 2                5111.64A    -3.334    0.0040      Ne 3                218.360A    -3.636    0.0020
Ca A                1.73621m    -3.020    0.0082      Fe 2                5072.41A    -3.097    0.0069      Ne 3                223.310A    -3.579    0.0023
Ca A                1.68065m    -3.148    0.0061      Fe 2                4814.54A    -3.341    0.0039      Ne 3                228.870A    -3.465    0.0029
Ca A                1.64072m    -3.263    0.0047      Fe 2                4774.73A    -3.800    0.0014      Ne 3                281.580A    -3.469    0.0029
Ca A                1.61093m    -3.369    0.0037      Fe 2                4243.97A    -2.746    0.0154      Ne 3                204.530A    -3.788    0.0014
Ca A                1.58805m    -3.467    0.0029      Fe 2                4177.20A    -3.820    0.0013      Ne 3                227.190A    -3.432    0.0032
Ca A                1.57007m    -3.558    0.0024      Fe 2                3376.20A    -3.494    0.0028      Ne 3                212.550A    -3.767    0.0015
Ca A                1.55565m    -3.643    0.0020      Fe 2                2732.45A    -3.874    0.0011      Ne 3                265.510A    -3.496    0.0027
Ca A                1.54389m    -3.723    0.0016      Fe 2                2493.30A    -2.571    0.0231      Ne 3                218.030A    -3.740    0.0016
Ca A                1.53418m    -3.798    0.0014      Fe 2                24.5126m    -2.966    0.0093      Ne 3                205.100A    -3.857    0.0012
Ca A                1.52605m    -3.870    0.0012      Fe 2                1.80940m    -2.279    0.0452      Ne 3                217.120A    -3.792    0.0014
Ca A                7.45782m    -2.571    0.0231      Fe 2                1.67688m    -2.915    0.0105      Ne 3                196.550A    -3.922    0.0010
Ca A                4.65251m    -2.765    0.0148      Fe 2                1.59948m    -2.895    0.0109      Ne 3                195.480A    -3.923    0.0010
Ca A                3.73954m    -2.946    0.0097      Fe 2                9051.95A    -2.597    0.0218      Ne 3                203.960A    -3.924    0.0010
Ca A                3.29609m    -3.105    0.0067      Fe 2                8891.93A    -3.093    0.0069      Ne 3                204.480A    -3.927    0.0010
Ca A                3.03837m    -3.248    0.0049      Fe 2                7452.56A    -2.846    0.0122      Ne 3                238.070A    -3.587    0.0022
Ca A                2.87221m    -3.375    0.0036      Fe 2                7172.00A    -3.106    0.0067      Ne 4                171.550A    -3.571    0.0023
Ca A                2.75752m    -3.492    0.0028      Fe 2                5527.36A    -3.199    0.0054      Ne 4                148.550A    -3.823    0.0013
Ca A                2.67440m    -3.598    0.0022      Fe 2                5433.15A    -3.553    0.0024      Ne 4                207.180A    -3.626    0.0020
Ca A                2.61194m    -3.697    0.0017      Fe 2                5261.63A    -2.807    0.0134      Ne 4                159.100A    -3.870    0.0012
Ca A                2.56363m    -3.788    0.0014      Fe 2                5184.80A    -3.929    0.0010      Ne 5                143.350A    -3.913    0.0011
Ca A                2.52540m    -3.874    0.0011      Fe 2                5158.01A    -3.855    0.0012      Mg 3                183.540A    -3.718    0.0016
Ca A                12.3685m    -2.990    0.0088      Fe 2                4947.39A    -3.284    0.0045      Mg 3                168.540A    -3.897    0.0011
Ca A                7.50045m    -3.146    0.0061      Fe 2                4905.35A    -3.655    0.0019      Mg 4                147.190A    -3.889    0.0011
Ca A                5.90660m    -3.301    0.0043      Fe 2                4874.50A    -3.727    0.0016      Si 2                1179.59A    -3.095    0.0069
Ca A                5.12726m    -3.442    0.0031      Fe 2                4346.86A    -3.373    0.0036      Si 2                993.354A    -3.596    0.0022
Ca A                4.67124m    -3.570    0.0023      Fe 2                4276.84A    -3.281    0.0045      Si 2                893.551A    -3.700    0.0017
Ca A                4.37526m    -3.686    0.0018      Fe 2                35.7675m    -3.711    0.0017      Si 2                1024.03A    -3.782    0.0014
Ca A                4.16966m    -3.793    0.0014      Fe 2                1.95361m    -3.190    0.0055      Si 2                903.081A    -3.907    0.0011
Ca A                4.01977m    -3.891    0.0011      Fe 2                1.80002m    -2.930    0.0101      Si 3                564.611A    -3.769    0.0015
Ca A                19.0567m    -3.353    0.0038      Fe 2                1.71113m    -3.573    0.0023      Si 3                464.939A    -3.745    0.0015
Ca A                11.3056m    -3.481    0.0028      Fe 2                1.66377m    -3.191    0.0055      Si 3                435.840A    -3.866    0.0012
Ca A                8.75768m    -3.615    0.0021      Fe 2                9399.04A    -3.019    0.0082      Si 4                329.800A    -3.770    0.0015
Ca A                7.50606m    -3.741    0.0016      Fe 2                9226.63A    -3.037    0.0079      Si 4                312.700A    -3.848    0.0012
Ca A                6.77015m    -3.856    0.0012      Fe 2                9033.49A    -3.677    0.0018      Si 4                302.870A    -3.934    0.0010
Ca A                27.7958m    -3.673    0.0018      Fe 2                7388.17A    -3.226    0.0051      S  2                750.323A    -3.680    0.0018
Ca A                16.2047m    -3.779    0.0014      Fe 2                6440.41A    -3.862    0.0012      S  2                632.711A    -3.844    0.0012
Ca A                12.3838m    -3.897    0.0011      Fe 2                5333.66A    -3.112    0.0066      S  2                888.439A    -3.735    0.0016
Ca B                6562.80A    -0.484    2.8184      Fe 2                5049.30A    -3.458    0.0030      S  3                667.049A    -3.326    0.0041
Ca B                4861.32A    -0.938    0.9918      Fe 2                5005.52A    -3.531    0.0025      S  3                691.219A    -3.441    0.0031
Ca B                4340.46A    -1.266    0.4657      Fe 2                4973.40A    -3.828    0.0013      S  3                704.220A    -3.478    0.0029
Ca B                4101.73A    -1.523    0.2578      Fe 2                4352.79A    -3.597    0.0022      S  3                671.510A    -3.754    0.0015
Ca B                3970.07A    -1.735    0.1583      Fe 2                4319.62A    -3.760    0.0015      S  3                482.139A    -3.687    0.0018
Ca B                3889.05A    -1.915    0.1046      Fe 2                1.89541m    -3.666    0.0019      S  3                474.260A    -3.752    0.0015
Ca B                3835.38A    -2.072    0.0728      Fe 2                1.79711m    -3.226    0.0051      S  3                480.121A    -3.786    0.0014
Ca B                3797.90A    -2.211    0.0528      Fe 2                1.74494m    -3.513    0.0026      S  3                420.730A    -3.847    0.0012
Ca B                3770.63A    -2.337    0.0396      Fe 2                9652.70A    -3.867    0.0012      S  3                424.450A    -3.900    0.0011
Ca B                3750.15A    -2.450    0.0305      Fe 2                9470.94A    -3.427    0.0032      S  4                330.110A    -3.793    0.0014
Ca B                3734.37A    -2.554    0.0240      Fe 2                9267.56A    -3.374    0.0036      S  4                370.000A    -3.809    0.0013
Ca B                3721.94A    -2.650    0.0192      Fe 2                5376.47A    -3.440    0.0031      S  4                341.260A    -3.824    0.0013
Ca B                3711.97A    -2.738    0.0157      Fe 2                2926.59A    -3.908    0.0011      S  4                295.300A    -3.916    0.0010
Ca B                3703.85A    -2.820    0.0130      Fe 2                2755.74A    -3.113    0.0066      S  4                321.910A    -3.894    0.0011
Ca B                3697.15A    -2.896    0.0109      Fe 2                2739.55A    -3.290    0.0044      Ar 3                458.140A    -3.310    0.0042
Ca B                3691.55A    -2.967    0.0093      Fe 2                2772.73A    -3.328    0.0040      Ar 3                464.671A    -3.436    0.0031
Ca B                3686.83A    -3.033    0.0080      Fe 2                2.22379m    -3.331    0.0040      Ar 3                451.091A    -3.650    0.0019
Ca B                3682.81A    -3.095    0.0069      Fe 3                22.9190m    -1.854    0.1202      Ar 3                472.659A    -3.622    0.0021
Ca B                3679.35A    -3.153    0.0060      Fe 3                4985.87A    -2.860    0.0119      Ar 3                488.909A    -3.734    0.0016
Ca B                3676.36A    -3.207    0.0053      Fe 3                4924.54A    -3.215    0.0052      Ar 3                388.490A    -3.753    0.0015
Ca B                3673.76A    -3.258    0.0047      Fe 3                4881.00A    -2.165    0.0588      Ar 3                527.451A    -3.767    0.0015
Ca B                3671.48A    -3.306    0.0043      Fe 3                4658.05A    -1.729    0.1602      Ar 3                360.940A    -3.825    0.0013
Ca B                1.87510m    -1.420    0.3267      Fe 3                4607.03A    -2.989    0.0088      Ar 3                345.990A    -3.820    0.0013
Ca B                1.28181m    -1.731    0.1595      Fe 3                4070.71A    -3.894    0.0011      Ar 3                365.099A    -3.853    0.0012
Ca B                1.09381m    -1.986    0.0887      Fe 3                4008.35A    -2.848    0.0122      Ar 4                444.680A    -3.276    0.0046
Ca B                1.00494m    -2.198    0.0545      Fe 3                3322.54A    -2.628    0.0203      Ar 4                392.000A    -3.808    0.0013
Ca B                9545.97A    -2.378    0.0360      Fe 3                3239.74A    -2.692    0.0175      Ar 5                441.850A    -3.802    0.0014
Ca B                9229.02A    -2.535    0.0250      Fe 3                2438.29A    -3.022    0.0082      Ca 3                351.260A    -3.173    0.0058
Ca B                9014.91A    -2.675    0.0182      Fe 3                1576.66A    -3.562    0.0024      Ca 3                298.430A    -3.559    0.0024
Ca B                8862.79A    -2.801    0.0136      Fe 3                1434.81A    -3.918    0.0010      Ca 3                277.760A    -3.730    0.0016
Ca B                8750.48A    -2.915    0.0105      Fe 3                33.0270m    -2.409    0.0335      Ca 3                267.540A    -3.816    0.0013
Ca B                8665.02A    -3.020    0.0082      Fe 3                5270.40A    -2.013    0.0834      Ca 3                308.360A    -3.853    0.0012
Ca B                8598.40A    -3.116    0.0066      Fe 3                4987.21A    -2.905    0.0107      Ca 3                261.770A    -3.891    0.0011
Ca B                8545.39A    -3.205    0.0054      Fe 3                4754.69A    -2.455    0.0301      Ca 4                303.870A    -3.318    0.0041
Ca B                8502.49A    -3.288    0.0044      Fe 3                4701.54A    -2.277    0.0454      Ca 4                310.370A    -3.503    0.0027
Ca B                8467.26A    -3.365    0.0037      Fe 3                4667.01A    -3.289    0.0044      Ca 4                307.850A    -3.464    0.0030
Ca B                8437.96A    -3.438    0.0031      Fe 3                4079.70A    -3.407    0.0034      Ca 4                323.400A    -3.509    0.0027
Ca B                8413.32A    -3.506    0.0027      Fe 3                4046.42A    -3.810    0.0013      Ca 4                319.070A    -3.439    0.0031
Ca B                8392.40A    -3.569    0.0023      Fe 3                3371.41A    -2.761    0.0149      Ca 4                243.380A    -3.904    0.0011
Ca B                8374.48A    -3.629    0.0020      Fe 3                3301.56A    -3.823    0.0013      Ca 4                237.560A    -3.922    0.0010
Ca B                8359.01A    -3.686    0.0018      Fe 3                3286.19A    -3.208    0.0053      Ca 5                314.530A    -3.625    0.0020
Ca B                8345.56A    -3.739    0.0016      Fe 3                2464.51A    -3.164    0.0059      Ca 5                325.410A    -3.706    0.0017
Ca B                8333.79A    -3.789    0.0014      Fe 3                51.6655m    -3.082    0.0071      Fe 3                911.104A    -3.729    0.0016
Ca B                4.05115m    -2.051    0.0764      Fe 3                5011.26A    -2.652    0.0191      Fe 3                859.623A    -3.922    0.0010
Ca B                2.62515m    -2.292    0.0439      Fe 3                4769.43A    -2.744    0.0155      Fe 3                896.877A    -3.794    0.0014
Ca B                2.16553m    -2.503    0.0270      Fe 3                4733.91A    -2.748    0.0153      Fe 4                309.190A    -3.490    0.0028
Ca B                1.94456m    -2.685    0.0178      Fe 3                3406.18A    -3.125    0.0064      Fe 4                532.950A    -3.571    0.0023
Ca B                1.81741m    -2.843    0.0123      Fe 3                3334.90A    -3.202    0.0054      Fe 4                275.130A    -3.596    0.0022
Ca B                1.73621m    -2.984    0.0089      Fe 3                3319.22A    -3.375    0.0036      Fe 4                259.600A    -3.668    0.0018
Ca B                1.68065m    -3.110    0.0067      Fe 3                2483.05A    -3.334    0.0040      Fe 4                251.070A    -3.719    0.0016
Ca B                1.64072m    -3.225    0.0051      Fe 3                5411.98A    -3.069    0.0073      Fe 4                245.840A    -3.752    0.0015
Ca B                1.61093m    -3.331    0.0040      Fe 3                4930.54A    -3.292    0.0044      Fe 4                326.120A    -3.744    0.0015
Ca B                1.58805m    -3.428    0.0032      Fe 3                4777.68A    -3.068    0.0073      Fe 4                242.370A    -3.774    0.0014
Ca B                1.57007m    -3.518    0.0026      Fe 3                3428.79A    -3.783    0.0014      Fe 4                239.960A    -3.795    0.0014
Ca B                1.55565m    -3.602    0.0021      Fe 3                3356.57A    -3.281    0.0045      Fe 4                281.200A    -3.815    0.0013
Ca B                1.54389m    -3.681    0.0018      Fe 3                3355.48A    -3.531    0.0025      Fe 4                262.550A    -3.871    0.0012
Ca B                1.53418m    -3.755    0.0015      Fe 3                2495.04A    -3.572    0.0023      Fe 5                236.210A    -3.635    0.0020
Ca B                1.52605m    -3.824    0.0013      Fe 3                5084.77A    -3.428    0.0032      Fe 5                236.300A    -3.665    0.0019
Ca B                1.51919m    -3.890    0.0011      Fe 3                3366.21A    -3.593    0.0022      Fe 5                391.409A    -3.632    0.0020
Ca B                7.45782m    -2.552    0.0241      Fe 3                8838.21A    -3.923    0.0010      Fe 5                227.780A    -3.618    0.0021
Ca B                4.65251m    -2.745    0.0155      Fe 3                8728.94A    -3.788    0.0014      Fe 5                389.529A    -3.731    0.0016
Ca B                3.73954m    -2.924    0.0102      Fe 3                40.0371m    -3.738    0.0016      Fe 5                369.760A    -3.722    0.0016
Ca B                3.29609m    -3.082    0.0071      Fe 3                2.21782m    -2.821    0.0130      Fe 5                236.880A    -3.770    0.0015
Ca B                3.03837m    -3.224    0.0051      Fe 3                9701.27A    -3.032    0.0080      Fe 5                226.680A    -3.839    0.0012
Ca B                2.87221m    -3.351    0.0038      Fe 3                3307.57A    -3.848    0.0012      Fe 5                241.720A    -3.918    0.0010
Ca B                2.75752m    -3.467    0.0029      Fe 3                2.34788m    -2.999    0.0086      Fe 6                174.510A    -3.833    0.0013
Ca B                2.67440m    -3.572    0.0023      Fe 3                9942.18A    -3.226    0.0051      Fe 6                156.820A    -3.890    0.0011
Ca B                2.61194m    -3.670    0.0018      Fe 3                9444.21A    -3.757    0.0015      Fe 6                185.150A    -3.932    0.0010
Ca B                2.56363m    -3.761    0.0015      Fe 3                2.24204m    -3.538    0.0025      Fe 6                295.530A    -3.770    0.0015
Ca B                2.52540m    -3.846    0.0012      Fe 3                2.14511m    -3.771    0.0015      Fe 6                292.810A    -3.815    0.0013
Ca B                2.49458m    -3.926    0.0010      Fe 3                3.22847m    -3.346    0.0039      P  2                967.202A    -3.872    0.0012
Ca B                12.3685m    -2.973    0.0091      Fe 3                2.87385m    -3.275    0.0046      P  2                963.828A    -3.788    0.0014
Ca B                7.50045m    -3.130    0.0064      Fe 3                1.06081m    -3.711    0.0017      Ti 2                3364.74A    -3.507    0.0027
Ca B                5.90660m    -3.284    0.0045      Fe 7                9.50763m    -2.790    0.0139      Ti 2                3237.15A    -3.708    0.0017
Ca B                5.12726m    -3.424    0.0032      Fe 7                5720.71A    -3.594    0.0022      Cr 2                2059.78A    -3.694    0.0017
Ca B                4.67124m    -3.551    0.0024      Fe 7                4988.55A    -3.808    0.0013      Ni 2                1751.83A    -3.824    0.0013
Ca B                4.37526m    -3.667    0.0018      Fe 7                7.81037m    -3.323    0.0041      Ni 2                1744.24A    -3.735    0.0016
Ca B                4.16966m    -3.773    0.0014      Fe 7                6086.97A    -3.419    0.0033      Ni 2                1375.73A    -3.886    0.0011
Ca B                4.01977m    -3.872    0.0012      Fe 7                3758.92A    -3.889    0.0011      Ni 2                1324.11A    -3.895    0.0011
Ca B                19.0567m    -3.337    0.0040      K  3                4.61683m    -2.951    0.0096      hyperfine structure.............................
Ca B                11.3056m    -3.466    0.0029      K  4                5.98030m    -3.363    0.0037      inner shell.....................................
Ca B                8.75768m    -3.600    0.0022      Mg 1                2852.13A    -2.769    0.0146      Mg 3                246.489A    -3.671    0.0018
Ca B                7.50606m    -3.726    0.0016      Mg 1                4562.60A    -2.719    0.0164      Mg 3                247.968A    -3.674    0.0018
Ca B                6.77015m    -3.841    0.0012      Mg 1                4571.10A    -3.146    0.0061      Si 5                120.490A    -3.926    0.0010
Ca B                27.7958m    -3.657    0.0019      Mg 3                231.734A    -3.468    0.0029      Si 5                119.791A    -2.643    0.0196
Ca B                16.2047m    -3.765    0.0015      Mg 3                234.264A    -3.689    0.0018      Si 5                120.490A    -2.645    0.0195
Ca B                12.3838m    -3.884    0.0011      Mn 2                2576.10A    -3.689    0.0018      Fe 6                167.773A    -3.359    0.0038
H  1                2430.61A     0.053    9.7026      Mn 2                2593.72A    -3.763    0.0015      Fe 6                172.200A    -3.370    0.0037
H  1                1215.67A     0.490   26.5575      Mn 2                2605.68A    -3.874    0.0011      molecules.......................................
H  1                1025.72A    -2.903    0.0107      N  1                1134.17A    -3.819    0.0013      H-FB                      0     -3.684    0.0018
H  1                972.537A    -3.009    0.0084      N  1                1134.41A    -3.740    0.0016      H-FF                      0     -3.923    0.0010
H  1                949.743A    -3.065    0.0074      N  1                1134.98A    -3.703    0.0017      H- H                      0     -3.900    0.0011
H  1                937.803A    -3.106    0.0067      N  1                1199.55A    -3.402    0.0034      bands...........................................
H  1                930.748A    -3.137    0.0063      N  1                1200.22A    -3.442    0.0031      Fe 2b               2500.00A    -1.585    0.2232
H  1                926.226A    -3.173    0.0058      N  1                1200.71A    -3.569    0.0023      Fe 2b               5000.00A    -1.630    0.2014
H  1                923.150A    -3.205    0.0054      N  1                5197.90A    -3.513    0.0026      Fe 2b               7000.00A    -2.062    0.0745
H  1                920.963A    -3.231    0.0051      N  1                5200.26A    -3.594    0.0022      Fe 2b               10000.0A    -1.320    0.4109
H  1                919.351A    -3.390    0.0035      N  4                1486.50A    -2.836    0.0125      Fe 2b               2355.00A    -2.074    0.0724
H  1                918.129A    -3.406    0.0034      N  4                1483.32A    -2.697    0.0173      Fe 2b               2430.00A    -1.625    0.2037
H  1                917.181A    -3.418    0.0033      N  4                765.147A    -3.322    0.0041      Fe 2b               2445.00A    -1.625    0.2037
H  1                916.429A    -3.428    0.0032      N  4                247.205A    -3.672    0.0018      Fe 2b               2495.00A    -2.558    0.0238
H  1                915.824A    -3.438    0.0031      N  4                463.736A    -3.822    0.0013      Fe 2b               2610.00A    -1.903    0.1074
H  1                915.329A    -3.446    0.0031      N  5                1238.82A    -3.581    0.0023      Fe 2b               2758.00A    -2.698    0.0172
H  1                914.919A    -3.453    0.0030      N  5                1242.80A    -3.679    0.0018      Fe 2b               2780.00A    -2.674    0.0182
H  1                914.576A    -3.458    0.0030      Ne 2                12.8101m    -2.648    0.0193      Fe 2b               2935.00A    -3.770    0.0015
H  1                914.286A    -3.462    0.0030      Ne 3                15.5509m    -0.996    0.8681      Fe 2b               2960.00A    -3.819    0.0013
H  1                914.039A    -3.463    0.0030      Ne 3                3868.76A    -1.078    0.7175      Fe 2b               3180.00A    -3.653    0.0019
H  1                913.826A    -3.459    0.0030      Ne 3                489.500A    -3.854    0.0012      Fe 2b               3250.00A    -3.224    0.0051
H  1                6562.80A    -0.490    2.7811      Ne 3                36.0036m    -2.043    0.0777      Fe 2b               3590.00A    -3.325    0.0041
H  1                4861.32A    -0.934    1.0000      Ne 3                3967.47A    -1.596    0.2178      Fe 2b               4255.00A    -2.121    0.0650
H  1                4340.46A    -1.259    0.4730      Ne 3                1814.56A    -3.422    0.0033      Fe 2b               4558.00A    -2.880    0.0113
H  1                4101.73A    -1.516    0.2620      Ne 3                491.045A    -3.161    0.0059      Fe 2b               4600.00A    -2.841    0.0124
H  1                3970.07A    -1.726    0.1615      Ne 3                489.645A    -3.412    0.0033      Fe 2b               4743.00A    -3.490    0.0028
H  1                3889.05A    -1.905    0.1069      Ne 3                313.688A    -3.442    0.0031      Fe 2b               4855.00A    -2.922    0.0103
H  1                3835.38A    -2.061    0.0747      Ne 3                283.576A    -3.912    0.0011      Fe 2b               4920.00A    -2.408    0.0336
H  1                3797.90A    -2.198    0.0544      Ne 3                490.311A    -3.528    0.0025      Fe 2b               4975.00A    -2.927    0.0102
H  1                3770.63A    -2.207    0.0534      Ne 3                313.961A    -3.888    0.0011      Fe 2b               4971.00A    -2.966    0.0093
H  1                3750.15A    -2.311    0.0420      Ne 3                3342.18A    -3.904    0.0011      Fe 2b               5070.00A    -2.867    0.0117
H  1                3734.37A    -2.407    0.0337      Ne 5                24.3108m    -1.924    0.1023      Fe 2b               5143.00A    -2.309    0.0422
H  1                3721.94A    -2.495    0.0275      Ne 5                14.3178m    -1.983    0.0894      Fe 2b               5270.00A    -2.027    0.0808
H  1                3711.97A    -2.577    0.0228      Ne 5                3345.82A    -3.203    0.0054      Fe 2b               5318.00A    -2.348    0.0386
H  1                3703.85A    -2.652    0.0191      Ne 5                569.756A    -3.702    0.0017      Fe 2b               5540.00A    -3.058    0.0075
H  1                3697.15A    -2.722    0.0163      Ne 5                3425.88A    -2.771    0.0146      Fe 2b               5865.00A    -3.663    0.0019
H  1                3691.55A    -2.786    0.0141      Ne 5                482.990A    -3.662    0.0019      Fe 2b               6565.00A    -3.616    0.0021
H  1                3686.83A    -2.845    0.0123      Ne 5                482.994A    -3.916    0.0010      Fe 2b               6910.00A    -3.788    0.0014
H  1                3682.81A    -2.897    0.0109      Ne 5                359.374A    -3.486    0.0028      Fe 2b               7445.00A    -2.088    0.0701
H  1                3679.35A    -2.942    0.0098      O  1                1040.94A    -3.760    0.0015      Fe 2b               8625.00A    -2.112    0.0665
H  1                1.87510m    -1.453    0.3029      O  1                1302.17A    -3.861    0.0012      Fe 2b               1.03250m    -3.093    0.0069
H  1                1.28181m    -1.744    0.1549      O  1                1304.86A    -3.203    0.0054      Fe 2b               1.88900m    -2.058    0.0753
H  1                1.09381m    -1.993    0.0874      O  1                1306.03A    -3.625    0.0020      Fe 2b               2.20000m    -3.258    0.0047
H  1                1.00494m    -2.200    0.0542      O  1                5577.34A    -3.752    0.0015      miscellaneous...................................
H  1                9545.97A    -2.378    0.0359      O  1                6300.30A    -2.184    0.0563      C 2R                1335.00A    -1.859    0.1190
H  1                9229.02A    -2.534    0.0251      O  1                6363.78A    -2.679    0.0180      C 3R                977.000A    -2.303    0.0427
H  1                9014.91A    -2.672    0.0183      O  1                63.1679m    -2.779    0.0143      C 3R                1909.00A    -2.459    0.0298
H  1                8862.79A    -2.722    0.0163      O  1                145.495m    -3.898    0.0011      C 3R                1175.00A    -2.641    0.0197
H  1                8750.48A    -2.826    0.0128      O  2                539.086A    -3.590    0.0022      C 4R                1549.00A    -3.445    0.0031
H  1                8665.02A    -2.922    0.0103      O  2                539.547A    -3.625    0.0020      N 2R                1085.00A    -2.968    0.0092
H  1                8598.40A    -3.010    0.0084      O  2                539.854A    -3.691    0.0018      N 3R                990.000A    -2.361    0.0374
H  1                8545.39A    -3.091    0.0070      O  2                832.758A    -3.659    0.0019      O 2R                7332.00A    -3.821    0.0013
H  1                8502.49A    -3.166    0.0059      O  2                833.330A    -3.607    0.0021      O 2R                7323.00A    -3.734    0.0016
H  1                8467.26A    -3.236    0.0050      O  2                834.465A    -3.587    0.0022      O 2H                3727.00A    -3.235    0.0050
H  1                8437.96A    -3.300    0.0043      O  2                2470.22A    -2.843    0.0123      O 2R                3726.00A    -2.967    0.0093
H  1                8413.32A    -3.359    0.0038      O  2                2470.34A    -2.249    0.0484      O 2R                3729.00A    -3.122    0.0065
H  1                8392.40A    -3.411    0.0033      O  2                7318.92A    -2.926    0.0102      O 2R                2471.00A    -3.566    0.0023
H  1                8374.48A    -3.455    0.0030      O  2                7319.99A    -2.443    0.0310      O 2H                7325.00A    -3.764    0.0015
H  1                4.05115m    -2.105    0.0674      O  2                7329.67A    -2.704    0.0170      O 2R                4651.00A    -3.257    0.0048
H  1                2.62515m    -2.323    0.0409      O  2                7330.73A    -2.712    0.0167      O 2R                4341.00A    -3.533    0.0025
H  1                2.16553m    -2.524    0.0257      O  2                3728.81A    -1.130    0.6375      O 3R                835.000A    -2.091    0.0697
H  1                1.94456m    -2.700    0.0171      O  2                3726.03A    -0.991    0.8764      O 4R                789.000A    -2.612    0.0210
H  1                1.81741m    -2.855    0.0120      O  3                88.3323m    -1.245    0.4892      Blnd                1400.00A    -2.031    0.0799
H  1                1.73621m    -2.993    0.0087      O  3                4931.23A    -3.671    0.0018      Blnd                1650.00A    -0.811    1.3284
H  1                1.68065m    -3.091    0.0070      O  3                832.929A    -3.563    0.0024      Blnd                1304.00A    -2.999    0.0086
H  1                1.64072m    -3.195    0.0055      O  3                702.337A    -3.612    0.0021      Blnd                1039.00A    -3.529    0.0025
H  1                1.61093m    -3.290    0.0044      O  3                507.388A    -3.514    0.0026      Blnd                2798.00A    -0.868    1.1638
H  1                1.58805m    -3.378    0.0036      O  3                51.8004m    -0.676    1.8122      Blnd                6720.00A    -1.276    0.4548
H  1                1.57007m    -3.459    0.0030      O  3                4958.91A    -0.262    4.7001      Blnd                4074.00A    -2.156    0.0600
H  1                1.55565m    -3.534    0.0025      O  3                2320.95A    -2.499    0.0272      Blnd                1.03300m    -2.265    0.0467
H  1                1.54389m    -3.604    0.0021      O  3                1660.81A    -2.349    0.0385      Blnd                1256.00A    -3.384    0.0036
H  1                1.53418m    -3.668    0.0018      O  3                833.715A    -3.500    0.0027      Blnd                1198.00A    -3.150    0.0061
H  1                1.52605m    -3.726    0.0016      O  3                833.749A    -3.580    0.0023      Blnd                1720.00A    -2.885    0.0112
H  1                1.51919m    -3.778    0.0014      O  3                702.838A    -3.457    0.0030      Blnd                3722.00A    -2.583    0.0224
H  1                1.51332m    -3.823    0.0013      O  3                702.896A    -3.798    0.0014      Blnd                1406.00A    -3.299    0.0043
H  1                7.45782m    -2.625    0.0204      O  3                702.900A    -3.858    0.0012      Blnd                2665.00A    -2.139    0.0624
H  1                4.65251m    -2.792    0.0139      O  3                507.680A    -3.297    0.0043      Blnd                1860.00A    -2.523    0.0258
H  1                3.73954m    -2.960    0.0094      O  3                5006.84A     0.199   13.5844      Blnd                4725.00A    -2.126    0.0643
H  1                3.29609m    -3.112    0.0066      O  3                1666.15A    -1.954    0.0956      Blnd                2860.00A    -3.153    0.0060
H  1                3.03837m    -3.249    0.0048      O  3                835.059A    -3.571    0.0023      Blnd                7250.00A    -3.721    0.0016
H  1                2.87221m    -3.380    0.0036      O  3                835.092A    -3.417    0.0033      Blnd                2335.00A    -1.829    0.1273
H  1                2.75752m    -3.483    0.0028      O  3                835.289A    -3.474    0.0029      Blnd                1888.00A    -1.282    0.4491
H  1                2.67440m    -3.578    0.0023      O  3                703.851A    -3.553    0.0024      Blnd                1397.00A    -2.102    0.0680
H  1                2.61194m    -3.665    0.0019      O  3                703.854A    -3.357    0.0038      Blnd                2424.00A    -1.936    0.0996
H  1                2.56363m    -3.746    0.0015      O  3                508.178A    -2.908    0.0106      Blnd                3350.00A    -3.383    0.0036
H  1                2.52540m    -3.821    0.0013      O  3                4363.21A    -1.873    0.1152      Blnd                5525.00A    -2.385    0.0354
H  1                2.49458m    -3.890    0.0011      O  5                629.732A    -3.367    0.0037      Blnd                8494.00A    -3.795    0.0014
H  1                12.3685m    -3.060    0.0075      P  2                32.8620m    -3.786    0.0014      Blnd                8579.00A    -2.825    0.0128
H  1                7.50045m    -3.192    0.0055      P  2                1.14682m    -3.225    0.0051      Blnd                7306.00A    -2.108    0.0670
H  1                5.90660m    -3.334    0.0040      P  2                1.18828m    -2.802    0.0136      Blnd                3933.00A    -2.719    0.0164
H  1                5.12726m    -3.467    0.0029      P  3                17.8797m    -3.068    0.0074      Blnd                1657.00A    -3.866    0.0012
H  1                4.67124m    -3.619    0.0021      P  4                950.657A    -3.763    0.0015      Blnd                2326.00A    -1.676    0.1810
H  1                4.37526m    -3.721    0.0016      S  2                6730.82A    -1.515    0.2624      Blnd                1335.00A    -2.642    0.0196
H  1                4.16966m    -3.815    0.0013      S  2                6716.44A    -1.650    0.1924      Blnd                1909.00A    -0.911    1.0557
H  1                4.01977m    -3.901    0.0011      S  2                4076.35A    -2.772    0.0145      Blnd                1549.00A    -1.386    0.3536
H  1                19.0567m    -3.436    0.0032      S  2                4068.60A    -2.276    0.0455      Blnd                5199.00A    -3.250    0.0048
H  1                11.3056m    -3.542    0.0025      S  2                1.03364m    -2.911    0.0106      Blnd                1085.00A    -2.935    0.0100
H  1                8.75768m    -3.664    0.0019      S  2                1.02867m    -2.903    0.0108      Blnd                2141.00A    -2.753    0.0152
H  1                7.50606m    -3.823    0.0013      S  2                1.03705m    -3.232    0.0050      Blnd                1750.00A    -2.204    0.0537
H  1                6.77015m    -3.923    0.0010      S  2                1.03205m    -2.769    0.0146      Blnd                990.000A    -2.953    0.0096
H  1                27.7958m    -3.766    0.0015      S  2                1259.52A    -3.793    0.0014      Blnd                1486.00A    -2.460    0.0298
H  1                16.2047m    -3.852    0.0012      S  2                1253.81A    -3.842    0.0012      Blnd                1240.00A    -3.326    0.0041
Ca A                303.784A     0.030    9.2017      S  2                910.485A    -3.737    0.0016      Blnd                6300.00A    -2.063    0.0743
Ca A                256.317A    -0.695    1.7338      S  3                33.4704m    -1.419    0.3277      Blnd                2471.00A    -2.151    0.0608
Ca A                243.027A    -1.126    0.6422      S  3                18.7078m    -1.146    0.6140      Blnd                7323.00A    -2.319    0.0412
Ca A                237.331A    -1.436    0.3152      S  3                9068.62A    -1.198    0.5448      Blnd                7332.00A    -2.407    0.0337
Ca A                234.347A    -1.678    0.1805      S  3                9530.62A    -0.798    1.3685      Blnd                833.000A    -3.140    0.0062
Ca A                232.584A    -1.878    0.1139      S  3                3721.63A    -2.589    0.0221      Blnd                3727.00A    -0.754    1.5139
Ca A                231.454A    -2.049    0.0768      S  3                6312.06A    -2.316    0.0415      Blnd                7325.00A    -2.060    0.0749
Ca A                230.686A    -2.198    0.0545      S  3                1713.11A    -3.469    0.0029      Blnd                1666.00A    -1.807    0.1340
Ca A                230.139A    -2.331    0.0401      S  3                1728.94A    -3.016    0.0083      Blnd                5007.00A     0.328   18.2863
Ca A                229.736A    -2.451    0.0304      S  3                1194.45A    -3.779    0.0014      Blnd                835.000A    -2.735    0.0158
Ca A                229.431A    -2.560    0.0237      S  3                1201.73A    -3.833    0.0013      Blnd                1402.00A    -2.855    0.0120
Ca A                229.194A    -2.660    0.0188      S  3                1200.97A    -3.789    0.0014      Blnd                789.000A    -3.020    0.0082
Ca A                229.006A    -2.753    0.0152      S  3                1015.50A    -3.854    0.0012      Blnd                1218.00A    -3.918    0.0010
Ca A                228.855A    -2.839    0.0124      S  3                1021.11A    -3.571    0.0023      Blnd                1035.00A    -3.650    0.0019
Ca A                228.731A    -2.920    0.0103      S  3                1021.32A    -3.644    0.0019
Ca A                228.629A    -2.996    0.0087      S  5                786.468A    -3.657    0.0019

                                                    Emergent line intensities
general properties..............................      Al 6                3.65932m    -3.438    0.0031      Al 2                1670.79A    -2.790    0.0139
continua........................................      Ar 2                6.98337m    -3.180    0.0057      Al 5                2.90450m    -3.142    0.0062
FIR                 83.0000m    -0.507    2.6748      Ar 3                3109.18A    -3.239    0.0050      C  4                1550.77A    -1.856    0.1198
TIR                 1800.00m    -2.950    0.0096      Ar 3                5191.82A    -3.574    0.0023      C  4                1548.19A    -1.567    0.2330
NIRa                2.85000m     0.927   72.6578      Ar 3                7135.79A    -1.581    0.2258      Ca 2                7323.89A    -2.512    0.0264
NIRb                3.00000m     0.607   34.7537      Ar 3                7751.11A    -2.205    0.0536      Ca 2                7291.47A    -2.326    0.0405
MIRa                15.0000m     0.438   23.5745      Ar 3                8.98898m    -1.687    0.1767      Ca 2                3968.47A    -3.077    0.0072
MIRb                22.5000m     0.500   27.1732      Ar 3                21.8253m    -2.867    0.0117      Ca 2                8662.14A    -3.378    0.0036
NMIR                21.7500m     0.927   72.6578      Ar 4                2853.66A    -3.315    0.0042      Ca 2                3933.66A    -2.970    0.0092
TFIR                611.250m    -2.347    0.0387      Ar 4                2868.22A    -3.660    0.0019      Ca 2                8542.09A    -3.015    0.0083
TALL                10000.0A     1.447  240.6873      Ar 4                4711.26A    -2.366    0.0370      Ca 5                4.15739m    -2.866    0.0117
F12                 12.0000m     0.058    9.8328      Ar 4                4740.12A    -2.497    0.0273      Ca 5                5309.11A    -3.223    0.0051
F25                 25.0000m    -0.386    3.5356      Ar 5                7005.83A    -3.628    0.0020      Ca 5                6086.37A    -3.934    0.0010
F60                 60.0000m    -0.606    2.1294      Ar 5                7.89971m    -3.004    0.0085      Cl 2                14.3639m    -3.438    0.0031
F100                100.000m    -1.229    0.5068      Ar 5                13.0985m    -2.821    0.0130      Cl 2                8578.70A    -3.045    0.0077
MIPS                24.0000m    -0.435    3.1572      Ar 6                4.52800m    -3.815    0.0013      Cl 2                9123.60A    -3.630    0.0020
MIPS                70.0000m    -2.084    0.0708      C  2                1036.34A    -3.406    0.0034      Cl 3                5537.87A    -2.688    0.0176
MIPS                160.000m    -2.932    0.0101      C  2                1037.02A    -3.344    0.0039      Cl 3                5517.71A    -2.684    0.0178
IRAC                3.60000m    -0.293    4.3789      C  2                1334.53A    -3.250    0.0048      Cl 3                3342.80A    -3.525    0.0026
IRAC                4.50000m    -0.262    4.7061      C  2                1335.66A    -3.246    0.0049      Cl 4                20.3197m    -2.655    0.0190
IRAC                5.80000m    -0.233    5.0236      C  2                1335.71A    -2.942    0.0098      Cl 4                11.7629m    -2.631    0.0201
IRAC                8.00000m    -0.074    7.2489      C  2                2323.50A    -3.004    0.0085      Cl 4                7530.54A    -3.096    0.0069
SPR1                250.000m    -3.173    0.0058      C  2                2324.69A    -2.785    0.0141      Cl 4                8045.62A    -2.732    0.0159
SPR2                350.000m    -3.291    0.0044      C  2                2325.40A    -1.978    0.0903      Fe 4                3094.96A    -2.201    0.0541
SPR3                500.000m    -3.348    0.0039      C  2                2326.93A    -2.221    0.0516      Fe 4                2835.74A    -1.314    0.4175
PAC1                70.0000m    -2.065    0.0741      C  2                2328.12A    -2.732    0.0159      Fe 4                2829.36A    -1.582    0.2250
PAC2                100.000m    -1.227    0.5097      C  2                157.636m    -3.494    0.0028      Fe 4                2823.50A    -3.263    0.0047
PAC3                160.000m    -2.738    0.0157      C  3                1908.73A    -1.302    0.4288      Fe 4                2577.92A    -3.190    0.0056
PAH                 3.30000m    -1.150    0.6087      C  3                1906.68A    -1.139    0.6245      Fe 4                2.83562m    -2.710    0.0167
PAHC                3.23000m    -1.342    0.3913      C  3                977.020A    -2.390    0.0350      Fe 4                2.80554m    -3.242    0.0049
PAHC                3.37000m    -1.465    0.2943      Ca 4                3.20610m    -2.035    0.0792      Fe 4                2.86447m    -3.038    0.0079
PAH                 6.20000m    -0.731    1.5980      Co 2                1.01879m    -3.874    0.0011      Fe 4                2567.61A    -2.218    0.0520
PAHC                5.65000m    -0.685    1.7767      Cr 2                8000.08A    -3.916    0.0010      Fe 4                2.71569m    -3.333    0.0040
PAH                 7.90000m    -0.534    2.5122      Fe 2                25.9813m    -2.217    0.0522      Fe 4                2567.40A    -2.966    0.0093
PAHC                6.90000m    -0.476    2.8722      Fe 2                5.33871m    -1.803    0.1352      Fe 4                2.71341m    -3.860    0.0012
PAH                 11.3000m    -1.278    0.4530      Fe 2                4.11387m    -3.715    0.0017      Fe 4                2.77325m    -3.537    0.0025
PAHC                10.9000m    -1.210    0.5298      Fe 2                1.25668m    -2.857    0.0120      Fe 4                6739.82A    -2.717    0.0165
PAH                 11.8000m    -1.119    0.6528      Fe 2                4632.28A    -3.678    0.0018      Fe 4                6761.38A    -3.218    0.0052
PAHC                12.6500m    -1.219    0.5188      Fe 2                4416.27A    -3.598    0.0022      Fe 4                6734.42A    -2.963    0.0094
PAH                 13.3000m    -1.277    0.4542      Fe 2                4287.39A    -2.811    0.0133      Fe 4                6997.10A    -3.547    0.0024
PAHC                14.1000m    -1.300    0.4308      Fe 2                2599.40A    -3.397    0.0034      Fe 4                6792.48A    -3.695    0.0017
Bcon                3640.00A     1.032   92.5142      Fe 2                2382.04A    -2.486    0.0280      Fe 4                5233.76A    -3.313    0.0042
Pcon                5000.00A     0.756   48.9708      Fe 2                35.3391m    -2.843    0.0123      Fe 4                5033.59A    -3.630    0.0020
O3bn                5007.00A     0.218   14.2109      Fe 2                6.71944m    -2.943    0.0098      Fe 4                4906.56A    -3.027    0.0081
SX                  25.0000A    -0.596    2.1803      Fe 2                4.88781m    -3.379    0.0036      Fe 4                4917.97A    -3.536    0.0025
HX                  4.70000A    -0.223    5.1418      Fe 2                1.32055m    -3.353    0.0038      Fe 4                7222.76A    -3.510    0.0027
ROSA                12.3980A    -0.376    3.6179      Fe 2                7637.52A    -3.345    0.0039      Fe 4                4899.97A    -3.357    0.0038
RRC.............................................      Fe 2                4889.62A    -3.525    0.0026      Fe 4                4903.07A    -3.337    0.0040
grains..........................................      Fe 2                4457.95A    -3.885    0.0011      Fe 4                7183.99A    -3.686    0.0018
H-like iso-sequence.............................      Fe 2                4359.33A    -2.942    0.0098      Fe 4                4868.16A    -3.475    0.0029
H  1                1215.67A     0.489   26.5000      Fe 2                2625.67A    -2.116    0.0659      Fe 4                4869.23A    -3.820    0.0013
H  1                1025.72A    -2.905    0.0107      Fe 2                2611.87A    -2.981    0.0090      Fe 4                7191.23A    -3.723    0.0016
H  1                972.537A    -3.010    0.0084      Fe 2                2598.37A    -3.706    0.0017      Fe 4                4867.95A    -3.537    0.0025
H  1                949.743A    -3.066    0.0074      Fe 2                2395.63A    -2.957    0.0095      Fe 4                4206.59A    -3.587    0.0022
H  1                937.803A    -3.107    0.0067      Fe 2                2388.63A    -3.652    0.0019      Fe 4                4208.88A    -3.620    0.0021
H  1                930.748A    -3.139    0.0062      Fe 2                2364.83A    -3.273    0.0046      Fe 4                4144.20A    -3.596    0.0022
H  1                926.226A    -3.174    0.0058      Fe 2                51.2868m    -3.451    0.0030      Fe 4                4152.34A    -3.897    0.0011
H  1                923.150A    -3.206    0.0053      Fe 2                4.60641m    -3.925    0.0010      Fe 5                70.3538m    -2.379    0.0359
H  1                920.963A    -3.232    0.0050      Fe 2                1.37181m    -3.596    0.0022      Fe 5                36.3273m    -1.971    0.0919
H  1                919.351A    -3.392    0.0035      Fe 2                1.29427m    -3.858    0.0012      Fe 5                25.9131m    -2.053    0.0760
H  1                918.129A    -3.408    0.0034      Fe 2                7686.93A    -3.495    0.0028      Fe 5                20.8407m    -2.313    0.0418
H  1                917.181A    -3.419    0.0033      Fe 2                4413.78A    -3.093    0.0069      Fe 5                4180.59A    -2.797    0.0137
H  1                916.429A    -3.430    0.0032      Fe 2                2631.32A    -2.727    0.0161      Fe 5                4143.15A    -2.542    0.0246
H  1                915.824A    -3.439    0.0031      Fe 2                2617.62A    -3.533    0.0025      Fe 5                4227.19A    -1.834    0.1261
H  1                915.329A    -3.447    0.0031      Fe 2                2607.09A    -3.573    0.0023      Fe 5                4003.21A    -3.484    0.0028
H  1                914.919A    -3.454    0.0030      Fe 2                2404.89A    -3.414    0.0033      Fe 5                4071.24A    -2.552    0.0241
H  1                914.576A    -3.460    0.0030      Fe 2                2399.24A    -3.785    0.0014      Fe 5                3895.22A    -2.880    0.0113
H  1                914.286A    -3.464    0.0030      Fe 2                2380.76A    -2.940    0.0099      Fe 5                3851.34A    -3.191    0.0055
H  1                914.039A    -3.464    0.0030      Fe 2                2348.30A    -3.825    0.0013      Fe 5                3794.94A    -2.602    0.0215
H  1                913.826A    -3.460    0.0030      Fe 2                4452.10A    -3.285    0.0045      Fe 5                3755.70A    -2.884    0.0112
H  1                6562.80A    -0.490    2.7809      Fe 2                2631.05A    -3.548    0.0024      Fe 5                3911.33A    -3.422    0.0033
H  1                4861.32A    -0.934    1.0000      Fe 2                2613.82A    -3.802    0.0014      Fe 5                3839.27A    -2.554    0.0240
H  1                4340.46A    -1.259    0.4730      Fe 2                2410.52A    -3.844    0.0012      Fe 5                3783.22A    -2.966    0.0093
H  1                4101.73A    -1.516    0.2620      Fe 2                2406.66A    -3.868    0.0012      Fe 5                3891.28A    -2.664    0.0186
H  1                3970.07A    -1.726    0.1615      Fe 2                4474.90A    -3.598    0.0022      Fe 5                3819.95A    -3.335    0.0040
H  1                3889.05A    -1.905    0.1069      Fe 2                2628.29A    -3.849    0.0012      Fe 5                2.04669m    -3.707    0.0017
H  1                3835.38A    -2.061    0.0747      Fe 2                17.9311m    -2.341    0.0392      Fe 5                3445.62A    -3.324    0.0041
H  1                3797.90A    -2.198    0.0544      Fe 2                1.64355m    -1.679    0.1801      Fe 5                3400.41A    -3.692    0.0017
H  1                3770.63A    -2.207    0.0534      Fe 2                1.53348m    -2.489    0.0279      Fe 5                1.91721m    -3.861    0.0012
H  1                3750.15A    -2.311    0.0420      Fe 2                8616.95A    -2.755    0.0151      Fe 5                3463.51A    -3.229    0.0051
H  1                3734.37A    -2.407    0.0337      Fe 2                7155.17A    -2.354    0.0380      Fe 5                3406.89A    -3.765    0.0015
H  1                3721.94A    -2.495    0.0275      Fe 2                5273.36A    -3.039    0.0079      Fe 5                2760.64A    -3.912    0.0011
H  1                3711.97A    -2.577    0.0228      Fe 2                5158.79A    -2.390    0.0350      Fe 5                2828.24A    -3.331    0.0040
H  1                3703.85A    -2.652    0.0191      Fe 2                5111.64A    -3.334    0.0040      Fe 5                2780.40A    -3.826    0.0013
H  1                3697.15A    -2.722    0.0163      Fe 2                5072.41A    -3.097    0.0069      Fe 5                2750.88A    -3.637    0.0020
H  1                3691.55A    -2.787    0.0141      Fe 2                4814.54A    -3.341    0.0039      Fe 5                2730.21A    -3.547    0.0024
H  1                3686.83A    -2.845    0.0123      Fe 2                4774.73A    -3.800    0.0014      Fe 5                2717.82A    -3.623    0.0020
H  1                3682.81A    -2.897    0.0109      Fe 2                4243.97A    -2.746    0.0154      Fe 5                2707.36A    -3.572    0.0023
H  1                3679.35A    -2.942    0.0098      Fe 2                4177.20A    -3.820    0.0013      Fe 6                19.5527m    -2.002    0.0855
H  1                1.87510m    -1.453    0.3030      Fe 2                3376.20A    -3.494    0.0028      Fe 6                14.7670m    -2.208    0.0532
H  1                1.28181m    -1.744    0.1549      Fe 2                2732.45A    -3.874    0.0011      Fe 6                12.3074m    -2.472    0.0290
H  1                1.09381m    -1.993    0.0874      Fe 2                2493.30A    -2.573    0.0230      Fe 6                5335.18A    -2.650    0.0192
H  1                1.00494m    -2.201    0.0542      Fe 2                24.5126m    -2.966    0.0093      Fe 6                5484.84A    -2.904    0.0107
H  1                9545.97A    -2.379    0.0359      Fe 2                1.80940m    -2.279    0.0452      Fe 6                5631.07A    -2.799    0.0137
H  1                9229.02A    -2.534    0.0251      Fe 2                1.67688m    -2.915    0.0105      Fe 6                5277.81A    -3.151    0.0061
H  1                9014.91A    -2.672    0.0183      Fe 2                1.59948m    -2.895    0.0109      Fe 6                5424.22A    -2.820    0.0130
H  1                8862.79A    -2.722    0.0163      Fe 2                9051.95A    -2.597    0.0218      Fe 6                5676.95A    -2.758    0.0150
H  1                8750.48A    -2.826    0.0128      Fe 2                8891.93A    -3.093    0.0069      Fe 6                5426.64A    -3.088    0.0070
H  1                8665.02A    -2.922    0.0103      Fe 2                7452.56A    -2.846    0.0122      Fe 6                5234.28A    -3.621    0.0021
H  1                8598.40A    -3.010    0.0084      Fe 2                7172.00A    -3.106    0.0067      Fe 6                5370.29A    -3.708    0.0017
H  1                8545.39A    -3.091    0.0070      Fe 2                5527.36A    -3.199    0.0054      Fe 6                5145.75A    -2.450    0.0305
H  1                8502.49A    -3.166    0.0059      Fe 2                5433.15A    -3.553    0.0024      Fe 6                4972.47A    -2.466    0.0294
H  1                8467.26A    -3.236    0.0050      Fe 2                5261.63A    -2.807    0.0134      Fe 6                5176.04A    -2.497    0.0274
H  1                8437.96A    -3.300    0.0043      Fe 2                5184.80A    -3.929    0.0010      Fe 6                4967.14A    -2.868    0.0116
H  1                8413.32A    -3.359    0.0038      Fe 2                5158.01A    -3.855    0.0012      Fe 6                3813.54A    -3.502    0.0027
H  1                8392.40A    -3.411    0.0033      Fe 2                4947.39A    -3.284    0.0045      Fe 6                3889.40A    -3.300    0.0043
H  1                8374.48A    -3.456    0.0030      Fe 2                4905.35A    -3.655    0.0019      Fe 6                1.28877m    -3.781    0.0014
H  1                4.05115m    -2.105    0.0674      Fe 2                4874.50A    -3.727    0.0016      Fe 6                3662.50A    -3.259    0.0047
H  1                2.62515m    -2.323    0.0409      Fe 2                4346.86A    -3.373    0.0036      Fe 6                3492.10A    -3.892    0.0011
H  1                2.16553m    -2.524    0.0257      Fe 2                4276.84A    -3.281    0.0045      Fe 6                3555.60A    -3.583    0.0022
H  1                1.94456m    -2.700    0.0171      Fe 2                35.7675m    -3.711    0.0017      Fe 6                1.23303m    -3.494    0.0028
H  1                1.81741m    -2.855    0.0120      Fe 2                1.95361m    -3.190    0.0055      Fe 6                1.34929m    -3.299    0.0043
H  1                1.73621m    -2.993    0.0087      Fe 2                1.80002m    -2.930    0.0101      Fe 6                1.26742m    -3.658    0.0019
H  1                1.68065m    -3.091    0.0070      Fe 2                1.71113m    -3.573    0.0023      Mg 2                2802.71A    -1.342    0.3910
H  1                1.64072m    -3.195    0.0055      Fe 2                1.66377m    -3.191    0.0055      Mg 2                2795.53A    -1.046    0.7730
H  1                1.61093m    -3.290    0.0044      Fe 2                9399.04A    -3.019    0.0082      Mg 2                2798.00A    -3.813    0.0013
H  1                1.58805m    -3.378    0.0036      Fe 2                9226.63A    -3.037    0.0079      Mg 4                4.48711m    -1.905    0.1070
H  1                1.57007m    -3.459    0.0030      Fe 2                9033.49A    -3.678    0.0018      Mg 5                5.60700m    -2.332    0.0400
H  1                1.55565m    -3.534    0.0025      Fe 2                7388.17A    -3.226    0.0051      Mg 5                13.5464m    -3.407    0.0034
H  1                1.54389m    -3.604    0.0021      Fe 2                6440.41A    -3.862    0.0012      Mg 5                2782.76A    -3.204    0.0054
H  1                1.53418m    -3.668    0.0018      Fe 2                5333.66A    -3.112    0.0066      Mg 5                2928.09A    -3.769    0.0015
H  1                1.52605m    -3.726    0.0016      Fe 2                5049.30A    -3.458    0.0030      N  2                121.769m    -3.459    0.0030
H  1                1.51919m    -3.778    0.0014      Fe 2                5005.52A    -3.531    0.0025      N  2                6548.05A    -1.723    0.1626
H  1                1.51332m    -3.823    0.0013      Fe 2                4973.40A    -3.828    0.0013      N  2                6583.45A    -1.254    0.4794
H  1                7.45782m    -2.625    0.0204      Fe 2                4352.79A    -3.597    0.0022      N  2                5754.59A    -2.958    0.0095
H  1                4.65251m    -2.792    0.0139      Fe 2                4319.62A    -3.760    0.0015      N  2                2139.01A    -3.294    0.0044
H  1                3.73954m    -2.960    0.0094      Fe 2                1.89541m    -3.666    0.0019      N  2                2142.77A    -2.903    0.0107
H  1                3.29609m    -3.112    0.0066      Fe 2                1.79711m    -3.226    0.0051      N  2                1085.70A    -3.554    0.0024
H  1                3.03837m    -3.249    0.0048      Fe 2                1.74494m    -3.513    0.0026      N  2                1084.58A    -3.619    0.0021
H  1                2.87221m    -3.380    0.0036      Fe 2                9652.70A    -3.868    0.0012      N  2                1085.55A    -3.666    0.0019
H  1                2.75752m    -3.483    0.0028      Fe 2                9470.94A    -3.427    0.0032      N  2                1083.99A    -3.647    0.0019
H  1                2.67440m    -3.578    0.0023      Fe 2                9267.56A    -3.374    0.0036      N  2                1084.56A    -3.779    0.0014
H  1                2.61194m    -3.665    0.0019      Fe 2                5376.47A    -3.440    0.0031      N  2                915.612A    -3.614    0.0021
H  1                2.56363m    -3.746    0.0015      Fe 2                2926.59A    -3.908    0.0011      N  2                916.020A    -3.809    0.0013
H  1                2.52540m    -3.821    0.0013      Fe 2                2755.74A    -3.113    0.0066      N  2                916.710A    -3.825    0.0013
H  1                2.49458m    -3.890    0.0011      Fe 2                2739.55A    -3.290    0.0044      N  2                916.012A    -3.700    0.0017
H  1                12.3685m    -3.060    0.0075      Fe 2                2772.73A    -3.328    0.0040      N  2                916.701A    -3.540    0.0025
H  1                7.50045m    -3.192    0.0055      Fe 2                2.22379m    -3.331    0.0040      N  2                915.962A    -3.594    0.0022
H  1                5.90660m    -3.334    0.0040      Fe 3                22.9190m    -1.854    0.1202      N  3                57.3238m    -1.693    0.1741
H  1                5.12726m    -3.467    0.0029      Fe 3                4985.87A    -2.860    0.0119      N  3                1748.65A    -3.225    0.0051
H  1                4.67124m    -3.619    0.0021      Fe 3                4924.54A    -3.215    0.0052      N  3                1753.99A    -3.210    0.0053
H  1                4.37526m    -3.721    0.0016      Fe 3                4881.00A    -2.165    0.0588      N  3                1746.82A    -3.554    0.0024
H  1                4.16966m    -3.815    0.0013      Fe 3                4658.05A    -1.729    0.1602      N  3                1752.16A    -2.714    0.0166
H  1                4.01977m    -3.901    0.0011      Fe 3                4607.03A    -2.989    0.0088      N  3                1749.67A    -2.551    0.0242
H  1                19.0567m    -3.436    0.0032      Fe 3                4070.71A    -3.894    0.0011      N  3                989.799A    -3.502    0.0027
H  1                11.3056m    -3.542    0.0025      Fe 3                4008.35A    -2.849    0.0122      N  3                991.511A    -3.431    0.0032
H  1                8.75768m    -3.664    0.0019      Fe 3                3322.54A    -2.628    0.0203      N  3                991.577A    -3.371    0.0037
H  1                7.50606m    -3.823    0.0013      Fe 3                3239.74A    -2.692    0.0175      Na 3                7.31570m    -2.835    0.0126
H  1                6.77015m    -3.923    0.0010      Fe 3                2438.29A    -3.023    0.0081      Na 4                9.03096m    -3.004    0.0085
H  1                27.7958m    -3.766    0.0015      Fe 3                1576.66A    -3.563    0.0024      Na 4                3241.50A    -3.584    0.0022
H  1                16.2047m    -3.852    0.0012      Fe 3                1434.81A    -3.919    0.0010      Ne 4                2421.66A    -2.295    0.0436
He 2                1640.41A    -0.858    1.1921      Fe 3                33.0270m    -2.409    0.0335      Ne 4                2424.28A    -2.189    0.0557
He 2                1215.13A    -1.330    0.4017      Fe 3                5270.40A    -2.013    0.0834      Ne 4                1601.45A    -3.797    0.0014
He 2                1084.94A    -1.668    0.1847      Fe 3                4987.21A    -2.905    0.0107      Ne 6                7.65019m    -3.514    0.0026
He 2                1025.27A    -1.927    0.1018      Fe 3                4754.69A    -2.455    0.0301      Ni 2                1.19102m    -3.367    0.0037
He 2                992.358A    -2.137    0.0627      Fe 3                4701.54A    -2.277    0.0454      Ni 2                6.63416m    -3.040    0.0078
He 2                972.106A    -2.314    0.0417      Fe 3                4667.01A    -3.290    0.0044      Ni 2                1.07151m    -3.550    0.0024
He 2                958.693A    -2.466    0.0294      Fe 3                4079.70A    -3.407    0.0034      Ni 2                10.6793m    -3.187    0.0056
He 2                949.323A    -2.600    0.0216      Fe 3                4046.42A    -3.810    0.0013      Ni 2                12.7253m    -3.918    0.0010
He 2                942.507A    -2.470    0.0291      Fe 3                3371.41A    -2.761    0.0149      Ni 2                7377.83A    -2.510    0.0265
He 2                937.389A    -2.564    0.0234      Fe 3                3301.56A    -3.823    0.0013      Ni 2                8300.99A    -3.806    0.0013
He 2                933.444A    -2.651    0.0192      Fe 3                3286.19A    -3.208    0.0053      Ni 2                1.93877m    -3.218    0.0052
He 2                930.337A    -2.731    0.0160      Fe 3                2464.51A    -3.166    0.0059      Ni 2                6666.80A    -3.873    0.0012
He 2                927.846A    -2.805    0.0135      Fe 3                51.6655m    -3.082    0.0071      Ni 2                7411.61A    -3.654    0.0019
He 2                925.816A    -2.874    0.0115      Fe 3                5011.26A    -2.652    0.0191      Ni 2                4326.24A    -3.674    0.0018
He 2                924.142A    -2.937    0.0099      Fe 3                4769.43A    -2.744    0.0155      Ni 2                3993.06A    -3.799    0.0014
He 2                922.743A    -2.995    0.0087      Fe 3                4733.91A    -2.748    0.0153      O  4                25.8863m    -0.539    2.4871
He 2                921.562A    -3.048    0.0077      Fe 3                3406.18A    -3.125    0.0064      O  4                1399.78A    -3.764    0.0015
He 2                920.556A    -3.095    0.0069      Fe 3                3334.90A    -3.202    0.0054      O  4                1407.38A    -3.772    0.0015
He 2                919.693A    -3.134    0.0063      Fe 3                3319.22A    -3.375    0.0036      O  4                1404.81A    -3.323    0.0041
He 2                4685.68A    -1.743    0.1554      Fe 3                2483.05A    -3.336    0.0040      O  4                1401.16A    -3.290    0.0044
He 2                3203.08A    -2.065    0.0739      Fe 3                5411.98A    -3.069    0.0073      O  6                1031.91A    -3.886    0.0011
He 2                2733.28A    -2.329    0.0403      Fe 3                4930.54A    -3.293    0.0044      S  4                10.5076m    -0.635    1.9927
He 2                2511.19A    -2.546    0.0245      Fe 3                4777.68A    -3.068    0.0073      S  4                1416.89A    -3.745    0.0015
He 2                2385.39A    -2.727    0.0161      Fe 3                3428.79A    -3.784    0.0014      S  4                1406.02A    -3.700    0.0017
He 2                2306.18A    -2.884    0.0112      Fe 3                3356.57A    -3.281    0.0045      S  4                1073.52A    -3.898    0.0011
He 2                2252.67A    -3.021    0.0082      Fe 3                3355.48A    -3.531    0.0025      S  4                1072.97A    -3.924    0.0010
He 2                2214.65A    -2.985    0.0089      Fe 3                2495.04A    -3.574    0.0023      S  6                933.378A    -3.878    0.0011
He 2                2186.59A    -3.079    0.0072      Fe 3                5084.77A    -3.428    0.0032      Si 6                1.96247m    -3.568    0.0023
He 2                2165.23A    -3.165    0.0059      Fe 3                3366.21A    -3.593    0.0022      level 1 lines...................................
He 2                2148.58A    -3.245    0.0049      Fe 3                8838.21A    -3.923    0.0010      recombination...................................
He 2                2135.34A    -3.319    0.0041      Fe 3                8728.94A    -3.788    0.0014      level2 lines....................................
He 2                2124.61A    -3.387    0.0035      Fe 3                40.0371m    -3.738    0.0016      N  1                942.258A    -3.711    0.0017
He 2                2115.81A    -3.451    0.0030      Fe 3                2.21782m    -2.821    0.0130      O  1                976.791A    -3.558    0.0024
He 2                2108.49A    -3.509    0.0027      Fe 3                9701.27A    -3.032    0.0080      O  1                969.049A    -3.585    0.0022
He 2                2102.33A    -3.562    0.0024      Fe 3                3307.57A    -3.848    0.0012      O  1                946.387A    -3.629    0.0020
He 2                2097.10A    -3.608    0.0021      Fe 3                2.34788m    -2.999    0.0086      O  1                934.501A    -3.665    0.0019
He 2                2092.63A    -3.647    0.0019      Fe 3                9942.18A    -3.226    0.0051      O  1                973.577A    -3.680    0.0018
He 2                1.01235m    -2.359    0.0376      Fe 3                9444.21A    -3.757    0.0015      O  1                927.472A    -3.698    0.0017
He 2                6560.01A    -2.596    0.0218      Fe 3                2.24204m    -3.538    0.0025      O  1                948.506A    -3.739    0.0016
He 2                5411.45A    -2.811    0.0133      Fe 3                2.14511m    -3.771    0.0015      O  1                922.969A    -3.736    0.0016
He 2                4859.26A    -2.995    0.0087      Fe 3                3.22847m    -3.346    0.0039      O  1                919.912A    -3.773    0.0015
He 2                4541.54A    -3.155    0.0060      Fe 3                2.87385m    -3.275    0.0046      O  1                935.672A    -3.801    0.0014
He 2                4338.62A    -3.295    0.0044      Fe 3                1.06081m    -3.711    0.0017      O  1                917.726A    -3.812    0.0013
He 2                4199.78A    -3.353    0.0038      Fe 7                9.50763m    -2.790    0.0139      O  1                918.704A    -3.844    0.0012
He 2                4099.99A    -3.446    0.0031      Fe 7                5720.71A    -3.594    0.0022      O  1                928.186A    -3.867    0.0012
He 2                4025.55A    -3.533    0.0025      Fe 7                4988.55A    -3.808    0.0013      O  1                917.473A    -3.888    0.0011
He 2                3968.39A    -3.612    0.0021      Fe 7                7.81037m    -3.323    0.0041      Si 2                1179.59A    -3.096    0.0069
He 2                3923.44A    -3.686    0.0018      Fe 7                6086.97A    -3.420    0.0033      Si 2                993.354A    -3.598    0.0022
He 2                3887.40A    -3.754    0.0015      Fe 7                3758.92A    -3.890    0.0011      Si 2                1024.03A    -3.784    0.0014
He 2                3858.03A    -3.817    0.0013      K  3                4.61683m    -2.951    0.0096      P  2                967.202A    -3.874    0.0011
He 2                3833.76A    -3.875    0.0011      K  4                5.98030m    -3.363    0.0037      P  2                963.828A    -3.790    0.0014
He 2                3813.45A    -3.928    0.0010      Mg 1                2852.13A    -2.769    0.0146      Ti 2                3364.74A    -3.507    0.0027
He 2                1.86365m    -2.860    0.0119      Mg 1                4562.60A    -2.719    0.0164      Ti 2                3237.15A    -3.708    0.0017
He 2                1.16262m    -3.038    0.0079      Mg 1                4571.10A    -3.146    0.0061      Cr 2                2059.78A    -3.696    0.0017
He 2                9344.80A    -3.215    0.0052      Mn 2                2576.10A    -3.692    0.0017      Ni 2                1751.83A    -3.825    0.0013
He 2                8236.67A    -3.374    0.0036      Mn 2                2593.72A    -3.766    0.0015      Ni 2                1744.24A    -3.736    0.0016
He 2                7592.65A    -3.514    0.0026      Mn 2                2605.68A    -3.874    0.0011      Ni 2                1375.73A    -3.888    0.0011
He 2                7177.41A    -3.642    0.0020      N  1                1134.17A    -3.820    0.0013      Ni 2                1324.11A    -3.897    0.0011
He 2                6890.80A    -3.735    0.0016      N  1                1134.41A    -3.741    0.0016      hyperfine structure.............................
He 2                6683.11A    -3.820    0.0013      N  1                1134.98A    -3.704    0.0017      inner shell.....................................
He 2                6527.01A    -3.900    0.0011      N  1                1199.55A    -3.403    0.0034      molecules.......................................
He 2                3.09080m    -3.288    0.0044      N  1                1200.22A    -3.443    0.0031      bands...........................................
He 2                1.87431m    -3.423    0.0032      N  1                1200.71A    -3.571    0.0023      Fe 2b               2500.00A    -1.587    0.2225
He 2                1.47602m    -3.570    0.0023      N  1                5197.90A    -3.513    0.0026      Fe 2b               5000.00A    -1.630    0.2014
He 2                1.28127m    -3.707    0.0017      N  1                5200.26A    -3.594    0.0022      Fe 2b               7000.00A    -2.062    0.0745
He 2                1.16730m    -3.880    0.0011      N  4                1486.50A    -2.837    0.0125      Fe 2b               10000.0A    -1.320    0.4109
He 2                4.76213m    -3.662    0.0019      N  4                1483.32A    -2.698    0.0172      Fe 2b               2355.00A    -2.076    0.0722
He 2                2.82519m    -3.765    0.0015      N  5                1238.82A    -3.581    0.0023      Fe 2b               2430.00A    -1.627    0.2031
He 2                2.18848m    -3.888    0.0011      N  5                1242.80A    -3.680    0.0018      Fe 2b               2445.00A    -1.627    0.2031
He-like iso-sequence............................      Ne 2                12.8101m    -2.648    0.0193      Fe 2b               2495.00A    -2.559    0.0237
He 1                1.08291m    -2.504    0.0269      Ne 3                15.5509m    -0.996    0.8682      Fe 2b               2610.00A    -1.903    0.1075
He 1                1.08302m    -1.894    0.1098      Ne 3                3868.76A    -1.078    0.7175      Fe 2b               2758.00A    -2.698    0.0172
He 1                1.08303m    -1.557    0.2382      Ne 3                36.0036m    -2.043    0.0778      Fe 2b               2780.00A    -2.674    0.0182
Blnd                1.08302m    -1.360    0.3749      Ne 3                3967.47A    -1.596    0.2178      Fe 2b               2935.00A    -3.770    0.0015
He 1                3888.64A    -2.117    0.0656      Ne 3                1814.56A    -3.423    0.0032      Fe 2b               2960.00A    -3.819    0.0013
He 1                3187.74A    -2.479    0.0285      Ne 3                3342.18A    -3.904    0.0011      Fe 2b               3180.00A    -3.653    0.0019
He 1                2945.10A    -2.766    0.0147      Ne 5                24.3108m    -1.924    0.1023      Fe 2b               3250.00A    -3.224    0.0051
He 1                2829.08A    -3.005    0.0085      Ne 5                14.3178m    -1.983    0.0894      Fe 2b               3590.00A    -3.325    0.0041
He 1                2760.44A    -3.640    0.0020      Ne 5                3345.82A    -3.203    0.0054      Fe 2b               4255.00A    -2.121    0.0650
He 1                2721.00A    -3.767    0.0015      Ne 5                3425.88A    -2.771    0.0146      Fe 2b               4558.00A    -2.880    0.0113
He 1                2694.61A    -3.886    0.0011      O  1                1040.94A    -3.761    0.0015      Fe 2b               4600.00A    -2.841    0.0124
He 1                2.05813m    -2.795    0.0138      O  1                1302.17A    -3.863    0.0012      Fe 2b               4743.00A    -3.490    0.0028
He 1                5015.68A    -2.624    0.0204      O  1                1304.86A    -3.204    0.0054      Fe 2b               4855.00A    -2.922    0.0103
He 1                3964.73A    -3.017    0.0083      O  1                1306.03A    -3.626    0.0020      Fe 2b               4920.00A    -2.408    0.0336
He 1                3613.64A    -3.322    0.0041      O  1                5577.34A    -3.752    0.0015      Fe 2b               4975.00A    -2.927    0.0102
He 1                3447.59A    -3.576    0.0023      O  1                6300.30A    -2.184    0.0563      Fe 2b               4971.00A    -2.966    0.0093
He 1                7065.71A    -3.251    0.0048      O  1                6363.78A    -2.679    0.0180      Fe 2b               5070.00A    -2.868    0.0117
He 1                7065.21A    -2.774    0.0145      O  1                63.1679m    -2.779    0.0143      Fe 2b               5143.00A    -2.309    0.0422
He 1                7065.18A    -2.552    0.0241      O  1                145.495m    -3.898    0.0011      Fe 2b               5270.00A    -2.027    0.0808
Blnd                7065.25A    -2.297    0.0434      O  2                2470.22A    -2.845    0.0123      Fe 2b               5318.00A    -2.348    0.0386
He 1                5875.98A    -2.917    0.0104      O  2                2470.34A    -2.250    0.0483      Fe 2b               5540.00A    -3.058    0.0075
He 1                5875.64A    -2.440    0.0312      O  2                7318.92A    -2.926    0.0102      Fe 2b               5865.00A    -3.663    0.0019
He 1                5875.61A    -2.218    0.0520      O  2                7319.99A    -2.443    0.0310      Fe 2b               6565.00A    -3.617    0.0021
Blnd                5875.66A    -1.963    0.0937      O  2                7329.67A    -2.704    0.0170      Fe 2b               6910.00A    -3.789    0.0014
He 1                4713.16A    -3.735    0.0016      O  2                7330.73A    -2.712    0.0167      Fe 2b               7445.00A    -2.088    0.0701
He 1                4713.14A    -3.513    0.0026      O  2                3728.81A    -1.130    0.6375      Fe 2b               8625.00A    -2.112    0.0665
Blnd                4713.17A    -3.258    0.0047      O  2                3726.03A    -0.991    0.8765      Fe 2b               1.03250m    -3.094    0.0069
He 1                4471.69A    -3.351    0.0038      O  3                88.3323m    -1.245    0.4893      Fe 2b               1.88900m    -2.058    0.0753
He 1                4471.49A    -2.874    0.0115      O  3                4931.23A    -3.671    0.0018      Fe 2b               2.20000m    -3.258    0.0047
He 1                4471.47A    -2.652    0.0191      O  3                51.8004m    -0.676    1.8126      miscellaneous...................................
Blnd                4471.50A    -2.397    0.0345      O  3                4958.91A    -0.262    4.7001      C 2R                1335.00A    -1.860    0.1187
Blnd                4120.84A    -3.737    0.0016      O  3                2320.95A    -2.501    0.0271      C 3R                977.000A    -2.305    0.0426
He 1                4026.36A    -3.673    0.0018      O  3                1660.81A    -2.350    0.0384      C 3R                1909.00A    -2.460    0.0298
He 1                4026.20A    -3.196    0.0055      O  3                5006.84A     0.199   13.5843      C 3R                1175.00A    -2.642    0.0196
He 1                4026.19A    -2.974    0.0091      O  3                1666.15A    -1.955    0.0954      C 4R                1549.00A    -3.446    0.0031
Blnd                4026.21A    -2.719    0.0164      O  3                4363.21A    -1.873    0.1152      N 2R                1085.00A    -2.970    0.0092
He 1                3819.61A    -3.458    0.0030      P  2                32.8620m    -3.786    0.0014      N 3R                990.000A    -2.363    0.0373
He 1                3819.60A    -3.236    0.0050      P  2                1.14682m    -3.225    0.0051      O 2R                3729.00A    -3.122    0.0065
Blnd                3819.62A    -2.981    0.0090      P  2                1.18828m    -2.802    0.0136      O 2R                4651.00A    -3.257    0.0048
He 1                3704.90A    -3.875    0.0011      P  3                17.8797m    -3.068    0.0074      O 2R                4341.00A    -3.533    0.0025
He 1                3704.76A    -3.398    0.0034      P  4                950.657A    -3.764    0.0015      Blnd                1400.00A    -2.032    0.0798
He 1                3704.75A    -3.176    0.0057      S  2                6730.82A    -1.515    0.2624      Blnd                1650.00A    -0.812    1.3259
Blnd                3704.77A    -2.921    0.0103      S  2                6716.44A    -1.650    0.1924      Blnd                1304.00A    -3.000    0.0086
He 1                3634.08A    -3.562    0.0024      S  2                4076.35A    -2.772    0.0145      Blnd                1039.00A    -3.531    0.0025
He 1                3634.07A    -3.340    0.0039      S  2                4068.60A    -2.276    0.0455      Blnd                2798.00A    -0.868    1.1639
Blnd                3634.09A    -3.085    0.0071      S  2                1.03364m    -2.911    0.0106      Blnd                6720.00A    -1.276    0.4548
He 1                3587.16A    -3.706    0.0017      S  2                1.02867m    -2.903    0.0108      Blnd                4074.00A    -2.156    0.0600
He 1                3587.15A    -3.484    0.0028      S  2                1.03705m    -3.232    0.0050      Blnd                1.03300m    -2.265    0.0467
Blnd                3587.17A    -3.229    0.0051      S  2                1.03205m    -2.769    0.0146      Blnd                1256.00A    -3.385    0.0035
He 1                3554.34A    -3.834    0.0013      S  2                1259.52A    -3.794    0.0014      Blnd                1198.00A    -3.151    0.0061
He 1                3554.33A    -3.613    0.0021      S  2                1253.81A    -3.843    0.0012      Blnd                1720.00A    -2.886    0.0112
Blnd                3554.35A    -3.357    0.0038      S  3                33.4704m    -1.419    0.3277      Blnd                3722.00A    -2.583    0.0224
He 1                3530.43A    -3.730    0.0016      S  3                18.7078m    -1.146    0.6141      Blnd                1406.00A    -3.300    0.0043
Blnd                3530.44A    -3.474    0.0029      S  3                9068.62A    -1.198    0.5448      Blnd                2665.00A    -2.139    0.0624
He 1                3512.46A    -3.836    0.0013      S  3                9530.62A    -0.798    1.3684      Blnd                1860.00A    -2.523    0.0258
Blnd                3512.48A    -3.580    0.0023      S  3                3721.63A    -2.589    0.0221      Blnd                4725.00A    -2.126    0.0643
He 1                3498.60A    -3.933    0.0010      S  3                6312.06A    -2.316    0.0415      Blnd                2860.00A    -3.153    0.0060
Blnd                3498.62A    -3.678    0.0018      S  3                1713.11A    -3.470    0.0029      Blnd                7250.00A    -3.722    0.0016
Blnd                3487.70A    -3.767    0.0015      S  3                1728.94A    -3.017    0.0083      Blnd                2335.00A    -1.831    0.1269
Blnd                3478.95A    -3.851    0.0012      S  3                1194.45A    -3.780    0.0014      Blnd                1888.00A    -1.283    0.4480
Blnd                3471.81A    -3.928    0.0010      S  3                1201.73A    -3.834    0.0013      Blnd                1397.00A    -2.103    0.0678
He 1                3439.98A    -3.767    0.0015      S  3                1200.97A    -3.789    0.0014      Blnd                2424.00A    -1.937    0.0993
Blnd                3440.00A    -3.512    0.0026      S  3                1015.50A    -3.856    0.0012      Blnd                3350.00A    -3.383    0.0036
He 1                7281.35A    -3.169    0.0058      S  3                1021.11A    -3.573    0.0023      Blnd                5525.00A    -2.385    0.0354
He 1                6678.15A    -2.544    0.0246      S  3                1021.32A    -3.646    0.0019      Blnd                8494.00A    -3.795    0.0014
He 1                5047.74A    -3.773    0.0015      Si 2                34.8046m    -1.628    0.2023      Blnd                8579.00A    -2.825    0.0128
He 1                4921.93A    -2.977    0.0091      Si 2                2334.41A    -2.903    0.0108      Blnd                7306.00A    -2.108    0.0670
He 1                4387.93A    -3.297    0.0043      Si 2                2328.52A    -3.450    0.0031      Blnd                3933.00A    -2.719    0.0164
He 1                4143.76A    -3.556    0.0024      Si 2                1808.01A    -2.614    0.0209      Blnd                1657.00A    -3.867    0.0012
He 1                4009.05A    -3.557    0.0024      Si 2                1526.71A    -3.388    0.0035      Blnd                2326.00A    -1.678    0.1805
He 1                3926.41A    -3.724    0.0016      Si 2                1304.37A    -3.760    0.0015      Blnd                1335.00A    -2.643    0.0195
He 1                3871.69A    -3.869    0.0012      Si 2                1260.42A    -3.422    0.0033      Blnd                1909.00A    -0.912    1.0532
He 1                4.29471m    -3.387    0.0035      Si 2                1193.29A    -3.566    0.0023      Blnd                1549.00A    -1.387    0.3528
He 1                1.25275m    -3.607    0.0021      Si 2                1190.42A    -3.638    0.0020      Blnd                5199.00A    -3.250    0.0048
He 1                9463.58A    -3.810    0.0013      Si 2                2350.17A    -2.777    0.0144      Blnd                1085.00A    -2.937    0.0099
He 1                1.70025m    -3.547    0.0024      Si 2                2344.20A    -2.301    0.0430      Blnd                2141.00A    -2.755    0.0151
He 1                1.19691m    -3.715    0.0017      Si 2                2334.60A    -2.187    0.0558      Blnd                1750.00A    -2.205    0.0536
He 1                1.03113m    -3.921    0.0010      Si 2                1817.45A    -2.833    0.0126      Blnd                990.000A    -2.954    0.0095
He 1                9515.00A    -3.807    0.0013      Si 2                1816.93A    -2.262    0.0471      Blnd                1486.00A    -2.461    0.0297
He 1                1.95431m    -3.842    0.0012      Si 2                1533.43A    -2.996    0.0087      Blnd                1240.00A    -3.327    0.0040
He 1                1.86854m    -2.938    0.0099      Si 2                1309.28A    -3.389    0.0035      Blnd                6300.00A    -2.063    0.0743
He 1                1.27849m    -3.271    0.0046      Si 2                1265.00A    -3.223    0.0051      Blnd                2471.00A    -2.152    0.0606
He 1                1.09130m    -3.542    0.0025      Si 2                1264.74A    -3.164    0.0059      Blnd                7323.00A    -2.319    0.0412
He 1                1.00275m    -3.737    0.0016      Si 2                1197.39A    -3.314    0.0042      Blnd                7332.00A    -2.407    0.0337
He 1                9526.01A    -3.910    0.0011      Si 2                1194.50A    -3.184    0.0056      Blnd                3727.00A    -0.754    1.5140
He 1                1.86972m    -3.423    0.0032      Si 3                1892.03A    -1.660    0.1879      Blnd                7325.00A    -2.060    0.0749
He 1                1.27905m    -3.753    0.0015      Si 3                1882.71A    -1.519    0.2601      Blnd                1666.00A    -1.808    0.1338
He 1                4.04791m    -3.661    0.0019      Si 3                1206.50A    -2.560    0.0237      Blnd                5007.00A     0.328   18.2862
extra Lyman.....................................      Si 4                1393.75A    -2.294    0.0437      Blnd                1402.00A    -2.856    0.0120
database lines..................................      Si 4                1402.77A    -2.551    0.0242      Blnd                1218.00A    -3.919    0.0010
Al 3                1862.79A    -2.975    0.0091      Al 2                2669.15A    -2.494    0.0275      Blnd                1035.00A    -3.652    0.0019
Al 3                1854.72A    -2.713    0.0167      Al 2                2660.35A    -2.392    0.0349



 AGN log nH=3.22 log U=-2.33  
 Cooling:  O  3c                     0  :0.419 S  3c                     0  :0.059 O  4c                     0  :0.050  
 Heating:  BFH1                      0  :0.707 BFHe                      0  :0.236  

 These are some of the most important databases used by Cloudy:
 Many recombination coefficients were taken from http://amdpp.phys.strath.ac.uk/tamoc/RR/ and http://amdpp.phys.strath.ac.uk/tamoc/DR/
      and are based on the following papers:
        Badnell N. R., et al., A&A 406, 1151 (2003) [http://adsabs.harvard.edu/abs/2003A%26A...406.1151B]
        Badnell N. R., ApJS 167, 334 (2006) [http://adsabs.harvard.edu/abs/2006ApJS..167..334B]
 Much of the molecular emission data is from LAMDA as accessed on June 30, 2015. This database is described in:
        Schoeier F.L., et al., A&A 432, 369 (2005) [http://adsabs.harvard.edu/abs/2005A%26A...432..369S]
      This database is in part based on the work of the following groups:
        JPL: Pickett H. M. et al., JQSRT, 60, 883 (1998). [http://adsabs.harvard.edu/abs/1998JQSRT..60..883P]
        CDMS: Mueller H. S. et al., A&A 370, L49 (2001). [http://adsabs.harvard.edu/abs/2001A%26A...370L..49M]
              Mueller H. S. et al., J. Mol. Struct. 742, 215 (2005). [http://adsabs.harvard.edu/abs/2005JMoSt.742..215M]
 Some of the ionic emission data is from a reprocessed version of 10.1 of CHIANTI. CHIANTI is a collaborative project involving the NRL (USA), the
      Universities of Florence (Italy) and Cambridge (UK), and George Mason University (USA). These papers describe Chianti:
        Dere K. P., et al., A&AS, 125, 149 (1997) [http://adsabs.harvard.edu/abs/1997A%26AS..125..149D]
        Dere, K. P., et al., APJ, 268, 52 (2023) [https://ui.adsabs.harvard.edu/abs/2023ApJS..268...52D]
      This paper describes the reprocessed version of Chianti used:
        Gunasekera, C. M., et al., Astronomy, 1, 255. (2022) [https://ui.adsabs.harvard.edu/abs/2022Astro...1..255G]
 Much of the H_2 data is from this web site: http://molat.obspm.fr/index.php?page=pages/Molecules/H2/H2can94.php. These data are
      described in:
        Abgrall H. et al., Can. J. Phys., 72, 856 (1994) [http://adsabs.harvard.edu/abs/1994CaJPh..72..856A]
        Wrathmall S. A. & Flower D. R., J. Phys. B, 40, 3221 (2007) [http://adsabs.harvard.edu/abs/2007JPhB...40.3221W]
 The Case A and Case B recombination predictions for one-electron systems are from
	Storey, P.J. & Hummer, D.G., 1995, MNRAS 272, 41 http://adsabs.harvard.edu/abs/1995MNRAS.272...41S
 The He I recombination predictions are from
	Porter, R. L.; Ferland, G. J.; Storey, P. J.; Detisch, M. J., 2012, MNRAS, 425, 28p http://adsabs.harvard.edu/abs/2012MNRAS.425L..28P
		http://adsabs.harvard.edu/abs/2013MNRAS.433L..89P

 If you find some process or data set to be particularly critical to a result, please follow the trail of references back to the
 original source and cite that.  This will support and encourage atomic, molecular, and chemical physicists to continue their
 valuable work.

 IONIZE PARMET:  U(1-) -2.3333  U(4-): -3.2742  U(sp): -2.33  Q(ion):    8.711  L(ion)  0.543    Q(low): 13.612    L(low)  1.394
 ENERGY BUDGET:  Heat:   0.763  Coolg:   0.763  Error:  0.0%  Rec Lin:   0.298  F-F  H  0.000    P(rad/tot)max     4.94E-02    R(F Con):1.737e+05

     Col(Heff):      4.213E+20  snd travl time  3.02E+11 sec  Te-low: 3.96E+03  Te-hi: 1.22E+04  G0TH85: 2.06E+03  G0DB96:2.21E+03
  Emiss Measure    n(e)n(p) dl       9.928E+23  n(e)n(He+)dl         6.952E+22  En(e)n(He++) dl         1.644E+22  ne nC+:2.06E+19
 He/Ha:8.13E-02  =   0.96*true  Lthin:6.24E+01  itr/zn: 6.13  H2 itr/zn:  0.00  File Opacity: F  MassTot 1.33e-03  (gm/cm^2)
   Temps(21 cm)   T(21cm/Ly a)  4.19E+03        T(<nH/Tkin>)  7.91E+03          T(<nH/Tspin>)    4.49E+03          TB21cm:8.60E-01
                   N(H0/Tspin)  7.08E+15        N(OH/Tkin)    1.15E+04          B(21cm)          0.00E+00
   <a>:3.86E-07  erdeFe3.6E+22  Tcompt4.87E+07  Tthr3.33E+09  <Tden>: 1.06E+04  <dens>:3.79E-21  <MolWgt>6.48E-01
     Mean Jeans  l(cm)9.68E+19  M(sun)9.04E+05  smallest:     len(cm):5.91E+19  M(sun):2.06E+05  a_ox tran: -1.41
 Rion:1.000E+30  Dist:0.00E+00  Diam:0.000E+00
 Hatom level 70  HatomType: add  HInducImp  F  He tot level: 63  He2 level:   70  ExecTime   192.1
 ConvrgError(%)  <eden>  0.068  MaxEden  0.716  <H-C>   0.11  Max(H-C)    0.47  <Press>   0.000  MaxPrs er  0.000
  Continuity(%)  chng Te   3.2  elec den   5.3  n(H2)    0.0  n(CO)        0.0

                                                        Averaged Quantities
             Te      Te(Ne)   Te(NeNp)  Te(NeHe+)Te(NeHe2+) Te(NeO+)  Te(NeO2+)  Te(H2)     N(H)     Ne(O2+)   Ne(Np)
 Radius:  1.06e+04  1.07e+04  1.08e+04  1.07e+04  1.10e+04  1.11e+04  1.07e+04  4.87e+03  1.67e+03  1.82e+03  1.80e+03
 
 Peimbert T(OIIIr)9.85E+03 T(Bac)1.03E+04 T(Hth)1.02E+04 t2(Hstrc) 3.43e-03 T(O3-BAC)1.01E+04 t2(O3-BC)-6.97e-03 t2(O3str) 3.37e-03

 Contin Optical Depths: COMP: 4.06e-04    H-: 2.18e-05 R(1300): 2.14e-04  H2+: 5.62e-07  Bra:4.06E-04
                          Pa: 4.06e-04    Ba: 4.27e-04      Hb: 4.22e-04   La: 5.26e-01     1r:2.017E+02  1.8:4.90E+01 4.:6.960E+01

 Old, new H  1 continuum optical depths:
     1 2.01e+02     2 1.15e-05     3 2.22e-05     4 2.22e-05     5 2.22e-05     6 5.68e-06     7 5.68e-06     8 5.68e-06
     9 5.68e-06    10 2.15e-12    11 2.15e-12    12 2.15e-12    13 2.15e-12    14 2.15e-12    15 5.01e-12    16 5.01e-12
    17 5.01e-12    18 5.01e-12    19 5.01e-12    20 5.01e-12    21 1.04e-11    22 1.04e-11    23 1.04e-11    24 1.04e-11
    25 1.04e-11    26 1.04e-11    27 1.04e-11    28 1.97e-11    29 1.97e-11    30 1.97e-11    31 1.97e-11    32 1.97e-11
    33 1.97e-11    34 1.97e-11    35 1.97e-11    36 3.51e-11    37 3.51e-11    38 3.51e-11    39 3.51e-11    40 3.51e-11
    41 3.51e-11    42 3.51e-11    43 3.51e-11    44 3.51e-11    45 5.91e-11    46 5.91e-11    47 5.91e-11    48 5.91e-11
    49 5.91e-11    50 5.91e-11    51 5.91e-11    52 5.91e-11    53 5.91e-11    54 5.91e-11
     1 2.02e+02     2 1.14e-05     3 2.22e-05     4 2.22e-05     5 2.22e-05     6 5.68e-06     7 5.68e-06     8 5.68e-06
     9 5.68e-06    10 2.15e-12    11 2.15e-12    12 2.15e-12    13 2.15e-12    14 2.15e-12    15 5.01e-12    16 5.01e-12
    17 5.01e-12    18 5.01e-12    19 5.01e-12    20 5.01e-12    21 1.04e-11    22 1.04e-11    23 1.04e-11    24 1.04e-11
    25 1.04e-11    26 1.04e-11    27 1.04e-11    28 1.97e-11    29 1.97e-11    30 1.97e-11    31 1.97e-11    32 1.97e-11
    33 1.97e-11    34 1.97e-11    35 1.97e-11    36 3.51e-11    37 3.51e-11    38 3.51e-11    39 3.51e-11    40 3.51e-11
    41 3.51e-11    42 3.51e-11    43 3.51e-11    44 3.51e-11    45 5.91e-11    46 5.91e-11    47 5.91e-11    48 5.91e-11
    49 5.91e-11    50 5.91e-11    51 5.91e-11    52 5.91e-11    53 5.91e-11    54 5.91e-11

 Old, new H  1 mean line optical depths:
  2- 1 3.68e+06  3- 2 4.83e-03  4- 3 5.03e-09  5- 4 2.30e-09  6- 5-5.69e-11  7- 6-1.53e-09  8- 7 1.73e-10
  9- 8 7.00e-09 10- 9 1.97e-08 11-10 4.01e-07 12-11-1.72e-07 13-12-2.80e-07 14-13-4.52e-07 15-14-7.15e-07 16-15-1.13e-06
 17-16-1.79e-06 18-17-2.88e-06 19-18-4.85e-06 20-19-8.42e-06 21-20-1.56e-05 22-21-3.15e-05 23-22-7.40e-05 24-23-2.39e-04
 25-24-8.16e-03
  2- 1 3.70e+06  3- 2 4.83e-03  4- 3 5.03e-09  5- 4 2.30e-09  6- 5-5.67e-11  7- 6-1.53e-09  8- 7 1.73e-10
  9- 8 7.00e-09 10- 9 1.97e-08 11-10 4.01e-07 12-11-1.72e-07 13-12-2.80e-07 14-13-4.52e-07 15-14-7.15e-07 16-15-1.13e-06
 17-16-1.79e-06 18-17-2.88e-06 19-18-4.85e-06 20-19-8.42e-06 21-20-1.56e-05 22-21-3.15e-05 23-22-7.40e-05 24-23-2.39e-04
 25-24-8.16e-03

 Old, new He 2 continuum optical depths:
     1 6.96e+01     2 2.00e+02     3 3.16e-04     4 3.16e-04     5 3.16e-04     6 1.15e-05     7 1.15e-05     8 1.15e-05
     9 1.15e-05    10 1.80e-05    11 1.80e-05    12 1.80e-05    13 1.80e-05    14 1.80e-05    15 2.22e-05    16 2.22e-05
    17 2.22e-05    18 2.22e-05    19 2.22e-05    20 2.22e-05    21 1.85e-05    22 1.85e-05    23 1.85e-05    24 1.85e-05
    25 1.85e-05    26 1.85e-05    27 1.85e-05    28 5.68e-06    29 5.68e-06    30 5.68e-06    31 5.68e-06    32 5.68e-06
    33 5.68e-06    34 5.68e-06    35 5.68e-06    36 1.24e-12    37 1.24e-12    38 1.24e-12    39 1.24e-12    40 1.24e-12
    41 1.24e-12    42 1.24e-12    43 1.24e-12    44 1.24e-12    45 2.15e-12    46 2.15e-12    47 2.15e-12    48 2.15e-12
    49 2.15e-12    50 2.15e-12    51 2.15e-12    52 2.15e-12    53 2.15e-12    54 2.15e-12
     1 6.96e+01     2 2.01e+02     3 3.16e-04     4 3.16e-04     5 3.16e-04     6 1.14e-05     7 1.14e-05     8 1.14e-05
     9 1.14e-05    10 1.80e-05    11 1.80e-05    12 1.80e-05    13 1.80e-05    14 1.80e-05    15 2.22e-05    16 2.22e-05
    17 2.22e-05    18 2.22e-05    19 2.22e-05    20 2.22e-05    21 1.85e-05    22 1.85e-05    23 1.85e-05    24 1.85e-05
    25 1.85e-05    26 1.85e-05    27 1.85e-05    28 5.68e-06    29 5.68e-06    30 5.68e-06    31 5.68e-06    32 5.68e-06
    33 5.68e-06    34 5.68e-06    35 5.68e-06    36 1.24e-12    37 1.24e-12    38 1.24e-12    39 1.24e-12    40 1.24e-12
    41 1.24e-12    42 1.24e-12    43 1.24e-12    44 1.24e-12    45 2.15e-12    46 2.15e-12    47 2.15e-12    48 2.15e-12
    49 2.15e-12    50 2.15e-12    51 2.15e-12    52 2.15e-12    53 2.15e-12    54 2.15e-12

 Old, new He 2 mean line optical depths:
  2- 1 2.01e+06  3- 2 3.71e-06  4- 3 8.40e-12  5- 4-1.15e-11  6- 5-3.87e-11  7- 6-6.37e-11  8- 7-6.61e-11
  9- 8-2.59e-11 10- 9 6.39e-11 11-10 3.45e-09 12-11-1.59e-09 13-12-2.55e-09 14-13-4.01e-09 15-14-6.16e-09 16-15-9.38e-09
 17-16-1.43e-08 18-17-2.19e-08 19-18-3.43e-08 20-19-5.66e-08 21-20-9.87e-08 22-21-1.89e-07 23-22-4.24e-07 24-23-1.29e-06
 25-24-4.48e-05
  2- 1 2.01e+06  3- 2 3.71e-06  4- 3 8.40e-12  5- 4-1.15e-11  6- 5-3.87e-11  7- 6-6.37e-11  8- 7-6.61e-11
  9- 8-2.59e-11 10- 9 6.39e-11 11-10 3.45e-09 12-11-1.59e-09 13-12-2.55e-09 14-13-4.01e-09 15-14-6.16e-09 16-15-9.38e-09
 17-16-1.42e-08 18-17-2.19e-08 19-18-3.43e-08 20-19-5.66e-08 21-20-9.87e-08 22-21-1.89e-07 23-22-4.24e-07 24-23-1.29e-06
 25-24-4.48e-05

 Old He Is optical depths:    1 4.89e+01    2 4.02e-04    3 9.50e-06    4 1.06e-05    5 1.06e-05
 New He Is optical depths:    1 4.90e+01    2 4.02e-04    3 9.50e-06    4 1.06e-05    5 1.06e-05
          Old He Is Lines:  584 1.01e+05 3889 7.21e+00 5016 3.94e-05 5876 5.64e-07
          New He Is Lines:  584 1.02e+05 3889 7.21e+00 5016 3.94e-05 5876 5.80e-07

==== H      compounds ====           Log10 column densities [cm^-2]
   H2        :  9.717   H2*       : 10.373   H2+       : 10.904   H3+       :  4.486
==== He     compounds ====
   HeH+      : 11.589
==== Li     compounds ====
   LiH       : -3.047   LiH+      : -0.615
==== C      compounds ====
   CH        :  4.461   CH+       :  7.018   CH2       : -5.078   CH2+      : -2.083   CH3       :-13.374   CH3+      :-12.241
   CH4       :-22.049   CH4+      :-23.780   CH5+      :-28.738   C2        : -2.176   C2+       : -0.230   C2H       :-10.301
   C2H+      : -9.744   C2H2      :-20.042   C2H2+     :-18.163   C2H3+     :-26.974   C3        :-24.581   C3+       :-15.219
   C3H       :-28.093   C3H+      :-24.628
==== N      compounds ====
   NH        :  6.573   NH+       :  6.389   NH2       : -2.803   NH2+      : -3.163   NH3       :-11.430   NH3+      :-12.803
   NH4+      :-24.896   CN        :  1.315   CN+       :  1.883   HCN       : -8.171   HCN+      : -7.069   HNC       :-11.303
   HCNH+     :-17.255   HC3N      :-35.930   N2        :  1.750   N2+       :  2.284   N2H+      :-13.214
==== O      compounds ====
   OH        :  7.925   OH+       :  7.595   H2O       : -1.546   H2O+      : -2.012   H3O+      :-11.025   CO        :  4.674
   CO+       :  3.682   HCO+      : -4.354   H2CO      :-17.570   NO        :  2.121   NO+       :  1.813   HNO       : -6.441
   HNO+      : -7.458   OCN       :-10.945   OCN+      : -9.489   N2O       :-11.460   O2        :  4.005   O2+       :  3.632
   NO2       :-12.795   NO2+      :-10.633
==== F      compounds ====
   HF        :  1.319   HF+       :  0.952   H2F+      : -9.095   CF+       : -1.734
==== Ne     compounds ====
   NeH+      :  5.806
==== Si     compounds ====
   SiH       : -4.535   SiH2      :-35.930   SiH2+     : -4.382   SiC       :-35.930   SiC+      :  4.887   SiCH2+    :-35.930
   SiC2      :-35.930   SiC2+     :-13.297   SiN       : -9.085   SiN+      :  1.208   SiNC      :-35.930   SiNC+     :-17.053
   SiO       : -0.469   SiO+      :  2.813   SiOH+     : -7.516
==== P      compounds ====
   PH        : -7.469   PH+       : -6.728   PH2       :-25.742   PH2+      : -7.677   PH3       :-26.698   PH3+      :-26.301
   CP        : -6.661   CP+       : -7.946   HCP       :-35.930   HCP+      :-19.817   PN        : -8.501   PN+       :-10.853
   PO        : -4.440   PO+       : -0.617
==== S      compounds ====
   HS        : -0.451   HS+       :  3.493   CS        : -5.199   CS+       : -2.395   HCS+      :-10.656   NS        : -3.110
   NS+       :  0.485   SO        : -2.809   SO+       :  1.740   OCS       :-14.819   OCS+      :-15.816   SO2       :-35.930
   SiS       :-10.623   SiS+      :-10.789   HSiS      :-35.930   HSiS+     :-14.163   S2        :-13.531   S2+       :-14.712
==== Cl     compounds ====
   HCl       : -2.146   HCl+      :  2.226   H2Cl+     : -7.411   CCl       :-35.930   CCl+      : -7.146   H2CCl+    :-35.930
   ClO       :-35.930   ClO+      :-35.930
==== Ar     compounds ====
   ArH+      :  5.289


               1      2      3      4      5      6      7      8      9     10     11     12     13     14     15     16     17

 Hydrogen   19.503 20.742 10.460 (H2)                Log10 Column density (cm^-2)
 Helium     18.111 19.600 18.937
 Lithium     6.384  9.764  8.838  7.663
 Beryllium   7.457  9.174 10.080  8.687  6.007
 Boron       6.871 10.547 10.732 11.308  8.756  5.228
 Carbon     13.154 16.233 17.050 16.406 15.386 12.204-30.000
 Nitrogen   14.922 15.749 16.386 15.924 14.494 13.038  9.368-30.000
 Oxygen     16.166 16.480 17.321 16.475 15.362 13.731 11.954-30.000-30.000
 Fluorine   11.008 12.018 13.248 12.314 11.507  9.651  7.256  5.608-30.000-30.000
 Neon       14.137 15.325 16.618 15.733 14.791 12.933 10.416-30.000-30.000-30.000-30.000
 Sodium     10.457 13.728 14.885 14.221 13.478 11.392  9.290-30.000-30.000-30.000-30.000-30.000
 Magnesium  13.762 15.340 16.233 15.527 14.723 13.184 10.805-30.000-30.000-30.000-30.000-30.000-30.000
 Aluminium  10.911 14.486 14.416 14.964 14.191 12.726 10.481  7.979-30.000-30.000-30.000-30.000-30.000-30.000
 Silicon    11.924 15.648 15.827 15.777 15.238 13.762 11.764  9.209-30.000-30.000-30.000-30.000-30.000-30.000-30.000
 Phosphorus  9.757 13.480 13.830 13.631 12.894 12.262 10.166  7.744-30.000-30.000-30.000-30.000-30.000-30.000-30.000-30.000
 Sulphur    11.628 14.984 15.622 15.378 14.140 13.526 12.600 10.182-30.000-30.000-30.000-30.000-30.000-30.000-30.000-30.000-30.000
 Chlorine    9.989 13.364 13.995 13.775 12.467 11.276 10.438  9.298-30.000-30.000-30.000-30.000-30.000-30.000-30.000-30.000-30.000
-30.000
 Argon      13.031 13.704 14.992 14.608 13.243 12.005 10.414  9.752  8.301-30.000-30.000-30.000-30.000-30.000-30.000-30.000-30.000
-30.000-30.000
 Potassium   8.814 12.802 13.632 13.107 11.761 10.248  8.816  7.637  6.141-30.000-30.000-30.000-30.000-30.000-30.000-30.000-30.000
-30.000-30.000-30.000
 Calcium     9.848 13.327 14.801 14.765 13.627 12.080 10.216  9.255  7.719-30.000-30.000-30.000-30.000-30.000-30.000-30.000-30.000
-30.000-30.000-30.000-30.000
 Scandium    6.200  9.925 10.837 11.847 10.616  9.454  7.441  5.988-30.000-30.000-30.000-30.000-30.000-30.000-30.000-30.000-30.000
-30.000-30.000-30.000-30.000-30.000
 Titanium    8.279 12.453 12.809 13.536 12.914 11.389  9.967  7.902  5.127-30.000-30.000-30.000-30.000-30.000-30.000-30.000-30.000
-30.000-30.000-30.000-30.000-30.000-30.000
 Vanadium    8.307 11.334 11.971 12.202 12.314 11.213  9.454  8.217  5.870-30.000-30.000-30.000-30.000-30.000-30.000-30.000-30.000
-30.000-30.000-30.000-30.000-30.000-30.000-30.000
 Chromium    9.288 13.265 13.757 13.979 13.869 13.001 11.787  9.953  8.529-30.000-30.000-30.000-30.000-30.000-30.000-30.000-30.000
-30.000-30.000-30.000-30.000-30.000-30.000-30.000-30.000
 Manganese   9.216 13.069 13.559 13.762 13.654 12.778 11.463  9.395  8.228  6.659-30.000-30.000-30.000-30.000-30.000-30.000-30.000
-30.000-30.000-30.000-30.000-30.000-30.000-30.000-30.000-30.000
 Iron       11.299 15.230 15.365 16.055 15.356 14.890 13.760 11.943  9.565-30.000-30.000-30.000-30.000-30.000-30.000-30.000-30.000
-30.000-30.000-30.000-30.000-30.000-30.000-30.000-30.000-30.000-30.000
 Cobalt     10.256 12.879 12.670 13.292 13.334 12.524 11.500  9.977  8.164  6.804-30.000-30.000-30.000-30.000-30.000-30.000-30.000
-30.000-30.000-30.000-30.000-30.000-30.000-30.000-30.000-30.000-30.000-30.000
 Nickel     10.439 14.139 14.223 14.660 14.149 13.789 12.708 11.266  9.373  8.005-30.000-30.000-30.000-30.000-30.000-30.000-30.000
-30.000-30.000-30.000-30.000-30.000-30.000-30.000-30.000-30.000-30.000-30.000-30.000
 Copper      8.556 11.629 12.383 12.662 12.023 11.707 10.762  9.605  7.721  6.140-30.000-30.000-30.000-30.000-30.000-30.000-30.000
-30.000-30.000-30.000-30.000-30.000-30.000-30.000-30.000-30.000-30.000-30.000-30.000-30.000
 Zinc        8.463 11.315 12.186 13.144 12.596 12.152 11.185 10.101  8.216  6.589-30.000-30.000-30.000-30.000-30.000-30.000-30.000
-30.000-30.000-30.000-30.000-30.000-30.000-30.000-30.000-30.000-30.000-30.000-30.000-30.000-30.000
 Exc state                  He[2] 13.857                 C+[2] 16.046                  C[1] 12.192                  C[2] 12.671
                             C[3] 12.894                  O[1] 16.131                  O[2] 14.778                  O[3] 14.724
                           Si+[1] 15.399                C+2[2] 12.774                C+2[3]  7.638                C+2[4] 12.097


 Hydrogen   -1.264 -0.024-10.006 (H2)                 Log10 Mean Ionisation (over radius)
 Helium     -1.586 -0.097 -0.760
 Lithium    -3.432 -0.052 -0.978 -2.153
 Beryllium  -2.689 -0.972 -0.067 -1.460 -4.140
 Boron      -4.596 -0.919 -0.735 -0.159 -2.711 -6.238
 Carbon     -4.043 -0.963 -0.147 -0.790 -1.811 -4.992
 Nitrogen   -1.674 -0.848 -0.210 -0.673 -2.103 -3.559 -7.228
 Oxygen     -1.291 -0.977 -0.136 -0.982 -2.095 -3.726 -5.503
 Fluorine   -2.318 -1.308 -0.079 -1.013 -1.819 -3.675 -6.070 -7.718
 Neon       -2.560 -1.371 -0.079 -0.964 -1.906 -3.764 -6.281
 Sodium     -4.551 -1.280 -0.123 -0.786 -1.529 -3.615 -5.718
 Magnesium  -2.605 -1.027 -0.134 -0.839 -1.643 -3.183 -5.562
 Aluminium  -4.306 -0.731 -0.801 -0.253 -1.025 -2.491 -4.736 -7.238
 Silicon    -4.353 -0.629 -0.450 -0.500 -1.039 -2.515 -4.514 -7.068
 Phosphorus -4.420 -0.697 -0.347 -0.546 -1.282 -1.915 -4.011 -6.433
 Sulphur    -4.259 -0.903 -0.265 -0.510 -1.747 -2.362 -3.287 -5.705
 Chlorine   -4.277 -0.902 -0.271 -0.492 -1.800 -2.991 -3.828 -4.968
 Argon      -2.135 -1.463 -0.175 -0.558 -1.923 -3.161 -4.753 -5.415 -6.866
 Potassium  -4.982 -0.995 -0.164 -0.690 -2.035 -3.548 -4.980 -6.159 -7.655
 Calcium    -5.259 -1.780 -0.306 -0.342 -1.480 -3.027 -4.891 -5.853 -7.388
 Scandium   -5.716 -1.991 -1.079 -0.069 -1.300 -2.462 -4.475 -5.928
 Titanium   -5.438 -1.264 -0.907 -0.181 -0.803 -2.328 -3.750 -5.814 -8.590
 Vanadium   -4.390 -1.362 -0.725 -0.495 -0.382 -1.484 -3.243 -4.480 -6.827
 Chromium   -5.119 -1.142 -0.651 -0.429 -0.538 -1.406 -2.620 -4.454 -5.878
 Manganese  -4.980 -1.127 -0.638 -0.434 -0.542 -1.418 -2.734 -4.802 -5.969 -7.537
 Iron       -4.967 -1.037 -0.901 -0.211 -0.911 -1.376 -2.506 -4.324 -6.701
 Cobalt     -3.500 -0.878 -1.087 -0.464 -0.423 -1.233 -2.257 -3.780 -5.593 -6.952
 Nickel     -4.548 -0.848 -0.764 -0.327 -0.837 -1.198 -2.279 -3.721 -5.614 -6.982
 Copper     -4.401 -1.328 -0.574 -0.295 -0.934 -1.250 -2.195 -3.352 -5.236 -6.817
 Zinc       -4.864 -2.012 -1.141 -0.182 -0.731 -1.175 -2.141 -3.226 -5.111 -6.738

               1      2      3      4      5      6      7      8      9     10     11     12     13     14     15     16     17

 Hydrogen   -1.585 -0.011-10.992 (H2)         Log10 Mean Ionisation (over radius*electron density)
 Helium     -2.044 -0.096 -0.722
 Lithium    -3.424 -0.057 -0.940 -2.114
 Beryllium  -2.726 -1.119 -0.053 -1.437 -4.109
 Boron      -4.661 -1.077 -0.724 -0.139 -2.684 -6.208
 Carbon     -4.129 -1.125 -0.134 -0.763 -1.771 -4.952
 Nitrogen   -2.268 -0.934 -0.192 -0.646 -2.064 -3.522 -7.186
 Oxygen     -1.671 -1.026 -0.118 -0.942 -2.054 -3.684 -5.461
 Fluorine   -3.086 -1.523 -0.073 -0.974 -1.778 -3.634 -6.029 -7.674
 Neon       -3.342 -1.562 -0.076 -0.926 -1.866 -3.723 -6.239
 Sodium     -4.890 -1.429 -0.123 -0.752 -1.491 -3.575 -5.678
 Magnesium  -2.647 -1.143 -0.129 -0.804 -1.605 -3.144 -5.522
 Aluminium  -4.326 -0.798 -0.800 -0.239 -0.994 -2.456 -4.700 -7.198
 Silicon    -4.378 -0.708 -0.433 -0.477 -1.007 -2.480 -4.477 -7.029
 Phosphorus -4.470 -0.772 -0.335 -0.523 -1.251 -1.882 -3.977 -6.398
 Sulphur    -4.327 -1.021 -0.258 -0.484 -1.716 -2.331 -3.255 -5.671
 Chlorine   -4.359 -1.021 -0.264 -0.466 -1.763 -2.959 -3.797 -4.937
 Argon      -2.688 -1.748 -0.172 -0.532 -1.886 -3.129 -4.722 -5.386 -6.826
 Potassium  -5.193 -1.119 -0.158 -0.661 -2.002 -3.514 -4.949 -6.132 -7.611
 Calcium    -5.279 -1.821 -0.329 -0.320 -1.444 -2.991 -4.861 -5.820 -7.349
 Scandium   -5.931 -2.281 -1.267 -0.054 -1.266 -2.427 -4.445 -5.898
 Titanium   -5.692 -1.568 -0.955 -0.161 -0.778 -2.293 -3.720 -5.784 -8.545
 Vanadium   -4.672 -1.706 -0.765 -0.476 -0.358 -1.446 -3.208 -4.448 -6.799
 Chromium   -5.293 -1.440 -0.656 -0.409 -0.512 -1.369 -2.583 -4.419 -5.842
 Manganese  -5.315 -1.420 -0.641 -0.415 -0.516 -1.381 -2.696 -4.767 -5.933 -7.495
 Iron       -5.137 -1.278 -0.906 -0.194 -0.874 -1.338 -2.466 -4.284 -6.661
 Cobalt     -3.629 -1.043 -1.083 -0.447 -0.398 -1.196 -2.221 -3.744 -5.559 -6.916
 Nickel     -4.714 -1.000 -0.755 -0.308 -0.803 -1.159 -2.239 -3.682 -5.576 -6.941
 Copper     -4.671 -1.725 -0.591 -0.276 -0.899 -1.211 -2.155 -3.313 -5.198 -6.776
 Zinc       -5.219 -2.505 -1.284 -0.177 -0.704 -1.137 -2.102 -3.188 -5.074 -6.698

               1      2      3      4      5      6      7      8      9     10     11     12     13     14     15     16     17

 Hydrogen    3.936  4.031  3.688 (H2)                  Log10 Mean Temperature (over radius)
 Helium      3.881  4.027  4.043
 Lithium     4.025  4.025  4.041  4.045
 Beryllium   4.038  3.992  4.031  4.029  4.031
 Boron       4.028  3.992  4.035  4.030  4.026  4.027
 Carbon      4.021  3.984  4.032  4.030  4.047  4.048
 Nitrogen    3.843  4.025  4.031  4.029  4.045  4.042  4.050
 Oxygen      3.922  4.037  4.029  4.045  4.051  4.051  4.051
 Fluorine    3.793  3.960  4.029  4.043  4.049  4.050  4.050  4.057
 Neon        3.785  3.962  4.028  4.042  4.048  4.049  4.050
 Sodium      3.913  3.976  4.027  4.037  4.044  4.047  4.046
 Magnesium   4.033  4.000  4.027  4.036  4.043  4.045  4.046
 Aluminium   4.043  4.023  4.028  4.026  4.032  4.037  4.039  4.046
 Silicon     4.037  4.017  4.031  4.026  4.032  4.037  4.039  4.044
 Phosphorus  4.025  4.014  4.030  4.028  4.032  4.034  4.036  4.037
 Sulphur     4.029  4.005  4.031  4.027  4.034  4.031  4.033  4.036
 Chlorine    4.023  4.002  4.031  4.028  4.041  4.034  4.033  4.032
 Argon       3.874  3.939  4.032  4.027  4.043  4.037  4.033  4.030  4.046
 Potassium   3.967  3.997  4.030  4.030  4.044  4.040  4.036  4.031  4.055
 Calcium     4.034  4.030  4.023  4.029  4.041  4.042  4.036  4.037  4.045
 Scandium    3.989  3.960  3.976  4.031  4.039  4.041  4.037  4.036
 Titanium    3.968  3.946  4.032  4.030  4.031  4.037  4.033  4.035  4.076
 Vanadium    3.962  3.931  4.037  4.029  4.028  4.042  4.039  4.034  4.028
 Chromium    3.998  3.949  4.047  4.026  4.027  4.042  4.042  4.039  4.039
 Manganese   3.935  3.951  4.047  4.024  4.029  4.043  4.044  4.040  4.040  4.050
 Iron        3.998  3.969  4.049  4.026  4.039  4.044  4.049  4.047  4.048
 Cobalt      4.015  3.996  4.052  4.028  4.027  4.041  4.040  4.041  4.036  4.039
 Nickel      3.995  4.000  4.046  4.022  4.035  4.044  4.046  4.045  4.044  4.047
 Copper      3.969  3.920  4.041  4.023  4.038  4.044  4.047  4.045  4.044  4.048
 Zinc        3.942  3.891  3.989  4.029  4.032  4.043  4.045  4.044  4.041  4.046

               1      2      3      4      5      6      7      8      9     10     11     12     13     14     15     16     17

 Hydrogen    4.003  4.032  3.741 (H2)          Log10 Mean Temperature (over radius*electron density)
 Helium      3.976  4.029  4.043
 Lithium     4.026  4.030  4.041  4.045
 Beryllium   4.043  4.028  4.032  4.031  4.032
 Boron       4.040  4.029  4.035  4.031  4.027  4.028
 Carbon      4.037  4.025  4.032  4.030  4.047  4.048
 Nitrogen    3.941  4.040  4.031  4.030  4.045  4.042  4.051
 Oxygen      3.988  4.044  4.029  4.045  4.051  4.051  4.051
 Fluorine    3.870  4.014  4.030  4.044  4.049  4.050  4.050  4.057
 Neon        3.864  4.017  4.030  4.043  4.048  4.050  4.050
 Sodium      3.992  4.021  4.030  4.037  4.045  4.047  4.046
 Magnesium   4.039  4.030  4.030  4.037  4.044  4.046  4.046
 Aluminium   4.047  4.040  4.032  4.029  4.032  4.038  4.039  4.046
 Silicon     4.042  4.039  4.031  4.027  4.032  4.037  4.039  4.044
 Phosphorus  4.037  4.034  4.032  4.029  4.033  4.034  4.036  4.037
 Sulphur     4.042  4.034  4.033  4.027  4.035  4.031  4.034  4.036
 Chlorine    4.039  4.032  4.033  4.028  4.042  4.035  4.034  4.032
 Argon       3.940  4.010  4.034  4.027  4.044  4.037  4.033  4.030  4.046
 Potassium   4.013  4.028  4.032  4.030  4.046  4.041  4.036  4.031  4.055
 Calcium     4.037  4.038  4.032  4.030  4.041  4.043  4.037  4.038  4.045
 Scandium    4.012  4.001  4.021  4.032  4.039  4.041  4.037  4.037
 Titanium    4.012  4.005  4.043  4.030  4.031  4.038  4.033  4.035  4.076
 Vanadium    4.005  4.000  4.045  4.029  4.028  4.043  4.040  4.035  4.029
 Chromium    4.025  4.007  4.048  4.026  4.028  4.042  4.043  4.039  4.040
 Manganese   3.999  4.007  4.048  4.024  4.029  4.043  4.045  4.041  4.041  4.050
 Iron        4.028  4.017  4.049  4.026  4.040  4.045  4.049  4.048  4.048
 Cobalt      4.035  4.033  4.052  4.028  4.028  4.041  4.040  4.041  4.037  4.039
 Nickel      4.033  4.036  4.046  4.022  4.036  4.044  4.046  4.045  4.044  4.048
 Copper      4.005  3.983  4.045  4.023  4.038  4.045  4.047  4.046  4.045  4.048
 Zinc        3.988  3.959  4.024  4.030  4.033  4.043  4.045  4.044  4.042  4.046

               1      2      3      4      5      6      7      8      9     10     11     12     13     14     15     16     17
AGN log nH=3.22 log U=-2.33  

---------------Convergence statistics---------------
      3.35 mean iterations/state convergence
      2.57 mean cx acceleration loops/iteration
      1.33 mean iso convergence loops/ion solve
      1.03 mean steps/chemistry solve
         1 mean step length searches/chemistry step
----------------------------------------------------

 Cloudy ends: 150 zones, 3 iterations. (single thread) ExecTime(s) 192.09
 [Stop in cdMain at maincl.cpp:590, Cloudy exited OK]
