                                                          Cloudy 25.00
                                                         www.nublado.org

                                                  PRNG seed: 0x82d590c1fd813bf3

                       **************************************25Aug25**************************************
                       *                                                                                 *
                       * title AGN log nH=1.89 log U=-1.00                                               *
                       * hden 1.8888888888888888                                                         *
                       * table AGN                                                                       *
                       * stop efrac 0.01                                                                 *
                       * ionization parameter -1.0                                                       *
                       * abundances GASS                                                                 *
                       * sphere                                                                          *
                       * stop temperature 4000 K                                                         *
                       * stop column density 22                                                          *
                       * iterate to convergence                                                          *
                       * save overview "AGNmodel_nH1.89_Um1.00_temp38333.33.txt"                         *
                       *                                                                                 *
                       ***********************************************************************************



           9244CellPeak1.00E+00   Lo 3.04e-09=  29.98m   Hi-Con:7.13E+06 Ryd   E(hi):7.35E+06Ryd     E(hi):     100.00 MeV
           I(nu>1ryd):   1.1863   Average nu:3.035E+00   I( X-ray):   0.3647   I(BalC):   0.6907     Phi(BalmrC):  11.6535
           phi(1.0-1.8):11.0622   phi(1.8-4.0): 10.955   phi(4.0-20): 10.417   phi(20--):  8.677     Ion pht flx:2.321E+11
           I(gam ray):   0.0792   phi(gam r):   6.4714   I(Infred):   0.9047   Alf(ox):  -1.4088     Total inten:   1.4517
           U(1.0----):1.000E-01   U(4.0----):1.146E-02   T(En-Den):1.879E+01   T(Comp):1.323E+07     nuJnu(912A):4.907E+00
           Occ(FarIR):2.573E-05   Occ(H n=6):1.733E-10   Occ(1Ryd):2.263E-16   Occ(4R):1.158E-18     Occ (Nu-hi):0.000E+00
           Tbr(FarIR):1.237E-08   Tbr(H n=6):7.590E-07   Tbr(1Ryd):3.573E-11   Tbr(4R):7.324E-13     Tbr (Nu-hi):0.000E+00
  
                                                  Gas Phase Chemical Composition
        H :  0.0000  He: -1.0701  Li:-10.9508  Be:-10.6198  B : -9.3002  C : -3.5702  N : -4.1701  O : -3.3098  F : -7.4401
        Ne: -4.0701  Na: -5.7595  Mg: -4.4001  Al: -5.5498  Si: -4.4895  P : -6.5901  S : -4.8794  Cl: -6.5003  Ar: -5.6003
        K : -6.9706  Ca: -5.6596  Sc: -8.8508  Ti: -7.0501  V : -8.0701  Cr: -6.3595  Mn: -6.5702  Fe: -4.5003  Co: -7.0101
                                               Ni: -5.7799  Cu: -7.8097  Zn: -7.4401
 
 ####  1  Te:1.748E+04 Hden:7.743E+01 Ne:9.090E+01 R:1.000E+30 R-R0:1.156E+16 dR:2.311E+16 NTR:  6 Htot:4.203E-20 T912: 1.00e+08###
 Hydrogen      5.86e-05 1.00e+00 H+o/Hden 1.00e+00 3.94e-13 H-    H2 7.25e-21 4.26e-14 H2+ HeH+ 1.59e-16 Ho+ ColD 1.05e+14 1.79e+18
 Helium        3.95e-07 6.18e-03 9.94e-01 HeI 2s3S 5.65e-10 Comp H,C 1.45e-23 1.92e-26 Fill Fac 1.00e+00 Gam1/tot 1.00e+00
 He singlet n  3.94e-07 1.07e-16 6.42e-23 5.17e-23 4.65e-23 6.66e-23 He tripl 5.65e-10 9.48e-21 1.61e-22 1.17e-21 1.95e-22
 Pressure      NgasTgas 3.06e+06 P(total) 4.22e-10 P( gas ) 4.22e-10 P(Radtn) 0.00e+00 Rad accl 1.34e-07 ForceMul 4.20e+02
 Texc(La)      3.38e+03 T(I con) 1.88e+01 T(D con) 2.43e+00 T(U tot) 1.88e+01 nT (c+d) 5.13e+06 Prad/Gas 0.00e+00 Pmag/Gas 0.00e+00
 Molecules     CH/Ctot: 6.38e-24 CH+/Ctot 1.37e-19 CO/Ctot: 5.44e-34 CO+/Ctot 5.07e-30 H2O/Otot 1.86e-39 OH/Ototl 7.96e-25
 Lithium       6.75e-08 3.12e-03 2.91e-01 7.06e-01 Berylliu 7.77e-07 1.73e-04 2.70e-01 6.50e-01 7.96e-02 sec ion: 3.14e-15
 Boron         6.92e-09 9.21e-05 6.31e-03 8.55e-01 1.37e-01 2.36e-03
 Carbon        1.77e-10 4.94e-06 3.53e-03 7.12e-02 8.96e-01 2.89e-02 1.75e-04 H2O+/O   7.14e-40 OH+/Otot 4.62e-25 Hex(tot) 0.00e+00
 Nitrogen      4.72e-11 1.84e-06 3.50e-03 1.31e-01 3.55e-01 5.04e-01 5.99e-03 1.52e-05 O2/Ototl 3.37e-35 O2+/Otot 1.66e-35
 Oxygen        1.52e-11 8.81e-07 1.86e-03 1.52e-01 4.55e-01 3.08e-01 8.25e-02 4.19e-04 5.02e-07
 Fluorine      7.50e-12 6.86e-07 1.19e-03 1.09e-01 6.23e-01 2.51e-01 1.31e-02 2.18e-03 5.26e-06 0.00e+00
 Neon          4.90e-12 4.55e-07 1.37e-03 9.80e-02 5.80e-01 3.03e-01 1.67e-02 9.91e-04 6.18e-05 0.00e+00 0.00e+00
 Sodium        1.56e-12 2.07e-07 6.77e-04 9.01e-02 6.50e-01 2.33e-01 2.56e-02 5.00e-04 1.02e-05 7.47e-07 0.00e+00 0.00e+00
 Magnesium     7.65e-10 8.88e-08 3.15e-04 4.77e-02 4.52e-01 4.44e-01 5.42e-02 1.60e-03 6.00e-05 1.12e-06 0.00e+00 0.00e+00 0.00e+00
 Aluminium  0  4.14e-10 1.57e-06 6.06e-05 1.93e-02 2.94e-01 5.94e-01 8.88e-02 3.81e-03 1.17e-04 1.53e-06 0.00e+00 0.00e+00 0.00e+00
 Silicon    0  1.01e-10 1.80e-06 2.62e-04 5.27e-03 2.39e-01 5.29e-01 2.14e-01 1.26e-02 4.95e-05 1.15e-06 0.00e+00 0.00e+00 0.00e+00
 Phosphorus 0  5.98e-11 2.70e-06 3.88e-04 7.67e-03 7.05e-02 6.53e-01 2.48e-01 1.91e-02 3.74e-04 5.37e-06 0.00e+00 0.00e+00 0.00e+00
 Sulphur    0  1.39e-11 1.25e-06 8.77e-04 2.55e-02 8.94e-02 2.28e-01 5.69e-01 8.55e-02 1.27e-03 1.46e-05 0.00e+00 0.00e+00 0.00e+00
 Chlorine   0  3.59e-11 2.73e-06 1.55e-03 6.48e-02 3.04e-01 2.84e-01 1.67e-01 1.69e-01 8.94e-03 1.78e-04 9.06e-07 0.00e+00 0.00e+00
 Argon      0  9.99e-12 7.30e-07 3.31e-03 7.43e-02 4.10e-01 4.23e-01 4.96e-02 2.77e-02 1.16e-02 3.09e-04 3.62e-06 0.00e+00 0.00e+00
 Potassium  0  2.06e-11 4.60e-06 2.78e-03 1.33e-01 4.76e-01 3.36e-01 4.60e-02 5.08e-03 1.05e-03 4.03e-04 7.00e-06 0.00e+00 0.00e+00
 Calcium    0  1.25e-11 3.81e-07 8.02e-04 6.26e-02 4.87e-01 4.04e-01 4.03e-02 4.47e-03 1.83e-04 9.62e-05 1.61e-05 0.00e+00 0.00e+00
 Scandium   0  5.62e-14 3.37e-09 1.70e-05 3.43e-02 2.54e-01 6.27e-01 7.53e-02 8.63e-03 2.52e-04 2.00e-05 1.89e-06 1.05e-06 0.00e+00
 Titanium   0  2.16e-13 1.34e-08 3.33e-05 1.91e-02 2.52e-01 4.93e-01 2.21e-01 1.49e-02 4.54e-04 2.59e-05 1.45e-06 3.15e-07 0.00e+00
 Vanadium   0  5.68e-15 3.05e-10 1.74e-06 6.78e-04 4.91e-02 6.56e-01 2.41e-01 5.22e-02 8.84e-04 2.61e-05 8.07e-07 3.02e-07 0.00e+00
 Chromium   0  1.30e-15 1.27e-10 8.53e-07 4.05e-04 2.67e-02 3.10e-01 5.63e-01 9.41e-02 6.32e-03 8.92e-05 2.16e-06 2.54e-07 0.00e+00
 Manganese  0  3.24e-15 1.72e-10 8.51e-07 4.42e-04 3.54e-02 3.98e-01 5.14e-01 4.79e-02 3.72e-03 2.69e-04 2.49e-06 0.00e+00 0.00e+00
 Iron       0  3.49e-15 2.61e-11 1.75e-07 1.49e-04 1.35e-02 2.03e-01 6.03e-01 1.78e-01 3.19e-03 1.64e-04 1.95e-06 0.00e+00 0.00e+00
 Cobalt     0  3.95e-16 1.34e-11 1.41e-07 1.13e-04 1.49e-02 2.33e-01 4.59e-01 2.70e-01 2.22e-02 1.39e-03 3.20e-05 3.26e-06 0.00e+00
 Nickel     0  3.81e-16 1.19e-11 9.66e-08 6.99e-05 8.78e-03 2.07e-01 4.26e-01 3.20e-01 3.58e-02 2.32e-03 3.03e-05 3.94e-06 1.69e-07
 Copper     0  1.69e-16 7.74e-12 7.39e-08 5.14e-05 5.99e-03 1.37e-01 4.34e-01 3.67e-01 5.17e-02 4.40e-03 8.06e-05 1.41e-06 2.19e-07
 Zinc       0  6.55e-16 1.48e-11 7.43e-08 4.92e-05 5.30e-03 1.17e-01 3.59e-01 4.47e-01 6.55e-02 6.37e-03 1.34e-04 8.05e-06 2.70e-07
 #### 91  Te:1.179E+04 Hden:7.743E+01 Ne:8.417E+01 R:1.000E+30 R-R0:1.290E+20 dR:3.869E+17 NTR: 18 Htot:4.133E-20 T912: 1.00e+08###
 P(Lines):(H  1 1215.67A 2.20) (C  4 1548.19A 0.36) (S  4 10.5076m 0.17) (C  4 1550.77A 0.17) (O  3 51.8004m 0.11) (O  3 88.3323m 0.11) 
 Hydrogen      5.41e-04 9.99e-01 H+o/Hden 1.00e+00 8.25e-13 H-    H2 4.68e-19 1.42e-13 H2+ HeH+ 1.81e-12 Ho+ ColD 1.50e+18 1.00e+22
 Helium        1.69e-04 9.99e-01 6.24e-04 HeI 2s3S 1.17e-07 Comp H,C 1.33e-23 1.22e-26 Fill Fac 1.00e+00 Gam1/tot 1.00e+00
 He singlet n  1.69e-04 6.51e-14 7.66e-19 1.31e-20 4.90e-20 1.60e-20 He tripl 1.17e-07 9.23e-16 9.24e-20 1.66e-18 4.76e-20
 Pressure      NgasTgas 1.98e+06 P(total) 3.41e-10 P( gas ) 2.74e-10 P(Radtn) 6.73e-11 Rad accl 1.54e-08 ForceMul 5.11e+01
 Texc(La)      4.49e+03 T(I con) 1.68e+01 T(D con) 1.48e+01 T(U tot) 1.89e+01 nT (c+d) 7.63e+06 Prad/Gas 1.97e-01 Pmag/Gas 0.00e+00
 Molecules     CH/Ctot: 4.03e-21 CH+/Ctot 1.69e-16 CO/Ctot: 1.02e-27 CO+/Ctot 8.13e-24 H2O/Otot 3.24e-35 OH/Ototl 1.11e-20
 Lithium       1.57e-05 9.99e-01 5.80e-04 1.44e-07 Berylliu 5.46e-06 3.03e-03 9.96e-01 1.20e-03 3.41e-07 sec ion: 5.30e-15
 Boron         2.83e-09 1.82e-04 1.42e-02 9.84e-01 1.22e-03 4.60e-07
 Carbon        3.76e-08 8.00e-04 2.50e-01 7.47e-01 3.02e-03 3.70e-06 0.00e+00 H2O+/O   2.34e-35 OH+/Otot 9.21e-21 Hex(tot) 0.00e+00
 Nitrogen      2.88e-08 2.07e-04 1.90e-01 8.07e-01 1.42e-03 1.79e-03 1.98e-06 0.00e+00 O2/Ototl 2.04e-27 O2+/Otot 6.06e-28
 Oxygen        1.67e-07 9.21e-04 9.95e-01 3.55e-03 8.98e-04 6.91e-06 1.47e-06 0.00e+00 0.00e+00
 Fluorine      4.20e-08 1.09e-03 9.92e-01 4.41e-03 2.09e-03 5.09e-06 6.54e-07 0.00e+00 0.00e+00 0.00e+00
 Neon          4.63e-08 1.40e-03 9.93e-01 3.89e-03 1.83e-03 4.30e-06 4.73e-07 0.00e+00 0.00e+00 0.00e+00 0.00e+00
 Sodium        1.02e-07 2.87e-03 9.85e-01 9.65e-03 2.23e-03 5.22e-06 1.26e-06 0.00e+00 0.00e+00 0.00e+00 0.00e+00 0.00e+00
 Magnesium     1.28e-05 4.40e-03 9.83e-01 1.06e-02 2.40e-03 1.55e-05 1.09e-06 0.00e+00 0.00e+00 0.00e+00 0.00e+00 0.00e+00 0.00e+00
 Aluminium  0  2.17e-08 9.32e-04 1.94e-02 9.70e-01 8.29e-03 1.59e-03 5.46e-06 4.92e-07 0.00e+00 0.00e+00 0.00e+00 0.00e+00 0.00e+00
 Silicon    0  5.16e-09 4.58e-04 2.07e-02 2.74e-01 7.00e-01 3.37e-03 6.22e-04 1.68e-06 0.00e+00 0.00e+00 0.00e+00 0.00e+00 0.00e+00
 Phosphorus 0  1.92e-08 9.46e-04 6.07e-02 5.87e-01 3.45e-01 5.41e-03 6.53e-04 2.91e-06 0.00e+00 0.00e+00 0.00e+00 0.00e+00 0.00e+00
 Sulphur    0  7.99e-09 3.25e-04 5.96e-02 7.17e-01 2.17e-01 3.26e-03 2.29e-03 1.11e-04 2.59e-07 0.00e+00 0.00e+00 0.00e+00 0.00e+00
 Chlorine   0  1.58e-08 4.38e-04 7.04e-02 8.56e-01 7.14e-02 9.76e-04 7.58e-04 4.51e-04 1.39e-06 0.00e+00 0.00e+00 0.00e+00 0.00e+00
 Argon      0  4.06e-09 4.88e-05 9.02e-02 9.06e-01 2.26e-03 1.04e-03 1.07e-04 1.73e-04 1.77e-06 0.00e+00 0.00e+00 0.00e+00 0.00e+00
 Potassium  0  8.83e-09 6.33e-04 1.73e-01 8.24e-01 1.79e-03 7.35e-04 1.02e-04 3.20e-05 3.63e-07 2.21e-07 0.00e+00 0.00e+00 0.00e+00
 Calcium    0  1.82e-09 1.01e-04 7.25e-02 9.18e-01 8.07e-03 1.19e-03 6.77e-05 2.00e-05 3.28e-06 1.18e-07 0.00e+00 0.00e+00 0.00e+00
 Scandium   0  1.91e-11 1.52e-06 1.53e-03 9.85e-01 8.36e-03 4.77e-03 1.08e-04 1.97e-05 1.25e-07 0.00e+00 0.00e+00 0.00e+00 0.00e+00
 Titanium   0  2.62e-11 1.66e-06 8.92e-04 2.52e-01 7.41e-01 4.95e-03 1.79e-03 2.06e-05 3.71e-06 0.00e+00 0.00e+00 0.00e+00 0.00e+00
 Vanadium   0  2.01e-11 3.97e-07 4.41e-04 7.46e-02 9.14e-01 8.36e-03 1.90e-03 3.43e-04 5.02e-06 3.30e-07 0.00e+00 0.00e+00 0.00e+00
 Chromium   0  4.53e-12 4.41e-07 7.09e-04 1.33e-01 8.55e-01 6.88e-03 3.99e-03 3.37e-04 1.86e-05 9.11e-07 0.00e+00 0.00e+00 0.00e+00
 Manganese  0  1.65e-11 4.43e-07 7.89e-04 1.56e-01 8.35e-01 5.79e-03 2.34e-03 1.27e-04 1.37e-05 2.66e-06 0.00e+00 0.00e+00 0.00e+00
 Iron       0  4.06e-11 1.00e-06 2.35e-03 9.78e-01 1.22e-02 6.78e-03 9.02e-04 5.02e-05 1.08e-06 2.23e-07 0.00e+00 0.00e+00 0.00e+00
 Cobalt     0  6.12e-12 1.21e-07 2.77e-04 1.02e-01 8.86e-01 8.16e-03 3.22e-03 7.03e-04 3.21e-05 3.92e-06 1.88e-07 0.00e+00 0.00e+00
 Nickel     0  7.29e-11 1.78e-06 3.61e-03 9.68e-01 1.69e-02 9.10e-03 2.37e-03 3.22e-04 9.09e-06 1.74e-06 0.00e+00 0.00e+00 0.00e+00
 Copper     0  4.95e-11 1.14e-06 4.20e-03 9.69e-01 1.40e-02 9.56e-03 2.33e-03 6.46e-04 1.73e-05 1.82e-06 0.00e+00 0.00e+00 0.00e+00
 Zinc       0  1.22e-10 1.35e-06 2.99e-03 9.64e-01 1.96e-02 9.61e-03 2.18e-03 1.19e-03 2.70e-05 2.57e-06 0.00e+00 0.00e+00 0.00e+00
   AGN log nH=1.89 log U=-1.00  
   Calculation stopped because H column dens reached. Iteration 1 of 10
   The geometry is plane-parallel.
  !Some input lines contained underscores, these were changed to spaces.
  !AGE: Cloud age was not set.  Longest timescale was 7.01e+10 s = 2.22e+03 years.
  !The CMB was not included.  This is added with the CMB command.
  !The ratio of radiation to gas pressure reached 5.20e-01 at zone 65.  Caused by Lyman alpha.
  !The radiation pressure jumped by 603% from 2.15e-10 (zone 65) to 1.96e-11 (zone 66) to 2.17e-11 (zone 67)
   Photoionization of upper levels of [O III] reached 7.0% of the total O++ photo rate.
   The density is too low to l-mix the lowest H  I collapsed level.  More resolved levels are needed for accurate line ratios.
   The density is too low to l-mix the lowest He I collapsed level.  More resolved levels are needed for accurate line ratios.
   Grains were not present but might survive in this environment (energy density temperature was 1.88e+01K)
   The continuum optical depth at the lowest energy considered (3.045e-09 Ryd) was 1.292e+03.

                       *********************************> Cloudy 25.00 <**********************************
                       * title AGN log nH=1.89 log U=-1.00                                               *
                       * hden 1.8888888888888888                                                         *
                       * table AGN                                                                       *
                       * stop efrac 0.01                                                                 *
                       * ionization parameter -1.0                                                       *
                       * abundances GASS                                                                 *
                       * sphere                                                                          *
                       * stop temperature 4000 K                                                         *
                       * stop column density 22                                                          *
                       * iterate to convergence                                                          *
                       * save overview "AGNmodel_nH1.89_Um1.00_temp38333.33.txt"                         *
                       *********************************> Log(U): -1.00 <*********************************

                     Emission Line Spectrum.   Constant  Density Model.  Closed geometry.  Iteration 1 of 10.
                                                     Intensity (erg/s/cm^2).


                                                   Intrinsic line intensities
general properties..............................      Ca A                949.323A    -2.742    0.0186      N  3                685.515A    -3.777    0.0017
Inci                      0      1.452  290.7335      Ca A                942.507A    -2.865    0.0140      N  3                686.336A    -3.121    0.0078
TotH                      0      0.647   45.6080      Ca A                937.389A    -2.978    0.0108      N  3                685.817A    -3.095    0.0083
TotC                      0      0.647   45.6176      Ca A                933.444A    -3.080    0.0085      N  3                452.227A    -3.199    0.0065
BFH1                      0      0.462   29.7840      Ca A                930.337A    -3.175    0.0069      Na 3                7.31570m    -2.953    0.0114
BFHe                      0      0.021   10.7869      Ca A                927.846A    -3.263    0.0056      Na 3                380.100A    -3.358    0.0045
TotM                      0     -0.325    4.8610      Ca A                925.816A    -3.345    0.0046      Na 3                267.643A    -3.909    0.0013
Cbnd                      0     -3.426    0.0039      Ca A                924.142A    -3.423    0.0039      Na 3                268.625A    -3.680    0.0021
ComH                      0     -2.753    0.0182      Ca A                922.743A    -3.495    0.0033      Na 3                267.871A    -3.684    0.0021
CT H                      0     -2.563    0.0281      Ca A                921.562A    -3.564    0.0028      Na 3                250.517A    -3.612    0.0025
H FB                      0     -0.621    2.4609      Ca A                920.556A    -3.630    0.0024      Na 3                251.373A    -3.855    0.0014
HFBc                      0     -0.621    2.4609      Ca A                919.693A    -3.692    0.0021      Na 4                9.03096m    -3.360    0.0045
H  1c                     0     -2.444    0.0370      Ca A                918.945A    -3.751    0.0018      Na 4                3241.50A    -3.688    0.0021
He 1c                     0     -2.894    0.0131      Ca A                918.295A    -3.808    0.0016      Na 4                410.371A    -3.909    0.0013
Al 3c                     0     -3.957    0.0011      Ca A                917.724A    -3.862    0.0014      Na 4                412.244A    -3.692    0.0021
Al 6c                     0     -1.948    0.1158      Ca A                4685.68A    -1.664    0.2230      Na 4                411.333A    -3.922    0.0012
Ar 3c                     0     -2.499    0.0326      Ca A                3203.08A    -2.047    0.0922      Na 5                2067.25A    -3.697    0.0021
Ar 4c                     0     -1.766    0.1763      Ca A                2733.28A    -2.332    0.0478      Na 5                2069.09A    -3.603    0.0026
Ar 5c                     0     -1.593    0.2622      Ca A                2511.19A    -2.559    0.0284      Na 5                463.270A    -3.456    0.0036
Ar 6c                     0     -1.864    0.1406      Ca A                2385.39A    -2.747    0.0184      Na 5                461.057A    -3.487    0.0033
C  3c                     0     -1.806    0.1606      Ca A                2306.18A    -2.909    0.0127      Na 5                459.901A    -3.547    0.0029
Ca 4c                     0     -1.944    0.1169      Ca A                2252.67A    -3.052    0.0091      Ne 4                2421.66A    -2.172    0.0692
Fe 3c                     0     -3.216    0.0062      Ca A                2214.65A    -3.179    0.0068      Ne 4                2424.28A    -2.003    0.1020
Fe 7c                     0     -0.839    1.4889      Ca A                2186.59A    -3.293    0.0052      Ne 4                1601.61A    -3.835    0.0015
K  3c                     0     -3.961    0.0011      Ca A                2165.23A    -3.398    0.0041      Ne 4                1601.45A    -3.455    0.0036
K  4c                     0     -2.914    0.0125      Ca A                2148.58A    -3.495    0.0033      Ne 4                541.126A    -3.324    0.0049
Mg 7c                     0     -2.361    0.0448      Ca A                2135.34A    -3.585    0.0027      Ne 4                542.076A    -3.285    0.0053
N  4c                     0     -1.902    0.1286      Ca A                2124.61A    -3.668    0.0022      Ne 4                543.886A    -3.262    0.0056
N  5c                     0     -2.070    0.0875      Ca A                2115.81A    -3.747    0.0018      Ne 4                208.903A    -3.552    0.0029
Na 6c                     0     -2.942    0.0117      Ca A                2108.49A    -3.820    0.0016      Ne 4                208.737A    -3.488    0.0033
Ne 3c                     0     -0.837    1.4952      Ca A                2102.33A    -3.890    0.0013      Ne 6                7.65019m    -1.293    0.5235
Ne 5c                     0     -0.540    2.9608      Ca A                2097.10A    -3.956    0.0011      Ne 6                558.603A    -3.651    0.0023
O  2c                     0     -3.130    0.0076      Ca A                1.01235m    -2.221    0.0618      Ne 6                562.711A    -3.533    0.0030
O  3c                     0      0.295   20.2769      Ca A                6560.01A    -2.522    0.0309      Ne 6                435.646A    -3.315    0.0050
O  5c                     0     -1.864    0.1405      Ca A                5411.45A    -2.763    0.0177      Ne 6                401.146A    -3.843    0.0015
S  3c                     0     -1.826    0.1534      Ca A                4859.26A    -2.961    0.0112      Ne 6                403.260A    -3.173    0.0069
S  5c                     0     -3.536    0.0030      Ca A                4541.54A    -3.129    0.0076      Ne 6                401.941A    -3.175    0.0069
Si 3c                     0     -3.110    0.0080      Ca A                4338.62A    -3.276    0.0054      Ne 7                465.221A    -3.384    0.0042
Si 4c                     0     -2.592    0.0263      Ca A                4199.78A    -3.407    0.0040      Ne 8                770.428A    -3.865    0.0014
Si 7c                     0     -2.276    0.0545      Ca A                4099.99A    -3.525    0.0031      O  4                25.8863m    -0.478    3.4166
Ti 6c                     0     -3.394    0.0042      Ca A                4025.55A    -3.632    0.0024      O  4                1399.78A    -3.076    0.0086
Al 5c                     0     -3.007    0.0101      Ca A                3968.39A    -3.730    0.0019      O  4                1407.38A    -3.064    0.0089
C  4c                     0     -0.839    1.4891      Ca A                3923.44A    -3.822    0.0015      O  4                1397.23A    -3.535    0.0030
Ca 5c                     0     -1.957    0.1136      Ca A                3887.40A    -3.906    0.0013      O  4                1404.81A    -2.650    0.0230
Ca 7c                     0     -3.999    0.0010      Ca A                3858.03A    -3.986    0.0011      O  4                1401.16A    -2.721    0.0196
Ca 8c                     0     -3.852    0.0014      Ca A                1.86365m    -2.681    0.0214      O  4                787.710A    -3.615    0.0025
Cl 3c                     0     -3.609    0.0025      Ca A                1.16262m    -2.923    0.0123      O  4                790.114A    -2.940    0.0118
Cl 4c                     0     -1.901    0.1292      Ca A                9344.80A    -3.129    0.0076      O  4                790.201A    -3.355    0.0045
Fe 4c                     0     -1.075    0.8651      Ca A                8236.67A    -3.304    0.0051      O  4                609.830A    -2.821    0.0155
Fe 5c                     0     -1.603    0.2561      Ca A                7592.65A    -3.456    0.0036      O  4                554.076A    -3.591    0.0026
Fe 6c                     0     -0.896    1.3048      Ca A                7177.41A    -3.590    0.0026      O  4                555.264A    -2.561    0.0282
Fe 8c                     0     -2.050    0.0917      Ca A                6890.80A    -3.710    0.0020      O  4                554.514A    -2.672    0.0219
K  5c                     0     -3.362    0.0045      Ca A                6683.11A    -3.820    0.0016      O  6                1037.61A    -2.484    0.0337
K  6c                     0     -3.436    0.0038      Ca A                6527.01A    -3.920    0.0012      O  6                1031.91A    -2.238    0.0594
Mg 2c                     0     -2.653    0.0229      Ca A                3.09080m    -3.075    0.0086      O  6                184.117A    -3.801    0.0016
Mg 4c                     0     -2.209    0.0635      Ca A                1.87431m    -3.273    0.0055      O  6                150.125A    -3.589    0.0026
Mg 5c                     0     -1.400    0.4095      Ca A                1.47602m    -3.452    0.0036      O  6                150.089A    -3.576    0.0027
Mg 6c                     0     -2.656    0.0227      Ca A                1.28127m    -3.607    0.0025      P  5                1128.01A    -3.591    0.0026
Mg 8c                     0     -3.754    0.0018      Ca A                1.16730m    -3.744    0.0019      P  5                1117.98A    -3.494    0.0033
N  3c                     0     -2.015    0.0993      Ca A                1.09334m    -3.867    0.0014      S  4                10.5076m    -0.516    3.1341
Na 3c                     0     -2.955    0.0114      Ca A                1.04197m    -3.978    0.0011      S  4                1423.84A    -3.950    0.0012
Na 4c                     0     -3.133    0.0076      Ca A                4.76213m    -3.420    0.0039      S  4                1416.89A    -3.585    0.0027
Na 5c                     0     -3.329    0.0048      Ca A                2.82519m    -3.584    0.0027      S  4                1406.02A    -3.548    0.0029
Ne 4c                     0     -1.763    0.1775      Ca A                2.18848m    -3.740    0.0019      S  4                1062.66A    -3.917    0.0012
Ne 6c                     0     -1.292    0.5242      Ca A                1.87570m    -3.879    0.0014      S  4                1073.52A    -3.620    0.0025
O  4c                     0     -0.470    3.4820      Ca A                1.69181m    -4.004    0.0010      S  4                1072.97A    -3.826    0.0015
O  6c                     0     -2.116    0.0786      Ca A                6.94599m    -3.727    0.0019      S  4                815.941A    -3.240    0.0059
S  4c                     0     -0.515    3.1420      Ca A                4.04945m    -3.863    0.0014      S  4                753.760A    -2.953    0.0114
S  6c                     0     -3.616    0.0025      Ca A                3.09460m    -4.001    0.0010      S  4                750.221A    -3.009    0.0101
S  8c                     0     -3.481    0.0034      Ca A                9.71069m    -4.003    0.0010      S  4                657.319A    -3.787    0.0017
Si 6c                     0     -1.954    0.1144      Ca B                1640.41A    -0.798    1.6375      S  4                661.455A    -2.776    0.0172
continua........................................      Ca B                1215.13A    -1.300    0.5152      S  4                661.396A    -3.731    0.0019
Bac                 3646.00A     0.172   15.2595      Ca B                1084.94A    -1.645    0.2328      S  4                554.027A    -3.261    0.0056
nFnu                3645.00A     0.290   20.0553      Ca B                1025.27A    -1.908    0.1270      S  6                944.523A    -3.210    0.0063
nFnu                3647.00A    -0.331    4.7958      Ca B                992.358A    -2.122    0.0776      S  6                933.378A    -3.073    0.0087
cout                3646.00A     0.172   15.2595      Ca B                972.106A    -2.302    0.0513      S  8                9913.98A    -3.478    0.0034
thin                3646.00A     0.172   15.2595      Ca B                958.693A    -2.458    0.0358      Si 5                117.853A    -3.907    0.0013
Inci                4860.00A     0.348   22.8848      Ca B                949.323A    -2.597    0.0260      Si 6                1.96247m    -1.953    0.1145
Inci                1367.00A     0.603   41.1818      Ca B                942.507A    -2.721    0.0195      Si 6                246.002A    -3.903    0.0013
Inci                2066.00A     0.513   33.4943      Ca B                937.389A    -2.833    0.0151      Si 6                249.124A    -3.180    0.0068
Inci                1215.00A     0.628   43.6729      Ca B                933.444A    -2.937    0.0119      Si 8                319.826A    -3.700    0.0021
Ba C                      0     -0.473    3.4606      Ca B                930.337A    -3.032    0.0095      Si 8                316.206A    -3.756    0.0018
PA C                      0     -0.893    1.3137      Ca B                927.846A    -3.120    0.0078      Si 8                314.327A    -3.877    0.0014
FIR                 83.0000m    -0.304    5.1087      Ca B                925.816A    -3.203    0.0064      level 1 lines...................................
TIR                 1800.00m    -3.009    0.0101      Ca B                924.142A    -3.281    0.0054      recombination...................................
NIRa                2.85000m     0.921   85.6658      Ca B                922.743A    -3.354    0.0045      C  2                1335.00A    -2.708    0.0201
NIRb                3.00000m     0.598   40.6944      Ca B                921.562A    -3.423    0.0039      C  3                8197.00A    -3.858    0.0014
MIRa                15.0000m     0.485   31.4241      Ca B                920.556A    -3.489    0.0033      C  3                2726.00A    -3.929    0.0012
MIRb                22.5000m     0.536   35.2837      Ca B                919.693A    -3.551    0.0029      C  3                4069.00A    -3.463    0.0035
NMIR                21.7500m     0.921   85.6658      Ca B                918.945A    -3.611    0.0025      C  3                1923.00A    -2.800    0.0163
TFIR                611.250m    -2.452    0.0363      Ca B                918.295A    -3.667    0.0022      C  3                4649.00A    -3.486    0.0034
TALL                10000.0A     1.458  294.7020      Ca B                917.724A    -3.722    0.0020      C  3                4187.00A    -3.921    0.0012
F12                 12.0000m     0.133   13.9489      Ca B                4685.68A    -1.635    0.2383      C  3                2163.00A    -3.625    0.0024
F25                 25.0000m    -0.250    5.7825      Ca B                3203.08A    -2.007    0.1011      C  4                4659.00A    -3.676    0.0022
F60                 60.0000m    -0.513    3.1525      Ca B                2733.28A    -2.287    0.0531      C  4                2529.00A    -3.242    0.0059
F100                100.000m    -0.728    1.9231      Ca B                2511.19A    -2.511    0.0317      C  4                1549.00A    -2.433    0.0379
MIPS                24.0000m    -0.296    5.1998      Ca B                2385.39A    -2.698    0.0206      N  3                4379.00A    -3.942    0.0012
MIPS                70.0000m    -2.288    0.0529      Ca B                2306.18A    -2.859    0.0142      N  3                1885.00A    -3.403    0.0041
MIPS                160.000m    -3.190    0.0066      Ca B                2252.67A    -3.000    0.0103      N  4                1036.00A    -3.639    0.0024
IRAC                3.60000m    -0.285    5.3339      Ca B                2214.65A    -3.127    0.0077      N  5                1620.00A    -3.797    0.0016
IRAC                4.50000m    -0.257    5.6919      Ca B                2186.59A    -3.241    0.0059      O  2                4094.00A    -3.927    0.0012
IRAC                5.80000m    -0.221    6.1745      Ca B                2165.23A    -3.346    0.0046      O  2                4075.00A    -3.572    0.0028
IRAC                8.00000m    -0.048    9.1916      Ca B                2148.58A    -3.442    0.0037      O  2                4111.00A    -3.881    0.0014
SPR1                250.000m    -3.231    0.0060      Ca B                2135.34A    -3.532    0.0030      O  2                4651.00A    -3.349    0.0046
SPR2                350.000m    -3.349    0.0046      Ca B                2124.61A    -3.616    0.0025      O  2                4341.00A    -3.626    0.0024
SPR3                500.000m    -3.406    0.0040      Ca B                2115.81A    -3.694    0.0021      O  3                3265.00A    -3.634    0.0024
PAC1                70.0000m    -2.262    0.0562      Ca B                2108.49A    -3.767    0.0018      O  3                3762.00A    -3.886    0.0013
PAC2                100.000m    -0.728    1.9230      Ca B                2102.33A    -3.837    0.0015      O  4                4632.00A    -3.795    0.0016
PAC3                160.000m    -2.912    0.0126      Ca B                2097.10A    -3.903    0.0013      O  4                2450.00A    -3.357    0.0045
PAH                 3.30000m    -1.153    0.7226      Ca B                2092.63A    -3.966    0.0011      O  4                1068.00A    -3.137    0.0075
PAHC                3.23000m    -1.327    0.4837      Ca B                1.01235m    -2.209    0.0635      O  5                2942.00A    -3.612    0.0025
PAHC                3.37000m    -1.458    0.3583      Ca B                6560.01A    -2.505    0.0321      O  5                1644.00A    -3.403    0.0041
PAH                 6.20000m    -0.730    1.9134      Ca B                5411.45A    -2.743    0.0186      O  6                2070.00A    -3.986    0.0011
PAHC                5.65000m    -0.621    2.4577      Ca B                4859.26A    -2.939    0.0118      O  6                1125.00A    -3.574    0.0027
PAH                 7.90000m    -0.439    3.7373      Ca B                4541.54A    -3.106    0.0080      C  2                1092.50A    -3.767    0.0018
PAHC                6.90000m    -0.481    3.3968      Ca B                4338.62A    -3.252    0.0057      C  2                1036.80A    -3.386    0.0042
PAH                 11.3000m    -1.277    0.5433      Ca B                4199.78A    -3.382    0.0043      C  2                946.100A    -3.438    0.0037
PAHC                10.9000m    -1.212    0.6306      Ca B                4099.99A    -3.499    0.0033      C  2                799.800A    -2.548    0.0291
PAH                 11.8000m    -1.100    0.8160      Ca B                4025.55A    -3.606    0.0025      C  3                2512.20A    -3.364    0.0044
PAHC                12.6500m    -1.228    0.6085      Ca B                3968.39A    -3.704    0.0020      C  3                2440.00A    -3.830    0.0015
PAH                 13.3000m    -1.180    0.6787      Ca B                3923.44A    -3.795    0.0016      C  3                2296.90A    -2.317    0.0496
PAHC                14.1000m    -0.870    1.3864      Ca B                3887.40A    -3.880    0.0014      C  3                2296.10A    -3.561    0.0028
Bcon                3640.00A     0.984   99.0071      Ca B                3858.03A    -3.959    0.0011      C  3                2200.40A    -3.390    0.0042
Pcon                5000.00A     0.652   46.0918      Ca B                1.86365m    -2.674    0.0217      C  3                2114.30A    -3.476    0.0034
O3bn                5007.00A     0.071   12.1104      Ca B                1.16262m    -2.914    0.0125      C  3                2017.40A    -3.162    0.0071
SX                  25.0000A    -0.998    1.0324      Ca B                9344.80A    -3.118    0.0078      C  3                1923.30A    -3.550    0.0029
HX                  4.70000A    -0.243    5.8782      Ca B                8236.67A    -3.292    0.0052      C  3                1828.00A    -2.353    0.0456
ROSA                12.3980A    -0.569    2.7701      Ca B                7592.65A    -3.442    0.0037      C  3                1796.80A    -3.506    0.0032
HFFc                      0     -0.711    2.0011      Ca B                7177.41A    -3.576    0.0027      C  3                1777.90A    -3.923    0.0012
H FF                      0     -0.780    1.7073      Ca B                6890.80A    -3.696    0.0021      C  3                1701.60A    -3.657    0.0023
HeFF                      0     -1.567    0.2785      Ca B                6683.11A    -3.804    0.0016      C  3                1633.60A    -3.579    0.0027
MeFB                      0     -2.163    0.0705      Ca B                6527.01A    -3.904    0.0013      C  3                1620.30A    -3.891    0.0013
MeFF                      0     -2.827    0.0153      Ca B                6406.30A    -3.997    0.0010      C  3                1577.10A    -2.295    0.0521
ToFF                      0     -0.711    2.0011      Ca B                3.09080m    -3.070    0.0087      C  3                1548.90A    -3.458    0.0036
nFnu                6915.34m    -3.951    0.0012      Ca B                1.87431m    -3.267    0.0056      C  3                1516.30A    -3.856    0.0014
nFnu                122.367m    -2.479    0.0341      Ca B                1.47602m    -3.444    0.0037      C  3                1491.20A    -3.335    0.0048
nInu                122.367m    -3.458    0.0036      Ca B                1.28127m    -3.599    0.0026      C  3                1480.40A    -3.802    0.0016
nFnu                60.8157m    -2.234    0.0600      Ca B                1.16730m    -3.735    0.0019      C  3                1478.10A    -3.333    0.0048
nInu                60.8157m    -2.399    0.0410      Ca B                1.09334m    -3.858    0.0014      C  3                1381.70A    -3.906    0.0013
nFnu                41.2039m    -2.089    0.0837      Ca B                1.04197m    -3.968    0.0011      C  3                1296.30A    -3.448    0.0037
nInu                41.2039m    -1.807    0.1604      Ca B                4.76213m    -3.415    0.0040      C  3                1247.40A    -2.811    0.0159
nFnu                30.8611m    -1.985    0.1063      Ca B                2.82519m    -3.579    0.0027      C  3                1175.70A    -2.137    0.0750
nInu                30.8611m    -1.366    0.4426      Ca B                2.18848m    -3.734    0.0019      C  3                977.000A    -1.801    0.1626
nFnu                24.7761m    -1.906    0.1275      Ca B                1.87570m    -3.873    0.0014      C  3                574.300A    -2.885    0.0134
nInu                24.7761m    -1.032    0.9557      Ca B                1.69181m    -3.997    0.0010      C  3                538.200A    -2.886    0.0134
nFnu                24.2932m    -1.900    0.1295      Ca B                6.94599m    -3.722    0.0019      C  3                511.500A    -2.853    0.0144
nInu                24.2932m    -1.001    1.0250      Ca B                4.04945m    -3.859    0.0014      C  3                493.500A    -2.563    0.0281
nFnu                22.8240m    -1.877    0.1364      Ca B                3.09460m    -3.996    0.0010      C  3                492.600A    -2.705    0.0203
nInu                22.8240m    -0.910    1.2645      Ca B                9.71069m    -3.998    0.0010      C  3                483.700A    -2.725    0.0194
nFnu                21.4141m    -1.855    0.1434      He 2                607.571A    -0.284    5.3439      C  3                476.000A    -2.565    0.0280
nInu                21.4141m    -0.814    1.5782      He 2                303.784A     0.065   11.9490      C  3                459.600A    -1.671    0.2190
nFnu                21.1177m    -1.849    0.1454      He 2                256.317A    -2.896    0.0130      C  3                450.700A    -2.844    0.0147
nInu                21.1177m    -0.788    1.6730      He 2                243.027A    -3.007    0.0101      C  3                433.300A    -2.887    0.0133
nFnu                19.6146m    -1.822    0.1548      He 2                237.331A    -3.067    0.0088      C  3                411.700A    -1.692    0.2088
nInu                19.6146m    -0.677    2.1625      He 2                234.347A    -3.101    0.0081      C  3                398.400A    -1.875    0.1369
nFnu                17.6486m    -1.784    0.1690      He 2                232.584A    -3.130    0.0076      C  3                371.700A    -2.550    0.0290
nInu                17.6486m    -0.520    3.1045      He 2                231.454A    -3.150    0.0073      N  2                1085.10A    -3.893    0.0013
nFnu                17.3653m    -1.778    0.1713      He 2                230.686A    -3.174    0.0069      N  2                646.400A    -3.949    0.0012
nInu                17.3653m    -0.495    3.2910      He 2                230.139A    -3.194    0.0066      N  3                2188.10A    -3.564    0.0028
nFnu                15.6859m    -1.743    0.1858      He 2                229.736A    -3.220    0.0062      N  3                2064.30A    -3.141    0.0074
nInu                15.6859m    -0.337    4.7246      He 2                229.431A    -3.234    0.0060      N  3                1498.30A    -3.615    0.0025
nFnu                14.5997m    -1.716    0.1978      He 2                229.194A    -3.248    0.0058      N  3                991.000A    -1.941    0.1177
nInu                14.5997m    -0.231    6.0360      He 2                229.006A    -3.261    0.0056      N  3                979.900A    -3.937    0.0012
nFnu                12.4266m    -1.653    0.2283      He 2                228.855A    -3.274    0.0055      N  3                782.900A    -2.915    0.0125
nInu                12.4266m     0.017   10.6902      He 2                228.731A    -3.285    0.0053      N  3                764.000A    -2.475    0.0344
nFnu                11.3969m    -1.624    0.2441      He 2                228.629A    -3.294    0.0052      N  3                685.700A    -2.723    0.0194
nInu                11.3969m     0.149   14.4778      He 2                228.543A    -3.302    0.0051      N  3                472.300A    -3.018    0.0099
nFnu                10.4572m    -1.589    0.2646      He 2                228.471A    -3.308    0.0051      N  3                418.800A    -2.443    0.0371
nInu                10.4572m     0.281   19.6072      He 2                228.409A    -3.310    0.0050      N  3                411.300A    -2.999    0.0103
nFnu                9.47744m    -1.557    0.2849      He 2                228.356A    -3.306    0.0051      N  3                391.300A    -2.846    0.0147
nInu                9.47744m     0.348   22.8861      He 2                1640.41A    -0.817    1.5660      N  3                387.400A    -2.371    0.0437
nFnu                9.32234m    -1.552    0.2885      He 2                1215.13A    -1.284    0.5343      N  3                374.400A    -2.535    0.0300
nInu                9.32234m     0.348   22.8861      He 2                1084.94A    -1.619    0.2468      N  3                348.700A    -1.781    0.1703
nFnu                8.20812m    -1.502    0.3237      He 2                1025.27A    -1.878    0.1359      N  3                340.200A    -2.122    0.0775
nInu                8.20812m     0.348   22.8861      He 2                992.358A    -2.090    0.0836      N  3                323.300A    -2.761    0.0178
nFnu                7.57793m    -1.476    0.3435      He 2                972.106A    -2.267    0.0555      N  3                311.600A    -2.957    0.0114
nInu                7.57793m     0.348   22.8860      He 2                958.693A    -2.421    0.0390      N  4                1718.60A    -3.618    0.0025
nFnu                7.04834m    -1.441    0.3725      He 2                949.323A    -2.556    0.0286      N  4                1325.30A    -3.942    0.0012
nInu                7.04834m     0.348   22.8860      He 2                942.507A    -2.451    0.0364      N  4                923.200A    -3.394    0.0041
nFnu                4.11258m    -1.234    0.6003      He 2                937.389A    -2.547    0.0292      N  4                765.100A    -3.056    0.0090
nInu                4.11258m     0.348   22.8858      He 2                933.444A    -2.636    0.0238      N  4                715.700A    -3.896    0.0013
nFnu                2.32377m    -1.045    0.9265      He 2                930.337A    -2.717    0.0197      N  4                678.000A    -3.956    0.0011
nInu                2.32377m     0.348   22.8855      He 2                927.846A    -2.793    0.0166      N  4                322.600A    -3.614    0.0025
nFnu                1.64268m    -0.901    1.2908      He 2                925.816A    -2.863    0.0141      N  4                297.700A    -3.611    0.0025
nInu                1.64268m     0.348   22.8853      He 2                924.142A    -2.928    0.0121      N  4                283.500A    -2.926    0.0122
nFnu                1.47981m    -0.886    1.3365      He 2                922.743A    -2.987    0.0106      N  4                239.600A    -3.226    0.0061
nInu                1.47981m     0.348   22.8853      He 2                921.562A    -3.041    0.0093      N  4                234.200A    -3.897    0.0013
nFnu                1.43610m    -0.736    1.8851      He 2                920.556A    -3.089    0.0084      N  4                225.300A    -2.933    0.0120
nInu                1.43610m     0.348   22.8853      He 2                919.693A    -3.130    0.0076      N  4                221.800A    -3.639    0.0024
nFnu                1.11836m    -0.712    1.9961      He 2                4685.68A    -1.719    0.1965      N  4                217.900A    -3.322    0.0049
nInu                1.11836m     0.348   22.8851      He 2                3203.08A    -2.035    0.0948      N  4                177.600A    -3.399    0.0041
nFnu                8327.39A    -0.688    2.1073      He 2                2733.28A    -2.296    0.0520      O  2                386.300A    -2.300    0.0515
nInu                8327.39A     0.348   22.8850      He 2                2511.19A    -2.510    0.0318      O  2                385.700A    -2.477    0.0342
nFnu                8076.39A    -0.380    4.2868      He 2                2385.39A    -2.691    0.0209      O  3                1947.20A    -3.913    0.0013
nInu                8076.39A     0.348   22.8850      He 2                2306.18A    -2.848    0.0146      O  3                834.500A    -2.195    0.0656
nFnu                6207.94A    -0.400    4.0906      He 2                2252.67A    -2.985    0.0106      O  3                703.400A    -2.523    0.0308
nInu                6207.94A     0.348   22.8849      He 2                2214.65A    -2.966    0.0111      O  3                599.600A    -3.026    0.0097
nFnu                4884.00A    -0.396    4.1267      He 2                2186.59A    -3.062    0.0089      O  3                541.600A    -2.994    0.0104
nInu                4884.00A     0.348   22.8848      He 2                2165.23A    -3.150    0.0073      O  3                374.100A    -2.660    0.0225
nFnu                3703.28A    -0.354    4.5529      He 2                2148.58A    -3.232    0.0060      O  3                320.700A    -2.662    0.0224
nInu                3703.28A     0.386   25.0160      He 2                2135.34A    -3.307    0.0051      O  3                300.500A    -2.037    0.0943
nFnu                3586.64A     0.283   19.7356      He 2                2124.61A    -3.377    0.0043      O  3                299.300A    -2.434    0.0378
nInu                3586.64A     0.393   25.3941      He 2                2115.81A    -3.441    0.0037      O  4                3037.90A    -3.705    0.0020
nFnu                2429.31A     0.090   12.6347      He 2                2108.49A    -3.501    0.0032      O  4                2620.00A    -3.903    0.0013
nInu                2429.31A     0.477   30.8487      He 2                2102.33A    -3.555    0.0029      O  4                2511.20A    -3.678    0.0022
nFnu                2391.30A     0.087   12.5518      He 2                2097.10A    -3.603    0.0026      O  4                1341.80A    -2.982    0.0107
nInu                2391.30A     0.481   31.1070      He 2                2092.63A    -3.643    0.0023      O  4                1289.40A    -3.274    0.0055
nFnu                2070.68A     0.095   12.7821      He 2                1.01235m    -2.341    0.0469      O  4                1212.90A    -3.570    0.0028
nInu                2070.68A     0.512   33.4202      He 2                6560.01A    -2.574    0.0274      O  4                1046.00A    -3.913    0.0013
nFnu                2052.02A     0.114   13.3462      He 2                5411.45A    -2.786    0.0168      O  4                922.700A    -2.954    0.0114
nInu                2052.02A     0.514   33.5878      He 2                4859.26A    -2.969    0.0110      O  4                844.400A    -2.804    0.0161
nFnu                1793.44A     0.182   15.6267      He 2                4541.54A    -3.128    0.0077      O  4                789.400A    -1.463    0.3542
nInu                1793.44A     0.543   35.9053      He 2                4338.62A    -3.268    0.0055      O  4                779.900A    -2.010    0.1004
nFnu                1585.12A     0.211   16.6871      He 2                4199.78A    -3.335    0.0047      O  4                745.800A    -3.435    0.0038
nInu                1585.12A     0.571   38.2546      He 2                4099.99A    -3.431    0.0038      O  4                713.000A    -2.995    0.0104
nFnu                1458.33A     0.212   16.7323      He 2                4025.55A    -3.519    0.0031      O  4                703.900A    -3.294    0.0052
nInu                1458.33A     0.589   39.8833      He 2                3968.39A    -3.600    0.0026      O  4                636.500A    -3.209    0.0064
nFnu                1356.96A     0.171   15.2316      He 2                3923.44A    -3.675    0.0022      O  4                617.000A    -2.440    0.0373
nInu                1356.96A     0.604   41.3049      He 2                3887.40A    -3.745    0.0018      O  4                609.400A    -2.366    0.0442
nFnu                1297.29A     0.069   12.0580      He 2                3858.03A    -3.809    0.0016      O  4                554.400A    -1.993    0.1044
nInu                1297.29A     0.614   42.2806      He 2                3833.76A    -3.868    0.0014      O  4                487.000A    -3.333    0.0048
nFnu                1262.79A    -0.082    8.5042      He 2                3813.45A    -3.923    0.0012      O  4                442.800A    -3.749    0.0018
nInu                1262.79A     0.620   42.8485      He 2                3796.29A    -3.970    0.0011      O  4                379.800A    -2.864    0.0140
nFnu                1218.08A    -0.845    1.4691      He 2                3781.64A    -4.011    0.0010      O  4                342.300A    -3.992    0.0010
nInu                1218.08A     0.628   43.6417      He 2                1.86365m    -2.846    0.0146      O  4                306.700A    -3.087    0.0084
nFnu                1196.33A    -0.839    1.4897      He 2                1.16262m    -3.022    0.0098      O  4                303.500A    -3.694    0.0021
nInu                1196.33A     0.632   44.0071      He 2                9344.80A    -3.196    0.0065      O  4                289.900A    -3.186    0.0067
nFnu                1175.06A    -0.832    1.5146      He 2                8236.67A    -3.354    0.0046      O  4                288.500A    -2.570    0.0277
nInu                1175.06A     0.635   44.3755      He 2                7592.65A    -3.493    0.0033      O  4                285.800A    -2.729    0.0192
nFnu                1143.64A    -0.816    1.5694      He 2                7177.41A    -3.624    0.0024      O  4                279.800A    -3.043    0.0093
nInu                1143.64A     0.642   45.0465      He 2                6890.80A    -3.719    0.0020      O  4                276.100A    -2.540    0.0297
nFnu                1113.22A    -0.800    1.6281      He 2                6683.11A    -3.807    0.0016      O  4                273.500A    -2.561    0.0282
nInu                1113.22A     0.648   45.6515      He 2                6527.01A    -3.887    0.0013      O  4                267.000A    -2.587    0.0266
nFnu                1103.23A    -0.796    1.6441      He 2                6406.30A    -3.962    0.0011      O  4                265.500A    -1.727    0.1928
nInu                1103.23A     0.649   45.8040      He 2                3.09080m    -3.276    0.0054      O  4                260.500A    -2.041    0.0934
nFnu                1073.86A    -0.778    1.7135      He 2                1.87431m    -3.410    0.0040      O  4                258.600A    -2.582    0.0269
nInu                1073.86A     0.655   46.4190      He 2                1.47602m    -3.555    0.0029      O  4                252.500A    -2.460    0.0356
nFnu                1064.34A    -0.771    1.7416      He 2                1.28127m    -3.691    0.0021      O  4                250.300A    -2.422    0.0389
nInu                1064.34A     0.657   46.6518      He 2                1.16730m    -3.863    0.0014      O  4                238.500A    -2.593    0.0263
nFnu                1035.92A    -0.751    1.8216      He 2                1.09334m    -3.956    0.0011      O  4                224.100A    -2.143    0.0740
nInu                1035.92A     0.663   47.2783      He 2                4.76213m    -3.650    0.0023      O  4                216.200A    -2.887    0.0133
nFnu                1000.00A    -0.723    1.9431      He 2                2.82519m    -3.753    0.0018      O  4                213.000A    -2.446    0.0368
nInu                1000.00A     0.671   48.1534      He 2                2.18848m    -3.876    0.0014      O  4                211.300A    -2.384    0.0424
nFnu                925.144A    -0.663    2.2348      He 2                6.94599m    -3.980    0.0011      O  4                207.200A    -2.364    0.0444
nInu                925.144A     0.687   50.0358      He-like iso-sequence............................      O  4                203.000A    -2.769    0.0175
nFnu                897.800A     0.054   11.6343      He 1                1202.81A    -1.164    0.7051      O  4                200.800A    -1.490    0.3323
nInu                897.800A    -3.295    0.0052      He 1                591.412A    -3.215    0.0063      O  4                196.400A    -1.721    0.1955
nFnu                760.023A    -0.669    2.2016      Blnd                591.412A    -3.213    0.0063      O  4                188.200A    -2.451    0.0364
nInu                760.023A    -1.812    0.1586      He 1                584.334A    -1.829    0.1522      O  4                184.200A    -2.975    0.0109
nFnu                701.514A    -1.042    0.9339      He 1                537.030A    -2.835    0.0150      O  4                182.800A    -2.647    0.0232
nInu                701.514A    -1.295    0.5211      He 1                522.213A    -2.977    0.0108      O  4                171.100A    -2.837    0.0149
nFnu                608.160A    -1.533    0.3010      He 1                515.617A    -3.057    0.0090      O  4                158.600A    -1.774    0.1730
nInu                608.160A    -0.597    2.6022      He 1                512.099A    -3.119    0.0078      O  5                1371.30A    -3.254    0.0057
nFnu                575.146A    -1.452    0.3633      He 1                625.563A    -0.485    3.3647      O  5                1085.80A    -3.655    0.0023
nInu                575.146A    -0.384    4.2484      He 1                510.018A    -3.219    0.0062      O  5                1067.90A    -3.915    0.0013
nFnu                511.948A    -1.114    0.7907      He 1                508.657A    -3.231    0.0060      O  5                774.500A    -3.635    0.0024
nInu                511.948A    -0.035    9.4705      He 1                507.727A    -3.381    0.0043      O  5                760.400A    -3.005    0.0102
nFnu                496.874A     0.266   18.9606      He 1                507.065A    -3.271    0.0055      O  5                681.300A    -3.518    0.0031
nInu                496.874A    -0.166    7.0181      He 1                506.576A    -3.277    0.0054      O  5                629.700A    -2.706    0.0202
nFnu                399.153A    -0.676    2.1691      He 1                506.204A    -3.294    0.0052      O  5                202.300A    -3.032    0.0096
nInu                399.153A     0.255   18.4974      He 1                505.916A    -3.313    0.0050      O  5                192.900A    -2.555    0.0286
RRC.............................................      He 1                505.687A    -3.334    0.0048      O  5                168.000A    -2.630    0.0241
H  1                911.753A     0.242   17.9259      He 1                505.502A    -3.357    0.0045      O  5                141.300A    -2.592    0.0263
H  1                3645.98A    -0.880    1.3536      He 1                505.352A    -3.380    0.0043      level2 lines....................................
H  1                3645.98A    -0.543    2.9408      He 1                505.227A    -3.404    0.0041      C  2                596.559A    -3.762    0.0018
H  1                8203.57A    -1.609    0.2531      He 1                505.122A    -3.429    0.0038      C  2                561.959A    -3.833    0.0015
H  1                8203.57A    -1.225    0.6122      He 1                505.033A    -3.453    0.0036      C  2                530.721A    -3.878    0.0014
H  1                8203.57A    -1.340    0.4693      He 1                504.958A    -3.535    0.0030      C  2                544.909A    -3.903    0.0013
H  1                1.45842m    -2.090    0.0836      He 1                504.893A    -3.537    0.0030      C  2                535.300A    -3.924    0.0012
H  1                1.45842m    -1.700    0.2051      He 1                504.836A    -3.526    0.0031      C  3                271.090A    -3.386    0.0042
H  1                1.45842m    -1.710    0.2005      He 1                504.787A    -3.581    0.0027      C  3                268.600A    -3.404    0.0041
H  1                1.45842m    -2.062    0.0890      He 1                504.744A    -3.547    0.0029      C  3                266.880A    -3.423    0.0039
H  1                2.27878m    -2.443    0.0371      He 1                504.706A    -3.488    0.0033      C  3                288.500A    -3.427    0.0038
H  1                2.27878m    -2.054    0.0908      He 1                504.672A    -2.699    0.0205      C  4                223.140A    -3.275    0.0055
H  1                2.27878m    -2.032    0.0954      He 1                1.08291m    -2.718    0.0197      C  4                212.750A    -3.417    0.0039
H  1                2.27878m    -2.239    0.0592      He 1                1.08302m    -2.261    0.0563      C  4                206.950A    -3.502    0.0032
H  1                2.27878m    -2.744    0.0185      He 1                1.08303m    -2.022    0.0976      C  4                203.370A    -3.576    0.0027
H  1                3.28145m    -2.720    0.0196      Blnd                1.08302m    -1.772    0.1736      C  4                200.980A    -3.629    0.0024
H  1                3.28145m    -2.333    0.0478      He 1                3888.64A    -2.340    0.0469      C  4                199.320A    -3.686    0.0021
H  1                3.28145m    -2.299    0.0516      He 1                3187.74A    -2.641    0.0235      N  2                532.161A    -4.011    0.0010
H  1                3.28145m    -2.453    0.0362      He 1                2945.10A    -2.901    0.0129      N  3                293.510A    -3.387    0.0042
H  1                3.28145m    -2.786    0.0168      He 1                2829.08A    -3.127    0.0077      N  3                283.090A    -3.423    0.0039
H  1                3.28145m    -3.391    0.0042      He 1                2760.44A    -3.765    0.0018      N  3                264.550A    -3.437    0.0038
H  1                4.46642m    -2.947    0.0116      He 1                2721.00A    -3.891    0.0013      N  3                277.180A    -3.449    0.0037
H  1                4.46642m    -2.562    0.0282      He 1                2694.61A    -4.009    0.0010      N  3                312.110A    -3.445    0.0037
H  1                4.46642m    -2.523    0.0308      He 1                2.05813m    -3.066    0.0088      N  3                273.490A    -3.474    0.0035
H  1                4.46642m    -2.652    0.0229      He 1                5015.68A    -2.767    0.0176      N  3                267.450A    -3.492    0.0033
H  1                4.46642m    -2.915    0.0125      He 1                3964.73A    -3.161    0.0071      N  3                248.910A    -3.527    0.0031
H  1                4.46642m    -3.328    0.0048      He 1                3613.64A    -3.476    0.0034      N  3                271.020A    -3.498    0.0033
H  1                4.46642m    -4.003    0.0010      He 1                3447.59A    -3.740    0.0019      N  3                305.650A    -3.506    0.0032
H  1                5.83369m    -3.139    0.0075      He 1                7065.71A    -3.411    0.0040      N  3                269.290A    -3.517    0.0031
H  1                5.83369m    -2.755    0.0181      He 1                7065.21A    -2.934    0.0120      N  3                300.710A    -3.523    0.0031
H  1                5.83369m    -2.715    0.0198      He 1                7065.18A    -2.712    0.0199      N  3                238.620A    -3.636    0.0024
H  1                5.83369m    -2.831    0.0152      Blnd                7065.25A    -2.457    0.0359      N  3                234.300A    -3.661    0.0022
H  1                5.83369m    -3.058    0.0090      He 1                5875.98A    -3.063    0.0089      N  3                286.900A    -3.612    0.0025
H  1                5.83369m    -3.388    0.0042      He 1                5875.64A    -2.586    0.0267      N  3                231.470A    -3.817    0.0016
H  1                5.83369m    -3.857    0.0014      He 1                5875.61A    -2.364    0.0445      N  3                279.440A    -3.667    0.0022
H  1                7.38326m    -3.306    0.0051      Blnd                5875.66A    -2.109    0.0800      N  3                229.580A    -3.780    0.0017
H  1                7.38326m    -2.923    0.0123      He 1                4713.16A    -3.897    0.0013      N  3                274.950A    -3.715    0.0020
H  1                7.38326m    -2.882    0.0135      He 1                4713.14A    -3.675    0.0022      N  3                272.030A    -3.750    0.0018
H  1                7.38326m    -2.991    0.0105      Blnd                4713.17A    -3.420    0.0039      N  3                270.020A    -3.773    0.0017
H  1                7.38326m    -3.197    0.0065      He 1                4471.69A    -3.476    0.0034      N  4                197.610A    -3.417    0.0039
H  1                7.38326m    -3.483    0.0034      He 1                4471.49A    -2.999    0.0103      N  4                182.190A    -3.558    0.0028
H  1                7.38326m    -3.857    0.0014      He 1                4471.47A    -2.777    0.0172      N  4                175.020A    -3.650    0.0023
H  1                9.11514m    -3.453    0.0036      Blnd                4471.50A    -2.522    0.0309      N  4                170.460A    -3.730    0.0019
H  1                9.11514m    -3.071    0.0087      Blnd                4120.84A    -3.902    0.0013      N  4                168.090A    -3.741    0.0019
H  1                9.11514m    -3.030    0.0096      He 1                4026.36A    -3.794    0.0017      N  4                192.880A    -3.727    0.0019
H  1                9.11514m    -3.134    0.0075      He 1                4026.20A    -3.317    0.0050      N  4                167.260A    -3.847    0.0015
H  1                9.11514m    -3.328    0.0048      He 1                4026.19A    -3.095    0.0083      N  4                211.600A    -3.688    0.0021
H  1                9.11514m    -3.587    0.0027      Blnd                4026.21A    -2.840    0.0149      N  4                166.340A    -3.890    0.0013
H  1                9.11514m    -3.909    0.0013      He 1                3819.61A    -3.575    0.0027      N  4                165.190A    -3.901    0.0013
H  1                11.0293m    -2.545    0.0293      He 1                3819.60A    -3.353    0.0046      N  5                147.670A    -3.711    0.0020
H  1                13.1258m    -2.657    0.0226      Blnd                3819.62A    -3.097    0.0082      N  5                140.580A    -3.807    0.0016
H  1                15.4046m    -2.761    0.0178      He 1                3704.90A    -3.994    0.0010      N  5                136.640A    -3.889    0.0013
H  1                17.8657m    -2.856    0.0143      He 1                3704.76A    -3.517    0.0031      N  5                134.200A    -3.949    0.0012
H  1                20.5091m    -2.946    0.0116      He 1                3704.75A    -3.295    0.0052      N  5                132.580A    -4.008    0.0010
H  1                23.3348m    -3.029    0.0096      Blnd                3704.77A    -3.040    0.0094      O  2                425.190A    -3.481    0.0034
H  1                26.3428m    -3.108    0.0080      He 1                3634.08A    -3.682    0.0021      O  2                388.410A    -3.530    0.0030
H  1                29.5331m    -3.182    0.0068      He 1                3634.07A    -3.460    0.0036      O  2                373.600A    -3.590    0.0026
H  1                32.9057m    -3.252    0.0057      Blnd                3634.09A    -3.205    0.0064      O  2                361.821A    -3.599    0.0026
H  1                36.4606m    -3.319    0.0049      He 1                3587.16A    -3.826    0.0015      O  2                366.060A    -3.613    0.0025
H  1                40.1978m    -3.382    0.0043      He 1                3587.15A    -3.605    0.0026      O  2                360.570A    -3.693    0.0021
H  1                44.1173m    -3.443    0.0037      Blnd                3587.17A    -3.349    0.0046      O  2                414.619A    -3.787    0.0017
H  1                48.2191m    -3.500    0.0032      He 1                3554.34A    -3.957    0.0011      O  2                358.780A    -3.833    0.0015
H  1                52.5033m    -3.556    0.0029      He 1                3554.33A    -3.735    0.0019      O  2                356.930A    -3.837    0.0015
H  1                56.9697m    -2.389    0.0420      Blnd                3554.35A    -3.480    0.0034      O  2                355.610A    -3.882    0.0013
He 2                227.838A    -0.193    6.5919      He 1                3530.43A    -3.854    0.0014      O  3                305.400A    -2.217    0.0623
He 2                911.351A    -1.515    0.3137      Blnd                3530.44A    -3.599    0.0026      O  3                268.070A    -2.750    0.0183
He 2                911.351A    -1.113    0.7914      He 1                3512.46A    -3.961    0.0011      O  3                263.850A    -2.796    0.0164
He 2                2049.91A    -2.166    0.0701      Blnd                3512.48A    -3.706    0.0020      O  3                373.640A    -2.856    0.0143
He 2                2049.91A    -1.710    0.2002      Blnd                3498.62A    -3.805    0.0016      O  3                265.020A    -2.836    0.0150
He 2                2049.91A    -1.720    0.1959      Blnd                3487.70A    -3.896    0.0013      O  3                248.730A    -3.081    0.0085
He 2                3644.44A    -2.697    0.0206      Blnd                3478.95A    -3.981    0.0011      O  3                241.200A    -3.234    0.0060
He 2                3644.44A    -2.232    0.0602      He 1                3439.98A    -3.892    0.0013      O  3                248.620A    -3.285    0.0053
He 2                3644.44A    -2.128    0.0765      Blnd                3440.00A    -3.637    0.0024      O  3                236.890A    -3.320    0.0049
He 2                3644.44A    -2.364    0.0444      He 1                7281.35A    -3.372    0.0044      O  3                234.190A    -3.362    0.0045
He 2                5694.49A    -3.092    0.0083      He 1                6678.15A    -2.672    0.0219      O  3                276.900A    -3.223    0.0062
He 2                5694.49A    -2.626    0.0243      He 1                5047.74A    -3.934    0.0012      O  3                241.140A    -3.360    0.0045
He 2                5694.49A    -2.486    0.0336      He 1                4921.93A    -3.098    0.0082      O  3                280.450A    -3.338    0.0047
He 2                5694.49A    -2.569    0.0277      He 1                4387.93A    -3.416    0.0039      O  3                263.230A    -3.337    0.0047
He 2                5694.49A    -2.966    0.0111      He 1                4143.76A    -3.671    0.0022      O  3                232.380A    -3.385    0.0042
He 2                8200.12A    -3.402    0.0041      He 1                4009.05A    -3.676    0.0022      O  3                236.860A    -3.398    0.0041
He 2                8200.12A    -2.937    0.0119      He 1                3926.41A    -3.844    0.0015      O  3                231.110A    -3.402    0.0041
He 2                8200.12A    -2.783    0.0169      He 1                3871.69A    -3.990    0.0011      O  3                255.390A    -3.403    0.0041
He 2                8200.12A    -2.808    0.0160      He 1                4.29471m    -3.438    0.0037      O  3                232.350A    -3.409    0.0040
He 2                8200.12A    -3.026    0.0097      He 1                1.25275m    -3.694    0.0021      O  3                234.180A    -3.416    0.0039
He 2                8200.12A    -3.542    0.0029      He 1                9463.58A    -3.911    0.0013      O  3                230.150A    -3.750    0.0018
He 2                1.11613m    -3.655    0.0023      He 1                1.70025m    -3.672    0.0022      O  3                231.100A    -3.431    0.0038
He 2                1.11613m    -3.192    0.0066      He 1                1.19691m    -3.836    0.0015      O  3                244.650A    -3.431    0.0038
He 2                1.11613m    -3.031    0.0096      He 1                9515.00A    -3.927    0.0012      O  3                238.930A    -3.451    0.0036
He 2                1.11613m    -3.028    0.0096      He 1                1.95431m    -3.928    0.0012      O  3                233.340A    -3.454    0.0036
He 2                1.11613m    -3.172    0.0069      He 1                1.86854m    -3.064    0.0089      O  3                235.520A    -3.462    0.0035
He 2                1.11613m    -3.493    0.0033      He 1                1.27849m    -3.393    0.0042      O  3                232.490A    -3.496    0.0033
He 2                1.45781m    -3.868    0.0014      He 1                1.09130m    -3.659    0.0023      O  3                235.000A    -3.508    0.0032
He 2                1.45781m    -3.406    0.0040      He 1                1.00275m    -3.856    0.0014      O  3                231.670A    -3.906    0.0013
He 2                1.45781m    -3.243    0.0059      He 1                1.86972m    -3.542    0.0030      O  4                239.130A    -2.410    0.0400
He 2                1.45781m    -3.225    0.0061      He 1                1.27905m    -3.871    0.0014      O  4                207.610A    -3.261    0.0056
He 2                1.45781m    -3.331    0.0048      He 1                4.04791m    -3.783    0.0017      O  4                196.560A    -3.321    0.0049
He 2                1.45781m    -3.564    0.0028      Ca B                2945.10A    -2.861    0.0141      O  4                214.760A    -3.252    0.0057
He 2                1.45781m    -3.961    0.0011      Ca B                3187.74A    -2.543    0.0294      O  4                181.780A    -3.452    0.0036
He 2                1.84504m    -3.590    0.0026      Ca B                3613.64A    -3.450    0.0036      O  4                171.550A    -3.929    0.0012
He 2                1.84504m    -3.426    0.0039      Ca B                3888.64A    -2.147    0.0733      O  4                280.550A    -3.085    0.0085
He 2                1.84504m    -3.400    0.0041      Ca B                3964.73A    -3.142    0.0074      O  4                174.710A    -3.509    0.0032
He 2                1.84504m    -3.483    0.0034      Ca B                4026.20A    -2.831    0.0152      O  4                203.010A    -3.375    0.0043
He 2                1.84504m    -3.669    0.0022      Ca B                4120.82A    -3.897    0.0013      O  4                174.310A    -3.527    0.0031
He 2                1.84504m    -3.970    0.0011      Ca B                4387.93A    -3.407    0.0040      O  4                182.700A    -3.503    0.0032
He 2                2.27783m    -3.752    0.0018      Ca B                4471.49A    -2.508    0.0319      O  4                181.770A    -3.506    0.0032
He 2                2.27783m    -3.587    0.0027      Ca B                4713.16A    -3.483    0.0034      O  4                170.710A    -3.577    0.0027
He 2                2.27783m    -3.556    0.0029      Ca B                4921.93A    -3.077    0.0086      O  4                159.680A    -3.640    0.0024
He 2                2.27783m    -3.625    0.0024      Ca B                5015.68A    -2.743    0.0186      O  4                168.240A    -3.603    0.0026
He 2                2.27783m    -3.782    0.0017      Ca B                5047.74A    -3.900    0.0013      O  4                152.360A    -3.695    0.0021
He 2                2.75620m    -2.999    0.0103      Ca B                5875.64A    -2.068    0.0879      O  4                180.320A    -3.558    0.0028
He 2                3.28011m    -3.111    0.0080      Ca B                6678.15A    -2.614    0.0250      O  4                186.020A    -3.548    0.0029
He 2                3.84958m    -3.215    0.0063      Ca B                7065.21A    -2.818    0.0156      O  4                166.570A    -3.648    0.0023
He 2                4.46460m    -3.310    0.0050      Ca B                7281.35A    -3.340    0.0047      O  4                165.420A    -3.666    0.0022
He 2                5.12518m    -3.399    0.0041      Ca B                1.08302m    -1.773    0.1735      O  4                150.140A    -3.787    0.0017
He 2                5.83131m    -3.483    0.0034      Ca B                1.19691m    -3.827    0.0015      O  4                153.570A    -3.781    0.0017
He 2                6.58301m    -3.561    0.0028      Ca B                1.27849m    -3.323    0.0049      O  4                169.860A    -3.691    0.0021
He 2                7.38026m    -3.635    0.0024      Ca B                1.27905m    -3.800    0.0016      O  4                168.250A    -3.707    0.0020
He 2                8.22307m    -3.705    0.0020      Ca B                1.70025m    -3.659    0.0023      O  4                148.130A    -3.850    0.0015
He 2                9.11143m    -3.771    0.0017      Ca B                1.86854m    -2.954    0.0114      O  4                206.560A    -3.555    0.0029
He 2                10.0454m    -3.834    0.0015      Ca B                1.86972m    -3.430    0.0038      O  4                166.640A    -3.733    0.0019
He 2                11.0248m    -3.895    0.0013      Ca B                2.05813m    -2.677    0.0216      O  4                146.760A    -3.900    0.0013
He 2                12.0499m    -3.952    0.0011      C  5                81.4655A    -3.262    0.0056      O  4                145.810A    -3.943    0.0012
He 2                13.1205m    -4.007    0.0010      C  5                40.7306A    -3.608    0.0025      O  4                168.870A    -3.800    0.0016
He 2                14.2366m    -2.807    0.0160      Blnd                40.7306A    -3.608    0.0025      O  4                168.140A    -3.885    0.0013
He 1                504.259A    -0.671    2.1924      C  5                40.2678A    -3.255    0.0057      O  4                167.050A    -3.948    0.0012
He 1                2599.69A    -2.142    0.0741      C  5                41.4719A    -2.294    0.0522      O  5                135.810A    -3.664    0.0022
He 1                3120.85A    -2.653    0.0228      C  5                227.192A    -3.857    0.0014      O  5                139.140A    -3.655    0.0023
He 1                3421.00A    -2.645    0.0232      C  5                248.745A    -3.847    0.0015      O  5                124.910A    -3.762    0.0018
He 1                3420.88A    -2.168    0.0697      Blnd                248.708A    -3.592    0.0026      O  5                119.360A    -3.835    0.0015
He 1                3420.88A    -1.947    0.1162      N  6                28.7870A    -3.994    0.0010      O  5                116.430A    -3.875    0.0014
He 1                3678.70A    -2.366    0.0442      N  6                29.5343A    -3.474    0.0035      O  5                114.620A    -3.907    0.0013
He 1                6632.16A    -3.047    0.0092      O  7                22.1012A    -3.717    0.0020      O  5                113.410A    -3.932    0.0012
He 1                7435.20A    -3.469    0.0035      Pho+                3889.00A    -1.548    0.2912      O  5                118.170A    -3.913    0.0013
He 1                7843.40A    -2.422    0.0389      extra Lyman.....................................      O  5                112.580A    -3.951    0.0011
He 1                8188.35A    -2.646    0.0232      database lines..................................      O  6                105.000A    -3.965    0.0011
He 1                8190.64A    -3.135    0.0075      Al 3                1862.79A    -3.686    0.0021      F  3                253.730A    -3.663    0.0022
He 1                8261.30A    -3.035    0.0095      Al 3                1854.72A    -3.578    0.0027      F  3                228.500A    -3.874    0.0014
He 1                1.24770m    -3.597    0.0026      Al 6                309.596A    -3.858    0.0014      F  3                312.150A    -3.798    0.0016
He 1                1.35640m    -3.985    0.0011      Al 6                310.907A    -3.916    0.0012      F  5                462.650A    -3.714    0.0020
He 1                1.40933m    -2.920    0.0124      Al 6                312.237A    -3.690    0.0021      F  5                654.960A    -3.952    0.0011
He 1                1.45602m    -3.016    0.0099      Al 6                2428.39A    -3.516    0.0031      Ne 2                444.150A    -3.735    0.0019
He 1                1.45643m    -3.508    0.0032      Al 6                3.65932m    -2.000    0.1028      Ne 2                356.870A    -3.706    0.0020
He 1                1.45759m    -3.375    0.0043      Al 6                9.11329m    -3.053    0.0091      Ne 2                404.130A    -3.788    0.0017
He 1                1.45759m    -3.852    0.0014      Ar 3                7135.79A    -2.834    0.0151      Ne 2                327.700A    -3.837    0.0015
He 1                1.46631m    -3.506    0.0032      Ar 3                7751.11A    -3.458    0.0036      Ne 2                331.200A    -3.836    0.0015
He 1                2.01409m    -3.986    0.0011      Ar 3                8.98898m    -2.910    0.0126      Ne 2                327.139A    -3.852    0.0014
He 1                2.21671m    -3.287    0.0053      Ar 4                840.032A    -3.736    0.0019      Ne 2                355.969A    -3.846    0.0015
He 1                2.27546m    -3.340    0.0047      Ar 4                843.770A    -3.702    0.0020      Ne 2                320.500A    -3.915    0.0013
He 1                2.27605m    -3.832    0.0015      Ar 4                850.605A    -3.674    0.0022      Ne 2                327.160A    -3.944    0.0012
He 1                2.27752m    -3.553    0.0029      Ar 4                2853.66A    -2.996    0.0104      Ne 3                250.920A    -3.076    0.0086
He 1                2.28865m    -3.858    0.0014      Ar 4                2868.22A    -3.341    0.0047      Ne 3                227.420A    -3.339    0.0047
He 1                3.20639m    -3.572    0.0028      Ar 4                4711.26A    -2.049    0.0919      Ne 3                218.360A    -3.744    0.0019
He 1                3.27716m    -3.607    0.0025      Ar 4                4740.12A    -2.197    0.0653      Ne 3                223.310A    -3.609    0.0025
He 1                3.27969m    -3.769    0.0018      Ar 4                7170.70A    -3.845    0.0015      Ne 3                228.870A    -3.307    0.0051
He 1                4.46460m    -3.167    0.0070      Ar 4                7237.77A    -3.981    0.0011      Ne 3                281.580A    -3.252    0.0057
He 1                5.83132m    -3.339    0.0047      Ar 4                7263.33A    -3.900    0.0013      Ne 3                227.190A    -3.414    0.0040
He 1                7.38026m    -3.490    0.0033      Ar 5                827.366A    -3.428    0.0038      Ne 3                212.550A    -3.982    0.0011
He 1                9.11143m    -3.626    0.0024      Ar 5                2691.05A    -3.865    0.0014      Ne 3                265.510A    -3.329    0.0048
He 1                11.0248m    -3.749    0.0018      Ar 5                6435.12A    -2.863    0.0141      Ne 3                218.030A    -3.893    0.0013
He 1                13.1205m    -3.861    0.0014      Ar 5                7005.83A    -2.532    0.0302      Ne 3                217.120A    -3.972    0.0011
He 1                15.3983m    -3.964    0.0011      Ar 5                7.89971m    -2.100    0.0816      Ne 3                238.070A    -3.464    0.0035
He 1                61.5933m    -3.626    0.0024      Ar 5                13.0985m    -1.884    0.1343      Ne 4                171.550A    -3.339    0.0047
C  5                31.6213A    -2.879    0.0136      Ar 6                754.930A    -3.892    0.0013      Ne 4                148.550A    -3.623    0.0025
N  6                22.4582A    -3.983    0.0011      Ar 6                767.726A    -3.660    0.0022      Ne 4                207.180A    -3.428    0.0038
C  2                508.483A    -3.492    0.0033      Ar 6                4.52800m    -1.864    0.1406      Ne 4                139.980A    -3.775    0.0017
C  3                258.906A    -2.915    0.0125      C  2                687.053A    -3.877    0.0014      Ne 4                159.100A    -3.664    0.0022
C  4                192.243A    -2.872    0.0138      C  2                858.559A    -3.972    0.0011      Ne 4                135.720A    -3.825    0.0015
N  3                261.320A    -2.795    0.0165      C  2                903.623A    -3.589    0.0026      Ne 4                133.390A    -3.854    0.0014
N  4                160.034A    -3.911    0.0013      C  2                903.962A    -3.481    0.0034      Ne 4                157.090A    -3.745    0.0018
N  5                126.656A    -3.589    0.0026      C  2                904.142A    -3.281    0.0054      Ne 4                131.770A    -3.951    0.0011
O  2                353.019A    -1.356    0.4526      C  2                904.480A    -3.420    0.0039      Ne 4                139.680A    -3.913    0.0013
O  3                225.690A    -2.951    0.0115      C  2                1036.34A    -3.788    0.0017      Ne 4                130.750A    -3.987    0.0011
O  4                160.158A    -2.305    0.0509      C  2                1037.02A    -3.562    0.0028      Ne 4                133.270A    -3.987    0.0011
O  5                108.855A    -3.512    0.0032      C  2                1334.53A    -3.689    0.0021      Ne 4                143.540A    -4.001    0.0010
Ne 2                302.674A    -2.692    0.0209      C  2                1335.66A    -3.816    0.0016      Ne 5                143.350A    -3.304    0.0051
Ne 3                195.487A    -3.242    0.0059      C  2                1335.71A    -3.644    0.0023      Ne 5                142.640A    -3.476    0.0034
Ne 4                127.569A    -2.068    0.0878      C  3                1908.73A    -2.212    0.0631      Ne 5                119.100A    -3.735    0.0019
Mg 3                154.702A    -3.971    0.0011      C  3                1906.68A    -2.032    0.0955      Ne 5                132.560A    -3.730    0.0019
Mg 4                113.471A    -3.318    0.0049      C  3                977.020A    -2.345    0.0465      Ne 5                167.820A    -3.534    0.0030
Si 4                274.655A    -3.949    0.0012      C  3                386.203A    -3.569    0.0028      Ne 5                110.570A    -3.919    0.0012
Fe 3                404.498A    -3.484    0.0034      C  3                538.312A    -3.935    0.0012      Ne 5                131.150A    -3.783    0.0017
Fe 4                225.785A    -3.186    0.0067      C  3                2296.87A    -3.781    0.0017      Ne 5                118.920A    -3.885    0.0013
Fe 5                165.317A    -3.865    0.0014      C  3                884.524A    -3.399    0.0041      Ne 5                112.110A    -3.979    0.0011
Fe 6                125.255A    -3.097    0.0082      Ca 3                409.953A    -3.841    0.0015      Ne 5                136.490A    -3.779    0.0017
Ni 6                114.811A    -3.752    0.0018      Ca 4                669.696A    -3.176    0.0068      Ne 5                110.550A    -4.007    0.0010
grains..........................................      Ca 4                3.20610m    -1.944    0.1170      Ne 5                111.370A    -4.009    0.0010
H-like iso-sequence.............................      Ca 6                629.602A    -3.570    0.0028      Ne 5                124.970A    -3.910    0.0013
H  1 Cool           1215.67A    -2.675    0.0217      Ca 6                633.844A    -3.517    0.0031      Ne 5                119.400A    -3.970    0.0011
Crst                960.000A    -2.828    0.0153      Ca 6                641.904A    -3.492    0.0033      Ne 6                122.920A    -3.552    0.0029
Ca B                1215.67A     0.524   34.3262      Cl 5                392.433A    -3.763    0.0018      Ne 6                111.440A    -3.888    0.0013
Q(H)                4861.32A    -0.967    1.1081      Cl 5                883.131A    -3.927    0.0012      Ne 6                114.600A    -3.903    0.0013
Q(H)                1215.67A     0.579   38.9773      Cl 5                894.911A    -3.750    0.0018      Ne 6                138.790A    -3.837    0.0015
CaBo                4861.32A    -1.013    0.9968      Cl 6                671.380A    -3.529    0.0030      Na 3                229.280A    -3.740    0.0019
CaBo                1640.00A    -0.797    1.6389      Cl 7                814.810A    -3.818    0.0016      Na 4                167.980A    -3.937    0.0012
CaBo                4685.64A    -1.652    0.2293      Cl 7                803.716A    -3.740    0.0019      Na 5                124.710A    -3.757    0.0018
Ca A                1215.67A     0.330   21.9733      Cr 5                594.921A    -3.197    0.0065      Na 5                148.020A    -3.948    0.0012
Ca A                1025.72A    -0.312    5.0139      F  6                535.206A    -3.909    0.0013      Mg 4                147.190A    -3.698    0.0021
Ca A                972.537A    -0.721    1.9528      Fe 3                22.9190m    -3.965    0.0011      Mg 4                130.220A    -3.908    0.0013
Ca A                949.743A    -1.025    0.9710      Fe 7                9.50763m    -1.278    0.5416      Mg 4                140.710A    -3.822    0.0015
Ca A                937.803A    -1.267    0.5558      Fe 7                5720.71A    -1.862    0.1412      Mg 4                140.340A    -3.874    0.0014
Ca A                930.748A    -1.469    0.3488      Fe 7                4988.55A    -2.061    0.0893      Mg 4                146.880A    -3.890    0.0013
Ca A                926.226A    -1.643    0.2337      Fe 7                4893.37A    -2.327    0.0484      Mg 4                140.650A    -3.889    0.0013
Ca A                923.150A    -1.796    0.1643      Fe 7                4698.24A    -3.293    0.0052      Mg 5                114.050A    -3.689    0.0021
Ca A                920.963A    -1.933    0.1200      Fe 7                7.81037m    -1.809    0.1595      Mg 5                121.620A    -3.743    0.0019
Ca A                919.351A    -2.056    0.0904      Fe 7                6086.97A    -1.688    0.2110      Mg 5                114.810A    -3.795    0.0016
Ca A                918.129A    -2.168    0.0698      Fe 7                5158.89A    -2.194    0.0658      Mg 5                110.840A    -3.873    0.0014
Ca A                917.181A    -2.271    0.0550      Fe 7                4942.48A    -2.690    0.0210      Mg 5                113.720A    -3.812    0.0016
Ca A                916.429A    -2.367    0.0442      Fe 7                3586.32A    -2.163    0.0705      Mg 5                131.630A    -3.891    0.0013
Ca A                915.824A    -2.456    0.0360      Fe 7                5276.38A    -2.856    0.0143      Mg 6                95.1402A    -3.693    0.0021
Ca A                915.329A    -2.538    0.0297      Fe 7                3758.92A    -2.010    0.1005      Mg 6                111.230A    -4.000    0.0010
Ca A                914.919A    -2.616    0.0249      Fe 7                3.38363m    -3.071    0.0087      Si 2                1179.59A    -3.853    0.0014
Ca A                914.576A    -2.689    0.0210      Fe 7                2.62872m    -3.011    0.0100      Si 3                564.611A    -3.967    0.0011
Ca A                914.286A    -2.757    0.0180      Fe 7                247.630A    -3.637    0.0024      Si 3                464.939A    -3.914    0.0013
Ca A                914.039A    -2.822    0.0155      Fe 9                171.073A    -3.743    0.0019      Si 4                329.800A    -3.625    0.0024
Ca A                913.826A    -2.883    0.0135      K  3                4.61683m    -3.958    0.0011      Si 4                312.700A    -3.677    0.0022
Ca A                913.641A    -2.939    0.0118      K  4                5.98030m    -2.913    0.0125      Si 4                302.870A    -3.753    0.0018
Ca A                913.480A    -2.993    0.0104      Mg 3                231.734A    -3.263    0.0056      Si 4                296.640A    -3.766    0.0018
Ca A                913.339A    -3.043    0.0093      Mg 3                234.264A    -3.569    0.0028      Si 4                292.430A    -3.801    0.0016
Ca A                6562.80A    -0.744    1.8523      Mg 7                9.03096m    -2.647    0.0231      Si 5                95.5502A    -3.756    0.0018
Ca A                4861.32A    -1.191    0.6617      Mg 7                5.50208m    -2.731    0.0191      Si 6                83.3299A    -3.995    0.0010
Ca A                4340.46A    -1.515    0.3142      Mg 7                431.189A    -3.631    0.0024      Si 6                80.6998A    -4.005    0.0010
Ca A                4101.73A    -1.768    0.1754      Mg 7                365.243A    -3.954    0.0011      S  3                667.049A    -3.323    0.0049
Ca A                3970.07A    -1.977    0.1085      Mg 7                277.001A    -3.881    0.0014      S  3                691.219A    -3.465    0.0035
Ca A                3889.05A    -2.155    0.0720      Mg 7                2629.13A    -3.744    0.0019      S  3                704.220A    -3.527    0.0031
Ca A                3835.38A    -2.310    0.0503      Mg 7                367.684A    -3.742    0.0019      S  3                671.510A    -3.816    0.0016
Ca A                3797.90A    -2.448    0.0366      Mg 7                278.402A    -3.685    0.0021      S  3                482.139A    -3.706    0.0020
Ca A                3770.63A    -2.573    0.0275      N  4                1486.50A    -2.287    0.0531      S  3                474.260A    -3.777    0.0017
Ca A                3750.15A    -2.686    0.0212      N  4                1483.32A    -2.135    0.0753      S  3                480.121A    -3.812    0.0016
Ca A                3734.37A    -2.790    0.0167      N  4                765.147A    -2.937    0.0119      S  3                420.730A    -3.873    0.0014
Ca A                3721.94A    -2.886    0.0134      N  4                247.205A    -3.478    0.0034      S  3                424.450A    -3.933    0.0012
Ca A                3711.97A    -2.975    0.0109      N  4                1718.55A    -3.638    0.0024      S  4                330.110A    -3.569    0.0028
Ca A                3703.85A    -3.059    0.0090      N  4                463.736A    -3.072    0.0087      S  4                370.000A    -3.564    0.0028
Ca A                3697.15A    -3.137    0.0075      N  5                162.556A    -3.940    0.0012      S  4                341.260A    -3.582    0.0027
Ca A                3691.55A    -3.211    0.0063      N  5                162.564A    -3.957    0.0011      S  4                295.300A    -3.630    0.0024
Ca A                3686.83A    -3.281    0.0054      N  5                209.274A    -3.341    0.0047      S  4                321.910A    -3.607    0.0025
Ca A                3682.81A    -3.347    0.0046      N  5                209.308A    -3.359    0.0045      S  4                274.000A    -3.639    0.0024
Ca A                3679.35A    -3.410    0.0040      N  5                266.379A    -3.789    0.0017      S  4                306.380A    -3.659    0.0023
Ca A                3676.36A    -3.471    0.0035      N  5                1238.82A    -2.206    0.0640      S  4                301.570A    -3.698    0.0021
Ca A                3673.76A    -3.528    0.0030      N  5                1242.80A    -2.470    0.0348      S  4                293.560A    -3.709    0.0020
Ca A                3671.48A    -3.583    0.0027      Na 6                14.3924m    -3.189    0.0067      S  4                238.330A    -3.772    0.0017
Ca A                1.87510m    -1.542    0.2952      Na 6                8.60825m    -3.411    0.0040      S  4                291.080A    -3.740    0.0019
Ca A                1.28181m    -1.865    0.1401      Na 6                491.240A    -3.807    0.0016      S  4                255.380A    -3.787    0.0017
Ca A                1.09381m    -2.125    0.0771      Na 6                417.563A    -3.917    0.0012      S  4                332.160A    -3.735    0.0019
Ca A                1.00494m    -2.338    0.0472      Na 6                313.742A    -3.842    0.0015      S  4                232.120A    -3.830    0.0015
Ca A                9545.97A    -2.519    0.0311      Ne 3                15.5509m    -1.139    0.7462      S  4                248.780A    -3.836    0.0015
Ca A                9229.02A    -2.677    0.0216      Ne 3                3868.76A    -1.295    0.5205      S  4                242.980A    -3.887    0.0013
Ca A                9014.91A    -2.817    0.0157      Ne 3                489.500A    -3.860    0.0014      S  4                283.230A    -3.811    0.0016
Ca A                8862.79A    -2.943    0.0117      Ne 3                36.0036m    -2.179    0.0681      S  4                279.740A    -3.862    0.0014
Ca A                8750.48A    -3.057    0.0090      Ne 3                3967.47A    -1.813    0.1580      S  4                276.330A    -3.894    0.0013
Ca A                8665.02A    -3.162    0.0071      Ne 3                1814.56A    -3.691    0.0021      S  4                284.670A    -3.895    0.0013
Ca A                8598.40A    -3.259    0.0057      Ne 3                491.045A    -2.627    0.0243      S  4                278.830A    -3.909    0.0013
Ca A                8545.39A    -3.349    0.0046      Ne 3                489.645A    -3.055    0.0090      S  4                280.110A    -3.950    0.0012
Ca A                8502.49A    -3.433    0.0038      Ne 3                488.875A    -3.945    0.0012      S  4                291.370A    -3.973    0.0011
Ca A                8467.26A    -3.512    0.0032      Ne 3                313.688A    -3.040    0.0094      S  5                285.830A    -3.455    0.0036
Ca A                8437.96A    -3.586    0.0027      Ne 3                283.576A    -3.773    0.0017      S  5                222.770A    -3.646    0.0023
Ca A                8413.32A    -3.657    0.0023      Ne 3                490.311A    -3.137    0.0075      S  5                202.700A    -4.009    0.0010
Ca A                8392.40A    -3.723    0.0019      Ne 3                313.961A    -3.475    0.0034      S  5                235.180A    -3.652    0.0023
Ca A                8374.48A    -3.787    0.0017      Ne 3                283.799A    -3.733    0.0019      S  5                261.970A    -3.743    0.0019
Ca A                8359.01A    -3.847    0.0015      Ne 3                379.308A    -3.719    0.0020      S  6                172.480A    -3.969    0.0011
Ca A                8345.56A    -3.905    0.0013      Ne 5                24.3108m    -0.856    1.4318      Ar 3                458.140A    -3.230    0.0060
Ca A                8333.79A    -3.961    0.0011      Ne 5                568.424A    -3.906    0.0013      Ar 3                464.671A    -3.360    0.0045
Ca A                4.05115m    -2.145    0.0736      Ne 5                14.3178m    -1.022    0.9778      Ar 3                451.091A    -3.595    0.0026
Ca A                2.62515m    -2.395    0.0414      Ne 5                3345.82A    -1.845    0.1469      Ar 3                472.659A    -3.559    0.0028
Ca A                2.16553m    -2.610    0.0252      Ne 5                1574.70A    -3.487    0.0034      Ar 3                488.909A    -3.700    0.0021
Ca A                1.94456m    -2.794    0.0165      Ne 5                569.756A    -3.176    0.0069      Ar 3                388.490A    -3.704    0.0020
Ca A                1.81741m    -2.954    0.0114      Ne 5                569.828A    -3.840    0.0015      Ar 3                527.451A    -3.733    0.0019
Ca A                1.73621m    -3.095    0.0082      Ne 5                481.293A    -3.551    0.0029      Ar 3                360.940A    -3.770    0.0017
Ca A                1.68065m    -3.223    0.0062      Ne 5                481.366A    -3.607    0.0025      Ar 3                345.990A    -3.769    0.0017
Ca A                1.64072m    -3.338    0.0047      Ne 5                358.474A    -3.474    0.0034      Ar 3                365.099A    -3.798    0.0016
Ca A                1.61093m    -3.444    0.0037      Ne 5                3425.88A    -1.413    0.3973      Ar 3                517.521A    -3.907    0.0013
Ca A                1.58805m    -3.541    0.0030      Ne 5                1145.61A    -3.716    0.0020      Ar 3                387.261A    -3.905    0.0013
Ca A                1.57007m    -3.632    0.0024      Ne 5                572.032A    -3.744    0.0019      Ar 3                360.231A    -3.919    0.0012
Ca A                1.55565m    -3.716    0.0020      Ne 5                572.105A    -3.660    0.0022      Ar 3                360.840A    -3.998    0.0010
Ca A                1.54389m    -3.795    0.0016      Ne 5                572.335A    -3.771    0.0017      Ar 3                348.330A    -3.993    0.0010
Ca A                1.53418m    -3.870    0.0014      Ne 5                482.990A    -3.026    0.0097      Ar 4                444.680A    -2.740    0.0187
Ca A                1.52605m    -3.941    0.0012      Ne 5                482.994A    -3.425    0.0039      Ar 4                392.000A    -3.549    0.0029
Ca A                1.51919m    -4.008    0.0010      Ne 5                359.374A    -2.744    0.0185      Ar 4                278.290A    -3.641    0.0023
Ca A                7.45782m    -2.637    0.0237      Ne 5                2973.13A    -3.971    0.0011      Ar 4                247.340A    -3.724    0.0019
Ca A                4.65251m    -2.835    0.0150      O  2                539.086A    -3.671    0.0022      Ar 4                233.650A    -3.784    0.0017
Ca A                3.73954m    -3.017    0.0099      O  2                539.547A    -3.711    0.0020      Ar 4                260.300A    -3.769    0.0017
Ca A                3.29609m    -3.178    0.0068      O  2                539.854A    -3.791    0.0017      Ar 4                291.540A    -3.780    0.0017
Ca A                3.03837m    -3.321    0.0049      O  2                832.758A    -3.683    0.0021      Ar 4                252.150A    -3.826    0.0015
Ca A                2.87221m    -3.449    0.0037      O  2                833.330A    -3.613    0.0025      Ar 4                236.240A    -3.832    0.0015
Ca A                2.75752m    -3.565    0.0028      O  2                834.465A    -3.588    0.0027      Ar 5                441.850A    -3.053    0.0091
Ca A                2.67440m    -3.671    0.0022      O  2                3728.81A    -3.381    0.0043      Ar 5                455.901A    -3.261    0.0056
Ca A                2.61194m    -3.770    0.0017      O  2                3726.03A    -3.522    0.0031      Ar 5                337.380A    -3.515    0.0031
Ca A                2.56363m    -3.861    0.0014      O  3                88.3323m    -0.732    1.9068      Ar 5                231.610A    -3.713    0.0020
Ca A                2.52540m    -3.946    0.0012      O  3                4931.23A    -3.828    0.0015      Ar 5                210.330A    -3.958    0.0011
Ca A                12.3685m    -3.053    0.0091      O  3                832.929A    -3.869    0.0014      Ar 5                225.740A    -3.709    0.0020
Ca A                7.50045m    -3.213    0.0063      O  3                51.8004m    -0.543    2.9411      Ar 5                222.930A    -3.834    0.0015
Ca A                5.90660m    -3.371    0.0044      O  3                4958.91A    -0.419    3.9124      Ar 5                252.030A    -3.784    0.0017
Ca A                5.12726m    -3.513    0.0032      O  3                2320.95A    -2.697    0.0207      Ar 5                231.870A    -3.941    0.0012
Ca A                4.67124m    -3.641    0.0023      O  3                1660.81A    -2.591    0.0263      Ar 5                249.290A    -4.006    0.0010
Ca A                4.37526m    -3.758    0.0018      O  3                833.715A    -3.306    0.0051      Ar 6                292.390A    -3.603    0.0026
Ca A                4.16966m    -3.864    0.0014      O  3                833.749A    -3.758    0.0018      Ar 6                221.080A    -3.780    0.0017
Ca A                4.01977m    -3.963    0.0011      O  3                702.838A    -3.373    0.0043      Ar 6                193.560A    -3.981    0.0011
Ca A                19.0567m    -3.414    0.0040      O  3                702.896A    -3.709    0.0020      Ca 3                351.260A    -3.081    0.0085
Ca A                11.3056m    -3.546    0.0029      O  3                507.680A    -3.228    0.0061      Ca 3                298.430A    -3.502    0.0032
Ca A                8.75768m    -3.683    0.0021      O  3                5006.84A     0.042   11.3078      Ca 3                277.760A    -3.696    0.0021
Ca A                7.50606m    -3.810    0.0016      O  3                1666.15A    -2.147    0.0733      Ca 3                267.540A    -3.784    0.0017
Ca A                6.77015m    -3.926    0.0012      O  3                835.059A    -2.924    0.0122      Ca 3                308.360A    -3.813    0.0016
Ca A                27.7958m    -3.733    0.0019      O  3                835.092A    -3.097    0.0082      Ca 3                261.770A    -3.860    0.0014
Ca A                16.2047m    -3.842    0.0015      O  3                835.289A    -3.460    0.0036      Ca 3                258.180A    -3.977    0.0011
Ca A                12.3838m    -3.963    0.0011      O  3                703.851A    -2.999    0.0103      Ca 3                281.010A    -3.926    0.0012
Ca B                6562.80A    -0.559    2.8382      O  3                703.854A    -3.232    0.0060      Ca 4                303.870A    -2.807    0.0160
Ca B                4861.32A    -1.013    0.9968      O  3                508.178A    -2.250    0.0577      Ca 4                310.370A    -3.054    0.0091
Ca B                4340.46A    -1.342    0.4679      O  3                4363.21A    -2.070    0.0874      Ca 4                307.850A    -2.991    0.0105
Ca B                4101.73A    -1.599    0.2589      O  3                565.565A    -3.814    0.0016      Ca 4                323.400A    -3.057    0.0090
Ca B                3970.07A    -1.810    0.1590      O  3                525.794A    -3.612    0.0025      Ca 4                319.070A    -2.931    0.0121
Ca B                3889.05A    -1.991    0.1050      O  5                1218.34A    -2.255    0.0571      Ca 4                243.380A    -3.632    0.0024
Ca B                3835.38A    -2.148    0.0731      O  5                1213.81A    -2.092    0.0832      Ca 4                237.560A    -3.631    0.0024
Ca B                3797.90A    -2.288    0.0530      O  5                629.732A    -2.558    0.0284      Ca 4                234.960A    -3.663    0.0022
Ca B                3770.63A    -2.413    0.0397      O  5                172.169A    -3.633    0.0024      Ca 4                342.770A    -3.669    0.0022
Ca B                3750.15A    -2.527    0.0305      O  5                1371.30A    -3.903    0.0013      Ca 4                244.300A    -3.753    0.0018
Ca B                3734.37A    -2.632    0.0240      O  5                286.448A    -3.232    0.0060      Ca 4                410.199A    -3.762    0.0018
Ca B                3721.94A    -2.729    0.0192      P  4                824.731A    -3.741    0.0019      Ca 4                236.130A    -3.822    0.0015
Ca B                3711.97A    -2.819    0.0156      P  4                950.657A    -3.578    0.0027      Ca 4                234.480A    -3.967    0.0011
Ca B                3703.85A    -2.903    0.0128      P  4                1035.52A    -3.861    0.0014      Ca 4                286.350A    -3.948    0.0012
Ca B                3697.15A    -2.982    0.0107      S  3                33.4704m    -2.384    0.0425      Ca 5                314.530A    -2.849    0.0146
Ca B                3691.55A    -3.056    0.0090      S  3                18.7078m    -2.575    0.0273      Ca 5                325.410A    -2.962    0.0112
Ca B                3686.83A    -3.126    0.0077      S  3                9068.62A    -2.653    0.0229      Ca 5                332.080A    -3.240    0.0059
Ca B                3682.81A    -3.192    0.0066      S  3                9530.62A    -2.253    0.0574      Ca 5                263.570A    -3.595    0.0026
Ca B                3679.35A    -3.255    0.0057      S  3                6312.06A    -3.755    0.0018      Ca 5                276.240A    -3.577    0.0027
Ca B                3676.36A    -3.315    0.0050      S  3                1194.45A    -3.847    0.0015      Ca 5                660.908A    -3.636    0.0024
Ca B                3673.76A    -3.372    0.0044      S  3                1021.11A    -3.810    0.0016      Ca 5                251.650A    -3.640    0.0024
Ca B                3671.48A    -3.426    0.0039      S  5                1199.13A    -3.696    0.0021      Ca 5                368.590A    -3.725    0.0019
Ca B                1.87510m    -1.493    0.3301      S  5                1188.28A    -3.850    0.0015      Ca 5                366.341A    -3.762    0.0018
Ca B                1.28181m    -1.807    0.1603      S  5                786.468A    -3.160    0.0071      Ca 6                330.390A    -3.034    0.0095
Ca B                1.09381m    -2.062    0.0891      Si 2                1194.50A    -3.889    0.0013      Ca 6                227.310A    -3.530    0.0030
Ca B                1.00494m    -2.274    0.0547      Si 3                1892.03A    -3.518    0.0031      Ca 6                175.270A    -3.977    0.0011
Ca B                9545.97A    -2.454    0.0361      Si 3                1882.71A    -3.349    0.0046      Ca 7                338.000A    -3.582    0.0027
Ca B                9229.02A    -2.612    0.0251      Si 3                1206.50A    -3.195    0.0066      Ca 7                348.130A    -3.710    0.0020
Ca B                9014.91A    -2.752    0.0182      Si 4                1122.48A    -3.975    0.0011      Fe 3                911.104A    -3.707    0.0020
Ca B                8862.79A    -2.878    0.0136      Si 4                1128.34A    -3.941    0.0012      Fe 3                859.623A    -3.944    0.0012
Ca B                8750.48A    -2.992    0.0105      Si 4                1393.75A    -2.552    0.0288      Fe 3                896.877A    -3.812    0.0016
Ca B                8665.02A    -3.097    0.0082      Si 4                1402.77A    -2.767    0.0176      Fe 4                309.190A    -2.993    0.0105
Ca B                8598.40A    -3.194    0.0066      Si 7                275.353A    -3.838    0.0015      Fe 4                532.950A    -3.180    0.0068
Ca B                8545.39A    -3.284    0.0053      Si 7                275.667A    -3.930    0.0012      Fe 4                275.130A    -3.193    0.0066
Ca B                8502.49A    -3.368    0.0044      Si 7                276.839A    -3.813    0.0016      Fe 4                259.600A    -3.398    0.0041
Ca B                8467.26A    -3.447    0.0037      Si 7                278.443A    -3.576    0.0027      Fe 4                251.070A    -3.600    0.0026
Ca B                8437.96A    -3.521    0.0031      Si 7                2146.64A    -3.220    0.0062      Fe 4                245.840A    -3.654    0.0023
Ca B                8413.32A    -3.591    0.0026      Si 7                2350.02A    -3.855    0.0014      Fe 4                326.120A    -3.630    0.0024
Ca B                8392.40A    -3.658    0.0023      Si 7                2.48071m    -2.367    0.0442      Fe 4                242.370A    -3.681    0.0021
Ca B                8374.48A    -3.721    0.0020      Si 7                6.51288m    -3.570    0.0028      Fe 4                239.960A    -3.700    0.0021
Ca B                8359.01A    -3.781    0.0017      Ti 5                252.959A    -3.141    0.0074      Fe 4                281.200A    -3.707    0.0020
Ca B                8345.56A    -3.838    0.0015      Ti 6                1.71509m    -3.394    0.0042      Fe 4                262.550A    -3.730    0.0019
Ca B                8333.79A    -3.893    0.0013      V  6                224.499A    -3.693    0.0021      Fe 4                252.740A    -3.770    0.0017
Ca B                4.05115m    -2.122    0.0775      Al 2                1670.79A    -3.883    0.0013      Fe 4                246.880A    -3.792    0.0017
Ca B                2.62515m    -2.366    0.0442      Al 5                2.90450m    -3.005    0.0101      Fe 4                243.070A    -3.832    0.0015
Ca B                2.16553m    -2.578    0.0271      Al 5                278.694A    -3.970    0.0011      Fe 4                240.450A    -3.835    0.0015
Ca B                1.94456m    -2.760    0.0178      Al 5                281.394A    -3.556    0.0029      Fe 5                236.210A    -3.406    0.0040
Ca B                1.81741m    -2.919    0.0124      Al 7                356.892A    -3.677    0.0022      Fe 5                236.300A    -3.463    0.0035
Ca B                1.73621m    -3.060    0.0089      Al 7                353.777A    -3.730    0.0019      Fe 5                391.409A    -3.422    0.0039
Ca B                1.68065m    -3.187    0.0067      Al 7                352.159A    -3.839    0.0015      Fe 5                227.780A    -3.483    0.0034
Ca B                1.64072m    -3.302    0.0051      Ar 7                585.748A    -3.555    0.0029      Fe 5                205.950A    -3.895    0.0013
Ca B                1.61093m    -3.407    0.0040      Ar 8                713.801A    -3.844    0.0015      Fe 5                199.080A    -3.927    0.0012
Ca B                1.58805m    -3.505    0.0032      Ar 8                700.240A    -3.758    0.0018      Fe 5                389.529A    -3.590    0.0026
Ca B                1.57007m    -3.595    0.0026      C  4                1550.77A    -1.296    0.5199      Fe 5                369.760A    -3.543    0.0029
Ca B                1.55565m    -3.679    0.0022      C  4                1548.19A    -1.006    1.0140      Fe 5                205.790A    -3.913    0.0013
Ca B                1.54389m    -3.759    0.0018      C  4                419.525A    -3.077    0.0086      Fe 5                236.880A    -3.587    0.0027
Ca B                1.53418m    -3.833    0.0015      C  4                419.714A    -2.778    0.0172      Fe 5                192.460A    -4.005    0.0010
Ca B                1.52605m    -3.904    0.0013      C  4                312.451A    -3.257    0.0057      Fe 5                226.680A    -3.686    0.0021
Ca B                1.51919m    -3.970    0.0011      C  4                312.420A    -3.251    0.0058      Fe 5                241.720A    -3.742    0.0019
Ca B                7.45782m    -2.622    0.0246      C  4                244.911A    -3.634    0.0024      Fe 5                232.230A    -3.770    0.0017
Ca B                4.65251m    -2.817    0.0157      C  4                948.208A    -3.965    0.0011      Fe 5                241.470A    -3.774    0.0017
Ca B                3.73954m    -2.998    0.0103      C  4                244.903A    -3.620    0.0025      Fe 5                231.710A    -3.854    0.0014
Ca B                3.29609m    -3.157    0.0072      C  4                948.090A    -3.857    0.0014      Fe 5                365.850A    -3.801    0.0016
Ca B                3.03837m    -3.299    0.0052      Ca 5                4.15739m    -2.234    0.0600      Fe 6                174.510A    -3.329    0.0048
Ca B                2.87221m    -3.426    0.0039      Ca 5                11.4792m    -3.368    0.0044      Fe 6                156.820A    -3.372    0.0044
Ca B                2.75752m    -3.542    0.0030      Ca 5                5309.11A    -2.412    0.0398      Fe 6                180.240A    -3.479    0.0034
Ca B                2.67440m    -3.648    0.0023      Ca 5                6086.37A    -3.123    0.0077      Fe 6                185.150A    -3.486    0.0034
Ca B                2.61194m    -3.746    0.0018      Ca 5                2412.87A    -3.857    0.0014      Fe 6                159.280A    -3.650    0.0023
Ca B                2.56363m    -3.837    0.0015      Ca 7                414.647A    -3.992    0.0010      Fe 6                159.700A    -3.713    0.0020
Ca B                2.52540m    -3.921    0.0012      Ca 8                2.32117m    -3.845    0.0015      Fe 6                295.530A    -3.299    0.0052
Ca B                2.49458m    -4.001    0.0010      Cl 3                5517.71A    -3.886    0.0013      Fe 6                153.700A    -3.794    0.0017
Ca B                12.3685m    -3.041    0.0094      Cl 4                20.3197m    -2.338    0.0472      Fe 6                148.120A    -3.891    0.0013
Ca B                7.50045m    -3.200    0.0065      Cl 4                11.7629m    -2.425    0.0386      Fe 6                148.030A    -3.879    0.0014
Ca B                5.90660m    -3.356    0.0045      Cl 4                7530.54A    -2.915    0.0125      Fe 6                155.390A    -3.860    0.0014
Ca B                5.12726m    -3.498    0.0033      Cl 4                8045.62A    -2.551    0.0289      Fe 6                292.810A    -3.373    0.0044
Ca B                4.67124m    -3.625    0.0024      Cl 4                3118.66A    -3.934    0.0012      Fe 6                154.470A    -3.844    0.0015
Ca B                4.37526m    -3.741    0.0019      Cr 7                202.825A    -3.323    0.0049      Fe 6                185.250A    -3.743    0.0019
Ca B                4.16966m    -3.848    0.0015      Cr 8                208.633A    -3.972    0.0011      Fe 6                141.900A    -3.984    0.0011
Ca B                4.01977m    -3.946    0.0012      Cr 8                205.010A    -3.811    0.0016      Fe 6                138.100A    -4.008    0.0010
Ca B                19.0567m    -3.402    0.0041      Fe 4                3094.96A    -1.572    0.2751      Fe 6                148.100A    -3.925    0.0012
Ca B                11.3056m    -3.535    0.0030      Fe 4                3094.53A    -3.857    0.0014      Fe 6                141.870A    -3.994    0.0010
Ca B                8.75768m    -3.671    0.0022      Fe 4                2835.74A    -1.558    0.2844      Fe 6                160.770A    -3.858    0.0014
Ca B                7.50606m    -3.798    0.0016      Fe 4                2829.36A    -1.855    0.1435      Fe 6                158.730A    -3.936    0.0012
Ca B                6.77015m    -3.913    0.0013      Fe 4                2823.50A    -2.422    0.0389      Fe 6                176.570A    -3.838    0.0015
Ca B                27.7958m    -3.721    0.0020      Fe 4                2577.92A    -3.432    0.0038      Fe 6                197.950A    -3.758    0.0018
Ca B                16.2047m    -3.832    0.0015      Fe 4                2.83562m    -2.954    0.0114      Fe 6                185.060A    -3.811    0.0016
Ca B                12.3838m    -3.953    0.0011      Fe 4                2.80554m    -3.517    0.0031      Fe 6                279.220A    -3.565    0.0028
Ca B                38.8593m    -4.006    0.0010      Fe 4                2.86447m    -3.313    0.0050      Fe 6                296.190A    -3.609    0.0025
H  1                2430.61A     0.040   11.2666      Fe 4                2567.61A    -2.517    0.0313      Fe 6                189.090A    -3.864    0.0014
H  1                1215.67A     0.350   23.0209      Fe 4                2.71569m    -3.633    0.0024      Fe 6                178.800A    -3.922    0.0012
H  1                1025.72A    -2.673    0.0218      Fe 4                2567.40A    -3.276    0.0054      Fe 6                220.730A    -3.738    0.0019
H  1                972.537A    -2.766    0.0176      Fe 4                2.77325m    -3.849    0.0015      Fe 6                187.770A    -3.964    0.0011
H  1                949.743A    -2.823    0.0154      Fe 4                6739.82A    -3.056    0.0090      Fe 6                215.420A    -3.872    0.0014
H  1                937.803A    -2.866    0.0140      Fe 4                6761.38A    -3.557    0.0028      Fe 6                201.520A    -3.984    0.0011
H  1                930.748A    -2.907    0.0127      Fe 4                6734.42A    -3.174    0.0069      Fe 6                217.750A    -3.909    0.0013
H  1                926.226A    -2.948    0.0116      Fe 4                6997.10A    -3.899    0.0013      Fe 7                152.390A    -3.161    0.0071
H  1                923.150A    -2.980    0.0108      Fe 4                5233.76A    -3.662    0.0022      Fe 7                163.470A    -3.241    0.0059
H  1                920.963A    -3.006    0.0101      Fe 4                4906.56A    -3.293    0.0052      Fe 7                148.230A    -3.399    0.0041
H  1                919.351A    -3.120    0.0078      Fe 4                4917.97A    -3.802    0.0016      Fe 7                148.660A    -3.446    0.0037
H  1                918.129A    -3.135    0.0075      Fe 4                7222.76A    -3.776    0.0017      Fe 7                181.600A    -3.469    0.0035
H  1                917.181A    -3.147    0.0073      Fe 4                4899.97A    -3.671    0.0022      Fe 7                125.370A    -3.758    0.0018
H  1                916.429A    -3.157    0.0072      Fe 4                4903.07A    -3.651    0.0023      Fe 7                115.560A    -3.987    0.0011
H  1                915.824A    -3.165    0.0070      Fe 4                7183.99A    -4.000    0.0010      Fe 7                125.770A    -3.908    0.0013
H  1                915.329A    -3.173    0.0069      Fe 4                4868.16A    -3.817    0.0016      Fe 7                234.000A    -3.272    0.0055
H  1                914.919A    -3.179    0.0068      Fe 4                4867.95A    -3.893    0.0013      Fe 7                124.350A    -3.955    0.0011
H  1                914.576A    -3.184    0.0067      Fe 4                4206.59A    -3.938    0.0012      Fe 7                196.310A    -3.608    0.0025
H  1                914.286A    -3.186    0.0067      Fe 4                4208.88A    -3.970    0.0011      Fe 7                168.980A    -3.676    0.0022
H  1                914.039A    -3.186    0.0067      Fe 5                70.3538m    -2.528    0.0305      Fe 7                226.340A    -3.456    0.0036
H  1                913.826A    -3.182    0.0068      Fe 5                36.3273m    -2.491    0.0332      Fe 7                218.140A    -3.698    0.0021
H  1                6562.80A    -0.570    2.7686      Fe 5                25.9131m    -2.590    0.0264      Fe 7                196.950A    -3.868    0.0014
H  1                4861.32A    -1.012    1.0000      Fe 5                20.8407m    -2.843    0.0148      Fe 7                218.090A    -3.838    0.0015
H  1                4340.46A    -1.337    0.4731      Fe 5                4180.59A    -3.227    0.0061      Fe 7                207.850A    -4.008    0.0010
H  1                4101.73A    -1.592    0.2627      Fe 5                4143.15A    -2.958    0.0113      P  4                388.319A    -3.765    0.0018
H  1                3970.07A    -1.803    0.1617      Fe 5                4227.19A    -2.250    0.0578      Cl 4                981.258A    -3.775    0.0017
H  1                3889.05A    -1.983    0.1069      Fe 5                4003.21A    -3.924    0.0012      K  5                727.442A    -3.644    0.0023
H  1                3835.38A    -2.139    0.0745      Fe 5                4071.24A    -2.991    0.0105      K  6                720.129A    -3.804    0.0016
H  1                3797.90A    -2.278    0.0541      Fe 5                3895.22A    -3.373    0.0044      Sc 4                289.851A    -3.788    0.0017
H  1                3770.63A    -2.287    0.0531      Fe 5                3851.34A    -3.598    0.0026      Ti 5                225.351A    -3.823    0.0015
H  1                3750.15A    -2.392    0.0417      Fe 5                3794.94A    -3.009    0.0101      Ti 6                250.473A    -3.473    0.0035
H  1                3734.37A    -2.488    0.0334      Fe 5                3755.70A    -3.291    0.0053      Ti 6                264.599A    -3.726    0.0019
H  1                3721.94A    -2.577    0.0272      Fe 5                3911.33A    -3.863    0.0014      V  5                252.002A    -4.009    0.0010
H  1                3711.97A    -2.659    0.0225      Fe 5                3839.27A    -2.995    0.0104      Cr 6                267.323A    -3.902    0.0013
H  1                3703.85A    -2.735    0.0189      Fe 5                3783.22A    -3.407    0.0040      Cr 6                226.666A    -3.414    0.0040
H  1                3697.15A    -2.805    0.0161      Fe 5                3891.28A    -3.227    0.0061      Cr 6                201.366A    -3.474    0.0035
H  1                3691.55A    -2.871    0.0138      Fe 5                3819.95A    -3.897    0.0013      Cr 6                202.514A    -3.794    0.0017
H  1                3686.83A    -2.930    0.0121      Fe 5                3445.62A    -3.722    0.0020      Mn 6                308.369A    -3.852    0.0014
H  1                3682.81A    -2.983    0.0107      Fe 5                3463.51A    -3.705    0.0020      Mn 7                203.401A    -3.769    0.0017
H  1                3679.35A    -3.028    0.0096      Fe 5                2828.24A    -3.724    0.0019      Mn 7                182.883A    -3.612    0.0025
H  1                1.87510m    -1.532    0.3022      Fe 5                2730.21A    -3.952    0.0011      Mn 7                184.256A    -3.806    0.0016
H  1                1.28181m    -1.822    0.1547      Fe 5                2717.82A    -3.962    0.0011      hyperfine structure.............................
H  1                1.09381m    -2.070    0.0875      Fe 5                2707.36A    -3.911    0.0013      inner shell.....................................
H  1                1.00494m    -2.278    0.0542      Fe 6                19.5527m    -1.666    0.2215      O  4                23.0797A    -3.494    0.0033
H  1                9545.97A    -2.456    0.0360      Fe 6                14.7670m    -1.881    0.1352      O  5                1215.53A    -3.200    0.0065
H  1                9229.02A    -2.612    0.0251      Fe 6                12.3074m    -2.144    0.0737      O  6                339.683A    -3.498    0.0033
H  1                9014.91A    -2.750    0.0183      Fe 6                5335.18A    -2.152    0.0725      Si 5                119.791A    -3.126    0.0077
H  1                8862.79A    -2.802    0.0162      Fe 6                5484.84A    -2.406    0.0404      Si 5                120.490A    -3.129    0.0076
H  1                8750.48A    -2.906    0.0127      Fe 6                5631.07A    -2.312    0.0501      S  6                488.127A    -3.864    0.0014
H  1                8665.02A    -3.002    0.0102      Fe 6                5277.81A    -2.664    0.0223      S  7                72.4207A    -2.968    0.0111
H  1                8598.40A    -3.091    0.0083      Fe 6                5424.22A    -2.333    0.0477      S  7                72.9319A    -2.971    0.0110
H  1                8545.39A    -3.173    0.0069      Fe 6                5676.95A    -2.267    0.0556      Fe 5                1.93574A    -3.849    0.0015
H  1                8502.49A    -3.249    0.0058      Fe 6                5426.64A    -2.597    0.0260      Fe 5                16.2050A    -3.909    0.0013
H  1                8467.26A    -3.319    0.0049      Fe 6                5097.81A    -3.974    0.0011      Fe 6                167.773A    -3.353    0.0046
H  1                8437.96A    -3.384    0.0042      Fe 6                5234.28A    -3.129    0.0076      Fe 6                172.200A    -3.980    0.0011
H  1                8413.32A    -3.444    0.0037      Fe 6                5370.29A    -3.195    0.0066      Fe 6                134.473A    -3.623    0.0024
H  1                8392.40A    -3.497    0.0033      Fe 6                5145.75A    -1.936    0.1190      Fe 6                167.773A    -3.849    0.0015
H  1                8374.48A    -3.542    0.0030      Fe 6                4972.47A    -1.952    0.1148      Fe 6                172.200A    -3.460    0.0036
H  1                4.05115m    -2.185    0.0672      Fe 6                5176.04A    -1.961    0.1123      Fe 6                134.473A    -3.339    0.0047
H  1                2.62515m    -2.401    0.0408      Fe 6                4967.14A    -2.333    0.0478      Fe 6                167.773A    -3.165    0.0070
H  1                2.16553m    -2.602    0.0257      Fe 6                1.37459m    -3.659    0.0023      Fe 6                172.200A    -3.176    0.0069
H  1                1.94456m    -2.778    0.0171      Fe 6                3813.54A    -2.942    0.0117      Fe 8                185.328A    -3.891    0.0013
H  1                1.81741m    -2.934    0.0120      Fe 6                3889.40A    -2.740    0.0187      Fe 8                190.745A    -4.009    0.0010
H  1                1.73621m    -3.072    0.0087      Fe 6                1.28877m    -3.216    0.0062      Fe 8                190.745A    -3.688    0.0021
H  1                1.68065m    -3.171    0.0069      Fe 6                3662.50A    -2.680    0.0215      Fe 7                172.440A    -2.596    0.0261
H  1                1.64072m    -3.275    0.0055      Fe 6                3573.86A    -3.561    0.0028      Fe 7                177.120A    -2.607    0.0254
H  1                1.61093m    -3.371    0.0044      Fe 6                3492.10A    -3.301    0.0051      Fe 9                194.333A    -3.802    0.0016
H  1                1.58805m    -3.459    0.0036      Fe 6                3555.60A    -2.992    0.0105      Fe 9                200.622A    -3.943    0.0012
H  1                1.57007m    -3.541    0.0030      Fe 6                1.23303m    -2.908    0.0127      Fe 9                200.622A    -3.636    0.0024
H  1                1.55565m    -3.617    0.0025      Fe 6                3740.93A    -3.786    0.0017      Fe 8                335.092A    -3.950    0.0012
H  1                1.54389m    -3.687    0.0021      Fe 6                3630.57A    -3.944    0.0012      Fe 8                185.328A    -3.994    0.0010
H  1                1.53418m    -3.752    0.0018      Fe 6                1.34929m    -2.713    0.0199      Fe 8                190.745A    -3.705    0.0020
H  1                1.52605m    -3.811    0.0016      Fe 6                1.26742m    -3.081    0.0085      Fe 8                185.328A    -2.634    0.0239
H  1                1.51919m    -3.864    0.0014      Fe 6                3905.01A    -3.662    0.0022      Fe 8                190.745A    -2.646    0.0232
H  1                1.51332m    -3.909    0.0013      Fe 6                2260.89A    -3.462    0.0035      Fe 9                194.333A    -3.591    0.0026
H  1                7.45782m    -2.704    0.0203      Fe 6                4014.56A    -3.693    0.0021      Fe 9                200.622A    -3.605    0.0026
H  1                4.65251m    -2.871    0.0138      Fe 6                2187.21A    -3.859    0.0014      Ni 7                136.546A    -3.909    0.0013
H  1                3.73954m    -3.038    0.0094      Fe 6                3846.94A    -3.461    0.0036      molecules.......................................
H  1                3.29609m    -3.190    0.0066      Fe 6                2145.08A    -3.353    0.0046      bands...........................................
H  1                3.03837m    -3.327    0.0048      Fe 8                5.44514m    -2.049    0.0917      miscellaneous...................................
H  1                2.87221m    -3.460    0.0036      Fe 8                231.884A    -3.990    0.0011      C 2R                1335.00A    -2.708    0.0201
H  1                2.75752m    -3.563    0.0028      Fe 8                227.327A    -3.806    0.0016      C 3R                977.000A    -1.801    0.1625
H  1                2.67440m    -3.659    0.0023      Fe 8                217.691A    -3.900    0.0013      C 3R                1909.00A    -1.956    0.1137
H  1                2.61194m    -3.747    0.0018      Fe 8                195.972A    -3.818    0.0016      C 3R                1175.00A    -2.137    0.0750
H  1                2.56363m    -3.828    0.0015      Fe 8                194.661A    -3.961    0.0011      C 4R                1549.00A    -2.433    0.0379
H  1                2.52540m    -3.904    0.0013      Fe 8                186.598A    -3.749    0.0018      N 2R                1085.00A    -3.893    0.0013
H  1                2.49458m    -3.974    0.0011      Fe 8                187.240A    -3.508    0.0032      N 3R                990.000A    -1.941    0.1176
H  1                12.3685m    -3.140    0.0074      Fe 8                168.929A    -3.374    0.0043      N 4R                765.000A    -3.439    0.0037
H  1                7.50045m    -3.272    0.0055      Fe 8                168.544A    -3.643    0.0023      O 2R                7332.00A    -3.919    0.0012
H  1                5.90660m    -3.413    0.0040      Fe 8                168.172A    -3.580    0.0027      O 2R                7323.00A    -3.835    0.0015
H  1                5.12726m    -3.546    0.0029      Fe 8                167.486A    -3.802    0.0016      O 2R                3726.00A    -3.110    0.0080
H  1                4.67124m    -3.699    0.0021      Fe 8                168.003A    -3.249    0.0058      O 2R                3729.00A    -2.970    0.0110
H  1                4.37526m    -3.801    0.0016      Fe 8                131.257A    -3.958    0.0011      O 2R                2471.00A    -3.668    0.0022
H  1                4.16966m    -3.895    0.0013      K  5                4163.32A    -3.804    0.0016      O 2R                4651.00A    -3.349    0.0046
H  1                4.01977m    -3.983    0.0011      K  5                4122.62A    -3.702    0.0020      O 2R                4341.00A    -3.626    0.0024
H  1                19.0567m    -3.516    0.0031      K  6                8.82061m    -3.807    0.0016      O 3R                835.000A    -2.196    0.0654
H  1                11.3056m    -3.622    0.0025      K  6                5.57324m    -3.930    0.0012      O 4R                789.000A    -1.554    0.2873
H  1                8.75768m    -3.743    0.0019      Mg 2                2802.71A    -3.038    0.0094      O 5R                630.000A    -2.912    0.0126
H  1                7.50606m    -3.903    0.0013      Mg 2                2795.53A    -2.776    0.0172      Blnd                1400.00A    -1.972    0.1095
H  1                6.77015m    -4.003    0.0010      Mg 4                4.48711m    -2.208    0.0636      Blnd                1650.00A    -0.790    1.6656
H  1                27.7958m    -3.846    0.0015      Mg 4                320.994A    -3.885    0.0013      Blnd                2798.00A    -2.587    0.0266
H  1                16.2047m    -3.932    0.0012      Mg 4                323.307A    -3.103    0.0081      Blnd                1198.00A    -3.528    0.0030
Ca A                303.784A     0.066   11.9530      Mg 4                180.614A    -3.940    0.0012      Blnd                1406.00A    -3.117    0.0078
Ca A                256.317A    -0.645    2.3277      Mg 4                181.344A    -3.973    0.0011      Blnd                1199.00A    -3.465    0.0035
Ca A                243.027A    -1.073    0.8694      Mg 4                180.795A    -3.934    0.0012      Blnd                1860.00A    -3.328    0.0048
Ca A                237.331A    -1.381    0.4278      Mg 4                171.655A    -3.774    0.0017      Blnd                4725.00A    -1.816    0.1571
Ca A                234.347A    -1.623    0.2451      Mg 5                5.60700m    -1.571    0.2759      Blnd                2860.00A    -2.834    0.0151
Ca A                232.584A    -1.823    0.1545      Mg 5                13.5464m    -2.654    0.0228      Blnd                7250.00A    -3.402    0.0041
Ca A                231.454A    -1.994    0.1041      Mg 5                2782.76A    -2.073    0.0869      Blnd                1888.00A    -3.124    0.0077
Ca A                230.686A    -2.144    0.0737      Mg 5                2928.09A    -2.638    0.0236      Blnd                1397.00A    -2.345    0.0464
Ca A                230.139A    -2.278    0.0542      Mg 5                353.092A    -3.788    0.0017      Blnd                2424.00A    -1.778    0.1712
Ca A                229.736A    -2.398    0.0411      Mg 5                355.329A    -3.173    0.0069      Blnd                4720.00A    -3.908    0.0013
Ca A                229.431A    -2.508    0.0319      Mg 5                353.297A    -3.638    0.0024      Blnd                774.000A    -3.637    0.0024
Ca A                229.194A    -2.609    0.0253      Mg 5                354.221A    -3.520    0.0031      Blnd                5525.00A    -3.651    0.0023
Ca A                229.006A    -2.703    0.0204      Mg 5                146.465A    -3.924    0.0012      Blnd                1335.00A    -3.233    0.0060
Ca A                228.855A    -2.790    0.0167      Mg 5                137.411A    -3.835    0.0015      Blnd                1909.00A    -1.812    0.1586
Ca A                228.731A    -2.871    0.0138      Mg 5                137.745A    -4.009    0.0010      Blnd                1176.00A    -3.923    0.0012
Ca A                228.629A    -2.948    0.0116      Mg 6                1806.00A    -3.021    0.0098      Blnd                1549.00A    -0.826    1.5339
Ca A                228.543A    -3.020    0.0098      Mg 6                1806.42A    -2.920    0.0124      Blnd                1085.00A    -3.749    0.0018
Ca A                228.471A    -3.088    0.0084      Mg 6                403.307A    -3.342    0.0047      Blnd                1750.00A    -3.134    0.0075
Ca A                228.409A    -3.153    0.0072      Mg 6                400.662A    -3.363    0.0045      Blnd                990.000A    -2.969    0.0110
Ca A                228.356A    -3.215    0.0063      Mg 6                399.281A    -3.390    0.0042      Blnd                1486.00A    -1.903    0.1284
Ca A                228.309A    -3.274    0.0055      Mg 8                3.02764m    -3.750    0.0018      Blnd                1240.00A    -2.017    0.0988
Ca A                228.269A    -3.330    0.0048      Mn 8                185.455A    -3.967    0.0011      Blnd                833.000A    -3.149    0.0073
Ca A                228.234A    -3.384    0.0042      N  3                57.3238m    -2.050    0.0916      Blnd                3727.00A    -3.145    0.0074
Ca A                1640.41A    -0.938    1.1843      N  3                1753.99A    -4.009    0.0010      Blnd                1666.00A    -2.014    0.0996
Ca A                1215.13A    -1.448    0.3662      N  3                1752.16A    -3.584    0.0027      Blnd                5007.00A     0.171   15.2217
Ca A                1084.94A    -1.794    0.1650      N  3                1749.67A    -3.614    0.0025      Blnd                835.000A    -2.503    0.0323
Ca A                1025.27A    -2.057    0.0901      N  3                989.799A    -3.738    0.0019      Blnd                1402.00A    -2.212    0.0631
Ca A                992.358A    -2.270    0.0552      N  3                991.511A    -3.248    0.0058      Blnd                789.000A    -2.737    0.0188
Ca A                972.106A    -2.449    0.0365      N  3                991.577A    -3.488    0.0033      Blnd                1218.00A    -1.865    0.1403
Ca A                958.693A    -2.605    0.0255      N  3                764.351A    -3.219    0.0062      Blnd                1035.00A    -2.043    0.0931

                                                    Emergent line intensities
 Caution: emergent intensities are not reliable on the first iteration.
general properties..............................      Cl 5                392.433A    -3.798    0.0016      C  4                212.750A    -3.501    0.0032
continua........................................      Cl 5                883.131A    -3.962    0.0011      C  4                206.950A    -3.593    0.0026
FIR                 83.0000m    -0.304    5.1087      Cl 5                894.911A    -3.882    0.0013      C  4                203.370A    -3.675    0.0022
TIR                 1800.00m    -3.009    0.0101      Cl 6                671.380A    -3.562    0.0028      C  4                200.980A    -3.736    0.0019
NIRa                2.85000m     0.921   85.6658      Cl 7                814.810A    -3.891    0.0013      C  4                199.320A    -3.800    0.0016
NIRb                3.00000m     0.598   40.6944      Cl 7                803.716A    -3.799    0.0016      N  3                293.510A    -3.415    0.0040
MIRa                15.0000m     0.485   31.4241      Cr 5                594.921A    -3.307    0.0051      N  3                283.090A    -3.452    0.0036
MIRb                22.5000m     0.536   35.2837      F  6                535.206A    -3.954    0.0011      N  3                264.550A    -3.466    0.0035
NMIR                21.7500m     0.921   85.6658      Fe 3                22.9190m    -3.965    0.0011      N  3                277.180A    -3.481    0.0034
TFIR                611.250m    -2.452    0.0363      Fe 7                9.50763m    -1.278    0.5416      N  3                312.110A    -3.484    0.0034
TALL                10000.0A     1.457  294.4278      Fe 7                5720.71A    -1.862    0.1412      N  3                273.490A    -3.509    0.0032
F12                 12.0000m     0.133   13.9489      Fe 7                4988.55A    -2.061    0.0893      N  3                267.450A    -3.527    0.0031
F25                 25.0000m    -0.250    5.7825      Fe 7                4893.37A    -2.327    0.0484      N  3                248.910A    -3.577    0.0027
F60                 60.0000m    -0.513    3.1525      Fe 7                4698.24A    -3.293    0.0052      N  3                271.020A    -3.535    0.0030
F100                100.000m    -0.728    1.9231      Fe 7                7.81037m    -1.809    0.1595      N  3                305.650A    -3.550    0.0029
MIPS                24.0000m    -0.296    5.1998      Fe 7                6086.97A    -1.688    0.2110      N  3                269.290A    -3.556    0.0029
MIPS                70.0000m    -2.288    0.0529      Fe 7                5158.89A    -2.194    0.0658      N  3                300.710A    -3.569    0.0028
MIPS                160.000m    -3.190    0.0066      Fe 7                4942.48A    -2.690    0.0210      N  3                238.620A    -3.705    0.0020
IRAC                3.60000m    -0.285    5.3339      Fe 7                3586.32A    -2.163    0.0705      N  3                234.300A    -3.735    0.0019
IRAC                4.50000m    -0.257    5.6919      Fe 7                5276.38A    -2.856    0.0143      N  3                286.900A    -3.667    0.0022
IRAC                5.80000m    -0.221    6.1745      Fe 7                3758.92A    -2.010    0.1005      N  3                231.470A    -3.896    0.0013
IRAC                8.00000m    -0.048    9.1916      Fe 7                3.38363m    -3.071    0.0087      N  3                279.440A    -3.728    0.0019
SPR1                250.000m    -3.231    0.0060      Fe 7                2.62872m    -3.011    0.0100      N  3                229.580A    -3.874    0.0014
SPR2                350.000m    -3.349    0.0046      Fe 7                247.630A    -3.643    0.0023      N  3                274.950A    -3.781    0.0017
SPR3                500.000m    -3.406    0.0040      Fe 9                171.073A    -3.810    0.0016      N  3                272.030A    -3.819    0.0016
PAC1                70.0000m    -2.262    0.0562      K  3                4.61683m    -3.958    0.0011      N  3                270.020A    -3.845    0.0015
PAC2                100.000m    -0.728    1.9230      K  4                5.98030m    -2.913    0.0125      N  4                197.610A    -3.472    0.0035
PAC3                160.000m    -2.912    0.0126      Mg 3                231.734A    -3.319    0.0049      N  4                182.190A    -3.622    0.0025
PAH                 3.30000m    -1.153    0.7226      Mg 3                234.264A    -3.621    0.0025      N  4                175.020A    -3.722    0.0019
PAHC                3.23000m    -1.327    0.4837      Mg 7                9.03096m    -2.647    0.0231      N  4                170.460A    -3.812    0.0016
PAHC                3.37000m    -1.458    0.3583      Mg 7                5.50208m    -2.731    0.0191      N  4                168.090A    -3.822    0.0015
PAH                 6.20000m    -0.730    1.9134      Mg 7                431.189A    -3.644    0.0023      N  4                192.880A    -3.837    0.0015
PAHC                5.65000m    -0.621    2.4577      Mg 7                365.243A    -3.963    0.0011      N  4                167.260A    -3.949    0.0012
PAH                 7.90000m    -0.439    3.7373      Mg 7                277.001A    -3.886    0.0013      N  4                211.600A    -3.817    0.0016
PAHC                6.90000m    -0.481    3.3968      Mg 7                2629.13A    -3.744    0.0019      N  4                166.340A    -3.998    0.0010
PAH                 11.3000m    -1.277    0.5433      Mg 7                367.684A    -3.750    0.0018      N  4                165.190A    -4.009    0.0010
PAHC                10.9000m    -1.212    0.6306      Mg 7                278.402A    -3.690    0.0021      N  5                147.670A    -3.762    0.0018
PAH                 11.8000m    -1.100    0.8160      N  4                1486.50A    -2.287    0.0530      N  5                140.580A    -3.866    0.0014
PAHC                12.6500m    -1.228    0.6085      N  4                1483.32A    -2.135    0.0753      N  5                136.640A    -3.955    0.0011
PAH                 13.3000m    -1.180    0.6787      N  4                765.147A    -3.019    0.0098      O  2                425.190A    -3.567    0.0028
PAHC                14.1000m    -0.870    1.3864      N  4                247.205A    -3.480    0.0034      O  2                388.410A    -3.610    0.0025
Bcon                3640.00A     0.983   98.8818      N  4                1718.55A    -3.638    0.0024      O  2                373.600A    -3.670    0.0022
Pcon                5000.00A     0.652   46.0917      N  4                463.736A    -3.181    0.0068      O  2                361.821A    -3.680    0.0021
O3bn                5007.00A     0.071   12.1104      N  5                162.556A    -3.961    0.0011      O  2                366.060A    -3.696    0.0021
SX                  25.0000A    -1.294    0.5220      N  5                162.564A    -3.987    0.0011      O  2                360.570A    -3.787    0.0017
HX                  4.70000A    -0.261    5.6346      N  5                209.274A    -3.374    0.0043      O  2                414.619A    -3.909    0.0013
ROSA                12.3980A    -0.867    1.3956      N  5                209.308A    -3.401    0.0041      O  2                358.780A    -3.943    0.0012
RRC.............................................      N  5                266.379A    -3.796    0.0016      O  2                356.930A    -3.947    0.0012
grains..........................................      N  5                1238.82A    -2.206    0.0640      O  2                355.610A    -3.996    0.0010
H-like iso-sequence.............................      N  5                1242.80A    -2.470    0.0348      O  3                305.400A    -2.274    0.0547
H  1                1215.67A     0.350   23.0069      Na 6                14.3924m    -3.189    0.0067      O  3                268.070A    -2.794    0.0165
H  1                1025.72A    -2.673    0.0218      Na 6                8.60825m    -3.411    0.0040      O  3                263.850A    -2.837    0.0149
H  1                972.537A    -2.766    0.0176      Na 6                491.240A    -3.834    0.0015      O  3                373.640A    -2.918    0.0124
H  1                949.743A    -2.823    0.0154      Na 6                417.563A    -3.935    0.0012      O  3                265.020A    -2.877    0.0136
H  1                937.803A    -2.866    0.0140      Na 6                313.742A    -3.852    0.0014      O  3                248.730A    -3.126    0.0077
H  1                930.748A    -2.907    0.0127      Ne 3                15.5509m    -1.139    0.7462      O  3                241.200A    -3.267    0.0056
H  1                926.226A    -2.948    0.0116      Ne 3                3868.76A    -1.295    0.5205      O  3                248.620A    -3.316    0.0050
H  1                923.150A    -2.980    0.0108      Ne 3                489.500A    -3.881    0.0014      O  3                236.890A    -3.345    0.0046
H  1                920.963A    -3.006    0.0101      Ne 3                36.0036m    -2.179    0.0681      O  3                234.190A    -3.385    0.0042
H  1                919.351A    -3.120    0.0078      Ne 3                3967.47A    -1.813    0.1580      O  3                276.900A    -3.254    0.0057
H  1                918.129A    -3.135    0.0075      Ne 3                1814.56A    -3.691    0.0021      O  3                241.140A    -3.385    0.0042
H  1                917.181A    -3.147    0.0073      Ne 3                491.045A    -2.779    0.0171      O  3                280.450A    -3.361    0.0045
H  1                916.429A    -3.157    0.0072      Ne 3                489.645A    -3.209    0.0064      O  3                263.230A    -3.358    0.0045
H  1                915.824A    -3.165    0.0070      Ne 3                313.688A    -3.119    0.0078      O  3                232.380A    -3.408    0.0040
H  1                915.329A    -3.173    0.0069      Ne 3                283.576A    -3.834    0.0015      O  3                236.860A    -3.423    0.0039
H  1                914.919A    -3.179    0.0068      Ne 3                490.311A    -3.269    0.0055      O  3                231.110A    -3.426    0.0039
H  1                914.576A    -3.184    0.0067      Ne 3                313.961A    -3.560    0.0028      O  3                255.390A    -3.430    0.0038
H  1                914.286A    -3.186    0.0067      Ne 3                283.799A    -3.789    0.0017      O  3                232.350A    -3.436    0.0038
H  1                914.039A    -3.186    0.0067      Ne 3                379.308A    -3.819    0.0016      O  3                234.180A    -3.443    0.0037
H  1                913.826A    -3.182    0.0068      Ne 5                24.3108m    -0.856    1.4318      O  3                230.150A    -3.785    0.0017
H  1                6562.80A    -0.570    2.7686      Ne 5                568.424A    -3.907    0.0013      O  3                231.100A    -3.463    0.0035
H  1                4861.32A    -1.012    1.0000      Ne 5                14.3178m    -1.022    0.9778      O  3                244.650A    -3.464    0.0035
H  1                4340.46A    -1.337    0.4731      Ne 5                3345.82A    -1.845    0.1469      O  3                238.930A    -3.488    0.0033
H  1                4101.73A    -1.592    0.2627      Ne 5                1574.70A    -3.487    0.0034      O  3                233.340A    -3.492    0.0033
H  1                3970.07A    -1.803    0.1617      Ne 5                569.756A    -3.204    0.0064      O  3                235.520A    -3.502    0.0032
H  1                3889.05A    -1.983    0.1069      Ne 5                569.828A    -3.864    0.0014      O  3                232.490A    -3.544    0.0029
H  1                3835.38A    -2.139    0.0745      Ne 5                481.293A    -3.582    0.0027      O  3                235.000A    -3.559    0.0028
H  1                3797.90A    -2.278    0.0541      Ne 5                481.366A    -3.622    0.0025      O  4                239.130A    -2.424    0.0387
H  1                3770.63A    -2.287    0.0531      Ne 5                358.474A    -3.482    0.0034      O  4                207.610A    -3.303    0.0051
H  1                3750.15A    -2.392    0.0417      Ne 5                3425.88A    -1.413    0.3973      O  4                196.560A    -3.360    0.0045
H  1                3734.37A    -2.488    0.0334      Ne 5                1145.61A    -3.716    0.0020      O  4                214.760A    -3.301    0.0051
H  1                3721.94A    -2.577    0.0272      Ne 5                572.032A    -3.811    0.0016      O  4                181.780A    -3.487    0.0033
H  1                3711.97A    -2.659    0.0225      Ne 5                572.105A    -3.712    0.0020      O  4                171.550A    -3.951    0.0012
H  1                3703.85A    -2.735    0.0189      Ne 5                572.335A    -3.827    0.0015      O  4                280.550A    -3.094    0.0083
H  1                3697.15A    -2.805    0.0161      Ne 5                482.990A    -3.060    0.0089      O  4                174.710A    -3.546    0.0029
H  1                3691.55A    -2.871    0.0138      Ne 5                482.994A    -3.459    0.0036      O  4                203.010A    -3.426    0.0039
H  1                3686.83A    -2.930    0.0121      Ne 5                359.374A    -2.764    0.0177      O  4                174.310A    -3.568    0.0028
H  1                3682.81A    -2.983    0.0107      Ne 5                2973.13A    -3.971    0.0011      O  4                182.700A    -3.547    0.0029
H  1                3679.35A    -3.028    0.0096      O  2                539.086A    -3.803    0.0016      O  4                181.770A    -3.552    0.0029
H  1                1.87510m    -1.532    0.3022      O  2                539.547A    -3.848    0.0015      O  4                170.710A    -3.623    0.0024
H  1                1.28181m    -1.822    0.1547      O  2                539.854A    -3.937    0.0012      O  4                159.680A    -3.693    0.0021
H  1                1.09381m    -2.070    0.0875      O  2                832.758A    -3.913    0.0013      O  4                168.240A    -3.652    0.0023
H  1                1.00494m    -2.278    0.0542      O  2                833.330A    -3.838    0.0015      O  4                152.360A    -3.749    0.0018
H  1                9545.97A    -2.456    0.0360      O  2                834.465A    -3.810    0.0016      O  4                180.320A    -3.616    0.0025
H  1                9229.02A    -2.612    0.0251      O  2                3728.81A    -3.381    0.0043      O  4                186.020A    -3.611    0.0025
H  1                9014.91A    -2.750    0.0183      O  2                3726.03A    -3.522    0.0031      O  4                166.570A    -3.705    0.0020
H  1                8862.79A    -2.802    0.0162      O  3                88.3323m    -0.732    1.9068      O  4                165.420A    -3.724    0.0019
H  1                8750.48A    -2.906    0.0127      O  3                4931.23A    -3.828    0.0015      O  4                150.140A    -3.853    0.0014
H  1                8665.02A    -3.002    0.0102      O  3                832.929A    -3.918    0.0012      O  4                153.570A    -3.852    0.0014
H  1                8598.40A    -3.091    0.0083      O  3                51.8004m    -0.543    2.9411      O  4                169.860A    -3.759    0.0018
H  1                8545.39A    -3.173    0.0069      O  3                4958.91A    -0.419    3.9124      O  4                168.250A    -3.777    0.0017
H  1                8502.49A    -3.249    0.0058      O  3                2320.95A    -2.697    0.0206      O  4                148.130A    -3.926    0.0012
H  1                8467.26A    -3.319    0.0049      O  3                1660.81A    -2.592    0.0263      O  4                206.560A    -3.642    0.0023
H  1                8437.96A    -3.384    0.0042      O  3                833.715A    -3.409    0.0040      O  4                166.640A    -3.806    0.0016
H  1                8413.32A    -3.444    0.0037      O  3                833.749A    -3.858    0.0014      O  4                146.760A    -3.985    0.0011
H  1                8392.40A    -3.497    0.0033      O  3                702.838A    -3.492    0.0033      O  4                168.870A    -3.888    0.0013
H  1                8374.48A    -3.542    0.0030      O  3                702.896A    -3.791    0.0017      O  4                168.140A    -3.987    0.0011
H  1                4.05115m    -2.185    0.0672      O  3                507.680A    -3.309    0.0050      O  5                135.810A    -3.686    0.0021
H  1                2.62515m    -2.401    0.0408      O  3                5006.84A     0.042   11.3078      O  5                139.140A    -3.677    0.0022
H  1                2.16553m    -2.602    0.0257      O  3                1666.15A    -2.147    0.0732      O  5                124.910A    -3.786    0.0017
H  1                1.94456m    -2.778    0.0171      O  3                835.059A    -3.154    0.0072      O  5                119.360A    -3.860    0.0014
H  1                1.81741m    -2.934    0.0120      O  3                835.092A    -3.296    0.0052      O  5                116.430A    -3.905    0.0013
H  1                1.73621m    -3.072    0.0087      O  3                835.289A    -3.629    0.0024      O  5                114.620A    -3.940    0.0012
H  1                1.68065m    -3.171    0.0069      O  3                703.851A    -3.130    0.0076      O  5                113.410A    -3.969    0.0011
H  1                1.64072m    -3.275    0.0055      O  3                703.854A    -3.361    0.0045      O  5                118.170A    -3.953    0.0011
H  1                1.61093m    -3.371    0.0044      O  3                508.178A    -2.359    0.0450      O  5                112.580A    -3.992    0.0010
H  1                1.58805m    -3.459    0.0036      O  3                4363.21A    -2.070    0.0874      O  6                105.000A    -3.996    0.0010
H  1                1.57007m    -3.541    0.0030      O  3                525.794A    -3.770    0.0017      F  3                253.730A    -3.745    0.0018
H  1                1.55565m    -3.617    0.0025      O  5                1218.34A    -2.255    0.0571      F  3                228.500A    -3.976    0.0011
H  1                1.54389m    -3.687    0.0021      O  5                1213.81A    -2.092    0.0832      F  3                312.150A    -3.879    0.0014
H  1                1.53418m    -3.752    0.0018      O  5                629.732A    -2.599    0.0259      F  5                462.650A    -3.750    0.0018
H  1                1.52605m    -3.811    0.0016      O  5                172.169A    -3.636    0.0024      Ne 2                444.150A    -3.854    0.0014
H  1                1.51919m    -3.864    0.0014      O  5                1371.30A    -3.903    0.0013      Ne 2                356.870A    -3.796    0.0016
H  1                1.51332m    -3.909    0.0013      O  5                286.448A    -3.242    0.0059      Ne 2                404.130A    -3.903    0.0013
H  1                7.45782m    -2.704    0.0203      P  4                824.731A    -3.944    0.0012      Ne 2                327.700A    -3.934    0.0012
H  1                4.65251m    -2.871    0.0138      P  4                950.657A    -3.578    0.0027      Ne 2                331.200A    -3.934    0.0012
H  1                3.73954m    -3.038    0.0094      P  4                1035.52A    -3.861    0.0014      Ne 2                327.139A    -3.950    0.0012
H  1                3.29609m    -3.190    0.0066      S  3                33.4704m    -2.384    0.0425      Ne 2                355.969A    -3.953    0.0011
H  1                3.03837m    -3.327    0.0048      S  3                18.7078m    -2.575    0.0273      Ne 3                250.920A    -3.130    0.0076
H  1                2.87221m    -3.460    0.0036      S  3                9068.62A    -2.653    0.0229      Ne 3                227.420A    -3.552    0.0029
H  1                2.75752m    -3.563    0.0028      S  3                9530.62A    -2.253    0.0574      Ne 3                218.360A    -3.933    0.0012
H  1                2.67440m    -3.659    0.0023      S  3                6312.06A    -3.755    0.0018      Ne 3                223.310A    -3.817    0.0016
H  1                2.61194m    -3.747    0.0018      S  3                1194.45A    -3.847    0.0015      Ne 3                228.870A    -3.346    0.0046
H  1                2.56363m    -3.828    0.0015      S  3                1021.11A    -3.810    0.0016      Ne 3                281.580A    -3.287    0.0053
H  1                2.52540m    -3.904    0.0013      S  5                1199.13A    -3.696    0.0021      Ne 3                227.190A    -3.654    0.0023
H  1                2.49458m    -3.974    0.0011      S  5                1188.28A    -3.850    0.0015      Ne 3                265.510A    -3.359    0.0045
H  1                12.3685m    -3.140    0.0074      S  5                786.468A    -3.234    0.0060      Ne 3                238.070A    -3.506    0.0032
H  1                7.50045m    -3.272    0.0055      Si 2                1194.50A    -3.889    0.0013      Ne 4                171.550A    -3.403    0.0041
H  1                5.90660m    -3.413    0.0040      Si 3                1892.03A    -3.518    0.0031      Ne 4                148.550A    -3.676    0.0022
H  1                5.12726m    -3.546    0.0029      Si 3                1882.71A    -3.350    0.0046      Ne 4                207.180A    -3.482    0.0034
H  1                4.67124m    -3.699    0.0021      Si 3                1206.50A    -3.196    0.0066      Ne 4                139.980A    -3.825    0.0015
H  1                4.37526m    -3.801    0.0016      Si 4                1122.48A    -3.975    0.0011      Ne 4                159.100A    -3.717    0.0020
H  1                4.16966m    -3.895    0.0013      Si 4                1128.34A    -3.941    0.0012      Ne 4                135.720A    -3.877    0.0014
H  1                4.01977m    -3.983    0.0011      Si 4                1393.75A    -2.552    0.0288      Ne 4                133.390A    -3.907    0.0013
H  1                19.0567m    -3.516    0.0031      Si 4                1402.77A    -2.767    0.0176      Ne 4                157.090A    -3.807    0.0016
H  1                11.3056m    -3.622    0.0025      Si 7                275.353A    -3.840    0.0015      Ne 4                139.680A    -3.983    0.0011
H  1                8.75768m    -3.743    0.0019      Si 7                275.667A    -3.936    0.0012      Ne 5                143.350A    -3.361    0.0045
H  1                7.50606m    -3.903    0.0013      Si 7                276.839A    -3.819    0.0016      Ne 5                142.640A    -3.532    0.0030
H  1                6.77015m    -4.003    0.0010      Si 7                278.443A    -3.583    0.0027      Ne 5                119.100A    -3.782    0.0017
H  1                27.7958m    -3.846    0.0015      Si 7                2146.64A    -3.220    0.0062      Ne 5                132.560A    -3.767    0.0018
H  1                16.2047m    -3.932    0.0012      Si 7                2350.02A    -3.855    0.0014      Ne 5                167.820A    -3.572    0.0028
He 2                303.784A     0.043   11.3394      Si 7                2.48071m    -2.367    0.0442      Ne 5                110.570A    -3.954    0.0011
He 2                256.317A    -2.898    0.0130      Si 7                6.51288m    -3.570    0.0028      Ne 5                131.150A    -3.820    0.0016
He 2                243.027A    -3.009    0.0101      Ti 5                252.959A    -3.194    0.0066      Ne 5                118.920A    -3.924    0.0012
He 2                237.331A    -3.068    0.0088      Ti 6                1.71509m    -3.394    0.0042      Ne 5                136.490A    -3.825    0.0015
He 2                234.347A    -3.103    0.0081      V  6                224.499A    -3.872    0.0014      Ne 5                124.970A    -3.958    0.0011
He 2                232.584A    -3.132    0.0076      Al 2                1670.79A    -3.883    0.0013      Ne 6                122.920A    -3.607    0.0025
He 2                231.454A    -3.152    0.0072      Al 5                2.90450m    -3.005    0.0101      Ne 6                111.440A    -3.925    0.0012
He 2                230.686A    -3.177    0.0068      Al 5                278.694A    -3.973    0.0011      Ne 6                114.600A    -3.941    0.0012
He 2                230.139A    -3.197    0.0065      Al 5                281.394A    -3.569    0.0028      Ne 6                138.790A    -3.883    0.0013
He 2                229.736A    -3.224    0.0061      Al 7                356.892A    -3.691    0.0021      Na 3                229.280A    -3.821    0.0016
He 2                229.431A    -3.237    0.0060      Al 7                353.777A    -3.744    0.0019      Na 5                124.710A    -3.828    0.0015
He 2                229.194A    -3.252    0.0058      Al 7                352.159A    -3.856    0.0014      Mg 4                147.190A    -3.773    0.0017
He 2                229.006A    -3.265    0.0056      Ar 7                585.748A    -3.577    0.0027      Mg 4                130.220A    -3.976    0.0011
He 2                228.855A    -3.278    0.0054      Ar 8                713.801A    -3.895    0.0013      Mg 4                140.710A    -3.898    0.0013
He 2                228.731A    -3.290    0.0053      Ar 8                700.240A    -3.800    0.0016      Mg 4                140.340A    -3.945    0.0012
He 2                228.629A    -3.300    0.0052      C  4                1550.77A    -1.296    0.5197      Mg 4                146.880A    -3.970    0.0011
He 2                228.543A    -3.308    0.0051      C  4                1548.19A    -1.006    1.0136      Mg 4                140.650A    -3.977    0.0011
He 2                228.471A    -3.313    0.0050      C  4                419.525A    -3.184    0.0067      Mg 5                114.050A    -3.755    0.0018
He 2                228.409A    -3.316    0.0050      C  4                419.714A    -2.884    0.0134      Mg 5                121.620A    -3.800    0.0016
He 2                228.356A    -3.313    0.0050      C  4                312.451A    -3.262    0.0056      Mg 5                114.810A    -3.850    0.0015
He 2                1640.41A    -0.817    1.5660      C  4                312.420A    -3.255    0.0057      Mg 5                110.840A    -3.924    0.0012
He 2                1215.13A    -1.284    0.5343      C  4                244.911A    -3.636    0.0024      Mg 5                113.720A    -3.878    0.0014
He 2                1084.94A    -1.619    0.2468      C  4                948.208A    -3.965    0.0011      Mg 5                131.630A    -3.938    0.0012
He 2                1025.27A    -1.878    0.1359      C  4                244.903A    -3.621    0.0025      Mg 6                95.1402A    -3.763    0.0018
He 2                992.358A    -2.090    0.0836      C  4                948.090A    -3.857    0.0014      Si 2                1179.59A    -3.853    0.0014
He 2                972.106A    -2.267    0.0555      Ca 5                4.15739m    -2.234    0.0600      Si 4                329.800A    -3.674    0.0022
He 2                958.693A    -2.421    0.0390      Ca 5                11.4792m    -3.368    0.0044      Si 4                312.700A    -3.728    0.0019
He 2                949.323A    -2.556    0.0286      Ca 5                5309.11A    -2.412    0.0398      Si 4                302.870A    -3.806    0.0016
He 2                942.507A    -2.451    0.0364      Ca 5                6086.37A    -3.123    0.0077      Si 4                296.640A    -3.825    0.0015
He 2                937.389A    -2.547    0.0292      Ca 5                2412.87A    -3.857    0.0014      Si 4                292.430A    -3.864    0.0014
He 2                933.444A    -2.636    0.0238      Ca 7                414.647A    -4.010    0.0010      Si 5                95.5502A    -3.843    0.0015
He 2                930.337A    -2.717    0.0197      Ca 8                2.32117m    -3.845    0.0015      S  3                667.049A    -3.435    0.0038
He 2                927.846A    -2.793    0.0166      Cl 3                5517.71A    -3.886    0.0013      S  3                691.219A    -3.580    0.0027
He 2                925.816A    -2.863    0.0141      Cl 4                20.3197m    -2.338    0.0472      S  3                704.220A    -3.656    0.0023
He 2                924.142A    -2.928    0.0121      Cl 4                11.7629m    -2.425    0.0386      S  3                671.510A    -3.945    0.0012
He 2                922.743A    -2.987    0.0106      Cl 4                7530.54A    -2.915    0.0125      S  3                482.139A    -3.802    0.0016
He 2                921.562A    -3.041    0.0093      Cl 4                8045.62A    -2.551    0.0289      S  3                474.260A    -3.883    0.0013
He 2                920.556A    -3.089    0.0084      Cl 4                3118.66A    -3.934    0.0012      S  3                480.121A    -3.931    0.0012
He 2                919.693A    -3.130    0.0076      Cr 7                202.825A    -3.416    0.0039      S  3                420.730A    -3.982    0.0011
He 2                4685.68A    -1.719    0.1965      Cr 8                205.010A    -3.911    0.0013      S  4                330.110A    -3.601    0.0026
He 2                3203.08A    -2.035    0.0948      Fe 4                3094.96A    -1.572    0.2751      S  4                370.000A    -3.606    0.0025
He 2                2733.28A    -2.296    0.0520      Fe 4                3094.53A    -3.857    0.0014      S  4                341.260A    -3.619    0.0025
He 2                2511.19A    -2.510    0.0318      Fe 4                2835.74A    -1.558    0.2844      S  4                295.300A    -3.663    0.0022
He 2                2385.39A    -2.691    0.0209      Fe 4                2829.36A    -1.855    0.1435      S  4                321.910A    -3.645    0.0023
He 2                2306.18A    -2.848    0.0146      Fe 4                2823.50A    -2.422    0.0389      S  4                274.000A    -3.669    0.0022
He 2                2252.67A    -2.986    0.0106      Fe 4                2577.92A    -3.433    0.0038      S  4                306.380A    -3.698    0.0021
He 2                2214.65A    -2.966    0.0111      Fe 4                2.83562m    -2.954    0.0114      S  4                301.570A    -3.740    0.0019
He 2                2186.59A    -3.062    0.0089      Fe 4                2.80554m    -3.517    0.0031      S  4                293.560A    -3.751    0.0018
He 2                2165.23A    -3.150    0.0073      Fe 4                2.86447m    -3.313    0.0050      S  4                238.330A    -3.829    0.0015
He 2                2148.58A    -3.232    0.0060      Fe 4                2567.61A    -2.517    0.0312      S  4                291.080A    -3.785    0.0017
He 2                2135.34A    -3.307    0.0051      Fe 4                2.71569m    -3.633    0.0024      S  4                255.380A    -3.849    0.0015
He 2                2124.61A    -3.377    0.0043      Fe 4                2567.40A    -3.277    0.0054      S  4                332.160A    -3.795    0.0016
He 2                2115.81A    -3.441    0.0037      Fe 4                2.77325m    -3.849    0.0015      S  4                232.120A    -3.897    0.0013
He 2                2108.49A    -3.501    0.0032      Fe 4                6739.82A    -3.056    0.0090      S  4                248.780A    -3.906    0.0013
He 2                2102.33A    -3.555    0.0029      Fe 4                6761.38A    -3.557    0.0028      S  4                242.980A    -3.952    0.0011
He 2                2097.10A    -3.603    0.0026      Fe 4                6734.42A    -3.174    0.0069      S  4                283.230A    -3.864    0.0014
He 2                2092.63A    -3.643    0.0023      Fe 4                6997.10A    -3.899    0.0013      S  4                279.740A    -3.920    0.0012
He 2                1.01235m    -2.341    0.0469      Fe 4                5233.76A    -3.662    0.0022      S  4                276.330A    -3.956    0.0011
He 2                6560.01A    -2.574    0.0274      Fe 4                4906.56A    -3.293    0.0052      S  4                284.670A    -3.960    0.0011
He 2                5411.45A    -2.786    0.0168      Fe 4                4917.97A    -3.802    0.0016      S  4                278.830A    -3.973    0.0011
He 2                4859.26A    -2.969    0.0110      Fe 4                7222.76A    -3.776    0.0017      S  5                285.830A    -3.467    0.0035
He 2                4541.54A    -3.128    0.0077      Fe 4                4899.97A    -3.671    0.0022      S  5                222.770A    -3.788    0.0017
He 2                4338.62A    -3.268    0.0055      Fe 4                4903.07A    -3.651    0.0023      S  5                235.180A    -3.678    0.0022
He 2                4199.78A    -3.335    0.0047      Fe 4                7183.99A    -4.000    0.0010      S  5                261.970A    -3.772    0.0017
He 2                4099.99A    -3.431    0.0038      Fe 4                4868.16A    -3.817    0.0016      Ar 3                458.140A    -3.322    0.0049
He 2                4025.55A    -3.519    0.0031      Fe 4                4867.95A    -3.893    0.0013      Ar 3                464.671A    -3.453    0.0036
He 2                3968.39A    -3.600    0.0026      Fe 4                4206.59A    -3.938    0.0012      Ar 3                451.091A    -3.673    0.0022
He 2                3923.44A    -3.675    0.0022      Fe 4                4208.88A    -3.970    0.0011      Ar 3                472.659A    -3.655    0.0023
He 2                3887.40A    -3.745    0.0018      Fe 5                70.3538m    -2.528    0.0305      Ar 3                488.909A    -3.788    0.0017
He 2                3858.03A    -3.809    0.0016      Fe 5                36.3273m    -2.491    0.0332      Ar 3                388.490A    -3.768    0.0018
He 2                3833.76A    -3.868    0.0014      Fe 5                25.9131m    -2.590    0.0264      Ar 3                527.451A    -3.833    0.0015
He 2                3813.45A    -3.923    0.0012      Fe 5                20.8407m    -2.843    0.0148      Ar 3                360.940A    -3.838    0.0015
He 2                3796.29A    -3.970    0.0011      Fe 5                4180.59A    -3.227    0.0061      Ar 3                345.990A    -3.835    0.0015
He 2                3781.64A    -4.011    0.0010      Fe 5                4143.15A    -2.958    0.0113      Ar 3                365.099A    -3.869    0.0014
He 2                1.86365m    -2.846    0.0146      Fe 5                4227.19A    -2.250    0.0578      Ar 3                387.261A    -3.998    0.0010
He 2                1.16262m    -3.022    0.0098      Fe 5                4003.21A    -3.924    0.0012      Ar 3                360.231A    -4.007    0.0010
He 2                9344.80A    -3.196    0.0065      Fe 5                4071.24A    -2.991    0.0105      Ar 4                444.680A    -2.807    0.0160
He 2                8236.67A    -3.354    0.0046      Fe 5                3895.22A    -3.373    0.0044      Ar 4                392.000A    -3.581    0.0027
He 2                7592.65A    -3.493    0.0033      Fe 5                3851.34A    -3.598    0.0026      Ar 4                278.290A    -3.665    0.0022
He 2                7177.41A    -3.624    0.0024      Fe 5                3794.94A    -3.009    0.0101      Ar 4                247.340A    -3.761    0.0018
He 2                6890.80A    -3.719    0.0020      Fe 5                3755.70A    -3.291    0.0053      Ar 4                233.650A    -3.830    0.0015
He 2                6683.11A    -3.807    0.0016      Fe 5                3911.33A    -3.863    0.0014      Ar 4                260.300A    -3.807    0.0016
He 2                6527.01A    -3.887    0.0013      Fe 5                3839.27A    -2.995    0.0104      Ar 4                291.540A    -3.821    0.0016
He 2                6406.30A    -3.962    0.0011      Fe 5                3783.22A    -3.407    0.0040      Ar 4                252.150A    -3.880    0.0014
He 2                3.09080m    -3.276    0.0054      Fe 5                3891.28A    -3.227    0.0061      Ar 4                236.240A    -3.885    0.0013
He 2                1.87431m    -3.410    0.0040      Fe 5                3819.95A    -3.897    0.0013      Ar 5                441.850A    -3.078    0.0086
He 2                1.47602m    -3.555    0.0029      Fe 5                3445.62A    -3.722    0.0020      Ar 5                455.901A    -3.284    0.0053
He 2                1.28127m    -3.691    0.0021      Fe 5                3463.51A    -3.705    0.0020      Ar 5                337.380A    -3.525    0.0031
He 2                1.16730m    -3.863    0.0014      Fe 5                2828.24A    -3.724    0.0019      Ar 5                231.610A    -3.722    0.0020
He 2                1.09334m    -3.956    0.0011      Fe 5                2730.21A    -3.952    0.0011      Ar 5                225.740A    -3.883    0.0013
He 2                4.76213m    -3.650    0.0023      Fe 5                2717.82A    -3.962    0.0011      Ar 5                222.930A    -4.004    0.0010
He 2                2.82519m    -3.753    0.0018      Fe 5                2707.36A    -3.911    0.0013      Ar 5                252.030A    -3.795    0.0016
He 2                2.18848m    -3.876    0.0014      Fe 6                19.5527m    -1.666    0.2215      Ar 5                231.870A    -3.955    0.0011
He 2                6.94599m    -3.980    0.0011      Fe 6                14.7670m    -1.881    0.1352      Ar 6                292.390A    -3.610    0.0025
He-like iso-sequence............................      Fe 6                12.3074m    -2.144    0.0737      Ar 6                221.080A    -3.900    0.0013
He 1                591.412A    -3.475    0.0034      Fe 6                5335.18A    -2.152    0.0725      Ca 3                351.260A    -3.167    0.0070
Blnd                591.412A    -3.473    0.0035      Fe 6                5484.84A    -2.406    0.0404      Ca 3                298.430A    -3.560    0.0028
He 1                584.334A    -2.007    0.1012      Fe 6                5631.07A    -2.312    0.0501      Ca 3                277.760A    -3.743    0.0019
He 1                537.030A    -2.960    0.0113      Fe 6                5277.81A    -2.664    0.0223      Ca 3                267.540A    -3.833    0.0015
He 1                522.213A    -3.101    0.0082      Fe 6                5424.22A    -2.333    0.0477      Ca 3                308.360A    -3.875    0.0014
He 1                515.617A    -3.183    0.0067      Fe 6                5676.95A    -2.267    0.0556      Ca 3                261.770A    -3.923    0.0012
He 1                512.099A    -3.247    0.0058      Fe 6                5426.64A    -2.597    0.0260      Ca 3                281.010A    -3.995    0.0010
He 1                625.563A    -0.722    1.9484      Fe 6                5097.81A    -3.974    0.0011      Ca 4                303.870A    -2.852    0.0145
He 1                510.018A    -3.342    0.0047      Fe 6                5234.28A    -3.129    0.0076      Ca 4                310.370A    -3.098    0.0082
He 1                508.657A    -3.357    0.0045      Fe 6                5370.29A    -3.195    0.0066      Ca 4                307.850A    -3.037    0.0094
He 1                507.727A    -3.506    0.0032      Fe 6                5145.75A    -1.936    0.1190      Ca 4                323.400A    -3.105    0.0081
He 1                507.065A    -3.404    0.0041      Fe 6                4972.47A    -1.952    0.1148      Ca 4                319.070A    -2.985    0.0106
He 1                506.576A    -3.415    0.0040      Fe 6                5176.04A    -1.961    0.1123      Ca 4                243.380A    -3.664    0.0022
He 1                506.204A    -3.436    0.0038      Fe 6                4967.14A    -2.333    0.0478      Ca 4                237.560A    -3.665    0.0022
He 1                505.916A    -3.459    0.0036      Fe 6                1.37459m    -3.659    0.0023      Ca 4                234.960A    -3.696    0.0021
He 1                505.687A    -3.484    0.0034      Fe 6                3813.54A    -2.942    0.0117      Ca 4                342.770A    -3.712    0.0020
He 1                505.502A    -3.510    0.0032      Fe 6                3889.40A    -2.740    0.0187      Ca 4                244.300A    -3.798    0.0016
He 1                505.352A    -3.537    0.0030      Fe 6                1.28877m    -3.216    0.0062      Ca 4                410.199A    -3.831    0.0015
He 1                505.227A    -3.564    0.0028      Fe 6                3662.50A    -2.680    0.0215      Ca 4                236.130A    -3.878    0.0014
He 1                505.122A    -3.591    0.0026      Fe 6                3573.86A    -3.561    0.0028      Ca 4                286.350A    -4.010    0.0010
He 1                505.033A    -3.618    0.0025      Fe 6                3492.10A    -3.301    0.0051      Ca 5                314.530A    -2.865    0.0140
He 1                504.958A    -3.698    0.0021      Fe 6                3555.60A    -2.992    0.0105      Ca 5                325.410A    -2.979    0.0108
He 1                504.893A    -3.704    0.0020      Fe 6                1.23303m    -2.908    0.0127      Ca 5                332.080A    -3.256    0.0057
He 1                504.836A    -3.696    0.0021      Fe 6                3740.93A    -3.786    0.0017      Ca 5                263.570A    -3.601    0.0026
He 1                504.787A    -3.750    0.0018      Fe 6                3630.57A    -3.944    0.0012      Ca 5                276.240A    -3.585    0.0027
He 1                504.744A    -3.720    0.0020      Fe 6                1.34929m    -2.713    0.0199      Ca 5                660.908A    -3.671    0.0022
He 1                504.706A    -3.662    0.0022      Fe 6                1.26742m    -3.081    0.0085      Ca 5                251.650A    -3.648    0.0023
He 1                504.672A    -2.873    0.0138      Fe 6                3905.01A    -3.662    0.0022      Ca 5                368.590A    -3.744    0.0019
He 1                1.08291m    -2.718    0.0197      Fe 6                2260.89A    -3.462    0.0035      Ca 5                366.341A    -3.782    0.0017
He 1                1.08302m    -2.261    0.0563      Fe 6                4014.56A    -3.693    0.0021      Ca 6                330.390A    -3.046    0.0092
He 1                1.08303m    -2.022    0.0976      Fe 6                2187.21A    -3.859    0.0014      Ca 6                227.310A    -3.641    0.0023
Blnd                1.08302m    -1.772    0.1736      Fe 6                3846.94A    -3.461    0.0036      Ca 7                338.000A    -3.591    0.0026
He 1                3888.64A    -2.340    0.0469      Fe 6                2145.08A    -3.353    0.0046      Ca 7                348.130A    -3.721    0.0020
He 1                3187.74A    -2.641    0.0235      Fe 8                5.44514m    -2.049    0.0917      Fe 3                911.104A    -3.967    0.0011
He 1                2945.10A    -2.901    0.0129      Fe 8                231.884A    -3.993    0.0010      Fe 4                309.190A    -3.053    0.0091
He 1                2829.08A    -3.127    0.0077      Fe 8                227.327A    -3.963    0.0011      Fe 4                532.950A    -3.294    0.0052
He 1                2760.44A    -3.765    0.0018      Fe 8                217.691A    -3.958    0.0011      Fe 4                275.130A    -3.242    0.0059
He 1                2721.00A    -3.891    0.0013      Fe 8                195.972A    -3.860    0.0014      Fe 4                259.600A    -3.445    0.0037
He 1                2694.61A    -4.009    0.0010      Fe 8                186.598A    -3.771    0.0017      Fe 4                251.070A    -3.648    0.0023
He 1                2.05813m    -3.066    0.0088      Fe 8                187.240A    -3.624    0.0024      Fe 4                245.840A    -3.699    0.0021
He 1                5015.68A    -2.767    0.0176      Fe 8                168.929A    -3.441    0.0037      Fe 4                326.120A    -3.674    0.0022
He 1                3964.73A    -3.161    0.0071      Fe 8                168.544A    -3.717    0.0020      Fe 4                242.370A    -3.725    0.0019
He 1                3613.64A    -3.476    0.0034      Fe 8                168.172A    -3.655    0.0023      Fe 4                239.960A    -3.743    0.0019
He 1                3447.59A    -3.740    0.0019      Fe 8                167.486A    -3.821    0.0016      Fe 4                281.200A    -3.741    0.0019
He 1                7065.71A    -3.411    0.0040      Fe 8                168.003A    -3.350    0.0046      Fe 4                262.550A    -3.764    0.0018
He 1                7065.21A    -2.934    0.0120      K  5                4163.32A    -3.804    0.0016      Fe 4                252.740A    -3.827    0.0015
He 1                7065.18A    -2.712    0.0199      K  5                4122.62A    -3.702    0.0020      Fe 4                246.880A    -3.852    0.0014
Blnd                7065.25A    -2.457    0.0359      K  6                8.82061m    -3.807    0.0016      Fe 4                243.070A    -3.895    0.0013
He 1                5875.98A    -3.063    0.0089      K  6                5.57324m    -3.930    0.0012      Fe 4                240.450A    -3.901    0.0013
He 1                5875.64A    -2.586    0.0267      Mg 2                2802.71A    -3.038    0.0094      Fe 5                236.210A    -3.428    0.0038
He 1                5875.61A    -2.364    0.0445      Mg 2                2795.53A    -2.776    0.0172      Fe 5                236.300A    -3.483    0.0034
Blnd                5875.66A    -2.109    0.0800      Mg 4                4.48711m    -2.208    0.0636      Fe 5                391.409A    -3.453    0.0036
He 1                4713.16A    -3.897    0.0013      Mg 4                320.994A    -3.888    0.0013      Fe 5                227.780A    -3.649    0.0023
He 1                4713.14A    -3.675    0.0022      Mg 4                323.307A    -3.134    0.0075      Fe 5                205.950A    -4.007    0.0010
Blnd                4713.17A    -3.420    0.0039      Mg 4                180.614A    -3.988    0.0011      Fe 5                389.529A    -3.613    0.0025
He 1                4471.69A    -3.476    0.0034      Mg 4                171.655A    -3.852    0.0014      Fe 5                369.760A    -3.569    0.0028
He 1                4471.49A    -2.999    0.0103      Mg 5                5.60700m    -1.571    0.2759      Fe 5                236.880A    -3.606    0.0025
He 1                4471.47A    -2.777    0.0172      Mg 5                13.5464m    -2.654    0.0228      Fe 5                226.680A    -3.899    0.0013
Blnd                4471.50A    -2.522    0.0309      Mg 5                2782.76A    -2.073    0.0869      Fe 5                241.720A    -3.761    0.0018
Blnd                4120.84A    -3.902    0.0013      Mg 5                2928.09A    -2.638    0.0236      Fe 5                232.230A    -3.790    0.0017
He 1                4026.36A    -3.794    0.0017      Mg 5                353.092A    -3.789    0.0017      Fe 5                241.470A    -3.795    0.0016
He 1                4026.20A    -3.317    0.0050      Mg 5                355.329A    -3.192    0.0066      Fe 5                231.710A    -3.879    0.0014
He 1                4026.19A    -3.095    0.0083      Mg 5                353.297A    -3.653    0.0023      Fe 5                365.850A    -3.838    0.0015
Blnd                4026.21A    -2.840    0.0149      Mg 5                354.221A    -3.535    0.0030      Fe 6                174.510A    -3.413    0.0040
He 1                3819.61A    -3.575    0.0027      Mg 5                146.465A    -4.002    0.0010      Fe 6                156.820A    -3.463    0.0035
He 1                3819.60A    -3.353    0.0046      Mg 5                137.411A    -3.876    0.0014      Fe 6                180.240A    -3.555    0.0029
Blnd                3819.62A    -3.097    0.0082      Mg 6                1806.00A    -3.021    0.0098      Fe 6                185.150A    -3.561    0.0028
He 1                3704.90A    -3.994    0.0010      Mg 6                1806.42A    -2.920    0.0124      Fe 6                159.280A    -3.726    0.0019
He 1                3704.76A    -3.517    0.0031      Mg 6                403.307A    -3.349    0.0046      Fe 6                159.700A    -3.782    0.0017
He 1                3704.75A    -3.295    0.0052      Mg 6                400.662A    -3.369    0.0044      Fe 6                295.530A    -3.311    0.0050
Blnd                3704.77A    -3.040    0.0094      Mg 6                399.281A    -3.398    0.0041      Fe 6                153.700A    -3.864    0.0014
He 1                3634.08A    -3.682    0.0021      Mg 8                3.02764m    -3.750    0.0018      Fe 6                148.120A    -3.951    0.0012
He 1                3634.07A    -3.460    0.0036      N  3                57.3238m    -2.050    0.0916      Fe 6                148.030A    -3.941    0.0012
Blnd                3634.09A    -3.205    0.0064      N  3                1753.99A    -4.009    0.0010      Fe 6                155.390A    -3.919    0.0012
He 1                3587.16A    -3.826    0.0015      N  3                1752.16A    -3.584    0.0027      Fe 6                292.810A    -3.383    0.0043
He 1                3587.15A    -3.605    0.0026      N  3                1749.67A    -3.614    0.0025      Fe 6                154.470A    -3.910    0.0013
Blnd                3587.17A    -3.349    0.0046      N  3                989.799A    -3.738    0.0019      Fe 6                185.250A    -3.802    0.0016
He 1                3554.34A    -3.957    0.0011      N  3                991.511A    -3.248    0.0058      Fe 6                148.100A    -3.988    0.0011
He 1                3554.33A    -3.735    0.0019      N  3                991.577A    -3.488    0.0033      Fe 6                160.770A    -3.915    0.0012
Blnd                3554.35A    -3.480    0.0034      N  3                764.351A    -3.350    0.0046      Fe 6                158.730A    -4.001    0.0010
He 1                3530.43A    -3.854    0.0014      N  3                685.515A    -3.825    0.0015      Fe 6                176.570A    -3.900    0.0013
Blnd                3530.44A    -3.599    0.0026      N  3                686.336A    -3.249    0.0058      Fe 6                197.950A    -3.823    0.0015
He 1                3512.46A    -3.961    0.0011      N  3                685.817A    -3.197    0.0065      Fe 6                185.060A    -3.877    0.0014
Blnd                3512.48A    -3.706    0.0020      N  3                452.227A    -3.278    0.0054      Fe 6                279.220A    -3.571    0.0028
Blnd                3498.62A    -3.805    0.0016      Na 3                7.31570m    -2.953    0.0114      Fe 6                296.190A    -3.616    0.0025
Blnd                3487.70A    -3.896    0.0013      Na 3                380.100A    -3.460    0.0036      Fe 6                189.090A    -3.938    0.0012
Blnd                3478.95A    -3.981    0.0011      Na 3                267.643A    -3.937    0.0012      Fe 6                178.800A    -3.995    0.0010
He 1                3439.98A    -3.892    0.0013      Na 3                268.625A    -3.739    0.0019      Fe 6                220.730A    -3.851    0.0014
Blnd                3440.00A    -3.637    0.0024      Na 3                267.871A    -3.737    0.0019      Fe 6                215.420A    -3.992    0.0010
He 1                7281.35A    -3.372    0.0044      Na 3                250.517A    -3.678    0.0022      Fe 7                152.390A    -3.233    0.0060
He 1                6678.15A    -2.672    0.0219      Na 3                251.373A    -3.955    0.0011      Fe 7                163.470A    -3.305    0.0051
He 1                5047.74A    -3.934    0.0012      Na 4                9.03096m    -3.360    0.0045      Fe 7                148.230A    -3.467    0.0035
He 1                4921.93A    -3.098    0.0082      Na 4                3241.50A    -3.688    0.0021      Fe 7                148.660A    -3.515    0.0031
He 1                4387.93A    -3.416    0.0039      Na 4                410.371A    -3.923    0.0012      Fe 7                181.600A    -3.530    0.0030
He 1                4143.76A    -3.671    0.0022      Na 4                412.244A    -3.728    0.0019      Fe 7                125.370A    -3.824    0.0015
He 1                4009.05A    -3.676    0.0022      Na 4                411.333A    -3.959    0.0011      Fe 7                125.770A    -3.964    0.0011
He 1                3926.41A    -3.844    0.0015      Na 5                2067.25A    -3.697    0.0021      Fe 7                234.000A    -3.279    0.0054
He 1                3871.69A    -3.990    0.0011      Na 5                2069.09A    -3.603    0.0026      Fe 7                124.350A    -4.007    0.0010
He 1                4.29471m    -3.438    0.0037      Na 5                463.270A    -3.473    0.0035      Fe 7                196.310A    -3.656    0.0023
He 1                1.25275m    -3.694    0.0021      Na 5                461.057A    -3.506    0.0032      Fe 7                168.980A    -3.728    0.0019
He 1                9463.58A    -3.911    0.0013      Na 5                459.901A    -3.569    0.0028      Fe 7                226.340A    -3.539    0.0030
He 1                1.70025m    -3.672    0.0022      Ne 4                2421.66A    -2.172    0.0692      Fe 7                218.140A    -3.775    0.0017
He 1                1.19691m    -3.836    0.0015      Ne 4                2424.28A    -2.003    0.1020      Fe 7                196.950A    -3.942    0.0012
He 1                9515.00A    -3.927    0.0012      Ne 4                1601.61A    -3.835    0.0015      Fe 7                218.090A    -3.945    0.0012
He 1                1.95431m    -3.928    0.0012      Ne 4                1601.45A    -3.455    0.0036      P  4                388.319A    -3.853    0.0014
He 1                1.86854m    -3.064    0.0089      Ne 4                541.126A    -3.345    0.0046      Cl 4                981.258A    -3.775    0.0017
He 1                1.27849m    -3.393    0.0042      Ne 4                542.076A    -3.305    0.0051      K  5                727.442A    -3.688    0.0021
He 1                1.09130m    -3.659    0.0023      Ne 4                543.886A    -3.284    0.0053      K  6                720.129A    -3.854    0.0014
He 1                1.00275m    -3.856    0.0014      Ne 4                208.903A    -3.634    0.0024      Sc 4                289.851A    -3.855    0.0014
He 1                1.86972m    -3.542    0.0030      Ne 4                208.737A    -3.556    0.0029      Ti 6                250.473A    -3.484    0.0034
He 1                1.27905m    -3.871    0.0014      Ne 6                7.65019m    -1.293    0.5235      Ti 6                264.599A    -3.737    0.0019
He 1                4.04791m    -3.783    0.0017      Ne 6                558.603A    -3.653    0.0023      Cr 6                267.323A    -3.916    0.0012
C  5                40.7306A    -3.711    0.0020      Ne 6                562.711A    -3.556    0.0029      Cr 6                226.666A    -3.574    0.0027
Blnd                40.7306A    -3.711    0.0020      Ne 6                435.646A    -3.328    0.0048      Cr 6                201.366A    -3.583    0.0027
C  5                40.2678A    -3.341    0.0047      Ne 6                401.146A    -3.844    0.0015      Cr 6                202.514A    -3.903    0.0013
C  5                41.4719A    -2.419    0.0391      Ne 6                403.260A    -3.189    0.0066      Mn 6                308.369A    -3.867    0.0014
C  5                248.745A    -3.864    0.0014      Ne 6                401.941A    -3.188    0.0067      Mn 7                203.401A    -3.860    0.0014
Blnd                248.708A    -3.608    0.0025      Ne 7                465.221A    -3.394    0.0041      Mn 7                182.883A    -3.704    0.0020
N  6                29.5343A    -3.580    0.0027      Ne 8                770.428A    -3.933    0.0012      Mn 7                184.256A    -3.899    0.0013
O  7                22.1012A    -3.782    0.0017      O  4                25.8863m    -0.478    3.4166      hyperfine structure.............................
extra Lyman.....................................      O  4                1399.78A    -3.076    0.0086      inner shell.....................................
database lines..................................      O  4                1407.38A    -3.064    0.0089      molecules.......................................
Al 3                1862.79A    -3.687    0.0021      O  4                1397.23A    -3.535    0.0030      bands...........................................
Al 3                1854.72A    -3.578    0.0027      O  4                1404.81A    -2.650    0.0230      miscellaneous...................................
Al 6                309.596A    -3.862    0.0014      O  4                1401.16A    -2.721    0.0196      C 2R                1335.00A    -2.708    0.0201
Al 6                310.907A    -3.926    0.0012      O  4                787.710A    -3.621    0.0025      C 3R                977.000A    -1.801    0.1625
Al 6                312.237A    -3.700    0.0020      O  4                790.114A    -3.032    0.0095      C 3R                1909.00A    -1.957    0.1136
Al 6                2428.39A    -3.516    0.0031      O  4                790.201A    -3.408    0.0040      C 3R                1175.00A    -2.137    0.0749
Al 6                3.65932m    -2.000    0.1028      O  4                609.830A    -2.871    0.0138      C 4R                1549.00A    -2.433    0.0379
Al 6                9.11329m    -3.053    0.0091      O  4                554.076A    -3.602    0.0026      N 2R                1085.00A    -3.893    0.0013
Ar 3                7135.79A    -2.834    0.0151      O  4                555.264A    -2.616    0.0249      N 3R                990.000A    -1.941    0.1176
Ar 3                7751.11A    -3.458    0.0036      O  4                554.514A    -2.714    0.0199      N 4R                765.000A    -3.550    0.0029
Ar 3                8.98898m    -2.910    0.0126      O  6                1037.61A    -2.484    0.0337      O 2R                3729.00A    -2.970    0.0110
Ar 4                840.032A    -3.877    0.0014      O  6                1031.91A    -2.238    0.0594      O 2R                4651.00A    -3.349    0.0046
Ar 4                843.770A    -3.824    0.0015      O  6                184.117A    -3.909    0.0013      O 2R                4341.00A    -3.626    0.0024
Ar 4                850.605A    -3.789    0.0017      O  6                150.125A    -3.614    0.0025      O 3R                835.000A    -2.365    0.0444
Ar 4                2853.66A    -2.996    0.0104      O  6                150.089A    -3.598    0.0026      O 4R                789.000A    -1.671    0.2191
Ar 4                2868.22A    -3.341    0.0047      P  5                1128.01A    -3.591    0.0026      O 5R                630.000A    -2.970    0.0110
Ar 4                4711.26A    -2.049    0.0919      P  5                1117.98A    -3.495    0.0033      Blnd                1400.00A    -1.972    0.1095
Ar 4                4740.12A    -2.197    0.0653      S  4                10.5076m    -0.516    3.1341      Blnd                1650.00A    -0.790    1.6655
Ar 4                7170.70A    -3.845    0.0015      S  4                1423.84A    -3.950    0.0012      Blnd                2798.00A    -2.587    0.0266
Ar 4                7237.77A    -3.981    0.0011      S  4                1416.89A    -3.586    0.0027      Blnd                1198.00A    -3.528    0.0030
Ar 4                7263.33A    -3.900    0.0013      S  4                1406.02A    -3.548    0.0029      Blnd                1406.00A    -3.118    0.0078
Ar 5                827.366A    -3.509    0.0032      S  4                1062.66A    -3.917    0.0012      Blnd                1199.00A    -3.465    0.0035
Ar 5                2691.05A    -3.865    0.0014      S  4                1073.52A    -3.620    0.0025      Blnd                1860.00A    -3.328    0.0048
Ar 5                6435.12A    -2.863    0.0141      S  4                1072.97A    -3.826    0.0015      Blnd                4725.00A    -1.816    0.1571
Ar 5                7005.83A    -2.532    0.0302      S  4                815.941A    -3.404    0.0041      Blnd                2860.00A    -2.834    0.0151
Ar 5                7.89971m    -2.100    0.0816      S  4                753.760A    -3.120    0.0078      Blnd                7250.00A    -3.402    0.0041
Ar 5                13.0985m    -1.884    0.1343      S  4                750.221A    -3.154    0.0072      Blnd                1888.00A    -3.125    0.0077
Ar 6                754.930A    -3.900    0.0013      S  4                657.319A    -3.799    0.0016      Blnd                1397.00A    -2.345    0.0464
Ar 6                767.726A    -3.721    0.0020      S  4                661.455A    -2.931    0.0121      Blnd                2424.00A    -1.778    0.1712
Ar 6                4.52800m    -1.864    0.1406      S  4                661.396A    -3.856    0.0014      Blnd                4720.00A    -3.908    0.0013
C  2                903.623A    -3.846    0.0015      S  4                554.027A    -3.363    0.0044      Blnd                774.000A    -3.709    0.0020
C  2                903.962A    -3.730    0.0019      S  6                944.523A    -3.210    0.0063      Blnd                5525.00A    -3.651    0.0023
C  2                904.142A    -3.526    0.0031      S  6                933.378A    -3.073    0.0087      Blnd                1335.00A    -3.233    0.0060
C  2                904.480A    -3.681    0.0021      S  8                9913.98A    -3.478    0.0034      Blnd                1909.00A    -1.812    0.1585
C  2                1036.34A    -3.788    0.0017      Si 5                117.853A    -3.959    0.0011      Blnd                1176.00A    -3.923    0.0012
C  2                1037.02A    -3.563    0.0028      Si 6                1.96247m    -1.953    0.1145      Blnd                1549.00A    -0.826    1.5333
C  2                1334.53A    -3.689    0.0021      Si 6                246.002A    -3.903    0.0013      Blnd                1085.00A    -3.749    0.0018
C  2                1335.66A    -3.816    0.0016      Si 6                249.124A    -3.194    0.0066      Blnd                1750.00A    -3.135    0.0075
C  2                1335.71A    -3.645    0.0023      Si 8                319.826A    -3.710    0.0020      Blnd                990.000A    -2.969    0.0110
C  3                1908.73A    -2.213    0.0630      Si 8                316.206A    -3.767    0.0018      Blnd                1486.00A    -1.904    0.1283
C  3                1906.68A    -2.032    0.0955      Si 8                314.327A    -3.890    0.0013      Blnd                1240.00A    -2.017    0.0988
C  3                977.020A    -2.345    0.0465      level 1 lines...................................      Blnd                833.000A    -3.374    0.0043
C  3                386.203A    -3.576    0.0027      recombination...................................      Blnd                3727.00A    -3.145    0.0074
C  3                2296.87A    -3.781    0.0017      level2 lines....................................      Blnd                1666.00A    -2.014    0.0995
C  3                884.524A    -3.615    0.0025      C  2                596.559A    -3.920    0.0012      Blnd                5007.00A     0.171   15.2217
Ca 3                409.953A    -3.937    0.0012      C  2                561.959A    -3.996    0.0010      Blnd                835.000A    -2.679    0.0215
Ca 4                669.696A    -3.325    0.0049      C  3                271.090A    -3.414    0.0040      Blnd                1402.00A    -2.212    0.0631
Ca 4                3.20610m    -1.944    0.1170      C  3                268.600A    -3.434    0.0038      Blnd                789.000A    -2.807    0.0160
Ca 6                629.602A    -3.597    0.0026      C  3                266.880A    -3.455    0.0036      Blnd                1218.00A    -1.865    0.1403
Ca 6                633.844A    -3.542    0.0029      C  3                288.500A    -3.464    0.0035      Blnd                1035.00A    -2.043    0.0931
Ca 6                641.904A    -3.516    0.0031      C  4                223.140A    -3.364    0.0044



 AGN log nH=1.89 log U=-1.00  
 Cooling:  HFBc                      0  :0.054 Ne 5c                     0  :0.065 O  3c                     0  :0.444 O  4c                     0  :0.076 S  4c                     0  :0.069  
 Heating:  BFH1                      0  :0.653 BFHe                      0  :0.237 TotM                      0  :0.107  

 These are some of the most important databases used by Cloudy:
 Many recombination coefficients were taken from http://amdpp.phys.strath.ac.uk/tamoc/RR/ and http://amdpp.phys.strath.ac.uk/tamoc/DR/
      and are based on the following papers:
        Badnell N. R., et al., A&A 406, 1151 (2003) [http://adsabs.harvard.edu/abs/2003A%26A...406.1151B]
        Badnell N. R., ApJS 167, 334 (2006) [http://adsabs.harvard.edu/abs/2006ApJS..167..334B]
 Much of the molecular emission data is from LAMDA as accessed on June 30, 2015. This database is described in:
        Schoeier F.L., et al., A&A 432, 369 (2005) [http://adsabs.harvard.edu/abs/2005A%26A...432..369S]
      This database is in part based on the work of the following groups:
        JPL: Pickett H. M. et al., JQSRT, 60, 883 (1998). [http://adsabs.harvard.edu/abs/1998JQSRT..60..883P]
        CDMS: Mueller H. S. et al., A&A 370, L49 (2001). [http://adsabs.harvard.edu/abs/2001A%26A...370L..49M]
              Mueller H. S. et al., J. Mol. Struct. 742, 215 (2005). [http://adsabs.harvard.edu/abs/2005JMoSt.742..215M]
 Some of the ionic emission data is from a reprocessed version of 10.1 of CHIANTI. CHIANTI is a collaborative project involving the NRL (USA), the
      Universities of Florence (Italy) and Cambridge (UK), and George Mason University (USA). These papers describe Chianti:
        Dere K. P., et al., A&AS, 125, 149 (1997) [http://adsabs.harvard.edu/abs/1997A%26AS..125..149D]
        Dere, K. P., et al., APJ, 268, 52 (2023) [https://ui.adsabs.harvard.edu/abs/2023ApJS..268...52D]
      This paper describes the reprocessed version of Chianti used:
        Gunasekera, C. M., et al., Astronomy, 1, 255. (2022) [https://ui.adsabs.harvard.edu/abs/2022Astro...1..255G]
 Much of the H_2 data is from this web site: http://molat.obspm.fr/index.php?page=pages/Molecules/H2/H2can94.php. These data are
      described in:
        Abgrall H. et al., Can. J. Phys., 72, 856 (1994) [http://adsabs.harvard.edu/abs/1994CaJPh..72..856A]
        Wrathmall S. A. & Flower D. R., J. Phys. B, 40, 3221 (2007) [http://adsabs.harvard.edu/abs/2007JPhB...40.3221W]
 The Case A and Case B recombination predictions for one-electron systems are from
	Storey, P.J. & Hummer, D.G., 1995, MNRAS 272, 41 http://adsabs.harvard.edu/abs/1995MNRAS.272...41S
 The He I recombination predictions are from
	Porter, R. L.; Ferland, G. J.; Storey, P. J.; Detisch, M. J., 2012, MNRAS, 425, 28p http://adsabs.harvard.edu/abs/2012MNRAS.425L..28P
		http://adsabs.harvard.edu/abs/2013MNRAS.433L..89P

 If you find some process or data set to be particularly critical to a result, please follow the trail of references back to the
 original source and cite that.  This will support and encourage atomic, molecular, and chemical physicists to continue their
 valuable work.

 IONIZE PARMET:  U(1-) -1.0000  U(4-): -1.9409  U(sp): -1.00  Q(ion):   10.728  L(ion)  0.799    Q(low): 13.683    L(low)  1.355
 ENERGY BUDGET:  Heat:   0.647  Coolg:   0.647  Error:  0.0%  Rec Lin:   0.341  F-F  H  0.000    P(rad/tot)max     5.20E-01    R(F Con):1.737e+05

     Col(Heff):      6.988E+21  snd travl time  1.06E+14 sec  Te-low: 9.22E+03  Te-hi: 1.75E+04  G0TH85: 2.06E+03  G0DB96:2.21E+03
  Emiss Measure    n(e)n(p) dl       8.607E+23  n(e)n(He+)dl         5.155E+22  En(e)n(He++) dl         2.170E+22  ne nC+:5.54E+16
 He/Ha:7.45E-02  =   0.87*true  Lthin:9.44E+01  itr/zn: 5.34  H2 itr/zn:  0.00  File Opacity: F  MassTot 2.27e-02  (gm/cm^2)
   Temps(21 cm)   T(21cm/Ly a)  4.25E+03        T(<nH/Tkin>)  1.08E+04          T(<nH/Tspin>)    4.54E+03          TB21cm:3.49E-02
                   N(H0/Tspin)  3.30E+14        N(OH/Tkin)    4.89E-07          B(21cm)          0.00E+00
   <a>:1.92E-08  erdeFe3.6E+22  Tcompt1.04E+09  Tthr1.51E+10  <Tden>: 1.13E+04  <dens>:1.76E-22  <MolWgt>6.22E-01
     Mean Jeans  l(cm)6.33E+20  M(sun)1.18E+07  smallest:     len(cm):5.71E+20  M(sun):8.63E+06  a_ox tran: -1.46
 Rion:1.000E+30  Dist:0.00E+00  Diam:0.000E+00
 Hatom level 70  HatomType: add  HInducImp  F  He tot level: 63  He2 level:   70  ExecTime    45.4
 ConvrgError(%)  <eden>  0.003  MaxEden  0.049  <H-C>   0.04  Max(H-C)    0.37  <Press>   0.000  MaxPrs er  0.000
  Continuity(%)  chng Te   3.4  elec den   0.5  n(H2)    0.0  n(CO)        0.0

                                                        Averaged Quantities
             Te      Te(Ne)   Te(NeNp)  Te(NeHe+)Te(NeHe2+) Te(NeO+)  Te(NeO2+)  Te(H2)     N(H)     Ne(O2+)   Ne(Np)
 Radius:  1.13e+04  1.14e+04  1.14e+04  1.02e+04  1.41e+04  1.03e+04  1.02e+04  1.09e+04  7.74e+01  8.43e+01  8.61e+01
 
 Peimbert T(OIIIr)9.58E+03 T(Bac)1.03E+04 T(Hth)1.02E+04 t2(Hstrc) 3.34e-02 T(O3-BAC)1.00E+04 t2(O3-BC)-1.35e-02 t2(O3str) 7.64e-03

 Contin Optical Depths: COMP: 7.39e-03    H-: 1.17e-07 R(1300): 1.00e-05  H2+: 3.87e-09  Bra:3.70E-03
                          Pa: 3.70e-03    Ba: 3.70e-03      Hb: 3.70e-03   La: 1.61e-02     1r:5.004E+07  1.8:1.18E+07 4.:1.716E+06

 Old, new H  1 continuum optical depths:
     1 1.00e+08     2 0.00e+00     3 0.00e+00     4 0.00e+00     5 0.00e+00     6 0.00e+00     7 0.00e+00     8 0.00e+00
     9 0.00e+00    10 0.00e+00    11 0.00e+00    12 0.00e+00    13 0.00e+00    14 0.00e+00    15 0.00e+00    16 0.00e+00
    17 0.00e+00    18 0.00e+00    19 0.00e+00    20 0.00e+00    21 0.00e+00    22 0.00e+00    23 0.00e+00    24 0.00e+00
    25 0.00e+00    26 0.00e+00    27 0.00e+00    28 0.00e+00    29 0.00e+00    30 0.00e+00    31 0.00e+00    32 0.00e+00
    33 0.00e+00    34 0.00e+00    35 0.00e+00    36 0.00e+00    37 0.00e+00    38 0.00e+00    39 0.00e+00    40 0.00e+00
    41 0.00e+00    42 0.00e+00    43 0.00e+00    44 0.00e+00    45 0.00e+00    46 0.00e+00    47 0.00e+00    48 0.00e+00
    49 0.00e+00    50 0.00e+00    51 0.00e+00    52 0.00e+00    53 0.00e+00    54 0.00e+00
     1 5.00e+07     2 9.09e-08     3 6.01e-08     4 6.01e-08     5 6.01e-08     6 1.52e-08     7 1.52e-08     8 1.52e-08
     9 1.52e-08    10 9.06e-13    11 9.06e-13    12 9.06e-13    13 9.06e-13    14 9.06e-13    15 2.11e-12    16 2.11e-12
    17 2.11e-12    18 2.11e-12    19 2.11e-12    20 2.11e-12    21 4.36e-12    22 4.36e-12    23 4.36e-12    24 4.36e-12
    25 4.36e-12    26 4.36e-12    27 4.36e-12    28 8.28e-12    29 8.28e-12    30 8.28e-12    31 8.28e-12    32 8.28e-12
    33 8.28e-12    34 8.28e-12    35 8.28e-12    36 1.48e-11    37 1.48e-11    38 1.48e-11    39 1.48e-11    40 1.48e-11
    41 1.48e-11    42 1.48e-11    43 1.48e-11    44 1.48e-11    45 2.49e-11    46 2.49e-11    47 2.49e-11    48 2.49e-11
    49 2.49e-11    50 2.49e-11    51 2.49e-11    52 2.49e-11    53 2.49e-11    54 2.49e-11

 Old, new H  1 mean line optical depths:
  2- 1 4.96e+08  3- 2 9.42e-02  4- 3 0.00e+00  5- 4 0.00e+00  6- 5 0.00e+00  7- 6 0.00e+00  8- 7 0.00e+00
  9- 8 0.00e+00 10- 9 0.00e+00 11-10 0.00e+00 12-11 0.00e+00 13-12 0.00e+00 14-13 0.00e+00 15-14 0.00e+00 16-15 0.00e+00
 17-16 0.00e+00 18-17 0.00e+00 19-18 0.00e+00 20-19 0.00e+00 21-20 0.00e+00 22-21 0.00e+00 23-22 0.00e+00 24-23 0.00e+00
 25-24 0.00e+00
  2- 1 1.50e+05  3- 2 4.62e-03  4- 3 4.09e-09  5- 4 1.92e-09  6- 5-2.12e-11  7- 6-1.00e-09  8- 7 6.04e-10
  9- 8 6.49e-09 10- 9 1.72e-08 11-10 3.31e-07 12-11-1.34e-07 13-12-2.17e-07 14-13-3.48e-07 15-14-5.47e-07 16-15-8.61e-07
 17-16-1.37e-06 18-17-2.20e-06 19-18-3.74e-06 20-19-6.56e-06 21-20-1.22e-05 22-21-2.50e-05 23-22-5.92e-05 24-23-1.88e-04
 25-24-6.79e-03

 Old, new He 2 continuum optical depths:
     1 3.43e+06     2 9.96e+07     3 0.00e+00     4 0.00e+00     5 0.00e+00     6 0.00e+00     7 0.00e+00     8 0.00e+00
     9 0.00e+00    10 0.00e+00    11 0.00e+00    12 0.00e+00    13 0.00e+00    14 0.00e+00    15 0.00e+00    16 0.00e+00
    17 0.00e+00    18 0.00e+00    19 0.00e+00    20 0.00e+00    21 0.00e+00    22 0.00e+00    23 0.00e+00    24 0.00e+00
    25 0.00e+00    26 0.00e+00    27 0.00e+00    28 0.00e+00    29 0.00e+00    30 0.00e+00    31 0.00e+00    32 0.00e+00
    33 0.00e+00    34 0.00e+00    35 0.00e+00    36 0.00e+00    37 0.00e+00    38 0.00e+00    39 0.00e+00    40 0.00e+00
    41 0.00e+00    42 0.00e+00    43 0.00e+00    44 0.00e+00    45 0.00e+00    46 0.00e+00    47 0.00e+00    48 0.00e+00
    49 0.00e+00    50 0.00e+00    51 0.00e+00    52 0.00e+00    53 0.00e+00    54 0.00e+00
     1 1.72e+06     2 4.98e+07     3 1.73e-04     4 1.73e-04     5 1.73e-04     6 9.09e-08     7 9.09e-08     8 9.09e-08
     9 9.09e-08    10 4.89e-08    11 4.89e-08    12 4.89e-08    13 4.89e-08    14 4.89e-08    15 6.01e-08    16 6.01e-08
    17 6.01e-08    18 6.01e-08    19 6.01e-08    20 6.01e-08    21 4.97e-08    22 4.97e-08    23 4.97e-08    24 4.97e-08
    25 4.97e-08    26 4.97e-08    27 4.97e-08    28 1.52e-08    29 1.52e-08    30 1.52e-08    31 1.52e-08    32 1.52e-08
    33 1.52e-08    34 1.52e-08    35 1.52e-08    36 5.22e-13    37 5.22e-13    38 5.22e-13    39 5.22e-13    40 5.22e-13
    41 5.22e-13    42 5.22e-13    43 5.22e-13    44 5.22e-13    45 9.06e-13    46 9.06e-13    47 9.06e-13    48 9.06e-13
    49 9.06e-13    50 9.06e-13    51 9.06e-13    52 9.06e-13    53 9.06e-13    54 9.06e-13

 Old, new He 2 mean line optical depths:
  2- 1 4.22e+07  3- 2 8.02e-03  4- 3 0.00e+00  5- 4 0.00e+00  6- 5 0.00e+00  7- 6 0.00e+00  8- 7 0.00e+00
  9- 8 0.00e+00 10- 9 0.00e+00 11-10 0.00e+00 12-11 0.00e+00 13-12 0.00e+00 14-13 0.00e+00 15-14 0.00e+00 16-15 0.00e+00
 17-16 0.00e+00 18-17 0.00e+00 19-18 0.00e+00 20-19 0.00e+00 21-20 0.00e+00 22-21 0.00e+00 23-22 0.00e+00 24-23 0.00e+00
 25-24 0.00e+00
  2- 1 3.16e+07  3- 2 3.96e-06  4- 3 9.78e-12  5- 4-7.42e-12  6- 5-3.00e-11  7- 6-4.90e-11  8- 7-4.85e-11
  9- 8-1.14e-11 10- 9 6.79e-11 11-10 2.92e-09 12-11-1.33e-09 13-12-2.12e-09 14-13-3.34e-09 15-14-5.14e-09 16-15-7.82e-09
 17-16-1.19e-08 18-17-1.84e-08 19-18-2.89e-08 20-19-4.80e-08 21-20-8.41e-08 22-21-1.62e-07 23-22-3.65e-07 24-23-1.11e-06
 25-24-3.93e-05

 Old He Is optical depths:    1 2.36e+07    2 0.00e+00    3 0.00e+00    4 0.00e+00    5 0.00e+00
 New He Is optical depths:    1 1.18e+07    2 2.22e-04    3 6.93e-08    4 8.12e-08    5 8.12e-08
          Old He Is Lines:  584 0.00e+00 3889 0.00e+00 5016 0.00e+00 5876 0.00e+00
          New He Is Lines:  584 4.09e+03 3889 8.32e+00 5016 1.26e-05 5876 3.98e-07
AGN log nH=1.89 log U=-1.00  


          Start Iteration Number 2                                                 AGN log nH=1.89 log U=-1.00  


 ####  1  Te:1.750E+04 Hden:7.743E+01 Ne:9.091E+01 R:1.000E+30 R-R0:1.156E+16 dR:2.311E+16 NTR: 10 Htot:4.203E-20 T912: 9.50e+00###
 Hydrogen      5.85e-05 1.00e+00 H+o/Hden 1.00e+00 2.09e-13 H-    H2 3.77e-21 1.59e-14 H2+ HeH+ 1.58e-16 Ho+ ColD 1.05e+14 1.79e+18
 Helium        3.87e-07 6.17e-03 9.94e-01 HeI 2s3S 5.60e-10 Comp H,C 1.45e-23 1.92e-26 Fill Fac 1.00e+00 Gam1/tot 1.00e+00
 He singlet n  3.86e-07 1.30e-16 1.26e-22 5.83e-23 8.91e-23 7.05e-23 He tripl 5.60e-10 1.90e-20 1.87e-22 1.74e-21 2.06e-22
 Pressure      NgasTgas 3.06e+06 P(total) 4.23e-10 P( gas ) 4.23e-10 P(Radtn) 0.00e+00 Rad accl 1.34e-07 ForceMul 4.20e+02
 Texc(La)      3.38e+03 T(I con) 1.88e+01 T(D con) 2.43e+00 T(U tot) 1.88e+01 nT (c+d) 5.13e+06 Prad/Gas 0.00e+00 Pmag/Gas 0.00e+00
 Molecules     CH/Ctot: 2.22e-24 CH+/Ctot 1.35e-19 CO/Ctot: 3.11e-34 CO+/Ctot 4.95e-30 H2O/Otot 5.31e-40 OH/Ototl 4.29e-25
 Lithium       1.21e-08 3.11e-03 2.90e-01 7.07e-01 Berylliu 8.23e-08 1.72e-04 2.70e-01 6.50e-01 7.97e-02 sec ion: 3.03e-15
 Boron         5.21e-10 9.13e-05 6.27e-03 8.55e-01 1.37e-01 2.37e-03
 Carbon        7.62e-11 4.88e-06 3.50e-03 7.11e-02 8.96e-01 2.89e-02 1.75e-04 H2O+/O   1.65e-40 OH+/Otot 2.21e-25 Hex(tot) 0.00e+00
 Nitrogen      4.59e-11 1.81e-06 3.46e-03 1.31e-01 3.55e-01 5.05e-01 6.00e-03 1.53e-05 O2/Ototl 3.28e-35 O2+/Otot 1.21e-35
 Oxygen        1.50e-11 8.73e-07 1.86e-03 1.52e-01 4.55e-01 3.08e-01 8.27e-02 4.20e-04 5.03e-07
 Fluorine      7.40e-12 6.79e-07 1.19e-03 1.09e-01 6.23e-01 2.52e-01 1.32e-02 2.18e-03 5.28e-06 0.00e+00
 Neon          4.82e-12 4.51e-07 1.37e-03 9.77e-02 5.80e-01 3.03e-01 1.68e-02 9.93e-04 6.20e-05 0.00e+00 0.00e+00
 Sodium        1.25e-12 2.05e-07 6.74e-04 8.99e-02 6.50e-01 2.33e-01 2.57e-02 5.00e-04 1.02e-05 7.49e-07 0.00e+00 0.00e+00
 Magnesium     2.23e-10 8.86e-08 3.14e-04 4.76e-02 4.52e-01 4.44e-01 5.43e-02 1.60e-03 6.01e-05 1.12e-06 0.00e+00 0.00e+00 0.00e+00
 Aluminium  0  9.31e-11 1.57e-06 6.03e-05 1.93e-02 2.94e-01 5.94e-01 8.89e-02 3.82e-03 1.17e-04 1.53e-06 0.00e+00 0.00e+00 0.00e+00
 Silicon    0  6.24e-12 1.78e-06 2.60e-04 5.25e-03 2.39e-01 5.29e-01 2.14e-01 1.26e-02 4.96e-05 1.16e-06 0.00e+00 0.00e+00 0.00e+00
 Phosphorus 0  2.55e-11 2.66e-06 3.84e-04 7.63e-03 7.04e-02 6.53e-01 2.49e-01 1.92e-02 3.75e-04 5.38e-06 0.00e+00 0.00e+00 0.00e+00
 Sulphur    0  6.27e-12 1.23e-06 8.68e-04 2.53e-02 8.94e-02 2.28e-01 5.69e-01 8.57e-02 1.27e-03 1.46e-05 1.52e-07 0.00e+00 0.00e+00
 Chlorine   0  7.83e-12 2.69e-06 1.54e-03 6.45e-02 3.04e-01 2.84e-01 1.67e-01 1.70e-01 8.97e-03 1.78e-04 9.10e-07 0.00e+00 0.00e+00
 Argon      0  9.85e-12 7.22e-07 3.29e-03 7.41e-02 4.10e-01 4.24e-01 4.97e-02 2.78e-02 1.16e-02 3.10e-04 3.63e-06 0.00e+00 0.00e+00
 Potassium  0  1.32e-11 4.55e-06 2.76e-03 1.32e-01 4.76e-01 3.36e-01 4.62e-02 5.09e-03 1.05e-03 4.05e-04 7.02e-06 0.00e+00 0.00e+00
 Calcium    0  2.47e-12 2.49e-07 7.91e-04 6.24e-02 4.87e-01 4.05e-01 4.04e-02 4.49e-03 1.83e-04 9.64e-05 1.62e-05 1.73e-07 0.00e+00
 Scandium   0  1.07e-14 3.18e-09 1.69e-05 3.42e-02 2.54e-01 6.27e-01 7.54e-02 8.65e-03 2.53e-04 2.00e-05 1.89e-06 1.05e-06 0.00e+00
 Titanium   0  3.03e-14 1.32e-08 3.29e-05 1.90e-02 2.51e-01 4.93e-01 2.21e-01 1.50e-02 4.55e-04 2.60e-05 1.45e-06 3.15e-07 0.00e+00
 Vanadium   0  3.79e-15 3.00e-10 1.72e-06 6.72e-04 4.90e-02 6.56e-01 2.41e-01 5.23e-02 8.85e-04 2.62e-05 8.08e-07 3.02e-07 0.00e+00
 Chromium   0  1.86e-16 1.25e-10 8.41e-07 4.01e-04 2.66e-02 3.09e-01 5.63e-01 9.42e-02 6.33e-03 8.93e-05 2.17e-06 2.54e-07 0.00e+00
 Manganese  0  2.89e-15 1.69e-10 8.40e-07 4.38e-04 3.53e-02 3.98e-01 5.14e-01 4.79e-02 3.72e-03 2.69e-04 2.50e-06 1.45e-07 0.00e+00
 Iron       0  9.50e-16 2.57e-11 1.74e-07 1.48e-04 1.35e-02 2.02e-01 6.03e-01 1.78e-01 3.20e-03 1.64e-04 1.96e-06 1.34e-07 0.00e+00
 Cobalt     0  2.65e-16 1.31e-11 1.39e-07 1.12e-04 1.49e-02 2.32e-01 4.59e-01 2.70e-01 2.23e-02 1.39e-03 3.20e-05 3.26e-06 0.00e+00
 Nickel     0  2.26e-16 1.18e-11 9.58e-08 6.96e-05 8.76e-03 2.06e-01 4.26e-01 3.20e-01 3.58e-02 2.32e-03 3.03e-05 3.95e-06 1.70e-07
 Copper     0  1.01e-16 7.63e-12 7.32e-08 5.12e-05 5.97e-03 1.36e-01 4.34e-01 3.67e-01 5.18e-02 4.40e-03 8.06e-05 1.41e-06 2.19e-07
 Zinc       0  2.61e-16 1.46e-11 7.36e-08 4.90e-05 5.29e-03 1.17e-01 3.59e-01 4.47e-01 6.55e-02 6.37e-03 1.34e-04 8.06e-06 2.70e-07
 #### 90  Te:1.163E+04 Hden:7.743E+01 Ne:8.417E+01 R:1.000E+30 R-R0:1.285E+20 dR:1.213E+18 NTR:  2 Htot:4.135E-20 T912: 1.89e+01###
 P(Lines):(H  1 1215.67A 0.37) (O  3 51.8004m 0.10) (O  3 88.3323m 0.07) 
 Hydrogen      5.32e-04 9.99e-01 H+o/Hden 1.00e+00 1.17e-12 H-    H2 6.82e-19 2.01e-13 H2+ HeH+ 1.75e-12 Ho+ ColD 1.47e+18 1.00e+22
 Helium        1.69e-04 9.99e-01 6.22e-04 HeI 2s3S 1.16e-07 Comp H,C 1.33e-23 1.21e-26 Fill Fac 1.00e+00 Gam1/tot 1.00e+00
 He singlet n  1.69e-04 3.58e-14 2.15e-19 1.03e-20 3.43e-20 1.53e-20 He tripl 1.16e-07 2.90e-18 3.80e-20 4.03e-19 4.42e-20
 Pressure      NgasTgas 1.96e+06 P(total) 2.91e-10 P( gas ) 2.70e-10 P(Radtn) 2.06e-11 Rad accl 1.54e-08 ForceMul 5.10e+01
 Texc(La)      4.07e+03 T(I con) 1.68e+01 T(D con) 1.48e+01 T(U tot) 1.89e+01 nT (c+d) 7.63e+06 Prad/Gas 7.08e-02 Pmag/Gas 0.00e+00
 Molecules     CH/Ctot: 4.33e-21 CH+/Ctot 1.66e-16 CO/Ctot: 1.18e-27 CO+/Ctot 7.97e-24 H2O/Otot 6.21e-35 OH/Ototl 1.50e-20
 Lithium       2.03e-05 9.99e-01 5.89e-04 1.46e-07 Berylliu 5.38e-06 3.01e-03 9.96e-01 1.20e-03 3.43e-07 sec ion: 5.32e-15
 Boron         2.83e-09 1.79e-04 1.45e-02 9.84e-01 1.22e-03 4.64e-07
 Carbon        3.87e-08 8.03e-04 2.52e-01 7.45e-01 3.03e-03 3.72e-06 0.00e+00 H2O+/O   4.44e-35 OH+/Otot 1.26e-20 Hex(tot) 0.00e+00
 Nitrogen      2.89e-08 2.09e-04 1.92e-01 8.05e-01 1.43e-03 1.79e-03 1.98e-06 0.00e+00 O2/Ototl 1.98e-27 O2+/Otot 6.25e-28
 Oxygen        1.64e-07 9.30e-04 9.95e-01 3.55e-03 8.97e-04 6.96e-06 1.47e-06 0.00e+00 0.00e+00
 Fluorine      4.25e-08 1.11e-03 9.92e-01 4.42e-03 2.09e-03 5.12e-06 6.47e-07 0.00e+00 0.00e+00 0.00e+00
 Neon          4.67e-08 1.41e-03 9.93e-01 3.87e-03 1.82e-03 4.25e-06 4.66e-07 0.00e+00 0.00e+00 0.00e+00 0.00e+00
 Sodium        1.09e-07 2.92e-03 9.85e-01 9.64e-03 2.22e-03 5.14e-06 1.25e-06 0.00e+00 0.00e+00 0.00e+00 0.00e+00 0.00e+00
 Magnesium     2.15e-05 4.39e-03 9.82e-01 1.07e-02 2.40e-03 1.56e-05 1.08e-06 0.00e+00 0.00e+00 0.00e+00 0.00e+00 0.00e+00 0.00e+00
 Aluminium  0  2.68e-08 9.06e-04 1.95e-02 9.70e-01 8.25e-03 1.59e-03 5.44e-06 4.86e-07 0.00e+00 0.00e+00 0.00e+00 0.00e+00 0.00e+00
 Silicon    0  5.25e-09 4.55e-04 2.06e-02 2.74e-01 7.01e-01 3.36e-03 6.20e-04 1.67e-06 0.00e+00 0.00e+00 0.00e+00 0.00e+00 0.00e+00
 Phosphorus 0  1.99e-08 9.56e-04 6.16e-02 5.89e-01 3.43e-01 5.43e-03 6.47e-04 2.90e-06 0.00e+00 0.00e+00 0.00e+00 0.00e+00 0.00e+00
 Sulphur    0  8.16e-09 3.21e-04 6.00e-02 7.18e-01 2.16e-01 3.29e-03 2.29e-03 1.10e-04 2.56e-07 0.00e+00 0.00e+00 0.00e+00 0.00e+00
 Chlorine   0  1.66e-08 4.45e-04 7.19e-02 8.57e-01 6.88e-02 9.75e-04 7.59e-04 4.49e-04 1.38e-06 0.00e+00 0.00e+00 0.00e+00 0.00e+00
 Argon      0  3.98e-09 4.92e-05 9.20e-02 9.04e-01 2.25e-03 1.04e-03 1.07e-04 1.73e-04 1.76e-06 0.00e+00 0.00e+00 0.00e+00 0.00e+00
 Potassium  0  9.91e-09 6.33e-04 1.73e-01 8.23e-01 1.79e-03 7.30e-04 1.02e-04 3.19e-05 3.63e-07 2.19e-07 0.00e+00 0.00e+00 0.00e+00
 Calcium    0  2.47e-09 1.04e-04 7.33e-02 9.17e-01 8.11e-03 1.20e-03 6.69e-05 1.99e-05 3.26e-06 1.17e-07 0.00e+00 0.00e+00 0.00e+00
 Scandium   0  2.83e-11 1.50e-06 1.54e-03 9.85e-01 8.37e-03 4.79e-03 1.08e-04 1.95e-05 1.24e-07 0.00e+00 0.00e+00 0.00e+00 0.00e+00
 Titanium   0  2.68e-11 1.65e-06 8.92e-04 2.53e-01 7.40e-01 4.97e-03 1.79e-03 2.06e-05 3.66e-06 0.00e+00 0.00e+00 0.00e+00 0.00e+00
 Vanadium   0  2.10e-11 3.97e-07 4.44e-04 7.50e-02 9.14e-01 8.36e-03 1.90e-03 3.43e-04 5.01e-06 3.26e-07 0.00e+00 0.00e+00 0.00e+00
 Chromium   0  4.69e-12 4.43e-07 7.16e-04 1.34e-01 8.54e-01 6.90e-03 3.98e-03 3.37e-04 1.86e-05 9.10e-07 0.00e+00 0.00e+00 0.00e+00
 Manganese  0  1.86e-11 4.47e-07 7.99e-04 1.58e-01 8.33e-01 5.79e-03 2.34e-03 1.27e-04 1.37e-05 2.65e-06 0.00e+00 0.00e+00 0.00e+00
 Iron       0  5.86e-11 1.00e-06 2.36e-03 9.78e-01 1.22e-02 6.80e-03 8.97e-04 4.98e-05 1.08e-06 2.21e-07 0.00e+00 0.00e+00 0.00e+00
 Cobalt     0  8.18e-12 1.20e-07 2.81e-04 1.03e-01 8.84e-01 8.18e-03 3.23e-03 7.03e-04 3.20e-05 3.90e-06 1.88e-07 0.00e+00 0.00e+00
 Nickel     0  9.44e-11 1.75e-06 3.60e-03 9.68e-01 1.70e-02 9.14e-03 2.37e-03 3.23e-04 9.10e-06 1.74e-06 0.00e+00 0.00e+00 0.00e+00
 Copper     0  5.41e-11 1.14e-06 4.21e-03 9.69e-01 1.41e-02 9.60e-03 2.34e-03 6.47e-04 1.74e-05 1.82e-06 0.00e+00 0.00e+00 0.00e+00
 Zinc       0  1.25e-10 1.37e-06 3.04e-03 9.64e-01 1.96e-02 9.65e-03 2.18e-03 1.20e-03 2.70e-05 2.58e-06 0.00e+00 0.00e+00 0.00e+00
   AGN log nH=1.89 log U=-1.00  
   Calculation stopped because H column dens reached. Iteration 2 of 10
   The geometry is plane-parallel.
  !Some input lines contained underscores, these were changed to spaces.
  !AGE: Cloud age was not set.  Longest timescale was 7.02e+10 s = 2.22e+03 years.
  !The CMB was not included.  This is added with the CMB command.
  !The ratio of radiation to gas pressure reached 4.64e-01 at zone 66.  Caused by Lyman alpha.
  !The radiation pressure jumped by 460% from 1.69e-10 (zone 70) to 2.06e-11 (zone 71) to 1.97e-11 (zone 72)
   Iteration not converged because Converged!.
   Photoionization of upper levels of [O III] reached 6.6% of the total O++ photo rate.
   Destruction of He 2TriS reached 2.3% of the total He0 dest rate at zone 1, 2.2% of that was photoionization.
   The density is too low to l-mix the lowest H  I collapsed level.  More resolved levels are needed for accurate line ratios.
   The density is too low to l-mix the lowest He I collapsed level.  More resolved levels are needed for accurate line ratios.
   Grains were not present but might survive in this environment (energy density temperature was 1.88e+01K)
   The continuum optical depth at the lowest energy considered (3.045e-09 Ryd) was 2.589e+03.

                       *********************************> Cloudy 25.00 <**********************************
                       * title AGN log nH=1.89 log U=-1.00                                               *
                       * hden 1.8888888888888888                                                         *
                       * table AGN                                                                       *
                       * stop efrac 0.01                                                                 *
                       * ionization parameter -1.0                                                       *
                       * abundances GASS                                                                 *
                       * sphere                                                                          *
                       * stop temperature 4000 K                                                         *
                       * stop column density 22                                                          *
                       * iterate to convergence                                                          *
                       * save overview "AGNmodel_nH1.89_Um1.00_temp38333.33.txt"                         *
                       *********************************> Log(U): -1.00 <*********************************

                     Emission Line Spectrum.   Constant  Density Model.  Closed geometry.  Iteration 2 of 10.
                                                     Intensity (erg/s/cm^2).


                                                   Intrinsic line intensities
general properties..............................      Ca A                918.295A    -3.808    0.0016      Na 3                268.625A    -3.619    0.0025
Inci                      0      1.452  289.3560      Ca A                917.724A    -3.862    0.0014      Na 3                267.871A    -3.659    0.0022
TotH                      0      0.646   45.3082      Ca A                4685.68A    -1.665    0.2212      Na 3                250.517A    -3.613    0.0025
TotC                      0      0.646   45.3147      Ca A                3203.08A    -2.048    0.0916      Na 3                251.373A    -3.844    0.0015
BFH1                      0      0.461   29.5810      Ca A                2733.28A    -2.333    0.0475      Na 4                9.03096m    -3.360    0.0045
BFHe                      0      0.020   10.7128      Ca A                2511.19A    -2.559    0.0282      Na 4                3241.50A    -3.679    0.0021
TotM                      0     -0.325    4.8403      Ca A                2385.39A    -2.748    0.0183      Na 4                412.244A    -3.623    0.0024
Cbnd                      0     -3.427    0.0038      Ca A                2306.18A    -2.910    0.0126      Na 4                410.541A    -4.008    0.0010
ComH                      0     -2.753    0.0181      Ca A                2252.67A    -3.052    0.0091      Na 4                411.333A    -3.887    0.0013
CT H                      0     -2.573    0.0274      Ca A                2214.65A    -3.179    0.0068      Na 5                2067.25A    -3.680    0.0021
H FB                      0     -0.619    2.4573      Ca A                2186.59A    -3.294    0.0052      Na 5                2069.09A    -3.585    0.0027
HFBc                      0     -0.619    2.4573      Ca A                2165.23A    -3.399    0.0041      Na 5                463.270A    -3.455    0.0036
H  1c                     0     -2.454    0.0359      Ca A                2148.58A    -3.496    0.0033      Na 5                461.057A    -3.486    0.0033
He 1c                     0     -2.899    0.0129      Ca A                2135.34A    -3.585    0.0027      Na 5                459.901A    -3.545    0.0029
Al 3c                     0     -3.982    0.0011      Ca A                2124.61A    -3.669    0.0022      Ne 4                2421.66A    -2.159    0.0709
Al 6c                     0     -1.947    0.1155      Ca A                2115.81A    -3.747    0.0018      Ne 4                2424.28A    -1.991    0.1045
Ar 3c                     0     -2.497    0.0325      Ca A                2108.49A    -3.821    0.0015      Ne 4                1601.61A    -3.815    0.0016
Ar 4c                     0     -1.773    0.1725      Ca A                2102.33A    -3.891    0.0013      Ne 4                1601.45A    -3.435    0.0038
Ar 5c                     0     -1.591    0.2625      Ca A                2097.10A    -3.957    0.0011      Ne 4                541.126A    -3.327    0.0048
Ar 6c                     0     -1.860    0.1412      Ca A                1.01235m    -2.223    0.0612      Ne 4                542.076A    -3.290    0.0052
C  3c                     0     -1.826    0.1527      Ca A                6560.01A    -2.523    0.0306      Ne 4                543.886A    -3.269    0.0055
Ca 4c                     0     -1.945    0.1160      Ca A                5411.45A    -2.764    0.0176      Ne 4                208.903A    -3.557    0.0028
Fe 3c                     0     -3.221    0.0061      Ca A                4859.26A    -2.962    0.0112      Ne 4                208.737A    -3.498    0.0033
Fe 7c                     0     -0.833    1.5034      Ca A                4541.54A    -3.130    0.0076      Ne 6                7.65019m    -1.291    0.5239
K  3c                     0     -3.960    0.0011      Ca A                4338.62A    -3.277    0.0054      Ne 6                558.603A    -3.763    0.0018
K  4c                     0     -2.914    0.0125      Ca A                4199.78A    -3.408    0.0040      Ne 6                562.711A    -3.463    0.0035
Mg 7c                     0     -2.355    0.0452      Ca A                4099.99A    -3.526    0.0030      Ne 6                435.646A    -3.292    0.0052
N  4c                     0     -1.906    0.1269      Ca A                4025.55A    -3.633    0.0024      Ne 6                401.146A    -3.999    0.0010
N  5c                     0     -2.043    0.0927      Ca A                3968.39A    -3.731    0.0019      Ne 6                403.260A    -3.145    0.0073
Na 6c                     0     -2.937    0.0118      Ca A                3923.44A    -3.822    0.0015      Ne 6                401.941A    -3.168    0.0069
Ne 3c                     0     -0.842    1.4702      Ca A                3887.40A    -3.907    0.0013      Ne 7                465.221A    -3.382    0.0042
Ne 5c                     0     -0.537    2.9668      Ca A                3858.03A    -3.987    0.0011      Ne 8                770.428A    -3.862    0.0014
O  2c                     0     -3.138    0.0074      Ca A                1.86365m    -2.683    0.0212      O  4                25.8863m    -0.478    3.4029
O  3c                     0      0.293   20.0687      Ca A                1.16262m    -2.925    0.0122      O  4                1399.78A    -3.060    0.0089
O  5c                     0     -1.836    0.1491      Ca A                9344.80A    -3.131    0.0076      O  4                1407.38A    -3.032    0.0095
S  3c                     0     -1.826    0.1527      Ca A                8236.67A    -3.305    0.0051      O  4                1397.23A    -3.496    0.0033
S  5c                     0     -3.517    0.0031      Ca A                7592.65A    -3.457    0.0036      O  4                1404.81A    -2.627    0.0241
Si 3c                     0     -3.136    0.0075      Ca A                7177.41A    -3.591    0.0026      O  4                1401.16A    -2.695    0.0207
Si 4c                     0     -2.614    0.0249      Ca A                6890.80A    -3.711    0.0020      O  4                787.710A    -3.612    0.0025
Si 7c                     0     -2.269    0.0551      Ca A                6683.11A    -3.821    0.0015      O  4                790.114A    -2.930    0.0120
Ti 6c                     0     -3.391    0.0042      Ca A                6527.01A    -3.921    0.0012      O  4                790.201A    -3.349    0.0046
Al 5c                     0     -3.005    0.0101      Ca A                3.09080m    -3.078    0.0086      O  4                609.830A    -2.818    0.0155
C  4c                     0     -0.850    1.4452      Ca A                1.87431m    -3.275    0.0054      O  4                554.076A    -3.574    0.0027
Ca 5c                     0     -1.952    0.1142      Ca A                1.47602m    -3.453    0.0036      O  4                555.264A    -2.559    0.0283
Ca 7c                     0     -3.992    0.0010      Ca A                1.28127m    -3.609    0.0025      O  4                554.514A    -2.686    0.0211
Ca 8c                     0     -3.847    0.0015      Ca A                1.16730m    -3.746    0.0018      O  6                1037.61A    -2.462    0.0353
Cl 3c                     0     -3.611    0.0025      Ca A                1.09334m    -3.868    0.0014      O  6                1031.91A    -2.214    0.0625
Cl 4c                     0     -1.900    0.1287      Ca A                1.04197m    -3.980    0.0011      O  6                184.117A    -3.746    0.0018
Fe 4c                     0     -1.091    0.8288      Ca A                4.76213m    -3.423    0.0039      O  6                150.125A    -3.609    0.0025
Fe 5c                     0     -1.602    0.2558      Ca A                2.82519m    -3.586    0.0027      O  6                150.089A    -3.604    0.0025
Fe 6c                     0     -0.891    1.3136      Ca A                2.18848m    -3.742    0.0019      P  5                1128.01A    -3.586    0.0027
Fe 8c                     0     -2.046    0.0921      Ca A                1.87570m    -3.881    0.0013      P  5                1117.98A    -3.488    0.0033
K  5c                     0     -3.351    0.0046      Ca A                1.69181m    -4.006    0.0010      S  4                10.5076m    -0.514    3.1283
K  6c                     0     -3.429    0.0038      Ca A                6.94599m    -3.729    0.0019      S  4                1423.84A    -3.962    0.0011
Mg 2c                     0     -2.673    0.0217      Ca A                4.04945m    -3.865    0.0014      S  4                1416.89A    -3.600    0.0026
Mg 4c                     0     -2.208    0.0633      Ca A                3.09460m    -4.003    0.0010      S  4                1406.02A    -3.563    0.0028
Mg 5c                     0     -1.394    0.4130      Ca A                9.71069m    -4.006    0.0010      S  4                1062.66A    -3.984    0.0011
Mg 6c                     0     -2.637    0.0236      Ca B                1640.41A    -0.798    1.6277      S  4                1073.52A    -3.590    0.0026
Mg 8c                     0     -3.749    0.0018      Ca B                1215.13A    -1.300    0.5126      S  4                1072.97A    -3.827    0.0015
N  3c                     0     -2.013    0.0993      Ca B                1084.94A    -1.645    0.2317      S  4                815.941A    -3.232    0.0060
Na 3c                     0     -2.955    0.0113      Ca B                1025.27A    -1.908    0.1264      S  4                753.760A    -2.947    0.0116
Na 4c                     0     -3.130    0.0076      Ca B                992.358A    -2.122    0.0773      S  4                750.221A    -3.005    0.0101
Na 5c                     0     -3.311    0.0050      Ca B                972.106A    -2.302    0.0510      S  4                657.319A    -3.794    0.0016
Ne 4c                     0     -1.750    0.1819      Ca B                958.693A    -2.458    0.0356      S  4                661.455A    -2.770    0.0174
Ne 6c                     0     -1.290    0.5247      Ca B                949.323A    -2.597    0.0259      S  4                661.396A    -3.724    0.0019
O  4c                     0     -0.469    3.4719      Ca B                942.507A    -2.721    0.0195      S  4                554.027A    -3.255    0.0057
O  6c                     0     -2.089    0.0833      Ca B                937.389A    -2.833    0.0150      S  6                944.523A    -3.200    0.0064
S  4c                     0     -0.513    3.1360      Ca B                933.444A    -2.937    0.0118      S  6                933.378A    -3.062    0.0089
S  6c                     0     -3.584    0.0027      Ca B                930.337A    -3.032    0.0095      S  8                9913.98A    -3.470    0.0035
S  8c                     0     -3.473    0.0034      Ca B                927.846A    -3.120    0.0077      S  8                202.610A    -3.965    0.0011
Si 6c                     0     -1.950    0.1148      Ca B                925.816A    -3.203    0.0064      Si 5                117.853A    -3.929    0.0012
continua........................................      Ca B                924.142A    -3.281    0.0054      Si 6                1.96247m    -1.949    0.1149
Bac                 3646.00A     0.173   15.2471      Ca B                922.743A    -3.354    0.0045      Si 6                249.124A    -3.153    0.0072
nFnu                3645.00A     0.292   20.0347      Ca B                921.562A    -3.423    0.0039      Si 8                319.826A    -3.697    0.0021
nFnu                3647.00A    -0.330    4.7876      Ca B                920.556A    -3.489    0.0033      Si 8                316.206A    -3.753    0.0018
cout                3646.00A     0.173   15.2471      Ca B                919.693A    -3.551    0.0029      Si 8                314.327A    -3.873    0.0014
thin                3646.00A     0.173   15.2471      Ca B                918.945A    -3.611    0.0025      level 1 lines...................................
Inci                4860.00A     0.348   22.7763      Ca B                918.295A    -3.667    0.0022      recombination...................................
Inci                1367.00A     0.603   40.9867      Ca B                917.724A    -3.722    0.0019      C  2                1335.00A    -2.702    0.0203
Inci                2066.00A     0.513   33.3356      Ca B                4685.68A    -1.636    0.2366      C  3                8197.00A    -3.857    0.0014
Inci                1215.00A     0.628   43.4660      Ca B                3203.08A    -2.008    0.1004      C  3                2726.00A    -3.929    0.0012
Ba C                      0     -0.472    3.4493      Ca B                2733.28A    -2.288    0.0527      C  3                4069.00A    -3.463    0.0035
PA C                      0     -0.893    1.3097      Ca B                2511.19A    -2.511    0.0315      C  3                1923.00A    -2.801    0.0162
FIR                 83.0000m    -0.284    5.3160      Ca B                2385.39A    -2.698    0.0205      C  3                4649.00A    -3.487    0.0033
TIR                 1800.00m    -3.009    0.0100      Ca B                2306.18A    -2.859    0.0142      C  3                4187.00A    -3.921    0.0012
NIRa                2.85000m     0.921   85.2971      Ca B                2252.67A    -3.000    0.0102      C  3                2163.00A    -3.625    0.0024
NIRb                3.00000m     0.598   40.5118      Ca B                2214.65A    -3.127    0.0076      C  4                4659.00A    -3.677    0.0021
MIRa                15.0000m     0.486   31.2995      Ca B                2186.59A    -3.242    0.0059      C  4                2529.00A    -3.243    0.0058
MIRb                22.5000m     0.536   35.1437      Ca B                2165.23A    -3.346    0.0046      C  4                1549.00A    -2.432    0.0378
NMIR                21.7500m     0.921   85.2971      Ca B                2148.58A    -3.443    0.0037      N  3                4379.00A    -3.941    0.0012
TFIR                611.250m    -2.452    0.0361      Ca B                2135.34A    -3.532    0.0030      N  3                1885.00A    -3.402    0.0040
TALL                10000.0A     1.455  291.7416      Ca B                2124.61A    -3.616    0.0025      N  4                1036.00A    -3.639    0.0023
F12                 12.0000m     0.133   13.8972      Ca B                2115.81A    -3.694    0.0021      N  5                1620.00A    -3.796    0.0016
F25                 25.0000m    -0.249    5.7600      Ca B                2108.49A    -3.768    0.0017      O  2                4094.00A    -3.925    0.0012
F60                 60.0000m    -0.521    3.0795      Ca B                2102.33A    -3.838    0.0015      O  2                4075.00A    -3.571    0.0027
F100                100.000m    -0.667    2.2035      Ca B                2097.10A    -3.904    0.0013      O  2                4111.00A    -3.879    0.0014
MIPS                24.0000m    -0.295    5.1796      Ca B                2092.63A    -3.966    0.0011      O  2                4651.00A    -3.348    0.0046
MIPS                70.0000m    -2.288    0.0526      Ca B                1.01235m    -2.211    0.0629      O  2                4341.00A    -3.625    0.0024
MIPS                160.000m    -3.190    0.0066      Ca B                6560.01A    -2.507    0.0319      O  3                3265.00A    -3.635    0.0024
IRAC                3.60000m    -0.285    5.3090      Ca B                5411.45A    -2.744    0.0184      O  3                3762.00A    -3.886    0.0013
IRAC                4.50000m    -0.256    5.6668      Ca B                4859.26A    -2.940    0.0118      O  4                4632.00A    -3.796    0.0016
IRAC                5.80000m    -0.221    6.1483      Ca B                4541.54A    -3.107    0.0080      O  4                2450.00A    -3.358    0.0045
IRAC                8.00000m    -0.048    9.1529      Ca B                4338.62A    -3.253    0.0057      O  4                1068.00A    -3.137    0.0075
SPR1                250.000m    -3.231    0.0060      Ca B                4199.78A    -3.383    0.0042      O  5                2942.00A    -3.613    0.0025
SPR2                350.000m    -3.349    0.0046      Ca B                4099.99A    -3.500    0.0032      O  5                1644.00A    -3.404    0.0040
SPR3                500.000m    -3.406    0.0040      Ca B                4025.55A    -3.607    0.0025      O  6                2070.00A    -3.985    0.0011
PAC1                70.0000m    -2.262    0.0559      Ca B                3968.39A    -3.705    0.0020      O  6                1125.00A    -3.573    0.0027
PAC2                100.000m    -0.667    2.2034      Ca B                3923.44A    -3.796    0.0016      C  2                1092.50A    -3.762    0.0018
PAC3                160.000m    -2.912    0.0125      Ca B                3887.40A    -3.881    0.0013      C  2                1036.80A    -3.382    0.0042
PAH                 3.30000m    -1.153    0.7193      Ca B                3858.03A    -3.960    0.0011      C  2                946.100A    -3.432    0.0038
PAHC                3.23000m    -1.328    0.4811      Ca B                1.86365m    -2.676    0.0216      C  2                799.800A    -2.542    0.0294
PAHC                3.37000m    -1.457    0.3568      Ca B                1.16262m    -2.916    0.0124      C  3                2512.20A    -3.362    0.0044
PAH                 6.20000m    -0.730    1.9044      Ca B                9344.80A    -3.120    0.0078      C  3                2440.00A    -3.829    0.0015
PAHC                5.65000m    -0.621    2.4489      Ca B                8236.67A    -3.293    0.0052      C  3                2296.90A    -2.316    0.0494
PAH                 7.90000m    -0.439    3.7239      Ca B                7592.65A    -3.443    0.0037      C  3                2296.10A    -3.560    0.0028
PAHC                6.90000m    -0.481    3.3809      Ca B                7177.41A    -3.577    0.0027      C  3                2200.40A    -3.390    0.0042
PAH                 11.3000m    -1.277    0.5408      Ca B                6890.80A    -3.697    0.0021      C  3                2114.30A    -3.475    0.0034
PAHC                10.9000m    -1.212    0.6276      Ca B                6683.11A    -3.805    0.0016      C  3                2017.40A    -3.161    0.0071
PAH                 11.8000m    -1.100    0.8123      Ca B                6527.01A    -3.905    0.0013      C  3                1923.30A    -3.549    0.0029
PAHC                12.6500m    -1.227    0.6058      Ca B                6406.30A    -3.998    0.0010      C  3                1828.00A    -2.352    0.0455
PAH                 13.3000m    -1.180    0.6759      Ca B                3.09080m    -3.072    0.0087      C  3                1796.80A    -3.505    0.0032
PAHC                14.1000m    -0.870    1.3811      Ca B                1.87431m    -3.269    0.0055      C  3                1777.90A    -3.922    0.0012
Bcon                3640.00A     0.984   98.6410      Ca B                1.47602m    -3.446    0.0037      C  3                1701.60A    -3.656    0.0023
Pcon                5000.00A     0.649   45.5885      Ca B                1.28127m    -3.600    0.0026      C  3                1633.60A    -3.578    0.0027
O3bn                5007.00A     0.063   11.8108      Ca B                1.16730m    -3.737    0.0019      C  3                1620.30A    -3.891    0.0013
SX                  25.0000A    -0.989    1.0489      Ca B                1.09334m    -3.859    0.0014      C  3                1577.10A    -2.294    0.0520
HX                  4.70000A    -0.225    6.0911      Ca B                1.04197m    -3.970    0.0011      C  3                1548.90A    -3.457    0.0036
ROSA                12.3980A    -0.556    2.8428      Ca B                4.76213m    -3.417    0.0039      C  3                1516.30A    -3.855    0.0014
HFFc                      0     -0.710    1.9921      Ca B                2.82519m    -3.581    0.0027      C  3                1491.20A    -3.333    0.0047
H FF                      0     -0.780    1.6983      Ca B                2.18848m    -3.736    0.0019      C  3                1480.40A    -3.802    0.0016
HeFF                      0     -1.565    0.2785      Ca B                1.87570m    -3.875    0.0014      C  3                1478.10A    -3.332    0.0048
MeFB                      0     -2.162    0.0705      Ca B                1.69181m    -3.999    0.0010      C  3                1381.70A    -3.905    0.0013
MeFF                      0     -2.826    0.0153      Ca B                6.94599m    -3.724    0.0019      C  3                1296.30A    -3.450    0.0036
ToFF                      0     -0.710    1.9921      Ca B                4.04945m    -3.861    0.0014      C  3                1247.40A    -2.811    0.0158
nFnu                6915.34m    -3.951    0.0011      Ca B                3.09460m    -3.998    0.0010      C  3                1175.70A    -2.136    0.0747
nFnu                122.367m    -2.479    0.0340      Ca B                9.71069m    -4.000    0.0010      C  3                977.000A    -1.800    0.1619
nInu                122.367m    -3.458    0.0036      He 2                607.571A    -0.282    5.3437      C  3                574.300A    -2.885    0.0133
nFnu                60.8157m    -2.233    0.0598      He 2                303.784A     0.043   11.2913      C  3                538.200A    -2.887    0.0133
nInu                60.8157m    -2.399    0.0408      He 2                256.317A    -3.044    0.0092      C  3                511.500A    -2.852    0.0144
nFnu                41.2039m    -2.089    0.0834      He 2                243.027A    -3.176    0.0068      C  3                493.500A    -2.563    0.0280
nInu                41.2039m    -1.807    0.1597      He 2                237.331A    -3.243    0.0059      C  3                492.600A    -2.704    0.0202
nFnu                30.8611m    -1.985    0.1059      He 2                234.347A    -3.280    0.0054      C  3                483.700A    -2.724    0.0193
nInu                30.8611m    -1.366    0.4405      He 2                232.584A    -3.308    0.0050      C  3                476.000A    -2.566    0.0278
nFnu                24.7761m    -1.906    0.1270      He 2                231.454A    -3.326    0.0048      C  3                459.600A    -1.671    0.2182
nInu                24.7761m    -1.032    0.9512      He 2                230.686A    -3.350    0.0046      C  3                450.700A    -2.843    0.0147
nFnu                24.2932m    -1.899    0.1290      He 2                230.139A    -3.367    0.0044      C  3                433.300A    -2.886    0.0133
nInu                24.2932m    -1.001    1.0201      He 2                229.736A    -3.486    0.0033      C  3                411.700A    -1.691    0.2083
nFnu                22.8240m    -1.877    0.1359      He 2                229.431A    -3.500    0.0032      C  3                398.400A    -1.874    0.1366
nInu                22.8240m    -0.910    1.2585      He 2                229.194A    -3.515    0.0031      C  3                371.700A    -2.549    0.0289
nFnu                21.4141m    -1.855    0.1429      He 2                229.006A    -3.529    0.0030      N  2                1085.10A    -3.890    0.0013
nInu                21.4141m    -0.814    1.5707      He 2                228.855A    -3.542    0.0029      N  2                646.400A    -3.945    0.0012
nFnu                21.1177m    -1.849    0.1448      He 2                228.731A    -3.554    0.0029      N  3                2188.10A    -3.564    0.0028
nInu                21.1177m    -0.788    1.6651      He 2                228.629A    -3.564    0.0028      N  3                2064.30A    -3.141    0.0074
nFnu                19.6146m    -1.822    0.1542      He 2                228.543A    -3.572    0.0027      N  3                1498.30A    -3.615    0.0025
nInu                19.6146m    -0.677    2.1522      He 2                228.471A    -3.578    0.0027      N  3                991.000A    -1.942    0.1170
nFnu                17.6486m    -1.783    0.1684      He 2                228.409A    -3.581    0.0027      N  3                979.900A    -3.940    0.0012
nInu                17.6486m    -0.520    3.0898      He 2                228.356A    -3.578    0.0027      N  3                782.900A    -2.917    0.0124
nFnu                17.3653m    -1.778    0.1706      He 2                1640.41A    -0.816    1.5630      N  3                764.000A    -2.476    0.0342
nInu                17.3653m    -0.495    3.2754      He 2                1215.13A    -1.283    0.5334      N  3                685.700A    -2.725    0.0193
nFnu                15.6859m    -1.742    0.1850      He 2                1084.94A    -1.618    0.2467      N  3                472.300A    -3.018    0.0098
nInu                15.6859m    -0.337    4.7022      He 2                1025.27A    -1.876    0.1360      N  3                418.800A    -2.443    0.0369
nFnu                14.5997m    -1.715    0.1970      He 2                992.358A    -2.087    0.0837      N  3                411.300A    -2.999    0.0102
nInu                14.5997m    -0.231    6.0074      He 2                972.106A    -2.264    0.0557      N  3                391.300A    -2.849    0.0145
nFnu                12.4266m    -1.653    0.2274      He 2                958.693A    -2.417    0.0392      N  3                387.400A    -2.371    0.0435
nInu                12.4266m     0.017   10.6395      He 2                949.323A    -2.551    0.0288      N  3                374.400A    -2.538    0.0297
nFnu                11.3969m    -1.624    0.2432      He 2                942.507A    -2.448    0.0364      N  3                348.700A    -1.780    0.1697
nInu                11.3969m     0.149   14.4092      He 2                937.389A    -2.544    0.0292      N  3                340.200A    -2.124    0.0769
nFnu                10.4572m    -1.589    0.2636      He 2                933.444A    -2.633    0.0238      N  3                323.300A    -2.767    0.0175
nInu                10.4572m     0.281   19.5143      He 2                930.337A    -2.714    0.0198      N  3                311.600A    -2.957    0.0113
nFnu                9.47744m    -1.557    0.2838      He 2                927.846A    -2.789    0.0166      N  4                1718.60A    -3.617    0.0025
nInu                9.47744m     0.348   22.7777      He 2                925.816A    -2.859    0.0142      N  4                1325.30A    -3.940    0.0012
nFnu                9.32234m    -1.551    0.2874      He 2                924.142A    -2.923    0.0122      N  4                923.200A    -3.394    0.0041
nInu                9.32234m     0.348   22.7777      He 2                922.743A    -2.983    0.0106      N  4                765.100A    -3.055    0.0090
nFnu                8.20812m    -1.501    0.3225      He 2                921.562A    -3.037    0.0094      N  4                715.700A    -3.896    0.0013
nInu                8.20812m     0.348   22.7776      He 2                920.556A    -3.084    0.0084      N  4                678.000A    -3.957    0.0011
nFnu                7.57793m    -1.476    0.3422      He 2                919.693A    -3.124    0.0077      N  4                322.600A    -3.614    0.0025
nInu                7.57793m     0.348   22.7776      He 2                4685.68A    -1.717    0.1960      N  4                297.700A    -3.609    0.0025
nFnu                7.04834m    -1.440    0.3711      He 2                3203.08A    -2.034    0.0946      N  4                283.500A    -2.924    0.0122
nInu                7.04834m     0.348   22.7776      He 2                2733.28A    -2.294    0.0519      N  4                239.600A    -3.225    0.0061
nFnu                4.11258m    -1.233    0.5980      He 2                2511.19A    -2.509    0.0317      N  4                234.200A    -3.898    0.0013
nInu                4.11258m     0.348   22.7773      He 2                2385.39A    -2.689    0.0209      N  4                225.300A    -2.934    0.0119
nFnu                2.32377m    -1.045    0.9229      He 2                2306.18A    -2.846    0.0146      N  4                221.800A    -3.642    0.0023
nInu                2.32377m     0.348   22.7771      He 2                2252.67A    -2.983    0.0106      N  4                217.900A    -3.322    0.0049
nFnu                1.64268m    -0.901    1.2860      He 2                2214.65A    -2.963    0.0111      N  4                177.600A    -3.401    0.0041
nInu                1.64268m     0.348   22.7769      He 2                2186.59A    -3.059    0.0089      O  2                386.300A    -2.298    0.0516
nFnu                1.47981m    -0.885    1.3314      He 2                2165.23A    -3.147    0.0073      O  2                385.700A    -2.475    0.0343
nInu                1.47981m     0.348   22.7768      He 2                2148.58A    -3.228    0.0060      O  3                1947.20A    -3.913    0.0012
nFnu                1.43610m    -0.736    1.8795      He 2                2135.34A    -3.304    0.0051      O  3                834.500A    -2.194    0.0654
nInu                1.43610m     0.348   22.7768      He 2                2124.61A    -3.373    0.0043      O  3                703.400A    -2.521    0.0308
nFnu                1.11836m    -0.711    1.9894      He 2                2115.81A    -3.437    0.0037      O  3                599.600A    -3.024    0.0097
nInu                1.11836m     0.348   22.7767      He 2                2108.49A    -3.496    0.0033      O  3                541.600A    -2.994    0.0104
nFnu                8327.39A    -0.688    2.0995      He 2                2102.33A    -3.550    0.0029      O  3                374.100A    -2.660    0.0224
nInu                8327.39A     0.348   22.7766      He 2                2097.10A    -3.598    0.0026      O  3                320.700A    -2.662    0.0223
nFnu                8076.39A    -0.379    4.2772      He 2                2092.63A    -3.638    0.0024      O  3                300.500A    -2.037    0.0938
nInu                8076.39A     0.348   22.7766      He 2                1.01235m    -2.340    0.0468      O  3                299.300A    -2.434    0.0377
nFnu                6207.94A    -0.399    4.0787      He 2                6560.01A    -2.573    0.0273      O  4                3037.90A    -3.706    0.0020
nInu                6207.94A     0.348   22.7764      He 2                5411.45A    -2.785    0.0168      O  4                2620.00A    -3.903    0.0013
nFnu                4884.00A    -0.396    4.1136      He 2                4859.26A    -2.968    0.0110      O  4                2511.20A    -3.675    0.0022
nInu                4884.00A     0.348   22.7763      He 2                4541.54A    -3.127    0.0076      O  4                1341.80A    -2.979    0.0107
nFnu                3703.28A    -0.352    4.5442      He 2                4338.62A    -3.267    0.0055      O  4                1289.40A    -3.276    0.0054
nInu                3703.28A     0.386   24.8975      He 2                4199.78A    -3.333    0.0048      O  4                1212.90A    -3.567    0.0028
nFnu                3586.64A     0.285   19.7121      He 2                4099.99A    -3.428    0.0038      O  4                1046.00A    -3.909    0.0013
nInu                3586.64A     0.393   25.2738      He 2                4025.55A    -3.516    0.0031      O  4                922.700A    -2.948    0.0115
nFnu                2429.31A     0.091   12.6055      He 2                3968.39A    -3.597    0.0026      O  4                844.400A    -2.805    0.0160
nInu                2429.31A     0.477   30.7024      He 2                3923.44A    -3.671    0.0022      O  4                789.400A    -1.461    0.3542
nFnu                2391.30A     0.088   12.5237      He 2                3887.40A    -3.741    0.0019      O  4                779.900A    -2.007    0.1005
nInu                2391.30A     0.481   30.9596      He 2                3858.03A    -3.805    0.0016      O  4                745.800A    -3.436    0.0037
nFnu                2070.68A     0.096   12.7644      He 2                3833.76A    -3.864    0.0014      O  4                713.000A    -2.990    0.0105
nInu                2070.68A     0.512   33.2618      He 2                3813.45A    -3.918    0.0012      O  4                703.900A    -3.296    0.0052
nFnu                2052.02A     0.115   13.3237      He 2                3796.29A    -3.965    0.0011      O  4                636.500A    -3.209    0.0063
nInu                2052.02A     0.514   33.4286      He 2                3781.64A    -4.005    0.0010      O  4                617.000A    -2.434    0.0377
nFnu                1793.44A     0.184   15.6111      He 2                1.86365m    -2.845    0.0146      O  4                609.400A    -2.363    0.0443
nInu                1793.44A     0.543   35.7351      He 2                1.16262m    -3.020    0.0098      O  4                554.400A    -1.991    0.1044
nFnu                1585.12A     0.213   16.6844      He 2                9344.80A    -3.195    0.0065      O  4                487.000A    -3.336    0.0047
nInu                1585.12A     0.571   38.0732      He 2                8236.67A    -3.353    0.0045      O  4                442.800A    -3.748    0.0018
nFnu                1458.33A     0.214   16.7336      He 2                7592.65A    -3.492    0.0033      O  4                379.800A    -2.863    0.0140
nInu                1458.33A     0.589   39.6943      He 2                7177.41A    -3.622    0.0024      O  4                342.300A    -3.992    0.0010
nFnu                1356.96A     0.173   15.2347      He 2                6890.80A    -3.716    0.0020      O  4                306.700A    -3.085    0.0084
nInu                1356.96A     0.604   41.1092      He 2                6683.11A    -3.804    0.0016      O  4                303.500A    -3.694    0.0021
nFnu                1297.29A     0.072   12.0622      He 2                6527.01A    -3.884    0.0013      O  4                289.900A    -3.184    0.0067
nInu                1297.29A     0.614   42.0803      He 2                6406.30A    -3.959    0.0011      O  4                288.500A    -2.568    0.0277
nFnu                1262.79A    -0.080    8.5091      He 2                3.09080m    -3.274    0.0054      O  4                285.800A    -2.725    0.0193
nInu                1262.79A     0.620   42.6454      He 2                1.87431m    -3.409    0.0040      O  4                279.800A    -3.039    0.0093
nFnu                1218.08A    -0.841    1.4754      He 2                1.47602m    -3.554    0.0029      O  4                276.100A    -2.532    0.0301
nInu                1218.08A     0.628   43.4349      He 2                1.28127m    -3.690    0.0021      O  4                273.500A    -2.552    0.0287
nFnu                1196.33A    -0.835    1.4961      He 2                1.16730m    -3.860    0.0014      O  4                267.000A    -2.583    0.0267
nInu                1196.33A     0.632   43.7986      He 2                1.09334m    -3.954    0.0011      O  4                265.500A    -1.726    0.1921
nFnu                1175.06A    -0.828    1.5210      He 2                4.76213m    -3.648    0.0023      O  4                260.500A    -2.040    0.0933
nInu                1175.06A     0.635   44.1652      He 2                2.82519m    -3.752    0.0018      O  4                258.600A    -2.577    0.0271
nFnu                1143.64A    -0.812    1.5757      He 2                2.18848m    -3.875    0.0014      O  4                252.500A    -2.452    0.0361
nInu                1143.64A     0.642   44.8331      He 2                6.94599m    -3.979    0.0011      O  4                250.300A    -2.412    0.0396
nFnu                1113.22A    -0.796    1.6344      He-like iso-sequence............................      O  4                238.500A    -2.591    0.0262
nInu                1113.22A     0.648   45.4351      He 1                1202.81A    -1.158    0.7102      O  4                224.100A    -2.144    0.0734
nFnu                1103.23A    -0.792    1.6504      He 1                591.412A    -3.433    0.0038      O  4                216.200A    -2.889    0.0132
nInu                1103.23A     0.649   45.5869      Blnd                591.412A    -3.432    0.0038      O  4                213.000A    -2.445    0.0367
nFnu                1073.86A    -0.774    1.7198      He 1                584.334A    -1.833    0.1502      O  4                211.300A    -2.381    0.0425
nInu                1073.86A     0.655   46.1991      He 1                537.030A    -2.892    0.0131      O  4                207.200A    -2.363    0.0444
nFnu                1064.34A    -0.767    1.7478      He 1                522.213A    -3.024    0.0097      O  4                203.000A    -2.768    0.0174
nInu                1064.34A     0.657   46.4307      He 1                515.617A    -3.094    0.0082      O  4                200.800A    -1.493    0.3290
nFnu                1035.92A    -0.748    1.8279      He 1                512.099A    -3.149    0.0073      O  4                196.400A    -1.718    0.1956
nInu                1035.92A     0.663   47.0542      He 1                625.563A    -0.482    3.3717      O  4                188.200A    -2.440    0.0371
nFnu                1000.00A    -0.720    1.9494      He 1                510.018A    -3.340    0.0047      O  4                184.200A    -2.960    0.0112
nInu                1000.00A     0.671   47.9252      He 1                508.657A    -3.346    0.0046      O  4                182.800A    -2.647    0.0230
nFnu                925.144A    -0.659    2.2412      He 1                507.727A    -3.559    0.0028      O  4                171.100A    -2.838    0.0149
nInu                925.144A     0.687   49.7987      He 1                507.065A    -3.371    0.0044      O  4                158.600A    -1.774    0.1722
nFnu                897.800A     0.063   11.8144      He 1                506.576A    -3.374    0.0043      O  5                1371.30A    -3.249    0.0058
nInu                897.800A    -3.286    0.0053      He 1                506.204A    -3.385    0.0042      O  5                1085.80A    -3.650    0.0023
nFnu                760.023A    -0.673    2.1694      He 1                505.916A    -3.398    0.0041      O  5                1067.90A    -3.910    0.0013
nInu                760.023A    -1.806    0.1598      He 1                505.687A    -3.413    0.0040      O  5                774.500A    -3.629    0.0024
nFnu                701.514A    -1.051    0.9089      He 1                505.502A    -3.429    0.0038      O  5                760.400A    -3.000    0.0102
nInu                701.514A    -1.291    0.5235      He 1                505.352A    -3.446    0.0037      O  5                681.300A    -3.512    0.0031
nFnu                608.160A    -1.523    0.3068      He 1                505.227A    -3.464    0.0035      O  5                629.700A    -2.700    0.0204
nInu                608.160A    -0.594    2.6053      He 1                505.122A    -3.483    0.0034      O  5                202.300A    -3.026    0.0096
nFnu                575.146A    -1.436    0.3750      He 1                505.033A    -3.502    0.0032      O  5                192.900A    -2.549    0.0289
nInu                575.146A    -0.381    4.2494      He 1                504.958A    -3.589    0.0026      O  5                168.000A    -2.625    0.0243
nFnu                511.948A    -1.100    0.8129      He 1                504.893A    -3.585    0.0027      O  5                141.300A    -2.587    0.0265
nInu                511.948A    -0.034    9.4586      He 1                504.836A    -3.566    0.0028      level2 lines....................................
nFnu                496.874A     0.274   19.2020      He 1                504.787A    -3.623    0.0024      C  2                596.559A    -3.759    0.0018
nInu                496.874A    -0.166    6.9720      He 1                504.744A    -3.584    0.0027      C  2                561.959A    -3.829    0.0015
nFnu                399.153A    -0.669    2.1930      He 1                504.706A    -3.522    0.0031      C  2                530.721A    -3.873    0.0014
nInu                399.153A     0.254   18.3741      He 1                504.672A    -2.736    0.0188      C  2                544.909A    -3.898    0.0013
RRC.............................................      He 1                1.08291m    -2.722    0.0194      C  2                535.300A    -3.919    0.0012
H  1                911.753A    -1.699    0.2045      He 1                1.08302m    -2.265    0.0556      C  3                271.090A    -3.387    0.0042
H  1                3645.98A    -0.880    1.3471      He 1                1.08303m    -2.027    0.0962      C  3                268.600A    -3.405    0.0040
H  1                3645.98A    -0.543    2.9286      Blnd                1.08302m    -1.776    0.1712      C  3                266.880A    -3.423    0.0039
H  1                8203.57A    -1.608    0.2520      He 1                3888.64A    -2.284    0.0532      C  3                288.500A    -3.427    0.0038
H  1                8203.57A    -1.225    0.6098      He 1                3187.74A    -2.619    0.0246      C  4                223.140A    -3.285    0.0053
H  1                8203.57A    -1.340    0.4678      He 1                2945.10A    -2.893    0.0131      C  4                212.750A    -3.420    0.0039
H  1                1.45842m    -2.090    0.0832      He 1                2829.08A    -3.122    0.0077      C  4                206.950A    -3.504    0.0032
H  1                1.45842m    -1.700    0.2042      He 1                2760.44A    -3.761    0.0018      C  4                203.370A    -3.577    0.0027
H  1                1.45842m    -1.709    0.1998      He 1                2721.00A    -3.886    0.0013      C  4                200.980A    -3.630    0.0024
H  1                1.45842m    -2.062    0.0888      He 1                2694.61A    -4.003    0.0010      C  4                199.320A    -3.686    0.0021
H  1                2.27878m    -2.443    0.0369      He 1                2.05813m    -3.061    0.0089      N  2                532.161A    -4.006    0.0010
H  1                2.27878m    -2.054    0.0904      He 1                5015.68A    -2.760    0.0178      N  3                293.510A    -3.389    0.0042
H  1                2.27878m    -2.032    0.0951      He 1                3964.73A    -3.151    0.0072      N  3                283.090A    -3.423    0.0039
H  1                2.27878m    -2.239    0.0590      He 1                3613.64A    -3.464    0.0035      N  3                264.550A    -3.437    0.0037
H  1                2.27878m    -2.743    0.0185      He 1                3447.59A    -3.726    0.0019      N  3                277.180A    -3.449    0.0036
H  1                3.28145m    -2.720    0.0195      He 1                7065.71A    -3.457    0.0036      N  3                312.110A    -3.445    0.0037
H  1                3.28145m    -2.332    0.0476      He 1                7065.21A    -2.980    0.0107      N  3                273.490A    -3.473    0.0034
H  1                3.28145m    -2.299    0.0514      He 1                7065.18A    -2.758    0.0179      N  3                267.450A    -3.491    0.0033
H  1                3.28145m    -2.452    0.0361      Blnd                7065.25A    -2.503    0.0321      N  3                248.910A    -3.527    0.0030
H  1                3.28145m    -2.785    0.0168      He 1                5875.98A    -3.061    0.0089      N  3                271.020A    -3.497    0.0033
H  1                3.28145m    -3.389    0.0042      He 1                5875.64A    -2.584    0.0267      N  3                305.650A    -3.505    0.0032
H  1                4.46642m    -2.947    0.0116      He 1                5875.61A    -2.362    0.0445      N  3                269.290A    -3.516    0.0031
H  1                4.46642m    -2.561    0.0281      Blnd                5875.66A    -2.106    0.0800      N  3                300.710A    -3.522    0.0031
H  1                4.46642m    -2.523    0.0307      He 1                4713.16A    -3.904    0.0013      N  3                238.620A    -3.635    0.0024
H  1                4.46642m    -2.652    0.0228      He 1                4713.14A    -3.682    0.0021      N  3                234.300A    -3.661    0.0022
H  1                4.46642m    -2.914    0.0125      Blnd                4713.17A    -3.427    0.0038      N  3                286.900A    -3.611    0.0025
H  1                4.46642m    -3.327    0.0048      He 1                4471.69A    -3.473    0.0034      N  3                231.470A    -3.818    0.0016
H  1                4.46642m    -4.001    0.0010      He 1                4471.49A    -2.996    0.0103      N  3                279.440A    -3.666    0.0022
H  1                5.83369m    -3.139    0.0074      He 1                4471.47A    -2.774    0.0172      N  3                229.580A    -3.779    0.0017
H  1                5.83369m    -2.755    0.0180      Blnd                4471.50A    -2.519    0.0310      N  3                274.950A    -3.713    0.0020
H  1                5.83369m    -2.714    0.0197      Blnd                4120.84A    -3.903    0.0013      N  3                272.030A    -3.748    0.0018
H  1                5.83369m    -2.830    0.0151      He 1                4026.36A    -3.791    0.0017      N  3                270.020A    -3.772    0.0017
H  1                5.83369m    -3.057    0.0090      He 1                4026.20A    -3.314    0.0050      N  4                197.610A    -3.426    0.0038
H  1                5.83369m    -3.387    0.0042      He 1                4026.19A    -3.092    0.0083      N  4                182.190A    -3.562    0.0028
H  1                5.83369m    -3.855    0.0014      Blnd                4026.21A    -2.837    0.0149      N  4                175.020A    -3.653    0.0023
H  1                7.38326m    -3.306    0.0051      He 1                3819.61A    -3.572    0.0027      N  4                170.460A    -3.731    0.0019
H  1                7.38326m    -2.923    0.0122      He 1                3819.60A    -3.350    0.0046      N  4                168.090A    -3.742    0.0019
H  1                7.38326m    -2.881    0.0134      Blnd                3819.62A    -3.094    0.0082      N  4                192.880A    -3.727    0.0019
H  1                7.38326m    -2.990    0.0105      He 1                3704.90A    -3.988    0.0011      N  4                167.260A    -3.847    0.0015
H  1                7.38326m    -3.196    0.0065      He 1                3704.76A    -3.511    0.0032      N  4                211.600A    -3.687    0.0021
H  1                7.38326m    -3.482    0.0034      He 1                3704.75A    -3.289    0.0053      N  4                166.340A    -3.890    0.0013
H  1                7.38326m    -3.856    0.0014      Blnd                3704.77A    -3.034    0.0095      N  4                165.190A    -3.901    0.0013
H  1                9.11514m    -3.453    0.0036      He 1                3634.08A    -3.676    0.0022      N  5                147.670A    -3.713    0.0020
H  1                9.11514m    -3.071    0.0087      He 1                3634.07A    -3.454    0.0036      N  5                140.580A    -3.808    0.0016
H  1                9.11514m    -3.029    0.0096      Blnd                3634.09A    -3.199    0.0065      N  5                136.640A    -3.889    0.0013
H  1                9.11514m    -3.133    0.0075      He 1                3587.16A    -3.820    0.0015      N  5                134.200A    -3.948    0.0012
H  1                9.11514m    -3.327    0.0048      He 1                3587.15A    -3.598    0.0026      N  5                132.580A    -4.007    0.0010
H  1                9.11514m    -3.586    0.0027      Blnd                3587.17A    -3.343    0.0046      O  2                425.190A    -3.482    0.0034
H  1                9.11514m    -3.907    0.0013      He 1                3554.34A    -3.950    0.0011      O  2                388.410A    -3.530    0.0030
H  1                11.0293m    -2.544    0.0292      He 1                3554.33A    -3.728    0.0019      O  2                373.600A    -3.589    0.0026
H  1                13.1258m    -2.657    0.0226      Blnd                3554.35A    -3.473    0.0034      O  2                361.821A    -3.598    0.0026
H  1                15.4046m    -2.760    0.0178      He 1                3530.43A    -3.846    0.0015      O  2                366.060A    -3.611    0.0025
H  1                17.8657m    -2.856    0.0142      Blnd                3530.44A    -3.591    0.0026      O  2                360.570A    -3.691    0.0021
H  1                20.5091m    -2.945    0.0116      He 1                3512.46A    -3.953    0.0011      O  2                414.619A    -3.785    0.0017
H  1                23.3348m    -3.029    0.0096      Blnd                3512.48A    -3.698    0.0021      O  2                358.780A    -3.830    0.0015
H  1                26.3428m    -3.107    0.0080      Blnd                3498.62A    -3.796    0.0016      O  2                356.930A    -3.834    0.0015
H  1                29.5331m    -3.182    0.0067      Blnd                3487.70A    -3.887    0.0013      O  2                355.610A    -3.879    0.0014
H  1                32.9057m    -3.252    0.0057      Blnd                3478.95A    -3.972    0.0011      O  3                305.400A    -2.232    0.0600
H  1                36.4606m    -3.318    0.0049      He 1                3439.98A    -3.886    0.0013      O  3                268.070A    -2.759    0.0178
H  1                40.1978m    -3.382    0.0042      Blnd                3440.00A    -3.631    0.0024      O  3                263.850A    -2.804    0.0161
H  1                44.1173m    -3.442    0.0037      He 1                7281.35A    -3.367    0.0044      O  3                373.640A    -2.889    0.0132
H  1                48.2191m    -3.500    0.0032      He 1                6678.15A    -2.668    0.0220      O  3                265.020A    -2.844    0.0147
H  1                52.5033m    -3.555    0.0028      He 1                5047.74A    -3.930    0.0012      O  3                248.730A    -3.117    0.0078
H  1                56.9697m    -2.388    0.0418      He 1                4921.93A    -3.094    0.0082      O  3                241.200A    -3.260    0.0056
He 2                2049.91A    -2.167    0.0696      He 1                4387.93A    -3.413    0.0040      O  3                248.620A    -3.307    0.0050
He 2                2049.91A    -1.711    0.1988      He 1                4143.76A    -3.668    0.0022      O  3                236.890A    -3.338    0.0047
He 2                2049.91A    -1.721    0.1945      He 1                4009.05A    -3.671    0.0022      O  3                234.190A    -3.377    0.0043
He 2                3644.44A    -2.696    0.0206      He 1                3926.41A    -3.838    0.0015      O  3                276.900A    -3.233    0.0060
He 2                3644.44A    -2.231    0.0600      He 1                3871.69A    -3.983    0.0011      O  3                241.140A    -3.375    0.0043
He 2                3644.44A    -2.128    0.0761      He 1                4.29471m    -3.508    0.0032      O  3                280.450A    -3.347    0.0046
He 2                3644.44A    -2.364    0.0442      He 1                1.25275m    -3.718    0.0020      O  3                263.230A    -3.345    0.0046
He 2                5694.49A    -3.090    0.0083      He 1                9463.58A    -3.918    0.0012      O  3                232.380A    -3.399    0.0041
He 2                5694.49A    -2.624    0.0243      He 1                1.70025m    -3.669    0.0022      O  3                236.860A    -3.412    0.0040
He 2                5694.49A    -2.485    0.0335      He 1                1.19691m    -3.833    0.0015      O  3                231.110A    -3.416    0.0039
He 2                5694.49A    -2.569    0.0276      He 1                9515.00A    -3.921    0.0012      O  3                255.390A    -3.416    0.0039
He 2                5694.49A    -2.966    0.0111      He 1                1.95431m    -3.952    0.0011      O  3                232.350A    -3.421    0.0039
He 2                8200.12A    -3.400    0.0041      He 1                1.86854m    -3.059    0.0089      O  3                234.180A    -3.427    0.0038
He 2                8200.12A    -2.935    0.0119      He 1                1.27849m    -3.389    0.0042      O  3                230.150A    -3.779    0.0017
He 2                8200.12A    -2.782    0.0169      He 1                1.09130m    -3.655    0.0023      O  3                231.100A    -3.440    0.0037
He 2                8200.12A    -2.807    0.0159      He 1                1.00275m    -3.850    0.0014      O  3                244.650A    -3.440    0.0037
He 2                8200.12A    -3.026    0.0096      He 1                1.86972m    -3.537    0.0030      O  3                238.930A    -3.456    0.0036
He 2                8200.12A    -3.543    0.0029      He 1                1.27905m    -3.866    0.0014      O  3                233.340A    -3.459    0.0036
He 2                1.11613m    -3.653    0.0023      He 1                4.04791m    -3.778    0.0017      O  3                235.520A    -3.466    0.0035
He 2                1.11613m    -3.190    0.0066      Ca B                2945.10A    -2.860    0.0141      O  3                232.490A    -3.498    0.0032
He 2                1.11613m    -3.030    0.0095      Ca B                3187.74A    -2.543    0.0293      O  3                235.000A    -3.510    0.0032
He 2                1.11613m    -3.028    0.0096      Ca B                3613.64A    -3.449    0.0036      O  3                231.670A    -3.906    0.0013
He 2                1.11613m    -3.173    0.0069      Ca B                3888.64A    -2.146    0.0731      O  4                239.130A    -2.400    0.0407
He 2                1.11613m    -3.493    0.0033      Ca B                3964.73A    -3.141    0.0074      O  4                207.610A    -3.287    0.0053
He 2                1.45781m    -3.866    0.0014      Ca B                4026.20A    -2.829    0.0152      O  4                196.560A    -3.345    0.0046
He 2                1.45781m    -3.404    0.0040      Ca B                4120.82A    -3.897    0.0013      O  4                214.760A    -3.273    0.0055
He 2                1.45781m    -3.241    0.0059      Ca B                4387.93A    -3.405    0.0040      O  4                181.780A    -3.465    0.0035
He 2                1.45781m    -3.224    0.0061      Ca B                4471.49A    -2.507    0.0319      O  4                171.550A    -3.945    0.0012
He 2                1.45781m    -3.331    0.0048      Ca B                4713.16A    -3.483    0.0034      O  4                280.550A    -3.081    0.0085
He 2                1.45781m    -3.565    0.0028      Ca B                4921.93A    -3.075    0.0086      O  4                174.710A    -3.518    0.0031
He 2                1.45781m    -3.962    0.0011      Ca B                5015.68A    -2.741    0.0185      O  4                203.010A    -3.385    0.0042
He 2                1.84504m    -3.588    0.0026      Ca B                5047.74A    -3.899    0.0013      O  4                174.310A    -3.536    0.0030
He 2                1.84504m    -3.424    0.0038      Ca B                5875.64A    -2.066    0.0878      O  4                182.700A    -3.509    0.0032
He 2                1.84504m    -3.399    0.0041      Ca B                6678.15A    -2.612    0.0250      O  4                181.770A    -3.513    0.0031
He 2                1.84504m    -3.483    0.0034      Ca B                7065.21A    -2.818    0.0155      O  4                170.710A    -3.582    0.0027
He 2                1.84504m    -3.670    0.0022      Ca B                7281.35A    -3.339    0.0047      O  4                159.680A    -3.645    0.0023
He 2                1.84504m    -3.971    0.0011      Ca B                1.08302m    -1.772    0.1728      O  4                168.240A    -3.607    0.0025
He 2                2.27783m    -3.749    0.0018      Ca B                1.19691m    -3.825    0.0015      O  4                152.360A    -3.699    0.0020
He 2                2.27783m    -3.585    0.0027      Ca B                1.27849m    -3.321    0.0049      O  4                180.320A    -3.562    0.0028
He 2                2.27783m    -3.555    0.0028      Ca B                1.27905m    -3.798    0.0016      O  4                186.020A    -3.551    0.0029
He 2                2.27783m    -3.625    0.0024      Ca B                1.70025m    -3.657    0.0023      O  4                166.570A    -3.650    0.0023
He 2                2.27783m    -3.783    0.0017      Ca B                1.86854m    -2.952    0.0114      O  4                165.420A    -3.668    0.0022
He 2                2.75620m    -2.999    0.0103      Ca B                1.86972m    -3.428    0.0038      O  4                150.140A    -3.788    0.0017
He 2                3.28011m    -3.111    0.0079      Ca B                2.05813m    -2.676    0.0216      O  4                153.570A    -3.783    0.0017
He 2                3.84958m    -3.214    0.0063      C  5                81.4655A    -3.253    0.0057      O  4                169.860A    -3.692    0.0021
He 2                4.46460m    -3.309    0.0050      C  5                40.7306A    -3.847    0.0015      O  4                168.250A    -3.708    0.0020
He 2                5.12518m    -3.398    0.0041      Blnd                40.7306A    -3.846    0.0015      O  4                148.130A    -3.851    0.0014
He 2                5.83131m    -3.482    0.0034      C  5                40.2678A    -3.248    0.0058      O  4                206.560A    -3.556    0.0028
He 2                6.58301m    -3.560    0.0028      C  5                41.4719A    -2.281    0.0535      O  4                166.640A    -3.733    0.0019
He 2                7.38026m    -3.634    0.0024      C  5                227.192A    -3.852    0.0014      O  4                146.760A    -3.900    0.0013
He 2                8.22307m    -3.704    0.0020      C  5                248.745A    -3.843    0.0015      O  4                145.810A    -3.942    0.0012
He 2                9.11143m    -3.770    0.0017      Blnd                248.708A    -3.587    0.0026      O  4                168.870A    -3.799    0.0016
He 2                10.0454m    -3.833    0.0015      N  6                28.7870A    -3.977    0.0011      O  4                168.140A    -3.884    0.0013
He 2                11.0248m    -3.894    0.0013      N  6                29.5343A    -3.463    0.0035      O  4                167.050A    -3.947    0.0012
He 2                12.0499m    -3.951    0.0011      O  7                22.1012A    -3.708    0.0020      O  5                135.810A    -3.677    0.0021
He 2                13.1205m    -4.007    0.0010      Pho+                3889.00A    -1.545    0.2916      O  5                139.140A    -3.667    0.0022
He 2                14.2366m    -2.806    0.0160      extra Lyman.....................................      O  5                124.910A    -3.773    0.0017
He 1                504.259A    -1.612    0.2500      database lines..................................      O  5                119.360A    -3.842    0.0015
He 1                2599.69A    -2.143    0.0735      Al 3                1862.79A    -3.689    0.0021      O  5                116.430A    -3.880    0.0013
He 1                3120.85A    -2.654    0.0227      Al 3                1854.72A    -3.582    0.0027      O  5                114.620A    -3.910    0.0013
He 1                3421.00A    -2.645    0.0231      Al 6                309.596A    -3.996    0.0010      O  5                113.410A    -3.934    0.0012
He 1                3420.88A    -2.168    0.0694      Al 6                309.850A    -3.994    0.0010      O  5                118.170A    -3.915    0.0012
He 1                3420.88A    -1.946    0.1157      Al 6                310.907A    -3.878    0.0014      O  5                112.580A    -3.953    0.0011
He 1                3678.70A    -2.366    0.0440      Al 6                312.237A    -3.616    0.0025      O  6                105.000A    -3.969    0.0011
He 1                6632.16A    -3.048    0.0092      Al 6                2428.39A    -3.500    0.0032      F  3                253.730A    -3.663    0.0022
He 1                7435.20A    -3.470    0.0035      Al 6                3.65932m    -1.999    0.1025      F  3                228.500A    -3.874    0.0014
He 1                7843.40A    -2.422    0.0387      Al 6                9.11329m    -3.052    0.0091      F  3                312.150A    -3.797    0.0016
He 1                8188.35A    -2.645    0.0232      Ar 3                887.403A    -3.924    0.0012      F  5                462.650A    -3.711    0.0020
He 1                8190.64A    -3.134    0.0075      Ar 3                7135.79A    -2.835    0.0150      F  5                654.960A    -3.948    0.0012
He 1                8261.30A    -3.035    0.0094      Ar 3                7751.11A    -3.460    0.0035      Ne 2                444.150A    -3.733    0.0019
He 1                1.24770m    -3.599    0.0026      Ar 3                8.98898m    -2.905    0.0127      Ne 2                356.870A    -3.704    0.0020
He 1                1.35640m    -3.986    0.0011      Ar 4                840.032A    -3.736    0.0019      Ne 2                404.130A    -3.787    0.0017
He 1                1.40933m    -2.921    0.0123      Ar 4                843.770A    -3.704    0.0020      Ne 2                327.700A    -3.835    0.0015
He 1                1.45602m    -3.015    0.0099      Ar 4                850.605A    -3.678    0.0021      Ne 2                331.200A    -3.834    0.0015
He 1                1.45643m    -3.508    0.0032      Ar 4                2853.66A    -3.006    0.0101      Ne 2                327.139A    -3.851    0.0014
He 1                1.45759m    -3.373    0.0043      Ar 4                2868.22A    -3.351    0.0046      Ne 2                355.969A    -3.844    0.0015
He 1                1.45759m    -3.851    0.0014      Ar 4                4711.26A    -2.056    0.0900      Ne 2                320.500A    -3.913    0.0012
He 1                1.46631m    -3.506    0.0032      Ar 4                4740.12A    -2.204    0.0639      Ne 2                327.160A    -3.942    0.0012
He 1                2.01409m    -3.988    0.0011      Ar 4                7170.70A    -3.855    0.0014      Ne 3                250.920A    -3.115    0.0079
He 1                2.21671m    -3.287    0.0053      Ar 4                7237.77A    -3.991    0.0010      Ne 3                227.420A    -3.347    0.0046
He 1                2.27546m    -3.339    0.0047      Ar 4                7263.33A    -3.910    0.0013      Ne 3                218.360A    -3.745    0.0018
He 1                2.27605m    -3.832    0.0015      Ar 5                827.366A    -3.415    0.0039      Ne 3                223.310A    -3.611    0.0025
He 1                2.27752m    -3.552    0.0029      Ar 5                2691.05A    -3.849    0.0014      Ne 3                228.870A    -3.331    0.0048
He 1                2.28865m    -3.858    0.0014      Ar 5                6435.12A    -2.855    0.0143      Ne 3                281.580A    -3.264    0.0056
He 1                3.20639m    -3.573    0.0027      Ar 5                7005.83A    -2.524    0.0306      Ne 3                227.190A    -3.419    0.0039
He 1                3.27716m    -3.607    0.0025      Ar 5                7.89971m    -2.099    0.0815      Ne 3                212.550A    -3.983    0.0011
He 1                3.27969m    -3.767    0.0017      Ar 5                13.0985m    -1.883    0.1340      Ne 3                265.510A    -3.338    0.0047
He 1                4.46460m    -3.167    0.0070      Ar 6                767.726A    -3.601    0.0026      Ne 3                218.030A    -3.893    0.0013
He 1                5.83132m    -3.338    0.0047      Ar 6                4.52800m    -1.860    0.1412      Ne 3                217.120A    -3.973    0.0011
He 1                7.38026m    -3.490    0.0033      C  2                687.053A    -3.900    0.0013      Ne 3                238.070A    -3.471    0.0035
He 1                9.11143m    -3.625    0.0024      C  2                858.559A    -3.960    0.0011      Ne 4                171.550A    -3.391    0.0042
He 1                11.0248m    -3.748    0.0018      C  2                903.623A    -3.581    0.0027      Ne 4                148.550A    -3.640    0.0023
He 1                13.1205m    -3.861    0.0014      C  2                903.962A    -3.481    0.0034      Ne 4                207.180A    -3.437    0.0037
He 1                15.3983m    -3.964    0.0011      C  2                904.142A    -3.276    0.0054      Ne 4                139.980A    -3.783    0.0017
He 1                61.5933m    -3.626    0.0024      C  2                904.480A    -3.409    0.0040      Ne 4                159.100A    -3.672    0.0022
C  3                258.906A    -3.551    0.0029      C  2                1036.34A    -3.787    0.0017      Ne 4                135.720A    -3.831    0.0015
N  3                261.320A    -3.345    0.0046      C  2                1037.02A    -3.560    0.0028      Ne 4                133.390A    -3.859    0.0014
O  2                353.019A    -1.907    0.1267      C  2                1334.53A    -3.689    0.0021      Ne 4                157.090A    -3.749    0.0018
Ne 2                302.674A    -3.121    0.0077      C  2                1335.66A    -3.809    0.0016      Ne 4                131.770A    -3.953    0.0011
grains..........................................      C  2                1335.71A    -3.643    0.0023      Ne 4                139.680A    -3.915    0.0012
H-like iso-sequence.............................      C  3                1908.73A    -2.232    0.0600      Ne 4                130.750A    -3.988    0.0011
H  1 Cool           1215.67A    -2.686    0.0211      C  3                1906.68A    -2.051    0.0909      Ne 4                133.270A    -3.988    0.0011
Crst                960.000A    -2.838    0.0148      C  3                977.020A    -2.341    0.0466      Ne 4                143.540A    -4.000    0.0010
Ca B                1215.67A     0.525   34.2341      C  3                386.203A    -3.684    0.0021      Ne 5                143.350A    -3.353    0.0045
Q(H)                4861.32A    -0.967    1.1028      C  3                538.312A    -3.889    0.0013      Ne 5                142.640A    -3.500    0.0032
Q(H)                1215.67A     0.579   38.7926      C  3                2296.87A    -3.750    0.0018      Ne 5                119.100A    -3.751    0.0018
CaBo                4861.32A    -1.012    0.9944      C  3                884.524A    -3.368    0.0044      Ne 5                132.560A    -3.739    0.0019
CaBo                1640.00A    -0.798    1.6297      Ca 3                409.953A    -3.838    0.0015      Ne 5                167.820A    -3.543    0.0029
CaBo                4685.64A    -1.653    0.2275      Ca 4                669.696A    -3.152    0.0072      Ne 5                110.570A    -3.925    0.0012
Ca A                1215.67A     0.331   21.9189      Ca 4                3.20610m    -1.945    0.1161      Ne 5                131.150A    -3.788    0.0017
Ca A                1025.72A    -0.311    4.9996      Ca 6                629.602A    -3.569    0.0028      Ne 5                118.920A    -3.890    0.0013
Ca A                972.537A    -0.720    1.9471      Ca 6                633.844A    -3.516    0.0031      Ne 5                112.110A    -3.981    0.0011
Ca A                949.743A    -1.024    0.9681      Ca 6                641.904A    -3.491    0.0033      Ne 5                136.490A    -3.782    0.0017
Ca A                937.803A    -1.266    0.5542      Cl 5                392.433A    -3.735    0.0019      Ne 5                110.550A    -4.009    0.0010
Ca A                930.748A    -1.468    0.3478      Cl 5                894.911A    -3.686    0.0021      Ne 5                124.970A    -3.912    0.0013
Ca A                926.226A    -1.642    0.2330      Cl 6                671.380A    -3.527    0.0030      Ne 5                119.400A    -3.972    0.0011
Ca A                923.150A    -1.795    0.1639      Cl 7                814.810A    -3.816    0.0016      Ne 6                122.920A    -3.563    0.0028
Ca A                920.963A    -1.932    0.1197      Cl 7                803.716A    -3.738    0.0019      Ne 6                111.440A    -3.890    0.0013
Ca A                919.351A    -2.055    0.0901      Cr 5                594.921A    -3.232    0.0060      Ne 6                114.600A    -3.904    0.0013
Ca A                918.129A    -2.167    0.0696      F  6                535.206A    -3.907    0.0013      Ne 6                138.790A    -3.837    0.0015
Ca A                917.181A    -2.270    0.0549      Fe 3                22.9190m    -3.961    0.0011      Na 3                229.280A    -3.740    0.0019
Ca A                916.429A    -2.366    0.0440      Fe 7                9.50763m    -1.276    0.5414      Na 4                167.980A    -3.937    0.0012
Ca A                915.824A    -2.455    0.0359      Fe 7                5720.71A    -1.853    0.1434      Na 5                124.710A    -3.763    0.0018
Ca A                915.329A    -2.538    0.0297      Fe 7                4988.55A    -2.052    0.0908      Na 5                148.020A    -3.948    0.0012
Ca A                914.919A    -2.615    0.0248      Fe 7                4893.37A    -2.318    0.0492      Mg 4                147.190A    -3.713    0.0020
Ca A                914.576A    -2.688    0.0210      Fe 7                4698.24A    -3.282    0.0053      Mg 4                130.220A    -3.915    0.0012
Ca A                914.286A    -2.757    0.0179      Fe 7                7.81037m    -1.807    0.1595      Mg 4                140.710A    -3.830    0.0015
Ca A                914.039A    -2.821    0.0154      Fe 7                6086.97A    -1.679    0.2144      Mg 4                140.340A    -3.880    0.0013
Ca A                913.826A    -2.882    0.0134      Fe 7                5158.89A    -2.185    0.0669      Mg 4                146.880A    -3.894    0.0013
Ca A                913.641A    -2.939    0.0118      Fe 7                4942.48A    -2.680    0.0214      Mg 4                140.650A    -3.894    0.0013
Ca A                913.480A    -2.992    0.0104      Fe 7                3586.32A    -2.150    0.0723      Mg 5                114.050A    -3.704    0.0020
Ca A                913.339A    -3.042    0.0093      Fe 7                5276.38A    -2.845    0.0146      Mg 5                121.620A    -3.758    0.0018
Ca A                6562.80A    -0.743    1.8484      Fe 7                3758.92A    -1.997    0.1030      Mg 5                114.810A    -3.808    0.0016
Ca A                4861.32A    -1.190    0.6601      Fe 7                3.38363m    -3.062    0.0089      Mg 5                110.840A    -3.883    0.0013
Ca A                4340.46A    -1.514    0.3134      Fe 7                2.62872m    -3.000    0.0102      Mg 5                113.720A    -3.818    0.0016
Ca A                4101.73A    -1.767    0.1749      Fe 7                247.630A    -3.624    0.0024      Mg 5                131.630A    -3.894    0.0013
Ca A                3970.07A    -1.976    0.1082      Fe 9                171.073A    -3.742    0.0019      Mg 6                95.1402A    -3.714    0.0020
Ca A                3889.05A    -2.154    0.0718      K  3                4.61683m    -3.956    0.0011      Mg 6                111.230A    -4.002    0.0010
Ca A                3835.38A    -2.309    0.0502      K  4                5.98030m    -2.914    0.0125      Si 2                1179.59A    -3.853    0.0014
Ca A                3797.90A    -2.447    0.0365      Mg 1                2852.13A    -4.006    0.0010      Si 3                564.611A    -3.966    0.0011
Ca A                3770.63A    -2.572    0.0274      Mg 3                231.734A    -3.296    0.0052      Si 3                464.939A    -3.913    0.0012
Ca A                3750.15A    -2.685    0.0211      Mg 3                234.264A    -3.573    0.0027      Si 4                329.800A    -3.625    0.0024
Ca A                3734.37A    -2.789    0.0166      Mg 7                9.03096m    -2.643    0.0233      Si 4                312.700A    -3.676    0.0022
Ca A                3721.94A    -2.885    0.0133      Mg 7                5.50208m    -2.726    0.0192      Si 4                302.870A    -3.753    0.0018
Ca A                3711.97A    -2.974    0.0109      Mg 7                431.189A    -3.577    0.0027      Si 4                296.640A    -3.765    0.0018
Ca A                3703.85A    -3.058    0.0090      Mg 7                365.243A    -3.925    0.0012      Si 4                292.430A    -3.800    0.0016
Ca A                3697.15A    -3.136    0.0075      Mg 7                277.001A    -3.872    0.0014      Si 5                95.5502A    -3.814    0.0016
Ca A                3691.55A    -3.210    0.0063      Mg 7                2629.13A    -3.728    0.0019      S  3                667.049A    -3.356    0.0045
Ca A                3686.83A    -3.280    0.0054      Mg 7                367.684A    -3.712    0.0020      S  3                691.219A    -3.483    0.0034
Ca A                3682.81A    -3.346    0.0046      Mg 7                278.402A    -3.674    0.0022      S  3                704.220A    -3.537    0.0030
Ca A                3679.35A    -3.409    0.0040      N  4                1486.50A    -2.291    0.0523      S  3                671.510A    -3.818    0.0016
Ca A                3676.36A    -3.470    0.0035      N  4                1483.32A    -2.139    0.0742      S  3                482.139A    -3.707    0.0020
Ca A                3673.76A    -3.527    0.0030      N  4                765.147A    -3.010    0.0100      S  3                474.260A    -3.777    0.0017
Ca A                3671.48A    -3.582    0.0027      N  4                247.205A    -3.572    0.0027      S  3                480.121A    -3.812    0.0016
Ca A                1.87510m    -1.540    0.2947      N  4                1718.55A    -3.622    0.0024      S  3                420.730A    -3.873    0.0014
Ca A                1.28181m    -1.864    0.1398      N  4                463.736A    -3.056    0.0090      S  3                424.450A    -3.932    0.0012
Ca A                1.09381m    -2.123    0.0770      N  5                209.274A    -3.362    0.0044      S  4                330.110A    -3.570    0.0028
Ca A                1.00494m    -2.337    0.0471      N  5                209.308A    -3.377    0.0043      S  4                370.000A    -3.565    0.0028
Ca A                9545.97A    -2.518    0.0310      N  5                266.196A    -3.999    0.0010      S  4                341.260A    -3.582    0.0027
Ca A                9229.02A    -2.676    0.0216      N  5                266.379A    -3.699    0.0020      S  4                295.300A    -3.630    0.0024
Ca A                9014.91A    -2.816    0.0156      N  5                1238.82A    -2.181    0.0674      S  4                321.910A    -3.606    0.0025
Ca A                8862.79A    -2.942    0.0117      N  5                1242.80A    -2.447    0.0366      S  4                274.000A    -3.638    0.0024
Ca A                8750.48A    -3.056    0.0090      Na 6                14.3924m    -3.185    0.0067      S  4                306.380A    -3.659    0.0022
Ca A                8665.02A    -3.161    0.0071      Na 6                8.60825m    -3.408    0.0040      S  4                301.570A    -3.697    0.0021
Ca A                8598.40A    -3.258    0.0056      Na 6                491.240A    -3.746    0.0018      S  4                293.560A    -3.708    0.0020
Ca A                8545.39A    -3.348    0.0046      Na 6                312.603A    -3.994    0.0010      S  4                238.330A    -3.771    0.0017
Ca A                8502.49A    -3.432    0.0038      Na 6                417.563A    -3.886    0.0013      S  4                291.080A    -3.739    0.0019
Ca A                8467.26A    -3.511    0.0032      Na 6                313.742A    -3.841    0.0015      S  4                255.380A    -3.786    0.0017
Ca A                8437.96A    -3.585    0.0027      Ne 3                15.5509m    -1.139    0.7425      S  4                332.160A    -3.734    0.0019
Ca A                8413.32A    -3.656    0.0023      Ne 3                3868.76A    -1.307    0.5045      S  4                232.120A    -3.829    0.0015
Ca A                8392.40A    -3.722    0.0019      Ne 3                489.500A    -3.955    0.0011      S  4                248.780A    -3.835    0.0015
Ca A                8374.48A    -3.786    0.0017      Ne 3                36.0036m    -2.179    0.0678      S  4                242.980A    -3.886    0.0013
Ca A                8359.01A    -3.846    0.0015      Ne 3                3967.47A    -1.825    0.1531      S  4                283.230A    -3.810    0.0016
Ca A                8345.56A    -3.904    0.0013      Ne 3                1814.56A    -3.719    0.0020      S  4                279.740A    -3.861    0.0014
Ca A                8333.79A    -3.960    0.0011      Ne 3                491.045A    -2.618    0.0246      S  4                276.330A    -3.893    0.0013
Ca A                4.05115m    -2.143    0.0735      Ne 3                489.645A    -3.055    0.0090      S  4                284.670A    -3.895    0.0013
Ca A                2.62515m    -2.393    0.0414      Ne 3                488.875A    -3.932    0.0012      S  4                278.830A    -3.909    0.0013
Ca A                2.16553m    -2.608    0.0252      Ne 3                313.688A    -3.040    0.0093      S  4                280.110A    -3.949    0.0012
Ca A                1.94456m    -2.792    0.0165      Ne 3                283.576A    -3.757    0.0018      S  4                291.370A    -3.972    0.0011
Ca A                1.81741m    -2.952    0.0114      Ne 3                490.311A    -3.121    0.0077      S  5                285.830A    -3.459    0.0036
Ca A                1.73621m    -3.094    0.0082      Ne 3                313.961A    -3.442    0.0037      S  5                222.770A    -3.647    0.0023
Ca A                1.68065m    -3.221    0.0061      Ne 3                283.799A    -3.745    0.0018      S  5                202.700A    -4.008    0.0010
Ca A                1.64072m    -3.337    0.0047      Ne 3                379.308A    -3.717    0.0020      S  5                235.180A    -3.652    0.0023
Ca A                1.61093m    -3.442    0.0037      Ne 5                24.3108m    -0.855    1.4270      S  5                261.970A    -3.742    0.0019
Ca A                1.58805m    -3.540    0.0030      Ne 5                568.424A    -3.924    0.0012      S  6                172.480A    -3.968    0.0011
Ca A                1.57007m    -3.630    0.0024      Ne 5                14.3178m    -1.021    0.9744      Ar 3                458.140A    -3.240    0.0059
Ca A                1.55565m    -3.715    0.0020      Ne 5                3345.82A    -1.832    0.1506      Ar 3                464.671A    -3.365    0.0044
Ca A                1.54389m    -3.794    0.0016      Ne 5                1574.70A    -3.464    0.0035      Ar 3                451.091A    -3.599    0.0026
Ca A                1.53418m    -3.869    0.0014      Ne 5                569.756A    -3.194    0.0065      Ar 3                472.659A    -3.561    0.0028
Ca A                1.52605m    -3.940    0.0012      Ne 5                569.828A    -3.898    0.0013      Ar 3                488.909A    -3.703    0.0020
Ca A                1.51919m    -4.007    0.0010      Ne 5                481.293A    -3.547    0.0029      Ar 3                388.490A    -3.706    0.0020
Ca A                7.45782m    -2.635    0.0237      Ne 5                481.366A    -3.652    0.0023      Ar 3                527.451A    -3.736    0.0019
Ca A                4.65251m    -2.833    0.0150      Ne 5                358.474A    -3.518    0.0031      Ar 3                360.940A    -3.771    0.0017
Ca A                3.73954m    -3.016    0.0099      Ne 5                3425.88A    -1.400    0.4073      Ar 3                345.990A    -3.770    0.0017
Ca A                3.29609m    -3.177    0.0068      Ne 5                1145.61A    -3.687    0.0021      Ar 3                365.099A    -3.799    0.0016
Ca A                3.03837m    -3.319    0.0049      Ne 5                572.032A    -3.663    0.0022      Ar 3                517.521A    -3.909    0.0013
Ca A                2.87221m    -3.448    0.0036      Ne 5                572.105A    -3.616    0.0025      Ar 3                387.261A    -3.906    0.0013
Ca A                2.75752m    -3.564    0.0028      Ne 5                572.335A    -3.769    0.0017      Ar 3                360.231A    -3.919    0.0012
Ca A                2.67440m    -3.670    0.0022      Ne 5                482.990A    -3.010    0.0100      Ar 3                360.840A    -3.997    0.0010
Ca A                2.61194m    -3.768    0.0017      Ne 5                482.994A    -3.413    0.0040      Ar 3                348.330A    -3.992    0.0010
Ca A                2.56363m    -3.859    0.0014      Ne 5                359.374A    -2.734    0.0189      Ar 4                444.680A    -2.796    0.0164
Ca A                2.52540m    -3.944    0.0012      Ne 5                2973.13A    -3.948    0.0012      Ar 4                392.000A    -3.554    0.0029
Ca A                12.3685m    -3.051    0.0091      O  2                539.086A    -3.669    0.0022      Ar 4                278.290A    -3.641    0.0023
Ca A                7.50045m    -3.212    0.0063      O  2                539.547A    -3.708    0.0020      Ar 4                247.340A    -3.724    0.0019
Ca A                5.90660m    -3.369    0.0044      O  2                539.854A    -3.787    0.0017      Ar 4                233.650A    -3.784    0.0017
Ca A                5.12726m    -3.511    0.0032      O  2                832.758A    -3.676    0.0022      Ar 4                260.300A    -3.768    0.0017
Ca A                4.67124m    -3.640    0.0023      O  2                833.330A    -3.608    0.0025      Ar 4                291.540A    -3.779    0.0017
Ca A                4.37526m    -3.756    0.0018      O  2                834.465A    -3.584    0.0027      Ar 4                252.150A    -3.826    0.0015
Ca A                4.16966m    -3.863    0.0014      O  2                3728.81A    -3.388    0.0042      Ar 4                236.240A    -3.832    0.0015
Ca A                4.01977m    -3.961    0.0011      O  2                3726.03A    -3.529    0.0030      Ar 5                441.850A    -3.044    0.0092
Ca A                19.0567m    -3.412    0.0040      O  3                88.3323m    -0.670    2.1876      Ar 5                455.901A    -3.258    0.0056
Ca A                11.3056m    -3.544    0.0029      O  3                4931.23A    -3.838    0.0015      Ar 5                337.380A    -3.513    0.0031
Ca A                8.75768m    -3.681    0.0021      O  3                832.929A    -3.822    0.0015      Ar 5                231.610A    -3.711    0.0020
Ca A                7.50606m    -3.808    0.0016      O  3                507.388A    -3.984    0.0011      Ar 5                210.330A    -3.957    0.0011
Ca A                6.77015m    -3.924    0.0012      O  3                51.8004m    -0.552    2.8683      Ar 5                225.740A    -3.708    0.0020
Ca A                27.7958m    -3.731    0.0019      O  3                4958.91A    -0.429    3.8088      Ar 5                222.930A    -3.833    0.0015
Ca A                16.2047m    -3.841    0.0015      O  3                2320.95A    -2.718    0.0196      Ar 5                252.030A    -3.782    0.0017
Ca A                12.3838m    -3.961    0.0011      O  3                1660.81A    -2.616    0.0247      Ar 5                231.870A    -3.939    0.0012
Ca B                6562.80A    -0.558    2.8315      O  3                833.715A    -3.328    0.0048      Ar 5                249.290A    -4.004    0.0010
Ca B                4861.32A    -1.012    0.9943      O  3                833.749A    -3.747    0.0018      Ar 6                292.390A    -3.602    0.0026
Ca B                4340.46A    -1.341    0.4666      O  3                702.838A    -3.393    0.0041      Ar 6                221.080A    -3.778    0.0017
Ca B                4101.73A    -1.598    0.2582      O  3                702.896A    -3.768    0.0017      Ar 6                193.560A    -3.979    0.0011
Ca B                3970.07A    -1.809    0.1586      O  3                507.680A    -3.248    0.0058      Ca 3                351.260A    -3.078    0.0085
Ca B                3889.05A    -1.990    0.1047      O  3                5006.84A     0.032   11.0084      Ca 3                298.430A    -3.499    0.0032
Ca B                3835.38A    -2.147    0.0729      O  3                1666.15A    -2.180    0.0676      Ca 3                277.760A    -3.694    0.0021
Ca B                3797.90A    -2.287    0.0529      O  3                835.059A    -2.975    0.0108      Ca 3                267.540A    -3.782    0.0017
Ca B                3770.63A    -2.412    0.0396      O  3                835.092A    -3.130    0.0076      Ca 3                308.360A    -3.811    0.0016
Ca B                3750.15A    -2.527    0.0304      O  3                835.289A    -3.472    0.0035      Ca 3                261.770A    -3.858    0.0014
Ca B                3734.37A    -2.631    0.0239      O  3                703.851A    -3.090    0.0083      Ca 3                258.180A    -3.976    0.0011
Ca B                3721.94A    -2.728    0.0191      O  3                703.854A    -3.260    0.0056      Ca 3                281.010A    -3.924    0.0012
Ca B                3711.97A    -2.818    0.0155      O  3                508.178A    -2.308    0.0503      Ca 4                303.870A    -2.824    0.0153
Ca B                3703.85A    -2.902    0.0128      O  3                4363.21A    -2.092    0.0828      Ca 4                310.370A    -3.070    0.0087
Ca B                3697.15A    -2.981    0.0107      O  3                565.565A    -3.627    0.0024      Ca 4                307.850A    -3.005    0.0101
Ca B                3691.55A    -3.055    0.0090      O  3                525.794A    -3.622    0.0024      Ca 4                323.400A    -3.072    0.0087
Ca B                3686.83A    -3.125    0.0077      O  5                1218.34A    -2.228    0.0605      Ca 4                319.070A    -2.941    0.0117
Ca B                3682.81A    -3.191    0.0066      O  5                1213.81A    -2.064    0.0883      Ca 4                243.380A    -3.633    0.0024
Ca B                3679.35A    -3.254    0.0057      O  5                629.732A    -2.556    0.0285      Ca 4                237.560A    -3.632    0.0024
Ca B                3676.36A    -3.314    0.0050      O  5                172.169A    -3.691    0.0021      Ca 4                234.960A    -3.664    0.0022
Ca B                3673.76A    -3.371    0.0044      O  5                1371.30A    -3.890    0.0013      Ca 4                342.770A    -3.669    0.0022
Ca B                3671.48A    -3.425    0.0038      O  5                286.448A    -3.219    0.0062      Ca 4                244.300A    -3.752    0.0018
Ca B                1.87510m    -1.492    0.3295      P  4                824.731A    -3.690    0.0021      Ca 4                410.199A    -3.761    0.0018
Ca B                1.28181m    -1.806    0.1600      P  4                950.657A    -3.558    0.0028      Ca 4                236.130A    -3.822    0.0015
Ca B                1.09381m    -2.061    0.0889      P  4                1035.52A    -3.848    0.0015      Ca 4                234.480A    -3.967    0.0011
Ca B                1.00494m    -2.273    0.0546      S  3                33.4704m    -2.380    0.0427      Ca 4                286.350A    -3.948    0.0012
Ca B                9545.97A    -2.453    0.0360      S  3                18.7078m    -2.572    0.0274      Ca 5                314.530A    -2.836    0.0149
Ca B                9229.02A    -2.611    0.0251      S  3                9068.62A    -2.655    0.0226      Ca 5                325.410A    -2.951    0.0114
Ca B                9014.91A    -2.751    0.0182      S  3                9530.62A    -2.255    0.0568      Ca 5                332.080A    -3.238    0.0059
Ca B                8862.79A    -2.876    0.0136      S  3                6312.06A    -3.766    0.0018      Ca 5                263.570A    -3.594    0.0026
Ca B                8750.48A    -2.991    0.0104      S  3                1194.45A    -3.829    0.0015      Ca 5                276.240A    -3.575    0.0027
Ca B                8665.02A    -3.096    0.0082      S  3                1021.11A    -3.770    0.0017      Ca 5                660.908A    -3.636    0.0024
Ca B                8598.40A    -3.193    0.0066      S  5                1199.13A    -3.686    0.0021      Ca 5                251.650A    -3.638    0.0024
Ca B                8545.39A    -3.283    0.0053      S  5                1188.28A    -3.832    0.0015      Ca 5                368.590A    -3.723    0.0019
Ca B                8502.49A    -3.367    0.0044      S  5                786.468A    -3.234    0.0060      Ca 5                366.341A    -3.760    0.0018
Ca B                8467.26A    -3.446    0.0037      Si 2                1194.50A    -3.885    0.0013      Ca 6                330.390A    -3.022    0.0097
Ca B                8437.96A    -3.520    0.0031      Si 3                1892.03A    -3.543    0.0029      Ca 6                227.310A    -3.530    0.0030
Ca B                8413.32A    -3.590    0.0026      Si 3                1882.71A    -3.375    0.0043      Ca 6                175.270A    -3.976    0.0011
Ca B                8392.40A    -3.656    0.0023      Si 3                1206.50A    -3.196    0.0065      Ca 7                338.000A    -3.580    0.0027
Ca B                8374.48A    -3.720    0.0020      Si 4                1122.48A    -3.943    0.0012      Ca 7                348.130A    -3.708    0.0020
Ca B                8359.01A    -3.780    0.0017      Si 4                1128.34A    -3.910    0.0013      Fe 3                911.104A    -3.703    0.0020
Ca B                8345.56A    -3.837    0.0015      Si 4                1393.75A    -2.563    0.0280      Fe 3                859.623A    -3.937    0.0012
Ca B                8333.79A    -3.892    0.0013      Si 4                1402.77A    -2.776    0.0171      Fe 3                896.877A    -3.806    0.0016
Ca B                4.05115m    -2.121    0.0774      Si 7                275.353A    -3.985    0.0011      Fe 4                309.190A    -3.008    0.0100
Ca B                2.62515m    -2.365    0.0441      Si 7                275.667A    -3.893    0.0013      Fe 4                532.950A    -3.230    0.0060
Ca B                2.16553m    -2.577    0.0271      Si 7                276.839A    -3.776    0.0017      Fe 4                275.130A    -3.203    0.0064
Ca B                1.94456m    -2.759    0.0178      Si 7                278.443A    -3.512    0.0031      Fe 4                259.600A    -3.414    0.0039
Ca B                1.81741m    -2.918    0.0124      Si 7                2146.64A    -3.202    0.0064      Fe 4                251.070A    -3.621    0.0024
Ca B                1.73621m    -3.059    0.0089      Si 7                2350.02A    -3.837    0.0015      Fe 4                245.840A    -3.670    0.0022
Ca B                1.68065m    -3.186    0.0067      Si 7                2.48071m    -2.361    0.0445      Fe 4                326.120A    -3.641    0.0023
Ca B                1.64072m    -3.301    0.0051      Si 7                6.51288m    -3.564    0.0028      Fe 4                242.370A    -3.694    0.0021
Ca B                1.61093m    -3.406    0.0040      Ti 5                252.959A    -3.145    0.0073      Fe 4                239.960A    -3.710    0.0020
Ca B                1.58805m    -3.503    0.0032      Ti 6                1.71509m    -3.391    0.0042      Fe 4                281.200A    -3.714    0.0020
Ca B                1.57007m    -3.594    0.0026      V  6                224.499A    -3.693    0.0021      Fe 4                262.550A    -3.734    0.0019
Ca B                1.55565m    -3.678    0.0021      Al 2                1670.79A    -3.883    0.0013      Fe 4                252.740A    -3.773    0.0017
Ca B                1.54389m    -3.757    0.0018      Al 5                2.90450m    -3.004    0.0101      Fe 4                246.880A    -3.794    0.0016
Ca B                1.53418m    -3.832    0.0015      Al 5                281.394A    -3.506    0.0032      Fe 4                243.070A    -3.833    0.0015
Ca B                1.52605m    -3.902    0.0013      Al 7                356.892A    -3.675    0.0022      Fe 4                240.450A    -3.836    0.0015
Ca B                1.51919m    -3.969    0.0011      Al 7                353.777A    -3.727    0.0019      Fe 5                236.210A    -3.409    0.0040
Ca B                7.45782m    -2.620    0.0245      Al 7                352.159A    -3.837    0.0015      Fe 5                236.300A    -3.466    0.0035
Ca B                4.65251m    -2.816    0.0156      Ar 7                585.748A    -3.553    0.0029      Fe 5                391.409A    -3.425    0.0038
Ca B                3.73954m    -2.996    0.0103      Ar 8                713.801A    -3.842    0.0015      Fe 5                227.780A    -3.497    0.0033
Ca B                3.29609m    -3.156    0.0071      Ar 8                700.240A    -3.757    0.0018      Fe 5                205.950A    -3.897    0.0013
Ca B                3.03837m    -3.298    0.0052      C  4                1550.77A    -1.306    0.5053      Fe 5                199.080A    -3.929    0.0012
Ca B                2.87221m    -3.425    0.0038      C  4                1548.19A    -1.016    0.9855      Fe 5                389.529A    -3.591    0.0026
Ca B                2.75752m    -3.541    0.0029      C  4                419.525A    -3.056    0.0090      Fe 5                369.760A    -3.543    0.0029
Ca B                2.67440m    -3.647    0.0023      C  4                419.714A    -2.756    0.0179      Fe 5                205.790A    -3.914    0.0012
Ca B                2.61194m    -3.744    0.0018      C  4                312.451A    -3.291    0.0052      Fe 5                236.880A    -3.587    0.0026
Ca B                2.56363m    -3.835    0.0015      C  4                312.420A    -3.286    0.0053      Fe 5                192.460A    -4.006    0.0010
Ca B                2.52540m    -3.920    0.0012      C  4                244.911A    -3.777    0.0017      Fe 5                226.680A    -3.689    0.0021
Ca B                2.49458m    -4.000    0.0010      C  4                948.208A    -3.914    0.0012      Fe 5                241.720A    -3.741    0.0019
Ca B                12.3685m    -3.039    0.0094      C  4                244.903A    -3.764    0.0018      Fe 5                232.230A    -3.769    0.0017
Ca B                7.50045m    -3.199    0.0065      C  4                948.090A    -3.816    0.0016      Fe 5                241.470A    -3.773    0.0017
Ca B                5.90660m    -3.355    0.0045      Ca 5                4.15739m    -2.232    0.0600      Fe 5                231.710A    -3.853    0.0014
Ca B                5.12726m    -3.496    0.0033      Ca 5                11.4792m    -3.366    0.0044      Fe 5                365.850A    -3.800    0.0016
Ca B                4.67124m    -3.624    0.0024      Ca 5                5309.11A    -2.404    0.0403      Fe 6                174.510A    -3.369    0.0044
Ca B                4.37526m    -3.740    0.0019      Ca 5                6086.37A    -3.115    0.0078      Fe 6                156.820A    -3.407    0.0040
Ca B                4.16966m    -3.846    0.0015      Ca 5                2412.87A    -3.839    0.0015      Fe 6                180.240A    -3.508    0.0032
Ca B                4.01977m    -3.944    0.0012      Ca 7                414.647A    -3.981    0.0011      Fe 6                185.150A    -3.513    0.0031
Ca B                19.0567m    -3.401    0.0041      Ca 8                2.32117m    -3.840    0.0015      Fe 6                159.280A    -3.681    0.0021
Ca B                11.3056m    -3.533    0.0030      Cl 3                5517.71A    -3.887    0.0013      Fe 6                159.700A    -3.729    0.0019
Ca B                8.75768m    -3.670    0.0022      Cl 4                20.3197m    -2.336    0.0472      Fe 6                295.530A    -3.295    0.0052
Ca B                7.50606m    -3.796    0.0016      Cl 4                11.7629m    -2.423    0.0386      Fe 6                153.700A    -3.804    0.0016
Ca B                6.77015m    -3.912    0.0013      Cl 4                7530.54A    -2.917    0.0124      Fe 6                148.120A    -3.900    0.0013
Ca B                27.7958m    -3.720    0.0020      Cl 4                8045.62A    -2.554    0.0286      Fe 6                148.030A    -3.888    0.0013
Ca B                16.2047m    -3.831    0.0015      Cl 4                3118.66A    -3.943    0.0012      Fe 6                155.390A    -3.868    0.0014
Ca B                12.3838m    -3.951    0.0011      Cr 7                202.825A    -3.329    0.0048      Fe 6                292.810A    -3.369    0.0044
Ca B                38.8593m    -4.005    0.0010      Cr 8                208.633A    -3.991    0.0010      Fe 6                154.470A    -3.852    0.0014
H  1                2430.61A     0.042   11.2644      Cr 8                205.010A    -3.810    0.0016      Fe 6                185.250A    -3.750    0.0018
H  1                1215.67A     0.352   23.0046      Fe 4                3094.96A    -1.586    0.2651      Fe 6                141.900A    -3.989    0.0010
H  1                1025.72A    -2.841    0.0147      Fe 4                3094.53A    -3.872    0.0014      Fe 6                148.100A    -3.931    0.0012
H  1                972.537A    -2.939    0.0118      Fe 4                2835.74A    -1.575    0.2721      Fe 6                141.870A    -3.999    0.0010
H  1                949.743A    -2.997    0.0103      Fe 4                2829.36A    -1.872    0.1374      Fe 6                160.770A    -3.863    0.0014
H  1                937.803A    -3.037    0.0094      Fe 4                2823.50A    -2.440    0.0372      Fe 6                158.730A    -3.940    0.0012
H  1                930.748A    -3.074    0.0086      Fe 4                2577.92A    -3.450    0.0036      Fe 6                176.570A    -3.843    0.0015
H  1                926.226A    -3.112    0.0079      Fe 4                2.83562m    -2.973    0.0109      Fe 6                197.950A    -3.761    0.0018
H  1                923.150A    -3.144    0.0073      Fe 4                2.80554m    -3.535    0.0030      Fe 6                185.060A    -3.815    0.0016
H  1                920.963A    -3.168    0.0069      Fe 4                2.86447m    -3.331    0.0048      Fe 6                279.220A    -3.564    0.0028
H  1                919.351A    -3.357    0.0045      Fe 4                2567.61A    -2.535    0.0298      Fe 6                296.190A    -3.609    0.0025
H  1                918.129A    -3.370    0.0044      Fe 4                2.71569m    -3.651    0.0023      Fe 6                189.090A    -3.866    0.0014
H  1                917.181A    -3.380    0.0043      Fe 4                2567.40A    -3.295    0.0052      Fe 6                178.800A    -3.923    0.0012
H  1                916.429A    -3.388    0.0042      Fe 4                2.77325m    -3.867    0.0014      Fe 6                220.730A    -3.739    0.0019
H  1                915.824A    -3.395    0.0041      Fe 4                6739.82A    -3.078    0.0085      Fe 6                187.770A    -3.965    0.0011
H  1                915.329A    -3.400    0.0041      Fe 4                6761.38A    -3.579    0.0027      Fe 6                215.420A    -3.872    0.0014
H  1                914.919A    -3.404    0.0040      Fe 4                6734.42A    -3.195    0.0065      Fe 6                201.520A    -3.984    0.0011
H  1                914.576A    -3.406    0.0040      Fe 4                6997.10A    -3.922    0.0012      Fe 6                217.750A    -3.908    0.0013
H  1                914.286A    -3.406    0.0040      Fe 4                5233.76A    -3.687    0.0021      Fe 7                152.390A    -3.200    0.0065
H  1                914.039A    -3.403    0.0040      Fe 4                4906.56A    -3.319    0.0049      Fe 7                163.470A    -3.277    0.0054
H  1                913.826A    -3.396    0.0041      Fe 4                4917.97A    -3.827    0.0015      Fe 7                148.230A    -3.433    0.0038
H  1                6562.80A    -0.567    2.7690      Fe 4                7222.76A    -3.801    0.0016      Fe 7                148.660A    -3.473    0.0034
H  1                4861.32A    -1.010    1.0000      Fe 4                4899.97A    -3.697    0.0021      Fe 7                181.600A    -3.490    0.0033
H  1                4340.46A    -1.335    0.4733      Fe 4                4903.07A    -3.677    0.0022      Fe 7                125.370A    -3.771    0.0017
H  1                4101.73A    -1.590    0.2630      Fe 4                4868.16A    -3.843    0.0015      Fe 7                115.560A    -3.994    0.0010
H  1                3970.07A    -1.800    0.1620      Fe 4                4867.95A    -3.918    0.0012      Fe 7                125.770A    -3.913    0.0012
H  1                3889.05A    -1.979    0.1073      Fe 4                4206.59A    -3.965    0.0011      Fe 7                234.000A    -3.262    0.0056
H  1                3835.38A    -2.135    0.0749      Fe 4                4208.88A    -3.998    0.0010      Fe 7                124.350A    -3.961    0.0011
H  1                3797.90A    -2.274    0.0545      Fe 5                70.3538m    -2.529    0.0303      Fe 7                196.310A    -3.617    0.0025
H  1                3770.63A    -2.283    0.0534      Fe 5                36.3273m    -2.491    0.0330      Fe 7                168.980A    -3.683    0.0021
H  1                3750.15A    -2.387    0.0419      Fe 5                25.9131m    -2.591    0.0262      Fe 7                226.340A    -3.457    0.0036
H  1                3734.37A    -2.483    0.0336      Fe 5                20.8407m    -2.843    0.0147      Fe 7                218.140A    -3.699    0.0020
H  1                3721.94A    -2.572    0.0274      Fe 5                4180.59A    -3.225    0.0061      Fe 7                196.950A    -3.868    0.0014
H  1                3711.97A    -2.654    0.0227      Fe 5                4143.15A    -2.956    0.0113      Fe 7                218.090A    -3.837    0.0015
H  1                3703.85A    -2.729    0.0191      Fe 5                4227.19A    -2.247    0.0579      Fe 7                207.850A    -4.007    0.0010
H  1                3697.15A    -2.800    0.0162      Fe 5                4003.21A    -3.921    0.0012      P  4                388.319A    -3.763    0.0018
H  1                3691.55A    -2.864    0.0140      Fe 5                4071.24A    -2.989    0.0105      Cl 4                981.258A    -3.773    0.0017
H  1                3686.83A    -2.923    0.0122      Fe 5                3895.22A    -3.370    0.0044      K  5                727.442A    -3.643    0.0023
H  1                3682.81A    -2.976    0.0108      Fe 5                3851.34A    -3.595    0.0026      K  6                720.129A    -3.801    0.0016
H  1                3679.35A    -3.021    0.0097      Fe 5                3794.94A    -3.006    0.0101      Sc 4                289.851A    -3.788    0.0017
H  1                1.87510m    -1.529    0.3025      Fe 5                3755.70A    -3.288    0.0053      Ti 5                225.351A    -3.824    0.0015
H  1                1.28181m    -1.820    0.1548      Fe 5                3911.33A    -3.860    0.0014      Ti 6                250.473A    -3.472    0.0035
H  1                1.09381m    -2.068    0.0875      Fe 5                3839.27A    -2.992    0.0104      Ti 6                264.599A    -3.725    0.0019
H  1                1.00494m    -2.275    0.0543      Fe 5                3783.22A    -3.404    0.0040      V  5                252.002A    -4.009    0.0010
H  1                9545.97A    -2.453    0.0360      Fe 5                3891.28A    -3.223    0.0061      Cr 6                267.323A    -3.900    0.0013
H  1                9229.02A    -2.609    0.0252      Fe 5                3819.95A    -3.894    0.0013      Cr 6                226.666A    -3.417    0.0039
H  1                9014.91A    -2.747    0.0183      Fe 5                3445.62A    -3.718    0.0020      Cr 6                201.366A    -3.478    0.0034
H  1                8862.79A    -2.798    0.0163      Fe 5                3463.51A    -3.702    0.0020      Cr 6                202.514A    -3.795    0.0016
H  1                8750.48A    -2.902    0.0128      Fe 5                2828.24A    -3.718    0.0020      Mn 6                308.369A    -3.850    0.0014
H  1                8665.02A    -2.998    0.0103      Fe 5                2730.21A    -3.946    0.0012      Mn 7                203.401A    -3.770    0.0017
H  1                8598.40A    -3.086    0.0084      Fe 5                2717.82A    -3.957    0.0011      Mn 7                182.883A    -3.613    0.0025
H  1                8545.39A    -3.168    0.0070      Fe 5                2707.36A    -3.906    0.0013      Mn 7                184.256A    -3.806    0.0016
H  1                8502.49A    -3.243    0.0058      Fe 6                19.5527m    -1.666    0.2204      hyperfine structure.............................
H  1                8467.26A    -3.313    0.0050      Fe 6                14.7670m    -1.881    0.1346      inner shell.....................................
H  1                8437.96A    -3.378    0.0043      Fe 6                12.3074m    -2.144    0.0734      O  4                23.0797A    -3.495    0.0033
H  1                8413.32A    -3.437    0.0037      Fe 6                5335.18A    -2.145    0.0732      O  5                1215.53A    -3.201    0.0064
H  1                8392.40A    -3.490    0.0033      Fe 6                5484.84A    -2.399    0.0408      O  6                339.683A    -3.497    0.0033
H  1                8374.48A    -3.535    0.0030      Fe 6                5631.07A    -2.306    0.0505      Si 5                119.791A    -3.129    0.0076
H  1                4.05115m    -2.182    0.0673      Fe 6                5277.81A    -2.658    0.0225      Si 5                120.490A    -3.132    0.0075
H  1                2.62515m    -2.398    0.0409      Fe 6                5424.22A    -2.327    0.0482      S  6                488.127A    -3.864    0.0014
H  1                2.16553m    -2.600    0.0257      Fe 6                5676.95A    -2.260    0.0561      S  7                72.4207A    -2.968    0.0110
H  1                1.94456m    -2.776    0.0171      Fe 6                5426.64A    -2.591    0.0262      S  7                72.9319A    -2.971    0.0109
H  1                1.81741m    -2.931    0.0120      Fe 6                5097.81A    -3.968    0.0011      Fe 5                1.93574A    -3.850    0.0014
H  1                1.73621m    -3.069    0.0087      Fe 6                5234.28A    -3.123    0.0077      Fe 5                16.2050A    -3.910    0.0013
H  1                1.68065m    -3.167    0.0070      Fe 6                5370.29A    -3.188    0.0066      Fe 6                167.773A    -3.354    0.0045
H  1                1.64072m    -3.271    0.0055      Fe 6                5145.75A    -1.929    0.1204      Fe 6                172.200A    -3.982    0.0011
H  1                1.61093m    -3.366    0.0044      Fe 6                4972.47A    -1.945    0.1160      Fe 6                134.473A    -3.625    0.0024
H  1                1.58805m    -3.454    0.0036      Fe 6                5176.04A    -1.954    0.1138      Fe 6                167.773A    -3.850    0.0014
H  1                1.57007m    -3.536    0.0030      Fe 6                4967.14A    -2.325    0.0484      Fe 6                172.200A    -3.461    0.0035
H  1                1.55565m    -3.611    0.0025      Fe 6                1.33714m    -4.005    0.0010      Fe 6                134.473A    -3.340    0.0047
H  1                1.54389m    -3.681    0.0021      Fe 6                1.37459m    -3.651    0.0023      Fe 6                167.773A    -3.166    0.0070
H  1                1.53418m    -3.746    0.0018      Fe 6                3813.54A    -2.934    0.0119      Fe 6                172.200A    -3.178    0.0068
H  1                1.52605m    -3.804    0.0016      Fe 6                3889.40A    -2.731    0.0190      Fe 8                185.328A    -3.891    0.0013
H  1                1.51919m    -3.857    0.0014      Fe 6                1.28877m    -3.208    0.0063      Fe 8                190.745A    -4.009    0.0010
H  1                1.51332m    -3.902    0.0013      Fe 6                3662.50A    -2.671    0.0218      Fe 8                190.745A    -3.688    0.0021
H  1                7.45782m    -2.701    0.0204      Fe 6                3509.70A    -4.005    0.0010      Fe 7                172.440A    -2.596    0.0259
H  1                4.65251m    -2.868    0.0139      Fe 6                3573.86A    -3.551    0.0029      Fe 7                177.120A    -2.607    0.0253
H  1                3.73954m    -3.036    0.0094      Fe 6                3492.10A    -3.291    0.0052      Fe 9                194.333A    -3.799    0.0016
H  1                3.29609m    -3.188    0.0066      Fe 6                3555.60A    -2.982    0.0107      Fe 9                200.622A    -3.940    0.0012
H  1                3.03837m    -3.324    0.0048      Fe 6                1.23303m    -2.899    0.0129      Fe 9                200.622A    -3.633    0.0024
H  1                2.87221m    -3.456    0.0036      Fe 6                3740.93A    -3.777    0.0017      Fe 8                335.092A    -3.947    0.0012
H  1                2.75752m    -3.559    0.0028      Fe 6                3630.57A    -3.934    0.0012      Fe 8                185.328A    -3.991    0.0010
H  1                2.67440m    -3.654    0.0023      Fe 6                1.34929m    -2.704    0.0202      Fe 8                190.745A    -3.703    0.0020
H  1                2.61194m    -3.742    0.0019      Fe 6                1.26742m    -3.071    0.0087      Fe 8                185.328A    -2.631    0.0239
H  1                2.56363m    -3.823    0.0015      Fe 6                3905.01A    -3.646    0.0023      Fe 8                190.745A    -2.644    0.0232
H  1                2.52540m    -3.898    0.0013      Fe 6                2260.89A    -3.447    0.0037      Fe 9                194.333A    -3.587    0.0026
H  1                2.49458m    -3.968    0.0011      Fe 6                4014.56A    -3.677    0.0021      Fe 9                200.622A    -3.600    0.0026
H  1                12.3685m    -3.137    0.0075      Fe 6                2187.21A    -3.844    0.0015      Ni 7                136.546A    -3.907    0.0013
H  1                7.50045m    -3.268    0.0055      Fe 6                3846.94A    -3.445    0.0037      molecules.......................................
H  1                5.90660m    -3.410    0.0040      Fe 6                2145.08A    -3.338    0.0047      bands...........................................
H  1                5.12726m    -3.543    0.0029      Fe 8                5.44514m    -2.045    0.0921      miscellaneous...................................
H  1                4.67124m    -3.695    0.0021      Fe 8                227.327A    -3.805    0.0016      C 2R                1335.00A    -2.703    0.0203
H  1                4.37526m    -3.797    0.0016      Fe 8                217.691A    -3.978    0.0011      C 3R                977.000A    -1.801    0.1619
H  1                4.16966m    -3.891    0.0013      Fe 8                195.972A    -3.859    0.0014      C 3R                1909.00A    -1.956    0.1132
H  1                4.01977m    -3.978    0.0011      Fe 8                194.661A    -3.949    0.0011      C 3R                1175.00A    -2.136    0.0747
H  1                19.0567m    -3.512    0.0031      Fe 8                186.598A    -3.826    0.0015      C 4R                1549.00A    -2.432    0.0378
H  1                11.3056m    -3.618    0.0025      Fe 8                187.240A    -3.468    0.0035      N 2R                1085.00A    -3.890    0.0013
H  1                8.75768m    -3.740    0.0019      Fe 8                168.929A    -3.380    0.0043      N 3R                990.000A    -1.942    0.1169
H  1                7.50606m    -3.899    0.0013      Fe 8                168.544A    -3.643    0.0023      N 4R                765.000A    -3.598    0.0026
H  1                6.77015m    -3.999    0.0010      Fe 8                168.172A    -3.576    0.0027      O 2R                7332.00A    -3.918    0.0012
H  1                27.7958m    -3.842    0.0015      Fe 8                167.486A    -3.911    0.0013      O 2R                7323.00A    -3.835    0.0015
H  1                16.2047m    -3.928    0.0012      Fe 8                168.003A    -3.222    0.0061      O 2R                3726.00A    -3.110    0.0079
Ca A                303.784A     0.065   11.8860      Fe 8                131.257A    -3.919    0.0012      O 2R                3729.00A    -2.970    0.0110
Ca A                256.317A    -0.645    2.3177      K  5                4163.32A    -3.793    0.0016      O 2R                2471.00A    -3.668    0.0022
Ca A                243.027A    -1.072    0.8659      K  5                4122.62A    -3.692    0.0021      O 2R                4651.00A    -3.348    0.0046
Ca A                237.331A    -1.380    0.4262      K  6                8.82061m    -3.802    0.0016      O 2R                4341.00A    -3.625    0.0024
Ca A                234.347A    -1.622    0.2441      K  6                5.57324m    -3.925    0.0012      O 3R                835.000A    -2.196    0.0651
Ca A                232.584A    -1.823    0.1539      Mg 2                2802.71A    -3.054    0.0090      O 4R                789.000A    -1.578    0.2700
Ca A                231.454A    -1.994    0.1037      Mg 2                2795.53A    -2.794    0.0164      O 5R                630.000A    -2.914    0.0125
Ca A                230.686A    -2.144    0.0734      Mg 4                4.48711m    -2.208    0.0634      Blnd                1400.00A    -1.962    0.1116
Ca A                230.139A    -2.278    0.0540      Mg 4                323.307A    -3.079    0.0085      Blnd                1650.00A    -0.791    1.6554
Ca A                229.736A    -2.398    0.0409      Mg 4                181.344A    -3.877    0.0014      Blnd                2798.00A    -2.604    0.0255
Ca A                229.431A    -2.508    0.0318      Mg 4                180.795A    -3.898    0.0013      Blnd                1198.00A    -3.528    0.0030
Ca A                229.194A    -2.609    0.0252      Mg 4                171.655A    -3.777    0.0017      Blnd                1406.00A    -3.131    0.0076
Ca A                229.006A    -2.702    0.0203      Mg 5                5.60700m    -1.568    0.2763      Blnd                1199.00A    -3.452    0.0036
Ca A                228.855A    -2.790    0.0166      Mg 5                13.5464m    -2.652    0.0228      Blnd                1860.00A    -3.331    0.0048
Ca A                228.731A    -2.871    0.0138      Mg 5                2782.76A    -2.059    0.0893      Blnd                4725.00A    -1.823    0.1539
Ca A                228.629A    -2.948    0.0115      Mg 5                2928.09A    -2.624    0.0243      Blnd                2860.00A    -2.844    0.0147
Ca A                228.543A    -3.020    0.0098      Mg 5                353.092A    -3.935    0.0012      Blnd                7250.00A    -3.412    0.0040
Ca A                228.471A    -3.088    0.0083      Mg 5                355.329A    -3.143    0.0074      Blnd                1888.00A    -3.150    0.0072
Ca A                228.409A    -3.153    0.0072      Mg 5                353.297A    -3.653    0.0023      Blnd                1397.00A    -2.355    0.0451
Ca A                228.356A    -3.215    0.0062      Mg 5                354.221A    -3.474    0.0034      Blnd                2424.00A    -1.766    0.1754
Ca A                228.309A    -3.274    0.0054      Mg 5                146.465A    -3.883    0.0013      Blnd                4720.00A    -3.888    0.0013
Ca A                228.269A    -3.330    0.0048      Mg 5                137.411A    -3.844    0.0015      Blnd                774.000A    -3.633    0.0024
Ca A                228.234A    -3.384    0.0042      Mg 5                137.745A    -3.979    0.0011      Blnd                5525.00A    -3.652    0.0023
Ca A                1640.41A    -0.939    1.1764      Mg 6                1806.00A    -3.002    0.0102      Blnd                1335.00A    -3.231    0.0060
Ca A                1215.13A    -1.448    0.3642      Mg 6                1806.42A    -2.901    0.0128      Blnd                1909.00A    -1.831    0.1508
Ca A                1084.94A    -1.795    0.1642      Mg 6                403.307A    -3.340    0.0047      Blnd                1176.00A    -3.932    0.0012
Ca A                1025.27A    -2.057    0.0897      Mg 6                400.662A    -3.360    0.0045      Blnd                1549.00A    -0.836    1.4908
Ca A                992.358A    -2.270    0.0550      Mg 6                399.281A    -3.389    0.0042      Blnd                1085.00A    -3.744    0.0018
Ca A                972.106A    -2.449    0.0364      Mg 8                3.02764m    -3.745    0.0018      Blnd                1750.00A    -3.153    0.0072
Ca A                958.693A    -2.605    0.0254      Mn 8                185.455A    -3.967    0.0011      Blnd                990.000A    -2.968    0.0110
Ca A                949.323A    -2.742    0.0185      N  3                57.3238m    -2.046    0.0919      Blnd                1486.00A    -1.908    0.1265
Ca A                942.507A    -2.866    0.0139      N  3                1752.16A    -3.603    0.0026      Blnd                1240.00A    -1.993    0.1040
Ca A                937.389A    -2.978    0.0108      N  3                1749.67A    -3.634    0.0024      Blnd                833.000A    -3.144    0.0073
Ca A                933.444A    -3.080    0.0085      N  3                989.799A    -3.738    0.0019      Blnd                3727.00A    -3.152    0.0072
Ca A                930.337A    -3.175    0.0068      N  3                991.511A    -3.246    0.0058      Blnd                1666.00A    -2.044    0.0924
Ca A                927.846A    -3.263    0.0056      N  3                991.577A    -3.487    0.0033      Blnd                5007.00A     0.161   14.8187
Ca A                925.816A    -3.345    0.0046      N  3                764.351A    -3.218    0.0062      Blnd                835.000A    -2.532    0.0300
Ca A                924.142A    -3.423    0.0039      N  3                685.515A    -3.775    0.0017      Blnd                1402.00A    -2.187    0.0665
Ca A                922.743A    -3.495    0.0033      N  3                686.336A    -3.126    0.0077      Blnd                789.000A    -2.729    0.0191
Ca A                921.562A    -3.564    0.0028      N  3                685.817A    -3.102    0.0081      Blnd                1218.00A    -1.837    0.1488
Ca A                920.556A    -3.630    0.0024      N  3                452.227A    -3.196    0.0065      Blnd                1035.00A    -2.019    0.0978
Ca A                919.693A    -3.692    0.0021      Na 3                7.31570m    -2.953    0.0114
Ca A                918.945A    -3.751    0.0018      Na 3                380.100A    -3.328    0.0048

                                                    Emergent line intensities
general properties..............................      He 1                537.030A    -3.885    0.0013      Fe 4                2829.36A    -1.872    0.1374
continua........................................      He 1                522.213A    -4.003    0.0010      Fe 4                2823.50A    -2.440    0.0372
FIR                 83.0000m    -0.284    5.3160      He 1                625.563A    -1.897    0.1298      Fe 4                2577.92A    -3.452    0.0036
TIR                 1800.00m    -3.009    0.0100      He 1                504.672A    -3.722    0.0019      Fe 4                2.83562m    -2.973    0.0109
NIRa                2.85000m     0.921   85.2972      He 1                1.08291m    -2.722    0.0194      Fe 4                2.80554m    -3.535    0.0030
NIRb                3.00000m     0.598   40.5119      He 1                1.08302m    -2.265    0.0556      Fe 4                2.86447m    -3.331    0.0048
MIRa                15.0000m     0.486   31.2995      He 1                1.08303m    -2.027    0.0962      Fe 4                2567.61A    -2.537    0.0297
MIRb                22.5000m     0.536   35.1437      Blnd                1.08302m    -1.776    0.1712      Fe 4                2.71569m    -3.651    0.0023
NMIR                21.7500m     0.921   85.2972      He 1                3888.64A    -2.284    0.0532      Fe 4                2567.40A    -3.296    0.0052
TFIR                611.250m    -2.452    0.0361      He 1                3187.74A    -2.619    0.0246      Fe 4                2.77325m    -3.867    0.0014
TALL                10000.0A     1.454  291.1974      He 1                2945.10A    -2.893    0.0131      Fe 4                6739.82A    -3.078    0.0085
F12                 12.0000m     0.133   13.8972      He 1                2829.08A    -3.122    0.0077      Fe 4                6761.38A    -3.579    0.0027
F25                 25.0000m    -0.249    5.7600      He 1                2760.44A    -3.761    0.0018      Fe 4                6734.42A    -3.195    0.0065
F60                 60.0000m    -0.521    3.0795      He 1                2721.00A    -3.886    0.0013      Fe 4                6997.10A    -3.922    0.0012
F100                100.000m    -0.667    2.2035      He 1                2694.61A    -4.003    0.0010      Fe 4                5233.76A    -3.687    0.0021
MIPS                24.0000m    -0.295    5.1796      He 1                2.05813m    -3.061    0.0089      Fe 4                4906.56A    -3.319    0.0049
MIPS                70.0000m    -2.288    0.0526      He 1                5015.68A    -2.760    0.0178      Fe 4                4917.97A    -3.827    0.0015
MIPS                160.000m    -3.190    0.0066      He 1                3964.73A    -3.151    0.0072      Fe 4                7222.76A    -3.801    0.0016
IRAC                3.60000m    -0.285    5.3090      He 1                3613.64A    -3.464    0.0035      Fe 4                4899.97A    -3.697    0.0021
IRAC                4.50000m    -0.256    5.6668      He 1                3447.59A    -3.726    0.0019      Fe 4                4903.07A    -3.677    0.0022
IRAC                5.80000m    -0.221    6.1483      He 1                7065.71A    -3.457    0.0036      Fe 4                4868.16A    -3.843    0.0015
IRAC                8.00000m    -0.048    9.1530      He 1                7065.21A    -2.980    0.0107      Fe 4                4867.95A    -3.918    0.0012
SPR1                250.000m    -3.231    0.0060      He 1                7065.18A    -2.758    0.0179      Fe 4                4206.59A    -3.965    0.0011
SPR2                350.000m    -3.349    0.0046      Blnd                7065.25A    -2.503    0.0321      Fe 4                4208.88A    -3.998    0.0010
SPR3                500.000m    -3.406    0.0040      He 1                5875.98A    -3.061    0.0089      Fe 5                70.3538m    -2.529    0.0303
PAC1                70.0000m    -2.262    0.0559      He 1                5875.64A    -2.584    0.0267      Fe 5                36.3273m    -2.491    0.0330
PAC2                100.000m    -0.667    2.2034      He 1                5875.61A    -2.362    0.0445      Fe 5                25.9131m    -2.591    0.0262
PAC3                160.000m    -2.912    0.0125      Blnd                5875.66A    -2.106    0.0800      Fe 5                20.8407m    -2.843    0.0147
PAH                 3.30000m    -1.153    0.7193      He 1                4713.16A    -3.904    0.0013      Fe 5                4180.59A    -3.225    0.0061
PAHC                3.23000m    -1.328    0.4811      He 1                4713.14A    -3.682    0.0021      Fe 5                4143.15A    -2.956    0.0113
PAHC                3.37000m    -1.457    0.3568      Blnd                4713.17A    -3.427    0.0038      Fe 5                4227.19A    -2.247    0.0579
PAH                 6.20000m    -0.730    1.9044      He 1                4471.69A    -3.473    0.0034      Fe 5                4003.21A    -3.921    0.0012
PAHC                5.65000m    -0.621    2.4489      He 1                4471.49A    -2.996    0.0103      Fe 5                4071.24A    -2.989    0.0105
PAH                 7.90000m    -0.439    3.7239      He 1                4471.47A    -2.774    0.0172      Fe 5                3895.22A    -3.370    0.0044
PAHC                6.90000m    -0.481    3.3809      Blnd                4471.50A    -2.519    0.0310      Fe 5                3851.34A    -3.595    0.0026
PAH                 11.3000m    -1.277    0.5408      Blnd                4120.84A    -3.903    0.0013      Fe 5                3794.94A    -3.006    0.0101
PAHC                10.9000m    -1.212    0.6276      He 1                4026.36A    -3.791    0.0017      Fe 5                3755.70A    -3.288    0.0053
PAH                 11.8000m    -1.100    0.8123      He 1                4026.20A    -3.314    0.0050      Fe 5                3911.33A    -3.860    0.0014
PAHC                12.6500m    -1.227    0.6058      He 1                4026.19A    -3.092    0.0083      Fe 5                3839.27A    -2.992    0.0104
PAH                 13.3000m    -1.180    0.6759      Blnd                4026.21A    -2.837    0.0149      Fe 5                3783.22A    -3.404    0.0040
PAHC                14.1000m    -0.870    1.3811      He 1                3819.61A    -3.572    0.0027      Fe 5                3891.28A    -3.223    0.0061
Bcon                3640.00A     0.983   98.3909      He 1                3819.60A    -3.350    0.0046      Fe 5                3819.95A    -3.894    0.0013
Pcon                5000.00A     0.649   45.5885      Blnd                3819.62A    -3.094    0.0082      Fe 5                3445.62A    -3.718    0.0020
O3bn                5007.00A     0.063   11.8108      He 1                3704.90A    -3.988    0.0011      Fe 5                3463.51A    -3.702    0.0020
SX                  25.0000A    -1.296    0.5175      He 1                3704.76A    -3.511    0.0032      Fe 5                2828.24A    -3.718    0.0020
HX                  4.70000A    -0.261    5.6072      He 1                3704.75A    -3.289    0.0053      Fe 5                2730.21A    -3.946    0.0012
ROSA                12.3980A    -0.868    1.3865      Blnd                3704.77A    -3.034    0.0095      Fe 5                2717.82A    -3.957    0.0011
RRC.............................................      He 1                3634.08A    -3.676    0.0022      Fe 5                2707.36A    -3.906    0.0013
grains..........................................      He 1                3634.07A    -3.454    0.0036      Fe 6                19.5527m    -1.666    0.2204
H-like iso-sequence.............................      Blnd                3634.09A    -3.199    0.0065      Fe 6                14.7670m    -1.881    0.1346
H  1                1215.67A     0.351   22.9696      He 1                3587.16A    -3.820    0.0015      Fe 6                12.3074m    -2.144    0.0734
H  1                1025.72A    -2.842    0.0147      He 1                3587.15A    -3.598    0.0026      Fe 6                5335.18A    -2.145    0.0732
H  1                972.537A    -2.940    0.0117      Blnd                3587.17A    -3.343    0.0046      Fe 6                5484.84A    -2.399    0.0408
H  1                949.743A    -2.997    0.0103      He 1                3554.34A    -3.950    0.0011      Fe 6                5631.07A    -2.306    0.0505
H  1                937.803A    -3.037    0.0094      He 1                3554.33A    -3.728    0.0019      Fe 6                5277.81A    -2.658    0.0225
H  1                930.748A    -3.074    0.0086      Blnd                3554.35A    -3.473    0.0034      Fe 6                5424.22A    -2.327    0.0482
H  1                926.226A    -3.113    0.0079      He 1                3530.43A    -3.846    0.0015      Fe 6                5676.95A    -2.260    0.0561
H  1                923.150A    -3.144    0.0073      Blnd                3530.44A    -3.591    0.0026      Fe 6                5426.64A    -2.591    0.0262
H  1                920.963A    -3.169    0.0069      He 1                3512.46A    -3.953    0.0011      Fe 6                5097.81A    -3.968    0.0011
H  1                919.351A    -3.357    0.0045      Blnd                3512.48A    -3.698    0.0021      Fe 6                5234.28A    -3.123    0.0077
H  1                918.129A    -3.370    0.0044      Blnd                3498.62A    -3.796    0.0016      Fe 6                5370.29A    -3.188    0.0066
H  1                917.181A    -3.381    0.0043      Blnd                3487.70A    -3.887    0.0013      Fe 6                5145.75A    -1.929    0.1204
H  1                916.429A    -3.389    0.0042      Blnd                3478.95A    -3.972    0.0011      Fe 6                4972.47A    -1.945    0.1160
H  1                915.824A    -3.395    0.0041      He 1                3439.98A    -3.886    0.0013      Fe 6                5176.04A    -1.954    0.1138
H  1                915.329A    -3.400    0.0041      Blnd                3440.00A    -3.631    0.0024      Fe 6                4967.14A    -2.325    0.0484
H  1                914.919A    -3.404    0.0040      He 1                7281.35A    -3.367    0.0044      Fe 6                1.33714m    -4.005    0.0010
H  1                914.576A    -3.406    0.0040      He 1                6678.15A    -2.668    0.0220      Fe 6                1.37459m    -3.651    0.0023
H  1                914.286A    -3.407    0.0040      He 1                5047.74A    -3.930    0.0012      Fe 6                3813.54A    -2.934    0.0119
H  1                914.039A    -3.404    0.0040      He 1                4921.93A    -3.094    0.0082      Fe 6                3889.40A    -2.731    0.0190
H  1                913.826A    -3.397    0.0041      He 1                4387.93A    -3.413    0.0040      Fe 6                1.28877m    -3.208    0.0063
H  1                6562.80A    -0.567    2.7690      He 1                4143.76A    -3.668    0.0022      Fe 6                3662.50A    -2.671    0.0218
H  1                4861.32A    -1.010    1.0000      He 1                4009.05A    -3.671    0.0022      Fe 6                3509.70A    -4.005    0.0010
H  1                4340.46A    -1.335    0.4733      He 1                3926.41A    -3.838    0.0015      Fe 6                3573.86A    -3.551    0.0029
H  1                4101.73A    -1.590    0.2630      He 1                3871.69A    -3.983    0.0011      Fe 6                3492.10A    -3.291    0.0052
H  1                3970.07A    -1.800    0.1620      He 1                4.29471m    -3.508    0.0032      Fe 6                3555.60A    -2.982    0.0107
H  1                3889.05A    -1.979    0.1073      He 1                1.25275m    -3.718    0.0020      Fe 6                1.23303m    -2.899    0.0129
H  1                3835.38A    -2.135    0.0749      He 1                9463.58A    -3.918    0.0012      Fe 6                3740.93A    -3.777    0.0017
H  1                3797.90A    -2.274    0.0545      He 1                1.70025m    -3.669    0.0022      Fe 6                3630.57A    -3.934    0.0012
H  1                3770.63A    -2.283    0.0534      He 1                1.19691m    -3.833    0.0015      Fe 6                1.34929m    -2.704    0.0202
H  1                3750.15A    -2.387    0.0419      He 1                9515.00A    -3.921    0.0012      Fe 6                1.26742m    -3.071    0.0087
H  1                3734.37A    -2.483    0.0336      He 1                1.95431m    -3.952    0.0011      Fe 6                3905.01A    -3.646    0.0023
H  1                3721.94A    -2.572    0.0274      He 1                1.86854m    -3.059    0.0089      Fe 6                2260.89A    -3.448    0.0036
H  1                3711.97A    -2.654    0.0227      He 1                1.27849m    -3.389    0.0042      Fe 6                4014.56A    -3.677    0.0021
H  1                3703.85A    -2.729    0.0191      He 1                1.09130m    -3.655    0.0023      Fe 6                2187.21A    -3.845    0.0015
H  1                3697.15A    -2.800    0.0162      He 1                1.00275m    -3.850    0.0014      Fe 6                3846.94A    -3.445    0.0037
H  1                3691.55A    -2.864    0.0140      He 1                1.86972m    -3.537    0.0030      Fe 6                2145.08A    -3.339    0.0047
H  1                3686.83A    -2.923    0.0122      He 1                1.27905m    -3.866    0.0014      Fe 8                5.44514m    -2.045    0.0921
H  1                3682.81A    -2.976    0.0108      He 1                4.04791m    -3.778    0.0017      K  5                4163.32A    -3.793    0.0016
H  1                3679.35A    -3.021    0.0097      extra Lyman.....................................      K  5                4122.62A    -3.692    0.0021
H  1                1.87510m    -1.529    0.3025      database lines..................................      K  6                8.82061m    -3.802    0.0016
H  1                1.28181m    -1.820    0.1548      Al 3                1862.79A    -3.690    0.0021      K  6                5.57324m    -3.925    0.0012
H  1                1.09381m    -2.068    0.0875      Al 3                1854.72A    -3.583    0.0027      Mg 2                2802.71A    -3.054    0.0090
H  1                1.00494m    -2.275    0.0543      Al 6                2428.39A    -3.502    0.0032      Mg 2                2795.53A    -2.794    0.0164
H  1                9545.97A    -2.453    0.0360      Al 6                3.65932m    -1.999    0.1025      Mg 4                4.48711m    -2.208    0.0634
H  1                9229.02A    -2.609    0.0252      Al 6                9.11329m    -3.052    0.0091      Mg 4                323.307A    -3.762    0.0018
H  1                9014.91A    -2.747    0.0183      Ar 3                7135.79A    -2.835    0.0150      Mg 5                5.60700m    -1.568    0.2764
H  1                8862.79A    -2.798    0.0163      Ar 3                7751.11A    -3.460    0.0035      Mg 5                13.5464m    -2.652    0.0228
H  1                8750.48A    -2.902    0.0128      Ar 3                8.98898m    -2.905    0.0127      Mg 5                2782.76A    -2.059    0.0893
H  1                8665.02A    -2.998    0.0103      Ar 4                2853.66A    -3.006    0.0101      Mg 5                2928.09A    -2.624    0.0243
H  1                8598.40A    -3.086    0.0084      Ar 4                2868.22A    -3.351    0.0046      Mg 5                355.329A    -3.945    0.0012
H  1                8545.39A    -3.168    0.0070      Ar 4                4711.26A    -2.056    0.0900      Mg 6                1806.00A    -3.003    0.0102
H  1                8502.49A    -3.243    0.0058      Ar 4                4740.12A    -2.204    0.0639      Mg 6                1806.42A    -2.902    0.0128
H  1                8467.26A    -3.313    0.0050      Ar 4                7170.70A    -3.855    0.0014      Mg 8                3.02764m    -3.745    0.0018
H  1                8437.96A    -3.378    0.0043      Ar 4                7237.77A    -3.991    0.0010      N  3                57.3238m    -2.046    0.0919
H  1                8413.32A    -3.437    0.0037      Ar 4                7263.33A    -3.910    0.0013      N  3                1752.16A    -3.604    0.0025
H  1                8392.40A    -3.490    0.0033      Ar 5                2691.05A    -3.849    0.0014      N  3                1749.67A    -3.635    0.0024
H  1                8374.48A    -3.535    0.0030      Ar 5                6435.12A    -2.855    0.0143      N  3                989.799A    -3.739    0.0019
H  1                4.05115m    -2.182    0.0673      Ar 5                7005.83A    -2.524    0.0306      N  3                991.511A    -3.246    0.0058
H  1                2.62515m    -2.398    0.0409      Ar 5                7.89971m    -2.099    0.0815      N  3                991.577A    -3.487    0.0033
H  1                2.16553m    -2.600    0.0257      Ar 5                13.0985m    -1.883    0.1340      Na 3                7.31570m    -2.953    0.0114
H  1                1.94456m    -2.776    0.0171      Ar 6                4.52800m    -1.860    0.1412      Na 4                9.03096m    -3.360    0.0045
H  1                1.81741m    -2.931    0.0120      C  2                1036.34A    -3.787    0.0017      Na 4                3241.50A    -3.679    0.0021
H  1                1.73621m    -3.069    0.0087      C  2                1037.02A    -3.560    0.0028      Na 5                2067.25A    -3.681    0.0021
H  1                1.68065m    -3.167    0.0070      C  2                1334.53A    -3.690    0.0021      Na 5                2069.09A    -3.586    0.0027
H  1                1.64072m    -3.271    0.0055      C  2                1335.66A    -3.810    0.0016      Ne 4                2421.66A    -2.161    0.0706
H  1                1.61093m    -3.366    0.0044      C  2                1335.71A    -3.644    0.0023      Ne 4                2424.28A    -1.992    0.1041
H  1                1.58805m    -3.454    0.0036      C  3                1908.73A    -2.233    0.0598      Ne 4                1601.61A    -3.816    0.0016
H  1                1.57007m    -3.536    0.0030      C  3                1906.68A    -2.053    0.0906      Ne 4                1601.45A    -3.436    0.0037
H  1                1.55565m    -3.611    0.0025      C  3                977.020A    -2.342    0.0466      Ne 6                7.65019m    -1.291    0.5239
H  1                1.54389m    -3.681    0.0021      C  3                2296.87A    -3.751    0.0018      O  4                25.8863m    -0.478    3.4029
H  1                1.53418m    -3.746    0.0018      Ca 4                3.20610m    -1.945    0.1161      O  4                1399.78A    -3.060    0.0089
H  1                1.52605m    -3.804    0.0016      Fe 3                22.9190m    -3.961    0.0011      O  4                1407.38A    -3.033    0.0095
H  1                1.51919m    -3.857    0.0014      Fe 7                9.50763m    -1.276    0.5414      O  4                1397.23A    -3.497    0.0033
H  1                1.51332m    -3.902    0.0013      Fe 7                5720.71A    -1.853    0.1434      O  4                1404.81A    -2.628    0.0241
H  1                7.45782m    -2.701    0.0204      Fe 7                4988.55A    -2.052    0.0908      O  4                1401.16A    -2.695    0.0206
H  1                4.65251m    -2.868    0.0139      Fe 7                4893.37A    -2.318    0.0492      O  6                1037.61A    -2.462    0.0353
H  1                3.73954m    -3.036    0.0094      Fe 7                4698.24A    -3.282    0.0053      O  6                1031.91A    -2.214    0.0624
H  1                3.29609m    -3.188    0.0066      Fe 7                7.81037m    -1.807    0.1595      P  5                1128.01A    -3.587    0.0026
H  1                3.03837m    -3.324    0.0048      Fe 7                6086.97A    -1.679    0.2144      P  5                1117.98A    -3.489    0.0033
H  1                2.87221m    -3.456    0.0036      Fe 7                5158.89A    -2.185    0.0669      S  4                10.5076m    -0.514    3.1283
H  1                2.75752m    -3.559    0.0028      Fe 7                4942.48A    -2.680    0.0214      S  4                1423.84A    -3.963    0.0011
H  1                2.67440m    -3.654    0.0023      Fe 7                3586.32A    -2.150    0.0723      S  4                1416.89A    -3.601    0.0026
H  1                2.61194m    -3.742    0.0019      Fe 7                5276.38A    -2.845    0.0146      S  4                1406.02A    -3.564    0.0028
H  1                2.56363m    -3.823    0.0015      Fe 7                3758.92A    -1.997    0.1030      S  4                1062.66A    -3.985    0.0011
H  1                2.52540m    -3.898    0.0013      Fe 7                3.38363m    -3.062    0.0089      S  4                1073.52A    -3.590    0.0026
H  1                2.49458m    -3.968    0.0011      Fe 7                2.62872m    -3.000    0.0102      S  4                1072.97A    -3.827    0.0015
H  1                12.3685m    -3.137    0.0075      K  3                4.61683m    -3.956    0.0011      S  6                944.523A    -3.201    0.0064
H  1                7.50045m    -3.268    0.0055      K  4                5.98030m    -2.914    0.0125      S  6                933.378A    -3.062    0.0089
H  1                5.90660m    -3.410    0.0040      Mg 1                2852.13A    -4.006    0.0010      S  8                9913.98A    -3.470    0.0035
H  1                5.12726m    -3.543    0.0029      Mg 7                9.03096m    -2.643    0.0233      Si 6                1.96247m    -1.949    0.1149
H  1                4.67124m    -3.695    0.0021      Mg 7                5.50208m    -2.726    0.0192      level 1 lines...................................
H  1                4.37526m    -3.797    0.0016      Mg 7                2629.13A    -3.728    0.0019      recombination...................................
H  1                4.16966m    -3.891    0.0013      N  4                1486.50A    -2.292    0.0522      level2 lines....................................
H  1                4.01977m    -3.978    0.0011      N  4                1483.32A    -2.140    0.0741      C  3                271.090A    -3.907    0.0013
H  1                19.0567m    -3.512    0.0031      N  4                1718.55A    -3.623    0.0024      C  3                268.600A    -3.917    0.0012
H  1                11.3056m    -3.618    0.0025      N  5                1238.82A    -2.182    0.0673      C  3                266.880A    -3.930    0.0012
H  1                8.75768m    -3.740    0.0019      N  5                1242.80A    -2.447    0.0365      C  3                288.500A    -4.008    0.0010
H  1                7.50606m    -3.899    0.0013      Na 6                14.3924m    -3.185    0.0067      N  3                293.510A    -3.973    0.0011
H  1                6.77015m    -3.999    0.0010      Na 6                8.60825m    -3.408    0.0040      N  3                283.090A    -3.974    0.0011
H  1                27.7958m    -3.842    0.0015      Ne 3                15.5509m    -1.139    0.7425      N  3                264.550A    -3.932    0.0012
H  1                16.2047m    -3.928    0.0012      Ne 3                3868.76A    -1.307    0.5045      N  3                277.180A    -3.982    0.0011
He 2                303.784A    -0.592    2.6142      Ne 3                36.0036m    -2.179    0.0678      N  3                273.490A    -4.004    0.0010
He 2                256.317A    -3.957    0.0011      Ne 3                3967.47A    -1.825    0.1531      N  3                267.450A    -3.999    0.0010
He 2                1640.41A    -0.817    1.5595      Ne 3                1814.56A    -3.720    0.0019      O  3                305.400A    -2.844    0.0146
He 2                1215.13A    -1.283    0.5326      Ne 3                491.045A    -3.926    0.0012      O  3                268.070A    -3.247    0.0058
He 2                1084.94A    -1.618    0.2464      Ne 3                313.688A    -3.658    0.0023      O  3                263.850A    -3.277    0.0054
He 2                1025.27A    -1.877    0.1358      Ne 5                24.3108m    -0.855    1.4270      O  3                373.640A    -3.783    0.0017
He 2                992.358A    -2.087    0.0837      Ne 5                14.3178m    -1.021    0.9744      O  3                265.020A    -3.321    0.0049
He 2                972.106A    -2.264    0.0556      Ne 5                3345.82A    -1.832    0.1506      O  3                248.730A    -4.007    0.0010
He 2                958.693A    -2.417    0.0391      Ne 5                1574.70A    -3.465    0.0035      O  3                276.900A    -3.752    0.0018
He 2                949.323A    -2.551    0.0287      Ne 5                3425.88A    -1.400    0.4073      O  3                280.450A    -3.888    0.0013
He 2                942.507A    -2.449    0.0364      Ne 5                1145.61A    -3.687    0.0021      O  3                263.230A    -3.833    0.0015
He 2                937.389A    -2.545    0.0292      Ne 5                359.374A    -3.558    0.0028      O  4                239.130A    -3.271    0.0055
He 2                933.444A    -2.633    0.0238      Ne 5                2973.13A    -3.948    0.0012      O  4                280.550A    -3.599    0.0026
He 2                930.337A    -2.715    0.0197      O  2                3728.81A    -3.388    0.0042      Ne 3                281.580A    -3.800    0.0016
He 2                927.846A    -2.790    0.0166      O  2                3726.03A    -3.529    0.0030      Ne 3                265.510A    -3.830    0.0015
He 2                925.816A    -2.859    0.0141      O  3                88.3323m    -0.670    2.1876      Si 2                1179.59A    -3.854    0.0014
He 2                924.142A    -2.924    0.0122      O  3                4931.23A    -3.838    0.0015      S  5                285.830A    -3.994    0.0010
He 2                922.743A    -2.983    0.0106      O  3                51.8004m    -0.552    2.8683      Ca 3                351.260A    -3.802    0.0016
He 2                921.562A    -3.037    0.0094      O  3                4958.91A    -0.429    3.8088      Ca 4                303.870A    -3.419    0.0039
He 2                920.556A    -3.085    0.0084      O  3                2320.95A    -2.720    0.0195      Ca 4                310.370A    -3.681    0.0021
He 2                919.693A    -3.125    0.0077      O  3                1660.81A    -2.617    0.0247      Ca 4                307.850A    -3.602    0.0026
He 2                4685.68A    -1.717    0.1960      O  3                5006.84A     0.032   11.0084      Ca 4                323.400A    -3.724    0.0019
He 2                3203.08A    -2.034    0.0946      O  3                1666.15A    -2.181    0.0675      Ca 4                319.070A    -3.572    0.0027
He 2                2733.28A    -2.294    0.0519      O  3                508.178A    -3.752    0.0018      Ca 5                314.530A    -3.477    0.0034
He 2                2511.19A    -2.510    0.0316      O  3                4363.21A    -2.092    0.0828      Ca 5                325.410A    -3.635    0.0024
He 2                2385.39A    -2.691    0.0208      O  5                1218.34A    -2.228    0.0604      Ca 5                332.080A    -3.949    0.0012
He 2                2306.18A    -2.847    0.0145      O  5                1213.81A    -2.064    0.0882      Ca 6                330.390A    -3.724    0.0019
He 2                2252.67A    -2.984    0.0106      O  5                1371.30A    -3.891    0.0013      Fe 4                309.190A    -3.640    0.0023
He 2                2214.65A    -2.965    0.0111      O  5                286.448A    -3.759    0.0018      Fe 4                275.130A    -3.721    0.0019
He 2                2186.59A    -3.061    0.0089      P  4                950.657A    -3.559    0.0028      Fe 4                259.600A    -3.978    0.0011
He 2                2165.23A    -3.149    0.0073      P  4                1035.52A    -3.849    0.0014      Fe 6                295.530A    -3.867    0.0014
He 2                2148.58A    -3.230    0.0060      S  3                33.4704m    -2.380    0.0427      Fe 6                292.810A    -3.930    0.0012
He 2                2135.34A    -3.305    0.0051      S  3                18.7078m    -2.572    0.0274      Cl 4                981.258A    -3.774    0.0017
He 2                2124.61A    -3.374    0.0043      S  3                9068.62A    -2.655    0.0226      hyperfine structure.............................
He 2                2115.81A    -3.439    0.0037      S  3                9530.62A    -2.255    0.0568      inner shell.....................................
He 2                2108.49A    -3.498    0.0033      S  3                6312.06A    -3.766    0.0018      molecules.......................................
He 2                2102.33A    -3.552    0.0029      S  3                1194.45A    -3.829    0.0015      bands...........................................
He 2                2097.10A    -3.599    0.0026      S  3                1021.11A    -3.770    0.0017      miscellaneous...................................
He 2                2092.63A    -3.639    0.0023      S  5                1199.13A    -3.686    0.0021      C 2R                1335.00A    -2.703    0.0203
He 2                1.01235m    -2.340    0.0468      S  5                1188.28A    -3.833    0.0015      C 3R                977.000A    -1.801    0.1617
He 2                6560.01A    -2.573    0.0273      Si 2                1194.50A    -3.886    0.0013      C 3R                1909.00A    -1.957    0.1129
He 2                5411.45A    -2.785    0.0168      Si 3                1892.03A    -3.544    0.0029      C 3R                1175.00A    -2.137    0.0746
He 2                4859.26A    -2.968    0.0110      Si 3                1882.71A    -3.376    0.0043      C 4R                1549.00A    -2.433    0.0377
He 2                4541.54A    -3.127    0.0076      Si 3                1206.50A    -3.197    0.0065      N 2R                1085.00A    -3.891    0.0013
He 2                4338.62A    -3.267    0.0055      Si 4                1122.48A    -3.943    0.0012      N 3R                990.000A    -1.942    0.1168
He 2                4199.78A    -3.333    0.0048      Si 4                1128.34A    -3.911    0.0013      O 2R                3729.00A    -2.970    0.0110
He 2                4099.99A    -3.428    0.0038      Si 4                1393.75A    -2.564    0.0279      O 2R                4651.00A    -3.348    0.0046
He 2                4025.55A    -3.516    0.0031      Si 4                1402.77A    -2.776    0.0171      O 2R                4341.00A    -3.625    0.0024
He 2                3968.39A    -3.597    0.0026      Si 7                2146.64A    -3.204    0.0064      Blnd                1400.00A    -1.963    0.1114
He 2                3923.44A    -3.671    0.0022      Si 7                2350.02A    -3.838    0.0015      Blnd                1650.00A    -0.792    1.6517
He 2                3887.40A    -3.741    0.0019      Si 7                2.48071m    -2.361    0.0445      Blnd                2798.00A    -2.604    0.0255
He 2                3858.03A    -3.805    0.0016      Si 7                6.51288m    -3.564    0.0028      Blnd                1198.00A    -3.529    0.0030
He 2                3833.76A    -3.864    0.0014      Ti 5                252.959A    -3.987    0.0011      Blnd                1406.00A    -3.132    0.0075
He 2                3813.45A    -3.918    0.0012      Ti 6                1.71509m    -3.391    0.0042      Blnd                1199.00A    -3.452    0.0036
He 2                3796.29A    -3.965    0.0011      Al 2                1670.79A    -3.884    0.0013      Blnd                1860.00A    -3.333    0.0048
He 2                3781.64A    -4.005    0.0010      Al 5                2.90450m    -3.004    0.0101      Blnd                4725.00A    -1.823    0.1539
He 2                1.86365m    -2.845    0.0146      C  4                1550.77A    -1.307    0.5045      Blnd                2860.00A    -2.844    0.0147
He 2                1.16262m    -3.020    0.0098      C  4                1548.19A    -1.017    0.9838      Blnd                7250.00A    -3.412    0.0040
He 2                9344.80A    -3.195    0.0065      C  4                419.714A    -3.789    0.0017      Blnd                1888.00A    -3.151    0.0072
He 2                8236.67A    -3.353    0.0045      C  4                312.451A    -3.924    0.0012      Blnd                1397.00A    -2.356    0.0450
He 2                7592.65A    -3.492    0.0033      C  4                312.420A    -3.918    0.0012      Blnd                2424.00A    -1.767    0.1748
He 2                7177.41A    -3.622    0.0024      C  4                948.208A    -3.915    0.0012      Blnd                4720.00A    -3.888    0.0013
He 2                6890.80A    -3.716    0.0020      C  4                948.090A    -3.816    0.0016      Blnd                5525.00A    -3.652    0.0023
He 2                6683.11A    -3.804    0.0016      Ca 5                4.15739m    -2.232    0.0600      Blnd                1335.00A    -3.232    0.0060
He 2                6527.01A    -3.884    0.0013      Ca 5                11.4792m    -3.366    0.0044      Blnd                1909.00A    -1.832    0.1504
He 2                6406.30A    -3.959    0.0011      Ca 5                5309.11A    -2.404    0.0403      Blnd                1176.00A    -3.933    0.0012
He 2                3.09080m    -3.274    0.0054      Ca 5                6086.37A    -3.115    0.0078      Blnd                1549.00A    -0.837    1.4883
He 2                1.87431m    -3.409    0.0040      Ca 5                2412.87A    -3.841    0.0015      Blnd                1085.00A    -3.745    0.0018
He 2                1.47602m    -3.554    0.0029      Ca 8                2.32117m    -3.840    0.0015      Blnd                1750.00A    -3.155    0.0072
He 2                1.28127m    -3.690    0.0021      Cl 3                5517.71A    -3.887    0.0013      Blnd                990.000A    -2.968    0.0110
He 2                1.16730m    -3.860    0.0014      Cl 4                20.3197m    -2.336    0.0472      Blnd                1486.00A    -1.908    0.1263
He 2                1.09334m    -3.954    0.0011      Cl 4                11.7629m    -2.423    0.0386      Blnd                1240.00A    -1.993    0.1039
He 2                4.76213m    -3.648    0.0023      Cl 4                7530.54A    -2.917    0.0124      Blnd                3727.00A    -3.152    0.0072
He 2                2.82519m    -3.752    0.0018      Cl 4                8045.62A    -2.554    0.0286      Blnd                1666.00A    -2.045    0.0922
He 2                2.18848m    -3.875    0.0014      Cl 4                3118.66A    -3.943    0.0012      Blnd                5007.00A     0.161   14.8187
He 2                6.94599m    -3.979    0.0011      Fe 4                3094.96A    -1.586    0.2651      Blnd                1402.00A    -2.188    0.0664
He-like iso-sequence............................      Fe 4                3094.53A    -3.872    0.0014      Blnd                1218.00A    -1.838    0.1486
He 1                584.334A    -2.821    0.0154      Fe 4                2835.74A    -1.575    0.2721      Blnd                1035.00A    -2.020    0.0977



 AGN log nH=1.89 log U=-1.00  
 Cooling:  HFBc                      0  :0.054 Ne 5c                     0  :0.065 O  3c                     0  :0.443 O  4c                     0  :0.077 S  4c                     0  :0.069  
 Heating:  BFH1                      0  :0.653 BFHe                      0  :0.236 TotM                      0  :0.107  

 These are some of the most important databases used by Cloudy:
 Many recombination coefficients were taken from http://amdpp.phys.strath.ac.uk/tamoc/RR/ and http://amdpp.phys.strath.ac.uk/tamoc/DR/
      and are based on the following papers:
        Badnell N. R., et al., A&A 406, 1151 (2003) [http://adsabs.harvard.edu/abs/2003A%26A...406.1151B]
        Badnell N. R., ApJS 167, 334 (2006) [http://adsabs.harvard.edu/abs/2006ApJS..167..334B]
 Much of the molecular emission data is from LAMDA as accessed on June 30, 2015. This database is described in:
        Schoeier F.L., et al., A&A 432, 369 (2005) [http://adsabs.harvard.edu/abs/2005A%26A...432..369S]
      This database is in part based on the work of the following groups:
        JPL: Pickett H. M. et al., JQSRT, 60, 883 (1998). [http://adsabs.harvard.edu/abs/1998JQSRT..60..883P]
        CDMS: Mueller H. S. et al., A&A 370, L49 (2001). [http://adsabs.harvard.edu/abs/2001A%26A...370L..49M]
              Mueller H. S. et al., J. Mol. Struct. 742, 215 (2005). [http://adsabs.harvard.edu/abs/2005JMoSt.742..215M]
 Some of the ionic emission data is from a reprocessed version of 10.1 of CHIANTI. CHIANTI is a collaborative project involving the NRL (USA), the
      Universities of Florence (Italy) and Cambridge (UK), and George Mason University (USA). These papers describe Chianti:
        Dere K. P., et al., A&AS, 125, 149 (1997) [http://adsabs.harvard.edu/abs/1997A%26AS..125..149D]
        Dere, K. P., et al., APJ, 268, 52 (2023) [https://ui.adsabs.harvard.edu/abs/2023ApJS..268...52D]
      This paper describes the reprocessed version of Chianti used:
        Gunasekera, C. M., et al., Astronomy, 1, 255. (2022) [https://ui.adsabs.harvard.edu/abs/2022Astro...1..255G]
 Much of the H_2 data is from this web site: http://molat.obspm.fr/index.php?page=pages/Molecules/H2/H2can94.php. These data are
      described in:
        Abgrall H. et al., Can. J. Phys., 72, 856 (1994) [http://adsabs.harvard.edu/abs/1994CaJPh..72..856A]
        Wrathmall S. A. & Flower D. R., J. Phys. B, 40, 3221 (2007) [http://adsabs.harvard.edu/abs/2007JPhB...40.3221W]
 The Case A and Case B recombination predictions for one-electron systems are from
	Storey, P.J. & Hummer, D.G., 1995, MNRAS 272, 41 http://adsabs.harvard.edu/abs/1995MNRAS.272...41S
 The He I recombination predictions are from
	Porter, R. L.; Ferland, G. J.; Storey, P. J.; Detisch, M. J., 2012, MNRAS, 425, 28p http://adsabs.harvard.edu/abs/2012MNRAS.425L..28P
		http://adsabs.harvard.edu/abs/2013MNRAS.433L..89P

 If you find some process or data set to be particularly critical to a result, please follow the trail of references back to the
 original source and cite that.  This will support and encourage atomic, molecular, and chemical physicists to continue their
 valuable work.

 IONIZE PARMET:  U(1-) -1.0000  U(4-): -1.9409  U(sp): -1.00  Q(ion):   10.732  L(ion)  0.800    Q(low): 13.693    L(low)  1.355
 ENERGY BUDGET:  Heat:   0.646  Coolg:   0.646  Error:  0.0%  Rec Lin:   0.343  F-F  H  0.000    P(rad/tot)max     4.64E-01    R(F Con):1.737e+05

     Col(Heff):      6.993E+21  snd travl time  1.06E+14 sec  Te-low: 9.23E+03  Te-hi: 1.75E+04  G0TH85: 2.06E+03  G0DB96:2.21E+03
  Emiss Measure    n(e)n(p) dl       8.609E+23  n(e)n(He+)dl         5.143E+22  En(e)n(He++) dl         2.184E+22  ne nC+:5.60E+16
 He/Ha:7.44E-02  =   0.87*true  Lthin:6.77E+01  itr/zn: 5.17  H2 itr/zn:  0.00  File Opacity: F  MassTot 2.27e-02  (gm/cm^2)
   Temps(21 cm)   T(21cm/Ly a)  4.12E+03        T(<nH/Tkin>)  1.08E+04          T(<nH/Tspin>)    4.40E+03          TB21cm:3.44E-02
                   N(H0/Tspin)  3.35E+14        N(OH/Tkin)    6.19E-07          B(21cm)          0.00E+00
   <a>:1.91E-08  erdeFe3.6E+22  Tcompt1.04E+09  Tthr1.51E+10  <Tden>: 1.13E+04  <dens>:1.76E-22  <MolWgt>6.22E-01
     Mean Jeans  l(cm)6.33E+20  M(sun)1.17E+07  smallest:     len(cm):5.72E+20  M(sun):8.65E+06  a_ox tran: -1.46
 Rion:1.000E+30  Dist:0.00E+00  Diam:0.000E+00
 Hatom level 70  HatomType: add  HInducImp  F  He tot level: 63  He2 level:   70  ExecTime    75.2
 ConvrgError(%)  <eden>  0.005  MaxEden  0.079  <H-C>   0.05  Max(H-C)    0.36  <Press>   0.000  MaxPrs er  0.000
  Continuity(%)  chng Te   3.2  elec den   0.5  n(H2)    0.0  n(CO)        0.0

                                                        Averaged Quantities
             Te      Te(Ne)   Te(NeNp)  Te(NeHe+)Te(NeHe2+) Te(NeO+)  Te(NeO2+)  Te(H2)     N(H)     Ne(O2+)   Ne(Np)
 Radius:  1.13e+04  1.14e+04  1.14e+04  1.02e+04  1.42e+04  1.03e+04  1.02e+04  1.08e+04  7.74e+01  8.43e+01  8.61e+01
 
 Peimbert T(OIIIr)9.51E+03 T(Bac)1.03E+04 T(Hth)1.02E+04 t2(Hstrc) 3.56e-02 T(O3-BAC)9.95E+03 t2(O3-BC)-1.44e-02 t2(O3str) 7.03e-03

 Contin Optical Depths: COMP: 7.39e-03    H-: 1.22e-07 R(1300): 9.89e-06  H2+: 4.10e-09  Bra:7.40E-03
                          Pa: 7.40e-03    Ba: 7.40e-03      Hb: 7.40e-03   La: 3.21e-02     1r:9.433E+00  1.8:2.31E+00 4.:9.662E+02

 Old, new H  1 continuum optical depths:
     1 9.50e+00     2 1.82e-07     3 1.20e-07     4 1.20e-07     5 1.20e-07     6 3.05e-08     7 3.05e-08     8 3.05e-08
     9 3.05e-08    10 1.81e-12    11 1.81e-12    12 1.81e-12    13 1.81e-12    14 1.81e-12    15 4.22e-12    16 4.22e-12
    17 4.22e-12    18 4.22e-12    19 4.22e-12    20 4.22e-12    21 8.72e-12    22 8.72e-12    23 8.72e-12    24 8.72e-12
    25 8.72e-12    26 8.72e-12    27 8.72e-12    28 1.66e-11    29 1.66e-11    30 1.66e-11    31 1.66e-11    32 1.66e-11
    33 1.66e-11    34 1.66e-11    35 1.66e-11    36 2.95e-11    37 2.95e-11    38 2.95e-11    39 2.95e-11    40 2.95e-11
    41 2.95e-11    42 2.95e-11    43 2.95e-11    44 2.95e-11    45 4.97e-11    46 4.97e-11    47 4.97e-11    48 4.97e-11
    49 4.97e-11    50 4.97e-11    51 4.97e-11    52 4.97e-11    53 4.97e-11    54 4.97e-11
     1 9.43e+00     2 1.83e-07     3 1.23e-07     4 1.23e-07     5 1.23e-07     6 3.11e-08     7 3.11e-08     8 3.11e-08
     9 3.11e-08    10 1.82e-12    11 1.82e-12    12 1.82e-12    13 1.82e-12    14 1.82e-12    15 4.23e-12    16 4.23e-12
    17 4.23e-12    18 4.23e-12    19 4.23e-12    20 4.23e-12    21 8.75e-12    22 8.75e-12    23 8.75e-12    24 8.75e-12
    25 8.75e-12    26 8.75e-12    27 8.75e-12    28 1.66e-11    29 1.66e-11    30 1.66e-11    31 1.66e-11    32 1.66e-11
    33 1.66e-11    34 1.66e-11    35 1.66e-11    36 2.97e-11    37 2.97e-11    38 2.97e-11    39 2.97e-11    40 2.97e-11
    41 2.97e-11    42 2.97e-11    43 2.97e-11    44 2.97e-11    45 5.00e-11    46 5.00e-11    47 5.00e-11    48 5.00e-11
    49 5.00e-11    50 5.00e-11    51 5.00e-11    52 5.00e-11    53 5.00e-11    54 5.00e-11

 Old, new H  1 mean line optical depths:
  2- 1 1.50e+05  3- 2 4.62e-03  4- 3 4.09e-09  5- 4 1.92e-09  6- 5-2.12e-11  7- 6-1.00e-09  8- 7 6.04e-10
  9- 8 6.49e-09 10- 9 1.72e-08 11-10 3.31e-07 12-11-1.34e-07 13-12-2.17e-07 14-13-3.48e-07 15-14-5.47e-07 16-15-8.61e-07
 17-16-1.37e-06 18-17-2.20e-06 19-18-3.74e-06 20-19-6.56e-06 21-20-1.22e-05 22-21-2.50e-05 23-22-5.92e-05 24-23-1.88e-04
 25-24-6.79e-03
  2- 1 1.48e+05  3- 2 4.64e-03  4- 3 4.11e-09  5- 4 1.90e-09  6- 5-1.03e-10  7- 6-1.19e-09  8- 7 3.03e-10
  9- 8 6.07e-09 10- 9 1.67e-08 11-10 3.35e-07 12-11-1.40e-07 13-12-2.28e-07 14-13-3.66e-07 15-14-5.77e-07 16-15-9.09e-07
 17-16-1.44e-06 18-17-2.32e-06 19-18-3.92e-06 20-19-6.84e-06 21-20-1.27e-05 22-21-2.58e-05 23-22-6.08e-05 24-23-1.92e-04
 25-24-6.89e-03

 Old, new He 2 continuum optical depths:
     1 9.67e+02     2 9.45e+00     3 3.46e-04     4 3.46e-04     5 3.46e-04     6 1.82e-07     7 1.82e-07     8 1.82e-07
     9 1.82e-07    10 9.78e-08    11 9.78e-08    12 9.78e-08    13 9.78e-08    14 9.78e-08    15 1.20e-07    16 1.20e-07
    17 1.20e-07    18 1.20e-07    19 1.20e-07    20 1.20e-07    21 9.94e-08    22 9.94e-08    23 9.94e-08    24 9.94e-08
    25 9.94e-08    26 9.94e-08    27 9.94e-08    28 3.05e-08    29 3.05e-08    30 3.05e-08    31 3.05e-08    32 3.05e-08
    33 3.05e-08    34 3.05e-08    35 3.05e-08    36 1.04e-12    37 1.04e-12    38 1.04e-12    39 1.04e-12    40 1.04e-12
    41 1.04e-12    42 1.04e-12    43 1.04e-12    44 1.04e-12    45 1.81e-12    46 1.81e-12    47 1.81e-12    48 1.81e-12
    49 1.81e-12    50 1.81e-12    51 1.81e-12    52 1.81e-12    53 1.81e-12    54 1.81e-12
     1 9.66e+02     2 9.38e+00     3 3.47e-04     4 3.47e-04     5 3.47e-04     6 1.83e-07     7 1.83e-07     8 1.83e-07
     9 1.83e-07    10 9.99e-08    11 9.99e-08    12 9.99e-08    13 9.99e-08    14 9.99e-08    15 1.23e-07    16 1.23e-07
    17 1.23e-07    18 1.23e-07    19 1.23e-07    20 1.23e-07    21 1.02e-07    22 1.02e-07    23 1.02e-07    24 1.02e-07
    25 1.02e-07    26 1.02e-07    27 1.02e-07    28 3.11e-08    29 3.11e-08    30 3.11e-08    31 3.11e-08    32 3.11e-08
    33 3.11e-08    34 3.11e-08    35 3.11e-08    36 1.05e-12    37 1.05e-12    38 1.05e-12    39 1.05e-12    40 1.05e-12
    41 1.05e-12    42 1.05e-12    43 1.05e-12    44 1.05e-12    45 1.82e-12    46 1.82e-12    47 1.82e-12    48 1.82e-12
    49 1.82e-12    50 1.82e-12    51 1.82e-12    52 1.82e-12    53 1.82e-12    54 1.82e-12

 Old, new He 2 mean line optical depths:
  2- 1 3.16e+07  3- 2 3.96e-06  4- 3 9.78e-12  5- 4-7.42e-12  6- 5-3.00e-11  7- 6-4.90e-11  8- 7-4.85e-11
  9- 8-1.14e-11 10- 9 6.79e-11 11-10 2.92e-09 12-11-1.33e-09 13-12-2.12e-09 14-13-3.34e-09 15-14-5.14e-09 16-15-7.82e-09
 17-16-1.19e-08 18-17-1.84e-08 19-18-2.89e-08 20-19-4.80e-08 21-20-8.41e-08 22-21-1.62e-07 23-22-3.65e-07 24-23-1.11e-06
 25-24-3.93e-05
  2- 1 3.16e+07  3- 2 4.02e-06  4- 3 9.80e-12  5- 4-7.37e-12  6- 5-3.00e-11  7- 6-4.94e-11  8- 7-4.96e-11
  9- 8-1.39e-11 10- 9 6.34e-11 11-10 2.89e-09 12-11-1.35e-09 13-12-2.16e-09 14-13-3.41e-09 15-14-5.25e-09 16-15-8.01e-09
 17-16-1.22e-08 18-17-1.89e-08 19-18-2.96e-08 20-19-4.92e-08 21-20-8.60e-08 22-21-1.65e-07 23-22-3.71e-07 24-23-1.13e-06
 25-24-3.94e-05

 Old He Is optical depths:    1 2.31e+00    2 4.45e-04    3 1.39e-07    4 1.62e-07    5 1.62e-07
 New He Is optical depths:    1 2.30e+00    2 4.46e-04    3 1.40e-07    4 1.64e-07    5 1.64e-07
          Old He Is Lines:  584 4.09e+03 3889 8.32e+00 5016 1.26e-05 5876 3.98e-07
          New He Is Lines:  584 4.11e+03 3889 8.40e+00 5016 1.28e-05 5876 2.47e-07
AGN log nH=1.89 log U=-1.00  


          Start Iteration Number 3                                                 AGN log nH=1.89 log U=-1.00  


 ####  1  Te:1.750E+04 Hden:7.743E+01 Ne:9.091E+01 R:1.000E+30 R-R0:1.156E+16 dR:2.311E+16 NTR: 15 Htot:4.203E-20 T912: 9.35e+00###
 Hydrogen      5.85e-05 1.00e+00 H+o/Hden 1.00e+00 2.04e-13 H-    H2 3.68e-21 1.54e-14 H2+ HeH+ 1.58e-16 Ho+ ColD 1.05e+14 1.79e+18
 Helium        3.86e-07 6.17e-03 9.94e-01 HeI 2s3S 5.58e-10 Comp H,C 1.45e-23 1.92e-26 Fill Fac 1.00e+00 Gam1/tot 1.00e+00
 He singlet n  3.86e-07 1.30e-16 1.26e-22 5.83e-23 8.90e-23 7.05e-23 He tripl 5.58e-10 1.90e-20 1.87e-22 1.74e-21 2.06e-22
 Pressure      NgasTgas 3.06e+06 P(total) 4.23e-10 P( gas ) 4.23e-10 P(Radtn) 0.00e+00 Rad accl 1.34e-07 ForceMul 4.20e+02
 Texc(La)      3.38e+03 T(I con) 1.88e+01 T(D con) 2.43e+00 T(U tot) 1.88e+01 nT (c+d) 5.13e+06 Prad/Gas 0.00e+00 Pmag/Gas 0.00e+00
 Molecules     CH/Ctot: 2.20e-24 CH+/Ctot 1.35e-19 CO/Ctot: 3.06e-34 CO+/Ctot 4.95e-30 H2O/Otot 5.06e-40 OH/Ototl 4.19e-25
 Lithium       1.13e-08 3.11e-03 2.90e-01 7.07e-01 Berylliu 8.14e-08 1.72e-04 2.70e-01 6.50e-01 7.97e-02 sec ion: 3.00e-15
 Boron         4.80e-10 9.13e-05 6.27e-03 8.55e-01 1.37e-01 2.37e-03
 Carbon        7.58e-11 4.88e-06 3.50e-03 7.11e-02 8.96e-01 2.89e-02 1.75e-04 H2O+/O   1.57e-40 OH+/Otot 2.15e-25 Hex(tot) 0.00e+00
 Nitrogen      4.59e-11 1.81e-06 3.46e-03 1.31e-01 3.55e-01 5.04e-01 6.00e-03 1.53e-05 O2/Ototl 3.29e-35 O2+/Otot 1.20e-35
 Oxygen        1.50e-11 8.73e-07 1.86e-03 1.52e-01 4.55e-01 3.08e-01 8.26e-02 4.20e-04 5.03e-07
 Fluorine      7.40e-12 6.80e-07 1.19e-03 1.09e-01 6.23e-01 2.52e-01 1.31e-02 2.18e-03 5.27e-06 0.00e+00
 Neon          4.82e-12 4.51e-07 1.37e-03 9.77e-02 5.80e-01 3.03e-01 1.68e-02 9.93e-04 6.20e-05 0.00e+00 0.00e+00
 Sodium        1.23e-12 2.05e-07 6.74e-04 8.99e-02 6.50e-01 2.33e-01 2.57e-02 5.00e-04 1.02e-05 7.49e-07 0.00e+00 0.00e+00
 Magnesium     2.03e-10 8.86e-08 3.14e-04 4.76e-02 4.52e-01 4.44e-01 5.43e-02 1.60e-03 6.01e-05 1.12e-06 0.00e+00 0.00e+00 0.00e+00
 Aluminium  0  8.42e-11 1.57e-06 6.03e-05 1.93e-02 2.94e-01 5.94e-01 8.89e-02 3.82e-03 1.17e-04 1.53e-06 0.00e+00 0.00e+00 0.00e+00
 Silicon    0  5.66e-12 1.78e-06 2.60e-04 5.25e-03 2.39e-01 5.29e-01 2.14e-01 1.26e-02 4.96e-05 1.16e-06 0.00e+00 0.00e+00 0.00e+00
 Phosphorus 0  2.53e-11 2.66e-06 3.84e-04 7.64e-03 7.04e-02 6.53e-01 2.49e-01 1.92e-02 3.75e-04 5.38e-06 0.00e+00 0.00e+00 0.00e+00
 Sulphur    0  6.23e-12 1.23e-06 8.68e-04 2.53e-02 8.94e-02 2.28e-01 5.69e-01 8.57e-02 1.27e-03 1.46e-05 1.52e-07 0.00e+00 0.00e+00
 Chlorine   0  7.77e-12 2.69e-06 1.54e-03 6.45e-02 3.04e-01 2.84e-01 1.67e-01 1.70e-01 8.96e-03 1.78e-04 9.09e-07 0.00e+00 0.00e+00
 Argon      0  9.86e-12 7.23e-07 3.29e-03 7.41e-02 4.10e-01 4.23e-01 4.97e-02 2.78e-02 1.16e-02 3.10e-04 3.63e-06 0.00e+00 0.00e+00
 Potassium  0  1.29e-11 4.55e-06 2.76e-03 1.33e-01 4.76e-01 3.36e-01 4.62e-02 5.09e-03 1.05e-03 4.05e-04 7.02e-06 0.00e+00 0.00e+00
 Calcium    0  2.26e-12 2.49e-07 7.91e-04 6.24e-02 4.87e-01 4.05e-01 4.04e-02 4.48e-03 1.83e-04 9.64e-05 1.62e-05 1.73e-07 0.00e+00
 Scandium   0  1.08e-14 3.18e-09 1.69e-05 3.42e-02 2.54e-01 6.27e-01 7.54e-02 8.64e-03 2.53e-04 2.00e-05 1.89e-06 1.05e-06 0.00e+00
 Titanium   0  3.06e-14 1.32e-08 3.29e-05 1.90e-02 2.51e-01 4.93e-01 2.21e-01 1.50e-02 4.55e-04 2.60e-05 1.45e-06 3.15e-07 0.00e+00
 Vanadium   0  3.78e-15 3.00e-10 1.72e-06 6.72e-04 4.90e-02 6.56e-01 2.41e-01 5.23e-02 8.85e-04 2.62e-05 8.08e-07 3.02e-07 0.00e+00
 Chromium   0  1.87e-16 1.25e-10 8.41e-07 4.01e-04 2.66e-02 3.09e-01 5.63e-01 9.42e-02 6.33e-03 8.93e-05 2.17e-06 2.54e-07 0.00e+00
 Manganese  0  2.82e-15 1.69e-10 8.40e-07 4.38e-04 3.53e-02 3.98e-01 5.14e-01 4.79e-02 3.72e-03 2.69e-04 2.50e-06 1.45e-07 0.00e+00
 Iron       0  8.99e-16 2.57e-11 1.74e-07 1.48e-04 1.35e-02 2.02e-01 6.03e-01 1.78e-01 3.20e-03 1.64e-04 1.96e-06 1.34e-07 0.00e+00
 Cobalt     0  2.51e-16 1.31e-11 1.40e-07 1.12e-04 1.49e-02 2.32e-01 4.59e-01 2.70e-01 2.23e-02 1.39e-03 3.20e-05 3.26e-06 0.00e+00
 Nickel     0  2.11e-16 1.18e-11 9.58e-08 6.96e-05 8.76e-03 2.06e-01 4.26e-01 3.20e-01 3.58e-02 2.32e-03 3.03e-05 3.95e-06 1.70e-07
 Copper     0  9.92e-17 7.63e-12 7.32e-08 5.12e-05 5.97e-03 1.36e-01 4.34e-01 3.67e-01 5.18e-02 4.40e-03 8.06e-05 1.41e-06 2.19e-07
 Zinc       0  2.59e-16 1.47e-11 7.37e-08 4.90e-05 5.29e-03 1.17e-01 3.59e-01 4.47e-01 6.55e-02 6.37e-03 1.34e-04 8.06e-06 2.70e-07
 #### 90  Te:1.163E+04 Hden:7.743E+01 Ne:8.417E+01 R:1.000E+30 R-R0:1.286E+20 dR:1.203E+18 NTR:  2 Htot:4.129E-20 T912: 1.87e+01###
 P(Lines):(H  1 1215.67A 0.28) (O  3 51.8004m 0.10) (O  3 88.3323m 0.06) 
 Hydrogen      5.29e-04 9.99e-01 H+o/Hden 1.00e+00 1.16e-12 H-    H2 6.74e-19 2.00e-13 H2+ HeH+ 1.73e-12 Ho+ ColD 1.47e+18 1.00e+22
 Helium        1.68e-04 9.99e-01 6.22e-04 HeI 2s3S 1.17e-07 Comp H,C 1.33e-23 1.21e-26 Fill Fac 1.00e+00 Gam1/tot 1.00e+00
 He singlet n  1.68e-04 4.12e-14 3.00e-19 1.09e-20 3.88e-20 1.54e-20 He tripl 1.17e-07 9.33e-18 4.01e-20 4.51e-19 4.44e-20
 Pressure      NgasTgas 1.96e+06 P(total) 2.89e-10 P( gas ) 2.70e-10 P(Radtn) 1.85e-11 Rad accl 1.54e-08 ForceMul 5.10e+01
 Texc(La)      4.04e+03 T(I con) 1.68e+01 T(D con) 1.48e+01 T(U tot) 1.89e+01 nT (c+d) 7.63e+06 Prad/Gas 6.42e-02 Pmag/Gas 0.00e+00
 Molecules     CH/Ctot: 4.29e-21 CH+/Ctot 1.65e-16 CO/Ctot: 1.16e-27 CO+/Ctot 7.87e-24 H2O/Otot 6.06e-35 OH/Ototl 1.47e-20
 Lithium       2.03e-05 9.99e-01 5.90e-04 1.46e-07 Berylliu 5.35e-06 3.00e-03 9.96e-01 1.20e-03 3.43e-07 sec ion: 5.32e-15
 Boron         2.81e-09 1.78e-04 1.45e-02 9.84e-01 1.22e-03 4.65e-07
 Carbon        3.85e-08 8.00e-04 2.51e-01 7.45e-01 3.03e-03 3.73e-06 0.00e+00 H2O+/O   4.34e-35 OH+/Otot 1.24e-20 Hex(tot) 0.00e+00
 Nitrogen      2.87e-08 2.08e-04 1.91e-01 8.05e-01 1.43e-03 1.80e-03 1.99e-06 0.00e+00 O2/Ototl 1.95e-27 O2+/Otot 6.13e-28
 Oxygen        1.62e-07 9.28e-04 9.95e-01 3.55e-03 8.96e-04 6.97e-06 1.47e-06 0.00e+00 0.00e+00
 Fluorine      4.24e-08 1.10e-03 9.92e-01 4.43e-03 2.09e-03 5.12e-06 6.47e-07 0.00e+00 0.00e+00 0.00e+00
 Neon          4.66e-08 1.40e-03 9.93e-01 3.87e-03 1.82e-03 4.25e-06 4.65e-07 0.00e+00 0.00e+00 0.00e+00 0.00e+00
 Sodium        1.09e-07 2.91e-03 9.85e-01 9.64e-03 2.22e-03 5.14e-06 1.25e-06 0.00e+00 0.00e+00 0.00e+00 0.00e+00 0.00e+00
 Magnesium     2.15e-05 4.38e-03 9.82e-01 1.07e-02 2.40e-03 1.56e-05 1.08e-06 0.00e+00 0.00e+00 0.00e+00 0.00e+00 0.00e+00 0.00e+00
 Aluminium  0  2.66e-08 9.00e-04 1.95e-02 9.70e-01 8.25e-03 1.59e-03 5.44e-06 4.87e-07 0.00e+00 0.00e+00 0.00e+00 0.00e+00 0.00e+00
 Silicon    0  5.20e-09 4.51e-04 2.05e-02 2.73e-01 7.02e-01 3.37e-03 6.21e-04 1.67e-06 0.00e+00 0.00e+00 0.00e+00 0.00e+00 0.00e+00
 Phosphorus 0  1.98e-08 9.51e-04 6.14e-02 5.88e-01 3.43e-01 5.43e-03 6.48e-04 2.90e-06 0.00e+00 0.00e+00 0.00e+00 0.00e+00 0.00e+00
 Sulphur    0  8.10e-09 3.19e-04 5.98e-02 7.18e-01 2.16e-01 3.29e-03 2.29e-03 1.10e-04 2.56e-07 0.00e+00 0.00e+00 0.00e+00 0.00e+00
 Chlorine   0  1.65e-08 4.43e-04 7.18e-02 8.57e-01 6.89e-02 9.74e-04 7.60e-04 4.49e-04 1.38e-06 0.00e+00 0.00e+00 0.00e+00 0.00e+00
 Argon      0  3.95e-09 4.90e-05 9.18e-02 9.05e-01 2.25e-03 1.04e-03 1.07e-04 1.73e-04 1.76e-06 0.00e+00 0.00e+00 0.00e+00 0.00e+00
 Potassium  0  9.87e-09 6.30e-04 1.73e-01 8.24e-01 1.79e-03 7.30e-04 1.01e-04 3.20e-05 3.63e-07 2.19e-07 0.00e+00 0.00e+00 0.00e+00
 Calcium    0  2.46e-09 1.04e-04 7.32e-02 9.17e-01 8.11e-03 1.20e-03 6.68e-05 1.99e-05 3.26e-06 1.17e-07 0.00e+00 0.00e+00 0.00e+00
 Scandium   0  2.82e-11 1.50e-06 1.53e-03 9.85e-01 8.37e-03 4.79e-03 1.08e-04 1.94e-05 1.24e-07 0.00e+00 0.00e+00 0.00e+00 0.00e+00
 Titanium   0  2.66e-11 1.64e-06 8.90e-04 2.53e-01 7.40e-01 4.97e-03 1.79e-03 2.06e-05 3.66e-06 0.00e+00 0.00e+00 0.00e+00 0.00e+00
 Vanadium   0  2.08e-11 3.94e-07 4.42e-04 7.49e-02 9.14e-01 8.36e-03 1.90e-03 3.43e-04 5.01e-06 3.26e-07 0.00e+00 0.00e+00 0.00e+00
 Chromium   0  4.65e-12 4.39e-07 7.12e-04 1.34e-01 8.54e-01 6.90e-03 3.99e-03 3.37e-04 1.86e-05 9.11e-07 0.00e+00 0.00e+00 0.00e+00
 Manganese  0  1.85e-11 4.44e-07 7.95e-04 1.58e-01 8.33e-01 5.79e-03 2.34e-03 1.27e-04 1.37e-05 2.65e-06 0.00e+00 0.00e+00 0.00e+00
 Iron       0  5.82e-11 9.95e-07 2.35e-03 9.78e-01 1.22e-02 6.80e-03 8.97e-04 4.98e-05 1.08e-06 2.21e-07 0.00e+00 0.00e+00 0.00e+00
 Cobalt     0  8.09e-12 1.19e-07 2.80e-04 1.03e-01 8.85e-01 8.19e-03 3.23e-03 7.03e-04 3.20e-05 3.90e-06 1.88e-07 0.00e+00 0.00e+00
 Nickel     0  9.36e-11 1.74e-06 3.59e-03 9.68e-01 1.70e-02 9.15e-03 2.37e-03 3.23e-04 9.11e-06 1.74e-06 0.00e+00 0.00e+00 0.00e+00
 Copper     0  5.36e-11 1.13e-06 4.20e-03 9.69e-01 1.41e-02 9.61e-03 2.34e-03 6.48e-04 1.74e-05 1.82e-06 0.00e+00 0.00e+00 0.00e+00
 Zinc       0  1.25e-10 1.37e-06 3.03e-03 9.64e-01 1.96e-02 9.66e-03 2.18e-03 1.20e-03 2.71e-05 2.58e-06 0.00e+00 0.00e+00 0.00e+00
   AGN log nH=1.89 log U=-1.00  
   Calculation stopped because H column dens reached. Iteration 3 of 3
   The geometry is plane-parallel.
  !Some input lines contained underscores, these were changed to spaces.
  !AGE: Cloud age was not set.  Longest timescale was 7.02e+10 s = 2.22e+03 years.
  !The CMB was not included.  This is added with the CMB command.
  !The ratio of radiation to gas pressure reached 4.63e-01 at zone 66.  Caused by Lyman alpha.
  !The radiation pressure jumped by 453% from 1.69e-10 (zone 70) to 2.09e-11 (zone 71) to 2.00e-11 (zone 72)
   Photoionization of upper levels of [O III] reached 6.6% of the total O++ photo rate.
   Destruction of He 2TriS reached 2.3% of the total He0 dest rate at zone 1, 2.1% of that was photoionization.
   The density is too low to l-mix the lowest H  I collapsed level.  More resolved levels are needed for accurate line ratios.
   The density is too low to l-mix the lowest He I collapsed level.  More resolved levels are needed for accurate line ratios.
   Grains were not present but might survive in this environment (energy density temperature was 1.88e+01K)
   The continuum optical depth at the lowest energy considered (3.045e-09 Ryd) was 2.592e+03.

                       *********************************> Cloudy 25.00 <**********************************
                       * title AGN log nH=1.89 log U=-1.00                                               *
                       * hden 1.8888888888888888                                                         *
                       * table AGN                                                                       *
                       * stop efrac 0.01                                                                 *
                       * ionization parameter -1.0                                                       *
                       * abundances GASS                                                                 *
                       * sphere                                                                          *
                       * stop temperature 4000 K                                                         *
                       * stop column density 22                                                          *
                       * iterate to convergence                                                          *
                       * save overview "AGNmodel_nH1.89_Um1.00_temp38333.33.txt"                         *
                       *********************************> Log(U): -1.00 <*********************************

                     Emission Line Spectrum.   Constant  Density Model.  Closed geometry.  Iteration 3 of 3.
                                                     Intensity (erg/s/cm^2).


                                                   Intrinsic line intensities
general properties..............................      Ca A                918.945A    -3.751    0.0018      Na 3                380.100A    -3.328    0.0048
Inci                      0      1.452  289.5867      Ca A                918.295A    -3.808    0.0016      Na 3                268.625A    -3.618    0.0025
TotH                      0      0.646   45.3012      Ca A                917.724A    -3.862    0.0014      Na 3                267.871A    -3.659    0.0022
TotC                      0      0.646   45.3011      Ca A                4685.68A    -1.665    0.2214      Na 3                250.517A    -3.613    0.0025
BFH1                      0      0.461   29.5660      Ca A                3203.08A    -2.048    0.0917      Na 3                251.373A    -3.844    0.0015
BFHe                      0      0.020   10.7172      Ca A                2733.28A    -2.333    0.0475      Na 4                9.03096m    -3.360    0.0045
TotM                      0     -0.325    4.8438      Ca A                2511.19A    -2.559    0.0282      Na 4                3241.50A    -3.678    0.0021
Cbnd                      0     -3.427    0.0038      Ca A                2385.39A    -2.748    0.0183      Na 4                412.244A    -3.623    0.0024
ComH                      0     -2.753    0.0181      Ca A                2306.18A    -2.910    0.0126      Na 4                410.541A    -4.008    0.0010
CT H                      0     -2.574    0.0273      Ca A                2252.67A    -3.052    0.0091      Na 4                411.333A    -3.887    0.0013
H FB                      0     -0.619    2.4594      Ca A                2214.65A    -3.179    0.0068      Na 5                2067.25A    -3.680    0.0021
HFBc                      0     -0.619    2.4594      Ca A                2186.59A    -3.294    0.0052      Na 5                2069.09A    -3.585    0.0027
H  1c                     0     -2.452    0.0361      Ca A                2165.23A    -3.399    0.0041      Na 5                463.270A    -3.455    0.0036
He 1c                     0     -2.898    0.0130      Ca A                2148.58A    -3.496    0.0033      Na 5                461.057A    -3.486    0.0033
Al 3c                     0     -3.978    0.0011      Ca A                2135.34A    -3.585    0.0027      Na 5                459.901A    -3.545    0.0029
Al 6c                     0     -1.947    0.1156      Ca A                2124.61A    -3.669    0.0022      Ne 4                2421.66A    -2.159    0.0709
Ar 3c                     0     -2.497    0.0326      Ca A                2115.81A    -3.747    0.0018      Ne 4                2424.28A    -1.991    0.1046
Ar 4c                     0     -1.772    0.1732      Ca A                2108.49A    -3.821    0.0015      Ne 4                1601.61A    -3.815    0.0016
Ar 5c                     0     -1.591    0.2627      Ca A                2102.33A    -3.891    0.0013      Ne 4                1601.45A    -3.435    0.0038
Ar 6c                     0     -1.860    0.1413      Ca A                2097.10A    -3.957    0.0011      Ne 4                541.126A    -3.327    0.0048
C  3c                     0     -1.823    0.1539      Ca A                1.01235m    -2.223    0.0613      Ne 4                542.076A    -3.290    0.0052
Ca 4c                     0     -1.945    0.1161      Ca A                6560.01A    -2.523    0.0307      Ne 4                543.886A    -3.269    0.0055
Fe 3c                     0     -3.220    0.0062      Ca A                5411.45A    -2.764    0.0176      Ne 4                208.903A    -3.557    0.0028
Fe 7c                     0     -0.833    1.5046      Ca A                4859.26A    -2.962    0.0112      Ne 4                208.737A    -3.498    0.0033
K  3c                     0     -3.960    0.0011      Ca A                4541.54A    -3.130    0.0076      Ne 6                7.65019m    -1.291    0.5243
K  4c                     0     -2.914    0.0125      Ca A                4338.62A    -3.277    0.0054      Ne 6                558.603A    -3.763    0.0018
Mg 7c                     0     -2.355    0.0452      Ca A                4199.78A    -3.408    0.0040      Ne 6                562.711A    -3.463    0.0035
N  4c                     0     -1.904    0.1276      Ca A                4099.99A    -3.526    0.0031      Ne 6                435.646A    -3.292    0.0052
N  5c                     0     -2.043    0.0927      Ca A                4025.55A    -3.633    0.0024      Ne 6                401.146A    -4.000    0.0010
Na 6c                     0     -2.937    0.0118      Ca A                3968.39A    -3.731    0.0019      Ne 6                403.260A    -3.144    0.0073
Ne 3c                     0     -0.842    1.4738      Ca A                3923.44A    -3.822    0.0015      Ne 6                401.941A    -3.168    0.0070
Ne 5c                     0     -0.537    2.9691      Ca A                3887.40A    -3.907    0.0013      Ne 7                465.221A    -3.382    0.0042
O  2c                     0     -3.137    0.0075      Ca A                3858.03A    -3.987    0.0011      Ne 8                770.428A    -3.862    0.0014
O  3c                     0      0.291   20.0161      Ca A                1.86365m    -2.683    0.0212      O  4                25.8863m    -0.478    3.4056
O  5c                     0     -1.836    0.1493      Ca A                1.16262m    -2.925    0.0122      O  4                1399.78A    -3.060    0.0089
S  3c                     0     -1.826    0.1528      Ca A                9344.80A    -3.131    0.0076      O  4                1407.38A    -3.032    0.0095
S  5c                     0     -3.516    0.0031      Ca A                8236.67A    -3.305    0.0051      O  4                1397.23A    -3.496    0.0033
Si 3c                     0     -3.133    0.0075      Ca A                7592.65A    -3.457    0.0036      O  4                1404.81A    -2.627    0.0242
Si 4c                     0     -2.611    0.0251      Ca A                7177.41A    -3.591    0.0026      O  4                1401.16A    -2.695    0.0207
Si 7c                     0     -2.269    0.0552      Ca A                6890.80A    -3.711    0.0020      O  4                787.710A    -3.613    0.0025
Ti 6c                     0     -3.391    0.0042      Ca A                6683.11A    -3.821    0.0015      O  4                790.114A    -2.930    0.0120
Al 5c                     0     -3.005    0.0101      Ca A                6527.01A    -3.921    0.0012      O  4                790.201A    -3.348    0.0046
C  4c                     0     -0.847    1.4559      Ca A                3.09080m    -3.078    0.0086      O  4                609.830A    -2.816    0.0156
Ca 5c                     0     -1.952    0.1143      Ca A                1.87431m    -3.275    0.0054      O  4                554.076A    -3.577    0.0027
Ca 7c                     0     -3.992    0.0010      Ca A                1.47602m    -3.453    0.0036      O  4                555.264A    -2.556    0.0284
Ca 8c                     0     -3.847    0.0015      Ca A                1.28127m    -3.609    0.0025      O  4                554.514A    -2.683    0.0212
Cl 3c                     0     -3.610    0.0025      Ca A                1.16730m    -3.746    0.0018      O  6                1037.61A    -2.462    0.0353
Cl 4c                     0     -1.900    0.1288      Ca A                1.09334m    -3.868    0.0014      O  6                1031.91A    -2.214    0.0625
Fe 4c                     0     -1.089    0.8343      Ca A                1.04197m    -3.980    0.0011      O  6                184.117A    -3.746    0.0018
Fe 5c                     0     -1.602    0.2561      Ca A                4.76213m    -3.423    0.0039      O  6                150.125A    -3.609    0.0025
Fe 6c                     0     -0.891    1.3148      Ca A                2.82519m    -3.586    0.0027      O  6                150.089A    -3.604    0.0025
Fe 8c                     0     -2.046    0.0921      Ca A                2.18848m    -3.742    0.0019      P  5                1128.01A    -3.586    0.0027
K  5c                     0     -3.351    0.0046      Ca A                1.87570m    -3.881    0.0013      P  5                1117.98A    -3.488    0.0033
K  6c                     0     -3.429    0.0038      Ca A                1.69181m    -4.006    0.0010      S  4                10.5076m    -0.515    3.1288
Mg 2c                     0     -2.671    0.0218      Ca A                6.94599m    -3.729    0.0019      S  4                1423.84A    -3.959    0.0011
Mg 4c                     0     -2.208    0.0633      Ca A                4.04945m    -3.865    0.0014      S  4                1416.89A    -3.597    0.0026
Mg 5c                     0     -1.394    0.4133      Ca A                3.09460m    -4.003    0.0010      S  4                1406.02A    -3.559    0.0028
Mg 6c                     0     -2.637    0.0236      Ca A                9.71069m    -4.006    0.0010      S  4                1062.66A    -3.984    0.0011
Mg 8c                     0     -3.749    0.0018      Ca B                1640.41A    -0.798    1.6290      S  4                1073.52A    -3.589    0.0026
N  3c                     0     -2.013    0.0993      Ca B                1215.13A    -1.300    0.5130      S  4                1072.97A    -3.826    0.0015
Na 3c                     0     -2.956    0.0113      Ca B                1084.94A    -1.645    0.2319      S  4                815.941A    -3.232    0.0060
Na 4c                     0     -3.130    0.0076      Ca B                1025.27A    -1.908    0.1265      S  4                753.760A    -2.947    0.0116
Na 5c                     0     -3.311    0.0050      Ca B                992.358A    -2.122    0.0773      S  4                750.221A    -3.005    0.0101
Ne 4c                     0     -1.750    0.1821      Ca B                972.106A    -2.302    0.0511      S  4                657.319A    -3.794    0.0016
Ne 6c                     0     -1.290    0.5251      Ca B                958.693A    -2.458    0.0356      S  4                661.455A    -2.770    0.0174
O  4c                     0     -0.469    3.4747      Ca B                949.323A    -2.597    0.0259      S  4                661.396A    -3.724    0.0019
O  6c                     0     -2.089    0.0834      Ca B                942.507A    -2.721    0.0195      S  4                554.027A    -3.255    0.0057
S  4c                     0     -0.514    3.1366      Ca B                937.389A    -2.833    0.0150      S  6                944.523A    -3.200    0.0065
S  6c                     0     -3.584    0.0027      Ca B                933.444A    -2.937    0.0118      S  6                933.378A    -3.062    0.0089
S  8c                     0     -3.473    0.0034      Ca B                930.337A    -3.032    0.0095      S  8                9913.98A    -3.470    0.0035
Si 6c                     0     -1.950    0.1149      Ca B                927.846A    -3.120    0.0078      S  8                202.610A    -3.965    0.0011
continua........................................      Ca B                925.816A    -3.203    0.0064      Si 5                117.853A    -3.929    0.0012
Bac                 3646.00A     0.173   15.2391      Ca B                924.142A    -3.281    0.0054      Si 6                1.96247m    -1.949    0.1150
nFnu                3645.00A     0.292   20.0295      Ca B                922.743A    -3.354    0.0045      Si 6                249.124A    -3.153    0.0072
nFnu                3647.00A    -0.330    4.7904      Ca B                921.562A    -3.423    0.0039      Si 8                319.826A    -3.697    0.0021
cout                3646.00A     0.173   15.2391      Ca B                920.556A    -3.489    0.0033      Si 8                316.206A    -3.753    0.0018
thin                3646.00A     0.173   15.2391      Ca B                919.693A    -3.551    0.0029      Si 8                314.327A    -3.873    0.0014
Inci                4860.00A     0.348   22.7945      Ca B                918.945A    -3.611    0.0025      level 1 lines...................................
Inci                1367.00A     0.603   41.0194      Ca B                918.295A    -3.667    0.0022      recombination...................................
Inci                2066.00A     0.513   33.3622      Ca B                917.724A    -3.722    0.0019      C  2                1335.00A    -2.703    0.0203
Inci                1215.00A     0.628   43.5007      Ca B                4685.68A    -1.636    0.2367      C  3                8197.00A    -3.858    0.0014
Ba C                      0     -0.472    3.4502      Ca B                3203.08A    -2.008    0.1005      C  3                2726.00A    -3.929    0.0012
PA C                      0     -0.893    1.3099      Ca B                2733.28A    -2.288    0.0528      C  3                4069.00A    -3.464    0.0035
FIR                 83.0000m    -0.295    5.1940      Ca B                2511.19A    -2.511    0.0315      C  3                1923.00A    -2.801    0.0162
TIR                 1800.00m    -3.009    0.0100      Ca B                2385.39A    -2.698    0.0205      C  3                4649.00A    -3.487    0.0033
NIRa                2.85000m     0.921   85.3610      Ca B                2306.18A    -2.859    0.0142      C  3                4187.00A    -3.921    0.0012
NIRb                3.00000m     0.598   40.5430      Ca B                2252.67A    -3.000    0.0102      C  3                2163.00A    -3.625    0.0024
MIRa                15.0000m     0.486   31.3219      Ca B                2214.65A    -3.127    0.0076      C  4                4659.00A    -3.677    0.0022
MIRb                22.5000m     0.536   35.1690      Ca B                2186.59A    -3.242    0.0059      C  4                2529.00A    -3.243    0.0059
NMIR                21.7500m     0.921   85.3610      Ca B                2165.23A    -3.346    0.0046      C  4                1549.00A    -2.432    0.0378
TFIR                611.250m    -2.452    0.0361      Ca B                2148.58A    -3.443    0.0037      N  3                4379.00A    -3.942    0.0012
TALL                10000.0A     1.457  293.3551      Ca B                2135.34A    -3.532    0.0030      N  3                1885.00A    -3.403    0.0040
F12                 12.0000m     0.133   13.9062      Ca B                2124.61A    -3.616    0.0025      N  4                1036.00A    -3.639    0.0024
F25                 25.0000m    -0.249    5.7644      Ca B                2115.81A    -3.694    0.0021      N  5                1620.00A    -3.796    0.0016
F60                 60.0000m    -0.510    3.1646      Ca B                2108.49A    -3.768    0.0017      O  2                4094.00A    -3.926    0.0012
F100                100.000m    -0.710    1.9964      Ca B                2102.33A    -3.838    0.0015      O  2                4075.00A    -3.571    0.0027
MIPS                24.0000m    -0.295    5.1837      Ca B                2097.10A    -3.904    0.0013      O  2                4111.00A    -3.879    0.0014
MIPS                70.0000m    -2.289    0.0527      Ca B                2092.63A    -3.966    0.0011      O  2                4651.00A    -3.348    0.0046
MIPS                160.000m    -3.190    0.0066      Ca B                1.01235m    -2.211    0.0630      O  2                4341.00A    -3.625    0.0024
IRAC                3.60000m    -0.285    5.3132      Ca B                6560.01A    -2.507    0.0319      O  3                3265.00A    -3.635    0.0024
IRAC                4.50000m    -0.256    5.6712      Ca B                5411.45A    -2.744    0.0185      O  3                3762.00A    -3.886    0.0013
IRAC                5.80000m    -0.221    6.1532      Ca B                4859.26A    -2.940    0.0118      O  4                4632.00A    -3.796    0.0016
IRAC                8.00000m    -0.048    9.1602      Ca B                4541.54A    -3.107    0.0080      O  4                2450.00A    -3.358    0.0045
SPR1                250.000m    -3.231    0.0060      Ca B                4338.62A    -3.253    0.0057      O  4                1068.00A    -3.137    0.0075
SPR2                350.000m    -3.349    0.0046      Ca B                4199.78A    -3.383    0.0042      O  5                2942.00A    -3.613    0.0025
SPR3                500.000m    -3.406    0.0040      Ca B                4099.99A    -3.500    0.0032      O  5                1644.00A    -3.404    0.0040
PAC1                70.0000m    -2.262    0.0560      Ca B                4025.55A    -3.607    0.0025      O  6                2070.00A    -3.985    0.0011
PAC2                100.000m    -0.710    1.9963      Ca B                3968.39A    -3.705    0.0020      O  6                1125.00A    -3.573    0.0027
PAC3                160.000m    -2.912    0.0125      Ca B                3923.44A    -3.796    0.0016      C  2                1092.50A    -3.762    0.0018
PAH                 3.30000m    -1.153    0.7198      Ca B                3887.40A    -3.881    0.0013      C  2                1036.80A    -3.383    0.0042
PAHC                3.23000m    -1.328    0.4815      Ca B                3858.03A    -3.960    0.0011      C  2                946.100A    -3.433    0.0038
PAHC                3.37000m    -1.457    0.3571      Ca B                1.86365m    -2.676    0.0216      C  2                799.800A    -2.543    0.0293
PAH                 6.20000m    -0.730    1.9059      Ca B                1.16262m    -2.916    0.0124      C  3                2512.20A    -3.363    0.0044
PAHC                5.65000m    -0.621    2.4509      Ca B                9344.80A    -3.120    0.0078      C  3                2440.00A    -3.830    0.0015
PAH                 7.90000m    -0.439    3.7268      Ca B                8236.67A    -3.293    0.0052      C  3                2296.90A    -2.316    0.0494
PAHC                6.90000m    -0.481    3.3835      Ca B                7592.65A    -3.443    0.0037      C  3                2296.10A    -3.561    0.0028
PAH                 11.3000m    -1.277    0.5412      Ca B                7177.41A    -3.577    0.0027      C  3                2200.40A    -3.390    0.0042
PAHC                10.9000m    -1.212    0.6281      Ca B                6890.80A    -3.697    0.0021      C  3                2114.30A    -3.476    0.0034
PAH                 11.8000m    -1.100    0.8129      Ca B                6683.11A    -3.805    0.0016      C  3                2017.40A    -3.162    0.0071
PAHC                12.6500m    -1.227    0.6062      Ca B                6527.01A    -3.905    0.0013      C  3                1923.30A    -3.550    0.0029
PAH                 13.3000m    -1.180    0.6765      Ca B                6406.30A    -3.998    0.0010      C  3                1828.00A    -2.352    0.0455
PAHC                14.1000m    -0.870    1.3822      Ca B                3.09080m    -3.072    0.0087      C  3                1796.80A    -3.506    0.0032
Bcon                3640.00A     0.984   98.7126      Ca B                1.87431m    -3.269    0.0055      C  3                1777.90A    -3.923    0.0012
Pcon                5000.00A     0.650   45.6792      Ca B                1.47602m    -3.446    0.0037      C  3                1701.60A    -3.657    0.0023
O3bn                5007.00A     0.064   11.8616      Ca B                1.28127m    -3.600    0.0026      C  3                1633.60A    -3.578    0.0027
SX                  25.0000A    -0.993    1.0404      Ca B                1.16730m    -3.737    0.0019      C  3                1620.30A    -3.891    0.0013
HX                  4.70000A    -0.225    6.0967      Ca B                1.09334m    -3.859    0.0014      C  3                1577.10A    -2.294    0.0520
ROSA                12.3980A    -0.566    2.7809      Ca B                1.04197m    -3.970    0.0011      C  3                1548.90A    -3.458    0.0036
HFFc                      0     -0.710    1.9945      Ca B                4.76213m    -3.417    0.0039      C  3                1516.30A    -3.855    0.0014
H FF                      0     -0.780    1.7004      Ca B                2.82519m    -3.581    0.0027      C  3                1491.20A    -3.334    0.0047
HeFF                      0     -1.565    0.2788      Ca B                2.18848m    -3.736    0.0019      C  3                1480.40A    -3.802    0.0016
MeFB                      0     -2.162    0.0705      Ca B                1.87570m    -3.875    0.0014      C  3                1478.10A    -3.333    0.0048
MeFF                      0     -2.826    0.0153      Ca B                1.69181m    -3.999    0.0010      C  3                1381.70A    -3.905    0.0013
ToFF                      0     -0.710    1.9945      Ca B                6.94599m    -3.724    0.0019      C  3                1296.30A    -3.450    0.0036
nFnu                6915.34m    -3.951    0.0011      Ca B                4.04945m    -3.861    0.0014      C  3                1247.40A    -2.811    0.0158
nFnu                122.367m    -2.479    0.0340      Ca B                3.09460m    -3.998    0.0010      C  3                1175.70A    -2.137    0.0747
nInu                122.367m    -3.458    0.0036      Ca B                9.71069m    -4.000    0.0010      C  3                977.000A    -1.801    0.1620
nFnu                60.8157m    -2.233    0.0598      He 2                607.571A    -0.282    5.3479      C  3                574.300A    -2.885    0.0133
nInu                60.8157m    -2.399    0.0408      He 2                303.784A     0.043   11.3006      C  3                538.200A    -2.887    0.0133
nFnu                41.2039m    -2.089    0.0834      He 2                256.317A    -3.044    0.0092      C  3                511.500A    -2.852    0.0144
nInu                41.2039m    -1.807    0.1598      He 2                243.027A    -3.176    0.0068      C  3                493.500A    -2.563    0.0280
nFnu                30.8611m    -1.985    0.1059      He 2                237.331A    -3.243    0.0059      C  3                492.600A    -2.704    0.0202
nInu                30.8611m    -1.366    0.4408      He 2                234.347A    -3.280    0.0054      C  3                483.700A    -2.725    0.0193
nFnu                24.7761m    -1.906    0.1270      He 2                232.584A    -3.308    0.0050      C  3                476.000A    -2.566    0.0278
nInu                24.7761m    -1.032    0.9519      He 2                231.454A    -3.326    0.0048      C  3                459.600A    -1.671    0.2182
nFnu                24.2932m    -1.899    0.1291      He 2                230.686A    -3.350    0.0046      C  3                450.700A    -2.844    0.0147
nInu                24.2932m    -1.001    1.0210      He 2                230.139A    -3.367    0.0044      C  3                433.300A    -2.887    0.0133
nFnu                22.8240m    -1.877    0.1360      He 2                229.736A    -3.486    0.0033      C  3                411.700A    -1.691    0.2083
nInu                22.8240m    -0.910    1.2595      He 2                229.431A    -3.500    0.0032      C  3                398.400A    -1.875    0.1366
nFnu                21.4141m    -1.855    0.1430      He 2                229.194A    -3.515    0.0031      C  3                371.700A    -2.550    0.0289
nInu                21.4141m    -0.814    1.5720      He 2                229.006A    -3.529    0.0030      N  2                1085.10A    -3.891    0.0013
nFnu                21.1177m    -1.849    0.1449      He 2                228.855A    -3.542    0.0029      N  2                646.400A    -3.946    0.0012
nInu                21.1177m    -0.788    1.6664      He 2                228.731A    -3.554    0.0029      N  3                2188.10A    -3.564    0.0028
nFnu                19.6146m    -1.822    0.1543      He 2                228.629A    -3.564    0.0028      N  3                2064.30A    -3.141    0.0074
nInu                19.6146m    -0.677    2.1539      He 2                228.543A    -3.572    0.0027      N  3                1498.30A    -3.615    0.0025
nFnu                17.6486m    -1.784    0.1685      He 2                228.471A    -3.578    0.0027      N  3                991.000A    -1.942    0.1171
nInu                17.6486m    -0.520    3.0923      He 2                228.409A    -3.581    0.0027      N  3                979.900A    -3.940    0.0012
nFnu                17.3653m    -1.778    0.1707      He 2                228.356A    -3.578    0.0027      N  3                782.900A    -2.917    0.0124
nInu                17.3653m    -0.495    3.2780      He 2                1640.41A    -0.816    1.5642      N  3                764.000A    -2.476    0.0342
nFnu                15.6859m    -1.743    0.1852      He 2                1215.13A    -1.283    0.5339      N  3                685.700A    -2.725    0.0193
nInu                15.6859m    -0.337    4.7060      He 2                1084.94A    -1.618    0.2469      N  3                472.300A    -3.018    0.0098
nFnu                14.5997m    -1.715    0.1972      He 2                1025.27A    -1.876    0.1361      N  3                418.800A    -2.443    0.0369
nInu                14.5997m    -0.231    6.0122      He 2                992.358A    -2.087    0.0838      N  3                411.300A    -3.000    0.0102
nFnu                12.4266m    -1.653    0.2275      He 2                972.106A    -2.264    0.0557      N  3                391.300A    -2.849    0.0145
nInu                12.4266m     0.017   10.6480      He 2                958.693A    -2.417    0.0392      N  3                387.400A    -2.371    0.0435
nFnu                11.3969m    -1.624    0.2433      He 2                949.323A    -2.551    0.0288      N  3                374.400A    -2.537    0.0297
nInu                11.3969m     0.149   14.4206      He 2                942.507A    -2.448    0.0365      N  3                348.700A    -1.780    0.1697
nFnu                10.4572m    -1.589    0.2638      He 2                937.389A    -2.544    0.0292      N  3                340.200A    -2.124    0.0770
nInu                10.4572m     0.281   19.5299      He 2                933.444A    -2.633    0.0238      N  3                323.300A    -2.766    0.0175
nFnu                9.47744m    -1.557    0.2840      He 2                930.337A    -2.714    0.0198      N  3                311.600A    -2.957    0.0113
nInu                9.47744m     0.348   22.7959      He 2                927.846A    -2.789    0.0166      N  4                1718.60A    -3.617    0.0025
nFnu                9.32234m    -1.551    0.2876      He 2                925.816A    -2.859    0.0142      N  4                1325.30A    -3.940    0.0012
nInu                9.32234m     0.348   22.7959      He 2                924.142A    -2.923    0.0122      N  4                923.200A    -3.394    0.0041
nFnu                8.20812m    -1.501    0.3227      He 2                922.743A    -2.983    0.0107      N  4                765.100A    -3.055    0.0090
nInu                8.20812m     0.348   22.7958      He 2                921.562A    -3.037    0.0094      N  4                715.700A    -3.896    0.0013
nFnu                7.57793m    -1.476    0.3423      He 2                920.556A    -3.084    0.0084      N  4                678.000A    -3.957    0.0011
nInu                7.57793m     0.348   22.7958      He 2                919.693A    -3.124    0.0077      N  4                322.600A    -3.614    0.0025
nFnu                7.04834m    -1.440    0.3713      He 2                4685.68A    -1.717    0.1962      N  4                297.700A    -3.609    0.0025
nInu                7.04834m     0.348   22.7957      He 2                3203.08A    -2.034    0.0947      N  4                283.500A    -2.924    0.0122
nFnu                4.11258m    -1.233    0.5983      He 2                2733.28A    -2.294    0.0520      N  4                239.600A    -3.225    0.0061
nInu                4.11258m     0.348   22.7955      He 2                2511.19A    -2.509    0.0317      N  4                234.200A    -3.898    0.0013
nFnu                2.32377m    -1.045    0.9234      He 2                2385.39A    -2.689    0.0209      N  4                225.300A    -2.934    0.0119
nInu                2.32377m     0.348   22.7952      He 2                2306.18A    -2.846    0.0146      N  4                221.800A    -3.642    0.0023
nFnu                1.64268m    -0.901    1.2867      He 2                2252.67A    -2.983    0.0106      N  4                217.900A    -3.322    0.0049
nInu                1.64268m     0.348   22.7951      He 2                2214.65A    -2.963    0.0111      N  4                177.600A    -3.401    0.0041
nFnu                1.47981m    -0.886    1.3322      He 2                2186.59A    -3.059    0.0089      O  2                386.300A    -2.298    0.0515
nInu                1.47981m     0.348   22.7950      He 2                2165.23A    -3.147    0.0073      O  2                385.700A    -2.476    0.0342
nFnu                1.43610m    -0.736    1.8801      He 2                2148.58A    -3.228    0.0060      O  3                1947.20A    -3.913    0.0013
nInu                1.43610m     0.348   22.7950      He 2                2135.34A    -3.304    0.0051      O  3                834.500A    -2.194    0.0654
nFnu                1.11836m    -0.711    1.9904      He 2                2124.61A    -3.373    0.0043      O  3                703.400A    -2.521    0.0308
nInu                1.11836m     0.348   22.7949      He 2                2115.81A    -3.437    0.0037      O  3                599.600A    -3.024    0.0097
nFnu                8327.39A    -0.688    2.1010      He 2                2108.49A    -3.496    0.0033      O  3                541.600A    -2.994    0.0104
nInu                8327.39A     0.348   22.7947      He 2                2102.33A    -3.550    0.0029      O  3                374.100A    -2.660    0.0224
nFnu                8076.39A    -0.379    4.2776      He 2                2097.10A    -3.598    0.0026      O  3                320.700A    -2.662    0.0223
nInu                8076.39A     0.348   22.7947      He 2                2092.63A    -3.638    0.0024      O  3                300.500A    -2.037    0.0939
nFnu                6207.94A    -0.399    4.0805      He 2                1.01235m    -2.340    0.0468      O  3                299.300A    -2.434    0.0377
nInu                6207.94A     0.348   22.7946      He 2                6560.01A    -2.573    0.0273      O  4                3037.90A    -3.706    0.0020
nFnu                4884.00A    -0.396    4.1163      He 2                5411.45A    -2.785    0.0168      O  4                2620.00A    -3.903    0.0013
nInu                4884.00A     0.348   22.7945      He 2                4859.26A    -2.968    0.0110      O  4                2511.20A    -3.675    0.0022
nFnu                3703.28A    -0.352    4.5470      He 2                4541.54A    -3.127    0.0076      O  4                1341.80A    -2.979    0.0107
nInu                3703.28A     0.386   24.9173      He 2                4338.62A    -3.267    0.0055      O  4                1289.40A    -3.276    0.0054
nFnu                3586.64A     0.285   19.7078      He 2                4199.78A    -3.333    0.0048      O  4                1212.90A    -3.567    0.0028
nInu                3586.64A     0.393   25.2939      He 2                4099.99A    -3.428    0.0038      O  4                1046.00A    -3.909    0.0013
nFnu                2429.31A     0.091   12.6127      He 2                4025.55A    -3.516    0.0031      O  4                922.700A    -2.948    0.0116
nInu                2429.31A     0.477   30.7269      He 2                3968.39A    -3.597    0.0026      O  4                844.400A    -2.805    0.0160
nFnu                2391.30A     0.088   12.5309      He 2                3923.44A    -3.671    0.0022      O  4                789.400A    -1.461    0.3544
nInu                2391.30A     0.481   30.9843      He 2                3887.40A    -3.741    0.0019      O  4                779.900A    -2.007    0.1006
nFnu                2070.68A     0.096   12.7710      He 2                3858.03A    -3.805    0.0016      O  4                745.800A    -3.436    0.0037
nInu                2070.68A     0.512   33.2883      He 2                3833.76A    -3.864    0.0014      O  4                713.000A    -2.990    0.0105
nFnu                2052.02A     0.115   13.3306      He 2                3813.45A    -3.918    0.0012      O  4                703.900A    -3.297    0.0052
nInu                2052.02A     0.514   33.4553      He 2                3796.29A    -3.965    0.0011      O  4                636.500A    -3.209    0.0063
nFnu                1793.44A     0.183   15.6176      He 2                3781.64A    -4.005    0.0010      O  4                617.000A    -2.434    0.0377
nInu                1793.44A     0.543   35.7636      He 2                1.86365m    -2.845    0.0146      O  4                609.400A    -2.363    0.0444
nFnu                1585.12A     0.212   16.6898      He 2                1.16262m    -3.020    0.0098      O  4                554.400A    -1.991    0.1045
nInu                1585.12A     0.571   38.1036      He 2                9344.80A    -3.195    0.0065      O  4                487.000A    -3.336    0.0047
nFnu                1458.33A     0.214   16.7384      He 2                8236.67A    -3.353    0.0045      O  4                442.800A    -3.748    0.0018
nInu                1458.33A     0.589   39.7260      He 2                7592.65A    -3.492    0.0033      O  4                379.800A    -2.863    0.0140
nFnu                1356.96A     0.173   15.2391      He 2                7177.41A    -3.622    0.0024      O  4                342.300A    -3.992    0.0010
nInu                1356.96A     0.604   41.1419      He 2                6890.80A    -3.716    0.0020      O  4                306.700A    -3.085    0.0084
nFnu                1297.29A     0.071   12.0660      He 2                6683.11A    -3.804    0.0016      O  4                303.500A    -3.694    0.0021
nInu                1297.29A     0.614   42.1138      He 2                6527.01A    -3.884    0.0013      O  4                289.900A    -3.184    0.0067
nFnu                1262.79A    -0.080    8.5124      He 2                6406.30A    -3.959    0.0011      O  4                288.500A    -2.568    0.0277
nInu                1262.79A     0.620   42.6794      He 2                3.09080m    -3.274    0.0054      O  4                285.800A    -2.725    0.0193
nFnu                1218.08A    -0.841    1.4777      He 2                1.87431m    -3.409    0.0040      O  4                279.800A    -3.039    0.0094
nInu                1218.08A     0.628   43.4695      He 2                1.47602m    -3.554    0.0029      O  4                276.100A    -2.532    0.0301
nFnu                1196.33A    -0.835    1.4984      He 2                1.28127m    -3.690    0.0021      O  4                273.500A    -2.552    0.0287
nInu                1196.33A     0.632   43.8335      He 2                1.16730m    -3.860    0.0014      O  4                267.000A    -2.583    0.0268
nFnu                1175.06A    -0.827    1.5233      He 2                1.09334m    -3.954    0.0011      O  4                265.500A    -1.726    0.1923
nInu                1175.06A     0.635   44.2005      He 2                4.76213m    -3.648    0.0023      O  4                260.500A    -2.040    0.0934
nFnu                1143.64A    -0.812    1.5781      He 2                2.82519m    -3.752    0.0018      O  4                258.600A    -2.577    0.0271
nInu                1143.64A     0.642   44.8688      He 2                2.18848m    -3.875    0.0014      O  4                252.500A    -2.452    0.0361
nFnu                1113.22A    -0.796    1.6368      He 2                6.94599m    -3.979    0.0011      O  4                250.300A    -2.412    0.0396
nInu                1113.22A     0.648   45.4714      He-like iso-sequence............................      O  4                238.500A    -2.591    0.0263
nFnu                1103.23A    -0.792    1.6529      He 1                1202.81A    -1.158    0.7120      O  4                224.100A    -2.144    0.0735
nInu                1103.23A     0.649   45.6232      He 1                591.412A    -3.424    0.0039      O  4                216.200A    -2.889    0.0132
nFnu                1073.86A    -0.774    1.7223      Blnd                591.412A    -3.422    0.0039      O  4                213.000A    -2.445    0.0367
nInu                1073.86A     0.655   46.2359      He 1                584.334A    -1.841    0.1477      O  4                211.300A    -2.381    0.0426
nFnu                1064.34A    -0.767    1.7504      He 1                537.030A    -2.902    0.0128      O  4                207.200A    -2.363    0.0444
nInu                1064.34A     0.657   46.4678      He 1                522.213A    -3.033    0.0095      O  4                203.000A    -2.768    0.0175
nFnu                1035.92A    -0.748    1.8306      He 1                515.617A    -3.102    0.0081      O  4                200.800A    -1.493    0.3293
nInu                1035.92A     0.663   47.0917      He 1                512.099A    -3.154    0.0072      O  4                196.400A    -1.718    0.1957
nFnu                1000.00A    -0.720    1.9523      He 1                625.563A    -0.482    3.3713      O  4                188.200A    -2.440    0.0372
nInu                1000.00A     0.671   47.9634      He 1                510.018A    -3.355    0.0045      O  4                184.200A    -2.960    0.0112
nFnu                925.144A    -0.659    2.2444      He 1                508.657A    -3.359    0.0045      O  4                182.800A    -2.647    0.0231
nInu                925.144A     0.687   49.8384      He 1                507.727A    -3.463    0.0035      O  4                171.100A    -2.838    0.0149
nFnu                897.800A     0.065   11.8983      He 1                507.065A    -3.381    0.0043      O  4                158.600A    -1.774    0.1723
nInu                897.800A    -3.272    0.0055      He 1                506.576A    -3.381    0.0043      O  5                1371.30A    -3.249    0.0058
nFnu                760.023A    -0.669    2.1917      He 1                506.204A    -3.391    0.0042      O  5                1085.80A    -3.650    0.0023
nInu                760.023A    -1.798    0.1631      He 1                505.916A    -3.404    0.0040      O  5                1067.90A    -3.910    0.0013
nFnu                701.514A    -1.046    0.9204      He 1                505.687A    -3.418    0.0039      O  5                774.500A    -3.629    0.0024
nInu                701.514A    -1.284    0.5323      He 1                505.502A    -3.433    0.0038      O  5                760.400A    -3.000    0.0102
nFnu                608.160A    -1.518    0.3103      He 1                505.352A    -3.450    0.0036      O  5                681.300A    -3.512    0.0031
nInu                608.160A    -0.589    2.6353      He 1                505.227A    -3.468    0.0035      O  5                629.700A    -2.700    0.0204
nFnu                575.146A    -1.432    0.3787      He 1                505.122A    -3.486    0.0033      O  5                202.300A    -3.026    0.0096
nInu                575.146A    -0.377    4.2917      He 1                505.033A    -3.505    0.0032      O  5                192.900A    -2.549    0.0289
nFnu                511.948A    -1.097    0.8185      He 1                504.958A    -3.591    0.0026      O  5                168.000A    -2.625    0.0243
nInu                511.948A    -0.031    9.5286      He 1                504.893A    -3.588    0.0026      O  5                141.300A    -2.587    0.0265
nFnu                496.874A     0.275   19.2752      He 1                504.836A    -3.568    0.0028      level2 lines....................................
nInu                496.874A    -0.163    7.0270      He 1                504.787A    -3.626    0.0024      C  2                596.559A    -3.759    0.0018
nFnu                399.153A    -0.667    2.2031      He 1                504.744A    -3.586    0.0027      C  2                561.959A    -3.829    0.0015
nInu                399.153A     0.256   18.4615      He 1                504.706A    -3.523    0.0031      C  2                530.721A    -3.873    0.0014
RRC.............................................      He 1                504.672A    -2.738    0.0187      C  2                544.909A    -3.898    0.0013
H  1                911.753A    -1.629    0.2407      He 1                1.08291m    -2.722    0.0194      C  2                535.300A    -3.920    0.0012
H  1                3645.98A    -0.881    1.3478      He 1                1.08302m    -2.265    0.0557      C  3                271.090A    -3.387    0.0042
H  1                3645.98A    -0.543    2.9296      He 1                1.08303m    -2.026    0.0963      C  3                268.600A    -3.405    0.0040
H  1                8203.57A    -1.608    0.2522      Blnd                1.08302m    -1.776    0.1714      C  3                266.880A    -3.423    0.0039
H  1                8203.57A    -1.225    0.6100      He 1                3888.64A    -2.288    0.0528      C  3                288.500A    -3.427    0.0038
H  1                8203.57A    -1.340    0.4679      He 1                3187.74A    -2.621    0.0245      C  4                223.140A    -3.285    0.0053
H  1                1.45842m    -2.090    0.0833      He 1                2945.10A    -2.894    0.0131      C  4                212.750A    -3.420    0.0039
H  1                1.45842m    -1.700    0.2043      He 1                2829.08A    -3.123    0.0077      C  4                206.950A    -3.504    0.0032
H  1                1.45842m    -1.709    0.1999      He 1                2760.44A    -3.762    0.0018      C  4                203.370A    -3.577    0.0027
H  1                1.45842m    -2.062    0.0888      He 1                2721.00A    -3.887    0.0013      C  4                200.980A    -3.630    0.0024
H  1                2.27878m    -2.443    0.0369      He 1                2694.61A    -4.005    0.0010      C  4                199.320A    -3.686    0.0021
H  1                2.27878m    -2.054    0.0905      He 1                2.05813m    -3.060    0.0089      N  2                532.161A    -4.006    0.0010
H  1                2.27878m    -2.032    0.0951      He 1                5015.68A    -2.760    0.0178      N  3                293.510A    -3.389    0.0042
H  1                2.27878m    -2.239    0.0590      He 1                3964.73A    -3.150    0.0072      N  3                283.090A    -3.423    0.0039
H  1                2.27878m    -2.743    0.0185      He 1                3613.64A    -3.463    0.0035      N  3                264.550A    -3.437    0.0037
H  1                3.28145m    -2.720    0.0195      He 1                3447.59A    -3.724    0.0019      N  3                277.180A    -3.449    0.0036
H  1                3.28145m    -2.333    0.0476      He 1                7065.71A    -3.454    0.0036      N  3                312.110A    -3.445    0.0037
H  1                3.28145m    -2.299    0.0514      He 1                7065.21A    -2.977    0.0108      N  3                273.490A    -3.474    0.0034
H  1                3.28145m    -2.453    0.0361      He 1                7065.18A    -2.755    0.0180      N  3                267.450A    -3.491    0.0033
H  1                3.28145m    -2.785    0.0168      Blnd                7065.25A    -2.500    0.0324      N  3                248.910A    -3.527    0.0030
H  1                3.28145m    -3.390    0.0042      He 1                5875.98A    -3.061    0.0089      N  3                271.020A    -3.497    0.0033
H  1                4.46642m    -2.947    0.0116      He 1                5875.64A    -2.584    0.0267      N  3                305.650A    -3.505    0.0032
H  1                4.46642m    -2.561    0.0281      He 1                5875.61A    -2.362    0.0445      N  3                269.290A    -3.516    0.0031
H  1                4.46642m    -2.523    0.0307      Blnd                5875.66A    -2.107    0.0801      N  3                300.710A    -3.522    0.0031
H  1                4.46642m    -2.652    0.0228      He 1                4713.16A    -3.904    0.0013      N  3                238.620A    -3.635    0.0024
H  1                4.46642m    -2.914    0.0125      He 1                4713.14A    -3.682    0.0021      N  3                234.300A    -3.661    0.0022
H  1                4.46642m    -3.328    0.0048      Blnd                4713.17A    -3.426    0.0038      N  3                286.900A    -3.611    0.0025
H  1                4.46642m    -4.002    0.0010      He 1                4471.69A    -3.473    0.0034      N  3                231.470A    -3.818    0.0016
H  1                5.83369m    -3.139    0.0074      He 1                4471.49A    -2.996    0.0103      N  3                279.440A    -3.666    0.0022
H  1                5.83369m    -2.755    0.0180      He 1                4471.47A    -2.774    0.0172      N  3                229.580A    -3.779    0.0017
H  1                5.83369m    -2.715    0.0197      Blnd                4471.50A    -2.519    0.0310      N  3                274.950A    -3.713    0.0020
H  1                5.83369m    -2.831    0.0151      Blnd                4120.84A    -3.903    0.0013      N  3                272.030A    -3.748    0.0018
H  1                5.83369m    -3.057    0.0090      He 1                4026.36A    -3.792    0.0017      N  3                270.020A    -3.772    0.0017
H  1                5.83369m    -3.388    0.0042      He 1                4026.20A    -3.314    0.0050      N  4                197.610A    -3.426    0.0038
H  1                5.83369m    -3.856    0.0014      He 1                4026.19A    -3.093    0.0083      N  4                182.190A    -3.562    0.0028
H  1                7.38326m    -3.306    0.0051      Blnd                4026.21A    -2.837    0.0149      N  4                175.020A    -3.653    0.0023
H  1                7.38326m    -2.923    0.0122      He 1                3819.61A    -3.572    0.0027      N  4                170.460A    -3.731    0.0019
H  1                7.38326m    -2.882    0.0134      He 1                3819.60A    -3.350    0.0046      N  4                168.090A    -3.742    0.0019
H  1                7.38326m    -2.990    0.0105      Blnd                3819.62A    -3.095    0.0082      N  4                192.880A    -3.727    0.0019
H  1                7.38326m    -3.197    0.0065      He 1                3704.90A    -3.989    0.0011      N  4                167.260A    -3.847    0.0015
H  1                7.38326m    -3.482    0.0034      He 1                3704.76A    -3.512    0.0032      N  4                211.600A    -3.687    0.0021
H  1                7.38326m    -3.856    0.0014      He 1                3704.75A    -3.290    0.0053      N  4                166.340A    -3.890    0.0013
H  1                9.11514m    -3.453    0.0036      Blnd                3704.77A    -3.034    0.0095      N  4                165.190A    -3.901    0.0013
H  1                9.11514m    -3.071    0.0087      He 1                3634.08A    -3.677    0.0022      N  5                147.670A    -3.713    0.0020
H  1                9.11514m    -3.029    0.0096      He 1                3634.07A    -3.455    0.0036      N  5                140.580A    -3.808    0.0016
H  1                9.11514m    -3.134    0.0075      Blnd                3634.09A    -3.199    0.0065      N  5                136.640A    -3.889    0.0013
H  1                9.11514m    -3.327    0.0048      He 1                3587.16A    -3.821    0.0015      N  5                134.200A    -3.948    0.0012
H  1                9.11514m    -3.586    0.0027      He 1                3587.15A    -3.600    0.0026      N  5                132.580A    -4.007    0.0010
H  1                9.11514m    -3.908    0.0013      Blnd                3587.17A    -3.344    0.0046      O  2                425.190A    -3.482    0.0034
H  1                11.0293m    -2.544    0.0292      He 1                3554.34A    -3.950    0.0011      O  2                388.410A    -3.530    0.0030
H  1                13.1258m    -2.657    0.0226      He 1                3554.33A    -3.728    0.0019      O  2                373.600A    -3.589    0.0026
H  1                15.4046m    -2.760    0.0178      Blnd                3554.35A    -3.473    0.0034      O  2                361.821A    -3.598    0.0026
H  1                17.8657m    -2.856    0.0143      He 1                3530.43A    -3.846    0.0015      O  2                366.060A    -3.611    0.0025
H  1                20.5091m    -2.945    0.0116      Blnd                3530.44A    -3.591    0.0026      O  2                360.570A    -3.691    0.0021
H  1                23.3348m    -3.029    0.0096      He 1                3512.46A    -3.953    0.0011      O  2                414.619A    -3.785    0.0017
H  1                26.3428m    -3.108    0.0080      Blnd                3512.48A    -3.698    0.0021      O  2                358.780A    -3.830    0.0015
H  1                29.5331m    -3.182    0.0067      Blnd                3498.62A    -3.797    0.0016      O  2                356.930A    -3.834    0.0015
H  1                32.9057m    -3.252    0.0057      Blnd                3487.70A    -3.888    0.0013      O  2                355.610A    -3.879    0.0014
H  1                36.4606m    -3.319    0.0049      Blnd                3478.95A    -3.972    0.0011      O  3                305.400A    -2.232    0.0600
H  1                40.1978m    -3.382    0.0042      He 1                3439.98A    -3.886    0.0013      O  3                268.070A    -2.759    0.0178
H  1                44.1173m    -3.442    0.0037      Blnd                3440.00A    -3.631    0.0024      O  3                263.850A    -2.804    0.0161
H  1                48.2191m    -3.500    0.0032      He 1                7281.35A    -3.367    0.0044      O  3                373.640A    -2.889    0.0132
H  1                52.5033m    -3.555    0.0028      He 1                6678.15A    -2.669    0.0219      O  3                265.020A    -2.844    0.0147
H  1                56.9697m    -2.388    0.0419      He 1                5047.74A    -3.930    0.0012      O  3                248.730A    -3.118    0.0078
He 2                2049.91A    -2.167    0.0697      He 1                4921.93A    -3.095    0.0082      O  3                241.200A    -3.260    0.0056
He 2                2049.91A    -1.711    0.1990      He 1                4387.93A    -3.413    0.0040      O  3                248.620A    -3.307    0.0050
He 2                2049.91A    -1.721    0.1947      He 1                4143.76A    -3.668    0.0022      O  3                236.890A    -3.338    0.0047
He 2                3644.44A    -2.696    0.0206      He 1                4009.05A    -3.671    0.0022      O  3                234.190A    -3.377    0.0043
He 2                3644.44A    -2.231    0.0601      He 1                3926.41A    -3.838    0.0015      O  3                276.900A    -3.233    0.0060
He 2                3644.44A    -2.128    0.0762      He 1                3871.69A    -3.985    0.0011      O  3                241.140A    -3.376    0.0043
He 2                3644.44A    -2.364    0.0442      He 1                4.29471m    -3.504    0.0032      O  3                280.450A    -3.347    0.0046
He 2                5694.49A    -3.090    0.0083      He 1                1.25275m    -3.716    0.0020      O  3                263.230A    -3.345    0.0046
He 2                5694.49A    -2.624    0.0243      He 1                9463.58A    -3.917    0.0012      O  3                232.380A    -3.399    0.0041
He 2                5694.49A    -2.485    0.0335      He 1                1.70025m    -3.670    0.0022      O  3                236.860A    -3.412    0.0040
He 2                5694.49A    -2.569    0.0276      He 1                1.19691m    -3.834    0.0015      O  3                231.110A    -3.416    0.0039
He 2                5694.49A    -2.966    0.0111      He 1                9515.00A    -3.921    0.0012      O  3                255.390A    -3.416    0.0039
He 2                8200.12A    -3.400    0.0041      He 1                1.95431m    -3.950    0.0011      O  3                232.350A    -3.421    0.0039
He 2                8200.12A    -2.935    0.0119      He 1                1.86854m    -3.060    0.0089      O  3                234.180A    -3.427    0.0038
He 2                8200.12A    -2.782    0.0169      He 1                1.27849m    -3.389    0.0042      O  3                230.150A    -3.778    0.0017
He 2                8200.12A    -2.807    0.0160      He 1                1.09130m    -3.655    0.0023      O  3                231.100A    -3.440    0.0037
He 2                8200.12A    -3.026    0.0096      He 1                1.00275m    -3.851    0.0014      O  3                244.650A    -3.440    0.0037
He 2                8200.12A    -3.543    0.0029      He 1                1.86972m    -3.537    0.0030      O  3                238.930A    -3.456    0.0036
He 2                1.11613m    -3.653    0.0023      He 1                1.27905m    -3.867    0.0014      O  3                233.340A    -3.459    0.0036
He 2                1.11613m    -3.190    0.0066      He 1                4.04791m    -3.778    0.0017      O  3                235.520A    -3.466    0.0035
He 2                1.11613m    -3.030    0.0096      Ca B                2945.10A    -2.861    0.0141      O  3                232.490A    -3.498    0.0032
He 2                1.11613m    -3.028    0.0096      Ca B                3187.74A    -2.543    0.0293      O  3                235.000A    -3.510    0.0032
He 2                1.11613m    -3.173    0.0069      Ca B                3613.64A    -3.450    0.0036      O  3                231.670A    -3.906    0.0013
He 2                1.11613m    -3.493    0.0033      Ca B                3888.64A    -2.146    0.0731      O  4                239.130A    -2.400    0.0407
He 2                1.45781m    -3.866    0.0014      Ca B                3964.73A    -3.141    0.0074      O  4                207.610A    -3.287    0.0053
He 2                1.45781m    -3.404    0.0040      Ca B                4026.20A    -2.830    0.0152      O  4                196.560A    -3.345    0.0046
He 2                1.45781m    -3.241    0.0059      Ca B                4120.82A    -3.897    0.0013      O  4                214.760A    -3.273    0.0055
He 2                1.45781m    -3.224    0.0061      Ca B                4387.93A    -3.405    0.0040      O  4                181.780A    -3.465    0.0035
He 2                1.45781m    -3.331    0.0048      Ca B                4471.49A    -2.507    0.0318      O  4                171.550A    -3.945    0.0012
He 2                1.45781m    -3.565    0.0028      Ca B                4713.16A    -3.483    0.0034      O  4                280.550A    -3.081    0.0085
He 2                1.45781m    -3.962    0.0011      Ca B                4921.93A    -3.075    0.0086      O  4                174.710A    -3.518    0.0031
He 2                1.84504m    -3.588    0.0026      Ca B                5015.68A    -2.742    0.0185      O  4                203.010A    -3.385    0.0042
He 2                1.84504m    -3.424    0.0039      Ca B                5047.74A    -3.900    0.0013      O  4                174.310A    -3.536    0.0030
He 2                1.84504m    -3.399    0.0041      Ca B                5875.64A    -2.067    0.0878      O  4                182.700A    -3.509    0.0032
He 2                1.84504m    -3.483    0.0034      Ca B                6678.15A    -2.613    0.0250      O  4                181.770A    -3.513    0.0031
He 2                1.84504m    -3.670    0.0022      Ca B                7065.21A    -2.818    0.0156      O  4                170.710A    -3.582    0.0027
He 2                1.84504m    -3.971    0.0011      Ca B                7281.35A    -3.340    0.0047      O  4                159.680A    -3.645    0.0023
He 2                2.27783m    -3.749    0.0018      Ca B                1.08302m    -1.772    0.1729      O  4                168.240A    -3.607    0.0025
He 2                2.27783m    -3.585    0.0027      Ca B                1.19691m    -3.826    0.0015      O  4                152.360A    -3.699    0.0020
He 2                2.27783m    -3.555    0.0029      Ca B                1.27849m    -3.322    0.0049      O  4                180.320A    -3.562    0.0028
He 2                2.27783m    -3.625    0.0024      Ca B                1.27905m    -3.798    0.0016      O  4                186.020A    -3.551    0.0029
He 2                2.27783m    -3.783    0.0017      Ca B                1.70025m    -3.658    0.0023      O  4                166.570A    -3.650    0.0023
He 2                2.75620m    -2.999    0.0103      Ca B                1.86854m    -2.952    0.0114      O  4                165.420A    -3.668    0.0022
He 2                3.28011m    -3.111    0.0079      Ca B                1.86972m    -3.428    0.0038      O  4                150.140A    -3.788    0.0017
He 2                3.84958m    -3.214    0.0063      Ca B                2.05813m    -2.676    0.0216      O  4                153.570A    -3.783    0.0017
He 2                4.46460m    -3.309    0.0050      C  5                81.4655A    -3.253    0.0057      O  4                169.860A    -3.692    0.0021
He 2                5.12518m    -3.398    0.0041      C  5                40.7306A    -3.847    0.0015      O  4                168.250A    -3.708    0.0020
He 2                5.83131m    -3.482    0.0034      Blnd                40.7306A    -3.846    0.0015      O  4                148.130A    -3.851    0.0014
He 2                6.58301m    -3.560    0.0028      C  5                40.2678A    -3.249    0.0058      O  4                206.560A    -3.556    0.0028
He 2                7.38026m    -3.634    0.0024      C  5                41.4719A    -2.281    0.0535      O  4                166.640A    -3.733    0.0019
He 2                8.22307m    -3.704    0.0020      C  5                227.192A    -3.852    0.0014      O  4                146.760A    -3.900    0.0013
He 2                9.11143m    -3.770    0.0017      C  5                248.745A    -3.843    0.0015      O  4                145.810A    -3.942    0.0012
He 2                10.0454m    -3.833    0.0015      Blnd                248.708A    -3.587    0.0026      O  4                168.870A    -3.799    0.0016
He 2                11.0248m    -3.894    0.0013      N  6                28.7870A    -3.977    0.0011      O  4                168.140A    -3.884    0.0013
He 2                12.0499m    -3.951    0.0011      N  6                29.5343A    -3.463    0.0035      O  4                167.050A    -3.947    0.0012
He 2                13.1205m    -4.007    0.0010      O  7                22.1012A    -3.708    0.0020      O  5                135.810A    -3.677    0.0022
He 2                14.2366m    -2.806    0.0160      Pho+                3889.00A    -1.545    0.2916      O  5                139.140A    -3.667    0.0022
He 1                504.259A    -1.595    0.2599      extra Lyman.....................................      O  5                124.910A    -3.773    0.0017
He 1                2599.69A    -2.144    0.0735      database lines..................................      O  5                119.360A    -3.843    0.0015
He 1                3120.85A    -2.654    0.0227      Al 3                1862.79A    -3.689    0.0021      O  5                116.430A    -3.880    0.0014
He 1                3421.00A    -2.646    0.0231      Al 3                1854.72A    -3.582    0.0027      O  5                114.620A    -3.910    0.0013
He 1                3420.88A    -2.169    0.0694      Al 6                309.596A    -3.997    0.0010      O  5                113.410A    -3.934    0.0012
He 1                3420.88A    -1.947    0.1157      Al 6                309.850A    -3.994    0.0010      O  5                118.170A    -3.915    0.0012
He 1                3678.70A    -2.366    0.0440      Al 6                310.907A    -3.878    0.0014      O  5                112.580A    -3.953    0.0011
He 1                6632.16A    -3.048    0.0092      Al 6                312.237A    -3.616    0.0025      O  6                105.000A    -3.969    0.0011
He 1                7435.20A    -3.470    0.0035      Al 6                2428.39A    -3.500    0.0032      F  3                253.730A    -3.663    0.0022
He 1                7843.40A    -2.422    0.0387      Al 6                3.65932m    -1.999    0.1025      F  3                228.500A    -3.874    0.0014
He 1                8188.35A    -2.645    0.0232      Al 6                9.11329m    -3.052    0.0091      F  3                312.150A    -3.797    0.0016
He 1                8190.64A    -3.135    0.0075      Ar 3                887.403A    -3.924    0.0012      F  5                462.650A    -3.711    0.0020
He 1                8261.30A    -3.035    0.0094      Ar 3                7135.79A    -2.835    0.0150      F  5                654.960A    -3.948    0.0012
He 1                1.24770m    -3.599    0.0026      Ar 3                7751.11A    -3.459    0.0036      Ne 2                444.150A    -3.733    0.0019
He 1                1.35640m    -3.986    0.0011      Ar 3                8.98898m    -2.905    0.0127      Ne 2                356.870A    -3.704    0.0020
He 1                1.40933m    -2.921    0.0123      Ar 4                840.032A    -3.736    0.0019      Ne 2                404.130A    -3.787    0.0017
He 1                1.45602m    -3.015    0.0099      Ar 4                843.770A    -3.704    0.0020      Ne 2                327.700A    -3.835    0.0015
He 1                1.45643m    -3.508    0.0032      Ar 4                850.605A    -3.678    0.0021      Ne 2                331.200A    -3.834    0.0015
He 1                1.45759m    -3.374    0.0043      Ar 4                2853.66A    -3.004    0.0101      Ne 2                327.139A    -3.851    0.0014
He 1                1.45759m    -3.851    0.0014      Ar 4                2868.22A    -3.349    0.0046      Ne 2                355.969A    -3.844    0.0015
He 1                1.46631m    -3.506    0.0032      Ar 4                4711.26A    -2.054    0.0903      Ne 2                320.500A    -3.913    0.0013
He 1                2.01409m    -3.988    0.0011      Ar 4                4740.12A    -2.203    0.0641      Ne 2                327.160A    -3.942    0.0012
He 1                2.21671m    -3.287    0.0053      Ar 4                7170.70A    -3.853    0.0014      Ne 3                250.920A    -3.115    0.0079
He 1                2.27546m    -3.339    0.0047      Ar 4                7237.77A    -3.989    0.0011      Ne 3                227.420A    -3.347    0.0046
He 1                2.27605m    -3.832    0.0015      Ar 4                7263.33A    -3.908    0.0013      Ne 3                218.360A    -3.745    0.0018
He 1                2.27752m    -3.553    0.0029      Ar 5                827.366A    -3.415    0.0039      Ne 3                223.310A    -3.611    0.0025
He 1                2.28865m    -3.858    0.0014      Ar 5                2691.05A    -3.849    0.0014      Ne 3                228.870A    -3.331    0.0048
He 1                3.20639m    -3.573    0.0027      Ar 5                6435.12A    -2.855    0.0143      Ne 3                281.580A    -3.264    0.0056
He 1                3.27716m    -3.607    0.0025      Ar 5                7005.83A    -2.524    0.0306      Ne 3                227.190A    -3.419    0.0039
He 1                3.27969m    -3.768    0.0017      Ar 5                7.89971m    -2.099    0.0816      Ne 3                212.550A    -3.983    0.0011
He 1                4.46460m    -3.167    0.0070      Ar 5                13.0985m    -1.883    0.1341      Ne 3                265.510A    -3.338    0.0047
He 1                5.83132m    -3.339    0.0047      Ar 6                767.726A    -3.601    0.0026      Ne 3                218.030A    -3.893    0.0013
He 1                7.38026m    -3.490    0.0033      Ar 6                4.52800m    -1.860    0.1413      Ne 3                217.120A    -3.973    0.0011
He 1                9.11143m    -3.626    0.0024      C  2                687.053A    -3.900    0.0013      Ne 3                238.070A    -3.471    0.0035
He 1                11.0248m    -3.749    0.0018      C  2                858.559A    -3.960    0.0011      Ne 4                171.550A    -3.391    0.0042
He 1                13.1205m    -3.861    0.0014      C  2                903.623A    -3.581    0.0027      Ne 4                148.550A    -3.640    0.0023
He 1                15.3983m    -3.964    0.0011      C  2                903.962A    -3.481    0.0034      Ne 4                207.180A    -3.437    0.0037
He 1                61.5933m    -3.626    0.0024      C  2                904.142A    -3.277    0.0054      Ne 4                139.980A    -3.783    0.0017
C  3                258.906A    -3.552    0.0029      C  2                904.480A    -3.409    0.0040      Ne 4                159.100A    -3.672    0.0022
N  3                261.320A    -3.345    0.0046      C  2                1036.34A    -3.787    0.0017      Ne 4                135.720A    -3.831    0.0015
O  2                353.019A    -1.900    0.1287      C  2                1037.02A    -3.560    0.0028      Ne 4                133.390A    -3.859    0.0014
Ne 2                302.674A    -3.116    0.0078      C  2                1334.53A    -3.691    0.0021      Ne 4                157.090A    -3.749    0.0018
grains..........................................      C  2                1335.66A    -3.807    0.0016      Ne 4                131.770A    -3.953    0.0011
H-like iso-sequence.............................      C  2                1335.71A    -3.643    0.0023      Ne 4                139.680A    -3.915    0.0012
H  1 Cool           1215.67A    -2.684    0.0212      C  3                1908.73A    -2.229    0.0605      Ne 4                130.750A    -3.988    0.0011
Crst                960.000A    -2.837    0.0149      C  3                1906.68A    -2.048    0.0916      Ne 4                133.270A    -3.988    0.0011
Ca B                1215.67A     0.524   34.2362      C  3                977.020A    -2.341    0.0467      Ne 4                143.540A    -4.000    0.0010
Q(H)                4861.32A    -0.967    1.1036      C  3                386.203A    -3.684    0.0021      Ne 5                143.350A    -3.353    0.0045
Q(H)                1215.67A     0.579   38.8235      C  3                538.312A    -3.889    0.0013      Ne 5                142.640A    -3.500    0.0032
CaBo                4861.32A    -1.013    0.9944      C  3                2296.87A    -3.750    0.0018      Ne 5                119.100A    -3.751    0.0018
CaBo                1640.00A    -0.798    1.6310      C  3                884.524A    -3.368    0.0044      Ne 5                132.560A    -3.739    0.0019
CaBo                4685.64A    -1.653    0.2277      Ca 3                409.953A    -3.838    0.0015      Ne 5                167.820A    -3.543    0.0029
Ca A                1215.67A     0.331   21.9188      Ca 4                669.696A    -3.152    0.0072      Ne 5                110.570A    -3.925    0.0012
Ca A                1025.72A    -0.311    5.0001      Ca 4                3.20610m    -1.945    0.1162      Ne 5                131.150A    -3.788    0.0017
Ca A                972.537A    -0.721    1.9474      Ca 6                629.602A    -3.569    0.0028      Ne 5                118.920A    -3.890    0.0013
Ca A                949.743A    -1.024    0.9682      Ca 6                633.844A    -3.516    0.0031      Ne 5                112.110A    -3.981    0.0011
Ca A                937.803A    -1.266    0.5542      Ca 6                641.904A    -3.491    0.0033      Ne 5                136.490A    -3.783    0.0017
Ca A                930.748A    -1.469    0.3478      Cl 5                392.433A    -3.735    0.0019      Ne 5                110.550A    -4.009    0.0010
Ca A                926.226A    -1.643    0.2330      Cl 5                894.911A    -3.686    0.0021      Ne 5                124.970A    -3.912    0.0013
Ca A                923.150A    -1.796    0.1639      Cl 6                671.380A    -3.528    0.0030      Ne 5                119.400A    -3.972    0.0011
Ca A                920.963A    -1.932    0.1197      Cl 7                814.810A    -3.816    0.0016      Ne 6                122.920A    -3.563    0.0028
Ca A                919.351A    -2.055    0.0901      Cl 7                803.716A    -3.738    0.0019      Ne 6                111.440A    -3.890    0.0013
Ca A                918.129A    -2.168    0.0696      Cr 5                594.921A    -3.232    0.0060      Ne 6                114.600A    -3.904    0.0013
Ca A                917.181A    -2.271    0.0549      F  6                535.206A    -3.907    0.0013      Ne 6                138.790A    -3.837    0.0015
Ca A                916.429A    -2.366    0.0440      Fe 3                22.9190m    -3.962    0.0011      Na 3                229.280A    -3.740    0.0019
Ca A                915.824A    -2.455    0.0359      Fe 7                9.50763m    -1.276    0.5419      Na 4                167.980A    -3.937    0.0012
Ca A                915.329A    -2.538    0.0297      Fe 7                5720.71A    -1.853    0.1435      Na 5                124.710A    -3.763    0.0018
Ca A                914.919A    -2.616    0.0248      Fe 7                4988.55A    -2.052    0.0909      Na 5                148.020A    -3.948    0.0012
Ca A                914.576A    -2.688    0.0210      Fe 7                4893.37A    -2.318    0.0493      Mg 4                147.190A    -3.713    0.0020
Ca A                914.286A    -2.757    0.0179      Fe 7                4698.24A    -3.282    0.0053      Mg 4                130.220A    -3.915    0.0012
Ca A                914.039A    -2.821    0.0154      Fe 7                7.81037m    -1.807    0.1596      Mg 4                140.710A    -3.830    0.0015
Ca A                913.826A    -2.882    0.0134      Fe 7                6086.97A    -1.679    0.2145      Mg 4                140.340A    -3.880    0.0013
Ca A                913.641A    -2.939    0.0118      Fe 7                5158.89A    -2.184    0.0669      Mg 4                146.880A    -3.894    0.0013
Ca A                913.480A    -2.992    0.0104      Fe 7                4942.48A    -2.680    0.0214      Mg 4                140.650A    -3.894    0.0013
Ca A                913.339A    -3.042    0.0093      Fe 7                3586.32A    -2.150    0.0724      Mg 5                114.050A    -3.705    0.0020
Ca A                6562.80A    -0.743    1.8482      Fe 7                5276.38A    -2.845    0.0146      Mg 5                121.620A    -3.758    0.0018
Ca A                4861.32A    -1.191    0.6601      Fe 7                3758.92A    -1.997    0.1031      Mg 5                114.810A    -3.808    0.0016
Ca A                4340.46A    -1.514    0.3134      Fe 7                3.38363m    -3.062    0.0089      Mg 5                110.840A    -3.883    0.0013
Ca A                4101.73A    -1.767    0.1749      Fe 7                2.62872m    -3.000    0.0102      Mg 5                113.720A    -3.818    0.0016
Ca A                3970.07A    -1.976    0.1082      Fe 7                247.630A    -3.624    0.0024      Mg 5                131.630A    -3.894    0.0013
Ca A                3889.05A    -2.154    0.0718      Fe 9                171.073A    -3.742    0.0019      Mg 6                95.1402A    -3.714    0.0020
Ca A                3835.38A    -2.309    0.0502      K  3                4.61683m    -3.957    0.0011      Mg 6                111.230A    -4.002    0.0010
Ca A                3797.90A    -2.448    0.0365      K  4                5.98030m    -2.914    0.0125      Si 2                1179.59A    -3.854    0.0014
Ca A                3770.63A    -2.572    0.0274      Mg 1                2852.13A    -4.006    0.0010      Si 3                564.611A    -3.966    0.0011
Ca A                3750.15A    -2.685    0.0211      Mg 3                231.734A    -3.296    0.0052      Si 3                464.939A    -3.913    0.0012
Ca A                3734.37A    -2.789    0.0166      Mg 3                234.264A    -3.573    0.0027      Si 4                329.800A    -3.625    0.0024
Ca A                3721.94A    -2.885    0.0133      Mg 7                9.03096m    -2.643    0.0233      Si 4                312.700A    -3.676    0.0022
Ca A                3711.97A    -2.975    0.0109      Mg 7                5.50208m    -2.726    0.0193      Si 4                302.870A    -3.753    0.0018
Ca A                3703.85A    -3.058    0.0090      Mg 7                431.189A    -3.576    0.0027      Si 4                296.640A    -3.765    0.0018
Ca A                3697.15A    -3.136    0.0075      Mg 7                365.243A    -3.925    0.0012      Si 4                292.430A    -3.800    0.0016
Ca A                3691.55A    -3.210    0.0063      Mg 7                277.001A    -3.872    0.0014      Si 5                95.5502A    -3.814    0.0016
Ca A                3686.83A    -3.280    0.0054      Mg 7                2629.13A    -3.728    0.0019      S  3                667.049A    -3.356    0.0045
Ca A                3682.81A    -3.347    0.0046      Mg 7                367.684A    -3.712    0.0020      S  3                691.219A    -3.484    0.0034
Ca A                3679.35A    -3.410    0.0040      Mg 7                278.402A    -3.674    0.0022      S  3                704.220A    -3.537    0.0030
Ca A                3676.36A    -3.470    0.0035      N  4                1486.50A    -2.289    0.0526      S  3                671.510A    -3.818    0.0016
Ca A                3673.76A    -3.527    0.0030      N  4                1483.32A    -2.137    0.0747      S  3                482.139A    -3.707    0.0020
Ca A                3671.48A    -3.582    0.0027      N  4                765.147A    -3.010    0.0100      S  3                474.260A    -3.776    0.0017
Ca A                1.87510m    -1.541    0.2946      N  4                247.205A    -3.572    0.0027      S  3                480.121A    -3.812    0.0016
Ca A                1.28181m    -1.865    0.1398      N  4                1718.55A    -3.622    0.0024      S  3                420.730A    -3.872    0.0014
Ca A                1.09381m    -2.124    0.0770      N  4                463.736A    -3.056    0.0090      S  3                424.450A    -3.932    0.0012
Ca A                1.00494m    -2.337    0.0471      N  5                209.274A    -3.362    0.0044      S  4                330.110A    -3.570    0.0028
Ca A                9545.97A    -2.519    0.0310      N  5                209.308A    -3.377    0.0043      S  4                370.000A    -3.565    0.0028
Ca A                9229.02A    -2.677    0.0216      N  5                266.196A    -3.999    0.0010      S  4                341.260A    -3.582    0.0027
Ca A                9014.91A    -2.817    0.0156      N  5                266.379A    -3.699    0.0020      S  4                295.300A    -3.630    0.0024
Ca A                8862.79A    -2.942    0.0117      N  5                1238.82A    -2.181    0.0675      S  4                321.910A    -3.606    0.0025
Ca A                8750.48A    -3.057    0.0090      N  5                1242.80A    -2.447    0.0366      S  4                274.000A    -3.638    0.0024
Ca A                8665.02A    -3.162    0.0071      Na 6                14.3924m    -3.185    0.0067      S  4                306.380A    -3.659    0.0022
Ca A                8598.40A    -3.258    0.0056      Na 6                8.60825m    -3.408    0.0040      S  4                301.570A    -3.697    0.0021
Ca A                8545.39A    -3.348    0.0046      Na 6                491.240A    -3.746    0.0018      S  4                293.560A    -3.708    0.0020
Ca A                8502.49A    -3.432    0.0038      Na 6                312.603A    -3.993    0.0010      S  4                238.330A    -3.771    0.0017
Ca A                8467.26A    -3.511    0.0032      Na 6                417.563A    -3.885    0.0013      S  4                291.080A    -3.739    0.0019
Ca A                8437.96A    -3.586    0.0027      Na 6                313.742A    -3.841    0.0015      S  4                255.380A    -3.786    0.0017
Ca A                8413.32A    -3.656    0.0023      Ne 3                15.5509m    -1.139    0.7428      S  4                332.160A    -3.734    0.0019
Ca A                8392.40A    -3.723    0.0019      Ne 3                3868.76A    -1.305    0.5070      S  4                232.120A    -3.829    0.0015
Ca A                8374.48A    -3.786    0.0017      Ne 3                489.500A    -3.955    0.0011      S  4                248.780A    -3.835    0.0015
Ca A                8359.01A    -3.847    0.0015      Ne 3                36.0036m    -2.179    0.0678      S  4                242.980A    -3.886    0.0013
Ca A                8345.56A    -3.905    0.0013      Ne 3                3967.47A    -1.823    0.1539      S  4                283.230A    -3.810    0.0016
Ca A                8333.79A    -3.960    0.0011      Ne 3                1814.56A    -3.715    0.0020      S  4                279.740A    -3.861    0.0014
Ca A                4.05115m    -2.144    0.0735      Ne 3                491.045A    -2.618    0.0246      S  4                276.330A    -3.893    0.0013
Ca A                2.62515m    -2.394    0.0414      Ne 3                489.645A    -3.053    0.0091      S  4                284.670A    -3.894    0.0013
Ca A                2.16553m    -2.609    0.0252      Ne 3                488.875A    -3.931    0.0012      S  4                278.830A    -3.909    0.0013
Ca A                1.94456m    -2.793    0.0165      Ne 3                313.688A    -3.039    0.0094      S  4                280.110A    -3.949    0.0012
Ca A                1.81741m    -2.953    0.0114      Ne 3                283.576A    -3.756    0.0018      S  4                291.370A    -3.972    0.0011
Ca A                1.73621m    -3.095    0.0082      Ne 3                490.311A    -3.123    0.0077      S  5                285.830A    -3.459    0.0036
Ca A                1.68065m    -3.222    0.0061      Ne 3                313.961A    -3.445    0.0037      S  5                222.770A    -3.647    0.0023
Ca A                1.64072m    -3.337    0.0047      Ne 3                283.799A    -3.745    0.0018      S  5                202.700A    -4.008    0.0010
Ca A                1.61093m    -3.443    0.0037      Ne 3                379.308A    -3.717    0.0020      S  5                235.180A    -3.652    0.0023
Ca A                1.58805m    -3.540    0.0030      Ne 5                24.3108m    -0.855    1.4281      S  5                261.970A    -3.742    0.0019
Ca A                1.57007m    -3.631    0.0024      Ne 5                568.424A    -3.925    0.0012      S  6                172.480A    -3.968    0.0011
Ca A                1.55565m    -3.715    0.0020      Ne 5                14.3178m    -1.021    0.9752      Ar 3                458.140A    -3.241    0.0059
Ca A                1.54389m    -3.795    0.0016      Ne 5                3345.82A    -1.832    0.1507      Ar 3                464.671A    -3.366    0.0044
Ca A                1.53418m    -3.869    0.0014      Ne 5                1574.70A    -3.464    0.0035      Ar 3                451.091A    -3.599    0.0026
Ca A                1.52605m    -3.940    0.0012      Ne 5                569.756A    -3.192    0.0066      Ar 3                472.659A    -3.561    0.0028
Ca A                1.51919m    -4.007    0.0010      Ne 5                569.828A    -3.895    0.0013      Ar 3                488.909A    -3.703    0.0020
Ca A                7.45782m    -2.636    0.0237      Ne 5                481.293A    -3.546    0.0029      Ar 3                388.490A    -3.706    0.0020
Ca A                4.65251m    -2.834    0.0150      Ne 5                481.366A    -3.647    0.0023      Ar 3                527.451A    -3.736    0.0019
Ca A                3.73954m    -3.016    0.0099      Ne 5                358.474A    -3.509    0.0032      Ar 3                360.940A    -3.772    0.0017
Ca A                3.29609m    -3.177    0.0068      Ne 5                3425.88A    -1.400    0.4077      Ar 3                345.990A    -3.770    0.0017
Ca A                3.03837m    -3.320    0.0049      Ne 5                1145.61A    -3.687    0.0021      Ar 3                365.099A    -3.799    0.0016
Ca A                2.87221m    -3.448    0.0036      Ne 5                572.032A    -3.669    0.0022      Ar 3                517.521A    -3.909    0.0013
Ca A                2.75752m    -3.564    0.0028      Ne 5                572.105A    -3.618    0.0025      Ar 3                387.261A    -3.906    0.0013
Ca A                2.67440m    -3.671    0.0022      Ne 5                572.335A    -3.769    0.0017      Ar 3                360.231A    -3.919    0.0012
Ca A                2.61194m    -3.769    0.0017      Ne 5                482.990A    -3.011    0.0100      Ar 3                360.840A    -3.997    0.0010
Ca A                2.56363m    -3.860    0.0014      Ne 5                482.994A    -3.413    0.0040      Ar 3                348.330A    -3.992    0.0010
Ca A                2.52540m    -3.945    0.0012      Ne 5                359.374A    -2.735    0.0188      Ar 4                444.680A    -2.796    0.0164
Ca A                12.3685m    -3.052    0.0091      Ne 5                2973.13A    -3.948    0.0012      Ar 4                392.000A    -3.554    0.0029
Ca A                7.50045m    -3.212    0.0063      O  2                539.086A    -3.669    0.0022      Ar 4                278.290A    -3.641    0.0023
Ca A                5.90660m    -3.370    0.0044      O  2                539.547A    -3.708    0.0020      Ar 4                247.340A    -3.724    0.0019
Ca A                5.12726m    -3.512    0.0032      O  2                539.854A    -3.787    0.0017      Ar 4                233.650A    -3.784    0.0017
Ca A                4.67124m    -3.640    0.0023      O  2                832.758A    -3.676    0.0022      Ar 4                260.300A    -3.768    0.0017
Ca A                4.37526m    -3.757    0.0018      O  2                833.330A    -3.608    0.0025      Ar 4                291.540A    -3.779    0.0017
Ca A                4.16966m    -3.863    0.0014      O  2                834.465A    -3.584    0.0027      Ar 4                252.150A    -3.826    0.0015
Ca A                4.01977m    -3.962    0.0011      O  2                3728.81A    -3.387    0.0042      Ar 4                236.240A    -3.832    0.0015
Ca A                19.0567m    -3.413    0.0040      O  2                3726.03A    -3.528    0.0030      Ar 5                441.850A    -3.044    0.0092
Ca A                11.3056m    -3.545    0.0029      O  3                88.3323m    -0.713    1.9802      Ar 5                455.901A    -3.259    0.0056
Ca A                8.75768m    -3.682    0.0021      O  3                4931.23A    -3.836    0.0015      Ar 5                337.380A    -3.513    0.0031
Ca A                7.50606m    -3.809    0.0016      O  3                832.929A    -3.826    0.0015      Ar 5                231.610A    -3.711    0.0020
Ca A                6.77015m    -3.925    0.0012      O  3                51.8004m    -0.540    2.9534      Ar 5                210.330A    -3.957    0.0011
Ca A                27.7958m    -3.732    0.0019      O  3                4958.91A    -0.427    3.8262      Ar 5                225.740A    -3.708    0.0020
Ca A                16.2047m    -3.841    0.0015      O  3                2320.95A    -2.715    0.0197      Ar 5                222.930A    -3.833    0.0015
Ca A                12.3838m    -3.962    0.0011      O  3                1660.81A    -2.608    0.0252      Ar 5                252.030A    -3.782    0.0017
Ca B                6562.80A    -0.558    2.8314      O  3                833.715A    -3.325    0.0048      Ar 5                231.870A    -3.939    0.0012
Ca B                4861.32A    -1.013    0.9943      O  3                833.749A    -3.740    0.0019      Ar 5                249.290A    -4.004    0.0010
Ca B                4340.46A    -1.341    0.4666      O  3                702.838A    -3.387    0.0042      Ar 6                292.390A    -3.602    0.0026
Ca B                4101.73A    -1.598    0.2582      O  3                702.896A    -3.766    0.0018      Ar 6                221.080A    -3.778    0.0017
Ca B                3970.07A    -1.810    0.1586      O  3                507.680A    -3.232    0.0060      Ar 6                193.560A    -3.979    0.0011
Ca B                3889.05A    -1.990    0.1047      O  3                5006.84A     0.034   11.0586      Ca 3                351.260A    -3.080    0.0085
Ca B                3835.38A    -2.147    0.0729      O  3                1666.15A    -2.176    0.0683      Ca 3                298.430A    -3.500    0.0032
Ca B                3797.90A    -2.287    0.0529      O  3                835.059A    -2.974    0.0109      Ca 3                277.760A    -3.694    0.0021
Ca B                3770.63A    -2.413    0.0396      O  3                835.092A    -3.124    0.0077      Ca 3                267.540A    -3.782    0.0017
Ca B                3750.15A    -2.527    0.0304      O  3                835.289A    -3.472    0.0035      Ca 3                308.360A    -3.811    0.0016
Ca B                3734.37A    -2.632    0.0239      O  3                703.851A    -3.088    0.0084      Ca 3                261.770A    -3.858    0.0014
Ca B                3721.94A    -2.728    0.0191      O  3                703.854A    -3.257    0.0057      Ca 3                258.180A    -3.976    0.0011
Ca B                3711.97A    -2.819    0.0155      O  3                508.178A    -2.307    0.0505      Ca 3                281.010A    -3.924    0.0012
Ca B                3703.85A    -2.903    0.0128      O  3                4363.21A    -2.088    0.0836      Ca 4                303.870A    -2.824    0.0153
Ca B                3697.15A    -2.981    0.0107      O  3                565.565A    -3.637    0.0024      Ca 4                310.370A    -3.070    0.0087
Ca B                3691.55A    -3.055    0.0090      O  3                525.794A    -3.621    0.0025      Ca 4                307.850A    -3.005    0.0101
Ca B                3686.83A    -3.125    0.0077      O  5                1218.34A    -2.228    0.0606      Ca 4                323.400A    -3.072    0.0087
Ca B                3682.81A    -3.192    0.0066      O  5                1213.81A    -2.064    0.0884      Ca 4                319.070A    -2.941    0.0117
Ca B                3679.35A    -3.254    0.0057      O  5                629.732A    -2.556    0.0284      Ca 4                243.380A    -3.633    0.0024
Ca B                3676.36A    -3.314    0.0050      O  5                172.169A    -3.691    0.0021      Ca 4                237.560A    -3.632    0.0024
Ca B                3673.76A    -3.371    0.0044      O  5                1371.30A    -3.890    0.0013      Ca 4                234.960A    -3.664    0.0022
Ca B                3671.48A    -3.425    0.0038      O  5                286.448A    -3.219    0.0062      Ca 4                342.770A    -3.669    0.0022
Ca B                1.87510m    -1.492    0.3294      P  4                824.731A    -3.687    0.0021      Ca 4                244.300A    -3.752    0.0018
Ca B                1.28181m    -1.806    0.1599      P  4                950.657A    -3.591    0.0026      Ca 4                410.199A    -3.761    0.0018
Ca B                1.09381m    -2.061    0.0889      P  4                1035.52A    -3.837    0.0015      Ca 4                236.130A    -3.822    0.0015
Ca B                1.00494m    -2.273    0.0546      S  3                33.4704m    -2.380    0.0426      Ca 4                234.480A    -3.967    0.0011
Ca B                9545.97A    -2.454    0.0360      S  3                18.7078m    -2.573    0.0274      Ca 4                286.350A    -3.948    0.0012
Ca B                9229.02A    -2.611    0.0251      S  3                9068.62A    -2.655    0.0227      Ca 5                314.530A    -2.836    0.0149
Ca B                9014.91A    -2.751    0.0182      S  3                9530.62A    -2.255    0.0569      Ca 5                325.410A    -2.951    0.0114
Ca B                8862.79A    -2.877    0.0136      S  3                6312.06A    -3.765    0.0018      Ca 5                332.080A    -3.238    0.0059
Ca B                8750.48A    -2.991    0.0104      S  3                1194.45A    -3.828    0.0015      Ca 5                263.570A    -3.594    0.0026
Ca B                8665.02A    -3.096    0.0082      S  3                1021.11A    -3.769    0.0017      Ca 5                276.240A    -3.575    0.0027
Ca B                8598.40A    -3.193    0.0066      S  5                1199.13A    -3.685    0.0021      Ca 5                660.908A    -3.636    0.0024
Ca B                8545.39A    -3.283    0.0053      S  5                1188.28A    -3.831    0.0015      Ca 5                251.650A    -3.638    0.0024
Ca B                8502.49A    -3.367    0.0044      S  5                786.468A    -3.233    0.0060      Ca 5                368.590A    -3.723    0.0019
Ca B                8467.26A    -3.446    0.0037      Si 2                1194.50A    -3.886    0.0013      Ca 5                366.341A    -3.760    0.0018
Ca B                8437.96A    -3.520    0.0031      Si 3                1892.03A    -3.540    0.0029      Ca 6                330.390A    -3.022    0.0097
Ca B                8413.32A    -3.590    0.0026      Si 3                1882.71A    -3.372    0.0043      Ca 6                227.310A    -3.530    0.0030
Ca B                8392.40A    -3.657    0.0023      Si 3                1206.50A    -3.196    0.0065      Ca 6                175.270A    -3.976    0.0011
Ca B                8374.48A    -3.720    0.0020      Si 4                1122.48A    -3.943    0.0012      Ca 7                338.000A    -3.580    0.0027
Ca B                8359.01A    -3.780    0.0017      Si 4                1128.34A    -3.910    0.0013      Ca 7                348.130A    -3.708    0.0020
Ca B                8345.56A    -3.838    0.0015      Si 4                1393.75A    -2.561    0.0281      Fe 3                911.104A    -3.703    0.0020
Ca B                8333.79A    -3.892    0.0013      Si 4                1402.77A    -2.774    0.0172      Fe 3                859.623A    -3.937    0.0012
Ca B                4.05115m    -2.121    0.0774      Si 7                275.353A    -3.986    0.0011      Fe 3                896.877A    -3.806    0.0016
Ca B                2.62515m    -2.365    0.0441      Si 7                275.667A    -3.893    0.0013      Fe 4                309.190A    -3.008    0.0100
Ca B                2.16553m    -2.578    0.0271      Si 7                276.839A    -3.776    0.0017      Fe 4                532.950A    -3.230    0.0060
Ca B                1.94456m    -2.760    0.0178      Si 7                278.443A    -3.512    0.0031      Fe 4                275.130A    -3.203    0.0064
Ca B                1.81741m    -2.918    0.0124      Si 7                2146.64A    -3.202    0.0064      Fe 4                259.600A    -3.414    0.0039
Ca B                1.73621m    -3.059    0.0089      Si 7                2350.02A    -3.837    0.0015      Fe 4                251.070A    -3.622    0.0024
Ca B                1.68065m    -3.186    0.0067      Si 7                2.48071m    -2.361    0.0445      Fe 4                245.840A    -3.670    0.0022
Ca B                1.64072m    -3.301    0.0051      Si 7                6.51288m    -3.564    0.0028      Fe 4                326.120A    -3.642    0.0023
Ca B                1.61093m    -3.406    0.0040      Ti 5                252.959A    -3.145    0.0073      Fe 4                242.370A    -3.694    0.0021
Ca B                1.58805m    -3.504    0.0032      Ti 6                1.71509m    -3.391    0.0042      Fe 4                239.960A    -3.710    0.0020
Ca B                1.57007m    -3.594    0.0026      V  6                224.499A    -3.693    0.0021      Fe 4                281.200A    -3.714    0.0020
Ca B                1.55565m    -3.679    0.0021      Al 2                1670.79A    -3.883    0.0013      Fe 4                262.550A    -3.734    0.0019
Ca B                1.54389m    -3.758    0.0018      Al 5                2.90450m    -3.004    0.0101      Fe 4                252.740A    -3.773    0.0017
Ca B                1.53418m    -3.832    0.0015      Al 5                281.394A    -3.506    0.0032      Fe 4                246.880A    -3.794    0.0016
Ca B                1.52605m    -3.903    0.0013      Al 7                356.892A    -3.675    0.0022      Fe 4                243.070A    -3.833    0.0015
Ca B                1.51919m    -3.970    0.0011      Al 7                353.777A    -3.727    0.0019      Fe 4                240.450A    -3.836    0.0015
Ca B                7.45782m    -2.621    0.0245      Al 7                352.159A    -3.837    0.0015      Fe 5                236.210A    -3.409    0.0040
Ca B                4.65251m    -2.816    0.0156      Ar 7                585.748A    -3.553    0.0029      Fe 5                236.300A    -3.466    0.0035
Ca B                3.73954m    -2.997    0.0103      Ar 8                713.801A    -3.842    0.0015      Fe 5                391.409A    -3.425    0.0038
Ca B                3.29609m    -3.156    0.0071      Ar 8                700.240A    -3.757    0.0018      Fe 5                227.780A    -3.497    0.0033
Ca B                3.03837m    -3.298    0.0052      C  4                1550.77A    -1.303    0.5090      Fe 5                205.950A    -3.897    0.0013
Ca B                2.87221m    -3.425    0.0038      C  4                1548.19A    -1.013    0.9926      Fe 5                199.080A    -3.929    0.0012
Ca B                2.75752m    -3.541    0.0029      C  4                419.525A    -3.056    0.0090      Fe 5                389.529A    -3.591    0.0026
Ca B                2.67440m    -3.647    0.0023      C  4                419.714A    -2.756    0.0179      Fe 5                369.760A    -3.543    0.0029
Ca B                2.61194m    -3.745    0.0018      C  4                312.451A    -3.291    0.0052      Fe 5                205.790A    -3.914    0.0012
Ca B                2.56363m    -3.836    0.0015      C  4                312.420A    -3.286    0.0053      Fe 5                236.880A    -3.587    0.0026
Ca B                2.52540m    -3.920    0.0012      C  4                244.911A    -3.777    0.0017      Fe 5                192.460A    -4.006    0.0010
Ca B                2.49458m    -4.000    0.0010      C  4                948.208A    -3.914    0.0012      Fe 5                226.680A    -3.689    0.0021
Ca B                12.3685m    -3.039    0.0093      C  4                244.903A    -3.764    0.0018      Fe 5                241.720A    -3.741    0.0019
Ca B                7.50045m    -3.199    0.0065      C  4                948.090A    -3.816    0.0016      Fe 5                232.230A    -3.769    0.0017
Ca B                5.90660m    -3.355    0.0045      Ca 5                4.15739m    -2.232    0.0600      Fe 5                241.470A    -3.773    0.0017
Ca B                5.12726m    -3.497    0.0033      Ca 5                11.4792m    -3.366    0.0044      Fe 5                231.710A    -3.853    0.0014
Ca B                4.67124m    -3.624    0.0024      Ca 5                5309.11A    -2.404    0.0404      Fe 5                365.850A    -3.800    0.0016
Ca B                4.37526m    -3.740    0.0019      Ca 5                6086.37A    -3.115    0.0078      Fe 6                174.510A    -3.369    0.0044
Ca B                4.16966m    -3.847    0.0015      Ca 5                2412.87A    -3.839    0.0015      Fe 6                156.820A    -3.407    0.0040
Ca B                4.01977m    -3.945    0.0012      Ca 7                414.647A    -3.981    0.0011      Fe 6                180.240A    -3.508    0.0032
Ca B                19.0567m    -3.401    0.0041      Ca 8                2.32117m    -3.840    0.0015      Fe 6                185.150A    -3.513    0.0031
Ca B                11.3056m    -3.534    0.0030      Cl 3                5517.71A    -3.886    0.0013      Fe 6                159.280A    -3.681    0.0021
Ca B                8.75768m    -3.670    0.0022      Cl 4                20.3197m    -2.336    0.0472      Fe 6                159.700A    -3.729    0.0019
Ca B                7.50606m    -3.796    0.0016      Cl 4                11.7629m    -2.424    0.0386      Fe 6                295.530A    -3.295    0.0052
Ca B                6.77015m    -3.912    0.0013      Cl 4                7530.54A    -2.917    0.0124      Fe 6                153.700A    -3.804    0.0016
Ca B                27.7958m    -3.720    0.0019      Cl 4                8045.62A    -2.553    0.0287      Fe 6                148.120A    -3.900    0.0013
Ca B                16.2047m    -3.831    0.0015      Cl 4                3118.66A    -3.941    0.0012      Fe 6                148.030A    -3.888    0.0013
Ca B                12.3838m    -3.952    0.0011      Cr 7                202.825A    -3.329    0.0048      Fe 6                155.390A    -3.868    0.0014
Ca B                38.8593m    -4.005    0.0010      Cr 8                208.633A    -3.991    0.0010      Fe 6                292.810A    -3.369    0.0044
H  1                2430.61A     0.042   11.2661      Cr 8                205.010A    -3.810    0.0016      Fe 6                154.470A    -3.852    0.0014
H  1                1215.67A     0.352   23.0045      Fe 4                3094.96A    -1.584    0.2666      Fe 6                185.250A    -3.750    0.0018
H  1                1025.72A    -2.841    0.0148      Fe 4                3094.53A    -3.870    0.0014      Fe 6                141.900A    -3.989    0.0010
H  1                972.537A    -2.939    0.0118      Fe 4                2835.74A    -1.572    0.2740      Fe 6                148.100A    -3.931    0.0012
H  1                949.743A    -2.996    0.0103      Fe 4                2829.36A    -1.869    0.1383      Fe 6                141.870A    -3.999    0.0010
H  1                937.803A    -3.036    0.0094      Fe 4                2823.50A    -2.437    0.0374      Fe 6                160.770A    -3.863    0.0014
H  1                930.748A    -3.073    0.0087      Fe 4                2577.92A    -3.448    0.0037      Fe 6                158.730A    -3.940    0.0012
H  1                926.226A    -3.111    0.0079      Fe 4                2.83562m    -2.970    0.0110      Fe 6                176.570A    -3.843    0.0015
H  1                923.150A    -3.143    0.0074      Fe 4                2.80554m    -3.532    0.0030      Fe 6                197.950A    -3.761    0.0018
H  1                920.963A    -3.167    0.0070      Fe 4                2.86447m    -3.328    0.0048      Fe 6                185.060A    -3.815    0.0016
H  1                919.351A    -3.355    0.0045      Fe 4                2567.61A    -2.532    0.0300      Fe 6                279.220A    -3.563    0.0028
H  1                918.129A    -3.368    0.0044      Fe 4                2.71569m    -3.649    0.0023      Fe 6                296.190A    -3.609    0.0025
H  1                917.181A    -3.378    0.0043      Fe 4                2567.40A    -3.292    0.0052      Fe 6                189.090A    -3.866    0.0014
H  1                916.429A    -3.386    0.0042      Fe 4                2.77325m    -3.864    0.0014      Fe 6                178.800A    -3.923    0.0012
H  1                915.824A    -3.392    0.0042      Fe 4                6739.82A    -3.075    0.0086      Fe 6                220.730A    -3.739    0.0019
H  1                915.329A    -3.397    0.0041      Fe 4                6761.38A    -3.576    0.0027      Fe 6                187.770A    -3.965    0.0011
H  1                914.919A    -3.400    0.0041      Fe 4                6734.42A    -3.192    0.0066      Fe 6                215.420A    -3.872    0.0014
H  1                914.576A    -3.403    0.0041      Fe 4                6997.10A    -3.919    0.0012      Fe 6                201.520A    -3.984    0.0011
H  1                914.286A    -3.403    0.0041      Fe 4                5233.76A    -3.683    0.0021      Fe 6                217.750A    -3.908    0.0013
H  1                914.039A    -3.400    0.0041      Fe 4                4906.56A    -3.315    0.0050      Fe 7                152.390A    -3.200    0.0065
H  1                913.826A    -3.393    0.0041      Fe 4                4917.97A    -3.823    0.0015      Fe 7                163.470A    -3.277    0.0054
H  1                6562.80A    -0.568    2.7689      Fe 4                7222.76A    -3.797    0.0016      Fe 7                148.230A    -3.433    0.0038
H  1                4861.32A    -1.010    1.0000      Fe 4                4899.97A    -3.693    0.0021      Fe 7                148.660A    -3.473    0.0034
H  1                4340.46A    -1.335    0.4733      Fe 4                4903.07A    -3.673    0.0022      Fe 7                181.600A    -3.491    0.0033
H  1                4101.73A    -1.590    0.2630      Fe 4                4868.16A    -3.839    0.0015      Fe 7                125.370A    -3.771    0.0017
H  1                3970.07A    -1.801    0.1620      Fe 4                4867.95A    -3.914    0.0012      Fe 7                115.560A    -3.994    0.0010
H  1                3889.05A    -1.980    0.1073      Fe 4                4206.59A    -3.961    0.0011      Fe 7                125.770A    -3.914    0.0012
H  1                3835.38A    -2.136    0.0749      Fe 4                4208.88A    -3.994    0.0010      Fe 7                234.000A    -3.263    0.0056
H  1                3797.90A    -2.274    0.0545      Fe 5                70.3538m    -2.529    0.0303      Fe 7                124.350A    -3.961    0.0011
H  1                3770.63A    -2.283    0.0533      Fe 5                36.3273m    -2.491    0.0330      Fe 7                196.310A    -3.617    0.0025
H  1                3750.15A    -2.388    0.0419      Fe 5                25.9131m    -2.591    0.0263      Fe 7                168.980A    -3.683    0.0021
H  1                3734.37A    -2.484    0.0336      Fe 5                20.8407m    -2.843    0.0147      Fe 7                226.340A    -3.457    0.0036
H  1                3721.94A    -2.572    0.0274      Fe 5                4180.59A    -3.224    0.0061      Fe 7                218.140A    -3.699    0.0020
H  1                3711.97A    -2.654    0.0227      Fe 5                4143.15A    -2.956    0.0113      Fe 7                196.950A    -3.868    0.0014
H  1                3703.85A    -2.730    0.0191      Fe 5                4227.19A    -2.247    0.0580      Fe 7                218.090A    -3.837    0.0015
H  1                3697.15A    -2.800    0.0162      Fe 5                4003.21A    -3.921    0.0012      Fe 7                207.850A    -4.007    0.0010
H  1                3691.55A    -2.865    0.0140      Fe 5                4071.24A    -2.989    0.0105      P  4                388.319A    -3.763    0.0018
H  1                3686.83A    -2.924    0.0122      Fe 5                3895.22A    -3.370    0.0044      Cl 4                981.258A    -3.773    0.0017
H  1                3682.81A    -2.977    0.0108      Fe 5                3851.34A    -3.595    0.0026      K  5                727.442A    -3.643    0.0023
H  1                3679.35A    -3.022    0.0097      Fe 5                3794.94A    -3.006    0.0101      K  6                720.129A    -3.801    0.0016
H  1                1.87510m    -1.529    0.3025      Fe 5                3755.70A    -3.287    0.0053      Sc 4                289.851A    -3.788    0.0017
H  1                1.28181m    -1.820    0.1548      Fe 5                3911.33A    -3.860    0.0014      Ti 5                225.351A    -3.824    0.0015
H  1                1.09381m    -2.068    0.0875      Fe 5                3839.27A    -2.992    0.0104      Ti 6                250.473A    -3.472    0.0035
H  1                1.00494m    -2.276    0.0542      Fe 5                3783.22A    -3.404    0.0040      Ti 6                264.599A    -3.725    0.0019
H  1                9545.97A    -2.454    0.0360      Fe 5                3891.28A    -3.223    0.0061      V  5                252.002A    -4.009    0.0010
H  1                9229.02A    -2.610    0.0252      Fe 5                3819.95A    -3.894    0.0013      Cr 6                267.323A    -3.900    0.0013
H  1                9014.91A    -2.748    0.0183      Fe 5                3445.62A    -3.718    0.0020      Cr 6                226.666A    -3.417    0.0039
H  1                8862.79A    -2.798    0.0163      Fe 5                3463.51A    -3.701    0.0020      Cr 6                201.366A    -3.478    0.0034
H  1                8750.48A    -2.903    0.0128      Fe 5                2828.24A    -3.718    0.0020      Cr 6                202.514A    -3.795    0.0016
H  1                8665.02A    -2.998    0.0103      Fe 5                2730.21A    -3.946    0.0012      Mn 6                308.369A    -3.850    0.0014
H  1                8598.40A    -3.087    0.0084      Fe 5                2717.82A    -3.957    0.0011      Mn 7                203.401A    -3.770    0.0017
H  1                8545.39A    -3.168    0.0069      Fe 5                2707.36A    -3.905    0.0013      Mn 7                182.883A    -3.613    0.0025
H  1                8502.49A    -3.244    0.0058      Fe 6                19.5527m    -1.666    0.2206      Mn 7                184.256A    -3.806    0.0016
H  1                8467.26A    -3.314    0.0050      Fe 6                14.7670m    -1.881    0.1348      hyperfine structure.............................
H  1                8437.96A    -3.379    0.0043      Fe 6                12.3074m    -2.144    0.0735      inner shell.....................................
H  1                8413.32A    -3.438    0.0037      Fe 6                5335.18A    -2.145    0.0733      O  4                23.0797A    -3.495    0.0033
H  1                8392.40A    -3.490    0.0033      Fe 6                5484.84A    -2.399    0.0408      O  5                1215.53A    -3.201    0.0064
H  1                8374.48A    -3.535    0.0030      Fe 6                5631.07A    -2.306    0.0505      O  6                339.683A    -3.497    0.0033
H  1                4.05115m    -2.182    0.0673      Fe 6                5277.81A    -2.658    0.0225      Si 5                119.791A    -3.130    0.0076
H  1                2.62515m    -2.399    0.0409      Fe 6                5424.22A    -2.327    0.0482      Si 5                120.490A    -3.132    0.0076
H  1                2.16553m    -2.600    0.0257      Fe 6                5676.95A    -2.260    0.0562      S  6                488.127A    -3.864    0.0014
H  1                1.94456m    -2.776    0.0171      Fe 6                5426.64A    -2.591    0.0263      S  7                72.4207A    -2.968    0.0110
H  1                1.81741m    -2.931    0.0120      Fe 6                5097.81A    -3.968    0.0011      S  7                72.9319A    -2.971    0.0110
H  1                1.73621m    -3.070    0.0087      Fe 6                5234.28A    -3.123    0.0077      Fe 5                1.93574A    -3.850    0.0014
H  1                1.68065m    -3.168    0.0070      Fe 6                5370.29A    -3.188    0.0066      Fe 5                16.2050A    -3.910    0.0013
H  1                1.64072m    -3.271    0.0055      Fe 6                5145.75A    -1.929    0.1205      Fe 6                167.773A    -3.354    0.0045
H  1                1.61093m    -3.367    0.0044      Fe 6                4972.47A    -1.945    0.1161      Fe 6                172.200A    -3.982    0.0011
H  1                1.58805m    -3.455    0.0036      Fe 6                5176.04A    -1.953    0.1139      Fe 6                134.473A    -3.625    0.0024
H  1                1.57007m    -3.536    0.0030      Fe 6                4967.14A    -2.325    0.0485      Fe 6                167.773A    -3.850    0.0014
H  1                1.55565m    -3.612    0.0025      Fe 6                1.33714m    -4.005    0.0010      Fe 6                172.200A    -3.461    0.0035
H  1                1.54389m    -3.682    0.0021      Fe 6                1.37459m    -3.651    0.0023      Fe 6                134.473A    -3.340    0.0047
H  1                1.53418m    -3.746    0.0018      Fe 6                3813.54A    -2.934    0.0119      Fe 6                167.773A    -3.166    0.0070
H  1                1.52605m    -3.805    0.0016      Fe 6                3889.40A    -2.731    0.0190      Fe 6                172.200A    -3.178    0.0068
H  1                1.51919m    -3.858    0.0014      Fe 6                1.28877m    -3.208    0.0063      Fe 8                185.328A    -3.891    0.0013
H  1                1.51332m    -3.902    0.0013      Fe 6                3662.50A    -2.671    0.0218      Fe 8                190.745A    -4.009    0.0010
H  1                7.45782m    -2.702    0.0204      Fe 6                3509.70A    -4.005    0.0010      Fe 8                190.745A    -3.688    0.0021
H  1                4.65251m    -2.869    0.0139      Fe 6                3573.86A    -3.551    0.0029      Fe 7                172.440A    -2.596    0.0260
H  1                3.73954m    -3.036    0.0094      Fe 6                3492.10A    -3.291    0.0052      Fe 7                177.120A    -2.607    0.0253
H  1                3.29609m    -3.188    0.0066      Fe 6                3555.60A    -2.982    0.0107      Fe 9                194.333A    -3.799    0.0016
H  1                3.03837m    -3.325    0.0048      Fe 6                1.23303m    -2.898    0.0129      Fe 9                200.622A    -3.940    0.0012
H  1                2.87221m    -3.457    0.0036      Fe 6                3740.93A    -3.777    0.0017      Fe 9                200.622A    -3.633    0.0024
H  1                2.75752m    -3.560    0.0028      Fe 6                3630.57A    -3.934    0.0012      Fe 8                335.092A    -3.947    0.0012
H  1                2.67440m    -3.655    0.0023      Fe 6                1.34929m    -2.704    0.0202      Fe 8                185.328A    -3.991    0.0010
H  1                2.61194m    -3.742    0.0019      Fe 6                1.26742m    -3.071    0.0087      Fe 8                190.745A    -3.703    0.0020
H  1                2.56363m    -3.823    0.0015      Fe 6                3905.01A    -3.646    0.0023      Fe 8                185.328A    -2.631    0.0239
H  1                2.52540m    -3.899    0.0013      Fe 6                2260.89A    -3.447    0.0037      Fe 8                190.745A    -2.644    0.0232
H  1                2.49458m    -3.968    0.0011      Fe 6                4014.56A    -3.677    0.0022      Fe 9                194.333A    -3.587    0.0027
H  1                12.3685m    -3.137    0.0075      Fe 6                2187.21A    -3.844    0.0015      Fe 9                200.622A    -3.600    0.0026
H  1                7.50045m    -3.269    0.0055      Fe 6                3846.94A    -3.445    0.0037      Ni 7                136.546A    -3.907    0.0013
H  1                5.90660m    -3.411    0.0040      Fe 6                2145.08A    -3.338    0.0047      molecules.......................................
H  1                5.12726m    -3.543    0.0029      Fe 8                5.44514m    -2.045    0.0922      bands...........................................
H  1                4.67124m    -3.695    0.0021      Fe 8                227.327A    -3.805    0.0016      miscellaneous...................................
H  1                4.37526m    -3.797    0.0016      Fe 8                217.691A    -3.978    0.0011      C 2R                1335.00A    -2.704    0.0203
H  1                4.16966m    -3.891    0.0013      Fe 8                195.972A    -3.860    0.0014      C 3R                977.000A    -1.801    0.1619
H  1                4.01977m    -3.978    0.0011      Fe 8                194.661A    -3.949    0.0012      C 3R                1909.00A    -1.956    0.1132
H  1                19.0567m    -3.513    0.0031      Fe 8                186.598A    -3.827    0.0015      C 3R                1175.00A    -2.137    0.0747
H  1                11.3056m    -3.619    0.0025      Fe 8                187.240A    -3.468    0.0035      C 4R                1549.00A    -2.432    0.0378
H  1                8.75768m    -3.740    0.0019      Fe 8                168.929A    -3.380    0.0043      N 2R                1085.00A    -3.891    0.0013
H  1                7.50606m    -3.899    0.0013      Fe 8                168.544A    -3.643    0.0023      N 3R                990.000A    -1.942    0.1170
H  1                6.77015m    -4.000    0.0010      Fe 8                168.172A    -3.576    0.0027      N 4R                765.000A    -3.598    0.0026
H  1                27.7958m    -3.842    0.0015      Fe 8                167.486A    -3.912    0.0013      O 2R                7332.00A    -3.919    0.0012
H  1                16.2047m    -3.929    0.0012      Fe 8                168.003A    -3.222    0.0061      O 2R                7323.00A    -3.835    0.0015
Ca A                303.784A     0.065   11.8955      Fe 8                131.257A    -3.919    0.0012      O 2R                3726.00A    -3.110    0.0079
Ca A                256.317A    -0.645    2.3195      K  5                4163.32A    -3.793    0.0016      O 2R                3729.00A    -2.970    0.0110
Ca A                243.027A    -1.072    0.8666      K  5                4122.62A    -3.692    0.0021      O 2R                2471.00A    -3.668    0.0022
Ca A                237.331A    -1.380    0.4265      K  6                8.82061m    -3.802    0.0016      O 2R                4651.00A    -3.348    0.0046
Ca A                234.347A    -1.622    0.2443      K  6                5.57324m    -3.925    0.0012      O 2R                4341.00A    -3.625    0.0024
Ca A                232.584A    -1.823    0.1540      Mg 2                2802.71A    -3.052    0.0091      O 3R                835.000A    -2.196    0.0652
Ca A                231.454A    -1.994    0.1038      Mg 2                2795.53A    -2.792    0.0165      O 4R                789.000A    -1.576    0.2718
Ca A                230.686A    -2.144    0.0735      Mg 4                4.48711m    -2.208    0.0634      O 5R                630.000A    -2.915    0.0124
Ca A                230.139A    -2.278    0.0540      Mg 4                323.307A    -3.079    0.0085      Blnd                1400.00A    -1.961    0.1119
Ca A                229.736A    -2.398    0.0409      Mg 4                181.344A    -3.877    0.0014      Blnd                1650.00A    -0.791    1.6577
Ca A                229.431A    -2.508    0.0318      Mg 4                180.795A    -3.898    0.0013      Blnd                2798.00A    -2.602    0.0256
Ca A                229.194A    -2.609    0.0252      Mg 4                171.655A    -3.777    0.0017      Blnd                1198.00A    -3.528    0.0030
Ca A                229.006A    -2.702    0.0203      Mg 5                5.60700m    -1.568    0.2766      Blnd                1406.00A    -3.128    0.0076
Ca A                228.855A    -2.790    0.0166      Mg 5                13.5464m    -2.652    0.0228      Blnd                1199.00A    -3.451    0.0036
Ca A                228.731A    -2.871    0.0138      Mg 5                2782.76A    -2.059    0.0894      Blnd                1860.00A    -3.331    0.0048
Ca A                228.629A    -2.948    0.0116      Mg 5                2928.09A    -2.624    0.0243      Blnd                4725.00A    -1.821    0.1544
Ca A                228.543A    -3.020    0.0098      Mg 5                353.092A    -3.936    0.0012      Blnd                2860.00A    -2.842    0.0147
Ca A                228.471A    -3.088    0.0084      Mg 5                355.329A    -3.143    0.0074      Blnd                7250.00A    -3.410    0.0040
Ca A                228.409A    -3.153    0.0072      Mg 5                353.297A    -3.653    0.0023      Blnd                1888.00A    -3.147    0.0073
Ca A                228.356A    -3.215    0.0062      Mg 5                354.221A    -3.474    0.0034      Blnd                1397.00A    -2.354    0.0453
Ca A                228.309A    -3.274    0.0054      Mg 5                146.465A    -3.883    0.0013      Blnd                2424.00A    -1.766    0.1755
Ca A                228.269A    -3.330    0.0048      Mg 5                137.411A    -3.844    0.0015      Blnd                4720.00A    -3.888    0.0013
Ca A                228.234A    -3.384    0.0042      Mg 5                137.745A    -3.979    0.0011      Blnd                774.000A    -3.633    0.0024
Ca A                1640.41A    -0.939    1.1774      Mg 6                1806.00A    -3.002    0.0102      Blnd                5525.00A    -3.652    0.0023
Ca A                1215.13A    -1.448    0.3645      Mg 6                1806.42A    -2.901    0.0129      Blnd                1335.00A    -3.231    0.0060
Ca A                1084.94A    -1.795    0.1643      Mg 6                403.307A    -3.340    0.0047      Blnd                1909.00A    -1.828    0.1521
Ca A                1025.27A    -2.057    0.0897      Mg 6                400.662A    -3.360    0.0045      Blnd                1176.00A    -3.931    0.0012
Ca A                992.358A    -2.270    0.0550      Mg 6                399.281A    -3.389    0.0042      Blnd                1549.00A    -0.834    1.5016
Ca A                972.106A    -2.449    0.0364      Mg 8                3.02764m    -3.745    0.0018      Blnd                1085.00A    -3.745    0.0018
Ca A                958.693A    -2.605    0.0254      Mn 8                185.455A    -3.967    0.0011      Blnd                1750.00A    -3.150    0.0072
Ca A                949.323A    -2.742    0.0185      N  3                57.3238m    -2.047    0.0919      Blnd                990.000A    -2.968    0.0110
Ca A                942.507A    -2.866    0.0140      N  3                1752.16A    -3.600    0.0026      Blnd                1486.00A    -1.905    0.1273
Ca A                937.389A    -2.978    0.0108      N  3                1749.67A    -3.630    0.0024      Blnd                1240.00A    -1.993    0.1041
Ca A                933.444A    -3.080    0.0085      N  3                989.799A    -3.738    0.0019      Blnd                833.000A    -3.144    0.0073
Ca A                930.337A    -3.175    0.0068      N  3                991.511A    -3.246    0.0058      Blnd                3727.00A    -3.151    0.0072
Ca A                927.846A    -3.263    0.0056      N  3                991.577A    -3.487    0.0033      Blnd                1666.00A    -2.039    0.0935
Ca A                925.816A    -3.345    0.0046      N  3                764.351A    -3.218    0.0062      Blnd                5007.00A     0.163   14.8862
Ca A                924.142A    -3.423    0.0039      N  3                685.515A    -3.775    0.0017      Blnd                835.000A    -2.530    0.0302
Ca A                922.743A    -3.495    0.0033      N  3                686.336A    -3.126    0.0077      Blnd                1402.00A    -2.187    0.0665
Ca A                921.562A    -3.564    0.0028      N  3                685.817A    -3.102    0.0081      Blnd                789.000A    -2.729    0.0191
Ca A                920.556A    -3.630    0.0024      N  3                452.227A    -3.196    0.0065      Blnd                1218.00A    -1.837    0.1490
Ca A                919.693A    -3.692    0.0021      Na 3                7.31570m    -2.954    0.0114      Blnd                1035.00A    -2.019    0.0979

                                                    Emergent line intensities
general properties..............................      He 1                537.030A    -3.937    0.0012      Fe 4                2823.50A    -2.437    0.0374
continua........................................      He 1                625.563A    -1.860    0.1414      Fe 4                2577.92A    -3.449    0.0036
FIR                 83.0000m    -0.295    5.1940      He 1                504.672A    -3.705    0.0020      Fe 4                2.83562m    -2.970    0.0110
TIR                 1800.00m    -3.009    0.0100      He 1                1.08291m    -2.722    0.0194      Fe 4                2.80554m    -3.532    0.0030
NIRa                2.85000m     0.921   85.3611      He 1                1.08302m    -2.265    0.0557      Fe 4                2.86447m    -3.328    0.0048
NIRb                3.00000m     0.598   40.5430      He 1                1.08303m    -2.026    0.0963      Fe 4                2567.61A    -2.534    0.0299
MIRa                15.0000m     0.486   31.3220      Blnd                1.08302m    -1.776    0.1714      Fe 4                2.71569m    -3.649    0.0023
MIRb                22.5000m     0.536   35.1691      He 1                3888.64A    -2.288    0.0528      Fe 4                2567.40A    -3.293    0.0052
NMIR                21.7500m     0.921   85.3611      He 1                3187.74A    -2.621    0.0245      Fe 4                2.77325m    -3.864    0.0014
TFIR                611.250m    -2.452    0.0361      He 1                2945.10A    -2.894    0.0131      Fe 4                6739.82A    -3.075    0.0086
TALL                10000.0A     1.456  292.8057      He 1                2829.08A    -3.123    0.0077      Fe 4                6761.38A    -3.576    0.0027
F12                 12.0000m     0.133   13.9063      He 1                2760.44A    -3.762    0.0018      Fe 4                6734.42A    -3.192    0.0066
F25                 25.0000m    -0.249    5.7644      He 1                2721.00A    -3.887    0.0013      Fe 4                6997.10A    -3.919    0.0012
F60                 60.0000m    -0.510    3.1646      He 1                2694.61A    -4.005    0.0010      Fe 4                5233.76A    -3.683    0.0021
F100                100.000m    -0.710    1.9964      He 1                2.05813m    -3.060    0.0089      Fe 4                4906.56A    -3.315    0.0050
MIPS                24.0000m    -0.295    5.1837      He 1                5015.68A    -2.760    0.0178      Fe 4                4917.97A    -3.823    0.0015
MIPS                70.0000m    -2.289    0.0527      He 1                3964.73A    -3.150    0.0072      Fe 4                7222.76A    -3.797    0.0016
MIPS                160.000m    -3.190    0.0066      He 1                3613.64A    -3.463    0.0035      Fe 4                4899.97A    -3.693    0.0021
IRAC                3.60000m    -0.285    5.3132      He 1                3447.59A    -3.724    0.0019      Fe 4                4903.07A    -3.673    0.0022
IRAC                4.50000m    -0.256    5.6712      He 1                7065.71A    -3.454    0.0036      Fe 4                4868.16A    -3.839    0.0015
IRAC                5.80000m    -0.221    6.1532      He 1                7065.21A    -2.977    0.0108      Fe 4                4867.95A    -3.914    0.0012
IRAC                8.00000m    -0.048    9.1602      He 1                7065.18A    -2.755    0.0180      Fe 4                4206.59A    -3.961    0.0011
SPR1                250.000m    -3.231    0.0060      Blnd                7065.25A    -2.500    0.0324      Fe 4                4208.88A    -3.994    0.0010
SPR2                350.000m    -3.349    0.0046      He 1                5875.98A    -3.061    0.0089      Fe 5                70.3538m    -2.529    0.0303
SPR3                500.000m    -3.406    0.0040      He 1                5875.64A    -2.584    0.0267      Fe 5                36.3273m    -2.491    0.0330
PAC1                70.0000m    -2.262    0.0560      He 1                5875.61A    -2.362    0.0445      Fe 5                25.9131m    -2.591    0.0263
PAC2                100.000m    -0.710    1.9963      Blnd                5875.66A    -2.107    0.0801      Fe 5                20.8407m    -2.843    0.0147
PAC3                160.000m    -2.912    0.0125      He 1                4713.16A    -3.904    0.0013      Fe 5                4180.59A    -3.224    0.0061
PAH                 3.30000m    -1.153    0.7198      He 1                4713.14A    -3.682    0.0021      Fe 5                4143.15A    -2.956    0.0113
PAHC                3.23000m    -1.328    0.4815      Blnd                4713.17A    -3.426    0.0038      Fe 5                4227.19A    -2.247    0.0580
PAHC                3.37000m    -1.457    0.3571      He 1                4471.69A    -3.473    0.0034      Fe 5                4003.21A    -3.921    0.0012
PAH                 6.20000m    -0.730    1.9059      He 1                4471.49A    -2.996    0.0103      Fe 5                4071.24A    -2.989    0.0105
PAHC                5.65000m    -0.621    2.4509      He 1                4471.47A    -2.774    0.0172      Fe 5                3895.22A    -3.370    0.0044
PAH                 7.90000m    -0.439    3.7268      Blnd                4471.50A    -2.519    0.0310      Fe 5                3851.34A    -3.595    0.0026
PAHC                6.90000m    -0.481    3.3835      Blnd                4120.84A    -3.903    0.0013      Fe 5                3794.94A    -3.006    0.0101
PAH                 11.3000m    -1.277    0.5412      He 1                4026.36A    -3.792    0.0017      Fe 5                3755.70A    -3.287    0.0053
PAHC                10.9000m    -1.212    0.6281      He 1                4026.20A    -3.314    0.0050      Fe 5                3911.33A    -3.860    0.0014
PAH                 11.8000m    -1.100    0.8129      He 1                4026.19A    -3.093    0.0083      Fe 5                3839.27A    -2.992    0.0104
PAHC                12.6500m    -1.227    0.6062      Blnd                4026.21A    -2.837    0.0149      Fe 5                3783.22A    -3.404    0.0040
PAH                 13.3000m    -1.180    0.6765      He 1                3819.61A    -3.572    0.0027      Fe 5                3891.28A    -3.223    0.0061
PAHC                14.1000m    -0.870    1.3822      He 1                3819.60A    -3.350    0.0046      Fe 5                3819.95A    -3.894    0.0013
Bcon                3640.00A     0.983   98.4614      Blnd                3819.62A    -3.095    0.0082      Fe 5                3445.62A    -3.718    0.0020
Pcon                5000.00A     0.650   45.6792      He 1                3704.90A    -3.989    0.0011      Fe 5                3463.51A    -3.701    0.0020
O3bn                5007.00A     0.064   11.8616      He 1                3704.76A    -3.512    0.0032      Fe 5                2828.24A    -3.718    0.0020
SX                  25.0000A    -1.294    0.5203      He 1                3704.75A    -3.290    0.0053      Fe 5                2730.21A    -3.946    0.0012
HX                  4.70000A    -0.261    5.6124      Blnd                3704.77A    -3.034    0.0095      Fe 5                2717.82A    -3.957    0.0011
ROSA                12.3980A    -0.867    1.3904      He 1                3634.08A    -3.677    0.0022      Fe 5                2707.36A    -3.905    0.0013
RRC.............................................      He 1                3634.07A    -3.455    0.0036      Fe 6                19.5527m    -1.666    0.2206
grains..........................................      Blnd                3634.09A    -3.199    0.0065      Fe 6                14.7670m    -1.881    0.1348
H-like iso-sequence.............................      He 1                3587.16A    -3.821    0.0015      Fe 6                12.3074m    -2.144    0.0735
H  1                1215.67A     0.351   22.9694      He 1                3587.15A    -3.600    0.0026      Fe 6                5335.18A    -2.145    0.0733
H  1                1025.72A    -2.841    0.0148      Blnd                3587.17A    -3.344    0.0046      Fe 6                5484.84A    -2.399    0.0408
H  1                972.537A    -2.939    0.0118      He 1                3554.34A    -3.950    0.0011      Fe 6                5631.07A    -2.306    0.0505
H  1                949.743A    -2.996    0.0103      He 1                3554.33A    -3.728    0.0019      Fe 6                5277.81A    -2.658    0.0225
H  1                937.803A    -3.036    0.0094      Blnd                3554.35A    -3.473    0.0034      Fe 6                5424.22A    -2.327    0.0482
H  1                930.748A    -3.073    0.0086      He 1                3530.43A    -3.846    0.0015      Fe 6                5676.95A    -2.260    0.0562
H  1                926.226A    -3.112    0.0079      Blnd                3530.44A    -3.591    0.0026      Fe 6                5426.64A    -2.591    0.0263
H  1                923.150A    -3.143    0.0074      He 1                3512.46A    -3.953    0.0011      Fe 6                5097.81A    -3.968    0.0011
H  1                920.963A    -3.168    0.0070      Blnd                3512.48A    -3.698    0.0021      Fe 6                5234.28A    -3.123    0.0077
H  1                919.351A    -3.355    0.0045      Blnd                3498.62A    -3.797    0.0016      Fe 6                5370.29A    -3.188    0.0066
H  1                918.129A    -3.368    0.0044      Blnd                3487.70A    -3.888    0.0013      Fe 6                5145.75A    -1.929    0.1205
H  1                917.181A    -3.378    0.0043      Blnd                3478.95A    -3.972    0.0011      Fe 6                4972.47A    -1.945    0.1161
H  1                916.429A    -3.386    0.0042      He 1                3439.98A    -3.886    0.0013      Fe 6                5176.04A    -1.953    0.1139
H  1                915.824A    -3.392    0.0041      Blnd                3440.00A    -3.631    0.0024      Fe 6                4967.14A    -2.325    0.0485
H  1                915.329A    -3.397    0.0041      He 1                7281.35A    -3.367    0.0044      Fe 6                1.33714m    -4.005    0.0010
H  1                914.919A    -3.401    0.0041      He 1                6678.15A    -2.669    0.0219      Fe 6                1.37459m    -3.651    0.0023
H  1                914.576A    -3.403    0.0040      He 1                5047.74A    -3.930    0.0012      Fe 6                3813.54A    -2.934    0.0119
H  1                914.286A    -3.403    0.0040      He 1                4921.93A    -3.095    0.0082      Fe 6                3889.40A    -2.731    0.0190
H  1                914.039A    -3.400    0.0041      He 1                4387.93A    -3.413    0.0040      Fe 6                1.28877m    -3.208    0.0063
H  1                913.826A    -3.393    0.0041      He 1                4143.76A    -3.669    0.0022      Fe 6                3662.50A    -2.671    0.0218
H  1                6562.80A    -0.568    2.7689      He 1                4009.05A    -3.671    0.0022      Fe 6                3509.70A    -4.005    0.0010
H  1                4861.32A    -1.010    1.0000      He 1                3926.41A    -3.838    0.0015      Fe 6                3573.86A    -3.551    0.0029
H  1                4340.46A    -1.335    0.4733      He 1                3871.69A    -3.985    0.0011      Fe 6                3492.10A    -3.291    0.0052
H  1                4101.73A    -1.590    0.2630      He 1                4.29471m    -3.504    0.0032      Fe 6                3555.60A    -2.982    0.0107
H  1                3970.07A    -1.801    0.1620      He 1                1.25275m    -3.716    0.0020      Fe 6                1.23303m    -2.898    0.0129
H  1                3889.05A    -1.980    0.1073      He 1                9463.58A    -3.917    0.0012      Fe 6                3740.93A    -3.777    0.0017
H  1                3835.38A    -2.136    0.0749      He 1                1.70025m    -3.670    0.0022      Fe 6                3630.57A    -3.934    0.0012
H  1                3797.90A    -2.274    0.0545      He 1                1.19691m    -3.834    0.0015      Fe 6                1.34929m    -2.704    0.0202
H  1                3770.63A    -2.283    0.0533      He 1                9515.00A    -3.921    0.0012      Fe 6                1.26742m    -3.071    0.0087
H  1                3750.15A    -2.388    0.0419      He 1                1.95431m    -3.950    0.0011      Fe 6                3905.01A    -3.646    0.0023
H  1                3734.37A    -2.484    0.0336      He 1                1.86854m    -3.060    0.0089      Fe 6                2260.89A    -3.448    0.0036
H  1                3721.94A    -2.572    0.0274      He 1                1.27849m    -3.389    0.0042      Fe 6                4014.56A    -3.677    0.0022
H  1                3711.97A    -2.654    0.0227      He 1                1.09130m    -3.655    0.0023      Fe 6                2187.21A    -3.845    0.0015
H  1                3703.85A    -2.730    0.0191      He 1                1.00275m    -3.851    0.0014      Fe 6                3846.94A    -3.445    0.0037
H  1                3697.15A    -2.800    0.0162      He 1                1.86972m    -3.537    0.0030      Fe 6                2145.08A    -3.339    0.0047
H  1                3691.55A    -2.865    0.0140      He 1                1.27905m    -3.867    0.0014      Fe 8                5.44514m    -2.045    0.0922
H  1                3686.83A    -2.924    0.0122      He 1                4.04791m    -3.778    0.0017      K  5                4163.32A    -3.793    0.0016
H  1                3682.81A    -2.977    0.0108      extra Lyman.....................................      K  5                4122.62A    -3.692    0.0021
H  1                3679.35A    -3.022    0.0097      database lines..................................      K  6                8.82061m    -3.802    0.0016
H  1                1.87510m    -1.529    0.3025      Al 3                1862.79A    -3.690    0.0021      K  6                5.57324m    -3.925    0.0012
H  1                1.28181m    -1.820    0.1548      Al 3                1854.72A    -3.583    0.0027      Mg 2                2802.71A    -3.052    0.0091
H  1                1.09381m    -2.068    0.0875      Al 6                2428.39A    -3.502    0.0032      Mg 2                2795.53A    -2.792    0.0165
H  1                1.00494m    -2.276    0.0542      Al 6                3.65932m    -1.999    0.1025      Mg 4                4.48711m    -2.208    0.0634
H  1                9545.97A    -2.454    0.0360      Al 6                9.11329m    -3.052    0.0091      Mg 4                323.307A    -3.757    0.0018
H  1                9229.02A    -2.610    0.0252      Ar 3                7135.79A    -2.835    0.0150      Mg 5                5.60700m    -1.568    0.2766
H  1                9014.91A    -2.748    0.0183      Ar 3                7751.11A    -3.459    0.0036      Mg 5                13.5464m    -2.652    0.0228
H  1                8862.79A    -2.798    0.0163      Ar 3                8.98898m    -2.905    0.0127      Mg 5                2782.76A    -2.059    0.0894
H  1                8750.48A    -2.903    0.0128      Ar 4                2853.66A    -3.004    0.0101      Mg 5                2928.09A    -2.624    0.0243
H  1                8665.02A    -2.998    0.0103      Ar 4                2868.22A    -3.349    0.0046      Mg 5                355.329A    -3.938    0.0012
H  1                8598.40A    -3.087    0.0084      Ar 4                4711.26A    -2.054    0.0903      Mg 6                1806.00A    -3.003    0.0102
H  1                8545.39A    -3.168    0.0069      Ar 4                4740.12A    -2.203    0.0641      Mg 6                1806.42A    -2.902    0.0128
H  1                8502.49A    -3.244    0.0058      Ar 4                7170.70A    -3.853    0.0014      Mg 8                3.02764m    -3.745    0.0018
H  1                8467.26A    -3.314    0.0050      Ar 4                7237.77A    -3.989    0.0011      N  3                57.3238m    -2.047    0.0919
H  1                8437.96A    -3.379    0.0043      Ar 4                7263.33A    -3.908    0.0013      N  3                1752.16A    -3.601    0.0026
H  1                8413.32A    -3.438    0.0037      Ar 5                2691.05A    -3.849    0.0014      N  3                1749.67A    -3.631    0.0024
H  1                8392.40A    -3.490    0.0033      Ar 5                6435.12A    -2.855    0.0143      N  3                989.799A    -3.739    0.0019
H  1                8374.48A    -3.535    0.0030      Ar 5                7005.83A    -2.524    0.0306      N  3                991.511A    -3.246    0.0058
H  1                4.05115m    -2.182    0.0673      Ar 5                7.89971m    -2.099    0.0816      N  3                991.577A    -3.487    0.0033
H  1                2.62515m    -2.399    0.0409      Ar 5                13.0985m    -1.883    0.1341      Na 3                7.31570m    -2.954    0.0114
H  1                2.16553m    -2.600    0.0257      Ar 6                4.52800m    -1.860    0.1413      Na 4                9.03096m    -3.360    0.0045
H  1                1.94456m    -2.776    0.0171      C  2                1036.34A    -3.787    0.0017      Na 4                3241.50A    -3.678    0.0021
H  1                1.81741m    -2.931    0.0120      C  2                1037.02A    -3.561    0.0028      Na 5                2067.25A    -3.681    0.0021
H  1                1.73621m    -3.070    0.0087      C  2                1334.53A    -3.692    0.0021      Na 5                2069.09A    -3.586    0.0027
H  1                1.68065m    -3.168    0.0070      C  2                1335.66A    -3.808    0.0016      Ne 4                2421.66A    -2.161    0.0707
H  1                1.64072m    -3.271    0.0055      C  2                1335.71A    -3.644    0.0023      Ne 4                2424.28A    -1.992    0.1042
H  1                1.61093m    -3.367    0.0044      C  3                1908.73A    -2.230    0.0603      Ne 4                1601.61A    -3.816    0.0016
H  1                1.58805m    -3.455    0.0036      C  3                1906.68A    -2.049    0.0913      Ne 4                1601.45A    -3.436    0.0037
H  1                1.57007m    -3.536    0.0030      C  3                977.020A    -2.342    0.0466      Ne 6                7.65019m    -1.291    0.5243
H  1                1.55565m    -3.612    0.0025      C  3                2296.87A    -3.751    0.0018      O  4                25.8863m    -0.478    3.4056
H  1                1.54389m    -3.682    0.0021      Ca 4                3.20610m    -1.945    0.1162      O  4                1399.78A    -3.060    0.0089
H  1                1.53418m    -3.746    0.0018      Fe 3                22.9190m    -3.962    0.0011      O  4                1407.38A    -3.033    0.0095
H  1                1.52605m    -3.805    0.0016      Fe 7                9.50763m    -1.276    0.5419      O  4                1397.23A    -3.497    0.0033
H  1                1.51919m    -3.858    0.0014      Fe 7                5720.71A    -1.853    0.1435      O  4                1404.81A    -2.628    0.0241
H  1                1.51332m    -3.902    0.0013      Fe 7                4988.55A    -2.052    0.0909      O  4                1401.16A    -2.695    0.0206
H  1                7.45782m    -2.702    0.0204      Fe 7                4893.37A    -2.318    0.0493      O  6                1037.61A    -2.462    0.0353
H  1                4.65251m    -2.869    0.0139      Fe 7                4698.24A    -3.282    0.0053      O  6                1031.91A    -2.214    0.0625
H  1                3.73954m    -3.036    0.0094      Fe 7                7.81037m    -1.807    0.1596      P  5                1128.01A    -3.587    0.0027
H  1                3.29609m    -3.188    0.0066      Fe 7                6086.97A    -1.679    0.2145      P  5                1117.98A    -3.489    0.0033
H  1                3.03837m    -3.325    0.0048      Fe 7                5158.89A    -2.184    0.0669      S  4                10.5076m    -0.515    3.1289
H  1                2.87221m    -3.457    0.0036      Fe 7                4942.48A    -2.680    0.0214      S  4                1423.84A    -3.960    0.0011
H  1                2.75752m    -3.560    0.0028      Fe 7                3586.32A    -2.150    0.0724      S  4                1416.89A    -3.598    0.0026
H  1                2.67440m    -3.655    0.0023      Fe 7                5276.38A    -2.845    0.0146      S  4                1406.02A    -3.560    0.0028
H  1                2.61194m    -3.742    0.0019      Fe 7                3758.92A    -1.997    0.1031      S  4                1062.66A    -3.985    0.0011
H  1                2.56363m    -3.823    0.0015      Fe 7                3.38363m    -3.062    0.0089      S  4                1073.52A    -3.590    0.0026
H  1                2.52540m    -3.899    0.0013      Fe 7                2.62872m    -3.000    0.0102      S  4                1072.97A    -3.826    0.0015
H  1                2.49458m    -3.968    0.0011      K  3                4.61683m    -3.957    0.0011      S  6                944.523A    -3.201    0.0064
H  1                12.3685m    -3.137    0.0075      K  4                5.98030m    -2.914    0.0125      S  6                933.378A    -3.062    0.0089
H  1                7.50045m    -3.269    0.0055      Mg 1                2852.13A    -4.006    0.0010      S  8                9913.98A    -3.470    0.0035
H  1                5.90660m    -3.411    0.0040      Mg 7                9.03096m    -2.643    0.0233      Si 6                1.96247m    -1.949    0.1150
H  1                5.12726m    -3.543    0.0029      Mg 7                5.50208m    -2.726    0.0193      level 1 lines...................................
H  1                4.67124m    -3.695    0.0021      Mg 7                2629.13A    -3.728    0.0019      recombination...................................
H  1                4.37526m    -3.797    0.0016      N  4                1486.50A    -2.290    0.0525      level2 lines....................................
H  1                4.16966m    -3.891    0.0013      N  4                1483.32A    -2.138    0.0745      C  3                271.090A    -3.905    0.0013
H  1                4.01977m    -3.978    0.0011      N  4                1718.55A    -3.623    0.0024      C  3                268.600A    -3.914    0.0012
H  1                19.0567m    -3.513    0.0031      N  5                1238.82A    -2.182    0.0674      C  3                266.880A    -3.928    0.0012
H  1                11.3056m    -3.619    0.0025      N  5                1242.80A    -2.447    0.0365      C  3                288.500A    -4.005    0.0010
H  1                8.75768m    -3.740    0.0019      Na 6                14.3924m    -3.185    0.0067      N  3                293.510A    -3.969    0.0011
H  1                7.50606m    -3.899    0.0013      Na 6                8.60825m    -3.408    0.0040      N  3                283.090A    -3.970    0.0011
H  1                6.77015m    -4.000    0.0010      Ne 3                15.5509m    -1.139    0.7428      N  3                264.550A    -3.930    0.0012
H  1                27.7958m    -3.842    0.0015      Ne 3                3868.76A    -1.305    0.5070      N  3                277.180A    -3.979    0.0011
H  1                16.2047m    -3.929    0.0012      Ne 3                36.0036m    -2.179    0.0678      N  3                273.490A    -4.001    0.0010
He 2                303.784A    -0.588    2.6432      Ne 3                3967.47A    -1.823    0.1539      N  3                267.450A    -3.996    0.0010
He 2                256.317A    -3.958    0.0011      Ne 3                1814.56A    -3.716    0.0020      O  3                305.400A    -2.840    0.0148
He 2                1640.41A    -0.817    1.5607      Ne 3                491.045A    -3.904    0.0013      O  3                268.070A    -3.244    0.0058
He 2                1215.13A    -1.283    0.5331      Ne 3                313.688A    -3.650    0.0023      O  3                263.850A    -3.275    0.0054
He 2                1084.94A    -1.618    0.2465      Ne 5                24.3108m    -0.855    1.4281      O  3                373.640A    -3.776    0.0017
He 2                1025.27A    -1.877    0.1359      Ne 5                14.3178m    -1.021    0.9752      O  3                265.020A    -3.318    0.0049
He 2                992.358A    -2.087    0.0837      Ne 5                3345.82A    -1.832    0.1507      O  3                248.730A    -4.009    0.0010
He 2                972.106A    -2.264    0.0557      Ne 5                1574.70A    -3.465    0.0035      O  3                276.900A    -3.749    0.0018
He 2                958.693A    -2.417    0.0392      Ne 5                3425.88A    -1.400    0.4077      O  3                280.450A    -3.885    0.0013
He 2                949.323A    -2.551    0.0288      Ne 5                1145.61A    -3.687    0.0021      O  3                263.230A    -3.830    0.0015
He 2                942.507A    -2.449    0.0364      Ne 5                359.374A    -3.553    0.0029      O  4                239.130A    -3.272    0.0055
He 2                937.389A    -2.545    0.0292      Ne 5                2973.13A    -3.948    0.0012      O  4                280.550A    -3.595    0.0026
He 2                933.444A    -2.633    0.0238      O  2                3728.81A    -3.387    0.0042      Ne 3                281.580A    -3.797    0.0016
He 2                930.337A    -2.715    0.0197      O  2                3726.03A    -3.528    0.0030      Ne 3                265.510A    -3.828    0.0015
He 2                927.846A    -2.790    0.0166      O  3                88.3323m    -0.713    1.9802      Si 2                1179.59A    -3.854    0.0014
He 2                925.816A    -2.859    0.0141      O  3                4931.23A    -3.836    0.0015      S  5                285.830A    -3.990    0.0010
He 2                924.142A    -2.924    0.0122      O  3                51.8004m    -0.540    2.9534      Ca 3                351.260A    -3.801    0.0016
He 2                922.743A    -2.983    0.0106      O  3                4958.91A    -0.427    3.8262      Ca 4                303.870A    -3.414    0.0039
He 2                921.562A    -3.037    0.0094      O  3                2320.95A    -2.716    0.0197      Ca 4                310.370A    -3.676    0.0022
He 2                920.556A    -3.085    0.0084      O  3                1660.81A    -2.609    0.0252      Ca 4                307.850A    -3.597    0.0026
He 2                919.693A    -3.125    0.0077      O  3                5006.84A     0.034   11.0586      Ca 4                323.400A    -3.719    0.0020
He 2                4685.68A    -1.717    0.1962      O  3                1666.15A    -2.177    0.0681      Ca 4                319.070A    -3.567    0.0028
He 2                3203.08A    -2.034    0.0947      O  3                508.178A    -3.730    0.0019      Ca 5                314.530A    -3.472    0.0035
He 2                2733.28A    -2.294    0.0520      O  3                4363.21A    -2.088    0.0836      Ca 5                325.410A    -3.629    0.0024
He 2                2511.19A    -2.510    0.0316      O  5                1218.34A    -2.228    0.0605      Ca 5                332.080A    -3.943    0.0012
He 2                2385.39A    -2.691    0.0209      O  5                1213.81A    -2.064    0.0882      Ca 6                330.390A    -3.719    0.0020
He 2                2306.18A    -2.847    0.0146      O  5                1371.30A    -3.891    0.0013      Fe 4                309.190A    -3.635    0.0024
He 2                2252.67A    -2.984    0.0106      O  5                286.448A    -3.755    0.0018      Fe 4                275.130A    -3.718    0.0020
He 2                2214.65A    -2.965    0.0111      P  4                950.657A    -3.592    0.0026      Fe 4                259.600A    -3.977    0.0011
He 2                2186.59A    -3.061    0.0089      P  4                1035.52A    -3.838    0.0015      Fe 6                295.530A    -3.862    0.0014
He 2                2165.23A    -3.149    0.0073      S  3                33.4704m    -2.380    0.0426      Fe 6                292.810A    -3.926    0.0012
He 2                2148.58A    -3.230    0.0060      S  3                18.7078m    -2.573    0.0274      Cl 4                981.258A    -3.774    0.0017
He 2                2135.34A    -3.305    0.0051      S  3                9068.62A    -2.655    0.0227      hyperfine structure.............................
He 2                2124.61A    -3.374    0.0043      S  3                9530.62A    -2.255    0.0569      inner shell.....................................
He 2                2115.81A    -3.439    0.0037      S  3                6312.06A    -3.765    0.0018      molecules.......................................
He 2                2108.49A    -3.498    0.0033      S  3                1194.45A    -3.829    0.0015      bands...........................................
He 2                2102.33A    -3.552    0.0029      S  3                1021.11A    -3.770    0.0017      miscellaneous...................................
He 2                2097.10A    -3.599    0.0026      S  5                1199.13A    -3.686    0.0021      C 2R                1335.00A    -2.704    0.0202
He 2                2092.63A    -3.639    0.0024      S  5                1188.28A    -3.832    0.0015      C 3R                977.000A    -1.801    0.1617
He 2                1.01235m    -2.340    0.0468      Si 2                1194.50A    -3.887    0.0013      C 3R                1909.00A    -1.957    0.1129
He 2                6560.01A    -2.573    0.0273      Si 3                1892.03A    -3.542    0.0029      C 3R                1175.00A    -2.137    0.0746
He 2                5411.45A    -2.785    0.0168      Si 3                1882.71A    -3.374    0.0043      C 4R                1549.00A    -2.433    0.0377
He 2                4859.26A    -2.968    0.0110      Si 3                1206.50A    -3.197    0.0065      N 2R                1085.00A    -3.891    0.0013
He 2                4541.54A    -3.127    0.0076      Si 4                1122.48A    -3.943    0.0012      N 3R                990.000A    -1.942    0.1169
He 2                4338.62A    -3.267    0.0055      Si 4                1128.34A    -3.911    0.0013      O 2R                3729.00A    -2.970    0.0110
He 2                4199.78A    -3.333    0.0048      Si 4                1393.75A    -2.562    0.0281      O 2R                4651.00A    -3.348    0.0046
He 2                4099.99A    -3.428    0.0038      Si 4                1402.77A    -2.775    0.0172      O 2R                4341.00A    -3.625    0.0024
He 2                4025.55A    -3.516    0.0031      Si 7                2146.64A    -3.204    0.0064      Blnd                1400.00A    -1.962    0.1117
He 2                3968.39A    -3.597    0.0026      Si 7                2350.02A    -3.838    0.0015      Blnd                1650.00A    -0.792    1.6540
He 2                3923.44A    -3.671    0.0022      Si 7                2.48071m    -2.361    0.0445      Blnd                2798.00A    -2.602    0.0256
He 2                3887.40A    -3.741    0.0019      Si 7                6.51288m    -3.564    0.0028      Blnd                1198.00A    -3.529    0.0030
He 2                3858.03A    -3.805    0.0016      Ti 5                252.959A    -3.989    0.0011      Blnd                1406.00A    -3.129    0.0076
He 2                3833.76A    -3.864    0.0014      Ti 6                1.71509m    -3.391    0.0042      Blnd                1199.00A    -3.452    0.0036
He 2                3813.45A    -3.918    0.0012      Al 2                1670.79A    -3.884    0.0013      Blnd                1860.00A    -3.332    0.0048
He 2                3796.29A    -3.965    0.0011      Al 5                2.90450m    -3.004    0.0101      Blnd                4725.00A    -1.821    0.1544
He 2                3781.64A    -4.005    0.0010      C  4                1550.77A    -1.304    0.5081      Blnd                2860.00A    -2.842    0.0147
He 2                1.86365m    -2.845    0.0146      C  4                1548.19A    -1.014    0.9909      Blnd                7250.00A    -3.410    0.0040
He 2                1.16262m    -3.020    0.0098      C  4                419.714A    -3.777    0.0017      Blnd                1888.00A    -3.148    0.0073
He 2                9344.80A    -3.195    0.0065      C  4                312.451A    -3.919    0.0012      Blnd                1397.00A    -2.354    0.0453
He 2                8236.67A    -3.353    0.0045      C  4                312.420A    -3.913    0.0013      Blnd                2424.00A    -1.767    0.1749
He 2                7592.65A    -3.492    0.0033      C  4                948.208A    -3.915    0.0012      Blnd                4720.00A    -3.888    0.0013
He 2                7177.41A    -3.622    0.0024      C  4                948.090A    -3.816    0.0016      Blnd                5525.00A    -3.652    0.0023
He 2                6890.80A    -3.716    0.0020      Ca 5                4.15739m    -2.232    0.0600      Blnd                1335.00A    -3.232    0.0060
He 2                6683.11A    -3.804    0.0016      Ca 5                11.4792m    -3.366    0.0044      Blnd                1909.00A    -1.829    0.1516
He 2                6527.01A    -3.884    0.0013      Ca 5                5309.11A    -2.404    0.0404      Blnd                1176.00A    -3.931    0.0012
He 2                6406.30A    -3.959    0.0011      Ca 5                6086.37A    -3.115    0.0078      Blnd                1549.00A    -0.834    1.4990
He 2                3.09080m    -3.274    0.0054      Ca 5                2412.87A    -3.841    0.0015      Blnd                1085.00A    -3.746    0.0018
He 2                1.87431m    -3.409    0.0040      Ca 8                2.32117m    -3.840    0.0015      Blnd                1750.00A    -3.151    0.0072
He 2                1.47602m    -3.554    0.0029      Cl 3                5517.71A    -3.886    0.0013      Blnd                990.000A    -2.968    0.0110
He 2                1.28127m    -3.690    0.0021      Cl 4                20.3197m    -2.336    0.0472      Blnd                1486.00A    -1.906    0.1270
He 2                1.16730m    -3.860    0.0014      Cl 4                11.7629m    -2.424    0.0386      Blnd                1240.00A    -1.993    0.1039
He 2                1.09334m    -3.954    0.0011      Cl 4                7530.54A    -2.917    0.0124      Blnd                3727.00A    -3.151    0.0072
He 2                4.76213m    -3.648    0.0023      Cl 4                8045.62A    -2.553    0.0287      Blnd                1666.00A    -2.040    0.0933
He 2                2.82519m    -3.752    0.0018      Cl 4                3118.66A    -3.941    0.0012      Blnd                5007.00A     0.163   14.8862
He 2                2.18848m    -3.875    0.0014      Fe 4                3094.96A    -1.584    0.2666      Blnd                1402.00A    -2.188    0.0664
He 2                6.94599m    -3.979    0.0011      Fe 4                3094.53A    -3.870    0.0014      Blnd                1218.00A    -1.838    0.1487
He-like iso-sequence............................      Fe 4                2835.74A    -1.572    0.2740      Blnd                1035.00A    -2.020    0.0978
He 1                584.334A    -2.827    0.0152      Fe 4                2829.36A    -1.869    0.1383



 AGN log nH=1.89 log U=-1.00  
 Cooling:  HFBc                      0  :0.054 Ne 5c                     0  :0.066 O  3c                     0  :0.442 O  4c                     0  :0.077 S  4c                     0  :0.069  
 Heating:  BFH1                      0  :0.653 BFHe                      0  :0.237 TotM                      0  :0.107  

 These are some of the most important databases used by Cloudy:
 Many recombination coefficients were taken from http://amdpp.phys.strath.ac.uk/tamoc/RR/ and http://amdpp.phys.strath.ac.uk/tamoc/DR/
      and are based on the following papers:
        Badnell N. R., et al., A&A 406, 1151 (2003) [http://adsabs.harvard.edu/abs/2003A%26A...406.1151B]
        Badnell N. R., ApJS 167, 334 (2006) [http://adsabs.harvard.edu/abs/2006ApJS..167..334B]
 Much of the molecular emission data is from LAMDA as accessed on June 30, 2015. This database is described in:
        Schoeier F.L., et al., A&A 432, 369 (2005) [http://adsabs.harvard.edu/abs/2005A%26A...432..369S]
      This database is in part based on the work of the following groups:
        JPL: Pickett H. M. et al., JQSRT, 60, 883 (1998). [http://adsabs.harvard.edu/abs/1998JQSRT..60..883P]
        CDMS: Mueller H. S. et al., A&A 370, L49 (2001). [http://adsabs.harvard.edu/abs/2001A%26A...370L..49M]
              Mueller H. S. et al., J. Mol. Struct. 742, 215 (2005). [http://adsabs.harvard.edu/abs/2005JMoSt.742..215M]
 Some of the ionic emission data is from a reprocessed version of 10.1 of CHIANTI. CHIANTI is a collaborative project involving the NRL (USA), the
      Universities of Florence (Italy) and Cambridge (UK), and George Mason University (USA). These papers describe Chianti:
        Dere K. P., et al., A&AS, 125, 149 (1997) [http://adsabs.harvard.edu/abs/1997A%26AS..125..149D]
        Dere, K. P., et al., APJ, 268, 52 (2023) [https://ui.adsabs.harvard.edu/abs/2023ApJS..268...52D]
      This paper describes the reprocessed version of Chianti used:
        Gunasekera, C. M., et al., Astronomy, 1, 255. (2022) [https://ui.adsabs.harvard.edu/abs/2022Astro...1..255G]
 Much of the H_2 data is from this web site: http://molat.obspm.fr/index.php?page=pages/Molecules/H2/H2can94.php. These data are
      described in:
        Abgrall H. et al., Can. J. Phys., 72, 856 (1994) [http://adsabs.harvard.edu/abs/1994CaJPh..72..856A]
        Wrathmall S. A. & Flower D. R., J. Phys. B, 40, 3221 (2007) [http://adsabs.harvard.edu/abs/2007JPhB...40.3221W]
 The Case A and Case B recombination predictions for one-electron systems are from
	Storey, P.J. & Hummer, D.G., 1995, MNRAS 272, 41 http://adsabs.harvard.edu/abs/1995MNRAS.272...41S
 The He I recombination predictions are from
	Porter, R. L.; Ferland, G. J.; Storey, P. J.; Detisch, M. J., 2012, MNRAS, 425, 28p http://adsabs.harvard.edu/abs/2012MNRAS.425L..28P
		http://adsabs.harvard.edu/abs/2013MNRAS.433L..89P

 If you find some process or data set to be particularly critical to a result, please follow the trail of references back to the
 original source and cite that.  This will support and encourage atomic, molecular, and chemical physicists to continue their
 valuable work.

 IONIZE PARMET:  U(1-) -1.0000  U(4-): -1.9409  U(sp): -1.00  Q(ion):   10.733  L(ion)  0.800    Q(low): 13.687    L(low)  1.354
 ENERGY BUDGET:  Heat:   0.646  Coolg:   0.646  Error:  0.0%  Rec Lin:   0.343  F-F  H  0.000    P(rad/tot)max     4.63E-01    R(F Con):1.737e+05

     Col(Heff):      6.993E+21  snd travl time  1.06E+14 sec  Te-low: 9.24E+03  Te-hi: 1.75E+04  G0TH85: 2.06E+03  G0DB96:2.21E+03
  Emiss Measure    n(e)n(p) dl       8.609E+23  n(e)n(He+)dl         5.143E+22  En(e)n(He++) dl         2.184E+22  ne nC+:5.58E+16
 He/Ha:7.45E-02  =   0.87*true  Lthin:6.76E+01  itr/zn: 4.97  H2 itr/zn:  0.00  File Opacity: F  MassTot 2.27e-02  (gm/cm^2)
   Temps(21 cm)   T(21cm/Ly a)  4.12E+03        T(<nH/Tkin>)  1.08E+04          T(<nH/Tspin>)    4.40E+03          TB21cm:3.41E-02
                   N(H0/Tspin)  3.34E+14        N(OH/Tkin)    6.11E-07          B(21cm)          0.00E+00
   <a>:1.91E-08  erdeFe3.6E+22  Tcompt1.04E+09  Tthr1.51E+10  <Tden>: 1.13E+04  <dens>:1.76E-22  <MolWgt>6.22E-01
     Mean Jeans  l(cm)6.33E+20  M(sun)1.17E+07  smallest:     len(cm):5.72E+20  M(sun):8.66E+06  a_ox tran: -1.46
 Rion:1.000E+30  Dist:0.00E+00  Diam:0.000E+00
 Hatom level 70  HatomType: add  HInducImp  F  He tot level: 63  He2 level:   70  ExecTime   104.0
 ConvrgError(%)  <eden>  0.005  MaxEden  0.059  <H-C>   0.05  Max(H-C)    0.36  <Press>   0.000  MaxPrs er  0.000
  Continuity(%)  chng Te   3.2  elec den   0.5  n(H2)    0.0  n(CO)        0.0

                                                        Averaged Quantities
             Te      Te(Ne)   Te(NeNp)  Te(NeHe+)Te(NeHe2+) Te(NeO+)  Te(NeO2+)  Te(H2)     N(H)     Ne(O2+)   Ne(Np)
 Radius:  1.13e+04  1.14e+04  1.14e+04  1.02e+04  1.42e+04  1.03e+04  1.02e+04  1.09e+04  7.74e+01  8.43e+01  8.61e+01
 
 Peimbert T(OIIIr)9.52E+03 T(Bac)1.03E+04 T(Hth)1.02E+04 t2(Hstrc) 3.54e-02 T(O3-BAC)9.96E+03 t2(O3-BC)-1.44e-02 t2(O3str) 7.09e-03

 Contin Optical Depths: COMP: 7.39e-03    H-: 1.22e-07 R(1300): 9.86e-06  H2+: 4.10e-09  Bra:7.40E-03
                          Pa: 7.40e-03    Ba: 7.40e-03      Hb: 7.40e-03   La: 3.19e-02     1r:9.342E+00  1.8:2.29E+00 4.:9.650E+02

 Old, new H  1 continuum optical depths:
     1 9.35e+00     2 1.85e-07     3 1.25e-07     4 1.25e-07     5 1.25e-07     6 3.18e-08     7 3.18e-08     8 3.18e-08
     9 3.18e-08    10 1.82e-12    11 1.82e-12    12 1.82e-12    13 1.82e-12    14 1.82e-12    15 4.25e-12    16 4.25e-12
    17 4.25e-12    18 4.25e-12    19 4.25e-12    20 4.25e-12    21 8.79e-12    22 8.79e-12    23 8.79e-12    24 8.79e-12
    25 8.79e-12    26 8.79e-12    27 8.79e-12    28 1.67e-11    29 1.67e-11    30 1.67e-11    31 1.67e-11    32 1.67e-11
    33 1.67e-11    34 1.67e-11    35 1.67e-11    36 2.98e-11    37 2.98e-11    38 2.98e-11    39 2.98e-11    40 2.98e-11
    41 2.98e-11    42 2.98e-11    43 2.98e-11    44 2.98e-11    45 5.02e-11    46 5.02e-11    47 5.02e-11    48 5.02e-11
    49 5.02e-11    50 5.02e-11    51 5.02e-11    52 5.02e-11    53 5.02e-11    54 5.02e-11
     1 9.33e+00     2 1.85e-07     3 1.25e-07     4 1.25e-07     5 1.25e-07     6 3.18e-08     7 3.18e-08     8 3.18e-08
     9 3.18e-08    10 1.82e-12    11 1.82e-12    12 1.82e-12    13 1.82e-12    14 1.82e-12    15 4.25e-12    16 4.25e-12
    17 4.25e-12    18 4.25e-12    19 4.25e-12    20 4.25e-12    21 8.78e-12    22 8.78e-12    23 8.78e-12    24 8.78e-12
    25 8.78e-12    26 8.78e-12    27 8.78e-12    28 1.67e-11    29 1.67e-11    30 1.67e-11    31 1.67e-11    32 1.67e-11
    33 1.67e-11    34 1.67e-11    35 1.67e-11    36 2.98e-11    37 2.98e-11    38 2.98e-11    39 2.98e-11    40 2.98e-11
    41 2.98e-11    42 2.98e-11    43 2.98e-11    44 2.98e-11    45 5.02e-11    46 5.02e-11    47 5.02e-11    48 5.02e-11
    49 5.02e-11    50 5.02e-11    51 5.02e-11    52 5.02e-11    53 5.02e-11    54 5.02e-11

 Old, new H  1 mean line optical depths:
  2- 1 1.48e+05  3- 2 4.64e-03  4- 3 4.11e-09  5- 4 1.90e-09  6- 5-1.03e-10  7- 6-1.19e-09  8- 7 3.03e-10
  9- 8 6.07e-09 10- 9 1.67e-08 11-10 3.35e-07 12-11-1.40e-07 13-12-2.28e-07 14-13-3.66e-07 15-14-5.77e-07 16-15-9.09e-07
 17-16-1.44e-06 18-17-2.32e-06 19-18-3.92e-06 20-19-6.84e-06 21-20-1.27e-05 22-21-2.58e-05 23-22-6.08e-05 24-23-1.92e-04
 25-24-6.89e-03
  2- 1 1.48e+05  3- 2 4.64e-03  4- 3 4.11e-09  5- 4 1.90e-09  6- 5-9.64e-11  7- 6-1.17e-09  8- 7 3.14e-10
  9- 8 6.07e-09 10- 9 1.67e-08 11-10 3.34e-07 12-11-1.40e-07 13-12-2.27e-07 14-13-3.65e-07 15-14-5.76e-07 16-15-9.06e-07
 17-16-1.44e-06 18-17-2.31e-06 19-18-3.91e-06 20-19-6.83e-06 21-20-1.27e-05 22-21-2.58e-05 23-22-6.07e-05 24-23-1.92e-04
 25-24-6.88e-03

 Old, new He 2 continuum optical depths:
     1 9.65e+02     2 9.30e+00     3 3.48e-04     4 3.48e-04     5 3.48e-04     6 1.85e-07     7 1.85e-07     8 1.85e-07
     9 1.85e-07    10 1.02e-07    11 1.02e-07    12 1.02e-07    13 1.02e-07    14 1.02e-07    15 1.25e-07    16 1.25e-07
    17 1.25e-07    18 1.25e-07    19 1.25e-07    20 1.25e-07    21 1.04e-07    22 1.04e-07    23 1.04e-07    24 1.04e-07
    25 1.04e-07    26 1.04e-07    27 1.04e-07    28 3.18e-08    29 3.18e-08    30 3.18e-08    31 3.18e-08    32 3.18e-08
    33 3.18e-08    34 3.18e-08    35 3.18e-08    36 1.05e-12    37 1.05e-12    38 1.05e-12    39 1.05e-12    40 1.05e-12
    41 1.05e-12    42 1.05e-12    43 1.05e-12    44 1.05e-12    45 1.82e-12    46 1.82e-12    47 1.82e-12    48 1.82e-12
    49 1.82e-12    50 1.82e-12    51 1.82e-12    52 1.82e-12    53 1.82e-12    54 1.82e-12
     1 9.65e+02     2 9.29e+00     3 3.48e-04     4 3.48e-04     5 3.48e-04     6 1.85e-07     7 1.85e-07     8 1.85e-07
     9 1.85e-07    10 1.02e-07    11 1.02e-07    12 1.02e-07    13 1.02e-07    14 1.02e-07    15 1.25e-07    16 1.25e-07
    17 1.25e-07    18 1.25e-07    19 1.25e-07    20 1.25e-07    21 1.04e-07    22 1.04e-07    23 1.04e-07    24 1.04e-07
    25 1.04e-07    26 1.04e-07    27 1.04e-07    28 3.18e-08    29 3.18e-08    30 3.18e-08    31 3.18e-08    32 3.18e-08
    33 3.18e-08    34 3.18e-08    35 3.18e-08    36 1.05e-12    37 1.05e-12    38 1.05e-12    39 1.05e-12    40 1.05e-12
    41 1.05e-12    42 1.05e-12    43 1.05e-12    44 1.05e-12    45 1.82e-12    46 1.82e-12    47 1.82e-12    48 1.82e-12
    49 1.82e-12    50 1.82e-12    51 1.82e-12    52 1.82e-12    53 1.82e-12    54 1.82e-12

 Old, new He 2 mean line optical depths:
  2- 1 3.16e+07  3- 2 4.02e-06  4- 3 9.80e-12  5- 4-7.37e-12  6- 5-3.00e-11  7- 6-4.94e-11  8- 7-4.96e-11
  9- 8-1.39e-11 10- 9 6.34e-11 11-10 2.89e-09 12-11-1.35e-09 13-12-2.16e-09 14-13-3.41e-09 15-14-5.25e-09 16-15-8.01e-09
 17-16-1.22e-08 18-17-1.89e-08 19-18-2.96e-08 20-19-4.92e-08 21-20-8.60e-08 22-21-1.65e-07 23-22-3.71e-07 24-23-1.13e-06
 25-24-3.94e-05
  2- 1 3.16e+07  3- 2 4.02e-06  4- 3 9.80e-12  5- 4-7.37e-12  6- 5-3.00e-11  7- 6-4.94e-11  8- 7-4.96e-11
  9- 8-1.39e-11 10- 9 6.34e-11 11-10 2.89e-09 12-11-1.35e-09 13-12-2.16e-09 14-13-3.41e-09 15-14-5.25e-09 16-15-8.01e-09
 17-16-1.22e-08 18-17-1.89e-08 19-18-2.96e-08 20-19-4.92e-08 21-20-8.60e-08 22-21-1.65e-07 23-22-3.71e-07 24-23-1.13e-06
 25-24-3.94e-05

 Old He Is optical depths:    1 2.28e+00    2 4.48e-04    3 1.41e-07    4 1.65e-07    5 1.65e-07
 New He Is optical depths:    1 2.28e+00    2 4.48e-04    3 1.41e-07    4 1.65e-07    5 1.65e-07
          Old He Is Lines:  584 4.11e+03 3889 8.40e+00 5016 1.28e-05 5876 2.47e-07
          New He Is Lines:  584 4.10e+03 3889 8.39e+00 5016 1.28e-05 5876 2.53e-07

==== H      compounds ====           Log10 column densities [cm^-2]
   H2        :  2.159   H2*       :  2.939   H2+       :  8.768   H3+       : -1.598
==== He     compounds ====
   HeH+      :  9.404
==== Li     compounds ====
   LiH       : -6.947   LiH+      : -0.956
==== C      compounds ====
   CH        : -2.828   CH+       :  1.787   CH2       :-17.675   CH2+      :-13.877   CH3       :-30.917   CH3+      :-32.233
   CH4       :-35.930   CH4+      :-35.930   CH5+      :-35.930   C2        : -9.755   C2+       : -6.463   C2H       :-22.834
   C2H+      :-23.494   C2H2      :-35.930   C2H2+     :-35.930   C2H3+     :-35.930   C3        :-35.930   C3+       :-30.930
   C3H       :-35.930   C3H+      :-35.930
==== N      compounds ====
   NH        : -3.951   NH+       : -3.882   NH2       :-18.405   NH2+      :-18.547   NH3       :-32.209   NH3+      :-33.093
   NH4+      :-35.930   CN        :-12.057   CN+       :-12.191   HCN       :-26.872   HCN+      :-26.512   HNC       :-32.343
   HCNH+     :-35.930   HC3N      :-35.930   N2        :-12.879   N2+       : -7.615   N2H+      :-35.930
==== O      compounds ====
   OH        : -2.172   OH+       : -2.251   H2O       :-16.725   H2O+      :-16.870   H3O+      :-30.888   CO        : -9.653
   CO+       : -5.686   HCO+      :-19.977   H2CO      :-35.930   NO        :-16.548   NO+       :-12.902   HNO       :-29.920
   HNO+      :-30.749   OCN       :-35.930   OCN+      :-35.930   N2O       :-35.930   O2        : -9.150   O2+       : -9.665
   NO2       :-35.930   NO2+      :-35.930
==== F      compounds ====
   HF        :-14.430   HF+       :-10.288   H2F+      :-31.547   CF+       :-21.668
==== Ne     compounds ====
   NeH+      : -3.299
==== Si     compounds ====
   SiH       :-16.993   SiH2      :-35.930   SiH2+     :-16.445   SiC       :-35.930   SiC+      :  0.187   SiCH2+    :-35.930
   SiC2      :-35.930   SiC2+     :-35.930   SiN       :-30.316   SiN+      :-13.574   SiNC      :-35.930   SiNC+     :-35.930
   SiO       :-10.801   SiO+      : -6.613   SiOH+     :-27.029
==== P      compounds ====
   PH        :-19.848   PH+       :-17.338   PH2       :-35.930   PH2+      :-19.704   PH3       :-35.930   PH3+      :-35.930
   CP        :-14.541   CP+       :-15.798   HCP       :-35.930   HCP+      :-35.930   PN        :-26.292   PN+       :-28.584
   PO        :-19.749   PO+       :-14.552
==== S      compounds ====
   HS        :-13.402   HS+       : -5.821   CS        :-13.678   CS+       : -9.541   HCS+      :-27.434   NS        :-18.860
   NS+       :-14.279   SO        :-18.701   SO+       :-12.508   OCS       :-35.112   OCS+      :-35.635   SO2       :-35.930
   SiS       :-28.952   SiS+      :-27.471   HSiS      :-35.930   HSiS+     :-31.257   S2        :-34.463   S2+       :-35.539
==== Cl     compounds ====
   HCl       :-14.873   HCl+      : -9.622   H2Cl+     :-30.415   CCl       :-35.930   CCl+      :-24.128   H2CCl+    :-35.930
   ClO       :-35.930   ClO+      :-35.930
==== Ar     compounds ====
   ArH+      : -5.829


               1      2      3      4      5      6      7      8      9     10     11     12     13     14     15     16     17

 Hydrogen   18.167 22.000  3.005 (H2)                Log10 Column density (cm^-2)
 Helium     16.797 20.785 20.382
 Lithium     6.319 10.897 10.237 10.201
 Beryllium   5.559  8.445 11.299 10.576  9.450
 Boron       3.602  8.438 10.654 12.680 11.243  9.294
 Carbon     10.393 14.821 17.520 18.236 17.794 16.166 13.833
 Nitrogen    9.534 13.648 16.798 17.681 16.877 16.762 14.724 12.027
 Oxygen     11.118 15.347 18.543 17.711 17.787 17.374 16.612 14.240 11.162
 Fluorine    6.687 11.321 14.407 13.482 13.801 13.135 11.667 10.914  8.230-30.000
 Neon       10.141 14.796 17.779 16.847 17.153 16.551 15.105 13.926 12.617-30.000-30.000
 Sodium      8.838 13.373 16.075 15.209 15.518 14.738 13.631 11.888 10.139  8.949-30.000-30.000
 Magnesium  12.369 14.812 17.420 16.564 16.805 16.496 15.383 13.769 12.358 10.572-30.000-30.000-30.000
 Aluminium   8.182 12.800 14.439 16.292 15.640 15.556 14.548 13.073 11.562  9.655-30.000-30.000-30.000-30.000
 Silicon     8.516 13.417 15.314 16.598 17.351 16.669 16.035 14.672 12.190 10.558-30.000-30.000-30.000-30.000-30.000
 Phosphorus  7.102 11.780 13.781 14.901 15.021 14.737 14.052 12.811 11.040  9.170-30.000-30.000-30.000-30.000-30.000-30.000
 Sulphur     8.310 12.977 15.519 16.788 16.578 16.113 16.175 15.201 13.250 11.351  8.421-30.000-30.000-30.000-30.000-30.000-30.000
 Chlorine    7.018 11.619 14.056 15.311 14.801 14.300 13.986 13.835 12.458 10.692  8.311-30.000-30.000-30.000-30.000-30.000-30.000
-30.000
 Argon       7.183 11.594 15.079 16.263 15.521 15.290 14.206 13.980 13.459 11.811  9.849-30.000-30.000-30.000-30.000-30.000-30.000
-30.000-30.000
 Potassium   6.480 11.341 13.940 14.892 14.149 13.745 12.725 11.781 11.042 10.607  8.768-30.000-30.000-30.000-30.000-30.000-30.000
-30.000-30.000-30.000
 Calcium     7.275 11.850 14.853 16.192 15.586 15.221 13.984 13.080 11.657 11.425 10.516  7.966-30.000-30.000-30.000-30.000-30.000
-30.000-30.000-30.000-30.000
 Scandium    1.957  6.698 10.003 13.009 12.232 12.307 11.122 10.154  8.534  7.568  6.450  6.158-30.000-30.000-30.000-30.000-30.000
-30.000-30.000-30.000-30.000-30.000
 Titanium    3.683  8.492 11.466 14.130 14.787 14.050 13.483 12.164 10.631  9.388  8.152  7.288-30.000-30.000-30.000-30.000-30.000
-30.000-30.000-30.000-30.000-30.000-30.000
 Vanadium    2.379  6.785 10.067 12.474 13.776 13.259 12.554 11.778  9.921  8.397  6.880  6.328-30.000-30.000-30.000-30.000-30.000
-30.000-30.000-30.000-30.000-30.000-30.000-30.000
 Chromium    3.521  8.511 11.934 14.425 15.462 14.774 14.738 13.777 12.582 10.708  9.063  8.038-30.000-30.000-30.000-30.000-30.000
-30.000-30.000-30.000-30.000-30.000-30.000-30.000-30.000
 Manganese   3.852  8.336 11.760 14.295 15.250 14.620 14.442 13.243 12.158 10.967  8.960  6.741-30.000-30.000-30.000-30.000-30.000
-30.000-30.000-30.000-30.000-30.000-30.000-30.000-30.000-30.000
 Iron        6.539 10.905 14.510 17.329 16.183 16.563 16.638 15.844 13.988 12.811 10.920  8.781-30.000-30.000-30.000-30.000-30.000
-30.000-30.000-30.000-30.000-30.000-30.000-30.000-30.000-30.000-30.000
 Cobalt      2.954  7.219 10.888 13.643 14.812 14.106 14.060 13.589 12.380 11.196  9.558  8.569-30.000-30.000-30.000-30.000-30.000
-30.000-30.000-30.000-30.000-30.000-30.000-30.000-30.000-30.000-30.000-30.000
 Nickel      5.400  9.739 13.342 16.037 14.925 15.330 15.266 14.905 13.818 12.623 10.724  9.875  8.014-30.000-30.000-30.000-30.000
-30.000-30.000-30.000-30.000-30.000-30.000-30.000-30.000-30.000-30.000-30.000-30.000
 Copper      3.164  7.597 11.371 14.005 12.864 13.193 13.292 12.999 12.005 10.897  9.136  7.426  6.293-30.000-30.000-30.000-30.000
-30.000-30.000-30.000-30.000-30.000-30.000-30.000-30.000-30.000-30.000-30.000-30.000-30.000
 Zinc        4.041  8.193 11.706 14.370 13.275 13.557 13.606 13.465 12.485 11.421  9.729  8.546  6.881-30.000-30.000-30.000-30.000
-30.000-30.000-30.000-30.000-30.000-30.000-30.000-30.000-30.000-30.000-30.000-30.000-30.000-30.000
 Exc state                  He[2] 13.911                 C+[2] 14.561                  C[1]  9.439                  C[2]  9.927
                             C[3] 10.130                  O[1] 11.112                  O[2]  8.927                  O[3]  8.985
                           Si+[1] 13.382                C+2[2] 13.159                C+2[3]  6.718                C+2[4] 11.187


 Hydrogen   -3.833 -0.000-18.694 (H2)                 Log10 Mean Ionisation (over radius)
 Helium     -4.133 -0.145 -0.548
 Lithium    -4.731 -0.152 -0.812 -0.849
 Beryllium  -5.822 -2.936 -0.081 -0.804 -1.931
 Boron      -9.098 -4.262 -2.046 -0.020 -1.456 -3.406
 Carbon     -8.037 -3.609 -0.910 -0.194 -0.636 -2.263 -4.597
 Nitrogen   -8.296 -4.182 -1.032 -0.149 -0.953 -1.067 -3.106 -5.803
 Oxygen     -7.572 -3.343 -0.147 -0.979 -0.904 -1.316 -2.078 -4.450 -7.528
 Fluorine   -7.873 -3.239 -0.153 -1.078 -0.759 -1.425 -2.893 -3.646 -6.330
 Neon       -7.789 -3.134 -0.151 -1.083 -0.777 -1.379 -2.825 -4.004 -5.313
 Sodium     -7.403 -2.868 -0.166 -1.032 -0.723 -1.502 -2.610 -4.352 -6.102 -7.292
 Magnesium  -5.231 -2.788 -0.180 -1.036 -0.795 -1.103 -2.217 -3.831 -5.242 -7.028
 Aluminium  -8.269 -3.650 -2.011 -0.158 -0.810 -0.894 -1.902 -3.378 -4.888 -6.795
 Silicon    -8.994 -4.093 -2.196 -0.913 -0.160 -0.841 -1.475 -2.838 -5.321 -6.953
 Phosphorus -8.308 -3.630 -1.629 -0.509 -0.389 -0.673 -1.358 -2.599 -4.369 -6.240
 Sulphur    -8.811 -4.143 -1.601 -0.333 -0.543 -1.007 -0.946 -1.920 -3.870 -5.770 -8.699
 Chlorine   -8.482 -3.881 -1.444 -0.189 -0.698 -1.199 -1.514 -1.664 -3.041 -4.807 -7.189
 Argon      -9.217 -4.805 -1.321 -0.136 -0.879 -1.109 -2.193 -2.420 -2.941 -4.589 -6.551
 Potassium  -8.549 -3.688 -1.089 -0.137 -0.881 -1.284 -2.305 -3.249 -3.988 -4.422 -6.261
 Calcium    -9.065 -4.490 -1.488 -0.149 -0.754 -1.119 -2.357 -3.261 -4.684 -4.915 -5.825 -8.374
 Scandium  -11.192 -6.451 -3.146 -0.140 -0.917 -0.842 -2.028 -2.995 -4.615 -5.581 -6.700 -6.991
 Titanium  -11.267 -6.458 -3.484 -0.820 -0.163 -0.899 -1.466 -2.786 -4.319 -5.561 -6.798 -7.662
 Vanadium  -11.551 -7.145 -3.863 -1.456 -0.154 -0.671 -1.375 -2.152 -4.009 -5.532 -7.050 -7.602
 Chromium  -12.119 -7.130 -3.707 -1.216 -0.178 -0.867 -0.902 -1.863 -3.058 -4.932 -6.577 -7.602
 Manganese -11.578 -7.094 -3.669 -1.135 -0.180 -0.809 -0.987 -2.187 -3.272 -4.463 -6.470 -8.689
 Iron      -10.960 -6.595 -2.990 -0.171 -1.317 -0.936 -0.862 -1.655 -3.512 -4.689 -6.580 -8.718
 Cobalt    -12.036 -7.771 -4.102 -1.347 -0.177 -0.884 -0.930 -1.401 -2.610 -3.794 -5.432 -6.421
 Nickel    -10.820 -6.481 -2.878 -0.183 -1.295 -0.890 -0.954 -1.315 -2.402 -3.597 -5.496 -6.345 -8.206
 Copper    -11.026 -6.594 -2.819 -0.185 -1.327 -0.997 -0.898 -1.191 -2.185 -3.293 -5.055 -6.764 -7.897
 Zinc      -10.519 -6.367 -2.854 -0.189 -1.285 -1.003 -0.953 -1.094 -2.075 -3.139 -4.831 -6.014 -7.679

               1      2      3      4      5      6      7      8      9     10     11     12     13     14     15     16     17

 Hydrogen   -3.839 -0.000-18.703 (H2)         Log10 Mean Ionisation (over radius*electron density)
 Helium     -4.143 -0.154 -0.526
 Lithium    -4.740 -0.162 -0.793 -0.826
 Beryllium  -5.830 -2.943 -0.085 -0.784 -1.908
 Boron      -9.105 -4.265 -2.051 -0.020 -1.439 -3.385
 Carbon     -8.046 -3.618 -0.919 -0.200 -0.615 -2.241 -4.574
 Nitrogen   -8.305 -4.191 -1.040 -0.154 -0.931 -1.046 -3.083 -5.780
 Oxygen     -7.582 -3.352 -0.156 -0.960 -0.881 -1.293 -2.055 -4.427 -7.505
 Fluorine   -7.882 -3.248 -0.162 -1.061 -0.737 -1.402 -2.870 -3.623 -6.307
 Neon       -7.798 -3.144 -0.160 -1.065 -0.754 -1.356 -2.801 -3.981 -5.290
 Sodium     -7.412 -2.878 -0.175 -1.019 -0.700 -1.479 -2.586 -4.329 -6.078 -7.268
 Magnesium  -5.241 -2.798 -0.189 -1.028 -0.774 -1.081 -2.194 -3.808 -5.219 -7.004
 Aluminium  -8.278 -3.659 -2.020 -0.166 -0.794 -0.872 -1.879 -3.354 -4.865 -6.771
 Silicon    -9.004 -4.102 -2.205 -0.921 -0.164 -0.822 -1.453 -2.815 -5.298 -6.929
 Phosphorus -8.318 -3.639 -1.638 -0.518 -0.395 -0.655 -1.336 -2.576 -4.347 -6.217
 Sulphur    -8.820 -4.152 -1.610 -0.340 -0.546 -0.990 -0.926 -1.898 -3.847 -5.747 -8.676
 Chlorine   -8.491 -3.890 -1.452 -0.195 -0.689 -1.178 -1.493 -1.642 -3.018 -4.784 -7.165
 Argon      -9.226 -4.814 -1.329 -0.142 -0.857 -1.087 -2.171 -2.398 -2.918 -4.566 -6.527
 Potassium  -8.559 -3.697 -1.097 -0.142 -0.859 -1.262 -2.282 -3.227 -3.965 -4.399 -6.238
 Calcium    -9.075 -4.500 -1.497 -0.156 -0.735 -1.097 -2.334 -3.239 -4.664 -4.892 -5.801 -8.350
 Scandium  -11.202 -6.460 -3.154 -0.148 -0.899 -0.821 -2.005 -2.972 -4.592 -5.559 -6.676 -6.967
 Titanium  -11.276 -6.467 -3.491 -0.827 -0.167 -0.879 -1.446 -2.763 -4.298 -5.539 -6.774 -7.639
 Vanadium  -11.561 -7.155 -3.872 -1.465 -0.161 -0.650 -1.354 -2.131 -3.987 -5.512 -7.026 -7.579
 Chromium  -12.129 -7.139 -3.716 -1.225 -0.186 -0.848 -0.881 -1.841 -3.036 -4.911 -6.554 -7.579
 Manganese -11.588 -7.104 -3.679 -1.144 -0.187 -0.789 -0.965 -2.164 -3.250 -4.441 -6.447 -8.665
 Iron      -10.970 -6.604 -2.999 -0.180 -1.312 -0.917 -0.839 -1.632 -3.489 -4.666 -6.557 -8.695
 Cobalt    -12.046 -7.780 -4.111 -1.356 -0.186 -0.866 -0.908 -1.379 -2.587 -3.771 -5.410 -6.397
 Nickel    -10.829 -6.491 -2.887 -0.193 -1.295 -0.872 -0.932 -1.292 -2.379 -3.574 -5.473 -6.322 -8.183
 Copper    -11.036 -6.603 -2.829 -0.195 -1.328 -0.981 -0.876 -1.168 -2.162 -3.270 -5.031 -6.741 -7.873
 Zinc      -10.528 -6.377 -2.864 -0.199 -1.287 -0.987 -0.932 -1.072 -2.052 -3.116 -4.808 -5.991 -7.655

               1      2      3      4      5      6      7      8      9     10     11     12     13     14     15     16     17

 Hydrogen    4.038  4.054  4.036 (H2)                  Log10 Mean Temperature (over radius)
 Helium      4.013  4.007  4.154
 Lithium     4.001  4.007  4.135  4.165
 Beryllium   4.027  4.026  4.031  4.152  4.171
 Boron       4.034  4.055  4.034  4.051  4.135  4.160
 Carbon      4.025  4.021  4.016  4.018  4.154  4.165  4.172
 Nitrogen    4.031  4.022  4.019  4.025  4.152  4.166  4.176  4.184
 Oxygen      4.031  4.011  4.008  4.129  4.158  4.174  4.184  4.189  4.205
 Fluorine    4.018  4.010  4.007  4.121  4.156  4.174  4.185  4.183  4.187
 Neon        4.016  4.010  4.007  4.123  4.156  4.176  4.187  4.184  4.191
 Sodium      4.016  4.012  4.006  4.103  4.155  4.176  4.185  4.187  4.191  4.199
 Magnesium   4.021  4.015  4.006  4.075  4.148  4.168  4.181  4.186  4.185  4.191
 Aluminium   4.029  4.024  4.012  4.011  4.124  4.160  4.174  4.181  4.181  4.183
 Silicon     4.027  4.031  4.022  4.019  4.032  4.144  4.167  4.178  4.183  4.186
 Phosphorus  4.023  4.024  4.018  4.015  4.020  4.138  4.164  4.174  4.178  4.180
 Sulphur     4.030  4.027  4.019  4.018  4.034  4.132  4.152  4.168  4.177  4.175  4.235
 Chlorine    4.029  4.022  4.017  4.020  4.092  4.159  4.160  4.175  4.183  4.187  4.197
 Argon       4.033  4.021  4.017  4.020  4.148  4.165  4.176  4.171  4.184  4.189  4.191
 Potassium   4.021  4.022  4.019  4.026  4.155  4.171  4.180  4.176  4.183  4.184  4.191
 Calcium     4.017  4.021  4.018  4.017  4.138  4.165  4.180  4.173  4.165  4.175  4.186  4.229
 Scandium    4.024  4.025  4.015  4.014  4.128  4.156  4.177  4.176  4.183  4.172  4.183  4.185
 Titanium    4.028  4.029  4.024  4.023  4.034  4.150  4.162  4.179  4.174  4.179  4.182  4.203
 Vanadium    4.037  4.030  4.021  4.016  4.015  4.144  4.161  4.168  4.174  4.169  4.181  4.199
 Chromium    4.031  4.031  4.022  4.015  4.012  4.135  4.158  4.171  4.171  4.168  4.177  4.193
 Manganese   4.034  4.029  4.022  4.015  4.013  4.141  4.163  4.174  4.170  4.169  4.175  4.235
 Iron        4.028  4.021  4.012  4.007  4.065  4.131  4.162  4.179  4.184  4.176  4.173  4.235
 Cobalt      4.039  4.034  4.021  4.015  4.010  4.127  4.155  4.172  4.180  4.177  4.174  4.180
 Nickel      4.030  4.027  4.015  4.006  4.043  4.126  4.157  4.173  4.182  4.181  4.182  4.180  4.222
 Copper      4.030  4.024  4.015  4.006  4.036  4.118  4.154  4.168  4.177  4.179  4.181  4.178  4.212
 Zinc        4.023  4.018  4.012  4.006  4.031  4.115  4.152  4.167  4.177  4.180  4.181  4.178  4.202

               1      2      3      4      5      6      7      8      9     10     11     12     13     14     15     16     17

 Hydrogen    4.039  4.056  4.036 (H2)          Log10 Mean Temperature (over radius*electron density)
 Helium      4.013  4.008  4.154
 Lithium     4.001  4.007  4.136  4.165
 Beryllium   4.027  4.027  4.032  4.153  4.171
 Boron       4.035  4.056  4.035  4.053  4.136  4.161
 Carbon      4.025  4.021  4.017  4.019  4.155  4.165  4.173
 Nitrogen    4.031  4.022  4.019  4.026  4.153  4.166  4.176  4.184
 Oxygen      4.031  4.011  4.008  4.129  4.158  4.174  4.184  4.189  4.205
 Fluorine    4.018  4.010  4.007  4.122  4.156  4.174  4.185  4.183  4.187
 Neon        4.016  4.010  4.007  4.124  4.156  4.176  4.187  4.184  4.191
 Sodium      4.016  4.012  4.006  4.105  4.155  4.176  4.185  4.187  4.191  4.199
 Magnesium   4.021  4.015  4.006  4.078  4.149  4.169  4.181  4.186  4.185  4.191
 Aluminium   4.029  4.024  4.012  4.011  4.125  4.161  4.174  4.181  4.181  4.183
 Silicon     4.027  4.031  4.023  4.020  4.034  4.146  4.167  4.178  4.183  4.186
 Phosphorus  4.023  4.024  4.018  4.015  4.022  4.139  4.164  4.174  4.178  4.180
 Sulphur     4.030  4.027  4.020  4.019  4.036  4.134  4.153  4.168  4.177  4.175  4.235
 Chlorine    4.029  4.022  4.017  4.021  4.095  4.160  4.160  4.175  4.183  4.187  4.197
 Argon       4.033  4.022  4.018  4.021  4.149  4.165  4.176  4.172  4.184  4.189  4.191
 Potassium   4.022  4.022  4.020  4.027  4.155  4.171  4.180  4.177  4.183  4.185  4.191
 Calcium     4.017  4.021  4.018  4.017  4.139  4.165  4.180  4.173  4.166  4.175  4.186  4.229
 Scandium    4.024  4.025  4.015  4.014  4.130  4.156  4.177  4.177  4.183  4.172  4.183  4.186
 Titanium    4.028  4.029  4.025  4.024  4.036  4.151  4.163  4.179  4.175  4.179  4.182  4.203
 Vanadium    4.037  4.030  4.021  4.017  4.016  4.145  4.162  4.168  4.175  4.170  4.181  4.199
 Chromium    4.031  4.031  4.022  4.015  4.013  4.136  4.159  4.171  4.172  4.169  4.177  4.193
 Manganese   4.034  4.029  4.022  4.015  4.014  4.142  4.163  4.174  4.171  4.170  4.175  4.235
 Iron        4.028  4.021  4.012  4.007  4.067  4.132  4.163  4.179  4.184  4.176  4.173  4.235
 Cobalt      4.039  4.034  4.021  4.015  4.010  4.128  4.155  4.172  4.180  4.177  4.174  4.180
 Nickel      4.030  4.027  4.015  4.006  4.045  4.127  4.157  4.173  4.182  4.181  4.182  4.180  4.222
 Copper      4.030  4.024  4.015  4.006  4.037  4.119  4.154  4.168  4.178  4.179  4.181  4.178  4.212
 Zinc        4.023  4.018  4.012  4.006  4.033  4.117  4.153  4.167  4.177  4.180  4.181  4.178  4.202

               1      2      3      4      5      6      7      8      9     10     11     12     13     14     15     16     17
AGN log nH=1.89 log U=-1.00  

---------------Convergence statistics---------------
      1.97 mean iterations/state convergence
      2.03 mean cx acceleration loops/iteration
      1.41 mean iso convergence loops/ion solve
      1.13 mean steps/chemistry solve
         1 mean step length searches/chemistry step
----------------------------------------------------

 Cloudy ends: 90 zones, 3 iterations. (single thread) ExecTime(s) 104.02
 [Stop in cdMain at maincl.cpp:590, Cloudy exited OK]
