                                                          Cloudy 25.00
                                                         www.nublado.org

                                                  PRNG seed: 0x13a6e3dfc20ead6d

                       **************************************25Aug25**************************************
                       *                                                                                 *
                       * title AGN log nH=2.78 log U=-3.00                                               *
                       * hden 2.7777777777777777                                                         *
                       * table AGN                                                                       *
                       * stop efrac 0.01                                                                 *
                       * ionization parameter -3.0                                                       *
                       * abundances GASS                                                                 *
                       * sphere                                                                          *
                       * stop temperature 4000 K                                                         *
                       * stop column density 22                                                          *
                       * iterate to convergence                                                          *
                       * save overview "AGNmodel_nH2.78_Um3.00_temp43333.33.txt"                         *
                       *                                                                                 *
                       ***********************************************************************************



           9244CellPeak1.00E+00   Lo 3.04e-09=  29.98m   Hi-Con:7.13E+06 Ryd   E(hi):7.35E+06Ryd     E(hi):     100.00 MeV
           I(nu>1ryd):   0.0752   Average nu:3.035E+00   I( X-ray):  -0.7464   I(BalC):  -0.4204     Phi(BalmrC):  10.5424
           phi(1.0-1.8): 9.9510   phi(1.8-4.0):  9.844   phi(4.0-20):  9.306   phi(20--):  7.565     Ion pht flx:1.797E+10
           I(gam ray):  -1.0319   phi(gam r):   5.3603   I(Infred):  -0.2064   Alf(ox):  -1.4088     Total inten:   0.3405
           U(1.0----):1.000E-03   U(4.0----):1.146E-04   T(En-Den):9.913E+00   T(Comp):1.323E+07     nuJnu(912A):3.800E-01
           Occ(FarIR):1.992E-06   Occ(H n=6):1.342E-11   Occ(1Ryd):1.753E-17   Occ(4R):8.965E-20     Occ (Nu-hi):0.000E+00
           Tbr(FarIR):9.578E-10   Tbr(H n=6):5.877E-08   Tbr(1Ryd):2.766E-12   Tbr(4R):5.671E-14     Tbr (Nu-hi):0.000E+00
  
                                                  Gas Phase Chemical Composition
        H :  0.0000  He: -1.0701  Li:-10.9508  Be:-10.6198  B : -9.3002  C : -3.5702  N : -4.1701  O : -3.3098  F : -7.4401
        Ne: -4.0701  Na: -5.7595  Mg: -4.4001  Al: -5.5498  Si: -4.4895  P : -6.5901  S : -4.8794  Cl: -6.5003  Ar: -5.6003
        K : -6.9706  Ca: -5.6596  Sc: -8.8508  Ti: -7.0501  V : -8.0701  Cr: -6.3595  Mn: -6.5702  Fe: -4.5003  Co: -7.0101
                                               Ni: -5.7799  Cu: -7.8097  Zn: -7.4401
 
 ####  1  Te:1.034E+04 Hden:5.995E+02 Ne:6.753E+02 R:1.000E+30 R-R0:1.928E+13 dR:3.856E+13 NTR:  6 Htot:2.313E-18 T912: 1.00e+08###
 Hydrogen      8.05e-03 9.92e-01 H+o/Hden 1.00e+00 5.21e-10 H-    H2 1.13e-14 3.68e-11 H2+ HeH+ 2.63e-11 Ho+ ColD 1.86e+14 2.29e+16
 Helium        4.01e-03 4.58e-01 5.38e-01 HeI 2s3S 4.05e-07 Comp H,C 8.34e-24 6.52e-27 Fill Fac 1.00e+00 Gam1/tot 1.00e+00
 He singlet n  4.01e-03 2.09e-13 4.64e-20 4.02e-20 3.59e-20 6.27e-20 He tripl 4.05e-07 6.96e-18 1.33e-19 9.31e-19 1.82e-19
 Pressure      NgasTgas 1.37e+07 P(total) 1.89e-09 P( gas ) 1.89e-09 P(Radtn) 0.00e+00 Rad accl 4.55e-07 ForceMul 1.92e+04
 Texc(La)      3.13e+03 T(I con) 9.91e+00 T(D con) 1.30e+00 T(U tot) 9.91e+00 nT (c+d) 2.71e+06 Prad/Gas 0.00e+00 Pmag/Gas 0.00e+00
 Molecules     CH/Ctot: 3.59e-13 CH+/Ctot 4.58e-13 CO/Ctot: 1.49e-16 CO+/Ctot 9.26e-18 H2O/Otot 2.18e-24 OH/Ototl 2.91e-13
 Lithium       1.64e-03 9.39e-01 5.81e-02 1.04e-03 Berylliu 1.33e-02 8.17e-02 8.89e-01 1.57e-02 3.98e-06 sec ion: 7.65e-14
 Boron         4.94e-04 1.78e-01 4.20e-01 4.01e-01 1.85e-04 0.00e+00
 Carbon        3.61e-04 1.27e-01 7.94e-01 7.63e-02 2.72e-03 1.34e-07 0.00e+00 H2O+/O   3.34e-25 OH+/Otot 9.41e-14 Hex(tot) 0.00e+00
 Nitrogen      5.14e-04 1.49e-01 7.36e-01 1.13e-01 1.83e-03 8.64e-06 0.00e+00 0.00e+00 O2/Ototl 1.41e-18 O2+/Otot 5.34e-19
 Oxygen        1.22e-03 1.36e-01 7.12e-01 1.48e-01 3.51e-03 1.07e-05 0.00e+00 0.00e+00 0.00e+00
 Fluorine      1.00e-04 6.36e-02 8.46e-01 8.60e-02 3.86e-03 8.75e-06 0.00e+00 0.00e+00 0.00e+00 0.00e+00
 Neon          6.36e-05 3.86e-02 8.32e-01 1.27e-01 2.13e-03 5.28e-06 0.00e+00 0.00e+00 0.00e+00 0.00e+00 0.00e+00
 Sodium        1.37e-05 3.45e-02 7.51e-01 2.03e-01 1.20e-02 1.75e-05 0.00e+00 0.00e+00 0.00e+00 0.00e+00 0.00e+00 0.00e+00
 Magnesium     1.76e-03 3.69e-02 8.77e-01 8.24e-02 1.63e-03 6.11e-06 0.00e+00 0.00e+00 0.00e+00 0.00e+00 0.00e+00 0.00e+00 0.00e+00
 Aluminium  0  9.82e-05 1.54e-01 2.03e-01 6.01e-01 4.21e-02 1.60e-04 2.37e-07 0.00e+00 0.00e+00 0.00e+00 0.00e+00 0.00e+00 0.00e+00
 Silicon    0  5.78e-04 2.60e-01 5.53e-01 1.73e-01 1.36e-02 4.49e-05 0.00e+00 0.00e+00 0.00e+00 0.00e+00 0.00e+00 0.00e+00 0.00e+00
 Phosphorus 0  1.19e-04 3.50e-01 5.41e-01 1.01e-01 7.47e-03 4.80e-04 1.00e-06 0.00e+00 0.00e+00 0.00e+00 0.00e+00 0.00e+00 0.00e+00
 Sulphur    0  1.90e-04 1.32e-01 7.45e-01 1.20e-01 3.38e-03 2.53e-04 1.31e-05 0.00e+00 0.00e+00 0.00e+00 0.00e+00 0.00e+00 0.00e+00
 Chlorine   0  1.32e-04 1.68e-01 6.91e-01 1.37e-01 3.61e-03 9.07e-05 7.20e-06 4.73e-07 0.00e+00 0.00e+00 0.00e+00 0.00e+00 0.00e+00
 Argon      0  3.35e-05 2.22e-02 8.94e-01 8.12e-02 2.24e-03 5.18e-05 1.07e-06 3.02e-07 0.00e+00 0.00e+00 0.00e+00 0.00e+00 0.00e+00
 Potassium  0  1.49e-05 1.37e-01 7.54e-01 1.06e-01 3.02e-03 3.07e-05 9.92e-07 0.00e+00 0.00e+00 0.00e+00 0.00e+00 0.00e+00 0.00e+00
 Calcium    0  7.09e-05 3.88e-02 5.82e-01 3.64e-01 1.48e-02 1.19e-04 1.58e-06 1.51e-07 0.00e+00 0.00e+00 0.00e+00 0.00e+00 0.00e+00
 Scandium   0  1.19e-06 1.25e-03 6.47e-02 8.76e-01 5.70e-02 6.16e-04 5.63e-06 1.34e-07 0.00e+00 0.00e+00 0.00e+00 0.00e+00 0.00e+00
 Titanium   0  1.12e-06 9.83e-03 1.85e-01 7.22e-01 8.24e-02 6.58e-04 1.59e-05 1.29e-07 0.00e+00 0.00e+00 0.00e+00 0.00e+00 0.00e+00
 Vanadium   0  1.03e-05 7.27e-03 3.28e-01 3.73e-01 2.83e-01 8.17e-03 4.06e-05 2.44e-06 0.00e+00 0.00e+00 0.00e+00 0.00e+00 0.00e+00
 Chromium   0  9.34e-06 1.03e-02 4.88e-01 3.27e-01 1.66e-01 8.46e-03 1.29e-04 1.38e-06 0.00e+00 0.00e+00 0.00e+00 0.00e+00 0.00e+00
 Manganese  0  1.64e-06 1.28e-02 4.80e-01 2.88e-01 2.08e-01 1.01e-02 1.28e-04 1.02e-06 0.00e+00 0.00e+00 0.00e+00 0.00e+00 0.00e+00
 Iron       0  1.69e-06 1.06e-02 2.29e-01 5.62e-01 1.86e-01 1.18e-02 1.77e-04 2.38e-06 0.00e+00 0.00e+00 0.00e+00 0.00e+00 0.00e+00
 Cobalt     0  4.66e-05 1.56e-02 1.70e-01 3.72e-01 4.20e-01 2.18e-02 7.70e-04 8.87e-06 2.16e-07 0.00e+00 0.00e+00 0.00e+00 0.00e+00
 Nickel     0  8.20e-06 3.81e-02 3.92e-01 3.34e-01 2.19e-01 1.61e-02 4.09e-04 5.34e-06 0.00e+00 0.00e+00 0.00e+00 0.00e+00 0.00e+00
 Copper     0  1.17e-05 5.03e-03 4.88e-01 4.12e-01 8.79e-02 6.75e-03 1.94e-04 7.63e-06 1.34e-07 0.00e+00 0.00e+00 0.00e+00 0.00e+00
 Zinc       0  4.96e-06 1.05e-03 5.69e-02 4.21e-01 4.89e-01 3.12e-02 8.08e-04 2.95e-05 7.13e-07 0.00e+00 0.00e+00 0.00e+00 0.00e+00
 ####127  Te:3.943E+03 Hden:5.995E+02 Ne:5.271E+01 R:1.000E+30 R-R0:2.444E+17 dR:8.830E+14 NTR: 12 Htot:7.238E-20 T912: 1.00e+08###
 Hydrogen      9.27e-01 7.27e-02 H+o/Hden 1.00e+00 1.08e-08 H-    H2 1.36e-07 2.44e-09 H2+ HeH+ 8.49e-09 Ho+ ColD 3.16e+19 1.15e+20
 Helium        8.32e-01 1.63e-01 5.27e-03 HeI 2s3S 2.91e-08 Comp H,C 6.48e-25 1.92e-28 Fill Fac 1.00e+00 Gam1/tot 4.08e-01
 He singlet n  8.32e-01 1.76e-14 2.46e-19 2.95e-21 1.45e-20 4.66e-21 He tripl 2.91e-08 1.27e-17 7.60e-21 9.69e-20 1.30e-20
 Pressure      NgasTgas 2.78e+06 P(total) 3.83e-10 P( gas ) 3.83e-10 P(Radtn) 1.73e-13 Rad accl 5.54e-08 ForceMul 3.00e+04
 Texc(La)      3.66e+03 T(I con) 8.68e+00 T(D con) 7.89e+00 T(U tot) 9.89e+00 nT (c+d) 4.00e+06 Prad/Gas 4.52e-04 Pmag/Gas 0.00e+00
 Molecules     CH/Ctot: 5.26e-11 CH+/Ctot 4.27e-09 CO/Ctot: 6.86e-10 CO+/Ctot 1.66e-11 H2O/Otot 1.56e-15 OH/Ototl 1.04e-07
 Lithium       4.30e-04 1.00e+00 3.33e-05 1.07e-06 Berylliu 1.11e-03 6.84e-01 2.98e-01 1.73e-02 0.00e+00 sec ion: 1.27e-12
 Boron         1.72e-04 9.56e-01 3.83e-03 4.01e-02 8.26e-07 0.00e+00
 Carbon        7.77e-04 9.77e-01 2.22e-02 4.21e-06 0.00e+00 0.00e+00 0.00e+00 H2O+/O   5.01e-16 OH+/Otot 3.59e-08 Hex(tot) 0.00e+00
 Nitrogen      9.41e-01 5.92e-02 1.09e-05 2.51e-07 0.00e+00 0.00e+00 0.00e+00 0.00e+00 O2/Ototl 3.85e-12 O2+/Otot 4.76e-12
 Oxygen        9.43e-01 5.75e-02 1.70e-05 0.00e+00 0.00e+00 0.00e+00 0.00e+00 0.00e+00 0.00e+00
 Fluorine      2.59e-01 6.16e-01 1.25e-01 2.69e-06 2.49e-06 0.00e+00 0.00e+00 0.00e+00 0.00e+00 0.00e+00
 Neon          1.36e-01 5.59e-01 3.04e-01 1.43e-05 0.00e+00 0.00e+00 0.00e+00 0.00e+00 0.00e+00 0.00e+00 0.00e+00
 Sodium        2.56e-03 5.28e-01 4.69e-01 1.31e-04 1.03e-05 0.00e+00 0.00e+00 0.00e+00 0.00e+00 0.00e+00 0.00e+00 0.00e+00
 Magnesium     1.06e-03 4.43e-01 5.56e-01 4.63e-05 0.00e+00 0.00e+00 0.00e+00 0.00e+00 0.00e+00 0.00e+00 0.00e+00 0.00e+00 0.00e+00
 Aluminium  0  3.41e-05 3.95e-01 1.96e-01 4.09e-01 2.39e-04 0.00e+00 0.00e+00 0.00e+00 0.00e+00 0.00e+00 0.00e+00 0.00e+00 0.00e+00
 Silicon    0  1.72e-04 9.99e-01 1.25e-04 9.07e-04 4.56e-06 0.00e+00 0.00e+00 0.00e+00 0.00e+00 0.00e+00 0.00e+00 0.00e+00 0.00e+00
 Phosphorus 0  2.52e-04 8.30e-01 1.67e-01 2.72e-03 1.50e-05 3.48e-07 0.00e+00 0.00e+00 0.00e+00 0.00e+00 0.00e+00 0.00e+00 0.00e+00
 Sulphur    0  4.72e-04 8.00e-01 1.99e-01 7.36e-05 5.21e-06 2.26e-07 0.00e+00 0.00e+00 0.00e+00 0.00e+00 0.00e+00 0.00e+00 0.00e+00
 Chlorine   0  5.11e-04 8.57e-01 1.42e-01 7.09e-05 3.34e-06 0.00e+00 0.00e+00 0.00e+00 0.00e+00 0.00e+00 0.00e+00 0.00e+00 0.00e+00
 Argon      0  3.05e-01 5.90e-01 1.04e-01 1.76e-05 1.65e-06 0.00e+00 0.00e+00 0.00e+00 0.00e+00 0.00e+00 0.00e+00 0.00e+00 0.00e+00
 Potassium  0  5.76e-04 7.17e-01 2.82e-01 4.01e-05 8.81e-04 1.37e-07 0.00e+00 0.00e+00 0.00e+00 0.00e+00 0.00e+00 0.00e+00 0.00e+00
 Calcium    0  2.94e-05 8.53e-02 9.12e-01 3.13e-03 2.38e-05 3.37e-07 0.00e+00 0.00e+00 0.00e+00 0.00e+00 0.00e+00 0.00e+00 0.00e+00
 Scandium   0  7.68e-05 2.56e-01 6.89e-01 5.39e-02 8.80e-04 3.91e-07 0.00e+00 0.00e+00 0.00e+00 0.00e+00 0.00e+00 0.00e+00 0.00e+00
 Titanium   0  9.99e-05 8.41e-01 1.55e-01 2.70e-04 3.40e-03 3.06e-07 0.00e+00 0.00e+00 0.00e+00 0.00e+00 0.00e+00 0.00e+00 0.00e+00
 Vanadium   0  1.69e-03 7.87e-01 2.11e-01 4.11e-05 3.55e-04 2.21e-07 0.00e+00 0.00e+00 0.00e+00 0.00e+00 0.00e+00 0.00e+00 0.00e+00
 Chromium   0  1.49e-04 9.98e-01 1.38e-03 1.80e-05 4.28e-05 9.73e-07 0.00e+00 0.00e+00 0.00e+00 0.00e+00 0.00e+00 0.00e+00 0.00e+00
 Manganese  0  2.29e-04 9.97e-01 2.38e-03 2.04e-05 1.37e-04 7.75e-07 1.82e-07 0.00e+00 0.00e+00 0.00e+00 0.00e+00 0.00e+00 0.00e+00
 Iron       0  1.07e-04 9.99e-01 4.17e-04 7.52e-05 1.30e-05 5.71e-07 1.27e-07 0.00e+00 0.00e+00 0.00e+00 0.00e+00 0.00e+00 0.00e+00
 Cobalt     0  4.03e-03 9.95e-01 4.39e-04 8.76e-05 1.70e-04 3.88e-07 0.00e+00 0.00e+00 0.00e+00 0.00e+00 0.00e+00 0.00e+00 0.00e+00
 Nickel     0  3.49e-04 9.99e-01 3.86e-04 1.64e-05 2.58e-05 2.96e-07 0.00e+00 0.00e+00 0.00e+00 0.00e+00 0.00e+00 0.00e+00 0.00e+00
 Copper     0  9.89e-04 6.70e-01 3.29e-01 4.07e-05 5.54e-06 9.51e-07 0.00e+00 0.00e+00 0.00e+00 0.00e+00 0.00e+00 0.00e+00 0.00e+00
 Zinc       0  4.52e-04 1.55e-01 4.61e-01 3.04e-01 7.97e-02 8.99e-06 7.15e-07 0.00e+00 0.00e+00 0.00e+00 0.00e+00 0.00e+00 0.00e+00
   AGN log nH=2.78 log U=-3.00  
   Calculation stopped because lowest Te reached. Iteration 1 of 10
   The geometry is plane-parallel.
  !Some input lines contained underscores, these were changed to spaces.
  !Suprathermal collisional ionization of H reached 59.22% of the local H ionization rate.
  !Charge transfer H => H+ reached 1196.8% of the local H ionization rate.
  !AGE: Cloud age was not set.  Longest timescale was 3.84e+10 s = 1.22e+03 years.
  !The CMB was not included.  This is added with the CMB command.
  !The radiation pressure jumped by 447% from 2.07e-11 (zone 13) to 2.45e-12 (zone 14) to 1.19e-12 (zone 15)
   Charge transfer heating reached 1.75% of the local heating.
   The density is too low to l-mix the lowest H  I collapsed level.  More resolved levels are needed for accurate line ratios.
   The density is too low to l-mix the lowest He I collapsed level.  More resolved levels are needed for accurate line ratios.
   Grains were not present but might survive in this environment (energy density temperature was 9.91e+00K)
   The continuum optical depth at the lowest energy considered (3.045e-09 Ryd) was 1.224e+02.

                       *********************************> Cloudy 25.00 <**********************************
                       * title AGN log nH=2.78 log U=-3.00                                               *
                       * hden 2.7777777777777777                                                         *
                       * table AGN                                                                       *
                       * stop efrac 0.01                                                                 *
                       * ionization parameter -3.0                                                       *
                       * abundances GASS                                                                 *
                       * sphere                                                                          *
                       * stop temperature 4000 K                                                         *
                       * stop column density 22                                                          *
                       * iterate to convergence                                                          *
                       * save overview "AGNmodel_nH2.78_Um3.00_temp43333.33.txt"                         *
                       *********************************> Log(U): -3.00 <*********************************

                     Emission Line Spectrum.   Constant  Density Model.  Closed geometry.  Iteration 1 of 10.
                                                     Intensity (erg/s/cm^2).


                                                   Intrinsic line intensities
general properties..............................      H  1                8665.02A    -4.035    0.0105      Fe 3                3286.19A    -4.061    0.0098
Inci                      0      0.341  248.2059      H  1                8598.40A    -4.123    0.0085      Fe 3                2464.51A    -4.100    0.0090
TotH                      0     -0.368   48.5218      H  1                8545.39A    -4.204    0.0071      Fe 3                51.6655m    -3.684    0.0234
TotC                      0     -0.369   48.4962      H  1                8502.49A    -4.279    0.0060      Fe 3                5011.26A    -3.458    0.0395
BFH1                      0     -0.516   34.5750      H  1                8467.26A    -4.349    0.0051      Fe 3                4769.43A    -3.556    0.0315
BFHe                      0     -1.003   11.2559      H  1                8437.96A    -4.413    0.0044      Fe 3                4733.91A    -3.595    0.0288
TotM                      0     -1.739    2.0660      H  1                8413.32A    -4.472    0.0038      Fe 3                3406.18A    -3.964    0.0123
CT H                      0     -2.279    0.5964      H  1                8392.40A    -4.524    0.0034      Fe 3                3334.90A    -4.072    0.0096
H FB                      0     -1.735    2.0868      H  1                8374.48A    -4.569    0.0031      Fe 3                3319.22A    -4.227    0.0067
HFBc                      0     -1.735    2.0868      H  1                4.05115m    -3.217    0.0688      Fe 3                2483.05A    -4.270    0.0061
H  1c                     0     -1.668    2.4349      H  1                2.62515m    -3.435    0.0416      Fe 3                105.345m    -4.752    0.0020
He 1c                     0     -3.110    0.0879      H  1                2.16553m    -3.637    0.0262      Fe 3                5411.98A    -3.844    0.0162
Al 3c                     0     -3.881    0.0149      H  1                1.94456m    -3.814    0.0174      Fe 3                4930.54A    -4.136    0.0083
Ar 2c                     0     -3.714    0.0219      H  1                1.81741m    -3.969    0.0122      Fe 3                4777.68A    -3.916    0.0138
Ar 3c                     0     -2.296    0.5727      H  1                1.73621m    -4.107    0.0088      Fe 3                3428.79A    -4.623    0.0027
Ar 4c                     0     -4.105    0.0089      H  1                1.68065m    -4.205    0.0071      Fe 3                3356.57A    -4.152    0.0080
Ar 5c                     0     -4.887    0.0015      H  1                1.64072m    -4.308    0.0056      Fe 3                3355.48A    -4.414    0.0044
C  1c                     0     -3.965    0.0123      H  1                1.61093m    -4.403    0.0045      Fe 3                2495.04A    -4.508    0.0035
C  2c                     0     -2.432    0.4192      H  1                1.58805m    -4.491    0.0037      Fe 3                5084.77A    -4.234    0.0066
C  3c                     0     -2.328    0.5330      H  1                1.57007m    -4.572    0.0030      Fe 3                3366.21A    -4.476    0.0038
Ca 4c                     0     -3.569    0.0306      H  1                1.55565m    -4.647    0.0026      Fe 3                2500.96A    -4.991    0.0012
Co 2c                     0     -3.943    0.0129      H  1                1.54389m    -4.716    0.0022      Fe 3                8838.21A    -4.794    0.0018
Co 3c                     0     -4.397    0.0045      H  1                1.53418m    -4.781    0.0019      Fe 3                8728.94A    -4.641    0.0026
Cr 2c                     0     -3.967    0.0122      H  1                1.52605m    -4.839    0.0016      Fe 3                40.0371m    -4.435    0.0042
Fe 2c                     0     -1.424    4.2718      H  1                1.51919m    -4.891    0.0015      Fe 3                2.21782m    -3.626    0.0268
Fe 3c                     0     -1.768    1.9316      H  1                1.51332m    -4.936    0.0013      Fe 3                9701.27A    -3.893    0.0145
K  3c                     0     -4.065    0.0098      H  1                7.45782m    -3.736    0.0208      Fe 3                3307.57A    -4.831    0.0017
Mg 1c                     0     -3.159    0.0785      H  1                4.65251m    -3.903    0.0142      Fe 3                2.34788m    -3.804    0.0178
Mn 2c                     0     -4.037    0.0104      H  1                3.73954m    -4.071    0.0096      Fe 3                9942.18A    -4.086    0.0093
N  1c                     0     -3.433    0.0418      H  1                3.29609m    -4.223    0.0068      Fe 3                9444.21A    -4.625    0.0027
N  4c                     0     -4.753    0.0020      H  1                3.03837m    -4.360    0.0049      Fe 3                2.24204m    -4.370    0.0048
Ne 2c                     0     -3.161    0.0781      H  1                2.87221m    -4.494    0.0036      Fe 3                2.14511m    -4.650    0.0025
Ne 3c                     0     -1.818    1.7218      H  1                2.75752m    -4.596    0.0029      Fe 3                3.22847m    -4.151    0.0080
Ne 5c                     0     -4.147    0.0081      H  1                2.67440m    -4.691    0.0023      Fe 3                2.87385m    -4.107    0.0088
O  1c                     0     -2.543    0.3243      H  1                2.61194m    -4.778    0.0019      Fe 3                1.06081m    -4.578    0.0030
O  2c                     0     -1.390    4.6131      H  1                2.56363m    -4.859    0.0016      Fe 3                2.90407m    -4.823    0.0017
O  3c                     0     -0.925   13.4635      H  1                2.52540m    -4.934    0.0013      Fe 3                1.08826m    -4.974    0.0012
P  2c                     0     -3.239    0.0654      H  1                2.49458m    -5.003    0.0011      Fe 3                3.04312m    -5.038    0.0010
P  3c                     0     -4.182    0.0075      H  1                12.3685m    -4.171    0.0076      K  3                4.61683m    -4.065    0.0098
S  2c                     0     -1.837    1.6491      H  1                7.50045m    -4.303    0.0056      Mg 1                2852.13A    -3.649    0.0254
S  3c                     0     -1.517    3.4486      H  1                5.90660m    -4.444    0.0041      Mg 1                4562.60A    -3.483    0.0372
Si 2c                     0     -1.913    1.3847      H  1                5.12726m    -4.577    0.0030      Mg 1                4571.10A    -3.918    0.0137
Si 3c                     0     -2.699    0.2266      H  1                4.67124m    -4.732    0.0021      Mg 1                4575.29A    -4.854    0.0016
Si 4c                     0     -4.267    0.0061      H  1                4.37526m    -4.834    0.0017      Mg 3                231.734A    -4.675    0.0024
Al 2c                     0     -3.070    0.0965      H  1                4.16966m    -4.928    0.0013      Mg 3                234.264A    -4.944    0.0013
Al 5c                     0     -5.045    0.0010      H  1                4.01977m    -5.014    0.0011      Mn 2                2576.10A    -4.363    0.0049
C  4c                     0     -3.726    0.0213      H  1                19.0567m    -4.547    0.0032      Mn 2                2593.72A    -4.448    0.0040
Ca 2c                     0     -2.385    0.4672      H  1                11.3056m    -4.652    0.0025      Mn 2                2605.68A    -4.576    0.0030
Ca 5c                     0     -4.760    0.0020      H  1                8.75768m    -4.774    0.0019      N  1                953.655A    -5.053    0.0010
Cl 2c                     0     -3.411    0.0440      H  1                7.50606m    -4.937    0.0013      N  1                1134.17A    -4.880    0.0015
Cl 3c                     0     -3.492    0.0365      H  1                6.77015m    -5.036    0.0010      N  1                1134.41A    -4.816    0.0017
Cl 4c                     0     -3.981    0.0118      H  1                27.7958m    -4.877    0.0015      N  1                1134.98A    -4.786    0.0019
Fe 4c                     0     -2.492    0.3652      H  1                16.2047m    -4.962    0.0012      N  1                1199.55A    -4.478    0.0038
Fe 5c                     0     -2.828    0.1683      Ca A                303.784A    -1.104    8.9125      N  1                1200.22A    -4.509    0.0035
Fe 6c                     0     -3.751    0.0201      Ca A                256.317A    -1.839    1.6431      N  1                1200.71A    -4.631    0.0027
Mg 2c                     0     -1.833    1.6640      Ca A                243.027A    -2.272    0.6054      N  1                5197.90A    -3.785    0.0186
Mg 4c                     0     -3.776    0.0190      Ca A                237.331A    -2.582    0.2968      N  1                5200.26A    -3.741    0.0206
N  2c                     0     -1.767    1.9378      Ca A                234.347A    -2.824    0.1700      N  1                1.03977m    -5.008    0.0011
N  3c                     0     -2.577    0.3004      Ca A                232.584A    -3.024    0.1073      N  4                1483.32A    -4.988    0.0012
Na 3c                     0     -3.919    0.0136      Ca A                231.454A    -3.194    0.0724      N  4                765.147A    -4.655    0.0025
Na 4c                     0     -4.448    0.0040      Ca A                230.686A    -3.343    0.0514      N  4                247.205A    -4.865    0.0015
Ne 4c                     0     -3.910    0.0139      Ca A                230.139A    -3.476    0.0379      Ne 2                12.8101m    -3.161    0.0781
Ni 2c                     0     -2.684    0.2343      Ca A                229.736A    -3.595    0.0288      Ne 3                15.5509m    -2.093    0.9157
O  4c                     0     -2.085    0.9327      Ca A                229.431A    -3.704    0.0224      Ne 3                3868.76A    -2.312    0.5529
S  4c                     0     -2.469    0.3845      Ca A                229.194A    -3.804    0.0178      Ne 3                489.500A    -4.998    0.0011
continua........................................      Ca A                229.006A    -3.897    0.0144      Ne 3                36.0036m    -3.135    0.0830
Bac                 3646.00A    -0.847   16.1030      Ca A                228.855A    -3.983    0.0118      Ne 3                3967.47A    -2.829    0.1678
nFnu                3645.00A    -0.742   20.5272      Ca A                228.731A    -4.064    0.0098      Ne 3                1814.56A    -4.820    0.0017
nFnu                3647.00A    -1.408    4.4242      Ca A                228.629A    -4.139    0.0082      Ne 3                491.045A    -4.605    0.0028
cout                3646.00A    -0.847   16.1030      Ca A                228.543A    -4.211    0.0070      Ne 3                489.645A    -4.956    0.0013
thin                3646.00A    -0.847   16.1033      Ca A                228.471A    -4.278    0.0060      Ne 3                313.688A    -4.871    0.0015
Inci                4860.00A    -0.763   19.5372      Ca A                228.409A    -4.342    0.0052      Ne 3                490.311A    -4.874    0.0015
Inci                1367.00A    -0.508   35.1579      Ca A                228.356A    -4.403    0.0045      Ne 5                24.3108m    -4.404    0.0045
Inci                2066.00A    -0.598   28.5948      Ca A                228.309A    -4.461    0.0039      Ne 5                14.3178m    -4.544    0.0032
Inci                1215.00A    -0.483   37.2846      Ca A                228.269A    -4.516    0.0034      O  1                1040.94A    -4.911    0.0014
Ba C                      0     -1.529    3.3518      Ca A                228.234A    -4.569    0.0031      O  1                1304.86A    -4.346    0.0051
PA C                      0     -1.945    1.2865      Ca A                1640.41A    -2.090    0.9211      O  1                1306.03A    -4.826    0.0017
FIR                 83.0000m    -1.505    3.5450      Ca A                1215.13A    -2.621    0.2709      O  1                5577.34A    -4.417    0.0043
TIR                 1800.00m    -4.093    0.0092      Ca A                1084.94A    -2.976    0.1198      O  1                6300.30A    -2.791    0.1833
NIRa                2.85000m    -0.182   74.5202      Ca A                1025.27A    -3.242    0.0650      O  1                6363.78A    -3.287    0.0586
NIRb                3.00000m    -0.496   36.1533      Ca A                992.358A    -3.456    0.0397      O  1                63.1679m    -3.203    0.0709
MIRa                15.0000m    -0.687   23.2712      Ca A                972.106A    -3.635    0.0262      O  1                145.495m    -4.258    0.0063
MIRb                22.5000m    -0.626   26.7992      Ca A                958.693A    -3.791    0.0183      O  2                539.086A    -4.639    0.0026
NMIR                21.7500m    -0.182   74.5202      Ca A                949.323A    -3.928    0.0134      O  2                539.547A    -4.670    0.0024
TFIR                611.250m    -3.190    0.0731      Ca A                942.507A    -4.051    0.0101      O  2                539.854A    -4.726    0.0021
TALL                10000.0A     0.333  243.8226      Ca A                937.389A    -4.162    0.0078      O  2                832.758A    -4.731    0.0021
F12                 12.0000m    -1.135    8.2983      Ca A                933.444A    -4.264    0.0062      O  2                833.330A    -4.670    0.0024
F25                 25.0000m    -1.711    2.2018      Ca A                930.337A    -4.359    0.0050      O  2                834.465A    -4.648    0.0025
F60                 60.0000m    -1.665    2.4529      Ca A                927.846A    -4.446    0.0041      O  2                2470.22A    -3.777    0.0189
F100                100.000m    -2.055    0.9979      Ca A                925.816A    -4.528    0.0034      O  2                2470.34A    -3.186    0.0738
MIPS                24.0000m    -1.771    1.9209      Ca A                924.142A    -4.604    0.0028      O  2                7318.92A    -3.860    0.0156
MIPS                70.0000m    -3.006    0.1118      Ca A                922.743A    -4.677    0.0024      O  2                7319.99A    -3.380    0.0472
MIPS                160.000m    -3.424    0.0427      Ca A                921.562A    -4.745    0.0020      O  2                7329.67A    -3.638    0.0261
IRAC                3.60000m    -1.410    4.4103      Ca A                920.556A    -4.810    0.0018      O  2                7330.73A    -3.649    0.0254
IRAC                4.50000m    -1.381    4.7091      Ca A                919.693A    -4.871    0.0015      O  2                3728.81A    -1.712    2.1975
IRAC                5.80000m    -1.297    5.7158      Ca A                918.945A    -4.930    0.0013      O  2                3726.03A    -1.710    2.2082
IRAC                8.00000m    -1.179    7.5117      Ca A                918.295A    -4.986    0.0012      O  3                88.3323m    -2.064    0.9779
SPR1                250.000m    -4.316    0.0055      Ca A                917.724A    -5.040    0.0010      O  3                4931.23A    -5.035    0.0010
SPR2                350.000m    -4.433    0.0042      Ca A                4685.68A    -2.796    0.1811      O  3                832.929A    -4.855    0.0016
SPR3                500.000m    -4.491    0.0037      Ca A                3203.08A    -3.199    0.0716      O  3                702.337A    -5.007    0.0011
PAC1                70.0000m    -2.987    0.1168      Ca A                2733.28A    -3.494    0.0363      O  3                507.388A    -5.049    0.0010
PAC2                100.000m    -2.045    1.0217      Ca A                2511.19A    -3.725    0.0214      O  3                51.8004m    -1.763    1.9570
PAC3                160.000m    -3.372    0.0481      Ca A                2385.39A    -3.916    0.0138      O  3                4958.91A    -1.626    2.6796
PAH                 3.30000m    -2.262    0.6194      Ca A                2306.18A    -4.079    0.0094      O  3                2320.95A    -4.002    0.0113
PAHC                3.23000m    -2.507    0.3525      Ca A                2252.67A    -4.222    0.0068      O  3                1660.81A    -3.953    0.0126
PAHC                3.37000m    -2.579    0.2989      Ca A                2214.65A    -4.349    0.0051      O  3                833.715A    -4.655    0.0025
PAH                 6.20000m    -1.843    1.6260      Ca A                2186.59A    -4.464    0.0039      O  3                833.749A    -4.860    0.0016
PAHC                5.65000m    -1.806    1.7721      Ca A                2165.23A    -4.569    0.0031      O  3                702.838A    -4.651    0.0025
PAH                 7.90000m    -1.648    2.5469      Ca A                2148.58A    -4.665    0.0024      O  3                702.896A    -5.011    0.0011
PAHC                6.90000m    -1.575    3.0138      Ca A                2135.34A    -4.755    0.0020      O  3                507.680A    -4.636    0.0026
PAH                 11.3000m    -2.390    0.4612      Ca A                2124.61A    -4.838    0.0016      O  3                5006.84A    -1.165    7.7448
PAHC                10.9000m    -2.320    0.5428      Ca A                2115.81A    -4.916    0.0014      O  3                1666.15A    -3.558    0.0314
PAH                 11.8000m    -2.253    0.6333      Ca A                2108.49A    -4.990    0.0012      O  3                835.059A    -4.888    0.0015
PAHC                12.6500m    -2.292    0.5783      Ca A                1.01235m    -3.341    0.0516      O  3                835.092A    -4.615    0.0027
PAH                 13.3000m    -2.404    0.4470      Ca A                6560.01A    -3.658    0.0249      O  3                835.289A    -4.699    0.0023
PAHC                14.1000m    -2.498    0.3598      Ca A                5411.45A    -3.908    0.0140      O  3                703.851A    -4.573    0.0030
Bcon                3640.00A    -0.090   92.1042      Ca A                4859.26A    -4.111    0.0088      O  3                703.854A    -4.514    0.0035
Pcon                5000.00A    -0.377   47.5766      Ca A                4541.54A    -4.282    0.0059      O  3                508.178A    -4.052    0.0100
O3bn                5007.00A    -1.127    8.4610      Ca A                4338.62A    -4.431    0.0042      O  3                4363.21A    -3.375    0.0477
SX                  25.0000A    -1.610    2.7809      Ca A                4199.78A    -4.563    0.0031      O  5                629.732A    -4.904    0.0014
HX                  4.70000A    -1.332    5.2791      Ca A                4099.99A    -4.681    0.0024      P  2                60.6263m    -4.738    0.0021
ROSA                12.3980A    -1.262    6.2051      Ca A                4025.55A    -4.789    0.0018      P  2                32.8620m    -4.157    0.0079
HFFc                      0     -1.848    1.6093      Ca A                3968.39A    -4.888    0.0015      P  2                1.14682m    -3.896    0.0144
H FF                      0     -1.904    1.4144      Ca A                3923.44A    -4.979    0.0012      P  2                1.18828m    -3.472    0.0382
HeFF                      0     -2.783    0.1868      Ca A                1.86365m    -3.793    0.0182      P  2                7875.99A    -4.829    0.0017
MeFB                      0     -3.755    0.0199      Ca A                1.16262m    -4.048    0.0101      P  3                17.8797m    -4.182    0.0075
MeFF                      0     -4.369    0.0049      Ca A                9344.80A    -4.262    0.0062      S  2                6730.82A    -2.185    0.7403
ToFF                      0     -1.848    1.6061      Ca A                8236.67A    -4.441    0.0041      S  2                6716.44A    -2.193    0.7266
nFnu                6915.34m    -5.033    0.0011      Ca A                7592.65A    -4.596    0.0029      S  2                4076.35A    -3.638    0.0261
nFnu                122.367m    -3.565    0.0308      Ca A                7177.41A    -4.732    0.0021      S  2                4068.60A    -3.142    0.0818
nInu                122.367m    -4.569    0.0031      Ca A                6890.80A    -4.854    0.0016      S  2                1.03364m    -3.776    0.0190
nFnu                60.8157m    -3.320    0.0543      Ca A                6683.11A    -4.964    0.0012      S  2                1.02867m    -3.768    0.0193
nInu                60.8157m    -3.510    0.0350      Ca A                3.09080m    -4.182    0.0075      S  2                1.03705m    -4.098    0.0090
nFnu                41.2039m    -3.174    0.0759      Ca A                1.87431m    -4.389    0.0046      S  2                1.03205m    -3.634    0.0263
nInu                41.2039m    -2.918    0.1369      Ca A                1.47602m    -4.574    0.0030      S  2                1259.52A    -4.936    0.0013
nFnu                30.8611m    -3.070    0.0964      Ca A                1.28127m    -4.734    0.0021      S  2                1253.81A    -4.985    0.0012
nInu                30.8611m    -2.477    0.3778      Ca A                1.16730m    -4.874    0.0015      S  2                910.485A    -4.866    0.0015
nFnu                24.7761m    -2.991    0.1158      Ca A                1.09334m    -4.999    0.0011      S  3                33.4704m    -2.203    0.7094
nInu                24.7761m    -2.143    0.8159      Ca A                4.76213m    -4.522    0.0034      S  3                18.7078m    -2.175    0.7565
nFnu                24.2932m    -2.984    0.1176      Ca A                2.82519m    -4.694    0.0023      S  3                9068.62A    -2.316    0.5475
nInu                24.2932m    -2.112    0.8751      Ca A                2.18848m    -4.855    0.0016      S  3                9530.62A    -1.916    1.3752
nFnu                22.8240m    -2.961    0.1240      Ca A                1.87570m    -4.998    0.0011      S  3                3721.63A    -3.789    0.0184
nInu                22.8240m    -2.021    1.0795      Ca A                6.94599m    -4.826    0.0017      S  3                6312.06A    -3.516    0.0346
nFnu                21.4141m    -2.939    0.1303      Ca A                4.04945m    -4.969    0.0012      S  3                1713.11A    -4.861    0.0016
nInu                21.4141m    -1.925    1.3474      Ca B                1640.41A    -1.960    1.2421      S  3                1728.94A    -4.410    0.0044
nFnu                21.1177m    -2.933    0.1321      Ca B                1215.13A    -2.480    0.3750      S  3                1194.45A    -5.036    0.0010
nInu                21.1177m    -1.899    1.4283      Ca B                1084.94A    -2.831    0.1670      S  3                1021.11A    -4.943    0.0013
nFnu                19.6146m    -2.906    0.1408      Ca B                1025.27A    -3.097    0.0906      S  3                1021.32A    -5.048    0.0010
nInu                19.6146m    -1.788    1.8461      Ca B                992.358A    -3.311    0.0553      Si 2                34.8046m    -2.025    1.0689
nFnu                17.6486m    -2.867    0.1538      Ca B                972.106A    -3.492    0.0365      Si 2                2334.41A    -3.782    0.0187
nInu                17.6486m    -1.631    2.6504      Ca B                958.693A    -3.648    0.0255      Si 2                2328.52A    -4.356    0.0050
nFnu                17.3653m    -2.862    0.1559      Ca B                949.323A    -3.786    0.0186      Si 2                1808.01A    -3.605    0.0281
nInu                17.3653m    -1.606    2.8096      Ca B                942.507A    -3.909    0.0140      Si 2                1526.71A    -4.664    0.0025
nFnu                15.6859m    -2.826    0.1690      Ca B                937.389A    -4.021    0.0108      Si 2                1260.42A    -4.659    0.0025
nInu                15.6859m    -1.449    4.0335      Ca B                933.444A    -4.123    0.0085      Si 2                1193.29A    -4.819    0.0017
nFnu                14.5997m    -2.799    0.1801      Ca B                930.337A    -4.218    0.0069      Si 2                1190.42A    -4.977    0.0012
nInu                14.5997m    -1.342    5.1531      Ca B                927.846A    -4.306    0.0056      Si 2                2350.17A    -3.657    0.0250
nFnu                12.4266m    -2.736    0.2081      Ca B                925.816A    -4.388    0.0046      Si 2                2344.20A    -3.208    0.0703
nInu                12.4266m    -1.094    9.1265      Ca B                924.142A    -4.465    0.0039      Si 2                2334.60A    -3.164    0.0777
nFnu                11.3969m    -2.707    0.2225      Ca B                922.743A    -4.537    0.0033      Si 2                1817.45A    -3.846    0.0162
nInu                11.3969m    -0.962   12.3600      Ca B                921.562A    -4.606    0.0028      Si 2                1816.93A    -3.285    0.0588
nFnu                10.4572m    -2.671    0.2416      Ca B                920.556A    -4.671    0.0024      Si 2                1533.43A    -4.056    0.0100
nInu                10.4572m    -0.831   16.7392      Ca B                919.693A    -4.733    0.0021      Si 2                1309.28A    -4.499    0.0036
nFnu                9.47744m    -2.639    0.2599      Ca B                918.945A    -4.792    0.0018      Si 2                1265.00A    -4.313    0.0055
nInu                9.47744m    -0.763   19.5384      Ca B                918.295A    -4.848    0.0016      Si 2                1264.74A    -4.424    0.0043
nFnu                9.32234m    -2.634    0.2632      Ca B                917.724A    -4.901    0.0014      Si 2                1197.39A    -4.423    0.0043
nInu                9.32234m    -0.763   19.5384      Ca B                4685.68A    -2.770    0.1922      Si 2                1194.50A    -4.355    0.0050
nFnu                8.20812m    -2.583    0.2958      Ca B                3203.08A    -3.163    0.0778      Si 3                1892.03A    -3.097    0.0906
nInu                8.20812m    -0.763   19.5384      Ca B                2733.28A    -3.452    0.0400      Si 3                1882.71A    -2.935    0.1315
nFnu                7.57793m    -2.558    0.3136      Ca B                2511.19A    -3.680    0.0237      Si 3                1206.50A    -4.114    0.0087
nInu                7.57793m    -0.763   19.5383      Ca B                2385.39A    -3.869    0.0153      Si 4                1393.75A    -4.283    0.0059
nFnu                7.04834m    -2.521    0.3412      Ca B                2306.18A    -4.031    0.0106      Si 4                1402.77A    -4.486    0.0037
nInu                7.04834m    -0.763   19.5383      Ca B                2252.67A    -4.173    0.0076      Al 2                2669.15A    -3.505    0.0354
nFnu                4.11258m    -2.312    0.5525      Ca B                2214.65A    -4.300    0.0057      Al 2                2660.35A    -3.356    0.0499
nInu                4.11258m    -0.763   19.5381      Ca B                2186.59A    -4.414    0.0044      Al 2                1670.79A    -3.937    0.0131
nFnu                2.32377m    -2.127    0.8458      Ca B                2165.23A    -4.519    0.0034      Al 5                2.90450m    -5.045    0.0010
nInu                2.32377m    -0.763   19.5379      Ca B                2148.58A    -4.615    0.0028      C  4                1550.77A    -4.093    0.0091
nFnu                1.64268m    -1.982    1.1824      Ca B                2135.34A    -4.704    0.0022      C  4                1548.19A    -3.841    0.0163
nInu                1.64268m    -0.763   19.5377      Ca B                2124.61A    -4.787    0.0018      C  4                312.451A    -4.751    0.0020
nFnu                1.47981m    -1.970    1.2143      Ca B                2115.81A    -4.865    0.0015      C  4                312.420A    -4.683    0.0024
nInu                1.47981m    -0.763   19.5375      Ca B                2108.49A    -4.939    0.0013      Ca 2                7323.89A    -2.914    0.1383
nFnu                1.43610m    -1.801    1.7904      Ca B                2102.33A    -5.008    0.0011      Ca 2                7291.47A    -2.732    0.2098
nInu                1.43610m    -0.763   19.5374      Ca B                1.01235m    -3.330    0.0530      Ca 2                3968.47A    -3.636    0.0262
nFnu                1.11836m    -1.786    1.8529      Ca B                6560.01A    -3.643    0.0258      Ca 2                8662.14A    -3.816    0.0173
nInu                1.11836m    -0.763   19.5369      Ca B                5411.45A    -3.890    0.0146      Ca 2                3933.66A    -3.525    0.0338
nFnu                8327.39A    -1.776    1.8963      Ca B                4859.26A    -4.091    0.0092      Ca 2                8498.02A    -4.422    0.0043
nInu                8327.39A    -0.763   19.5367      Ca B                4541.54A    -4.261    0.0062      Ca 2                8542.09A    -3.475    0.0379
nFnu                8076.39A    -1.432    4.1925      Ca B                4338.62A    -4.408    0.0044      Ca 5                4.15739m    -4.925    0.0013
nInu                8076.39A    -0.763   19.5367      Ca B                4199.78A    -4.540    0.0033      Cl 2                14.3639m    -3.973    0.0121
nFnu                6207.94A    -1.469    3.8481      Ca B                4099.99A    -4.657    0.0025      Cl 2                8578.70A    -3.671    0.0241
nInu                6207.94A    -0.763   19.5367      Ca B                4025.55A    -4.765    0.0019      Cl 2                9123.60A    -4.256    0.0063
nFnu                4884.00A    -1.479    3.7606      Ca B                3968.39A    -4.863    0.0016      Cl 3                5537.87A    -3.882    0.0149
nInu                4884.00A    -0.763   19.5367      Ca B                3923.44A    -4.954    0.0013      Cl 3                5517.71A    -3.790    0.0184
nFnu                3703.28A    -1.436    4.1527      Ca B                3887.40A    -5.039    0.0010      Cl 3                3342.80A    -4.823    0.0017
nInu                3703.28A    -0.725   21.3563      Ca B                1.86365m    -3.786    0.0185      Cl 4                20.3197m    -4.421    0.0043
nFnu                3586.64A    -0.751   20.1026      Ca B                1.16262m    -4.039    0.0103      Cl 4                11.7629m    -4.470    0.0038
nInu                3586.64A    -0.718   21.6791      Ca B                9344.80A    -4.251    0.0064      Cl 4                7530.54A    -5.021    0.0011
nFnu                2429.31A    -0.981   11.8242      Ca B                8236.67A    -4.430    0.0042      Cl 4                8045.62A    -4.657    0.0025
nInu                2429.31A    -0.634   26.3459      Ca B                7592.65A    -4.583    0.0030      Fe 4                3094.96A    -3.347    0.0510
nFnu                2391.30A    -0.985   11.7408      Ca B                7177.41A    -4.719    0.0022      Fe 4                2835.74A    -2.859    0.1568
nInu                2391.30A    -0.630   26.5664      Ca B                6890.80A    -4.840    0.0016      Fe 4                2829.36A    -3.129    0.0842
nFnu                2070.68A    -0.973   12.0673      Ca B                6683.11A    -4.950    0.0013      Fe 4                2823.50A    -4.404    0.0045
nInu                2070.68A    -0.599   28.5403      Ca B                6527.01A    -5.051    0.0010      Fe 4                2577.92A    -4.743    0.0020
nFnu                2052.02A    -0.953   12.6217      Ca B                3.09080m    -4.175    0.0076      Fe 4                2.83562m    -4.266    0.0061
nInu                2052.02A    -0.597   28.6834      Ca B                1.87431m    -4.383    0.0047      Fe 4                2.80554m    -4.799    0.0018
nFnu                1793.44A    -0.887   14.7026      Ca B                1.47602m    -4.567    0.0031      Fe 4                2.86447m    -4.595    0.0029
nInu                1793.44A    -0.568   30.6610      Ca B                1.28127m    -4.726    0.0021      Fe 4                2567.61A    -3.784    0.0186
nFnu                1585.12A    -0.851   15.9581      Ca B                1.16730m    -4.866    0.0015      Fe 4                2.71569m    -4.900    0.0014
nInu                1585.12A    -0.540   32.6638      Ca B                1.09334m    -4.990    0.0012      Fe 4                2567.40A    -4.536    0.0033
nFnu                1458.33A    -0.845   16.1816      Ca B                4.76213m    -4.516    0.0035      Fe 4                6739.82A    -4.341    0.0052
nInu                1458.33A    -0.522   34.0495      Ca B                2.82519m    -4.688    0.0023      Fe 4                6761.38A    -4.842    0.0016
nFnu                1356.96A    -0.883   14.8401      Ca B                2.18848m    -4.850    0.0016      Fe 4                6734.42A    -4.463    0.0039
nInu                1356.96A    -0.507   35.2637      Ca B                1.87570m    -4.992    0.0012      Fe 4                5233.76A    -4.965    0.0012
nFnu                1297.29A    -0.983   11.7924      Ca B                6.94599m    -4.820    0.0017      Fe 4                4906.56A    -4.662    0.0025
nInu                1297.29A    -0.497   36.0971      Ca B                4.04945m    -4.964    0.0012      Fe 4                4899.97A    -5.004    0.0011
nFnu                1262.79A    -1.134    8.3320      He 2                607.571A    -1.491    3.6607      Fe 4                4903.07A    -4.984    0.0012
nInu                1262.79A    -0.491   36.5820      He 2                303.784A    -1.272    6.0521      Fe 5                70.3538m    -3.736    0.0208
nFnu                1218.08A    -1.892    1.4514      He 2                256.317A    -4.101    0.0090      Fe 5                36.3273m    -3.539    0.0327
nInu                1218.08A    -0.483   37.2594      He 2                243.027A    -4.226    0.0067      Fe 5                25.9131m    -3.648    0.0255
nFnu                1196.33A    -1.880    1.4949      He 2                237.331A    -4.285    0.0059      Fe 5                20.8407m    -3.918    0.0137
nInu                1196.33A    -0.479   37.5698      He 2                234.347A    -4.323    0.0054      Fe 5                4180.59A    -4.530    0.0033
nFnu                1175.06A    -1.867    1.5391      He 2                232.584A    -4.348    0.0051      Fe 5                4143.15A    -4.290    0.0058
nInu                1175.06A    -0.476   37.8844      He 2                231.454A    -4.363    0.0049      Fe 5                4227.19A    -3.581    0.0297
nFnu                1143.64A    -1.844    1.6244      He 2                230.686A    -4.390    0.0046      Fe 5                4071.24A    -4.301    0.0057
nInu                1143.64A    -0.469   38.4573      He 2                230.139A    -4.408    0.0044      Fe 5                3895.22A    -4.689    0.0023
nFnu                1113.22A    -1.822    1.7069      He 2                229.736A    -4.375    0.0048      Fe 5                3851.34A    -4.962    0.0012
nInu                1113.22A    -0.463   38.9737      He 2                229.431A    -4.383    0.0047      Fe 5                3794.94A    -4.373    0.0048
nFnu                1103.23A    -1.817    1.7284      He 2                229.194A    -4.392    0.0046      Fe 5                3755.70A    -4.654    0.0025
nInu                1103.23A    -0.462   39.1039      He 2                229.006A    -4.401    0.0045      Fe 5                3839.27A    -4.346    0.0051
nFnu                1073.86A    -1.793    1.8266      He 2                228.855A    -4.411    0.0044      Fe 5                3783.22A    -4.758    0.0020
nInu                1073.86A    -0.457   39.5947      He 2                228.731A    -4.419    0.0043      Fe 5                3891.28A    -4.527    0.0034
nFnu                1064.34A    -1.785    1.8603      He 2                228.629A    -4.426    0.0043      Fe 6                19.5527m    -4.308    0.0056
nInu                1064.34A    -0.454   39.7935      He 2                228.543A    -4.431    0.0042      Fe 6                14.7670m    -4.532    0.0033
nFnu                1035.92A    -1.763    1.9540      He 2                228.471A    -4.435    0.0042      Fe 6                12.3074m    -4.796    0.0018
nInu                1035.92A    -0.449   40.3277      He 2                228.409A    -4.434    0.0042      Fe 6                5145.75A    -4.930    0.0013
nFnu                1000.00A    -1.734    2.0905      He 2                228.356A    -4.429    0.0042      Fe 6                4972.47A    -4.946    0.0013
nInu                1000.00A    -0.441   41.0720      He 2                1640.41A    -1.994    1.1488      Fe 6                5176.04A    -5.004    0.0011
nFnu                925.144A    -1.674    2.3990      He 2                1215.13A    -2.469    0.3848      Mg 2                2802.71A    -2.307    0.5593
nInu                925.144A    -0.424   42.6798      He 2                1084.94A    -2.807    0.1766      Mg 2                2795.53A    -2.011    1.1054
nFnu                897.800A    -4.174    0.0076      He 2                1025.27A    -3.067    0.0971      Mg 2                2798.00A    -4.991    0.0012
nFnu                496.874A    -3.988    0.0116      He 2                992.358A    -3.278    0.0597      Mg 4                4.48711m    -3.776    0.0190
RRC.............................................      He 2                972.106A    -3.455    0.0397      N  2                205.283m    -4.499    0.0036
H  1                911.753A    -0.835   16.5550      He 2                958.693A    -3.608    0.0279      N  2                121.769m    -3.676    0.0239
H  1                3645.98A    -1.953    1.2627      He 2                949.323A    -3.743    0.0205      N  2                6548.05A    -2.381    0.4709
H  1                3645.98A    -1.605    2.8119      He 2                942.507A    -3.598    0.0286      N  2                6583.45A    -1.912    1.3881
H  1                8203.57A    -2.689    0.2319      He 2                937.389A    -3.692    0.0230      N  2                3062.83A    -5.009    0.0011
H  1                8203.57A    -2.293    0.5766      He 2                933.444A    -3.778    0.0189      N  2                5754.59A    -3.728    0.0212
H  1                8203.57A    -2.394    0.4572      He 2                930.337A    -3.858    0.0157      N  2                2139.01A    -4.141    0.0082
H  1                1.45842m    -3.176    0.0755      He 2                927.846A    -3.931    0.0133      N  2                2142.77A    -3.751    0.0201
H  1                1.45842m    -2.774    0.1908      He 2                925.816A    -4.000    0.0113      N  2                1085.70A    -4.707    0.0022
H  1                1.45842m    -2.768    0.1935      He 2                924.142A    -4.063    0.0098      N  2                1084.58A    -4.783    0.0019
H  1                1.45842m    -3.107    0.0886      He 2                922.743A    -4.121    0.0086      N  2                1085.55A    -4.805    0.0018
H  1                2.27878m    -3.534    0.0332      He 2                921.562A    -4.174    0.0076      N  2                1083.99A    -4.797    0.0018
H  1                2.27878m    -3.132    0.0837      He 2                920.556A    -4.220    0.0068      N  2                1084.56A    -4.898    0.0014
H  1                2.27878m    -3.093    0.0914      He 2                919.693A    -4.259    0.0062      N  2                915.612A    -4.789    0.0018
H  1                2.27878m    -3.286    0.0586      He 2                4685.68A    -2.873    0.1517      N  2                916.020A    -4.952    0.0013
H  1                2.27878m    -3.780    0.0188      He 2                3203.08A    -3.199    0.0717      N  2                916.710A    -4.898    0.0014
H  1                3.28145m    -3.814    0.0174      He 2                2733.28A    -3.464    0.0389      N  2                916.012A    -4.890    0.0015
H  1                3.28145m    -3.414    0.0437      He 2                2511.19A    -3.681    0.0236      N  2                916.701A    -4.659    0.0025
H  1                3.28145m    -3.363    0.0491      He 2                2385.39A    -3.863    0.0155      N  2                915.962A    -4.744    0.0020
H  1                3.28145m    -3.502    0.0357      He 2                2306.18A    -4.020    0.0108      N  3                57.3238m    -2.607    0.2803
H  1                3.28145m    -3.823    0.0170      He 2                2252.67A    -4.158    0.0079      N  3                1748.65A    -4.724    0.0021
H  1                3.28145m    -4.421    0.0043      He 2                2214.65A    -4.113    0.0087      N  3                1753.99A    -4.709    0.0022
H  1                4.46642m    -4.043    0.0103      He 2                2186.59A    -4.207    0.0070      N  3                1752.16A    -4.242    0.0065
H  1                4.46642m    -3.645    0.0257      He 2                2165.23A    -4.293    0.0058      N  3                1749.67A    -4.145    0.0081
H  1                4.46642m    -3.589    0.0292      He 2                2148.58A    -4.372    0.0048      N  3                989.799A    -4.799    0.0018
H  1                4.46642m    -3.703    0.0225      He 2                2135.34A    -4.445    0.0041      N  3                991.511A    -4.695    0.0023
H  1                4.46642m    -3.954    0.0126      He 2                2124.61A    -4.514    0.0035      N  3                991.577A    -4.692    0.0023
H  1                4.46642m    -4.359    0.0050      He 2                2115.81A    -4.577    0.0030      N  3                763.334A    -5.043    0.0010
H  1                4.46642m    -5.029    0.0011      He 2                2108.49A    -4.635    0.0026      N  3                764.351A    -4.589    0.0029
H  1                5.83369m    -4.237    0.0066      He 2                2102.33A    -4.687    0.0023      N  3                685.515A    -4.816    0.0017
H  1                5.83369m    -3.840    0.0164      He 2                2097.10A    -4.734    0.0021      N  3                686.336A    -4.562    0.0031
H  1                5.83369m    -3.783    0.0187      He 2                2092.63A    -4.773    0.0019      N  3                684.998A    -5.023    0.0011
H  1                5.83369m    -3.883    0.0148      He 2                1.01235m    -3.486    0.0370      N  3                685.817A    -4.439    0.0041
H  1                5.83369m    -4.098    0.0090      He 2                6560.01A    -3.725    0.0213      N  3                451.871A    -5.043    0.0010
H  1                5.83369m    -4.420    0.0043      He 2                5411.45A    -3.942    0.0130      N  3                452.227A    -4.588    0.0029
H  1                5.83369m    -4.883    0.0015      He 2                4859.26A    -4.127    0.0085      Na 3                7.31570m    -3.919    0.0137
H  1                7.38326m    -4.405    0.0045      He 2                4541.54A    -4.287    0.0059      Na 4                9.03096m    -4.556    0.0032
H  1                7.38326m    -4.010    0.0111      He 2                4338.62A    -4.428    0.0042      Ne 4                2421.66A    -4.299    0.0057
H  1                7.38326m    -3.951    0.0127      He 2                4199.78A    -4.482    0.0037      Ne 4                2424.28A    -4.149    0.0080
H  1                7.38326m    -4.044    0.0102      He 2                4099.99A    -4.575    0.0030      Ne 4                541.126A    -4.958    0.0012
H  1                7.38326m    -4.238    0.0065      He 2                4025.55A    -4.661    0.0025      Ne 4                542.076A    -4.863    0.0016
H  1                7.38326m    -4.515    0.0035      He 2                3968.39A    -4.740    0.0021      Ne 4                543.886A    -4.819    0.0017
H  1                7.38326m    -4.884    0.0015      He 2                3923.44A    -4.813    0.0017      Ni 2                1.19102m    -3.568    0.0307
H  1                9.11514m    -4.554    0.0032      He 2                3887.40A    -4.881    0.0015      Ni 2                6.63416m    -3.574    0.0302
H  1                9.11514m    -4.159    0.0079      He 2                3858.03A    -4.944    0.0013      Ni 2                1.07151m    -4.171    0.0076
H  1                9.11514m    -4.100    0.0090      He 2                3833.76A    -5.002    0.0011      Ni 2                10.6793m    -3.808    0.0176
H  1                9.11514m    -4.188    0.0073      He 2                1.86365m    -3.986    0.0117      Ni 2                1.16130m    -4.987    0.0012
H  1                9.11514m    -4.370    0.0048      He 2                1.16262m    -4.165    0.0077      Ni 2                12.7253m    -4.524    0.0034
H  1                9.11514m    -4.620    0.0027      He 2                9344.80A    -4.343    0.0051      Ni 2                7377.83A    -3.158    0.0787
H  1                9.11514m    -4.936    0.0013      He 2                8236.67A    -4.502    0.0036      Ni 2                8300.99A    -4.454    0.0040
H  1                11.0293m    -3.610    0.0278      He 2                7592.65A    -4.643    0.0026      Ni 2                1.93877m    -3.866    0.0154
H  1                13.1258m    -3.722    0.0215      He 2                7177.41A    -4.771    0.0019      Ni 2                2.91064m    -4.822    0.0017
H  1                15.4046m    -3.825    0.0169      He 2                6890.80A    -4.864    0.0016      Ni 2                6666.80A    -4.517    0.0034
H  1                17.8657m    -3.921    0.0136      He 2                6683.11A    -4.949    0.0013      Ni 2                7411.61A    -4.298    0.0057
H  1                20.5091m    -4.011    0.0111      He 2                6527.01A    -5.028    0.0011      Ni 2                4326.24A    -4.354    0.0050
H  1                23.3348m    -4.094    0.0091      He 2                3.09080m    -4.414    0.0044      Ni 2                4628.05A    -4.776    0.0019
H  1                26.3428m    -4.173    0.0076      He 2                1.87431m    -4.549    0.0032      Ni 2                7255.82A    -4.709    0.0022
H  1                29.5331m    -4.247    0.0064      He 2                1.47602m    -4.697    0.0023      Ni 2                4201.17A    -4.658    0.0025
H  1                32.9057m    -4.317    0.0055      He 2                1.28127m    -4.834    0.0017      Ni 2                7307.65A    -5.006    0.0011
H  1                36.4606m    -4.383    0.0047      He 2                1.16730m    -5.010    0.0011      Ni 2                4033.04A    -4.928    0.0013
H  1                40.1978m    -4.447    0.0041      He 2                4.76213m    -4.787    0.0018      Ni 2                4294.09A    -5.049    0.0010
H  1                44.1173m    -4.507    0.0035      He 2                2.82519m    -4.890    0.0015      Ni 2                3993.06A    -4.489    0.0037
H  1                48.2191m    -4.565    0.0031      He 2                2.18848m    -5.014    0.0011      Ni 2                4248.80A    -4.964    0.0012
H  1                52.5033m    -4.620    0.0027      He-like iso-sequence............................      Ni 2                6365.10A    -4.963    0.0012
H  1                56.9697m    -3.451    0.0401      He 1                1202.81A    -1.954    1.2604      Ni 2                3438.88A    -4.760    0.0020
He 2                227.838A    -1.409    4.4195      He 1                584.334A    -2.883    0.1485      O  4                25.8863m    -2.085    0.9319
He 2                911.351A    -2.796    0.1814      He 1                537.030A    -3.917    0.0137      O  4                787.710A    -4.925    0.0013
He 2                911.351A    -2.382    0.4701      He 1                522.213A    -4.069    0.0097      O  4                790.114A    -4.943    0.0013
He 2                2049.91A    -3.407    0.0444      He 1                515.617A    -4.155    0.0079      O  4                790.201A    -4.933    0.0013
He 2                2049.91A    -2.940    0.1301      He 1                512.099A    -4.219    0.0068      O  4                609.830A    -4.586    0.0029
He 2                2049.91A    -2.929    0.1334      He 1                625.563A    -1.520    3.4186      O  4                554.076A    -4.979    0.0012
He 2                3644.44A    -3.950    0.0127      He 1                510.018A    -4.325    0.0054      O  4                555.264A    -4.553    0.0032
He 2                3644.44A    -3.473    0.0381      He 1                508.657A    -4.342    0.0052      O  4                554.514A    -4.420    0.0043
He 2                3644.44A    -3.348    0.0508      He 1                507.727A    -4.360    0.0049      S  4                10.5076m    -2.470    0.3842
He 2                3644.44A    -3.557    0.0314      He 1                507.065A    -4.376    0.0048      S  4                750.221A    -5.027    0.0011
He 2                5694.49A    -4.356    0.0050      He 1                506.576A    -4.392    0.0046      level 1 lines...................................
He 2                5694.49A    -3.878    0.0150      He 1                506.204A    -4.411    0.0044      recombination...................................
He 2                5694.49A    -3.716    0.0218      He 1                505.916A    -4.431    0.0042      C  2                4267.00A    -4.712    0.0022
He 2                5694.49A    -3.770    0.0192      He 1                505.687A    -4.451    0.0040      C  2                1761.00A    -4.778    0.0019
He 2                5694.49A    -4.138    0.0083      He 1                505.502A    -4.472    0.0038      C  2                1335.00A    -2.968    0.1220
He 2                8200.12A    -4.677    0.0024      He 1                505.352A    -4.493    0.0036      N  2                1742.00A    -4.781    0.0019
He 2                8200.12A    -4.200    0.0072      He 1                505.227A    -4.514    0.0035      O  1                1357.00A    -4.691    0.0023
He 2                8200.12A    -4.022    0.0108      He 1                505.122A    -4.535    0.0033      O  2                4075.00A    -4.706    0.0022
He 2                8200.12A    -4.017    0.0109      He 1                505.033A    -4.556    0.0032      O  2                4111.00A    -5.014    0.0011
He 2                8200.12A    -4.205    0.0071      He 1                504.958A    -4.641    0.0026      O  2                4651.00A    -4.485    0.0037
He 2                8200.12A    -4.693    0.0023      He 1                504.893A    -4.638    0.0026      O  2                4341.00A    -4.762    0.0020
He 2                1.11613m    -4.939    0.0013      He 1                504.836A    -4.618    0.0027      C  1                1140.10A    -4.795    0.0018
He 2                1.11613m    -4.464    0.0039      He 1                504.787A    -4.678    0.0024      C  2                1167.50A    -4.635    0.0026
He 2                1.11613m    -4.280    0.0060      He 1                504.744A    -4.636    0.0026      C  2                1092.50A    -4.028    0.0106
He 2                1.11613m    -4.246    0.0064      He 1                504.706A    -4.571    0.0030      C  2                1036.80A    -3.660    0.0248
He 2                1.11613m    -4.357    0.0050      He 1                504.672A    -3.788    0.0184      C  2                946.100A    -3.698    0.0227
He 2                1.11613m    -4.649    0.0025      He 1                1.08291m    -3.720    0.0216      C  2                799.800A    -2.802    0.1787
He 2                1.45781m    -4.686    0.0023      He 1                1.08302m    -3.169    0.0768      C  3                2296.90A    -4.704    0.0022
He 2                1.45781m    -4.499    0.0036      He 1                1.08303m    -2.877    0.1503      C  3                1828.00A    -4.733    0.0021
He 2                1.45781m    -4.449    0.0040      Blnd                1.08302m    -2.659    0.2487      C  3                1577.10A    -4.676    0.0024
He 2                1.45781m    -4.522    0.0034      He 1                3888.64A    -3.119    0.0862      C  3                1175.70A    -4.525    0.0034
He 2                1.45781m    -4.725    0.0021      He 1                3187.74A    -3.511    0.0350      C  3                977.000A    -4.191    0.0073
He 2                1.84504m    -4.877    0.0015      He 1                2945.10A    -3.822    0.0171      C  3                493.500A    -4.954    0.0013
He 2                1.84504m    -4.689    0.0023      He 1                2829.08A    -4.075    0.0095      C  3                476.000A    -4.962    0.0012
He 2                1.84504m    -4.630    0.0027      He 1                2760.44A    -4.665    0.0025      C  3                459.600A    -4.060    0.0099
He 2                1.84504m    -4.679    0.0024      He 1                2721.00A    -4.812    0.0017      C  3                411.700A    -4.074    0.0095
He 2                1.84504m    -4.834    0.0017      He 1                2694.61A    -4.945    0.0013      C  3                398.400A    -4.257    0.0063
He 2                2.27783m    -5.045    0.0010      He 1                2.05813m    -3.984    0.0117      C  3                371.700A    -4.940    0.0013
He 2                2.27783m    -4.856    0.0016      He 1                5015.68A    -3.742    0.0205      N  1                980.700A    -4.952    0.0013
He 2                2.27783m    -4.792    0.0018      He 1                3964.73A    -4.136    0.0083      N  2                1085.10A    -4.181    0.0075
He 2                2.27783m    -4.826    0.0017      He 1                3613.64A    -4.447    0.0040      N  2                916.300A    -4.619    0.0027
He 2                2.27783m    -4.951    0.0013      He 1                3447.59A    -4.707    0.0022      N  2                646.400A    -4.224    0.0068
He 2                2.75620m    -4.223    0.0068      He 1                7065.71A    -4.645    0.0026      N  3                991.000A    -4.230    0.0067
He 2                3.28011m    -4.335    0.0052      He 1                7065.21A    -4.167    0.0077      N  3                764.000A    -4.765    0.0019
He 2                3.84958m    -4.438    0.0041      He 1                7065.18A    -3.946    0.0128      N  3                685.700A    -5.031    0.0011
He 2                4.46460m    -4.533    0.0033      Blnd                7065.25A    -3.690    0.0231      N  3                418.800A    -4.719    0.0022
He 2                5.12518m    -4.622    0.0027      He 1                5875.98A    -4.047    0.0102      N  3                387.400A    -4.648    0.0025
He 2                5.83131m    -4.706    0.0022      He 1                5875.64A    -3.570    0.0305      N  3                374.400A    -4.852    0.0016
He 2                6.58301m    -4.784    0.0019      He 1                5875.61A    -3.348    0.0509      N  3                348.700A    -4.051    0.0101
He 2                7.38026m    -4.858    0.0016      Blnd                5875.66A    -3.093    0.0915      N  3                340.200A    -4.428    0.0042
He 2                8.22307m    -4.928    0.0013      He 1                4713.16A    -4.940    0.0013      O  2                386.300A    -3.428    0.0423
He 2                9.11143m    -4.994    0.0011      He 1                4713.14A    -4.718    0.0022      O  2                385.700A    -3.607    0.0280
He 2                14.2366m    -4.016    0.0109      Blnd                4713.17A    -4.463    0.0039      O  3                834.500A    -3.781    0.0188
He 1                504.259A    -1.675    2.3970      He 1                4471.69A    -4.462    0.0039      O  3                703.400A    -4.141    0.0082
He 1                2599.69A    -3.136    0.0829      He 1                4471.49A    -3.984    0.0117      O  3                599.600A    -4.667    0.0024
He 1                3120.85A    -3.647    0.0256      He 1                4471.47A    -3.763    0.0196      O  3                541.600A    -4.542    0.0033
He 1                3421.00A    -3.635    0.0262      Blnd                4471.50A    -3.507    0.0352      O  3                374.100A    -4.239    0.0065
He 1                3420.88A    -3.158    0.0787      Blnd                4120.84A    -4.898    0.0014      O  3                320.700A    -4.245    0.0064
He 1                3420.88A    -2.936    0.1312      He 1                4026.36A    -4.778    0.0019      O  3                300.500A    -3.598    0.0286
He 1                3678.70A    -3.355    0.0500      He 1                4026.20A    -4.301    0.0057      O  3                299.300A    -4.017    0.0109
He 1                6632.16A    -4.044    0.0102      He 1                4026.19A    -4.079    0.0094      O  4                789.400A    -4.820    0.0017
He 1                7435.20A    -4.465    0.0039      Blnd                4026.21A    -3.824    0.0170      O  4                265.500A    -5.050    0.0010
He 1                7843.40A    -3.414    0.0437      He 1                3819.76A    -5.034    0.0010      O  4                200.800A    -4.676    0.0024
He 1                8188.35A    -3.633    0.0264      He 1                3819.61A    -4.557    0.0031      level2 lines....................................
He 1                8190.64A    -4.122    0.0085      He 1                3819.60A    -4.335    0.0052      C  1                943.939A    -4.959    0.0012
He 1                8261.30A    -4.026    0.0107      Blnd                3819.62A    -4.080    0.0094      C  1                1247.50A    -4.995    0.0011
He 1                1.24770m    -4.597    0.0029      He 1                3704.90A    -4.978    0.0012      C  2                596.559A    -4.620    0.0027
He 1                1.35640m    -4.983    0.0012      He 1                3704.76A    -4.501    0.0036      C  2                561.959A    -4.662    0.0025
He 1                1.40933m    -3.914    0.0138      He 1                3704.75A    -4.279    0.0060      C  2                530.721A    -4.683    0.0023
He 1                1.45602m    -4.004    0.0112      Blnd                3704.77A    -4.024    0.0107      C  2                544.909A    -4.695    0.0023
He 1                1.45643m    -4.496    0.0036      He 1                3634.08A    -4.665    0.0025      C  2                535.300A    -4.707    0.0022
He 1                1.45759m    -4.359    0.0050      He 1                3634.07A    -4.443    0.0041      C  2                550.361A    -4.767    0.0019
He 1                1.45759m    -4.836    0.0017      Blnd                3634.09A    -4.188    0.0074      C  2                467.460A    -4.840    0.0016
He 1                1.46631m    -4.498    0.0036      He 1                3587.16A    -4.808    0.0018      C  2                637.979A    -4.996    0.0011
He 1                2.01409m    -4.988    0.0012      He 1                3587.15A    -4.586    0.0029      C  2                424.791A    -4.928    0.0013
He 1                2.21671m    -4.282    0.0059      Blnd                3587.17A    -4.331    0.0053      C  2                439.850A    -5.004    0.0011
He 1                2.27546m    -4.329    0.0053      He 1                3554.34A    -4.936    0.0013      C  2                524.659A    -5.028    0.0011
He 1                2.27605m    -4.821    0.0017      He 1                3554.33A    -4.715    0.0022      C  2                521.831A    -5.028    0.0011
He 1                2.27752m    -4.538    0.0033      Blnd                3554.35A    -4.459    0.0039      C  3                271.090A    -4.675    0.0024
He 1                2.27752m    -5.016    0.0011      He 1                3530.43A    -5.054    0.0010      C  3                268.600A    -4.709    0.0022
He 1                2.27778m    -5.033    0.0010      He 1                3530.43A    -4.832    0.0017      C  3                266.880A    -4.749    0.0020
He 1                2.28865m    -4.851    0.0016      Blnd                3530.44A    -4.576    0.0030      C  3                288.500A    -4.761    0.0020
He 1                3.20639m    -4.568    0.0031      He 1                3512.46A    -4.938    0.0013      N  1                942.258A    -4.790    0.0018
He 1                3.27716m    -4.597    0.0029      Blnd                3512.48A    -4.683    0.0024      N  2                532.161A    -4.621    0.0027
He 1                3.27969m    -4.754    0.0020      He 1                3498.60A    -5.036    0.0010      N  2                634.441A    -4.673    0.0024
He 1                4.46460m    -4.157    0.0079      Blnd                3498.62A    -4.780    0.0019      N  2                475.141A    -4.690    0.0023
He 1                5.83132m    -4.329    0.0053      Blnd                3487.70A    -4.871    0.0015      N  2                528.139A    -4.718    0.0022
He 1                7.38026m    -4.480    0.0038      Blnd                3478.95A    -4.954    0.0013      N  2                452.970A    -4.765    0.0019
He 1                9.11143m    -4.616    0.0027      Blnd                3471.81A    -5.032    0.0011      N  2                441.950A    -4.797    0.0018
He 1                11.0248m    -4.739    0.0021      He 1                3439.98A    -4.864    0.0016      N  2                474.291A    -4.794    0.0018
He 1                13.1205m    -4.851    0.0016      Blnd                3440.00A    -4.608    0.0028      N  2                437.731A    -4.820    0.0017
He 1                15.3983m    -4.954    0.0013      He 1                7281.35A    -4.330    0.0053      N  2                452.610A    -4.898    0.0014
He 1                17.8584m    -5.050    0.0010      He 1                6678.15A    -3.650    0.0254      N  2                441.659A    -4.979    0.0012
He 1                61.5933m    -4.616    0.0027      He 1                5047.74A    -4.909    0.0014      N  2                432.160A    -4.995    0.0011
C  1                1101.07A    -5.020    0.0011      He 1                4921.93A    -4.078    0.0095      N  2                435.369A    -5.027    0.0011
C  2                508.483A    -3.735    0.0208      He 1                4387.93A    -4.398    0.0045      N  2                508.099A    -5.024    0.0011
N  1                853.055A    -4.610    0.0028      He 1                4143.76A    -4.654    0.0025      N  3                293.510A    -4.673    0.0024
N  2                418.848A    -4.559    0.0031      He 1                4009.05A    -4.661    0.0025      N  3                283.090A    -4.725    0.0021
N  3                261.320A    -5.013    0.0011      He 1                3926.41A    -4.826    0.0017      N  3                264.550A    -4.758    0.0020
O  1                910.440A    -5.011    0.0011      He 1                3871.69A    -4.971    0.0012      N  3                277.180A    -4.775    0.0019
O  2                353.019A    -2.481    0.3745      He 1                4.29471m    -4.925    0.0013      N  3                312.110A    -4.775    0.0019
O  3                225.690A    -4.409    0.0044      He 1                1.25275m    -4.929    0.0013      N  3                273.490A    -4.829    0.0017
Ne 2                302.674A    -3.666    0.0244      He 1                9463.58A    -5.039    0.0010      N  3                267.450A    -4.870    0.0015
Ne 3                195.487A    -4.598    0.0029      He 1                1.70025m    -4.658    0.0025      N  3                248.910A    -4.888    0.0015
S  2                531.257A    -4.670    0.0024      He 1                1.19691m    -4.820    0.0017      N  3                271.020A    -4.883    0.0015
Ar 2                448.736A    -4.983    0.0012      He 1                1.03113m    -5.020    0.0011      N  3                305.650A    -4.897    0.0014
Fe 3                404.498A    -4.719    0.0022      He 1                9515.00A    -4.911    0.0014      N  3                269.290A    -4.931    0.0013
Fe 4                225.785A    -4.146    0.0081      He 1                1.86854m    -4.042    0.0103      N  3                300.710A    -4.939    0.0013
grains..........................................      He 1                1.27849m    -4.372    0.0048      O  1                867.303A    -4.994    0.0011
H-like iso-sequence.............................      He 1                1.09130m    -4.639    0.0026      O  1                976.791A    -4.671    0.0024
H  1 Cool           1215.67A    -1.889    1.4647      He 1                1.00275m    -4.840    0.0016      O  1                969.049A    -4.723    0.0021
Crst                960.000A    -2.067    0.9703      He 1                9526.01A    -5.013    0.0011      O  1                946.387A    -4.763    0.0020
LA X                1215.67A    -3.369    0.0484      He 1                1.86972m    -4.522    0.0034      O  1                934.501A    -4.796    0.0018
CION                      0     -4.105    0.0089      He 1                1.27905m    -4.851    0.0016      O  1                973.577A    -4.811    0.0017
Ca B                1215.67A    -0.523   33.9703      He 1                4.04791m    -4.763    0.0020      O  1                927.472A    -4.828    0.0017
Q(H)                4861.32A    -2.066    0.9742      Ca B                2945.10A    -3.844    0.0162      O  1                948.506A    -4.867    0.0015
Q(H)                1215.67A    -0.532   33.2758      Ca B                3187.74A    -3.523    0.0340      O  1                922.969A    -4.864    0.0016
CaBo                4861.32A    -2.056    0.9961      Ca B                3613.64A    -4.431    0.0042      O  1                919.912A    -4.898    0.0014
CaBo                1640.00A    -1.965    1.2296      Ca B                3888.64A    -3.117    0.0865      O  1                935.672A    -4.925    0.0013
CaBo                4685.64A    -2.782    0.1870      Ca B                3964.73A    -4.122    0.0086      O  1                917.726A    -4.936    0.0013
Ca A                1215.67A    -0.699   22.6575      Ca B                4026.20A    -3.811    0.0175      O  1                918.704A    -4.965    0.0012
Ca A                1025.72A    -1.361    4.9396      Ca B                4120.82A    -4.870    0.0015      O  1                928.186A    -4.987    0.0012
Ca A                972.537A    -1.772    1.9167      Ca B                4387.93A    -4.385    0.0047      O  1                917.473A    -5.007    0.0011
Ca A                949.743A    -2.076    0.9521      Ca B                4471.49A    -3.486    0.0370      O  2                425.190A    -4.493    0.0036
Ca A                937.803A    -2.318    0.5449      Ca B                4713.16A    -4.450    0.0040      O  2                388.410A    -4.559    0.0031
Ca A                930.748A    -2.520    0.3420      Ca B                4921.93A    -4.053    0.0100      O  2                373.600A    -4.610    0.0028
Ca A                926.226A    -2.694    0.2292      Ca B                5015.68A    -3.720    0.0216      O  2                361.821A    -4.626    0.0027
Ca A                923.150A    -2.847    0.1613      Ca B                5047.74A    -4.874    0.0015      O  2                366.060A    -4.637    0.0026
Ca A                920.963A    -2.983    0.1179      Ca B                5875.64A    -3.037    0.1040      O  2                360.570A    -4.685    0.0023
Ca A                919.351A    -3.106    0.0889      Ca B                6678.15A    -3.584    0.0295      O  2                414.619A    -4.739    0.0021
Ca A                918.129A    -3.217    0.0687      Ca B                7065.21A    -3.731    0.0210      O  2                358.780A    -4.762    0.0020
Ca A                917.181A    -3.319    0.0543      Ca B                7281.35A    -4.297    0.0057      O  2                356.930A    -4.762    0.0020
Ca A                916.429A    -3.413    0.0438      Ca B                1.08302m    -2.486    0.3701      O  2                355.610A    -4.784    0.0019
Ca A                915.824A    -3.500    0.0359      Ca B                1.19691m    -4.807    0.0018      O  2                384.420A    -4.878    0.0015
Ca A                915.329A    -3.579    0.0299      Ca B                1.25275m    -5.017    0.0011      O  2                371.620A    -5.034    0.0010
Ca A                914.919A    -3.652    0.0252      Ca B                1.27849m    -4.300    0.0057      O  2                358.350A    -5.030    0.0011
Ca A                914.576A    -3.720    0.0216      Ca B                1.27905m    -4.774    0.0019      O  3                305.400A    -4.257    0.0063
Ca A                914.286A    -3.781    0.0188      Ca B                1.70025m    -4.637    0.0026      O  3                268.070A    -4.491    0.0037
Ca A                914.039A    -3.838    0.0165      Ca B                1.86854m    -3.929    0.0133      O  3                263.850A    -4.503    0.0036
Ca A                913.826A    -3.890    0.0146      Ca B                1.86972m    -4.398    0.0045      O  3                373.640A    -4.508    0.0035
Ca A                913.641A    -3.938    0.0131      Ca B                2.05813m    -3.609    0.0279      O  3                265.020A    -4.514    0.0035
Ca A                913.480A    -3.982    0.0118      Pho+                3889.00A    -2.542    0.3250      O  3                248.730A    -4.537    0.0033
Ca A                913.339A    -4.022    0.0108      extra Lyman.....................................      O  3                241.200A    -4.581    0.0030
Ca A                6562.80A    -1.783    1.8668      database lines..................................      O  3                248.620A    -4.613    0.0028
Ca A                4861.32A    -2.233    0.6627      Al 3                1862.79A    -4.265    0.0062      O  3                236.890A    -4.619    0.0027
Ca A                4340.46A    -2.558    0.3137      Al 3                1854.72A    -4.010    0.0111      O  3                234.190A    -4.647    0.0026
Ca A                4101.73A    -2.811    0.1749      Ar 2                6.98337m    -3.714    0.0219      O  3                276.900A    -4.641    0.0026
Ca A                3970.07A    -3.020    0.1081      Ar 3                3109.18A    -4.416    0.0043      O  3                241.140A    -4.652    0.0025
Ca A                3889.05A    -3.198    0.0717      Ar 3                5191.82A    -4.752    0.0020      O  3                280.450A    -4.661    0.0025
Ca A                3835.38A    -3.354    0.0502      Ar 3                7135.79A    -2.648    0.2547      O  3                263.230A    -4.663    0.0025
Ca A                3797.90A    -3.492    0.0365      Ar 3                7751.11A    -3.273    0.0605      O  3                232.380A    -4.669    0.0024
Ca A                3770.63A    -3.616    0.0274      Ar 3                8.98898m    -2.682    0.2354      O  3                236.860A    -4.691    0.0023
Ca A                3750.15A    -3.729    0.0211      Ar 3                21.8253m    -3.857    0.0158      O  3                231.110A    -4.693    0.0023
Ca A                3734.37A    -3.833    0.0166      Ar 4                4711.26A    -4.380    0.0047      O  3                255.390A    -4.700    0.0023
Ca A                3721.94A    -3.929    0.0133      Ar 4                4740.12A    -4.525    0.0034      O  3                232.350A    -4.717    0.0022
Ca A                3711.97A    -4.019    0.0109      C  1                1657.01A    -5.050    0.0010      O  3                234.180A    -4.730    0.0021
Ca A                3703.85A    -4.102    0.0090      C  1                9824.13A    -4.569    0.0031      O  3                230.150A    -4.786    0.0019
Ca A                3697.15A    -4.180    0.0075      C  1                9850.26A    -4.094    0.0091      O  3                231.100A    -4.779    0.0019
Ca A                3691.55A    -4.254    0.0063      C  2                687.053A    -4.677    0.0024      O  3                244.650A    -4.778    0.0019
Ca A                3686.83A    -4.324    0.0054      C  2                687.352A    -4.918    0.0014      O  3                238.930A    -4.843    0.0016
Ca A                3682.81A    -4.389    0.0046      C  2                858.092A    -4.906    0.0014      O  3                233.340A    -4.863    0.0016
Ca A                3679.35A    -4.451    0.0040      C  2                858.559A    -4.776    0.0019      O  3                235.520A    -4.894    0.0014
Ca A                3676.36A    -4.510    0.0035      C  2                903.623A    -4.585    0.0029      O  4                239.130A    -4.494    0.0036
Ca A                3673.76A    -4.565    0.0031      C  2                903.962A    -4.537    0.0033      O  4                207.610A    -4.820    0.0017
Ca A                3671.48A    -4.617    0.0027      C  2                904.142A    -4.442    0.0041      O  4                196.560A    -4.881    0.0015
Ca A                1.87510m    -2.576    0.3008      C  2                904.480A    -4.558    0.0031      O  4                214.760A    -4.858    0.0016
Ca A                1.28181m    -2.901    0.1422      C  2                1036.34A    -4.552    0.0032      O  4                280.550A    -4.791    0.0018
Ca A                1.09381m    -3.162    0.0781      C  2                1037.02A    -4.469    0.0039      Ne 2                444.150A    -4.845    0.0016
Ca A                1.00494m    -3.376    0.0477      C  2                1334.53A    -4.319    0.0054      Ne 2                356.870A    -4.832    0.0017
Ca A                9545.97A    -3.558    0.0314      C  2                1335.66A    -4.293    0.0058      Ne 2                461.050A    -4.871    0.0015
Ca A                9229.02A    -3.716    0.0218      C  2                1335.71A    -3.976    0.0120      Ne 2                404.130A    -4.911    0.0014
Ca A                9014.91A    -3.856    0.0158      C  2                2323.50A    -3.806    0.0177      Ne 2                327.700A    -4.965    0.0012
Ca A                8862.79A    -3.982    0.0118      C  2                2324.69A    -3.584    0.0296      Ne 2                331.200A    -4.965    0.0012
Ca A                8750.48A    -4.096    0.0091      C  2                2325.40A    -2.787    0.1849      Ne 2                327.139A    -4.981    0.0012
Ca A                8665.02A    -4.201    0.0071      C  2                2326.93A    -3.024    0.1073      Ne 2                355.969A    -4.972    0.0012
Ca A                8598.40A    -4.298    0.0057      C  2                2328.12A    -3.531    0.0334      Ne 2                320.500A    -5.039    0.0010
Ca A                8545.39A    -4.388    0.0046      C  2                157.636m    -3.571    0.0305      Ne 3                250.920A    -4.584    0.0030
Ca A                8502.49A    -4.472    0.0038      C  3                1908.73A    -2.726    0.2130      Ne 3                227.420A    -4.503    0.0036
Ca A                8467.26A    -4.551    0.0032      C  3                1906.68A    -2.553    0.3170      Ne 3                218.360A    -4.816    0.0017
Ca A                8437.96A    -4.626    0.0027      C  3                977.020A    -3.906    0.0141      Ne 3                223.310A    -4.753    0.0020
Ca A                8413.32A    -4.696    0.0023      C  3                386.203A    -4.769    0.0019      Ne 3                228.870A    -4.668    0.0024
Ca A                8392.40A    -4.763    0.0020      C  3                884.524A    -5.016    0.0011      Ne 3                281.580A    -4.673    0.0024
Ca A                8374.48A    -4.826    0.0017      Ca 4                3.20610m    -3.569    0.0306      Ne 3                204.530A    -4.967    0.0012
Ca A                8359.01A    -4.887    0.0015      Co 2                10.5199m    -4.887    0.0015      Ne 3                227.190A    -4.571    0.0030
Ca A                8345.56A    -4.944    0.0013      Co 2                2.98382m    -4.954    0.0013      Ne 3                212.550A    -4.952    0.0013
Ca A                8333.79A    -4.998    0.0011      Co 2                14.7345m    -5.031    0.0011      Ne 3                265.510A    -4.711    0.0022
Ca A                4.05115m    -3.177    0.0753      Co 2                1.01879m    -4.496    0.0036      Ne 3                218.030A    -4.931    0.0013
Ca A                2.62515m    -3.428    0.0423      Co 2                1.54700m    -4.742    0.0021      Ne 3                205.100A    -5.043    0.0010
Ca A                2.16553m    -3.643    0.0258      Co 3                11.8845m    -4.848    0.0016      Ne 3                217.120A    -4.988    0.0012
Ca A                1.94456m    -3.828    0.0168      Cr 2                8000.08A    -4.472    0.0038      Ne 3                238.070A    -4.828    0.0017
Ca A                1.81741m    -3.988    0.0116      Cr 2                8125.30A    -4.544    0.0032      Ne 4                171.550A    -5.011    0.0011
Ca A                1.73621m    -4.130    0.0084      Cr 2                8229.67A    -4.638    0.0026      Mg 3                183.540A    -4.867    0.0015
Ca A                1.68065m    -4.257    0.0063      Cr 2                8308.49A    -4.825    0.0017      Mg 3                168.540A    -5.048    0.0010
Ca A                1.64072m    -4.373    0.0048      Fe 2                25.9813m    -2.632    0.2647      Si 2                1179.59A    -4.290    0.0058
Ca A                1.61093m    -4.479    0.0038      Fe 2                5.33871m    -2.165    0.7748      Si 2                993.354A    -4.752    0.0020
Ca A                1.58805m    -4.576    0.0030      Fe 2                4.11387m    -4.307    0.0056      Si 2                893.551A    -4.853    0.0016
Ca A                1.57007m    -4.667    0.0024      Fe 2                1.25668m    -3.357    0.0498      Si 2                1024.03A    -4.938    0.0013
Ca A                1.55565m    -4.752    0.0020      Fe 2                4632.28A    -4.293    0.0058      Si 2                903.081A    -5.006    0.0011
Ca A                1.54389m    -4.831    0.0017      Fe 2                4416.27A    -4.245    0.0065      Si 3                564.611A    -5.034    0.0010
Ca A                1.53418m    -4.907    0.0014      Fe 2                4287.39A    -3.375    0.0478      Si 3                464.939A    -5.027    0.0011
Ca A                1.52605m    -4.978    0.0012      Fe 2                2599.40A    -4.255    0.0063      S  2                750.323A    -4.743    0.0020
Ca A                1.51919m    -5.045    0.0010      Fe 2                2382.04A    -3.088    0.0926      S  2                632.711A    -4.920    0.0014
Ca A                7.45782m    -3.669    0.0243      Fe 2                35.3391m    -3.281    0.0593      S  2                888.439A    -4.866    0.0015
Ca A                4.65251m    -3.867    0.0154      Fe 2                6.71944m    -3.305    0.0562      S  2                587.599A    -5.028    0.0011
Ca A                3.73954m    -4.049    0.0101      Fe 2                4.88781m    -3.971    0.0121      S  3                667.049A    -4.541    0.0033
Ca A                3.29609m    -4.210    0.0070      Fe 2                4.07521m    -4.751    0.0020      S  3                691.219A    -4.669    0.0024
Ca A                3.03837m    -4.353    0.0050      Fe 2                1.32055m    -3.854    0.0159      S  3                704.220A    -4.740    0.0021
Ca A                2.87221m    -4.481    0.0037      Fe 2                1.24854m    -4.726    0.0021      S  3                671.510A    -4.986    0.0012
Ca A                2.75752m    -4.598    0.0029      Fe 2                7637.52A    -4.008    0.0111      S  3                482.139A    -4.918    0.0014
Ca A                2.67440m    -4.704    0.0022      Fe 2                4889.62A    -4.145    0.0081      S  3                474.260A    -5.016    0.0011
Ca A                2.61194m    -4.803    0.0018      Fe 2                4457.95A    -4.526    0.0034      Ar 3                458.140A    -4.599    0.0029
Ca A                2.56363m    -4.894    0.0014      Fe 2                4359.33A    -3.506    0.0353      Ar 3                464.671A    -4.722    0.0022
Ca A                2.52540m    -4.979    0.0012      Fe 2                2625.67A    -2.702    0.2253      Ar 3                451.091A    -4.898    0.0014
Ca A                12.3685m    -4.085    0.0093      Fe 2                2611.87A    -3.594    0.0288      Ar 3                472.659A    -4.895    0.0014
Ca A                7.50045m    -4.245    0.0064      Fe 2                2598.37A    -4.542    0.0033      Ar 3                488.909A    -4.966    0.0012
Ca A                5.90660m    -4.402    0.0045      Fe 2                2395.63A    -3.651    0.0253      Ar 3                388.490A    -5.001    0.0011
Ca A                5.12726m    -4.544    0.0032      Fe 2                2388.63A    -4.565    0.0031      Ar 3                527.451A    -5.027    0.0011
Ca A                4.67124m    -4.672    0.0024      Fe 2                2364.83A    -3.985    0.0117      Ar 4                444.680A    -4.875    0.0015
Ca A                4.37526m    -4.789    0.0018      Fe 2                2332.80A    -4.959    0.0012      Ca 3                351.260A    -4.453    0.0040
Ca A                4.16966m    -4.896    0.0014      Fe 2                51.2868m    -3.841    0.0163      Ca 3                298.430A    -4.806    0.0018
Ca A                4.01977m    -4.995    0.0011      Fe 2                5.67236m    -4.782    0.0019      Ca 3                277.760A    -4.957    0.0013
Ca A                19.0567m    -4.447    0.0041      Fe 2                4.60641m    -4.551    0.0032      Ca 4                303.870A    -4.822    0.0017
Ca A                11.3056m    -4.577    0.0030      Fe 2                1.37181m    -4.097    0.0091      Ca 4                310.370A    -4.937    0.0013
Ca A                8.75768m    -4.714    0.0022      Fe 2                1.29427m    -4.511    0.0035      Ca 4                307.850A    -4.932    0.0013
Ca A                7.50606m    -4.840    0.0016      Fe 2                7686.93A    -4.136    0.0083      Ca 4                323.400A    -4.960    0.0012
Ca A                6.77015m    -4.957    0.0013      Fe 2                4728.07A    -4.762    0.0020      Ca 4                319.070A    -4.961    0.0012
Ca A                27.7958m    -4.766    0.0019      Fe 2                4488.75A    -4.889    0.0015      Fe 3                911.104A    -4.904    0.0014
Ca A                16.2047m    -4.874    0.0015      Fe 2                4413.78A    -3.657    0.0249      Fe 3                859.623A    -5.039    0.0010
Ca A                12.3838m    -4.994    0.0011      Fe 2                2631.32A    -3.411    0.0440      Fe 3                896.877A    -4.958    0.0012
Ca A                38.8593m    -5.052    0.0010      Fe 2                2617.62A    -4.519    0.0034      Fe 4                309.190A    -4.770    0.0019
Ca B                6562.80A    -1.601    2.8427      Fe 2                2607.09A    -4.490    0.0037      Fe 4                532.950A    -4.787    0.0018
Ca B                4861.32A    -2.057    0.9930      Fe 2                2404.89A    -4.330    0.0053      Fe 4                275.130A    -4.856    0.0016
Ca B                4340.46A    -2.387    0.4650      Fe 2                2399.24A    -4.829    0.0017      Fe 4                259.600A    -4.909    0.0014
Ca B                4101.73A    -2.644    0.2571      Fe 2                2380.76A    -3.541    0.0326      Fe 4                251.070A    -4.952    0.0013
Ca B                3970.07A    -2.856    0.1579      Fe 2                2348.30A    -4.831    0.0017      Fe 4                245.840A    -4.991    0.0012
Ca B                3889.05A    -3.036    0.1043      Fe 2                87.3597m    -4.641    0.0026      Fe 4                326.120A    -4.989    0.0012
Ca B                3835.38A    -3.193    0.0726      Fe 2                1.32777m    -4.695    0.0023      Fe 4                242.370A    -5.022    0.0011
Ca B                3797.90A    -3.333    0.0527      Fe 2                1.27877m    -4.802    0.0018      Fe 5                391.409A    -5.030    0.0011
Ca B                3770.63A    -3.458    0.0395      Fe 2                7665.28A    -4.795    0.0018      Fe 5                227.780A    -4.941    0.0013
Ca B                3750.15A    -3.572    0.0303      Fe 2                4452.10A    -3.850    0.0160      P  2                967.202A    -5.038    0.0010
Ca B                3734.37A    -3.677    0.0239      Fe 2                2631.05A    -4.458    0.0039      P  2                963.828A    -4.949    0.0013
Ca B                3721.94A    -3.773    0.0191      Fe 2                2613.82A    -4.827    0.0017      Ti 2                3364.74A    -4.151    0.0080
Ca B                3711.97A    -3.862    0.0156      Fe 2                2410.52A    -4.895    0.0014      Ti 2                3237.15A    -4.379    0.0047
Ca B                3703.85A    -3.946    0.0128      Fe 2                2406.66A    -4.893    0.0014      Cr 2                2059.78A    -4.559    0.0031
Ca B                3697.15A    -4.023    0.0107      Fe 2                2359.11A    -5.047    0.0010      Ni 2                1751.83A    -4.894    0.0014
Ca B                3691.55A    -4.096    0.0091      Fe 2                1.27034m    -4.992    0.0012      Ni 2                1744.24A    -4.783    0.0019
Ca B                3686.83A    -4.164    0.0078      Fe 2                4474.90A    -4.162    0.0078      Ni 2                1375.73A    -5.046    0.0010
Ca B                3682.81A    -4.228    0.0067      Fe 2                2628.29A    -4.855    0.0016      hyperfine structure.............................
Ca B                3679.35A    -4.288    0.0058      Fe 2                2411.07A    -5.047    0.0010      inner shell.....................................
Ca B                3676.36A    -4.344    0.0051      Fe 2                17.9311m    -2.933    0.1323      Mg 3                246.489A    -4.139    0.0082
Ca B                3673.76A    -4.397    0.0045      Fe 2                1.64355m    -2.180    0.7493      Mg 3                247.968A    -4.142    0.0082
Ca B                3671.48A    -4.447    0.0040      Fe 2                1.53348m    -3.143    0.0816      Si 4                720.838A    -4.625    0.0027
Ca B                1.87510m    -2.528    0.3360      Fe 2                8616.95A    -3.419    0.0432      Si 5                119.791A    -4.795    0.0018
Ca B                1.28181m    -2.844    0.1623      Fe 2                7155.17A    -3.152    0.0798      Si 5                120.490A    -4.798    0.0018
Ca B                1.09381m    -3.100    0.0899      Fe 2                6896.17A    -4.890    0.0015      molecules.......................................
Ca B                1.00494m    -3.313    0.0552      Fe 2                5413.37A    -4.920    0.0014      H-FB                      0     -4.331    0.0053
Ca B                9545.97A    -3.494    0.0364      Fe 2                5273.36A    -3.659    0.0248      H-FF                      0     -4.554    0.0032
Ca B                9229.02A    -3.651    0.0253      Fe 2                5158.79A    -3.026    0.1068      H-CT                6562.80A    -4.551    0.0032
Ca B                9014.91A    -3.791    0.0183      Fe 2                5111.64A    -3.956    0.0125      H- H                      0     -4.771    0.0019
Ca B                8862.79A    -3.917    0.0137      Fe 2                5072.41A    -3.712    0.0220      H2+                       0     -4.716    0.0022
Ca B                8750.48A    -4.031    0.0105      Fe 2                4814.54A    -3.987    0.0117      bands...........................................
Ca B                8665.02A    -4.136    0.0083      Fe 2                4774.73A    -4.440    0.0041      Fe 2b               2500.00A    -2.265    0.6152
Ca B                8598.40A    -4.233    0.0066      Fe 2                4243.97A    -3.381    0.0471      Fe 2b               5000.00A    -2.263    0.6187
Ca B                8545.39A    -4.322    0.0054      Fe 2                4177.20A    -4.467    0.0039      Fe 2b               7000.00A    -2.835    0.1655
Ca B                8502.49A    -4.406    0.0044      Fe 2                3387.09A    -4.917    0.0014      Fe 2b               10000.0A    -1.878    1.4991
Ca B                8467.26A    -4.485    0.0037      Fe 2                3376.20A    -4.127    0.0085      Fe 2b               2355.00A    -2.778    0.1890
Ca B                8437.96A    -4.558    0.0031      Fe 2                2732.45A    -4.817    0.0017      Fe 2b               2430.00A    -2.287    0.5851
Ca B                8413.32A    -4.628    0.0027      Fe 2                2493.30A    -3.200    0.0716      Fe 2b               2445.00A    -2.287    0.5851
Ca B                8392.40A    -4.693    0.0023      Fe 2                24.5126m    -3.592    0.0290      Fe 2b               2495.00A    -3.194    0.0724
Ca B                8374.48A    -4.754    0.0020      Fe 2                1.80940m    -2.780    0.1879      Fe 2b               2610.00A    -2.544    0.3236
Ca B                8359.01A    -4.813    0.0017      Fe 2                1.67688m    -3.568    0.0306      Fe 2b               2695.00A    -5.000    0.0011
Ca B                8345.56A    -4.868    0.0015      Fe 2                1.59948m    -3.525    0.0338      Fe 2b               2758.00A    -3.616    0.0274
Ca B                8333.79A    -4.920    0.0014      Fe 2                9051.95A    -3.260    0.0622      Fe 2b               2780.00A    -3.595    0.0288
Ca B                4.05115m    -3.154    0.0795      Fe 2                8891.93A    -3.735    0.0209      Fe 2b               2935.00A    -4.861    0.0016
Ca B                2.62515m    -3.399    0.0452      Fe 2                7452.56A    -3.644    0.0257      Fe 2b               2960.00A    -4.933    0.0013
Ca B                2.16553m    -3.612    0.0277      Fe 2                7172.00A    -3.845    0.0162      Fe 2b               3180.00A    -4.492    0.0037
Ca B                1.94456m    -3.795    0.0182      Fe 2                5527.36A    -4.032    0.0105      Fe 2b               3250.00A    -3.924    0.0135
Ca B                1.81741m    -3.954    0.0126      Fe 2                5433.15A    -4.173    0.0076      Fe 2b               3590.00A    -3.974    0.0120
Ca B                1.73621m    -4.095    0.0091      Fe 2                5261.63A    -3.430    0.0421      Fe 2b               4255.00A    -2.731    0.2103
Ca B                1.68065m    -4.222    0.0068      Fe 2                5220.08A    -4.715    0.0022      Fe 2b               4558.00A    -3.473    0.0381
Ca B                1.64072m    -4.337    0.0052      Fe 2                5184.80A    -4.581    0.0030      Fe 2b               4600.00A    -3.439    0.0413
Ca B                1.61093m    -4.443    0.0041      Fe 2                5158.01A    -4.518    0.0034      Fe 2b               4743.00A    -4.135    0.0083
Ca B                1.58805m    -4.540    0.0033      Fe 2                4947.39A    -3.931    0.0133      Fe 2b               4855.00A    -3.561    0.0312
Ca B                1.57007m    -4.630    0.0027      Fe 2                4905.35A    -4.295    0.0057      Fe 2b               4920.00A    -3.046    0.1019
Ca B                1.55565m    -4.715    0.0022      Fe 2                4874.50A    -4.357    0.0050      Fe 2b               4975.00A    -3.580    0.0298
Ca B                1.54389m    -4.794    0.0018      Fe 2                4346.86A    -4.008    0.0111      Fe 2b               4971.00A    -3.613    0.0277
Ca B                1.53418m    -4.868    0.0015      Fe 2                4276.84A    -3.928    0.0134      Fe 2b               5070.00A    -3.495    0.0363
Ca B                1.52605m    -4.938    0.0013      Fe 2                4244.82A    -4.688    0.0023      Fe 2b               5143.00A    -2.953    0.1264
Ca B                1.51919m    -5.005    0.0011      Fe 2                3455.11A    -5.009    0.0011      Fe 2b               5270.00A    -2.666    0.2445
Ca B                7.45782m    -3.652    0.0252      Fe 2                3452.31A    -4.712    0.0022      Fe 2b               5318.00A    -2.982    0.1181
Ca B                4.65251m    -3.848    0.0161      Fe 2                3440.99A    -4.605    0.0028      Fe 2b               5540.00A    -3.842    0.0163
Ca B                3.73954m    -4.029    0.0106      Fe 2                35.7675m    -4.353    0.0050      Fe 2b               5865.00A    -4.458    0.0040
Ca B                3.29609m    -4.189    0.0073      Fe 2                1.95361m    -3.691    0.0231      Fe 2b               6265.00A    -4.856    0.0016
Ca B                3.03837m    -4.331    0.0053      Fe 2                1.80002m    -3.584    0.0295      Fe 2b               6565.00A    -4.428    0.0042
Ca B                2.87221m    -4.459    0.0039      Fe 2                1.71113m    -4.203    0.0071      Fe 2b               6910.00A    -4.570    0.0031
Ca B                2.75752m    -4.575    0.0030      Fe 2                1.66377m    -3.810    0.0176      Fe 2b               7445.00A    -2.859    0.1566
Ca B                2.67440m    -4.681    0.0024      Fe 2                9399.04A    -3.682    0.0235      Fe 2b               8625.00A    -2.780    0.1878
Ca B                2.61194m    -4.779    0.0019      Fe 2                9226.63A    -3.678    0.0238      Fe 2b               1.03250m    -3.799    0.0180
Ca B                2.56363m    -4.869    0.0015      Fe 2                9033.49A    -4.464    0.0039      Fe 2b               1.88900m    -2.603    0.2829
Ca B                2.52540m    -4.954    0.0013      Fe 2                7388.17A    -3.965    0.0123      Fe 2b               2.20000m    -4.081    0.0094
Ca B                2.49458m    -5.034    0.0010      Fe 2                6440.41A    -4.666    0.0024      miscellaneous...................................
Ca B                12.3685m    -4.071    0.0096      Fe 2                5654.87A    -4.992    0.0012      C 2R                1335.00A    -2.968    0.1219
Ca B                7.50045m    -4.230    0.0067      Fe 2                5556.31A    -4.842    0.0016      C 3R                977.000A    -4.191    0.0073
Ca B                5.90660m    -4.387    0.0047      Fe 2                5412.67A    -4.901    0.0014      C 3R                1909.00A    -4.346    0.0051
Ca B                5.12726m    -4.528    0.0034      Fe 2                5333.66A    -3.727    0.0212      C 3R                1175.00A    -4.525    0.0034
Ca B                4.67124m    -4.656    0.0025      Fe 2                5296.84A    -4.980    0.0012      N 2R                1085.00A    -4.181    0.0075
Ca B                4.37526m    -4.772    0.0019      Fe 2                5268.89A    -4.688    0.0023      N 3R                990.000A    -4.230    0.0067
Ca B                4.16966m    -4.878    0.0015      Fe 2                5049.30A    -4.104    0.0089      O 2R                7323.00A    -4.976    0.0012
Ca B                4.01977m    -4.977    0.0012      Fe 2                5005.52A    -4.171    0.0076      O 2H                3727.00A    -3.886    0.0147
Ca B                19.0567m    -4.433    0.0042      Fe 2                4973.40A    -4.458    0.0040      O 2R                3726.00A    -4.209    0.0070
Ca B                11.3056m    -4.565    0.0031      Fe 2                4950.76A    -4.752    0.0020      O 2R                3729.00A    -4.226    0.0067
Ca B                8.75768m    -4.701    0.0023      Fe 2                4352.79A    -4.244    0.0065      O 2R                2471.00A    -4.809    0.0018
Ca B                7.50606m    -4.827    0.0017      Fe 2                4319.62A    -4.458    0.0039      O 2H                7325.00A    -4.461    0.0039
Ca B                6.77015m    -4.943    0.0013      Fe 2                3501.63A    -4.747    0.0020      O 2R                4651.00A    -4.485    0.0037
Ca B                6.29020m    -5.049    0.0010      Fe 2                1.89541m    -4.320    0.0054      O 2R                4341.00A    -4.762    0.0020
Ca B                27.7958m    -4.752    0.0020      Fe 2                1.79711m    -3.856    0.0158      O 3C                5592.00A    -5.047    0.0010
Ca B                16.2047m    -4.862    0.0016      Fe 2                1.74494m    -4.132    0.0084      O 3R                835.000A    -3.781    0.0188
Ca B                12.3838m    -4.982    0.0012      Fe 2                9652.70A    -4.531    0.0033      O 4R                789.000A    -4.822    0.0017
Ca B                38.8593m    -5.037    0.0010      Fe 2                9470.94A    -4.069    0.0097      Blnd                1400.00A    -4.036    0.0104
H  1                2430.61A    -1.009   11.1000      Fe 2                9267.56A    -4.160    0.0078      Blnd                1650.00A    -1.978    1.1927
H  1                1215.67A    -0.649   25.4105      Fe 2                6558.51A    -4.880    0.0015      Blnd                1304.00A    -4.173    0.0076
H  1                1025.72A    -3.849    0.0160      Fe 2                5376.47A    -4.091    0.0092      Blnd                1039.00A    -4.687    0.0023
H  1                972.537A    -3.947    0.0128      Fe 2                5076.57A    -4.775    0.0019      Blnd                2798.00A    -1.833    1.6647
H  1                949.743A    -4.002    0.0113      Fe 2                5043.53A    -4.664    0.0025      Blnd                6720.00A    -1.888    1.4669
H  1                937.803A    -4.041    0.0103      Fe 2                5020.24A    -4.729    0.0021      Blnd                4074.00A    -3.022    0.1078
H  1                930.748A    -4.074    0.0096      Fe 2                4372.43A    -4.732    0.0021      Blnd                1.03300m    -3.130    0.0839
H  1                926.226A    -4.102    0.0090      Fe 2                4358.37A    -4.820    0.0017      Blnd                1256.00A    -4.529    0.0033
H  1                923.150A    -4.133    0.0084      Fe 2                3539.19A    -5.017    0.0011      Blnd                1198.00A    -4.560    0.0031
H  1                920.963A    -4.160    0.0078      Fe 2                5163.96A    -4.918    0.0014      Blnd                1720.00A    -4.278    0.0060
H  1                919.351A    -4.217    0.0069      Fe 2                3277.35A    -4.921    0.0014      Blnd                3722.00A    -3.783    0.0187
H  1                918.129A    -4.233    0.0066      Fe 2                2926.59A    -4.986    0.0012      Blnd                2665.00A    -3.123    0.0854
H  1                917.181A    -4.246    0.0064      Fe 2                2755.74A    -3.982    0.0118      Blnd                1860.00A    -3.818    0.0172
H  1                916.429A    -4.258    0.0063      Fe 2                2739.55A    -4.234    0.0066      Blnd                4725.00A    -4.145    0.0081
H  1                915.824A    -4.268    0.0061      Fe 2                2716.70A    -5.000    0.0011      Blnd                2335.00A    -2.761    0.1966
H  1                915.329A    -4.277    0.0060      Fe 2                1.00287m    -5.041    0.0010      Blnd                1888.00A    -2.708    0.2221
H  1                914.919A    -4.285    0.0059      Fe 2                2772.73A    -4.287    0.0058      Blnd                1397.00A    -4.072    0.0096
H  1                914.576A    -4.291    0.0058      Fe 2                2749.32A    -4.959    0.0012      Blnd                2424.00A    -3.917    0.0137
H  1                914.286A    -4.295    0.0058      Fe 2                2.04602m    -4.986    0.0012      Blnd                3350.00A    -4.679    0.0024
H  1                914.039A    -4.295    0.0057      Fe 2                5551.32A    -4.919    0.0014      Blnd                5525.00A    -3.533    0.0332
H  1                913.826A    -4.292    0.0058      Fe 2                2.00672m    -5.006    0.0011      Blnd                8579.00A    -3.280    0.0595
H  1                6562.80A    -1.609    2.7910      Fe 2                2.22379m    -4.158    0.0079      Blnd                7306.00A    -2.513    0.3481
H  1                4861.32A    -2.054    1.0000      Fe 2                2.01513m    -4.790    0.0018      Blnd                3933.00A    -3.276    0.0600
H  1                4340.46A    -2.380    0.4720      Fe 2                9682.08A    -4.823    0.0017      Blnd                1657.00A    -4.546    0.0032
H  1                4101.73A    -2.637    0.2612      Fe 2                5169.03A    -5.021    0.0011      Blnd                9850.00A    -3.968    0.0122
H  1                3970.07A    -2.848    0.1608      Fe 3                22.9190m    -2.483    0.3724      Blnd                2326.00A    -2.483    0.3729
H  1                3889.05A    -3.027    0.1064      Fe 3                4985.87A    -3.211    0.0697      Blnd                1335.00A    -3.690    0.0232
H  1                3835.38A    -3.183    0.0743      Fe 3                4924.54A    -3.912    0.0139      Blnd                1909.00A    -2.330    0.5299
H  1                3797.90A    -3.322    0.0540      Fe 3                4881.00A    -3.011    0.1104      Blnd                1549.00A    -3.648    0.0255
H  1                3770.63A    -3.320    0.0542      Fe 3                4658.05A    -2.526    0.3371      Blnd                5199.00A    -3.461    0.0392
H  1                3750.15A    -3.424    0.0426      Fe 3                4607.03A    -3.801    0.0179      Blnd                1.04030m    -4.671    0.0024
H  1                3734.37A    -3.520    0.0342      Fe 3                4070.71A    -4.700    0.0023      Blnd                1085.00A    -4.083    0.0094
H  1                3721.94A    -3.608    0.0279      Fe 3                4008.35A    -3.681    0.0236      Blnd                2141.00A    -3.602    0.0283
H  1                3711.97A    -3.690    0.0232      Fe 3                3322.54A    -3.467    0.0386      Blnd                1750.00A    -3.755    0.0199
H  1                3703.85A    -3.765    0.0195      Fe 3                3239.74A    -3.545    0.0323      Blnd                990.000A    -4.249    0.0064
H  1                3697.15A    -3.835    0.0166      Fe 3                2438.29A    -3.957    0.0125      Blnd                1486.00A    -4.753    0.0020
H  1                3691.55A    -3.899    0.0143      Fe 3                1576.66A    -4.632    0.0026      Blnd                6300.00A    -2.671    0.2419
H  1                3686.83A    -3.958    0.0125      Fe 3                1434.81A    -5.029    0.0011      Blnd                2471.00A    -3.087    0.0927
H  1                3682.81A    -4.011    0.0111      Fe 3                33.0270m    -3.035    0.1046      Blnd                7323.00A    -3.256    0.0629
H  1                3679.35A    -4.055    0.0100      Fe 3                5270.40A    -2.788    0.1847      Blnd                7332.00A    -3.342    0.0515
H  1                1.87510m    -2.566    0.3075      Fe 3                5032.68A    -4.718    0.0022      Blnd                833.000A    -4.205    0.0071
H  1                1.28181m    -2.859    0.1567      Fe 3                4987.21A    -3.752    0.0201      Blnd                3727.00A    -1.410    4.4057
H  1                1.09381m    -3.109    0.0883      Fe 3                4754.69A    -3.252    0.0634      Blnd                7325.00A    -2.996    0.1144
H  1                1.00494m    -3.317    0.0546      Fe 3                4701.54A    -3.089    0.0924      Blnd                1666.00A    -3.411    0.0440
H  1                9545.97A    -3.495    0.0362      Fe 3                4667.01A    -4.137    0.0083      Blnd                5007.00A    -1.036   10.4254
H  1                9229.02A    -3.651    0.0253      Fe 3                4079.70A    -4.239    0.0065      Blnd                835.000A    -3.970    0.0121
H  1                9014.91A    -3.790    0.0184      Fe 3                4046.42A    -4.688    0.0023      Blnd                789.000A    -4.456    0.0040
H  1                8862.79A    -3.835    0.0166      Fe 3                3371.41A    -3.601    0.0284
H  1                8750.48A    -3.939    0.0130      Fe 3                3301.56A    -4.694    0.0023

                                                    Emergent line intensities
 Caution: emergent intensities are not reliable on the first iteration.
general properties..............................      C  2                1334.53A    -4.320    0.0054      Ca 2                3933.66A    -3.525    0.0338
continua........................................      C  2                1335.66A    -4.294    0.0058      Ca 2                8498.02A    -4.422    0.0043
FIR                 83.0000m    -1.505    3.5450      C  2                1335.71A    -3.977    0.0120      Ca 2                8542.09A    -3.475    0.0379
TIR                 1800.00m    -4.093    0.0092      C  2                2323.50A    -3.806    0.0177      Ca 5                4.15739m    -4.925    0.0013
NIRa                2.85000m    -0.182   74.5210      C  2                2324.69A    -3.584    0.0295      Cl 2                14.3639m    -3.973    0.0121
NIRb                3.00000m    -0.496   36.1537      C  2                2325.40A    -2.787    0.1849      Cl 2                8578.70A    -3.671    0.0241
MIRa                15.0000m    -0.687   23.2714      C  2                2326.93A    -3.024    0.1073      Cl 2                9123.60A    -4.256    0.0063
MIRb                22.5000m    -0.626   26.7995      C  2                2328.12A    -3.531    0.0334      Cl 3                5537.87A    -3.882    0.0149
NMIR                21.7500m    -0.182   74.5210      C  2                157.636m    -3.571    0.0305      Cl 3                5517.71A    -3.790    0.0184
TFIR                611.250m    -3.190    0.0731      C  3                1908.73A    -2.726    0.2129      Cl 3                3342.80A    -4.823    0.0017
TALL                10000.0A     0.332  243.6079      C  3                1906.68A    -2.553    0.3169      Cl 4                20.3197m    -4.421    0.0043
F12                 12.0000m    -1.135    8.2984      C  3                977.020A    -3.906    0.0141      Cl 4                11.7629m    -4.470    0.0038
F25                 25.0000m    -1.711    2.2018      C  3                386.203A    -4.776    0.0019      Cl 4                7530.54A    -5.021    0.0011
F60                 60.0000m    -1.665    2.4529      Ca 4                3.20610m    -3.569    0.0306      Cl 4                8045.62A    -4.657    0.0025
F100                100.000m    -2.055    0.9979      Co 2                10.5199m    -4.887    0.0015      Fe 4                3094.96A    -3.347    0.0510
MIPS                24.0000m    -1.771    1.9209      Co 2                2.98382m    -4.954    0.0013      Fe 4                2835.74A    -2.859    0.1568
MIPS                70.0000m    -3.006    0.1118      Co 2                14.7345m    -5.031    0.0011      Fe 4                2829.36A    -3.129    0.0842
MIPS                160.000m    -3.424    0.0427      Co 2                1.01879m    -4.496    0.0036      Fe 4                2823.50A    -4.404    0.0045
IRAC                3.60000m    -1.410    4.4104      Co 2                1.54700m    -4.742    0.0021      Fe 4                2577.92A    -4.743    0.0020
IRAC                4.50000m    -1.381    4.7091      Co 3                11.8845m    -4.848    0.0016      Fe 4                2.83562m    -4.266    0.0061
IRAC                5.80000m    -1.297    5.7158      Cr 2                8000.08A    -4.472    0.0038      Fe 4                2.80554m    -4.799    0.0018
IRAC                8.00000m    -1.179    7.5118      Cr 2                8125.30A    -4.544    0.0032      Fe 4                2.86447m    -4.595    0.0029
SPR1                250.000m    -4.316    0.0055      Cr 2                8229.67A    -4.638    0.0026      Fe 4                2567.61A    -3.784    0.0186
SPR2                350.000m    -4.433    0.0042      Cr 2                8308.49A    -4.825    0.0017      Fe 4                2.71569m    -4.900    0.0014
SPR3                500.000m    -4.491    0.0037      Fe 2                25.9813m    -2.632    0.2647      Fe 4                2567.40A    -4.536    0.0033
PAC1                70.0000m    -2.987    0.1168      Fe 2                5.33871m    -2.165    0.7748      Fe 4                6739.82A    -4.341    0.0052
PAC2                100.000m    -2.045    1.0217      Fe 2                4.11387m    -4.307    0.0056      Fe 4                6761.38A    -4.842    0.0016
PAC3                160.000m    -3.372    0.0481      Fe 2                1.25668m    -3.357    0.0497      Fe 4                6734.42A    -4.463    0.0039
PAH                 3.30000m    -2.262    0.6194      Fe 2                4632.28A    -4.293    0.0058      Fe 4                5233.76A    -4.965    0.0012
PAHC                3.23000m    -2.507    0.3526      Fe 2                4416.27A    -4.245    0.0065      Fe 4                4906.56A    -4.662    0.0025
PAHC                3.37000m    -2.579    0.2989      Fe 2                4287.39A    -3.375    0.0478      Fe 4                4899.97A    -5.004    0.0011
PAH                 6.20000m    -1.843    1.6260      Fe 2                2599.40A    -4.255    0.0063      Fe 4                4903.07A    -4.984    0.0012
PAHC                5.65000m    -1.806    1.7721      Fe 2                2382.04A    -3.088    0.0926      Fe 5                70.3538m    -3.736    0.0208
PAH                 7.90000m    -1.648    2.5470      Fe 2                35.3391m    -3.281    0.0593      Fe 5                36.3273m    -3.539    0.0327
PAHC                6.90000m    -1.575    3.0139      Fe 2                6.71944m    -3.305    0.0562      Fe 5                25.9131m    -3.648    0.0255
PAH                 11.3000m    -2.390    0.4612      Fe 2                4.88781m    -3.971    0.0121      Fe 5                20.8407m    -3.918    0.0137
PAHC                10.9000m    -2.320    0.5428      Fe 2                4.07521m    -4.751    0.0020      Fe 5                4180.59A    -4.530    0.0033
PAH                 11.8000m    -2.253    0.6334      Fe 2                1.32055m    -3.854    0.0159      Fe 5                4143.15A    -4.290    0.0058
PAHC                12.6500m    -2.292    0.5783      Fe 2                1.24854m    -4.726    0.0021      Fe 5                4227.19A    -3.581    0.0297
PAH                 13.3000m    -2.404    0.4470      Fe 2                7637.52A    -4.008    0.0111      Fe 5                4071.24A    -4.301    0.0057
PAHC                14.1000m    -2.498    0.3598      Fe 2                4889.62A    -4.145    0.0081      Fe 5                3895.22A    -4.689    0.0023
Bcon                3640.00A    -0.090   92.0867      Fe 2                4457.95A    -4.526    0.0034      Fe 5                3851.34A    -4.962    0.0012
Pcon                5000.00A    -0.377   47.5693      Fe 2                4359.33A    -3.506    0.0353      Fe 5                3794.94A    -4.373    0.0048
O3bn                5007.00A    -1.127    8.4598      Fe 2                2625.67A    -2.702    0.2253      Fe 5                3755.70A    -4.654    0.0025
SX                  25.0000A    -1.648    2.5483      Fe 2                2611.87A    -3.594    0.0288      Fe 5                3839.27A    -4.346    0.0051
HX                  4.70000A    -1.332    5.2724      Fe 2                2598.37A    -4.542    0.0033      Fe 5                3783.22A    -4.758    0.0020
ROSA                12.3980A    -1.305    5.6162      Fe 2                2395.63A    -3.651    0.0253      Fe 5                3891.28A    -4.527    0.0034
RRC.............................................      Fe 2                2388.63A    -4.565    0.0031      Fe 6                19.5527m    -4.308    0.0056
grains..........................................      Fe 2                2364.83A    -3.985    0.0117      Fe 6                14.7670m    -4.532    0.0033
H-like iso-sequence.............................      Fe 2                2332.80A    -4.959    0.0012      Fe 6                12.3074m    -4.796    0.0018
H  1                1215.67A    -0.649   25.3989      Fe 2                51.2868m    -3.841    0.0163      Fe 6                5145.75A    -4.930    0.0013
H  1                1025.72A    -3.849    0.0160      Fe 2                5.67236m    -4.782    0.0019      Fe 6                4972.47A    -4.946    0.0013
H  1                972.537A    -3.947    0.0128      Fe 2                4.60641m    -4.551    0.0032      Fe 6                5176.04A    -5.004    0.0011
H  1                949.743A    -4.002    0.0113      Fe 2                1.37181m    -4.097    0.0091      Mg 2                2802.71A    -2.307    0.5593
H  1                937.803A    -4.041    0.0103      Fe 2                1.29427m    -4.512    0.0035      Mg 2                2795.53A    -2.011    1.1054
H  1                930.748A    -4.074    0.0096      Fe 2                7686.93A    -4.136    0.0083      Mg 2                2798.00A    -4.991    0.0012
H  1                926.226A    -4.102    0.0090      Fe 2                4728.07A    -4.762    0.0020      Mg 4                4.48711m    -3.776    0.0190
H  1                923.150A    -4.133    0.0084      Fe 2                4488.75A    -4.889    0.0015      N  2                205.283m    -4.499    0.0036
H  1                920.963A    -4.160    0.0078      Fe 2                4413.78A    -3.657    0.0249      N  2                121.769m    -3.676    0.0239
H  1                919.351A    -4.217    0.0069      Fe 2                2631.32A    -3.411    0.0440      N  2                6548.05A    -2.381    0.4709
H  1                918.129A    -4.233    0.0066      Fe 2                2617.62A    -4.519    0.0034      N  2                6583.45A    -1.912    1.3881
H  1                917.181A    -4.246    0.0064      Fe 2                2607.09A    -4.490    0.0037      N  2                3062.83A    -5.009    0.0011
H  1                916.429A    -4.258    0.0063      Fe 2                2404.89A    -4.330    0.0053      N  2                5754.59A    -3.728    0.0212
H  1                915.824A    -4.269    0.0061      Fe 2                2399.24A    -4.829    0.0017      N  2                2139.01A    -4.141    0.0082
H  1                915.329A    -4.277    0.0060      Fe 2                2380.76A    -3.542    0.0326      N  2                2142.77A    -3.751    0.0201
H  1                914.919A    -4.285    0.0059      Fe 2                2348.30A    -4.831    0.0017      N  2                1085.70A    -4.707    0.0022
H  1                914.576A    -4.291    0.0058      Fe 2                87.3597m    -4.641    0.0026      N  2                1084.58A    -4.783    0.0019
H  1                914.286A    -4.295    0.0057      Fe 2                1.32777m    -4.695    0.0023      N  2                1085.55A    -4.805    0.0018
H  1                914.039A    -4.296    0.0057      Fe 2                1.27877m    -4.802    0.0018      N  2                1083.99A    -4.798    0.0018
H  1                913.826A    -4.292    0.0058      Fe 2                7665.28A    -4.795    0.0018      N  2                1084.56A    -4.899    0.0014
H  1                6562.80A    -1.609    2.7910      Fe 2                4452.10A    -3.850    0.0160      N  2                915.612A    -4.789    0.0018
H  1                4861.32A    -2.054    1.0000      Fe 2                2631.05A    -4.458    0.0039      N  2                916.020A    -4.953    0.0013
H  1                4340.46A    -2.380    0.4720      Fe 2                2613.82A    -4.827    0.0017      N  2                916.710A    -4.898    0.0014
H  1                4101.73A    -2.637    0.2612      Fe 2                2410.52A    -4.895    0.0014      N  2                916.012A    -4.890    0.0015
H  1                3970.07A    -2.848    0.1608      Fe 2                2406.66A    -4.893    0.0014      N  2                916.701A    -4.659    0.0025
H  1                3889.05A    -3.027    0.1064      Fe 2                2359.11A    -5.048    0.0010      N  2                915.962A    -4.745    0.0020
H  1                3835.38A    -3.183    0.0743      Fe 2                1.27034m    -4.992    0.0012      N  3                57.3238m    -2.607    0.2803
H  1                3797.90A    -3.322    0.0540      Fe 2                4474.90A    -4.162    0.0078      N  3                1748.65A    -4.724    0.0021
H  1                3770.63A    -3.320    0.0542      Fe 2                2628.29A    -4.855    0.0016      N  3                1753.99A    -4.709    0.0022
H  1                3750.15A    -3.425    0.0426      Fe 2                2411.07A    -5.047    0.0010      N  3                1752.16A    -4.242    0.0065
H  1                3734.37A    -3.520    0.0342      Fe 2                17.9311m    -2.933    0.1323      N  3                1749.67A    -4.145    0.0081
H  1                3721.94A    -3.608    0.0279      Fe 2                1.64355m    -2.180    0.7493      N  3                989.799A    -4.799    0.0018
H  1                3711.97A    -3.690    0.0232      Fe 2                1.53348m    -3.143    0.0816      N  3                991.511A    -4.696    0.0023
H  1                3703.85A    -3.765    0.0195      Fe 2                8616.95A    -3.419    0.0432      N  3                991.577A    -4.692    0.0023
H  1                3697.15A    -3.835    0.0166      Fe 2                7155.17A    -3.152    0.0798      N  3                764.351A    -4.679    0.0024
H  1                3691.55A    -3.899    0.0143      Fe 2                6896.17A    -4.890    0.0015      N  3                685.515A    -4.863    0.0016
H  1                3686.83A    -3.958    0.0125      Fe 2                5413.37A    -4.920    0.0014      N  3                686.336A    -4.643    0.0026
H  1                3682.81A    -4.011    0.0111      Fe 2                5273.36A    -3.659    0.0248      N  3                685.817A    -4.500    0.0036
H  1                3679.35A    -4.055    0.0100      Fe 2                5158.79A    -3.026    0.1068      N  3                452.227A    -4.662    0.0025
H  1                1.87510m    -2.566    0.3075      Fe 2                5111.64A    -3.956    0.0125      Na 3                7.31570m    -3.919    0.0137
H  1                1.28181m    -2.859    0.1567      Fe 2                5072.41A    -3.712    0.0220      Na 4                9.03096m    -4.556    0.0032
H  1                1.09381m    -3.109    0.0883      Fe 2                4814.54A    -3.987    0.0117      Ne 4                2421.66A    -4.299    0.0057
H  1                1.00494m    -3.317    0.0546      Fe 2                4774.73A    -4.440    0.0041      Ne 4                2424.28A    -4.150    0.0080
H  1                9545.97A    -3.495    0.0362      Fe 2                4243.97A    -3.381    0.0471      Ne 4                541.126A    -5.027    0.0011
H  1                9229.02A    -3.651    0.0253      Fe 2                4177.20A    -4.467    0.0039      Ne 4                542.076A    -4.920    0.0014
H  1                9014.91A    -3.790    0.0184      Fe 2                3387.09A    -4.917    0.0014      Ne 4                543.886A    -4.870    0.0015
H  1                8862.79A    -3.835    0.0166      Fe 2                3376.20A    -4.127    0.0085      Ni 2                1.19102m    -3.568    0.0307
H  1                8750.48A    -3.939    0.0130      Fe 2                2732.45A    -4.817    0.0017      Ni 2                6.63416m    -3.574    0.0302
H  1                8665.02A    -4.035    0.0105      Fe 2                2493.30A    -3.200    0.0715      Ni 2                1.07151m    -4.171    0.0076
H  1                8598.40A    -4.123    0.0085      Fe 2                24.5126m    -3.592    0.0290      Ni 2                10.6793m    -3.808    0.0176
H  1                8545.39A    -4.204    0.0071      Fe 2                1.80940m    -2.780    0.1879      Ni 2                1.16130m    -4.987    0.0012
H  1                8502.49A    -4.279    0.0060      Fe 2                1.67688m    -3.568    0.0306      Ni 2                12.7253m    -4.524    0.0034
H  1                8467.26A    -4.349    0.0051      Fe 2                1.59948m    -3.525    0.0338      Ni 2                7377.83A    -3.158    0.0787
H  1                8437.96A    -4.413    0.0044      Fe 2                9051.95A    -3.260    0.0622      Ni 2                8300.99A    -4.454    0.0040
H  1                8413.32A    -4.472    0.0038      Fe 2                8891.93A    -3.735    0.0209      Ni 2                1.93877m    -3.866    0.0154
H  1                8392.40A    -4.524    0.0034      Fe 2                7452.56A    -3.644    0.0257      Ni 2                2.91064m    -4.822    0.0017
H  1                8374.48A    -4.569    0.0031      Fe 2                7172.00A    -3.845    0.0162      Ni 2                6666.80A    -4.517    0.0034
H  1                4.05115m    -3.217    0.0688      Fe 2                5527.36A    -4.032    0.0105      Ni 2                7411.61A    -4.298    0.0057
H  1                2.62515m    -3.435    0.0416      Fe 2                5433.15A    -4.173    0.0076      Ni 2                4326.24A    -4.354    0.0050
H  1                2.16553m    -3.637    0.0262      Fe 2                5261.63A    -3.430    0.0421      Ni 2                4628.05A    -4.776    0.0019
H  1                1.94456m    -3.814    0.0174      Fe 2                5220.08A    -4.715    0.0022      Ni 2                7255.82A    -4.709    0.0022
H  1                1.81741m    -3.969    0.0122      Fe 2                5184.80A    -4.581    0.0030      Ni 2                4201.17A    -4.658    0.0025
H  1                1.73621m    -4.107    0.0088      Fe 2                5158.01A    -4.518    0.0034      Ni 2                7307.65A    -5.006    0.0011
H  1                1.68065m    -4.205    0.0071      Fe 2                4947.39A    -3.931    0.0133      Ni 2                4033.04A    -4.928    0.0013
H  1                1.64072m    -4.308    0.0056      Fe 2                4905.35A    -4.295    0.0057      Ni 2                4294.09A    -5.049    0.0010
H  1                1.61093m    -4.403    0.0045      Fe 2                4874.50A    -4.357    0.0050      Ni 2                3993.06A    -4.489    0.0037
H  1                1.58805m    -4.491    0.0037      Fe 2                4346.86A    -4.008    0.0111      Ni 2                4248.80A    -4.964    0.0012
H  1                1.57007m    -4.572    0.0030      Fe 2                4276.84A    -3.928    0.0134      Ni 2                6365.10A    -4.963    0.0012
H  1                1.55565m    -4.647    0.0026      Fe 2                4244.82A    -4.688    0.0023      Ni 2                3438.88A    -4.760    0.0020
H  1                1.54389m    -4.716    0.0022      Fe 2                3455.11A    -5.009    0.0011      O  4                25.8863m    -2.085    0.9319
H  1                1.53418m    -4.781    0.0019      Fe 2                3452.31A    -4.712    0.0022      O  4                787.710A    -4.965    0.0012
H  1                1.52605m    -4.839    0.0016      Fe 2                3440.99A    -4.605    0.0028      O  4                790.114A    -5.042    0.0010
H  1                1.51919m    -4.891    0.0015      Fe 2                35.7675m    -4.353    0.0050      O  4                790.201A    -5.031    0.0011
H  1                1.51332m    -4.936    0.0013      Fe 2                1.95361m    -3.691    0.0231      O  4                609.830A    -4.646    0.0026
H  1                7.45782m    -3.736    0.0208      Fe 2                1.80002m    -3.584    0.0295      O  4                554.076A    -4.998    0.0011
H  1                4.65251m    -3.903    0.0142      Fe 2                1.71113m    -4.203    0.0071      O  4                555.264A    -4.606    0.0028
H  1                3.73954m    -4.071    0.0096      Fe 2                1.66377m    -3.810    0.0176      O  4                554.514A    -4.463    0.0039
H  1                3.29609m    -4.223    0.0068      Fe 2                9399.04A    -3.682    0.0235      S  4                10.5076m    -2.470    0.3842
H  1                3.03837m    -4.360    0.0049      Fe 2                9226.63A    -3.678    0.0238      level 1 lines...................................
H  1                2.87221m    -4.494    0.0036      Fe 2                9033.49A    -4.464    0.0039      recombination...................................
H  1                2.75752m    -4.596    0.0029      Fe 2                7388.17A    -3.965    0.0123      level2 lines....................................
H  1                2.67440m    -4.691    0.0023      Fe 2                6440.41A    -4.666    0.0024      C  1                943.939A    -4.959    0.0012
H  1                2.61194m    -4.778    0.0019      Fe 2                5654.87A    -4.992    0.0012      C  1                1247.50A    -4.995    0.0011
H  1                2.56363m    -4.859    0.0016      Fe 2                5556.31A    -4.842    0.0016      C  2                596.559A    -4.675    0.0024
H  1                2.52540m    -4.934    0.0013      Fe 2                5412.67A    -4.901    0.0014      C  2                561.959A    -4.726    0.0021
H  1                2.49458m    -5.003    0.0011      Fe 2                5333.66A    -3.727    0.0212      C  2                530.721A    -4.753    0.0020
H  1                12.3685m    -4.171    0.0076      Fe 2                5296.84A    -4.980    0.0012      C  2                544.909A    -4.767    0.0019
H  1                7.50045m    -4.303    0.0056      Fe 2                5268.89A    -4.688    0.0023      C  2                535.300A    -4.780    0.0019
H  1                5.90660m    -4.444    0.0041      Fe 2                5049.30A    -4.104    0.0089      C  2                550.361A    -4.854    0.0016
H  1                5.12726m    -4.577    0.0030      Fe 2                5005.52A    -4.171    0.0076      C  2                467.460A    -4.947    0.0013
H  1                4.67124m    -4.732    0.0021      Fe 2                4973.40A    -4.458    0.0040      C  2                424.791A    -5.040    0.0010
H  1                4.37526m    -4.834    0.0017      Fe 2                4950.76A    -4.752    0.0020      C  3                271.090A    -4.715    0.0022
H  1                4.16966m    -4.928    0.0013      Fe 2                4352.79A    -4.244    0.0065      C  3                268.600A    -4.753    0.0020
H  1                4.01977m    -5.014    0.0011      Fe 2                4319.62A    -4.458    0.0039      C  3                266.880A    -4.797    0.0018
H  1                19.0567m    -4.547    0.0032      Fe 2                3501.63A    -4.747    0.0020      C  3                288.500A    -4.816    0.0017
H  1                11.3056m    -4.652    0.0025      Fe 2                1.89541m    -4.320    0.0054      N  1                942.258A    -4.791    0.0018
H  1                8.75768m    -4.774    0.0019      Fe 2                1.79711m    -3.856    0.0158      N  2                532.161A    -4.680    0.0024
H  1                7.50606m    -4.937    0.0013      Fe 2                1.74494m    -4.132    0.0084      N  2                634.441A    -4.750    0.0020
H  1                6.77015m    -5.036    0.0010      Fe 2                9652.70A    -4.531    0.0033      N  2                475.141A    -4.770    0.0019
H  1                27.7958m    -4.877    0.0015      Fe 2                9470.94A    -4.069    0.0097      N  2                528.139A    -4.795    0.0018
H  1                16.2047m    -4.962    0.0012      Fe 2                9267.56A    -4.160    0.0078      N  2                452.970A    -4.855    0.0016
He 2                303.784A    -1.325    5.3554      Fe 2                6558.51A    -4.880    0.0015      N  2                441.950A    -4.893    0.0015
He 2                256.317A    -4.105    0.0089      Fe 2                5376.47A    -4.091    0.0092      N  2                474.291A    -4.900    0.0014
He 2                243.027A    -4.230    0.0067      Fe 2                5076.57A    -4.775    0.0019      N  2                437.731A    -4.920    0.0014
He 2                237.331A    -4.289    0.0058      Fe 2                5043.53A    -4.664    0.0025      N  2                452.610A    -5.017    0.0011
He 2                234.347A    -4.328    0.0053      Fe 2                5020.24A    -4.729    0.0021      N  3                293.510A    -4.708    0.0022
He 2                232.584A    -4.354    0.0050      Fe 2                4372.43A    -4.732    0.0021      N  3                283.090A    -4.766    0.0019
He 2                231.454A    -4.369    0.0048      Fe 2                4358.37A    -4.820    0.0017      N  3                264.550A    -4.799    0.0018
He 2                230.686A    -4.397    0.0045      Fe 2                3539.19A    -5.017    0.0011      N  3                277.180A    -4.821    0.0017
He 2                230.139A    -4.415    0.0044      Fe 2                5163.96A    -4.918    0.0014      N  3                312.110A    -4.827    0.0017
He 2                229.736A    -4.384    0.0047      Fe 2                3277.35A    -4.921    0.0014      N  3                273.490A    -4.880    0.0015
He 2                229.431A    -4.392    0.0046      Fe 2                2926.59A    -4.986    0.0012      N  3                267.450A    -4.923    0.0014
He 2                229.194A    -4.402    0.0045      Fe 2                2755.74A    -3.982    0.0118      N  3                248.910A    -4.943    0.0013
He 2                229.006A    -4.412    0.0044      Fe 2                2739.55A    -4.234    0.0066      N  3                271.020A    -4.938    0.0013
He 2                228.855A    -4.422    0.0043      Fe 2                2716.70A    -5.000    0.0011      N  3                305.650A    -4.962    0.0012
He 2                228.731A    -4.431    0.0042      Fe 2                1.00287m    -5.041    0.0010      N  3                269.290A    -4.990    0.0012
He 2                228.629A    -4.439    0.0041      Fe 2                2772.73A    -4.287    0.0058      N  3                300.710A    -5.007    0.0011
He 2                228.543A    -4.445    0.0041      Fe 2                2749.32A    -4.959    0.0012      O  1                976.791A    -4.671    0.0024
He 2                228.471A    -4.449    0.0040      Fe 2                2.04602m    -4.986    0.0012      O  1                969.049A    -4.724    0.0021
He 2                228.409A    -4.450    0.0040      Fe 2                5551.32A    -4.919    0.0014      O  1                946.387A    -4.764    0.0020
He 2                228.356A    -4.445    0.0041      Fe 2                2.00672m    -5.006    0.0011      O  1                934.501A    -4.797    0.0018
He 2                1640.41A    -1.994    1.1487      Fe 2                2.22379m    -4.158    0.0079      O  1                973.577A    -4.812    0.0017
He 2                1215.13A    -2.469    0.3848      Fe 2                2.01513m    -4.790    0.0018      O  1                927.472A    -4.829    0.0017
He 2                1084.94A    -2.808    0.1765      Fe 2                9682.08A    -4.823    0.0017      O  1                948.506A    -4.868    0.0015
He 2                1025.27A    -3.067    0.0970      Fe 2                5169.03A    -5.021    0.0011      O  1                922.969A    -4.865    0.0015
He 2                992.358A    -3.278    0.0597      Fe 3                22.9190m    -2.483    0.3724      O  1                919.912A    -4.899    0.0014
He 2                972.106A    -3.456    0.0397      Fe 3                4985.87A    -3.211    0.0697      O  1                935.672A    -4.926    0.0013
He 2                958.693A    -3.608    0.0279      Fe 3                4924.54A    -3.912    0.0139      O  1                917.726A    -4.937    0.0013
He 2                949.323A    -3.743    0.0205      Fe 3                4881.00A    -3.011    0.1104      O  1                918.704A    -4.966    0.0012
He 2                942.507A    -3.598    0.0286      Fe 3                4658.05A    -2.526    0.3371      O  1                928.186A    -4.988    0.0012
He 2                937.389A    -3.692    0.0230      Fe 3                4607.03A    -3.801    0.0179      O  1                917.473A    -5.008    0.0011
He 2                933.444A    -3.778    0.0189      Fe 3                4070.71A    -4.700    0.0023      O  2                425.190A    -4.532    0.0033
He 2                930.337A    -3.858    0.0157      Fe 3                4008.35A    -3.681    0.0236      O  2                388.410A    -4.595    0.0029
He 2                927.846A    -3.931    0.0133      Fe 3                3322.54A    -3.467    0.0386      O  2                373.600A    -4.651    0.0025
He 2                925.816A    -4.000    0.0113      Fe 3                3239.74A    -3.545    0.0323      O  2                361.821A    -4.670    0.0024
He 2                924.142A    -4.063    0.0098      Fe 3                2438.29A    -3.957    0.0125      O  2                366.060A    -4.682    0.0024
He 2                922.743A    -4.121    0.0086      Fe 3                1576.66A    -4.632    0.0026      O  2                360.570A    -4.742    0.0021
He 2                921.562A    -4.174    0.0076      Fe 3                1434.81A    -5.030    0.0011      O  2                414.619A    -4.812    0.0017
He 2                920.556A    -4.220    0.0068      Fe 3                33.0270m    -3.035    0.1046      O  2                358.780A    -4.837    0.0017
He 2                919.693A    -4.259    0.0062      Fe 3                5270.40A    -2.788    0.1846      O  2                356.930A    -4.838    0.0016
He 2                4685.68A    -2.873    0.1517      Fe 3                5032.68A    -4.718    0.0022      O  2                355.610A    -4.865    0.0015
He 2                3203.08A    -3.199    0.0717      Fe 3                4987.21A    -3.752    0.0201      O  2                384.420A    -4.981    0.0012
He 2                2733.28A    -3.464    0.0389      Fe 3                4754.69A    -3.252    0.0634      O  3                305.400A    -4.289    0.0058
He 2                2511.19A    -3.681    0.0236      Fe 3                4701.54A    -3.089    0.0924      O  3                268.070A    -4.508    0.0035
He 2                2385.39A    -3.863    0.0155      Fe 3                4667.01A    -4.137    0.0083      O  3                263.850A    -4.520    0.0034
He 2                2306.18A    -4.020    0.0108      Fe 3                4079.70A    -4.239    0.0065      O  3                373.640A    -4.532    0.0033
He 2                2252.67A    -4.158    0.0079      Fe 3                4046.42A    -4.688    0.0023      O  3                265.020A    -4.532    0.0033
He 2                2214.65A    -4.113    0.0087      Fe 3                3371.41A    -3.601    0.0284      O  3                248.730A    -4.554    0.0032
He 2                2186.59A    -4.207    0.0070      Fe 3                3301.56A    -4.694    0.0023      O  3                241.200A    -4.601    0.0028
He 2                2165.23A    -4.293    0.0058      Fe 3                3286.19A    -4.061    0.0098      O  3                248.620A    -4.635    0.0026
He 2                2148.58A    -4.372    0.0048      Fe 3                2464.51A    -4.100    0.0090      O  3                236.890A    -4.641    0.0026
He 2                2135.34A    -4.445    0.0041      Fe 3                51.6655m    -3.684    0.0234      O  3                234.190A    -4.671    0.0024
He 2                2124.61A    -4.514    0.0035      Fe 3                5011.26A    -3.458    0.0395      O  3                276.900A    -4.669    0.0024
He 2                2115.81A    -4.577    0.0030      Fe 3                4769.43A    -3.556    0.0315      O  3                241.140A    -4.678    0.0024
He 2                2108.49A    -4.635    0.0026      Fe 3                4733.91A    -3.595    0.0288      O  3                280.450A    -4.690    0.0023
He 2                2102.33A    -4.687    0.0023      Fe 3                3406.18A    -3.964    0.0123      O  3                263.230A    -4.690    0.0023
He 2                2097.10A    -4.734    0.0021      Fe 3                3334.90A    -4.072    0.0096      O  3                232.380A    -4.695    0.0023
He 2                2092.63A    -4.773    0.0019      Fe 3                3319.22A    -4.227    0.0067      O  3                236.860A    -4.720    0.0022
He 2                1.01235m    -3.486    0.0370      Fe 3                2483.05A    -4.270    0.0061      O  3                231.110A    -4.722    0.0022
He 2                6560.01A    -3.725    0.0213      Fe 3                105.345m    -4.752    0.0020      O  3                255.390A    -4.732    0.0021
He 2                5411.45A    -3.942    0.0130      Fe 3                5411.98A    -3.844    0.0162      O  3                232.350A    -4.748    0.0020
He 2                4859.26A    -4.127    0.0085      Fe 3                4930.54A    -4.136    0.0083      O  3                234.180A    -4.762    0.0020
He 2                4541.54A    -4.287    0.0059      Fe 3                4777.68A    -3.916    0.0138      O  3                230.150A    -4.817    0.0017
He 2                4338.62A    -4.428    0.0042      Fe 3                3428.79A    -4.623    0.0027      O  3                231.100A    -4.817    0.0017
He 2                4199.78A    -4.482    0.0037      Fe 3                3356.57A    -4.152    0.0080      O  3                244.650A    -4.819    0.0017
He 2                4099.99A    -4.575    0.0030      Fe 3                3355.48A    -4.414    0.0044      O  3                238.930A    -4.889    0.0015
He 2                4025.55A    -4.661    0.0025      Fe 3                2495.04A    -4.508    0.0035      O  3                233.340A    -4.910    0.0014
He 2                3968.39A    -4.740    0.0021      Fe 3                5084.77A    -4.234    0.0066      O  3                235.520A    -4.945    0.0013
He 2                3923.44A    -4.813    0.0017      Fe 3                3366.21A    -4.476    0.0038      O  4                239.130A    -4.508    0.0035
He 2                3887.40A    -4.881    0.0015      Fe 3                2500.96A    -4.991    0.0012      O  4                207.610A    -4.908    0.0014
He 2                3858.03A    -4.944    0.0013      Fe 3                8838.21A    -4.794    0.0018      O  4                196.560A    -4.966    0.0012
He 2                3833.76A    -5.002    0.0011      Fe 3                8728.94A    -4.641    0.0026      O  4                214.760A    -4.962    0.0012
He 2                1.86365m    -3.986    0.0117      Fe 3                40.0371m    -4.435    0.0042      O  4                280.550A    -4.816    0.0017
He 2                1.16262m    -4.165    0.0077      Fe 3                2.21782m    -3.626    0.0268      Ne 2                444.150A    -4.934    0.0013
He 2                9344.80A    -4.343    0.0051      Fe 3                9701.27A    -3.893    0.0145      Ne 2                356.870A    -4.908    0.0014
He 2                8236.67A    -4.502    0.0036      Fe 3                3307.57A    -4.831    0.0017      Ne 2                461.050A    -4.972    0.0012
He 2                7592.65A    -4.643    0.0026      Fe 3                2.34788m    -3.804    0.0178      Ne 2                404.130A    -5.006    0.0011
He 2                7177.41A    -4.771    0.0019      Fe 3                9942.18A    -4.086    0.0093      Ne 3                250.920A    -4.611    0.0028
He 2                6890.80A    -4.864    0.0016      Fe 3                9444.21A    -4.625    0.0027      Ne 3                227.420A    -4.652    0.0025
He 2                6683.11A    -4.949    0.0013      Fe 3                2.24204m    -4.370    0.0048      Ne 3                218.360A    -4.924    0.0013
He 2                6527.01A    -5.028    0.0011      Fe 3                2.14511m    -4.650    0.0025      Ne 3                223.310A    -4.879    0.0015
He 2                3.09080m    -4.414    0.0044      Fe 3                3.22847m    -4.151    0.0080      Ne 3                228.870A    -4.695    0.0023
He 2                1.87431m    -4.549    0.0032      Fe 3                2.87385m    -4.107    0.0088      Ne 3                281.580A    -4.702    0.0023
He 2                1.47602m    -4.697    0.0023      Fe 3                1.06081m    -4.578    0.0030      Ne 3                227.190A    -4.748    0.0020
He 2                1.28127m    -4.834    0.0017      Fe 3                2.90407m    -4.823    0.0017      Ne 3                265.510A    -4.743    0.0020
He 2                1.16730m    -5.010    0.0011      Fe 3                1.08826m    -4.974    0.0012      Ne 3                238.070A    -4.874    0.0015
He 2                4.76213m    -4.787    0.0018      Fe 3                3.04312m    -5.038    0.0010      Mg 3                183.540A    -4.941    0.0013
He 2                2.82519m    -4.890    0.0015      K  3                4.61683m    -4.065    0.0098      Si 2                1179.59A    -4.290    0.0058
He 2                2.18848m    -5.014    0.0011      Mg 1                2852.13A    -3.649    0.0254      Si 2                993.354A    -4.752    0.0020
He-like iso-sequence............................      Mg 1                4562.60A    -3.483    0.0372      Si 2                893.551A    -5.032    0.0011
He 1                584.334A    -3.027    0.1065      Mg 1                4571.10A    -3.918    0.0137      Si 2                1024.03A    -4.938    0.0013
He 1                537.030A    -3.984    0.0117      Mg 1                4575.29A    -4.854    0.0016      S  2                750.323A    -4.825    0.0017
He 1                522.213A    -4.138    0.0082      Mg 3                231.734A    -4.700    0.0023      S  2                632.711A    -4.999    0.0011
He 1                515.617A    -4.231    0.0067      Mg 3                234.264A    -4.997    0.0011      S  2                888.439A    -5.019    0.0011
He 1                512.099A    -4.301    0.0057      Mn 2                2576.10A    -4.363    0.0049      S  3                667.049A    -4.614    0.0028
He 1                625.563A    -1.760    1.9689      Mn 2                2593.72A    -4.448    0.0040      S  3                691.219A    -4.739    0.0021
He 1                510.018A    -4.398    0.0045      Mn 2                2605.68A    -4.576    0.0030      S  3                704.220A    -4.819    0.0017
He 1                508.657A    -4.424    0.0043      N  1                953.655A    -5.054    0.0010      S  3                482.139A    -4.997    0.0011
He 1                507.727A    -4.449    0.0040      N  1                1134.17A    -4.881    0.0015      Ar 3                458.140A    -4.671    0.0024
He 1                507.065A    -4.473    0.0038      N  1                1134.41A    -4.816    0.0017      Ar 3                464.671A    -4.793    0.0018
He 1                506.576A    -4.496    0.0036      N  1                1134.98A    -4.786    0.0019      Ar 3                451.091A    -4.966    0.0012
He 1                506.204A    -4.522    0.0034      N  1                1199.55A    -4.478    0.0038      Ar 3                472.659A    -4.978    0.0012
He 1                505.916A    -4.548    0.0032      N  1                1200.22A    -4.509    0.0035      Ar 3                488.909A    -5.053    0.0010
He 1                505.687A    -4.575    0.0030      N  1                1200.71A    -4.631    0.0027      Ar 4                444.680A    -4.941    0.0013
He 1                505.502A    -4.601    0.0028      N  1                5197.90A    -3.785    0.0186      Ca 3                351.260A    -4.529    0.0034
He 1                505.352A    -4.628    0.0027      N  1                5200.26A    -3.741    0.0206      Ca 3                298.430A    -4.856    0.0016
He 1                505.227A    -4.654    0.0025      N  1                1.03977m    -5.008    0.0011      Ca 3                277.760A    -5.010    0.0011
He 1                505.122A    -4.680    0.0024      N  4                1483.32A    -4.988    0.0012      Ca 4                303.870A    -4.865    0.0015
He 1                505.033A    -4.704    0.0022      N  4                765.147A    -4.725    0.0021      Ca 4                310.370A    -4.984    0.0012
He 1                504.958A    -4.786    0.0019      N  4                247.205A    -4.886    0.0015      Ca 4                307.850A    -4.981    0.0012
He 1                504.893A    -4.789    0.0018      Ne 2                12.8101m    -3.161    0.0781      Ca 4                323.400A    -5.013    0.0011
He 1                504.836A    -4.776    0.0019      Ne 3                15.5509m    -2.093    0.9157      Ca 4                319.070A    -5.021    0.0011
He 1                504.787A    -4.834    0.0017      Ne 3                3868.76A    -2.312    0.5529      Fe 4                309.190A    -4.800    0.0018
He 1                504.744A    -4.797    0.0018      Ne 3                489.500A    -5.012    0.0011      Fe 4                532.950A    -4.827    0.0017
He 1                504.706A    -4.736    0.0021      Ne 3                36.0036m    -3.135    0.0830      Fe 4                275.130A    -4.882    0.0015
He 1                504.672A    -3.952    0.0127      Ne 3                3967.47A    -2.829    0.1678      Fe 4                259.600A    -4.934    0.0013
He 1                1.08291m    -3.720    0.0216      Ne 3                1814.56A    -4.821    0.0017      Fe 4                251.070A    -4.981    0.0012
He 1                1.08302m    -3.169    0.0768      Ne 3                491.045A    -4.696    0.0023      Fe 4                245.840A    -5.022    0.0011
He 1                1.08303m    -2.877    0.1503      Ne 3                489.645A    -5.043    0.0010      Fe 4                326.120A    -5.031    0.0011
Blnd                1.08302m    -2.659    0.2487      Ne 3                313.688A    -4.923    0.0014      P  2                967.202A    -5.038    0.0010
He 1                3888.64A    -3.119    0.0862      Ne 3                490.311A    -4.952    0.0013      P  2                963.828A    -4.949    0.0013
He 1                3187.74A    -3.511    0.0350      Ne 5                24.3108m    -4.404    0.0045      Ti 2                3364.74A    -4.151    0.0080
He 1                2945.10A    -3.822    0.0171      Ne 5                14.3178m    -4.544    0.0032      Ti 2                3237.15A    -4.379    0.0047
He 1                2829.08A    -4.075    0.0095      O  1                1040.94A    -4.912    0.0014      Cr 2                2059.78A    -4.560    0.0031
He 1                2760.44A    -4.665    0.0025      O  1                1304.86A    -4.346    0.0051      Ni 2                1751.83A    -4.894    0.0014
He 1                2721.00A    -4.812    0.0017      O  1                1306.03A    -4.826    0.0017      Ni 2                1744.24A    -4.783    0.0019
He 1                2694.61A    -4.945    0.0013      O  1                5577.34A    -4.418    0.0043      Ni 2                1375.73A    -5.046    0.0010
He 1                2.05813m    -3.984    0.0117      O  1                6300.30A    -2.791    0.1833      hyperfine structure.............................
He 1                5015.68A    -3.742    0.0205      O  1                6363.78A    -3.287    0.0586      inner shell.....................................
He 1                3964.73A    -4.136    0.0083      O  1                63.1679m    -3.203    0.0709      molecules.......................................
He 1                3613.64A    -4.447    0.0040      O  1                145.495m    -4.258    0.0063      bands...........................................
He 1                3447.59A    -4.707    0.0022      O  2                539.086A    -4.690    0.0023      Fe 2b               2500.00A    -2.265    0.6151
He 1                7065.71A    -4.645    0.0026      O  2                539.547A    -4.728    0.0021      Fe 2b               5000.00A    -2.263    0.6187
He 1                7065.21A    -4.167    0.0077      O  2                539.854A    -4.796    0.0018      Fe 2b               7000.00A    -2.835    0.1655
He 1                7065.18A    -3.946    0.0128      O  2                832.758A    -4.829    0.0017      Fe 2b               10000.0A    -1.878    1.4990
Blnd                7065.25A    -3.690    0.0231      O  2                833.330A    -4.753    0.0020      Fe 2b               2355.00A    -2.778    0.1889
He 1                5875.98A    -4.047    0.0102      O  2                834.465A    -4.724    0.0021      Fe 2b               2430.00A    -2.287    0.5850
He 1                5875.64A    -3.570    0.0305      O  2                2470.22A    -3.777    0.0189      Fe 2b               2445.00A    -2.287    0.5850
He 1                5875.61A    -3.348    0.0509      O  2                2470.34A    -3.187    0.0738      Fe 2b               2495.00A    -3.195    0.0724
Blnd                5875.66A    -3.093    0.0915      O  2                7318.92A    -3.860    0.0156      Fe 2b               2610.00A    -2.544    0.3236
He 1                4713.16A    -4.940    0.0013      O  2                7319.99A    -3.380    0.0472      Fe 2b               2695.00A    -5.000    0.0011
He 1                4713.14A    -4.718    0.0022      O  2                7329.67A    -3.638    0.0261      Fe 2b               2758.00A    -3.616    0.0274
Blnd                4713.17A    -4.463    0.0039      O  2                7330.73A    -3.649    0.0254      Fe 2b               2780.00A    -3.595    0.0288
He 1                4471.69A    -4.462    0.0039      O  2                3728.81A    -1.712    2.1975      Fe 2b               2935.00A    -4.861    0.0016
He 1                4471.49A    -3.984    0.0117      O  2                3726.03A    -1.710    2.2082      Fe 2b               2960.00A    -4.933    0.0013
He 1                4471.47A    -3.763    0.0196      O  3                88.3323m    -2.064    0.9779      Fe 2b               3180.00A    -4.492    0.0037
Blnd                4471.50A    -3.507    0.0352      O  3                4931.23A    -5.035    0.0010      Fe 2b               3250.00A    -3.924    0.0135
Blnd                4120.84A    -4.898    0.0014      O  3                832.929A    -4.901    0.0014      Fe 2b               3590.00A    -3.974    0.0120
He 1                4026.36A    -4.778    0.0019      O  3                702.337A    -5.045    0.0010      Fe 2b               4255.00A    -2.731    0.2103
He 1                4026.20A    -4.301    0.0057      O  3                51.8004m    -1.763    1.9570      Fe 2b               4558.00A    -3.473    0.0381
He 1                4026.19A    -4.079    0.0094      O  3                4958.91A    -1.626    2.6796      Fe 2b               4600.00A    -3.439    0.0413
Blnd                4026.21A    -3.824    0.0170      O  3                2320.95A    -4.002    0.0113      Fe 2b               4743.00A    -4.135    0.0083
He 1                3819.76A    -5.034    0.0010      O  3                1660.81A    -3.953    0.0126      Fe 2b               4855.00A    -3.561    0.0312
He 1                3819.61A    -4.557    0.0031      O  3                833.715A    -4.721    0.0022      Fe 2b               4920.00A    -3.046    0.1018
He 1                3819.60A    -4.335    0.0052      O  3                833.749A    -4.908    0.0014      Fe 2b               4975.00A    -3.580    0.0298
Blnd                3819.62A    -4.080    0.0094      O  3                702.838A    -4.705    0.0022      Fe 2b               4971.00A    -3.613    0.0277
He 1                3704.90A    -4.978    0.0012      O  3                702.896A    -5.053    0.0010      Fe 2b               5070.00A    -3.495    0.0363
He 1                3704.76A    -4.501    0.0036      O  3                507.680A    -4.683    0.0023      Fe 2b               5143.00A    -2.953    0.1264
He 1                3704.75A    -4.279    0.0060      O  3                5006.84A    -1.165    7.7448      Fe 2b               5270.00A    -2.666    0.2445
Blnd                3704.77A    -4.024    0.0107      O  3                1666.15A    -3.558    0.0314      Fe 2b               5318.00A    -2.982    0.1181
He 1                3634.08A    -4.665    0.0025      O  3                835.092A    -4.728    0.0021      Fe 2b               5540.00A    -3.842    0.0163
He 1                3634.07A    -4.443    0.0041      O  3                835.289A    -4.780    0.0019      Fe 2b               5865.00A    -4.458    0.0040
Blnd                3634.09A    -4.188    0.0074      O  3                703.851A    -4.627    0.0027      Fe 2b               6265.00A    -4.856    0.0016
He 1                3587.16A    -4.808    0.0018      O  3                703.854A    -4.567    0.0031      Fe 2b               6565.00A    -4.428    0.0042
He 1                3587.15A    -4.586    0.0029      O  3                508.178A    -4.106    0.0089      Fe 2b               6910.00A    -4.570    0.0031
Blnd                3587.17A    -4.331    0.0053      O  3                4363.21A    -3.375    0.0477      Fe 2b               7445.00A    -2.860    0.1566
He 1                3554.34A    -4.936    0.0013      O  5                629.732A    -4.971    0.0012      Fe 2b               8625.00A    -2.781    0.1878
He 1                3554.33A    -4.715    0.0022      P  2                60.6263m    -4.738    0.0021      Fe 2b               1.03250m    -3.799    0.0180
Blnd                3554.35A    -4.459    0.0039      P  2                32.8620m    -4.157    0.0079      Fe 2b               1.88900m    -2.603    0.2829
He 1                3530.43A    -5.054    0.0010      P  2                1.14682m    -3.896    0.0144      Fe 2b               2.20000m    -4.081    0.0094
He 1                3530.43A    -4.832    0.0017      P  2                1.18828m    -3.472    0.0382      miscellaneous...................................
Blnd                3530.44A    -4.576    0.0030      P  2                7875.99A    -4.829    0.0017      C 2R                1335.00A    -2.968    0.1218
He 1                3512.46A    -4.938    0.0013      P  3                17.8797m    -4.182    0.0075      C 3R                977.000A    -4.191    0.0073
Blnd                3512.48A    -4.683    0.0024      S  2                6730.82A    -2.185    0.7403      C 3R                1909.00A    -4.346    0.0051
He 1                3498.60A    -5.036    0.0010      S  2                6716.44A    -2.193    0.7265      C 3R                1175.00A    -4.525    0.0034
Blnd                3498.62A    -4.780    0.0019      S  2                4076.35A    -3.638    0.0261      N 2R                1085.00A    -4.181    0.0075
Blnd                3487.70A    -4.871    0.0015      S  2                4068.60A    -3.142    0.0818      N 3R                990.000A    -4.231    0.0067
Blnd                3478.95A    -4.954    0.0013      S  2                1.03364m    -3.776    0.0190      O 2R                3729.00A    -4.226    0.0067
Blnd                3471.81A    -5.032    0.0011      S  2                1.02867m    -3.768    0.0193      O 2R                4651.00A    -4.485    0.0037
He 1                3439.98A    -4.864    0.0016      S  2                1.03705m    -4.098    0.0090      O 2R                4341.00A    -4.762    0.0020
Blnd                3440.00A    -4.608    0.0028      S  2                1.03205m    -3.634    0.0263      O 3R                835.000A    -3.959    0.0124
He 1                7281.35A    -4.330    0.0053      S  2                1259.52A    -4.936    0.0013      O 4R                789.000A    -4.977    0.0012
He 1                6678.15A    -3.650    0.0254      S  2                1253.81A    -4.986    0.0012      Blnd                1400.00A    -4.036    0.0104
He 1                5047.74A    -4.909    0.0014      S  3                33.4704m    -2.203    0.7094      Blnd                1650.00A    -1.978    1.1927
He 1                4921.93A    -4.078    0.0095      S  3                18.7078m    -2.175    0.7565      Blnd                1304.00A    -4.173    0.0076
He 1                4387.93A    -4.398    0.0045      S  3                9068.62A    -2.316    0.5475      Blnd                1039.00A    -4.688    0.0023
He 1                4143.76A    -4.654    0.0025      S  3                9530.62A    -1.916    1.3752      Blnd                2798.00A    -1.833    1.6647
He 1                4009.05A    -4.661    0.0025      S  3                3721.63A    -3.789    0.0184      Blnd                6720.00A    -1.888    1.4668
He 1                3926.41A    -4.826    0.0017      S  3                6312.06A    -3.516    0.0346      Blnd                4074.00A    -3.022    0.1078
He 1                3871.69A    -4.971    0.0012      S  3                1713.11A    -4.861    0.0016      Blnd                1.03300m    -3.130    0.0839
He 1                4.29471m    -4.925    0.0013      S  3                1728.94A    -4.410    0.0044      Blnd                1256.00A    -4.529    0.0033
He 1                1.25275m    -4.929    0.0013      S  3                1194.45A    -5.036    0.0010      Blnd                1198.00A    -4.560    0.0031
He 1                9463.58A    -5.039    0.0010      S  3                1021.11A    -4.943    0.0013      Blnd                1720.00A    -4.278    0.0060
He 1                1.70025m    -4.658    0.0025      S  3                1021.32A    -5.048    0.0010      Blnd                3722.00A    -3.783    0.0187
He 1                1.19691m    -4.820    0.0017      Si 2                34.8046m    -2.025    1.0689      Blnd                2665.00A    -3.123    0.0854
He 1                1.03113m    -5.020    0.0011      Si 2                2334.41A    -3.782    0.0187      Blnd                1860.00A    -3.818    0.0172
He 1                9515.00A    -4.911    0.0014      Si 2                2328.52A    -4.356    0.0050      Blnd                4725.00A    -4.145    0.0081
He 1                1.86854m    -4.042    0.0103      Si 2                1808.01A    -3.605    0.0281      Blnd                2335.00A    -2.761    0.1966
He 1                1.27849m    -4.372    0.0048      Si 2                1526.71A    -4.664    0.0025      Blnd                1888.00A    -2.708    0.2221
He 1                1.09130m    -4.639    0.0026      Si 2                1260.42A    -4.659    0.0025      Blnd                1397.00A    -4.072    0.0096
He 1                1.00275m    -4.840    0.0016      Si 2                1193.29A    -4.819    0.0017      Blnd                2424.00A    -3.917    0.0137
He 1                9526.01A    -5.013    0.0011      Si 2                1190.42A    -4.978    0.0012      Blnd                3350.00A    -4.679    0.0024
He 1                1.86972m    -4.522    0.0034      Si 2                2350.17A    -3.657    0.0250      Blnd                5525.00A    -3.533    0.0332
He 1                1.27905m    -4.851    0.0016      Si 2                2344.20A    -3.208    0.0702      Blnd                8579.00A    -3.280    0.0595
He 1                4.04791m    -4.763    0.0020      Si 2                2334.60A    -3.164    0.0777      Blnd                7306.00A    -2.513    0.3481
extra Lyman.....................................      Si 2                1817.45A    -3.846    0.0162      Blnd                3933.00A    -3.276    0.0600
database lines..................................      Si 2                1816.93A    -3.285    0.0588      Blnd                1657.00A    -4.546    0.0032
Al 3                1862.79A    -4.265    0.0062      Si 2                1533.43A    -4.056    0.0100      Blnd                9850.00A    -3.968    0.0122
Al 3                1854.72A    -4.010    0.0111      Si 2                1309.28A    -4.499    0.0036      Blnd                2326.00A    -2.483    0.3728
Ar 2                6.98337m    -3.714    0.0219      Si 2                1265.00A    -4.313    0.0055      Blnd                1335.00A    -3.690    0.0232
Ar 3                3109.18A    -4.416    0.0043      Si 2                1264.74A    -4.424    0.0043      Blnd                1909.00A    -2.330    0.5299
Ar 3                5191.82A    -4.752    0.0020      Si 2                1197.39A    -4.423    0.0043      Blnd                1549.00A    -3.648    0.0255
Ar 3                7135.79A    -2.648    0.2547      Si 2                1194.50A    -4.355    0.0050      Blnd                5199.00A    -3.461    0.0392
Ar 3                7751.11A    -3.273    0.0605      Si 3                1892.03A    -3.097    0.0906      Blnd                1.04030m    -4.671    0.0024
Ar 3                8.98898m    -2.682    0.2354      Si 3                1882.71A    -2.935    0.1315      Blnd                1085.00A    -4.083    0.0094
Ar 3                21.8253m    -3.857    0.0158      Si 3                1206.50A    -4.114    0.0087      Blnd                2141.00A    -3.602    0.0283
Ar 4                4711.26A    -4.380    0.0047      Si 4                1393.75A    -4.283    0.0059      Blnd                1750.00A    -3.755    0.0199
Ar 4                4740.12A    -4.525    0.0034      Si 4                1402.77A    -4.486    0.0037      Blnd                990.000A    -4.249    0.0064
C  1                1657.01A    -5.050    0.0010      Al 2                2669.15A    -3.505    0.0354      Blnd                1486.00A    -4.753    0.0020
C  1                9824.13A    -4.569    0.0031      Al 2                2660.35A    -3.356    0.0499      Blnd                6300.00A    -2.671    0.2419
C  1                9850.26A    -4.094    0.0091      Al 2                1670.79A    -3.937    0.0131      Blnd                2471.00A    -3.087    0.0927
C  2                687.053A    -4.737    0.0021      Al 5                2.90450m    -5.045    0.0010      Blnd                7323.00A    -3.256    0.0629
C  2                687.352A    -5.007    0.0011      C  4                1550.77A    -4.093    0.0091      Blnd                7332.00A    -3.342    0.0515
C  2                858.559A    -4.954    0.0013      C  4                1548.19A    -3.841    0.0163      Blnd                833.000A    -4.289    0.0058
C  2                903.623A    -4.743    0.0020      C  4                312.451A    -4.789    0.0018      Blnd                3727.00A    -1.410    4.4057
C  2                903.962A    -4.667    0.0024      C  4                312.420A    -4.713    0.0022      Blnd                7325.00A    -2.996    0.1144
C  2                904.142A    -4.559    0.0031      Ca 2                7323.89A    -2.914    0.1383      Blnd                1666.00A    -3.411    0.0440
C  2                904.480A    -4.711    0.0022      Ca 2                7291.47A    -2.732    0.2098      Blnd                5007.00A    -1.036   10.4255
C  2                1036.34A    -4.553    0.0032      Ca 2                3968.47A    -3.636    0.0262      Blnd                835.000A    -4.057    0.0099
C  2                1037.02A    -4.469    0.0038      Ca 2                8662.14A    -3.816    0.0173      Blnd                789.000A    -4.534    0.0033



 AGN log nH=2.78 log U=-3.00  
 Cooling:  H  1c                     0  :0.050 Fe 2c                     0  :0.088 O  2c                     0  :0.095 O  3c                     0  :0.278 S  3c                     0  :0.071  
 Heating:  BFH1                      0  :0.713 BFHe                      0  :0.232  

 These are some of the most important databases used by Cloudy:
 Many recombination coefficients were taken from http://amdpp.phys.strath.ac.uk/tamoc/RR/ and http://amdpp.phys.strath.ac.uk/tamoc/DR/
      and are based on the following papers:
        Badnell N. R., et al., A&A 406, 1151 (2003) [http://adsabs.harvard.edu/abs/2003A%26A...406.1151B]
        Badnell N. R., ApJS 167, 334 (2006) [http://adsabs.harvard.edu/abs/2006ApJS..167..334B]
 Much of the molecular emission data is from LAMDA as accessed on June 30, 2015. This database is described in:
        Schoeier F.L., et al., A&A 432, 369 (2005) [http://adsabs.harvard.edu/abs/2005A%26A...432..369S]
      This database is in part based on the work of the following groups:
        JPL: Pickett H. M. et al., JQSRT, 60, 883 (1998). [http://adsabs.harvard.edu/abs/1998JQSRT..60..883P]
        CDMS: Mueller H. S. et al., A&A 370, L49 (2001). [http://adsabs.harvard.edu/abs/2001A%26A...370L..49M]
              Mueller H. S. et al., J. Mol. Struct. 742, 215 (2005). [http://adsabs.harvard.edu/abs/2005JMoSt.742..215M]
 Some of the ionic emission data is from a reprocessed version of 10.1 of CHIANTI. CHIANTI is a collaborative project involving the NRL (USA), the
      Universities of Florence (Italy) and Cambridge (UK), and George Mason University (USA). These papers describe Chianti:
        Dere K. P., et al., A&AS, 125, 149 (1997) [http://adsabs.harvard.edu/abs/1997A%26AS..125..149D]
        Dere, K. P., et al., APJ, 268, 52 (2023) [https://ui.adsabs.harvard.edu/abs/2023ApJS..268...52D]
      This paper describes the reprocessed version of Chianti used:
        Gunasekera, C. M., et al., Astronomy, 1, 255. (2022) [https://ui.adsabs.harvard.edu/abs/2022Astro...1..255G]
 Much of the H_2 data is from this web site: http://molat.obspm.fr/index.php?page=pages/Molecules/H2/H2can94.php. These data are
      described in:
        Abgrall H. et al., Can. J. Phys., 72, 856 (1994) [http://adsabs.harvard.edu/abs/1994CaJPh..72..856A]
        Wrathmall S. A. & Flower D. R., J. Phys. B, 40, 3221 (2007) [http://adsabs.harvard.edu/abs/2007JPhB...40.3221W]
 The Case A and Case B recombination predictions for one-electron systems are from
	Storey, P.J. & Hummer, D.G., 1995, MNRAS 272, 41 http://adsabs.harvard.edu/abs/1995MNRAS.272...41S
 The He I recombination predictions are from
	Porter, R. L.; Ferland, G. J.; Storey, P. J.; Detisch, M. J., 2012, MNRAS, 425, 28p http://adsabs.harvard.edu/abs/2012MNRAS.425L..28P
		http://adsabs.harvard.edu/abs/2013MNRAS.433L..89P

 If you find some process or data set to be particularly critical to a result, please follow the trail of references back to the
 original source and cite that.  This will support and encourage atomic, molecular, and chemical physicists to continue their
 valuable work.

 IONIZE PARMET:  U(1-) -3.0000  U(4-): -3.9409  U(sp): -3.00  Q(ion):    7.985  L(ion) -0.541    Q(low): 12.543    L(low)  0.275
 ENERGY BUDGET:  Heat:  -0.368  Coolg:  -0.369  Error:  0.1%  Rec Lin:  -0.831  F-F  H  0.000    P(rad/tot)max     1.20E-02    R(F Con):1.737e+05

     Col(Heff):      9.127E+19  snd travl time  2.42E+11 sec  Te-low: 3.94E+03  Te-hi: 1.05E+04  G0TH85: 1.60E+02  G0DB96:1.71E+02
  Emiss Measure    n(e)n(p) dl       6.983E+22  n(e)n(He+)dl         5.189E+21  En(e)n(He++) dl         1.085E+21  ne nC+:5.44E+18
 He/Ha:7.95E-02  =   0.93*true  Lthin:2.94E+02  itr/zn: 6.80  H2 itr/zn:  0.00  File Opacity: F  MassTot 3.33e-04  (gm/cm^2)
   Temps(21 cm)   T(21cm/Ly a)  3.92E+03        T(<nH/Tkin>)  6.80E+03          T(<nH/Tspin>)    4.23E+03          TB21cm:9.24E-01
                   N(H0/Tspin)  7.47E+15        N(OH/Tkin)    1.07E+05          B(21cm)          0.00E+00
   <a>:1.13E-07  erdeFe4.7E+23  Tcompt1.80E+09  Tthr7.94E+09  <Tden>: 9.29E+03  <dens>:1.36E-21  <MolWgt>7.27E-01
     Mean Jeans  l(cm)1.51E+20  M(sun)1.25E+06  smallest:     len(cm):9.87E+19  M(sun):3.45E+05  a_ox tran: -1.41
 Rion:1.000E+30  Dist:0.00E+00  Diam:0.000E+00
 Hatom level 70  HatomType: add  HInducImp  F  He tot level: 63  He2 level:   70  ExecTime    69.0
 ConvrgError(%)  <eden>  0.093  MaxEden  0.376  <H-C>   0.10  Max(H-C)    0.34  <Press>   0.000  MaxPrs er  0.000
  Continuity(%)  chng Te   2.2  elec den   4.9  n(H2)    0.0  n(CO)        0.0

                                                        Averaged Quantities
             Te      Te(Ne)   Te(NeNp)  Te(NeHe+)Te(NeHe2+) Te(NeO+)  Te(NeO2+)  Te(H2)     N(H)     Ne(O2+)   Ne(Np)
 Radius:  9.29e+03  9.77e+03  9.84e+03  9.86e+03  9.67e+03  1.00e+04  9.75e+03  4.51e+03  5.99e+02  6.51e+02  6.06e+02
 
 Peimbert T(OIIIr)8.99E+03 T(Bac)9.39E+03 T(Hth)9.28E+03 t2(Hstrc) 1.83e-03 T(O3-BAC)9.18E+03 t2(O3-BC)-6.10e-03 t2(O3str) 1.05e-03

 Contin Optical Depths: COMP: 8.52e-05    H-: 3.81e-05 R(1300): 2.12e-04  H2+: 8.48e-07  Bra:4.26E-05
                          Pa: 4.26e-05    Ba: 6.02e-05      Hb: 5.61e-05   La: 2.61e-01     1r:5.004E+07  1.8:1.18E+07 4.:1.715E+06

 Old, new H  1 continuum optical depths:
     1 1.00e+08     2 0.00e+00     3 0.00e+00     4 0.00e+00     5 0.00e+00     6 0.00e+00     7 0.00e+00     8 0.00e+00
     9 0.00e+00    10 0.00e+00    11 0.00e+00    12 0.00e+00    13 0.00e+00    14 0.00e+00    15 0.00e+00    16 0.00e+00
    17 0.00e+00    18 0.00e+00    19 0.00e+00    20 0.00e+00    21 0.00e+00    22 0.00e+00    23 0.00e+00    24 0.00e+00
    25 0.00e+00    26 0.00e+00    27 0.00e+00    28 0.00e+00    29 0.00e+00    30 0.00e+00    31 0.00e+00    32 0.00e+00
    33 0.00e+00    34 0.00e+00    35 0.00e+00    36 0.00e+00    37 0.00e+00    38 0.00e+00    39 0.00e+00    40 0.00e+00
    41 0.00e+00    42 0.00e+00    43 0.00e+00    44 0.00e+00    45 0.00e+00    46 0.00e+00    47 0.00e+00    48 0.00e+00
    49 0.00e+00    50 0.00e+00    51 0.00e+00    52 0.00e+00    53 0.00e+00    54 0.00e+00
     1 5.00e+07     2 9.84e-06     3 1.93e-05     4 1.93e-05     5 1.93e-05     6 4.96e-06     7 4.96e-06     8 4.96e-06
     9 4.96e-06    10 8.34e-14    11 8.34e-14    12 8.34e-14    13 8.34e-14    14 8.34e-14    15 1.95e-13    16 1.95e-13
    17 1.95e-13    18 1.95e-13    19 1.95e-13    20 1.95e-13    21 4.04e-13    22 4.04e-13    23 4.04e-13    24 4.04e-13
    25 4.04e-13    26 4.04e-13    27 4.04e-13    28 7.69e-13    29 7.69e-13    30 7.69e-13    31 7.69e-13    32 7.69e-13
    33 7.69e-13    34 7.69e-13    35 7.69e-13    36 1.37e-12    37 1.37e-12    38 1.37e-12    39 1.37e-12    40 1.37e-12
    41 1.37e-12    42 1.37e-12    43 1.37e-12    44 1.37e-12    45 2.31e-12    46 2.31e-12    47 2.31e-12    48 2.31e-12
    49 2.31e-12    50 2.31e-12    51 2.31e-12    52 2.31e-12    53 2.31e-12    54 2.31e-12

 Old, new H  1 mean line optical depths:
  2- 1 1.23e+09  3- 2 7.29e-03  4- 3 0.00e+00  5- 4 0.00e+00  6- 5 0.00e+00  7- 6 0.00e+00  8- 7 0.00e+00
  9- 8 0.00e+00 10- 9 0.00e+00 11-10 0.00e+00 12-11 0.00e+00 13-12 0.00e+00 14-13 0.00e+00 15-14 0.00e+00 16-15 0.00e+00
 17-16 0.00e+00 18-17 0.00e+00 19-18 0.00e+00 20-19 0.00e+00 21-20 0.00e+00 22-21 0.00e+00 23-22 0.00e+00 24-23 0.00e+00
 25-24 0.00e+00
  2- 1 3.96e+06  3- 2 4.39e-04  4- 3 3.83e-10  5- 4 1.56e-10  6- 5-4.88e-11  7- 6-1.74e-10  8- 7-2.36e-11
  9- 8 5.73e-10 10- 9 1.67e-09 11-10 3.44e-08 12-11-1.43e-08 13-12-2.30e-08 14-13-3.69e-08 15-14-5.80e-08 16-15-9.09e-08
 17-16-1.44e-07 18-17-2.30e-07 19-18-3.88e-07 20-19-6.74e-07 21-20-1.24e-06 22-21-2.52e-06 23-22-5.92e-06 24-23-1.88e-05
 25-24-6.68e-04

 Old, new He 2 continuum optical depths:
     1 3.43e+06     2 9.96e+07     3 0.00e+00     4 0.00e+00     5 0.00e+00     6 0.00e+00     7 0.00e+00     8 0.00e+00
     9 0.00e+00    10 0.00e+00    11 0.00e+00    12 0.00e+00    13 0.00e+00    14 0.00e+00    15 0.00e+00    16 0.00e+00
    17 0.00e+00    18 0.00e+00    19 0.00e+00    20 0.00e+00    21 0.00e+00    22 0.00e+00    23 0.00e+00    24 0.00e+00
    25 0.00e+00    26 0.00e+00    27 0.00e+00    28 0.00e+00    29 0.00e+00    30 0.00e+00    31 0.00e+00    32 0.00e+00
    33 0.00e+00    34 0.00e+00    35 0.00e+00    36 0.00e+00    37 0.00e+00    38 0.00e+00    39 0.00e+00    40 0.00e+00
    41 0.00e+00    42 0.00e+00    43 0.00e+00    44 0.00e+00    45 0.00e+00    46 0.00e+00    47 0.00e+00    48 0.00e+00
    49 0.00e+00    50 0.00e+00    51 0.00e+00    52 0.00e+00    53 0.00e+00    54 0.00e+00
     1 1.72e+06     2 4.98e+07     3 2.22e-05     4 2.22e-05     5 2.22e-05     6 9.84e-06     7 9.84e-06     8 9.84e-06
     9 9.84e-06    10 1.57e-05    11 1.57e-05    12 1.57e-05    13 1.57e-05    14 1.57e-05    15 1.93e-05    16 1.93e-05
    17 1.93e-05    18 1.93e-05    19 1.93e-05    20 1.93e-05    21 1.62e-05    22 1.62e-05    23 1.62e-05    24 1.62e-05
    25 1.62e-05    26 1.62e-05    27 1.62e-05    28 4.96e-06    29 4.96e-06    30 4.96e-06    31 4.96e-06    32 4.96e-06
    33 4.96e-06    34 4.96e-06    35 4.96e-06    36 4.78e-14    37 4.78e-14    38 4.78e-14    39 4.78e-14    40 4.78e-14
    41 4.78e-14    42 4.78e-14    43 4.78e-14    44 4.78e-14    45 8.34e-14    46 8.34e-14    47 8.34e-14    48 8.34e-14
    49 8.34e-14    50 8.34e-14    51 8.34e-14    52 8.34e-14    53 8.34e-14    54 8.34e-14

 Old, new He 2 mean line optical depths:
  2- 1 1.04e+08  3- 2 6.21e-04  4- 3 0.00e+00  5- 4 0.00e+00  6- 5 0.00e+00  7- 6 0.00e+00  8- 7 0.00e+00
  9- 8 0.00e+00 10- 9 0.00e+00 11-10 0.00e+00 12-11 0.00e+00 13-12 0.00e+00 14-13 0.00e+00 15-14 0.00e+00 16-15 0.00e+00
 17-16 0.00e+00 18-17 0.00e+00 19-18 0.00e+00 20-19 0.00e+00 21-20 0.00e+00 22-21 0.00e+00 23-22 0.00e+00 24-23 0.00e+00
 25-24 0.00e+00
  2- 1 4.92e+05  3- 2 2.80e-07  4- 3 6.01e-13  5- 4-1.04e-12  6- 5-3.30e-12  7- 6-5.43e-12  8- 7-5.66e-12
  9- 8-2.29e-12 10- 9 5.24e-12 11-10 2.90e-10 12-11-1.31e-10 13-12-2.09e-10 14-13-3.27e-10 15-14-5.01e-10 16-15-7.60e-10
 17-16-1.15e-09 18-17-1.76e-09 19-18-2.76e-09 20-19-4.54e-09 21-20-7.93e-09 22-21-1.52e-08 23-22-3.42e-08 24-23-1.04e-07
 25-24-3.66e-06

 Old He Is optical depths:    1 2.36e+07    2 0.00e+00    3 0.00e+00    4 0.00e+00    5 0.00e+00
 New He Is optical depths:    1 1.18e+07    2 2.69e-05    3 8.17e-06    4 9.12e-06    5 9.12e-06
          Old He Is Lines:  584 0.00e+00 3889 0.00e+00 5016 0.00e+00 5876 0.00e+00
          New He Is Lines:  584 1.33e+05 3889 7.79e-01 5016 2.07e-06 5876 3.42e-09
AGN log nH=2.78 log U=-3.00  


          Start Iteration Number 2                                                 AGN log nH=2.78 log U=-3.00  


 ####  1  Te:1.035E+04 Hden:5.995E+02 Ne:6.753E+02 R:1.000E+30 R-R0:1.928E+13 dR:3.856E+13 NTR:  7 Htot:2.313E-18 T912: 2.00e+02###
 Hydrogen      8.05e-03 9.92e-01 H+o/Hden 1.00e+00 5.18e-10 H-    H2 1.12e-14 3.67e-11 H2+ HeH+ 2.63e-11 Ho+ ColD 1.86e+14 2.29e+16
 Helium        4.01e-03 4.58e-01 5.38e-01 HeI 2s3S 4.21e-07 Comp H,C 8.34e-24 6.52e-27 Fill Fac 1.00e+00 Gam1/tot 1.00e+00
 He singlet n  4.01e-03 2.35e-13 9.34e-20 4.63e-20 7.03e-20 6.75e-20 He tripl 4.21e-07 1.41e-17 1.51e-19 1.25e-18 1.95e-19
 Pressure      NgasTgas 1.37e+07 P(total) 1.89e-09 P( gas ) 1.89e-09 P(Radtn) 0.00e+00 Rad accl 4.55e-07 ForceMul 1.92e+04
 Texc(La)      3.13e+03 T(I con) 9.91e+00 T(D con) 1.30e+00 T(U tot) 9.91e+00 nT (c+d) 2.71e+06 Prad/Gas 0.00e+00 Pmag/Gas 0.00e+00
 Molecules     CH/Ctot: 3.47e-13 CH+/Ctot 4.57e-13 CO/Ctot: 1.48e-16 CO+/Ctot 9.23e-18 H2O/Otot 2.15e-24 OH/Ototl 2.89e-13
 Lithium       1.47e-03 9.39e-01 5.81e-02 1.04e-03 Berylliu 1.04e-02 8.20e-02 8.92e-01 1.57e-02 3.99e-06 sec ion: 7.65e-14
 Boron         3.64e-04 1.78e-01 4.20e-01 4.02e-01 1.85e-04 0.00e+00
 Carbon        3.50e-04 1.27e-01 7.94e-01 7.65e-02 2.73e-03 1.34e-07 0.00e+00 H2O+/O   3.30e-25 OH+/Otot 9.34e-14 Hex(tot) 0.00e+00
 Nitrogen      5.13e-04 1.48e-01 7.36e-01 1.13e-01 1.84e-03 8.67e-06 0.00e+00 0.00e+00 O2/Ototl 1.41e-18 O2+/Otot 5.30e-19
 Oxygen        1.22e-03 1.35e-01 7.12e-01 1.48e-01 3.52e-03 1.07e-05 0.00e+00 0.00e+00 0.00e+00
 Fluorine      9.99e-05 6.35e-02 8.46e-01 8.60e-02 3.86e-03 8.76e-06 0.00e+00 0.00e+00 0.00e+00 0.00e+00
 Neon          6.34e-05 3.85e-02 8.32e-01 1.27e-01 2.13e-03 5.29e-06 0.00e+00 0.00e+00 0.00e+00 0.00e+00 0.00e+00
 Sodium        1.36e-05 3.44e-02 7.51e-01 2.03e-01 1.20e-02 1.76e-05 0.00e+00 0.00e+00 0.00e+00 0.00e+00 0.00e+00 0.00e+00
 Magnesium     1.74e-03 3.69e-02 8.77e-01 8.24e-02 1.63e-03 6.12e-06 0.00e+00 0.00e+00 0.00e+00 0.00e+00 0.00e+00 0.00e+00 0.00e+00
 Aluminium  0  9.35e-05 1.54e-01 2.02e-01 6.02e-01 4.21e-02 1.60e-04 2.38e-07 0.00e+00 0.00e+00 0.00e+00 0.00e+00 0.00e+00 0.00e+00
 Silicon    0  4.24e-04 2.59e-01 5.53e-01 1.73e-01 1.36e-02 4.50e-05 0.00e+00 0.00e+00 0.00e+00 0.00e+00 0.00e+00 0.00e+00 0.00e+00
 Phosphorus 0  1.19e-04 3.50e-01 5.41e-01 1.01e-01 7.49e-03 4.81e-04 1.00e-06 0.00e+00 0.00e+00 0.00e+00 0.00e+00 0.00e+00 0.00e+00
 Sulphur    0  1.85e-04 1.32e-01 7.44e-01 1.20e-01 3.39e-03 2.53e-04 1.32e-05 0.00e+00 0.00e+00 0.00e+00 0.00e+00 0.00e+00 0.00e+00
 Chlorine   0  1.30e-04 1.68e-01 6.91e-01 1.38e-01 3.62e-03 9.09e-05 7.22e-06 4.74e-07 0.00e+00 0.00e+00 0.00e+00 0.00e+00 0.00e+00
 Argon      0  3.35e-05 2.22e-02 8.94e-01 8.13e-02 2.24e-03 5.18e-05 1.07e-06 3.02e-07 0.00e+00 0.00e+00 0.00e+00 0.00e+00 0.00e+00
 Potassium  0  1.48e-05 1.37e-01 7.54e-01 1.06e-01 3.02e-03 3.08e-05 9.93e-07 0.00e+00 0.00e+00 0.00e+00 0.00e+00 0.00e+00 0.00e+00
 Calcium    0  6.18e-05 3.82e-02 5.82e-01 3.65e-01 1.49e-02 1.20e-04 1.59e-06 1.51e-07 0.00e+00 0.00e+00 0.00e+00 0.00e+00 0.00e+00
 Scandium   0  1.11e-06 1.25e-03 6.47e-02 8.76e-01 5.70e-02 6.16e-04 5.64e-06 1.34e-07 0.00e+00 0.00e+00 0.00e+00 0.00e+00 0.00e+00
 Titanium   0  1.10e-06 9.81e-03 1.85e-01 7.22e-01 8.25e-02 6.60e-04 1.59e-05 1.29e-07 0.00e+00 0.00e+00 0.00e+00 0.00e+00 0.00e+00
 Vanadium   0  1.02e-05 7.25e-03 3.28e-01 3.73e-01 2.84e-01 8.19e-03 4.07e-05 2.45e-06 0.00e+00 0.00e+00 0.00e+00 0.00e+00 0.00e+00
 Chromium   0  8.04e-06 1.03e-02 4.88e-01 3.27e-01 1.67e-01 8.48e-03 1.30e-04 1.38e-06 0.00e+00 0.00e+00 0.00e+00 0.00e+00 0.00e+00
 Manganese  0  1.63e-06 1.28e-02 4.80e-01 2.88e-01 2.09e-01 1.02e-02 1.28e-04 1.03e-06 0.00e+00 0.00e+00 0.00e+00 0.00e+00 0.00e+00
 Iron       0  1.68e-06 1.06e-02 2.29e-01 5.62e-01 1.86e-01 1.18e-02 1.77e-04 2.38e-06 0.00e+00 0.00e+00 0.00e+00 0.00e+00 0.00e+00
 Cobalt     0  4.59e-05 1.55e-02 1.69e-01 3.71e-01 4.21e-01 2.18e-02 7.72e-04 8.88e-06 2.17e-07 0.00e+00 0.00e+00 0.00e+00 0.00e+00
 Nickel     0  8.17e-06 3.80e-02 3.92e-01 3.35e-01 2.19e-01 1.61e-02 4.09e-04 5.34e-06 0.00e+00 0.00e+00 0.00e+00 0.00e+00 0.00e+00
 Copper     0  1.15e-05 5.02e-03 4.88e-01 4.12e-01 8.80e-02 6.76e-03 1.94e-04 7.64e-06 1.34e-07 0.00e+00 0.00e+00 0.00e+00 0.00e+00
 Zinc       0  4.70e-06 1.04e-03 5.68e-02 4.21e-01 4.89e-01 3.12e-02 8.09e-04 2.95e-05 7.13e-07 0.00e+00 0.00e+00 0.00e+00 0.00e+00
 ####127  Te:3.955E+03 Hden:5.995E+02 Ne:5.204E+01 R:1.000E+30 R-R0:2.443E+17 dR:8.613E+14 NTR: 15 Htot:7.173E-20 T912: 4.00e+02###
 Hydrogen      9.29e-01 7.15e-02 H+o/Hden 1.00e+00 1.11e-08 H-    H2 1.39e-07 2.45e-09 H2+ HeH+ 8.59e-09 Ho+ ColD 3.14e+19 1.15e+20
 Helium        8.31e-01 1.63e-01 5.37e-03 HeI 2s3S 2.86e-08 Comp H,C 6.40e-25 1.90e-28 Fill Fac 1.00e+00 Gam1/tot 3.84e-01
 He singlet n  8.31e-01 1.70e-14 2.35e-19 2.90e-21 1.43e-20 4.58e-21 He tripl 2.86e-08 6.20e-19 6.25e-21 6.72e-20 1.27e-20
 Pressure      NgasTgas 2.78e+06 P(total) 3.84e-10 P( gas ) 3.84e-10 P(Radtn) 8.07e-16 Rad accl 5.56e-08 ForceMul 3.02e+04
 Texc(La)      3.35e+03 T(I con) 8.68e+00 T(D con) 7.89e+00 T(U tot) 9.89e+00 nT (c+d) 4.01e+06 Prad/Gas 2.10e-06 Pmag/Gas 0.00e+00
 Molecules     CH/Ctot: 5.39e-11 CH+/Ctot 4.34e-09 CO/Ctot: 7.08e-10 CO+/Ctot 1.73e-11 H2O/Otot 1.66e-15 OH/Ototl 1.07e-07
 Lithium       4.27e-04 1.00e+00 3.33e-05 1.09e-06 Berylliu 1.10e-03 6.80e-01 3.01e-01 1.77e-02 0.00e+00 sec ion: 1.28e-12
 Boron         1.71e-04 9.55e-01 3.83e-03 4.07e-02 8.35e-07 0.00e+00
 Carbon        7.84e-04 9.77e-01 2.23e-02 4.20e-06 0.00e+00 0.00e+00 0.00e+00 H2O+/O   5.28e-16 OH+/Otot 3.67e-08 Hex(tot) 0.00e+00
 Nitrogen      9.42e-01 5.85e-02 1.08e-05 2.47e-07 0.00e+00 0.00e+00 0.00e+00 0.00e+00 O2/Ototl 3.92e-12 O2+/Otot 4.94e-12
 Oxygen        9.43e-01 5.65e-02 1.68e-05 0.00e+00 0.00e+00 0.00e+00 0.00e+00 0.00e+00 0.00e+00
 Fluorine      2.56e-01 6.17e-01 1.27e-01 2.72e-06 2.51e-06 0.00e+00 0.00e+00 0.00e+00 0.00e+00 0.00e+00
 Neon          1.34e-01 5.57e-01 3.09e-01 1.45e-05 0.00e+00 0.00e+00 0.00e+00 0.00e+00 0.00e+00 0.00e+00 0.00e+00
 Sodium        2.53e-03 5.24e-01 4.74e-01 1.32e-04 1.04e-05 0.00e+00 0.00e+00 0.00e+00 0.00e+00 0.00e+00 0.00e+00 0.00e+00
 Magnesium     1.05e-03 4.40e-01 5.59e-01 4.65e-05 0.00e+00 0.00e+00 0.00e+00 0.00e+00 0.00e+00 0.00e+00 0.00e+00 0.00e+00 0.00e+00
 Aluminium  0  3.35e-05 3.90e-01 1.97e-01 4.13e-01 2.41e-04 0.00e+00 0.00e+00 0.00e+00 0.00e+00 0.00e+00 0.00e+00 0.00e+00 0.00e+00
 Silicon    0  1.71e-04 9.99e-01 1.25e-04 9.07e-04 4.55e-06 0.00e+00 0.00e+00 0.00e+00 0.00e+00 0.00e+00 0.00e+00 0.00e+00 0.00e+00
 Phosphorus 0  2.52e-04 8.28e-01 1.69e-01 2.72e-03 1.51e-05 3.51e-07 0.00e+00 0.00e+00 0.00e+00 0.00e+00 0.00e+00 0.00e+00 0.00e+00
 Sulphur    0  4.77e-04 7.98e-01 2.02e-01 7.36e-05 5.26e-06 2.28e-07 0.00e+00 0.00e+00 0.00e+00 0.00e+00 0.00e+00 0.00e+00 0.00e+00
 Chlorine   0  5.25e-04 8.56e-01 1.44e-01 7.09e-05 3.36e-06 0.00e+00 0.00e+00 0.00e+00 0.00e+00 0.00e+00 0.00e+00 0.00e+00 0.00e+00
 Argon      0  3.04e-01 5.91e-01 1.05e-01 1.76e-05 1.65e-06 0.00e+00 0.00e+00 0.00e+00 0.00e+00 0.00e+00 0.00e+00 0.00e+00 0.00e+00
 Potassium  0  5.71e-04 7.14e-01 2.85e-01 4.02e-05 9.00e-04 1.38e-07 0.00e+00 0.00e+00 0.00e+00 0.00e+00 0.00e+00 0.00e+00 0.00e+00
 Calcium    0  2.95e-05 8.63e-02 9.10e-01 3.11e-03 2.37e-05 3.36e-07 0.00e+00 0.00e+00 0.00e+00 0.00e+00 0.00e+00 0.00e+00 0.00e+00
 Scandium   0  7.76e-05 2.60e-01 6.85e-01 5.42e-02 8.78e-04 3.91e-07 0.00e+00 0.00e+00 0.00e+00 0.00e+00 0.00e+00 0.00e+00 0.00e+00
 Titanium   0  9.94e-05 8.39e-01 1.57e-01 2.70e-04 3.45e-03 3.07e-07 0.00e+00 0.00e+00 0.00e+00 0.00e+00 0.00e+00 0.00e+00 0.00e+00
 Vanadium   0  1.70e-03 7.85e-01 2.13e-01 4.11e-05 3.56e-04 2.21e-07 0.00e+00 0.00e+00 0.00e+00 0.00e+00 0.00e+00 0.00e+00 0.00e+00
 Chromium   0  1.48e-04 9.98e-01 1.38e-03 1.80e-05 4.28e-05 9.72e-07 0.00e+00 0.00e+00 0.00e+00 0.00e+00 0.00e+00 0.00e+00 0.00e+00
 Manganese  0  2.29e-04 9.97e-01 2.38e-03 2.04e-05 1.37e-04 7.74e-07 1.81e-07 0.00e+00 0.00e+00 0.00e+00 0.00e+00 0.00e+00 0.00e+00
 Iron       0  1.07e-04 9.99e-01 4.17e-04 7.50e-05 1.30e-05 5.70e-07 1.27e-07 0.00e+00 0.00e+00 0.00e+00 0.00e+00 0.00e+00 0.00e+00
 Cobalt     0  4.01e-03 9.95e-01 4.38e-04 8.74e-05 1.70e-04 3.87e-07 0.00e+00 0.00e+00 0.00e+00 0.00e+00 0.00e+00 0.00e+00 0.00e+00
 Nickel     0  3.49e-04 9.99e-01 3.85e-04 1.64e-05 2.58e-05 2.95e-07 0.00e+00 0.00e+00 0.00e+00 0.00e+00 0.00e+00 0.00e+00 0.00e+00
 Copper     0  9.95e-04 6.72e-01 3.27e-01 4.06e-05 5.52e-06 9.47e-07 0.00e+00 0.00e+00 0.00e+00 0.00e+00 0.00e+00 0.00e+00 0.00e+00
 Zinc       0  4.43e-04 1.52e-01 4.61e-01 3.06e-01 8.05e-02 9.06e-06 7.21e-07 0.00e+00 0.00e+00 0.00e+00 0.00e+00 0.00e+00 0.00e+00
   AGN log nH=2.78 log U=-3.00  
   Calculation stopped because lowest Te reached. Iteration 2 of 10
   The geometry is plane-parallel.
  !Some input lines contained underscores, these were changed to spaces.
  !Suprathermal collisional ionization of H reached 61.64% of the local H ionization rate.
  !Charge transfer H => H+ reached 1198.3% of the local H ionization rate.
  !AGE: Cloud age was not set.  Longest timescale was 3.87e+10 s = 1.23e+03 years.
  !The CMB was not included.  This is added with the CMB command.
  !The radiation pressure jumped by 858% from 2.03e-11 (zone 14) to 1.26e-12 (zone 15) to 1.29e-12 (zone 16)
   Iteration not converged because Converged!.
   Charge transfer heating reached 1.74% of the local heating.
   The density is too low to l-mix the lowest H  I collapsed level.  More resolved levels are needed for accurate line ratios.
   The density is too low to l-mix the lowest He I collapsed level.  More resolved levels are needed for accurate line ratios.
   Grains were not present but might survive in this environment (energy density temperature was 9.91e+00K)
   The continuum optical depth at the lowest energy considered (3.045e-09 Ryd) was 2.453e+02.

                       *********************************> Cloudy 25.00 <**********************************
                       * title AGN log nH=2.78 log U=-3.00                                               *
                       * hden 2.7777777777777777                                                         *
                       * table AGN                                                                       *
                       * stop efrac 0.01                                                                 *
                       * ionization parameter -3.0                                                       *
                       * abundances GASS                                                                 *
                       * sphere                                                                          *
                       * stop temperature 4000 K                                                         *
                       * stop column density 22                                                          *
                       * iterate to convergence                                                          *
                       * save overview "AGNmodel_nH2.78_Um3.00_temp43333.33.txt"                         *
                       *********************************> Log(U): -3.00 <*********************************

                     Emission Line Spectrum.   Constant  Density Model.  Closed geometry.  Iteration 2 of 10.
                                                     Intensity (erg/s/cm^2).


                                                   Intrinsic line intensities
general properties..............................      H  1                1.94456m    -3.811    0.0174      Fe 3                4769.43A    -3.563    0.0308
Inci                      0      0.341  246.8569      H  1                1.81741m    -3.966    0.0122      Fe 3                4733.91A    -3.602    0.0282
TotH                      0     -0.370   48.0744      H  1                1.73621m    -4.104    0.0089      Fe 3                3406.18A    -3.972    0.0120
TotC                      0     -0.370   48.0500      H  1                1.68065m    -4.201    0.0071      Fe 3                3334.90A    -4.081    0.0094
BFH1                      0     -0.517   34.2325      H  1                1.64072m    -4.304    0.0056      Fe 3                3319.22A    -4.235    0.0066
BFHe                      0     -1.003   11.1913      H  1                1.61093m    -4.398    0.0045      Fe 3                2483.05A    -4.279    0.0059
TotM                      0     -1.743    2.0378      H  1                1.58805m    -4.486    0.0037      Fe 3                105.345m    -4.757    0.0020
CT H                      0     -2.285    0.5843      H  1                1.57007m    -4.566    0.0031      Fe 3                5411.98A    -3.851    0.0159
H FB                      0     -1.733    2.0827      H  1                1.55565m    -4.641    0.0026      Fe 3                4930.54A    -4.143    0.0081
HFBc                      0     -1.733    2.0827      H  1                1.54389m    -4.710    0.0022      Fe 3                4777.68A    -3.923    0.0135
H  1c                     0     -1.680    2.3554      H  1                1.53418m    -4.774    0.0019      Fe 3                3428.79A    -4.631    0.0026
He 1c                     0     -3.108    0.0879      H  1                1.52605m    -4.832    0.0017      Fe 3                3356.57A    -4.160    0.0078
Al 3c                     0     -3.885    0.0147      H  1                1.51919m    -4.884    0.0015      Fe 3                3355.48A    -4.422    0.0043
Ar 2c                     0     -3.717    0.0216      H  1                1.51332m    -4.928    0.0013      Fe 3                2495.04A    -4.517    0.0034
Ar 3c                     0     -2.298    0.5681      H  1                7.45782m    -3.732    0.0209      Fe 3                5084.77A    -4.241    0.0065
Ar 4c                     0     -4.078    0.0094      H  1                4.65251m    -3.900    0.0142      Fe 3                3366.21A    -4.484    0.0037
Ar 5c                     0     -4.857    0.0016      H  1                3.73954m    -4.068    0.0096      Fe 3                2500.96A    -5.000    0.0011
C  1c                     0     -3.968    0.0121      H  1                3.29609m    -4.220    0.0068      Fe 3                8838.21A    -4.802    0.0018
C  2c                     0     -2.437    0.4118      H  1                3.03837m    -4.357    0.0050      Fe 3                8728.94A    -4.649    0.0025
C  3c                     0     -2.332    0.5249      H  1                2.87221m    -4.490    0.0036      Fe 3                40.0371m    -4.442    0.0041
Ca 4c                     0     -3.568    0.0305      H  1                2.75752m    -4.592    0.0029      Fe 3                2.21782m    -3.633    0.0262
Co 2c                     0     -3.947    0.0127      H  1                2.67440m    -4.686    0.0023      Fe 3                9701.27A    -3.901    0.0142
Co 3c                     0     -4.402    0.0045      H  1                2.61194m    -4.773    0.0019      Fe 3                3307.57A    -4.842    0.0016
Cr 2c                     0     -3.970    0.0121      H  1                2.56363m    -4.854    0.0016      Fe 3                2.34788m    -3.812    0.0174
Fe 2c                     0     -1.427    4.2127      H  1                2.52540m    -4.928    0.0013      Fe 3                9942.18A    -4.094    0.0091
Fe 3c                     0     -1.775    1.8924      H  1                2.49458m    -4.997    0.0011      Fe 3                9444.21A    -4.633    0.0026
K  3c                     0     -4.064    0.0097      H  1                12.3685m    -4.167    0.0077      Fe 3                2.24204m    -4.377    0.0047
Mg 1c                     0     -3.164    0.0773      H  1                7.50045m    -4.299    0.0057      Fe 3                2.14511m    -4.657    0.0025
Mn 2c                     0     -4.102    0.0089      H  1                5.90660m    -4.441    0.0041      Fe 3                3.22847m    -4.158    0.0078
N  1c                     0     -3.435    0.0414      H  1                5.12726m    -4.574    0.0030      Fe 3                2.87385m    -4.115    0.0087
N  4c                     0     -4.743    0.0020      H  1                4.67124m    -4.728    0.0021      Fe 3                1.06081m    -4.586    0.0029
Ne 2c                     0     -3.162    0.0776      H  1                4.37526m    -4.829    0.0017      Fe 3                2.90407m    -4.830    0.0017
Ne 3c                     0     -1.819    1.7110      H  1                4.16966m    -4.923    0.0013      Fe 3                1.08826m    -4.982    0.0012
Ne 5c                     0     -4.135    0.0083      H  1                4.01977m    -5.009    0.0011      Fe 3                3.04312m    -5.045    0.0010
O  1c                     0     -2.547    0.3198      H  1                19.0567m    -4.543    0.0032      K  3                4.61683m    -4.064    0.0097
O  2c                     0     -1.397    4.5210      H  1                11.3056m    -4.648    0.0025      Mg 1                2852.13A    -3.654    0.0250
O  3c                     0     -0.923   13.4413      H  1                8.75768m    -4.770    0.0019      Mg 1                4562.60A    -3.487    0.0367
P  2c                     0     -3.241    0.0646      H  1                7.50606m    -4.932    0.0013      Mg 1                4571.10A    -3.922    0.0135
P  3c                     0     -4.180    0.0075      H  1                6.77015m    -5.032    0.0010      Mg 1                4575.29A    -4.858    0.0016
S  2c                     0     -1.841    1.6267      H  1                27.7958m    -4.873    0.0015      Mg 3                231.734A    -4.678    0.0024
S  3c                     0     -1.517    3.4300      H  1                16.2047m    -4.959    0.0012      Mg 3                234.264A    -4.943    0.0013
Si 2c                     0     -1.917    1.3640      Ca A                303.784A    -1.104    8.8733      Mn 2                2576.10A    -4.419    0.0043
Si 3c                     0     -2.700    0.2248      Ca A                256.317A    -1.838    1.6362      Mn 2                2593.72A    -4.503    0.0035
Si 4c                     0     -4.258    0.0062      Ca A                243.027A    -2.272    0.6028      Mn 2                2605.68A    -4.630    0.0026
Al 2c                     0     -3.075    0.0947      Ca A                237.331A    -2.581    0.2955      N  1                1134.17A    -4.879    0.0015
Al 5c                     0     -5.039    0.0010      Ca A                234.347A    -2.823    0.1692      N  1                1134.41A    -4.813    0.0017
C  4c                     0     -3.718    0.0216      Ca A                232.584A    -3.023    0.1068      N  1                1134.98A    -4.783    0.0019
Ca 2c                     0     -2.389    0.4602      Ca A                231.454A    -3.194    0.0721      N  1                1199.55A    -4.451    0.0040
Ca 5c                     0     -4.753    0.0020      Ca A                230.686A    -3.343    0.0512      N  1                1200.22A    -4.484    0.0037
Cl 2c                     0     -3.413    0.0436      Ca A                230.139A    -3.475    0.0377      N  1                1200.71A    -4.614    0.0027
Cl 3c                     0     -3.493    0.0362      Ca A                229.736A    -3.595    0.0286      N  1                5197.90A    -3.786    0.0184
Cl 4c                     0     -3.964    0.0122      Ca A                229.431A    -3.704    0.0223      N  1                5200.26A    -3.742    0.0204
Fe 4c                     0     -2.488    0.3663      Ca A                229.194A    -3.804    0.0177      N  1                1.03977m    -5.011    0.0011
Fe 5c                     0     -2.815    0.1726      Ca A                229.006A    -3.896    0.0143      N  4                1483.32A    -4.977    0.0012
Fe 6c                     0     -3.734    0.0208      Ca A                228.855A    -3.982    0.0117      N  4                765.147A    -4.647    0.0025
Mg 2c                     0     -1.838    1.6358      Ca A                228.731A    -4.063    0.0097      N  4                247.205A    -4.903    0.0014
Mg 4c                     0     -3.766    0.0193      Ca A                228.629A    -4.139    0.0082      Ne 2                12.8101m    -3.162    0.0776
N  2c                     0     -1.772    1.9038      Ca A                228.543A    -4.210    0.0069      Ne 3                15.5509m    -2.092    0.9121
N  3c                     0     -2.574    0.3009      Ca A                228.471A    -4.278    0.0059      Ne 3                3868.76A    -2.313    0.5477
Na 3c                     0     -3.919    0.0136      Ca A                228.409A    -4.342    0.0051      Ne 3                36.0036m    -3.134    0.0827
Na 4c                     0     -4.441    0.0041      Ca A                228.356A    -4.403    0.0045      Ne 3                3967.47A    -2.831    0.1662
Ne 4c                     0     -3.900    0.0142      Ca A                228.309A    -4.461    0.0039      Ne 3                1814.56A    -4.826    0.0017
Ni 2c                     0     -2.689    0.2305      Ca A                228.269A    -4.516    0.0034      Ne 3                491.045A    -4.567    0.0031
O  4c                     0     -2.074    0.9510      Ca A                228.234A    -4.569    0.0030      Ne 3                489.645A    -4.903    0.0014
S  4c                     0     -2.453    0.3970      Ca A                1640.41A    -2.090    0.9169      Ne 3                313.688A    -4.830    0.0017
continua........................................      Ca A                1215.13A    -2.621    0.2697      Ne 3                490.311A    -4.879    0.0015
Bac                 3646.00A    -0.846   16.0784      Ca A                1084.94A    -2.975    0.1193      Ne 5                24.3108m    -4.392    0.0046
nFnu                3645.00A    -0.740   20.4913      Ca A                1025.27A    -3.241    0.0647      Ne 5                14.3178m    -4.532    0.0033
nFnu                3647.00A    -1.407    4.4129      Ca A                992.358A    -3.455    0.0395      O  1                1040.94A    -4.908    0.0014
cout                3646.00A    -0.846   16.0784      Ca A                972.106A    -3.635    0.0261      O  1                1304.86A    -4.335    0.0052
thin                3646.00A    -0.846   16.0788      Ca A                958.693A    -3.790    0.0183      O  1                1306.03A    -4.815    0.0017
Inci                4860.00A    -0.763   19.4311      Ca A                949.323A    -3.928    0.0133      O  1                5577.34A    -4.423    0.0043
Inci                1367.00A    -0.508   34.9668      Ca A                942.507A    -4.050    0.0100      O  1                6300.30A    -2.795    0.1806
Inci                2066.00A    -0.598   28.4394      Ca A                937.389A    -4.162    0.0078      O  1                6363.78A    -3.291    0.0577
Inci                1215.00A    -0.483   37.0819      Ca A                933.444A    -4.264    0.0061      O  1                63.1679m    -3.206    0.0701
Ba C                      0     -1.528    3.3433      Ca A                930.337A    -4.358    0.0049      O  1                145.495m    -4.260    0.0062
PA C                      0     -1.944    1.2834      Ca A                927.846A    -4.446    0.0040      O  2                539.086A    -4.649    0.0025
FIR                 83.0000m    -1.502    3.5455      Ca A                925.816A    -4.527    0.0033      O  2                539.547A    -4.679    0.0024
TIR                 1800.00m    -4.092    0.0091      Ca A                924.142A    -4.604    0.0028      O  2                539.854A    -4.732    0.0021
NIRa                2.85000m    -0.182   74.1455      Ca A                922.743A    -4.676    0.0024      O  2                832.758A    -4.740    0.0020
NIRb                3.00000m    -0.496   35.9613      Ca A                921.562A    -4.745    0.0020      O  2                833.330A    -4.682    0.0023
MIRa                15.0000m    -0.687   23.1544      Ca A                920.556A    -4.809    0.0017      O  2                834.465A    -4.663    0.0025
MIRb                22.5000m    -0.626   26.6788      Ca A                919.693A    -4.871    0.0015      O  2                2470.22A    -3.785    0.0185
NMIR                21.7500m    -0.182   74.1455      Ca A                918.945A    -4.930    0.0013      O  2                2470.34A    -3.194    0.0720
TFIR                611.250m    -3.191    0.0726      Ca A                918.295A    -4.986    0.0012      O  2                7318.92A    -3.868    0.0153
TALL                10000.0A     0.333  242.7137      Ca A                917.724A    -5.040    0.0010      O  2                7319.99A    -3.388    0.0461
F12                 12.0000m    -1.134    8.2682      Ca A                4685.68A    -2.796    0.1802      O  2                7329.67A    -3.646    0.0255
F25                 25.0000m    -1.708    2.2093      Ca A                3203.08A    -3.199    0.0713      O  2                7330.73A    -3.657    0.0248
F60                 60.0000m    -1.662    2.4545      Ca A                2733.28A    -3.493    0.0362      O  2                3728.81A    -1.719    2.1539
F100                100.000m    -2.053    0.9977      Ca A                2511.19A    -3.724    0.0213      O  2                3726.03A    -1.717    2.1646
MIPS                24.0000m    -1.767    1.9293      Ca A                2385.39A    -3.915    0.0137      O  3                88.3323m    -2.062    0.9778
MIPS                70.0000m    -3.005    0.1114      Ca A                2306.18A    -4.079    0.0094      O  3                4931.23A    -5.034    0.0010
MIPS                160.000m    -3.426    0.0423      Ca A                2252.67A    -4.221    0.0068      O  3                832.929A    -4.864    0.0015
IRAC                3.60000m    -1.410    4.3870      Ca A                2214.65A    -4.349    0.0050      O  3                702.337A    -5.006    0.0011
IRAC                4.50000m    -1.381    4.6849      Ca A                2186.59A    -4.464    0.0039      O  3                507.388A    -5.047    0.0010
IRAC                5.80000m    -1.297    5.6809      Ca A                2165.23A    -4.568    0.0030      O  3                51.8004m    -1.760    1.9592
IRAC                8.00000m    -1.179    7.4706      Ca A                2148.58A    -4.665    0.0024      O  3                4958.91A    -1.625    2.6736
SPR1                250.000m    -4.315    0.0055      Ca A                2135.34A    -4.754    0.0020      O  3                2320.95A    -4.003    0.0112
SPR2                350.000m    -4.432    0.0042      Ca A                2124.61A    -4.838    0.0016      O  3                1660.81A    -3.956    0.0125
SPR3                500.000m    -4.490    0.0036      Ca A                2115.81A    -4.916    0.0014      O  3                833.715A    -4.669    0.0024
PAC1                70.0000m    -2.986    0.1164      Ca A                2108.49A    -4.989    0.0012      O  3                833.749A    -4.862    0.0015
PAC2                100.000m    -2.043    1.0211      Ca A                1.01235m    -3.341    0.0514      O  3                702.838A    -4.654    0.0025
PAC3                160.000m    -3.374    0.0476      Ca A                6560.01A    -3.658    0.0248      O  3                702.896A    -5.014    0.0011
PAH                 3.30000m    -2.262    0.6161      Ca A                5411.45A    -3.908    0.0139      O  3                507.680A    -4.636    0.0026
PAHC                3.23000m    -2.507    0.3506      Ca A                4859.26A    -4.110    0.0087      O  3                5006.84A    -1.164    7.7274
PAHC                3.37000m    -2.579    0.2973      Ca A                4541.54A    -4.282    0.0059      O  3                1666.15A    -3.561    0.0310
PAH                 6.20000m    -1.843    1.6173      Ca A                4338.62A    -4.431    0.0042      O  3                835.059A    -4.855    0.0016
PAHC                5.65000m    -1.806    1.7626      Ca A                4199.78A    -4.562    0.0031      O  3                835.092A    -4.612    0.0028
PAH                 7.90000m    -1.648    2.5335      Ca A                4099.99A    -4.681    0.0024      O  3                835.289A    -4.699    0.0023
PAHC                6.90000m    -1.575    2.9970      Ca A                4025.55A    -4.788    0.0018      O  3                703.851A    -4.578    0.0030
PAH                 11.3000m    -2.390    0.4587      Ca A                3968.39A    -4.887    0.0015      O  3                703.854A    -4.517    0.0034
PAHC                10.9000m    -2.320    0.5398      Ca A                3923.44A    -4.978    0.0012      O  3                508.178A    -4.055    0.0099
PAH                 11.8000m    -2.252    0.6301      Ca A                1.86365m    -3.793    0.0181      O  3                4363.21A    -3.376    0.0474
PAHC                12.6500m    -2.292    0.5752      Ca A                1.16262m    -4.048    0.0101      O  5                629.732A    -4.899    0.0014
PAH                 13.3000m    -2.404    0.4447      Ca A                9344.80A    -4.261    0.0062      P  2                60.6263m    -4.740    0.0020
PAHC                14.1000m    -2.498    0.3580      Ca A                8236.67A    -4.441    0.0041      P  2                32.8620m    -4.159    0.0078
Bcon                3640.00A    -0.090   91.6401      Ca A                7592.65A    -4.595    0.0029      P  2                1.14682m    -3.898    0.0142
Pcon                5000.00A    -0.377   47.2697      Ca A                7177.41A    -4.732    0.0021      P  2                1.18828m    -3.475    0.0378
O3bn                5007.00A    -1.126    8.4399      Ca A                6890.80A    -4.853    0.0016      P  2                7875.99A    -4.833    0.0017
SX                  25.0000A    -1.576    2.9925      Ca A                6683.11A    -4.964    0.0012      P  3                17.8797m    -4.180    0.0074
HX                  4.70000A    -1.331    5.2572      Ca A                3.09080m    -4.181    0.0074      S  2                6730.82A    -2.188    0.7305
ROSA                12.3980A    -1.224    6.7289      Ca A                1.87431m    -4.389    0.0046      S  2                6716.44A    -2.196    0.7169
HFFc                      0     -1.847    1.6026      Ca A                1.47602m    -4.574    0.0030      S  2                4076.35A    -3.643    0.0257
H FF                      0     -1.903    1.4085      Ca A                1.28127m    -4.733    0.0021      S  2                4068.60A    -3.146    0.0805
HeFF                      0     -2.782    0.1861      Ca A                1.16730m    -4.874    0.0015      S  2                1.03364m    -3.781    0.0187
MeFB                      0     -3.753    0.0199      Ca A                1.09334m    -4.999    0.0011      S  2                1.02867m    -3.772    0.0190
MeFF                      0     -4.366    0.0048      Ca A                4.76213m    -4.522    0.0034      S  2                1.03705m    -4.103    0.0089
ToFF                      0     -1.848    1.5994      Ca A                2.82519m    -4.693    0.0023      S  2                1.03205m    -3.639    0.0259
nFnu                6915.34m    -5.032    0.0010      Ca A                2.18848m    -4.855    0.0016      S  2                1259.52A    -4.939    0.0013
nFnu                122.367m    -3.564    0.0308      Ca A                1.87570m    -4.998    0.0011      S  2                1253.81A    -4.988    0.0012
nInu                122.367m    -4.569    0.0030      Ca A                6.94599m    -4.826    0.0017      S  2                910.485A    -4.869    0.0015
nFnu                60.8157m    -3.319    0.0541      Ca A                4.04945m    -4.968    0.0012      S  3                33.4704m    -2.203    0.7062
nInu                60.8157m    -3.510    0.0348      Ca B                1640.41A    -1.960    1.2365      S  3                18.7078m    -2.175    0.7533
nFnu                41.2039m    -3.173    0.0757      Ca B                1215.13A    -2.480    0.3734      S  3                9068.62A    -2.316    0.5442
nInu                41.2039m    -2.918    0.1362      Ca B                1084.94A    -2.831    0.1663      S  3                9530.62A    -1.916    1.3669
nFnu                30.8611m    -3.069    0.0961      Ca B                1025.27A    -3.097    0.0902      S  3                3721.63A    -3.791    0.0182
nInu                30.8611m    -2.477    0.3758      Ca B                992.358A    -3.311    0.0551      S  3                6312.06A    -3.518    0.0342
nFnu                24.7761m    -2.990    0.1154      Ca B                972.106A    -3.491    0.0364      S  3                1713.11A    -4.866    0.0015
nInu                24.7761m    -2.143    0.8115      Ca B                958.693A    -3.647    0.0254      S  3                1728.94A    -4.415    0.0043
nFnu                24.2932m    -2.983    0.1173      Ca B                949.323A    -3.785    0.0185      S  3                1194.45A    -5.023    0.0011
nInu                24.2932m    -2.112    0.8703      Ca B                942.507A    -3.908    0.0139      S  3                1021.11A    -4.916    0.0014
nFnu                22.8240m    -2.960    0.1236      Ca B                937.389A    -4.020    0.0108      S  3                1021.32A    -5.045    0.0010
nInu                22.8240m    -2.021    1.0736      Ca B                933.444A    -4.123    0.0085      Si 2                34.8046m    -2.028    1.0558
nFnu                21.4141m    -2.938    0.1299      Ca B                930.337A    -4.218    0.0068      Si 2                2334.41A    -3.790    0.0183
nInu                21.4141m    -1.925    1.3400      Ca B                927.846A    -4.305    0.0056      Si 2                2328.52A    -4.364    0.0049
nFnu                21.1177m    -2.932    0.1317      Ca B                925.816A    -4.387    0.0046      Si 2                1808.01A    -3.625    0.0267
nInu                21.1177m    -1.899    1.4205      Ca B                924.142A    -4.464    0.0039      Si 2                1526.71A    -4.757    0.0020
nFnu                19.6146m    -2.905    0.1403      Ca B                922.743A    -4.537    0.0033      Si 2                1260.42A    -4.736    0.0021
nInu                19.6146m    -1.788    1.8361      Ca B                921.562A    -4.605    0.0028      Si 2                1193.29A    -4.887    0.0015
nFnu                17.6486m    -2.866    0.1534      Ca B                920.556A    -4.670    0.0024      Si 2                1190.42A    -5.034    0.0010
nInu                17.6486m    -1.631    2.6360      Ca B                919.693A    -4.732    0.0021      Si 2                2350.17A    -3.664    0.0244
nFnu                17.3653m    -2.861    0.1554      Ca B                918.945A    -4.791    0.0018      Si 2                2344.20A    -3.215    0.0687
nInu                17.3653m    -1.606    2.7943      Ca B                918.295A    -4.847    0.0016      Si 2                2334.60A    -3.171    0.0760
nFnu                15.6859m    -2.825    0.1684      Ca B                917.724A    -4.901    0.0014      Si 2                1817.45A    -3.836    0.0164
nInu                15.6859m    -1.449    4.0116      Ca B                4685.68A    -2.770    0.1913      Si 2                1816.93A    -3.294    0.0573
nFnu                14.5997m    -2.798    0.1796      Ca B                3203.08A    -3.163    0.0775      Si 2                1533.43A    -4.045    0.0102
nInu                14.5997m    -1.342    5.1251      Ca B                2733.28A    -3.451    0.0399      Si 2                1309.28A    -4.489    0.0037
nFnu                12.4266m    -2.735    0.2075      Ca B                2511.19A    -3.679    0.0236      Si 2                1265.00A    -4.287    0.0058
nInu                12.4266m    -1.094    9.0769      Ca B                2385.39A    -3.868    0.0153      Si 2                1264.74A    -4.428    0.0042
nFnu                11.3969m    -2.706    0.2218      Ca B                2306.18A    -4.030    0.0105      Si 2                1197.39A    -4.402    0.0045
nInu                11.3969m    -0.962   12.2928      Ca B                2252.67A    -4.172    0.0076      Si 2                1194.50A    -4.346    0.0051
nFnu                10.4572m    -2.670    0.2409      Ca B                2214.65A    -4.299    0.0057      Si 3                1892.03A    -3.098    0.0899
nInu                10.4572m    -0.831   16.6482      Ca B                2186.59A    -4.414    0.0043      Si 3                1882.71A    -2.936    0.1305
nFnu                9.47744m    -2.638    0.2591      Ca B                2165.23A    -4.518    0.0034      Si 3                1206.50A    -4.116    0.0086
nInu                9.47744m    -0.763   19.4322      Ca B                2148.58A    -4.614    0.0027      Si 4                1393.75A    -4.274    0.0060
nFnu                9.32234m    -2.633    0.2624      Ca B                2135.34A    -4.704    0.0022      Si 4                1402.77A    -4.477    0.0038
nInu                9.32234m    -0.763   19.4322      Ca B                2124.61A    -4.787    0.0018      Al 2                2669.15A    -3.510    0.0348
nFnu                8.20812m    -2.582    0.2949      Ca B                2115.81A    -4.865    0.0015      Al 2                2660.35A    -3.361    0.0491
nInu                8.20812m    -0.763   19.4322      Ca B                2108.49A    -4.938    0.0013      Al 2                1670.79A    -3.944    0.0128
nFnu                7.57793m    -2.557    0.3126      Ca B                2102.33A    -5.007    0.0011      Al 5                2.90450m    -5.038    0.0010
nInu                7.57793m    -0.763   19.4321      Ca B                1.01235m    -3.330    0.0527      C  4                1550.77A    -4.086    0.0092
nFnu                7.04834m    -2.520    0.3402      Ca B                6560.01A    -3.643    0.0256      C  4                1548.19A    -3.833    0.0166
nInu                7.04834m    -0.763   19.4321      Ca B                5411.45A    -3.889    0.0145      C  4                312.451A    -4.750    0.0020
nFnu                4.11258m    -2.311    0.5508      Ca B                4859.26A    -4.090    0.0092      C  4                312.420A    -4.684    0.0023
nInu                4.11258m    -0.763   19.4319      Ca B                4541.54A    -4.260    0.0062      Ca 2                7323.89A    -2.912    0.1381
nFnu                2.32377m    -2.126    0.8432      Ca B                4338.62A    -4.408    0.0044      Ca 2                7291.47A    -2.731    0.2094
nInu                2.32377m    -0.763   19.4317      Ca B                4199.78A    -4.539    0.0033      Ca 2                3968.47A    -3.689    0.0230
nFnu                1.64268m    -1.980    1.1788      Ca B                4099.99A    -4.657    0.0025      Ca 2                8662.14A    -3.791    0.0182
nInu                1.64268m    -0.763   19.4315      Ca B                4025.55A    -4.764    0.0019      Ca 2                3933.66A    -3.604    0.0281
nFnu                1.47981m    -1.969    1.2104      Ca B                3968.39A    -4.863    0.0015      Ca 2                8498.02A    -4.403    0.0045
nInu                1.47981m    -0.763   19.4313      Ca B                3923.44A    -4.954    0.0013      Ca 2                8542.09A    -3.456    0.0394
nFnu                1.43610m    -1.800    1.7857      Ca B                3887.40A    -5.038    0.0010      Ca 5                4.15739m    -4.919    0.0014
nInu                1.43610m    -0.763   19.4312      Ca B                1.86365m    -3.786    0.0185      Cl 2                14.3639m    -3.975    0.0119
nFnu                1.11836m    -1.785    1.8475      Ca B                1.16262m    -4.039    0.0103      Cl 2                8578.70A    -3.674    0.0239
nInu                1.11836m    -0.763   19.4307      Ca B                9344.80A    -4.251    0.0063      Cl 2                9123.60A    -4.259    0.0062
nFnu                8327.39A    -1.775    1.8901      Ca B                8236.67A    -4.429    0.0042      Cl 3                5537.87A    -3.884    0.0147
nInu                8327.39A    -0.763   19.4305      Ca B                7592.65A    -4.583    0.0029      Cl 3                5517.71A    -3.791    0.0182
nFnu                8076.39A    -1.430    4.1828      Ca B                7177.41A    -4.718    0.0022      Cl 3                3342.80A    -4.826    0.0017
nInu                8076.39A    -0.763   19.4305      Ca B                6890.80A    -4.840    0.0016      Cl 4                20.3197m    -4.404    0.0044
nFnu                6207.94A    -1.468    3.8375      Ca B                6683.11A    -4.950    0.0013      Cl 4                11.7629m    -4.453    0.0040
nInu                6207.94A    -0.763   19.4305      Ca B                6527.01A    -5.050    0.0010      Cl 4                7530.54A    -5.004    0.0011
nFnu                4884.00A    -1.478    3.7493      Ca B                3.09080m    -4.175    0.0075      Cl 4                8045.62A    -4.640    0.0026
nInu                4884.00A    -0.763   19.4305      Ca B                1.87431m    -4.383    0.0047      Fe 4                3094.96A    -3.343    0.0511
nFnu                3703.28A    -1.435    4.1417      Ca B                1.47602m    -4.567    0.0031      Fe 4                2835.74A    -2.855    0.1572
nInu                3703.28A    -0.725   21.2402      Ca B                1.28127m    -4.726    0.0021      Fe 4                2829.36A    -3.125    0.0845
nFnu                3586.64A    -0.749   20.0662      Ca B                1.16730m    -4.866    0.0015      Fe 4                2823.50A    -4.401    0.0045
nInu                3586.64A    -0.718   21.5612      Ca B                1.09334m    -4.990    0.0012      Fe 4                2577.92A    -4.740    0.0021
nFnu                2429.31A    -0.980   11.7942      Ca B                4.76213m    -4.516    0.0034      Fe 4                2.83562m    -4.262    0.0062
nInu                2429.31A    -0.634   26.2027      Ca B                2.82519m    -4.688    0.0023      Fe 4                2.80554m    -4.795    0.0018
nFnu                2391.30A    -0.983   11.7112      Ca B                2.18848m    -4.849    0.0016      Fe 4                2.86447m    -4.592    0.0029
nInu                2391.30A    -0.630   26.4220      Ca B                1.87570m    -4.992    0.0011      Fe 4                2567.61A    -3.780    0.0187
nFnu                2070.68A    -0.971   12.0409      Ca B                6.94599m    -4.820    0.0017      Fe 4                2.71569m    -4.896    0.0014
nInu                2070.68A    -0.599   28.3852      Ca B                4.04945m    -4.963    0.0012      Fe 4                2567.40A    -4.532    0.0033
nFnu                2052.02A    -0.952   12.5930      He 2                607.571A    -1.488    3.6619      Fe 4                6739.82A    -4.338    0.0052
nInu                2052.02A    -0.597   28.5275      He 2                303.784A    -1.332    5.2490      Fe 4                6761.38A    -4.839    0.0016
nFnu                1793.44A    -0.885   14.6741      He 2                256.317A    -4.240    0.0065      Fe 4                6734.42A    -4.460    0.0039
nInu                1793.44A    -0.568   30.4943      He 2                243.027A    -4.391    0.0046      Fe 4                5233.76A    -4.962    0.0012
nFnu                1585.12A    -0.850   15.9337      He 2                237.331A    -4.458    0.0039      Fe 4                4906.56A    -4.660    0.0025
nInu                1585.12A    -0.540   32.4863      He 2                234.347A    -4.499    0.0036      Fe 4                4899.97A    -5.002    0.0011
nFnu                1458.33A    -0.843   16.1611      He 2                232.584A    -4.525    0.0034      Fe 4                4903.07A    -4.982    0.0012
nInu                1458.33A    -0.522   33.8646      He 2                231.454A    -4.538    0.0033      Fe 5                70.3538m    -3.724    0.0213
nFnu                1356.96A    -0.881   14.8265      He 2                230.686A    -4.564    0.0031      Fe 5                36.3273m    -3.527    0.0335
nInu                1356.96A    -0.507   35.0722      He 2                230.139A    -4.580    0.0030      Fe 5                25.9131m    -3.636    0.0260
nFnu                1297.29A    -0.980   11.7888      He 2                229.736A    -4.637    0.0026      Fe 5                20.8407m    -3.906    0.0140
nInu                1297.29A    -0.497   35.9010      He 2                229.431A    -4.645    0.0026      Fe 5                4180.59A    -4.516    0.0034
nFnu                1262.79A    -1.131    8.3384      He 2                229.194A    -4.654    0.0025      Fe 5                4143.15A    -4.276    0.0060
nInu                1262.79A    -0.491   36.3834      He 2                229.006A    -4.664    0.0024      Fe 5                4227.19A    -3.567    0.0306
nFnu                1218.08A    -1.883    1.4767      He 2                228.855A    -4.673    0.0024      Fe 5                4071.24A    -4.286    0.0058
nInu                1218.08A    -0.483   37.0571      He 2                228.731A    -4.682    0.0023      Fe 5                3895.22A    -4.674    0.0024
nFnu                1196.33A    -1.870    1.5211      He 2                228.629A    -4.689    0.0023      Fe 5                3851.34A    -4.947    0.0013
nInu                1196.33A    -0.479   37.3657      He 2                228.543A    -4.695    0.0023      Fe 5                3794.94A    -4.358    0.0049
nFnu                1175.06A    -1.857    1.5662      He 2                228.471A    -4.698    0.0023      Fe 5                3755.70A    -4.639    0.0026
nInu                1175.06A    -0.476   37.6786      He 2                228.409A    -4.698    0.0023      Fe 5                3839.27A    -4.331    0.0053
nFnu                1143.64A    -1.834    1.6533      He 2                228.356A    -4.692    0.0023      Fe 5                3783.22A    -4.743    0.0020
nInu                1143.64A    -0.469   38.2483      He 2                1640.41A    -1.992    1.1482      Fe 5                3891.28A    -4.512    0.0035
nFnu                1113.22A    -1.812    1.7373      He 2                1215.13A    -2.467    0.3844      Fe 6                19.5527m    -4.292    0.0058
nInu                1113.22A    -0.463   38.7620      He 2                1084.94A    -2.805    0.1766      Fe 6                14.7670m    -4.516    0.0034
nFnu                1103.23A    -1.807    1.7592      He 2                1025.27A    -3.064    0.0972      Fe 6                12.3074m    -4.781    0.0019
nInu                1103.23A    -0.462   38.8915      He 2                992.358A    -3.275    0.0599      Fe 6                5145.75A    -4.913    0.0014
nFnu                1073.86A    -1.783    1.8590      He 2                972.106A    -3.451    0.0399      Fe 6                4972.47A    -4.929    0.0013
nInu                1073.86A    -0.457   39.3796      He 2                958.693A    -3.604    0.0281      Fe 6                5176.04A    -4.987    0.0012
nFnu                1064.34A    -1.775    1.8933      He 2                949.323A    -3.738    0.0206      Mg 2                2802.71A    -2.312    0.5498
nInu                1064.34A    -0.454   39.5773      He 2                942.507A    -3.594    0.0287      Mg 2                2795.53A    -2.016    1.0867
nFnu                1035.92A    -1.753    1.9886      He 2                937.389A    -3.687    0.0231      Mg 2                2798.00A    -5.000    0.0011
nInu                1035.92A    -0.449   40.1085      He 2                933.444A    -3.774    0.0190      Mg 4                4.48711m    -3.766    0.0193
nFnu                1000.00A    -1.724    2.1275      He 2                930.337A    -3.853    0.0158      N  2                205.283m    -4.503    0.0035
nInu                1000.00A    -0.441   40.8488      He 2                927.846A    -3.926    0.0134      N  2                121.769m    -3.679    0.0236
nFnu                925.144A    -1.664    2.4407      He 2                925.816A    -3.994    0.0114      N  2                6548.05A    -2.387    0.4627
nInu                925.144A    -0.424   42.4479      He 2                924.142A    -4.057    0.0099      N  2                6583.45A    -1.917    1.3640
nFnu                897.800A    -4.186    0.0073      He 2                922.743A    -4.115    0.0087      N  2                3062.83A    -5.016    0.0011
nFnu                496.874A    -3.990    0.0115      He 2                921.562A    -4.167    0.0077      N  2                5754.59A    -3.735    0.0207
RRC.............................................      He 2                920.556A    -4.213    0.0069      N  2                2139.01A    -4.150    0.0080
H  1                3645.98A    -1.952    1.2587      He 2                919.693A    -4.252    0.0063      N  2                2142.77A    -3.760    0.0196
H  1                3645.98A    -1.604    2.8037      He 2                4685.68A    -2.871    0.1516      N  2                1085.70A    -4.708    0.0022
H  1                8203.57A    -2.688    0.2311      He 2                3203.08A    -3.197    0.0717      N  2                1084.58A    -4.794    0.0018
H  1                8203.57A    -2.292    0.5748      He 2                2733.28A    -3.462    0.0389      N  2                1085.55A    -4.795    0.0018
H  1                8203.57A    -2.393    0.4559      He 2                2511.19A    -3.678    0.0236      N  2                1083.99A    -4.810    0.0017
H  1                1.45842m    -3.175    0.0753      He 2                2385.39A    -3.860    0.0156      N  2                1084.56A    -4.891    0.0014
H  1                1.45842m    -2.773    0.1901      He 2                2306.18A    -4.017    0.0108      N  2                915.612A    -4.805    0.0018
H  1                1.45842m    -2.767    0.1929      He 2                2252.67A    -4.155    0.0079      N  2                916.020A    -4.952    0.0013
H  1                1.45842m    -3.106    0.0884      He 2                2214.65A    -4.109    0.0088      N  2                916.710A    -4.879    0.0015
H  1                2.27878m    -3.533    0.0330      He 2                2186.59A    -4.202    0.0071      N  2                916.012A    -4.900    0.0014
H  1                2.27878m    -3.131    0.0834      He 2                2165.23A    -4.288    0.0058      N  2                916.701A    -4.654    0.0025
H  1                2.27878m    -3.092    0.0911      He 2                2148.58A    -4.367    0.0048      N  2                915.962A    -4.744    0.0020
H  1                2.27878m    -3.285    0.0585      He 2                2135.34A    -4.440    0.0041      N  3                57.3238m    -2.603    0.2809
H  1                2.27878m    -3.779    0.0188      He 2                2124.61A    -4.508    0.0035      N  3                1748.65A    -4.725    0.0021
H  1                3.28145m    -3.813    0.0173      He 2                2115.81A    -4.571    0.0030      N  3                1753.99A    -4.710    0.0022
H  1                3.28145m    -3.413    0.0436      He 2                2108.49A    -4.628    0.0027      N  3                1752.16A    -4.243    0.0064
H  1                3.28145m    -3.362    0.0490      He 2                2102.33A    -4.681    0.0024      N  3                1749.67A    -4.146    0.0080
H  1                3.28145m    -3.501    0.0356      He 2                2097.10A    -4.727    0.0021      N  3                989.799A    -4.801    0.0018
H  1                3.28145m    -3.822    0.0170      He 2                2092.63A    -4.765    0.0019      N  3                991.511A    -4.692    0.0023
H  1                3.28145m    -4.419    0.0043      He 2                1.01235m    -3.483    0.0370      N  3                991.577A    -4.691    0.0023
H  1                4.46642m    -4.043    0.0102      He 2                6560.01A    -3.723    0.0213      N  3                763.334A    -5.044    0.0010
H  1                4.46642m    -3.644    0.0256      He 2                5411.45A    -3.939    0.0130      N  3                764.351A    -4.588    0.0029
H  1                4.46642m    -3.588    0.0291      He 2                4859.26A    -4.124    0.0085      N  3                685.515A    -4.817    0.0017
H  1                4.46642m    -3.702    0.0224      He 2                4541.54A    -4.285    0.0059      N  3                686.336A    -4.561    0.0031
H  1                4.46642m    -3.952    0.0126      He 2                4338.62A    -4.425    0.0042      N  3                684.998A    -5.025    0.0011
H  1                4.46642m    -4.358    0.0049      He 2                4199.78A    -4.478    0.0037      N  3                685.817A    -4.440    0.0041
H  1                4.46642m    -5.027    0.0011      He 2                4099.99A    -4.571    0.0030      N  3                451.871A    -5.046    0.0010
H  1                5.83369m    -4.237    0.0065      He 2                4025.55A    -4.657    0.0025      N  3                452.227A    -4.583    0.0029
H  1                5.83369m    -3.840    0.0163      He 2                3968.39A    -4.735    0.0021      Na 3                7.31570m    -3.919    0.0136
H  1                5.83369m    -3.782    0.0186      He 2                3923.44A    -4.808    0.0018      Na 4                9.03096m    -4.549    0.0032
H  1                5.83369m    -3.882    0.0148      He 2                3887.40A    -4.876    0.0015      Ne 4                2421.66A    -4.288    0.0058
H  1                5.83369m    -4.096    0.0090      He 2                3858.03A    -4.938    0.0013      Ne 4                2424.28A    -4.139    0.0082
H  1                5.83369m    -4.419    0.0043      He 2                3833.76A    -4.996    0.0011      Ne 4                541.126A    -4.954    0.0013
H  1                5.83369m    -4.881    0.0015      He 2                3813.45A    -5.048    0.0010      Ne 4                542.076A    -4.861    0.0016
H  1                7.38326m    -4.405    0.0044      He 2                1.86365m    -3.984    0.0117      Ne 4                543.886A    -4.817    0.0017
H  1                7.38326m    -4.009    0.0110      He 2                1.16262m    -4.163    0.0077      Ni 2                1.19102m    -3.572    0.0302
H  1                7.38326m    -3.950    0.0126      He 2                9344.80A    -4.341    0.0051      Ni 2                6.63416m    -3.578    0.0298
H  1                7.38326m    -4.043    0.0102      He 2                8236.67A    -4.500    0.0036      Ni 2                1.07151m    -4.175    0.0075
H  1                7.38326m    -4.237    0.0065      He 2                7592.65A    -4.641    0.0026      Ni 2                10.6793m    -3.813    0.0173
H  1                7.38326m    -4.514    0.0035      He 2                7177.41A    -4.767    0.0019      Ni 2                1.16130m    -4.992    0.0011
H  1                7.38326m    -4.883    0.0015      He 2                6890.80A    -4.859    0.0016      Ni 2                12.7253m    -4.529    0.0033
H  1                9.11514m    -4.553    0.0032      He 2                6683.11A    -4.944    0.0013      Ni 2                7377.83A    -3.163    0.0774
H  1                9.11514m    -4.158    0.0078      He 2                6527.01A    -5.023    0.0011      Ni 2                8300.99A    -4.459    0.0039
H  1                9.11514m    -4.099    0.0090      He 2                3.09080m    -4.411    0.0044      Ni 2                1.93877m    -3.871    0.0152
H  1                9.11514m    -4.187    0.0073      He 2                1.87431m    -4.546    0.0032      Ni 2                2.91064m    -4.827    0.0017
H  1                9.11514m    -4.368    0.0048      He 2                1.47602m    -4.694    0.0023      Ni 2                6666.80A    -4.522    0.0034
H  1                9.11514m    -4.619    0.0027      He 2                1.28127m    -4.831    0.0017      Ni 2                7411.61A    -4.303    0.0056
H  1                9.11514m    -4.935    0.0013      He 2                1.16730m    -5.006    0.0011      Ni 2                4326.24A    -4.360    0.0049
H  1                11.0293m    -3.608    0.0278      He 2                4.76213m    -4.784    0.0019      Ni 2                4628.05A    -4.782    0.0019
H  1                13.1258m    -3.721    0.0214      He 2                2.82519m    -4.888    0.0015      Ni 2                7255.82A    -4.715    0.0022
H  1                15.4046m    -3.824    0.0169      He 2                2.18848m    -5.011    0.0011      Ni 2                4201.17A    -4.664    0.0024
H  1                17.8657m    -3.920    0.0135      He-like iso-sequence............................      Ni 2                7307.65A    -5.012    0.0011
H  1                20.5091m    -4.009    0.0110      He 1                1202.81A    -1.939    1.2970      Ni 2                4033.04A    -4.935    0.0013
H  1                23.3348m    -4.093    0.0091      He 1                584.334A    -3.045    0.1016      Ni 2                3993.06A    -4.496    0.0036
H  1                26.3428m    -4.172    0.0076      He 1                537.030A    -4.056    0.0099      Ni 2                4248.80A    -4.971    0.0012
H  1                29.5331m    -4.246    0.0064      He 1                522.213A    -4.201    0.0071      Ni 2                6365.10A    -4.969    0.0012
H  1                32.9057m    -4.316    0.0054      He 1                515.617A    -4.283    0.0059      Ni 2                3438.88A    -4.767    0.0019
H  1                36.4606m    -4.382    0.0047      He 1                512.099A    -4.340    0.0051      O  4                25.8863m    -2.074    0.9501
H  1                40.1978m    -4.446    0.0040      He 1                625.563A    -1.517    3.4308      O  4                787.710A    -4.969    0.0012
H  1                44.1173m    -4.506    0.0035      He 1                510.018A    -4.578    0.0030      O  4                790.114A    -4.894    0.0014
H  1                48.2191m    -4.564    0.0031      He 1                508.657A    -4.597    0.0028      O  4                790.201A    -4.929    0.0013
H  1                52.5033m    -4.619    0.0027      He 1                507.727A    -4.616    0.0027      O  4                609.830A    -4.577    0.0030
H  1                56.9697m    -3.450    0.0400      He 1                507.065A    -4.633    0.0026      O  4                554.076A    -5.000    0.0011
He 2                2049.91A    -3.406    0.0442      He 1                506.576A    -4.650    0.0025      O  4                555.264A    -4.541    0.0032
He 2                2049.91A    -2.940    0.1295      He 1                506.204A    -4.670    0.0024      O  4                554.514A    -4.417    0.0043
He 2                2049.91A    -2.929    0.1328      He 1                505.916A    -4.691    0.0023      S  4                10.5076m    -2.453    0.3968
He 2                3644.44A    -3.949    0.0127      He 1                505.687A    -4.711    0.0022      S  4                750.221A    -5.007    0.0011
He 2                3644.44A    -3.473    0.0379      He 1                505.502A    -4.733    0.0021      S  4                661.455A    -5.042    0.0010
He 2                3644.44A    -3.348    0.0506      He 1                505.352A    -4.754    0.0020      level 1 lines...................................
He 2                3644.44A    -3.556    0.0313      He 1                505.227A    -4.775    0.0019      recombination...................................
He 2                5694.49A    -4.356    0.0050      He 1                505.122A    -4.796    0.0018      C  2                4267.00A    -4.710    0.0022
He 2                5694.49A    -3.878    0.0149      He 1                505.033A    -4.817    0.0017      C  2                1761.00A    -4.776    0.0019
He 2                5694.49A    -3.715    0.0217      He 1                504.958A    -4.902    0.0014      C  2                1335.00A    -2.966    0.1217
He 2                5694.49A    -3.770    0.0191      He 1                504.893A    -4.899    0.0014      N  2                1742.00A    -4.777    0.0019
He 2                5694.49A    -4.137    0.0082      He 1                504.836A    -4.878    0.0015      O  1                1357.00A    -4.694    0.0023
He 2                8200.12A    -4.676    0.0024      He 1                504.787A    -4.939    0.0013      O  2                4075.00A    -4.702    0.0022
He 2                8200.12A    -4.199    0.0071      He 1                504.744A    -4.895    0.0014      O  2                4111.00A    -5.010    0.0011
He 2                8200.12A    -4.022    0.0107      He 1                504.706A    -4.830    0.0017      O  2                4651.00A    -4.481    0.0037
He 2                8200.12A    -4.017    0.0108      He 1                504.672A    -4.060    0.0098      O  2                4341.00A    -4.758    0.0020
He 2                8200.12A    -4.204    0.0070      He 1                1.08291m    -3.716    0.0217      C  1                1140.10A    -4.797    0.0018
He 2                8200.12A    -4.693    0.0023      He 1                1.08302m    -3.165    0.0771      C  2                1167.50A    -4.634    0.0026
He 2                1.11613m    -4.939    0.0013      He 1                1.08303m    -2.874    0.1507      C  2                1092.50A    -4.026    0.0106
He 2                1.11613m    -4.463    0.0039      Blnd                1.08302m    -2.655    0.2495      C  2                1036.80A    -3.658    0.0247
He 2                1.11613m    -4.279    0.0059      He 1                3888.64A    -3.114    0.0867      C  2                946.100A    -3.697    0.0226
He 2                1.11613m    -4.245    0.0064      He 1                3187.74A    -3.507    0.0350      C  2                799.800A    -2.800    0.1785
He 2                1.11613m    -4.357    0.0050      He 1                2945.10A    -3.819    0.0171      C  3                2296.90A    -4.698    0.0023
He 2                1.11613m    -4.648    0.0025      He 1                2829.08A    -4.072    0.0095      C  3                1828.00A    -4.727    0.0021
He 2                1.45781m    -4.686    0.0023      He 1                2760.44A    -4.657    0.0025      C  3                1577.10A    -4.670    0.0024
He 2                1.45781m    -4.498    0.0036      He 1                2721.00A    -4.803    0.0018      C  3                1175.70A    -4.518    0.0034
He 2                1.45781m    -4.449    0.0040      He 1                2694.61A    -4.935    0.0013      C  3                977.000A    -4.184    0.0074
He 2                1.45781m    -4.521    0.0034      He 1                2.05813m    -3.954    0.0125      C  3                493.500A    -4.948    0.0013
He 2                1.45781m    -4.724    0.0021      He 1                5015.68A    -3.730    0.0210      C  3                476.000A    -4.955    0.0012
He 2                1.84504m    -4.877    0.0015      He 1                3964.73A    -4.119    0.0086      C  3                459.600A    -4.054    0.0100
He 2                1.84504m    -4.688    0.0023      He 1                3613.64A    -4.423    0.0043      C  3                411.700A    -4.068    0.0096
He 2                1.84504m    -4.630    0.0026      He 1                3447.59A    -4.673    0.0024      C  3                398.400A    -4.250    0.0063
He 2                1.84504m    -4.679    0.0024      He 1                7065.71A    -4.645    0.0026      C  3                371.700A    -4.934    0.0013
He 2                1.84504m    -4.834    0.0017      He 1                7065.21A    -4.168    0.0077      N  1                980.700A    -4.955    0.0013
He 2                2.27783m    -5.044    0.0010      He 1                7065.18A    -3.946    0.0128      N  2                1085.10A    -4.177    0.0075
He 2                2.27783m    -4.855    0.0016      Blnd                7065.25A    -3.690    0.0230      N  2                916.300A    -4.616    0.0027
He 2                2.27783m    -4.791    0.0018      He 1                5875.98A    -4.042    0.0102      N  2                646.400A    -4.220    0.0068
He 2                2.27783m    -4.826    0.0017      He 1                5875.64A    -3.564    0.0307      N  3                991.000A    -4.222    0.0068
He 2                2.27783m    -4.951    0.0013      He 1                5875.61A    -3.343    0.0512      N  3                764.000A    -4.757    0.0020
He 2                2.75620m    -4.222    0.0068      Blnd                5875.66A    -3.087    0.0922      N  3                685.700A    -5.023    0.0011
He 2                3.28011m    -4.334    0.0052      He 1                4713.16A    -4.938    0.0013      N  3                418.800A    -4.711    0.0022
He 2                3.84958m    -4.437    0.0041      He 1                4713.14A    -4.716    0.0022      N  3                387.400A    -4.640    0.0026
He 2                4.46460m    -4.533    0.0033      Blnd                4713.17A    -4.460    0.0039      N  3                374.400A    -4.844    0.0016
He 2                5.12518m    -4.622    0.0027      He 1                4471.69A    -4.457    0.0039      N  3                348.700A    -4.043    0.0102
He 2                5.83131m    -4.705    0.0022      He 1                4471.49A    -3.980    0.0118      N  3                340.200A    -4.420    0.0043
He 2                6.58301m    -4.783    0.0019      He 1                4471.47A    -3.758    0.0197      O  2                386.300A    -3.425    0.0424
He 2                7.38026m    -4.857    0.0016      Blnd                4471.50A    -3.503    0.0354      O  2                385.700A    -3.603    0.0281
He 2                8.22307m    -4.927    0.0013      Blnd                4120.84A    -4.896    0.0014      O  3                834.500A    -3.770    0.0192
He 2                9.11143m    -4.993    0.0011      He 1                4026.36A    -4.773    0.0019      O  3                703.400A    -4.130    0.0084
He 2                14.2366m    -4.015    0.0109      He 1                4026.20A    -4.296    0.0057      O  3                599.600A    -4.655    0.0025
He 1                2599.69A    -3.135    0.0825      He 1                4026.19A    -4.074    0.0095      O  3                541.600A    -4.531    0.0033
He 1                3120.85A    -3.646    0.0255      Blnd                4026.21A    -3.819    0.0171      O  3                374.100A    -4.228    0.0067
He 1                3421.00A    -3.634    0.0261      He 1                3819.76A    -5.030    0.0011      O  3                320.700A    -4.234    0.0066
He 1                3420.88A    -3.157    0.0784      He 1                3819.61A    -4.553    0.0032      O  3                300.500A    -3.586    0.0292
He 1                3420.88A    -2.936    0.1307      He 1                3819.60A    -4.331    0.0053      O  3                299.300A    -4.006    0.0111
He 1                3678.70A    -3.354    0.0498      Blnd                3819.62A    -4.076    0.0095      O  4                789.400A    -4.809    0.0017
He 1                6632.16A    -4.044    0.0102      He 1                3704.90A    -4.970    0.0012      O  4                265.500A    -5.039    0.0010
He 1                7435.20A    -4.464    0.0039      He 1                3704.76A    -4.493    0.0036      O  4                200.800A    -4.667    0.0024
He 1                7843.40A    -3.413    0.0435      He 1                3704.75A    -4.271    0.0060      level2 lines....................................
He 1                8188.35A    -3.632    0.0263      Blnd                3704.77A    -4.016    0.0109      C  1                943.939A    -4.958    0.0012
He 1                8190.64A    -4.121    0.0085      He 1                3634.08A    -4.655    0.0025      C  1                1247.50A    -4.994    0.0011
He 1                8261.30A    -4.025    0.0106      He 1                3634.07A    -4.433    0.0042      C  2                596.559A    -4.626    0.0027
He 1                1.24770m    -4.597    0.0029      Blnd                3634.09A    -4.178    0.0075      C  2                561.959A    -4.666    0.0024
He 1                1.35640m    -4.983    0.0012      He 1                3587.16A    -4.798    0.0018      C  2                530.721A    -4.686    0.0023
He 1                1.40933m    -3.913    0.0138      He 1                3587.15A    -4.576    0.0030      C  2                544.909A    -4.698    0.0023
He 1                1.45602m    -4.003    0.0112      Blnd                3587.17A    -4.321    0.0054      C  2                535.300A    -4.709    0.0022
He 1                1.45643m    -4.496    0.0036      He 1                3554.34A    -4.925    0.0013      C  2                550.361A    -4.769    0.0019
He 1                1.45759m    -4.358    0.0049      He 1                3554.33A    -4.703    0.0022      C  2                467.460A    -4.840    0.0016
He 1                1.45759m    -4.835    0.0016      Blnd                3554.35A    -4.448    0.0040      C  2                637.979A    -4.997    0.0011
He 1                1.46631m    -4.497    0.0036      He 1                3530.43A    -5.041    0.0010      C  2                424.791A    -4.929    0.0013
He 1                2.01409m    -4.988    0.0012      He 1                3530.43A    -4.819    0.0017      C  2                439.850A    -5.004    0.0011
He 1                2.21671m    -4.281    0.0059      Blnd                3530.44A    -4.564    0.0031      C  2                524.659A    -5.028    0.0011
He 1                2.27546m    -4.328    0.0053      He 1                3512.46A    -4.924    0.0013      C  2                521.831A    -5.028    0.0011
He 1                2.27605m    -4.821    0.0017      Blnd                3512.48A    -4.669    0.0024      C  3                271.090A    -4.674    0.0024
He 1                2.27752m    -4.537    0.0033      He 1                3498.60A    -5.021    0.0011      C  3                268.600A    -4.708    0.0022
He 1                2.27752m    -5.015    0.0011      Blnd                3498.62A    -4.765    0.0019      C  3                266.880A    -4.747    0.0020
He 1                2.27778m    -5.032    0.0010      Blnd                3487.70A    -4.854    0.0016      C  3                288.500A    -4.759    0.0020
He 1                2.28865m    -4.851    0.0016      Blnd                3478.95A    -4.937    0.0013      N  1                942.258A    -4.791    0.0018
He 1                3.20639m    -4.568    0.0030      Blnd                3471.81A    -5.014    0.0011      N  2                532.161A    -4.629    0.0026
He 1                3.27716m    -4.596    0.0029      He 1                3439.98A    -4.847    0.0016      N  2                634.441A    -4.681    0.0024
He 1                3.27969m    -4.753    0.0020      Blnd                3440.00A    -4.591    0.0029      N  2                475.141A    -4.694    0.0023
He 1                4.46460m    -4.156    0.0079      He 1                7281.35A    -4.321    0.0054      N  2                528.139A    -4.723    0.0021
He 1                5.83132m    -4.328    0.0053      He 1                6678.15A    -3.644    0.0256      N  2                452.970A    -4.768    0.0019
He 1                7.38026m    -4.479    0.0037      He 1                5047.74A    -4.902    0.0014      N  2                441.950A    -4.800    0.0018
He 1                9.11143m    -4.615    0.0027      He 1                4921.93A    -4.073    0.0095      N  2                474.291A    -4.797    0.0018
He 1                11.0248m    -4.738    0.0021      He 1                4387.93A    -4.393    0.0046      N  2                437.731A    -4.823    0.0017
He 1                13.1205m    -4.850    0.0016      He 1                4143.76A    -4.649    0.0025      N  2                452.610A    -4.901    0.0014
He 1                15.3983m    -4.954    0.0013      He 1                4009.05A    -4.652    0.0025      N  2                441.659A    -4.982    0.0012
He 1                17.8584m    -5.049    0.0010      He 1                3926.41A    -4.817    0.0017      N  2                432.160A    -4.997    0.0011
He 1                61.5933m    -4.615    0.0027      He 1                3871.69A    -4.961    0.0012      N  2                435.369A    -5.030    0.0011
C  1                1101.07A    -5.045    0.0010      He 1                4.29471m    -4.930    0.0013      N  2                508.099A    -5.027    0.0011
grains..........................................      He 1                1.25275m    -4.926    0.0013      N  3                293.510A    -4.671    0.0024
H-like iso-sequence.............................      He 1                9463.58A    -5.036    0.0010      N  3                283.090A    -4.724    0.0021
H  1 Cool           1215.67A    -1.901    1.4171      He 1                1.70025m    -4.653    0.0025      N  3                264.550A    -4.756    0.0020
Crst                960.000A    -2.080    0.9383      He 1                1.19691m    -4.815    0.0017      N  3                277.180A    -4.773    0.0019
LA X                1215.67A    -3.372    0.0479      He 1                1.03113m    -5.016    0.0011      N  3                312.110A    -4.773    0.0019
CION                      0     -4.121    0.0085      He 1                9515.00A    -4.903    0.0014      N  3                273.490A    -4.826    0.0017
Ca B                1215.67A    -0.522   33.8933      He 1                9062.34A    -5.050    0.0010      N  3                267.450A    -4.867    0.0015
Q(H)                4861.32A    -2.066    0.9689      He 1                1.86854m    -4.035    0.0104      N  3                248.910A    -4.886    0.0015
Q(H)                1215.67A    -0.532   33.0949      He 1                1.27849m    -4.366    0.0049      N  3                271.020A    -4.880    0.0015
CaBo                4861.32A    -2.055    0.9940      He 1                1.09130m    -4.633    0.0026      N  3                305.650A    -4.894    0.0014
CaBo                1640.00A    -1.964    1.2241      He 1                1.00275m    -4.832    0.0017      N  3                269.290A    -4.928    0.0013
CaBo                4685.64A    -2.782    0.1862      He 1                9526.01A    -5.003    0.0011      N  3                300.710A    -4.936    0.0013
Ca A                1215.67A    -0.698   22.6085      He 1                1.86972m    -4.515    0.0034      O  1                867.303A    -4.993    0.0011
Ca A                1025.72A    -1.359    4.9281      He 1                1.27905m    -4.845    0.0016      O  1                976.791A    -4.671    0.0024
Ca A                972.537A    -1.770    1.9121      He 1                4.04791m    -4.755    0.0020      O  1                969.049A    -4.724    0.0021
Ca A                949.743A    -2.074    0.9499      He 1                2.62337m    -5.048    0.0010      O  1                946.387A    -4.764    0.0019
Ca A                937.803A    -2.317    0.5436      Ca B                2945.10A    -3.843    0.0162      O  1                934.501A    -4.797    0.0018
Ca A                930.748A    -2.519    0.3412      Ca B                3187.74A    -3.522    0.0339      O  1                973.577A    -4.812    0.0017
Ca A                926.226A    -2.693    0.2286      Ca B                3613.64A    -4.429    0.0042      O  1                927.472A    -4.828    0.0017
Ca A                923.150A    -2.845    0.1609      Ca B                3888.64A    -3.116    0.0863      O  1                948.506A    -4.867    0.0015
Ca A                920.963A    -2.982    0.1176      Ca B                3964.73A    -4.121    0.0085      O  1                922.969A    -4.864    0.0015
Ca A                919.351A    -3.104    0.0886      Ca B                4026.20A    -3.810    0.0175      O  1                919.912A    -4.899    0.0014
Ca A                918.129A    -3.216    0.0686      Ca B                4120.82A    -4.870    0.0015      O  1                935.672A    -4.926    0.0013
Ca A                917.181A    -3.318    0.0542      Ca B                4387.93A    -4.384    0.0047      O  1                917.726A    -4.936    0.0013
Ca A                916.429A    -3.412    0.0437      Ca B                4471.49A    -3.485    0.0369      O  1                918.704A    -4.966    0.0012
Ca A                915.824A    -3.498    0.0358      Ca B                4713.16A    -4.449    0.0040      O  1                928.186A    -4.988    0.0012
Ca A                915.329A    -3.578    0.0298      Ca B                4921.93A    -4.052    0.0100      O  1                917.473A    -5.008    0.0011
Ca A                914.919A    -3.651    0.0252      Ca B                5015.68A    -3.719    0.0215      O  2                425.190A    -4.514    0.0035
Ca A                914.576A    -3.718    0.0216      Ca B                5047.74A    -4.873    0.0015      O  2                388.410A    -4.573    0.0030
Ca A                914.286A    -3.780    0.0187      Ca B                5875.64A    -3.036    0.1037      O  2                373.600A    -4.620    0.0027
Ca A                914.039A    -3.836    0.0164      Ca B                6678.15A    -3.583    0.0294      O  2                361.821A    -4.634    0.0026
Ca A                913.826A    -3.888    0.0146      Ca B                7065.21A    -3.730    0.0210      O  2                366.060A    -4.644    0.0026
Ca A                913.641A    -3.936    0.0131      Ca B                7281.35A    -4.296    0.0057      O  2                360.570A    -4.690    0.0023
Ca A                913.480A    -3.980    0.0118      Ca B                1.08302m    -2.485    0.3687      O  2                414.619A    -4.743    0.0020
Ca A                913.339A    -4.021    0.0107      Ca B                1.19691m    -4.806    0.0018      O  2                358.780A    -4.764    0.0019
Ca A                6562.80A    -1.782    1.8631      Ca B                1.25275m    -5.016    0.0011      O  2                356.930A    -4.765    0.0019
Ca A                4861.32A    -2.232    0.6613      Ca B                1.27849m    -4.299    0.0057      O  2                355.610A    -4.787    0.0018
Ca A                4340.46A    -2.556    0.3130      Ca B                1.27905m    -4.772    0.0019      O  2                384.420A    -4.881    0.0015
Ca A                4101.73A    -2.810    0.1745      Ca B                1.70025m    -4.636    0.0026      O  2                371.620A    -5.037    0.0010
Ca A                3970.07A    -3.019    0.1079      Ca B                1.86854m    -3.927    0.0133      O  2                358.350A    -5.032    0.0010
Ca A                3889.05A    -3.197    0.0716      Ca B                1.86972m    -4.396    0.0045      O  3                305.400A    -4.266    0.0061
Ca A                3835.38A    -3.352    0.0501      Ca B                2.05813m    -3.608    0.0278      O  3                268.070A    -4.492    0.0036
Ca A                3797.90A    -3.491    0.0364      Pho+                3889.00A    -2.538    0.3263      O  3                263.850A    -4.503    0.0035
Ca A                3770.63A    -3.615    0.0274      extra Lyman.....................................      O  3                373.640A    -4.511    0.0035
Ca A                3750.15A    -3.728    0.0211      database lines..................................      O  3                265.020A    -4.513    0.0035
Ca A                3734.37A    -3.832    0.0166      Al 3                1862.79A    -4.268    0.0061      O  3                248.730A    -4.537    0.0033
Ca A                3721.94A    -3.928    0.0133      Al 3                1854.72A    -4.014    0.0109      O  3                241.200A    -4.582    0.0030
Ca A                3711.97A    -4.017    0.0108      Ar 2                6.98337m    -3.717    0.0216      O  3                248.620A    -4.612    0.0028
Ca A                3703.85A    -4.101    0.0089      Ar 3                3109.18A    -4.420    0.0043      O  3                236.890A    -4.619    0.0027
Ca A                3697.15A    -4.179    0.0075      Ar 3                5191.82A    -4.756    0.0020      O  3                234.190A    -4.646    0.0025
Ca A                3691.55A    -4.253    0.0063      Ar 3                7135.79A    -2.650    0.2523      O  3                276.900A    -4.641    0.0026
Ca A                3686.83A    -4.322    0.0054      Ar 3                7751.11A    -3.274    0.0599      O  3                241.140A    -4.651    0.0025
Ca A                3682.81A    -4.388    0.0046      Ar 3                8.98898m    -2.683    0.2338      O  3                280.450A    -4.660    0.0025
Ca A                3679.35A    -4.450    0.0040      Ar 3                21.8253m    -3.857    0.0157      O  3                263.230A    -4.663    0.0025
Ca A                3676.36A    -4.508    0.0035      Ar 4                4711.26A    -4.352    0.0050      O  3                232.380A    -4.669    0.0024
Ca A                3673.76A    -4.563    0.0031      Ar 4                4740.12A    -4.498    0.0036      O  3                236.860A    -4.690    0.0023
Ca A                3671.48A    -4.615    0.0027      C  1                1657.01A    -5.047    0.0010      O  3                231.110A    -4.693    0.0023
Ca A                1.87510m    -2.574    0.3003      C  1                9824.13A    -4.571    0.0030      O  3                255.390A    -4.699    0.0023
Ca A                1.28181m    -2.900    0.1420      C  1                9850.26A    -4.096    0.0090      O  3                232.350A    -4.716    0.0022
Ca A                1.09381m    -3.160    0.0779      C  2                687.053A    -4.708    0.0022      O  3                234.180A    -4.728    0.0021
Ca A                1.00494m    -3.374    0.0476      C  2                687.352A    -4.967    0.0012      O  3                230.150A    -4.785    0.0018
Ca A                9545.97A    -3.556    0.0313      C  2                858.092A    -4.895    0.0014      O  3                231.100A    -4.778    0.0019
Ca A                9229.02A    -3.714    0.0218      C  2                858.559A    -4.764    0.0019      O  3                244.650A    -4.777    0.0019
Ca A                9014.91A    -3.854    0.0158      C  2                903.623A    -4.614    0.0027      O  3                238.930A    -4.841    0.0016
Ca A                8862.79A    -3.980    0.0118      C  2                903.962A    -4.546    0.0032      O  3                233.340A    -4.861    0.0016
Ca A                8750.48A    -4.094    0.0091      C  2                904.142A    -4.456    0.0039      O  3                235.520A    -4.892    0.0014
Ca A                8665.02A    -4.199    0.0071      C  2                904.480A    -4.571    0.0030      O  4                239.130A    -4.490    0.0036
Ca A                8598.40A    -4.296    0.0057      C  2                1036.34A    -4.559    0.0031      O  4                207.610A    -4.818    0.0017
Ca A                8545.39A    -4.386    0.0046      C  2                1037.02A    -4.460    0.0039      O  4                196.560A    -4.879    0.0015
Ca A                8502.49A    -4.471    0.0038      C  2                1334.53A    -4.333    0.0052      O  4                214.760A    -4.855    0.0016
Ca A                8467.26A    -4.550    0.0032      C  2                1335.66A    -4.288    0.0058      O  4                280.550A    -4.788    0.0018
Ca A                8437.96A    -4.624    0.0027      C  2                1335.71A    -3.983    0.0117      Ne 2                444.150A    -4.845    0.0016
Ca A                8413.32A    -4.695    0.0023      C  2                2323.50A    -3.811    0.0174      Ne 2                356.870A    -4.832    0.0017
Ca A                8392.40A    -4.762    0.0020      C  2                2324.69A    -3.589    0.0290      Ne 2                461.050A    -4.870    0.0015
Ca A                8374.48A    -4.825    0.0017      C  2                2325.40A    -2.793    0.1816      Ne 2                404.130A    -4.909    0.0014
Ca A                8359.01A    -4.885    0.0015      C  2                2326.93A    -3.029    0.1054      Ne 2                327.700A    -4.964    0.0012
Ca A                8345.56A    -4.943    0.0013      C  2                2328.12A    -3.536    0.0328      Ne 2                331.200A    -4.964    0.0012
Ca A                8333.79A    -4.997    0.0011      C  2                157.636m    -3.573    0.0301      Ne 2                327.139A    -4.979    0.0012
Ca A                4.05115m    -3.176    0.0752      C  3                1908.73A    -2.730    0.2098      Ne 2                355.969A    -4.970    0.0012
Ca A                2.62515m    -3.426    0.0423      C  3                1906.68A    -2.557    0.3122      Ne 2                320.500A    -5.037    0.0010
Ca A                2.16553m    -3.642    0.0257      C  3                977.020A    -3.901    0.0142      Ne 3                250.920A    -4.588    0.0029
Ca A                1.94456m    -3.826    0.0168      C  3                386.203A    -4.888    0.0015      Ne 3                227.420A    -4.511    0.0035
Ca A                1.81741m    -3.987    0.0116      C  3                884.524A    -4.946    0.0013      Ne 3                218.360A    -4.818    0.0017
Ca A                1.73621m    -4.129    0.0084      Ca 4                3.20610m    -3.567    0.0305      Ne 3                223.310A    -4.756    0.0020
Ca A                1.68065m    -4.256    0.0063      Co 2                10.5199m    -4.890    0.0015      Ne 3                228.870A    -4.670    0.0024
Ca A                1.64072m    -4.371    0.0048      Co 2                2.98382m    -4.957    0.0012      Ne 3                281.580A    -4.675    0.0024
Ca A                1.61093m    -4.477    0.0038      Co 2                14.7345m    -5.034    0.0010      Ne 3                204.530A    -4.968    0.0012
Ca A                1.58805m    -4.575    0.0030      Co 2                1.01879m    -4.500    0.0036      Ne 3                227.190A    -4.574    0.0030
Ca A                1.57007m    -4.666    0.0024      Co 2                1.54700m    -4.746    0.0020      Ne 3                212.550A    -4.953    0.0013
Ca A                1.55565m    -4.750    0.0020      Co 3                11.8845m    -4.852    0.0016      Ne 3                265.510A    -4.712    0.0022
Ca A                1.54389m    -4.830    0.0017      Cr 2                8000.08A    -4.475    0.0038      Ne 3                218.030A    -4.932    0.0013
Ca A                1.53418m    -4.905    0.0014      Cr 2                8125.30A    -4.547    0.0032      Ne 3                205.100A    -5.044    0.0010
Ca A                1.52605m    -4.976    0.0012      Cr 2                8229.67A    -4.641    0.0026      Ne 3                217.120A    -4.988    0.0012
Ca A                1.51919m    -5.043    0.0010      Cr 2                8308.49A    -4.828    0.0017      Ne 3                238.070A    -4.827    0.0017
Ca A                7.45782m    -3.667    0.0243      Fe 2                25.9813m    -2.634    0.2617      Ne 4                171.550A    -5.010    0.0011
Ca A                4.65251m    -3.865    0.0154      Fe 2                5.33871m    -2.167    0.7664      Mg 3                183.540A    -4.871    0.0015
Ca A                3.73954m    -4.048    0.0101      Fe 2                4.11387m    -4.310    0.0055      Mg 3                168.540A    -5.051    0.0010
Ca A                3.29609m    -4.209    0.0070      Fe 2                1.25668m    -3.360    0.0492      Si 2                1179.59A    -4.291    0.0058
Ca A                3.03837m    -4.352    0.0050      Fe 2                4632.28A    -4.297    0.0057      Si 2                993.354A    -4.753    0.0020
Ca A                2.87221m    -4.480    0.0037      Fe 2                4416.27A    -4.249    0.0064      Si 2                893.551A    -4.852    0.0016
Ca A                2.75752m    -4.596    0.0029      Fe 2                4287.39A    -3.379    0.0471      Si 2                1024.03A    -4.938    0.0013
Ca A                2.67440m    -4.703    0.0022      Fe 2                2599.40A    -4.340    0.0052      Si 2                903.081A    -5.000    0.0011
Ca A                2.61194m    -4.801    0.0018      Fe 2                2382.04A    -3.182    0.0741      Si 3                564.611A    -5.031    0.0010
Ca A                2.56363m    -4.892    0.0014      Fe 2                35.3391m    -3.284    0.0586      Si 3                464.939A    -5.024    0.0011
Ca A                2.52540m    -4.978    0.0012      Fe 2                6.71944m    -3.307    0.0556      S  2                750.323A    -4.756    0.0020
Ca A                12.3685m    -4.084    0.0093      Fe 2                4.88781m    -3.973    0.0120      S  2                632.711A    -4.923    0.0013
Ca A                7.50045m    -4.243    0.0064      Fe 2                4.07521m    -4.754    0.0020      S  2                888.439A    -4.868    0.0015
Ca A                5.90660m    -4.400    0.0045      Fe 2                1.32055m    -3.857    0.0157      S  2                587.599A    -5.029    0.0011
Ca A                5.12726m    -4.542    0.0032      Fe 2                1.24854m    -4.729    0.0021      S  3                667.049A    -4.557    0.0031
Ca A                4.67124m    -4.671    0.0024      Fe 2                7637.52A    -4.012    0.0110      S  3                691.219A    -4.677    0.0024
Ca A                4.37526m    -4.787    0.0018      Fe 2                4889.62A    -4.149    0.0080      S  3                704.220A    -4.744    0.0020
Ca A                4.16966m    -4.894    0.0014      Fe 2                4457.95A    -4.530    0.0033      S  3                671.510A    -4.986    0.0012
Ca A                4.01977m    -4.993    0.0011      Fe 2                4359.33A    -3.510    0.0348      S  3                482.139A    -4.917    0.0014
Ca A                19.0567m    -4.445    0.0040      Fe 2                2625.67A    -2.706    0.2216      S  3                474.260A    -5.014    0.0011
Ca A                11.3056m    -4.576    0.0030      Fe 2                2611.87A    -3.607    0.0279      Ar 3                458.140A    -4.604    0.0028
Ca A                8.75768m    -4.712    0.0022      Fe 2                2598.37A    -4.559    0.0031      Ar 3                464.671A    -4.724    0.0021
Ca A                7.50606m    -4.839    0.0016      Fe 2                2395.63A    -3.656    0.0249      Ar 3                451.091A    -4.899    0.0014
Ca A                6.77015m    -4.955    0.0012      Fe 2                2388.63A    -4.574    0.0030      Ar 3                472.659A    -4.896    0.0014
Ca A                27.7958m    -4.764    0.0019      Fe 2                2364.83A    -3.984    0.0117      Ar 3                488.909A    -4.965    0.0012
Ca A                16.2047m    -4.873    0.0015      Fe 2                2332.80A    -4.978    0.0012      Ar 3                388.490A    -5.000    0.0011
Ca A                12.3838m    -4.992    0.0011      Fe 2                51.2868m    -3.844    0.0161      Ar 3                527.451A    -5.026    0.0011
Ca A                38.8593m    -5.050    0.0010      Fe 2                5.67236m    -4.785    0.0018      Ar 4                444.680A    -4.862    0.0015
Ca B                6562.80A    -1.599    2.8366      Fe 2                4.60641m    -4.554    0.0032      Ca 3                351.260A    -4.459    0.0039
Ca B                4861.32A    -2.056    0.9908      Fe 2                1.37181m    -4.100    0.0089      Ca 3                298.430A    -4.807    0.0018
Ca B                4340.46A    -2.385    0.4639      Fe 2                1.29427m    -4.514    0.0034      Ca 3                277.760A    -4.957    0.0012
Ca B                4101.73A    -2.643    0.2565      Fe 2                7686.93A    -4.139    0.0082      Ca 4                303.870A    -4.821    0.0017
Ca B                3970.07A    -2.854    0.1575      Fe 2                4728.07A    -4.767    0.0019      Ca 4                310.370A    -4.935    0.0013
Ca B                3889.05A    -3.035    0.1040      Fe 2                4488.75A    -4.894    0.0014      Ca 4                307.850A    -4.930    0.0013
Ca B                3835.38A    -3.192    0.0724      Fe 2                4413.78A    -3.661    0.0246      Ca 4                323.400A    -4.958    0.0012
Ca B                3797.90A    -3.331    0.0525      Fe 2                2631.32A    -3.412    0.0436      Ca 4                319.070A    -4.959    0.0012
Ca B                3770.63A    -3.457    0.0394      Fe 2                2617.62A    -4.508    0.0035      Fe 3                911.104A    -4.907    0.0014
Ca B                3750.15A    -3.571    0.0303      Fe 2                2607.09A    -4.486    0.0037      Fe 3                859.623A    -5.041    0.0010
Ca B                3734.37A    -3.675    0.0238      Fe 2                2404.89A    -4.332    0.0053      Fe 3                896.877A    -4.958    0.0012
Ca B                3721.94A    -3.772    0.0191      Fe 2                2399.24A    -4.829    0.0017      Fe 4                309.190A    -4.768    0.0019
Ca B                3711.97A    -3.861    0.0155      Fe 2                2380.76A    -3.552    0.0316      Fe 4                532.950A    -4.788    0.0018
Ca B                3703.85A    -3.944    0.0128      Fe 2                2348.30A    -4.831    0.0017      Fe 4                275.130A    -4.854    0.0016
Ca B                3697.15A    -4.022    0.0107      Fe 2                87.3597m    -4.644    0.0026      Fe 4                259.600A    -4.907    0.0014
Ca B                3691.55A    -4.094    0.0091      Fe 2                1.32777m    -4.698    0.0023      Fe 4                251.070A    -4.950    0.0013
Ca B                3686.83A    -4.162    0.0078      Fe 2                1.27877m    -4.805    0.0018      Fe 4                245.840A    -4.989    0.0012
Ca B                3682.81A    -4.226    0.0067      Fe 2                7665.28A    -4.799    0.0018      Fe 4                326.120A    -4.987    0.0012
Ca B                3679.35A    -4.286    0.0058      Fe 2                4452.10A    -3.854    0.0158      Fe 4                242.370A    -5.020    0.0011
Ca B                3676.36A    -4.343    0.0051      Fe 2                2631.05A    -4.469    0.0038      Fe 5                391.409A    -5.026    0.0011
Ca B                3673.76A    -4.396    0.0045      Fe 2                2613.82A    -4.832    0.0017      Fe 5                227.780A    -4.936    0.0013
Ca B                3671.48A    -4.446    0.0040      Fe 2                2410.52A    -4.912    0.0014      P  2                967.202A    -5.038    0.0010
Ca B                1.87510m    -2.526    0.3354      Fe 2                2406.66A    -4.899    0.0014      P  2                963.828A    -4.949    0.0013
Ca B                1.28181m    -2.842    0.1620      Fe 2                2359.11A    -5.047    0.0010      Ti 2                3364.74A    -4.155    0.0079
Ca B                1.09381m    -3.099    0.0897      Fe 2                1.27034m    -4.995    0.0011      Ti 2                3237.15A    -4.383    0.0047
Ca B                1.00494m    -3.311    0.0550      Fe 2                4474.90A    -4.166    0.0077      Cr 2                2059.78A    -4.565    0.0031
Ca B                9545.97A    -3.492    0.0363      Fe 2                2628.29A    -4.887    0.0015      Ni 2                1751.83A    -4.899    0.0014
Ca B                9229.02A    -3.650    0.0252      Fe 2                17.9311m    -2.935    0.1307      Ni 2                1744.24A    -4.788    0.0018
Ca B                9014.91A    -3.790    0.0183      Fe 2                1.64355m    -2.182    0.7403      Ni 2                1375.73A    -5.046    0.0010
Ca B                8862.79A    -3.916    0.0137      Fe 2                1.53348m    -3.146    0.0806      hyperfine structure.............................
Ca B                8750.48A    -4.030    0.0105      Fe 2                8616.95A    -3.423    0.0426      inner shell.....................................
Ca B                8665.02A    -4.135    0.0083      Fe 2                7155.17A    -3.156    0.0787      Mg 3                246.489A    -4.141    0.0081
Ca B                8598.40A    -4.231    0.0066      Fe 2                6896.17A    -4.893    0.0014      Mg 3                247.968A    -4.144    0.0081
Ca B                8545.39A    -4.321    0.0054      Fe 2                5413.37A    -4.924    0.0013      Si 4                720.838A    -4.628    0.0027
Ca B                8502.49A    -4.405    0.0044      Fe 2                5273.36A    -3.663    0.0245      Si 5                119.791A    -4.783    0.0019
Ca B                8467.26A    -4.483    0.0037      Fe 2                5158.79A    -3.030    0.1052      Si 5                120.490A    -4.785    0.0018
Ca B                8437.96A    -4.557    0.0031      Fe 2                5111.64A    -3.961    0.0123      molecules.......................................
Ca B                8413.32A    -4.626    0.0027      Fe 2                5072.41A    -3.716    0.0217      H-FB                      0     -4.335    0.0052
Ca B                8392.40A    -4.691    0.0023      Fe 2                4814.54A    -3.991    0.0115      H-FF                      0     -4.558    0.0031
Ca B                8374.48A    -4.753    0.0020      Fe 2                4774.73A    -4.444    0.0041      H-CT                6562.80A    -4.545    0.0032
Ca B                8359.01A    -4.811    0.0017      Fe 2                4243.97A    -3.386    0.0464      H- H                      0     -4.769    0.0019
Ca B                8345.56A    -4.866    0.0015      Fe 2                4177.20A    -4.472    0.0038      H2+                       0     -4.720    0.0021
Ca B                8333.79A    -4.918    0.0014      Fe 2                3387.09A    -4.922    0.0013      bands...........................................
Ca B                4.05115m    -3.152    0.0793      Fe 2                3376.20A    -4.132    0.0083      Fe 2b               2500.00A    -2.273    0.6016
Ca B                2.62515m    -3.398    0.0451      Fe 2                2732.45A    -4.804    0.0018      Fe 2b               5000.00A    -2.267    0.6093
Ca B                2.16553m    -3.611    0.0276      Fe 2                2493.30A    -3.119    0.0857      Fe 2b               7000.00A    -2.839    0.1632
Ca B                1.94456m    -3.793    0.0181      Fe 2                24.5126m    -3.594    0.0287      Fe 2b               10000.0A    -1.881    1.4807
Ca B                1.81741m    -3.953    0.0126      Fe 2                1.80940m    -2.783    0.1856      Fe 2b               2355.00A    -2.826    0.1681
Ca B                1.73621m    -4.094    0.0091      Fe 2                1.67688m    -3.571    0.0303      Fe 2b               2430.00A    -2.295    0.5717
Ca B                1.68065m    -4.221    0.0068      Fe 2                1.59948m    -3.528    0.0334      Fe 2b               2445.00A    -2.295    0.5717
Ca B                1.64072m    -4.336    0.0052      Fe 2                9051.95A    -3.264    0.0614      Fe 2b               2495.00A    -3.115    0.0866
Ca B                1.61093m    -4.441    0.0041      Fe 2                8891.93A    -3.738    0.0206      Fe 2b               2610.00A    -2.551    0.3170
Ca B                1.58805m    -4.538    0.0033      Fe 2                7452.56A    -3.648    0.0253      Fe 2b               2695.00A    -5.003    0.0011
Ca B                1.57007m    -4.629    0.0026      Fe 2                7172.00A    -3.849    0.0160      Fe 2b               2758.00A    -3.617    0.0272
Ca B                1.55565m    -4.713    0.0022      Fe 2                5527.36A    -4.036    0.0104      Fe 2b               2780.00A    -3.595    0.0286
Ca B                1.54389m    -4.792    0.0018      Fe 2                5433.15A    -4.177    0.0075      Fe 2b               2935.00A    -4.859    0.0016
Ca B                1.53418m    -4.867    0.0015      Fe 2                5261.63A    -3.434    0.0415      Fe 2b               2960.00A    -4.935    0.0013
Ca B                1.52605m    -4.937    0.0013      Fe 2                5220.08A    -4.720    0.0021      Fe 2b               3180.00A    -4.489    0.0037
Ca B                1.51919m    -5.003    0.0011      Fe 2                5184.80A    -4.585    0.0029      Fe 2b               3250.00A    -3.927    0.0133
Ca B                7.45782m    -3.651    0.0252      Fe 2                5158.01A    -4.522    0.0034      Fe 2b               3590.00A    -3.979    0.0118
Ca B                4.65251m    -3.847    0.0160      Fe 2                4947.39A    -3.935    0.0131      Fe 2b               4255.00A    -2.736    0.2070
Ca B                3.73954m    -4.028    0.0106      Fe 2                4905.35A    -4.299    0.0057      Fe 2b               4558.00A    -3.477    0.0375
Ca B                3.29609m    -4.187    0.0073      Fe 2                4874.50A    -4.361    0.0049      Fe 2b               4600.00A    -3.443    0.0406
Ca B                3.03837m    -4.329    0.0053      Fe 2                4346.86A    -4.013    0.0109      Fe 2b               4743.00A    -4.139    0.0082
Ca B                2.87221m    -4.457    0.0039      Fe 2                4276.84A    -3.933    0.0131      Fe 2b               4855.00A    -3.565    0.0307
Ca B                2.75752m    -4.573    0.0030      Fe 2                4244.82A    -4.693    0.0023      Fe 2b               4920.00A    -3.051    0.1003
Ca B                2.67440m    -4.679    0.0024      Fe 2                3455.11A    -5.015    0.0011      Fe 2b               4975.00A    -3.584    0.0294
Ca B                2.61194m    -4.777    0.0019      Fe 2                3452.31A    -4.717    0.0022      Fe 2b               4971.00A    -3.617    0.0272
Ca B                2.56363m    -4.868    0.0015      Fe 2                3440.99A    -4.611    0.0028      Fe 2b               5070.00A    -3.499    0.0357
Ca B                2.52540m    -4.953    0.0013      Fe 2                35.7675m    -4.356    0.0050      Fe 2b               5143.00A    -2.957    0.1246
Ca B                2.49458m    -5.032    0.0010      Fe 2                1.95361m    -3.694    0.0228      Fe 2b               5270.00A    -2.670    0.2409
Ca B                12.3685m    -4.069    0.0096      Fe 2                1.80002m    -3.587    0.0292      Fe 2b               5318.00A    -2.986    0.1163
Ca B                7.50045m    -4.229    0.0067      Fe 2                1.71113m    -4.206    0.0070      Fe 2b               5540.00A    -3.847    0.0160
Ca B                5.90660m    -4.385    0.0046      Fe 2                1.66377m    -3.813    0.0173      Fe 2b               5865.00A    -4.462    0.0039
Ca B                5.12726m    -4.526    0.0034      Fe 2                9399.04A    -3.686    0.0232      Fe 2b               6265.00A    -4.861    0.0016
Ca B                4.67124m    -4.654    0.0025      Fe 2                9226.63A    -3.682    0.0234      Fe 2b               6565.00A    -4.432    0.0042
Ca B                4.37526m    -4.770    0.0019      Fe 2                9033.49A    -4.467    0.0038      Fe 2b               6910.00A    -4.574    0.0030
Ca B                4.16966m    -4.877    0.0015      Fe 2                7388.17A    -3.969    0.0121      Fe 2b               7445.00A    -2.863    0.1544
Ca B                4.01977m    -4.975    0.0012      Fe 2                6440.41A    -4.670    0.0024      Fe 2b               8625.00A    -2.784    0.1853
Ca B                19.0567m    -4.431    0.0042      Fe 2                5654.87A    -4.996    0.0011      Fe 2b               1.03250m    -3.803    0.0177
Ca B                11.3056m    -4.563    0.0031      Fe 2                5556.31A    -4.847    0.0016      Fe 2b               1.88900m    -2.606    0.2795
Ca B                8.75768m    -4.699    0.0023      Fe 2                5412.67A    -4.905    0.0014      Fe 2b               2.20000m    -4.086    0.0093
Ca B                7.50606m    -4.825    0.0017      Fe 2                5333.66A    -3.731    0.0209      miscellaneous...................................
Ca B                6.77015m    -4.941    0.0013      Fe 2                5296.84A    -4.984    0.0012      C 2R                1335.00A    -2.967    0.1216
Ca B                6.29020m    -5.048    0.0010      Fe 2                5268.89A    -4.692    0.0023      C 3R                977.000A    -4.185    0.0074
Ca B                27.7958m    -4.750    0.0020      Fe 2                5049.30A    -4.108    0.0088      C 3R                1909.00A    -4.339    0.0052
Ca B                16.2047m    -4.860    0.0016      Fe 2                5005.52A    -4.176    0.0075      C 3R                1175.00A    -4.518    0.0034
Ca B                12.3838m    -4.980    0.0012      Fe 2                4973.40A    -4.462    0.0039      N 2R                1085.00A    -4.178    0.0075
Ca B                38.8593m    -5.035    0.0010      Fe 2                4950.76A    -4.757    0.0020      N 3R                990.000A    -4.222    0.0068
H  1                2430.61A    -1.008   11.0731      Fe 2                4352.79A    -4.249    0.0064      O 2R                7323.00A    -4.973    0.0012
H  1                1215.67A    -0.648   25.3499      Fe 2                4319.62A    -4.463    0.0039      O 2H                3727.00A    -3.891    0.0145
H  1                1025.72A    -4.027    0.0106      Fe 2                3501.63A    -4.752    0.0020      O 2R                3726.00A    -4.206    0.0070
H  1                972.537A    -4.135    0.0083      Fe 2                1.89541m    -4.323    0.0054      O 2R                3729.00A    -4.223    0.0067
H  1                949.743A    -4.192    0.0072      Fe 2                1.79711m    -3.859    0.0156      O 2R                2471.00A    -4.806    0.0018
H  1                937.803A    -4.231    0.0066      Fe 2                1.74494m    -4.135    0.0083      O 2H                7325.00A    -4.467    0.0038
H  1                930.748A    -4.261    0.0062      Fe 2                9652.70A    -4.535    0.0033      O 2R                4651.00A    -4.481    0.0037
H  1                926.226A    -4.288    0.0058      Fe 2                9470.94A    -4.072    0.0095      O 2R                4341.00A    -4.758    0.0020
H  1                923.150A    -4.315    0.0055      Fe 2                9267.56A    -4.164    0.0077      O 3C                5592.00A    -5.046    0.0010
H  1                920.963A    -4.342    0.0051      Fe 2                6558.51A    -4.884    0.0015      O 3R                835.000A    -3.770    0.0191
H  1                919.351A    -4.482    0.0037      Fe 2                5376.47A    -4.096    0.0090      O 4R                789.000A    -4.811    0.0017
H  1                918.129A    -4.499    0.0036      Fe 2                5076.57A    -4.780    0.0019      Blnd                1400.00A    -4.026    0.0106
H  1                917.181A    -4.514    0.0035      Fe 2                5043.53A    -4.669    0.0024      Blnd                1650.00A    -1.976    1.1917
H  1                916.429A    -4.526    0.0034      Fe 2                5020.24A    -4.734    0.0021      Blnd                1304.00A    -4.165    0.0077
H  1                915.824A    -4.537    0.0033      Fe 2                4372.43A    -4.737    0.0021      Blnd                1039.00A    -4.708    0.0022
H  1                915.329A    -4.546    0.0032      Fe 2                4358.37A    -4.825    0.0017      Blnd                2798.00A    -1.838    1.6365
H  1                914.919A    -4.554    0.0031      Fe 2                3539.19A    -5.022    0.0011      Blnd                6720.00A    -1.891    1.4474
H  1                914.576A    -4.560    0.0031      Fe 2                5163.96A    -4.923    0.0013      Blnd                4074.00A    -3.026    0.1061
H  1                914.286A    -4.564    0.0031      Fe 2                3277.35A    -4.907    0.0014      Blnd                1.03300m    -3.135    0.0826
H  1                914.039A    -4.565    0.0031      Fe 2                2926.59A    -4.991    0.0011      Blnd                1256.00A    -4.532    0.0033
H  1                913.826A    -4.562    0.0031      Fe 2                2755.74A    -3.984    0.0117      Blnd                1198.00A    -4.561    0.0031
H  1                6562.80A    -1.606    2.7911      Fe 2                2739.55A    -4.237    0.0065      Blnd                1720.00A    -4.283    0.0059
H  1                4861.32A    -2.052    1.0000      Fe 2                2716.70A    -5.004    0.0011      Blnd                3722.00A    -3.785    0.0185
H  1                4340.46A    -2.378    0.4722      Fe 2                1.00287m    -5.045    0.0010      Blnd                2665.00A    -3.128    0.0839
H  1                4101.73A    -2.634    0.2615      Fe 2                2772.73A    -4.287    0.0058      Blnd                1860.00A    -3.821    0.0170
H  1                3970.07A    -2.845    0.1611      Fe 2                2749.32A    -4.961    0.0012      Blnd                4725.00A    -4.118    0.0086
H  1                3889.05A    -3.024    0.1067      Fe 2                2.04602m    -4.990    0.0012      Blnd                2335.00A    -2.768    0.1922
H  1                3835.38A    -3.179    0.0746      Fe 2                5551.32A    -4.925    0.0013      Blnd                1888.00A    -2.709    0.2204
H  1                3797.90A    -3.317    0.0543      Fe 2                2.00672m    -5.010    0.0011      Blnd                1397.00A    -4.063    0.0098
H  1                3770.63A    -3.316    0.0544      Fe 2                2.22379m    -4.162    0.0078      Blnd                2424.00A    -3.906    0.0140
H  1                3750.15A    -3.420    0.0428      Fe 2                2.01513m    -4.794    0.0018      Blnd                3350.00A    -4.681    0.0023
H  1                3734.37A    -3.515    0.0344      Fe 2                9682.08A    -4.827    0.0017      Blnd                5525.00A    -3.534    0.0330
H  1                3721.94A    -3.603    0.0281      Fe 2                5169.03A    -4.994    0.0011      Blnd                8579.00A    -3.259    0.0621
H  1                3711.97A    -3.684    0.0233      Fe 3                22.9190m    -2.488    0.3664      Blnd                7306.00A    -2.511    0.3474
H  1                3703.85A    -3.759    0.0196      Fe 3                4985.87A    -3.218    0.0682      Blnd                3933.00A    -3.343    0.0511
H  1                3697.15A    -3.829    0.0167      Fe 3                4924.54A    -3.919    0.0136      Blnd                1657.00A    -4.544    0.0032
H  1                3691.55A    -3.893    0.0144      Fe 3                4881.00A    -3.018    0.1081      Blnd                9850.00A    -3.971    0.0121
H  1                3686.83A    -3.951    0.0126      Fe 3                4658.05A    -2.533    0.3299      Blnd                2326.00A    -2.488    0.3662
H  1                3682.81A    -4.003    0.0112      Fe 3                4607.03A    -3.808    0.0176      Blnd                1335.00A    -3.695    0.0228
H  1                3679.35A    -4.048    0.0101      Fe 3                4070.71A    -4.707    0.0022      Blnd                1909.00A    -2.334    0.5220
H  1                1.87510m    -2.564    0.3078      Fe 3                4008.35A    -3.688    0.0231      Blnd                1549.00A    -3.640    0.0258
H  1                1.28181m    -2.857    0.1567      Fe 3                3322.54A    -3.475    0.0377      Blnd                5199.00A    -3.463    0.0388
H  1                1.09381m    -3.106    0.0883      Fe 3                3239.74A    -3.553    0.0315      Blnd                1.04030m    -4.674    0.0024
H  1                1.00494m    -3.314    0.0547      Fe 3                2438.29A    -3.967    0.0122      Blnd                1085.00A    -4.084    0.0093
H  1                9545.97A    -3.492    0.0363      Fe 3                1576.66A    -4.644    0.0026      Blnd                2141.00A    -3.612    0.0276
H  1                9229.02A    -3.648    0.0253      Fe 3                1434.81A    -5.043    0.0010      Blnd                1750.00A    -3.757    0.0197
H  1                9014.91A    -3.786    0.0184      Fe 3                33.0270m    -3.039    0.1030      Blnd                990.000A    -4.248    0.0064
H  1                8862.79A    -3.831    0.0166      Fe 3                5270.40A    -2.795    0.1809      Blnd                1486.00A    -4.743    0.0020
H  1                8750.48A    -3.935    0.0131      Fe 3                5032.68A    -4.725    0.0021      Blnd                6300.00A    -2.675    0.2384
H  1                8665.02A    -4.030    0.0105      Fe 3                4987.21A    -3.759    0.0196      Blnd                2471.00A    -3.095    0.0905
H  1                8598.40A    -4.118    0.0086      Fe 3                4754.69A    -3.259    0.0620      Blnd                7323.00A    -3.264    0.0614
H  1                8545.39A    -4.198    0.0071      Fe 3                4701.54A    -3.095    0.0905      Blnd                7332.00A    -3.350    0.0503
H  1                8502.49A    -4.273    0.0060      Fe 3                4667.01A    -4.144    0.0081      Blnd                833.000A    -4.217    0.0068
H  1                8467.26A    -4.343    0.0051      Fe 3                4079.70A    -4.247    0.0064      Blnd                3727.00A    -1.417    4.3185
H  1                8437.96A    -4.407    0.0044      Fe 3                4046.42A    -4.696    0.0023      Blnd                7325.00A    -3.004    0.1117
H  1                8413.32A    -4.465    0.0039      Fe 3                3371.41A    -3.609    0.0277      Blnd                1666.00A    -3.414    0.0435
H  1                8392.40A    -4.517    0.0034      Fe 3                3301.56A    -4.702    0.0022      Blnd                5007.00A    -1.035   10.4021
H  1                8374.48A    -4.561    0.0031      Fe 3                3286.19A    -4.069    0.0096      Blnd                835.000A    -3.970    0.0121
H  1                4.05115m    -3.214    0.0689      Fe 3                2464.51A    -4.109    0.0088      Blnd                789.000A    -4.452    0.0040
H  1                2.62515m    -3.432    0.0417      Fe 3                51.6655m    -3.689    0.0231
H  1                2.16553m    -3.634    0.0262      Fe 3                5011.26A    -3.465    0.0386

                                                    Emergent line intensities
general properties..............................      He 1                1.00275m    -4.832    0.0017      O  3                1660.81A    -3.956    0.0125
continua........................................      He 1                9526.01A    -5.004    0.0011      O  3                5006.84A    -1.164    7.7273
FIR                 83.0000m    -1.502    3.5465      He 1                1.86972m    -4.515    0.0034      O  3                1666.15A    -3.561    0.0310
TIR                 1800.00m    -4.092    0.0091      He 1                1.27905m    -4.845    0.0016      O  3                4363.21A    -3.376    0.0474
NIRa                2.85000m    -0.182   74.1676      He 1                4.04791m    -4.755    0.0020      P  2                60.6263m    -4.740    0.0020
NIRb                3.00000m    -0.496   35.9720      He 1                2.62337m    -5.048    0.0010      P  2                32.8620m    -4.159    0.0078
MIRa                15.0000m    -0.687   23.1613      extra Lyman.....................................      P  2                1.14682m    -3.898    0.0142
MIRb                22.5000m    -0.626   26.6868      database lines..................................      P  2                1.18828m    -3.475    0.0378
NMIR                21.7500m    -0.182   74.1676      Al 3                1862.79A    -4.268    0.0061      P  2                7875.99A    -4.833    0.0017
TFIR                611.250m    -3.191    0.0726      Al 3                1854.72A    -4.014    0.0109      P  3                17.8797m    -4.180    0.0074
TALL                10000.0A     0.332  242.3501      Ar 2                6.98337m    -3.717    0.0216      S  2                6730.82A    -2.188    0.7304
F12                 12.0000m    -1.134    8.2707      Ar 3                3109.18A    -4.420    0.0043      S  2                6716.44A    -2.197    0.7168
F25                 25.0000m    -1.708    2.2099      Ar 3                5191.82A    -4.756    0.0020      S  2                4076.35A    -3.643    0.0257
F60                 60.0000m    -1.662    2.4552      Ar 3                7135.79A    -2.650    0.2523      S  2                4068.60A    -3.146    0.0805
F100                100.000m    -2.053    0.9980      Ar 3                7751.11A    -3.275    0.0599      S  2                1.03364m    -3.781    0.0187
MIPS                24.0000m    -1.767    1.9299      Ar 3                8.98898m    -2.683    0.2339      S  2                1.02867m    -3.773    0.0190
MIPS                70.0000m    -3.005    0.1115      Ar 3                21.8253m    -3.857    0.0157      S  2                1.03705m    -4.103    0.0089
MIPS                160.000m    -3.426    0.0423      Ar 4                4711.26A    -4.352    0.0050      S  2                1.03205m    -3.639    0.0259
IRAC                3.60000m    -1.410    4.3883      Ar 4                4740.12A    -4.498    0.0036      S  2                1259.52A    -4.939    0.0013
IRAC                4.50000m    -1.381    4.6863      C  1                1657.01A    -5.047    0.0010      S  2                1253.81A    -4.989    0.0012
IRAC                5.80000m    -1.297    5.6826      C  1                9824.13A    -4.571    0.0030      S  3                33.4704m    -2.203    0.7064
IRAC                8.00000m    -1.179    7.4728      C  1                9850.26A    -4.096    0.0090      S  3                18.7078m    -2.175    0.7536
SPR1                250.000m    -4.315    0.0055      C  2                1036.34A    -4.562    0.0031      S  3                9068.62A    -2.316    0.5441
SPR2                350.000m    -4.432    0.0042      C  2                1037.02A    -4.463    0.0039      S  3                9530.62A    -1.916    1.3668
SPR3                500.000m    -4.490    0.0037      C  2                1334.53A    -4.334    0.0052      S  3                3721.63A    -3.791    0.0182
PAC1                70.0000m    -2.986    0.1164      C  2                1335.66A    -4.288    0.0058      S  3                6312.06A    -3.518    0.0342
PAC2                100.000m    -2.043    1.0214      C  2                1335.71A    -3.984    0.0117      S  3                1713.11A    -4.866    0.0015
PAC3                160.000m    -3.374    0.0477      C  2                2323.50A    -3.812    0.0174      S  3                1728.94A    -4.415    0.0043
PAH                 3.30000m    -2.262    0.6163      C  2                2324.69A    -3.589    0.0290      S  3                1194.45A    -5.024    0.0011
PAHC                3.23000m    -2.507    0.3508      C  2                2325.40A    -2.793    0.1815      S  3                1021.11A    -4.920    0.0014
PAHC                3.37000m    -2.579    0.2974      C  2                2326.93A    -3.029    0.1053      S  3                1021.32A    -5.048    0.0010
PAH                 6.20000m    -1.843    1.6178      C  2                2328.12A    -3.536    0.0328      Si 2                34.8046m    -2.028    1.0562
PAHC                5.65000m    -1.806    1.7631      C  2                157.636m    -3.573    0.0301      Si 2                2334.41A    -3.790    0.0183
PAH                 7.90000m    -1.648    2.5343      C  3                1908.73A    -2.730    0.2097      Si 2                2328.52A    -4.364    0.0049
PAHC                6.90000m    -1.575    2.9979      C  3                1906.68A    -2.558    0.3122      Si 2                1808.01A    -3.625    0.0267
PAH                 11.3000m    -2.390    0.4588      C  3                977.020A    -3.904    0.0141      Si 2                1526.71A    -4.758    0.0020
PAHC                10.9000m    -2.320    0.5400      Ca 4                3.20610m    -3.567    0.0305      Si 2                1260.42A    -4.737    0.0021
PAH                 11.8000m    -2.252    0.6303      Co 2                10.5199m    -4.890    0.0015      Si 2                1193.29A    -4.888    0.0015
PAHC                12.6500m    -2.292    0.5753      Co 2                2.98382m    -4.957    0.0012      Si 2                1190.42A    -5.034    0.0010
PAH                 13.3000m    -2.404    0.4448      Co 2                14.7345m    -5.034    0.0010      Si 2                2350.17A    -3.664    0.0244
PAHC                14.1000m    -2.498    0.3581      Co 2                1.01879m    -4.500    0.0036      Si 2                2344.20A    -3.215    0.0687
Bcon                3640.00A    -0.090   91.6304      Co 2                1.54700m    -4.746    0.0020      Si 2                2334.60A    -3.171    0.0760
Pcon                5000.00A    -0.377   47.2681      Co 3                11.8845m    -4.852    0.0016      Si 2                1817.45A    -3.837    0.0164
O3bn                5007.00A    -1.126    8.4398      Cr 2                8000.08A    -4.475    0.0038      Si 2                1816.93A    -3.294    0.0573
SX                  25.0000A    -1.648    2.5342      Cr 2                8125.30A    -4.547    0.0032      Si 2                1533.43A    -4.045    0.0102
HX                  4.70000A    -1.332    5.2452      Cr 2                8229.67A    -4.641    0.0026      Si 2                1309.28A    -4.490    0.0037
ROSA                12.3980A    -1.306    5.5733      Cr 2                8308.49A    -4.828    0.0017      Si 2                1265.00A    -4.288    0.0058
RRC.............................................      Fe 2                25.9813m    -2.634    0.2617      Si 2                1264.74A    -4.429    0.0042
grains..........................................      Fe 2                5.33871m    -2.167    0.7666      Si 2                1197.39A    -4.403    0.0045
H-like iso-sequence.............................      Fe 2                4.11387m    -4.310    0.0055      Si 2                1194.50A    -4.346    0.0051
H  1                1215.67A    -0.649   25.3195      Fe 2                1.25668m    -3.360    0.0492      Si 3                1892.03A    -3.098    0.0899
H  1                1025.72A    -4.030    0.0105      Fe 2                4632.28A    -4.297    0.0057      Si 3                1882.71A    -2.937    0.1304
H  1                972.537A    -4.138    0.0082      Fe 2                4416.27A    -4.249    0.0064      Si 3                1206.50A    -4.116    0.0086
H  1                949.743A    -4.195    0.0072      Fe 2                4287.39A    -3.379    0.0471      Si 4                1393.75A    -4.275    0.0060
H  1                937.803A    -4.234    0.0066      Fe 2                2599.40A    -4.340    0.0052      Si 4                1402.77A    -4.478    0.0037
H  1                930.748A    -4.264    0.0061      Fe 2                2382.04A    -3.182    0.0741      Al 2                2669.15A    -3.510    0.0348
H  1                926.226A    -4.291    0.0058      Fe 2                35.3391m    -3.284    0.0586      Al 2                2660.35A    -3.361    0.0491
H  1                923.150A    -4.318    0.0054      Fe 2                6.71944m    -3.307    0.0556      Al 2                1670.79A    -3.944    0.0128
H  1                920.963A    -4.345    0.0051      Fe 2                4.88781m    -3.973    0.0120      Al 5                2.90450m    -5.038    0.0010
H  1                919.351A    -4.486    0.0037      Fe 2                4.07521m    -4.754    0.0020      C  4                1550.77A    -4.086    0.0092
H  1                918.129A    -4.502    0.0035      Fe 2                1.32055m    -3.857    0.0157      C  4                1548.19A    -3.833    0.0165
H  1                917.181A    -4.517    0.0034      Fe 2                1.24854m    -4.729    0.0021      Ca 2                7323.89A    -2.912    0.1380
H  1                916.429A    -4.529    0.0033      Fe 2                7637.52A    -4.012    0.0110      Ca 2                7291.47A    -2.731    0.2093
H  1                915.824A    -4.540    0.0032      Fe 2                4889.62A    -4.149    0.0080      Ca 2                3968.47A    -3.689    0.0230
H  1                915.329A    -4.550    0.0032      Fe 2                4457.95A    -4.530    0.0033      Ca 2                8662.14A    -3.791    0.0182
H  1                914.919A    -4.557    0.0031      Fe 2                4359.33A    -3.510    0.0348      Ca 2                3933.66A    -3.604    0.0281
H  1                914.576A    -4.564    0.0031      Fe 2                2625.67A    -2.706    0.2216      Ca 2                8498.02A    -4.403    0.0045
H  1                914.286A    -4.568    0.0031      Fe 2                2611.87A    -3.607    0.0279      Ca 2                8542.09A    -3.456    0.0394
H  1                914.039A    -4.569    0.0030      Fe 2                2598.37A    -4.559    0.0031      Ca 5                4.15739m    -4.919    0.0014
H  1                913.826A    -4.565    0.0031      Fe 2                2395.63A    -3.656    0.0249      Cl 2                14.3639m    -3.975    0.0119
H  1                6562.80A    -1.606    2.7908      Fe 2                2388.63A    -4.575    0.0030      Cl 2                8578.70A    -3.674    0.0239
H  1                4861.32A    -2.052    1.0000      Fe 2                2364.83A    -3.984    0.0117      Cl 2                9123.60A    -4.259    0.0062
H  1                4340.46A    -2.378    0.4722      Fe 2                2332.80A    -4.978    0.0012      Cl 3                5537.87A    -3.884    0.0147
H  1                4101.73A    -2.635    0.2615      Fe 2                51.2868m    -3.844    0.0161      Cl 3                5517.71A    -3.791    0.0182
H  1                3970.07A    -2.845    0.1612      Fe 2                5.67236m    -4.785    0.0019      Cl 3                3342.80A    -4.826    0.0017
H  1                3889.05A    -3.024    0.1068      Fe 2                4.60641m    -4.554    0.0032      Cl 4                20.3197m    -4.404    0.0044
H  1                3835.38A    -3.179    0.0746      Fe 2                1.37181m    -4.100    0.0089      Cl 4                11.7629m    -4.453    0.0040
H  1                3797.90A    -3.317    0.0543      Fe 2                1.29427m    -4.514    0.0034      Cl 4                7530.54A    -5.004    0.0011
H  1                3770.63A    -3.316    0.0544      Fe 2                7686.93A    -4.140    0.0082      Cl 4                8045.62A    -4.640    0.0026
H  1                3750.15A    -3.420    0.0428      Fe 2                4728.07A    -4.767    0.0019      Fe 4                3094.96A    -3.343    0.0511
H  1                3734.37A    -3.516    0.0344      Fe 2                4488.75A    -4.894    0.0014      Fe 4                2835.74A    -2.855    0.1573
H  1                3721.94A    -3.603    0.0281      Fe 2                4413.78A    -3.662    0.0246      Fe 4                2829.36A    -3.125    0.0845
H  1                3711.97A    -3.684    0.0233      Fe 2                2631.32A    -3.412    0.0437      Fe 4                2823.50A    -4.401    0.0045
H  1                3703.85A    -3.760    0.0196      Fe 2                2617.62A    -4.508    0.0035      Fe 4                2577.92A    -4.740    0.0021
H  1                3697.15A    -3.829    0.0167      Fe 2                2607.09A    -4.486    0.0037      Fe 4                2.83562m    -4.262    0.0062
H  1                3691.55A    -3.893    0.0144      Fe 2                2404.89A    -4.332    0.0053      Fe 4                2.80554m    -4.795    0.0018
H  1                3686.83A    -3.951    0.0126      Fe 2                2399.24A    -4.830    0.0017      Fe 4                2.86447m    -4.592    0.0029
H  1                3682.81A    -4.003    0.0112      Fe 2                2380.76A    -3.552    0.0316      Fe 4                2567.61A    -3.780    0.0187
H  1                3679.35A    -4.048    0.0101      Fe 2                2348.30A    -4.831    0.0017      Fe 4                2.71569m    -4.896    0.0014
H  1                1.87510m    -2.564    0.3079      Fe 2                87.3597m    -4.644    0.0026      Fe 4                2567.40A    -4.532    0.0033
H  1                1.28181m    -2.857    0.1568      Fe 2                1.32777m    -4.698    0.0023      Fe 4                6739.82A    -4.338    0.0052
H  1                1.09381m    -3.106    0.0883      Fe 2                1.27877m    -4.805    0.0018      Fe 4                6761.38A    -4.839    0.0016
H  1                1.00494m    -3.314    0.0547      Fe 2                7665.28A    -4.799    0.0018      Fe 4                6734.42A    -4.460    0.0039
H  1                9545.97A    -3.493    0.0363      Fe 2                4452.10A    -3.854    0.0158      Fe 4                5233.76A    -4.962    0.0012
H  1                9229.02A    -3.648    0.0253      Fe 2                2631.05A    -4.469    0.0038      Fe 4                4906.56A    -4.660    0.0025
H  1                9014.91A    -3.786    0.0184      Fe 2                2613.82A    -4.832    0.0017      Fe 4                4899.97A    -5.002    0.0011
H  1                8862.79A    -3.832    0.0166      Fe 2                2410.52A    -4.912    0.0014      Fe 4                4903.07A    -4.982    0.0012
H  1                8750.48A    -3.935    0.0131      Fe 2                2406.66A    -4.899    0.0014      Fe 5                70.3538m    -3.724    0.0213
H  1                8665.02A    -4.030    0.0105      Fe 2                2359.11A    -5.048    0.0010      Fe 5                36.3273m    -3.527    0.0335
H  1                8598.40A    -4.118    0.0086      Fe 2                1.27034m    -4.995    0.0011      Fe 5                25.9131m    -3.636    0.0260
H  1                8545.39A    -4.199    0.0071      Fe 2                4474.90A    -4.166    0.0077      Fe 5                20.8407m    -3.906    0.0140
H  1                8502.49A    -4.274    0.0060      Fe 2                2628.29A    -4.887    0.0015      Fe 5                4180.59A    -4.516    0.0034
H  1                8467.26A    -4.343    0.0051      Fe 2                17.9311m    -2.935    0.1308      Fe 5                4143.15A    -4.276    0.0060
H  1                8437.96A    -4.407    0.0044      Fe 2                1.64355m    -2.182    0.7405      Fe 5                4227.19A    -3.567    0.0306
H  1                8413.32A    -4.465    0.0039      Fe 2                1.53348m    -3.146    0.0806      Fe 5                4071.24A    -4.286    0.0058
H  1                8392.40A    -4.517    0.0034      Fe 2                8616.95A    -3.423    0.0426      Fe 5                3895.22A    -4.674    0.0024
H  1                8374.48A    -4.561    0.0031      Fe 2                7155.17A    -3.156    0.0787      Fe 5                3851.34A    -4.947    0.0013
H  1                4.05115m    -3.214    0.0689      Fe 2                6896.17A    -4.894    0.0014      Fe 5                3794.94A    -4.358    0.0049
H  1                2.62515m    -3.432    0.0417      Fe 2                5413.37A    -4.924    0.0013      Fe 5                3755.70A    -4.640    0.0026
H  1                2.16553m    -3.634    0.0262      Fe 2                5273.36A    -3.664    0.0245      Fe 5                3839.27A    -4.331    0.0053
H  1                1.94456m    -3.811    0.0174      Fe 2                5158.79A    -3.030    0.1052      Fe 5                3783.22A    -4.743    0.0020
H  1                1.81741m    -3.966    0.0122      Fe 2                5111.64A    -3.961    0.0123      Fe 5                3891.28A    -4.513    0.0035
H  1                1.73621m    -4.104    0.0089      Fe 2                5072.41A    -3.717    0.0217      Fe 6                19.5527m    -4.292    0.0058
H  1                1.68065m    -4.201    0.0071      Fe 2                4814.54A    -3.991    0.0115      Fe 6                14.7670m    -4.516    0.0034
H  1                1.64072m    -4.304    0.0056      Fe 2                4774.73A    -4.444    0.0041      Fe 6                12.3074m    -4.781    0.0019
H  1                1.61093m    -4.398    0.0045      Fe 2                4243.97A    -3.386    0.0464      Fe 6                5145.75A    -4.913    0.0014
H  1                1.58805m    -4.486    0.0037      Fe 2                4177.20A    -4.472    0.0038      Fe 6                4972.47A    -4.929    0.0013
H  1                1.57007m    -4.566    0.0031      Fe 2                3387.09A    -4.923    0.0013      Fe 6                5176.04A    -4.987    0.0012
H  1                1.55565m    -4.641    0.0026      Fe 2                3376.20A    -4.133    0.0083      Mg 2                2802.71A    -2.312    0.5499
H  1                1.54389m    -4.710    0.0022      Fe 2                2732.45A    -4.804    0.0018      Mg 2                2795.53A    -2.016    1.0868
H  1                1.53418m    -4.774    0.0019      Fe 2                2493.30A    -3.119    0.0857      Mg 2                2798.00A    -5.000    0.0011
H  1                1.52605m    -4.832    0.0017      Fe 2                24.5126m    -3.594    0.0287      Mg 4                4.48711m    -3.766    0.0193
H  1                1.51919m    -4.884    0.0015      Fe 2                1.80940m    -2.783    0.1857      N  2                205.283m    -4.503    0.0035
H  1                1.51332m    -4.928    0.0013      Fe 2                1.67688m    -3.571    0.0303      N  2                121.769m    -3.679    0.0236
H  1                7.45782m    -3.732    0.0209      Fe 2                1.59948m    -3.528    0.0334      N  2                6548.05A    -2.387    0.4627
H  1                4.65251m    -3.900    0.0142      Fe 2                9051.95A    -3.264    0.0614      N  2                6583.45A    -1.917    1.3638
H  1                3.73954m    -4.068    0.0096      Fe 2                8891.93A    -3.738    0.0206      N  2                3062.83A    -5.016    0.0011
H  1                3.29609m    -4.220    0.0068      Fe 2                7452.56A    -3.648    0.0253      N  2                5754.59A    -3.736    0.0207
H  1                3.03837m    -4.357    0.0050      Fe 2                7172.00A    -3.849    0.0160      N  2                2139.01A    -4.151    0.0080
H  1                2.87221m    -4.490    0.0037      Fe 2                5527.36A    -4.036    0.0104      N  2                2142.77A    -3.760    0.0196
H  1                2.75752m    -4.592    0.0029      Fe 2                5433.15A    -4.177    0.0075      N  2                1085.70A    -4.712    0.0022
H  1                2.67440m    -4.686    0.0023      Fe 2                5261.63A    -3.434    0.0415      N  2                1084.58A    -4.798    0.0018
H  1                2.61194m    -4.773    0.0019      Fe 2                5220.08A    -4.720    0.0021      N  2                1085.55A    -4.798    0.0018
H  1                2.56363m    -4.854    0.0016      Fe 2                5184.80A    -4.585    0.0029      N  2                1083.99A    -4.814    0.0017
H  1                2.52540m    -4.928    0.0013      Fe 2                5158.01A    -4.522    0.0034      N  2                1084.56A    -4.895    0.0014
H  1                2.49458m    -4.997    0.0011      Fe 2                4947.39A    -3.935    0.0131      N  2                915.612A    -4.809    0.0018
H  1                12.3685m    -4.167    0.0077      Fe 2                4905.35A    -4.300    0.0057      N  2                916.020A    -4.956    0.0012
H  1                7.50045m    -4.299    0.0057      Fe 2                4874.50A    -4.361    0.0049      N  2                916.710A    -4.882    0.0015
H  1                5.90660m    -4.441    0.0041      Fe 2                4346.86A    -4.013    0.0109      N  2                916.012A    -4.903    0.0014
H  1                5.12726m    -4.574    0.0030      Fe 2                4276.84A    -3.933    0.0131      N  2                916.701A    -4.657    0.0025
H  1                4.67124m    -4.728    0.0021      Fe 2                4244.82A    -4.693    0.0023      N  2                915.962A    -4.748    0.0020
H  1                4.37526m    -4.829    0.0017      Fe 2                3455.11A    -5.015    0.0011      N  3                57.3238m    -2.603    0.2810
H  1                4.16966m    -4.923    0.0013      Fe 2                3452.31A    -4.718    0.0022      N  3                1748.65A    -4.725    0.0021
H  1                4.01977m    -5.009    0.0011      Fe 2                3440.99A    -4.611    0.0028      N  3                1753.99A    -4.710    0.0022
H  1                19.0567m    -4.543    0.0032      Fe 2                35.7675m    -4.356    0.0050      N  3                1752.16A    -4.243    0.0064
H  1                11.3056m    -4.648    0.0025      Fe 2                1.95361m    -3.694    0.0228      N  3                1749.67A    -4.147    0.0080
H  1                8.75768m    -4.770    0.0019      Fe 2                1.80002m    -3.587    0.0292      N  3                989.799A    -4.804    0.0018
H  1                7.50606m    -4.932    0.0013      Fe 2                1.71113m    -4.206    0.0070      N  3                991.511A    -4.695    0.0023
H  1                6.77015m    -5.032    0.0010      Fe 2                1.66377m    -3.813    0.0174      N  3                991.577A    -4.694    0.0023
H  1                27.7958m    -4.873    0.0015      Fe 2                9399.04A    -3.686    0.0232      Na 3                7.31570m    -3.919    0.0136
H  1                16.2047m    -4.959    0.0012      Fe 2                9226.63A    -3.682    0.0234      Na 4                9.03096m    -4.549    0.0032
He 2                1640.41A    -1.992    1.1481      Fe 2                9033.49A    -4.467    0.0038      Ne 4                2421.66A    -4.288    0.0058
He 2                1215.13A    -2.468    0.3840      Fe 2                7388.17A    -3.969    0.0121      Ne 4                2424.28A    -4.139    0.0082
He 2                1084.94A    -2.808    0.1753      Fe 2                6440.41A    -4.670    0.0024      Ni 2                1.19102m    -3.572    0.0302
He 2                1025.27A    -3.068    0.0965      Fe 2                5654.87A    -4.997    0.0011      Ni 2                6.63416m    -3.578    0.0298
He 2                992.358A    -3.278    0.0594      Fe 2                5556.31A    -4.847    0.0016      Ni 2                1.07151m    -4.175    0.0075
He 2                972.106A    -3.455    0.0396      Fe 2                5412.67A    -4.906    0.0014      Ni 2                10.6793m    -3.813    0.0174
He 2                958.693A    -3.607    0.0279      Fe 2                5333.66A    -3.731    0.0209      Ni 2                1.16130m    -4.992    0.0011
He 2                949.323A    -3.741    0.0205      Fe 2                5296.84A    -4.985    0.0012      Ni 2                12.7253m    -4.529    0.0033
He 2                942.507A    -3.597    0.0285      Fe 2                5268.89A    -4.692    0.0023      Ni 2                7377.83A    -3.163    0.0774
He 2                937.389A    -3.691    0.0230      Fe 2                5049.30A    -4.108    0.0088      Ni 2                8300.99A    -4.459    0.0039
He 2                933.444A    -3.777    0.0189      Fe 2                5005.52A    -4.176    0.0075      Ni 2                1.93877m    -3.871    0.0152
He 2                930.337A    -3.856    0.0157      Fe 2                4973.40A    -4.462    0.0039      Ni 2                2.91064m    -4.827    0.0017
He 2                927.846A    -3.929    0.0133      Fe 2                4950.76A    -4.757    0.0020      Ni 2                6666.80A    -4.522    0.0034
He 2                925.816A    -3.997    0.0113      Fe 2                4352.79A    -4.249    0.0064      Ni 2                7411.61A    -4.304    0.0056
He 2                924.142A    -4.060    0.0098      Fe 2                4319.62A    -4.463    0.0039      Ni 2                4326.24A    -4.360    0.0049
He 2                922.743A    -4.118    0.0086      Fe 2                3501.63A    -4.752    0.0020      Ni 2                4628.05A    -4.782    0.0019
He 2                921.562A    -4.170    0.0076      Fe 2                1.89541m    -4.323    0.0054      Ni 2                7255.82A    -4.715    0.0022
He 2                920.556A    -4.216    0.0068      Fe 2                1.79711m    -3.859    0.0156      Ni 2                4201.17A    -4.664    0.0024
He 2                919.693A    -4.255    0.0063      Fe 2                1.74494m    -4.135    0.0083      Ni 2                7307.65A    -5.012    0.0011
He 2                4685.68A    -2.871    0.1516      Fe 2                9652.70A    -4.535    0.0033      Ni 2                4033.04A    -4.935    0.0013
He 2                3203.08A    -3.197    0.0717      Fe 2                9470.94A    -4.073    0.0095      Ni 2                3993.06A    -4.496    0.0036
He 2                2733.28A    -3.462    0.0389      Fe 2                9267.56A    -4.164    0.0077      Ni 2                4248.80A    -4.971    0.0012
He 2                2511.19A    -3.678    0.0236      Fe 2                6558.51A    -4.884    0.0015      Ni 2                6365.10A    -4.970    0.0012
He 2                2385.39A    -3.860    0.0155      Fe 2                5376.47A    -4.096    0.0090      Ni 2                3438.88A    -4.767    0.0019
He 2                2306.18A    -4.017    0.0108      Fe 2                5076.57A    -4.780    0.0019      O  4                25.8863m    -2.074    0.9504
He 2                2252.67A    -4.155    0.0079      Fe 2                5043.53A    -4.669    0.0024      S  4                10.5076m    -2.453    0.3969
He 2                2214.65A    -4.109    0.0088      Fe 2                5020.24A    -4.734    0.0021      level 1 lines...................................
He 2                2186.59A    -4.203    0.0071      Fe 2                4372.43A    -4.737    0.0021      recombination...................................
He 2                2165.23A    -4.288    0.0058      Fe 2                4358.37A    -4.825    0.0017      level2 lines....................................
He 2                2148.58A    -4.367    0.0048      Fe 2                3539.19A    -5.022    0.0011      C  1                943.939A    -4.961    0.0012
He 2                2135.34A    -4.441    0.0041      Fe 2                5163.96A    -4.923    0.0013      C  1                1247.50A    -4.995    0.0011
He 2                2124.61A    -4.508    0.0035      Fe 2                3277.35A    -4.907    0.0014      N  1                942.258A    -4.795    0.0018
He 2                2115.81A    -4.571    0.0030      Fe 2                2926.59A    -4.991    0.0011      O  1                976.791A    -4.675    0.0024
He 2                2108.49A    -4.629    0.0027      Fe 2                2755.74A    -3.984    0.0117      O  1                969.049A    -4.728    0.0021
He 2                2102.33A    -4.681    0.0024      Fe 2                2739.55A    -4.237    0.0065      O  1                946.387A    -4.768    0.0019
He 2                2097.10A    -4.727    0.0021      Fe 2                2716.70A    -5.004    0.0011      O  1                934.501A    -4.801    0.0018
He 2                2092.63A    -4.765    0.0019      Fe 2                1.00287m    -5.045    0.0010      O  1                973.577A    -4.816    0.0017
He 2                1.01235m    -3.484    0.0370      Fe 2                2772.73A    -4.287    0.0058      O  1                927.472A    -4.832    0.0017
He 2                6560.01A    -3.723    0.0213      Fe 2                2749.32A    -4.961    0.0012      O  1                948.506A    -4.871    0.0015
He 2                5411.45A    -3.940    0.0130      Fe 2                2.04602m    -4.990    0.0012      O  1                922.969A    -4.868    0.0015
He 2                4859.26A    -4.125    0.0085      Fe 2                5551.32A    -4.925    0.0013      O  1                919.912A    -4.903    0.0014
He 2                4541.54A    -4.285    0.0059      Fe 2                2.00672m    -5.010    0.0011      O  1                935.672A    -4.930    0.0013
He 2                4338.62A    -4.425    0.0042      Fe 2                2.22379m    -4.162    0.0078      O  1                917.726A    -4.940    0.0013
He 2                4199.78A    -4.479    0.0037      Fe 2                2.01513m    -4.794    0.0018      O  1                918.704A    -4.970    0.0012
He 2                4099.99A    -4.571    0.0030      Fe 2                9682.08A    -4.827    0.0017      O  1                928.186A    -4.991    0.0011
He 2                4025.55A    -4.657    0.0025      Fe 2                5169.03A    -4.994    0.0011      O  1                917.473A    -5.011    0.0011
He 2                3968.39A    -4.735    0.0021      Fe 3                22.9190m    -2.488    0.3665      Si 2                1179.59A    -4.292    0.0058
He 2                3923.44A    -4.808    0.0018      Fe 3                4985.87A    -3.218    0.0682      Si 2                993.354A    -4.756    0.0020
He 2                3887.40A    -4.876    0.0015      Fe 3                4924.54A    -3.919    0.0136      Si 2                1024.03A    -4.941    0.0013
He 2                3858.03A    -4.939    0.0013      Fe 3                4881.00A    -3.018    0.1081      P  2                967.202A    -5.041    0.0010
He 2                3833.76A    -4.996    0.0011      Fe 3                4658.05A    -2.534    0.3299      P  2                963.828A    -4.952    0.0013
He 2                3813.45A    -5.048    0.0010      Fe 3                4607.03A    -3.808    0.0176      Ti 2                3364.74A    -4.155    0.0079
He 2                1.86365m    -3.984    0.0117      Fe 3                4070.71A    -4.707    0.0022      Ti 2                3237.15A    -4.383    0.0047
He 2                1.16262m    -4.163    0.0077      Fe 3                4008.35A    -3.688    0.0231      Cr 2                2059.78A    -4.565    0.0031
He 2                9344.80A    -4.341    0.0051      Fe 3                3322.54A    -3.475    0.0377      Ni 2                1751.83A    -4.899    0.0014
He 2                8236.67A    -4.500    0.0036      Fe 3                3239.74A    -3.553    0.0315      Ni 2                1744.24A    -4.788    0.0018
He 2                7592.65A    -4.641    0.0026      Fe 3                2438.29A    -3.967    0.0122      Ni 2                1375.73A    -5.047    0.0010
He 2                7177.41A    -4.768    0.0019      Fe 3                1576.66A    -4.645    0.0026      hyperfine structure.............................
He 2                6890.80A    -4.860    0.0016      Fe 3                1434.81A    -5.044    0.0010      inner shell.....................................
He 2                6683.11A    -4.944    0.0013      Fe 3                33.0270m    -3.039    0.1030      molecules.......................................
He 2                6527.01A    -5.023    0.0011      Fe 3                5270.40A    -2.795    0.1809      bands...........................................
He 2                3.09080m    -4.411    0.0044      Fe 3                5032.68A    -4.725    0.0021      Fe 2b               2500.00A    -2.273    0.6015
He 2                1.87431m    -4.546    0.0032      Fe 3                4987.21A    -3.759    0.0196      Fe 2b               5000.00A    -2.267    0.6093
He 2                1.47602m    -4.694    0.0023      Fe 3                4754.69A    -3.259    0.0620      Fe 2b               7000.00A    -2.839    0.1632
He 2                1.28127m    -4.831    0.0017      Fe 3                4701.54A    -3.096    0.0905      Fe 2b               10000.0A    -1.882    1.4806
He 2                1.16730m    -5.006    0.0011      Fe 3                4667.01A    -4.144    0.0081      Fe 2b               2355.00A    -2.827    0.1680
He 2                4.76213m    -4.784    0.0019      Fe 3                4079.70A    -4.247    0.0064      Fe 2b               2430.00A    -2.295    0.5716
He 2                2.82519m    -4.888    0.0015      Fe 3                4046.42A    -4.696    0.0023      Fe 2b               2445.00A    -2.295    0.5716
He 2                2.18848m    -5.011    0.0011      Fe 3                3371.41A    -3.609    0.0277      Fe 2b               2495.00A    -3.115    0.0865
He-like iso-sequence............................      Fe 3                3301.56A    -4.702    0.0022      Fe 2b               2610.00A    -2.551    0.3171
He 1                1.08291m    -3.716    0.0217      Fe 3                3286.19A    -4.069    0.0096      Fe 2b               2695.00A    -5.003    0.0011
He 1                1.08302m    -3.165    0.0770      Fe 3                2464.51A    -4.109    0.0088      Fe 2b               2758.00A    -3.617    0.0272
He 1                1.08303m    -2.874    0.1507      Fe 3                51.6655m    -3.689    0.0231      Fe 2b               2780.00A    -3.595    0.0286
Blnd                1.08302m    -2.655    0.2494      Fe 3                5011.26A    -3.465    0.0386      Fe 2b               2935.00A    -4.860    0.0016
He 1                3888.64A    -3.114    0.0867      Fe 3                4769.43A    -3.563    0.0308      Fe 2b               2960.00A    -4.936    0.0013
He 1                3187.74A    -3.507    0.0351      Fe 3                4733.91A    -3.603    0.0282      Fe 2b               3180.00A    -4.489    0.0037
He 1                2945.10A    -3.819    0.0171      Fe 3                3406.18A    -3.972    0.0120      Fe 2b               3250.00A    -3.927    0.0133
He 1                2829.08A    -4.072    0.0095      Fe 3                3334.90A    -4.081    0.0094      Fe 2b               3590.00A    -3.979    0.0118
He 1                2760.44A    -4.657    0.0025      Fe 3                3319.22A    -4.235    0.0066      Fe 2b               4255.00A    -2.736    0.2070
He 1                2721.00A    -4.803    0.0018      Fe 3                2483.05A    -4.279    0.0059      Fe 2b               4558.00A    -3.478    0.0375
He 1                2694.61A    -4.935    0.0013      Fe 3                105.345m    -4.757    0.0020      Fe 2b               4600.00A    -3.443    0.0406
He 1                2.05813m    -3.954    0.0125      Fe 3                5411.98A    -3.851    0.0159      Fe 2b               4743.00A    -4.139    0.0082
He 1                5015.68A    -3.730    0.0210      Fe 3                4930.54A    -4.143    0.0081      Fe 2b               4855.00A    -3.565    0.0307
He 1                3964.73A    -4.119    0.0086      Fe 3                4777.68A    -3.923    0.0135      Fe 2b               4920.00A    -3.051    0.1003
He 1                3613.64A    -4.423    0.0043      Fe 3                3428.79A    -4.631    0.0026      Fe 2b               4975.00A    -3.584    0.0294
He 1                3447.59A    -4.673    0.0024      Fe 3                3356.57A    -4.160    0.0078      Fe 2b               4971.00A    -3.617    0.0272
He 1                7065.71A    -4.645    0.0026      Fe 3                3355.48A    -4.422    0.0043      Fe 2b               5070.00A    -3.499    0.0357
He 1                7065.21A    -4.168    0.0077      Fe 3                2495.04A    -4.517    0.0034      Fe 2b               5143.00A    -2.957    0.1245
He 1                7065.18A    -3.946    0.0128      Fe 3                5084.77A    -4.241    0.0065      Fe 2b               5270.00A    -2.670    0.2409
Blnd                7065.25A    -3.691    0.0230      Fe 3                3366.21A    -4.484    0.0037      Fe 2b               5318.00A    -2.986    0.1163
He 1                5875.98A    -4.042    0.0102      Fe 3                2500.96A    -5.000    0.0011      Fe 2b               5540.00A    -3.847    0.0160
He 1                5875.64A    -3.565    0.0307      Fe 3                8838.21A    -4.802    0.0018      Fe 2b               5865.00A    -4.462    0.0039
He 1                5875.61A    -3.343    0.0512      Fe 3                8728.94A    -4.649    0.0025      Fe 2b               6265.00A    -4.861    0.0016
Blnd                5875.66A    -3.087    0.0922      Fe 3                40.0371m    -4.442    0.0041      Fe 2b               6565.00A    -4.432    0.0042
He 1                4713.16A    -4.938    0.0013      Fe 3                2.21782m    -3.633    0.0262      Fe 2b               6910.00A    -4.574    0.0030
He 1                4713.14A    -4.716    0.0022      Fe 3                9701.27A    -3.901    0.0142      Fe 2b               7445.00A    -2.863    0.1544
Blnd                4713.17A    -4.461    0.0039      Fe 3                3307.57A    -4.842    0.0016      Fe 2b               8625.00A    -2.784    0.1853
He 1                4471.69A    -4.457    0.0039      Fe 3                2.34788m    -3.812    0.0174      Fe 2b               1.03250m    -3.803    0.0177
He 1                4471.49A    -3.980    0.0118      Fe 3                9942.18A    -4.094    0.0091      Fe 2b               1.88900m    -2.606    0.2796
He 1                4471.47A    -3.758    0.0197      Fe 3                9444.21A    -4.633    0.0026      Fe 2b               2.20000m    -4.086    0.0093
Blnd                4471.50A    -3.503    0.0354      Fe 3                2.24204m    -4.377    0.0047      miscellaneous...................................
Blnd                4120.84A    -4.896    0.0014      Fe 3                2.14511m    -4.657    0.0025      C 2R                1335.00A    -2.968    0.1215
He 1                4026.36A    -4.773    0.0019      Fe 3                3.22847m    -4.158    0.0078      C 3R                977.000A    -4.188    0.0073
He 1                4026.20A    -4.296    0.0057      Fe 3                2.87385m    -4.115    0.0087      C 3R                1909.00A    -4.339    0.0052
He 1                4026.19A    -4.074    0.0095      Fe 3                1.06081m    -4.586    0.0029      C 3R                1175.00A    -4.519    0.0034
Blnd                4026.21A    -3.819    0.0171      Fe 3                2.90407m    -4.830    0.0017      N 2R                1085.00A    -4.181    0.0074
He 1                3819.76A    -5.030    0.0011      Fe 3                1.08826m    -4.982    0.0012      N 3R                990.000A    -4.226    0.0067
He 1                3819.61A    -4.553    0.0032      Fe 3                3.04312m    -5.045    0.0010      O 2R                3729.00A    -4.223    0.0067
He 1                3819.60A    -4.331    0.0053      K  3                4.61683m    -4.064    0.0097      O 2R                4651.00A    -4.481    0.0037
Blnd                3819.62A    -4.076    0.0095      Mg 1                2852.13A    -3.654    0.0250      O 2R                4341.00A    -4.759    0.0020
He 1                3704.90A    -4.970    0.0012      Mg 1                4562.60A    -3.487    0.0367      Blnd                1400.00A    -4.027    0.0106
He 1                3704.76A    -4.493    0.0036      Mg 1                4571.10A    -3.922    0.0135      Blnd                1650.00A    -1.976    1.1916
He 1                3704.75A    -4.271    0.0060      Mg 1                4575.29A    -4.858    0.0016      Blnd                1304.00A    -4.166    0.0077
Blnd                3704.77A    -4.016    0.0109      Mn 2                2576.10A    -4.420    0.0043      Blnd                1039.00A    -4.712    0.0022
He 1                3634.08A    -4.655    0.0025      Mn 2                2593.72A    -4.504    0.0035      Blnd                2798.00A    -1.838    1.6367
He 1                3634.07A    -4.434    0.0042      Mn 2                2605.68A    -4.630    0.0026      Blnd                6720.00A    -1.891    1.4472
Blnd                3634.09A    -4.178    0.0075      N  1                1134.17A    -4.880    0.0015      Blnd                4074.00A    -3.026    0.1062
He 1                3587.16A    -4.798    0.0018      N  1                1134.41A    -4.814    0.0017      Blnd                1.03300m    -3.135    0.0826
He 1                3587.15A    -4.576    0.0030      N  1                1134.98A    -4.783    0.0019      Blnd                1256.00A    -4.533    0.0033
Blnd                3587.17A    -4.321    0.0054      N  1                1199.55A    -4.452    0.0040      Blnd                1198.00A    -4.562    0.0031
He 1                3554.34A    -4.925    0.0013      N  1                1200.22A    -4.485    0.0037      Blnd                1720.00A    -4.283    0.0059
He 1                3554.33A    -4.703    0.0022      N  1                1200.71A    -4.615    0.0027      Blnd                3722.00A    -3.785    0.0185
Blnd                3554.35A    -4.448    0.0040      N  1                5197.90A    -3.786    0.0184      Blnd                2665.00A    -3.128    0.0839
He 1                3530.43A    -5.041    0.0010      N  1                5200.26A    -3.742    0.0204      Blnd                1860.00A    -3.822    0.0170
He 1                3530.43A    -4.819    0.0017      N  1                1.03977m    -5.011    0.0011      Blnd                4725.00A    -4.118    0.0086
Blnd                3530.44A    -4.564    0.0031      N  4                1483.32A    -4.978    0.0012      Blnd                2335.00A    -2.768    0.1922
He 1                3512.46A    -4.924    0.0013      Ne 2                12.8101m    -3.162    0.0776      Blnd                1888.00A    -2.709    0.2204
Blnd                3512.48A    -4.669    0.0024      Ne 3                15.5509m    -2.092    0.9124      Blnd                1397.00A    -4.064    0.0097
He 1                3498.60A    -5.021    0.0011      Ne 3                3868.76A    -2.313    0.5477      Blnd                2424.00A    -3.906    0.0140
Blnd                3498.62A    -4.765    0.0019      Ne 3                36.0036m    -3.134    0.0827      Blnd                3350.00A    -4.681    0.0023
Blnd                3487.70A    -4.854    0.0016      Ne 3                3967.47A    -2.831    0.1662      Blnd                5525.00A    -3.534    0.0330
Blnd                3478.95A    -4.937    0.0013      Ne 3                1814.56A    -4.826    0.0017      Blnd                8579.00A    -3.259    0.0621
Blnd                3471.81A    -5.014    0.0011      Ne 5                24.3108m    -4.392    0.0046      Blnd                7306.00A    -2.511    0.3474
He 1                3439.98A    -4.847    0.0016      Ne 5                14.3178m    -4.532    0.0033      Blnd                3933.00A    -3.344    0.0511
Blnd                3440.00A    -4.591    0.0029      O  1                1040.94A    -4.912    0.0014      Blnd                1657.00A    -4.544    0.0032
He 1                7281.35A    -4.321    0.0054      O  1                1304.86A    -4.335    0.0052      Blnd                9850.00A    -3.971    0.0121
He 1                6678.15A    -3.644    0.0256      O  1                1306.03A    -4.816    0.0017      Blnd                2326.00A    -2.488    0.3661
He 1                5047.74A    -4.902    0.0014      O  1                5577.34A    -4.423    0.0043      Blnd                1335.00A    -3.696    0.0227
He 1                4921.93A    -4.073    0.0095      O  1                6300.30A    -2.795    0.1806      Blnd                1909.00A    -2.334    0.5219
He 1                4387.93A    -4.393    0.0046      O  1                6363.78A    -3.291    0.0577      Blnd                1549.00A    -3.641    0.0258
He 1                4143.76A    -4.649    0.0025      O  1                63.1679m    -3.206    0.0701      Blnd                5199.00A    -3.463    0.0388
He 1                4009.05A    -4.652    0.0025      O  1                145.495m    -4.260    0.0062      Blnd                1.04030m    -4.674    0.0024
He 1                3926.41A    -4.817    0.0017      O  2                2470.22A    -3.785    0.0185      Blnd                1085.00A    -4.087    0.0092
He 1                3871.69A    -4.961    0.0012      O  2                2470.34A    -3.195    0.0720      Blnd                2141.00A    -3.612    0.0276
He 1                4.29471m    -4.930    0.0013      O  2                7318.92A    -3.868    0.0153      Blnd                1750.00A    -3.757    0.0197
He 1                1.25275m    -4.926    0.0013      O  2                7319.99A    -3.388    0.0461      Blnd                990.000A    -4.251    0.0063
He 1                9463.58A    -5.036    0.0010      O  2                7329.67A    -3.646    0.0255      Blnd                1486.00A    -4.743    0.0020
He 1                1.70025m    -4.653    0.0025      O  2                7330.73A    -3.657    0.0248      Blnd                6300.00A    -2.675    0.2383
He 1                1.19691m    -4.816    0.0017      O  2                3728.81A    -1.719    2.1540      Blnd                2471.00A    -3.095    0.0905
He 1                1.03113m    -5.016    0.0011      O  2                3726.03A    -1.717    2.1647      Blnd                7323.00A    -3.264    0.0614
He 1                9515.00A    -4.903    0.0014      O  3                88.3323m    -2.062    0.9781      Blnd                7332.00A    -3.350    0.0503
He 1                9062.34A    -5.050    0.0010      O  3                4931.23A    -5.034    0.0010      Blnd                3727.00A    -1.417    4.3188
He 1                1.86854m    -4.035    0.0104      O  3                51.8004m    -1.760    1.9598      Blnd                7325.00A    -3.004    0.1117
He 1                1.27849m    -4.366    0.0049      O  3                4958.91A    -1.625    2.6736      Blnd                1666.00A    -3.414    0.0435
He 1                1.09130m    -4.633    0.0026      O  3                2320.95A    -4.003    0.0112      Blnd                5007.00A    -1.035   10.4020



 AGN log nH=2.78 log U=-3.00  
 Cooling:  Fe 2c                     0  :0.088 O  2c                     0  :0.094 O  3c                     0  :0.280 S  3c                     0  :0.071  
 Heating:  BFH1                      0  :0.712 BFHe                      0  :0.233  

 These are some of the most important databases used by Cloudy:
 Many recombination coefficients were taken from http://amdpp.phys.strath.ac.uk/tamoc/RR/ and http://amdpp.phys.strath.ac.uk/tamoc/DR/
      and are based on the following papers:
        Badnell N. R., et al., A&A 406, 1151 (2003) [http://adsabs.harvard.edu/abs/2003A%26A...406.1151B]
        Badnell N. R., ApJS 167, 334 (2006) [http://adsabs.harvard.edu/abs/2006ApJS..167..334B]
 Much of the molecular emission data is from LAMDA as accessed on June 30, 2015. This database is described in:
        Schoeier F.L., et al., A&A 432, 369 (2005) [http://adsabs.harvard.edu/abs/2005A%26A...432..369S]
      This database is in part based on the work of the following groups:
        JPL: Pickett H. M. et al., JQSRT, 60, 883 (1998). [http://adsabs.harvard.edu/abs/1998JQSRT..60..883P]
        CDMS: Mueller H. S. et al., A&A 370, L49 (2001). [http://adsabs.harvard.edu/abs/2001A%26A...370L..49M]
              Mueller H. S. et al., J. Mol. Struct. 742, 215 (2005). [http://adsabs.harvard.edu/abs/2005JMoSt.742..215M]
 Some of the ionic emission data is from a reprocessed version of 10.1 of CHIANTI. CHIANTI is a collaborative project involving the NRL (USA), the
      Universities of Florence (Italy) and Cambridge (UK), and George Mason University (USA). These papers describe Chianti:
        Dere K. P., et al., A&AS, 125, 149 (1997) [http://adsabs.harvard.edu/abs/1997A%26AS..125..149D]
        Dere, K. P., et al., APJ, 268, 52 (2023) [https://ui.adsabs.harvard.edu/abs/2023ApJS..268...52D]
      This paper describes the reprocessed version of Chianti used:
        Gunasekera, C. M., et al., Astronomy, 1, 255. (2022) [https://ui.adsabs.harvard.edu/abs/2022Astro...1..255G]
 Much of the H_2 data is from this web site: http://molat.obspm.fr/index.php?page=pages/Molecules/H2/H2can94.php. These data are
      described in:
        Abgrall H. et al., Can. J. Phys., 72, 856 (1994) [http://adsabs.harvard.edu/abs/1994CaJPh..72..856A]
        Wrathmall S. A. & Flower D. R., J. Phys. B, 40, 3221 (2007) [http://adsabs.harvard.edu/abs/2007JPhB...40.3221W]
 The Case A and Case B recombination predictions for one-electron systems are from
	Storey, P.J. & Hummer, D.G., 1995, MNRAS 272, 41 http://adsabs.harvard.edu/abs/1995MNRAS.272...41S
 The He I recombination predictions are from
	Porter, R. L.; Ferland, G. J.; Storey, P. J.; Detisch, M. J., 2012, MNRAS, 425, 28p http://adsabs.harvard.edu/abs/2012MNRAS.425L..28P
		http://adsabs.harvard.edu/abs/2013MNRAS.433L..89P

 If you find some process or data set to be particularly critical to a result, please follow the trail of references back to the
 original source and cite that.  This will support and encourage atomic, molecular, and chemical physicists to continue their
 valuable work.

 IONIZE PARMET:  U(1-) -3.0000  U(4-): -3.9409  U(sp): -3.00  Q(ion):    7.986  L(ion) -0.541    Q(low): 12.544    L(low)  0.275
 ENERGY BUDGET:  Heat:  -0.370  Coolg:  -0.370  Error:  0.1%  Rec Lin:  -0.828  F-F  H  0.000    P(rad/tot)max     1.17E-02    R(F Con):1.737e+05

     Col(Heff):      1.079E+20  snd travl time  2.42E+11 sec  Te-low: 3.96E+03  Te-hi: 1.04E+04  G0TH85: 1.60E+02  G0DB96:1.71E+02
  Emiss Measure    n(e)n(p) dl       6.997E+22  n(e)n(He+)dl         5.196E+21  En(e)n(He++) dl         1.087E+21  ne nC+:5.42E+18
 He/Ha:8.00E-02  =   0.94*true  Lthin:2.10E+02  itr/zn: 6.92  H2 itr/zn:  0.00  File Opacity: F  MassTot 3.33e-04  (gm/cm^2)
   Temps(21 cm)   T(21cm/Ly a)  4.14E+03        T(<nH/Tkin>)  6.81E+03          T(<nH/Tspin>)    4.46E+03          TB21cm:9.16E-01
                   N(H0/Tspin)  7.04E+15        N(OH/Tkin)    1.09E+05          B(21cm)          0.00E+00
   <a>:1.12E-07  erdeFe4.7E+23  Tcompt1.80E+09  Tthr7.97E+09  <Tden>: 9.28E+03  <dens>:1.36E-21  <MolWgt>7.27E-01
     Mean Jeans  l(cm)1.51E+20  M(sun)1.24E+06  smallest:     len(cm):9.88E+19  M(sun):3.46E+05  a_ox tran: -1.41
 Rion:1.000E+30  Dist:0.00E+00  Diam:0.000E+00
 Hatom level 70  HatomType: add  HInducImp  F  He tot level: 63  He2 level:   70  ExecTime   124.8
 ConvrgError(%)  <eden>  0.098  MaxEden  0.413  <H-C>   0.10  Max(H-C)    0.41  <Press>   0.000  MaxPrs er  0.000
  Continuity(%)  chng Te   2.3  elec den   4.6  n(H2)    0.0  n(CO)        0.0

                                                        Averaged Quantities
             Te      Te(Ne)   Te(NeNp)  Te(NeHe+)Te(NeHe2+) Te(NeO+)  Te(NeO2+)  Te(H2)     N(H)     Ne(O2+)   Ne(Np)
 Radius:  9.28e+03  9.76e+03  9.83e+03  9.84e+03  9.68e+03  1.00e+04  9.73e+03  4.53e+03  5.99e+02  6.51e+02  6.07e+02
 
 Peimbert T(OIIIr)8.98E+03 T(Bac)9.41E+03 T(Hth)9.27E+03 t2(Hstrc) 1.74e-03 T(O3-BAC)9.17E+03 t2(O3-BC)-6.14e-03 t2(O3str) 9.72e-04

 Contin Optical Depths: COMP: 8.53e-05    H-: 3.90e-05 R(1300): 2.11e-04  H2+: 8.48e-07  Bra:8.53E-05
                          Pa: 8.53e-05    Ba: 1.21e-04      Hb: 1.13e-04   La: 5.20e-01     1r:1.998E+02  1.8:5.08E+01 4.:2.153E+01

 Old, new H  1 continuum optical depths:
     1 2.00e+02     2 1.97e-05     3 3.86e-05     4 3.86e-05     5 3.86e-05     6 9.91e-06     7 9.91e-06     8 9.91e-06
     9 9.91e-06    10 1.67e-13    11 1.67e-13    12 1.67e-13    13 1.67e-13    14 1.67e-13    15 3.90e-13    16 3.90e-13
    17 3.90e-13    18 3.90e-13    19 3.90e-13    20 3.90e-13    21 8.09e-13    22 8.09e-13    23 8.09e-13    24 8.09e-13
    25 8.09e-13    26 8.09e-13    27 8.09e-13    28 1.54e-12    29 1.54e-12    30 1.54e-12    31 1.54e-12    32 1.54e-12
    33 1.54e-12    34 1.54e-12    35 1.54e-12    36 2.75e-12    37 2.75e-12    38 2.75e-12    39 2.75e-12    40 2.75e-12
    41 2.75e-12    42 2.75e-12    43 2.75e-12    44 2.75e-12    45 4.62e-12    46 4.62e-12    47 4.62e-12    48 4.62e-12
    49 4.62e-12    50 4.62e-12    51 4.62e-12    52 4.62e-12    53 4.62e-12    54 4.62e-12
     1 2.00e+02     2 1.99e-05     3 3.91e-05     4 3.91e-05     5 3.91e-05     6 1.00e-05     7 1.00e-05     8 1.00e-05
     9 1.00e-05    10 1.67e-13    11 1.67e-13    12 1.67e-13    13 1.67e-13    14 1.67e-13    15 3.92e-13    16 3.92e-13
    17 3.92e-13    18 3.92e-13    19 3.92e-13    20 3.92e-13    21 8.12e-13    22 8.12e-13    23 8.12e-13    24 8.12e-13
    25 8.12e-13    26 8.12e-13    27 8.12e-13    28 1.55e-12    29 1.55e-12    30 1.55e-12    31 1.55e-12    32 1.55e-12
    33 1.55e-12    34 1.55e-12    35 1.55e-12    36 2.76e-12    37 2.76e-12    38 2.76e-12    39 2.76e-12    40 2.76e-12
    41 2.76e-12    42 2.76e-12    43 2.76e-12    44 2.76e-12    45 4.65e-12    46 4.65e-12    47 4.65e-12    48 4.65e-12
    49 4.65e-12    50 4.65e-12    51 4.65e-12    52 4.65e-12    53 4.65e-12    54 4.65e-12

 Old, new H  1 mean line optical depths:
  2- 1 3.96e+06  3- 2 4.39e-04  4- 3 3.83e-10  5- 4 1.56e-10  6- 5-4.88e-11  7- 6-1.74e-10  8- 7-2.36e-11
  9- 8 5.73e-10 10- 9 1.67e-09 11-10 3.44e-08 12-11-1.43e-08 13-12-2.30e-08 14-13-3.69e-08 15-14-5.80e-08 16-15-9.09e-08
 17-16-1.44e-07 18-17-2.30e-07 19-18-3.88e-07 20-19-6.74e-07 21-20-1.24e-06 22-21-2.52e-06 23-22-5.92e-06 24-23-1.88e-05
 25-24-6.68e-04
  2- 1 3.93e+06  3- 2 4.39e-04  4- 3 3.85e-10  5- 4 1.55e-10  6- 5-5.69e-11  7- 6-1.92e-10  8- 7-5.51e-11
  9- 8 5.27e-10 10- 9 1.61e-09 11-10 3.47e-08 12-11-1.49e-08 13-12-2.41e-08 14-13-3.88e-08 15-14-6.10e-08 16-15-9.59e-08
 17-16-1.52e-07 18-17-2.43e-07 19-18-4.07e-07 20-19-7.04e-07 21-20-1.29e-06 22-21-2.61e-06 23-22-6.10e-06 24-23-1.93e-05
 25-24-6.77e-04

 Old, new He 2 continuum optical depths:
     1 2.15e+01     2 1.99e+02     3 4.44e-05     4 4.44e-05     5 4.44e-05     6 1.97e-05     7 1.97e-05     8 1.97e-05
     9 1.97e-05    10 3.13e-05    11 3.13e-05    12 3.13e-05    13 3.13e-05    14 3.13e-05    15 3.86e-05    16 3.86e-05
    17 3.86e-05    18 3.86e-05    19 3.86e-05    20 3.86e-05    21 3.23e-05    22 3.23e-05    23 3.23e-05    24 3.23e-05
    25 3.23e-05    26 3.23e-05    27 3.23e-05    28 9.91e-06    29 9.91e-06    30 9.91e-06    31 9.91e-06    32 9.91e-06
    33 9.91e-06    34 9.91e-06    35 9.91e-06    36 9.57e-14    37 9.57e-14    38 9.57e-14    39 9.57e-14    40 9.57e-14
    41 9.57e-14    42 9.57e-14    43 9.57e-14    44 9.57e-14    45 1.67e-13    46 1.67e-13    47 1.67e-13    48 1.67e-13
    49 1.67e-13    50 1.67e-13    51 1.67e-13    52 1.67e-13    53 1.67e-13    54 1.67e-13
     1 2.15e+01     2 1.99e+02     3 4.47e-05     4 4.47e-05     5 4.47e-05     6 1.99e-05     7 1.99e-05     8 1.99e-05
     9 1.99e-05    10 3.17e-05    11 3.17e-05    12 3.17e-05    13 3.17e-05    14 3.17e-05    15 3.91e-05    16 3.91e-05
    17 3.91e-05    18 3.91e-05    19 3.91e-05    20 3.91e-05    21 3.27e-05    22 3.27e-05    23 3.27e-05    24 3.27e-05
    25 3.27e-05    26 3.27e-05    27 3.27e-05    28 1.00e-05    29 1.00e-05    30 1.00e-05    31 1.00e-05    32 1.00e-05
    33 1.00e-05    34 1.00e-05    35 1.00e-05    36 9.61e-14    37 9.61e-14    38 9.61e-14    39 9.61e-14    40 9.61e-14
    41 9.61e-14    42 9.61e-14    43 9.61e-14    44 9.61e-14    45 1.67e-13    46 1.67e-13    47 1.67e-13    48 1.67e-13
    49 1.67e-13    50 1.67e-13    51 1.67e-13    52 1.67e-13    53 1.67e-13    54 1.67e-13

 Old, new He 2 mean line optical depths:
  2- 1 4.92e+05  3- 2 2.80e-07  4- 3 6.01e-13  5- 4-1.04e-12  6- 5-3.30e-12  7- 6-5.43e-12  8- 7-5.66e-12
  9- 8-2.29e-12 10- 9 5.24e-12 11-10 2.90e-10 12-11-1.31e-10 13-12-2.09e-10 14-13-3.27e-10 15-14-5.01e-10 16-15-7.60e-10
 17-16-1.15e-09 18-17-1.76e-09 19-18-2.76e-09 20-19-4.54e-09 21-20-7.93e-09 22-21-1.52e-08 23-22-3.42e-08 24-23-1.04e-07
 25-24-3.66e-06
  2- 1 4.92e+05  3- 2 2.82e-07  4- 3 6.04e-13  5- 4-1.05e-12  6- 5-3.34e-12  7- 6-5.52e-12  8- 7-5.83e-12
  9- 8-2.56e-12 10- 9 4.86e-12 11-10 2.90e-10 12-11-1.34e-10 13-12-2.14e-10 14-13-3.36e-10 15-14-5.16e-10 16-15-7.85e-10
 17-16-1.19e-09 18-17-1.83e-09 19-18-2.85e-09 20-19-4.70e-09 21-20-8.18e-09 22-21-1.57e-08 23-22-3.51e-08 24-23-1.07e-07
 25-24-3.70e-06

 Old He Is optical depths:    1 5.09e+01    2 5.39e-05    3 1.63e-05    4 1.82e-05    5 1.82e-05
 New He Is optical depths:    1 5.08e+01    2 5.42e-05    3 1.65e-05    4 1.85e-05    5 1.85e-05
          Old He Is Lines:  584 1.33e+05 3889 7.79e-01 5016 2.07e-06 5876 3.42e-09
          New He Is Lines:  584 1.32e+05 3889 7.87e-01 5016 2.15e-06 5876 2.09e-09
AGN log nH=2.78 log U=-3.00  


          Start Iteration Number 3                                                 AGN log nH=2.78 log U=-3.00  


 ####  1  Te:1.035E+04 Hden:5.995E+02 Ne:6.753E+02 R:1.000E+30 R-R0:1.928E+13 dR:3.856E+13 NTR:  7 Htot:2.313E-18 T912: 1.99e+02###
 Hydrogen      8.05e-03 9.92e-01 H+o/Hden 1.00e+00 5.18e-10 H-    H2 1.12e-14 3.67e-11 H2+ HeH+ 2.63e-11 Ho+ ColD 1.86e+14 2.29e+16
 Helium        4.01e-03 4.58e-01 5.38e-01 HeI 2s3S 4.21e-07 Comp H,C 8.34e-24 6.52e-27 Fill Fac 1.00e+00 Gam1/tot 1.00e+00
 He singlet n  4.01e-03 2.35e-13 9.34e-20 4.63e-20 7.03e-20 6.75e-20 He tripl 4.21e-07 1.41e-17 1.51e-19 1.26e-18 1.95e-19
 Pressure      NgasTgas 1.37e+07 P(total) 1.89e-09 P( gas ) 1.89e-09 P(Radtn) 0.00e+00 Rad accl 4.55e-07 ForceMul 1.92e+04
 Texc(La)      3.13e+03 T(I con) 9.91e+00 T(D con) 1.30e+00 T(U tot) 9.91e+00 nT (c+d) 2.71e+06 Prad/Gas 0.00e+00 Pmag/Gas 0.00e+00
 Molecules     CH/Ctot: 3.47e-13 CH+/Ctot 4.57e-13 CO/Ctot: 1.48e-16 CO+/Ctot 9.23e-18 H2O/Otot 2.15e-24 OH/Ototl 2.89e-13
 Lithium       1.47e-03 9.39e-01 5.81e-02 1.04e-03 Berylliu 1.04e-02 8.20e-02 8.92e-01 1.57e-02 3.99e-06 sec ion: 7.65e-14
 Boron         3.64e-04 1.78e-01 4.20e-01 4.02e-01 1.85e-04 0.00e+00
 Carbon        3.50e-04 1.27e-01 7.94e-01 7.65e-02 2.73e-03 1.34e-07 0.00e+00 H2O+/O   3.30e-25 OH+/Otot 9.34e-14 Hex(tot) 0.00e+00
 Nitrogen      5.13e-04 1.48e-01 7.36e-01 1.13e-01 1.84e-03 8.67e-06 0.00e+00 0.00e+00 O2/Ototl 1.41e-18 O2+/Otot 5.30e-19
 Oxygen        1.22e-03 1.35e-01 7.12e-01 1.48e-01 3.52e-03 1.07e-05 0.00e+00 0.00e+00 0.00e+00
 Fluorine      9.99e-05 6.35e-02 8.46e-01 8.60e-02 3.86e-03 8.76e-06 0.00e+00 0.00e+00 0.00e+00 0.00e+00
 Neon          6.34e-05 3.85e-02 8.32e-01 1.27e-01 2.13e-03 5.29e-06 0.00e+00 0.00e+00 0.00e+00 0.00e+00 0.00e+00
 Sodium        1.36e-05 3.44e-02 7.51e-01 2.03e-01 1.20e-02 1.76e-05 0.00e+00 0.00e+00 0.00e+00 0.00e+00 0.00e+00 0.00e+00
 Magnesium     1.74e-03 3.69e-02 8.77e-01 8.24e-02 1.63e-03 6.12e-06 0.00e+00 0.00e+00 0.00e+00 0.00e+00 0.00e+00 0.00e+00 0.00e+00
 Aluminium  0  9.35e-05 1.54e-01 2.02e-01 6.02e-01 4.21e-02 1.60e-04 2.38e-07 0.00e+00 0.00e+00 0.00e+00 0.00e+00 0.00e+00 0.00e+00
 Silicon    0  4.25e-04 2.59e-01 5.53e-01 1.73e-01 1.36e-02 4.50e-05 0.00e+00 0.00e+00 0.00e+00 0.00e+00 0.00e+00 0.00e+00 0.00e+00
 Phosphorus 0  1.19e-04 3.50e-01 5.41e-01 1.01e-01 7.49e-03 4.81e-04 1.00e-06 0.00e+00 0.00e+00 0.00e+00 0.00e+00 0.00e+00 0.00e+00
 Sulphur    0  1.85e-04 1.32e-01 7.44e-01 1.20e-01 3.39e-03 2.53e-04 1.32e-05 0.00e+00 0.00e+00 0.00e+00 0.00e+00 0.00e+00 0.00e+00
 Chlorine   0  1.30e-04 1.68e-01 6.91e-01 1.38e-01 3.62e-03 9.09e-05 7.22e-06 4.74e-07 0.00e+00 0.00e+00 0.00e+00 0.00e+00 0.00e+00
 Argon      0  3.35e-05 2.22e-02 8.94e-01 8.13e-02 2.24e-03 5.18e-05 1.07e-06 3.02e-07 0.00e+00 0.00e+00 0.00e+00 0.00e+00 0.00e+00
 Potassium  0  1.48e-05 1.37e-01 7.54e-01 1.06e-01 3.02e-03 3.08e-05 9.93e-07 0.00e+00 0.00e+00 0.00e+00 0.00e+00 0.00e+00 0.00e+00
 Calcium    0  6.18e-05 3.82e-02 5.82e-01 3.65e-01 1.49e-02 1.20e-04 1.59e-06 1.51e-07 0.00e+00 0.00e+00 0.00e+00 0.00e+00 0.00e+00
 Scandium   0  1.11e-06 1.25e-03 6.47e-02 8.76e-01 5.70e-02 6.16e-04 5.64e-06 1.34e-07 0.00e+00 0.00e+00 0.00e+00 0.00e+00 0.00e+00
 Titanium   0  1.10e-06 9.81e-03 1.85e-01 7.22e-01 8.25e-02 6.60e-04 1.59e-05 1.29e-07 0.00e+00 0.00e+00 0.00e+00 0.00e+00 0.00e+00
 Vanadium   0  1.02e-05 7.25e-03 3.28e-01 3.73e-01 2.84e-01 8.19e-03 4.07e-05 2.45e-06 0.00e+00 0.00e+00 0.00e+00 0.00e+00 0.00e+00
 Chromium   0  8.04e-06 1.03e-02 4.88e-01 3.27e-01 1.67e-01 8.48e-03 1.30e-04 1.38e-06 0.00e+00 0.00e+00 0.00e+00 0.00e+00 0.00e+00
 Manganese  0  1.63e-06 1.28e-02 4.80e-01 2.88e-01 2.09e-01 1.02e-02 1.28e-04 1.03e-06 0.00e+00 0.00e+00 0.00e+00 0.00e+00 0.00e+00
 Iron       0  1.68e-06 1.06e-02 2.29e-01 5.62e-01 1.86e-01 1.18e-02 1.77e-04 2.38e-06 0.00e+00 0.00e+00 0.00e+00 0.00e+00 0.00e+00
 Cobalt     0  4.59e-05 1.55e-02 1.69e-01 3.71e-01 4.21e-01 2.18e-02 7.72e-04 8.88e-06 2.17e-07 0.00e+00 0.00e+00 0.00e+00 0.00e+00
 Nickel     0  8.17e-06 3.80e-02 3.92e-01 3.35e-01 2.19e-01 1.61e-02 4.09e-04 5.34e-06 0.00e+00 0.00e+00 0.00e+00 0.00e+00 0.00e+00
 Copper     0  1.15e-05 5.02e-03 4.88e-01 4.12e-01 8.80e-02 6.76e-03 1.94e-04 7.64e-06 1.34e-07 0.00e+00 0.00e+00 0.00e+00 0.00e+00
 Zinc       0  4.70e-06 1.04e-03 5.68e-02 4.21e-01 4.89e-01 3.12e-02 8.09e-04 2.95e-05 7.13e-07 0.00e+00 0.00e+00 0.00e+00 0.00e+00
 ####127  Te:3.964E+03 Hden:5.995E+02 Ne:5.268E+01 R:1.000E+30 R-R0:2.443E+17 dR:8.682E+14 NTR: 12 Htot:7.252E-20 T912: 3.98e+02###
 Hydrogen      9.28e-01 7.24e-02 H+o/Hden 1.00e+00 1.12e-08 H-    H2 1.36e-07 2.46e-09 H2+ HeH+ 8.55e-09 Ho+ ColD 3.14e+19 1.15e+20
 Helium        8.31e-01 1.64e-01 5.34e-03 HeI 2s3S 2.90e-08 Comp H,C 6.48e-25 1.93e-28 Fill Fac 1.00e+00 Gam1/tot 4.01e-01
 He singlet n  8.31e-01 1.72e-14 2.36e-19 2.94e-21 1.44e-20 4.64e-21 He tripl 2.90e-08 5.23e-19 6.32e-21 6.76e-20 1.29e-20
 Pressure      NgasTgas 2.79e+06 P(total) 3.85e-10 P( gas ) 3.85e-10 P(Radtn) 7.31e-16 Rad accl 5.56e-08 ForceMul 3.01e+04
 Texc(La)      3.34e+03 T(I con) 8.68e+00 T(D con) 7.89e+00 T(U tot) 9.89e+00 nT (c+d) 4.01e+06 Prad/Gas 1.90e-06 Pmag/Gas 0.00e+00
 Molecules     CH/Ctot: 5.41e-11 CH+/Ctot 4.28e-09 CO/Ctot: 6.98e-10 CO+/Ctot 1.69e-11 H2O/Otot 1.61e-15 OH/Ototl 1.06e-07
 Lithium       4.31e-04 1.00e+00 3.33e-05 1.08e-06 Berylliu 1.11e-03 6.82e-01 2.99e-01 1.75e-02 0.00e+00 sec ion: 1.27e-12
 Boron         1.73e-04 9.56e-01 3.83e-03 4.03e-02 8.25e-07 0.00e+00
 Carbon        7.93e-04 9.77e-01 2.23e-02 4.21e-06 0.00e+00 0.00e+00 0.00e+00 H2O+/O   5.10e-16 OH+/Otot 3.63e-08 Hex(tot) 0.00e+00
 Nitrogen      9.41e-01 5.93e-02 1.09e-05 2.50e-07 0.00e+00 0.00e+00 0.00e+00 0.00e+00 O2/Ototl 3.89e-12 O2+/Otot 4.84e-12
 Oxygen        9.43e-01 5.73e-02 1.69e-05 0.00e+00 0.00e+00 0.00e+00 0.00e+00 0.00e+00 0.00e+00
 Fluorine      2.57e-01 6.17e-01 1.26e-01 2.71e-06 2.48e-06 0.00e+00 0.00e+00 0.00e+00 0.00e+00 0.00e+00
 Neon          1.35e-01 5.59e-01 3.06e-01 1.44e-05 0.00e+00 0.00e+00 0.00e+00 0.00e+00 0.00e+00 0.00e+00 0.00e+00
 Sodium        2.57e-03 5.26e-01 4.71e-01 1.31e-04 1.04e-05 0.00e+00 0.00e+00 0.00e+00 0.00e+00 0.00e+00 0.00e+00 0.00e+00
 Magnesium     1.07e-03 4.42e-01 5.57e-01 4.64e-05 0.00e+00 0.00e+00 0.00e+00 0.00e+00 0.00e+00 0.00e+00 0.00e+00 0.00e+00 0.00e+00
 Aluminium  0  3.41e-05 3.93e-01 1.97e-01 4.10e-01 2.40e-04 0.00e+00 0.00e+00 0.00e+00 0.00e+00 0.00e+00 0.00e+00 0.00e+00 0.00e+00
 Silicon    0  1.73e-04 9.99e-01 1.26e-04 9.08e-04 4.55e-06 0.00e+00 0.00e+00 0.00e+00 0.00e+00 0.00e+00 0.00e+00 0.00e+00 0.00e+00
 Phosphorus 0  2.54e-04 8.29e-01 1.68e-01 2.73e-03 1.50e-05 3.49e-07 0.00e+00 0.00e+00 0.00e+00 0.00e+00 0.00e+00 0.00e+00 0.00e+00
 Sulphur    0  4.83e-04 7.99e-01 2.00e-01 7.38e-05 5.24e-06 2.27e-07 0.00e+00 0.00e+00 0.00e+00 0.00e+00 0.00e+00 0.00e+00 0.00e+00
 Chlorine   0  5.30e-04 8.57e-01 1.43e-01 7.10e-05 3.35e-06 0.00e+00 0.00e+00 0.00e+00 0.00e+00 0.00e+00 0.00e+00 0.00e+00 0.00e+00
 Argon      0  3.05e-01 5.90e-01 1.05e-01 1.76e-05 1.66e-06 0.00e+00 0.00e+00 0.00e+00 0.00e+00 0.00e+00 0.00e+00 0.00e+00 0.00e+00
 Potassium  0  5.78e-04 7.16e-01 2.83e-01 4.01e-05 8.84e-04 1.37e-07 0.00e+00 0.00e+00 0.00e+00 0.00e+00 0.00e+00 0.00e+00 0.00e+00
 Calcium    0  3.01e-05 8.72e-02 9.10e-01 3.10e-03 2.36e-05 3.37e-07 0.00e+00 0.00e+00 0.00e+00 0.00e+00 0.00e+00 0.00e+00 0.00e+00
 Scandium   0  7.91e-05 2.62e-01 6.83e-01 5.43e-02 8.77e-04 3.91e-07 0.00e+00 0.00e+00 0.00e+00 0.00e+00 0.00e+00 0.00e+00 0.00e+00
 Titanium   0  1.00e-04 8.40e-01 1.56e-01 2.70e-04 3.42e-03 3.07e-07 0.00e+00 0.00e+00 0.00e+00 0.00e+00 0.00e+00 0.00e+00 0.00e+00
 Vanadium   0  1.72e-03 7.86e-01 2.12e-01 4.12e-05 3.56e-04 2.21e-07 0.00e+00 0.00e+00 0.00e+00 0.00e+00 0.00e+00 0.00e+00 0.00e+00
 Chromium   0  1.50e-04 9.98e-01 1.38e-03 1.80e-05 4.28e-05 9.73e-07 0.00e+00 0.00e+00 0.00e+00 0.00e+00 0.00e+00 0.00e+00 0.00e+00
 Manganese  0  2.29e-04 9.97e-01 2.39e-03 2.04e-05 1.37e-04 7.75e-07 1.81e-07 0.00e+00 0.00e+00 0.00e+00 0.00e+00 0.00e+00 0.00e+00
 Iron       0  1.07e-04 9.99e-01 4.20e-04 7.50e-05 1.30e-05 5.71e-07 1.27e-07 0.00e+00 0.00e+00 0.00e+00 0.00e+00 0.00e+00 0.00e+00
 Cobalt     0  4.05e-03 9.95e-01 4.38e-04 8.74e-05 1.69e-04 3.88e-07 0.00e+00 0.00e+00 0.00e+00 0.00e+00 0.00e+00 0.00e+00 0.00e+00
 Nickel     0  3.49e-04 9.99e-01 3.85e-04 1.64e-05 2.57e-05 2.96e-07 0.00e+00 0.00e+00 0.00e+00 0.00e+00 0.00e+00 0.00e+00 0.00e+00
 Copper     0  1.01e-03 6.73e-01 3.26e-01 4.06e-05 5.52e-06 9.46e-07 0.00e+00 0.00e+00 0.00e+00 0.00e+00 0.00e+00 0.00e+00 0.00e+00
 Zinc       0  4.53e-04 1.54e-01 4.62e-01 3.04e-01 7.95e-02 8.99e-06 7.14e-07 0.00e+00 0.00e+00 0.00e+00 0.00e+00 0.00e+00 0.00e+00
   AGN log nH=2.78 log U=-3.00  
   Calculation stopped because lowest Te reached. Iteration 3 of 3
   The geometry is plane-parallel.
  !Some input lines contained underscores, these were changed to spaces.
  !Suprathermal collisional ionization of H reached 59.89% of the local H ionization rate.
  !Charge transfer H => H+ reached 1198.2% of the local H ionization rate.
  !AGE: Cloud age was not set.  Longest timescale was 3.86e+10 s = 1.22e+03 years.
  !The CMB was not included.  This is added with the CMB command.
  !The radiation pressure jumped by 853% from 2.03e-11 (zone 14) to 1.26e-12 (zone 15) to 1.30e-12 (zone 16)
   Charge transfer heating reached 1.74% of the local heating.
   The density is too low to l-mix the lowest H  I collapsed level.  More resolved levels are needed for accurate line ratios.
   The density is too low to l-mix the lowest He I collapsed level.  More resolved levels are needed for accurate line ratios.
   Grains were not present but might survive in this environment (energy density temperature was 9.91e+00K)
   The continuum optical depth at the lowest energy considered (3.045e-09 Ryd) was 2.457e+02.

                       *********************************> Cloudy 25.00 <**********************************
                       * title AGN log nH=2.78 log U=-3.00                                               *
                       * hden 2.7777777777777777                                                         *
                       * table AGN                                                                       *
                       * stop efrac 0.01                                                                 *
                       * ionization parameter -3.0                                                       *
                       * abundances GASS                                                                 *
                       * sphere                                                                          *
                       * stop temperature 4000 K                                                         *
                       * stop column density 22                                                          *
                       * iterate to convergence                                                          *
                       * save overview "AGNmodel_nH2.78_Um3.00_temp43333.33.txt"                         *
                       *********************************> Log(U): -3.00 <*********************************

                     Emission Line Spectrum.   Constant  Density Model.  Closed geometry.  Iteration 3 of 3.
                                                     Intensity (erg/s/cm^2).


                                                   Intrinsic line intensities
general properties..............................      H  1                1.94456m    -3.811    0.0174      Fe 3                4769.43A    -3.563    0.0308
Inci                      0      0.341  246.8569      H  1                1.81741m    -3.966    0.0122      Fe 3                4733.91A    -3.602    0.0281
TotH                      0     -0.370   48.0741      H  1                1.73621m    -4.104    0.0089      Fe 3                3406.18A    -3.972    0.0120
TotC                      0     -0.370   48.0497      H  1                1.68065m    -4.201    0.0071      Fe 3                3334.90A    -4.081    0.0094
BFH1                      0     -0.517   34.2324      H  1                1.64072m    -4.304    0.0056      Fe 3                3319.22A    -4.235    0.0066
BFHe                      0     -1.003   11.1912      H  1                1.61093m    -4.398    0.0045      Fe 3                2483.05A    -4.279    0.0059
TotM                      0     -1.743    2.0378      H  1                1.58805m    -4.486    0.0037      Fe 3                105.345m    -4.757    0.0020
CT H                      0     -2.285    0.5843      H  1                1.57007m    -4.566    0.0031      Fe 3                5411.98A    -3.851    0.0159
H FB                      0     -1.733    2.0827      H  1                1.55565m    -4.641    0.0026      Fe 3                4930.54A    -4.143    0.0081
HFBc                      0     -1.733    2.0827      H  1                1.54389m    -4.710    0.0022      Fe 3                4777.68A    -3.923    0.0135
H  1c                     0     -1.680    2.3554      H  1                1.53418m    -4.774    0.0019      Fe 3                3428.79A    -4.631    0.0026
He 1c                     0     -3.108    0.0879      H  1                1.52605m    -4.832    0.0017      Fe 3                3356.57A    -4.160    0.0078
Al 3c                     0     -3.885    0.0147      H  1                1.51919m    -4.884    0.0015      Fe 3                3355.48A    -4.422    0.0043
Ar 2c                     0     -3.717    0.0216      H  1                1.51332m    -4.928    0.0013      Fe 3                2495.04A    -4.517    0.0034
Ar 3c                     0     -2.298    0.5681      H  1                7.45782m    -3.732    0.0209      Fe 3                5084.77A    -4.241    0.0065
Ar 4c                     0     -4.078    0.0094      H  1                4.65251m    -3.900    0.0142      Fe 3                3366.21A    -4.484    0.0037
Ar 5c                     0     -4.857    0.0016      H  1                3.73954m    -4.068    0.0096      Fe 3                2500.96A    -5.000    0.0011
C  1c                     0     -3.968    0.0121      H  1                3.29609m    -4.220    0.0068      Fe 3                8838.21A    -4.802    0.0018
C  2c                     0     -2.437    0.4118      H  1                3.03837m    -4.357    0.0050      Fe 3                8728.94A    -4.649    0.0025
C  3c                     0     -2.332    0.5249      H  1                2.87221m    -4.490    0.0036      Fe 3                40.0371m    -4.442    0.0041
Ca 4c                     0     -3.568    0.0305      H  1                2.75752m    -4.592    0.0029      Fe 3                2.21782m    -3.633    0.0262
Co 2c                     0     -3.947    0.0127      H  1                2.67440m    -4.686    0.0023      Fe 3                9701.27A    -3.901    0.0142
Co 3c                     0     -4.402    0.0045      H  1                2.61194m    -4.773    0.0019      Fe 3                3307.57A    -4.842    0.0016
Cr 2c                     0     -3.970    0.0121      H  1                2.56363m    -4.854    0.0016      Fe 3                2.34788m    -3.812    0.0174
Fe 2c                     0     -1.427    4.2126      H  1                2.52540m    -4.928    0.0013      Fe 3                9942.18A    -4.094    0.0091
Fe 3c                     0     -1.775    1.8924      H  1                2.49458m    -4.997    0.0011      Fe 3                9444.21A    -4.633    0.0026
K  3c                     0     -4.064    0.0097      H  1                12.3685m    -4.167    0.0077      Fe 3                2.24204m    -4.377    0.0047
Mg 1c                     0     -3.164    0.0773      H  1                7.50045m    -4.299    0.0057      Fe 3                2.14511m    -4.657    0.0025
Mn 2c                     0     -4.105    0.0088      H  1                5.90660m    -4.441    0.0041      Fe 3                3.22847m    -4.158    0.0078
N  1c                     0     -3.435    0.0414      H  1                5.12726m    -4.574    0.0030      Fe 3                2.87385m    -4.115    0.0087
N  4c                     0     -4.743    0.0020      H  1                4.67124m    -4.728    0.0021      Fe 3                1.06081m    -4.586    0.0029
Ne 2c                     0     -3.162    0.0776      H  1                4.37526m    -4.829    0.0017      Fe 3                2.90407m    -4.830    0.0017
Ne 3c                     0     -1.819    1.7110      H  1                4.16966m    -4.923    0.0013      Fe 3                1.08826m    -4.982    0.0012
Ne 5c                     0     -4.135    0.0083      H  1                4.01977m    -5.009    0.0011      Fe 3                3.04312m    -5.045    0.0010
O  1c                     0     -2.547    0.3198      H  1                19.0567m    -4.543    0.0032      K  3                4.61683m    -4.064    0.0097
O  2c                     0     -1.397    4.5210      H  1                11.3056m    -4.648    0.0025      Mg 1                2852.13A    -3.654    0.0250
O  3c                     0     -0.923   13.4412      H  1                8.75768m    -4.770    0.0019      Mg 1                4562.60A    -3.487    0.0367
P  2c                     0     -3.241    0.0646      H  1                7.50606m    -4.932    0.0013      Mg 1                4571.10A    -3.922    0.0135
P  3c                     0     -4.180    0.0075      H  1                6.77015m    -5.032    0.0010      Mg 1                4575.29A    -4.858    0.0016
S  2c                     0     -1.841    1.6267      H  1                27.7958m    -4.873    0.0015      Mg 3                231.734A    -4.678    0.0024
S  3c                     0     -1.517    3.4300      H  1                16.2047m    -4.959    0.0012      Mg 3                234.264A    -4.943    0.0013
Si 2c                     0     -1.917    1.3640      Ca A                303.784A    -1.104    8.8733      Mn 2                2576.10A    -4.423    0.0043
Si 3c                     0     -2.700    0.2248      Ca A                256.317A    -1.838    1.6362      Mn 2                2593.72A    -4.507    0.0035
Si 4c                     0     -4.258    0.0062      Ca A                243.027A    -2.272    0.6028      Mn 2                2605.68A    -4.634    0.0026
Al 2c                     0     -3.075    0.0947      Ca A                237.331A    -2.581    0.2955      N  1                1134.17A    -4.879    0.0015
Al 5c                     0     -5.039    0.0010      Ca A                234.347A    -2.823    0.1692      N  1                1134.41A    -4.813    0.0017
C  4c                     0     -3.718    0.0216      Ca A                232.584A    -3.023    0.1068      N  1                1134.98A    -4.783    0.0019
Ca 2c                     0     -2.389    0.4602      Ca A                231.454A    -3.194    0.0721      N  1                1199.55A    -4.452    0.0040
Ca 5c                     0     -4.753    0.0020      Ca A                230.686A    -3.343    0.0512      N  1                1200.22A    -4.485    0.0037
Cl 2c                     0     -3.413    0.0436      Ca A                230.139A    -3.475    0.0377      N  1                1200.71A    -4.614    0.0027
Cl 3c                     0     -3.493    0.0362      Ca A                229.736A    -3.595    0.0286      N  1                5197.90A    -3.786    0.0184
Cl 4c                     0     -3.964    0.0122      Ca A                229.431A    -3.704    0.0223      N  1                5200.26A    -3.742    0.0204
Fe 4c                     0     -2.488    0.3663      Ca A                229.194A    -3.804    0.0177      N  1                1.03977m    -5.011    0.0011
Fe 5c                     0     -2.815    0.1726      Ca A                229.006A    -3.896    0.0143      N  4                1483.32A    -4.977    0.0012
Fe 6c                     0     -3.734    0.0208      Ca A                228.855A    -3.982    0.0117      N  4                765.147A    -4.647    0.0025
Mg 2c                     0     -1.838    1.6358      Ca A                228.731A    -4.063    0.0097      N  4                247.205A    -4.905    0.0014
Mg 4c                     0     -3.766    0.0193      Ca A                228.629A    -4.139    0.0082      Ne 2                12.8101m    -3.162    0.0776
N  2c                     0     -1.772    1.9038      Ca A                228.543A    -4.210    0.0069      Ne 3                15.5509m    -2.092    0.9121
N  3c                     0     -2.574    0.3009      Ca A                228.471A    -4.278    0.0059      Ne 3                3868.76A    -2.313    0.5477
Na 3c                     0     -3.919    0.0136      Ca A                228.409A    -4.342    0.0051      Ne 3                36.0036m    -3.134    0.0827
Na 4c                     0     -4.441    0.0041      Ca A                228.356A    -4.403    0.0045      Ne 3                3967.47A    -2.831    0.1662
Ne 4c                     0     -3.900    0.0142      Ca A                228.309A    -4.461    0.0039      Ne 3                1814.56A    -4.826    0.0017
Ni 2c                     0     -2.689    0.2305      Ca A                228.269A    -4.516    0.0034      Ne 3                491.045A    -4.567    0.0031
O  4c                     0     -2.074    0.9510      Ca A                228.234A    -4.569    0.0030      Ne 3                489.645A    -4.903    0.0014
S  4c                     0     -2.453    0.3970      Ca A                1640.41A    -2.090    0.9169      Ne 3                313.688A    -4.830    0.0017
continua........................................      Ca A                1215.13A    -2.621    0.2697      Ne 3                490.311A    -4.879    0.0015
Bac                 3646.00A    -0.846   16.0785      Ca A                1084.94A    -2.975    0.1193      Ne 5                24.3108m    -4.392    0.0046
nFnu                3645.00A    -0.740   20.4913      Ca A                1025.27A    -3.241    0.0647      Ne 5                14.3178m    -4.532    0.0033
nFnu                3647.00A    -1.407    4.4129      Ca A                992.358A    -3.455    0.0395      O  1                1040.94A    -4.908    0.0014
cout                3646.00A    -0.846   16.0785      Ca A                972.106A    -3.635    0.0261      O  1                1304.86A    -4.335    0.0052
thin                3646.00A    -0.846   16.0788      Ca A                958.693A    -3.790    0.0183      O  1                1306.03A    -4.814    0.0017
Inci                4860.00A    -0.763   19.4311      Ca A                949.323A    -3.928    0.0133      O  1                5577.34A    -4.423    0.0043
Inci                1367.00A    -0.508   34.9668      Ca A                942.507A    -4.050    0.0100      O  1                6300.30A    -2.795    0.1806
Inci                2066.00A    -0.598   28.4394      Ca A                937.389A    -4.162    0.0078      O  1                6363.78A    -3.291    0.0577
Inci                1215.00A    -0.483   37.0819      Ca A                933.444A    -4.264    0.0061      O  1                63.1679m    -3.206    0.0701
Ba C                      0     -1.528    3.3433      Ca A                930.337A    -4.358    0.0049      O  1                145.495m    -4.260    0.0062
PA C                      0     -1.944    1.2834      Ca A                927.846A    -4.446    0.0040      O  2                539.086A    -4.649    0.0025
FIR                 83.0000m    -1.502    3.5453      Ca A                925.816A    -4.527    0.0033      O  2                539.547A    -4.678    0.0024
TIR                 1800.00m    -4.092    0.0091      Ca A                924.142A    -4.604    0.0028      O  2                539.854A    -4.732    0.0021
NIRa                2.85000m    -0.182   74.1454      Ca A                922.743A    -4.676    0.0024      O  2                832.758A    -4.740    0.0020
NIRb                3.00000m    -0.496   35.9613      Ca A                921.562A    -4.745    0.0020      O  2                833.330A    -4.682    0.0023
MIRa                15.0000m    -0.687   23.1544      Ca A                920.556A    -4.809    0.0017      O  2                834.465A    -4.663    0.0025
MIRb                22.5000m    -0.626   26.6787      Ca A                919.693A    -4.871    0.0015      O  2                2470.22A    -3.785    0.0185
NMIR                21.7500m    -0.182   74.1454      Ca A                918.945A    -4.930    0.0013      O  2                2470.34A    -3.194    0.0720
TFIR                611.250m    -3.191    0.0726      Ca A                918.295A    -4.986    0.0012      O  2                7318.92A    -3.868    0.0153
TALL                10000.0A     0.333  242.7155      Ca A                917.724A    -5.040    0.0010      O  2                7319.99A    -3.388    0.0461
F12                 12.0000m    -1.134    8.2682      Ca A                4685.68A    -2.796    0.1802      O  2                7329.67A    -3.646    0.0255
F25                 25.0000m    -1.708    2.2092      Ca A                3203.08A    -3.199    0.0713      O  2                7330.73A    -3.657    0.0248
F60                 60.0000m    -1.662    2.4544      Ca A                2733.28A    -3.493    0.0362      O  2                3728.81A    -1.719    2.1539
F100                100.000m    -2.053    0.9976      Ca A                2511.19A    -3.724    0.0213      O  2                3726.03A    -1.717    2.1646
MIPS                24.0000m    -1.767    1.9293      Ca A                2385.39A    -3.915    0.0137      O  3                88.3323m    -2.062    0.9777
MIPS                70.0000m    -3.005    0.1114      Ca A                2306.18A    -4.079    0.0094      O  3                4931.23A    -5.034    0.0010
MIPS                160.000m    -3.426    0.0423      Ca A                2252.67A    -4.221    0.0068      O  3                832.929A    -4.864    0.0015
IRAC                3.60000m    -1.410    4.3870      Ca A                2214.65A    -4.349    0.0050      O  3                702.337A    -5.006    0.0011
IRAC                4.50000m    -1.381    4.6849      Ca A                2186.59A    -4.464    0.0039      O  3                507.388A    -5.046    0.0010
IRAC                5.80000m    -1.297    5.6809      Ca A                2165.23A    -4.568    0.0030      O  3                51.8004m    -1.760    1.9592
IRAC                8.00000m    -1.179    7.4706      Ca A                2148.58A    -4.665    0.0024      O  3                4958.91A    -1.625    2.6736
SPR1                250.000m    -4.315    0.0055      Ca A                2135.34A    -4.754    0.0020      O  3                2320.95A    -4.003    0.0112
SPR2                350.000m    -4.432    0.0042      Ca A                2124.61A    -4.838    0.0016      O  3                1660.81A    -3.956    0.0125
SPR3                500.000m    -4.490    0.0036      Ca A                2115.81A    -4.916    0.0014      O  3                833.715A    -4.669    0.0024
PAC1                70.0000m    -2.986    0.1164      Ca A                2108.49A    -4.989    0.0012      O  3                833.749A    -4.862    0.0015
PAC2                100.000m    -2.043    1.0210      Ca A                1.01235m    -3.341    0.0514      O  3                702.838A    -4.654    0.0025
PAC3                160.000m    -3.374    0.0476      Ca A                6560.01A    -3.658    0.0248      O  3                702.896A    -5.014    0.0011
PAH                 3.30000m    -2.262    0.6161      Ca A                5411.45A    -3.908    0.0139      O  3                507.680A    -4.636    0.0026
PAHC                3.23000m    -2.507    0.3506      Ca A                4859.26A    -4.110    0.0087      O  3                5006.84A    -1.164    7.7275
PAHC                3.37000m    -2.579    0.2973      Ca A                4541.54A    -4.282    0.0059      O  3                1666.15A    -3.561    0.0310
PAH                 6.20000m    -1.843    1.6173      Ca A                4338.62A    -4.431    0.0042      O  3                835.059A    -4.855    0.0016
PAHC                5.65000m    -1.806    1.7626      Ca A                4199.78A    -4.562    0.0031      O  3                835.092A    -4.612    0.0028
PAH                 7.90000m    -1.648    2.5335      Ca A                4099.99A    -4.681    0.0024      O  3                835.289A    -4.699    0.0023
PAHC                6.90000m    -1.575    2.9970      Ca A                4025.55A    -4.788    0.0018      O  3                703.851A    -4.578    0.0030
PAH                 11.3000m    -2.390    0.4587      Ca A                3968.39A    -4.887    0.0015      O  3                703.854A    -4.517    0.0034
PAHC                10.9000m    -2.320    0.5398      Ca A                3923.44A    -4.978    0.0012      O  3                508.178A    -4.055    0.0099
PAH                 11.8000m    -2.252    0.6301      Ca A                1.86365m    -3.793    0.0181      O  3                4363.21A    -3.376    0.0474
PAHC                12.6500m    -2.292    0.5752      Ca A                1.16262m    -4.048    0.0101      O  5                629.732A    -4.899    0.0014
PAH                 13.3000m    -2.404    0.4447      Ca A                9344.80A    -4.261    0.0062      P  2                60.6263m    -4.741    0.0020
PAHC                14.1000m    -2.498    0.3580      Ca A                8236.67A    -4.441    0.0041      P  2                32.8620m    -4.159    0.0078
Bcon                3640.00A    -0.090   91.6424      Ca A                7592.65A    -4.595    0.0029      P  2                1.14682m    -3.898    0.0142
Pcon                5000.00A    -0.377   47.2699      Ca A                7177.41A    -4.732    0.0021      P  2                1.18828m    -3.475    0.0378
O3bn                5007.00A    -1.126    8.4400      Ca A                6890.80A    -4.853    0.0016      P  2                7875.99A    -4.833    0.0017
SX                  25.0000A    -1.576    2.9931      Ca A                6683.11A    -4.964    0.0012      P  3                17.8797m    -4.180    0.0074
HX                  4.70000A    -1.331    5.2572      Ca A                3.09080m    -4.181    0.0074      S  2                6730.82A    -2.188    0.7305
ROSA                12.3980A    -1.223    6.7425      Ca A                1.87431m    -4.389    0.0046      S  2                6716.44A    -2.196    0.7169
HFFc                      0     -1.847    1.6026      Ca A                1.47602m    -4.574    0.0030      S  2                4076.35A    -3.643    0.0257
H FF                      0     -1.903    1.4085      Ca A                1.28127m    -4.733    0.0021      S  2                4068.60A    -3.146    0.0805
HeFF                      0     -2.782    0.1861      Ca A                1.16730m    -4.874    0.0015      S  2                1.03364m    -3.781    0.0187
MeFB                      0     -3.753    0.0199      Ca A                1.09334m    -4.999    0.0011      S  2                1.02867m    -3.772    0.0190
MeFF                      0     -4.366    0.0048      Ca A                4.76213m    -4.522    0.0034      S  2                1.03705m    -4.103    0.0089
ToFF                      0     -1.848    1.5994      Ca A                2.82519m    -4.693    0.0023      S  2                1.03205m    -3.639    0.0259
nFnu                6915.34m    -5.032    0.0010      Ca A                2.18848m    -4.855    0.0016      S  2                1259.52A    -4.939    0.0013
nFnu                122.367m    -3.564    0.0308      Ca A                1.87570m    -4.998    0.0011      S  2                1253.81A    -4.988    0.0012
nInu                122.367m    -4.569    0.0030      Ca A                6.94599m    -4.826    0.0017      S  2                910.485A    -4.869    0.0015
nFnu                60.8157m    -3.319    0.0541      Ca A                4.04945m    -4.968    0.0012      S  3                33.4704m    -2.203    0.7062
nInu                60.8157m    -3.510    0.0348      Ca B                1640.41A    -1.960    1.2365      S  3                18.7078m    -2.175    0.7533
nFnu                41.2039m    -3.173    0.0757      Ca B                1215.13A    -2.480    0.3734      S  3                9068.62A    -2.316    0.5442
nInu                41.2039m    -2.918    0.1362      Ca B                1084.94A    -2.831    0.1663      S  3                9530.62A    -1.916    1.3669
nFnu                30.8611m    -3.069    0.0961      Ca B                1025.27A    -3.097    0.0902      S  3                3721.63A    -3.791    0.0182
nInu                30.8611m    -2.477    0.3758      Ca B                992.358A    -3.311    0.0551      S  3                6312.06A    -3.518    0.0342
nFnu                24.7761m    -2.990    0.1154      Ca B                972.106A    -3.491    0.0364      S  3                1713.11A    -4.866    0.0015
nInu                24.7761m    -2.143    0.8115      Ca B                958.693A    -3.647    0.0254      S  3                1728.94A    -4.415    0.0043
nFnu                24.2932m    -2.983    0.1173      Ca B                949.323A    -3.785    0.0185      S  3                1194.45A    -5.023    0.0011
nInu                24.2932m    -2.112    0.8703      Ca B                942.507A    -3.908    0.0139      S  3                1021.11A    -4.916    0.0014
nFnu                22.8240m    -2.960    0.1236      Ca B                937.389A    -4.020    0.0108      S  3                1021.32A    -5.045    0.0010
nInu                22.8240m    -2.021    1.0736      Ca B                933.444A    -4.123    0.0085      Si 2                34.8046m    -2.028    1.0558
nFnu                21.4141m    -2.938    0.1299      Ca B                930.337A    -4.218    0.0068      Si 2                2334.41A    -3.790    0.0183
nInu                21.4141m    -1.925    1.3400      Ca B                927.846A    -4.305    0.0056      Si 2                2328.52A    -4.364    0.0049
nFnu                21.1177m    -2.932    0.1317      Ca B                925.816A    -4.387    0.0046      Si 2                1808.01A    -3.625    0.0267
nInu                21.1177m    -1.899    1.4205      Ca B                924.142A    -4.464    0.0039      Si 2                1526.71A    -4.759    0.0020
nFnu                19.6146m    -2.905    0.1403      Ca B                922.743A    -4.537    0.0033      Si 2                1260.42A    -4.737    0.0021
nInu                19.6146m    -1.788    1.8361      Ca B                921.562A    -4.605    0.0028      Si 2                1193.29A    -4.888    0.0015
nFnu                17.6486m    -2.866    0.1534      Ca B                920.556A    -4.670    0.0024      Si 2                1190.42A    -5.035    0.0010
nInu                17.6486m    -1.631    2.6360      Ca B                919.693A    -4.732    0.0021      Si 2                2350.17A    -3.664    0.0244
nFnu                17.3653m    -2.861    0.1554      Ca B                918.945A    -4.791    0.0018      Si 2                2344.20A    -3.215    0.0687
nInu                17.3653m    -1.606    2.7943      Ca B                918.295A    -4.847    0.0016      Si 2                2334.60A    -3.171    0.0760
nFnu                15.6859m    -2.825    0.1684      Ca B                917.724A    -4.901    0.0014      Si 2                1817.45A    -3.837    0.0164
nInu                15.6859m    -1.449    4.0116      Ca B                4685.68A    -2.770    0.1913      Si 2                1816.93A    -3.294    0.0573
nFnu                14.5997m    -2.798    0.1796      Ca B                3203.08A    -3.163    0.0775      Si 2                1533.43A    -4.045    0.0102
nInu                14.5997m    -1.342    5.1251      Ca B                2733.28A    -3.451    0.0399      Si 2                1309.28A    -4.489    0.0037
nFnu                12.4266m    -2.735    0.2075      Ca B                2511.19A    -3.679    0.0236      Si 2                1265.00A    -4.287    0.0058
nInu                12.4266m    -1.094    9.0769      Ca B                2385.39A    -3.868    0.0153      Si 2                1264.74A    -4.428    0.0042
nFnu                11.3969m    -2.706    0.2218      Ca B                2306.18A    -4.030    0.0105      Si 2                1197.39A    -4.402    0.0045
nInu                11.3969m    -0.962   12.2928      Ca B                2252.67A    -4.172    0.0076      Si 2                1194.50A    -4.345    0.0051
nFnu                10.4572m    -2.670    0.2409      Ca B                2214.65A    -4.299    0.0057      Si 3                1892.03A    -3.098    0.0899
nInu                10.4572m    -0.831   16.6482      Ca B                2186.59A    -4.414    0.0043      Si 3                1882.71A    -2.936    0.1305
nFnu                9.47744m    -2.638    0.2591      Ca B                2165.23A    -4.518    0.0034      Si 3                1206.50A    -4.116    0.0086
nInu                9.47744m    -0.763   19.4322      Ca B                2148.58A    -4.614    0.0027      Si 4                1393.75A    -4.274    0.0060
nFnu                9.32234m    -2.633    0.2624      Ca B                2135.34A    -4.704    0.0022      Si 4                1402.77A    -4.477    0.0038
nInu                9.32234m    -0.763   19.4322      Ca B                2124.61A    -4.787    0.0018      Al 2                2669.15A    -3.510    0.0348
nFnu                8.20812m    -2.582    0.2949      Ca B                2115.81A    -4.865    0.0015      Al 2                2660.35A    -3.361    0.0491
nInu                8.20812m    -0.763   19.4322      Ca B                2108.49A    -4.938    0.0013      Al 2                1670.79A    -3.944    0.0128
nFnu                7.57793m    -2.557    0.3126      Ca B                2102.33A    -5.007    0.0011      Al 5                2.90450m    -5.038    0.0010
nInu                7.57793m    -0.763   19.4321      Ca B                1.01235m    -3.330    0.0527      C  4                1550.77A    -4.086    0.0092
nFnu                7.04834m    -2.520    0.3402      Ca B                6560.01A    -3.643    0.0256      C  4                1548.19A    -3.833    0.0166
nInu                7.04834m    -0.763   19.4321      Ca B                5411.45A    -3.889    0.0145      C  4                312.451A    -4.750    0.0020
nFnu                4.11258m    -2.311    0.5508      Ca B                4859.26A    -4.090    0.0092      C  4                312.420A    -4.684    0.0023
nInu                4.11258m    -0.763   19.4319      Ca B                4541.54A    -4.260    0.0062      Ca 2                7323.89A    -2.912    0.1381
nFnu                2.32377m    -2.126    0.8432      Ca B                4338.62A    -4.408    0.0044      Ca 2                7291.47A    -2.731    0.2093
nInu                2.32377m    -0.763   19.4317      Ca B                4199.78A    -4.539    0.0033      Ca 2                3968.47A    -3.689    0.0231
nFnu                1.64268m    -1.980    1.1788      Ca B                4099.99A    -4.657    0.0025      Ca 2                8662.14A    -3.791    0.0182
nInu                1.64268m    -0.763   19.4315      Ca B                4025.55A    -4.764    0.0019      Ca 2                3933.66A    -3.604    0.0281
nFnu                1.47981m    -1.969    1.2104      Ca B                3968.39A    -4.863    0.0015      Ca 2                8498.02A    -4.403    0.0045
nInu                1.47981m    -0.763   19.4313      Ca B                3923.44A    -4.954    0.0013      Ca 2                8542.09A    -3.456    0.0394
nFnu                1.43610m    -1.800    1.7857      Ca B                3887.40A    -5.038    0.0010      Ca 5                4.15739m    -4.919    0.0014
nInu                1.43610m    -0.763   19.4312      Ca B                1.86365m    -3.786    0.0185      Cl 2                14.3639m    -3.975    0.0119
nFnu                1.11836m    -1.785    1.8475      Ca B                1.16262m    -4.039    0.0103      Cl 2                8578.70A    -3.674    0.0239
nInu                1.11836m    -0.763   19.4307      Ca B                9344.80A    -4.251    0.0063      Cl 2                9123.60A    -4.259    0.0062
nFnu                8327.39A    -1.775    1.8902      Ca B                8236.67A    -4.429    0.0042      Cl 3                5537.87A    -3.884    0.0147
nInu                8327.39A    -0.763   19.4305      Ca B                7592.65A    -4.583    0.0029      Cl 3                5517.71A    -3.791    0.0182
nFnu                8076.39A    -1.430    4.1828      Ca B                7177.41A    -4.718    0.0022      Cl 3                3342.80A    -4.826    0.0017
nInu                8076.39A    -0.763   19.4305      Ca B                6890.80A    -4.840    0.0016      Cl 4                20.3197m    -4.404    0.0044
nFnu                6207.94A    -1.468    3.8375      Ca B                6683.11A    -4.950    0.0013      Cl 4                11.7629m    -4.453    0.0040
nInu                6207.94A    -0.763   19.4305      Ca B                6527.01A    -5.050    0.0010      Cl 4                7530.54A    -5.004    0.0011
nFnu                4884.00A    -1.478    3.7493      Ca B                3.09080m    -4.175    0.0075      Cl 4                8045.62A    -4.640    0.0026
nInu                4884.00A    -0.763   19.4305      Ca B                1.87431m    -4.383    0.0047      Fe 4                3094.96A    -3.343    0.0511
nFnu                3703.28A    -1.435    4.1417      Ca B                1.47602m    -4.567    0.0031      Fe 4                2835.74A    -2.855    0.1573
nInu                3703.28A    -0.725   21.2402      Ca B                1.28127m    -4.726    0.0021      Fe 4                2829.36A    -3.125    0.0845
nFnu                3586.64A    -0.749   20.0662      Ca B                1.16730m    -4.866    0.0015      Fe 4                2823.50A    -4.401    0.0045
nInu                3586.64A    -0.718   21.5612      Ca B                1.09334m    -4.990    0.0012      Fe 4                2577.92A    -4.740    0.0021
nFnu                2429.31A    -0.980   11.7942      Ca B                4.76213m    -4.516    0.0034      Fe 4                2.83562m    -4.262    0.0062
nInu                2429.31A    -0.634   26.2027      Ca B                2.82519m    -4.688    0.0023      Fe 4                2.80554m    -4.795    0.0018
nFnu                2391.30A    -0.983   11.7112      Ca B                2.18848m    -4.849    0.0016      Fe 4                2.86447m    -4.592    0.0029
nInu                2391.30A    -0.630   26.4220      Ca B                1.87570m    -4.992    0.0011      Fe 4                2567.61A    -3.780    0.0187
nFnu                2070.68A    -0.971   12.0409      Ca B                6.94599m    -4.820    0.0017      Fe 4                2.71569m    -4.896    0.0014
nInu                2070.68A    -0.599   28.3852      Ca B                4.04945m    -4.963    0.0012      Fe 4                2567.40A    -4.532    0.0033
nFnu                2052.02A    -0.952   12.5930      He 2                607.571A    -1.488    3.6619      Fe 4                6739.82A    -4.338    0.0052
nInu                2052.02A    -0.597   28.5275      He 2                303.784A    -1.332    5.2485      Fe 4                6761.38A    -4.839    0.0016
nFnu                1793.44A    -0.885   14.6741      He 2                256.317A    -4.242    0.0065      Fe 4                6734.42A    -4.460    0.0039
nInu                1793.44A    -0.568   30.4943      He 2                243.027A    -4.392    0.0046      Fe 4                5233.76A    -4.962    0.0012
nFnu                1585.12A    -0.850   15.9337      He 2                237.331A    -4.458    0.0039      Fe 4                4906.56A    -4.660    0.0025
nInu                1585.12A    -0.540   32.4863      He 2                234.347A    -4.500    0.0036      Fe 4                4899.97A    -5.001    0.0011
nFnu                1458.33A    -0.843   16.1610      He 2                232.584A    -4.525    0.0034      Fe 4                4903.07A    -4.982    0.0012
nInu                1458.33A    -0.522   33.8646      He 2                231.454A    -4.538    0.0033      Fe 5                70.3538m    -3.724    0.0213
nFnu                1356.96A    -0.881   14.8265      He 2                230.686A    -4.565    0.0031      Fe 5                36.3273m    -3.527    0.0335
nInu                1356.96A    -0.507   35.0722      He 2                230.139A    -4.580    0.0030      Fe 5                25.9131m    -3.636    0.0260
nFnu                1297.29A    -0.980   11.7888      He 2                229.736A    -4.637    0.0026      Fe 5                20.8407m    -3.906    0.0140
nInu                1297.29A    -0.497   35.9010      He 2                229.431A    -4.645    0.0026      Fe 5                4180.59A    -4.516    0.0034
nFnu                1262.79A    -1.131    8.3384      He 2                229.194A    -4.655    0.0025      Fe 5                4143.15A    -4.276    0.0060
nInu                1262.79A    -0.491   36.3833      He 2                229.006A    -4.664    0.0024      Fe 5                4227.19A    -3.567    0.0306
nFnu                1218.08A    -1.883    1.4767      He 2                228.855A    -4.674    0.0024      Fe 5                4071.24A    -4.286    0.0058
nInu                1218.08A    -0.483   37.0571      He 2                228.731A    -4.682    0.0023      Fe 5                3895.22A    -4.674    0.0024
nFnu                1196.33A    -1.870    1.5211      He 2                228.629A    -4.689    0.0023      Fe 5                3851.34A    -4.947    0.0013
nInu                1196.33A    -0.479   37.3657      He 2                228.543A    -4.695    0.0023      Fe 5                3794.94A    -4.358    0.0049
nFnu                1175.06A    -1.857    1.5662      He 2                228.471A    -4.698    0.0023      Fe 5                3755.70A    -4.639    0.0026
nInu                1175.06A    -0.476   37.6786      He 2                228.409A    -4.698    0.0023      Fe 5                3839.27A    -4.331    0.0053
nFnu                1143.64A    -1.834    1.6533      He 2                228.356A    -4.692    0.0023      Fe 5                3783.22A    -4.743    0.0020
nInu                1143.64A    -0.469   38.2483      He 2                1640.41A    -1.992    1.1482      Fe 5                3891.28A    -4.512    0.0035
nFnu                1113.22A    -1.812    1.7373      He 2                1215.13A    -2.467    0.3844      Fe 6                19.5527m    -4.292    0.0058
nInu                1113.22A    -0.463   38.7620      He 2                1084.94A    -2.805    0.1766      Fe 6                14.7670m    -4.516    0.0034
nFnu                1103.23A    -1.807    1.7592      He 2                1025.27A    -3.064    0.0972      Fe 6                12.3074m    -4.781    0.0019
nInu                1103.23A    -0.462   38.8915      He 2                992.358A    -3.275    0.0599      Fe 6                5145.75A    -4.913    0.0014
nFnu                1073.86A    -1.783    1.8590      He 2                972.106A    -3.451    0.0399      Fe 6                4972.47A    -4.929    0.0013
nInu                1073.86A    -0.457   39.3796      He 2                958.693A    -3.604    0.0281      Fe 6                5176.04A    -4.987    0.0012
nFnu                1064.34A    -1.775    1.8933      He 2                949.323A    -3.738    0.0206      Mg 2                2802.71A    -2.312    0.5498
nInu                1064.34A    -0.454   39.5772      He 2                942.507A    -3.594    0.0287      Mg 2                2795.53A    -2.016    1.0867
nFnu                1035.92A    -1.753    1.9886      He 2                937.389A    -3.687    0.0231      Mg 2                2798.00A    -5.000    0.0011
nInu                1035.92A    -0.449   40.1085      He 2                933.444A    -3.774    0.0190      Mg 4                4.48711m    -3.766    0.0193
nFnu                1000.00A    -1.724    2.1275      He 2                930.337A    -3.853    0.0158      N  2                205.283m    -4.503    0.0035
nInu                1000.00A    -0.441   40.8488      He 2                927.846A    -3.926    0.0134      N  2                121.769m    -3.679    0.0236
nFnu                925.144A    -1.664    2.4407      He 2                925.816A    -3.994    0.0114      N  2                6548.05A    -2.387    0.4627
nInu                925.144A    -0.424   42.4479      He 2                924.142A    -4.057    0.0099      N  2                6583.45A    -1.917    1.3640
nFnu                897.800A    -4.177    0.0075      He 2                922.743A    -4.115    0.0087      N  2                3062.83A    -5.016    0.0011
nFnu                496.874A    -3.985    0.0117      He 2                921.562A    -4.167    0.0077      N  2                5754.59A    -3.735    0.0207
RRC.............................................      He 2                920.556A    -4.213    0.0069      N  2                2139.01A    -4.150    0.0080
H  1                3645.98A    -1.952    1.2587      He 2                919.693A    -4.252    0.0063      N  2                2142.77A    -3.760    0.0196
H  1                3645.98A    -1.604    2.8037      He 2                4685.68A    -2.871    0.1516      N  2                1085.70A    -4.708    0.0022
H  1                8203.57A    -2.688    0.2311      He 2                3203.08A    -3.197    0.0717      N  2                1084.58A    -4.794    0.0018
H  1                8203.57A    -2.292    0.5748      He 2                2733.28A    -3.462    0.0389      N  2                1085.55A    -4.795    0.0018
H  1                8203.57A    -2.393    0.4559      He 2                2511.19A    -3.678    0.0236      N  2                1083.99A    -4.811    0.0017
H  1                1.45842m    -3.175    0.0753      He 2                2385.39A    -3.860    0.0156      N  2                1084.56A    -4.891    0.0014
H  1                1.45842m    -2.773    0.1901      He 2                2306.18A    -4.017    0.0108      N  2                915.612A    -4.806    0.0018
H  1                1.45842m    -2.767    0.1929      He 2                2252.67A    -4.155    0.0079      N  2                916.020A    -4.953    0.0013
H  1                1.45842m    -3.106    0.0884      He 2                2214.65A    -4.109    0.0088      N  2                916.710A    -4.877    0.0015
H  1                2.27878m    -3.533    0.0330      He 2                2186.59A    -4.202    0.0071      N  2                916.012A    -4.900    0.0014
H  1                2.27878m    -3.131    0.0834      He 2                2165.23A    -4.288    0.0058      N  2                916.701A    -4.654    0.0025
H  1                2.27878m    -3.092    0.0911      He 2                2148.58A    -4.367    0.0048      N  2                915.962A    -4.744    0.0020
H  1                2.27878m    -3.285    0.0585      He 2                2135.34A    -4.440    0.0041      N  3                57.3238m    -2.603    0.2809
H  1                2.27878m    -3.779    0.0188      He 2                2124.61A    -4.508    0.0035      N  3                1748.65A    -4.725    0.0021
H  1                3.28145m    -3.813    0.0173      He 2                2115.81A    -4.571    0.0030      N  3                1753.99A    -4.710    0.0022
H  1                3.28145m    -3.413    0.0436      He 2                2108.49A    -4.628    0.0027      N  3                1752.16A    -4.243    0.0064
H  1                3.28145m    -3.362    0.0490      He 2                2102.33A    -4.681    0.0024      N  3                1749.67A    -4.146    0.0080
H  1                3.28145m    -3.501    0.0356      He 2                2097.10A    -4.727    0.0021      N  3                989.799A    -4.802    0.0018
H  1                3.28145m    -3.822    0.0170      He 2                2092.63A    -4.765    0.0019      N  3                991.511A    -4.691    0.0023
H  1                3.28145m    -4.419    0.0043      He 2                1.01235m    -3.483    0.0370      N  3                991.577A    -4.691    0.0023
H  1                4.46642m    -4.043    0.0102      He 2                6560.01A    -3.723    0.0213      N  3                763.334A    -5.044    0.0010
H  1                4.46642m    -3.644    0.0256      He 2                5411.45A    -3.939    0.0130      N  3                764.351A    -4.588    0.0029
H  1                4.46642m    -3.588    0.0291      He 2                4859.26A    -4.124    0.0085      N  3                685.515A    -4.817    0.0017
H  1                4.46642m    -3.702    0.0224      He 2                4541.54A    -4.285    0.0059      N  3                686.336A    -4.561    0.0031
H  1                4.46642m    -3.952    0.0126      He 2                4338.62A    -4.425    0.0042      N  3                684.998A    -5.025    0.0011
H  1                4.46642m    -4.358    0.0049      He 2                4199.78A    -4.478    0.0037      N  3                685.817A    -4.440    0.0041
H  1                4.46642m    -5.027    0.0011      He 2                4099.99A    -4.571    0.0030      N  3                451.871A    -5.046    0.0010
H  1                5.83369m    -4.237    0.0065      He 2                4025.55A    -4.657    0.0025      N  3                452.227A    -4.583    0.0029
H  1                5.83369m    -3.840    0.0163      He 2                3968.39A    -4.735    0.0021      Na 3                7.31570m    -3.919    0.0136
H  1                5.83369m    -3.782    0.0186      He 2                3923.44A    -4.808    0.0018      Na 4                9.03096m    -4.549    0.0032
H  1                5.83369m    -3.882    0.0148      He 2                3887.40A    -4.876    0.0015      Ne 4                2421.66A    -4.288    0.0058
H  1                5.83369m    -4.096    0.0090      He 2                3858.03A    -4.938    0.0013      Ne 4                2424.28A    -4.139    0.0082
H  1                5.83369m    -4.419    0.0043      He 2                3833.76A    -4.996    0.0011      Ne 4                541.126A    -4.954    0.0013
H  1                5.83369m    -4.881    0.0015      He 2                3813.45A    -5.048    0.0010      Ne 4                542.076A    -4.861    0.0016
H  1                7.38326m    -4.405    0.0044      He 2                1.86365m    -3.984    0.0117      Ne 4                543.886A    -4.817    0.0017
H  1                7.38326m    -4.009    0.0110      He 2                1.16262m    -4.163    0.0077      Ni 2                1.19102m    -3.572    0.0302
H  1                7.38326m    -3.950    0.0126      He 2                9344.80A    -4.341    0.0051      Ni 2                6.63416m    -3.578    0.0298
H  1                7.38326m    -4.043    0.0102      He 2                8236.67A    -4.500    0.0036      Ni 2                1.07151m    -4.175    0.0075
H  1                7.38326m    -4.237    0.0065      He 2                7592.65A    -4.641    0.0026      Ni 2                10.6793m    -3.813    0.0173
H  1                7.38326m    -4.514    0.0035      He 2                7177.41A    -4.767    0.0019      Ni 2                1.16130m    -4.992    0.0011
H  1                7.38326m    -4.883    0.0015      He 2                6890.80A    -4.859    0.0016      Ni 2                12.7253m    -4.529    0.0033
H  1                9.11514m    -4.553    0.0032      He 2                6683.11A    -4.944    0.0013      Ni 2                7377.83A    -3.163    0.0774
H  1                9.11514m    -4.158    0.0078      He 2                6527.01A    -5.023    0.0011      Ni 2                8300.99A    -4.459    0.0039
H  1                9.11514m    -4.099    0.0090      He 2                3.09080m    -4.411    0.0044      Ni 2                1.93877m    -3.871    0.0152
H  1                9.11514m    -4.187    0.0073      He 2                1.87431m    -4.546    0.0032      Ni 2                2.91064m    -4.827    0.0017
H  1                9.11514m    -4.368    0.0048      He 2                1.47602m    -4.694    0.0023      Ni 2                6666.80A    -4.522    0.0034
H  1                9.11514m    -4.619    0.0027      He 2                1.28127m    -4.831    0.0017      Ni 2                7411.61A    -4.303    0.0056
H  1                9.11514m    -4.935    0.0013      He 2                1.16730m    -5.006    0.0011      Ni 2                4326.24A    -4.360    0.0049
H  1                11.0293m    -3.608    0.0278      He 2                4.76213m    -4.784    0.0019      Ni 2                4628.05A    -4.782    0.0019
H  1                13.1258m    -3.721    0.0214      He 2                2.82519m    -4.888    0.0015      Ni 2                7255.82A    -4.715    0.0022
H  1                15.4046m    -3.824    0.0169      He 2                2.18848m    -5.011    0.0011      Ni 2                4201.17A    -4.664    0.0024
H  1                17.8657m    -3.920    0.0135      He-like iso-sequence............................      Ni 2                7307.65A    -5.012    0.0011
H  1                20.5091m    -4.009    0.0110      He 1                1202.81A    -1.939    1.2970      Ni 2                4033.04A    -4.935    0.0013
H  1                23.3348m    -4.093    0.0091      He 1                584.334A    -3.045    0.1016      Ni 2                3993.06A    -4.496    0.0036
H  1                26.3428m    -4.172    0.0076      He 1                537.030A    -4.056    0.0099      Ni 2                4248.80A    -4.971    0.0012
H  1                29.5331m    -4.246    0.0064      He 1                522.213A    -4.201    0.0071      Ni 2                6365.10A    -4.969    0.0012
H  1                32.9057m    -4.316    0.0054      He 1                515.617A    -4.283    0.0059      Ni 2                3438.88A    -4.767    0.0019
H  1                36.4606m    -4.382    0.0047      He 1                512.099A    -4.340    0.0051      O  4                25.8863m    -2.074    0.9501
H  1                40.1978m    -4.446    0.0040      He 1                625.563A    -1.517    3.4307      O  4                787.710A    -4.970    0.0012
H  1                44.1173m    -4.506    0.0035      He 1                510.018A    -4.578    0.0030      O  4                790.114A    -4.893    0.0014
H  1                48.2191m    -4.564    0.0031      He 1                508.657A    -4.597    0.0028      O  4                790.201A    -4.929    0.0013
H  1                52.5033m    -4.619    0.0027      He 1                507.727A    -4.616    0.0027      O  4                609.830A    -4.577    0.0030
H  1                56.9697m    -3.450    0.0400      He 1                507.065A    -4.633    0.0026      O  4                554.076A    -5.002    0.0011
He 2                2049.91A    -3.406    0.0442      He 1                506.576A    -4.650    0.0025      O  4                555.264A    -4.541    0.0032
He 2                2049.91A    -2.940    0.1295      He 1                506.204A    -4.670    0.0024      O  4                554.514A    -4.417    0.0043
He 2                2049.91A    -2.929    0.1328      He 1                505.916A    -4.691    0.0023      S  4                10.5076m    -2.453    0.3968
He 2                3644.44A    -3.949    0.0127      He 1                505.687A    -4.711    0.0022      S  4                750.221A    -5.007    0.0011
He 2                3644.44A    -3.473    0.0379      He 1                505.502A    -4.733    0.0021      S  4                661.455A    -5.041    0.0010
He 2                3644.44A    -3.348    0.0506      He 1                505.352A    -4.754    0.0020      level 1 lines...................................
He 2                3644.44A    -3.556    0.0313      He 1                505.227A    -4.775    0.0019      recombination...................................
He 2                5694.49A    -4.356    0.0050      He 1                505.122A    -4.796    0.0018      C  2                4267.00A    -4.710    0.0022
He 2                5694.49A    -3.878    0.0149      He 1                505.033A    -4.817    0.0017      C  2                1761.00A    -4.776    0.0019
He 2                5694.49A    -3.715    0.0217      He 1                504.958A    -4.902    0.0014      C  2                1335.00A    -2.966    0.1217
He 2                5694.49A    -3.770    0.0191      He 1                504.893A    -4.899    0.0014      N  2                1742.00A    -4.777    0.0019
He 2                5694.49A    -4.137    0.0082      He 1                504.836A    -4.878    0.0015      O  1                1357.00A    -4.694    0.0023
He 2                8200.12A    -4.676    0.0024      He 1                504.787A    -4.939    0.0013      O  2                4075.00A    -4.702    0.0022
He 2                8200.12A    -4.199    0.0071      He 1                504.744A    -4.895    0.0014      O  2                4111.00A    -5.010    0.0011
He 2                8200.12A    -4.022    0.0107      He 1                504.706A    -4.830    0.0017      O  2                4651.00A    -4.481    0.0037
He 2                8200.12A    -4.017    0.0108      He 1                504.672A    -4.060    0.0098      O  2                4341.00A    -4.758    0.0020
He 2                8200.12A    -4.204    0.0070      He 1                1.08291m    -3.716    0.0217      C  1                1140.10A    -4.797    0.0018
He 2                8200.12A    -4.693    0.0023      He 1                1.08302m    -3.165    0.0771      C  2                1167.50A    -4.634    0.0026
He 2                1.11613m    -4.939    0.0013      He 1                1.08303m    -2.874    0.1508      C  2                1092.50A    -4.026    0.0106
He 2                1.11613m    -4.463    0.0039      Blnd                1.08302m    -2.655    0.2495      C  2                1036.80A    -3.658    0.0247
He 2                1.11613m    -4.279    0.0059      He 1                3888.64A    -3.114    0.0866      C  2                946.100A    -3.697    0.0226
He 2                1.11613m    -4.245    0.0064      He 1                3187.74A    -3.507    0.0350      C  2                799.800A    -2.800    0.1785
He 2                1.11613m    -4.357    0.0050      He 1                2945.10A    -3.819    0.0171      C  3                2296.90A    -4.698    0.0023
He 2                1.11613m    -4.648    0.0025      He 1                2829.08A    -4.072    0.0095      C  3                1828.00A    -4.727    0.0021
He 2                1.45781m    -4.686    0.0023      He 1                2760.44A    -4.657    0.0025      C  3                1577.10A    -4.670    0.0024
He 2                1.45781m    -4.498    0.0036      He 1                2721.00A    -4.803    0.0018      C  3                1175.70A    -4.518    0.0034
He 2                1.45781m    -4.449    0.0040      He 1                2694.61A    -4.935    0.0013      C  3                977.000A    -4.184    0.0074
He 2                1.45781m    -4.521    0.0034      He 1                2.05813m    -3.954    0.0125      C  3                493.500A    -4.948    0.0013
He 2                1.45781m    -4.724    0.0021      He 1                5015.68A    -3.730    0.0210      C  3                476.000A    -4.955    0.0012
He 2                1.84504m    -4.877    0.0015      He 1                3964.73A    -4.119    0.0086      C  3                459.600A    -4.054    0.0100
He 2                1.84504m    -4.688    0.0023      He 1                3613.64A    -4.423    0.0043      C  3                411.700A    -4.068    0.0096
He 2                1.84504m    -4.630    0.0026      He 1                3447.59A    -4.673    0.0024      C  3                398.400A    -4.250    0.0063
He 2                1.84504m    -4.679    0.0024      He 1                7065.71A    -4.644    0.0026      C  3                371.700A    -4.934    0.0013
He 2                1.84504m    -4.834    0.0017      He 1                7065.21A    -4.167    0.0077      N  1                980.700A    -4.955    0.0013
He 2                2.27783m    -5.044    0.0010      He 1                7065.18A    -3.945    0.0128      N  2                1085.10A    -4.177    0.0075
He 2                2.27783m    -4.855    0.0016      Blnd                7065.25A    -3.690    0.0230      N  2                916.300A    -4.616    0.0027
He 2                2.27783m    -4.791    0.0018      He 1                5875.98A    -4.042    0.0102      N  2                646.400A    -4.220    0.0068
He 2                2.27783m    -4.826    0.0017      He 1                5875.64A    -3.564    0.0307      N  3                991.000A    -4.222    0.0068
He 2                2.27783m    -4.951    0.0013      He 1                5875.61A    -3.343    0.0512      N  3                764.000A    -4.757    0.0020
He 2                2.75620m    -4.222    0.0068      Blnd                5875.66A    -3.087    0.0922      N  3                685.700A    -5.023    0.0011
He 2                3.28011m    -4.334    0.0052      He 1                4713.16A    -4.937    0.0013      N  3                418.800A    -4.711    0.0022
He 2                3.84958m    -4.437    0.0041      He 1                4713.14A    -4.716    0.0022      N  3                387.400A    -4.640    0.0026
He 2                4.46460m    -4.533    0.0033      Blnd                4713.17A    -4.460    0.0039      N  3                374.400A    -4.844    0.0016
He 2                5.12518m    -4.622    0.0027      He 1                4471.69A    -4.457    0.0039      N  3                348.700A    -4.043    0.0102
He 2                5.83131m    -4.705    0.0022      He 1                4471.49A    -3.980    0.0118      N  3                340.200A    -4.420    0.0043
He 2                6.58301m    -4.783    0.0019      He 1                4471.47A    -3.758    0.0197      O  2                386.300A    -3.425    0.0424
He 2                7.38026m    -4.857    0.0016      Blnd                4471.50A    -3.503    0.0354      O  2                385.700A    -3.603    0.0281
He 2                8.22307m    -4.927    0.0013      Blnd                4120.84A    -4.896    0.0014      O  3                834.500A    -3.770    0.0192
He 2                9.11143m    -4.993    0.0011      He 1                4026.36A    -4.773    0.0019      O  3                703.400A    -4.130    0.0084
He 2                14.2366m    -4.015    0.0109      He 1                4026.20A    -4.296    0.0057      O  3                599.600A    -4.655    0.0025
He 1                2599.69A    -3.135    0.0825      He 1                4026.19A    -4.074    0.0095      O  3                541.600A    -4.531    0.0033
He 1                3120.85A    -3.646    0.0255      Blnd                4026.21A    -3.819    0.0171      O  3                374.100A    -4.228    0.0067
He 1                3421.00A    -3.635    0.0261      He 1                3819.76A    -5.030    0.0011      O  3                320.700A    -4.234    0.0066
He 1                3420.88A    -3.157    0.0784      He 1                3819.61A    -4.553    0.0032      O  3                300.500A    -3.586    0.0292
He 1                3420.88A    -2.936    0.1307      He 1                3819.60A    -4.331    0.0053      O  3                299.300A    -4.006    0.0111
He 1                3678.70A    -3.354    0.0498      Blnd                3819.62A    -4.076    0.0095      O  4                789.400A    -4.809    0.0017
He 1                6632.16A    -4.044    0.0102      He 1                3704.90A    -4.970    0.0012      O  4                265.500A    -5.039    0.0010
He 1                7435.20A    -4.464    0.0039      He 1                3704.76A    -4.493    0.0036      O  4                200.800A    -4.667    0.0024
He 1                7843.40A    -3.413    0.0435      He 1                3704.75A    -4.271    0.0060      level2 lines....................................
He 1                8188.35A    -3.632    0.0263      Blnd                3704.77A    -4.016    0.0109      C  1                943.939A    -4.958    0.0012
He 1                8190.64A    -4.121    0.0085      He 1                3634.08A    -4.655    0.0025      C  1                1247.50A    -4.994    0.0011
He 1                8261.30A    -4.025    0.0106      He 1                3634.07A    -4.433    0.0042      C  2                596.559A    -4.626    0.0027
He 1                1.24770m    -4.597    0.0029      Blnd                3634.09A    -4.178    0.0075      C  2                561.959A    -4.666    0.0024
He 1                1.35640m    -4.983    0.0012      He 1                3587.16A    -4.798    0.0018      C  2                530.721A    -4.686    0.0023
He 1                1.40933m    -3.913    0.0138      He 1                3587.15A    -4.576    0.0030      C  2                544.909A    -4.698    0.0023
He 1                1.45602m    -4.003    0.0112      Blnd                3587.17A    -4.321    0.0054      C  2                535.300A    -4.709    0.0022
He 1                1.45643m    -4.496    0.0036      He 1                3554.34A    -4.925    0.0013      C  2                550.361A    -4.769    0.0019
He 1                1.45759m    -4.358    0.0049      He 1                3554.33A    -4.703    0.0022      C  2                467.460A    -4.840    0.0016
He 1                1.45759m    -4.835    0.0016      Blnd                3554.35A    -4.448    0.0040      C  2                637.979A    -4.997    0.0011
He 1                1.46631m    -4.497    0.0036      He 1                3530.43A    -5.041    0.0010      C  2                424.791A    -4.929    0.0013
He 1                2.01409m    -4.988    0.0012      He 1                3530.43A    -4.819    0.0017      C  2                439.850A    -5.004    0.0011
He 1                2.21671m    -4.281    0.0059      Blnd                3530.44A    -4.564    0.0031      C  2                524.659A    -5.028    0.0011
He 1                2.27546m    -4.328    0.0053      He 1                3512.46A    -4.924    0.0013      C  2                521.831A    -5.028    0.0011
He 1                2.27605m    -4.821    0.0017      Blnd                3512.48A    -4.669    0.0024      C  3                271.090A    -4.674    0.0024
He 1                2.27752m    -4.537    0.0033      He 1                3498.60A    -5.021    0.0011      C  3                268.600A    -4.708    0.0022
He 1                2.27752m    -5.015    0.0011      Blnd                3498.62A    -4.765    0.0019      C  3                266.880A    -4.747    0.0020
He 1                2.27778m    -5.032    0.0010      Blnd                3487.70A    -4.854    0.0016      C  3                288.500A    -4.759    0.0020
He 1                2.28865m    -4.851    0.0016      Blnd                3478.95A    -4.937    0.0013      N  1                942.258A    -4.791    0.0018
He 1                3.20639m    -4.568    0.0030      Blnd                3471.81A    -5.014    0.0011      N  2                532.161A    -4.629    0.0026
He 1                3.27716m    -4.596    0.0029      He 1                3439.98A    -4.847    0.0016      N  2                634.441A    -4.681    0.0024
He 1                3.27969m    -4.753    0.0020      Blnd                3440.00A    -4.591    0.0029      N  2                475.141A    -4.694    0.0023
He 1                4.46460m    -4.156    0.0079      He 1                7281.35A    -4.321    0.0054      N  2                528.139A    -4.723    0.0021
He 1                5.83132m    -4.328    0.0053      He 1                6678.15A    -3.644    0.0256      N  2                452.970A    -4.768    0.0019
He 1                7.38026m    -4.479    0.0037      He 1                5047.74A    -4.902    0.0014      N  2                441.950A    -4.800    0.0018
He 1                9.11143m    -4.615    0.0027      He 1                4921.93A    -4.073    0.0095      N  2                474.291A    -4.797    0.0018
He 1                11.0248m    -4.738    0.0021      He 1                4387.93A    -4.393    0.0046      N  2                437.731A    -4.823    0.0017
He 1                13.1205m    -4.850    0.0016      He 1                4143.76A    -4.649    0.0025      N  2                452.610A    -4.901    0.0014
He 1                15.3983m    -4.954    0.0013      He 1                4009.05A    -4.652    0.0025      N  2                441.659A    -4.982    0.0012
He 1                17.8584m    -5.049    0.0010      He 1                3926.41A    -4.817    0.0017      N  2                432.160A    -4.997    0.0011
He 1                61.5933m    -4.615    0.0027      He 1                3871.69A    -4.961    0.0012      N  2                435.369A    -5.030    0.0011
C  1                1101.07A    -5.045    0.0010      He 1                4.29471m    -4.929    0.0013      N  2                508.099A    -5.027    0.0011
grains..........................................      He 1                1.25275m    -4.926    0.0013      N  3                293.510A    -4.672    0.0024
H-like iso-sequence.............................      He 1                9463.58A    -5.035    0.0010      N  3                283.090A    -4.724    0.0021
H  1 Cool           1215.67A    -1.901    1.4171      He 1                1.70025m    -4.653    0.0025      N  3                264.550A    -4.756    0.0020
Crst                960.000A    -2.080    0.9383      He 1                1.19691m    -4.815    0.0017      N  3                277.180A    -4.773    0.0019
LA X                1215.67A    -3.372    0.0478      He 1                1.03113m    -5.016    0.0011      N  3                312.110A    -4.773    0.0019
CION                      0     -4.121    0.0085      He 1                9515.00A    -4.903    0.0014      N  3                273.490A    -4.826    0.0017
Ca B                1215.67A    -0.522   33.8934      He 1                9062.34A    -5.050    0.0010      N  3                267.450A    -4.867    0.0015
Q(H)                4861.32A    -2.066    0.9689      He 1                1.86854m    -4.035    0.0104      N  3                248.910A    -4.886    0.0015
Q(H)                1215.67A    -0.532   33.0949      He 1                1.27849m    -4.366    0.0049      N  3                271.020A    -4.880    0.0015
CaBo                4861.32A    -2.055    0.9940      He 1                1.09130m    -4.633    0.0026      N  3                305.650A    -4.894    0.0014
CaBo                1640.00A    -1.964    1.2241      He 1                1.00275m    -4.832    0.0017      N  3                269.290A    -4.928    0.0013
CaBo                4685.64A    -2.782    0.1862      He 1                9526.01A    -5.003    0.0011      N  3                300.710A    -4.936    0.0013
Ca A                1215.67A    -0.698   22.6086      He 1                1.86972m    -4.515    0.0034      O  1                867.303A    -4.993    0.0011
Ca A                1025.72A    -1.359    4.9281      He 1                1.27905m    -4.845    0.0016      O  1                976.791A    -4.671    0.0024
Ca A                972.537A    -1.770    1.9121      He 1                4.04791m    -4.755    0.0020      O  1                969.049A    -4.724    0.0021
Ca A                949.743A    -2.074    0.9499      He 1                2.62337m    -5.048    0.0010      O  1                946.387A    -4.764    0.0019
Ca A                937.803A    -2.317    0.5436      Ca B                2945.10A    -3.843    0.0162      O  1                934.501A    -4.797    0.0018
Ca A                930.748A    -2.519    0.3412      Ca B                3187.74A    -3.522    0.0339      O  1                973.577A    -4.812    0.0017
Ca A                926.226A    -2.693    0.2286      Ca B                3613.64A    -4.429    0.0042      O  1                927.472A    -4.828    0.0017
Ca A                923.150A    -2.845    0.1609      Ca B                3888.64A    -3.116    0.0863      O  1                948.506A    -4.867    0.0015
Ca A                920.963A    -2.982    0.1176      Ca B                3964.73A    -4.121    0.0085      O  1                922.969A    -4.864    0.0015
Ca A                919.351A    -3.104    0.0886      Ca B                4026.20A    -3.810    0.0175      O  1                919.912A    -4.899    0.0014
Ca A                918.129A    -3.216    0.0686      Ca B                4120.82A    -4.870    0.0015      O  1                935.672A    -4.926    0.0013
Ca A                917.181A    -3.318    0.0542      Ca B                4387.93A    -4.384    0.0047      O  1                917.726A    -4.936    0.0013
Ca A                916.429A    -3.412    0.0437      Ca B                4471.49A    -3.485    0.0369      O  1                918.704A    -4.966    0.0012
Ca A                915.824A    -3.498    0.0358      Ca B                4713.16A    -4.449    0.0040      O  1                928.186A    -4.988    0.0012
Ca A                915.329A    -3.578    0.0298      Ca B                4921.93A    -4.052    0.0100      O  1                917.473A    -5.008    0.0011
Ca A                914.919A    -3.651    0.0252      Ca B                5015.68A    -3.719    0.0215      O  2                425.190A    -4.514    0.0035
Ca A                914.576A    -3.718    0.0216      Ca B                5047.74A    -4.873    0.0015      O  2                388.410A    -4.573    0.0030
Ca A                914.286A    -3.780    0.0187      Ca B                5875.64A    -3.036    0.1037      O  2                373.600A    -4.620    0.0027
Ca A                914.039A    -3.836    0.0164      Ca B                6678.15A    -3.583    0.0294      O  2                361.821A    -4.634    0.0026
Ca A                913.826A    -3.888    0.0146      Ca B                7065.21A    -3.730    0.0210      O  2                366.060A    -4.644    0.0026
Ca A                913.641A    -3.936    0.0131      Ca B                7281.35A    -4.296    0.0057      O  2                360.570A    -4.690    0.0023
Ca A                913.480A    -3.980    0.0118      Ca B                1.08302m    -2.485    0.3687      O  2                414.619A    -4.743    0.0020
Ca A                913.339A    -4.021    0.0107      Ca B                1.19691m    -4.806    0.0018      O  2                358.780A    -4.764    0.0019
Ca A                6562.80A    -1.782    1.8631      Ca B                1.25275m    -5.016    0.0011      O  2                356.930A    -4.765    0.0019
Ca A                4861.32A    -2.232    0.6613      Ca B                1.27849m    -4.299    0.0057      O  2                355.610A    -4.787    0.0018
Ca A                4340.46A    -2.556    0.3130      Ca B                1.27905m    -4.772    0.0019      O  2                384.420A    -4.881    0.0015
Ca A                4101.73A    -2.810    0.1745      Ca B                1.70025m    -4.636    0.0026      O  2                371.620A    -5.037    0.0010
Ca A                3970.07A    -3.019    0.1079      Ca B                1.86854m    -3.927    0.0133      O  2                358.350A    -5.032    0.0010
Ca A                3889.05A    -3.197    0.0716      Ca B                1.86972m    -4.396    0.0045      O  3                305.400A    -4.266    0.0061
Ca A                3835.38A    -3.352    0.0501      Ca B                2.05813m    -3.608    0.0278      O  3                268.070A    -4.492    0.0036
Ca A                3797.90A    -3.491    0.0364      Pho+                3889.00A    -2.538    0.3263      O  3                263.850A    -4.504    0.0035
Ca A                3770.63A    -3.615    0.0274      extra Lyman.....................................      O  3                373.640A    -4.511    0.0035
Ca A                3750.15A    -3.728    0.0211      database lines..................................      O  3                265.020A    -4.514    0.0035
Ca A                3734.37A    -3.832    0.0166      Al 3                1862.79A    -4.268    0.0061      O  3                248.730A    -4.537    0.0033
Ca A                3721.94A    -3.928    0.0133      Al 3                1854.72A    -4.014    0.0109      O  3                241.200A    -4.582    0.0030
Ca A                3711.97A    -4.017    0.0108      Ar 2                6.98337m    -3.717    0.0216      O  3                248.620A    -4.613    0.0028
Ca A                3703.85A    -4.101    0.0089      Ar 3                3109.18A    -4.420    0.0043      O  3                236.890A    -4.619    0.0027
Ca A                3697.15A    -4.179    0.0075      Ar 3                5191.82A    -4.756    0.0020      O  3                234.190A    -4.647    0.0025
Ca A                3691.55A    -4.253    0.0063      Ar 3                7135.79A    -2.650    0.2523      O  3                276.900A    -4.641    0.0026
Ca A                3686.83A    -4.322    0.0054      Ar 3                7751.11A    -3.274    0.0599      O  3                241.140A    -4.651    0.0025
Ca A                3682.81A    -4.388    0.0046      Ar 3                8.98898m    -2.683    0.2338      O  3                280.450A    -4.660    0.0025
Ca A                3679.35A    -4.450    0.0040      Ar 3                21.8253m    -3.857    0.0157      O  3                263.230A    -4.663    0.0025
Ca A                3676.36A    -4.508    0.0035      Ar 4                4711.26A    -4.352    0.0050      O  3                232.380A    -4.669    0.0024
Ca A                3673.76A    -4.563    0.0031      Ar 4                4740.12A    -4.498    0.0036      O  3                236.860A    -4.690    0.0023
Ca A                3671.48A    -4.615    0.0027      C  1                1657.01A    -5.047    0.0010      O  3                231.110A    -4.693    0.0023
Ca A                1.87510m    -2.574    0.3003      C  1                9824.13A    -4.571    0.0030      O  3                255.390A    -4.699    0.0023
Ca A                1.28181m    -2.900    0.1420      C  1                9850.26A    -4.096    0.0090      O  3                232.350A    -4.716    0.0022
Ca A                1.09381m    -3.160    0.0779      C  2                687.053A    -4.708    0.0022      O  3                234.180A    -4.728    0.0021
Ca A                1.00494m    -3.374    0.0476      C  2                687.352A    -4.967    0.0012      O  3                230.150A    -4.785    0.0018
Ca A                9545.97A    -3.556    0.0313      C  2                858.092A    -4.895    0.0014      O  3                231.100A    -4.778    0.0019
Ca A                9229.02A    -3.714    0.0218      C  2                858.559A    -4.764    0.0019      O  3                244.650A    -4.777    0.0019
Ca A                9014.91A    -3.854    0.0158      C  2                903.623A    -4.614    0.0027      O  3                238.930A    -4.841    0.0016
Ca A                8862.79A    -3.980    0.0118      C  2                903.962A    -4.546    0.0032      O  3                233.340A    -4.861    0.0016
Ca A                8750.48A    -4.094    0.0091      C  2                904.142A    -4.455    0.0039      O  3                235.520A    -4.892    0.0014
Ca A                8665.02A    -4.199    0.0071      C  2                904.480A    -4.571    0.0030      O  4                239.130A    -4.490    0.0036
Ca A                8598.40A    -4.296    0.0057      C  2                1036.34A    -4.559    0.0031      O  4                207.610A    -4.818    0.0017
Ca A                8545.39A    -4.386    0.0046      C  2                1037.02A    -4.460    0.0039      O  4                196.560A    -4.879    0.0015
Ca A                8502.49A    -4.471    0.0038      C  2                1334.53A    -4.333    0.0052      O  4                214.760A    -4.855    0.0016
Ca A                8467.26A    -4.550    0.0032      C  2                1335.66A    -4.288    0.0058      O  4                280.550A    -4.788    0.0018
Ca A                8437.96A    -4.624    0.0027      C  2                1335.71A    -3.983    0.0117      Ne 2                444.150A    -4.845    0.0016
Ca A                8413.32A    -4.695    0.0023      C  2                2323.50A    -3.811    0.0174      Ne 2                356.870A    -4.832    0.0017
Ca A                8392.40A    -4.762    0.0020      C  2                2324.69A    -3.589    0.0290      Ne 2                461.050A    -4.870    0.0015
Ca A                8374.48A    -4.825    0.0017      C  2                2325.40A    -2.793    0.1816      Ne 2                404.130A    -4.909    0.0014
Ca A                8359.01A    -4.885    0.0015      C  2                2326.93A    -3.029    0.1054      Ne 2                327.700A    -4.964    0.0012
Ca A                8345.56A    -4.943    0.0013      C  2                2328.12A    -3.536    0.0328      Ne 2                331.200A    -4.964    0.0012
Ca A                8333.79A    -4.997    0.0011      C  2                157.636m    -3.573    0.0301      Ne 2                327.139A    -4.979    0.0012
Ca A                4.05115m    -3.176    0.0752      C  3                1908.73A    -2.730    0.2098      Ne 2                355.969A    -4.970    0.0012
Ca A                2.62515m    -3.426    0.0423      C  3                1906.68A    -2.557    0.3122      Ne 2                320.500A    -5.037    0.0010
Ca A                2.16553m    -3.642    0.0257      C  3                977.020A    -3.901    0.0142      Ne 3                250.920A    -4.588    0.0029
Ca A                1.94456m    -3.826    0.0168      C  3                386.203A    -4.888    0.0015      Ne 3                227.420A    -4.511    0.0035
Ca A                1.81741m    -3.987    0.0116      C  3                884.524A    -4.946    0.0013      Ne 3                218.360A    -4.818    0.0017
Ca A                1.73621m    -4.129    0.0084      Ca 4                3.20610m    -3.567    0.0305      Ne 3                223.310A    -4.756    0.0020
Ca A                1.68065m    -4.256    0.0063      Co 2                10.5199m    -4.890    0.0015      Ne 3                228.870A    -4.670    0.0024
Ca A                1.64072m    -4.371    0.0048      Co 2                2.98382m    -4.957    0.0012      Ne 3                281.580A    -4.675    0.0024
Ca A                1.61093m    -4.477    0.0038      Co 2                14.7345m    -5.034    0.0010      Ne 3                204.530A    -4.968    0.0012
Ca A                1.58805m    -4.575    0.0030      Co 2                1.01879m    -4.500    0.0036      Ne 3                227.190A    -4.574    0.0030
Ca A                1.57007m    -4.666    0.0024      Co 2                1.54700m    -4.746    0.0020      Ne 3                212.550A    -4.953    0.0013
Ca A                1.55565m    -4.750    0.0020      Co 3                11.8845m    -4.852    0.0016      Ne 3                265.510A    -4.712    0.0022
Ca A                1.54389m    -4.830    0.0017      Cr 2                8000.08A    -4.475    0.0038      Ne 3                218.030A    -4.932    0.0013
Ca A                1.53418m    -4.905    0.0014      Cr 2                8125.30A    -4.547    0.0032      Ne 3                205.100A    -5.044    0.0010
Ca A                1.52605m    -4.976    0.0012      Cr 2                8229.67A    -4.641    0.0026      Ne 3                217.120A    -4.988    0.0012
Ca A                1.51919m    -5.043    0.0010      Cr 2                8308.49A    -4.828    0.0017      Ne 3                238.070A    -4.827    0.0017
Ca A                7.45782m    -3.667    0.0243      Fe 2                25.9813m    -2.634    0.2616      Ne 4                171.550A    -5.010    0.0011
Ca A                4.65251m    -3.865    0.0154      Fe 2                5.33871m    -2.167    0.7663      Mg 3                183.540A    -4.871    0.0015
Ca A                3.73954m    -4.048    0.0101      Fe 2                4.11387m    -4.310    0.0055      Mg 3                168.540A    -5.051    0.0010
Ca A                3.29609m    -4.209    0.0070      Fe 2                1.25668m    -3.360    0.0492      Si 2                1179.59A    -4.291    0.0058
Ca A                3.03837m    -4.352    0.0050      Fe 2                4632.28A    -4.297    0.0057      Si 2                993.354A    -4.753    0.0020
Ca A                2.87221m    -4.480    0.0037      Fe 2                4416.27A    -4.249    0.0064      Si 2                893.551A    -4.852    0.0016
Ca A                2.75752m    -4.596    0.0029      Fe 2                4287.39A    -3.379    0.0471      Si 2                1024.03A    -4.938    0.0013
Ca A                2.67440m    -4.703    0.0022      Fe 2                2599.40A    -4.340    0.0052      Si 2                903.081A    -5.000    0.0011
Ca A                2.61194m    -4.801    0.0018      Fe 2                2382.04A    -3.182    0.0742      Si 3                564.611A    -5.031    0.0010
Ca A                2.56363m    -4.892    0.0014      Fe 2                35.3391m    -3.284    0.0586      Si 3                464.939A    -5.024    0.0011
Ca A                2.52540m    -4.978    0.0012      Fe 2                6.71944m    -3.307    0.0556      S  2                750.323A    -4.756    0.0020
Ca A                12.3685m    -4.084    0.0093      Fe 2                4.88781m    -3.973    0.0120      S  2                632.711A    -4.923    0.0013
Ca A                7.50045m    -4.243    0.0064      Fe 2                4.07521m    -4.754    0.0020      S  2                888.439A    -4.868    0.0015
Ca A                5.90660m    -4.400    0.0045      Fe 2                1.32055m    -3.857    0.0157      S  2                587.599A    -5.029    0.0011
Ca A                5.12726m    -4.542    0.0032      Fe 2                1.24854m    -4.729    0.0021      S  3                667.049A    -4.557    0.0031
Ca A                4.67124m    -4.671    0.0024      Fe 2                7637.52A    -4.012    0.0110      S  3                691.219A    -4.677    0.0024
Ca A                4.37526m    -4.787    0.0018      Fe 2                4889.62A    -4.149    0.0080      S  3                704.220A    -4.744    0.0020
Ca A                4.16966m    -4.894    0.0014      Fe 2                4457.95A    -4.530    0.0033      S  3                671.510A    -4.986    0.0012
Ca A                4.01977m    -4.993    0.0011      Fe 2                4359.33A    -3.510    0.0348      S  3                482.139A    -4.917    0.0014
Ca A                19.0567m    -4.445    0.0040      Fe 2                2625.67A    -2.706    0.2216      S  3                474.260A    -5.014    0.0011
Ca A                11.3056m    -4.576    0.0030      Fe 2                2611.87A    -3.607    0.0278      Ar 3                458.140A    -4.604    0.0028
Ca A                8.75768m    -4.712    0.0022      Fe 2                2598.37A    -4.559    0.0031      Ar 3                464.671A    -4.724    0.0021
Ca A                7.50606m    -4.839    0.0016      Fe 2                2395.63A    -3.655    0.0249      Ar 3                451.091A    -4.899    0.0014
Ca A                6.77015m    -4.955    0.0012      Fe 2                2388.63A    -4.575    0.0030      Ar 3                472.659A    -4.896    0.0014
Ca A                27.7958m    -4.764    0.0019      Fe 2                2364.83A    -3.984    0.0117      Ar 3                488.909A    -4.965    0.0012
Ca A                16.2047m    -4.873    0.0015      Fe 2                2332.80A    -4.978    0.0012      Ar 3                388.490A    -5.000    0.0011
Ca A                12.3838m    -4.992    0.0011      Fe 2                51.2868m    -3.844    0.0161      Ar 3                527.451A    -5.026    0.0011
Ca A                38.8593m    -5.050    0.0010      Fe 2                5.67236m    -4.785    0.0018      Ar 4                444.680A    -4.862    0.0015
Ca B                6562.80A    -1.599    2.8366      Fe 2                4.60641m    -4.554    0.0032      Ca 3                351.260A    -4.459    0.0039
Ca B                4861.32A    -2.056    0.9908      Fe 2                1.37181m    -4.100    0.0089      Ca 3                298.430A    -4.807    0.0018
Ca B                4340.46A    -2.385    0.4639      Fe 2                1.29427m    -4.514    0.0034      Ca 3                277.760A    -4.957    0.0012
Ca B                4101.73A    -2.643    0.2565      Fe 2                7686.93A    -4.139    0.0082      Ca 4                303.870A    -4.821    0.0017
Ca B                3970.07A    -2.854    0.1575      Fe 2                4728.07A    -4.767    0.0019      Ca 4                310.370A    -4.935    0.0013
Ca B                3889.05A    -3.035    0.1040      Fe 2                4488.75A    -4.894    0.0014      Ca 4                307.850A    -4.930    0.0013
Ca B                3835.38A    -3.192    0.0724      Fe 2                4413.78A    -3.661    0.0246      Ca 4                323.400A    -4.958    0.0012
Ca B                3797.90A    -3.331    0.0525      Fe 2                2631.32A    -3.412    0.0437      Ca 4                319.070A    -4.959    0.0012
Ca B                3770.63A    -3.457    0.0394      Fe 2                2617.62A    -4.508    0.0035      Fe 3                911.104A    -4.907    0.0014
Ca B                3750.15A    -3.571    0.0303      Fe 2                2607.09A    -4.486    0.0037      Fe 3                859.623A    -5.041    0.0010
Ca B                3734.37A    -3.675    0.0238      Fe 2                2404.89A    -4.331    0.0053      Fe 3                896.877A    -4.958    0.0012
Ca B                3721.94A    -3.772    0.0191      Fe 2                2399.24A    -4.829    0.0017      Fe 4                309.190A    -4.769    0.0019
Ca B                3711.97A    -3.861    0.0155      Fe 2                2380.76A    -3.551    0.0317      Fe 4                532.950A    -4.789    0.0018
Ca B                3703.85A    -3.944    0.0128      Fe 2                2348.30A    -4.831    0.0017      Fe 4                275.130A    -4.855    0.0016
Ca B                3697.15A    -4.022    0.0107      Fe 2                87.3597m    -4.644    0.0026      Fe 4                259.600A    -4.907    0.0014
Ca B                3691.55A    -4.094    0.0091      Fe 2                1.32777m    -4.698    0.0023      Fe 4                251.070A    -4.950    0.0013
Ca B                3686.83A    -4.162    0.0078      Fe 2                1.27877m    -4.805    0.0018      Fe 4                245.840A    -4.989    0.0012
Ca B                3682.81A    -4.226    0.0067      Fe 2                7665.28A    -4.799    0.0018      Fe 4                326.120A    -4.987    0.0012
Ca B                3679.35A    -4.286    0.0058      Fe 2                4452.10A    -3.854    0.0158      Fe 4                242.370A    -5.020    0.0011
Ca B                3676.36A    -4.343    0.0051      Fe 2                2631.05A    -4.468    0.0038      Fe 5                391.409A    -5.026    0.0011
Ca B                3673.76A    -4.396    0.0045      Fe 2                2613.82A    -4.831    0.0017      Fe 5                227.780A    -4.936    0.0013
Ca B                3671.48A    -4.446    0.0040      Fe 2                2410.52A    -4.911    0.0014      P  2                967.202A    -5.038    0.0010
Ca B                1.87510m    -2.526    0.3354      Fe 2                2406.66A    -4.899    0.0014      P  2                963.828A    -4.949    0.0013
Ca B                1.28181m    -2.842    0.1620      Fe 2                2359.11A    -5.047    0.0010      Ti 2                3364.74A    -4.155    0.0079
Ca B                1.09381m    -3.099    0.0897      Fe 2                1.27034m    -4.995    0.0011      Ti 2                3237.15A    -4.383    0.0047
Ca B                1.00494m    -3.311    0.0550      Fe 2                4474.90A    -4.166    0.0077      Cr 2                2059.78A    -4.565    0.0031
Ca B                9545.97A    -3.492    0.0363      Fe 2                2628.29A    -4.887    0.0015      Ni 2                1751.83A    -4.899    0.0014
Ca B                9229.02A    -3.650    0.0252      Fe 2                17.9311m    -2.935    0.1307      Ni 2                1744.24A    -4.788    0.0018
Ca B                9014.91A    -3.790    0.0183      Fe 2                1.64355m    -2.182    0.7403      Ni 2                1375.73A    -5.046    0.0010
Ca B                8862.79A    -3.916    0.0137      Fe 2                1.53348m    -3.146    0.0806      hyperfine structure.............................
Ca B                8750.48A    -4.030    0.0105      Fe 2                8616.95A    -3.423    0.0426      inner shell.....................................
Ca B                8665.02A    -4.135    0.0083      Fe 2                7155.17A    -3.156    0.0787      Mg 3                246.489A    -4.141    0.0081
Ca B                8598.40A    -4.231    0.0066      Fe 2                6896.17A    -4.893    0.0014      Mg 3                247.968A    -4.144    0.0081
Ca B                8545.39A    -4.321    0.0054      Fe 2                5413.37A    -4.924    0.0013      Si 4                720.838A    -4.628    0.0027
Ca B                8502.49A    -4.405    0.0044      Fe 2                5273.36A    -3.663    0.0245      Si 5                119.791A    -4.783    0.0019
Ca B                8467.26A    -4.483    0.0037      Fe 2                5158.79A    -3.030    0.1052      Si 5                120.490A    -4.785    0.0018
Ca B                8437.96A    -4.557    0.0031      Fe 2                5111.64A    -3.961    0.0123      molecules.......................................
Ca B                8413.32A    -4.626    0.0027      Fe 2                5072.41A    -3.716    0.0217      H-FB                      0     -4.335    0.0052
Ca B                8392.40A    -4.691    0.0023      Fe 2                4814.54A    -3.991    0.0115      H-FF                      0     -4.558    0.0031
Ca B                8374.48A    -4.753    0.0020      Fe 2                4774.73A    -4.444    0.0041      H-CT                6562.80A    -4.545    0.0032
Ca B                8359.01A    -4.811    0.0017      Fe 2                4243.97A    -3.386    0.0464      H- H                      0     -4.769    0.0019
Ca B                8345.56A    -4.866    0.0015      Fe 2                4177.20A    -4.472    0.0038      H2+                       0     -4.720    0.0021
Ca B                8333.79A    -4.918    0.0014      Fe 2                3387.09A    -4.922    0.0013      bands...........................................
Ca B                4.05115m    -3.152    0.0793      Fe 2                3376.20A    -4.132    0.0083      Fe 2b               2500.00A    -2.273    0.6017
Ca B                2.62515m    -3.398    0.0451      Fe 2                2732.45A    -4.805    0.0018      Fe 2b               5000.00A    -2.267    0.6093
Ca B                2.16553m    -3.611    0.0276      Fe 2                2493.30A    -3.119    0.0857      Fe 2b               7000.00A    -2.839    0.1632
Ca B                1.94456m    -3.793    0.0181      Fe 2                24.5126m    -3.594    0.0287      Fe 2b               10000.0A    -1.881    1.4807
Ca B                1.81741m    -3.953    0.0126      Fe 2                1.80940m    -2.783    0.1856      Fe 2b               2355.00A    -2.826    0.1681
Ca B                1.73621m    -4.094    0.0091      Fe 2                1.67688m    -3.571    0.0303      Fe 2b               2430.00A    -2.295    0.5717
Ca B                1.68065m    -4.221    0.0068      Fe 2                1.59948m    -3.528    0.0334      Fe 2b               2445.00A    -2.295    0.5717
Ca B                1.64072m    -4.336    0.0052      Fe 2                9051.95A    -3.264    0.0614      Fe 2b               2495.00A    -3.115    0.0865
Ca B                1.61093m    -4.441    0.0041      Fe 2                8891.93A    -3.738    0.0206      Fe 2b               2610.00A    -2.551    0.3170
Ca B                1.58805m    -4.538    0.0033      Fe 2                7452.56A    -3.648    0.0253      Fe 2b               2695.00A    -5.003    0.0011
Ca B                1.57007m    -4.629    0.0026      Fe 2                7172.00A    -3.849    0.0160      Fe 2b               2758.00A    -3.617    0.0272
Ca B                1.55565m    -4.713    0.0022      Fe 2                5527.36A    -4.036    0.0104      Fe 2b               2780.00A    -3.595    0.0286
Ca B                1.54389m    -4.792    0.0018      Fe 2                5433.15A    -4.177    0.0075      Fe 2b               2935.00A    -4.861    0.0016
Ca B                1.53418m    -4.867    0.0015      Fe 2                5261.63A    -3.434    0.0415      Fe 2b               2960.00A    -4.937    0.0013
Ca B                1.52605m    -4.937    0.0013      Fe 2                5220.08A    -4.720    0.0021      Fe 2b               3180.00A    -4.489    0.0037
Ca B                1.51919m    -5.003    0.0011      Fe 2                5184.80A    -4.585    0.0029      Fe 2b               3250.00A    -3.927    0.0133
Ca B                7.45782m    -3.651    0.0252      Fe 2                5158.01A    -4.522    0.0034      Fe 2b               3590.00A    -3.979    0.0118
Ca B                4.65251m    -3.847    0.0160      Fe 2                4947.39A    -3.935    0.0131      Fe 2b               4255.00A    -2.736    0.2070
Ca B                3.73954m    -4.028    0.0106      Fe 2                4905.35A    -4.299    0.0057      Fe 2b               4558.00A    -3.477    0.0375
Ca B                3.29609m    -4.187    0.0073      Fe 2                4874.50A    -4.361    0.0049      Fe 2b               4600.00A    -3.443    0.0406
Ca B                3.03837m    -4.329    0.0053      Fe 2                4346.86A    -4.013    0.0109      Fe 2b               4743.00A    -4.139    0.0082
Ca B                2.87221m    -4.457    0.0039      Fe 2                4276.84A    -3.933    0.0131      Fe 2b               4855.00A    -3.565    0.0307
Ca B                2.75752m    -4.573    0.0030      Fe 2                4244.82A    -4.693    0.0023      Fe 2b               4920.00A    -3.051    0.1003
Ca B                2.67440m    -4.679    0.0024      Fe 2                3455.11A    -5.015    0.0011      Fe 2b               4975.00A    -3.584    0.0294
Ca B                2.61194m    -4.777    0.0019      Fe 2                3452.31A    -4.717    0.0022      Fe 2b               4971.00A    -3.617    0.0272
Ca B                2.56363m    -4.868    0.0015      Fe 2                3440.99A    -4.611    0.0028      Fe 2b               5070.00A    -3.499    0.0357
Ca B                2.52540m    -4.953    0.0013      Fe 2                35.7675m    -4.356    0.0050      Fe 2b               5143.00A    -2.957    0.1245
Ca B                2.49458m    -5.032    0.0010      Fe 2                1.95361m    -3.694    0.0228      Fe 2b               5270.00A    -2.670    0.2409
Ca B                12.3685m    -4.069    0.0096      Fe 2                1.80002m    -3.587    0.0292      Fe 2b               5318.00A    -2.986    0.1163
Ca B                7.50045m    -4.229    0.0067      Fe 2                1.71113m    -4.206    0.0070      Fe 2b               5540.00A    -3.847    0.0160
Ca B                5.90660m    -4.385    0.0046      Fe 2                1.66377m    -3.813    0.0173      Fe 2b               5865.00A    -4.462    0.0039
Ca B                5.12726m    -4.526    0.0034      Fe 2                9399.04A    -3.686    0.0232      Fe 2b               6265.00A    -4.861    0.0016
Ca B                4.67124m    -4.654    0.0025      Fe 2                9226.63A    -3.682    0.0234      Fe 2b               6565.00A    -4.432    0.0042
Ca B                4.37526m    -4.770    0.0019      Fe 2                9033.49A    -4.467    0.0038      Fe 2b               6910.00A    -4.574    0.0030
Ca B                4.16966m    -4.877    0.0015      Fe 2                7388.17A    -3.969    0.0121      Fe 2b               7445.00A    -2.863    0.1544
Ca B                4.01977m    -4.975    0.0012      Fe 2                6440.41A    -4.670    0.0024      Fe 2b               8625.00A    -2.784    0.1853
Ca B                19.0567m    -4.431    0.0042      Fe 2                5654.87A    -4.996    0.0011      Fe 2b               1.03250m    -3.803    0.0177
Ca B                11.3056m    -4.563    0.0031      Fe 2                5556.31A    -4.847    0.0016      Fe 2b               1.88900m    -2.606    0.2795
Ca B                8.75768m    -4.699    0.0023      Fe 2                5412.67A    -4.905    0.0014      Fe 2b               2.20000m    -4.086    0.0093
Ca B                7.50606m    -4.825    0.0017      Fe 2                5333.66A    -3.731    0.0209      miscellaneous...................................
Ca B                6.77015m    -4.941    0.0013      Fe 2                5296.84A    -4.984    0.0012      C 2R                1335.00A    -2.967    0.1216
Ca B                6.29020m    -5.048    0.0010      Fe 2                5268.89A    -4.692    0.0023      C 3R                977.000A    -4.185    0.0074
Ca B                27.7958m    -4.750    0.0020      Fe 2                5049.30A    -4.108    0.0088      C 3R                1909.00A    -4.339    0.0052
Ca B                16.2047m    -4.860    0.0016      Fe 2                5005.52A    -4.176    0.0075      C 3R                1175.00A    -4.518    0.0034
Ca B                12.3838m    -4.980    0.0012      Fe 2                4973.40A    -4.462    0.0039      N 2R                1085.00A    -4.178    0.0075
Ca B                38.8593m    -5.035    0.0010      Fe 2                4950.76A    -4.757    0.0020      N 3R                990.000A    -4.222    0.0068
H  1                2430.61A    -1.008   11.0731      Fe 2                4352.79A    -4.249    0.0064      O 2R                7323.00A    -4.973    0.0012
H  1                1215.67A    -0.648   25.3498      Fe 2                4319.62A    -4.463    0.0039      O 2H                3727.00A    -3.891    0.0145
H  1                1025.72A    -4.027    0.0106      Fe 2                3501.63A    -4.752    0.0020      O 2R                3726.00A    -4.206    0.0070
H  1                972.537A    -4.135    0.0083      Fe 2                1.89541m    -4.323    0.0054      O 2R                3729.00A    -4.223    0.0067
H  1                949.743A    -4.192    0.0072      Fe 2                1.79711m    -3.859    0.0156      O 2R                2471.00A    -4.806    0.0018
H  1                937.803A    -4.231    0.0066      Fe 2                1.74494m    -4.135    0.0083      O 2H                7325.00A    -4.467    0.0038
H  1                930.748A    -4.261    0.0062      Fe 2                9652.70A    -4.535    0.0033      O 2R                4651.00A    -4.481    0.0037
H  1                926.226A    -4.288    0.0058      Fe 2                9470.94A    -4.072    0.0095      O 2R                4341.00A    -4.758    0.0020
H  1                923.150A    -4.315    0.0055      Fe 2                9267.56A    -4.164    0.0077      O 3C                5592.00A    -5.046    0.0010
H  1                920.963A    -4.342    0.0051      Fe 2                6558.51A    -4.884    0.0015      O 3R                835.000A    -3.770    0.0191
H  1                919.351A    -4.482    0.0037      Fe 2                5376.47A    -4.096    0.0090      O 4R                789.000A    -4.811    0.0017
H  1                918.129A    -4.499    0.0036      Fe 2                5076.57A    -4.780    0.0019      Blnd                1400.00A    -4.026    0.0106
H  1                917.181A    -4.514    0.0035      Fe 2                5043.53A    -4.669    0.0024      Blnd                1650.00A    -1.976    1.1917
H  1                916.429A    -4.526    0.0034      Fe 2                5020.24A    -4.734    0.0021      Blnd                1304.00A    -4.165    0.0077
H  1                915.824A    -4.537    0.0033      Fe 2                4372.43A    -4.737    0.0021      Blnd                1039.00A    -4.708    0.0022
H  1                915.329A    -4.546    0.0032      Fe 2                4358.37A    -4.825    0.0017      Blnd                2798.00A    -1.838    1.6365
H  1                914.919A    -4.554    0.0031      Fe 2                3539.19A    -5.022    0.0011      Blnd                6720.00A    -1.891    1.4474
H  1                914.576A    -4.560    0.0031      Fe 2                5163.96A    -4.923    0.0013      Blnd                4074.00A    -3.026    0.1061
H  1                914.286A    -4.564    0.0031      Fe 2                3277.35A    -4.908    0.0014      Blnd                1.03300m    -3.135    0.0826
H  1                914.039A    -4.565    0.0031      Fe 2                2926.59A    -4.992    0.0011      Blnd                1256.00A    -4.532    0.0033
H  1                913.826A    -4.562    0.0031      Fe 2                2755.74A    -3.984    0.0117      Blnd                1198.00A    -4.561    0.0031
H  1                6562.80A    -1.606    2.7911      Fe 2                2739.55A    -4.237    0.0065      Blnd                1720.00A    -4.283    0.0059
H  1                4861.32A    -2.052    1.0000      Fe 2                2716.70A    -5.004    0.0011      Blnd                3722.00A    -3.785    0.0185
H  1                4340.46A    -2.378    0.4722      Fe 2                1.00287m    -5.045    0.0010      Blnd                2665.00A    -3.128    0.0839
H  1                4101.73A    -2.634    0.2615      Fe 2                2772.73A    -4.287    0.0058      Blnd                1860.00A    -3.821    0.0170
H  1                3970.07A    -2.845    0.1611      Fe 2                2749.32A    -4.961    0.0012      Blnd                4725.00A    -4.118    0.0086
H  1                3889.05A    -3.024    0.1067      Fe 2                2.04602m    -4.990    0.0012      Blnd                2335.00A    -2.768    0.1922
H  1                3835.38A    -3.179    0.0746      Fe 2                5551.32A    -4.925    0.0013      Blnd                1888.00A    -2.709    0.2204
H  1                3797.90A    -3.317    0.0543      Fe 2                2.00672m    -5.010    0.0011      Blnd                1397.00A    -4.063    0.0098
H  1                3770.63A    -3.316    0.0544      Fe 2                2.22379m    -4.163    0.0078      Blnd                2424.00A    -3.906    0.0140
H  1                3750.15A    -3.420    0.0428      Fe 2                2.01513m    -4.794    0.0018      Blnd                3350.00A    -4.681    0.0023
H  1                3734.37A    -3.515    0.0344      Fe 2                9682.08A    -4.827    0.0017      Blnd                5525.00A    -3.534    0.0330
H  1                3721.94A    -3.603    0.0281      Fe 2                5169.03A    -4.995    0.0011      Blnd                8579.00A    -3.259    0.0621
H  1                3711.97A    -3.684    0.0233      Fe 3                22.9190m    -2.488    0.3664      Blnd                7306.00A    -2.511    0.3474
H  1                3703.85A    -3.759    0.0196      Fe 3                4985.87A    -3.218    0.0682      Blnd                3933.00A    -3.343    0.0511
H  1                3697.15A    -3.829    0.0167      Fe 3                4924.54A    -3.919    0.0136      Blnd                1657.00A    -4.544    0.0032
H  1                3691.55A    -3.893    0.0144      Fe 3                4881.00A    -3.018    0.1081      Blnd                9850.00A    -3.971    0.0121
H  1                3686.83A    -3.951    0.0126      Fe 3                4658.05A    -2.533    0.3299      Blnd                2326.00A    -2.488    0.3662
H  1                3682.81A    -4.003    0.0112      Fe 3                4607.03A    -3.808    0.0176      Blnd                1335.00A    -3.695    0.0228
H  1                3679.35A    -4.048    0.0101      Fe 3                4070.71A    -4.707    0.0022      Blnd                1909.00A    -2.334    0.5220
H  1                1.87510m    -2.564    0.3078      Fe 3                4008.35A    -3.688    0.0231      Blnd                1549.00A    -3.640    0.0258
H  1                1.28181m    -2.857    0.1567      Fe 3                3322.54A    -3.475    0.0377      Blnd                5199.00A    -3.463    0.0388
H  1                1.09381m    -3.106    0.0883      Fe 3                3239.74A    -3.553    0.0315      Blnd                1.04030m    -4.674    0.0024
H  1                1.00494m    -3.314    0.0547      Fe 3                2438.29A    -3.967    0.0122      Blnd                1085.00A    -4.084    0.0093
H  1                9545.97A    -3.492    0.0363      Fe 3                1576.66A    -4.644    0.0026      Blnd                2141.00A    -3.612    0.0276
H  1                9229.02A    -3.648    0.0253      Fe 3                1434.81A    -5.043    0.0010      Blnd                1750.00A    -3.757    0.0197
H  1                9014.91A    -3.786    0.0184      Fe 3                33.0270m    -3.039    0.1030      Blnd                990.000A    -4.248    0.0064
H  1                8862.79A    -3.831    0.0166      Fe 3                5270.40A    -2.795    0.1809      Blnd                1486.00A    -4.743    0.0020
H  1                8750.48A    -3.935    0.0131      Fe 3                5032.68A    -4.725    0.0021      Blnd                6300.00A    -2.675    0.2384
H  1                8665.02A    -4.030    0.0105      Fe 3                4987.21A    -3.759    0.0196      Blnd                2471.00A    -3.095    0.0905
H  1                8598.40A    -4.118    0.0086      Fe 3                4754.69A    -3.259    0.0620      Blnd                7323.00A    -3.264    0.0614
H  1                8545.39A    -4.198    0.0071      Fe 3                4701.54A    -3.095    0.0905      Blnd                7332.00A    -3.350    0.0503
H  1                8502.49A    -4.273    0.0060      Fe 3                4667.01A    -4.144    0.0081      Blnd                833.000A    -4.217    0.0068
H  1                8467.26A    -4.343    0.0051      Fe 3                4079.70A    -4.247    0.0064      Blnd                3727.00A    -1.417    4.3185
H  1                8437.96A    -4.407    0.0044      Fe 3                4046.42A    -4.696    0.0023      Blnd                7325.00A    -3.004    0.1117
H  1                8413.32A    -4.465    0.0039      Fe 3                3371.41A    -3.609    0.0277      Blnd                1666.00A    -3.414    0.0435
H  1                8392.40A    -4.517    0.0034      Fe 3                3301.56A    -4.702    0.0022      Blnd                5007.00A    -1.035   10.4021
H  1                8374.48A    -4.561    0.0031      Fe 3                3286.19A    -4.069    0.0096      Blnd                835.000A    -3.970    0.0121
H  1                4.05115m    -3.214    0.0689      Fe 3                2464.51A    -4.109    0.0088      Blnd                789.000A    -4.452    0.0040
H  1                2.62515m    -3.432    0.0417      Fe 3                51.6655m    -3.689    0.0231
H  1                2.16553m    -3.634    0.0262      Fe 3                5011.26A    -3.465    0.0386

                                                    Emergent line intensities
general properties..............................      He 1                1.00275m    -4.832    0.0017      O  3                1660.81A    -3.956    0.0125
continua........................................      He 1                9526.01A    -5.004    0.0011      O  3                5006.84A    -1.164    7.7274
FIR                 83.0000m    -1.502    3.5464      He 1                1.86972m    -4.515    0.0034      O  3                1666.15A    -3.561    0.0310
TIR                 1800.00m    -4.092    0.0091      He 1                1.27905m    -4.845    0.0016      O  3                4363.21A    -3.376    0.0474
NIRa                2.85000m    -0.182   74.1680      He 1                4.04791m    -4.755    0.0020      P  2                60.6263m    -4.741    0.0020
NIRb                3.00000m    -0.496   35.9723      He 1                2.62337m    -5.048    0.0010      P  2                32.8620m    -4.159    0.0078
MIRa                15.0000m    -0.687   23.1614      extra Lyman.....................................      P  2                1.14682m    -3.898    0.0142
MIRb                22.5000m    -0.626   26.6868      database lines..................................      P  2                1.18828m    -3.475    0.0378
NMIR                21.7500m    -0.182   74.1680      Al 3                1862.79A    -4.268    0.0061      P  2                7875.99A    -4.833    0.0017
TFIR                611.250m    -3.191    0.0726      Al 3                1854.72A    -4.014    0.0109      P  3                17.8797m    -4.180    0.0074
TALL                10000.0A     0.332  242.3685      Ar 2                6.98337m    -3.717    0.0216      S  2                6730.82A    -2.188    0.7304
F12                 12.0000m    -1.134    8.2707      Ar 3                3109.18A    -4.420    0.0043      S  2                6716.44A    -2.197    0.7168
F25                 25.0000m    -1.708    2.2099      Ar 3                5191.82A    -4.756    0.0020      S  2                4076.35A    -3.643    0.0257
F60                 60.0000m    -1.662    2.4552      Ar 3                7135.79A    -2.650    0.2523      S  2                4068.60A    -3.146    0.0805
F100                100.000m    -2.053    0.9979      Ar 3                7751.11A    -3.275    0.0599      S  2                1.03364m    -3.781    0.0187
MIPS                24.0000m    -1.767    1.9298      Ar 3                8.98898m    -2.683    0.2339      S  2                1.02867m    -3.773    0.0190
MIPS                70.0000m    -3.005    0.1114      Ar 3                21.8253m    -3.857    0.0157      S  2                1.03705m    -4.103    0.0089
MIPS                160.000m    -3.426    0.0423      Ar 4                4711.26A    -4.352    0.0050      S  2                1.03205m    -3.639    0.0259
IRAC                3.60000m    -1.410    4.3883      Ar 4                4740.12A    -4.498    0.0036      S  2                1259.52A    -4.939    0.0013
IRAC                4.50000m    -1.381    4.6864      C  1                1657.01A    -5.047    0.0010      S  2                1253.81A    -4.989    0.0012
IRAC                5.80000m    -1.297    5.6826      C  1                9824.13A    -4.571    0.0030      S  3                33.4704m    -2.203    0.7064
IRAC                8.00000m    -1.179    7.4729      C  1                9850.26A    -4.096    0.0090      S  3                18.7078m    -2.175    0.7536
SPR1                250.000m    -4.315    0.0055      C  2                1036.34A    -4.562    0.0031      S  3                9068.62A    -2.316    0.5441
SPR2                350.000m    -4.432    0.0042      C  2                1037.02A    -4.463    0.0039      S  3                9530.62A    -1.916    1.3668
SPR3                500.000m    -4.490    0.0037      C  2                1334.53A    -4.334    0.0052      S  3                3721.63A    -3.791    0.0182
PAC1                70.0000m    -2.986    0.1164      C  2                1335.66A    -4.288    0.0058      S  3                6312.06A    -3.518    0.0342
PAC2                100.000m    -2.043    1.0213      C  2                1335.71A    -3.984    0.0117      S  3                1713.11A    -4.866    0.0015
PAC3                160.000m    -3.374    0.0476      C  2                2323.50A    -3.812    0.0174      S  3                1728.94A    -4.415    0.0043
PAH                 3.30000m    -2.262    0.6163      C  2                2324.69A    -3.589    0.0290      S  3                1194.45A    -5.024    0.0011
PAHC                3.23000m    -2.507    0.3508      C  2                2325.40A    -2.793    0.1815      S  3                1021.11A    -4.920    0.0014
PAHC                3.37000m    -2.579    0.2974      C  2                2326.93A    -3.029    0.1053      S  3                1021.32A    -5.048    0.0010
PAH                 6.20000m    -1.843    1.6178      C  2                2328.12A    -3.536    0.0328      Si 2                34.8046m    -2.028    1.0561
PAHC                5.65000m    -1.806    1.7631      C  2                157.636m    -3.573    0.0301      Si 2                2334.41A    -3.790    0.0183
PAH                 7.90000m    -1.648    2.5343      C  3                1908.73A    -2.730    0.2097      Si 2                2328.52A    -4.364    0.0049
PAHC                6.90000m    -1.575    2.9979      C  3                1906.68A    -2.558    0.3122      Si 2                1808.01A    -3.625    0.0267
PAH                 11.3000m    -2.390    0.4588      C  3                977.020A    -3.904    0.0141      Si 2                1526.71A    -4.759    0.0020
PAHC                10.9000m    -2.320    0.5400      Ca 4                3.20610m    -3.567    0.0305      Si 2                1260.42A    -4.738    0.0021
PAH                 11.8000m    -2.252    0.6303      Co 2                10.5199m    -4.890    0.0015      Si 2                1193.29A    -4.889    0.0015
PAHC                12.6500m    -2.292    0.5753      Co 2                2.98382m    -4.957    0.0012      Si 2                1190.42A    -5.036    0.0010
PAH                 13.3000m    -2.404    0.4448      Co 2                14.7345m    -5.034    0.0010      Si 2                2350.17A    -3.664    0.0244
PAHC                14.1000m    -2.498    0.3581      Co 2                1.01879m    -4.500    0.0036      Si 2                2344.20A    -3.215    0.0687
Bcon                3640.00A    -0.090   91.6331      Co 2                1.54700m    -4.746    0.0020      Si 2                2334.60A    -3.171    0.0760
Pcon                5000.00A    -0.377   47.2685      Co 3                11.8845m    -4.852    0.0016      Si 2                1817.45A    -3.837    0.0164
O3bn                5007.00A    -1.126    8.4399      Cr 2                8000.08A    -4.475    0.0038      Si 2                1816.93A    -3.294    0.0573
SX                  25.0000A    -1.648    2.5350      Cr 2                8125.30A    -4.547    0.0032      Si 2                1533.43A    -4.045    0.0102
HX                  4.70000A    -1.332    5.2452      Cr 2                8229.67A    -4.641    0.0026      Si 2                1309.28A    -4.490    0.0037
ROSA                12.3980A    -1.305    5.5857      Cr 2                8308.49A    -4.828    0.0017      Si 2                1265.00A    -4.287    0.0058
RRC.............................................      Fe 2                25.9813m    -2.634    0.2617      Si 2                1264.74A    -4.429    0.0042
grains..........................................      Fe 2                5.33871m    -2.167    0.7665      Si 2                1197.39A    -4.402    0.0045
H-like iso-sequence.............................      Fe 2                4.11387m    -4.310    0.0055      Si 2                1194.50A    -4.346    0.0051
H  1                1215.67A    -0.649   25.3204      Fe 2                1.25668m    -3.360    0.0492      Si 3                1892.03A    -3.098    0.0899
H  1                1025.72A    -4.030    0.0105      Fe 2                4632.28A    -4.297    0.0057      Si 3                1882.71A    -2.937    0.1304
H  1                972.537A    -4.138    0.0082      Fe 2                4416.27A    -4.249    0.0064      Si 3                1206.50A    -4.116    0.0086
H  1                949.743A    -4.195    0.0072      Fe 2                4287.39A    -3.379    0.0471      Si 4                1393.75A    -4.275    0.0060
H  1                937.803A    -4.234    0.0066      Fe 2                2599.40A    -4.340    0.0051      Si 4                1402.77A    -4.478    0.0037
H  1                930.748A    -4.264    0.0061      Fe 2                2382.04A    -3.182    0.0742      Al 2                2669.15A    -3.510    0.0348
H  1                926.226A    -4.291    0.0058      Fe 2                35.3391m    -3.284    0.0586      Al 2                2660.35A    -3.361    0.0491
H  1                923.150A    -4.318    0.0054      Fe 2                6.71944m    -3.307    0.0556      Al 2                1670.79A    -3.944    0.0128
H  1                920.963A    -4.345    0.0051      Fe 2                4.88781m    -3.973    0.0120      Al 5                2.90450m    -5.038    0.0010
H  1                919.351A    -4.486    0.0037      Fe 2                4.07521m    -4.754    0.0020      C  4                1550.77A    -4.086    0.0092
H  1                918.129A    -4.502    0.0035      Fe 2                1.32055m    -3.857    0.0157      C  4                1548.19A    -3.833    0.0165
H  1                917.181A    -4.517    0.0034      Fe 2                1.24854m    -4.729    0.0021      Ca 2                7323.89A    -2.912    0.1380
H  1                916.429A    -4.529    0.0033      Fe 2                7637.52A    -4.012    0.0110      Ca 2                7291.47A    -2.731    0.2093
H  1                915.824A    -4.540    0.0032      Fe 2                4889.62A    -4.149    0.0080      Ca 2                3968.47A    -3.689    0.0231
H  1                915.329A    -4.550    0.0032      Fe 2                4457.95A    -4.530    0.0033      Ca 2                8662.14A    -3.791    0.0182
H  1                914.919A    -4.557    0.0031      Fe 2                4359.33A    -3.510    0.0348      Ca 2                3933.66A    -3.604    0.0281
H  1                914.576A    -4.564    0.0031      Fe 2                2625.67A    -2.706    0.2216      Ca 2                8498.02A    -4.403    0.0045
H  1                914.286A    -4.568    0.0031      Fe 2                2611.87A    -3.607    0.0278      Ca 2                8542.09A    -3.456    0.0394
H  1                914.039A    -4.569    0.0030      Fe 2                2598.37A    -4.559    0.0031      Ca 5                4.15739m    -4.919    0.0014
H  1                913.826A    -4.565    0.0031      Fe 2                2395.63A    -3.656    0.0249      Cl 2                14.3639m    -3.975    0.0119
H  1                6562.80A    -1.606    2.7908      Fe 2                2388.63A    -4.575    0.0030      Cl 2                8578.70A    -3.674    0.0239
H  1                4861.32A    -2.052    1.0000      Fe 2                2364.83A    -3.984    0.0117      Cl 2                9123.60A    -4.259    0.0062
H  1                4340.46A    -2.378    0.4722      Fe 2                2332.80A    -4.979    0.0012      Cl 3                5537.87A    -3.884    0.0147
H  1                4101.73A    -2.635    0.2615      Fe 2                51.2868m    -3.844    0.0161      Cl 3                5517.71A    -3.791    0.0182
H  1                3970.07A    -2.845    0.1612      Fe 2                5.67236m    -4.785    0.0019      Cl 3                3342.80A    -4.826    0.0017
H  1                3889.05A    -3.024    0.1068      Fe 2                4.60641m    -4.554    0.0032      Cl 4                20.3197m    -4.404    0.0044
H  1                3835.38A    -3.179    0.0746      Fe 2                1.37181m    -4.100    0.0089      Cl 4                11.7629m    -4.453    0.0040
H  1                3797.90A    -3.317    0.0543      Fe 2                1.29427m    -4.514    0.0034      Cl 4                7530.54A    -5.004    0.0011
H  1                3770.63A    -3.316    0.0544      Fe 2                7686.93A    -4.140    0.0082      Cl 4                8045.62A    -4.640    0.0026
H  1                3750.15A    -3.420    0.0428      Fe 2                4728.07A    -4.767    0.0019      Fe 4                3094.96A    -3.343    0.0511
H  1                3734.37A    -3.516    0.0344      Fe 2                4488.75A    -4.894    0.0014      Fe 4                2835.74A    -2.855    0.1573
H  1                3721.94A    -3.603    0.0281      Fe 2                4413.78A    -3.662    0.0246      Fe 4                2829.36A    -3.125    0.0845
H  1                3711.97A    -3.684    0.0233      Fe 2                2631.32A    -3.412    0.0437      Fe 4                2823.50A    -4.401    0.0045
H  1                3703.85A    -3.760    0.0196      Fe 2                2617.62A    -4.508    0.0035      Fe 4                2577.92A    -4.740    0.0021
H  1                3697.15A    -3.829    0.0167      Fe 2                2607.09A    -4.486    0.0037      Fe 4                2.83562m    -4.262    0.0062
H  1                3691.55A    -3.893    0.0144      Fe 2                2404.89A    -4.331    0.0053      Fe 4                2.80554m    -4.795    0.0018
H  1                3686.83A    -3.951    0.0126      Fe 2                2399.24A    -4.829    0.0017      Fe 4                2.86447m    -4.592    0.0029
H  1                3682.81A    -4.003    0.0112      Fe 2                2380.76A    -3.552    0.0317      Fe 4                2567.61A    -3.780    0.0187
H  1                3679.35A    -4.048    0.0101      Fe 2                2348.30A    -4.831    0.0017      Fe 4                2.71569m    -4.896    0.0014
H  1                1.87510m    -2.564    0.3079      Fe 2                87.3597m    -4.644    0.0026      Fe 4                2567.40A    -4.532    0.0033
H  1                1.28181m    -2.857    0.1568      Fe 2                1.32777m    -4.698    0.0023      Fe 4                6739.82A    -4.338    0.0052
H  1                1.09381m    -3.106    0.0883      Fe 2                1.27877m    -4.805    0.0018      Fe 4                6761.38A    -4.839    0.0016
H  1                1.00494m    -3.314    0.0547      Fe 2                7665.28A    -4.799    0.0018      Fe 4                6734.42A    -4.460    0.0039
H  1                9545.97A    -3.493    0.0363      Fe 2                4452.10A    -3.854    0.0158      Fe 4                5233.76A    -4.962    0.0012
H  1                9229.02A    -3.648    0.0253      Fe 2                2631.05A    -4.468    0.0038      Fe 4                4906.56A    -4.660    0.0025
H  1                9014.91A    -3.786    0.0184      Fe 2                2613.82A    -4.831    0.0017      Fe 4                4899.97A    -5.002    0.0011
H  1                8862.79A    -3.832    0.0166      Fe 2                2410.52A    -4.912    0.0014      Fe 4                4903.07A    -4.982    0.0012
H  1                8750.48A    -3.935    0.0131      Fe 2                2406.66A    -4.899    0.0014      Fe 5                70.3538m    -3.724    0.0213
H  1                8665.02A    -4.030    0.0105      Fe 2                2359.11A    -5.048    0.0010      Fe 5                36.3273m    -3.527    0.0335
H  1                8598.40A    -4.118    0.0086      Fe 2                1.27034m    -4.995    0.0011      Fe 5                25.9131m    -3.636    0.0260
H  1                8545.39A    -4.199    0.0071      Fe 2                4474.90A    -4.166    0.0077      Fe 5                20.8407m    -3.906    0.0140
H  1                8502.49A    -4.274    0.0060      Fe 2                2628.29A    -4.887    0.0015      Fe 5                4180.59A    -4.516    0.0034
H  1                8467.26A    -4.343    0.0051      Fe 2                17.9311m    -2.935    0.1308      Fe 5                4143.15A    -4.276    0.0060
H  1                8437.96A    -4.407    0.0044      Fe 2                1.64355m    -2.182    0.7405      Fe 5                4227.19A    -3.567    0.0306
H  1                8413.32A    -4.465    0.0039      Fe 2                1.53348m    -3.146    0.0806      Fe 5                4071.24A    -4.286    0.0058
H  1                8392.40A    -4.517    0.0034      Fe 2                8616.95A    -3.423    0.0426      Fe 5                3895.22A    -4.674    0.0024
H  1                8374.48A    -4.561    0.0031      Fe 2                7155.17A    -3.156    0.0787      Fe 5                3851.34A    -4.947    0.0013
H  1                4.05115m    -3.214    0.0689      Fe 2                6896.17A    -4.894    0.0014      Fe 5                3794.94A    -4.358    0.0049
H  1                2.62515m    -3.432    0.0417      Fe 2                5413.37A    -4.924    0.0013      Fe 5                3755.70A    -4.640    0.0026
H  1                2.16553m    -3.634    0.0262      Fe 2                5273.36A    -3.664    0.0245      Fe 5                3839.27A    -4.331    0.0053
H  1                1.94456m    -3.811    0.0174      Fe 2                5158.79A    -3.030    0.1052      Fe 5                3783.22A    -4.743    0.0020
H  1                1.81741m    -3.966    0.0122      Fe 2                5111.64A    -3.961    0.0123      Fe 5                3891.28A    -4.513    0.0035
H  1                1.73621m    -4.104    0.0089      Fe 2                5072.41A    -3.717    0.0217      Fe 6                19.5527m    -4.292    0.0058
H  1                1.68065m    -4.201    0.0071      Fe 2                4814.54A    -3.991    0.0115      Fe 6                14.7670m    -4.516    0.0034
H  1                1.64072m    -4.304    0.0056      Fe 2                4774.73A    -4.444    0.0041      Fe 6                12.3074m    -4.781    0.0019
H  1                1.61093m    -4.398    0.0045      Fe 2                4243.97A    -3.386    0.0464      Fe 6                5145.75A    -4.913    0.0014
H  1                1.58805m    -4.486    0.0037      Fe 2                4177.20A    -4.472    0.0038      Fe 6                4972.47A    -4.929    0.0013
H  1                1.57007m    -4.566    0.0031      Fe 2                3387.09A    -4.923    0.0013      Fe 6                5176.04A    -4.987    0.0012
H  1                1.55565m    -4.641    0.0026      Fe 2                3376.20A    -4.133    0.0083      Mg 2                2802.71A    -2.312    0.5499
H  1                1.54389m    -4.710    0.0022      Fe 2                2732.45A    -4.805    0.0018      Mg 2                2795.53A    -2.016    1.0868
H  1                1.53418m    -4.774    0.0019      Fe 2                2493.30A    -3.119    0.0857      Mg 2                2798.00A    -5.000    0.0011
H  1                1.52605m    -4.832    0.0017      Fe 2                24.5126m    -3.594    0.0287      Mg 4                4.48711m    -3.766    0.0193
H  1                1.51919m    -4.884    0.0015      Fe 2                1.80940m    -2.783    0.1857      N  2                205.283m    -4.503    0.0035
H  1                1.51332m    -4.928    0.0013      Fe 2                1.67688m    -3.571    0.0303      N  2                121.769m    -3.679    0.0236
H  1                7.45782m    -3.732    0.0209      Fe 2                1.59948m    -3.528    0.0334      N  2                6548.05A    -2.387    0.4627
H  1                4.65251m    -3.900    0.0142      Fe 2                9051.95A    -3.264    0.0614      N  2                6583.45A    -1.917    1.3638
H  1                3.73954m    -4.068    0.0096      Fe 2                8891.93A    -3.738    0.0206      N  2                3062.83A    -5.016    0.0011
H  1                3.29609m    -4.220    0.0068      Fe 2                7452.56A    -3.648    0.0253      N  2                5754.59A    -3.736    0.0207
H  1                3.03837m    -4.357    0.0050      Fe 2                7172.00A    -3.849    0.0160      N  2                2139.01A    -4.151    0.0080
H  1                2.87221m    -4.490    0.0037      Fe 2                5527.36A    -4.036    0.0104      N  2                2142.77A    -3.760    0.0196
H  1                2.75752m    -4.592    0.0029      Fe 2                5433.15A    -4.177    0.0075      N  2                1085.70A    -4.712    0.0022
H  1                2.67440m    -4.686    0.0023      Fe 2                5261.63A    -3.434    0.0415      N  2                1084.58A    -4.798    0.0018
H  1                2.61194m    -4.773    0.0019      Fe 2                5220.08A    -4.720    0.0021      N  2                1085.55A    -4.798    0.0018
H  1                2.56363m    -4.854    0.0016      Fe 2                5184.80A    -4.585    0.0029      N  2                1083.99A    -4.814    0.0017
H  1                2.52540m    -4.928    0.0013      Fe 2                5158.01A    -4.522    0.0034      N  2                1084.56A    -4.894    0.0014
H  1                2.49458m    -4.997    0.0011      Fe 2                4947.39A    -3.935    0.0131      N  2                915.612A    -4.810    0.0017
H  1                12.3685m    -4.167    0.0077      Fe 2                4905.35A    -4.300    0.0057      N  2                916.020A    -4.956    0.0012
H  1                7.50045m    -4.299    0.0057      Fe 2                4874.50A    -4.361    0.0049      N  2                916.710A    -4.880    0.0015
H  1                5.90660m    -4.441    0.0041      Fe 2                4346.86A    -4.013    0.0109      N  2                916.012A    -4.904    0.0014
H  1                5.12726m    -4.574    0.0030      Fe 2                4276.84A    -3.933    0.0131      N  2                916.701A    -4.657    0.0025
H  1                4.67124m    -4.728    0.0021      Fe 2                4244.82A    -4.693    0.0023      N  2                915.962A    -4.748    0.0020
H  1                4.37526m    -4.829    0.0017      Fe 2                3455.11A    -5.015    0.0011      N  3                57.3238m    -2.603    0.2810
H  1                4.16966m    -4.923    0.0013      Fe 2                3452.31A    -4.718    0.0022      N  3                1748.65A    -4.725    0.0021
H  1                4.01977m    -5.009    0.0011      Fe 2                3440.99A    -4.611    0.0028      N  3                1753.99A    -4.710    0.0022
H  1                19.0567m    -4.543    0.0032      Fe 2                35.7675m    -4.356    0.0050      N  3                1752.16A    -4.243    0.0064
H  1                11.3056m    -4.648    0.0025      Fe 2                1.95361m    -3.694    0.0228      N  3                1749.67A    -4.147    0.0080
H  1                8.75768m    -4.770    0.0019      Fe 2                1.80002m    -3.587    0.0292      N  3                989.799A    -4.805    0.0018
H  1                7.50606m    -4.932    0.0013      Fe 2                1.71113m    -4.206    0.0070      N  3                991.511A    -4.695    0.0023
H  1                6.77015m    -5.032    0.0010      Fe 2                1.66377m    -3.813    0.0174      N  3                991.577A    -4.694    0.0023
H  1                27.7958m    -4.873    0.0015      Fe 2                9399.04A    -3.686    0.0232      Na 3                7.31570m    -3.919    0.0136
H  1                16.2047m    -4.959    0.0012      Fe 2                9226.63A    -3.682    0.0234      Na 4                9.03096m    -4.549    0.0032
He 2                1640.41A    -1.992    1.1481      Fe 2                9033.49A    -4.467    0.0038      Ne 4                2421.66A    -4.288    0.0058
He 2                1215.13A    -2.468    0.3840      Fe 2                7388.17A    -3.969    0.0121      Ne 4                2424.28A    -4.139    0.0082
He 2                1084.94A    -2.808    0.1753      Fe 2                6440.41A    -4.670    0.0024      Ni 2                1.19102m    -3.572    0.0302
He 2                1025.27A    -3.068    0.0965      Fe 2                5654.87A    -4.997    0.0011      Ni 2                6.63416m    -3.578    0.0298
He 2                992.358A    -3.278    0.0594      Fe 2                5556.31A    -4.847    0.0016      Ni 2                1.07151m    -4.175    0.0075
He 2                972.106A    -3.455    0.0396      Fe 2                5412.67A    -4.906    0.0014      Ni 2                10.6793m    -3.813    0.0174
He 2                958.693A    -3.607    0.0279      Fe 2                5333.66A    -3.731    0.0209      Ni 2                1.16130m    -4.992    0.0011
He 2                949.323A    -3.741    0.0205      Fe 2                5296.84A    -4.985    0.0012      Ni 2                12.7253m    -4.529    0.0033
He 2                942.507A    -3.597    0.0285      Fe 2                5268.89A    -4.692    0.0023      Ni 2                7377.83A    -3.163    0.0774
He 2                937.389A    -3.691    0.0230      Fe 2                5049.30A    -4.108    0.0088      Ni 2                8300.99A    -4.459    0.0039
He 2                933.444A    -3.777    0.0189      Fe 2                5005.52A    -4.176    0.0075      Ni 2                1.93877m    -3.871    0.0152
He 2                930.337A    -3.856    0.0157      Fe 2                4973.40A    -4.462    0.0039      Ni 2                2.91064m    -4.827    0.0017
He 2                927.846A    -3.929    0.0133      Fe 2                4950.76A    -4.757    0.0020      Ni 2                6666.80A    -4.522    0.0034
He 2                925.816A    -3.997    0.0113      Fe 2                4352.79A    -4.249    0.0064      Ni 2                7411.61A    -4.304    0.0056
He 2                924.142A    -4.060    0.0098      Fe 2                4319.62A    -4.463    0.0039      Ni 2                4326.24A    -4.360    0.0049
He 2                922.743A    -4.118    0.0086      Fe 2                3501.63A    -4.752    0.0020      Ni 2                4628.05A    -4.782    0.0019
He 2                921.562A    -4.170    0.0076      Fe 2                1.89541m    -4.323    0.0054      Ni 2                7255.82A    -4.715    0.0022
He 2                920.556A    -4.216    0.0068      Fe 2                1.79711m    -3.859    0.0156      Ni 2                4201.17A    -4.664    0.0024
He 2                919.693A    -4.255    0.0063      Fe 2                1.74494m    -4.135    0.0083      Ni 2                7307.65A    -5.012    0.0011
He 2                4685.68A    -2.871    0.1516      Fe 2                9652.70A    -4.535    0.0033      Ni 2                4033.04A    -4.935    0.0013
He 2                3203.08A    -3.197    0.0717      Fe 2                9470.94A    -4.073    0.0095      Ni 2                3993.06A    -4.496    0.0036
He 2                2733.28A    -3.462    0.0389      Fe 2                9267.56A    -4.164    0.0077      Ni 2                4248.80A    -4.971    0.0012
He 2                2511.19A    -3.678    0.0236      Fe 2                6558.51A    -4.884    0.0015      Ni 2                6365.10A    -4.970    0.0012
He 2                2385.39A    -3.860    0.0155      Fe 2                5376.47A    -4.096    0.0090      Ni 2                3438.88A    -4.767    0.0019
He 2                2306.18A    -4.017    0.0108      Fe 2                5076.57A    -4.780    0.0019      O  4                25.8863m    -2.074    0.9504
He 2                2252.67A    -4.155    0.0079      Fe 2                5043.53A    -4.669    0.0024      S  4                10.5076m    -2.453    0.3969
He 2                2214.65A    -4.109    0.0088      Fe 2                5020.24A    -4.734    0.0021      level 1 lines...................................
He 2                2186.59A    -4.203    0.0071      Fe 2                4372.43A    -4.737    0.0021      recombination...................................
He 2                2165.23A    -4.288    0.0058      Fe 2                4358.37A    -4.825    0.0017      level2 lines....................................
He 2                2148.58A    -4.367    0.0048      Fe 2                3539.19A    -5.022    0.0011      C  1                943.939A    -4.961    0.0012
He 2                2135.34A    -4.441    0.0041      Fe 2                5163.96A    -4.923    0.0013      C  1                1247.50A    -4.995    0.0011
He 2                2124.61A    -4.508    0.0035      Fe 2                3277.35A    -4.908    0.0014      N  1                942.258A    -4.795    0.0018
He 2                2115.81A    -4.571    0.0030      Fe 2                2926.59A    -4.992    0.0011      O  1                976.791A    -4.675    0.0024
He 2                2108.49A    -4.629    0.0027      Fe 2                2755.74A    -3.984    0.0117      O  1                969.049A    -4.728    0.0021
He 2                2102.33A    -4.681    0.0024      Fe 2                2739.55A    -4.237    0.0065      O  1                946.387A    -4.768    0.0019
He 2                2097.10A    -4.727    0.0021      Fe 2                2716.70A    -5.004    0.0011      O  1                934.501A    -4.801    0.0018
He 2                2092.63A    -4.765    0.0019      Fe 2                1.00287m    -5.045    0.0010      O  1                973.577A    -4.816    0.0017
He 2                1.01235m    -3.484    0.0370      Fe 2                2772.73A    -4.287    0.0058      O  1                927.472A    -4.832    0.0017
He 2                6560.01A    -3.723    0.0213      Fe 2                2749.32A    -4.961    0.0012      O  1                948.506A    -4.872    0.0015
He 2                5411.45A    -3.940    0.0130      Fe 2                2.04602m    -4.990    0.0012      O  1                922.969A    -4.868    0.0015
He 2                4859.26A    -4.125    0.0085      Fe 2                5551.32A    -4.925    0.0013      O  1                919.912A    -4.903    0.0014
He 2                4541.54A    -4.285    0.0059      Fe 2                2.00672m    -5.010    0.0011      O  1                935.672A    -4.930    0.0013
He 2                4338.62A    -4.425    0.0042      Fe 2                2.22379m    -4.163    0.0078      O  1                917.726A    -4.940    0.0013
He 2                4199.78A    -4.479    0.0037      Fe 2                2.01513m    -4.794    0.0018      O  1                918.704A    -4.970    0.0012
He 2                4099.99A    -4.571    0.0030      Fe 2                9682.08A    -4.827    0.0017      O  1                928.186A    -4.992    0.0011
He 2                4025.55A    -4.657    0.0025      Fe 2                5169.03A    -4.995    0.0011      O  1                917.473A    -5.012    0.0011
He 2                3968.39A    -4.735    0.0021      Fe 3                22.9190m    -2.488    0.3665      Si 2                1179.59A    -4.292    0.0058
He 2                3923.44A    -4.808    0.0018      Fe 3                4985.87A    -3.218    0.0682      Si 2                993.354A    -4.756    0.0020
He 2                3887.40A    -4.876    0.0015      Fe 3                4924.54A    -3.919    0.0136      Si 2                1024.03A    -4.941    0.0013
He 2                3858.03A    -4.939    0.0013      Fe 3                4881.00A    -3.018    0.1081      P  2                967.202A    -5.041    0.0010
He 2                3833.76A    -4.996    0.0011      Fe 3                4658.05A    -2.534    0.3299      P  2                963.828A    -4.952    0.0013
He 2                3813.45A    -5.048    0.0010      Fe 3                4607.03A    -3.808    0.0176      Ti 2                3364.74A    -4.155    0.0079
He 2                1.86365m    -3.984    0.0117      Fe 3                4070.71A    -4.707    0.0022      Ti 2                3237.15A    -4.383    0.0047
He 2                1.16262m    -4.163    0.0077      Fe 3                4008.35A    -3.688    0.0231      Cr 2                2059.78A    -4.565    0.0031
He 2                9344.80A    -4.341    0.0051      Fe 3                3322.54A    -3.475    0.0377      Ni 2                1751.83A    -4.899    0.0014
He 2                8236.67A    -4.500    0.0036      Fe 3                3239.74A    -3.553    0.0315      Ni 2                1744.24A    -4.788    0.0018
He 2                7592.65A    -4.641    0.0026      Fe 3                2438.29A    -3.967    0.0122      Ni 2                1375.73A    -5.047    0.0010
He 2                7177.41A    -4.768    0.0019      Fe 3                1576.66A    -4.645    0.0026      hyperfine structure.............................
He 2                6890.80A    -4.860    0.0016      Fe 3                1434.81A    -5.044    0.0010      inner shell.....................................
He 2                6683.11A    -4.944    0.0013      Fe 3                33.0270m    -3.039    0.1030      molecules.......................................
He 2                6527.01A    -5.023    0.0011      Fe 3                5270.40A    -2.795    0.1809      bands...........................................
He 2                3.09080m    -4.411    0.0044      Fe 3                5032.68A    -4.725    0.0021      Fe 2b               2500.00A    -2.273    0.6015
He 2                1.87431m    -4.546    0.0032      Fe 3                4987.21A    -3.759    0.0196      Fe 2b               5000.00A    -2.267    0.6093
He 2                1.47602m    -4.694    0.0023      Fe 3                4754.69A    -3.259    0.0620      Fe 2b               7000.00A    -2.839    0.1632
He 2                1.28127m    -4.831    0.0017      Fe 3                4701.54A    -3.096    0.0905      Fe 2b               10000.0A    -1.882    1.4806
He 2                1.16730m    -5.006    0.0011      Fe 3                4667.01A    -4.144    0.0081      Fe 2b               2355.00A    -2.826    0.1681
He 2                4.76213m    -4.784    0.0019      Fe 3                4079.70A    -4.247    0.0064      Fe 2b               2430.00A    -2.295    0.5716
He 2                2.82519m    -4.888    0.0015      Fe 3                4046.42A    -4.696    0.0023      Fe 2b               2445.00A    -2.295    0.5716
He 2                2.18848m    -5.011    0.0011      Fe 3                3371.41A    -3.609    0.0277      Fe 2b               2495.00A    -3.115    0.0865
He-like iso-sequence............................      Fe 3                3301.56A    -4.702    0.0022      Fe 2b               2610.00A    -2.551    0.3171
He 1                1.08291m    -3.716    0.0217      Fe 3                3286.19A    -4.069    0.0096      Fe 2b               2695.00A    -5.003    0.0011
He 1                1.08302m    -3.165    0.0771      Fe 3                2464.51A    -4.109    0.0088      Fe 2b               2758.00A    -3.617    0.0272
He 1                1.08303m    -2.874    0.1507      Fe 3                51.6655m    -3.689    0.0231      Fe 2b               2780.00A    -3.596    0.0286
Blnd                1.08302m    -2.655    0.2495      Fe 3                5011.26A    -3.465    0.0386      Fe 2b               2935.00A    -4.861    0.0016
He 1                3888.64A    -3.114    0.0866      Fe 3                4769.43A    -3.563    0.0308      Fe 2b               2960.00A    -4.937    0.0013
He 1                3187.74A    -3.508    0.0350      Fe 3                4733.91A    -3.603    0.0282      Fe 2b               3180.00A    -4.490    0.0037
He 1                2945.10A    -3.819    0.0171      Fe 3                3406.18A    -3.972    0.0120      Fe 2b               3250.00A    -3.927    0.0133
He 1                2829.08A    -4.073    0.0095      Fe 3                3334.90A    -4.081    0.0094      Fe 2b               3590.00A    -3.979    0.0118
He 1                2760.44A    -4.657    0.0025      Fe 3                3319.22A    -4.235    0.0066      Fe 2b               4255.00A    -2.736    0.2070
He 1                2721.00A    -4.803    0.0018      Fe 3                2483.05A    -4.279    0.0059      Fe 2b               4558.00A    -3.478    0.0375
He 1                2694.61A    -4.935    0.0013      Fe 3                105.345m    -4.757    0.0020      Fe 2b               4600.00A    -3.443    0.0406
He 1                2.05813m    -3.954    0.0125      Fe 3                5411.98A    -3.851    0.0159      Fe 2b               4743.00A    -4.139    0.0082
He 1                5015.68A    -3.730    0.0210      Fe 3                4930.54A    -4.143    0.0081      Fe 2b               4855.00A    -3.565    0.0307
He 1                3964.73A    -4.119    0.0086      Fe 3                4777.68A    -3.923    0.0135      Fe 2b               4920.00A    -3.051    0.1003
He 1                3613.64A    -4.423    0.0043      Fe 3                3428.79A    -4.631    0.0026      Fe 2b               4975.00A    -3.584    0.0294
He 1                3447.59A    -4.673    0.0024      Fe 3                3356.57A    -4.160    0.0078      Fe 2b               4971.00A    -3.617    0.0272
He 1                7065.71A    -4.644    0.0026      Fe 3                3355.48A    -4.422    0.0043      Fe 2b               5070.00A    -3.499    0.0357
He 1                7065.21A    -4.167    0.0077      Fe 3                2495.04A    -4.517    0.0034      Fe 2b               5143.00A    -2.957    0.1245
He 1                7065.18A    -3.945    0.0128      Fe 3                5084.77A    -4.241    0.0065      Fe 2b               5270.00A    -2.670    0.2409
Blnd                7065.25A    -3.690    0.0230      Fe 3                3366.21A    -4.484    0.0037      Fe 2b               5318.00A    -2.986    0.1163
He 1                5875.98A    -4.042    0.0102      Fe 3                2500.96A    -5.000    0.0011      Fe 2b               5540.00A    -3.847    0.0160
He 1                5875.64A    -3.565    0.0307      Fe 3                8838.21A    -4.802    0.0018      Fe 2b               5865.00A    -4.462    0.0039
He 1                5875.61A    -3.343    0.0512      Fe 3                8728.94A    -4.649    0.0025      Fe 2b               6265.00A    -4.861    0.0016
Blnd                5875.66A    -3.087    0.0922      Fe 3                40.0371m    -4.442    0.0041      Fe 2b               6565.00A    -4.432    0.0042
He 1                4713.16A    -4.938    0.0013      Fe 3                2.21782m    -3.633    0.0262      Fe 2b               6910.00A    -4.574    0.0030
He 1                4713.14A    -4.716    0.0022      Fe 3                9701.27A    -3.901    0.0142      Fe 2b               7445.00A    -2.863    0.1544
Blnd                4713.17A    -4.460    0.0039      Fe 3                3307.57A    -4.842    0.0016      Fe 2b               8625.00A    -2.784    0.1853
He 1                4471.69A    -4.457    0.0039      Fe 3                2.34788m    -3.812    0.0174      Fe 2b               1.03250m    -3.803    0.0177
He 1                4471.49A    -3.980    0.0118      Fe 3                9942.18A    -4.094    0.0091      Fe 2b               1.88900m    -2.606    0.2796
He 1                4471.47A    -3.758    0.0197      Fe 3                9444.21A    -4.633    0.0026      Fe 2b               2.20000m    -4.086    0.0093
Blnd                4471.50A    -3.503    0.0354      Fe 3                2.24204m    -4.377    0.0047      miscellaneous...................................
Blnd                4120.84A    -4.896    0.0014      Fe 3                2.14511m    -4.657    0.0025      C 2R                1335.00A    -2.968    0.1215
He 1                4026.36A    -4.773    0.0019      Fe 3                3.22847m    -4.158    0.0078      C 3R                977.000A    -4.188    0.0073
He 1                4026.20A    -4.296    0.0057      Fe 3                2.87385m    -4.115    0.0087      C 3R                1909.00A    -4.339    0.0052
He 1                4026.19A    -4.074    0.0095      Fe 3                1.06081m    -4.586    0.0029      C 3R                1175.00A    -4.519    0.0034
Blnd                4026.21A    -3.819    0.0171      Fe 3                2.90407m    -4.830    0.0017      N 2R                1085.00A    -4.181    0.0074
He 1                3819.76A    -5.030    0.0011      Fe 3                1.08826m    -4.982    0.0012      N 3R                990.000A    -4.226    0.0067
He 1                3819.61A    -4.553    0.0032      Fe 3                3.04312m    -5.045    0.0010      O 2R                3729.00A    -4.223    0.0067
He 1                3819.60A    -4.331    0.0053      K  3                4.61683m    -4.064    0.0097      O 2R                4651.00A    -4.481    0.0037
Blnd                3819.62A    -4.076    0.0095      Mg 1                2852.13A    -3.654    0.0250      O 2R                4341.00A    -4.759    0.0020
He 1                3704.90A    -4.970    0.0012      Mg 1                4562.60A    -3.487    0.0367      Blnd                1400.00A    -4.027    0.0106
He 1                3704.76A    -4.493    0.0036      Mg 1                4571.10A    -3.922    0.0135      Blnd                1650.00A    -1.976    1.1916
He 1                3704.75A    -4.271    0.0060      Mg 1                4575.29A    -4.858    0.0016      Blnd                1304.00A    -4.166    0.0077
Blnd                3704.77A    -4.016    0.0109      Mn 2                2576.10A    -4.423    0.0043      Blnd                1039.00A    -4.712    0.0022
He 1                3634.08A    -4.655    0.0025      Mn 2                2593.72A    -4.507    0.0035      Blnd                2798.00A    -1.838    1.6367
He 1                3634.07A    -4.434    0.0042      Mn 2                2605.68A    -4.634    0.0026      Blnd                6720.00A    -1.891    1.4472
Blnd                3634.09A    -4.178    0.0075      N  1                1134.17A    -4.880    0.0015      Blnd                4074.00A    -3.026    0.1062
He 1                3587.16A    -4.798    0.0018      N  1                1134.41A    -4.814    0.0017      Blnd                1.03300m    -3.135    0.0826
He 1                3587.15A    -4.576    0.0030      N  1                1134.98A    -4.783    0.0019      Blnd                1256.00A    -4.533    0.0033
Blnd                3587.17A    -4.321    0.0054      N  1                1199.55A    -4.452    0.0040      Blnd                1198.00A    -4.562    0.0031
He 1                3554.34A    -4.925    0.0013      N  1                1200.22A    -4.485    0.0037      Blnd                1720.00A    -4.283    0.0059
He 1                3554.33A    -4.703    0.0022      N  1                1200.71A    -4.615    0.0027      Blnd                3722.00A    -3.785    0.0185
Blnd                3554.35A    -4.448    0.0040      N  1                5197.90A    -3.786    0.0184      Blnd                2665.00A    -3.128    0.0839
He 1                3530.43A    -5.041    0.0010      N  1                5200.26A    -3.742    0.0204      Blnd                1860.00A    -3.822    0.0170
He 1                3530.43A    -4.819    0.0017      N  1                1.03977m    -5.011    0.0011      Blnd                4725.00A    -4.118    0.0086
Blnd                3530.44A    -4.564    0.0031      N  4                1483.32A    -4.978    0.0012      Blnd                2335.00A    -2.768    0.1922
He 1                3512.46A    -4.924    0.0013      Ne 2                12.8101m    -3.162    0.0776      Blnd                1888.00A    -2.709    0.2204
Blnd                3512.48A    -4.669    0.0024      Ne 3                15.5509m    -2.092    0.9124      Blnd                1397.00A    -4.063    0.0097
He 1                3498.60A    -5.021    0.0011      Ne 3                3868.76A    -2.313    0.5477      Blnd                2424.00A    -3.906    0.0140
Blnd                3498.62A    -4.765    0.0019      Ne 3                36.0036m    -3.134    0.0827      Blnd                3350.00A    -4.681    0.0023
Blnd                3487.70A    -4.854    0.0016      Ne 3                3967.47A    -2.831    0.1662      Blnd                5525.00A    -3.534    0.0330
Blnd                3478.95A    -4.937    0.0013      Ne 3                1814.56A    -4.826    0.0017      Blnd                8579.00A    -3.259    0.0621
Blnd                3471.81A    -5.014    0.0011      Ne 5                24.3108m    -4.392    0.0046      Blnd                7306.00A    -2.511    0.3474
He 1                3439.98A    -4.847    0.0016      Ne 5                14.3178m    -4.532    0.0033      Blnd                3933.00A    -3.343    0.0511
Blnd                3440.00A    -4.591    0.0029      O  1                1040.94A    -4.912    0.0014      Blnd                1657.00A    -4.544    0.0032
He 1                7281.35A    -4.321    0.0054      O  1                1304.86A    -4.336    0.0052      Blnd                9850.00A    -3.971    0.0121
He 1                6678.15A    -3.644    0.0256      O  1                1306.03A    -4.815    0.0017      Blnd                2326.00A    -2.488    0.3661
He 1                5047.74A    -4.902    0.0014      O  1                5577.34A    -4.423    0.0043      Blnd                1335.00A    -3.696    0.0227
He 1                4921.93A    -4.073    0.0095      O  1                6300.30A    -2.795    0.1806      Blnd                1909.00A    -2.334    0.5219
He 1                4387.93A    -4.393    0.0046      O  1                6363.78A    -3.291    0.0577      Blnd                1549.00A    -3.641    0.0258
He 1                4143.76A    -4.649    0.0025      O  1                63.1679m    -3.206    0.0701      Blnd                5199.00A    -3.463    0.0388
He 1                4009.05A    -4.652    0.0025      O  1                145.495m    -4.260    0.0062      Blnd                1.04030m    -4.674    0.0024
He 1                3926.41A    -4.817    0.0017      O  2                2470.22A    -3.785    0.0185      Blnd                1085.00A    -4.087    0.0092
He 1                3871.69A    -4.961    0.0012      O  2                2470.34A    -3.195    0.0720      Blnd                2141.00A    -3.612    0.0276
He 1                4.29471m    -4.929    0.0013      O  2                7318.92A    -3.868    0.0153      Blnd                1750.00A    -3.757    0.0197
He 1                1.25275m    -4.926    0.0013      O  2                7319.99A    -3.388    0.0461      Blnd                990.000A    -4.251    0.0063
He 1                9463.58A    -5.036    0.0010      O  2                7329.67A    -3.646    0.0255      Blnd                1486.00A    -4.743    0.0020
He 1                1.70025m    -4.653    0.0025      O  2                7330.73A    -3.657    0.0248      Blnd                6300.00A    -2.675    0.2383
He 1                1.19691m    -4.816    0.0017      O  2                3728.81A    -1.719    2.1540      Blnd                2471.00A    -3.095    0.0905
He 1                1.03113m    -5.016    0.0011      O  2                3726.03A    -1.717    2.1647      Blnd                7323.00A    -3.264    0.0614
He 1                9515.00A    -4.903    0.0014      O  3                88.3323m    -2.062    0.9780      Blnd                7332.00A    -3.350    0.0503
He 1                9062.34A    -5.050    0.0010      O  3                4931.23A    -5.034    0.0010      Blnd                3727.00A    -1.417    4.3188
He 1                1.86854m    -4.035    0.0104      O  3                51.8004m    -1.760    1.9598      Blnd                7325.00A    -3.004    0.1117
He 1                1.27849m    -4.366    0.0049      O  3                4958.91A    -1.625    2.6736      Blnd                1666.00A    -3.414    0.0435
He 1                1.09130m    -4.633    0.0026      O  3                2320.95A    -4.003    0.0112      Blnd                5007.00A    -1.035   10.4021



 AGN log nH=2.78 log U=-3.00  
 Cooling:  Fe 2c                     0  :0.088 O  2c                     0  :0.094 O  3c                     0  :0.280 S  3c                     0  :0.071  
 Heating:  BFH1                      0  :0.712 BFHe                      0  :0.233  

 These are some of the most important databases used by Cloudy:
 Many recombination coefficients were taken from http://amdpp.phys.strath.ac.uk/tamoc/RR/ and http://amdpp.phys.strath.ac.uk/tamoc/DR/
      and are based on the following papers:
        Badnell N. R., et al., A&A 406, 1151 (2003) [http://adsabs.harvard.edu/abs/2003A%26A...406.1151B]
        Badnell N. R., ApJS 167, 334 (2006) [http://adsabs.harvard.edu/abs/2006ApJS..167..334B]
 Much of the molecular emission data is from LAMDA as accessed on June 30, 2015. This database is described in:
        Schoeier F.L., et al., A&A 432, 369 (2005) [http://adsabs.harvard.edu/abs/2005A%26A...432..369S]
      This database is in part based on the work of the following groups:
        JPL: Pickett H. M. et al., JQSRT, 60, 883 (1998). [http://adsabs.harvard.edu/abs/1998JQSRT..60..883P]
        CDMS: Mueller H. S. et al., A&A 370, L49 (2001). [http://adsabs.harvard.edu/abs/2001A%26A...370L..49M]
              Mueller H. S. et al., J. Mol. Struct. 742, 215 (2005). [http://adsabs.harvard.edu/abs/2005JMoSt.742..215M]
 Some of the ionic emission data is from a reprocessed version of 10.1 of CHIANTI. CHIANTI is a collaborative project involving the NRL (USA), the
      Universities of Florence (Italy) and Cambridge (UK), and George Mason University (USA). These papers describe Chianti:
        Dere K. P., et al., A&AS, 125, 149 (1997) [http://adsabs.harvard.edu/abs/1997A%26AS..125..149D]
        Dere, K. P., et al., APJ, 268, 52 (2023) [https://ui.adsabs.harvard.edu/abs/2023ApJS..268...52D]
      This paper describes the reprocessed version of Chianti used:
        Gunasekera, C. M., et al., Astronomy, 1, 255. (2022) [https://ui.adsabs.harvard.edu/abs/2022Astro...1..255G]
 Much of the H_2 data is from this web site: http://molat.obspm.fr/index.php?page=pages/Molecules/H2/H2can94.php. These data are
      described in:
        Abgrall H. et al., Can. J. Phys., 72, 856 (1994) [http://adsabs.harvard.edu/abs/1994CaJPh..72..856A]
        Wrathmall S. A. & Flower D. R., J. Phys. B, 40, 3221 (2007) [http://adsabs.harvard.edu/abs/2007JPhB...40.3221W]
 The Case A and Case B recombination predictions for one-electron systems are from
	Storey, P.J. & Hummer, D.G., 1995, MNRAS 272, 41 http://adsabs.harvard.edu/abs/1995MNRAS.272...41S
 The He I recombination predictions are from
	Porter, R. L.; Ferland, G. J.; Storey, P. J.; Detisch, M. J., 2012, MNRAS, 425, 28p http://adsabs.harvard.edu/abs/2012MNRAS.425L..28P
		http://adsabs.harvard.edu/abs/2013MNRAS.433L..89P

 If you find some process or data set to be particularly critical to a result, please follow the trail of references back to the
 original source and cite that.  This will support and encourage atomic, molecular, and chemical physicists to continue their
 valuable work.

 IONIZE PARMET:  U(1-) -3.0000  U(4-): -3.9409  U(sp): -3.00  Q(ion):    7.986  L(ion) -0.541    Q(low): 12.544    L(low)  0.275
 ENERGY BUDGET:  Heat:  -0.370  Coolg:  -0.370  Error:  0.1%  Rec Lin:  -0.828  F-F  H  0.000    P(rad/tot)max     1.17E-02    R(F Con):1.737e+05

     Col(Heff):      1.079E+20  snd travl time  2.42E+11 sec  Te-low: 3.96E+03  Te-hi: 1.04E+04  G0TH85: 1.60E+02  G0DB96:1.71E+02
  Emiss Measure    n(e)n(p) dl       6.997E+22  n(e)n(He+)dl         5.196E+21  En(e)n(He++) dl         1.087E+21  ne nC+:5.42E+18
 He/Ha:8.00E-02  =   0.94*true  Lthin:2.10E+02  itr/zn: 6.86  H2 itr/zn:  0.00  File Opacity: F  MassTot 3.33e-04  (gm/cm^2)
   Temps(21 cm)   T(21cm/Ly a)  4.15E+03        T(<nH/Tkin>)  6.81E+03          T(<nH/Tspin>)    4.46E+03          TB21cm:9.15E-01
                   N(H0/Tspin)  7.03E+15        N(OH/Tkin)    1.09E+05          B(21cm)          0.00E+00
   <a>:1.12E-07  erdeFe4.7E+23  Tcompt1.80E+09  Tthr7.96E+09  <Tden>: 9.28E+03  <dens>:1.36E-21  <MolWgt>7.27E-01
     Mean Jeans  l(cm)1.51E+20  M(sun)1.24E+06  smallest:     len(cm):9.90E+19  M(sun):3.47E+05  a_ox tran: -1.41
 Rion:1.000E+30  Dist:0.00E+00  Diam:0.000E+00
 Hatom level 70  HatomType: add  HInducImp  F  He tot level: 63  He2 level:   70  ExecTime   180.1
 ConvrgError(%)  <eden>  0.098  MaxEden  0.413  <H-C>   0.10  Max(H-C)    0.41  <Press>   0.000  MaxPrs er  0.000
  Continuity(%)  chng Te   2.2  elec den   4.6  n(H2)    0.0  n(CO)        0.0

                                                        Averaged Quantities
             Te      Te(Ne)   Te(NeNp)  Te(NeHe+)Te(NeHe2+) Te(NeO+)  Te(NeO2+)  Te(H2)     N(H)     Ne(O2+)   Ne(Np)
 Radius:  9.28e+03  9.76e+03  9.83e+03  9.84e+03  9.68e+03  1.00e+04  9.73e+03  4.54e+03  5.99e+02  6.51e+02  6.07e+02
 
 Peimbert T(OIIIr)8.98E+03 T(Bac)9.41E+03 T(Hth)9.27E+03 t2(Hstrc) 1.74e-03 T(O3-BAC)9.17E+03 t2(O3-BC)-6.14e-03 t2(O3str) 9.72e-04

 Contin Optical Depths: COMP: 8.53e-05    H-: 3.90e-05 R(1300): 2.11e-04  H2+: 8.47e-07  Bra:8.53E-05
                          Pa: 8.53e-05    Ba: 1.21e-04      Hb: 1.13e-04   La: 5.19e-01     1r:1.991E+02  1.8:5.06E+01 4.:2.151E+01

 Old, new H  1 continuum optical depths:
     1 1.99e+02     2 2.02e-05     3 3.95e-05     4 3.95e-05     5 3.95e-05     6 1.02e-05     7 1.02e-05     8 1.02e-05
     9 1.02e-05    10 1.68e-13    11 1.68e-13    12 1.68e-13    13 1.68e-13    14 1.68e-13    15 3.94e-13    16 3.94e-13
    17 3.94e-13    18 3.94e-13    19 3.94e-13    20 3.94e-13    21 8.16e-13    22 8.16e-13    23 8.16e-13    24 8.16e-13
    25 8.16e-13    26 8.16e-13    27 8.16e-13    28 1.55e-12    29 1.55e-12    30 1.55e-12    31 1.55e-12    32 1.55e-12
    33 1.55e-12    34 1.55e-12    35 1.55e-12    36 2.78e-12    37 2.78e-12    38 2.78e-12    39 2.78e-12    40 2.78e-12
    41 2.78e-12    42 2.78e-12    43 2.78e-12    44 2.78e-12    45 4.67e-12    46 4.67e-12    47 4.67e-12    48 4.67e-12
    49 4.67e-12    50 4.67e-12    51 4.67e-12    52 4.67e-12    53 4.67e-12    54 4.67e-12
     1 1.99e+02     2 2.02e-05     3 3.95e-05     4 3.95e-05     5 3.95e-05     6 1.02e-05     7 1.02e-05     8 1.02e-05
     9 1.02e-05    10 1.68e-13    11 1.68e-13    12 1.68e-13    13 1.68e-13    14 1.68e-13    15 3.94e-13    16 3.94e-13
    17 3.94e-13    18 3.94e-13    19 3.94e-13    20 3.94e-13    21 8.16e-13    22 8.16e-13    23 8.16e-13    24 8.16e-13
    25 8.16e-13    26 8.16e-13    27 8.16e-13    28 1.55e-12    29 1.55e-12    30 1.55e-12    31 1.55e-12    32 1.55e-12
    33 1.55e-12    34 1.55e-12    35 1.55e-12    36 2.78e-12    37 2.78e-12    38 2.78e-12    39 2.78e-12    40 2.78e-12
    41 2.78e-12    42 2.78e-12    43 2.78e-12    44 2.78e-12    45 4.67e-12    46 4.67e-12    47 4.67e-12    48 4.67e-12
    49 4.67e-12    50 4.67e-12    51 4.67e-12    52 4.67e-12    53 4.67e-12    54 4.67e-12

 Old, new H  1 mean line optical depths:
  2- 1 3.93e+06  3- 2 4.39e-04  4- 3 3.85e-10  5- 4 1.55e-10  6- 5-5.69e-11  7- 6-1.92e-10  8- 7-5.51e-11
  9- 8 5.27e-10 10- 9 1.61e-09 11-10 3.47e-08 12-11-1.49e-08 13-12-2.41e-08 14-13-3.88e-08 15-14-6.10e-08 16-15-9.59e-08
 17-16-1.52e-07 18-17-2.43e-07 19-18-4.07e-07 20-19-7.04e-07 21-20-1.29e-06 22-21-2.61e-06 23-22-6.10e-06 24-23-1.93e-05
 25-24-6.77e-04
  2- 1 3.93e+06  3- 2 4.39e-04  4- 3 3.85e-10  5- 4 1.55e-10  6- 5-5.69e-11  7- 6-1.92e-10  8- 7-5.51e-11
  9- 8 5.27e-10 10- 9 1.61e-09 11-10 3.47e-08 12-11-1.49e-08 13-12-2.41e-08 14-13-3.88e-08 15-14-6.10e-08 16-15-9.59e-08
 17-16-1.52e-07 18-17-2.43e-07 19-18-4.07e-07 20-19-7.04e-07 21-20-1.29e-06 22-21-2.61e-06 23-22-6.10e-06 24-23-1.93e-05
 25-24-6.77e-04

 Old, new He 2 continuum optical depths:
     1 2.15e+01     2 1.98e+02     3 4.49e-05     4 4.49e-05     5 4.49e-05     6 2.02e-05     7 2.02e-05     8 2.02e-05
     9 2.02e-05    10 3.21e-05    11 3.21e-05    12 3.21e-05    13 3.21e-05    14 3.21e-05    15 3.95e-05    16 3.95e-05
    17 3.95e-05    18 3.95e-05    19 3.95e-05    20 3.95e-05    21 3.31e-05    22 3.31e-05    23 3.31e-05    24 3.31e-05
    25 3.31e-05    26 3.31e-05    27 3.31e-05    28 1.02e-05    29 1.02e-05    30 1.02e-05    31 1.02e-05    32 1.02e-05
    33 1.02e-05    34 1.02e-05    35 1.02e-05    36 9.64e-14    37 9.64e-14    38 9.64e-14    39 9.64e-14    40 9.64e-14
    41 9.64e-14    42 9.64e-14    43 9.64e-14    44 9.64e-14    45 1.68e-13    46 1.68e-13    47 1.68e-13    48 1.68e-13
    49 1.68e-13    50 1.68e-13    51 1.68e-13    52 1.68e-13    53 1.68e-13    54 1.68e-13
     1 2.15e+01     2 1.98e+02     3 4.49e-05     4 4.49e-05     5 4.49e-05     6 2.02e-05     7 2.02e-05     8 2.02e-05
     9 2.02e-05    10 3.21e-05    11 3.21e-05    12 3.21e-05    13 3.21e-05    14 3.21e-05    15 3.95e-05    16 3.95e-05
    17 3.95e-05    18 3.95e-05    19 3.95e-05    20 3.95e-05    21 3.31e-05    22 3.31e-05    23 3.31e-05    24 3.31e-05
    25 3.31e-05    26 3.31e-05    27 3.31e-05    28 1.02e-05    29 1.02e-05    30 1.02e-05    31 1.02e-05    32 1.02e-05
    33 1.02e-05    34 1.02e-05    35 1.02e-05    36 9.64e-14    37 9.64e-14    38 9.64e-14    39 9.64e-14    40 9.64e-14
    41 9.64e-14    42 9.64e-14    43 9.64e-14    44 9.64e-14    45 1.68e-13    46 1.68e-13    47 1.68e-13    48 1.68e-13
    49 1.68e-13    50 1.68e-13    51 1.68e-13    52 1.68e-13    53 1.68e-13    54 1.68e-13

 Old, new He 2 mean line optical depths:
  2- 1 4.92e+05  3- 2 2.82e-07  4- 3 6.04e-13  5- 4-1.05e-12  6- 5-3.34e-12  7- 6-5.52e-12  8- 7-5.83e-12
  9- 8-2.56e-12 10- 9 4.86e-12 11-10 2.90e-10 12-11-1.34e-10 13-12-2.14e-10 14-13-3.36e-10 15-14-5.16e-10 16-15-7.85e-10
 17-16-1.19e-09 18-17-1.83e-09 19-18-2.85e-09 20-19-4.70e-09 21-20-8.18e-09 22-21-1.57e-08 23-22-3.51e-08 24-23-1.07e-07
 25-24-3.70e-06
  2- 1 4.92e+05  3- 2 2.82e-07  4- 3 6.04e-13  5- 4-1.05e-12  6- 5-3.34e-12  7- 6-5.52e-12  8- 7-5.83e-12
  9- 8-2.56e-12 10- 9 4.86e-12 11-10 2.90e-10 12-11-1.34e-10 13-12-2.14e-10 14-13-3.36e-10 15-14-5.16e-10 16-15-7.85e-10
 17-16-1.19e-09 18-17-1.83e-09 19-18-2.85e-09 20-19-4.70e-09 21-20-8.18e-09 22-21-1.57e-08 23-22-3.51e-08 24-23-1.07e-07
 25-24-3.70e-06

 Old He Is optical depths:    1 5.07e+01    2 5.46e-05    3 1.67e-05    4 1.87e-05    5 1.87e-05
 New He Is optical depths:    1 5.06e+01    2 5.46e-05    3 1.67e-05    4 1.87e-05    5 1.87e-05
          Old He Is Lines:  584 1.32e+05 3889 7.87e-01 5016 2.15e-06 5876 2.09e-09
          New He Is Lines:  584 1.32e+05 3889 7.87e-01 5016 2.15e-06 5876 2.13e-09

==== H      compounds ====           Log10 column densities [cm^-2]
   H2        : 11.591   H2*       : 11.255   H2+       : 11.083   H3+       :  4.879
==== He     compounds ====
   HeH+      : 11.574
==== Li     compounds ====
   LiH       : -1.929   LiH+      : -0.622
==== C      compounds ====
   CH        :  5.930   CH+       :  7.194   CH2       : -2.209   CH2+      : -0.145   CH3       : -9.662   CH3+      : -8.570
   CH4       :-17.385   CH4+      :-19.240   CH5+      :-23.422   C2        : -0.705   C2+       :  0.926   C2H       : -8.144
   C2H+      : -6.944   C2H2      :-16.899   C2H2+     :-14.195   C2H3+     :-22.008   C3        :-20.464   C3+       :-12.857
   C3H       :-23.977   C3H+      :-20.832
==== N      compounds ====
   NH        :  7.711   NH+       :  7.227   NH2       : -0.786   NH2+      : -1.116   NH3       : -8.421   NH3+      : -9.682
   NH4+      :-20.885   CN        :  3.047   CN+       :  3.011   HCN       : -4.729   HCN+      : -4.791   HNC       : -7.498
   HCNH+     :-13.179   HC3N      :-32.029   N2        :  3.284   N2+       :  3.009   N2H+      :-11.369
==== O      compounds ====
   OH        :  8.787   OH+       :  8.300   H2O       :  0.515   H2O+      : -0.052   H3O+      : -8.257   CO        :  6.189
   CO+       :  4.575   HCO+      : -2.432   H2CO      :-13.831   NO        :  3.723   NO+       :  2.817   HNO       : -4.119
   HNO+      : -5.441   OCN       : -8.161   OCN+      : -7.108   N2O       : -8.712   O2        :  4.559   O2+       :  4.367
   NO2       : -9.782   NO2+      : -8.743
==== F      compounds ====
   HF        :  3.836   HF+       :  2.818   H2F+      : -5.571   CF+       :  0.761
==== Ne     compounds ====
   NeH+      :  5.837
==== Si     compounds ====
   SiH       : -2.026   SiH2      :-35.930   SiH2+     : -2.529   SiC       :-35.930   SiC+      :  5.831   SiCH2+    :-35.930
   SiC2      :-35.930   SiC2+     :-12.674   SiN       : -6.550   SiN+      :  2.395   SiNC      :-35.930   SiNC+     :-13.549
   SiO       :  0.478   SiO+      :  3.395   SiOH+     : -5.203
==== P      compounds ====
   PH        : -5.147   PH+       : -5.766   PH2       :-22.465   PH2+      : -5.790   PH3       :-22.850   PH3+      :-23.380
   CP        : -5.347   CP+       : -6.677   HCP       :-35.930   HCP+      :-16.115   PN        : -6.181   PN+       : -8.527
   PO        : -2.533   PO+       :  0.433
==== S      compounds ====
   HS        :  2.606   HS+       :  5.215   CS        : -3.343   CS+       : -0.863   HCS+      : -7.879   NS        : -1.154
   NS+       :  1.725   SO        : -0.722   SO+       :  2.786   OCS       :-11.907   OCS+      :-13.236   SO2       :-35.930
   SiS       : -6.480   SiS+      : -8.135   HSiS      :-35.930   HSiS+     :-11.555   S2        :-10.660   S2+       :-11.918
==== Cl     compounds ====
   HCl       :  0.394   HCl+      :  4.138   H2Cl+     : -3.841   CCl       :-29.673   CCl+      : -4.611   H2CCl+    :-31.587
   ClO       :-34.321   ClO+      :-35.930
==== Ar     compounds ====
   ArH+      :  6.883


               1      2      3      4      5      6      7      8      9     10     11     12     13     14     15     16     17

 Hydrogen   19.497 20.062 11.756 (H2)                Log10 Column density (cm^-2)
 Helium     18.197 18.966 18.223
 Lithium     6.369  9.209  7.376  5.552
 Beryllium   7.818  9.021  9.374  7.611  3.739
 Boron       7.494 10.524 10.325 10.277  6.829-30.000
 Carbon     13.682 16.178 16.371 14.936 13.280  8.370-30.000
 Nitrogen   15.177 15.590 15.624 14.497 12.543 10.288-30.000-30.000
 Oxygen     16.194 16.347 16.508 15.251 13.507 11.035-30.000-30.000-30.000
 Fluorine   11.133 12.028 12.605 10.951  9.511  6.845-30.000-30.000-30.000-30.000
 Neon       14.207 15.317 15.996 14.511 12.652 10.029-30.000-30.000-30.000-30.000-30.000
 Sodium     10.937 13.651 14.294 13.114 11.780  8.892-30.000-30.000-30.000-30.000-30.000-30.000
 Magnesium  13.612 15.079 15.650 14.115 12.336  9.895-30.000-30.000-30.000-30.000-30.000-30.000-30.000
 Aluminium  10.818 14.197 13.920 14.224 12.759 10.257  7.331-30.000-30.000-30.000-30.000-30.000-30.000-30.000
 Silicon    12.349 15.476 15.142 14.543 13.309 10.801-30.000-30.000-30.000-30.000-30.000-30.000-30.000-30.000-30.000
 Phosphorus  9.847 13.338 13.140 12.305 10.990  9.828  7.160-30.000-30.000-30.000-30.000-30.000-30.000-30.000-30.000-30.000
 Sulphur    12.137 14.887 15.030 13.962 12.292 11.252  9.942-30.000-30.000-30.000-30.000-30.000-30.000-30.000-30.000-30.000-30.000
 Chlorine   10.247 13.300 13.380 12.376 10.594  9.157  8.053  6.916-30.000-30.000-30.000-30.000-30.000-30.000-30.000-30.000-30.000
-30.000
 Argon      13.241 13.697 14.456 13.174 11.364  9.897  8.253  7.668-30.000-30.000-30.000-30.000-30.000-30.000-30.000-30.000-30.000
-30.000-30.000
 Potassium   9.246 12.740 12.988 11.651 10.047  8.159  6.644-30.000-30.000-30.000-30.000-30.000-30.000-30.000-30.000-30.000-30.000
-30.000-30.000-30.000
 Calcium    10.617 13.506 14.379 13.686 12.030 10.006  8.227  6.898-30.000-30.000-30.000-30.000-30.000-30.000-30.000-30.000-30.000
-30.000-30.000-30.000-30.000
 Scandium    7.051 10.238 10.722 11.124  9.562  7.537  5.714  3.545-30.000-30.000-30.000-30.000-30.000-30.000-30.000-30.000-30.000
-30.000-30.000-30.000-30.000-30.000
 Titanium    8.568 12.497 12.634 12.719 11.578  9.359  7.894  5.567-30.000-30.000-30.000-30.000-30.000-30.000-30.000-30.000-30.000
-30.000-30.000-30.000-30.000-30.000-30.000
 Vanadium    8.892 11.383 11.806 11.399 11.057  9.283  7.161  5.968-30.000-30.000-30.000-30.000-30.000-30.000-30.000-30.000-30.000
-30.000-30.000-30.000-30.000-30.000-30.000-30.000
 Chromium    9.924 13.273 13.506 13.010 12.469 11.080  9.320  7.356-30.000-30.000-30.000-30.000-30.000-30.000-30.000-30.000-30.000
-30.000-30.000-30.000-30.000-30.000-30.000-30.000-30.000
 Manganese   9.303 13.078 13.288 12.760 12.347 10.928  9.086  7.119-30.000-30.000-30.000-30.000-30.000-30.000-30.000-30.000-30.000
-30.000-30.000-30.000-30.000-30.000-30.000-30.000-30.000-30.000
 Iron       11.335 15.216 15.131 15.165 14.221 13.027 11.177  9.437-30.000-30.000-30.000-30.000-30.000-30.000-30.000-30.000-30.000
-30.000-30.000-30.000-30.000-30.000-30.000-30.000-30.000-30.000-30.000
 Cobalt     10.694 12.813 12.450 12.505 12.231 10.810  9.420  7.561  5.820-30.000-30.000-30.000-30.000-30.000-30.000-30.000-30.000
-30.000-30.000-30.000-30.000-30.000-30.000-30.000-30.000-30.000-30.000-30.000
 Nickel     10.464 14.068 13.878 13.597 13.036 11.831 10.286  8.508-30.000-30.000-30.000-30.000-30.000-30.000-30.000-30.000-30.000
-30.000-30.000-30.000-30.000-30.000-30.000-30.000-30.000-30.000-30.000-30.000-30.000
 Copper      9.187 11.656 12.127 11.642 10.595  9.477  7.957  6.677  4.618-30.000-30.000-30.000-30.000-30.000-30.000-30.000-30.000
-30.000-30.000-30.000-30.000-30.000-30.000-30.000-30.000-30.000-30.000-30.000-30.000-30.000
 Zinc        9.153 11.359 12.116 12.466 11.918 10.508  8.954  7.633  6.023-30.000-30.000-30.000-30.000-30.000-30.000-30.000-30.000
-30.000-30.000-30.000-30.000-30.000-30.000-30.000-30.000-30.000-30.000-30.000-30.000-30.000-30.000
 Exc state                  He[2] 12.877                 C+[2] 15.967                  C[1] 12.725                  C[2] 13.206
                             C[3] 13.423                  O[1] 16.182                  O[2] 14.352                  O[3] 14.362
                           Si+[1] 15.347                C+2[2] 11.793                C+2[3]  6.204                C+2[4] 10.677


 Hydrogen   -0.670 -0.105 -8.109 (H2)                 Log10 Mean Ionisation (over radius)
 Helium     -0.900 -0.131 -0.874
 Lithium    -2.847 -0.007 -1.839 -3.664
 Beryllium  -1.728 -0.525 -0.173 -1.936 -5.808
 Boron      -3.372 -0.343 -0.541 -0.590 -4.037
 Carbon     -2.914 -0.418 -0.226 -1.660 -3.316 -8.226
 Nitrogen   -0.820 -0.407 -0.372 -1.499 -3.454 -5.708
 Oxygen     -0.662 -0.510 -0.349 -1.606 -3.350 -5.822
 Fluorine   -1.593 -0.699 -0.121 -1.775 -3.215 -5.881
 Neon       -1.889 -0.779 -0.100 -1.585 -3.444 -6.067
 Sodium     -3.470 -0.756 -0.113 -1.293 -2.627 -5.515
 Magnesium  -2.154 -0.688 -0.116 -1.652 -3.430 -5.872
 Aluminium  -3.798 -0.420 -0.696 -0.393 -1.858 -4.359 -7.286
 Silicon    -3.328 -0.201 -0.535 -1.134 -2.368 -4.876
 Phosphorus -3.730 -0.238 -0.437 -1.272 -2.586 -3.749 -6.416
 Sulphur    -3.150 -0.400 -0.257 -1.325 -2.995 -4.035 -5.345
 Chlorine   -3.419 -0.367 -0.286 -1.290 -3.072 -4.509 -5.613 -6.751
 Argon      -1.325 -0.869 -0.110 -1.392 -3.202 -4.669 -6.313 -6.899
 Potassium  -3.950 -0.455 -0.207 -1.545 -3.148 -5.037 -6.552
 Calcium    -3.890 -1.001 -0.128 -0.821 -2.477 -4.501 -6.280 -7.609
 Scandium   -4.265 -1.078 -0.593 -0.192 -1.753 -3.779 -5.601 -7.770
 Titanium   -4.548 -0.619 -0.482 -0.397 -1.538 -3.757 -5.222 -7.550
 Vanadium   -3.204 -0.714 -0.290 -0.697 -1.040 -2.814 -4.935 -6.129
 Chromium   -3.883 -0.534 -0.301 -0.797 -1.338 -2.727 -4.487 -6.451
 Manganese  -4.293 -0.518 -0.308 -0.836 -1.249 -2.668 -4.510 -6.477
 Iron       -4.331 -0.450 -0.535 -0.501 -1.445 -2.640 -4.489 -6.229
 Cobalt     -2.463 -0.344 -0.707 -0.651 -0.925 -2.346 -3.736 -5.595 -7.336
 Nickel     -3.923 -0.319 -0.508 -0.789 -1.350 -2.555 -4.100 -5.878
 Copper     -3.170 -0.701 -0.230 -0.715 -1.761 -2.880 -4.400 -5.680 -7.739
 Zinc       -3.573 -1.368 -0.610 -0.260 -0.809 -2.218 -3.772 -5.093 -6.704

               1      2      3      4      5      6      7      8      9     10     11     12     13     14     15     16     17

 Hydrogen   -1.047 -0.041 -9.041 (H2)         Log10 Mean Ionisation (over radius*electron density)
 Helium     -1.403 -0.100 -0.779
 Lithium    -2.796 -0.009 -1.737 -3.560
 Beryllium  -1.714 -0.674 -0.121 -1.940 -5.708
 Boron      -3.368 -0.471 -0.457 -0.505 -3.938
 Carbon     -2.971 -0.582 -0.150 -1.559 -3.212 -8.117
 Nitrogen   -1.370 -0.411 -0.277 -1.397 -3.349 -5.603
 Oxygen     -1.057 -0.490 -0.255 -1.500 -3.244 -5.716
 Fluorine   -2.307 -0.911 -0.070 -1.671 -3.110 -5.775
 Neon       -2.589 -0.972 -0.067 -1.482 -3.339 -5.962
 Sodium     -3.954 -0.903 -0.093 -1.190 -2.524 -5.410
 Magnesium  -2.169 -0.800 -0.094 -1.549 -3.326 -5.766
 Aluminium  -3.775 -0.451 -0.677 -0.379 -1.759 -4.256 -7.180
 Silicon    -3.294 -0.267 -0.442 -1.037 -2.266 -4.773
 Phosphorus -3.774 -0.293 -0.375 -1.182 -2.486 -3.648 -6.315
 Sulphur    -3.189 -0.521 -0.196 -1.226 -2.894 -3.934 -5.242
 Chlorine   -3.505 -0.476 -0.222 -1.189 -2.969 -4.409 -5.511 -6.649
 Argon      -1.941 -1.171 -0.061 -1.292 -3.101 -4.571 -6.213 -6.797
 Potassium  -4.311 -0.575 -0.157 -1.443 -3.112 -4.939 -6.451
 Calcium    -3.878 -1.043 -0.144 -0.726 -2.374 -4.401 -6.181 -7.502
 Scandium   -4.515 -1.420 -0.762 -0.115 -1.659 -3.678 -5.506 -7.662
 Titanium   -4.845 -0.905 -0.467 -0.302 -1.449 -3.655 -5.123 -7.444
 Vanadium   -3.531 -1.042 -0.267 -0.600 -0.940 -2.709 -4.833 -6.026
 Chromium   -4.022 -0.830 -0.229 -0.697 -1.236 -2.622 -4.384 -6.347
 Manganese  -4.636 -0.801 -0.233 -0.737 -1.147 -2.564 -4.408 -6.376
 Iron       -4.515 -0.677 -0.460 -0.404 -1.341 -2.535 -4.385 -6.127
 Cobalt     -2.596 -0.493 -0.619 -0.553 -0.823 -2.242 -3.632 -5.493 -7.230
 Nickel     -4.099 -0.453 -0.417 -0.689 -1.245 -2.450 -3.995 -5.774
 Copper     -3.429 -1.081 -0.187 -0.616 -1.656 -2.775 -4.296 -5.577 -7.630
 Zinc       -3.856 -1.770 -0.745 -0.215 -0.732 -2.114 -3.669 -4.992 -6.601

               1      2      3      4      5      6      7      8      9     10     11     12     13     14     15     16     17

 Hydrogen    3.874  3.990  3.657 (H2)                  Log10 Mean Temperature (over radius)
 Helium      3.826  3.985  3.984
 Lithium     3.983  3.967  3.985  3.985
 Beryllium   3.996  3.935  3.981  3.956  3.985
 Boron       3.985  3.940  3.992  3.986  3.984
 Carbon      3.974  3.926  3.991  3.986  3.987  4.002
 Nitrogen    3.825  3.989  3.988  3.985  3.986  3.985
 Oxygen      3.873  3.994  3.989  3.986  3.988  3.987
 Fluorine    3.767  3.908  3.987  3.986  3.987  3.987
 Neon        3.767  3.909  3.981  3.985  3.986  3.986
 Sodium      3.813  3.923  3.976  3.985  3.985  3.986
 Magnesium   3.987  3.943  3.973  3.985  3.985  3.985
 Aluminium   3.990  3.969  3.969  3.965  3.985  3.984  3.984
 Silicon     3.986  3.955  3.989  3.986  3.984  3.984
 Phosphorus  3.960  3.957  3.981  3.987  3.985  3.984  3.984
 Sulphur     3.978  3.942  3.984  3.985  3.986  3.984  3.984
 Chlorine    3.957  3.943  3.986  3.985  3.986  3.985  3.984  3.983
 Argon       3.813  3.883  3.988  3.984  3.986  3.986  3.985  3.983
 Potassium   3.854  3.939  3.982  3.985  3.965  3.987  3.986
 Calcium     3.987  3.971  3.963  3.987  3.985  3.986  3.987  3.987
 Scandium    3.934  3.896  3.927  3.990  3.987  3.986  3.989  3.989
 Titanium    3.898  3.900  3.985  3.988  3.984  3.985  3.985  3.984
 Vanadium    3.901  3.885  3.985  3.986  3.986  3.986  3.985  3.984
 Chromium    3.958  3.900  3.996  3.985  3.985  3.985  3.985  3.984
 Manganese   3.881  3.904  3.996  3.985  3.985  3.985  3.986  3.987
 Iron        3.937  3.920  3.998  3.986  3.985  3.986  3.986  3.986
 Cobalt      3.960  3.941  3.994  3.985  3.984  3.985  3.985  3.984  3.984
 Nickel      3.927  3.944  3.991  3.984  3.985  3.986  3.986  3.985
 Copper      3.930  3.881  3.987  3.985  3.986  3.986  3.986  3.985  3.990
 Zinc        3.921  3.873  3.938  3.983  3.980  3.986  3.986  3.986  3.984

               1      2      3      4      5      6      7      8      9     10     11     12     13     14     15     16     17

 Hydrogen    3.955  3.993  3.678 (H2)          Log10 Mean Temperature (over radius*electron density)
 Helium      3.923  3.993  3.986
 Lithium     3.990  3.989  3.985  3.985
 Beryllium   4.000  3.985  3.990  3.986  3.985
 Boron       3.997  3.987  3.992  3.988  3.984
 Carbon      3.996  3.982  3.992  3.986  3.987  4.002
 Nitrogen    3.911  3.999  3.988  3.985  3.986  3.985
 Oxygen      3.952  4.001  3.988  3.986  3.988  3.987
 Fluorine    3.843  3.975  3.992  3.986  3.987  3.987
 Neon        3.851  3.976  3.991  3.985  3.986  3.986
 Sodium      3.925  3.982  3.991  3.985  3.985  3.986
 Magnesium   3.997  3.988  3.990  3.985  3.985  3.985
 Aluminium   3.998  3.993  3.988  3.987  3.985  3.984  3.984
 Silicon     3.995  3.990  3.989  3.986  3.984  3.984
 Phosphorus  3.990  3.989  3.990  3.988  3.985  3.984  3.984
 Sulphur     3.998  3.987  3.991  3.985  3.986  3.984  3.984
 Chlorine    3.991  3.987  3.991  3.985  3.986  3.985  3.984  3.983
 Argon       3.885  3.965  3.993  3.984  3.986  3.986  3.985  3.983
 Potassium   3.950  3.985  3.991  3.985  3.986  3.987  3.986
 Calcium     3.995  3.994  3.989  3.988  3.985  3.986  3.987  3.987
 Scandium    3.976  3.961  3.982  3.992  3.988  3.986  3.988  3.989
 Titanium    3.970  3.972  3.998  3.988  3.987  3.985  3.985  3.984
 Vanadium    3.963  3.964  3.996  3.986  3.986  3.986  3.985  3.984
 Chromium    3.991  3.970  3.996  3.985  3.985  3.985  3.985  3.984
 Manganese   3.962  3.972  3.996  3.985  3.985  3.986  3.986  3.986
 Iron        3.988  3.982  3.998  3.986  3.986  3.986  3.986  3.986
 Cobalt      3.994  3.992  3.994  3.985  3.984  3.985  3.985  3.984  3.984
 Nickel      3.987  3.992  3.991  3.984  3.985  3.986  3.986  3.985
 Copper      3.975  3.953  3.995  3.985  3.986  3.986  3.986  3.985  3.990
 Zinc        3.970  3.948  3.985  3.992  3.987  3.986  3.986  3.986  3.984

               1      2      3      4      5      6      7      8      9     10     11     12     13     14     15     16     17
AGN log nH=2.78 log U=-3.00  

---------------Convergence statistics---------------
      3.58 mean iterations/state convergence
      2.68 mean cx acceleration loops/iteration
      1.32 mean iso convergence loops/ion solve
      1.03 mean steps/chemistry solve
         1 mean step length searches/chemistry step
----------------------------------------------------

 Cloudy ends: 127 zones, 3 iterations. (single thread) ExecTime(s) 180.14
 [Stop in cdMain at maincl.cpp:590, Cloudy exited OK]
