                                                          Cloudy 25.00
                                                         www.nublado.org

                                                  PRNG seed: 0x26dea737d46601f4

                       **************************************25Aug25**************************************
                       *                                                                                 *
                       * title AGN log nH=3.22 log U=-3.67                                               *
                       * hden 3.2222222222222223                                                         *
                       * table AGN                                                                       *
                       * stop efrac 0.01                                                                 *
                       * ionization parameter -3.6666666666666665                                        *
                       * abundances GASS                                                                 *
                       * sphere                                                                          *
                       * stop temperature 4000 K                                                         *
                       * stop column density 22                                                          *
                       * iterate to convergence                                                          *
                       * save overview "AGNmodel_nH3.22_Um3.67_temp41666.67.txt"                         *
                       *                                                                                 *
                       ***********************************************************************************



           9244CellPeak1.00E+00   Lo 3.04e-09=  29.98m   Hi-Con:7.13E+06 Ryd   E(hi):7.35E+06Ryd     E(hi):     100.00 MeV
           I(nu>1ryd):  -0.1471   Average nu:3.035E+00   I( X-ray):  -0.9687   I(BalC):  -0.6426     Phi(BalmrC):  10.3202
           phi(1.0-1.8): 9.7288   phi(1.8-4.0):  9.622   phi(4.0-20):  9.084   phi(20--):  7.343     Ion pht flx:1.077E+10
           I(gam ray):  -1.2541   phi(gam r):   5.1380   I(Infred):  -0.4286   Alf(ox):  -1.4088     Total inten:   0.1183
           U(1.0----):2.154E-04   U(4.0----):2.469E-05   T(En-Den):8.723E+00   T(Comp):1.323E+07     nuJnu(912A):2.278E-01
           Occ(FarIR):1.194E-06   Occ(H n=6):8.044E-12   Occ(1Ryd):1.051E-17   Occ(4R):5.374E-20     Occ (Nu-hi):0.000E+00
           Tbr(FarIR):5.742E-10   Tbr(H n=6):3.523E-08   Tbr(1Ryd):1.658E-12   Tbr(4R):3.400E-14     Tbr (Nu-hi):0.000E+00
  
                                                  Gas Phase Chemical Composition
        H :  0.0000  He: -1.0701  Li:-10.9508  Be:-10.6198  B : -9.3002  C : -3.5702  N : -4.1701  O : -3.3098  F : -7.4401
        Ne: -4.0701  Na: -5.7595  Mg: -4.4001  Al: -5.5498  Si: -4.4895  P : -6.5901  S : -4.8794  Cl: -6.5003  Ar: -5.6003
        K : -6.9706  Ca: -5.6596  Sc: -8.8508  Ti: -7.0501  V : -8.0701  Cr: -6.3595  Mn: -6.5702  Fe: -4.5003  Co: -7.0101
                                               Ni: -5.7799  Cu: -7.8097  Zn: -7.4401
 
 ####  1  Te:9.379E+03 Hden:1.668E+03 Ne:1.780E+03 R:1.000E+30 R-R0:1.925E+12 dR:3.849E+12 NTR:  6 Htot:1.436E-17 T912: 1.00e+08###
 Hydrogen      3.70e-02 9.63e-01 H+o/Hden 1.00e+00 2.49e-09 H-    H2 4.39e-13 2.00e-10 H2+ HeH+ 2.33e-10 Ho+ ColD 2.37e+14 6.18e+15
 Helium        3.19e-02 7.75e-01 1.93e-01 HeI 2s3S 1.56e-06 Comp H,C 1.32e-23 9.34e-27 Fill Fac 1.00e+00 Gam1/tot 1.00e+00
 He singlet n  3.19e-02 1.75e-12 2.01e-19 2.01e-19 1.65e-19 3.09e-19 He tripl 1.56e-06 4.25e-17 7.06e-19 4.53e-18 9.01e-19
 Pressure      NgasTgas 3.37e+07 P(total) 4.65e-09 P( gas ) 4.65e-09 P(Radtn) 0.00e+00 Rad accl 8.59e-07 ForceMul 6.39e+04
 Texc(La)      3.08e+03 T(I con) 8.72e+00 T(D con) 1.12e+00 T(U tot) 8.72e+00 nT (c+d) 2.38e+06 Prad/Gas 0.00e+00 Pmag/Gas 0.00e+00
 Molecules     CH/Ctot: 3.73e-11 CH+/Ctot 7.44e-12 CO/Ctot: 6.06e-14 CO+/Ctot 1.12e-15 H2O/Otot 1.46e-21 OH/Ototl 3.93e-11
 Lithium       4.76e-03 9.92e-01 3.24e-03 1.24e-05 Berylliu 1.38e-01 2.60e-01 6.00e-01 2.26e-03 0.00e+00 sec ion: 1.48e-13
 Boron         6.88e-03 5.70e-01 3.51e-01 7.16e-02 2.48e-06 0.00e+00
 Carbon        5.39e-03 4.21e-01 5.69e-01 4.23e-03 2.13e-05 0.00e+00 0.00e+00 H2O+/O   2.28e-22 OH+/Otot 1.26e-11 Hex(tot) 0.00e+00
 Nitrogen      1.29e-02 7.54e-01 2.30e-01 3.03e-03 6.38e-06 0.00e+00 0.00e+00 0.00e+00 O2/Ototl 1.12e-15 O2+/Otot 3.90e-16
 Oxygen        3.33e-02 7.17e-01 2.46e-01 3.20e-03 1.69e-05 0.00e+00 0.00e+00 0.00e+00 0.00e+00
 Fluorine      1.93e-03 2.57e-01 7.37e-01 4.11e-03 3.71e-05 0.00e+00 0.00e+00 0.00e+00 0.00e+00 0.00e+00
 Neon          1.41e-03 1.78e-01 8.13e-01 7.95e-03 1.01e-05 0.00e+00 0.00e+00 0.00e+00 0.00e+00 0.00e+00 0.00e+00
 Sodium        1.64e-04 1.78e-01 8.08e-01 1.43e-02 1.76e-04 0.00e+00 0.00e+00 0.00e+00 0.00e+00 0.00e+00 0.00e+00 0.00e+00
 Magnesium     7.72e-03 1.67e-01 8.22e-01 4.07e-03 5.53e-06 0.00e+00 0.00e+00 0.00e+00 0.00e+00 0.00e+00 0.00e+00 0.00e+00 0.00e+00
 Aluminium  0  3.22e-04 5.82e-01 1.95e-01 2.21e-01 1.55e-03 4.05e-07 0.00e+00 0.00e+00 0.00e+00 0.00e+00 0.00e+00 0.00e+00 0.00e+00
 Silicon    0  3.40e-03 7.28e-01 2.53e-01 1.54e-02 2.29e-04 1.68e-07 0.00e+00 0.00e+00 0.00e+00 0.00e+00 0.00e+00 0.00e+00 0.00e+00
 Phosphorus 0  2.90e-04 7.40e-01 2.48e-01 1.13e-02 1.47e-04 4.67e-06 0.00e+00 0.00e+00 0.00e+00 0.00e+00 0.00e+00 0.00e+00 0.00e+00
 Sulphur    0  2.98e-03 4.48e-01 5.42e-01 7.05e-03 8.44e-05 3.90e-06 0.00e+00 0.00e+00 0.00e+00 0.00e+00 0.00e+00 0.00e+00 0.00e+00
 Chlorine   0  6.77e-04 5.26e-01 4.65e-01 8.00e-03 4.79e-05 1.75e-06 0.00e+00 0.00e+00 0.00e+00 0.00e+00 0.00e+00 0.00e+00 0.00e+00
 Argon      0  6.26e-04 9.24e-02 9.01e-01 6.34e-03 5.09e-05 2.15e-06 0.00e+00 0.00e+00 0.00e+00 0.00e+00 0.00e+00 0.00e+00 0.00e+00
 Potassium  0  9.41e-05 4.46e-01 5.49e-01 5.11e-03 7.23e-05 8.83e-07 0.00e+00 0.00e+00 0.00e+00 0.00e+00 0.00e+00 0.00e+00 0.00e+00
 Calcium    0  1.11e-03 2.22e-01 7.07e-01 6.91e-02 2.81e-04 2.04e-06 0.00e+00 0.00e+00 0.00e+00 0.00e+00 0.00e+00 0.00e+00 0.00e+00
 Scandium   0  5.80e-05 2.20e-02 2.63e-01 7.05e-01 9.24e-03 1.34e-05 4.21e-07 0.00e+00 0.00e+00 0.00e+00 0.00e+00 0.00e+00 0.00e+00
 Titanium   0  1.74e-05 1.52e-01 6.15e-01 2.24e-01 8.81e-03 7.02e-06 4.13e-07 0.00e+00 0.00e+00 0.00e+00 0.00e+00 0.00e+00 0.00e+00
 Vanadium   0  4.07e-04 8.51e-02 8.33e-01 6.08e-02 2.05e-02 3.93e-05 3.32e-07 0.00e+00 0.00e+00 0.00e+00 0.00e+00 0.00e+00 0.00e+00
 Chromium   0  4.14e-04 1.18e-01 8.46e-01 3.08e-02 5.16e-03 3.22e-05 1.02e-06 0.00e+00 0.00e+00 0.00e+00 0.00e+00 0.00e+00 0.00e+00
 Manganese  0  1.86e-05 1.45e-01 8.21e-01 2.67e-02 7.21e-03 8.18e-05 1.36e-06 0.00e+00 0.00e+00 0.00e+00 0.00e+00 0.00e+00 0.00e+00
 Iron       0  3.27e-05 2.66e-01 6.33e-01 9.84e-02 2.75e-03 6.63e-05 7.70e-07 0.00e+00 0.00e+00 0.00e+00 0.00e+00 0.00e+00 0.00e+00
 Cobalt     0  7.37e-03 5.82e-01 3.52e-01 4.96e-02 9.22e-03 5.22e-05 1.83e-06 0.00e+00 0.00e+00 0.00e+00 0.00e+00 0.00e+00 0.00e+00
 Nickel     0  1.40e-04 6.33e-01 3.49e-01 1.59e-02 1.22e-03 1.87e-05 7.19e-07 0.00e+00 0.00e+00 0.00e+00 0.00e+00 0.00e+00 0.00e+00
 Copper     0  4.87e-04 4.78e-02 9.10e-01 4.07e-02 6.15e-04 2.76e-05 9.34e-07 0.00e+00 0.00e+00 0.00e+00 0.00e+00 0.00e+00 0.00e+00
 Zinc       0  4.96e-04 2.37e-02 3.04e-01 5.28e-01 1.43e-01 5.87e-04 8.99e-06 5.15e-07 0.00e+00 0.00e+00 0.00e+00 0.00e+00 0.00e+00
 ####110  Te:3.990E+03 Hden:1.668E+03 Ne:1.253E+02 R:1.000E+30 R-R0:3.357E+16 dR:1.851E+14 NTR:  7 Htot:4.404E-19 T912: 1.00e+08###
 Hydrogen      9.40e-01 6.00e-02 H+o/Hden 1.00e+00 2.41e-08 H-    H2 5.50e-07 2.97e-09 H2+ HeH+ 9.33e-09 Ho+ ColD 2.88e+19 2.73e+19
 Helium        8.35e-01 1.60e-01 5.33e-03 HeI 2s3S 6.67e-08 Comp H,C 9.24e-25 2.77e-28 Fill Fac 1.00e+00 Gam1/tot 5.32e-01
 He singlet n  8.35e-01 3.97e-14 5.36e-19 6.62e-21 3.15e-20 1.07e-20 He tripl 6.67e-08 1.59e-17 1.59e-20 1.86e-19 2.99e-20
 Pressure      NgasTgas 7.73e+06 P(total) 1.07e-09 P( gas ) 1.07e-09 P(Radtn) 1.44e-13 Rad accl 3.94e-08 ForceMul 4.18e+04
 Texc(La)      3.69e+03 T(I con) 7.67e+00 T(D con) 6.90e+00 T(U tot) 8.70e+00 nT (c+d) 3.52e+06 Prad/Gas 1.35e-04 Pmag/Gas 0.00e+00
 Molecules     CH/Ctot: 1.51e-09 CH+/Ctot 9.03e-09 CO/Ctot: 9.55e-09 CO+/Ctot 9.73e-11 H2O/Otot 4.79e-14 OH/Ototl 5.49e-07
 Lithium       1.79e-03 9.98e-01 2.56e-05 4.26e-07 Berylliu 4.96e-03 7.86e-01 2.05e-01 4.60e-03 0.00e+00 sec ion: 1.96e-12
 Boron         7.02e-04 9.85e-01 1.44e-03 1.24e-02 0.00e+00 0.00e+00
 Carbon        3.20e-03 9.84e-01 1.33e-02 9.93e-07 0.00e+00 0.00e+00 0.00e+00 H2O+/O   1.18e-14 OH+/Otot 1.52e-07 Hex(tot) 0.00e+00
 Nitrogen      9.55e-01 4.53e-02 3.53e-06 0.00e+00 0.00e+00 0.00e+00 0.00e+00 0.00e+00 O2/Ototl 1.90e-11 O2+/Otot 2.40e-11
 Oxygen        9.53e-01 4.73e-02 7.34e-06 0.00e+00 0.00e+00 0.00e+00 0.00e+00 0.00e+00 0.00e+00
 Fluorine      2.92e-01 6.01e-01 1.07e-01 1.65e-06 4.53e-07 0.00e+00 0.00e+00 0.00e+00 0.00e+00 0.00e+00
 Neon          1.64e-01 5.68e-01 2.67e-01 9.33e-06 0.00e+00 0.00e+00 0.00e+00 0.00e+00 0.00e+00 0.00e+00 0.00e+00
 Sodium        8.36e-03 5.69e-01 4.23e-01 8.15e-05 2.09e-06 0.00e+00 0.00e+00 0.00e+00 0.00e+00 0.00e+00 0.00e+00 0.00e+00
 Magnesium     4.10e-03 5.10e-01 4.85e-01 2.54e-05 0.00e+00 0.00e+00 0.00e+00 0.00e+00 0.00e+00 0.00e+00 0.00e+00 0.00e+00 0.00e+00
 Aluminium  0  1.26e-04 5.15e-01 1.76e-01 3.09e-01 7.28e-05 0.00e+00 0.00e+00 0.00e+00 0.00e+00 0.00e+00 0.00e+00 0.00e+00 0.00e+00
 Silicon    0  6.14e-04 9.99e-01 5.71e-05 3.62e-04 1.29e-06 0.00e+00 0.00e+00 0.00e+00 0.00e+00 0.00e+00 0.00e+00 0.00e+00 0.00e+00
 Phosphorus 0  5.34e-04 9.22e-01 7.63e-02 8.75e-04 2.58e-06 0.00e+00 0.00e+00 0.00e+00 0.00e+00 0.00e+00 0.00e+00 0.00e+00 0.00e+00
 Sulphur    0  2.12e-03 9.06e-01 9.20e-02 2.02e-05 8.07e-07 0.00e+00 0.00e+00 0.00e+00 0.00e+00 0.00e+00 0.00e+00 0.00e+00 0.00e+00
 Chlorine   0  1.40e-03 9.26e-01 7.22e-02 1.79e-05 5.45e-07 0.00e+00 0.00e+00 0.00e+00 0.00e+00 0.00e+00 0.00e+00 0.00e+00 0.00e+00
 Argon      0  4.49e-01 4.73e-01 7.75e-02 4.02e-06 2.88e-07 0.00e+00 0.00e+00 0.00e+00 0.00e+00 0.00e+00 0.00e+00 0.00e+00 0.00e+00
 Potassium  0  2.70e-03 8.12e-01 1.85e-01 1.18e-05 1.77e-04 0.00e+00 0.00e+00 0.00e+00 0.00e+00 0.00e+00 0.00e+00 0.00e+00 0.00e+00
 Calcium    0  3.74e-04 2.58e-01 7.40e-01 1.31e-03 4.57e-06 0.00e+00 0.00e+00 0.00e+00 0.00e+00 0.00e+00 0.00e+00 0.00e+00 0.00e+00
 Scandium   0  5.74e-04 4.88e-01 4.82e-01 2.97e-02 2.12e-04 0.00e+00 0.00e+00 0.00e+00 0.00e+00 0.00e+00 0.00e+00 0.00e+00 0.00e+00
 Titanium   0  1.63e-04 8.91e-01 1.07e-01 1.37e-04 1.61e-03 0.00e+00 0.00e+00 0.00e+00 0.00e+00 0.00e+00 0.00e+00 0.00e+00 0.00e+00
 Vanadium   0  7.07e-03 8.33e-01 1.60e-01 2.03e-05 1.45e-04 0.00e+00 0.00e+00 0.00e+00 0.00e+00 0.00e+00 0.00e+00 0.00e+00 0.00e+00
 Chromium   0  5.78e-04 9.99e-01 8.68e-04 8.46e-06 1.80e-05 2.11e-07 0.00e+00 0.00e+00 0.00e+00 0.00e+00 0.00e+00 0.00e+00 0.00e+00
 Manganese  0  2.42e-04 9.98e-01 1.54e-03 9.18e-06 5.34e-05 1.68e-07 0.00e+00 0.00e+00 0.00e+00 0.00e+00 0.00e+00 0.00e+00 0.00e+00
 Iron       0  1.31e-04 1.00e+00 2.74e-04 3.21e-05 4.73e-06 1.23e-07 0.00e+00 0.00e+00 0.00e+00 0.00e+00 0.00e+00 0.00e+00 0.00e+00
 Cobalt     0  1.53e-02 9.84e-01 2.61e-04 3.56e-05 5.61e-05 0.00e+00 0.00e+00 0.00e+00 0.00e+00 0.00e+00 0.00e+00 0.00e+00 0.00e+00
 Nickel     0  3.95e-04 9.99e-01 2.30e-04 6.51e-06 8.06e-06 0.00e+00 0.00e+00 0.00e+00 0.00e+00 0.00e+00 0.00e+00 0.00e+00 0.00e+00
 Copper     0  4.46e-03 7.70e-01 2.25e-01 1.70e-05 1.54e-06 1.93e-07 0.00e+00 0.00e+00 0.00e+00 0.00e+00 0.00e+00 0.00e+00 0.00e+00
 Zinc       0  2.59e-03 2.38e-01 5.03e-01 2.22e-01 3.55e-02 2.16e-06 0.00e+00 0.00e+00 0.00e+00 0.00e+00 0.00e+00 0.00e+00 0.00e+00
   AGN log nH=3.22 log U=-3.67  
   Calculation stopped because lowest Te reached. Iteration 1 of 10
   The geometry is plane-parallel.
  !Some input lines contained underscores, these were changed to spaces.
  !Suprathermal collisional ionization of H reached 46.80% of the local H ionization rate.
  !Charge transfer H => H+ reached 1436.4% of the local H ionization rate.
  !AGE: Cloud age was not set.  Longest timescale was 1.63e+10 s = 5.18e+02 years.
  !Mutual neutralization production of H-alpha was significant.
  !The CMB was not included.  This is added with the CMB command.
   Charge transfer heating reached 1.25% of the local heating.
   The density is too low to l-mix the lowest H  I collapsed level.  More resolved levels are needed for accurate line ratios.
   The density is too low to l-mix the lowest He I collapsed level.  More resolved levels are needed for accurate line ratios.
   Grains were not present but might survive in this environment (energy density temperature was 8.72e+00K)
   The continuum optical depth at the lowest energy considered (3.045e-09 Ryd) was 7.458e+01.

                       *********************************> Cloudy 25.00 <**********************************
                       * title AGN log nH=3.22 log U=-3.67                                               *
                       * hden 3.2222222222222223                                                         *
                       * table AGN                                                                       *
                       * stop efrac 0.01                                                                 *
                       * ionization parameter -3.6666666666666665                                        *
                       * abundances GASS                                                                 *
                       * sphere                                                                          *
                       * stop temperature 4000 K                                                         *
                       * stop column density 22                                                          *
                       * iterate to convergence                                                          *
                       * save overview "AGNmodel_nH3.22_Um3.67_temp41666.67.txt"                         *
                       *********************************> Log(U): -3.67 <*********************************

                     Emission Line Spectrum.   Constant  Density Model.  Closed geometry.  Iteration 1 of 10.
                                                     Intensity (erg/s/cm^2).


                                                   Intrinsic line intensities
general properties..............................      H  1                920.963A    -4.389    0.0079      Fe 2                7155.17A    -2.744    0.3486
Inci                      0      0.118  253.6299      H  1                919.351A    -4.435    0.0071      Fe 2                6896.17A    -4.520    0.0058
TotH                      0     -0.597   48.8015      H  1                918.129A    -4.451    0.0068      Fe 2                5413.37A    -4.519    0.0058
TotC                      0     -0.598   48.7921      H  1                917.181A    -4.466    0.0066      Fe 2                5273.36A    -3.448    0.0688
BFH1                      0     -0.732   35.8337      H  1                916.429A    -4.480    0.0064      Fe 2                5158.79A    -2.803    0.3043
BFHe                      0     -1.248   10.9068      H  1                915.824A    -4.491    0.0062      Fe 2                5111.64A    -3.744    0.0348
TotM                      0     -2.074    1.6291      H  1                915.329A    -4.502    0.0061      Fe 2                5072.41A    -3.512    0.0595
CT H                      0     -2.667    0.4157      H  1                914.919A    -4.510    0.0060      Fe 2                5039.10A    -4.878    0.0026
H FB                      0     -1.998    1.9403      H  1                914.576A    -4.518    0.0059      Fe 2                4814.54A    -3.769    0.0328
HFBc                      0     -1.998    1.9403      H  1                914.286A    -4.522    0.0058      Fe 2                4774.73A    -4.227    0.0114
H  1c                     0     -1.818    2.9376      H  1                914.039A    -4.524    0.0058      Fe 2                4243.97A    -3.202    0.1213
He 1c                     0     -3.062    0.1673      H  1                913.826A    -4.521    0.0058      Fe 2                4177.20A    -4.281    0.0101
Al 3c                     0     -4.449    0.0069      H  1                6562.80A    -1.839    2.8011      Fe 2                4114.48A    -5.168    0.0013
Ar 2c                     0     -3.439    0.0703      H  1                4861.32A    -2.286    1.0000      Fe 2                3387.09A    -4.791    0.0031
Ar 3c                     0     -2.557    0.5355      H  1                4340.46A    -2.613    0.4713      Fe 2                3376.20A    -4.014    0.0187
C  1c                     0     -3.288    0.0994      H  1                4101.73A    -2.870    0.2608      Fe 2                2732.45A    -4.586    0.0050
C  2c                     0     -2.475    0.6476      H  1                3970.07A    -3.080    0.1605      Fe 2                2493.30A    -3.315    0.0936
C  3c                     0     -3.010    0.1888      H  1                3889.05A    -3.260    0.1063      Fe 2                2484.20A    -4.935    0.0022
Ca 1c                     0     -5.153    0.0014      H  1                3835.38A    -3.416    0.0742      Fe 2                2348.12A    -5.192    0.0012
Ca 4c                     0     -4.511    0.0060      H  1                3797.90A    -3.554    0.0540      Fe 2                24.5126m    -3.233    0.1130
Co 2c                     0     -3.735    0.0356      H  1                3770.63A    -3.545    0.0551      Fe 2                1.80940m    -2.541    0.5554
Co 3c                     0     -4.829    0.0029      H  1                3750.15A    -3.649    0.0434      Fe 2                1.67688m    -3.211    0.1189
Cr 2c                     0     -3.717    0.0371      H  1                3734.37A    -3.744    0.0348      Fe 2                1.59948m    -3.181    0.1272
Fe 2c                     0     -1.207   11.9884      H  1                3721.94A    -3.832    0.0285      Fe 2                9051.95A    -2.947    0.2181
Fe 3c                     0     -2.028    1.8096      H  1                3711.97A    -3.913    0.0236      Fe 2                8891.93A    -3.443    0.0696
K  3c                     0     -4.456    0.0068      H  1                3703.85A    -3.988    0.0199      Fe 2                7452.56A    -3.236    0.1123
Mg 1c                     0     -3.262    0.1056      H  1                3697.15A    -4.057    0.0169      Fe 2                7172.00A    -3.475    0.0647
Mn 2c                     0     -3.880    0.0255      H  1                3691.55A    -4.122    0.0146      Fe 2                6275.53A    -5.146    0.0014
N  1c                     0     -3.149    0.1370      H  1                3686.83A    -4.180    0.0128      Fe 2                5527.36A    -3.627    0.0456
Ne 2c                     0     -2.905    0.2401      H  1                3682.81A    -4.232    0.0113      Fe 2                5433.15A    -3.962    0.0211
Ne 3c                     0     -2.113    1.4885      H  1                3679.35A    -4.277    0.0102      Fe 2                5261.63A    -3.217    0.1171
O  1c                     0     -2.312    0.9425      H  1                1.87510m    -2.792    0.3116      Fe 2                5220.08A    -4.515    0.0059
O  2c                     0     -1.486    6.3088      H  1                1.28181m    -3.087    0.1582      Fe 2                5184.80A    -4.343    0.0088
O  3c                     0     -1.905    2.4047      H  1                1.09381m    -3.337    0.0890      Fe 2                5158.01A    -4.278    0.0102
P  2c                     0     -3.258    0.1065      H  1                1.00494m    -3.545    0.0550      Fe 2                4947.39A    -3.713    0.0374
P  3c                     0     -4.794    0.0031      H  1                9545.97A    -3.724    0.0365      Fe 2                4905.35A    -4.082    0.0160
S  1c                     0     -5.147    0.0014      H  1                9229.02A    -3.880    0.0255      Fe 2                4874.50A    -4.154    0.0135
S  2c                     0     -1.803    3.0388      H  1                9014.91A    -4.018    0.0185      Fe 2                4346.86A    -3.830    0.0286
S  3c                     0     -2.012    1.8808      H  1                8862.79A    -4.060    0.0168      Fe 2                4276.84A    -3.742    0.0350
Si 2c                     0     -2.060    1.6819      H  1                8750.48A    -4.163    0.0133      Fe 2                4244.82A    -4.456    0.0068
Si 3c                     0     -3.627    0.0455      H  1                8665.02A    -4.258    0.0107      Fe 2                4211.11A    -5.102    0.0015
Al 2c                     0     -3.206    0.1203      H  1                8598.40A    -4.346    0.0087      Fe 2                3455.11A    -4.868    0.0026
Ca 2c                     0     -2.121    1.4618      H  1                8545.39A    -4.427    0.0072      Fe 2                3452.31A    -4.586    0.0050
Cl 2c                     0     -3.314    0.0938      H  1                8502.49A    -4.502    0.0061      Fe 2                3440.99A    -4.493    0.0062
Cl 3c                     0     -4.037    0.0177      H  1                8467.26A    -4.571    0.0052      Fe 2                2362.02A    -5.211    0.0012
Fe 4c                     0     -3.854    0.0270      H  1                8437.96A    -4.635    0.0045      Fe 2                35.7675m    -3.983    0.0201
Fe 5c                     0     -4.816    0.0030      H  1                8413.32A    -4.694    0.0039      Fe 2                1.95361m    -3.452    0.0682
Mg 2c                     0     -1.975    2.0482      H  1                8392.40A    -4.746    0.0035      Fe 2                1.80002m    -3.226    0.1147
Mg 4c                     0     -5.211    0.0012      H  1                8374.48A    -4.790    0.0031      Fe 2                1.71113m    -3.859    0.0267
N  2c                     0     -1.745    3.4719      H  1                4.05115m    -3.441    0.0700      Fe 2                1.66377m    -3.472    0.0651
N  3c                     0     -3.755    0.0339      H  1                2.62515m    -3.660    0.0423      Fe 2                9399.04A    -3.369    0.0825
Na 3c                     0     -4.136    0.0141      H  1                2.16553m    -3.862    0.0265      Fe 2                9226.63A    -3.387    0.0793
Ni 2c                     0     -2.530    0.5703      H  1                1.94456m    -4.039    0.0176      Fe 2                9033.49A    -4.055    0.0170
O  4c                     0     -3.909    0.0238      H  1                1.81741m    -4.195    0.0123      Fe 2                7388.17A    -3.595    0.0490
S  4c                     0     -3.990    0.0198      H  1                1.73621m    -4.334    0.0090      Fe 2                6440.41A    -4.261    0.0106
continua........................................      H  1                1.68065m    -4.429    0.0072      Fe 2                5654.87A    -4.587    0.0050
Bac                 3646.00A    -1.062   16.7617      H  1                1.64072m    -4.532    0.0057      Fe 2                5556.31A    -4.632    0.0045
nFnu                3645.00A    -0.968   20.7940      H  1                1.61093m    -4.627    0.0046      Fe 2                5412.67A    -4.482    0.0064
nFnu                3647.00A    -1.680    4.0322      H  1                1.58805m    -4.714    0.0037      Fe 2                5333.66A    -3.527    0.0575
cout                3646.00A    -1.062   16.7617      H  1                1.57007m    -4.795    0.0031      Fe 2                5296.84A    -4.742    0.0035
thin                3646.00A    -1.062   16.7621      H  1                1.55565m    -4.870    0.0026      Fe 2                5268.89A    -4.448    0.0069
Inci                4860.00A    -0.986   19.9642      H  1                1.54389m    -4.939    0.0022      Fe 2                5107.96A    -5.059    0.0017
Inci                1367.00A    -0.730   35.9262      H  1                1.53418m    -5.003    0.0019      Fe 2                5049.30A    -3.887    0.0251
Inci                2066.00A    -0.820   29.2198      H  1                1.52605m    -5.061    0.0017      Fe 2                5005.52A    -3.959    0.0213
Inci                1215.00A    -0.705   38.0994      H  1                1.51919m    -5.113    0.0015      Fe 2                4973.40A    -4.255    0.0107
Ba C                      0     -1.769    3.2893      H  1                1.51332m    -5.158    0.0013      Fe 2                4950.76A    -4.503    0.0061
PA C                      0     -2.182    1.2713      H  1                7.45782m    -3.959    0.0212      Fe 2                4352.79A    -4.058    0.0169
FIR                 83.0000m    -2.294    0.9817      H  1                4.65251m    -4.126    0.0144      Fe 2                4319.62A    -4.226    0.0115
TIR                 1800.00m    -4.345    0.0087      H  1                3.73954m    -4.295    0.0098      Fe 2                4305.90A    -4.825    0.0029
NIRa                2.85000m    -0.378   80.9184      H  1                3.29609m    -4.447    0.0069      Fe 2                3504.51A    -5.171    0.0013
NIRb                3.00000m    -0.685   39.8711      H  1                3.03837m    -4.584    0.0050      Fe 2                3504.02A    -5.055    0.0017
MIRa                15.0000m    -0.890   24.9062      H  1                2.87221m    -4.718    0.0037      Fe 2                3501.63A    -4.621    0.0046
MIRb                22.5000m    -0.840   27.9357      H  1                2.75752m    -4.821    0.0029      Fe 2                2.06648m    -4.846    0.0028
NMIR                21.7500m    -0.378   80.9184      H  1                2.67440m    -4.915    0.0024      Fe 2                1.89541m    -3.962    0.0211
TFIR                611.250m    -3.314    0.0937      H  1                2.61194m    -5.001    0.0019      Fe 2                1.79711m    -3.512    0.0593
TALL                10000.0A     0.110  249.0506      H  1                2.56363m    -5.082    0.0016      Fe 2                1.74494m    -3.795    0.0310
F12                 12.0000m    -1.367    8.2954      H  1                2.52540m    -5.157    0.0013      Fe 2                9652.70A    -4.218    0.0117
F25                 25.0000m    -2.019    1.8470      H  1                2.49458m    -5.226    0.0011      Fe 2                9470.94A    -3.777    0.0323
F60                 60.0000m    -2.409    0.7533      H  1                12.3685m    -4.394    0.0078      Fe 2                9267.56A    -3.751    0.0343
F100                100.000m    -3.229    0.1141      H  1                7.50045m    -4.525    0.0058      Fe 2                6558.51A    -4.475    0.0065
MIPS                24.0000m    -2.089    1.5745      H  1                5.90660m    -4.667    0.0042      Fe 2                5745.71A    -4.958    0.0021
MIPS                70.0000m    -2.876    0.2570      H  1                5.12726m    -4.800    0.0031      Fe 2                5495.84A    -4.758    0.0034
MIPS                160.000m    -3.472    0.0651      H  1                4.67124m    -4.957    0.0021      Fe 2                5376.47A    -3.853    0.0271
IRAC                3.60000m    -1.635    4.4717      H  1                4.37526m    -5.058    0.0017      Fe 2                5347.66A    -4.954    0.0021
IRAC                4.50000m    -1.600    4.8498      H  1                4.16966m    -5.151    0.0014      Fe 2                5181.96A    -4.905    0.0024
IRAC                5.80000m    -1.447    6.8995      H  1                4.01977m    -5.238    0.0011      Fe 2                5076.57A    -4.563    0.0053
IRAC                8.00000m    -1.392    7.8410      H  1                19.0567m    -4.769    0.0033      Fe 2                5043.53A    -4.462    0.0067
SPR1                250.000m    -4.568    0.0052      H  1                11.3056m    -4.874    0.0026      Fe 2                5020.24A    -4.480    0.0064
SPR2                350.000m    -4.683    0.0040      H  1                8.75768m    -4.996    0.0020      Fe 2                4372.43A    -4.500    0.0061
SPR3                500.000m    -4.743    0.0035      H  1                7.50606m    -5.161    0.0013      Fe 2                4358.37A    -4.508    0.0060
PAC1                70.0000m    -2.868    0.2619      H  1                6.77015m    -5.261    0.0011      Fe 2                3539.19A    -4.875    0.0026
PAC2                100.000m    -3.148    0.1373      H  1                27.7958m    -5.099    0.0015      Fe 2                3538.69A    -5.196    0.0012
PAC3                160.000m    -3.439    0.0703      H  1                16.2047m    -5.185    0.0013      Fe 2                5163.96A    -4.530    0.0057
PAH                 3.30000m    -2.485    0.6316      Ca A                303.784A    -1.458    6.7343      Fe 2                3277.35A    -4.680    0.0040
PAHC                3.23000m    -2.763    0.3332      Ca A                256.317A    -2.196    1.2306      Fe 2                2926.59A    -4.701    0.0038
PAHC                3.37000m    -2.802    0.3047      Ca A                243.027A    -2.630    0.4525      Fe 2                2755.74A    -3.858    0.0268
PAH                 6.20000m    -2.066    1.6590      Ca A                237.331A    -2.940    0.2217      Fe 2                2739.55A    -4.014    0.0187
PAHC                5.65000m    -2.028    1.8127      Ca A                234.347A    -3.182    0.1269      Fe 2                2716.70A    -4.900    0.0024
PAH                 7.90000m    -1.871    2.5998      Ca A                232.584A    -3.382    0.0801      Fe 2                1.00287m    -4.636    0.0045
PAHC                6.90000m    -1.773    3.2550      Ca A                231.454A    -3.552    0.0541      Fe 2                5746.98A    -4.833    0.0028
PAH                 11.3000m    -2.613    0.4707      Ca A                230.686A    -3.701    0.0384      Fe 2                5283.12A    -5.139    0.0014
PAHC                10.9000m    -2.537    0.5607      Ca A                230.139A    -3.834    0.0283      Fe 2                2772.73A    -4.062    0.0167
PAH                 11.8000m    -2.479    0.6411      Ca A                229.736A    -3.953    0.0215      Fe 2                2749.32A    -4.855    0.0027
PAHC                12.6500m    -2.408    0.7553      Ca A                229.431A    -4.062    0.0168      Fe 2                2.04602m    -4.581    0.0051
PAH                 13.3000m    -2.628    0.4551      Ca A                229.194A    -4.161    0.0133      Fe 2                1.41956m    -5.000    0.0019
PAHC                14.1000m    -2.707    0.3793      Ca A                229.006A    -4.254    0.0108      Fe 2                5580.82A    -5.068    0.0017
Bcon                3640.00A    -0.316   93.3750      Ca A                228.855A    -4.340    0.0088      Fe 2                5551.32A    -4.807    0.0030
Pcon                5000.00A    -0.619   46.4209      Ca A                228.731A    -4.420    0.0073      Fe 2                2.13278m    -4.836    0.0028
O3bn                5007.00A    -1.934    2.2503      Ca A                228.629A    -4.495    0.0062      Fe 2                5613.27A    -5.023    0.0018
SX                  25.0000A    -1.838    2.8044      Ca A                228.543A    -4.566    0.0052      Fe 2                2.24366m    -5.174    0.0013
HX                  4.70000A    -1.554    5.3958      Ca A                228.471A    -4.633    0.0045      Fe 2                2.00672m    -4.611    0.0047
ROSA                12.3980A    -1.388    7.8976      Ca A                228.409A    -4.696    0.0039      Fe 2                2.22379m    -3.758    0.0338
HFFc                      0     -2.125    1.4493      Ca A                228.356A    -4.756    0.0034      Fe 2                2.01513m    -4.401    0.0077
H FF                      0     -2.182    1.2704      Ca A                228.309A    -4.813    0.0030      Fe 2                9682.08A    -4.429    0.0072
HeFF                      0     -3.064    0.1666      Ca A                228.269A    -4.867    0.0026      Fe 2                8715.81A    -4.979    0.0020
MeFB                      0     -4.281    0.0101      Ca A                228.234A    -4.918    0.0023      Fe 2                6873.84A    -4.759    0.0034
MeFF                      0     -4.829    0.0029      Ca A                1640.41A    -2.441    0.6996      Fe 2                6188.55A    -4.745    0.0035
ToFF                      0     -2.128    1.4399      Ca A                1215.13A    -2.976    0.2044      Fe 2                2.25348m    -4.918    0.0023
nFnu                6915.34m    -5.284    0.0010      Ca A                1084.94A    -3.331    0.0901      Fe 2                1.00139m    -5.221    0.0012
nFnu                122.367m    -3.818    0.0293      Ca A                1025.27A    -3.597    0.0488      Fe 2                1.71482m    -5.037    0.0018
nInu                122.367m    -4.791    0.0031      Ca A                992.358A    -3.812    0.0298      Fe 2                5169.03A    -4.873    0.0026
nFnu                60.8157m    -3.573    0.0516      Ca A                972.106A    -3.991    0.0197      Fe 3                22.9190m    -2.670    0.4125
nInu                60.8157m    -3.733    0.0357      Ca A                958.693A    -4.147    0.0138      Fe 3                4985.87A    -3.924    0.0230
nFnu                41.2039m    -3.426    0.0724      Ca A                949.323A    -4.284    0.0100      Fe 3                4924.54A    -4.280    0.0101
nInu                41.2039m    -3.140    0.1399      Ca A                942.507A    -4.407    0.0076      Fe 3                4881.00A    -3.222    0.1159
nFnu                30.8611m    -3.322    0.0921      Ca A                937.389A    -4.518    0.0059      Fe 3                4658.05A    -2.801    0.3055
nInu                30.8611m    -2.699    0.3861      Ca A                933.444A    -4.620    0.0046      Fe 3                4607.03A    -4.057    0.0169
nFnu                24.7761m    -3.242    0.1106      Ca A                930.337A    -4.714    0.0037      Fe 3                4070.71A    -4.992    0.0020
nInu                24.7761m    -2.365    0.8337      Ca A                927.846A    -4.801    0.0031      Fe 3                4008.35A    -3.950    0.0217
nFnu                24.2932m    -3.235    0.1124      Ca A                925.816A    -4.883    0.0025      Fe 3                3322.54A    -3.813    0.0297
nInu                24.2932m    -2.334    0.8942      Ca A                924.142A    -4.959    0.0021      Fe 3                3239.74A    -3.879    0.0255
nFnu                22.8240m    -3.212    0.1185      Ca A                922.743A    -5.032    0.0018      Fe 3                2438.29A    -4.337    0.0089
nInu                22.8240m    -2.243    1.1031      Ca A                921.562A    -5.100    0.0015      Fe 3                1576.66A    -5.168    0.0013
nFnu                21.4141m    -3.191    0.1246      Ca A                920.556A    -5.164    0.0013      Fe 3                33.0270m    -3.227    0.1145
nInu                21.4141m    -2.147    1.3768      Ca A                919.693A    -5.226    0.0011      Fe 3                5270.40A    -3.046    0.1738
nFnu                21.1177m    -3.185    0.1262      Ca A                918.945A    -5.284    0.0010      Fe 3                5032.68A    -5.086    0.0016
nInu                21.1177m    -2.122    1.4595      Ca A                4685.68A    -3.145    0.1383      Fe 3                4987.21A    -3.963    0.0211
nFnu                19.6146m    -3.157    0.1346      Ca A                3203.08A    -3.550    0.0544      Fe 3                4754.69A    -3.527    0.0575
nInu                19.6146m    -2.010    1.8865      Ca A                2733.28A    -3.846    0.0275      Fe 3                4701.54A    -3.345    0.0872
nFnu                17.6486m    -3.118    0.1472      Ca A                2511.19A    -4.078    0.0161      Fe 3                4667.01A    -4.360    0.0084
nInu                17.6486m    -1.853    2.7083      Ca A                2385.39A    -4.269    0.0104      Fe 3                4079.70A    -4.509    0.0060
nFnu                17.3653m    -3.112    0.1491      Ca A                2306.18A    -4.433    0.0071      Fe 3                4046.42A    -4.911    0.0024
nInu                17.3653m    -1.828    2.8710      Ca A                2252.67A    -4.575    0.0051      Fe 3                3371.41A    -3.947    0.0218
nFnu                15.6859m    -3.077    0.1616      Ca A                2214.65A    -4.703    0.0038      Fe 3                3301.56A    -5.012    0.0019
nInu                15.6859m    -1.671    4.1217      Ca A                2186.59A    -4.818    0.0029      Fe 3                3286.19A    -4.395    0.0078
nFnu                14.5997m    -3.049    0.1724      Ca A                2165.23A    -4.923    0.0023      Fe 3                2464.51A    -4.479    0.0064
nInu                14.5997m    -1.564    5.2657      Ca A                2148.58A    -5.019    0.0018      Fe 3                51.6655m    -3.904    0.0241
nFnu                12.4266m    -2.987    0.1992      Ca A                2135.34A    -5.108    0.0015      Fe 3                5011.26A    -3.698    0.0387
nInu                12.4266m    -1.316    9.3259      Ca A                2124.61A    -5.191    0.0012      Fe 3                4769.43A    -3.813    0.0297
nFnu                11.3969m    -2.958    0.2129      Ca A                2115.81A    -5.269    0.0010      Fe 3                4733.91A    -3.819    0.0293
nInu                11.3969m    -1.184   12.6301      Ca A                1.01235m    -3.689    0.0396      Fe 3                3406.18A    -4.310    0.0095
nFnu                10.4572m    -2.921    0.2314      Ca A                6560.01A    -4.007    0.0190      Fe 3                3334.90A    -4.390    0.0079
nInu                10.4572m    -1.053   17.1050      Ca A                5411.45A    -4.258    0.0107      Fe 3                3319.22A    -4.562    0.0053
nFnu                9.47744m    -2.890    0.2488      Ca A                4859.26A    -4.461    0.0067      Fe 3                2483.05A    -4.649    0.0043
nInu                9.47744m    -0.986   19.9654      Ca A                4541.54A    -4.633    0.0045      Fe 3                105.345m    -5.080    0.0016
nFnu                9.32234m    -2.885    0.2519      Ca A                4338.62A    -4.782    0.0032      Fe 3                5411.98A    -4.102    0.0153
nInu                9.32234m    -0.986   19.9654      Ca A                4199.78A    -4.914    0.0024      Fe 3                4930.54A    -4.346    0.0087
nFnu                8.20812m    -2.833    0.2835      Ca A                4099.99A    -5.033    0.0018      Fe 3                4777.68A    -4.139    0.0140
nInu                8.20812m    -0.986   19.9654      Ca A                4025.55A    -5.140    0.0014      Fe 3                3428.79A    -4.969    0.0021
nFnu                7.57793m    -2.808    0.3002      Ca A                3968.39A    -5.239    0.0011      Fe 3                3356.57A    -4.470    0.0065
nInu                7.57793m    -0.986   19.9653      Ca A                1.86365m    -4.140    0.0140      Fe 3                3355.48A    -4.721    0.0037
nFnu                7.04834m    -2.771    0.3275      Ca A                1.16262m    -4.395    0.0078      Fe 3                2495.04A    -4.887    0.0025
nInu                7.04834m    -0.986   19.9653      Ca A                9344.80A    -4.610    0.0047      Fe 3                5084.77A    -4.474    0.0065
nFnu                4.11258m    -2.560    0.5315      Ca A                8236.67A    -4.790    0.0031      Fe 3                3366.21A    -4.783    0.0032
nInu                4.11258m    -0.986   19.9651      Ca A                7592.65A    -4.945    0.0022      Fe 3                8838.21A    -5.112    0.0015
nFnu                2.32377m    -2.379    0.8062      Ca A                7177.41A    -5.082    0.0016      Fe 3                8728.94A    -4.975    0.0020
nInu                2.32377m    -0.986   19.9648      Ca A                6890.80A    -5.203    0.0012      Fe 3                40.0371m    -4.803    0.0030
nFnu                1.64268m    -2.235    1.1248      Ca A                3.09080m    -4.528    0.0057      Fe 3                2.21782m    -3.918    0.0233
nInu                1.64268m    -0.986   19.9647      Ca A                1.87431m    -4.736    0.0036      Fe 3                9701.27A    -4.201    0.0122
nFnu                1.47981m    -2.226    1.1472      Ca A                1.47602m    -4.921    0.0023      Fe 3                3307.57A    -5.278    0.0010
nInu                1.47981m    -0.986   19.9644      Ca A                1.28127m    -5.081    0.0016      Fe 3                2.34788m    -4.097    0.0155
nFnu                1.43610m    -2.043    1.7487      Ca A                1.16730m    -5.222    0.0012      Fe 3                9942.18A    -4.395    0.0078
nInu                1.43610m    -0.986   19.9643      Ca A                4.76213m    -4.868    0.0026      Fe 3                9444.21A    -4.930    0.0023
nFnu                1.11836m    -2.037    1.7750      Ca A                2.82519m    -5.039    0.0018      Fe 3                2.24204m    -4.639    0.0044
nInu                1.11836m    -0.986   19.9637      Ca A                2.18848m    -5.201    0.0012      Fe 3                2.14511m    -4.872    0.0026
nFnu                8327.39A    -2.041    1.7588      Ca A                6.94599m    -5.172    0.0013      Fe 3                3.22847m    -4.444    0.0070
nInu                8327.39A    -0.986   19.9634      Ca B                1640.41A    -2.312    0.9408      Fe 3                2.87385m    -4.377    0.0081
nFnu                8076.39A    -1.667    4.1551      Ca B                1215.13A    -2.835    0.2824      Fe 3                1.06081m    -4.884    0.0025
nInu                8076.39A    -0.986   19.9634      Ca B                1084.94A    -3.187    0.1255      Fe 3                2.90407m    -5.045    0.0017
nFnu                6207.94A    -1.721    3.6698      Ca B                1025.27A    -3.453    0.0680      Fe 3                1.08826m    -5.279    0.0010
nInu                6207.94A    -0.986   19.9634      Ca B                992.358A    -3.668    0.0415      Fe 3                3.04312m    -5.261    0.0011
nFnu                4884.00A    -1.751    3.4305      Ca B                972.106A    -3.848    0.0274      K  3                4.61683m    -4.456    0.0068
nInu                4884.00A    -0.986   19.9635      Ca B                958.693A    -4.004    0.0191      Mg 1                2852.13A    -3.812    0.0298
nFnu                3703.28A    -1.715    3.7195      Ca B                949.323A    -4.142    0.0139      Mg 1                4562.60A    -3.563    0.0528
nInu                3703.28A    -0.947   21.8228      Ca B                942.507A    -4.265    0.0105      Mg 1                4571.10A    -3.992    0.0197
nFnu                3586.64A    -0.979   20.2534      Ca B                937.389A    -4.377    0.0081      Mg 1                4575.29A    -4.941    0.0022
nInu                3586.64A    -0.940   22.1527      Ca B                933.444A    -4.479    0.0064      Mg 3                231.734A    -5.030    0.0018
nFnu                2429.31A    -1.252   10.8091      Ca B                930.337A    -4.574    0.0052      Mn 2                2576.10A    -4.239    0.0111
nInu                2429.31A    -0.856   26.9220      Ca B                927.846A    -4.661    0.0042      Mn 2                2593.72A    -4.327    0.0091
nFnu                2391.30A    -1.256   10.7066      Ca B                925.816A    -4.743    0.0035      Mn 2                2605.68A    -4.463    0.0067
nInu                2391.30A    -0.852   27.1473      Ca B                924.142A    -4.820    0.0029      N  1                953.655A    -5.285    0.0010
nFnu                2070.68A    -1.248   10.9161      Ca B                922.743A    -4.892    0.0025      N  1                1134.17A    -5.103    0.0015
nInu                2070.68A    -0.821   29.1644      Ca B                921.562A    -4.960    0.0021      N  1                1134.41A    -5.042    0.0018
nFnu                2052.02A    -1.230   11.3650      Ca B                920.556A    -5.025    0.0018      N  1                1134.98A    -5.013    0.0019
nInu                2052.02A    -0.819   29.3106      Ca B                919.693A    -5.086    0.0016      N  1                1199.55A    -4.701    0.0038
nFnu                1793.44A    -1.165   13.2096      Ca B                918.945A    -5.145    0.0014      N  1                1200.22A    -4.731    0.0036
nInu                1793.44A    -0.790   31.3314      Ca B                918.295A    -5.200    0.0012      N  1                1200.71A    -4.853    0.0027
nFnu                1585.12A    -1.124   14.5235      Ca B                917.724A    -5.253    0.0011      N  1                3466.50A    -5.070    0.0016
nInu                1585.12A    -0.762   33.3789      Ca B                4685.68A    -3.119    0.1468      N  1                5197.90A    -3.483    0.0636
nFnu                1458.33A    -1.114   14.8402      Ca B                3203.08A    -3.514    0.0591      N  1                5200.26A    -3.505    0.0604
nInu                1458.33A    -0.744   34.7931      Ca B                2733.28A    -3.804    0.0303      N  1                1.03977m    -4.575    0.0051
nFnu                1356.96A    -1.148   13.7225      Ca B                2511.19A    -4.033    0.0179      N  1                1.03982m    -5.119    0.0015
nInu                1356.96A    -0.729   36.0339      Ca B                2385.39A    -4.222    0.0116      N  1                1.04072m    -4.923    0.0023
nFnu                1297.29A    -1.243   11.0410      Ca B                2306.18A    -4.385    0.0080      N  1                1.04076m    -4.932    0.0023
nInu                1297.29A    -0.719   36.8854      Ca B                2252.67A    -4.527    0.0057      Ne 2                12.8101m    -2.905    0.2401
nFnu                1262.79A    -1.385    7.9641      Ca B                2214.65A    -4.653    0.0043      Ne 3                15.5509m    -2.337    0.8893
nInu                1262.79A    -0.713   37.3810      Ca B                2186.59A    -4.768    0.0033      Ne 3                3868.76A    -2.686    0.3976
nFnu                1218.08A    -2.024    1.8259      Ca B                2165.23A    -4.872    0.0026      Ne 3                36.0036m    -3.385    0.0797
nInu                1218.08A    -0.705   38.0732      Ca B                2148.58A    -4.969    0.0021      Ne 3                3967.47A    -3.204    0.1207
nFnu                1196.33A    -2.010    1.8895      Ca B                2135.34A    -5.058    0.0017      Ne 3                491.045A    -5.081    0.0016
nInu                1196.33A    -0.702   38.3880      Ca B                2124.61A    -5.141    0.0014      O  1                1040.94A    -5.131    0.0014
nFnu                1175.06A    -1.996    1.9492      Ca B                2115.81A    -5.219    0.0012      O  1                1302.17A    -5.207    0.0012
nInu                1175.06A    -0.698   38.7094      Ca B                1.01235m    -3.677    0.0406      O  1                1304.86A    -4.547    0.0055
nFnu                1143.64A    -1.972    2.0615      Ca B                6560.01A    -3.992    0.0197      O  1                1306.03A    -4.976    0.0020
nInu                1143.64A    -0.692   39.2947      Ca B                5411.45A    -4.240    0.0111      O  1                2972.29A    -5.223    0.0012
nFnu                1113.22A    -1.950    2.1678      Ca B                4859.26A    -4.441    0.0070      O  1                5577.34A    -4.274    0.0103
nInu                1113.22A    -0.686   39.8224      Ca B                4541.54A    -4.612    0.0047      O  1                6300.30A    -2.577    0.5113
nFnu                1103.23A    -1.944    2.1952      Ca B                4338.62A    -4.760    0.0034      O  1                6363.78A    -3.073    0.1633
nInu                1103.23A    -0.684   39.9554      Ca B                4199.78A    -4.891    0.0025      O  1                63.1679m    -2.911    0.2369
nFnu                1073.86A    -1.918    2.3338      Ca B                4099.99A    -5.009    0.0019      O  1                145.495m    -4.013    0.0187
nInu                1073.86A    -0.679   40.4001      Ca B                4025.55A    -5.116    0.0015      O  2                539.086A    -4.864    0.0026
nFnu                1064.34A    -1.910    2.3738      Ca B                3968.39A    -5.215    0.0012      O  2                539.547A    -4.900    0.0024
nInu                1064.34A    -0.677   40.6032      Ca B                1.86365m    -4.132    0.0143      O  2                539.854A    -4.959    0.0021
nFnu                1035.92A    -1.890    2.4854      Ca B                1.16262m    -4.386    0.0079      O  2                832.758A    -4.964    0.0021
nInu                1035.92A    -0.672   41.1490      Ca B                9344.80A    -4.600    0.0049      O  2                833.330A    -4.908    0.0024
nFnu                1000.00A    -1.863    2.6482      Ca B                8236.67A    -4.778    0.0032      O  2                834.465A    -4.893    0.0025
nInu                1000.00A    -0.664   41.9074      Ca B                7592.65A    -4.933    0.0023      O  2                2470.22A    -3.761    0.0335
nFnu                925.144A    -1.807    3.0117      Ca B                7177.41A    -5.068    0.0017      O  2                2470.34A    -3.167    0.1315
nInu                925.144A    -0.647   43.5517      Ca B                6890.80A    -5.190    0.0012      O  2                7318.92A    -3.843    0.0277
nFnu                897.800A    -3.864    0.0264      Ca B                3.09080m    -4.521    0.0058      O  2                7319.99A    -3.360    0.0843
nFnu                496.874A    -3.605    0.0479      Ca B                1.87431m    -4.729    0.0036      O  2                7329.67A    -3.621    0.0462
RRC.............................................      Ca B                1.47602m    -4.914    0.0024      O  2                7330.73A    -3.629    0.0453
H  1                911.753A    -1.080   16.0715      Ca B                1.28127m    -5.073    0.0016      O  2                3728.81A    -1.887    2.5064
H  1                3645.98A    -2.202    1.2135      Ca B                1.16730m    -5.213    0.0012      O  2                3726.03A    -1.750    3.4336
H  1                3645.98A    -1.848    2.7387      Ca B                4.76213m    -4.862    0.0027      O  3                88.3323m    -3.328    0.0908
H  1                8203.57A    -2.942    0.2207      Ca B                2.82519m    -5.034    0.0018      O  3                832.929A    -5.210    0.0012
H  1                8203.57A    -2.540    0.5566      Ca B                2.18848m    -5.195    0.0012      O  3                51.8004m    -2.766    0.3311
H  1                8203.57A    -2.633    0.4501      Ca B                6.94599m    -5.165    0.0013      O  3                4958.91A    -2.582    0.5061
H  1                1.45842m    -3.433    0.0713      He 2                607.571A    -1.849    2.7319      O  3                2320.95A    -5.076    0.0016
H  1                1.45842m    -3.024    0.1827      He 2                303.784A    -1.826    2.8858      O  3                1660.81A    -5.118    0.0015
H  1                1.45842m    -3.009    0.1893      He 2                256.317A    -4.382    0.0080      O  3                833.715A    -5.178    0.0013
H  1                1.45842m    -3.339    0.0885      He 2                243.027A    -4.498    0.0061      O  3                833.749A    -5.207    0.0012
H  1                2.27878m    -3.793    0.0311      He 2                237.331A    -4.553    0.0054      O  3                702.838A    -5.150    0.0014
H  1                2.27878m    -3.385    0.0797      He 2                234.347A    -4.588    0.0050      O  3                507.680A    -5.055    0.0017
H  1                2.27878m    -3.337    0.0889      He 2                232.584A    -4.620    0.0046      O  3                5006.84A    -2.121    1.4628
H  1                2.27878m    -3.520    0.0583      He 2                231.454A    -4.633    0.0045      O  3                1666.15A    -4.723    0.0037
H  1                2.27878m    -4.007    0.0190      He 2                230.686A    -4.664    0.0042      O  3                835.092A    -5.205    0.0012
H  1                3.28145m    -4.075    0.0162      He 2                230.139A    -4.691    0.0039      O  3                835.289A    -5.124    0.0015
H  1                3.28145m    -3.669    0.0414      He 2                229.736A    -4.662    0.0042      O  3                703.851A    -5.206    0.0012
H  1                3.28145m    -3.608    0.0476      He 2                229.431A    -4.672    0.0041      O  3                703.854A    -5.010    0.0019
H  1                3.28145m    -3.738    0.0353      He 2                229.194A    -4.681    0.0040      O  3                508.178A    -4.664    0.0042
H  1                3.28145m    -4.051    0.0172      He 2                229.006A    -4.688    0.0040      O  3                4363.21A    -4.449    0.0069
H  1                3.28145m    -4.642    0.0044      He 2                228.855A    -4.695    0.0039      P  2                60.6263m    -4.980    0.0020
H  1                4.46642m    -4.306    0.0095      He 2                228.731A    -4.701    0.0038      P  2                32.8620m    -4.279    0.0102
H  1                4.46642m    -3.901    0.0242      He 2                228.629A    -4.705    0.0038      P  2                1.14682m    -3.891    0.0248
H  1                4.46642m    -3.836    0.0282      He 2                228.543A    -4.708    0.0038      P  2                1.18828m    -3.468    0.0658
H  1                4.46642m    -3.940    0.0222      He 2                228.471A    -4.709    0.0038      P  2                7875.99A    -4.895    0.0025
H  1                4.46642m    -4.182    0.0127      He 2                228.409A    -4.707    0.0038      P  3                17.8797m    -4.794    0.0031
H  1                4.46642m    -4.582    0.0051      He 2                228.356A    -4.700    0.0038      S  1                25.2421m    -5.191    0.0012
H  1                4.46642m    -5.247    0.0011      He 2                1640.41A    -2.348    0.8659      S  2                6730.82A    -2.118    1.4732
H  1                5.83369m    -4.502    0.0061      He 2                1215.13A    -2.825    0.2891      S  2                6716.44A    -2.227    1.1453
H  1                5.83369m    -4.098    0.0154      He 2                1084.94A    -3.163    0.1326      S  2                4076.35A    -3.505    0.0604
H  1                5.83369m    -4.030    0.0180      He 2                1025.27A    -3.423    0.0729      S  2                4068.60A    -3.010    0.1889
H  1                5.83369m    -4.121    0.0146      He 2                992.358A    -3.634    0.0449      S  2                1.03364m    -3.643    0.0439
H  1                5.83369m    -4.327    0.0091      He 2                972.106A    -3.811    0.0298      S  2                1.02867m    -3.636    0.0447
H  1                5.83369m    -4.643    0.0044      He 2                958.693A    -3.964    0.0210      S  2                1.03705m    -3.965    0.0209
H  1                5.83369m    -5.102    0.0015      He 2                949.323A    -4.099    0.0154      S  2                1.03205m    -3.502    0.0608
H  1                7.38326m    -4.671    0.0041      He 2                942.507A    -3.947    0.0218      S  2                1259.52A    -5.199    0.0012
H  1                7.38326m    -4.268    0.0104      He 2                937.389A    -4.041    0.0176      S  2                1253.81A    -5.257    0.0011
H  1                7.38326m    -4.200    0.0122      He 2                933.444A    -4.127    0.0144      S  2                910.485A    -5.144    0.0014
H  1                7.38326m    -4.283    0.0101      He 2                930.337A    -4.206    0.0120      S  3                33.4704m    -2.850    0.2728
H  1                7.38326m    -4.468    0.0066      He 2                927.846A    -4.280    0.0101      S  3                18.7078m    -2.619    0.4639
H  1                7.38326m    -4.739    0.0035      He 2                925.816A    -4.348    0.0087      S  3                9068.62A    -2.783    0.3181
H  1                7.38326m    -5.104    0.0015      He 2                924.142A    -4.411    0.0075      S  3                9530.62A    -2.383    0.7990
H  1                9.11514m    -4.819    0.0029      He 2                922.743A    -4.469    0.0066      S  3                3721.63A    -4.353    0.0086
H  1                9.11514m    -4.418    0.0074      He 2                921.562A    -4.521    0.0058      S  3                6312.06A    -4.079    0.0161
H  1                9.11514m    -4.349    0.0086      He 2                920.556A    -4.568    0.0052      S  3                1728.94A    -5.105    0.0015
H  1                9.11514m    -4.428    0.0072      He 2                919.693A    -4.607    0.0048      Si 2                34.8046m    -2.153    1.3582
H  1                9.11514m    -4.601    0.0048      He 2                4685.68A    -3.225    0.1152      Si 2                2334.41A    -4.018    0.0185
H  1                9.11514m    -4.844    0.0028      He 2                3203.08A    -3.551    0.0543      Si 2                2328.52A    -4.568    0.0052
H  1                9.11514m    -5.156    0.0013      He 2                2733.28A    -3.817    0.0294      Si 2                1808.01A    -3.866    0.0263
H  1                11.0293m    -3.854    0.0270      He 2                2511.19A    -4.034    0.0179      Si 2                1526.71A    -4.768    0.0033
H  1                13.1258m    -3.967    0.0209      He 2                2385.39A    -4.216    0.0117      Si 2                1304.37A    -5.193    0.0012
H  1                15.4046m    -4.070    0.0164      He 2                2306.18A    -4.374    0.0082      Si 2                1260.42A    -4.904    0.0024
H  1                17.8657m    -4.166    0.0132      He 2                2252.67A    -4.512    0.0059      Si 2                1193.29A    -5.040    0.0018
H  1                20.5091m    -4.255    0.0107      He 2                2214.65A    -4.463    0.0067      Si 2                1190.42A    -5.116    0.0015
H  1                23.3348m    -4.339    0.0089      He 2                2186.59A    -4.556    0.0054      Si 2                2350.17A    -3.894    0.0247
H  1                26.3428m    -4.417    0.0074      He 2                2165.23A    -4.641    0.0044      Si 2                2344.20A    -3.420    0.0735
H  1                29.5331m    -4.491    0.0062      He 2                2148.58A    -4.720    0.0037      Si 2                2334.60A    -3.316    0.0932
H  1                32.9057m    -4.561    0.0053      He 2                2135.34A    -4.794    0.0031      Si 2                1817.45A    -4.139    0.0140
H  1                36.4606m    -4.628    0.0045      He 2                2124.61A    -4.862    0.0027      Si 2                1816.93A    -3.537    0.0561
H  1                40.1978m    -4.691    0.0039      He 2                2115.81A    -4.924    0.0023      Si 2                1533.43A    -4.437    0.0071
H  1                44.1173m    -4.752    0.0034      He 2                2108.49A    -4.982    0.0020      Si 2                1309.28A    -4.865    0.0026
H  1                48.2191m    -4.809    0.0030      He 2                2102.33A    -5.035    0.0018      Si 2                1265.00A    -4.721    0.0037
H  1                52.5033m    -4.865    0.0026      He 2                2097.10A    -5.081    0.0016      Si 2                1264.74A    -4.710    0.0038
H  1                56.9697m    -3.693    0.0391      He 2                2092.63A    -5.120    0.0015      Si 2                1197.39A    -4.813    0.0030
He 2                227.838A    -1.758    3.3737      He 2                1.01235m    -3.836    0.0282      Si 2                1194.50A    -4.713    0.0037
He 2                911.351A    -3.207    0.1200      He 2                6560.01A    -4.076    0.0162      Si 3                1892.03A    -4.008    0.0190
He 2                911.351A    -2.791    0.3123      He 2                5411.45A    -4.293    0.0098      Si 3                1882.71A    -3.872    0.0260
He 2                2049.91A    -3.771    0.0327      He 2                4859.26A    -4.478    0.0064      Si 3                1206.50A    -4.884    0.0025
He 2                2049.91A    -3.303    0.0961      He 2                4541.54A    -4.639    0.0044      Al 2                2669.15A    -3.605    0.0480
He 2                2049.91A    -3.289    0.0992      He 2                4338.62A    -4.780    0.0032      Al 2                2660.35A    -3.497    0.0615
He 2                3644.44A    -4.317    0.0093      He 2                4199.78A    -4.832    0.0028      Al 2                1670.79A    -4.187    0.0126
He 2                3644.44A    -3.838    0.0280      He 2                4099.99A    -4.925    0.0023      C  4                1548.19A    -5.219    0.0012
He 2                3644.44A    -3.710    0.0377      He 2                4025.55A    -5.010    0.0019      Ca 2                7323.89A    -2.637    0.4455
He 2                3644.44A    -3.915    0.0235      He 2                3968.39A    -5.089    0.0016      Ca 2                7291.47A    -2.456    0.6761
He 2                5694.49A    -4.725    0.0036      He 2                3923.44A    -5.162    0.0013      Ca 2                3968.47A    -3.392    0.0784
He 2                5694.49A    -4.245    0.0110      He 2                3887.40A    -5.229    0.0011      Ca 2                8662.14A    -3.631    0.0452
He 2                5694.49A    -4.080    0.0161      He 2                1.86365m    -4.335    0.0089      Ca 2                3933.66A    -3.267    0.1044
He 2                5694.49A    -4.130    0.0143      He 2                1.16262m    -4.515    0.0059      Ca 2                8498.02A    -4.230    0.0114
He 2                5694.49A    -4.492    0.0062      He 2                9344.80A    -4.693    0.0039      Ca 2                8542.09A    -3.283    0.1006
He 2                8200.12A    -5.047    0.0017      He 2                8236.67A    -4.852    0.0027      Cl 2                14.3639m    -3.840    0.0279
He 2                8200.12A    -4.568    0.0052      He 2                7592.65A    -4.994    0.0020      Cl 2                33.2721m    -4.973    0.0021
He 2                8200.12A    -4.387    0.0079      He 2                7177.41A    -5.121    0.0015      Cl 2                8578.70A    -3.588    0.0499
He 2                8200.12A    -4.378    0.0081      He 2                6890.80A    -5.213    0.0012      Cl 2                9123.60A    -4.173    0.0130
He 2                8200.12A    -4.561    0.0053      He 2                3.09080m    -4.762    0.0033      Cl 3                5537.87A    -4.388    0.0079
He 2                8200.12A    -5.045    0.0017      He 2                1.87431m    -4.898    0.0024      Cl 3                5517.71A    -4.372    0.0082
He 2                1.11613m    -4.834    0.0028      He 2                1.47602m    -5.046    0.0017      Fe 4                3094.96A    -5.010    0.0019
He 2                1.11613m    -4.646    0.0044      He 2                1.28127m    -5.183    0.0013      Fe 4                2835.74A    -4.181    0.0127
He 2                1.11613m    -4.608    0.0048      He 2                4.76213m    -5.135    0.0014      Fe 4                2829.36A    -4.442    0.0070
He 2                1.11613m    -4.714    0.0037      He 2                2.82519m    -5.239    0.0011      Fe 4                2567.61A    -5.103    0.0015
He 2                1.11613m    -5.001    0.0019      He-like iso-sequence............................      Mg 2                2802.71A    -2.448    0.6888
He 2                1.45781m    -5.057    0.0017      He 1                1202.81A    -1.981    2.0198      Mg 2                2795.53A    -2.152    1.3602
He 2                1.45781m    -4.867    0.0026      He 1                584.334A    -3.055    0.1701      Mg 4                4.48711m    -5.211    0.0012
He 2                1.45781m    -4.813    0.0030      He 1                537.030A    -4.129    0.0144      N  2                205.283m    -4.827    0.0029
He 2                1.45781m    -4.879    0.0025      He 1                522.213A    -4.278    0.0102      N  2                121.769m    -3.917    0.0234
He 2                1.45781m    -5.077    0.0016      He 1                515.617A    -4.368    0.0083      N  2                6548.05A    -2.354    0.8555
He 2                1.84504m    -5.250    0.0011      He 1                512.099A    -4.436    0.0071      N  2                6583.45A    -1.884    2.5219
He 2                1.84504m    -5.058    0.0017      He 1                625.563A    -1.755    3.3926      N  2                3062.83A    -5.072    0.0016
He 2                1.84504m    -4.995    0.0020      He 1                510.018A    -4.529    0.0057      N  2                5754.59A    -3.791    0.0312
He 2                1.84504m    -5.038    0.0018      He 1                508.657A    -4.552    0.0054      N  2                2139.01A    -4.286    0.0100
He 2                1.84504m    -5.188    0.0013      He 1                507.727A    -4.571    0.0052      N  2                2142.77A    -3.895    0.0246
He 2                2.27783m    -5.226    0.0011      He 1                507.065A    -4.590    0.0050      N  2                1085.70A    -4.979    0.0020
He 2                2.27783m    -5.157    0.0013      He 1                506.576A    -4.606    0.0048      N  2                1084.58A    -5.027    0.0018
He 2                2.27783m    -5.186    0.0013      He 1                506.204A    -4.625    0.0046      N  2                1085.55A    -5.134    0.0014
He 2                2.75620m    -4.585    0.0050      He 1                505.916A    -4.644    0.0044      N  2                1083.99A    -5.078    0.0016
He 2                3.28011m    -4.697    0.0039      He 1                505.687A    -4.662    0.0042      N  2                1084.56A    -5.187    0.0013
He 2                3.84958m    -4.800    0.0031      He 1                505.502A    -4.682    0.0040      N  2                915.612A    -5.049    0.0017
He 2                4.46460m    -4.896    0.0025      He 1                505.352A    -4.701    0.0038      N  2                916.020A    -5.219    0.0012
He 2                5.12518m    -4.985    0.0020      He 1                505.227A    -4.721    0.0037      N  2                916.710A    -5.210    0.0012
He 2                5.83131m    -5.068    0.0017      He 1                505.122A    -4.741    0.0035      N  2                916.012A    -5.132    0.0014
He 2                6.58301m    -5.146    0.0014      He 1                505.033A    -4.759    0.0034      N  2                916.701A    -4.948    0.0022
He 2                7.38026m    -5.220    0.0012      He 1                504.958A    -4.844    0.0028      N  2                915.962A    -5.033    0.0018
He 2                14.2366m    -4.375    0.0081      He 1                504.893A    -4.838    0.0028      N  3                57.3238m    -3.785    0.0317
He 1                504.259A    -1.849    2.7337      He 1                504.836A    -4.816    0.0030      N  3                989.799A    -5.233    0.0011
He 1                2599.69A    -3.320    0.0924      He 1                504.787A    -4.879    0.0026      N  3                991.577A    -5.169    0.0013
He 1                3120.85A    -3.830    0.0286      He 1                504.744A    -4.832    0.0028      N  3                685.515A    -5.282    0.0010
He 1                3421.00A    -3.811    0.0299      He 1                504.706A    -4.763    0.0033      N  3                686.336A    -5.286    0.0010
He 1                3420.88A    -3.334    0.0896      He 1                504.672A    -3.988    0.0199      N  3                685.817A    -5.028    0.0018
He 1                3420.88A    -3.112    0.1493      He 1                1.08291m    -3.853    0.0271      Na 3                7.31570m    -4.136    0.0141
He 1                3678.70A    -3.529    0.0572      He 1                1.08302m    -3.254    0.1076      Ni 2                1.19102m    -3.693    0.0392
He 1                6632.16A    -4.237    0.0112      He 1                1.08303m    -2.934    0.2246      Ni 2                6.63416m    -3.360    0.0843
He 1                7435.20A    -4.654    0.0043      Blnd                1.08302m    -2.730    0.3592      Ni 2                1.07151m    -3.963    0.0210
He 1                7843.40A    -3.595    0.0491      He 1                3888.64A    -3.269    0.1038      Ni 2                10.6793m    -3.601    0.0485
He 1                8188.35A    -3.802    0.0305      He 1                3187.74A    -3.669    0.0414      Ni 2                1.16130m    -4.809    0.0030
He 1                8190.64A    -4.291    0.0099      He 1                2945.10A    -3.984    0.0200      Ni 2                12.7253m    -4.346    0.0087
He 1                8261.30A    -4.203    0.0121      He 1                2829.08A    -4.239    0.0111      Ni 2                1.09177m    -5.180    0.0013
He 1                1.24770m    -4.796    0.0031      He 1                2760.44A    -4.815    0.0030      Ni 2                18.2355m    -5.147    0.0014
He 1                1.35640m    -5.178    0.0013      He 1                2721.00A    -4.963    0.0021      Ni 2                7377.83A    -2.958    0.2129
He 1                1.40933m    -4.099    0.0154      He 1                2694.61A    -5.095    0.0016      Ni 2                8300.99A    -4.254    0.0108
He 1                1.45602m    -4.176    0.0129      He 1                2676.05A    -5.216    0.0012      Ni 2                1.93877m    -3.666    0.0417
He 1                1.45643m    -4.668    0.0041      He 1                2.05813m    -4.104    0.0152      Ni 2                2.36883m    -4.952    0.0022
He 1                1.45759m    -4.521    0.0058      He 1                5015.68A    -3.902    0.0242      Ni 2                2.91064m    -4.621    0.0046
He 1                1.45759m    -4.998    0.0019      He 1                3964.73A    -4.296    0.0098      Ni 2                6666.80A    -4.381    0.0080
He 1                1.46631m    -4.679    0.0040      He 1                3613.64A    -4.606    0.0048      Ni 2                7411.61A    -4.163    0.0133
He 1                2.01409m    -5.191    0.0012      He 1                3447.59A    -4.865    0.0026      Ni 2                4326.24A    -4.246    0.0110
He 1                2.21671m    -4.470    0.0065      He 1                7065.71A    -4.798    0.0031      Ni 2                4628.05A    -4.668    0.0041
He 1                2.27546m    -4.503    0.0061      He 1                7065.21A    -4.321    0.0092      Ni 2                7255.82A    -4.601    0.0048
He 1                2.27605m    -4.996    0.0020      He 1                7065.18A    -4.099    0.0154      Ni 2                1.04597m    -5.085    0.0016
He 1                2.27752m    -4.702    0.0038      Blnd                7065.25A    -3.844    0.0277      Ni 2                1.23230m    -5.112    0.0015
He 1                2.27752m    -5.180    0.0013      He 1                5875.98A    -4.199    0.0122      Ni 2                4201.17A    -4.565    0.0053
He 1                2.27778m    -5.189    0.0013      He 1                5875.64A    -3.722    0.0366      Ni 2                4485.21A    -5.018    0.0019
He 1                2.28865m    -5.035    0.0018      He 1                5875.61A    -3.500    0.0610      Ni 2                7307.65A    -4.913    0.0024
He 1                3.20639m    -4.759    0.0034      Blnd                5875.66A    -3.245    0.1099      Ni 2                7612.72A    -5.241    0.0011
He 1                3.27716m    -4.774    0.0033      He 1                4713.16A    -5.108    0.0015      Ni 2                4033.04A    -4.841    0.0028
He 1                3.27791m    -5.270    0.0010      He 1                4713.14A    -4.886    0.0025      Ni 2                4294.09A    -4.962    0.0021
He 1                3.27969m    -4.920    0.0023      Blnd                4713.17A    -4.630    0.0045      Ni 2                6813.57A    -4.984    0.0020
He 1                3.28001m    -5.233    0.0011      He 1                4471.69A    -4.619    0.0046      Ni 2                3993.06A    -4.399    0.0077
He 1                4.46460m    -4.333    0.0090      He 1                4471.49A    -4.142    0.0139      Ni 2                4248.80A    -4.875    0.0026
He 1                5.83132m    -4.504    0.0060      He 1                4471.47A    -3.920    0.0232      Ni 2                6365.10A    -4.873    0.0026
He 1                7.38026m    -4.656    0.0043      Blnd                4471.50A    -3.665    0.0418      Ni 2                3438.88A    -4.705    0.0038
He 1                9.11143m    -4.791    0.0031      Blnd                4120.84A    -5.068    0.0017      Ni 2                3626.89A    -5.012    0.0019
He 1                11.0248m    -4.914    0.0024      He 1                4026.36A    -4.936    0.0022      O  4                25.8863m    -3.909    0.0238
He 1                13.1205m    -5.027    0.0018      He 1                4026.20A    -4.459    0.0067      S  4                10.5076m    -3.990    0.0198
He 1                15.3983m    -5.130    0.0014      He 1                4026.19A    -4.237    0.0112      level 1 lines...................................
He 1                17.8584m    -5.226    0.0011      Blnd                4026.21A    -3.982    0.0201      recombination...................................
He 1                61.5933m    -4.791    0.0031      He 1                3819.76A    -5.193    0.0012      C  1                1657.00A    -5.060    0.0017
C  1                1101.07A    -4.814    0.0030      He 1                3819.61A    -4.716    0.0037      C  2                4267.00A    -5.115    0.0015
C  2                508.483A    -4.157    0.0134      He 1                3819.60A    -4.494    0.0062      C  2                1761.00A    -5.195    0.0012
N  1                853.055A    -4.470    0.0065      Blnd                3819.62A    -4.239    0.0111      C  2                1335.00A    -3.382    0.0802
O  1                910.440A    -4.882    0.0025      He 1                3704.90A    -5.134    0.0014      O  1                1357.00A    -4.554    0.0054
O  2                353.019A    -3.310    0.0945      He 1                3704.76A    -4.657    0.0043      C  1                1140.10A    -4.593    0.0049
Ne 2                302.674A    -3.921    0.0232      He 1                3704.75A    -4.435    0.0071      C  2                1167.50A    -5.052    0.0017
S  2                531.257A    -5.077    0.0016      Blnd                3704.77A    -4.180    0.0128      C  2                1092.50A    -4.445    0.0069
Ar 2                448.736A    -5.206    0.0012      He 1                3634.08A    -4.819    0.0029      C  2                1036.80A    -4.092    0.0156
grains..........................................      He 1                3634.07A    -4.598    0.0049      C  2                946.100A    -4.116    0.0148
H-like iso-sequence.............................      Blnd                3634.09A    -4.342    0.0088      C  2                799.800A    -3.208    0.1196
H  1 Cool           1215.67A    -2.036    1.7776      He 1                3587.16A    -4.962    0.0021      N  1                980.700A    -4.817    0.0029
Crst                960.000A    -2.221    1.1600      He 1                3587.15A    -4.740    0.0035      N  2                1085.10A    -5.085    0.0016
LA X                1215.67A    -3.145    0.1384      Blnd                3587.17A    -4.485    0.0063      N  2                646.400A    -5.116    0.0015
CION                      0     -4.419    0.0074      He 1                3554.34A    -5.089    0.0016      O  1                7949.50A    -5.017    0.0019
Ca B                1215.67A    -0.757   33.8355      He 1                3554.33A    -4.867    0.0026      O  2                386.300A    -4.252    0.0108
Q(H)                4861.32A    -2.286    1.0003      Blnd                3554.35A    -4.612    0.0047      O  2                385.700A    -4.432    0.0071
Q(H)                1215.67A    -0.754   34.0030      He 1                3530.43A    -5.205    0.0012      level2 lines....................................
CaBo                4861.32A    -2.286    0.9986      He 1                3530.43A    -4.983    0.0020      C  1                943.939A    -5.068    0.0017
CaBo                1640.00A    -2.317    0.9308      Blnd                3530.44A    -4.728    0.0036      C  1                1247.50A    -5.116    0.0015
CaBo                4685.64A    -3.128    0.1437      He 1                3512.46A    -5.089    0.0016      C  1                1314.77A    -5.154    0.0014
Ca A                1215.67A    -0.920   23.2473      Blnd                3512.48A    -4.834    0.0028      C  1                1165.98A    -5.242    0.0011
Ca A                1025.72A    -1.596    4.9004      He 1                3498.60A    -5.186    0.0013      C  1                1233.29A    -5.262    0.0011
Ca A                972.537A    -2.008    1.8967      Blnd                3498.62A    -4.931    0.0023      C  2                596.559A    -4.883    0.0025
Ca A                949.743A    -2.312    0.9414      He 1                3487.69A    -5.275    0.0010      C  2                561.959A    -4.931    0.0023
Ca A                937.803A    -2.555    0.5387      Blnd                3487.70A    -5.020    0.0018      C  2                530.721A    -4.957    0.0021
Ca A                930.748A    -2.757    0.3382      Blnd                3478.95A    -5.103    0.0015      C  2                544.909A    -4.969    0.0021
Ca A                926.226A    -2.930    0.2267      Blnd                3471.81A    -5.181    0.0013      C  2                535.300A    -4.983    0.0020
Ca A                923.150A    -3.083    0.1597      Blnd                3465.92A    -5.253    0.0011      C  2                550.361A    -5.051    0.0017
Ca A                920.963A    -3.218    0.1169      He 1                3439.99A    -5.233    0.0011      C  2                467.460A    -5.150    0.0014
Ca A                919.351A    -3.340    0.0883      He 1                3439.98A    -5.011    0.0019      C  2                424.791A    -5.261    0.0011
Ca A                918.129A    -3.450    0.0686      Blnd                3440.00A    -4.756    0.0034      C  3                271.090A    -5.170    0.0013
Ca A                917.181A    -3.550    0.0545      He 1                7281.35A    -4.482    0.0064      C  3                268.600A    -5.251    0.0011
Ca A                916.429A    -3.641    0.0442      He 1                6678.15A    -3.804    0.0303      N  1                942.258A    -5.018    0.0019
Ca A                915.824A    -3.724    0.0365      He 1                5047.74A    -5.073    0.0016      N  2                532.161A    -4.858    0.0027
Ca A                915.329A    -3.799    0.0307      He 1                4921.93A    -4.235    0.0112      N  2                634.441A    -4.903    0.0024
Ca A                914.919A    -3.868    0.0262      He 1                4387.93A    -4.556    0.0054      N  2                475.141A    -4.939    0.0022
Ca A                914.576A    -3.930    0.0227      He 1                4143.76A    -4.813    0.0030      N  2                528.139A    -4.959    0.0021
Ca A                914.286A    -3.986    0.0199      He 1                4009.05A    -4.817    0.0029      N  2                452.970A    -5.021    0.0018
Ca A                914.039A    -4.037    0.0177      He 1                3926.41A    -4.981    0.0020      N  2                441.950A    -5.057    0.0017
Ca A                913.826A    -4.083    0.0159      He 1                3871.69A    -5.125    0.0014      N  2                474.291A    -5.052    0.0017
Ca A                913.641A    -4.125    0.0145      He 1                3833.48A    -5.253    0.0011      N  2                437.731A    -5.082    0.0016
Ca A                913.480A    -4.162    0.0133      He 1                4.29471m    -5.140    0.0014      N  2                452.610A    -5.167    0.0013
Ca A                913.339A    -4.197    0.0123      He 1                1.25275m    -5.114    0.0015      N  2                441.659A    -5.263    0.0011
Ca A                6562.80A    -2.011    1.8828      He 1                9463.58A    -5.216    0.0012      N  2                432.160A    -5.283    0.0010
Ca A                4861.32A    -2.463    0.6648      He 1                1.70025m    -4.815    0.0030      O  1                867.303A    -5.089    0.0016
Ca A                4340.46A    -2.789    0.3140      He 1                1.19691m    -4.978    0.0020      O  1                976.791A    -4.912    0.0024
Ca A                4101.73A    -3.043    0.1749      He 1                1.03113m    -5.179    0.0013      O  1                969.049A    -4.969    0.0021
Ca A                3970.07A    -3.252    0.1081      He 1                9515.00A    -5.067    0.0017      O  1                946.387A    -5.008    0.0019
Ca A                3889.05A    -3.430    0.0717      He 1                9062.34A    -5.214    0.0012      O  1                934.501A    -5.040    0.0018
Ca A                3835.38A    -3.586    0.0501      He 1                1.86854m    -4.194    0.0123      O  1                973.577A    -5.055    0.0017
Ca A                3797.90A    -3.724    0.0365      He 1                1.27849m    -4.525    0.0058      O  1                927.472A    -5.070    0.0016
Ca A                3770.63A    -3.848    0.0274      He 1                1.09130m    -4.793    0.0031      O  1                948.506A    -5.108    0.0015
Ca A                3750.15A    -3.961    0.0211      He 1                1.00275m    -4.996    0.0019      O  1                922.969A    -5.105    0.0015
Ca A                3734.37A    -4.065    0.0166      He 1                9526.01A    -5.167    0.0013      O  1                919.912A    -5.139    0.0014
Ca A                3721.94A    -4.161    0.0133      He 1                1.86972m    -4.675    0.0041      O  1                935.672A    -5.166    0.0013
Ca A                3711.97A    -4.250    0.0109      He 1                1.27905m    -5.004    0.0019      O  1                917.726A    -5.176    0.0013
Ca A                3703.85A    -4.332    0.0090      He 1                1.09171m    -5.272    0.0010      O  1                918.704A    -5.206    0.0012
Ca A                3697.15A    -4.410    0.0075      He 1                1.90894m    -5.270    0.0010      O  1                928.186A    -5.227    0.0011
Ca A                3691.55A    -4.482    0.0064      He 1                4.03663m    -5.272    0.0010      O  1                917.473A    -5.247    0.0011
Ca A                3686.83A    -4.549    0.0055      He 1                4.04791m    -4.915    0.0023      O  2                425.190A    -4.738    0.0035
Ca A                3682.81A    -4.613    0.0047      He 1                2.62337m    -5.208    0.0012      O  2                388.410A    -4.797    0.0031
Ca A                3679.35A    -4.672    0.0041      Ca B                2945.10A    -4.011    0.0188      O  2                373.600A    -4.847    0.0027
Ca A                3676.36A    -4.727    0.0036      Ca B                3187.74A    -3.688    0.0396      O  2                361.821A    -4.869    0.0026
Ca A                3673.76A    -4.779    0.0032      Ca B                3613.64A    -4.595    0.0049      O  2                366.060A    -4.881    0.0025
Ca A                3671.48A    -4.827    0.0029      Ca B                3888.64A    -3.278    0.1018      O  2                360.570A    -4.938    0.0022
Ca A                1.87510m    -2.800    0.3058      Ca B                3964.73A    -4.286    0.0100      O  2                414.619A    -4.991    0.0020
Ca A                1.28181m    -3.127    0.1440      Ca B                4026.20A    -3.969    0.0207      O  2                358.780A    -5.024    0.0018
Ca A                1.09381m    -3.389    0.0789      Ca B                4120.82A    -5.042    0.0018      O  2                356.930A    -5.025    0.0018
Ca A                1.00494m    -3.603    0.0481      Ca B                4387.93A    -4.542    0.0055      O  2                355.610A    -5.051    0.0017
Ca A                9545.97A    -3.785    0.0317      Ca B                4471.49A    -3.643    0.0440      O  2                384.420A    -5.151    0.0014
Ca A                9229.02A    -3.944    0.0220      Ca B                4713.16A    -4.617    0.0047      O  3                305.400A    -4.753    0.0034
Ca A                9014.91A    -4.084    0.0159      Ca B                4921.93A    -4.209    0.0119      O  3                268.070A    -4.920    0.0023
Ca A                8862.79A    -4.210    0.0119      Ca B                5015.68A    -3.882    0.0254      O  3                263.850A    -4.934    0.0022
Ca A                8750.48A    -4.324    0.0092      Ca B                5047.74A    -5.042    0.0018      O  3                373.640A    -4.939    0.0022
Ca A                8665.02A    -4.429    0.0072      Ca B                5875.64A    -3.188    0.1253      O  3                265.020A    -4.966    0.0021
Ca A                8598.40A    -4.526    0.0057      Ca B                6678.15A    -3.735    0.0355      O  3                248.730A    -4.981    0.0020
Ca A                8545.39A    -4.616    0.0047      Ca B                7065.21A    -3.874    0.0258      O  3                241.200A    -5.043    0.0017
Ca A                8502.49A    -4.700    0.0038      Ca B                7281.35A    -4.455    0.0068      O  3                248.620A    -5.104    0.0015
Ca A                8467.26A    -4.779    0.0032      Ca B                9463.58A    -5.269    0.0010      O  3                236.890A    -5.113    0.0015
Ca A                8437.96A    -4.853    0.0027      Ca B                1.08302m    -2.546    0.5492      O  3                234.190A    -5.180    0.0013
Ca A                8413.32A    -4.923    0.0023      Ca B                1.19691m    -4.965    0.0021      O  3                276.900A    -5.183    0.0013
Ca A                8392.40A    -4.989    0.0020      Ca B                1.25275m    -5.183    0.0013      O  3                241.140A    -5.205    0.0012
Ca A                8374.48A    -5.051    0.0017      Ca B                1.27849m    -4.450    0.0068      O  3                280.450A    -5.225    0.0012
Ca A                8359.01A    -5.110    0.0015      Ca B                1.27905m    -4.924    0.0023      O  3                263.230A    -5.236    0.0011
Ca A                8345.56A    -5.166    0.0013      Ca B                1.70025m    -4.793    0.0031      O  3                232.380A    -5.253    0.0011
Ca A                8333.79A    -5.219    0.0012      Ca B                1.86854m    -4.077    0.0162      Ne 2                444.150A    -5.131    0.0014
Ca A                4.05115m    -3.400    0.0768      Ca B                1.86972m    -4.545    0.0055      Ne 2                356.870A    -5.119    0.0015
Ca A                2.62515m    -3.651    0.0431      Ca B                1.90894m    -5.243    0.0011      Ne 2                461.050A    -5.162    0.0013
Ca A                2.16553m    -3.868    0.0262      Ca B                2.05813m    -3.744    0.0348      Ne 2                404.130A    -5.209    0.0012
Ca A                1.94456m    -4.053    0.0171      Pho+                3889.00A    -2.715    0.3726      Ne 2                327.700A    -5.273    0.0010
Ca A                1.81741m    -4.213    0.0118      extra Lyman.....................................      Ne 2                331.200A    -5.275    0.0010
Ca A                1.73621m    -4.356    0.0085      database lines..................................      Ne 2                355.969A    -5.283    0.0010
Ca A                1.68065m    -4.483    0.0064      Al 3                1862.79A    -4.776    0.0032      Ne 3                250.920A    -4.946    0.0022
Ca A                1.64072m    -4.599    0.0049      Al 3                1854.72A    -4.542    0.0055      Ne 3                227.420A    -4.799    0.0031
Ca A                1.61093m    -4.705    0.0038      Ar 2                6.98337m    -3.439    0.0703      Ne 3                218.360A    -5.143    0.0014
Ca A                1.58805m    -4.803    0.0030      Ar 3                3109.18A    -4.797    0.0031      Ne 3                223.310A    -5.071    0.0016
Ca A                1.57007m    -4.894    0.0025      Ar 3                5191.82A    -5.132    0.0014      Ne 3                228.870A    -5.023    0.0018
Ca A                1.55565m    -4.979    0.0020      Ar 3                7135.79A    -2.935    0.2245      Ne 3                281.580A    -5.034    0.0018
Ca A                1.54389m    -5.058    0.0017      Ar 3                7751.11A    -3.559    0.0533      Ne 3                227.190A    -4.862    0.0027
Ca A                1.53418m    -5.133    0.0014      Ar 3                8.98898m    -2.910    0.2376      Ne 3                265.510A    -5.091    0.0016
Ca A                1.52605m    -5.204    0.0012      Ar 3                21.8253m    -4.096    0.0155      Ne 3                218.030A    -5.277    0.0010
Ca A                1.51919m    -5.272    0.0010      C  1                1561.44A    -5.220    0.0012      Mg 3                183.540A    -5.190    0.0012
Ca A                7.45782m    -3.891    0.0248      C  1                1657.01A    -5.128    0.0014      Si 2                1179.59A    -4.623    0.0046
Ca A                4.65251m    -4.089    0.0157      C  1                9824.13A    -3.892    0.0248      Si 2                993.354A    -5.035    0.0018
Ca A                3.73954m    -4.272    0.0103      C  1                9850.26A    -3.417    0.0740      Si 2                893.551A    -5.157    0.0013
Ca A                3.29609m    -4.434    0.0071      C  2                687.053A    -4.933    0.0023      Si 2                1024.03A    -5.216    0.0012
Ca A                3.03837m    -4.577    0.0051      C  2                687.352A    -5.197    0.0012      S  2                750.323A    -5.022    0.0018
Ca A                2.87221m    -4.705    0.0038      C  2                858.092A    -5.212    0.0012      S  2                632.711A    -5.195    0.0012
Ca A                2.75752m    -4.822    0.0029      C  2                858.559A    -5.083    0.0016      S  2                888.439A    -5.141    0.0014
Ca A                2.67440m    -4.929    0.0023      C  2                903.623A    -4.844    0.0028      S  3                667.049A    -5.009    0.0019
Ca A                2.61194m    -5.027    0.0018      C  2                903.962A    -4.795    0.0031      S  3                691.219A    -5.133    0.0014
Ca A                2.56363m    -5.119    0.0015      C  2                904.142A    -4.714    0.0037      S  3                704.220A    -5.226    0.0011
Ca A                2.52540m    -5.204    0.0012      C  2                904.480A    -4.837    0.0028      Ar 3                458.140A    -5.064    0.0017
Ca A                2.49458m    -5.285    0.0010      C  2                1036.34A    -4.808    0.0030      Ar 3                464.671A    -5.173    0.0013
Ca A                12.3685m    -4.307    0.0095      C  2                1037.02A    -4.741    0.0035      Ca 3                351.260A    -4.954    0.0021
Ca A                7.50045m    -4.467    0.0066      C  2                1334.53A    -4.532    0.0057      Ca 3                298.430A    -5.218    0.0012
Ca A                5.90660m    -4.624    0.0046      C  2                1335.66A    -4.536    0.0056      Fe 3                911.104A    -5.209    0.0012
Ca A                5.12726m    -4.766    0.0033      C  2                1335.71A    -4.186    0.0126      Fe 3                896.877A    -5.278    0.0010
Ca A                4.67124m    -4.895    0.0025      C  2                2323.50A    -3.841    0.0279      P  2                963.828A    -5.236    0.0011
Ca A                4.37526m    -5.012    0.0019      C  2                2324.69A    -3.623    0.0461      Ti 2                3364.74A    -3.974    0.0205
Ca A                4.16966m    -5.119    0.0015      C  2                2325.40A    -2.816    0.2952      Ti 2                3237.15A    -4.216    0.0118
Ca A                4.01977m    -5.218    0.0012      C  2                2326.93A    -3.059    0.1687      Cr 2                2059.78A    -4.561    0.0053
Ca A                19.0567m    -4.669    0.0041      C  2                2328.12A    -3.569    0.0521      Ni 2                1751.83A    -5.115    0.0015
Ca A                11.3056m    -4.799    0.0031      C  2                157.636m    -3.677    0.0406      Ni 2                1744.24A    -4.987    0.0020
Ca A                8.75768m    -4.936    0.0022      C  3                1908.73A    -3.401    0.0767      hyperfine structure.............................
Ca A                7.50606m    -5.062    0.0017      C  3                1906.68A    -3.239    0.1115      inner shell.....................................
Ca A                6.77015m    -5.179    0.0013      C  3                977.020A    -4.501    0.0061      Mg 3                246.489A    -4.142    0.0139
Ca A                27.7958m    -4.988    0.0020      C  3                386.203A    -5.065    0.0017      Mg 3                247.968A    -4.145    0.0138
Ca A                16.2047m    -5.096    0.0015      Ca 1                4226.73A    -5.180    0.0013      Si 4                720.838A    -4.925    0.0023
Ca A                12.3838m    -5.216    0.0012      Ca 4                3.20610m    -4.511    0.0060      molecules.......................................
Ca A                38.8593m    -5.274    0.0010      Co 2                10.5199m    -4.663    0.0042      H-FB                      0     -4.101    0.0153
Ca B                6562.80A    -1.830    2.8544      Co 2                2.98382m    -5.029    0.0018      H-FF                      0     -4.312    0.0094
Ca B                4861.32A    -2.289    0.9927      Co 2                14.7345m    -4.770    0.0033      H-CT                6562.80A    -4.163    0.0133
Ca B                4340.46A    -2.619    0.4640      Co 2                1.01879m    -4.252    0.0108      H- H                      0     -4.876    0.0026
Ca B                4101.73A    -2.877    0.2564      Co 2                1.12804m    -5.223    0.0012      H2+                       0     -4.488    0.0063
Ca B                3970.07A    -3.089    0.1574      Co 2                1.54700m    -4.497    0.0061      bands...........................................
Ca B                3889.05A    -3.269    0.1040      Co 2                9342.40A    -5.094    0.0016      Fe 2b               2500.00A    -2.238    1.1177
Ca B                3835.38A    -3.426    0.0724      Co 3                11.8845m    -5.221    0.0012      Fe 2b               5000.00A    -2.059    1.6853
Ca B                3797.90A    -3.565    0.0526      Cr 2                8000.08A    -4.224    0.0115      Fe 2b               7000.00A    -2.447    0.6903
Ca B                3770.63A    -3.690    0.0394      Cr 2                8125.30A    -4.293    0.0098      Fe 2b               10000.0A    -1.606    4.7796
Ca B                3750.15A    -3.804    0.0303      Cr 2                8229.67A    -4.387    0.0079      Fe 2b               2355.00A    -2.736    0.3544
Ca B                3734.37A    -3.908    0.0239      Cr 2                8308.49A    -4.574    0.0052      Fe 2b               2430.00A    -2.269    1.0398
Ca B                3721.94A    -4.003    0.0192      Cr 2                8357.64A    -4.869    0.0026      Fe 2b               2445.00A    -2.269    1.0397
Ca B                3711.97A    -4.091    0.0157      Fe 2                25.9813m    -2.417    0.7390      Fe 2b               2495.00A    -3.302    0.0963
Ca B                3703.85A    -4.173    0.0130      Fe 2                5.33871m    -2.018    1.8520      Fe 2b               2610.00A    -2.516    0.5888
Ca B                3697.15A    -4.249    0.0109      Fe 2                4.11387m    -3.969    0.0207      Fe 2b               2695.00A    -4.900    0.0024
Ca B                3691.55A    -4.320    0.0093      Fe 2                1.25668m    -3.118    0.1471      Fe 2b               2758.00A    -3.438    0.0705
Ca B                3686.83A    -4.386    0.0079      Fe 2                4632.28A    -4.092    0.0156      Fe 2b               2780.00A    -3.419    0.0735
Ca B                3682.81A    -4.447    0.0069      Fe 2                4416.27A    -4.027    0.0181      Fe 2b               2935.00A    -4.586    0.0050
Ca B                3679.35A    -4.505    0.0060      Fe 2                4382.74A    -5.015    0.0019      Fe 2b               2960.00A    -4.638    0.0044
Ca B                3676.36A    -4.558    0.0053      Fe 2                4287.39A    -3.241    0.1108      Fe 2b               3180.00A    -4.307    0.0095
Ca B                3673.76A    -4.609    0.0048      Fe 2                3175.38A    -5.044    0.0017      Fe 2b               3250.00A    -3.789    0.0314
Ca B                3671.48A    -4.656    0.0043      Fe 2                2599.40A    -3.915    0.0235      Fe 2b               3590.00A    -3.844    0.0277
Ca B                1.87510m    -2.753    0.3414      Fe 2                2585.88A    -4.727    0.0036      Fe 2b               3910.00A    -5.099    0.0015
Ca B                1.28181m    -3.071    0.1641      Fe 2                2382.04A    -3.038    0.1772      Fe 2b               4255.00A    -2.567    0.5239
Ca B                1.09381m    -3.328    0.0907      Fe 2                2373.74A    -4.755    0.0034      Fe 2b               4558.00A    -3.308    0.0950
Ca B                1.00494m    -3.541    0.0556      Fe 2                2343.50A    -4.849    0.0027      Fe 2b               4600.00A    -3.268    0.1042
Ca B                9545.97A    -3.722    0.0366      Fe 2                35.3391m    -3.050    0.1723      Fe 2b               4743.00A    -3.914    0.0235
Ca B                9229.02A    -3.880    0.0255      Fe 2                6.71944m    -3.158    0.1343      Fe 2b               4855.00A    -3.348    0.0866
Ca B                9014.91A    -4.020    0.0185      Fe 2                4.88781m    -3.633    0.0450      Fe 2b               4920.00A    -2.834    0.2832
Ca B                8862.79A    -4.146    0.0138      Fe 2                4.07521m    -4.392    0.0078      Fe 2b               4975.00A    -3.360    0.0842
Ca B                8750.48A    -4.260    0.0106      Fe 2                1.32055m    -3.615    0.0469      Fe 2b               4971.00A    -3.396    0.0776
Ca B                8665.02A    -4.364    0.0083      Fe 2                1.24854m    -4.368    0.0083      Fe 2b               5070.00A    -3.288    0.0995
Ca B                8598.40A    -4.460    0.0067      Fe 2                7637.52A    -3.695    0.0390      Fe 2b               5143.00A    -2.727    0.3618
Ca B                8545.39A    -4.550    0.0054      Fe 2                4889.62A    -3.934    0.0225      Fe 2b               5270.00A    -2.443    0.6967
Ca B                8502.49A    -4.633    0.0045      Fe 2                4716.37A    -4.970    0.0021      Fe 2b               5318.00A    -2.761    0.3349
Ca B                8467.26A    -4.710    0.0038      Fe 2                4687.56A    -5.105    0.0015      Fe 2b               5540.00A    -3.497    0.0615
Ca B                8437.96A    -4.782    0.0032      Fe 2                4492.64A    -4.897    0.0024      Fe 2b               5865.00A    -4.132    0.0143
Ca B                8413.32A    -4.850    0.0027      Fe 2                4457.95A    -4.313    0.0094      Fe 2b               6265.00A    -4.483    0.0064
Ca B                8392.40A    -4.914    0.0024      Fe 2                4432.45A    -5.136    0.0014      Fe 2b               6565.00A    -4.026    0.0182
Ca B                8374.48A    -4.973    0.0021      Fe 2                4359.33A    -3.372    0.0820      Fe 2b               6910.00A    -4.224    0.0115
Ca B                8359.01A    -5.029    0.0018      Fe 2                2625.67A    -2.709    0.3772      Fe 2b               7445.00A    -2.470    0.6541
Ca B                8345.56A    -5.082    0.0016      Fe 2                2611.87A    -3.607    0.0478      Fe 2b               8625.00A    -2.466    0.6612
Ca B                8333.79A    -5.132    0.0014      Fe 2                2598.37A    -4.405    0.0076      Fe 2b               1.03250m    -3.480    0.0639
Ca B                4.05115m    -3.376    0.0812      Fe 2                2395.63A    -3.645    0.0437      Fe 2b               1.88900m    -2.332    0.8994
Ca B                2.62515m    -3.623    0.0460      Fe 2                2388.63A    -4.470    0.0065      Fe 2b               2.20000m    -3.681    0.0403
Ca B                2.16553m    -3.837    0.0281      Fe 2                2364.83A    -3.956    0.0214      miscellaneous...................................
Ca B                1.94456m    -4.020    0.0184      Fe 2                2332.80A    -4.890    0.0025      C 1R                1656.00A    -5.060    0.0017
Ca B                1.81741m    -4.180    0.0128      Fe 2                51.2868m    -3.641    0.0441      C 2R                1335.00A    -3.382    0.0802
Ca B                1.73621m    -4.321    0.0092      Fe 2                5.67236m    -4.444    0.0069      N 2R                1085.00A    -5.087    0.0016
Ca B                1.68065m    -4.448    0.0069      Fe 2                4.60641m    -4.192    0.0124      O 2H                3727.00A    -3.933    0.0225
Ca B                1.64072m    -4.563    0.0053      Fe 2                4.08085m    -4.889    0.0025      O 2R                3726.00A    -5.056    0.0017
Ca B                1.61093m    -4.668    0.0041      Fe 2                1.37181m    -3.858    0.0268      O 2R                3729.00A    -5.214    0.0012
Ca B                1.58805m    -4.766    0.0033      Fe 2                1.29427m    -4.154    0.0135      O 2H                7325.00A    -4.474    0.0065
Ca B                1.57007m    -4.856    0.0027      Fe 2                7686.93A    -3.844    0.0277      Blnd                1400.00A    -5.106    0.0015
Ca B                1.55565m    -4.940    0.0022      Fe 2                4728.07A    -4.523    0.0058      Blnd                1650.00A    -2.346    0.8710
Ca B                1.54389m    -5.019    0.0019      Fe 2                4514.90A    -4.938    0.0022      Blnd                1304.00A    -4.345    0.0087
Ca B                1.53418m    -5.092    0.0016      Fe 2                4488.75A    -4.687    0.0040      Blnd                1039.00A    -4.888    0.0025
Ca B                1.52605m    -5.161    0.0013      Fe 2                4413.78A    -3.523    0.0579      Blnd                2798.00A    -1.974    2.0490
Ca B                1.51919m    -5.227    0.0011      Fe 2                2631.32A    -3.350    0.0862      Blnd                6720.00A    -1.868    2.6185
Ca B                7.45782m    -3.874    0.0258      Fe 2                2617.62A    -4.269    0.0104      Blnd                4074.00A    -2.889    0.2493
Ca B                4.65251m    -4.070    0.0164      Fe 2                2607.09A    -4.327    0.0091      Blnd                1.03300m    -2.998    0.1941
Ca B                3.73954m    -4.252    0.0108      Fe 2                2404.89A    -4.229    0.0114      Blnd                1256.00A    -4.802    0.0030
Ca B                3.29609m    -4.412    0.0075      Fe 2                2399.24A    -4.654    0.0043      Blnd                1198.00A    -5.153    0.0014
Ca B                3.03837m    -4.554    0.0054      Fe 2                2395.42A    -5.079    0.0016      Blnd                1720.00A    -4.973    0.0021
Ca B                2.87221m    -4.682    0.0040      Fe 2                2380.76A    -3.602    0.0483      Blnd                3722.00A    -4.347    0.0087
Ca B                2.75752m    -4.798    0.0031      Fe 2                2348.30A    -4.717    0.0037      Blnd                2665.00A    -3.247    0.1094
Ca B                2.67440m    -4.904    0.0024      Fe 2                2327.40A    -5.053    0.0017      Blnd                1860.00A    -4.342    0.0088
Ca B                2.61194m    -5.003    0.0019      Fe 2                87.3597m    -4.511    0.0060      Blnd                2335.00A    -2.953    0.2151
Ca B                2.56363m    -5.093    0.0016      Fe 2                5.06097m    -4.850    0.0027      Blnd                1888.00A    -3.633    0.0449
Ca B                2.52540m    -5.178    0.0013      Fe 2                4.43363m    -4.718    0.0037      Blnd                1397.00A    -5.109    0.0015
Ca B                2.49458m    -5.258    0.0011      Fe 2                1.32777m    -4.338    0.0089      Blnd                3350.00A    -5.216    0.0012
Ca B                12.3685m    -4.292    0.0099      Fe 2                1.27877m    -4.458    0.0067      Blnd                5525.00A    -4.079    0.0161
Ca B                7.50045m    -4.452    0.0068      Fe 2                7665.28A    -4.386    0.0079      Blnd                8579.00A    -3.090    0.1571
Ca B                5.90660m    -4.608    0.0048      Fe 2                5006.63A    -5.085    0.0016      Blnd                7306.00A    -2.236    1.1217
Ca B                5.12726m    -4.750    0.0034      Fe 2                4639.67A    -5.198    0.0012      Blnd                3933.00A    -3.024    0.1827
Ca B                4.67124m    -4.878    0.0026      Fe 2                4528.39A    -5.215    0.0012      Blnd                1657.00A    -4.535    0.0056
Ca B                4.37526m    -4.994    0.0020      Fe 2                4452.10A    -3.716    0.0372      Blnd                9850.00A    -3.291    0.0987
Ca B                4.16966m    -5.101    0.0015      Fe 2                2631.05A    -4.249    0.0109      Blnd                2326.00A    -2.515    0.5899
Ca B                4.01977m    -5.199    0.0012      Fe 2                2613.82A    -4.633    0.0045      Blnd                1335.00A    -3.908    0.0239
Ca B                19.0567m    -4.654    0.0043      Fe 2                2410.52A    -4.705    0.0038      Blnd                1909.00A    -3.011    0.1882
Ca B                11.3056m    -4.785    0.0032      Fe 2                2406.66A    -4.774    0.0033      Blnd                1549.00A    -5.020    0.0018
Ca B                8.75768m    -4.922    0.0023      Fe 2                2404.43A    -5.053    0.0017      Blnd                3467.00A    -4.990    0.0020
Ca B                7.50606m    -5.048    0.0017      Fe 2                2359.11A    -4.870    0.0026      Blnd                5199.00A    -3.193    0.1240
Ca B                6.77015m    -5.164    0.0013      Fe 2                2338.01A    -4.989    0.0020      Blnd                1.04030m    -4.238    0.0112
Ca B                6.29020m    -5.271    0.0010      Fe 2                1.29777m    -4.789    0.0031      Blnd                1085.00A    -4.366    0.0083
Ca B                27.7958m    -4.973    0.0021      Fe 2                1.27034m    -4.655    0.0043      Blnd                2141.00A    -3.747    0.0346
Ca B                16.2047m    -5.083    0.0016      Fe 2                7874.24A    -4.895    0.0025      Blnd                1750.00A    -4.939    0.0022
Ca B                12.3838m    -5.203    0.0012      Fe 2                7733.14A    -5.033    0.0018      Blnd                990.000A    -4.805    0.0030
Ca B                38.8593m    -5.258    0.0011      Fe 2                4474.90A    -4.028    0.0181      Blnd                6300.00A    -2.457    0.6747
H  1                2430.61A    -1.287    9.9740      Fe 2                2628.29A    -4.574    0.0052      Blnd                2471.00A    -3.068    0.1651
H  1                1215.67A    -0.854   27.0073      Fe 2                2621.67A    -4.971    0.0021      Blnd                7323.00A    -3.237    0.1119
H  1                1025.72A    -4.084    0.0159      Fe 2                2413.31A    -4.965    0.0021      Blnd                7332.00A    -3.324    0.0916
H  1                972.537A    -4.181    0.0127      Fe 2                2411.07A    -4.917    0.0023      Blnd                833.000A    -4.443    0.0070
H  1                949.743A    -4.239    0.0111      Fe 2                2344.28A    -5.140    0.0014      Blnd                3727.00A    -1.512    5.9401
H  1                937.803A    -4.276    0.0102      Fe 2                17.9311m    -2.595    0.4909      Blnd                7325.00A    -2.977    0.2035
H  1                930.748A    -4.308    0.0095      Fe 2                1.64355m    -1.941    2.2148      Blnd                1666.00A    -4.576    0.0051
H  1                926.226A    -4.336    0.0089      Fe 2                1.53348m    -2.785    0.3167      Blnd                5007.00A    -1.992    1.9691
H  1                923.150A    -4.362    0.0084      Fe 2                8616.95A    -3.106    0.1513      Blnd                835.000A    -4.467    0.0066

                                                    Emergent line intensities
 Caution: emergent intensities are not reliable on the first iteration.
general properties..............................      He 1                1.27905m    -5.005    0.0019      O  1                1302.17A    -5.207    0.0012
continua........................................      He 1                1.09171m    -5.272    0.0010      O  1                1304.86A    -4.547    0.0055
FIR                 83.0000m    -2.294    0.9817      He 1                1.90894m    -5.270    0.0010      O  1                1306.03A    -4.976    0.0020
TIR                 1800.00m    -4.345    0.0087      He 1                4.03663m    -5.272    0.0010      O  1                2972.29A    -5.223    0.0012
NIRa                2.85000m    -0.378   80.9196      He 1                4.04791m    -4.915    0.0023      O  1                5577.34A    -4.274    0.0103
NIRb                3.00000m    -0.685   39.8717      He 1                2.62337m    -5.208    0.0012      O  1                6300.30A    -2.577    0.5113
MIRa                15.0000m    -0.890   24.9066      extra Lyman.....................................      O  1                6363.78A    -3.073    0.1633
MIRb                22.5000m    -0.840   27.9361      database lines..................................      O  1                63.1679m    -2.911    0.2369
NMIR                21.7500m    -0.378   80.9196      Al 3                1862.79A    -4.776    0.0032      O  1                145.495m    -4.013    0.0187
TFIR                611.250m    -3.314    0.0937      Al 3                1854.72A    -4.542    0.0055      O  2                539.086A    -4.910    0.0024
TALL                10000.0A     0.110  248.8165      Ar 2                6.98337m    -3.439    0.0703      O  2                539.547A    -4.951    0.0022
F12                 12.0000m    -1.367    8.2955      Ar 3                3109.18A    -4.797    0.0031      O  2                539.854A    -5.021    0.0018
F25                 25.0000m    -2.019    1.8471      Ar 3                5191.82A    -5.132    0.0014      O  2                832.758A    -5.052    0.0017
F60                 60.0000m    -2.409    0.7533      Ar 3                7135.79A    -2.935    0.2245      O  2                833.330A    -4.984    0.0020
F100                100.000m    -3.229    0.1141      Ar 3                7751.11A    -3.559    0.0533      O  2                834.465A    -4.961    0.0021
MIPS                24.0000m    -2.089    1.5745      Ar 3                8.98898m    -2.910    0.2376      O  2                2470.22A    -3.761    0.0335
MIPS                70.0000m    -2.876    0.2570      Ar 3                21.8253m    -4.096    0.0155      O  2                2470.34A    -3.167    0.1315
MIPS                160.000m    -3.472    0.0651      C  1                1561.44A    -5.220    0.0012      O  2                7318.92A    -3.843    0.0277
IRAC                3.60000m    -1.635    4.4717      C  1                1657.01A    -5.128    0.0014      O  2                7319.99A    -3.360    0.0843
IRAC                4.50000m    -1.600    4.8499      C  1                9824.13A    -3.892    0.0248      O  2                7329.67A    -3.621    0.0462
IRAC                5.80000m    -1.447    6.8996      C  1                9850.26A    -3.417    0.0740      O  2                7330.73A    -3.629    0.0453
IRAC                8.00000m    -1.392    7.8411      C  2                687.053A    -5.002    0.0019      O  2                3728.81A    -1.887    2.5065
SPR1                250.000m    -4.568    0.0052      C  2                858.559A    -5.269    0.0010      O  2                3726.03A    -1.750    3.4336
SPR2                350.000m    -4.683    0.0040      C  2                903.623A    -5.010    0.0019      O  3                88.3323m    -3.328    0.0908
SPR3                500.000m    -4.743    0.0035      C  2                903.962A    -4.933    0.0023      O  3                51.8004m    -2.766    0.3312
PAC1                70.0000m    -2.868    0.2619      C  2                904.142A    -4.834    0.0028      O  3                4958.91A    -2.582    0.5061
PAC2                100.000m    -3.148    0.1373      C  2                904.480A    -4.997    0.0019      O  3                2320.95A    -5.076    0.0016
PAC3                160.000m    -3.439    0.0703      C  2                1036.34A    -4.809    0.0030      O  3                1660.81A    -5.118    0.0015
PAH                 3.30000m    -2.485    0.6316      C  2                1037.02A    -4.742    0.0035      O  3                702.838A    -5.250    0.0011
PAHC                3.23000m    -2.763    0.3332      C  2                1334.53A    -4.532    0.0057      O  3                507.680A    -5.107    0.0015
PAHC                3.37000m    -2.802    0.3047      C  2                1335.66A    -4.536    0.0056      O  3                5006.84A    -2.121    1.4628
PAH                 6.20000m    -2.066    1.6590      C  2                1335.71A    -4.186    0.0126      O  3                1666.15A    -4.723    0.0037
PAHC                5.65000m    -2.028    1.8128      C  2                2323.50A    -3.841    0.0279      O  3                835.289A    -5.251    0.0011
PAH                 7.90000m    -1.871    2.5998      C  2                2324.69A    -3.623    0.0461      O  3                703.854A    -5.099    0.0015
PAHC                6.90000m    -1.773    3.2551      C  2                2325.40A    -2.816    0.2952      O  3                508.178A    -4.724    0.0036
PAH                 11.3000m    -2.613    0.4707      C  2                2326.93A    -3.059    0.1687      O  3                4363.21A    -4.449    0.0069
PAHC                10.9000m    -2.537    0.5607      C  2                2328.12A    -3.569    0.0521      P  2                60.6263m    -4.980    0.0020
PAH                 11.8000m    -2.479    0.6411      C  2                157.636m    -3.677    0.0406      P  2                32.8620m    -4.279    0.0102
PAHC                12.6500m    -2.408    0.7553      C  3                1908.73A    -3.401    0.0767      P  2                1.14682m    -3.891    0.0248
PAH                 13.3000m    -2.628    0.4551      C  3                1906.68A    -3.239    0.1115      P  2                1.18828m    -3.468    0.0658
PAHC                14.1000m    -2.707    0.3793      C  3                977.020A    -4.501    0.0061      P  2                7875.99A    -4.895    0.0025
Bcon                3640.00A    -0.316   93.3617      C  3                386.203A    -5.085    0.0016      P  3                17.8797m    -4.794    0.0031
Pcon                5000.00A    -0.619   46.4117      Ca 1                4226.73A    -5.180    0.0013      S  1                25.2421m    -5.191    0.0012
O3bn                5007.00A    -1.934    2.2499      Ca 4                3.20610m    -4.511    0.0060      S  2                6730.82A    -2.118    1.4732
SX                  25.0000A    -1.857    2.6850      Co 2                10.5199m    -4.663    0.0042      S  2                6716.44A    -2.227    1.1452
HX                  4.70000A    -1.554    5.3926      Co 2                2.98382m    -5.029    0.0018      S  2                4076.35A    -3.505    0.0604
ROSA                12.3980A    -1.411    7.4963      Co 2                14.7345m    -4.770    0.0033      S  2                4068.60A    -3.010    0.1889
RRC.............................................      Co 2                1.01879m    -4.252    0.0108      S  2                1.03364m    -3.643    0.0439
grains..........................................      Co 2                1.12804m    -5.223    0.0012      S  2                1.02867m    -3.636    0.0447
H-like iso-sequence.............................      Co 2                1.54700m    -4.497    0.0061      S  2                1.03705m    -3.965    0.0209
H  1                1215.67A    -0.855   26.9937      Co 2                9342.40A    -5.094    0.0016      S  2                1.03205m    -3.502    0.0608
H  1                1025.72A    -4.084    0.0159      Co 3                11.8845m    -5.221    0.0012      S  2                1259.52A    -5.199    0.0012
H  1                972.537A    -4.182    0.0127      Cr 2                8000.08A    -4.224    0.0115      S  2                1253.81A    -5.257    0.0011
H  1                949.743A    -4.239    0.0111      Cr 2                8125.30A    -4.293    0.0098      S  3                33.4704m    -2.850    0.2728
H  1                937.803A    -4.276    0.0102      Cr 2                8229.67A    -4.387    0.0079      S  3                18.7078m    -2.619    0.4639
H  1                930.748A    -4.308    0.0095      Cr 2                8308.49A    -4.574    0.0052      S  3                9068.62A    -2.783    0.3181
H  1                926.226A    -4.336    0.0089      Cr 2                8357.64A    -4.869    0.0026      S  3                9530.62A    -2.383    0.7990
H  1                923.150A    -4.362    0.0084      Fe 2                25.9813m    -2.417    0.7390      S  3                3721.63A    -4.353    0.0086
H  1                920.963A    -4.389    0.0079      Fe 2                5.33871m    -2.018    1.8520      S  3                6312.06A    -4.079    0.0161
H  1                919.351A    -4.435    0.0071      Fe 2                4.11387m    -3.969    0.0207      S  3                1728.94A    -5.105    0.0015
H  1                918.129A    -4.451    0.0068      Fe 2                1.25668m    -3.118    0.1471      Si 2                34.8046m    -2.153    1.3582
H  1                917.181A    -4.466    0.0066      Fe 2                4632.28A    -4.092    0.0156      Si 2                2334.41A    -4.018    0.0185
H  1                916.429A    -4.480    0.0064      Fe 2                4416.27A    -4.027    0.0181      Si 2                2328.52A    -4.568    0.0052
H  1                915.824A    -4.492    0.0062      Fe 2                4382.74A    -5.015    0.0019      Si 2                1808.01A    -3.866    0.0263
H  1                915.329A    -4.502    0.0061      Fe 2                4287.39A    -3.241    0.1108      Si 2                1526.71A    -4.768    0.0033
H  1                914.919A    -4.511    0.0060      Fe 2                3175.38A    -5.044    0.0017      Si 2                1304.37A    -5.193    0.0012
H  1                914.576A    -4.518    0.0059      Fe 2                2599.40A    -3.915    0.0235      Si 2                1260.42A    -4.904    0.0024
H  1                914.286A    -4.523    0.0058      Fe 2                2585.88A    -4.728    0.0036      Si 2                1193.29A    -5.040    0.0018
H  1                914.039A    -4.524    0.0058      Fe 2                2382.04A    -3.038    0.1771      Si 2                1190.42A    -5.116    0.0015
H  1                913.826A    -4.521    0.0058      Fe 2                2373.74A    -4.755    0.0034      Si 2                2350.17A    -3.894    0.0247
H  1                6562.80A    -1.839    2.8010      Fe 2                2343.50A    -4.849    0.0027      Si 2                2344.20A    -3.420    0.0735
H  1                4861.32A    -2.286    1.0000      Fe 2                35.3391m    -3.050    0.1723      Si 2                2334.60A    -3.316    0.0932
H  1                4340.46A    -2.613    0.4713      Fe 2                6.71944m    -3.158    0.1343      Si 2                1817.45A    -4.139    0.0140
H  1                4101.73A    -2.870    0.2608      Fe 2                4.88781m    -3.633    0.0450      Si 2                1816.93A    -3.537    0.0561
H  1                3970.07A    -3.080    0.1605      Fe 2                4.07521m    -4.392    0.0078      Si 2                1533.43A    -4.437    0.0071
H  1                3889.05A    -3.260    0.1063      Fe 2                1.32055m    -3.615    0.0469      Si 2                1309.28A    -4.865    0.0026
H  1                3835.38A    -3.416    0.0742      Fe 2                1.24854m    -4.369    0.0083      Si 2                1265.00A    -4.722    0.0037
H  1                3797.90A    -3.554    0.0540      Fe 2                7637.52A    -3.695    0.0389      Si 2                1264.74A    -4.710    0.0038
H  1                3770.63A    -3.545    0.0551      Fe 2                4889.62A    -3.934    0.0225      Si 2                1197.39A    -4.813    0.0030
H  1                3750.15A    -3.649    0.0434      Fe 2                4716.37A    -4.970    0.0021      Si 2                1194.50A    -4.713    0.0037
H  1                3734.37A    -3.744    0.0348      Fe 2                4687.56A    -5.105    0.0015      Si 3                1892.03A    -4.008    0.0190
H  1                3721.94A    -3.832    0.0285      Fe 2                4492.64A    -4.897    0.0024      Si 3                1882.71A    -3.872    0.0260
H  1                3711.97A    -3.913    0.0236      Fe 2                4457.95A    -4.313    0.0094      Si 3                1206.50A    -4.884    0.0025
H  1                3703.85A    -3.988    0.0199      Fe 2                4432.45A    -5.136    0.0014      Al 2                2669.15A    -3.605    0.0480
H  1                3697.15A    -4.057    0.0169      Fe 2                4359.33A    -3.372    0.0820      Al 2                2660.35A    -3.497    0.0615
H  1                3691.55A    -4.122    0.0146      Fe 2                2625.67A    -2.709    0.3772      Al 2                1670.79A    -4.187    0.0126
H  1                3686.83A    -4.180    0.0128      Fe 2                2611.87A    -3.607    0.0478      C  4                1548.19A    -5.219    0.0012
H  1                3682.81A    -4.232    0.0113      Fe 2                2598.37A    -4.405    0.0076      Ca 2                7323.89A    -2.637    0.4455
H  1                3679.35A    -4.277    0.0102      Fe 2                2395.63A    -3.645    0.0437      Ca 2                7291.47A    -2.456    0.6761
H  1                1.87510m    -2.792    0.3116      Fe 2                2388.63A    -4.470    0.0065      Ca 2                3968.47A    -3.392    0.0784
H  1                1.28181m    -3.087    0.1582      Fe 2                2364.83A    -3.956    0.0214      Ca 2                8662.14A    -3.631    0.0452
H  1                1.09381m    -3.337    0.0890      Fe 2                2332.80A    -4.890    0.0025      Ca 2                3933.66A    -3.267    0.1044
H  1                1.00494m    -3.545    0.0550      Fe 2                51.2868m    -3.641    0.0441      Ca 2                8498.02A    -4.230    0.0114
H  1                9545.97A    -3.724    0.0365      Fe 2                5.67236m    -4.444    0.0069      Ca 2                8542.09A    -3.283    0.1006
H  1                9229.02A    -3.880    0.0255      Fe 2                4.60641m    -4.192    0.0124      Cl 2                14.3639m    -3.840    0.0279
H  1                9014.91A    -4.018    0.0185      Fe 2                4.08085m    -4.889    0.0025      Cl 2                33.2721m    -4.973    0.0021
H  1                8862.79A    -4.060    0.0168      Fe 2                1.37181m    -3.858    0.0268      Cl 2                8578.70A    -3.588    0.0499
H  1                8750.48A    -4.163    0.0133      Fe 2                1.29427m    -4.154    0.0135      Cl 2                9123.60A    -4.173    0.0130
H  1                8665.02A    -4.258    0.0107      Fe 2                7686.93A    -3.844    0.0277      Cl 3                5537.87A    -4.388    0.0079
H  1                8598.40A    -4.346    0.0087      Fe 2                4728.07A    -4.523    0.0058      Cl 3                5517.71A    -4.372    0.0082
H  1                8545.39A    -4.427    0.0072      Fe 2                4514.90A    -4.938    0.0022      Fe 4                3094.96A    -5.010    0.0019
H  1                8502.49A    -4.502    0.0061      Fe 2                4488.75A    -4.687    0.0040      Fe 4                2835.74A    -4.181    0.0127
H  1                8467.26A    -4.571    0.0052      Fe 2                4413.78A    -3.523    0.0579      Fe 4                2829.36A    -4.442    0.0070
H  1                8437.96A    -4.635    0.0045      Fe 2                2631.32A    -3.350    0.0862      Fe 4                2567.61A    -5.103    0.0015
H  1                8413.32A    -4.694    0.0039      Fe 2                2617.62A    -4.269    0.0104      Mg 2                2802.71A    -2.448    0.6888
H  1                8392.40A    -4.746    0.0035      Fe 2                2607.09A    -4.327    0.0091      Mg 2                2795.53A    -2.152    1.3602
H  1                8374.48A    -4.790    0.0031      Fe 2                2404.89A    -4.229    0.0114      Mg 4                4.48711m    -5.211    0.0012
H  1                4.05115m    -3.441    0.0700      Fe 2                2399.24A    -4.654    0.0043      N  2                205.283m    -4.827    0.0029
H  1                2.62515m    -3.660    0.0423      Fe 2                2395.42A    -5.079    0.0016      N  2                121.769m    -3.917    0.0234
H  1                2.16553m    -3.862    0.0265      Fe 2                2380.76A    -3.602    0.0483      N  2                6548.05A    -2.354    0.8555
H  1                1.94456m    -4.039    0.0176      Fe 2                2348.30A    -4.717    0.0037      N  2                6583.45A    -1.884    2.5219
H  1                1.81741m    -4.195    0.0123      Fe 2                2327.40A    -5.053    0.0017      N  2                3062.83A    -5.072    0.0016
H  1                1.73621m    -4.334    0.0090      Fe 2                87.3597m    -4.511    0.0060      N  2                5754.59A    -3.791    0.0312
H  1                1.68065m    -4.429    0.0072      Fe 2                5.06097m    -4.850    0.0027      N  2                2139.01A    -4.286    0.0100
H  1                1.64072m    -4.532    0.0057      Fe 2                4.43363m    -4.718    0.0037      N  2                2142.77A    -3.895    0.0246
H  1                1.61093m    -4.627    0.0046      Fe 2                1.32777m    -4.338    0.0089      N  2                1085.70A    -4.980    0.0020
H  1                1.58805m    -4.714    0.0037      Fe 2                1.27877m    -4.458    0.0067      N  2                1084.58A    -5.028    0.0018
H  1                1.57007m    -4.795    0.0031      Fe 2                7665.28A    -4.386    0.0079      N  2                1085.55A    -5.135    0.0014
H  1                1.55565m    -4.870    0.0026      Fe 2                5006.63A    -5.085    0.0016      N  2                1083.99A    -5.079    0.0016
H  1                1.54389m    -4.939    0.0022      Fe 2                4639.67A    -5.198    0.0012      N  2                1084.56A    -5.187    0.0013
H  1                1.53418m    -5.003    0.0019      Fe 2                4528.39A    -5.215    0.0012      N  2                915.612A    -5.050    0.0017
H  1                1.52605m    -5.061    0.0017      Fe 2                4452.10A    -3.716    0.0372      N  2                916.020A    -5.219    0.0012
H  1                1.51919m    -5.113    0.0015      Fe 2                2631.05A    -4.249    0.0109      N  2                916.710A    -5.211    0.0012
H  1                1.51332m    -5.158    0.0013      Fe 2                2613.82A    -4.633    0.0045      N  2                916.012A    -5.132    0.0014
H  1                7.45782m    -3.959    0.0213      Fe 2                2410.52A    -4.705    0.0038      N  2                916.701A    -4.948    0.0022
H  1                4.65251m    -4.126    0.0144      Fe 2                2406.66A    -4.774    0.0033      N  2                915.962A    -5.034    0.0018
H  1                3.73954m    -4.295    0.0098      Fe 2                2404.43A    -5.053    0.0017      N  3                57.3238m    -3.785    0.0317
H  1                3.29609m    -4.447    0.0069      Fe 2                2359.11A    -4.870    0.0026      N  3                989.799A    -5.234    0.0011
H  1                3.03837m    -4.584    0.0050      Fe 2                2338.01A    -4.989    0.0020      N  3                991.577A    -5.170    0.0013
H  1                2.87221m    -4.718    0.0037      Fe 2                1.29777m    -4.789    0.0031      N  3                685.817A    -5.133    0.0014
H  1                2.75752m    -4.821    0.0029      Fe 2                1.27034m    -4.655    0.0043      Na 3                7.31570m    -4.136    0.0141
H  1                2.67440m    -4.915    0.0024      Fe 2                7874.24A    -4.895    0.0025      Ni 2                1.19102m    -3.693    0.0392
H  1                2.61194m    -5.001    0.0019      Fe 2                7733.14A    -5.034    0.0018      Ni 2                6.63416m    -3.360    0.0843
H  1                2.56363m    -5.082    0.0016      Fe 2                4474.90A    -4.028    0.0181      Ni 2                1.07151m    -3.963    0.0210
H  1                2.52540m    -5.157    0.0013      Fe 2                2628.29A    -4.574    0.0052      Ni 2                10.6793m    -3.601    0.0485
H  1                2.49458m    -5.226    0.0011      Fe 2                2621.67A    -4.971    0.0021      Ni 2                1.16130m    -4.809    0.0030
H  1                12.3685m    -4.394    0.0078      Fe 2                2413.31A    -4.965    0.0021      Ni 2                12.7253m    -4.346    0.0087
H  1                7.50045m    -4.525    0.0058      Fe 2                2411.07A    -4.917    0.0023      Ni 2                1.09177m    -5.180    0.0013
H  1                5.90660m    -4.667    0.0042      Fe 2                2344.28A    -5.140    0.0014      Ni 2                18.2355m    -5.147    0.0014
H  1                5.12726m    -4.800    0.0031      Fe 2                17.9311m    -2.595    0.4909      Ni 2                7377.83A    -2.958    0.2129
H  1                4.67124m    -4.957    0.0021      Fe 2                1.64355m    -1.941    2.2148      Ni 2                8300.99A    -4.254    0.0108
H  1                4.37526m    -5.058    0.0017      Fe 2                1.53348m    -2.785    0.3167      Ni 2                1.93877m    -3.666    0.0417
H  1                4.16966m    -5.151    0.0014      Fe 2                8616.95A    -3.106    0.1513      Ni 2                2.36883m    -4.952    0.0022
H  1                4.01977m    -5.238    0.0011      Fe 2                7155.17A    -2.744    0.3486      Ni 2                2.91064m    -4.621    0.0046
H  1                19.0567m    -4.769    0.0033      Fe 2                6896.17A    -4.520    0.0058      Ni 2                6666.80A    -4.381    0.0080
H  1                11.3056m    -4.874    0.0026      Fe 2                5413.37A    -4.519    0.0058      Ni 2                7411.61A    -4.163    0.0133
H  1                8.75768m    -4.996    0.0020      Fe 2                5273.36A    -3.448    0.0688      Ni 2                4326.24A    -4.246    0.0110
H  1                7.50606m    -5.161    0.0013      Fe 2                5158.79A    -2.803    0.3043      Ni 2                4628.05A    -4.668    0.0041
H  1                6.77015m    -5.261    0.0011      Fe 2                5111.64A    -3.744    0.0348      Ni 2                7255.82A    -4.601    0.0048
H  1                27.7958m    -5.099    0.0015      Fe 2                5072.41A    -3.512    0.0595      Ni 2                1.04597m    -5.085    0.0016
H  1                16.2047m    -5.185    0.0013      Fe 2                5039.10A    -4.878    0.0026      Ni 2                1.23230m    -5.112    0.0015
He 2                303.784A    -1.903    2.4171      Fe 2                4814.54A    -3.769    0.0328      Ni 2                4201.17A    -4.565    0.0053
He 2                256.317A    -4.389    0.0079      Fe 2                4774.73A    -4.227    0.0114      Ni 2                4485.21A    -5.018    0.0019
He 2                243.027A    -4.505    0.0060      Fe 2                4243.97A    -3.202    0.1213      Ni 2                7307.65A    -4.913    0.0024
He 2                237.331A    -4.561    0.0053      Fe 2                4177.20A    -4.281    0.0101      Ni 2                7612.72A    -5.241    0.0011
He 2                234.347A    -4.597    0.0049      Fe 2                4114.48A    -5.168    0.0013      Ni 2                4033.04A    -4.842    0.0028
He 2                232.584A    -4.630    0.0045      Fe 2                3387.09A    -4.791    0.0031      Ni 2                4294.09A    -4.962    0.0021
He 2                231.454A    -4.645    0.0044      Fe 2                3376.20A    -4.014    0.0187      Ni 2                6813.57A    -4.984    0.0020
He 2                230.686A    -4.677    0.0041      Fe 2                2732.45A    -4.586    0.0050      Ni 2                3993.06A    -4.399    0.0077
He 2                230.139A    -4.705    0.0038      Fe 2                2493.30A    -3.315    0.0936      Ni 2                4248.80A    -4.875    0.0026
He 2                229.736A    -4.679    0.0040      Fe 2                2484.20A    -4.935    0.0022      Ni 2                6365.10A    -4.873    0.0026
He 2                229.431A    -4.690    0.0039      Fe 2                2348.12A    -5.192    0.0012      Ni 2                3438.88A    -4.705    0.0038
He 2                229.194A    -4.700    0.0039      Fe 2                24.5126m    -3.233    0.1131      Ni 2                3626.89A    -5.012    0.0019
He 2                229.006A    -4.710    0.0038      Fe 2                1.80940m    -2.541    0.5554      O  4                25.8863m    -3.909    0.0238
He 2                228.855A    -4.718    0.0037      Fe 2                1.67688m    -3.211    0.1189      S  4                10.5076m    -3.990    0.0198
He 2                228.731A    -4.725    0.0036      Fe 2                1.59948m    -3.181    0.1272      level 1 lines...................................
He 2                228.629A    -4.731    0.0036      Fe 2                9051.95A    -2.947    0.2180      recombination...................................
He 2                228.543A    -4.735    0.0036      Fe 2                8891.93A    -3.443    0.0696      level2 lines....................................
He 2                228.471A    -4.738    0.0035      Fe 2                7452.56A    -3.236    0.1123      C  1                943.939A    -5.069    0.0016
He 2                228.409A    -4.738    0.0035      Fe 2                7172.00A    -3.475    0.0647      C  1                1247.50A    -5.116    0.0015
He 2                228.356A    -4.732    0.0036      Fe 2                6275.53A    -5.146    0.0014      C  1                1314.77A    -5.154    0.0014
He 2                1640.41A    -2.348    0.8659      Fe 2                5527.36A    -3.627    0.0456      C  1                1165.98A    -5.242    0.0011
He 2                1215.13A    -2.825    0.2891      Fe 2                5433.15A    -3.962    0.0211      C  1                1233.29A    -5.262    0.0011
He 2                1084.94A    -3.164    0.1323      Fe 2                5261.63A    -3.217    0.1171      C  2                596.559A    -4.944    0.0022
He 2                1025.27A    -3.424    0.0728      Fe 2                5220.08A    -4.515    0.0059      C  2                561.959A    -5.001    0.0019
He 2                992.358A    -3.635    0.0448      Fe 2                5184.80A    -4.343    0.0088      C  2                530.721A    -5.033    0.0018
He 2                972.106A    -3.812    0.0298      Fe 2                5158.01A    -4.278    0.0102      C  2                544.909A    -5.048    0.0017
He 2                958.693A    -3.965    0.0210      Fe 2                4947.39A    -3.713    0.0374      C  2                535.300A    -5.063    0.0017
He 2                949.323A    -4.099    0.0154      Fe 2                4905.35A    -4.082    0.0160      C  2                550.361A    -5.146    0.0014
He 2                942.507A    -3.948    0.0218      Fe 2                4874.50A    -4.154    0.0135      C  2                467.460A    -5.272    0.0010
He 2                937.389A    -4.042    0.0175      Fe 2                4346.86A    -3.830    0.0286      C  3                271.090A    -5.247    0.0011
He 2                933.444A    -4.128    0.0144      Fe 2                4276.84A    -3.742    0.0350      N  1                942.258A    -5.020    0.0018
He 2                930.337A    -4.207    0.0120      Fe 2                4244.82A    -4.456    0.0068      N  2                532.161A    -4.912    0.0024
He 2                927.846A    -4.280    0.0101      Fe 2                4211.11A    -5.102    0.0015      N  2                634.441A    -4.976    0.0020
He 2                925.816A    -4.348    0.0087      Fe 2                3455.11A    -4.868    0.0026      N  2                475.141A    -5.016    0.0019
He 2                924.142A    -4.411    0.0075      Fe 2                3452.31A    -4.586    0.0050      N  2                528.139A    -5.028    0.0018
He 2                922.743A    -4.469    0.0066      Fe 2                3440.99A    -4.493    0.0062      N  2                452.970A    -5.106    0.0015
He 2                921.562A    -4.522    0.0058      Fe 2                2362.02A    -5.211    0.0012      N  2                441.950A    -5.147    0.0014
He 2                920.556A    -4.569    0.0052      Fe 2                35.7675m    -3.983    0.0201      N  2                474.291A    -5.152    0.0014
He 2                919.693A    -4.607    0.0048      Fe 2                1.95361m    -3.452    0.0682      N  2                437.731A    -5.177    0.0013
He 2                4685.68A    -3.225    0.1152      Fe 2                1.80002m    -3.226    0.1147      N  2                452.610A    -5.279    0.0010
He 2                3203.08A    -3.551    0.0543      Fe 2                1.71113m    -3.859    0.0267      O  1                867.303A    -5.282    0.0010
He 2                2733.28A    -3.817    0.0294      Fe 2                1.66377m    -3.472    0.0651      O  1                976.791A    -4.913    0.0024
He 2                2511.19A    -4.034    0.0179      Fe 2                9399.04A    -3.369    0.0825      O  1                969.049A    -4.971    0.0021
He 2                2385.39A    -4.216    0.0117      Fe 2                9226.63A    -3.387    0.0793      O  1                946.387A    -5.010    0.0019
He 2                2306.18A    -4.374    0.0082      Fe 2                9033.49A    -4.055    0.0170      O  1                934.501A    -5.042    0.0018
He 2                2252.67A    -4.512    0.0059      Fe 2                7388.17A    -3.595    0.0490      O  1                973.577A    -5.057    0.0017
He 2                2214.65A    -4.463    0.0067      Fe 2                6440.41A    -4.261    0.0106      O  1                927.472A    -5.072    0.0016
He 2                2186.59A    -4.556    0.0054      Fe 2                5654.87A    -4.587    0.0050      O  1                948.506A    -5.110    0.0015
He 2                2165.23A    -4.641    0.0044      Fe 2                5556.31A    -4.632    0.0045      O  1                922.969A    -5.107    0.0015
He 2                2148.58A    -4.720    0.0037      Fe 2                5412.67A    -4.482    0.0064      O  1                919.912A    -5.141    0.0014
He 2                2135.34A    -4.794    0.0031      Fe 2                5333.66A    -3.527    0.0575      O  1                935.672A    -5.168    0.0013
He 2                2124.61A    -4.862    0.0027      Fe 2                5296.84A    -4.742    0.0035      O  1                917.726A    -5.178    0.0013
He 2                2115.81A    -4.924    0.0023      Fe 2                5268.89A    -4.448    0.0069      O  1                918.704A    -5.208    0.0012
He 2                2108.49A    -4.982    0.0020      Fe 2                5107.96A    -5.059    0.0017      O  1                928.186A    -5.230    0.0011
He 2                2102.33A    -5.035    0.0018      Fe 2                5049.30A    -3.887    0.0251      O  1                917.473A    -5.250    0.0011
He 2                2097.10A    -5.081    0.0016      Fe 2                5005.52A    -3.959    0.0212      O  2                425.190A    -4.772    0.0033
He 2                2092.63A    -5.120    0.0015      Fe 2                4973.40A    -4.255    0.0107      O  2                388.410A    -4.830    0.0029
He 2                1.01235m    -3.836    0.0282      Fe 2                4950.76A    -4.503    0.0061      O  2                373.600A    -4.884    0.0025
He 2                6560.01A    -4.076    0.0162      Fe 2                4352.79A    -4.058    0.0169      O  2                361.821A    -4.909    0.0024
He 2                5411.45A    -4.293    0.0098      Fe 2                4319.62A    -4.226    0.0115      O  2                366.060A    -4.923    0.0023
He 2                4859.26A    -4.478    0.0064      Fe 2                4305.90A    -4.825    0.0029      O  2                360.570A    -4.990    0.0020
He 2                4541.54A    -4.639    0.0044      Fe 2                3504.51A    -5.171    0.0013      O  2                414.619A    -5.058    0.0017
He 2                4338.62A    -4.780    0.0032      Fe 2                3504.02A    -5.055    0.0017      O  2                358.780A    -5.091    0.0016
He 2                4199.78A    -4.832    0.0028      Fe 2                3501.63A    -4.621    0.0046      O  2                356.930A    -5.093    0.0016
He 2                4099.99A    -4.925    0.0023      Fe 2                2.06648m    -4.846    0.0028      O  2                355.610A    -5.123    0.0015
He 2                4025.55A    -5.010    0.0019      Fe 2                1.89541m    -3.962    0.0211      O  2                384.420A    -5.244    0.0011
He 2                3968.39A    -5.089    0.0016      Fe 2                1.79711m    -3.512    0.0593      O  3                305.400A    -4.784    0.0032
He 2                3923.44A    -5.162    0.0013      Fe 2                1.74494m    -3.795    0.0310      O  3                268.070A    -4.951    0.0022
He 2                3887.40A    -5.229    0.0011      Fe 2                9652.70A    -4.218    0.0117      O  3                263.850A    -4.965    0.0021
He 2                1.86365m    -4.335    0.0089      Fe 2                9470.94A    -3.777    0.0323      O  3                373.640A    -4.984    0.0020
He 2                1.16262m    -4.515    0.0059      Fe 2                9267.56A    -3.751    0.0343      O  3                265.020A    -5.000    0.0019
He 2                9344.80A    -4.693    0.0039      Fe 2                6558.51A    -4.475    0.0065      O  3                248.730A    -5.014    0.0019
He 2                8236.67A    -4.852    0.0027      Fe 2                5745.71A    -4.958    0.0021      O  3                241.200A    -5.081    0.0016
He 2                7592.65A    -4.994    0.0020      Fe 2                5495.84A    -4.758    0.0034      O  3                248.620A    -5.148    0.0014
He 2                7177.41A    -5.121    0.0015      Fe 2                5376.47A    -3.853    0.0271      O  3                236.890A    -5.155    0.0014
He 2                6890.80A    -5.213    0.0012      Fe 2                5347.66A    -4.954    0.0021      O  3                234.190A    -5.226    0.0011
He 2                3.09080m    -4.762    0.0033      Fe 2                5181.96A    -4.905    0.0024      O  3                276.900A    -5.240    0.0011
He 2                1.87431m    -4.898    0.0024      Fe 2                5076.57A    -4.563    0.0053      O  3                241.140A    -5.254    0.0011
He 2                1.47602m    -5.046    0.0017      Fe 2                5043.53A    -4.462    0.0067      O  3                280.450A    -5.285    0.0010
He 2                1.28127m    -5.183    0.0013      Fe 2                5020.24A    -4.480    0.0064      Ne 2                444.150A    -5.225    0.0012
He 2                4.76213m    -5.135    0.0014      Fe 2                4372.43A    -4.500    0.0061      Ne 2                356.870A    -5.201    0.0012
He 2                2.82519m    -5.239    0.0011      Fe 2                4358.37A    -4.508    0.0060      Ne 2                461.050A    -5.269    0.0010
He-like iso-sequence............................      Fe 2                3539.19A    -4.875    0.0026      Ne 3                250.920A    -4.985    0.0020
He 1                584.334A    -3.187    0.1255      Fe 2                3538.69A    -5.196    0.0012      Ne 3                227.420A    -4.950    0.0022
He 1                537.030A    -4.186    0.0126      Fe 2                5163.96A    -4.530    0.0057      Ne 3                218.360A    -5.258    0.0011
He 1                522.213A    -4.336    0.0089      Fe 2                3277.35A    -4.680    0.0040      Ne 3                223.310A    -5.204    0.0012
He 1                515.617A    -4.432    0.0071      Fe 2                2926.59A    -4.701    0.0038      Ne 3                228.870A    -5.066    0.0017
He 1                512.099A    -4.507    0.0060      Fe 2                2755.74A    -3.858    0.0268      Ne 3                281.580A    -5.085    0.0016
He 1                625.563A    -1.995    1.9551      Fe 2                2739.55A    -4.014    0.0187      Ne 3                227.190A    -5.044    0.0017
He 1                510.018A    -4.589    0.0050      Fe 2                2716.70A    -4.900    0.0024      Ne 3                265.510A    -5.149    0.0014
He 1                508.657A    -4.620    0.0046      Fe 2                1.00287m    -4.636    0.0045      Mg 3                183.540A    -5.268    0.0010
He 1                507.727A    -4.647    0.0044      Fe 2                5746.98A    -4.833    0.0028      Si 2                1179.59A    -4.623    0.0046
He 1                507.065A    -4.672    0.0041      Fe 2                5283.12A    -5.139    0.0014      Si 2                993.354A    -5.036    0.0018
He 1                506.576A    -4.696    0.0039      Fe 2                2772.73A    -4.062    0.0167      Si 2                1024.03A    -5.217    0.0012
He 1                506.204A    -4.721    0.0037      Fe 2                2749.32A    -4.855    0.0027      S  2                750.323A    -5.105    0.0015
He 1                505.916A    -4.746    0.0035      Fe 2                2.04602m    -4.581    0.0051      S  2                632.711A    -5.280    0.0010
He 1                505.687A    -4.771    0.0033      Fe 2                1.41956m    -5.000    0.0019      S  3                667.049A    -5.085    0.0016
He 1                505.502A    -4.796    0.0031      Fe 2                5580.82A    -5.068    0.0017      S  3                691.219A    -5.216    0.0012
He 1                505.352A    -4.822    0.0029      Fe 2                5551.32A    -4.807    0.0030      Ar 3                458.140A    -5.146    0.0014
He 1                505.227A    -4.847    0.0027      Fe 2                2.13278m    -4.836    0.0028      Ar 3                464.671A    -5.264    0.0011
He 1                505.122A    -4.872    0.0026      Fe 2                5613.27A    -5.023    0.0018      Ca 3                351.260A    -5.029    0.0018
He 1                505.033A    -4.895    0.0025      Fe 2                2.24366m    -5.174    0.0013      P  2                963.828A    -5.237    0.0011
He 1                504.958A    -4.976    0.0020      Fe 2                2.00672m    -4.611    0.0047      Ti 2                3364.74A    -3.974    0.0205
He 1                504.893A    -4.977    0.0020      Fe 2                2.22379m    -3.758    0.0338      Ti 2                3237.15A    -4.216    0.0118
He 1                504.836A    -4.963    0.0021      Fe 2                2.01513m    -4.401    0.0077      Cr 2                2059.78A    -4.561    0.0053
He 1                504.787A    -5.022    0.0018      Fe 2                9682.08A    -4.429    0.0072      Ni 2                1751.83A    -5.115    0.0015
He 1                504.744A    -4.982    0.0020      Fe 2                8715.81A    -4.979    0.0020      Ni 2                1744.24A    -4.988    0.0020
He 1                504.706A    -4.917    0.0023      Fe 2                6873.84A    -4.759    0.0034      hyperfine structure.............................
He 1                504.672A    -4.140    0.0140      Fe 2                6188.55A    -4.745    0.0035      inner shell.....................................
He 1                1.08291m    -3.853    0.0271      Fe 2                2.25348m    -4.918    0.0023      molecules.......................................
He 1                1.08302m    -3.254    0.1076      Fe 2                1.00139m    -5.221    0.0012      bands...........................................
He 1                1.08303m    -2.934    0.2246      Fe 2                1.71482m    -5.037    0.0018      Fe 2b               2500.00A    -2.238    1.1177
Blnd                1.08302m    -2.730    0.3592      Fe 2                5169.03A    -4.873    0.0026      Fe 2b               5000.00A    -2.059    1.6852
He 1                3888.64A    -3.270    0.1038      Fe 3                22.9190m    -2.670    0.4125      Fe 2b               7000.00A    -2.447    0.6903
He 1                3187.74A    -3.669    0.0414      Fe 3                4985.87A    -3.924    0.0230      Fe 2b               10000.0A    -1.607    4.7794
He 1                2945.10A    -3.984    0.0200      Fe 3                4924.54A    -4.280    0.0101      Fe 2b               2355.00A    -2.736    0.3544
He 1                2829.08A    -4.239    0.0111      Fe 3                4881.00A    -3.222    0.1159      Fe 2b               2430.00A    -2.269    1.0397
He 1                2760.44A    -4.815    0.0030      Fe 3                4658.05A    -2.801    0.3055      Fe 2b               2445.00A    -2.269    1.0397
He 1                2721.00A    -4.963    0.0021      Fe 3                4607.03A    -4.058    0.0169      Fe 2b               2495.00A    -3.302    0.0963
He 1                2694.61A    -5.095    0.0016      Fe 3                4070.71A    -4.992    0.0020      Fe 2b               2610.00A    -2.516    0.5888
He 1                2676.05A    -5.216    0.0012      Fe 3                4008.35A    -3.950    0.0217      Fe 2b               2695.00A    -4.900    0.0024
He 1                2.05813m    -4.104    0.0152      Fe 3                3322.54A    -3.813    0.0297      Fe 2b               2758.00A    -3.438    0.0705
He 1                5015.68A    -3.902    0.0242      Fe 3                3239.74A    -3.879    0.0255      Fe 2b               2780.00A    -3.419    0.0735
He 1                3964.73A    -4.296    0.0098      Fe 3                2438.29A    -4.337    0.0089      Fe 2b               2935.00A    -4.586    0.0050
He 1                3613.64A    -4.606    0.0048      Fe 3                1576.66A    -5.168    0.0013      Fe 2b               2960.00A    -4.638    0.0044
He 1                3447.59A    -4.865    0.0026      Fe 3                33.0270m    -3.227    0.1145      Fe 2b               3180.00A    -4.307    0.0095
He 1                7065.71A    -4.798    0.0031      Fe 3                5270.40A    -3.046    0.1738      Fe 2b               3250.00A    -3.789    0.0314
He 1                7065.21A    -4.321    0.0092      Fe 3                5032.68A    -5.086    0.0016      Fe 2b               3590.00A    -3.844    0.0277
He 1                7065.18A    -4.099    0.0154      Fe 3                4987.21A    -3.963    0.0211      Fe 2b               3910.00A    -5.099    0.0015
Blnd                7065.25A    -3.844    0.0277      Fe 3                4754.69A    -3.527    0.0575      Fe 2b               4255.00A    -2.567    0.5239
He 1                5875.98A    -4.199    0.0122      Fe 3                4701.54A    -3.345    0.0872      Fe 2b               4558.00A    -3.308    0.0950
He 1                5875.64A    -3.722    0.0366      Fe 3                4667.01A    -4.360    0.0084      Fe 2b               4600.00A    -3.268    0.1042
He 1                5875.61A    -3.500    0.0610      Fe 3                4079.70A    -4.509    0.0060      Fe 2b               4743.00A    -3.914    0.0235
Blnd                5875.66A    -3.245    0.1099      Fe 3                4046.42A    -4.911    0.0024      Fe 2b               4855.00A    -3.348    0.0866
He 1                4713.16A    -5.108    0.0015      Fe 3                3371.41A    -3.947    0.0218      Fe 2b               4920.00A    -2.834    0.2832
He 1                4713.14A    -4.886    0.0025      Fe 3                3301.56A    -5.012    0.0019      Fe 2b               4975.00A    -3.360    0.0842
Blnd                4713.17A    -4.630    0.0045      Fe 3                3286.19A    -4.395    0.0078      Fe 2b               4971.00A    -3.396    0.0776
He 1                4471.69A    -4.619    0.0046      Fe 3                2464.51A    -4.479    0.0064      Fe 2b               5070.00A    -3.288    0.0995
He 1                4471.49A    -4.142    0.0139      Fe 3                51.6655m    -3.904    0.0241      Fe 2b               5143.00A    -2.727    0.3618
He 1                4471.47A    -3.920    0.0232      Fe 3                5011.26A    -3.698    0.0387      Fe 2b               5270.00A    -2.443    0.6967
Blnd                4471.50A    -3.665    0.0418      Fe 3                4769.43A    -3.813    0.0297      Fe 2b               5318.00A    -2.761    0.3348
Blnd                4120.84A    -5.068    0.0017      Fe 3                4733.91A    -3.819    0.0293      Fe 2b               5540.00A    -3.497    0.0615
He 1                4026.36A    -4.936    0.0022      Fe 3                3406.18A    -4.310    0.0095      Fe 2b               5865.00A    -4.132    0.0143
He 1                4026.20A    -4.459    0.0067      Fe 3                3334.90A    -4.390    0.0079      Fe 2b               6265.00A    -4.483    0.0064
He 1                4026.19A    -4.237    0.0112      Fe 3                3319.22A    -4.562    0.0053      Fe 2b               6565.00A    -4.026    0.0182
Blnd                4026.21A    -3.982    0.0201      Fe 3                2483.05A    -4.649    0.0043      Fe 2b               6910.00A    -4.224    0.0115
He 1                3819.76A    -5.193    0.0012      Fe 3                105.345m    -5.080    0.0016      Fe 2b               7445.00A    -2.470    0.6541
He 1                3819.61A    -4.716    0.0037      Fe 3                5411.98A    -4.102    0.0153      Fe 2b               8625.00A    -2.466    0.6611
He 1                3819.60A    -4.494    0.0062      Fe 3                4930.54A    -4.346    0.0087      Fe 2b               1.03250m    -3.480    0.0639
Blnd                3819.62A    -4.239    0.0111      Fe 3                4777.68A    -4.139    0.0140      Fe 2b               1.88900m    -2.332    0.8994
He 1                3704.90A    -5.134    0.0014      Fe 3                3428.79A    -4.969    0.0021      Fe 2b               2.20000m    -3.681    0.0403
He 1                3704.76A    -4.657    0.0043      Fe 3                3356.57A    -4.470    0.0065      miscellaneous...................................
He 1                3704.75A    -4.435    0.0071      Fe 3                3355.48A    -4.721    0.0037      C 1R                1656.00A    -5.060    0.0017
Blnd                3704.77A    -4.180    0.0128      Fe 3                2495.04A    -4.887    0.0025      C 2R                1335.00A    -3.382    0.0801
He 1                3634.08A    -4.819    0.0029      Fe 3                5084.77A    -4.474    0.0065      N 2R                1085.00A    -5.087    0.0016
He 1                3634.07A    -4.598    0.0049      Fe 3                3366.21A    -4.783    0.0032      O 2R                3729.00A    -5.214    0.0012
Blnd                3634.09A    -4.342    0.0088      Fe 3                8838.21A    -5.112    0.0015      Blnd                1400.00A    -5.106    0.0015
He 1                3587.16A    -4.962    0.0021      Fe 3                8728.94A    -4.975    0.0020      Blnd                1650.00A    -2.346    0.8710
He 1                3587.15A    -4.740    0.0035      Fe 3                40.0371m    -4.803    0.0030      Blnd                1304.00A    -4.345    0.0087
Blnd                3587.17A    -4.485    0.0063      Fe 3                2.21782m    -3.918    0.0233      Blnd                1039.00A    -4.889    0.0025
He 1                3554.34A    -5.089    0.0016      Fe 3                9701.27A    -4.201    0.0122      Blnd                2798.00A    -1.974    2.0490
He 1                3554.33A    -4.867    0.0026      Fe 3                3307.57A    -5.278    0.0010      Blnd                6720.00A    -1.868    2.6184
Blnd                3554.35A    -4.612    0.0047      Fe 3                2.34788m    -4.097    0.0155      Blnd                4074.00A    -2.889    0.2493
He 1                3530.43A    -5.205    0.0012      Fe 3                9942.18A    -4.395    0.0078      Blnd                1.03300m    -2.998    0.1941
He 1                3530.43A    -4.983    0.0020      Fe 3                9444.21A    -4.930    0.0023      Blnd                1256.00A    -4.802    0.0030
Blnd                3530.44A    -4.728    0.0036      Fe 3                2.24204m    -4.639    0.0044      Blnd                1198.00A    -5.154    0.0014
He 1                3512.46A    -5.089    0.0016      Fe 3                2.14511m    -4.872    0.0026      Blnd                1720.00A    -4.973    0.0021
Blnd                3512.48A    -4.834    0.0028      Fe 3                3.22847m    -4.444    0.0070      Blnd                3722.00A    -4.347    0.0087
He 1                3498.60A    -5.186    0.0013      Fe 3                2.87385m    -4.377    0.0081      Blnd                2665.00A    -3.247    0.1094
Blnd                3498.62A    -4.931    0.0023      Fe 3                1.06081m    -4.884    0.0025      Blnd                1860.00A    -4.342    0.0088
He 1                3487.69A    -5.275    0.0010      Fe 3                2.90407m    -5.045    0.0017      Blnd                2335.00A    -2.953    0.2151
Blnd                3487.70A    -5.020    0.0018      Fe 3                1.08826m    -5.279    0.0010      Blnd                1888.00A    -3.633    0.0449
Blnd                3478.95A    -5.103    0.0015      Fe 3                3.04312m    -5.261    0.0011      Blnd                1397.00A    -5.109    0.0015
Blnd                3471.81A    -5.181    0.0013      K  3                4.61683m    -4.456    0.0068      Blnd                3350.00A    -5.216    0.0012
Blnd                3465.92A    -5.253    0.0011      Mg 1                2852.13A    -3.812    0.0298      Blnd                5525.00A    -4.079    0.0161
He 1                3439.99A    -5.233    0.0011      Mg 1                4562.60A    -3.563    0.0528      Blnd                8579.00A    -3.090    0.1571
He 1                3439.98A    -5.011    0.0019      Mg 1                4571.10A    -3.992    0.0197      Blnd                7306.00A    -2.236    1.1216
Blnd                3440.00A    -4.756    0.0034      Mg 1                4575.29A    -4.941    0.0022      Blnd                3933.00A    -3.024    0.1827
He 1                7281.35A    -4.482    0.0064      Mg 3                231.734A    -5.070    0.0016      Blnd                1657.00A    -4.535    0.0056
He 1                6678.15A    -3.804    0.0303      Mn 2                2576.10A    -4.239    0.0111      Blnd                9850.00A    -3.291    0.0987
He 1                5047.74A    -5.073    0.0016      Mn 2                2593.72A    -4.327    0.0091      Blnd                2326.00A    -2.515    0.5898
He 1                4921.93A    -4.235    0.0112      Mn 2                2605.68A    -4.463    0.0067      Blnd                1335.00A    -3.908    0.0239
He 1                4387.93A    -4.556    0.0054      N  1                1134.17A    -5.103    0.0015      Blnd                1909.00A    -3.011    0.1882
He 1                4143.76A    -4.813    0.0030      N  1                1134.41A    -5.042    0.0018      Blnd                1549.00A    -5.020    0.0018
He 1                4009.05A    -4.817    0.0029      N  1                1134.98A    -5.013    0.0019      Blnd                3467.00A    -4.990    0.0020
He 1                3926.41A    -4.981    0.0020      N  1                1199.55A    -4.701    0.0038      Blnd                5199.00A    -3.193    0.1239
He 1                3871.69A    -5.125    0.0014      N  1                1200.22A    -4.731    0.0036      Blnd                1.04030m    -4.238    0.0112
He 1                3833.48A    -5.253    0.0011      N  1                1200.71A    -4.853    0.0027      Blnd                1085.00A    -4.367    0.0083
He 1                4.29471m    -5.140    0.0014      N  1                3466.50A    -5.070    0.0016      Blnd                2141.00A    -3.747    0.0346
He 1                1.25275m    -5.114    0.0015      N  1                5197.90A    -3.483    0.0636      Blnd                1750.00A    -4.939    0.0022
He 1                9463.58A    -5.216    0.0012      N  1                5200.26A    -3.505    0.0604      Blnd                990.000A    -4.806    0.0030
He 1                1.70025m    -4.815    0.0030      N  1                1.03977m    -4.575    0.0051      Blnd                6300.00A    -2.457    0.6747
He 1                1.19691m    -4.978    0.0020      N  1                1.03982m    -5.119    0.0015      Blnd                2471.00A    -3.068    0.1650
He 1                1.03113m    -5.179    0.0013      N  1                1.04072m    -4.923    0.0023      Blnd                7323.00A    -3.237    0.1119
He 1                9515.00A    -5.067    0.0017      N  1                1.04076m    -4.932    0.0023      Blnd                7332.00A    -3.324    0.0916
He 1                9062.34A    -5.214    0.0012      Ne 2                12.8101m    -2.905    0.2401      Blnd                833.000A    -4.520    0.0058
He 1                1.86854m    -4.194    0.0123      Ne 3                15.5509m    -2.337    0.8893      Blnd                3727.00A    -1.512    5.9401
He 1                1.27849m    -4.525    0.0058      Ne 3                3868.76A    -2.686    0.3976      Blnd                7325.00A    -2.977    0.2035
He 1                1.09130m    -4.793    0.0031      Ne 3                36.0036m    -3.385    0.0797      Blnd                1666.00A    -4.576    0.0051
He 1                1.00275m    -4.996    0.0019      Ne 3                3967.47A    -3.204    0.1207      Blnd                5007.00A    -1.992    1.9691
He 1                9526.01A    -5.167    0.0013      Ne 3                491.045A    -5.181    0.0013      Blnd                835.000A    -4.602    0.0048
He 1                1.86972m    -4.675    0.0041      O  1                1040.94A    -5.133    0.0014



 AGN log nH=3.22 log U=-3.67  
 Cooling:  H  1c                     0  :0.060 Fe 2c                     0  :0.246 O  2c                     0  :0.129 S  2c                     0  :0.062 N  2c                     0  :0.071  
 Heating:  BFH1                      0  :0.734 BFHe                      0  :0.223  

 These are some of the most important databases used by Cloudy:
 Many recombination coefficients were taken from http://amdpp.phys.strath.ac.uk/tamoc/RR/ and http://amdpp.phys.strath.ac.uk/tamoc/DR/
      and are based on the following papers:
        Badnell N. R., et al., A&A 406, 1151 (2003) [http://adsabs.harvard.edu/abs/2003A%26A...406.1151B]
        Badnell N. R., ApJS 167, 334 (2006) [http://adsabs.harvard.edu/abs/2006ApJS..167..334B]
 Much of the molecular emission data is from LAMDA as accessed on June 30, 2015. This database is described in:
        Schoeier F.L., et al., A&A 432, 369 (2005) [http://adsabs.harvard.edu/abs/2005A%26A...432..369S]
      This database is in part based on the work of the following groups:
        JPL: Pickett H. M. et al., JQSRT, 60, 883 (1998). [http://adsabs.harvard.edu/abs/1998JQSRT..60..883P]
        CDMS: Mueller H. S. et al., A&A 370, L49 (2001). [http://adsabs.harvard.edu/abs/2001A%26A...370L..49M]
              Mueller H. S. et al., J. Mol. Struct. 742, 215 (2005). [http://adsabs.harvard.edu/abs/2005JMoSt.742..215M]
 Some of the ionic emission data is from a reprocessed version of 10.1 of CHIANTI. CHIANTI is a collaborative project involving the NRL (USA), the
      Universities of Florence (Italy) and Cambridge (UK), and George Mason University (USA). These papers describe Chianti:
        Dere K. P., et al., A&AS, 125, 149 (1997) [http://adsabs.harvard.edu/abs/1997A%26AS..125..149D]
        Dere, K. P., et al., APJ, 268, 52 (2023) [https://ui.adsabs.harvard.edu/abs/2023ApJS..268...52D]
      This paper describes the reprocessed version of Chianti used:
        Gunasekera, C. M., et al., Astronomy, 1, 255. (2022) [https://ui.adsabs.harvard.edu/abs/2022Astro...1..255G]
 Much of the H_2 data is from this web site: http://molat.obspm.fr/index.php?page=pages/Molecules/H2/H2can94.php. These data are
      described in:
        Abgrall H. et al., Can. J. Phys., 72, 856 (1994) [http://adsabs.harvard.edu/abs/1994CaJPh..72..856A]
        Wrathmall S. A. & Flower D. R., J. Phys. B, 40, 3221 (2007) [http://adsabs.harvard.edu/abs/2007JPhB...40.3221W]
 The Case A and Case B recombination predictions for one-electron systems are from
	Storey, P.J. & Hummer, D.G., 1995, MNRAS 272, 41 http://adsabs.harvard.edu/abs/1995MNRAS.272...41S
 The He I recombination predictions are from
	Porter, R. L.; Ferland, G. J.; Storey, P. J.; Detisch, M. J., 2012, MNRAS, 425, 28p http://adsabs.harvard.edu/abs/2012MNRAS.425L..28P
		http://adsabs.harvard.edu/abs/2013MNRAS.433L..89P

 If you find some process or data set to be particularly critical to a result, please follow the trail of references back to the
 original source and cite that.  This will support and encourage atomic, molecular, and chemical physicists to continue their
 valuable work.

 IONIZE PARMET:  U(1-) -3.6667  U(4-): -4.6075  U(sp): -3.67  Q(ion):    8.044  L(ion) -0.736    Q(low): 12.215    L(low)  0.048
 ENERGY BUDGET:  Heat:  -0.597  Coolg:  -0.598  Error:  0.0%  Rec Lin:  -1.108  F-F  H  0.000    P(rad/tot)max     2.30E-03    R(F Con):1.737e+05

     Col(Heff):      1.711E+19  snd travl time  4.00E+10 sec  Te-low: 3.99E+03  Te-hi: 9.63E+03  G0TH85: 9.57E+01  G0DB96:1.03E+02
  Emiss Measure    n(e)n(p) dl       3.834E+22  n(e)n(He+)dl         3.329E+21  En(e)n(He++) dl         4.569E+20  ne nC+:8.38E+18
 He/Ha:9.02E-02  =   1.06*true  Lthin:3.73E+02  itr/zn: 7.41  H2 itr/zn:  0.00  File Opacity: F  MassTot 1.27e-04  (gm/cm^2)
   Temps(21 cm)   T(21cm/Ly a)  4.21E+03        T(<nH/Tkin>)  6.57E+03          T(<nH/Tspin>)    4.55E+03          TB21cm:8.62E-01
                   N(H0/Tspin)  6.34E+15        N(OH/Tkin)    3.57E+05          B(21cm)          0.00E+00
   <a>:1.64E-07  erdeFe7.8E+23  Tcompt1.14E+09  Tthr3.63E+09  <Tden>: 7.98E+03  <dens>:3.79E-21  <MolWgt>8.85E-01
     Mean Jeans  l(cm)8.37E+19  M(sun)5.84E+05  smallest:     len(cm):5.92E+19  M(sun):2.07E+05  a_ox tran: -1.41
 Rion:1.000E+30  Dist:0.00E+00  Diam:0.000E+00
 Hatom level 70  HatomType: add  HInducImp  F  He tot level: 63  He2 level:   70  ExecTime    67.5
 ConvrgError(%)  <eden>  0.078  MaxEden  0.441  <H-C>   0.09  Max(H-C)    0.38  <Press>   0.000  MaxPrs er  0.000
  Continuity(%)  chng Te   1.7  elec den   4.7  n(H2)    0.0  n(CO)        0.0

                                                        Averaged Quantities
             Te      Te(Ne)   Te(NeNp)  Te(NeHe+)Te(NeHe2+) Te(NeO+)  Te(NeO2+)  Te(H2)     N(H)     Ne(O2+)   Ne(Np)
 Radius:  7.98e+03  8.93e+03  9.13e+03  9.09e+03  9.08e+03  9.16e+03  9.01e+03  4.62e+03  1.67e+03  1.73e+03  1.40e+03
 
 Peimbert T(OIIIr)8.36E+03 T(Bac)8.78E+03 T(Hth)8.68E+03 t2(Hstrc) 2.12e-03 T(O3-BAC)8.58E+03 t2(O3-BC)-6.57e-03 t2(O3str) 5.85e-04

 Contin Optical Depths: COMP: 2.05e-05    H-: 5.13e-05 R(1300): 1.93e-04  H2+: 9.15e-07  Bra:1.03E-05
                          Pa: 1.03e-05    Ba: 3.38e-05      Hb: 2.84e-05   La: 2.38e-01     1r:5.004E+07  1.8:1.18E+07 4.:1.715E+06

 Old, new H  1 continuum optical depths:
     1 1.00e+08     2 0.00e+00     3 0.00e+00     4 0.00e+00     5 0.00e+00     6 0.00e+00     7 0.00e+00     8 0.00e+00
     9 0.00e+00    10 0.00e+00    11 0.00e+00    12 0.00e+00    13 0.00e+00    14 0.00e+00    15 0.00e+00    16 0.00e+00
    17 0.00e+00    18 0.00e+00    19 0.00e+00    20 0.00e+00    21 0.00e+00    22 0.00e+00    23 0.00e+00    24 0.00e+00
    25 0.00e+00    26 0.00e+00    27 0.00e+00    28 0.00e+00    29 0.00e+00    30 0.00e+00    31 0.00e+00    32 0.00e+00
    33 0.00e+00    34 0.00e+00    35 0.00e+00    36 0.00e+00    37 0.00e+00    38 0.00e+00    39 0.00e+00    40 0.00e+00
    41 0.00e+00    42 0.00e+00    43 0.00e+00    44 0.00e+00    45 0.00e+00    46 0.00e+00    47 0.00e+00    48 0.00e+00
    49 0.00e+00    50 0.00e+00    51 0.00e+00    52 0.00e+00    53 0.00e+00    54 0.00e+00
     1 5.00e+07     2 1.32e-05     3 2.59e-05     4 2.59e-05     5 2.59e-05     6 6.67e-06     7 6.67e-06     8 6.67e-06
     9 6.67e-06    10 4.97e-14    11 4.97e-14    12 4.97e-14    13 4.97e-14    14 4.97e-14    15 1.17e-13    16 1.17e-13
    17 1.17e-13    18 1.17e-13    19 1.17e-13    20 1.17e-13    21 2.42e-13    22 2.42e-13    23 2.42e-13    24 2.42e-13
    25 2.42e-13    26 2.42e-13    27 2.42e-13    28 4.60e-13    29 4.60e-13    30 4.60e-13    31 4.60e-13    32 4.60e-13
    33 4.60e-13    34 4.60e-13    35 4.60e-13    36 8.20e-13    37 8.20e-13    38 8.20e-13    39 8.20e-13    40 8.20e-13
    41 8.20e-13    42 8.20e-13    43 8.20e-13    44 8.20e-13    45 1.38e-12    46 1.38e-12    47 1.38e-12    48 1.38e-12
    49 1.38e-12    50 1.38e-12    51 1.38e-12    52 1.38e-12    53 1.38e-12    54 1.38e-12

 Old, new H  1 mean line optical depths:
  2- 1 1.24e+09  3- 2 4.37e-03  4- 3 0.00e+00  5- 4 0.00e+00  6- 5 0.00e+00  7- 6 0.00e+00  8- 7 0.00e+00
  9- 8 0.00e+00 10- 9 0.00e+00 11-10 0.00e+00 12-11 0.00e+00 13-12 0.00e+00 14-13 0.00e+00 15-14 0.00e+00 16-15 0.00e+00
 17-16 0.00e+00 18-17 0.00e+00 19-18 0.00e+00 20-19 0.00e+00 21-20 0.00e+00 22-21 0.00e+00 23-22 0.00e+00 24-23 0.00e+00
 25-24 0.00e+00
  2- 1 3.69e+06  3- 2 2.41e-04  4- 3 2.28e-10  5- 4 8.09e-11  6- 5-5.69e-11  7- 6-1.43e-10  8- 7-5.16e-11
  9- 8 3.31e-10 10- 9 1.05e-09 11-10 2.24e-08 12-11-9.30e-09 13-12-1.50e-08 14-13-2.39e-08 15-14-3.74e-08 16-15-5.85e-08
 17-16-9.23e-08 18-17-1.47e-07 19-18-2.47e-07 20-19-4.27e-07 21-20-7.86e-07 22-21-1.59e-06 23-22-3.73e-06 24-23-1.20e-05
 25-24-4.17e-04

 Old, new He 2 continuum optical depths:
     1 3.43e+06     2 9.96e+07     3 0.00e+00     4 0.00e+00     5 0.00e+00     6 0.00e+00     7 0.00e+00     8 0.00e+00
     9 0.00e+00    10 0.00e+00    11 0.00e+00    12 0.00e+00    13 0.00e+00    14 0.00e+00    15 0.00e+00    16 0.00e+00
    17 0.00e+00    18 0.00e+00    19 0.00e+00    20 0.00e+00    21 0.00e+00    22 0.00e+00    23 0.00e+00    24 0.00e+00
    25 0.00e+00    26 0.00e+00    27 0.00e+00    28 0.00e+00    29 0.00e+00    30 0.00e+00    31 0.00e+00    32 0.00e+00
    33 0.00e+00    34 0.00e+00    35 0.00e+00    36 0.00e+00    37 0.00e+00    38 0.00e+00    39 0.00e+00    40 0.00e+00
    41 0.00e+00    42 0.00e+00    43 0.00e+00    44 0.00e+00    45 0.00e+00    46 0.00e+00    47 0.00e+00    48 0.00e+00
    49 0.00e+00    50 0.00e+00    51 0.00e+00    52 0.00e+00    53 0.00e+00    54 0.00e+00
     1 1.72e+06     2 4.98e+07     3 1.66e-05     4 1.66e-05     5 1.66e-05     6 1.32e-05     7 1.32e-05     8 1.32e-05
     9 1.32e-05    10 2.10e-05    11 2.10e-05    12 2.10e-05    13 2.10e-05    14 2.10e-05    15 2.59e-05    16 2.59e-05
    17 2.59e-05    18 2.59e-05    19 2.59e-05    20 2.59e-05    21 2.17e-05    22 2.17e-05    23 2.17e-05    24 2.17e-05
    25 2.17e-05    26 2.17e-05    27 2.17e-05    28 6.67e-06    29 6.67e-06    30 6.67e-06    31 6.67e-06    32 6.67e-06
    33 6.67e-06    34 6.67e-06    35 6.67e-06    36 2.85e-14    37 2.85e-14    38 2.85e-14    39 2.85e-14    40 2.85e-14
    41 2.85e-14    42 2.85e-14    43 2.85e-14    44 2.85e-14    45 4.97e-14    46 4.97e-14    47 4.97e-14    48 4.97e-14
    49 4.97e-14    50 4.97e-14    51 4.97e-14    52 4.97e-14    53 4.97e-14    54 4.97e-14

 Old, new He 2 mean line optical depths:
  2- 1 1.05e+08  3- 2 3.72e-04  4- 3 0.00e+00  5- 4 0.00e+00  6- 5 0.00e+00  7- 6 0.00e+00  8- 7 0.00e+00
  9- 8 0.00e+00 10- 9 0.00e+00 11-10 0.00e+00 12-11 0.00e+00 13-12 0.00e+00 14-13 0.00e+00 15-14 0.00e+00 16-15 0.00e+00
 17-16 0.00e+00 18-17 0.00e+00 19-18 0.00e+00 20-19 0.00e+00 21-20 0.00e+00 22-21 0.00e+00 23-22 0.00e+00 24-23 0.00e+00
 25-24 0.00e+00
  2- 1 1.61e+05  3- 2 1.26e-07  4- 3 2.63e-13  5- 4-5.06e-13  6- 5-1.52e-12  7- 6-2.60e-12  8- 7-2.74e-12
  9- 8-1.18e-12 10- 9 2.35e-12 11-10 1.37e-10 12-11-6.18e-11 13-12-9.89e-11 14-13-1.55e-10 15-14-2.36e-10 16-15-3.57e-10
 17-16-5.39e-10 18-17-8.24e-10 19-18-1.29e-09 20-19-2.11e-09 21-20-3.69e-09 22-21-7.07e-09 23-22-1.59e-08 24-23-4.84e-08
 25-24-1.71e-06

 Old He Is optical depths:    1 2.36e+07    2 0.00e+00    3 0.00e+00    4 0.00e+00    5 0.00e+00
 New He Is optical depths:    1 1.18e+07    2 2.06e-05    3 1.10e-05    4 1.22e-05    5 1.22e-05
          Old He Is Lines:  584 0.00e+00 3889 0.00e+00 5016 0.00e+00 5876 0.00e+00
          New He Is Lines:  584 1.35e+05 3889 4.75e-01 5016 2.03e-06 5876 1.44e-09
AGN log nH=3.22 log U=-3.67  


          Start Iteration Number 2                                                 AGN log nH=3.22 log U=-3.67  


 ####  1  Te:9.380E+03 Hden:1.668E+03 Ne:1.780E+03 R:1.000E+30 R-R0:1.925E+12 dR:3.849E+12 NTR:  7 Htot:1.436E-17 T912: 1.83e+02###
 Hydrogen      3.70e-02 9.63e-01 H+o/Hden 1.00e+00 2.48e-09 H-    H2 4.38e-13 2.00e-10 H2+ HeH+ 2.33e-10 Ho+ ColD 2.37e+14 6.18e+15
 Helium        3.19e-02 7.75e-01 1.93e-01 HeI 2s3S 1.63e-06 Comp H,C 1.32e-23 9.34e-27 Fill Fac 1.00e+00 Gam1/tot 1.00e+00
 He singlet n  3.19e-02 1.90e-12 4.06e-19 2.30e-19 3.24e-19 3.33e-19 He tripl 1.63e-06 8.46e-17 7.76e-19 5.71e-18 9.67e-19
 Pressure      NgasTgas 3.37e+07 P(total) 4.65e-09 P( gas ) 4.65e-09 P(Radtn) 0.00e+00 Rad accl 8.59e-07 ForceMul 6.39e+04
 Texc(La)      3.08e+03 T(I con) 8.72e+00 T(D con) 1.12e+00 T(U tot) 8.72e+00 nT (c+d) 2.38e+06 Prad/Gas 0.00e+00 Pmag/Gas 0.00e+00
 Molecules     CH/Ctot: 3.67e-11 CH+/Ctot 7.43e-12 CO/Ctot: 6.04e-14 CO+/Ctot 1.12e-15 H2O/Otot 1.45e-21 OH/Ototl 3.93e-11
 Lithium       4.64e-03 9.92e-01 3.24e-03 1.24e-05 Berylliu 1.29e-01 2.63e-01 6.06e-01 2.29e-03 0.00e+00 sec ion: 1.48e-13
 Boron         6.25e-03 5.70e-01 3.52e-01 7.17e-02 2.49e-06 0.00e+00
 Carbon        5.31e-03 4.21e-01 5.70e-01 4.24e-03 2.13e-05 0.00e+00 0.00e+00 H2O+/O   2.28e-22 OH+/Otot 1.26e-11 Hex(tot) 0.00e+00
 Nitrogen      1.29e-02 7.54e-01 2.30e-01 3.04e-03 6.39e-06 0.00e+00 0.00e+00 0.00e+00 O2/Ototl 1.12e-15 O2+/Otot 3.89e-16
 Oxygen        3.33e-02 7.17e-01 2.46e-01 3.20e-03 1.69e-05 0.00e+00 0.00e+00 0.00e+00 0.00e+00
 Fluorine      1.93e-03 2.57e-01 7.37e-01 4.11e-03 3.71e-05 0.00e+00 0.00e+00 0.00e+00 0.00e+00 0.00e+00
 Neon          1.41e-03 1.77e-01 8.13e-01 7.95e-03 1.01e-05 0.00e+00 0.00e+00 0.00e+00 0.00e+00 0.00e+00 0.00e+00
 Sodium        1.63e-04 1.78e-01 8.08e-01 1.43e-02 1.76e-04 0.00e+00 0.00e+00 0.00e+00 0.00e+00 0.00e+00 0.00e+00 0.00e+00
 Magnesium     7.71e-03 1.67e-01 8.22e-01 4.07e-03 5.53e-06 0.00e+00 0.00e+00 0.00e+00 0.00e+00 0.00e+00 0.00e+00 0.00e+00 0.00e+00
 Aluminium  0  3.19e-04 5.82e-01 1.95e-01 2.21e-01 1.55e-03 4.05e-07 0.00e+00 0.00e+00 0.00e+00 0.00e+00 0.00e+00 0.00e+00 0.00e+00
 Silicon    0  3.25e-03 7.28e-01 2.53e-01 1.54e-02 2.29e-04 1.68e-07 0.00e+00 0.00e+00 0.00e+00 0.00e+00 0.00e+00 0.00e+00 0.00e+00
 Phosphorus 0  2.90e-04 7.40e-01 2.48e-01 1.13e-02 1.47e-04 4.67e-06 0.00e+00 0.00e+00 0.00e+00 0.00e+00 0.00e+00 0.00e+00 0.00e+00
 Sulphur    0  2.93e-03 4.48e-01 5.42e-01 7.06e-03 8.45e-05 3.90e-06 0.00e+00 0.00e+00 0.00e+00 0.00e+00 0.00e+00 0.00e+00 0.00e+00
 Chlorine   0  6.73e-04 5.26e-01 4.65e-01 8.01e-03 4.79e-05 1.75e-06 0.00e+00 0.00e+00 0.00e+00 0.00e+00 0.00e+00 0.00e+00 0.00e+00
 Argon      0  6.26e-04 9.24e-02 9.01e-01 6.34e-03 5.09e-05 2.15e-06 0.00e+00 0.00e+00 0.00e+00 0.00e+00 0.00e+00 0.00e+00 0.00e+00
 Potassium  0  9.40e-05 4.46e-01 5.49e-01 5.12e-03 7.23e-05 8.84e-07 0.00e+00 0.00e+00 0.00e+00 0.00e+00 0.00e+00 0.00e+00 0.00e+00
 Calcium    0  1.06e-03 2.21e-01 7.08e-01 6.93e-02 2.82e-04 2.04e-06 0.00e+00 0.00e+00 0.00e+00 0.00e+00 0.00e+00 0.00e+00 0.00e+00
 Scandium   0  5.72e-05 2.20e-02 2.63e-01 7.05e-01 9.24e-03 1.34e-05 4.21e-07 0.00e+00 0.00e+00 0.00e+00 0.00e+00 0.00e+00 0.00e+00
 Titanium   0  1.74e-05 1.52e-01 6.15e-01 2.24e-01 8.82e-03 7.03e-06 4.14e-07 0.00e+00 0.00e+00 0.00e+00 0.00e+00 0.00e+00 0.00e+00
 Vanadium   0  4.04e-04 8.51e-02 8.33e-01 6.08e-02 2.05e-02 3.93e-05 3.32e-07 0.00e+00 0.00e+00 0.00e+00 0.00e+00 0.00e+00 0.00e+00
 Chromium   0  3.97e-04 1.18e-01 8.46e-01 3.09e-02 5.16e-03 3.22e-05 1.02e-06 0.00e+00 0.00e+00 0.00e+00 0.00e+00 0.00e+00 0.00e+00
 Manganese  0  1.86e-05 1.45e-01 8.21e-01 2.67e-02 7.21e-03 8.19e-05 1.36e-06 0.00e+00 0.00e+00 0.00e+00 0.00e+00 0.00e+00 0.00e+00
 Iron       0  3.27e-05 2.66e-01 6.33e-01 9.84e-02 2.75e-03 6.63e-05 7.70e-07 0.00e+00 0.00e+00 0.00e+00 0.00e+00 0.00e+00 0.00e+00
 Cobalt     0  7.34e-03 5.82e-01 3.52e-01 4.96e-02 9.24e-03 5.23e-05 1.83e-06 0.00e+00 0.00e+00 0.00e+00 0.00e+00 0.00e+00 0.00e+00
 Nickel     0  1.40e-04 6.33e-01 3.49e-01 1.60e-02 1.22e-03 1.87e-05 7.19e-07 0.00e+00 0.00e+00 0.00e+00 0.00e+00 0.00e+00 0.00e+00
 Copper     0  4.83e-04 4.78e-02 9.10e-01 4.07e-02 6.16e-04 2.77e-05 9.35e-07 0.00e+00 0.00e+00 0.00e+00 0.00e+00 0.00e+00 0.00e+00
 Zinc       0  4.89e-04 2.36e-02 3.04e-01 5.29e-01 1.43e-01 5.87e-04 9.00e-06 5.16e-07 0.00e+00 0.00e+00 0.00e+00 0.00e+00 0.00e+00
 ####111  Te:3.968E+03 Hden:1.668E+03 Ne:1.226E+02 R:1.000E+30 R-R0:3.371E+16 dR:1.815E+14 NTR:  9 Htot:4.314E-19 T912: 3.67e+02###
 Hydrogen      9.42e-01 5.84e-02 H+o/Hden 1.00e+00 2.42e-08 H-    H2 5.91e-07 2.94e-09 H2+ HeH+ 9.45e-09 Ho+ ColD 2.90e+19 2.74e+19
 Helium        8.35e-01 1.59e-01 5.36e-03 HeI 2s3S 6.41e-08 Comp H,C 9.04e-25 2.69e-28 Fill Fac 1.00e+00 Gam1/tot 5.09e-01
 He singlet n  8.35e-01 3.36e-14 4.19e-19 6.08e-21 2.92e-20 1.03e-20 He tripl 6.41e-08 1.23e-18 1.36e-20 1.41e-19 2.85e-20
 Pressure      NgasTgas 7.68e+06 P(total) 1.06e-09 P( gas ) 1.06e-09 P(Radtn) 9.59e-15 Rad accl 3.95e-08 ForceMul 4.25e+04
 Texc(La)      3.21e+03 T(I con) 7.67e+00 T(D con) 6.91e+00 T(U tot) 8.70e+00 nT (c+d) 3.52e+06 Prad/Gas 9.05e-06 Pmag/Gas 0.00e+00
 Molecules     CH/Ctot: 1.59e-09 CH+/Ctot 9.58e-09 CO/Ctot: 1.03e-08 CO+/Ctot 1.06e-10 H2O/Otot 5.55e-14 OH/Ototl 5.86e-07
 Lithium       1.77e-03 9.98e-01 2.54e-05 4.30e-07 Berylliu 4.89e-03 7.84e-01 2.07e-01 4.72e-03 0.00e+00 sec ion: 1.96e-12
 Boron         6.94e-04 9.85e-01 1.43e-03 1.26e-02 0.00e+00 0.00e+00
 Carbon        3.20e-03 9.84e-01 1.32e-02 9.91e-07 0.00e+00 0.00e+00 0.00e+00 H2O+/O   1.37e-14 OH+/Otot 1.62e-07 Hex(tot) 0.00e+00
 Nitrogen      9.56e-01 4.39e-02 3.44e-06 0.00e+00 0.00e+00 0.00e+00 0.00e+00 0.00e+00 O2/Ototl 2.02e-11 O2+/Otot 2.59e-11
 Oxygen        9.54e-01 4.61e-02 7.12e-06 0.00e+00 0.00e+00 0.00e+00 0.00e+00 0.00e+00 0.00e+00
 Fluorine      2.92e-01 6.01e-01 1.08e-01 1.64e-06 4.59e-07 0.00e+00 0.00e+00 0.00e+00 0.00e+00 0.00e+00
 Neon          1.63e-01 5.68e-01 2.69e-01 9.30e-06 0.00e+00 0.00e+00 0.00e+00 0.00e+00 0.00e+00 0.00e+00 0.00e+00
 Sodium        8.32e-03 5.67e-01 4.24e-01 8.15e-05 2.09e-06 0.00e+00 0.00e+00 0.00e+00 0.00e+00 0.00e+00 0.00e+00 0.00e+00
 Magnesium     4.06e-03 5.10e-01 4.86e-01 2.52e-05 0.00e+00 0.00e+00 0.00e+00 0.00e+00 0.00e+00 0.00e+00 0.00e+00 0.00e+00 0.00e+00
 Aluminium  0  1.24e-04 5.11e-01 1.77e-01 3.11e-01 7.29e-05 0.00e+00 0.00e+00 0.00e+00 0.00e+00 0.00e+00 0.00e+00 0.00e+00 0.00e+00
 Silicon    0  6.07e-04 9.99e-01 5.61e-05 3.61e-04 1.28e-06 0.00e+00 0.00e+00 0.00e+00 0.00e+00 0.00e+00 0.00e+00 0.00e+00 0.00e+00
 Phosphorus 0  5.35e-04 9.21e-01 7.73e-02 8.72e-04 2.60e-06 0.00e+00 0.00e+00 0.00e+00 0.00e+00 0.00e+00 0.00e+00 0.00e+00 0.00e+00
 Sulphur    0  2.13e-03 9.05e-01 9.31e-02 2.02e-05 8.09e-07 0.00e+00 0.00e+00 0.00e+00 0.00e+00 0.00e+00 0.00e+00 0.00e+00 0.00e+00
 Chlorine   0  1.42e-03 9.26e-01 7.31e-02 1.79e-05 5.48e-07 0.00e+00 0.00e+00 0.00e+00 0.00e+00 0.00e+00 0.00e+00 0.00e+00 0.00e+00
 Argon      0  4.50e-01 4.73e-01 7.72e-02 4.00e-06 2.86e-07 0.00e+00 0.00e+00 0.00e+00 0.00e+00 0.00e+00 0.00e+00 0.00e+00 0.00e+00
 Potassium  0  2.67e-03 8.10e-01 1.87e-01 1.19e-05 1.82e-04 0.00e+00 0.00e+00 0.00e+00 0.00e+00 0.00e+00 0.00e+00 0.00e+00 0.00e+00
 Calcium    0  3.70e-04 2.59e-01 7.39e-01 1.31e-03 4.58e-06 0.00e+00 0.00e+00 0.00e+00 0.00e+00 0.00e+00 0.00e+00 0.00e+00 0.00e+00
 Scandium   0  5.70e-04 4.89e-01 4.81e-01 2.94e-02 2.12e-04 0.00e+00 0.00e+00 0.00e+00 0.00e+00 0.00e+00 0.00e+00 0.00e+00 0.00e+00
 Titanium   0  1.63e-04 8.90e-01 1.08e-01 1.36e-04 1.62e-03 0.00e+00 0.00e+00 0.00e+00 0.00e+00 0.00e+00 0.00e+00 0.00e+00 0.00e+00
 Vanadium   0  7.08e-03 8.32e-01 1.61e-01 2.02e-05 1.45e-04 0.00e+00 0.00e+00 0.00e+00 0.00e+00 0.00e+00 0.00e+00 0.00e+00 0.00e+00
 Chromium   0  5.73e-04 9.99e-01 8.53e-04 8.41e-06 1.79e-05 2.11e-07 0.00e+00 0.00e+00 0.00e+00 0.00e+00 0.00e+00 0.00e+00 0.00e+00
 Manganese  0  2.44e-04 9.98e-01 1.51e-03 9.14e-06 5.31e-05 1.67e-07 0.00e+00 0.00e+00 0.00e+00 0.00e+00 0.00e+00 0.00e+00 0.00e+00
 Iron       0  1.32e-04 1.00e+00 2.68e-04 3.20e-05 4.72e-06 1.23e-07 0.00e+00 0.00e+00 0.00e+00 0.00e+00 0.00e+00 0.00e+00 0.00e+00
 Cobalt     0  1.51e-02 9.85e-01 2.59e-04 3.56e-05 5.62e-05 0.00e+00 0.00e+00 0.00e+00 0.00e+00 0.00e+00 0.00e+00 0.00e+00 0.00e+00
 Nickel     0  3.98e-04 9.99e-01 2.28e-04 6.48e-06 8.06e-06 0.00e+00 0.00e+00 0.00e+00 0.00e+00 0.00e+00 0.00e+00 0.00e+00 0.00e+00
 Copper     0  4.44e-03 7.69e-01 2.27e-01 1.69e-05 1.53e-06 1.93e-07 0.00e+00 0.00e+00 0.00e+00 0.00e+00 0.00e+00 0.00e+00 0.00e+00
 Zinc       0  2.53e-03 2.35e-01 5.02e-01 2.24e-01 3.62e-02 2.18e-06 0.00e+00 0.00e+00 0.00e+00 0.00e+00 0.00e+00 0.00e+00 0.00e+00
   AGN log nH=3.22 log U=-3.67  
   Calculation stopped because lowest Te reached. Iteration 2 of 10
   The geometry is plane-parallel.
  !Some input lines contained underscores, these were changed to spaces.
  !Suprathermal collisional ionization of H reached 49.14% of the local H ionization rate.
  !Charge transfer H => H+ reached 1439.0% of the local H ionization rate.
  !AGE: Cloud age was not set.  Longest timescale was 1.65e+10 s = 5.21e+02 years.
  !Mutual neutralization production of H-alpha was significant.
  !The CMB was not included.  This is added with the CMB command.
   Iteration not converged because Converged!.
   Charge transfer heating reached 1.27% of the local heating.
   The density is too low to l-mix the lowest H  I collapsed level.  More resolved levels are needed for accurate line ratios.
   The density is too low to l-mix the lowest He I collapsed level.  More resolved levels are needed for accurate line ratios.
   Grains were not present but might survive in this environment (energy density temperature was 8.72e+00K)
   The continuum optical depth at the lowest energy considered (3.045e-09 Ryd) was 1.493e+02.

                       *********************************> Cloudy 25.00 <**********************************
                       * title AGN log nH=3.22 log U=-3.67                                               *
                       * hden 3.2222222222222223                                                         *
                       * table AGN                                                                       *
                       * stop efrac 0.01                                                                 *
                       * ionization parameter -3.6666666666666665                                        *
                       * abundances GASS                                                                 *
                       * sphere                                                                          *
                       * stop temperature 4000 K                                                         *
                       * stop column density 22                                                          *
                       * iterate to convergence                                                          *
                       * save overview "AGNmodel_nH3.22_Um3.67_temp41666.67.txt"                         *
                       *********************************> Log(U): -3.67 <*********************************

                     Emission Line Spectrum.   Constant  Density Model.  Closed geometry.  Iteration 2 of 10.
                                                     Intensity (erg/s/cm^2).


                                                   Intrinsic line intensities
general properties..............................      H  1                914.576A    -4.789    0.0031      Fe 2                5273.36A    -3.452    0.0680
Inci                      0      0.118  252.5204      H  1                914.286A    -4.794    0.0031      Fe 2                5158.79A    -2.806    0.3008
TotH                      0     -0.599   48.4524      H  1                914.039A    -4.796    0.0031      Fe 2                5111.64A    -3.747    0.0344
TotC                      0     -0.599   48.4548      H  1                913.826A    -4.793    0.0031      Fe 2                5072.41A    -3.515    0.0588
BFH1                      0     -0.733   35.5446      H  1                6562.80A    -1.837    2.8011      Fe 2                5039.10A    -4.881    0.0025
BFHe                      0     -1.248   10.8573      H  1                4861.32A    -2.284    1.0000      Fe 2                4814.54A    -3.773    0.0325
TotM                      0     -2.075    1.6192      H  1                4340.46A    -2.611    0.4715      Fe 2                4774.73A    -4.230    0.0113
CT H                      0     -2.666    0.4152      H  1                4101.73A    -2.867    0.2611      Fe 2                4243.97A    -3.206    0.1198
H FB                      0     -1.997    1.9367      H  1                3970.07A    -3.078    0.1609      Fe 2                4177.20A    -4.284    0.0100
HFBc                      0     -1.997    1.9367      H  1                3889.05A    -3.256    0.1066      Fe 2                4114.48A    -5.171    0.0013
H  1c                     0     -1.827    2.8657      H  1                3835.38A    -3.412    0.0745      Fe 2                3387.09A    -4.795    0.0031
He 1c                     0     -3.059    0.1677      H  1                3797.90A    -3.549    0.0543      Fe 2                3376.20A    -4.018    0.0184
Al 3c                     0     -4.450    0.0068      H  1                3770.63A    -3.541    0.0553      Fe 2                2732.45A    -4.588    0.0050
Ar 2c                     0     -3.439    0.0700      H  1                3750.15A    -3.645    0.0436      Fe 2                2493.30A    -3.212    0.1181
Ar 3c                     0     -2.557    0.5334      H  1                3734.37A    -3.740    0.0350      Fe 2                2484.20A    -4.921    0.0023
C  1c                     0     -3.290    0.0986      H  1                3721.94A    -3.827    0.0286      Fe 2                24.5126m    -3.235    0.1120
C  2c                     0     -2.477    0.6411      H  1                3711.97A    -3.908    0.0238      Fe 2                1.80940m    -2.543    0.5502
C  3c                     0     -3.011    0.1876      H  1                3703.85A    -3.983    0.0200      Fe 2                1.67688m    -3.213    0.1178
Ca 1c                     0     -5.160    0.0013      H  1                3697.15A    -4.052    0.0171      Fe 2                1.59948m    -3.184    0.1260
Ca 4c                     0     -4.507    0.0060      H  1                3691.55A    -4.116    0.0147      Fe 2                9051.95A    -2.950    0.2157
Co 2c                     0     -3.737    0.0353      H  1                3686.83A    -4.174    0.0129      Fe 2                8891.93A    -3.446    0.0689
Co 3c                     0     -4.821    0.0029      H  1                3682.81A    -4.226    0.0114      Fe 2                7452.56A    -3.238    0.1111
Cr 2c                     0     -3.719    0.0367      H  1                3679.35A    -4.270    0.0103      Fe 2                7172.00A    -3.478    0.0640
Fe 2c                     0     -1.210   11.8683      H  1                1.87510m    -2.790    0.3118      Fe 2                6275.53A    -5.149    0.0014
Fe 3c                     0     -2.026    1.8105      H  1                1.28181m    -3.085    0.1582      Fe 2                5527.36A    -3.630    0.0451
K  3c                     0     -4.455    0.0067      H  1                1.09381m    -3.335    0.0890      Fe 2                5433.15A    -3.965    0.0208
Mg 1c                     0     -3.265    0.1045      H  1                1.00494m    -3.543    0.0550      Fe 2                5261.63A    -3.220    0.1158
Mn 2c                     0     -3.937    0.0222      H  1                9545.97A    -3.722    0.0365      Fe 2                5220.08A    -4.518    0.0058
N  1c                     0     -3.151    0.1359      H  1                9229.02A    -3.877    0.0255      Fe 2                5184.80A    -4.346    0.0087
Ne 2c                     0     -2.905    0.2395      H  1                9014.91A    -4.015    0.0186      Fe 2                5158.01A    -4.281    0.0101
Ne 3c                     0     -2.113    1.4819      H  1                8862.79A    -4.057    0.0169      Fe 2                4947.39A    -3.716    0.0369
O  1c                     0     -2.314    0.9325      H  1                8750.48A    -4.160    0.0133      Fe 2                4905.35A    -4.086    0.0158
O  2c                     0     -1.488    6.2513      H  1                8665.02A    -4.254    0.0107      Fe 2                4874.50A    -4.157    0.0134
O  3c                     0     -1.893    2.4608      H  1                8598.40A    -4.342    0.0088      Fe 2                4346.86A    -3.833    0.0282
P  2c                     0     -3.259    0.1060      H  1                8545.39A    -4.422    0.0073      Fe 2                4276.84A    -3.745    0.0346
P  3c                     0     -4.791    0.0031      H  1                8502.49A    -4.497    0.0061      Fe 2                4244.82A    -4.459    0.0067
S  1c                     0     -5.149    0.0014      H  1                8467.26A    -4.566    0.0052      Fe 2                4211.11A    -5.105    0.0015
S  2c                     0     -1.804    3.0175      H  1                8437.96A    -4.630    0.0045      Fe 2                3455.11A    -4.872    0.0026
S  3c                     0     -2.010    1.8778      H  1                8413.32A    -4.688    0.0039      Fe 2                3452.31A    -4.590    0.0049
Si 2c                     0     -2.061    1.6722      H  1                8392.40A    -4.739    0.0035      Fe 2                3440.99A    -4.497    0.0061
Si 3c                     0     -3.622    0.0459      H  1                8374.48A    -4.783    0.0032      Fe 2                2362.02A    -5.231    0.0011
Al 2c                     0     -3.208    0.1192      H  1                4.05115m    -3.438    0.0701      Fe 2                35.7675m    -3.985    0.0199
Ca 2c                     0     -2.124    1.4455      H  1                2.62515m    -3.657    0.0423      Fe 2                1.95361m    -3.455    0.0675
Cl 2c                     0     -3.314    0.0933      H  1                2.16553m    -3.860    0.0266      Fe 2                1.80002m    -3.228    0.1136
Cl 3c                     0     -4.036    0.0177      H  1                1.94456m    -4.037    0.0177      Fe 2                1.71113m    -3.861    0.0265
Fe 4c                     0     -3.837    0.0280      H  1                1.81741m    -4.193    0.0123      Fe 2                1.66377m    -3.475    0.0645
Fe 5c                     0     -4.797    0.0031      H  1                1.73621m    -4.331    0.0090      Fe 2                9399.04A    -3.372    0.0816
Mg 2c                     0     -1.977    2.0293      H  1                1.68065m    -4.426    0.0072      Fe 2                9226.63A    -3.389    0.0785
Mg 4c                     0     -5.204    0.0012      H  1                1.64072m    -4.529    0.0057      Fe 2                9033.49A    -4.057    0.0168
N  2c                     0     -1.747    3.4442      H  1                1.61093m    -4.623    0.0046      Fe 2                7388.17A    -3.598    0.0485
N  3c                     0     -3.745    0.0346      H  1                1.58805m    -4.710    0.0038      Fe 2                6440.41A    -4.264    0.0105
Na 3c                     0     -4.135    0.0141      H  1                1.57007m    -4.790    0.0031      Fe 2                5654.87A    -4.590    0.0049
Ni 2c                     0     -2.531    0.5656      H  1                1.55565m    -4.865    0.0026      Fe 2                5556.31A    -4.635    0.0045
O  4c                     0     -3.890    0.0248      H  1                1.54389m    -4.934    0.0022      Fe 2                5412.67A    -4.485    0.0063
S  4c                     0     -3.978    0.0202      H  1                1.53418m    -4.997    0.0019      Fe 2                5333.66A    -3.530    0.0568
continua........................................      H  1                1.52605m    -5.055    0.0017      Fe 2                5296.84A    -4.745    0.0035
Bac                 3646.00A    -1.061   16.7265      H  1                1.51919m    -5.107    0.0015      Fe 2                5268.89A    -4.451    0.0068
nFnu                3645.00A    -0.967   20.7507      H  1                1.51332m    -5.151    0.0014      Fe 2                5107.96A    -5.062    0.0017
nFnu                3647.00A    -1.679    4.0242      H  1                7.45782m    -3.956    0.0213      Fe 2                5049.30A    -3.890    0.0248
cout                3646.00A    -1.061   16.7265      H  1                4.65251m    -4.124    0.0145      Fe 2                5005.52A    -3.962    0.0210
thin                3646.00A    -1.061   16.7269      H  1                3.73954m    -4.292    0.0098      Fe 2                4973.40A    -4.258    0.0106
Inci                4860.00A    -0.986   19.8769      H  1                3.29609m    -4.445    0.0069      Fe 2                4950.76A    -4.506    0.0060
Inci                1367.00A    -0.730   35.7691      H  1                3.03837m    -4.582    0.0050      Fe 2                4352.79A    -4.061    0.0167
Inci                2066.00A    -0.820   29.0919      H  1                2.87221m    -4.715    0.0037      Fe 2                4319.62A    -4.229    0.0113
Inci                1215.00A    -0.705   37.9327      H  1                2.75752m    -4.817    0.0029      Fe 2                4305.90A    -4.828    0.0029
Ba C                      0     -1.768    3.2815      H  1                2.67440m    -4.911    0.0024      Fe 2                3504.51A    -5.175    0.0013
PA C                      0     -2.181    1.2683      H  1                2.61194m    -4.997    0.0019      Fe 2                3504.02A    -5.059    0.0017
FIR                 83.0000m    -2.289    0.9896      H  1                2.56363m    -5.077    0.0016      Fe 2                3501.63A    -4.625    0.0046
TIR                 1800.00m    -4.344    0.0087      H  1                2.52540m    -5.151    0.0014      Fe 2                2.06648m    -4.848    0.0027
NIRa                2.85000m    -0.378   80.5810      H  1                2.49458m    -5.220    0.0012      Fe 2                1.89541m    -3.964    0.0209
NIRb                3.00000m    -0.685   39.6889      H  1                2.46931m    -5.284    0.0010      Fe 2                1.79711m    -3.515    0.0588
MIRa                15.0000m    -0.890   24.7951      H  1                12.3685m    -4.390    0.0078      Fe 2                1.74494m    -3.797    0.0307
MIRb                22.5000m    -0.840   27.8107      H  1                7.50045m    -4.522    0.0058      Fe 2                9652.70A    -4.221    0.0116
NMIR                21.7500m    -0.378   80.5810      H  1                5.90660m    -4.665    0.0042      Fe 2                9470.94A    -3.780    0.0319
TFIR                611.250m    -3.313    0.0935      H  1                5.12726m    -4.797    0.0031      Fe 2                9267.56A    -3.754    0.0339
TALL                10000.0A     0.111  248.2088      H  1                4.67124m    -4.953    0.0021      Fe 2                6558.51A    -4.478    0.0064
F12                 12.0000m    -1.367    8.2605      H  1                4.37526m    -5.054    0.0017      Fe 2                5745.71A    -4.961    0.0021
F25                 25.0000m    -2.019    1.8393      H  1                4.16966m    -5.147    0.0014      Fe 2                5495.84A    -4.761    0.0033
F60                 60.0000m    -2.403    0.7596      H  1                4.01977m    -5.233    0.0011      Fe 2                5376.47A    -3.856    0.0268
F100                100.000m    -3.220    0.1159      H  1                19.0567m    -4.766    0.0033      Fe 2                5347.66A    -4.957    0.0021
MIPS                24.0000m    -2.089    1.5678      H  1                11.3056m    -4.871    0.0026      Fe 2                5181.96A    -4.908    0.0024
MIPS                70.0000m    -2.876    0.2559      H  1                8.75768m    -4.993    0.0020      Fe 2                5076.57A    -4.566    0.0052
MIPS                160.000m    -3.471    0.0650      H  1                7.50606m    -5.158    0.0013      Fe 2                5043.53A    -4.465    0.0066
IRAC                3.60000m    -1.635    4.4527      H  1                6.77015m    -5.257    0.0011      Fe 2                5020.24A    -4.483    0.0063
IRAC                4.50000m    -1.600    4.8291      H  1                27.7958m    -5.096    0.0015      Fe 2                4372.43A    -4.504    0.0060
IRAC                5.80000m    -1.447    6.8642      H  1                16.2047m    -5.181    0.0013      Fe 2                4358.37A    -4.511    0.0059
IRAC                8.00000m    -1.392    7.8068      Ca A                303.784A    -1.457    6.7125      Fe 2                3539.19A    -4.879    0.0025
SPR1                250.000m    -4.568    0.0052      Ca A                256.317A    -2.195    1.2266      Fe 2                3538.69A    -5.200    0.0012
SPR2                350.000m    -4.683    0.0040      Ca A                243.027A    -2.630    0.4510      Fe 2                5163.96A    -4.534    0.0056
SPR3                500.000m    -4.742    0.0035      Ca A                237.331A    -2.940    0.2210      Fe 2                3277.35A    -4.681    0.0040
PAC1                70.0000m    -2.868    0.2607      Ca A                234.347A    -3.182    0.1265      Fe 2                2926.59A    -4.681    0.0040
PAC2                100.000m    -3.141    0.1390      Ca A                232.584A    -3.382    0.0799      Fe 2                2755.74A    -3.858    0.0266
PAC3                160.000m    -3.438    0.0702      Ca A                231.454A    -3.552    0.0540      Fe 2                2739.55A    -4.016    0.0185
PAH                 3.30000m    -2.485    0.6289      Ca A                230.686A    -3.701    0.0383      Fe 2                2716.70A    -4.902    0.0024
PAHC                3.23000m    -2.763    0.3318      Ca A                230.139A    -3.833    0.0282      Fe 2                1.00287m    -4.639    0.0044
PAHC                3.37000m    -2.802    0.3034      Ca A                229.736A    -3.952    0.0215      Fe 2                5746.98A    -4.836    0.0028
PAH                 6.20000m    -2.066    1.6518      Ca A                229.431A    -4.061    0.0167      Fe 2                5283.12A    -5.142    0.0014
PAHC                5.65000m    -2.028    1.8049      Ca A                229.194A    -4.161    0.0133      Fe 2                2772.73A    -4.060    0.0167
PAH                 7.90000m    -1.871    2.5887      Ca A                229.006A    -4.253    0.0107      Fe 2                2749.32A    -4.855    0.0027
PAHC                6.90000m    -1.773    3.2403      Ca A                228.855A    -4.339    0.0088      Fe 2                2.04602m    -4.584    0.0050
PAH                 11.3000m    -2.613    0.4686      Ca A                228.731A    -4.420    0.0073      Fe 2                1.41956m    -5.003    0.0019
PAHC                10.9000m    -2.537    0.5582      Ca A                228.629A    -4.495    0.0062      Fe 2                5580.82A    -5.072    0.0016
PAH                 11.8000m    -2.479    0.6383      Ca A                228.543A    -4.566    0.0052      Fe 2                5551.32A    -4.811    0.0030
PAHC                12.6500m    -2.408    0.7524      Ca A                228.471A    -4.633    0.0045      Fe 2                2.13278m    -4.839    0.0028
PAH                 13.3000m    -2.628    0.4531      Ca A                228.409A    -4.696    0.0039      Fe 2                5613.27A    -5.027    0.0018
PAHC                14.1000m    -2.707    0.3777      Ca A                228.356A    -4.756    0.0034      Fe 2                2.24366m    -5.177    0.0013
Bcon                3640.00A    -0.316   92.9907      Ca A                228.309A    -4.812    0.0030      Fe 2                2.00672m    -4.614    0.0047
Pcon                5000.00A    -0.619   46.2269      Ca A                228.269A    -4.866    0.0026      Fe 2                2.22379m    -3.761    0.0334
O3bn                5007.00A    -1.926    2.2819      Ca A                228.234A    -4.917    0.0023      Fe 2                2.01513m    -4.404    0.0076
SX                  25.0000A    -1.820    2.9108      Ca A                1640.41A    -2.441    0.6974      Fe 2                9682.08A    -4.432    0.0071
HX                  4.70000A    -1.554    5.3755      Ca A                1215.13A    -2.975    0.2037      Fe 2                8715.81A    -4.983    0.0020
ROSA                12.3980A    -1.368    8.2479      Ca A                1084.94A    -3.331    0.0898      Fe 2                6873.84A    -4.762    0.0033
HFFc                      0     -2.124    1.4450      Ca A                1025.27A    -3.597    0.0486      Fe 2                6188.55A    -4.749    0.0034
H FF                      0     -2.181    1.2668      Ca A                992.358A    -3.811    0.0297      Fe 2                2.25348m    -4.921    0.0023
HeFF                      0     -3.064    0.1660      Ca A                972.106A    -3.991    0.0196      Fe 2                1.00139m    -5.225    0.0011
MeFB                      0     -4.278    0.0101      Ca A                958.693A    -4.146    0.0137      Fe 2                1.71482m    -5.041    0.0018
MeFF                      0     -4.827    0.0029      Ca A                949.323A    -4.284    0.0100      Fe 2                5169.03A    -4.856    0.0027
ToFF                      0     -2.127    1.4356      Ca A                942.507A    -4.406    0.0075      Fe 3                22.9190m    -2.668    0.4129
nFnu                6915.34m    -5.283    0.0010      Ca A                937.389A    -4.518    0.0058      Fe 3                4985.87A    -3.922    0.0230
nFnu                122.367m    -3.818    0.0293      Ca A                933.444A    -4.619    0.0046      Fe 3                4924.54A    -4.278    0.0101
nInu                122.367m    -4.791    0.0031      Ca A                930.337A    -4.714    0.0037      Fe 3                4881.00A    -3.220    0.1160
nFnu                60.8157m    -3.572    0.0515      Ca A                927.846A    -4.801    0.0030      Fe 3                4658.05A    -2.799    0.3057
nInu                60.8157m    -3.733    0.0356      Ca A                925.816A    -4.882    0.0025      Fe 3                4607.03A    -4.055    0.0169
nFnu                41.2039m    -3.425    0.0722      Ca A                924.142A    -4.959    0.0021      Fe 3                4070.71A    -4.990    0.0020
nInu                41.2039m    -3.140    0.1393      Ca A                922.743A    -5.031    0.0018      Fe 3                4008.35A    -3.948    0.0217
nFnu                30.8611m    -3.321    0.0918      Ca A                921.562A    -5.099    0.0015      Fe 3                3322.54A    -3.811    0.0297
nInu                30.8611m    -2.699    0.3844      Ca A                920.556A    -5.164    0.0013      Fe 3                3239.74A    -3.877    0.0255
nFnu                24.7761m    -3.241    0.1103      Ca A                919.693A    -5.225    0.0011      Fe 3                2438.29A    -4.335    0.0089
nInu                24.7761m    -2.365    0.8301      Ca A                918.945A    -5.284    0.0010      Fe 3                1576.66A    -5.167    0.0013
nFnu                24.2932m    -3.234    0.1121      Ca A                4685.68A    -3.145    0.1379      Fe 3                33.0270m    -3.225    0.1146
nInu                24.2932m    -2.334    0.8903      Ca A                3203.08A    -3.550    0.0542      Fe 3                5270.40A    -3.044    0.1739
nFnu                22.8240m    -3.212    0.1182      Ca A                2733.28A    -3.846    0.0274      Fe 3                5032.68A    -5.084    0.0016
nInu                22.8240m    -2.243    1.0983      Ca A                2511.19A    -4.077    0.0161      Fe 3                4987.21A    -3.960    0.0211
nFnu                21.4141m    -3.190    0.1242      Ca A                2385.39A    -4.269    0.0104      Fe 3                4754.69A    -3.524    0.0575
nInu                21.4141m    -2.147    1.3708      Ca A                2306.18A    -4.432    0.0071      Fe 3                4701.54A    -3.343    0.0872
nFnu                21.1177m    -3.184    0.1259      Ca A                2252.67A    -4.575    0.0051      Fe 3                4667.01A    -4.358    0.0084
nInu                21.1177m    -2.122    1.4531      Ca A                2214.65A    -4.702    0.0038      Fe 3                4079.70A    -4.507    0.0060
nFnu                19.6146m    -3.156    0.1342      Ca A                2186.59A    -4.817    0.0029      Fe 3                4046.42A    -4.909    0.0024
nInu                19.6146m    -2.010    1.8782      Ca A                2165.23A    -4.922    0.0023      Fe 3                3371.41A    -3.945    0.0218
nFnu                17.6486m    -3.117    0.1468      Ca A                2148.58A    -5.018    0.0018      Fe 3                3301.56A    -5.010    0.0019
nInu                17.6486m    -1.853    2.6965      Ca A                2135.34A    -5.108    0.0015      Fe 3                3286.19A    -4.393    0.0078
nFnu                17.3653m    -3.112    0.1487      Ca A                2124.61A    -5.191    0.0012      Fe 3                2464.51A    -4.478    0.0064
nInu                17.3653m    -1.828    2.8584      Ca A                2115.81A    -5.269    0.0010      Fe 3                51.6655m    -3.902    0.0241
nFnu                15.6859m    -3.077    0.1612      Ca A                1.01235m    -3.688    0.0394      Fe 3                5011.26A    -3.696    0.0387
nInu                15.6859m    -1.671    4.1036      Ca A                6560.01A    -4.007    0.0189      Fe 3                4769.43A    -3.811    0.0297
nFnu                14.5997m    -3.048    0.1720      Ca A                5411.45A    -4.257    0.0106      Fe 3                4733.91A    -3.817    0.0293
nInu                14.5997m    -1.564    5.2427      Ca A                4859.26A    -4.461    0.0067      Fe 3                3406.18A    -4.308    0.0095
nFnu                12.4266m    -2.986    0.1987      Ca A                4541.54A    -4.633    0.0045      Fe 3                3334.90A    -4.388    0.0079
nInu                12.4266m    -1.316    9.2851      Ca A                4338.62A    -4.782    0.0032      Fe 3                3319.22A    -4.560    0.0053
nFnu                11.3969m    -2.957    0.2123      Ca A                4199.78A    -4.914    0.0023      Fe 3                2483.05A    -4.647    0.0043
nInu                11.3969m    -1.184   12.5749      Ca A                4099.99A    -5.032    0.0018      Fe 3                105.345m    -5.078    0.0016
nFnu                10.4572m    -2.921    0.2308      Ca A                4025.55A    -5.140    0.0014      Fe 3                5411.98A    -4.100    0.0153
nInu                10.4572m    -1.053   17.0301      Ca A                3968.39A    -5.239    0.0011      Fe 3                4930.54A    -4.344    0.0087
nFnu                9.47744m    -2.889    0.2481      Ca A                1.86365m    -4.139    0.0140      Fe 3                4777.68A    -4.137    0.0140
nInu                9.47744m    -0.986   19.8781      Ca A                1.16262m    -4.395    0.0077      Fe 3                3428.79A    -4.967    0.0021
nFnu                9.32234m    -2.884    0.2512      Ca A                9344.80A    -4.609    0.0047      Fe 3                3356.57A    -4.468    0.0065
nInu                9.32234m    -0.986   19.8781      Ca A                8236.67A    -4.789    0.0031      Fe 3                3355.48A    -4.719    0.0037
nFnu                8.20812m    -2.833    0.2827      Ca A                7592.65A    -4.945    0.0022      Fe 3                2495.04A    -4.885    0.0025
nInu                8.20812m    -0.986   19.8780      Ca A                7177.41A    -5.081    0.0016      Fe 3                5084.77A    -4.472    0.0065
nFnu                7.57793m    -2.808    0.2994      Ca A                6890.80A    -5.203    0.0012      Fe 3                3366.21A    -4.781    0.0032
nInu                7.57793m    -0.986   19.8780      Ca A                3.09080m    -4.527    0.0057      Fe 3                8838.21A    -5.110    0.0015
nFnu                7.04834m    -2.770    0.3267      Ca A                1.87431m    -4.735    0.0035      Fe 3                8728.94A    -4.973    0.0020
nInu                7.04834m    -0.986   19.8780      Ca A                1.47602m    -4.921    0.0023      Fe 3                40.0371m    -4.801    0.0030
nFnu                4.11258m    -2.560    0.5302      Ca A                1.28127m    -5.081    0.0016      Fe 3                2.21782m    -3.916    0.0233
nInu                4.11258m    -0.986   19.8777      Ca A                1.16730m    -5.221    0.0012      Fe 3                9701.27A    -4.199    0.0122
nFnu                2.32377m    -2.379    0.8041      Ca A                4.76213m    -4.868    0.0026      Fe 3                3307.57A    -5.277    0.0010
nInu                2.32377m    -0.986   19.8775      Ca A                2.82519m    -5.039    0.0018      Fe 3                2.34788m    -4.095    0.0155
nFnu                1.64268m    -2.234    1.1219      Ca A                2.18848m    -5.201    0.0012      Fe 3                9942.18A    -4.393    0.0078
nInu                1.64268m    -0.986   19.8774      Ca A                6.94599m    -5.172    0.0013      Fe 3                9444.21A    -4.928    0.0023
nFnu                1.47981m    -2.225    1.1442      Ca B                1640.41A    -2.312    0.9377      Fe 3                2.24204m    -4.637    0.0044
nInu                1.47981m    -0.986   19.8771      Ca B                1215.13A    -2.835    0.2814      Fe 3                2.14511m    -4.870    0.0026
nFnu                1.43610m    -2.042    1.7444      Ca B                1084.94A    -3.187    0.1251      Fe 3                3.22847m    -4.442    0.0070
nInu                1.43610m    -0.986   19.8770      Ca B                1025.27A    -3.453    0.0678      Fe 3                2.87385m    -4.375    0.0081
nFnu                1.11836m    -2.036    1.7705      Ca B                992.358A    -3.667    0.0414      Fe 3                1.06081m    -4.882    0.0025
nInu                1.11836m    -0.986   19.8763      Ca B                972.106A    -3.848    0.0273      Fe 3                2.90407m    -5.043    0.0017
nFnu                8327.39A    -2.040    1.7542      Ca B                958.693A    -4.004    0.0191      Fe 3                1.08826m    -5.277    0.0010
nInu                8327.39A    -0.986   19.8761      Ca B                949.323A    -4.141    0.0139      Fe 3                3.04312m    -5.258    0.0011
nFnu                8076.39A    -1.666    4.1454      Ca B                942.507A    -4.264    0.0105      K  3                4.61683m    -4.455    0.0067
nInu                8076.39A    -0.986   19.8760      Ca B                937.389A    -4.376    0.0081      Mg 1                2852.13A    -3.814    0.0295
nFnu                6207.94A    -1.720    3.6609      Ca B                933.444A    -4.479    0.0064      Mg 1                4562.60A    -3.565    0.0523
nInu                6207.94A    -0.986   19.8761      Ca B                930.337A    -4.573    0.0051      Mg 1                4571.10A    -3.994    0.0195
nFnu                4884.00A    -1.750    3.4224      Ca B                927.846A    -4.661    0.0042      Mg 1                4575.29A    -4.943    0.0022
nInu                4884.00A    -0.986   19.8761      Ca B                925.816A    -4.743    0.0035      Mg 3                231.734A    -5.032    0.0018
nFnu                3703.28A    -1.714    3.7122      Ca B                924.142A    -4.819    0.0029      Mn 2                2576.10A    -4.293    0.0098
nInu                3703.28A    -0.947   21.7273      Ca B                922.743A    -4.892    0.0025      Mn 2                2593.72A    -4.381    0.0080
nFnu                3586.64A    -0.978   20.2110      Ca B                921.562A    -4.960    0.0021      Mn 2                2605.68A    -4.515    0.0059
nInu                3586.64A    -0.940   22.0558      Ca B                920.556A    -5.025    0.0018      N  1                1134.17A    -5.100    0.0015
nFnu                2429.31A    -1.251   10.7882      Ca B                919.693A    -5.086    0.0016      N  1                1134.41A    -5.038    0.0018
nInu                2429.31A    -0.856   26.8042      Ca B                918.945A    -5.144    0.0014      N  1                1134.98A    -5.009    0.0019
nFnu                2391.30A    -1.255   10.6863      Ca B                918.295A    -5.200    0.0012      N  1                1199.55A    -4.673    0.0041
nInu                2391.30A    -0.852   27.0285      Ca B                917.724A    -5.253    0.0011      N  1                1200.22A    -4.705    0.0038
nFnu                2070.68A    -1.247   10.8993      Ca B                4685.68A    -3.119    0.1463      N  1                1200.71A    -4.835    0.0028
nInu                2070.68A    -0.821   29.0368      Ca B                3203.08A    -3.514    0.0589      N  1                3466.50A    -5.073    0.0016
nFnu                2052.02A    -1.229   11.3471      Ca B                2733.28A    -3.804    0.0302      N  1                5197.90A    -3.484    0.0630
nInu                2052.02A    -0.819   29.1823      Ca B                2511.19A    -4.032    0.0178      N  1                5200.26A    -3.506    0.0600
nFnu                1793.44A    -1.164   13.1919      Ca B                2385.39A    -4.222    0.0115      N  1                1.03977m    -4.578    0.0051
nInu                1793.44A    -0.790   31.1943      Ca B                2306.18A    -4.384    0.0079      N  1                1.03982m    -5.122    0.0015
nFnu                1585.12A    -1.122   14.5087      Ca B                2252.67A    -4.526    0.0057      N  1                1.04072m    -4.926    0.0023
nInu                1585.12A    -0.762   33.2328      Ca B                2214.65A    -4.653    0.0043      N  1                1.04076m    -4.935    0.0022
nFnu                1458.33A    -1.113   14.8290      Ca B                2186.59A    -4.767    0.0033      Ne 2                12.8101m    -2.905    0.2395
nInu                1458.33A    -0.744   34.6409      Ca B                2165.23A    -4.872    0.0026      Ne 3                15.5509m    -2.337    0.8860
nFnu                1356.96A    -1.147   13.7179      Ca B                2148.58A    -4.968    0.0021      Ne 3                3868.76A    -2.687    0.3953
nInu                1356.96A    -0.729   35.8763      Ca B                2135.34A    -5.057    0.0017      Ne 3                36.0036m    -3.384    0.0794
nFnu                1297.29A    -1.241   11.0455      Ca B                2124.61A    -5.140    0.0014      Ne 3                3967.47A    -3.205    0.1200
nInu                1297.29A    -0.719   36.7241      Ca B                2115.81A    -5.218    0.0012      Ne 3                491.045A    -5.021    0.0018
nFnu                1262.79A    -1.382    7.9774      Ca B                1.01235m    -3.677    0.0405      Ne 3                313.688A    -5.247    0.0011
nInu                1262.79A    -0.713   37.2175      Ca B                6560.01A    -3.992    0.0196      O  1                1040.94A    -5.137    0.0014
nFnu                1218.08A    -2.015    1.8559      Ca B                5411.45A    -4.239    0.0111      O  1                1302.17A    -5.211    0.0012
nInu                1218.08A    -0.705   37.9067      Ca B                4859.26A    -4.441    0.0070      O  1                1304.86A    -4.528    0.0057
nFnu                1196.33A    -2.001    1.9205      Ca B                4541.54A    -4.611    0.0047      O  1                1306.03A    -4.962    0.0021
nInu                1196.33A    -0.702   38.2201      Ca B                4338.62A    -4.759    0.0033      O  1                2972.29A    -5.228    0.0011
nFnu                1175.06A    -1.987    1.9814      Ca B                4199.78A    -4.891    0.0025      O  1                5577.34A    -4.278    0.0101
nInu                1175.06A    -0.698   38.5401      Ca B                4099.99A    -5.009    0.0019      O  1                6300.30A    -2.581    0.5048
nFnu                1143.64A    -1.963    2.0957      Ca B                4025.55A    -5.116    0.0015      O  1                6363.78A    -3.076    0.1613
nInu                1143.64A    -0.692   39.1228      Ca B                3968.39A    -5.214    0.0012      O  1                63.1679m    -2.911    0.2359
nFnu                1113.22A    -1.941    2.2038      Ca B                1.86365m    -4.132    0.0142      O  1                145.495m    -4.013    0.0187
nInu                1113.22A    -0.686   39.6482      Ca B                1.16262m    -4.386    0.0079      O  2                539.086A    -4.869    0.0026
nFnu                1103.23A    -1.935    2.2317      Ca B                9344.80A    -4.599    0.0048      O  2                539.547A    -4.903    0.0024
nInu                1103.23A    -0.684   39.7807      Ca B                8236.67A    -4.778    0.0032      O  2                539.854A    -4.961    0.0021
nFnu                1073.86A    -1.909    2.3718      Ca B                7592.65A    -4.932    0.0022      O  2                832.758A    -4.968    0.0021
nInu                1073.86A    -0.680   40.2231      Ca B                7177.41A    -5.068    0.0016      O  2                833.330A    -4.915    0.0023
nFnu                1064.34A    -1.901    2.4126      Ca B                6890.80A    -5.189    0.0012      O  2                834.465A    -4.901    0.0024
nInu                1064.34A    -0.677   40.4253      Ca B                3.09080m    -4.520    0.0058      O  2                2470.22A    -3.763    0.0332
nFnu                1035.92A    -1.882    2.5262      Ca B                1.87431m    -4.728    0.0036      O  2                2470.34A    -3.169    0.1303
nInu                1035.92A    -0.672   40.9687      Ca B                1.47602m    -4.913    0.0023      O  2                7318.92A    -3.846    0.0274
nFnu                1000.00A    -1.854    2.6917      Ca B                1.28127m    -5.073    0.0016      O  2                7319.99A    -3.363    0.0834
nInu                1000.00A    -0.664   41.7239      Ca B                1.16730m    -5.213    0.0012      O  2                7329.67A    -3.623    0.0458
nFnu                925.144A    -1.798    3.0608      Ca B                4.76213m    -4.861    0.0026      O  2                7330.73A    -3.632    0.0449
nInu                925.144A    -0.647   43.3609      Ca B                2.82519m    -5.033    0.0018      O  2                3728.81A    -1.889    2.4831
nFnu                897.800A    -3.882    0.0252      Ca B                2.18848m    -5.195    0.0012      O  2                3726.03A    -1.752    3.4031
nFnu                496.874A    -3.614    0.0468      Ca B                6.94599m    -5.165    0.0013      O  3                88.3323m    -3.317    0.0928
RRC.............................................      He 2                607.571A    -1.847    2.7377      O  3                832.929A    -5.222    0.0012
H  1                3645.98A    -2.201    1.2102      He 2                303.784A    -1.908    2.3741      O  3                51.8004m    -2.754    0.3385
H  1                3645.98A    -1.848    2.7314      He 2                256.317A    -4.535    0.0056      O  3                4958.91A    -2.570    0.5181
H  1                8203.57A    -2.942    0.2200      He 2                243.027A    -4.663    0.0042      O  3                2320.95A    -5.064    0.0017
H  1                8203.57A    -2.540    0.5550      He 2                237.331A    -4.723    0.0036      O  3                1660.81A    -5.106    0.0015
H  1                8203.57A    -2.632    0.4488      He 2                234.347A    -4.758    0.0034      O  3                833.715A    -5.179    0.0013
H  1                1.45842m    -3.432    0.0711      He 2                232.584A    -4.789    0.0031      O  3                833.749A    -5.221    0.0012
H  1                1.45842m    -3.023    0.1822      He 2                231.454A    -4.800    0.0031      O  3                702.838A    -5.145    0.0014
H  1                1.45842m    -3.008    0.1888      He 2                230.686A    -4.828    0.0029      O  3                507.680A    -5.054    0.0017
H  1                1.45842m    -3.338    0.0882      He 2                230.139A    -4.852    0.0027      O  3                5006.84A    -2.109    1.4973
H  1                2.27878m    -3.793    0.0310      He 2                229.736A    -4.911    0.0024      O  3                1666.15A    -4.711    0.0037
H  1                2.27878m    -3.384    0.0794      He 2                229.431A    -4.920    0.0023      O  3                835.092A    -5.181    0.0013
H  1                2.27878m    -3.336    0.0887      He 2                229.194A    -4.928    0.0023      O  3                835.289A    -5.119    0.0015
H  1                2.27878m    -3.520    0.0581      He 2                229.006A    -4.936    0.0022      O  3                703.851A    -5.200    0.0012
H  1                2.27878m    -4.006    0.0190      He 2                228.855A    -4.942    0.0022      O  3                703.854A    -5.006    0.0019
H  1                3.28145m    -4.075    0.0162      He 2                228.731A    -4.947    0.0022      O  3                508.178A    -4.659    0.0042
H  1                3.28145m    -3.668    0.0413      He 2                228.629A    -4.950    0.0022      O  3                4363.21A    -4.437    0.0070
H  1                3.28145m    -3.608    0.0475      He 2                228.543A    -4.952    0.0021      P  2                60.6263m    -4.978    0.0020
H  1                3.28145m    -3.737    0.0352      He 2                228.471A    -4.952    0.0021      P  2                32.8620m    -4.279    0.0101
H  1                3.28145m    -4.050    0.0171      He 2                228.409A    -4.949    0.0022      P  2                1.14682m    -3.892    0.0247
H  1                3.28145m    -4.642    0.0044      He 2                228.356A    -4.940    0.0022      P  2                1.18828m    -3.468    0.0654
H  1                4.46642m    -4.306    0.0095      He 2                1640.41A    -2.346    0.8670      P  2                7875.99A    -4.896    0.0024
H  1                4.46642m    -3.901    0.0242      He 2                1215.13A    -2.823    0.2893      P  3                17.8797m    -4.792    0.0031
H  1                4.46642m    -3.835    0.0281      He 2                1084.94A    -3.161    0.1328      S  1                25.2421m    -5.192    0.0012
H  1                4.46642m    -3.939    0.0221      He 2                1025.27A    -3.420    0.0731      S  2                6730.82A    -2.119    1.4631
H  1                4.46642m    -4.182    0.0127      He 2                992.358A    -3.630    0.0451      S  2                6716.44A    -2.228    1.1372
H  1                4.46642m    -4.581    0.0050      He 2                972.106A    -3.807    0.0300      S  2                4076.35A    -3.506    0.0599
H  1                4.46642m    -5.246    0.0011      He 2                958.693A    -3.959    0.0212      S  2                4068.60A    -3.011    0.1875
H  1                5.83369m    -4.501    0.0061      He 2                949.323A    -4.092    0.0155      S  2                1.03364m    -3.644    0.0436
H  1                5.83369m    -4.097    0.0154      He 2                942.507A    -3.943    0.0219      S  2                1.02867m    -3.637    0.0443
H  1                5.83369m    -4.030    0.0180      He 2                937.389A    -4.036    0.0177      S  2                1.03705m    -3.966    0.0208
H  1                5.83369m    -4.120    0.0146      He 2                933.444A    -4.122    0.0145      S  2                1.03205m    -3.503    0.0603
H  1                5.83369m    -4.327    0.0091      He 2                930.337A    -4.201    0.0121      S  2                1259.52A    -5.200    0.0012
H  1                5.83369m    -4.642    0.0044      He 2                927.846A    -4.274    0.0102      S  2                1253.81A    -5.258    0.0011
H  1                5.83369m    -5.101    0.0015      He 2                925.816A    -4.341    0.0088      S  2                910.485A    -5.147    0.0014
H  1                7.38326m    -4.670    0.0041      He 2                924.142A    -4.404    0.0076      S  3                33.4704m    -2.849    0.2723
H  1                7.38326m    -4.267    0.0104      He 2                922.743A    -4.461    0.0066      S  3                18.7078m    -2.618    0.4632
H  1                7.38326m    -4.199    0.0122      He 2                921.562A    -4.514    0.0059      S  3                9068.62A    -2.782    0.3176
H  1                7.38326m    -4.282    0.0100      He 2                920.556A    -4.560    0.0053      S  3                9530.62A    -2.382    0.7977
H  1                7.38326m    -4.468    0.0066      He 2                919.693A    -4.598    0.0049      S  3                3721.63A    -4.352    0.0086
H  1                7.38326m    -4.738    0.0035      He 2                4685.68A    -3.222    0.1154      S  3                6312.06A    -4.078    0.0161
H  1                7.38326m    -5.103    0.0015      He 2                3203.08A    -3.549    0.0543      S  3                1728.94A    -5.105    0.0015
H  1                9.11514m    -4.819    0.0029      He 2                2733.28A    -3.815    0.0295      Si 2                34.8046m    -2.153    1.3522
H  1                9.11514m    -4.417    0.0074      He 2                2511.19A    -4.032    0.0179      Si 2                2334.41A    -4.021    0.0183
H  1                9.11514m    -4.348    0.0086      He 2                2385.39A    -4.214    0.0118      Si 2                2328.52A    -4.571    0.0052
H  1                9.11514m    -4.427    0.0072      He 2                2306.18A    -4.370    0.0082      Si 2                1808.01A    -3.879    0.0254
H  1                9.11514m    -4.600    0.0048      He 2                2252.67A    -4.508    0.0060      Si 2                1526.71A    -4.835    0.0028
H  1                9.11514m    -4.843    0.0028      He 2                2214.65A    -4.458    0.0067      Si 2                1304.37A    -5.242    0.0011
H  1                9.11514m    -5.155    0.0013      He 2                2186.59A    -4.551    0.0054      Si 2                1260.42A    -4.960    0.0021
H  1                11.0293m    -3.854    0.0269      He 2                2165.23A    -4.636    0.0044      Si 2                1193.29A    -5.093    0.0016
H  1                13.1258m    -3.966    0.0208      He 2                2148.58A    -4.715    0.0037      Si 2                1190.42A    -5.167    0.0013
H  1                15.4046m    -4.069    0.0164      He 2                2135.34A    -4.788    0.0031      Si 2                2350.17A    -3.896    0.0244
H  1                17.8657m    -4.165    0.0131      He 2                2124.61A    -4.855    0.0027      Si 2                2344.20A    -3.422    0.0727
H  1                20.5091m    -4.254    0.0107      He 2                2115.81A    -4.918    0.0023      Si 2                2334.60A    -3.319    0.0923
H  1                23.3348m    -4.338    0.0088      He 2                2108.49A    -4.975    0.0020      Si 2                1817.45A    -4.125    0.0144
H  1                26.3428m    -4.416    0.0074      He 2                2102.33A    -5.027    0.0018      Si 2                1816.93A    -3.540    0.0554
H  1                29.5331m    -4.491    0.0062      He 2                2097.10A    -5.074    0.0016      Si 2                1533.43A    -4.412    0.0074
H  1                32.9057m    -4.561    0.0053      He 2                2092.63A    -5.112    0.0015      Si 2                1309.28A    -4.845    0.0027
H  1                36.4606m    -4.627    0.0045      He 2                1.01235m    -3.833    0.0283      Si 2                1265.00A    -4.688    0.0039
H  1                40.1978m    -4.691    0.0039      He 2                6560.01A    -4.074    0.0162      Si 2                1264.74A    -4.712    0.0037
H  1                44.1173m    -4.751    0.0034      He 2                5411.45A    -4.290    0.0099      Si 2                1197.39A    -4.785    0.0032
H  1                48.2191m    -4.809    0.0030      He 2                4859.26A    -4.476    0.0064      Si 2                1194.50A    -4.695    0.0039
H  1                52.5033m    -4.864    0.0026      He 2                4541.54A    -4.636    0.0044      Si 3                1892.03A    -4.002    0.0191
H  1                56.9697m    -3.693    0.0390      He 2                4338.62A    -4.777    0.0032      Si 3                1882.71A    -3.866    0.0262
He 2                227.838A    -5.140    0.0014      He 2                4199.78A    -4.828    0.0029      Si 3                1206.50A    -4.881    0.0025
He 2                2049.91A    -3.771    0.0326      He 2                4099.99A    -4.920    0.0023      Al 2                2669.15A    -3.606    0.0476
He 2                2049.91A    -3.303    0.0957      He 2                4025.55A    -5.005    0.0019      Al 2                2660.35A    -3.499    0.0609
He 2                2049.91A    -3.289    0.0988      He 2                3968.39A    -5.083    0.0016      Al 2                1670.79A    -4.189    0.0124
He 2                3644.44A    -4.316    0.0093      He 2                3923.44A    -5.156    0.0013      C  4                1548.19A    -5.213    0.0012
He 2                3644.44A    -3.838    0.0279      He 2                3887.40A    -5.223    0.0012      Ca 2                7323.89A    -2.631    0.4500
He 2                3644.44A    -3.710    0.0375      He 2                1.86365m    -4.332    0.0090      Ca 2                7291.47A    -2.451    0.6808
He 2                3644.44A    -3.914    0.0234      He 2                1.16262m    -4.512    0.0059      Ca 2                3968.47A    -3.487    0.0627
He 2                5694.49A    -4.724    0.0036      He 2                9344.80A    -4.690    0.0039      Ca 2                8662.14A    -3.573    0.0513
He 2                5694.49A    -4.245    0.0109      He 2                8236.67A    -4.850    0.0027      Ca 2                3933.66A    -3.390    0.0783
He 2                5694.49A    -4.079    0.0160      He 2                7592.65A    -4.991    0.0020      Ca 2                8498.02A    -4.191    0.0124
He 2                5694.49A    -4.129    0.0143      He 2                7177.41A    -5.117    0.0015      Ca 2                8542.09A    -3.244    0.1096
He 2                5694.49A    -4.492    0.0062      He 2                6890.80A    -5.208    0.0012      Cl 2                14.3639m    -3.840    0.0278
He 2                8200.12A    -5.047    0.0017      He 2                3.09080m    -4.759    0.0034      Cl 2                33.2721m    -4.973    0.0020
He 2                8200.12A    -4.568    0.0052      He 2                1.87431m    -4.895    0.0025      Cl 2                8578.70A    -3.589    0.0496
He 2                8200.12A    -4.387    0.0079      He 2                1.47602m    -5.043    0.0017      Cl 2                9123.60A    -4.174    0.0129
He 2                8200.12A    -4.378    0.0081      He 2                1.28127m    -5.180    0.0013      Cl 3                5537.87A    -4.387    0.0079
He 2                8200.12A    -4.560    0.0053      He 2                4.76213m    -5.132    0.0014      Cl 3                5517.71A    -4.371    0.0082
He 2                8200.12A    -5.044    0.0017      He 2                2.82519m    -5.235    0.0011      Fe 4                3094.96A    -4.994    0.0020
He 2                1.11613m    -4.833    0.0028      He-like iso-sequence............................      Fe 4                2835.74A    -4.164    0.0132
He 2                1.11613m    -4.646    0.0043      He 1                1202.81A    -1.970    2.0620      Fe 4                2829.36A    -4.426    0.0072
He 2                1.11613m    -4.607    0.0047      He 1                584.334A    -3.221    0.1155      Fe 4                2567.61A    -5.086    0.0016
He 2                1.11613m    -4.714    0.0037      He 1                537.030A    -4.266    0.0104      Mg 2                2802.71A    -2.450    0.6824
He 2                1.11613m    -5.000    0.0019      He 1                522.213A    -4.405    0.0076      Mg 2                2795.53A    -2.154    1.3477
He 2                1.45781m    -5.057    0.0017      He 1                515.617A    -4.493    0.0062      Mg 4                4.48711m    -5.204    0.0012
He 2                1.45781m    -4.866    0.0026      He 1                512.099A    -4.557    0.0053      N  2                205.283m    -4.828    0.0029
He 2                1.45781m    -4.812    0.0030      He 1                625.563A    -1.753    3.3982      N  2                121.769m    -3.919    0.0232
He 2                1.45781m    -4.879    0.0025      He 1                510.018A    -4.784    0.0032      N  2                6548.05A    -2.355    0.8487
He 2                1.45781m    -5.077    0.0016      He 1                508.657A    -4.810    0.0030      N  2                6583.45A    -1.886    2.5019
He 2                1.84504m    -5.250    0.0011      He 1                507.727A    -4.831    0.0028      N  2                3062.83A    -5.074    0.0016
He 2                1.84504m    -5.058    0.0017      He 1                507.065A    -4.851    0.0027      N  2                5754.59A    -3.794    0.0309
He 2                1.84504m    -4.994    0.0019      He 1                506.576A    -4.868    0.0026      N  2                2139.01A    -4.289    0.0099
He 2                1.84504m    -5.038    0.0018      He 1                506.204A    -4.887    0.0025      N  2                2142.77A    -3.898    0.0243
He 2                1.84504m    -5.187    0.0012      He 1                505.916A    -4.906    0.0024      N  2                1085.70A    -4.979    0.0020
He 2                2.27783m    -5.225    0.0011      He 1                505.687A    -4.926    0.0023      N  2                1084.58A    -5.037    0.0018
He 2                2.27783m    -5.157    0.0013      He 1                505.502A    -4.945    0.0022      N  2                1085.55A    -5.122    0.0015
He 2                2.27783m    -5.186    0.0013      He 1                505.352A    -4.965    0.0021      N  2                1083.99A    -5.087    0.0016
He 2                2.75620m    -4.585    0.0050      He 1                505.227A    -4.984    0.0020      N  2                1084.56A    -5.181    0.0013
He 2                3.28011m    -4.697    0.0039      He 1                505.122A    -5.004    0.0019      N  2                915.612A    -5.061    0.0017
He 2                3.84958m    -4.800    0.0030      He 1                505.033A    -5.022    0.0018      N  2                916.020A    -5.218    0.0012
He 2                4.46460m    -4.895    0.0024      He 1                504.958A    -5.107    0.0015      N  2                916.710A    -5.193    0.0012
He 2                5.12518m    -4.984    0.0020      He 1                504.893A    -5.101    0.0015      N  2                916.012A    -5.139    0.0014
He 2                5.83131m    -5.067    0.0016      He 1                504.836A    -5.078    0.0016      N  2                916.701A    -4.942    0.0022
He 2                6.58301m    -5.146    0.0014      He 1                504.787A    -5.142    0.0014      N  2                915.962A    -5.033    0.0018
He 2                7.38026m    -5.220    0.0012      He 1                504.744A    -5.093    0.0016      N  3                57.3238m    -3.775    0.0323
He 2                14.2366m    -4.375    0.0081      He 1                504.706A    -5.023    0.0018      N  3                1749.67A    -5.277    0.0010
He 1                2599.69A    -3.320    0.0920      He 1                504.672A    -4.260    0.0106      N  3                989.799A    -5.238    0.0011
He 1                3120.85A    -3.830    0.0285      He 1                1.08291m    -3.850    0.0271      N  3                991.577A    -5.166    0.0013
He 1                3421.00A    -3.811    0.0297      He 1                1.08302m    -3.251    0.1079      N  3                686.336A    -5.261    0.0011
He 1                3420.88A    -3.333    0.0892      He 1                1.08303m    -2.931    0.2254      N  3                685.817A    -5.027    0.0018
He 1                3420.88A    -3.112    0.1487      Blnd                1.08302m    -2.727    0.3604      Na 3                7.31570m    -4.135    0.0141
He 1                3678.70A    -3.528    0.0570      He 1                3888.64A    -3.267    0.1039      Ni 2                1.19102m    -3.694    0.0389
He 1                6632.16A    -4.237    0.0111      He 1                3187.74A    -3.667    0.0414      Ni 2                6.63416m    -3.361    0.0838
He 1                7435.20A    -4.654    0.0043      He 1                2945.10A    -3.982    0.0200      Ni 2                1.07151m    -3.965    0.0209
He 1                7843.40A    -3.595    0.0489      He 1                2829.08A    -4.238    0.0111      Ni 2                10.6793m    -3.602    0.0481
He 1                8188.35A    -3.802    0.0304      He 1                2760.44A    -4.809    0.0030      Ni 2                1.16130m    -4.811    0.0030
He 1                8190.64A    -4.291    0.0098      He 1                2721.00A    -4.956    0.0021      Ni 2                12.7253m    -4.348    0.0086
He 1                8261.30A    -4.203    0.0120      He 1                2694.61A    -5.087    0.0016      Ni 2                1.09177m    -5.182    0.0013
He 1                1.24770m    -4.796    0.0031      He 1                2676.05A    -5.207    0.0012      Ni 2                18.2355m    -5.148    0.0014
He 1                1.35640m    -5.178    0.0013      He 1                2.05813m    -4.078    0.0161      Ni 2                7377.83A    -2.960    0.2111
He 1                1.40933m    -4.099    0.0153      He 1                5015.68A    -3.892    0.0247      Ni 2                8300.99A    -4.256    0.0107
He 1                1.45602m    -4.176    0.0128      He 1                3964.73A    -4.282    0.0101      Ni 2                1.93877m    -3.667    0.0414
He 1                1.45643m    -4.668    0.0041      He 1                3613.64A    -4.585    0.0050      Ni 2                2.36883m    -4.954    0.0021
He 1                1.45759m    -4.521    0.0058      He 1                3447.59A    -4.836    0.0028      Ni 2                2.91064m    -4.623    0.0046
He 1                1.45759m    -4.998    0.0019      He 1                7065.71A    -4.795    0.0031      Ni 2                6666.80A    -4.383    0.0080
He 1                1.46631m    -4.679    0.0040      He 1                7065.21A    -4.318    0.0093      Ni 2                7411.61A    -4.165    0.0132
He 1                2.01409m    -5.191    0.0012      He 1                7065.18A    -4.096    0.0154      Ni 2                4326.24A    -4.249    0.0108
He 1                2.21671m    -4.470    0.0065      Blnd                7065.25A    -3.841    0.0278      Ni 2                4628.05A    -4.671    0.0041
He 1                2.27546m    -4.503    0.0060      He 1                5875.98A    -4.195    0.0123      Ni 2                7255.82A    -4.603    0.0048
He 1                2.27605m    -4.996    0.0019      He 1                5875.64A    -3.718    0.0368      Ni 2                1.04597m    -5.087    0.0016
He 1                2.27752m    -4.702    0.0038      He 1                5875.61A    -3.496    0.0614      Ni 2                1.23230m    -5.115    0.0015
He 1                2.27752m    -5.179    0.0013      Blnd                5875.66A    -3.241    0.1104      Ni 2                4201.17A    -4.567    0.0052
He 1                2.27778m    -5.188    0.0012      He 1                4713.16A    -5.105    0.0015      Ni 2                4485.21A    -5.020    0.0018
He 1                2.28865m    -5.035    0.0018      He 1                4713.14A    -4.883    0.0025      Ni 2                7307.65A    -4.915    0.0023
He 1                3.20639m    -4.759    0.0034      Blnd                4713.17A    -4.628    0.0045      Ni 2                7612.72A    -5.243    0.0011
He 1                3.27716m    -4.773    0.0032      He 1                4471.69A    -4.615    0.0047      Ni 2                4033.04A    -4.844    0.0028
He 1                3.27791m    -5.270    0.0010      He 1                4471.49A    -4.138    0.0140      Ni 2                4294.09A    -4.965    0.0021
He 1                3.27969m    -4.920    0.0023      He 1                4471.47A    -3.916    0.0233      Ni 2                6813.57A    -4.986    0.0020
He 1                3.28001m    -5.233    0.0011      Blnd                4471.50A    -3.661    0.0420      Ni 2                3993.06A    -4.402    0.0076
He 1                4.46460m    -4.333    0.0089      Blnd                4120.84A    -5.066    0.0017      Ni 2                4248.80A    -4.877    0.0026
He 1                5.83132m    -4.504    0.0060      He 1                4026.36A    -4.933    0.0022      Ni 2                6365.10A    -4.876    0.0026
He 1                7.38026m    -4.655    0.0043      He 1                4026.20A    -4.456    0.0067      Ni 2                3438.88A    -4.707    0.0038
He 1                9.11143m    -4.791    0.0031      He 1                4026.19A    -4.234    0.0112      Ni 2                3626.89A    -5.015    0.0019
He 1                11.0248m    -4.914    0.0023      Blnd                4026.21A    -3.979    0.0202      O  4                25.8863m    -3.890    0.0248
He 1                13.1205m    -5.026    0.0018      He 1                3819.76A    -5.190    0.0012      S  4                10.5076m    -3.979    0.0202
He 1                15.3983m    -5.130    0.0014      He 1                3819.61A    -4.713    0.0037      level 1 lines...................................
He 1                17.8584m    -5.226    0.0011      He 1                3819.60A    -4.491    0.0062      recombination...................................
He 1                61.5933m    -4.791    0.0031      Blnd                3819.62A    -4.236    0.0112      C  1                1657.00A    -5.060    0.0017
C  1                1101.07A    -4.836    0.0028      He 1                3704.90A    -5.128    0.0014      C  2                4267.00A    -5.113    0.0015
grains..........................................      He 1                3704.76A    -4.650    0.0043      C  2                1761.00A    -5.193    0.0012
H-like iso-sequence.............................      He 1                3704.75A    -4.429    0.0072      C  2                1335.00A    -3.380    0.0801
H  1 Cool           1215.67A    -2.045    1.7343      Blnd                3704.77A    -4.173    0.0129      O  1                1357.00A    -4.555    0.0054
Crst                960.000A    -2.230    1.1314      He 1                3634.08A    -4.812    0.0030      C  1                1140.10A    -4.594    0.0049
LA X                1215.67A    -3.140    0.1393      He 1                3634.07A    -4.590    0.0049      C  2                1167.50A    -5.051    0.0017
CION                      0     -4.431    0.0071      Blnd                3634.09A    -4.335    0.0089      C  2                1092.50A    -4.443    0.0069
Ca B                1215.67A    -0.756   33.7577      He 1                3587.16A    -4.953    0.0021      C  2                1036.80A    -4.091    0.0156
Q(H)                4861.32A    -2.286    0.9959      He 1                3587.15A    -4.732    0.0036      C  2                946.100A    -4.114    0.0148
Q(H)                1215.67A    -0.754   33.8543      Blnd                3587.17A    -4.476    0.0064      C  2                799.800A    -3.207    0.1195
CaBo                4861.32A    -2.286    0.9964      He 1                3554.34A    -5.080    0.0016      N  1                980.700A    -4.818    0.0029
CaBo                1640.00A    -2.317    0.9277      He 1                3554.33A    -4.858    0.0027      N  2                1085.10A    -5.075    0.0016
CaBo                4685.64A    -3.128    0.1432      Blnd                3554.35A    -4.603    0.0048      N  2                646.400A    -5.106    0.0015
Ca A                1215.67A    -0.919   23.1952      He 1                3530.43A    -5.195    0.0012      O  1                7949.50A    -5.018    0.0018
Ca A                1025.72A    -1.595    4.8890      He 1                3530.43A    -4.973    0.0020      O  2                386.300A    -4.241    0.0110
Ca A                972.537A    -2.007    1.8922      Blnd                3530.44A    -4.718    0.0037      O  2                385.700A    -4.421    0.0073
Ca A                949.743A    -2.311    0.9392      He 1                3512.46A    -5.077    0.0016      level2 lines....................................
Ca A                937.803A    -2.554    0.5374      Blnd                3512.48A    -4.822    0.0029      C  1                943.939A    -5.068    0.0016
Ca A                930.748A    -2.756    0.3374      He 1                3498.60A    -5.173    0.0013      C  1                1247.50A    -5.115    0.0015
Ca A                926.226A    -2.929    0.2262      Blnd                3498.62A    -4.918    0.0023      C  1                1314.77A    -5.153    0.0014
Ca A                923.150A    -3.082    0.1593      He 1                3487.69A    -5.262    0.0011      C  1                1165.98A    -5.241    0.0011
Ca A                920.963A    -3.217    0.1166      Blnd                3487.70A    -5.007    0.0019      C  1                1233.29A    -5.261    0.0011
Ca A                919.351A    -3.339    0.0881      Blnd                3478.95A    -5.089    0.0016      C  2                596.559A    -4.887    0.0025
Ca A                918.129A    -3.449    0.0684      Blnd                3471.81A    -5.165    0.0013      C  2                561.959A    -4.933    0.0022
Ca A                917.181A    -3.549    0.0543      Blnd                3465.92A    -5.237    0.0011      C  2                530.721A    -4.958    0.0021
Ca A                916.429A    -3.640    0.0441      He 1                3439.99A    -5.219    0.0012      C  2                544.909A    -4.971    0.0021
Ca A                915.824A    -3.723    0.0364      He 1                3439.98A    -4.997    0.0019      C  2                535.300A    -4.984    0.0020
Ca A                915.329A    -3.798    0.0306      Blnd                3440.00A    -4.742    0.0035      C  2                550.361A    -5.052    0.0017
Ca A                914.919A    -3.867    0.0261      He 1                7281.35A    -4.474    0.0065      C  2                467.460A    -5.150    0.0014
Ca A                914.576A    -3.929    0.0226      He 1                6678.15A    -3.799    0.0305      C  2                424.791A    -5.261    0.0011
Ca A                914.286A    -3.985    0.0199      He 1                5047.74A    -5.068    0.0016      C  3                271.090A    -5.169    0.0013
Ca A                914.039A    -4.036    0.0177      He 1                4921.93A    -4.232    0.0113      C  3                268.600A    -5.249    0.0011
Ca A                913.826A    -4.082    0.0159      He 1                4387.93A    -4.552    0.0054      N  1                942.258A    -5.018    0.0018
Ca A                913.641A    -4.124    0.0145      He 1                4143.76A    -4.810    0.0030      N  2                532.161A    -4.862    0.0026
Ca A                913.480A    -4.161    0.0133      He 1                4009.05A    -4.810    0.0030      N  2                634.441A    -4.908    0.0024
Ca A                913.339A    -4.196    0.0123      He 1                3926.41A    -4.973    0.0020      N  2                475.141A    -4.941    0.0022
Ca A                6562.80A    -2.010    1.8785      He 1                3871.69A    -5.116    0.0015      N  2                528.139A    -4.960    0.0021
Ca A                4861.32A    -2.462    0.6633      He 1                3833.48A    -5.244    0.0011      N  2                452.970A    -5.022    0.0018
Ca A                4340.46A    -2.788    0.3133      He 1                4.29471m    -5.135    0.0014      N  2                441.950A    -5.057    0.0017
Ca A                4101.73A    -3.042    0.1745      He 1                1.25275m    -5.110    0.0015      N  2                474.291A    -5.052    0.0017
Ca A                3970.07A    -3.251    0.1078      He 1                9463.58A    -5.212    0.0012      N  2                437.731A    -5.083    0.0016
Ca A                3889.05A    -3.429    0.0715      He 1                1.70025m    -4.812    0.0030      N  2                452.610A    -5.167    0.0013
Ca A                3835.38A    -3.585    0.0500      He 1                1.19691m    -4.975    0.0020      N  2                441.659A    -5.262    0.0011
Ca A                3797.90A    -3.723    0.0364      He 1                1.03113m    -5.176    0.0013      N  2                432.160A    -5.282    0.0010
Ca A                3770.63A    -3.847    0.0273      He 1                9515.00A    -5.060    0.0017      O  1                867.303A    -5.091    0.0016
Ca A                3750.15A    -3.960    0.0211      He 1                9062.34A    -5.206    0.0012      O  1                976.791A    -4.912    0.0024
Ca A                3734.37A    -4.064    0.0166      He 1                1.86854m    -4.189    0.0124      O  1                969.049A    -4.970    0.0021
Ca A                3721.94A    -4.160    0.0133      He 1                1.27849m    -4.521    0.0058      O  1                946.387A    -5.009    0.0019
Ca A                3711.97A    -4.249    0.0108      He 1                1.09130m    -4.789    0.0031      O  1                934.501A    -5.040    0.0018
Ca A                3703.85A    -4.331    0.0090      He 1                1.00275m    -4.990    0.0020      O  1                973.577A    -5.055    0.0017
Ca A                3697.15A    -4.409    0.0075      He 1                9526.01A    -5.160    0.0013      O  1                927.472A    -5.070    0.0016
Ca A                3691.55A    -4.481    0.0064      He 1                1.86972m    -4.669    0.0041      O  1                948.506A    -5.108    0.0015
Ca A                3686.83A    -4.548    0.0054      He 1                1.27905m    -5.000    0.0019      O  1                922.969A    -5.105    0.0015
Ca A                3682.81A    -4.612    0.0047      He 1                1.09171m    -5.267    0.0010      O  1                919.912A    -5.139    0.0014
Ca A                3679.35A    -4.671    0.0041      He 1                1.90894m    -5.266    0.0010      O  1                935.672A    -5.165    0.0013
Ca A                3676.36A    -4.726    0.0036      He 1                4.03663m    -5.268    0.0010      O  1                917.726A    -5.175    0.0013
Ca A                3673.76A    -4.778    0.0032      He 1                4.04791m    -4.909    0.0024      O  1                918.704A    -5.205    0.0012
Ca A                3671.48A    -4.826    0.0029      He 1                2.62337m    -5.202    0.0012      O  1                928.186A    -5.226    0.0011
Ca A                1.87510m    -2.800    0.3051      Ca B                2945.10A    -4.011    0.0188      O  1                917.473A    -5.246    0.0011
Ca A                1.28181m    -3.126    0.1437      Ca B                3187.74A    -3.688    0.0394      O  2                425.190A    -4.751    0.0034
Ca A                1.09381m    -3.388    0.0787      Ca B                3613.64A    -4.595    0.0049      O  2                388.410A    -4.804    0.0030
Ca A                1.00494m    -3.602    0.0480      Ca B                3888.64A    -3.278    0.1015      O  2                373.600A    -4.852    0.0027
Ca A                9545.97A    -3.785    0.0316      Ca B                3964.73A    -4.286    0.0100      O  2                361.821A    -4.873    0.0026
Ca A                9229.02A    -3.943    0.0219      Ca B                4026.20A    -3.969    0.0207      O  2                366.060A    -4.885    0.0025
Ca A                9014.91A    -4.083    0.0159      Ca B                4120.82A    -5.042    0.0017      O  2                360.570A    -4.940    0.0022
Ca A                8862.79A    -4.209    0.0119      Ca B                4387.93A    -4.542    0.0055      O  2                414.619A    -4.992    0.0020
Ca A                8750.48A    -4.323    0.0091      Ca B                4471.49A    -3.642    0.0438      O  2                358.780A    -5.025    0.0018
Ca A                8665.02A    -4.428    0.0072      Ca B                4713.16A    -4.617    0.0046      O  2                356.930A    -5.026    0.0018
Ca A                8598.40A    -4.525    0.0057      Ca B                4921.93A    -4.209    0.0119      O  2                355.610A    -5.051    0.0017
Ca A                8545.39A    -4.615    0.0047      Ca B                5015.68A    -3.881    0.0253      O  2                384.420A    -5.151    0.0014
Ca A                8502.49A    -4.700    0.0038      Ca B                5047.74A    -5.041    0.0017      O  3                305.400A    -4.750    0.0034
Ca A                8467.26A    -4.778    0.0032      Ca B                5875.64A    -3.187    0.1249      O  3                268.070A    -4.918    0.0023
Ca A                8437.96A    -4.852    0.0027      Ca B                6678.15A    -3.735    0.0354      O  3                263.850A    -4.932    0.0023
Ca A                8413.32A    -4.922    0.0023      Ca B                7065.21A    -3.873    0.0257      O  3                373.640A    -4.936    0.0022
Ca A                8392.40A    -4.988    0.0020      Ca B                7281.35A    -4.455    0.0067      O  3                265.020A    -4.963    0.0021
Ca A                8374.48A    -5.051    0.0017      Ca B                9463.58A    -5.268    0.0010      O  3                248.730A    -4.978    0.0020
Ca A                8359.01A    -5.109    0.0015      Ca B                1.08302m    -2.546    0.5473      O  3                241.200A    -5.040    0.0018
Ca A                8345.56A    -5.165    0.0013      Ca B                1.19691m    -4.965    0.0021      O  3                248.620A    -5.099    0.0015
Ca A                8333.79A    -5.218    0.0012      Ca B                1.25275m    -5.182    0.0013      O  3                236.890A    -5.109    0.0015
Ca A                4.05115m    -3.399    0.0766      Ca B                1.27849m    -4.450    0.0068      O  3                234.190A    -5.175    0.0013
Ca A                2.62515m    -3.650    0.0430      Ca B                1.27905m    -4.923    0.0023      O  3                276.900A    -5.178    0.0013
Ca A                2.16553m    -3.867    0.0261      Ca B                1.70025m    -4.793    0.0031      O  3                241.140A    -5.199    0.0012
Ca A                1.94456m    -4.052    0.0171      Ca B                1.86854m    -4.076    0.0161      O  3                280.450A    -5.218    0.0012
Ca A                1.81741m    -4.212    0.0118      Ca B                1.86972m    -4.545    0.0055      O  3                263.230A    -5.229    0.0011
Ca A                1.73621m    -4.355    0.0085      Ca B                1.90894m    -5.243    0.0011      O  3                232.380A    -5.246    0.0011
Ca A                1.68065m    -4.482    0.0063      Ca B                2.05813m    -3.744    0.0347      Ne 2                444.150A    -5.132    0.0014
Ca A                1.64072m    -4.598    0.0049      Pho+                3889.00A    -2.711    0.3738      Ne 2                356.870A    -5.120    0.0015
Ca A                1.61093m    -4.704    0.0038      extra Lyman.....................................      Ne 2                461.050A    -5.162    0.0013
Ca A                1.58805m    -4.802    0.0030      database lines..................................      Ne 2                404.130A    -5.208    0.0012
Ca A                1.57007m    -4.893    0.0025      Al 3                1862.79A    -4.777    0.0032      Ne 2                327.700A    -5.273    0.0010
Ca A                1.55565m    -4.978    0.0020      Al 3                1854.72A    -4.542    0.0055      Ne 2                331.200A    -5.274    0.0010
Ca A                1.54389m    -5.057    0.0017      Ar 2                6.98337m    -3.439    0.0700      Ne 2                355.969A    -5.282    0.0010
Ca A                1.53418m    -5.132    0.0014      Ar 3                3109.18A    -4.798    0.0031      Ne 3                250.920A    -4.949    0.0022
Ca A                1.52605m    -5.203    0.0012      Ar 3                5191.82A    -5.133    0.0014      Ne 3                227.420A    -4.802    0.0030
Ca A                1.51919m    -5.271    0.0010      Ar 3                7135.79A    -2.935    0.2235      Ne 3                218.360A    -5.144    0.0014
Ca A                7.45782m    -3.890    0.0248      Ar 3                7751.11A    -3.559    0.0531      Ne 3                223.310A    -5.072    0.0016
Ca A                4.65251m    -4.088    0.0157      Ar 3                8.98898m    -2.910    0.2368      Ne 3                228.870A    -5.024    0.0018
Ca A                3.73954m    -4.271    0.0103      Ar 3                21.8253m    -4.095    0.0154      Ne 3                281.580A    -5.035    0.0018
Ca A                3.29609m    -4.433    0.0071      C  1                1561.44A    -5.219    0.0012      Ne 3                227.190A    -4.863    0.0026
Ca A                3.03837m    -4.576    0.0051      C  1                1657.01A    -5.128    0.0014      Ne 3                265.510A    -5.091    0.0016
Ca A                2.87221m    -4.704    0.0038      C  1                9824.13A    -3.894    0.0245      Ne 3                218.030A    -5.277    0.0010
Ca A                2.75752m    -4.821    0.0029      C  1                9850.26A    -3.419    0.0733      Mg 3                183.540A    -5.193    0.0012
Ca A                2.67440m    -4.928    0.0023      C  2                687.053A    -4.962    0.0021      Si 2                1179.59A    -4.622    0.0046
Ca A                2.61194m    -5.026    0.0018      C  2                687.352A    -5.240    0.0011      Si 2                993.354A    -5.035    0.0018
Ca A                2.56363m    -5.118    0.0015      C  2                858.092A    -5.200    0.0012      Si 2                893.551A    -5.157    0.0013
Ca A                2.52540m    -5.203    0.0012      C  2                858.559A    -5.073    0.0016      Si 2                1024.03A    -5.216    0.0012
Ca A                2.49458m    -5.284    0.0010      C  2                903.623A    -4.869    0.0026      S  2                750.323A    -5.031    0.0018
Ca A                12.3685m    -4.306    0.0095      C  2                903.962A    -4.802    0.0030      S  2                632.711A    -5.197    0.0012
Ca A                7.50045m    -4.466    0.0066      C  2                904.142A    -4.724    0.0036      S  2                888.439A    -5.143    0.0014
Ca A                5.90660m    -4.623    0.0046      C  2                904.480A    -4.848    0.0027      S  3                667.049A    -5.013    0.0019
Ca A                5.12726m    -4.765    0.0033      C  2                1036.34A    -4.807    0.0030      S  3                691.219A    -5.134    0.0014
Ca A                4.67124m    -4.894    0.0025      C  2                1037.02A    -4.735    0.0035      S  3                704.220A    -5.226    0.0011
Ca A                4.37526m    -5.011    0.0019      C  2                1334.53A    -4.538    0.0056      Ar 3                458.140A    -5.065    0.0017
Ca A                4.16966m    -5.118    0.0015      C  2                1335.66A    -4.532    0.0056      Ar 3                464.671A    -5.173    0.0013
Ca A                4.01977m    -5.217    0.0012      C  2                1335.71A    -4.190    0.0124      Ca 3                351.260A    -4.956    0.0021
Ca A                19.0567m    -4.668    0.0041      C  2                2323.50A    -3.844    0.0276      Ca 3                298.430A    -5.218    0.0012
Ca A                11.3056m    -4.798    0.0031      C  2                2324.69A    -3.625    0.0456      Fe 3                911.104A    -5.208    0.0012
Ca A                8.75768m    -4.935    0.0022      C  2                2325.40A    -2.818    0.2921      Fe 3                896.877A    -5.276    0.0010
Ca A                7.50606m    -5.062    0.0017      C  2                2326.93A    -3.061    0.1669      P  2                963.828A    -5.236    0.0011
Ca A                6.77015m    -5.178    0.0013      C  2                2328.12A    -3.572    0.0515      Ti 2                3364.74A    -3.977    0.0203
Ca A                27.7958m    -4.987    0.0020      C  2                157.636m    -3.675    0.0406      Ti 2                3237.15A    -4.219    0.0116
Ca A                16.2047m    -5.095    0.0015      C  3                1908.73A    -3.402    0.0763      Cr 2                2059.78A    -4.565    0.0052
Ca A                12.3838m    -5.215    0.0012      C  3                1906.68A    -3.239    0.1108      Ni 2                1751.83A    -5.117    0.0015
Ca A                38.8593m    -5.273    0.0010      C  3                977.020A    -4.488    0.0062      Ni 2                1744.24A    -4.990    0.0020
Ca B                6562.80A    -1.829    2.8479      C  3                386.203A    -5.176    0.0013      hyperfine structure.............................
Ca B                4861.32A    -2.288    0.9904      Ca 1                4226.73A    -5.187    0.0013      inner shell.....................................
Ca B                4340.46A    -2.618    0.4629      Ca 4                3.20610m    -4.507    0.0060      Mg 3                246.489A    -4.142    0.0139
Ca B                4101.73A    -2.876    0.2558      Co 2                10.5199m    -4.664    0.0042      Mg 3                247.968A    -4.145    0.0138
Ca B                3970.07A    -3.088    0.1571      Co 2                2.98382m    -5.029    0.0018      Si 4                720.838A    -4.924    0.0023
Ca B                3889.05A    -3.268    0.1037      Co 2                14.7345m    -4.772    0.0033      molecules.......................................
Ca B                3835.38A    -3.425    0.0723      Co 2                1.01879m    -4.254    0.0107      H-FB                      0     -4.104    0.0151
Ca B                3797.90A    -3.564    0.0524      Co 2                1.12804m    -5.224    0.0011      H-FF                      0     -4.314    0.0093
Ca B                3770.63A    -3.689    0.0393      Co 2                1.54700m    -4.499    0.0061      H-CT                6562.80A    -4.162    0.0132
Ca B                3750.15A    -3.803    0.0303      Co 2                9342.40A    -5.096    0.0015      H- H                      0     -4.871    0.0026
Ca B                3734.37A    -3.907    0.0238      Co 3                11.8845m    -5.214    0.0012      H2+                       0     -4.490    0.0062
Ca B                3721.94A    -4.002    0.0191      Cr 2                8000.08A    -4.226    0.0114      bands...........................................
Ca B                3711.97A    -4.090    0.0156      Cr 2                8125.30A    -4.296    0.0097      Fe 2b               2500.00A    -2.243    1.0993
Ca B                3703.85A    -4.172    0.0129      Cr 2                8229.67A    -4.389    0.0078      Fe 2b               5000.00A    -2.062    1.6658
Ca B                3697.15A    -4.248    0.0109      Cr 2                8308.49A    -4.576    0.0051      Fe 2b               7000.00A    -2.450    0.6828
Ca B                3691.55A    -4.319    0.0092      Cr 2                8357.64A    -4.871    0.0026      Fe 2b               10000.0A    -1.609    4.7339
Ca B                3686.83A    -4.385    0.0079      Fe 2                25.9813m    -2.419    0.7332      Fe 2b               2355.00A    -2.778    0.3202
Ca B                3682.81A    -4.446    0.0069      Fe 2                5.33871m    -2.020    1.8385      Fe 2b               2430.00A    -2.275    1.0216
Ca B                3679.35A    -4.504    0.0060      Fe 2                4.11387m    -3.971    0.0206      Fe 2b               2445.00A    -2.275    1.0216
Ca B                3676.36A    -4.557    0.0053      Fe 2                1.25668m    -3.121    0.1457      Fe 2b               2495.00A    -3.201    0.1209
Ca B                3673.76A    -4.608    0.0047      Fe 2                4632.28A    -4.095    0.0154      Fe 2b               2610.00A    -2.520    0.5802
Ca B                3671.48A    -4.655    0.0043      Fe 2                4416.27A    -4.030    0.0179      Fe 2b               2695.00A    -4.902    0.0024
Ca B                1.87510m    -2.752    0.3406      Fe 2                4382.74A    -5.018    0.0018      Fe 2b               2758.00A    -3.438    0.0701
Ca B                1.28181m    -3.070    0.1638      Fe 2                4287.39A    -3.244    0.1096      Fe 2b               2780.00A    -3.420    0.0731
Ca B                1.09381m    -3.327    0.0905      Fe 2                3175.38A    -5.048    0.0017      Fe 2b               2935.00A    -4.566    0.0052
Ca B                1.00494m    -3.540    0.0555      Fe 2                2599.40A    -4.003    0.0191      Fe 2b               2960.00A    -4.618    0.0046
Ca B                9545.97A    -3.721    0.0365      Fe 2                2585.88A    -4.822    0.0029      Fe 2b               3180.00A    -4.309    0.0094
Ca B                9229.02A    -3.879    0.0254      Fe 2                2382.04A    -3.117    0.1470      Fe 2b               3250.00A    -3.792    0.0310
Ca B                9014.91A    -4.019    0.0184      Fe 2                2373.74A    -4.871    0.0026      Fe 2b               3590.00A    -3.848    0.0273
Ca B                8862.79A    -4.145    0.0138      Fe 2                2343.50A    -4.940    0.0022      Fe 2b               3910.00A    -5.102    0.0015
Ca B                8750.48A    -4.259    0.0106      Fe 2                35.3391m    -3.051    0.1711      Fe 2b               4255.00A    -2.570    0.5177
Ca B                8665.02A    -4.363    0.0083      Fe 2                6.71944m    -3.159    0.1333      Fe 2b               4558.00A    -3.311    0.0939
Ca B                8598.40A    -4.460    0.0067      Fe 2                4.88781m    -3.635    0.0446      Fe 2b               4600.00A    -3.271    0.1030
Ca B                8545.39A    -4.549    0.0054      Fe 2                4.07521m    -4.394    0.0078      Fe 2b               4743.00A    -3.917    0.0233
Ca B                8502.49A    -4.632    0.0045      Fe 2                1.32055m    -3.617    0.0464      Fe 2b               4855.00A    -3.351    0.0856
Ca B                8467.26A    -4.709    0.0038      Fe 2                1.24854m    -4.371    0.0082      Fe 2b               4920.00A    -2.837    0.2800
Ca B                8437.96A    -4.781    0.0032      Fe 2                7637.52A    -3.698    0.0385      Fe 2b               4975.00A    -3.363    0.0833
Ca B                8413.32A    -4.849    0.0027      Fe 2                4889.62A    -3.937    0.0222      Fe 2b               4971.00A    -3.399    0.0767
Ca B                8392.40A    -4.913    0.0024      Fe 2                4716.37A    -4.973    0.0020      Fe 2b               5070.00A    -3.291    0.0984
Ca B                8374.48A    -4.972    0.0020      Fe 2                4687.56A    -5.109    0.0015      Fe 2b               5143.00A    -2.730    0.3577
Ca B                8359.01A    -5.028    0.0018      Fe 2                4492.64A    -4.900    0.0024      Fe 2b               5270.00A    -2.446    0.6888
Ca B                8345.56A    -5.081    0.0016      Fe 2                4457.95A    -4.316    0.0093      Fe 2b               5318.00A    -2.764    0.3310
Ca B                8333.79A    -5.131    0.0014      Fe 2                4432.45A    -5.139    0.0014      Fe 2b               5540.00A    -3.501    0.0607
Ca B                4.05115m    -3.375    0.0810      Fe 2                4359.33A    -3.375    0.0810      Fe 2b               5865.00A    -4.135    0.0141
Ca B                2.62515m    -3.622    0.0459      Fe 2                2625.67A    -2.709    0.3756      Fe 2b               6265.00A    -4.486    0.0063
Ca B                2.16553m    -3.836    0.0281      Fe 2                2611.87A    -3.618    0.0463      Fe 2b               6565.00A    -4.029    0.0180
Ca B                1.94456m    -4.019    0.0184      Fe 2                2598.37A    -4.419    0.0073      Fe 2b               6910.00A    -4.227    0.0114
Ca B                1.81741m    -4.179    0.0127      Fe 2                2395.63A    -3.645    0.0435      Fe 2b               7445.00A    -2.473    0.6470
Ca B                1.73621m    -4.320    0.0092      Fe 2                2388.63A    -4.480    0.0064      Fe 2b               8625.00A    -2.468    0.6541
Ca B                1.68065m    -4.447    0.0069      Fe 2                2383.06A    -5.262    0.0011      Fe 2b               1.03250m    -3.483    0.0632
Ca B                1.64072m    -4.562    0.0053      Fe 2                2364.83A    -3.960    0.0211      Fe 2b               1.88900m    -2.334    0.8909
Ca B                1.61093m    -4.667    0.0041      Fe 2                2332.80A    -4.911    0.0024      Fe 2b               2.20000m    -3.684    0.0398
Ca B                1.58805m    -4.765    0.0033      Fe 2                51.2868m    -3.643    0.0438      miscellaneous...................................
Ca B                1.57007m    -4.855    0.0027      Fe 2                5.67236m    -4.446    0.0069      C 1R                1656.00A    -5.060    0.0017
Ca B                1.55565m    -4.939    0.0022      Fe 2                4.60641m    -4.194    0.0123      C 2R                1335.00A    -3.381    0.0801
Ca B                1.54389m    -5.018    0.0018      Fe 2                4.08085m    -4.891    0.0025      N 2R                1085.00A    -5.077    0.0016
Ca B                1.53418m    -5.091    0.0016      Fe 2                1.37181m    -3.861    0.0265      O 2H                3727.00A    -3.937    0.0222
Ca B                1.52605m    -5.161    0.0013      Fe 2                1.29427m    -4.156    0.0134      O 2R                3726.00A    -5.044    0.0017
Ca B                1.51919m    -5.226    0.0011      Fe 2                7686.93A    -3.847    0.0274      O 2R                3729.00A    -5.202    0.0012
Ca B                7.45782m    -3.873    0.0258      Fe 2                4728.07A    -4.526    0.0057      O 2H                7325.00A    -4.477    0.0064
Ca B                4.65251m    -4.069    0.0164      Fe 2                4514.90A    -4.942    0.0022      Blnd                1400.00A    -5.101    0.0015
Ca B                3.73954m    -4.251    0.0108      Fe 2                4488.75A    -4.690    0.0039      Blnd                1650.00A    -2.343    0.8722
Ca B                3.29609m    -4.411    0.0075      Fe 2                4413.78A    -3.526    0.0572      Blnd                1304.00A    -4.331    0.0090
Ca B                3.03837m    -4.553    0.0054      Fe 2                2631.32A    -3.348    0.0864      Blnd                1039.00A    -4.915    0.0023
Ca B                2.87221m    -4.681    0.0040      Fe 2                2617.62A    -4.253    0.0107      Blnd                2798.00A    -1.976    2.0301
Ca B                2.75752m    -4.797    0.0031      Fe 2                2607.09A    -4.312    0.0094      Blnd                6720.00A    -1.869    2.6003
Ca B                2.67440m    -4.904    0.0024      Fe 2                2404.89A    -4.225    0.0115      Blnd                4074.00A    -2.890    0.2475
Ca B                2.61194m    -5.002    0.0019      Fe 2                2399.24A    -4.651    0.0043      Blnd                1.03300m    -2.999    0.1926
Ca B                2.56363m    -5.092    0.0016      Fe 2                2395.42A    -5.035    0.0018      Blnd                1256.00A    -4.802    0.0030
Ca B                2.52540m    -5.177    0.0013      Fe 2                2380.76A    -3.606    0.0477      Blnd                1198.00A    -5.153    0.0014
Ca B                2.49458m    -5.257    0.0011      Fe 2                2348.30A    -4.714    0.0037      Blnd                1720.00A    -4.973    0.0020
Ca B                12.3685m    -4.291    0.0098      Fe 2                2327.40A    -5.029    0.0018      Blnd                3722.00A    -4.346    0.0087
Ca B                7.50045m    -4.451    0.0068      Fe 2                87.3597m    -4.512    0.0059      Blnd                2665.00A    -3.248    0.1085
Ca B                5.90660m    -4.607    0.0048      Fe 2                5.06097m    -4.852    0.0027      Blnd                1860.00A    -4.343    0.0087
Ca B                5.12726m    -4.749    0.0034      Fe 2                4.43363m    -4.721    0.0037      Blnd                2335.00A    -2.956    0.2129
Ca B                4.67124m    -4.877    0.0026      Fe 2                1.32777m    -4.340    0.0088      Blnd                1888.00A    -3.628    0.0453
Ca B                4.37526m    -4.993    0.0020      Fe 2                1.27877m    -4.460    0.0067      Blnd                1397.00A    -5.104    0.0015
Ca B                4.16966m    -5.100    0.0015      Fe 2                7665.28A    -4.389    0.0079      Blnd                3350.00A    -5.215    0.0012
Ca B                4.01977m    -5.198    0.0012      Fe 2                5006.63A    -5.088    0.0016      Blnd                5525.00A    -4.078    0.0161
Ca B                19.0567m    -4.653    0.0043      Fe 2                4639.67A    -5.201    0.0012      Blnd                8579.00A    -3.045    0.1733
Ca B                11.3056m    -4.785    0.0032      Fe 2                4528.39A    -5.218    0.0012      Blnd                7306.00A    -2.231    1.1308
Ca B                8.75768m    -4.921    0.0023      Fe 2                4452.10A    -3.719    0.0367      Blnd                3933.00A    -3.135    0.1411
Ca B                7.50606m    -5.047    0.0017      Fe 2                2631.05A    -4.264    0.0105      Blnd                1657.00A    -4.533    0.0056
Ca B                6.77015m    -5.163    0.0013      Fe 2                2613.82A    -4.634    0.0045      Blnd                9850.00A    -3.293    0.0979
Ca B                6.29020m    -5.270    0.0010      Fe 2                2410.52A    -4.727    0.0036      Blnd                2326.00A    -2.518    0.5837
Ca B                27.7958m    -4.972    0.0021      Fe 2                2406.66A    -4.781    0.0032      Blnd                1335.00A    -3.910    0.0236
Ca B                16.2047m    -5.082    0.0016      Fe 2                2404.43A    -5.012    0.0019      Blnd                1909.00A    -3.012    0.1871
Ca B                12.3838m    -5.202    0.0012      Fe 2                2359.11A    -4.873    0.0026      Blnd                1549.00A    -5.013    0.0019
Ca B                38.8593m    -5.257    0.0011      Fe 2                2338.01A    -4.993    0.0020      Blnd                3467.00A    -4.993    0.0020
H  1                2430.61A    -1.286    9.9511      Fe 2                1.29777m    -4.791    0.0031      Blnd                5199.00A    -3.194    0.1230
H  1                1215.67A    -0.853   26.9533      Fe 2                1.27034m    -4.657    0.0042      Blnd                1.04030m    -4.241    0.0111
H  1                1025.72A    -4.258    0.0106      Fe 2                7874.24A    -4.898    0.0024      Blnd                1085.00A    -4.366    0.0083
H  1                972.537A    -4.368    0.0082      Fe 2                7733.14A    -5.036    0.0018      Blnd                2141.00A    -3.750    0.0342
H  1                949.743A    -4.430    0.0071      Fe 2                4474.90A    -4.031    0.0179      Blnd                1750.00A    -4.929    0.0023
H  1                937.803A    -4.467    0.0066      Fe 2                2628.29A    -4.620    0.0046      Blnd                990.000A    -4.801    0.0030
H  1                930.748A    -4.497    0.0061      Fe 2                2621.67A    -4.979    0.0020      Blnd                6300.00A    -2.460    0.6661
H  1                926.226A    -4.523    0.0058      Fe 2                2413.31A    -5.008    0.0019      Blnd                2471.00A    -3.071    0.1635
H  1                923.150A    -4.546    0.0055      Fe 2                2411.07A    -4.958    0.0021      Blnd                7323.00A    -3.239    0.1109
H  1                920.963A    -4.570    0.0052      Fe 2                2344.28A    -5.187    0.0012      Blnd                7332.00A    -3.327    0.0907
H  1                919.351A    -4.701    0.0038      Fe 2                17.9311m    -2.597    0.4865      Blnd                833.000A    -4.450    0.0068
H  1                918.129A    -4.718    0.0037      Fe 2                1.64355m    -1.943    2.1941      Blnd                3727.00A    -1.514    5.8862
H  1                917.181A    -4.734    0.0035      Fe 2                1.53348m    -2.787    0.3138      Blnd                7325.00A    -2.980    0.2015
H  1                916.429A    -4.748    0.0034      Fe 2                8616.95A    -3.109    0.1497      Blnd                1666.00A    -4.564    0.0052
H  1                915.824A    -4.761    0.0033      Fe 2                7155.17A    -2.746    0.3447      Blnd                5007.00A    -1.980    2.0156
H  1                915.329A    -4.772    0.0033      Fe 2                6896.17A    -4.523    0.0058      Blnd                835.000A    -4.462    0.0066
H  1                914.919A    -4.781    0.0032      Fe 2                5413.37A    -4.522    0.0058

                                                    Emergent line intensities
general properties..............................      He 1                1.90894m    -5.266    0.0010      Fe 3                1.06081m    -4.882    0.0025
continua........................................      He 1                4.03663m    -5.268    0.0010      Fe 3                2.90407m    -5.043    0.0017
FIR                 83.0000m    -2.289    0.9900      He 1                4.04791m    -4.909    0.0024      Fe 3                1.08826m    -5.278    0.0010
TIR                 1800.00m    -4.344    0.0087      He 1                2.62337m    -5.202    0.0012      Fe 3                3.04312m    -5.258    0.0011
NIRa                2.85000m    -0.378   80.6124      extra Lyman.....................................      K  3                4.61683m    -4.455    0.0067
NIRb                3.00000m    -0.685   39.7043      database lines..................................      Mg 1                2852.13A    -3.814    0.0295
MIRa                15.0000m    -0.890   24.8047      Al 3                1862.79A    -4.777    0.0032      Mg 1                4562.60A    -3.565    0.0523
MIRb                22.5000m    -0.840   27.8215      Al 3                1854.72A    -4.543    0.0055      Mg 1                4571.10A    -3.994    0.0195
NMIR                21.7500m    -0.378   80.6124      Ar 2                6.98337m    -3.439    0.0700      Mg 1                4575.29A    -4.943    0.0022
TFIR                611.250m    -3.313    0.0936      Ar 3                3109.18A    -4.798    0.0031      Mn 2                2576.10A    -4.293    0.0098
TALL                10000.0A     0.110  247.8306      Ar 3                5191.82A    -5.133    0.0014      Mn 2                2593.72A    -4.381    0.0080
F12                 12.0000m    -1.367    8.2637      Ar 3                7135.79A    -2.935    0.2235      Mn 2                2605.68A    -4.515    0.0059
F25                 25.0000m    -2.019    1.8400      Ar 3                7751.11A    -3.559    0.0530      N  1                1134.17A    -5.101    0.0015
F60                 60.0000m    -2.403    0.7599      Ar 3                8.98898m    -2.910    0.2369      N  1                1134.41A    -5.039    0.0018
F100                100.000m    -3.220    0.1160      Ar 3                21.8253m    -4.095    0.0154      N  1                1134.98A    -5.010    0.0019
MIPS                24.0000m    -2.089    1.5684      C  1                1561.44A    -5.219    0.0012      N  1                1199.55A    -4.674    0.0041
MIPS                70.0000m    -2.876    0.2560      C  1                1657.01A    -5.128    0.0014      N  1                1200.22A    -4.706    0.0038
MIPS                160.000m    -3.471    0.0651      C  1                9824.13A    -3.894    0.0245      N  1                1200.71A    -4.836    0.0028
IRAC                3.60000m    -1.635    4.4544      C  1                9850.26A    -3.419    0.0733      N  1                3466.50A    -5.073    0.0016
IRAC                4.50000m    -1.600    4.8310      C  2                1036.34A    -4.814    0.0029      N  1                5197.90A    -3.484    0.0630
IRAC                5.80000m    -1.447    6.8669      C  2                1037.02A    -4.742    0.0035      N  1                5200.26A    -3.506    0.0600
IRAC                8.00000m    -1.392    7.8099      C  2                1334.53A    -4.539    0.0056      N  1                1.03977m    -4.578    0.0051
SPR1                250.000m    -4.568    0.0052      C  2                1335.66A    -4.533    0.0056      N  1                1.03982m    -5.122    0.0015
SPR2                350.000m    -4.683    0.0040      C  2                1335.71A    -4.191    0.0124      N  1                1.04072m    -4.926    0.0023
SPR3                500.000m    -4.742    0.0035      C  2                2323.50A    -3.844    0.0276      N  1                1.04076m    -4.935    0.0022
PAC1                70.0000m    -2.868    0.2608      C  2                2324.69A    -3.625    0.0456      Ne 2                12.8101m    -2.905    0.2396
PAC2                100.000m    -3.141    0.1390      C  2                2325.40A    -2.819    0.2921      Ne 3                15.5509m    -2.337    0.8864
PAC3                160.000m    -3.438    0.0702      C  2                2326.93A    -3.062    0.1669      Ne 3                3868.76A    -2.687    0.3953
PAH                 3.30000m    -2.485    0.6291      C  2                2328.12A    -3.572    0.0515      Ne 3                36.0036m    -3.384    0.0794
PAHC                3.23000m    -2.763    0.3319      C  2                157.636m    -3.675    0.0407      Ne 3                3967.47A    -3.205    0.1200
PAHC                3.37000m    -2.802    0.3035      C  3                1908.73A    -3.402    0.0763      O  1                1040.94A    -5.144    0.0014
PAH                 6.20000m    -2.066    1.6525      C  3                1906.68A    -3.240    0.1108      O  1                1302.17A    -5.212    0.0012
PAHC                5.65000m    -2.028    1.8056      C  3                977.020A    -4.495    0.0062      O  1                1304.86A    -4.529    0.0057
PAH                 7.90000m    -1.871    2.5897      Ca 1                4226.73A    -5.187    0.0013      O  1                1306.03A    -4.963    0.0021
PAHC                6.90000m    -1.773    3.2416      Ca 4                3.20610m    -4.507    0.0060      O  1                2972.29A    -5.228    0.0011
PAH                 11.3000m    -2.613    0.4688      Co 2                10.5199m    -4.664    0.0042      O  1                5577.34A    -4.279    0.0101
PAHC                10.9000m    -2.537    0.5584      Co 2                2.98382m    -5.029    0.0018      O  1                6300.30A    -2.581    0.5047
PAH                 11.8000m    -2.479    0.6386      Co 2                14.7345m    -4.772    0.0033      O  1                6363.78A    -3.077    0.1612
PAHC                12.6500m    -2.408    0.7527      Co 2                1.01879m    -4.254    0.0107      O  1                63.1679m    -2.911    0.2359
PAH                 13.3000m    -2.628    0.4533      Co 2                1.12804m    -5.225    0.0011      O  1                145.495m    -4.013    0.0187
PAHC                14.1000m    -2.707    0.3778      Co 2                1.54700m    -4.499    0.0061      O  2                2470.22A    -3.763    0.0332
Bcon                3640.00A    -0.316   92.9976      Co 2                9342.40A    -5.096    0.0015      O  2                2470.34A    -3.169    0.1303
Pcon                5000.00A    -0.619   46.2250      Co 3                11.8845m    -5.214    0.0012      O  2                7318.92A    -3.846    0.0274
O3bn                5007.00A    -1.926    2.2819      Cr 2                8000.08A    -4.226    0.0114      O  2                7319.99A    -3.363    0.0834
SX                  25.0000A    -1.857    2.6740      Cr 2                8125.30A    -4.296    0.0097      O  2                7329.67A    -3.624    0.0458
HX                  4.70000A    -1.554    5.3710      Cr 2                8229.67A    -4.389    0.0078      O  2                7330.73A    -3.632    0.0449
ROSA                12.3980A    -1.412    7.4536      Cr 2                8308.49A    -4.576    0.0051      O  2                3728.81A    -1.889    2.4833
RRC.............................................      Cr 2                8357.64A    -4.871    0.0026      O  2                3726.03A    -1.752    3.4034
grains..........................................      Fe 2                25.9813m    -2.419    0.7335      O  3                88.3323m    -3.317    0.0928
H-like iso-sequence.............................      Fe 2                5.33871m    -2.020    1.8392      O  3                51.8004m    -2.754    0.3387
H  1                1215.67A    -0.854   26.9193      Fe 2                4.11387m    -3.971    0.0206      O  3                4958.91A    -2.570    0.5181
H  1                1025.72A    -4.265    0.0105      Fe 2                1.25668m    -3.121    0.1457      O  3                2320.95A    -5.064    0.0017
H  1                972.537A    -4.375    0.0081      Fe 2                4632.28A    -4.095    0.0154      O  3                1660.81A    -5.106    0.0015
H  1                949.743A    -4.437    0.0070      Fe 2                4416.27A    -4.031    0.0179      O  3                5006.84A    -2.109    1.4973
H  1                937.803A    -4.473    0.0065      Fe 2                4382.74A    -5.018    0.0018      O  3                1666.15A    -4.711    0.0037
H  1                930.748A    -4.504    0.0060      Fe 2                4287.39A    -3.244    0.1096      O  3                4363.21A    -4.437    0.0070
H  1                926.226A    -4.530    0.0057      Fe 2                3175.38A    -5.048    0.0017      P  2                60.6263m    -4.978    0.0020
H  1                923.150A    -4.553    0.0054      Fe 2                2599.40A    -4.004    0.0191      P  2                32.8620m    -4.279    0.0101
H  1                920.963A    -4.577    0.0051      Fe 2                2585.88A    -4.822    0.0029      P  2                1.14682m    -3.892    0.0247
H  1                919.351A    -4.708    0.0038      Fe 2                2382.04A    -3.117    0.1470      P  2                1.18828m    -3.468    0.0654
H  1                918.129A    -4.725    0.0036      Fe 2                2373.74A    -4.871    0.0026      P  2                7875.99A    -4.896    0.0024
H  1                917.181A    -4.741    0.0035      Fe 2                2343.50A    -4.941    0.0022      P  3                17.8797m    -4.792    0.0031
H  1                916.429A    -4.755    0.0034      Fe 2                35.3391m    -3.051    0.1711      S  1                25.2421m    -5.192    0.0012
H  1                915.824A    -4.768    0.0033      Fe 2                6.71944m    -3.159    0.1333      S  2                6730.82A    -2.119    1.4629
H  1                915.329A    -4.779    0.0032      Fe 2                4.88781m    -3.635    0.0446      S  2                6716.44A    -2.228    1.1371
H  1                914.919A    -4.788    0.0031      Fe 2                4.07521m    -4.394    0.0078      S  2                4076.35A    -3.506    0.0599
H  1                914.576A    -4.796    0.0031      Fe 2                1.32055m    -3.617    0.0465      S  2                4068.60A    -3.011    0.1875
H  1                914.286A    -4.801    0.0030      Fe 2                1.24854m    -4.371    0.0082      S  2                1.03364m    -3.645    0.0436
H  1                914.039A    -4.803    0.0030      Fe 2                7637.52A    -3.698    0.0385      S  2                1.02867m    -3.637    0.0443
H  1                913.826A    -4.800    0.0031      Fe 2                4889.62A    -3.938    0.0222      S  2                1.03705m    -3.967    0.0208
H  1                6562.80A    -1.837    2.8008      Fe 2                4716.37A    -4.973    0.0020      S  2                1.03205m    -3.504    0.0603
H  1                4861.32A    -2.284    1.0000      Fe 2                4687.56A    -5.109    0.0015      S  2                1259.52A    -5.201    0.0012
H  1                4340.46A    -2.611    0.4715      Fe 2                4492.64A    -4.900    0.0024      S  2                1253.81A    -5.258    0.0011
H  1                4101.73A    -2.867    0.2611      Fe 2                4457.95A    -4.316    0.0093      S  3                33.4704m    -2.849    0.2724
H  1                3970.07A    -3.078    0.1609      Fe 2                4432.45A    -5.139    0.0014      S  3                18.7078m    -2.618    0.4634
H  1                3889.05A    -3.256    0.1066      Fe 2                4359.33A    -3.375    0.0810      S  3                9068.62A    -2.782    0.3175
H  1                3835.38A    -3.412    0.0745      Fe 2                2625.67A    -2.709    0.3757      S  3                9530.62A    -2.382    0.7976
H  1                3797.90A    -3.550    0.0543      Fe 2                2611.87A    -3.618    0.0464      S  3                3721.63A    -4.352    0.0086
H  1                3770.63A    -3.541    0.0553      Fe 2                2598.37A    -4.419    0.0073      S  3                6312.06A    -4.079    0.0161
H  1                3750.15A    -3.645    0.0436      Fe 2                2395.63A    -3.645    0.0435      S  3                1728.94A    -5.105    0.0015
H  1                3734.37A    -3.740    0.0350      Fe 2                2388.63A    -4.480    0.0064      Si 2                34.8046m    -2.153    1.3527
H  1                3721.94A    -3.827    0.0286      Fe 2                2383.06A    -5.263    0.0011      Si 2                2334.41A    -4.022    0.0183
H  1                3711.97A    -3.908    0.0238      Fe 2                2364.83A    -3.960    0.0211      Si 2                2328.52A    -4.571    0.0052
H  1                3703.85A    -3.983    0.0200      Fe 2                2332.80A    -4.911    0.0024      Si 2                1808.01A    -3.880    0.0254
H  1                3697.15A    -4.052    0.0171      Fe 2                51.2868m    -3.643    0.0438      Si 2                1526.71A    -4.836    0.0028
H  1                3691.55A    -4.116    0.0147      Fe 2                5.67236m    -4.446    0.0069      Si 2                1304.37A    -5.243    0.0011
H  1                3686.83A    -4.174    0.0129      Fe 2                4.60641m    -4.194    0.0123      Si 2                1260.42A    -4.961    0.0021
H  1                3682.81A    -4.226    0.0114      Fe 2                4.08085m    -4.891    0.0025      Si 2                1193.29A    -5.094    0.0016
H  1                3679.35A    -4.270    0.0103      Fe 2                1.37181m    -3.861    0.0265      Si 2                1190.42A    -5.168    0.0013
H  1                1.87510m    -2.790    0.3119      Fe 2                1.29427m    -4.156    0.0134      Si 2                2350.17A    -3.896    0.0244
H  1                1.28181m    -3.085    0.1583      Fe 2                7686.93A    -3.847    0.0274      Si 2                2344.20A    -3.422    0.0727
H  1                1.09381m    -3.335    0.0890      Fe 2                4728.07A    -4.526    0.0057      Si 2                2334.60A    -3.319    0.0923
H  1                1.00494m    -3.543    0.0550      Fe 2                4514.90A    -4.942    0.0022      Si 2                1817.45A    -4.125    0.0144
H  1                9545.97A    -3.722    0.0365      Fe 2                4488.75A    -4.690    0.0039      Si 2                1816.93A    -3.541    0.0554
H  1                9229.02A    -3.878    0.0255      Fe 2                4413.78A    -3.527    0.0572      Si 2                1533.43A    -4.413    0.0074
H  1                9014.91A    -4.016    0.0186      Fe 2                2631.32A    -3.348    0.0864      Si 2                1309.28A    -4.846    0.0027
H  1                8862.79A    -4.057    0.0169      Fe 2                2617.62A    -4.253    0.0107      Si 2                1265.00A    -4.689    0.0039
H  1                8750.48A    -4.160    0.0133      Fe 2                2607.09A    -4.312    0.0094      Si 2                1264.74A    -4.712    0.0037
H  1                8665.02A    -4.255    0.0107      Fe 2                2404.89A    -4.225    0.0115      Si 2                1197.39A    -4.785    0.0032
H  1                8598.40A    -4.342    0.0088      Fe 2                2399.24A    -4.651    0.0043      Si 2                1194.50A    -4.696    0.0039
H  1                8545.39A    -4.422    0.0073      Fe 2                2395.42A    -5.035    0.0018      Si 3                1892.03A    -4.003    0.0191
H  1                8502.49A    -4.497    0.0061      Fe 2                2380.76A    -3.606    0.0477      Si 3                1882.71A    -3.866    0.0262
H  1                8467.26A    -4.566    0.0052      Fe 2                2348.30A    -4.714    0.0037      Si 3                1206.50A    -4.882    0.0025
H  1                8437.96A    -4.630    0.0045      Fe 2                2327.40A    -5.029    0.0018      Al 2                2669.15A    -3.607    0.0476
H  1                8413.32A    -4.688    0.0039      Fe 2                87.3597m    -4.512    0.0059      Al 2                2660.35A    -3.499    0.0609
H  1                8392.40A    -4.740    0.0035      Fe 2                5.06097m    -4.852    0.0027      Al 2                1670.79A    -4.190    0.0124
H  1                8374.48A    -4.784    0.0032      Fe 2                4.43363m    -4.721    0.0037      C  4                1548.19A    -5.213    0.0012
H  1                4.05115m    -3.438    0.0701      Fe 2                1.32777m    -4.340    0.0088      Ca 2                7323.89A    -2.631    0.4499
H  1                2.62515m    -3.657    0.0423      Fe 2                1.27877m    -4.460    0.0067      Ca 2                7291.47A    -2.451    0.6808
H  1                2.16553m    -3.860    0.0266      Fe 2                7665.28A    -4.389    0.0079      Ca 2                3968.47A    -3.487    0.0627
H  1                1.94456m    -4.037    0.0177      Fe 2                5006.63A    -5.088    0.0016      Ca 2                8662.14A    -3.574    0.0513
H  1                1.81741m    -4.193    0.0123      Fe 2                4639.67A    -5.201    0.0012      Ca 2                3933.66A    -3.390    0.0784
H  1                1.73621m    -4.331    0.0090      Fe 2                4528.39A    -5.219    0.0012      Ca 2                8498.02A    -4.191    0.0124
H  1                1.68065m    -4.426    0.0072      Fe 2                4452.10A    -3.719    0.0367      Ca 2                8542.09A    -3.244    0.1096
H  1                1.64072m    -4.529    0.0057      Fe 2                2631.05A    -4.264    0.0105      Cl 2                14.3639m    -3.840    0.0278
H  1                1.61093m    -4.623    0.0046      Fe 2                2613.82A    -4.634    0.0045      Cl 2                33.2721m    -4.973    0.0020
H  1                1.58805m    -4.710    0.0038      Fe 2                2410.52A    -4.727    0.0036      Cl 2                8578.70A    -3.589    0.0495
H  1                1.57007m    -4.790    0.0031      Fe 2                2406.66A    -4.781    0.0032      Cl 2                9123.60A    -4.174    0.0129
H  1                1.55565m    -4.865    0.0026      Fe 2                2404.43A    -5.012    0.0019      Cl 3                5537.87A    -4.387    0.0079
H  1                1.54389m    -4.934    0.0022      Fe 2                2359.11A    -4.873    0.0026      Cl 3                5517.71A    -4.371    0.0082
H  1                1.53418m    -4.997    0.0019      Fe 2                2338.01A    -4.993    0.0020      Fe 4                3094.96A    -4.994    0.0020
H  1                1.52605m    -5.055    0.0017      Fe 2                1.29777m    -4.791    0.0031      Fe 4                2835.74A    -4.165    0.0132
H  1                1.51919m    -5.107    0.0015      Fe 2                1.27034m    -4.657    0.0042      Fe 4                2829.36A    -4.426    0.0072
H  1                1.51332m    -5.151    0.0014      Fe 2                7874.24A    -4.898    0.0024      Fe 4                2567.61A    -5.086    0.0016
H  1                7.45782m    -3.956    0.0213      Fe 2                7733.14A    -5.036    0.0018      Mg 2                2802.71A    -2.450    0.6825
H  1                4.65251m    -4.124    0.0145      Fe 2                4474.90A    -4.031    0.0179      Mg 2                2795.53A    -2.154    1.3479
H  1                3.73954m    -4.292    0.0098      Fe 2                2628.29A    -4.620    0.0046      Mg 4                4.48711m    -5.204    0.0012
H  1                3.29609m    -4.445    0.0069      Fe 2                2621.67A    -4.979    0.0020      N  2                205.283m    -4.828    0.0029
H  1                3.03837m    -4.582    0.0050      Fe 2                2413.31A    -5.008    0.0019      N  2                121.769m    -3.919    0.0232
H  1                2.87221m    -4.715    0.0037      Fe 2                2411.07A    -4.958    0.0021      N  2                6548.05A    -2.355    0.8486
H  1                2.75752m    -4.817    0.0029      Fe 2                2344.28A    -5.188    0.0012      N  2                6583.45A    -1.886    2.5016
H  1                2.67440m    -4.911    0.0024      Fe 2                17.9311m    -2.597    0.4867      N  2                3062.83A    -5.074    0.0016
H  1                2.61194m    -4.997    0.0019      Fe 2                1.64355m    -1.943    2.1950      N  2                5754.59A    -3.794    0.0309
H  1                2.56363m    -5.077    0.0016      Fe 2                1.53348m    -2.787    0.3139      N  2                2139.01A    -4.289    0.0099
H  1                2.52540m    -5.151    0.0014      Fe 2                8616.95A    -3.109    0.1497      N  2                2142.77A    -3.898    0.0243
H  1                2.49458m    -5.220    0.0012      Fe 2                7155.17A    -2.747    0.3447      N  2                1085.70A    -4.986    0.0020
H  1                2.46931m    -5.284    0.0010      Fe 2                6896.17A    -4.523    0.0058      N  2                1084.58A    -5.045    0.0017
H  1                12.3685m    -4.390    0.0078      Fe 2                5413.37A    -4.522    0.0058      N  2                1085.55A    -5.129    0.0014
H  1                7.50045m    -4.522    0.0058      Fe 2                5273.36A    -3.452    0.0680      N  2                1083.99A    -5.094    0.0015
H  1                5.90660m    -4.665    0.0042      Fe 2                5158.79A    -2.806    0.3008      N  2                1084.56A    -5.188    0.0012
H  1                5.12726m    -4.797    0.0031      Fe 2                5111.64A    -3.747    0.0344      N  2                915.612A    -5.068    0.0016
H  1                4.67124m    -4.953    0.0021      Fe 2                5072.41A    -3.515    0.0588      N  2                916.020A    -5.225    0.0011
H  1                4.37526m    -5.054    0.0017      Fe 2                5039.10A    -4.882    0.0025      N  2                916.710A    -5.199    0.0012
H  1                4.16966m    -5.147    0.0014      Fe 2                4814.54A    -3.773    0.0325      N  2                916.012A    -5.146    0.0014
H  1                4.01977m    -5.233    0.0011      Fe 2                4774.73A    -4.231    0.0113      N  2                916.701A    -4.949    0.0022
H  1                19.0567m    -4.766    0.0033      Fe 2                4243.97A    -3.206    0.1198      N  2                915.962A    -5.040    0.0018
H  1                11.3056m    -4.871    0.0026      Fe 2                4177.20A    -4.284    0.0100      N  3                57.3238m    -3.775    0.0323
H  1                8.75768m    -4.993    0.0020      Fe 2                4114.48A    -5.171    0.0013      N  3                1749.67A    -5.277    0.0010
H  1                7.50606m    -5.158    0.0013      Fe 2                3387.09A    -4.795    0.0031      N  3                989.799A    -5.245    0.0011
H  1                6.77015m    -5.257    0.0011      Fe 2                3376.20A    -4.019    0.0184      N  3                991.577A    -5.173    0.0013
H  1                27.7958m    -5.096    0.0015      Fe 2                2732.45A    -4.588    0.0050      Na 3                7.31570m    -4.135    0.0141
H  1                16.2047m    -5.181    0.0013      Fe 2                2493.30A    -3.212    0.1181      Ni 2                1.19102m    -3.694    0.0389
He 2                1640.41A    -2.346    0.8671      Fe 2                2484.20A    -4.921    0.0023      Ni 2                6.63416m    -3.361    0.0838
He 2                1215.13A    -2.823    0.2890      Fe 2                24.5126m    -3.235    0.1121      Ni 2                1.07151m    -3.965    0.0209
He 2                1084.94A    -3.168    0.1307      Fe 2                1.80940m    -2.543    0.5504      Ni 2                10.6793m    -3.602    0.0481
He 2                1025.27A    -3.427    0.0719      Fe 2                1.67688m    -3.213    0.1179      Ni 2                1.16130m    -4.811    0.0030
He 2                992.358A    -3.637    0.0443      Fe 2                1.59948m    -3.184    0.1260      Ni 2                12.7253m    -4.348    0.0086
He 2                972.106A    -3.814    0.0295      Fe 2                9051.95A    -2.950    0.2157      Ni 2                1.09177m    -5.182    0.0013
He 2                958.693A    -3.966    0.0208      Fe 2                8891.93A    -3.446    0.0689      Ni 2                18.2355m    -5.148    0.0014
He 2                949.323A    -4.099    0.0153      Fe 2                7452.56A    -3.239    0.1110      Ni 2                7377.83A    -2.960    0.2111
He 2                942.507A    -3.950    0.0216      Fe 2                7172.00A    -3.478    0.0639      Ni 2                8300.99A    -4.256    0.0107
He 2                937.389A    -4.043    0.0174      Fe 2                6275.53A    -5.149    0.0014      Ni 2                1.93877m    -3.667    0.0414
He 2                933.444A    -4.129    0.0143      Fe 2                5527.36A    -3.630    0.0451      Ni 2                2.36883m    -4.954    0.0021
He 2                930.337A    -4.208    0.0119      Fe 2                5433.15A    -3.966    0.0208      Ni 2                2.91064m    -4.623    0.0046
He 2                927.846A    -4.281    0.0101      Fe 2                5261.63A    -3.221    0.1158      Ni 2                6666.80A    -4.384    0.0080
He 2                925.816A    -4.348    0.0086      Fe 2                5220.08A    -4.518    0.0058      Ni 2                7411.61A    -4.165    0.0132
He 2                924.142A    -4.411    0.0075      Fe 2                5184.80A    -4.346    0.0087      Ni 2                4326.24A    -4.249    0.0108
He 2                922.743A    -4.468    0.0065      Fe 2                5158.01A    -4.282    0.0101      Ni 2                4628.05A    -4.671    0.0041
He 2                921.562A    -4.521    0.0058      Fe 2                4947.39A    -3.717    0.0369      Ni 2                7255.82A    -4.604    0.0048
He 2                920.556A    -4.567    0.0052      Fe 2                4905.35A    -4.086    0.0158      Ni 2                1.04597m    -5.087    0.0016
He 2                919.693A    -4.605    0.0048      Fe 2                4874.50A    -4.157    0.0134      Ni 2                1.23230m    -5.115    0.0015
He 2                4685.68A    -3.222    0.1154      Fe 2                4346.86A    -3.833    0.0282      Ni 2                4201.17A    -4.567    0.0052
He 2                3203.08A    -3.549    0.0543      Fe 2                4276.84A    -3.745    0.0346      Ni 2                4485.21A    -5.020    0.0018
He 2                2733.28A    -3.815    0.0295      Fe 2                4244.82A    -4.459    0.0067      Ni 2                7307.65A    -4.916    0.0023
He 2                2511.19A    -4.032    0.0179      Fe 2                4211.11A    -5.106    0.0015      Ni 2                7612.72A    -5.244    0.0011
He 2                2385.39A    -4.214    0.0118      Fe 2                3455.11A    -4.872    0.0026      Ni 2                4033.04A    -4.844    0.0028
He 2                2306.18A    -4.370    0.0082      Fe 2                3452.31A    -4.590    0.0049      Ni 2                4294.09A    -4.965    0.0021
He 2                2252.67A    -4.508    0.0060      Fe 2                3440.99A    -4.497    0.0061      Ni 2                6813.57A    -4.987    0.0020
He 2                2214.65A    -4.458    0.0067      Fe 2                2362.02A    -5.232    0.0011      Ni 2                3993.06A    -4.402    0.0076
He 2                2186.59A    -4.551    0.0054      Fe 2                35.7675m    -3.985    0.0199      Ni 2                4248.80A    -4.877    0.0026
He 2                2165.23A    -4.637    0.0044      Fe 2                1.95361m    -3.455    0.0676      Ni 2                6365.10A    -4.876    0.0026
He 2                2148.58A    -4.715    0.0037      Fe 2                1.80002m    -3.228    0.1137      Ni 2                3438.88A    -4.707    0.0038
He 2                2135.34A    -4.788    0.0031      Fe 2                1.71113m    -3.861    0.0265      Ni 2                3626.89A    -5.015    0.0019
He 2                2124.61A    -4.856    0.0027      Fe 2                1.66377m    -3.475    0.0645      O  4                25.8863m    -3.890    0.0248
He 2                2115.81A    -4.918    0.0023      Fe 2                9399.04A    -3.372    0.0816      S  4                10.5076m    -3.979    0.0202
He 2                2108.49A    -4.975    0.0020      Fe 2                9226.63A    -3.390    0.0784      level 1 lines...................................
He 2                2102.33A    -5.028    0.0018      Fe 2                9033.49A    -4.058    0.0168      recombination...................................
He 2                2097.10A    -5.074    0.0016      Fe 2                7388.17A    -3.598    0.0485      level2 lines....................................
He 2                2092.63A    -5.112    0.0015      Fe 2                6440.41A    -4.264    0.0105      C  1                943.939A    -5.075    0.0016
He 2                1.01235m    -3.833    0.0283      Fe 2                5654.87A    -4.590    0.0049      C  1                1247.50A    -5.115    0.0015
He 2                6560.01A    -4.074    0.0162      Fe 2                5556.31A    -4.635    0.0045      C  1                1314.77A    -5.153    0.0014
He 2                5411.45A    -4.291    0.0099      Fe 2                5412.67A    -4.485    0.0063      C  1                1165.98A    -5.242    0.0011
He 2                4859.26A    -4.476    0.0064      Fe 2                5333.66A    -3.530    0.0568      C  1                1233.29A    -5.262    0.0011
He 2                4541.54A    -4.636    0.0044      Fe 2                5296.84A    -4.745    0.0035      N  1                942.258A    -5.027    0.0018
He 2                4338.62A    -4.777    0.0032      Fe 2                5268.89A    -4.452    0.0068      O  1                976.791A    -4.920    0.0023
He 2                4199.78A    -4.828    0.0029      Fe 2                5107.96A    -5.062    0.0017      O  1                969.049A    -4.978    0.0020
He 2                4099.99A    -4.920    0.0023      Fe 2                5049.30A    -3.890    0.0248      O  1                946.387A    -5.017    0.0018
He 2                4025.55A    -5.005    0.0019      Fe 2                5005.52A    -3.962    0.0210      O  1                934.501A    -5.049    0.0017
He 2                3968.39A    -5.083    0.0016      Fe 2                4973.40A    -4.258    0.0106      O  1                973.577A    -5.064    0.0017
He 2                3923.44A    -5.156    0.0013      Fe 2                4950.76A    -4.506    0.0060      O  1                927.472A    -5.079    0.0016
He 2                3887.40A    -5.223    0.0012      Fe 2                4352.79A    -4.061    0.0167      O  1                948.506A    -5.117    0.0015
He 2                1.86365m    -4.332    0.0090      Fe 2                4319.62A    -4.229    0.0113      O  1                922.969A    -5.113    0.0015
He 2                1.16262m    -4.512    0.0059      Fe 2                4305.90A    -4.829    0.0029      O  1                919.912A    -5.147    0.0014
He 2                9344.80A    -4.691    0.0039      Fe 2                3504.51A    -5.175    0.0013      O  1                935.672A    -5.173    0.0013
He 2                8236.67A    -4.850    0.0027      Fe 2                3504.02A    -5.059    0.0017      O  1                917.726A    -5.183    0.0013
He 2                7592.65A    -4.991    0.0020      Fe 2                3501.63A    -4.625    0.0046      O  1                918.704A    -5.213    0.0012
He 2                7177.41A    -5.117    0.0015      Fe 2                2.06648m    -4.848    0.0027      O  1                928.186A    -5.234    0.0011
He 2                6890.80A    -5.208    0.0012      Fe 2                1.89541m    -3.964    0.0209      O  1                917.473A    -5.254    0.0011
He 2                3.09080m    -4.759    0.0034      Fe 2                1.79711m    -3.515    0.0588      Si 2                1179.59A    -4.623    0.0046
He 2                1.87431m    -4.895    0.0025      Fe 2                1.74494m    -3.797    0.0307      Si 2                993.354A    -5.042    0.0017
He 2                1.47602m    -5.043    0.0017      Fe 2                9652.70A    -4.221    0.0116      Si 2                1024.03A    -5.223    0.0012
He 2                1.28127m    -5.180    0.0013      Fe 2                9470.94A    -3.780    0.0319      P  2                963.828A    -5.243    0.0011
He 2                4.76213m    -5.132    0.0014      Fe 2                9267.56A    -3.754    0.0339      Ti 2                3364.74A    -3.977    0.0203
He 2                2.82519m    -5.235    0.0011      Fe 2                6558.51A    -4.478    0.0064      Ti 2                3237.15A    -4.219    0.0116
He-like iso-sequence............................      Fe 2                5745.71A    -4.961    0.0021      Cr 2                2059.78A    -4.566    0.0052
He 1                625.563A    -5.175    0.0013      Fe 2                5495.84A    -4.761    0.0033      Ni 2                1751.83A    -5.117    0.0015
He 1                1.08291m    -3.851    0.0271      Fe 2                5376.47A    -3.856    0.0268      Ni 2                1744.24A    -4.990    0.0020
He 1                1.08302m    -3.251    0.1079      Fe 2                5347.66A    -4.957    0.0021      hyperfine structure.............................
He 1                1.08303m    -2.931    0.2254      Fe 2                5181.96A    -4.908    0.0024      inner shell.....................................
Blnd                1.08302m    -2.727    0.3604      Fe 2                5076.57A    -4.566    0.0052      molecules.......................................
He 1                3888.64A    -3.267    0.1040      Fe 2                5043.53A    -4.465    0.0066      bands...........................................
He 1                3187.74A    -3.667    0.0414      Fe 2                5020.24A    -4.483    0.0063      Fe 2b               2500.00A    -2.243    1.0993
He 1                2945.10A    -3.982    0.0200      Fe 2                4372.43A    -4.504    0.0060      Fe 2b               5000.00A    -2.063    1.6658
He 1                2829.08A    -4.238    0.0111      Fe 2                4358.37A    -4.511    0.0059      Fe 2b               7000.00A    -2.450    0.6827
He 1                2760.44A    -4.809    0.0030      Fe 2                3539.19A    -4.879    0.0025      Fe 2b               10000.0A    -1.609    4.7333
He 1                2721.00A    -4.956    0.0021      Fe 2                3538.69A    -5.200    0.0012      Fe 2b               2355.00A    -2.779    0.3202
He 1                2694.61A    -5.087    0.0016      Fe 2                5163.96A    -4.534    0.0056      Fe 2b               2430.00A    -2.275    1.0216
He 1                2676.05A    -5.207    0.0012      Fe 2                3277.35A    -4.681    0.0040      Fe 2b               2445.00A    -2.275    1.0215
He 1                2.05813m    -4.078    0.0161      Fe 2                2926.59A    -4.681    0.0040      Fe 2b               2495.00A    -3.202    0.1209
He 1                5015.68A    -3.892    0.0247      Fe 2                2755.74A    -3.858    0.0266      Fe 2b               2610.00A    -2.520    0.5803
He 1                3964.73A    -4.282    0.0101      Fe 2                2739.55A    -4.016    0.0185      Fe 2b               2695.00A    -4.902    0.0024
He 1                3613.64A    -4.586    0.0050      Fe 2                2716.70A    -4.902    0.0024      Fe 2b               2758.00A    -3.438    0.0701
He 1                3447.59A    -4.836    0.0028      Fe 2                1.00287m    -4.639    0.0044      Fe 2b               2780.00A    -3.420    0.0731
He 1                7065.71A    -4.795    0.0031      Fe 2                5746.98A    -4.836    0.0028      Fe 2b               2935.00A    -4.566    0.0052
He 1                7065.21A    -4.318    0.0093      Fe 2                5283.12A    -5.142    0.0014      Fe 2b               2960.00A    -4.618    0.0046
He 1                7065.18A    -4.096    0.0154      Fe 2                2772.73A    -4.061    0.0167      Fe 2b               3180.00A    -4.309    0.0094
Blnd                7065.25A    -3.841    0.0278      Fe 2                2749.32A    -4.855    0.0027      Fe 2b               3250.00A    -3.793    0.0310
He 1                5875.98A    -4.195    0.0123      Fe 2                2.04602m    -4.584    0.0050      Fe 2b               3590.00A    -3.848    0.0273
He 1                5875.64A    -3.718    0.0368      Fe 2                1.41956m    -5.003    0.0019      Fe 2b               3910.00A    -5.102    0.0015
He 1                5875.61A    -3.496    0.0614      Fe 2                5580.82A    -5.072    0.0016      Fe 2b               4255.00A    -2.570    0.5177
Blnd                5875.66A    -3.241    0.1104      Fe 2                5551.32A    -4.811    0.0030      Fe 2b               4558.00A    -3.311    0.0939
He 1                4713.16A    -5.105    0.0015      Fe 2                2.13278m    -4.839    0.0028      Fe 2b               4600.00A    -3.271    0.1030
He 1                4713.14A    -4.884    0.0025      Fe 2                5613.27A    -5.027    0.0018      Fe 2b               4743.00A    -3.917    0.0233
Blnd                4713.17A    -4.628    0.0045      Fe 2                2.24366m    -5.177    0.0013      Fe 2b               4855.00A    -3.351    0.0856
He 1                4471.69A    -4.616    0.0047      Fe 2                2.00672m    -4.614    0.0047      Fe 2b               4920.00A    -2.837    0.2800
He 1                4471.49A    -4.138    0.0140      Fe 2                2.22379m    -3.761    0.0334      Fe 2b               4975.00A    -3.364    0.0833
He 1                4471.47A    -3.917    0.0233      Fe 2                2.01513m    -4.404    0.0076      Fe 2b               4971.00A    -3.399    0.0767
Blnd                4471.50A    -3.661    0.0420      Fe 2                9682.08A    -4.433    0.0071      Fe 2b               5070.00A    -3.291    0.0984
Blnd                4120.84A    -5.066    0.0017      Fe 2                8715.81A    -4.983    0.0020      Fe 2b               5143.00A    -2.731    0.3577
He 1                4026.36A    -4.933    0.0022      Fe 2                6873.84A    -4.762    0.0033      Fe 2b               5270.00A    -2.446    0.6888
He 1                4026.20A    -4.456    0.0067      Fe 2                6188.55A    -4.749    0.0034      Fe 2b               5318.00A    -2.764    0.3310
He 1                4026.19A    -4.234    0.0112      Fe 2                2.25348m    -4.921    0.0023      Fe 2b               5540.00A    -3.501    0.0607
Blnd                4026.21A    -3.979    0.0202      Fe 2                1.00139m    -5.225    0.0011      Fe 2b               5865.00A    -4.135    0.0141
He 1                3819.76A    -5.190    0.0012      Fe 2                1.71482m    -5.041    0.0018      Fe 2b               6265.00A    -4.486    0.0063
He 1                3819.61A    -4.713    0.0037      Fe 2                5169.03A    -4.856    0.0027      Fe 2b               6565.00A    -4.029    0.0180
He 1                3819.60A    -4.491    0.0062      Fe 3                22.9190m    -2.668    0.4130      Fe 2b               6910.00A    -4.227    0.0114
Blnd                3819.62A    -4.236    0.0112      Fe 3                4985.87A    -3.923    0.0230      Fe 2b               7445.00A    -2.473    0.6469
He 1                3704.90A    -5.128    0.0014      Fe 3                4924.54A    -4.278    0.0101      Fe 2b               8625.00A    -2.469    0.6540
He 1                3704.76A    -4.651    0.0043      Fe 3                4881.00A    -3.220    0.1160      Fe 2b               1.03250m    -3.484    0.0632
He 1                3704.75A    -4.429    0.0072      Fe 3                4658.05A    -2.799    0.3057      Fe 2b               1.88900m    -2.334    0.8913
Blnd                3704.77A    -4.173    0.0129      Fe 3                4607.03A    -4.056    0.0169      Fe 2b               2.20000m    -3.684    0.0398
He 1                3634.08A    -4.812    0.0030      Fe 3                4070.71A    -4.990    0.0020      miscellaneous...................................
He 1                3634.07A    -4.590    0.0049      Fe 3                4008.35A    -3.948    0.0217      C 1R                1656.00A    -5.060    0.0017
Blnd                3634.09A    -4.335    0.0089      Fe 3                3322.54A    -3.811    0.0297      C 2R                1335.00A    -3.381    0.0800
He 1                3587.16A    -4.954    0.0021      Fe 3                3239.74A    -3.877    0.0255      N 2R                1085.00A    -5.084    0.0016
He 1                3587.15A    -4.732    0.0036      Fe 3                2438.29A    -4.335    0.0089      O 2R                3729.00A    -5.203    0.0012
Blnd                3587.17A    -4.476    0.0064      Fe 3                1576.66A    -5.168    0.0013      Blnd                1400.00A    -5.102    0.0015
He 1                3554.34A    -5.080    0.0016      Fe 3                33.0270m    -3.225    0.1147      Blnd                1650.00A    -2.343    0.8723
He 1                3554.33A    -4.858    0.0027      Fe 3                5270.40A    -3.044    0.1739      Blnd                1304.00A    -4.331    0.0090
Blnd                3554.35A    -4.603    0.0048      Fe 3                5032.68A    -5.084    0.0016      Blnd                1039.00A    -4.923    0.0023
He 1                3530.43A    -5.195    0.0012      Fe 3                4987.21A    -3.961    0.0211      Blnd                2798.00A    -1.977    2.0304
He 1                3530.43A    -4.973    0.0020      Fe 3                4754.69A    -3.525    0.0575      Blnd                6720.00A    -1.869    2.6000
Blnd                3530.44A    -4.718    0.0037      Fe 3                4701.54A    -3.344    0.0872      Blnd                4074.00A    -2.891    0.2475
He 1                3512.46A    -5.078    0.0016      Fe 3                4667.01A    -4.358    0.0084      Blnd                1.03300m    -2.999    0.1926
Blnd                3512.48A    -4.822    0.0029      Fe 3                4079.70A    -4.507    0.0060      Blnd                1256.00A    -4.803    0.0030
He 1                3498.60A    -5.174    0.0013      Fe 3                4046.42A    -4.909    0.0024      Blnd                1198.00A    -5.153    0.0014
Blnd                3498.62A    -4.918    0.0023      Fe 3                3371.41A    -3.945    0.0219      Blnd                1720.00A    -4.974    0.0020
He 1                3487.69A    -5.262    0.0011      Fe 3                3301.56A    -5.010    0.0019      Blnd                3722.00A    -4.346    0.0087
Blnd                3487.70A    -5.007    0.0019      Fe 3                3286.19A    -4.393    0.0078      Blnd                2665.00A    -3.249    0.1085
Blnd                3478.95A    -5.089    0.0016      Fe 3                2464.51A    -4.478    0.0064      Blnd                1860.00A    -4.343    0.0087
Blnd                3471.81A    -5.165    0.0013      Fe 3                51.6655m    -3.902    0.0241      Blnd                2335.00A    -2.956    0.2129
Blnd                3465.92A    -5.237    0.0011      Fe 3                5011.26A    -3.696    0.0387      Blnd                1888.00A    -3.628    0.0453
He 1                3439.99A    -5.219    0.0012      Fe 3                4769.43A    -3.811    0.0297      Blnd                1397.00A    -5.105    0.0015
He 1                3439.98A    -4.997    0.0019      Fe 3                4733.91A    -3.817    0.0293      Blnd                3350.00A    -5.215    0.0012
Blnd                3440.00A    -4.742    0.0035      Fe 3                3406.18A    -4.308    0.0095      Blnd                5525.00A    -4.078    0.0161
He 1                7281.35A    -4.474    0.0065      Fe 3                3334.90A    -4.388    0.0079      Blnd                8579.00A    -3.045    0.1733
He 1                6678.15A    -3.800    0.0305      Fe 3                3319.22A    -4.560    0.0053      Blnd                7306.00A    -2.231    1.1307
He 1                5047.74A    -5.068    0.0016      Fe 3                2483.05A    -4.648    0.0043      Blnd                3933.00A    -3.135    0.1411
He 1                4921.93A    -4.232    0.0113      Fe 3                105.345m    -5.078    0.0016      Blnd                1657.00A    -4.534    0.0056
He 1                4387.93A    -4.552    0.0054      Fe 3                5411.98A    -4.100    0.0153      Blnd                9850.00A    -3.294    0.0979
He 1                4143.76A    -4.810    0.0030      Fe 3                4930.54A    -4.344    0.0087      Blnd                2326.00A    -2.518    0.5837
He 1                4009.05A    -4.810    0.0030      Fe 3                4777.68A    -4.137    0.0140      Blnd                1335.00A    -3.911    0.0236
He 1                3926.41A    -4.974    0.0020      Fe 3                3428.79A    -4.967    0.0021      Blnd                1909.00A    -3.012    0.1871
He 1                3871.69A    -5.117    0.0015      Fe 3                3356.57A    -4.468    0.0065      Blnd                1549.00A    -5.013    0.0019
He 1                3833.48A    -5.244    0.0011      Fe 3                3355.48A    -4.719    0.0037      Blnd                3467.00A    -4.993    0.0020
He 1                4.29471m    -5.135    0.0014      Fe 3                2495.04A    -4.886    0.0025      Blnd                5199.00A    -3.194    0.1230
He 1                1.25275m    -5.110    0.0015      Fe 3                5084.77A    -4.472    0.0065      Blnd                1.04030m    -4.241    0.0111
He 1                9463.58A    -5.212    0.0012      Fe 3                3366.21A    -4.782    0.0032      Blnd                1085.00A    -4.373    0.0081
He 1                1.70025m    -4.812    0.0030      Fe 3                8838.21A    -5.110    0.0015      Blnd                2141.00A    -3.750    0.0342
He 1                1.19691m    -4.975    0.0020      Fe 3                8728.94A    -4.974    0.0020      Blnd                1750.00A    -4.929    0.0023
He 1                1.03113m    -5.176    0.0013      Fe 3                40.0371m    -4.801    0.0030      Blnd                990.000A    -4.808    0.0030
He 1                9515.00A    -5.060    0.0017      Fe 3                2.21782m    -3.916    0.0233      Blnd                6300.00A    -2.461    0.6661
He 1                9062.34A    -5.206    0.0012      Fe 3                9701.27A    -4.199    0.0122      Blnd                2471.00A    -3.071    0.1635
He 1                1.86854m    -4.189    0.0124      Fe 3                3307.57A    -5.277    0.0010      Blnd                7323.00A    -3.239    0.1108
He 1                1.27849m    -4.521    0.0058      Fe 3                2.34788m    -4.095    0.0155      Blnd                7332.00A    -3.327    0.0907
He 1                1.09130m    -4.789    0.0031      Fe 3                9942.18A    -4.393    0.0078      Blnd                3727.00A    -1.514    5.8867
He 1                1.00275m    -4.990    0.0020      Fe 3                9444.21A    -4.929    0.0023      Blnd                7325.00A    -2.980    0.2015
He 1                9526.01A    -5.160    0.0013      Fe 3                2.24204m    -4.637    0.0044      Blnd                1666.00A    -4.564    0.0052
He 1                1.86972m    -4.669    0.0041      Fe 3                2.14511m    -4.870    0.0026      Blnd                5007.00A    -1.980    2.0155
He 1                1.27905m    -5.000    0.0019      Fe 3                3.22847m    -4.442    0.0070
He 1                1.09171m    -5.268    0.0010      Fe 3                2.87385m    -4.375    0.0081



 AGN log nH=3.22 log U=-3.67  
 Cooling:  H  1c                     0  :0.059 Fe 2c                     0  :0.245 O  2c                     0  :0.129 O  3c                     0  :0.051 S  2c                     0  :0.062 N  2c                     0  :0.071  
 Heating:  BFH1                      0  :0.734 BFHe                      0  :0.224  

 These are some of the most important databases used by Cloudy:
 Many recombination coefficients were taken from http://amdpp.phys.strath.ac.uk/tamoc/RR/ and http://amdpp.phys.strath.ac.uk/tamoc/DR/
      and are based on the following papers:
        Badnell N. R., et al., A&A 406, 1151 (2003) [http://adsabs.harvard.edu/abs/2003A%26A...406.1151B]
        Badnell N. R., ApJS 167, 334 (2006) [http://adsabs.harvard.edu/abs/2006ApJS..167..334B]
 Much of the molecular emission data is from LAMDA as accessed on June 30, 2015. This database is described in:
        Schoeier F.L., et al., A&A 432, 369 (2005) [http://adsabs.harvard.edu/abs/2005A%26A...432..369S]
      This database is in part based on the work of the following groups:
        JPL: Pickett H. M. et al., JQSRT, 60, 883 (1998). [http://adsabs.harvard.edu/abs/1998JQSRT..60..883P]
        CDMS: Mueller H. S. et al., A&A 370, L49 (2001). [http://adsabs.harvard.edu/abs/2001A%26A...370L..49M]
              Mueller H. S. et al., J. Mol. Struct. 742, 215 (2005). [http://adsabs.harvard.edu/abs/2005JMoSt.742..215M]
 Some of the ionic emission data is from a reprocessed version of 10.1 of CHIANTI. CHIANTI is a collaborative project involving the NRL (USA), the
      Universities of Florence (Italy) and Cambridge (UK), and George Mason University (USA). These papers describe Chianti:
        Dere K. P., et al., A&AS, 125, 149 (1997) [http://adsabs.harvard.edu/abs/1997A%26AS..125..149D]
        Dere, K. P., et al., APJ, 268, 52 (2023) [https://ui.adsabs.harvard.edu/abs/2023ApJS..268...52D]
      This paper describes the reprocessed version of Chianti used:
        Gunasekera, C. M., et al., Astronomy, 1, 255. (2022) [https://ui.adsabs.harvard.edu/abs/2022Astro...1..255G]
 Much of the H_2 data is from this web site: http://molat.obspm.fr/index.php?page=pages/Molecules/H2/H2can94.php. These data are
      described in:
        Abgrall H. et al., Can. J. Phys., 72, 856 (1994) [http://adsabs.harvard.edu/abs/1994CaJPh..72..856A]
        Wrathmall S. A. & Flower D. R., J. Phys. B, 40, 3221 (2007) [http://adsabs.harvard.edu/abs/2007JPhB...40.3221W]
 The Case A and Case B recombination predictions for one-electron systems are from
	Storey, P.J. & Hummer, D.G., 1995, MNRAS 272, 41 http://adsabs.harvard.edu/abs/1995MNRAS.272...41S
 The He I recombination predictions are from
	Porter, R. L.; Ferland, G. J.; Storey, P. J.; Detisch, M. J., 2012, MNRAS, 425, 28p http://adsabs.harvard.edu/abs/2012MNRAS.425L..28P
		http://adsabs.harvard.edu/abs/2013MNRAS.433L..89P

 If you find some process or data set to be particularly critical to a result, please follow the trail of references back to the
 original source and cite that.  This will support and encourage atomic, molecular, and chemical physicists to continue their
 valuable work.

 IONIZE PARMET:  U(1-) -3.6667  U(4-): -4.6075  U(sp): -3.67  Q(ion):    8.042  L(ion) -0.737    Q(low): 12.216    L(low)  0.048
 ENERGY BUDGET:  Heat:  -0.599  Coolg:  -0.599  Error:  0.0%  Rec Lin:  -1.106  F-F  H  0.000    P(rad/tot)max     2.38E-03    R(F Con):1.737e+05

     Col(Heff):      4.300E+19  snd travl time  4.02E+10 sec  Te-low: 3.97E+03  Te-hi: 9.61E+03  G0TH85: 9.57E+01  G0DB96:1.03E+02
  Emiss Measure    n(e)n(p) dl       3.841E+22  n(e)n(He+)dl         3.331E+21  En(e)n(He++) dl         4.574E+20  ne nC+:8.38E+18
 He/Ha:9.06E-02  =   1.06*true  Lthin:2.67E+02  itr/zn: 7.50  H2 itr/zn:  0.00  File Opacity: F  MassTot 1.28e-04  (gm/cm^2)
   Temps(21 cm)   T(21cm/Ly a)  4.49E+03        T(<nH/Tkin>)  6.53E+03          T(<nH/Tspin>)    4.84E+03          TB21cm:8.69E-01
                   N(H0/Tspin)  6.00E+15        N(OH/Tkin)    3.79E+05          B(21cm)          0.00E+00
   <a>:1.63E-07  erdeFe7.8E+23  Tcompt1.14E+09  Tthr3.65E+09  <Tden>: 7.96E+03  <dens>:3.79E-21  <MolWgt>8.86E-01
     Mean Jeans  l(cm)8.35E+19  M(sun)5.81E+05  smallest:     len(cm):5.90E+19  M(sun):2.05E+05  a_ox tran: -1.41
 Rion:1.000E+30  Dist:0.00E+00  Diam:0.000E+00
 Hatom level 70  HatomType: add  HInducImp  F  He tot level: 63  He2 level:   70  ExecTime   122.0
 ConvrgError(%)  <eden>  0.077  MaxEden  0.326  <H-C>   0.09  Max(H-C)    0.43  <Press>   0.000  MaxPrs er  0.000
  Continuity(%)  chng Te   1.7  elec den   4.4  n(H2)    0.0  n(CO)        0.0

                                                        Averaged Quantities
             Te      Te(Ne)   Te(NeNp)  Te(NeHe+)Te(NeHe2+) Te(NeO+)  Te(NeO2+)  Te(H2)     N(H)     Ne(O2+)   Ne(Np)
 Radius:  7.96e+03  8.92e+03  9.13e+03  9.08e+03  9.08e+03  9.15e+03  9.02e+03  4.58e+03  1.67e+03  1.73e+03  1.40e+03
 
 Peimbert T(OIIIr)8.36E+03 T(Bac)8.81E+03 T(Hth)8.67E+03 t2(Hstrc) 2.05e-03 T(O3-BAC)8.58E+03 t2(O3-BC)-6.51e-03 t2(O3str) 5.28e-04

 Contin Optical Depths: COMP: 2.06e-05    H-: 5.20e-05 R(1300): 1.95e-04  H2+: 9.21e-07  Bra:2.06E-05
                          Pa: 2.06e-05    Ba: 6.80e-05      Hb: 5.71e-05   La: 4.78e-01     1r:1.835E+02  1.8:4.79E+01 4.:1.105E+01

 Old, new H  1 continuum optical depths:
     1 1.83e+02     2 2.64e-05     3 5.18e-05     4 5.18e-05     5 5.18e-05     6 1.33e-05     7 1.33e-05     8 1.33e-05
     9 1.33e-05    10 9.94e-14    11 9.94e-14    12 9.94e-14    13 9.94e-14    14 9.94e-14    15 2.33e-13    16 2.33e-13
    17 2.33e-13    18 2.33e-13    19 2.33e-13    20 2.33e-13    21 4.83e-13    22 4.83e-13    23 4.83e-13    24 4.83e-13
    25 4.83e-13    26 4.83e-13    27 4.83e-13    28 9.19e-13    29 9.19e-13    30 9.19e-13    31 9.19e-13    32 9.19e-13
    33 9.19e-13    34 9.19e-13    35 9.19e-13    36 1.64e-12    37 1.64e-12    38 1.64e-12    39 1.64e-12    40 1.64e-12
    41 1.64e-12    42 1.64e-12    43 1.64e-12    44 1.64e-12    45 2.76e-12    46 2.76e-12    47 2.76e-12    48 2.76e-12
    49 2.76e-12    50 2.76e-12    51 2.76e-12    52 2.76e-12    53 2.76e-12    54 2.76e-12
     1 1.84e+02     2 2.66e-05     3 5.22e-05     4 5.22e-05     5 5.22e-05     6 1.34e-05     7 1.34e-05     8 1.34e-05
     9 1.34e-05    10 9.97e-14    11 9.97e-14    12 9.97e-14    13 9.97e-14    14 9.97e-14    15 2.34e-13    16 2.34e-13
    17 2.34e-13    18 2.34e-13    19 2.34e-13    20 2.34e-13    21 4.85e-13    22 4.85e-13    23 4.85e-13    24 4.85e-13
    25 4.85e-13    26 4.85e-13    27 4.85e-13    28 9.23e-13    29 9.23e-13    30 9.23e-13    31 9.23e-13    32 9.23e-13
    33 9.23e-13    34 9.23e-13    35 9.23e-13    36 1.65e-12    37 1.65e-12    38 1.65e-12    39 1.65e-12    40 1.65e-12
    41 1.65e-12    42 1.65e-12    43 1.65e-12    44 1.65e-12    45 2.77e-12    46 2.77e-12    47 2.77e-12    48 2.77e-12
    49 2.77e-12    50 2.77e-12    51 2.77e-12    52 2.77e-12    53 2.77e-12    54 2.77e-12

 Old, new H  1 mean line optical depths:
  2- 1 3.69e+06  3- 2 2.41e-04  4- 3 2.28e-10  5- 4 8.09e-11  6- 5-5.69e-11  7- 6-1.43e-10  8- 7-5.16e-11
  9- 8 3.31e-10 10- 9 1.05e-09 11-10 2.24e-08 12-11-9.30e-09 13-12-1.50e-08 14-13-2.39e-08 15-14-3.74e-08 16-15-5.85e-08
 17-16-9.23e-08 18-17-1.47e-07 19-18-2.47e-07 20-19-4.27e-07 21-20-7.86e-07 22-21-1.59e-06 23-22-3.73e-06 24-23-1.20e-05
 25-24-4.17e-04
  2- 1 3.72e+06  3- 2 2.41e-04  4- 3 2.28e-10  5- 4 8.00e-11  6- 5-6.15e-11  7- 6-1.54e-10  8- 7-7.10e-11
  9- 8 3.02e-10 10- 9 1.01e-09 11-10 2.25e-08 12-11-9.66e-09 13-12-1.56e-08 14-13-2.50e-08 15-14-3.93e-08 16-15-6.15e-08
 17-16-9.69e-08 18-17-1.54e-07 19-18-2.58e-07 20-19-4.44e-07 21-20-8.15e-07 22-21-1.64e-06 23-22-3.84e-06 24-23-1.23e-05
 25-24-4.22e-04

 Old, new He 2 continuum optical depths:
     1 1.10e+01     2 1.82e+02     3 3.32e-05     4 3.32e-05     5 3.32e-05     6 2.64e-05     7 2.64e-05     8 2.64e-05
     9 2.64e-05    10 4.20e-05    11 4.20e-05    12 4.20e-05    13 4.20e-05    14 4.20e-05    15 5.18e-05    16 5.18e-05
    17 5.18e-05    18 5.18e-05    19 5.18e-05    20 5.18e-05    21 4.35e-05    22 4.35e-05    23 4.35e-05    24 4.35e-05
    25 4.35e-05    26 4.35e-05    27 4.35e-05    28 1.33e-05    29 1.33e-05    30 1.33e-05    31 1.33e-05    32 1.33e-05
    33 1.33e-05    34 1.33e-05    35 1.33e-05    36 5.69e-14    37 5.69e-14    38 5.69e-14    39 5.69e-14    40 5.69e-14
    41 5.69e-14    42 5.69e-14    43 5.69e-14    44 5.69e-14    45 9.94e-14    46 9.94e-14    47 9.94e-14    48 9.94e-14
    49 9.94e-14    50 9.94e-14    51 9.94e-14    52 9.94e-14    53 9.94e-14    54 9.94e-14
     1 1.11e+01     2 1.83e+02     3 3.33e-05     4 3.33e-05     5 3.33e-05     6 2.66e-05     7 2.66e-05     8 2.66e-05
     9 2.66e-05    10 4.23e-05    11 4.23e-05    12 4.23e-05    13 4.23e-05    14 4.23e-05    15 5.22e-05    16 5.22e-05
    17 5.22e-05    18 5.22e-05    19 5.22e-05    20 5.22e-05    21 4.38e-05    22 4.38e-05    23 4.38e-05    24 4.38e-05
    25 4.38e-05    26 4.38e-05    27 4.38e-05    28 1.34e-05    29 1.34e-05    30 1.34e-05    31 1.34e-05    32 1.34e-05
    33 1.34e-05    34 1.34e-05    35 1.34e-05    36 5.71e-14    37 5.71e-14    38 5.71e-14    39 5.71e-14    40 5.71e-14
    41 5.71e-14    42 5.71e-14    43 5.71e-14    44 5.71e-14    45 9.97e-14    46 9.97e-14    47 9.97e-14    48 9.97e-14
    49 9.97e-14    50 9.97e-14    51 9.97e-14    52 9.97e-14    53 9.97e-14    54 9.97e-14

 Old, new He 2 mean line optical depths:
  2- 1 1.61e+05  3- 2 1.26e-07  4- 3 2.63e-13  5- 4-5.06e-13  6- 5-1.52e-12  7- 6-2.60e-12  8- 7-2.74e-12
  9- 8-1.18e-12 10- 9 2.35e-12 11-10 1.37e-10 12-11-6.18e-11 13-12-9.89e-11 14-13-1.55e-10 15-14-2.36e-10 16-15-3.57e-10
 17-16-5.39e-10 18-17-8.24e-10 19-18-1.29e-09 20-19-2.11e-09 21-20-3.69e-09 22-21-7.07e-09 23-22-1.59e-08 24-23-4.84e-08
 25-24-1.71e-06
  2- 1 1.61e+05  3- 2 1.27e-07  4- 3 2.64e-13  5- 4-5.12e-13  6- 5-1.55e-12  7- 6-2.66e-12  8- 7-2.83e-12
  9- 8-1.32e-12 10- 9 2.15e-12 11-10 1.37e-10 12-11-6.35e-11 13-12-1.02e-10 14-13-1.60e-10 15-14-2.45e-10 16-15-3.71e-10
 17-16-5.61e-10 18-17-8.58e-10 19-18-1.34e-09 20-19-2.20e-09 21-20-3.82e-09 22-21-7.32e-09 23-22-1.64e-08 24-23-4.97e-08
 25-24-1.73e-06

 Old He Is optical depths:    1 4.77e+01    2 4.11e-05    3 2.19e-05    4 2.45e-05    5 2.45e-05
 New He Is optical depths:    1 4.79e+01    2 4.14e-05    3 2.21e-05    4 2.47e-05    5 2.47e-05
          Old He Is Lines:  584 1.35e+05 3889 4.75e-01 5016 2.03e-06 5876 1.44e-09
          New He Is Lines:  584 1.37e+05 3889 4.78e-01 5016 2.08e-06 5876 1.05e-09
AGN log nH=3.22 log U=-3.67  


          Start Iteration Number 3                                                 AGN log nH=3.22 log U=-3.67  


 ####  1  Te:9.380E+03 Hden:1.668E+03 Ne:1.780E+03 R:1.000E+30 R-R0:1.925E+12 dR:3.849E+12 NTR:  7 Htot:1.436E-17 T912: 1.84e+02###
 Hydrogen      3.70e-02 9.63e-01 H+o/Hden 1.00e+00 2.48e-09 H-    H2 4.38e-13 2.00e-10 H2+ HeH+ 2.33e-10 Ho+ ColD 2.37e+14 6.18e+15
 Helium        3.19e-02 7.75e-01 1.93e-01 HeI 2s3S 1.63e-06 Comp H,C 1.32e-23 9.34e-27 Fill Fac 1.00e+00 Gam1/tot 1.00e+00
 He singlet n  3.19e-02 1.90e-12 4.06e-19 2.30e-19 3.24e-19 3.33e-19 He tripl 1.63e-06 8.46e-17 7.76e-19 5.72e-18 9.67e-19
 Pressure      NgasTgas 3.37e+07 P(total) 4.65e-09 P( gas ) 4.65e-09 P(Radtn) 0.00e+00 Rad accl 8.59e-07 ForceMul 6.39e+04
 Texc(La)      3.08e+03 T(I con) 8.72e+00 T(D con) 1.12e+00 T(U tot) 8.72e+00 nT (c+d) 2.38e+06 Prad/Gas 0.00e+00 Pmag/Gas 0.00e+00
 Molecules     CH/Ctot: 3.67e-11 CH+/Ctot 7.43e-12 CO/Ctot: 6.04e-14 CO+/Ctot 1.12e-15 H2O/Otot 1.45e-21 OH/Ototl 3.93e-11
 Lithium       4.64e-03 9.92e-01 3.24e-03 1.24e-05 Berylliu 1.29e-01 2.63e-01 6.06e-01 2.29e-03 0.00e+00 sec ion: 1.48e-13
 Boron         6.25e-03 5.70e-01 3.52e-01 7.17e-02 2.49e-06 0.00e+00
 Carbon        5.31e-03 4.21e-01 5.70e-01 4.24e-03 2.13e-05 0.00e+00 0.00e+00 H2O+/O   2.28e-22 OH+/Otot 1.26e-11 Hex(tot) 0.00e+00
 Nitrogen      1.29e-02 7.54e-01 2.30e-01 3.04e-03 6.39e-06 0.00e+00 0.00e+00 0.00e+00 O2/Ototl 1.12e-15 O2+/Otot 3.89e-16
 Oxygen        3.33e-02 7.17e-01 2.46e-01 3.20e-03 1.69e-05 0.00e+00 0.00e+00 0.00e+00 0.00e+00
 Fluorine      1.93e-03 2.57e-01 7.37e-01 4.11e-03 3.71e-05 0.00e+00 0.00e+00 0.00e+00 0.00e+00 0.00e+00
 Neon          1.41e-03 1.77e-01 8.13e-01 7.95e-03 1.01e-05 0.00e+00 0.00e+00 0.00e+00 0.00e+00 0.00e+00 0.00e+00
 Sodium        1.63e-04 1.78e-01 8.08e-01 1.43e-02 1.76e-04 0.00e+00 0.00e+00 0.00e+00 0.00e+00 0.00e+00 0.00e+00 0.00e+00
 Magnesium     7.71e-03 1.67e-01 8.22e-01 4.07e-03 5.53e-06 0.00e+00 0.00e+00 0.00e+00 0.00e+00 0.00e+00 0.00e+00 0.00e+00 0.00e+00
 Aluminium  0  3.19e-04 5.82e-01 1.95e-01 2.21e-01 1.55e-03 4.05e-07 0.00e+00 0.00e+00 0.00e+00 0.00e+00 0.00e+00 0.00e+00 0.00e+00
 Silicon    0  3.25e-03 7.28e-01 2.53e-01 1.54e-02 2.29e-04 1.68e-07 0.00e+00 0.00e+00 0.00e+00 0.00e+00 0.00e+00 0.00e+00 0.00e+00
 Phosphorus 0  2.90e-04 7.40e-01 2.48e-01 1.13e-02 1.47e-04 4.67e-06 0.00e+00 0.00e+00 0.00e+00 0.00e+00 0.00e+00 0.00e+00 0.00e+00
 Sulphur    0  2.93e-03 4.48e-01 5.42e-01 7.06e-03 8.45e-05 3.90e-06 0.00e+00 0.00e+00 0.00e+00 0.00e+00 0.00e+00 0.00e+00 0.00e+00
 Chlorine   0  6.73e-04 5.26e-01 4.65e-01 8.01e-03 4.79e-05 1.75e-06 0.00e+00 0.00e+00 0.00e+00 0.00e+00 0.00e+00 0.00e+00 0.00e+00
 Argon      0  6.26e-04 9.24e-02 9.01e-01 6.34e-03 5.09e-05 2.15e-06 0.00e+00 0.00e+00 0.00e+00 0.00e+00 0.00e+00 0.00e+00 0.00e+00
 Potassium  0  9.40e-05 4.46e-01 5.49e-01 5.12e-03 7.23e-05 8.84e-07 0.00e+00 0.00e+00 0.00e+00 0.00e+00 0.00e+00 0.00e+00 0.00e+00
 Calcium    0  1.06e-03 2.21e-01 7.08e-01 6.93e-02 2.82e-04 2.04e-06 0.00e+00 0.00e+00 0.00e+00 0.00e+00 0.00e+00 0.00e+00 0.00e+00
 Scandium   0  5.72e-05 2.20e-02 2.63e-01 7.05e-01 9.24e-03 1.34e-05 4.21e-07 0.00e+00 0.00e+00 0.00e+00 0.00e+00 0.00e+00 0.00e+00
 Titanium   0  1.74e-05 1.52e-01 6.15e-01 2.24e-01 8.82e-03 7.03e-06 4.14e-07 0.00e+00 0.00e+00 0.00e+00 0.00e+00 0.00e+00 0.00e+00
 Vanadium   0  4.04e-04 8.51e-02 8.33e-01 6.08e-02 2.05e-02 3.93e-05 3.32e-07 0.00e+00 0.00e+00 0.00e+00 0.00e+00 0.00e+00 0.00e+00
 Chromium   0  3.97e-04 1.18e-01 8.46e-01 3.09e-02 5.16e-03 3.22e-05 1.02e-06 0.00e+00 0.00e+00 0.00e+00 0.00e+00 0.00e+00 0.00e+00
 Manganese  0  1.86e-05 1.45e-01 8.21e-01 2.67e-02 7.21e-03 8.19e-05 1.36e-06 0.00e+00 0.00e+00 0.00e+00 0.00e+00 0.00e+00 0.00e+00
 Iron       0  3.27e-05 2.66e-01 6.33e-01 9.84e-02 2.75e-03 6.63e-05 7.70e-07 0.00e+00 0.00e+00 0.00e+00 0.00e+00 0.00e+00 0.00e+00
 Cobalt     0  7.34e-03 5.82e-01 3.52e-01 4.96e-02 9.24e-03 5.23e-05 1.83e-06 0.00e+00 0.00e+00 0.00e+00 0.00e+00 0.00e+00 0.00e+00
 Nickel     0  1.40e-04 6.33e-01 3.49e-01 1.60e-02 1.22e-03 1.87e-05 7.19e-07 0.00e+00 0.00e+00 0.00e+00 0.00e+00 0.00e+00 0.00e+00
 Copper     0  4.83e-04 4.78e-02 9.10e-01 4.07e-02 6.16e-04 2.77e-05 9.35e-07 0.00e+00 0.00e+00 0.00e+00 0.00e+00 0.00e+00 0.00e+00
 Zinc       0  4.89e-04 2.36e-02 3.04e-01 5.29e-01 1.43e-01 5.87e-04 9.00e-06 5.16e-07 0.00e+00 0.00e+00 0.00e+00 0.00e+00 0.00e+00
 ####111  Te:3.966E+03 Hden:1.668E+03 Ne:1.233E+02 R:1.000E+30 R-R0:3.371E+16 dR:1.816E+14 NTR:  9 Htot:4.334E-19 T912: 3.68e+02###
 Hydrogen      9.41e-01 5.89e-02 H+o/Hden 1.00e+00 2.42e-08 H-    H2 5.91e-07 2.95e-09 H2+ HeH+ 9.40e-09 Ho+ ColD 2.90e+19 2.74e+19
 Helium        8.35e-01 1.59e-01 5.33e-03 HeI 2s3S 6.53e-08 Comp H,C 9.10e-25 2.71e-28 Fill Fac 1.00e+00 Gam1/tot 5.17e-01
 He singlet n  8.35e-01 3.76e-14 4.98e-19 6.44e-21 3.07e-20 1.05e-20 He tripl 6.53e-08 1.17e-18 1.38e-20 1.43e-19 2.92e-20
 Pressure      NgasTgas 7.68e+06 P(total) 1.06e-09 P( gas ) 1.06e-09 P(Radtn) 6.58e-16 Rad accl 3.95e-08 ForceMul 4.24e+04
 Texc(La)      3.33e+03 T(I con) 7.67e+00 T(D con) 6.91e+00 T(U tot) 8.70e+00 nT (c+d) 3.52e+06 Prad/Gas 6.21e-07 Pmag/Gas 0.00e+00
 Molecules     CH/Ctot: 1.60e-09 CH+/Ctot 9.52e-09 CO/Ctot: 1.02e-08 CO+/Ctot 1.05e-10 H2O/Otot 5.48e-14 OH/Ototl 5.83e-07
 Lithium       1.78e-03 9.98e-01 2.54e-05 4.28e-07 Berylliu 4.93e-03 7.85e-01 2.06e-01 4.67e-03 0.00e+00 sec ion: 1.96e-12
 Boron         6.98e-04 9.85e-01 1.43e-03 1.25e-02 0.00e+00 0.00e+00
 Carbon        3.22e-03 9.84e-01 1.32e-02 9.91e-07 0.00e+00 0.00e+00 0.00e+00 H2O+/O   1.35e-14 OH+/Otot 1.61e-07 Hex(tot) 0.00e+00
 Nitrogen      9.56e-01 4.42e-02 3.46e-06 0.00e+00 0.00e+00 0.00e+00 0.00e+00 0.00e+00 O2/Ototl 2.00e-11 O2+/Otot 2.57e-11
 Oxygen        9.54e-01 4.64e-02 7.18e-06 0.00e+00 0.00e+00 0.00e+00 0.00e+00 0.00e+00 0.00e+00
 Fluorine      2.92e-01 6.00e-01 1.07e-01 1.64e-06 4.57e-07 0.00e+00 0.00e+00 0.00e+00 0.00e+00 0.00e+00
 Neon          1.64e-01 5.68e-01 2.68e-01 9.26e-06 0.00e+00 0.00e+00 0.00e+00 0.00e+00 0.00e+00 0.00e+00 0.00e+00
 Sodium        8.37e-03 5.69e-01 4.23e-01 8.13e-05 2.09e-06 0.00e+00 0.00e+00 0.00e+00 0.00e+00 0.00e+00 0.00e+00 0.00e+00
 Magnesium     4.09e-03 5.11e-01 4.85e-01 2.52e-05 0.00e+00 0.00e+00 0.00e+00 0.00e+00 0.00e+00 0.00e+00 0.00e+00 0.00e+00 0.00e+00
 Aluminium  0  1.25e-04 5.13e-01 1.77e-01 3.10e-01 7.26e-05 0.00e+00 0.00e+00 0.00e+00 0.00e+00 0.00e+00 0.00e+00 0.00e+00 0.00e+00
 Silicon    0  6.11e-04 9.99e-01 5.62e-05 3.61e-04 1.29e-06 0.00e+00 0.00e+00 0.00e+00 0.00e+00 0.00e+00 0.00e+00 0.00e+00 0.00e+00
 Phosphorus 0  5.36e-04 9.22e-01 7.70e-02 8.72e-04 2.59e-06 0.00e+00 0.00e+00 0.00e+00 0.00e+00 0.00e+00 0.00e+00 0.00e+00 0.00e+00
 Sulphur    0  2.14e-03 9.05e-01 9.26e-02 2.02e-05 8.07e-07 0.00e+00 0.00e+00 0.00e+00 0.00e+00 0.00e+00 0.00e+00 0.00e+00 0.00e+00
 Chlorine   0  1.42e-03 9.26e-01 7.26e-02 1.79e-05 5.47e-07 0.00e+00 0.00e+00 0.00e+00 0.00e+00 0.00e+00 0.00e+00 0.00e+00 0.00e+00
 Argon      0  4.50e-01 4.73e-01 7.71e-02 4.01e-06 2.86e-07 0.00e+00 0.00e+00 0.00e+00 0.00e+00 0.00e+00 0.00e+00 0.00e+00 0.00e+00
 Potassium  0  2.69e-03 8.11e-01 1.86e-01 1.18e-05 1.80e-04 0.00e+00 0.00e+00 0.00e+00 0.00e+00 0.00e+00 0.00e+00 0.00e+00 0.00e+00
 Calcium    0  3.74e-04 2.60e-01 7.38e-01 1.31e-03 4.58e-06 0.00e+00 0.00e+00 0.00e+00 0.00e+00 0.00e+00 0.00e+00 0.00e+00 0.00e+00
 Scandium   0  5.75e-04 4.91e-01 4.79e-01 2.93e-02 2.12e-04 0.00e+00 0.00e+00 0.00e+00 0.00e+00 0.00e+00 0.00e+00 0.00e+00 0.00e+00
 Titanium   0  1.63e-04 8.91e-01 1.07e-01 1.36e-04 1.61e-03 0.00e+00 0.00e+00 0.00e+00 0.00e+00 0.00e+00 0.00e+00 0.00e+00 0.00e+00
 Vanadium   0  7.13e-03 8.33e-01 1.60e-01 2.02e-05 1.45e-04 0.00e+00 0.00e+00 0.00e+00 0.00e+00 0.00e+00 0.00e+00 0.00e+00 0.00e+00
 Chromium   0  5.76e-04 9.99e-01 8.56e-04 8.42e-06 1.79e-05 2.11e-07 0.00e+00 0.00e+00 0.00e+00 0.00e+00 0.00e+00 0.00e+00 0.00e+00
 Manganese  0  2.44e-04 9.98e-01 1.52e-03 9.15e-06 5.31e-05 1.68e-07 0.00e+00 0.00e+00 0.00e+00 0.00e+00 0.00e+00 0.00e+00 0.00e+00
 Iron       0  1.31e-04 1.00e+00 2.68e-04 3.21e-05 4.72e-06 1.23e-07 0.00e+00 0.00e+00 0.00e+00 0.00e+00 0.00e+00 0.00e+00 0.00e+00
 Cobalt     0  1.52e-02 9.84e-01 2.60e-04 3.56e-05 5.63e-05 0.00e+00 0.00e+00 0.00e+00 0.00e+00 0.00e+00 0.00e+00 0.00e+00 0.00e+00
 Nickel     0  3.98e-04 9.99e-01 2.29e-04 6.48e-06 8.07e-06 0.00e+00 0.00e+00 0.00e+00 0.00e+00 0.00e+00 0.00e+00 0.00e+00 0.00e+00
 Copper     0  4.46e-03 7.69e-01 2.27e-01 1.70e-05 1.54e-06 1.94e-07 0.00e+00 0.00e+00 0.00e+00 0.00e+00 0.00e+00 0.00e+00 0.00e+00
 Zinc       0  2.56e-03 2.36e-01 5.02e-01 2.23e-01 3.60e-02 2.17e-06 0.00e+00 0.00e+00 0.00e+00 0.00e+00 0.00e+00 0.00e+00 0.00e+00
   AGN log nH=3.22 log U=-3.67  
   Calculation stopped because lowest Te reached. Iteration 3 of 3
   The geometry is plane-parallel.
  !Some input lines contained underscores, these were changed to spaces.
  !Suprathermal collisional ionization of H reached 48.29% of the local H ionization rate.
  !Charge transfer H => H+ reached 1438.9% of the local H ionization rate.
  !AGE: Cloud age was not set.  Longest timescale was 1.64e+10 s = 5.21e+02 years.
  !Mutual neutralization production of H-alpha was significant.
  !The CMB was not included.  This is added with the CMB command.
   Charge transfer heating reached 1.27% of the local heating.
   The density is too low to l-mix the lowest H  I collapsed level.  More resolved levels are needed for accurate line ratios.
   The density is too low to l-mix the lowest He I collapsed level.  More resolved levels are needed for accurate line ratios.
   Grains were not present but might survive in this environment (energy density temperature was 8.72e+00K)
   The continuum optical depth at the lowest energy considered (3.045e-09 Ryd) was 1.495e+02.

                       *********************************> Cloudy 25.00 <**********************************
                       * title AGN log nH=3.22 log U=-3.67                                               *
                       * hden 3.2222222222222223                                                         *
                       * table AGN                                                                       *
                       * stop efrac 0.01                                                                 *
                       * ionization parameter -3.6666666666666665                                        *
                       * abundances GASS                                                                 *
                       * sphere                                                                          *
                       * stop temperature 4000 K                                                         *
                       * stop column density 22                                                          *
                       * iterate to convergence                                                          *
                       * save overview "AGNmodel_nH3.22_Um3.67_temp41666.67.txt"                         *
                       *********************************> Log(U): -3.67 <*********************************

                     Emission Line Spectrum.   Constant  Density Model.  Closed geometry.  Iteration 3 of 3.
                                                     Intensity (erg/s/cm^2).


                                                   Intrinsic line intensities
general properties..............................      H  1                914.576A    -4.789    0.0031      Fe 2                5273.36A    -3.452    0.0680
Inci                      0      0.118  252.5198      H  1                914.286A    -4.794    0.0031      Fe 2                5158.79A    -2.806    0.3008
TotH                      0     -0.599   48.4521      H  1                914.039A    -4.796    0.0031      Fe 2                5111.64A    -3.747    0.0344
TotC                      0     -0.599   48.4546      H  1                913.826A    -4.793    0.0031      Fe 2                5072.41A    -3.515    0.0588
BFH1                      0     -0.733   35.5444      H  1                6562.80A    -1.837    2.8011      Fe 2                5039.10A    -4.881    0.0025
BFHe                      0     -1.248   10.8571      H  1                4861.32A    -2.284    1.0000      Fe 2                4814.54A    -3.773    0.0325
TotM                      0     -2.075    1.6192      H  1                4340.46A    -2.611    0.4715      Fe 2                4774.73A    -4.230    0.0113
CT H                      0     -2.666    0.4152      H  1                4101.73A    -2.867    0.2611      Fe 2                4243.97A    -3.206    0.1198
H FB                      0     -1.997    1.9367      H  1                3970.07A    -3.078    0.1609      Fe 2                4177.20A    -4.284    0.0100
HFBc                      0     -1.997    1.9367      H  1                3889.05A    -3.256    0.1066      Fe 2                4114.48A    -5.171    0.0013
H  1c                     0     -1.827    2.8658      H  1                3835.38A    -3.412    0.0745      Fe 2                3387.09A    -4.795    0.0031
He 1c                     0     -3.059    0.1677      H  1                3797.90A    -3.549    0.0543      Fe 2                3376.20A    -4.018    0.0184
Al 3c                     0     -4.450    0.0068      H  1                3770.63A    -3.541    0.0553      Fe 2                2732.45A    -4.587    0.0050
Ar 2c                     0     -3.439    0.0700      H  1                3750.15A    -3.645    0.0436      Fe 2                2493.30A    -3.211    0.1182
Ar 3c                     0     -2.557    0.5334      H  1                3734.37A    -3.740    0.0350      Fe 2                2484.20A    -4.921    0.0023
C  1c                     0     -3.290    0.0986      H  1                3721.94A    -3.827    0.0286      Fe 2                24.5126m    -3.235    0.1120
C  2c                     0     -2.477    0.6411      H  1                3711.97A    -3.908    0.0238      Fe 2                1.80940m    -2.543    0.5502
C  3c                     0     -3.011    0.1876      H  1                3703.85A    -3.983    0.0200      Fe 2                1.67688m    -3.213    0.1178
Ca 1c                     0     -5.160    0.0013      H  1                3697.15A    -4.052    0.0171      Fe 2                1.59948m    -3.184    0.1260
Ca 4c                     0     -4.507    0.0060      H  1                3691.55A    -4.116    0.0147      Fe 2                9051.95A    -2.950    0.2157
Co 2c                     0     -3.737    0.0353      H  1                3686.83A    -4.174    0.0129      Fe 2                8891.93A    -3.446    0.0689
Co 3c                     0     -4.821    0.0029      H  1                3682.81A    -4.226    0.0114      Fe 2                7452.56A    -3.238    0.1111
Cr 2c                     0     -3.719    0.0367      H  1                3679.35A    -4.270    0.0103      Fe 2                7172.00A    -3.478    0.0640
Fe 2c                     0     -1.210   11.8682      H  1                1.87510m    -2.790    0.3118      Fe 2                6275.53A    -5.149    0.0014
Fe 3c                     0     -2.026    1.8105      H  1                1.28181m    -3.085    0.1582      Fe 2                5527.36A    -3.630    0.0451
K  3c                     0     -4.455    0.0067      H  1                1.09381m    -3.335    0.0890      Fe 2                5433.15A    -3.965    0.0208
Mg 1c                     0     -3.265    0.1045      H  1                1.00494m    -3.543    0.0550      Fe 2                5261.63A    -3.220    0.1158
Mn 2c                     0     -3.940    0.0221      H  1                9545.97A    -3.722    0.0365      Fe 2                5220.08A    -4.518    0.0058
N  1c                     0     -3.151    0.1359      H  1                9229.02A    -3.877    0.0255      Fe 2                5184.80A    -4.346    0.0087
Ne 2c                     0     -2.905    0.2395      H  1                9014.91A    -4.015    0.0186      Fe 2                5158.01A    -4.281    0.0101
Ne 3c                     0     -2.113    1.4819      H  1                8862.79A    -4.057    0.0169      Fe 2                4947.39A    -3.716    0.0369
O  1c                     0     -2.314    0.9325      H  1                8750.48A    -4.160    0.0133      Fe 2                4905.35A    -4.086    0.0158
O  2c                     0     -1.488    6.2513      H  1                8665.02A    -4.254    0.0107      Fe 2                4874.50A    -4.157    0.0134
O  3c                     0     -1.893    2.4608      H  1                8598.40A    -4.342    0.0088      Fe 2                4346.86A    -3.833    0.0282
P  2c                     0     -3.259    0.1060      H  1                8545.39A    -4.422    0.0073      Fe 2                4276.84A    -3.745    0.0346
P  3c                     0     -4.791    0.0031      H  1                8502.49A    -4.497    0.0061      Fe 2                4244.82A    -4.459    0.0067
S  1c                     0     -5.149    0.0014      H  1                8467.26A    -4.566    0.0052      Fe 2                4211.11A    -5.105    0.0015
S  2c                     0     -1.804    3.0175      H  1                8437.96A    -4.630    0.0045      Fe 2                3455.11A    -4.872    0.0026
S  3c                     0     -2.010    1.8778      H  1                8413.32A    -4.688    0.0039      Fe 2                3452.31A    -4.590    0.0049
Si 2c                     0     -2.061    1.6722      H  1                8392.40A    -4.739    0.0035      Fe 2                3440.99A    -4.497    0.0061
Si 3c                     0     -3.622    0.0459      H  1                8374.48A    -4.783    0.0032      Fe 2                2362.02A    -5.231    0.0011
Al 2c                     0     -3.208    0.1192      H  1                4.05115m    -3.438    0.0701      Fe 2                35.7675m    -3.985    0.0199
Ca 2c                     0     -2.124    1.4454      H  1                2.62515m    -3.657    0.0423      Fe 2                1.95361m    -3.455    0.0675
Cl 2c                     0     -3.314    0.0933      H  1                2.16553m    -3.860    0.0266      Fe 2                1.80002m    -3.228    0.1136
Cl 3c                     0     -4.036    0.0177      H  1                1.94456m    -4.037    0.0177      Fe 2                1.71113m    -3.861    0.0265
Fe 4c                     0     -3.837    0.0280      H  1                1.81741m    -4.193    0.0123      Fe 2                1.66377m    -3.475    0.0645
Fe 5c                     0     -4.797    0.0031      H  1                1.73621m    -4.331    0.0090      Fe 2                9399.04A    -3.372    0.0816
Mg 2c                     0     -1.977    2.0293      H  1                1.68065m    -4.426    0.0072      Fe 2                9226.63A    -3.389    0.0785
Mg 4c                     0     -5.204    0.0012      H  1                1.64072m    -4.529    0.0057      Fe 2                9033.49A    -4.057    0.0168
N  2c                     0     -1.747    3.4442      H  1                1.61093m    -4.623    0.0046      Fe 2                7388.17A    -3.598    0.0485
N  3c                     0     -3.745    0.0346      H  1                1.58805m    -4.710    0.0038      Fe 2                6440.41A    -4.264    0.0105
Na 3c                     0     -4.135    0.0141      H  1                1.57007m    -4.790    0.0031      Fe 2                5654.87A    -4.590    0.0049
Ni 2c                     0     -2.531    0.5656      H  1                1.55565m    -4.865    0.0026      Fe 2                5556.31A    -4.635    0.0045
O  4c                     0     -3.890    0.0248      H  1                1.54389m    -4.934    0.0022      Fe 2                5412.67A    -4.485    0.0063
S  4c                     0     -3.978    0.0202      H  1                1.53418m    -4.997    0.0019      Fe 2                5333.66A    -3.530    0.0568
continua........................................      H  1                1.52605m    -5.055    0.0017      Fe 2                5296.84A    -4.745    0.0035
Bac                 3646.00A    -1.061   16.7265      H  1                1.51919m    -5.107    0.0015      Fe 2                5268.89A    -4.451    0.0068
nFnu                3645.00A    -0.967   20.7507      H  1                1.51332m    -5.151    0.0014      Fe 2                5107.96A    -5.062    0.0017
nFnu                3647.00A    -1.679    4.0242      H  1                7.45782m    -3.956    0.0213      Fe 2                5049.30A    -3.890    0.0248
cout                3646.00A    -1.061   16.7265      H  1                4.65251m    -4.124    0.0145      Fe 2                5005.52A    -3.962    0.0210
thin                3646.00A    -1.061   16.7269      H  1                3.73954m    -4.292    0.0098      Fe 2                4973.40A    -4.258    0.0106
Inci                4860.00A    -0.986   19.8768      H  1                3.29609m    -4.445    0.0069      Fe 2                4950.76A    -4.506    0.0060
Inci                1367.00A    -0.730   35.7690      H  1                3.03837m    -4.582    0.0050      Fe 2                4352.79A    -4.061    0.0167
Inci                2066.00A    -0.820   29.0919      H  1                2.87221m    -4.715    0.0037      Fe 2                4319.62A    -4.229    0.0113
Inci                1215.00A    -0.705   37.9326      H  1                2.75752m    -4.817    0.0029      Fe 2                4305.90A    -4.828    0.0029
Ba C                      0     -1.768    3.2815      H  1                2.67440m    -4.911    0.0024      Fe 2                3504.51A    -5.175    0.0013
PA C                      0     -2.181    1.2683      H  1                2.61194m    -4.997    0.0019      Fe 2                3504.02A    -5.059    0.0017
FIR                 83.0000m    -2.289    0.9895      H  1                2.56363m    -5.077    0.0016      Fe 2                3501.63A    -4.625    0.0046
TIR                 1800.00m    -4.344    0.0087      H  1                2.52540m    -5.151    0.0014      Fe 2                2.06648m    -4.848    0.0027
NIRa                2.85000m    -0.378   80.5809      H  1                2.49458m    -5.220    0.0012      Fe 2                1.89541m    -3.964    0.0209
NIRb                3.00000m    -0.685   39.6888      H  1                2.46931m    -5.284    0.0010      Fe 2                1.79711m    -3.515    0.0588
MIRa                15.0000m    -0.890   24.7950      H  1                12.3685m    -4.390    0.0078      Fe 2                1.74494m    -3.797    0.0307
MIRb                22.5000m    -0.840   27.8105      H  1                7.50045m    -4.522    0.0058      Fe 2                9652.70A    -4.221    0.0116
NMIR                21.7500m    -0.378   80.5809      H  1                5.90660m    -4.665    0.0042      Fe 2                9470.94A    -3.780    0.0319
TFIR                611.250m    -3.313    0.0935      H  1                5.12726m    -4.797    0.0031      Fe 2                9267.56A    -3.754    0.0339
TALL                10000.0A     0.111  248.1998      H  1                4.67124m    -4.953    0.0021      Fe 2                6558.51A    -4.478    0.0064
F12                 12.0000m    -1.367    8.2605      H  1                4.37526m    -5.054    0.0017      Fe 2                5745.71A    -4.961    0.0021
F25                 25.0000m    -2.019    1.8393      H  1                4.16966m    -5.147    0.0014      Fe 2                5495.84A    -4.761    0.0033
F60                 60.0000m    -2.403    0.7596      H  1                4.01977m    -5.233    0.0011      Fe 2                5376.47A    -3.856    0.0268
F100                100.000m    -3.220    0.1159      H  1                19.0567m    -4.766    0.0033      Fe 2                5347.66A    -4.957    0.0021
MIPS                24.0000m    -2.089    1.5678      H  1                11.3056m    -4.871    0.0026      Fe 2                5181.96A    -4.908    0.0024
MIPS                70.0000m    -2.876    0.2559      H  1                8.75768m    -4.993    0.0020      Fe 2                5076.57A    -4.566    0.0052
MIPS                160.000m    -3.471    0.0650      H  1                7.50606m    -5.158    0.0013      Fe 2                5043.53A    -4.465    0.0066
IRAC                3.60000m    -1.635    4.4527      H  1                6.77015m    -5.257    0.0011      Fe 2                5020.24A    -4.483    0.0063
IRAC                4.50000m    -1.600    4.8291      H  1                27.7958m    -5.096    0.0015      Fe 2                4372.43A    -4.504    0.0060
IRAC                5.80000m    -1.447    6.8642      H  1                16.2047m    -5.181    0.0013      Fe 2                4358.37A    -4.511    0.0059
IRAC                8.00000m    -1.392    7.8068      Ca A                303.784A    -1.457    6.7125      Fe 2                3539.19A    -4.879    0.0025
SPR1                250.000m    -4.568    0.0052      Ca A                256.317A    -2.195    1.2266      Fe 2                3538.69A    -5.200    0.0012
SPR2                350.000m    -4.683    0.0040      Ca A                243.027A    -2.630    0.4510      Fe 2                5163.96A    -4.534    0.0056
SPR3                500.000m    -4.742    0.0035      Ca A                237.331A    -2.940    0.2210      Fe 2                3277.35A    -4.681    0.0040
PAC1                70.0000m    -2.868    0.2607      Ca A                234.347A    -3.182    0.1265      Fe 2                2926.59A    -4.680    0.0040
PAC2                100.000m    -3.141    0.1390      Ca A                232.584A    -3.382    0.0799      Fe 2                2755.74A    -3.858    0.0266
PAC3                160.000m    -3.438    0.0702      Ca A                231.454A    -3.552    0.0540      Fe 2                2739.55A    -4.016    0.0185
PAH                 3.30000m    -2.485    0.6289      Ca A                230.686A    -3.701    0.0383      Fe 2                2716.70A    -4.902    0.0024
PAHC                3.23000m    -2.763    0.3318      Ca A                230.139A    -3.833    0.0282      Fe 2                1.00287m    -4.639    0.0044
PAHC                3.37000m    -2.802    0.3034      Ca A                229.736A    -3.952    0.0215      Fe 2                5746.98A    -4.836    0.0028
PAH                 6.20000m    -2.066    1.6518      Ca A                229.431A    -4.061    0.0167      Fe 2                5283.12A    -5.142    0.0014
PAHC                5.65000m    -2.028    1.8049      Ca A                229.194A    -4.161    0.0133      Fe 2                2772.73A    -4.061    0.0167
PAH                 7.90000m    -1.871    2.5887      Ca A                229.006A    -4.253    0.0107      Fe 2                2749.32A    -4.855    0.0027
PAHC                6.90000m    -1.773    3.2403      Ca A                228.855A    -4.339    0.0088      Fe 2                2.04602m    -4.584    0.0050
PAH                 11.3000m    -2.613    0.4686      Ca A                228.731A    -4.420    0.0073      Fe 2                1.41956m    -5.003    0.0019
PAHC                10.9000m    -2.537    0.5582      Ca A                228.629A    -4.495    0.0062      Fe 2                5580.82A    -5.072    0.0016
PAH                 11.8000m    -2.479    0.6383      Ca A                228.543A    -4.566    0.0052      Fe 2                5551.32A    -4.811    0.0030
PAHC                12.6500m    -2.408    0.7524      Ca A                228.471A    -4.633    0.0045      Fe 2                2.13278m    -4.839    0.0028
PAH                 13.3000m    -2.628    0.4531      Ca A                228.409A    -4.696    0.0039      Fe 2                5613.27A    -5.027    0.0018
PAHC                14.1000m    -2.707    0.3777      Ca A                228.356A    -4.756    0.0034      Fe 2                2.24366m    -5.177    0.0013
Bcon                3640.00A    -0.316   92.9912      Ca A                228.309A    -4.812    0.0030      Fe 2                2.00672m    -4.614    0.0047
Pcon                5000.00A    -0.619   46.2270      Ca A                228.269A    -4.866    0.0026      Fe 2                2.22379m    -3.761    0.0334
O3bn                5007.00A    -1.926    2.2819      Ca A                228.234A    -4.917    0.0023      Fe 2                2.01513m    -4.404    0.0076
SX                  25.0000A    -1.820    2.9111      Ca A                1640.41A    -2.441    0.6974      Fe 2                9682.08A    -4.432    0.0071
HX                  4.70000A    -1.554    5.3755      Ca A                1215.13A    -2.975    0.2037      Fe 2                8715.81A    -4.983    0.0020
ROSA                12.3980A    -1.368    8.2465      Ca A                1084.94A    -3.331    0.0898      Fe 2                6873.84A    -4.762    0.0033
HFFc                      0     -2.124    1.4450      Ca A                1025.27A    -3.597    0.0486      Fe 2                6188.55A    -4.749    0.0034
H FF                      0     -2.181    1.2668      Ca A                992.358A    -3.811    0.0297      Fe 2                2.25348m    -4.921    0.0023
HeFF                      0     -3.064    0.1660      Ca A                972.106A    -3.991    0.0196      Fe 2                1.00139m    -5.225    0.0011
MeFB                      0     -4.278    0.0101      Ca A                958.693A    -4.146    0.0137      Fe 2                1.71482m    -5.041    0.0018
MeFF                      0     -4.827    0.0029      Ca A                949.323A    -4.284    0.0100      Fe 2                5169.03A    -4.857    0.0027
ToFF                      0     -2.127    1.4357      Ca A                942.507A    -4.406    0.0075      Fe 3                22.9190m    -2.668    0.4129
nFnu                6915.34m    -5.283    0.0010      Ca A                937.389A    -4.518    0.0058      Fe 3                4985.87A    -3.922    0.0230
nFnu                122.367m    -3.818    0.0293      Ca A                933.444A    -4.619    0.0046      Fe 3                4924.54A    -4.278    0.0101
nInu                122.367m    -4.791    0.0031      Ca A                930.337A    -4.714    0.0037      Fe 3                4881.00A    -3.220    0.1160
nFnu                60.8157m    -3.572    0.0515      Ca A                927.846A    -4.801    0.0030      Fe 3                4658.05A    -2.799    0.3057
nInu                60.8157m    -3.733    0.0356      Ca A                925.816A    -4.882    0.0025      Fe 3                4607.03A    -4.055    0.0169
nFnu                41.2039m    -3.425    0.0722      Ca A                924.142A    -4.959    0.0021      Fe 3                4070.71A    -4.990    0.0020
nInu                41.2039m    -3.140    0.1393      Ca A                922.743A    -5.031    0.0018      Fe 3                4008.35A    -3.948    0.0217
nFnu                30.8611m    -3.321    0.0918      Ca A                921.562A    -5.099    0.0015      Fe 3                3322.54A    -3.811    0.0297
nInu                30.8611m    -2.699    0.3844      Ca A                920.556A    -5.164    0.0013      Fe 3                3239.74A    -3.877    0.0255
nFnu                24.7761m    -3.241    0.1103      Ca A                919.693A    -5.225    0.0011      Fe 3                2438.29A    -4.335    0.0089
nInu                24.7761m    -2.365    0.8301      Ca A                918.945A    -5.284    0.0010      Fe 3                1576.66A    -5.167    0.0013
nFnu                24.2932m    -3.234    0.1121      Ca A                4685.68A    -3.145    0.1379      Fe 3                33.0270m    -3.225    0.1146
nInu                24.2932m    -2.334    0.8903      Ca A                3203.08A    -3.550    0.0542      Fe 3                5270.40A    -3.044    0.1739
nFnu                22.8240m    -3.212    0.1182      Ca A                2733.28A    -3.846    0.0274      Fe 3                5032.68A    -5.084    0.0016
nInu                22.8240m    -2.243    1.0983      Ca A                2511.19A    -4.077    0.0161      Fe 3                4987.21A    -3.960    0.0211
nFnu                21.4141m    -3.190    0.1242      Ca A                2385.39A    -4.269    0.0104      Fe 3                4754.69A    -3.524    0.0575
nInu                21.4141m    -2.147    1.3708      Ca A                2306.18A    -4.432    0.0071      Fe 3                4701.54A    -3.343    0.0872
nFnu                21.1177m    -3.184    0.1259      Ca A                2252.67A    -4.575    0.0051      Fe 3                4667.01A    -4.358    0.0084
nInu                21.1177m    -2.122    1.4531      Ca A                2214.65A    -4.702    0.0038      Fe 3                4079.70A    -4.507    0.0060
nFnu                19.6146m    -3.156    0.1342      Ca A                2186.59A    -4.817    0.0029      Fe 3                4046.42A    -4.909    0.0024
nInu                19.6146m    -2.010    1.8782      Ca A                2165.23A    -4.922    0.0023      Fe 3                3371.41A    -3.945    0.0218
nFnu                17.6486m    -3.117    0.1468      Ca A                2148.58A    -5.018    0.0018      Fe 3                3301.56A    -5.010    0.0019
nInu                17.6486m    -1.853    2.6965      Ca A                2135.34A    -5.108    0.0015      Fe 3                3286.19A    -4.393    0.0078
nFnu                17.3653m    -3.112    0.1487      Ca A                2124.61A    -5.191    0.0012      Fe 3                2464.51A    -4.478    0.0064
nInu                17.3653m    -1.828    2.8584      Ca A                2115.81A    -5.269    0.0010      Fe 3                51.6655m    -3.902    0.0241
nFnu                15.6859m    -3.077    0.1612      Ca A                1.01235m    -3.688    0.0394      Fe 3                5011.26A    -3.696    0.0387
nInu                15.6859m    -1.671    4.1036      Ca A                6560.01A    -4.007    0.0189      Fe 3                4769.43A    -3.811    0.0297
nFnu                14.5997m    -3.048    0.1720      Ca A                5411.45A    -4.257    0.0106      Fe 3                4733.91A    -3.817    0.0293
nInu                14.5997m    -1.564    5.2427      Ca A                4859.26A    -4.461    0.0067      Fe 3                3406.18A    -4.308    0.0095
nFnu                12.4266m    -2.986    0.1987      Ca A                4541.54A    -4.633    0.0045      Fe 3                3334.90A    -4.388    0.0079
nInu                12.4266m    -1.316    9.2851      Ca A                4338.62A    -4.782    0.0032      Fe 3                3319.22A    -4.560    0.0053
nFnu                11.3969m    -2.957    0.2123      Ca A                4199.78A    -4.914    0.0023      Fe 3                2483.05A    -4.647    0.0043
nInu                11.3969m    -1.184   12.5748      Ca A                4099.99A    -5.032    0.0018      Fe 3                105.345m    -5.078    0.0016
nFnu                10.4572m    -2.921    0.2308      Ca A                4025.55A    -5.140    0.0014      Fe 3                5411.98A    -4.100    0.0153
nInu                10.4572m    -1.053   17.0301      Ca A                3968.39A    -5.239    0.0011      Fe 3                4930.54A    -4.344    0.0087
nFnu                9.47744m    -2.889    0.2481      Ca A                1.86365m    -4.139    0.0140      Fe 3                4777.68A    -4.137    0.0140
nInu                9.47744m    -0.986   19.8780      Ca A                1.16262m    -4.395    0.0077      Fe 3                3428.79A    -4.967    0.0021
nFnu                9.32234m    -2.884    0.2512      Ca A                9344.80A    -4.609    0.0047      Fe 3                3356.57A    -4.468    0.0065
nInu                9.32234m    -0.986   19.8780      Ca A                8236.67A    -4.789    0.0031      Fe 3                3355.48A    -4.719    0.0037
nFnu                8.20812m    -2.833    0.2827      Ca A                7592.65A    -4.945    0.0022      Fe 3                2495.04A    -4.885    0.0025
nInu                8.20812m    -0.986   19.8780      Ca A                7177.41A    -5.081    0.0016      Fe 3                5084.77A    -4.472    0.0065
nFnu                7.57793m    -2.808    0.2994      Ca A                6890.80A    -5.203    0.0012      Fe 3                3366.21A    -4.781    0.0032
nInu                7.57793m    -0.986   19.8779      Ca A                3.09080m    -4.527    0.0057      Fe 3                8838.21A    -5.110    0.0015
nFnu                7.04834m    -2.770    0.3267      Ca A                1.87431m    -4.735    0.0035      Fe 3                8728.94A    -4.973    0.0020
nInu                7.04834m    -0.986   19.8779      Ca A                1.47602m    -4.921    0.0023      Fe 3                40.0371m    -4.801    0.0030
nFnu                4.11258m    -2.560    0.5302      Ca A                1.28127m    -5.081    0.0016      Fe 3                2.21782m    -3.916    0.0233
nInu                4.11258m    -0.986   19.8777      Ca A                1.16730m    -5.221    0.0012      Fe 3                9701.27A    -4.199    0.0122
nFnu                2.32377m    -2.379    0.8041      Ca A                4.76213m    -4.868    0.0026      Fe 3                3307.57A    -5.277    0.0010
nInu                2.32377m    -0.986   19.8775      Ca A                2.82519m    -5.039    0.0018      Fe 3                2.34788m    -4.095    0.0155
nFnu                1.64268m    -2.234    1.1219      Ca A                2.18848m    -5.201    0.0012      Fe 3                9942.18A    -4.393    0.0078
nInu                1.64268m    -0.986   19.8773      Ca A                6.94599m    -5.172    0.0013      Fe 3                9444.21A    -4.928    0.0023
nFnu                1.47981m    -2.225    1.1442      Ca B                1640.41A    -2.312    0.9377      Fe 3                2.24204m    -4.637    0.0044
nInu                1.47981m    -0.986   19.8771      Ca B                1215.13A    -2.835    0.2814      Fe 3                2.14511m    -4.870    0.0026
nFnu                1.43610m    -2.042    1.7444      Ca B                1084.94A    -3.187    0.1251      Fe 3                3.22847m    -4.442    0.0070
nInu                1.43610m    -0.986   19.8769      Ca B                1025.27A    -3.453    0.0678      Fe 3                2.87385m    -4.375    0.0081
nFnu                1.11836m    -2.036    1.7705      Ca B                992.358A    -3.667    0.0414      Fe 3                1.06081m    -4.882    0.0025
nInu                1.11836m    -0.986   19.8763      Ca B                972.106A    -3.848    0.0273      Fe 3                2.90407m    -5.043    0.0017
nFnu                8327.39A    -2.040    1.7542      Ca B                958.693A    -4.004    0.0191      Fe 3                1.08826m    -5.277    0.0010
nInu                8327.39A    -0.986   19.8760      Ca B                949.323A    -4.141    0.0139      Fe 3                3.04312m    -5.258    0.0011
nFnu                8076.39A    -1.666    4.1454      Ca B                942.507A    -4.264    0.0105      K  3                4.61683m    -4.455    0.0067
nInu                8076.39A    -0.986   19.8760      Ca B                937.389A    -4.376    0.0081      Mg 1                2852.13A    -3.814    0.0295
nFnu                6207.94A    -1.720    3.6609      Ca B                933.444A    -4.479    0.0064      Mg 1                4562.60A    -3.565    0.0523
nInu                6207.94A    -0.986   19.8760      Ca B                930.337A    -4.573    0.0051      Mg 1                4571.10A    -3.994    0.0195
nFnu                4884.00A    -1.750    3.4224      Ca B                927.846A    -4.661    0.0042      Mg 1                4575.29A    -4.943    0.0022
nInu                4884.00A    -0.986   19.8761      Ca B                925.816A    -4.743    0.0035      Mg 3                231.734A    -5.032    0.0018
nFnu                3703.28A    -1.714    3.7123      Ca B                924.142A    -4.819    0.0029      Mn 2                2576.10A    -4.296    0.0097
nInu                3703.28A    -0.947   21.7273      Ca B                922.743A    -4.892    0.0025      Mn 2                2593.72A    -4.384    0.0079
nFnu                3586.64A    -0.978   20.2110      Ca B                921.562A    -4.960    0.0021      Mn 2                2605.68A    -4.519    0.0058
nInu                3586.64A    -0.940   22.0557      Ca B                920.556A    -5.025    0.0018      N  1                1134.17A    -5.100    0.0015
nFnu                2429.31A    -1.251   10.7882      Ca B                919.693A    -5.086    0.0016      N  1                1134.41A    -5.038    0.0018
nInu                2429.31A    -0.856   26.8042      Ca B                918.945A    -5.144    0.0014      N  1                1134.98A    -5.009    0.0019
nFnu                2391.30A    -1.255   10.6864      Ca B                918.295A    -5.200    0.0012      N  1                1199.55A    -4.673    0.0041
nInu                2391.30A    -0.852   27.0285      Ca B                917.724A    -5.253    0.0011      N  1                1200.22A    -4.705    0.0038
nFnu                2070.68A    -1.247   10.8993      Ca B                4685.68A    -3.119    0.1463      N  1                1200.71A    -4.835    0.0028
nInu                2070.68A    -0.821   29.0367      Ca B                3203.08A    -3.514    0.0589      N  1                3466.50A    -5.073    0.0016
nFnu                2052.02A    -1.229   11.3472      Ca B                2733.28A    -3.804    0.0302      N  1                5197.90A    -3.484    0.0630
nInu                2052.02A    -0.819   29.1823      Ca B                2511.19A    -4.032    0.0178      N  1                5200.26A    -3.506    0.0600
nFnu                1793.44A    -1.164   13.1920      Ca B                2385.39A    -4.222    0.0115      N  1                1.03977m    -4.578    0.0051
nInu                1793.44A    -0.790   31.1943      Ca B                2306.18A    -4.384    0.0079      N  1                1.03982m    -5.122    0.0015
nFnu                1585.12A    -1.122   14.5088      Ca B                2252.67A    -4.526    0.0057      N  1                1.04072m    -4.926    0.0023
nInu                1585.12A    -0.762   33.2328      Ca B                2214.65A    -4.653    0.0043      N  1                1.04076m    -4.935    0.0022
nFnu                1458.33A    -1.113   14.8290      Ca B                2186.59A    -4.767    0.0033      Ne 2                12.8101m    -2.905    0.2395
nInu                1458.33A    -0.744   34.6408      Ca B                2165.23A    -4.872    0.0026      Ne 3                15.5509m    -2.337    0.8860
nFnu                1356.96A    -1.147   13.7180      Ca B                2148.58A    -4.968    0.0021      Ne 3                3868.76A    -2.687    0.3953
nInu                1356.96A    -0.729   35.8762      Ca B                2135.34A    -5.057    0.0017      Ne 3                36.0036m    -3.384    0.0794
nFnu                1297.29A    -1.241   11.0456      Ca B                2124.61A    -5.140    0.0014      Ne 3                3967.47A    -3.205    0.1200
nInu                1297.29A    -0.719   36.7240      Ca B                2115.81A    -5.218    0.0012      Ne 3                491.045A    -5.021    0.0018
nFnu                1262.79A    -1.382    7.9775      Ca B                1.01235m    -3.677    0.0405      Ne 3                313.688A    -5.247    0.0011
nInu                1262.79A    -0.713   37.2174      Ca B                6560.01A    -3.992    0.0196      O  1                1040.94A    -5.137    0.0014
nFnu                1218.08A    -2.015    1.8559      Ca B                5411.45A    -4.239    0.0111      O  1                1302.17A    -5.212    0.0012
nInu                1218.08A    -0.705   37.9066      Ca B                4859.26A    -4.441    0.0070      O  1                1304.86A    -4.528    0.0057
nFnu                1196.33A    -2.001    1.9206      Ca B                4541.54A    -4.611    0.0047      O  1                1306.03A    -4.961    0.0021
nInu                1196.33A    -0.702   38.2200      Ca B                4338.62A    -4.759    0.0033      O  1                2972.29A    -5.228    0.0011
nFnu                1175.06A    -1.987    1.9814      Ca B                4199.78A    -4.891    0.0025      O  1                5577.34A    -4.278    0.0101
nInu                1175.06A    -0.698   38.5400      Ca B                4099.99A    -5.009    0.0019      O  1                6300.30A    -2.581    0.5048
nFnu                1143.64A    -1.963    2.0957      Ca B                4025.55A    -5.116    0.0015      O  1                6363.78A    -3.076    0.1613
nInu                1143.64A    -0.692   39.1228      Ca B                3968.39A    -5.214    0.0012      O  1                63.1679m    -2.911    0.2358
nFnu                1113.22A    -1.941    2.2038      Ca B                1.86365m    -4.132    0.0142      O  1                145.495m    -4.013    0.0187
nInu                1113.22A    -0.686   39.6482      Ca B                1.16262m    -4.386    0.0079      O  2                539.086A    -4.869    0.0026
nFnu                1103.23A    -1.935    2.2317      Ca B                9344.80A    -4.599    0.0048      O  2                539.547A    -4.903    0.0024
nInu                1103.23A    -0.684   39.7806      Ca B                8236.67A    -4.778    0.0032      O  2                539.854A    -4.961    0.0021
nFnu                1073.86A    -1.909    2.3719      Ca B                7592.65A    -4.932    0.0022      O  2                832.758A    -4.968    0.0021
nInu                1073.86A    -0.680   40.2231      Ca B                7177.41A    -5.068    0.0016      O  2                833.330A    -4.915    0.0023
nFnu                1064.34A    -1.901    2.4126      Ca B                6890.80A    -5.189    0.0012      O  2                834.465A    -4.901    0.0024
nInu                1064.34A    -0.677   40.4252      Ca B                3.09080m    -4.520    0.0058      O  2                2470.22A    -3.763    0.0332
nFnu                1035.92A    -1.881    2.5263      Ca B                1.87431m    -4.728    0.0036      O  2                2470.34A    -3.169    0.1303
nInu                1035.92A    -0.672   40.9686      Ca B                1.47602m    -4.913    0.0023      O  2                7318.92A    -3.846    0.0274
nFnu                1000.00A    -1.854    2.6917      Ca B                1.28127m    -5.073    0.0016      O  2                7319.99A    -3.363    0.0834
nInu                1000.00A    -0.664   41.7238      Ca B                1.16730m    -5.213    0.0012      O  2                7329.67A    -3.623    0.0458
nFnu                925.144A    -1.798    3.0609      Ca B                4.76213m    -4.861    0.0026      O  2                7330.73A    -3.632    0.0449
nInu                925.144A    -0.647   43.3608      Ca B                2.82519m    -5.033    0.0018      O  2                3728.81A    -1.889    2.4831
nFnu                897.800A    -3.876    0.0256      Ca B                2.18848m    -5.195    0.0012      O  2                3726.03A    -1.752    3.4031
nFnu                496.874A    -3.612    0.0470      Ca B                6.94599m    -5.165    0.0013      O  3                88.3323m    -3.317    0.0928
RRC.............................................      He 2                607.571A    -1.847    2.7377      O  3                832.929A    -5.222    0.0012
H  1                3645.98A    -2.201    1.2102      He 2                303.784A    -1.909    2.3736      O  3                51.8004m    -2.754    0.3385
H  1                3645.98A    -1.848    2.7314      He 2                256.317A    -4.535    0.0056      O  3                4958.91A    -2.570    0.5181
H  1                8203.57A    -2.942    0.2200      He 2                243.027A    -4.663    0.0042      O  3                2320.95A    -5.064    0.0017
H  1                8203.57A    -2.540    0.5550      He 2                237.331A    -4.723    0.0036      O  3                1660.81A    -5.106    0.0015
H  1                8203.57A    -2.632    0.4488      He 2                234.347A    -4.758    0.0034      O  3                833.715A    -5.180    0.0013
H  1                1.45842m    -3.432    0.0711      He 2                232.584A    -4.789    0.0031      O  3                833.749A    -5.222    0.0012
H  1                1.45842m    -3.023    0.1822      He 2                231.454A    -4.800    0.0030      O  3                702.838A    -5.145    0.0014
H  1                1.45842m    -3.008    0.1888      He 2                230.686A    -4.828    0.0029      O  3                507.680A    -5.055    0.0017
H  1                1.45842m    -3.338    0.0882      He 2                230.139A    -4.852    0.0027      O  3                5006.84A    -2.109    1.4973
H  1                2.27878m    -3.793    0.0310      He 2                229.736A    -4.911    0.0024      O  3                1666.15A    -4.711    0.0037
H  1                2.27878m    -3.384    0.0794      He 2                229.431A    -4.920    0.0023      O  3                835.092A    -5.180    0.0013
H  1                2.27878m    -3.336    0.0887      He 2                229.194A    -4.929    0.0023      O  3                835.289A    -5.119    0.0015
H  1                2.27878m    -3.520    0.0581      He 2                229.006A    -4.936    0.0022      O  3                703.851A    -5.200    0.0012
H  1                2.27878m    -4.006    0.0190      He 2                228.855A    -4.942    0.0022      O  3                703.854A    -5.006    0.0019
H  1                3.28145m    -4.075    0.0162      He 2                228.731A    -4.947    0.0022      O  3                508.178A    -4.660    0.0042
H  1                3.28145m    -3.668    0.0413      He 2                228.629A    -4.950    0.0022      O  3                4363.21A    -4.437    0.0070
H  1                3.28145m    -3.608    0.0475      He 2                228.543A    -4.952    0.0021      P  2                60.6263m    -4.978    0.0020
H  1                3.28145m    -3.737    0.0352      He 2                228.471A    -4.952    0.0021      P  2                32.8620m    -4.279    0.0101
H  1                3.28145m    -4.050    0.0171      He 2                228.409A    -4.949    0.0022      P  2                1.14682m    -3.892    0.0247
H  1                3.28145m    -4.642    0.0044      He 2                228.356A    -4.940    0.0022      P  2                1.18828m    -3.468    0.0654
H  1                4.46642m    -4.306    0.0095      He 2                1640.41A    -2.346    0.8670      P  2                7875.99A    -4.896    0.0024
H  1                4.46642m    -3.901    0.0242      He 2                1215.13A    -2.823    0.2893      P  3                17.8797m    -4.792    0.0031
H  1                4.46642m    -3.835    0.0281      He 2                1084.94A    -3.161    0.1328      S  1                25.2421m    -5.192    0.0012
H  1                4.46642m    -3.939    0.0221      He 2                1025.27A    -3.420    0.0731      S  2                6730.82A    -2.119    1.4631
H  1                4.46642m    -4.182    0.0127      He 2                992.358A    -3.630    0.0451      S  2                6716.44A    -2.228    1.1372
H  1                4.46642m    -4.581    0.0050      He 2                972.106A    -3.807    0.0300      S  2                4076.35A    -3.506    0.0599
H  1                4.46642m    -5.246    0.0011      He 2                958.693A    -3.959    0.0212      S  2                4068.60A    -3.011    0.1875
H  1                5.83369m    -4.501    0.0061      He 2                949.323A    -4.092    0.0155      S  2                1.03364m    -3.644    0.0436
H  1                5.83369m    -4.097    0.0154      He 2                942.507A    -3.943    0.0219      S  2                1.02867m    -3.637    0.0443
H  1                5.83369m    -4.030    0.0180      He 2                937.389A    -4.036    0.0177      S  2                1.03705m    -3.966    0.0208
H  1                5.83369m    -4.120    0.0146      He 2                933.444A    -4.122    0.0145      S  2                1.03205m    -3.503    0.0603
H  1                5.83369m    -4.327    0.0091      He 2                930.337A    -4.201    0.0121      S  2                1259.52A    -5.200    0.0012
H  1                5.83369m    -4.642    0.0044      He 2                927.846A    -4.274    0.0102      S  2                1253.81A    -5.258    0.0011
H  1                5.83369m    -5.101    0.0015      He 2                925.816A    -4.341    0.0088      S  2                910.485A    -5.147    0.0014
H  1                7.38326m    -4.670    0.0041      He 2                924.142A    -4.404    0.0076      S  3                33.4704m    -2.849    0.2723
H  1                7.38326m    -4.267    0.0104      He 2                922.743A    -4.461    0.0066      S  3                18.7078m    -2.618    0.4632
H  1                7.38326m    -4.199    0.0122      He 2                921.562A    -4.514    0.0059      S  3                9068.62A    -2.782    0.3176
H  1                7.38326m    -4.282    0.0100      He 2                920.556A    -4.560    0.0053      S  3                9530.62A    -2.382    0.7977
H  1                7.38326m    -4.468    0.0066      He 2                919.693A    -4.598    0.0049      S  3                3721.63A    -4.352    0.0086
H  1                7.38326m    -4.738    0.0035      He 2                4685.68A    -3.222    0.1154      S  3                6312.06A    -4.078    0.0161
H  1                7.38326m    -5.103    0.0015      He 2                3203.08A    -3.549    0.0543      S  3                1728.94A    -5.105    0.0015
H  1                9.11514m    -4.819    0.0029      He 2                2733.28A    -3.815    0.0295      Si 2                34.8046m    -2.153    1.3521
H  1                9.11514m    -4.417    0.0074      He 2                2511.19A    -4.032    0.0179      Si 2                2334.41A    -4.021    0.0183
H  1                9.11514m    -4.348    0.0086      He 2                2385.39A    -4.214    0.0118      Si 2                2328.52A    -4.571    0.0052
H  1                9.11514m    -4.427    0.0072      He 2                2306.18A    -4.370    0.0082      Si 2                1808.01A    -3.880    0.0254
H  1                9.11514m    -4.600    0.0048      He 2                2252.67A    -4.508    0.0060      Si 2                1526.71A    -4.836    0.0028
H  1                9.11514m    -4.843    0.0028      He 2                2214.65A    -4.458    0.0067      Si 2                1304.37A    -5.243    0.0011
H  1                9.11514m    -5.155    0.0013      He 2                2186.59A    -4.551    0.0054      Si 2                1260.42A    -4.962    0.0021
H  1                11.0293m    -3.854    0.0269      He 2                2165.23A    -4.636    0.0044      Si 2                1193.29A    -5.094    0.0015
H  1                13.1258m    -3.966    0.0208      He 2                2148.58A    -4.715    0.0037      Si 2                1190.42A    -5.167    0.0013
H  1                15.4046m    -4.069    0.0164      He 2                2135.34A    -4.788    0.0031      Si 2                2350.17A    -3.896    0.0244
H  1                17.8657m    -4.165    0.0131      He 2                2124.61A    -4.855    0.0027      Si 2                2344.20A    -3.422    0.0727
H  1                20.5091m    -4.254    0.0107      He 2                2115.81A    -4.918    0.0023      Si 2                2334.60A    -3.319    0.0923
H  1                23.3348m    -4.338    0.0088      He 2                2108.49A    -4.975    0.0020      Si 2                1817.45A    -4.125    0.0144
H  1                26.3428m    -4.416    0.0074      He 2                2102.33A    -5.027    0.0018      Si 2                1816.93A    -3.540    0.0554
H  1                29.5331m    -4.491    0.0062      He 2                2097.10A    -5.074    0.0016      Si 2                1533.43A    -4.412    0.0074
H  1                32.9057m    -4.561    0.0053      He 2                2092.63A    -5.112    0.0015      Si 2                1309.28A    -4.845    0.0027
H  1                36.4606m    -4.627    0.0045      He 2                1.01235m    -3.833    0.0283      Si 2                1265.00A    -4.688    0.0039
H  1                40.1978m    -4.691    0.0039      He 2                6560.01A    -4.074    0.0162      Si 2                1264.74A    -4.712    0.0037
H  1                44.1173m    -4.751    0.0034      He 2                5411.45A    -4.290    0.0099      Si 2                1197.39A    -4.784    0.0032
H  1                48.2191m    -4.809    0.0030      He 2                4859.26A    -4.476    0.0064      Si 2                1194.50A    -4.695    0.0039
H  1                52.5033m    -4.864    0.0026      He 2                4541.54A    -4.636    0.0044      Si 3                1892.03A    -4.002    0.0191
H  1                56.9697m    -3.693    0.0390      He 2                4338.62A    -4.777    0.0032      Si 3                1882.71A    -3.866    0.0262
He 2                227.838A    -5.186    0.0013      He 2                4199.78A    -4.828    0.0029      Si 3                1206.50A    -4.881    0.0025
He 2                2049.91A    -3.771    0.0326      He 2                4099.99A    -4.920    0.0023      Al 2                2669.15A    -3.606    0.0476
He 2                2049.91A    -3.303    0.0957      He 2                4025.55A    -5.005    0.0019      Al 2                2660.35A    -3.499    0.0609
He 2                2049.91A    -3.289    0.0988      He 2                3968.39A    -5.083    0.0016      Al 2                1670.79A    -4.189    0.0124
He 2                3644.44A    -4.316    0.0093      He 2                3923.44A    -5.156    0.0013      C  4                1548.19A    -5.213    0.0012
He 2                3644.44A    -3.838    0.0279      He 2                3887.40A    -5.223    0.0012      Ca 2                7323.89A    -2.631    0.4500
He 2                3644.44A    -3.710    0.0375      He 2                1.86365m    -4.332    0.0090      Ca 2                7291.47A    -2.451    0.6809
He 2                3644.44A    -3.914    0.0234      He 2                1.16262m    -4.512    0.0059      Ca 2                3968.47A    -3.487    0.0626
He 2                5694.49A    -4.724    0.0036      He 2                9344.80A    -4.690    0.0039      Ca 2                8662.14A    -3.573    0.0514
He 2                5694.49A    -4.245    0.0109      He 2                8236.67A    -4.850    0.0027      Ca 2                3933.66A    -3.391    0.0782
He 2                5694.49A    -4.079    0.0160      He 2                7592.65A    -4.991    0.0020      Ca 2                8498.02A    -4.191    0.0124
He 2                5694.49A    -4.129    0.0143      He 2                7177.41A    -5.117    0.0015      Ca 2                8542.09A    -3.244    0.1096
He 2                5694.49A    -4.492    0.0062      He 2                6890.80A    -5.208    0.0012      Cl 2                14.3639m    -3.840    0.0278
He 2                8200.12A    -5.047    0.0017      He 2                3.09080m    -4.759    0.0034      Cl 2                33.2721m    -4.973    0.0020
He 2                8200.12A    -4.568    0.0052      He 2                1.87431m    -4.895    0.0025      Cl 2                8578.70A    -3.589    0.0496
He 2                8200.12A    -4.387    0.0079      He 2                1.47602m    -5.043    0.0017      Cl 2                9123.60A    -4.174    0.0129
He 2                8200.12A    -4.378    0.0081      He 2                1.28127m    -5.180    0.0013      Cl 3                5537.87A    -4.387    0.0079
He 2                8200.12A    -4.560    0.0053      He 2                4.76213m    -5.132    0.0014      Cl 3                5517.71A    -4.371    0.0082
He 2                8200.12A    -5.044    0.0017      He 2                2.82519m    -5.235    0.0011      Fe 4                3094.96A    -4.994    0.0020
He 2                1.11613m    -4.833    0.0028      He-like iso-sequence............................      Fe 4                2835.74A    -4.164    0.0132
He 2                1.11613m    -4.646    0.0043      He 1                1202.81A    -1.970    2.0621      Fe 4                2829.36A    -4.426    0.0072
He 2                1.11613m    -4.607    0.0047      He 1                584.334A    -3.222    0.1154      Fe 4                2567.61A    -5.086    0.0016
He 2                1.11613m    -4.714    0.0037      He 1                537.030A    -4.266    0.0104      Mg 2                2802.71A    -2.450    0.6824
He 2                1.11613m    -5.000    0.0019      He 1                522.213A    -4.405    0.0076      Mg 2                2795.53A    -2.154    1.3477
He 2                1.45781m    -5.057    0.0017      He 1                515.617A    -4.493    0.0062      Mg 4                4.48711m    -5.204    0.0012
He 2                1.45781m    -4.866    0.0026      He 1                512.099A    -4.557    0.0053      N  2                205.283m    -4.828    0.0029
He 2                1.45781m    -4.812    0.0030      He 1                625.563A    -1.753    3.3982      N  2                121.769m    -3.919    0.0232
He 2                1.45781m    -4.879    0.0025      He 1                510.018A    -4.785    0.0032      N  2                6548.05A    -2.355    0.8487
He 2                1.45781m    -5.077    0.0016      He 1                508.657A    -4.810    0.0030      N  2                6583.45A    -1.886    2.5019
He 2                1.84504m    -5.250    0.0011      He 1                507.727A    -4.832    0.0028      N  2                3062.83A    -5.074    0.0016
He 2                1.84504m    -5.058    0.0017      He 1                507.065A    -4.851    0.0027      N  2                5754.59A    -3.794    0.0309
He 2                1.84504m    -4.994    0.0019      He 1                506.576A    -4.869    0.0026      N  2                2139.01A    -4.289    0.0099
He 2                1.84504m    -5.038    0.0018      He 1                506.204A    -4.888    0.0025      N  2                2142.77A    -3.898    0.0243
He 2                1.84504m    -5.187    0.0012      He 1                505.916A    -4.907    0.0024      N  2                1085.70A    -4.979    0.0020
He 2                2.27783m    -5.225    0.0011      He 1                505.687A    -4.926    0.0023      N  2                1084.58A    -5.037    0.0018
He 2                2.27783m    -5.157    0.0013      He 1                505.502A    -4.945    0.0022      N  2                1085.55A    -5.122    0.0015
He 2                2.27783m    -5.186    0.0013      He 1                505.352A    -4.965    0.0021      N  2                1083.99A    -5.087    0.0016
He 2                2.75620m    -4.585    0.0050      He 1                505.227A    -4.985    0.0020      N  2                1084.56A    -5.181    0.0013
He 2                3.28011m    -4.697    0.0039      He 1                505.122A    -5.004    0.0019      N  2                915.612A    -5.061    0.0017
He 2                3.84958m    -4.800    0.0030      He 1                505.033A    -5.023    0.0018      N  2                916.020A    -5.218    0.0012
He 2                4.46460m    -4.895    0.0024      He 1                504.958A    -5.108    0.0015      N  2                916.710A    -5.192    0.0012
He 2                5.12518m    -4.984    0.0020      He 1                504.893A    -5.102    0.0015      N  2                916.012A    -5.139    0.0014
He 2                5.83131m    -5.067    0.0016      He 1                504.836A    -5.078    0.0016      N  2                916.701A    -4.942    0.0022
He 2                6.58301m    -5.146    0.0014      He 1                504.787A    -5.142    0.0014      N  2                915.962A    -5.033    0.0018
He 2                7.38026m    -5.220    0.0012      He 1                504.744A    -5.093    0.0016      N  3                57.3238m    -3.775    0.0323
He 2                14.2366m    -4.375    0.0081      He 1                504.706A    -5.024    0.0018      N  3                1749.67A    -5.277    0.0010
He 1                2599.69A    -3.320    0.0920      He 1                504.672A    -4.261    0.0105      N  3                989.799A    -5.240    0.0011
He 1                3120.85A    -3.830    0.0285      He 1                1.08291m    -3.850    0.0271      N  3                991.577A    -5.166    0.0013
He 1                3421.00A    -3.811    0.0297      He 1                1.08302m    -3.251    0.1079      N  3                686.336A    -5.260    0.0011
He 1                3420.88A    -3.333    0.0892      He 1                1.08303m    -2.931    0.2254      N  3                685.817A    -5.027    0.0018
He 1                3420.88A    -3.112    0.1487      Blnd                1.08302m    -2.727    0.3604      Na 3                7.31570m    -4.135    0.0141
He 1                3678.70A    -3.528    0.0570      He 1                3888.64A    -3.267    0.1039      Ni 2                1.19102m    -3.694    0.0389
He 1                6632.16A    -4.237    0.0111      He 1                3187.74A    -3.667    0.0414      Ni 2                6.63416m    -3.361    0.0838
He 1                7435.20A    -4.654    0.0043      He 1                2945.10A    -3.982    0.0200      Ni 2                1.07151m    -3.965    0.0209
He 1                7843.40A    -3.595    0.0489      He 1                2829.08A    -4.238    0.0111      Ni 2                10.6793m    -3.602    0.0481
He 1                8188.35A    -3.802    0.0304      He 1                2760.44A    -4.809    0.0030      Ni 2                1.16130m    -4.811    0.0030
He 1                8190.64A    -4.291    0.0098      He 1                2721.00A    -4.956    0.0021      Ni 2                12.7253m    -4.348    0.0086
He 1                8261.30A    -4.203    0.0120      He 1                2694.61A    -5.087    0.0016      Ni 2                1.09177m    -5.182    0.0013
He 1                1.24770m    -4.796    0.0031      He 1                2676.05A    -5.207    0.0012      Ni 2                18.2355m    -5.148    0.0014
He 1                1.35640m    -5.178    0.0013      He 1                2.05813m    -4.078    0.0161      Ni 2                7377.83A    -2.960    0.2111
He 1                1.40933m    -4.099    0.0153      He 1                5015.68A    -3.892    0.0247      Ni 2                8300.99A    -4.256    0.0107
He 1                1.45602m    -4.176    0.0128      He 1                3964.73A    -4.282    0.0101      Ni 2                1.93877m    -3.667    0.0414
He 1                1.45643m    -4.668    0.0041      He 1                3613.64A    -4.585    0.0050      Ni 2                2.36883m    -4.954    0.0021
He 1                1.45759m    -4.521    0.0058      He 1                3447.59A    -4.836    0.0028      Ni 2                2.91064m    -4.623    0.0046
He 1                1.45759m    -4.998    0.0019      He 1                7065.71A    -4.795    0.0031      Ni 2                6666.80A    -4.383    0.0080
He 1                1.46631m    -4.679    0.0040      He 1                7065.21A    -4.317    0.0093      Ni 2                7411.61A    -4.165    0.0132
He 1                2.01409m    -5.191    0.0012      He 1                7065.18A    -4.096    0.0154      Ni 2                4326.24A    -4.249    0.0108
He 1                2.21671m    -4.470    0.0065      Blnd                7065.25A    -3.840    0.0278      Ni 2                4628.05A    -4.671    0.0041
He 1                2.27546m    -4.503    0.0060      He 1                5875.98A    -4.195    0.0123      Ni 2                7255.82A    -4.603    0.0048
He 1                2.27605m    -4.996    0.0019      He 1                5875.64A    -3.718    0.0368      Ni 2                1.04597m    -5.087    0.0016
He 1                2.27752m    -4.702    0.0038      He 1                5875.61A    -3.496    0.0614      Ni 2                1.23230m    -5.115    0.0015
He 1                2.27752m    -5.179    0.0013      Blnd                5875.66A    -3.241    0.1105      Ni 2                4201.17A    -4.567    0.0052
He 1                2.27778m    -5.188    0.0012      He 1                4713.16A    -5.105    0.0015      Ni 2                4485.21A    -5.020    0.0018
He 1                2.28865m    -5.035    0.0018      He 1                4713.14A    -4.883    0.0025      Ni 2                7307.65A    -4.915    0.0023
He 1                3.20639m    -4.759    0.0034      Blnd                4713.17A    -4.628    0.0045      Ni 2                7612.72A    -5.243    0.0011
He 1                3.27716m    -4.773    0.0032      He 1                4471.69A    -4.615    0.0047      Ni 2                4033.04A    -4.844    0.0028
He 1                3.27791m    -5.270    0.0010      He 1                4471.49A    -4.138    0.0140      Ni 2                4294.09A    -4.965    0.0021
He 1                3.27969m    -4.920    0.0023      He 1                4471.47A    -3.916    0.0233      Ni 2                6813.57A    -4.986    0.0020
He 1                3.28001m    -5.233    0.0011      Blnd                4471.50A    -3.661    0.0420      Ni 2                3993.06A    -4.402    0.0076
He 1                4.46460m    -4.333    0.0089      Blnd                4120.84A    -5.066    0.0017      Ni 2                4248.80A    -4.877    0.0026
He 1                5.83132m    -4.504    0.0060      He 1                4026.36A    -4.933    0.0022      Ni 2                6365.10A    -4.876    0.0026
He 1                7.38026m    -4.655    0.0043      He 1                4026.20A    -4.456    0.0067      Ni 2                3438.88A    -4.707    0.0038
He 1                9.11143m    -4.791    0.0031      He 1                4026.19A    -4.234    0.0112      Ni 2                3626.89A    -5.015    0.0019
He 1                11.0248m    -4.914    0.0023      Blnd                4026.21A    -3.979    0.0202      O  4                25.8863m    -3.890    0.0248
He 1                13.1205m    -5.026    0.0018      He 1                3819.76A    -5.190    0.0012      S  4                10.5076m    -3.979    0.0202
He 1                15.3983m    -5.130    0.0014      He 1                3819.61A    -4.713    0.0037      level 1 lines...................................
He 1                17.8584m    -5.226    0.0011      He 1                3819.60A    -4.491    0.0062      recombination...................................
He 1                61.5933m    -4.791    0.0031      Blnd                3819.62A    -4.236    0.0112      C  1                1657.00A    -5.060    0.0017
C  1                1101.07A    -4.836    0.0028      He 1                3704.90A    -5.128    0.0014      C  2                4267.00A    -5.113    0.0015
grains..........................................      He 1                3704.76A    -4.650    0.0043      C  2                1761.00A    -5.193    0.0012
H-like iso-sequence.............................      He 1                3704.75A    -4.429    0.0072      C  2                1335.00A    -3.380    0.0801
H  1 Cool           1215.67A    -2.045    1.7343      Blnd                3704.77A    -4.173    0.0129      O  1                1357.00A    -4.555    0.0054
Crst                960.000A    -2.230    1.1315      He 1                3634.08A    -4.812    0.0030      C  1                1140.10A    -4.594    0.0049
LA X                1215.67A    -3.140    0.1393      He 1                3634.07A    -4.590    0.0049      C  2                1167.50A    -5.051    0.0017
CION                      0     -4.431    0.0071      Blnd                3634.09A    -4.335    0.0089      C  2                1092.50A    -4.443    0.0069
Ca B                1215.67A    -0.756   33.7577      He 1                3587.16A    -4.953    0.0021      C  2                1036.80A    -4.091    0.0156
Q(H)                4861.32A    -2.286    0.9959      He 1                3587.15A    -4.732    0.0036      C  2                946.100A    -4.114    0.0148
Q(H)                1215.67A    -0.754   33.8542      Blnd                3587.17A    -4.476    0.0064      C  2                799.800A    -3.207    0.1195
CaBo                4861.32A    -2.286    0.9964      He 1                3554.34A    -5.080    0.0016      N  1                980.700A    -4.818    0.0029
CaBo                1640.00A    -2.317    0.9277      He 1                3554.33A    -4.858    0.0027      N  2                1085.10A    -5.075    0.0016
CaBo                4685.64A    -3.128    0.1432      Blnd                3554.35A    -4.603    0.0048      N  2                646.400A    -5.106    0.0015
Ca A                1215.67A    -0.919   23.1952      He 1                3530.43A    -5.195    0.0012      O  1                7949.50A    -5.018    0.0018
Ca A                1025.72A    -1.595    4.8890      He 1                3530.43A    -4.973    0.0020      O  2                386.300A    -4.241    0.0110
Ca A                972.537A    -2.007    1.8922      Blnd                3530.44A    -4.718    0.0037      O  2                385.700A    -4.421    0.0073
Ca A                949.743A    -2.311    0.9392      He 1                3512.46A    -5.077    0.0016      level2 lines....................................
Ca A                937.803A    -2.554    0.5374      Blnd                3512.48A    -4.822    0.0029      C  1                943.939A    -5.068    0.0016
Ca A                930.748A    -2.756    0.3374      He 1                3498.60A    -5.173    0.0013      C  1                1247.50A    -5.115    0.0015
Ca A                926.226A    -2.929    0.2262      Blnd                3498.62A    -4.918    0.0023      C  1                1314.77A    -5.153    0.0014
Ca A                923.150A    -3.082    0.1593      He 1                3487.69A    -5.262    0.0011      C  1                1165.98A    -5.241    0.0011
Ca A                920.963A    -3.217    0.1166      Blnd                3487.70A    -5.007    0.0019      C  1                1233.29A    -5.261    0.0011
Ca A                919.351A    -3.339    0.0881      Blnd                3478.95A    -5.089    0.0016      C  2                596.559A    -4.887    0.0025
Ca A                918.129A    -3.449    0.0684      Blnd                3471.81A    -5.165    0.0013      C  2                561.959A    -4.933    0.0022
Ca A                917.181A    -3.549    0.0543      Blnd                3465.92A    -5.237    0.0011      C  2                530.721A    -4.958    0.0021
Ca A                916.429A    -3.640    0.0441      He 1                3439.99A    -5.219    0.0012      C  2                544.909A    -4.971    0.0021
Ca A                915.824A    -3.723    0.0364      He 1                3439.98A    -4.997    0.0019      C  2                535.300A    -4.984    0.0020
Ca A                915.329A    -3.798    0.0306      Blnd                3440.00A    -4.742    0.0035      C  2                550.361A    -5.052    0.0017
Ca A                914.919A    -3.867    0.0261      He 1                7281.35A    -4.474    0.0065      C  2                467.460A    -5.150    0.0014
Ca A                914.576A    -3.929    0.0226      He 1                6678.15A    -3.799    0.0305      C  2                424.791A    -5.261    0.0011
Ca A                914.286A    -3.985    0.0199      He 1                5047.74A    -5.068    0.0016      C  3                271.090A    -5.169    0.0013
Ca A                914.039A    -4.036    0.0177      He 1                4921.93A    -4.232    0.0113      C  3                268.600A    -5.249    0.0011
Ca A                913.826A    -4.082    0.0159      He 1                4387.93A    -4.552    0.0054      N  1                942.258A    -5.018    0.0018
Ca A                913.641A    -4.124    0.0145      He 1                4143.76A    -4.810    0.0030      N  2                532.161A    -4.862    0.0026
Ca A                913.480A    -4.161    0.0133      He 1                4009.05A    -4.810    0.0030      N  2                634.441A    -4.908    0.0024
Ca A                913.339A    -4.196    0.0123      He 1                3926.41A    -4.973    0.0020      N  2                475.141A    -4.941    0.0022
Ca A                6562.80A    -2.010    1.8785      He 1                3871.69A    -5.116    0.0015      N  2                528.139A    -4.960    0.0021
Ca A                4861.32A    -2.462    0.6633      He 1                3833.48A    -5.244    0.0011      N  2                452.970A    -5.022    0.0018
Ca A                4340.46A    -2.788    0.3133      He 1                4.29471m    -5.135    0.0014      N  2                441.950A    -5.057    0.0017
Ca A                4101.73A    -3.042    0.1745      He 1                1.25275m    -5.109    0.0015      N  2                474.291A    -5.052    0.0017
Ca A                3970.07A    -3.251    0.1078      He 1                9463.58A    -5.212    0.0012      N  2                437.731A    -5.083    0.0016
Ca A                3889.05A    -3.429    0.0715      He 1                1.70025m    -4.812    0.0030      N  2                452.610A    -5.167    0.0013
Ca A                3835.38A    -3.585    0.0500      He 1                1.19691m    -4.975    0.0020      N  2                441.659A    -5.262    0.0011
Ca A                3797.90A    -3.723    0.0364      He 1                1.03113m    -5.176    0.0013      N  2                432.160A    -5.282    0.0010
Ca A                3770.63A    -3.847    0.0273      He 1                9515.00A    -5.060    0.0017      O  1                867.303A    -5.091    0.0016
Ca A                3750.15A    -3.960    0.0211      He 1                9062.34A    -5.206    0.0012      O  1                976.791A    -4.912    0.0024
Ca A                3734.37A    -4.064    0.0166      He 1                1.86854m    -4.189    0.0124      O  1                969.049A    -4.970    0.0021
Ca A                3721.94A    -4.160    0.0133      He 1                1.27849m    -4.521    0.0058      O  1                946.387A    -5.009    0.0019
Ca A                3711.97A    -4.249    0.0108      He 1                1.09130m    -4.789    0.0031      O  1                934.501A    -5.040    0.0018
Ca A                3703.85A    -4.331    0.0090      He 1                1.00275m    -4.990    0.0020      O  1                973.577A    -5.055    0.0017
Ca A                3697.15A    -4.409    0.0075      He 1                9526.01A    -5.160    0.0013      O  1                927.472A    -5.070    0.0016
Ca A                3691.55A    -4.481    0.0064      He 1                1.86972m    -4.669    0.0041      O  1                948.506A    -5.108    0.0015
Ca A                3686.83A    -4.548    0.0054      He 1                1.27905m    -5.000    0.0019      O  1                922.969A    -5.105    0.0015
Ca A                3682.81A    -4.612    0.0047      He 1                1.09171m    -5.267    0.0010      O  1                919.912A    -5.139    0.0014
Ca A                3679.35A    -4.671    0.0041      He 1                1.90894m    -5.266    0.0010      O  1                935.672A    -5.165    0.0013
Ca A                3676.36A    -4.726    0.0036      He 1                4.03663m    -5.268    0.0010      O  1                917.726A    -5.175    0.0013
Ca A                3673.76A    -4.778    0.0032      He 1                4.04791m    -4.909    0.0024      O  1                918.704A    -5.205    0.0012
Ca A                3671.48A    -4.826    0.0029      He 1                2.62337m    -5.202    0.0012      O  1                928.186A    -5.226    0.0011
Ca A                1.87510m    -2.800    0.3051      Ca B                2945.10A    -4.011    0.0188      O  1                917.473A    -5.246    0.0011
Ca A                1.28181m    -3.126    0.1437      Ca B                3187.74A    -3.688    0.0394      O  2                425.190A    -4.751    0.0034
Ca A                1.09381m    -3.388    0.0787      Ca B                3613.64A    -4.595    0.0049      O  2                388.410A    -4.804    0.0030
Ca A                1.00494m    -3.602    0.0480      Ca B                3888.64A    -3.278    0.1015      O  2                373.600A    -4.852    0.0027
Ca A                9545.97A    -3.785    0.0316      Ca B                3964.73A    -4.286    0.0100      O  2                361.821A    -4.873    0.0026
Ca A                9229.02A    -3.943    0.0219      Ca B                4026.20A    -3.969    0.0207      O  2                366.060A    -4.885    0.0025
Ca A                9014.91A    -4.083    0.0159      Ca B                4120.82A    -5.042    0.0017      O  2                360.570A    -4.940    0.0022
Ca A                8862.79A    -4.209    0.0119      Ca B                4387.93A    -4.542    0.0055      O  2                414.619A    -4.992    0.0020
Ca A                8750.48A    -4.323    0.0091      Ca B                4471.49A    -3.642    0.0438      O  2                358.780A    -5.025    0.0018
Ca A                8665.02A    -4.428    0.0072      Ca B                4713.16A    -4.617    0.0046      O  2                356.930A    -5.026    0.0018
Ca A                8598.40A    -4.525    0.0057      Ca B                4921.93A    -4.209    0.0119      O  2                355.610A    -5.051    0.0017
Ca A                8545.39A    -4.615    0.0047      Ca B                5015.68A    -3.881    0.0253      O  2                384.420A    -5.151    0.0014
Ca A                8502.49A    -4.700    0.0038      Ca B                5047.74A    -5.041    0.0017      O  3                305.400A    -4.750    0.0034
Ca A                8467.26A    -4.778    0.0032      Ca B                5875.64A    -3.187    0.1249      O  3                268.070A    -4.918    0.0023
Ca A                8437.96A    -4.852    0.0027      Ca B                6678.15A    -3.735    0.0354      O  3                263.850A    -4.932    0.0023
Ca A                8413.32A    -4.922    0.0023      Ca B                7065.21A    -3.873    0.0257      O  3                373.640A    -4.937    0.0022
Ca A                8392.40A    -4.988    0.0020      Ca B                7281.35A    -4.455    0.0067      O  3                265.020A    -4.963    0.0021
Ca A                8374.48A    -5.051    0.0017      Ca B                9463.58A    -5.268    0.0010      O  3                248.730A    -4.978    0.0020
Ca A                8359.01A    -5.109    0.0015      Ca B                1.08302m    -2.546    0.5473      O  3                241.200A    -5.040    0.0018
Ca A                8345.56A    -5.165    0.0013      Ca B                1.19691m    -4.965    0.0021      O  3                248.620A    -5.099    0.0015
Ca A                8333.79A    -5.218    0.0012      Ca B                1.25275m    -5.182    0.0013      O  3                236.890A    -5.109    0.0015
Ca A                4.05115m    -3.399    0.0766      Ca B                1.27849m    -4.450    0.0068      O  3                234.190A    -5.175    0.0013
Ca A                2.62515m    -3.650    0.0430      Ca B                1.27905m    -4.923    0.0023      O  3                276.900A    -5.178    0.0013
Ca A                2.16553m    -3.867    0.0261      Ca B                1.70025m    -4.793    0.0031      O  3                241.140A    -5.199    0.0012
Ca A                1.94456m    -4.052    0.0171      Ca B                1.86854m    -4.076    0.0161      O  3                280.450A    -5.218    0.0012
Ca A                1.81741m    -4.212    0.0118      Ca B                1.86972m    -4.545    0.0055      O  3                263.230A    -5.229    0.0011
Ca A                1.73621m    -4.355    0.0085      Ca B                1.90894m    -5.243    0.0011      O  3                232.380A    -5.246    0.0011
Ca A                1.68065m    -4.482    0.0063      Ca B                2.05813m    -3.744    0.0347      Ne 2                444.150A    -5.132    0.0014
Ca A                1.64072m    -4.598    0.0049      Pho+                3889.00A    -2.711    0.3738      Ne 2                356.870A    -5.120    0.0015
Ca A                1.61093m    -4.704    0.0038      extra Lyman.....................................      Ne 2                461.050A    -5.162    0.0013
Ca A                1.58805m    -4.802    0.0030      database lines..................................      Ne 2                404.130A    -5.208    0.0012
Ca A                1.57007m    -4.893    0.0025      Al 3                1862.79A    -4.777    0.0032      Ne 2                327.700A    -5.273    0.0010
Ca A                1.55565m    -4.978    0.0020      Al 3                1854.72A    -4.542    0.0055      Ne 2                331.200A    -5.274    0.0010
Ca A                1.54389m    -5.057    0.0017      Ar 2                6.98337m    -3.439    0.0700      Ne 2                355.969A    -5.282    0.0010
Ca A                1.53418m    -5.132    0.0014      Ar 3                3109.18A    -4.798    0.0031      Ne 3                250.920A    -4.949    0.0022
Ca A                1.52605m    -5.203    0.0012      Ar 3                5191.82A    -5.133    0.0014      Ne 3                227.420A    -4.802    0.0030
Ca A                1.51919m    -5.271    0.0010      Ar 3                7135.79A    -2.935    0.2235      Ne 3                218.360A    -5.144    0.0014
Ca A                7.45782m    -3.890    0.0248      Ar 3                7751.11A    -3.559    0.0531      Ne 3                223.310A    -5.072    0.0016
Ca A                4.65251m    -4.088    0.0157      Ar 3                8.98898m    -2.910    0.2368      Ne 3                228.870A    -5.024    0.0018
Ca A                3.73954m    -4.271    0.0103      Ar 3                21.8253m    -4.095    0.0154      Ne 3                281.580A    -5.035    0.0018
Ca A                3.29609m    -4.433    0.0071      C  1                1561.44A    -5.219    0.0012      Ne 3                227.190A    -4.863    0.0026
Ca A                3.03837m    -4.576    0.0051      C  1                1657.01A    -5.128    0.0014      Ne 3                265.510A    -5.091    0.0016
Ca A                2.87221m    -4.704    0.0038      C  1                9824.13A    -3.894    0.0245      Ne 3                218.030A    -5.277    0.0010
Ca A                2.75752m    -4.821    0.0029      C  1                9850.26A    -3.419    0.0733      Mg 3                183.540A    -5.193    0.0012
Ca A                2.67440m    -4.928    0.0023      C  2                687.053A    -4.962    0.0021      Si 2                1179.59A    -4.622    0.0046
Ca A                2.61194m    -5.026    0.0018      C  2                687.352A    -5.240    0.0011      Si 2                993.354A    -5.035    0.0018
Ca A                2.56363m    -5.118    0.0015      C  2                858.092A    -5.200    0.0012      Si 2                893.551A    -5.157    0.0013
Ca A                2.52540m    -5.203    0.0012      C  2                858.559A    -5.072    0.0016      Si 2                1024.03A    -5.216    0.0012
Ca A                2.49458m    -5.284    0.0010      C  2                903.623A    -4.869    0.0026      S  2                750.323A    -5.031    0.0018
Ca A                12.3685m    -4.306    0.0095      C  2                903.962A    -4.802    0.0030      S  2                632.711A    -5.197    0.0012
Ca A                7.50045m    -4.466    0.0066      C  2                904.142A    -4.724    0.0036      S  2                888.439A    -5.143    0.0014
Ca A                5.90660m    -4.623    0.0046      C  2                904.480A    -4.848    0.0027      S  3                667.049A    -5.013    0.0019
Ca A                5.12726m    -4.765    0.0033      C  2                1036.34A    -4.807    0.0030      S  3                691.219A    -5.134    0.0014
Ca A                4.67124m    -4.894    0.0025      C  2                1037.02A    -4.735    0.0035      S  3                704.220A    -5.226    0.0011
Ca A                4.37526m    -5.011    0.0019      C  2                1334.53A    -4.538    0.0056      Ar 3                458.140A    -5.065    0.0017
Ca A                4.16966m    -5.118    0.0015      C  2                1335.66A    -4.532    0.0056      Ar 3                464.671A    -5.173    0.0013
Ca A                4.01977m    -5.217    0.0012      C  2                1335.71A    -4.190    0.0124      Ca 3                351.260A    -4.956    0.0021
Ca A                19.0567m    -4.668    0.0041      C  2                2323.50A    -3.844    0.0276      Ca 3                298.430A    -5.218    0.0012
Ca A                11.3056m    -4.798    0.0031      C  2                2324.69A    -3.625    0.0456      Fe 3                911.104A    -5.208    0.0012
Ca A                8.75768m    -4.935    0.0022      C  2                2325.40A    -2.818    0.2921      Fe 3                896.877A    -5.276    0.0010
Ca A                7.50606m    -5.062    0.0017      C  2                2326.93A    -3.061    0.1669      P  2                963.828A    -5.236    0.0011
Ca A                6.77015m    -5.178    0.0013      C  2                2328.12A    -3.572    0.0515      Ti 2                3364.74A    -3.977    0.0203
Ca A                27.7958m    -4.987    0.0020      C  2                157.636m    -3.675    0.0406      Ti 2                3237.15A    -4.219    0.0116
Ca A                16.2047m    -5.095    0.0015      C  3                1908.73A    -3.402    0.0763      Cr 2                2059.78A    -4.565    0.0052
Ca A                12.3838m    -5.215    0.0012      C  3                1906.68A    -3.239    0.1108      Ni 2                1751.83A    -5.117    0.0015
Ca A                38.8593m    -5.273    0.0010      C  3                977.020A    -4.488    0.0062      Ni 2                1744.24A    -4.990    0.0020
Ca B                6562.80A    -1.829    2.8479      C  3                386.203A    -5.176    0.0013      hyperfine structure.............................
Ca B                4861.32A    -2.288    0.9904      Ca 1                4226.73A    -5.187    0.0013      inner shell.....................................
Ca B                4340.46A    -2.618    0.4629      Ca 4                3.20610m    -4.507    0.0060      Mg 3                246.489A    -4.142    0.0139
Ca B                4101.73A    -2.876    0.2558      Co 2                10.5199m    -4.664    0.0042      Mg 3                247.968A    -4.145    0.0138
Ca B                3970.07A    -3.088    0.1571      Co 2                2.98382m    -5.029    0.0018      Si 4                720.838A    -4.925    0.0023
Ca B                3889.05A    -3.268    0.1037      Co 2                14.7345m    -4.772    0.0033      molecules.......................................
Ca B                3835.38A    -3.425    0.0723      Co 2                1.01879m    -4.254    0.0107      H-FB                      0     -4.104    0.0151
Ca B                3797.90A    -3.564    0.0524      Co 2                1.12804m    -5.224    0.0011      H-FF                      0     -4.314    0.0093
Ca B                3770.63A    -3.689    0.0393      Co 2                1.54700m    -4.499    0.0061      H-CT                6562.80A    -4.162    0.0132
Ca B                3750.15A    -3.803    0.0303      Co 2                9342.40A    -5.096    0.0015      H- H                      0     -4.871    0.0026
Ca B                3734.37A    -3.907    0.0238      Co 3                11.8845m    -5.214    0.0012      H2+                       0     -4.490    0.0062
Ca B                3721.94A    -4.002    0.0191      Cr 2                8000.08A    -4.226    0.0114      bands...........................................
Ca B                3711.97A    -4.090    0.0156      Cr 2                8125.30A    -4.296    0.0097      Fe 2b               2500.00A    -2.243    1.0993
Ca B                3703.85A    -4.172    0.0129      Cr 2                8229.67A    -4.389    0.0078      Fe 2b               5000.00A    -2.062    1.6658
Ca B                3697.15A    -4.248    0.0109      Cr 2                8308.49A    -4.576    0.0051      Fe 2b               7000.00A    -2.450    0.6828
Ca B                3691.55A    -4.319    0.0092      Cr 2                8357.64A    -4.871    0.0026      Fe 2b               10000.0A    -1.609    4.7338
Ca B                3686.83A    -4.385    0.0079      Fe 2                25.9813m    -2.419    0.7332      Fe 2b               2355.00A    -2.779    0.3202
Ca B                3682.81A    -4.446    0.0069      Fe 2                5.33871m    -2.020    1.8385      Fe 2b               2430.00A    -2.275    1.0216
Ca B                3679.35A    -4.504    0.0060      Fe 2                4.11387m    -3.971    0.0206      Fe 2b               2445.00A    -2.275    1.0216
Ca B                3676.36A    -4.557    0.0053      Fe 2                1.25668m    -3.121    0.1457      Fe 2b               2495.00A    -3.201    0.1210
Ca B                3673.76A    -4.608    0.0047      Fe 2                4632.28A    -4.095    0.0154      Fe 2b               2610.00A    -2.520    0.5802
Ca B                3671.48A    -4.655    0.0043      Fe 2                4416.27A    -4.030    0.0179      Fe 2b               2695.00A    -4.902    0.0024
Ca B                1.87510m    -2.752    0.3406      Fe 2                4382.74A    -5.018    0.0018      Fe 2b               2758.00A    -3.438    0.0701
Ca B                1.28181m    -3.070    0.1638      Fe 2                4287.39A    -3.244    0.1096      Fe 2b               2780.00A    -3.420    0.0731
Ca B                1.09381m    -3.327    0.0905      Fe 2                3175.38A    -5.048    0.0017      Fe 2b               2935.00A    -4.566    0.0052
Ca B                1.00494m    -3.540    0.0555      Fe 2                2599.40A    -4.004    0.0191      Fe 2b               2960.00A    -4.618    0.0046
Ca B                9545.97A    -3.721    0.0365      Fe 2                2585.88A    -4.822    0.0029      Fe 2b               3180.00A    -4.309    0.0094
Ca B                9229.02A    -3.879    0.0254      Fe 2                2382.04A    -3.117    0.1469      Fe 2b               3250.00A    -3.792    0.0310
Ca B                9014.91A    -4.019    0.0184      Fe 2                2373.74A    -4.871    0.0026      Fe 2b               3590.00A    -3.848    0.0273
Ca B                8862.79A    -4.145    0.0138      Fe 2                2343.50A    -4.941    0.0022      Fe 2b               3910.00A    -5.102    0.0015
Ca B                8750.48A    -4.259    0.0106      Fe 2                35.3391m    -3.051    0.1711      Fe 2b               4255.00A    -2.570    0.5177
Ca B                8665.02A    -4.363    0.0083      Fe 2                6.71944m    -3.159    0.1333      Fe 2b               4558.00A    -3.311    0.0939
Ca B                8598.40A    -4.460    0.0067      Fe 2                4.88781m    -3.635    0.0446      Fe 2b               4600.00A    -3.271    0.1030
Ca B                8545.39A    -4.549    0.0054      Fe 2                4.07521m    -4.394    0.0078      Fe 2b               4743.00A    -3.917    0.0233
Ca B                8502.49A    -4.632    0.0045      Fe 2                1.32055m    -3.617    0.0464      Fe 2b               4855.00A    -3.351    0.0856
Ca B                8467.26A    -4.709    0.0038      Fe 2                1.24854m    -4.371    0.0082      Fe 2b               4920.00A    -2.837    0.2800
Ca B                8437.96A    -4.781    0.0032      Fe 2                7637.52A    -3.698    0.0385      Fe 2b               4975.00A    -3.363    0.0833
Ca B                8413.32A    -4.849    0.0027      Fe 2                4889.62A    -3.937    0.0222      Fe 2b               4971.00A    -3.399    0.0767
Ca B                8392.40A    -4.913    0.0024      Fe 2                4716.37A    -4.973    0.0020      Fe 2b               5070.00A    -3.291    0.0984
Ca B                8374.48A    -4.972    0.0020      Fe 2                4687.56A    -5.109    0.0015      Fe 2b               5143.00A    -2.730    0.3577
Ca B                8359.01A    -5.028    0.0018      Fe 2                4492.64A    -4.900    0.0024      Fe 2b               5270.00A    -2.446    0.6888
Ca B                8345.56A    -5.081    0.0016      Fe 2                4457.95A    -4.316    0.0093      Fe 2b               5318.00A    -2.764    0.3310
Ca B                8333.79A    -5.131    0.0014      Fe 2                4432.45A    -5.139    0.0014      Fe 2b               5540.00A    -3.501    0.0607
Ca B                4.05115m    -3.375    0.0810      Fe 2                4359.33A    -3.375    0.0810      Fe 2b               5865.00A    -4.135    0.0141
Ca B                2.62515m    -3.622    0.0459      Fe 2                2625.67A    -2.709    0.3756      Fe 2b               6265.00A    -4.486    0.0063
Ca B                2.16553m    -3.836    0.0281      Fe 2                2611.87A    -3.619    0.0463      Fe 2b               6565.00A    -4.029    0.0180
Ca B                1.94456m    -4.019    0.0184      Fe 2                2598.37A    -4.419    0.0073      Fe 2b               6910.00A    -4.227    0.0114
Ca B                1.81741m    -4.179    0.0127      Fe 2                2395.63A    -3.645    0.0435      Fe 2b               7445.00A    -2.473    0.6470
Ca B                1.73621m    -4.320    0.0092      Fe 2                2388.63A    -4.481    0.0064      Fe 2b               8625.00A    -2.468    0.6541
Ca B                1.68065m    -4.447    0.0069      Fe 2                2383.06A    -5.263    0.0010      Fe 2b               1.03250m    -3.483    0.0632
Ca B                1.64072m    -4.562    0.0053      Fe 2                2364.83A    -3.960    0.0211      Fe 2b               1.88900m    -2.334    0.8909
Ca B                1.61093m    -4.667    0.0041      Fe 2                2332.80A    -4.911    0.0024      Fe 2b               2.20000m    -3.684    0.0398
Ca B                1.58805m    -4.765    0.0033      Fe 2                51.2868m    -3.643    0.0438      miscellaneous...................................
Ca B                1.57007m    -4.855    0.0027      Fe 2                5.67236m    -4.446    0.0069      C 1R                1656.00A    -5.060    0.0017
Ca B                1.55565m    -4.939    0.0022      Fe 2                4.60641m    -4.194    0.0123      C 2R                1335.00A    -3.381    0.0801
Ca B                1.54389m    -5.018    0.0018      Fe 2                4.08085m    -4.891    0.0025      N 2R                1085.00A    -5.077    0.0016
Ca B                1.53418m    -5.091    0.0016      Fe 2                1.37181m    -3.861    0.0265      O 2H                3727.00A    -3.937    0.0222
Ca B                1.52605m    -5.161    0.0013      Fe 2                1.29427m    -4.156    0.0134      O 2R                3726.00A    -5.044    0.0017
Ca B                1.51919m    -5.226    0.0011      Fe 2                7686.93A    -3.847    0.0274      O 2R                3729.00A    -5.202    0.0012
Ca B                7.45782m    -3.873    0.0258      Fe 2                4728.07A    -4.526    0.0057      O 2H                7325.00A    -4.477    0.0064
Ca B                4.65251m    -4.069    0.0164      Fe 2                4514.90A    -4.942    0.0022      Blnd                1400.00A    -5.101    0.0015
Ca B                3.73954m    -4.251    0.0108      Fe 2                4488.75A    -4.690    0.0039      Blnd                1650.00A    -2.343    0.8722
Ca B                3.29609m    -4.411    0.0075      Fe 2                4413.78A    -3.526    0.0572      Blnd                1304.00A    -4.330    0.0090
Ca B                3.03837m    -4.553    0.0054      Fe 2                2631.32A    -3.347    0.0865      Blnd                1039.00A    -4.915    0.0023
Ca B                2.87221m    -4.681    0.0040      Fe 2                2617.62A    -4.253    0.0107      Blnd                2798.00A    -1.976    2.0301
Ca B                2.75752m    -4.797    0.0031      Fe 2                2607.09A    -4.312    0.0094      Blnd                6720.00A    -1.869    2.6003
Ca B                2.67440m    -4.904    0.0024      Fe 2                2404.89A    -4.224    0.0115      Blnd                4074.00A    -2.890    0.2475
Ca B                2.61194m    -5.002    0.0019      Fe 2                2399.24A    -4.651    0.0043      Blnd                1.03300m    -2.999    0.1926
Ca B                2.56363m    -5.092    0.0016      Fe 2                2395.42A    -5.035    0.0018      Blnd                1256.00A    -4.802    0.0030
Ca B                2.52540m    -5.177    0.0013      Fe 2                2380.76A    -3.605    0.0477      Blnd                1198.00A    -5.153    0.0014
Ca B                2.49458m    -5.257    0.0011      Fe 2                2348.30A    -4.714    0.0037      Blnd                1720.00A    -4.973    0.0020
Ca B                12.3685m    -4.291    0.0098      Fe 2                2327.40A    -5.029    0.0018      Blnd                3722.00A    -4.346    0.0087
Ca B                7.50045m    -4.451    0.0068      Fe 2                87.3597m    -4.512    0.0059      Blnd                2665.00A    -3.248    0.1085
Ca B                5.90660m    -4.607    0.0048      Fe 2                5.06097m    -4.852    0.0027      Blnd                1860.00A    -4.343    0.0087
Ca B                5.12726m    -4.749    0.0034      Fe 2                4.43363m    -4.721    0.0037      Blnd                2335.00A    -2.956    0.2129
Ca B                4.67124m    -4.877    0.0026      Fe 2                1.32777m    -4.340    0.0088      Blnd                1888.00A    -3.628    0.0453
Ca B                4.37526m    -4.993    0.0020      Fe 2                1.27877m    -4.460    0.0067      Blnd                1397.00A    -5.104    0.0015
Ca B                4.16966m    -5.100    0.0015      Fe 2                7665.28A    -4.389    0.0079      Blnd                3350.00A    -5.215    0.0012
Ca B                4.01977m    -5.198    0.0012      Fe 2                5006.63A    -5.088    0.0016      Blnd                5525.00A    -4.078    0.0161
Ca B                19.0567m    -4.653    0.0043      Fe 2                4639.67A    -5.201    0.0012      Blnd                8579.00A    -3.045    0.1734
Ca B                11.3056m    -4.784    0.0032      Fe 2                4528.39A    -5.218    0.0012      Blnd                7306.00A    -2.231    1.1309
Ca B                8.75768m    -4.921    0.0023      Fe 2                4452.10A    -3.719    0.0367      Blnd                3933.00A    -3.135    0.1409
Ca B                7.50606m    -5.047    0.0017      Fe 2                2631.05A    -4.264    0.0105      Blnd                1657.00A    -4.533    0.0056
Ca B                6.77015m    -5.163    0.0013      Fe 2                2613.82A    -4.634    0.0045      Blnd                9850.00A    -3.293    0.0979
Ca B                6.29020m    -5.270    0.0010      Fe 2                2410.52A    -4.727    0.0036      Blnd                2326.00A    -2.518    0.5837
Ca B                27.7958m    -4.972    0.0021      Fe 2                2406.66A    -4.780    0.0032      Blnd                1335.00A    -3.910    0.0236
Ca B                16.2047m    -5.082    0.0016      Fe 2                2404.43A    -5.012    0.0019      Blnd                1909.00A    -3.012    0.1871
Ca B                12.3838m    -5.202    0.0012      Fe 2                2359.11A    -4.873    0.0026      Blnd                1549.00A    -5.013    0.0019
Ca B                38.8593m    -5.257    0.0011      Fe 2                2338.01A    -4.993    0.0020      Blnd                3467.00A    -4.993    0.0020
H  1                2430.61A    -1.286    9.9511      Fe 2                1.29777m    -4.791    0.0031      Blnd                5199.00A    -3.194    0.1230
H  1                1215.67A    -0.853   26.9533      Fe 2                1.27034m    -4.657    0.0042      Blnd                1.04030m    -4.241    0.0111
H  1                1025.72A    -4.258    0.0106      Fe 2                7874.24A    -4.898    0.0024      Blnd                1085.00A    -4.366    0.0083
H  1                972.537A    -4.368    0.0082      Fe 2                7733.14A    -5.036    0.0018      Blnd                2141.00A    -3.750    0.0342
H  1                949.743A    -4.430    0.0071      Fe 2                4474.90A    -4.031    0.0179      Blnd                1750.00A    -4.929    0.0023
H  1                937.803A    -4.467    0.0066      Fe 2                2628.29A    -4.620    0.0046      Blnd                990.000A    -4.801    0.0030
H  1                930.748A    -4.497    0.0061      Fe 2                2621.67A    -4.980    0.0020      Blnd                6300.00A    -2.460    0.6661
H  1                926.226A    -4.523    0.0058      Fe 2                2413.31A    -5.008    0.0019      Blnd                2471.00A    -3.071    0.1635
H  1                923.150A    -4.546    0.0055      Fe 2                2411.07A    -4.958    0.0021      Blnd                7323.00A    -3.239    0.1109
H  1                920.963A    -4.570    0.0052      Fe 2                2344.28A    -5.188    0.0012      Blnd                7332.00A    -3.327    0.0907
H  1                919.351A    -4.701    0.0038      Fe 2                17.9311m    -2.597    0.4865      Blnd                833.000A    -4.450    0.0068
H  1                918.129A    -4.718    0.0037      Fe 2                1.64355m    -1.943    2.1941      Blnd                3727.00A    -1.514    5.8862
H  1                917.181A    -4.734    0.0035      Fe 2                1.53348m    -2.787    0.3138      Blnd                7325.00A    -2.980    0.2015
H  1                916.429A    -4.748    0.0034      Fe 2                8616.95A    -3.109    0.1497      Blnd                1666.00A    -4.564    0.0052
H  1                915.824A    -4.761    0.0033      Fe 2                7155.17A    -2.746    0.3447      Blnd                5007.00A    -1.980    2.0156
H  1                915.329A    -4.772    0.0033      Fe 2                6896.17A    -4.523    0.0058      Blnd                835.000A    -4.462    0.0066
H  1                914.919A    -4.781    0.0032      Fe 2                5413.37A    -4.522    0.0058

                                                    Emergent line intensities
general properties..............................      He 1                1.90894m    -5.266    0.0010      Fe 3                2.87385m    -4.375    0.0081
continua........................................      He 1                4.03663m    -5.268    0.0010      Fe 3                1.06081m    -4.882    0.0025
FIR                 83.0000m    -2.289    0.9899      He 1                4.04791m    -4.909    0.0024      Fe 3                2.90407m    -5.043    0.0017
TIR                 1800.00m    -4.344    0.0087      He 1                2.62337m    -5.202    0.0012      Fe 3                1.08826m    -5.278    0.0010
NIRa                2.85000m    -0.378   80.6127      extra Lyman.....................................      Fe 3                3.04312m    -5.258    0.0011
NIRb                3.00000m    -0.685   39.7044      database lines..................................      K  3                4.61683m    -4.455    0.0067
MIRa                15.0000m    -0.890   24.8048      Al 3                1862.79A    -4.777    0.0032      Mg 1                2852.13A    -3.814    0.0295
MIRb                22.5000m    -0.840   27.8214      Al 3                1854.72A    -4.543    0.0055      Mg 1                4562.60A    -3.565    0.0523
NMIR                21.7500m    -0.378   80.6127      Ar 2                6.98337m    -3.439    0.0700      Mg 1                4571.10A    -3.994    0.0195
TFIR                611.250m    -3.313    0.0936      Ar 3                3109.18A    -4.798    0.0031      Mg 1                4575.29A    -4.943    0.0022
TALL                10000.0A     0.110  247.8273      Ar 3                5191.82A    -5.133    0.0014      Mn 2                2576.10A    -4.297    0.0097
F12                 12.0000m    -1.367    8.2637      Ar 3                7135.79A    -2.935    0.2235      Mn 2                2593.72A    -4.384    0.0079
F25                 25.0000m    -2.019    1.8400      Ar 3                7751.11A    -3.559    0.0530      Mn 2                2605.68A    -4.519    0.0058
F60                 60.0000m    -2.403    0.7599      Ar 3                8.98898m    -2.910    0.2369      N  1                1134.17A    -5.101    0.0015
F100                100.000m    -3.220    0.1160      Ar 3                21.8253m    -4.095    0.0154      N  1                1134.41A    -5.039    0.0018
MIPS                24.0000m    -2.089    1.5684      C  1                1561.44A    -5.219    0.0012      N  1                1134.98A    -5.010    0.0019
MIPS                70.0000m    -2.876    0.2560      C  1                1657.01A    -5.128    0.0014      N  1                1199.55A    -4.673    0.0041
MIPS                160.000m    -3.471    0.0650      C  1                9824.13A    -3.894    0.0245      N  1                1200.22A    -4.705    0.0038
IRAC                3.60000m    -1.635    4.4544      C  1                9850.26A    -3.419    0.0733      N  1                1200.71A    -4.835    0.0028
IRAC                4.50000m    -1.600    4.8310      C  2                1036.34A    -4.815    0.0029      N  1                3466.50A    -5.073    0.0016
IRAC                5.80000m    -1.447    6.8669      C  2                1037.02A    -4.742    0.0035      N  1                5197.90A    -3.484    0.0630
IRAC                8.00000m    -1.392    7.8099      C  2                1334.53A    -4.539    0.0056      N  1                5200.26A    -3.506    0.0599
SPR1                250.000m    -4.568    0.0052      C  2                1335.66A    -4.533    0.0056      N  1                1.03977m    -4.578    0.0051
SPR2                350.000m    -4.683    0.0040      C  2                1335.71A    -4.191    0.0124      N  1                1.03982m    -5.122    0.0015
SPR3                500.000m    -4.742    0.0035      C  2                2323.50A    -3.844    0.0276      N  1                1.04072m    -4.926    0.0023
PAC1                70.0000m    -2.868    0.2608      C  2                2324.69A    -3.625    0.0456      N  1                1.04076m    -4.935    0.0022
PAC2                100.000m    -3.141    0.1390      C  2                2325.40A    -2.819    0.2921      Ne 2                12.8101m    -2.905    0.2396
PAC3                160.000m    -3.438    0.0702      C  2                2326.93A    -3.062    0.1669      Ne 3                15.5509m    -2.337    0.8864
PAH                 3.30000m    -2.485    0.6291      C  2                2328.12A    -3.572    0.0515      Ne 3                3868.76A    -2.687    0.3953
PAHC                3.23000m    -2.763    0.3319      C  2                157.636m    -3.675    0.0407      Ne 3                36.0036m    -3.384    0.0794
PAHC                3.37000m    -2.802    0.3035      C  3                1908.73A    -3.402    0.0763      Ne 3                3967.47A    -3.205    0.1200
PAH                 6.20000m    -2.066    1.6525      C  3                1906.68A    -3.240    0.1108      O  1                1040.94A    -5.145    0.0014
PAHC                5.65000m    -2.028    1.8056      C  3                977.020A    -4.495    0.0062      O  1                1302.17A    -5.212    0.0012
PAH                 7.90000m    -1.871    2.5897      Ca 1                4226.73A    -5.187    0.0013      O  1                1304.86A    -4.529    0.0057
PAHC                6.90000m    -1.773    3.2416      Ca 4                3.20610m    -4.507    0.0060      O  1                1306.03A    -4.962    0.0021
PAH                 11.3000m    -2.613    0.4688      Co 2                10.5199m    -4.664    0.0042      O  1                2972.29A    -5.228    0.0011
PAHC                10.9000m    -2.537    0.5584      Co 2                2.98382m    -5.029    0.0018      O  1                5577.34A    -4.279    0.0101
PAH                 11.8000m    -2.479    0.6386      Co 2                14.7345m    -4.772    0.0033      O  1                6300.30A    -2.581    0.5047
PAHC                12.6500m    -2.408    0.7527      Co 2                1.01879m    -4.254    0.0107      O  1                6363.78A    -3.077    0.1612
PAH                 13.3000m    -2.628    0.4533      Co 2                1.12804m    -5.225    0.0011      O  1                63.1679m    -2.911    0.2359
PAHC                14.1000m    -2.707    0.3778      Co 2                1.54700m    -4.499    0.0061      O  1                145.495m    -4.013    0.0187
Bcon                3640.00A    -0.316   92.9985      Co 2                9342.40A    -5.096    0.0015      O  2                2470.22A    -3.763    0.0332
Pcon                5000.00A    -0.619   46.2252      Co 3                11.8845m    -5.214    0.0012      O  2                2470.34A    -3.169    0.1303
O3bn                5007.00A    -1.926    2.2819      Cr 2                8000.08A    -4.226    0.0114      O  2                7318.92A    -3.846    0.0274
SX                  25.0000A    -1.857    2.6739      Cr 2                8125.30A    -4.296    0.0097      O  2                7319.99A    -3.363    0.0834
HX                  4.70000A    -1.554    5.3710      Cr 2                8229.67A    -4.389    0.0078      O  2                7329.67A    -3.624    0.0458
ROSA                12.3980A    -1.412    7.4510      Cr 2                8308.49A    -4.576    0.0051      O  2                7330.73A    -3.632    0.0449
RRC.............................................      Cr 2                8357.64A    -4.871    0.0026      O  2                3728.81A    -1.889    2.4833
grains..........................................      Fe 2                25.9813m    -2.419    0.7335      O  2                3726.03A    -1.752    3.4034
H-like iso-sequence.............................      Fe 2                5.33871m    -2.020    1.8392      O  3                88.3323m    -3.317    0.0928
H  1                1215.67A    -0.854   26.9196      Fe 2                4.11387m    -3.971    0.0206      O  3                51.8004m    -2.754    0.3387
H  1                1025.72A    -4.265    0.0104      Fe 2                1.25668m    -3.121    0.1457      O  3                4958.91A    -2.570    0.5181
H  1                972.537A    -4.375    0.0081      Fe 2                4632.28A    -4.095    0.0154      O  3                2320.95A    -5.064    0.0017
H  1                949.743A    -4.437    0.0070      Fe 2                4416.27A    -4.031    0.0179      O  3                1660.81A    -5.106    0.0015
H  1                937.803A    -4.473    0.0065      Fe 2                4382.74A    -5.018    0.0018      O  3                5006.84A    -2.109    1.4973
H  1                930.748A    -4.504    0.0060      Fe 2                4287.39A    -3.244    0.1096      O  3                1666.15A    -4.711    0.0037
H  1                926.226A    -4.530    0.0057      Fe 2                3175.38A    -5.048    0.0017      O  3                4363.21A    -4.437    0.0070
H  1                923.150A    -4.553    0.0054      Fe 2                2599.40A    -4.004    0.0191      P  2                60.6263m    -4.978    0.0020
H  1                920.963A    -4.577    0.0051      Fe 2                2585.88A    -4.823    0.0029      P  2                32.8620m    -4.279    0.0101
H  1                919.351A    -4.708    0.0038      Fe 2                2382.04A    -3.117    0.1469      P  2                1.14682m    -3.892    0.0247
H  1                918.129A    -4.725    0.0036      Fe 2                2373.74A    -4.872    0.0026      P  2                1.18828m    -3.468    0.0654
H  1                917.181A    -4.741    0.0035      Fe 2                2343.50A    -4.941    0.0022      P  2                7875.99A    -4.896    0.0024
H  1                916.429A    -4.755    0.0034      Fe 2                35.3391m    -3.051    0.1711      P  3                17.8797m    -4.792    0.0031
H  1                915.824A    -4.768    0.0033      Fe 2                6.71944m    -3.159    0.1333      S  1                25.2421m    -5.192    0.0012
H  1                915.329A    -4.779    0.0032      Fe 2                4.88781m    -3.635    0.0446      S  2                6730.82A    -2.119    1.4629
H  1                914.919A    -4.788    0.0031      Fe 2                4.07521m    -4.394    0.0078      S  2                6716.44A    -2.228    1.1371
H  1                914.576A    -4.796    0.0031      Fe 2                1.32055m    -3.617    0.0465      S  2                4076.35A    -3.506    0.0599
H  1                914.286A    -4.801    0.0030      Fe 2                1.24854m    -4.371    0.0082      S  2                4068.60A    -3.011    0.1875
H  1                914.039A    -4.803    0.0030      Fe 2                7637.52A    -3.698    0.0385      S  2                1.03364m    -3.645    0.0436
H  1                913.826A    -4.800    0.0031      Fe 2                4889.62A    -3.938    0.0222      S  2                1.02867m    -3.637    0.0443
H  1                6562.80A    -1.837    2.8008      Fe 2                4716.37A    -4.973    0.0020      S  2                1.03705m    -3.967    0.0208
H  1                4861.32A    -2.284    1.0000      Fe 2                4687.56A    -5.109    0.0015      S  2                1.03205m    -3.504    0.0603
H  1                4340.46A    -2.611    0.4715      Fe 2                4492.64A    -4.900    0.0024      S  2                1259.52A    -5.201    0.0012
H  1                4101.73A    -2.867    0.2611      Fe 2                4457.95A    -4.316    0.0093      S  2                1253.81A    -5.258    0.0011
H  1                3970.07A    -3.078    0.1609      Fe 2                4432.45A    -5.139    0.0014      S  3                33.4704m    -2.849    0.2724
H  1                3889.05A    -3.256    0.1066      Fe 2                4359.33A    -3.375    0.0810      S  3                18.7078m    -2.618    0.4634
H  1                3835.38A    -3.412    0.0745      Fe 2                2625.67A    -2.709    0.3757      S  3                9068.62A    -2.782    0.3175
H  1                3797.90A    -3.550    0.0543      Fe 2                2611.87A    -3.619    0.0463      S  3                9530.62A    -2.382    0.7976
H  1                3770.63A    -3.541    0.0553      Fe 2                2598.37A    -4.419    0.0073      S  3                3721.63A    -4.352    0.0086
H  1                3750.15A    -3.645    0.0436      Fe 2                2395.63A    -3.645    0.0435      S  3                6312.06A    -4.079    0.0161
H  1                3734.37A    -3.740    0.0350      Fe 2                2388.63A    -4.481    0.0064      S  3                1728.94A    -5.105    0.0015
H  1                3721.94A    -3.827    0.0286      Fe 2                2383.06A    -5.263    0.0010      Si 2                34.8046m    -2.153    1.3526
H  1                3711.97A    -3.908    0.0238      Fe 2                2364.83A    -3.960    0.0211      Si 2                2334.41A    -4.022    0.0183
H  1                3703.85A    -3.983    0.0200      Fe 2                2332.80A    -4.912    0.0024      Si 2                2328.52A    -4.571    0.0052
H  1                3697.15A    -4.052    0.0171      Fe 2                51.2868m    -3.643    0.0438      Si 2                1808.01A    -3.880    0.0254
H  1                3691.55A    -4.116    0.0147      Fe 2                5.67236m    -4.446    0.0069      Si 2                1526.71A    -4.836    0.0028
H  1                3686.83A    -4.174    0.0129      Fe 2                4.60641m    -4.194    0.0123      Si 2                1304.37A    -5.243    0.0011
H  1                3682.81A    -4.226    0.0114      Fe 2                4.08085m    -4.891    0.0025      Si 2                1260.42A    -4.962    0.0021
H  1                3679.35A    -4.270    0.0103      Fe 2                1.37181m    -3.861    0.0265      Si 2                1193.29A    -5.095    0.0015
H  1                1.87510m    -2.790    0.3119      Fe 2                1.29427m    -4.156    0.0134      Si 2                1190.42A    -5.168    0.0013
H  1                1.28181m    -3.085    0.1583      Fe 2                7686.93A    -3.847    0.0274      Si 2                2350.17A    -3.896    0.0244
H  1                1.09381m    -3.335    0.0890      Fe 2                4728.07A    -4.526    0.0057      Si 2                2344.20A    -3.422    0.0727
H  1                1.00494m    -3.543    0.0550      Fe 2                4514.90A    -4.942    0.0022      Si 2                2334.60A    -3.319    0.0923
H  1                9545.97A    -3.722    0.0365      Fe 2                4488.75A    -4.690    0.0039      Si 2                1817.45A    -4.125    0.0144
H  1                9229.02A    -3.878    0.0255      Fe 2                4413.78A    -3.527    0.0572      Si 2                1816.93A    -3.541    0.0554
H  1                9014.91A    -4.016    0.0186      Fe 2                2631.32A    -3.347    0.0865      Si 2                1533.43A    -4.412    0.0074
H  1                8862.79A    -4.057    0.0169      Fe 2                2617.62A    -4.253    0.0107      Si 2                1309.28A    -4.845    0.0027
H  1                8750.48A    -4.160    0.0133      Fe 2                2607.09A    -4.312    0.0094      Si 2                1265.00A    -4.688    0.0039
H  1                8665.02A    -4.255    0.0107      Fe 2                2404.89A    -4.225    0.0115      Si 2                1264.74A    -4.712    0.0037
H  1                8598.40A    -4.342    0.0088      Fe 2                2399.24A    -4.651    0.0043      Si 2                1197.39A    -4.785    0.0032
H  1                8545.39A    -4.422    0.0073      Fe 2                2395.42A    -5.035    0.0018      Si 2                1194.50A    -4.696    0.0039
H  1                8502.49A    -4.497    0.0061      Fe 2                2380.76A    -3.606    0.0477      Si 3                1892.03A    -4.003    0.0191
H  1                8467.26A    -4.566    0.0052      Fe 2                2348.30A    -4.714    0.0037      Si 3                1882.71A    -3.866    0.0262
H  1                8437.96A    -4.630    0.0045      Fe 2                2327.40A    -5.029    0.0018      Si 3                1206.50A    -4.882    0.0025
H  1                8413.32A    -4.688    0.0039      Fe 2                87.3597m    -4.512    0.0059      Al 2                2669.15A    -3.607    0.0476
H  1                8392.40A    -4.740    0.0035      Fe 2                5.06097m    -4.852    0.0027      Al 2                2660.35A    -3.499    0.0610
H  1                8374.48A    -4.784    0.0032      Fe 2                4.43363m    -4.721    0.0037      Al 2                1670.79A    -4.190    0.0124
H  1                4.05115m    -3.438    0.0701      Fe 2                1.32777m    -4.340    0.0088      C  4                1548.19A    -5.213    0.0012
H  1                2.62515m    -3.657    0.0423      Fe 2                1.27877m    -4.460    0.0067      Ca 2                7323.89A    -2.631    0.4500
H  1                2.16553m    -3.860    0.0266      Fe 2                7665.28A    -4.389    0.0079      Ca 2                7291.47A    -2.451    0.6808
H  1                1.94456m    -4.037    0.0177      Fe 2                5006.63A    -5.088    0.0016      Ca 2                3968.47A    -3.487    0.0626
H  1                1.81741m    -4.193    0.0123      Fe 2                4639.67A    -5.201    0.0012      Ca 2                8662.14A    -3.573    0.0514
H  1                1.73621m    -4.331    0.0090      Fe 2                4528.39A    -5.219    0.0012      Ca 2                3933.66A    -3.391    0.0782
H  1                1.68065m    -4.426    0.0072      Fe 2                4452.10A    -3.719    0.0367      Ca 2                8498.02A    -4.191    0.0124
H  1                1.64072m    -4.529    0.0057      Fe 2                2631.05A    -4.264    0.0105      Ca 2                8542.09A    -3.244    0.1096
H  1                1.61093m    -4.623    0.0046      Fe 2                2613.82A    -4.634    0.0045      Cl 2                14.3639m    -3.840    0.0278
H  1                1.58805m    -4.710    0.0038      Fe 2                2410.52A    -4.727    0.0036      Cl 2                33.2721m    -4.973    0.0020
H  1                1.57007m    -4.790    0.0031      Fe 2                2406.66A    -4.781    0.0032      Cl 2                8578.70A    -3.589    0.0495
H  1                1.55565m    -4.865    0.0026      Fe 2                2404.43A    -5.012    0.0019      Cl 2                9123.60A    -4.174    0.0129
H  1                1.54389m    -4.934    0.0022      Fe 2                2359.11A    -4.873    0.0026      Cl 3                5537.87A    -4.387    0.0079
H  1                1.53418m    -4.997    0.0019      Fe 2                2338.01A    -4.993    0.0020      Cl 3                5517.71A    -4.371    0.0082
H  1                1.52605m    -5.055    0.0017      Fe 2                1.29777m    -4.791    0.0031      Fe 4                3094.96A    -4.994    0.0020
H  1                1.51919m    -5.107    0.0015      Fe 2                1.27034m    -4.657    0.0042      Fe 4                2835.74A    -4.165    0.0132
H  1                1.51332m    -5.151    0.0014      Fe 2                7874.24A    -4.898    0.0024      Fe 4                2829.36A    -4.426    0.0072
H  1                7.45782m    -3.956    0.0213      Fe 2                7733.14A    -5.036    0.0018      Fe 4                2567.61A    -5.086    0.0016
H  1                4.65251m    -4.124    0.0145      Fe 2                4474.90A    -4.031    0.0179      Mg 2                2802.71A    -2.450    0.6825
H  1                3.73954m    -4.292    0.0098      Fe 2                2628.29A    -4.620    0.0046      Mg 2                2795.53A    -2.154    1.3479
H  1                3.29609m    -4.445    0.0069      Fe 2                2621.67A    -4.980    0.0020      Mg 4                4.48711m    -5.204    0.0012
H  1                3.03837m    -4.582    0.0050      Fe 2                2413.31A    -5.008    0.0019      N  2                205.283m    -4.828    0.0029
H  1                2.87221m    -4.715    0.0037      Fe 2                2411.07A    -4.958    0.0021      N  2                121.769m    -3.919    0.0232
H  1                2.75752m    -4.817    0.0029      Fe 2                2344.28A    -5.188    0.0012      N  2                6548.05A    -2.355    0.8486
H  1                2.67440m    -4.911    0.0024      Fe 2                17.9311m    -2.597    0.4867      N  2                6583.45A    -1.886    2.5016
H  1                2.61194m    -4.997    0.0019      Fe 2                1.64355m    -1.943    2.1950      N  2                3062.83A    -5.074    0.0016
H  1                2.56363m    -5.077    0.0016      Fe 2                1.53348m    -2.787    0.3139      N  2                5754.59A    -3.794    0.0309
H  1                2.52540m    -5.151    0.0014      Fe 2                8616.95A    -3.109    0.1497      N  2                2139.01A    -4.289    0.0099
H  1                2.49458m    -5.220    0.0012      Fe 2                7155.17A    -2.747    0.3447      N  2                2142.77A    -3.898    0.0243
H  1                2.46931m    -5.284    0.0010      Fe 2                6896.17A    -4.523    0.0058      N  2                1085.70A    -4.986    0.0020
H  1                12.3685m    -4.390    0.0078      Fe 2                5413.37A    -4.522    0.0058      N  2                1084.58A    -5.045    0.0017
H  1                7.50045m    -4.522    0.0058      Fe 2                5273.36A    -3.452    0.0680      N  2                1085.55A    -5.129    0.0014
H  1                5.90660m    -4.665    0.0042      Fe 2                5158.79A    -2.806    0.3008      N  2                1083.99A    -5.094    0.0015
H  1                5.12726m    -4.797    0.0031      Fe 2                5111.64A    -3.747    0.0344      N  2                1084.56A    -5.188    0.0012
H  1                4.67124m    -4.953    0.0021      Fe 2                5072.41A    -3.515    0.0588      N  2                915.612A    -5.068    0.0016
H  1                4.37526m    -5.054    0.0017      Fe 2                5039.10A    -4.882    0.0025      N  2                916.020A    -5.225    0.0011
H  1                4.16966m    -5.147    0.0014      Fe 2                4814.54A    -3.773    0.0325      N  2                916.710A    -5.199    0.0012
H  1                4.01977m    -5.233    0.0011      Fe 2                4774.73A    -4.231    0.0113      N  2                916.012A    -5.146    0.0014
H  1                19.0567m    -4.766    0.0033      Fe 2                4243.97A    -3.206    0.1198      N  2                916.701A    -4.949    0.0022
H  1                11.3056m    -4.871    0.0026      Fe 2                4177.20A    -4.284    0.0100      N  2                915.962A    -5.040    0.0018
H  1                8.75768m    -4.993    0.0020      Fe 2                4114.48A    -5.171    0.0013      N  3                57.3238m    -3.775    0.0323
H  1                7.50606m    -5.158    0.0013      Fe 2                3387.09A    -4.795    0.0031      N  3                1749.67A    -5.277    0.0010
H  1                6.77015m    -5.257    0.0011      Fe 2                3376.20A    -4.019    0.0184      N  3                989.799A    -5.247    0.0011
H  1                27.7958m    -5.096    0.0015      Fe 2                2732.45A    -4.587    0.0050      N  3                991.577A    -5.173    0.0013
H  1                16.2047m    -5.181    0.0013      Fe 2                2493.30A    -3.211    0.1182      Na 3                7.31570m    -4.135    0.0141
He 2                1640.41A    -2.346    0.8671      Fe 2                2484.20A    -4.921    0.0023      Ni 2                1.19102m    -3.694    0.0389
He 2                1215.13A    -2.823    0.2890      Fe 2                24.5126m    -3.235    0.1121      Ni 2                6.63416m    -3.361    0.0838
He 2                1084.94A    -3.168    0.1307      Fe 2                1.80940m    -2.543    0.5504      Ni 2                1.07151m    -3.965    0.0209
He 2                1025.27A    -3.427    0.0719      Fe 2                1.67688m    -3.213    0.1179      Ni 2                10.6793m    -3.602    0.0481
He 2                992.358A    -3.637    0.0443      Fe 2                1.59948m    -3.184    0.1260      Ni 2                1.16130m    -4.811    0.0030
He 2                972.106A    -3.814    0.0295      Fe 2                9051.95A    -2.950    0.2157      Ni 2                12.7253m    -4.348    0.0086
He 2                958.693A    -3.966    0.0208      Fe 2                8891.93A    -3.446    0.0689      Ni 2                1.09177m    -5.182    0.0013
He 2                949.323A    -4.099    0.0153      Fe 2                7452.56A    -3.239    0.1110      Ni 2                18.2355m    -5.148    0.0014
He 2                942.507A    -3.950    0.0216      Fe 2                7172.00A    -3.478    0.0639      Ni 2                7377.83A    -2.960    0.2110
He 2                937.389A    -4.043    0.0174      Fe 2                6275.53A    -5.149    0.0014      Ni 2                8300.99A    -4.256    0.0107
He 2                933.444A    -4.129    0.0143      Fe 2                5527.36A    -3.630    0.0451      Ni 2                1.93877m    -3.667    0.0414
He 2                930.337A    -4.208    0.0119      Fe 2                5433.15A    -3.966    0.0208      Ni 2                2.36883m    -4.954    0.0021
He 2                927.846A    -4.281    0.0101      Fe 2                5261.63A    -3.221    0.1158      Ni 2                2.91064m    -4.623    0.0046
He 2                925.816A    -4.348    0.0086      Fe 2                5220.08A    -4.518    0.0058      Ni 2                6666.80A    -4.384    0.0080
He 2                924.142A    -4.411    0.0075      Fe 2                5184.80A    -4.346    0.0087      Ni 2                7411.61A    -4.165    0.0132
He 2                922.743A    -4.468    0.0065      Fe 2                5158.01A    -4.282    0.0101      Ni 2                4326.24A    -4.249    0.0108
He 2                921.562A    -4.521    0.0058      Fe 2                4947.39A    -3.717    0.0369      Ni 2                4628.05A    -4.671    0.0041
He 2                920.556A    -4.567    0.0052      Fe 2                4905.35A    -4.086    0.0158      Ni 2                7255.82A    -4.604    0.0048
He 2                919.693A    -4.605    0.0048      Fe 2                4874.50A    -4.157    0.0134      Ni 2                1.04597m    -5.087    0.0016
He 2                4685.68A    -3.222    0.1154      Fe 2                4346.86A    -3.833    0.0282      Ni 2                1.23230m    -5.115    0.0015
He 2                3203.08A    -3.549    0.0543      Fe 2                4276.84A    -3.745    0.0346      Ni 2                4201.17A    -4.567    0.0052
He 2                2733.28A    -3.815    0.0295      Fe 2                4244.82A    -4.459    0.0067      Ni 2                4485.21A    -5.020    0.0018
He 2                2511.19A    -4.032    0.0179      Fe 2                4211.11A    -5.106    0.0015      Ni 2                7307.65A    -4.916    0.0023
He 2                2385.39A    -4.214    0.0118      Fe 2                3455.11A    -4.872    0.0026      Ni 2                7612.72A    -5.244    0.0011
He 2                2306.18A    -4.370    0.0082      Fe 2                3452.31A    -4.590    0.0049      Ni 2                4033.04A    -4.844    0.0028
He 2                2252.67A    -4.508    0.0060      Fe 2                3440.99A    -4.497    0.0061      Ni 2                4294.09A    -4.965    0.0021
He 2                2214.65A    -4.458    0.0067      Fe 2                2362.02A    -5.231    0.0011      Ni 2                6813.57A    -4.987    0.0020
He 2                2186.59A    -4.551    0.0054      Fe 2                35.7675m    -3.985    0.0199      Ni 2                3993.06A    -4.402    0.0076
He 2                2165.23A    -4.637    0.0044      Fe 2                1.95361m    -3.455    0.0676      Ni 2                4248.80A    -4.877    0.0026
He 2                2148.58A    -4.715    0.0037      Fe 2                1.80002m    -3.228    0.1137      Ni 2                6365.10A    -4.876    0.0026
He 2                2135.34A    -4.788    0.0031      Fe 2                1.71113m    -3.861    0.0265      Ni 2                3438.88A    -4.707    0.0038
He 2                2124.61A    -4.856    0.0027      Fe 2                1.66377m    -3.475    0.0645      Ni 2                3626.89A    -5.015    0.0019
He 2                2115.81A    -4.918    0.0023      Fe 2                9399.04A    -3.372    0.0816      O  4                25.8863m    -3.890    0.0248
He 2                2108.49A    -4.975    0.0020      Fe 2                9226.63A    -3.390    0.0784      S  4                10.5076m    -3.979    0.0202
He 2                2102.33A    -5.028    0.0018      Fe 2                9033.49A    -4.058    0.0168      level 1 lines...................................
He 2                2097.10A    -5.074    0.0016      Fe 2                7388.17A    -3.598    0.0485      recombination...................................
He 2                2092.63A    -5.112    0.0015      Fe 2                6440.41A    -4.264    0.0105      level2 lines....................................
He 2                1.01235m    -3.833    0.0283      Fe 2                5654.87A    -4.590    0.0049      C  1                943.939A    -5.075    0.0016
He 2                6560.01A    -4.074    0.0162      Fe 2                5556.31A    -4.635    0.0045      C  1                1247.50A    -5.115    0.0015
He 2                5411.45A    -4.291    0.0099      Fe 2                5412.67A    -4.485    0.0063      C  1                1314.77A    -5.153    0.0014
He 2                4859.26A    -4.476    0.0064      Fe 2                5333.66A    -3.530    0.0568      C  1                1165.98A    -5.242    0.0011
He 2                4541.54A    -4.636    0.0044      Fe 2                5296.84A    -4.745    0.0035      C  1                1233.29A    -5.262    0.0011
He 2                4338.62A    -4.777    0.0032      Fe 2                5268.89A    -4.452    0.0068      N  1                942.258A    -5.027    0.0018
He 2                4199.78A    -4.828    0.0029      Fe 2                5107.96A    -5.062    0.0017      O  1                976.791A    -4.920    0.0023
He 2                4099.99A    -4.920    0.0023      Fe 2                5049.30A    -3.890    0.0248      O  1                969.049A    -4.978    0.0020
He 2                4025.55A    -5.005    0.0019      Fe 2                5005.52A    -3.962    0.0210      O  1                946.387A    -5.017    0.0018
He 2                3968.39A    -5.083    0.0016      Fe 2                4973.40A    -4.258    0.0106      O  1                934.501A    -5.049    0.0017
He 2                3923.44A    -5.156    0.0013      Fe 2                4950.76A    -4.506    0.0060      O  1                973.577A    -5.064    0.0017
He 2                3887.40A    -5.223    0.0012      Fe 2                4352.79A    -4.061    0.0167      O  1                927.472A    -5.079    0.0016
He 2                1.86365m    -4.332    0.0090      Fe 2                4319.62A    -4.229    0.0113      O  1                948.506A    -5.117    0.0015
He 2                1.16262m    -4.512    0.0059      Fe 2                4305.90A    -4.829    0.0029      O  1                922.969A    -5.113    0.0015
He 2                9344.80A    -4.691    0.0039      Fe 2                3504.51A    -5.175    0.0013      O  1                919.912A    -5.147    0.0014
He 2                8236.67A    -4.850    0.0027      Fe 2                3504.02A    -5.059    0.0017      O  1                935.672A    -5.173    0.0013
He 2                7592.65A    -4.991    0.0020      Fe 2                3501.63A    -4.625    0.0046      O  1                917.726A    -5.183    0.0013
He 2                7177.41A    -5.117    0.0015      Fe 2                2.06648m    -4.848    0.0027      O  1                918.704A    -5.213    0.0012
He 2                6890.80A    -5.208    0.0012      Fe 2                1.89541m    -3.964    0.0209      O  1                928.186A    -5.234    0.0011
He 2                3.09080m    -4.759    0.0034      Fe 2                1.79711m    -3.515    0.0588      O  1                917.473A    -5.254    0.0011
He 2                1.87431m    -4.895    0.0025      Fe 2                1.74494m    -3.797    0.0307      Si 2                1179.59A    -4.623    0.0046
He 2                1.47602m    -5.043    0.0017      Fe 2                9652.70A    -4.221    0.0116      Si 2                993.354A    -5.042    0.0017
He 2                1.28127m    -5.180    0.0013      Fe 2                9470.94A    -3.780    0.0319      Si 2                1024.03A    -5.223    0.0012
He 2                4.76213m    -5.132    0.0014      Fe 2                9267.56A    -3.754    0.0339      P  2                963.828A    -5.243    0.0011
He 2                2.82519m    -5.235    0.0011      Fe 2                6558.51A    -4.478    0.0064      Ti 2                3364.74A    -3.977    0.0203
He-like iso-sequence............................      Fe 2                5745.71A    -4.961    0.0021      Ti 2                3237.15A    -4.219    0.0116
He 1                1.08291m    -3.850    0.0271      Fe 2                5495.84A    -4.761    0.0033      Cr 2                2059.78A    -4.566    0.0052
He 1                1.08302m    -3.251    0.1079      Fe 2                5376.47A    -3.856    0.0268      Ni 2                1751.83A    -5.117    0.0015
He 1                1.08303m    -2.931    0.2254      Fe 2                5347.66A    -4.957    0.0021      Ni 2                1744.24A    -4.990    0.0020
Blnd                1.08302m    -2.727    0.3604      Fe 2                5181.96A    -4.908    0.0024      hyperfine structure.............................
He 1                3888.64A    -3.267    0.1039      Fe 2                5076.57A    -4.566    0.0052      inner shell.....................................
He 1                3187.74A    -3.667    0.0414      Fe 2                5043.53A    -4.465    0.0066      molecules.......................................
He 1                2945.10A    -3.982    0.0200      Fe 2                5020.24A    -4.483    0.0063      bands...........................................
He 1                2829.08A    -4.238    0.0111      Fe 2                4372.43A    -4.504    0.0060      Fe 2b               2500.00A    -2.243    1.0993
He 1                2760.44A    -4.809    0.0030      Fe 2                4358.37A    -4.511    0.0059      Fe 2b               5000.00A    -2.063    1.6658
He 1                2721.00A    -4.956    0.0021      Fe 2                3539.19A    -4.879    0.0025      Fe 2b               7000.00A    -2.450    0.6827
He 1                2694.61A    -5.087    0.0016      Fe 2                3538.69A    -5.200    0.0012      Fe 2b               10000.0A    -1.609    4.7332
He 1                2676.05A    -5.207    0.0012      Fe 2                5163.96A    -4.534    0.0056      Fe 2b               2355.00A    -2.779    0.3201
He 1                2.05813m    -4.078    0.0161      Fe 2                3277.35A    -4.681    0.0040      Fe 2b               2430.00A    -2.275    1.0215
He 1                5015.68A    -3.892    0.0247      Fe 2                2926.59A    -4.681    0.0040      Fe 2b               2445.00A    -2.275    1.0215
He 1                3964.73A    -4.282    0.0101      Fe 2                2755.74A    -3.858    0.0266      Fe 2b               2495.00A    -3.201    0.1210
He 1                3613.64A    -4.586    0.0050      Fe 2                2739.55A    -4.016    0.0185      Fe 2b               2610.00A    -2.520    0.5803
He 1                3447.59A    -4.836    0.0028      Fe 2                2716.70A    -4.902    0.0024      Fe 2b               2695.00A    -4.902    0.0024
He 1                7065.71A    -4.795    0.0031      Fe 2                1.00287m    -4.639    0.0044      Fe 2b               2758.00A    -3.438    0.0701
He 1                7065.21A    -4.318    0.0093      Fe 2                5746.98A    -4.836    0.0028      Fe 2b               2780.00A    -3.420    0.0732
He 1                7065.18A    -4.096    0.0154      Fe 2                5283.12A    -5.142    0.0014      Fe 2b               2935.00A    -4.566    0.0052
Blnd                7065.25A    -3.841    0.0278      Fe 2                2772.73A    -4.061    0.0167      Fe 2b               2960.00A    -4.618    0.0046
He 1                5875.98A    -4.195    0.0123      Fe 2                2749.32A    -4.856    0.0027      Fe 2b               3180.00A    -4.309    0.0094
He 1                5875.64A    -3.718    0.0368      Fe 2                2.04602m    -4.584    0.0050      Fe 2b               3250.00A    -3.793    0.0310
He 1                5875.61A    -3.496    0.0614      Fe 2                1.41956m    -5.003    0.0019      Fe 2b               3590.00A    -3.848    0.0273
Blnd                5875.66A    -3.241    0.1104      Fe 2                5580.82A    -5.072    0.0016      Fe 2b               3910.00A    -5.102    0.0015
He 1                4713.16A    -5.105    0.0015      Fe 2                5551.32A    -4.811    0.0030      Fe 2b               4255.00A    -2.570    0.5177
He 1                4713.14A    -4.884    0.0025      Fe 2                2.13278m    -4.839    0.0028      Fe 2b               4558.00A    -3.312    0.0939
Blnd                4713.17A    -4.628    0.0045      Fe 2                5613.27A    -5.027    0.0018      Fe 2b               4600.00A    -3.271    0.1030
He 1                4471.69A    -4.616    0.0047      Fe 2                2.24366m    -5.177    0.0013      Fe 2b               4743.00A    -3.917    0.0233
He 1                4471.49A    -4.138    0.0140      Fe 2                2.00672m    -4.614    0.0047      Fe 2b               4855.00A    -3.351    0.0856
He 1                4471.47A    -3.917    0.0233      Fe 2                2.22379m    -3.761    0.0334      Fe 2b               4920.00A    -2.837    0.2800
Blnd                4471.50A    -3.661    0.0420      Fe 2                2.01513m    -4.404    0.0076      Fe 2b               4975.00A    -3.364    0.0833
Blnd                4120.84A    -5.066    0.0017      Fe 2                9682.08A    -4.433    0.0071      Fe 2b               4971.00A    -3.399    0.0767
He 1                4026.36A    -4.933    0.0022      Fe 2                8715.81A    -4.983    0.0020      Fe 2b               5070.00A    -3.291    0.0984
He 1                4026.20A    -4.456    0.0067      Fe 2                6873.84A    -4.762    0.0033      Fe 2b               5143.00A    -2.731    0.3577
He 1                4026.19A    -4.234    0.0112      Fe 2                6188.55A    -4.749    0.0034      Fe 2b               5270.00A    -2.446    0.6888
Blnd                4026.21A    -3.979    0.0202      Fe 2                2.25348m    -4.921    0.0023      Fe 2b               5318.00A    -2.764    0.3310
He 1                3819.76A    -5.190    0.0012      Fe 2                1.00139m    -5.225    0.0011      Fe 2b               5540.00A    -3.501    0.0607
He 1                3819.61A    -4.713    0.0037      Fe 2                1.71482m    -5.041    0.0018      Fe 2b               5865.00A    -4.135    0.0141
He 1                3819.60A    -4.491    0.0062      Fe 2                5169.03A    -4.857    0.0027      Fe 2b               6265.00A    -4.486    0.0063
Blnd                3819.62A    -4.236    0.0112      Fe 3                22.9190m    -2.668    0.4130      Fe 2b               6565.00A    -4.029    0.0180
He 1                3704.90A    -5.128    0.0014      Fe 3                4985.87A    -3.923    0.0230      Fe 2b               6910.00A    -4.227    0.0114
He 1                3704.76A    -4.651    0.0043      Fe 3                4924.54A    -4.278    0.0101      Fe 2b               7445.00A    -2.473    0.6469
He 1                3704.75A    -4.429    0.0072      Fe 3                4881.00A    -3.220    0.1160      Fe 2b               8625.00A    -2.469    0.6540
Blnd                3704.77A    -4.173    0.0129      Fe 3                4658.05A    -2.799    0.3057      Fe 2b               1.03250m    -3.484    0.0632
He 1                3634.08A    -4.812    0.0030      Fe 3                4607.03A    -4.056    0.0169      Fe 2b               1.88900m    -2.334    0.8913
He 1                3634.07A    -4.590    0.0049      Fe 3                4070.71A    -4.990    0.0020      Fe 2b               2.20000m    -3.684    0.0398
Blnd                3634.09A    -4.335    0.0089      Fe 3                4008.35A    -3.948    0.0217      miscellaneous...................................
He 1                3587.16A    -4.954    0.0021      Fe 3                3322.54A    -3.811    0.0297      C 1R                1656.00A    -5.060    0.0017
He 1                3587.15A    -4.732    0.0036      Fe 3                3239.74A    -3.877    0.0255      C 2R                1335.00A    -3.381    0.0800
Blnd                3587.17A    -4.476    0.0064      Fe 3                2438.29A    -4.335    0.0089      N 2R                1085.00A    -5.084    0.0016
He 1                3554.34A    -5.080    0.0016      Fe 3                1576.66A    -5.168    0.0013      O 2R                3729.00A    -5.203    0.0012
He 1                3554.33A    -4.858    0.0027      Fe 3                33.0270m    -3.225    0.1147      Blnd                1400.00A    -5.102    0.0015
Blnd                3554.35A    -4.603    0.0048      Fe 3                5270.40A    -3.044    0.1739      Blnd                1650.00A    -2.343    0.8723
He 1                3530.43A    -5.195    0.0012      Fe 3                5032.68A    -5.084    0.0016      Blnd                1304.00A    -4.331    0.0090
He 1                3530.43A    -4.973    0.0020      Fe 3                4987.21A    -3.961    0.0211      Blnd                1039.00A    -4.923    0.0023
Blnd                3530.44A    -4.718    0.0037      Fe 3                4754.69A    -3.525    0.0575      Blnd                2798.00A    -1.977    2.0304
He 1                3512.46A    -5.078    0.0016      Fe 3                4701.54A    -3.344    0.0872      Blnd                6720.00A    -1.869    2.6000
Blnd                3512.48A    -4.822    0.0029      Fe 3                4667.01A    -4.358    0.0084      Blnd                4074.00A    -2.891    0.2475
He 1                3498.60A    -5.174    0.0013      Fe 3                4079.70A    -4.507    0.0060      Blnd                1.03300m    -2.999    0.1926
Blnd                3498.62A    -4.918    0.0023      Fe 3                4046.42A    -4.909    0.0024      Blnd                1256.00A    -4.803    0.0030
He 1                3487.69A    -5.262    0.0011      Fe 3                3371.41A    -3.945    0.0219      Blnd                1198.00A    -5.153    0.0014
Blnd                3487.70A    -5.007    0.0019      Fe 3                3301.56A    -5.010    0.0019      Blnd                1720.00A    -4.974    0.0020
Blnd                3478.95A    -5.089    0.0016      Fe 3                3286.19A    -4.393    0.0078      Blnd                3722.00A    -4.346    0.0087
Blnd                3471.81A    -5.165    0.0013      Fe 3                2464.51A    -4.478    0.0064      Blnd                2665.00A    -3.249    0.1085
Blnd                3465.92A    -5.237    0.0011      Fe 3                51.6655m    -3.902    0.0241      Blnd                1860.00A    -4.343    0.0087
He 1                3439.99A    -5.219    0.0012      Fe 3                5011.26A    -3.696    0.0387      Blnd                2335.00A    -2.956    0.2129
He 1                3439.98A    -4.997    0.0019      Fe 3                4769.43A    -3.811    0.0297      Blnd                1888.00A    -3.628    0.0453
Blnd                3440.00A    -4.742    0.0035      Fe 3                4733.91A    -3.817    0.0293      Blnd                1397.00A    -5.105    0.0015
He 1                7281.35A    -4.474    0.0065      Fe 3                3406.18A    -4.308    0.0095      Blnd                3350.00A    -5.215    0.0012
He 1                6678.15A    -3.800    0.0305      Fe 3                3334.90A    -4.388    0.0079      Blnd                5525.00A    -4.078    0.0161
He 1                5047.74A    -5.068    0.0016      Fe 3                3319.22A    -4.560    0.0053      Blnd                8579.00A    -3.045    0.1734
He 1                4921.93A    -4.232    0.0113      Fe 3                2483.05A    -4.648    0.0043      Blnd                7306.00A    -2.231    1.1308
He 1                4387.93A    -4.552    0.0054      Fe 3                105.345m    -5.078    0.0016      Blnd                3933.00A    -3.135    0.1409
He 1                4143.76A    -4.810    0.0030      Fe 3                5411.98A    -4.100    0.0153      Blnd                1657.00A    -4.534    0.0056
He 1                4009.05A    -4.810    0.0030      Fe 3                4930.54A    -4.344    0.0087      Blnd                9850.00A    -3.294    0.0979
He 1                3926.41A    -4.974    0.0020      Fe 3                4777.68A    -4.137    0.0140      Blnd                2326.00A    -2.518    0.5837
He 1                3871.69A    -5.117    0.0015      Fe 3                3428.79A    -4.967    0.0021      Blnd                1335.00A    -3.911    0.0236
He 1                3833.48A    -5.244    0.0011      Fe 3                3356.57A    -4.468    0.0065      Blnd                1909.00A    -3.012    0.1871
He 1                4.29471m    -5.135    0.0014      Fe 3                3355.48A    -4.719    0.0037      Blnd                1549.00A    -5.013    0.0019
He 1                1.25275m    -5.110    0.0015      Fe 3                2495.04A    -4.886    0.0025      Blnd                3467.00A    -4.993    0.0020
He 1                9463.58A    -5.212    0.0012      Fe 3                5084.77A    -4.472    0.0065      Blnd                5199.00A    -3.194    0.1230
He 1                1.70025m    -4.812    0.0030      Fe 3                3366.21A    -4.782    0.0032      Blnd                1.04030m    -4.241    0.0111
He 1                1.19691m    -4.975    0.0020      Fe 3                8838.21A    -5.110    0.0015      Blnd                1085.00A    -4.373    0.0081
He 1                1.03113m    -5.176    0.0013      Fe 3                8728.94A    -4.974    0.0020      Blnd                2141.00A    -3.750    0.0342
He 1                9515.00A    -5.060    0.0017      Fe 3                40.0371m    -4.801    0.0030      Blnd                1750.00A    -4.929    0.0023
He 1                9062.34A    -5.206    0.0012      Fe 3                2.21782m    -3.916    0.0233      Blnd                990.000A    -4.808    0.0030
He 1                1.86854m    -4.189    0.0124      Fe 3                9701.27A    -4.199    0.0122      Blnd                6300.00A    -2.461    0.6661
He 1                1.27849m    -4.521    0.0058      Fe 3                3307.57A    -5.277    0.0010      Blnd                2471.00A    -3.071    0.1635
He 1                1.09130m    -4.789    0.0031      Fe 3                2.34788m    -4.095    0.0155      Blnd                7323.00A    -3.239    0.1108
He 1                1.00275m    -4.990    0.0020      Fe 3                9942.18A    -4.393    0.0078      Blnd                7332.00A    -3.327    0.0907
He 1                9526.01A    -5.160    0.0013      Fe 3                9444.21A    -4.929    0.0023      Blnd                3727.00A    -1.514    5.8867
He 1                1.86972m    -4.669    0.0041      Fe 3                2.24204m    -4.637    0.0044      Blnd                7325.00A    -2.980    0.2015
He 1                1.27905m    -5.000    0.0019      Fe 3                2.14511m    -4.870    0.0026      Blnd                1666.00A    -4.564    0.0052
He 1                1.09171m    -5.268    0.0010      Fe 3                3.22847m    -4.442    0.0070      Blnd                5007.00A    -1.980    2.0156



 AGN log nH=3.22 log U=-3.67  
 Cooling:  H  1c                     0  :0.059 Fe 2c                     0  :0.245 O  2c                     0  :0.129 O  3c                     0  :0.051 S  2c                     0  :0.062 N  2c                     0  :0.071  
 Heating:  BFH1                      0  :0.734 BFHe                      0  :0.224  

 These are some of the most important databases used by Cloudy:
 Many recombination coefficients were taken from http://amdpp.phys.strath.ac.uk/tamoc/RR/ and http://amdpp.phys.strath.ac.uk/tamoc/DR/
      and are based on the following papers:
        Badnell N. R., et al., A&A 406, 1151 (2003) [http://adsabs.harvard.edu/abs/2003A%26A...406.1151B]
        Badnell N. R., ApJS 167, 334 (2006) [http://adsabs.harvard.edu/abs/2006ApJS..167..334B]
 Much of the molecular emission data is from LAMDA as accessed on June 30, 2015. This database is described in:
        Schoeier F.L., et al., A&A 432, 369 (2005) [http://adsabs.harvard.edu/abs/2005A%26A...432..369S]
      This database is in part based on the work of the following groups:
        JPL: Pickett H. M. et al., JQSRT, 60, 883 (1998). [http://adsabs.harvard.edu/abs/1998JQSRT..60..883P]
        CDMS: Mueller H. S. et al., A&A 370, L49 (2001). [http://adsabs.harvard.edu/abs/2001A%26A...370L..49M]
              Mueller H. S. et al., J. Mol. Struct. 742, 215 (2005). [http://adsabs.harvard.edu/abs/2005JMoSt.742..215M]
 Some of the ionic emission data is from a reprocessed version of 10.1 of CHIANTI. CHIANTI is a collaborative project involving the NRL (USA), the
      Universities of Florence (Italy) and Cambridge (UK), and George Mason University (USA). These papers describe Chianti:
        Dere K. P., et al., A&AS, 125, 149 (1997) [http://adsabs.harvard.edu/abs/1997A%26AS..125..149D]
        Dere, K. P., et al., APJ, 268, 52 (2023) [https://ui.adsabs.harvard.edu/abs/2023ApJS..268...52D]
      This paper describes the reprocessed version of Chianti used:
        Gunasekera, C. M., et al., Astronomy, 1, 255. (2022) [https://ui.adsabs.harvard.edu/abs/2022Astro...1..255G]
 Much of the H_2 data is from this web site: http://molat.obspm.fr/index.php?page=pages/Molecules/H2/H2can94.php. These data are
      described in:
        Abgrall H. et al., Can. J. Phys., 72, 856 (1994) [http://adsabs.harvard.edu/abs/1994CaJPh..72..856A]
        Wrathmall S. A. & Flower D. R., J. Phys. B, 40, 3221 (2007) [http://adsabs.harvard.edu/abs/2007JPhB...40.3221W]
 The Case A and Case B recombination predictions for one-electron systems are from
	Storey, P.J. & Hummer, D.G., 1995, MNRAS 272, 41 http://adsabs.harvard.edu/abs/1995MNRAS.272...41S
 The He I recombination predictions are from
	Porter, R. L.; Ferland, G. J.; Storey, P. J.; Detisch, M. J., 2012, MNRAS, 425, 28p http://adsabs.harvard.edu/abs/2012MNRAS.425L..28P
		http://adsabs.harvard.edu/abs/2013MNRAS.433L..89P

 If you find some process or data set to be particularly critical to a result, please follow the trail of references back to the
 original source and cite that.  This will support and encourage atomic, molecular, and chemical physicists to continue their
 valuable work.

 IONIZE PARMET:  U(1-) -3.6667  U(4-): -4.6075  U(sp): -3.67  Q(ion):    8.042  L(ion) -0.737    Q(low): 12.216    L(low)  0.048
 ENERGY BUDGET:  Heat:  -0.599  Coolg:  -0.599  Error:  0.0%  Rec Lin:  -1.106  F-F  H  0.000    P(rad/tot)max     2.38E-03    R(F Con):1.737e+05

     Col(Heff):      4.300E+19  snd travl time  4.02E+10 sec  Te-low: 3.97E+03  Te-hi: 9.61E+03  G0TH85: 9.57E+01  G0DB96:1.03E+02
  Emiss Measure    n(e)n(p) dl       3.841E+22  n(e)n(He+)dl         3.331E+21  En(e)n(He++) dl         4.574E+20  ne nC+:8.38E+18
 He/Ha:9.06E-02  =   1.06*true  Lthin:2.67E+02  itr/zn: 7.52  H2 itr/zn:  0.00  File Opacity: F  MassTot 1.28e-04  (gm/cm^2)
   Temps(21 cm)   T(21cm/Ly a)  4.48E+03        T(<nH/Tkin>)  6.53E+03          T(<nH/Tspin>)    4.83E+03          TB21cm:8.69E-01
                   N(H0/Tspin)  6.00E+15        N(OH/Tkin)    3.78E+05          B(21cm)          0.00E+00
   <a>:1.63E-07  erdeFe7.8E+23  Tcompt1.14E+09  Tthr3.65E+09  <Tden>: 7.96E+03  <dens>:3.79E-21  <MolWgt>8.86E-01
     Mean Jeans  l(cm)8.35E+19  M(sun)5.81E+05  smallest:     len(cm):5.90E+19  M(sun):2.05E+05  a_ox tran: -1.41
 Rion:1.000E+30  Dist:0.00E+00  Diam:0.000E+00
 Hatom level 70  HatomType: add  HInducImp  F  He tot level: 63  He2 level:   70  ExecTime   176.6
 ConvrgError(%)  <eden>  0.078  MaxEden  0.326  <H-C>   0.09  Max(H-C)    0.43  <Press>   0.000  MaxPrs er  0.000
  Continuity(%)  chng Te   1.7  elec den   4.4  n(H2)    0.0  n(CO)        0.0

                                                        Averaged Quantities
             Te      Te(Ne)   Te(NeNp)  Te(NeHe+)Te(NeHe2+) Te(NeO+)  Te(NeO2+)  Te(H2)     N(H)     Ne(O2+)   Ne(Np)
 Radius:  7.96e+03  8.92e+03  9.13e+03  9.08e+03  9.08e+03  9.15e+03  9.02e+03  4.58e+03  1.67e+03  1.73e+03  1.40e+03
 
 Peimbert T(OIIIr)8.36E+03 T(Bac)8.81E+03 T(Hth)8.67E+03 t2(Hstrc) 2.05e-03 T(O3-BAC)8.58E+03 t2(O3-BC)-6.51e-03 t2(O3str) 5.28e-04

 Contin Optical Depths: COMP: 2.06e-05    H-: 5.20e-05 R(1300): 1.95e-04  H2+: 9.21e-07  Bra:2.06E-05
                          Pa: 2.06e-05    Ba: 6.83e-05      Hb: 5.73e-05   La: 4.80e-01     1r:1.842E+02  1.8:4.81E+01 4.:1.108E+01

 Old, new H  1 continuum optical depths:
     1 1.84e+02     2 2.68e-05     3 5.26e-05     4 5.26e-05     5 5.26e-05     6 1.35e-05     7 1.35e-05     8 1.35e-05
     9 1.35e-05    10 1.00e-13    11 1.00e-13    12 1.00e-13    13 1.00e-13    14 1.00e-13    15 2.35e-13    16 2.35e-13
    17 2.35e-13    18 2.35e-13    19 2.35e-13    20 2.35e-13    21 4.87e-13    22 4.87e-13    23 4.87e-13    24 4.87e-13
    25 4.87e-13    26 4.87e-13    27 4.87e-13    28 9.27e-13    29 9.27e-13    30 9.27e-13    31 9.27e-13    32 9.27e-13
    33 9.27e-13    34 9.27e-13    35 9.27e-13    36 1.65e-12    37 1.65e-12    38 1.65e-12    39 1.65e-12    40 1.65e-12
    41 1.65e-12    42 1.65e-12    43 1.65e-12    44 1.65e-12    45 2.78e-12    46 2.78e-12    47 2.78e-12    48 2.78e-12
    49 2.78e-12    50 2.78e-12    51 2.78e-12    52 2.78e-12    53 2.78e-12    54 2.78e-12
     1 1.84e+02     2 2.68e-05     3 5.26e-05     4 5.26e-05     5 5.26e-05     6 1.35e-05     7 1.35e-05     8 1.35e-05
     9 1.35e-05    10 1.00e-13    11 1.00e-13    12 1.00e-13    13 1.00e-13    14 1.00e-13    15 2.35e-13    16 2.35e-13
    17 2.35e-13    18 2.35e-13    19 2.35e-13    20 2.35e-13    21 4.87e-13    22 4.87e-13    23 4.87e-13    24 4.87e-13
    25 4.87e-13    26 4.87e-13    27 4.87e-13    28 9.27e-13    29 9.27e-13    30 9.27e-13    31 9.27e-13    32 9.27e-13
    33 9.27e-13    34 9.27e-13    35 9.27e-13    36 1.65e-12    37 1.65e-12    38 1.65e-12    39 1.65e-12    40 1.65e-12
    41 1.65e-12    42 1.65e-12    43 1.65e-12    44 1.65e-12    45 2.78e-12    46 2.78e-12    47 2.78e-12    48 2.78e-12
    49 2.78e-12    50 2.78e-12    51 2.78e-12    52 2.78e-12    53 2.78e-12    54 2.78e-12

 Old, new H  1 mean line optical depths:
  2- 1 3.72e+06  3- 2 2.41e-04  4- 3 2.28e-10  5- 4 8.00e-11  6- 5-6.15e-11  7- 6-1.54e-10  8- 7-7.10e-11
  9- 8 3.02e-10 10- 9 1.01e-09 11-10 2.25e-08 12-11-9.66e-09 13-12-1.56e-08 14-13-2.50e-08 15-14-3.93e-08 16-15-6.15e-08
 17-16-9.69e-08 18-17-1.54e-07 19-18-2.58e-07 20-19-4.44e-07 21-20-8.15e-07 22-21-1.64e-06 23-22-3.84e-06 24-23-1.23e-05
 25-24-4.22e-04
  2- 1 3.72e+06  3- 2 2.41e-04  4- 3 2.28e-10  5- 4 8.00e-11  6- 5-6.15e-11  7- 6-1.54e-10  8- 7-7.10e-11
  9- 8 3.02e-10 10- 9 1.01e-09 11-10 2.25e-08 12-11-9.66e-09 13-12-1.56e-08 14-13-2.50e-08 15-14-3.93e-08 16-15-6.15e-08
 17-16-9.69e-08 18-17-1.54e-07 19-18-2.58e-07 20-19-4.44e-07 21-20-8.15e-07 22-21-1.64e-06 23-22-3.84e-06 24-23-1.23e-05
 25-24-4.22e-04

 Old, new He 2 continuum optical depths:
     1 1.11e+01     2 1.83e+02     3 3.35e-05     4 3.35e-05     5 3.35e-05     6 2.68e-05     7 2.68e-05     8 2.68e-05
     9 2.68e-05    10 4.26e-05    11 4.26e-05    12 4.26e-05    13 4.26e-05    14 4.26e-05    15 5.26e-05    16 5.26e-05
    17 5.26e-05    18 5.26e-05    19 5.26e-05    20 5.26e-05    21 4.41e-05    22 4.41e-05    23 4.41e-05    24 4.41e-05
    25 4.41e-05    26 4.41e-05    27 4.41e-05    28 1.35e-05    29 1.35e-05    30 1.35e-05    31 1.35e-05    32 1.35e-05
    33 1.35e-05    34 1.35e-05    35 1.35e-05    36 5.73e-14    37 5.73e-14    38 5.73e-14    39 5.73e-14    40 5.73e-14
    41 5.73e-14    42 5.73e-14    43 5.73e-14    44 5.73e-14    45 1.00e-13    46 1.00e-13    47 1.00e-13    48 1.00e-13
    49 1.00e-13    50 1.00e-13    51 1.00e-13    52 1.00e-13    53 1.00e-13    54 1.00e-13
     1 1.11e+01     2 1.83e+02     3 3.35e-05     4 3.35e-05     5 3.35e-05     6 2.68e-05     7 2.68e-05     8 2.68e-05
     9 2.68e-05    10 4.26e-05    11 4.26e-05    12 4.26e-05    13 4.26e-05    14 4.26e-05    15 5.26e-05    16 5.26e-05
    17 5.26e-05    18 5.26e-05    19 5.26e-05    20 5.26e-05    21 4.41e-05    22 4.41e-05    23 4.41e-05    24 4.41e-05
    25 4.41e-05    26 4.41e-05    27 4.41e-05    28 1.35e-05    29 1.35e-05    30 1.35e-05    31 1.35e-05    32 1.35e-05
    33 1.35e-05    34 1.35e-05    35 1.35e-05    36 5.73e-14    37 5.73e-14    38 5.73e-14    39 5.73e-14    40 5.73e-14
    41 5.73e-14    42 5.73e-14    43 5.73e-14    44 5.73e-14    45 1.00e-13    46 1.00e-13    47 1.00e-13    48 1.00e-13
    49 1.00e-13    50 1.00e-13    51 1.00e-13    52 1.00e-13    53 1.00e-13    54 1.00e-13

 Old, new He 2 mean line optical depths:
  2- 1 1.61e+05  3- 2 1.27e-07  4- 3 2.64e-13  5- 4-5.12e-13  6- 5-1.55e-12  7- 6-2.66e-12  8- 7-2.83e-12
  9- 8-1.32e-12 10- 9 2.15e-12 11-10 1.37e-10 12-11-6.35e-11 13-12-1.02e-10 14-13-1.60e-10 15-14-2.45e-10 16-15-3.71e-10
 17-16-5.61e-10 18-17-8.58e-10 19-18-1.34e-09 20-19-2.20e-09 21-20-3.82e-09 22-21-7.32e-09 23-22-1.64e-08 24-23-4.97e-08
 25-24-1.73e-06
  2- 1 1.61e+05  3- 2 1.27e-07  4- 3 2.64e-13  5- 4-5.12e-13  6- 5-1.55e-12  7- 6-2.66e-12  8- 7-2.83e-12
  9- 8-1.32e-12 10- 9 2.15e-12 11-10 1.37e-10 12-11-6.35e-11 13-12-1.02e-10 14-13-1.60e-10 15-14-2.45e-10 16-15-3.71e-10
 17-16-5.61e-10 18-17-8.58e-10 19-18-1.34e-09 20-19-2.20e-09 21-20-3.82e-09 22-21-7.32e-09 23-22-1.64e-08 24-23-4.97e-08
 25-24-1.73e-06

 Old He Is optical depths:    1 4.81e+01    2 4.16e-05    3 2.22e-05    4 2.48e-05    5 2.48e-05
 New He Is optical depths:    1 4.81e+01    2 4.15e-05    3 2.22e-05    4 2.48e-05    5 2.48e-05
          Old He Is Lines:  584 1.37e+05 3889 4.78e-01 5016 2.08e-06 5876 1.05e-09
          New He Is Lines:  584 1.37e+05 3889 4.78e-01 5016 2.08e-06 5876 1.06e-09

==== H      compounds ====           Log10 column densities [cm^-2]
   H2        : 12.174   H2*       : 11.615   H2+       : 11.119   H3+       :  5.120
==== He     compounds ====
   HeH+      : 11.554
==== Li     compounds ====
   LiH       : -1.030   LiH+      : -0.675
==== C      compounds ====
   CH        :  7.030   CH+       :  7.351   CH2       : -0.069   CH2+      :  0.544   CH3       : -6.976   CH3+      : -7.134
   CH4       :-13.947   CH4+      :-15.833   CH5+      :-21.236   C2        :  0.698   C2+       :  2.110   C2H       : -6.093
   C2H+      : -4.957   C2H2      :-14.092   C2H2+     :-11.407   C2H3+     :-18.466   C3        :-16.774   C3+       :-10.548
   C3H       :-20.338   C3H+      :-17.480
==== N      compounds ====
   NH        :  8.278   NH+       :  7.681   NH2       :  0.376   NH2+      :  0.005   NH3       : -6.480   NH3+      : -7.823
   NH4+      :-18.185   CN        :  4.232   CN+       :  3.665   HCN       : -2.667   HCN+      : -3.295   HNC       : -4.842
   HCNH+     :-10.897   HC3N      :-27.845   N2        :  4.257   N2+       :  3.546   N2H+      :-10.011
==== O      compounds ====
   OH        :  9.296   OH+       :  8.734   H2O       :  1.796   H2O+      :  1.143   H3O+      : -6.454   CO        :  7.126
   CO+       :  5.175   HCO+      : -1.213   H2CO      :-10.921   NO        :  4.576   NO+       :  3.425   HNO       : -2.783
   HNO+      : -4.276   OCN       : -6.304   OCN+      : -5.546   N2O       : -7.191   O2        :  4.960   O2+       :  4.888
   NO2       : -7.758   NO2+      : -7.478
==== F      compounds ====
   HF        :  5.126   HF+       :  3.466   H2F+      : -4.207   CF+       :  2.126
==== Ne     compounds ====
   NeH+      :  6.013
==== Si     compounds ====
   SiH       : -0.922   SiH2      :-35.930   SiH2+     : -1.873   SiC       :-35.930   SiC+      :  6.458   SiCH2+    :-35.930
   SiC2      :-35.930   SiC2+     :-12.265   SiN       : -5.360   SiN+      :  3.062   SiNC      :-35.930   SiNC+     :-11.405
   SiO       :  1.338   SiO+      :  3.940   SiOH+     : -3.850
==== P      compounds ====
   PH        : -4.339   PH+       : -5.129   PH2       :-20.961   PH2+      : -5.094   PH3       :-20.941   PH3+      :-21.887
   CP        : -4.372   CP+       : -5.762   HCP       :-35.930   HCP+      :-14.093   PN        : -4.601   PN+       : -6.959
   PO        : -1.157   PO+       :  1.107
==== S      compounds ====
   HS        :  4.153   HS+       :  5.587   CS        : -1.550   CS+       :  0.500   HCS+      : -6.105   NS        :  0.189
   NS+       :  2.433   SO        :  0.957   SO+       :  3.458   OCS       : -9.835   OCS+      :-11.358   SO2       :-35.930
   SiS       : -4.193   SiS+      : -6.436   HSiS      :-35.930   HSiS+     :-10.180   S2        : -8.240   S2+       : -9.545
==== Cl     compounds ====
   HCl       :  1.480   HCl+      :  4.827   H2Cl+     : -2.433   CCl       :-26.846   CCl+      : -3.449   H2CCl+    :-28.884
   ClO       :-31.133   ClO+      :-35.328
==== Ar     compounds ====
   ArH+      :  7.446


               1      2      3      4      5      6      7      8      9     10     11     12     13     14     15     16     17

 Hydrogen   19.463 19.437 12.280 (H2)                Log10 Column density (cm^-2)
 Helium     18.210 18.456 17.503
 Lithium     6.334  8.799  5.623  3.212
 Beryllium   8.074  8.899  8.643  6.564-30.000
 Boron       7.917 10.384  9.503  8.879  4.220-30.000
 Carbon     14.101 16.060 15.550 13.085 10.787-30.000-30.000
 Nitrogen   15.209 15.299 14.306 12.299  9.598-30.000-30.000-30.000
 Oxygen     16.170 16.046 15.228 13.116 10.824-30.000-30.000-30.000-30.000
 Fluorine   11.205 11.972 11.976  9.164  7.151-30.000-30.000-30.000-30.000-30.000
 Neon       14.290 15.244 15.454 12.829  9.868-30.000-30.000-30.000-30.000-30.000-30.000
 Sodium     11.300 13.533 13.803 11.440  9.496-30.000-30.000-30.000-30.000-30.000-30.000-30.000
 Magnesium  13.369 14.872 15.168 12.267  9.318-30.000-30.000-30.000-30.000-30.000-30.000-30.000-30.000
 Aluminium  10.621 13.972 13.407 13.598 10.790  7.005-30.000-30.000-30.000-30.000-30.000-30.000-30.000-30.000
 Silicon    12.471 15.232 14.043 12.843 10.898  7.631-30.000-30.000-30.000-30.000-30.000-30.000-30.000-30.000-30.000
 Phosphorus  9.741 13.106 12.222 10.756  8.676  7.147-30.000-30.000-30.000-30.000-30.000-30.000-30.000-30.000-30.000-30.000
 Sulphur    12.529 14.750 14.249 12.037 10.154  8.792-30.000-30.000-30.000-30.000-30.000-30.000-30.000-30.000-30.000-30.000-30.000
 Chlorine   10.300 13.144 12.584 10.473  8.264  6.835-30.000-30.000-30.000-30.000-30.000-30.000-30.000-30.000-30.000-30.000-30.000
-30.000
 Argon      13.371 13.621 13.881 11.354  9.247  7.889-30.000-30.000-30.000-30.000-30.000-30.000-30.000-30.000-30.000-30.000-30.000
-30.000-30.000
 Potassium   9.664 12.610 12.290  9.761  8.714  6.092-30.000-30.000-30.000-30.000-30.000-30.000-30.000-30.000-30.000-30.000-30.000
-30.000-30.000-30.000
 Calcium    11.120 13.586 13.917 12.338  9.827  7.774-30.000-30.000-30.000-30.000-30.000-30.000-30.000-30.000-30.000-30.000-30.000
-30.000-30.000-30.000-30.000
 Scandium    7.661 10.381 10.532 10.326  8.260  5.340  3.872-30.000-30.000-30.000-30.000-30.000-30.000-30.000-30.000-30.000-30.000
-30.000-30.000-30.000-30.000-30.000
 Titanium    8.637 12.474 12.252 11.385 10.198  6.810  5.598-30.000-30.000-30.000-30.000-30.000-30.000-30.000-30.000-30.000-30.000
-30.000-30.000-30.000-30.000-30.000-30.000
 Vanadium    9.359 11.366 11.375  9.798  9.339  6.450  4.459-30.000-30.000-30.000-30.000-30.000-30.000-30.000-30.000-30.000-30.000
-30.000-30.000-30.000-30.000-30.000-30.000-30.000
 Chromium   10.398 13.221 12.891 11.207 10.404  8.156  6.734-30.000-30.000-30.000-30.000-30.000-30.000-30.000-30.000-30.000-30.000
-30.000-30.000-30.000-30.000-30.000-30.000-30.000-30.000
 Manganese   9.269 13.024 12.651 10.946 10.370  8.391  6.685-30.000-30.000-30.000-30.000-30.000-30.000-30.000-30.000-30.000-30.000
-30.000-30.000-30.000-30.000-30.000-30.000-30.000-30.000-30.000
 Iron       11.236 15.144 14.545 13.560 11.883 10.344  8.495-30.000-30.000-30.000-30.000-30.000-30.000-30.000-30.000-30.000-30.000
-30.000-30.000-30.000-30.000-30.000-30.000-30.000-30.000-30.000-30.000
 Cobalt     11.021 12.691 11.638 10.721  9.945  7.677  6.265-30.000-30.000-30.000-30.000-30.000-30.000-30.000-30.000-30.000-30.000
-30.000-30.000-30.000-30.000-30.000-30.000-30.000-30.000-30.000-30.000-30.000
 Nickel     10.375 13.934 12.864 11.449 10.277  8.487  7.119-30.000-30.000-30.000-30.000-30.000-30.000-30.000-30.000-30.000-30.000
-30.000-30.000-30.000-30.000-30.000-30.000-30.000-30.000-30.000-30.000-30.000-30.000
 Copper      9.703 11.655 11.612  9.906  7.958  6.734  5.278-30.000-30.000-30.000-30.000-30.000-30.000-30.000-30.000-30.000-30.000
-30.000-30.000-30.000-30.000-30.000-30.000-30.000-30.000-30.000-30.000-30.000-30.000-30.000
 Zinc        9.745 11.452 11.995 11.826 10.997  8.302  6.531  5.349-30.000-30.000-30.000-30.000-30.000-30.000-30.000-30.000-30.000
-30.000-30.000-30.000-30.000-30.000-30.000-30.000-30.000-30.000-30.000-30.000-30.000-30.000-30.000
 Exc state                  He[2] 12.641                 C+[2] 15.865                  C[1] 13.143                  C[2] 13.622
                             C[3] 13.842                  O[1] 16.145                  O[2] 14.647                  O[3] 14.609
                           Si+[1] 15.052                C+2[2] 10.720                C+2[3]  5.532                C+2[4]  9.995


 Hydrogen   -0.288 -0.314 -7.171 (H2)                 Log10 Mean Ionisation (over radius)
 Helium     -0.471 -0.225 -1.178
 Lithium    -2.466 -0.002 -3.177 -5.589
 Beryllium  -1.057 -0.233 -0.489 -2.568
 Boron      -2.534 -0.067 -0.948 -1.572 -6.231
 Carbon     -2.080 -0.121 -0.631 -3.096 -5.394
 Nitrogen   -0.372 -0.282 -1.275 -3.282 -5.983
 Oxygen     -0.271 -0.395 -1.214 -3.325 -5.618
 Fluorine   -1.106 -0.339 -0.335 -3.147 -5.160
 Neon       -1.391 -0.437 -0.227 -2.852 -5.813
 Sodium     -2.692 -0.459 -0.189 -2.552 -4.496
 Magnesium  -1.982 -0.479 -0.183 -3.084 -6.033
 Aluminium  -3.580 -0.230 -0.794 -0.603 -3.412 -7.196
 Silicon    -2.791 -0.030 -1.219 -2.418 -4.364 -7.631
 Phosphorus -3.420 -0.055 -0.939 -2.405 -4.485 -6.014
 Sulphur    -2.343 -0.122 -0.623 -2.834 -4.718 -6.079
 Chlorine   -2.951 -0.107 -0.667 -2.778 -4.987 -6.416
 Argon      -0.779 -0.530 -0.270 -2.796 -4.904 -6.262
 Potassium  -3.116 -0.171 -0.490 -3.019 -4.067 -6.689
 Calcium    -2.972 -0.505 -0.175 -1.753 -4.265 -6.317
 Scandium   -3.240 -0.519 -0.369 -0.574 -2.640 -5.560 -7.028
 Titanium   -4.064 -0.227 -0.449 -1.316 -2.503 -5.891 -7.104
 Vanadium   -2.322 -0.315 -0.306 -1.883 -2.342 -5.231 -7.222
 Chromium   -2.993 -0.170 -0.501 -2.185 -2.988 -5.235 -6.658
 Manganese  -3.911 -0.156 -0.530 -2.235 -2.811 -4.790 -6.495
 Iron       -4.015 -0.107 -0.705 -1.691 -3.368 -4.907 -6.756
 Cobalt     -1.720 -0.050 -1.103 -2.020 -2.796 -5.064 -6.476
 Nickel     -3.596 -0.037 -1.107 -2.523 -3.694 -5.485 -6.853
 Copper     -2.239 -0.287 -0.329 -2.035 -3.983 -5.208 -6.664
 Zinc       -2.566 -0.859 -0.316 -0.485 -1.314 -4.009 -5.780 -6.962

               1      2      3      4      5      6      7      8      9     10     11     12     13     14     15     16     17

 Hydrogen   -0.593 -0.128 -7.972 (H2)         Log10 Mean Ionisation (over radius*electron density)
 Helium     -0.864 -0.120 -0.982
 Lithium    -2.363 -0.002 -2.911 -5.348
 Beryllium  -0.902 -0.345 -0.376 -2.699
 Boron      -2.376 -0.125 -0.692 -1.377 -5.949
 Carbon     -2.029 -0.219 -0.414 -2.817 -5.116
 Nitrogen   -0.783 -0.134 -0.998 -2.998 -5.698
 Oxygen     -0.566 -0.213 -0.937 -3.040 -5.333
 Fluorine   -1.647 -0.457 -0.203 -2.870 -4.897
 Neon       -1.916 -0.562 -0.148 -2.578 -5.530
 Sodium     -3.201 -0.560 -0.143 -2.283 -4.231
 Magnesium  -1.942 -0.564 -0.146 -2.818 -5.749
 Aluminium  -3.499 -0.199 -0.796 -0.686 -3.186 -6.910
 Silicon    -2.639 -0.056 -0.953 -2.171 -4.090 -7.344
 Phosphorus -3.473 -0.079 -0.799 -2.201 -4.221 -5.735
 Sulphur    -2.280 -0.194 -0.453 -2.559 -4.453 -5.800
 Chlorine   -3.025 -0.167 -0.503 -2.502 -4.721 -6.137
 Argon      -1.301 -0.723 -0.120 -2.520 -4.643 -5.991
 Potassium  -3.583 -0.236 -0.380 -2.743 -4.226 -6.412
 Calcium    -2.884 -0.515 -0.180 -1.492 -3.996 -6.043
 Scandium   -3.425 -0.777 -0.415 -0.353 -2.386 -5.284 -6.747
 Titanium   -4.286 -0.392 -0.302 -1.039 -2.378 -5.614 -6.819
 Vanadium   -2.611 -0.538 -0.171 -1.605 -2.082 -4.948 -6.937
 Chromium   -3.001 -0.362 -0.260 -1.904 -2.715 -4.962 -6.377
 Manganese  -4.158 -0.330 -0.285 -1.954 -2.543 -4.513 -6.219
 Iron       -4.124 -0.218 -0.449 -1.409 -3.086 -4.628 -6.478
 Cobalt     -1.776 -0.090 -0.827 -1.737 -2.517 -4.780 -6.192
 Nickel     -3.695 -0.073 -0.831 -2.239 -3.417 -5.202 -6.569
 Copper     -2.401 -0.560 -0.153 -1.757 -3.704 -4.937 -6.385
 Zinc       -2.720 -1.124 -0.381 -0.360 -1.150 -3.734 -5.504 -6.680

               1      2      3      4      5      6      7      8      9     10     11     12     13     14     15     16     17

 Hydrogen    3.846  3.952  3.661 (H2)                  Log10 Mean Temperature (over radius)
 Helium      3.816  3.937  3.950
 Lithium     3.926  3.901  3.953  3.946
 Beryllium   3.957  3.880  3.921  3.855
 Boron       3.946  3.891  3.959  3.934  3.954
 Carbon      3.933  3.881  3.957  3.955  3.955
 Nitrogen    3.821  3.951  3.955  3.953  3.953
 Oxygen      3.849  3.953  3.955  3.953  3.953
 Fluorine    3.776  3.876  3.941  3.955  3.952
 Neon        3.775  3.870  3.926  3.954  3.954
 Sodium      3.764  3.874  3.915  3.953  3.951
 Magnesium   3.928  3.879  3.911  3.953  3.953
 Aluminium   3.930  3.911  3.894  3.879  3.944  3.952
 Silicon     3.940  3.896  3.958  3.951  3.953  3.951
 Phosphorus  3.886  3.897  3.926  3.945  3.951  3.955
 Sulphur     3.933  3.888  3.937  3.954  3.953  3.955
 Chlorine    3.887  3.889  3.939  3.954  3.952  3.956
 Argon       3.798  3.861  3.947  3.955  3.954  3.957
 Potassium   3.774  3.888  3.926  3.954  3.849  3.957
 Calcium     3.933  3.909  3.895  3.953  3.950  3.956
 Scandium    3.884  3.859  3.894  3.952  3.954  3.955  3.955
 Titanium    3.854  3.870  3.940  3.955  3.922  3.955  3.953
 Vanadium    3.853  3.857  3.938  3.955  3.954  3.954  3.952
 Chromium    3.921  3.869  3.961  3.954  3.954  3.952  3.955
 Manganese   3.851  3.872  3.960  3.954  3.954  3.954  3.956
 Iron        3.885  3.883  3.959  3.954  3.953  3.953  3.956
 Cobalt      3.905  3.895  3.955  3.952  3.951  3.953  3.953
 Nickel      3.876  3.896  3.955  3.952  3.951  3.953  3.953
 Copper      3.897  3.857  3.943  3.955  3.953  3.954  3.956
 Zinc        3.889  3.851  3.892  3.929  3.930  3.954  3.955  3.954

               1      2      3      4      5      6      7      8      9     10     11     12     13     14     15     16     17

 Hydrogen    3.920  3.960  3.680 (H2)          Log10 Mean Temperature (over radius*electron density)
 Helium      3.897  3.958  3.958
 Lithium     3.955  3.950  3.955  3.954
 Beryllium   3.964  3.943  3.954  3.935
 Boron       3.960  3.948  3.959  3.955  3.954
 Carbon      3.960  3.944  3.960  3.954  3.955
 Nitrogen    3.895  3.961  3.955  3.953  3.953
 Oxygen      3.922  3.962  3.955  3.953  3.953
 Fluorine    3.851  3.941  3.959  3.955  3.955
 Neon        3.856  3.940  3.956  3.955  3.953
 Sodium      3.858  3.943  3.953  3.955  3.954
 Magnesium   3.957  3.944  3.953  3.955  3.953
 Aluminium   3.958  3.954  3.948  3.943  3.955  3.952
 Silicon     3.958  3.949  3.957  3.956  3.954  3.951
 Phosphorus  3.946  3.949  3.956  3.957  3.955  3.955
 Sulphur     3.960  3.947  3.957  3.954  3.955  3.955
 Chlorine    3.946  3.947  3.958  3.954  3.955  3.955
 Argon       3.859  3.933  3.960  3.955  3.956  3.957
 Potassium   3.871  3.946  3.956  3.954  3.932  3.956
 Calcium     3.957  3.953  3.949  3.956  3.953  3.956
 Scandium    3.938  3.928  3.949  3.959  3.957  3.955  3.955
 Titanium    3.931  3.939  3.959  3.955  3.953  3.954  3.953
 Vanadium    3.920  3.931  3.958  3.955  3.956  3.954  3.952
 Chromium    3.957  3.937  3.961  3.954  3.955  3.953  3.955
 Manganese   3.928  3.939  3.960  3.954  3.955  3.954  3.956
 Iron        3.946  3.945  3.959  3.954  3.953  3.954  3.955
 Cobalt      3.951  3.949  3.955  3.952  3.952  3.953  3.953
 Nickel      3.943  3.950  3.955  3.953  3.953  3.953  3.953
 Copper      3.944  3.925  3.960  3.954  3.954  3.955  3.955
 Zinc        3.943  3.924  3.947  3.957  3.956  3.954  3.955  3.954

               1      2      3      4      5      6      7      8      9     10     11     12     13     14     15     16     17
AGN log nH=3.22 log U=-3.67  

---------------Convergence statistics---------------
      3.95 mean iterations/state convergence
      2.72 mean cx acceleration loops/iteration
      1.24 mean iso convergence loops/ion solve
      1.02 mean steps/chemistry solve
         1 mean step length searches/chemistry step
----------------------------------------------------

 Cloudy ends: 111 zones, 3 iterations. (single thread) ExecTime(s) 176.63
 [Stop in cdMain at maincl.cpp:590, Cloudy exited OK]
