#depth	Te	Htot	hden	eden	2H_2/H	HI	HII	HeI	HeII	HeIII	CO/C	C1	C2	C3	C4	O1	O2	O3	O4	O5	O6	H2O/O	AV(point)	AV(extend)	Tau912
8.20688e+12	1.2906e+04	1.472e-16	4.6416e+03	5.3859e+03	1.4117e-16	1.5402e-03	9.9846e-01	2.3192e-04	1.4006e-01	8.5971e-01	6.0833e-21	8.3656e-06	1.4104e-02	4.5852e-01	3.9250e-01	6.5042e-06	5.0300e-03	2.8197e-01	6.3341e-01	7.7681e-02	1.8699e-03	2.0382e-28	0.00e+00	0.00e+00	7.4071e-04
4.92413e+13	1.2891e+04	1.469e-16	4.6416e+03	5.3833e+03	1.4154e-16	1.5376e-03	9.9846e-01	2.3177e-04	1.4004e-01	8.5972e-01	6.0358e-21	8.3108e-06	1.4074e-02	4.5795e-01	3.9318e-01	6.4803e-06	5.0205e-03	2.8242e-01	6.3312e-01	7.7532e-02	1.8667e-03	2.0232e-28	0.00e+00	0.00e+00	3.6986e-03
2.13379e+14	1.2864e+04	1.463e-16	4.6416e+03	5.3824e+03	1.4164e-16	1.5320e-03	9.9847e-01	2.3218e-04	1.4041e-01	8.5936e-01	5.9837e-21	8.2331e-06	1.4075e-02	4.5861e-01	3.9362e-01	6.4545e-06	5.0184e-03	2.8458e-01	6.3164e-01	7.6875e-02	1.8491e-03	2.0001e-28	0.00e+00	0.00e+00	1.5487e-02
8.69929e+14	1.2775e+04	1.447e-16	4.6416e+03	5.3813e+03	1.4242e-16	1.5211e-03	9.9848e-01	2.3611e-04	1.4307e-01	8.5670e-01	5.9517e-21	8.1351e-06	1.4184e-02	4.6378e-01	3.9309e-01	6.4585e-06	5.0548e-03	2.9371e-01	6.2515e-01	7.4264e-02	1.7766e-03	1.9639e-28	0.00e+00	0.00e+00	6.2306e-02
2.07798e+15	1.2507e+04	1.389e-16	4.6416e+03	5.3814e+03	1.3753e-16	1.4529e-03	9.9855e-01	2.3476e-04	1.4342e-01	8.5635e-01	5.1285e-21	7.5988e-06	1.4083e-02	4.6637e-01	3.9605e-01	5.9704e-06	4.8947e-03	3.0527e-01	6.1783e-01	7.0278e-02	1.6928e-03	1.6270e-28	0.00e+00	0.00e+00	1.2044e-01
3.64845e+15	1.2269e+04	1.344e-16	4.6416e+03	5.3800e+03	1.3332e-16	1.3969e-03	9.9860e-01	2.3934e-04	1.4761e-01	8.5215e-01	4.5798e-21	7.2855e-06	1.4145e-02	4.7456e-01	3.9571e-01	5.6845e-06	4.8487e-03	3.2201e-01	6.0607e-01	6.5459e-02	1.5800e-03	1.3931e-28	0.00e+00	0.00e+00	1.9310e-01
5.69006e+15	1.2046e+04	1.308e-16	4.6416e+03	5.3765e+03	1.2937e-16	1.3483e-03	9.9865e-01	2.5146e-04	1.5690e-01	8.4285e-01	4.2053e-21	7.1291e-06	1.4369e-02	4.8916e-01	3.9161e-01	5.5654e-06	4.9187e-03	3.4683e-01	5.8737e-01	5.9415e-02	1.4307e-03	1.2199e-28	0.00e+00	0.00e+00	2.8427e-01
8.34415e+15	1.1838e+04	1.280e-16	4.6416e+03	5.3698e+03	1.2563e-16	1.3080e-03	9.9869e-01	2.7627e-04	1.7454e-01	8.2518e-01	4.0219e-21	7.1566e-06	1.4828e-02	5.1220e-01	3.8216e-01	5.6784e-06	5.1703e-03	3.8439e-01	5.5743e-01	5.1745e-02	1.2364e-03	1.1036e-28	0.00e+00	0.00e+00	3.9926e-01
1.17945e+16	1.1651e+04	1.264e-16	4.6416e+03	5.3566e+03	1.2263e-16	1.2806e-03	9.9872e-01	3.2569e-04	2.0791e-01	7.9177e-01	4.1134e-21	7.4390e-06	1.5640e-02	5.4645e-01	3.6477e-01	6.1869e-06	5.7424e-03	4.4291e-01	5.0839e-01	4.1955e-02	9.8787e-04	1.0602e-28	0.00e+00	0.00e+00	5.4561e-01
1.52505e+16	1.1515e+04	1.258e-16	4.6416e+03	5.3371e+03	1.1456e-16	1.2421e-03	9.9876e-01	3.9557e-04	2.5746e-01	7.4214e-01	3.9572e-21	7.6441e-06	1.6347e-02	5.8231e-01	3.4388e-01	6.6794e-06	6.3869e-03	5.1283e-01	4.4745e-01	3.2556e-02	7.6103e-04	9.5948e-29	0.00e+00	0.00e+00	6.5522e-01
1.78428e+16	1.1452e+04	1.264e-16	4.6416e+03	5.3178e+03	1.1092e-16	1.2306e-03	9.9877e-01	4.7768e-04	3.1329e-01	6.8623e-01	4.0828e-21	7.9578e-06	1.7042e-02	6.1141e-01	3.2531e-01	7.4137e-06	7.1412e-03	5.7695e-01	3.8988e-01	2.5419e-02	5.8967e-04	9.6028e-29	0.00e+00	0.00e+00	7.3356e-01
1.98687e+16	1.1413e+04	1.269e-16	4.6416e+03	5.2929e+03	1.1088e-16	1.2369e-03	9.9876e-01	5.6466e-04	3.7025e-01	6.2919e-01	4.3997e-21	8.3322e-06	1.7709e-02	6.3399e-01	3.1022e-01	8.3239e-06	7.9509e-03	6.3259e-01	3.3896e-01	2.0029e-02	4.6107e-04	1.0217e-28	0.00e+00	0.00e+00	8.0166e-01
2.17376e+16	1.1356e+04	1.272e-16	4.6416e+03	5.2676e+03	1.1417e-16	1.2556e-03	9.9874e-01	6.6584e-04	4.3365e-01	5.6569e-01	4.8704e-21	8.7689e-06	1.8406e-02	6.5393e-01	2.9641e-01	9.4332e-06	8.8436e-03	6.8584e-01	2.8952e-01	1.5431e-02	3.5250e-04	1.1303e-28	0.00e+00	0.00e+00	8.7005e-01
2.35839e+16	1.1287e+04	1.269e-16	4.6416e+03	5.2413e+03	1.1951e-16	1.2823e-03	9.9872e-01	7.8310e-04	5.0534e-01	4.9387e-01	5.4289e-21	9.2432e-06	1.9106e-02	6.7194e-01	2.8357e-01	1.0721e-05	9.8049e-03	7.3756e-01	2.4090e-01	1.1464e-02	2.6037e-04	1.2699e-28	0.00e+00	0.00e+00	9.3895e-01
2.54043e+16	1.1200e+04	1.256e-16	4.6416e+03	5.2087e+03	1.2709e-16	1.3156e-03	9.9868e-01	9.0949e-04	5.8112e-01	4.1797e-01	6.0491e-21	9.7293e-06	1.9776e-02	6.8757e-01	2.7214e-01	1.2144e-05	1.0784e-02	7.8484e-01	1.9592e-01	8.2539e-03	1.8715e-04	1.4340e-28	0.00e+00	0.00e+00	1.0086e+00
2.71475e+16	1.1086e+04	1.235e-16	4.6416e+03	5.1777e+03	1.3724e-16	1.3544e-03	9.9865e-01	1.0337e-03	6.5337e-01	3.4560e-01	6.7090e-21	1.0204e-05	2.0402e-02	7.0055e-01	2.6236e-01	1.3609e-05	1.1703e-02	8.2451e-01	1.5777e-01	5.8685e-03	1.3344e-04	1.6141e-28	0.00e+00	0.00e+00	1.0753e+00
2.90789e+16	1.0923e+04	1.202e-16	4.6416e+03	5.1498e+03	1.5513e-16	1.4135e-03	9.9859e-01	1.1736e-03	7.2642e-01	2.7240e-01	7.7979e-21	1.0861e-05	2.1199e-02	7.1336e-01	2.5224e-01	1.5533e-05	1.2752e-02	8.6103e-01	1.2219e-01	3.9220e-03	8.9788e-05	1.9149e-28	0.00e+00	0.00e+00	1.1657e+00
3.15896e+16	1.0703e+04	1.155e-16	4.6416e+03	5.1193e+03	1.8370e-16	1.4985e-03	9.9850e-01	1.3326e-03	8.0245e-01	1.9622e-01	9.4070e-21	1.1730e-05	2.2184e-02	7.2678e-01	2.4106e-01	1.8111e-05	1.3965e-02	8.9578e-01	8.7837e-02	2.3475e-03	5.4610e-05	2.3629e-28	0.00e+00	0.00e+00	1.2903e+00
3.43387e+16	1.0489e+04	1.108e-16	4.6416e+03	5.0948e+03	2.1774e-16	1.5932e-03	9.9841e-01	1.4680e-03	8.6089e-01	1.3765e-01	1.1181e-20	1.2611e-05	2.3112e-02	7.3801e-01	2.3119e-01	2.0816e-05	1.5037e-02	9.2082e-01	6.2672e-02	1.4171e-03	3.3586e-05	2.8613e-28	0.00e+00	0.00e+00	1.4145e+00
3.73978e+16	1.0280e+04	1.067e-16	4.6416e+03	5.0763e+03	2.6535e-16	1.7154e-03	9.9828e-01	1.5910e-03	9.0322e-01	9.5190e-02	1.3857e-20	1.3720e-05	2.4195e-02	7.4832e-01	2.2146e-01	2.4210e-05	1.6156e-02	9.3859e-01	4.4333e-02	8.7586e-04	2.0810e-05	3.6206e-28	0.00e+00	0.00e+00	1.5883e+00
4.10831e+16	1.0151e+04	1.033e-16	4.6416e+03	5.0635e+03	3.1996e-16	1.8659e-03	9.9813e-01	1.6985e-03	9.3355e-01	6.4756e-02	1.7377e-20	1.4974e-05	2.5296e-02	7.5755e-01	2.1231e-01	2.8380e-05	1.7285e-02	9.5116e-01	3.0940e-02	5.7176e-04	1.3024e-05	4.6714e-28	0.00e+00	0.00e+00	1.8022e+00
4.51914e+16	1.0072e+04	1.016e-16	4.6416e+03	5.0543e+03	3.8944e-16	2.0553e-03	9.9794e-01	1.7976e-03	9.5339e-01	4.4812e-02	2.2548e-20	1.6466e-05	2.6511e-02	7.6613e-01	2.0334e-01	3.3799e-05	1.8517e-02	9.5916e-01	2.1864e-02	4.1586e-04	8.4671e-06	6.3091e-28	0.00e+00	0.00e+00	2.0614e+00
4.89727e+16	1.0069e+04	1.015e-16	4.6416e+03	5.0489e+03	4.5765e-16	2.2528e-03	9.9775e-01	1.8726e-03	9.6431e-01	3.3818e-02	2.8554e-20	1.7858e-05	2.7548e-02	7.7279e-01	1.9613e-01	3.9688e-05	1.9658e-02	9.6328e-01	1.6669e-02	3.4738e-04	6.1062e-06	8.3793e-28	0.00e+00	0.00e+00	2.2765e+00
5.20015e+16	1.0098e+04	1.020e-16	4.6416e+03	5.0455e+03	5.2305e-16	2.4365e-03	9.9756e-01	1.9317e-03	9.7041e-01	2.7657e-02	3.5301e-20	1.9112e-05	2.8448e-02	7.7792e-01	1.9039e-01	4.5532e-05	2.0678e-02	9.6531e-01	1.3645e-02	3.1486e-04	4.8054e-06	1.0860e-27	0.00e+00	0.00e+00	2.4763e+00
5.52203e+16	1.0142e+04	1.030e-16	4.6416e+03	5.0426e+03	6.1163e-16	2.6601e-03	9.9734e-01	1.9999e-03	9.7543e-01	2.2572e-02	4.5643e-20	2.0638e-05	2.9537e-02	7.8357e-01	1.8393e-01	5.3147e-05	2.1885e-02	9.6669e-01	1.1078e-02	2.9146e-04	3.7486e-06	1.4908e-27	0.00e+00	0.00e+00	2.7599e+00
5.87101e+16	1.0224e+04	1.048e-16	4.6416e+03	5.0398e+03	7.1833e-16	2.9394e-03	9.9706e-01	2.0748e-03	9.7927e-01	1.8657e-02	6.0670e-20	2.2425e-05	3.0766e-02	7.8947e-01	1.7705e-01	6.3524e-05	2.3401e-02	9.6722e-01	9.0361e-03	2.7594e-04	2.9313e-06	2.1166e-27	0.00e+00	0.00e+00	3.0477e+00
6.17101e+16	1.0313e+04	1.069e-16	4.6416e+03	5.0375e+03	8.3191e-16	3.2214e-03	9.9678e-01	2.1411e-03	9.8174e-01	1.6118e-02	7.9059e-20	2.4109e-05	3.1908e-02	7.9471e-01	1.7085e-01	7.4852e-05	2.4896e-02	9.6709e-01	7.6667e-03	2.6704e-04	2.3945e-06	2.9436e-27	0.00e+00	0.00e+00	3.2986e+00
6.42142e+16	1.0399e+04	1.089e-16	4.6416e+03	5.0357e+03	9.4673e-16	3.4892e-03	9.9651e-01	2.2010e-03	9.8343e-01	1.4372e-02	1.0050e-19	2.5648e-05	3.2968e-02	7.9927e-01	1.6537e-01	8.6590e-05	2.6337e-02	9.6661e-01	6.6999e-03	2.6143e-04	2.0246e-06	3.9702e-27	0.00e+00	0.00e+00	3.5388e+00
6.69162e+16	1.0484e+04	1.112e-16	4.6416e+03	5.0338e+03	1.1029e-15	3.8183e-03	9.9618e-01	2.2777e-03	9.8502e-01	1.2700e-02	1.3333e-19	2.7602e-05	3.4311e-02	8.0461e-01	1.5884e-01	1.0236e-04	2.8136e-02	9.6574e-01	5.7639e-03	2.5625e-04	1.6783e-06	5.6087e-27	0.00e+00	0.00e+00	3.8806e+00
6.96622e+16	1.0602e+04	1.138e-16	4.6416e+03	5.0308e+03	1.2728e-15	4.2028e-03	9.9580e-01	2.3658e-03	9.8624e-01	1.1394e-02	1.7822e-19	2.9778e-05	3.5768e-02	8.0997e-01	1.5217e-01	1.2282e-04	3.0313e-02	9.6431e-01	5.0032e-03	2.5265e-04	1.3995e-06	7.9523e-27	0.00e+00	0.00e+00	4.1807e+00
7.17574e+16	1.0689e+04	1.162e-16	4.6416e+03	5.0290e+03	1.4418e-15	4.5414e-03	9.9546e-01	2.4355e-03	9.8702e-01	1.0546e-02	2.2701e-19	3.1586e-05	3.7008e-02	8.1433e-01	1.4668e-01	1.4242e-04	3.2229e-02	9.6288e-01	4.4988e-03	2.5024e-04	1.2171e-06	1.0675e-26	0.00e+00	0.00e+00	4.4140e+00
7.34341e+16	1.0775e+04	1.180e-16	4.6416e+03	5.0271e+03	1.5843e-15	4.8343e-03	9.9517e-01	2.4999e-03	9.8757e-01	9.9265e-03	2.7686e-19	3.3143e-05	3.8081e-02	8.1785e-01	1.4218e-01	1.6095e-04	3.3948e-02	9.6152e-01	4.1234e-03	2.4862e-04	1.0864e-06	1.3543e-26	0.00e+00	0.00e+00	4.6407e+00
7.52746e+16	1.0857e+04	1.200e-16	4.6416e+03	5.0251e+03	1.7808e-15	5.1892e-03	9.9481e-01	2.5757e-03	9.8816e-01	9.2661e-03	3.5006e-19	3.5055e-05	3.9403e-02	8.2195e-01	1.3684e-01	1.8503e-04	3.6036e-02	9.5981e-01	3.7259e-03	2.4671e-04	9.5278e-07	1.7928e-26	0.00e+00	0.00e+00	4.9570e+00
7.73162e+16	1.0927e+04	1.227e-16	4.6416e+03	5.0231e+03	2.0589e-15	5.6387e-03	9.9436e-01	2.6667e-03	9.8871e-01	8.6240e-03	4.6147e-19	3.7405e-05	4.1041e-02	8.2667e-01	1.3059e-01	2.1809e-04	3.8706e-02	9.5749e-01	3.3374e-03	2.4451e-04	8.2310e-07	2.4906e-26	0.00e+00	0.00e+00	5.2879e+00
7.91374e+16	1.1006e+04	1.251e-16	4.6416e+03	5.0213e+03	2.3460e-15	6.0834e-03	9.9392e-01	2.7546e-03	9.8912e-01	8.1286e-03	5.9698e-19	3.9644e-05	4.2618e-02	8.3085e-01	1.2493e-01	2.5420e-04	4.1439e-02	9.5503e-01	3.0300e-03	2.4277e-04	7.2269e-07	3.3888e-26	0.00e+00	0.00e+00	5.5802e+00
8.06774e+16	1.1081e+04	1.271e-16	4.6416e+03	5.0192e+03	2.6095e-15	6.4973e-03	9.9350e-01	2.8366e-03	9.8942e-01	7.7449e-03	7.4489e-19	4.1714e-05	4.4074e-02	8.3439e-01	1.2000e-01	2.9089e-04	4.4046e-02	9.5263e-01	2.7868e-03	2.4136e-04	6.4588e-07	4.3896e-26	0.00e+00	0.00e+00	5.8544e+00
8.23336e+16	1.1150e+04	1.294e-16	4.6416e+03	5.0163e+03	2.9479e-15	6.9925e-03	9.9301e-01	2.9387e-03	9.8973e-01	7.3322e-03	9.5616e-19	4.4212e-05	4.5835e-02	8.3833e-01	1.1439e-01	3.3834e-04	4.7184e-02	9.4971e-01	2.5294e-03	2.3962e-04	5.6815e-07	5.8423e-26	0.00e+00	0.00e+00	6.2380e+00
8.41030e+16	1.1223e+04	1.320e-16	4.6416e+03	5.0140e+03	3.4040e-15	7.5782e-03	9.9242e-01	3.0549e-03	9.9000e-01	6.9479e-03	1.2714e-18	4.7082e-05	4.7867e-02	8.4241e-01	1.0836e-01	4.0016e-04	5.1012e-02	9.4606e-01	2.2879e-03	2.3768e-04	4.9607e-07	8.1685e-26	0.00e+00	0.00e+00	6.6080e+00
8.56013e+16	1.1294e+04	1.342e-16	4.6416e+03	5.0112e+03	3.8275e-15	8.1320e-03	9.9187e-01	3.1639e-03	9.9018e-01	6.6566e-03	1.6246e-18	4.9733e-05	4.9763e-02	8.4579e-01	1.0315e-01	4.6458e-04	5.4739e-02	9.4246e-01	2.0999e-03	2.3604e-04	4.4139e-07	1.0817e-25	0.00e+00	0.00e+00	6.9249e+00
8.68689e+16	1.1347e+04	1.361e-16	4.6416e+03	5.0077e+03	4.2230e-15	8.6532e-03	9.9135e-01	3.2714e-03	9.9031e-01	6.4171e-03	2.0043e-18	5.2174e-05	5.1546e-02	8.4863e-01	9.8584e-02	5.3026e-04	5.8298e-02	9.3899e-01	1.9465e-03	2.3448e-04	3.9821e-07	1.3626e-25	0.00e+00	0.00e+00	7.2305e+00
8.82550e+16	1.1396e+04	1.383e-16	4.6416e+03	5.0054e+03	4.8216e-15	9.2701e-03	9.9073e-01	3.3942e-03	9.9045e-01	6.1524e-03	2.5936e-18	5.5154e-05	5.3654e-02	8.5170e-01	9.3474e-02	6.1411e-04	6.2538e-02	9.3483e-01	1.7824e-03	2.3248e-04	3.5411e-07	1.8422e-25	0.00e+00	0.00e+00	7.6561e+00
8.97691e+16	1.1484e+04	1.405e-16	4.6416e+03	5.0011e+03	5.4209e-15	1.0005e-02	9.9000e-01	3.5388e-03	9.9055e-01	5.9065e-03	3.3833e-18	5.8503e-05	5.6107e-02	8.5476e-01	8.8020e-02	7.2524e-04	6.7836e-02	9.2959e-01	1.6223e-03	2.3051e-04	3.1204e-07	2.4695e-25	0.00e+00	0.00e+00	8.0845e+00
9.10859e+16	1.1524e+04	1.428e-16	4.6416e+03	4.9972e+03	6.1672e-15	1.0741e-02	9.8926e-01	3.6881e-03	9.9062e-01	5.6964e-03	4.3774e-18	6.1854e-05	5.8557e-02	8.5732e-01	8.3070e-02	8.4623e-04	7.3169e-02	9.2427e-01	1.4906e-03	2.2823e-04	2.7789e-07	3.2979e-25	0.00e+00	0.00e+00	8.4534e+00
9.21997e+16	1.1566e+04	1.447e-16	4.6416e+03	4.9941e+03	6.8759e-15	1.1419e-02	9.8858e-01	3.8212e-03	9.9065e-01	5.5287e-03	5.4760e-18	6.4931e-05	6.0798e-02	8.5933e-01	7.8869e-02	9.6781e-04	7.8197e-02	9.1922e-01	1.3840e-03	2.2618e-04	2.5130e-07	4.2352e-25	0.00e+00	0.00e+00	8.8065e+00
9.34133e+16	1.1606e+04	1.468e-16	4.6416e+03	4.9906e+03	7.8221e-15	1.2227e-02	9.8777e-01	3.9796e-03	9.9068e-01	5.3419e-03	7.0854e-18	6.8568e-05	6.3452e-02	8.6137e-01	7.4223e-02	1.1241e-03	8.4219e-02	9.1316e-01	1.2696e-03	2.2367e-04	2.2406e-07	5.6658e-25	0.00e+00	0.00e+00	9.2981e+00
9.47394e+16	1.1645e+04	1.492e-16	4.6416e+03	4.9871e+03	9.0767e-15	1.3208e-02	9.8679e-01	4.1723e-03	9.9067e-01	5.1555e-03	9.5130e-18	7.3035e-05	6.6640e-02	8.6326e-01	6.9204e-02	1.3333e-03	9.1752e-02	9.0554e-01	1.1554e-03	2.2060e-04	1.9728e-07	7.9109e-25	0.00e+00	0.00e+00	9.7935e+00
9.59030e+16	1.1685e+04	1.513e-16	4.6416e+03	4.9827e+03	1.0313e-14	1.4174e-02	9.8583e-01	4.3609e-03	9.9063e-01	5.0054e-03	1.2379e-17	7.7244e-05	6.9737e-02	8.6462e-01	6.4798e-02	1.5607e-03	9.9368e-02	8.9779e-01	1.0610e-03	2.1767e-04	1.7578e-07	1.0579e-24	0.00e+00	0.00e+00	1.0228e+01
9.68982e+16	1.1725e+04	1.531e-16	4.6416e+03	4.9772e+03	1.1457e-14	1.5081e-02	9.8492e-01	4.5389e-03	9.9058e-01	4.8823e-03	1.5519e-17	8.0990e-05	7.2610e-02	8.6554e-01	6.1044e-02	1.7933e-03	1.0665e-01	8.9036e-01	9.8352e-04	2.1500e-04	1.5877e-07	1.3482e-24	0.00e+00	0.00e+00	1.0645e+01
9.79828e+16	1.1752e+04	1.551e-16	4.6416e+03	4.9720e+03	1.3078e-14	1.6166e-02	9.8383e-01	4.7537e-03	9.9051e-01	4.7403e-03	2.0236e-17	8.5629e-05	7.6039e-02	8.6627e-01	5.6926e-02	2.0934e-03	1.1537e-01	8.8142e-01	9.0050e-04	2.1164e-04	1.4131e-07	1.8067e-24	0.00e+00	0.00e+00	1.1226e+01
9.91713e+16	1.1774e+04	1.575e-16	4.6416e+03	4.9671e+03	1.5333e-14	1.7500e-02	9.8250e-01	5.0172e-03	9.9039e-01	4.5959e-03	2.7601e-17	9.1458e-05	8.0211e-02	8.6657e-01	5.2490e-02	2.5005e-03	1.2635e-01	8.7013e-01	8.1614e-04	2.0743e-04	1.2384e-07	2.5570e-24	0.00e+00	0.00e+00	1.1816e+01
1.00220e+17	1.1803e+04	1.596e-16	4.6416e+03	4.9610e+03	1.7576e-14	1.8827e-02	9.8117e-01	5.2768e-03	9.9024e-01	4.4794e-03	3.6474e-17	9.6956e-05	8.4294e-02	8.6640e-01	4.8621e-02	2.9481e-03	1.3753e-01	8.5857e-01	7.4568e-04	2.0337e-04	1.1755e-36	3.4656e-24	0.00e+00	0.00e+00	1.2339e+01
1.01124e+17	1.1828e+04	1.614e-16	4.6416e+03	4.9548e+03	1.9821e-14	2.0083e-02	9.7992e-01	5.5244e-03	9.9009e-01	4.3816e-03	4.6694e-17	1.0207e-04	8.8135e-02	8.6587e-01	4.5338e-02	3.4109e-03	1.4828e-01	8.4742e-01	6.8751e-04	1.9955e-04	1.1755e-36	4.5298e-24	0.00e+00	0.00e+00	1.2845e+01
1.02113e+17	1.1845e+04	1.634e-16	4.6416e+03	4.9454e+03	2.2610e-14	2.1598e-02	9.7840e-01	5.8266e-03	9.8990e-01	4.2684e-03	6.1222e-17	1.0797e-04	9.2709e-02	8.6489e-01	4.1779e-02	4.0142e-03	1.6121e-01	8.3396e-01	6.2543e-04	1.9499e-04	1.1755e-36	6.0234e-24	0.00e+00	0.00e+00	1.3552e+01
1.03205e+17	1.1858e+04	1.658e-16	4.6416e+03	4.9375e+03	2.6819e-14	2.3503e-02	9.7650e-01	6.2017e-03	9.8965e-01	4.1519e-03	8.5344e-17	1.1561e-04	9.8386e-02	8.6308e-01	3.7938e-02	4.8508e-03	1.7768e-01	8.1672e-01	5.6100e-04	1.8915e-04	1.1755e-36	8.6830e-24	0.00e+00	0.00e+00	1.4286e+01
1.04184e+17	1.1863e+04	1.680e-16	4.6416e+03	4.9301e+03	3.1581e-14	2.5449e-02	9.7455e-01	6.5894e-03	9.8936e-01	4.0523e-03	1.1696e-16	1.2358e-04	1.0414e-01	8.6073e-01	3.4567e-02	5.7966e-03	1.9473e-01	7.9878e-01	5.0629e-04	1.8320e-04	1.1755e-36	1.2288e-23	0.00e+00	0.00e+00	1.4952e+01
1.05044e+17	1.1870e+04	1.699e-16	4.6416e+03	4.9212e+03	3.6398e-14	2.7359e-02	9.7264e-01	6.9692e-03	9.8906e-01	3.9676e-03	1.5473e-16	1.3099e-04	1.0972e-01	8.5806e-01	3.1680e-02	6.8119e-03	2.1153e-01	7.8102e-01	4.6021e-04	1.7752e-04	1.1755e-36	1.6608e-23	0.00e+00	0.00e+00	1.5615e+01
1.05996e+17	1.1874e+04	1.719e-16	4.6416e+03	4.9113e+03	4.2911e-14	2.9686e-02	9.7031e-01	7.4371e-03	9.8869e-01	3.8706e-03	2.1297e-16	1.4005e-04	1.1647e-01	8.5443e-01	2.8587e-02	8.1590e-03	2.3186e-01	7.5940e-01	4.1159e-04	1.7069e-04	1.1755e-36	2.3464e-23	0.00e+00	0.00e+00	1.6551e+01
1.07061e+17	1.1870e+04	1.743e-16	4.6416e+03	4.8988e+03	5.2339e-14	3.2725e-02	9.6727e-01	8.0446e-03	9.8819e-01	3.7680e-03	3.1129e-16	1.5158e-04	1.2506e-01	8.4919e-01	2.5252e-02	1.0103e-02	2.5827e-01	7.3111e-01	3.6018e-04	1.6200e-04	1.1755e-36	3.5401e-23	0.00e+00	0.00e+00	1.7563e+01
1.08031e+17	1.1859e+04	1.766e-16	4.6416e+03	4.8839e+03	6.3489e-14	3.5990e-02	9.6401e-01	8.6984e-03	9.8762e-01	3.6790e-03	4.4851e-16	1.6353e-04	1.3410e-01	8.4312e-01	2.2315e-02	1.2415e-02	2.8626e-01	7.0086e-01	3.1569e-04	1.5301e-04	1.1755e-36	5.2404e-23	0.00e+00	0.00e+00	1.8496e+01
1.08861e+17	1.1846e+04	1.784e-16	4.6416e+03	4.8682e+03	7.5512e-14	3.9183e-02	9.6082e-01	9.3446e-03	9.8705e-01	3.6046e-03	6.2051e-16	1.7494e-04	1.4282e-01	8.3681e-01	1.9910e-02	1.4894e-02	3.1310e-01	6.7158e-01	2.7973e-04	1.4457e-04	1.1755e-36	7.4148e-23	0.00e+00	0.00e+00	1.9384e+01
1.09750e+17	1.1821e+04	1.802e-16	4.6416e+03	4.8510e+03	9.1964e-14	4.3015e-02	9.5698e-01	1.0131e-02	9.8635e-01	3.5203e-03	8.8824e-16	1.8864e-04	1.5317e-01	8.2892e-01	1.7464e-02	1.8112e-02	3.4402e-01	6.3749e-01	2.4368e-04	1.3492e-04	1.1755e-36	1.0911e-22	0.00e+00	0.00e+00	2.0652e+01
1.10718e+17	1.1788e+04	1.824e-16	4.6416e+03	4.8301e+03	1.1633e-13	4.8045e-02	9.5196e-01	1.1151e-02	9.8541e-01	3.4342e-03	1.3512e-15	2.0594e-04	1.6624e-01	8.1840e-01	1.4937e-02	2.2724e-02	3.8265e-01	5.9430e-01	2.0652e-04	1.2307e-04	1.1755e-36	1.7187e-22	0.00e+00	0.00e+00	2.1962e+01
1.11549e+17	1.1756e+04	1.840e-16	4.6416e+03	4.8059e+03	1.4426e-13	5.3231e-02	9.4677e-01	1.2207e-02	9.8443e-01	3.3651e-03	1.9752e-15	2.2288e-04	1.7932e-01	8.0737e-01	1.2880e-02	2.7899e-02	4.2004e-01	5.5177e-01	1.7648e-04	1.1186e-04	1.1755e-36	2.5839e-22	0.00e+00	0.00e+00	2.3102e+01
1.12236e+17	1.1723e+04	1.851e-16	4.6416e+03	4.7812e+03	1.7383e-13	5.8141e-02	9.4186e-01	1.3220e-02	9.8347e-01	3.3090e-03	2.7271e-15	2.3836e-04	1.9149e-01	7.9681e-01	1.1286e-02	3.3136e-02	4.5293e-01	5.1367e-01	1.5351e-04	1.0215e-04	1.1755e-36	3.6494e-22	0.00e+00	0.00e+00	2.4196e+01
1.12974e+17	1.1689e+04	1.859e-16	4.6416e+03	4.7479e+03	2.1099e-13	6.4021e-02	9.3598e-01	1.4440e-02	9.8231e-01	3.2452e-03	3.8143e-15	2.5556e-04	2.0566e-01	7.8422e-01	9.7023e-03	3.9757e-02	4.8881e-01	4.7121e-01	1.3112e-04	9.1677e-05	1.1755e-36	5.1695e-22	0.00e+00	0.00e+00	2.5761e+01
1.13728e+17	1.1638e+04	1.872e-16	4.6416e+03	4.7192e+03	2.7062e-13	7.1555e-02	9.2844e-01	1.5984e-02	9.8083e-01	3.1824e-03	5.7082e-15	2.7753e-04	2.2292e-01	7.6850e-01	8.1638e-03	4.8642e-02	5.2895e-01	4.2222e-01	1.0916e-04	7.9790e-05	1.1755e-36	8.0838e-22	0.00e+00	0.00e+00	2.7174e+01
1.14303e+17	1.1590e+04	1.877e-16	4.6416e+03	4.6865e+03	3.2996e-13	7.8337e-02	9.2166e-01	1.7390e-02	9.7947e-01	3.1390e-03	7.8128e-15	2.9621e-04	2.3798e-01	7.5452e-01	7.0694e-03	5.6997e-02	5.6052e-01	3.8232e-01	9.3735e-05	7.0515e-05	1.1755e-36	1.1362e-21	0.00e+00	0.00e+00	2.8267e+01
1.14752e+17	1.1565e+04	1.873e-16	4.6416e+03	4.6515e+03	3.8154e-13	8.3984e-02	9.1602e-01	1.8588e-02	9.7830e-01	3.1106e-03	9.8643e-15	3.1107e-04	2.5040e-01	7.4288e-01	6.2926e-03	6.4211e-02	5.8421e-01	3.5143e-01	8.3061e-05	6.3637e-05	1.1755e-36	1.4547e-21	0.00e+00	0.00e+00	2.9308e+01
1.15238e+17	1.1506e+04	1.873e-16	4.6416e+03	4.6191e+03	4.5689e-13	9.0934e-02	9.0907e-01	2.0068e-02	9.7686e-01	3.0700e-03	1.2912e-14	3.2901e-04	2.6517e-01	7.2890e-01	5.4912e-03	7.3128e-02	6.0855e-01	3.1820e-01	7.2346e-05	5.6257e-05	1.1755e-36	1.9503e-21	0.00e+00	0.00e+00	3.0772e+01
1.15870e+17	1.1442e+04	1.867e-16	4.6416e+03	4.5667e+03	5.8309e-13	1.0123e-01	8.9877e-01	2.2241e-02	9.7473e-01	3.0240e-03	1.8468e-14	3.5369e-04	2.8592e-01	7.0908e-01	4.5478e-03	8.6586e-02	6.3821e-01	2.7510e-01	5.9895e-05	4.7049e-05	1.1755e-36	2.8987e-21	0.00e+00	0.00e+00	3.2892e+01
1.16488e+17	1.1369e+04	1.861e-16	4.6416e+03	4.5056e+03	7.6469e-13	1.1415e-01	8.8585e-01	2.4911e-02	9.7210e-01	2.9869e-03	2.7132e-14	3.8127e-04	3.0997e-01	6.8588e-01	3.6947e-03	1.0360e-01	6.6569e-01	2.3062e-01	4.8504e-05	3.7891e-05	1.1755e-36	4.4514e-21	0.00e+00	0.00e+00	3.4634e+01
1.16921e+17	1.1302e+04	1.853e-16	4.6416e+03	4.4663e+03	9.4630e-13	1.2507e-01	8.7493e-01	2.7254e-02	9.6979e-01	2.9587e-03	3.6408e-14	4.0416e-04	3.2985e-01	6.6653e-01	3.1404e-03	1.1802e-01	6.8225e-01	1.9966e-01	4.1304e-05	3.1708e-05	1.1755e-36	6.2130e-21	0.00e+00	0.00e+00	3.5898e+01
1.17248e+17	1.1260e+04	1.835e-16	4.6416e+03	4.4149e+03	1.0924e-12	1.3339e-01	8.6661e-01	2.9104e-02	9.6795e-01	2.9469e-03	4.4241e-14	4.1996e-04	3.4480e-01	6.5194e-01	2.7776e-03	1.2911e-01	6.9225e-01	1.7857e-01	3.6795e-05	2.7733e-05	1.1755e-36	7.6694e-21	0.00e+00	0.00e+00	3.7104e+01
1.17602e+17	1.1194e+04	1.822e-16	4.6416e+03	4.3761e+03	1.3088e-12	1.4375e-01	8.5625e-01	3.1432e-02	9.6565e-01	2.9221e-03	5.6081e-14	4.3969e-04	3.6277e-01	6.3433e-01	2.4018e-03	1.4270e-01	7.0047e-01	1.5677e-01	3.2247e-05	2.3626e-05	1.1755e-36	1.0053e-20	0.00e+00	0.00e+00	3.8793e+01
1.18063e+17	1.1118e+04	1.796e-16	4.6416e+03	4.3056e+03	1.6381e-12	1.5868e-01	8.4132e-01	3.4765e-02	9.6233e-01	2.9018e-03	7.5029e-14	4.6423e-04	3.8705e-01	6.1046e-01	1.9706e-03	1.6219e-01	7.0730e-01	1.3047e-01	2.7080e-05	1.8896e-05	1.1755e-36	1.3873e-20	0.00e+00	0.00e+00	4.1217e+01
1.18537e+17	1.1035e+04	1.759e-16	4.6416e+03	4.2063e+03	2.1371e-12	1.7720e-01	8.2280e-01	3.8857e-02	9.5825e-01	2.8928e-03	1.0410e-13	4.9023e-04	4.1462e-01	5.8326e-01	1.5802e-03	1.8602e-01	7.0913e-01	1.0482e-01	2.2321e-05	1.4511e-05	1.1755e-36	2.0248e-20	0.00e+00	0.00e+00	4.3430e+01
1.18907e+17	1.0951e+04	1.726e-16	4.6416e+03	4.1337e+03	2.6621e-12	1.9445e-01	8.0555e-01	4.2872e-02	9.5424e-01	2.8844e-03	1.3603e-13	5.1297e-04	4.3957e-01	5.5857e-01	1.3047e-03	2.0783e-01	7.0579e-01	8.6346e-02	1.9002e-05	1.1461e-05	1.1755e-36	2.7453e-20	0.00e+00	0.00e+00	4.5222e+01
1.19205e+17	1.0888e+04	1.688e-16	4.6416e+03	4.0586e+03	3.1780e-12	2.0887e-01	7.9113e-01	4.6405e-02	9.5071e-01	2.8852e-03	1.6758e-13	5.3034e-04	4.6000e-01	5.3832e-01	1.1143e-03	2.2590e-01	7.0060e-01	7.3477e-02	1.6775e-05	9.4442e-06	1.1755e-36	3.4913e-20	0.00e+00	0.00e+00	4.6938e+01
1.19527e+17	1.0810e+04	1.646e-16	4.6416e+03	3.9824e+03	3.8532e-12	2.2593e-01	7.7407e-01	5.0719e-02	9.4640e-01	2.8821e-03	2.0980e-13	5.4889e-04	4.8327e-01	5.1522e-01	9.2942e-04	2.4692e-01	6.9184e-01	6.1209e-02	1.4643e-05	7.5755e-06	1.1755e-36	4.5182e-20	0.00e+00	0.00e+00	4.9351e+01
1.19946e+17	1.0708e+04	1.582e-16	4.6416e+03	3.8587e+03	5.0134e-12	2.5061e-01	7.4939e-01	5.6990e-02	9.4012e-01	2.8892e-03	2.8162e-13	5.7054e-04	5.1420e-01	4.8448e-01	7.2584e-04	2.7677e-01	6.7578e-01	4.7435e-02	1.2242e-05	5.5820e-06	1.1755e-36	6.3814e-20	0.00e+00	0.00e+00	5.2830e+01
1.20372e+17	1.0598e+04	1.505e-16	4.6416e+03	3.7127e+03	6.6971e-12	2.8123e-01	7.1877e-01	6.4939e-02	9.3215e-01	2.9124e-03	3.8669e-13	5.9031e-04	5.4901e-01	4.4982e-01	5.5093e-04	3.1289e-01	6.5196e-01	3.5134e-02	1.0032e-05	3.8966e-06	1.1755e-36	9.2828e-20	0.00e+00	0.00e+00	5.5945e+01
1.20696e+17	1.0492e+04	1.437e-16	4.6416e+03	3.5976e+03	8.4273e-12	3.0778e-01	6.9222e-01	7.2535e-02	9.2453e-01	2.9358e-03	4.9407e-13	6.0537e-04	5.7834e-01	4.2060e-01	4.3850e-04	3.4353e-01	6.2914e-01	2.7316e-02	8.5716e-06	2.8844e-06	1.1755e-36	1.2360e-19	0.00e+00	0.00e+00	5.8374e+01
1.20955e+17	1.0419e+04	1.371e-16	4.6416e+03	3.4859e+03	1.0077e-11	3.2874e-01	6.7126e-01	7.9062e-02	9.1797e-01	2.9636e-03	5.9394e-13	6.1321e-04	6.0115e-01	3.9785e-01	3.6484e-04	3.6738e-01	6.1032e-01	2.2292e-02	7.6213e-06	2.2722e-06	1.1755e-36	1.5380e-19	0.00e+00	0.00e+00	6.0779e+01
1.21236e+17	1.0319e+04	1.301e-16	4.6416e+03	3.3753e+03	1.2253e-11	3.5374e-01	6.4626e-01	8.7246e-02	9.0976e-01	2.9899e-03	7.2412e-13	6.2186e-04	6.2688e-01	3.7219e-01	2.9525e-04	3.9531e-01	5.8698e-01	1.7699e-02	6.6794e-06	1.7302e-06	1.1755e-36	1.9394e-19	0.00e+00	0.00e+00	6.4009e+01
1.21582e+17	1.0208e+04	1.206e-16	4.6416e+03	3.2091e+03	1.5695e-11	3.8658e-01	6.1342e-01	9.8256e-02	8.9870e-01	3.0438e-03	9.2142e-13	6.2489e-04	6.5762e-01	3.4152e-01	2.2610e-04	4.3129e-01	5.5560e-01	1.3104e-02	5.6682e-06	1.2179e-06	1.1755e-36	2.5923e-19	0.00e+00	0.00e+00	6.8318e+01
1.21919e+17	1.0086e+04	1.107e-16	4.6416e+03	3.0329e+03	2.0237e-11	4.2346e-01	5.7654e-01	1.1139e-01	8.8550e-01	3.1150e-03	1.1718e-12	6.2274e-04	6.8902e-01	3.1018e-01	1.7169e-04	4.7077e-01	5.1978e-01	9.4423e-03	4.7608e-06	8.3142e-07	1.1755e-36	3.4628e-19	0.00e+00	0.00e+00	7.1965e+01
1.22167e+17	9.9786e+03	1.029e-16	4.6416e+03	2.9032e+03	2.4470e-11	4.5206e-01	5.4794e-01	1.2311e-01	8.7372e-01	3.1681e-03	1.3942e-12	6.1987e-04	7.1307e-01	2.8616e-01	1.3904e-04	5.0081e-01	4.9187e-01	7.3124e-03	4.1788e-06	6.1867e-07	1.1755e-36	4.2610e-19	0.00e+00	0.00e+00	7.4645e+01
1.22359e+17	9.9041e+03	9.662e-17	4.6416e+03	2.7961e+03	2.8054e-11	4.7290e-01	5.2710e-01	1.3276e-01	8.6402e-01	3.2184e-03	1.5726e-12	6.1433e-04	7.3074e-01	2.6851e-01	1.1837e-04	5.2244e-01	4.7154e-01	6.0122e-03	3.8053e-06	4.9496e-07	1.1755e-36	4.9093e-19	0.00e+00	0.00e+00	7.7155e+01
1.22544e+17	9.8222e+03	9.068e-17	4.6416e+03	2.6940e+03	3.2078e-11	4.9395e-01	5.0605e-01	1.4298e-01	8.5375e-01	3.2663e-03	1.7636e-12	6.0786e-04	7.4763e-01	2.5166e-01	1.0106e-04	5.4401e-01	4.5104e-01	4.9474e-03	3.4668e-06	3.9647e-07	1.1755e-36	5.6145e-19	0.00e+00	0.00e+00	7.9892e+01
1.22738e+17	9.7276e+03	8.455e-17	4.6416e+03	2.5856e+03	3.7122e-11	5.1746e-01	4.8254e-01	1.5480e-01	8.4188e-01	3.3165e-03	1.9921e-12	5.9967e-04	7.6514e-01	2.3417e-01	8.5383e-05	5.6778e-01	4.2822e-01	3.9928e-03	3.1277e-06	3.1076e-07	1.1755e-36	6.4853e-19	0.00e+00	0.00e+00	8.2919e+01
1.22933e+17	9.6404e+03	7.831e-17	4.6416e+03	2.4694e+03	4.2859e-11	5.4144e-01	4.5856e-01	1.6752e-01	8.2910e-01	3.3830e-03	2.2386e-12	5.8778e-04	7.8193e-01	2.1740e-01	7.2256e-05	5.9172e-01	4.0508e-01	3.1957e-03	2.8167e-06	2.4170e-07	1.1755e-36	7.4449e-19	0.00e+00	0.00e+00	8.5941e+01
1.23080e+17	9.5782e+03	7.360e-17	4.6416e+03	2.3762e+03	4.7692e-11	5.5957e-01	4.4043e-01	1.7772e-01	8.1884e-01	3.4448e-03	2.4331e-12	5.7614e-04	7.9400e-01	2.0535e-01	6.4053e-05	6.0962e-01	3.8768e-01	2.6891e-03	2.6017e-06	1.9921e-07	1.1755e-36	8.2094e-19	0.00e+00	0.00e+00	8.7643e+01
1.23169e+17	9.5308e+03	7.082e-17	4.6416e+03	2.3276e+03	5.0674e-11	5.6911e-01	4.3089e-01	1.8469e-01	8.1184e-01	3.4700e-03	2.5437e-12	5.7091e-04	8.0151e-01	1.9786e-01	5.9638e-05	6.1901e-01	3.7855e-01	2.4360e-03	2.4948e-06	1.7855e-07	1.1755e-36	8.6152e-19	0.00e+00	0.00e+00	8.8867e+01
1.23253e+17	9.4839e+03	6.821e-17	4.6416e+03	2.2823e+03	5.3724e-11	5.7826e-01	4.2174e-01	1.9163e-01	8.0488e-01	3.4893e-03	2.6545e-12	5.6596e-04	8.0864e-01	1.9073e-01	5.5604e-05	6.2797e-01	3.6982e-01	2.2144e-03	2.3962e-06	1.6067e-07	1.1755e-36	9.0265e-19	0.00e+00	0.00e+00	9.0485e+01
1.23363e+17	9.4225e+03	6.488e-17	4.6416e+03	2.2188e+03	5.8195e-11	5.9126e-01	4.0874e-01	2.0071e-01	7.9577e-01	3.5231e-03	2.8104e-12	5.5769e-04	8.1748e-01	1.8191e-01	5.0788e-05	6.4059e-01	3.5746e-01	1.9447e-03	2.2625e-06	1.3912e-07	1.1755e-36	9.6231e-19	0.00e+00	0.00e+00	9.2635e+01
1.23484e+17	9.3595e+03	6.127e-17	4.6416e+03	2.1439e+03	6.3669e-11	6.0664e-01	3.9336e-01	2.1091e-01	7.8552e-01	3.5732e-03	2.9959e-12	5.4649e-04	8.2669e-01	1.7271e-01	4.6076e-05	6.5541e-01	3.4292e-01	1.6734e-03	2.1129e-06	1.1755e-36	1.1755e-36	1.0356e-18	0.00e+00	0.00e+00	9.4751e+01
1.23592e+17	9.3012e+03	5.817e-17	4.6416e+03	2.0795e+03	6.8893e-11	6.2009e-01	3.7991e-01	2.2059e-01	7.7579e-01	3.6173e-03	3.1645e-12	5.3665e-04	8.3468e-01	1.6473e-01	4.2386e-05	6.6827e-01	3.3026e-01	1.4634e-03	1.9890e-06	1.1755e-36	1.1755e-36	1.1019e-18	0.00e+00	0.00e+00	9.6495e+01
1.23683e+17	9.2560e+03	5.554e-17	4.6416e+03	2.0244e+03	7.3345e-11	6.3045e-01	3.6955e-01	2.2906e-01	7.6729e-01	3.6561e-03	3.2981e-12	5.2764e-04	8.4122e-01	1.5821e-01	3.9600e-05	6.7814e-01	3.2055e-01	1.3094e-03	1.8974e-06	1.1755e-36	1.1755e-36	1.1522e-18	0.00e+00	0.00e+00	9.8103e+01
1.23777e+17	9.1938e+03	5.295e-17	4.6416e+03	1.9723e+03	7.8568e-11	6.4161e-01	3.5839e-01	2.3869e-01	7.5763e-01	3.6833e-03	3.4447e-12	5.1955e-04	8.4814e-01	1.5130e-01	3.6890e-05	6.8871e-01	3.1012e-01	1.1646e-03	1.8029e-06	1.1755e-36	1.1755e-36	1.2061e-18	0.00e+00	0.00e+00	9.9995e+01
1.23881e+17	9.1336e+03	5.012e-17	4.6416e+03	1.9101e+03	8.4788e-11	6.5411e-01	3.4589e-01	2.4914e-01	7.4714e-01	3.7247e-03	3.6144e-12	5.0883e-04	8.5523e-01	1.4423e-01	3.4227e-05	7.0048e-01	2.9850e-01	1.0203e-03	1.7014e-06	1.1755e-36	1.1755e-36	1.2713e-18	0.00e+00	0.00e+00	1.0204e+02
1.23984e+17	9.0741e+03	4.739e-17	4.6416e+03	1.8477e+03	9.1363e-11	6.6661e-01	3.3339e-01	2.5991e-01	7.3632e-01	3.7716e-03	3.7822e-12	4.9739e-04	8.6197e-01	1.3750e-01	3.1863e-05	7.1217e-01	2.8694e-01	8.9267e-04	1.6042e-06	1.1755e-36	1.1755e-36	1.3339e-18	0.00e+00	0.00e+00	1.0400e+02
1.24081e+17	9.0208e+03	4.490e-17	4.6416e+03	1.7896e+03	9.7701e-11	6.7761e-01	3.2239e-01	2.7021e-01	7.2598e-01	3.8173e-03	3.9312e-12	4.8629e-04	8.6796e-01	1.3152e-01	2.9915e-05	7.2240e-01	2.7681e-01	7.8926e-04	1.5219e-06	1.1755e-36	1.1755e-36	1.3869e-18	0.00e+00	0.00e+00	1.0583e+02
1.24174e+17	8.9530e+03	4.260e-17	4.6416e+03	1.7373e+03	1.0486e-10	6.8851e-01	3.1149e-01	2.8126e-01	7.1489e-01	3.8473e-03	4.0865e-12	4.7665e-04	8.7390e-01	1.2559e-01	2.8160e-05	7.3250e-01	2.6680e-01	6.9900e-04	1.4437e-06	1.1755e-36	1.1755e-36	1.4414e-18	0.00e+00	0.00e+00	1.0775e+02
1.24270e+17	8.8982e+03	4.027e-17	4.6416e+03	1.6810e+03	1.1202e-10	6.9914e-01	3.0086e-01	2.9232e-01	7.0379e-01	3.8913e-03	4.2341e-12	4.6531e-04	8.7948e-01	1.2002e-01	2.6574e-05	7.4229e-01	2.5709e-01	6.1750e-04	1.3697e-06	1.1755e-36	1.1755e-36	1.4908e-18	0.00e+00	0.00e+00	1.0973e+02
1.24368e+17	8.8296e+03	3.800e-17	4.6416e+03	1.6250e+03	1.2044e-10	7.1024e-01	2.8976e-01	3.0432e-01	6.9175e-01	3.9312e-03	4.3905e-12	4.5395e-04	8.8508e-01	1.1443e-01	2.5100e-05	7.5245e-01	2.4700e-01	5.4311e-04	1.2955e-06	1.1755e-36	1.1755e-36	1.5414e-18	0.00e+00	0.00e+00	1.1179e+02
1.24465e+17	8.7616e+03	3.584e-17	4.6416e+03	1.5709e+03	1.2940e-10	7.2122e-01	2.7878e-01	3.1669e-01	6.7934e-01	3.9681e-03	4.5494e-12	4.4279e-04	8.9042e-01	1.0911e-01	2.3786e-05	7.6247e-01	2.3705e-01	4.7758e-04	1.2245e-06	1.1755e-36	1.1755e-36	1.5927e-18	0.00e+00	0.00e+00	1.1380e+02
1.24558e+17	8.6972e+03	3.384e-17	4.6416e+03	1.5191e+03	1.3840e-10	7.3120e-01	2.6880e-01	3.2878e-01	6.6721e-01	4.0052e-03	4.6917e-12	4.3171e-04	8.9526e-01	1.0429e-01	2.2670e-05	7.7153e-01	2.2805e-01	4.2286e-04	1.1620e-06	1.1755e-36	1.1755e-36	1.6341e-18	0.00e+00	0.00e+00	1.1574e+02
1.24650e+17	8.6302e+03	3.195e-17	4.6416e+03	1.4695e+03	1.4800e-10	7.4079e-01	2.5921e-01	3.4123e-01	6.5474e-01	4.0367e-03	4.8300e-12	4.2097e-04	8.9989e-01	9.9668e-02	2.1676e-05	7.8019e-01	2.1943e-01	3.7517e-04	1.1040e-06	1.1755e-36	1.1755e-36	1.6716e-18	0.00e+00	0.00e+00	1.1775e+02
1.24744e+17	8.5632e+03	3.007e-17	4.6416e+03	1.4183e+03	1.5846e-10	7.5051e-01	2.4949e-01	3.5420e-01	6.4173e-01	4.0721e-03	4.9686e-12	4.0949e-04	9.0439e-01	9.5180e-02	2.0755e-05	7.8893e-01	2.1074e-01	3.3158e-04	1.0467e-06	1.1755e-36	1.1755e-36	1.7064e-18	0.00e+00	0.00e+00	1.1987e+02
1.24840e+17	8.4865e+03	2.825e-17	4.6416e+03	1.3680e+03	1.7046e-10	7.6058e-01	2.3942e-01	3.6808e-01	6.2781e-01	4.1013e-03	5.1142e-12	3.9815e-04	9.0882e-01	9.0758e-02	1.9904e-05	7.9795e-01	2.0176e-01	2.9204e-04	9.8926e-07	1.1755e-36	1.1755e-36	1.7417e-18	0.00e+00	0.00e+00	1.2201e+02
1.24933e+17	8.4117e+03	2.656e-17	4.6416e+03	1.3187e+03	1.8300e-10	7.6989e-01	2.3011e-01	3.8163e-01	6.1424e-01	4.1336e-03	5.2441e-12	3.8670e-04	9.1282e-01	8.6771e-02	1.9177e-05	8.0625e-01	1.9349e-01	2.5871e-04	9.3769e-07	1.1755e-36	1.1755e-36	1.7672e-18	0.00e+00	0.00e+00	1.2405e+02
1.25024e+17	8.3378e+03	2.501e-17	4.6416e+03	1.2731e+03	1.9592e-10	7.7844e-01	2.2156e-01	3.9523e-01	6.0061e-01	4.1574e-03	5.3639e-12	3.7598e-04	9.1654e-01	8.3061e-02	1.8547e-05	8.1384e-01	1.8592e-01	2.3056e-04	8.9152e-07	1.1755e-36	1.1755e-36	1.7864e-18	0.00e+00	0.00e+00	1.2610e+02
1.25115e+17	8.2614e+03	2.349e-17	4.6416e+03	1.2278e+03	2.1010e-10	7.8699e-01	2.1301e-01	4.0947e-01	5.8635e-01	4.1781e-03	5.4828e-12	3.6515e-04	9.2016e-01	7.9451e-02	1.7966e-05	8.2141e-01	1.7839e-01	2.0515e-04	8.4651e-07	1.1755e-36	1.1755e-36	1.8023e-18	0.00e+00	0.00e+00	1.2827e+02
1.25210e+17	8.1788e+03	2.200e-17	4.6416e+03	1.1809e+03	2.2641e-10	7.9579e-01	2.0421e-01	4.2429e-01	5.7151e-01	4.2008e-03	5.6019e-12	3.5364e-04	9.2366e-01	7.5969e-02	1.7427e-05	8.2916e-01	1.7066e-01	1.8196e-04	8.0141e-07	1.1755e-36	1.1755e-36	1.8143e-18	0.00e+00	0.00e+00	1.3050e+02
1.25304e+17	8.0887e+03	2.061e-17	4.6416e+03	1.1360e+03	2.4479e-10	8.0438e-01	1.9562e-01	4.3945e-01	5.5633e-01	4.2156e-03	5.7181e-12	3.4272e-04	9.2694e-01	7.2700e-02	1.6949e-05	8.3670e-01	1.6314e-01	1.6184e-04	7.5846e-07	1.1755e-36	1.1755e-36	1.8225e-18	0.00e+00	0.00e+00	1.3268e+02
1.25395e+17	8.0066e+03	1.934e-17	4.6416e+03	1.0939e+03	2.6306e-10	8.1198e-01	1.8802e-01	4.5408e-01	5.4169e-01	4.2301e-03	5.8140e-12	3.3212e-04	9.2986e-01	6.9795e-02	1.6546e-05	8.4335e-01	1.5650e-01	1.4520e-04	7.2129e-07	1.1755e-36	1.1755e-36	1.8204e-18	0.00e+00	0.00e+00	1.3478e+02
1.25484e+17	7.9217e+03	1.815e-17	4.6416e+03	1.0537e+03	2.8309e-10	8.1929e-01	1.8071e-01	4.6915e-01	5.2661e-01	4.2338e-03	5.9078e-12	3.2188e-04	9.3266e-01	6.7005e-02	1.6182e-05	8.4973e-01	1.5014e-01	1.3062e-04	6.8630e-07	1.1755e-36	1.1755e-36	1.8157e-18	0.00e+00	0.00e+00	1.3698e+02
1.25578e+17	7.8319e+03	1.696e-17	4.6416e+03	1.0119e+03	3.0600e-10	8.2679e-01	1.7321e-01	4.8486e-01	5.1090e-01	4.2404e-03	5.9976e-12	3.1115e-04	9.3536e-01	6.4315e-02	1.5840e-05	8.5624e-01	1.4364e-01	1.1721e-04	6.5115e-07	1.1755e-36	1.1755e-36	1.8046e-18	0.00e+00	0.00e+00	1.3930e+02
1.25673e+17	7.7402e+03	1.584e-17	4.6416e+03	9.7084e+02	3.3132e-10	8.3420e-01	1.6580e-01	5.0069e-01	4.9507e-01	4.2454e-03	6.0824e-12	3.0039e-04	9.3785e-01	6.1836e-02	1.5533e-05	8.6266e-01	1.3723e-01	1.0542e-04	6.1710e-07	1.1755e-36	1.1755e-36	1.7896e-18	0.00e+00	0.00e+00	1.4158e+02
1.25763e+17	7.6455e+03	1.484e-17	4.6416e+03	9.3351e+02	3.5888e-10	8.4088e-01	1.5912e-01	5.1621e-01	4.7956e-01	4.2383e-03	6.1580e-12	2.9058e-04	9.4009e-01	5.9605e-02	1.5274e-05	8.6844e-01	1.3147e-01	9.5710e-05	5.8702e-07	1.1755e-36	1.1755e-36	1.7708e-18	0.00e+00	0.00e+00	1.4374e+02
1.25851e+17	7.5400e+03	1.392e-17	4.6416e+03	8.9927e+02	3.9126e-10	8.4722e-01	1.5278e-01	5.3195e-01	4.6384e-01	4.2116e-03	6.2357e-12	2.8169e-04	9.4221e-01	5.7492e-02	1.5048e-05	8.7390e-01	1.2601e-01	8.7452e-05	5.5910e-07	1.1755e-36	1.1755e-36	1.7530e-18	0.00e+00	0.00e+00	1.4593e+02
1.25941e+17	7.4354e+03	1.303e-17	4.6416e+03	8.6440e+02	4.2698e-10	8.5339e-01	1.4661e-01	5.4794e-01	4.4788e-01	4.1875e-03	6.3024e-12	2.7240e-04	9.4421e-01	5.5507e-02	1.4841e-05	8.7920e-01	1.2072e-01	8.0033e-05	5.3232e-07	1.1755e-36	1.1755e-36	1.7275e-18	0.00e+00	0.00e+00	1.4824e+02
1.26034e+17	7.3272e+03	1.218e-17	4.6416e+03	8.2944e+02	4.6792e-10	8.5958e-01	1.4042e-01	5.6399e-01	4.3184e-01	4.1634e-03	6.3653e-12	2.6295e-04	9.4603e-01	5.3687e-02	1.4651e-05	8.8451e-01	1.1542e-01	7.3403e-05	5.0588e-07	1.1755e-36	1.1755e-36	1.6988e-18	0.00e+00	0.00e+00	1.5055e+02
1.26123e+17	7.2189e+03	1.142e-17	4.6416e+03	7.9707e+02	5.1294e-10	8.6523e-01	1.3477e-01	5.7959e-01	4.1628e-01	4.1318e-03	6.4206e-12	2.5413e-04	9.4766e-01	5.2074e-02	1.4490e-05	8.8934e-01	1.1059e-01	6.7871e-05	4.8210e-07	1.1755e-36	1.1755e-36	1.6684e-18	0.00e+00	0.00e+00	1.5276e+02
1.26209e+17	7.1096e+03	1.072e-17	4.6416e+03	7.6745e+02	5.6284e-10	8.7033e-01	1.2967e-01	5.9490e-01	4.0102e-01	4.0885e-03	6.4706e-12	2.4605e-04	9.4913e-01	5.0606e-02	1.4353e-05	8.9370e-01	1.0624e-01	6.3259e-05	4.6100e-07	1.1755e-36	1.1755e-36	1.6377e-18	0.00e+00	0.00e+00	1.5494e+02
1.26297e+17	6.9902e+03	1.006e-17	4.6416e+03	7.3793e+02	6.2299e-10	8.7527e-01	1.2473e-01	6.1029e-01	3.8567e-01	4.0401e-03	6.5127e-12	2.3799e-04	9.5051e-01	4.9234e-02	1.4232e-05	8.9791e-01	1.0203e-01	5.9203e-05	4.4084e-07	1.1755e-36	1.1755e-36	1.6018e-18	0.00e+00	0.00e+00	1.5722e+02
1.26385e+17	6.8728e+03	9.434e-18	4.6416e+03	7.0903e+02	6.9062e-10	8.8018e-01	1.1982e-01	6.2563e-01	3.7038e-01	3.9896e-03	6.5578e-12	2.2994e-04	9.5176e-01	4.7991e-02	1.4120e-05	9.0209e-01	9.7854e-02	5.5566e-05	4.2100e-07	1.1755e-36	1.1755e-36	1.5689e-18	0.00e+00	0.00e+00	1.5951e+02
1.26473e+17	6.7537e+03	8.857e-18	4.6416e+03	6.8175e+02	7.6796e-10	8.8480e-01	1.1520e-01	6.4069e-01	3.5538e-01	3.9321e-03	6.6012e-12	2.2230e-04	9.5288e-01	4.6880e-02	1.4023e-05	9.0601e-01	9.3942e-02	5.2461e-05	4.0263e-07	1.1755e-36	1.1755e-36	1.5374e-18	0.00e+00	0.00e+00	1.6177e+02
1.26561e+17	6.6326e+03	8.325e-18	4.6416e+03	6.5604e+02	8.5706e-10	8.8908e-01	1.1092e-01	6.5551e-01	3.4063e-01	3.8666e-03	6.6442e-12	2.1507e-04	9.5389e-01	4.5876e-02	1.3941e-05	9.0964e-01	9.0314e-02	4.9817e-05	3.8577e-07	1.1755e-36	1.1755e-36	1.5080e-18	0.00e+00	0.00e+00	1.6404e+02
1.26649e+17	6.5094e+03	7.822e-18	4.6416e+03	6.3073e+02	9.6094e-10	8.9312e-01	1.0688e-01	6.7009e-01	3.2611e-01	3.7996e-03	6.6840e-12	2.0782e-04	9.5480e-01	4.4979e-02	1.3870e-05	9.1306e-01	8.6893e-02	4.7521e-05	3.7004e-07	1.1755e-36	1.1755e-36	1.4785e-18	0.00e+00	0.00e+00	1.6637e+02
1.26737e+17	6.3899e+03	7.353e-18	4.6416e+03	6.0660e+02	1.0774e-09	8.9700e-01	1.0300e-01	6.8440e-01	3.1187e-01	3.7291e-03	6.7278e-12	2.0090e-04	9.5559e-01	4.4190e-02	1.3806e-05	9.1634e-01	8.3616e-02	4.5509e-05	3.5506e-07	1.1755e-36	1.1755e-36	1.4538e-18	0.00e+00	0.00e+00	1.6870e+02
1.26826e+17	6.2614e+03	6.920e-18	4.6416e+03	5.8406e+02	1.2209e-09	9.0077e-01	9.9225e-02	6.9870e-01	2.9766e-01	3.6440e-03	6.7858e-12	1.9450e-04	9.5632e-01	4.3466e-02	1.3753e-05	9.1952e-01	8.0435e-02	4.3787e-05	3.4068e-07	1.1755e-36	1.1755e-36	1.4384e-18	0.00e+00	0.00e+00	1.7106e+02
1.26917e+17	6.1279e+03	6.510e-18	4.6416e+03	5.6181e+02	1.3951e-09	9.0435e-01	9.5647e-02	7.1284e-01	2.8360e-01	3.5553e-03	6.8477e-12	1.8810e-04	9.5697e-01	4.2826e-02	1.3708e-05	9.2254e-01	7.7418e-02	4.2302e-05	3.2716e-07	1.1755e-36	1.1755e-36	1.4271e-18	0.00e+00	0.00e+00	1.7351e+02
1.27010e+17	5.9924e+03	6.124e-18	4.6416e+03	5.4014e+02	1.6044e-09	9.0783e-01	9.2171e-02	7.2673e-01	2.6981e-01	3.4635e-03	6.9221e-12	1.8183e-04	9.5752e-01	4.2287e-02	1.3670e-05	9.2547e-01	7.4490e-02	4.1014e-05	3.1413e-07	1.1755e-36	1.1755e-36	1.4248e-18	0.00e+00	0.00e+00	1.7599e+02
1.27103e+17	5.8561e+03	5.769e-18	4.6416e+03	5.1977e+02	1.8546e-09	9.1105e-01	8.8947e-02	7.4026e-01	2.5638e-01	3.3655e-03	7.0128e-12	1.7592e-04	9.5797e-01	4.1840e-02	1.3641e-05	9.2818e-01	7.1776e-02	3.9945e-05	3.0215e-07	1.1755e-36	1.1755e-36	1.4346e-18	0.00e+00	0.00e+00	1.7847e+02
1.27197e+17	5.7178e+03	5.441e-18	4.6416e+03	5.0057e+02	2.1585e-09	9.1405e-01	8.5946e-02	7.5347e-01	2.4327e-01	3.2610e-03	7.1264e-12	1.7035e-04	9.5835e-01	4.1462e-02	1.3620e-05	9.3071e-01	6.9248e-02	3.9060e-05	2.9109e-07	1.1755e-36	1.1755e-36	1.4602e-18	0.00e+00	0.00e+00	1.8102e+02
1.27294e+17	5.5754e+03	5.132e-18	4.6416e+03	4.8188e+02	2.5364e-09	9.1696e-01	8.3040e-02	7.6649e-01	2.3036e-01	3.1516e-03	7.2727e-12	1.6493e-04	9.5867e-01	4.1153e-02	1.3604e-05	9.3316e-01	6.6803e-02	3.8313e-05	2.8047e-07	1.1755e-36	1.1755e-36	1.5068e-18	0.00e+00	0.00e+00	1.8368e+02
1.27395e+17	5.4296e+03	4.840e-18	4.6416e+03	4.6368e+02	3.0088e-09	9.1979e-01	8.0215e-02	7.7924e-01	2.1772e-01	3.0391e-03	7.4625e-12	1.5964e-04	9.5890e-01	4.0930e-02	1.3595e-05	9.3554e-01	6.4426e-02	3.7690e-05	2.7021e-07	1.1755e-36	1.1755e-36	1.5817e-18	0.00e+00	0.00e+00	1.8643e+02
1.27498e+17	5.2824e+03	4.570e-18	4.6416e+03	4.4639e+02	3.5956e-09	9.2244e-01	7.7555e-02	7.9156e-01	2.0552e-01	2.9233e-03	7.7083e-12	1.5463e-04	9.5904e-01	4.0791e-02	1.3592e-05	9.3777e-01	6.2188e-02	3.7198e-05	2.6061e-07	1.1755e-36	1.1755e-36	1.6948e-18	0.00e+00	0.00e+00	1.8924e+02
1.27603e+17	5.1337e+03	4.321e-18	4.6416e+03	4.3012e+02	4.3280e-09	9.2492e-01	7.5075e-02	8.0347e-01	1.9373e-01	2.8035e-03	8.0279e-12	1.4993e-04	9.5912e-01	4.0718e-02	1.3595e-05	9.3986e-01	6.0099e-02	3.6825e-05	2.5173e-07	1.1755e-36	1.1755e-36	1.8601e-18	0.00e+00	0.00e+00	1.9216e+02
1.27713e+17	4.9836e+03	4.090e-18	4.6416e+03	4.1461e+02	5.2422e-09	9.2728e-01	7.2722e-02	8.1493e-01	1.8239e-01	2.6819e-03	8.4320e-12	1.4550e-04	9.5917e-01	4.0667e-02	1.3603e-05	9.4185e-01	5.8116e-02	3.6553e-05	2.4335e-07	1.1755e-36	1.1755e-36	2.0888e-18	0.00e+00	0.00e+00	1.9518e+02
1.27824e+17	4.8335e+03	3.882e-18	4.6416e+03	4.0015e+02	6.3373e-09	9.2946e-01	7.0536e-02	8.2564e-01	1.7180e-01	2.5622e-03	8.8100e-12	1.4147e-04	9.5958e-01	4.0268e-02	1.3613e-05	9.4369e-01	5.6271e-02	3.6383e-05	2.3561e-07	1.1755e-36	1.1755e-36	2.3081e-18	0.00e+00	0.00e+00	1.9820e+02
1.27933e+17	4.6928e+03	3.702e-18	4.6416e+03	3.8749e+02	7.5852e-09	9.3135e-01	6.8647e-02	8.3534e-01	1.6221e-01	2.4472e-03	9.2061e-12	1.3801e-04	9.5993e-01	3.9917e-02	1.3628e-05	9.4529e-01	5.4673e-02	3.6300e-05	2.2897e-07	1.1755e-36	1.1755e-36	2.5621e-18	0.00e+00	0.00e+00	2.0113e+02
1.28040e+17	4.5567e+03	3.544e-18	4.6416e+03	3.7627e+02	9.0239e-09	9.3301e-01	6.6991e-02	8.4422e-01	1.5345e-01	2.3352e-03	9.6242e-12	1.3503e-04	9.6028e-01	3.9567e-02	1.3647e-05	9.4670e-01	5.3267e-02	3.6293e-05	2.2318e-07	1.1755e-36	1.1755e-36	2.8562e-18	0.00e+00	0.00e+00	2.0406e+02
1.28148e+17	4.4342e+03	3.404e-18	4.6416e+03	3.6612e+02	1.0531e-08	9.3449e-01	6.5507e-02	8.5224e-01	1.4553e-01	2.2326e-03	1.0029e-11	1.3236e-04	9.6059e-01	3.9262e-02	1.3666e-05	9.4796e-01	5.2007e-02	3.6308e-05	2.1801e-07	1.1755e-36	1.1755e-36	3.1613e-18	0.00e+00	0.00e+00	2.0701e+02
1.28239e+17	4.3407e+03	3.302e-18	4.6416e+03	3.5829e+02	1.1811e-08	9.3557e-01	6.4425e-02	8.5811e-01	1.3973e-01	2.1577e-03	1.0340e-11	1.3023e-04	9.6065e-01	3.9206e-02	1.3683e-05	9.4888e-01	5.1087e-02	3.6345e-05	2.1425e-07	1.1755e-36	1.1755e-36	3.4117e-18	0.00e+00	0.00e+00	2.0907e+02
1.28312e+17	4.2567e+03	3.231e-18	4.6416e+03	3.5358e+02	1.3058e-08	9.3616e-01	6.3836e-02	8.6315e-01	1.3477e-01	2.0795e-03	1.0621e-11	1.2927e-04	9.6087e-01	3.8983e-02	1.3704e-05	9.4940e-01	5.0568e-02	3.6455e-05	2.1225e-07	1.1755e-36	1.1755e-36	3.6539e-18	0.00e+00	0.00e+00	2.1098e+02
1.28383e+17	4.1855e+03	3.164e-18	4.6416e+03	3.4904e+02	1.4176e-08	9.3676e-01	6.3241e-02	8.6766e-01	1.3033e-01	2.0123e-03	1.0857e-11	1.2826e-04	9.6110e-01	3.8760e-02	1.3721e-05	9.4991e-01	5.0049e-02	3.6532e-05	2.1020e-07	1.1755e-36	1.1755e-36	3.8617e-18	0.00e+00	0.00e+00	2.1297e+02
1.28465e+17	4.1051e+03	3.088e-18	4.6416e+03	3.4356e+02	1.5491e-08	9.3761e-01	6.2386e-02	8.7244e-01	1.2561e-01	1.9429e-03	1.1119e-11	1.2702e-04	9.6140e-01	3.8456e-02	1.3737e-05	9.5064e-01	4.9320e-02	3.6611e-05	2.0726e-07	1.1755e-36	1.1755e-36	4.0971e-18	0.00e+00	0.00e+00	2.1551e+02
1.28565e+17	4.0186e+03	2.999e-18	4.6416e+03	3.3616e+02	1.6926e-08	9.3872e-01	6.1283e-02	8.7720e-01	1.2092e-01	1.8823e-03	1.1370e-11	1.2510e-04	9.6163e-01	3.8226e-02	1.3752e-05	9.5158e-01	4.8386e-02	3.6680e-05	2.0343e-07	1.1755e-36	1.1755e-36	4.3249e-18	0.00e+00	0.00e+00	2.1849e+02
1.28684e+17	3.9237e+03	2.905e-18	4.6416e+03	3.2829e+02	1.8492e-08	9.3996e-01	6.0039e-02	8.8219e-01	1.1599e-01	1.8170e-03	1.1606e-11	1.2314e-04	9.6189e-01	3.7971e-02	1.3769e-05	9.5263e-01	4.7336e-02	3.6768e-05	1.9911e-07	1.1755e-36	1.1755e-36	4.5417e-18	0.00e+00	0.00e+00	2.2202e+02
###########################
8.20688e+12	1.2915e+04	1.472e-16	4.6416e+03	5.3859e+03	1.1613e-16	1.5385e-03	9.9846e-01	2.3093e-04	1.3999e-01	8.5977e-01	4.9245e-21	7.4390e-06	1.4046e-02	4.5739e-01	3.9332e-01	6.4705e-06	5.0111e-03	2.8184e-01	6.3352e-01	7.7725e-02	1.8716e-03	1.3478e-28	0.00e+00	0.00e+00	7.3989e-04
4.92413e+13	1.2900e+04	1.469e-16	4.6416e+03	5.3834e+03	1.0941e-16	1.5356e-03	9.9846e-01	2.3068e-04	1.3997e-01	8.5979e-01	4.5746e-21	7.0403e-06	1.4013e-02	4.5693e-01	3.9391e-01	6.4369e-06	4.9955e-03	2.8228e-01	6.3324e-01	7.7579e-02	1.8686e-03	1.1732e-28	0.00e+00	0.00e+00	3.6940e-03
2.13379e+14	1.2876e+04	1.463e-16	4.6416e+03	5.3824e+03	1.0949e-16	1.5288e-03	9.9847e-01	2.3063e-04	1.4033e-01	8.5944e-01	4.5128e-21	7.0451e-06	1.3992e-02	4.5787e-01	3.9412e-01	6.3633e-06	4.9625e-03	2.8438e-01	6.3183e-01	7.6938e-02	1.8519e-03	1.1609e-28	0.00e+00	0.00e+00	1.5457e-02
8.69929e+14	1.2797e+04	1.448e-16	4.6416e+03	5.3814e+03	1.0926e-16	1.5130e-03	9.9849e-01	2.3242e-04	1.4291e-01	8.5685e-01	4.3171e-21	7.0049e-06	1.3977e-02	4.6312e-01	3.9350e-01	6.1789e-06	4.8766e-03	2.9328e-01	6.2563e-01	7.4392e-02	1.7827e-03	1.1061e-28	0.00e+00	0.00e+00	6.2027e-02
2.07798e+15	1.2546e+04	1.394e-16	4.6416e+03	5.3815e+03	1.0622e-16	1.4365e-03	9.9856e-01	2.2739e-04	1.4314e-01	8.5663e-01	3.5437e-21	6.5005e-06	1.3653e-02	4.6550e-01	3.9660e-01	5.4325e-06	4.5357e-03	3.0439e-01	6.1882e-01	7.0511e-02	1.7046e-03	9.0464e-29	0.00e+00	0.00e+00	1.1951e-01
3.64845e+15	1.2323e+04	1.351e-16	4.6416e+03	5.3804e+03	1.0012e-16	1.3734e-03	9.9863e-01	2.2858e-04	1.4718e-01	8.5259e-01	2.9394e-21	6.1936e-06	1.3518e-02	4.7339e-01	3.9648e-01	4.9652e-06	4.3526e-03	3.2069e-01	6.0755e-01	6.5779e-02	1.5961e-03	7.1633e-29	0.00e+00	0.00e+00	1.9094e-01
5.69006e+15	1.2115e+04	1.316e-16	4.6416e+03	5.3769e+03	9.5376e-17	1.3176e-03	9.9868e-01	2.3694e-04	1.5626e-01	8.4350e-01	2.5456e-21	6.0268e-06	1.3549e-02	4.8762e-01	3.9272e-01	4.6847e-06	4.2957e-03	3.4497e-01	5.8944e-01	5.9821e-02	1.4505e-03	5.9492e-29	0.00e+00	0.00e+00	2.8004e-01
8.34415e+15	1.1916e+04	1.290e-16	4.6416e+03	5.3703e+03	9.2212e-17	1.2708e-03	9.9873e-01	2.5745e-04	1.7363e-01	8.2611e-01	2.3484e-21	6.0389e-06	1.3830e-02	5.1036e-01	3.8362e-01	4.6378e-06	4.4210e-03	3.8190e-01	5.6018e-01	5.2212e-02	1.2582e-03	5.2755e-29	0.00e+00	0.00e+00	3.9176e-01
1.17945e+16	1.1731e+04	1.274e-16	4.6416e+03	5.3574e+03	9.0321e-17	1.2375e-03	9.9876e-01	3.0153e-04	2.0656e-01	7.9313e-01	2.3696e-21	6.3111e-06	1.4502e-02	5.4445e-01	3.6656e-01	4.9609e-06	4.8563e-03	4.3972e-01	5.1194e-01	4.2451e-02	1.0095e-03	5.0818e-29	0.00e+00	0.00e+00	5.3318e-01
1.52638e+16	1.1591e+04	1.268e-16	4.6416e+03	5.3390e+03	8.5709e-17	1.1956e-03	9.9880e-01	3.6589e-04	2.5576e-01	7.4388e-01	2.3097e-21	6.5545e-06	1.5146e-02	5.8053e-01	3.4572e-01	5.3221e-06	5.3947e-03	5.0936e-01	4.5145e-01	3.3001e-02	7.7968e-04	4.7573e-29	0.00e+00	0.00e+00	6.3962e-01
1.78768e+16	1.1513e+04	1.274e-16	4.6416e+03	5.3189e+03	8.4250e-17	1.1833e-03	9.9882e-01	4.4453e-04	3.1155e-01	6.8800e-01	2.4555e-21	6.9286e-06	1.5884e-02	6.1010e-01	3.2692e-01	5.9739e-06	6.1012e-03	5.7378e-01	3.9373e-01	2.5773e-02	6.0446e-04	4.9390e-29	0.00e+00	0.00e+00	7.1547e-01
1.99049e+16	1.1468e+04	1.278e-16	4.6416e+03	5.2940e+03	8.5213e-17	1.1891e-03	9.9881e-01	5.2855e-04	3.6821e-01	6.3126e-01	2.7278e-21	7.3519e-06	1.6607e-02	6.3286e-01	3.1173e-01	6.7976e-06	6.8761e-03	6.2950e-01	3.4279e-01	2.0341e-02	4.7350e-04	5.4408e-29	0.00e+00	0.00e+00	7.8057e-01
2.17160e+16	1.1411e+04	1.279e-16	4.6416e+03	5.2695e+03	8.8341e-17	1.2061e-03	9.9879e-01	6.2366e-04	4.2928e-01	5.7010e-01	3.0983e-21	7.8225e-06	1.7352e-02	6.5231e-01	2.9826e-01	7.7889e-06	7.7268e-03	6.8127e-01	2.9478e-01	1.5842e-02	3.6612e-04	6.1862e-29	0.00e+00	0.00e+00	8.4254e-01
2.34328e+16	1.1342e+04	1.275e-16	4.6416e+03	5.2414e+03	9.2899e-17	1.2299e-03	9.9877e-01	7.2966e-04	4.9528e-01	5.0399e-01	3.5374e-21	8.3154e-06	1.8093e-02	6.6923e-01	2.8620e-01	8.9364e-06	8.6459e-03	7.2976e-01	2.4923e-01	1.2074e-02	2.7760e-04	7.1064e-29	0.00e+00	0.00e+00	9.0309e-01
2.50965e+16	1.1249e+04	1.264e-16	4.6416e+03	5.2151e+03	9.9914e-17	1.2623e-03	9.9874e-01	8.4748e-04	5.6450e-01	4.3465e-01	4.0903e-21	8.8595e-06	1.8859e-02	6.8420e-01	2.7518e-01	1.0268e-05	9.6269e-03	7.7421e-01	2.0697e-01	8.9736e-03	2.0568e-04	8.3319e-29	0.00e+00	0.00e+00	9.6401e-01
2.66853e+16	1.1142e+04	1.246e-16	4.6416e+03	5.1882e+03	1.0827e-16	1.2983e-03	9.9870e-01	9.6477e-04	6.3119e-01	3.6784e-01	4.6729e-21	9.3814e-06	1.9566e-02	6.9670e-01	2.6574e-01	1.1656e-05	1.0574e-02	8.1216e-01	1.7050e-01	6.6055e-03	1.5153e-04	9.6576e-29	0.00e+00	0.00e+00	1.0222e+00
2.84452e+16	1.0995e+04	1.216e-16	4.6416e+03	5.1590e+03	1.2169e-16	1.3503e-03	9.9865e-01	1.0964e-03	7.0054e-01	2.9836e-01	5.5424e-21	1.0040e-05	2.0409e-02	7.0899e-01	2.5610e-01	1.3461e-05	1.1676e-02	8.4815e-01	1.3547e-01	4.5920e-03	1.0581e-04	1.1667e-28	0.00e+00	0.00e+00	1.1009e+00
3.07330e+16	1.0784e+04	1.172e-16	4.6416e+03	5.1301e+03	1.4421e-16	1.4272e-03	9.9857e-01	1.2555e-03	7.7661e-01	2.2213e-01	6.8725e-21	1.0922e-05	2.1463e-02	7.2237e-01	2.4505e-01	1.5918e-05	1.2987e-02	8.8404e-01	1.0003e-01	2.8559e-03	6.6615e-05	1.4854e-28	0.00e+00	0.00e+00	1.2091e+00
3.32513e+16	1.0567e+04	1.125e-16	4.6416e+03	5.1043e+03	1.7166e-16	1.5124e-03	9.9849e-01	1.3978e-03	8.3889e-01	1.5971e-01	8.3748e-21	1.1813e-05	2.2462e-02	7.3378e-01	2.3514e-01	1.8545e-05	1.4203e-02	9.1125e-01	7.2726e-02	1.7574e-03	4.1758e-05	1.8526e-28	0.00e+00	0.00e+00	1.3177e+00
3.60692e+16	1.0359e+04	1.079e-16	4.6416e+03	5.0841e+03	2.0928e-16	1.6204e-03	9.9838e-01	1.5290e-03	8.8632e-01	1.1216e-01	1.0533e-20	1.2880e-05	2.3570e-02	7.4418e-01	2.2552e-01	2.1731e-05	1.5438e-02	9.3137e-01	5.2057e-02	1.0824e-03	2.6030e-05	2.3931e-28	0.00e+00	0.00e+00	1.4689e+00
3.95450e+16	1.0178e+04	1.039e-16	4.6416e+03	5.0684e+03	2.5865e-16	1.7587e-03	9.9824e-01	1.6507e-03	9.2228e-01	7.6074e-02	1.3534e-20	1.4151e-05	2.4776e-02	7.5408e-01	2.1582e-01	2.5736e-05	1.6721e-02	9.4630e-01	3.6253e-02	6.7933e-04	1.6046e-05	3.1735e-28	0.00e+00	0.00e+00	1.6630e+00
4.34995e+16	1.0064e+04	1.014e-16	4.6416e+03	5.0579e+03	3.2001e-16	1.9287e-03	9.9807e-01	1.7560e-03	9.4620e-01	5.2041e-02	1.7719e-20	1.5576e-05	2.6002e-02	7.6300e-01	2.0665e-01	3.0643e-05	1.7994e-02	9.5608e-01	2.5419e-02	4.6966e-04	1.0242e-05	4.3552e-28	0.00e+00	0.00e+00	1.8971e+00
4.78495e+16	1.0017e+04	1.004e-16	4.6416e+03	5.0505e+03	3.9412e-16	2.1421e-03	9.9786e-01	1.8564e-03	9.6167e-01	3.6475e-02	2.3822e-20	1.7267e-05	2.7347e-02	7.7130e-01	1.9768e-01	3.7115e-05	1.9407e-02	9.6207e-01	1.8115e-02	3.6323e-04	6.7891e-06	6.1681e-28	0.00e+00	0.00e+00	2.1831e+00
5.17218e+16	1.0042e+04	1.009e-16	4.6416e+03	5.0461e+03	4.7124e-16	2.3614e-03	9.9764e-01	1.9315e-03	9.6995e-01	2.8116e-02	3.1226e-20	1.8797e-05	2.8456e-02	7.7769e-01	1.9057e-01	4.4075e-05	2.0694e-02	9.6491e-01	1.4031e-02	3.1742e-04	5.0017e-06	8.6748e-28	0.00e+00	0.00e+00	2.4037e+00
5.46069e+16	1.0087e+04	1.018e-16	4.6416e+03	5.0433e+03	5.4470e-16	2.5520e-03	9.9745e-01	1.9868e-03	9.7440e-01	2.3615e-02	3.9255e-20	2.0071e-05	2.9352e-02	7.8242e-01	1.8519e-01	5.0498e-05	2.1754e-02	9.6615e-01	1.1747e-02	2.9621e-04	4.0425e-06	1.1663e-27	0.00e+00	0.00e+00	2.5968e+00
5.75771e+16	1.0141e+04	1.030e-16	4.6416e+03	5.0409e+03	6.3696e-16	2.7757e-03	9.9722e-01	2.0552e-03	9.7811e-01	1.9830e-02	5.1000e-20	2.1623e-05	3.0446e-02	7.8755e-01	1.7919e-01	5.8731e-05	2.3028e-02	9.6685e-01	9.7759e-03	2.8031e-04	3.2451e-06	1.6220e-27	0.00e+00	0.00e+00	2.8699e+00
6.08526e+16	1.0225e+04	1.049e-16	4.6416e+03	5.0386e+03	7.5781e-16	3.0578e-03	9.9694e-01	2.1267e-03	9.8113e-01	1.6744e-02	6.8620e-20	2.3412e-05	3.1672e-02	7.9315e-01	1.7257e-01	6.9809e-05	2.4568e-02	9.6697e-01	8.1235e-03	2.6892e-04	2.5907e-06	2.3730e-27	0.00e+00	0.00e+00	3.1560e+00
6.37739e+16	1.0318e+04	1.071e-16	4.6416e+03	5.0364e+03	8.8694e-16	3.3524e-03	9.9665e-01	2.1968e-03	9.8318e-01	1.4619e-02	9.0959e-20	2.5203e-05	3.2881e-02	7.9829e-01	1.6639e-01	8.2499e-05	2.6197e-02	9.6651e-01	6.9457e-03	2.6189e-04	2.1330e-06	3.3945e-27	0.00e+00	0.00e+00	3.4162e+00
6.62524e+16	1.0409e+04	1.092e-16	4.6416e+03	5.0342e+03	1.0164e-15	3.6385e-03	9.9636e-01	2.2653e-03	9.8461e-01	1.3125e-02	1.1725e-19	2.6901e-05	3.4030e-02	8.0284e-01	1.6083e-01	9.5993e-05	2.7809e-02	9.6574e-01	6.0950e-03	2.5733e-04	1.8095e-06	4.6644e-27	0.00e+00	0.00e+00	3.6623e+00
6.84343e+16	1.0482e+04	1.113e-16	4.6416e+03	5.0327e+03	1.1642e-15	3.9236e-03	9.9608e-01	2.3271e-03	9.8569e-01	1.1987e-02	1.4943e-19	2.8504e-05	3.5139e-02	8.0712e-01	1.5556e-01	1.1038e-04	2.9391e-02	9.6481e-01	5.4374e-03	2.5389e-04	1.5640e-06	6.3424e-27	0.00e+00	0.00e+00	3.8986e+00
7.04694e+16	1.0577e+04	1.133e-16	4.6416e+03	5.0305e+03	1.3042e-15	4.2164e-03	9.9578e-01	2.3994e-03	9.8654e-01	1.1060e-02	1.8780e-19	3.0223e-05	3.6278e-02	8.1111e-01	1.5054e-01	1.2666e-04	3.1100e-02	9.6363e-01	4.8871e-03	2.5139e-04	1.3643e-06	8.3911e-27	0.00e+00	0.00e+00	4.1475e+00
7.24590e+16	1.0645e+04	1.155e-16	4.6416e+03	5.0291e+03	1.4931e-15	4.5397e-03	9.9546e-01	2.4658e-03	9.8729e-01	1.0242e-02	2.4007e-19	3.1989e-05	3.7507e-02	8.1533e-01	1.4519e-01	1.4577e-04	3.2953e-02	9.6225e-01	4.4008e-03	2.4893e-04	1.1904e-06	1.1400e-26	0.00e+00	0.00e+00	4.4089e+00
7.43964e+16	1.0748e+04	1.175e-16	4.6416e+03	5.0270e+03	1.6761e-15	4.8832e-03	9.9512e-01	2.5367e-03	9.8791e-01	9.5535e-03	3.0473e-19	3.3906e-05	3.8784e-02	8.1937e-01	1.3998e-01	1.6811e-04	3.5006e-02	9.6060e-01	3.9765e-03	2.4713e-04	1.0430e-06	1.5249e-26	0.00e+00	0.00e+00	4.6821e+00
7.62411e+16	1.0821e+04	1.198e-16	4.6416e+03	5.0248e+03	1.9012e-15	5.2553e-03	9.9474e-01	2.6170e-03	9.8843e-01	8.9515e-03	3.8865e-19	3.5916e-05	4.0166e-02	8.2346e-01	1.3460e-01	1.9423e-04	3.7250e-02	9.5870e-01	3.6066e-03	2.4526e-04	9.1643e-07	2.0440e-26	0.00e+00	0.00e+00	4.9561e+00
7.79670e+16	1.0889e+04	1.220e-16	4.6416e+03	5.0233e+03	2.1626e-15	5.6395e-03	9.9436e-01	2.6949e-03	9.8887e-01	8.4394e-03	4.9567e-19	3.7913e-05	4.1563e-02	8.2738e-01	1.2937e-01	2.2338e-04	3.9589e-02	9.5665e-01	3.2891e-03	2.4353e-04	8.1041e-07	2.7533e-26	0.00e+00	0.00e+00	5.2324e+00
7.96168e+16	1.0966e+04	1.241e-16	4.6416e+03	5.0213e+03	2.4365e-15	6.0433e-03	9.9396e-01	2.7766e-03	9.8923e-01	7.9941e-03	6.2825e-19	4.0028e-05	4.3019e-02	8.3114e-01	1.2424e-01	2.5680e-04	4.2115e-02	9.5438e-01	3.0077e-03	2.4200e-04	7.1915e-07	3.6600e-26	0.00e+00	0.00e+00	5.5206e+00
8.12190e+16	1.1038e+04	1.263e-16	4.6416e+03	5.0192e+03	2.7490e-15	6.4772e-03	9.9352e-01	2.8646e-03	9.8954e-01	7.5945e-03	7.9854e-19	4.2269e-05	4.4570e-02	8.3483e-01	1.1907e-01	2.9574e-04	4.4880e-02	9.5183e-01	2.7529e-03	2.4046e-04	6.3869e-07	4.8702e-26	0.00e+00	0.00e+00	5.8199e+00
8.27636e+16	1.1110e+04	1.284e-16	4.6416e+03	5.0170e+03	3.0978e-15	6.9374e-03	9.9306e-01	2.9577e-03	9.8980e-01	7.2393e-03	1.0151e-18	4.4614e-05	4.6197e-02	8.3839e-01	1.1396e-01	3.4067e-04	4.7875e-02	9.4902e-01	2.5246e-03	2.3894e-04	5.6849e-07	6.4711e-26	0.00e+00	0.00e+00	6.1273e+00
8.42431e+16	1.1179e+04	1.305e-16	4.6416e+03	5.0138e+03	3.4699e-15	7.4262e-03	9.9257e-01	3.0604e-03	9.9002e-01	6.9226e-03	1.2833e-18	4.7095e-05	4.7913e-02	8.4178e-01	1.0892e-01	3.9259e-04	5.1126e-02	9.4592e-01	2.3195e-03	2.3744e-04	5.0709e-07	8.4814e-26	0.00e+00	0.00e+00	6.4421e+00
8.56581e+16	1.1239e+04	1.326e-16	4.6416e+03	5.0113e+03	3.9194e-15	7.9405e-03	9.9206e-01	3.1640e-03	9.9020e-01	6.6369e-03	1.6326e-18	4.9658e-05	4.9700e-02	8.4502e-01	1.0397e-01	4.5168e-04	5.4589e-02	9.4259e-01	2.1352e-03	2.3582e-04	4.5335e-07	1.1263e-25	0.00e+00	0.00e+00	6.7639e+00
8.70232e+16	1.1294e+04	1.347e-16	4.6416e+03	5.0092e+03	4.4309e-15	8.4837e-03	9.9152e-01	3.2725e-03	9.9035e-01	6.3763e-03	2.0784e-18	5.2316e-05	5.1576e-02	8.4807e-01	9.9100e-02	5.1952e-04	5.8326e-02	9.3895e-01	1.9679e-03	2.3410e-04	4.0592e-07	1.4954e-25	0.00e+00	0.00e+00	7.0988e+00
8.83572e+16	1.1352e+04	1.368e-16	4.6416e+03	5.0065e+03	4.9969e-15	9.0682e-03	9.9093e-01	3.3886e-03	9.9047e-01	6.1376e-03	2.6482e-18	5.5171e-05	5.3576e-02	8.5096e-01	9.4266e-02	5.9888e-04	6.2431e-02	9.3492e-01	1.8132e-03	2.3233e-04	3.6338e-07	1.9798e-25	0.00e+00	0.00e+00	7.4497e+00
8.96541e+16	1.1407e+04	1.388e-16	4.6416e+03	5.0036e+03	5.6368e-15	9.6931e-03	9.9031e-01	3.5128e-03	9.9057e-01	5.9188e-03	3.3798e-18	5.8187e-05	5.5696e-02	8.5367e-01	8.9504e-02	6.9118e-04	6.6910e-02	9.3050e-01	1.6715e-03	2.3046e-04	3.2545e-07	2.6219e-25	0.00e+00	0.00e+00	7.8112e+00
9.09008e+16	1.1461e+04	1.409e-16	4.6416e+03	5.0005e+03	6.3521e-15	1.0353e-02	9.8965e-01	3.6440e-03	9.9064e-01	5.7199e-03	4.3090e-18	6.1334e-05	5.7913e-02	8.5613e-01	8.4880e-02	7.9721e-04	7.1736e-02	9.2570e-01	1.5425e-03	2.2850e-04	2.9196e-07	3.4634e-25	0.00e+00	0.00e+00	8.1815e+00
9.21011e+16	1.1506e+04	1.429e-16	4.6416e+03	4.9964e+03	7.1537e-15	1.1060e-02	9.8894e-01	3.7862e-03	9.9068e-01	5.5350e-03	5.4851e-18	6.4668e-05	6.0267e-02	8.5837e-01	8.0341e-02	9.2041e-04	7.6979e-02	9.2045e-01	1.4237e-03	2.2638e-04	2.6192e-07	4.5436e-25	0.00e+00	0.00e+00	8.5640e+00
9.32636e+16	1.1545e+04	1.449e-16	4.6416e+03	4.9933e+03	8.1155e-15	1.1807e-02	9.8819e-01	3.9352e-03	9.9070e-01	5.3631e-03	7.0313e-18	6.8168e-05	6.2740e-02	8.6034e-01	7.5941e-02	1.0619e-03	8.2626e-02	9.1477e-01	1.3149e-03	2.2406e-04	2.3521e-07	6.0426e-25	0.00e+00	0.00e+00	8.9599e+00
9.43981e+16	1.1589e+04	1.469e-16	4.6416e+03	4.9897e+03	9.1683e-15	1.2607e-02	9.8739e-01	4.0934e-03	9.9070e-01	5.2046e-03	9.0042e-18	7.1878e-05	6.5362e-02	8.6207e-01	7.1638e-02	1.2270e-03	8.8807e-02	9.0853e-01	1.2136e-03	2.2165e-04	2.1114e-07	7.9944e-25	0.00e+00	0.00e+00	9.3754e+00
9.55076e+16	1.1631e+04	1.489e-16	4.6416e+03	4.9857e+03	1.0375e-14	1.3469e-02	9.8653e-01	4.2638e-03	9.9068e-01	5.0561e-03	1.1569e-17	7.5820e-05	6.8158e-02	8.6353e-01	6.7427e-02	1.4204e-03	9.5583e-02	9.0166e-01	1.1194e-03	2.1904e-04	1.8939e-07	1.0603e-24	0.00e+00	0.00e+00	9.8072e+00
9.65845e+16	1.1671e+04	1.508e-16	4.6416e+03	4.9815e+03	1.1747e-14	1.4389e-02	9.8561e-01	4.4458e-03	9.9064e-01	4.9179e-03	1.4887e-17	7.9988e-05	7.1118e-02	8.6470e-01	6.3346e-02	1.6454e-03	1.0296e-01	8.9415e-01	1.0323e-03	2.1625e-04	1.6986e-07	1.4075e-24	0.00e+00	0.00e+00	1.0254e+01
9.76289e+16	1.1704e+04	1.528e-16	4.6416e+03	4.9758e+03	1.3305e-14	1.5385e-02	9.8461e-01	4.6434e-03	9.9057e-01	4.7871e-03	1.9157e-17	8.4402e-05	7.4275e-02	8.6555e-01	5.9370e-02	1.9094e-03	1.1102e-01	8.8591e-01	9.5093e-04	2.1324e-04	1.5216e-07	1.8600e-24	0.00e+00	0.00e+00	1.0718e+01
9.86448e+16	1.1723e+04	1.549e-16	4.6416e+03	4.9715e+03	1.5233e-14	1.6453e-02	9.8355e-01	4.8564e-03	9.9048e-01	4.6611e-03	2.4895e-17	8.9182e-05	7.7657e-02	8.6606e-01	5.5519e-02	2.2173e-03	1.1979e-01	8.7691e-01	8.7545e-04	2.0986e-04	1.3616e-07	2.4977e-24	0.00e+00	0.00e+00	1.1201e+01
9.96408e+16	1.1753e+04	1.568e-16	4.6416e+03	4.9664e+03	1.7353e-14	1.7603e-02	9.8240e-01	5.0834e-03	9.9037e-01	4.5454e-03	3.2337e-17	9.4238e-05	8.1250e-02	8.6623e-01	5.1796e-02	2.5794e-03	1.2942e-01	8.6699e-01	8.0482e-04	2.0632e-04	1.2171e-07	3.3411e-24	0.00e+00	0.00e+00	1.1712e+01
1.00621e+17	1.1780e+04	1.588e-16	4.6416e+03	4.9606e+03	1.9826e-14	1.8855e-02	9.8114e-01	5.3309e-03	9.9023e-01	4.4350e-03	4.2220e-17	9.9660e-05	8.5122e-02	8.6602e-01	4.8172e-02	3.0091e-03	1.4006e-01	8.5599e-01	7.3846e-04	2.0247e-04	1.1755e-36	4.4898e-24	0.00e+00	0.00e+00	1.2248e+01
1.01581e+17	1.1804e+04	1.608e-16	4.6416e+03	4.9545e+03	2.2706e-14	2.0214e-02	9.7979e-01	5.6001e-03	9.9007e-01	4.3302e-03	5.5365e-17	1.0547e-04	8.9283e-02	8.6539e-01	4.4672e-02	3.5177e-03	1.5175e-01	8.4385e-01	6.7634e-04	1.9830e-04	1.1755e-36	6.0575e-24	0.00e+00	0.00e+00	1.2810e+01
1.02521e+17	1.1823e+04	1.627e-16	4.6416e+03	4.9448e+03	2.6009e-14	2.1704e-02	9.7830e-01	5.8975e-03	9.8987e-01	4.2288e-03	7.2649e-17	1.1162e-04	9.3763e-02	8.6433e-01	4.1284e-02	4.1248e-03	1.6467e-01	8.3039e-01	6.1786e-04	1.9383e-04	1.1755e-36	8.1324e-24	0.00e+00	0.00e+00	1.3403e+01
1.03447e+17	1.1833e+04	1.648e-16	4.6416e+03	4.9379e+03	3.0154e-14	2.3343e-02	9.7666e-01	6.2225e-03	9.8965e-01	4.1307e-03	9.6711e-17	1.1848e-04	9.8664e-02	8.6274e-01	3.7999e-02	4.8516e-03	1.7895e-01	8.1545e-01	5.6269e-04	1.8880e-04	1.1755e-36	1.1154e-23	0.00e+00	0.00e+00	1.4031e+01
1.04363e+17	1.1838e+04	1.668e-16	4.6416e+03	4.9311e+03	3.5175e-14	2.5147e-02	9.7485e-01	6.5839e-03	9.8938e-01	4.0356e-03	1.2990e-16	1.2602e-04	1.0403e-01	8.6057e-01	3.4825e-02	5.7261e-03	1.9479e-01	7.9879e-01	5.1075e-04	1.8327e-04	1.1755e-36	1.5453e-23	0.00e+00	0.00e+00	1.4704e+01
1.05413e+17	1.1844e+04	1.692e-16	4.6416e+03	4.9218e+03	4.2083e-14	2.7459e-02	9.7254e-01	7.0465e-03	9.8903e-01	3.9266e-03	1.8359e-16	1.3550e-04	1.1081e-01	8.5736e-01	3.1283e-02	6.9555e-03	2.1505e-01	7.7737e-01	4.5380e-04	1.7634e-04	1.1755e-36	2.2563e-23	0.00e+00	0.00e+00	1.5660e+01
1.06523e+17	1.1848e+04	1.718e-16	4.6416e+03	4.9100e+03	5.1570e-14	3.0336e-02	9.6966e-01	7.6176e-03	9.8856e-01	3.8209e-03	2.7098e-16	1.4689e-04	1.1902e-01	8.5279e-01	2.7673e-02	8.6612e-03	2.4033e-01	7.5044e-01	3.9727e-04	1.6794e-04	1.1755e-36	3.4545e-23	0.00e+00	0.00e+00	1.6577e+01
1.07453e+17	1.1850e+04	1.739e-16	4.6416e+03	4.8965e+03	6.1707e-14	3.3137e-02	9.6686e-01	8.1773e-03	9.8809e-01	3.7373e-03	3.8184e-16	1.5766e-04	1.2689e-01	8.4787e-01	2.4746e-02	1.0506e-02	2.6487e-01	7.2411e-01	3.5235e-04	1.6003e-04	1.1755e-36	5.0155e-23	0.00e+00	0.00e+00	1.7382e+01
1.08257e+17	1.1841e+04	1.756e-16	4.6416e+03	4.8798e+03	7.2540e-14	3.5877e-02	9.6412e-01	8.7278e-03	9.8761e-01	3.6636e-03	5.1731e-16	1.6775e-04	1.3446e-01	8.4276e-01	2.2308e-02	1.2469e-02	2.8838e-01	6.9868e-01	3.1541e-04	1.5260e-04	1.1755e-36	6.9477e-23	0.00e+00	0.00e+00	1.8200e+01
1.09152e+17	1.1827e+04	1.776e-16	4.6416e+03	4.8636e+03	8.7688e-14	3.9268e-02	9.6073e-01	9.4200e-03	9.8700e-01	3.5785e-03	7.3419e-16	1.8044e-04	1.4377e-01	8.3605e-01	1.9720e-02	1.5107e-02	3.1674e-01	6.6774e-01	2.7675e-04	1.4366e-04	1.1755e-36	1.0155e-22	0.00e+00	0.00e+00	1.9364e+01
1.10137e+17	1.1811e+04	1.796e-16	4.6416e+03	4.8415e+03	1.0947e-13	4.3686e-02	9.5631e-01	1.0313e-02	9.8619e-01	3.4921e-03	1.1023e-15	1.9617e-04	1.5549e-01	8.2704e-01	1.7023e-02	1.8880e-02	3.5251e-01	6.2824e-01	2.3673e-04	1.3266e-04	1.1755e-36	1.5768e-22	0.00e+00	0.00e+00	2.0589e+01
1.10998e+17	1.1779e+04	1.816e-16	4.6416e+03	4.8213e+03	1.3625e-13	4.8370e-02	9.5163e-01	1.1263e-02	9.8532e-01	3.4174e-03	1.6221e-15	2.1246e-04	1.6759e-01	8.1722e-01	1.4754e-02	2.3233e-02	3.8826e-01	5.8819e-01	2.0337e-04	1.2173e-04	1.1755e-36	2.4017e-22	0.00e+00	0.00e+00	2.1675e+01
1.11713e+17	1.1745e+04	1.831e-16	4.6416e+03	4.8038e+03	1.6533e-13	5.2843e-02	9.4716e-01	1.2190e-02	9.8445e-01	3.3556e-03	2.2674e-15	2.2803e-04	1.7904e-01	8.0756e-01	1.2974e-02	2.7708e-02	4.2043e-01	5.5158e-01	1.7754e-04	1.1201e-04	1.1755e-36	3.4616e-22	0.00e+00	0.00e+00	2.2704e+01
1.12478e+17	1.1708e+04	1.844e-16	4.6416e+03	4.7814e+03	2.0383e-13	5.8208e-02	9.4179e-01	1.3306e-02	9.8341e-01	3.2887e-03	3.2464e-15	2.4589e-04	1.9243e-01	7.9594e-01	1.1198e-02	3.3410e-02	4.5601e-01	5.1033e-01	1.5220e-04	1.0138e-04	1.1755e-36	5.1088e-22	0.00e+00	0.00e+00	2.4178e+01
1.13329e+17	1.1668e+04	1.859e-16	4.6416e+03	4.7505e+03	2.6212e-13	6.5502e-02	9.3450e-01	1.4790e-02	9.8199e-01	3.2171e-03	4.9609e-15	2.6813e-04	2.0963e-01	7.8060e-01	9.3480e-03	4.1645e-02	4.9925e-01	4.5889e-01	1.2572e-04	8.8613e-05	1.1755e-36	8.0985e-22	0.00e+00	0.00e+00	2.5789e+01
1.14025e+17	1.1620e+04	1.869e-16	4.6416e+03	4.7158e+03	3.3074e-13	7.2847e-02	9.2715e-01	1.6291e-02	9.8054e-01	3.1641e-03	7.2207e-15	2.8940e-04	2.2624e-01	7.6539e-01	7.9333e-03	5.0409e-02	5.3736e-01	4.1205e-01	1.0551e-04	7.7445e-05	1.1755e-36	1.2211e-21	0.00e+00	0.00e+00	2.6968e+01
1.14508e+17	1.1588e+04	1.868e-16	4.6416e+03	4.6786e+03	3.8864e-13	7.8431e-02	9.2157e-01	1.7463e-02	9.7940e-01	3.1329e-03	9.3254e-15	3.0452e-04	2.3873e-01	7.5380e-01	7.0404e-03	5.7375e-02	5.6340e-01	3.7906e-01	9.3053e-05	6.9951e-05	1.1755e-36	1.6105e-21	0.00e+00	0.00e+00	2.7917e+01
1.14983e+17	1.1536e+04	1.870e-16	4.6416e+03	4.6522e+03	4.6140e-13	8.4590e-02	9.1541e-01	1.8776e-02	9.7813e-01	3.0924e-03	1.2117e-14	3.2163e-04	2.5226e-01	7.4111e-01	6.2005e-03	6.5141e-02	5.8788e-01	3.4683e-01	8.1724e-05	6.2605e-05	1.1755e-36	2.1447e-21	0.00e+00	0.00e+00	2.9247e+01
1.15600e+17	1.1475e+04	1.872e-16	4.6416e+03	4.6164e+03	5.8216e-13	9.3834e-02	9.0617e-01	2.0724e-02	9.7623e-01	3.0421e-03	1.7212e-14	3.4589e-04	2.7156e-01	7.2280e-01	5.1929e-03	7.7020e-02	6.1864e-01	3.0422e-01	6.8255e-05	5.3169e-05	1.1755e-36	3.1589e-21	0.00e+00	0.00e+00	3.1166e+01
1.16212e+17	1.1412e+04	1.868e-16	4.6416e+03	4.5580e+03	7.4928e-13	1.0508e-01	8.9492e-01	2.3040e-02	9.7395e-01	3.0061e-03	2.4847e-14	3.7126e-04	2.9331e-01	7.0195e-01	4.2834e-03	9.1750e-02	6.4819e-01	2.5996e-01	5.6000e-05	4.3859e-05	1.1755e-36	4.7422e-21	0.00e+00	0.00e+00	3.2787e+01
1.16660e+17	1.1365e+04	1.856e-16	4.6416e+03	4.5057e+03	9.1047e-13	1.1453e-01	8.8547e-01	2.5048e-02	9.7197e-01	2.9831e-03	3.2769e-14	3.9153e-04	3.1118e-01	6.8467e-01	3.6791e-03	1.0430e-01	6.6758e-01	2.2803e-01	4.8071e-05	3.7407e-05	1.1755e-36	6.4514e-21	0.00e+00	0.00e+00	3.4027e+01
1.17017e+17	1.1312e+04	1.846e-16	4.6416e+03	4.4640e+03	1.0713e-12	1.2288e-01	8.7712e-01	2.6873e-02	9.7017e-01	2.9603e-03	4.0965e-14	4.0900e-04	3.2667e-01	6.6961e-01	3.2339e-03	1.1537e-01	6.8075e-01	2.0380e-01	4.2434e-05	3.2618e-05	1.1755e-36	8.2646e-21	0.00e+00	0.00e+00	3.5272e+01
1.17415e+17	1.1242e+04	1.836e-16	4.6416e+03	4.4257e+03	1.2978e-12	1.3337e-01	8.6663e-01	2.9190e-02	9.6788e-01	2.9315e-03	5.3028e-14	4.3082e-04	3.4547e-01	6.5126e-01	2.7701e-03	1.2918e-01	6.9268e-01	1.7808e-01	3.6729e-05	2.7612e-05	1.1755e-36	1.1038e-20	0.00e+00	0.00e+00	3.7029e+01
1.17863e+17	1.1176e+04	1.815e-16	4.6416e+03	4.3603e+03	1.6178e-12	1.4679e-01	8.5321e-01	3.2110e-02	9.6498e-01	2.9128e-03	7.0934e-14	4.5429e-04	3.6788e-01	6.2931e-01	2.3060e-03	1.4680e-01	7.0284e-01	1.5030e-01	3.1006e-05	2.2465e-05	1.1755e-36	1.5308e-20	0.00e+00	0.00e+00	3.8949e+01
1.18274e+17	1.1105e+04	1.791e-16	4.6416e+03	4.2920e+03	2.0149e-12	1.6123e-01	8.3877e-01	3.5301e-02	9.6180e-01	2.8980e-03	9.3905e-14	4.7751e-04	3.9079e-01	6.0676e-01	1.9206e-03	1.6557e-01	7.0829e-01	1.2610e-01	2.6299e-05	1.8146e-05	1.1755e-36	2.1045e-20	0.00e+00	0.00e+00	4.0730e+01
1.18627e+17	1.1045e+04	1.761e-16	4.6416e+03	4.2204e+03	2.4394e-12	1.7481e-01	8.2519e-01	3.8399e-02	9.5871e-01	2.8913e-03	1.1921e-13	4.9702e-04	4.1164e-01	5.8618e-01	1.6289e-03	1.8308e-01	7.0967e-01	1.0722e-01	2.2817e-05	1.4924e-05	1.1755e-36	2.7598e-20	0.00e+00	0.00e+00	4.2412e+01
1.19005e+17	1.0963e+04	1.726e-16	4.6416e+03	4.1447e+03	3.0145e-12	1.9083e-01	8.0917e-01	4.2184e-02	9.5494e-01	2.8803e-03	1.5405e-13	5.1904e-04	4.3545e-01	5.6264e-01	1.3494e-03	2.0343e-01	7.0726e-01	8.9277e-02	1.9584e-05	1.1956e-05	1.1755e-36	3.6936e-20	0.00e+00	0.00e+00	4.4799e+01
1.19418e+17	1.0876e+04	1.680e-16	4.6416e+03	4.0455e+03	3.8575e-12	2.1141e-01	7.8859e-01	4.7023e-02	9.5010e-01	2.8790e-03	2.0626e-13	5.4235e-04	4.6352e-01	5.3482e-01	1.0822e-03	2.2911e-01	6.9959e-01	7.1277e-02	1.6407e-05	9.1091e-06	1.1755e-36	5.1720e-20	0.00e+00	0.00e+00	4.7270e+01
1.19777e+17	1.0783e+04	1.635e-16	4.6416e+03	3.9557e+03	4.8610e-12	2.3245e-01	7.6755e-01	5.2198e-02	9.4492e-01	2.8792e-03	2.6949e-13	5.6428e-04	4.9087e-01	5.0766e-01	8.7715e-04	2.5484e-01	6.8790e-01	5.7244e-02	1.3942e-05	6.9843e-06	1.1755e-36	7.0484e-20	0.00e+00	0.00e+00	4.9445e+01
1.20075e+17	1.0724e+04	1.582e-16	4.6416e+03	3.8582e+03	5.8347e-12	2.5046e-01	7.4954e-01	5.6888e-02	9.4022e-01	2.8928e-03	3.3168e-13	5.7869e-04	5.1369e-01	4.8497e-01	7.3391e-04	2.7663e-01	6.7600e-01	4.7354e-02	1.2244e-05	5.5734e-06	1.1755e-36	8.9567e-20	0.00e+00	0.00e+00	5.1488e+01
1.20395e+17	1.0627e+04	1.525e-16	4.6416e+03	3.7582e+03	7.1886e-12	2.7173e-01	7.2827e-01	6.2691e-02	9.3441e-01	2.9012e-03	4.1610e-13	5.9515e-04	5.3955e-01	4.5924e-01	5.9835e-04	3.0185e-01	6.5984e-01	3.8299e-02	1.0636e-05	4.3236e-06	1.1755e-36	1.1643e-19	0.00e+00	0.00e+00	5.4371e+01
1.20812e+17	1.0511e+04	1.442e-16	4.6416e+03	3.6102e+03	9.4566e-12	3.0260e-01	6.9740e-01	7.1295e-02	9.2578e-01	2.9245e-03	5.5754e-13	6.1216e-04	5.7390e-01	4.2502e-01	4.5239e-04	3.3769e-01	6.3385e-01	2.8447e-02	8.8183e-06	3.0338e-06	1.1755e-36	1.6396e-19	0.00e+00	0.00e+00	5.8544e+01
1.21227e+17	1.0384e+04	1.344e-16	4.6416e+03	3.4343e+03	1.2736e-11	3.3956e-01	6.6044e-01	8.2020e-02	9.1501e-01	2.9728e-03	7.5771e-13	6.2422e-04	6.1095e-01	3.8808e-01	3.3428e-04	3.7949e-01	6.0027e-01	2.0229e-02	7.1917e-06	2.0247e-06	1.1755e-36	2.3586e-19	0.00e+00	0.00e+00	6.2136e+01
1.21536e+17	1.0268e+04	1.263e-16	4.6416e+03	3.3008e+03	1.6007e-11	3.6994e-01	6.3006e-01	9.2020e-02	9.0497e-01	3.0106e-03	9.5280e-13	6.3237e-04	6.4070e-01	3.5839e-01	2.6253e-04	4.1309e-01	5.7154e-01	1.5362e-02	6.1550e-06	1.4633e-06	1.1755e-36	3.0899e-19	0.00e+00	0.00e+00	6.4910e+01
1.21778e+17	1.0191e+04	1.190e-16	4.6416e+03	3.1785e+03	1.8909e-11	3.9307e-01	6.0693e-01	1.0043e-01	8.9652e-01	3.0556e-03	1.1183e-12	6.3325e-04	6.6301e-01	3.3613e-01	2.1728e-04	4.3830e-01	5.4933e-01	1.2366e-02	5.4923e-06	1.1378e-06	1.1755e-36	3.7217e-19	0.00e+00	0.00e+00	6.7536e+01
1.22010e+17	1.0110e+04	1.120e-16	4.6416e+03	3.0642e+03	2.2230e-11	4.1681e-01	5.8319e-01	1.0954e-01	8.8736e-01	3.0984e-03	1.3048e-12	6.3316e-04	6.8470e-01	3.1448e-01	1.7992e-04	4.6375e-01	5.2630e-01	9.9488e-03	4.9072e-06	8.8408e-07	1.1755e-36	4.4571e-19	0.00e+00	0.00e+00	7.0432e+01
1.22256e+17	1.0002e+04	1.046e-16	4.6416e+03	2.9370e+03	2.6674e-11	4.4387e-01	5.5613e-01	1.2037e-01	8.7649e-01	3.1461e-03	1.5375e-12	6.3041e-04	7.0765e-01	2.9156e-01	1.4641e-04	4.9231e-01	4.9988e-01	7.8101e-03	4.3341e-06	6.6828e-07	1.1755e-36	5.4051e-19	0.00e+00	0.00e+00	7.3740e+01
1.22501e+17	9.9071e+03	9.687e-17	4.6416e+03	2.7999e+03	3.1798e-11	4.7207e-01	5.2793e-01	1.3229e-01	8.6450e-01	3.2121e-03	1.7972e-12	6.2272e-04	7.2998e-01	2.6927e-01	1.1900e-04	5.2158e-01	4.7236e-01	6.0590e-03	3.8188e-06	4.9930e-07	1.1755e-36	6.4884e-19	0.00e+00	0.00e+00	7.6988e+01
1.22714e+17	9.8095e+03	9.011e-17	4.6416e+03	2.6812e+03	3.7300e-11	4.9784e-01	5.0215e-01	1.4428e-01	8.5245e-01	3.2678e-03	2.0618e-12	6.1540e-04	7.4966e-01	2.4962e-01	9.8986e-05	5.4794e-01	4.4725e-01	4.8046e-03	3.4082e-06	3.8299e-07	1.1755e-36	7.6313e-19	0.00e+00	0.00e+00	7.9786e+01
1.22896e+17	9.7341e+03	8.412e-17	4.6416e+03	2.5732e+03	4.2371e-11	5.1901e-01	4.8099e-01	1.5521e-01	8.4147e-01	3.3262e-03	2.2900e-12	6.0575e-04	7.6572e-01	2.3358e-01	8.4774e-05	5.6933e-01	4.2674e-01	3.9352e-03	3.1058e-06	3.0569e-07	1.1755e-36	8.6057e-19	0.00e+00	0.00e+00	8.2421e+01
1.23066e+17	9.6621e+03	7.868e-17	4.6416e+03	2.4746e+03	4.7619e-11	5.3896e-01	4.6104e-01	1.6627e-01	8.3034e-01	3.3828e-03	2.5170e-12	5.9577e-04	7.8033e-01	2.1899e-01	7.3431e-05	5.8927e-01	4.0747e-01	3.2551e-03	2.8459e-06	2.4688e-07	1.1755e-36	9.5841e-19	0.00e+00	0.00e+00	8.5029e+01
1.23202e+17	9.5893e+03	7.443e-17	4.6416e+03	2.3940e+03	5.2682e-11	5.5580e-01	4.4420e-01	1.7595e-01	8.2062e-01	3.4277e-03	2.7179e-12	5.8693e-04	7.9189e-01	2.0745e-01	6.5554e-05	6.0593e-01	3.9129e-01	2.7797e-03	2.6445e-06	2.0679e-07	1.1755e-36	1.0461e-18	0.00e+00	0.00e+00	8.6776e+01
1.23296e+17	9.5408e+03	7.149e-17	4.6416e+03	2.3415e+03	5.6167e-11	5.6636e-01	4.3364e-01	1.8322e-01	8.1332e-01	3.4563e-03	2.8506e-12	5.8111e-04	7.9986e-01	1.9950e-01	6.0692e-05	6.1632e-01	3.8118e-01	2.4990e-03	2.5247e-06	1.8369e-07	1.1755e-36	1.1017e-18	0.00e+00	0.00e+00	8.8130e+01
1.23386e+17	9.4916e+03	6.872e-17	4.6416e+03	2.2926e+03	5.9717e-11	5.7636e-01	4.2364e-01	1.9045e-01	8.0607e-01	3.4789e-03	2.9803e-12	5.7562e-04	8.0738e-01	1.9198e-01	5.6341e-05	6.2611e-01	3.7163e-01	2.2567e-03	2.4160e-06	1.6404e-07	1.1755e-36	1.1557e-18	0.00e+00	0.00e+00	8.9772e+01
1.23495e+17	9.4260e+03	6.542e-17	4.6416e+03	2.2301e+03	6.4708e-11	5.8965e-01	4.1035e-01	1.9956e-01	7.9693e-01	3.5089e-03	3.1547e-12	5.6779e-04	8.1634e-01	1.8304e-01	5.1423e-05	6.3903e-01	3.5899e-01	1.9807e-03	2.2786e-06	1.4191e-07	1.1755e-36	1.2304e-18	0.00e+00	0.00e+00	9.1871e+01
1.23613e+17	9.3685e+03	6.190e-17	4.6416e+03	2.1577e+03	7.0328e-11	6.0444e-01	3.9556e-01	2.0936e-01	7.8708e-01	3.5570e-03	3.3476e-12	5.5693e-04	8.2528e-01	1.7411e-01	4.6786e-05	6.5330e-01	3.4499e-01	1.7133e-03	2.1335e-06	1.1755e-36	1.1755e-36	1.3148e-18	0.00e+00	0.00e+00	9.3894e+01
1.23718e+17	9.3236e+03	5.879e-17	4.6416e+03	2.0917e+03	7.5347e-11	6.1691e-01	3.8309e-01	2.1830e-01	7.7809e-01	3.6081e-03	3.5092e-12	5.4622e-04	8.3283e-01	1.6657e-01	4.3180e-05	6.6524e-01	3.3325e-01	1.5071e-03	2.0171e-06	1.1755e-36	1.1755e-36	1.3825e-18	0.00e+00	0.00e+00	9.5625e+01
1.23812e+17	9.2603e+03	5.613e-17	4.6416e+03	2.0382e+03	8.0826e-11	6.2839e-01	3.7161e-01	2.2752e-01	7.6884e-01	3.6377e-03	3.6714e-12	5.3820e-04	8.3999e-01	1.5943e-01	4.0132e-05	6.7618e-01	3.2247e-01	1.3405e-03	1.9152e-06	1.1755e-36	1.1755e-36	1.4505e-18	0.00e+00	0.00e+00	9.7350e+01
1.23908e+17	9.2116e+03	5.341e-17	4.6416e+03	1.9802e+03	8.6160e-11	6.3943e-01	3.6057e-01	2.3664e-01	7.5968e-01	3.6777e-03	3.8227e-12	5.2846e-04	8.4672e-01	1.5271e-01	3.7386e-05	6.8665e-01	3.1215e-01	1.1906e-03	1.8207e-06	1.1755e-36	1.1755e-36	1.5111e-18	0.00e+00	0.00e+00	9.9191e+01
1.24010e+17	9.1479e+03	5.062e-17	4.6416e+03	1.9196e+03	9.2738e-11	6.5171e-01	3.4829e-01	2.4696e-01	7.4933e-01	3.7172e-03	3.9963e-12	5.1805e-04	8.5380e-01	1.4565e-01	3.4707e-05	6.9822e-01	3.0073e-01	1.0461e-03	1.7203e-06	1.1755e-36	1.1755e-36	1.5813e-18	0.00e+00	0.00e+00	1.0121e+02
1.24114e+17	9.0849e+03	4.790e-17	4.6416e+03	1.8588e+03	9.9874e-11	6.6439e-01	3.3561e-01	2.5785e-01	7.3839e-01	3.7589e-03	4.1793e-12	5.0710e-04	8.6070e-01	1.3876e-01	3.2273e-05	7.1010e-01	2.8899e-01	9.1502e-04	1.6209e-06	1.1755e-36	1.1755e-36	1.6561e-18	0.00e+00	0.00e+00	1.0318e+02
1.24210e+17	9.0331e+03	4.538e-17	4.6416e+03	1.8003e+03	1.0651e-10	6.7548e-01	3.2452e-01	2.6807e-01	7.2812e-01	3.8057e-03	4.3346e-12	4.9593e-04	8.6673e-01	1.3274e-01	3.0278e-05	7.2043e-01	2.7876e-01	8.0865e-04	1.5373e-06	1.1755e-36	1.1755e-36	1.7144e-18	0.00e+00	0.00e+00	1.0500e+02
1.24304e+17	8.9670e+03	4.307e-17	4.6416e+03	1.7481e+03	1.1402e-10	6.8632e-01	3.1368e-01	2.7897e-01	7.1719e-01	3.8364e-03	4.4970e-12	4.8617e-04	8.7268e-01	1.2680e-01	2.8495e-05	7.3047e-01	2.6881e-01	7.1675e-04	1.4590e-06	1.1755e-36	1.1755e-36	1.7753e-18	0.00e+00	0.00e+00	1.0690e+02
1.24399e+17	8.9063e+03	4.075e-17	4.6416e+03	1.6928e+03	1.2185e-10	6.9716e-01	3.0284e-01	2.9018e-01	7.0594e-01	3.8760e-03	4.6550e-12	4.7522e-04	8.7840e-01	1.2109e-01	2.6862e-05	7.4046e-01	2.5890e-01	6.3299e-04	1.3832e-06	1.1755e-36	1.1755e-36	1.8312e-18	0.00e+00	0.00e+00	1.0888e+02
1.24497e+17	8.8452e+03	3.846e-17	4.6416e+03	1.6363e+03	1.3033e-10	7.0810e-01	2.9190e-01	3.0185e-01	6.9423e-01	3.9190e-03	4.8139e-12	4.6363e-04	8.8395e-01	1.1556e-01	2.5372e-05	7.5050e-01	2.4894e-01	5.5725e-04	1.3093e-06	1.1755e-36	1.1755e-36	1.8851e-18	0.00e+00	0.00e+00	1.1091e+02
1.24593e+17	8.7777e+03	3.629e-17	4.6416e+03	1.5822e+03	1.3967e-10	7.1901e-01	2.8099e-01	3.1409e-01	6.8195e-01	3.9559e-03	4.9760e-12	4.5234e-04	8.8931e-01	1.1021e-01	2.4033e-05	7.6046e-01	2.3905e-01	4.9042e-04	1.2383e-06	1.1755e-36	1.1755e-36	1.9387e-18	0.00e+00	0.00e+00	1.1293e+02
1.24687e+17	8.7120e+03	3.425e-17	4.6416e+03	1.5297e+03	1.4926e-10	7.2920e-01	2.7080e-01	3.2624e-01	6.6977e-01	3.9934e-03	5.1244e-12	4.4105e-04	8.9426e-01	1.0528e-01	2.2878e-05	7.6971e-01	2.2985e-01	4.3357e-04	1.1742e-06	1.1755e-36	1.1755e-36	1.9825e-18	0.00e+00	0.00e+00	1.1490e+02
1.24780e+17	8.6455e+03	3.232e-17	4.6416e+03	1.4793e+03	1.5933e-10	7.3894e-01	2.6106e-01	3.3866e-01	6.5731e-01	4.0267e-03	5.2668e-12	4.3005e-04	8.9895e-01	1.0060e-01	2.1854e-05	7.7852e-01	2.2109e-01	3.8421e-04	1.1148e-06	1.1755e-36	1.1755e-36	2.0210e-18	0.00e+00	0.00e+00	1.1690e+02
1.24873e+17	8.5768e+03	3.044e-17	4.6416e+03	1.4288e+03	1.7032e-10	7.4873e-01	2.5127e-01	3.5166e-01	6.4429e-01	4.0595e-03	5.4089e-12	4.1875e-04	9.0351e-01	9.6047e-02	2.0915e-05	7.8733e-01	2.1233e-01	3.3966e-04	1.0569e-06	1.1755e-36	1.1755e-36	2.0562e-18	0.00e+00	0.00e+00	1.1899e+02
1.24969e+17	8.4999e+03	2.862e-17	4.6416e+03	1.3774e+03	1.8290e-10	7.5856e-01	2.4144e-01	3.6506e-01	6.3084e-01	4.0930e-03	5.5490e-12	4.0705e-04	9.0789e-01	9.1686e-02	2.0064e-05	7.9614e-01	2.0356e-01	2.9986e-04	1.0006e-06	1.1755e-36	1.1755e-36	2.0860e-18	0.00e+00	0.00e+00	1.2110e+02
1.25062e+17	8.4272e+03	2.691e-17	4.6416e+03	1.3287e+03	1.9570e-10	7.6794e-01	2.3206e-01	3.7869e-01	6.1718e-01	4.1231e-03	5.6812e-12	3.9566e-04	9.1198e-01	8.7608e-02	1.9315e-05	8.0451e-01	1.9523e-01	2.6547e-04	9.4827e-07	1.1755e-36	1.1755e-36	2.1103e-18	0.00e+00	0.00e+00	1.2317e+02
1.25154e+17	8.3537e+03	2.531e-17	4.6416e+03	1.2821e+03	2.0922e-10	7.7676e-01	2.2324e-01	3.9241e-01	6.0344e-01	4.1490e-03	5.8034e-12	3.8460e-04	9.1579e-01	8.3805e-02	1.8659e-05	8.1235e-01	1.8742e-01	2.3597e-04	9.0040e-07	1.1755e-36	1.1755e-36	2.1269e-18	0.00e+00	0.00e+00	1.2525e+02
1.25246e+17	8.2785e+03	2.378e-17	4.6416e+03	1.2363e+03	2.2385e-10	7.8540e-01	2.1460e-01	4.0657e-01	5.8926e-01	4.1716e-03	5.9215e-12	3.7356e-04	9.1944e-01	8.0163e-02	1.8064e-05	8.2000e-01	1.7979e-01	2.0981e-04	8.5467e-07	1.1755e-36	1.1755e-36	2.1385e-18	0.00e+00	0.00e+00	1.2739e+02
1.25339e+17	8.1932e+03	2.229e-17	4.6416e+03	1.1897e+03	2.4097e-10	7.9412e-01	2.0588e-01	4.2120e-01	5.7461e-01	4.1927e-03	6.0367e-12	3.6223e-04	9.2295e-01	7.6666e-02	1.7521e-05	8.2769e-01	1.7212e-01	1.8636e-04	8.0979e-07	1.1755e-36	1.1755e-36	2.1437e-18	0.00e+00	0.00e+00	1.2958e+02
1.25433e+17	8.1072e+03	2.090e-17	4.6416e+03	1.1452e+03	2.5938e-10	8.0261e-01	1.9739e-01	4.3619e-01	5.5960e-01	4.2086e-03	6.1481e-12	3.5112e-04	9.2625e-01	7.3379e-02	1.7037e-05	8.3515e-01	1.6469e-01	1.6588e-04	7.6714e-07	1.1755e-36	1.1755e-36	2.1453e-18	0.00e+00	0.00e+00	1.3175e+02
1.25524e+17	8.0248e+03	1.960e-17	4.6416e+03	1.1026e+03	2.7836e-10	8.1039e-01	1.8961e-01	4.5094e-01	5.4484e-01	4.2232e-03	6.2427e-12	3.4032e-04	9.2925e-01	7.0394e-02	1.6619e-05	8.4196e-01	1.5789e-01	1.4855e-04	7.2892e-07	1.1755e-36	1.1755e-36	2.1365e-18	0.00e+00	0.00e+00	1.3388e+02
1.25615e+17	7.9387e+03	1.837e-17	4.6416e+03	1.0613e+03	2.9934e-10	8.1792e-01	1.8208e-01	4.6610e-01	5.2967e-01	4.2296e-03	6.3337e-12	3.2983e-04	9.3211e-01	6.7541e-02	1.6242e-05	8.4853e-01	1.5133e-01	1.3333e-04	6.9271e-07	1.1755e-36	1.1755e-36	2.1238e-18	0.00e+00	0.00e+00	1.3610e+02
1.25708e+17	7.8504e+03	1.718e-17	4.6416e+03	1.0193e+03	3.2262e-10	8.2545e-01	1.7455e-01	4.8170e-01	5.1406e-01	4.2379e-03	6.4164e-12	3.1889e-04	9.3483e-01	6.4831e-02	1.5894e-05	8.5508e-01	1.4480e-01	1.1959e-04	6.5726e-07	1.1755e-36	1.1755e-36	2.1027e-18	0.00e+00	0.00e+00	1.3839e+02
1.25802e+17	7.7600e+03	1.605e-17	4.6416e+03	9.7868e+02	3.4824e-10	8.3279e-01	1.6721e-01	4.9741e-01	4.9835e-01	4.2424e-03	6.4944e-12	3.0815e-04	9.3735e-01	6.2330e-02	1.5584e-05	8.6145e-01	1.3845e-01	1.0762e-04	6.2340e-07	1.1755e-36	1.1755e-36	2.0781e-18	0.00e+00	0.00e+00	1.4064e+02
1.25892e+17	7.6656e+03	1.504e-17	4.6416e+03	9.4110e+02	3.7646e-10	8.3953e-01	1.6047e-01	5.1294e-01	4.8282e-01	4.2358e-03	6.5637e-12	2.9817e-04	9.3963e-01	6.0053e-02	1.5318e-05	8.6727e-01	1.3263e-01	9.7616e-05	5.9299e-07	1.1755e-36	1.1755e-36	2.0494e-18	0.00e+00	0.00e+00	1.4283e+02
1.25981e+17	7.5600e+03	1.410e-17	4.6416e+03	9.0608e+02	4.0982e-10	8.4602e-01	1.5398e-01	5.2878e-01	4.6701e-01	4.2119e-03	6.6356e-12	2.8895e-04	9.4180e-01	5.7891e-02	1.5084e-05	8.7287e-01	1.2704e-01	8.9011e-05	5.6427e-07	1.1755e-36	1.1755e-36	2.0217e-18	0.00e+00	0.00e+00	1.4503e+02
1.26072e+17	7.4563e+03	1.320e-17	4.6416e+03	8.7076e+02	4.4620e-10	8.5228e-01	1.4772e-01	5.4475e-01	4.5106e-01	4.1903e-03	6.6948e-12	2.7943e-04	9.4382e-01	5.5880e-02	1.4871e-05	8.7825e-01	1.2167e-01	8.1356e-05	5.3700e-07	1.1755e-36	1.1755e-36	1.9855e-18	0.00e+00	0.00e+00	1.4733e+02
1.26163e+17	7.3492e+03	1.234e-17	4.6416e+03	8.3592e+02	4.8758e-10	8.5846e-01	1.4154e-01	5.6071e-01	4.3512e-01	4.1668e-03	6.7492e-12	2.6991e-04	9.4567e-01	5.4041e-02	1.4679e-05	8.8355e-01	1.1638e-01	7.4602e-05	5.1055e-07	1.1755e-36	1.1755e-36	1.9462e-18	0.00e+00	0.00e+00	1.4961e+02
1.26252e+17	7.2415e+03	1.157e-17	4.6416e+03	8.0350e+02	5.3319e-10	8.6412e-01	1.3588e-01	5.7630e-01	4.1956e-01	4.1357e-03	6.7962e-12	2.6099e-04	9.4733e-01	5.2397e-02	1.4515e-05	8.8839e-01	1.1154e-01	6.8938e-05	4.8668e-07	1.1755e-36	1.1755e-36	1.9053e-18	0.00e+00	0.00e+00	1.5182e+02
1.26339e+17	7.1323e+03	1.086e-17	4.6416e+03	7.7341e+02	5.8403e-10	8.6932e-01	1.3068e-01	5.9168e-01	4.0422e-01	4.0942e-03	6.8384e-12	2.5268e-04	9.4884e-01	5.0893e-02	1.4374e-05	8.9283e-01	1.0710e-01	6.4155e-05	4.6510e-07	1.1755e-36	1.1755e-36	1.8641e-18	0.00e+00	0.00e+00	1.5402e+02
1.26426e+17	7.0135e+03	1.019e-17	4.6416e+03	7.4342e+02	6.4529e-10	8.7435e-01	1.2565e-01	6.0711e-01	3.8884e-01	4.0483e-03	6.8739e-12	2.4435e-04	9.5024e-01	4.9496e-02	1.4249e-05	8.9713e-01	1.0281e-01	5.9953e-05	4.4450e-07	1.1755e-36	1.1755e-36	1.8186e-18	0.00e+00	0.00e+00	1.5630e+02
1.26515e+17	6.8971e+03	9.552e-18	4.6416e+03	7.1442e+02	7.1337e-10	8.7929e-01	1.2071e-01	6.2242e-01	3.7358e-01	3.9994e-03	6.9099e-12	2.3618e-04	9.5151e-01	4.8237e-02	1.4135e-05	9.0133e-01	9.8611e-02	5.6228e-05	4.2451e-07	1.1755e-36	1.1755e-36	1.7756e-18	0.00e+00	0.00e+00	1.5856e+02
1.26602e+17	6.7789e+03	8.970e-18	4.6416e+03	6.8712e+02	7.9114e-10	8.8391e-01	1.1609e-01	6.3746e-01	3.5860e-01	3.9428e-03	6.9444e-12	2.2844e-04	9.5265e-01	4.7104e-02	1.4037e-05	9.0525e-01	9.4694e-02	5.3053e-05	4.0608e-07	1.1755e-36	1.1755e-36	1.7346e-18	0.00e+00	0.00e+00	1.6081e+02
1.26689e+17	6.6582e+03	8.429e-18	4.6416e+03	6.6114e+02	8.8103e-10	8.8825e-01	1.1175e-01	6.5233e-01	3.4379e-01	3.8786e-03	6.9785e-12	2.2104e-04	9.5369e-01	4.6073e-02	1.3952e-05	9.0893e-01	9.1019e-02	5.0324e-05	3.8898e-07	1.1755e-36	1.1755e-36	1.6957e-18	0.00e+00	0.00e+00	1.6308e+02
1.26777e+17	6.5354e+03	7.918e-18	4.6416e+03	6.3547e+02	9.8563e-10	8.9237e-01	1.0763e-01	6.6697e-01	3.2921e-01	3.8137e-03	7.0084e-12	2.1363e-04	9.5462e-01	4.5155e-02	1.3878e-05	9.1242e-01	8.7531e-02	4.7945e-05	3.7290e-07	1.1755e-36	1.1755e-36	1.6565e-18	0.00e+00	0.00e+00	1.6541e+02
1.26866e+17	6.4163e+03	7.443e-18	4.6416e+03	6.1114e+02	1.1024e-09	8.9630e-01	1.0370e-01	6.8130e-01	3.1496e-01	3.7449e-03	7.0419e-12	2.0655e-04	9.5543e-01	4.4350e-02	1.3812e-05	9.1574e-01	8.4214e-02	4.5873e-05	3.5772e-07	1.1755e-36	1.1755e-36	1.6227e-18	0.00e+00	0.00e+00	1.6772e+02
1.26954e+17	6.2889e+03	7.006e-18	4.6416e+03	5.8851e+02	1.2452e-09	9.0008e-01	9.9919e-02	6.9558e-01	3.0075e-01	3.6614e-03	7.0892e-12	2.0001e-04	9.5618e-01	4.3611e-02	1.3757e-05	9.1893e-01	8.1022e-02	4.4107e-05	3.4326e-07	1.1755e-36	1.1755e-36	1.5990e-18	0.00e+00	0.00e+00	1.7005e+02
1.27044e+17	6.1561e+03	6.590e-18	4.6416e+03	5.6610e+02	1.4190e-09	9.0369e-01	9.6309e-02	7.0977e-01	2.8666e-01	3.5741e-03	7.1415e-12	1.9348e-04	9.5684e-01	4.2951e-02	1.3711e-05	9.2198e-01	7.7977e-02	4.2576e-05	3.2960e-07	1.1755e-36	1.1755e-36	1.5800e-18	0.00e+00	0.00e+00	1.7249e+02
1.27137e+17	6.0212e+03	6.197e-18	4.6416e+03	5.4417e+02	1.6275e-09	9.0722e-01	9.2781e-02	7.2370e-01	2.7282e-01	3.4842e-03	7.2057e-12	1.8704e-04	9.5740e-01	4.2394e-02	1.3671e-05	9.2495e-01	7.5006e-02	4.1241e-05	3.1636e-07	1.1755e-36	1.1755e-36	1.5704e-18	0.00e+00	0.00e+00	1.7496e+02
1.27229e+17	5.8857e+03	5.838e-18	4.6416e+03	5.2360e+02	1.8757e-09	9.1049e-01	8.9514e-02	7.3724e-01	2.5937e-01	3.3884e-03	7.2857e-12	1.8099e-04	9.5787e-01	4.1934e-02	1.3641e-05	9.2770e-01	7.2255e-02	4.0132e-05	3.0420e-07	1.1755e-36	1.1755e-36	1.5735e-18	0.00e+00	0.00e+00	1.7743e+02
1.27322e+17	5.7483e+03	5.507e-18	4.6416e+03	5.0427e+02	2.1757e-09	9.1351e-01	8.6488e-02	7.5046e-01	2.4625e-01	3.2856e-03	7.3881e-12	1.7530e-04	9.5827e-01	4.1542e-02	1.3618e-05	9.3025e-01	6.9707e-02	3.9217e-05	2.9304e-07	1.1755e-36	1.1755e-36	1.5929e-18	0.00e+00	0.00e+00	1.7994e+02
1.27418e+17	5.6069e+03	5.194e-18	4.6416e+03	4.8546e+02	2.5480e-09	9.1644e-01	8.3556e-02	7.6351e-01	2.3331e-01	3.1777e-03	7.5223e-12	1.6976e-04	9.5860e-01	4.1216e-02	1.3601e-05	9.3272e-01	6.7240e-02	3.8441e-05	2.8230e-07	1.1755e-36	1.1755e-36	1.6338e-18	0.00e+00	0.00e+00	1.8257e+02
1.27518e+17	5.4620e+03	4.897e-18	4.6416e+03	4.6706e+02	3.0129e-09	9.1931e-01	8.0692e-02	7.7630e-01	2.2063e-01	3.0670e-03	7.6991e-12	1.6432e-04	9.5884e-01	4.0979e-02	1.3590e-05	9.3513e-01	6.4831e-02	3.7789e-05	2.7189e-07	1.1755e-36	1.1755e-36	1.7033e-18	0.00e+00	0.00e+00	1.8530e+02
1.27620e+17	5.3157e+03	4.624e-18	4.6416e+03	4.4958e+02	3.5881e-09	9.2201e-01	7.7991e-02	7.8865e-01	2.0839e-01	2.9533e-03	7.9297e-12	1.5915e-04	9.5900e-01	4.0828e-02	1.3586e-05	9.3740e-01	6.2559e-02	3.7269e-05	2.6213e-07	1.1755e-36	1.1755e-36	1.8107e-18	0.00e+00	0.00e+00	1.8808e+02
1.27724e+17	5.1684e+03	4.371e-18	4.6416e+03	4.3314e+02	4.3024e-09	9.2452e-01	7.5479e-02	8.0058e-01	1.9659e-01	2.8355e-03	8.2307e-12	1.5433e-04	9.5909e-01	4.0743e-02	1.3587e-05	9.3952e-01	6.0444e-02	3.6873e-05	2.5312e-07	1.1755e-36	1.1755e-36	1.9695e-18	0.00e+00	0.00e+00	1.9094e+02
1.27833e+17	5.0184e+03	4.135e-18	4.6416e+03	4.1733e+02	5.2024e-09	9.2693e-01	7.3069e-02	8.1217e-01	1.8511e-01	2.7149e-03	8.6278e-12	1.4970e-04	9.5911e-01	4.0723e-02	1.3594e-05	9.4155e-01	5.8414e-02	3.6574e-05	2.4453e-07	1.1755e-36	1.1755e-36	2.2009e-18	0.00e+00	0.00e+00	1.9396e+02
1.27944e+17	4.8668e+03	3.918e-18	4.6416e+03	4.0209e+02	6.2976e-09	9.2926e-01	7.0735e-02	8.2311e-01	1.7429e-01	2.5971e-03	9.0173e-12	1.4534e-04	9.5946e-01	4.0381e-02	1.3603e-05	9.4351e-01	5.6449e-02	3.6368e-05	2.3626e-07	1.1755e-36	1.1755e-36	2.4327e-18	0.00e+00	0.00e+00	1.9700e+02
1.28054e+17	4.7230e+03	3.723e-18	4.6416e+03	3.8792e+02	7.5607e-09	9.3145e-01	6.8545e-02	8.3310e-01	1.6441e-01	2.4871e-03	9.4195e-12	1.4129e-04	9.5979e-01	4.0056e-02	1.3614e-05	9.4536e-01	5.4606e-02	3.6232e-05	2.2853e-07	1.1755e-36	1.1755e-36	2.6936e-18	0.00e+00	0.00e+00	1.9994e+02
1.28160e+17	4.5927e+03	3.572e-18	4.6416e+03	3.7765e+02	8.9219e-09	9.3292e-01	6.7080e-02	8.4179e-01	1.5584e-01	2.3741e-03	9.8173e-12	1.3857e-04	9.6014e-01	3.9703e-02	1.3633e-05	9.4661e-01	5.3358e-02	3.6233e-05	2.2343e-07	1.1755e-36	1.1755e-36	2.9798e-18	0.00e+00	0.00e+00	2.0283e+02
1.28269e+17	4.4641e+03	3.432e-18	4.6416e+03	3.6791e+02	1.0489e-08	9.3430e-01	6.5699e-02	8.5004e-01	1.4770e-01	2.2634e-03	1.0239e-11	1.3606e-04	9.6052e-01	3.9331e-02	1.3654e-05	9.4779e-01	5.2178e-02	3.6276e-05	2.1863e-07	1.1755e-36	1.1755e-36	3.3070e-18	0.00e+00	0.00e+00	2.0590e+02
1.28363e+17	4.3694e+03	3.326e-18	4.6416e+03	3.5973e+02	1.1787e-08	9.3543e-01	6.4574e-02	8.5603e-01	1.4178e-01	2.1887e-03	1.0556e-11	1.3382e-04	9.6055e-01	3.9299e-02	1.3671e-05	9.4874e-01	5.1222e-02	3.6304e-05	2.1471e-07	1.1755e-36	1.1755e-36	3.5675e-18	0.00e+00	0.00e+00	2.0796e+02
1.28434e+17	4.2839e+03	3.256e-18	4.6416e+03	3.5517e+02	1.3065e-08	9.3599e-01	6.4006e-02	8.6118e-01	1.3671e-01	2.1073e-03	1.0848e-11	1.3290e-04	9.6079e-01	3.9067e-02	1.3693e-05	9.4924e-01	5.0719e-02	3.6419e-05	2.1279e-07	1.1755e-36	1.1755e-36	3.8260e-18	0.00e+00	0.00e+00	2.0982e+02
1.28503e+17	4.2119e+03	3.191e-18	4.6416e+03	3.5103e+02	1.4211e-08	9.3661e-01	6.3391e-02	8.6580e-01	1.3216e-01	2.0361e-03	1.1097e-11	1.3203e-04	9.6102e-01	3.8831e-02	1.3709e-05	9.4978e-01	5.0185e-02	3.6496e-05	2.1068e-07	1.1755e-36	1.1755e-36	4.0521e-18	0.00e+00	0.00e+00	2.1173e+02
1.28581e+17	4.1361e+03	3.116e-18	4.6416e+03	3.4564e+02	1.5465e-08	9.3734e-01	6.2664e-02	8.7042e-01	1.2761e-01	1.9704e-03	1.1345e-11	1.3075e-04	9.6130e-01	3.8556e-02	1.3725e-05	9.5040e-01	4.9561e-02	3.6571e-05	2.0818e-07	1.1755e-36	1.1755e-36	4.2814e-18	0.00e+00	0.00e+00	2.1410e+02
1.28678e+17	4.0496e+03	3.028e-18	4.6416e+03	3.3843e+02	1.6931e-08	9.3840e-01	6.1605e-02	8.7527e-01	1.2282e-01	1.9076e-03	1.1607e-11	1.2890e-04	9.6156e-01	3.8298e-02	1.3741e-05	9.5130e-01	4.8662e-02	3.6642e-05	2.0451e-07	1.1755e-36	1.1755e-36	4.5269e-18	0.00e+00	0.00e+00	2.1703e+02
1.28792e+17	3.9551e+03	2.932e-18	4.6416e+03	3.3036e+02	1.8533e-08	9.3968e-01	6.0319e-02	8.8028e-01	1.1788e-01	1.8438e-03	1.1857e-11	1.2682e-04	9.6180e-01	3.8064e-02	1.3757e-05	9.5239e-01	4.7578e-02	3.6719e-05	2.0004e-07	1.1755e-36	1.1755e-36	4.7639e-18	0.00e+00	0.00e+00	2.2042e+02
###########################
8.20688e+12	1.2915e+04	1.470e-16	4.6416e+03	5.3779e+03	1.1608e-16	1.5362e-03	9.9846e-01	2.3038e-04	1.3982e-01	8.5995e-01	4.8891e-21	7.4109e-06	1.4010e-02	4.5694e-01	3.9353e-01	6.4421e-06	4.9970e-03	2.8149e-01	6.3373e-01	7.7865e-02	1.8775e-03	1.3407e-28	0.00e+00	0.00e+00	7.3879e-04
4.92413e+13	1.2896e+04	1.469e-16	4.6416e+03	5.3814e+03	1.0946e-16	1.5354e-03	9.9846e-01	2.3062e-04	1.3996e-01	8.5981e-01	4.5683e-21	7.0373e-06	1.4009e-02	4.5688e-01	3.9394e-01	6.4335e-06	4.9937e-03	2.8223e-01	6.3327e-01	7.7598e-02	1.8696e-03	1.1710e-28	0.00e+00	0.00e+00	3.6925e-03
2.13379e+14	1.2876e+04	1.463e-16	4.6416e+03	5.3823e+03	1.0948e-16	1.5287e-03	9.9847e-01	2.3062e-04	1.4032e-01	8.5944e-01	4.5118e-21	7.0471e-06	1.3992e-02	4.5787e-01	3.9412e-01	6.3631e-06	4.9624e-03	2.8437e-01	6.3184e-01	7.6939e-02	1.8519e-03	1.1605e-28	0.00e+00	0.00e+00	1.5456e-02
8.69929e+14	1.2797e+04	1.448e-16	4.6416e+03	5.3814e+03	1.0924e-16	1.5130e-03	9.9849e-01	2.3242e-04	1.4291e-01	8.5685e-01	4.3165e-21	7.0069e-06	1.3977e-02	4.6312e-01	3.9350e-01	6.1789e-06	4.8766e-03	2.9328e-01	6.2563e-01	7.4392e-02	1.7827e-03	1.1058e-28	0.00e+00	0.00e+00	6.2025e-02
2.07798e+15	1.2546e+04	1.394e-16	4.6416e+03	5.3816e+03	1.0621e-16	1.4365e-03	9.9856e-01	2.2739e-04	1.4314e-01	8.5663e-01	3.5435e-21	6.5025e-06	1.3653e-02	4.6550e-01	3.9660e-01	5.4327e-06	4.5358e-03	3.0440e-01	6.1882e-01	7.0509e-02	1.7045e-03	9.0446e-29	0.00e+00	0.00e+00	1.1950e-01
3.64845e+15	1.2323e+04	1.351e-16	4.6416e+03	5.3804e+03	1.0010e-16	1.3734e-03	9.9863e-01	2.2858e-04	1.4718e-01	8.5259e-01	2.9389e-21	6.1951e-06	1.3518e-02	4.7339e-01	3.9649e-01	4.9651e-06	4.3526e-03	3.2069e-01	6.0755e-01	6.5779e-02	1.5961e-03	7.1607e-29	0.00e+00	0.00e+00	1.9094e-01
5.69006e+15	1.2115e+04	1.316e-16	4.6416e+03	5.3769e+03	9.5361e-17	1.3176e-03	9.9868e-01	2.3694e-04	1.5626e-01	8.4350e-01	2.5452e-21	6.0281e-06	1.3549e-02	4.8761e-01	3.9272e-01	4.6846e-06	4.2957e-03	3.4497e-01	5.8944e-01	5.9822e-02	1.4505e-03	5.9474e-29	0.00e+00	0.00e+00	2.8004e-01
8.34415e+15	1.1916e+04	1.290e-16	4.6416e+03	5.3703e+03	9.2198e-17	1.2708e-03	9.9873e-01	2.5745e-04	1.7363e-01	8.2612e-01	2.3480e-21	6.0400e-06	1.3830e-02	5.1036e-01	3.8362e-01	4.6377e-06	4.4210e-03	3.8190e-01	5.6018e-01	5.2212e-02	1.2582e-03	5.2739e-29	0.00e+00	0.00e+00	3.9175e-01
1.17945e+16	1.1731e+04	1.274e-16	4.6416e+03	5.3574e+03	9.0306e-17	1.2375e-03	9.9876e-01	3.0152e-04	2.0656e-01	7.9314e-01	2.3691e-21	6.3120e-06	1.4502e-02	5.4445e-01	3.6656e-01	4.9608e-06	4.8563e-03	4.3972e-01	5.1194e-01	4.2451e-02	1.0095e-03	5.0801e-29	0.00e+00	0.00e+00	5.3318e-01
1.52639e+16	1.1591e+04	1.268e-16	4.6416e+03	5.3390e+03	8.5695e-17	1.1956e-03	9.9880e-01	3.6588e-04	2.5576e-01	7.4388e-01	2.3093e-21	6.5553e-06	1.5146e-02	5.8053e-01	3.4572e-01	5.3220e-06	5.3946e-03	5.0936e-01	4.5145e-01	3.3001e-02	7.7969e-04	4.7558e-29	0.00e+00	0.00e+00	6.3962e-01
1.78769e+16	1.1513e+04	1.274e-16	4.6416e+03	5.3189e+03	8.4236e-17	1.1833e-03	9.9882e-01	4.4453e-04	3.1155e-01	6.8800e-01	2.4550e-21	6.9291e-06	1.5883e-02	6.1010e-01	3.2692e-01	5.9738e-06	6.1011e-03	5.7378e-01	3.9373e-01	2.5773e-02	6.0447e-04	4.9373e-29	0.00e+00	0.00e+00	7.1547e-01
1.99050e+16	1.1468e+04	1.278e-16	4.6416e+03	5.2940e+03	8.5199e-17	1.1891e-03	9.9881e-01	5.2855e-04	3.6821e-01	6.3126e-01	2.7272e-21	7.3523e-06	1.6607e-02	6.3286e-01	3.1173e-01	6.7974e-06	6.8760e-03	6.2950e-01	3.4279e-01	2.0341e-02	4.7350e-04	5.4389e-29	0.00e+00	0.00e+00	7.8057e-01
2.17161e+16	1.1411e+04	1.279e-16	4.6416e+03	5.2695e+03	8.8326e-17	1.2061e-03	9.9879e-01	6.2366e-04	4.2928e-01	5.7010e-01	3.0976e-21	7.8227e-06	1.7352e-02	6.5231e-01	2.9826e-01	7.7887e-06	7.7266e-03	6.8127e-01	2.9478e-01	1.5842e-02	3.6612e-04	6.1840e-29	0.00e+00	0.00e+00	8.4254e-01
2.34330e+16	1.1342e+04	1.275e-16	4.6416e+03	5.2414e+03	9.2884e-17	1.2299e-03	9.9877e-01	7.2966e-04	4.9528e-01	5.0399e-01	3.5367e-21	8.3156e-06	1.8093e-02	6.6923e-01	2.8620e-01	8.9362e-06	8.6458e-03	7.2976e-01	2.4923e-01	1.2074e-02	2.7759e-04	7.1040e-29	0.00e+00	0.00e+00	9.0309e-01
2.50966e+16	1.1250e+04	1.264e-16	4.6416e+03	5.2151e+03	9.9897e-17	1.2623e-03	9.9874e-01	8.4747e-04	5.6450e-01	4.3465e-01	4.0895e-21	8.8595e-06	1.8859e-02	6.8420e-01	2.7518e-01	1.0268e-05	9.6267e-03	7.7421e-01	2.0697e-01	8.9735e-03	2.0568e-04	8.3289e-29	0.00e+00	0.00e+00	9.6401e-01
2.66855e+16	1.1142e+04	1.246e-16	4.6416e+03	5.1882e+03	1.0825e-16	1.2983e-03	9.9870e-01	9.6477e-04	6.3120e-01	3.6784e-01	4.6719e-21	9.3814e-06	1.9565e-02	6.9670e-01	2.6574e-01	1.1656e-05	1.0574e-02	8.1216e-01	1.7049e-01	6.6054e-03	1.5152e-04	9.6541e-29	0.00e+00	0.00e+00	1.0222e+00
2.84453e+16	1.0995e+04	1.216e-16	4.6416e+03	5.1590e+03	1.2167e-16	1.3503e-03	9.9865e-01	1.0964e-03	7.0055e-01	2.9836e-01	5.5413e-21	1.0040e-05	2.0409e-02	7.0898e-01	2.5610e-01	1.3460e-05	1.1676e-02	8.4815e-01	1.3546e-01	4.5919e-03	1.0580e-04	1.1663e-28	0.00e+00	0.00e+00	1.1009e+00
3.07332e+16	1.0784e+04	1.172e-16	4.6416e+03	5.1301e+03	1.4419e-16	1.4272e-03	9.9857e-01	1.2555e-03	7.7661e-01	2.2213e-01	6.8711e-21	1.0922e-05	2.1463e-02	7.2237e-01	2.4505e-01	1.5918e-05	1.2987e-02	8.8404e-01	1.0003e-01	2.8559e-03	6.6614e-05	1.4848e-28	0.00e+00	0.00e+00	1.2091e+00
3.32515e+16	1.0567e+04	1.125e-16	4.6416e+03	5.1043e+03	1.7163e-16	1.5124e-03	9.9849e-01	1.3978e-03	8.3890e-01	1.5971e-01	8.3730e-21	1.1813e-05	2.2462e-02	7.3378e-01	2.3514e-01	1.8545e-05	1.4203e-02	9.1125e-01	7.2725e-02	1.7573e-03	4.1757e-05	1.8519e-28	0.00e+00	0.00e+00	1.3177e+00
3.60694e+16	1.0359e+04	1.079e-16	4.6416e+03	5.0841e+03	2.0923e-16	1.6204e-03	9.9838e-01	1.5290e-03	8.8632e-01	1.1215e-01	1.0530e-20	1.2880e-05	2.3570e-02	7.4418e-01	2.2552e-01	2.1731e-05	1.5438e-02	9.3138e-01	5.2056e-02	1.0823e-03	2.6030e-05	2.3920e-28	0.00e+00	0.00e+00	1.4689e+00
3.95452e+16	1.0178e+04	1.039e-16	4.6416e+03	5.0684e+03	2.5858e-16	1.7587e-03	9.9824e-01	1.6507e-03	9.2228e-01	7.6073e-02	1.3530e-20	1.4151e-05	2.4776e-02	7.5408e-01	2.1583e-01	2.5736e-05	1.6721e-02	9.4630e-01	3.6253e-02	6.7932e-04	1.6046e-05	3.1718e-28	0.00e+00	0.00e+00	1.6630e+00
4.34997e+16	1.0064e+04	1.014e-16	4.6416e+03	5.0579e+03	3.1990e-16	1.9287e-03	9.9807e-01	1.7560e-03	9.4620e-01	5.2040e-02	1.7713e-20	1.5576e-05	2.6002e-02	7.6300e-01	2.0665e-01	3.0643e-05	1.7994e-02	9.5608e-01	2.5419e-02	4.6966e-04	1.0242e-05	4.3523e-28	0.00e+00	0.00e+00	1.8971e+00
4.78497e+16	1.0017e+04	1.004e-16	4.6416e+03	5.0505e+03	3.9396e-16	2.1421e-03	9.9786e-01	1.8564e-03	9.6167e-01	3.6474e-02	2.3812e-20	1.7267e-05	2.7347e-02	7.7130e-01	1.9768e-01	3.7115e-05	1.9407e-02	9.6207e-01	1.8115e-02	3.6323e-04	6.7891e-06	6.1628e-28	0.00e+00	0.00e+00	2.1831e+00
5.17220e+16	1.0042e+04	1.009e-16	4.6416e+03	5.0461e+03	4.7094e-16	2.3614e-03	9.9764e-01	1.9315e-03	9.6995e-01	2.8115e-02	3.1204e-20	1.8797e-05	2.8456e-02	7.7769e-01	1.9057e-01	4.4074e-05	2.0694e-02	9.6491e-01	1.4031e-02	3.1742e-04	5.0017e-06	8.6629e-28	0.00e+00	0.00e+00	2.4037e+00
5.46071e+16	1.0087e+04	1.018e-16	4.6416e+03	5.0433e+03	5.4430e-16	2.5519e-03	9.9745e-01	1.9868e-03	9.7440e-01	2.3615e-02	3.9224e-20	2.0070e-05	2.9352e-02	7.8242e-01	1.8519e-01	5.0498e-05	2.1754e-02	9.6615e-01	1.1747e-02	2.9621e-04	4.0425e-06	1.1645e-27	0.00e+00	0.00e+00	2.5968e+00
5.75772e+16	1.0141e+04	1.030e-16	4.6416e+03	5.0409e+03	6.3640e-16	2.7756e-03	9.9722e-01	2.0552e-03	9.7812e-01	1.9830e-02	5.0952e-20	2.1622e-05	3.0446e-02	7.8755e-01	1.7919e-01	5.8730e-05	2.3028e-02	9.6685e-01	9.7759e-03	2.8031e-04	3.2451e-06	1.6190e-27	0.00e+00	0.00e+00	2.8699e+00
6.08527e+16	1.0225e+04	1.049e-16	4.6416e+03	5.0386e+03	7.5703e-16	3.0578e-03	9.9694e-01	2.1267e-03	9.8113e-01	1.6744e-02	6.8546e-20	2.3411e-05	3.1671e-02	7.9315e-01	1.7257e-01	6.9808e-05	2.4568e-02	9.6697e-01	8.1235e-03	2.6892e-04	2.5907e-06	2.3677e-27	0.00e+00	0.00e+00	3.1560e+00
6.37741e+16	1.0318e+04	1.071e-16	4.6416e+03	5.0364e+03	8.8587e-16	3.3524e-03	9.9665e-01	2.1968e-03	9.8318e-01	1.4619e-02	9.0843e-20	2.5202e-05	3.2881e-02	7.9829e-01	1.6640e-01	8.2497e-05	2.6197e-02	9.6651e-01	6.9457e-03	2.6189e-04	2.1330e-06	3.3857e-27	0.00e+00	0.00e+00	3.4162e+00
6.62525e+16	1.0409e+04	1.092e-16	4.6416e+03	5.0342e+03	1.0153e-15	3.6385e-03	9.9636e-01	2.2653e-03	9.8461e-01	1.3125e-02	1.1710e-19	2.6900e-05	3.4030e-02	8.0284e-01	1.6083e-01	9.5992e-05	2.7809e-02	9.6574e-01	6.0950e-03	2.5733e-04	1.8095e-06	4.6529e-27	0.00e+00	0.00e+00	3.6623e+00
6.84344e+16	1.0482e+04	1.113e-16	4.6416e+03	5.0327e+03	1.1625e-15	3.9235e-03	9.9608e-01	2.3271e-03	9.8569e-01	1.1986e-02	1.4921e-19	2.8503e-05	3.5139e-02	8.0712e-01	1.5556e-01	1.1038e-04	2.9391e-02	9.6481e-01	5.4374e-03	2.5389e-04	1.5640e-06	6.3232e-27	0.00e+00	0.00e+00	3.8986e+00
7.04696e+16	1.0576e+04	1.133e-16	4.6416e+03	5.0305e+03	1.3021e-15	4.2164e-03	9.9578e-01	2.3994e-03	9.8654e-01	1.1060e-02	1.8746e-19	3.0222e-05	3.6278e-02	8.1111e-01	1.5054e-01	1.2666e-04	3.1100e-02	9.6363e-01	4.8871e-03	2.5139e-04	1.3643e-06	8.3605e-27	0.00e+00	0.00e+00	4.1475e+00
7.24592e+16	1.0645e+04	1.155e-16	4.6416e+03	5.0291e+03	1.4907e-15	4.5396e-03	9.9546e-01	2.4658e-03	9.8729e-01	1.0242e-02	2.3967e-19	3.1987e-05	3.7507e-02	8.1533e-01	1.4520e-01	1.4576e-04	3.2952e-02	9.6225e-01	4.4008e-03	2.4893e-04	1.1904e-06	1.1361e-26	0.00e+00	0.00e+00	4.4088e+00
7.43965e+16	1.0747e+04	1.175e-16	4.6416e+03	5.0270e+03	1.6729e-15	4.8833e-03	9.9512e-01	2.5367e-03	9.8791e-01	9.5534e-03	3.0410e-19	3.3905e-05	3.8784e-02	8.1937e-01	1.3998e-01	1.6812e-04	3.5006e-02	9.6060e-01	3.9765e-03	2.4713e-04	1.0430e-06	1.5184e-26	0.00e+00	0.00e+00	4.6821e+00
7.62412e+16	1.0818e+04	1.198e-16	4.6416e+03	5.0250e+03	1.9035e-15	5.2564e-03	9.9474e-01	2.6157e-03	9.8843e-01	8.9498e-03	3.8874e-19	3.5923e-05	4.0170e-02	8.2349e-01	1.3457e-01	1.9424e-04	3.7245e-02	9.5871e-01	3.6060e-03	2.4522e-04	9.1613e-07	2.0441e-26	0.00e+00	0.00e+00	4.9562e+00
7.79686e+16	1.0890e+04	1.220e-16	4.6416e+03	5.0234e+03	2.1574e-15	5.6397e-03	9.9436e-01	2.6939e-03	9.8887e-01	8.4394e-03	4.9457e-19	3.7913e-05	4.1563e-02	8.2738e-01	1.2937e-01	2.2340e-04	3.9590e-02	9.5665e-01	3.2888e-03	2.4353e-04	8.1034e-07	2.7408e-26	0.00e+00	0.00e+00	5.2330e+00
7.96187e+16	1.0967e+04	1.241e-16	4.6416e+03	5.0214e+03	2.4300e-15	6.0433e-03	9.9396e-01	2.7759e-03	9.8923e-01	7.9944e-03	6.2670e-19	4.0024e-05	4.3018e-02	8.3114e-01	1.2424e-01	2.5681e-04	4.2116e-02	9.5438e-01	3.0076e-03	2.4201e-04	7.1913e-07	3.6420e-26	0.00e+00	0.00e+00	5.5207e+00
8.12188e+16	1.1038e+04	1.263e-16	4.6416e+03	5.0192e+03	2.7413e-15	6.4767e-03	9.9352e-01	2.8642e-03	9.8954e-01	7.5950e-03	7.9624e-19	4.2263e-05	4.4567e-02	8.3482e-01	1.1908e-01	2.9571e-04	4.4878e-02	9.5183e-01	2.7531e-03	2.4046e-04	6.3876e-07	4.8430e-26	0.00e+00	0.00e+00	5.8197e+00
8.27626e+16	1.1110e+04	1.284e-16	4.6416e+03	5.0170e+03	3.0882e-15	6.9365e-03	9.9306e-01	2.9573e-03	9.8980e-01	7.2400e-03	1.0118e-18	4.4605e-05	4.6193e-02	8.3838e-01	1.1397e-01	3.4059e-04	4.7870e-02	9.4902e-01	2.5249e-03	2.3895e-04	5.6860e-07	6.4317e-26	0.00e+00	0.00e+00	6.1271e+00
8.42430e+16	1.1177e+04	1.305e-16	4.6416e+03	5.0140e+03	3.4700e-15	7.4269e-03	9.9257e-01	3.0585e-03	9.9002e-01	6.9218e-03	1.2823e-18	4.7098e-05	4.7914e-02	8.4179e-01	1.0891e-01	3.9254e-04	5.1117e-02	9.4593e-01	2.3193e-03	2.3741e-04	5.0699e-07	8.4676e-26	0.00e+00	0.00e+00	6.4422e+00
8.56603e+16	1.1233e+04	1.327e-16	4.6416e+03	5.0119e+03	3.9279e-15	7.9410e-03	9.9206e-01	3.1622e-03	9.9020e-01	6.6341e-03	1.6336e-18	4.9638e-05	4.9705e-02	8.4503e-01	1.0395e-01	4.5165e-04	5.4584e-02	9.4259e-01	2.1350e-03	2.3574e-04	4.5321e-07	1.1272e-25	0.00e+00	0.00e+00	6.7648e+00
8.70302e+16	1.1295e+04	1.347e-16	4.6416e+03	5.0093e+03	4.4206e-15	8.4862e-03	9.9151e-01	3.2711e-03	9.9035e-01	6.3753e-03	2.0748e-18	5.2329e-05	5.1584e-02	8.4808e-01	9.9078e-02	5.1984e-04	5.8343e-02	9.3894e-01	1.9670e-03	2.3409e-04	4.0569e-07	1.4888e-25	0.00e+00	0.00e+00	7.1013e+00
8.83637e+16	1.1355e+04	1.368e-16	4.6416e+03	5.0065e+03	4.9789e-15	9.0693e-03	9.9093e-01	3.3875e-03	9.9047e-01	6.1379e-03	2.6408e-18	5.5170e-05	5.3578e-02	8.5097e-01	9.4259e-02	5.9912e-04	6.2445e-02	9.3491e-01	1.8129e-03	2.3234e-04	3.6330e-07	1.9682e-25	0.00e+00	0.00e+00	7.4504e+00
8.96538e+16	1.1411e+04	1.388e-16	4.6416e+03	5.0036e+03	5.6086e-15	9.6898e-03	9.9031e-01	3.5113e-03	9.9057e-01	5.9206e-03	3.3639e-18	5.8161e-05	5.5682e-02	8.5365e-01	8.9529e-02	6.9081e-04	6.6897e-02	9.3051e-01	1.6720e-03	2.3050e-04	3.2562e-07	2.6002e-25	0.00e+00	0.00e+00	7.8100e+00
9.08979e+16	1.1457e+04	1.409e-16	4.6416e+03	4.9998e+03	6.3213e-15	1.0358e-02	9.8964e-01	3.6464e-03	9.9063e-01	5.7187e-03	4.2831e-18	6.1351e-05	5.7927e-02	8.5614e-01	8.4857e-02	7.9777e-04	7.1750e-02	9.2568e-01	1.5421e-03	2.2848e-04	2.9180e-07	3.4158e-25	0.00e+00	0.00e+00	8.1808e+00
9.20978e+16	1.1501e+04	1.429e-16	4.6416e+03	4.9969e+03	7.1602e-15	1.1057e-02	9.8894e-01	3.7858e-03	9.9068e-01	5.5340e-03	5.4810e-18	6.4657e-05	6.0262e-02	8.5836e-01	8.0355e-02	9.1970e-04	7.6949e-02	9.2048e-01	1.4242e-03	2.2633e-04	2.6201e-07	4.5398e-25	0.00e+00	0.00e+00	8.5624e+00
9.32639e+16	1.1548e+04	1.449e-16	4.6416e+03	4.9935e+03	8.0782e-15	1.1804e-02	9.8820e-01	3.9337e-03	9.9070e-01	5.3639e-03	7.0015e-18	6.8156e-05	6.2732e-02	8.6034e-01	7.5952e-02	1.0615e-03	8.2617e-02	9.1478e-01	1.3149e-03	2.2409e-04	2.3526e-07	5.9952e-25	0.00e+00	0.00e+00	8.9617e+00
9.44034e+16	1.1592e+04	1.469e-16	4.6416e+03	4.9898e+03	9.1276e-15	1.2608e-02	9.8739e-01	4.0928e-03	9.9070e-01	5.2049e-03	8.9715e-18	7.1870e-05	6.5363e-02	8.6207e-01	7.1634e-02	1.2273e-03	8.8824e-02	9.0851e-01	1.2134e-03	2.2167e-04	2.1112e-07	7.9349e-25	0.00e+00	0.00e+00	9.3771e+00
9.55106e+16	1.1636e+04	1.488e-16	4.6416e+03	4.9858e+03	1.0318e-14	1.3466e-02	9.8653e-01	4.2626e-03	9.9068e-01	5.0572e-03	1.1514e-17	7.5794e-05	6.8148e-02	8.6353e-01	6.7438e-02	1.4201e-03	9.5583e-02	9.0166e-01	1.1195e-03	2.1908e-04	1.8945e-07	1.0510e-24	0.00e+00	0.00e+00	9.8071e+00
9.65841e+16	1.1669e+04	1.509e-16	4.6416e+03	4.9805e+03	1.1679e-14	1.4396e-02	9.8560e-01	4.4477e-03	9.9064e-01	4.9171e-03	1.4788e-17	7.9971e-05	7.1127e-02	8.6470e-01	6.3330e-02	1.6465e-03	1.0298e-01	8.9413e-01	1.0319e-03	2.1626e-04	1.6978e-07	1.3870e-24	0.00e+00	0.00e+00	1.0253e+01
9.76258e+16	1.1693e+04	1.529e-16	4.6416e+03	4.9765e+03	1.3335e-14	1.5386e-02	9.8461e-01	4.6449e-03	9.9057e-01	4.7844e-03	1.9150e-17	8.4443e-05	7.4290e-02	8.6554e-01	5.9367e-02	1.9088e-03	1.1099e-01	8.8594e-01	9.5106e-04	2.1314e-04	1.5213e-07	1.8574e-24	0.00e+00	0.00e+00	1.0716e+01
9.86443e+16	1.1726e+04	1.549e-16	4.6416e+03	4.9717e+03	1.5155e-14	1.6449e-02	9.8355e-01	4.8547e-03	9.9048e-01	4.6621e-03	2.4776e-17	8.9169e-05	7.7644e-02	8.6606e-01	5.5530e-02	2.2163e-03	1.1977e-01	8.7693e-01	8.7556e-04	2.0988e-04	1.3620e-07	2.4756e-24	0.00e+00	0.00e+00	1.1203e+01
9.96450e+16	1.1756e+04	1.568e-16	4.6416e+03	4.9664e+03	1.7269e-14	1.7603e-02	9.8240e-01	5.0828e-03	9.9037e-01	4.5458e-03	3.2204e-17	9.4225e-05	8.1251e-02	8.6623e-01	5.1793e-02	2.5799e-03	1.2944e-01	8.6697e-01	8.0473e-04	2.0634e-04	1.2170e-07	3.3132e-24	0.00e+00	0.00e+00	1.1714e+01
1.00624e+17	1.1784e+04	1.588e-16	4.6416e+03	4.9608e+03	1.9711e-14	1.8851e-02	9.8115e-01	5.3297e-03	9.9023e-01	4.4360e-03	4.2011e-17	9.9628e-05	8.5112e-02	8.6602e-01	4.8179e-02	3.0086e-03	1.4006e-01	8.5599e-01	7.3855e-04	2.0250e-04	1.1755e-36	4.4479e-24	0.00e+00	0.00e+00	1.2248e+01
1.01581e+17	1.1804e+04	1.607e-16	4.6416e+03	4.9519e+03	2.2514e-14	2.0219e-02	9.7978e-01	5.6030e-03	9.9007e-01	4.3293e-03	5.4832e-17	1.0534e-04	8.9268e-02	8.6540e-01	4.4671e-02	3.5191e-03	1.5178e-01	8.4383e-01	6.7623e-04	1.9838e-04	1.1755e-36	5.9387e-24	0.00e+00	0.00e+00	1.2809e+01
1.02519e+17	1.1819e+04	1.628e-16	4.6416e+03	4.9456e+03	2.5973e-14	2.1707e-02	9.7829e-01	5.8976e-03	9.8987e-01	4.2279e-03	7.2469e-17	1.1165e-04	9.3771e-02	8.6432e-01	4.1282e-02	4.1246e-03	1.6465e-01	8.3042e-01	6.1782e-04	1.9379e-04	1.1755e-36	8.0886e-24	0.00e+00	0.00e+00	1.3400e+01
1.03445e+17	1.1828e+04	1.648e-16	4.6416e+03	4.9394e+03	3.0133e-14	2.3336e-02	9.7666e-01	6.2229e-03	9.8965e-01	4.1297e-03	9.6515e-17	1.1855e-04	9.8671e-02	8.6272e-01	3.8008e-02	4.8478e-03	1.7887e-01	8.1553e-01	5.6294e-04	1.8874e-04	1.1755e-36	1.1112e-23	0.00e+00	0.00e+00	1.4030e+01
1.04366e+17	1.1839e+04	1.668e-16	4.6416e+03	4.9316e+03	3.5021e-14	2.5150e-02	9.7485e-01	6.5834e-03	9.8938e-01	4.0359e-03	1.2940e-16	1.2604e-04	1.0404e-01	8.6057e-01	3.4818e-02	5.7278e-03	1.9482e-01	7.9876e-01	5.1062e-04	1.8325e-04	1.1755e-36	1.5324e-23	0.00e+00	0.00e+00	1.4709e+01
1.05282e+17	1.1849e+04	1.689e-16	4.6416e+03	4.9228e+03	4.0930e-14	2.7174e-02	9.7283e-01	6.9871e-03	9.8907e-01	3.9450e-03	1.7523e-16	1.3426e-04	1.0996e-01	8.5777e-01	3.1724e-02	6.8019e-03	2.1269e-01	7.7987e-01	4.6098e-04	1.7720e-04	1.1755e-36	2.1348e-23	0.00e+00	0.00e+00	1.5435e+01
1.06192e+17	1.1855e+04	1.709e-16	4.6416e+03	4.9126e+03	4.8130e-14	2.9437e-02	9.7056e-01	7.4401e-03	9.8870e-01	3.8571e-03	2.3964e-16	1.4330e-04	1.1650e-01	8.5424e-01	2.8742e-02	8.1159e-03	2.3266e-01	7.5864e-01	4.1406e-04	1.7057e-04	1.1755e-36	3.0038e-23	0.00e+00	0.00e+00	1.6218e+01
1.07235e+17	1.1843e+04	1.733e-16	4.6416e+03	4.8969e+03	5.8556e-14	3.2395e-02	9.6761e-01	8.0325e-03	9.8822e-01	3.7520e-03	3.4670e-16	1.5467e-04	1.2486e-01	8.4922e-01	2.5428e-02	9.9934e-03	2.5822e-01	7.3126e-01	3.6279e-04	1.6218e-04	1.1755e-36	4.4729e-23	0.00e+00	0.00e+00	1.7337e+01
1.08335e+17	1.1837e+04	1.759e-16	4.6416e+03	4.8795e+03	7.3260e-14	3.6099e-02	9.6390e-01	8.7713e-03	9.8758e-01	3.6520e-03	5.2756e-16	1.6863e-04	1.3505e-01	8.4237e-01	2.2100e-02	1.2624e-02	2.9003e-01	6.9688e-01	3.1218e-04	1.5202e-04	1.1755e-36	7.0695e-23	0.00e+00	0.00e+00	1.8416e+01
1.09232e+17	1.1823e+04	1.779e-16	4.6416e+03	4.8654e+03	8.9477e-14	3.9669e-02	9.6033e-01	9.4968e-03	9.8693e-01	3.5731e-03	7.6208e-16	1.8208e-04	1.4479e-01	8.3526e-01	1.9490e-02	1.5434e-02	3.2005e-01	6.6410e-01	2.7316e-04	1.4255e-04	1.1755e-36	1.0574e-22	0.00e+00	0.00e+00	1.9316e+01
1.09967e+17	1.1806e+04	1.795e-16	4.6416e+03	4.8493e+03	1.0591e-13	4.2992e-02	9.5701e-01	1.0174e-02	9.8632e-01	3.5091e-03	1.0364e-15	1.9407e-04	1.5369e-01	8.2841e-01	1.7446e-02	1.8264e-02	3.4702e-01	6.3434e-01	2.4291e-04	1.3423e-04	1.1755e-36	1.4740e-22	0.00e+00	0.00e+00	2.0193e+01
1.10767e+17	1.1785e+04	1.811e-16	4.6416e+03	4.8318e+03	1.2800e-13	4.7006e-02	9.5299e-01	1.1003e-02	9.8556e-01	3.4365e-03	1.4575e-15	2.0846e-04	1.6433e-01	8.1989e-01	1.5341e-02	2.1933e-02	3.7814e-01	5.9959e-01	2.1221e-04	1.2470e-04	1.1755e-36	2.1323e-22	0.00e+00	0.00e+00	2.1439e+01
1.11670e+17	1.1751e+04	1.830e-16	4.6416e+03	4.8102e+03	1.6182e-13	5.2432e-02	9.4757e-01	1.2112e-02	9.8453e-01	3.3574e-03	2.1975e-15	2.2708e-04	1.7813e-01	8.0835e-01	1.3093e-02	2.7278e-02	4.1745e-01	5.5498e-01	1.7945e-04	1.1280e-04	1.1755e-36	3.3332e-22	0.00e+00	0.00e+00	2.2823e+01
1.12490e+17	1.1717e+04	1.846e-16	4.6416e+03	4.7819e+03	2.0336e-13	5.8428e-02	9.4157e-01	1.3325e-02	9.8339e-01	3.2885e-03	3.2592e-15	2.4599e-04	1.9272e-01	7.9569e-01	1.1161e-02	3.3640e-02	4.5728e-01	5.0883e-01	1.5141e-04	1.0100e-04	1.1755e-36	5.1030e-22	0.00e+00	0.00e+00	2.4089e+01
1.13177e+17	1.1676e+04	1.857e-16	4.6416e+03	4.7529e+03	2.5014e-13	6.4253e-02	9.3575e-01	1.4528e-02	9.8224e-01	3.2324e-03	4.5998e-15	2.6403e-04	2.0664e-01	7.8328e-01	9.6545e-03	4.0213e-02	4.9241e-01	4.6715e-01	1.2988e-04	9.0688e-05	1.1755e-36	7.4198e-22	0.00e+00	0.00e+00	2.5283e+01
1.13759e+17	1.1638e+04	1.863e-16	4.6416e+03	4.7242e+03	3.0086e-13	6.9914e-02	9.3009e-01	1.5704e-02	9.8111e-01	3.1873e-03	6.2184e-15	2.8088e-04	2.1981e-01	7.7131e-01	8.4615e-03	4.6902e-02	5.2322e-01	4.2969e-01	1.1297e-04	8.1694e-05	1.1755e-36	1.0301e-21	0.00e+00	0.00e+00	2.6369e+01
1.14275e+17	1.1601e+04	1.867e-16	4.6416e+03	4.6963e+03	3.5704e-13	7.5568e-02	9.2443e-01	1.6890e-02	9.7996e-01	3.1473e-03	8.1764e-15	2.9717e-04	2.3265e-01	7.5945e-01	7.4673e-03	5.3808e-02	5.5067e-01	3.9535e-01	9.9104e-05	7.3648e-05	1.1755e-36	1.3880e-21	0.00e+00	0.00e+00	2.7482e+01
1.14854e+17	1.1553e+04	1.867e-16	4.6416e+03	4.6573e+03	4.3441e-13	8.2560e-02	9.1744e-01	1.8363e-02	9.7853e-01	3.1024e-03	1.1094e-14	3.1619e-04	2.4804e-01	7.4508e-01	6.4389e-03	6.2588e-02	5.8038e-01	3.5689e-01	8.5118e-05	6.4915e-05	1.1755e-36	1.9339e-21	0.00e+00	0.00e+00	2.9064e+01
1.15471e+17	1.1494e+04	1.870e-16	4.6416e+03	4.6176e+03	5.4978e-13	9.1764e-02	9.0824e-01	2.0266e-02	9.7668e-01	3.0567e-03	1.5843e-14	3.3984e-04	2.6711e-01	7.2704e-01	5.4042e-03	7.4368e-02	6.1254e-01	3.1297e-01	7.0946e-05	5.5146e-05	1.1755e-36	2.8661e-21	0.00e+00	0.00e+00	3.0628e+01
1.15981e+17	1.1436e+04	1.871e-16	4.6416e+03	4.5818e+03	6.8072e-13	1.0085e-01	8.9915e-01	2.2168e-02	9.7481e-01	3.0197e-03	2.1683e-14	3.6215e-04	2.8525e-01	7.0969e-01	4.6087e-03	8.6199e-02	6.3809e-01	2.7560e-01	6.0210e-05	4.7100e-05	1.1755e-36	4.0644e-21	0.00e+00	0.00e+00	3.1919e+01
1.16386e+17	1.1404e+04	1.860e-16	4.6416e+03	4.5363e+03	8.0048e-13	1.0853e-01	8.9147e-01	2.3811e-02	9.7319e-01	3.0005e-03	2.7490e-14	3.7910e-04	3.0027e-01	6.9522e-01	4.0454e-03	9.6408e-02	6.5636e-01	2.4714e-01	5.2834e-05	4.1283e-05	1.1755e-36	5.2770e-21	0.00e+00	0.00e+00	3.3106e+01
1.16815e+17	1.1338e+04	1.851e-16	4.6416e+03	4.4904e+03	9.6665e-13	1.1768e-01	8.8232e-01	2.5794e-02	9.7124e-01	2.9702e-03	3.5637e-14	3.9902e-04	3.1758e-01	6.7846e-01	3.4870e-03	1.0850e-01	6.7306e-01	2.1836e-01	4.5785e-05	3.5480e-05	1.1755e-36	7.0337e-21	0.00e+00	0.00e+00	3.4779e+01
1.17300e+17	1.1270e+04	1.837e-16	4.6416e+03	4.4337e+03	1.2119e-12	1.2985e-01	8.7015e-01	2.8398e-02	9.6866e-01	2.9426e-03	4.8488e-14	4.2320e-04	3.3919e-01	6.5741e-01	2.9096e-03	1.2458e-01	6.8924e-01	1.8611e-01	3.8476e-05	2.9179e-05	1.1755e-36	9.9335e-21	0.00e+00	0.00e+00	3.6623e+01
1.17740e+17	1.1198e+04	1.822e-16	4.6416e+03	4.3762e+03	1.5157e-12	1.4303e-01	8.5697e-01	3.1243e-02	9.6584e-01	2.9201e-03	6.5189e-14	4.4741e-04	3.6139e-01	6.3568e-01	2.4299e-03	1.4186e-01	7.0051e-01	1.5757e-01	3.2466e-05	2.3800e-05	1.1755e-36	1.3872e-20	0.00e+00	0.00e+00	3.8285e+01
1.18106e+17	1.1139e+04	1.800e-16	4.6416e+03	4.3175e+03	1.8314e-12	1.5512e-01	8.4488e-01	3.3937e-02	9.6316e-01	2.9068e-03	8.3302e-14	4.6768e-04	3.8118e-01	6.1623e-01	2.0750e-03	1.5767e-01	7.0669e-01	1.3559e-01	2.8136e-05	1.9833e-05	1.1755e-36	1.8299e-20	0.00e+00	0.00e+00	3.9804e+01
1.18490e+17	1.1059e+04	1.774e-16	4.6416e+03	4.2534e+03	2.2486e-12	1.6905e-01	8.3095e-01	3.7133e-02	9.5998e-01	2.8891e-03	1.0764e-13	4.8975e-04	4.0326e-01	5.9446e-01	1.7396e-03	1.7567e-01	7.0946e-01	1.1483e-01	2.4200e-05	1.6203e-05	1.1755e-36	2.4427e-20	0.00e+00	0.00e+00	4.1957e+01
1.18914e+17	1.0979e+04	1.739e-16	4.6416e+03	4.1711e+03	2.8579e-12	1.8710e-01	8.1290e-01	4.1246e-02	9.5587e-01	2.8793e-03	1.4470e-13	5.1457e-04	4.2971e-01	5.6832e-01	1.4118e-03	1.9865e-01	7.0793e-01	9.3384e-02	2.0284e-05	1.2605e-05	1.1755e-36	3.4292e-20	0.00e+00	0.00e+00	4.4222e+01
1.19286e+17	1.0900e+04	1.699e-16	4.6416e+03	4.0839e+03	3.5724e-12	2.0533e-01	7.9467e-01	4.5531e-02	9.5159e-01	2.8777e-03	1.8889e-13	5.3632e-04	4.5510e-01	5.4317e-01	1.1591e-03	2.2151e-01	7.0215e-01	7.6313e-02	1.7268e-05	9.8767e-06	1.1755e-36	4.6588e-20	0.00e+00	0.00e+00	4.6218e+01
1.19599e+17	1.0838e+04	1.655e-16	4.6416e+03	3.9974e+03	4.3043e-12	2.2169e-01	7.7831e-01	4.9574e-02	9.4754e-01	2.8832e-03	2.3489e-13	5.5320e-04	4.7731e-01	5.2113e-01	9.7531e-04	2.4178e-01	6.9439e-01	6.3804e-02	1.5114e-05	7.9717e-06	1.1755e-36	5.9847e-20	0.00e+00	0.00e+00	4.8127e+01
1.19937e+17	1.0746e+04	1.606e-16	4.6416e+03	3.9061e+03	5.3118e-12	2.4114e-01	7.5886e-01	5.4578e-02	9.4254e-01	2.8837e-03	2.9782e-13	5.7229e-04	5.0268e-01	4.9592e-01	7.9935e-04	2.6543e-01	6.8245e-01	5.2099e-02	1.3074e-05	6.2475e-06	1.1755e-36	7.8630e-20	0.00e+00	0.00e+00	5.0828e+01
1.20317e+17	1.0651e+04	1.541e-16	4.6416e+03	3.7837e+03	6.7975e-12	2.6627e-01	7.3373e-01	6.1072e-02	9.3603e-01	2.8985e-03	3.9137e-13	5.9077e-04	5.3261e-01	4.6615e-01	6.3046e-04	2.9539e-01	6.6410e-01	4.0489e-02	1.1019e-05	4.6194e-06	1.1755e-36	1.0815e-19	0.00e+00	0.00e+00	5.3785e+01
1.20665e+17	1.0553e+04	1.473e-16	4.6416e+03	3.6600e+03	8.6193e-12	2.9248e-01	7.0752e-01	6.8229e-02	9.2885e-01	2.9216e-03	5.0568e-13	6.0642e-04	5.6212e-01	4.3675e-01	4.9929e-04	3.2599e-01	6.4258e-01	3.1408e-02	9.3630e-06	3.4110e-06	1.1755e-36	1.4606e-19	0.00e+00	0.00e+00	5.6500e+01
1.20964e+17	1.0456e+04	1.407e-16	4.6416e+03	3.5508e+03	1.0624e-11	3.1722e-01	6.8278e-01	7.5538e-02	9.2152e-01	2.9427e-03	6.3060e-13	6.1930e-04	5.8906e-01	4.0990e-01	4.0339e-04	3.5434e-01	6.2077e-01	2.4875e-02	8.1199e-06	2.5836e-06	1.1755e-36	1.8915e-19	0.00e+00	0.00e+00	5.9112e+01
1.21287e+17	1.0356e+04	1.328e-16	4.6416e+03	3.4210e+03	1.3230e-11	3.4485e-01	6.5515e-01	8.4290e-02	9.1274e-01	2.9742e-03	7.9026e-13	6.2924e-04	6.1791e-01	3.8112e-01	3.1783e-04	3.8543e-01	5.9535e-01	1.9208e-02	6.9927e-06	1.9039e-06	1.1755e-36	2.4639e-19	0.00e+00	0.00e+00	6.2802e+01
1.21640e+17	1.0234e+04	1.232e-16	4.6416e+03	3.2484e+03	1.7080e-11	3.7885e-01	6.2115e-01	9.5238e-02	9.0173e-01	3.0285e-03	1.0117e-12	6.3261e-04	6.4963e-01	3.4948e-01	2.4247e-04	4.2286e-01	5.6303e-01	1.4104e-02	5.8872e-06	1.3261e-06	1.1755e-36	3.2995e-19	0.00e+00	0.00e+00	6.6584e+01
1.21938e+17	1.0133e+04	1.144e-16	4.6416e+03	3.0966e+03	2.1163e-11	4.1019e-01	5.8981e-01	1.0641e-01	8.9050e-01	3.0885e-03	1.2433e-12	6.3209e-04	6.7762e-01	3.2155e-01	1.9060e-04	4.5666e-01	5.3271e-01	1.0626e-02	5.0638e-06	9.5347e-07	1.1755e-36	4.2053e-19	0.00e+00	0.00e+00	6.9666e+01
1.22171e+17	1.0041e+04	1.072e-16	4.6416e+03	2.9769e+03	2.5107e-11	4.3538e-01	5.6462e-01	1.1650e-01	8.8037e-01	3.1347e-03	1.4562e-12	6.3080e-04	6.9978e-01	2.9942e-01	1.5710e-04	4.8338e-01	5.0816e-01	8.4539e-03	4.5054e-06	7.3188e-07	1.1755e-36	5.0682e-19	0.00e+00	0.00e+00	7.2335e+01
1.22380e+17	9.9551e+03	1.006e-16	4.6416e+03	2.8666e+03	2.9140e-11	4.5826e-01	5.4174e-01	1.2643e-01	8.7039e-01	3.1813e-03	1.6642e-12	6.2696e-04	7.1928e-01	2.7995e-01	1.3177e-04	5.0731e-01	4.8583e-01	6.8564e-03	4.0615e-06	5.7538e-07	1.1755e-36	5.9201e-19	0.00e+00	0.00e+00	7.5130e+01
1.22592e+17	9.8601e+03	9.394e-17	4.6416e+03	2.7526e+03	3.4027e-11	4.8293e-01	5.1707e-01	1.3762e-01	8.5915e-01	3.2293e-03	1.9056e-12	6.2121e-04	7.3895e-01	2.6031e-01	1.0977e-04	5.3274e-01	4.6176e-01	5.4876e-03	3.6395e-06	4.4579e-07	1.1755e-36	6.9370e-19	0.00e+00	0.00e+00	7.8191e+01
1.22805e+17	9.7683e+03	8.713e-17	4.6416e+03	2.6303e+03	3.9710e-11	5.0840e-01	4.9160e-01	1.4981e-01	8.4689e-01	3.2915e-03	2.1717e-12	6.1171e-04	7.5800e-01	2.4129e-01	9.1403e-05	5.5864e-01	4.3701e-01	4.3508e-03	3.2538e-06	3.4229e-07	1.1755e-36	8.0834e-19	0.00e+00	0.00e+00	8.1303e+01
1.22999e+17	9.6881e+03	8.078e-17	4.6416e+03	2.5104e+03	4.5550e-11	5.3158e-01	4.6842e-01	1.6176e-01	8.3488e-01	3.3627e-03	2.4252e-12	5.9926e-04	7.7462e-01	2.2470e-01	7.7558e-05	5.8191e-01	4.1458e-01	3.5003e-03	2.9396e-06	2.6786e-07	1.1755e-36	9.1749e-19	0.00e+00	0.00e+00	8.4104e+01
1.23140e+17	9.6202e+03	7.634e-17	4.6416e+03	2.4276e+03	5.0425e-11	5.4879e-01	4.5121e-01	1.7149e-01	8.2510e-01	3.4120e-03	2.6268e-12	5.9037e-04	7.8667e-01	2.1267e-01	6.9007e-05	5.9900e-01	3.9802e-01	2.9774e-03	2.7269e-06	2.2329e-07	1.1755e-36	1.0055e-18	0.00e+00	0.00e+00	8.5734e+01
1.23228e+17	9.5744e+03	7.355e-17	4.6416e+03	2.3802e+03	5.3490e-11	5.5837e-01	4.4163e-01	1.7820e-01	8.1837e-01	3.4340e-03	2.7462e-12	5.8579e-04	7.9432e-01	2.0503e-01	6.4188e-05	6.0847e-01	3.8882e-01	2.7001e-03	2.6147e-06	2.0029e-07	1.1755e-36	1.0548e-18	0.00e+00	0.00e+00	8.6972e+01
1.23315e+17	9.5270e+03	7.083e-17	4.6416e+03	2.3333e+03	5.6760e-11	5.6794e-01	4.3206e-01	1.8508e-01	8.1147e-01	3.4548e-03	2.8693e-12	5.8086e-04	8.0180e-01	1.9756e-01	5.9655e-05	6.1788e-01	3.7967e-01	2.4486e-03	2.5071e-06	1.7967e-07	1.1755e-36	1.1058e-18	0.00e+00	0.00e+00	8.8610e+01
1.23428e+17	9.4577e+03	6.740e-17	4.6416e+03	2.2697e+03	6.1758e-11	5.8179e-01	4.1821e-01	1.9430e-01	8.0221e-01	3.4832e-03	3.0496e-12	5.7342e-04	8.1126e-01	1.8810e-01	5.4197e-05	6.3140e-01	3.6646e-01	2.1413e-03	2.3592e-06	1.5473e-07	1.1755e-36	1.1837e-18	0.00e+00	0.00e+00	9.0791e+01
1.23550e+17	9.4004e+03	6.372e-17	4.6416e+03	2.1940e+03	6.7320e-11	5.9717e-01	4.0283e-01	2.0410e-01	7.9237e-01	3.5344e-03	3.2463e-12	5.6224e-04	8.2060e-01	1.7878e-01	4.9105e-05	6.4629e-01	3.5186e-01	1.8443e-03	2.2038e-06	1.3106e-07	1.1755e-36	1.2701e-18	0.00e+00	0.00e+00	9.2822e+01
1.23655e+17	9.3548e+03	6.057e-17	4.6416e+03	2.1277e+03	7.2184e-11	6.0965e-01	3.9035e-01	2.1284e-01	7.8357e-01	3.5851e-03	3.4065e-12	5.5177e-04	8.2829e-01	1.7111e-01	4.5276e-05	6.5829e-01	3.4009e-01	1.6238e-03	2.0841e-06	1.1755e-36	1.1755e-36	1.3374e-18	0.00e+00	0.00e+00	9.4505e+01
1.23749e+17	9.2969e+03	5.789e-17	4.6416e+03	2.0749e+03	7.7207e-11	6.2081e-01	3.7919e-01	2.2166e-01	7.7472e-01	3.6149e-03	3.5618e-12	5.4403e-04	8.3545e-01	1.6396e-01	4.2088e-05	6.6896e-01	3.2959e-01	1.4485e-03	1.9822e-06	1.1755e-36	1.1755e-36	1.4025e-18	0.00e+00	0.00e+00	9.6193e+01
1.23846e+17	9.2426e+03	5.513e-17	4.6416e+03	2.0182e+03	8.2575e-11	6.3221e-01	3.6779e-01	2.3088e-01	7.6547e-01	3.6500e-03	3.7205e-12	5.3503e-04	8.4251e-01	1.5691e-01	3.9100e-05	6.7981e-01	3.1890e-01	1.2852e-03	1.8821e-06	1.1755e-36	1.1755e-36	1.4681e-18	0.00e+00	0.00e+00	9.8058e+01
1.23949e+17	9.1850e+03	5.225e-17	4.6416e+03	1.9557e+03	8.8781e-11	6.4462e-01	3.5538e-01	2.4090e-01	7.5541e-01	3.6923e-03	3.8936e-12	5.2438e-04	8.4971e-01	1.4972e-01	3.6228e-05	6.9155e-01	3.0732e-01	1.1283e-03	1.7778e-06	1.1755e-36	1.1755e-36	1.5392e-18	0.00e+00	0.00e+00	1.0006e+02
1.24052e+17	9.1207e+03	4.948e-17	4.6416e+03	1.8944e+03	9.5709e-11	6.5735e-01	3.4265e-01	2.5155e-01	7.4472e-01	3.7337e-03	4.0758e-12	5.1362e-04	8.5676e-01	1.4269e-01	3.3635e-05	7.0351e-01	2.9550e-01	9.8770e-04	1.6756e-06	1.1755e-36	1.1755e-36	1.6142e-18	0.00e+00	0.00e+00	1.0201e+02
1.24149e+17	9.0708e+03	4.691e-17	4.6416e+03	1.8354e+03	1.0204e-10	6.6848e-01	3.3152e-01	2.6154e-01	7.3468e-01	3.7812e-03	4.2306e-12	5.0251e-04	8.6293e-01	1.3653e-01	3.1505e-05	7.1391e-01	2.8522e-01	8.7326e-04	1.5896e-06	1.1755e-36	1.1755e-36	1.6733e-18	0.00e+00	0.00e+00	1.0382e+02
1.24243e+17	9.0026e+03	4.454e-17	4.6416e+03	1.7825e+03	1.0944e-10	6.7958e-01	3.2042e-01	2.7234e-01	7.2385e-01	3.8110e-03	4.3973e-12	4.9291e-04	8.6909e-01	1.3038e-01	2.9581e-05	7.2423e-01	2.7499e-01	7.7334e-04	1.5075e-06	1.1755e-36	1.1755e-36	1.7376e-18	0.00e+00	0.00e+00	1.0572e+02
1.24340e+17	8.9524e+03	4.213e-17	4.6416e+03	1.7254e+03	1.1647e-10	6.9031e-01	3.0969e-01	2.8308e-01	7.1307e-01	3.8574e-03	4.5493e-12	4.8155e-04	8.7484e-01	1.2465e-01	2.7848e-05	7.3416e-01	2.6516e-01	6.8322e-04	1.4305e-06	1.1755e-36	1.1755e-36	1.7917e-18	0.00e+00	0.00e+00	1.0768e+02
1.24438e+17	8.8815e+03	3.978e-17	4.6416e+03	1.6685e+03	1.2524e-10	7.0166e-01	2.9834e-01	2.9485e-01	7.0126e-01	3.8964e-03	4.7164e-12	4.7026e-04	8.8068e-01	1.1882e-01	2.6230e-05	7.4460e-01	2.5480e-01	6.0066e-04	1.3525e-06	1.1755e-36	1.1755e-36	1.8504e-18	0.00e+00	0.00e+00	1.0974e+02
1.24536e+17	8.8146e+03	3.755e-17	4.6416e+03	1.6135e+03	1.3433e-10	7.1287e-01	2.8713e-01	3.0695e-01	6.8911e-01	3.9343e-03	4.8840e-12	4.5894e-04	8.8623e-01	1.1328e-01	2.4789e-05	7.5486e-01	2.4461e-01	5.2789e-04	1.2780e-06	1.1755e-36	1.1755e-36	1.9088e-18	0.00e+00	0.00e+00	1.1173e+02
1.24629e+17	8.7518e+03	3.548e-17	4.6416e+03	1.5611e+03	1.4334e-10	7.2301e-01	2.7699e-01	3.1875e-01	6.7728e-01	3.9723e-03	5.0319e-12	4.4784e-04	8.9125e-01	1.0828e-01	2.3571e-05	7.6410e-01	2.3543e-01	4.6740e-04	1.2129e-06	1.1755e-36	1.1755e-36	1.9543e-18	0.00e+00	0.00e+00	1.1365e+02
1.24720e+17	8.6918e+03	3.351e-17	4.6416e+03	1.5104e+03	1.5254e-10	7.3261e-01	2.6739e-01	3.3070e-01	6.6529e-01	4.0075e-03	5.1708e-12	4.3687e-04	8.9600e-01	1.0354e-01	2.2490e-05	7.7280e-01	2.2679e-01	4.1480e-04	1.1532e-06	1.1755e-36	1.1755e-36	1.9929e-18	0.00e+00	0.00e+00	1.1565e+02
1.24816e+17	8.6172e+03	3.155e-17	4.6416e+03	1.4582e+03	1.6370e-10	7.4278e-01	2.5722e-01	3.4376e-01	6.5220e-01	4.0417e-03	5.3198e-12	4.2540e-04	9.0080e-01	9.8750e-02	2.1466e-05	7.8198e-01	2.1765e-01	3.6581e-04	1.0919e-06	1.1755e-36	1.1755e-36	2.0321e-18	0.00e+00	0.00e+00	1.1778e+02
1.24913e+17	8.5423e+03	2.965e-17	4.6416e+03	1.4065e+03	1.7582e-10	7.5318e-01	2.4682e-01	3.5739e-01	6.3854e-01	4.0739e-03	5.4741e-12	4.1375e-04	9.0543e-01	9.4134e-02	2.0532e-05	7.9133e-01	2.0835e-01	3.2164e-04	1.0312e-06	1.1755e-36	1.1755e-36	2.0725e-18	0.00e+00	0.00e+00	1.1990e+02
1.25005e+17	8.4723e+03	2.791e-17	4.6416e+03	1.3572e+03	1.8787e-10	7.6247e-01	2.3753e-01	3.7049e-01	6.2540e-01	4.1082e-03	5.6035e-12	4.0229e-04	9.0954e-01	9.0036e-02	1.9750e-05	7.9964e-01	2.0008e-01	2.8522e-04	9.7854e-07	1.1755e-36	1.1755e-36	2.0970e-18	0.00e+00	0.00e+00	1.2189e+02
1.25095e+17	8.4050e+03	2.630e-17	4.6416e+03	1.3110e+03	2.0009e-10	7.7103e-01	2.2897e-01	3.8366e-01	6.1221e-01	4.1342e-03	5.7223e-12	3.9151e-04	9.1339e-01	8.6194e-02	1.9066e-05	8.0727e-01	1.9248e-01	2.5420e-04	9.3125e-07	1.1755e-36	1.1755e-36	2.1144e-18	0.00e+00	0.00e+00	1.2393e+02
1.25189e+17	8.3231e+03	2.469e-17	4.6416e+03	1.2636e+03	2.1498e-10	7.8004e-01	2.1996e-01	3.9797e-01	5.9788e-01	4.1581e-03	5.8474e-12	3.8024e-04	9.1727e-01	8.2328e-02	1.8417e-05	8.1527e-01	1.8451e-01	2.2538e-04	8.8287e-07	1.1755e-36	1.1755e-36	2.1294e-18	0.00e+00	0.00e+00	1.2614e+02
1.25285e+17	8.2387e+03	2.313e-17	4.6416e+03	1.2161e+03	2.3160e-10	7.8942e-01	2.1058e-01	4.1295e-01	5.8287e-01	4.1796e-03	5.9794e-12	3.6870e-04	9.2102e-01	7.8595e-02	1.7816e-05	8.2355e-01	1.7625e-01	1.9907e-04	8.3383e-07	1.1755e-36	1.1755e-36	2.1459e-18	0.00e+00	0.00e+00	1.2836e+02
1.25377e+17	8.1595e+03	2.170e-17	4.6416e+03	1.1706e+03	2.4832e-10	7.9778e-01	2.0222e-01	4.2726e-01	5.6854e-01	4.2042e-03	6.0849e-12	3.5740e-04	9.2431e-01	7.5317e-02	1.7313e-05	8.3091e-01	1.6891e-01	1.7741e-04	7.9123e-07	1.1755e-36	1.1755e-36	2.1462e-18	0.00e+00	0.00e+00	1.3043e+02
1.25466e+17	8.0778e+03	2.040e-17	4.6416e+03	1.1291e+03	2.6612e-10	8.0543e-01	1.9457e-01	4.4175e-01	5.5404e-01	4.2147e-03	6.1828e-12	3.4707e-04	9.2740e-01	7.2239e-02	1.6877e-05	8.3762e-01	1.6222e-01	1.5917e-04	7.5316e-07	1.1755e-36	1.1755e-36	2.1417e-18	0.00e+00	0.00e+00	1.3253e+02
1.25558e+17	7.9946e+03	1.911e-17	4.6416e+03	1.0866e+03	2.8581e-10	8.1318e-01	1.8682e-01	4.5688e-01	5.3890e-01	4.2244e-03	6.2779e-12	3.3635e-04	9.3041e-01	6.9240e-02	1.6467e-05	8.4440e-01	1.5546e-01	1.4245e-04	7.1538e-07	1.1755e-36	1.1755e-36	2.1320e-18	0.00e+00	0.00e+00	1.3479e+02
1.25654e+17	7.9037e+03	1.784e-17	4.6416e+03	1.0425e+03	3.0877e-10	8.2122e-01	1.7878e-01	4.7267e-01	5.2309e-01	4.2379e-03	6.3698e-12	3.2493e-04	9.3330e-01	6.6362e-02	1.6085e-05	8.5140e-01	1.4847e-01	1.2712e-04	6.7708e-07	1.1755e-36	1.1755e-36	2.1153e-18	0.00e+00	0.00e+00	1.3712e+02
1.25748e+17	7.8124e+03	1.668e-17	4.6416e+03	1.0009e+03	3.3354e-10	8.2883e-01	1.7117e-01	4.8836e-01	5.0740e-01	4.2451e-03	6.4542e-12	3.1402e-04	9.3592e-01	6.3750e-02	1.5752e-05	8.5801e-01	1.4188e-01	1.1407e-04	6.4160e-07	1.1755e-36	1.1755e-36	2.0947e-18	0.00e+00	0.00e+00	1.3935e+02
1.25838e+17	7.7209e+03	1.563e-17	4.6416e+03	9.6324e+02	3.5973e-10	8.3559e-01	1.6441e-01	5.0375e-01	4.9201e-01	4.2399e-03	6.5265e-12	3.0410e-04	9.3829e-01	6.1387e-02	1.5472e-05	8.6387e-01	1.3603e-01	1.0337e-04	6.1072e-07	1.1755e-36	1.1755e-36	2.0688e-18	0.00e+00	0.00e+00	1.4150e+02
1.25927e+17	7.6183e+03	1.466e-17	4.6416e+03	9.2752e+02	3.9071e-10	8.4219e-01	1.5781e-01	5.1956e-01	4.7622e-01	4.2194e-03	6.6008e-12	2.9474e-04	9.4057e-01	5.9120e-02	1.5221e-05	8.6956e-01	1.3034e-01	9.4037e-05	5.8121e-07	1.1755e-36	1.1755e-36	2.0428e-18	0.00e+00	0.00e+00	1.4372e+02
1.26018e+17	7.5158e+03	1.370e-17	4.6416e+03	8.9076e+02	4.2508e-10	8.4872e-01	1.5128e-01	5.3564e-01	4.6015e-01	4.2032e-03	6.6638e-12	2.8486e-04	9.4270e-01	5.6997e-02	1.4990e-05	8.7519e-01	1.2472e-01	8.5599e-05	5.5246e-07	1.1755e-36	1.1755e-36	2.0078e-18	0.00e+00	0.00e+00	1.4605e+02
1.26111e+17	7.4107e+03	1.281e-17	4.6416e+03	8.5502e+02	4.6376e-10	8.5514e-01	1.4486e-01	5.5167e-01	4.4414e-01	4.1836e-03	6.7235e-12	2.7514e-04	9.4464e-01	5.5065e-02	1.4782e-05	8.8070e-01	1.1922e-01	7.8214e-05	5.2471e-07	1.1755e-36	1.1755e-36	1.9712e-18	0.00e+00	0.00e+00	1.4832e+02
1.26199e+17	7.3045e+03	1.201e-17	4.6416e+03	8.2202e+02	5.0622e-10	8.6088e-01	1.3912e-01	5.6723e-01	4.2862e-01	4.1558e-03	6.7718e-12	2.6611e-04	9.4637e-01	5.3346e-02	1.4608e-05	8.8562e-01	1.1431e-01	7.2120e-05	5.0029e-07	1.1755e-36	1.1755e-36	1.9306e-18	0.00e+00	0.00e+00	1.5051e+02
1.26286e+17	7.1969e+03	1.127e-17	4.6416e+03	7.9141e+02	5.5341e-10	8.6619e-01	1.3381e-01	5.8265e-01	4.1324e-01	4.1170e-03	6.8166e-12	2.5770e-04	9.4796e-01	5.1762e-02	1.4457e-05	8.9017e-01	1.0977e-01	6.6944e-05	4.7805e-07	1.1755e-36	1.1755e-36	1.8904e-18	0.00e+00	0.00e+00	1.5271e+02
1.26374e+17	7.0849e+03	1.057e-17	4.6416e+03	7.6121e+02	6.0794e-10	8.7142e-01	1.2858e-01	5.9826e-01	3.9767e-01	4.0724e-03	6.8589e-12	2.4933e-04	9.4946e-01	5.0274e-02	1.4319e-05	8.9463e-01	1.0531e-01	6.2326e-05	4.5646e-07	1.1755e-36	1.1755e-36	1.8485e-18	0.00e+00	0.00e+00	1.5499e+02
1.26464e+17	6.9627e+03	9.901e-18	4.6416e+03	7.3044e+02	6.7437e-10	8.7658e-01	1.2342e-01	6.1383e-01	3.8214e-01	4.0284e-03	6.8932e-12	2.4072e-04	9.5082e-01	4.8925e-02	1.4196e-05	8.9903e-01	1.0092e-01	5.8240e-05	4.3544e-07	1.1755e-36	1.1755e-36	1.8014e-18	0.00e+00	0.00e+00	1.5731e+02
1.26551e+17	6.8469e+03	9.293e-18	4.6416e+03	7.0218e+02	7.4580e-10	8.8138e-01	1.1862e-01	6.2889e-01	3.6713e-01	3.9784e-03	6.9276e-12	2.3272e-04	9.5201e-01	4.7746e-02	1.4090e-05	9.0310e-01	9.6841e-02	5.4774e-05	4.1615e-07	1.1755e-36	1.1755e-36	1.7590e-18	0.00e+00	0.00e+00	1.5952e+02
1.26637e+17	6.7293e+03	8.743e-18	4.6416e+03	6.7637e+02	8.2696e-10	8.8570e-01	1.1430e-01	6.4366e-01	3.5243e-01	3.9161e-03	6.9613e-12	2.2542e-04	9.5309e-01	4.6669e-02	1.4001e-05	9.0677e-01	9.3179e-02	5.1888e-05	3.9902e-07	1.1755e-36	1.1755e-36	1.7198e-18	0.00e+00	0.00e+00	1.6173e+02
1.26724e+17	6.6063e+03	8.216e-18	4.6416e+03	6.5091e+02	9.2356e-10	8.8994e-01	1.1006e-01	6.5859e-01	3.3756e-01	3.8467e-03	6.9970e-12	2.1815e-04	9.5411e-01	4.5658e-02	1.3921e-05	9.1037e-01	8.9583e-02	4.9314e-05	3.8236e-07	1.1755e-36	1.1755e-36	1.6825e-18	0.00e+00	0.00e+00	1.6405e+02
1.26814e+17	6.4861e+03	7.706e-18	4.6416e+03	6.2480e+02	1.0326e-09	8.9406e-01	1.0594e-01	6.7323e-01	3.2298e-01	3.7851e-03	7.0241e-12	2.1054e-04	9.5499e-01	4.4784e-02	1.3848e-05	9.1385e-01	8.6103e-02	4.7005e-05	3.6634e-07	1.1755e-36	1.1755e-36	1.6421e-18	0.00e+00	0.00e+00	1.6644e+02
1.26903e+17	6.3605e+03	7.245e-18	4.6416e+03	6.0099e+02	1.1629e-09	8.9807e-01	1.0193e-01	6.8763e-01	3.0866e-01	3.7092e-03	7.0673e-12	2.0365e-04	9.5577e-01	4.4015e-02	1.3786e-05	9.1724e-01	8.2717e-02	4.5041e-05	3.5092e-07	1.1755e-36	1.1755e-36	1.6140e-18	0.00e+00	0.00e+00	1.6874e+02
1.26991e+17	6.2353e+03	6.824e-18	4.6416e+03	5.7850e+02	1.3129e-09	9.0154e-01	9.8460e-02	7.0149e-01	2.9488e-01	3.6305e-03	7.1059e-12	1.9706e-04	9.5645e-01	4.3344e-02	1.3737e-05	9.2017e-01	7.9789e-02	4.3437e-05	3.3772e-07	1.1755e-36	1.1755e-36	1.5876e-18	0.00e+00	0.00e+00	1.7107e+02
1.27080e+17	6.1009e+03	6.428e-18	4.6416e+03	5.5728e+02	1.5003e-09	9.0509e-01	9.4905e-02	7.1555e-01	2.8092e-01	3.5356e-03	7.1692e-12	1.9094e-04	9.5708e-01	4.2713e-02	1.3695e-05	9.2316e-01	7.6793e-02	4.2019e-05	3.2432e-07	1.1755e-36	1.1755e-36	1.5765e-18	0.00e+00	0.00e+00	1.7347e+02
1.27173e+17	5.9640e+03	6.046e-18	4.6416e+03	5.3582e+02	1.7272e-09	9.0852e-01	9.1479e-02	7.2950e-01	2.6706e-01	3.4408e-03	7.2406e-12	1.8464e-04	9.5763e-01	4.2171e-02	1.3659e-05	9.2605e-01	7.3907e-02	4.0774e-05	3.1151e-07	1.1755e-36	1.1755e-36	1.5720e-18	0.00e+00	0.00e+00	1.7601e+02
1.27269e+17	5.8252e+03	5.689e-18	4.6416e+03	5.1498e+02	2.0019e-09	9.1184e-01	8.8161e-02	7.4312e-01	2.5353e-01	3.3434e-03	7.3310e-12	1.7848e-04	9.5807e-01	4.1742e-02	1.3630e-05	9.2884e-01	7.1116e-02	3.9709e-05	2.9920e-07	1.1755e-36	1.1755e-36	1.5814e-18	0.00e+00	0.00e+00	1.7855e+02
1.27363e+17	5.6867e+03	5.366e-18	4.6416e+03	4.9583e+02	2.3303e-09	9.1484e-01	8.5162e-02	7.5620e-01	2.4056e-01	3.2399e-03	7.4454e-12	1.7283e-04	9.5841e-01	4.1399e-02	1.3610e-05	9.3137e-01	6.8591e-02	3.8853e-05	2.8817e-07	1.1755e-36	1.1755e-36	1.6091e-18	0.00e+00	0.00e+00	1.8107e+02
1.27459e+17	5.5457e+03	5.067e-18	4.6416e+03	4.7780e+02	2.7338e-09	9.1762e-01	8.2378e-02	7.6900e-01	2.2787e-01	3.1294e-03	7.5945e-12	1.6753e-04	9.5871e-01	4.1109e-02	1.3597e-05	9.3371e-01	6.6248e-02	3.8159e-05	2.7802e-07	1.1755e-36	1.1755e-36	1.6610e-18	0.00e+00	0.00e+00	1.8369e+02
1.27559e+17	5.3994e+03	4.781e-18	4.6416e+03	4.5993e+02	3.2448e-09	9.2038e-01	7.9621e-02	7.8169e-01	2.1530e-01	3.0149e-03	7.7936e-12	1.6227e-04	9.5894e-01	4.0887e-02	1.3589e-05	9.3604e-01	6.3927e-02	3.7572e-05	2.6802e-07	1.1755e-36	1.1755e-36	1.7461e-18	0.00e+00	0.00e+00	1.8647e+02
1.27664e+17	5.2502e+03	4.511e-18	4.6416e+03	4.4247e+02	3.8880e-09	9.2308e-01	7.6923e-02	7.9403e-01	2.0307e-01	2.8989e-03	8.0571e-12	1.5711e-04	9.5907e-01	4.0764e-02	1.3587e-05	9.3830e-01	6.1658e-02	3.7092e-05	2.5830e-07	1.1755e-36	1.1755e-36	1.8761e-18	0.00e+00	0.00e+00	1.8935e+02
1.27771e+17	5.1010e+03	4.265e-18	4.6416e+03	4.2617e+02	4.6839e-09	9.2557e-01	7.4430e-02	8.0584e-01	1.9138e-01	2.7800e-03	8.3994e-12	1.5232e-04	9.5911e-01	4.0721e-02	1.3590e-05	9.4040e-01	5.9559e-02	3.6736e-05	2.4938e-07	1.1755e-36	1.1755e-36	2.0653e-18	0.00e+00	0.00e+00	1.9227e+02
1.27880e+17	4.9510e+03	4.040e-18	4.6416e+03	4.1101e+02	5.6642e-09	9.2786e-01	7.2140e-02	8.1712e-01	1.8022e-01	2.6585e-03	8.8048e-12	1.4795e-04	9.5925e-01	4.0587e-02	1.3599e-05	9.4234e-01	5.7628e-02	3.6492e-05	2.4124e-07	1.1755e-36	1.1755e-36	2.3056e-18	0.00e+00	0.00e+00	1.9527e+02
1.27990e+17	4.8036e+03	3.840e-18	4.6416e+03	3.9704e+02	6.8231e-09	9.2997e-01	7.0032e-02	8.2758e-01	1.6988e-01	2.5401e-03	9.1902e-12	1.4401e-04	9.5964e-01	4.0199e-02	1.3611e-05	9.4411e-01	5.5849e-02	3.6344e-05	2.3380e-07	1.1755e-36	1.1755e-36	2.5439e-18	0.00e+00	0.00e+00	1.9826e+02
1.28098e+17	4.6647e+03	3.665e-18	4.6416e+03	3.8471e+02	8.1434e-09	9.3180e-01	6.8199e-02	8.3708e-01	1.6050e-01	2.4262e-03	9.5947e-12	1.4061e-04	9.6000e-01	3.9849e-02	1.3627e-05	9.4567e-01	5.4297e-02	3.6276e-05	2.2736e-07	1.1755e-36	1.1755e-36	2.8195e-18	0.00e+00	0.00e+00	2.0118e+02
1.28206e+17	4.5295e+03	3.510e-18	4.6416e+03	3.7360e+02	9.6669e-09	9.3345e-01	6.6554e-02	8.4581e-01	1.5188e-01	2.3159e-03	1.0024e-11	1.3763e-04	9.6034e-01	3.9505e-02	1.3646e-05	9.4706e-01	5.2900e-02	3.6277e-05	2.2161e-07	1.1755e-36	1.1755e-36	3.1389e-18	0.00e+00	0.00e+00	2.0412e+02
1.28314e+17	4.4079e+03	3.372e-18	4.6416e+03	3.6352e+02	1.1250e-08	9.3493e-01	6.5072e-02	8.5370e-01	1.4409e-01	2.2149e-03	1.0433e-11	1.3494e-04	9.6064e-01	3.9206e-02	1.3665e-05	9.4832e-01	5.1644e-02	3.6298e-05	2.1645e-07	1.1755e-36	1.1755e-36	3.4650e-18	0.00e+00	0.00e+00	2.0709e+02
1.28406e+17	4.3146e+03	3.271e-18	4.6416e+03	3.5568e+02	1.2596e-08	9.3602e-01	6.3985e-02	8.5951e-01	1.3835e-01	2.1410e-03	1.0749e-11	1.3283e-04	9.6070e-01	3.9151e-02	1.3682e-05	9.4924e-01	5.0719e-02	3.6339e-05	2.1268e-07	1.1755e-36	1.1755e-36	3.7320e-18	0.00e+00	0.00e+00	2.0920e+02
1.28481e+17	4.2291e+03	3.200e-18	4.6416e+03	3.5083e+02	1.3932e-08	9.3664e-01	6.3364e-02	8.6456e-01	1.3338e-01	2.0627e-03	1.1039e-11	1.3181e-04	9.6093e-01	3.8924e-02	1.3704e-05	9.4979e-01	5.0173e-02	3.6453e-05	2.1057e-07	1.1755e-36	1.1755e-36	3.9950e-18	0.00e+00	0.00e+00	2.1118e+02
1.28554e+17	4.1572e+03	3.132e-18	4.6416e+03	3.4614e+02	1.5110e-08	9.3726e-01	6.2741e-02	8.6906e-01	1.2894e-01	1.9961e-03	1.1277e-11	1.3074e-04	9.6115e-01	3.8707e-02	1.3720e-05	9.5033e-01	4.9633e-02	3.6531e-05	2.0842e-07	1.1755e-36	1.1755e-36	4.2148e-18	0.00e+00	0.00e+00	2.1324e+02
1.28640e+17	4.0812e+03	3.054e-18	4.6416e+03	3.4040e+02	1.6392e-08	9.3807e-01	6.1935e-02	8.7377e-01	1.2430e-01	1.9304e-03	1.1516e-11	1.2934e-04	9.6143e-01	3.8422e-02	1.3735e-05	9.5102e-01	4.8944e-02	3.6599e-05	2.0565e-07	1.1755e-36	1.1755e-36	4.4371e-18	0.00e+00	0.00e+00	2.1589e+02
1.28750e+17	3.9831e+03	2.958e-18	4.6416e+03	3.3243e+02	1.8062e-08	9.3935e-01	6.0650e-02	8.7892e-01	1.1921e-01	1.8629e-03	1.1792e-11	1.2733e-04	9.6174e-01	3.8119e-02	1.3752e-05	9.5210e-01	4.7859e-02	3.6686e-05	2.0119e-07	1.1755e-36	1.1755e-36	4.6995e-18	0.00e+00	0.00e+00	2.1928e+02
