#depth	Te	Htot	hden	eden	2H_2/H	HI	HII	HeI	HeII	HeIII	CO/C	C1	C2	C3	C4	O1	O2	O3	O4	O5	O6	H2O/O	AV(point)	AV(extend)	Tau912
2.04298e+11	1.0876e+04	7.053e-15	3.5938e+04	3.9637e+04	4.0071e-14	1.6187e-02	9.8381e-01	1.1119e-02	6.2784e-01	3.6104e-01	3.4068e-15	1.3166e-03	2.3463e-01	7.4113e-01	2.2652e-02	7.6373e-03	3.9590e-01	5.6415e-01	3.1944e-02	3.6676e-04	4.1722e-07	6.0303e-23	0.00e+00	0.00e+00	1.5007e-03
1.22579e+12	1.0865e+04	7.030e-15	3.5938e+04	3.9573e+04	4.0046e-14	1.6131e-02	9.8387e-01	1.1100e-02	6.2759e-01	3.6131e-01	3.3653e-15	1.3080e-03	2.3434e-01	7.4131e-01	2.2765e-02	7.5856e-03	3.9461e-01	5.6538e-01	3.2050e-02	3.6809e-04	4.1994e-07	5.9335e-23	0.00e+00	0.00e+00	7.4825e-03
5.31176e+12	1.0848e+04	6.985e-15	3.5938e+04	3.9555e+04	3.9902e-14	1.6049e-02	9.8395e-01	1.1110e-02	6.2819e-01	3.6070e-01	3.3093e-15	1.3004e-03	2.3431e-01	7.4130e-01	2.2818e-02	7.5084e-03	3.9252e-01	5.6759e-01	3.2009e-02	3.6634e-04	4.2032e-07	5.8072e-23	0.00e+00	0.00e+00	3.1289e-02
2.16556e+13	1.0790e+04	6.876e-15	3.5938e+04	3.9543e+04	4.0187e-14	1.5956e-02	9.8404e-01	1.1219e-02	6.3264e-01	3.5614e-01	3.2208e-15	1.2954e-03	2.3477e-01	7.4105e-01	2.2614e-02	7.3827e-03	3.8798e-01	5.7300e-01	3.1281e-02	3.5247e-04	4.0892e-07	5.6344e-23	0.00e+00	0.00e+00	1.2596e-01
5.17284e+13	1.0601e+04	6.534e-15	3.5938e+04	3.9569e+04	3.7860e-14	1.5029e-02	9.8497e-01	1.1213e-02	6.3392e-01	3.5487e-01	2.6809e-15	1.2446e-03	2.3396e-01	7.4107e-01	2.3451e-02	6.5680e-03	3.6641e-01	5.9435e-01	3.2319e-02	3.5406e-04	4.3723e-07	4.4256e-23	0.00e+00	0.00e+00	2.4188e-01
9.08229e+13	1.0449e+04	6.272e-15	3.5938e+04	3.9572e+04	3.6794e-14	1.4462e-02	9.8554e-01	1.1312e-02	6.4062e-01	3.4806e-01	2.3471e-15	1.2144e-03	2.3358e-01	7.4134e-01	2.3587e-02	6.0706e-03	3.5174e-01	6.0998e-01	3.1877e-02	3.3774e-04	4.3685e-07	3.7549e-23	0.00e+00	0.00e+00	3.8690e-01
1.41646e+14	1.0319e+04	6.058e-15	3.5938e+04	3.9542e+04	3.6894e-14	1.4191e-02	9.8581e-01	1.1537e-02	6.5346e-01	3.3501e-01	2.1482e-15	1.2008e-03	2.3376e-01	7.4176e-01	2.3018e-02	5.8086e-03	3.4267e-01	6.2125e-01	2.9968e-02	3.0489e-04	4.0765e-07	3.4129e-23	0.00e+00	0.00e+00	5.7188e-01
2.07716e+14	1.0203e+04	5.896e-15	3.5938e+04	3.9506e+04	3.8784e-14	1.4293e-02	9.8571e-01	1.1990e-02	6.7444e-01	3.1357e-01	2.1043e-15	1.2134e-03	2.3543e-01	7.4155e-01	2.1575e-02	5.8361e-03	3.4126e-01	6.2624e-01	2.6409e-02	2.5545e-04	3.4709e-07	3.4199e-23	0.00e+00	0.00e+00	8.1409e-01
2.91084e+14	1.0136e+04	5.766e-15	3.5938e+04	3.9367e+04	4.2378e-14	1.4812e-02	9.8519e-01	1.2653e-02	7.0334e-01	2.8401e-01	2.2196e-15	1.2521e-03	2.3839e-01	7.4078e-01	1.9378e-02	6.2045e-03	3.4922e-01	6.2280e-01	2.1584e-02	1.9743e-04	2.6688e-07	3.8049e-23	0.00e+00	0.00e+00	1.1234e+00
3.81521e+14	1.0100e+04	5.705e-15	3.5938e+04	3.9231e+04	4.8332e-14	1.5781e-02	9.8422e-01	1.3494e-02	7.3602e-01	2.5048e-01	2.5329e-15	1.3185e-03	2.4283e-01	7.3882e-01	1.6867e-02	6.9453e-03	3.6577e-01	6.1044e-01	1.6696e-02	1.4491e-04	1.9002e-07	4.6998e-23	0.00e+00	0.00e+00	1.4415e+00
4.76956e+14	1.0111e+04	5.716e-15	3.5938e+04	3.9055e+04	5.9284e-14	1.7564e-02	9.8244e-01	1.4687e-02	7.7117e-01	2.1414e-01	3.3302e-15	1.4439e-03	2.5097e-01	7.3345e-01	1.4017e-02	8.4438e-03	3.9773e-01	5.8185e-01	1.1871e-02	9.8614e-05	1.1755e-36	6.9046e-23	0.00e+00	0.00e+00	1.8482e+00
5.66132e+14	1.0161e+04	5.792e-15	3.5938e+04	3.8884e+04	7.3839e-14	1.9837e-02	9.8016e-01	1.5842e-02	8.0123e-01	1.8293e-01	4.5411e-15	1.5841e-03	2.5914e-01	7.2756e-01	1.1620e-02	1.0445e-02	4.3353e-01	5.4761e-01	8.3459e-03	6.7939e-05	1.1755e-36	1.0637e-22	0.00e+00	0.00e+00	2.1916e+00
6.32644e+14	1.0228e+04	5.883e-15	3.5938e+04	3.8716e+04	8.9772e-14	2.2165e-02	9.7783e-01	1.6861e-02	8.2152e-01	1.6162e-01	6.0938e-15	1.7213e-03	2.6706e-01	7.2122e-01	9.9233e-03	1.2652e-02	4.6791e-01	5.1321e-01	6.1758e-03	5.0360e-05	1.1755e-36	1.5821e-22	0.00e+00	0.00e+00	2.4769e+00
6.86950e+14	1.0289e+04	5.981e-15	3.5938e+04	3.8575e+04	1.0793e-13	2.4572e-02	9.7543e-01	1.7827e-02	8.3671e-01	1.4546e-01	8.0453e-15	1.8580e-03	2.7488e-01	7.1458e-01	8.6127e-03	1.5041e-02	4.9959e-01	4.8062e-01	4.7091e-03	3.8932e-05	1.1755e-36	2.2894e-22	0.00e+00	0.00e+00	2.7662e+00
7.46629e+14	1.0358e+04	6.106e-15	3.5938e+04	3.8440e+04	1.3552e-13	2.7842e-02	9.7216e-01	1.9052e-02	8.5201e-01	1.2894e-01	1.1321e-14	2.0399e-03	2.8516e-01	7.0548e-01	7.2649e-03	1.8427e-02	5.3720e-01	4.4095e-01	3.4000e-03	2.8981e-05	1.1755e-36	3.5900e-22	0.00e+00	0.00e+00	3.1924e+00
8.10330e+14	1.0443e+04	6.269e-15	3.5938e+04	3.8192e+04	1.7619e-13	3.2190e-02	9.6781e-01	2.0514e-02	8.6580e-01	1.1369e-01	1.6701e-14	2.2529e-03	2.9722e-01	6.9449e-01	5.9964e-03	2.3176e-02	5.8041e-01	3.9405e-01	2.3406e-03	2.1145e-05	1.1755e-36	5.9698e-22	0.00e+00	0.00e+00	3.6302e+00
8.63557e+14	1.0530e+04	6.451e-15	3.5938e+04	3.8037e+04	2.2472e-13	3.6829e-02	9.6317e-01	2.1810e-02	8.7573e-01	1.0246e-01	2.3824e-14	2.4575e-03	3.0823e-01	6.8424e-01	5.0350e-03	2.8346e-02	6.1631e-01	3.5366e-01	1.6718e-03	1.6175e-05	1.1755e-36	9.5556e-22	0.00e+00	0.00e+00	4.0189e+00
9.07670e+14	1.0600e+04	6.593e-15	3.5938e+04	3.7785e+04	2.7928e-13	4.1477e-02	9.5852e-01	2.3142e-02	8.8283e-01	9.4027e-02	3.2564e-14	2.6454e-03	3.1901e-01	6.7400e-01	4.3088e-03	3.3767e-02	6.4763e-01	3.1735e-01	1.2331e-03	1.2844e-05	1.1755e-36	1.4344e-21	0.00e+00	0.00e+00	4.4115e+00
9.55632e+14	1.0647e+04	6.772e-15	3.5938e+04	3.7561e+04	3.6504e-13	4.7636e-02	9.5236e-01	2.4799e-02	8.8992e-01	8.5283e-02	4.6933e-14	2.8844e-03	3.3256e-01	6.6094e-01	3.5826e-03	4.1028e-02	6.7945e-01	2.7865e-01	8.6524e-04	9.9134e-06	1.1755e-36	2.3071e-21	0.00e+00	0.00e+00	4.9975e+00
1.00795e+15	1.0699e+04	7.005e-15	3.5938e+04	3.7314e+04	5.0088e-13	5.5998e-02	9.4400e-01	2.6823e-02	8.9624e-01	7.6941e-02	7.1505e-14	3.1714e-03	3.4876e-01	6.4516e-01	2.8903e-03	5.1015e-02	7.1092e-01	2.3748e-01	5.7453e-04	7.4328e-06	1.1755e-36	4.0086e-21	0.00e+00	0.00e+00	5.6383e+00
1.05388e+15	1.0744e+04	7.208e-15	3.5938e+04	3.6981e+04	6.7629e-13	6.5207e-02	9.3479e-01	2.8962e-02	9.0051e-01	7.0531e-02	1.0574e-13	3.4472e-03	3.6515e-01	6.2903e-01	2.3555e-03	6.2220e-02	7.3598e-01	2.0140e-01	3.8863e-04	5.6861e-06	1.1755e-36	6.6804e-21	0.00e+00	0.00e+00	6.2513e+00
1.09346e+15	1.0775e+04	7.352e-15	3.5938e+04	3.6503e+04	8.8753e-13	7.4671e-02	9.2533e-01	3.1146e-02	9.0329e-01	6.5564e-02	1.4899e-13	3.6888e-03	3.8079e-01	6.1355e-01	1.9547e-03	7.3881e-02	7.5417e-01	1.7167e-01	2.7168e-04	4.4710e-06	1.1755e-36	1.0413e-20	0.00e+00	0.00e+00	6.8906e+00
1.13685e+15	1.0784e+04	7.515e-15	3.5938e+04	3.6008e+04	1.2276e-12	8.7206e-02	9.1279e-01	3.3975e-02	9.0575e-01	6.0272e-02	2.2158e-13	3.9905e-03	4.0028e-01	5.9415e-01	1.5679e-03	8.9288e-02	7.6847e-01	1.4205e-01	1.7952e-04	3.3878e-06	1.1755e-36	1.7443e-20	0.00e+00	0.00e+00	7.8611e+00
1.18197e+15	1.0781e+04	7.677e-15	3.5938e+04	3.5397e+04	1.7601e-12	1.0328e-01	8.9672e-01	3.7452e-02	9.0702e-01	5.5533e-02	3.4026e-13	4.3186e-03	4.2296e-01	5.7148e-01	1.2285e-03	1.0902e-01	7.7683e-01	1.1403e-01	1.1397e-04	2.4893e-06	1.1755e-36	3.0505e-20	0.00e+00	0.00e+00	8.8265e+00
1.21757e+15	1.0763e+04	7.789e-15	3.5938e+04	3.4836e+04	2.3969e-12	1.1896e-01	8.8104e-01	4.0789e-02	9.0702e-01	5.2193e-02	4.8714e-13	4.5990e-03	4.4352e-01	5.5088e-01	9.9659e-04	1.2816e-01	7.7790e-01	9.3861e-02	7.7653e-05	1.9079e-06	1.1755e-36	4.8696e-20	0.00e+00	0.00e+00	9.6367e+00
1.24509e+15	1.0753e+04	7.836e-15	3.5938e+04	3.4289e+04	3.0519e-12	1.3275e-01	8.6725e-01	4.3743e-02	9.0648e-01	4.9780e-02	6.4315e-13	4.8097e-03	4.6045e-01	5.3389e-01	8.4230e-04	1.4492e-01	7.7508e-01	7.9942e-02	5.7179e-05	1.5395e-06	1.1755e-36	6.9961e-20	0.00e+00	0.00e+00	1.0391e+01
1.27387e+15	1.0713e+04	7.871e-15	3.5938e+04	3.3683e+04	4.0015e-12	1.4927e-01	8.5073e-01	4.7327e-02	9.0542e-01	4.7256e-02	8.6944e-13	5.0467e-03	4.7993e-01	5.1432e-01	6.9862e-04	1.6485e-01	7.6821e-01	6.6901e-02	4.0981e-05	1.2146e-06	1.1755e-36	1.0357e-19	0.00e+00	0.00e+00	1.1493e+01
1.30491e+15	1.0673e+04	7.869e-15	3.5938e+04	3.2940e+04	5.3679e-12	1.6937e-01	8.3063e-01	5.1696e-02	9.0341e-01	4.4894e-02	1.2025e-12	5.2886e-03	5.0208e-01	4.9205e-01	5.6803e-04	1.8888e-01	7.5652e-01	5.4575e-02	2.8446e-05	9.2978e-07	1.1755e-36	1.5816e-19	0.00e+00	0.00e+00	1.2628e+01
1.33145e+15	1.0630e+04	7.836e-15	3.5938e+04	3.2243e+04	6.9704e-12	1.8906e-01	8.1094e-01	5.6064e-02	9.0087e-01	4.3062e-02	1.5982e-12	5.4941e-03	5.2268e-01	4.7135e-01	4.7137e-04	2.1218e-01	7.4255e-01	4.5249e-02	2.0589e-05	7.2851e-07	1.1755e-36	2.2942e-19	0.00e+00	0.00e+00	1.3638e+01
1.35354e+15	1.0595e+04	7.769e-15	3.5938e+04	3.1575e+04	8.6595e-12	2.0685e-01	7.9315e-01	6.0109e-02	8.9824e-01	4.1648e-02	2.0195e-12	5.6498e-03	5.4042e-01	4.5353e-01	4.0199e-04	2.3303e-01	7.2848e-01	3.8468e-02	1.5693e-05	5.9107e-07	1.1755e-36	3.1161e-19	0.00e+00	0.00e+00	1.4607e+01
1.37728e+15	1.0544e+04	7.668e-15	3.5938e+04	3.0814e+04	1.0997e-11	2.2765e-01	7.7235e-01	6.5018e-02	8.9487e-01	4.0110e-02	2.6010e-12	5.8121e-03	5.6044e-01	4.3341e-01	3.3633e-04	2.5718e-01	7.1072e-01	3.2092e-02	1.1669e-05	4.6851e-07	1.1755e-36	4.3389e-19	0.00e+00	0.00e+00	1.5993e+01
1.40294e+15	1.0490e+04	7.518e-15	3.5938e+04	2.9929e+04	1.4204e-11	2.5187e-01	7.4813e-01	7.0926e-02	8.9040e-01	3.8669e-02	3.4030e-12	5.9634e-03	5.8264e-01	4.1112e-01	2.7671e-04	2.8497e-01	6.8885e-01	2.6173e-02	8.4809e-06	3.6161e-07	1.1755e-36	6.1742e-19	0.00e+00	0.00e+00	1.7393e+01
1.42523e+15	1.0436e+04	7.357e-15	3.5938e+04	2.9133e+04	1.7783e-11	2.7472e-01	7.2528e-01	7.6795e-02	8.8570e-01	3.7508e-02	4.3020e-12	6.0832e-03	6.0284e-01	3.9084e-01	2.3215e-04	3.1085e-01	6.6740e-01	2.1735e-02	6.4125e-06	2.8596e-07	1.1755e-36	8.4044e-19	0.00e+00	0.00e+00	1.8645e+01
1.44450e+15	1.0400e+04	7.169e-15	3.5938e+04	2.8323e+04	2.1393e-11	2.9473e-01	7.0527e-01	8.2158e-02	8.8120e-01	3.6642e-02	5.2042e-12	6.1488e-03	6.1993e-01	3.7372e-01	1.9960e-04	3.3330e-01	6.4822e-01	1.8469e-02	5.0654e-06	2.3363e-07	1.1755e-36	1.0793e-18	0.00e+00	0.00e+00	1.9879e+01
1.46570e+15	1.0335e+04	6.951e-15	3.5938e+04	2.7459e+04	2.6445e-11	3.1827e-01	6.8173e-01	8.8880e-02	8.7556e-01	3.5565e-02	6.4438e-12	6.2233e-03	6.3961e-01	3.5400e-01	1.6768e-04	3.5940e-01	6.2525e-01	1.5349e-02	3.9023e-06	1.8570e-07	1.1755e-36	1.4289e-18	0.00e+00	0.00e+00	2.1610e+01
1.48911e+15	1.0270e+04	6.680e-15	3.5938e+04	2.6471e+04	3.3159e-11	3.4514e-01	6.5486e-01	9.6971e-02	8.6846e-01	3.4571e-02	8.0940e-12	6.2744e-03	6.6118e-01	3.3240e-01	1.3831e-04	3.8881e-01	5.9875e-01	1.2442e-02	2.9448e-06	1.4348e-07	1.1755e-36	1.9301e-18	0.00e+00	0.00e+00	2.3398e+01
1.51036e+15	1.0206e+04	6.411e-15	3.5938e+04	2.5573e+04	4.0674e-11	3.7065e-01	6.2935e-01	1.0525e-01	8.6103e-01	3.3718e-02	9.9346e-12	6.3050e-03	6.8112e-01	3.1246e-01	1.1558e-04	4.1636e-01	5.7343e-01	1.0211e-02	2.2877e-06	1.1755e-36	1.1755e-36	2.5301e-18	0.00e+00	0.00e+00	2.5053e+01
1.52952e+15	1.0159e+04	6.134e-15	3.5938e+04	2.4670e+04	4.8364e-11	3.9315e-01	6.0685e-01	1.1305e-01	8.5386e-01	3.3090e-02	1.1791e-11	6.2894e-03	6.9828e-01	2.9533e-01	9.8491e-05	4.4039e-01	5.5107e-01	8.5382e-03	1.8407e-06	1.1755e-36	1.1755e-36	3.1716e-18	0.00e+00	0.00e+00	2.6716e+01
1.54902e+15	1.0089e+04	5.851e-15	3.5938e+04	2.3788e+04	5.8009e-11	4.1702e-01	5.8298e-01	1.2196e-01	8.4567e-01	3.2370e-02	1.4063e-11	6.2728e-03	7.1606e-01	2.7759e-01	8.3208e-05	4.6557e-01	5.2734e-01	7.0812e-03	1.4796e-06	1.1755e-36	1.1755e-36	4.0013e-18	0.00e+00	0.00e+00	2.8642e+01
1.57018e+15	1.0015e+04	5.536e-15	3.5938e+04	2.2859e+04	7.0432e-11	4.4353e-01	5.5647e-01	1.3261e-01	8.3580e-01	3.1588e-02	1.7000e-11	6.2430e-03	7.3519e-01	2.5850e-01	6.9041e-05	4.9319e-01	5.0106e-01	5.7466e-03	1.1738e-06	1.1755e-36	1.1755e-36	5.1473e-18	0.00e+00	0.00e+00	3.0853e+01
1.59197e+15	9.9500e+03	5.188e-15	3.5938e+04	2.1802e+04	8.4715e-11	4.6980e-01	5.3020e-01	1.4393e-01	8.2506e-01	3.1011e-02	2.0278e-11	6.1523e-03	7.5354e-01	2.4025e-01	5.7211e-05	5.2022e-01	4.7514e-01	4.6328e-03	9.3862e-07	1.1755e-36	1.1755e-36	6.4893e-18	0.00e+00	0.00e+00	3.3157e+01
1.61169e+15	9.8740e+03	4.883e-15	3.5938e+04	2.0923e+04	1.0090e-10	4.9467e-01	5.0533e-01	1.5566e-01	8.1394e-01	3.0405e-02	2.3970e-11	6.0821e-03	7.7038e-01	2.2349e-01	4.8001e-05	5.4548e-01	4.5074e-01	3.7819e-03	7.6910e-07	1.1755e-36	1.1755e-36	8.1091e-18	0.00e+00	0.00e+00	3.5159e+01
1.62910e+15	9.8239e+03	4.602e-15	3.5938e+04	2.0091e+04	1.1595e-10	5.1528e-01	4.8472e-01	1.6620e-01	8.0380e-01	2.9995e-02	2.7361e-11	5.9796e-03	7.8418e-01	2.0980e-01	4.1225e-05	5.6619e-01	4.3064e-01	3.1662e-03	6.5297e-07	1.1755e-36	1.1755e-36	9.6499e-18	0.00e+00	0.00e+00	3.7144e+01
1.64580e+15	9.7489e+03	4.345e-15	3.5938e+04	1.9353e+04	1.3391e-10	5.3597e-01	4.6403e-01	1.7757e-01	7.9295e-01	2.9482e-02	3.1274e-11	5.8949e-03	7.9758e-01	1.9649e-01	3.5452e-05	5.8677e-01	4.1057e-01	2.6558e-03	5.5898e-07	1.1755e-36	1.1755e-36	1.1514e-17	0.00e+00	0.00e+00	3.9141e+01
1.65916e+15	9.7081e+03	4.139e-15	3.5938e+04	1.8743e+04	1.4852e-10	5.5160e-01	4.4840e-01	1.8665e-01	7.8414e-01	2.9207e-02	3.4495e-11	5.8029e-03	8.0747e-01	1.8670e-01	3.1596e-05	6.0218e-01	3.9551e-01	2.3096e-03	4.9764e-07	1.1755e-36	1.1755e-36	1.3106e-17	0.00e+00	0.00e+00	4.0430e+01
1.66853e+15	9.6717e+03	3.996e-15	3.5938e+04	1.8324e+04	1.5980e-10	5.6232e-01	4.3768e-01	1.9346e-01	7.7754e-01	2.8994e-02	3.6896e-11	5.7392e-03	8.1436e-01	1.7988e-01	2.9105e-05	6.1269e-01	3.8521e-01	2.0943e-03	4.6002e-07	1.1755e-36	1.1755e-36	1.4304e-17	0.00e+00	0.00e+00	4.1507e+01
1.67771e+15	9.6359e+03	3.856e-15	3.5938e+04	1.7920e+04	1.7172e-10	5.7292e-01	4.2708e-01	2.0041e-01	7.7088e-01	2.8716e-02	3.9435e-11	5.6764e-03	8.2106e-01	1.7324e-01	2.6791e-05	6.2303e-01	3.7507e-01	1.8995e-03	4.2608e-07	1.1755e-36	1.1755e-36	1.5601e-17	0.00e+00	0.00e+00	4.2797e+01
1.68854e+15	9.5867e+03	3.697e-15	3.5938e+04	1.7455e+04	1.8749e-10	5.8572e-01	4.1428e-01	2.0904e-01	7.6257e-01	2.8382e-02	4.2743e-11	5.6032e-03	8.2887e-01	1.6550e-01	2.4270e-05	6.3544e-01	3.6287e-01	1.6892e-03	3.8941e-07	1.1755e-36	1.1755e-36	1.7339e-17	0.00e+00	0.00e+00	4.4357e+01
1.70014e+15	9.5437e+03	3.528e-15	3.5938e+04	1.6946e+04	2.0486e-10	5.9897e-01	4.0103e-01	2.1828e-01	7.5361e-01	2.8105e-02	4.6391e-11	5.5114e-03	8.3673e-01	1.5774e-01	2.1899e-05	6.4821e-01	3.5030e-01	1.4900e-03	3.5507e-07	1.1755e-36	1.1755e-36	1.9304e-17	0.00e+00	0.00e+00	4.5916e+01
1.71125e+15	9.5010e+03	3.371e-15	3.5938e+04	1.6463e+04	2.2277e-10	6.1143e-01	3.8857e-01	2.2742e-01	7.4473e-01	2.7848e-02	5.0088e-11	5.4196e-03	8.4400e-01	1.5056e-01	1.9863e-05	6.6015e-01	3.3853e-01	1.3209e-03	3.2598e-07	1.1755e-36	1.1755e-36	2.1334e-17	0.00e+00	0.00e+00	4.7406e+01
1.72190e+15	9.4639e+03	3.222e-15	3.5938e+04	1.5998e+04	2.4064e-10	6.2295e-01	3.7705e-01	2.3632e-01	7.3607e-01	2.7613e-02	5.3748e-11	5.3250e-03	8.5066e-01	1.4399e-01	1.8107e-05	6.7112e-01	3.2770e-01	1.1771e-03	3.0132e-07	1.1755e-36	1.1755e-36	2.3376e-17	0.00e+00	0.00e+00	4.8899e+01
1.73273e+15	9.4124e+03	3.078e-15	3.5938e+04	1.5557e+04	2.6178e-10	6.3509e-01	3.6491e-01	2.4620e-01	7.2650e-01	2.7307e-02	5.7991e-11	5.2388e-03	8.5751e-01	1.3723e-01	1.6443e-05	6.8262e-01	3.1633e-01	1.0440e-03	2.7800e-07	1.1755e-36	1.1755e-36	2.5803e-17	0.00e+00	0.00e+00	5.0499e+01
1.74375e+15	9.3761e+03	2.932e-15	3.5938e+04	1.5087e+04	2.8267e-10	6.4658e-01	3.5342e-01	2.5592e-01	7.1699e-01	2.7085e-02	6.2212e-11	5.1345e-03	8.6392e-01	1.3093e-01	1.4965e-05	6.9344e-01	3.0563e-01	9.2568e-04	2.5743e-07	1.1755e-36	1.1755e-36	2.8246e-17	0.00e+00	0.00e+00	5.2104e+01
1.75484e+15	9.3206e+03	2.793e-15	3.5938e+04	1.4648e+04	3.0779e-10	6.5862e-01	3.4138e-01	2.6667e-01	7.0657e-01	2.6764e-02	6.7110e-11	5.0416e-03	8.7044e-01	1.2450e-01	1.3583e-05	7.0472e-01	2.9446e-01	8.1779e-04	2.3805e-07	1.1755e-36	1.1755e-36	3.1151e-17	0.00e+00	0.00e+00	5.3785e+01
1.76590e+15	9.2896e+03	2.655e-15	3.5938e+04	1.4192e+04	3.3071e-10	6.6952e-01	3.3048e-01	2.7689e-01	6.9655e-01	2.6561e-02	7.1736e-11	4.9312e-03	8.7634e-01	1.1872e-01	1.2392e-05	7.1488e-01	2.8440e-01	7.2466e-04	2.2149e-07	1.1755e-36	1.1755e-36	3.3909e-17	0.00e+00	0.00e+00	5.5436e+01
1.77703e+15	9.2337e+03	2.524e-15	3.5938e+04	1.3755e+04	3.5914e-10	6.8086e-01	3.1914e-01	2.8806e-01	6.8568e-01	2.6261e-02	7.7044e-11	4.8296e-03	8.8231e-01	1.1285e-01	1.1283e-05	7.2539e-01	2.7397e-01	6.4032e-04	2.0586e-07	1.1755e-36	1.1755e-36	3.7117e-17	0.00e+00	0.00e+00	5.7196e+01
1.78838e+15	9.1842e+03	2.396e-15	3.5938e+04	1.3326e+04	3.8910e-10	6.9217e-01	3.0783e-01	2.9976e-01	6.7428e-01	2.5958e-02	8.2800e-11	4.7264e-03	8.8813e-01	1.0713e-01	1.0271e-05	7.3583e-01	2.6361e-01	5.6404e-04	1.9139e-07	1.1755e-36	1.1755e-36	4.0681e-17	0.00e+00	0.00e+00	5.8972e+01
1.79955e+15	9.1380e+03	2.274e-15	3.5938e+04	1.2905e+04	4.1981e-10	7.0280e-01	2.9720e-01	3.1136e-01	6.6296e-01	2.5683e-02	8.8593e-11	4.6199e-03	8.9354e-01	1.0183e-01	9.3897e-06	7.4558e-01	2.5392e-01	4.9835e-04	1.7868e-07	1.1755e-36	1.1755e-36	4.4280e-17	0.00e+00	0.00e+00	6.0732e+01
1.81069e+15	9.0955e+03	2.156e-15	3.5938e+04	1.2490e+04	4.5149e-10	7.1292e-01	2.8708e-01	3.2299e-01	6.5159e-01	2.5415e-02	9.4522e-11	4.5106e-03	8.9864e-01	9.6836e-02	8.6061e-06	7.5483e-01	2.4473e-01	4.4086e-04	1.6731e-07	1.1755e-36	1.1755e-36	4.7984e-17	0.00e+00	0.00e+00	6.2550e+01
1.82218e+15	9.0357e+03	2.042e-15	3.5938e+04	1.2088e+04	4.8985e-10	7.2363e-01	2.7637e-01	3.3591e-01	6.3903e-01	2.5066e-02	1.0143e-10	4.4070e-03	9.0387e-01	9.1720e-02	7.8662e-06	7.6457e-01	2.3504e-01	3.8770e-04	1.5619e-07	1.1755e-36	1.1755e-36	5.2368e-17	0.00e+00	0.00e+00	6.4480e+01
1.83376e+15	8.9933e+03	1.930e-15	3.5938e+04	1.1672e+04	5.2651e-10	7.3347e-01	2.6653e-01	3.4837e-01	6.2682e-01	2.4808e-02	1.0811e-10	4.2907e-03	9.0863e-01	8.7068e-02	7.2241e-06	7.7347e-01	2.2619e-01	3.4166e-04	1.4645e-07	1.1755e-36	1.1755e-36	5.6574e-17	0.00e+00	0.00e+00	6.6378e+01
1.84534e+15	8.9333e+03	1.825e-15	3.5938e+04	1.1288e+04	5.7001e-10	7.4352e-01	2.5648e-01	3.6182e-01	6.1373e-01	2.4445e-02	1.1571e-10	4.1867e-03	9.1337e-01	8.2434e-02	6.6358e-06	7.8253e-01	2.1717e-01	3.0057e-04	1.3719e-07	1.1755e-36	1.1755e-36	6.1439e-17	0.00e+00	0.00e+00	6.8360e+01
1.85701e+15	8.8967e+03	1.723e-15	3.5938e+04	1.0895e+04	6.0952e-10	7.5264e-01	2.4736e-01	3.7474e-01	6.0108e-01	2.4179e-02	1.2293e-10	4.0710e-03	9.1768e-01	7.8244e-02	6.1253e-06	7.9071e-01	2.0903e-01	2.6506e-04	1.2910e-07	1.1755e-36	1.1755e-36	6.6000e-17	0.00e+00	0.00e+00	7.0338e+01
1.86893e+15	8.8370e+03	1.625e-15	3.5938e+04	1.0515e+04	6.5904e-10	7.6211e-01	2.3789e-01	3.8876e-01	5.8742e-01	2.3812e-02	1.3127e-10	3.9621e-03	9.2201e-01	7.4021e-02	5.6509e-06	7.9917e-01	2.0060e-01	2.3291e-04	1.2124e-07	1.1755e-36	1.1755e-36	7.1306e-17	0.00e+00	0.00e+00	7.2458e+01
1.88116e+15	8.7757e+03	1.531e-15	3.5938e+04	1.0143e+04	7.1300e-10	7.7157e-01	2.2843e-01	4.0341e-01	5.7316e-01	2.3425e-02	1.4030e-10	3.8537e-03	9.2621e-01	6.9934e-02	5.2215e-06	8.0759e-01	1.9220e-01	2.0410e-04	1.1755e-36	1.1755e-36	1.1755e-36	7.7071e-17	0.00e+00	0.00e+00	7.4594e+01
1.89317e+15	8.7229e+03	1.443e-15	3.5938e+04	9.7823e+03	7.6633e-10	7.8018e-01	2.1982e-01	4.1758e-01	5.5934e-01	2.3080e-02	1.4912e-10	3.7443e-03	9.3001e-01	6.6239e-02	4.8545e-06	8.1522e-01	1.8460e-01	1.7979e-04	1.1755e-36	1.1755e-36	1.1755e-36	8.2589e-17	0.00e+00	0.00e+00	7.6688e+01
1.90521e+15	8.6727e+03	1.360e-15	3.5938e+04	9.4359e+03	8.2176e-10	7.8837e-01	2.1163e-01	4.3189e-01	5.4540e-01	2.2708e-02	1.5829e-10	3.6371e-03	9.3361e-01	6.2746e-02	4.5277e-06	8.2245e-01	1.7739e-01	1.5858e-04	1.1755e-36	1.1755e-36	1.1755e-36	8.8303e-17	0.00e+00	0.00e+00	7.8880e+01
1.91782e+15	8.6048e+03	1.278e-15	3.5938e+04	9.0924e+03	8.8948e-10	7.9695e-01	2.0305e-01	4.4745e-01	5.3029e-01	2.2267e-02	1.6880e-10	3.5320e-03	9.3723e-01	5.9233e-02	4.2220e-06	8.3000e-01	1.6986e-01	1.3910e-04	1.1755e-36	1.1755e-36	1.1755e-36	9.4827e-17	0.00e+00	0.00e+00	8.1223e+01
1.93066e+15	8.5546e+03	1.200e-15	3.5938e+04	8.7467e+03	9.5406e-10	8.0486e-01	1.9514e-01	4.6253e-01	5.1558e-01	2.1889e-02	1.7909e-10	3.4205e-03	9.4054e-01	5.6033e-02	3.9558e-06	8.3693e-01	1.6295e-01	1.2222e-04	1.1755e-36	1.1755e-36	1.1755e-36	1.0106e-16	0.00e+00	0.00e+00	8.3548e+01
1.94347e+15	8.4846e+03	1.128e-15	3.5938e+04	8.4277e+03	1.0313e-09	8.1271e-01	1.8729e-01	4.7830e-01	5.0028e-01	2.1422e-02	1.9046e-10	3.3198e-03	9.4373e-01	5.2944e-02	3.7186e-06	8.4379e-01	1.5610e-01	1.0756e-04	1.1755e-36	1.1755e-36	1.1755e-36	1.0790e-16	0.00e+00	0.00e+00	8.5924e+01
1.95642e+15	8.4340e+03	1.060e-15	3.5938e+04	8.1104e+03	1.1031e-09	8.1978e-01	1.8022e-01	4.9348e-01	4.8550e-01	2.1016e-02	2.0135e-10	3.2142e-03	9.4663e-01	5.0149e-02	3.5126e-06	8.4994e-01	1.4996e-01	9.4965e-05	1.1755e-36	1.1755e-36	1.1755e-36	1.1417e-16	0.00e+00	0.00e+00	8.8345e+01
1.96957e+15	8.3648e+03	9.954e-16	3.5938e+04	7.8075e+03	1.1898e-09	8.2687e-01	1.7313e-01	5.0923e-01	4.7023e-01	2.0539e-02	2.1333e-10	3.1153e-03	9.4943e-01	4.7447e-02	3.3272e-06	8.5610e-01	1.4382e-01	8.3859e-05	1.1755e-36	1.1755e-36	1.1755e-36	1.2097e-16	0.00e+00	0.00e+00	9.0841e+01
1.98308e+15	8.2976e+03	9.341e-16	3.5938e+04	7.5154e+03	1.2819e-09	8.3376e-01	1.6624e-01	5.2527e-01	4.5469e-01	2.0038e-02	2.2603e-10	3.0188e-03	9.5210e-01	4.4881e-02	3.1607e-06	8.6206e-01	1.3787e-01	7.4039e-05	1.1755e-36	1.1755e-36	1.1755e-36	1.2809e-16	0.00e+00	0.00e+00	9.3436e+01
1.99700e+15	8.2320e+03	8.757e-16	3.5938e+04	7.2278e+03	1.3796e-09	8.4032e-01	1.5968e-01	5.4134e-01	4.3912e-01	1.9535e-02	2.3911e-10	2.9215e-03	9.5460e-01	4.2473e-02	3.0125e-06	8.6772e-01	1.3221e-01	6.5423e-05	1.1755e-36	1.1755e-36	1.1755e-36	1.3514e-16	0.00e+00	0.00e+00	9.6128e+01
2.01116e+15	8.1629e+03	8.211e-16	3.5938e+04	6.9515e+03	1.4859e-09	8.4657e-01	1.5343e-01	5.5732e-01	4.2367e-01	1.9017e-02	2.5261e-10	2.8272e-03	9.5694e-01	4.0235e-02	2.8822e-06	8.7310e-01	1.2684e-01	5.7971e-05	1.1755e-36	1.1755e-36	1.1755e-36	1.4216e-16	0.00e+00	0.00e+00	9.8854e+01
2.02539e+15	8.0942e+03	7.708e-16	3.5938e+04	6.6920e+03	1.5978e-09	8.5239e-01	1.4761e-01	5.7302e-01	4.0849e-01	1.8487e-02	2.6631e-10	2.7377e-03	9.5908e-01	3.8175e-02	2.7687e-06	8.7809e-01	1.2185e-01	5.1598e-05	1.1755e-36	1.1755e-36	1.1755e-36	1.4901e-16	0.00e+00	0.00e+00	1.0162e+02
2.03990e+15	8.0245e+03	7.237e-16	3.5938e+04	6.4447e+03	1.7175e-09	8.5790e-01	1.4210e-01	5.8862e-01	3.9344e-01	1.7939e-02	2.8040e-10	2.6517e-03	9.6109e-01	3.6253e-02	2.6683e-06	8.8281e-01	1.1714e-01	4.6059e-05	1.1755e-36	1.1755e-36	1.1755e-36	1.5577e-16	0.00e+00	0.00e+00	1.0448e+02
2.05494e+15	7.9461e+03	6.791e-16	3.5938e+04	6.2033e+03	1.8556e-09	8.6327e-01	1.3673e-01	6.0427e-01	3.7836e-01	1.7363e-02	2.9535e-10	2.5671e-03	9.6300e-01	3.4433e-02	2.5782e-06	8.8740e-01	1.1256e-01	4.1165e-05	1.1755e-36	1.1755e-36	1.1755e-36	1.6276e-16	0.00e+00	0.00e+00	1.0749e+02
2.07052e+15	7.8702e+03	6.371e-16	3.5938e+04	5.9707e+03	2.0000e-09	8.6835e-01	1.3165e-01	6.1972e-01	3.6350e-01	1.6789e-02	3.1037e-10	2.4853e-03	9.6477e-01	3.2745e-02	2.4982e-06	8.9173e-01	1.0823e-01	3.6885e-05	1.1755e-36	1.1755e-36	1.1755e-36	1.6929e-16	0.00e+00	0.00e+00	1.1060e+02
2.08651e+15	7.7941e+03	5.980e-16	3.5938e+04	5.7503e+03	2.1550e-09	8.7311e-01	1.2689e-01	6.3484e-01	3.4896e-01	1.6205e-02	3.2569e-10	2.4067e-03	9.6641e-01	3.1185e-02	2.4278e-06	8.9578e-01	1.0418e-01	3.3180e-05	1.1755e-36	1.1755e-36	1.1755e-36	1.7569e-16	0.00e+00	0.00e+00	1.1381e+02
2.10307e+15	7.7156e+03	5.615e-16	3.5938e+04	5.5408e+03	2.3240e-09	8.7761e-01	1.2239e-01	6.4973e-01	3.3467e-01	1.5605e-02	3.4141e-10	2.3316e-03	9.6794e-01	2.9731e-02	2.3652e-06	8.9961e-01	1.0036e-01	2.9946e-05	1.1755e-36	1.1755e-36	1.1755e-36	1.8194e-16	0.00e+00	0.00e+00	1.1718e+02
2.12048e+15	7.6297e+03	5.270e-16	3.5938e+04	5.3382e+03	2.5187e-09	8.8199e-01	1.1801e-01	6.6451e-01	3.2051e-01	1.4981e-02	3.5794e-10	2.2583e-03	9.6938e-01	2.8358e-02	2.3090e-06	9.0332e-01	9.6651e-02	2.7086e-05	1.1755e-36	1.1755e-36	1.1755e-36	1.8836e-16	0.00e+00	0.00e+00	1.2076e+02
2.13886e+15	7.5443e+03	4.944e-16	3.5938e+04	5.1405e+03	2.7277e-09	8.8608e-01	1.1392e-01	6.7888e-01	3.0675e-01	1.4367e-02	3.7421e-10	2.1865e-03	9.7072e-01	2.7087e-02	2.2589e-06	9.0679e-01	9.3185e-02	2.4576e-05	1.1755e-36	1.1755e-36	1.1755e-36	1.9400e-16	0.00e+00	0.00e+00	1.2456e+02
2.15809e+15	7.4624e+03	4.641e-16	3.5938e+04	4.9564e+03	2.9476e-09	8.8992e-01	1.1008e-01	6.9280e-01	2.9345e-01	1.3745e-02	3.9080e-10	2.1193e-03	9.7196e-01	2.5915e-02	2.2145e-06	9.1004e-01	8.9936e-02	2.2389e-05	1.1755e-36	1.1755e-36	1.1755e-36	1.9966e-16	0.00e+00	0.00e+00	1.2852e+02
2.17846e+15	7.3643e+03	4.359e-16	3.5938e+04	4.7834e+03	3.2192e-09	8.9374e-01	1.0626e-01	7.0669e-01	2.8023e-01	1.3079e-02	4.0886e-10	2.0568e-03	9.7315e-01	2.4793e-02	2.1745e-06	9.1326e-01	8.6717e-02	2.0451e-05	1.1755e-36	1.1755e-36	1.1755e-36	2.0604e-16	0.00e+00	0.00e+00	1.3280e+02
2.20071e+15	7.2699e+03	4.084e-16	3.5938e+04	4.6056e+03	3.5094e-09	8.9721e-01	1.0279e-01	7.1999e-01	2.6756e-01	1.2448e-02	4.2563e-10	1.9908e-03	9.7426e-01	2.3752e-02	2.1384e-06	9.1620e-01	8.3783e-02	1.8735e-05	1.1755e-36	1.1755e-36	1.1755e-36	2.1069e-16	0.00e+00	0.00e+00	1.3756e+02
2.22449e+15	7.1628e+03	3.833e-16	3.5938e+04	4.4447e+03	3.8632e-09	9.0076e-01	9.9236e-02	7.3303e-01	2.5519e-01	1.1778e-02	4.4459e-10	1.9324e-03	9.7529e-01	2.2777e-02	2.1062e-06	9.1919e-01	8.0791e-02	1.7212e-05	1.1755e-36	1.1755e-36	1.1755e-36	2.1713e-16	0.00e+00	0.00e+00	1.4251e+02
2.24998e+15	7.0565e+03	3.597e-16	3.5938e+04	4.2909e+03	4.2511e-09	9.0394e-01	9.6056e-02	7.4543e-01	2.4345e-01	1.1119e-02	4.6272e-10	1.8758e-03	9.7625e-01	2.1867e-02	2.0776e-06	9.2187e-01	7.8112e-02	1.5897e-05	1.1755e-36	1.1755e-36	1.1755e-36	2.2254e-16	0.00e+00	0.00e+00	1.4799e+02
2.27828e+15	6.9443e+03	3.371e-16	3.5938e+04	4.1401e+03	4.7072e-09	9.0709e-01	9.2914e-02	7.5745e-01	2.3209e-01	1.0457e-02	4.8156e-10	1.8202e-03	9.7718e-01	2.1002e-02	2.0512e-06	9.2452e-01	7.5468e-02	1.4704e-05	1.1755e-36	1.1755e-36	1.1755e-36	2.2832e-16	0.00e+00	0.00e+00	1.5414e+02
2.30959e+15	6.8273e+03	3.157e-16	3.5938e+04	3.9957e+03	5.2405e-09	9.1012e-01	8.9881e-02	7.6896e-01	2.2125e-01	9.7957e-03	5.0092e-10	1.7669e-03	9.7804e-01	2.0190e-02	2.0274e-06	9.2707e-01	7.2917e-02	1.3642e-05	1.1755e-36	1.1755e-36	1.1755e-36	2.3449e-16	0.00e+00	0.00e+00	1.6091e+02
2.34412e+15	6.6989e+03	2.956e-16	3.5938e+04	3.8535e+03	5.8946e-09	9.1296e-01	8.7043e-02	7.7976e-01	2.1109e-01	9.1503e-03	5.1983e-10	1.7146e-03	9.7885e-01	1.9434e-02	2.0064e-06	9.2946e-01	7.0527e-02	1.2714e-05	1.1755e-36	1.1755e-36	1.1755e-36	2.4027e-16	0.00e+00	0.00e+00	1.6842e+02
2.38025e+15	6.5801e+03	2.779e-16	3.5938e+04	3.7290e+03	6.5936e-09	9.1554e-01	8.4460e-02	7.8937e-01	2.0208e-01	8.5533e-03	5.3844e-10	1.6684e-03	9.7954e-01	1.8785e-02	1.9884e-06	9.3163e-01	6.8354e-02	1.1930e-05	1.1755e-36	1.1755e-36	1.1755e-36	2.4683e-16	0.00e+00	0.00e+00	1.7589e+02
2.41978e+15	6.4527e+03	2.609e-16	3.5938e+04	3.6087e+03	7.4487e-09	9.1805e-01	8.1954e-02	7.9872e-01	1.9333e-01	7.9466e-03	5.5826e-10	1.6242e-03	9.8026e-01	1.8118e-02	1.9714e-06	9.3374e-01	6.6246e-02	1.1218e-05	1.1755e-36	1.1755e-36	1.1755e-36	2.5452e-16	0.00e+00	0.00e+00	1.8487e+02
2.46718e+15	6.3179e+03	2.432e-16	3.5938e+04	3.4776e+03	8.5182e-09	9.2069e-01	7.9308e-02	8.0799e-01	1.8468e-01	7.3360e-03	5.7979e-10	1.5742e-03	9.8098e-01	1.7444e-02	1.9542e-06	9.3596e-01	6.4027e-02	1.0514e-05	1.1755e-36	1.1755e-36	1.1755e-36	2.6370e-16	0.00e+00	0.00e+00	1.9568e+02
2.52048e+15	6.1694e+03	2.266e-16	3.5938e+04	3.3519e+03	9.9069e-09	9.2338e-01	7.6624e-02	8.1696e-01	1.7631e-01	6.7303e-03	6.0436e-10	1.5274e-03	9.8164e-01	1.6827e-02	1.9388e-06	9.3822e-01	6.1773e-02	9.8729e-06	1.1755e-36	1.1755e-36	1.1755e-36	2.7632e-16	0.00e+00	0.00e+00	2.0717e+02
2.57719e+15	6.0199e+03	2.113e-16	3.5938e+04	3.2335e+03	1.1597e-08	9.2591e-01	7.4087e-02	8.2529e-01	1.6855e-01	6.1639e-03	6.3094e-10	1.4832e-03	9.8226e-01	1.6257e-02	1.9251e-06	9.4035e-01	5.9643e-02	9.3104e-06	1.1755e-36	1.1755e-36	1.1755e-36	2.9207e-16	0.00e+00	0.00e+00	2.1947e+02
2.62655e+15	5.9041e+03	2.004e-16	3.5938e+04	3.1451e+03	1.3159e-08	9.2781e-01	7.2194e-02	8.3138e-01	1.6286e-01	5.7555e-03	6.5333e-10	1.4499e-03	9.8260e-01	1.5953e-02	1.9164e-06	9.4194e-01	5.8055e-02	8.9184e-06	1.1755e-36	1.1755e-36	1.1755e-36	3.0709e-16	0.00e+00	0.00e+00	2.2793e+02
2.66356e+15	5.8139e+03	1.928e-16	3.5938e+04	3.0878e+03	1.4549e-08	9.2919e-01	7.0808e-02	8.3606e-01	1.5850e-01	5.4415e-03	6.7345e-10	1.4295e-03	9.8287e-01	1.5695e-02	1.9102e-06	9.4310e-01	5.6891e-02	8.6492e-06	1.1755e-36	1.1755e-36	1.1755e-36	3.2202e-16	0.00e+00	0.00e+00	2.3507e+02
2.69820e+15	5.7314e+03	1.858e-16	3.5938e+04	3.0298e+03	1.5987e-08	9.3036e-01	6.9643e-02	8.4008e-01	1.5474e-01	5.1771e-03	6.9179e-10	1.4079e-03	9.8315e-01	1.5435e-02	1.9044e-06	9.4408e-01	5.5911e-02	8.4184e-06	1.1755e-36	1.1755e-36	1.1755e-36	3.3628e-16	0.00e+00	0.00e+00	2.4254e+02
2.73560e+15	5.6447e+03	1.786e-16	3.5938e+04	2.9707e+03	1.7718e-08	9.3179e-01	6.8206e-02	8.4428e-01	1.5082e-01	4.9054e-03	7.1523e-10	1.3859e-03	9.8346e-01	1.5154e-02	1.8981e-06	9.4528e-01	5.4710e-02	8.1682e-06	1.1755e-36	1.1755e-36	1.1755e-36	3.5637e-16	0.00e+00	0.00e+00	2.5087e+02
2.77544e+15	5.5536e+03	1.715e-16	3.5938e+04	2.9043e+03	1.9787e-08	9.3315e-01	6.6846e-02	8.4820e-01	1.4714e-01	4.6586e-03	7.3982e-10	1.3606e-03	9.8373e-01	1.4911e-02	1.8924e-06	9.4642e-01	5.3570e-02	7.9352e-06	1.1755e-36	1.1755e-36	1.1755e-36	3.7909e-16	0.00e+00	0.00e+00	2.5940e+02
2.81486e+15	5.4665e+03	1.650e-16	3.5938e+04	2.8453e+03	2.2054e-08	9.3445e-01	6.5547e-02	8.5199e-01	1.4358e-01	4.4245e-03	7.6723e-10	1.3383e-03	9.8396e-01	1.4698e-02	1.8873e-06	9.4751e-01	5.2483e-02	7.7238e-06	1.1755e-36	1.1755e-36	1.1755e-36	4.0611e-16	0.00e+00	0.00e+00	2.6758e+02
2.85289e+15	5.3833e+03	1.591e-16	3.5938e+04	2.7907e+03	2.4524e-08	9.3563e-01	6.4370e-02	8.5551e-01	1.4028e-01	4.2117e-03	7.9639e-10	1.3177e-03	9.8418e-01	1.4503e-02	1.8828e-06	9.4850e-01	5.1496e-02	7.5379e-06	1.1755e-36	1.1755e-36	1.1755e-36	4.3673e-16	0.00e+00	0.00e+00	2.7554e+02
2.89026e+15	5.3029e+03	1.536e-16	3.5938e+04	2.7389e+03	2.7248e-08	9.3676e-01	6.3235e-02	8.5884e-01	1.3715e-01	4.0149e-03	8.2842e-10	1.2982e-03	9.8438e-01	1.4320e-02	1.8786e-06	9.4945e-01	5.0546e-02	7.3668e-06	1.1755e-36	1.1755e-36	1.1755e-36	4.7251e-16	0.00e+00	0.00e+00	2.8345e+02
2.92750e+15	5.2240e+03	1.484e-16	3.5938e+04	2.6887e+03	3.0300e-08	9.3787e-01	6.2128e-02	8.6201e-01	1.3416e-01	3.8313e-03	8.6409e-10	1.2793e-03	9.8457e-01	1.4148e-02	1.8746e-06	9.5037e-01	4.9620e-02	7.2072e-06	1.1755e-36	1.1755e-36	1.1755e-36	5.1486e-16	0.00e+00	0.00e+00	2.9138e+02
2.96460e+15	5.1467e+03	1.435e-16	3.5938e+04	2.6402e+03	3.3715e-08	9.3894e-01	6.1056e-02	8.6504e-01	1.3130e-01	3.6598e-03	9.0388e-10	1.2609e-03	9.8475e-01	1.3992e-02	1.8710e-06	9.5127e-01	4.8722e-02	7.0589e-06	1.1755e-36	1.1755e-36	1.1755e-36	5.6504e-16	0.00e+00	0.00e+00	2.9926e+02
3.00135e+15	5.0712e+03	1.389e-16	3.5938e+04	2.5936e+03	3.7514e-08	9.3997e-01	6.0027e-02	8.6794e-01	1.2856e-01	3.4999e-03	9.4815e-10	1.2434e-03	9.8491e-01	1.3848e-02	1.8677e-06	9.5213e-01	4.7862e-02	6.9222e-06	1.1755e-36	1.1755e-36	1.1755e-36	6.2430e-16	0.00e+00	0.00e+00	3.0704e+02
3.03763e+15	4.9978e+03	1.346e-16	3.5938e+04	2.5493e+03	4.1732e-08	9.4096e-01	5.9036e-02	8.7070e-01	1.2595e-01	3.3502e-03	9.9756e-10	1.2268e-03	9.8506e-01	1.3713e-02	1.8646e-06	9.5296e-01	4.7034e-02	6.7959e-06	1.1755e-36	1.1755e-36	1.1755e-36	6.9427e-16	0.00e+00	0.00e+00	3.1474e+02
3.07349e+15	4.9245e+03	1.305e-16	3.5938e+04	2.5063e+03	4.6456e-08	9.4192e-01	5.8079e-02	8.7335e-01	1.2344e-01	3.2102e-03	1.0530e-09	1.2108e-03	9.8529e-01	1.3502e-02	1.8613e-06	9.5376e-01	4.6234e-02	6.6797e-06	1.1755e-36	1.1755e-36	1.1755e-36	7.7012e-16	0.00e+00	0.00e+00	3.2236e+02
3.10885e+15	4.8532e+03	1.267e-16	3.5938e+04	2.4649e+03	5.1702e-08	9.4284e-01	5.7163e-02	8.7586e-01	1.2106e-01	3.0801e-03	1.1124e-09	1.1955e-03	9.8550e-01	1.3304e-02	1.8583e-06	9.5453e-01	4.5467e-02	6.5725e-06	1.1755e-36	1.1755e-36	1.1755e-36	8.5685e-16	0.00e+00	0.00e+00	3.2987e+02
3.14368e+15	4.7838e+03	1.231e-16	3.5938e+04	2.4253e+03	5.7511e-08	9.4372e-01	5.6284e-02	8.7826e-01	1.1878e-01	2.9581e-03	1.1760e-09	1.1809e-03	9.8570e-01	1.3114e-02	1.8555e-06	9.5526e-01	4.4732e-02	6.4734e-06	1.1755e-36	1.1755e-36	1.1755e-36	9.5621e-16	0.00e+00	0.00e+00	3.3727e+02
3.17807e+15	4.7199e+03	1.197e-16	3.5938e+04	2.3858e+03	6.3594e-08	9.4450e-01	5.5500e-02	8.8046e-01	1.1669e-01	2.8491e-03	1.2399e-09	1.1659e-03	9.8589e-01	1.2939e-02	1.8528e-06	9.5592e-01	4.4075e-02	6.3827e-06	1.1755e-36	1.1755e-36	1.1755e-36	1.0622e-15	0.00e+00	0.00e+00	3.4460e+02
3.21307e+15	4.6478e+03	1.164e-16	3.5938e+04	2.3493e+03	7.1408e-08	9.4543e-01	5.4574e-02	8.8285e-01	1.1441e-01	2.7318e-03	1.3216e-09	1.1531e-03	9.8610e-01	1.2741e-02	1.8503e-06	9.5669e-01	4.3303e-02	6.2915e-06	1.1755e-36	1.1755e-36	1.1755e-36	1.2081e-15	0.00e+00	0.00e+00	3.5228e+02
3.24731e+15	4.5863e+03	1.133e-16	3.5938e+04	2.3115e+03	7.9020e-08	9.4618e-01	5.3817e-02	8.8485e-01	1.1252e-01	2.6371e-03	1.3970e-09	1.1387e-03	9.8626e-01	1.2597e-02	1.8481e-06	9.5732e-01	4.2670e-02	6.2115e-06	1.1755e-36	1.1755e-36	1.1755e-36	1.3521e-15	0.00e+00	0.00e+00	3.5930e+02
3.28062e+15	4.5195e+03	1.104e-16	3.5938e+04	2.2793e+03	8.8374e-08	9.4699e-01	5.3013e-02	8.8703e-01	1.1043e-01	2.5340e-03	1.4891e-09	1.1278e-03	9.8645e-01	1.2419e-02	1.8460e-06	9.5800e-01	4.1998e-02	6.1366e-06	1.1755e-36	1.1755e-36	1.1755e-36	1.5403e-15	0.00e+00	0.00e+00	3.6659e+02
3.31363e+15	4.4611e+03	1.076e-16	3.5938e+04	2.2446e+03	9.7685e-08	9.4769e-01	5.2309e-02	8.8887e-01	1.0868e-01	2.4500e-03	1.5769e-09	1.1147e-03	9.8660e-01	1.2283e-02	1.8440e-06	9.5858e-01	4.1409e-02	6.0675e-06	1.1755e-36	1.1755e-36	1.1755e-36	1.7326e-15	0.00e+00	0.00e+00	3.7349e+02
3.34648e+15	4.3971e+03	1.050e-16	3.5938e+04	2.2138e+03	1.0922e-07	9.4846e-01	5.1541e-02	8.9089e-01	1.0676e-01	2.3584e-03	1.6848e-09	1.1043e-03	9.8678e-01	1.2117e-02	1.8422e-06	9.5923e-01	4.0768e-02	6.0010e-06	1.1755e-36	1.1755e-36	1.1755e-36	1.9856e-15	0.00e+00	0.00e+00	3.8073e+02
3.37923e+15	4.3403e+03	1.024e-16	3.5938e+04	2.1807e+03	1.2082e-07	9.4914e-01	5.0863e-02	8.9260e-01	1.0511e-01	2.2826e-03	1.7894e-09	1.0920e-03	9.8692e-01	1.1989e-02	1.8405e-06	9.5979e-01	4.0201e-02	5.9393e-06	1.1755e-36	1.1755e-36	1.1755e-36	2.2487e-15	0.00e+00	0.00e+00	3.8759e+02
3.41175e+15	4.2817e+03	1.000e-16	3.5938e+04	2.1504e+03	1.3431e-07	9.4981e-01	5.0190e-02	8.9441e-01	1.0339e-01	2.2038e-03	1.9090e-09	1.0814e-03	9.8708e-01	1.1841e-02	1.8388e-06	9.6036e-01	3.9639e-02	5.8816e-06	1.1755e-36	1.1755e-36	1.1755e-36	2.5701e-15	0.00e+00	0.00e+00	3.9474e+02
3.44486e+15	4.2196e+03	9.763e-17	3.5938e+04	2.1205e+03	1.5054e-07	9.5057e-01	4.9425e-02	8.9623e-01	1.0165e-01	2.1257e-03	2.0509e-09	1.0713e-03	9.8723e-01	1.1700e-02	1.8374e-06	9.6099e-01	3.9001e-02	5.8234e-06	1.1755e-36	1.1755e-36	1.1755e-36	2.9827e-15	0.00e+00	0.00e+00	4.0187e+02
3.47670e+15	4.1662e+03	9.544e-17	3.5938e+04	2.0910e+03	1.6624e-07	9.5118e-01	4.8824e-02	8.9779e-01	1.0015e-01	2.0603e-03	2.1832e-09	1.0606e-03	9.8735e-01	1.1590e-02	1.8360e-06	9.6150e-01	3.8499e-02	5.7738e-06	1.1755e-36	1.1755e-36	1.1755e-36	3.3950e-15	0.00e+00	0.00e+00	4.0848e+02
3.50824e+15	4.1092e+03	9.333e-17	3.5938e+04	2.0639e+03	1.8504e-07	9.5180e-01	4.8201e-02	8.9946e-01	9.8551e-02	1.9911e-03	2.3392e-09	1.0516e-03	9.8749e-01	1.1452e-02	1.8348e-06	9.6202e-01	3.7978e-02	5.7272e-06	1.1755e-36	1.1755e-36	1.1755e-36	3.9157e-15	0.00e+00	0.00e+00	4.1549e+02
3.54043e+15	4.0529e+03	9.125e-17	3.5938e+04	2.0367e+03	2.0599e-07	9.5250e-01	4.7501e-02	9.0108e-01	9.6998e-02	1.9252e-03	2.5115e-09	1.0426e-03	9.8763e-01	1.1329e-02	1.8335e-06	9.6260e-01	3.7395e-02	5.6779e-06	1.1755e-36	1.1755e-36	1.1755e-36	4.5368e-15	0.00e+00	0.00e+00	4.2239e+02
3.57209e+15	3.9997e+03	8.927e-17	3.5938e+04	2.0086e+03	2.2807e-07	9.5306e-01	4.6936e-02	9.0253e-01	9.5604e-02	1.8672e-03	2.6858e-09	1.0328e-03	9.8775e-01	1.1218e-02	1.8325e-06	9.6307e-01	3.6922e-02	5.6368e-06	1.1755e-36	1.1755e-36	1.1755e-36	5.2111e-15	0.00e+00	0.00e+00	4.2918e+02
###########################
2.04298e+11	1.0875e+04	7.053e-15	3.5938e+04	3.9637e+04	3.9900e-14	1.6182e-02	9.8382e-01	1.1109e-02	6.2786e-01	3.6104e-01	3.3760e-15	1.2862e-03	2.3455e-01	7.4118e-01	2.2706e-02	7.6285e-03	3.9559e-01	5.6444e-01	3.1971e-02	3.6706e-04	4.1768e-07	5.9366e-23	0.00e+00	0.00e+00	1.5002e-03
1.22579e+12	1.0864e+04	7.031e-15	3.5938e+04	3.9573e+04	3.9796e-14	1.6122e-02	9.8388e-01	1.1086e-02	6.2760e-01	3.6131e-01	3.3262e-15	1.2741e-03	2.3420e-01	7.4143e-01	2.2815e-02	7.5701e-03	3.9405e-01	5.6592e-01	3.2096e-02	3.6862e-04	4.2074e-07	5.8199e-23	0.00e+00	0.00e+00	7.4786e-03
5.31176e+12	1.0846e+04	6.990e-15	3.5938e+04	3.9557e+04	3.9536e-14	1.6027e-02	9.8397e-01	1.1078e-02	6.2823e-01	3.6069e-01	3.2500e-15	1.2672e-03	2.3386e-01	7.4173e-01	2.2868e-02	7.4607e-03	3.9064e-01	5.6938e-01	3.2148e-02	3.6793e-04	4.2265e-07	5.6632e-23	0.00e+00	0.00e+00	3.1252e-02
2.16556e+13	1.0794e+04	6.892e-15	3.5938e+04	3.9547e+04	3.9406e-14	1.5872e-02	9.8413e-01	1.1112e-02	6.3266e-01	3.5623e-01	3.0802e-15	1.2562e-03	2.3307e-01	7.4266e-01	2.2742e-02	7.2125e-03	3.8125e-01	5.7941e-01	3.1768e-02	3.5810e-04	4.1722e-07	5.3589e-23	0.00e+00	0.00e+00	1.2542e-01
5.17284e+13	1.0613e+04	6.565e-15	3.5938e+04	3.9576e+04	3.6550e-14	1.4860e-02	9.8514e-01	1.1002e-02	6.3390e-01	3.5510e-01	2.4640e-15	1.1958e-03	2.3051e-01	7.4430e-01	2.3714e-02	6.2579e-03	3.5348e-01	6.0661e-01	3.3289e-02	3.6500e-04	4.5482e-07	4.0492e-23	0.00e+00	0.00e+00	2.4005e-01
9.08229e+13	1.0465e+04	6.311e-15	3.5938e+04	3.9583e+04	3.5088e-14	1.4232e-02	9.8577e-01	1.1027e-02	6.4056e-01	3.4842e-01	2.0963e-15	1.1586e-03	2.2895e-01	7.4566e-01	2.3954e-02	5.6816e-03	3.3507e-01	6.2577e-01	3.3131e-02	3.5142e-04	4.6039e-07	3.3381e-23	0.00e+00	0.00e+00	3.8275e-01
1.41646e+14	1.0338e+04	6.099e-15	3.5938e+04	3.9555e+04	3.4821e-14	1.3906e-02	9.8609e-01	1.1201e-02	6.5334e-01	3.3546e-01	1.8800e-15	1.1403e-03	2.2838e-01	7.4675e-01	2.3457e-02	5.3703e-03	3.2391e-01	6.3907e-01	3.1337e-02	3.1923e-04	4.3377e-07	2.9685e-23	0.00e+00	0.00e+00	5.6402e-01
2.07716e+14	1.0219e+04	5.934e-15	3.5938e+04	3.9520e+04	3.6369e-14	1.3960e-02	9.8604e-01	1.1633e-02	6.7433e-01	3.1403e-01	1.8247e-15	1.1511e-03	2.2990e-01	7.4667e-01	2.2037e-02	5.3695e-03	3.2211e-01	6.4455e-01	2.7710e-02	2.6831e-04	3.7158e-07	2.9370e-23	0.00e+00	0.00e+00	8.0058e-01
2.92182e+14	1.0148e+04	5.794e-15	3.5938e+04	3.9381e+04	3.9716e-14	1.4459e-02	9.8554e-01	1.2325e-02	7.0378e-01	2.8389e-01	1.9380e-15	1.1936e-03	2.3343e-01	7.4541e-01	1.9757e-02	5.7433e-03	3.3175e-01	6.3974e-01	2.2559e-02	2.0630e-04	2.8457e-07	3.2779e-23	0.00e+00	0.00e+00	1.1098e+00
3.84800e+14	1.0103e+04	5.716e-15	3.5938e+04	3.9243e+04	4.5499e-14	1.5421e-02	9.8458e-01	1.3240e-02	7.3730e-01	2.4946e-01	2.2493e-15	1.2674e-03	2.3899e-01	7.4245e-01	1.7127e-02	6.5125e-03	3.5151e-01	6.2453e-01	1.7294e-02	1.4977e-04	2.0050e-07	4.0990e-23	0.00e+00	0.00e+00	1.4281e+00
4.82044e+14	1.0103e+04	5.708e-15	3.5938e+04	3.9049e+04	5.6315e-14	1.7212e-02	9.8279e-01	1.4522e-02	7.7306e-01	2.1242e-01	3.0304e-15	1.4026e-03	2.4846e-01	7.3585e-01	1.4161e-02	8.0543e-03	3.8757e-01	5.9212e-01	1.2162e-02	1.0070e-04	1.2501e-07	6.1473e-23	0.00e+00	0.00e+00	1.8323e+00
5.68188e+14	1.0148e+04	5.769e-15	3.5938e+04	3.8897e+04	6.9645e-14	1.9359e-02	9.8064e-01	1.5677e-02	8.0190e-01	1.8243e-01	4.1335e-15	1.5417e-03	2.5708e-01	7.2946e-01	1.1820e-02	9.9790e-03	4.2488e-01	5.5644e-01	8.6370e-03	7.0116e-05	1.1755e-36	9.3948e-23	0.00e+00	0.00e+00	2.1345e+00
6.27061e+14	1.0200e+04	5.844e-15	3.5938e+04	3.8760e+04	8.2979e-14	2.1356e-02	9.7864e-01	1.6582e-02	8.1994e-01	1.6348e-01	5.3887e-15	1.6634e-03	2.6432e-01	7.2364e-01	1.0285e-02	1.1866e-02	4.5615e-01	5.2530e-01	6.6213e-03	5.3742e-05	1.1755e-36	1.3405e-22	0.00e+00	0.00e+00	2.3717e+00
6.75192e+14	1.0250e+04	5.913e-15	3.5938e+04	3.8629e+04	9.7597e-14	2.3381e-02	9.7662e-01	1.7491e-02	8.3363e-01	1.4888e-01	6.9387e-15	1.7885e-03	2.7194e-01	7.1713e-01	9.0724e-03	1.3907e-02	4.8645e-01	4.9441e-01	5.1974e-03	4.2579e-05	1.1755e-36	1.8637e-22	0.00e+00	0.00e+00	2.6227e+00
7.29595e+14	1.0295e+04	6.027e-15	3.5938e+04	3.8520e+04	1.2013e-13	2.6101e-02	9.7390e-01	1.8536e-02	8.4816e-01	1.3330e-01	9.3742e-15	1.9360e-03	2.8055e-01	7.0965e-01	7.8086e-03	1.6635e-02	5.1874e-01	4.6068e-01	3.9076e-03	3.2696e-05	1.1755e-36	2.7800e-22	0.00e+00	0.00e+00	2.9869e+00
8.00318e+14	1.0384e+04	6.160e-15	3.5938e+04	3.8259e+04	1.5972e-13	3.0555e-02	9.6945e-01	2.0272e-02	8.6420e-01	1.1553e-01	1.4546e-14	2.1917e-03	2.9537e-01	6.9608e-01	6.3101e-03	2.1566e-02	5.7023e-01	4.0561e-01	2.5722e-03	2.2762e-05	1.1755e-36	4.8776e-22	0.00e+00	0.00e+00	3.5412e+00
8.67259e+14	1.0489e+04	6.371e-15	3.5938e+04	3.8009e+04	2.1580e-13	3.6104e-02	9.6390e-01	2.1927e-02	8.7662e-01	1.0145e-01	2.2614e-14	2.4431e-03	3.0921e-01	6.8322e-01	5.0870e-03	2.7797e-02	6.1694e-01	3.5355e-01	1.6896e-03	1.6259e-05	1.1755e-36	8.7160e-22	0.00e+00	0.00e+00	3.9830e+00
9.12894e+14	1.0560e+04	6.550e-15	3.5938e+04	3.7848e+04	2.7292e-13	4.0975e-02	9.5902e-01	2.3208e-02	8.8388e-01	9.2913e-02	3.1538e-14	2.6434e-03	3.2004e-01	6.7296e-01	4.3244e-03	3.3380e-02	6.4839e-01	3.1699e-01	1.2357e-03	1.2818e-05	1.1755e-36	1.3535e-21	0.00e+00	0.00e+00	4.3302e+00
9.50150e+14	1.0614e+04	6.679e-15	3.5938e+04	3.7628e+04	3.3380e-13	4.5654e-02	9.5435e-01	2.4497e-02	8.8911e-01	8.6393e-02	4.1860e-14	2.8256e-03	3.3052e-01	6.6287e-01	3.7510e-03	3.8950e-02	6.7469e-01	2.8541e-01	9.3631e-04	1.0459e-05	1.1755e-36	1.9521e-21	0.00e+00	0.00e+00	4.7153e+00
9.92902e+14	1.0675e+04	6.830e-15	3.5938e+04	3.7355e+04	4.2581e-13	5.1880e-02	9.4812e-01	2.6141e-02	8.9451e-01	7.9352e-02	5.8490e-14	3.0513e-03	3.4342e-01	6.5034e-01	3.1599e-03	4.6437e-02	7.0201e-01	2.5087e-01	6.7174e-04	8.2700e-06	1.1755e-36	3.0185e-21	0.00e+00	0.00e+00	5.2842e+00
1.04848e+15	1.0710e+04	7.053e-15	3.5938e+04	3.6967e+04	6.0827e-13	6.1957e-02	9.3804e-01	2.8650e-02	9.0035e-01	7.1002e-02	9.2769e-14	3.3804e-03	3.6266e-01	6.3145e-01	2.4838e-03	5.8671e-02	7.3313e-01	2.0776e-01	4.2375e-04	6.0250e-06	1.1755e-36	5.4983e-21	0.00e+00	0.00e+00	6.1675e+00
1.10374e+15	1.0745e+04	7.310e-15	3.5938e+04	3.6535e+04	9.0015e-13	7.5168e-02	9.2483e-01	3.1624e-02	9.0434e-01	6.4041e-02	1.5218e-13	3.7452e-03	3.8465e-01	6.0968e-01	1.9105e-03	7.4821e-02	7.5809e-01	1.6683e-01	2.5760e-04	4.2989e-06	1.1755e-36	1.0520e-20	0.00e+00	0.00e+00	6.9810e+00
1.14490e+15	1.0777e+04	7.465e-15	3.5938e+04	3.5982e+04	1.2242e-12	8.7412e-02	9.1259e-01	3.4321e-02	9.0615e-01	5.9531e-02	2.2235e-13	4.0212e-03	4.0297e-01	5.9145e-01	1.5483e-03	8.9889e-02	7.7151e-01	1.3842e-01	1.7298e-04	3.2904e-06	1.1755e-36	1.7264e-20	0.00e+00	0.00e+00	7.6677e+00
1.17774e+15	1.0765e+04	7.593e-15	3.5938e+04	3.5546e+04	1.6113e-12	9.9273e-02	9.0073e-01	3.6913e-02	9.0705e-01	5.6036e-02	3.0748e-13	4.2740e-03	4.1998e-01	5.7444e-01	1.2902e-03	1.0443e-01	7.7789e-01	1.1755e-01	1.2334e-04	2.6143e-06	1.1755e-36	2.6345e-20	0.00e+00	0.00e+00	8.3676e+00
1.21347e+15	1.0747e+04	7.704e-15	3.5938e+04	3.5008e+04	2.1931e-12	1.1427e-01	8.8573e-01	4.0175e-02	9.0741e-01	5.2413e-02	4.4066e-13	4.5630e-03	4.4027e-01	5.5411e-01	1.0462e-03	1.2276e-01	7.8003e-01	9.7117e-02	8.3990e-05	2.0097e-06	1.1755e-36	4.2114e-20	0.00e+00	0.00e+00	9.4151e+00
1.25070e+15	1.0724e+04	7.785e-15	3.5938e+04	3.4300e+04	3.0562e-12	1.3263e-01	8.6737e-01	4.4107e-02	9.0674e-01	4.9148e-02	6.4335e-13	4.8545e-03	4.6295e-01	5.3136e-01	8.3415e-04	1.4506e-01	7.7654e-01	7.8340e-02	5.5624e-05	1.5065e-06	1.1755e-36	6.9081e-20	0.00e+00	0.00e+00	1.0440e+01
1.28058e+15	1.0692e+04	7.828e-15	3.5938e+04	3.3676e+04	4.0604e-12	1.5023e-01	8.4977e-01	4.7892e-02	9.0534e-01	4.6768e-02	8.8474e-13	5.1011e-03	4.8342e-01	5.1078e-01	6.8608e-04	1.6626e-01	7.6889e-01	6.4810e-02	3.9230e-05	1.1714e-06	1.1755e-36	1.0482e-19	0.00e+00	0.00e+00	1.1317e+01
1.30457e+15	1.0652e+04	7.854e-15	3.5938e+04	3.3187e+04	5.1736e-12	1.6645e-01	8.3355e-01	5.1446e-02	9.0367e-01	4.4879e-02	1.1568e-12	5.3161e-03	5.0142e-01	4.9268e-01	5.8089e-04	1.8561e-01	7.5920e-01	5.5157e-02	2.9349e-05	9.4563e-07	1.1755e-36	1.4924e-19	0.00e+00	0.00e+00	1.2157e+01
1.33014e+15	1.0627e+04	7.789e-15	3.5938e+04	3.2368e+04	6.5924e-12	1.8458e-01	8.1542e-01	5.5469e-02	9.0146e-01	4.3066e-02	1.5050e-12	5.4875e-03	5.2029e-01	4.7373e-01	4.8664e-04	2.0714e-01	7.4668e-01	4.6163e-02	2.1538e-05	7.5234e-07	1.1755e-36	2.1020e-19	0.00e+00	0.00e+00	1.3368e+01
1.35830e+15	1.0577e+04	7.717e-15	3.5938e+04	3.1545e+04	8.7427e-12	2.0731e-01	7.9269e-01	6.0623e-02	8.9814e-01	4.1241e-02	2.0383e-12	5.6941e-03	5.4294e-01	4.5097e-01	3.9679e-04	2.3378e-01	7.2866e-01	3.7544e-02	1.5216e-05	5.7598e-07	1.1755e-36	3.1309e-19	0.00e+00	0.00e+00	1.4657e+01
1.38286e+15	1.0522e+04	7.627e-15	3.5938e+04	3.0803e+04	1.1280e-11	2.2968e-01	7.7032e-01	6.5904e-02	8.9434e-01	3.9756e-02	2.6733e-12	5.8725e-03	5.6426e-01	4.2954e-01	3.2905e-04	2.5968e-01	7.0934e-01	3.0968e-02	1.1147e-05	4.4951e-07	1.1755e-36	4.4739e-19	0.00e+00	0.00e+00	1.5789e+01
1.40303e+15	1.0496e+04	7.490e-15	3.5938e+04	3.0028e+04	1.3735e-11	2.4854e-01	7.5146e-01	7.0472e-02	8.9079e-01	3.8743e-02	3.2928e-12	5.9743e-03	5.8136e-01	4.1238e-01	2.8252e-04	2.8134e-01	6.9229e-01	2.6361e-02	8.6757e-06	3.6691e-07	1.1755e-36	5.8874e-19	0.00e+00	0.00e+00	1.6839e+01
1.42445e+15	1.0435e+04	7.336e-15	3.5938e+04	2.9228e+04	1.7168e-11	2.7050e-01	7.2950e-01	7.6097e-02	8.8638e-01	3.7527e-02	4.1412e-12	6.0928e-03	6.0084e-01	3.9282e-01	2.3796e-04	3.0625e-01	6.7169e-01	2.2055e-02	6.6124e-06	2.9287e-07	1.1755e-36	7.9581e-19	0.00e+00	0.00e+00	1.8326e+01
1.44809e+15	1.0377e+04	7.128e-15	3.5938e+04	2.8295e+04	2.1791e-11	2.9586e-01	7.0414e-01	8.2875e-02	8.8076e-01	3.6361e-02	5.2905e-12	6.1925e-03	6.2238e-01	3.7123e-01	1.9685e-04	3.3468e-01	6.4730e-01	1.8017e-02	4.9256e-06	2.2739e-07	1.1755e-36	1.0998e-18	0.00e+00	0.00e+00	1.9873e+01
1.46944e+15	1.0319e+04	6.913e-15	3.5938e+04	2.7443e+04	2.7028e-11	3.2023e-01	6.7977e-01	8.9809e-02	8.7480e-01	3.5387e-02	6.5943e-12	6.2689e-03	6.4245e-01	3.5112e-01	1.6503e-04	3.6165e-01	6.2344e-01	1.4897e-02	3.7778e-06	1.7949e-07	1.1755e-36	1.4720e-18	0.00e+00	0.00e+00	2.1301e+01
1.48836e+15	1.0280e+04	6.678e-15	3.5938e+04	2.6578e+04	3.2346e-11	3.4169e-01	6.5831e-01	9.6246e-02	8.6907e-01	3.4681e-02	7.9100e-12	6.2931e-03	6.5960e-01	3.3397e-01	1.4138e-04	3.8514e-01	6.0228e-01	1.2571e-02	3.0115e-06	1.4586e-07	1.1755e-36	1.8728e-18	0.00e+00	0.00e+00	2.2713e+01
1.50866e+15	1.0214e+04	6.419e-15	3.5938e+04	2.5673e+04	3.9496e-11	3.6590e-01	6.3410e-01	1.0403e-01	8.6214e-01	3.3827e-02	9.6352e-12	6.3181e-03	6.7855e-01	3.1502e-01	1.1895e-04	4.1134e-01	5.7823e-01	1.0423e-02	2.3644e-06	1.1755e-36	1.1755e-36	2.4308e-18	0.00e+00	0.00e+00	2.4571e+01
1.53096e+15	1.0143e+04	6.116e-15	3.5938e+04	2.4679e+04	4.8912e-11	3.9326e-01	6.0674e-01	1.1341e-01	8.5360e-01	3.2982e-02	1.1901e-11	6.3221e-03	6.9920e-01	2.9438e-01	9.8232e-05	4.4056e-01	5.5100e-01	8.4368e-03	1.8243e-06	1.1755e-36	1.1755e-36	3.2164e-18	0.00e+00	0.00e+00	2.6554e+01
1.55211e+15	1.0073e+04	5.812e-15	3.5938e+04	2.3739e+04	5.9764e-11	4.1991e-01	5.8009e-01	1.2333e-01	8.4445e-01	3.2225e-02	1.4500e-11	6.3085e-03	7.1876e-01	2.7485e-01	8.1642e-05	4.6864e-01	5.2450e-01	6.8604e-03	1.4348e-06	1.1755e-36	1.1755e-36	4.1845e-18	0.00e+00	0.00e+00	2.8469e+01
1.57186e+15	1.0018e+04	5.502e-15	3.5938e+04	2.2778e+04	7.1131e-11	4.4390e-01	5.5610e-01	1.3293e-01	8.3540e-01	3.1671e-02	1.7163e-11	6.2462e-03	7.3594e-01	2.5774e-01	6.8873e-05	4.9362e-01	5.0073e-01	5.6571e-03	1.1615e-06	1.1755e-36	1.1755e-36	5.2309e-18	0.00e+00	0.00e+00	3.0422e+01
1.59074e+15	9.9435e+03	5.213e-15	3.5938e+04	2.1925e+04	8.4610e-11	4.6792e-01	5.3208e-01	1.4336e-01	8.2560e-01	3.1043e-02	2.0266e-11	6.1966e-03	7.5268e-01	2.4106e-01	5.8197e-05	5.1832e-01	4.7700e-01	4.6741e-03	9.5133e-07	1.1755e-36	1.1755e-36	6.5237e-18	0.00e+00	0.00e+00	3.2372e+01
1.60938e+15	9.8877e+03	4.913e-15	3.5938e+04	2.1028e+04	9.9051e-11	4.9060e-01	5.0940e-01	1.5394e-01	8.1551e-01	3.0554e-02	2.3566e-11	6.1062e-03	7.6815e-01	2.2570e-01	4.9398e-05	5.4139e-01	4.5474e-01	3.8715e-03	7.9027e-07	1.1755e-36	1.1755e-36	7.9673e-18	0.00e+00	0.00e+00	3.4477e+01
1.62769e+15	9.8184e+03	4.625e-15	3.5938e+04	2.0178e+04	1.1597e-10	5.1327e-01	4.8673e-01	1.6530e-01	8.0465e-01	3.0048e-02	2.7334e-11	6.0138e-03	7.8311e-01	2.1083e-01	4.1962e-05	5.6419e-01	4.3260e-01	3.2041e-03	6.6214e-07	1.1755e-36	1.1755e-36	9.7002e-18	0.00e+00	0.00e+00	3.6541e+01
1.64497e+15	9.7623e+03	4.353e-15	3.5938e+04	1.9380e+04	1.3355e-10	5.3417e-01	4.6583e-01	1.7664e-01	7.9376e-01	2.9609e-02	3.1261e-11	5.9101e-03	7.9664e-01	1.9742e-01	3.5980e-05	5.8500e-01	4.1233e-01	2.6753e-03	5.6469e-07	1.1755e-36	1.1755e-36	1.1592e-17	0.00e+00	0.00e+00	3.8580e+01
1.65861e+15	9.7094e+03	4.146e-15	3.5938e+04	1.8769e+04	1.4937e-10	5.5057e-01	4.4943e-01	1.8610e-01	7.8461e-01	2.9291e-02	3.4698e-11	5.8238e-03	8.0694e-01	1.8720e-01	3.1943e-05	6.0118e-01	3.9650e-01	2.3187e-03	5.0068e-07	1.1755e-36	1.1755e-36	1.3313e-17	0.00e+00	0.00e+00	3.9888e+01
1.66793e+15	9.6745e+03	4.005e-15	3.5938e+04	1.8360e+04	1.6076e-10	5.6136e-01	4.3864e-01	1.9290e-01	7.7803e-01	2.9071e-02	3.7164e-11	5.7627e-03	8.1384e-01	1.8037e-01	2.9429e-05	6.1176e-01	3.8614e-01	2.1034e-03	4.6277e-07	1.1755e-36	1.1755e-36	1.4570e-17	0.00e+00	0.00e+00	4.0929e+01
1.67680e+15	9.6391e+03	3.871e-15	3.5938e+04	1.7971e+04	1.7254e-10	5.7175e-01	4.2825e-01	1.9970e-01	7.7150e-01	2.8806e-02	3.9691e-11	5.7038e-03	8.2040e-01	1.7387e-01	2.7146e-05	6.2190e-01	3.7619e-01	1.9130e-03	4.2938e-07	1.1755e-36	1.1755e-36	1.5882e-17	0.00e+00	0.00e+00	4.2170e+01
1.68736e+15	9.5935e+03	3.714e-15	3.5938e+04	1.7508e+04	1.8786e-10	5.8418e-01	4.1582e-01	2.0803e-01	7.6349e-01	2.8487e-02	4.2910e-11	5.6292e-03	8.2801e-01	1.6634e-01	2.4652e-05	6.3396e-01	3.6433e-01	1.7065e-03	3.9331e-07	1.1755e-36	1.1755e-36	1.7591e-17	0.00e+00	0.00e+00	4.3701e+01
1.69894e+15	9.5498e+03	3.545e-15	3.5938e+04	1.7002e+04	2.0554e-10	5.9757e-01	4.0243e-01	2.1730e-01	7.5451e-01	2.8194e-02	4.6648e-11	5.5396e-03	8.3593e-01	1.5851e-01	2.2230e-05	6.4687e-01	3.5162e-01	1.5052e-03	3.5837e-07	1.1755e-36	1.1755e-36	1.9638e-17	0.00e+00	0.00e+00	4.5275e+01
1.71013e+15	9.5062e+03	3.386e-15	3.5938e+04	1.6512e+04	2.2391e-10	6.1021e-01	3.8979e-01	2.2648e-01	7.4558e-01	2.7937e-02	5.0442e-11	5.4468e-03	8.4328e-01	1.5125e-01	2.0143e-05	6.5899e-01	3.3968e-01	1.3332e-03	3.2864e-07	1.1755e-36	1.1755e-36	2.1757e-17	0.00e+00	0.00e+00	4.6767e+01
1.72075e+15	9.4707e+03	3.237e-15	3.5938e+04	1.6045e+04	2.4186e-10	6.2171e-01	3.7829e-01	2.3530e-01	7.3699e-01	2.7715e-02	5.4143e-11	5.3518e-03	8.4993e-01	1.4470e-01	1.8367e-05	6.6994e-01	3.2887e-01	1.1888e-03	3.0380e-07	1.1755e-36	1.1755e-36	2.3859e-17	0.00e+00	0.00e+00	4.8244e+01
1.73150e+15	9.4176e+03	3.094e-15	3.5938e+04	1.5606e+04	2.6332e-10	6.3387e-01	3.6613e-01	2.4511e-01	7.2749e-01	2.7401e-02	5.8439e-11	5.2666e-03	8.5678e-01	1.3794e-01	1.6683e-05	6.8146e-01	3.1748e-01	1.0552e-03	2.8031e-07	1.1755e-36	1.1755e-36	2.6355e-17	0.00e+00	0.00e+00	4.9831e+01
1.74246e+15	9.3813e+03	2.949e-15	3.5938e+04	1.5137e+04	2.8443e-10	6.4533e-01	3.5467e-01	2.5476e-01	7.1806e-01	2.7182e-02	6.2714e-11	5.1629e-03	8.6317e-01	1.3165e-01	1.5188e-05	6.9227e-01	3.0680e-01	9.3646e-04	2.5961e-07	1.1755e-36	1.1755e-36	2.8876e-17	0.00e+00	0.00e+00	5.1424e+01
1.75350e+15	9.3258e+03	2.810e-15	3.5938e+04	1.4697e+04	3.0979e-10	6.5737e-01	3.4263e-01	2.6542e-01	7.0772e-01	2.6861e-02	6.7662e-11	5.0701e-03	8.6970e-01	1.2522e-01	1.3787e-05	7.0355e-01	2.9562e-01	8.2785e-04	2.4007e-07	1.1755e-36	1.1755e-36	3.1861e-17	0.00e+00	0.00e+00	5.3096e+01
1.76454e+15	9.2896e+03	2.673e-15	3.5938e+04	1.4246e+04	3.3402e-10	6.6848e-01	3.3152e-01	2.7573e-01	6.9763e-01	2.6631e-02	7.2509e-11	4.9635e-03	8.7568e-01	1.1935e-01	1.2569e-05	7.1391e-01	2.8535e-01	7.3343e-04	2.2315e-07	1.1755e-36	1.1755e-36	3.4827e-17	0.00e+00	0.00e+00	5.4743e+01
1.77556e+15	9.2369e+03	2.542e-15	3.5938e+04	1.3818e+04	3.6217e-10	6.7980e-01	3.2020e-01	2.8685e-01	6.8682e-01	2.6329e-02	7.7885e-11	4.8646e-03	8.8164e-01	1.1348e-01	1.1447e-05	7.2442e-01	2.7494e-01	6.4862e-04	2.0742e-07	1.1755e-36	1.1755e-36	3.8149e-17	0.00e+00	0.00e+00	5.6469e+01
1.78673e+15	9.1995e+03	2.414e-15	3.5938e+04	1.3377e+04	3.8983e-10	6.9046e-01	3.0954e-01	2.9782e-01	6.7608e-01	2.6098e-02	8.3267e-11	4.7532e-03	8.8720e-01	1.0803e-01	1.0453e-05	7.3425e-01	2.6518e-01	5.7379e-04	1.9348e-07	1.1755e-36	1.1755e-36	4.1513e-17	0.00e+00	0.00e+00	5.8215e+01
1.79807e+15	9.1462e+03	2.289e-15	3.5938e+04	1.2947e+04	4.2249e-10	7.0141e-01	2.9859e-01	3.0967e-01	6.6453e-01	2.5799e-02	8.9311e-11	4.6465e-03	8.9278e-01	1.0256e-01	9.5316e-06	7.4432e-01	2.5518e-01	5.0590e-04	1.8030e-07	1.1755e-36	1.1755e-36	4.5330e-17	0.00e+00	0.00e+00	6.0053e+01
1.80957e+15	9.0953e+03	2.169e-15	3.5938e+04	1.2532e+04	4.5725e-10	7.1231e-01	2.8769e-01	3.2205e-01	6.5247e-01	2.5482e-02	9.5843e-11	4.5403e-03	8.9820e-01	9.7252e-02	8.6974e-06	7.5427e-01	2.4529e-01	4.4507e-04	1.6809e-07	1.1755e-36	1.1755e-36	4.9532e-17	0.00e+00	0.00e+00	6.1903e+01
1.82088e+15	9.0476e+03	2.055e-15	3.5938e+04	1.2124e+04	4.9291e-10	7.2248e-01	2.7752e-01	3.3426e-01	6.4054e-01	2.5194e-02	1.0240e-10	4.4319e-03	9.0321e-01	9.2352e-02	7.9730e-06	7.6352e-01	2.3608e-01	3.9293e-04	1.5737e-07	1.1755e-36	1.1755e-36	5.3754e-17	0.00e+00	0.00e+00	6.3736e+01
1.83218e+15	9.0039e+03	1.946e-15	3.5938e+04	1.1725e+04	5.2974e-10	7.3217e-01	2.6783e-01	3.4654e-01	6.2855e-01	2.4906e-02	1.0915e-10	4.3221e-03	9.0794e-01	8.7729e-02	7.3286e-06	7.7230e-01	2.2735e-01	3.4728e-04	1.4771e-07	1.1755e-36	1.1755e-36	5.8124e-17	0.00e+00	0.00e+00	6.5632e+01
1.84387e+15	8.9427e+03	1.839e-15	3.5938e+04	1.1335e+04	5.7425e-10	7.4240e-01	2.5760e-01	3.6013e-01	6.1533e-01	2.4540e-02	1.1696e-10	4.2165e-03	9.1277e-01	8.3011e-02	6.7214e-06	7.8152e-01	2.1817e-01	3.0510e-04	1.3823e-07	1.1755e-36	1.1755e-36	6.3224e-17	0.00e+00	0.00e+00	6.7648e+01
1.85567e+15	8.9035e+03	1.736e-15	3.5938e+04	1.0937e+04	6.1555e-10	7.5172e-01	2.4828e-01	3.7315e-01	6.0259e-01	2.4268e-02	1.2446e-10	4.1000e-03	9.1714e-01	7.8750e-02	6.1962e-06	7.8988e-01	2.0985e-01	2.6869e-04	1.2993e-07	1.1755e-36	1.1755e-36	6.8088e-17	0.00e+00	0.00e+00	6.9631e+01
1.86752e+15	8.8427e+03	1.638e-15	3.5938e+04	1.0556e+04	6.6560e-10	7.6115e-01	2.3885e-01	3.8706e-01	5.8903e-01	2.3909e-02	1.3284e-10	3.9909e-03	9.2147e-01	7.4529e-02	5.7167e-06	7.9832e-01	2.0145e-01	2.3633e-04	1.2206e-07	1.1755e-36	1.1755e-36	7.3501e-17	0.00e+00	0.00e+00	7.1719e+01
1.87962e+15	8.7865e+03	1.544e-15	3.5938e+04	1.0186e+04	7.1801e-10	7.7043e-01	2.2957e-01	4.0140e-01	5.7507e-01	2.3538e-02	1.4175e-10	3.8821e-03	9.2562e-01	7.0488e-02	5.2854e-06	8.0657e-01	1.9322e-01	2.0751e-04	1.1755e-36	1.1755e-36	1.1755e-36	7.9301e-17	0.00e+00	0.00e+00	7.3835e+01
1.89168e+15	8.7332e+03	1.455e-15	3.5938e+04	9.8261e+03	7.7227e-10	7.7915e-01	2.2085e-01	4.1566e-01	5.6116e-01	2.3178e-02	1.5083e-10	3.7734e-03	9.2949e-01	6.6734e-02	4.9081e-06	8.1430e-01	1.8551e-01	1.8266e-04	1.1755e-36	1.1755e-36	1.1755e-36	8.5145e-17	0.00e+00	0.00e+00	7.5959e+01
1.90384e+15	8.6764e+03	1.370e-15	3.5938e+04	9.4755e+03	8.3120e-10	7.8759e-01	2.1241e-01	4.3024e-01	5.4697e-01	2.2795e-02	1.6038e-10	3.6661e-03	9.3317e-01	6.3157e-02	4.5709e-06	8.2176e-01	1.7808e-01	1.6085e-04	1.1755e-36	1.1755e-36	1.1755e-36	9.1217e-17	0.00e+00	0.00e+00	7.8160e+01
1.91635e+15	8.6208e+03	1.289e-15	3.5938e+04	9.1298e+03	8.9408e-10	7.9588e-01	2.0412e-01	4.4526e-01	5.3234e-01	2.2396e-02	1.7054e-10	3.5581e-03	9.3672e-01	5.9721e-02	4.2658e-06	8.2905e-01	1.7081e-01	1.4138e-04	1.1755e-36	1.1755e-36	1.1755e-36	9.7633e-17	0.00e+00	0.00e+00	8.0451e+01
1.92916e+15	8.5623e+03	1.211e-15	3.5938e+04	8.7875e+03	9.6331e-10	8.0397e-01	1.9603e-01	4.6058e-01	5.1744e-01	2.1979e-02	1.8135e-10	3.4498e-03	9.4010e-01	5.6445e-02	3.9922e-06	8.3615e-01	1.6373e-01	1.2417e-04	1.1755e-36	1.1755e-36	1.1755e-36	1.0441e-16	0.00e+00	0.00e+00	8.2812e+01
1.94219e+15	8.4944e+03	1.137e-15	3.5938e+04	8.4593e+03	1.0411e-09	8.1195e-01	1.8805e-01	4.7647e-01	5.0201e-01	2.1520e-02	1.9293e-10	3.3453e-03	9.4335e-01	5.3300e-02	3.7471e-06	8.4312e-01	1.5677e-01	1.0903e-04	1.1755e-36	1.1755e-36	1.1755e-36	1.1151e-16	0.00e+00	0.00e+00	8.5229e+01
1.95529e+15	8.4405e+03	1.067e-15	3.5938e+04	8.1384e+03	1.1162e-09	8.1921e-01	1.8079e-01	4.9186e-01	4.8704e-01	2.1100e-02	2.0429e-10	3.2396e-03	9.4631e-01	5.0445e-02	3.5351e-06	8.4944e-01	1.5046e-01	9.6093e-05	1.1755e-36	1.1755e-36	1.1755e-36	1.1827e-16	0.00e+00	0.00e+00	8.7662e+01
1.96847e+15	8.3693e+03	1.002e-15	3.5938e+04	7.8387e+03	1.2052e-09	8.2643e-01	1.7357e-01	5.0782e-01	4.7158e-01	2.0603e-02	2.1672e-10	3.1420e-03	9.4916e-01	4.7698e-02	3.3457e-06	8.5571e-01	1.4420e-01	8.4786e-05	1.1755e-36	1.1755e-36	1.1755e-36	1.2557e-16	0.00e+00	0.00e+00	9.0151e+01
1.98198e+15	8.3141e+03	9.402e-16	3.5938e+04	7.5402e+03	1.2907e-09	8.3306e-01	1.6694e-01	5.2343e-01	4.5642e-01	2.0145e-02	2.2898e-10	3.0414e-03	9.5178e-01	4.5171e-02	3.1787e-06	8.6145e-01	1.3848e-01	7.4943e-05	1.1755e-36	1.1755e-36	1.1755e-36	1.3246e-16	0.00e+00	0.00e+00	9.2747e+01
1.99578e+15	8.2419e+03	8.820e-16	3.5938e+04	7.2527e+03	1.3930e-09	8.3966e-01	1.6034e-01	5.3943e-01	4.4093e-01	1.9637e-02	2.4223e-10	2.9446e-03	9.5430e-01	4.2756e-02	3.0295e-06	8.6715e-01	1.3279e-01	6.6287e-05	1.1755e-36	1.1755e-36	1.1755e-36	1.3972e-16	0.00e+00	0.00e+00	9.5392e+01
2.00972e+15	8.1723e+03	8.279e-16	3.5938e+04	6.9830e+03	1.4995e-09	8.4589e-01	1.5411e-01	5.5535e-01	4.2554e-01	1.9110e-02	2.5588e-10	2.8530e-03	9.5663e-01	4.0514e-02	2.8984e-06	8.7252e-01	1.2743e-01	5.8810e-05	1.1755e-36	1.1755e-36	1.1755e-36	1.4702e-16	0.00e+00	0.00e+00	9.8079e+01
2.02397e+15	8.1042e+03	7.769e-16	3.5938e+04	6.7214e+03	1.6119e-09	8.5176e-01	1.4824e-01	5.7114e-01	4.1028e-01	1.8577e-02	2.6980e-10	2.7628e-03	9.5881e-01	3.8424e-02	2.7822e-06	8.7755e-01	1.2240e-01	5.2303e-05	1.1755e-36	1.1755e-36	1.1755e-36	1.5412e-16	0.00e+00	0.00e+00	1.0088e+02
2.03868e+15	8.0324e+03	7.287e-16	3.5938e+04	6.4675e+03	1.7357e-09	8.5741e-01	1.4259e-01	5.8693e-01	3.9505e-01	1.8026e-02	2.8430e-10	2.6745e-03	9.6086e-01	3.6461e-02	2.6788e-06	8.8240e-01	1.1756e-01	4.6587e-05	1.1755e-36	1.1755e-36	1.1755e-36	1.6124e-16	0.00e+00	0.00e+00	1.0378e+02
2.05372e+15	7.9603e+03	6.837e-16	3.5938e+04	6.2258e+03	1.8680e-09	8.6276e-01	1.3724e-01	6.0252e-01	3.8002e-01	1.7464e-02	2.9916e-10	2.5896e-03	9.6277e-01	3.4641e-02	2.5875e-06	8.8696e-01	1.1299e-01	4.1628e-05	1.1755e-36	1.1755e-36	1.1755e-36	1.6824e-16	0.00e+00	0.00e+00	1.0675e+02
2.06914e+15	7.8800e+03	6.418e-16	3.5938e+04	5.9949e+03	2.0187e-09	8.6786e-01	1.3214e-01	6.1796e-01	3.6516e-01	1.6876e-02	3.1468e-10	2.5083e-03	9.6455e-01	3.2940e-02	2.5070e-06	8.9132e-01	1.0865e-01	3.7323e-05	1.1755e-36	1.1755e-36	1.1755e-36	1.7533e-16	0.00e+00	0.00e+00	1.0984e+02
2.08508e+15	7.8039e+03	6.024e-16	3.5938e+04	5.7729e+03	2.1738e-09	8.7263e-01	1.2737e-01	6.3312e-01	3.5059e-01	1.6294e-02	3.2999e-10	2.4292e-03	9.6620e-01	3.1365e-02	2.4355e-06	8.9538e-01	1.0459e-01	3.3564e-05	1.1755e-36	1.1755e-36	1.1755e-36	1.8168e-16	0.00e+00	0.00e+00	1.1305e+02
2.10166e+15	7.7264e+03	5.654e-16	3.5938e+04	5.5613e+03	2.3430e-09	8.7719e-01	1.2281e-01	6.4807e-01	3.3624e-01	1.5694e-02	3.4592e-10	2.3532e-03	9.6775e-01	2.9895e-02	2.3717e-06	8.9925e-01	1.0072e-01	3.0267e-05	1.1755e-36	1.1755e-36	1.1755e-36	1.8815e-16	0.00e+00	0.00e+00	1.1642e+02
2.11900e+15	7.6419e+03	5.307e-16	3.5938e+04	5.3581e+03	2.5364e-09	8.8157e-01	1.1843e-01	6.6286e-01	3.2207e-01	1.5072e-02	3.6260e-10	2.2800e-03	9.6920e-01	2.8514e-02	2.3148e-06	9.0297e-01	9.7006e-02	2.7368e-05	1.1755e-36	1.1755e-36	1.1755e-36	1.9472e-16	0.00e+00	0.00e+00	1.1997e+02
2.13725e+15	7.5560e+03	4.979e-16	3.5938e+04	5.1600e+03	2.7466e-09	8.8568e-01	1.1432e-01	6.7727e-01	3.0827e-01	1.4456e-02	3.7904e-10	2.2081e-03	9.7056e-01	2.7233e-02	2.2641e-06	9.0645e-01	9.3525e-02	2.4828e-05	1.1755e-36	1.1755e-36	1.1755e-36	2.0050e-16	0.00e+00	0.00e+00	1.2374e+02
2.15639e+15	7.4734e+03	4.674e-16	3.5938e+04	4.9752e+03	2.9685e-09	8.8956e-01	1.1044e-01	6.9126e-01	2.9491e-01	1.3831e-02	3.9584e-10	2.1406e-03	9.7181e-01	2.6049e-02	2.2190e-06	9.0973e-01	9.0248e-02	2.2609e-05	1.1755e-36	1.1755e-36	1.1755e-36	2.0631e-16	0.00e+00	0.00e+00	1.2768e+02
2.17667e+15	7.3770e+03	4.389e-16	3.5938e+04	4.8015e+03	3.2376e-09	8.9339e-01	1.0661e-01	7.0521e-01	2.8163e-01	1.3164e-02	4.1410e-10	2.0778e-03	9.7300e-01	2.4916e-02	2.1784e-06	9.1297e-01	8.7008e-02	2.0639e-05	1.1755e-36	1.1755e-36	1.1755e-36	2.1286e-16	0.00e+00	0.00e+00	1.3194e+02
2.19881e+15	7.2819e+03	4.112e-16	3.5938e+04	4.6219e+03	3.5296e-09	8.9689e-01	1.0311e-01	7.1858e-01	2.6889e-01	1.2532e-02	4.3097e-10	2.0112e-03	9.7412e-01	2.3865e-02	2.1418e-06	9.1593e-01	8.4053e-02	1.8898e-05	1.1755e-36	1.1755e-36	1.1755e-36	2.1748e-16	0.00e+00	0.00e+00	1.3668e+02
2.22240e+15	7.1759e+03	3.859e-16	3.5938e+04	4.4603e+03	3.8806e-09	9.0045e-01	9.9551e-02	7.3164e-01	2.5650e-01	1.1863e-02	4.4996e-10	1.9525e-03	9.7516e-01	2.2885e-02	2.1093e-06	9.1892e-01	8.1058e-02	1.7357e-05	1.1755e-36	1.1755e-36	1.1755e-36	2.2391e-16	0.00e+00	0.00e+00	1.4157e+02
2.24759e+15	7.0701e+03	3.623e-16	3.5938e+04	4.3061e+03	4.2658e-09	9.0362e-01	9.6380e-02	7.4405e-01	2.4475e-01	1.1206e-02	4.6805e-10	1.8959e-03	9.7613e-01	2.1973e-02	2.0805e-06	9.2160e-01	7.8386e-02	1.6031e-05	1.1755e-36	1.1755e-36	1.1755e-36	2.2923e-16	0.00e+00	0.00e+00	1.4698e+02
2.27556e+15	6.9590e+03	3.395e-16	3.5938e+04	4.1558e+03	4.7175e-09	9.0679e-01	9.3214e-02	7.5614e-01	2.3332e-01	1.0541e-02	4.8711e-10	1.8405e-03	9.7706e-01	2.1100e-02	2.0538e-06	9.2426e-01	7.5722e-02	1.4823e-05	1.1755e-36	1.1755e-36	1.1755e-36	2.3515e-16	0.00e+00	0.00e+00	1.5306e+02
2.30664e+15	6.8420e+03	3.180e-16	3.5938e+04	4.0097e+03	5.2489e-09	9.0983e-01	9.0166e-02	7.6772e-01	2.2240e-01	9.8774e-03	5.0648e-10	1.7866e-03	9.7793e-01	2.0280e-02	2.0297e-06	9.2683e-01	7.3158e-02	1.3745e-05	1.1755e-36	1.1755e-36	1.1755e-36	2.4121e-16	0.00e+00	0.00e+00	1.5980e+02
2.34087e+15	6.7142e+03	2.977e-16	3.5938e+04	3.8667e+03	5.8976e-09	9.1269e-01	8.7307e-02	7.7860e-01	2.1217e-01	9.2301e-03	5.2549e-10	1.7341e-03	9.7875e-01	1.9518e-02	2.0084e-06	9.2924e-01	7.0749e-02	1.2803e-05	1.1755e-36	1.1755e-36	1.1755e-36	2.4697e-16	0.00e+00	0.00e+00	1.6722e+02
2.37679e+15	6.5950e+03	2.798e-16	3.5938e+04	3.7411e+03	6.5948e-09	9.1530e-01	8.4703e-02	7.8833e-01	2.0304e-01	8.6264e-03	5.4422e-10	1.6877e-03	9.7945e-01	1.8858e-02	1.9902e-06	9.3143e-01	6.8560e-02	1.2007e-05	1.1755e-36	1.1755e-36	1.1755e-36	2.5348e-16	0.00e+00	0.00e+00	1.7469e+02
2.41624e+15	6.4672e+03	2.625e-16	3.5938e+04	3.6195e+03	7.4475e-09	9.1783e-01	8.2167e-02	7.9779e-01	1.9420e-01	8.0141e-03	5.6413e-10	1.6431e-03	9.8017e-01	1.8184e-02	1.9729e-06	9.3356e-01	6.6427e-02	1.1281e-05	1.1755e-36	1.1755e-36	1.1755e-36	2.6112e-16	0.00e+00	0.00e+00	1.8363e+02
2.46321e+15	6.3330e+03	2.448e-16	3.5938e+04	3.4883e+03	8.5032e-09	9.2048e-01	7.9522e-02	8.0710e-01	1.8550e-01	7.4013e-03	5.8543e-10	1.5935e-03	9.8090e-01	1.7509e-02	1.9556e-06	9.3578e-01	6.4208e-02	1.0572e-05	1.1755e-36	1.1755e-36	1.1755e-36	2.7000e-16	0.00e+00	0.00e+00	1.9429e+02
2.51588e+15	6.1854e+03	2.281e-16	3.5938e+04	3.3627e+03	9.8714e-09	9.2316e-01	7.6843e-02	8.1609e-01	1.7711e-01	6.7939e-03	6.0977e-10	1.5470e-03	9.8156e-01	1.6889e-02	1.9401e-06	9.3803e-01	6.1958e-02	9.9278e-06	1.1755e-36	1.1755e-36	1.1755e-36	2.8238e-16	0.00e+00	0.00e+00	2.0566e+02
2.57210e+15	6.0363e+03	2.128e-16	3.5938e+04	3.2441e+03	1.1538e-08	9.2570e-01	7.4303e-02	8.2446e-01	1.6932e-01	6.2240e-03	6.3608e-10	1.5031e-03	9.8218e-01	1.6315e-02	1.9262e-06	9.4016e-01	5.9826e-02	9.3601e-06	1.1755e-36	1.1755e-36	1.1755e-36	2.9785e-16	0.00e+00	0.00e+00	2.1788e+02
2.62132e+15	5.9201e+03	2.017e-16	3.5938e+04	3.1549e+03	1.3087e-08	9.2760e-01	7.2396e-02	8.3060e-01	1.6358e-01	5.8112e-03	6.5835e-10	1.4700e-03	9.8252e-01	1.6003e-02	1.9174e-06	9.4177e-01	5.8225e-02	8.9624e-06	1.1755e-36	1.1755e-36	1.1755e-36	3.1271e-16	0.00e+00	0.00e+00	2.2635e+02
2.65846e+15	5.8292e+03	1.940e-16	3.5938e+04	3.0968e+03	1.4473e-08	9.2901e-01	7.0992e-02	8.3534e-01	1.5917e-01	5.4921e-03	6.7852e-10	1.4494e-03	9.8281e-01	1.5741e-02	1.9110e-06	9.4294e-01	5.7046e-02	8.6882e-06	1.1755e-36	1.1755e-36	1.1755e-36	3.2768e-16	0.00e+00	0.00e+00	2.3353e+02
2.69324e+15	5.7461e+03	1.869e-16	3.5938e+04	3.0382e+03	1.5905e-08	9.3019e-01	6.9814e-02	8.3940e-01	1.5538e-01	5.2239e-03	6.9674e-10	1.4278e-03	9.8309e-01	1.5478e-02	1.9052e-06	9.4394e-01	5.6055e-02	8.4535e-06	1.1755e-36	1.1755e-36	1.1755e-36	3.4182e-16	0.00e+00	0.00e+00	2.4102e+02
2.73074e+15	5.6590e+03	1.797e-16	3.5938e+04	2.9789e+03	1.7622e-08	9.3164e-01	6.8363e-02	8.4365e-01	1.5140e-01	4.9475e-03	7.2013e-10	1.4059e-03	9.8340e-01	1.5192e-02	1.8987e-06	9.4515e-01	5.4842e-02	8.1993e-06	1.1755e-36	1.1755e-36	1.1755e-36	3.6187e-16	0.00e+00	0.00e+00	2.4937e+02
2.77073e+15	5.5669e+03	1.724e-16	3.5938e+04	2.9116e+03	1.9689e-08	9.3301e-01	6.6994e-02	8.4761e-01	1.4769e-01	4.6974e-03	7.4454e-10	1.3804e-03	9.8367e-01	1.4946e-02	1.8930e-06	9.4630e-01	5.3695e-02	7.9632e-06	1.1755e-36	1.1755e-36	1.1755e-36	3.8444e-16	0.00e+00	0.00e+00	2.5794e+02
2.81028e+15	5.4793e+03	1.658e-16	3.5938e+04	2.8521e+03	2.1946e-08	9.3432e-01	6.5684e-02	8.5144e-01	1.4410e-01	4.4602e-03	7.7183e-10	1.3581e-03	9.8391e-01	1.4730e-02	1.8879e-06	9.4739e-01	5.2598e-02	7.7489e-06	1.1755e-36	1.1755e-36	1.1755e-36	4.1140e-16	0.00e+00	0.00e+00	2.6612e+02
2.84832e+15	5.3957e+03	1.599e-16	3.5938e+04	2.7972e+03	2.4401e-08	9.3550e-01	6.4501e-02	8.5498e-01	1.4078e-01	4.2451e-03	8.0077e-10	1.3376e-03	9.8413e-01	1.4533e-02	1.8833e-06	9.4839e-01	5.1607e-02	7.5611e-06	1.1755e-36	1.1755e-36	1.1755e-36	4.4186e-16	0.00e+00	0.00e+00	2.7409e+02
2.88572e+15	5.3150e+03	1.543e-16	3.5938e+04	2.7451e+03	2.7109e-08	9.3664e-01	6.3360e-02	8.5833e-01	1.3763e-01	4.0460e-03	8.3257e-10	1.3181e-03	9.8433e-01	1.4348e-02	1.8790e-06	9.4934e-01	5.0651e-02	7.3880e-06	1.1755e-36	1.1755e-36	1.1755e-36	4.7746e-16	0.00e+00	0.00e+00	2.8201e+02
2.92303e+15	5.2356e+03	1.491e-16	3.5938e+04	2.6945e+03	3.0146e-08	9.3776e-01	6.2245e-02	8.6153e-01	1.3461e-01	3.8603e-03	8.6800e-10	1.2992e-03	9.8452e-01	1.4174e-02	1.8751e-06	9.5027e-01	4.9718e-02	7.2265e-06	1.1755e-36	1.1755e-36	1.1755e-36	5.1966e-16	0.00e+00	0.00e+00	2.8995e+02
2.96022e+15	5.1579e+03	1.442e-16	3.5938e+04	2.6456e+03	3.3545e-08	9.3884e-01	6.1164e-02	8.6458e-01	1.3173e-01	3.6869e-03	9.0753e-10	1.2809e-03	9.8470e-01	1.4016e-02	1.8714e-06	9.5118e-01	4.8814e-02	7.0765e-06	1.1755e-36	1.1755e-36	1.1755e-36	5.6966e-16	0.00e+00	0.00e+00	2.9785e+02
2.99704e+15	5.0821e+03	1.395e-16	3.5938e+04	2.5987e+03	3.7326e-08	9.3987e-01	6.0128e-02	8.6750e-01	1.2898e-01	3.5252e-03	9.5150e-10	1.2634e-03	9.8486e-01	1.3871e-02	1.8680e-06	9.5204e-01	4.7948e-02	6.9383e-06	1.1755e-36	1.1755e-36	1.1755e-36	6.2868e-16	0.00e+00	0.00e+00	3.0565e+02
3.03337e+15	5.0083e+03	1.352e-16	3.5938e+04	2.5540e+03	4.1522e-08	9.4087e-01	5.9134e-02	8.7027e-01	1.2635e-01	3.3743e-03	1.0005e-09	1.2468e-03	9.8501e-01	1.3737e-02	1.8650e-06	9.5288e-01	4.7117e-02	6.8107e-06	1.1755e-36	1.1755e-36	1.1755e-36	6.9844e-16	0.00e+00	0.00e+00	3.1335e+02
3.06928e+15	4.9348e+03	1.311e-16	3.5938e+04	2.5109e+03	4.6221e-08	9.4183e-01	5.8167e-02	8.7294e-01	1.2383e-01	3.2326e-03	1.0558e-09	1.2309e-03	9.8523e-01	1.3535e-02	1.8617e-06	9.5368e-01	4.6309e-02	6.6930e-06	1.1755e-36	1.1755e-36	1.1755e-36	7.7505e-16	0.00e+00	0.00e+00	3.2099e+02
3.10471e+15	4.8631e+03	1.272e-16	3.5938e+04	2.4691e+03	5.1443e-08	9.4275e-01	5.7246e-02	8.7546e-01	1.2143e-01	3.1012e-03	1.1150e-09	1.2156e-03	9.8545e-01	1.3335e-02	1.8586e-06	9.5446e-01	4.5538e-02	6.5847e-06	1.1755e-36	1.1755e-36	1.1755e-36	8.6179e-16	0.00e+00	0.00e+00	3.2851e+02
3.13959e+15	4.7934e+03	1.236e-16	3.5938e+04	2.4293e+03	5.7227e-08	9.4364e-01	5.6360e-02	8.7788e-01	1.1914e-01	2.9782e-03	1.1786e-09	1.2010e-03	9.8565e-01	1.3144e-02	1.8558e-06	9.5520e-01	4.4797e-02	6.4846e-06	1.1755e-36	1.1755e-36	1.1755e-36	9.6121e-16	0.00e+00	0.00e+00	3.3592e+02
3.17402e+15	4.7255e+03	1.202e-16	3.5938e+04	2.3910e+03	6.3650e-08	9.4449e-01	5.5505e-02	8.8019e-01	1.1695e-01	2.8628e-03	1.2470e-09	1.1871e-03	9.8585e-01	1.2961e-02	1.8532e-06	9.5591e-01	4.4082e-02	6.3915e-06	1.1755e-36	1.1755e-36	1.1755e-36	1.0756e-15	0.00e+00	0.00e+00	3.4326e+02
3.20811e+15	4.6625e+03	1.169e-16	3.5938e+04	2.3526e+03	7.0404e-08	9.4526e-01	5.4738e-02	8.8231e-01	1.1493e-01	2.7593e-03	1.3162e-09	1.1727e-03	9.8603e-01	1.2792e-02	1.8507e-06	9.5655e-01	4.3440e-02	6.3060e-06	1.1755e-36	1.1755e-36	1.1755e-36	1.1985e-15	0.00e+00	0.00e+00	3.5054e+02
3.24277e+15	4.5919e+03	1.137e-16	3.5938e+04	2.3170e+03	7.9026e-08	9.4616e-01	5.3838e-02	8.8462e-01	1.1273e-01	2.6482e-03	1.4039e-09	1.1604e-03	9.8624e-01	1.2602e-02	1.8483e-06	9.5730e-01	4.2689e-02	6.2202e-06	1.1755e-36	1.1755e-36	1.1755e-36	1.3664e-15	0.00e+00	0.00e+00	3.5813e+02
3.27667e+15	4.5314e+03	1.107e-16	3.5938e+04	2.2802e+03	8.7459e-08	9.4690e-01	5.3099e-02	8.8655e-01	1.1089e-01	2.5581e-03	1.4856e-09	1.1466e-03	9.8639e-01	1.2463e-02	1.8462e-06	9.5792e-01	4.2071e-02	6.1446e-06	1.1755e-36	1.1755e-36	1.1755e-36	1.5336e-15	0.00e+00	0.00e+00	3.6510e+02
3.30970e+15	4.4666e+03	1.080e-16	3.5938e+04	2.2477e+03	9.7651e-08	9.4765e-01	5.2348e-02	8.8860e-01	1.0894e-01	2.4629e-03	1.5827e-09	1.1353e-03	9.8657e-01	1.2296e-02	1.8444e-06	9.5855e-01	4.1444e-02	6.0756e-06	1.1755e-36	1.1755e-36	1.1755e-36	1.7463e-15	0.00e+00	0.00e+00	3.7233e+02
3.34262e+15	4.4049e+03	1.053e-16	3.5938e+04	2.2164e+03	1.0874e-07	9.4845e-01	5.1550e-02	8.9055e-01	1.0707e-01	2.3744e-03	1.6873e-09	1.1245e-03	9.8672e-01	1.2150e-02	1.8424e-06	9.5922e-01	4.0779e-02	6.0061e-06	1.1755e-36	1.1755e-36	1.1755e-36	1.9927e-15	0.00e+00	0.00e+00	3.7926e+02
3.37453e+15	4.3472e+03	1.028e-16	3.5938e+04	2.1843e+03	1.2041e-07	9.4909e-01	5.0912e-02	8.9229e-01	1.0542e-01	2.2974e-03	1.7921e-09	1.1130e-03	9.8687e-01	1.2016e-02	1.8409e-06	9.5975e-01	4.0244e-02	5.9481e-06	1.1755e-36	1.1755e-36	1.1755e-36	2.2566e-15	0.00e+00	0.00e+00	3.8607e+02
3.40663e+15	4.2879e+03	1.004e-16	3.5938e+04	2.1554e+03	1.3400e-07	9.4982e-01	5.0179e-02	8.9414e-01	1.0365e-01	2.2163e-03	1.9143e-09	1.1032e-03	9.8703e-01	1.1867e-02	1.8392e-06	9.6036e-01	3.9633e-02	5.8878e-06	1.1755e-36	1.1755e-36	1.1755e-36	2.5862e-15	0.00e+00	0.00e+00	3.9309e+02
3.43899e+15	4.2326e+03	9.804e-17	3.5938e+04	2.1231e+03	1.4827e-07	9.5046e-01	4.9540e-02	8.9574e-01	1.0211e-01	2.1478e-03	2.0373e-09	1.0915e-03	9.8717e-01	1.1741e-02	1.8376e-06	9.6090e-01	3.9099e-02	5.8328e-06	1.1755e-36	1.1755e-36	1.1755e-36	2.9423e-15	0.00e+00	0.00e+00	4.0002e+02
3.47176e+15	4.1715e+03	9.574e-17	3.5938e+04	2.0940e+03	1.6608e-07	9.5119e-01	4.8806e-02	8.9753e-01	1.0039e-01	2.0721e-03	2.1899e-09	1.0818e-03	9.8732e-01	1.1596e-02	1.8362e-06	9.6151e-01	3.8487e-02	5.7780e-06	1.1755e-36	1.1755e-36	1.1755e-36	3.4181e-15	0.00e+00	0.00e+00	4.0723e+02
3.50404e+15	4.1175e+03	9.354e-17	3.5938e+04	2.0634e+03	1.8381e-07	9.5183e-01	4.8172e-02	8.9906e-01	9.8931e-02	2.0094e-03	2.3371e-09	1.0709e-03	9.8744e-01	1.1488e-02	1.8348e-06	9.6204e-01	3.7958e-02	5.7282e-06	1.1755e-36	1.1755e-36	1.1755e-36	3.9114e-15	0.00e+00	0.00e+00	4.1396e+02
3.53575e+15	4.0602e+03	9.147e-17	3.5938e+04	2.0358e+03	2.0492e-07	9.5248e-01	4.7524e-02	9.0069e-01	9.7362e-02	1.9430e-03	2.5094e-09	1.0618e-03	9.8758e-01	1.1356e-02	1.8337e-06	9.6258e-01	3.7417e-02	5.6822e-06	1.1755e-36	1.1755e-36	1.1755e-36	4.5317e-15	0.00e+00	0.00e+00	4.2094e+02
3.56757e+15	4.0039e+03	8.939e-17	3.5938e+04	2.0076e+03	2.2830e-07	9.5320e-01	4.6795e-02	9.0228e-01	9.5837e-02	1.8811e-03	2.6990e-09	1.0523e-03	9.8771e-01	1.1240e-02	1.8325e-06	9.6318e-01	3.6812e-02	5.6332e-06	1.1755e-36	1.1755e-36	1.1755e-36	5.2688e-15	0.00e+00	0.00e+00	4.2772e+02
3.59854e+15	3.9449e+03	8.710e-17	3.5938e+04	1.9711e+03	2.5599e-07	9.5405e-01	4.5949e-02	9.0385e-01	9.4320e-02	1.8292e-03	2.9201e-09	1.0389e-03	9.8782e-01	1.1135e-02	1.8315e-06	9.6388e-01	3.6113e-02	5.5796e-06	1.1755e-36	1.1755e-36	1.1755e-36	6.1997e-15	0.00e+00	0.00e+00	4.3434e+02
###########################
2.04298e+11	1.0875e+04	7.053e-15	3.5938e+04	3.9637e+04	3.9904e-14	1.6182e-02	9.8382e-01	1.1109e-02	6.2786e-01	3.6104e-01	3.3763e-15	1.2862e-03	2.3455e-01	7.4118e-01	2.2706e-02	7.6285e-03	3.9559e-01	5.6444e-01	3.1971e-02	3.6706e-04	4.1768e-07	5.9377e-23	0.00e+00	0.00e+00	1.5002e-03
1.22579e+12	1.0864e+04	7.031e-15	3.5938e+04	3.9573e+04	3.9801e-14	1.6122e-02	9.8388e-01	1.1086e-02	6.2760e-01	3.6131e-01	3.3267e-15	1.2740e-03	2.3420e-01	7.4143e-01	2.2815e-02	7.5701e-03	3.9405e-01	5.6592e-01	3.2096e-02	3.6862e-04	4.2074e-07	5.8216e-23	0.00e+00	0.00e+00	7.4786e-03
5.31176e+12	1.0846e+04	6.990e-15	3.5938e+04	3.9557e+04	3.9542e-14	1.6027e-02	9.8397e-01	1.1078e-02	6.2823e-01	3.6069e-01	3.2505e-15	1.2672e-03	2.3386e-01	7.4173e-01	2.2868e-02	7.4607e-03	3.9064e-01	5.6938e-01	3.2148e-02	3.6793e-04	4.2265e-07	5.6647e-23	0.00e+00	0.00e+00	3.1252e-02
2.16556e+13	1.0794e+04	6.892e-15	3.5938e+04	3.9547e+04	3.9412e-14	1.5872e-02	9.8413e-01	1.1112e-02	6.3266e-01	3.5623e-01	3.0807e-15	1.2561e-03	2.3306e-01	7.4266e-01	2.2742e-02	7.2125e-03	3.8125e-01	5.7941e-01	3.1768e-02	3.5810e-04	4.1722e-07	5.3604e-23	0.00e+00	0.00e+00	1.2542e-01
5.17284e+13	1.0613e+04	6.565e-15	3.5938e+04	3.9576e+04	3.6555e-14	1.4860e-02	9.8514e-01	1.1002e-02	6.3390e-01	3.5510e-01	2.4644e-15	1.1958e-03	2.3051e-01	7.4430e-01	2.3714e-02	6.2578e-03	3.5348e-01	6.0661e-01	3.3289e-02	3.6500e-04	4.5482e-07	4.0504e-23	0.00e+00	0.00e+00	2.4005e-01
9.08229e+13	1.0465e+04	6.311e-15	3.5938e+04	3.9583e+04	3.5093e-14	1.4231e-02	9.8577e-01	1.1027e-02	6.4056e-01	3.4842e-01	2.0966e-15	1.1586e-03	2.2894e-01	7.4566e-01	2.3954e-02	5.6815e-03	3.3507e-01	6.2577e-01	3.3131e-02	3.5142e-04	4.6039e-07	3.3391e-23	0.00e+00	0.00e+00	3.8275e-01
1.41646e+14	1.0339e+04	6.099e-15	3.5938e+04	3.9555e+04	3.4827e-14	1.3906e-02	9.8609e-01	1.1201e-02	6.5334e-01	3.3546e-01	1.8803e-15	1.1403e-03	2.2838e-01	7.4675e-01	2.3457e-02	5.3702e-03	3.2390e-01	6.3907e-01	3.1337e-02	3.1923e-04	4.3378e-07	2.9694e-23	0.00e+00	0.00e+00	5.6402e-01
2.07716e+14	1.0219e+04	5.934e-15	3.5938e+04	3.9520e+04	3.6374e-14	1.3960e-02	9.8604e-01	1.1633e-02	6.7433e-01	3.1403e-01	1.8249e-15	1.1511e-03	2.2989e-01	7.4667e-01	2.2037e-02	5.3694e-03	3.2210e-01	6.4455e-01	2.7710e-02	2.6832e-04	3.7158e-07	2.9379e-23	0.00e+00	0.00e+00	8.0058e-01
2.92182e+14	1.0148e+04	5.794e-15	3.5938e+04	3.9381e+04	3.9721e-14	1.4459e-02	9.8554e-01	1.2325e-02	7.0378e-01	2.8389e-01	1.9382e-15	1.1935e-03	2.3343e-01	7.4541e-01	1.9758e-02	5.7431e-03	3.3174e-01	6.3975e-01	2.2559e-02	2.0630e-04	2.8458e-07	3.2787e-23	0.00e+00	0.00e+00	1.1098e+00
3.84801e+14	1.0103e+04	5.716e-15	3.5938e+04	3.9243e+04	4.5503e-14	1.5420e-02	9.8458e-01	1.3239e-02	7.3730e-01	2.4946e-01	2.2495e-15	1.2673e-03	2.3899e-01	7.4245e-01	1.7127e-02	6.5123e-03	3.5150e-01	6.2454e-01	1.7295e-02	1.4977e-04	2.0050e-07	4.0999e-23	0.00e+00	0.00e+00	1.4281e+00
4.82046e+14	1.0103e+04	5.708e-15	3.5938e+04	3.9049e+04	5.6319e-14	1.7211e-02	9.8279e-01	1.4522e-02	7.7306e-01	2.1242e-01	3.0305e-15	1.4025e-03	2.4846e-01	7.3585e-01	1.4161e-02	8.0540e-03	3.8756e-01	5.9213e-01	1.2162e-02	1.0070e-04	1.2501e-07	6.1482e-23	0.00e+00	0.00e+00	1.8323e+00
5.68192e+14	1.0148e+04	5.769e-15	3.5938e+04	3.8897e+04	6.9648e-14	1.9359e-02	9.8064e-01	1.5677e-02	8.0190e-01	1.8243e-01	4.1336e-15	1.5416e-03	2.5708e-01	7.2946e-01	1.1820e-02	9.9787e-03	4.2487e-01	5.5645e-01	8.6371e-03	7.0117e-05	1.1755e-36	9.3957e-23	0.00e+00	0.00e+00	2.1345e+00
6.27069e+14	1.0200e+04	5.844e-15	3.5938e+04	3.8760e+04	8.2981e-14	2.1356e-02	9.7864e-01	1.6582e-02	8.1994e-01	1.6348e-01	5.3888e-15	1.6634e-03	2.6432e-01	7.2365e-01	1.0285e-02	1.1866e-02	4.5615e-01	5.2531e-01	6.6213e-03	5.3742e-05	1.1755e-36	1.3405e-22	0.00e+00	0.00e+00	2.3717e+00
6.75201e+14	1.0250e+04	5.913e-15	3.5938e+04	3.8629e+04	9.7598e-14	2.3381e-02	9.7662e-01	1.7491e-02	8.3363e-01	1.4888e-01	6.9387e-15	1.7884e-03	2.7194e-01	7.1713e-01	9.0724e-03	1.3907e-02	4.8644e-01	4.9441e-01	5.1974e-03	4.2578e-05	1.1755e-36	1.8637e-22	0.00e+00	0.00e+00	2.6227e+00
7.29606e+14	1.0295e+04	6.027e-15	3.5938e+04	3.8520e+04	1.2013e-13	2.6101e-02	9.7390e-01	1.8536e-02	8.4817e-01	1.3330e-01	9.3741e-15	1.9360e-03	2.8055e-01	7.0965e-01	7.8086e-03	1.6634e-02	5.1874e-01	4.6068e-01	3.9076e-03	3.2696e-05	1.1755e-36	2.7800e-22	0.00e+00	0.00e+00	2.9869e+00
8.00332e+14	1.0384e+04	6.160e-15	3.5938e+04	3.8259e+04	1.5972e-13	3.0555e-02	9.6944e-01	2.0272e-02	8.6420e-01	1.1553e-01	1.4545e-14	2.1916e-03	2.9537e-01	6.9608e-01	6.3100e-03	2.1566e-02	5.7023e-01	4.0561e-01	2.5721e-03	2.2761e-05	1.1755e-36	4.8772e-22	0.00e+00	0.00e+00	3.5412e+00
8.67273e+14	1.0489e+04	6.371e-15	3.5938e+04	3.8009e+04	2.1578e-13	3.6104e-02	9.6390e-01	2.1927e-02	8.7662e-01	1.0145e-01	2.2612e-14	2.4430e-03	3.0921e-01	6.8322e-01	5.0869e-03	2.7797e-02	6.1695e-01	3.5355e-01	1.6896e-03	1.6258e-05	1.1755e-36	8.7148e-22	0.00e+00	0.00e+00	3.9831e+00
9.12906e+14	1.0560e+04	6.550e-15	3.5938e+04	3.7848e+04	2.7289e-13	4.0976e-02	9.5902e-01	2.3208e-02	8.8388e-01	9.2911e-02	3.1535e-14	2.6433e-03	3.2004e-01	6.7296e-01	4.3243e-03	3.3380e-02	6.4839e-01	3.1698e-01	1.2357e-03	1.2818e-05	1.1755e-36	1.3532e-21	0.00e+00	0.00e+00	4.3302e+00
9.50161e+14	1.0614e+04	6.679e-15	3.5938e+04	3.7628e+04	3.3375e-13	4.5654e-02	9.5435e-01	2.4498e-02	8.8911e-01	8.6391e-02	4.1855e-14	2.8255e-03	3.3052e-01	6.6287e-01	3.7510e-03	3.8950e-02	6.7469e-01	2.8541e-01	9.3628e-04	1.0458e-05	1.1755e-36	1.9515e-21	0.00e+00	0.00e+00	4.7153e+00
9.92912e+14	1.0675e+04	6.830e-15	3.5938e+04	3.7355e+04	4.2574e-13	5.1880e-02	9.4812e-01	2.6141e-02	8.9451e-01	7.9351e-02	5.8480e-14	3.0511e-03	3.4342e-01	6.5034e-01	3.1599e-03	4.6437e-02	7.0201e-01	2.5087e-01	6.7172e-04	8.2699e-06	1.1755e-36	3.0175e-21	0.00e+00	0.00e+00	5.2842e+00
1.04849e+15	1.0710e+04	7.053e-15	3.5938e+04	3.6967e+04	6.0815e-13	6.1957e-02	9.3804e-01	2.8650e-02	9.0035e-01	7.1000e-02	9.2750e-14	3.3803e-03	3.6266e-01	6.3145e-01	2.4838e-03	5.8671e-02	7.3314e-01	2.0776e-01	4.2374e-04	6.0250e-06	1.1755e-36	5.4961e-21	0.00e+00	0.00e+00	6.1675e+00
1.10375e+15	1.0745e+04	7.310e-15	3.5938e+04	3.6535e+04	8.9994e-13	7.5167e-02	9.2483e-01	3.1624e-02	9.0434e-01	6.4040e-02	1.5214e-13	3.7450e-03	3.8465e-01	6.0968e-01	1.9105e-03	7.4821e-02	7.5809e-01	1.6683e-01	2.5760e-04	4.2989e-06	1.1755e-36	1.0515e-20	0.00e+00	0.00e+00	6.9810e+00
1.14490e+15	1.0777e+04	7.464e-15	3.5938e+04	3.5982e+04	1.2239e-12	8.7412e-02	9.1259e-01	3.4321e-02	9.0615e-01	5.9530e-02	2.2229e-13	4.0210e-03	4.0297e-01	5.9145e-01	1.5483e-03	8.9889e-02	7.7151e-01	1.3842e-01	1.7298e-04	3.2903e-06	1.1755e-36	1.7255e-20	0.00e+00	0.00e+00	7.6676e+00
1.17775e+15	1.0765e+04	7.593e-15	3.5938e+04	3.5546e+04	1.6108e-12	9.9273e-02	9.0073e-01	3.6913e-02	9.0705e-01	5.6035e-02	3.0738e-13	4.2738e-03	4.1999e-01	5.7444e-01	1.2902e-03	1.0443e-01	7.7789e-01	1.1755e-01	1.2334e-04	2.6142e-06	1.1755e-36	2.6329e-20	0.00e+00	0.00e+00	8.3676e+00
1.21348e+15	1.0747e+04	7.704e-15	3.5938e+04	3.5008e+04	2.1924e-12	1.1427e-01	8.8573e-01	4.0175e-02	9.0741e-01	5.2412e-02	4.4052e-13	4.5628e-03	4.4027e-01	5.5411e-01	1.0462e-03	1.2276e-01	7.8003e-01	9.7116e-02	8.3988e-05	2.0097e-06	1.1755e-36	4.2086e-20	0.00e+00	0.00e+00	9.4151e+00
1.25070e+15	1.0724e+04	7.785e-15	3.5938e+04	3.4300e+04	3.0552e-12	1.3263e-01	8.6737e-01	4.4108e-02	9.0674e-01	4.9147e-02	6.4313e-13	4.8543e-03	4.6295e-01	5.3135e-01	8.3414e-04	1.4506e-01	7.7654e-01	7.8338e-02	5.5623e-05	1.5064e-06	1.1755e-36	6.9033e-20	0.00e+00	0.00e+00	1.0440e+01
1.28059e+15	1.0692e+04	7.828e-15	3.5938e+04	3.3676e+04	4.0590e-12	1.5023e-01	8.4977e-01	4.7892e-02	9.0534e-01	4.6767e-02	8.8442e-13	5.1010e-03	4.8343e-01	5.1078e-01	6.8607e-04	1.6626e-01	7.6889e-01	6.4809e-02	3.9229e-05	1.1714e-06	1.1755e-36	1.0474e-19	0.00e+00	0.00e+00	1.1317e+01
1.30457e+15	1.0652e+04	7.854e-15	3.5938e+04	3.3187e+04	5.1718e-12	1.6645e-01	8.3355e-01	5.1446e-02	9.0367e-01	4.4879e-02	1.1564e-12	5.3160e-03	5.0143e-01	4.9267e-01	5.8088e-04	1.8561e-01	7.5920e-01	5.5156e-02	2.9348e-05	9.4561e-07	1.1755e-36	1.4912e-19	0.00e+00	0.00e+00	1.2157e+01
1.33015e+15	1.0627e+04	7.788e-15	3.5938e+04	3.2368e+04	6.5898e-12	1.8458e-01	8.1542e-01	5.5470e-02	9.0146e-01	4.3065e-02	1.5044e-12	5.4874e-03	5.2029e-01	4.7373e-01	4.8664e-04	2.0714e-01	7.4668e-01	4.6162e-02	2.1538e-05	7.5232e-07	1.1755e-36	2.1003e-19	0.00e+00	0.00e+00	1.3368e+01
1.35831e+15	1.0576e+04	7.717e-15	3.5938e+04	3.1545e+04	8.7393e-12	2.0731e-01	7.9269e-01	6.0624e-02	8.9814e-01	4.1240e-02	2.0375e-12	5.6940e-03	5.4294e-01	4.5096e-01	3.9679e-04	2.3378e-01	7.2867e-01	3.7543e-02	1.5216e-05	5.7597e-07	1.1755e-36	3.1283e-19	0.00e+00	0.00e+00	1.4657e+01
1.38287e+15	1.0522e+04	7.627e-15	3.5938e+04	3.0803e+04	1.1275e-11	2.2968e-01	7.7032e-01	6.5905e-02	8.9434e-01	3.9756e-02	2.6722e-12	5.8724e-03	5.6426e-01	4.2953e-01	3.2905e-04	2.5968e-01	7.0934e-01	3.0967e-02	1.1147e-05	4.4950e-07	1.1755e-36	4.4699e-19	0.00e+00	0.00e+00	1.5788e+01
1.40304e+15	1.0496e+04	7.490e-15	3.5938e+04	3.0028e+04	1.3729e-11	2.4854e-01	7.5146e-01	7.0472e-02	8.9079e-01	3.8742e-02	3.2913e-12	5.9742e-03	5.8137e-01	4.1237e-01	2.8252e-04	2.8134e-01	6.9229e-01	2.6360e-02	8.6754e-06	3.6690e-07	1.1755e-36	5.8821e-19	0.00e+00	0.00e+00	1.6839e+01
1.42446e+15	1.0435e+04	7.336e-15	3.5938e+04	2.9228e+04	1.7161e-11	2.7050e-01	7.2950e-01	7.6098e-02	8.8638e-01	3.7527e-02	4.1394e-12	6.0927e-03	6.0085e-01	3.9282e-01	2.3796e-04	3.0625e-01	6.7169e-01	2.2055e-02	6.6122e-06	2.9286e-07	1.1755e-36	7.9508e-19	0.00e+00	0.00e+00	1.8326e+01
1.44809e+15	1.0377e+04	7.128e-15	3.5938e+04	2.8295e+04	2.1781e-11	2.9586e-01	7.0414e-01	8.2876e-02	8.8076e-01	3.6361e-02	5.2881e-12	6.1924e-03	6.2238e-01	3.7123e-01	1.9685e-04	3.3468e-01	6.4730e-01	1.8017e-02	4.9254e-06	2.2739e-07	1.1755e-36	1.0988e-18	0.00e+00	0.00e+00	1.9873e+01
1.46944e+15	1.0319e+04	6.913e-15	3.5938e+04	2.7443e+04	2.7015e-11	3.2023e-01	6.7977e-01	8.9810e-02	8.7480e-01	3.5387e-02	6.5911e-12	6.2689e-03	6.4245e-01	3.5112e-01	1.6502e-04	3.6166e-01	6.2344e-01	1.4897e-02	3.7777e-06	1.7949e-07	1.1755e-36	1.4706e-18	0.00e+00	0.00e+00	2.1301e+01
1.48837e+15	1.0280e+04	6.678e-15	3.5938e+04	2.6578e+04	3.2331e-11	3.4169e-01	6.5831e-01	9.6247e-02	8.6907e-01	3.4681e-02	7.9062e-12	6.2931e-03	6.5960e-01	3.3396e-01	1.4138e-04	3.8515e-01	6.0228e-01	1.2571e-02	3.0115e-06	1.4586e-07	1.1755e-36	1.8709e-18	0.00e+00	0.00e+00	2.2712e+01
1.50866e+15	1.0214e+04	6.418e-15	3.5938e+04	2.5673e+04	3.9478e-11	3.6590e-01	6.3410e-01	1.0403e-01	8.6214e-01	3.3827e-02	9.6306e-12	6.3180e-03	6.7855e-01	3.1501e-01	1.1895e-04	4.1135e-01	5.7823e-01	1.0423e-02	2.3643e-06	1.1755e-36	1.1755e-36	2.4284e-18	0.00e+00	0.00e+00	2.4571e+01
1.53096e+15	1.0143e+04	6.115e-15	3.5938e+04	2.4679e+04	4.8889e-11	3.9326e-01	6.0674e-01	1.1341e-01	8.5360e-01	3.2981e-02	1.1895e-11	6.3220e-03	6.9920e-01	2.9437e-01	9.8231e-05	4.4056e-01	5.5100e-01	8.4366e-03	1.8243e-06	1.1755e-36	1.1755e-36	3.2132e-18	0.00e+00	0.00e+00	2.6553e+01
1.55212e+15	1.0073e+04	5.812e-15	3.5938e+04	2.3739e+04	5.9735e-11	4.1991e-01	5.8009e-01	1.2333e-01	8.4445e-01	3.2225e-02	1.4493e-11	6.3084e-03	7.1876e-01	2.7485e-01	8.1642e-05	4.6864e-01	5.2450e-01	6.8603e-03	1.4348e-06	1.1755e-36	1.1755e-36	4.1802e-18	0.00e+00	0.00e+00	2.8468e+01
1.57186e+15	1.0018e+04	5.502e-15	3.5938e+04	2.2778e+04	7.1096e-11	4.4390e-01	5.5610e-01	1.3293e-01	8.3539e-01	3.1671e-02	1.7155e-11	6.2461e-03	7.3595e-01	2.5774e-01	6.8873e-05	4.9362e-01	5.0072e-01	5.6570e-03	1.1614e-06	1.1755e-36	1.1755e-36	5.2255e-18	0.00e+00	0.00e+00	3.0422e+01
1.59074e+15	9.9435e+03	5.213e-15	3.5938e+04	2.1925e+04	8.4568e-11	4.6792e-01	5.3208e-01	1.4336e-01	8.2560e-01	3.1043e-02	2.0256e-11	6.1965e-03	7.5268e-01	2.4106e-01	5.8197e-05	5.1832e-01	4.7700e-01	4.6740e-03	9.5132e-07	1.1755e-36	1.1755e-36	6.5169e-18	0.00e+00	0.00e+00	3.2372e+01
1.60938e+15	9.8877e+03	4.913e-15	3.5938e+04	2.1028e+04	9.9001e-11	4.9060e-01	5.0940e-01	1.5394e-01	8.1551e-01	3.0554e-02	2.3553e-11	6.1061e-03	7.6815e-01	2.2570e-01	4.9398e-05	5.4139e-01	4.5474e-01	3.8714e-03	7.9026e-07	1.1755e-36	1.1755e-36	7.9589e-18	0.00e+00	0.00e+00	3.4477e+01
1.62770e+15	9.8184e+03	4.625e-15	3.5938e+04	2.0178e+04	1.1591e-10	5.1327e-01	4.8673e-01	1.6530e-01	8.0465e-01	3.0048e-02	2.7320e-11	6.0137e-03	7.8312e-01	2.1083e-01	4.1962e-05	5.6419e-01	4.3260e-01	3.2041e-03	6.6214e-07	1.1755e-36	1.1755e-36	9.6897e-18	0.00e+00	0.00e+00	3.6541e+01
1.64497e+15	9.7623e+03	4.353e-15	3.5938e+04	1.9380e+04	1.3348e-10	5.3417e-01	4.6583e-01	1.7664e-01	7.9375e-01	2.9609e-02	3.1245e-11	5.9100e-03	7.9664e-01	1.9741e-01	3.5980e-05	5.8500e-01	4.1233e-01	2.6752e-03	5.6468e-07	1.1755e-36	1.1755e-36	1.1579e-17	0.00e+00	0.00e+00	3.8580e+01
1.65861e+15	9.7094e+03	4.146e-15	3.5938e+04	1.8769e+04	1.4929e-10	5.5057e-01	4.4943e-01	1.8610e-01	7.8461e-01	2.9291e-02	3.4680e-11	5.8237e-03	8.0694e-01	1.8720e-01	3.1943e-05	6.0118e-01	3.9650e-01	2.3186e-03	5.0068e-07	1.1755e-36	1.1755e-36	1.3298e-17	0.00e+00	0.00e+00	3.9887e+01
1.66793e+15	9.6745e+03	4.005e-15	3.5938e+04	1.8360e+04	1.6068e-10	5.6136e-01	4.3864e-01	1.9290e-01	7.7803e-01	2.9071e-02	3.7144e-11	5.7626e-03	8.1384e-01	1.8037e-01	2.9429e-05	6.1176e-01	3.8614e-01	2.1033e-03	4.6276e-07	1.1755e-36	1.1755e-36	1.4554e-17	0.00e+00	0.00e+00	4.0929e+01
1.67681e+15	9.6391e+03	3.871e-15	3.5938e+04	1.7971e+04	1.7245e-10	5.7175e-01	4.2825e-01	1.9970e-01	7.7150e-01	2.8806e-02	3.9669e-11	5.7037e-03	8.2040e-01	1.7387e-01	2.7146e-05	6.2190e-01	3.7619e-01	1.9129e-03	4.2938e-07	1.1755e-36	1.1755e-36	1.5864e-17	0.00e+00	0.00e+00	4.2170e+01
1.68736e+15	9.5935e+03	3.713e-15	3.5938e+04	1.7508e+04	1.8776e-10	5.8418e-01	4.1582e-01	2.0803e-01	7.6348e-01	2.8487e-02	4.2887e-11	5.6290e-03	8.2801e-01	1.6634e-01	2.4652e-05	6.3396e-01	3.6433e-01	1.7065e-03	3.9331e-07	1.1755e-36	1.1755e-36	1.7571e-17	0.00e+00	0.00e+00	4.3700e+01
1.69894e+15	9.5498e+03	3.545e-15	3.5938e+04	1.7002e+04	2.0543e-10	5.9757e-01	4.0243e-01	2.1730e-01	7.5451e-01	2.8194e-02	4.6622e-11	5.5394e-03	8.3593e-01	1.5850e-01	2.2230e-05	6.4687e-01	3.5162e-01	1.5052e-03	3.5837e-07	1.1755e-36	1.1755e-36	1.9617e-17	0.00e+00	0.00e+00	4.5275e+01
1.71013e+15	9.5062e+03	3.386e-15	3.5938e+04	1.6512e+04	2.2379e-10	6.1022e-01	3.8978e-01	2.2648e-01	7.4558e-01	2.7936e-02	5.0415e-11	5.4465e-03	8.4328e-01	1.5125e-01	2.0143e-05	6.5899e-01	3.3968e-01	1.3332e-03	3.2864e-07	1.1755e-36	1.1755e-36	2.1733e-17	0.00e+00	0.00e+00	4.6767e+01
1.72075e+15	9.4707e+03	3.237e-15	3.5938e+04	1.6045e+04	2.4173e-10	6.2171e-01	3.7829e-01	2.3530e-01	7.3699e-01	2.7715e-02	5.4114e-11	5.3516e-03	8.4993e-01	1.4470e-01	1.8367e-05	6.6994e-01	3.2887e-01	1.1888e-03	3.0380e-07	1.1755e-36	1.1755e-36	2.3832e-17	0.00e+00	0.00e+00	4.8244e+01
1.73150e+15	9.4176e+03	3.094e-15	3.5938e+04	1.5606e+04	2.6318e-10	6.3387e-01	3.6613e-01	2.4511e-01	7.2749e-01	2.7401e-02	5.8407e-11	5.2664e-03	8.5678e-01	1.3794e-01	1.6683e-05	6.8146e-01	3.1748e-01	1.0552e-03	2.8030e-07	1.1755e-36	1.1755e-36	2.6326e-17	0.00e+00	0.00e+00	4.9830e+01
1.74246e+15	9.3813e+03	2.949e-15	3.5938e+04	1.5137e+04	2.8428e-10	6.4533e-01	3.5467e-01	2.5476e-01	7.1805e-01	2.7182e-02	6.2680e-11	5.1627e-03	8.6318e-01	1.3165e-01	1.5188e-05	6.9227e-01	3.0680e-01	9.3645e-04	2.5961e-07	1.1755e-36	1.1755e-36	2.8845e-17	0.00e+00	0.00e+00	5.1424e+01
1.75351e+15	9.3258e+03	2.810e-15	3.5938e+04	1.4697e+04	3.0963e-10	6.5737e-01	3.4263e-01	2.6542e-01	7.0772e-01	2.6861e-02	6.7625e-11	5.0699e-03	8.6970e-01	1.2522e-01	1.3787e-05	7.0355e-01	2.9562e-01	8.2784e-04	2.4007e-07	1.1755e-36	1.1755e-36	3.1826e-17	0.00e+00	0.00e+00	5.3096e+01
1.76454e+15	9.2896e+03	2.673e-15	3.5938e+04	1.4246e+04	3.3385e-10	6.6848e-01	3.3152e-01	2.7574e-01	6.9763e-01	2.6631e-02	7.2470e-11	4.9633e-03	8.7568e-01	1.1935e-01	1.2569e-05	7.1391e-01	2.8535e-01	7.3342e-04	2.2314e-07	1.1755e-36	1.1755e-36	3.4790e-17	0.00e+00	0.00e+00	5.4743e+01
1.77556e+15	9.2369e+03	2.542e-15	3.5938e+04	1.3818e+04	3.6198e-10	6.7980e-01	3.2020e-01	2.8686e-01	6.8682e-01	2.6329e-02	7.7843e-11	4.8644e-03	8.8164e-01	1.1348e-01	1.1446e-05	7.2442e-01	2.7494e-01	6.4861e-04	2.0742e-07	1.1755e-36	1.1755e-36	3.8108e-17	0.00e+00	0.00e+00	5.6469e+01
1.78673e+15	9.1995e+03	2.414e-15	3.5938e+04	1.3377e+04	3.8963e-10	6.9046e-01	3.0954e-01	2.9783e-01	6.7608e-01	2.6098e-02	8.3223e-11	4.7530e-03	8.8721e-01	1.0803e-01	1.0453e-05	7.3425e-01	2.6518e-01	5.7378e-04	1.9348e-07	1.1755e-36	1.1755e-36	4.1469e-17	0.00e+00	0.00e+00	5.8214e+01
1.79807e+15	9.1462e+03	2.289e-15	3.5938e+04	1.2947e+04	4.2228e-10	7.0142e-01	2.9858e-01	3.0967e-01	6.6453e-01	2.5798e-02	8.9264e-11	4.6463e-03	8.9278e-01	1.0256e-01	9.5316e-06	7.4432e-01	2.5518e-01	5.0589e-04	1.8030e-07	1.1755e-36	1.1755e-36	4.5281e-17	0.00e+00	0.00e+00	6.0053e+01
1.80957e+15	9.0953e+03	2.169e-15	3.5938e+04	1.2532e+04	4.5702e-10	7.1231e-01	2.8769e-01	3.2205e-01	6.5247e-01	2.5482e-02	9.5793e-11	4.5401e-03	8.9820e-01	9.7251e-02	8.6973e-06	7.5427e-01	2.4529e-01	4.4506e-04	1.6809e-07	1.1755e-36	1.1755e-36	4.9479e-17	0.00e+00	0.00e+00	6.1903e+01
1.82089e+15	9.0476e+03	2.055e-15	3.5938e+04	1.2124e+04	4.9266e-10	7.2248e-01	2.7752e-01	3.3426e-01	6.4054e-01	2.5194e-02	1.0235e-10	4.4317e-03	9.0321e-01	9.2351e-02	7.9729e-06	7.6352e-01	2.3608e-01	3.9292e-04	1.5737e-07	1.1755e-36	1.1755e-36	5.3698e-17	0.00e+00	0.00e+00	6.3735e+01
1.83218e+15	9.0039e+03	1.945e-15	3.5938e+04	1.1725e+04	5.2948e-10	7.3218e-01	2.6782e-01	3.4654e-01	6.2855e-01	2.4906e-02	1.0910e-10	4.3219e-03	9.0794e-01	8.7728e-02	7.3285e-06	7.7230e-01	2.2735e-01	3.4727e-04	1.4771e-07	1.1755e-36	1.1755e-36	5.8064e-17	0.00e+00	0.00e+00	6.5632e+01
1.84387e+15	8.9427e+03	1.839e-15	3.5938e+04	1.1335e+04	5.7397e-10	7.4240e-01	2.5760e-01	3.6013e-01	6.1533e-01	2.4540e-02	1.1690e-10	4.2163e-03	9.1277e-01	8.3010e-02	6.7214e-06	7.8153e-01	2.1817e-01	3.0509e-04	1.3823e-07	1.1755e-36	1.1755e-36	6.3158e-17	0.00e+00	0.00e+00	6.7648e+01
1.85567e+15	8.9035e+03	1.736e-15	3.5938e+04	1.0936e+04	6.1525e-10	7.5172e-01	2.4828e-01	3.7315e-01	6.0258e-01	2.4268e-02	1.2440e-10	4.0998e-03	9.1715e-01	7.8749e-02	6.1962e-06	7.8988e-01	2.0985e-01	2.6869e-04	1.2993e-07	1.1755e-36	1.1755e-36	6.8018e-17	0.00e+00	0.00e+00	6.9631e+01
1.86753e+15	8.8427e+03	1.638e-15	3.5938e+04	1.0556e+04	6.6528e-10	7.6115e-01	2.3885e-01	3.8706e-01	5.8903e-01	2.3909e-02	1.3277e-10	3.9907e-03	9.2148e-01	7.4528e-02	5.7166e-06	7.9832e-01	2.0145e-01	2.3632e-04	1.2206e-07	1.1755e-36	1.1755e-36	7.3426e-17	0.00e+00	0.00e+00	7.1719e+01
1.87962e+15	8.7865e+03	1.544e-15	3.5938e+04	1.0186e+04	7.1766e-10	7.7043e-01	2.2957e-01	4.0140e-01	5.7506e-01	2.3538e-02	1.4168e-10	3.8819e-03	9.2563e-01	7.0487e-02	5.2853e-06	8.0657e-01	1.9322e-01	2.0751e-04	1.1755e-36	1.1755e-36	1.1755e-36	7.9221e-17	0.00e+00	0.00e+00	7.3835e+01
1.89168e+15	8.7332e+03	1.455e-15	3.5938e+04	9.8261e+03	7.7191e-10	7.7915e-01	2.2085e-01	4.1567e-01	5.6116e-01	2.3178e-02	1.5076e-10	3.7732e-03	9.2949e-01	6.6733e-02	4.9081e-06	8.1430e-01	1.8551e-01	1.8266e-04	1.1755e-36	1.1755e-36	1.1755e-36	8.5060e-17	0.00e+00	0.00e+00	7.5959e+01
1.90385e+15	8.6764e+03	1.370e-15	3.5938e+04	9.4755e+03	8.3081e-10	7.8759e-01	2.1241e-01	4.3024e-01	5.4696e-01	2.2795e-02	1.6030e-10	3.6659e-03	9.3317e-01	6.3156e-02	4.5709e-06	8.2176e-01	1.7808e-01	1.6085e-04	1.1755e-36	1.1755e-36	1.1755e-36	9.1127e-17	0.00e+00	0.00e+00	7.8160e+01
1.91635e+15	8.6208e+03	1.289e-15	3.5938e+04	9.1298e+03	8.9367e-10	7.9588e-01	2.0412e-01	4.4526e-01	5.3234e-01	2.2396e-02	1.7046e-10	3.5579e-03	9.3672e-01	5.9720e-02	4.2658e-06	8.2905e-01	1.7080e-01	1.4138e-04	1.1755e-36	1.1755e-36	1.1755e-36	9.7538e-17	0.00e+00	0.00e+00	8.0451e+01
1.92916e+15	8.5623e+03	1.211e-15	3.5938e+04	8.7875e+03	9.6288e-10	8.0397e-01	1.9603e-01	4.6058e-01	5.1744e-01	2.1979e-02	1.8127e-10	3.4496e-03	9.4010e-01	5.6444e-02	3.9922e-06	8.3615e-01	1.6373e-01	1.2417e-04	1.1755e-36	1.1755e-36	1.1755e-36	1.0431e-16	0.00e+00	0.00e+00	8.2812e+01
1.94219e+15	8.4944e+03	1.137e-15	3.5938e+04	8.4593e+03	1.0406e-09	8.1195e-01	1.8805e-01	4.7647e-01	5.0201e-01	2.1520e-02	1.9284e-10	3.3451e-03	9.4335e-01	5.3299e-02	3.7471e-06	8.4312e-01	1.5677e-01	1.0903e-04	1.1755e-36	1.1755e-36	1.1755e-36	1.1140e-16	0.00e+00	0.00e+00	8.5229e+01
1.95530e+15	8.4406e+03	1.067e-15	3.5938e+04	8.1384e+03	1.1157e-09	8.1921e-01	1.8079e-01	4.9186e-01	4.8704e-01	2.1100e-02	2.0420e-10	3.2395e-03	9.4631e-01	5.0444e-02	3.5350e-06	8.4944e-01	1.5046e-01	9.6091e-05	1.1755e-36	1.1755e-36	1.1755e-36	1.1816e-16	0.00e+00	0.00e+00	8.7662e+01
1.96848e+15	8.3693e+03	1.002e-15	3.5938e+04	7.8387e+03	1.2047e-09	8.2643e-01	1.7357e-01	5.0782e-01	4.7158e-01	2.0603e-02	2.1663e-10	3.1418e-03	9.4916e-01	4.7697e-02	3.3457e-06	8.5571e-01	1.4420e-01	8.4784e-05	1.1755e-36	1.1755e-36	1.1755e-36	1.2545e-16	0.00e+00	0.00e+00	9.0151e+01
1.98198e+15	8.3142e+03	9.402e-16	3.5938e+04	7.5403e+03	1.2901e-09	8.3305e-01	1.6695e-01	5.2343e-01	4.5642e-01	2.0145e-02	2.2887e-10	3.0412e-03	9.5178e-01	4.5171e-02	3.1787e-06	8.6144e-01	1.3848e-01	7.4943e-05	1.1755e-36	1.1755e-36	1.1755e-36	1.3233e-16	0.00e+00	0.00e+00	9.2747e+01
1.99579e+15	8.2419e+03	8.820e-16	3.5938e+04	7.2527e+03	1.3924e-09	8.3966e-01	1.6034e-01	5.3943e-01	4.4093e-01	1.9637e-02	2.4212e-10	2.9445e-03	9.5430e-01	4.2756e-02	3.0295e-06	8.6715e-01	1.3279e-01	6.6287e-05	1.1755e-36	1.1755e-36	1.1755e-36	1.3959e-16	0.00e+00	0.00e+00	9.5391e+01
2.00973e+15	8.1723e+03	8.279e-16	3.5938e+04	6.9830e+03	1.4988e-09	8.4589e-01	1.5411e-01	5.5535e-01	4.2554e-01	1.9110e-02	2.5576e-10	2.8529e-03	9.5663e-01	4.0514e-02	2.8984e-06	8.7251e-01	1.2743e-01	5.8810e-05	1.1755e-36	1.1755e-36	1.1755e-36	1.4688e-16	0.00e+00	0.00e+00	9.8078e+01
2.02398e+15	8.1042e+03	7.769e-16	3.5938e+04	6.7214e+03	1.6113e-09	8.5176e-01	1.4824e-01	5.7114e-01	4.1028e-01	1.8576e-02	2.6969e-10	2.7627e-03	9.5881e-01	3.8423e-02	2.7822e-06	8.7755e-01	1.2240e-01	5.2303e-05	1.1755e-36	1.1755e-36	1.1755e-36	1.5398e-16	0.00e+00	0.00e+00	1.0088e+02
2.03868e+15	8.0324e+03	7.287e-16	3.5938e+04	6.4675e+03	1.7350e-09	8.5741e-01	1.4259e-01	5.8693e-01	3.9504e-01	1.8026e-02	2.8418e-10	2.6743e-03	9.6086e-01	3.6461e-02	2.6788e-06	8.8239e-01	1.1756e-01	4.6587e-05	1.1755e-36	1.1755e-36	1.1755e-36	1.6110e-16	0.00e+00	0.00e+00	1.0378e+02
2.05372e+15	7.9603e+03	6.837e-16	3.5938e+04	6.2259e+03	1.8672e-09	8.6276e-01	1.3724e-01	6.0252e-01	3.8002e-01	1.7464e-02	2.9903e-10	2.5895e-03	9.6277e-01	3.4641e-02	2.5875e-06	8.8696e-01	1.1299e-01	4.1628e-05	1.1755e-36	1.1755e-36	1.1755e-36	1.6810e-16	0.00e+00	0.00e+00	1.0675e+02
2.06914e+15	7.8801e+03	6.418e-16	3.5938e+04	5.9949e+03	2.0179e-09	8.6786e-01	1.3214e-01	6.1796e-01	3.6516e-01	1.6876e-02	3.1455e-10	2.5082e-03	9.6455e-01	3.2940e-02	2.5070e-06	8.9132e-01	1.0865e-01	3.7323e-05	1.1755e-36	1.1755e-36	1.1755e-36	1.7518e-16	0.00e+00	0.00e+00	1.0983e+02
2.08509e+15	7.8039e+03	6.024e-16	3.5938e+04	5.7730e+03	2.1730e-09	8.7263e-01	1.2737e-01	6.3312e-01	3.5059e-01	1.6293e-02	3.2986e-10	2.4291e-03	9.6620e-01	3.1365e-02	2.4355e-06	8.9538e-01	1.0459e-01	3.3564e-05	1.1755e-36	1.1755e-36	1.1755e-36	1.8154e-16	0.00e+00	0.00e+00	1.1305e+02
2.10166e+15	7.7262e+03	5.654e-16	3.5938e+04	5.5613e+03	2.3423e-09	8.7719e-01	1.2281e-01	6.4807e-01	3.3623e-01	1.5694e-02	3.4580e-10	2.3531e-03	9.6775e-01	2.9894e-02	2.3717e-06	8.9925e-01	1.0072e-01	3.0266e-05	1.1755e-36	1.1755e-36	1.1755e-36	1.8801e-16	0.00e+00	0.00e+00	1.1642e+02
2.11900e+15	7.6416e+03	5.307e-16	3.5938e+04	5.3581e+03	2.5360e-09	8.8157e-01	1.1843e-01	6.6286e-01	3.2206e-01	1.5072e-02	3.6248e-10	2.2799e-03	9.6920e-01	2.8514e-02	2.3148e-06	9.0297e-01	9.7005e-02	2.7368e-05	1.1755e-36	1.1755e-36	1.1755e-36	1.9458e-16	0.00e+00	0.00e+00	1.1997e+02
2.13725e+15	7.5561e+03	4.979e-16	3.5938e+04	5.1601e+03	2.7456e-09	8.8568e-01	1.1432e-01	6.7727e-01	3.0828e-01	1.4455e-02	3.7890e-10	2.2080e-03	9.7056e-01	2.7233e-02	2.2641e-06	9.0645e-01	9.3527e-02	2.4829e-05	1.1755e-36	1.1755e-36	1.1755e-36	2.0035e-16	0.00e+00	0.00e+00	1.2374e+02
2.15639e+15	7.4736e+03	4.674e-16	3.5938e+04	4.9753e+03	2.9670e-09	8.8955e-01	1.1045e-01	6.9125e-01	2.9492e-01	1.3832e-02	3.9569e-10	2.1405e-03	9.7181e-01	2.6049e-02	2.2190e-06	9.0973e-01	9.0252e-02	2.2609e-05	1.1755e-36	1.1755e-36	1.1755e-36	2.0615e-16	0.00e+00	0.00e+00	1.2768e+02
2.17667e+15	7.3770e+03	4.389e-16	3.5938e+04	4.8014e+03	3.2367e-09	8.9339e-01	1.0661e-01	7.0521e-01	2.8163e-01	1.3164e-02	4.1395e-10	2.0776e-03	9.7300e-01	2.4916e-02	2.1784e-06	9.1297e-01	8.7009e-02	2.0639e-05	1.1755e-36	1.1755e-36	1.1755e-36	2.1270e-16	0.00e+00	0.00e+00	1.3194e+02
2.19881e+15	7.2819e+03	4.112e-16	3.5938e+04	4.6220e+03	3.5283e-09	8.9689e-01	1.0311e-01	7.1857e-01	2.6889e-01	1.2532e-02	4.3082e-10	2.0111e-03	9.7412e-01	2.3865e-02	2.1418e-06	9.1593e-01	8.4055e-02	1.8898e-05	1.1755e-36	1.1755e-36	1.1755e-36	2.1733e-16	0.00e+00	0.00e+00	1.3667e+02
2.22240e+15	7.1759e+03	3.859e-16	3.5938e+04	4.4604e+03	3.8793e-09	9.0045e-01	9.9555e-02	7.3163e-01	2.5650e-01	1.1863e-02	4.4981e-10	1.9524e-03	9.7516e-01	2.2885e-02	2.1093e-06	9.1892e-01	8.1061e-02	1.7358e-05	1.1755e-36	1.1755e-36	1.1755e-36	2.2376e-16	0.00e+00	0.00e+00	1.4156e+02
2.24759e+15	7.0702e+03	3.623e-16	3.5938e+04	4.3062e+03	4.2646e-09	9.0362e-01	9.6381e-02	7.4405e-01	2.4475e-01	1.1206e-02	4.6791e-10	1.8957e-03	9.7613e-01	2.1972e-02	2.0805e-06	9.2160e-01	7.8387e-02	1.6032e-05	1.1755e-36	1.1755e-36	1.1755e-36	2.2909e-16	0.00e+00	0.00e+00	1.4699e+02
2.27557e+15	6.9590e+03	3.395e-16	3.5938e+04	4.1558e+03	4.7162e-09	9.0679e-01	9.3214e-02	7.5614e-01	2.3332e-01	1.0540e-02	4.8697e-10	1.8403e-03	9.7706e-01	2.1100e-02	2.0538e-06	9.2426e-01	7.5722e-02	1.4823e-05	1.1755e-36	1.1755e-36	1.1755e-36	2.3502e-16	0.00e+00	0.00e+00	1.5306e+02
2.30664e+15	6.8420e+03	3.180e-16	3.5938e+04	4.0097e+03	5.2474e-09	9.0983e-01	9.0167e-02	7.6772e-01	2.2240e-01	9.8773e-03	5.0634e-10	1.7864e-03	9.7793e-01	2.0279e-02	2.0297e-06	9.2683e-01	7.3159e-02	1.3745e-05	1.1755e-36	1.1755e-36	1.1755e-36	2.4107e-16	0.00e+00	0.00e+00	1.5980e+02
2.34087e+15	6.7142e+03	2.977e-16	3.5938e+04	3.8668e+03	5.8960e-09	9.1269e-01	8.7308e-02	7.7860e-01	2.1217e-01	9.2300e-03	5.2535e-10	1.7340e-03	9.7875e-01	1.9518e-02	2.0084e-06	9.2924e-01	7.0750e-02	1.2804e-05	1.1755e-36	1.1755e-36	1.1755e-36	2.4684e-16	0.00e+00	0.00e+00	1.6722e+02
2.37679e+15	6.5950e+03	2.798e-16	3.5938e+04	3.7412e+03	6.5930e-09	9.1530e-01	8.4704e-02	7.8833e-01	2.0304e-01	8.6263e-03	5.4408e-10	1.6876e-03	9.7945e-01	1.8858e-02	1.9902e-06	9.3143e-01	6.8561e-02	1.2007e-05	1.1755e-36	1.1755e-36	1.1755e-36	2.5335e-16	0.00e+00	0.00e+00	1.7469e+02
2.41624e+15	6.4673e+03	2.625e-16	3.5938e+04	3.6195e+03	7.4456e-09	9.1783e-01	8.2168e-02	7.9779e-01	1.9420e-01	8.0141e-03	5.6400e-10	1.6430e-03	9.8017e-01	1.8184e-02	1.9729e-06	9.3356e-01	6.6428e-02	1.1281e-05	1.1755e-36	1.1755e-36	1.1755e-36	2.6099e-16	0.00e+00	0.00e+00	1.8363e+02
2.46321e+15	6.3330e+03	2.448e-16	3.5938e+04	3.4883e+03	8.5011e-09	9.2048e-01	7.9523e-02	8.0710e-01	1.8550e-01	7.4013e-03	5.8529e-10	1.5933e-03	9.8090e-01	1.7509e-02	1.9556e-06	9.3578e-01	6.4209e-02	1.0572e-05	1.1755e-36	1.1755e-36	1.1755e-36	2.6988e-16	0.00e+00	0.00e+00	1.9429e+02
2.51587e+15	6.1854e+03	2.282e-16	3.5938e+04	3.3628e+03	9.8691e-09	9.2316e-01	7.6845e-02	8.1609e-01	1.7711e-01	6.7938e-03	6.0963e-10	1.5469e-03	9.8156e-01	1.6889e-02	1.9401e-06	9.3803e-01	6.1959e-02	9.9279e-06	1.1755e-36	1.1755e-36	1.1755e-36	2.8225e-16	0.00e+00	0.00e+00	2.0566e+02
2.57210e+15	6.0363e+03	2.128e-16	3.5938e+04	3.2441e+03	1.1536e-08	9.2570e-01	7.4304e-02	8.2446e-01	1.6932e-01	6.2240e-03	6.3595e-10	1.5030e-03	9.8218e-01	1.6315e-02	1.9262e-06	9.4016e-01	5.9827e-02	9.3603e-06	1.1755e-36	1.1755e-36	1.1755e-36	2.9772e-16	0.00e+00	0.00e+00	2.1788e+02
2.62132e+15	5.9201e+03	2.017e-16	3.5938e+04	3.1550e+03	1.3084e-08	9.2760e-01	7.2398e-02	8.3060e-01	1.6358e-01	5.8111e-03	6.5822e-10	1.4698e-03	9.8252e-01	1.6003e-02	1.9174e-06	9.4176e-01	5.8227e-02	8.9626e-06	1.1755e-36	1.1755e-36	1.1755e-36	3.1259e-16	0.00e+00	0.00e+00	2.2635e+02
2.65846e+15	5.8292e+03	1.940e-16	3.5938e+04	3.0969e+03	1.4470e-08	9.2901e-01	7.0993e-02	8.3534e-01	1.5917e-01	5.4921e-03	6.7839e-10	1.4493e-03	9.8281e-01	1.5741e-02	1.9110e-06	9.4294e-01	5.7048e-02	8.6884e-06	1.1755e-36	1.1755e-36	1.1755e-36	3.2755e-16	0.00e+00	0.00e+00	2.3352e+02
2.69323e+15	5.7461e+03	1.869e-16	3.5938e+04	3.0383e+03	1.5901e-08	9.3018e-01	6.9815e-02	8.3940e-01	1.5538e-01	5.2238e-03	6.9661e-10	1.4276e-03	9.8309e-01	1.5478e-02	1.9052e-06	9.4393e-01	5.6057e-02	8.4537e-06	1.1755e-36	1.1755e-36	1.1755e-36	3.4169e-16	0.00e+00	0.00e+00	2.4102e+02
2.73073e+15	5.6591e+03	1.797e-16	3.5938e+04	2.9790e+03	1.7618e-08	9.3164e-01	6.8364e-02	8.4365e-01	1.5140e-01	4.9475e-03	7.2000e-10	1.4057e-03	9.8340e-01	1.5192e-02	1.8987e-06	9.4515e-01	5.4844e-02	8.1994e-06	1.1755e-36	1.1755e-36	1.1755e-36	3.6173e-16	0.00e+00	0.00e+00	2.4937e+02
2.77072e+15	5.5670e+03	1.724e-16	3.5938e+04	2.9117e+03	1.9684e-08	9.3300e-01	6.6996e-02	8.4761e-01	1.4769e-01	4.6974e-03	7.4441e-10	1.3803e-03	9.8367e-01	1.4946e-02	1.8930e-06	9.4630e-01	5.3697e-02	7.9634e-06	1.1755e-36	1.1755e-36	1.1755e-36	3.8430e-16	0.00e+00	0.00e+00	2.5794e+02
2.81026e+15	5.4793e+03	1.658e-16	3.5938e+04	2.8521e+03	2.1941e-08	9.3431e-01	6.5686e-02	8.5143e-01	1.4411e-01	4.4602e-03	7.7169e-10	1.3579e-03	9.8391e-01	1.4730e-02	1.8879e-06	9.4739e-01	5.2600e-02	7.7491e-06	1.1755e-36	1.1755e-36	1.1755e-36	4.1125e-16	0.00e+00	0.00e+00	2.6612e+02
2.84831e+15	5.3958e+03	1.599e-16	3.5938e+04	2.7973e+03	2.4395e-08	9.3550e-01	6.4503e-02	8.5498e-01	1.4078e-01	4.2451e-03	8.0063e-10	1.3374e-03	9.8413e-01	1.4533e-02	1.8833e-06	9.4838e-01	5.1609e-02	7.5612e-06	1.1755e-36	1.1755e-36	1.1755e-36	4.4170e-16	0.00e+00	0.00e+00	2.7408e+02
2.88571e+15	5.3150e+03	1.544e-16	3.5938e+04	2.7452e+03	2.7103e-08	9.3664e-01	6.3362e-02	8.5833e-01	1.3763e-01	4.0460e-03	8.3242e-10	1.3180e-03	9.8433e-01	1.4348e-02	1.8790e-06	9.4934e-01	5.0653e-02	7.3882e-06	1.1755e-36	1.1755e-36	1.1755e-36	4.7729e-16	0.00e+00	0.00e+00	2.8201e+02
2.92302e+15	5.2357e+03	1.491e-16	3.5938e+04	2.6946e+03	3.0139e-08	9.3775e-01	6.2247e-02	8.6153e-01	1.3461e-01	3.8603e-03	8.6786e-10	1.2991e-03	9.8452e-01	1.4174e-02	1.8751e-06	9.5027e-01	4.9720e-02	7.2267e-06	1.1755e-36	1.1755e-36	1.1755e-36	5.1947e-16	0.00e+00	0.00e+00	2.8995e+02
2.96021e+15	5.1580e+03	1.442e-16	3.5938e+04	2.6457e+03	3.3537e-08	9.3883e-01	6.1166e-02	8.6458e-01	1.3173e-01	3.6868e-03	9.0738e-10	1.2808e-03	9.8470e-01	1.4016e-02	1.8714e-06	9.5118e-01	4.8816e-02	7.0767e-06	1.1755e-36	1.1755e-36	1.1755e-36	5.6946e-16	0.00e+00	0.00e+00	2.9784e+02
2.99702e+15	5.0821e+03	1.395e-16	3.5938e+04	2.5988e+03	3.7318e-08	9.3987e-01	6.0130e-02	8.6749e-01	1.2898e-01	3.5252e-03	9.5134e-10	1.2633e-03	9.8486e-01	1.3871e-02	1.8680e-06	9.5204e-01	4.7950e-02	6.9385e-06	1.1755e-36	1.1755e-36	1.1755e-36	6.2846e-16	0.00e+00	0.00e+00	3.0564e+02
3.03335e+15	5.0084e+03	1.352e-16	3.5938e+04	2.5541e+03	4.1513e-08	9.4086e-01	5.9136e-02	8.7027e-01	1.2635e-01	3.3743e-03	1.0003e-09	1.2466e-03	9.8501e-01	1.3737e-02	1.8650e-06	9.5287e-01	4.7119e-02	6.8109e-06	1.1755e-36	1.1755e-36	1.1755e-36	6.9819e-16	0.00e+00	0.00e+00	3.1335e+02
3.06926e+15	4.9349e+03	1.311e-16	3.5938e+04	2.5110e+03	4.6210e-08	9.4183e-01	5.8170e-02	8.7294e-01	1.2383e-01	3.2325e-03	1.0556e-09	1.2308e-03	9.8523e-01	1.3535e-02	1.8617e-06	9.5368e-01	4.6311e-02	6.6932e-06	1.1755e-36	1.1755e-36	1.1755e-36	7.7477e-16	0.00e+00	0.00e+00	3.2098e+02
3.10469e+15	4.8632e+03	1.272e-16	3.5938e+04	2.4692e+03	5.1432e-08	9.4275e-01	5.7249e-02	8.7546e-01	1.2143e-01	3.1012e-03	1.1148e-09	1.2154e-03	9.8545e-01	1.3335e-02	1.8586e-06	9.5445e-01	4.5541e-02	6.5850e-06	1.1755e-36	1.1755e-36	1.1755e-36	8.6148e-16	0.00e+00	0.00e+00	3.2850e+02
3.13957e+15	4.7935e+03	1.236e-16	3.5938e+04	2.4294e+03	5.7215e-08	9.4364e-01	5.6363e-02	8.7788e-01	1.1914e-01	2.9781e-03	1.1784e-09	1.2009e-03	9.8565e-01	1.3144e-02	1.8558e-06	9.5519e-01	4.4800e-02	6.4848e-06	1.1755e-36	1.1755e-36	1.1755e-36	9.6087e-16	0.00e+00	0.00e+00	3.3591e+02
3.17400e+15	4.7256e+03	1.202e-16	3.5938e+04	2.3911e+03	6.3636e-08	9.4449e-01	5.5509e-02	8.8019e-01	1.1695e-01	2.8627e-03	1.2468e-09	1.1869e-03	9.8585e-01	1.2961e-02	1.8532e-06	9.5591e-01	4.4085e-02	6.3917e-06	1.1755e-36	1.1755e-36	1.1755e-36	1.0752e-15	0.00e+00	0.00e+00	3.4325e+02
3.20809e+15	4.6626e+03	1.169e-16	3.5938e+04	2.3527e+03	7.0388e-08	9.4526e-01	5.4742e-02	8.8232e-01	1.1493e-01	2.7592e-03	1.3160e-09	1.1726e-03	9.8603e-01	1.2792e-02	1.8507e-06	9.5655e-01	4.3443e-02	6.3062e-06	1.1755e-36	1.1755e-36	1.1755e-36	1.1981e-15	0.00e+00	0.00e+00	3.5053e+02
3.24275e+15	4.5920e+03	1.137e-16	3.5938e+04	2.3172e+03	7.9008e-08	9.4616e-01	5.3842e-02	8.8462e-01	1.1273e-01	2.6480e-03	1.4037e-09	1.1602e-03	9.8624e-01	1.2602e-02	1.8483e-06	9.5730e-01	4.2693e-02	6.2204e-06	1.1755e-36	1.1755e-36	1.1755e-36	1.3659e-15	0.00e+00	0.00e+00	3.5812e+02
3.27665e+15	4.5315e+03	1.107e-16	3.5938e+04	2.2804e+03	8.7438e-08	9.4690e-01	5.3103e-02	8.8655e-01	1.1089e-01	2.5579e-03	1.4853e-09	1.1465e-03	9.8639e-01	1.2463e-02	1.8462e-06	9.5792e-01	4.2074e-02	6.1449e-06	1.1755e-36	1.1755e-36	1.1755e-36	1.5330e-15	0.00e+00	0.00e+00	3.6509e+02
3.30968e+15	4.4667e+03	1.080e-16	3.5938e+04	2.2479e+03	9.7628e-08	9.4765e-01	5.2353e-02	8.8860e-01	1.0894e-01	2.4628e-03	1.5824e-09	1.1352e-03	9.8657e-01	1.2296e-02	1.8444e-06	9.5855e-01	4.1448e-02	6.0759e-06	1.1755e-36	1.1755e-36	1.1755e-36	1.7456e-15	0.00e+00	0.00e+00	3.7232e+02
3.34261e+15	4.4050e+03	1.053e-16	3.5938e+04	2.2166e+03	1.0871e-07	9.4844e-01	5.1555e-02	8.9055e-01	1.0707e-01	2.3742e-03	1.6870e-09	1.1243e-03	9.8672e-01	1.2150e-02	1.8424e-06	9.5921e-01	4.0783e-02	6.0064e-06	1.1755e-36	1.1755e-36	1.1755e-36	1.9918e-15	0.00e+00	0.00e+00	3.7926e+02
3.37452e+15	4.3473e+03	1.028e-16	3.5938e+04	2.1846e+03	1.2038e-07	9.4908e-01	5.0918e-02	8.9229e-01	1.0541e-01	2.2971e-03	1.7917e-09	1.1128e-03	9.8687e-01	1.2016e-02	1.8409e-06	9.5974e-01	4.0249e-02	5.9485e-06	1.1755e-36	1.1755e-36	1.1755e-36	2.2555e-15	0.00e+00	0.00e+00	3.8606e+02
3.40662e+15	4.2880e+03	1.004e-16	3.5938e+04	2.1556e+03	1.3397e-07	9.4981e-01	5.0187e-02	8.9414e-01	1.0364e-01	2.2160e-03	1.9139e-09	1.1031e-03	9.8703e-01	1.1866e-02	1.8392e-06	9.6035e-01	3.9639e-02	5.8882e-06	1.1755e-36	1.1755e-36	1.1755e-36	2.5850e-15	0.00e+00	0.00e+00	3.9309e+02
3.43900e+15	4.2327e+03	9.806e-17	3.5938e+04	2.1235e+03	1.4822e-07	9.5045e-01	4.9550e-02	8.9575e-01	1.0210e-01	2.1473e-03	2.0368e-09	1.0914e-03	9.8717e-01	1.1741e-02	1.8376e-06	9.6089e-01	3.9106e-02	5.8333e-06	1.1755e-36	1.1755e-36	1.1755e-36	2.9407e-15	0.00e+00	0.00e+00	4.0002e+02
3.47178e+15	4.1716e+03	9.576e-17	3.5938e+04	2.0944e+03	1.6603e-07	9.5118e-01	4.8818e-02	8.9754e-01	1.0039e-01	2.0715e-03	2.1892e-09	1.0818e-03	9.8732e-01	1.1595e-02	1.8362e-06	9.6150e-01	3.8496e-02	5.7787e-06	1.1755e-36	1.1755e-36	1.1755e-36	3.4157e-15	0.00e+00	0.00e+00	4.0724e+02
3.50408e+15	4.1177e+03	9.356e-17	3.5938e+04	2.0640e+03	1.8373e-07	9.5181e-01	4.8190e-02	8.9907e-01	9.8924e-02	2.0087e-03	2.3362e-09	1.0709e-03	9.8744e-01	1.1487e-02	1.8348e-06	9.6202e-01	3.7972e-02	5.7291e-06	1.1755e-36	1.1755e-36	1.1755e-36	3.9077e-15	0.00e+00	0.00e+00	4.1397e+02
3.53584e+15	4.0605e+03	9.150e-17	3.5938e+04	2.0367e+03	2.0477e-07	9.5245e-01	4.7551e-02	9.0070e-01	9.7357e-02	1.9420e-03	2.5077e-09	1.0620e-03	9.8758e-01	1.1355e-02	1.8337e-06	9.6255e-01	3.7439e-02	5.6836e-06	1.1755e-36	1.1755e-36	1.1755e-36	4.5246e-15	0.00e+00	0.00e+00	4.2096e+02
3.56776e+15	4.0047e+03	8.947e-17	3.5938e+04	2.0096e+03	2.2788e-07	9.5315e-01	4.6853e-02	9.0228e-01	9.5841e-02	1.8792e-03	2.6945e-09	1.0531e-03	9.8771e-01	1.1238e-02	1.8325e-06	9.6314e-01	3.6858e-02	5.6362e-06	1.1755e-36	1.1755e-36	1.1755e-36	5.2499e-15	0.00e+00	0.00e+00	4.2777e+02
3.59903e+15	3.9530e+03	8.749e-17	3.5938e+04	1.9804e+03	2.5171e-07	9.5373e-01	4.6272e-02	9.0368e-01	9.4495e-02	1.8256e-03	2.8802e-09	1.0428e-03	9.8782e-01	1.1132e-02	1.8314e-06	9.6362e-01	3.6372e-02	5.5948e-06	1.1755e-36	1.1755e-36	1.1755e-36	6.0229e-15	0.00e+00	0.00e+00	4.3449e+02
