#depth	Te	Htot	hden	eden	2H_2/H	HI	HII	HeI	HeII	HeIII	CO/C	C1	C2	C3	C4	O1	O2	O3	O4	O5	O6	H2O/O	AV(point)	AV(extend)	Tau912
1.01302e+14	1.4095e+04	1.997e-17	1.6681e+03	1.9534e+03	2.2004e-18	3.1713e-04	9.9968e-01	1.0931e-05	3.2280e-02	9.6771e-01	7.4200e-27	5.4316e-08	4.0898e-04	6.2987e-02	2.9513e-01	1.6243e-08	1.0807e-04	3.9757e-02	5.7248e-01	3.3778e-01	4.7217e-02	2.8161e-33	0.00e+00	0.00e+00	6.7656e-04
6.07812e+14	1.4072e+04	1.994e-17	1.6681e+03	1.9531e+03	2.2109e-18	3.1670e-04	9.9968e-01	1.0931e-05	3.2285e-02	9.6770e-01	7.3955e-27	5.3843e-08	4.0856e-04	6.2966e-02	2.9598e-01	1.6233e-08	1.0817e-04	3.9912e-02	5.7305e-01	3.3731e-01	4.6984e-02	2.8060e-33	0.00e+00	0.00e+00	3.3792e-03
2.63385e+15	1.4016e+04	1.986e-17	1.6681e+03	1.9531e+03	2.2301e-18	3.1604e-04	9.9968e-01	1.0974e-05	3.2405e-02	9.6758e-01	7.4818e-27	5.3135e-08	4.1167e-04	6.3510e-02	2.9849e-01	1.6348e-08	1.0914e-04	4.0520e-02	5.7491e-01	3.3549e-01	4.6388e-02	2.8113e-33	0.00e+00	0.00e+00	1.4167e-02
1.07380e+16	1.3868e+04	1.968e-17	1.6681e+03	1.9529e+03	2.2573e-18	3.1451e-04	9.9969e-01	1.1206e-05	3.3108e-02	9.6688e-01	7.8716e-27	5.2504e-08	4.2651e-04	6.6034e-02	3.0673e-01	1.6873e-08	1.1307e-04	4.2873e-02	5.8126e-01	3.2865e-01	4.4654e-02	2.8177e-33	0.00e+00	0.00e+00	5.7109e-02
2.56497e+16	1.3443e+04	1.901e-17	1.6681e+03	1.9529e+03	2.2207e-18	3.0244e-04	9.9970e-01	1.1158e-05	3.3099e-02	9.6689e-01	7.4436e-27	4.7950e-08	4.3955e-04	6.8891e-02	3.2056e-01	1.6698e-08	1.1595e-04	4.6447e-02	5.9205e-01	3.1690e-01	4.2243e-02	2.4256e-33	0.00e+00	0.00e+00	1.1079e-01
4.20836e+16	1.3063e+04	1.846e-17	1.6681e+03	1.9529e+03	2.1505e-18	2.9031e-04	9.9971e-01	1.1163e-05	3.3418e-02	9.6657e-01	6.9086e-27	4.5295e-08	4.5389e-04	7.2276e-02	3.3409e-01	1.6412e-08	1.1843e-04	5.0225e-02	6.0256e-01	3.0520e-01	3.9827e-02	2.0317e-33	0.00e+00	0.00e+00	1.5974e-01
5.83524e+16	1.2800e+04	1.812e-17	1.6681e+03	1.9527e+03	2.0877e-18	2.8198e-04	9.9972e-01	1.1401e-05	3.4450e-02	9.6554e-01	6.7456e-27	4.5037e-08	4.7420e-04	7.6540e-02	3.4681e-01	1.6572e-08	1.2287e-04	5.4425e-02	6.1199e-01	2.9406e-01	3.7493e-02	1.7946e-33	0.00e+00	0.00e+00	2.0881e-01
7.73577e+16	1.2589e+04	1.790e-17	1.6681e+03	1.9524e+03	2.0511e-18	2.7643e-04	9.9972e-01	1.1999e-05	3.6525e-02	9.6346e-01	7.1304e-27	4.6979e-08	5.0802e-04	8.2840e-02	3.6177e-01	1.7471e-08	1.3182e-04	6.0315e-02	6.2230e-01	2.8079e-01	3.4726e-02	1.6977e-33	0.00e+00	0.00e+00	2.7134e-01
1.02065e+17	1.2379e+04	1.772e-17	1.6681e+03	1.9518e+03	1.9854e-18	2.7082e-04	9.9973e-01	1.3065e-05	4.0127e-02	9.5986e-01	7.8824e-27	5.0987e-08	5.6052e-04	9.2450e-02	3.8142e-01	1.9130e-08	1.4686e-04	6.9451e-02	6.3437e-01	2.6324e-01	3.1255e-02	1.6085e-33	0.00e+00	0.00e+00	3.5099e-01
1.29762e+17	1.2197e+04	1.759e-17	1.6681e+03	1.9510e+03	1.8695e-18	2.6309e-04	9.9974e-01	1.4552e-05	4.5396e-02	9.5459e-01	8.6728e-27	5.6115e-08	6.2447e-04	1.0482e-01	4.0336e-01	2.1134e-08	1.6648e-04	8.1987e-02	6.4541e-01	2.4345e-01	2.7657e-02	1.4872e-33	0.00e+00	0.00e+00	4.2708e-01
1.54904e+17	1.2102e+04	1.758e-17	1.6681e+03	1.9501e+03	1.7262e-18	2.5602e-04	9.9974e-01	1.6439e-05	5.2148e-02	9.4784e-01	9.5801e-27	6.2037e-08	6.9238e-04	1.1824e-01	4.2352e-01	2.3577e-08	1.9022e-04	9.6819e-02	6.5255e-01	2.2476e-01	2.4520e-02	1.3884e-33	0.00e+00	0.00e+00	4.8859e-01
1.75760e+17	1.2081e+04	1.765e-17	1.6681e+03	1.9489e+03	1.6163e-18	2.5110e-04	9.9975e-01	1.8693e-05	6.0017e-02	9.3996e-01	1.0959e-26	6.8627e-08	7.6174e-04	1.3158e-01	4.4088e-01	2.6651e-08	2.1832e-04	1.1308e-01	6.5567e-01	2.0810e-01	2.1907e-02	1.3863e-33	0.00e+00	0.00e+00	5.3855e-01
1.93591e+17	1.2095e+04	1.779e-17	1.6681e+03	1.9476e+03	1.5215e-18	2.4786e-04	9.9975e-01	2.1360e-05	6.9152e-02	9.3083e-01	1.2738e-26	7.5778e-08	8.3317e-04	1.4495e-01	4.5648e-01	3.0407e-08	2.5121e-04	1.3112e-01	6.5550e-01	1.9259e-01	1.9623e-02	1.4236e-33	0.00e+00	0.00e+00	5.8231e-01
2.09747e+17	1.2130e+04	1.798e-17	1.6681e+03	1.9461e+03	1.4479e-18	2.4557e-04	9.9975e-01	2.4623e-05	8.0205e-02	9.1977e-01	1.5120e-26	8.3585e-08	9.0874e-04	1.5886e-01	4.7131e-01	3.5015e-08	2.9063e-04	1.5206e-01	6.5204e-01	1.7729e-01	1.7504e-02	1.5152e-33	0.00e+00	0.00e+00	6.2251e-01
2.24665e+17	1.2188e+04	1.821e-17	1.6681e+03	1.9440e+03	1.3763e-18	2.4361e-04	9.9976e-01	2.8641e-05	9.3748e-02	9.0622e-01	1.8130e-26	9.2010e-08	9.8799e-04	1.7321e-01	4.8552e-01	4.0693e-08	3.3860e-04	1.7664e-01	6.4476e-01	1.6202e-01	1.5516e-02	1.6402e-33	0.00e+00	0.00e+00	6.5916e-01
2.38223e+17	1.2257e+04	1.849e-17	1.6681e+03	1.9415e+03	1.3112e-18	2.4202e-04	9.9976e-01	3.3518e-05	1.1020e-01	8.8977e-01	2.1752e-26	1.0066e-07	1.0681e-03	1.8769e-01	4.9902e-01	4.7398e-08	3.9486e-04	2.0506e-01	6.3334e-01	1.4689e-01	1.3666e-02	1.7910e-33	0.00e+00	0.00e+00	6.9186e-01
2.50359e+17	1.2337e+04	1.880e-17	1.6681e+03	1.9388e+03	1.2504e-18	2.4072e-04	9.9976e-01	3.9345e-05	1.2977e-01	8.7019e-01	2.6018e-26	1.0929e-07	1.1472e-03	2.0181e-01	5.1168e-01	5.5207e-08	4.5983e-04	2.3709e-01	6.1773e-01	1.3219e-01	1.1966e-02	1.9665e-33	0.00e+00	0.00e+00	7.2086e-01
2.61244e+17	1.2399e+04	1.917e-17	1.6681e+03	1.9364e+03	1.2083e-18	2.3931e-04	9.9976e-01	4.6160e-05	1.5303e-01	8.4692e-01	3.0569e-26	1.1759e-07	1.2198e-03	2.1559e-01	5.2368e-01	6.3114e-08	5.2771e-04	2.7288e-01	5.9792e-01	1.1779e-01	1.0391e-02	2.1617e-33	0.00e+00	0.00e+00	7.4689e-01
2.71137e+17	1.2469e+04	1.953e-17	1.6681e+03	1.9330e+03	1.1698e-18	2.3904e-04	9.9976e-01	5.4436e-05	1.8051e-01	8.1944e-01	3.6511e-26	1.2630e-07	1.2965e-03	2.2887e-01	5.3499e-01	7.3429e-08	6.1153e-04	3.1256e-01	5.7362e-01	1.0385e-01	8.9372e-03	2.4121e-33	0.00e+00	0.00e+00	7.7069e-01
2.80232e+17	1.2539e+04	1.988e-17	1.6681e+03	1.9287e+03	1.1380e-18	2.3902e-04	9.9976e-01	6.4168e-05	2.1287e-01	7.8707e-01	4.3296e-26	1.3474e-07	1.3696e-03	2.4147e-01	5.4578e-01	8.5029e-08	7.0486e-04	3.5609e-01	5.4488e-01	9.0369e-02	7.5981e-03	2.6981e-33	0.00e+00	0.00e+00	7.9267e-01
2.88658e+17	1.2584e+04	2.018e-17	1.6681e+03	1.9211e+03	1.1288e-18	2.4026e-04	9.9976e-01	7.5621e-05	2.5063e-01	7.4929e-01	5.2454e-26	1.4351e-07	1.4468e-03	2.5339e-01	5.5607e-01	9.9868e-08	8.1819e-04	4.0315e-01	5.1186e-01	7.7497e-02	6.3795e-03	3.1027e-33	0.00e+00	0.00e+00	8.1322e-01
2.96506e+17	1.2613e+04	2.047e-17	1.6681e+03	1.9157e+03	1.1204e-18	2.4139e-04	9.9976e-01	8.9058e-05	2.9444e-01	7.0547e-01	6.1655e-26	1.5177e-07	1.5164e-03	2.6472e-01	5.6584e-01	1.1485e-07	9.3331e-04	4.5327e-01	4.7502e-01	6.5259e-02	5.2628e-03	3.4824e-33	0.00e+00	0.00e+00	8.3247e-01
3.03531e+17	1.2619e+04	2.068e-17	1.6681e+03	1.9082e+03	1.1242e-18	2.4258e-04	9.9976e-01	1.0319e-04	3.4139e-01	6.5850e-01	7.0793e-26	1.5862e-07	1.5748e-03	2.7458e-01	5.7457e-01	1.2954e-07	1.0455e-03	5.0249e-01	4.3735e-01	5.4574e-02	4.3281e-03	3.8692e-33	0.00e+00	0.00e+00	8.4901e-01
3.09848e+17	1.2596e+04	2.078e-17	1.6681e+03	1.9011e+03	1.1429e-18	2.4456e-04	9.9976e-01	1.1820e-04	3.9016e-01	6.0973e-01	8.0782e-26	1.6535e-07	1.6309e-03	2.8343e-01	5.8228e-01	1.4490e-07	1.1584e-03	5.4978e-01	4.0006e-01	4.5302e-02	3.5413e-03	4.2932e-33	0.00e+00	0.00e+00	8.6487e-01
3.16932e+17	1.2525e+04	2.075e-17	1.6681e+03	1.8926e+03	1.1870e-18	2.4810e-04	9.9975e-01	1.3743e-04	4.5069e-01	5.4917e-01	9.4433e-26	1.7370e-07	1.6982e-03	2.9323e-01	5.9039e-01	1.6460e-07	1.2961e-03	6.0420e-01	3.5593e-01	3.5694e-02	2.7497e-03	4.8686e-33	0.00e+00	0.00e+00	8.8579e-01
3.24380e+17	1.2416e+04	2.056e-17	1.6681e+03	1.8829e+03	1.2495e-18	2.5206e-04	9.9975e-01	1.5923e-04	5.1915e-01	4.8069e-01	1.0905e-25	1.8155e-07	1.7621e-03	3.0264e-01	5.9781e-01	1.8536e-07	1.4378e-03	6.6000e-01	3.0927e-01	2.7121e-02	2.0689e-03	5.4876e-33	0.00e+00	0.00e+00	9.0408e-01
3.30810e+17	1.2280e+04	2.023e-17	1.6681e+03	1.8741e+03	1.3244e-18	2.5634e-04	9.9974e-01	1.7902e-04	5.7971e-01	4.2011e-01	1.2283e-25	1.8855e-07	1.8183e-03	3.1039e-01	6.0321e-01	2.0416e-07	1.5597e-03	7.0583e-01	2.7004e-01	2.0915e-02	1.5893e-03	6.0459e-33	0.00e+00	0.00e+00	9.2020e-01
3.37677e+17	1.2091e+04	1.971e-17	1.6681e+03	1.8652e+03	1.4442e-18	2.6223e-04	9.9974e-01	2.0048e-04	6.4190e-01	3.5790e-01	1.4088e-25	1.9704e-07	1.8838e-03	3.1847e-01	6.0753e-01	2.2567e-07	1.6893e-03	7.5045e-01	2.3106e-01	1.5568e-02	1.1840e-03	6.8030e-33	0.00e+00	0.00e+00	9.4163e-01
3.45265e+17	1.1864e+04	1.904e-17	1.6681e+03	1.8563e+03	1.5964e-18	2.6886e-04	9.9973e-01	2.2248e-04	7.0352e-01	2.9626e-01	1.6042e-25	2.0596e-07	1.9515e-03	3.2654e-01	6.1056e-01	2.4777e-07	1.8153e-03	7.9215e-01	1.9386e-01	1.1271e-02	8.6459e-04	7.5912e-33	0.00e+00	0.00e+00	9.6262e-01
3.52329e+17	1.1642e+04	1.837e-17	1.6681e+03	1.8491e+03	1.7517e-18	2.7532e-04	9.9972e-01	2.4108e-04	7.5297e-01	2.4679e-01	1.7817e-25	2.1438e-07	2.0139e-03	3.3352e-01	6.1191e-01	2.6738e-07	1.9200e-03	8.2442e-01	1.6457e-01	8.4068e-03	6.5346e-04	8.2204e-33	0.00e+00	0.00e+00	9.8209e-01
3.60051e+17	1.1399e+04	1.761e-17	1.6681e+03	1.8426e+03	1.9657e-18	2.8297e-04	9.9972e-01	2.5956e-04	7.9828e-01	2.0147e-01	2.0129e-25	2.2438e-07	2.0848e-03	3.4080e-01	6.1198e-01	2.8886e-07	2.0256e-03	8.5359e-01	1.3769e-01	6.1793e-03	4.8845e-04	9.1191e-33	0.00e+00	0.00e+00	1.0081e+00
3.68684e+17	1.1144e+04	1.685e-17	1.6681e+03	1.8369e+03	2.2088e-18	2.9108e-04	9.9971e-01	2.7684e-04	8.3782e-01	1.6190e-01	2.2470e-25	2.3496e-07	2.1584e-03	3.4812e-01	6.1083e-01	3.1012e-07	2.1232e-03	8.7863e-01	1.1430e-01	4.5654e-03	3.6709e-04	9.9220e-33	0.00e+00	0.00e+00	1.0343e+00
3.78502e+17	1.0885e+04	1.608e-17	1.6681e+03	1.8319e+03	2.5156e-18	3.0033e-04	9.9970e-01	2.9355e-04	8.7241e-01	1.2729e-01	2.5359e-25	2.4724e-07	2.2404e-03	3.5576e-01	6.0852e-01	3.3329e-07	2.2206e-03	9.0072e-01	9.3397e-02	3.3772e-03	2.7428e-04	1.0944e-32	0.00e+00	0.00e+00	1.0694e+00
3.89552e+17	1.0647e+04	1.537e-17	1.6681e+03	1.8279e+03	2.8316e-18	3.0956e-04	9.9969e-01	3.0808e-04	9.0030e-01	9.9397e-02	2.8078e-25	2.5946e-07	2.3198e-03	3.6304e-01	6.0548e-01	3.5533e-07	2.3061e-03	9.1862e-01	7.6272e-02	2.5851e-03	2.0870e-04	1.1778e-32	0.00e+00	0.00e+00	1.1052e+00
4.02202e+17	1.0420e+04	1.471e-17	1.6681e+03	1.8245e+03	3.2089e-18	3.1994e-04	9.9968e-01	3.2178e-04	9.2328e-01	7.6402e-02	3.1348e-25	2.7329e-07	2.4060e-03	3.7047e-01	6.0160e-01	3.7928e-07	2.3899e-03	9.3382e-01	6.1589e-02	2.0356e-03	1.5903e-04	1.2820e-32	0.00e+00	0.00e+00	1.1534e+00
4.18648e+17	1.0197e+04	1.407e-17	1.6681e+03	1.8216e+03	3.6603e-18	3.3234e-04	9.9967e-01	3.3542e-04	9.4333e-01	5.6336e-02	3.5192e-25	2.8961e-07	2.5033e-03	3.7856e-01	5.9669e-01	4.0683e-07	2.4756e-03	9.4749e-01	4.8277e-02	1.6393e-03	1.1868e-04	1.3976e-32	0.00e+00	0.00e+00	1.2185e+00
4.40027e+17	9.9947e+03	1.350e-17	1.6681e+03	1.8192e+03	4.1991e-18	3.4721e-04	9.9965e-01	3.4856e-04	9.5967e-01	3.9977e-02	3.9861e-25	3.0858e-07	2.6105e-03	3.8711e-01	5.9086e-01	4.3859e-07	2.5607e-03	9.5908e-01	3.6890e-02	1.3744e-03	8.7137e-05	1.5430e-32	0.00e+00	0.00e+00	1.3068e+00
4.67820e+17	9.8296e+03	1.304e-17	1.6681e+03	1.8174e+03	4.8055e-18	3.6544e-04	9.9963e-01	3.6101e-04	9.7218e-01	2.7457e-02	4.5478e-25	3.3073e-07	2.7274e-03	3.9602e-01	5.8421e-01	4.7612e-07	2.6438e-03	9.6842e-01	2.7668e-02	1.2069e-03	6.3242e-05	1.7209e-32	0.00e+00	0.00e+00	1.4278e+00
5.03952e+17	9.7160e+03	1.271e-17	1.6681e+03	1.8160e+03	5.4553e-18	3.8877e-04	9.9961e-01	3.7302e-04	9.8125e-01	1.8378e-02	5.2296e-25	3.5738e-07	2.8569e-03	4.0534e-01	5.7674e-01	5.2292e-07	2.7267e-03	9.7559e-01	2.0534e-02	1.1026e-03	4.5566e-05	1.9328e-32	0.00e+00	0.00e+00	1.5950e+00
5.50592e+17	9.6646e+03	1.254e-17	1.6681e+03	1.8150e+03	6.2318e-18	4.2018e-04	9.9958e-01	3.8538e-04	9.8750e-01	1.2112e-02	6.1918e-25	3.9069e-07	3.0052e-03	4.1528e-01	5.6829e-01	5.8524e-07	2.8125e-03	9.8087e-01	1.5247e-02	1.0353e-03	3.2826e-05	2.2676e-32	0.00e+00	0.00e+00	1.8270e+00
6.05651e+17	9.6879e+03	1.256e-17	1.6681e+03	1.8144e+03	7.0732e-18	4.6108e-04	9.9954e-01	3.9756e-04	9.9139e-01	8.2115e-03	7.4645e-25	4.3010e-07	3.1656e-03	4.2526e-01	5.5946e-01	6.6687e-07	2.9000e-03	9.8435e-01	1.1735e-02	9.9144e-04	2.4456e-05	2.7401e-32	0.00e+00	0.00e+00	2.1071e+00
6.66217e+17	9.7842e+03	1.274e-17	1.6681e+03	1.8140e+03	8.0735e-18	5.1374e-04	9.9949e-01	4.1111e-04	9.9375e-01	5.8409e-03	9.3489e-25	4.7719e-07	3.3441e-03	4.3526e-01	5.5035e-01	7.7615e-07	2.9948e-03	9.8661e-01	9.4120e-03	9.5971e-04	1.8922e-05	3.5091e-32	0.00e+00	0.00e+00	2.4503e+00
7.32838e+17	9.9387e+03	1.307e-17	1.6681e+03	1.8136e+03	9.3907e-18	5.8433e-04	9.9942e-01	4.2711e-04	9.9526e-01	4.3105e-03	1.2378e-24	5.3681e-07	3.5607e-03	4.4614e-01	5.4019e-01	9.3298e-07	3.1110e-03	9.8817e-01	7.7707e-03	9.3327e-04	1.4985e-05	4.8202e-32	0.00e+00	0.00e+00	2.8798e+00
8.06122e+17	1.0129e+04	1.359e-17	1.6681e+03	1.8133e+03	1.0819e-17	6.8352e-04	9.9932e-01	4.4726e-04	9.9628e-01	3.2733e-03	1.7037e-24	6.1711e-07	3.8483e-03	4.5917e-01	5.2776e-01	1.1760e-06	3.2700e-03	9.8927e-01	6.5393e-03	9.0839e-04	1.1989e-05	6.5907e-32	0.00e+00	0.00e+00	3.4324e+00
8.78430e+17	1.0401e+04	1.424e-17	1.6681e+03	1.8130e+03	1.3461e-17	8.1007e-04	9.9919e-01	4.7181e-04	9.9690e-01	2.6327e-03	2.6177e-24	7.1014e-07	4.1730e-03	4.7213e-01	5.1522e-01	1.5254e-06	3.4644e-03	9.8993e-01	5.7001e-03	8.9008e-04	9.8862e-06	1.1103e-31	0.00e+00	0.00e+00	4.0111e+00
9.39834e+17	1.0628e+04	1.491e-17	1.6681e+03	1.8127e+03	1.6599e-17	9.5265e-04	9.9905e-01	4.9716e-04	9.9725e-01	2.2524e-03	3.9890e-24	8.1200e-07	4.5346e-03	4.8532e-01	5.0228e-01	1.9785e-06	3.6916e-03	9.9029e-01	5.1340e-03	8.7524e-04	8.4334e-06	1.8018e-31	0.00e+00	0.00e+00	4.5625e+00
9.90738e+17	1.0840e+04	1.552e-17	1.6681e+03	1.8124e+03	2.0366e-17	1.0998e-03	9.9890e-01	5.2375e-04	9.9746e-01	2.0123e-03	6.0209e-24	9.1549e-07	4.9064e-03	4.9778e-01	4.8996e-01	2.5193e-06	3.9333e-03	9.9047e-01	4.7175e-03	8.6388e-04	7.3718e-06	2.9207e-31	0.00e+00	0.00e+00	5.1049e+00
1.03690e+18	1.1034e+04	1.609e-17	1.6681e+03	1.8121e+03	2.4912e-17	1.2616e-03	9.9874e-01	5.5337e-04	9.9762e-01	1.8297e-03	9.1187e-24	1.0304e-06	5.3248e-03	5.1092e-01	4.7687e-01	3.2053e-06	4.2095e-03	9.9058e-01	4.3503e-03	8.5323e-04	6.4715e-06	4.6991e-31	0.00e+00	0.00e+00	5.7091e+00
1.08919e+18	1.1246e+04	1.675e-17	1.6681e+03	1.8117e+03	3.2012e-17	1.4824e-03	9.9852e-01	5.9418e-04	9.9776e-01	1.6436e-03	1.5374e-23	1.1921e-06	5.9195e-03	5.2849e-01	4.5925e-01	4.3060e-06	4.6025e-03	9.9062e-01	3.9236e-03	8.3990e-04	5.4984e-06	8.4604e-31	0.00e+00	0.00e+00	6.6318e+00
1.14695e+18	1.1492e+04	1.756e-17	1.6681e+03	1.8111e+03	4.3238e-17	1.8003e-03	9.9820e-01	6.5089e-04	9.9788e-01	1.4687e-03	2.9266e-23	1.4202e-06	6.7679e-03	5.5083e-01	4.3666e-01	6.2433e-06	5.2005e-03	9.9046e-01	3.5011e-03	8.2651e-04	4.5484e-06	1.7177e-30	0.00e+00	0.00e+00	7.7011e+00
1.19642e+18	1.1712e+04	1.833e-17	1.6681e+03	1.8104e+03	5.8238e-17	2.1689e-03	9.9783e-01	7.1601e-04	9.9793e-01	1.3543e-03	5.5820e-23	1.6841e-06	7.7590e-03	5.7370e-01	4.1334e-01	9.0638e-06	5.9414e-03	9.9007e-01	3.1595e-03	8.1564e-04	3.8025e-06	3.4612e-30	0.00e+00	0.00e+00	8.6723e+00
1.23348e+18	1.1873e+04	1.894e-17	1.6681e+03	1.8099e+03	7.7839e-17	2.5255e-03	9.9747e-01	7.7898e-04	9.9793e-01	1.2873e-03	1.0025e-22	1.9453e-06	8.7417e-03	5.9388e-01	3.9260e-01	1.2434e-05	6.7038e-03	9.8957e-01	2.9021e-03	8.0697e-04	3.2719e-06	6.7373e-30	0.00e+00	0.00e+00	9.5128e+00
1.26321e+18	1.1988e+04	1.946e-17	1.6681e+03	1.8092e+03	9.5717e-17	2.8738e-03	9.9713e-01	8.4130e-04	9.9792e-01	1.2412e-03	1.6084e-22	2.2069e-06	9.7312e-03	6.1228e-01	3.7355e-01	1.6388e-05	7.4905e-03	9.8901e-01	2.6844e-03	7.9897e-04	2.8588e-06	1.0908e-29	0.00e+00	0.00e+00	1.0356e+01
1.29526e+18	1.2138e+04	1.996e-17	1.6681e+03	1.8084e+03	1.1964e-16	3.3077e-03	9.9669e-01	9.2037e-04	9.9789e-01	1.1875e-03	2.7491e-22	2.5443e-06	1.1004e-02	6.3395e-01	3.5099e-01	2.2327e-05	8.5254e-03	9.8822e-01	2.4364e-03	7.9016e-04	2.4378e-06	1.8770e-29	0.00e+00	0.00e+00	1.1618e+01
1.32907e+18	1.2254e+04	2.063e-17	1.6681e+03	1.8075e+03	1.6853e-16	3.9131e-03	9.9609e-01	1.0257e-03	9.9786e-01	1.1154e-03	5.5491e-22	3.0118e-06	1.2770e-02	6.5978e-01	3.2382e-01	3.2549e-05	1.0063e-02	9.8695e-01	2.1750e-03	7.7936e-04	2.0145e-06	4.0656e-29	0.00e+00	0.00e+00	1.2911e+01
1.35568e+18	1.2365e+04	2.117e-17	1.6681e+03	1.8067e+03	2.2470e-16	4.5272e-03	9.9547e-01	1.1334e-03	9.9779e-01	1.0787e-03	1.0293e-21	3.5003e-06	1.4588e-02	6.8234e-01	2.9977e-01	4.5651e-05	1.1764e-02	9.8544e-01	1.9745e-03	7.7093e-04	1.7067e-06	7.9166e-29	0.00e+00	0.00e+00	1.3952e+01
1.37094e+18	1.2447e+04	2.149e-17	1.6681e+03	1.8056e+03	2.7246e-16	4.9692e-03	9.9503e-01	1.2112e-03	9.9771e-01	1.0742e-03	1.5491e-21	3.8335e-06	1.5903e-02	6.9621e-01	2.8479e-01	5.7034e-05	1.3091e-02	9.8422e-01	1.8658e-03	7.6665e-04	1.5403e-06	1.2391e-28	0.00e+00	0.00e+00	1.4407e+01
1.37813e+18	1.2473e+04	2.163e-17	1.6681e+03	1.8051e+03	2.9765e-16	5.1863e-03	9.9481e-01	1.2521e-03	9.9765e-01	1.0982e-03	1.8737e-21	4.0129e-06	1.6581e-02	7.0293e-01	2.7749e-01	6.3248e-05	1.3768e-02	9.8358e-01	1.8177e-03	7.6401e-04	1.4680e-06	1.5188e-28	0.00e+00	0.00e+00	1.4717e+01
1.38466e+18	1.2494e+04	2.176e-17	1.6681e+03	1.8048e+03	3.2288e-16	5.3873e-03	9.9461e-01	1.2893e-03	9.9760e-01	1.1067e-03	2.2263e-21	4.1823e-06	1.7219e-02	7.0923e-01	2.7063e-01	6.9302e-05	1.4396e-02	9.8301e-01	1.7668e-03	7.6122e-04	1.4008e-06	1.8282e-28	0.00e+00	0.00e+00	1.5135e+01
1.39314e+18	1.2516e+04	2.193e-17	1.6681e+03	1.8043e+03	3.6135e-16	5.6675e-03	9.9433e-01	1.3404e-03	9.9756e-01	1.0973e-03	2.8113e-21	4.4176e-06	1.8109e-02	7.1758e-01	2.6150e-01	7.8314e-05	1.5287e-02	9.8218e-01	1.6973e-03	7.5733e-04	1.3136e-06	2.3568e-28	0.00e+00	0.00e+00	1.5708e+01
1.40417e+18	1.2561e+04	2.213e-17	1.6681e+03	1.8036e+03	4.1386e-16	6.0606e-03	9.9394e-01	1.4124e-03	9.9751e-01	1.0741e-03	3.8015e-21	4.7537e-06	1.9363e-02	7.2855e-01	2.4942e-01	9.2267e-05	1.6591e-02	9.8096e-01	1.6070e-03	7.5258e-04	1.2054e-06	3.2381e-28	0.00e+00	0.00e+00	1.6504e+01
1.41614e+18	1.2570e+04	2.243e-17	1.6681e+03	1.8031e+03	4.9555e-16	6.5669e-03	9.9343e-01	1.5043e-03	9.9745e-01	1.0413e-03	5.4917e-21	5.1844e-06	2.0956e-02	7.4098e-01	2.3555e-01	1.1221e-04	1.8316e-02	9.7932e-01	1.5081e-03	7.4589e-04	1.0882e-06	4.8141e-28	0.00e+00	0.00e+00	1.7297e+01
1.42627e+18	1.2620e+04	2.263e-17	1.6681e+03	1.8021e+03	5.7115e-16	7.0470e-03	9.9295e-01	1.5906e-03	9.9738e-01	1.0273e-03	7.5616e-21	5.5854e-06	2.2474e-02	7.5156e-01	2.2359e-01	1.3392e-04	2.0068e-02	9.7763e-01	1.4281e-03	7.4130e-04	9.9605e-07	6.7399e-28	0.00e+00	0.00e+00	1.7949e+01
1.43383e+18	1.2638e+04	2.281e-17	1.6681e+03	1.8013e+03	6.3733e-16	7.4475e-03	9.9255e-01	1.6645e-03	9.9731e-01	1.0243e-03	9.6716e-21	5.9254e-06	2.3753e-02	7.5964e-01	2.1433e-01	1.5387e-04	2.1578e-02	9.7616e-01	1.3692e-03	7.3707e-04	9.2912e-07	8.6601e-28	0.00e+00	0.00e+00	1.8445e+01
1.44001e+18	1.2648e+04	2.294e-17	1.6681e+03	1.8007e+03	7.0286e-16	7.7929e-03	9.9221e-01	1.7286e-03	9.9725e-01	1.0246e-03	1.1939e-20	6.2208e-06	2.4876e-02	7.6632e-01	2.0661e-01	1.7251e-04	2.2915e-02	9.7486e-01	1.3207e-03	7.3326e-04	8.7647e-07	1.0812e-27	0.00e+00	0.00e+00	1.8940e+01
1.44695e+18	1.2654e+04	2.310e-17	1.6681e+03	1.8001e+03	7.8455e-16	8.2002e-03	9.9180e-01	1.8054e-03	9.9718e-01	1.0182e-03	1.5131e-20	6.5887e-06	2.6215e-02	7.7388e-01	1.9781e-01	1.9617e-04	2.4524e-02	9.7329e-01	1.2650e-03	7.2854e-04	8.1915e-07	1.3846e-27	0.00e+00	0.00e+00	1.9617e+01
1.45596e+18	1.2686e+04	2.328e-17	1.6681e+03	1.7990e+03	8.9640e-16	8.7782e-03	9.9122e-01	1.9126e-03	9.9709e-01	9.9959e-04	2.0608e-20	7.0936e-06	2.8106e-02	7.8365e-01	1.8626e-01	2.3341e-04	2.6908e-02	9.7094e-01	1.1921e-03	7.2278e-04	7.4780e-07	1.8933e-27	0.00e+00	0.00e+00	2.0559e+01
1.46476e+18	1.2689e+04	2.353e-17	1.6681e+03	1.7980e+03	1.0588e-15	9.4652e-03	9.9053e-01	2.0377e-03	9.9699e-01	9.7387e-04	2.9278e-20	7.6797e-06	3.0291e-02	7.9335e-01	1.7450e-01	2.8280e-04	2.9839e-02	9.6804e-01	1.1195e-03	7.1577e-04	6.7708e-07	2.7462e-27	0.00e+00	0.00e+00	2.1297e+01
1.47093e+18	1.2694e+04	2.368e-17	1.6681e+03	1.7972e+03	1.1850e-15	9.9931e-03	9.9001e-01	2.1370e-03	9.9689e-01	9.7028e-04	3.7609e-20	8.1534e-06	3.2009e-02	8.0005e-01	1.6616e-01	3.2552e-04	3.2227e-02	9.6567e-01	1.0712e-03	7.1061e-04	6.3068e-07	3.5500e-27	0.00e+00	0.00e+00	2.1818e+01
1.47574e+18	1.2702e+04	2.378e-17	1.6681e+03	1.7963e+03	1.2921e-15	1.0420e-02	9.8958e-01	2.2182e-03	9.9681e-01	9.7118e-04	4.5691e-20	8.5326e-06	3.3423e-02	8.0519e-01	1.5967e-01	3.6301e-04	3.4218e-02	9.6368e-01	1.0341e-03	7.0652e-04	5.9655e-07	4.3310e-27	0.00e+00	0.00e+00	2.2328e+01
1.48109e+18	1.2702e+04	2.390e-17	1.6681e+03	1.7956e+03	1.4270e-15	1.0920e-02	9.8908e-01	2.3141e-03	9.9672e-01	9.6673e-04	5.6900e-20	8.9859e-06	3.5092e-02	8.1091e-01	1.5235e-01	4.1002e-04	3.6590e-02	9.6131e-01	9.9200e-04	7.0144e-04	5.5954e-07	5.4200e-27	0.00e+00	0.00e+00	2.3024e+01
1.48805e+18	1.2701e+04	2.407e-17	1.6681e+03	1.7946e+03	1.6363e-15	1.1634e-02	9.8837e-01	2.4502e-03	9.9660e-01	9.5250e-04	7.6686e-20	9.6344e-06	3.7455e-02	8.1821e-01	1.4278e-01	4.8341e-04	4.0080e-02	9.5780e-01	9.3669e-04	6.9431e-04	5.1272e-07	7.3775e-27	0.00e+00	0.00e+00	2.3988e+01
1.49506e+18	1.2699e+04	2.427e-17	1.6681e+03	1.7933e+03	1.9022e-15	1.2491e-02	9.8751e-01	2.6104e-03	9.9646e-01	9.3233e-04	1.0665e-19	1.0390e-05	4.0216e-02	8.2539e-01	1.3292e-01	5.8194e-04	4.4450e-02	9.5340e-01	8.7979e-04	6.8628e-04	4.6541e-07	1.0358e-26	0.00e+00	0.00e+00	2.4799e+01
1.50029e+18	1.2698e+04	2.440e-17	1.6681e+03	1.7919e+03	2.1307e-15	1.3203e-02	9.8680e-01	2.7456e-03	9.9633e-01	9.2579e-04	1.3768e-19	1.1018e-05	4.2532e-02	8.3055e-01	1.2553e-01	6.7355e-04	4.8266e-02	9.4954e-01	8.3843e-04	6.7986e-04	4.3170e-07	1.3400e-26	0.00e+00	0.00e+00	2.5396e+01
1.50439e+18	1.2696e+04	2.449e-17	1.6681e+03	1.7907e+03	2.3281e-15	1.3785e-02	9.8621e-01	2.8588e-03	9.9622e-01	9.2402e-04	1.6826e-19	1.1541e-05	4.4465e-02	8.3442e-01	1.1977e-01	7.5524e-04	5.1500e-02	9.4626e-01	8.0691e-04	6.7456e-04	4.0685e-07	1.6388e-26	0.00e+00	0.00e+00	2.5963e+01
1.50889e+18	1.2687e+04	2.459e-17	1.6681e+03	1.7893e+03	2.5610e-15	1.4458e-02	9.8554e-01	2.9902e-03	9.9609e-01	9.1882e-04	2.0905e-19	1.2140e-05	4.6700e-02	8.3855e-01	1.1346e-01	8.5634e-04	5.5293e-02	9.4241e-01	7.7217e-04	6.6830e-04	3.8058e-07	2.0268e-26	0.00e+00	0.00e+00	2.6737e+01
1.51473e+18	1.2672e+04	2.474e-17	1.6681e+03	1.7878e+03	2.9604e-15	1.5422e-02	9.8458e-01	3.1776e-03	9.9592e-01	9.0596e-04	2.8464e-19	1.3016e-05	4.9875e-02	8.4364e-01	1.0527e-01	1.0150e-03	6.0889e-02	9.3671e-01	7.2673e-04	6.5922e-04	3.4730e-07	2.7946e-26	0.00e+00	0.00e+00	2.7809e+01
1.52059e+18	1.2652e+04	2.493e-17	1.6681e+03	1.7864e+03	3.4698e-15	1.6582e-02	9.8342e-01	3.3998e-03	9.9571e-01	8.8810e-04	4.0004e-19	1.4061e-05	5.3592e-02	8.4833e-01	9.6947e-02	1.2287e-03	6.7895e-02	9.2955e-01	6.7988e-04	6.4859e-04	3.1358e-07	3.9728e-26	0.00e+00	0.00e+00	2.8700e+01
1.52490e+18	1.2653e+04	2.502e-17	1.6681e+03	1.7840e+03	3.8520e-15	1.7530e-02	9.8247e-01	3.5833e-03	9.9554e-01	8.8144e-04	5.1300e-19	1.4875e-05	5.6652e-02	8.5141e-01	9.0861e-02	1.4257e-03	7.3964e-02	9.2332e-01	6.4615e-04	6.4062e-04	2.9008e-07	5.0507e-26	0.00e+00	0.00e+00	2.9353e+01
1.52829e+18	1.2634e+04	2.511e-17	1.6681e+03	1.7826e+03	4.2432e-15	1.8319e-02	9.8168e-01	3.7411e-03	9.9538e-01	8.7786e-04	6.3121e-19	1.5596e-05	5.9246e-02	8.5360e-01	8.6123e-02	1.6026e-03	7.9109e-02	9.1803e-01	6.2020e-04	6.3341e-04	2.7235e-07	6.2357e-26	0.00e+00	0.00e+00	2.9976e+01
1.53200e+18	1.2613e+04	2.520e-17	1.6681e+03	1.7812e+03	4.7314e-15	1.9223e-02	9.8078e-01	3.9223e-03	9.9521e-01	8.7224e-04	7.9461e-19	1.6409e-05	6.2230e-02	8.5578e-01	8.0996e-02	1.8206e-03	8.5128e-02	9.1183e-01	5.9219e-04	6.2509e-04	2.5392e-07	7.9073e-26	0.00e+00	0.00e+00	3.0826e+01
1.53683e+18	1.2602e+04	2.529e-17	1.6681e+03	1.7788e+03	5.4037e-15	2.0502e-02	9.7950e-01	4.1781e-03	9.9496e-01	8.6120e-04	1.0711e-18	1.7570e-05	6.6406e-02	8.5819e-01	7.4470e-02	2.1610e-03	9.3985e-02	9.0268e-01	5.5615e-04	6.1382e-04	2.3105e-07	1.0659e-25	0.00e+00	0.00e+00	3.2005e+01
1.54173e+18	1.2563e+04	2.547e-17	1.6681e+03	1.7761e+03	6.3788e-15	2.2119e-02	9.7788e-01	4.4919e-03	9.9466e-01	8.4445e-04	1.5179e-18	1.8963e-05	7.1448e-02	8.5999e-01	6.7699e-02	2.6357e-03	1.0531e-01	8.9093e-01	5.1709e-04	5.9958e-04	2.0666e-07	1.5207e-25	0.00e+00	0.00e+00	3.3016e+01
1.54543e+18	1.2528e+04	2.560e-17	1.6681e+03	1.7745e+03	7.3545e-15	2.3501e-02	9.7650e-01	4.7675e-03	9.9440e-01	8.3541e-04	2.0263e-18	2.0201e-05	7.5815e-02	8.6073e-01	6.2632e-02	3.0895e-03	1.1539e-01	8.8044e-01	4.8795e-04	5.8722e-04	1.8885e-07	2.0617e-25	0.00e+00	0.00e+00	3.3771e+01
1.54836e+18	1.2515e+04	2.565e-17	1.6681e+03	1.7721e+03	8.0810e-15	2.4632e-02	9.7537e-01	4.9980e-03	9.9417e-01	8.3070e-04	2.5069e-18	2.1193e-05	7.9452e-02	8.6099e-01	5.8770e-02	3.5001e-03	1.2404e-01	8.7141e-01	4.6600e-04	5.7753e-04	1.7597e-07	2.5386e-25	0.00e+00	0.00e+00	3.4498e+01
1.55158e+18	1.2473e+04	2.574e-17	1.6681e+03	1.7702e+03	9.1454e-15	2.5973e-02	9.7403e-01	5.2747e-03	9.9390e-01	8.2326e-04	3.2177e-18	2.2402e-05	8.3754e-02	8.6094e-01	5.4565e-02	4.0179e-03	1.3425e-01	8.6072e-01	4.4204e-04	5.6550e-04	1.6218e-07	3.2833e-25	0.00e+00	0.00e+00	3.5496e+01
1.55578e+18	1.2435e+04	2.585e-17	1.6681e+03	1.7677e+03	1.0759e-14	2.7918e-02	9.7208e-01	5.6706e-03	9.9352e-01	8.1094e-04	4.5040e-18	2.4131e-05	8.9861e-02	8.6021e-01	4.9230e-02	4.8456e-03	1.4945e-01	8.4474e-01	4.1090e-04	5.4858e-04	1.4491e-07	4.6455e-25	0.00e+00	0.00e+00	3.6890e+01
1.56005e+18	1.2395e+04	2.600e-17	1.6681e+03	1.7640e+03	1.2944e-14	3.0376e-02	9.6962e-01	6.1570e-03	9.9305e-01	7.9466e-04	6.6009e-18	2.6194e-05	9.7243e-02	8.5832e-01	4.3798e-02	6.0144e-03	1.6899e-01	8.2409e-01	3.7740e-04	5.2795e-04	1.2686e-07	6.8825e-25	0.00e+00	0.00e+00	3.8105e+01
1.56331e+18	1.2353e+04	2.610e-17	1.6681e+03	1.7601e+03	1.5034e-14	3.2548e-02	9.6745e-01	6.5957e-03	9.9262e-01	7.8398e-04	8.9821e-18	2.7989e-05	1.0377e-01	8.5590e-01	3.9728e-02	7.1707e-03	1.8668e-01	8.0528e-01	3.5188e-04	5.1005e-04	1.1355e-07	9.3931e-25	0.00e+00	0.00e+00	3.9039e+01
1.56595e+18	1.2331e+04	2.611e-17	1.6681e+03	1.7551e+03	1.6773e-14	3.4375e-02	9.6562e-01	6.9763e-03	9.9225e-01	7.7673e-04	1.1397e-17	2.9470e-05	1.0936e-01	8.5345e-01	3.6615e-02	8.2481e-03	2.0215e-01	7.8878e-01	3.3255e-04	4.9541e-04	1.0384e-07	1.1829e-24	0.00e+00	0.00e+00	3.9967e+01
1.56890e+18	1.2278e+04	2.618e-17	1.6681e+03	1.7517e+03	1.9474e-14	3.6643e-02	9.6336e-01	7.4497e-03	9.9178e-01	7.6709e-04	1.5235e-17	3.1377e-05	1.1621e-01	8.5006e-01	3.3198e-02	9.6707e-03	2.2090e-01	7.6864e-01	3.1099e-04	4.7690e-04	9.3224e-08	1.5977e-24	0.00e+00	0.00e+00	4.1253e+01
1.57273e+18	1.2222e+04	2.626e-17	1.6681e+03	1.7459e+03	2.3560e-14	4.0017e-02	9.5998e-01	8.1444e-03	9.9110e-01	7.5274e-04	2.2337e-17	3.4118e-05	1.2606e-01	8.4451e-01	2.8940e-02	1.2005e-02	2.4887e-01	7.3839e-01	2.8315e-04	4.5054e-04	1.1755e-36	2.3495e-24	0.00e+00	0.00e+00	4.3079e+01
1.57670e+18	1.2155e+04	2.639e-17	1.6681e+03	1.7379e+03	2.9858e-14	4.4521e-02	9.5548e-01	9.0412e-03	9.9022e-01	7.3402e-04	3.5276e-17	3.7498e-05	1.3845e-01	8.3649e-01	2.4613e-02	1.5477e-02	2.8537e-01	6.9848e-01	2.5257e-04	4.1740e-04	1.1755e-36	3.7696e-24	0.00e+00	0.00e+00	4.4762e+01
1.57973e+18	1.2082e+04	2.651e-17	1.6681e+03	1.7330e+03	3.7246e-14	4.8790e-02	9.5121e-01	9.9129e-03	9.8937e-01	7.1948e-04	5.2733e-17	4.0807e-05	1.5011e-01	8.2810e-01	2.1379e-02	1.9136e-02	3.1903e-01	6.6122e-01	2.2871e-04	3.8713e-04	1.1755e-36	5.8097e-24	0.00e+00	0.00e+00	4.6037e+01
1.58202e+18	1.2040e+04	2.648e-17	1.6681e+03	1.7250e+03	4.2716e-14	5.2251e-02	9.4775e-01	1.0640e-02	9.8865e-01	7.1052e-04	6.9264e-17	4.3266e-05	1.5960e-01	8.2089e-01	1.9126e-02	2.2408e-02	3.4637e-01	6.3065e-01	2.1199e-04	3.6407e-04	1.1755e-36	7.5467e-24	0.00e+00	0.00e+00	4.7193e+01
1.58444e+18	1.1971e+04	2.650e-17	1.6681e+03	1.7197e+03	5.1319e-14	5.6290e-02	9.4371e-01	1.1501e-02	9.8780e-01	6.9999e-04	9.5548e-17	4.6341e-05	1.7056e-01	8.1221e-01	1.6865e-02	2.6437e-02	3.7642e-01	5.9661e-01	1.9497e-04	3.3820e-04	1.1755e-36	1.0666e-23	0.00e+00	0.00e+00	4.8812e+01
1.58758e+18	1.1901e+04	2.653e-17	1.6681e+03	1.7112e+03	6.4615e-14	6.2565e-02	9.3744e-01	1.2789e-02	9.8653e-01	6.8447e-04	1.4524e-16	5.0567e-05	1.8654e-01	7.9904e-01	1.4090e-02	3.3135e-02	4.1980e-01	5.4659e-01	1.7280e-04	3.0176e-04	1.1755e-36	1.6403e-23	0.00e+00	0.00e+00	5.1151e+01
1.59068e+18	1.1829e+04	2.650e-17	1.6681e+03	1.6932e+03	8.4386e-14	7.0682e-02	9.2932e-01	1.4401e-02	9.8493e-01	6.6950e-04	2.3099e-16	5.5494e-05	2.0558e-01	7.8261e-01	1.1503e-02	4.2500e-02	4.7030e-01	4.8679e-01	1.5004e-04	2.6099e-04	1.1755e-36	2.6561e-23	0.00e+00	0.00e+00	5.3125e+01
1.59287e+18	1.1744e+04	2.649e-17	1.6681e+03	1.6823e+03	1.0519e-13	7.7946e-02	9.2205e-01	1.5882e-02	9.8346e-01	6.5723e-04	3.3234e-16	5.9853e-05	2.2234e-01	7.6763e-01	9.7534e-03	5.1340e-02	5.0944e-01	4.3886e-01	1.3380e-04	2.2890e-04	1.1755e-36	3.8789e-23	0.00e+00	0.00e+00	5.4544e+01
1.59447e+18	1.1687e+04	2.638e-17	1.6681e+03	1.6719e+03	1.2375e-13	8.3623e-02	9.1638e-01	1.7096e-02	9.8225e-01	6.5008e-04	4.3230e-16	6.3242e-05	2.3553e-01	7.5561e-01	8.6001e-03	5.8601e-02	5.3740e-01	4.0366e-01	1.2303e-04	2.0637e-04	1.1755e-36	5.1152e-23	0.00e+00	0.00e+00	5.5840e+01
1.59616e+18	1.1624e+04	2.627e-17	1.6681e+03	1.6621e+03	1.4821e-13	9.0212e-02	9.0979e-01	1.8504e-02	9.8085e-01	6.4252e-04	5.7355e-16	6.7018e-05	2.5038e-01	7.4190e-01	7.4673e-03	6.7196e-02	5.6576e-01	3.6675e-01	1.1227e-04	1.8314e-04	1.1755e-36	6.9407e-23	0.00e+00	0.00e+00	5.7656e+01
1.59836e+18	1.1537e+04	2.608e-17	1.6681e+03	1.6437e+03	1.8783e-13	1.0033e-01	8.9967e-01	2.0599e-02	9.7877e-01	6.3415e-04	8.2462e-16	7.2264e-05	2.7143e-01	7.2222e-01	6.1189e-03	8.0617e-02	6.0170e-01	3.1743e-01	9.8628e-05	1.5334e-04	1.1755e-36	1.0120e-22	0.00e+00	0.00e+00	6.0282e+01
1.60061e+18	1.1443e+04	2.587e-17	1.6681e+03	1.6191e+03	2.5195e-13	1.1405e-01	8.8595e-01	2.3331e-02	9.7604e-01	6.2596e-04	1.2646e-15	7.8349e-05	2.9731e-01	6.9764e-01	4.8396e-03	9.9004e-02	6.3805e-01	2.6274e-01	8.4212e-05	1.2165e-04	1.1755e-36	1.6086e-22	0.00e+00	0.00e+00	6.2704e+01
1.60229e+18	1.1349e+04	2.569e-17	1.6681e+03	1.6032e+03	3.2561e-13	1.2715e-01	8.7285e-01	2.6030e-02	9.7335e-01	6.1871e-04	1.8111e-15	8.4119e-05	3.2125e-01	6.7459e-01	3.9534e-03	1.1659e-01	6.6236e-01	2.2088e-01	7.3529e-05	9.8151e-05	1.1755e-36	2.3936e-22	0.00e+00	0.00e+00	6.4511e+01
1.60352e+18	1.1294e+04	2.530e-17	1.6681e+03	1.5808e+03	3.8271e-13	1.3677e-01	8.6323e-01	2.8137e-02	9.7124e-01	6.1889e-04	2.2659e-15	8.7819e-05	3.3887e-01	6.5753e-01	3.4105e-03	1.2975e-01	6.7659e-01	1.9351e-01	6.7006e-05	8.3848e-05	1.1755e-36	3.0089e-22	0.00e+00	0.00e+00	6.6087e+01
1.60477e+18	1.1220e+04	2.494e-17	1.6681e+03	1.5616e+03	4.5983e-13	1.4776e-01	8.5224e-01	3.0585e-02	9.6880e-01	6.1719e-04	2.8892e-15	9.2102e-05	3.5836e-01	6.3855e-01	2.8982e-03	1.4459e-01	6.8777e-01	1.6752e-01	6.0681e-05	7.0437e-05	1.1755e-36	3.9082e-22	0.00e+00	0.00e+00	6.8301e+01
1.60641e+18	1.1120e+04	2.444e-17	1.6681e+03	1.5328e+03	5.9397e-13	1.6477e-01	8.3523e-01	3.4266e-02	9.6512e-01	6.1755e-04	4.0096e-15	9.7804e-05	3.8584e-01	6.1168e-01	2.3023e-03	1.6712e-01	6.9717e-01	1.3560e-01	5.2688e-05	5.4535e-05	1.1755e-36	5.5802e-22	0.00e+00	0.00e+00	7.1510e+01
1.60811e+18	1.1010e+04	2.380e-17	1.6681e+03	1.4941e+03	8.0419e-13	1.8753e-01	8.1247e-01	3.9107e-02	9.6027e-01	6.2212e-04	5.8218e-15	1.0405e-04	4.1890e-01	5.7917e-01	1.7565e-03	1.9661e-01	6.9938e-01	1.0393e-01	4.4417e-05	3.9536e-05	1.1755e-36	8.4151e-22	0.00e+00	0.00e+00	7.4583e+01
1.60943e+18	1.0903e+04	2.317e-17	1.6681e+03	1.4619e+03	1.0352e-12	2.0893e-01	7.9107e-01	4.3962e-02	9.5541e-01	6.2658e-04	7.8724e-15	1.0946e-04	4.4896e-01	5.4948e-01	1.3889e-03	2.2375e-01	6.9432e-01	8.1860e-02	3.8390e-05	2.9615e-05	1.1755e-36	1.1670e-21	0.00e+00	0.00e+00	7.6959e+01
1.61042e+18	1.0829e+04	2.246e-17	1.6681e+03	1.4295e+03	1.2493e-12	2.2541e-01	7.7459e-01	4.8025e-02	9.5134e-01	6.3349e-04	9.7660e-15	1.1310e-04	4.7207e-01	5.2660e-01	1.1593e-03	2.4445e-01	6.8753e-01	6.7965e-02	3.4560e-05	2.3749e-05	1.1755e-36	1.4772e-21	0.00e+00	0.00e+00	7.9107e+01
1.61146e+18	1.0742e+04	2.171e-17	1.6681e+03	1.3981e+03	1.5175e-12	2.4425e-01	7.5575e-01	5.2856e-02	9.4650e-01	6.4152e-04	1.2167e-14	1.1698e-04	4.9747e-01	5.0142e-01	9.4840e-04	2.6762e-01	6.7687e-01	5.5467e-02	3.0861e-05	1.8632e-05	1.1755e-36	1.8705e-21	0.00e+00	0.00e+00	8.2133e+01
1.61282e+18	1.0620e+04	2.065e-17	1.6681e+03	1.3487e+03	1.9969e-12	2.7268e-01	7.2732e-01	6.0066e-02	9.3928e-01	6.5605e-04	1.6337e-14	1.2136e-04	5.3173e-01	4.6739e-01	7.1746e-04	3.0172e-01	6.5673e-01	4.1516e-02	2.6313e-05	1.3193e-05	1.1755e-36	2.5861e-21	0.00e+00	0.00e+00	8.6524e+01
1.61415e+18	1.0491e+04	1.940e-17	1.6681e+03	1.2891e+03	2.6893e-12	3.0782e-01	6.9218e-01	6.9150e-02	9.3017e-01	6.7701e-04	2.2260e-14	1.2493e-04	5.6953e-01	4.2979e-01	5.2830e-04	3.4264e-01	6.2771e-01	2.9621e-02	2.1921e-05	8.8280e-06	1.1755e-36	3.6276e-21	0.00e+00	0.00e+00	9.0245e+01
1.61512e+18	1.0375e+04	1.835e-17	1.6681e+03	1.2445e+03	3.3530e-12	3.3608e-01	6.6392e-01	7.7516e-02	9.2179e-01	6.9469e-04	2.7759e-14	1.2750e-04	5.9978e-01	3.9965e-01	4.1600e-04	3.7481e-01	6.0247e-01	2.2698e-02	1.9093e-05	6.4415e-06	1.1755e-36	4.5834e-21	0.00e+00	0.00e+00	9.3017e+01
1.61585e+18	1.0297e+04	1.742e-17	1.6681e+03	1.2051e+03	3.9339e-12	3.5678e-01	6.4322e-01	8.4354e-02	9.1493e-01	7.1113e-04	3.2368e-14	1.2861e-04	6.2206e-01	3.7744e-01	3.4726e-04	3.9804e-01	5.8339e-01	1.8550e-02	1.7316e-05	5.0945e-06	1.1755e-36	5.3932e-21	0.00e+00	0.00e+00	9.5565e+01
1.61660e+18	1.0213e+04	1.646e-17	1.6681e+03	1.1659e+03	4.6217e-12	3.7959e-01	6.2041e-01	9.2276e-02	9.0699e-01	7.2994e-04	3.7717e-14	1.2952e-04	6.4533e-01	3.5423e-01	2.8594e-04	4.2320e-01	5.6184e-01	1.4950e-02	1.5597e-05	3.9621e-06	1.1755e-36	6.3134e-21	0.00e+00	0.00e+00	9.8883e+01
1.61751e+18	1.0091e+04	1.528e-17	1.6681e+03	1.1125e+03	5.7180e-12	4.1049e-01	5.8951e-01	1.0296e-01	8.9629e-01	7.5639e-04	4.5555e-14	1.2964e-04	6.7331e-01	3.2631e-01	2.2409e-04	4.5660e-01	5.3208e-01	1.1304e-02	1.3597e-05	2.8627e-06	1.1755e-36	7.6886e-21	0.00e+00	0.00e+00	1.0315e+02
1.61842e+18	9.9729e+03	1.403e-17	1.6681e+03	1.0534e+03	7.0937e-12	4.4481e-01	5.5519e-01	1.1543e-01	8.8378e-01	7.9069e-04	5.4870e-14	1.2856e-04	7.0165e-01	2.9803e-01	1.7427e-04	4.9293e-01	4.9872e-01	8.3325e-03	1.1718e-05	2.0116e-06	1.1755e-36	9.2900e-21	0.00e+00	0.00e+00	1.0700e+02
1.61912e+18	9.8611e+03	1.302e-17	1.6681e+03	1.0081e+03	8.4142e-12	4.7275e-01	5.2725e-01	1.2715e-01	8.7203e-01	8.1768e-04	6.3177e-14	1.2759e-04	7.2463e-01	2.7509e-01	1.4252e-04	5.2199e-01	4.7151e-01	6.4905e-03	1.0403e-05	1.5095e-06	1.1755e-36	1.0673e-20	0.00e+00	0.00e+00	1.0993e+02
1.61968e+18	9.7916e+03	1.218e-17	1.6681e+03	9.6986e+02	9.4700e-12	4.9286e-01	5.0714e-01	1.3693e-01	8.6222e-01	8.4355e-04	6.9456e-14	1.2605e-04	7.4173e-01	2.5801e-01	1.2223e-04	5.4266e-01	4.5198e-01	5.3492e-03	9.5516e-06	1.2129e-06	1.1755e-36	1.1621e-20	0.00e+00	0.00e+00	1.1263e+02
1.62020e+18	9.6931e+03	1.142e-17	1.6681e+03	9.3533e+02	1.0730e-11	5.1368e-01	4.8632e-01	1.4752e-01	8.5161e-01	8.6640e-04	7.6186e-14	1.2471e-04	7.5828e-01	2.4148e-01	1.0527e-04	5.6379e-01	4.3178e-01	4.4171e-03	8.7494e-06	9.7631e-07	1.1755e-36	1.2612e-20	0.00e+00	0.00e+00	1.1550e+02
1.62075e+18	9.5996e+03	1.061e-17	1.6681e+03	8.9667e+02	1.2225e-11	5.3613e-01	4.6387e-01	1.5927e-01	8.3984e-01	8.9348e-04	8.3804e-14	1.2268e-04	7.7491e-01	2.2487e-01	9.0106e-05	5.8631e-01	4.1010e-01	3.5873e-03	7.9574e-06	7.7205e-07	1.1755e-36	1.3729e-20	0.00e+00	0.00e+00	1.1873e+02
1.62121e+18	9.5381e+03	9.948e-18	1.6681e+03	8.6131e+02	1.3531e-11	5.5510e-01	4.4490e-01	1.6922e-01	8.2986e-01	9.2322e-04	9.0140e-14	1.2012e-04	7.8766e-01	2.1213e-01	7.9781e-05	6.0510e-01	3.9189e-01	3.0040e-03	7.3404e-06	6.3264e-07	1.1755e-36	1.4566e-20	0.00e+00	0.00e+00	1.2068e+02
1.62149e+18	9.4765e+03	9.553e-18	1.6681e+03	8.4336e+02	1.4432e-11	5.6547e-01	4.3453e-01	1.7657e-01	8.2249e-01	9.3549e-04	9.3916e-14	1.1916e-04	7.9611e-01	2.0369e-01	7.4100e-05	6.1533e-01	3.8196e-01	2.7072e-03	7.0238e-06	5.6364e-07	1.1755e-36	1.5006e-20	0.00e+00	0.00e+00	1.2203e+02
1.62174e+18	9.4249e+03	9.197e-18	1.6681e+03	8.2752e+02	1.5250e-11	5.7438e-01	4.2562e-01	1.8344e-01	8.1562e-01	9.4596e-04	9.7251e-14	1.1826e-04	8.0357e-01	1.9623e-01	6.9332e-05	6.2408e-01	3.7344e-01	2.4666e-03	6.7609e-06	5.0857e-07	1.1755e-36	1.5374e-20	0.00e+00	0.00e+00	1.2369e+02
1.62205e+18	9.3553e+03	8.761e-18	1.6681e+03	8.0615e+02	1.6452e-11	5.8722e-01	4.1278e-01	1.9230e-01	8.0674e-01	9.6147e-04	1.0197e-13	1.1682e-04	8.1268e-01	1.8713e-01	6.3701e-05	6.3660e-01	3.6122e-01	2.1771e-03	6.3976e-06	4.4267e-07	1.1755e-36	1.5913e-20	0.00e+00	0.00e+00	1.2589e+02
1.62240e+18	9.2902e+03	8.279e-18	1.6681e+03	7.7949e+02	1.7880e-11	6.0253e-01	3.9747e-01	2.0205e-01	7.9696e-01	9.8566e-04	1.0745e-13	1.1457e-04	8.2204e-01	1.7778e-01	5.8155e-05	6.5138e-01	3.4673e-01	1.8824e-03	5.9854e-06	3.7658e-07	1.1755e-36	1.6506e-20	0.00e+00	0.00e+00	1.2809e+02
1.62272e+18	9.2374e+03	7.851e-18	1.6681e+03	7.5476e+02	1.9186e-11	6.1555e-01	3.8445e-01	2.1093e-01	7.8806e-01	1.0101e-03	1.1213e-13	1.1226e-04	8.2996e-01	1.6987e-01	5.3849e-05	6.6388e-01	3.3446e-01	1.6547e-03	5.6518e-06	3.2663e-07	1.1755e-36	1.6927e-20	0.00e+00	0.00e+00	1.2992e+02
1.62299e+18	9.1793e+03	7.492e-18	1.6681e+03	7.3545e+02	2.0432e-11	6.2649e-01	3.7351e-01	2.1965e-01	7.7932e-01	1.0272e-03	1.1621e-13	1.1056e-04	8.3709e-01	1.6274e-01	5.0414e-05	6.7432e-01	3.2419e-01	1.4806e-03	5.3838e-06	2.8903e-07	1.1755e-36	1.7257e-20	0.00e+00	0.00e+00	1.3167e+02
1.62327e+18	9.1112e+03	7.137e-18	1.6681e+03	7.1606e+02	2.1861e-11	6.3791e-01	3.6209e-01	2.2911e-01	7.6985e-01	1.0438e-03	1.2050e-13	1.0885e-04	8.4431e-01	1.5553e-01	4.7178e-05	6.8517e-01	3.1350e-01	1.3193e-03	5.1151e-06	2.5466e-07	1.1755e-36	1.7574e-20	0.00e+00	0.00e+00	1.3363e+02
1.62357e+18	9.0492e+03	6.759e-18	1.6681e+03	6.9385e+02	2.3448e-11	6.5025e-01	3.4975e-01	2.3912e-01	7.5981e-01	1.0659e-03	1.2519e-13	1.0667e-04	8.5150e-01	1.4835e-01	4.4083e-05	6.9682e-01	3.0201e-01	1.1636e-03	4.8356e-06	2.2192e-07	1.1755e-36	1.7902e-20	0.00e+00	0.00e+00	1.3571e+02
1.62386e+18	8.9852e+03	6.393e-18	1.6681e+03	6.7158e+02	2.5148e-11	6.6269e-01	3.3731e-01	2.4949e-01	7.4942e-01	1.0892e-03	1.2986e-13	1.0435e-04	8.5841e-01	1.4144e-01	4.1315e-05	7.0848e-01	2.9049e-01	1.0252e-03	4.5655e-06	1.9321e-07	1.1755e-36	1.8157e-20	0.00e+00	0.00e+00	1.3774e+02
1.62414e+18	8.9251e+03	6.056e-18	1.6681e+03	6.5051e+02	2.6830e-11	6.7390e-01	3.2610e-01	2.5955e-01	7.3934e-01	1.1115e-03	1.3409e-13	1.0206e-04	8.6466e-01	1.3519e-01	3.8996e-05	7.1894e-01	2.8015e-01	9.1102e-04	4.3313e-06	1.6991e-07	1.1755e-36	1.8311e-20	0.00e+00	0.00e+00	1.3965e+02
1.62442e+18	8.8531e+03	5.743e-18	1.6681e+03	6.3148e+02	2.8708e-11	6.8496e-01	3.1504e-01	2.7039e-01	7.2848e-01	1.1303e-03	1.3838e-13	1.0006e-04	8.7083e-01	1.2903e-01	3.6919e-05	7.2920e-01	2.6999e-01	8.1148e-04	4.1091e-06	1.4983e-07	1.1755e-36	1.8457e-20	0.00e+00	0.00e+00	1.4163e+02
1.62469e+18	8.7874e+03	5.431e-18	1.6681e+03	6.1142e+02	3.0649e-11	6.9584e-01	3.0416e-01	2.8132e-01	7.1752e-01	1.1522e-03	1.4258e-13	9.7787e-05	8.7668e-01	1.2319e-01	3.5043e-05	7.3925e-01	2.6003e-01	7.2196e-04	3.8975e-06	1.3201e-07	1.1755e-36	1.8522e-20	0.00e+00	0.00e+00	1.4366e+02
1.62497e+18	8.7202e+03	5.127e-18	1.6681e+03	5.9119e+02	3.2742e-11	7.0677e-01	2.9323e-01	2.9271e-01	7.0612e-01	1.1752e-03	1.4679e-13	9.5401e-05	8.8233e-01	1.1754e-01	3.3338e-05	7.4928e-01	2.5007e-01	6.4154e-04	3.6923e-06	1.1755e-36	1.1755e-36	1.8525e-20	0.00e+00	0.00e+00	1.4573e+02
1.62525e+18	8.6471e+03	4.837e-18	1.6681e+03	5.7170e+02	3.5056e-11	7.1773e-01	2.8227e-01	3.0469e-01	6.9411e-01	1.1968e-03	1.5108e-13	9.3108e-05	8.8783e-01	1.1204e-01	3.1799e-05	7.5930e-01	2.4013e-01	5.7017e-04	3.4934e-06	1.1755e-36	1.1755e-36	1.8508e-20	0.00e+00	0.00e+00	1.4781e+02
1.62551e+18	8.5743e+03	4.564e-18	1.6681e+03	5.5269e+02	3.7472e-11	7.2805e-01	2.7195e-01	3.1663e-01	6.8215e-01	1.2188e-03	1.5513e-13	9.0785e-05	8.9291e-01	1.0696e-01	3.0465e-05	7.6868e-01	2.3081e-01	5.0920e-04	3.3124e-06	1.1755e-36	1.1755e-36	1.8410e-20	0.00e+00	0.00e+00	1.4982e+02
1.62578e+18	8.5003e+03	4.308e-18	1.6681e+03	5.3450e+02	4.0023e-11	7.3785e-01	2.6215e-01	3.2882e-01	6.6995e-01	1.2393e-03	1.5902e-13	8.8526e-05	8.9772e-01	1.0216e-01	2.9289e-05	7.7755e-01	2.2199e-01	4.5653e-04	3.1456e-06	1.1755e-36	1.1755e-36	1.8262e-20	0.00e+00	0.00e+00	1.5186e+02
1.62604e+18	8.4236e+03	4.058e-18	1.6681e+03	5.1634e+02	4.2811e-11	7.4766e-01	2.5234e-01	3.4153e-01	6.5721e-01	1.2601e-03	1.6295e-13	8.6217e-05	9.0238e-01	9.7502e-02	2.8215e-05	7.8639e-01	2.1320e-01	4.0915e-04	2.9835e-06	1.1755e-36	1.1755e-36	1.8068e-20	0.00e+00	0.00e+00	1.5397e+02
1.62631e+18	8.3441e+03	3.815e-18	1.6681e+03	4.9804e+02	4.5879e-11	7.5753e-01	2.4247e-01	3.5470e-01	6.4402e-01	1.2817e-03	1.6694e-13	8.3832e-05	9.0686e-01	9.3030e-02	2.7235e-05	7.9524e-01	2.0439e-01	3.6659e-04	2.8251e-06	1.1755e-36	1.1755e-36	1.7823e-20	0.00e+00	0.00e+00	1.5611e+02
1.62657e+18	8.2616e+03	3.587e-18	1.6681e+03	4.8028e+02	4.9208e-11	7.6702e-01	2.3298e-01	3.6803e-01	6.3066e-01	1.3027e-03	1.7083e-13	8.1473e-05	9.1105e-01	8.8841e-02	2.6370e-05	8.0373e-01	1.9594e-01	3.2976e-04	2.6771e-06	1.1755e-36	1.1755e-36	1.7530e-20	0.00e+00	0.00e+00	1.5821e+02
1.62683e+18	8.1778e+03	3.375e-18	1.6681e+03	4.6339e+02	5.2757e-11	7.7594e-01	2.2406e-01	3.8148e-01	6.1720e-01	1.3219e-03	1.7454e-13	7.9198e-05	9.1496e-01	8.4934e-02	2.5616e-05	8.1166e-01	1.8804e-01	2.9827e-04	2.5418e-06	1.1755e-36	1.1755e-36	1.7197e-20	0.00e+00	0.00e+00	1.6029e+02
1.62709e+18	8.0919e+03	3.173e-18	1.6681e+03	4.4692e+02	5.6613e-11	7.8462e-01	2.1538e-01	3.9532e-01	6.0334e-01	1.3401e-03	1.7823e-13	7.6944e-05	9.1868e-01	8.1211e-02	2.4937e-05	8.1934e-01	1.8038e-01	2.7052e-04	2.4135e-06	1.1755e-36	1.1755e-36	1.6832e-20	0.00e+00	0.00e+00	1.6242e+02
1.62735e+18	8.0034e+03	2.976e-18	1.6681e+03	4.3045e+02	6.0875e-11	7.9332e-01	2.0668e-01	4.0965e-01	5.8899e-01	1.3584e-03	1.8200e-13	7.4647e-05	9.2226e-01	7.7639e-02	2.4313e-05	8.2703e-01	1.7272e-01	2.4554e-04	2.2877e-06	1.1755e-36	1.1755e-36	1.6431e-20	0.00e+00	0.00e+00	1.6460e+02
1.62761e+18	7.9168e+03	2.789e-18	1.6681e+03	4.1388e+02	6.5410e-11	8.0163e-01	1.9837e-01	4.2388e-01	5.7474e-01	1.3789e-03	1.8566e-13	7.2265e-05	9.2555e-01	7.4351e-02	2.3760e-05	8.3433e-01	1.6544e-01	2.2378e-04	2.1706e-06	1.1755e-36	1.1755e-36	1.5965e-20	0.00e+00	0.00e+00	1.6676e+02
1.62786e+18	7.8255e+03	2.614e-18	1.6681e+03	3.9822e+02	7.0436e-11	8.0966e-01	1.9034e-01	4.3859e-01	5.6001e-01	1.3958e-03	1.8933e-13	7.0004e-05	9.2868e-01	7.1220e-02	2.3265e-05	8.4137e-01	1.5842e-01	2.0485e-04	2.0599e-06	1.1755e-36	1.1755e-36	1.5498e-20	0.00e+00	0.00e+00	1.6894e+02
1.62812e+18	7.7237e+03	2.449e-18	1.6681e+03	3.8288e+02	7.6348e-11	8.1758e-01	1.8242e-01	4.5371e-01	5.4488e-01	1.4106e-03	1.9308e-13	6.7777e-05	9.3166e-01	6.8244e-02	2.2820e-05	8.4829e-01	1.5152e-01	1.8824e-04	1.9533e-06	1.1755e-36	1.1755e-36	1.5011e-20	0.00e+00	0.00e+00	1.7114e+02
1.62837e+18	7.6217e+03	2.293e-18	1.6681e+03	3.6803e+02	8.2795e-11	8.2519e-01	1.7481e-01	4.6893e-01	5.2965e-01	1.4243e-03	1.9681e-13	6.5586e-05	9.3442e-01	6.5485e-02	2.2425e-05	8.5491e-01	1.4492e-01	1.7382e-04	1.8531e-06	1.1755e-36	1.1755e-36	1.4510e-20	0.00e+00	0.00e+00	1.7332e+02
1.62862e+18	7.5122e+03	2.148e-18	1.6681e+03	3.5399e+02	9.0252e-11	8.3256e-01	1.6744e-01	4.8447e-01	5.1410e-01	1.4335e-03	2.0062e-13	6.3514e-05	9.3703e-01	6.2883e-02	2.2074e-05	8.6131e-01	1.3853e-01	1.6135e-04	1.7580e-06	1.1755e-36	1.1755e-36	1.4029e-20	0.00e+00	0.00e+00	1.7550e+02
1.62887e+18	7.4040e+03	2.013e-18	1.6681e+03	3.4027e+02	9.8352e-11	8.3950e-01	1.6050e-01	4.9990e-01	4.9866e-01	1.4427e-03	2.0433e-13	6.1448e-05	9.3941e-01	6.0505e-02	2.1764e-05	8.6731e-01	1.3254e-01	1.5061e-04	1.6702e-06	1.1755e-36	1.1755e-36	1.3522e-20	0.00e+00	0.00e+00	1.7766e+02
1.62911e+18	7.2927e+03	1.886e-18	1.6681e+03	3.2704e+02	1.0748e-10	8.4613e-01	1.5387e-01	5.1539e-01	4.8316e-01	1.4499e-03	2.0806e-13	5.9434e-05	9.4161e-01	5.8303e-02	2.1490e-05	8.7303e-01	1.2683e-01	1.4133e-04	1.5877e-06	1.1755e-36	1.1755e-36	1.3015e-20	0.00e+00	0.00e+00	1.7983e+02
1.62935e+18	7.1789e+03	1.767e-18	1.6681e+03	3.1426e+02	1.1777e-10	8.5250e-01	1.4750e-01	5.3091e-01	4.6764e-01	1.4552e-03	2.1184e-13	5.7468e-05	9.4365e-01	5.6273e-02	2.1247e-05	8.7850e-01	1.2136e-01	1.3330e-04	1.5100e-06	1.1755e-36	1.1755e-36	1.2515e-20	0.00e+00	0.00e+00	1.8198e+02
1.62959e+18	7.0630e+03	1.656e-18	1.6681e+03	3.0202e+02	1.2938e-10	8.5856e-01	1.4144e-01	5.4636e-01	4.5218e-01	1.4581e-03	2.1566e-13	5.5565e-05	9.4551e-01	5.4412e-02	2.1032e-05	8.8370e-01	1.1617e-01	1.2640e-04	1.4372e-06	1.1755e-36	1.1755e-36	1.2029e-20	0.00e+00	0.00e+00	1.8412e+02
1.62982e+18	6.9398e+03	1.553e-18	1.6681e+03	2.9009e+02	1.4299e-10	8.6427e-01	1.3573e-01	5.6165e-01	4.3689e-01	1.4595e-03	2.1940e-13	5.3704e-05	9.4720e-01	5.2719e-02	2.0847e-05	8.8860e-01	1.1128e-01	1.2054e-04	1.3697e-06	1.1755e-36	1.1755e-36	1.1528e-20	0.00e+00	0.00e+00	1.8625e+02
1.63006e+18	6.8202e+03	1.459e-18	1.6681e+03	2.7892e+02	1.5792e-10	8.6968e-01	1.3032e-01	5.7676e-01	4.2179e-01	1.4580e-03	2.2327e-13	5.1937e-05	9.4874e-01	5.1184e-02	2.0684e-05	8.9322e-01	1.0666e-01	1.1552e-04	1.3066e-06	1.1755e-36	1.1755e-36	1.1082e-20	0.00e+00	0.00e+00	1.8832e+02
1.63028e+18	6.6978e+03	1.370e-18	1.6681e+03	2.6828e+02	1.7505e-10	8.7480e-01	1.2520e-01	5.9181e-01	4.0674e-01	1.4534e-03	2.2719e-13	5.0245e-05	9.5015e-01	4.9776e-02	2.0542e-05	8.9758e-01	1.0230e-01	1.1124e-04	1.2478e-06	1.1755e-36	1.1755e-36	1.0662e-20	0.00e+00	0.00e+00	1.9041e+02
1.63051e+18	6.5720e+03	1.287e-18	1.6681e+03	2.5784e+02	1.9495e-10	8.7979e-01	1.2021e-01	6.0688e-01	3.9168e-01	1.4471e-03	2.3131e-13	4.8569e-05	9.5144e-01	4.8485e-02	2.0415e-05	9.0183e-01	9.8063e-02	1.0750e-04	1.1912e-06	1.1755e-36	1.1755e-36	1.0263e-20	0.00e+00	0.00e+00	1.9253e+02
1.63074e+18	6.4459e+03	1.208e-18	1.6681e+03	2.4756e+02	2.1766e-10	8.8453e-01	1.1547e-01	6.2164e-01	3.7692e-01	1.4411e-03	2.3558e-13	4.6886e-05	9.5259e-01	4.7342e-02	2.0304e-05	9.0586e-01	9.4036e-02	1.0430e-04	1.1379e-06	1.1755e-36	1.1755e-36	9.8798e-21	0.00e+00	0.00e+00	1.9464e+02
1.63096e+18	6.3244e+03	1.137e-18	1.6681e+03	2.3803e+02	2.4249e-10	8.8894e-01	1.1106e-01	6.3601e-01	3.6255e-01	1.4323e-03	2.3991e-13	4.5321e-05	9.5360e-01	4.6329e-02	2.0208e-05	9.0959e-01	9.0305e-02	1.0161e-04	1.0891e-06	1.1755e-36	1.1755e-36	9.5478e-21	0.00e+00	0.00e+00	1.9667e+02
1.63118e+18	6.1962e+03	1.071e-18	1.6681e+03	2.2919e+02	2.7215e-10	8.9314e-01	1.0686e-01	6.5042e-01	3.4816e-01	1.4174e-03	2.4435e-13	4.3878e-05	9.5454e-01	4.5396e-02	2.0128e-05	9.1315e-01	8.6754e-02	9.9396e-05	1.0431e-06	1.1755e-36	1.1755e-36	9.2771e-21	0.00e+00	0.00e+00	1.9872e+02
1.63140e+18	6.0647e+03	1.007e-18	1.6681e+03	2.2017e+02	3.0696e-10	8.9715e-01	1.0285e-01	6.6470e-01	3.3390e-01	1.4037e-03	2.4908e-13	4.2372e-05	9.5536e-01	4.4576e-02	2.0060e-05	9.1654e-01	8.3366e-02	9.7510e-05	9.9959e-07	1.1755e-36	1.1755e-36	9.0144e-21	0.00e+00	0.00e+00	2.0085e+02
1.63162e+18	5.9310e+03	9.476e-19	1.6681e+03	2.1146e+02	3.4752e-10	9.0116e-01	9.8845e-02	6.7883e-01	3.1978e-01	1.3875e-03	2.5416e-13	4.0919e-05	9.5608e-01	4.3860e-02	1.9999e-05	9.1992e-01	7.9986e-02	9.5904e-05	9.5651e-07	1.1755e-36	1.1755e-36	8.8059e-21	0.00e+00	0.00e+00	2.0294e+02
1.63184e+18	5.7974e+03	8.935e-19	1.6681e+03	2.0341e+02	3.9392e-10	9.0481e-01	9.5192e-02	6.9259e-01	3.0604e-01	1.3676e-03	2.5930e-13	3.9575e-05	9.5669e-01	4.3246e-02	1.9953e-05	9.2300e-01	7.6909e-02	9.4665e-05	9.1767e-07	1.1755e-36	1.1755e-36	8.6619e-21	0.00e+00	0.00e+00	2.0497e+02
1.63205e+18	5.6583e+03	8.434e-19	1.6681e+03	1.9590e+02	4.4922e-10	9.0832e-01	9.1685e-02	7.0635e-01	2.9230e-01	1.3419e-03	2.6468e-13	3.8337e-05	9.5725e-01	4.2694e-02	1.9918e-05	9.2595e-01	7.3954e-02	9.3712e-05	8.8069e-07	1.1755e-36	1.1755e-36	8.5976e-21	0.00e+00	0.00e+00	2.0704e+02
1.63227e+18	5.5171e+03	7.949e-19	1.6681e+03	1.8828e+02	5.1377e-10	9.1171e-01	8.8288e-02	7.2004e-01	2.7864e-01	1.3163e-03	2.7058e-13	3.7059e-05	9.5770e-01	4.2238e-02	1.9891e-05	9.2881e-01	7.1095e-02	9.2954e-05	8.4517e-07	1.1755e-36	1.1755e-36	8.5825e-21	0.00e+00	0.00e+00	2.0920e+02
1.63250e+18	5.3742e+03	7.490e-19	1.6681e+03	1.8079e+02	5.8824e-10	9.1506e-01	8.4942e-02	7.3343e-01	2.6528e-01	1.2901e-03	2.7702e-13	3.5794e-05	9.5805e-01	4.1889e-02	1.9870e-05	9.3162e-01	6.8284e-02	9.2386e-05	8.1045e-07	1.1755e-36	1.1755e-36	8.6370e-21	0.00e+00	0.00e+00	2.1135e+02
1.63272e+18	5.2328e+03	7.075e-19	1.6681e+03	1.7388e+02	6.7145e-10	9.1810e-01	8.1897e-02	7.4629e-01	2.5245e-01	1.2611e-03	2.8364e-13	3.4629e-05	9.5831e-01	4.1631e-02	1.9860e-05	9.3418e-01	6.5725e-02	9.2051e-05	7.7911e-07	1.1755e-36	1.1755e-36	8.7759e-21	0.00e+00	0.00e+00	2.1343e+02
1.63293e+18	5.0907e+03	6.695e-19	1.6681e+03	1.6744e+02	7.6463e-10	9.2089e-01	7.9107e-02	7.5882e-01	2.3995e-01	1.2288e-03	2.9049e-13	3.3551e-05	9.5850e-01	4.1443e-02	1.9860e-05	9.3653e-01	6.3379e-02	9.1922e-05	7.5062e-07	1.1755e-36	1.1755e-36	9.0041e-21	0.00e+00	0.00e+00	2.1553e+02
1.63315e+18	4.9425e+03	6.331e-19	1.6681e+03	1.6108e+02	8.6853e-10	9.2364e-01	7.6355e-02	7.7130e-01	2.2751e-01	1.1941e-03	2.9737e-13	3.2496e-05	9.5879e-01	4.1160e-02	1.9867e-05	9.3884e-01	6.1066e-02	9.1961e-05	7.2272e-07	1.1755e-36	1.1755e-36	9.1962e-21	0.00e+00	0.00e+00	2.1772e+02
1.63338e+18	4.7905e+03	5.986e-19	1.6681e+03	1.5481e+02	9.7704e-10	9.2637e-01	7.3635e-02	7.8349e-01	2.1536e-01	1.1584e-03	3.0344e-13	3.1471e-05	9.5929e-01	4.0657e-02	1.9880e-05	9.4113e-01	5.8780e-02	9.2150e-05	6.9530e-07	1.1755e-36	1.1755e-36	9.1882e-21	0.00e+00	0.00e+00	2.1992e+02
1.63360e+18	4.6435e+03	5.679e-19	1.6681e+03	1.4907e+02	1.0835e-09	9.2883e-01	7.1172e-02	7.9490e-01	2.0398e-01	1.1220e-03	3.0898e-13	3.0543e-05	9.5974e-01	4.0209e-02	1.9900e-05	9.4320e-01	5.6709e-02	9.2476e-05	6.7066e-07	1.1755e-36	1.1755e-36	9.1370e-21	0.00e+00	0.00e+00	2.2200e+02
1.63380e+18	4.5034e+03	5.411e-19	1.6681e+03	1.4402e+02	1.1826e-09	9.3095e-01	6.9052e-02	8.0547e-01	1.9345e-01	1.0844e-03	3.1369e-13	2.9745e-05	9.6015e-01	3.9797e-02	1.9927e-05	9.4499e-01	5.4921e-02	9.2924e-05	6.4959e-07	1.1755e-36	1.1755e-36	9.0341e-21	0.00e+00	0.00e+00	2.2398e+02
1.63400e+18	4.3658e+03	5.173e-19	1.6681e+03	1.3945e+02	1.2731e-09	9.3287e-01	6.7132e-02	8.1533e-01	1.8362e-01	1.0462e-03	3.1768e-13	2.9045e-05	9.6054e-01	3.9408e-02	1.9962e-05	9.4661e-01	5.3299e-02	9.3485e-05	6.3065e-07	1.1755e-36	1.1755e-36	8.8636e-21	0.00e+00	0.00e+00	2.2590e+02
1.63419e+18	4.2393e+03	4.961e-19	1.6681e+03	1.3528e+02	1.3461e-09	9.3457e-01	6.5427e-02	8.2433e-01	1.7466e-01	1.0102e-03	3.2106e-13	2.8413e-05	9.6088e-01	3.9071e-02	1.9998e-05	9.4805e-01	5.1856e-02	9.4062e-05	6.1387e-07	1.1755e-36	1.1755e-36	8.6235e-21	0.00e+00	0.00e+00	2.2772e+02
1.63438e+18	4.1161e+03	4.766e-19	1.6681e+03	1.3140e+02	1.4055e-09	9.3616e-01	6.3840e-02	8.3288e-01	1.6614e-01	9.7399e-04	3.2393e-13	2.7844e-05	9.6120e-01	3.8748e-02	2.0038e-05	9.4939e-01	5.0512e-02	9.4692e-05	5.9835e-07	1.1755e-36	1.1755e-36	8.3213e-21	0.00e+00	0.00e+00	2.2956e+02
1.63456e+18	3.9995e+03	4.582e-19	1.6681e+03	1.2760e+02	1.4477e-09	9.3764e-01	6.2365e-02	8.4090e-01	1.5816e-01	9.4066e-04	3.2660e-13	2.7279e-05	9.6148e-01	3.8475e-02	2.0077e-05	9.5064e-01	4.9259e-02	9.5327e-05	5.8392e-07	1.1755e-36	1.1755e-36	7.9567e-21	0.00e+00	0.00e+00	2.3140e+02
###########################
1.01302e+14	1.4159e+04	1.992e-17	1.6681e+03	1.9533e+03	1.3370e-18	3.1570e-04	9.9968e-01	1.0742e-05	3.2170e-02	9.6782e-01	4.4262e-27	3.9075e-08	4.0392e-04	6.2467e-02	2.9450e-01	1.5989e-08	1.0688e-04	3.9600e-02	5.7192e-01	3.3838e-01	4.7327e-02	1.0078e-33	0.00e+00	0.00e+00	6.7351e-04
6.07812e+14	1.4137e+04	1.989e-17	1.6681e+03	1.9531e+03	1.2806e-18	3.1522e-04	9.9968e-01	1.0729e-05	3.2174e-02	9.6781e-01	4.1878e-27	3.4313e-08	4.0355e-04	6.2476e-02	2.9534e-01	1.5956e-08	1.0686e-04	3.9754e-02	5.7249e-01	3.3791e-01	4.7092e-02	9.0512e-34	0.00e+00	0.00e+00	3.3635e-03
2.63385e+15	1.4084e+04	1.981e-17	1.6681e+03	1.9531e+03	1.2764e-18	3.1438e-04	9.9969e-01	1.0759e-05	3.2291e-02	9.6770e-01	4.1763e-27	3.4975e-08	4.0631e-04	6.3100e-02	2.9778e-01	1.5954e-08	1.0719e-04	4.0354e-02	5.7433e-01	3.3611e-01	4.6501e-02	8.8734e-34	0.00e+00	0.00e+00	1.4095e-02
1.07380e+16	1.3949e+04	1.965e-17	1.6681e+03	1.9530e+03	1.2807e-18	3.1183e-04	9.9969e-01	1.0885e-05	3.2967e-02	9.6702e-01	4.2216e-27	3.6142e-08	4.1715e-04	6.5633e-02	3.0581e-01	1.5936e-08	1.0823e-04	4.2655e-02	5.8058e-01	3.2939e-01	4.4795e-02	8.6285e-34	0.00e+00	0.00e+00	5.6671e-02
2.56497e+16	1.3551e+04	1.901e-17	1.6681e+03	1.9530e+03	1.2380e-18	2.9794e-04	9.9970e-01	1.0640e-05	3.2904e-02	9.6709e-01	3.6914e-27	3.4233e-08	4.2168e-04	6.8347e-02	3.1923e-01	1.4909e-08	1.0634e-04	4.6114e-02	5.9115e-01	3.1791e-01	4.2442e-02	6.9774e-34	0.00e+00	0.00e+00	1.0956e-01
4.26794e+16	1.3194e+04	1.849e-17	1.6681e+03	1.9529e+03	1.1976e-18	2.8465e-04	9.9972e-01	1.0509e-05	3.3287e-02	9.6670e-01	3.2777e-27	3.3159e-08	4.2939e-04	7.1807e-02	3.3290e-01	1.4064e-08	1.0539e-04	4.9992e-02	6.0189e-01	3.0597e-01	3.9947e-02	5.7361e-34	0.00e+00	0.00e+00	1.6112e-01
6.08304e+16	1.2929e+04	1.816e-17	1.6681e+03	1.9527e+03	1.1705e-18	2.7496e-04	9.9973e-01	1.0667e-05	3.4505e-02	9.6548e-01	3.1372e-27	3.3618e-08	4.4601e-04	7.6563e-02	3.4690e-01	1.3831e-08	1.0761e-04	5.4698e-02	6.1232e-01	2.9362e-01	3.7340e-02	5.0717e-34	0.00e+00	0.00e+00	2.1642e-01
8.27944e+16	1.2701e+04	1.794e-17	1.6681e+03	1.9523e+03	1.1499e-18	2.6767e-04	9.9973e-01	1.1220e-05	3.6942e-02	9.6305e-01	3.2606e-27	3.5837e-08	4.7774e-04	8.3813e-02	3.6401e-01	1.4316e-08	1.1462e-04	6.1556e-02	6.2403e-01	2.7839e-01	3.4190e-02	4.7448e-34	0.00e+00	0.00e+00	2.8640e-01
1.11348e+17	1.2481e+04	1.778e-17	1.6681e+03	1.9517e+03	1.1253e-18	2.6054e-04	9.9974e-01	1.2332e-05	4.1344e-02	9.5864e-01	3.6550e-27	4.0221e-08	5.3079e-04	9.5166e-02	3.8664e-01	1.5590e-08	1.2828e-04	7.2526e-02	6.3750e-01	2.5812e-01	3.0244e-02	4.6115e-34	0.00e+00	0.00e+00	3.7495e-01
1.40928e+17	1.2297e+04	1.768e-17	1.6681e+03	1.9507e+03	1.0601e-18	2.5027e-04	9.9975e-01	1.3766e-05	4.7447e-02	9.5254e-01	3.9364e-27	4.4998e-08	5.8832e-04	1.0878e-01	4.0986e-01	1.6826e-08	1.4432e-04	8.6783e-02	6.4822e-01	2.3703e-01	2.6540e-02	4.2571e-34	0.00e+00	0.00e+00	4.4580e-01
1.64677e+17	1.2220e+04	1.771e-17	1.6681e+03	1.9497e+03	1.0019e-18	2.4324e-04	9.9976e-01	1.5563e-05	5.4642e-02	9.4534e-01	4.4277e-27	5.0436e-08	6.4845e-04	1.2226e-01	4.2907e-01	1.8646e-08	1.6431e-04	1.0218e-01	6.5391e-01	2.1902e-01	2.3604e-02	4.1955e-34	0.00e+00	0.00e+00	4.9859e-01
1.83720e+17	1.2200e+04	1.782e-17	1.6681e+03	1.9485e+03	9.6388e-19	2.3927e-04	9.9976e-01	1.7695e-05	6.2687e-02	9.3730e-01	5.1967e-27	5.6485e-08	7.1109e-04	1.3528e-01	4.4533e-01	2.1091e-08	1.8824e-04	1.1847e-01	6.5589e-01	2.0325e-01	2.1187e-02	4.4162e-34	0.00e+00	0.00e+00	5.4261e-01
2.00637e+17	1.2207e+04	1.798e-17	1.6681e+03	1.9471e+03	9.3285e-19	2.3686e-04	9.9976e-01	2.0315e-05	7.2233e-02	9.2775e-01	6.2639e-27	6.3363e-08	7.7946e-04	1.4874e-01	4.6053e-01	2.4276e-08	2.1774e-04	1.3705e-01	6.5485e-01	1.8801e-01	1.8983e-02	4.7979e-34	0.00e+00	0.00e+00	5.8342e-01
2.16541e+17	1.2231e+04	1.819e-17	1.6681e+03	1.9455e+03	9.0212e-19	2.3517e-04	9.9976e-01	2.3655e-05	8.4171e-02	9.1580e-01	7.6866e-27	7.1177e-08	8.5511e-04	1.6316e-01	4.7543e-01	2.8387e-08	2.5487e-04	1.5934e-01	6.5029e-01	1.7245e-01	1.6870e-02	5.3005e-34	0.00e+00	0.00e+00	6.2167e-01
2.31232e+17	1.2282e+04	1.844e-17	1.6681e+03	1.9433e+03	8.7577e-19	2.3362e-04	9.9977e-01	2.7780e-05	9.8883e-02	9.0109e-01	9.5497e-27	7.9595e-08	9.3401e-04	1.7798e-01	4.8966e-01	3.3426e-08	3.0000e-04	1.8558e-01	6.4159e-01	1.5693e-01	1.4892e-02	6.0208e-34	0.00e+00	0.00e+00	6.5596e-01
2.44340e+17	1.2342e+04	1.873e-17	1.6681e+03	1.9406e+03	8.4797e-19	2.3250e-04	9.9977e-01	3.2763e-05	1.1649e-01	8.8348e-01	1.1809e-26	8.8286e-08	1.0139e-03	1.9262e-01	5.0294e-01	3.9461e-08	3.5327e-04	2.1540e-01	6.2872e-01	1.4183e-01	1.3081e-02	6.8245e-34	0.00e+00	0.00e+00	6.8602e-01
2.55950e+17	1.2405e+04	1.905e-17	1.6681e+03	1.9380e+03	8.2489e-19	2.3200e-04	9.9977e-01	3.8773e-05	1.3722e-01	8.6274e-01	1.4660e-26	9.7354e-08	1.0956e-03	2.0683e-01	5.1529e-01	4.6781e-08	4.1634e-04	2.4863e-01	6.1174e-01	1.2724e-01	1.1425e-02	7.8172e-34	0.00e+00	0.00e+00	7.1275e-01
2.66403e+17	1.2482e+04	1.936e-17	1.6681e+03	1.9346e+03	8.0231e-19	2.3138e-04	9.9977e-01	4.5820e-05	1.6154e-01	8.3842e-01	1.7994e-26	1.0616e-07	1.1737e-03	2.2032e-01	5.2686e-01	5.5086e-08	4.8777e-04	2.8533e-01	5.9061e-01	1.1319e-01	9.9112e-03	8.9645e-34	0.00e+00	0.00e+00	7.3702e-01
2.76004e+17	1.2531e+04	1.976e-17	1.6681e+03	1.9314e+03	7.8687e-19	2.3053e-04	9.9977e-01	5.3878e-05	1.9062e-01	8.0933e-01	2.1140e-26	1.1402e-07	1.2396e-03	2.3351e-01	5.3806e-01	6.2760e-08	5.5697e-04	3.2627e-01	5.6495e-01	9.9327e-02	8.4905e-03	9.9978e-34	0.00e+00	0.00e+00	7.5945e-01
2.84911e+17	1.2577e+04	2.010e-17	1.6681e+03	1.9271e+03	7.7873e-19	2.3138e-04	9.9977e-01	6.4155e-05	2.2519e-01	7.7475e-01	2.6012e-26	1.2340e-07	1.3195e-03	2.4630e-01	5.4871e-01	7.4233e-08	6.5153e-04	3.7154e-01	5.3445e-01	8.5847e-02	7.1703e-03	1.1587e-33	0.00e+00	0.00e+00	7.8034e-01
2.93033e+17	1.2615e+04	2.038e-17	1.6681e+03	1.9203e+03	7.8418e-19	2.3365e-04	9.9977e-01	7.6392e-05	2.6468e-01	7.3524e-01	3.2973e-26	1.3356e-07	1.4064e-03	2.5805e-01	5.5862e-01	8.9527e-08	7.6966e-04	4.1935e-01	5.0030e-01	7.3302e-02	5.9956e-03	1.3949e-33	0.00e+00	0.00e+00	7.9921e-01
3.00165e+17	1.2636e+04	2.062e-17	1.6681e+03	1.9135e+03	7.8544e-19	2.3480e-04	9.9977e-01	8.8940e-05	3.0695e-01	6.9296e-01	3.8857e-26	1.4140e-07	1.4708e-03	2.6821e-01	5.6751e-01	1.0270e-07	8.7437e-04	4.6638e-01	4.6524e-01	6.2267e-02	5.0038e-03	1.5813e-33	0.00e+00	0.00e+00	8.1551e-01
3.06442e+17	1.2633e+04	2.078e-17	1.6681e+03	1.9076e+03	7.9302e-19	2.3651e-04	9.9976e-01	1.0228e-04	3.5069e-01	6.4921e-01	4.5211e-26	1.4880e-07	1.5319e-03	2.7721e-01	5.7529e-01	1.1650e-07	9.8072e-04	5.1145e-01	4.3050e-01	5.2696e-02	4.1700e-03	1.7766e-33	0.00e+00	0.00e+00	8.3036e-01
3.12327e+17	1.2604e+04	2.085e-17	1.6681e+03	1.9010e+03	8.1180e-19	2.3871e-04	9.9976e-01	1.1657e-04	3.9698e-01	6.0291e-01	5.2238e-26	1.5587e-07	1.5892e-03	2.8546e-01	5.8240e-01	1.3090e-07	1.0885e-03	5.5581e-01	3.9535e-01	4.4144e-02	3.4472e-03	2.0015e-33	0.00e+00	0.00e+00	8.4496e-01
3.19006e+17	1.2531e+04	2.079e-17	1.6681e+03	1.8924e+03	8.4816e-19	2.4224e-04	9.9976e-01	1.3476e-04	4.5459e-01	5.4527e-01	6.1733e-26	1.6430e-07	1.6564e-03	2.9463e-01	5.9002e-01	1.4923e-07	1.2200e-03	6.0722e-01	3.5355e-01	3.5173e-02	2.7103e-03	2.3035e-33	0.00e+00	0.00e+00	8.6422e-01
3.26088e+17	1.2426e+04	2.058e-17	1.6681e+03	1.8825e+03	8.9087e-19	2.4613e-04	9.9975e-01	1.5543e-04	5.1968e-01	4.8017e-01	7.1981e-26	1.7254e-07	1.7224e-03	3.0348e-01	5.9710e-01	1.6928e-07	1.3603e-03	6.6018e-01	3.0923e-01	2.7076e-02	2.0677e-03	2.6101e-33	0.00e+00	0.00e+00	8.8136e-01
3.32257e+17	1.2296e+04	2.026e-17	1.6681e+03	1.8742e+03	9.4774e-19	2.5033e-04	9.9975e-01	1.7450e-04	5.7773e-01	4.2210e-01	8.2244e-26	1.7992e-07	1.7807e-03	3.1090e-01	6.0230e-01	1.8762e-07	1.4824e-03	7.0416e-01	2.7157e-01	2.1113e-02	1.6063e-03	2.9287e-33	0.00e+00	0.00e+00	8.9645e-01
3.38838e+17	1.2116e+04	1.976e-17	1.6681e+03	1.8656e+03	1.0350e-18	2.5608e-04	9.9974e-01	1.9535e-04	6.3757e-01	3.6223e-01	9.5661e-26	1.8876e-07	1.8484e-03	3.1865e-01	6.0654e-01	2.0891e-07	1.6146e-03	7.4726e-01	2.3395e-01	1.5914e-02	1.2115e-03	3.3520e-33	0.00e+00	0.00e+00	9.1651e-01
3.46191e+17	1.1897e+04	1.910e-17	1.6681e+03	1.8570e+03	1.1459e-18	2.6255e-04	9.9974e-01	2.1710e-04	6.9794e-01	3.0185e-01	1.1053e-25	1.9803e-07	1.9187e-03	3.2650e-01	6.0963e-01	2.3116e-07	1.7460e-03	7.8831e-01	1.9739e-01	1.1631e-02	8.9237e-04	3.8075e-33	0.00e+00	0.00e+00	9.3660e-01
3.53189e+17	1.1677e+04	1.843e-17	1.6681e+03	1.8498e+03	1.2635e-18	2.6898e-04	9.9973e-01	2.3607e-04	7.4783e-01	2.5193e-01	1.2473e-25	2.0688e-07	1.9844e-03	3.3346e-01	6.1112e-01	2.5147e-07	1.8585e-03	8.2100e-01	1.6776e-01	8.6851e-03	6.7484e-04	4.2066e-33	0.00e+00	0.00e+00	9.5566e-01
3.60926e+17	1.1427e+04	1.766e-17	1.6681e+03	1.8434e+03	1.4314e-18	2.7681e-04	9.9972e-01	2.5542e-04	7.9428e-01	2.0546e-01	1.4356e-25	2.1749e-07	2.0604e-03	3.4092e-01	6.1125e-01	2.7405e-07	1.9739e-03	8.5096e-01	1.4018e-01	6.3602e-03	5.0256e-04	4.7787e-33	0.00e+00	0.00e+00	9.8115e-01
3.69472e+17	1.1178e+04	1.690e-17	1.6681e+03	1.8376e+03	1.6190e-18	2.8467e-04	9.9972e-01	2.7297e-04	8.3431e-01	1.6542e-01	1.6269e-25	2.2814e-07	2.1352e-03	3.4812e-01	6.1029e-01	2.9578e-07	2.0783e-03	8.7631e-01	1.1652e-01	4.6999e-03	3.7789e-04	5.3313e-33	0.00e+00	0.00e+00	1.0062e+00
3.79070e+17	1.0921e+04	1.612e-17	1.6681e+03	1.8325e+03	1.8518e-18	2.9373e-04	9.9971e-01	2.9006e-04	8.6915e-01	1.3056e-01	1.8584e-25	2.4056e-07	2.2192e-03	3.5567e-01	6.0810e-01	3.1962e-07	2.1835e-03	8.9857e-01	9.5475e-02	3.4808e-03	2.8300e-04	5.9825e-33	0.00e+00	0.00e+00	1.0397e+00
3.89868e+17	1.0682e+04	1.540e-17	1.6681e+03	1.8284e+03	2.1057e-18	3.0273e-04	9.9970e-01	3.0495e-04	8.9740e-01	1.0230e-01	2.0913e-25	2.5288e-07	2.3005e-03	3.6290e-01	6.0517e-01	3.4225e-07	2.2760e-03	9.1668e-01	7.8160e-02	2.6620e-03	2.1566e-04	6.6179e-33	0.00e+00	0.00e+00	1.0740e+00
4.02225e+17	1.0453e+04	1.473e-17	1.6681e+03	1.8250e+03	2.4051e-18	3.1288e-04	9.9969e-01	3.1906e-04	9.2082e-01	7.8865e-02	2.3660e-25	2.6683e-07	2.3889e-03	3.7032e-01	6.0136e-01	3.6689e-07	2.3672e-03	9.3213e-01	6.3246e-02	2.0900e-03	1.6449e-04	7.3546e-33	0.00e+00	0.00e+00	1.1200e+00
4.18289e+17	1.0226e+04	1.408e-17	1.6681e+03	1.8220e+03	2.7809e-18	3.2498e-04	9.9968e-01	3.3319e-04	9.4136e-01	5.8305e-02	2.7050e-25	2.8329e-07	2.4889e-03	3.7846e-01	5.9647e-01	3.9518e-07	2.4610e-03	9.4608e-01	4.9661e-02	1.6749e-03	1.2280e-04	8.2708e-33	0.00e+00	0.00e+00	1.1822e+00
4.39172e+17	1.0016e+04	1.349e-17	1.6681e+03	1.8195e+03	3.2341e-18	3.3945e-04	9.9966e-01	3.4683e-04	9.5819e-01	4.1462e-02	3.1158e-25	3.0243e-07	2.5994e-03	3.8710e-01	5.9060e-01	4.2765e-07	2.5544e-03	9.5796e-01	3.7993e-02	1.3963e-03	9.0182e-05	9.3901e-33	0.00e+00	0.00e+00	1.2665e+00
4.66320e+17	9.8427e+03	1.300e-17	1.6681e+03	1.8176e+03	3.7582e-18	3.5706e-04	9.9964e-01	3.5978e-04	9.7112e-01	2.8521e-02	3.6166e-25	3.2471e-07	2.7197e-03	3.9612e-01	5.8389e-01	4.6567e-07	2.6458e-03	9.6755e-01	2.8511e-02	1.2197e-03	6.5451e-05	1.0786e-32	0.00e+00	0.00e+00	1.3819e+00
5.01613e+17	9.7185e+03	1.264e-17	1.6681e+03	1.8162e+03	4.3761e-18	3.7943e-04	9.9962e-01	3.7223e-04	9.8052e-01	1.9107e-02	4.2661e-25	3.5137e-07	2.8526e-03	4.0557e-01	5.7633e-01	5.1244e-07	2.7362e-03	9.7495e-01	2.1158e-02	1.1100e-03	4.7147e-05	1.2718e-32	0.00e+00	0.00e+00	1.5414e+00
5.47493e+17	9.6525e+03	1.245e-17	1.6681e+03	1.8151e+03	5.1305e-18	4.0959e-04	9.9959e-01	3.8504e-04	9.8706e-01	1.2557e-02	5.1739e-25	3.8473e-07	3.0054e-03	4.1575e-01	5.6769e-01	5.7426e-07	2.8292e-03	9.8043e-01	1.5661e-02	1.0392e-03	3.3862e-05	1.5613e-32	0.00e+00	0.00e+00	1.7651e+00
6.02096e+17	9.6608e+03	1.244e-17	1.6681e+03	1.8144e+03	6.0148e-18	4.4885e-04	9.9955e-01	3.9766e-04	9.9114e-01	8.4655e-03	6.4157e-25	4.2412e-07	3.1700e-03	4.2598e-01	5.5864e-01	6.5450e-07	2.9223e-03	9.8406e-01	1.1997e-02	9.9325e-04	2.5117e-05	1.9970e-32	0.00e+00	0.00e+00	2.0361e+00
6.62306e+17	9.7486e+03	1.259e-17	1.6681e+03	1.8140e+03	7.0631e-18	4.9903e-04	9.9950e-01	4.1093e-04	9.9360e-01	5.9930e-03	8.2316e-25	4.7067e-07	3.3494e-03	4.3604e-01	5.4948e-01	7.6045e-07	3.0202e-03	9.8641e-01	9.5889e-03	9.6066e-04	1.9378e-05	2.6999e-32	0.00e+00	0.00e+00	2.3676e+00
7.28537e+17	9.8816e+03	1.291e-17	1.6681e+03	1.8136e+03	8.5068e-18	5.6672e-04	9.9943e-01	4.2723e-04	9.9517e-01	4.4018e-03	1.1189e-24	5.3020e-07	3.5696e-03	4.4718e-01	5.3907e-01	9.1242e-07	3.1398e-03	9.8802e-01	7.8944e-03	9.3314e-04	1.5313e-05	3.9253e-32	0.00e+00	0.00e+00	2.7816e+00
8.01390e+17	1.0061e+04	1.340e-17	1.6681e+03	1.8133e+03	1.0393e-17	6.6113e-04	9.9934e-01	4.4706e-04	9.9622e-01	3.3318e-03	1.6142e-24	6.0920e-07	3.8545e-03	4.6015e-01	5.2672e-01	1.1446e-06	3.2976e-03	9.8915e-01	6.6340e-03	9.0788e-04	1.2248e-05	6.0037e-32	0.00e+00	0.00e+00	3.3130e+00
8.73911e+17	1.0320e+04	1.403e-17	1.6681e+03	1.8130e+03	1.3280e-17	7.8256e-04	9.9922e-01	4.7135e-04	9.9686e-01	2.6665e-03	2.5271e-24	7.0150e-07	4.1773e-03	4.7309e-01	5.1421e-01	1.4791e-06	3.4896e-03	9.8984e-01	5.7690e-03	8.8891e-04	1.0085e-05	1.0606e-31	0.00e+00	0.00e+00	3.8793e+00
9.36331e+17	1.0546e+04	1.470e-17	1.6681e+03	1.8127e+03	1.7322e-17	9.2141e-04	9.9908e-01	4.9648e-04	9.9723e-01	2.2698e-03	4.0432e-24	8.0330e-07	4.5372e-03	4.8622e-01	5.0134e-01	1.9172e-06	3.7145e-03	9.9022e-01	5.1849e-03	8.7366e-04	8.5861e-06	1.9251e-31	0.00e+00	0.00e+00	4.4238e+00
9.88114e+17	1.0759e+04	1.531e-17	1.6681e+03	1.8124e+03	2.1771e-17	1.0658e-03	9.9893e-01	5.2292e-04	9.9746e-01	2.0213e-03	6.2334e-24	9.0697e-07	4.9070e-03	4.9858e-01	4.8911e-01	2.4426e-06	3.9541e-03	9.9041e-01	4.7599e-03	8.6210e-04	7.4979e-06	3.2768e-31	0.00e+00	0.00e+00	4.9562e+00
1.03455e+18	1.0953e+04	1.589e-17	1.6681e+03	1.8121e+03	2.7133e-17	1.2233e-03	9.9878e-01	5.5213e-04	9.9761e-01	1.8362e-03	9.5776e-24	1.0210e-06	5.3186e-03	5.1147e-01	4.7627e-01	3.1031e-06	4.2254e-03	9.9052e-01	4.3917e-03	8.5149e-04	6.5877e-06	5.4740e-31	0.00e+00	0.00e+00	5.5414e+00
1.08679e+18	1.1164e+04	1.654e-17	1.6681e+03	1.8117e+03	3.5495e-17	1.4367e-03	9.9856e-01	5.9217e-04	9.9776e-01	1.6492e-03	1.6340e-23	1.1805e-06	5.8998e-03	5.2862e-01	4.5908e-01	4.1537e-06	4.6084e-03	9.9058e-01	3.9650e-03	8.3826e-04	5.6075e-06	1.0214e-30	0.00e+00	0.00e+00	6.4347e+00
1.14483e+18	1.1412e+04	1.735e-17	1.6681e+03	1.8112e+03	4.9241e-17	1.7457e-03	9.9825e-01	6.4800e-04	9.9788e-01	1.4723e-03	3.1750e-23	1.4068e-06	6.7304e-03	5.5053e-01	4.3695e-01	6.0053e-06	5.1922e-03	9.9043e-01	3.5399e-03	8.2491e-04	4.6442e-06	2.1896e-30	0.00e+00	0.00e+00	7.4832e+00
1.19516e+18	1.1637e+04	1.814e-17	1.6681e+03	1.8105e+03	6.8206e-17	2.1089e-03	9.9789e-01	7.1290e-04	9.9793e-01	1.3549e-03	6.2173e-23	1.6727e-06	7.7113e-03	5.7323e-01	4.1380e-01	8.7335e-06	5.9235e-03	9.9006e-01	3.1924e-03	8.1398e-04	3.8788e-06	4.6767e-30	0.00e+00	0.00e+00	8.4517e+00
1.23317e+18	1.1802e+04	1.877e-17	1.6681e+03	1.8100e+03	9.2413e-17	2.4654e-03	9.9753e-01	7.7645e-04	9.9794e-01	1.2852e-03	1.1362e-22	1.9397e-06	8.6965e-03	5.9351e-01	3.9296e-01	1.2046e-05	6.6869e-03	9.8956e-01	2.9288e-03	8.0520e-04	3.3296e-06	9.3697e-30	0.00e+00	0.00e+00	9.2933e+00
1.26348e+18	1.1945e+04	1.928e-17	1.6681e+03	1.8092e+03	1.1358e-16	2.8092e-03	9.9719e-01	8.4053e-04	9.9792e-01	1.2395e-03	1.8333e-22	2.2043e-06	9.6739e-03	6.1168e-01	3.7417e-01	1.5910e-05	7.4697e-03	9.8900e-01	2.7106e-03	7.9801e-04	2.9104e-06	1.5386e-29	0.00e+00	0.00e+00	1.0128e+01
1.29592e+18	1.2057e+04	1.985e-17	1.6681e+03	1.8086e+03	1.5480e-16	3.2489e-03	9.9675e-01	9.1923e-04	9.9790e-01	1.1828e-03	3.3785e-22	2.5578e-06	1.0969e-02	6.3383e-01	3.5111e-01	2.1804e-05	8.5109e-03	9.8822e-01	2.4541e-03	7.8778e-04	2.4706e-06	3.0787e-29	0.00e+00	0.00e+00	1.1382e+01
1.32988e+18	1.2220e+04	2.047e-17	1.6681e+03	1.8075e+03	2.1919e-16	3.8394e-03	9.9616e-01	1.0234e-03	9.9786e-01	1.1142e-03	6.8998e-22	3.0298e-06	1.2694e-02	6.5904e-01	3.2460e-01	3.1730e-05	1.0028e-02	9.8696e-01	2.1961e-03	7.7863e-04	2.0488e-06	6.9030e-29	0.00e+00	0.00e+00	1.2645e+01
1.35649e+18	1.2327e+04	2.103e-17	1.6681e+03	1.8065e+03	2.9846e-16	4.4492e-03	9.9555e-01	1.1316e-03	9.9779e-01	1.0772e-03	1.3039e-21	3.5255e-06	1.4497e-02	6.8152e-01	3.0065e-01	4.4536e-05	1.1712e-02	9.8548e-01	1.9929e-03	7.7023e-04	1.7343e-06	1.3966e-28	0.00e+00	0.00e+00	1.3675e+01
1.37184e+18	1.2395e+04	2.137e-17	1.6681e+03	1.8057e+03	3.6161e-16	4.8856e-03	9.9511e-01	1.2099e-03	9.9772e-01	1.0720e-03	1.9595e-21	3.8833e-06	1.5799e-02	6.9538e-01	2.8570e-01	5.5592e-05	1.3018e-02	9.8428e-01	1.8836e-03	7.6546e-04	1.5649e-06	2.1784e-28	0.00e+00	0.00e+00	1.4124e+01
1.37909e+18	1.2421e+04	2.151e-17	1.6681e+03	1.8053e+03	3.9522e-16	5.1016e-03	9.9490e-01	1.2508e-03	9.9765e-01	1.0960e-03	2.3728e-21	4.0674e-06	1.6473e-02	7.0211e-01	2.7839e-01	6.1679e-05	1.3690e-02	9.8365e-01	1.8350e-03	7.6279e-04	1.4910e-06	2.6734e-28	0.00e+00	0.00e+00	1.4433e+01
1.38569e+18	1.2443e+04	2.164e-17	1.6681e+03	1.8049e+03	4.2851e-16	5.3033e-03	9.9470e-01	1.2882e-03	9.9761e-01	1.1044e-03	2.8231e-21	4.2463e-06	1.7113e-02	7.0846e-01	2.7148e-01	6.7672e-05	1.4319e-02	9.8307e-01	1.7827e-03	7.6002e-04	1.4217e-06	3.2181e-28	0.00e+00	0.00e+00	1.4850e+01
1.39427e+18	1.2466e+04	2.182e-17	1.6681e+03	1.8045e+03	4.7793e-16	5.5842e-03	9.9442e-01	1.3399e-03	9.9757e-01	1.0947e-03	3.5610e-21	4.4945e-06	1.8005e-02	7.1688e-01	2.6228e-01	7.6590e-05	1.5212e-02	9.8224e-01	1.7118e-03	7.5614e-04	1.3321e-06	4.1233e-28	0.00e+00	0.00e+00	1.5420e+01
1.40543e+18	1.2508e+04	2.203e-17	1.6681e+03	1.8038e+03	5.4997e-16	5.9808e-03	9.9402e-01	1.4129e-03	9.9752e-01	1.0709e-03	4.8491e-21	4.8478e-06	1.9269e-02	7.2799e-01	2.5006e-01	9.0474e-05	1.6522e-02	9.8102e-01	1.6193e-03	7.5123e-04	1.2203e-06	5.7177e-28	0.00e+00	0.00e+00	1.6215e+01
1.41744e+18	1.2527e+04	2.232e-17	1.6681e+03	1.8032e+03	6.5163e-16	6.4820e-03	9.9352e-01	1.5044e-03	9.9746e-01	1.0387e-03	6.9519e-21	5.2874e-06	2.0847e-02	7.4037e-01	2.3626e-01	1.1007e-04	1.8237e-02	9.7939e-01	1.5199e-03	7.4489e-04	1.1019e-06	8.3590e-28	0.00e+00	0.00e+00	1.6993e+01
1.42750e+18	1.2575e+04	2.254e-17	1.6681e+03	1.8021e+03	7.5118e-16	6.9563e-03	9.9304e-01	1.5911e-03	9.9738e-01	1.0253e-03	9.5681e-21	5.7108e-06	2.2345e-02	7.5087e-01	2.2440e-01	1.3124e-04	1.9963e-02	9.7772e-01	1.4400e-03	7.4036e-04	1.0090e-06	1.1710e-27	0.00e+00	0.00e+00	1.7632e+01
1.43503e+18	1.2594e+04	2.271e-17	1.6681e+03	1.8014e+03	8.4150e-16	7.3498e-03	9.9265e-01	1.6643e-03	9.9731e-01	1.0227e-03	1.2280e-20	6.0647e-06	2.3602e-02	7.5888e-01	2.1523e-01	1.5062e-04	2.1445e-02	9.7629e-01	1.3810e-03	7.3621e-04	9.4166e-07	1.5197e-27	0.00e+00	0.00e+00	1.8122e+01
1.44124e+18	1.2606e+04	2.285e-17	1.6681e+03	1.8009e+03	9.2571e-16	7.6938e-03	9.9231e-01	1.7288e-03	9.9725e-01	1.0229e-03	1.5136e-20	6.3785e-06	2.4720e-02	7.6558e-01	2.0749e-01	1.6894e-04	2.2773e-02	9.7499e-01	1.3319e-03	7.3243e-04	8.8796e-07	1.8887e-27	0.00e+00	0.00e+00	1.8615e+01
1.44824e+18	1.2613e+04	2.301e-17	1.6681e+03	1.8003e+03	1.0324e-15	8.1027e-03	9.9190e-01	1.8062e-03	9.9718e-01	1.0162e-03	1.9199e-20	6.7578e-06	2.6063e-02	7.7323e-01	1.9859e-01	1.9241e-04	2.4386e-02	9.7342e-01	1.2750e-03	7.2771e-04	8.2913e-07	2.4151e-27	0.00e+00	0.00e+00	1.9291e+01
1.45735e+18	1.2650e+04	2.319e-17	1.6681e+03	1.7991e+03	1.1857e-15	8.6810e-03	9.9132e-01	1.9144e-03	9.9709e-01	9.9756e-04	2.6374e-20	7.2973e-06	2.7956e-02	7.8309e-01	1.8696e-01	2.2933e-04	2.6774e-02	9.7107e-01	1.2010e-03	7.2208e-04	7.5629e-07	3.3545e-27	0.00e+00	0.00e+00	2.0232e+01
1.46619e+18	1.2652e+04	2.345e-17	1.6681e+03	1.7981e+03	1.3935e-15	9.3691e-03	9.9063e-01	2.0408e-03	9.9699e-01	9.7157e-04	3.7336e-20	7.9190e-06	3.0142e-02	7.9285e-01	1.7513e-01	2.7825e-04	2.9700e-02	9.6818e-01	1.1273e-03	7.1504e-04	6.8410e-07	4.8113e-27	0.00e+00	0.00e+00	2.0960e+01
1.47233e+18	1.2658e+04	2.361e-17	1.6681e+03	1.7973e+03	1.5597e-15	9.8914e-03	9.9011e-01	2.1395e-03	9.9689e-01	9.6843e-04	4.7939e-20	8.4010e-06	3.1840e-02	7.9953e-01	1.6684e-01	3.2008e-04	3.2058e-02	9.6583e-01	1.0790e-03	7.0996e-04	6.3737e-07	6.2214e-27	0.00e+00	0.00e+00	2.1471e+01
1.47711e+18	1.2666e+04	2.371e-17	1.6681e+03	1.7965e+03	1.6999e-15	1.0313e-02	9.8969e-01	2.2205e-03	9.9681e-01	9.6955e-04	5.8214e-20	8.8003e-06	3.3238e-02	8.0466e-01	1.6037e-01	3.5677e-04	3.4023e-02	9.6387e-01	1.0418e-03	7.0594e-04	6.0299e-07	7.5896e-27	0.00e+00	0.00e+00	2.1976e+01
1.48246e+18	1.2667e+04	2.383e-17	1.6681e+03	1.7957e+03	1.8768e-15	1.0811e-02	9.8919e-01	2.3165e-03	9.9672e-01	9.6517e-04	7.2504e-20	9.2749e-06	3.4897e-02	8.1039e-01	1.5305e-01	4.0303e-04	3.6378e-02	9.6152e-01	9.9925e-04	7.0092e-04	5.6548e-07	9.4961e-27	0.00e+00	0.00e+00	2.2664e+01
1.48941e+18	1.2668e+04	2.400e-17	1.6681e+03	1.7948e+03	2.1450e-15	1.1520e-02	9.8848e-01	2.4526e-03	9.9660e-01	9.5110e-04	9.7481e-20	9.9492e-06	3.7245e-02	8.1772e-01	1.4347e-01	4.7522e-04	3.9840e-02	9.5805e-01	9.4352e-04	6.9388e-04	5.1811e-07	1.2854e-26	0.00e+00	0.00e+00	2.3617e+01
1.49641e+18	1.2668e+04	2.420e-17	1.6681e+03	1.7935e+03	2.4880e-15	1.2369e-02	9.8763e-01	2.6121e-03	9.9646e-01	9.3117e-04	1.3533e-19	1.0734e-05	3.9978e-02	8.2491e-01	1.3363e-01	5.7177e-04	4.4159e-02	9.5370e-01	8.8639e-04	6.8600e-04	4.7041e-07	1.7995e-26	0.00e+00	0.00e+00	2.4419e+01
1.50164e+18	1.2668e+04	2.434e-17	1.6681e+03	1.7921e+03	2.7929e-15	1.3075e-02	9.8693e-01	2.7471e-03	9.9633e-01	9.2466e-04	1.7508e-19	1.1394e-05	4.2275e-02	8.3009e-01	1.2623e-01	6.6164e-04	4.7934e-02	9.4988e-01	8.4474e-04	6.7964e-04	4.3633e-07	2.3402e-26	0.00e+00	0.00e+00	2.5010e+01
1.50575e+18	1.2667e+04	2.443e-17	1.6681e+03	1.7909e+03	3.0570e-15	1.3655e-02	9.8635e-01	2.8606e-03	9.9622e-01	9.2291e-04	2.1448e-19	1.1945e-05	4.4199e-02	8.3399e-01	1.2045e-01	7.4210e-04	5.1146e-02	9.4662e-01	8.1288e-04	6.7438e-04	4.1112e-07	2.8750e-26	0.00e+00	0.00e+00	2.5575e+01
1.51026e+18	1.2660e+04	2.454e-17	1.6681e+03	1.7896e+03	3.3825e-15	1.4326e-02	9.8567e-01	2.9925e-03	9.9609e-01	9.1780e-04	2.6841e-19	1.2587e-05	4.6432e-02	8.3818e-01	1.1409e-01	8.4203e-04	5.4927e-02	9.4279e-01	7.7770e-04	6.6814e-04	3.8440e-07	3.6074e-26	0.00e+00	0.00e+00	2.6345e+01
1.51613e+18	1.2636e+04	2.471e-17	1.6681e+03	1.7884e+03	3.8968e-15	1.5294e-02	9.8471e-01	3.1826e-03	9.9591e-01	9.0460e-04	3.6421e-19	1.3509e-05	4.9621e-02	8.4334e-01	1.0582e-01	9.9918e-04	6.0504e-02	9.3711e-01	7.3162e-04	6.5880e-04	3.5040e-07	4.9187e-26	0.00e+00	0.00e+00	2.7413e+01
1.52201e+18	1.2641e+04	2.486e-17	1.6681e+03	1.7858e+03	4.5173e-15	1.6438e-02	9.8356e-01	3.4008e-03	9.9571e-01	8.8735e-04	5.0843e-19	1.4556e-05	5.3274e-02	8.4806e-01	9.7518e-02	1.2095e-03	6.7475e-02	9.2998e-01	6.8462e-04	6.4914e-04	3.1681e-07	6.9099e-26	0.00e+00	0.00e+00	2.8298e+01
1.52631e+18	1.2620e+04	2.500e-17	1.6681e+03	1.7844e+03	5.1045e-15	1.7399e-02	9.8260e-01	3.5881e-03	9.9553e-01	8.7991e-04	6.6181e-19	1.5448e-05	5.6367e-02	8.5120e-01	9.1345e-02	1.4049e-03	7.3505e-02	9.2380e-01	6.5008e-04	6.4042e-04	2.9241e-07	9.0351e-26	0.00e+00	0.00e+00	2.8940e+01
1.52968e+18	1.2601e+04	2.508e-17	1.6681e+03	1.7832e+03	5.6104e-15	1.8174e-02	9.8183e-01	3.7447e-03	9.9538e-01	8.7677e-04	8.1201e-19	1.6187e-05	5.8929e-02	8.5339e-01	8.6634e-02	1.5773e-03	7.8560e-02	9.1861e-01	6.2435e-04	6.3328e-04	2.7475e-07	1.1108e-25	0.00e+00	0.00e+00	2.9557e+01
1.53339e+18	1.2584e+04	2.517e-17	1.6681e+03	1.7818e+03	6.2195e-15	1.9068e-02	9.8093e-01	3.9254e-03	9.9520e-01	8.7144e-04	1.0171e-18	1.7043e-05	6.1887e-02	8.5561e-01	8.1507e-02	1.7914e-03	8.4519e-02	9.1247e-01	5.9628e-04	6.2512e-04	2.5624e-07	1.3943e-25	0.00e+00	0.00e+00	3.0399e+01
1.53821e+18	1.2559e+04	2.530e-17	1.6681e+03	1.7801e+03	7.1665e-15	2.0364e-02	9.7964e-01	4.1847e-03	9.9496e-01	8.5976e-04	1.3818e-18	1.8265e-05	6.6099e-02	8.5808e-01	7.4888e-02	2.1301e-03	9.3350e-02	9.0335e-01	5.5942e-04	6.1335e-04	2.3266e-07	1.9020e-25	0.00e+00	0.00e+00	3.1567e+01
1.54309e+18	1.2534e+04	2.546e-17	1.6681e+03	1.7777e+03	8.4109e-15	2.1951e-02	9.7805e-01	4.4946e-03	9.9466e-01	8.4384e-04	1.9515e-18	1.9704e-05	7.1076e-02	8.5990e-01	6.8149e-02	2.5939e-03	1.0453e-01	8.9176e-01	5.2054e-04	5.9948e-04	2.0840e-07	2.7041e-25	0.00e+00	0.00e+00	3.2565e+01
1.54677e+18	1.2511e+04	2.557e-17	1.6681e+03	1.7752e+03	9.5591e-15	2.3304e-02	9.7670e-01	4.7637e-03	9.9440e-01	8.3536e-04	2.5697e-18	2.0927e-05	7.5341e-02	8.6071e-01	6.3122e-02	3.0359e-03	1.1444e-01	8.8144e-01	4.9156e-04	5.8782e-04	1.9077e-07	3.5742e-25	0.00e+00	0.00e+00	3.3312e+01
1.54970e+18	1.2498e+04	2.561e-17	1.6681e+03	1.7721e+03	1.0546e-14	2.4417e-02	9.7558e-01	4.9910e-03	9.9418e-01	8.3024e-04	3.1891e-18	2.1932e-05	7.8919e-02	8.6102e-01	5.9269e-02	3.4362e-03	1.2295e-01	8.7256e-01	4.6966e-04	5.7847e-04	1.7792e-07	4.4404e-25	0.00e+00	0.00e+00	3.4034e+01
1.55292e+18	1.2464e+04	2.570e-17	1.6681e+03	1.7701e+03	1.1855e-14	2.5747e-02	9.7425e-01	5.2648e-03	9.9391e-01	8.2311e-04	4.0733e-18	2.3161e-05	8.3177e-02	8.6103e-01	5.5042e-02	3.9451e-03	1.3309e-01	8.6195e-01	4.4548e-04	5.6668e-04	1.6402e-07	5.6843e-25	0.00e+00	0.00e+00	3.5023e+01
1.55712e+18	1.2425e+04	2.581e-17	1.6681e+03	1.7672e+03	1.3882e-14	2.7682e-02	9.7232e-01	5.6582e-03	9.9353e-01	8.1081e-04	5.6748e-18	2.4904e-05	8.9241e-02	8.6039e-01	4.9670e-02	4.7594e-03	1.4816e-01	8.4612e-01	4.1407e-04	5.4994e-04	1.4655e-07	7.9545e-25	0.00e+00	0.00e+00	3.6406e+01
1.56139e+18	1.2382e+04	2.597e-17	1.6681e+03	1.7632e+03	1.6666e-14	3.0120e-02	9.6988e-01	6.1404e-03	9.9307e-01	7.9448e-04	8.2922e-18	2.6992e-05	9.6551e-02	8.5859e-01	4.4214e-02	5.9057e-03	1.6747e-01	8.2571e-01	3.8037e-04	5.2953e-04	1.2834e-07	1.1716e-24	0.00e+00	0.00e+00	3.7609e+01
1.56464e+18	1.2340e+04	2.607e-17	1.6681e+03	1.7602e+03	1.9368e-14	3.2257e-02	9.6774e-01	6.5766e-03	9.9264e-01	7.8395e-04	1.1289e-17	2.8861e-05	1.0302e-01	8.5623e-01	4.0141e-02	7.0316e-03	1.8487e-01	8.0723e-01	3.5490e-04	5.1167e-04	1.1497e-07	1.6036e-24	0.00e+00	0.00e+00	3.8532e+01
1.56729e+18	1.2321e+04	2.608e-17	1.6681e+03	1.7557e+03	2.1746e-14	3.4067e-02	9.6593e-01	6.9529e-03	9.9227e-01	7.7709e-04	1.4436e-17	3.0390e-05	1.0857e-01	8.5385e-01	3.7005e-02	8.0878e-03	2.0018e-01	7.9090e-01	3.3543e-04	4.9708e-04	1.0516e-07	2.0551e-24	0.00e+00	0.00e+00	3.9455e+01
1.57025e+18	1.2267e+04	2.616e-17	1.6681e+03	1.7523e+03	2.5127e-14	3.6329e-02	9.6367e-01	7.4256e-03	9.9181e-01	7.6727e-04	1.9217e-17	3.2338e-05	1.1540e-01	8.5051e-01	3.3548e-02	9.4902e-03	2.1883e-01	7.7089e-01	3.1361e-04	4.7861e-04	9.4377e-08	2.7456e-24	0.00e+00	0.00e+00	4.0735e+01
1.57410e+18	1.2212e+04	2.625e-17	1.6681e+03	1.7465e+03	3.0498e-14	3.9685e-02	9.6032e-01	8.1154e-03	9.9113e-01	7.5290e-04	2.8311e-17	3.5100e-05	1.2520e-01	8.4505e-01	2.9245e-02	1.1790e-02	2.4666e-01	7.4081e-01	2.8549e-04	4.5236e-04	1.1755e-36	4.0740e-24	0.00e+00	0.00e+00	4.2553e+01
1.57807e+18	1.2147e+04	2.638e-17	1.6681e+03	1.7385e+03	3.8498e-14	4.4146e-02	9.5585e-01	9.0039e-03	9.9026e-01	7.3424e-04	4.4573e-17	3.8526e-05	1.3749e-01	8.3717e-01	2.4888e-02	1.5200e-02	2.8287e-01	7.0126e-01	2.5474e-04	4.1946e-04	1.1755e-36	6.4955e-24	0.00e+00	0.00e+00	4.4221e+01
1.58110e+18	1.2075e+04	2.650e-17	1.6681e+03	1.7337e+03	4.7181e-14	4.8354e-02	9.5165e-01	9.8658e-03	9.8941e-01	7.1985e-04	6.5448e-17	4.1836e-05	1.4902e-01	8.2893e-01	2.1642e-02	1.8777e-02	3.1614e-01	6.6446e-01	2.3084e-04	3.8951e-04	1.1755e-36	9.6450e-24	0.00e+00	0.00e+00	4.5485e+01
1.58340e+18	1.2044e+04	2.647e-17	1.6681e+03	1.7263e+03	5.4599e-14	5.1752e-02	9.4825e-01	1.0578e-02	9.8871e-01	7.1138e-04	8.7014e-17	4.4344e-05	1.5840e-01	8.2183e-01	1.9378e-02	2.1973e-02	3.4325e-01	6.3420e-01	2.1409e-04	3.6666e-04	1.1755e-36	1.2894e-23	0.00e+00	0.00e+00	4.6635e+01
1.58582e+18	1.1973e+04	2.648e-17	1.6681e+03	1.7196e+03	6.4694e-14	5.5764e-02	9.4424e-01	1.1427e-02	9.8787e-01	7.0068e-04	1.1826e-16	4.7347e-05	1.6924e-01	8.1331e-01	1.7092e-02	2.5942e-02	3.7320e-01	6.0032e-01	1.9691e-04	3.4102e-04	1.1755e-36	1.7632e-23	0.00e+00	0.00e+00	4.8245e+01
1.58898e+18	1.1898e+04	2.650e-17	1.6681e+03	1.7098e+03	8.1627e-14	6.1938e-02	9.3806e-01	1.2699e-02	9.8661e-01	6.8575e-04	1.7987e-16	5.1668e-05	1.8503e-01	8.0034e-01	1.4296e-02	3.2498e-02	4.1631e-01	5.5071e-01	1.7470e-04	3.0492e-04	1.1755e-36	2.7180e-23	0.00e+00	0.00e+00	5.0571e+01
1.59210e+18	1.1817e+04	2.652e-17	1.6681e+03	1.6942e+03	1.0723e-13	7.0100e-02	9.2990e-01	1.4313e-02	9.8502e-01	6.6938e-04	2.8848e-16	5.6753e-05	2.0422e-01	7.8383e-01	1.1654e-02	4.1818e-02	4.6702e-01	4.9074e-01	1.5145e-04	2.6349e-04	1.1755e-36	4.4501e-23	0.00e+00	0.00e+00	5.2546e+01
1.59430e+18	1.1749e+04	2.648e-17	1.6681e+03	1.6826e+03	1.3263e-13	7.7169e-02	9.2283e-01	1.5759e-02	9.8358e-01	6.5804e-04	4.1321e-16	6.1094e-05	2.2064e-01	7.6917e-01	9.9037e-03	5.0432e-02	5.0605e-01	4.4316e-01	1.3531e-04	2.3178e-04	1.1755e-36	6.4721e-23	0.00e+00	0.00e+00	5.3942e+01
1.59589e+18	1.1694e+04	2.639e-17	1.6681e+03	1.6741e+03	1.5517e-13	8.2793e-02	9.1721e-01	1.6959e-02	9.8239e-01	6.5047e-04	5.3575e-16	6.4551e-05	2.3378e-01	7.5722e-01	8.7376e-03	5.7581e-02	5.3398e-01	4.0810e-01	1.2443e-04	2.0909e-04	1.1755e-36	8.4710e-23	0.00e+00	0.00e+00	5.5224e+01
1.59758e+18	1.1621e+04	2.629e-17	1.6681e+03	1.6641e+03	1.8465e-13	8.9347e-02	9.1065e-01	1.8356e-02	9.8100e-01	6.4251e-04	7.0481e-16	6.8420e-05	2.4855e-01	7.4361e-01	7.5894e-03	6.6077e-02	5.6242e-01	3.7120e-01	1.1354e-04	1.8577e-04	1.1755e-36	1.1265e-22	0.00e+00	0.00e+00	5.7022e+01
1.59978e+18	1.1538e+04	2.613e-17	1.6681e+03	1.6471e+03	2.3438e-13	9.9372e-02	9.0063e-01	2.0423e-02	9.7894e-01	6.3382e-04	1.0184e-15	7.3726e-05	2.6952e-01	7.2403e-01	6.2223e-03	7.9341e-02	5.9868e-01	3.2172e-01	9.9753e-05	1.5572e-04	1.1755e-36	1.6590e-22	0.00e+00	0.00e+00	5.9622e+01
1.60202e+18	1.1448e+04	2.591e-17	1.6681e+03	1.6220e+03	3.1063e-13	1.1277e-01	8.8723e-01	2.3082e-02	9.7629e-01	6.2637e-04	1.5431e-15	7.9778e-05	2.9491e-01	6.9994e-01	4.9383e-03	9.7289e-02	6.3523e-01	2.6727e-01	8.5368e-05	1.2415e-04	1.1755e-36	2.5823e-22	0.00e+00	0.00e+00	6.1999e+01
1.60370e+18	1.1358e+04	2.573e-17	1.6681e+03	1.6060e+03	3.9535e-13	1.2548e-01	8.7452e-01	2.5704e-02	9.7368e-01	6.1911e-04	2.1761e-15	8.5537e-05	3.1831e-01	6.7743e-01	4.0486e-03	1.1437e-01	6.5984e-01	2.2561e-01	7.4726e-05	1.0070e-04	1.1755e-36	3.7340e-22	0.00e+00	0.00e+00	6.3787e+01
1.60493e+18	1.1300e+04	2.535e-17	1.6681e+03	1.5838e+03	4.6680e-13	1.3501e-01	8.6499e-01	2.7776e-02	9.7160e-01	6.1879e-04	2.7361e-15	8.9268e-05	3.3585e-01	6.6046e-01	3.4928e-03	1.2742e-01	6.7456e-01	1.9787e-01	6.8086e-05	8.6125e-05	1.1755e-36	4.7395e-22	0.00e+00	0.00e+00	6.5369e+01
1.60621e+18	1.1229e+04	2.499e-17	1.6681e+03	1.5648e+03	5.5882e-13	1.4603e-01	8.5397e-01	3.0216e-02	9.6917e-01	6.1735e-04	3.4868e-15	9.3631e-05	3.5547e-01	6.4137e-01	2.9633e-03	1.4229e-01	6.8642e-01	1.7116e-01	6.1582e-05	7.2269e-05	1.1755e-36	6.1248e-22	0.00e+00	0.00e+00	6.7594e+01
1.60787e+18	1.1128e+04	2.449e-17	1.6681e+03	1.5357e+03	7.2063e-13	1.6308e-01	8.3692e-01	3.3887e-02	9.6550e-01	6.1715e-04	4.8395e-15	9.9458e-05	3.8314e-01	6.1433e-01	2.3486e-03	1.6491e-01	6.9662e-01	1.3836e-01	5.3381e-05	5.5866e-05	1.1755e-36	8.7025e-22	0.00e+00	0.00e+00	7.0824e+01
1.60959e+18	1.1018e+04	2.386e-17	1.6681e+03	1.4971e+03	9.7108e-13	1.8576e-01	8.1424e-01	3.8688e-02	9.6069e-01	6.2148e-04	7.0047e-15	1.0582e-04	4.1623e-01	5.8181e-01	1.7909e-03	1.9434e-01	6.9953e-01	1.0605e-01	4.4966e-05	4.0498e-05	1.1755e-36	1.3003e-21	0.00e+00	0.00e+00	7.3863e+01
1.61090e+18	1.0913e+04	2.324e-17	1.6681e+03	1.4655e+03	1.2452e-12	2.0670e-01	7.9330e-01	4.3432e-02	9.5594e-01	6.2567e-04	9.4385e-15	1.1135e-04	4.4586e-01	5.5255e-01	1.4208e-03	2.2095e-01	6.9511e-01	8.3866e-02	3.8941e-05	3.0482e-05	1.1755e-36	1.7958e-21	0.00e+00	0.00e+00	7.6185e+01
1.61189e+18	1.0840e+04	2.255e-17	1.6681e+03	1.4340e+03	1.4867e-12	2.2280e-01	7.7720e-01	4.7385e-02	9.5198e-01	6.3220e-04	1.1588e-14	1.1497e-04	4.6864e-01	5.3001e-01	1.1891e-03	2.4122e-01	6.8885e-01	6.9871e-02	3.5111e-05	2.4542e-05	1.1755e-36	2.2288e-21	0.00e+00	0.00e+00	7.8312e+01
1.61293e+18	1.0753e+04	2.182e-17	1.6681e+03	1.4029e+03	1.8016e-12	2.4146e-01	7.5854e-01	5.2139e-02	9.4722e-01	6.3993e-04	1.4409e-14	1.1896e-04	4.9393e-01	5.0493e-01	9.7343e-04	2.6423e-01	6.7862e-01	5.7096e-02	3.1357e-05	1.9281e-05	1.1755e-36	2.8098e-21	0.00e+00	0.00e+00	8.1309e+01
1.61428e+18	1.0632e+04	2.076e-17	1.6681e+03	1.3540e+03	2.3483e-12	2.6958e-01	7.3042e-01	5.9223e-02	9.4012e-01	6.5414e-04	1.9185e-14	1.2338e-04	5.2806e-01	4.7104e-01	7.3720e-04	2.9804e-01	6.5910e-01	4.2815e-02	2.6749e-05	1.3681e-05	1.1755e-36	3.8163e-21	0.00e+00	0.00e+00	8.5658e+01
1.61563e+18	1.0505e+04	1.953e-17	1.6681e+03	1.2948e+03	3.1413e-12	3.0430e-01	6.9570e-01	6.8133e-02	9.3119e-01	6.7489e-04	2.5973e-14	1.2708e-04	5.6568e-01	4.3362e-01	5.4367e-04	3.3858e-01	6.3076e-01	3.0630e-02	2.2305e-05	9.1827e-06	1.1755e-36	5.2869e-21	0.00e+00	0.00e+00	8.9358e+01
1.61660e+18	1.0389e+04	1.849e-17	1.6681e+03	1.2507e+03	3.9131e-12	3.3244e-01	6.6756e-01	7.6391e-02	9.2292e-01	6.9193e-04	3.2388e-14	1.2985e-04	5.9602e-01	4.0340e-01	4.2798e-04	3.7070e-01	6.0579e-01	2.3482e-02	1.9422e-05	6.7021e-06	1.1755e-36	6.6767e-21	0.00e+00	0.00e+00	9.2132e+01
1.61734e+18	1.0311e+04	1.756e-17	1.6681e+03	1.2113e+03	4.5610e-12	3.5318e-01	6.4682e-01	8.3163e-02	9.1613e-01	7.0815e-04	3.7526e-14	1.3103e-04	6.1845e-01	3.8103e-01	3.5691e-04	3.9404e-01	5.8676e-01	1.9180e-02	1.7602e-05	5.2958e-06	1.1755e-36	7.7401e-21	0.00e+00	0.00e+00	9.4679e+01
1.61810e+18	1.0225e+04	1.660e-17	1.6681e+03	1.1720e+03	5.3534e-12	3.7612e-01	6.2388e-01	9.1047e-02	9.0823e-01	7.2676e-04	4.3676e-14	1.3207e-04	6.4198e-01	3.5757e-01	2.9335e-04	4.1940e-01	5.6515e-01	1.5437e-02	1.5839e-05	4.1114e-06	1.1755e-36	9.0267e-21	0.00e+00	0.00e+00	9.8011e+01
1.61902e+18	1.0104e+04	1.541e-17	1.6681e+03	1.1181e+03	6.5918e-12	4.0725e-01	5.9275e-01	1.0170e-01	8.9754e-01	7.5322e-04	5.2507e-14	1.3225e-04	6.7035e-01	3.2927e-01	2.2924e-04	4.5313e-01	5.3521e-01	1.1643e-02	1.3786e-05	2.9614e-06	1.1755e-36	1.0865e-20	0.00e+00	0.00e+00	1.0231e+02
1.61994e+18	9.9844e+03	1.414e-17	1.6681e+03	1.0586e+03	8.1541e-12	4.4183e-01	5.5817e-01	1.1417e-01	8.8505e-01	7.8743e-04	6.3020e-14	1.3126e-04	6.9908e-01	3.0060e-01	1.7777e-04	4.8980e-01	5.0163e-01	8.5620e-03	1.1864e-05	2.0746e-06	1.1755e-36	1.3017e-20	0.00e+00	0.00e+00	1.0618e+02
1.62065e+18	9.8720e+03	1.313e-17	1.6681e+03	1.0130e+03	9.6491e-12	4.6993e-01	5.3007e-01	1.2585e-01	8.7333e-01	8.1429e-04	7.2339e-14	1.3034e-04	7.2231e-01	2.7740e-01	1.4512e-04	5.1907e-01	4.7425e-01	6.6602e-03	1.0524e-05	1.5540e-06	1.1755e-36	1.4855e-20	0.00e+00	0.00e+00	1.0911e+02
1.62121e+18	9.8023e+03	1.227e-17	1.6681e+03	9.7454e+02	1.0826e-11	4.9017e-01	5.0983e-01	1.3561e-01	8.6355e-01	8.4015e-04	7.9237e-14	1.2885e-04	7.3961e-01	2.6012e-01	1.2429e-04	5.3991e-01	4.5459e-01	5.4830e-03	9.6572e-06	1.2470e-06	1.1755e-36	1.6051e-20	0.00e+00	0.00e+00	1.1183e+02
1.62174e+18	9.7032e+03	1.151e-17	1.6681e+03	9.3978e+02	1.2255e-11	5.1115e-01	4.8885e-01	1.4618e-01	8.5296e-01	8.6297e-04	8.6774e-14	1.2752e-04	7.5635e-01	2.4340e-01	1.0688e-04	5.6124e-01	4.3423e-01	4.5223e-03	8.8401e-06	1.0022e-06	1.1755e-36	1.7368e-20	0.00e+00	0.00e+00	1.1470e+02
1.62230e+18	9.6092e+03	1.070e-17	1.6681e+03	9.0090e+02	1.3909e-11	5.3373e-01	4.6627e-01	1.5790e-01	8.4121e-01	8.9002e-04	9.5002e-14	1.2547e-04	7.7315e-01	2.2662e-01	9.1365e-05	5.8391e-01	4.1241e-01	3.6692e-03	8.0357e-06	7.9160e-07	1.1755e-36	1.8724e-20	0.00e+00	0.00e+00	1.1795e+02
1.62275e+18	9.5414e+03	1.003e-17	1.6681e+03	8.6541e+02	1.5386e-11	5.5281e-01	4.4719e-01	1.6781e-01	8.3127e-01	9.1927e-04	1.0181e-13	1.2295e-04	7.8601e-01	2.1378e-01	8.0848e-05	6.0284e-01	3.9408e-01	3.0728e-03	7.4102e-06	6.4869e-07	1.1755e-36	1.9722e-20	0.00e+00	0.00e+00	1.1989e+02
1.62303e+18	9.4869e+03	9.635e-18	1.6681e+03	8.4768e+02	1.6332e-11	5.6302e-01	4.3698e-01	1.7503e-01	8.2404e-01	9.3166e-04	1.0582e-13	1.2200e-04	7.9442e-01	2.0537e-01	7.5113e-05	6.1292e-01	3.8430e-01	2.7711e-03	7.0951e-06	5.7831e-07	1.1755e-36	2.0251e-20	0.00e+00	0.00e+00	1.2122e+02
1.62328e+18	9.4353e+03	9.275e-18	1.6681e+03	8.3174e+02	1.7233e-11	5.7198e-01	4.2802e-01	1.8187e-01	8.1718e-01	9.4216e-04	1.0939e-13	1.2109e-04	8.0197e-01	1.9783e-01	7.0232e-05	6.2174e-01	3.7573e-01	2.5239e-03	6.8282e-06	5.2155e-07	1.1755e-36	2.0678e-20	0.00e+00	0.00e+00	1.2289e+02
1.62360e+18	9.3646e+03	8.832e-18	1.6681e+03	8.1006e+02	1.8583e-11	5.8506e-01	4.1494e-01	1.9078e-01	8.0826e-01	9.5782e-04	1.1453e-13	1.1962e-04	8.1124e-01	1.8857e-01	6.4427e-05	6.3450e-01	3.6327e-01	2.2238e-03	6.4553e-06	4.5305e-07	1.1755e-36	2.1339e-20	0.00e+00	0.00e+00	1.2512e+02
1.62396e+18	9.2998e+03	8.347e-18	1.6681e+03	7.8324e+02	2.0153e-11	6.0046e-01	3.9954e-01	2.0048e-01	7.9853e-01	9.8209e-04	1.2037e-13	1.1733e-04	8.2067e-01	1.7915e-01	5.8777e-05	6.4939e-01	3.4868e-01	1.9218e-03	6.0374e-06	3.8513e-07	1.1755e-36	2.2032e-20	0.00e+00	0.00e+00	1.2731e+02
1.62427e+18	9.2519e+03	7.919e-18	1.6681e+03	7.5873e+02	2.1505e-11	6.1325e-01	3.8675e-01	2.0920e-01	7.8979e-01	1.0065e-03	1.2508e-13	1.1502e-04	8.2854e-01	1.7128e-01	5.4450e-05	6.6168e-01	3.3662e-01	1.6917e-03	5.7068e-06	3.3454e-07	1.1755e-36	2.2445e-20	0.00e+00	0.00e+00	1.2911e+02
1.62454e+18	9.1848e+03	7.563e-18	1.6681e+03	7.3986e+02	2.2965e-11	6.2448e-01	3.7552e-01	2.1809e-01	7.8089e-01	1.0221e-03	1.2956e-13	1.1343e-04	8.3587e-01	1.6396e-01	5.0917e-05	6.7242e-01	3.2606e-01	1.5126e-03	5.4304e-06	2.9577e-07	1.1755e-36	2.2859e-20	0.00e+00	0.00e+00	1.3087e+02
1.62482e+18	9.1296e+03	7.198e-18	1.6681e+03	7.1937e+02	2.4395e-11	6.3542e-01	3.6458e-01	2.2701e-01	7.7195e-01	1.0412e-03	1.3375e-13	1.1151e-04	8.4284e-01	1.5699e-01	4.7702e-05	6.8282e-01	3.1583e-01	1.3501e-03	5.1705e-06	2.6115e-07	1.1755e-36	2.3126e-20	0.00e+00	0.00e+00	1.3280e+02
1.62512e+18	9.0611e+03	6.816e-18	1.6681e+03	6.9707e+02	2.6179e-11	6.4799e-01	3.5201e-01	2.3718e-01	7.6175e-01	1.0627e-03	1.3862e-13	1.0931e-04	8.5024e-01	1.4960e-01	4.4504e-05	6.9469e-01	3.0412e-01	1.1892e-03	4.8841e-06	2.2724e-07	1.1755e-36	2.3430e-20	0.00e+00	0.00e+00	1.3494e+02
1.62543e+18	8.9924e+03	6.442e-18	1.6681e+03	6.7459e+02	2.8130e-11	6.6114e-01	3.3886e-01	2.4790e-01	7.5102e-01	1.0856e-03	1.4375e-13	1.0697e-04	8.5745e-01	1.4240e-01	4.1596e-05	7.0703e-01	2.9192e-01	1.0430e-03	4.5970e-06	1.9678e-07	1.1755e-36	2.3735e-20	0.00e+00	0.00e+00	1.3700e+02
1.62570e+18	8.9372e+03	6.105e-18	1.6681e+03	6.5354e+02	2.9864e-11	6.7220e-01	3.2780e-01	2.5775e-01	7.4114e-01	1.1089e-03	1.4790e-13	1.0465e-04	8.6363e-01	1.3622e-01	3.9278e-05	7.1735e-01	2.8172e-01	9.2781e-04	4.3645e-06	1.7324e-07	1.1755e-36	2.3805e-20	0.00e+00	0.00e+00	1.3885e+02
1.62597e+18	8.8650e+03	5.799e-18	1.6681e+03	6.3517e+02	3.1870e-11	6.8285e-01	3.1715e-01	2.6833e-01	7.3055e-01	1.1261e-03	1.5215e-13	1.0271e-04	8.6973e-01	1.3013e-01	3.7226e-05	7.2725e-01	2.7191e-01	8.2942e-04	4.1493e-06	1.5338e-07	1.1755e-36	2.3908e-20	0.00e+00	0.00e+00	1.4078e+02
1.62624e+18	8.7984e+03	5.485e-18	1.6681e+03	6.1518e+02	3.3968e-11	6.9379e-01	3.0621e-01	2.7929e-01	7.1956e-01	1.1473e-03	1.5637e-13	1.0043e-04	8.7567e-01	1.2419e-01	3.5309e-05	7.3736e-01	2.6190e-01	7.3766e-04	3.9354e-06	1.3508e-07	1.1755e-36	2.3895e-20	0.00e+00	0.00e+00	1.4284e+02
1.62653e+18	8.7283e+03	5.172e-18	1.6681e+03	5.9430e+02	3.6310e-11	7.0513e-01	2.9487e-01	2.9081e-01	7.0802e-01	1.1711e-03	1.6069e-13	9.7965e-05	8.8148e-01	1.1839e-01	3.3537e-05	7.4778e-01	2.5156e-01	6.5339e-04	3.7213e-06	1.1755e-36	1.1755e-36	2.3806e-20	0.00e+00	0.00e+00	1.4496e+02
1.62681e+18	8.6555e+03	4.879e-18	1.6681e+03	5.7451e+02	3.8810e-11	7.1619e-01	2.8381e-01	3.0269e-01	6.9612e-01	1.1935e-03	1.6497e-13	9.5567e-05	8.8699e-01	1.1287e-01	3.1975e-05	7.5789e-01	2.4152e-01	5.8035e-04	3.5198e-06	1.1755e-36	1.1755e-36	2.3684e-20	0.00e+00	0.00e+00	1.4700e+02
1.62707e+18	8.5854e+03	4.609e-18	1.6681e+03	5.5585e+02	4.1326e-11	7.2625e-01	2.7375e-01	3.1440e-01	6.8439e-01	1.2149e-03	1.6883e-13	9.3261e-05	8.9204e-01	1.0783e-01	3.0647e-05	7.6705e-01	2.3243e-01	5.1937e-04	3.3424e-06	1.1755e-36	1.1755e-36	2.3464e-20	0.00e+00	0.00e+00	1.4897e+02
1.62733e+18	8.5139e+03	4.351e-18	1.6681e+03	5.3786e+02	4.3991e-11	7.3597e-01	2.6403e-01	3.2653e-01	6.7223e-01	1.2350e-03	1.7261e-13	9.0999e-05	8.9689e-01	1.0299e-01	2.9456e-05	7.7586e-01	2.2367e-01	4.6577e-04	3.1759e-06	1.1755e-36	1.1755e-36	2.3195e-20	0.00e+00	0.00e+00	1.5102e+02
1.62760e+18	8.4366e+03	4.094e-18	1.6681e+03	5.1903e+02	4.7018e-11	7.4601e-01	2.5399e-01	3.3925e-01	6.5949e-01	1.2571e-03	1.7646e-13	8.8573e-05	9.0163e-01	9.8250e-02	2.8347e-05	7.8491e-01	2.1467e-01	4.1648e-04	3.0093e-06	1.1755e-36	1.1755e-36	2.2838e-20	0.00e+00	0.00e+00	1.5318e+02
1.62787e+18	8.3541e+03	3.847e-18	1.6681e+03	5.0017e+02	5.0403e-11	7.5611e-01	2.4389e-01	3.5244e-01	6.4628e-01	1.2800e-03	1.8033e-13	8.6068e-05	9.0617e-01	9.3710e-02	2.7342e-05	7.9397e-01	2.0565e-01	3.7247e-04	2.8467e-06	1.1755e-36	1.1755e-36	2.2418e-20	0.00e+00	0.00e+00	1.5532e+02
1.62813e+18	8.2713e+03	3.620e-18	1.6681e+03	4.8282e+02	5.3966e-11	7.6568e-01	2.3432e-01	3.6584e-01	6.3286e-01	1.2995e-03	1.8413e-13	8.3736e-05	9.1042e-01	8.9463e-02	2.6466e-05	8.0253e-01	1.9713e-01	3.3498e-04	2.6968e-06	1.1755e-36	1.1755e-36	2.2006e-20	0.00e+00	0.00e+00	1.5738e+02
1.62839e+18	8.1899e+03	3.409e-18	1.6681e+03	4.6620e+02	5.7644e-11	7.7438e-01	2.2562e-01	3.7903e-01	6.1965e-01	1.3184e-03	1.8754e-13	8.1464e-05	9.1430e-01	8.5586e-02	2.5717e-05	8.1028e-01	1.8942e-01	3.0350e-04	2.5643e-06	1.1755e-36	1.1755e-36	2.1509e-20	0.00e+00	0.00e+00	1.5942e+02
1.62864e+18	8.1074e+03	3.206e-18	1.6681e+03	4.4987e+02	6.1625e-11	7.8299e-01	2.1701e-01	3.9282e-01	6.0584e-01	1.3363e-03	1.9099e-13	7.9194e-05	9.1807e-01	8.1827e-02	2.5028e-05	8.1791e-01	1.8181e-01	2.7522e-04	2.4363e-06	1.1755e-36	1.1755e-36	2.0985e-20	0.00e+00	0.00e+00	1.6156e+02
1.62891e+18	8.0152e+03	3.004e-18	1.6681e+03	4.3275e+02	6.6330e-11	7.9196e-01	2.0804e-01	4.0722e-01	5.9142e-01	1.3559e-03	1.9460e-13	7.6776e-05	9.2172e-01	7.8176e-02	2.4384e-05	8.2583e-01	1.7392e-01	2.4921e-04	2.3064e-06	1.1755e-36	1.1755e-36	2.0381e-20	0.00e+00	0.00e+00	1.6379e+02
1.62917e+18	7.9261e+03	2.814e-18	1.6681e+03	4.1601e+02	7.1264e-11	8.0056e-01	1.9944e-01	4.2163e-01	5.7700e-01	1.3764e-03	1.9809e-13	7.4337e-05	9.2509e-01	7.4812e-02	2.3813e-05	8.3340e-01	1.6637e-01	2.2663e-04	2.1847e-06	1.1755e-36	1.1755e-36	1.9735e-20	0.00e+00	0.00e+00	1.6594e+02
1.62942e+18	7.8345e+03	2.641e-18	1.6681e+03	4.0065e+02	7.6592e-11	8.0851e-01	1.9149e-01	4.3613e-01	5.6248e-01	1.3924e-03	2.0145e-13	7.2092e-05	9.2821e-01	7.1691e-02	2.3321e-05	8.4036e-01	1.5943e-01	2.0768e-04	2.0750e-06	1.1755e-36	1.1755e-36	1.9106e-20	0.00e+00	0.00e+00	1.6805e+02
1.62967e+18	7.7393e+03	2.477e-18	1.6681e+03	3.8578e+02	8.2488e-11	8.1611e-01	1.8389e-01	4.5093e-01	5.4766e-01	1.4065e-03	2.0475e-13	6.9894e-05	9.3116e-01	6.8745e-02	2.2883e-05	8.4700e-01	1.5280e-01	1.9117e-04	1.9723e-06	1.1755e-36	1.1755e-36	1.8455e-20	0.00e+00	0.00e+00	1.7021e+02
1.62992e+18	7.6379e+03	2.319e-18	1.6681e+03	3.7071e+02	8.9277e-11	8.2379e-01	1.7621e-01	4.6626e-01	5.3232e-01	1.4207e-03	2.0819e-13	6.7630e-05	9.3399e-01	6.5922e-02	2.2476e-05	8.5370e-01	1.4612e-01	1.7624e-04	1.8706e-06	1.1755e-36	1.1755e-36	1.7766e-20	0.00e+00	0.00e+00	1.7245e+02
1.63018e+18	7.5264e+03	2.168e-18	1.6681e+03	3.5598e+02	9.7335e-11	8.3158e-01	1.6842e-01	4.8204e-01	5.1653e-01	1.4321e-03	2.1184e-13	6.5406e-05	9.3667e-01	6.3241e-02	2.2106e-05	8.6045e-01	1.3938e-01	1.6301e-04	1.7699e-06	1.1755e-36	1.1755e-36	1.7087e-20	0.00e+00	0.00e+00	1.7468e+02
1.63043e+18	7.4198e+03	2.031e-18	1.6681e+03	3.4213e+02	1.0579e-10	8.3860e-01	1.6140e-01	4.9732e-01	5.0124e-01	1.4425e-03	2.1525e-13	6.3276e-05	9.3905e-01	6.0860e-02	2.1792e-05	8.6653e-01	1.3332e-01	1.5204e-04	1.6809e-06	1.1755e-36	1.1755e-36	1.6407e-20	0.00e+00	0.00e+00	1.7679e+02
1.63066e+18	7.3107e+03	1.907e-18	1.6681e+03	3.2933e+02	1.1515e-10	8.4499e-01	1.5501e-01	5.1254e-01	4.8601e-01	1.4484e-03	2.1853e-13	6.1300e-05	9.4125e-01	5.8670e-02	2.1523e-05	8.7205e-01	1.2781e-01	1.4286e-04	1.6013e-06	1.1755e-36	1.1755e-36	1.5755e-20	0.00e+00	0.00e+00	1.7889e+02
1.63090e+18	7.1971e+03	1.787e-18	1.6681e+03	3.1664e+02	1.2591e-10	8.5131e-01	1.4869e-01	5.2809e-01	4.7046e-01	1.4530e-03	2.2193e-13	5.9316e-05	9.4331e-01	5.6603e-02	2.1278e-05	8.7748e-01	1.2238e-01	1.3470e-04	1.5239e-06	1.1755e-36	1.1755e-36	1.5099e-20	0.00e+00	0.00e+00	1.8107e+02
1.63115e+18	7.0802e+03	1.673e-18	1.6681e+03	3.0392e+02	1.3824e-10	8.5764e-01	1.4236e-01	5.4376e-01	4.5478e-01	1.4577e-03	2.2553e-13	5.7297e-05	9.4523e-01	5.4688e-02	2.1052e-05	8.8291e-01	1.1696e-01	1.2741e-04	1.4477e-06	1.1755e-36	1.1755e-36	1.4442e-20	0.00e+00	0.00e+00	1.8327e+02
1.63138e+18	6.9576e+03	1.567e-18	1.6681e+03	2.9166e+02	1.5256e-10	8.6354e-01	1.3646e-01	5.5905e-01	4.3948e-01	1.4610e-03	2.2910e-13	5.5334e-05	9.4695e-01	5.2976e-02	2.0860e-05	8.8798e-01	1.1190e-01	1.2130e-04	1.3777e-06	1.1755e-36	1.1755e-36	1.3795e-20	0.00e+00	0.00e+00	1.8538e+02
1.63161e+18	6.8404e+03	1.474e-18	1.6681e+03	2.8070e+02	1.6786e-10	8.6885e-01	1.3115e-01	5.7393e-01	4.2461e-01	1.4594e-03	2.3256e-13	5.3569e-05	9.4848e-01	5.1443e-02	2.0698e-05	8.9251e-01	1.0737e-01	1.1628e-04	1.3157e-06	1.1755e-36	1.1755e-36	1.3225e-20	0.00e+00	0.00e+00	1.8740e+02
1.63183e+18	6.7191e+03	1.386e-18	1.6681e+03	2.7018e+02	1.8554e-10	8.7390e-01	1.2610e-01	5.8891e-01	4.0964e-01	1.4544e-03	2.3610e-13	5.1866e-05	9.4991e-01	5.0017e-02	2.0556e-05	8.9682e-01	1.0307e-01	1.1195e-04	1.2576e-06	1.1755e-36	1.1755e-36	1.2686e-20	0.00e+00	0.00e+00	1.8948e+02
1.63206e+18	6.5932e+03	1.300e-18	1.6681e+03	2.5946e+02	2.0633e-10	8.7906e-01	1.2094e-01	6.0408e-01	3.9447e-01	1.4496e-03	2.3999e-13	5.0105e-05	9.5123e-01	4.8697e-02	2.0423e-05	9.0121e-01	9.8685e-02	1.0803e-04	1.1989e-06	1.1755e-36	1.1755e-36	1.2156e-20	0.00e+00	0.00e+00	1.9163e+02
1.63229e+18	6.4659e+03	1.221e-18	1.6681e+03	2.4931e+02	2.3013e-10	8.8392e-01	1.1608e-01	6.1901e-01	3.7955e-01	1.4420e-03	2.4396e-13	4.8426e-05	9.5241e-01	4.7515e-02	2.0308e-05	9.0533e-01	9.4561e-02	1.0473e-04	1.1444e-06	1.1755e-36	1.1755e-36	1.1674e-20	0.00e+00	0.00e+00	1.9372e+02
1.63251e+18	6.3395e+03	1.148e-18	1.6681e+03	2.3954e+02	2.5696e-10	8.8833e-01	1.1167e-01	6.3349e-01	3.6508e-01	1.4337e-03	2.4796e-13	4.6791e-05	9.5345e-01	4.6481e-02	2.0213e-05	9.0908e-01	9.0820e-02	1.0201e-04	1.0954e-06	1.1755e-36	1.1755e-36	1.1222e-20	0.00e+00	0.00e+00	1.9579e+02
1.63273e+18	6.2202e+03	1.081e-18	1.6681e+03	2.3041e+02	2.8572e-10	8.9244e-01	1.0756e-01	6.4761e-01	3.5097e-01	1.4235e-03	2.5205e-13	4.5245e-05	9.5437e-01	4.5564e-02	2.0130e-05	9.1256e-01	8.7342e-02	9.9694e-05	1.0502e-06	1.1755e-36	1.1755e-36	1.0826e-20	0.00e+00	0.00e+00	1.9782e+02
1.63295e+18	6.0886e+03	1.018e-18	1.6681e+03	2.2166e+02	3.2161e-10	8.9650e-01	1.0350e-01	6.6187e-01	3.3672e-01	1.4079e-03	2.5642e-13	4.3774e-05	9.5521e-01	4.4721e-02	2.0060e-05	9.1599e-01	8.3916e-02	9.7779e-05	1.0062e-06	1.1755e-36	1.1755e-36	1.0498e-20	0.00e+00	0.00e+00	1.9989e+02
1.63317e+18	5.9554e+03	9.578e-19	1.6681e+03	2.1300e+02	3.6329e-10	9.0047e-01	9.9533e-02	6.7605e-01	3.2256e-01	1.3913e-03	2.6115e-13	4.2302e-05	9.5596e-01	4.3979e-02	1.9999e-05	9.1934e-01	8.0566e-02	9.6141e-05	9.6350e-07	1.1755e-36	1.1755e-36	1.0213e-20	0.00e+00	0.00e+00	2.0199e+02
1.63339e+18	5.8215e+03	9.014e-19	1.6681e+03	2.0450e+02	4.1135e-10	9.0437e-01	9.5631e-02	6.8997e-01	3.0866e-01	1.3742e-03	2.6627e-13	4.0843e-05	9.5659e-01	4.3350e-02	1.9947e-05	9.2262e-01	7.7281e-02	9.4765e-05	9.2190e-07	1.1755e-36	1.1755e-36	9.9822e-21	0.00e+00	0.00e+00	2.0406e+02
1.63360e+18	5.6878e+03	8.517e-19	1.6681e+03	1.9705e+02	4.6603e-10	9.0769e-01	9.2306e-02	7.0336e-01	2.9529e-01	1.3508e-03	2.7122e-13	3.9576e-05	9.5713e-01	4.2810e-02	1.9913e-05	9.2543e-01	7.4479e-02	9.3810e-05	8.8685e-07	1.1755e-36	1.1755e-36	9.8505e-21	0.00e+00	0.00e+00	2.0607e+02
1.63382e+18	5.5451e+03	8.039e-19	1.6681e+03	1.8976e+02	5.3284e-10	9.1107e-01	8.8926e-02	7.1716e-01	2.8152e-01	1.3221e-03	2.7673e-13	3.8340e-05	9.5763e-01	4.2315e-02	1.9886e-05	9.2827e-01	7.1633e-02	9.3054e-05	8.5150e-07	1.1755e-36	1.1755e-36	9.8105e-21	0.00e+00	0.00e+00	2.0820e+02
1.63405e+18	5.3996e+03	7.566e-19	1.6681e+03	1.8210e+02	6.1084e-10	9.1449e-01	8.5508e-02	7.3090e-01	2.6781e-01	1.2953e-03	2.8303e-13	3.7018e-05	9.5801e-01	4.1932e-02	1.9864e-05	9.3115e-01	6.8760e-02	9.2440e-05	8.1600e-07	1.1755e-36	1.1755e-36	9.8224e-21	0.00e+00	0.00e+00	2.1043e+02
1.63427e+18	5.2559e+03	7.131e-19	1.6681e+03	1.7481e+02	6.9803e-10	9.1774e-01	8.2263e-02	7.4404e-01	2.5470e-01	1.2679e-03	2.8972e-13	3.5756e-05	9.5828e-01	4.1666e-02	1.9849e-05	9.3387e-01	6.6036e-02	9.2030e-05	7.8254e-07	1.1755e-36	1.1755e-36	9.9215e-21	0.00e+00	0.00e+00	2.1255e+02
1.63449e+18	5.1153e+03	6.749e-19	1.6681e+03	1.6834e+02	7.9311e-10	9.2055e-01	7.9449e-02	7.5652e-01	2.4225e-01	1.2366e-03	2.9638e-13	3.4644e-05	9.5847e-01	4.1474e-02	1.9847e-05	9.3624e-01	6.3671e-02	9.1867e-05	7.5380e-07	1.1755e-36	1.1755e-36	1.0123e-20	0.00e+00	0.00e+00	2.1460e+02
1.63470e+18	4.9709e+03	6.391e-19	1.6681e+03	1.6217e+02	8.9902e-10	9.2319e-01	7.6808e-02	7.6887e-01	2.2993e-01	1.2016e-03	3.0312e-13	3.3598e-05	9.5869e-01	4.1256e-02	1.9855e-05	9.3846e-01	6.1448e-02	9.1891e-05	7.2701e-07	1.1755e-36	1.1755e-36	1.0358e-20	0.00e+00	0.00e+00	2.1673e+02
1.63493e+18	4.8192e+03	6.044e-19	1.6681e+03	1.5592e+02	1.0119e-09	9.2589e-01	7.4105e-02	7.8114e-01	2.1770e-01	1.1657e-03	3.0898e-13	3.2552e-05	9.5921e-01	4.0737e-02	1.9867e-05	9.4073e-01	5.9176e-02	9.2063e-05	6.9976e-07	1.1755e-36	1.1755e-36	1.0323e-20	0.00e+00	0.00e+00	2.1894e+02
1.63515e+18	4.6714e+03	5.728e-19	1.6681e+03	1.5002e+02	1.1238e-09	9.2844e-01	7.1557e-02	7.9270e-01	2.0617e-01	1.1300e-03	3.1450e-13	3.1569e-05	9.5966e-01	4.0285e-02	1.9885e-05	9.4287e-01	5.7035e-02	9.2353e-05	6.7422e-07	1.1755e-36	1.1755e-36	1.0239e-20	0.00e+00	0.00e+00	2.2105e+02
1.63536e+18	4.5299e+03	5.452e-19	1.6681e+03	1.4482e+02	1.2290e-09	9.3064e-01	6.9358e-02	8.0345e-01	1.9545e-01	1.0927e-03	3.1922e-13	3.0721e-05	9.6008e-01	3.9868e-02	1.9911e-05	9.4472e-01	5.5182e-02	9.2777e-05	6.5234e-07	1.1755e-36	1.1755e-36	1.0104e-20	0.00e+00	0.00e+00	2.2306e+02
1.63556e+18	4.3949e+03	5.208e-19	1.6681e+03	1.4015e+02	1.3228e-09	9.3259e-01	6.7414e-02	8.1342e-01	1.8552e-01	1.0552e-03	3.2320e-13	2.9978e-05	9.6046e-01	3.9485e-02	1.9943e-05	9.4636e-01	5.3542e-02	9.3288e-05	6.3313e-07	1.1755e-36	1.1755e-36	9.8996e-21	0.00e+00	0.00e+00	2.2499e+02
1.63575e+18	4.2652e+03	4.988e-19	1.6681e+03	1.3584e+02	1.4028e-09	9.3437e-01	6.5634e-02	8.2274e-01	1.7624e-01	1.0182e-03	3.2657e-13	2.9307e-05	9.6082e-01	3.9133e-02	1.9978e-05	9.4787e-01	5.2037e-02	9.3861e-05	6.1561e-07	1.1755e-36	1.1755e-36	9.6190e-21	0.00e+00	0.00e+00	2.2688e+02
1.63594e+18	4.1398e+03	4.785e-19	1.6681e+03	1.3180e+02	1.4672e-09	9.3604e-01	6.3959e-02	8.3151e-01	1.6751e-01	9.8204e-04	3.2945e-13	2.8689e-05	9.6114e-01	3.8811e-02	2.0016e-05	9.4928e-01	5.0620e-02	9.4480e-05	5.9920e-07	1.1755e-36	1.1755e-36	9.2629e-21	0.00e+00	0.00e+00	2.2875e+02
1.63613e+18	4.0182e+03	4.598e-19	1.6681e+03	1.2796e+02	1.5149e-09	9.3763e-01	6.2367e-02	8.3977e-01	1.5928e-01	9.4687e-04	3.3194e-13	2.8114e-05	9.6143e-01	3.8518e-02	2.0057e-05	9.5063e-01	4.9273e-02	9.5135e-05	5.8365e-07	1.1755e-36	1.1755e-36	8.8423e-21	0.00e+00	0.00e+00	2.3060e+02
1.63632e+18	3.9022e+03	4.420e-19	1.6681e+03	1.2407e+02	1.5432e-09	9.3931e-01	6.0692e-02	8.4738e-01	1.5171e-01	9.1620e-04	3.3444e-13	2.7523e-05	9.6166e-01	3.8290e-02	2.0095e-05	9.5204e-01	4.7864e-02	9.5774e-05	5.6731e-07	1.1755e-36	1.1755e-36	8.3565e-21	0.00e+00	0.00e+00	2.3244e+02
###########################
1.01302e+14	1.4159e+04	1.992e-17	1.6681e+03	1.9534e+03	1.3330e-18	3.1572e-04	9.9968e-01	1.0735e-05	3.2172e-02	9.6782e-01	4.4159e-27	3.9022e-08	4.0400e-04	6.2475e-02	2.9451e-01	1.5994e-08	1.0690e-04	3.9604e-02	5.7193e-01	3.3837e-01	4.7322e-02	1.0022e-33	0.00e+00	0.00e+00	6.7355e-04
6.07812e+14	1.4137e+04	1.989e-17	1.6681e+03	1.9531e+03	1.2795e-18	3.1522e-04	9.9968e-01	1.0729e-05	3.2174e-02	9.6781e-01	4.1845e-27	3.4290e-08	4.0355e-04	6.2476e-02	2.9534e-01	1.5956e-08	1.0687e-04	3.9754e-02	5.7249e-01	3.3791e-01	4.7092e-02	9.0357e-34	0.00e+00	0.00e+00	3.3635e-03
2.63385e+15	1.4084e+04	1.981e-17	1.6681e+03	1.9531e+03	1.2755e-18	3.1438e-04	9.9969e-01	1.0759e-05	3.2290e-02	9.6770e-01	4.1732e-27	3.4953e-08	4.0630e-04	6.3100e-02	2.9778e-01	1.5953e-08	1.0718e-04	4.0354e-02	5.7433e-01	3.3611e-01	4.6501e-02	8.8600e-34	0.00e+00	0.00e+00	1.4095e-02
1.07380e+16	1.3949e+04	1.965e-17	1.6681e+03	1.9530e+03	1.2798e-18	3.1183e-04	9.9969e-01	1.0885e-05	3.2967e-02	9.6702e-01	4.2186e-27	3.6123e-08	4.1714e-04	6.5633e-02	3.0581e-01	1.5936e-08	1.0823e-04	4.2655e-02	5.8058e-01	3.2939e-01	4.4795e-02	8.6160e-34	0.00e+00	0.00e+00	5.6671e-02
2.56497e+16	1.3551e+04	1.901e-17	1.6681e+03	1.9530e+03	1.2371e-18	2.9794e-04	9.9970e-01	1.0640e-05	3.2903e-02	9.6709e-01	3.6887e-27	3.4216e-08	4.2168e-04	6.8346e-02	3.1922e-01	1.4908e-08	1.0633e-04	4.6114e-02	5.9115e-01	3.1791e-01	4.2442e-02	6.9670e-34	0.00e+00	0.00e+00	1.0955e-01
4.26797e+16	1.3194e+04	1.849e-17	1.6681e+03	1.9529e+03	1.1967e-18	2.8465e-04	9.9972e-01	1.0509e-05	3.3287e-02	9.6670e-01	3.2753e-27	3.3143e-08	4.2938e-04	7.1807e-02	3.3290e-01	1.4064e-08	1.0539e-04	4.9992e-02	6.0189e-01	3.0598e-01	3.9947e-02	5.7276e-34	0.00e+00	0.00e+00	1.6112e-01
6.08318e+16	1.2929e+04	1.816e-17	1.6681e+03	1.9527e+03	1.1697e-18	2.7496e-04	9.9973e-01	1.0667e-05	3.4505e-02	9.6548e-01	3.1349e-27	3.3603e-08	4.4601e-04	7.6563e-02	3.4690e-01	1.3831e-08	1.0761e-04	5.4698e-02	6.1232e-01	2.9362e-01	3.7340e-02	5.0643e-34	0.00e+00	0.00e+00	2.1642e-01
8.27977e+16	1.2701e+04	1.794e-17	1.6681e+03	1.9523e+03	1.1491e-18	2.6767e-04	9.9973e-01	1.1220e-05	3.6942e-02	9.6305e-01	3.2583e-27	3.5822e-08	4.7773e-04	8.3813e-02	3.6401e-01	1.4316e-08	1.1462e-04	6.1557e-02	6.2403e-01	2.7839e-01	3.4189e-02	4.7378e-34	0.00e+00	0.00e+00	2.8641e-01
1.11353e+17	1.2481e+04	1.778e-17	1.6681e+03	1.9517e+03	1.1251e-18	2.6054e-04	9.9974e-01	1.2332e-05	4.1345e-02	9.5864e-01	3.6543e-27	4.0207e-08	5.3079e-04	9.5168e-02	3.8664e-01	1.5590e-08	1.2829e-04	7.2528e-02	6.3750e-01	2.5811e-01	3.0243e-02	4.6098e-34	0.00e+00	0.00e+00	3.7497e-01
1.40935e+17	1.2298e+04	1.768e-17	1.6681e+03	1.9507e+03	1.0594e-18	2.5026e-04	9.9975e-01	1.3766e-05	4.7448e-02	9.5254e-01	3.9338e-27	4.4984e-08	5.8832e-04	1.0878e-01	4.0986e-01	1.6825e-08	1.4432e-04	8.6785e-02	6.4822e-01	2.3703e-01	2.6539e-02	4.2513e-34	0.00e+00	0.00e+00	4.4581e-01
1.64683e+17	1.2220e+04	1.771e-17	1.6681e+03	1.9497e+03	1.0011e-18	2.4323e-04	9.9976e-01	1.5563e-05	5.4644e-02	9.4534e-01	4.4245e-27	5.0422e-08	6.4845e-04	1.2226e-01	4.2908e-01	1.8646e-08	1.6431e-04	1.0218e-01	6.5391e-01	2.1902e-01	2.3604e-02	4.1893e-34	0.00e+00	0.00e+00	4.9861e-01
1.83726e+17	1.2200e+04	1.782e-17	1.6681e+03	1.9485e+03	9.6315e-19	2.3926e-04	9.9976e-01	1.7695e-05	6.2688e-02	9.3729e-01	5.1930e-27	5.6470e-08	7.1108e-04	1.3528e-01	4.4534e-01	2.1091e-08	1.8824e-04	1.1848e-01	6.5589e-01	2.0325e-01	2.1187e-02	4.4097e-34	0.00e+00	0.00e+00	5.4262e-01
2.00642e+17	1.2207e+04	1.798e-17	1.6681e+03	1.9471e+03	9.3214e-19	2.3686e-04	9.9976e-01	2.0315e-05	7.2235e-02	9.2774e-01	6.2595e-27	6.3348e-08	7.7945e-04	1.4874e-01	4.6053e-01	2.4276e-08	2.1774e-04	1.3705e-01	6.5485e-01	1.8800e-01	1.8982e-02	4.7908e-34	0.00e+00	0.00e+00	5.8343e-01
2.16546e+17	1.2231e+04	1.819e-17	1.6681e+03	1.9455e+03	9.0144e-19	2.3516e-04	9.9976e-01	2.3655e-05	8.4173e-02	9.1580e-01	7.6812e-27	7.1162e-08	8.5510e-04	1.6316e-01	4.7543e-01	2.8387e-08	2.5487e-04	1.5934e-01	6.5029e-01	1.7245e-01	1.6869e-02	5.2927e-34	0.00e+00	0.00e+00	6.2168e-01
2.31237e+17	1.2282e+04	1.844e-17	1.6681e+03	1.9433e+03	8.7512e-19	2.3361e-04	9.9977e-01	2.7780e-05	9.8886e-02	9.0109e-01	9.5431e-27	7.9581e-08	9.3400e-04	1.7798e-01	4.8966e-01	3.3426e-08	3.0001e-04	1.8558e-01	6.4159e-01	1.5693e-01	1.4892e-02	6.0122e-34	0.00e+00	0.00e+00	6.5596e-01
2.44345e+17	1.2342e+04	1.873e-17	1.6681e+03	1.9406e+03	8.4735e-19	2.3250e-04	9.9977e-01	3.2763e-05	1.1649e-01	8.8348e-01	1.1801e-26	8.8272e-08	1.0139e-03	1.9262e-01	5.0294e-01	3.9461e-08	3.5327e-04	2.1541e-01	6.2871e-01	1.4183e-01	1.3081e-02	6.8148e-34	0.00e+00	0.00e+00	6.8602e-01
2.55955e+17	1.2405e+04	1.905e-17	1.6681e+03	1.9380e+03	8.2430e-19	2.3200e-04	9.9977e-01	3.8774e-05	1.3723e-01	8.6273e-01	1.4651e-26	9.7341e-08	1.0956e-03	2.0683e-01	5.1529e-01	4.6781e-08	4.1635e-04	2.4864e-01	6.1174e-01	1.2724e-01	1.1425e-02	7.8063e-34	0.00e+00	0.00e+00	7.1275e-01
2.66408e+17	1.2482e+04	1.936e-17	1.6681e+03	1.9346e+03	8.0173e-19	2.3137e-04	9.9977e-01	4.5820e-05	1.6154e-01	8.3841e-01	1.7982e-26	1.0614e-07	1.1736e-03	2.2032e-01	5.2686e-01	5.5086e-08	4.8778e-04	2.8534e-01	5.9060e-01	1.1319e-01	9.9109e-03	8.9519e-34	0.00e+00	0.00e+00	7.3703e-01
2.76009e+17	1.2531e+04	1.976e-17	1.6681e+03	1.9314e+03	7.8631e-19	2.3053e-04	9.9977e-01	5.3878e-05	1.9062e-01	8.0932e-01	2.1126e-26	1.1401e-07	1.2395e-03	2.3350e-01	5.3806e-01	6.2760e-08	5.5698e-04	3.2628e-01	5.6494e-01	9.9325e-02	8.4903e-03	9.9840e-34	0.00e+00	0.00e+00	7.5945e-01
2.84915e+17	1.2577e+04	2.010e-17	1.6681e+03	1.9271e+03	7.7818e-19	2.3138e-04	9.9977e-01	6.4155e-05	2.2519e-01	7.7474e-01	2.5996e-26	1.2339e-07	1.3195e-03	2.4630e-01	5.4871e-01	7.4233e-08	6.5154e-04	3.7155e-01	5.3444e-01	8.5845e-02	7.1701e-03	1.1571e-33	0.00e+00	0.00e+00	7.8035e-01
2.93038e+17	1.2615e+04	2.038e-17	1.6681e+03	1.9203e+03	7.8365e-19	2.3364e-04	9.9977e-01	7.6393e-05	2.6469e-01	7.3523e-01	3.2952e-26	1.3355e-07	1.4063e-03	2.5805e-01	5.5862e-01	8.9527e-08	7.6966e-04	4.1936e-01	5.0029e-01	7.3300e-02	5.9954e-03	1.3931e-33	0.00e+00	0.00e+00	7.9921e-01
3.00169e+17	1.2636e+04	2.062e-17	1.6681e+03	1.9135e+03	7.8492e-19	2.3480e-04	9.9977e-01	8.8941e-05	3.0696e-01	6.9295e-01	3.8833e-26	1.4139e-07	1.4708e-03	2.6821e-01	5.6751e-01	1.0270e-07	8.7438e-04	4.6639e-01	4.6523e-01	6.2265e-02	5.0036e-03	1.5792e-33	0.00e+00	0.00e+00	8.1551e-01
3.06446e+17	1.2633e+04	2.077e-17	1.6681e+03	1.9076e+03	7.9249e-19	2.3651e-04	9.9976e-01	1.0228e-04	3.5069e-01	6.4920e-01	4.5183e-26	1.4879e-07	1.5319e-03	2.7721e-01	5.7529e-01	1.1650e-07	9.8073e-04	5.1146e-01	4.3049e-01	5.2695e-02	4.1698e-03	1.7743e-33	0.00e+00	0.00e+00	8.3036e-01
3.12331e+17	1.2604e+04	2.085e-17	1.6681e+03	1.9010e+03	8.1127e-19	2.3870e-04	9.9976e-01	1.1657e-04	3.9699e-01	6.0290e-01	5.2206e-26	1.5586e-07	1.5892e-03	2.8546e-01	5.8240e-01	1.3089e-07	1.0885e-03	5.5582e-01	3.9534e-01	4.4143e-02	3.4471e-03	1.9989e-33	0.00e+00	0.00e+00	8.4496e-01
3.19010e+17	1.2531e+04	2.079e-17	1.6681e+03	1.8924e+03	8.4764e-19	2.4224e-04	9.9976e-01	1.3477e-04	4.5460e-01	5.4526e-01	6.1698e-26	1.6429e-07	1.6564e-03	2.9463e-01	5.9002e-01	1.4922e-07	1.2200e-03	6.0723e-01	3.5355e-01	3.5171e-02	2.7102e-03	2.3007e-33	0.00e+00	0.00e+00	8.6422e-01
3.26092e+17	1.2426e+04	2.058e-17	1.6681e+03	1.8825e+03	8.9030e-19	2.4613e-04	9.9975e-01	1.5543e-04	5.1969e-01	4.8015e-01	7.1938e-26	1.7254e-07	1.7224e-03	3.0348e-01	5.9710e-01	1.6928e-07	1.3603e-03	6.6018e-01	3.0922e-01	2.7075e-02	2.0676e-03	2.6068e-33	0.00e+00	0.00e+00	8.8136e-01
3.32261e+17	1.2296e+04	2.026e-17	1.6681e+03	1.8742e+03	9.4714e-19	2.5033e-04	9.9975e-01	1.7450e-04	5.7774e-01	4.2209e-01	8.2195e-26	1.7991e-07	1.7807e-03	3.1090e-01	6.0230e-01	1.8762e-07	1.4824e-03	7.0416e-01	2.7156e-01	2.1111e-02	1.6062e-03	2.9250e-33	0.00e+00	0.00e+00	8.9645e-01
3.38842e+17	1.2116e+04	1.975e-17	1.6681e+03	1.8656e+03	1.0343e-18	2.5607e-04	9.9974e-01	1.9535e-04	6.3758e-01	3.6222e-01	9.5604e-26	1.8875e-07	1.8484e-03	3.1865e-01	6.0654e-01	2.0891e-07	1.6146e-03	7.4726e-01	2.3394e-01	1.5913e-02	1.2114e-03	3.3479e-33	0.00e+00	0.00e+00	9.1651e-01
3.46196e+17	1.1897e+04	1.910e-17	1.6681e+03	1.8570e+03	1.1451e-18	2.6254e-04	9.9974e-01	2.1710e-04	6.9795e-01	3.0184e-01	1.1046e-25	1.9803e-07	1.9187e-03	3.2650e-01	6.0963e-01	2.3116e-07	1.7460e-03	7.8831e-01	1.9738e-01	1.1631e-02	8.9232e-04	3.8024e-33	0.00e+00	0.00e+00	9.3660e-01
3.53193e+17	1.1677e+04	1.843e-17	1.6681e+03	1.8498e+03	1.2627e-18	2.6898e-04	9.9973e-01	2.3607e-04	7.4784e-01	2.5192e-01	1.2466e-25	2.0688e-07	1.9844e-03	3.3346e-01	6.1112e-01	2.5146e-07	1.8585e-03	8.2100e-01	1.6775e-01	8.6846e-03	6.7480e-04	4.2014e-33	0.00e+00	0.00e+00	9.5566e-01
3.60930e+17	1.1427e+04	1.766e-17	1.6681e+03	1.8434e+03	1.4304e-18	2.7680e-04	9.9972e-01	2.5541e-04	7.9429e-01	2.0545e-01	1.4347e-25	2.1749e-07	2.0604e-03	3.4091e-01	6.1125e-01	2.7405e-07	1.9739e-03	8.5097e-01	1.4018e-01	6.3599e-03	5.0253e-04	4.7728e-33	0.00e+00	0.00e+00	9.8116e-01
3.69477e+17	1.1178e+04	1.690e-17	1.6681e+03	1.8376e+03	1.6180e-18	2.8466e-04	9.9972e-01	2.7297e-04	8.3432e-01	1.6541e-01	1.6259e-25	2.2813e-07	2.1352e-03	3.4811e-01	6.1029e-01	2.9577e-07	2.0783e-03	8.7632e-01	1.1651e-01	4.6996e-03	3.7787e-04	5.3245e-33	0.00e+00	0.00e+00	1.0062e+00
3.79075e+17	1.0921e+04	1.612e-17	1.6681e+03	1.8325e+03	1.8506e-18	2.9373e-04	9.9971e-01	2.9006e-04	8.6916e-01	1.3055e-01	1.8573e-25	2.4055e-07	2.2192e-03	3.5567e-01	6.0810e-01	3.1961e-07	2.1835e-03	8.9857e-01	9.5472e-02	3.4807e-03	2.8299e-04	5.9750e-33	0.00e+00	0.00e+00	1.0397e+00
3.89873e+17	1.0682e+04	1.540e-17	1.6681e+03	1.8284e+03	2.1043e-18	3.0272e-04	9.9970e-01	3.0495e-04	8.9740e-01	1.0229e-01	2.0900e-25	2.5287e-07	2.3005e-03	3.6289e-01	6.0517e-01	3.4225e-07	2.2759e-03	9.1668e-01	7.8157e-02	2.6619e-03	2.1565e-04	6.6093e-33	0.00e+00	0.00e+00	1.0740e+00
4.02231e+17	1.0454e+04	1.473e-17	1.6681e+03	1.8250e+03	2.4033e-18	3.1287e-04	9.9969e-01	3.1906e-04	9.2082e-01	7.8861e-02	2.3645e-25	2.6682e-07	2.3888e-03	3.7032e-01	6.0136e-01	3.6688e-07	2.3672e-03	9.3213e-01	6.3243e-02	2.0900e-03	1.6448e-04	7.3445e-33	0.00e+00	0.00e+00	1.1200e+00
4.18295e+17	1.0226e+04	1.408e-17	1.6681e+03	1.8220e+03	2.7788e-18	3.2498e-04	9.9968e-01	3.3318e-04	9.4136e-01	5.8302e-02	2.7032e-25	2.8328e-07	2.4889e-03	3.7845e-01	5.9647e-01	3.9517e-07	2.4610e-03	9.4608e-01	4.9659e-02	1.6749e-03	1.2280e-04	8.2594e-33	0.00e+00	0.00e+00	1.1822e+00
4.39179e+17	1.0017e+04	1.349e-17	1.6681e+03	1.8195e+03	3.2317e-18	3.3944e-04	9.9966e-01	3.4682e-04	9.5819e-01	4.1460e-02	3.1138e-25	3.0242e-07	2.5993e-03	3.8710e-01	5.9061e-01	4.2764e-07	2.5544e-03	9.5796e-01	3.7991e-02	1.3963e-03	9.0178e-05	9.3774e-33	0.00e+00	0.00e+00	1.2666e+00
4.66328e+17	9.8430e+03	1.300e-17	1.6681e+03	1.8176e+03	3.7553e-18	3.5705e-04	9.9964e-01	3.5978e-04	9.7112e-01	2.8520e-02	3.6141e-25	3.2470e-07	2.7197e-03	3.9612e-01	5.8389e-01	4.6565e-07	2.6457e-03	9.6756e-01	2.8510e-02	1.2197e-03	6.5448e-05	1.0771e-32	0.00e+00	0.00e+00	1.3820e+00
5.01622e+17	9.7188e+03	1.264e-17	1.6681e+03	1.8162e+03	4.3724e-18	3.7942e-04	9.9962e-01	3.7222e-04	9.8052e-01	1.9106e-02	4.2629e-25	3.5136e-07	2.8525e-03	4.0556e-01	5.7633e-01	5.1242e-07	2.7361e-03	9.7495e-01	2.1157e-02	1.1100e-03	4.7145e-05	1.2699e-32	0.00e+00	0.00e+00	1.5414e+00
5.47504e+17	9.6528e+03	1.245e-17	1.6681e+03	1.8151e+03	5.1259e-18	4.0958e-04	9.9959e-01	3.8503e-04	9.8706e-01	1.2556e-02	5.1698e-25	3.8471e-07	3.0053e-03	4.1575e-01	5.6769e-01	5.7424e-07	2.8291e-03	9.8044e-01	1.5660e-02	1.0392e-03	3.3860e-05	1.5588e-32	0.00e+00	0.00e+00	1.7651e+00
6.02109e+17	9.6611e+03	1.244e-17	1.6681e+03	1.8144e+03	6.0087e-18	4.4884e-04	9.9955e-01	3.9766e-04	9.9114e-01	8.4651e-03	6.4099e-25	4.2410e-07	3.1699e-03	4.2598e-01	5.5864e-01	6.5448e-07	2.9222e-03	9.8406e-01	1.1996e-02	9.9325e-04	2.5116e-05	1.9933e-32	0.00e+00	0.00e+00	2.0361e+00
6.62320e+17	9.7489e+03	1.259e-17	1.6681e+03	1.8140e+03	7.0548e-18	4.9902e-04	9.9950e-01	4.1092e-04	9.9360e-01	5.9928e-03	8.2229e-25	4.7064e-07	3.3493e-03	4.3604e-01	5.4948e-01	7.6043e-07	3.0201e-03	9.8641e-01	9.5886e-03	9.6067e-04	1.9378e-05	2.6938e-32	0.00e+00	0.00e+00	2.3676e+00
7.28552e+17	9.8819e+03	1.291e-17	1.6681e+03	1.8136e+03	8.4946e-18	5.6671e-04	9.9943e-01	4.2722e-04	9.9517e-01	4.4017e-03	1.1174e-24	5.3017e-07	3.5695e-03	4.4718e-01	5.3907e-01	9.1239e-07	3.1397e-03	9.8802e-01	7.8943e-03	9.3315e-04	1.5313e-05	3.9142e-32	0.00e+00	0.00e+00	2.7816e+00
8.01407e+17	1.0061e+04	1.340e-17	1.6681e+03	1.8133e+03	1.0374e-17	6.6112e-04	9.9934e-01	4.4705e-04	9.9622e-01	3.3317e-03	1.6114e-24	6.0915e-07	3.8544e-03	4.6014e-01	5.2672e-01	1.1446e-06	3.2976e-03	9.8915e-01	6.6339e-03	9.0788e-04	1.2248e-05	5.9817e-32	0.00e+00	0.00e+00	3.3130e+00
8.73930e+17	1.0320e+04	1.403e-17	1.6681e+03	1.8130e+03	1.3251e-17	7.8255e-04	9.9922e-01	4.7134e-04	9.9686e-01	2.6664e-03	2.5219e-24	7.0144e-07	4.1772e-03	4.7308e-01	5.1422e-01	1.4791e-06	3.4895e-03	9.8984e-01	5.7689e-03	8.8891e-04	1.0085e-05	1.0559e-31	0.00e+00	0.00e+00	3.8793e+00
9.36351e+17	1.0546e+04	1.470e-17	1.6681e+03	1.8127e+03	1.7283e-17	9.2140e-04	9.9908e-01	4.9648e-04	9.9723e-01	2.2697e-03	4.0348e-24	8.0321e-07	4.5371e-03	4.8622e-01	5.0134e-01	1.9171e-06	3.7145e-03	9.9022e-01	5.1848e-03	8.7367e-04	8.5859e-06	1.9165e-31	0.00e+00	0.00e+00	4.4238e+00
9.88135e+17	1.0760e+04	1.531e-17	1.6681e+03	1.8124e+03	2.1698e-17	1.0658e-03	9.9893e-01	5.2292e-04	9.9746e-01	2.0213e-03	6.2131e-24	9.0684e-07	4.9069e-03	4.9858e-01	4.8912e-01	2.4425e-06	3.9540e-03	9.9041e-01	4.7599e-03	8.6211e-04	7.4978e-06	3.2534e-31	0.00e+00	0.00e+00	4.9563e+00
1.03457e+18	1.0954e+04	1.589e-17	1.6681e+03	1.8121e+03	2.7054e-17	1.2232e-03	9.9878e-01	5.5213e-04	9.9761e-01	1.8361e-03	9.5503e-24	1.0208e-06	5.3184e-03	5.1147e-01	4.7628e-01	3.1030e-06	4.2254e-03	9.9052e-01	4.3917e-03	8.5149e-04	6.5877e-06	5.4400e-31	0.00e+00	0.00e+00	5.5414e+00
1.08681e+18	1.1165e+04	1.654e-17	1.6681e+03	1.8117e+03	3.5344e-17	1.4367e-03	9.9856e-01	5.9217e-04	9.9776e-01	1.6492e-03	1.6273e-23	1.1803e-06	5.8997e-03	5.2862e-01	4.5908e-01	4.1536e-06	4.6084e-03	9.9058e-01	3.9650e-03	8.3827e-04	5.6075e-06	1.0122e-30	0.00e+00	0.00e+00	6.4348e+00
1.14485e+18	1.1412e+04	1.735e-17	1.6681e+03	1.8112e+03	4.9003e-17	1.7457e-03	9.9825e-01	6.4800e-04	9.9788e-01	1.4723e-03	3.1602e-23	1.4065e-06	6.7303e-03	5.5053e-01	4.3695e-01	6.0052e-06	5.1921e-03	9.9043e-01	3.5399e-03	8.2491e-04	4.6441e-06	2.1672e-30	0.00e+00	0.00e+00	7.4832e+00
1.19518e+18	1.1637e+04	1.814e-17	1.6681e+03	1.8105e+03	6.7837e-17	2.1089e-03	9.9789e-01	7.1290e-04	9.9793e-01	1.3549e-03	6.1846e-23	1.6722e-06	7.7112e-03	5.7323e-01	4.1381e-01	8.7332e-06	5.9235e-03	9.9006e-01	3.1924e-03	8.1398e-04	3.8788e-06	4.6229e-30	0.00e+00	0.00e+00	8.4518e+00
1.23320e+18	1.1802e+04	1.877e-17	1.6681e+03	1.8100e+03	9.1927e-17	2.4653e-03	9.9753e-01	7.7645e-04	9.9794e-01	1.2852e-03	1.1304e-22	1.9391e-06	8.6963e-03	5.9351e-01	3.9297e-01	1.2045e-05	6.6868e-03	9.8956e-01	2.9288e-03	8.0520e-04	3.3296e-06	9.2651e-30	0.00e+00	0.00e+00	9.2933e+00
1.26351e+18	1.1944e+04	1.928e-17	1.6681e+03	1.8092e+03	1.1293e-16	2.8094e-03	9.9719e-01	8.4062e-04	9.9792e-01	1.2394e-03	1.8228e-22	2.2038e-06	9.6747e-03	6.1169e-01	3.7415e-01	1.5912e-05	7.4701e-03	9.8900e-01	2.7104e-03	7.9797e-04	2.9101e-06	1.5186e-29	0.00e+00	0.00e+00	1.0128e+01
1.29594e+18	1.2056e+04	1.985e-17	1.6681e+03	1.8086e+03	1.5367e-16	3.2489e-03	9.9675e-01	9.1928e-04	9.9790e-01	1.1827e-03	3.3547e-22	2.5570e-06	1.0969e-02	6.3384e-01	3.5111e-01	2.1805e-05	8.5110e-03	9.8822e-01	2.4540e-03	7.8777e-04	2.4705e-06	3.0310e-29	0.00e+00	0.00e+00	1.1382e+01
1.32991e+18	1.2219e+04	2.047e-17	1.6681e+03	1.8075e+03	2.1733e-16	3.8396e-03	9.9616e-01	1.0235e-03	9.9786e-01	1.1141e-03	6.8430e-22	3.0288e-06	1.2695e-02	6.5905e-01	3.2458e-01	3.1734e-05	1.0029e-02	9.8696e-01	2.1959e-03	7.7861e-04	2.0486e-06	6.7775e-29	0.00e+00	0.00e+00	1.2646e+01
1.35653e+18	1.2327e+04	2.103e-17	1.6681e+03	1.8065e+03	2.9581e-16	4.4494e-03	9.9555e-01	1.1317e-03	9.9779e-01	1.0771e-03	1.2928e-21	3.5241e-06	1.4498e-02	6.8154e-01	3.0064e-01	4.4543e-05	1.1713e-02	9.8548e-01	1.9927e-03	7.7022e-04	1.7341e-06	1.3705e-28	0.00e+00	0.00e+00	1.3675e+01
1.37188e+18	1.2395e+04	2.137e-17	1.6681e+03	1.8057e+03	3.5810e-16	4.8859e-03	9.9511e-01	1.2100e-03	9.9772e-01	1.0720e-03	1.9413e-21	3.8816e-06	1.5800e-02	6.9539e-01	2.8569e-01	5.5601e-05	1.3019e-02	9.8427e-01	1.8835e-03	7.6546e-04	1.5647e-06	2.1339e-28	0.00e+00	0.00e+00	1.4125e+01
1.37912e+18	1.2421e+04	2.151e-17	1.6681e+03	1.8053e+03	3.9137e-16	5.1018e-03	9.9490e-01	1.2509e-03	9.9765e-01	1.0959e-03	2.3505e-21	4.0655e-06	1.6474e-02	7.0212e-01	2.7838e-01	6.1688e-05	1.3691e-02	9.8365e-01	1.8349e-03	7.6279e-04	1.4909e-06	2.6184e-28	0.00e+00	0.00e+00	1.4434e+01
1.38572e+18	1.2443e+04	2.164e-17	1.6681e+03	1.8049e+03	4.2443e-16	5.3035e-03	9.9470e-01	1.2883e-03	9.9761e-01	1.1044e-03	2.7971e-21	4.2443e-06	1.7114e-02	7.0847e-01	2.7147e-01	6.7681e-05	1.4320e-02	9.8307e-01	1.7826e-03	7.6002e-04	1.4216e-06	3.1535e-28	0.00e+00	0.00e+00	1.4850e+01
1.39431e+18	1.2466e+04	2.182e-17	1.6681e+03	1.8045e+03	4.7326e-16	5.5844e-03	9.9442e-01	1.3400e-03	9.9757e-01	1.0946e-03	3.5273e-21	4.4922e-06	1.8006e-02	7.1689e-01	2.6227e-01	7.6599e-05	1.5213e-02	9.8224e-01	1.7117e-03	7.5613e-04	1.3320e-06	4.0384e-28	0.00e+00	0.00e+00	1.5421e+01
1.40546e+18	1.2508e+04	2.203e-17	1.6681e+03	1.8038e+03	5.4461e-16	5.9809e-03	9.9402e-01	1.4130e-03	9.9752e-01	1.0709e-03	4.8030e-21	4.8452e-06	1.9270e-02	7.2799e-01	2.5005e-01	9.0481e-05	1.6523e-02	9.8101e-01	1.6192e-03	7.5123e-04	1.2202e-06	5.6000e-28	0.00e+00	0.00e+00	1.6215e+01
1.41747e+18	1.2527e+04	2.232e-17	1.6681e+03	1.8032e+03	6.4545e-16	6.4821e-03	9.9352e-01	1.5046e-03	9.9746e-01	1.0386e-03	6.8874e-21	5.2845e-06	2.0848e-02	7.4037e-01	2.3625e-01	1.1007e-04	1.8238e-02	9.7939e-01	1.5199e-03	7.4489e-04	1.1019e-06	8.1915e-28	0.00e+00	0.00e+00	1.6994e+01
1.42754e+18	1.2575e+04	2.254e-17	1.6681e+03	1.8021e+03	7.4354e-16	6.9563e-03	9.9304e-01	1.5912e-03	9.9738e-01	1.0253e-03	9.4728e-21	5.7077e-06	2.2346e-02	7.5087e-01	2.2439e-01	1.3124e-04	1.9964e-02	9.7772e-01	1.4399e-03	7.4036e-04	1.0090e-06	1.1458e-27	0.00e+00	0.00e+00	1.7632e+01
1.43506e+18	1.2595e+04	2.271e-17	1.6681e+03	1.8014e+03	8.3284e-16	7.3499e-03	9.9265e-01	1.6644e-03	9.9731e-01	1.0227e-03	1.2156e-20	6.0616e-06	2.3603e-02	7.5888e-01	2.1522e-01	1.5063e-04	2.1446e-02	9.7628e-01	1.3810e-03	7.3621e-04	9.4161e-07	1.4866e-27	0.00e+00	0.00e+00	1.8122e+01
1.44127e+18	1.2606e+04	2.285e-17	1.6681e+03	1.8009e+03	9.1638e-16	7.6939e-03	9.9231e-01	1.7290e-03	9.9725e-01	1.0228e-03	1.4987e-20	6.3753e-06	2.4721e-02	7.6559e-01	2.0748e-01	1.6896e-04	2.2775e-02	9.7499e-01	1.3318e-03	7.3243e-04	8.8792e-07	1.8484e-27	0.00e+00	0.00e+00	1.8616e+01
1.44828e+18	1.2613e+04	2.301e-17	1.6681e+03	1.8003e+03	1.0221e-15	8.1028e-03	9.9190e-01	1.8064e-03	9.9718e-01	1.0161e-03	1.9012e-20	6.7544e-06	2.6065e-02	7.7323e-01	1.9858e-01	1.9243e-04	2.4387e-02	9.7342e-01	1.2750e-03	7.2771e-04	8.2909e-07	2.3642e-27	0.00e+00	0.00e+00	1.9291e+01
1.45738e+18	1.2650e+04	2.319e-17	1.6681e+03	1.7991e+03	1.1733e-15	8.6810e-03	9.9132e-01	1.9146e-03	9.9709e-01	9.9754e-04	2.6103e-20	7.2936e-06	2.7957e-02	7.8309e-01	1.8695e-01	2.2935e-04	2.6775e-02	9.7107e-01	1.2009e-03	7.2208e-04	7.5627e-07	3.2802e-27	0.00e+00	0.00e+00	2.0232e+01
1.46622e+18	1.2652e+04	2.345e-17	1.6681e+03	1.7981e+03	1.3793e-15	9.3691e-03	9.9063e-01	2.0410e-03	9.9699e-01	9.7155e-04	3.6961e-20	7.9151e-06	3.0143e-02	7.9285e-01	1.7513e-01	2.7826e-04	2.9702e-02	9.6818e-01	1.1273e-03	7.1504e-04	6.8408e-07	4.7071e-27	0.00e+00	0.00e+00	2.0960e+01
1.47236e+18	1.2658e+04	2.361e-17	1.6681e+03	1.7973e+03	1.5440e-15	9.8914e-03	9.9011e-01	2.1397e-03	9.9689e-01	9.6840e-04	4.7461e-20	8.3970e-06	3.1842e-02	7.9953e-01	1.6683e-01	3.2011e-04	3.2059e-02	9.6583e-01	1.0789e-03	7.0995e-04	6.3735e-07	6.0878e-27	0.00e+00	0.00e+00	2.1472e+01
1.47714e+18	1.2666e+04	2.371e-17	1.6681e+03	1.7965e+03	1.6825e-15	1.0313e-02	9.8969e-01	2.2207e-03	9.9681e-01	9.6953e-04	5.7626e-20	8.7961e-06	3.3240e-02	8.0466e-01	1.6036e-01	3.5680e-04	3.4025e-02	9.6387e-01	1.0417e-03	7.0593e-04	6.0297e-07	7.4244e-27	0.00e+00	0.00e+00	2.1977e+01
1.48249e+18	1.2667e+04	2.383e-17	1.6681e+03	1.7957e+03	1.8575e-15	1.0811e-02	9.8919e-01	2.3168e-03	9.9672e-01	9.6514e-04	7.1771e-20	9.2706e-06	3.4898e-02	8.1040e-01	1.5304e-01	4.0306e-04	3.6379e-02	9.6152e-01	9.9922e-04	7.0091e-04	5.6546e-07	9.2893e-27	0.00e+00	0.00e+00	2.2665e+01
1.48944e+18	1.2668e+04	2.400e-17	1.6681e+03	1.7948e+03	2.1232e-15	1.1520e-02	9.8848e-01	2.4529e-03	9.9660e-01	9.5107e-04	9.6505e-20	9.9447e-06	3.7247e-02	8.1772e-01	1.4346e-01	4.7526e-04	3.9842e-02	9.5804e-01	9.4350e-04	6.9387e-04	5.1809e-07	1.2577e-26	0.00e+00	0.00e+00	2.3618e+01
1.49644e+18	1.2669e+04	2.420e-17	1.6681e+03	1.7935e+03	2.4629e-15	1.2369e-02	9.8763e-01	2.6124e-03	9.9646e-01	9.3114e-04	1.3398e-19	1.0730e-05	3.9980e-02	8.2492e-01	1.3363e-01	5.7182e-04	4.4162e-02	9.5369e-01	8.8636e-04	6.8600e-04	4.7039e-07	1.7609e-26	0.00e+00	0.00e+00	2.4419e+01
1.50167e+18	1.2668e+04	2.434e-17	1.6681e+03	1.7921e+03	2.7642e-15	1.3075e-02	9.8692e-01	2.7474e-03	9.9633e-01	9.2464e-04	1.7331e-19	1.1389e-05	4.2277e-02	8.3009e-01	1.2623e-01	6.6169e-04	4.7936e-02	9.4988e-01	8.4471e-04	6.7963e-04	4.3631e-07	2.2892e-26	0.00e+00	0.00e+00	2.5011e+01
1.50578e+18	1.2667e+04	2.443e-17	1.6681e+03	1.7909e+03	3.0255e-15	1.3655e-02	9.8635e-01	2.8609e-03	9.9622e-01	9.2288e-04	2.1229e-19	1.1940e-05	4.4201e-02	8.3400e-01	1.2045e-01	7.4216e-04	5.1149e-02	9.4662e-01	8.1286e-04	6.7437e-04	4.1110e-07	2.8119e-26	0.00e+00	0.00e+00	2.5575e+01
1.51030e+18	1.2660e+04	2.454e-17	1.6681e+03	1.7896e+03	3.3473e-15	1.4326e-02	9.8567e-01	2.9928e-03	9.9609e-01	9.1777e-04	2.6565e-19	1.2581e-05	4.6434e-02	8.3818e-01	1.1409e-01	8.4210e-04	5.4930e-02	9.4278e-01	7.7767e-04	6.6813e-04	3.8438e-07	3.5275e-26	0.00e+00	0.00e+00	2.6345e+01
1.51616e+18	1.2636e+04	2.470e-17	1.6681e+03	1.7884e+03	3.8572e-15	1.5294e-02	9.8471e-01	3.1829e-03	9.9591e-01	9.0458e-04	3.6055e-19	1.3503e-05	4.9624e-02	8.4334e-01	1.0581e-01	9.9926e-04	6.0508e-02	9.3710e-01	7.3159e-04	6.5879e-04	3.5039e-07	4.8124e-26	0.00e+00	0.00e+00	2.7413e+01
1.52204e+18	1.2642e+04	2.486e-17	1.6681e+03	1.7858e+03	4.4685e-15	1.6437e-02	9.8356e-01	3.4010e-03	9.9571e-01	8.8736e-04	5.0303e-19	1.4549e-05	5.3275e-02	8.4806e-01	9.7516e-02	1.2095e-03	6.7478e-02	9.2998e-01	6.8462e-04	6.4915e-04	3.1682e-07	6.7535e-26	0.00e+00	0.00e+00	2.8298e+01
1.52635e+18	1.2624e+04	2.499e-17	1.6681e+03	1.7842e+03	5.0424e-15	1.7394e-02	9.8261e-01	3.5876e-03	9.9553e-01	8.8007e-04	6.5408e-19	1.5438e-05	5.6357e-02	8.5120e-01	9.1362e-02	1.4044e-03	7.3500e-02	9.2380e-01	6.5024e-04	6.4055e-04	2.9254e-07	8.8192e-26	0.00e+00	0.00e+00	2.8940e+01
1.52971e+18	1.2608e+04	2.507e-17	1.6681e+03	1.7830e+03	5.5409e-15	1.8172e-02	9.8183e-01	3.7437e-03	9.9538e-01	8.7686e-04	8.0298e-19	1.6174e-05	5.8920e-02	8.5340e-01	8.6640e-02	1.5774e-03	7.8570e-02	9.1859e-01	6.2433e-04	6.3347e-04	2.7482e-07	1.0852e-25	0.00e+00	0.00e+00	2.9558e+01
1.53342e+18	1.2591e+04	2.516e-17	1.6681e+03	1.7815e+03	6.1442e-15	1.9067e-02	9.8093e-01	3.9244e-03	9.9520e-01	8.7145e-04	1.0059e-18	1.7028e-05	6.1878e-02	8.5562e-01	8.1508e-02	1.7917e-03	8.4534e-02	9.1245e-01	5.9623e-04	6.2531e-04	2.5629e-07	1.3623e-25	0.00e+00	0.00e+00	3.0400e+01
1.53825e+18	1.2558e+04	2.530e-17	1.6681e+03	1.7800e+03	7.0979e-15	2.0366e-02	9.7963e-01	4.1856e-03	9.9495e-01	8.5958e-04	1.3683e-18	1.8257e-05	6.6105e-02	8.5808e-01	7.4878e-02	2.1306e-03	9.3361e-02	9.0333e-01	5.5937e-04	6.1333e-04	2.3262e-07	1.8616e-25	0.00e+00	0.00e+00	3.1569e+01
1.54314e+18	1.2532e+04	2.547e-17	1.6681e+03	1.7777e+03	8.3391e-15	2.1959e-02	9.7804e-01	4.4965e-03	9.9466e-01	8.4359e-04	1.9352e-18	1.9702e-05	7.1098e-02	8.5991e-01	6.8120e-02	2.5959e-03	1.0457e-01	8.9172e-01	5.2036e-04	5.9938e-04	2.0828e-07	2.6514e-25	0.00e+00	0.00e+00	3.2571e+01
1.54683e+18	1.2519e+04	2.555e-17	1.6681e+03	1.7741e+03	9.4381e-15	2.3302e-02	9.7670e-01	4.7622e-03	9.9440e-01	8.3530e-04	2.5402e-18	2.0892e-05	7.5323e-02	8.6073e-01	6.3118e-02	3.0371e-03	1.1449e-01	8.8139e-01	4.9156e-04	5.8823e-04	1.9088e-07	3.4884e-25	0.00e+00	0.00e+00	3.3318e+01
1.54975e+18	1.2486e+04	2.563e-17	1.6681e+03	1.7725e+03	1.0496e-14	2.4442e-02	9.7556e-01	4.9973e-03	9.9417e-01	8.2990e-04	3.1714e-18	2.1958e-05	7.8993e-02	8.6101e-01	5.9208e-02	3.4423e-03	1.2305e-01	8.7246e-01	4.6925e-04	5.7799e-04	1.7759e-07	4.3669e-25	0.00e+00	0.00e+00	3.4039e+01
1.55297e+18	1.2461e+04	2.570e-17	1.6681e+03	1.7705e+03	1.1759e-14	2.5754e-02	9.7425e-01	5.2686e-03	9.9391e-01	8.2321e-04	4.0415e-18	2.3177e-05	8.3219e-02	8.6101e-01	5.5017e-02	3.9479e-03	1.3314e-01	8.6190e-01	4.4538e-04	5.6645e-04	1.6391e-07	5.5782e-25	0.00e+00	0.00e+00	3.5027e+01
1.55716e+18	1.2422e+04	2.582e-17	1.6681e+03	1.7672e+03	1.3760e-14	2.7691e-02	9.7231e-01	5.6603e-03	9.9353e-01	8.1078e-04	5.6251e-18	2.4903e-05	8.9267e-02	8.6038e-01	4.9652e-02	4.7626e-03	1.4821e-01	8.4607e-01	4.1396e-04	5.4981e-04	1.4647e-07	7.7943e-25	0.00e+00	0.00e+00	3.6407e+01
1.56142e+18	1.2372e+04	2.599e-17	1.6681e+03	1.7642e+03	1.6571e-14	3.0134e-02	9.6987e-01	6.1471e-03	9.9306e-01	7.9414e-04	8.2363e-18	2.7039e-05	9.6616e-02	8.5854e-01	4.4193e-02	5.9089e-03	1.6749e-01	8.2569e-01	3.8025e-04	5.2908e-04	1.2820e-07	1.1518e-24	0.00e+00	0.00e+00	3.7608e+01
1.56467e+18	1.2358e+04	2.603e-17	1.6681e+03	1.7591e+03	1.9044e-14	3.2218e-02	9.6778e-01	6.5673e-03	9.9265e-01	7.8472e-04	1.1120e-17	2.8778e-05	1.0291e-01	8.5629e-01	4.0183e-02	7.0201e-03	1.8480e-01	8.0731e-01	3.5525e-04	5.1231e-04	1.1524e-07	1.5608e-24	0.00e+00	0.00e+00	3.8532e+01
1.56732e+18	1.2310e+04	2.611e-17	1.6681e+03	1.7560e+03	2.1637e-14	3.4098e-02	9.6590e-01	6.9587e-03	9.9226e-01	7.7660e-04	1.4340e-17	3.0408e-05	1.0863e-01	8.5381e-01	3.6976e-02	8.0982e-03	2.0025e-01	7.9082e-01	3.3515e-04	4.9673e-04	1.0498e-07	2.0190e-24	0.00e+00	0.00e+00	3.9456e+01
1.57028e+18	1.2261e+04	2.617e-17	1.6681e+03	1.7530e+03	2.4943e-14	3.6337e-02	9.6366e-01	7.4314e-03	9.9180e-01	7.6728e-04	1.9070e-17	3.2377e-05	1.1545e-01	8.5047e-01	3.3536e-02	9.4935e-03	2.1886e-01	7.7086e-01	3.1356e-04	4.7835e-04	9.4317e-08	2.6963e-24	0.00e+00	0.00e+00	4.0737e+01
1.57413e+18	1.2208e+04	2.626e-17	1.6681e+03	1.7472e+03	3.0280e-14	3.9712e-02	9.6029e-01	8.1215e-03	9.9113e-01	7.5273e-04	2.8125e-17	3.5128e-05	1.2528e-01	8.4500e-01	2.9222e-02	1.1804e-02	2.4678e-01	7.4068e-01	2.8530e-04	4.5204e-04	1.1755e-36	4.0052e-24	0.00e+00	0.00e+00	4.2556e+01
1.57809e+18	1.2141e+04	2.641e-17	1.6681e+03	1.7400e+03	3.8304e-14	4.4204e-02	9.5580e-01	9.0152e-03	9.9025e-01	7.3394e-04	4.4405e-17	3.8595e-05	1.3764e-01	8.3705e-01	2.4854e-02	1.5234e-02	2.8310e-01	7.0100e-01	2.5440e-04	4.1885e-04	1.1755e-36	6.4096e-24	0.00e+00	0.00e+00	4.4221e+01
1.58111e+18	1.2077e+04	2.650e-17	1.6681e+03	1.7341e+03	4.6750e-14	4.8349e-02	9.5165e-01	9.8652e-03	9.8941e-01	7.2019e-04	6.4871e-17	4.1831e-05	1.4901e-01	8.2893e-01	2.1647e-02	1.8772e-02	3.1610e-01	6.6450e-01	2.3086e-04	3.8948e-04	1.1755e-36	9.4685e-24	0.00e+00	0.00e+00	4.5474e+01
1.58340e+18	1.2036e+04	2.647e-17	1.6681e+03	1.7257e+03	5.4171e-14	5.1735e-02	9.4827e-01	1.0574e-02	9.8872e-01	7.1107e-04	8.6016e-17	4.4292e-05	1.5833e-01	8.2189e-01	1.9392e-02	2.1950e-02	3.4301e-01	6.3446e-01	2.1421e-04	3.6688e-04	1.1755e-36	1.2601e-23	0.00e+00	0.00e+00	4.6629e+01
1.58584e+18	1.1966e+04	2.650e-17	1.6681e+03	1.7205e+03	6.4299e-14	5.5771e-02	9.4423e-01	1.1436e-02	9.8786e-01	7.0041e-04	1.1741e-16	4.7413e-05	1.6930e-01	8.1325e-01	1.7090e-02	2.5940e-02	3.7313e-01	6.0039e-01	1.9691e-04	3.4086e-04	1.1755e-36	1.7342e-23	0.00e+00	0.00e+00	4.8247e+01
1.58901e+18	1.1897e+04	2.653e-17	1.6681e+03	1.7120e+03	8.1218e-14	6.2031e-02	9.3797e-01	1.2720e-02	9.8659e-01	6.8485e-04	1.7953e-16	5.1777e-05	1.8528e-01	8.0012e-01	1.4267e-02	3.2580e-02	4.1668e-01	5.5026e-01	1.7441e-04	3.0426e-04	1.1755e-36	2.6913e-23	0.00e+00	0.00e+00	5.0586e+01
1.59212e+18	1.1826e+04	2.650e-17	1.6681e+03	1.6942e+03	1.0611e-13	7.0089e-02	9.2991e-01	1.4313e-02	9.8502e-01	6.6974e-04	2.8620e-16	5.6730e-05	2.0422e-01	7.8383e-01	1.1652e-02	4.1825e-02	4.6719e-01	4.9057e-01	1.5145e-04	2.6346e-04	1.1755e-36	4.3767e-23	0.00e+00	0.00e+00	5.2539e+01
1.59430e+18	1.1739e+04	2.653e-17	1.6681e+03	1.6853e+03	1.3242e-13	7.7299e-02	9.2270e-01	1.5786e-02	9.8356e-01	6.5673e-04	4.1278e-16	6.1243e-05	2.2092e-01	7.6891e-01	9.8879e-03	5.0537e-02	5.0618e-01	4.4292e-01	1.3508e-04	2.3124e-04	1.1755e-36	6.4213e-23	0.00e+00	0.00e+00	5.3935e+01
1.59589e+18	1.1688e+04	2.639e-17	1.6681e+03	1.6735e+03	1.5426e-13	8.2751e-02	9.1725e-01	1.6949e-02	9.8240e-01	6.5050e-04	5.3099e-16	6.4492e-05	2.3366e-01	7.5733e-01	8.7479e-03	5.7519e-02	5.3371e-01	4.0843e-01	1.2452e-04	2.0932e-04	1.1755e-36	8.3276e-23	0.00e+00	0.00e+00	5.5202e+01
1.59756e+18	1.1627e+04	2.628e-17	1.6681e+03	1.6639e+03	1.8246e-13	8.9151e-02	9.1085e-01	1.8318e-02	9.8104e-01	6.4306e-04	6.9536e-16	6.8278e-05	2.4817e-01	7.4396e-01	7.6165e-03	6.5844e-02	5.6182e-01	3.7204e-01	1.1383e-04	1.8637e-04	1.1755e-36	1.1031e-22	0.00e+00	0.00e+00	5.6978e+01
1.59973e+18	1.1542e+04	2.610e-17	1.6681e+03	1.6460e+03	2.3104e-13	9.8967e-02	9.0103e-01	2.0343e-02	9.7902e-01	6.3469e-04	9.9893e-16	7.3436e-05	2.6872e-01	7.2478e-01	6.2656e-03	7.8836e-02	5.9762e-01	3.2329e-01	1.0024e-04	1.5679e-04	1.1755e-36	1.6148e-22	0.00e+00	0.00e+00	5.9539e+01
1.60197e+18	1.1451e+04	2.590e-17	1.6681e+03	1.6222e+03	3.0634e-13	1.1227e-01	8.8773e-01	2.2989e-02	9.7639e-01	6.2618e-04	1.5147e-15	7.9519e-05	2.9403e-01	7.0078e-01	4.9766e-03	9.6637e-02	6.3418e-01	2.6897e-01	8.5832e-05	1.2516e-04	1.1755e-36	2.5186e-22	0.00e+00	0.00e+00	6.1929e+01
1.60367e+18	1.1358e+04	2.574e-17	1.6681e+03	1.6066e+03	3.9181e-13	1.2513e-01	8.7487e-01	2.5633e-02	9.7375e-01	6.1881e-04	2.1499e-15	8.5377e-05	3.1768e-01	6.7804e-01	4.0707e-03	1.1389e-01	6.5922e-01	2.2671e-01	7.4994e-05	1.0130e-04	1.1755e-36	3.6731e-22	0.00e+00	0.00e+00	6.3736e+01
1.60491e+18	1.1301e+04	2.536e-17	1.6681e+03	1.5843e+03	4.6323e-13	1.3470e-01	8.6530e-01	2.7709e-02	9.7167e-01	6.1861e-04	2.7093e-15	8.9112e-05	3.3529e-01	6.6101e-01	3.5094e-03	1.2699e-01	6.7416e-01	1.9870e-01	6.8290e-05	8.6564e-05	1.1755e-36	4.6768e-22	0.00e+00	0.00e+00	6.5312e+01
1.60619e+18	1.1230e+04	2.502e-17	1.6681e+03	1.5668e+03	5.5544e-13	1.4577e-01	8.5423e-01	3.0162e-02	9.6922e-01	6.1701e-04	3.4632e-15	9.3594e-05	3.5504e-01	6.4179e-01	2.9758e-03	1.4192e-01	6.8610e-01	1.7185e-01	6.1724e-05	7.2576e-05	1.1755e-36	6.0722e-22	0.00e+00	0.00e+00	6.7530e+01
1.60785e+18	1.1131e+04	2.450e-17	1.6681e+03	1.5364e+03	7.1499e-13	1.6261e-01	8.3739e-01	3.3786e-02	9.6560e-01	6.1742e-04	4.7925e-15	9.9284e-05	3.8240e-01	6.1505e-01	2.3628e-03	1.6430e-01	6.9644e-01	1.3915e-01	5.3580e-05	5.6252e-05	1.1755e-36	8.5989e-22	0.00e+00	0.00e+00	7.0745e+01
1.60957e+18	1.1021e+04	2.388e-17	1.6681e+03	1.4980e+03	9.6422e-13	1.8524e-01	8.1476e-01	3.8576e-02	9.6080e-01	6.2099e-04	6.9460e-15	1.0567e-04	4.1549e-01	5.8253e-01	1.8015e-03	1.9367e-01	6.9956e-01	1.0669e-01	4.5134e-05	4.0791e-05	1.1755e-36	1.2877e-21	0.00e+00	0.00e+00	7.3803e+01
1.61089e+18	1.0915e+04	2.326e-17	1.6681e+03	1.4663e+03	1.2403e-12	2.0633e-01	7.9367e-01	4.3343e-02	9.5603e-01	6.2538e-04	9.3926e-15	1.1124e-04	4.4532e-01	5.5308e-01	1.4267e-03	2.2048e-01	6.9522e-01	8.4231e-02	3.9038e-05	3.0639e-05	1.1755e-36	1.7868e-21	0.00e+00	0.00e+00	7.6141e+01
1.61188e+18	1.0841e+04	2.257e-17	1.6681e+03	1.4350e+03	1.4839e-12	2.2255e-01	7.7745e-01	4.7323e-02	9.5204e-01	6.3263e-04	1.1563e-14	1.1491e-04	4.6827e-01	5.3037e-01	1.1927e-03	2.4090e-01	6.8894e-01	7.0097e-02	3.5166e-05	2.4631e-05	1.1755e-36	2.2260e-21	0.00e+00	0.00e+00	7.8267e+01
1.61293e+18	1.0760e+04	2.182e-17	1.6681e+03	1.4035e+03	1.7928e-12	2.4103e-01	7.5897e-01	5.2035e-02	9.4732e-01	6.4023e-04	1.4354e-14	1.1883e-04	4.9340e-01	5.0545e-01	9.7723e-04	2.6372e-01	6.7891e-01	5.7316e-02	3.1433e-05	1.9372e-05	1.1755e-36	2.8015e-21	0.00e+00	0.00e+00	8.1260e+01
1.61428e+18	1.0634e+04	2.078e-17	1.6681e+03	1.3547e+03	2.3429e-12	2.6919e-01	7.3081e-01	5.9120e-02	9.4023e-01	6.5374e-04	1.9137e-14	1.2331e-04	5.2759e-01	4.7150e-01	7.3995e-04	2.9758e-01	6.5939e-01	4.2984e-02	2.6806e-05	1.3745e-05	1.1755e-36	3.8115e-21	0.00e+00	0.00e+00	8.5606e+01
1.61563e+18	1.0507e+04	1.955e-17	1.6681e+03	1.2955e+03	3.1350e-12	3.0384e-01	6.9616e-01	6.8005e-02	9.3132e-01	6.7459e-04	2.5920e-14	1.2701e-04	5.6518e-01	4.3412e-01	5.4591e-04	3.3806e-01	6.3115e-01	3.0765e-02	2.2356e-05	9.2308e-06	1.1755e-36	5.2860e-21	0.00e+00	0.00e+00	8.9294e+01
1.61660e+18	1.0392e+04	1.851e-17	1.6681e+03	1.2517e+03	3.9045e-12	3.3188e-01	6.6812e-01	7.6226e-02	9.2308e-01	6.9154e-04	3.2321e-14	1.2979e-04	5.9545e-01	4.0397e-01	4.3000e-04	3.7006e-01	6.0630e-01	2.3605e-02	1.9474e-05	6.7434e-06	1.1755e-36	6.6779e-21	0.00e+00	0.00e+00	9.2061e+01
1.61734e+18	1.0313e+04	1.758e-17	1.6681e+03	1.2123e+03	4.5521e-12	3.5260e-01	6.4740e-01	8.2982e-02	9.1631e-01	7.0769e-04	3.7460e-14	1.3097e-04	6.1788e-01	3.8160e-01	3.5862e-04	3.9339e-01	5.8731e-01	1.9283e-02	1.7650e-05	5.3293e-06	1.1755e-36	7.7459e-21	0.00e+00	0.00e+00	9.4609e+01
1.61810e+18	1.0227e+04	1.662e-17	1.6681e+03	1.1729e+03	5.3475e-12	3.7559e-01	6.2441e-01	9.0870e-02	9.0840e-01	7.2628e-04	4.3634e-14	1.3203e-04	6.4148e-01	3.5807e-01	2.9459e-04	4.1882e-01	5.6565e-01	1.5513e-02	1.5876e-05	4.1348e-06	1.1755e-36	9.0431e-21	0.00e+00	0.00e+00	9.7951e+01
1.61903e+18	1.0105e+04	1.542e-17	1.6681e+03	1.1188e+03	6.5895e-12	4.0682e-01	5.9318e-01	1.0154e-01	8.9771e-01	7.5283e-04	5.2506e-14	1.3222e-04	6.6995e-01	3.2967e-01	2.3001e-04	4.5267e-01	5.3563e-01	1.1689e-02	1.3812e-05	2.9750e-06	1.1755e-36	1.0897e-20	0.00e+00	0.00e+00	1.0226e+02
1.61995e+18	9.9859e+03	1.416e-17	1.6681e+03	1.0592e+03	8.1568e-12	4.4146e-01	5.5854e-01	1.1401e-01	8.8520e-01	7.8706e-04	6.3063e-14	1.3124e-04	6.9875e-01	3.0092e-01	1.7827e-04	4.8942e-01	5.0198e-01	8.5909e-03	1.1883e-05	2.0826e-06	1.1755e-36	1.3069e-20	0.00e+00	0.00e+00	1.0613e+02
1.62066e+18	9.8735e+03	1.314e-17	1.6681e+03	1.0136e+03	9.6535e-12	4.6955e-01	5.3045e-01	1.2569e-01	8.7350e-01	8.1388e-04	7.2402e-14	1.3032e-04	7.2200e-01	2.7771e-01	1.4552e-04	5.1868e-01	4.7462e-01	6.6831e-03	1.0541e-05	1.5601e-06	1.1755e-36	1.4919e-20	0.00e+00	0.00e+00	1.0906e+02
1.62122e+18	9.8038e+03	1.229e-17	1.6681e+03	9.7521e+02	1.0831e-11	4.8978e-01	5.1022e-01	1.3543e-01	8.6373e-01	8.3968e-04	7.9313e-14	1.2885e-04	7.3931e-01	2.6043e-01	1.2464e-04	5.3951e-01	4.5497e-01	5.5025e-03	9.6731e-06	1.2520e-06	1.1755e-36	1.6125e-20	0.00e+00	0.00e+00	1.1178e+02
1.62175e+18	9.7046e+03	1.152e-17	1.6681e+03	9.4043e+02	1.2264e-11	5.1078e-01	4.8922e-01	1.4600e-01	8.5314e-01	8.6250e-04	8.6877e-14	1.2753e-04	7.5608e-01	2.4368e-01	1.0715e-04	5.6087e-01	4.3459e-01	4.5376e-03	8.8538e-06	1.0061e-06	1.1755e-36	1.7454e-20	0.00e+00	0.00e+00	1.1466e+02
1.62231e+18	9.6106e+03	1.071e-17	1.6681e+03	9.0147e+02	1.3922e-11	5.3341e-01	4.6659e-01	1.5772e-01	8.4139e-01	8.8958e-04	9.5138e-14	1.2549e-04	7.7291e-01	2.2686e-01	9.1565e-05	5.8359e-01	4.1272e-01	3.6803e-03	8.0466e-06	7.9428e-07	1.1755e-36	1.8822e-20	0.00e+00	0.00e+00	1.1790e+02
1.62276e+18	9.5463e+03	1.004e-17	1.6681e+03	8.6599e+02	1.5379e-11	5.5245e-01	4.4755e-01	1.6761e-01	8.3147e-01	9.1903e-04	1.0194e-13	1.2295e-04	7.8577e-01	2.1402e-01	8.1022e-05	6.0248e-01	3.9443e-01	3.0818e-03	7.4212e-06	6.5078e-07	1.1755e-36	1.9827e-20	0.00e+00	0.00e+00	1.1984e+02
1.62304e+18	9.4883e+03	9.645e-18	1.6681e+03	8.4819e+02	1.6351e-11	5.6272e-01	4.3728e-01	1.7485e-01	8.2421e-01	9.3124e-04	1.0599e-13	1.2202e-04	7.9422e-01	2.0558e-01	7.5258e-05	6.1263e-01	3.8458e-01	2.7789e-03	7.1040e-06	5.8012e-07	1.1755e-36	2.0362e-20	0.00e+00	0.00e+00	1.2118e+02
1.62329e+18	9.4367e+03	9.286e-18	1.6681e+03	8.3228e+02	1.7252e-11	5.7167e-01	4.2833e-01	1.8168e-01	8.1738e-01	9.4171e-04	1.0956e-13	1.2112e-04	8.0175e-01	1.9805e-01	7.0373e-05	6.2144e-01	3.7602e-01	2.5313e-03	6.8371e-06	5.2326e-07	1.1755e-36	2.0792e-20	0.00e+00	0.00e+00	1.2284e+02
1.62361e+18	9.3665e+03	8.844e-18	1.6681e+03	8.1070e+02	1.8595e-11	5.8468e-01	4.1532e-01	1.9054e-01	8.0850e-01	9.5727e-04	1.1468e-13	1.1965e-04	8.1099e-01	1.8882e-01	6.4578e-05	6.3413e-01	3.6363e-01	2.2318e-03	6.4659e-06	4.5486e-07	1.1755e-36	2.1453e-20	0.00e+00	0.00e+00	1.2506e+02
1.62396e+18	9.3017e+03	8.360e-18	1.6681e+03	7.8393e+02	2.0164e-11	6.0005e-01	3.9995e-01	2.0022e-01	7.9880e-01	9.8145e-04	1.2052e-13	1.1737e-04	8.2042e-01	1.7939e-01	5.8917e-05	6.4899e-01	3.4907e-01	1.9292e-03	6.0484e-06	3.8680e-07	1.1755e-36	2.2149e-20	0.00e+00	0.00e+00	1.2725e+02
1.62428e+18	9.2514e+03	7.930e-18	1.6681e+03	7.5933e+02	2.1545e-11	6.1294e-01	3.8706e-01	2.0897e-01	7.9002e-01	1.0057e-03	1.2528e-13	1.1508e-04	8.2834e-01	1.7148e-01	5.4557e-05	6.6139e-01	3.3691e-01	1.6974e-03	5.7148e-06	3.3580e-07	1.1755e-36	2.2572e-20	0.00e+00	0.00e+00	1.2906e+02
1.62455e+18	9.1877e+03	7.573e-18	1.6681e+03	7.4038e+02	2.2973e-11	6.2411e-01	3.7589e-01	2.1780e-01	7.8118e-01	1.0217e-03	1.2973e-13	1.1346e-04	8.3564e-01	1.6419e-01	5.1022e-05	6.7206e-01	3.2641e-01	1.5179e-03	5.4394e-06	2.9691e-07	1.1755e-36	2.2982e-20	0.00e+00	0.00e+00	1.3081e+02
1.62483e+18	9.1278e+03	7.211e-18	1.6681e+03	7.2047e+02	2.4458e-11	6.3527e-01	3.6473e-01	2.2693e-01	7.7203e-01	1.0399e-03	1.3410e-13	1.1163e-04	8.4274e-01	1.5709e-01	4.7767e-05	6.8267e-01	3.1597e-01	1.3539e-03	5.1743e-06	2.6191e-07	1.1755e-36	2.3303e-20	0.00e+00	0.00e+00	1.3274e+02
1.62513e+18	9.0659e+03	6.828e-18	1.6681e+03	6.9791e+02	2.6160e-11	6.4756e-01	3.5244e-01	2.3680e-01	7.6213e-01	1.0619e-03	1.3880e-13	1.0938e-04	8.4998e-01	1.4986e-01	4.4609e-05	6.9428e-01	3.0452e-01	1.1943e-03	4.8936e-06	2.2829e-07	1.1755e-36	2.3571e-20	0.00e+00	0.00e+00	1.3485e+02
1.62543e+18	8.9937e+03	6.458e-18	1.6681e+03	6.7567e+02	2.8142e-11	6.6063e-01	3.3937e-01	2.4753e-01	7.5139e-01	1.0841e-03	1.4392e-13	1.0709e-04	8.5721e-01	1.4264e-01	4.1701e-05	7.0655e-01	2.9239e-01	1.0485e-03	4.6079e-06	1.9791e-07	1.1755e-36	2.3879e-20	0.00e+00	0.00e+00	1.3692e+02
1.62571e+18	8.9384e+03	6.117e-18	1.6681e+03	6.5432e+02	2.9890e-11	6.7181e-01	3.2819e-01	2.5743e-01	7.4146e-01	1.1081e-03	1.4811e-13	1.0473e-04	8.6343e-01	1.3642e-01	3.9354e-05	7.1699e-01	2.8208e-01	9.3168e-04	4.3726e-06	1.7403e-07	1.1755e-36	2.3946e-20	0.00e+00	0.00e+00	1.3879e+02
1.62598e+18	8.8661e+03	5.808e-18	1.6681e+03	6.3572e+02	3.1910e-11	6.8258e-01	3.1742e-01	2.6802e-01	7.3086e-01	1.1255e-03	1.5240e-13	1.0276e-04	8.6956e-01	1.3030e-01	3.7282e-05	7.2700e-01	2.7217e-01	8.3211e-04	4.1548e-06	1.5392e-07	1.1755e-36	2.4051e-20	0.00e+00	0.00e+00	1.4072e+02
1.62625e+18	8.8053e+03	5.493e-18	1.6681e+03	6.1544e+02	3.3908e-11	6.9327e-01	3.0673e-01	2.7873e-01	7.2012e-01	1.1482e-03	1.5645e-13	1.0043e-04	8.7539e-01	1.2447e-01	3.5381e-05	7.3688e-01	2.6237e-01	7.4082e-04	3.9451e-06	1.3572e-07	1.1755e-36	2.3997e-20	0.00e+00	0.00e+00	1.4277e+02
1.62654e+18	8.7308e+03	5.180e-18	1.6681e+03	5.9475e+02	3.6319e-11	7.0472e-01	2.9528e-01	2.9043e-01	7.0840e-01	1.1709e-03	1.6086e-13	9.8006e-05	8.8129e-01	1.1857e-01	3.3589e-05	7.4741e-01	2.5193e-01	6.5587e-04	3.7289e-06	1.1755e-36	1.1755e-36	2.3925e-20	0.00e+00	0.00e+00	1.4491e+02
1.62682e+18	8.6568e+03	4.884e-18	1.6681e+03	5.7485e+02	3.8869e-11	7.1605e-01	2.8395e-01	3.0245e-01	6.9635e-01	1.1931e-03	1.6528e-13	9.5604e-05	8.8689e-01	1.1297e-01	3.1999e-05	7.5776e-01	2.4165e-01	5.8146e-04	3.5223e-06	1.1755e-36	1.1755e-36	2.3829e-20	0.00e+00	0.00e+00	1.4696e+02
1.62708e+18	8.5927e+03	4.614e-18	1.6681e+03	5.5602e+02	4.1253e-11	7.2589e-01	2.7411e-01	3.1386e-01	6.8492e-01	1.2156e-03	1.6900e-13	9.3258e-05	8.9184e-01	1.0803e-01	3.0686e-05	7.6672e-01	2.3276e-01	5.2093e-04	3.3484e-06	1.1755e-36	1.1755e-36	2.3576e-20	0.00e+00	0.00e+00	1.4890e+02
1.62734e+18	8.5105e+03	4.360e-18	1.6681e+03	5.3857e+02	4.4144e-11	7.3579e-01	2.6421e-01	3.2631e-01	6.7246e-01	1.2330e-03	1.7294e-13	9.1115e-05	8.9680e-01	1.0308e-01	2.9485e-05	7.7569e-01	2.2383e-01	4.6722e-04	3.1792e-06	1.1755e-36	1.1755e-36	2.3352e-20	0.00e+00	0.00e+00	1.5097e+02
1.62761e+18	8.4349e+03	4.104e-18	1.6681e+03	5.1980e+02	4.7136e-11	7.4579e-01	2.5421e-01	3.3897e-01	6.5977e-01	1.2554e-03	1.7677e-13	8.8676e-05	9.0152e-01	9.8360e-02	2.8377e-05	7.8472e-01	2.1486e-01	4.1789e-04	3.0129e-06	1.1755e-36	1.1755e-36	2.2995e-20	0.00e+00	0.00e+00	1.5310e+02
1.62788e+18	8.3584e+03	3.858e-18	1.6681e+03	5.0135e+02	5.0353e-11	7.5573e-01	2.4427e-01	3.5205e-01	6.4667e-01	1.2777e-03	1.8061e-13	8.6225e-05	9.0603e-01	9.3854e-02	2.7378e-05	7.9364e-01	2.0599e-01	3.7410e-04	2.8526e-06	1.1755e-36	1.1755e-36	2.2598e-20	0.00e+00	0.00e+00	1.5522e+02
1.62814e+18	8.2774e+03	3.629e-18	1.6681e+03	4.8366e+02	5.3853e-11	7.6518e-01	2.3482e-01	3.6526e-01	6.3344e-01	1.2986e-03	1.8429e-13	8.3843e-05	9.1024e-01	8.9642e-02	2.6503e-05	8.0208e-01	1.9758e-01	3.3659e-04	2.7045e-06	1.1755e-36	1.1755e-36	2.2144e-20	0.00e+00	0.00e+00	1.5730e+02
1.62840e+18	8.1956e+03	3.415e-18	1.6681e+03	4.6683e+02	5.7567e-11	7.7412e-01	2.2588e-01	3.7867e-01	6.2001e-01	1.3176e-03	1.8781e-13	8.1544e-05	9.1420e-01	8.5687e-02	2.5734e-05	8.1004e-01	1.8966e-01	3.0429e-04	2.5682e-06	1.1755e-36	1.1755e-36	2.1654e-20	0.00e+00	0.00e+00	1.5938e+02
1.62865e+18	8.1087e+03	3.209e-18	1.6681e+03	4.5019e+02	6.1715e-11	7.8295e-01	2.1705e-01	3.9256e-01	6.0610e-01	1.3358e-03	1.9134e-13	7.9237e-05	9.1800e-01	8.1891e-02	2.5036e-05	8.1788e-01	1.8185e-01	2.7557e-04	2.4368e-06	1.1755e-36	1.1755e-36	2.1119e-20	0.00e+00	0.00e+00	1.6152e+02
1.62891e+18	8.0172e+03	3.011e-18	1.6681e+03	4.3352e+02	6.6365e-11	7.9178e-01	2.0822e-01	4.0686e-01	5.9179e-01	1.3543e-03	1.9491e-13	7.6880e-05	9.2162e-01	7.8273e-02	2.4400e-05	8.2567e-01	1.7407e-01	2.4992e-04	2.3089e-06	1.1755e-36	1.1755e-36	2.0535e-20	0.00e+00	0.00e+00	1.6368e+02
1.62917e+18	7.9247e+03	2.825e-18	1.6681e+03	4.1736e+02	7.1396e-11	8.0025e-01	1.9975e-01	4.2125e-01	5.7738e-01	1.3720e-03	1.9838e-13	7.4556e-05	9.2499e-01	7.4907e-02	2.3838e-05	8.3312e-01	1.6665e-01	2.2771e-04	2.1892e-06	1.1755e-36	1.1755e-36	1.9917e-20	0.00e+00	0.00e+00	1.6581e+02
1.62942e+18	7.8333e+03	2.651e-18	1.6681e+03	4.0168e+02	7.6715e-11	8.0806e-01	1.9194e-01	4.3552e-01	5.6309e-01	1.3896e-03	2.0160e-13	7.2264e-05	9.2808e-01	7.1821e-02	2.3349e-05	8.3998e-01	1.5981e-01	2.0878e-04	2.0812e-06	1.1755e-36	1.1755e-36	1.9244e-20	0.00e+00	0.00e+00	1.6793e+02
1.62967e+18	7.7449e+03	2.485e-18	1.6681e+03	3.8656e+02	8.2314e-11	8.1569e-01	1.8431e-01	4.5026e-01	5.4834e-01	1.4055e-03	2.0489e-13	7.0007e-05	9.3103e-01	6.8875e-02	2.2903e-05	8.4664e-01	1.5317e-01	1.9193e-04	1.9778e-06	1.1755e-36	1.1755e-36	1.8578e-20	0.00e+00	0.00e+00	1.7012e+02
1.62993e+18	7.6356e+03	2.324e-18	1.6681e+03	3.7144e+02	8.9553e-11	8.2375e-01	1.7625e-01	4.6595e-01	5.3263e-01	1.4178e-03	2.0853e-13	6.7761e-05	9.3394e-01	6.5969e-02	2.2485e-05	8.5366e-01	1.4617e-01	1.7663e-04	1.8714e-06	1.1755e-36	1.1755e-36	1.7908e-20	0.00e+00	0.00e+00	1.7238e+02
1.63018e+18	7.5371e+03	2.175e-18	1.6681e+03	3.5647e+02	9.6817e-11	8.3109e-01	1.6891e-01	4.8099e-01	5.1758e-01	1.4342e-03	2.1188e-13	6.5456e-05	9.3649e-01	6.3419e-02	2.2125e-05	8.6003e-01	1.3980e-01	1.6365e-04	1.7760e-06	1.1755e-36	1.1755e-36	1.7176e-20	0.00e+00	0.00e+00	1.7453e+02
1.63042e+18	7.4278e+03	2.042e-18	1.6681e+03	3.4343e+02	1.0531e-10	8.3797e-01	1.6203e-01	4.9622e-01	5.0234e-01	1.4402e-03	2.1525e-13	6.3482e-05	9.3888e-01	6.1028e-02	2.1817e-05	8.6598e-01	1.3386e-01	1.5292e-04	1.6888e-06	1.1755e-36	1.1755e-36	1.6548e-20	0.00e+00	0.00e+00	1.7659e+02
1.63066e+18	7.3183e+03	1.917e-18	1.6681e+03	3.3055e+02	1.1465e-10	8.4433e-01	1.5567e-01	5.1145e-01	4.8710e-01	1.4462e-03	2.1848e-13	6.1498e-05	9.4109e-01	5.8821e-02	2.1548e-05	8.7147e-01	1.2838e-01	1.4367e-04	1.6095e-06	1.1755e-36	1.1755e-36	1.5882e-20	0.00e+00	0.00e+00	1.7873e+02
1.63090e+18	7.2040e+03	1.794e-18	1.6681e+03	3.1749e+02	1.2547e-10	8.5088e-01	1.4912e-01	5.2715e-01	4.7140e-01	1.4522e-03	2.2198e-13	5.9451e-05	9.4320e-01	5.6721e-02	2.1293e-05	8.7712e-01	1.2274e-01	1.3520e-04	1.5291e-06	1.1755e-36	1.1755e-36	1.5210e-20	0.00e+00	0.00e+00	1.8095e+02
1.63115e+18	7.0876e+03	1.679e-18	1.6681e+03	3.0466e+02	1.3771e-10	8.5727e-01	1.4273e-01	5.4276e-01	4.5578e-01	1.4577e-03	2.2560e-13	5.7412e-05	9.4512e-01	5.4804e-02	2.1065e-05	8.8260e-01	1.1727e-01	1.2781e-04	1.4520e-06	1.1755e-36	1.1755e-36	1.4545e-20	0.00e+00	0.00e+00	1.8312e+02
1.63138e+18	6.9711e+03	1.575e-18	1.6681e+03	2.9286e+02	1.5124e-10	8.6308e-01	1.3692e-01	5.5800e-01	4.4054e-01	1.4592e-03	2.2910e-13	5.5526e-05	9.4684e-01	5.3086e-02	2.0872e-05	8.8758e-01	1.1230e-01	1.2172e-04	1.3831e-06	1.1755e-36	1.1755e-36	1.3927e-20	0.00e+00	0.00e+00	1.8520e+02
1.63161e+18	6.8471e+03	1.480e-18	1.6681e+03	2.8162e+02	1.6720e-10	8.6838e-01	1.3162e-01	5.7303e-01	4.2551e-01	1.4578e-03	2.3252e-13	5.3725e-05	9.4840e-01	5.1527e-02	2.0711e-05	8.9211e-01	1.0777e-01	1.1667e-04	1.3212e-06	1.1755e-36	1.1755e-36	1.3326e-20	0.00e+00	0.00e+00	1.8727e+02
1.63184e+18	6.7254e+03	1.391e-18	1.6681e+03	2.7084e+02	1.8488e-10	8.7357e-01	1.2643e-01	5.8809e-01	4.1046e-01	1.4540e-03	2.3612e-13	5.1977e-05	9.4984e-01	5.0089e-02	2.0564e-05	8.9654e-01	1.0335e-01	1.1221e-04	1.2614e-06	1.1755e-36	1.1755e-36	1.2772e-20	0.00e+00	0.00e+00	1.8936e+02
1.63206e+18	6.6003e+03	1.306e-18	1.6681e+03	2.6029e+02	2.0542e-10	8.7863e-01	1.2137e-01	6.0318e-01	3.9537e-01	1.4485e-03	2.3991e-13	5.0247e-05	9.5116e-01	4.8770e-02	2.0433e-05	9.0085e-01	9.9041e-02	1.0832e-04	1.2037e-06	1.1755e-36	1.1755e-36	1.2245e-20	0.00e+00	0.00e+00	1.9147e+02
1.63229e+18	6.4734e+03	1.226e-18	1.6681e+03	2.5008e+02	2.2901e-10	8.8352e-01	1.1648e-01	6.1813e-01	3.8043e-01	1.4412e-03	2.4387e-13	4.8559e-05	9.5235e-01	4.7579e-02	2.0317e-05	9.0500e-01	9.4897e-02	1.0498e-04	1.1489e-06	1.1755e-36	1.1755e-36	1.1756e-20	0.00e+00	0.00e+00	1.9357e+02
1.63251e+18	6.3472e+03	1.153e-18	1.6681e+03	2.4023e+02	2.5565e-10	8.8799e-01	1.1201e-01	6.3261e-01	3.6596e-01	1.4335e-03	2.4788e-13	4.6910e-05	9.5339e-01	4.6539e-02	2.0220e-05	9.0879e-01	9.1107e-02	1.0220e-04	1.0992e-06	1.1755e-36	1.1755e-36	1.1296e-20	0.00e+00	0.00e+00	1.9564e+02
1.63273e+18	6.2285e+03	1.085e-18	1.6681e+03	2.3109e+02	2.8408e-10	8.9212e-01	1.0788e-01	6.4669e-01	3.5189e-01	1.4236e-03	2.5195e-13	4.5361e-05	9.5431e-01	4.5620e-02	2.0136e-05	9.1228e-01	8.7619e-02	9.9859e-05	1.0538e-06	1.1755e-36	1.1755e-36	1.0895e-20	0.00e+00	0.00e+00	1.9766e+02
1.63295e+18	6.0975e+03	1.022e-18	1.6681e+03	2.2237e+02	3.1954e-10	8.9615e-01	1.0385e-01	6.6091e-01	3.3769e-01	1.4080e-03	2.5626e-13	4.3897e-05	9.5516e-01	4.4772e-02	2.0066e-05	9.1570e-01	8.4205e-02	9.7932e-05	1.0099e-06	1.1755e-36	1.1755e-36	1.0563e-20	0.00e+00	0.00e+00	1.9972e+02
1.63317e+18	5.9642e+03	9.623e-19	1.6681e+03	2.1373e+02	3.6091e-10	9.0011e-01	9.9888e-02	6.7510e-01	3.2350e-01	1.3912e-03	2.6094e-13	4.2429e-05	9.5592e-01	4.4020e-02	2.0005e-05	9.1904e-01	8.0864e-02	9.6281e-05	9.6734e-07	1.1755e-36	1.1755e-36	1.0274e-20	0.00e+00	0.00e+00	2.0182e+02
1.63339e+18	5.8291e+03	9.059e-19	1.6681e+03	2.0532e+02	4.0899e-10	9.0395e-01	9.6052e-02	6.8913e-01	3.0950e-01	1.3727e-03	2.6595e-13	4.0992e-05	9.5656e-01	4.3375e-02	1.9954e-05	9.2227e-01	7.7632e-02	9.4916e-05	9.2642e-07	1.1755e-36	1.1755e-36	1.0045e-20	0.00e+00	0.00e+00	2.0391e+02
1.63361e+18	5.6903e+03	8.543e-19	1.6681e+03	1.9757e+02	4.6562e-10	9.0760e-01	9.2396e-02	7.0297e-01	2.9569e-01	1.3489e-03	2.7119e-13	3.9674e-05	9.5713e-01	4.2810e-02	1.9914e-05	9.2535e-01	7.4554e-02	9.3866e-05	8.8781e-07	1.1755e-36	1.1755e-36	9.9127e-21	0.00e+00	0.00e+00	2.0597e+02
1.63382e+18	5.5518e+03	8.060e-19	1.6681e+03	1.9004e+02	5.3031e-10	9.1096e-01	8.9044e-02	7.1651e-01	2.8217e-01	1.3239e-03	2.7670e-13	3.8385e-05	9.5760e-01	4.2340e-02	1.9886e-05	9.2817e-01	7.1732e-02	9.3074e-05	8.5272e-07	1.1755e-36	1.1755e-36	9.8416e-21	0.00e+00	0.00e+00	2.0807e+02
1.63404e+18	5.4108e+03	7.601e-19	1.6681e+03	1.8266e+02	6.0542e-10	9.1424e-01	8.5758e-02	7.2988e-01	2.6882e-01	1.2975e-03	2.8273e-13	3.7113e-05	9.5798e-01	4.1963e-02	1.9865e-05	9.3094e-01	6.8970e-02	9.2477e-05	8.1858e-07	1.1755e-36	1.1755e-36	9.8496e-21	0.00e+00	0.00e+00	2.1019e+02
1.63426e+18	5.2688e+03	7.175e-19	1.6681e+03	1.7559e+02	6.9082e-10	9.1737e-01	8.2633e-02	7.4290e-01	2.5583e-01	1.2691e-03	2.8917e-13	3.5893e-05	9.5826e-01	4.1679e-02	1.9852e-05	9.3356e-01	6.6344e-02	9.2083e-05	7.8636e-07	1.1755e-36	1.1755e-36	9.9470e-21	0.00e+00	0.00e+00	2.1231e+02
1.63448e+18	5.1265e+03	6.782e-19	1.6681e+03	1.6893e+02	7.8643e-10	9.2028e-01	7.9723e-02	7.5557e-01	2.4320e-01	1.2382e-03	2.9594e-13	3.4748e-05	9.5847e-01	4.1477e-02	1.9849e-05	9.3601e-01	6.3900e-02	9.1890e-05	7.5660e-07	1.1755e-36	1.1755e-36	1.0140e-20	0.00e+00	0.00e+00	2.1442e+02
1.63470e+18	4.9815e+03	6.414e-19	1.6681e+03	1.6255e+02	8.9254e-10	9.2304e-01	7.6957e-02	7.6800e-01	2.3080e-01	1.2047e-03	3.0296e-13	3.3657e-05	9.5865e-01	4.1297e-02	1.9853e-05	9.3833e-01	6.1575e-02	9.1872e-05	7.2850e-07	1.1755e-36	1.1755e-36	1.0386e-20	0.00e+00	0.00e+00	2.1656e+02
1.63492e+18	4.8302e+03	6.067e-19	1.6681e+03	1.5629e+02	1.0048e-09	9.2575e-01	7.4248e-02	7.8024e-01	2.1859e-01	1.1691e-03	3.0882e-13	3.2607e-05	9.5917e-01	4.0780e-02	1.9865e-05	9.4061e-01	5.9297e-02	9.2033e-05	7.0118e-07	1.1755e-36	1.1755e-36	1.0353e-20	0.00e+00	0.00e+00	2.1875e+02
1.63514e+18	4.6828e+03	5.751e-19	1.6681e+03	1.5042e+02	1.1166e-09	9.2828e-01	7.1717e-02	7.9181e-01	2.0706e-01	1.1333e-03	3.1432e-13	3.1631e-05	9.5962e-01	4.0324e-02	1.9882e-05	9.4274e-01	5.7170e-02	9.2318e-05	6.7581e-07	1.1755e-36	1.1755e-36	1.0274e-20	0.00e+00	0.00e+00	2.2085e+02
1.63535e+18	4.5412e+03	5.473e-19	1.6681e+03	1.4519e+02	1.2223e-09	9.3049e-01	6.9505e-02	8.0259e-01	1.9631e-01	1.0961e-03	3.1907e-13	3.0777e-05	9.6004e-01	3.9904e-02	1.9908e-05	9.4460e-01	5.5307e-02	9.2734e-05	6.5380e-07	1.1755e-36	1.1755e-36	1.0143e-20	0.00e+00	0.00e+00	2.2287e+02
1.63555e+18	4.4058e+03	5.226e-19	1.6681e+03	1.4047e+02	1.3172e-09	9.3246e-01	6.7537e-02	8.1261e-01	1.8633e-01	1.0588e-03	3.2311e-13	3.0024e-05	9.6043e-01	3.9520e-02	1.9939e-05	9.4626e-01	5.3646e-02	9.3237e-05	6.3432e-07	1.1755e-36	1.1755e-36	9.9430e-21	0.00e+00	0.00e+00	2.2480e+02
1.63575e+18	4.2756e+03	5.004e-19	1.6681e+03	1.3612e+02	1.3984e-09	9.3427e-01	6.5733e-02	8.2197e-01	1.7700e-01	1.0219e-03	3.2655e-13	2.9344e-05	9.6078e-01	3.9166e-02	1.9974e-05	9.4778e-01	5.2122e-02	9.3804e-05	6.1656e-07	1.1755e-36	1.1755e-36	9.6658e-21	0.00e+00	0.00e+00	2.2670e+02
1.63594e+18	4.1497e+03	4.799e-19	1.6681e+03	1.3204e+02	1.4641e-09	9.3596e-01	6.4040e-02	8.3078e-01	1.6823e-01	9.8581e-04	3.2949e-13	2.8717e-05	9.6111e-01	3.8843e-02	2.0012e-05	9.4921e-01	5.0690e-02	9.4419e-05	5.9997e-07	1.1755e-36	1.1755e-36	9.3125e-21	0.00e+00	0.00e+00	2.2857e+02
1.63613e+18	4.0276e+03	4.611e-19	1.6681e+03	1.2817e+02	1.5131e-09	9.3757e-01	6.2432e-02	8.3908e-01	1.5996e-01	9.5064e-04	3.3202e-13	2.8137e-05	9.6140e-01	3.8549e-02	2.0052e-05	9.5057e-01	4.9331e-02	9.5072e-05	5.8427e-07	1.1755e-36	1.1755e-36	8.8938e-21	0.00e+00	0.00e+00	2.3042e+02
1.63632e+18	3.9094e+03	4.434e-19	1.6681e+03	1.2444e+02	1.5453e-09	9.3913e-01	6.0874e-02	8.4693e-01	1.5215e-01	9.1679e-04	3.3427e-13	2.7588e-05	9.6167e-01	3.8286e-02	2.0094e-05	9.5189e-01	4.8013e-02	9.5748e-05	5.6910e-07	1.1755e-36	1.1755e-36	8.4230e-21	0.00e+00	0.00e+00	2.3226e+02
