#depth	Te	Htot	hden	eden	2H_2/H	HI	HII	HeI	HeII	HeIII	CO/C	C1	C2	C3	C4	O1	O2	O3	O4	O5	O6	H2O/O	AV(point)	AV(extend)	Tau912
3.73988e+16	1.4895e+04	7.310e-22	1.0000e+01	1.1730e+01	5.5582e-19	1.4187e-04	9.9986e-01	2.2650e-06	1.4714e-02	9.8528e-01	3.1139e-30	3.3485e-09	5.1895e-05	1.6631e-02	1.5933e-01	6.1618e-10	1.2359e-05	1.0728e-02	3.6088e-01	4.6572e-01	1.4561e-01	3.8167e-36	0.00e+00	0.00e+00	6.6987e-04
2.24393e+17	1.4857e+04	7.297e-22	1.0000e+01	1.1729e+01	5.5780e-19	1.4181e-04	9.9986e-01	2.2672e-06	1.4723e-02	9.8527e-01	3.0904e-30	2.7982e-09	5.1862e-05	1.6633e-02	1.6000e-01	6.1803e-10	1.2404e-05	1.0793e-02	3.6183e-01	4.6566e-01	1.4486e-01	3.8069e-36	0.00e+00	0.00e+00	3.3481e-03
9.72368e+17	1.4767e+04	7.273e-22	1.0000e+01	1.1729e+01	5.6007e-19	1.4173e-04	9.9986e-01	2.2812e-06	1.4794e-02	9.8520e-01	3.0892e-30	1.6118e-09	5.2375e-05	1.6816e-02	1.6199e-01	6.2786e-10	1.2604e-05	1.1021e-02	3.6468e-01	4.6460e-01	1.4330e-01	3.7872e-36	0.00e+00	0.00e+00	1.4055e-02
3.96427e+18	1.4534e+04	7.223e-22	1.0000e+01	1.1728e+01	5.6363e-19	1.4154e-04	9.9986e-01	2.3417e-06	1.5152e-02	9.8485e-01	3.2726e-30	7.1441e-10	5.4769e-05	1.7651e-02	1.6864e-01	6.6420e-10	1.3333e-05	1.1872e-02	3.7439e-01	4.6004e-01	1.3845e-01	3.7525e-36	0.00e+00	0.00e+00	5.6827e-02
9.46937e+18	1.3930e+04	7.030e-22	1.0000e+01	1.1728e+01	5.3145e-19	1.3717e-04	9.9986e-01	2.3486e-06	1.5171e-02	9.8483e-01	3.0829e-30	2.7684e-10	5.7103e-05	1.8645e-02	1.7993e-01	6.8999e-10	1.4161e-05	1.3214e-02	3.9022e-01	4.5157e-01	1.3127e-01	2.9599e-36	0.00e+00	0.00e+00	1.1071e-01
1.47312e+19	1.3381e+04	6.867e-22	1.0000e+01	1.1728e+01	4.9442e-19	1.3199e-04	9.9987e-01	2.3251e-06	1.5109e-02	9.8489e-01	2.7314e-30	1.8298e-10	5.8667e-05	1.9504e-02	1.8971e-01	6.8801e-10	1.4553e-05	1.4340e-02	4.0350e-01	4.4411e-01	1.2548e-01	2.2123e-36	0.00e+00	0.00e+00	1.4654e-01
1.84562e+19	1.3085e+04	6.795e-22	1.0000e+01	1.1728e+01	4.7696e-19	1.2926e-04	9.9987e-01	2.3357e-06	1.5257e-02	9.8474e-01	2.6134e-30	1.6091e-10	6.0316e-05	2.0280e-02	1.9638e-01	6.9447e-10	1.4936e-05	1.5197e-02	4.1274e-01	4.3883e-01	1.2139e-01	1.9076e-36	0.00e+00	0.00e+00	1.7224e-01
2.20781e+19	1.2871e+04	6.770e-22	1.0000e+01	1.1727e+01	4.7949e-19	1.2843e-04	9.9987e-01	2.4040e-06	1.5700e-02	9.8430e-01	2.7689e-30	1.5893e-10	6.3336e-05	2.1377e-02	2.0347e-01	7.2959e-10	1.5755e-05	1.6260e-02	4.2280e-01	4.3301e-01	1.1681e-01	1.8571e-36	0.00e+00	0.00e+00	2.0543e-01
2.67866e+19	1.2616e+04	6.749e-22	1.0000e+01	1.1726e+01	4.8992e-19	1.2760e-04	9.9987e-01	2.5113e-06	1.6389e-02	9.8361e-01	3.0611e-30	1.6220e-10	6.7841e-05	2.2986e-02	2.1308e-01	7.8354e-10	1.6980e-05	1.7794e-02	4.3611e-01	4.2498e-01	1.1090e-01	1.8574e-36	0.00e+00	0.00e+00	2.4831e-01
3.29077e+19	1.2309e+04	6.743e-22	1.0000e+01	1.1725e+01	5.0210e-19	1.2692e-04	9.9987e-01	2.6847e-06	1.7492e-02	9.8251e-01	3.5386e-30	1.7408e-10	7.4782e-05	2.5428e-02	2.2642e-01	8.6912e-10	1.8879e-05	2.0098e-02	4.5387e-01	4.1360e-01	1.0327e-01	1.8603e-36	0.00e+00	0.00e+00	3.0375e-01
4.05346e+19	1.1959e+04	6.756e-22	1.0000e+01	1.1723e+01	5.2570e-19	1.2624e-04	9.9987e-01	2.9526e-06	1.9215e-02	9.8078e-01	4.3709e-30	1.9867e-10	8.5107e-05	2.9072e-02	2.4441e-01	9.9766e-10	2.1725e-05	2.3552e-02	4.7651e-01	3.9800e-01	9.3990e-02	1.9419e-36	0.00e+00	0.00e+00	3.7016e-01
4.83080e+19	1.1645e+04	6.779e-22	1.0000e+01	1.1721e+01	5.3618e-19	1.2461e-04	9.9988e-01	3.2730e-06	2.1394e-02	9.7860e-01	5.2769e-30	2.3281e-10	9.6980e-05	3.3439e-02	2.6395e-01	1.1400e-09	2.5065e-05	2.7833e-02	4.9922e-01	3.8092e-01	8.5131e-02	1.9557e-36	0.00e+00	0.00e+00	4.2689e-01
5.48789e+19	1.1439e+04	6.816e-22	1.0000e+01	1.1719e+01	5.4781e-19	1.2330e-04	9.9988e-01	3.6304e-06	2.3846e-02	9.7615e-01	6.4295e-30	2.7713e-10	1.0914e-04	3.7934e-02	2.8210e-01	1.2968e-09	2.8730e-05	3.2461e-02	5.1875e-01	3.6497e-01	7.7724e-02	2.0706e-36	0.00e+00	0.00e+00	4.7304e-01
6.05352e+19	1.1308e+04	6.861e-22	1.0000e+01	1.1716e+01	5.5581e-19	1.2259e-04	9.9988e-01	4.0443e-06	2.6611e-02	9.7339e-01	7.9440e-30	3.3577e-10	1.2222e-04	4.2621e-02	2.9950e-01	1.4878e-09	3.3041e-05	3.7565e-02	5.3607e-01	3.4966e-01	7.1244e-02	2.2499e-36	0.00e+00	0.00e+00	5.1470e-01
6.58279e+19	1.1212e+04	6.917e-22	1.0000e+01	1.1713e+01	5.6400e-19	1.2216e-04	9.9988e-01	4.5446e-06	2.9931e-02	9.7006e-01	9.9801e-30	4.1286e-10	1.3690e-04	4.7838e-02	3.1763e-01	1.7225e-09	3.8267e-05	4.3617e-02	5.5256e-01	3.3382e-01	6.5121e-02	2.5002e-36	0.00e+00	0.00e+00	5.5481e-01
7.08909e+19	1.1162e+04	6.977e-22	1.0000e+01	1.1709e+01	5.6857e-19	1.2164e-04	9.9988e-01	5.1539e-06	3.3983e-02	9.6601e-01	1.2727e-29	5.1527e-10	1.5329e-04	5.3636e-02	3.3666e-01	2.0133e-09	4.4727e-05	5.0954e-02	5.6809e-01	3.1730e-01	5.9280e-02	2.8447e-36	0.00e+00	0.00e+00	5.9262e-01
7.55713e+19	1.1153e+04	7.043e-22	1.0000e+01	1.1705e+01	5.6316e-19	1.2096e-04	9.9988e-01	5.8712e-06	3.8812e-02	9.6118e-01	1.6081e-29	6.4492e-10	1.7060e-04	5.9817e-02	3.5602e-01	2.3549e-09	5.2363e-05	5.9618e-02	5.8191e-01	3.0065e-01	5.3892e-02	3.2134e-36	0.00e+00	0.00e+00	6.2650e-01
7.97596e+19	1.1180e+04	7.112e-22	1.0000e+01	1.1700e+01	5.5445e-19	1.2023e-04	9.9988e-01	6.6951e-06	4.4403e-02	9.5559e-01	2.0221e-29	8.0471e-10	1.8830e-04	6.6163e-02	3.7519e-01	2.7482e-09	6.1178e-05	6.9556e-02	5.9354e-01	2.8431e-01	4.9031e-02	3.6628e-36	0.00e+00	0.00e+00	6.5640e-01
8.35076e+19	1.1235e+04	7.185e-22	1.0000e+01	1.1694e+01	5.4770e-19	1.1949e-04	9.9988e-01	7.6408e-06	5.0850e-02	9.4914e-01	2.5497e-29	1.0003e-09	2.0628e-04	7.2617e-02	3.9420e-01	3.2015e-09	7.1340e-05	8.0901e-02	6.0299e-01	2.6826e-01	4.4614e-02	4.2703e-36	0.00e+00	0.00e+00	6.8322e-01
8.69186e+19	1.1310e+04	7.264e-22	1.0000e+01	1.1687e+01	5.3727e-19	1.1875e-04	9.9988e-01	8.7424e-06	5.8388e-02	9.4160e-01	3.1986e-29	1.2408e-09	2.2469e-04	7.9227e-02	4.1334e-01	3.7308e-09	8.3200e-05	9.4007e-02	6.1028e-01	2.5225e-01	4.0523e-02	4.9765e-36	0.00e+00	0.00e+00	7.0770e-01
9.00535e+19	1.1410e+04	7.347e-22	1.0000e+01	1.1680e+01	5.0922e-19	1.1794e-04	9.9988e-01	1.0038e-05	6.7290e-02	9.3270e-01	3.9015e-29	1.5349e-09	2.4346e-04	8.5974e-02	4.3270e-01	4.3524e-09	9.7156e-05	1.0925e-01	6.1523e-01	2.3615e-01	3.6691e-02	5.5028e-36	0.00e+00	0.00e+00	7.3007e-01
9.29256e+19	1.1520e+04	7.441e-22	1.0000e+01	1.1670e+01	4.9146e-19	1.1716e-04	9.9988e-01	1.1562e-05	7.7834e-02	9.2215e-01	4.8263e-29	1.8984e-09	2.6248e-04	9.2839e-02	4.5231e-01	5.0756e-09	1.1341e-04	1.2694e-01	6.1756e-01	2.1995e-01	3.3100e-02	6.3400e-36	0.00e+00	0.00e+00	7.5034e-01
9.55400e+19	1.1646e+04	7.541e-22	1.0000e+01	1.1659e+01	4.7461e-19	1.1632e-04	9.9988e-01	1.3337e-05	9.0203e-02	9.0978e-01	5.9535e-29	2.3340e-09	2.8124e-04	9.9658e-02	4.7192e-01	5.9052e-09	1.3213e-04	1.4721e-01	6.1698e-01	2.0382e-01	2.9752e-02	7.3722e-36	0.00e+00	0.00e+00	7.6861e-01
9.79182e+19	1.1790e+04	7.643e-22	1.0000e+01	1.1647e+01	4.5518e-19	1.1541e-04	9.9988e-01	1.5386e-05	1.0462e-01	8.9536e-01	7.2528e-29	2.8462e-09	2.9931e-04	1.0633e-01	4.9142e-01	6.8394e-09	1.5335e-04	1.7021e-01	6.1327e-01	1.8785e-01	2.6635e-02	8.5033e-36	0.00e+00	0.00e+00	7.8513e-01
1.00094e+20	1.1895e+04	7.776e-22	1.0000e+01	1.1637e+01	4.3710e-19	1.1455e-04	9.9989e-01	1.7769e-05	1.2176e-01	8.7823e-01	8.5843e-29	3.3792e-09	3.1674e-04	1.1321e-01	5.1128e-01	7.7974e-09	1.7581e-04	1.9650e-01	6.0632e-01	1.7165e-01	2.3673e-02	9.4673e-36	0.00e+00	0.00e+00	8.0019e-01
1.02094e+20	1.2062e+04	7.874e-22	1.0000e+01	1.1615e+01	4.2001e-19	1.1401e-04	9.9989e-01	2.0634e-05	1.4160e-01	8.5838e-01	1.0603e-28	4.1910e-09	3.3554e-04	1.1959e-01	5.3062e-01	9.1579e-09	2.0571e-04	2.2599e-01	5.9548e-01	1.5589e-01	2.0938e-02	1.1145e-35	0.00e+00	0.00e+00	8.1400e-01
1.03939e+20	1.2184e+04	8.002e-22	1.0000e+01	1.1600e+01	4.0786e-19	1.1349e-04	9.9989e-01	2.3980e-05	1.6511e-01	8.3487e-01	1.2800e-28	5.0346e-09	3.5368e-04	1.2618e-01	5.5019e-01	1.0565e-08	2.3735e-04	2.5927e-01	5.8088e-01	1.3997e-01	1.8327e-02	1.2851e-35	0.00e+00	0.00e+00	8.2668e-01
1.05641e+20	1.2290e+04	8.126e-22	1.0000e+01	1.1572e+01	3.9979e-19	1.1318e-04	9.9989e-01	2.7840e-05	1.9242e-01	8.0756e-01	1.5385e-28	6.0185e-09	3.7110e-04	1.3249e-01	5.6952e-01	1.2153e-08	2.7271e-04	2.9598e-01	5.6227e-01	1.2442e-01	1.5916e-02	1.4843e-35	0.00e+00	0.00e+00	8.3836e-01
1.07225e+20	1.2393e+04	8.243e-22	1.0000e+01	1.1547e+01	3.8687e-19	1.1296e-04	9.9989e-01	3.2320e-05	2.2400e-01	7.7597e-01	1.8119e-28	7.1266e-09	3.8812e-04	1.3863e-01	5.8849e-01	1.3915e-08	3.1180e-04	3.3619e-01	5.3961e-01	1.0925e-01	1.3666e-02	1.6570e-35	0.00e+00	0.00e+00	8.4929e-01
1.08710e+20	1.2471e+04	8.345e-22	1.0000e+01	1.1512e+01	3.7933e-19	1.1291e-04	9.9989e-01	3.7411e-05	2.6021e-01	7.3975e-01	2.1222e-28	8.3463e-09	4.0427e-04	1.4452e-01	6.0700e-01	1.5825e-08	3.5395e-04	3.7952e-01	5.1303e-01	9.4661e-02	1.1605e-02	1.8552e-35	0.00e+00	0.00e+00	8.5953e-01
1.10107e+20	1.2522e+04	8.429e-22	1.0000e+01	1.1477e+01	3.7966e-19	1.1315e-04	9.9989e-01	4.3242e-05	3.0126e-01	6.9870e-01	2.4986e-28	9.6932e-09	4.2029e-04	1.5023e-01	6.2489e-01	1.7930e-08	3.9960e-04	4.2553e-01	4.8284e-01	8.0808e-02	9.7265e-03	2.1162e-35	0.00e+00	0.00e+00	8.6923e-01
1.11434e+20	1.2543e+04	8.483e-22	1.0000e+01	1.1438e+01	3.8426e-19	1.1365e-04	9.9989e-01	4.9772e-05	3.4692e-01	6.5303e-01	2.9222e-28	1.1138e-08	4.3582e-04	1.5566e-01	6.4195e-01	2.0190e-08	4.4780e-04	4.7334e-01	4.4965e-01	6.7933e-02	8.0484e-03	2.4053e-35	0.00e+00	0.00e+00	8.7852e-01
1.12706e+20	1.2529e+04	8.498e-22	1.0000e+01	1.1395e+01	3.9372e-19	1.1445e-04	9.9989e-01	5.6967e-05	3.9673e-01	6.0321e-01	3.3950e-28	1.2661e-08	4.5093e-04	1.6083e-01	6.5798e-01	2.2590e-08	4.9786e-04	5.2204e-01	4.1421e-01	5.6211e-02	6.5746e-03	2.7231e-35	0.00e+00	0.00e+00	8.8755e-01
1.13946e+20	1.2478e+04	8.465e-22	1.0000e+01	1.1349e+01	4.0853e-19	1.1557e-04	9.9988e-01	6.4790e-05	4.5015e-01	5.4979e-01	3.9197e-28	1.4248e-08	4.6584e-04	1.6577e-01	6.7289e-01	2.5123e-08	5.4926e-04	5.7082e-01	3.7723e-01	4.5729e-02	5.2990e-03	3.0669e-35	0.00e+00	0.00e+00	8.9653e-01
1.15361e+20	1.2363e+04	8.355e-22	1.0000e+01	1.1294e+01	4.3640e-19	1.1741e-04	9.9988e-01	7.4480e-05	5.1433e-01	4.8560e-01	4.6320e-28	1.6161e-08	4.8380e-04	1.7132e-01	6.8846e-01	2.8256e-08	6.1003e-04	6.2584e-01	3.3395e-01	3.5263e-02	4.0612e-03	3.5331e-35	0.00e+00	0.00e+00	9.0839e-01
1.16857e+20	1.2199e+04	8.176e-22	1.0000e+01	1.1235e+01	4.7349e-19	1.1961e-04	9.9988e-01	8.5082e-05	5.8336e-01	4.1656e-01	5.4217e-28	1.8168e-08	5.0170e-04	1.7674e-01	7.0262e-01	3.1544e-08	6.7171e-04	6.8049e-01	2.8925e-01	2.6346e-02	3.0401e-03	4.0319e-35	0.00e+00	0.00e+00	9.1889e-01
1.18138e+20	1.2018e+04	7.967e-22	1.0000e+01	1.1185e+01	5.1152e-19	1.2184e-04	9.9988e-01	9.4136e-05	6.4024e-01	3.5967e-01	6.1219e-28	1.9878e-08	5.1737e-04	1.8120e-01	7.1277e-01	3.4380e-08	7.2228e-04	7.2309e-01	2.5336e-01	2.0322e-02	2.3633e-03	4.4170e-35	0.00e+00	0.00e+00	9.2789e-01
1.19483e+20	1.1791e+04	7.704e-22	1.0000e+01	1.1138e+01	5.6887e-19	1.2465e-04	9.9988e-01	1.0337e-04	6.9470e-01	3.0519e-01	7.0154e-28	2.1703e-08	5.3543e-04	1.8588e-01	7.2127e-01	3.7453e-08	7.7355e-04	7.6268e-01	2.1918e-01	1.5434e-02	1.8177e-03	4.9470e-35	0.00e+00	0.00e+00	9.3985e-01
1.21232e+20	1.1480e+04	7.346e-22	1.0000e+01	1.1087e+01	6.5816e-19	1.2849e-04	9.9987e-01	1.1428e-04	7.5501e-01	2.4487e-01	8.2510e-28	2.3987e-08	5.5910e-04	1.9167e-01	7.2918e-01	4.1256e-08	8.3299e-04	8.0511e-01	1.8164e-01	1.1010e-02	1.3232e-03	5.6538e-35	0.00e+00	0.00e+00	9.5589e-01
1.23030e+20	1.1176e+04	7.000e-22	1.0000e+01	1.1043e+01	7.5867e-19	1.3218e-04	9.9987e-01	1.2371e-04	8.0449e-01	1.9538e-01	9.4537e-28	2.6066e-08	5.8146e-04	1.9701e-01	7.3444e-01	4.4641e-08	8.8300e-04	8.3885e-01	1.5111e-01	8.1052e-03	9.9348e-04	6.2967e-35	0.00e+00	0.00e+00	9.6941e-01
1.24461e+20	1.0950e+04	6.749e-22	1.0000e+01	1.1016e+01	8.3549e-19	1.3508e-04	9.9986e-01	1.3019e-04	8.3546e-01	1.6441e-01	1.0314e-27	2.7666e-08	5.9905e-04	2.0100e-01	7.3701e-01	4.7140e-08	9.1757e-04	8.5988e-01	1.3179e-01	6.5656e-03	8.1269e-04	6.6238e-35	0.00e+00	0.00e+00	9.8000e-01
1.25890e+20	1.0730e+04	6.512e-22	1.0000e+01	1.0994e+01	9.2863e-19	1.3810e-04	9.9986e-01	1.3606e-04	8.6104e-01	1.3882e-01	1.1318e-27	2.9256e-08	6.1743e-04	2.0497e-01	7.3853e-01	4.9638e-08	9.5014e-04	8.7771e-01	1.1520e-01	5.4326e-03	6.7342e-04	7.0698e-35	0.00e+00	0.00e+00	9.9407e-01
1.27746e+20	1.0476e+04	6.247e-22	1.0000e+01	1.0972e+01	1.0518e-18	1.4178e-04	9.9986e-01	1.4256e-04	8.8708e-01	1.1277e-01	1.2576e-27	3.1173e-08	6.4002e-04	2.0972e-01	7.3942e-01	5.2587e-08	9.8658e-04	8.9605e-01	9.7961e-02	4.4320e-03	5.4312e-04	7.5884e-35	0.00e+00	0.00e+00	1.0129e+00
1.30096e+20	1.0205e+04	5.973e-22	1.0000e+01	1.0951e+01	1.2185e-18	1.4601e-04	9.9985e-01	1.4923e-04	9.1134e-01	8.8512e-02	1.4172e-27	3.3352e-08	6.6600e-04	2.1506e-01	7.3946e-01	5.5859e-08	1.0246e-03	9.1346e-01	8.1427e-02	3.6354e-03	4.3042e-04	8.3101e-35	0.00e+00	0.00e+00	1.0368e+00
1.32680e+20	9.9687e+03	5.739e-22	1.0000e+01	1.0935e+01	1.3932e-18	1.5002e-04	9.9985e-01	1.5487e-04	9.3006e-01	6.9789e-02	1.5715e-27	3.5392e-08	6.9044e-04	2.2002e-01	7.3877e-01	5.8836e-08	1.0570e-03	9.2716e-01	6.8308e-02	3.1103e-03	3.4835e-04	8.9751e-35	0.00e+00	0.00e+00	1.0611e+00
1.35587e+20	9.7517e+03	5.530e-22	1.0000e+01	1.0922e+01	1.5878e-18	1.5423e-04	9.9985e-01	1.6006e-04	9.4508e-01	5.4757e-02	1.7419e-27	3.7497e-08	7.1575e-04	2.2498e-01	7.3748e-01	6.1888e-08	1.0879e-03	9.3874e-01	5.7140e-02	2.7369e-03	2.8296e-04	9.7083e-35	0.00e+00	0.00e+00	1.0927e+00
1.39319e+20	9.5379e+03	5.330e-22	1.0000e+01	1.0910e+01	1.8120e-18	1.5906e-04	9.9984e-01	1.6527e-04	9.5825e-01	4.1586e-02	1.9312e-27	3.9859e-08	7.4398e-04	2.3038e-01	7.3554e-01	6.5268e-08	1.1193e-03	9.4932e-01	4.6875e-02	2.4478e-03	2.2597e-04	1.0418e-34	0.00e+00	0.00e+00	1.1351e+00
1.44170e+20	9.3378e+03	5.148e-22	1.0000e+01	1.0901e+01	2.0718e-18	1.6462e-04	9.9984e-01	1.7035e-04	9.6925e-01	3.0581e-02	2.1458e-27	4.2476e-08	7.7489e-04	2.3615e-01	7.3296e-01	6.8992e-08	1.1504e-03	9.5864e-01	3.7795e-02	2.2305e-03	1.7765e-04	1.1188e-34	0.00e+00	0.00e+00	1.1921e+00
1.50477e+20	9.1636e+03	4.994e-22	1.0000e+01	1.0893e+01	2.3822e-18	1.7107e-04	9.9983e-01	1.7520e-04	9.7795e-01	2.1877e-02	2.4036e-27	4.5370e-08	8.0823e-04	2.4225e-01	7.2979e-01	7.3104e-08	1.1803e-03	9.6649e-01	3.0120e-02	2.0689e-03	1.3810e-04	1.2227e-34	0.00e+00	0.00e+00	1.2691e+00
1.58676e+20	9.0269e+03	4.875e-22	1.0000e+01	1.0887e+01	2.6949e-18	1.7876e-04	9.9982e-01	1.7982e-04	9.8451e-01	1.5315e-02	2.6739e-27	4.8619e-08	8.4412e-04	2.4863e-01	7.2606e-01	7.7756e-08	1.2085e-03	9.7283e-01	2.3905e-02	1.9455e-03	1.0674e-04	1.3131e-34	0.00e+00	0.00e+00	1.3737e+00
1.69335e+20	8.9358e+03	4.794e-22	1.0000e+01	1.0883e+01	3.1059e-18	1.8837e-04	9.9981e-01	1.8422e-04	9.8925e-01	1.0564e-02	3.0567e-27	5.2363e-08	8.8317e-04	2.5534e-01	7.2181e-01	8.3250e-08	1.2350e-03	9.7780e-01	1.9029e-02	1.8440e-03	8.2422e-05	1.4979e-34	0.00e+00	0.00e+00	1.5169e+00
1.83191e+20	8.9015e+03	4.756e-22	1.0000e+01	1.0880e+01	3.5427e-18	2.0105e-04	9.9980e-01	1.8894e-04	9.9257e-01	7.2369e-03	3.5355e-27	5.6988e-08	9.2854e-04	2.6283e-01	7.1663e-01	9.0296e-08	1.2615e-03	9.8166e-01	1.5261e-02	1.7523e-03	6.3706e-05	1.7239e-34	0.00e+00	0.00e+00	1.7157e+00
2.00574e+20	8.9457e+03	4.763e-22	1.0000e+01	1.0878e+01	4.0411e-18	2.1786e-04	9.9978e-01	1.9377e-04	9.9477e-01	5.0340e-03	4.1882e-27	6.2538e-08	9.7866e-04	2.7066e-01	7.1095e-01	9.9358e-08	1.2862e-03	9.8450e-01	1.2492e-02	1.6660e-03	4.9857e-05	2.0756e-34	0.00e+00	0.00e+00	1.9784e+00
2.20631e+20	9.0349e+03	4.831e-22	1.0000e+01	1.0876e+01	4.6936e-18	2.4047e-04	9.9976e-01	1.9907e-04	9.9615e-01	3.6518e-03	5.1478e-27	6.9498e-08	1.0382e-03	2.7929e-01	7.0423e-01	1.1166e-07	1.3138e-03	9.8651e-01	1.0546e-02	1.5835e-03	3.9961e-05	2.6318e-34	0.00e+00	0.00e+00	2.2974e+00
2.42694e+20	9.1976e+03	4.942e-22	1.0000e+01	1.0875e+01	5.5181e-18	2.6989e-04	9.9973e-01	2.0557e-04	9.9702e-01	2.7768e-03	6.6203e-27	7.7969e-08	1.1065e-03	2.8825e-01	6.9695e-01	1.2831e-07	1.3438e-03	9.8799e-01	9.1209e-03	1.5061e-03	3.2633e-05	3.5799e-34	0.00e+00	0.00e+00	2.6912e+00
2.66964e+20	9.4322e+03	5.098e-22	1.0000e+01	1.0874e+01	6.6552e-18	3.0934e-04	9.9969e-01	2.1335e-04	9.9760e-01	2.1885e-03	9.0849e-27	8.8745e-08	1.1903e-03	2.9806e-01	6.8862e-01	1.5227e-07	1.3808e-03	9.8916e-01	8.0013e-03	1.4316e-03	2.6841e-05	5.3300e-34	0.00e+00	0.00e+00	3.1876e+00
2.93660e+20	9.6975e+03	5.321e-22	1.0000e+01	1.0873e+01	8.5434e-18	3.6523e-04	9.9963e-01	2.2446e-04	9.9801e-01	1.7684e-03	1.3810e-26	1.0368e-07	1.3061e-03	3.1026e-01	6.7779e-01	1.9005e-07	1.4348e-03	9.9012e-01	7.0592e-03	1.3560e-03	2.2003e-05	8.9760e-34	0.00e+00	0.00e+00	3.8324e+00
3.20819e+20	1.0022e+04	5.591e-22	1.0000e+01	1.0872e+01	1.1172e-17	4.4001e-04	9.9956e-01	2.3836e-04	9.9828e-01	1.4857e-03	2.2430e-26	1.2259e-07	1.4509e-03	3.2363e-01	6.6552e-01	2.4769e-07	1.5063e-03	9.9086e-01	6.3196e-03	1.2897e-03	1.8225e-05	1.6193e-33	0.00e+00	0.00e+00	4.5643e+00
3.44686e+20	1.0336e+04	5.865e-22	1.0000e+01	1.0871e+01	1.4658e-17	5.2780e-04	9.9947e-01	2.5434e-04	9.9844e-01	1.3073e-03	3.7241e-26	1.4418e-07	1.6169e-03	3.3713e-01	6.5281e-01	3.2702e-07	1.5932e-03	9.9137e-01	5.7813e-03	1.2381e-03	1.5511e-05	2.9720e-33	0.00e+00	0.00e+00	5.2768e+00
3.63859e+20	1.0611e+04	6.097e-22	1.0000e+01	1.0870e+01	1.8544e-17	6.1796e-04	9.9938e-01	2.7072e-04	9.9853e-01	1.1945e-03	5.9326e-26	1.6645e-07	1.7896e-03	3.4975e-01	6.4071e-01	4.2322e-07	1.6868e-03	9.9171e-01	5.3888e-03	1.1998e-03	1.3591e-05	5.0942e-33	0.00e+00	0.00e+00	5.9384e+00
3.79757e+20	1.0805e+04	6.308e-22	1.0000e+01	1.0869e+01	2.3390e-17	7.1125e-04	9.9929e-01	2.8791e-04	9.9860e-01	1.1115e-03	9.2671e-26	1.9052e-07	1.9780e-03	3.6263e-01	6.2822e-01	5.3927e-07	1.7897e-03	9.9197e-01	5.0583e-03	1.1667e-03	1.2074e-05	8.4211e-33	0.00e+00	0.00e+00	6.6045e+00
3.94131e+20	1.0992e+04	6.497e-22	1.0000e+01	1.0868e+01	2.9133e-17	8.1224e-04	9.9919e-01	3.0687e-04	9.9865e-01	1.0451e-03	1.4411e-25	2.1725e-07	2.1875e-03	3.7584e-01	6.1530e-01	6.8537e-07	1.9049e-03	9.9218e-01	4.7590e-03	1.1378e-03	1.0775e-05	1.3726e-32	0.00e+00	0.00e+00	7.3179e+00
4.07753e+20	1.1168e+04	6.683e-22	1.0000e+01	1.0866e+01	3.6436e-17	9.2780e-04	9.9907e-01	3.2865e-04	9.9868e-01	9.8727e-04	2.2823e-25	2.4870e-07	2.4338e-03	3.9019e-01	6.0118e-01	8.7976e-07	2.0416e-03	9.9236e-01	4.4738e-03	1.1109e-03	9.6036e-06	2.2620e-32	0.00e+00	0.00e+00	8.0986e+00
4.20586e+20	1.1335e+04	6.867e-22	1.0000e+01	1.0865e+01	4.5706e-17	1.0605e-03	9.9894e-01	3.5355e-04	9.9871e-01	9.3732e-04	3.6758e-25	2.8565e-07	2.7228e-03	4.0562e-01	5.8589e-01	1.1410e-06	2.2043e-03	9.9249e-01	4.2056e-03	1.0864e-03	8.5524e-06	3.7610e-32	0.00e+00	0.00e+00	8.9244e+00
4.32288e+20	1.1486e+04	7.046e-22	1.0000e+01	1.0863e+01	5.7453e-17	1.2087e-03	9.9879e-01	3.8096e-04	9.9872e-01	8.9565e-04	5.9561e-25	3.2807e-07	3.0523e-03	4.2174e-01	5.6983e-01	1.4827e-06	2.3924e-03	9.9257e-01	3.9580e-03	1.0646e-03	7.6298e-06	6.2739e-32	0.00e+00	0.00e+00	9.7688e+00
4.42816e+20	1.1627e+04	7.212e-22	1.0000e+01	1.0862e+01	7.1449e-17	1.3700e-03	9.9863e-01	4.1084e-04	9.9873e-01	8.6152e-04	9.5767e-25	3.7541e-07	3.4207e-03	4.3820e-01	5.5336e-01	1.9210e-06	2.6061e-03	9.9261e-01	3.7299e-03	1.0454e-03	6.8254e-06	1.0294e-31	0.00e+00	0.00e+00	1.0633e+01
4.52444e+20	1.1759e+04	7.370e-22	1.0000e+01	1.0860e+01	8.8172e-17	1.5473e-03	9.9845e-01	4.4388e-04	9.9872e-01	8.3217e-04	1.5349e-24	4.2885e-07	3.8371e-03	4.5522e-01	5.3625e-01	2.4880e-06	2.8513e-03	9.9260e-01	3.5140e-03	1.0282e-03	6.1073e-06	1.6690e-31	0.00e+00	0.00e+00	1.1538e+01
4.61452e+20	1.1860e+04	7.534e-22	1.0000e+01	1.0858e+01	1.1083e-16	1.7476e-03	9.9825e-01	4.8060e-04	9.9871e-01	8.0490e-04	2.5076e-24	4.9250e-07	4.3202e-03	4.7343e-01	5.1787e-01	3.2379e-06	3.1387e-03	9.9254e-01	3.3021e-03	1.0111e-03	5.4452e-06	2.7770e-31	0.00e+00	0.00e+00	1.2503e+01
4.69916e+20	1.1998e+04	7.680e-22	1.0000e+01	1.0855e+01	1.3574e-16	1.9726e-03	9.9803e-01	5.2241e-04	9.9870e-01	7.8067e-04	4.0838e-24	5.6339e-07	4.8767e-03	4.9228e-01	4.9876e-01	4.2439e-06	3.4789e-03	9.9241e-01	3.0996e-03	9.9689e-04	4.8470e-06	4.5136e-31	0.00e+00	0.00e+00	1.3521e+01
4.77827e+20	1.2103e+04	7.834e-22	1.0000e+01	1.0852e+01	1.6916e-16	2.2284e-03	9.9777e-01	5.6890e-04	9.9867e-01	7.5842e-04	6.7763e-24	6.4787e-07	5.5270e-03	5.1235e-01	4.7832e-01	5.5977e-06	3.8840e-03	9.9222e-01	2.9006e-03	9.8255e-04	4.2950e-06	7.5028e-31	0.00e+00	0.00e+00	1.4597e+01
4.85174e+20	1.2204e+04	7.982e-22	1.0000e+01	1.0850e+01	2.1066e-16	2.5151e-03	9.9748e-01	6.2106e-04	9.9864e-01	7.3866e-04	1.1320e-23	7.4542e-07	6.2766e-03	5.3318e-01	4.5701e-01	7.4145e-06	4.3637e-03	9.9195e-01	2.7095e-03	9.6931e-04	3.7969e-06	1.2520e-30	0.00e+00	0.00e+00	1.5716e+01
4.91966e+20	1.2296e+04	8.125e-22	1.0000e+01	1.0846e+01	2.6216e-16	2.8348e-03	9.9717e-01	6.7935e-04	9.9860e-01	7.2138e-04	1.8982e-23	8.5780e-07	7.1379e-03	5.5466e-01	4.3492e-01	9.8457e-06	4.9306e-03	9.9157e-01	2.5264e-03	9.5682e-04	3.3492e-06	2.0896e-30	0.00e+00	0.00e+00	1.6885e+01
4.98259e+20	1.2378e+04	8.263e-22	1.0000e+01	1.0842e+01	3.2656e-16	3.1923e-03	9.9681e-01	7.4468e-04	9.9855e-01	7.0560e-04	3.1997e-23	9.8757e-07	8.1295e-03	5.7673e-01	4.1210e-01	1.3117e-05	5.6041e-03	9.9108e-01	2.3506e-03	9.4487e-04	2.9465e-06	3.4968e-30	0.00e+00	0.00e+00	1.8105e+01
5.04016e+20	1.2451e+04	8.394e-22	1.0000e+01	1.0838e+01	4.0585e-16	3.5877e-03	9.9641e-01	8.1714e-04	9.9849e-01	6.9159e-04	5.3880e-23	1.1353e-06	9.2567e-03	5.9897e-01	3.8896e-01	1.7484e-05	6.3986e-03	9.9046e-01	2.1844e-03	9.3358e-04	2.5896e-06	5.8293e-30	0.00e+00	0.00e+00	1.9342e+01
5.09180e+20	1.2512e+04	8.515e-22	1.0000e+01	1.0834e+01	5.0133e-16	4.0141e-03	9.9599e-01	8.9579e-04	9.9842e-01	6.8072e-04	8.9610e-23	1.2995e-06	1.0507e-02	6.2076e-01	3.6613e-01	2.3161e-05	7.3141e-03	9.8971e-01	2.0311e-03	9.2295e-04	2.2804e-06	9.5817e-30	0.00e+00	0.00e+00	2.0575e+01
5.13814e+20	1.2562e+04	8.624e-22	1.0000e+01	1.0829e+01	6.1487e-16	4.4696e-03	9.9553e-01	9.8052e-04	9.9835e-01	6.7239e-04	1.4678e-22	1.4802e-06	1.1880e-02	6.4191e-01	3.4380e-01	3.0443e-05	8.3595e-03	9.8880e-01	1.8900e-03	9.1281e-04	2.0132e-06	1.5487e-29	0.00e+00	0.00e+00	2.1817e+01
5.18054e+20	1.2602e+04	8.726e-22	1.0000e+01	1.0824e+01	7.5180e-16	4.9633e-03	9.9504e-01	1.0730e-03	9.9826e-01	6.6461e-04	2.3878e-22	1.6812e-06	1.3406e-02	6.6262e-01	3.2174e-01	3.9882e-05	9.5693e-03	9.8773e-01	1.7579e-03	9.0286e-04	1.7781e-06	2.4838e-29	0.00e+00	0.00e+00	2.3094e+01
5.21174e+20	1.2633e+04	8.811e-22	1.0000e+01	1.0819e+01	8.8948e-16	5.4191e-03	9.9458e-01	1.1578e-03	9.9818e-01	6.5938e-04	3.5898e-22	1.8652e-06	1.4806e-02	6.7881e-01	3.0428e-01	5.0179e-05	1.0765e-02	9.8663e-01	1.6565e-03	8.9551e-04	1.6044e-06	3.6919e-29	0.00e+00	0.00e+00	2.3834e+01
5.22951e+20	1.2641e+04	8.847e-22	1.0000e+01	1.0816e+01	9.8018e-16	5.6939e-03	9.9431e-01	1.2123e-03	9.9810e-01	6.8815e-04	4.5458e-22	1.9838e-06	1.5706e-02	6.8826e-01	2.9401e-01	5.7272e-05	1.1536e-02	9.8591e-01	1.6050e-03	8.9083e-04	1.5147e-06	4.6306e-29	0.00e+00	0.00e+00	2.4334e+01
5.24548e+20	1.2655e+04	8.867e-22	1.0000e+01	1.0814e+01	1.0619e-15	5.9336e-03	9.9407e-01	1.2612e-03	9.9803e-01	7.0843e-04	5.5610e-22	2.0936e-06	1.6534e-02	6.9683e-01	2.8468e-01	6.4021e-05	1.2233e-02	9.8526e-01	1.5590e-03	8.8654e-04	1.4399e-06	5.6145e-29	0.00e+00	0.00e+00	2.5010e+01
5.26624e+20	1.2649e+04	8.915e-22	1.0000e+01	1.0810e+01	1.1948e-15	6.2873e-03	9.9371e-01	1.3313e-03	9.9797e-01	6.9883e-04	7.3421e-22	2.2519e-06	1.7727e-02	7.0841e-01	2.7199e-01	7.4652e-05	1.3265e-02	9.8429e-01	1.4909e-03	8.7990e-04	1.3376e-06	7.3288e-29	0.00e+00	0.00e+00	2.5941e+01
5.29323e+20	1.2645e+04	8.983e-22	1.0000e+01	1.0807e+01	1.4125e-15	6.8076e-03	9.9319e-01	1.4331e-03	9.9789e-01	6.7388e-04	1.0800e-21	2.4939e-06	1.9473e-02	7.2389e-01	2.5488e-01	9.2221e-05	1.4843e-02	9.8279e-01	1.3996e-03	8.7085e-04	1.2071e-06	1.0715e-28	0.00e+00	0.00e+00	2.7253e+01
5.31923e+20	1.2686e+04	9.051e-22	1.0000e+01	1.0798e+01	1.6610e-15	7.4387e-03	9.9256e-01	1.5507e-03	9.9780e-01	6.4484e-04	1.6355e-21	2.7542e-06	2.1510e-02	7.3927e-01	2.3758e-01	1.1708e-04	1.6886e-02	9.8083e-01	1.3062e-03	8.6337e-04	1.0794e-06	1.5950e-28	0.00e+00	0.00e+00	2.8261e+01
5.33658e+20	1.2671e+04	9.109e-22	1.0000e+01	1.0794e+01	1.8980e-15	7.9329e-03	9.9207e-01	1.6463e-03	9.9770e-01	6.5346e-04	2.2235e-21	2.9707e-06	2.3141e-02	7.4996e-01	2.2535e-01	1.3919e-04	1.8559e-02	9.7920e-01	1.2454e-03	8.5653e-04	9.9593e-07	2.1511e-28	0.00e+00	0.00e+00	2.8923e+01
5.34825e+20	1.2665e+04	9.132e-22	1.0000e+01	1.0790e+01	2.0695e-15	8.2696e-03	9.9173e-01	1.7151e-03	9.9761e-01	6.7063e-04	2.7280e-21	3.1328e-06	2.4314e-02	7.5700e-01	2.1719e-01	1.5608e-04	1.9777e-02	9.7801e-01	1.2080e-03	8.5195e-04	9.4517e-07	2.6237e-28	0.00e+00	0.00e+00	2.9451e+01
5.35989e+20	1.2661e+04	9.151e-22	1.0000e+01	1.0787e+01	2.2453e-15	8.6072e-03	9.9139e-01	1.7848e-03	9.9754e-01	6.8006e-04	3.3220e-21	3.2937e-06	2.5521e-02	7.6404e-01	2.0898e-01	1.7429e-04	2.1030e-02	9.7678e-01	1.1706e-03	8.4722e-04	8.9720e-07	3.1687e-28	0.00e+00	0.00e+00	3.0166e+01
5.37502e+20	1.2651e+04	9.186e-22	1.0000e+01	1.0783e+01	2.5179e-15	9.0952e-03	9.9090e-01	1.8833e-03	9.9744e-01	6.7230e-04	4.3501e-21	3.5254e-06	2.7232e-02	7.7331e-01	1.9807e-01	2.0265e-04	2.2873e-02	9.7496e-01	1.1185e-03	8.4050e-04	8.3392e-07	4.1164e-28	0.00e+00	0.00e+00	3.1148e+01
5.39098e+20	1.2644e+04	9.236e-22	1.0000e+01	1.0778e+01	2.8796e-15	9.7121e-03	9.9029e-01	2.0035e-03	9.9734e-01	6.5348e-04	5.9652e-21	3.8061e-06	2.9315e-02	7.8322e-01	1.8616e-01	2.4234e-04	2.5281e-02	9.7258e-01	1.0594e-03	8.3300e-04	7.6477e-07	5.6056e-28	0.00e+00	0.00e+00	3.2056e+01
5.40375e+20	1.2649e+04	9.268e-22	1.0000e+01	1.0769e+01	3.2007e-15	1.0266e-02	9.8973e-01	2.1124e-03	9.9724e-01	6.5020e-04	7.7671e-21	4.0443e-06	3.1200e-02	7.9109e-01	1.7646e-01	2.8248e-04	2.7573e-02	9.7030e-01	1.0128e-03	8.2712e-04	7.1143e-07	7.2069e-28	0.00e+00	0.00e+00	3.2753e+01
5.41374e+20	1.2635e+04	9.295e-22	1.0000e+01	1.0765e+01	3.5103e-15	1.0729e-02	9.8927e-01	2.2061e-03	9.9714e-01	6.5520e-04	9.6260e-21	4.2596e-06	3.2811e-02	7.9721e-01	1.6878e-01	3.1899e-04	2.9546e-02	9.6834e-01	9.7738e-04	8.2154e-04	6.7129e-07	8.8795e-28	0.00e+00	0.00e+00	3.3377e+01
5.42434e+20	1.2616e+04	9.320e-22	1.0000e+01	1.0760e+01	3.8746e-15	1.1229e-02	9.8877e-01	2.3097e-03	9.9703e-01	6.5709e-04	1.2061e-20	4.5075e-06	3.4596e-02	8.0361e-01	1.6064e-01	3.6186e-04	3.1751e-02	9.6613e-01	9.4079e-04	8.1528e-04	6.3132e-07	1.1077e-27	0.00e+00	0.00e+00	3.4227e+01
5.43814e+20	1.2599e+04	9.358e-22	1.0000e+01	1.0755e+01	4.4210e-15	1.1958e-02	9.8804e-01	2.4564e-03	9.9690e-01	6.4624e-04	1.6380e-20	4.8521e-06	3.7135e-02	8.1185e-01	1.4992e-01	4.3024e-04	3.5054e-02	9.6282e-01	8.9108e-04	8.0672e-04	5.7960e-07	1.4950e-27	0.00e+00	0.00e+00	3.5404e+01
5.45175e+20	1.2602e+04	9.406e-22	1.0000e+01	1.0743e+01	5.0811e-15	1.2849e-02	9.8715e-01	2.6272e-03	9.9675e-01	6.2714e-04	2.2991e-20	5.2316e-06	4.0090e-02	8.1988e-01	1.3900e-01	5.2426e-04	3.9269e-02	9.5857e-01	8.3752e-04	7.9791e-04	5.2627e-07	2.0770e-27	0.00e+00	0.00e+00	3.6348e+01
5.46135e+20	1.2584e+04	9.442e-22	1.0000e+01	1.0736e+01	5.6862e-15	1.3559e-02	9.8644e-01	2.7688e-03	9.9660e-01	6.2703e-04	2.9771e-20	5.5526e-06	4.2494e-02	8.2536e-01	1.3117e-01	6.0818e-04	4.2788e-02	9.5501e-01	8.0044e-04	7.9042e-04	4.8954e-07	2.6759e-27	0.00e+00	0.00e+00	3.6995e+01
5.46857e+20	1.2566e+04	9.458e-22	1.0000e+01	1.0730e+01	6.1787e-15	1.4099e-02	9.8590e-01	2.8813e-03	9.9649e-01	6.3209e-04	3.6037e-20	5.8054e-06	4.4399e-02	8.2926e-01	1.2539e-01	6.7817e-04	4.5592e-02	9.5217e-01	7.7447e-04	7.8451e-04	4.6426e-07	3.2238e-27	0.00e+00	0.00e+00	3.7607e+01
5.47647e+20	1.2547e+04	9.474e-22	1.0000e+01	1.0724e+01	6.7575e-15	1.4705e-02	9.8529e-01	3.0087e-03	9.9636e-01	6.3309e-04	4.4291e-20	6.0950e-06	4.6559e-02	8.3340e-01	1.1913e-01	7.6266e-04	4.8826e-02	9.4889e-01	7.4656e-04	7.7780e-04	4.3804e-07	3.9407e-27	0.00e+00	0.00e+00	3.8436e+01
5.48674e+20	1.2516e+04	9.508e-22	1.0000e+01	1.0718e+01	7.6848e-15	1.5590e-02	9.8441e-01	3.1907e-03	9.9618e-01	6.2528e-04	5.8912e-20	6.5227e-06	4.9628e-02	8.3860e-01	1.1091e-01	8.9595e-04	5.3626e-02	9.4400e-01	7.0872e-04	7.6802e-04	4.0373e-07	5.2336e-27	0.00e+00	0.00e+00	3.9579e+01
5.49734e+20	1.2505e+04	9.549e-22	1.0000e+01	1.0703e+01	8.8133e-15	1.6698e-02	9.8330e-01	3.4077e-03	9.9598e-01	6.1033e-04	8.1383e-20	6.9936e-06	5.3288e-02	8.4364e-01	1.0226e-01	1.0823e-03	5.9873e-02	9.3762e-01	6.6647e-04	7.5733e-04	3.6713e-07	7.1721e-27	0.00e+00	0.00e+00	4.0590e+01
5.50548e+20	1.2471e+04	9.590e-22	1.0000e+01	1.0696e+01	1.0004e-14	1.7680e-02	9.8232e-01	3.6057e-03	9.9579e-01	6.0522e-04	1.0716e-19	7.4464e-06	5.6556e-02	8.4716e-01	9.5513e-02	1.2656e-03	6.5598e-02	9.3175e-01	6.3361e-04	7.4711e-04	3.3893e-07	9.4585e-27	0.00e+00	0.00e+00	4.1337e+01
5.51178e+20	1.2467e+04	9.595e-22	1.0000e+01	1.0686e+01	1.0870e-14	1.8439e-02	9.8156e-01	3.7648e-03	9.9563e-01	6.0611e-04	1.3119e-19	7.7850e-06	5.9201e-02	8.4955e-01	9.0511e-02	1.4246e-03	7.0367e-02	9.2686e-01	6.1028e-04	7.3974e-04	3.1954e-07	1.1492e-26	0.00e+00	0.00e+00	4.2024e+01
5.51857e+20	1.2432e+04	9.615e-22	1.0000e+01	1.0677e+01	1.2021e-14	1.9310e-02	9.8069e-01	3.9491e-03	9.9545e-01	6.0422e-04	1.6378e-19	8.1851e-06	6.2218e-02	8.5195e-01	8.5127e-02	1.6177e-03	7.5826e-02	9.2124e-01	5.8530e-04	7.3057e-04	2.9914e-07	1.4272e-26	0.00e+00	0.00e+00	4.2960e+01
5.52740e+20	1.2391e+04	9.649e-22	1.0000e+01	1.0668e+01	1.3861e-14	2.0581e-02	9.7942e-01	4.2130e-03	9.9519e-01	5.9554e-04	2.2271e-19	8.7814e-06	6.6509e-02	8.5467e-01	7.8153e-02	1.9256e-03	8.3981e-02	9.1282e-01	5.5194e-04	7.1734e-04	2.7281e-07	1.9431e-26	0.00e+00	0.00e+00	4.4256e+01
5.53632e+20	1.2361e+04	9.701e-22	1.0000e+01	1.0654e+01	1.6257e-14	2.2187e-02	9.7781e-01	4.5303e-03	9.9489e-01	5.8078e-04	3.1668e-19	9.4700e-06	7.1634e-02	8.5680e-01	7.0949e-02	2.3598e-03	9.4574e-02	9.0185e-01	5.1484e-04	7.0173e-04	2.4472e-07	2.7659e-26	0.00e+00	0.00e+00	4.5358e+01
5.54292e+20	1.2347e+04	9.716e-22	1.0000e+01	1.0633e+01	1.8229e-14	2.3504e-02	9.7650e-01	4.7982e-03	9.9463e-01	5.7538e-04	4.1386e-19	1.0006e-05	7.5921e-02	8.5775e-01	6.5738e-02	2.7642e-03	1.0382e-01	8.9223e-01	4.8814e-04	6.8955e-04	2.2512e-07	3.5843e-26	0.00e+00	0.00e+00	4.6150e+01
5.54801e+20	1.2303e+04	9.738e-22	1.0000e+01	1.0624e+01	2.0228e-14	2.4586e-02	9.7541e-01	5.0305e-03	9.9440e-01	5.7330e-04	5.1329e-19	1.0503e-05	7.9543e-02	8.5812e-01	6.1780e-02	3.1226e-03	1.1151e-01	8.8422e-01	4.6826e-04	6.7849e-04	2.1055e-07	4.4464e-26	0.00e+00	0.00e+00	4.6901e+01
5.55357e+20	1.2282e+04	9.738e-22	1.0000e+01	1.0610e+01	2.2300e-14	2.5769e-02	9.7423e-01	5.2861e-03	9.9414e-01	5.7005e-04	6.4119e-19	1.1023e-05	8.3564e-02	8.5825e-01	5.7650e-02	3.5533e-03	1.2037e-01	8.7496e-01	4.4792e-04	6.6695e-04	1.9623e-07	5.5180e-26	0.00e+00	0.00e+00	4.7923e+01
5.56080e+20	1.2237e+04	9.764e-22	1.0000e+01	1.0593e+01	2.5814e-14	2.7555e-02	9.7245e-01	5.6605e-03	9.9378e-01	5.6098e-04	8.7682e-19	1.1796e-05	8.9361e-02	8.5786e-01	5.2276e-02	4.2522e-03	1.3367e-01	8.6101e-01	4.2018e-04	6.4947e-04	1.7719e-07	7.5328e-26	0.00e+00	0.00e+00	4.9345e+01
5.56827e+20	1.2181e+04	9.825e-22	1.0000e+01	1.0577e+01	3.1048e-14	2.9911e-02	9.7009e-01	6.1342e-03	9.9332e-01	5.4624e-04	1.2798e-18	1.2784e-05	9.6551e-02	8.5638e-01	4.6608e-02	5.2696e-03	1.5124e-01	8.4247e-01	3.8840e-04	6.2693e-04	1.5611e-07	1.1105e-25	0.00e+00	0.00e+00	5.0622e+01
5.57406e+20	1.2160e+04	9.835e-22	1.0000e+01	1.0548e+01	3.5444e-14	3.1944e-02	9.6806e-01	6.5521e-03	9.9291e-01	5.3801e-04	1.7221e-18	1.3569e-05	1.0285e-01	8.5433e-01	4.2383e-02	6.2736e-03	1.6737e-01	8.2538e-01	3.6449e-04	6.0847e-04	1.4089e-07	1.4846e-25	0.00e+00	0.00e+00	5.1594e+01
5.57867e+20	1.2103e+04	9.856e-22	1.0000e+01	1.0533e+01	4.0205e-14	3.3715e-02	9.6628e-01	6.9353e-03	9.9253e-01	5.3236e-04	2.2101e-18	1.4331e-05	1.0845e-01	8.5204e-01	3.9098e-02	7.2182e-03	1.8139e-01	8.1045e-01	3.4595e-04	5.9157e-04	1.2918e-07	1.9102e-25	0.00e+00	0.00e+00	5.2530e+01
5.58373e+20	1.2077e+04	9.847e-22	1.0000e+01	1.0509e+01	4.5255e-14	3.5681e-02	9.6432e-01	7.3644e-03	9.9211e-01	5.2624e-04	2.8625e-18	1.5133e-05	1.1473e-01	8.4916e-01	3.5711e-02	8.3791e-03	1.9772e-01	7.9300e-01	3.2711e-04	5.7342e-04	1.1775e-07	2.4609e-25	0.00e+00	0.00e+00	5.3819e+01
5.59031e+20	1.2011e+04	9.872e-22	1.0000e+01	1.0477e+01	5.4353e-14	3.8749e-02	9.6125e-01	8.0090e-03	9.9148e-01	5.1392e-04	4.1353e-18	1.6339e-05	1.2395e-01	8.4433e-01	3.1356e-02	1.0326e-02	2.2243e-01	7.6640e-01	3.0134e-04	5.4586e-04	1.0258e-07	3.5609e-25	0.00e+00	0.00e+00	5.5638e+01
5.59717e+20	1.1943e+04	9.931e-22	1.0000e+01	1.0442e+01	6.8218e-14	4.2967e-02	9.5703e-01	8.8523e-03	9.9065e-01	4.9628e-04	6.4686e-18	1.7880e-05	1.3572e-01	8.3715e-01	2.6799e-02	1.3297e-02	2.5561e-01	7.3031e-01	2.7160e-04	5.0985e-04	8.5896e-08	5.6325e-25	0.00e+00	0.00e+00	5.7344e+01
5.60251e+20	1.1881e+04	9.962e-22	1.0000e+01	1.0409e+01	8.3069e-14	4.6904e-02	9.5310e-01	9.6670e-03	9.8985e-01	4.8352e-04	9.4556e-18	1.9353e-05	1.4673e-01	8.2958e-01	2.3389e-02	1.6425e-02	2.8665e-01	6.9620e-01	2.4846e-04	4.7736e-04	1.1755e-36	8.3284e-25	0.00e+00	0.00e+00	5.8638e+01
5.60655e+20	1.1843e+04	9.941e-22	1.0000e+01	1.0366e+01	9.5241e-14	5.0045e-02	9.4995e-01	1.0349e-02	9.8918e-01	4.7561e-04	1.2458e-17	2.0458e-05	1.5579e-01	8.2292e-01	2.1010e-02	1.9206e-02	3.1197e-01	6.6814e-01	2.3237e-04	4.5237e-04	1.1755e-36	1.0922e-24	0.00e+00	0.00e+00	5.9813e+01
5.61082e+20	1.1776e+04	9.931e-22	1.0000e+01	1.0329e+01	1.1169e-13	5.3688e-02	9.4631e-01	1.1151e-02	9.8838e-01	4.6648e-04	1.6773e-17	2.1781e-05	1.6613e-01	8.1499e-01	1.8619e-02	2.2625e-02	3.4003e-01	6.3671e-01	2.1598e-04	4.2435e-04	1.1755e-36	1.4724e-24	0.00e+00	0.00e+00	6.1450e+01
5.61638e+20	1.1703e+04	9.930e-22	1.0000e+01	1.0275e+01	1.3931e-13	5.9381e-02	9.4062e-01	1.2348e-02	9.8720e-01	4.5250e-04	2.5297e-17	2.3684e-05	1.8119e-01	8.0291e-01	1.5655e-02	2.8361e-02	3.8126e-01	5.8980e-01	1.9414e-04	3.8400e-04	1.1755e-36	2.2347e-24	0.00e+00	0.00e+00	6.3805e+01
5.62200e+20	1.1625e+04	9.958e-22	1.0000e+01	1.0198e+01	1.8316e-13	6.7299e-02	9.3270e-01	1.3917e-02	9.8565e-01	4.3465e-04	4.1179e-17	2.6032e-05	2.0013e-01	7.8693e-01	1.2730e-02	3.6959e-02	4.3250e-01	5.3003e-01	1.6974e-04	3.3475e-04	1.1755e-36	3.7049e-24	0.00e+00	0.00e+00	6.5911e+01
5.62609e+20	1.1559e+04	9.936e-22	1.0000e+01	1.0123e+01	2.2795e-13	7.4305e-02	9.2569e-01	1.5367e-02	9.8421e-01	4.2232e-04	6.0190e-17	2.8063e-05	2.1682e-01	7.7224e-01	1.0750e-02	4.5235e-02	4.7403e-01	4.8028e-01	1.5233e-04	2.9575e-04	1.1755e-36	5.4818e-24	0.00e+00	0.00e+00	6.7423e+01
5.62906e+20	1.1498e+04	9.886e-22	1.0000e+01	1.0062e+01	2.6788e-13	7.9792e-02	9.2021e-01	1.6578e-02	9.8301e-01	4.1438e-04	7.8936e-17	2.9679e-05	2.3023e-01	7.6015e-01	9.4457e-03	5.2098e-02	5.0406e-01	4.4344e-01	1.4077e-04	2.6786e-04	1.1755e-36	7.2255e-24	0.00e+00	0.00e+00	6.8796e+01
5.63220e+20	1.1436e+04	9.824e-22	1.0000e+01	9.9985e+00	3.1740e-13	8.6048e-02	9.1395e-01	1.7967e-02	9.8163e-01	4.0674e-04	1.0452e-16	3.1467e-05	2.4513e-01	7.4652e-01	8.1816e-03	6.0173e-02	5.3476e-01	4.0469e-01	1.2932e-04	2.3921e-04	1.1755e-36	9.6251e-24	0.00e+00	0.00e+00	7.0721e+01
5.63627e+20	1.1352e+04	9.753e-22	1.0000e+01	9.8905e+00	4.0592e-13	9.5994e-02	9.0401e-01	2.0053e-02	9.7955e-01	3.9698e-04	1.5393e-16	3.3947e-05	2.6652e-01	7.2667e-01	6.6556e-03	7.3234e-02	5.7510e-01	3.5135e-01	1.1418e-04	2.0104e-04	1.1755e-36	1.4394e-23	0.00e+00	0.00e+00	7.3513e+01
5.64044e+20	1.1264e+04	9.692e-22	1.0000e+01	9.7513e+00	5.4829e-13	1.1001e-01	8.8999e-01	2.2827e-02	9.7679e-01	3.8661e-04	2.4263e-16	3.6952e-05	2.9327e-01	7.0140e-01	5.1915e-03	9.1880e-02	6.1761e-01	2.9025e-01	9.7512e-05	1.5899e-04	1.1755e-36	2.3308e-23	0.00e+00	0.00e+00	7.6097e+01
5.64349e+20	1.1175e+04	9.624e-22	1.0000e+01	9.6534e+00	7.0584e-13	1.2308e-01	8.7692e-01	2.5543e-02	9.7408e-01	3.7811e-04	3.5000e-16	3.9722e-05	3.1766e-01	6.7800e-01	4.2088e-03	1.0949e-01	6.4636e-01	2.4394e-01	8.5404e-05	1.2830e-04	1.1755e-36	3.4432e-23	0.00e+00	0.00e+00	7.7943e+01
5.64562e+20	1.1120e+04	9.469e-22	1.0000e+01	9.5236e+00	8.2799e-13	1.3211e-01	8.6789e-01	2.7596e-02	9.7203e-01	3.7664e-04	4.3906e-16	4.1439e-05	3.3511e-01	6.6113e-01	3.6347e-03	1.2201e-01	6.6289e-01	2.1491e-01	7.8406e-05	1.1042e-04	1.1755e-36	4.3251e-23	0.00e+00	0.00e+00	7.9523e+01
5.64780e+20	1.1053e+04	9.329e-22	1.0000e+01	9.4199e+00	9.8262e-13	1.4233e-01	8.5767e-01	2.9961e-02	9.6966e-01	3.7449e-04	5.5577e-16	4.3437e-05	3.5424e-01	6.4255e-01	3.0967e-03	1.3599e-01	6.7649e-01	1.8735e-01	7.1587e-05	9.3592e-05	1.1755e-36	5.5178e-23	0.00e+00	0.00e+00	8.1736e+01
5.65063e+20	1.0959e+04	9.147e-22	1.0000e+01	9.2523e+00	1.2559e-12	1.5843e-01	8.4157e-01	3.3482e-02	9.6614e-01	3.7349e-04	7.6713e-16	4.6036e-05	3.8097e-01	6.1645e-01	2.4653e-03	1.5757e-01	6.8942e-01	1.5287e-01	6.2691e-05	7.3233e-05	1.1755e-36	7.7387e-23	0.00e+00	0.00e+00	8.4939e+01
5.65364e+20	1.0860e+04	8.923e-22	1.0000e+01	9.0245e+00	1.6923e-12	1.8082e-01	8.1918e-01	3.8198e-02	9.6143e-01	3.7549e-04	1.1198e-15	4.8938e-05	4.1382e-01	5.8421e-01	1.8693e-03	1.8688e-01	6.9567e-01	1.1734e-01	5.3018e-05	5.3213e-05	1.1755e-36	1.1574e-22	0.00e+00	0.00e+00	8.8164e+01
5.65603e+20	1.0755e+04	8.690e-22	1.0000e+01	8.8285e+00	2.1988e-12	2.0272e-01	7.9728e-01	4.3122e-02	9.5650e-01	3.7803e-04	1.5414e-15	5.1587e-05	4.4485e-01	5.5360e-01	1.4580e-03	2.1496e-01	6.9326e-01	9.1696e-02	4.5676e-05	3.9489e-05	1.1755e-36	1.6212e-22	0.00e+00	0.00e+00	9.0669e+01
5.65779e+20	1.0682e+04	8.423e-22	1.0000e+01	8.6373e+00	2.6400e-12	2.1911e-01	7.8089e-01	4.7220e-02	9.5240e-01	3.8349e-04	1.9136e-15	5.3330e-05	4.6855e-01	5.3015e-01	1.2093e-03	2.3581e-01	6.8816e-01	7.5959e-02	4.1153e-05	3.1598e-05	1.1755e-36	2.0201e-22	0.00e+00	0.00e+00	9.2819e+01
5.65958e+20	1.0595e+04	8.144e-22	1.0000e+01	8.4542e+00	3.1839e-12	2.3704e-01	7.6296e-01	5.1936e-02	9.4767e-01	3.8903e-04	2.3732e-15	5.5168e-05	4.9372e-01	5.0520e-01	9.8909e-04	2.5816e-01	6.7947e-01	6.2305e-02	3.6949e-05	2.4965e-05	1.1755e-36	2.5115e-22	0.00e+00	0.00e+00	9.5844e+01
5.66190e+20	1.0482e+04	7.757e-22	1.0000e+01	8.1649e+00	4.1374e-12	2.6474e-01	7.3526e-01	5.8935e-02	9.4066e-01	4.0041e-04	3.1702e-15	5.7174e-05	5.2761e-01	4.7156e-01	7.4584e-04	2.9175e-01	6.6141e-01	4.6791e-02	3.1615e-05	1.7756e-05	1.1755e-36	3.3775e-22	0.00e+00	0.00e+00	1.0024e+02
5.66420e+20	1.0363e+04	7.311e-22	1.0000e+01	7.8087e+00	5.5329e-12	2.9962e-01	7.0038e-01	6.7735e-02	9.3185e-01	4.1735e-04	4.3267e-15	5.8785e-05	5.6505e-01	4.3432e-01	5.4543e-04	3.3274e-01	6.3381e-01	3.3408e-02	2.6352e-05	1.1892e-05	1.1755e-36	4.6366e-22	0.00e+00	0.00e+00	1.0396e+02
5.66586e+20	1.0248e+04	6.925e-22	1.0000e+01	7.5479e+00	6.8725e-12	3.2740e-01	6.7260e-01	7.5936e-02	9.2363e-01	4.3079e-04	5.4061e-15	6.0050e-05	5.9541e-01	4.0408e-01	4.2677e-04	3.6465e-01	6.0967e-01	2.5645e-02	2.2994e-05	8.6964e-06	1.1755e-36	5.7690e-22	0.00e+00	0.00e+00	1.0674e+02
5.66711e+20	1.0181e+04	6.574e-22	1.0000e+01	7.3184e+00	7.9417e-12	3.4714e-01	6.5286e-01	8.2590e-02	9.1697e-01	4.4395e-04	6.2633e-15	6.0578e-05	6.1768e-01	3.8188e-01	3.5508e-04	3.8705e-01	5.9188e-01	2.1042e-02	2.0936e-05	6.9140e-06	1.1755e-36	6.5983e-22	0.00e+00	0.00e+00	1.0926e+02
5.66841e+20	1.0065e+04	6.231e-22	1.0000e+01	7.0966e+00	9.4264e-12	3.7048e-01	6.2952e-01	9.0750e-02	9.0879e-01	4.5676e-04	7.3537e-15	6.1266e-05	6.4212e-01	3.5751e-01	2.8873e-04	4.1300e-01	5.7005e-01	1.6921e-02	1.8814e-05	5.3588e-06	1.1755e-36	7.6499e-22	0.00e+00	0.00e+00	1.1269e+02
5.67009e+20	9.9524e+03	5.756e-22	1.0000e+01	6.7464e+00	1.1659e-11	4.0316e-01	5.9684e-01	1.0187e-01	8.9765e-01	4.8126e-04	8.9844e-15	6.1181e-05	6.7195e-01	3.2776e-01	2.1984e-04	4.4859e-01	5.3884e-01	1.2546e-02	1.6263e-05	3.7866e-06	1.1755e-36	9.1413e-22	0.00e+00	0.00e+00	1.1747e+02
5.67175e+20	9.8298e+03	5.254e-22	1.0000e+01	6.3516e+00	1.4651e-11	4.4117e-01	5.5883e-01	1.1516e-01	8.8432e-01	5.1283e-04	1.1066e-14	6.0500e-05	7.0264e-01	2.9712e-01	1.6493e-04	4.8900e-01	5.0201e-01	8.9792e-03	1.3795e-05	2.5701e-06	1.1755e-36	1.0946e-21	0.00e+00	0.00e+00	1.2151e+02
5.67294e+20	9.7203e+03	4.870e-22	1.0000e+01	6.0713e+00	1.7233e-11	4.6856e-01	5.3144e-01	1.2681e-01	8.7265e-01	5.3630e-04	1.2732e-14	5.9920e-05	7.2571e-01	2.7408e-01	1.3342e-04	5.1761e-01	4.7538e-01	7.0040e-03	1.2279e-05	1.9336e-06	1.1755e-36	1.2206e-21	0.00e+00	0.00e+00	1.2426e+02
5.67381e+20	9.6363e+03	4.583e-22	1.0000e+01	5.8769e+00	1.9247e-11	4.8704e-01	5.1296e-01	1.3637e-01	8.6308e-01	5.5234e-04	1.3960e-14	5.9526e-05	7.4252e-01	2.5730e-01	1.1432e-04	5.3669e-01	4.5743e-01	5.8639e-03	1.1357e-05	1.5815e-06	1.1755e-36	1.3018e-21	0.00e+00	0.00e+00	1.2674e+02
5.67470e+20	9.5471e+03	4.293e-22	1.0000e+01	5.6684e+00	2.1580e-11	5.0667e-01	4.9333e-01	1.4678e-01	8.5265e-01	5.7095e-04	1.5308e-14	5.8878e-05	7.5913e-01	2.4070e-01	9.7344e-05	5.5674e-01	4.3839e-01	4.8635e-03	1.0456e-05	1.2806e-06	1.1755e-36	1.3821e-21	0.00e+00	0.00e+00	1.2986e+02
5.67572e+20	9.4402e+03	3.969e-22	1.0000e+01	5.4074e+00	2.4828e-11	5.3207e-01	4.6793e-01	1.5950e-01	8.3990e-01	5.9716e-04	1.7095e-14	5.7710e-05	7.7740e-01	2.2245e-01	8.0777e-05	5.8228e-01	4.1385e-01	3.8643e-03	9.3963e-06	9.8745e-07	1.1755e-36	1.4815e-21	0.00e+00	0.00e+00	1.3343e+02
5.67652e+20	9.3659e+03	3.711e-22	1.0000e+01	5.1831e+00	2.7692e-11	5.5322e-01	4.4678e-01	1.7022e-01	8.2915e-01	6.2285e-04	1.8653e-14	5.6443e-05	7.9126e-01	2.0861e-01	6.9966e-05	6.0327e-01	3.9353e-01	3.1911e-03	8.5911e-06	7.9593e-07	1.1755e-36	1.5568e-21	0.00e+00	0.00e+00	1.3534e+02
5.67696e+20	9.3069e+03	3.571e-22	1.0000e+01	5.0887e+00	2.9284e-11	5.6210e-01	4.3790e-01	1.7740e-01	8.2197e-01	6.3107e-04	1.9388e-14	5.6108e-05	7.9950e-01	2.0037e-01	6.4825e-05	6.1208e-01	3.8501e-01	2.9042e-03	8.2736e-06	7.1738e-07	1.1755e-36	1.5828e-21	0.00e+00	0.00e+00	1.3653e+02
5.67735e+20	9.2522e+03	3.449e-22	1.0000e+01	5.0078e+00	3.0756e-11	5.6960e-01	4.3040e-01	1.8399e-01	8.1537e-01	6.3758e-04	2.0028e-14	5.5813e-05	8.0666e-01	1.9321e-01	6.0550e-05	6.1948e-01	3.7783e-01	2.6753e-03	8.0139e-06	6.5555e-07	1.1755e-36	1.6024e-21	0.00e+00	0.00e+00	1.3810e+02
5.67785e+20	9.1824e+03	3.295e-22	1.0000e+01	4.8891e+00	3.2969e-11	5.8142e-01	4.1858e-01	1.9255e-01	8.0680e-01	6.4946e-04	2.1001e-14	5.5199e-05	8.1550e-01	1.8438e-01	5.5335e-05	6.3104e-01	3.6657e-01	2.3820e-03	7.6189e-06	5.7631e-07	1.1755e-36	1.6354e-21	0.00e+00	0.00e+00	1.4018e+02
5.67843e+20	9.1117e+03	3.118e-22	1.0000e+01	4.7322e+00	3.5791e-11	5.9668e-01	4.0332e-01	2.0234e-01	7.9699e-01	6.6819e-04	2.2272e-14	5.4200e-05	8.2506e-01	1.7483e-01	4.9914e-05	6.4584e-01	3.5209e-01	2.0638e-03	7.1327e-06	4.9133e-07	1.1755e-36	1.6766e-21	0.00e+00	0.00e+00	1.4244e+02
5.67898e+20	9.0560e+03	2.952e-22	1.0000e+01	4.5731e+00	3.8418e-11	6.1060e-01	3.8940e-01	2.1141e-01	7.8790e-01	6.8995e-04	2.3456e-14	5.2995e-05	8.3336e-01	1.6653e-01	4.5541e-05	6.5923e-01	3.3896e-01	1.8038e-03	6.7111e-06	4.2338e-07	1.1755e-36	1.6988e-21	0.00e+00	0.00e+00	1.4434e+02
5.67944e+20	8.9895e+03	2.818e-22	1.0000e+01	4.4564e+00	4.1003e-11	6.2203e-01	3.7797e-01	2.2040e-01	7.7889e-01	7.0413e-04	2.4478e-14	5.2210e-05	8.4081e-01	1.5909e-01	4.2141e-05	6.7018e-01	3.2821e-01	1.6113e-03	6.3814e-06	3.7388e-07	1.1755e-36	1.7181e-21	0.00e+00	0.00e+00	1.4604e+02
5.67989e+20	8.9313e+03	2.687e-22	1.0000e+01	4.3401e+00	4.3504e-11	6.3240e-01	3.6760e-01	2.2921e-01	7.7008e-01	7.1856e-04	2.5451e-14	5.1373e-05	8.4773e-01	1.5218e-01	3.9188e-05	6.8005e-01	3.1849e-01	1.4465e-03	6.0930e-06	3.3224e-07	1.1755e-36	1.7288e-21	0.00e+00	0.00e+00	1.4788e+02
5.68039e+20	8.8565e+03	2.548e-22	1.0000e+01	4.2087e+00	4.6727e-11	6.4476e-01	3.5524e-01	2.3948e-01	7.5978e-01	7.3590e-04	2.6618e-14	5.0374e-05	8.5523e-01	1.4468e-01	3.6178e-05	6.9176e-01	3.0696e-01	1.2780e-03	5.7629e-06	2.9010e-07	1.1755e-36	1.7387e-21	0.00e+00	0.00e+00	1.5004e+02
5.68091e+20	8.7810e+03	2.405e-22	1.0000e+01	4.0676e+00	5.0425e-11	6.5864e-01	3.4136e-01	2.5051e-01	7.4874e-01	7.5617e-04	2.7966e-14	4.9251e-05	8.6274e-01	1.3717e-01	3.3347e-05	7.0480e-01	2.9407e-01	1.1167e-03	5.4078e-06	2.5017e-07	1.1755e-36	1.7518e-21	0.00e+00	0.00e+00	1.5216e+02
5.68137e+20	8.7279e+03	2.278e-22	1.0000e+01	3.9365e+00	5.3478e-11	6.6997e-01	3.3003e-01	2.6038e-01	7.3884e-01	7.7721e-04	2.9123e-14	4.8086e-05	8.6905e-01	1.3087e-01	3.1145e-05	7.1539e-01	2.8361e-01	9.9229e-04	5.1288e-06	2.1995e-07	1.1755e-36	1.7468e-21	0.00e+00	0.00e+00	1.5398e+02
5.68181e+20	8.6495e+03	2.167e-22	1.0000e+01	3.8268e+00	5.7117e-11	6.8021e-01	3.1979e-01	2.7077e-01	7.2844e-01	7.9173e-04	3.0204e-14	4.7188e-05	8.7512e-01	1.2481e-01	2.9279e-05	7.2492e-01	2.7418e-01	8.9146e-04	4.8871e-06	1.9585e-07	1.1755e-36	1.7413e-21	0.00e+00	0.00e+00	1.5583e+02
5.68226e+20	8.5714e+03	2.053e-22	1.0000e+01	3.7117e+00	6.1151e-11	6.9127e-01	3.0873e-01	2.8211e-01	7.1708e-01	8.0779e-04	3.1415e-14	4.6227e-05	8.8130e-01	1.1863e-01	2.7484e-05	7.3516e-01	2.6404e-01	7.9443e-04	4.6342e-06	1.7284e-07	1.1755e-36	1.7361e-21	0.00e+00	0.00e+00	1.5791e+02
5.68273e+20	8.4946e+03	1.936e-22	1.0000e+01	3.5842e+00	6.5568e-11	7.0303e-01	2.9697e-01	2.9385e-01	7.0532e-01	8.2832e-04	3.2742e-14	4.5058e-05	8.8731e-01	1.1261e-01	2.5815e-05	7.4598e-01	2.5331e-01	7.0328e-04	4.3746e-06	1.5147e-07	1.1755e-36	1.7224e-21	0.00e+00	0.00e+00	1.6001e+02
5.68319e+20	8.4251e+03	1.826e-22	1.0000e+01	3.4604e+00	6.9894e-11	7.1382e-01	2.8618e-01	3.0523e-01	6.9392e-01	8.4945e-04	3.4026e-14	4.3861e-05	8.9278e-01	1.0715e-01	2.4404e-05	7.5586e-01	2.4350e-01	6.2673e-04	4.1443e-06	1.3377e-07	1.1755e-36	1.7005e-21	0.00e+00	0.00e+00	1.6198e+02
5.68362e+20	8.3367e+03	1.728e-22	1.0000e+01	3.3525e+00	7.5032e-11	7.2418e-01	2.7582e-01	3.1740e-01	6.8174e-01	8.6514e-04	3.5293e-14	4.2878e-05	8.9810e-01	1.0183e-01	2.3175e-05	7.6531e-01	2.3413e-01	5.6202e-04	3.9313e-06	1.1755e-36	1.1755e-36	1.6826e-21	0.00e+00	0.00e+00	1.6395e+02
5.68405e+20	8.2645e+03	1.632e-22	1.0000e+01	3.2411e+00	7.9818e-11	7.3373e-01	2.6627e-01	3.2916e-01	6.6995e-01	8.8395e-04	3.6543e-14	4.1767e-05	9.0297e-01	9.6963e-02	2.2102e-05	7.7397e-01	2.2552e-01	5.0562e-04	3.7400e-06	1.1755e-36	1.1755e-36	1.6542e-21	0.00e+00	0.00e+00	1.6594e+02
5.68450e+20	8.1786e+03	1.537e-22	1.0000e+01	3.1288e+00	8.5593e-11	7.4381e-01	2.5619e-01	3.4201e-01	6.5708e-01	9.0243e-04	3.7903e-14	4.0651e-05	9.0789e-01	9.2049e-02	2.1094e-05	7.8307e-01	2.1647e-01	4.5335e-04	3.5444e-06	1.1755e-36	1.1755e-36	1.6246e-21	0.00e+00	0.00e+00	1.6808e+02
5.68495e+20	8.0845e+03	1.445e-22	1.0000e+01	3.0133e+00	9.2263e-11	7.5432e-01	2.4568e-01	3.5539e-01	6.4369e-01	9.2234e-04	3.9375e-14	3.9467e-05	9.1265e-01	8.7285e-02	2.0173e-05	7.9252e-01	2.0707e-01	4.0570e-04	3.3468e-06	1.1755e-36	1.1755e-36	1.5908e-21	0.00e+00	0.00e+00	1.7021e+02
5.68538e+20	7.9932e+03	1.361e-22	1.0000e+01	2.9084e+00	9.9169e-11	7.6407e-01	2.3593e-01	3.6871e-01	6.3035e-01	9.3951e-04	4.0815e-14	3.8409e-05	9.1704e-01	8.2905e-02	1.9391e-05	8.0124e-01	1.9839e-01	3.6586e-04	3.1687e-06	1.1755e-36	1.1755e-36	1.5597e-21	0.00e+00	0.00e+00	1.7220e+02
5.68578e+20	7.9043e+03	1.285e-22	1.0000e+01	2.8118e+00	1.0618e-10	7.7254e-01	2.2746e-01	3.8168e-01	6.1736e-01	9.5479e-04	4.2150e-14	3.7401e-05	9.2099e-01	7.8949e-02	1.8740e-05	8.0880e-01	1.9087e-01	3.3338e-04	3.0181e-06	1.1755e-36	1.1755e-36	1.5247e-21	0.00e+00	0.00e+00	1.7413e+02
5.68619e+20	7.8171e+03	1.210e-22	1.0000e+01	2.7131e+00	1.1359e-10	7.8079e-01	2.1921e-01	3.9506e-01	6.0397e-01	9.7139e-04	4.3542e-14	3.6327e-05	9.2482e-01	7.5126e-02	1.8146e-05	8.1612e-01	1.8357e-01	3.0402e-04	2.8748e-06	1.1755e-36	1.1755e-36	1.4847e-21	0.00e+00	0.00e+00	1.7623e+02
5.68664e+20	7.7075e+03	1.133e-22	1.0000e+01	2.6078e+00	1.2344e-10	7.9039e-01	2.0961e-01	4.1005e-01	5.8896e-01	9.8798e-04	4.5191e-14	3.5192e-05	9.2880e-01	7.1150e-02	1.7556e-05	8.2461e-01	1.7511e-01	2.7518e-04	2.7124e-06	1.1755e-36	1.1755e-36	1.4453e-21	0.00e+00	0.00e+00	1.7852e+02
5.68707e+20	7.6037e+03	1.061e-22	1.0000e+01	2.5019e+00	1.3367e-10	7.9964e-01	2.0036e-01	4.2450e-01	5.7449e-01	1.0080e-03	4.6898e-14	3.4005e-05	9.3238e-01	6.7572e-02	1.7045e-05	8.3275e-01	1.6699e-01	2.5030e-04	2.5599e-06	1.1755e-36	1.1755e-36	1.4008e-21	0.00e+00	0.00e+00	1.8061e+02
5.68747e+20	7.5005e+03	1.000e-22	1.0000e+01	2.4140e+00	1.4429e-10	8.0734e-01	1.9266e-01	4.3854e-01	5.6044e-01	1.0205e-03	4.8408e-14	3.3028e-05	9.3556e-01	6.4390e-02	1.6639e-05	8.3951e-01	1.6025e-01	2.3108e-04	2.4361e-06	1.1755e-36	1.1755e-36	1.3628e-21	0.00e+00	0.00e+00	1.8252e+02
5.68785e+20	7.3893e+03	9.428e-23	1.0000e+01	2.3307e+00	1.5640e-10	8.1445e-01	1.8555e-01	4.5292e-01	5.4605e-01	1.0299e-03	4.9889e-14	3.2104e-05	9.3858e-01	6.1372e-02	1.6286e-05	8.4574e-01	1.5404e-01	2.1466e-04	2.3243e-06	1.1755e-36	1.1755e-36	1.3250e-21	0.00e+00	0.00e+00	1.8455e+02
5.68826e+20	7.2683e+03	8.833e-23	1.0000e+01	2.2391e+00	1.7095e-10	8.2234e-01	1.7766e-01	4.6841e-01	5.3054e-01	1.0418e-03	5.1622e-14	3.1061e-05	9.4162e-01	5.8330e-02	1.5937e-05	8.5263e-01	1.4717e-01	1.9859e-04	2.2026e-06	1.1755e-36	1.1755e-36	1.2840e-21	0.00e+00	0.00e+00	1.8681e+02
5.68869e+20	7.1377e+03	8.250e-23	1.0000e+01	2.1418e+00	1.8816e-10	8.3061e-01	1.6939e-01	4.8400e-01	5.1494e-01	1.0574e-03	5.3551e-14	2.9928e-05	9.4448e-01	5.5475e-02	1.5617e-05	8.5981e-01	1.4000e-01	1.8394e-04	2.0777e-06	1.1755e-36	1.1755e-36	1.2384e-21	0.00e+00	0.00e+00	1.8901e+02
5.68909e+20	7.0152e+03	7.747e-23	1.0000e+01	2.0576e+00	2.0589e-10	8.3777e-01	1.6223e-01	4.9887e-01	5.0007e-01	1.0682e-03	5.5348e-14	2.8938e-05	9.4698e-01	5.2971e-02	1.5358e-05	8.6601e-01	1.3381e-01	1.7235e-04	1.9719e-06	1.1755e-36	1.1755e-36	1.2007e-21	0.00e+00	0.00e+00	1.9097e+02
5.68945e+20	6.8894e+03	7.307e-23	1.0000e+01	1.9847e+00	2.2549e-10	8.4384e-01	1.5616e-01	5.1354e-01	4.8539e-01	1.0722e-03	5.6975e-14	2.8090e-05	9.4926e-01	5.0699e-02	1.5150e-05	8.7126e-01	1.2857e-01	1.6321e-04	1.8840e-06	1.1755e-36	1.1755e-36	1.1689e-21	0.00e+00	0.00e+00	1.9289e+02
5.68983e+20	6.7552e+03	6.869e-23	1.0000e+01	1.9083e+00	2.4856e-10	8.4999e-01	1.5001e-01	5.2873e-01	4.7020e-01	1.0769e-03	5.8756e-14	2.7180e-05	9.5145e-01	4.8506e-02	1.4957e-05	8.7657e-01	1.2327e-01	1.5482e-04	1.7964e-06	1.1755e-36	1.1755e-36	1.1365e-21	0.00e+00	0.00e+00	1.9501e+02
5.69022e+20	6.6258e+03	6.434e-23	1.0000e+01	1.8281e+00	2.7350e-10	8.5648e-01	1.4352e-01	5.4397e-01	4.5495e-01	1.0858e-03	6.0784e-14	2.6195e-05	9.5351e-01	4.6448e-02	1.4772e-05	8.8215e-01	1.1770e-01	1.4691e-04	1.7050e-06	1.1755e-36	1.1755e-36	1.1045e-21	0.00e+00	0.00e+00	1.9713e+02
5.69060e+20	6.4869e+03	6.046e-23	1.0000e+01	1.7547e+00	3.0253e-10	8.6262e-01	1.3738e-01	5.5891e-01	4.4000e-01	1.0900e-03	6.2767e-14	2.5302e-05	9.5537e-01	4.4593e-02	1.4618e-05	8.8741e-01	1.1244e-01	1.4042e-04	1.6202e-06	1.1755e-36	1.1755e-36	1.0783e-21	0.00e+00	0.00e+00	1.9909e+02
5.69095e+20	6.3488e+03	5.706e-23	1.0000e+01	1.6899e+00	3.3408e-10	8.6787e-01	1.3213e-01	5.7340e-01	4.2551e-01	1.0889e-03	6.4602e-14	2.4517e-05	9.5702e-01	4.2936e-02	1.4496e-05	8.9191e-01	1.0795e-01	1.3534e-04	1.5489e-06	1.1755e-36	1.1755e-36	1.0585e-21	0.00e+00	0.00e+00	2.0097e+02
5.69130e+20	6.2053e+03	5.381e-23	1.0000e+01	1.6264e+00	3.7004e-10	8.7294e-01	1.2706e-01	5.8808e-01	4.1083e-01	1.0859e-03	6.6501e-14	2.3742e-05	9.5858e-01	4.1382e-02	1.4390e-05	8.9625e-01	1.0361e-01	1.3092e-04	1.4808e-06	1.1755e-36	1.1755e-36	1.0425e-21	0.00e+00	0.00e+00	2.0294e+02
5.69166e+20	6.0525e+03	5.062e-23	1.0000e+01	1.5616e+00	4.1201e-10	8.7836e-01	1.2164e-01	6.0318e-01	3.9573e-01	1.0819e-03	6.8597e-14	2.2947e-05	9.6006e-01	3.9904e-02	1.4289e-05	9.0087e-01	9.9000e-02	1.2686e-04	1.4091e-06	1.1755e-36	1.1755e-36	1.0308e-21	0.00e+00	0.00e+00	2.0497e+02
5.69202e+20	5.9008e+03	4.763e-23	1.0000e+01	1.4976e+00	4.5719e-10	8.8350e-01	1.1650e-01	6.1787e-01	3.8105e-01	1.0787e-03	7.0782e-14	2.2145e-05	9.6138e-01	3.8587e-02	1.4203e-05	9.0525e-01	9.4625e-02	1.2343e-04	1.3418e-06	1.1755e-36	1.1755e-36	1.0217e-21	0.00e+00	0.00e+00	2.0694e+02
5.69237e+20	5.7508e+03	4.496e-23	1.0000e+01	1.4395e+00	5.0500e-10	8.8811e-01	1.1189e-01	6.3200e-01	3.6693e-01	1.0721e-03	7.2879e-14	2.1417e-05	9.6253e-01	3.7430e-02	1.4136e-05	9.0917e-01	9.0713e-02	1.2075e-04	1.2823e-06	1.1755e-36	1.1755e-36	1.0182e-21	0.00e+00	0.00e+00	2.0879e+02
5.69269e+20	5.5991e+03	4.254e-23	1.0000e+01	1.3858e+00	5.5611e-10	8.9229e-01	1.0771e-01	6.4589e-01	3.5305e-01	1.0617e-03	7.4912e-14	2.0747e-05	9.6358e-01	3.6389e-02	1.4084e-05	9.1272e-01	8.7159e-02	1.1866e-04	1.2290e-06	1.1755e-36	1.1755e-36	1.0199e-21	0.00e+00	0.00e+00	2.1064e+02
5.69303e+20	5.4419e+03	4.020e-23	1.0000e+01	1.3324e+00	6.1097e-10	8.9645e-01	1.0355e-01	6.5988e-01	3.3907e-01	1.0499e-03	7.7056e-14	2.0077e-05	9.6453e-01	3.5433e-02	1.4040e-05	9.1625e-01	8.3628e-02	1.1690e-04	1.1764e-06	1.1755e-36	1.1755e-36	1.0248e-21	0.00e+00	0.00e+00	2.1256e+02
5.69337e+20	5.2814e+03	3.795e-23	1.0000e+01	1.2788e+00	6.6740e-10	9.0064e-01	9.9360e-02	6.7373e-01	3.2523e-01	1.0380e-03	7.9333e-14	1.9398e-05	9.6539e-01	3.4580e-02	1.4003e-05	9.1980e-01	8.0084e-02	1.1543e-04	1.1240e-06	1.1755e-36	1.1755e-36	1.0310e-21	0.00e+00	0.00e+00	2.1447e+02
5.69370e+20	5.1173e+03	3.589e-23	1.0000e+01	1.2277e+00	7.2389e-10	9.0458e-01	9.5419e-02	6.8714e-01	3.1183e-01	1.0243e-03	8.1593e-14	1.8756e-05	9.6612e-01	3.3849e-02	1.3978e-05	9.2314e-01	7.6749e-02	1.1438e-04	1.0751e-06	1.1755e-36	1.1755e-36	1.0383e-21	0.00e+00	0.00e+00	2.1631e+02
5.69401e+20	4.9597e+03	3.407e-23	1.0000e+01	1.1819e+00	7.7387e-10	9.0808e-01	9.1921e-02	6.9984e-01	2.9916e-01	1.0080e-03	8.3630e-14	1.8185e-05	9.6682e-01	3.3143e-02	1.3962e-05	9.2610e-01	7.3788e-02	1.1371e-04	1.0322e-06	1.1755e-36	1.1755e-36	1.0335e-21	0.00e+00	0.00e+00	2.1804e+02
5.69430e+20	4.8033e+03	3.245e-23	1.0000e+01	1.1403e+00	8.1408e-10	9.1121e-01	8.8790e-02	7.1185e-01	2.8716e-01	9.8937e-04	8.5279e-14	1.7682e-05	9.6770e-01	3.2271e-02	1.3956e-05	9.2875e-01	7.1134e-02	1.1338e-04	9.9418e-07	1.1755e-36	1.1755e-36	9.9063e-22	0.00e+00	0.00e+00	2.1968e+02
5.69457e+20	4.6552e+03	3.103e-23	1.0000e+01	1.1028e+00	8.4589e-10	9.1401e-01	8.5987e-02	7.2297e-01	2.7606e-01	9.7011e-04	8.6768e-14	1.7233e-05	9.6847e-01	3.1495e-02	1.3956e-05	9.3113e-01	6.8756e-02	1.1329e-04	9.6037e-07	1.1755e-36	1.1755e-36	9.4496e-22	0.00e+00	0.00e+00	2.2119e+02
5.69483e+20	4.5086e+03	2.977e-23	1.0000e+01	1.0686e+00	8.7092e-10	9.1655e-01	8.3453e-02	7.3339e-01	2.6566e-01	9.4952e-04	8.8094e-14	1.6836e-05	9.6918e-01	3.0786e-02	1.3965e-05	9.3328e-01	6.6602e-02	1.1343e-04	9.3007e-07	1.1755e-36	1.1755e-36	8.9652e-22	0.00e+00	0.00e+00	2.2262e+02
5.69506e+20	4.3761e+03	2.865e-23	1.0000e+01	1.0378e+00	8.8691e-10	9.1879e-01	8.1206e-02	7.4289e-01	2.5618e-01	9.3005e-04	8.9315e-14	1.6481e-05	9.6981e-01	3.0164e-02	1.3975e-05	9.3519e-01	6.4692e-02	1.1365e-04	9.0333e-07	1.1755e-36	1.1755e-36	8.4919e-22	0.00e+00	0.00e+00	2.2394e+02
5.69529e+20	4.2463e+03	2.762e-23	1.0000e+01	1.0090e+00	8.9694e-10	9.2089e-01	7.9110e-02	7.5200e-01	2.4709e-01	9.0969e-04	9.0450e-14	1.6160e-05	9.7039e-01	2.9582e-02	1.3990e-05	9.3698e-01	6.2908e-02	1.1399e-04	8.7852e-07	1.1755e-36	1.1755e-36	8.0156e-22	0.00e+00	0.00e+00	2.2525e+02
5.69552e+20	4.1247e+03	2.664e-23	1.0000e+01	9.8138e-01	9.0054e-10	9.2292e-01	7.7076e-02	7.6068e-01	2.3843e-01	8.9040e-04	9.1604e-14	1.5851e-05	9.7092e-01	2.9049e-02	1.4006e-05	9.3870e-01	6.1182e-02	1.1433e-04	8.5453e-07	1.1755e-36	1.1755e-36	7.5534e-22	0.00e+00	0.00e+00	2.2655e+02
5.69574e+20	3.9970e+03	2.569e-23	1.0000e+01	9.5365e-01	8.9936e-10	9.2497e-01	7.5026e-02	7.6929e-01	2.2984e-01	8.7023e-04	9.2761e-14	1.5555e-05	9.7144e-01	2.8532e-02	1.4026e-05	9.4044e-01	5.9440e-02	1.1482e-04	8.3049e-07	1.1755e-36	1.1755e-36	7.0680e-22	0.00e+00	0.00e+00	2.2786e+02
###########################
3.73988e+16	1.4905e+04	7.310e-22	1.0000e+01	1.1730e+01	1.0187e-19	1.4166e-04	9.9986e-01	2.2164e-06	1.4699e-02	9.8530e-01	7.2013e-31	8.9698e-11	5.1393e-05	1.6515e-02	1.5917e-01	6.1016e-10	1.2271e-05	1.0708e-02	3.6059e-01	4.6589e-01	1.4572e-01	1.1755e-36	0.00e+00	0.00e+00	6.6884e-04
2.24393e+17	1.4886e+04	7.292e-22	1.0000e+01	1.1729e+01	9.2676e-20	1.4147e-04	9.9986e-01	2.2104e-06	1.4695e-02	9.8530e-01	6.6819e-31	5.9268e-11	5.1320e-05	1.6515e-02	1.5970e-01	6.0980e-10	1.2278e-05	1.0760e-02	3.6138e-01	4.6596e-01	1.4500e-01	1.1755e-36	0.00e+00	0.00e+00	3.3407e-03
9.72368e+17	1.4780e+04	7.275e-22	1.0000e+01	1.1729e+01	1.0476e-19	1.4143e-04	9.9986e-01	2.2285e-06	1.4778e-02	9.8522e-01	7.3617e-31	6.3000e-11	5.1863e-05	1.6736e-02	1.6181e-01	6.1654e-10	1.2428e-05	1.0999e-02	3.6435e-01	4.6480e-01	1.4342e-01	1.1755e-36	0.00e+00	0.00e+00	1.4025e-02
3.96427e+18	1.4564e+04	7.230e-22	1.0000e+01	1.1728e+01	1.1471e-19	1.4076e-04	9.9986e-01	2.2674e-06	1.5124e-02	9.8487e-01	8.1122e-31	6.8199e-11	5.3773e-05	1.7585e-02	1.6832e-01	6.3064e-10	1.2807e-05	1.1836e-02	3.7395e-01	4.6032e-01	1.3860e-01	1.1755e-36	0.00e+00	0.00e+00	5.6560e-02
9.46937e+18	1.3992e+04	7.046e-22	1.0000e+01	1.1728e+01	1.1697e-19	1.3548e-04	9.9986e-01	2.2308e-06	1.5115e-02	9.8488e-01	7.6799e-31	6.1663e-11	5.4975e-05	1.8543e-02	1.7927e-01	6.1776e-10	1.3011e-05	1.3141e-02	3.8943e-01	4.5210e-01	1.3153e-01	1.1755e-36	0.00e+00	0.00e+00	1.0978e-01
1.48676e+19	1.3478e+04	6.891e-22	1.0000e+01	1.1728e+01	1.1387e-19	1.2959e-04	9.9987e-01	2.1731e-06	1.5058e-02	9.8494e-01	6.7542e-31	5.6505e-11	5.5528e-05	1.9394e-02	1.8897e-01	5.8747e-10	1.2921e-05	1.4274e-02	4.0279e-01	4.4468e-01	1.2561e-01	1.1755e-36	0.00e+00	0.00e+00	1.4720e-01
1.89525e+19	1.3190e+04	6.817e-22	1.0000e+01	1.1728e+01	1.1251e-19	1.2627e-04	9.9987e-01	2.1639e-06	1.5226e-02	9.8477e-01	6.4386e-31	5.5821e-11	5.6631e-05	2.0222e-02	1.9605e-01	5.7804e-10	1.3047e-05	1.5205e-02	4.1279e-01	4.3903e-01	1.2111e-01	1.1755e-36	0.00e+00	0.00e+00	1.7586e-01
2.30882e+19	1.2952e+04	6.794e-22	1.0000e+01	1.1727e+01	1.1737e-19	1.2507e-04	9.9987e-01	2.2255e-06	1.5732e-02	9.8427e-01	6.9732e-31	5.9051e-11	5.9512e-05	2.1461e-02	2.0407e-01	6.0232e-10	1.3723e-05	1.6417e-02	4.2422e-01	4.3240e-01	1.1592e-01	1.1755e-36	0.00e+00	0.00e+00	2.1277e-01
2.84647e+19	1.2685e+04	6.775e-22	1.0000e+01	1.1726e+01	1.2499e-19	1.2374e-04	9.9988e-01	2.3237e-06	1.6522e-02	9.8348e-01	7.9004e-31	6.4876e-11	6.3808e-05	2.3281e-02	2.1491e-01	6.4037e-10	1.4746e-05	1.8180e-02	4.3925e-01	4.2326e-01	1.0925e-01	1.1755e-36	0.00e+00	0.00e+00	2.6024e-01
3.54541e+19	1.2369e+04	6.771e-22	1.0000e+01	1.1725e+01	1.3760e-19	1.2253e-04	9.9988e-01	2.4946e-06	1.7819e-02	9.8218e-01	9.7038e-31	7.5768e-11	7.0713e-05	2.6095e-02	2.3008e-01	7.0747e-10	1.6446e-05	2.0883e-02	4.5939e-01	4.1019e-01	1.0066e-01	1.1755e-36	0.00e+00	0.00e+00	3.2136e-01
4.40401e+19	1.2010e+04	6.793e-22	1.0000e+01	1.1723e+01	1.5507e-19	1.2124e-04	9.9988e-01	2.7671e-06	1.9876e-02	9.8012e-01	1.2818e-30	9.5023e-11	8.1118e-05	3.0330e-02	2.5055e-01	8.1118e-10	1.9058e-05	2.4993e-02	4.8476e-01	3.9227e-01	9.0394e-02	1.1755e-36	0.00e+00	0.00e+00	3.9231e-01
5.21654e+19	1.1720e+04	6.819e-22	1.0000e+01	1.1720e+01	1.6992e-19	1.1867e-04	9.9988e-01	3.0723e-06	2.2341e-02	9.7766e-01	1.6306e-30	1.1912e-10	9.2078e-05	3.5067e-02	2.7117e-01	9.1440e-10	2.1921e-05	2.9817e-02	5.0808e-01	3.7410e-01	8.1444e-02	1.1755e-36	0.00e+00	0.00e+00	4.4459e-01
5.83648e+19	1.1553e+04	6.862e-22	1.0000e+01	1.1718e+01	1.8213e-19	1.1712e-04	9.9988e-01	3.3974e-06	2.4915e-02	9.7508e-01	2.0477e-30	1.4697e-10	1.0262e-04	3.9560e-02	2.8880e-01	1.0265e-09	2.4904e-05	3.4638e-02	5.2643e-01	3.5853e-01	7.4559e-02	1.1755e-36	0.00e+00	0.00e+00	4.8466e-01
6.36191e+19	1.1429e+04	6.914e-22	1.0000e+01	1.1716e+01	1.9688e-19	1.1655e-04	9.9988e-01	3.7957e-06	2.7793e-02	9.7220e-01	2.6805e-30	1.8271e-10	1.1474e-04	4.4274e-02	3.0583e-01	1.1798e-09	2.8670e-05	3.9908e-02	5.4278e-01	3.4356e-01	6.8511e-02	1.1755e-36	0.00e+00	0.00e+00	5.2210e-01
6.94715e+19	1.1341e+04	6.975e-22	1.0000e+01	1.1711e+01	2.2191e-19	1.1684e-04	9.9988e-01	4.3863e-06	3.1918e-02	9.6808e-01	3.9368e-30	2.4152e-10	1.3172e-04	5.0596e-02	3.2742e-01	1.4284e-09	3.4455e-05	4.7496e-02	5.6167e-01	3.2473e-01	6.1499e-02	1.1755e-36	0.00e+00	0.00e+00	5.7090e-01
7.53807e+19	1.1301e+04	7.054e-22	1.0000e+01	1.1706e+01	2.4136e-19	1.1579e-04	9.9988e-01	5.1340e-06	3.7422e-02	9.6257e-01	5.6204e-30	3.2292e-10	1.5030e-04	5.7886e-02	3.5058e-01	1.7214e-09	4.1643e-05	5.7398e-02	5.7898e-01	3.0469e-01	5.4893e-02	1.1755e-36	0.00e+00	0.00e+00	6.0892e-01
7.98717e+19	1.1325e+04	7.124e-22	1.0000e+01	1.1701e+01	2.5257e-19	1.1473e-04	9.9989e-01	5.8988e-06	4.3097e-02	9.5690e-01	7.5278e-30	4.1305e-10	1.6688e-04	6.4404e-02	3.7037e-01	2.0225e-09	4.9065e-05	6.7468e-02	5.9131e-01	2.8775e-01	4.9823e-02	1.1755e-36	0.00e+00	0.00e+00	6.3630e-01
8.33931e+19	1.1357e+04	7.193e-22	1.0000e+01	1.1696e+01	2.6546e-19	1.1418e-04	9.9989e-01	6.6895e-06	4.8859e-02	9.5113e-01	9.8824e-30	5.1258e-10	1.8251e-04	7.0374e-02	3.8798e-01	2.3441e-09	5.6816e-05	7.7612e-02	6.0050e-01	2.7287e-01	4.5687e-02	1.1755e-36	0.00e+00	0.00e+00	6.5982e-01
8.71462e+19	1.1406e+04	7.268e-22	1.0000e+01	1.1689e+01	2.8293e-19	1.1417e-04	9.9989e-01	7.7969e-06	5.6597e-02	9.4339e-01	1.3942e-29	6.6152e-10	2.0306e-04	7.7731e-02	4.0934e-01	2.8321e-09	6.8112e-05	9.1296e-02	6.0960e-01	2.5507e-01	4.1045e-02	1.3865e-36	0.00e+00	0.00e+00	6.9039e-01
9.10438e+19	1.1499e+04	7.376e-22	1.0000e+01	1.1681e+01	2.9300e-19	1.1350e-04	9.9989e-01	9.3104e-06	6.7410e-02	9.3258e-01	1.9678e-29	8.8008e-10	2.2606e-04	8.6151e-02	4.3303e-01	3.4751e-09	8.3281e-05	1.0978e-01	6.1587e-01	2.3532e-01	3.6365e-02	1.8927e-36	0.00e+00	0.00e+00	7.1585e-01
9.41215e+19	1.1631e+04	7.476e-22	1.0000e+01	1.1669e+01	2.9822e-19	1.1248e-04	9.9989e-01	1.0877e-05	7.8996e-02	9.2099e-01	2.6097e-29	1.1201e-09	2.4520e-04	9.3470e-02	4.5385e-01	4.1168e-09	9.8757e-05	1.2909e-01	6.1782e-01	2.1808e-01	3.2599e-02	2.4827e-36	0.00e+00	0.00e+00	7.3433e-01
9.65145e+19	1.1747e+04	7.567e-22	1.0000e+01	1.1659e+01	3.0009e-19	1.1184e-04	9.9989e-01	1.2494e-05	9.0682e-02	9.0931e-01	3.3226e-29	1.3775e-09	2.6270e-04	9.9851e-02	4.7203e-01	4.7973e-09	1.1485e-04	1.4816e-01	6.1697e-01	2.0313e-01	2.9530e-02	3.0923e-36	0.00e+00	0.00e+00	7.4974e-01
9.86875e+19	1.1848e+04	7.664e-22	1.0000e+01	1.1649e+01	3.0502e-19	1.1138e-04	9.9989e-01	1.4362e-05	1.0402e-01	8.9596e-01	4.2407e-29	1.6854e-09	2.8072e-04	1.0627e-01	4.9027e-01	5.5855e-09	1.3332e-04	1.6942e-01	6.1370e-01	1.8822e-01	2.6637e-02	3.8842e-36	0.00e+00	0.00e+00	7.6494e-01
1.01174e+20	1.1949e+04	7.803e-22	1.0000e+01	1.1637e+01	3.0893e-19	1.1077e-04	9.9989e-01	1.6921e-05	1.2329e-01	8.7669e-01	5.4165e-29	2.0895e-09	3.0064e-04	1.1435e-01	5.1335e-01	6.5158e-09	1.5610e-04	1.9934e-01	6.0614e-01	1.6951e-01	2.3212e-02	4.8516e-36	0.00e+00	0.00e+00	7.8460e-01
1.03694e+20	1.2133e+04	7.936e-22	1.0000e+01	1.1607e+01	3.1626e-19	1.1065e-04	9.9989e-01	2.0756e-05	1.4978e-01	8.5020e-01	7.7729e-29	2.8268e-09	3.2725e-04	1.2261e-01	5.3780e-01	8.2510e-09	1.9484e-04	2.3808e-01	5.9096e-01	1.4952e-01	1.9822e-02	6.8854e-36	0.00e+00	0.00e+00	8.0017e-01
1.05601e+20	1.2273e+04	8.075e-22	1.0000e+01	1.1587e+01	3.1732e-19	1.1013e-04	9.9989e-01	2.4525e-05	1.7703e-01	8.2294e-01	9.8782e-29	3.5224e-09	3.4655e-04	1.2951e-01	5.5851e-01	9.7156e-09	2.2888e-04	2.7564e-01	5.7308e-01	1.3269e-01	1.7144e-02	8.6246e-36	0.00e+00	0.00e+00	8.1118e-01
1.07072e+20	1.2365e+04	8.185e-22	1.0000e+01	1.1562e+01	3.1772e-19	1.1001e-04	9.9989e-01	2.8186e-05	2.0330e-01	7.9667e-01	1.1945e-28	4.2219e-09	3.6297e-04	1.3518e-01	5.7579e-01	1.1133e-08	2.6122e-04	3.1011e-01	5.5469e-01	1.1881e-01	1.5043e-02	1.0173e-35	0.00e+00	0.00e+00	8.2062e-01
1.08635e+20	1.2435e+04	8.287e-22	1.0000e+01	1.1536e+01	3.2520e-19	1.1031e-04	9.9989e-01	3.2968e-05	2.3665e-01	7.6332e-01	1.5013e-28	5.1440e-09	3.8272e-04	1.4160e-01	5.9513e-01	1.3002e-08	3.0264e-04	3.5201e-01	5.3051e-01	1.0346e-01	1.2803e-02	1.2552e-35	0.00e+00	0.00e+00	8.3291e-01
1.10327e+20	1.2522e+04	8.392e-22	1.0000e+01	1.1494e+01	3.2654e-19	1.1042e-04	9.9989e-01	3.9158e-05	2.8113e-01	7.1883e-01	1.8523e-28	6.3466e-09	4.0180e-04	1.4825e-01	6.1619e-01	1.5212e-08	3.5225e-04	4.0371e-01	4.9767e-01	8.6989e-02	1.0528e-02	1.5007e-35	0.00e+00	0.00e+00	8.4420e-01
1.11790e+20	1.2551e+04	8.471e-22	1.0000e+01	1.1453e+01	3.3657e-19	1.1092e-04	9.9989e-01	4.5905e-05	3.2886e-01	6.7109e-01	2.2633e-28	7.6518e-09	4.1975e-04	1.5427e-01	6.3502e-01	1.7536e-08	4.0322e-04	4.5493e-01	4.6280e-01	7.2614e-02	8.6351e-03	1.8007e-35	0.00e+00	0.00e+00	8.5334e-01
1.13020e+20	1.2551e+04	8.501e-22	1.0000e+01	1.1413e+01	3.4808e-19	1.1162e-04	9.9989e-01	5.2544e-05	3.7527e-01	6.2468e-01	2.6784e-28	8.9452e-09	4.3521e-04	1.5930e-01	6.5082e-01	1.9762e-08	4.5095e-04	5.0148e-01	4.2948e-01	6.0933e-02	7.1510e-03	2.0974e-35	0.00e+00	0.00e+00	8.6148e-01
1.14348e+20	1.2510e+04	8.473e-22	1.0000e+01	1.1366e+01	3.6661e-19	1.1288e-04	9.9989e-01	6.0639e-05	4.3023e-01	5.6971e-01	3.2260e-28	1.0544e-08	4.5296e-04	1.6471e-01	6.6723e-01	2.2488e-08	5.0718e-04	5.5340e-01	3.9077e-01	4.9216e-02	5.7062e-03	2.4802e-35	0.00e+00	0.00e+00	8.7218e-01
1.15792e+20	1.2411e+04	8.395e-22	1.0000e+01	1.1311e+01	3.9326e-19	1.1455e-04	9.9989e-01	7.0312e-05	4.9517e-01	5.0476e-01	3.8836e-28	1.2432e-08	4.7143e-04	1.7030e-01	6.8353e-01	2.5576e-08	5.6929e-04	6.0981e-01	3.4680e-01	3.8129e-02	4.3906e-03	2.9269e-35	0.00e+00	0.00e+00	8.8220e-01
1.17083e+20	1.2283e+04	8.258e-22	1.0000e+01	1.1258e+01	4.2032e-19	1.1636e-04	9.9988e-01	7.9490e-05	5.5550e-01	4.4442e-01	4.5060e-28	1.4239e-08	4.8777e-04	1.7506e-01	6.9664e-01	2.8456e-08	6.2516e-04	6.5872e-01	3.0728e-01	2.9729e-02	3.4217e-03	3.3028e-35	0.00e+00	0.00e+00	8.9099e-01
1.18234e+20	1.2133e+04	8.087e-22	1.0000e+01	1.1213e+01	4.5491e-19	1.1830e-04	9.9988e-01	8.7781e-05	6.0817e-01	3.9174e-01	5.1488e-28	1.5907e-08	5.0266e-04	1.7917e-01	7.0674e-01	3.1085e-08	6.7393e-04	6.9926e-01	2.7359e-01	2.3575e-02	2.7255e-03	3.7111e-35	0.00e+00	0.00e+00	8.9925e-01
1.19508e+20	1.1930e+04	7.853e-22	1.0000e+01	1.1166e+01	5.0358e-19	1.2085e-04	9.9988e-01	9.6855e-05	6.6281e-01	3.3709e-01	5.9610e-28	1.7803e-08	5.2029e-04	1.8367e-01	7.1602e-01	3.4099e-08	7.2672e-04	7.3984e-01	2.3904e-01	1.8139e-02	2.1169e-03	4.2135e-35	0.00e+00	0.00e+00	9.1023e-01
1.21163e+20	1.1643e+04	7.520e-22	1.0000e+01	1.1112e+01	5.8019e-19	1.2441e-04	9.9988e-01	1.0787e-04	7.2539e-01	2.7450e-01	7.1002e-28	2.0231e-08	5.4335e-04	1.8926e-01	7.2507e-01	3.7888e-08	7.8925e-04	7.8454e-01	1.9999e-01	1.3034e-02	1.5486e-03	4.8970e-35	0.00e+00	0.00e+00	9.2493e-01
1.22888e+20	1.1345e+04	7.176e-22	1.0000e+01	1.1066e+01	6.6979e-19	1.2798e-04	9.9987e-01	1.1787e-04	7.7930e-01	2.2058e-01	8.2634e-28	2.2578e-08	5.6582e-04	1.9458e-01	7.3152e-01	4.1400e-08	8.4408e-04	8.2161e-01	1.6681e-01	9.5172e-03	1.1547e-03	5.5554e-35	0.00e+00	0.00e+00	9.3769e-01
1.24381e+20	1.1093e+04	6.893e-22	1.0000e+01	1.1033e+01	7.5779e-19	1.3106e-04	9.9987e-01	1.2535e-04	8.1671e-01	1.8316e-01	9.2957e-28	2.4467e-08	5.8502e-04	1.9895e-01	7.3514e-01	4.4204e-08	8.8522e-04	8.4714e-01	1.4354e-01	7.4663e-03	9.1900e-04	6.1164e-35	0.00e+00	0.00e+00	9.4932e-01
1.25765e+20	1.0874e+04	6.653e-22	1.0000e+01	1.1008e+01	8.4596e-19	1.3391e-04	9.9987e-01	1.3148e-04	8.4474e-01	1.5513e-01	1.0290e-27	2.6184e-08	6.0284e-04	2.0282e-01	7.3723e-01	4.6696e-08	9.1974e-04	8.6635e-01	1.2580e-01	6.1309e-03	7.5988e-04	6.6374e-35	0.00e+00	0.00e+00	9.6083e-01
1.27332e+20	1.0643e+04	6.404e-22	1.0000e+01	1.0986e+01	9.3546e-19	1.3712e-04	9.9986e-01	1.3765e-04	8.7062e-01	1.2924e-01	1.1270e-27	2.8040e-08	6.2303e-04	2.0705e-01	7.3855e-01	4.9410e-08	9.5537e-04	8.8444e-01	1.0891e-01	5.0423e-03	6.2364e-04	6.9494e-35	0.00e+00	0.00e+00	9.7616e-01
1.29369e+20	1.0380e+04	6.130e-22	1.0000e+01	1.0964e+01	1.0798e-18	1.4100e-04	9.9986e-01	1.4438e-04	8.9640e-01	1.0345e-01	1.2751e-27	3.0239e-08	6.4755e-04	2.1208e-01	7.3914e-01	5.2583e-08	9.9474e-04	9.0271e-01	9.1670e-02	4.1070e-03	4.9850e-04	7.6747e-35	0.00e+00	0.00e+00	9.9666e-01
1.31882e+20	1.0113e+04	5.859e-22	1.0000e+01	1.0944e+01	1.2566e-18	1.4524e-04	9.9985e-01	1.5096e-04	9.1927e-01	8.0583e-02	1.4446e-27	3.2609e-08	6.7438e-04	2.1748e-01	7.3886e-01	5.5933e-08	1.0338e-03	9.1926e-01	7.5896e-02	3.4003e-03	3.9483e-04	8.4741e-35	0.00e+00	0.00e+00	1.0216e+00
1.34797e+20	9.8613e+03	5.618e-22	1.0000e+01	1.0928e+01	1.4583e-18	1.4965e-04	9.9985e-01	1.5697e-04	9.3764e-01	6.2200e-02	1.6271e-27	3.5020e-08	7.0215e-04	2.2294e-01	7.3772e-01	5.9300e-08	1.0704e-03	9.3300e-01	6.2691e-02	2.9123e-03	3.1484e-04	9.2952e-35	0.00e+00	0.00e+00	1.0510e+00
1.38172e+20	9.6403e+03	5.407e-22	1.0000e+01	1.0916e+01	1.6586e-18	1.5414e-04	9.9985e-01	1.6232e-04	9.5210e-01	4.7742e-02	1.8002e-27	3.7397e-08	7.2970e-04	2.2825e-01	7.3604e-01	6.2599e-08	1.1034e-03	9.4429e-01	5.1768e-02	2.5767e-03	2.5266e-04	9.9095e-35	0.00e+00	0.00e+00	1.0864e+00
1.42366e+20	9.4332e+03	5.216e-22	1.0000e+01	1.0905e+01	1.8968e-18	1.5917e-04	9.9984e-01	1.6748e-04	9.6402e-01	3.5810e-02	2.0034e-27	3.9953e-08	7.5951e-04	2.3384e-01	7.3373e-01	6.6157e-08	1.1359e-03	9.5412e-01	4.2206e-02	2.3290e-03	2.0078e-04	1.0674e-34	0.00e+00	0.00e+00	1.1341e+00
1.47818e+20	9.2449e+03	5.047e-22	1.0000e+01	1.0897e+01	2.1851e-18	1.6497e-04	9.9984e-01	1.7250e-04	9.7378e-01	2.6052e-02	2.2482e-27	4.2783e-08	7.9203e-04	2.3980e-01	7.3080e-01	7.0109e-08	1.1681e-03	9.6264e-01	3.3883e-02	2.1433e-03	1.5729e-04	1.1681e-34	0.00e+00	0.00e+00	1.1983e+00
1.54906e+20	9.0869e+03	4.907e-22	1.0000e+01	1.0890e+01	2.5177e-18	1.7177e-04	9.9983e-01	1.7729e-04	9.8134e-01	1.8481e-02	2.5355e-27	4.5905e-08	8.2715e-04	2.4608e-01	7.2728e-01	7.4512e-08	1.1989e-03	9.6969e-01	2.6977e-02	2.0035e-03	1.2213e-04	1.2919e-34	0.00e+00	0.00e+00	1.2851e+00
1.64120e+20	8.9696e+03	4.803e-22	1.0000e+01	1.0885e+01	2.8724e-18	1.8003e-04	9.9982e-01	1.8187e-04	9.8695e-01	1.2865e-02	2.8622e-27	4.9443e-08	8.6537e-04	2.5273e-01	7.2316e-01	7.9599e-08	1.2284e-03	9.7532e-01	2.1456e-02	1.8930e-03	9.4468e-05	1.4272e-34	0.00e+00	0.00e+00	1.4035e+00
1.76098e+20	8.8993e+03	4.739e-22	1.0000e+01	1.0881e+01	3.2815e-18	1.9062e-04	9.9981e-01	1.8649e-04	9.9096e-01	8.8509e-03	3.2769e-27	5.3597e-08	9.0808e-04	2.5990e-01	7.1836e-01	8.5785e-08	1.2567e-03	9.7972e-01	1.7149e-02	1.7977e-03	7.3063e-05	1.6148e-34	0.00e+00	0.00e+00	1.5664e+00
1.91670e+20	8.8882e+03	4.720e-22	1.0000e+01	1.0879e+01	3.7856e-18	2.0496e-04	9.9980e-01	1.9145e-04	9.9374e-01	6.0672e-03	3.8687e-27	5.8801e-08	9.5824e-04	2.6790e-01	7.1263e-01	9.3917e-08	1.2854e-03	9.8311e-01	1.3835e-02	1.7072e-03	5.6588e-05	1.9190e-34	0.00e+00	0.00e+00	1.7942e+00
2.10495e+20	8.9613e+03	4.747e-22	1.0000e+01	1.0877e+01	4.3557e-18	2.2373e-04	9.9978e-01	1.9649e-04	9.9551e-01	4.2932e-03	4.6700e-27	6.4943e-08	1.0127e-03	2.7610e-01	7.0647e-01	1.0432e-07	1.3124e-03	9.8552e-01	1.1490e-02	1.6233e-03	4.4781e-05	2.3857e-34	0.00e+00	0.00e+00	2.0773e+00
2.31544e+20	9.0702e+03	4.834e-22	1.0000e+01	1.0876e+01	5.1037e-18	2.4889e-04	9.9975e-01	2.0234e-04	9.9662e-01	3.1823e-03	5.8641e-27	7.2722e-08	1.0788e-03	2.8524e-01	6.9913e-01	1.1861e-07	1.3437e-03	9.8726e-01	9.8176e-03	1.5423e-03	3.6233e-05	3.1057e-34	0.00e+00	0.00e+00	2.4238e+00
2.54699e+20	9.2525e+03	4.966e-22	1.0000e+01	1.0875e+01	6.0862e-18	2.8213e-04	9.9972e-01	2.0971e-04	9.9733e-01	2.4592e-03	7.7655e-27	8.2363e-08	1.1565e-03	2.9491e-01	6.9104e-01	1.3841e-07	1.3789e-03	9.8857e-01	8.5511e-03	1.4655e-03	2.9702e-05	4.3755e-34	0.00e+00	0.00e+00	2.8558e+00
2.80168e+20	9.4930e+03	5.150e-22	1.0000e+01	1.0874e+01	7.5894e-18	3.2785e-04	9.9967e-01	2.1905e-04	9.9782e-01	1.9605e-03	1.1187e-26	9.5078e-08	1.2564e-03	3.0602e-01	6.8136e-01	1.6802e-07	1.4250e-03	9.8963e-01	7.5247e-03	1.3900e-03	2.4407e-05	6.9141e-34	0.00e+00	0.00e+00	3.4080e+00
3.05857e+20	9.7798e+03	5.384e-22	1.0000e+01	1.0873e+01	9.6285e-18	3.8772e-04	9.9961e-01	2.3043e-04	9.9814e-01	1.6332e-03	1.6964e-26	1.1069e-07	1.3763e-03	3.1783e-01	6.7071e-01	2.1101e-07	1.4830e-03	9.9042e-01	6.7493e-03	1.3242e-03	2.0388e-05	1.1554e-33	0.00e+00	0.00e+00	4.0124e+00
3.29801e+20	1.0070e+04	5.635e-22	1.0000e+01	1.0872e+01	1.2461e-17	4.6026e-04	9.9954e-01	2.4415e-04	9.9834e-01	1.4140e-03	2.6970e-26	1.2933e-07	1.5198e-03	3.3043e-01	6.5901e-01	2.7086e-07	1.5553e-03	9.9102e-01	6.1371e-03	1.2676e-03	1.7289e-05	2.0321e-33	0.00e+00	0.00e+00	4.6862e+00
3.51531e+20	1.0350e+04	5.889e-22	1.0000e+01	1.0871e+01	1.6169e-17	5.4537e-04	9.9945e-01	2.6004e-04	9.9848e-01	1.2622e-03	4.3868e-26	1.5095e-07	1.6870e-03	3.4361e-01	6.4651e-01	3.5259e-07	1.6430e-03	9.9147e-01	5.6498e-03	1.2205e-03	1.4884e-05	3.6236e-33	0.00e+00	0.00e+00	5.3839e+00
3.70190e+20	1.0611e+04	6.118e-22	1.0000e+01	1.0870e+01	2.0610e-17	6.3774e-04	9.9936e-01	2.7713e-04	9.9857e-01	1.1573e-03	7.0501e-26	1.7452e-07	1.8699e-03	3.5662e-01	6.3399e-01	4.5669e-07	1.7418e-03	9.9179e-01	5.2652e-03	1.1831e-03	1.3047e-05	6.2867e-33	0.00e+00	0.00e+00	6.0703e+00
3.86157e+20	1.0805e+04	6.334e-22	1.0000e+01	1.0868e+01	2.6300e-17	7.3702e-04	9.9926e-01	2.9555e-04	9.9863e-01	1.0779e-03	1.1240e-25	2.0075e-07	2.0747e-03	3.7015e-01	6.2083e-01	5.8730e-07	1.8539e-03	9.9204e-01	4.9368e-03	1.1504e-03	1.1563e-05	1.0659e-32	0.00e+00	0.00e+00	6.7627e+00
4.00331e+20	1.0990e+04	6.528e-22	1.0000e+01	1.0867e+01	3.3023e-17	8.4369e-04	9.9916e-01	3.1565e-04	9.9867e-01	1.0158e-03	1.7717e-25	2.2959e-07	2.2997e-03	3.8379e-01	6.0745e-01	7.5107e-07	1.9784e-03	9.9224e-01	4.6470e-03	1.1226e-03	1.0320e-05	1.7671e-32	0.00e+00	0.00e+00	7.4799e+00
4.13378e+20	1.1159e+04	6.712e-22	1.0000e+01	1.0866e+01	4.1434e-17	9.6239e-04	9.9904e-01	3.3811e-04	9.9870e-01	9.6349e-04	2.8115e-25	2.6264e-07	2.5570e-03	3.9819e-01	5.9323e-01	9.6326e-07	2.1219e-03	9.9239e-01	4.3763e-03	1.0974e-03	9.2216e-06	2.9288e-32	0.00e+00	0.00e+00	8.2471e+00
4.25597e+20	1.1314e+04	6.894e-22	1.0000e+01	1.0865e+01	5.2152e-17	1.0974e-03	9.9890e-01	3.6333e-04	9.9872e-01	9.1767e-04	4.5208e-25	3.0130e-07	2.8564e-03	4.1364e-01	5.7789e-01	1.2445e-06	2.2904e-03	9.9251e-01	4.1190e-03	1.0741e-03	8.2314e-06	4.8838e-32	0.00e+00	0.00e+00	9.0652e+00
4.36918e+20	1.1463e+04	7.070e-22	1.0000e+01	1.0863e+01	6.5491e-17	1.2496e-03	9.9875e-01	3.9172e-04	9.9873e-01	8.7848e-04	7.3306e-25	3.4591e-07	3.2012e-03	4.2987e-01	5.6169e-01	1.6171e-06	2.4880e-03	9.9257e-01	3.8771e-03	1.0533e-03	7.3473e-06	8.1552e-32	0.00e+00	0.00e+00	9.9195e+00
4.47253e+20	1.1604e+04	7.237e-22	1.0000e+01	1.0861e+01	8.1882e-17	1.4182e-03	9.9858e-01	4.2303e-04	9.9873e-01	8.4552e-04	1.1897e-24	3.9667e-07	3.5920e-03	4.4668e-01	5.4484e-01	2.1027e-06	2.7157e-03	9.9259e-01	3.6509e-03	1.0348e-03	6.5640e-06	1.3555e-31	0.00e+00	0.00e+00	1.0801e+01
4.56704e+20	1.1716e+04	7.406e-22	1.0000e+01	1.0860e+01	1.0270e-16	1.6051e-03	9.9839e-01	4.5752e-04	9.9873e-01	8.1693e-04	1.9352e-24	4.5517e-07	4.0373e-03	4.6428e-01	5.2712e-01	2.7352e-06	2.9787e-03	9.9256e-01	3.4349e-03	1.0172e-03	5.8598e-06	2.2466e-31	0.00e+00	0.00e+00	1.1718e+01
4.65447e+20	1.1857e+04	7.555e-22	1.0000e+01	1.0857e+01	1.2681e-16	1.8119e-03	9.9819e-01	4.9632e-04	9.9871e-01	7.9222e-04	3.1474e-24	5.2069e-07	4.5420e-03	4.8228e-01	5.0891e-01	3.5666e-06	3.2835e-03	9.9247e-01	3.2308e-03	1.0026e-03	5.2310e-06	3.7010e-31	0.00e+00	0.00e+00	1.2682e+01
4.73639e+20	1.1956e+04	7.716e-22	1.0000e+01	1.0855e+01	1.5900e-16	2.0479e-03	9.9795e-01	5.3932e-04	9.9869e-01	7.6865e-04	5.2024e-24	5.9889e-07	5.1337e-03	5.0166e-01	4.8923e-01	4.6824e-06	3.6458e-03	9.9233e-01	3.0280e-03	9.8750e-04	4.6453e-06	6.1776e-31	0.00e+00	0.00e+00	1.3711e+01
4.81310e+20	1.2063e+04	7.869e-22	1.0000e+01	1.0852e+01	1.9881e-16	2.3139e-03	9.9769e-01	5.8774e-04	9.9866e-01	7.4741e-04	8.6778e-24	6.8947e-07	5.8180e-03	5.2185e-01	4.6863e-01	6.1853e-06	4.0766e-03	9.9211e-01	2.8326e-03	9.7385e-04	4.1139e-06	1.0371e-30	0.00e+00	0.00e+00	1.4789e+01
4.88419e+20	1.2163e+04	8.017e-22	1.0000e+01	1.0849e+01	2.4823e-16	2.6114e-03	9.9739e-01	6.4193e-04	9.9863e-01	7.2897e-04	1.4544e-23	7.9417e-07	6.6055e-03	5.4277e-01	4.4719e-01	8.1985e-06	4.5860e-03	9.9180e-01	2.6448e-03	9.6114e-04	3.6346e-06	1.7418e-30	0.00e+00	0.00e+00	1.5916e+01
4.95021e+20	1.2245e+04	8.162e-22	1.0000e+01	1.0846e+01	3.1084e-16	2.9438e-03	9.9706e-01	7.0268e-04	9.9858e-01	7.1265e-04	2.4511e-23	9.1721e-07	7.5130e-03	5.6442e-01	4.2488e-01	1.0898e-05	5.1895e-03	9.9138e-01	2.4640e-03	9.4865e-04	3.2020e-06	2.9335e-30	0.00e+00	0.00e+00	1.7100e+01
5.01135e+20	1.2325e+04	8.302e-22	1.0000e+01	1.0843e+01	3.8878e-16	3.3176e-03	9.9668e-01	7.7091e-04	9.9853e-01	6.9729e-04	4.1562e-23	1.0583e-06	8.5606e-03	5.8661e-01	4.0187e-01	1.4556e-05	5.9107e-03	9.9084e-01	2.2902e-03	9.3698e-04	2.8125e-06	4.9514e-30	0.00e+00	0.00e+00	1.8327e+01
5.06681e+20	1.2396e+04	8.432e-22	1.0000e+01	1.0839e+01	4.8411e-16	3.7276e-03	9.9627e-01	8.4611e-04	9.9847e-01	6.8438e-04	7.0097e-23	1.2179e-06	9.7411e-03	6.0873e-01	3.7880e-01	1.9405e-05	6.7555e-03	9.9017e-01	2.1277e-03	9.2607e-04	2.4709e-06	8.2927e-30	0.00e+00	0.00e+00	1.9558e+01
5.11629e+20	1.2457e+04	8.551e-22	1.0000e+01	1.0834e+01	5.9797e-16	4.1662e-03	9.9583e-01	9.2720e-04	9.9840e-01	6.7490e-04	1.1631e-22	1.3940e-06	1.1040e-02	6.3021e-01	3.5622e-01	2.5656e-05	7.7217e-03	9.8936e-01	1.9787e-03	9.1583e-04	2.1771e-06	1.3636e-29	0.00e+00	0.00e+00	2.0784e+01
5.16087e+20	1.2509e+04	8.659e-22	1.0000e+01	1.0828e+01	7.3321e-16	4.6382e-03	9.9536e-01	1.0150e-03	9.9832e-01	6.6690e-04	1.9048e-22	1.5855e-06	1.2472e-02	6.5110e-01	3.3408e-01	3.3719e-05	8.8307e-03	9.8839e-01	1.8405e-03	9.0615e-04	1.9215e-06	2.2074e-29	0.00e+00	0.00e+00	2.2029e+01
5.20188e+20	1.2554e+04	8.757e-22	1.0000e+01	1.0822e+01	8.9623e-16	5.1491e-03	9.9485e-01	1.1113e-03	9.9823e-01	6.5932e-04	3.1006e-22	1.8016e-06	1.4063e-02	6.7156e-01	3.1221e-01	4.4184e-05	1.0118e-02	9.8723e-01	1.7111e-03	8.9661e-04	1.6966e-06	3.5499e-29	0.00e+00	0.00e+00	2.3313e+01
5.23209e+20	1.2583e+04	8.844e-22	1.0000e+01	1.0817e+01	1.0624e-15	5.6230e-03	9.9438e-01	1.1996e-03	9.9815e-01	6.5409e-04	4.6689e-22	2.0010e-06	1.5526e-02	6.8755e-01	2.9488e-01	5.5623e-05	1.1391e-02	9.8605e-01	1.6113e-03	8.8930e-04	1.5295e-06	5.2951e-29	0.00e+00	0.00e+00	2.4056e+01
5.24925e+20	1.2590e+04	8.880e-22	1.0000e+01	1.0814e+01	1.1719e-15	5.9081e-03	9.9409e-01	1.2562e-03	9.9806e-01	6.8257e-04	5.9147e-22	2.1289e-06	1.6464e-02	6.9684e-01	2.8473e-01	6.3487e-05	1.2210e-02	9.8528e-01	1.5608e-03	8.8464e-04	1.4436e-06	6.6515e-29	0.00e+00	0.00e+00	2.4555e+01
5.26465e+20	1.2604e+04	8.900e-22	1.0000e+01	1.0811e+01	1.2695e-15	6.1564e-03	9.9384e-01	1.3069e-03	9.9799e-01	7.0248e-04	7.2344e-22	2.2469e-06	1.7327e-02	7.0526e-01	2.7552e-01	7.0969e-05	1.2952e-02	9.8458e-01	1.5157e-03	8.8041e-04	1.3721e-06	8.0667e-29	0.00e+00	0.00e+00	2.5232e+01
5.28467e+20	1.2609e+04	8.940e-22	1.0000e+01	1.0808e+01	1.4236e-15	6.5180e-03	9.9348e-01	1.3790e-03	9.9793e-01	6.9410e-04	9.5307e-22	2.4159e-06	1.8558e-02	7.1652e-01	2.6310e-01	8.2667e-05	1.4044e-02	9.8355e-01	1.4502e-03	8.7421e-04	1.2757e-06	1.0521e-28	0.00e+00	0.00e+00	2.6163e+01
5.31070e+20	1.2599e+04	9.013e-22	1.0000e+01	1.0803e+01	1.6789e-15	7.0631e-03	9.9294e-01	1.4850e-03	9.9785e-01	6.6939e-04	1.3989e-21	2.6675e-06	2.0384e-02	7.3175e-01	2.4617e-01	1.0227e-04	1.5731e-02	9.8194e-01	1.3601e-03	8.6512e-04	1.1498e-06	1.5259e-28	0.00e+00	0.00e+00	2.7475e+01
5.33572e+20	1.2623e+04	9.089e-22	1.0000e+01	1.0796e+01	1.9967e-15	7.7195e-03	9.9228e-01	1.6078e-03	9.9775e-01	6.4064e-04	2.1306e-21	2.9583e-06	2.2504e-02	7.4677e-01	2.2914e-01	1.2980e-04	1.7898e-02	9.7984e-01	1.2686e-03	8.5707e-04	1.0273e-06	2.3048e-28	0.00e+00	0.00e+00	2.8479e+01
5.35142e+20	1.2606e+04	9.145e-22	1.0000e+01	1.0792e+01	2.2661e-15	8.2045e-03	9.9180e-01	1.7021e-03	9.9765e-01	6.4982e-04	2.8479e-21	3.1820e-06	2.4104e-02	7.5649e-01	2.1790e-01	1.5294e-04	1.9584e-02	9.7820e-01	1.2129e-03	8.5056e-04	9.5185e-07	3.0570e-28	0.00e+00	0.00e+00	2.9039e+01
5.36124e+20	1.2616e+04	9.155e-22	1.0000e+01	1.0787e+01	2.4256e-15	8.4967e-03	9.9150e-01	1.7621e-03	9.9757e-01	6.6991e-04	3.3840e-21	3.3208e-06	2.5140e-02	7.6235e-01	2.1104e-01	1.6863e-04	2.0682e-02	9.7712e-01	1.1824e-03	8.4713e-04	9.1109e-07	3.6081e-28	0.00e+00	0.00e+00	2.9512e+01
5.37139e+20	1.2597e+04	9.179e-22	1.0000e+01	1.0784e+01	2.6221e-15	8.8119e-03	9.9119e-01	1.8276e-03	9.9749e-01	6.7883e-04	4.0445e-21	3.4777e-06	2.6263e-02	7.6857e-01	2.0374e-01	1.8626e-04	2.1856e-02	9.7596e-01	1.1490e-03	8.4242e-04	8.6870e-07	4.2807e-28	0.00e+00	0.00e+00	3.0151e+01
5.38459e+20	1.2594e+04	9.205e-22	1.0000e+01	1.0781e+01	2.8954e-15	9.2509e-03	9.9075e-01	1.9171e-03	9.9741e-01	6.7398e-04	5.1331e-21	3.6938e-06	2.7817e-02	7.7662e-01	1.9420e-01	2.1290e-04	2.3553e-02	9.7429e-01	1.1039e-03	8.3664e-04	8.1446e-07	5.3907e-28	0.00e+00	0.00e+00	3.1022e+01
5.39939e+20	1.2591e+04	9.245e-22	1.0000e+01	1.0776e+01	3.2717e-15	9.8246e-03	9.9018e-01	2.0304e-03	9.9731e-01	6.5817e-04	6.8657e-21	3.9663e-06	2.9784e-02	7.8573e-01	1.8319e-01	2.5100e-04	2.5832e-02	9.7204e-01	1.0499e-03	8.2970e-04	7.5202e-07	7.1578e-28	0.00e+00	0.00e+00	3.1932e+01
5.41254e+20	1.2582e+04	9.288e-22	1.0000e+01	1.0770e+01	3.6866e-15	1.0414e-02	9.8959e-01	2.1461e-03	9.9720e-01	6.4943e-04	9.0839e-21	4.2416e-06	3.1780e-02	7.9388e-01	1.7311e-01	2.9434e-04	2.8259e-02	9.6962e-01	1.0007e-03	8.2289e-04	6.9642e-07	9.4100e-28	0.00e+00	0.00e+00	3.2696e+01
5.42316e+20	1.2577e+04	9.315e-22	1.0000e+01	1.0765e+01	4.0638e-15	1.0925e-02	9.8908e-01	2.2486e-03	9.9710e-01	6.5079e-04	1.1456e-20	4.4840e-06	3.3546e-02	8.0034e-01	1.6493e-01	3.3595e-04	3.0468e-02	9.6742e-01	9.6240e-04	8.1720e-04	6.5387e-07	1.1793e-27	0.00e+00	0.00e+00	3.3361e+01
5.43424e+20	1.2569e+04	9.337e-22	1.0000e+01	1.0757e+01	4.4903e-15	1.1470e-02	9.8853e-01	2.3601e-03	9.9699e-01	6.5182e-04	1.4532e-20	4.7449e-06	3.5478e-02	8.0699e-01	1.5640e-01	3.8453e-04	3.2914e-02	9.6497e-01	9.2375e-04	8.1100e-04	6.1248e-07	1.4844e-27	0.00e+00	0.00e+00	3.4267e+01
5.44662e+20	1.2544e+04	9.384e-22	1.0000e+01	1.0752e+01	5.1074e-15	1.2189e-02	9.8781e-01	2.5032e-03	9.9686e-01	6.4043e-04	1.9468e-20	5.0902e-06	3.7930e-02	8.1439e-01	1.4660e-01	4.5403e-04	3.6187e-02	9.6168e-01	8.7696e-04	8.0266e-04	5.6411e-07	1.9776e-27	0.00e+00	0.00e+00	3.5209e+01
5.45760e+20	1.2555e+04	9.409e-22	1.0000e+01	1.0742e+01	5.7065e-15	1.2899e-02	9.8710e-01	2.6433e-03	9.9672e-01	6.3370e-04	2.5587e-20	5.4160e-06	4.0352e-02	8.2072e-01	1.3791e-01	5.3152e-04	3.9638e-02	9.5820e-01	8.3559e-04	7.9580e-04	5.2293e-07	2.5855e-27	0.00e+00	0.00e+00	3.6000e+01
5.46650e+20	1.2543e+04	9.434e-22	1.0000e+01	1.0735e+01	6.2981e-15	1.3528e-02	9.8647e-01	2.7711e-03	9.9660e-01	6.3346e-04	3.2230e-20	5.7148e-06	4.2528e-02	8.2570e-01	1.3079e-01	6.0671e-04	4.2795e-02	9.5501e-01	8.0240e-04	7.8918e-04	4.9029e-07	3.2401e-27	0.00e+00	0.00e+00	3.6690e+01
5.47579e+20	1.2529e+04	9.453e-22	1.0000e+01	1.0728e+01	6.9690e-15	1.4201e-02	9.8580e-01	2.9106e-03	9.9646e-01	6.3322e-04	4.0838e-20	6.0423e-06	4.4907e-02	8.3073e-01	1.2343e-01	6.9440e-04	4.6291e-02	9.5146e-01	7.6924e-04	7.8186e-04	4.5868e-07	4.0804e-27	0.00e+00	0.00e+00	3.7632e+01
5.48624e+20	1.2495e+04	9.499e-22	1.0000e+01	1.0719e+01	7.9503e-15	1.5103e-02	9.8490e-01	3.0907e-03	9.9629e-01	6.2279e-04	5.4783e-20	6.4607e-06	4.7948e-02	8.3624e-01	1.1493e-01	8.2166e-04	5.1021e-02	9.4666e-01	7.2865e-04	7.7221e-04	4.2130e-07	5.4471e-27	0.00e+00	0.00e+00	3.8622e+01
5.49556e+20	1.2467e+04	9.543e-22	1.0000e+01	1.0713e+01	9.0216e-15	1.6026e-02	9.8397e-01	3.2753e-03	9.9611e-01	6.1487e-04	7.2714e-20	6.8954e-06	5.1039e-02	8.4086e-01	1.0726e-01	9.6661e-04	5.6071e-02	9.4151e-01	6.9162e-04	7.6249e-04	3.8810e-07	7.2073e-27	0.00e+00	0.00e+00	3.9457e+01
5.50312e+20	1.2458e+04	9.561e-22	1.0000e+01	1.0703e+01	9.9655e-15	1.6822e-02	9.8318e-01	3.4375e-03	9.9595e-01	6.1320e-04	9.1846e-20	7.2600e-06	5.3759e-02	8.4429e-01	1.0115e-01	1.1062e-03	6.0689e-02	9.3679e-01	6.6270e-04	7.5469e-04	3.6293e-07	9.0664e-27	0.00e+00	0.00e+00	4.0187e+01
5.51103e+20	1.2423e+04	9.587e-22	1.0000e+01	1.0696e+01	1.1121e-14	1.7689e-02	9.8231e-01	3.6198e-03	9.9577e-01	6.1112e-04	1.1707e-19	7.6817e-06	5.6773e-02	8.4764e-01	9.4815e-02	1.2705e-03	6.5816e-02	9.3153e-01	6.3354e-04	7.4535e-04	3.3803e-07	1.1498e-26	0.00e+00	0.00e+00	4.1185e+01
5.51993e+20	1.2413e+04	9.611e-22	1.0000e+01	1.0681e+01	1.2609e-14	1.8807e-02	9.8119e-01	3.8455e-03	9.9555e-01	6.0205e-04	1.5691e-19	8.1848e-06	6.0524e-02	8.5104e-01	8.7713e-02	1.5052e-03	7.2711e-02	9.2445e-01	5.9920e-04	7.3463e-04	3.1006e-07	1.5357e-26	0.00e+00	0.00e+00	4.2238e+01
5.52789e+20	1.2380e+04	9.653e-22	1.0000e+01	1.0671e+01	1.4383e-14	1.9999e-02	9.8000e-01	4.0847e-03	9.9532e-01	5.9350e-04	2.0963e-19	8.7214e-06	6.4427e-02	8.5368e-01	8.1212e-02	1.7789e-03	8.0163e-02	9.1677e-01	5.6670e-04	7.2269e-04	2.8408e-07	2.0473e-26	0.00e+00	0.00e+00	4.3129e+01
5.53436e+20	1.2352e+04	9.676e-22	1.0000e+01	1.0662e+01	1.6032e-14	2.1035e-02	9.7897e-01	4.3003e-03	9.9511e-01	5.9014e-04	2.6671e-19	9.2057e-06	6.7903e-02	8.5540e-01	7.6042e-02	2.0434e-03	8.6972e-02	9.0973e-01	5.4128e-04	7.1228e-04	2.6420e-07	2.5977e-26	0.00e+00	0.00e+00	4.3909e+01
5.54112e+20	1.2326e+04	9.689e-22	1.0000e+01	1.0651e+01	1.7883e-14	2.2139e-02	9.7786e-01	4.5354e-03	9.9488e-01	5.8693e-04	3.4099e-19	9.7238e-06	7.1687e-02	8.5689e-01	7.0804e-02	2.3530e-03	9.4524e-02	9.0191e-01	5.1625e-04	7.0116e-04	2.4520e-07	3.3082e-26	0.00e+00	0.00e+00	4.4977e+01
5.54991e+20	1.2283e+04	9.725e-22	1.0000e+01	1.0634e+01	2.0902e-14	2.3802e-02	9.7620e-01	4.8770e-03	9.9455e-01	5.7622e-04	4.7926e-19	1.0460e-05	7.7140e-02	8.5827e-01	6.4010e-02	2.8625e-03	1.0601e-01	8.8996e-01	4.8234e-04	6.8478e-04	2.2037e-07	4.6358e-26	0.00e+00	0.00e+00	4.6470e+01
5.55843e+20	1.2241e+04	9.790e-22	1.0000e+01	1.0618e+01	2.5023e-14	2.5890e-02	9.7411e-01	5.2878e-03	9.9415e-01	5.5989e-04	7.0552e-19	1.1355e-05	8.3577e-02	8.5863e-01	5.7261e-02	3.5791e-03	1.2069e-01	8.7462e-01	4.4565e-04	6.6481e-04	1.9448e-07	6.8453e-26	0.00e+00	0.00e+00	4.7630e+01
5.56425e+20	1.2233e+04	9.794e-22	1.0000e+01	1.0594e+01	2.8143e-14	2.7427e-02	9.7257e-01	5.6057e-03	9.9384e-01	5.5521e-04	9.2433e-19	1.1998e-05	8.8525e-02	8.5812e-01	5.2850e-02	4.1888e-03	1.3241e-01	8.6233e-01	4.2203e-04	6.5078e-04	1.7840e-07	8.9493e-26	0.00e+00	0.00e+00	4.8419e+01
5.56870e+20	1.2187e+04	9.808e-22	1.0000e+01	1.0581e+01	3.1117e-14	2.8674e-02	9.7133e-01	5.8768e-03	9.9357e-01	5.5258e-04	1.1376e-18	1.2557e-05	9.2633e-02	8.5733e-01	4.9549e-02	4.7170e-03	1.4190e-01	8.5234e-01	4.0470e-04	6.3851e-04	1.6662e-07	1.0977e-25	0.00e+00	0.00e+00	4.9204e+01
5.57369e+20	1.2146e+04	9.817e-22	1.0000e+01	1.0569e+01	3.4723e-14	3.0123e-02	9.6988e-01	6.1953e-03	9.9326e-01	5.4845e-04	1.4336e-18	1.3221e-05	9.7430e-02	8.5614e-01	4.5968e-02	5.3814e-03	1.5323e-01	8.4037e-01	3.8600e-04	6.2426e-04	1.5424e-07	1.3796e-25	0.00e+00	0.00e+00	5.0276e+01
5.58017e+20	1.2099e+04	9.840e-22	1.0000e+01	1.0552e+01	4.0377e-14	3.2280e-02	9.6772e-01	6.6530e-03	9.9281e-01	5.3921e-04	1.9706e-18	1.4156e-05	1.0427e-01	8.5393e-01	4.1373e-02	6.4540e-03	1.7019e-01	8.2239e-01	3.6087e-04	6.0368e-04	1.3821e-07	1.8955e-25	0.00e+00	0.00e+00	5.1770e+01
5.58706e+20	1.2047e+04	9.889e-22	1.0000e+01	1.0528e+01	4.8631e-14	3.5178e-02	9.6482e-01	7.2385e-03	9.9224e-01	5.2463e-04	2.8938e-18	1.5323e-05	1.1286e-01	8.5027e-01	3.6469e-02	8.0430e-03	1.9287e-01	7.9818e-01	3.3172e-04	5.7726e-04	1.2032e-07	2.7954e-25	0.00e+00	0.00e+00	5.3200e+01
5.59269e+20	1.2012e+04	9.899e-22	1.0000e+01	1.0485e+01	5.6955e-14	3.7888e-02	9.6211e-01	7.7950e-03	9.9169e-01	5.1390e-04	4.0262e-18	1.6352e-05	1.2089e-01	8.4612e-01	3.2615e-02	9.7280e-03	2.1488e-01	7.7453e-01	3.0824e-04	5.5369e-04	1.0653e-07	3.8909e-25	0.00e+00	0.00e+00	5.4356e+01
5.59734e+20	1.1954e+04	9.917e-22	1.0000e+01	1.0466e+01	6.5704e-14	4.0382e-02	9.5962e-01	8.3331e-03	9.9116e-01	5.0605e-04	5.3479e-18	1.7387e-05	1.2843e-01	8.4169e-01	2.9529e-02	1.1417e-02	2.3504e-01	7.5272e-01	2.8930e-04	5.3132e-04	9.5556e-08	5.1720e-25	0.00e+00	0.00e+00	5.5495e+01
5.60248e+20	1.1903e+04	9.920e-22	1.0000e+01	1.0440e+01	7.6682e-14	4.3319e-02	9.5668e-01	8.9717e-03	9.9053e-01	4.9719e-04	7.2971e-18	1.8571e-05	1.3726e-01	8.3610e-01	2.6311e-02	1.3599e-02	2.5904e-01	7.2658e-01	2.6947e-04	5.0575e-04	1.1755e-36	7.0614e-25	0.00e+00	0.00e+00	5.7082e+01
5.60915e+20	1.1827e+04	9.943e-22	1.0000e+01	1.0393e+01	9.5893e-14	4.7947e-02	9.5205e-01	9.9326e-03	9.8959e-01	4.8201e-04	1.1257e-17	2.0271e-05	1.5025e-01	8.2717e-01	2.2281e-02	1.7349e-02	2.9547e-01	6.8647e-01	2.4287e-04	4.6806e-04	1.1755e-36	1.0947e-24	0.00e+00	0.00e+00	5.9366e+01
5.61566e+20	1.1776e+04	9.976e-22	1.0000e+01	1.0325e+01	1.2373e-13	5.4055e-02	9.4595e-01	1.1137e-02	9.8840e-01	4.6290e-04	1.8445e-17	2.2298e-05	1.6602e-01	8.1529e-01	1.8433e-02	2.2885e-02	3.4146e-01	6.3501e-01	2.1438e-04	4.2252e-04	1.1755e-36	1.8189e-24	0.00e+00	0.00e+00	6.1233e+01
5.62011e+20	1.1703e+04	9.986e-22	1.0000e+01	1.0276e+01	1.5115e-13	5.9150e-02	9.4085e-01	1.2200e-02	9.8735e-01	4.5040e-04	2.6619e-17	2.4027e-05	1.7933e-01	8.0450e-01	1.5922e-02	2.7993e-02	3.7806e-01	5.9336e-01	1.9500e-04	3.8668e-04	1.1755e-36	2.6431e-24	0.00e+00	0.00e+00	6.2514e+01
5.62336e+20	1.1670e+04	9.940e-22	1.0000e+01	1.0232e+01	1.7262e-13	6.2901e-02	9.3710e-01	1.3045e-02	9.8651e-01	4.4343e-04	3.4296e-17	2.5337e-05	1.8967e-01	7.9582e-01	1.4278e-02	3.2124e-02	4.0516e-01	5.6217e-01	1.8254e-04	3.6119e-04	1.1755e-36	3.4085e-24	0.00e+00	0.00e+00	6.3734e+01
5.62690e+20	1.1597e+04	9.910e-22	1.0000e+01	1.0182e+01	2.0278e-13	6.7495e-02	9.3251e-01	1.4062e-02	9.8550e-01	4.3447e-04	4.5399e-17	2.6872e-05	2.0174e-01	7.8548e-01	1.2573e-02	3.7335e-02	4.3538e-01	5.2678e-01	1.6918e-04	3.3252e-04	1.1755e-36	4.5199e-24	0.00e+00	0.00e+00	6.5437e+01
5.63149e+20	1.1520e+04	9.891e-22	1.0000e+01	1.0119e+01	2.5444e-13	7.4777e-02	9.2522e-01	1.5597e-02	9.8398e-01	4.2211e-04	6.7195e-17	2.9109e-05	2.1937e-01	7.6998e-01	1.0462e-02	4.5957e-02	4.7810e-01	4.7550e-01	1.5123e-04	2.9198e-04	1.1755e-36	6.7664e-24	0.00e+00	0.00e+00	6.7889e+01
5.63624e+20	1.1440e+04	9.884e-22	1.0000e+01	1.0022e+01	3.3610e-13	8.4943e-02	9.1506e-01	1.7615e-02	9.8198e-01	4.0760e-04	1.0669e-16	3.1812e-05	2.4145e-01	7.5000e-01	8.3847e-03	5.8559e-02	5.2816e-01	4.1290e-01	1.3123e-04	2.4469e-04	1.1755e-36	1.0976e-23	0.00e+00	0.00e+00	7.0197e+01
5.63982e+20	1.1374e+04	9.829e-22	1.0000e+01	9.9224e+00	4.2259e-13	9.4307e-02	9.0569e-01	1.9540e-02	9.8006e-01	3.9752e-04	1.5441e-16	3.4171e-05	2.6138e-01	7.3151e-01	6.9537e-03	7.0775e-02	5.6722e-01	3.6168e-01	1.1654e-04	2.0788e-04	1.1755e-36	1.6119e-23	0.00e+00	0.00e+00	7.1891e+01
5.64241e+20	1.1316e+04	9.754e-22	1.0000e+01	9.8498e+00	5.0051e-13	1.0175e-01	8.9825e-01	2.1181e-02	9.7843e-01	3.9091e-04	2.0146e-16	3.6087e-05	2.7758e-01	7.1625e-01	6.0187e-03	8.0802e-02	5.9391e-01	3.2500e-01	1.0677e-04	1.8237e-04	1.1755e-36	2.1191e-23	0.00e+00	0.00e+00	7.3401e+01
5.64512e+20	1.1233e+04	9.672e-22	1.0000e+01	9.7692e+00	6.0231e-13	1.1027e-01	8.8973e-01	2.3077e-02	9.7654e-01	3.8476e-04	2.6489e-16	3.8190e-05	2.9546e-01	6.9927e-01	5.1314e-03	9.2355e-02	6.1904e-01	2.8835e-01	9.7231e-05	1.5751e-04	1.1755e-36	2.8085e-23	0.00e+00	0.00e+00	7.5528e+01
5.64863e+20	1.1151e+04	9.547e-22	1.0000e+01	9.6318e+00	7.7596e-13	1.2356e-01	8.7644e-01	2.5885e-02	9.7374e-01	3.7910e-04	3.8324e-16	4.0959e-05	3.2062e-01	6.7516e-01	4.0904e-03	1.1042e-01	6.4880e-01	2.4057e-01	8.4960e-05	1.2639e-04	1.1755e-36	4.1330e-23	0.00e+00	0.00e+00	7.8627e+01
5.65220e+20	1.1061e+04	9.402e-22	1.0000e+01	9.4359e+00	1.0521e-12	1.4179e-01	8.5821e-01	2.9542e-02	9.7008e-01	3.7518e-04	5.8439e-16	4.4095e-05	3.5101e-01	6.4574e-01	3.1323e-03	1.3497e-01	6.7464e-01	1.9022e-01	7.1935e-05	9.5092e-05	1.1755e-36	6.4706e-23	0.00e+00	0.00e+00	8.1465e+01
5.65481e+20	1.0982e+04	9.218e-22	1.0000e+01	9.2600e+00	1.3357e-12	1.5771e-01	8.4229e-01	3.2966e-02	9.6666e-01	3.7385e-04	8.0383e-16	4.6632e-05	3.7722e-01	6.2015e-01	2.5215e-03	1.5637e-01	6.8806e-01	1.5544e-01	6.3050e-05	7.4594e-05	1.1755e-36	9.0317e-23	0.00e+00	0.00e+00	8.3507e+01
5.65672e+20	1.0916e+04	9.043e-22	1.0000e+01	9.1397e+00	1.5884e-12	1.7016e-01	8.2984e-01	3.5919e-02	9.6371e-01	3.7377e-04	1.0088e-15	4.8701e-05	3.9830e-01	5.9947e-01	2.1330e-03	1.7299e-01	6.9398e-01	1.3291e-01	5.7277e-05	6.1800e-05	1.1755e-36	1.1423e-22	0.00e+00	0.00e+00	8.5402e+01
5.65875e+20	1.0823e+04	8.847e-22	1.0000e+01	8.9969e+00	1.9283e-12	1.8470e-01	8.1530e-01	3.9407e-02	9.6022e-01	3.7482e-04	1.2803e-15	5.0901e-05	4.2160e-01	5.7653e-01	1.7670e-03	1.9207e-01	6.9626e-01	1.1156e-01	5.1567e-05	5.0079e-05	1.1755e-36	1.4603e-22	0.00e+00	0.00e+00	8.8075e+01
5.66138e+20	1.0734e+04	8.545e-22	1.0000e+01	8.7571e+00	2.4929e-12	2.0682e-01	7.9318e-01	4.4502e-02	9.5512e-01	3.8050e-04	1.7522e-15	5.3425e-05	4.5310e-01	5.4545e-01	1.3581e-03	2.2046e-01	6.9296e-01	8.6493e-02	4.4441e-05	3.6944e-05	1.1755e-36	2.0240e-22	0.00e+00	0.00e+00	9.1968e+01
5.66404e+20	1.0614e+04	8.207e-22	1.0000e+01	8.4580e+00	3.3913e-12	2.3636e-01	7.6364e-01	5.1162e-02	9.4845e-01	3.8937e-04	2.4966e-15	5.6015e-05	4.8988e-01	5.0902e-01	1.0026e-03	2.5714e-01	6.7947e-01	6.3333e-02	3.7090e-05	2.5409e-05	1.1755e-36	2.9372e-22	0.00e+00	0.00e+00	9.5448e+01
5.66600e+20	1.0506e+04	7.881e-22	1.0000e+01	8.2253e+00	4.3044e-12	2.6146e-01	7.3854e-01	5.7546e-02	9.4206e-01	3.9778e-04	3.2576e-15	5.8123e-05	5.2117e-01	4.7796e-01	7.8323e-04	2.8761e-01	6.6339e-01	4.8951e-02	3.2187e-05	1.8667e-05	1.1755e-36	3.8648e-22	0.00e+00	0.00e+00	9.8060e+01
5.66744e+20	1.0431e+04	7.565e-22	1.0000e+01	8.0135e+00	5.0588e-12	2.7962e-01	7.2038e-01	6.2749e-02	9.3684e-01	4.0675e-04	3.8806e-15	5.9349e-05	5.4438e-01	4.5488e-01	6.5162e-04	3.0939e-01	6.5017e-01	4.0394e-02	2.9196e-05	1.4902e-05	1.1755e-36	4.5774e-22	0.00e+00	0.00e+00	1.0037e+02
5.66895e+20	1.0344e+04	7.238e-22	1.0000e+01	7.8067e+00	6.0088e-12	3.0007e-01	6.9993e-01	6.8883e-02	9.3070e-01	4.1661e-04	4.6562e-15	6.0648e-05	5.6934e-01	4.3005e-01	5.3197e-04	3.3344e-01	6.3369e-01	3.2825e-02	2.6281e-05	1.1668e-05	1.1755e-36	5.4706e-22	0.00e+00	0.00e+00	1.0359e+02
5.67090e+20	1.0222e+04	6.794e-22	1.0000e+01	7.4841e+00	7.6497e-12	3.3118e-01	6.6882e-01	7.7857e-02	9.2171e-01	4.3399e-04	5.9390e-15	6.1763e-05	6.0210e-01	3.9741e-01	4.0146e-04	3.6910e-01	6.0646e-01	2.4410e-02	2.2570e-05	8.2304e-06	1.1755e-36	6.9377e-22	0.00e+00	0.00e+00	1.0820e+02
5.67286e+20	1.0099e+04	6.293e-22	1.0000e+01	7.0979e+00	9.9432e-12	3.6903e-01	6.3097e-01	8.8937e-02	9.1060e-01	4.5808e-04	7.6865e-15	6.2273e-05	6.3723e-01	3.6239e-01	2.9515e-04	4.1129e-01	5.7136e-01	1.7328e-02	1.8930e-05	5.5000e-06	1.1755e-36	8.8942e-22	0.00e+00	0.00e+00	1.1221e+02
5.67434e+20	9.9839e+03	5.863e-22	1.0000e+01	6.7955e+00	1.2123e-11	3.9879e-01	6.0121e-01	9.9302e-02	9.0022e-01	4.7875e-04	9.2502e-15	6.2520e-05	6.6553e-01	3.3417e-01	2.3117e-04	4.4379e-01	5.4300e-01	1.3192e-02	1.6574e-05	4.0047e-06	1.1755e-36	1.0507e-21	0.00e+00	0.00e+00	1.1532e+02
5.67551e+20	9.8913e+03	5.500e-22	1.0000e+01	6.5513e+00	1.4053e-11	4.2197e-01	5.7803e-01	1.0860e-01	8.9091e-01	4.9652e-04	1.0584e-14	6.2516e-05	6.8793e-01	3.1181e-01	1.8988e-04	4.6873e-01	5.2065e-01	1.0605e-02	1.4978e-05	3.1152e-06	1.1755e-36	1.1758e-21	0.00e+00	0.00e+00	1.1825e+02
5.67665e+20	9.7830e+03	5.149e-22	1.0000e+01	6.3095e+00	1.6377e-11	4.4645e-01	5.5355e-01	1.1884e-01	8.8065e-01	5.1468e-04	1.2083e-14	6.2351e-05	7.0992e-01	2.8986e-01	1.5546e-04	4.9462e-01	4.9688e-01	8.4820e-03	1.3485e-05	2.4093e-06	1.1755e-36	1.3115e-21	0.00e+00	0.00e+00	1.2159e+02
5.67786e+20	9.6871e+03	4.760e-22	1.0000e+01	6.0138e+00	1.9141e-11	4.7360e-01	5.2640e-01	1.3031e-01	8.6915e-01	5.3990e-04	1.3818e-14	6.1532e-05	7.3204e-01	2.6777e-01	1.2557e-04	5.2288e-01	4.7049e-01	6.6172e-03	1.2016e-05	1.8148e-06	1.1755e-36	1.4507e-21	0.00e+00	0.00e+00	1.2528e+02
5.67898e+20	9.5824e+03	4.402e-22	1.0000e+01	5.7317e+00	2.2312e-11	5.0100e-01	4.9900e-01	1.4252e-01	8.5692e-01	5.6631e-04	1.5679e-14	6.0511e-05	7.5270e-01	2.4713e-01	1.0253e-04	5.5092e-01	4.4389e-01	5.1791e-03	1.0706e-05	1.3726e-06	1.1755e-36	1.5888e-21	0.00e+00	0.00e+00	1.2845e+02
5.67989e+20	9.4866e+03	4.107e-22	1.0000e+01	5.5101e+00	2.5239e-11	5.2286e-01	4.7714e-01	1.5393e-01	8.4548e-01	5.8765e-04	1.7280e-14	5.9710e-05	7.6970e-01	2.3015e-01	8.6871e-05	5.7302e-01	4.2273e-01	4.2321e-03	9.7654e-06	1.0925e-06	1.1755e-36	1.6935e-21	0.00e+00	0.00e+00	1.3115e+02
5.68070e+20	9.4058e+03	3.840e-22	1.0000e+01	5.3047e+00	2.7969e-11	5.4143e-01	4.5857e-01	1.6474e-01	8.3465e-01	6.0797e-04	1.8703e-14	5.8778e-05	7.8432e-01	2.1554e-01	7.5062e-05	5.9161e-01	4.0484e-01	3.5346e-03	9.0287e-06	8.9321e-07	1.1755e-36	1.7660e-21	0.00e+00	0.00e+00	1.3392e+02
5.68139e+20	9.3271e+03	3.624e-22	1.0000e+01	5.1291e+00	3.0724e-11	5.5853e-01	4.4147e-01	1.7472e-01	8.2465e-01	6.2753e-04	2.0052e-14	5.7858e-05	7.9646e-01	2.0341e-01	6.6392e-05	6.0854e-01	3.8843e-01	3.0138e-03	8.3977e-06	7.4707e-07	1.1755e-36	1.8329e-21	0.00e+00	0.00e+00	1.3591e+02
5.68188e+20	9.2643e+03	3.469e-22	1.0000e+01	5.0129e+00	3.2774e-11	5.6946e-01	4.3054e-01	1.8263e-01	8.1673e-01	6.3892e-04	2.0970e-14	5.7325e-05	8.0528e-01	1.9459e-01	6.0912e-05	6.1932e-01	3.7798e-01	2.6996e-03	8.0160e-06	6.6127e-07	1.1755e-36	1.8689e-21	0.00e+00	0.00e+00	1.3743e+02
5.68234e+20	9.2056e+03	3.326e-22	1.0000e+01	4.9066e+00	3.4732e-11	5.7915e-01	4.2085e-01	1.9026e-01	8.0909e-01	6.4883e-04	2.1808e-14	5.6799e-05	8.1331e-01	1.8657e-01	5.6246e-05	6.2882e-01	3.6874e-01	2.4396e-03	7.6905e-06	5.9147e-07	1.1755e-36	1.8949e-21	0.00e+00	0.00e+00	1.3921e+02
5.68289e+20	9.1245e+03	3.158e-22	1.0000e+01	4.7696e+00	3.7650e-11	5.9297e-01	4.0703e-01	2.0007e-01	7.9927e-01	6.6326e-04	2.3003e-14	5.6020e-05	8.2291e-01	1.7698e-01	5.0912e-05	6.4226e-01	3.5560e-01	2.1358e-03	7.2465e-06	5.1033e-07	1.1755e-36	1.9383e-21	0.00e+00	0.00e+00	1.4155e+02
5.68349e+20	9.0654e+03	2.976e-22	1.0000e+01	4.5962e+00	4.0672e-11	6.0844e-01	3.9156e-01	2.0985e-01	7.8946e-01	6.8675e-04	2.4335e-14	5.4719e-05	8.3203e-01	1.6787e-01	4.6013e-05	6.5716e-01	3.4099e-01	1.8422e-03	6.7731e-06	4.3320e-07	1.1755e-36	1.9693e-21	0.00e+00	0.00e+00	1.4372e+02
5.68400e+20	8.9946e+03	2.829e-22	1.0000e+01	4.4629e+00	4.3749e-11	6.2163e-01	3.7837e-01	2.1943e-01	7.7986e-01	7.0370e-04	2.5533e-14	5.3778e-05	8.4010e-01	1.5980e-01	4.2246e-05	6.6979e-01	3.2858e-01	1.6234e-03	6.3909e-06	3.7670e-07	1.1755e-36	1.9984e-21	0.00e+00	0.00e+00	1.4549e+02
5.68443e+20	8.9455e+03	2.701e-22	1.0000e+01	4.3498e+00	4.6118e-11	6.3135e-01	3.6865e-01	2.2788e-01	7.7140e-01	7.1880e-04	2.6457e-14	5.2937e-05	8.4674e-01	1.5316e-01	3.9412e-05	6.7905e-01	3.1948e-01	1.4638e-03	6.1193e-06	3.3640e-07	1.1755e-36	2.0046e-21	0.00e+00	0.00e+00	1.4716e+02
5.68490e+20	8.8707e+03	2.570e-22	1.0000e+01	4.2319e+00	4.9336e-11	6.4248e-01	3.5752e-01	2.3774e-01	7.6152e-01	7.3283e-04	2.7540e-14	5.2090e-05	8.5399e-01	1.4591e-01	3.6553e-05	6.8961e-01	3.0908e-01	1.3059e-03	5.8209e-06	2.9697e-07	1.1755e-36	2.0147e-21	0.00e+00	0.00e+00	1.4924e+02
5.68542e+20	8.7929e+03	2.423e-22	1.0000e+01	4.0860e+00	5.3277e-11	6.5626e-01	3.4374e-01	2.4883e-01	7.5041e-01	7.5368e-04	2.8892e-14	5.0889e-05	8.6166e-01	1.3825e-01	3.3641e-05	7.0257e-01	2.9628e-01	1.1400e-03	5.4659e-06	2.5592e-07	1.1755e-36	2.0230e-21	0.00e+00	0.00e+00	1.5150e+02
5.68593e+20	8.7198e+03	2.288e-22	1.0000e+01	3.9482e+00	5.7304e-11	6.6963e-01	3.3037e-01	2.5984e-01	7.3938e-01	7.7446e-04	3.0251e-14	4.9705e-05	8.6870e-01	1.3122e-01	3.1184e-05	7.1508e-01	2.8392e-01	9.9976e-04	5.1362e-06	2.2163e-07	1.1755e-36	2.0286e-21	0.00e+00	0.00e+00	1.5346e+02
5.68636e+20	8.6624e+03	2.175e-22	1.0000e+01	3.8326e+00	6.0589e-11	6.7955e-01	3.2045e-01	2.6959e-01	7.2961e-01	7.9230e-04	3.1315e-14	4.8683e-05	8.7449e-01	1.2542e-01	2.9357e-05	7.2430e-01	2.7480e-01	8.9849e-04	4.9007e-06	1.9741e-07	1.1755e-36	2.0154e-21	0.00e+00	0.00e+00	1.5517e+02
5.68679e+20	8.5840e+03	2.067e-22	1.0000e+01	3.7263e+00	6.4640e-11	6.8942e-01	3.1058e-01	2.8038e-01	7.1882e-01	8.0606e-04	3.2411e-14	4.7791e-05	8.8040e-01	1.1952e-01	2.7671e-05	7.3346e-01	2.6573e-01	8.0826e-04	4.6744e-06	1.7609e-07	1.1755e-36	2.0043e-21	0.00e+00	0.00e+00	1.5714e+02
5.68727e+20	8.5034e+03	1.948e-22	1.0000e+01	3.5991e+00	6.9409e-11	7.0118e-01	2.9882e-01	2.9240e-01	7.0677e-01	8.2570e-04	3.3744e-14	4.6623e-05	8.8661e-01	1.1332e-01	2.5957e-05	7.4429e-01	2.5499e-01	7.1486e-04	4.4136e-06	1.5418e-07	1.1755e-36	1.9871e-21	0.00e+00	0.00e+00	1.5938e+02
5.68775e+20	8.4205e+03	1.832e-22	1.0000e+01	3.4690e+00	7.4749e-11	7.1369e-01	2.8631e-01	3.0487e-01	6.9429e-01	8.4696e-04	3.5208e-14	4.5375e-05	8.9260e-01	1.0732e-01	2.4402e-05	7.5574e-01	2.4362e-01	6.2955e-04	4.1462e-06	1.3434e-07	1.1755e-36	1.9689e-21	0.00e+00	0.00e+00	1.6150e+02
5.68819e+20	8.3523e+03	1.732e-22	1.0000e+01	3.3530e+00	7.9403e-11	7.2360e-01	2.7640e-01	3.1612e-01	6.8301e-01	8.6765e-04	3.6442e-14	4.4223e-05	8.9763e-01	1.0230e-01	2.3207e-05	7.6477e-01	2.3466e-01	5.6516e-04	3.9415e-06	1.1755e-36	1.1755e-36	1.9367e-21	0.00e+00	0.00e+00	1.6332e+02
5.68860e+20	8.2626e+03	1.642e-22	1.0000e+01	3.2554e+00	8.5041e-11	7.3287e-01	2.6713e-01	3.2828e-01	6.7084e-01	8.8034e-04	3.7635e-14	4.3309e-05	9.0257e-01	9.7358e-02	2.2164e-05	7.7320e-01	2.2629e-01	5.1117e-04	3.7563e-06	1.1755e-36	1.1755e-36	1.9119e-21	0.00e+00	0.00e+00	1.6525e+02
5.68903e+20	8.1782e+03	1.548e-22	1.0000e+01	3.1446e+00	9.1049e-11	7.4274e-01	2.5726e-01	3.4099e-01	6.5811e-01	8.9799e-04	3.8962e-14	4.2192e-05	9.0747e-01	9.2461e-02	2.1162e-05	7.8211e-01	2.1742e-01	4.5896e-04	3.5643e-06	1.1755e-36	1.1755e-36	1.8761e-21	0.00e+00	0.00e+00	1.6739e+02
5.68949e+20	8.0910e+03	1.453e-22	1.0000e+01	3.0272e+00	9.7832e-11	7.5341e-01	2.4659e-01	3.5442e-01	6.4466e-01	9.1868e-04	4.0454e-14	4.0963e-05	9.1230e-01	8.7635e-02	2.0219e-05	7.9170e-01	2.0788e-01	4.0973e-04	3.3627e-06	1.1755e-36	1.1755e-36	1.8366e-21	0.00e+00	0.00e+00	1.6958e+02
5.68993e+20	8.0017e+03	1.366e-22	1.0000e+01	2.9166e+00	1.0506e-10	7.6333e-01	2.3667e-01	3.6764e-01	6.3142e-01	9.3835e-04	4.1915e-14	3.9785e-05	9.1670e-01	8.3236e-02	1.9422e-05	8.0058e-01	1.9905e-01	3.6866e-04	3.1810e-06	1.1755e-36	1.1755e-36	1.7941e-21	0.00e+00	0.00e+00	1.7158e+02
5.69033e+20	7.9115e+03	1.290e-22	1.0000e+01	2.8192e+00	1.1254e-10	7.7192e-01	2.2808e-01	3.8066e-01	6.1838e-01	9.5371e-04	4.3253e-14	3.8751e-05	9.2070e-01	7.9241e-02	1.8765e-05	8.0824e-01	1.9142e-01	3.3564e-04	3.0281e-06	1.1755e-36	1.1755e-36	1.7521e-21	0.00e+00	0.00e+00	1.7351e+02
5.69074e+20	7.8237e+03	1.215e-22	1.0000e+01	2.7210e+00	1.2035e-10	7.8008e-01	2.1992e-01	3.9395e-01	6.0508e-01	9.7006e-04	4.4615e-14	3.7681e-05	9.2452e-01	7.5426e-02	1.8174e-05	8.1550e-01	1.8419e-01	3.0630e-04	2.8861e-06	1.1755e-36	1.1755e-36	1.7040e-21	0.00e+00	0.00e+00	1.7558e+02
5.69118e+20	7.7146e+03	1.139e-22	1.0000e+01	2.6178e+00	1.3064e-10	7.8964e-01	2.1036e-01	4.0899e-01	5.9002e-01	9.8545e-04	4.6232e-14	3.6550e-05	9.2852e-01	7.1422e-02	1.7583e-05	8.2395e-01	1.7577e-01	2.7731e-04	2.7241e-06	1.1755e-36	1.1755e-36	1.6582e-21	0.00e+00	0.00e+00	1.7786e+02
5.69162e+20	7.6148e+03	1.066e-22	1.0000e+01	2.5089e+00	1.4107e-10	7.9873e-01	2.0127e-01	4.2316e-01	5.7583e-01	1.0079e-03	4.7912e-14	3.5289e-05	9.3207e-01	6.7881e-02	1.7074e-05	8.3195e-01	1.6779e-01	2.5226e-04	2.5739e-06	1.1755e-36	1.1755e-36	1.6010e-21	0.00e+00	0.00e+00	1.7996e+02
5.69202e+20	7.5059e+03	1.004e-22	1.0000e+01	2.4206e+00	1.5278e-10	8.0679e-01	1.9321e-01	4.3758e-01	5.6140e-01	1.0192e-03	4.9445e-14	3.4299e-05	9.3535e-01	6.4597e-02	1.6656e-05	8.3903e-01	1.6073e-01	2.3237e-04	2.4441e-06	1.1755e-36	1.1755e-36	1.5575e-21	0.00e+00	0.00e+00	1.8191e+02
5.69240e+20	7.3963e+03	9.461e-23	1.0000e+01	2.3353e+00	1.6541e-10	8.1405e-01	1.8595e-01	4.5179e-01	5.4718e-01	1.0301e-03	5.0937e-14	3.3325e-05	9.3836e-01	6.1590e-02	1.6299e-05	8.4539e-01	1.5439e-01	2.1564e-04	2.3299e-06	1.1755e-36	1.1755e-36	1.5111e-21	0.00e+00	0.00e+00	1.8389e+02
5.69280e+20	7.2777e+03	8.885e-23	1.0000e+01	2.2480e+00	1.8028e-10	8.2159e-01	1.7841e-01	4.6695e-01	5.3201e-01	1.0403e-03	5.2566e-14	3.2313e-05	9.4135e-01	5.8604e-02	1.5962e-05	8.5197e-01	1.4783e-01	2.0004e-04	2.2135e-06	1.1755e-36	1.1755e-36	1.4642e-21	0.00e+00	0.00e+00	1.8606e+02
5.69322e+20	7.1471e+03	8.307e-23	1.0000e+01	2.1529e+00	1.9830e-10	8.2962e-01	1.7038e-01	4.8251e-01	5.1643e-01	1.0544e-03	5.4418e-14	3.1182e-05	9.4421e-01	5.5743e-02	1.5645e-05	8.5896e-01	1.4085e-01	1.8551e-04	2.0920e-06	1.1755e-36	1.1755e-36	1.4121e-21	0.00e+00	0.00e+00	1.8828e+02
5.69363e+20	7.0227e+03	7.788e-23	1.0000e+01	2.0656e+00	2.1722e-10	8.3708e-01	1.6292e-01	4.9762e-01	5.0132e-01	1.0664e-03	5.6252e-14	3.0128e-05	9.4678e-01	5.3174e-02	1.5376e-05	8.6542e-01	1.3440e-01	1.7338e-04	1.9815e-06	1.1755e-36	1.1755e-36	1.3656e-21	0.00e+00	0.00e+00	1.9031e+02
5.69400e+20	6.8968e+03	7.336e-23	1.0000e+01	1.9898e+00	2.3789e-10	8.4343e-01	1.5657e-01	5.1237e-01	4.8655e-01	1.0720e-03	5.7923e-14	2.9219e-05	9.4909e-01	5.0869e-02	1.5160e-05	8.7091e-01	1.2893e-01	1.6384e-04	1.8894e-06	1.1755e-36	1.1755e-36	1.3259e-21	0.00e+00	0.00e+00	1.9224e+02
5.69437e+20	6.7650e+03	6.903e-23	1.0000e+01	1.9146e+00	2.6158e-10	8.4948e-01	1.5052e-01	5.2734e-01	4.7158e-01	1.0767e-03	5.9646e-14	2.8305e-05	9.5126e-01	4.8696e-02	1.4970e-05	8.7613e-01	1.2371e-01	1.5550e-04	1.8031e-06	1.1755e-36	1.1755e-36	1.2870e-21	0.00e+00	0.00e+00	1.9428e+02
5.69476e+20	6.6363e+03	6.475e-23	1.0000e+01	1.8368e+00	2.8727e-10	8.5575e-01	1.4425e-01	5.4247e-01	4.5645e-01	1.0840e-03	6.1564e-14	2.7332e-05	9.5331e-01	4.6645e-02	1.4789e-05	8.8153e-01	1.1833e-01	1.4772e-04	1.7148e-06	1.1755e-36	1.1755e-36	1.2484e-21	0.00e+00	0.00e+00	1.9638e+02
5.69514e+20	6.4965e+03	6.082e-23	1.0000e+01	1.7626e+00	3.1779e-10	8.6194e-01	1.3806e-01	5.5754e-01	4.4137e-01	1.0883e-03	6.3533e-14	2.6405e-05	9.5520e-01	4.4760e-02	1.4633e-05	8.8683e-01	1.1302e-01	1.4110e-04	1.6292e-06	1.1755e-36	1.1755e-36	1.2161e-21	0.00e+00	0.00e+00	1.9838e+02
5.69549e+20	6.3576e+03	5.732e-23	1.0000e+01	1.6954e+00	3.5100e-10	8.6741e-01	1.3259e-01	5.7217e-01	4.2674e-01	1.0886e-03	6.5412e-14	2.5564e-05	9.5689e-01	4.3072e-02	1.4505e-05	8.9153e-01	1.0834e-01	1.3576e-04	1.5546e-06	1.1755e-36	1.1755e-36	1.1900e-21	0.00e+00	0.00e+00	2.0028e+02
5.69584e+20	6.2151e+03	5.406e-23	1.0000e+01	1.6315e+00	3.8827e-10	8.7255e-01	1.2745e-01	5.8678e-01	4.1213e-01	1.0862e-03	6.7298e-14	2.4760e-05	9.5844e-01	4.1515e-02	1.4397e-05	8.9592e-01	1.0395e-01	1.3127e-04	1.4857e-06	1.1755e-36	1.1755e-36	1.1690e-21	0.00e+00	0.00e+00	2.0222e+02
5.69620e+20	6.0640e+03	5.091e-23	1.0000e+01	1.5681e+00	4.3151e-10	8.7782e-01	1.2218e-01	6.0173e-01	3.9719e-01	1.0816e-03	6.9315e-14	2.3958e-05	9.5992e-01	4.0043e-02	1.4298e-05	9.0042e-01	9.9452e-02	1.2726e-04	1.4158e-06	1.1755e-36	1.1755e-36	1.1538e-21	0.00e+00	0.00e+00	2.0421e+02
5.69656e+20	5.9123e+03	4.791e-23	1.0000e+01	1.5045e+00	4.7857e-10	8.8293e-01	1.1707e-01	6.1645e-01	3.8247e-01	1.0779e-03	7.1449e-14	2.3139e-05	9.6125e-01	3.8712e-02	1.4212e-05	9.0477e-01	9.5109e-02	1.2380e-04	1.3489e-06	1.1755e-36	1.1755e-36	1.1410e-21	0.00e+00	0.00e+00	2.0619e+02
5.69690e+20	5.7613e+03	4.519e-23	1.0000e+01	1.4450e+00	5.2869e-10	8.8766e-01	1.1234e-01	6.3071e-01	3.6821e-01	1.0720e-03	7.3568e-14	2.2370e-05	9.6243e-01	3.7534e-02	1.4143e-05	9.0879e-01	9.1089e-02	1.2101e-04	1.2877e-06	1.1755e-36	1.1755e-36	1.1336e-21	0.00e+00	0.00e+00	2.0808e+02
5.69723e+20	5.6097e+03	4.273e-23	1.0000e+01	1.3904e+00	5.8182e-10	8.9194e-01	1.0806e-01	6.4462e-01	3.5431e-01	1.0625e-03	7.5617e-14	2.1665e-05	9.6348e-01	3.6483e-02	1.4089e-05	9.1243e-01	8.7455e-02	1.1883e-04	1.2331e-06	1.1755e-36	1.1755e-36	1.1321e-21	0.00e+00	0.00e+00	2.0992e+02
5.69756e+20	5.4540e+03	4.040e-23	1.0000e+01	1.3374e+00	6.3838e-10	8.9607e-01	1.0393e-01	6.5851e-01	3.4044e-01	1.0509e-03	7.7716e-14	2.0980e-05	9.6444e-01	3.5527e-02	1.4045e-05	9.1593e-01	8.3953e-02	1.1706e-04	1.1809e-06	1.1755e-36	1.1755e-36	1.1345e-21	0.00e+00	0.00e+00	2.1180e+02
5.69790e+20	5.2944e+03	3.817e-23	1.0000e+01	1.2844e+00	6.9690e-10	9.0020e-01	9.9803e-02	6.7233e-01	3.2663e-01	1.0386e-03	7.9935e-14	2.0289e-05	9.6530e-01	3.4667e-02	1.4008e-05	9.1943e-01	8.0456e-02	1.1559e-04	1.1292e-06	1.1755e-36	1.1755e-36	1.1387e-21	0.00e+00	0.00e+00	2.1370e+02
5.69823e+20	5.1298e+03	3.608e-23	1.0000e+01	1.2329e+00	7.5610e-10	9.0418e-01	9.5821e-02	6.8583e-01	3.1315e-01	1.0251e-03	8.2193e-14	1.9620e-05	9.6604e-01	3.3923e-02	1.3982e-05	9.2280e-01	7.7086e-02	1.1450e-04	1.0798e-06	1.1755e-36	1.1755e-36	1.1444e-21	0.00e+00	0.00e+00	2.1556e+02
5.69854e+20	4.9720e+03	3.422e-23	1.0000e+01	1.1861e+00	8.0869e-10	9.0776e-01	9.2235e-02	6.9861e-01	3.0038e-01	1.0095e-03	8.4275e-14	1.9016e-05	9.6673e-01	3.3232e-02	1.3965e-05	9.2583e-01	7.4053e-02	1.1376e-04	1.0358e-06	1.1755e-36	1.1755e-36	1.1401e-21	0.00e+00	0.00e+00	2.1730e+02
5.69884e+20	4.8144e+03	3.258e-23	1.0000e+01	1.1437e+00	8.5104e-10	9.1096e-01	8.9038e-02	7.1074e-01	2.8827e-01	9.9112e-04	8.5927e-14	1.8484e-05	9.6762e-01	3.2350e-02	1.3958e-05	9.2854e-01	7.1343e-02	1.1340e-04	9.9692e-07	1.1755e-36	1.1755e-36	1.0904e-21	0.00e+00	0.00e+00	2.1896e+02
5.69911e+20	4.6656e+03	3.114e-23	1.0000e+01	1.1057e+00	8.8439e-10	9.1381e-01	8.6187e-02	7.2194e-01	2.7709e-01	9.7210e-04	8.7411e-14	1.8013e-05	9.6840e-01	3.1566e-02	1.3957e-05	9.3096e-01	6.8926e-02	1.1328e-04	9.6252e-07	1.1755e-36	1.1755e-36	1.0380e-21	0.00e+00	0.00e+00	2.2048e+02
5.69937e+20	4.5186e+03	2.986e-23	1.0000e+01	1.0712e+00	9.1069e-10	9.1637e-01	8.3630e-02	7.3242e-01	2.6663e-01	9.5161e-04	8.8721e-14	1.7598e-05	9.6912e-01	3.0851e-02	1.3965e-05	9.3313e-01	6.6753e-02	1.1341e-04	9.3193e-07	1.1755e-36	1.1755e-36	9.8329e-22	0.00e+00	0.00e+00	2.2191e+02
5.69961e+20	4.3858e+03	2.873e-23	1.0000e+01	1.0401e+00	9.2731e-10	9.1864e-01	8.1363e-02	7.4197e-01	2.5710e-01	9.3223e-04	8.9924e-14	1.7227e-05	9.6974e-01	3.0225e-02	1.3976e-05	9.3506e-01	6.4826e-02	1.1361e-04	9.0493e-07	1.1755e-36	1.1755e-36	9.2974e-22	0.00e+00	0.00e+00	2.2323e+02
5.69983e+20	4.2557e+03	2.769e-23	1.0000e+01	1.0111e+00	9.3761e-10	9.2076e-01	7.9240e-02	7.5112e-01	2.4797e-01	9.1202e-04	9.1044e-14	1.6890e-05	9.7033e-01	2.9640e-02	1.3990e-05	9.3686e-01	6.3021e-02	1.1394e-04	8.7982e-07	1.1755e-36	1.1755e-36	8.7609e-22	0.00e+00	0.00e+00	2.2455e+02
5.70006e+20	4.1343e+03	2.670e-23	1.0000e+01	9.8305e-01	9.4077e-10	9.2283e-01	7.7171e-02	7.5982e-01	2.3929e-01	8.9314e-04	9.2195e-14	1.6564e-05	9.7086e-01	2.9107e-02	1.4005e-05	9.3862e-01	6.1265e-02	1.1426e-04	8.5539e-07	1.1755e-36	1.1755e-36	8.2369e-22	0.00e+00	0.00e+00	2.2584e+02
5.70028e+20	4.0073e+03	2.573e-23	1.0000e+01	9.5419e-01	9.3866e-10	9.2499e-01	7.5008e-02	7.6844e-01	2.3069e-01	8.7436e-04	9.3418e-14	1.6235e-05	9.7137e-01	2.8596e-02	1.4023e-05	9.4045e-01	5.9433e-02	1.1470e-04	8.2997e-07	1.1755e-36	1.1755e-36	7.6902e-22	0.00e+00	0.00e+00	2.2717e+02
5.70050e+20	3.8962e+03	2.479e-23	1.0000e+01	9.2421e-01	9.2903e-10	9.2735e-01	7.2646e-02	7.7574e-01	2.2339e-01	8.6380e-04	9.4915e-14	1.5870e-05	9.7177e-01	2.8203e-02	1.4034e-05	9.4243e-01	5.7453e-02	1.1499e-04	8.0215e-07	1.1755e-36	1.1755e-36	7.1750e-22	0.00e+00	0.00e+00	2.2842e+02
###########################
3.73988e+16	1.4905e+04	7.310e-22	1.0000e+01	1.1730e+01	1.0183e-19	1.4166e-04	9.9986e-01	2.2164e-06	1.4699e-02	9.8530e-01	7.1994e-31	8.9608e-11	5.1393e-05	1.6515e-02	1.5917e-01	6.1016e-10	1.2271e-05	1.0708e-02	3.6059e-01	4.6589e-01	1.4572e-01	1.1755e-36	0.00e+00	0.00e+00	6.6884e-04
2.24393e+17	1.4886e+04	7.292e-22	1.0000e+01	1.1729e+01	9.2640e-20	1.4147e-04	9.9986e-01	2.2103e-06	1.4695e-02	9.8530e-01	6.6800e-31	5.9224e-11	5.1320e-05	1.6515e-02	1.5970e-01	6.0980e-10	1.2278e-05	1.0760e-02	3.6138e-01	4.6596e-01	1.4500e-01	1.1755e-36	0.00e+00	0.00e+00	3.3407e-03
9.72368e+17	1.4780e+04	7.275e-22	1.0000e+01	1.1729e+01	1.0472e-19	1.4143e-04	9.9986e-01	2.2284e-06	1.4778e-02	9.8522e-01	7.3596e-31	6.2956e-11	5.1863e-05	1.6736e-02	1.6181e-01	6.1654e-10	1.2428e-05	1.0999e-02	3.6435e-01	4.6480e-01	1.4342e-01	1.1755e-36	0.00e+00	0.00e+00	1.4025e-02
3.96427e+18	1.4564e+04	7.230e-22	1.0000e+01	1.1728e+01	1.1467e-19	1.4076e-04	9.9986e-01	2.2674e-06	1.5124e-02	9.8487e-01	8.1101e-31	6.8157e-11	5.3773e-05	1.7585e-02	1.6832e-01	6.3064e-10	1.2807e-05	1.1836e-02	3.7395e-01	4.6032e-01	1.3860e-01	1.1755e-36	0.00e+00	0.00e+00	5.6560e-02
9.46937e+18	1.3992e+04	7.046e-22	1.0000e+01	1.1728e+01	1.1692e-19	1.3548e-04	9.9986e-01	2.2308e-06	1.5115e-02	9.8488e-01	7.6777e-31	6.1630e-11	5.4975e-05	1.8543e-02	1.7927e-01	6.1776e-10	1.3011e-05	1.3141e-02	3.8943e-01	4.5210e-01	1.3153e-01	1.1755e-36	0.00e+00	0.00e+00	1.0978e-01
1.48676e+19	1.3478e+04	6.891e-22	1.0000e+01	1.1728e+01	1.1382e-19	1.2959e-04	9.9987e-01	2.1731e-06	1.5058e-02	9.8494e-01	6.7521e-31	5.6477e-11	5.5528e-05	1.9394e-02	1.8897e-01	5.8746e-10	1.2921e-05	1.4274e-02	4.0279e-01	4.4468e-01	1.2561e-01	1.1755e-36	0.00e+00	0.00e+00	1.4720e-01
1.89525e+19	1.3190e+04	6.817e-22	1.0000e+01	1.1728e+01	1.1246e-19	1.2627e-04	9.9987e-01	2.1638e-06	1.5226e-02	9.8477e-01	6.4366e-31	5.5795e-11	5.6631e-05	2.0222e-02	1.9605e-01	5.7804e-10	1.3047e-05	1.5205e-02	4.1279e-01	4.3903e-01	1.2111e-01	1.1755e-36	0.00e+00	0.00e+00	1.7586e-01
2.30883e+19	1.2952e+04	6.794e-22	1.0000e+01	1.1727e+01	1.1732e-19	1.2507e-04	9.9987e-01	2.2255e-06	1.5732e-02	9.8427e-01	6.9710e-31	5.9023e-11	5.9511e-05	2.1461e-02	2.0407e-01	6.0231e-10	1.3723e-05	1.6417e-02	4.2422e-01	4.3240e-01	1.1592e-01	1.1755e-36	0.00e+00	0.00e+00	2.1277e-01
2.84649e+19	1.2685e+04	6.775e-22	1.0000e+01	1.1726e+01	1.2494e-19	1.2374e-04	9.9988e-01	2.3237e-06	1.6522e-02	9.8348e-01	7.8978e-31	6.4846e-11	6.3808e-05	2.3281e-02	2.1491e-01	6.4037e-10	1.4746e-05	1.8180e-02	4.3925e-01	4.2326e-01	1.0925e-01	1.1755e-36	0.00e+00	0.00e+00	2.6025e-01
3.54544e+19	1.2369e+04	6.771e-22	1.0000e+01	1.1725e+01	1.3754e-19	1.2253e-04	9.9988e-01	2.4946e-06	1.7819e-02	9.8218e-01	9.7004e-31	7.5735e-11	7.0712e-05	2.6095e-02	2.3008e-01	7.0746e-10	1.6446e-05	2.0883e-02	4.5939e-01	4.1019e-01	1.0066e-01	1.1755e-36	0.00e+00	0.00e+00	3.2136e-01
4.40406e+19	1.2010e+04	6.793e-22	1.0000e+01	1.1723e+01	1.5500e-19	1.2124e-04	9.9988e-01	2.7671e-06	1.9876e-02	9.8012e-01	1.2813e-30	9.4983e-11	8.1118e-05	3.0331e-02	2.5055e-01	8.1117e-10	1.9058e-05	2.4993e-02	4.8477e-01	3.9227e-01	9.0393e-02	1.1755e-36	0.00e+00	0.00e+00	3.9231e-01
5.21659e+19	1.1720e+04	6.819e-22	1.0000e+01	1.1720e+01	1.6984e-19	1.1867e-04	9.9988e-01	3.0723e-06	2.2341e-02	9.7766e-01	1.6299e-30	1.1907e-10	9.2078e-05	3.5067e-02	2.7117e-01	9.1440e-10	2.1921e-05	2.9817e-02	5.0808e-01	3.7410e-01	8.1444e-02	1.1755e-36	0.00e+00	0.00e+00	4.4459e-01
5.83653e+19	1.1553e+04	6.862e-22	1.0000e+01	1.1718e+01	1.8205e-19	1.1712e-04	9.9988e-01	3.3974e-06	2.4915e-02	9.7508e-01	2.0469e-30	1.4691e-10	1.0262e-04	3.9560e-02	2.8880e-01	1.0265e-09	2.4904e-05	3.4638e-02	5.2643e-01	3.5853e-01	7.4559e-02	1.1755e-36	0.00e+00	0.00e+00	4.8466e-01
6.36195e+19	1.1429e+04	6.914e-22	1.0000e+01	1.1716e+01	1.9678e-19	1.1655e-04	9.9988e-01	3.7957e-06	2.7793e-02	9.7220e-01	2.6794e-30	1.8263e-10	1.1474e-04	4.4274e-02	3.0583e-01	1.1798e-09	2.8670e-05	3.9908e-02	5.4278e-01	3.4356e-01	6.8510e-02	1.1755e-36	0.00e+00	0.00e+00	5.2210e-01
6.94719e+19	1.1341e+04	6.975e-22	1.0000e+01	1.1711e+01	2.2182e-19	1.1684e-04	9.9988e-01	4.3863e-06	3.1918e-02	9.6808e-01	3.9354e-30	2.4142e-10	1.3172e-04	5.0596e-02	3.2742e-01	1.4284e-09	3.4455e-05	4.7496e-02	5.6167e-01	3.2473e-01	6.1499e-02	1.1755e-36	0.00e+00	0.00e+00	5.7090e-01
7.53812e+19	1.1301e+04	7.054e-22	1.0000e+01	1.1706e+01	2.4127e-19	1.1579e-04	9.9988e-01	5.1340e-06	3.7422e-02	9.6257e-01	5.6184e-30	3.2279e-10	1.5030e-04	5.7886e-02	3.5058e-01	1.7214e-09	4.1643e-05	5.7398e-02	5.7898e-01	3.0469e-01	5.4892e-02	1.1755e-36	0.00e+00	0.00e+00	6.0893e-01
7.98722e+19	1.1325e+04	7.124e-22	1.0000e+01	1.1701e+01	2.5247e-19	1.1473e-04	9.9989e-01	5.8987e-06	4.3097e-02	9.5690e-01	7.5252e-30	4.1289e-10	1.6688e-04	6.4403e-02	3.7037e-01	2.0225e-09	4.9065e-05	6.7468e-02	5.9131e-01	2.8775e-01	4.9823e-02	1.1755e-36	0.00e+00	0.00e+00	6.3630e-01
8.33936e+19	1.1357e+04	7.193e-22	1.0000e+01	1.1696e+01	2.6537e-19	1.1418e-04	9.9989e-01	6.6895e-06	4.8859e-02	9.5113e-01	9.8792e-30	5.1238e-10	1.8251e-04	7.0374e-02	3.8798e-01	2.3441e-09	5.6816e-05	7.7613e-02	6.0050e-01	2.7287e-01	4.5687e-02	1.1755e-36	0.00e+00	0.00e+00	6.5982e-01
8.71466e+19	1.1406e+04	7.268e-22	1.0000e+01	1.1689e+01	2.8284e-19	1.1417e-04	9.9989e-01	7.7968e-06	5.6598e-02	9.4339e-01	1.3938e-29	6.6126e-10	2.0306e-04	7.7730e-02	4.0934e-01	2.8321e-09	6.8112e-05	9.1297e-02	6.0960e-01	2.5507e-01	4.1045e-02	1.3857e-36	0.00e+00	0.00e+00	6.9039e-01
9.10442e+19	1.1499e+04	7.376e-22	1.0000e+01	1.1681e+01	2.9292e-19	1.1350e-04	9.9989e-01	9.3104e-06	6.7410e-02	9.3258e-01	1.9672e-29	8.7974e-10	2.2606e-04	8.6150e-02	4.3303e-01	3.4751e-09	8.3281e-05	1.0978e-01	6.1587e-01	2.3532e-01	3.6365e-02	1.8917e-36	0.00e+00	0.00e+00	7.1585e-01
9.41219e+19	1.1631e+04	7.476e-22	1.0000e+01	1.1669e+01	2.9817e-19	1.1248e-04	9.9989e-01	1.0877e-05	7.8997e-02	9.2099e-01	2.6092e-29	1.1197e-09	2.4520e-04	9.3469e-02	4.5385e-01	4.1168e-09	9.8757e-05	1.2910e-01	6.1782e-01	2.1808e-01	3.2599e-02	2.4818e-36	0.00e+00	0.00e+00	7.3433e-01
9.65149e+19	1.1747e+04	7.567e-22	1.0000e+01	1.1659e+01	3.0005e-19	1.1184e-04	9.9989e-01	1.2494e-05	9.0683e-02	9.0930e-01	3.3222e-29	1.3770e-09	2.6269e-04	9.9850e-02	4.7204e-01	4.7972e-09	1.1485e-04	1.4816e-01	6.1697e-01	2.0313e-01	2.9530e-02	3.0916e-36	0.00e+00	0.00e+00	7.4974e-01
9.86878e+19	1.1848e+04	7.664e-22	1.0000e+01	1.1649e+01	3.0500e-19	1.1138e-04	9.9989e-01	1.4362e-05	1.0402e-01	8.9596e-01	4.2404e-29	1.6848e-09	2.8072e-04	1.0627e-01	4.9027e-01	5.5854e-09	1.3332e-04	1.6942e-01	6.1370e-01	1.8822e-01	2.6637e-02	3.8838e-36	0.00e+00	0.00e+00	7.6495e-01
1.01175e+20	1.1949e+04	7.803e-22	1.0000e+01	1.1637e+01	3.0892e-19	1.1077e-04	9.9989e-01	1.6921e-05	1.2329e-01	8.7669e-01	5.4161e-29	2.0888e-09	3.0063e-04	1.1435e-01	5.1335e-01	6.5157e-09	1.5610e-04	1.9934e-01	6.0614e-01	1.6951e-01	2.3212e-02	4.8512e-36	0.00e+00	0.00e+00	7.8460e-01
1.03695e+20	1.2133e+04	7.936e-22	1.0000e+01	1.1607e+01	3.1632e-19	1.1065e-04	9.9989e-01	2.0756e-05	1.4978e-01	8.5020e-01	7.7742e-29	2.8259e-09	3.2725e-04	1.2261e-01	5.3780e-01	8.2510e-09	1.9484e-04	2.3808e-01	5.9096e-01	1.4952e-01	1.9822e-02	6.8882e-36	0.00e+00	0.00e+00	8.0017e-01
1.05601e+20	1.2273e+04	8.075e-22	1.0000e+01	1.1587e+01	3.1742e-19	1.1013e-04	9.9989e-01	2.4525e-05	1.7704e-01	8.2294e-01	9.8808e-29	3.5212e-09	3.4654e-04	1.2951e-01	5.5852e-01	9.7155e-09	2.2888e-04	2.7564e-01	5.7308e-01	1.3268e-01	1.7144e-02	8.6304e-36	0.00e+00	0.00e+00	8.1118e-01
1.07073e+20	1.2365e+04	8.185e-22	1.0000e+01	1.1562e+01	3.1788e-19	1.1001e-04	9.9989e-01	2.8186e-05	2.0330e-01	7.9667e-01	1.1950e-28	4.2206e-09	3.6296e-04	1.3518e-01	5.7579e-01	1.1133e-08	2.6122e-04	3.1011e-01	5.5469e-01	1.1881e-01	1.5043e-02	1.0183e-35	0.00e+00	0.00e+00	8.2062e-01
1.08635e+20	1.2435e+04	8.287e-22	1.0000e+01	1.1536e+01	3.2539e-19	1.1030e-04	9.9989e-01	3.2968e-05	2.3665e-01	7.6332e-01	1.5021e-28	5.1424e-09	3.8271e-04	1.4160e-01	5.9513e-01	1.3002e-08	3.0264e-04	3.5201e-01	5.3051e-01	1.0346e-01	1.2803e-02	1.2567e-35	0.00e+00	0.00e+00	8.3291e-01
1.10327e+20	1.2522e+04	8.392e-22	1.0000e+01	1.1494e+01	3.2679e-19	1.1042e-04	9.9989e-01	3.9158e-05	2.8114e-01	7.1883e-01	1.8536e-28	6.3448e-09	4.0179e-04	1.4825e-01	6.1619e-01	1.5212e-08	3.5225e-04	4.0371e-01	4.9767e-01	8.6988e-02	1.0528e-02	1.5031e-35	0.00e+00	0.00e+00	8.4420e-01
1.11790e+20	1.2551e+04	8.471e-22	1.0000e+01	1.1453e+01	3.3688e-19	1.1092e-04	9.9989e-01	4.5905e-05	3.2886e-01	6.7109e-01	2.2652e-28	7.6497e-09	4.1975e-04	1.5426e-01	6.3502e-01	1.7536e-08	4.0322e-04	4.5493e-01	4.6280e-01	7.2614e-02	8.6350e-03	1.8042e-35	0.00e+00	0.00e+00	8.5334e-01
1.13021e+20	1.2551e+04	8.501e-22	1.0000e+01	1.1413e+01	3.4845e-19	1.1162e-04	9.9989e-01	5.2544e-05	3.7527e-01	6.2468e-01	2.6809e-28	8.9430e-09	4.3520e-04	1.5930e-01	6.5082e-01	1.9762e-08	4.5095e-04	5.0148e-01	4.2947e-01	6.0932e-02	7.1509e-03	2.1020e-35	0.00e+00	0.00e+00	8.6148e-01
1.14349e+20	1.2510e+04	8.473e-22	1.0000e+01	1.1366e+01	3.6707e-19	1.1288e-04	9.9989e-01	6.0639e-05	4.3023e-01	5.6971e-01	3.2296e-28	1.0541e-08	4.5296e-04	1.6471e-01	6.6723e-01	2.2488e-08	5.0717e-04	5.5340e-01	3.9077e-01	4.9216e-02	5.7061e-03	2.4865e-35	0.00e+00	0.00e+00	8.7218e-01
1.15792e+20	1.2411e+04	8.395e-22	1.0000e+01	1.1311e+01	3.9380e-19	1.1455e-04	9.9989e-01	7.0312e-05	4.9517e-01	5.0476e-01	3.8884e-28	1.2430e-08	4.7143e-04	1.7029e-01	6.8354e-01	2.5576e-08	5.6928e-04	6.0981e-01	3.4680e-01	3.8129e-02	4.3905e-03	2.9352e-35	0.00e+00	0.00e+00	8.8220e-01
1.17083e+20	1.2283e+04	8.258e-22	1.0000e+01	1.1258e+01	4.2094e-19	1.1637e-04	9.9988e-01	7.9490e-05	5.5550e-01	4.4442e-01	4.5119e-28	1.4236e-08	4.8777e-04	1.7506e-01	6.9664e-01	2.8456e-08	6.2516e-04	6.5872e-01	3.0728e-01	2.9729e-02	3.4217e-03	3.3129e-35	0.00e+00	0.00e+00	8.9099e-01
1.18235e+20	1.2133e+04	8.087e-22	1.0000e+01	1.1213e+01	4.5560e-19	1.1830e-04	9.9988e-01	8.7781e-05	6.0818e-01	3.9174e-01	5.1557e-28	1.5905e-08	5.0266e-04	1.7917e-01	7.0675e-01	3.1085e-08	6.7393e-04	6.9926e-01	2.7359e-01	2.3575e-02	2.7255e-03	3.7226e-35	0.00e+00	0.00e+00	8.9925e-01
1.19508e+20	1.1930e+04	7.853e-22	1.0000e+01	1.1166e+01	5.0435e-19	1.2085e-04	9.9988e-01	9.6855e-05	6.6281e-01	3.3709e-01	5.9690e-28	1.7801e-08	5.2029e-04	1.8367e-01	7.1602e-01	3.4099e-08	7.2672e-04	7.3984e-01	2.3904e-01	1.8139e-02	2.1168e-03	4.2267e-35	0.00e+00	0.00e+00	9.1023e-01
1.21163e+20	1.1643e+04	7.520e-22	1.0000e+01	1.1112e+01	5.8106e-19	1.2441e-04	9.9988e-01	1.0787e-04	7.2539e-01	2.7450e-01	7.1096e-28	2.0229e-08	5.4335e-04	1.8926e-01	7.2508e-01	3.7888e-08	7.8925e-04	7.8455e-01	1.9999e-01	1.3034e-02	1.5486e-03	4.9120e-35	0.00e+00	0.00e+00	9.2493e-01
1.22889e+20	1.1345e+04	7.176e-22	1.0000e+01	1.1066e+01	6.7075e-19	1.2798e-04	9.9987e-01	1.1787e-04	7.7930e-01	2.2058e-01	8.2740e-28	2.2576e-08	5.6583e-04	1.9458e-01	7.3152e-01	4.1400e-08	8.4408e-04	8.2161e-01	1.6681e-01	9.5171e-03	1.1547e-03	5.5719e-35	0.00e+00	0.00e+00	9.3769e-01
1.24381e+20	1.1093e+04	6.893e-22	1.0000e+01	1.1033e+01	7.5878e-19	1.3106e-04	9.9987e-01	1.2535e-04	8.1671e-01	1.8316e-01	9.3065e-28	2.4465e-08	5.8502e-04	1.9895e-01	7.3514e-01	4.4204e-08	8.8522e-04	8.4714e-01	1.4354e-01	7.4663e-03	9.1899e-04	6.1328e-35	0.00e+00	0.00e+00	9.4932e-01
1.25765e+20	1.0874e+04	6.653e-22	1.0000e+01	1.1008e+01	8.3699e-19	1.3391e-04	9.9987e-01	1.3148e-04	8.4474e-01	1.5513e-01	1.0197e-27	2.6183e-08	6.0284e-04	2.0282e-01	7.3723e-01	4.6696e-08	9.1973e-04	8.6635e-01	1.2580e-01	6.1309e-03	7.5987e-04	6.4973e-35	0.00e+00	0.00e+00	9.6083e-01
1.27332e+20	1.0643e+04	6.404e-22	1.0000e+01	1.0986e+01	9.3652e-19	1.3712e-04	9.9986e-01	1.3765e-04	8.7062e-01	1.2924e-01	1.1282e-27	2.8039e-08	6.2304e-04	2.0705e-01	7.3855e-01	4.9411e-08	9.5537e-04	8.8444e-01	1.0891e-01	5.0423e-03	6.2364e-04	6.9657e-35	0.00e+00	0.00e+00	9.7616e-01
1.29369e+20	1.0380e+04	6.130e-22	1.0000e+01	1.0964e+01	1.0809e-18	1.4100e-04	9.9986e-01	1.4438e-04	8.9640e-01	1.0345e-01	1.2763e-27	3.0238e-08	6.4756e-04	2.1208e-01	7.3914e-01	5.2583e-08	9.9474e-04	9.0271e-01	9.1670e-02	4.1070e-03	4.9850e-04	7.6913e-35	0.00e+00	0.00e+00	9.9666e-01
1.31883e+20	1.0113e+04	5.859e-22	1.0000e+01	1.0944e+01	1.2578e-18	1.4524e-04	9.9985e-01	1.5096e-04	9.1927e-01	8.0583e-02	1.4458e-27	3.2608e-08	6.7438e-04	2.1747e-01	7.3886e-01	5.5933e-08	1.0338e-03	9.1926e-01	7.5896e-02	3.4003e-03	3.9483e-04	8.4910e-35	0.00e+00	0.00e+00	1.0216e+00
1.34797e+20	9.8614e+03	5.618e-22	1.0000e+01	1.0928e+01	1.4596e-18	1.4965e-04	9.9985e-01	1.5697e-04	9.3764e-01	6.2200e-02	1.6284e-27	3.5019e-08	7.0216e-04	2.2294e-01	7.3772e-01	5.9300e-08	1.0704e-03	9.3300e-01	6.2691e-02	2.9123e-03	3.1484e-04	9.3131e-35	0.00e+00	0.00e+00	1.0510e+00
1.38172e+20	9.6403e+03	5.407e-22	1.0000e+01	1.0916e+01	1.6600e-18	1.5414e-04	9.9985e-01	1.6232e-04	9.5210e-01	4.7741e-02	1.8016e-27	3.7397e-08	7.2971e-04	2.2824e-01	7.3604e-01	6.2599e-08	1.1034e-03	9.4429e-01	5.1767e-02	2.5767e-03	2.5266e-04	9.9275e-35	0.00e+00	0.00e+00	1.0864e+00
1.42367e+20	9.4332e+03	5.216e-22	1.0000e+01	1.0905e+01	1.8981e-18	1.5917e-04	9.9984e-01	1.6748e-04	9.6402e-01	3.5808e-02	2.0047e-27	3.9953e-08	7.5952e-04	2.3384e-01	7.3373e-01	6.6158e-08	1.1359e-03	9.5412e-01	4.2205e-02	2.3290e-03	2.0078e-04	1.0690e-34	0.00e+00	0.00e+00	1.1341e+00
1.47820e+20	9.2450e+03	5.046e-22	1.0000e+01	1.0897e+01	2.1864e-18	1.6497e-04	9.9984e-01	1.7250e-04	9.7378e-01	2.6050e-02	2.2494e-27	4.2783e-08	7.9204e-04	2.3979e-01	7.3080e-01	7.0109e-08	1.1681e-03	9.6264e-01	3.3882e-02	2.1433e-03	1.5728e-04	1.1696e-34	0.00e+00	0.00e+00	1.1983e+00
1.54908e+20	9.0871e+03	4.907e-22	1.0000e+01	1.0890e+01	2.5191e-18	1.7177e-04	9.9983e-01	1.7728e-04	9.8134e-01	1.8479e-02	2.5369e-27	4.5904e-08	8.2715e-04	2.4608e-01	7.2728e-01	7.4512e-08	1.1989e-03	9.6969e-01	2.6976e-02	2.0035e-03	1.2212e-04	1.2935e-34	0.00e+00	0.00e+00	1.2852e+00
1.64123e+20	8.9698e+03	4.803e-22	1.0000e+01	1.0885e+01	2.8736e-18	1.8003e-04	9.9982e-01	1.8187e-04	9.8695e-01	1.2864e-02	2.8634e-27	4.9442e-08	8.6536e-04	2.5273e-01	7.2317e-01	7.9598e-08	1.2284e-03	9.7532e-01	2.1454e-02	1.8930e-03	9.4460e-05	1.4287e-34	0.00e+00	0.00e+00	1.4036e+00
1.76103e+20	8.8997e+03	4.739e-22	1.0000e+01	1.0881e+01	3.2825e-18	1.9062e-04	9.9981e-01	1.8648e-04	9.9096e-01	8.8499e-03	3.2781e-27	5.3595e-08	9.0806e-04	2.5989e-01	7.1837e-01	8.5784e-08	1.2567e-03	9.7972e-01	1.7147e-02	1.7977e-03	7.3057e-05	1.6163e-34	0.00e+00	0.00e+00	1.5665e+00
1.91677e+20	8.8887e+03	4.720e-22	1.0000e+01	1.0879e+01	3.7862e-18	2.0496e-04	9.9980e-01	1.9144e-04	9.9374e-01	6.0665e-03	3.8697e-27	5.8798e-08	9.5820e-04	2.6789e-01	7.1264e-01	9.3914e-08	1.2853e-03	9.8311e-01	1.3834e-02	1.7072e-03	5.6583e-05	1.9205e-34	0.00e+00	0.00e+00	1.7943e+00
2.10503e+20	8.9620e+03	4.747e-22	1.0000e+01	1.0877e+01	4.3556e-18	2.2372e-04	9.9978e-01	1.9648e-04	9.9551e-01	4.2929e-03	4.6706e-27	6.4936e-08	1.0126e-03	2.7608e-01	7.0648e-01	1.0431e-07	1.3123e-03	9.8553e-01	1.1490e-02	1.6233e-03	4.4778e-05	2.3872e-34	0.00e+00	0.00e+00	2.0774e+00
2.31554e+20	9.0712e+03	4.833e-22	1.0000e+01	1.0876e+01	5.1026e-18	2.4887e-04	9.9975e-01	2.0232e-04	9.9662e-01	3.1821e-03	5.8640e-27	7.2712e-08	1.0786e-03	2.8522e-01	6.9915e-01	1.1860e-07	1.3436e-03	9.8726e-01	9.8172e-03	1.5424e-03	3.6231e-05	3.1070e-34	0.00e+00	0.00e+00	2.4239e+00
2.54709e+20	9.2537e+03	4.965e-22	1.0000e+01	1.0875e+01	6.0836e-18	2.8210e-04	9.9972e-01	2.0969e-04	9.9733e-01	2.4591e-03	7.7642e-27	8.2348e-08	1.1564e-03	2.9489e-01	6.9106e-01	1.3840e-07	1.3788e-03	9.8857e-01	8.5509e-03	1.4655e-03	2.9701e-05	4.3764e-34	0.00e+00	0.00e+00	2.8558e+00
2.80180e+20	9.4944e+03	5.150e-22	1.0000e+01	1.0874e+01	7.5841e-18	3.2782e-04	9.9967e-01	2.1903e-04	9.9782e-01	1.9605e-03	1.1183e-26	9.5056e-08	1.2562e-03	3.0600e-01	6.8138e-01	1.6800e-07	1.4248e-03	9.8963e-01	7.5247e-03	1.3901e-03	2.4406e-05	6.9127e-34	0.00e+00	0.00e+00	3.4080e+00
3.05873e+20	9.7815e+03	5.384e-22	1.0000e+01	1.0873e+01	9.6189e-18	3.8767e-04	9.9961e-01	2.3041e-04	9.9814e-01	1.6332e-03	1.6953e-26	1.1066e-07	1.3761e-03	3.1780e-01	6.7074e-01	2.1097e-07	1.4829e-03	9.9042e-01	6.7492e-03	1.3243e-03	2.0387e-05	1.1547e-33	0.00e+00	0.00e+00	4.0125e+00
3.29824e+20	1.0072e+04	5.634e-22	1.0000e+01	1.0872e+01	1.2445e-17	4.6020e-04	9.9954e-01	2.4412e-04	9.9834e-01	1.4140e-03	2.6948e-26	1.2930e-07	1.5196e-03	3.3040e-01	6.5904e-01	2.7082e-07	1.5551e-03	9.9102e-01	6.1369e-03	1.2677e-03	1.7288e-05	2.0299e-33	0.00e+00	0.00e+00	4.6865e+00
3.51562e+20	1.0352e+04	5.888e-22	1.0000e+01	1.0871e+01	1.6144e-17	5.4531e-04	9.9945e-01	2.6001e-04	9.9848e-01	1.2622e-03	4.3828e-26	1.5091e-07	1.6867e-03	3.4358e-01	6.4654e-01	3.5254e-07	1.6428e-03	9.9147e-01	5.6496e-03	1.2205e-03	1.4883e-05	3.6186e-33	0.00e+00	0.00e+00	5.3844e+00
3.70226e+20	1.0613e+04	6.117e-22	1.0000e+01	1.0870e+01	2.0575e-17	6.3767e-04	9.9936e-01	2.7710e-04	9.9857e-01	1.1573e-03	7.0428e-26	1.7446e-07	1.8696e-03	3.5660e-01	6.3402e-01	4.5663e-07	1.7416e-03	9.9179e-01	5.2650e-03	1.1831e-03	1.3046e-05	6.2763e-33	0.00e+00	0.00e+00	6.0708e+00
3.86195e+20	1.0808e+04	6.333e-22	1.0000e+01	1.0868e+01	2.6251e-17	7.3693e-04	9.9926e-01	2.9552e-04	9.9863e-01	1.0779e-03	1.1227e-25	2.0068e-07	2.0743e-03	3.7012e-01	6.2086e-01	5.8722e-07	1.8538e-03	9.9204e-01	4.9367e-03	1.1504e-03	1.1562e-05	1.0638e-32	0.00e+00	0.00e+00	6.7633e+00
4.00372e+20	1.0993e+04	6.527e-22	1.0000e+01	1.0867e+01	3.2957e-17	8.4358e-04	9.9916e-01	3.1560e-04	9.9867e-01	1.0159e-03	1.7695e-25	2.2951e-07	2.2993e-03	3.8376e-01	6.0748e-01	7.5096e-07	1.9782e-03	9.9224e-01	4.6469e-03	1.1226e-03	1.0319e-05	1.7633e-32	0.00e+00	0.00e+00	7.4805e+00
4.13422e+20	1.1162e+04	6.710e-22	1.0000e+01	1.0866e+01	4.1346e-17	9.6226e-04	9.9904e-01	3.3806e-04	9.9870e-01	9.6351e-04	2.8077e-25	2.6254e-07	2.5566e-03	3.9817e-01	5.9325e-01	9.6312e-07	2.1216e-03	9.9239e-01	4.3762e-03	1.0974e-03	9.2209e-06	2.9220e-32	0.00e+00	0.00e+00	8.2477e+00
4.25644e+20	1.1317e+04	6.893e-22	1.0000e+01	1.0865e+01	5.2040e-17	1.0973e-03	9.9890e-01	3.6328e-04	9.9872e-01	9.1769e-04	4.5148e-25	3.0118e-07	2.8559e-03	4.1362e-01	5.7792e-01	1.2444e-06	2.2901e-03	9.9251e-01	4.1189e-03	1.0742e-03	8.2308e-06	4.8725e-32	0.00e+00	0.00e+00	9.0660e+00
4.36968e+20	1.1467e+04	7.068e-22	1.0000e+01	1.0863e+01	6.5346e-17	1.2494e-03	9.9875e-01	3.9167e-04	9.9873e-01	8.7850e-04	7.3209e-25	3.4576e-07	3.2008e-03	4.2985e-01	5.6171e-01	1.6169e-06	2.4878e-03	9.9257e-01	3.8770e-03	1.0533e-03	7.3467e-06	8.1360e-32	0.00e+00	0.00e+00	9.9204e+00
4.47306e+20	1.1607e+04	7.236e-22	1.0000e+01	1.0861e+01	8.1701e-17	1.4180e-03	9.9858e-01	4.2298e-04	9.9873e-01	8.4553e-04	1.1881e-24	3.9650e-07	3.5916e-03	4.4666e-01	5.4486e-01	2.1025e-06	2.7156e-03	9.9259e-01	3.6508e-03	1.0348e-03	6.5634e-06	1.3523e-31	0.00e+00	0.00e+00	1.0802e+01
4.56759e+20	1.1720e+04	7.403e-22	1.0000e+01	1.0860e+01	1.0245e-16	1.6049e-03	9.9840e-01	4.5745e-04	9.9873e-01	8.1697e-04	1.9326e-24	4.5496e-07	4.0367e-03	4.6426e-01	5.2714e-01	2.7348e-06	2.9785e-03	9.9256e-01	3.4349e-03	1.0173e-03	5.8594e-06	2.2414e-31	0.00e+00	0.00e+00	1.1720e+01
4.65505e+20	1.1866e+04	7.550e-22	1.0000e+01	1.0857e+01	1.2625e-16	1.8109e-03	9.9819e-01	4.9618e-04	9.9871e-01	7.9250e-04	3.1393e-24	5.2019e-07	4.5399e-03	4.8220e-01	5.0899e-01	3.5644e-06	3.2826e-03	9.9247e-01	3.2314e-03	1.0029e-03	5.2324e-06	3.6880e-31	0.00e+00	0.00e+00	1.2683e+01
4.73715e+20	1.1968e+04	7.710e-22	1.0000e+01	1.0854e+01	1.5818e-16	2.0469e-03	9.9795e-01	5.3931e-04	9.9869e-01	7.6893e-04	5.1905e-24	5.9817e-07	5.1320e-03	5.0159e-01	4.8930e-01	4.6813e-06	3.6455e-03	9.9233e-01	3.0284e-03	9.8780e-04	4.6464e-06	6.1565e-31	0.00e+00	0.00e+00	1.3715e+01
4.81411e+20	1.2068e+04	7.868e-22	1.0000e+01	1.0852e+01	1.9844e-16	2.3145e-03	9.9769e-01	5.8792e-04	9.9866e-01	7.4721e-04	8.6826e-24	6.8941e-07	5.8203e-03	5.2193e-01	4.6855e-01	6.1913e-06	4.0782e-03	9.9211e-01	2.8315e-03	9.7384e-04	4.1114e-06	1.0365e-30	0.00e+00	0.00e+00	1.4797e+01
4.88520e+20	1.2167e+04	8.016e-22	1.0000e+01	1.0849e+01	2.4800e-16	2.6127e-03	9.9739e-01	6.4220e-04	9.9863e-01	7.2872e-04	1.4565e-23	7.9428e-07	6.6094e-03	5.4287e-01	4.4708e-01	8.2105e-06	4.5889e-03	9.9179e-01	2.6437e-03	9.6108e-04	3.6317e-06	1.7425e-30	0.00e+00	0.00e+00	1.5921e+01
4.95094e+20	1.2248e+04	8.162e-22	1.0000e+01	1.0846e+01	3.1045e-16	2.9442e-03	9.9706e-01	7.0278e-04	9.9858e-01	7.1269e-04	2.4508e-23	9.1700e-07	7.5146e-03	5.6446e-01	4.2484e-01	1.0904e-05	5.1908e-03	9.9138e-01	2.4636e-03	9.4860e-04	3.2009e-06	2.9299e-30	0.00e+00	0.00e+00	1.7098e+01
5.01186e+20	1.2328e+04	8.300e-22	1.0000e+01	1.0843e+01	3.8777e-16	3.3161e-03	9.9668e-01	7.7069e-04	9.9853e-01	6.9757e-04	4.1459e-23	1.0574e-06	8.5577e-03	5.8656e-01	4.0193e-01	1.4545e-05	5.9088e-03	9.9085e-01	2.2906e-03	9.3700e-04	2.8133e-06	4.9338e-30	0.00e+00	0.00e+00	1.8323e+01
5.06736e+20	1.2402e+04	8.428e-22	1.0000e+01	1.0839e+01	4.8247e-16	3.7251e-03	9.9627e-01	8.4570e-04	9.9847e-01	6.8461e-04	6.9880e-23	1.2165e-06	9.7361e-03	6.0865e-01	3.7888e-01	1.9382e-05	6.7521e-03	9.9017e-01	2.1282e-03	9.2617e-04	2.4721e-06	8.2604e-30	0.00e+00	0.00e+00	1.9557e+01
5.11702e+20	1.2464e+04	8.546e-22	1.0000e+01	1.0834e+01	5.9593e-16	4.1643e-03	9.9584e-01	9.2691e-04	9.9840e-01	6.7488e-04	1.1607e-22	1.3928e-06	1.1037e-02	6.3019e-01	3.5624e-01	2.5643e-05	7.7204e-03	9.8936e-01	1.9788e-03	9.1593e-04	2.1775e-06	1.3595e-29	0.00e+00	0.00e+00	2.0788e+01
5.16173e+20	1.2522e+04	8.652e-22	1.0000e+01	1.0828e+01	7.2972e-16	4.6363e-03	9.9536e-01	1.0150e-03	9.9832e-01	6.6688e-04	1.9017e-22	1.5835e-06	1.2471e-02	6.5109e-01	3.3409e-01	3.3721e-05	8.8323e-03	9.8838e-01	1.8407e-03	9.0645e-04	1.9219e-06	2.2011e-29	0.00e+00	0.00e+00	2.2035e+01
5.20277e+20	1.2559e+04	8.755e-22	1.0000e+01	1.0822e+01	8.9466e-16	5.1498e-03	9.9485e-01	1.1115e-03	9.9823e-01	6.5915e-04	3.1012e-22	1.8008e-06	1.4068e-02	6.7163e-01	3.1213e-01	4.4217e-05	1.0122e-02	9.8722e-01	1.7106e-03	8.9660e-04	1.6958e-06	3.5467e-29	0.00e+00	0.00e+00	2.3318e+01
5.23295e+20	1.2588e+04	8.841e-22	1.0000e+01	1.0817e+01	1.0607e-15	5.6234e-03	9.9438e-01	1.1997e-03	9.9815e-01	6.5405e-04	4.6694e-22	2.0001e-06	1.5530e-02	6.8761e-01	2.9482e-01	5.5658e-05	1.1395e-02	9.8605e-01	1.6109e-03	8.8928e-04	1.5289e-06	5.2908e-29	0.00e+00	0.00e+00	2.4060e+01
5.25008e+20	1.2595e+04	8.877e-22	1.0000e+01	1.0814e+01	1.1695e-15	5.9077e-03	9.9409e-01	1.2562e-03	9.9806e-01	6.8265e-04	5.9114e-22	2.1277e-06	1.6467e-02	6.9688e-01	2.8469e-01	6.3506e-05	1.2213e-02	9.8528e-01	1.5605e-03	8.8464e-04	1.4432e-06	6.6405e-29	0.00e+00	0.00e+00	2.4558e+01
5.26546e+20	1.2608e+04	8.898e-22	1.0000e+01	1.0811e+01	1.2673e-15	6.1561e-03	9.9384e-01	1.3070e-03	9.9799e-01	7.0249e-04	7.2296e-22	2.2455e-06	1.7329e-02	7.0529e-01	2.7548e-01	7.0985e-05	1.2954e-02	9.8458e-01	1.5155e-03	8.8037e-04	1.3718e-06	8.0524e-29	0.00e+00	0.00e+00	2.5234e+01
5.28545e+20	1.2613e+04	8.938e-22	1.0000e+01	1.0808e+01	1.4206e-15	6.5169e-03	9.9348e-01	1.3789e-03	9.9793e-01	6.9418e-04	9.5194e-22	2.4141e-06	1.8558e-02	7.1654e-01	2.6309e-01	8.2662e-05	1.4045e-02	9.8355e-01	1.4501e-03	8.7420e-04	1.2756e-06	1.0497e-28	0.00e+00	0.00e+00	2.6164e+01
5.31144e+20	1.2603e+04	9.010e-22	1.0000e+01	1.0803e+01	1.6746e-15	7.0605e-03	9.9294e-01	1.4846e-03	9.9785e-01	6.6954e-04	1.3962e-21	2.6651e-06	2.0380e-02	7.3173e-01	2.4619e-01	1.0222e-04	1.5729e-02	9.8194e-01	1.3603e-03	8.6514e-04	1.1500e-06	1.5216e-28	0.00e+00	0.00e+00	2.7473e+01
5.33645e+20	1.2628e+04	9.085e-22	1.0000e+01	1.0796e+01	1.9911e-15	7.7159e-03	9.9228e-01	1.6073e-03	9.9775e-01	6.4079e-04	2.1254e-21	2.9554e-06	2.2497e-02	7.4673e-01	2.2918e-01	1.2969e-04	1.7893e-02	9.7985e-01	1.2688e-03	8.5710e-04	1.0276e-06	2.2969e-28	0.00e+00	0.00e+00	2.8478e+01
5.35217e+20	1.2611e+04	9.141e-22	1.0000e+01	1.0792e+01	2.2601e-15	8.2009e-03	9.9180e-01	1.7016e-03	9.9765e-01	6.4987e-04	2.8418e-21	3.1791e-06	2.4098e-02	7.5646e-01	2.1793e-01	1.5284e-04	1.9578e-02	9.7820e-01	1.2130e-03	8.5059e-04	9.5211e-07	3.0480e-28	0.00e+00	0.00e+00	2.9038e+01
5.36200e+20	1.2629e+04	9.147e-22	1.0000e+01	1.0787e+01	2.4121e-15	8.4889e-03	9.9151e-01	1.7609e-03	9.9757e-01	6.7020e-04	3.3714e-21	3.3161e-06	2.5126e-02	7.6228e-01	2.1112e-01	1.6842e-04	2.0673e-02	9.7713e-01	1.1829e-03	8.4742e-04	9.1194e-07	3.5911e-28	0.00e+00	0.00e+00	2.9512e+01
5.37217e+20	1.2612e+04	9.171e-22	1.0000e+01	1.0784e+01	2.6070e-15	8.8053e-03	9.9119e-01	1.8263e-03	9.9749e-01	6.7900e-04	4.0317e-21	3.4712e-06	2.6251e-02	7.6852e-01	2.0380e-01	1.8610e-04	2.1851e-02	9.7597e-01	1.1494e-03	8.4276e-04	8.6936e-07	4.2629e-28	0.00e+00	0.00e+00	3.0150e+01
5.38538e+20	1.2597e+04	9.203e-22	1.0000e+01	1.0781e+01	2.8903e-15	9.2489e-03	9.9075e-01	1.9169e-03	9.9741e-01	6.7385e-04	5.1261e-21	3.6910e-06	2.7815e-02	7.7663e-01	1.9419e-01	2.1285e-04	2.3552e-02	9.7429e-01	1.1038e-03	8.3659e-04	8.1441e-07	5.3781e-28	0.00e+00	0.00e+00	3.1023e+01
5.40022e+20	1.2592e+04	9.245e-22	1.0000e+01	1.0776e+01	3.2692e-15	9.8255e-03	9.9017e-01	2.0307e-03	9.9731e-01	6.5793e-04	6.8646e-21	3.9647e-06	2.9790e-02	7.8578e-01	1.8313e-01	2.5110e-04	2.5838e-02	9.7203e-01	1.0496e-03	8.2957e-04	7.5167e-07	7.1494e-28	0.00e+00	0.00e+00	3.1937e+01
5.41341e+20	1.2604e+04	9.275e-22	1.0000e+01	1.0768e+01	3.6571e-15	1.0405e-02	9.8960e-01	2.1443e-03	9.9721e-01	6.4966e-04	9.0516e-21	4.2302e-06	3.1764e-02	7.9384e-01	1.7316e-01	2.9417e-04	2.8262e-02	9.6962e-01	1.0012e-03	8.2358e-04	6.9727e-07	9.3633e-28	0.00e+00	0.00e+00	3.2701e+01
5.42402e+20	1.2586e+04	9.310e-22	1.0000e+01	1.0762e+01	4.0488e-15	1.0923e-02	9.8908e-01	2.2480e-03	9.9710e-01	6.5060e-04	1.1439e-20	4.4755e-06	3.3544e-02	8.0035e-01	1.6492e-01	3.3604e-04	3.0478e-02	9.6741e-01	9.6229e-04	8.1745e-04	6.5392e-07	1.1758e-27	0.00e+00	0.00e+00	3.3362e+01
5.43504e+20	1.2571e+04	9.336e-22	1.0000e+01	1.0757e+01	4.4841e-15	1.1469e-02	9.8853e-01	2.3600e-03	9.9699e-01	6.5173e-04	1.4517e-20	4.7426e-06	3.5478e-02	8.0700e-01	1.5639e-01	3.8450e-04	3.2914e-02	9.6497e-01	9.2363e-04	8.1090e-04	6.1234e-07	1.4815e-27	0.00e+00	0.00e+00	3.4264e+01
5.44741e+20	1.2550e+04	9.380e-22	1.0000e+01	1.0752e+01	5.0899e-15	1.2182e-02	9.8782e-01	2.5022e-03	9.9686e-01	6.4068e-04	1.9416e-20	5.0855e-06	3.7918e-02	8.1437e-01	1.4663e-01	4.5363e-04	3.6175e-02	9.6169e-01	8.7717e-04	8.0273e-04	5.6436e-07	1.9705e-27	0.00e+00	0.00e+00	3.5208e+01
5.45843e+20	1.2551e+04	9.412e-22	1.0000e+01	1.0743e+01	5.7129e-15	1.2904e-02	9.8710e-01	2.6443e-03	9.9672e-01	6.3334e-04	2.5610e-20	5.4165e-06	4.0367e-02	8.2077e-01	1.3784e-01	5.3192e-04	3.9651e-02	9.5819e-01	8.3513e-04	7.9547e-04	5.2240e-07	2.5858e-27	0.00e+00	0.00e+00	3.6004e+01
5.46736e+20	1.2531e+04	9.442e-22	1.0000e+01	1.0736e+01	6.3264e-15	1.3546e-02	9.8645e-01	2.7740e-03	9.9659e-01	6.3277e-04	3.2350e-20	5.7187e-06	4.2570e-02	8.2581e-01	1.3064e-01	6.0810e-04	4.2837e-02	9.5496e-01	8.0143e-04	7.8855e-04	4.8919e-07	3.2485e-27	0.00e+00	0.00e+00	3.6695e+01
5.47666e+20	1.2513e+04	9.464e-22	1.0000e+01	1.0729e+01	7.0093e-15	1.4223e-02	9.8578e-01	2.9143e-03	9.9645e-01	6.3248e-04	4.1034e-20	6.0477e-06	4.4961e-02	8.3085e-01	1.2326e-01	6.9634e-04	4.6347e-02	9.5141e-01	7.6815e-04	7.8114e-04	4.5748e-07	4.0955e-27	0.00e+00	0.00e+00	3.7639e+01
5.48710e+20	1.2494e+04	9.502e-22	1.0000e+01	1.0721e+01	7.9580e-15	1.5114e-02	9.8489e-01	3.0927e-03	9.9628e-01	6.2258e-04	5.4918e-20	6.4637e-06	4.7984e-02	8.3630e-01	1.1483e-01	8.2311e-04	5.1071e-02	9.4661e-01	7.2806e-04	7.7185e-04	4.2070e-07	5.4559e-27	0.00e+00	0.00e+00	3.8628e+01
5.49640e+20	1.2470e+04	9.541e-22	1.0000e+01	1.0713e+01	9.0141e-15	1.6030e-02	9.8397e-01	3.2762e-03	9.9611e-01	6.1488e-04	7.2773e-20	6.8945e-06	5.1058e-02	8.4089e-01	1.0721e-01	9.6754e-04	5.6107e-02	9.4147e-01	6.9131e-04	7.6236e-04	3.8783e-07	7.2070e-27	0.00e+00	0.00e+00	3.9461e+01
5.50395e+20	1.2461e+04	9.558e-22	1.0000e+01	1.0702e+01	9.9496e-15	1.6822e-02	9.8318e-01	3.4378e-03	9.9595e-01	6.1318e-04	9.1798e-20	7.2549e-06	5.3767e-02	8.4431e-01	1.0112e-01	1.1067e-03	6.0712e-02	9.3676e-01	6.6255e-04	7.5469e-04	3.6283e-07	9.0492e-27	0.00e+00	0.00e+00	4.0191e+01
5.51186e+20	1.2432e+04	9.582e-22	1.0000e+01	1.0694e+01	1.1086e-14	1.7688e-02	9.8231e-01	3.6189e-03	9.9577e-01	6.1106e-04	1.1697e-19	7.6692e-06	5.6775e-02	8.4767e-01	9.4791e-02	1.2712e-03	6.5848e-02	9.3150e-01	6.3340e-04	7.4552e-04	3.3801e-07	1.1473e-26	0.00e+00	0.00e+00	4.1190e+01
5.52075e+20	1.2400e+04	9.621e-22	1.0000e+01	1.0685e+01	1.2672e-14	1.8828e-02	9.8117e-01	3.8504e-03	9.9555e-01	6.0161e-04	1.5750e-19	8.2028e-06	6.0584e-02	8.5108e-01	8.7613e-02	1.5081e-03	7.2766e-02	9.2439e-01	5.9853e-04	7.3381e-04	3.0934e-07	1.5408e-26	0.00e+00	0.00e+00	4.2241e+01
5.52870e+20	1.2376e+04	9.656e-22	1.0000e+01	1.0674e+01	1.4399e-14	2.0005e-02	9.7999e-01	4.0873e-03	9.9532e-01	5.9353e-04	2.0987e-19	8.7333e-06	6.4459e-02	8.5369e-01	8.1166e-02	1.7801e-03	8.0191e-02	9.1674e-01	5.6646e-04	7.2224e-04	2.8379e-07	2.0486e-26	0.00e+00	0.00e+00	4.3132e+01
5.53518e+20	1.2360e+04	9.670e-22	1.0000e+01	1.0658e+01	1.5976e-14	2.1029e-02	9.7897e-01	4.2986e-03	9.9511e-01	5.9002e-04	2.6622e-19	9.1867e-06	6.7891e-02	8.5542e-01	7.6039e-02	2.0434e-03	8.6993e-02	9.0971e-01	5.4128e-04	7.1254e-04	2.6429e-07	2.5888e-26	0.00e+00	0.00e+00	4.3914e+01
5.54195e+20	1.2316e+04	9.695e-22	1.0000e+01	1.0650e+01	1.7945e-14	2.2161e-02	9.7784e-01	4.5393e-03	9.9487e-01	5.8628e-04	3.4183e-19	9.7255e-06	7.1737e-02	8.5691e-01	7.0729e-02	2.3572e-03	9.4598e-02	9.0183e-01	5.1574e-04	7.0075e-04	2.4476e-07	3.3117e-26	0.00e+00	0.00e+00	4.4985e+01
5.55076e+20	1.2279e+04	9.729e-22	1.0000e+01	1.0637e+01	2.0945e-14	2.3820e-02	9.7618e-01	4.8824e-03	9.9454e-01	5.7596e-04	4.8071e-19	1.0480e-05	7.7208e-02	8.5828e-01	6.3936e-02	2.8675e-03	1.0611e-01	8.8985e-01	4.8194e-04	6.8426e-04	2.2001e-07	4.6476e-26	0.00e+00	0.00e+00	4.6482e+01
5.55929e+20	1.2243e+04	9.789e-22	1.0000e+01	1.0618e+01	2.5021e-14	2.5908e-02	9.7409e-01	5.2915e-03	9.9415e-01	5.5967e-04	7.0735e-19	1.1359e-05	8.3640e-02	8.5863e-01	5.7194e-02	3.5864e-03	1.2084e-01	8.7447e-01	4.4526e-04	6.6453e-04	1.9421e-07	6.8569e-26	0.00e+00	0.00e+00	4.7643e+01
5.56510e+20	1.2223e+04	9.800e-22	1.0000e+01	1.0593e+01	2.8262e-14	2.7465e-02	9.7253e-01	5.6125e-03	9.9383e-01	5.5458e-04	9.2818e-19	1.2004e-05	8.8615e-02	8.5811e-01	5.2765e-02	4.2007e-03	1.3259e-01	8.6214e-01	4.2146e-04	6.5028e-04	1.7797e-07	8.9743e-26	0.00e+00	0.00e+00	4.8429e+01
5.56953e+20	1.2180e+04	9.813e-22	1.0000e+01	1.0582e+01	3.1210e-14	2.8700e-02	9.7130e-01	5.8834e-03	9.9356e-01	5.5232e-04	1.1411e-18	1.2572e-05	9.2713e-02	8.5732e-01	4.9486e-02	4.7264e-03	1.4204e-01	8.5219e-01	4.0431e-04	6.3803e-04	1.6631e-07	1.0999e-25	0.00e+00	0.00e+00	4.9213e+01
5.57451e+20	1.2146e+04	9.817e-22	1.0000e+01	1.0569e+01	3.4728e-14	3.0139e-02	9.6986e-01	6.1986e-03	9.9325e-01	5.4830e-04	1.4358e-18	1.3222e-05	9.7482e-02	8.5613e-01	4.5926e-02	5.3891e-03	1.5337e-01	8.4024e-01	3.8573e-04	6.2401e-04	1.5407e-07	1.3803e-25	0.00e+00	0.00e+00	5.0284e+01
5.58098e+20	1.2103e+04	9.832e-22	1.0000e+01	1.0544e+01	4.0277e-14	3.2277e-02	9.6772e-01	6.6498e-03	9.9281e-01	5.3902e-04	1.9670e-18	1.4120e-05	1.0425e-01	8.5395e-01	4.1366e-02	6.4562e-03	1.7026e-01	8.2232e-01	3.6083e-04	6.0398e-04	1.3824e-07	1.8875e-25	0.00e+00	0.00e+00	5.1774e+01
5.58786e+20	1.2051e+04	9.881e-22	1.0000e+01	1.0519e+01	4.8512e-14	3.5173e-02	9.6483e-01	7.2342e-03	9.9224e-01	5.2445e-04	2.8871e-18	1.5280e-05	1.1283e-01	8.5031e-01	3.6465e-02	8.0440e-03	1.9291e-01	7.9813e-01	3.3169e-04	5.7759e-04	1.2037e-07	2.7821e-25	0.00e+00	0.00e+00	5.3206e+01
5.59352e+20	1.2000e+04	9.914e-22	1.0000e+01	1.0496e+01	5.7302e-14	3.7960e-02	9.6204e-01	7.8115e-03	9.9167e-01	5.1353e-04	4.0550e-18	1.6411e-05	1.2109e-01	8.4600e-01	3.2540e-02	9.7611e-03	2.1518e-01	7.7420e-01	3.0765e-04	5.5253e-04	1.0610e-07	3.9204e-25	0.00e+00	0.00e+00	5.4370e+01
5.59816e+20	1.1965e+04	9.908e-22	1.0000e+01	1.0462e+01	6.5434e-14	4.0379e-02	9.5962e-01	8.3302e-03	9.9116e-01	5.0617e-04	5.3434e-18	1.7353e-05	1.2843e-01	8.4171e-01	2.9514e-02	1.1426e-02	2.3523e-01	7.5252e-01	2.8922e-04	5.3143e-04	9.5556e-08	5.1588e-25	0.00e+00	0.00e+00	5.5502e+01
5.60327e+20	1.1905e+04	9.915e-22	1.0000e+01	1.0434e+01	7.6550e-14	4.3322e-02	9.5668e-01	8.9682e-03	9.9053e-01	4.9697e-04	7.2869e-18	1.8533e-05	1.3725e-01	8.3613e-01	2.6305e-02	1.3604e-02	2.5912e-01	7.2650e-01	2.6939e-04	5.0587e-04	1.1755e-36	7.0371e-25	0.00e+00	0.00e+00	5.7082e+01
5.60991e+20	1.1839e+04	9.930e-22	1.0000e+01	1.0387e+01	9.5195e-14	4.7869e-02	9.5213e-01	9.9184e-03	9.8960e-01	4.8244e-04	1.1183e-17	2.0223e-05	1.5009e-01	8.2729e-01	2.2317e-02	1.7305e-02	2.9523e-01	6.8676e-01	2.4319e-04	4.6867e-04	1.1755e-36	1.0855e-24	0.00e+00	0.00e+00	5.9350e+01
5.61643e+20	1.1768e+04	9.985e-22	1.0000e+01	1.0330e+01	1.2391e-13	5.4076e-02	9.4592e-01	1.1142e-02	9.8840e-01	4.6241e-04	1.8445e-17	2.2307e-05	1.6606e-01	8.1525e-01	1.8427e-02	2.2889e-02	3.4138e-01	6.3510e-01	2.1427e-04	4.2223e-04	1.1755e-36	1.8172e-24	0.00e+00	0.00e+00	6.1235e+01
5.62090e+20	1.1696e+04	9.998e-22	1.0000e+01	1.0287e+01	1.5164e-13	5.9214e-02	9.4079e-01	1.2218e-02	9.8733e-01	4.5003e-04	2.6720e-17	2.4096e-05	1.7952e-01	8.0434e-01	1.5900e-02	2.8039e-02	3.7825e-01	5.9313e-01	1.9477e-04	3.8600e-04	1.1755e-36	2.6541e-24	0.00e+00	0.00e+00	6.2514e+01
5.62413e+20	1.1656e+04	9.951e-22	1.0000e+01	1.0234e+01	1.7347e-13	6.2969e-02	9.3703e-01	1.3055e-02	9.8650e-01	4.4295e-04	3.4363e-17	2.5348e-05	1.8976e-01	7.9574e-01	1.4266e-02	3.2164e-02	4.0521e-01	5.6208e-01	1.8235e-04	3.6085e-04	1.1755e-36	3.4116e-24	0.00e+00	0.00e+00	6.3723e+01
5.62763e+20	1.1586e+04	9.928e-22	1.0000e+01	1.0195e+01	2.0355e-13	6.7545e-02	9.3246e-01	1.4077e-02	9.8549e-01	4.3446e-04	4.5488e-17	2.6936e-05	2.0185e-01	7.8537e-01	1.2570e-02	3.7351e-02	4.3523e-01	5.2692e-01	1.6906e-04	3.3211e-04	1.1755e-36	4.5317e-24	0.00e+00	0.00e+00	6.5408e+01
5.63217e+20	1.1519e+04	9.907e-22	1.0000e+01	1.0136e+01	2.5405e-13	7.4747e-02	9.2525e-01	1.5594e-02	9.8398e-01	4.2158e-04	6.7068e-17	2.9130e-05	2.1932e-01	7.7001e-01	1.0478e-02	4.5886e-02	4.7760e-01	4.7607e-01	1.5128e-04	2.9198e-04	1.1755e-36	6.7605e-24	0.00e+00	0.00e+00	6.7833e+01
5.63689e+20	1.1442e+04	9.886e-22	1.0000e+01	1.0026e+01	3.3373e-13	8.4687e-02	9.1531e-01	1.7567e-02	9.8202e-01	4.0789e-04	1.0551e-16	3.1744e-05	2.4093e-01	7.5046e-01	8.4291e-03	5.8232e-02	5.2701e-01	4.1439e-01	1.3165e-04	2.4571e-04	1.1755e-36	1.0841e-23	0.00e+00	0.00e+00	7.0125e+01
5.64048e+20	1.1368e+04	9.851e-22	1.0000e+01	9.9433e+00	4.2214e-13	9.4217e-02	9.0578e-01	1.9525e-02	9.8008e-01	3.9654e-04	1.5387e-16	3.4206e-05	2.6121e-01	7.3166e-01	6.9732e-03	7.0592e-02	5.6640e-01	3.6268e-01	1.1667e-04	2.0820e-04	1.1755e-36	1.6085e-23	0.00e+00	0.00e+00	7.1848e+01
5.64310e+20	1.1324e+04	9.740e-22	1.0000e+01	9.8387e+00	4.9569e-13	1.0137e-01	8.9863e-01	2.1102e-02	9.7851e-01	3.9181e-04	1.9879e-16	3.5939e-05	2.7683e-01	7.1696e-01	6.0536e-03	8.0344e-02	5.9306e-01	3.2631e-01	1.0720e-04	1.8348e-04	1.1755e-36	2.0857e-23	0.00e+00	0.00e+00	7.3353e+01
5.64581e+20	1.1243e+04	9.656e-22	1.0000e+01	9.7571e+00	5.9565e-13	1.0980e-01	8.9020e-01	2.2978e-02	9.7664e-01	3.8574e-04	2.6104e-16	3.8018e-05	2.9458e-01	7.0012e-01	5.1659e-03	9.1786e-02	6.1821e-01	2.8975e-01	9.7683e-05	1.5865e-04	1.1755e-36	2.7599e-23	0.00e+00	0.00e+00	7.5472e+01
5.64932e+20	1.1158e+04	9.532e-22	1.0000e+01	9.6181e+00	7.6728e-13	1.2297e-01	8.7703e-01	2.5761e-02	9.7386e-01	3.8004e-04	3.7725e-16	4.0777e-05	3.1957e-01	6.7618e-01	4.1226e-03	1.0969e-01	6.4806e-01	2.4203e-01	8.5418e-05	1.2750e-04	1.1755e-36	4.0561e-23	0.00e+00	0.00e+00	7.8557e+01
5.65290e+20	1.1067e+04	9.394e-22	1.0000e+01	9.4293e+00	1.0416e-12	1.4118e-01	8.5882e-01	2.9419e-02	9.7021e-01	3.7548e-04	5.7653e-16	4.3925e-05	3.5003e-01	6.4670e-01	3.1557e-03	1.3420e-01	6.7419e-01	1.9144e-01	7.2292e-05	9.5912e-05	1.1755e-36	6.3681e-23	0.00e+00	0.00e+00	8.1401e+01
5.65553e+20	1.0978e+04	9.241e-22	1.0000e+01	9.2810e+00	1.3352e-12	1.5764e-01	8.4236e-01	3.2949e-02	9.6668e-01	3.7289e-04	8.0302e-16	4.6676e-05	3.7707e-01	6.2030e-01	2.5278e-03	1.5620e-01	6.8774e-01	1.5592e-01	6.3085e-05	7.4744e-05	1.1755e-36	9.0416e-23	0.00e+00	0.00e+00	8.3448e+01
5.65741e+20	1.0920e+04	9.051e-22	1.0000e+01	9.1463e+00	1.5767e-12	1.6963e-01	8.3037e-01	3.5797e-02	9.6383e-01	3.7372e-04	9.9969e-16	4.8609e-05	3.9745e-01	6.0029e-01	2.1482e-03	1.7229e-01	6.9381e-01	1.3378e-01	5.7494e-05	6.2270e-05	1.1755e-36	1.1319e-22	0.00e+00	0.00e+00	8.5274e+01
5.65937e+20	1.0828e+04	8.860e-22	1.0000e+01	9.0086e+00	1.9003e-12	1.8352e-01	8.1648e-01	3.9145e-02	9.6048e-01	3.7455e-04	1.2573e-15	5.0732e-05	4.1990e-01	5.7821e-01	1.7927e-03	1.9054e-01	6.9626e-01	1.1310e-01	5.1989e-05	5.0901e-05	1.1755e-36	1.4327e-22	0.00e+00	0.00e+00	8.7843e+01
5.66192e+20	1.0733e+04	8.579e-22	1.0000e+01	8.7830e+00	2.4438e-12	2.0478e-01	7.9522e-01	4.4049e-02	9.5557e-01	3.7955e-04	1.7060e-15	5.3235e-05	4.5038e-01	5.4813e-01	1.3909e-03	2.1786e-01	6.9349e-01	8.8571e-02	4.5030e-05	3.7989e-05	1.1755e-36	1.9686e-22	0.00e+00	0.00e+00	9.1569e+01
5.66452e+20	1.0626e+04	8.246e-22	1.0000e+01	8.4909e+00	3.2817e-12	2.3297e-01	7.6703e-01	5.0393e-02	9.4922e-01	3.8821e-04	2.4041e-15	5.5730e-05	4.8585e-01	5.1302e-01	1.0370e-03	2.5298e-01	6.8138e-01	6.5573e-02	3.7831e-05	2.6489e-05	1.1755e-36	2.8230e-22	0.00e+00	0.00e+00	9.4997e+01
5.66651e+20	1.0517e+04	7.927e-22	1.0000e+01	8.2611e+00	4.1772e-12	2.5806e-01	7.4194e-01	5.6708e-02	9.4290e-01	3.9616e-04	3.1504e-15	5.7892e-05	5.1723e-01	4.8187e-01	8.0892e-04	2.8353e-01	6.6576e-01	5.0658e-02	3.2788e-05	1.9442e-05	1.1755e-36	3.7358e-22	0.00e+00	0.00e+00	9.7679e+01
5.66801e+20	1.0441e+04	7.606e-22	1.0000e+01	8.0424e+00	4.9418e-12	2.7683e-01	7.2317e-01	6.1982e-02	9.3761e-01	4.0537e-04	3.7826e-15	5.9169e-05	5.4108e-01	4.5816e-01	6.6911e-04	3.0609e-01	6.5231e-01	4.1546e-02	2.9623e-05	1.5404e-05	1.1755e-36	4.4633e-22	0.00e+00	0.00e+00	1.0004e+02
5.66956e+20	1.0343e+04	7.281e-22	1.0000e+01	7.8380e+00	5.9333e-12	2.9822e-01	7.0178e-01	6.8323e-02	9.3126e-01	4.1466e-04	4.5856e-15	6.0609e-05	5.6710e-01	4.3227e-01	5.4204e-04	3.3126e-01	6.3518e-01	3.3518e-02	2.6528e-05	1.1947e-05	1.1755e-36	5.3997e-22	0.00e+00	0.00e+00	1.0335e+02
5.67159e+20	1.0228e+04	6.816e-22	1.0000e+01	7.4969e+00	7.5753e-12	3.2985e-01	6.7015e-01	7.7389e-02	9.2218e-01	4.3322e-04	5.8792e-15	6.1689e-05	6.0052e-01	3.9899e-01	4.0626e-04	3.6759e-01	6.0764e-01	2.4734e-02	2.2709e-05	8.3568e-06	1.1755e-36	6.8749e-22	0.00e+00	0.00e+00	1.0811e+02
5.67360e+20	1.0103e+04	6.303e-22	1.0000e+01	7.1007e+00	9.9113e-12	3.6857e-01	6.3143e-01	8.8690e-02	9.1085e-01	4.5802e-04	7.6609e-15	6.2219e-05	6.3653e-01	3.6309e-01	2.9655e-04	4.1078e-01	5.7178e-01	1.7414e-02	1.8966e-05	5.5306e-06	1.1755e-36	8.8720e-22	0.00e+00	0.00e+00	1.1216e+02
5.67508e+20	9.9864e+03	5.871e-22	1.0000e+01	6.7991e+00	1.2095e-11	3.9844e-01	6.0156e-01	9.9111e-02	9.0041e-01	4.7848e-04	9.2303e-15	6.2499e-05	6.6505e-01	3.3464e-01	2.3204e-04	4.4341e-01	5.4333e-01	1.3242e-02	1.6597e-05	4.0213e-06	1.1755e-36	1.0496e-21	0.00e+00	0.00e+00	1.1524e+02
5.67623e+20	9.8971e+03	5.512e-22	1.0000e+01	6.5600e+00	1.3967e-11	4.2105e-01	5.7895e-01	1.0824e-01	8.9126e-01	4.9583e-04	1.0531e-14	6.2513e-05	6.8712e-01	3.1261e-01	1.9127e-04	4.6774e-01	5.2155e-01	1.0691e-02	1.5036e-05	3.1439e-06	1.1755e-36	1.1715e-21	0.00e+00	0.00e+00	1.1811e+02
5.67736e+20	9.7871e+03	5.165e-22	1.0000e+01	6.3222e+00	1.6266e-11	4.4520e-01	5.5480e-01	1.1838e-01	8.8110e-01	5.1346e-04	1.2009e-14	6.2383e-05	7.0898e-01	2.9079e-01	1.5688e-04	4.9331e-01	4.9810e-01	8.5741e-03	1.3555e-05	2.4392e-06	1.1755e-36	1.3056e-21	0.00e+00	0.00e+00	1.2144e+02
5.67859e+20	9.6891e+03	4.773e-22	1.0000e+01	6.0236e+00	1.9057e-11	4.7272e-01	5.2728e-01	1.2995e-01	8.6951e-01	5.3895e-04	1.3762e-14	6.1541e-05	7.3137e-01	2.6843e-01	1.2637e-04	5.2197e-01	4.7135e-01	6.6705e-03	1.2060e-05	1.8312e-06	1.1755e-36	1.4468e-21	0.00e+00	0.00e+00	1.2520e+02
5.67973e+20	9.5822e+03	4.407e-22	1.0000e+01	5.7343e+00	2.2301e-11	5.0071e-01	4.9929e-01	1.4230e-01	8.5714e-01	5.6588e-04	1.5661e-14	6.0539e-05	7.5236e-01	2.4747e-01	1.0282e-04	5.5063e-01	4.4417e-01	5.1965e-03	1.0718e-05	1.3776e-06	1.1755e-36	1.5890e-21	0.00e+00	0.00e+00	1.2842e+02
5.68064e+20	9.4989e+03	4.108e-22	1.0000e+01	5.5074e+00	2.5075e-11	5.2216e-01	4.7784e-01	1.5348e-01	8.4593e-01	5.8837e-04	1.7225e-14	5.9637e-05	7.6915e-01	2.3070e-01	8.7219e-05	5.7233e-01	4.2341e-01	4.2494e-03	9.7910e-06	1.0978e-06	1.1755e-36	1.6876e-21	0.00e+00	0.00e+00	1.3108e+02
5.68143e+20	9.4016e+03	3.854e-22	1.0000e+01	5.3176e+00	2.7966e-11	5.4095e-01	4.5905e-01	1.6453e-01	8.3487e-01	6.0688e-04	1.8673e-14	5.8873e-05	7.8391e-01	2.1595e-01	7.5446e-05	5.9113e-01	4.0530e-01	3.5587e-03	9.0465e-06	8.9958e-07	1.1755e-36	1.7693e-21	0.00e+00	0.00e+00	1.3375e+02
5.68210e+20	9.3337e+03	3.642e-22	1.0000e+01	5.1449e+00	3.0472e-11	5.5680e-01	4.4320e-01	1.7383e-01	8.2555e-01	6.2532e-04	1.9921e-14	5.7972e-05	7.9542e-01	2.0445e-01	6.7146e-05	6.0685e-01	3.9009e-01	3.0595e-03	8.4583e-06	7.5978e-07	1.1755e-36	1.8271e-21	0.00e+00	0.00e+00	1.3565e+02
5.68258e+20	9.2715e+03	3.489e-22	1.0000e+01	5.0322e+00	3.2463e-11	5.6747e-01	4.3253e-01	1.8163e-01	8.1773e-01	6.3632e-04	2.0816e-14	5.7454e-05	8.0417e-01	1.9570e-01	6.1659e-05	6.1737e-01	3.7988e-01	2.7464e-03	8.0833e-06	6.7414e-07	1.1755e-36	1.8626e-21	0.00e+00	0.00e+00	1.3721e+02
5.68305e+20	9.2092e+03	3.341e-22	1.0000e+01	4.9212e+00	3.4543e-11	5.7788e-01	4.2212e-01	1.8958e-01	8.0978e-01	6.4697e-04	2.1710e-14	5.6906e-05	8.1257e-01	1.8731e-01	5.6702e-05	6.2759e-01	3.6994e-01	2.4687e-03	7.7314e-06	5.9925e-07	1.1755e-36	1.8935e-21	0.00e+00	0.00e+00	1.3907e+02
5.68362e+20	9.1360e+03	3.168e-22	1.0000e+01	4.7743e+00	3.7342e-11	5.9170e-01	4.0830e-01	1.9907e-01	8.0026e-01	6.6353e-04	2.2890e-14	5.6003e-05	8.2202e-01	1.7787e-01	5.1330e-05	6.4103e-01	3.5680e-01	2.1586e-03	7.2848e-06	5.1646e-07	1.1755e-36	1.9311e-21	0.00e+00	0.00e+00	1.4137e+02
5.68420e+20	9.0636e+03	2.994e-22	1.0000e+01	4.6161e+00	4.0582e-11	6.0753e-01	3.9247e-01	2.0926e-01	7.9006e-01	6.8344e-04	2.4265e-14	5.4907e-05	8.3142e-01	1.6847e-01	4.6358e-05	6.5628e-01	3.4185e-01	1.8636e-03	6.7998e-06	4.3853e-07	1.1755e-36	1.9764e-21	0.00e+00	0.00e+00	1.4350e+02
5.68470e+20	9.0113e+03	2.846e-22	1.0000e+01	4.4775e+00	4.3182e-11	6.1954e-01	3.8046e-01	2.1800e-01	7.8130e-01	7.0247e-04	2.5347e-14	5.3858e-05	8.3895e-01	1.6095e-01	4.2747e-05	6.6780e-01	3.3055e-01	1.6521e-03	6.4486e-06	3.8408e-07	1.1755e-36	1.9915e-21	0.00e+00	0.00e+00	1.4520e+02
5.68514e+20	8.9426e+03	2.721e-22	1.0000e+01	4.3707e+00	4.5977e-11	6.2996e-01	3.7004e-01	2.2701e-01	7.7228e-01	7.1468e-04	2.6335e-14	5.3143e-05	8.4602e-01	1.5388e-01	3.9763e-05	6.7774e-01	3.2077e-01	1.4861e-03	6.1573e-06	3.4199e-07	1.1755e-36	2.0083e-21	0.00e+00	0.00e+00	1.4695e+02
5.68561e+20	8.8746e+03	2.586e-22	1.0000e+01	4.2484e+00	4.9105e-11	6.4145e-01	3.5855e-01	2.3682e-01	7.6245e-01	7.3003e-04	2.7445e-14	5.2236e-05	8.5330e-01	1.4660e-01	3.6828e-05	6.8863e-01	3.1004e-01	1.3219e-03	5.8474e-06	3.0083e-07	1.1755e-36	2.0202e-21	0.00e+00	0.00e+00	1.4901e+02
5.68612e+20	8.8038e+03	2.442e-22	1.0000e+01	4.1083e+00	5.2792e-11	6.5477e-01	3.4523e-01	2.4759e-01	7.5166e-01	7.4991e-04	2.8753e-14	5.1092e-05	8.6080e-01	1.3911e-01	3.3962e-05	7.0118e-01	2.9766e-01	1.1584e-03	5.5023e-06	2.6029e-07	1.1755e-36	2.0307e-21	0.00e+00	0.00e+00	1.5117e+02
5.68662e+20	8.7314e+03	2.309e-22	1.0000e+01	3.9711e+00	5.6658e-11	6.6742e-01	3.3258e-01	2.5816e-01	7.4107e-01	7.7061e-04	3.0032e-14	4.9914e-05	8.6764e-01	1.3228e-01	3.1549e-05	7.1302e-01	2.8596e-01	1.0211e-03	5.1889e-06	2.2678e-07	1.1755e-36	2.0301e-21	0.00e+00	0.00e+00	1.5311e+02
5.68706e+20	8.6735e+03	2.193e-22	1.0000e+01	3.8533e+00	5.9982e-11	6.7767e-01	3.2233e-01	2.6806e-01	7.3116e-01	7.8836e-04	3.1124e-14	4.8885e-05	8.7360e-01	1.2632e-01	2.9639e-05	7.2256e-01	2.7652e-01	9.1508e-04	4.9436e-06	2.0135e-07	1.1755e-36	2.0192e-21	0.00e+00	0.00e+00	1.5491e+02
5.68750e+20	8.5927e+03	2.080e-22	1.0000e+01	3.7403e+00	6.4174e-11	6.8815e-01	3.1185e-01	2.7901e-01	7.2019e-01	8.0383e-04	3.2274e-14	4.7920e-05	8.7967e-01	1.2025e-01	2.7870e-05	7.3228e-01	2.6689e-01	8.1940e-04	4.7026e-06	1.7869e-07	1.1755e-36	2.0081e-21	0.00e+00	0.00e+00	1.5692e+02
5.68797e+20	8.5100e+03	1.963e-22	1.0000e+01	3.6168e+00	6.9001e-11	7.0011e-01	2.9989e-01	2.9106e-01	7.0812e-01	8.2221e-04	3.3621e-14	4.6802e-05	8.8592e-01	1.1400e-01	2.6136e-05	7.4331e-01	2.5596e-01	7.2473e-04	4.4362e-06	1.5641e-07	1.1755e-36	1.9970e-21	0.00e+00	0.00e+00	1.5908e+02
5.68844e+20	8.4345e+03	1.851e-22	1.0000e+01	3.4894e+00	7.3866e-11	7.1160e-01	2.8840e-01	3.0273e-01	6.9642e-01	8.4363e-04	3.4966e-14	4.5573e-05	8.9161e-01	1.0831e-01	2.4645e-05	7.5384e-01	2.4552e-01	6.4293e-04	4.1895e-06	1.3742e-07	1.1755e-36	1.9730e-21	0.00e+00	0.00e+00	1.6108e+02
5.68887e+20	8.3645e+03	1.751e-22	1.0000e+01	3.3770e+00	7.8499e-11	7.2139e-01	2.7861e-01	3.1406e-01	6.8508e-01	8.6232e-04	3.6177e-14	4.4482e-05	8.9672e-01	1.0321e-01	2.3428e-05	7.6277e-01	2.3665e-01	5.7775e-04	3.9860e-06	1.1755e-36	1.1755e-36	1.9441e-21	0.00e+00	0.00e+00	1.6297e+02
5.68930e+20	8.2792e+03	1.655e-22	1.0000e+01	3.2700e+00	8.4019e-11	7.3112e-01	2.6888e-01	3.2627e-01	6.7285e-01	8.7847e-04	3.7422e-14	4.3448e-05	9.0179e-01	9.8138e-02	2.2322e-05	7.7161e-01	2.2787e-01	5.1980e-04	3.7903e-06	1.1755e-36	1.1755e-36	1.9147e-21	0.00e+00	0.00e+00	1.6500e+02
5.68975e+20	8.1887e+03	1.558e-22	1.0000e+01	3.1571e+00	9.0394e-11	7.4184e-01	2.5816e-01	3.3947e-01	6.5964e-01	8.9590e-04	3.8838e-14	4.2321e-05	9.0692e-01	9.3017e-02	2.1260e-05	7.8130e-01	2.1823e-01	4.6416e-04	3.5810e-06	1.1755e-36	1.1755e-36	1.8843e-21	0.00e+00	0.00e+00	1.6716e+02
5.69019e+20	8.1023e+03	1.466e-22	1.0000e+01	3.0414e+00	9.6996e-11	7.5211e-01	2.4789e-01	3.5233e-01	6.4675e-01	9.1668e-04	4.0269e-14	4.1109e-05	9.1159e-01	8.8343e-02	2.0340e-05	7.9054e-01	2.0904e-01	4.1599e-04	3.3864e-06	1.1755e-36	1.1755e-36	1.8434e-21	0.00e+00	0.00e+00	1.6919e+02
5.69061e+20	8.0180e+03	1.383e-22	1.0000e+01	2.9387e+00	1.0368e-10	7.6120e-01	2.3880e-01	3.6510e-01	6.3397e-01	9.3382e-04	4.1607e-14	4.0030e-05	9.1587e-01	8.4064e-02	1.9572e-05	7.9868e-01	2.0094e-01	3.7665e-04	3.2191e-06	1.1755e-36	1.1755e-36	1.8032e-21	0.00e+00	0.00e+00	1.7114e+02
5.69102e+20	7.9186e+03	1.305e-22	1.0000e+01	2.8386e+00	1.1168e-10	7.7009e-01	2.2991e-01	3.7846e-01	6.2059e-01	9.4867e-04	4.2970e-14	3.8986e-05	9.2003e-01	7.9911e-02	1.8883e-05	8.0663e-01	1.9303e-01	3.4209e-04	3.0602e-06	1.1755e-36	1.1755e-36	1.7607e-21	0.00e+00	0.00e+00	1.7319e+02
5.69145e+20	7.8275e+03	1.226e-22	1.0000e+01	2.7333e+00	1.1987e-10	7.7912e-01	2.2088e-01	3.9217e-01	6.0686e-01	9.6738e-04	4.4443e-14	3.7827e-05	9.2402e-01	7.5918e-02	1.8245e-05	8.1465e-01	1.8504e-01	3.1007e-04	2.9024e-06	1.1755e-36	1.1755e-36	1.7118e-21	0.00e+00	0.00e+00	1.7532e+02
5.69188e+20	7.7378e+03	1.149e-22	1.0000e+01	2.6286e+00	1.2865e-10	7.8822e-01	2.1178e-01	4.0628e-01	5.9274e-01	9.8667e-04	4.6011e-14	3.6649e-05	9.2785e-01	7.2093e-02	1.7664e-05	8.2269e-01	1.7703e-01	2.8123e-04	2.7474e-06	1.1755e-36	1.1755e-36	1.6621e-21	0.00e+00	0.00e+00	1.7747e+02
5.69231e+20	7.6291e+03	1.079e-22	1.0000e+01	2.5315e+00	1.3950e-10	7.9725e-01	2.0275e-01	4.2096e-01	5.7804e-01	1.0008e-03	4.7610e-14	3.5571e-05	9.3152e-01	6.8428e-02	1.7153e-05	8.3065e-01	1.6909e-01	2.5641e-04	2.5978e-06	1.1755e-36	1.1755e-36	1.6174e-21	0.00e+00	0.00e+00	1.7955e+02
5.69271e+20	7.5296e+03	1.016e-22	1.0000e+01	2.4375e+00	1.5019e-10	8.0489e-01	1.9511e-01	4.3467e-01	5.6431e-01	1.0173e-03	4.9108e-14	3.4489e-05	9.3471e-01	6.5241e-02	1.6736e-05	8.3737e-01	1.6240e-01	2.3638e-04	2.4741e-06	1.1755e-36	1.1755e-36	1.5650e-21	0.00e+00	0.00e+00	1.8151e+02
5.69310e+20	7.4146e+03	9.566e-23	1.0000e+01	2.3531e+00	1.6322e-10	8.1262e-01	1.8738e-01	4.4948e-01	5.4949e-01	1.0257e-03	5.0637e-14	3.3542e-05	9.3788e-01	6.2073e-02	1.6357e-05	8.4414e-01	1.5564e-01	2.1864e-04	2.3518e-06	1.1755e-36	1.1755e-36	1.5228e-21	0.00e+00	0.00e+00	1.8357e+02
5.69350e+20	7.2977e+03	8.976e-23	1.0000e+01	2.2615e+00	1.7777e-10	8.2036e-01	1.7964e-01	4.6434e-01	5.3462e-01	1.0391e-03	5.2303e-14	3.2472e-05	9.4086e-01	5.9095e-02	1.6011e-05	8.5090e-01	1.4890e-01	2.0247e-04	2.2319e-06	1.1755e-36	1.1755e-36	1.4725e-21	0.00e+00	0.00e+00	1.8569e+02
5.69391e+20	7.1717e+03	8.414e-23	1.0000e+01	2.1705e+00	1.9486e-10	8.2812e-01	1.7188e-01	4.7952e-01	5.1943e-01	1.0518e-03	5.4066e-14	3.1395e-05	9.4368e-01	5.6273e-02	1.5698e-05	8.5765e-01	1.4216e-01	1.8812e-04	2.1143e-06	1.1755e-36	1.1755e-36	1.4229e-21	0.00e+00	0.00e+00	1.8781e+02
5.69431e+20	7.0483e+03	7.899e-23	1.0000e+01	2.0853e+00	2.1321e-10	8.3535e-01	1.6465e-01	4.9453e-01	5.0441e-01	1.0623e-03	5.5824e-14	3.0375e-05	9.4626e-01	5.3689e-02	1.5430e-05	8.6393e-01	1.3590e-01	1.7596e-04	2.0067e-06	1.1755e-36	1.1755e-36	1.3771e-21	0.00e+00	0.00e+00	1.8985e+02
5.69469e+20	6.9207e+03	7.427e-23	1.0000e+01	2.0063e+00	2.3384e-10	8.4203e-01	1.5797e-01	5.0955e-01	4.8938e-01	1.0693e-03	5.7551e-14	2.9426e-05	9.4865e-01	5.1300e-02	1.5200e-05	8.6971e-01	1.3013e-01	1.6577e-04	1.9093e-06	1.1755e-36	1.1755e-36	1.3356e-21	0.00e+00	0.00e+00	1.9186e+02
5.69507e+20	6.7879e+03	6.979e-23	1.0000e+01	1.9288e+00	2.5744e-10	8.4853e-01	1.5147e-01	5.2478e-01	4.7415e-01	1.0748e-03	5.9342e-14	2.8484e-05	9.5090e-01	4.9055e-02	1.4996e-05	8.7531e-01	1.2453e-01	1.5683e-04	1.8163e-06	1.1755e-36	1.1755e-36	1.2965e-21	0.00e+00	0.00e+00	1.9392e+02
5.69545e+20	6.6603e+03	6.549e-23	1.0000e+01	1.8502e+00	2.8249e-10	8.5472e-01	1.4528e-01	5.3969e-01	4.5923e-01	1.0831e-03	6.1236e-14	2.7501e-05	9.5295e-01	4.7003e-02	1.4814e-05	8.8064e-01	1.1921e-01	1.4896e-04	1.7288e-06	1.1755e-36	1.1755e-36	1.2561e-21	0.00e+00	0.00e+00	1.9598e+02
5.69583e+20	6.5235e+03	6.160e-23	1.0000e+01	1.7782e+00	3.1183e-10	8.6082e-01	1.3918e-01	5.5468e-01	4.4424e-01	1.0860e-03	6.3136e-14	2.6608e-05	9.5485e-01	4.5104e-02	1.4657e-05	8.8588e-01	1.1398e-01	1.4229e-04	1.6442e-06	1.1755e-36	1.1755e-36	1.2249e-21	0.00e+00	0.00e+00	1.9794e+02
5.69618e+20	6.3854e+03	5.803e-23	1.0000e+01	1.7098e+00	3.4422e-10	8.6622e-01	1.3378e-01	5.6928e-01	4.2964e-01	1.0875e-03	6.4998e-14	2.5749e-05	9.5656e-01	4.3394e-02	1.4528e-05	8.9051e-01	1.0935e-01	1.3683e-04	1.5706e-06	1.1755e-36	1.1755e-36	1.1965e-21	0.00e+00	0.00e+00	1.9989e+02
5.69654e+20	6.2429e+03	5.467e-23	1.0000e+01	1.6438e+00	3.8089e-10	8.7156e-01	1.2844e-01	5.8397e-01	4.1494e-01	1.0865e-03	6.6928e-14	2.4917e-05	9.5816e-01	4.1802e-02	1.4413e-05	8.9507e-01	1.0480e-01	1.3208e-04	1.4987e-06	1.1755e-36	1.1755e-36	1.1737e-21	0.00e+00	0.00e+00	2.0184e+02
5.69690e+20	6.0975e+03	5.149e-23	1.0000e+01	1.5791e+00	4.2175e-10	8.7675e-01	1.2325e-01	5.9859e-01	4.0032e-01	1.0846e-03	6.8941e-14	2.4092e-05	9.5963e-01	4.0336e-02	1.4312e-05	8.9950e-01	1.0037e-01	1.2795e-04	1.4296e-06	1.1755e-36	1.1755e-36	1.1550e-21	0.00e+00	0.00e+00	2.0381e+02
5.69725e+20	5.9453e+03	4.854e-23	1.0000e+01	1.5178e+00	4.6822e-10	8.8187e-01	1.1813e-01	6.1329e-01	3.8563e-01	1.0789e-03	7.0993e-14	2.3313e-05	9.6098e-01	3.8983e-02	1.4226e-05	9.0386e-01	9.6012e-02	1.2447e-04	1.3625e-06	1.1755e-36	1.1755e-36	1.1441e-21	0.00e+00	0.00e+00	2.0573e+02
5.69759e+20	5.7938e+03	4.578e-23	1.0000e+01	1.4585e+00	5.1787e-10	8.8658e-01	1.1342e-01	6.2768e-01	3.7125e-01	1.0724e-03	7.3073e-14	2.2548e-05	9.6219e-01	3.7772e-02	1.4154e-05	9.0787e-01	9.2009e-02	1.2160e-04	1.3015e-06	1.1755e-36	1.1755e-36	1.1362e-21	0.00e+00	0.00e+00	2.0765e+02
5.69793e+20	5.6405e+03	4.321e-23	1.0000e+01	1.4014e+00	5.7106e-10	8.9108e-01	1.0892e-01	6.4184e-01	3.5710e-01	1.0643e-03	7.5197e-14	2.1809e-05	9.6328e-01	3.6681e-02	1.4095e-05	9.1170e-01	8.8183e-02	1.1923e-04	1.2438e-06	1.1755e-36	1.1755e-36	1.1329e-21	0.00e+00	0.00e+00	2.0955e+02
5.69826e+20	5.4856e+03	4.083e-23	1.0000e+01	1.3469e+00	6.2696e-10	8.9535e-01	1.0465e-01	6.5573e-01	3.4321e-01	1.0541e-03	7.7339e-14	2.1101e-05	9.6426e-01	3.5706e-02	1.4047e-05	9.1532e-01	8.4563e-02	1.1732e-04	1.1897e-06	1.1755e-36	1.1755e-36	1.1338e-21	0.00e+00	0.00e+00	2.1142e+02
5.69859e+20	5.3287e+03	3.861e-23	1.0000e+01	1.2947e+00	6.8450e-10	8.9941e-01	1.0059e-01	6.6940e-01	3.2956e-01	1.0420e-03	7.9498e-14	2.0423e-05	9.6513e-01	3.4838e-02	1.4010e-05	9.1876e-01	8.1125e-02	1.1582e-04	1.1388e-06	1.1755e-36	1.1755e-36	1.1378e-21	0.00e+00	0.00e+00	2.1328e+02
5.69892e+20	5.1655e+03	3.653e-23	1.0000e+01	1.2439e+00	7.4377e-10	9.0332e-01	9.6676e-02	6.8288e-01	3.1609e-01	1.0280e-03	8.1697e-14	1.9765e-05	9.6589e-01	3.4074e-02	1.3983e-05	9.2208e-01	7.7809e-02	1.1470e-04	1.0902e-06	1.1755e-36	1.1755e-36	1.1440e-21	0.00e+00	0.00e+00	2.1513e+02
5.69924e+20	5.0087e+03	3.463e-23	1.0000e+01	1.1962e+00	7.9783e-10	9.0700e-01	9.3001e-02	6.9574e-01	3.0324e-01	1.0134e-03	8.3865e-14	1.9145e-05	9.6654e-01	3.3423e-02	1.3964e-05	9.2518e-01	7.4701e-02	1.1386e-04	1.0450e-06	1.1755e-36	1.1755e-36	1.1485e-21	0.00e+00	0.00e+00	2.1690e+02
5.69954e+20	4.8501e+03	3.290e-23	1.0000e+01	1.1515e+00	8.4177e-10	9.1042e-01	8.9583e-02	7.0808e-01	2.9093e-01	9.9684e-04	8.5658e-14	1.8575e-05	9.6743e-01	3.2541e-02	1.3952e-05	9.2808e-01	7.1810e-02	1.1338e-04	1.0033e-06	1.1755e-36	1.1755e-36	1.1013e-21	0.00e+00	0.00e+00	2.1860e+02
5.69982e+20	4.6979e+03	3.142e-23	1.0000e+01	1.1129e+00	8.7768e-10	9.1330e-01	8.6698e-02	7.1952e-01	2.7950e-01	9.7721e-04	8.7152e-14	1.8098e-05	9.6824e-01	3.1730e-02	1.3951e-05	9.3052e-01	6.9362e-02	1.1324e-04	9.6847e-07	1.1755e-36	1.1755e-36	1.0495e-21	0.00e+00	0.00e+00	2.2016e+02
5.70008e+20	4.5491e+03	3.010e-23	1.0000e+01	1.0772e+00	9.0567e-10	9.1596e-01	8.4044e-02	7.3019e-01	2.6886e-01	9.5717e-04	8.8518e-14	1.7666e-05	9.6897e-01	3.0999e-02	1.3957e-05	9.3278e-01	6.7108e-02	1.1331e-04	9.3666e-07	1.1755e-36	1.1755e-36	9.9459e-22	0.00e+00	0.00e+00	2.2161e+02
5.70032e+20	4.4160e+03	2.892e-23	1.0000e+01	1.0446e+00	9.2304e-10	9.1838e-01	8.1624e-02	7.3985e-01	2.5921e-01	9.3916e-04	8.9822e-14	1.7269e-05	9.6960e-01	3.0367e-02	1.3965e-05	9.3483e-01	6.5057e-02	1.1344e-04	9.0778e-07	1.1755e-36	1.1755e-36	9.4021e-22	0.00e+00	0.00e+00	2.2295e+02
5.70055e+20	4.2871e+03	2.790e-23	1.0000e+01	1.0172e+00	9.3544e-10	9.2036e-01	7.9639e-02	7.4912e-01	2.4996e-01	9.1702e-04	9.0839e-14	1.6957e-05	9.7020e-01	2.9764e-02	1.3980e-05	9.3652e-01	6.3365e-02	1.1379e-04	8.8434e-07	1.1755e-36	1.1755e-36	8.8887e-22	0.00e+00	0.00e+00	2.2428e+02
5.70078e+20	4.1599e+03	2.688e-23	1.0000e+01	9.8841e-01	9.4049e-10	9.2245e-01	7.7545e-02	7.5807e-01	2.4104e-01	8.9729e-04	9.1989e-14	1.6625e-05	9.7076e-01	2.9209e-02	1.3996e-05	9.3830e-01	6.1586e-02	1.1415e-04	8.5964e-07	1.1755e-36	1.1755e-36	8.3472e-22	0.00e+00	0.00e+00	2.2561e+02
5.70101e+20	4.0310e+03	2.592e-23	1.0000e+01	9.6013e-01	9.4013e-10	9.2454e-01	7.5457e-02	7.6674e-01	2.3238e-01	8.7747e-04	9.3141e-14	1.6307e-05	9.7128e-01	2.8685e-02	1.4016e-05	9.4007e-01	5.9811e-02	1.1461e-04	8.3511e-07	1.1755e-36	1.1755e-36	7.8009e-22	0.00e+00	0.00e+00	2.2692e+02
5.70123e+20	3.9098e+03	2.503e-23	1.0000e+01	9.3348e-01	9.3469e-10	9.2651e-01	7.3485e-02	7.7482e-01	2.2432e-01	8.5874e-04	9.4274e-14	1.6013e-05	9.7175e-01	2.8215e-02	1.4037e-05	9.4175e-01	5.8137e-02	1.1511e-04	8.1206e-07	1.1755e-36	1.1755e-36	7.2886e-22	0.00e+00	0.00e+00	2.2815e+02
