#depth	Te	Htot	hden	eden	2H_2/H	HI	HII	HeI	HeII	HeIII	CO/C	C1	C2	C3	C4	O1	O2	O3	O4	O5	O6	H2O/O	AV(point)	AV(extend)	Tau912
3.03194e+12	1.3535e+04	1.105e-15	1.2916e+04	1.4991e+04	1.1211e-16	1.4869e-03	9.9851e-01	2.1707e-04	1.3624e-01	8.6354e-01	5.0089e-21	7.7757e-06	1.3277e-02	4.4743e-01	3.9845e-01	6.0429e-06	4.8145e-03	2.7632e-01	6.3649e-01	8.0385e-02	1.9557e-03	1.7222e-28	0.00e+00	0.00e+00	7.3508e-04
1.81917e+13	1.3521e+04	1.103e-15	1.2916e+04	1.4984e+04	1.1256e-16	1.4842e-03	9.9852e-01	2.1689e-04	1.3621e-01	8.6357e-01	4.9661e-21	7.7224e-06	1.3246e-02	4.4681e-01	3.9916e-01	6.0184e-06	4.8044e-03	2.7674e-01	6.3623e-01	8.0238e-02	1.9525e-03	1.7087e-28	0.00e+00	0.00e+00	3.6702e-03
7.88305e+13	1.3498e+04	1.098e-15	1.2916e+04	1.4982e+04	1.1259e-16	1.4782e-03	9.9852e-01	2.1716e-04	1.3653e-01	8.6325e-01	4.9155e-21	7.6470e-06	1.3241e-02	4.4736e-01	3.9970e-01	5.9904e-06	4.8007e-03	2.7882e-01	6.3482e-01	7.9578e-02	1.9346e-03	1.6870e-28	0.00e+00	0.00e+00	1.5363e-02
3.21386e+14	1.3409e+04	1.086e-15	1.2916e+04	1.4979e+04	1.1299e-16	1.4670e-03	9.9853e-01	2.2067e-04	1.3907e-01	8.6071e-01	4.8771e-21	7.5481e-06	1.3333e-02	4.5230e-01	3.9948e-01	5.9853e-06	4.8312e-03	2.8781e-01	6.2855e-01	7.6907e-02	1.8591e-03	1.6544e-28	0.00e+00	0.00e+00	6.1780e-02
7.67688e+14	1.3165e+04	1.041e-15	1.2916e+04	1.4980e+04	1.0735e-16	1.3975e-03	9.9860e-01	2.1842e-04	1.3908e-01	8.6070e-01	4.1376e-21	7.0138e-06	1.3182e-02	4.5388e-01	4.0326e-01	5.4979e-06	4.6602e-03	2.9888e-01	6.2173e-01	7.2917e-02	1.7747e-03	1.3534e-28	0.00e+00	0.00e+00	1.1926e-01
1.34788e+15	1.2942e+04	1.005e-15	1.2916e+04	1.4976e+04	1.0267e-16	1.3405e-03	9.9866e-01	2.2191e-04	1.4286e-01	8.5692e-01	3.6531e-21	6.6968e-06	1.3199e-02	4.6116e-01	4.0380e-01	5.2108e-06	4.6050e-03	3.1509e-01	6.1057e-01	6.8045e-02	1.6593e-03	1.1487e-28	0.00e+00	0.00e+00	1.9094e-01
2.10213e+15	1.2722e+04	9.766e-16	1.2916e+04	1.4967e+04	9.8637e-17	1.2916e-03	9.9871e-01	2.3258e-04	1.5162e-01	8.4815e-01	3.3264e-21	6.5316e-06	1.3385e-02	4.7499e-01	4.0066e-01	5.0845e-06	4.6637e-03	3.3933e-01	5.9259e-01	6.1876e-02	1.5046e-03	9.9895e-29	0.00e+00	0.00e+00	2.8073e-01
3.08266e+15	1.2501e+04	9.556e-16	1.2916e+04	1.4949e+04	9.5492e-17	1.2518e-03	9.9875e-01	2.5535e-04	1.6854e-01	8.3121e-01	3.1756e-21	6.5457e-06	1.3815e-02	4.9756e-01	3.9219e-01	5.1807e-06	4.9011e-03	3.7628e-01	5.6351e-01	5.3983e-02	1.3016e-03	9.0344e-29	0.00e+00	0.00e+00	3.9385e-01
4.35734e+15	1.2275e+04	9.445e-16	1.2916e+04	1.4914e+04	9.3920e-17	1.2258e-03	9.9877e-01	3.0171e-04	2.0091e-01	7.9879e-01	3.2736e-21	6.8111e-06	1.4617e-02	5.3197e-01	3.7555e-01	5.6563e-06	5.4551e-03	4.3433e-01	5.1532e-01	4.3835e-02	1.0404e-03	8.7507e-29	0.00e+00	0.00e+00	5.3786e-01
5.62887e+15	1.2084e+04	9.422e-16	1.2916e+04	1.4861e+04	8.9247e-17	1.1901e-03	9.9881e-01	3.6796e-04	2.4922e-01	7.5041e-01	3.1921e-21	7.0167e-06	1.5348e-02	5.6849e-01	3.5492e-01	6.1279e-06	6.0857e-03	5.0401e-01	4.5501e-01	3.4073e-02	8.0195e-04	8.0313e-29	0.00e+00	0.00e+00	6.4480e-01
6.57134e+15	1.1969e+04	9.491e-16	1.2916e+04	1.4799e+04	8.7707e-17	1.1802e-03	9.9882e-01	4.4487e-04	3.0331e-01	6.9625e-01	3.3245e-21	7.3187e-06	1.6061e-02	5.9818e-01	3.3637e-01	6.8215e-06	6.8211e-03	5.6760e-01	3.9821e-01	2.6727e-02	6.2409e-04	8.0817e-29	0.00e+00	0.00e+00	7.2013e-01
7.29886e+15	1.1879e+04	9.569e-16	1.2916e+04	1.4745e+04	8.9299e-17	1.1895e-03	9.9881e-01	5.2845e-04	3.5868e-01	6.4079e-01	3.6359e-21	7.6927e-06	1.6766e-02	6.2162e-01	3.2092e-01	7.6881e-06	7.6078e-03	6.2293e-01	3.4781e-01	2.1150e-02	4.8942e-04	8.7089e-29	0.00e+00	0.00e+00	7.8532e-01
7.96580e+15	1.1787e+04	9.613e-16	1.2916e+04	1.4673e+04	9.2890e-17	1.2082e-03	9.9879e-01	6.2377e-04	4.1983e-01	5.7955e-01	4.0576e-21	8.1081e-06	1.7473e-02	6.4206e-01	3.0694e-01	8.7267e-06	8.4746e-03	6.7564e-01	2.9906e-01	1.6435e-02	3.7727e-04	9.6844e-29	0.00e+00	0.00e+00	8.5050e-01
8.62203e+15	1.1692e+04	9.618e-16	1.2916e+04	1.4615e+04	9.7733e-17	1.2345e-03	9.9877e-01	7.3656e-04	4.8941e-01	5.0985e-01	4.5726e-21	8.5712e-06	1.8212e-02	6.6072e-01	2.9376e-01	9.9666e-06	9.4379e-03	7.2724e-01	2.5070e-01	1.2326e-02	2.8101e-04	1.0943e-28	0.00e+00	0.00e+00	9.1600e-01
9.26013e+15	1.1566e+04	9.554e-16	1.2916e+04	1.4516e+04	1.0475e-16	1.2656e-03	9.9873e-01	8.5450e-04	5.6280e-01	4.3634e-01	5.0789e-21	9.0024e-06	1.8854e-02	6.7677e-01	2.8216e-01	1.1230e-05	1.0345e-02	7.7428e-01	2.0614e-01	9.0142e-03	2.0511e-04	1.2289e-28	0.00e+00	0.00e+00	9.8054e-01
9.86579e+15	1.1432e+04	9.423e-16	1.2916e+04	1.4432e+04	1.1338e-16	1.3017e-03	9.9870e-01	9.7325e-04	6.3342e-01	3.6560e-01	5.6506e-21	9.4418e-06	1.9479e-02	6.9016e-01	2.7220e-01	1.2579e-05	1.1234e-02	8.1416e-01	1.6792e-01	6.5149e-03	1.4848e-04	1.3851e-28	0.00e+00	0.00e+00	1.0427e+00
1.05396e+16	1.1253e+04	9.206e-16	1.2916e+04	1.4353e+04	1.2774e-16	1.3559e-03	9.9864e-01	1.1085e-03	7.0674e-01	2.9215e-01	6.5556e-21	1.0040e-05	2.0259e-02	7.0344e-01	2.6186e-01	1.4346e-05	1.2259e-02	8.5172e-01	1.3148e-01	4.4208e-03	1.0129e-04	1.6348e-28	0.00e+00	0.00e+00	1.1269e+00
1.14155e+16	1.1014e+04	8.866e-16	1.2916e+04	1.4265e+04	1.5067e-16	1.4336e-03	9.9857e-01	1.2659e-03	7.8540e-01	2.1334e-01	7.8877e-21	1.0828e-05	2.1220e-02	7.1748e-01	2.5037e-01	1.6709e-05	1.3450e-02	8.8832e-01	9.5469e-02	2.6781e-03	6.2268e-05	2.0087e-28	0.00e+00	0.00e+00	1.2427e+00
1.23717e+16	1.0779e+04	8.504e-16	1.2916e+04	1.4193e+04	1.7754e-16	1.5194e-03	9.9848e-01	1.4023e-03	8.4762e-01	1.5098e-01	9.3111e-21	1.1620e-05	2.2121e-02	7.2926e-01	2.4021e-01	1.9162e-05	1.4503e-02	9.1524e-01	6.8575e-02	1.6217e-03	3.8468e-05	2.4073e-28	0.00e+00	0.00e+00	1.3569e+00
1.34324e+16	1.0564e+04	8.165e-16	1.2916e+04	1.4139e+04	2.1354e-16	1.6278e-03	9.9837e-01	1.5246e-03	8.9343e-01	1.0505e-01	1.1390e-20	1.2594e-05	2.3136e-02	7.3986e-01	2.3045e-01	2.2158e-05	1.5576e-02	9.3460e-01	4.8780e-02	9.9672e-04	2.3875e-05	2.9976e-28	0.00e+00	0.00e+00	1.5160e+00
1.47336e+16	1.0386e+04	7.883e-16	1.2916e+04	1.4097e+04	2.5970e-16	1.7671e-03	9.9823e-01	1.6369e-03	9.2739e-01	7.0972e-02	1.4270e-20	1.3763e-05	2.4250e-02	7.4990e-01	2.2065e-01	2.5959e-05	1.6700e-02	9.4871e-01	3.3913e-02	6.3326e-04	1.4765e-05	3.8419e-28	0.00e+00	0.00e+00	1.7182e+00
1.62069e+16	1.0274e+04	7.715e-16	1.2916e+04	1.4070e+04	3.1520e-16	1.9410e-03	9.9806e-01	1.7367e-03	9.4974e-01	4.8526e-02	1.8266e-20	1.5121e-05	2.5431e-02	7.5907e-01	2.1124e-01	3.0790e-05	1.7881e-02	9.5783e-01	2.3798e-02	4.4662e-04	9.4771e-06	5.0657e-28	0.00e+00	0.00e+00	1.9625e+00
1.78276e+16	1.0239e+04	7.660e-16	1.2916e+04	1.4051e+04	3.8273e-16	2.1600e-03	9.9784e-01	1.8308e-03	9.6412e-01	3.4049e-02	2.4204e-20	1.6719e-05	2.6709e-02	7.6764e-01	2.0203e-01	3.7202e-05	1.9204e-02	9.6341e-01	1.6990e-02	3.5241e-04	6.3132e-06	7.0161e-28	0.00e+00	0.00e+00	2.2615e+00
1.92696e+16	1.0271e+04	7.719e-16	1.2916e+04	1.4039e+04	4.4587e-16	2.3891e-03	9.9761e-01	1.9029e-03	9.7182e-01	2.6274e-02	3.0968e-20	1.8205e-05	2.7807e-02	7.7442e-01	1.9454e-01	4.4339e-05	2.0479e-02	9.6598e-01	1.3176e-02	3.1182e-04	4.6599e-06	9.3633e-28	0.00e+00	0.00e+00	2.4925e+00
2.03277e+16	1.0318e+04	7.808e-16	1.2916e+04	1.4031e+04	5.0470e-16	2.5872e-03	9.9741e-01	1.9569e-03	9.7589e-01	2.2154e-02	3.8144e-20	1.9431e-05	2.8692e-02	7.7944e-01	1.8888e-01	5.0924e-05	2.1535e-02	9.6704e-01	1.1074e-02	2.9327e-04	3.7810e-06	1.2049e-27	0.00e+00	0.00e+00	2.6887e+00
2.13973e+16	1.0375e+04	7.911e-16	1.2916e+04	1.4025e+04	5.7479e-16	2.8158e-03	9.9718e-01	2.0231e-03	9.7926e-01	1.8715e-02	4.8256e-20	2.0904e-05	2.9757e-02	7.8480e-01	1.8266e-01	5.9239e-05	2.2789e-02	9.6760e-01	9.2707e-03	2.7937e-04	3.0541e-06	1.5873e-27	0.00e+00	0.00e+00	2.9663e+00
2.25717e+16	1.0459e+04	8.073e-16	1.2916e+04	1.4019e+04	6.6983e-16	3.1042e-03	9.9690e-01	2.0929e-03	9.8201e-01	1.5900e-02	6.3575e-20	2.2605e-05	3.0961e-02	7.9070e-01	1.7576e-01	7.0492e-05	2.4325e-02	9.6758e-01	7.7533e-03	2.6931e-04	2.4533e-06	2.2207e-27	0.00e+00	0.00e+00	3.2547e+00
2.36083e+16	1.0551e+04	8.249e-16	1.2916e+04	1.4013e+04	7.6547e-16	3.4024e-03	9.9660e-01	2.1608e-03	9.8387e-01	1.3966e-02	8.2128e-20	2.4286e-05	3.2139e-02	7.9609e-01	1.6937e-01	8.3274e-05	2.5940e-02	9.6704e-01	6.6728e-03	2.6306e-04	2.0328e-06	3.0150e-27	0.00e+00	0.00e+00	3.5137e+00
2.44807e+16	1.0645e+04	8.410e-16	1.2916e+04	1.4007e+04	8.5899e-16	3.6875e-03	9.9631e-01	2.2237e-03	9.8517e-01	1.2610e-02	1.0347e-19	2.5847e-05	3.3231e-02	8.0078e-01	1.6371e-01	9.6632e-05	2.7507e-02	9.6624e-01	5.8919e-03	2.5903e-04	1.7359e-06	3.9724e-27	0.00e+00	0.00e+00	3.7576e+00
2.52879e+16	1.0719e+04	8.581e-16	1.2916e+04	1.4002e+04	9.7895e-16	3.9891e-03	9.9601e-01	2.2909e-03	9.8621e-01	1.1496e-02	1.3196e-19	2.7489e-05	3.4393e-02	8.0549e-01	1.5797e-01	1.1192e-04	2.9180e-02	9.6521e-01	5.2422e-03	2.5568e-04	1.4942e-06	5.3402e-27	0.00e+00	0.00e+00	4.0188e+00
2.60571e+16	1.0799e+04	8.756e-16	1.2916e+04	1.3998e+04	1.1176e-15	4.3084e-03	9.9569e-01	2.3570e-03	9.8706e-01	1.0585e-02	1.6894e-19	2.9127e-05	3.5574e-02	8.1007e-01	1.5232e-01	1.2949e-04	3.0975e-02	9.6394e-01	4.7006e-03	2.5302e-04	1.2965e-06	7.2536e-27	0.00e+00	0.00e+00	4.2771e+00
2.67624e+16	1.0881e+04	8.925e-16	1.2916e+04	1.3993e+04	1.2625e-15	4.6363e-03	9.9536e-01	2.4240e-03	9.8773e-01	9.8488e-03	2.1388e-19	3.0811e-05	3.6770e-02	8.1439e-01	1.4690e-01	1.4913e-04	3.2859e-02	9.6249e-01	4.2521e-03	2.5092e-04	1.1364e-06	9.6718e-27	0.00e+00	0.00e+00	4.5324e+00
2.74201e+16	1.0960e+04	9.091e-16	1.2916e+04	1.3988e+04	1.4201e-15	4.9757e-03	9.9502e-01	2.4930e-03	9.8828e-01	9.2294e-03	2.6923e-19	3.2522e-05	3.7993e-02	8.1855e-01	1.4161e-01	1.7115e-04	3.4843e-02	9.6087e-01	3.8692e-03	2.4910e-04	1.0029e-06	1.2777e-26	0.00e+00	0.00e+00	4.7920e+00
2.80513e+16	1.1041e+04	9.255e-16	1.2916e+04	1.3982e+04	1.5944e-15	5.3346e-03	9.9467e-01	2.5652e-03	9.8874e-01	8.6900e-03	3.3885e-19	3.4297e-05	3.9268e-02	8.2263e-01	1.3635e-01	1.9640e-04	3.6981e-02	9.5904e-01	3.5311e-03	2.4747e-04	8.8792e-07	1.6852e-26	0.00e+00	0.00e+00	5.0628e+00
2.86651e+16	1.1117e+04	9.426e-16	1.2916e+04	1.3975e+04	1.7826e-15	5.7243e-03	9.9428e-01	2.6500e-03	9.8914e-01	8.2089e-03	4.2579e-19	3.6211e-05	4.0647e-02	8.2669e-01	1.3099e-01	2.2617e-04	3.9353e-02	9.5695e-01	3.2260e-03	2.4592e-04	7.8658e-07	2.1984e-26	0.00e+00	0.00e+00	5.3451e+00
2.92546e+16	1.1178e+04	9.603e-16	1.2916e+04	1.3970e+04	2.0289e-15	6.1380e-03	9.9386e-01	2.7304e-03	9.8949e-01	7.7804e-03	5.4310e-19	3.8183e-05	4.2091e-02	8.3071e-01	1.2562e-01	2.6021e-04	4.1885e-02	9.5466e-01	2.9541e-03	2.4423e-04	6.9833e-07	2.9528e-26	0.00e+00	0.00e+00	5.6323e+00
2.98186e+16	1.1262e+04	9.764e-16	1.2916e+04	1.3962e+04	2.2086e-15	6.5698e-03	9.9343e-01	2.8176e-03	9.8977e-01	7.4124e-03	6.6658e-19	4.0216e-05	4.3575e-02	8.3448e-01	1.2044e-01	2.9919e-04	4.4628e-02	9.5212e-01	2.7125e-03	2.4289e-04	6.2249e-07	3.6728e-26	0.00e+00	0.00e+00	5.9292e+00
3.03600e+16	1.1322e+04	9.935e-16	1.2916e+04	1.3957e+04	2.4988e-15	7.0318e-03	9.9297e-01	2.9064e-03	9.9002e-01	7.0760e-03	8.4680e-19	4.2361e-05	4.5156e-02	8.3819e-01	1.1522e-01	3.4403e-04	4.7574e-02	9.4935e-01	2.4941e-03	2.4129e-04	5.5540e-07	4.8813e-26	0.00e+00	0.00e+00	6.2322e+00
3.08804e+16	1.1381e+04	1.010e-15	1.2916e+04	1.3952e+04	2.8220e-15	7.5161e-03	9.9248e-01	2.9998e-03	9.9023e-01	6.7738e-03	1.0742e-18	4.4593e-05	4.6801e-02	8.4172e-01	1.1011e-01	3.9520e-04	5.0740e-02	9.4633e-01	2.2981e-03	2.3967e-04	4.9682e-07	6.4683e-26	0.00e+00	0.00e+00	6.5461e+00
3.13872e+16	1.1444e+04	1.027e-15	1.2916e+04	1.3945e+04	3.1744e-15	8.0341e-03	9.9197e-01	3.0991e-03	9.9040e-01	6.5002e-03	1.3614e-18	4.6941e-05	4.8543e-02	8.4510e-01	1.0506e-01	4.5468e-04	5.4198e-02	9.4299e-01	2.1179e-03	2.3806e-04	4.4462e-07	8.5263e-26	0.00e+00	0.00e+00	6.8744e+00
3.18794e+16	1.1502e+04	1.043e-15	1.2916e+04	1.3938e+04	3.5710e-15	8.5880e-03	9.9141e-01	3.2057e-03	9.9054e-01	6.2498e-03	1.7272e-18	4.9420e-05	5.0392e-02	8.4832e-01	1.0005e-01	5.2375e-04	5.7969e-02	9.3932e-01	1.9530e-03	2.3636e-04	3.9814e-07	1.1222e-25	0.00e+00	0.00e+00	7.2128e+00
3.23529e+16	1.1560e+04	1.059e-15	1.2916e+04	1.3930e+04	4.0100e-15	9.1713e-03	9.9083e-01	3.3180e-03	9.9066e-01	6.0235e-03	2.1882e-18	5.1994e-05	5.2323e-02	8.5133e-01	9.5168e-02	6.0288e-04	6.2028e-02	9.3533e-01	1.8035e-03	2.3461e-04	3.5720e-07	1.4726e-25	0.00e+00	0.00e+00	7.5596e+00
3.28091e+16	1.1612e+04	1.075e-15	1.2916e+04	1.3920e+04	4.4863e-15	9.7949e-03	9.9021e-01	3.4394e-03	9.9075e-01	5.8152e-03	2.7605e-18	5.4662e-05	5.4368e-02	8.5414e-01	9.0371e-02	6.9455e-04	6.6432e-02	9.3097e-01	1.6660e-03	2.3275e-04	3.2061e-07	1.9093e-25	0.00e+00	0.00e+00	7.9178e+00
3.32504e+16	1.1654e+04	1.091e-15	1.2916e+04	1.3912e+04	5.0780e-15	1.0451e-02	9.8955e-01	3.5670e-03	9.9081e-01	5.6212e-03	3.5202e-18	5.7554e-05	5.6519e-02	8.5671e-01	8.5701e-02	7.9941e-04	7.1163e-02	9.2627e-01	1.5404e-03	2.3067e-04	2.8810e-07	2.5284e-25	0.00e+00	0.00e+00	8.2876e+00
3.36807e+16	1.1702e+04	1.107e-15	1.2916e+04	1.3903e+04	5.7134e-15	1.1153e-02	9.8885e-01	3.7017e-03	9.9085e-01	5.4433e-03	4.4759e-18	6.0559e-05	5.8792e-02	8.5907e-01	8.1128e-02	9.2133e-04	7.6329e-02	9.2110e-01	1.4237e-03	2.2855e-04	2.5889e-07	3.3196e-25	0.00e+00	0.00e+00	8.6757e+00
3.41017e+16	1.1748e+04	1.122e-15	1.2916e+04	1.3894e+04	6.4304e-15	1.1906e-02	9.8809e-01	3.8464e-03	9.9088e-01	5.2773e-03	5.7020e-18	6.3737e-05	6.1212e-02	8.6118e-01	7.6640e-02	1.0636e-03	8.1983e-02	9.1541e-01	1.3153e-03	2.2627e-04	2.3254e-07	4.3582e-25	0.00e+00	0.00e+00	9.0787e+00
3.45100e+16	1.1791e+04	1.138e-15	1.2916e+04	1.3883e+04	7.2400e-15	1.2707e-02	9.8729e-01	4.0007e-03	9.9088e-01	5.1233e-03	7.2723e-18	6.7081e-05	6.3770e-02	8.6303e-01	7.2281e-02	1.2284e-03	8.8122e-02	9.0921e-01	1.2153e-03	2.2383e-04	2.0894e-07	5.7232e-25	0.00e+00	0.00e+00	9.4947e+00
3.49057e+16	1.1829e+04	1.153e-15	1.2916e+04	1.3870e+04	8.1225e-15	1.3569e-02	9.8643e-01	4.1672e-03	9.9085e-01	4.9789e-03	9.2401e-18	7.0519e-05	6.6488e-02	8.6461e-01	6.8027e-02	1.4207e-03	9.4816e-02	9.0242e-01	1.1222e-03	2.2121e-04	1.8761e-07	7.4290e-25	0.00e+00	0.00e+00	9.9258e+00
3.52898e+16	1.1854e+04	1.169e-15	1.2916e+04	1.3859e+04	9.2514e-15	1.4486e-02	9.8551e-01	4.3460e-03	9.9081e-01	4.8409e-03	1.1908e-17	7.4390e-05	6.9383e-02	8.6588e-01	6.3912e-02	1.6429e-03	1.0205e-01	8.9505e-01	1.0363e-03	2.1828e-04	1.6843e-07	9.9003e-25	0.00e+00	0.00e+00	1.0373e+01
3.56660e+16	1.1888e+04	1.184e-15	1.2916e+04	1.3847e+04	1.0468e-14	1.5470e-02	9.8453e-01	4.5357e-03	9.9075e-01	4.7138e-03	1.5303e-17	7.8396e-05	7.2452e-02	8.6684e-01	5.9917e-02	1.9030e-03	1.0999e-01	8.8694e-01	9.5572e-04	2.1523e-04	1.5109e-07	1.3080e-24	0.00e+00	0.00e+00	1.0844e+01
3.60359e+16	1.1919e+04	1.199e-15	1.2916e+04	1.3833e+04	1.1860e-14	1.6535e-02	9.8346e-01	4.7415e-03	9.9067e-01	4.5931e-03	1.9732e-17	8.2663e-05	7.5748e-02	8.6748e-01	5.6022e-02	2.2096e-03	1.1872e-01	8.7798e-01	8.8021e-04	2.1192e-04	1.3531e-07	1.7310e-24	0.00e+00	0.00e+00	1.1338e+01
3.63973e+16	1.1948e+04	1.214e-15	1.2916e+04	1.3819e+04	1.3463e-14	1.7682e-02	9.8232e-01	4.9638e-03	9.9056e-01	4.4791e-03	2.5531e-17	8.7210e-05	7.9270e-02	8.6776e-01	5.2255e-02	2.5694e-03	1.2829e-01	8.6813e-01	8.0974e-04	2.0835e-04	1.2102e-07	2.2981e-24	0.00e+00	0.00e+00	1.1852e+01
3.67501e+16	1.1974e+04	1.229e-15	1.2916e+04	1.3799e+04	1.5219e-14	1.8928e-02	9.8107e-01	5.2047e-03	9.9042e-01	4.3712e-03	3.2925e-17	9.1868e-05	8.3036e-02	8.6768e-01	4.8609e-02	2.9944e-03	1.3879e-01	8.5726e-01	7.4362e-04	2.0453e-04	1.1755e-36	3.0161e-24	0.00e+00	0.00e+00	1.2391e+01
3.70956e+16	1.1983e+04	1.245e-15	1.2916e+04	1.3784e+04	1.7544e-14	2.0277e-02	9.7972e-01	5.4703e-03	9.9026e-01	4.2648e-03	4.3288e-17	9.7316e-05	8.7128e-02	8.6714e-01	4.5085e-02	3.4949e-03	1.5028e-01	8.4534e-01	6.8178e-04	2.0022e-04	1.1755e-36	4.0922e-24	0.00e+00	0.00e+00	1.2956e+01
3.74368e+16	1.1999e+04	1.260e-15	1.2916e+04	1.3766e+04	2.0134e-14	2.1753e-02	9.7825e-01	5.7584e-03	9.9008e-01	4.1650e-03	5.6914e-17	1.0303e-04	9.1543e-02	8.6617e-01	4.1667e-02	4.0930e-03	1.6303e-01	8.3206e-01	6.2318e-04	1.9561e-04	1.1755e-36	5.5189e-24	0.00e+00	0.00e+00	1.3560e+01
3.77757e+16	1.2013e+04	1.275e-15	1.2916e+04	1.3746e+04	2.3178e-14	2.3378e-02	9.7662e-01	6.0769e-03	9.8985e-01	4.0691e-03	7.5340e-17	1.0922e-04	9.6362e-02	8.6470e-01	3.8348e-02	4.8128e-03	1.7724e-01	8.1719e-01	5.6774e-04	1.9058e-04	1.1755e-36	7.4852e-24	0.00e+00	0.00e+00	1.4203e+01
3.81106e+16	1.2025e+04	1.290e-15	1.2916e+04	1.3723e+04	2.6813e-14	2.5172e-02	9.7483e-01	6.4299e-03	9.8959e-01	3.9766e-03	1.0052e-16	1.1597e-04	1.0163e-01	8.6267e-01	3.5141e-02	5.6801e-03	1.9303e-01	8.0059e-01	5.1540e-04	1.8508e-04	1.1755e-36	1.0234e-23	0.00e+00	0.00e+00	1.4885e+01
3.84422e+16	1.2032e+04	1.306e-15	1.2916e+04	1.3692e+04	3.0983e-14	2.7172e-02	9.7283e-01	6.8223e-03	9.8929e-01	3.8871e-03	1.3426e-16	1.2301e-04	1.0739e-01	8.6004e-01	3.2037e-02	6.7359e-03	2.1065e-01	7.8197e-01	4.6571e-04	1.7910e-04	1.1755e-36	1.3890e-23	0.00e+00	0.00e+00	1.5617e+01
3.87723e+16	1.2026e+04	1.321e-15	1.2916e+04	1.3668e+04	3.6660e-14	2.9403e-02	9.7060e-01	7.2697e-03	9.8893e-01	3.7973e-03	1.8431e-16	1.3157e-04	1.1383e-01	8.5662e-01	2.9041e-02	8.0233e-03	2.3032e-01	7.6107e-01	4.1875e-04	1.7236e-04	1.1755e-36	1.9708e-23	0.00e+00	0.00e+00	1.6408e+01
3.91517e+16	1.2022e+04	1.339e-15	1.2916e+04	1.3635e+04	4.4494e-14	3.2292e-02	9.6771e-01	7.8463e-03	9.8846e-01	3.6950e-03	2.6660e-16	1.4216e-04	1.2202e-01	8.5177e-01	2.5724e-02	9.8532e-03	2.5549e-01	7.3413e-01	3.6748e-04	1.6394e-04	1.1755e-36	2.9433e-23	0.00e+00	0.00e+00	1.7537e+01
3.95541e+16	1.2017e+04	1.357e-15	1.2916e+04	1.3593e+04	5.5309e-14	3.5923e-02	9.6408e-01	8.5717e-03	9.8783e-01	3.5959e-03	4.0359e-16	1.5508e-04	1.3209e-01	8.4507e-01	2.2371e-02	1.2425e-02	2.8698e-01	7.0012e-01	3.1656e-04	1.5373e-04	1.1755e-36	4.6072e-23	0.00e+00	0.00e+00	1.8639e+01
3.98862e+16	1.2005e+04	1.372e-15	1.2916e+04	1.3546e+04	6.6936e-14	3.9478e-02	9.6052e-01	9.2868e-03	9.8720e-01	3.5181e-03	5.7880e-16	1.6722e-04	1.4177e-01	8.3808e-01	1.9710e-02	1.5214e-02	3.1716e-01	6.6720e-01	2.7669e-04	1.4420e-04	1.1755e-36	6.7700e-23	0.00e+00	0.00e+00	1.9566e+01
4.01586e+16	1.1989e+04	1.383e-15	1.2916e+04	1.3498e+04	7.8931e-14	4.2785e-02	9.5722e-01	9.9593e-03	9.8659e-01	3.4543e-03	7.8575e-16	1.7826e-04	1.5064e-01	8.3130e-01	1.7628e-02	1.8028e-02	3.4434e-01	6.3725e-01	2.4582e-04	1.3576e-04	1.1755e-36	9.3755e-23	0.00e+00	0.00e+00	2.0462e+01
4.04538e+16	1.1962e+04	1.395e-15	1.2916e+04	1.3448e+04	9.5576e-14	4.6796e-02	9.5320e-01	1.0782e-02	9.8584e-01	3.3806e-03	1.1077e-15	1.9167e-04	1.6123e-01	8.2286e-01	1.5485e-02	2.1682e-02	3.7563e-01	6.0234e-01	2.1447e-04	1.2608e-04	1.1755e-36	1.3583e-22	0.00e+00	0.00e+00	2.1735e+01
4.07854e+16	1.1927e+04	1.408e-15	1.2916e+04	1.3371e+04	1.1945e-13	5.2160e-02	9.4784e-01	1.1866e-02	9.8483e-01	3.3034e-03	1.6491e-15	2.0811e-04	1.7482e-01	8.1155e-01	1.3218e-02	2.6966e-02	4.1502e-01	5.5772e-01	1.8131e-04	1.1418e-04	1.1755e-36	2.0693e-22	0.00e+00	0.00e+00	2.3136e+01
4.10852e+16	1.1891e+04	1.420e-15	1.2916e+04	1.3305e+04	1.5015e-13	5.8031e-02	9.4197e-01	1.3070e-02	9.8370e-01	3.2337e-03	2.4507e-15	2.2617e-04	1.8935e-01	7.9896e-01	1.1277e-02	3.3205e-02	4.5475e-01	5.1179e-01	1.5315e-04	1.0225e-04	1.1755e-36	3.1805e-22	0.00e+00	0.00e+00	2.4415e+01
4.13372e+16	1.1849e+04	1.427e-15	1.2916e+04	1.3229e+04	1.8417e-13	6.3799e-02	9.3620e-01	1.4261e-02	9.8256e-01	3.1774e-03	3.4557e-15	2.4317e-04	2.0323e-01	7.8661e-01	9.7509e-03	3.9714e-02	4.9011e-01	4.6995e-01	1.3127e-04	9.1784e-05	1.1755e-36	4.6062e-22	0.00e+00	0.00e+00	2.5630e+01
4.15511e+16	1.1810e+04	1.432e-15	1.2916e+04	1.3151e+04	2.2131e-13	6.9431e-02	9.3057e-01	1.5430e-02	9.8144e-01	3.1323e-03	4.6754e-15	2.5913e-04	2.1640e-01	7.7465e-01	8.5394e-03	4.6371e-02	5.2128e-01	4.3216e-01	1.1404e-04	8.2625e-05	1.1755e-36	6.3873e-22	0.00e+00	0.00e+00	2.6730e+01
4.17397e+16	1.1771e+04	1.435e-15	1.2916e+04	1.3076e+04	2.6236e-13	7.5040e-02	9.2496e-01	1.6602e-02	9.8031e-01	3.0922e-03	6.1466e-15	2.7450e-04	2.2918e-01	7.6287e-01	7.5348e-03	5.3222e-02	5.4895e-01	3.9766e-01	9.9972e-05	7.4469e-05	1.1755e-36	8.5926e-22	0.00e+00	0.00e+00	2.7849e+01
4.19499e+16	1.1724e+04	1.434e-15	1.2916e+04	1.2968e+04	3.1637e-13	8.1917e-02	9.1808e-01	1.8044e-02	9.7891e-01	3.0485e-03	8.2632e-15	2.9245e-04	2.4435e-01	7.4874e-01	6.5029e-03	6.1863e-02	5.7870e-01	3.5929e-01	8.5894e-05	6.5694e-05	1.1755e-36	1.1762e-21	0.00e+00	0.00e+00	2.9436e+01
4.21752e+16	1.1664e+04	1.435e-15	1.2916e+04	1.2850e+04	3.9889e-13	9.0883e-02	9.0912e-01	1.9906e-02	9.7709e-01	3.0040e-03	1.1746e-14	3.1459e-04	2.6313e-01	7.3098e-01	5.4676e-03	7.3372e-02	6.1095e-01	3.1555e-01	7.1710e-05	5.5931e-05	1.1755e-36	1.7309e-21	0.00e+00	0.00e+00	3.1014e+01
4.23626e+16	1.1598e+04	1.436e-15	1.2916e+04	1.2759e+04	4.9925e-13	9.9975e-02	9.0002e-01	2.1810e-02	9.7522e-01	2.9648e-03	1.6281e-14	3.3595e-04	2.8146e-01	7.1346e-01	4.6547e-03	8.5203e-02	6.3704e-01	2.7765e-01	6.0732e-05	4.7681e-05	1.1755e-36	2.5057e-21	0.00e+00	0.00e+00	3.2334e+01
4.25119e+16	1.1554e+04	1.428e-15	1.2916e+04	1.2627e+04	5.8668e-13	1.0774e-01	8.9226e-01	2.3464e-02	9.7359e-01	2.9433e-03	2.0585e-14	3.5274e-04	2.9665e-01	6.9883e-01	4.0774e-03	9.5516e-02	6.5577e-01	2.4862e-01	5.3150e-05	4.1705e-05	1.1755e-36	3.2176e-21	0.00e+00	0.00e+00	3.3536e+01
4.26692e+16	1.1490e+04	1.423e-15	1.2916e+04	1.2530e+04	7.1666e-13	1.1711e-01	8.8289e-01	2.5481e-02	9.7161e-01	2.9107e-03	2.7190e-14	3.7287e-04	3.1444e-01	6.8161e-01	3.5019e-03	1.0786e-01	6.7295e-01	2.1910e-01	4.5859e-05	3.5656e-05	1.1755e-36	4.4224e-21	0.00e+00	0.00e+00	3.5234e+01
4.28443e+16	1.1422e+04	1.412e-15	1.2916e+04	1.2366e+04	8.8784e-13	1.2903e-01	8.7097e-01	2.8031e-02	9.6908e-01	2.8857e-03	3.6504e-14	3.9533e-04	3.3576e-01	6.6085e-01	2.9283e-03	1.2364e-01	6.8929e-01	1.8700e-01	3.8605e-05	2.9384e-05	1.1755e-36	6.0933e-21	0.00e+00	0.00e+00	3.7047e+01
4.30021e+16	1.1349e+04	1.398e-15	1.2916e+04	1.2196e+04	1.1059e-12	1.4167e-01	8.5833e-01	3.0774e-02	9.6636e-01	2.8651e-03	4.8733e-14	4.1822e-04	3.5735e-01	6.3971e-01	2.4566e-03	1.4029e-01	7.0068e-01	1.5898e-01	3.2722e-05	2.4104e-05	1.1755e-36	8.4413e-21	0.00e+00	0.00e+00	3.8702e+01
4.31361e+16	1.1279e+04	1.384e-15	1.2916e+04	1.2057e+04	1.3600e-12	1.5404e-01	8.4596e-01	3.3528e-02	9.6363e-01	2.8454e-03	6.3583e-14	4.3943e-04	3.7776e-01	6.1966e-01	2.0897e-03	1.5642e-01	7.0707e-01	1.3646e-01	2.8248e-05	1.9987e-05	1.1755e-36	1.1522e-20	0.00e+00	0.00e+00	4.0271e+01
4.32601e+16	1.1223e+04	1.361e-15	1.2916e+04	1.1852e+04	1.6143e-12	1.6589e-01	8.3411e-01	3.6212e-02	9.6095e-01	2.8384e-03	7.8830e-14	4.5646e-04	3.9658e-01	6.0112e-01	1.7960e-03	1.7186e-01	7.1029e-01	1.1781e-01	2.4767e-05	1.6763e-05	1.1755e-36	1.4603e-20	0.00e+00	0.00e+00	4.1935e+01
4.34015e+16	1.1141e+04	1.337e-15	1.2916e+04	1.1652e+04	2.0045e-12	1.8139e-01	8.1861e-01	3.9794e-02	9.5738e-01	2.8256e-03	1.0280e-13	4.7856e-04	4.2017e-01	5.7782e-01	1.4886e-03	1.9167e-01	7.0997e-01	9.8325e-02	2.1194e-05	1.3456e-05	1.1755e-36	1.9778e-20	0.00e+00	0.00e+00	4.4300e+01
4.35550e+16	1.1047e+04	1.305e-15	1.2916e+04	1.1388e+04	2.5782e-12	2.0114e-01	7.9886e-01	4.4396e-02	9.5278e-01	2.8194e-03	1.3878e-13	5.0240e-04	4.4818e-01	5.5009e-01	1.1956e-03	2.1653e-01	7.0466e-01	7.8789e-02	1.7723e-05	1.0291e-05	1.1755e-36	2.7956e-20	0.00e+00	0.00e+00	4.6712e+01
4.36869e+16	1.0955e+04	1.271e-15	1.2916e+04	1.1138e+04	3.2393e-12	2.2091e-01	7.7909e-01	4.9189e-02	9.4799e-01	2.8203e-03	1.8107e-13	5.2369e-04	4.7489e-01	5.2358e-01	9.7404e-04	2.4096e-01	6.9532e-01	6.3693e-02	1.5084e-05	7.9556e-06	1.1755e-36	3.7950e-20	0.00e+00	0.00e+00	4.8814e+01
4.37968e+16	1.0877e+04	1.235e-15	1.2916e+04	1.0896e+04	3.9469e-12	2.3871e-01	7.6129e-01	5.3716e-02	9.4346e-01	2.8250e-03	2.2653e-13	5.4049e-04	4.9810e-01	5.0051e-01	8.1438e-04	2.6264e-01	6.8455e-01	5.2794e-02	1.3199e-05	6.3502e-06	1.1755e-36	4.9371e-20	0.00e+00	0.00e+00	5.0822e+01
4.39154e+16	1.0782e+04	1.195e-15	1.2916e+04	1.0643e+04	4.8693e-12	2.5964e-01	7.4036e-01	5.9273e-02	9.3790e-01	2.8288e-03	2.8640e-13	5.5823e-04	5.2430e-01	4.7445e-01	6.6340e-04	2.8766e-01	6.6959e-01	4.2736e-02	1.1425e-05	4.9228e-06	1.1755e-36	6.4701e-20	0.00e+00	0.00e+00	5.3661e+01
4.40494e+16	1.0683e+04	1.139e-15	1.2916e+04	1.0268e+04	6.2664e-12	2.8572e-01	7.1428e-01	6.6335e-02	9.3081e-01	2.8515e-03	3.7544e-13	5.7415e-04	5.5443e-01	4.4446e-01	5.2169e-04	3.1831e-01	6.4869e-01	3.2994e-02	9.6791e-06	3.6184e-06	1.1755e-36	8.9387e-20	0.00e+00	0.00e+00	5.6779e+01
4.41746e+16	1.0575e+04	1.081e-15	1.2916e+04	9.8995e+03	7.9992e-12	3.1368e-01	6.8632e-01	7.4377e-02	9.2274e-01	2.8790e-03	4.8529e-13	5.8758e-04	5.8492e-01	4.1407e-01	4.0929e-04	3.5043e-01	6.2429e-01	2.5275e-02	8.2242e-06	2.6352e-06	1.1755e-36	1.2111e-19	0.00e+00	0.00e+00	5.9764e+01
4.42853e+16	1.0464e+04	1.025e-15	1.2916e+04	9.5675e+03	9.9726e-12	3.4116e-01	6.5884e-01	8.2904e-02	9.1419e-01	2.9054e-03	6.0867e-13	5.9874e-04	6.1350e-01	3.8556e-01	3.2547e-04	3.8137e-01	5.9901e-01	1.9614e-02	7.0872e-06	1.9498e-06	1.1755e-36	1.5798e-19	0.00e+00	0.00e+00	6.2673e+01
4.43869e+16	1.0381e+04	9.650e-16	1.2916e+04	9.1973e+03	1.2201e-11	3.6693e-01	6.3307e-01	9.1413e-02	9.0564e-01	2.9478e-03	7.4466e-13	6.0320e-04	6.3903e-01	3.6010e-01	2.6289e-04	4.0991e-01	5.7467e-01	1.5407e-02	6.2067e-06	1.4699e-06	1.1755e-36	2.0155e-19	0.00e+00	0.00e+00	6.5630e+01
4.44855e+16	1.0272e+04	9.062e-16	1.2916e+04	8.8357e+03	1.4976e-11	3.9427e-01	6.0573e-01	1.0103e-01	8.9599e-01	2.9863e-03	9.0554e-13	6.0619e-04	6.6462e-01	3.3455e-01	2.1150e-04	4.3965e-01	5.4832e-01	1.2027e-02	5.4307e-06	1.1004e-06	1.1755e-36	2.5477e-19	0.00e+00	0.00e+00	6.8788e+01
4.45826e+16	1.0178e+04	8.440e-16	1.2916e+04	8.4511e+03	1.8221e-11	4.2243e-01	5.7757e-01	1.1163e-01	8.8533e-01	3.0405e-03	1.0903e-12	6.0479e-04	6.8959e-01	3.0962e-01	1.6982e-04	4.6975e-01	5.2094e-01	9.3071e-03	4.7560e-06	8.1728e-07	1.1755e-36	3.1848e-19	0.00e+00	0.00e+00	7.2094e+01
4.46727e+16	1.0069e+04	7.851e-16	1.2916e+04	8.0819e+03	2.2054e-11	4.5063e-01	5.4937e-01	1.2305e-01	8.7386e-01	3.0937e-03	1.2952e-12	6.0143e-04	7.1319e-01	2.8606e-01	1.3754e-04	4.9938e-01	4.9339e-01	7.2301e-03	4.1830e-06	6.1047e-07	1.1755e-36	3.9153e-19	0.00e+00	0.00e+00	7.5194e+01
4.47519e+16	9.9868e+03	7.310e-16	1.2916e+04	7.7414e+03	2.5898e-11	4.7566e-01	5.2434e-01	1.3411e-01	8.6274e-01	3.1521e-03	1.4958e-12	5.9505e-04	7.3341e-01	2.6588e-01	1.1416e-04	5.2529e-01	4.6896e-01	5.7488e-03	3.7400e-06	4.6945e-07	1.1755e-36	4.6548e-19	0.00e+00	0.00e+00	7.8060e+01
4.48224e+16	9.8907e+03	6.835e-16	1.2916e+04	7.4396e+03	3.0066e-11	4.9902e-01	5.0098e-01	1.4525e-01	8.5155e-01	3.2006e-03	1.6981e-12	5.8866e-04	7.5151e-01	2.4780e-01	9.6382e-05	5.4915e-01	4.4620e-01	4.6510e-03	3.3749e-06	3.6861e-07	1.1755e-36	5.4127e-19	0.00e+00	0.00e+00	8.0794e+01
4.48891e+16	9.8209e+03	6.371e-16	1.2916e+04	7.1326e+03	3.4290e-11	5.2049e-01	4.7951e-01	1.5625e-01	8.4049e-01	3.2623e-03	1.8968e-12	5.7880e-04	7.6762e-01	2.3172e-01	8.2362e-05	5.7081e-01	4.2539e-01	3.7962e-03	3.0715e-06	2.9302e-07	1.1755e-36	6.1743e-19	0.00e+00	0.00e+00	8.3606e+01
4.49530e+16	9.7268e+03	5.942e-16	1.2916e+04	6.8440e+03	3.9268e-11	5.4232e-01	4.5768e-01	1.6810e-01	8.2858e-01	3.3168e-03	2.1109e-12	5.6902e-04	7.8312e-01	2.1623e-01	7.0741e-05	5.9259e-01	4.0431e-01	3.1004e-03	2.7931e-06	2.3320e-07	1.1755e-36	7.0028e-19	0.00e+00	0.00e+00	8.6329e+01
4.50021e+16	9.6654e+03	5.614e-16	1.2916e+04	6.6188e+03	4.3420e-11	5.5924e-01	4.4076e-01	1.7787e-01	8.1877e-01	3.3648e-03	2.2879e-12	5.6013e-04	7.9462e-01	2.0476e-01	6.3169e-05	6.0928e-01	3.8807e-01	2.6413e-03	2.5941e-06	1.9478e-07	1.1755e-36	7.7109e-19	0.00e+00	0.00e+00	8.8001e+01
4.50343e+16	9.6205e+03	5.399e-16	1.2916e+04	6.4736e+03	4.6209e-11	5.6935e-01	4.3065e-01	1.8467e-01	8.1194e-01	3.3957e-03	2.3957e-12	5.5417e-04	8.0201e-01	1.9737e-01	5.8746e-05	6.1922e-01	3.7839e-01	2.3852e-03	2.4814e-06	1.7391e-07	1.1755e-36	8.1159e-19	0.00e+00	0.00e+00	8.9289e+01
4.50654e+16	9.5744e+03	5.195e-16	1.2916e+04	6.3397e+03	4.9157e-11	5.7932e-01	4.2068e-01	1.9163e-01	8.0495e-01	3.4204e-03	2.5090e-12	5.4867e-04	8.0921e-01	1.9018e-01	5.4663e-05	6.2895e-01	3.6889e-01	2.1578e-03	2.3751e-06	1.5558e-07	1.1755e-36	8.5559e-19	0.00e+00	0.00e+00	9.0914e+01
4.51041e+16	9.5099e+03	4.948e-16	1.2916e+04	6.1684e+03	5.3304e-11	5.9253e-01	4.0747e-01	2.0061e-01	7.9594e-01	3.4509e-03	2.6596e-12	5.4127e-04	8.1798e-01	1.8142e-01	4.9977e-05	6.4177e-01	3.5633e-01	1.8960e-03	2.2407e-06	1.3475e-07	1.1755e-36	9.1446e-19	0.00e+00	0.00e+00	9.2995e+01
4.51460e+16	9.4543e+03	4.683e-16	1.2916e+04	5.9710e+03	5.7949e-11	6.0689e-01	3.9311e-01	2.1033e-01	7.8617e-01	3.4978e-03	2.8259e-12	5.3108e-04	8.2680e-01	1.7262e-01	4.5561e-05	6.5560e-01	3.4275e-01	1.6439e-03	2.1018e-06	1.1755e-36	1.1755e-36	9.8100e-19	0.00e+00	0.00e+00	9.5006e+01
4.51838e+16	9.4079e+03	4.446e-16	1.2916e+04	5.7880e+03	6.2306e-11	6.1935e-01	3.8065e-01	2.1934e-01	7.7711e-01	3.5473e-03	2.9724e-12	5.2078e-04	8.3437e-01	1.6506e-01	4.2056e-05	6.6752e-01	3.3103e-01	1.4454e-03	1.9872e-06	1.1755e-36	1.1755e-36	1.0385e-18	0.00e+00	0.00e+00	9.6773e+01
4.52184e+16	9.3485e+03	4.239e-16	1.2916e+04	5.6356e+03	6.6826e-11	6.3106e-01	3.6894e-01	2.2861e-01	7.6781e-01	3.5808e-03	3.1136e-12	5.1268e-04	8.4154e-01	1.5791e-01	3.9068e-05	6.7866e-01	3.2005e-01	1.2822e-03	1.8846e-06	1.1755e-36	1.1755e-36	1.0922e-18	0.00e+00	0.00e+00	9.8532e+01
4.52530e+16	9.3012e+03	4.031e-16	1.2916e+04	5.4728e+03	7.1494e-11	6.4220e-01	3.5780e-01	2.3770e-01	7.5868e-01	3.6218e-03	3.2560e-12	5.0311e-04	8.4821e-01	1.5124e-01	3.6410e-05	6.8921e-01	3.0965e-01	1.1376e-03	1.7906e-06	1.1755e-36	1.1755e-36	1.1482e-18	0.00e+00	0.00e+00	1.0037e+02
4.52892e+16	9.2398e+03	3.823e-16	1.2916e+04	5.3078e+03	7.6946e-11	6.5423e-01	3.4577e-01	2.4790e-01	7.4844e-01	3.6615e-03	3.4084e-12	4.9327e-04	8.5515e-01	1.4432e-01	3.3863e-05	7.0053e-01	2.9846e-01	1.0013e-03	1.6935e-06	1.1755e-36	1.1755e-36	1.2060e-18	0.00e+00	0.00e+00	1.0236e+02
4.53259e+16	9.1788e+03	3.618e-16	1.2916e+04	5.1430e+03	8.2872e-11	6.6657e-01	3.3343e-01	2.5872e-01	7.3758e-01	3.7016e-03	3.5699e-12	4.8315e-04	8.6196e-01	1.3752e-01	3.1538e-05	7.1207e-01	2.8705e-01	8.7755e-04	1.5981e-06	1.1755e-36	1.1755e-36	1.2681e-18	0.00e+00	0.00e+00	1.0433e+02
4.53610e+16	9.1278e+03	3.425e-16	1.2916e+04	4.9799e+03	8.8597e-11	6.7770e-01	3.2230e-01	2.6903e-01	7.2722e-01	3.7483e-03	3.7143e-12	4.7229e-04	8.6802e-01	1.3147e-01	2.9589e-05	7.2242e-01	2.7680e-01	7.7459e-04	1.5152e-06	1.1755e-36	1.1755e-36	1.3211e-18	0.00e+00	0.00e+00	1.0620e+02
4.53951e+16	9.0636e+03	3.247e-16	1.2916e+04	4.8317e+03	9.4993e-11	6.8875e-01	3.1125e-01	2.8004e-01	7.1618e-01	3.7820e-03	3.8637e-12	4.6270e-04	8.7400e-01	1.2551e-01	2.7838e-05	7.3265e-01	2.6666e-01	6.8474e-04	1.4362e-06	1.1755e-36	1.1755e-36	1.3752e-18	0.00e+00	0.00e+00	1.0813e+02
4.54296e+16	9.0100e+03	3.069e-16	1.2916e+04	4.6756e+03	1.0144e-10	6.9938e-01	3.0062e-01	2.9102e-01	7.0515e-01	3.8266e-03	4.0058e-12	4.5179e-04	8.7958e-01	1.1994e-01	2.6274e-05	7.4245e-01	2.5695e-01	6.0485e-04	1.3625e-06	1.1755e-36	1.1755e-36	1.4245e-18	0.00e+00	0.00e+00	1.1010e+02
4.54646e+16	8.9404e+03	2.899e-16	1.2916e+04	4.5266e+03	1.0903e-10	7.1054e-01	2.8946e-01	3.0311e-01	6.9303e-01	3.8598e-03	4.1600e-12	4.4155e-04	8.8525e-01	1.1428e-01	2.4818e-05	7.5267e-01	2.4680e-01	5.3213e-04	1.2883e-06	1.1755e-36	1.1755e-36	1.4776e-18	0.00e+00	0.00e+00	1.1215e+02
4.54992e+16	8.8884e+03	2.733e-16	1.2916e+04	4.3724e+03	1.1621e-10	7.2083e-01	2.7917e-01	3.1477e-01	6.8133e-01	3.9079e-03	4.2974e-12	4.2999e-04	8.9035e-01	1.0920e-01	2.3561e-05	7.6204e-01	2.3749e-01	4.6949e-04	1.2219e-06	1.1755e-36	1.1755e-36	1.5212e-18	0.00e+00	0.00e+00	1.1414e+02
4.55332e+16	8.8205e+03	2.578e-16	1.2916e+04	4.2273e+03	1.2450e-10	7.3105e-01	2.6895e-01	3.2710e-01	6.6896e-01	3.9434e-03	4.4373e-12	4.1934e-04	8.9534e-01	1.0421e-01	2.2431e-05	7.7132e-01	2.2827e-01	4.1466e-04	1.1583e-06	1.1755e-36	1.1755e-36	1.5633e-18	0.00e+00	0.00e+00	1.1619e+02
4.55675e+16	8.7535e+03	2.428e-16	1.2916e+04	4.0858e+03	1.3333e-10	7.4125e-01	2.5875e-01	3.3999e-01	6.5604e-01	3.9762e-03	4.5805e-12	4.0875e-04	9.0017e-01	9.9401e-02	2.1405e-05	7.8054e-01	2.1910e-01	3.6569e-04	1.0967e-06	1.1755e-36	1.1755e-36	1.6061e-18	0.00e+00	0.00e+00	1.1826e+02
4.56014e+16	8.6891e+03	2.286e-16	1.2916e+04	3.9455e+03	1.4246e-10	7.5095e-01	2.4905e-01	3.5287e-01	6.4312e-01	4.0119e-03	4.7135e-12	3.9784e-04	9.0464e-01	9.4941e-02	2.0505e-05	7.8925e-01	2.1042e-01	3.2331e-04	1.0399e-06	1.1755e-36	1.1755e-36	1.6417e-18	0.00e+00	0.00e+00	1.2031e+02
4.56349e+16	8.6218e+03	2.151e-16	1.2916e+04	3.8097e+03	1.5225e-10	7.6030e-01	2.3970e-01	3.6604e-01	6.2991e-01	4.0440e-03	4.8416e-12	3.8710e-04	9.0888e-01	9.0713e-02	1.9705e-05	7.9763e-01	2.0209e-01	2.8641e-04	9.8672e-07	1.1755e-36	1.1755e-36	1.6726e-18	0.00e+00	0.00e+00	1.2239e+02
4.56687e+16	8.5547e+03	2.022e-16	1.2916e+04	3.6757e+03	1.6267e-10	7.6950e-01	2.3050e-01	3.7965e-01	6.1628e-01	4.0747e-03	4.9669e-12	3.7627e-04	9.1294e-01	8.6668e-02	1.8981e-05	8.0583e-01	1.9391e-01	2.5362e-04	9.3580e-07	1.1755e-36	1.1755e-36	1.6998e-18	0.00e+00	0.00e+00	1.2452e+02
4.57026e+16	8.4831e+03	1.898e-16	1.2916e+04	3.5418e+03	1.7419e-10	7.7858e-01	2.2142e-01	3.9360e-01	6.0229e-01	4.1046e-03	5.0887e-12	3.6519e-04	9.1679e-01	8.2820e-02	1.8328e-05	8.1388e-01	1.8589e-01	2.2461e-04	8.8700e-07	1.1755e-36	1.1755e-36	1.7223e-18	0.00e+00	0.00e+00	1.2668e+02
4.57365e+16	8.4056e+03	1.780e-16	1.2916e+04	3.4137e+03	1.8689e-10	7.8747e-01	2.1253e-01	4.0806e-01	5.8781e-01	4.1269e-03	5.2086e-12	3.5464e-04	9.2048e-01	7.9148e-02	1.7743e-05	8.2175e-01	1.7805e-01	1.9922e-04	8.4043e-07	1.1755e-36	1.1755e-36	1.7415e-18	0.00e+00	0.00e+00	1.2884e+02
4.57698e+16	8.3325e+03	1.670e-16	1.2916e+04	3.2885e+03	1.9991e-10	7.9578e-01	2.0422e-01	4.2238e-01	5.7347e-01	4.1512e-03	5.3158e-12	3.4398e-04	9.2385e-01	7.5789e-02	1.7233e-05	8.2907e-01	1.7075e-01	1.7745e-04	7.9799e-07	1.1755e-36	1.1755e-36	1.7526e-18	0.00e+00	0.00e+00	1.3098e+02
4.58031e+16	8.2577e+03	1.566e-16	1.2916e+04	3.1678e+03	2.1390e-10	8.0384e-01	1.9616e-01	4.3711e-01	5.5872e-01	4.1690e-03	5.4194e-12	3.3358e-04	9.2706e-01	7.2589e-02	1.6773e-05	8.3615e-01	1.6369e-01	1.5834e-04	7.5773e-07	1.1755e-36	1.1755e-36	1.7598e-18	0.00e+00	0.00e+00	1.3318e+02
4.58370e+16	8.1789e+03	1.465e-16	1.2916e+04	3.0468e+03	2.2949e-10	8.1185e-01	1.8815e-01	4.5227e-01	5.4354e-01	4.1853e-03	5.5197e-12	3.2292e-04	9.3012e-01	6.9539e-02	1.6354e-05	8.4316e-01	1.5670e-01	1.4127e-04	7.1866e-07	1.1755e-36	1.1755e-36	1.7623e-18	0.00e+00	0.00e+00	1.3544e+02
4.58711e+16	8.0910e+03	1.370e-16	1.2916e+04	2.9299e+03	2.4734e-10	8.1980e-01	1.8020e-01	4.6800e-01	5.2781e-01	4.1922e-03	5.6189e-12	3.1272e-04	9.3304e-01	6.6630e-02	1.5975e-05	8.5009e-01	1.4979e-01	1.2626e-04	6.8079e-07	1.1755e-36	1.1755e-36	1.7615e-18	0.00e+00	0.00e+00	1.3771e+02
4.59045e+16	8.0087e+03	1.282e-16	1.2916e+04	2.8163e+03	2.6564e-10	8.2709e-01	1.7291e-01	4.8334e-01	5.1246e-01	4.2019e-03	5.7024e-12	3.0250e-04	9.3566e-01	6.4024e-02	1.5648e-05	8.5642e-01	1.4347e-01	1.1354e-04	6.4679e-07	1.1755e-36	1.1755e-36	1.7517e-18	0.00e+00	0.00e+00	1.3994e+02
4.59374e+16	7.9268e+03	1.200e-16	1.2916e+04	2.7104e+03	2.8495e-10	8.3395e-01	1.6605e-01	4.9877e-01	4.9703e-01	4.2018e-03	5.7807e-12	2.9287e-04	9.3809e-01	6.1603e-02	1.5359e-05	8.6236e-01	1.3753e-01	1.0265e-04	6.1537e-07	1.1755e-36	1.1755e-36	1.7393e-18	0.00e+00	0.00e+00	1.4216e+02
4.59704e+16	7.8362e+03	1.123e-16	1.2916e+04	2.6062e+03	3.0734e-10	8.4070e-01	1.5930e-01	5.1454e-01	4.8127e-01	4.1943e-03	5.8560e-12	2.8329e-04	9.4040e-01	5.9304e-02	1.5098e-05	8.6819e-01	1.3171e-01	9.3037e-05	5.8511e-07	1.1755e-36	1.1755e-36	1.7229e-18	0.00e+00	0.00e+00	1.4446e+02
4.60039e+16	7.7462e+03	1.049e-16	1.2916e+04	2.5024e+03	3.3150e-10	8.4719e-01	1.5281e-01	5.3036e-01	4.6546e-01	4.1886e-03	5.9202e-12	2.7365e-04	9.4252e-01	5.7191e-02	1.4863e-05	8.7378e-01	1.2613e-01	8.4595e-05	5.5649e-07	1.1755e-36	1.1755e-36	1.6991e-18	0.00e+00	0.00e+00	1.4677e+02
4.60368e+16	7.6608e+03	9.819e-17	1.2916e+04	2.4059e+03	3.5655e-10	8.5329e-01	1.4671e-01	5.4598e-01	4.4984e-01	4.1753e-03	5.9814e-12	2.6459e-04	9.4444e-01	5.5278e-02	1.4656e-05	8.7902e-01	1.2090e-01	7.7376e-05	5.3002e-07	1.1755e-36	1.1755e-36	1.6755e-18	0.00e+00	0.00e+00	1.4902e+02
4.60690e+16	7.5653e+03	9.200e-17	1.2916e+04	2.3162e+03	3.8567e-10	8.5911e-01	1.4089e-01	5.6175e-01	4.3410e-01	4.1460e-03	6.0423e-12	2.5619e-04	9.4625e-01	5.3481e-02	1.4475e-05	8.8401e-01	1.1592e-01	7.1208e-05	5.0525e-07	1.1755e-36	1.1755e-36	1.6515e-18	0.00e+00	0.00e+00	1.5127e+02
4.61018e+16	7.4725e+03	8.606e-17	1.2916e+04	2.2251e+03	4.1682e-10	8.6455e-01	1.3545e-01	5.7739e-01	4.1849e-01	4.1231e-03	6.0857e-12	2.4745e-04	9.4789e-01	5.1844e-02	1.4313e-05	8.8866e-01	1.1128e-01	6.5798e-05	4.8241e-07	1.1755e-36	1.1755e-36	1.6171e-18	0.00e+00	0.00e+00	1.5362e+02
4.61347e+16	7.3680e+03	8.055e-17	1.2916e+04	2.1392e+03	4.5435e-10	8.7009e-01	1.2991e-01	5.9330e-01	4.0261e-01	4.0836e-03	6.1390e-12	2.3927e-04	9.4944e-01	5.0308e-02	1.4166e-05	8.9339e-01	1.0655e-01	6.1024e-05	4.5952e-07	1.1755e-36	1.1755e-36	1.5879e-18	0.00e+00	0.00e+00	1.5592e+02
4.61671e+16	7.2665e+03	7.546e-17	1.2916e+04	2.0571e+03	4.9447e-10	8.7509e-01	1.2491e-01	6.0883e-01	3.8713e-01	4.0420e-03	6.1796e-12	2.3135e-04	9.5082e-01	4.8935e-02	1.4039e-05	8.9764e-01	1.0230e-01	5.6989e-05	4.3913e-07	1.1755e-36	1.1755e-36	1.5536e-18	0.00e+00	0.00e+00	1.5823e+02
4.61995e+16	7.1632e+03	7.073e-17	1.2916e+04	1.9789e+03	5.3930e-10	8.7986e-01	1.2014e-01	6.2426e-01	3.7175e-01	3.9929e-03	6.2181e-12	2.2373e-04	9.5208e-01	4.7677e-02	1.3927e-05	9.0170e-01	9.8249e-02	5.3489e-05	4.1995e-07	1.1755e-36	1.1755e-36	1.5193e-18	0.00e+00	0.00e+00	1.6056e+02
4.62321e+16	7.0574e+03	6.629e-17	1.2916e+04	1.9032e+03	5.8999e-10	8.8443e-01	1.1557e-01	6.3962e-01	3.5644e-01	3.9377e-03	6.2535e-12	2.1632e-04	9.5324e-01	4.6526e-02	1.3826e-05	9.0557e-01	9.4382e-02	5.0437e-05	4.0181e-07	1.1755e-36	1.1755e-36	1.4841e-18	0.00e+00	0.00e+00	1.6293e+02
4.62651e+16	6.9493e+03	6.214e-17	1.2916e+04	1.8302e+03	6.4749e-10	8.8880e-01	1.1120e-01	6.5486e-01	3.4126e-01	3.8767e-03	6.2867e-12	2.0912e-04	9.5429e-01	4.5483e-02	1.3737e-05	9.0927e-01	9.0684e-02	4.7779e-05	3.8464e-07	1.1755e-36	1.1755e-36	1.4490e-18	0.00e+00	0.00e+00	1.6532e+02
4.62981e+16	6.8395e+03	5.828e-17	1.2916e+04	1.7606e+03	7.1255e-10	8.9294e-01	1.0706e-01	6.6991e-01	3.2628e-01	3.8087e-03	6.3188e-12	2.0220e-04	9.5524e-01	4.4543e-02	1.3659e-05	9.1277e-01	8.7184e-02	4.5485e-05	3.6855e-07	1.1755e-36	1.1755e-36	1.4151e-18	0.00e+00	0.00e+00	1.6773e+02
4.63315e+16	6.7217e+03	5.468e-17	1.2916e+04	1.6925e+03	7.9034e-10	8.9682e-01	1.0318e-01	6.8468e-01	3.1158e-01	3.7368e-03	6.3448e-12	1.9543e-04	9.5608e-01	4.3707e-02	1.3594e-05	9.1605e-01	8.3905e-02	4.3534e-05	3.5364e-07	1.1755e-36	1.1755e-36	1.3791e-18	0.00e+00	0.00e+00	1.7019e+02
4.63649e+16	6.6086e+03	5.136e-17	1.2916e+04	1.6290e+03	8.7541e-10	9.0049e-01	9.9508e-02	6.9914e-01	2.9721e-01	3.6581e-03	6.3759e-12	1.8906e-04	9.5683e-01	4.2969e-02	1.3536e-05	9.1915e-01	8.0809e-02	4.1848e-05	3.3966e-07	1.1755e-36	1.1755e-36	1.3487e-18	0.00e+00	0.00e+00	1.7263e+02
4.63986e+16	6.4927e+03	4.828e-17	1.2916e+04	1.5687e+03	9.7392e-10	9.0395e-01	9.6049e-02	7.1343e-01	2.8300e-01	3.5711e-03	6.4098e-12	1.8299e-04	9.5751e-01	4.2297e-02	1.3487e-05	9.2206e-01	7.7898e-02	4.0404e-05	3.2662e-07	1.1755e-36	1.1755e-36	1.3216e-18	0.00e+00	0.00e+00	1.7515e+02
4.64335e+16	6.3732e+03	4.534e-17	1.2916e+04	1.5096e+03	1.0900e-09	9.0732e-01	9.2677e-02	7.2768e-01	2.6885e-01	3.4785e-03	6.4478e-12	1.7699e-04	9.5811e-01	4.1695e-02	1.3443e-05	9.2490e-01	7.5061e-02	3.9135e-05	3.1402e-07	1.1755e-36	1.1755e-36	1.2977e-18	0.00e+00	0.00e+00	1.7778e+02
4.64694e+16	6.2512e+03	4.259e-17	1.2916e+04	1.4522e+03	1.2265e-09	9.1058e-01	8.9419e-02	7.4171e-01	2.5490e-01	3.3808e-03	6.4927e-12	1.7112e-04	9.5864e-01	4.1178e-02	1.3406e-05	9.2764e-01	7.2324e-02	3.8039e-05	3.0193e-07	1.1755e-36	1.1755e-36	1.2791e-18	0.00e+00	0.00e+00	1.8048e+02
4.65060e+16	6.1379e+03	4.003e-17	1.2916e+04	1.3969e+03	1.3737e-09	9.1345e-01	8.6552e-02	7.5506e-01	2.4165e-01	3.2882e-03	6.5342e-12	1.6533e-04	9.5905e-01	4.0770e-02	1.3376e-05	9.3004e-01	6.9919e-02	3.7121e-05	2.9139e-07	1.1755e-36	1.1755e-36	1.2617e-18	0.00e+00	0.00e+00	1.8322e+02
4.65430e+16	6.0152e+03	3.771e-17	1.2916e+04	1.3463e+03	1.5557e-09	9.1625e-01	8.3754e-02	7.6821e-01	2.2861e-01	3.1807e-03	6.5947e-12	1.6014e-04	9.5942e-01	4.0409e-02	1.3352e-05	9.3239e-01	6.7568e-02	3.6365e-05	2.8116e-07	1.1755e-36	1.1755e-36	1.2564e-18	0.00e+00	0.00e+00	1.8600e+02
4.65814e+16	5.8898e+03	3.553e-17	1.2916e+04	1.2977e+03	1.7729e-09	9.1888e-01	8.1115e-02	7.8125e-01	2.1569e-01	3.0660e-03	6.6701e-12	1.5515e-04	9.5974e-01	4.0087e-02	1.3335e-05	9.3461e-01	6.5353e-02	3.5733e-05	2.7160e-07	1.1755e-36	1.1755e-36	1.2604e-18	0.00e+00	0.00e+00	1.8896e+02
4.66223e+16	5.7601e+03	3.344e-17	1.2916e+04	1.2495e+03	2.0377e-09	9.2150e-01	7.8498e-02	7.9417e-01	2.0288e-01	2.9472e-03	6.7658e-12	1.5017e-04	9.6000e-01	3.9831e-02	1.3321e-05	9.3681e-01	6.3157e-02	3.5193e-05	2.6217e-07	1.1755e-36	1.1755e-36	1.2762e-18	0.00e+00	0.00e+00	1.9214e+02
4.66653e+16	5.6254e+03	3.150e-17	1.2916e+04	1.2040e+03	2.3643e-09	9.2409e-01	7.5914e-02	8.0684e-01	1.9034e-01	2.8202e-03	6.8937e-12	1.4556e-04	9.6020e-01	3.9643e-02	1.3312e-05	9.3897e-01	6.0992e-02	3.4756e-05	2.5293e-07	1.1755e-36	1.1755e-36	1.3111e-18	0.00e+00	0.00e+00	1.9544e+02
4.67104e+16	5.4956e+03	2.970e-17	1.2916e+04	1.1599e+03	2.7412e-09	9.2631e-01	7.3685e-02	8.1884e-01	1.7846e-01	2.6981e-03	7.0389e-12	1.4092e-04	9.6032e-01	3.9528e-02	1.3308e-05	9.4085e-01	5.9118e-02	3.4422e-05	2.4498e-07	1.1755e-36	1.1755e-36	1.3586e-18	0.00e+00	0.00e+00	1.9894e+02
4.67580e+16	5.3595e+03	2.805e-17	1.2916e+04	1.1197e+03	3.2133e-09	9.2856e-01	7.1436e-02	8.3056e-01	1.6687e-01	2.5655e-03	7.2384e-12	1.3687e-04	9.6040e-01	3.9454e-02	1.3309e-05	9.4273e-01	5.7233e-02	3.4177e-05	2.3704e-07	1.1755e-36	1.1755e-36	1.4390e-18	0.00e+00	0.00e+00	2.0264e+02
4.68096e+16	5.2264e+03	2.650e-17	1.2916e+04	1.0799e+03	3.7712e-09	9.3055e-01	6.9453e-02	8.4175e-01	1.5582e-01	2.4377e-03	7.4762e-12	1.3268e-04	9.6043e-01	3.9424e-02	1.3313e-05	9.4440e-01	5.5565e-02	3.4005e-05	2.3006e-07	1.1755e-36	1.1755e-36	1.5448e-18	0.00e+00	0.00e+00	2.0676e+02
4.68662e+16	5.0866e+03	2.506e-17	1.2916e+04	1.0427e+03	4.4776e-09	9.3262e-01	6.7383e-02	8.5263e-01	1.4507e-01	2.3029e-03	7.7974e-12	1.2899e-04	9.6041e-01	3.9450e-02	1.3321e-05	9.4614e-01	5.3826e-02	3.3897e-05	2.2281e-07	1.1755e-36	1.1755e-36	1.7049e-18	0.00e+00	0.00e+00	2.1124e+02
4.69278e+16	4.9536e+03	2.375e-17	1.2916e+04	1.0073e+03	5.2805e-09	9.3437e-01	6.5628e-02	8.6261e-01	1.3521e-01	2.1773e-03	8.1360e-12	1.2531e-04	9.6048e-01	3.9384e-02	1.3330e-05	9.4762e-01	5.2347e-02	3.3854e-05	2.1668e-07	1.1755e-36	1.1755e-36	1.8823e-18	0.00e+00	0.00e+00	2.1614e+02
4.69959e+16	4.8189e+03	2.257e-17	1.2916e+04	9.7511e+02	6.2273e-09	9.3606e-01	6.3941e-02	8.7198e-01	1.2597e-01	2.0507e-03	8.4589e-12	1.2215e-04	9.6085e-01	3.9014e-02	1.3341e-05	9.4904e-01	5.0924e-02	3.3871e-05	2.1082e-07	1.1755e-36	1.1755e-36	2.0580e-18	0.00e+00	0.00e+00	2.2163e+02
4.70704e+16	4.6930e+03	2.154e-17	1.2916e+04	9.4637e+02	7.2679e-09	9.3758e-01	6.2424e-02	8.8028e-01	1.1778e-01	1.9341e-03	8.7876e-12	1.1937e-04	9.6117e-01	3.8696e-02	1.3352e-05	9.5032e-01	4.9644e-02	3.3925e-05	2.0557e-07	1.1755e-36	1.1755e-36	2.2529e-18	0.00e+00	0.00e+00	2.2753e+02
4.71521e+16	4.5747e+03	2.066e-17	1.2916e+04	9.2196e+02	8.3930e-09	9.3894e-01	6.1063e-02	8.8763e-01	1.1055e-01	1.8240e-03	9.1192e-12	1.1716e-04	9.6153e-01	3.8335e-02	1.3362e-05	9.5147e-01	4.8494e-02	3.4011e-05	2.0086e-07	1.1755e-36	1.1755e-36	2.4659e-18	0.00e+00	0.00e+00	2.3413e+02
4.72414e+16	4.4740e+03	1.992e-17	1.2916e+04	8.9997e+02	9.4680e-09	9.4002e-01	5.9980e-02	8.9361e-01	1.0465e-01	1.7345e-03	9.4077e-12	1.1501e-04	9.6180e-01	3.8068e-02	1.3370e-05	9.5239e-01	4.7575e-02	3.4102e-05	1.9711e-07	1.1755e-36	1.1755e-36	2.6614e-18	0.00e+00	0.00e+00	2.4121e+02
4.73336e+16	4.3857e+03	1.935e-17	1.2916e+04	8.8358e+02	1.0495e-08	9.4099e-01	5.9008e-02	8.9842e-01	9.9925e-02	1.6559e-03	9.6677e-12	1.1360e-04	9.6201e-01	3.7865e-02	1.3375e-05	9.5321e-01	4.6752e-02	3.4198e-05	1.9374e-07	1.1755e-36	1.1755e-36	2.8498e-18	0.00e+00	0.00e+00	2.4828e+02
4.74255e+16	4.3220e+03	1.892e-17	1.2916e+04	8.7100e+02	1.1281e-08	9.4165e-01	5.8350e-02	9.0197e-01	9.6433e-02	1.5966e-03	9.8525e-12	1.1245e-04	9.6216e-01	3.7714e-02	1.3375e-05	9.5377e-01	4.6193e-02	3.4269e-05	1.9144e-07	1.1755e-36	1.1755e-36	2.9872e-18	0.00e+00	0.00e+00	2.5532e+02
4.75172e+16	4.2757e+03	1.858e-17	1.2916e+04	8.6072e+02	1.1872e-08	9.4211e-01	5.7894e-02	9.0456e-01	9.3883e-02	1.5531e-03	9.9813e-12	1.1145e-04	9.6227e-01	3.7608e-02	1.3372e-05	9.5416e-01	4.5804e-02	3.4316e-05	1.8983e-07	1.1755e-36	1.1755e-36	3.0835e-18	0.00e+00	0.00e+00	2.6235e+02
4.76086e+16	4.2282e+03	1.831e-17	1.2916e+04	8.5246e+02	1.2496e-08	9.4258e-01	5.7416e-02	9.0665e-01	9.1834e-02	1.5141e-03	1.0113e-11	1.1070e-04	9.6239e-01	3.7485e-02	1.3369e-05	9.5457e-01	4.5397e-02	3.4380e-05	1.8814e-07	1.1755e-36	1.1755e-36	3.1880e-18	0.00e+00	0.00e+00	2.6938e+02
4.76999e+16	4.1973e+03	1.809e-17	1.2916e+04	8.4677e+02	1.2910e-08	9.4299e-01	5.7012e-02	9.0828e-01	9.0237e-02	1.4818e-03	1.0202e-11	1.1025e-04	9.6250e-01	3.7379e-02	1.3360e-05	9.5491e-01	4.5059e-02	3.4403e-05	1.8671e-07	1.1755e-36	1.1755e-36	3.2573e-18	0.00e+00	0.00e+00	2.7639e+02
4.78049e+16	4.1498e+03	1.785e-17	1.2916e+04	8.3940e+02	1.3558e-08	9.4345e-01	5.6554e-02	9.0980e-01	8.8752e-02	1.4494e-03	1.0328e-11	1.0972e-04	9.6290e-01	3.6976e-02	1.3353e-05	9.5530e-01	4.4669e-02	3.4478e-05	1.8509e-07	1.1755e-36	1.1755e-36	3.3611e-18	0.00e+00	0.00e+00	2.8552e+02
4.79413e+16	4.1168e+03	1.759e-17	1.2916e+04	8.3115e+02	1.4002e-08	9.4394e-01	5.6062e-02	9.1107e-01	8.7507e-02	1.4225e-03	1.0412e-11	1.0894e-04	9.6332e-01	3.6555e-02	1.3334e-05	9.5571e-01	4.4259e-02	3.4493e-05	1.8331e-07	1.1755e-36	1.1755e-36	3.4237e-18	0.00e+00	0.00e+00	2.9739e+02
4.81186e+16	4.0714e+03	1.730e-17	1.2916e+04	8.2232e+02	1.4621e-08	9.4452e-01	5.5485e-02	9.1242e-01	8.6186e-02	1.3894e-03	1.0523e-11	1.0821e-04	9.6384e-01	3.6039e-02	1.3310e-05	9.5619e-01	4.3774e-02	3.4535e-05	1.8121e-07	1.1755e-36	1.1755e-36	3.5118e-18	0.00e+00	0.00e+00	3.1283e+02
4.83491e+16	4.0198e+03	1.699e-17	1.2916e+04	8.1274e+02	1.5324e-08	9.4514e-01	5.4859e-02	9.1381e-01	8.4835e-02	1.3515e-03	1.0637e-11	1.0744e-04	9.6444e-01	3.5439e-02	1.3280e-05	9.5672e-01	4.3247e-02	3.4584e-05	1.7892e-07	1.1755e-36	1.1755e-36	3.6044e-18	0.00e+00	0.00e+00	3.3291e+02
4.86488e+16	3.9567e+03	1.663e-17	1.2916e+04	8.0136e+02	1.6173e-08	9.4586e-01	5.4140e-02	9.1531e-01	8.3386e-02	1.3076e-03	1.0756e-11	1.0656e-04	9.6512e-01	3.4758e-02	1.3240e-05	9.5732e-01	4.2640e-02	3.4650e-05	1.7627e-07	1.1755e-36	1.1755e-36	3.7020e-18	0.00e+00	0.00e+00	3.5904e+02
###########################
3.03194e+12	1.3538e+04	1.105e-15	1.2916e+04	1.4991e+04	8.8787e-17	1.4854e-03	9.9851e-01	2.1609e-04	1.3621e-01	8.6358e-01	3.8532e-21	6.7488e-06	1.3216e-02	4.4619e-01	3.9936e-01	6.0095e-06	4.7948e-03	2.7622e-01	6.3658e-01	8.0413e-02	1.9570e-03	1.0276e-28	0.00e+00	0.00e+00	7.3435e-04
1.81917e+13	1.3525e+04	1.103e-15	1.2916e+04	1.4984e+04	8.6573e-17	1.4826e-03	9.9852e-01	2.1587e-04	1.3618e-01	8.6361e-01	3.6992e-21	6.4727e-06	1.3191e-02	4.4584e-01	3.9987e-01	5.9805e-06	4.7817e-03	2.7663e-01	6.3632e-01	8.0268e-02	1.9540e-03	9.5533e-29	0.00e+00	0.00e+00	3.6663e-03
7.88305e+13	1.3502e+04	1.098e-15	1.2916e+04	1.4982e+04	8.6441e-17	1.4756e-03	9.9852e-01	2.1576e-04	1.3649e-01	8.6329e-01	3.6456e-21	6.4843e-06	1.3168e-02	4.4670e-01	4.0016e-01	5.9096e-06	4.7491e-03	2.7868e-01	6.3498e-01	7.9616e-02	1.9366e-03	9.4452e-29	0.00e+00	0.00e+00	1.5339e-02
3.21386e+14	1.3426e+04	1.087e-15	1.2916e+04	1.4979e+04	8.5257e-17	1.4594e-03	9.9854e-01	2.1719e-04	1.3896e-01	8.6083e-01	3.4477e-21	6.4531e-06	1.3140e-02	4.5172e-01	3.9984e-01	5.7249e-06	4.6594e-03	2.8742e-01	6.2900e-01	7.7017e-02	1.8649e-03	8.8383e-29	0.00e+00	0.00e+00	6.1517e-02
7.67688e+14	1.3199e+04	1.044e-15	1.2916e+04	1.4980e+04	7.9546e-17	1.3819e-03	9.9862e-01	2.1151e-04	1.3885e-01	8.6094e-01	2.7157e-21	5.9574e-06	1.2780e-02	4.5312e-01	4.0371e-01	4.9996e-06	4.3155e-03	2.9806e-01	6.2267e-01	7.3136e-02	1.7864e-03	6.7776e-29	0.00e+00	0.00e+00	1.1836e-01
1.34788e+15	1.2992e+04	1.010e-15	1.2916e+04	1.4977e+04	7.5035e-17	1.3181e-03	9.9868e-01	2.1185e-04	1.4249e-01	8.5730e-01	2.2586e-21	5.6516e-06	1.2614e-02	4.6011e-01	4.0444e-01	4.5480e-06	4.1304e-03	3.1381e-01	6.1199e-01	6.8357e-02	1.6755e-03	5.4756e-29	0.00e+00	0.00e+00	1.8884e-01
2.10213e+15	1.2786e+04	9.832e-16	1.2916e+04	1.4968e+04	7.1396e-17	1.2627e-03	9.9874e-01	2.1911e-04	1.5107e-01	8.4871e-01	1.9557e-21	5.4846e-06	1.2622e-02	4.7363e-01	4.0157e-01	4.2775e-06	4.0696e-03	3.3754e-01	5.9456e-01	6.2269e-02	1.5244e-03	4.5906e-29	0.00e+00	0.00e+00	2.7662e-01
3.08266e+15	1.2575e+04	9.634e-16	1.2916e+04	1.4951e+04	6.8686e-17	1.2165e-03	9.9878e-01	2.3788e-04	1.6773e-01	8.3203e-01	1.7966e-21	5.4889e-06	1.2883e-02	4.9589e-01	3.9343e-01	4.2281e-06	4.1865e-03	3.7388e-01	5.6614e-01	5.4441e-02	1.3236e-03	4.0525e-29	0.00e+00	0.00e+00	3.8655e-01
4.35734e+15	1.2354e+04	9.526e-16	1.2916e+04	1.4916e+04	6.7594e-17	1.1848e-03	9.9882e-01	2.7917e-04	1.9970e-01	8.0002e-01	1.8218e-21	5.7464e-06	1.3547e-02	5.3009e-01	3.7714e-01	4.5302e-06	4.6072e-03	4.3123e-01	5.1875e-01	4.4328e-02	1.0623e-03	3.9177e-29	0.00e+00	0.00e+00	5.2574e-01
5.63417e+15	1.2161e+04	9.503e-16	1.2916e+04	1.4863e+04	6.4817e-17	1.1455e-03	9.9885e-01	3.3989e-04	2.4762e-01	7.5204e-01	1.7872e-21	5.9849e-06	1.4206e-02	5.6674e-01	3.5664e-01	4.8735e-06	5.1310e-03	5.0060e-01	4.5891e-01	3.4524e-02	8.2114e-04	3.6733e-29	0.00e+00	0.00e+00	6.2967e-01
6.58565e+15	1.2029e+04	9.570e-16	1.2916e+04	1.4822e+04	6.4415e-17	1.1364e-03	9.9886e-01	4.1745e-04	3.0223e-01	6.9735e-01	1.9508e-21	6.3980e-06	1.5054e-02	5.9726e-01	3.3756e-01	5.5652e-06	5.8870e-03	5.6494e-01	4.0151e-01	2.7008e-02	6.3674e-04	3.8613e-29	0.00e+00	0.00e+00	7.0288e-01
7.31054e+15	1.1940e+04	9.629e-16	1.2916e+04	1.4742e+04	6.6247e-17	1.1424e-03	9.9886e-01	4.9329e-04	3.5662e-01	6.4289e-01	2.1493e-21	6.7507e-06	1.5690e-02	6.2033e-01	3.2248e-01	6.2512e-06	6.5580e-03	6.1971e-01	3.5172e-01	2.1492e-02	5.0300e-04	4.2485e-29	0.00e+00	0.00e+00	7.6431e-01
7.91260e+15	1.1852e+04	9.670e-16	1.2916e+04	1.4680e+04	6.8900e-17	1.1562e-03	9.9884e-01	5.7575e-04	4.1147e-01	5.8795e-01	2.4133e-21	7.1452e-06	1.6361e-02	6.3893e-01	3.0979e-01	7.0685e-06	7.2973e-03	6.6740e-01	3.0770e-01	1.7190e-02	3.9975e-04	4.7613e-29	0.00e+00	0.00e+00	8.1565e-01
8.42922e+15	1.1763e+04	9.677e-16	1.2916e+04	1.4622e+04	7.2391e-17	1.1752e-03	9.9882e-01	6.6021e-04	4.6517e-01	5.3417e-01	2.7164e-21	7.5346e-06	1.6996e-02	6.5405e-01	2.9917e-01	7.9465e-06	8.0377e-03	7.0864e-01	2.6918e-01	1.3810e-02	3.1948e-04	5.3754e-29	0.00e+00	0.00e+00	8.6247e-01
8.99115e+15	1.1646e+04	9.633e-16	1.2916e+04	1.4557e+04	7.8639e-17	1.2083e-03	9.9879e-01	7.6657e-04	5.2850e-01	4.7074e-01	3.2044e-21	8.0624e-06	1.7789e-02	6.6959e-01	2.8793e-01	9.1768e-06	8.9796e-03	7.5232e-01	2.2791e-01	1.0535e-02	2.4228e-04	6.4054e-29	0.00e+00	0.00e+00	9.2505e-01
9.62584e+15	1.1512e+04	9.517e-16	1.2916e+04	1.4472e+04	8.5830e-17	1.2451e-03	9.9875e-01	8.9101e-04	6.0222e-01	3.9689e-01	3.7267e-21	8.6054e-06	1.8572e-02	6.8455e-01	2.7685e-01	1.0586e-05	1.0002e-02	7.9660e-01	1.8561e-01	7.5968e-03	1.7455e-04	7.5460e-29	0.00e+00	0.00e+00	9.8942e-01
1.02523e+16	1.1355e+04	9.330e-16	1.2916e+04	1.4386e+04	9.5196e-17	1.2881e-03	9.9871e-01	1.0168e-03	6.7322e-01	3.2577e-01	4.3346e-21	9.1583e-06	1.9343e-02	6.9741e-01	2.6700e-01	1.2132e-05	1.1027e-02	8.3452e-01	1.4895e-01	5.3659e-03	1.2376e-04	8.9105e-29	0.00e+00	0.00e+00	1.0544e+00
1.09637e+16	1.1149e+04	9.059e-16	1.2916e+04	1.4310e+04	1.1034e-16	1.3507e-03	9.9865e-01	1.1590e-03	7.4498e-01	2.5386e-01	5.2641e-21	9.8821e-06	2.0277e-02	7.1031e-01	2.5661e-01	1.4142e-05	1.2195e-02	8.6958e-01	1.1458e-01	3.5462e-03	8.2500e-05	1.1053e-28	0.00e+00	0.00e+00	1.1430e+00
1.18886e+16	1.0891e+04	8.678e-16	1.2916e+04	1.4229e+04	1.3367e-16	1.4377e-03	9.9856e-01	1.3184e-03	8.1756e-01	1.8113e-01	6.6356e-21	1.0812e-05	2.1401e-02	7.2373e-01	2.4521e-01	1.6825e-05	1.3550e-02	9.0224e-01	8.2027e-02	2.1110e-03	5.0004e-05	1.4267e-28	0.00e+00	0.00e+00	1.2655e+00
1.28943e+16	1.0658e+04	8.310e-16	1.2916e+04	1.4165e+04	1.6082e-16	1.5316e-03	9.9847e-01	1.4513e-03	8.7153e-01	1.2701e-01	8.1494e-21	1.1723e-05	2.2425e-02	7.3480e-01	2.3529e-01	1.9599e-05	1.4738e-02	9.2520e-01	5.8726e-02	1.2866e-03	3.1033e-05	1.7911e-28	0.00e+00	0.00e+00	1.3861e+00
1.40049e+16	1.0456e+04	7.991e-16	1.2916e+04	1.4118e+04	1.9609e-16	1.6478e-03	9.9835e-01	1.5695e-03	9.1001e-01	8.8423e-02	1.0290e-20	1.2805e-05	2.3540e-02	7.4474e-01	2.2579e-01	2.2943e-05	1.5932e-02	9.4131e-01	4.1903e-02	8.1261e-04	1.9565e-05	2.3196e-28	0.00e+00	0.00e+00	1.5548e+00
1.53643e+16	1.0300e+04	7.746e-16	1.2916e+04	1.4085e+04	2.4170e-16	1.7970e-03	9.9820e-01	1.6793e-03	9.3816e-01	6.0163e-02	1.3309e-20	1.4084e-05	2.4740e-02	7.5428e-01	2.1621e-01	2.7190e-05	1.7174e-02	9.5292e-01	2.9329e-02	5.3978e-04	1.2346e-05	3.1086e-28	0.00e+00	0.00e+00	1.7692e+00
1.69008e+16	1.0214e+04	7.615e-16	1.2916e+04	1.4061e+04	2.9792e-16	1.9842e-03	9.9802e-01	1.7790e-03	9.5668e-01	4.1543e-02	1.7632e-20	1.5565e-05	2.6007e-02	7.6310e-01	2.0691e-01	3.2640e-05	1.8486e-02	9.6034e-01	2.0736e-02	3.9938e-04	8.0638e-06	4.3191e-28	0.00e+00	0.00e+00	2.0296e+00
1.85909e+16	1.0199e+04	7.599e-16	1.2916e+04	1.4045e+04	3.6961e-16	2.2241e-03	9.9778e-01	1.8763e-03	9.6871e-01	2.9414e-02	2.4295e-20	1.7330e-05	2.7402e-02	7.7164e-01	1.9755e-01	4.0023e-05	1.9975e-02	9.6477e-01	1.4885e-02	3.2754e-04	5.4274e-06	6.3417e-28	0.00e+00	0.00e+00	2.3507e+00
2.00534e+16	1.0250e+04	7.691e-16	1.2916e+04	1.4034e+04	4.4113e-16	2.4726e-03	9.9753e-01	1.9513e-03	9.7500e-01	2.3051e-02	3.2284e-20	1.8950e-05	2.8575e-02	7.7830e-01	1.9005e-01	4.8195e-05	2.1395e-02	9.6659e-01	1.1670e-02	2.9713e-04	4.0569e-06	9.0289e-28	0.00e+00	0.00e+00	2.5834e+00
2.10600e+16	1.0306e+04	7.793e-16	1.2916e+04	1.4028e+04	5.0418e-16	2.6737e-03	9.9733e-01	2.0032e-03	9.7818e-01	1.9816e-02	4.0279e-20	2.0175e-05	2.9455e-02	7.8300e-01	1.8467e-01	5.5257e-05	2.2492e-02	9.6719e-01	9.9737e-03	2.8365e-04	3.3540e-06	1.1960e-27	0.00e+00	0.00e+00	2.7706e+00
2.20474e+16	1.0365e+04	7.901e-16	1.2916e+04	1.4022e+04	5.8303e-16	2.8974e-03	9.9710e-01	2.0669e-03	9.8085e-01	1.7087e-02	5.1685e-20	2.1627e-05	3.0498e-02	7.8795e-01	1.7887e-01	6.3862e-05	2.3758e-02	9.6740e-01	8.5061e-03	2.7325e-04	2.7671e-06	1.6349e-27	0.00e+00	0.00e+00	3.0342e+00
2.31608e+16	1.0449e+04	8.063e-16	1.2916e+04	1.4016e+04	6.8655e-16	3.1852e-03	9.9681e-01	2.1367e-03	9.8314e-01	1.4721e-02	6.8860e-20	2.3347e-05	3.1712e-02	7.9357e-01	1.7222e-01	7.5694e-05	2.5336e-02	9.6712e-01	7.2002e-03	2.6515e-04	2.2532e-06	2.3468e-27	0.00e+00	0.00e+00	3.3227e+00
2.41847e+16	1.0543e+04	8.244e-16	1.2916e+04	1.4010e+04	7.9599e-16	3.4946e-03	9.9651e-01	2.2073e-03	9.8479e-01	1.3006e-02	9.0625e-20	2.5111e-05	3.2945e-02	7.9893e-01	1.6579e-01	8.9655e-05	2.7058e-02	9.6637e-01	6.2204e-03	2.5978e-04	1.8734e-06	3.2920e-27	0.00e+00	0.00e+00	3.5897e+00
2.50550e+16	1.0647e+04	8.409e-16	1.2916e+04	1.4005e+04	9.0276e-16	3.7924e-03	9.9621e-01	2.2724e-03	9.8593e-01	1.1795e-02	1.1607e-19	2.6750e-05	3.4082e-02	8.0359e-01	1.6012e-01	1.0438e-04	2.8744e-02	9.6539e-01	5.5055e-03	2.5635e-04	1.6028e-06	4.4674e-27	0.00e+00	0.00e+00	3.8381e+00
2.58054e+16	1.0729e+04	8.573e-16	1.2916e+04	1.3999e+04	1.0256e-15	4.0849e-03	9.9592e-01	2.3416e-03	9.8678e-01	1.0879e-02	1.4728e-19	2.8335e-05	3.5195e-02	8.0788e-01	1.5483e-01	1.2008e-04	3.0429e-02	9.6424e-01	4.9558e-03	2.5374e-04	1.3981e-06	6.0147e-27	0.00e+00	0.00e+00	4.0704e+00
2.64884e+16	1.0795e+04	8.736e-16	1.2916e+04	1.3994e+04	1.1686e-15	4.3845e-03	9.9562e-01	2.4066e-03	9.8747e-01	1.0120e-02	1.8634e-19	2.9942e-05	3.6331e-02	8.1204e-01	1.4963e-01	1.3735e-04	3.2159e-02	9.6296e-01	4.4950e-03	2.5145e-04	1.2303e-06	8.0756e-27	0.00e+00	0.00e+00	4.3094e+00
2.72572e+16	1.0870e+04	8.921e-16	1.2916e+04	1.3990e+04	1.3649e-15	4.7554e-03	9.9524e-01	2.4827e-03	9.8819e-01	9.3251e-03	2.4667e-19	3.1876e-05	3.7726e-02	8.1691e-01	1.4347e-01	1.6049e-04	3.4314e-02	9.6127e-01	4.0092e-03	2.4898e-04	1.0600e-06	1.1482e-26	0.00e+00	0.00e+00	4.6463e+00
2.80629e+16	1.0978e+04	9.129e-16	1.2916e+04	1.3983e+04	1.5864e-15	5.1961e-03	9.9480e-01	2.5728e-03	9.8878e-01	8.6460e-03	3.3136e-19	3.4147e-05	3.9309e-02	8.2195e-01	1.3696e-01	1.9104e-04	3.6987e-02	9.5900e-01	3.5770e-03	2.4703e-04	9.1002e-07	1.6485e-26	0.00e+00	0.00e+00	4.9608e+00
2.87115e+16	1.1049e+04	9.319e-16	1.2916e+04	1.3978e+04	1.8263e-15	5.6009e-03	9.9440e-01	2.6518e-03	9.8919e-01	8.1579e-03	4.2964e-19	3.6106e-05	4.0732e-02	8.2620e-01	1.3138e-01	2.2156e-04	3.9454e-02	9.5682e-01	3.2631e-03	2.4531e-04	8.0278e-07	2.2765e-26	0.00e+00	0.00e+00	5.2141e+00
2.92411e+16	1.1122e+04	9.468e-16	1.2916e+04	1.3973e+04	2.0367e-15	5.9609e-03	9.9404e-01	2.7227e-03	9.8949e-01	7.7879e-03	5.3280e-19	3.7873e-05	4.1991e-02	8.2969e-01	1.2670e-01	2.5116e-04	4.1713e-02	9.5477e-01	3.0189e-03	2.4404e-04	7.2266e-07	2.9584e-26	0.00e+00	0.00e+00	5.4593e+00
2.98213e+16	1.1191e+04	9.637e-16	1.2916e+04	1.3967e+04	2.2957e-15	6.3946e-03	9.9361e-01	2.8098e-03	9.8981e-01	7.3837e-03	6.7695e-19	4.0008e-05	4.3524e-02	8.3366e-01	1.2129e-01	2.8952e-04	4.4455e-02	9.5226e-01	2.7562e-03	2.4242e-04	6.4005e-07	3.9189e-26	0.00e+00	0.00e+00	5.8013e+00
3.04583e+16	1.1286e+04	9.825e-16	1.2916e+04	1.3958e+04	2.6190e-15	6.9199e-03	9.9308e-01	2.9156e-03	9.9008e-01	7.0017e-03	8.8874e-19	4.2540e-05	4.5328e-02	8.3788e-01	1.1534e-01	3.4072e-04	4.7896e-02	9.4902e-01	2.5005e-03	2.4086e-04	5.6099e-07	5.4042e-26	0.00e+00	0.00e+00	6.1500e+00
3.10168e+16	1.1349e+04	1.001e-15	1.2916e+04	1.3951e+04	2.9952e-15	7.4428e-03	9.9256e-01	3.0199e-03	9.9029e-01	6.6910e-03	1.1516e-18	4.4995e-05	4.7109e-02	8.4164e-01	1.0988e-01	3.9623e-04	5.1362e-02	9.4571e-01	2.2934e-03	2.3917e-04	4.9798e-07	7.3571e-26	0.00e+00	0.00e+00	6.4527e+00
3.14894e+16	1.1408e+04	1.017e-15	1.2916e+04	1.3944e+04	3.3581e-15	7.9263e-03	9.9207e-01	3.1153e-03	9.9044e-01	6.4439e-03	1.4440e-18	4.7238e-05	4.8743e-02	8.4478e-01	1.0516e-01	4.5211e-04	5.4640e-02	9.4254e-01	2.1268e-03	2.3769e-04	4.4909e-07	9.6143e-26	0.00e+00	0.00e+00	6.7412e+00
3.20028e+16	1.1465e+04	1.034e-15	1.2916e+04	1.3937e+04	3.8390e-15	8.5036e-03	9.9150e-01	3.2276e-03	9.9060e-01	6.1730e-03	1.8719e-18	4.9926e-05	5.0693e-02	8.4821e-01	9.9856e-02	5.2410e-04	5.8579e-02	9.3871e-01	1.9478e-03	2.3584e-04	3.9898e-07	1.3069e-25	0.00e+00	0.00e+00	7.1435e+00
3.25584e+16	1.1524e+04	1.054e-15	1.2916e+04	1.3930e+04	4.4569e-15	9.1927e-03	9.9081e-01	3.3605e-03	9.9073e-01	5.9109e-03	2.5003e-18	5.3054e-05	5.2990e-02	8.5171e-01	9.4131e-02	6.1871e-04	6.3429e-02	9.3394e-01	1.7742e-03	2.3366e-04	3.5107e-07	1.8387e-25	0.00e+00	0.00e+00	7.5414e+00
3.30392e+16	1.1583e+04	1.071e-15	1.2916e+04	1.3921e+04	5.0691e-15	9.8590e-03	9.9014e-01	3.4885e-03	9.9081e-01	5.7050e-03	3.2355e-18	5.6046e-05	5.5183e-02	8.5459e-01	8.9116e-02	7.1941e-04	6.8248e-02	9.2917e-01	1.6340e-03	2.3168e-04	3.1345e-07	2.4802e-25	0.00e+00	0.00e+00	7.8878e+00
3.34494e+16	1.1638e+04	1.085e-15	1.2916e+04	1.3909e+04	5.6309e-15	1.0482e-02	9.8952e-01	3.6137e-03	9.9085e-01	5.5368e-03	4.0348e-18	5.8800e-05	5.7212e-02	8.5693e-01	8.4795e-02	8.2196e-04	7.2857e-02	9.2457e-01	1.5191e-03	2.2994e-04	2.8376e-07	3.1810e-25	0.00e+00	0.00e+00	8.2205e+00
3.38971e+16	1.1682e+04	1.102e-15	1.2916e+04	1.3900e+04	6.4429e-15	1.1232e-02	9.8877e-01	3.7581e-03	9.9090e-01	5.3460e-03	5.2472e-18	6.2141e-05	5.9653e-02	8.5940e-01	7.9937e-02	9.5461e-04	7.8397e-02	9.1903e-01	1.3943e-03	2.2758e-04	2.5292e-07	4.3110e-25	0.00e+00	0.00e+00	8.6840e+00
3.43836e+16	1.1725e+04	1.121e-15	1.2916e+04	1.3891e+04	7.4913e-15	1.2129e-02	9.8787e-01	3.9313e-03	9.9091e-01	5.1579e-03	7.0418e-18	6.6072e-05	6.2550e-02	8.6176e-01	7.4745e-02	1.1296e-03	8.5234e-02	9.1214e-01	1.2717e-03	2.2474e-04	2.2305e-07	6.0535e-25	0.00e+00	0.00e+00	9.1456e+00
3.48081e+16	1.1771e+04	1.137e-15	1.2916e+04	1.3879e+04	8.5419e-15	1.3004e-02	9.8700e-01	4.0996e-03	9.9089e-01	5.0075e-03	9.1701e-18	6.9851e-05	6.5341e-02	8.6355e-01	7.0207e-02	1.3176e-03	9.2082e-02	9.0521e-01	1.1707e-03	2.2208e-04	1.9921e-07	8.1719e-25	0.00e+00	0.00e+00	9.5509e+00
3.51728e+16	1.1813e+04	1.151e-15	1.2916e+04	1.3868e+04	9.5780e-15	1.3825e-02	9.8617e-01	4.2584e-03	9.9086e-01	4.8826e-03	1.1581e-17	7.3358e-05	6.7942e-02	8.6488e-01	6.6315e-02	1.5098e-03	9.8640e-02	8.9854e-01	1.0873e-03	2.1960e-04	1.8025e-07	1.0636e-24	0.00e+00	0.00e+00	9.9421e+00
3.55719e+16	1.1843e+04	1.168e-15	1.2916e+04	1.3853e+04	1.0945e-14	1.4828e-02	9.8517e-01	4.4531e-03	9.9081e-01	4.7389e-03	1.5102e-17	7.7595e-05	7.1078e-02	8.6614e-01	6.1970e-02	1.7622e-03	1.0662e-01	8.9041e-01	9.9648e-04	2.1648e-04	1.6046e-07	1.4297e-24	0.00e+00	0.00e+00	1.0488e+01
3.60057e+16	1.1873e+04	1.186e-15	1.2916e+04	1.3840e+04	1.2803e-14	1.6027e-02	9.8397e-01	4.6870e-03	9.9072e-01	4.5953e-03	2.0491e-17	8.2678e-05	7.4823e-02	8.6703e-01	5.7380e-02	2.0957e-03	1.1645e-01	8.8034e-01	9.0620e-04	2.1266e-04	1.4114e-07	2.0215e-24	0.00e+00	0.00e+00	1.1032e+01
3.63863e+16	1.1906e+04	1.202e-15	1.2916e+04	1.3825e+04	1.4687e-14	1.7206e-02	9.8279e-01	4.9158e-03	9.9061e-01	4.4791e-03	2.6985e-17	8.7577e-05	7.8461e-02	8.6742e-01	5.3386e-02	2.4577e-03	1.2635e-01	8.7015e-01	8.3107e-04	2.0900e-04	1.2558e-07	2.7493e-24	0.00e+00	0.00e+00	1.1515e+01
3.67168e+16	1.1936e+04	1.216e-15	1.2916e+04	1.3809e+04	1.6589e-14	1.8330e-02	9.8167e-01	5.1348e-03	9.9048e-01	4.3809e-03	3.4510e-17	9.2186e-05	8.1900e-02	8.6745e-01	4.9958e-02	2.8336e-03	1.3594e-01	8.6025e-01	7.6836e-04	2.0553e-04	1.1755e-36	3.6134e-24	0.00e+00	0.00e+00	1.1988e+01
3.70807e+16	1.1960e+04	1.232e-15	1.2916e+04	1.3789e+04	1.9072e-14	1.9703e-02	9.8030e-01	5.4019e-03	9.9033e-01	4.2679e-03	4.5603e-17	9.7710e-05	8.6038e-02	8.6712e-01	4.6182e-02	3.3293e-03	1.4762e-01	8.4815e-01	7.0043e-04	2.0129e-04	1.1755e-36	4.9076e-24	0.00e+00	0.00e+00	1.2649e+01
3.74790e+16	1.1977e+04	1.250e-15	1.2916e+04	1.3767e+04	2.2507e-14	2.1393e-02	9.7861e-01	5.7328e-03	9.9012e-01	4.1515e-03	6.2984e-17	1.0449e-04	9.1097e-02	8.6611e-01	4.2166e-02	4.0027e-03	1.6227e-01	8.3290e-01	6.3115e-04	1.9600e-04	1.1755e-36	7.0174e-24	0.00e+00	0.00e+00	1.3321e+01
3.78321e+16	1.1988e+04	1.267e-15	1.2916e+04	1.3749e+04	2.6321e-14	2.3081e-02	9.7692e-01	6.0671e-03	9.8988e-01	4.0533e-03	8.5227e-17	1.1129e-04	9.6137e-02	8.6459e-01	3.8681e-02	4.7459e-03	1.7715e-01	8.1734e-01	5.7317e-04	1.9069e-04	1.1755e-36	9.8229e-24	0.00e+00	0.00e+00	1.3925e+01
3.81430e+16	1.2000e+04	1.281e-15	1.2916e+04	1.3727e+04	3.0259e-14	2.4739e-02	9.7526e-01	6.3937e-03	9.8964e-01	3.9692e-03	1.1195e-16	1.1781e-04	1.0102e-01	8.6275e-01	3.5667e-02	5.5421e-03	1.9184e-01	8.0191e-01	5.2383e-04	1.8559e-04	1.1755e-36	1.3250e-23	0.00e+00	0.00e+00	1.4531e+01
3.84886e+16	1.2008e+04	1.297e-15	1.2916e+04	1.3703e+04	3.5554e-14	2.6774e-02	9.7323e-01	6.7967e-03	9.8933e-01	3.8728e-03	1.5300e-16	1.2576e-04	1.0695e-01	8.6011e-01	3.2395e-02	6.6043e-03	2.0979e-01	7.8295e-01	4.7106e-04	1.7940e-04	1.1755e-36	1.8664e-23	0.00e+00	0.00e+00	1.5384e+01
3.88717e+16	1.2013e+04	1.315e-15	1.2916e+04	1.3673e+04	4.2972e-14	2.9362e-02	9.7064e-01	7.3104e-03	9.8892e-01	3.7724e-03	2.2017e-16	1.3568e-04	1.1438e-01	8.5620e-01	2.8908e-02	8.0988e-03	2.3275e-01	7.5857e-01	4.1619e-04	1.7164e-04	1.1755e-36	2.7811e-23	0.00e+00	0.00e+00	1.6283e+01
3.92199e+16	1.2013e+04	1.331e-15	1.2916e+04	1.3638e+04	5.1558e-14	3.2088e-02	9.6791e-01	7.8539e-03	9.8846e-01	3.6858e-03	3.1180e-16	1.4586e-04	1.2208e-01	8.5159e-01	2.5838e-02	9.8416e-03	2.5686e-01	7.3277e-01	3.6886e-04	1.6371e-04	1.1755e-36	4.0633e-23	0.00e+00	0.00e+00	1.7123e+01
3.95294e+16	1.2007e+04	1.346e-15	1.2916e+04	1.3601e+04	6.1160e-14	3.4845e-02	9.6515e-01	8.4078e-03	9.8798e-01	3.6093e-03	4.3022e-16	1.5597e-04	1.2977e-01	8.4655e-01	2.3206e-02	1.1771e-02	2.8091e-01	7.0683e-01	3.2881e-04	1.5593e-04	1.1755e-36	5.7636e-23	0.00e+00	0.00e+00	1.7970e+01
3.98724e+16	1.1991e+04	1.361e-15	1.2916e+04	1.3559e+04	7.4637e-14	3.8291e-02	9.6171e-01	9.1051e-03	9.8737e-01	3.5209e-03	6.2167e-16	1.6849e-04	1.3925e-01	8.3989e-01	2.0414e-02	1.4393e-02	3.1007e-01	6.7510e-01	2.8693e-04	1.4657e-04	1.1755e-36	8.5985e-23	0.00e+00	0.00e+00	1.9180e+01
4.02402e+16	1.1972e+04	1.378e-15	1.2916e+04	1.3493e+04	9.3564e-14	4.2702e-02	9.5730e-01	9.9871e-03	9.8658e-01	3.4344e-03	9.4148e-16	1.8347e-04	1.5094e-01	8.3104e-01	1.7580e-02	1.8096e-02	3.4629e-01	6.3523e-01	2.4465e-04	1.3532e-04	1.1755e-36	1.3449e-22	0.00e+00	0.00e+00	2.0392e+01
4.05495e+16	1.1941e+04	1.392e-15	1.2916e+04	1.3445e+04	1.1595e-13	4.7115e-02	9.5289e-01	1.0894e-02	9.8574e-01	3.3618e-03	1.3773e-15	1.9882e-04	1.6256e-01	8.2170e-01	1.5308e-02	2.2154e-02	3.8090e-01	5.9661e-01	2.1123e-04	1.2462e-04	1.1755e-36	2.0399e-22	0.00e+00	0.00e+00	2.1431e+01
4.08054e+16	1.1916e+04	1.402e-15	1.2916e+04	1.3389e+04	1.3910e-13	5.1309e-02	9.4869e-01	1.1754e-02	9.8494e-01	3.3041e-03	1.8991e-15	2.1261e-04	1.7332e-01	8.1274e-01	1.3525e-02	2.6295e-02	4.1195e-01	5.6146e-01	1.8521e-04	1.1524e-04	1.1755e-36	2.8877e-22	0.00e+00	0.00e+00	2.2441e+01
4.10829e+16	1.1887e+04	1.412e-15	1.2916e+04	1.3327e+04	1.7055e-13	5.6405e-02	9.4360e-01	1.2807e-02	9.8395e-01	3.2395e-03	2.7067e-15	2.2907e-04	1.8613e-01	8.0174e-01	1.1713e-02	3.1641e-02	4.4694e-01	5.2115e-01	1.5925e-04	1.0474e-04	1.1755e-36	4.2427e-22	0.00e+00	0.00e+00	2.3884e+01
4.13940e+16	1.1841e+04	1.422e-15	1.2916e+04	1.3225e+04	2.1799e-13	6.3303e-02	9.3670e-01	1.4210e-02	9.8262e-01	3.1690e-03	4.0964e-15	2.4927e-04	2.0258e-01	7.8719e-01	9.8211e-03	3.9341e-02	4.8962e-01	4.7082e-01	1.3209e-04	9.2132e-05	1.1755e-36	6.6253e-22	0.00e+00	0.00e+00	2.5476e+01
4.16751e+16	1.1792e+04	1.429e-15	1.2916e+04	1.3123e+04	2.7932e-13	7.0885e-02	9.2911e-01	1.5769e-02	9.8112e-01	3.1097e-03	6.1407e-15	2.7093e-04	2.2009e-01	7.7126e-01	8.2300e-03	4.8317e-02	5.3078e-01	4.2071e-01	1.0948e-04	8.0004e-05	1.1755e-36	1.0311e-21	0.00e+00	0.00e+00	2.6942e+01
4.18888e+16	1.1743e+04	1.433e-15	1.2916e+04	1.3042e+04	3.4441e-13	7.7846e-02	9.2215e-01	1.7214e-02	9.7972e-01	3.0651e-03	8.5486e-15	2.9012e-04	2.3565e-01	7.5684e-01	7.0939e-03	5.6890e-02	5.6329e-01	3.7965e-01	9.3489e-05	7.0342e-05	1.1755e-36	1.4847e-21	0.00e+00	0.00e+00	2.8045e+01
4.20494e+16	1.1708e+04	1.432e-15	1.2916e+04	1.2944e+04	4.0215e-13	8.3518e-02	9.1648e-01	1.8405e-02	9.7856e-01	3.0355e-03	1.0875e-14	3.0454e-04	2.4803e-01	7.4523e-01	6.3138e-03	6.4110e-02	5.8685e-01	3.4889e-01	8.2772e-05	6.3430e-05	1.1755e-36	1.9278e-21	0.00e+00	0.00e+00	2.9050e+01
4.22191e+16	1.1658e+04	1.433e-15	1.2916e+04	1.2872e+04	4.8027e-13	9.0324e-02	9.0968e-01	1.9844e-02	9.7716e-01	2.9977e-03	1.4223e-14	3.2212e-04	2.6249e-01	7.3155e-01	5.5242e-03	7.2829e-02	6.1062e-01	3.1642e-01	7.2228e-05	5.6136e-05	1.1755e-36	2.5927e-21	0.00e+00	0.00e+00	3.0463e+01
4.24398e+16	1.1597e+04	1.429e-15	1.2916e+04	1.2729e+04	6.0682e-13	1.0024e-01	8.9976e-01	2.1925e-02	9.7512e-01	2.9568e-03	2.0083e-14	3.4525e-04	2.8253e-01	7.1243e-01	4.6018e-03	8.5782e-02	6.3938e-01	2.7473e-01	6.0105e-05	4.7186e-05	1.1755e-36	3.7896e-21	0.00e+00	0.00e+00	3.2502e+01
4.26579e+16	1.1522e+04	1.422e-15	1.2916e+04	1.2559e+04	7.8906e-13	1.1249e-01	8.8751e-01	2.4480e-02	9.7260e-01	2.9204e-03	2.9139e-14	3.7117e-04	3.0574e-01	6.9004e-01	3.7659e-03	1.0194e-01	6.6610e-01	2.3188e-01	4.9058e-05	3.8325e-05	1.1755e-36	5.7378e-21	0.00e+00	0.00e+00	3.4214e+01
4.28151e+16	1.1451e+04	1.418e-15	1.2916e+04	1.2453e+04	9.7552e-13	1.2328e-01	8.7672e-01	2.6792e-02	9.7032e-01	2.8911e-03	3.9051e-14	3.9386e-04	3.2554e-01	6.7079e-01	3.2011e-03	1.1615e-01	6.8284e-01	2.0093e-01	4.1772e-05	3.2090e-05	1.1755e-36	7.9758e-21	0.00e+00	0.00e+00	3.5499e+01
4.29357e+16	1.1407e+04	1.405e-15	1.2916e+04	1.2306e+04	1.1364e-12	1.3175e-01	8.6825e-01	2.8641e-02	9.6848e-01	2.8789e-03	4.7962e-14	4.0898e-04	3.4068e-01	6.5602e-01	2.8236e-03	1.2743e-01	6.9321e-01	1.7930e-01	3.7086e-05	2.7979e-05	1.1755e-36	1.0012e-20	0.00e+00	0.00e+00	3.6717e+01
4.30661e+16	1.1340e+04	1.395e-15	1.2916e+04	1.2197e+04	1.3630e-12	1.4232e-01	8.5768e-01	3.0981e-02	9.6616e-01	2.8551e-03	6.0988e-14	4.2896e-04	3.5894e-01	6.3814e-01	2.4336e-03	1.4126e-01	7.0173e-01	1.5695e-01	3.2383e-05	2.3740e-05	1.1755e-36	1.3132e-20	0.00e+00	0.00e+00	3.8428e+01
4.32356e+16	1.1261e+04	1.373e-15	1.2916e+04	1.1972e+04	1.7229e-12	1.5719e-01	8.4281e-01	3.4273e-02	9.6289e-01	2.8387e-03	8.2239e-14	4.5231e-04	3.8318e-01	6.1432e-01	1.9940e-03	1.6069e-01	7.0886e-01	1.3041e-01	2.7166e-05	1.8973e-05	1.1755e-36	1.8380e-20	0.00e+00	0.00e+00	4.0883e+01
4.34086e+16	1.1169e+04	1.346e-15	1.2916e+04	1.1721e+04	2.2494e-12	1.7590e-01	8.2410e-01	3.8451e-02	9.5873e-01	2.8240e-03	1.1456e-13	4.7864e-04	4.1162e-01	5.8627e-01	1.5930e-03	1.8474e-01	7.1071e-01	1.0451e-01	2.2330e-05	1.4497e-05	1.1755e-36	2.6827e-20	0.00e+00	0.00e+00	4.3100e+01
4.35411e+16	1.1082e+04	1.322e-15	1.2916e+04	1.1522e+04	2.8058e-12	1.9292e-01	8.0708e-01	4.2411e-02	9.5477e-01	2.8161e-03	1.4985e-13	5.0121e-04	4.3644e-01	5.6170e-01	1.3175e-03	2.0624e-01	7.0748e-01	8.6253e-02	1.9041e-05	1.1472e-05	1.1755e-36	3.6476e-20	0.00e+00	0.00e+00	4.4838e+01
4.36455e+16	1.1021e+04	1.294e-15	1.2916e+04	1.1315e+04	3.3264e-12	2.0684e-01	7.9316e-01	4.5784e-02	9.5140e-01	2.8172e-03	1.8319e-13	5.1680e-04	4.5621e-01	5.4211e-01	1.1304e-03	2.2369e-01	7.0253e-01	7.3745e-02	1.6870e-05	9.5056e-06	1.1755e-36	4.5900e-20	0.00e+00	0.00e+00	4.6497e+01
4.37587e+16	1.0939e+04	1.264e-15	1.2916e+04	1.1113e+04	4.0263e-12	2.2357e-01	7.7643e-01	4.9957e-02	9.4723e-01	2.8134e-03	2.2875e-13	5.3521e-04	4.7903e-01	5.1946e-01	9.4644e-04	2.4428e-01	6.9400e-01	6.1694e-02	1.4760e-05	7.6576e-06	1.1755e-36	5.9215e-20	0.00e+00	0.00e+00	4.8829e+01
4.39057e+16	1.0836e+04	1.216e-15	1.2916e+04	1.0782e+04	5.1848e-12	2.4732e-01	7.5268e-01	5.5990e-02	9.4119e-01	2.8213e-03	3.0378e-13	5.5576e-04	5.0927e-01	4.8940e-01	7.4430e-04	2.7304e-01	6.7875e-01	4.8198e-02	1.2407e-05	5.6944e-06	1.1755e-36	8.2243e-20	0.00e+00	0.00e+00	5.2182e+01
4.40564e+16	1.0722e+04	1.159e-15	1.2916e+04	1.0392e+04	6.8561e-12	2.7643e-01	7.2357e-01	6.3627e-02	9.3353e-01	2.8388e-03	4.1240e-13	5.7525e-04	5.4340e-01	4.5544e-01	5.6966e-04	3.0747e-01	6.5641e-01	3.6107e-02	1.0246e-05	4.0290e-06	1.1755e-36	1.1756e-19	0.00e+00	0.00e+00	5.5229e+01
4.41736e+16	1.0613e+04	1.108e-15	1.2916e+04	1.0080e+04	8.6379e-12	3.0257e-01	6.9743e-01	7.1047e-02	9.2609e-01	2.8586e-03	5.2801e-13	5.9104e-04	5.7272e-01	4.2622e-01	4.5386e-04	3.3771e-01	6.3413e-01	2.8153e-02	8.7627e-06	2.9905e-06	1.1755e-36	1.5703e-19	0.00e+00	0.00e+00	5.7677e+01
4.42688e+16	1.0537e+04	1.058e-15	1.2916e+04	9.7646e+03	1.0328e-11	3.2386e-01	6.7614e-01	7.7501e-02	9.1961e-01	2.8861e-03	6.3470e-13	5.9856e-04	5.9585e-01	4.0316e-01	3.7659e-04	3.6199e-01	6.1508e-01	2.2914e-02	7.7697e-06	2.3469e-06	1.1755e-36	1.9460e-19	0.00e+00	0.00e+00	6.0083e+01
4.43708e+16	1.0436e+04	1.005e-15	1.2916e+04	9.4558e+03	1.2589e-11	3.4899e-01	6.5101e-01	8.5566e-02	9.1152e-01	2.9119e-03	7.7655e-13	6.0775e-04	6.2185e-01	3.7722e-01	3.0429e-04	3.9012e-01	5.9170e-01	1.8172e-02	6.7992e-06	1.7834e-06	1.1755e-36	2.4645e-19	0.00e+00	0.00e+00	6.3294e+01
4.44963e+16	1.0312e+04	9.328e-16	1.2916e+04	8.9992e+03	1.6107e-11	3.8177e-01	6.1823e-01	9.6526e-02	9.0051e-01	2.9592e-03	9.8526e-13	6.1183e-04	6.5318e-01	3.4596e-01	2.3259e-04	4.2612e-01	5.6041e-01	1.3460e-02	5.7677e-06	1.2551e-06	1.1755e-36	3.2612e-19	0.00e+00	0.00e+00	6.7598e+01
4.46199e+16	1.0193e+04	8.552e-16	1.2916e+04	8.5102e+03	2.0651e-11	4.1812e-01	5.8188e-01	1.0959e-01	8.8738e-01	3.0273e-03	1.2485e-12	6.1075e-04	6.8517e-01	3.1403e-01	1.7622e-04	4.6516e-01	5.2513e-01	9.7036e-03	4.8520e-06	8.5732e-07	1.1755e-36	4.3180e-19	0.00e+00	0.00e+00	7.1313e+01
4.47123e+16	1.0081e+04	7.947e-16	1.2916e+04	8.1413e+03	2.5062e-11	4.4752e-01	5.5248e-01	1.2145e-01	8.7547e-01	3.0791e-03	1.4908e-12	6.0866e-04	7.1008e-01	2.8917e-01	1.4174e-04	4.9611e-01	4.9642e-01	7.4662e-03	4.2423e-06	6.3276e-07	1.1755e-36	5.3238e-19	0.00e+00	0.00e+00	7.4081e+01
4.47837e+16	1.0007e+04	7.450e-16	1.2916e+04	7.8273e+03	2.8803e-11	4.6931e-01	5.3069e-01	1.3116e-01	8.6571e-01	3.1318e-03	1.6848e-12	6.0266e-04	7.2826e-01	2.7101e-01	1.2000e-04	5.1875e-01	4.7515e-01	6.0949e-03	3.8466e-06	5.0185e-07	1.1755e-36	6.1346e-19	0.00e+00	0.00e+00	7.6644e+01
4.48506e+16	9.9252e+03	6.995e-16	1.2916e+04	7.5407e+03	3.2906e-11	4.9066e-01	5.0934e-01	1.4125e-01	8.5557e-01	3.1813e-03	1.8887e-12	5.9646e-04	7.4525e-01	2.5404e-01	1.0235e-04	5.4065e-01	4.5434e-01	5.0091e-03	3.5001e-06	4.0121e-07	1.1755e-36	7.0047e-19	0.00e+00	0.00e+00	7.9316e+01
4.49191e+16	9.8356e+03	6.533e-16	1.2916e+04	7.2458e+03	3.7779e-11	5.1346e-01	4.8654e-01	1.5261e-01	8.4416e-01	3.2305e-03	2.1202e-12	5.8893e-04	7.6248e-01	2.3684e-01	8.6777e-05	5.6374e-01	4.3219e-01	4.0657e-03	3.1676e-06	3.1645e-07	1.1755e-36	8.0103e-19	0.00e+00	0.00e+00	8.2258e+01
4.49888e+16	9.7513e+03	6.057e-16	1.2916e+04	6.9224e+03	4.3346e-11	5.3671e-01	4.6329e-01	1.6487e-01	8.3183e-01	3.2965e-03	2.3681e-12	5.7744e-04	7.7911e-01	2.2023e-01	7.3580e-05	5.8702e-01	4.0971e-01	3.2698e-03	2.8617e-06	2.4750e-07	1.1755e-36	9.0993e-19	0.00e+00	0.00e+00	8.5281e+01
4.50427e+16	9.6875e+03	5.693e-16	1.2916e+04	6.6668e+03	4.8135e-11	5.5508e-01	4.4492e-01	1.7514e-01	8.2150e-01	3.3552e-03	2.5710e-12	5.6685e-04	7.9155e-01	2.0781e-01	6.5056e-05	6.0519e-01	3.9206e-01	2.7474e-03	2.6410e-06	2.0355e-07	1.1755e-36	9.9961e-19	0.00e+00	0.00e+00	8.7036e+01
4.50756e+16	9.6377e+03	5.475e-16	1.2916e+04	6.5237e+03	5.1328e-11	5.6569e-01	4.3431e-01	1.8213e-01	8.1449e-01	3.3822e-03	2.6967e-12	5.6153e-04	7.9931e-01	2.0007e-01	6.0349e-05	6.1563e-01	3.8189e-01	2.4744e-03	2.5212e-06	1.8114e-07	1.1755e-36	1.0536e-18	0.00e+00	0.00e+00	8.8288e+01
4.51053e+16	9.5948e+03	5.279e-16	1.2916e+04	6.3952e+03	5.4293e-11	5.7508e-01	4.2492e-01	1.8864e-01	8.0795e-01	3.4054e-03	2.8107e-12	5.5635e-04	8.0621e-01	1.9318e-01	5.6340e-05	6.2482e-01	3.7293e-01	2.2506e-03	2.4193e-06	1.6302e-07	1.1755e-36	1.1021e-18	0.00e+00	0.00e+00	8.9797e+01
4.51423e+16	9.5355e+03	5.041e-16	1.2916e+04	6.2345e+03	5.8466e-11	5.8760e-01	4.1240e-01	1.9717e-01	7.9940e-01	3.4346e-03	2.9662e-12	5.4947e-04	8.1472e-01	1.8468e-01	5.1670e-05	6.3700e-01	3.6101e-01	1.9906e-03	2.2896e-06	1.4220e-07	1.1755e-36	1.1700e-18	0.00e+00	0.00e+00	9.1802e+01
4.51841e+16	9.4766e+03	4.776e-16	1.2916e+04	6.0398e+03	6.3459e-11	6.0199e-01	3.9801e-01	2.0678e-01	7.8974e-01	3.4773e-03	3.1450e-12	5.3983e-04	8.2369e-01	1.7572e-01	4.7048e-05	6.5089e-01	3.4738e-01	1.7276e-03	2.1480e-06	1.1755e-36	1.1755e-36	1.2489e-18	0.00e+00	0.00e+00	9.3850e+01
4.52229e+16	9.4218e+03	4.533e-16	1.2916e+04	5.8554e+03	6.8384e-11	6.1515e-01	3.8485e-01	2.1607e-01	7.8040e-01	3.5233e-03	3.3094e-12	5.2988e-04	8.3169e-01	1.6773e-01	4.3261e-05	6.6351e-01	3.3498e-01	1.5130e-03	2.0251e-06	1.1755e-36	1.1755e-36	1.3195e-18	0.00e+00	0.00e+00	9.5655e+01
4.52577e+16	9.3797e+03	4.318e-16	1.2916e+04	5.6913e+03	7.2756e-11	6.2631e-01	3.7369e-01	2.2466e-01	7.7177e-01	3.5673e-03	3.4504e-12	5.2048e-04	8.3859e-01	1.6085e-01	4.0230e-05	6.7415e-01	3.2450e-01	1.3446e-03	1.9252e-06	1.1755e-36	1.1755e-36	1.3783e-18	0.00e+00	0.00e+00	9.7365e+01
4.52925e+16	9.3136e+03	4.112e-16	1.2916e+04	5.5382e+03	7.8196e-11	6.3819e-01	3.6181e-01	2.3426e-01	7.6214e-01	3.5967e-03	3.6113e-12	5.1229e-04	8.4576e-01	1.5368e-01	3.7366e-05	6.8543e-01	3.1338e-01	1.1905e-03	1.8239e-06	1.1755e-36	1.1755e-36	1.4465e-18	0.00e+00	0.00e+00	9.9246e+01
4.53287e+16	9.2678e+03	3.898e-16	1.2916e+04	5.3667e+03	8.3417e-11	6.4987e-01	3.5013e-01	2.4392e-01	7.5244e-01	3.6451e-03	3.7625e-12	5.0164e-04	8.5254e-01	1.4692e-01	3.4765e-05	6.9643e-01	3.0252e-01	1.0492e-03	1.7279e-06	1.1755e-36	1.1755e-36	1.5078e-18	0.00e+00	0.00e+00	1.0117e+02
4.53651e+16	9.2040e+03	3.693e-16	1.2916e+04	5.2005e+03	8.9657e-11	6.6198e-01	3.3802e-01	2.5442e-01	7.4190e-01	3.6860e-03	3.9261e-12	4.9144e-04	8.5935e-01	1.4012e-01	3.2375e-05	7.0778e-01	2.9129e-01	9.2197e-04	1.6328e-06	1.1755e-36	1.1755e-36	1.5737e-18	0.00e+00	0.00e+00	1.0314e+02
4.54008e+16	9.1446e+03	3.497e-16	1.2916e+04	5.0411e+03	9.6018e-11	6.7376e-01	3.2624e-01	2.6516e-01	7.3111e-01	3.7255e-03	4.0878e-12	4.8128e-04	8.6581e-01	1.3367e-01	3.0270e-05	7.1877e-01	2.8042e-01	8.1102e-04	1.5439e-06	1.1755e-36	1.1755e-36	1.6382e-18	0.00e+00	0.00e+00	1.0506e+02
4.54352e+16	9.0881e+03	3.313e-16	1.2916e+04	4.8868e+03	1.0243e-10	6.8473e-01	3.1527e-01	2.7578e-01	7.2045e-01	3.7659e-03	4.2377e-12	4.7102e-04	8.7175e-01	1.2774e-01	2.8461e-05	7.2894e-01	2.7035e-01	7.1704e-04	1.4644e-06	1.1755e-36	1.1755e-36	1.6948e-18	0.00e+00	0.00e+00	1.0695e+02
4.54693e+16	9.0353e+03	3.136e-16	1.2916e+04	4.7333e+03	1.0898e-10	6.9529e-01	3.0471e-01	2.8655e-01	7.0964e-01	3.8076e-03	4.3813e-12	4.6041e-04	8.7739e-01	1.2212e-01	2.6848e-05	7.3868e-01	2.6069e-01	6.3443e-04	1.3903e-06	1.1755e-36	1.1755e-36	1.7462e-18	0.00e+00	0.00e+00	1.0890e+02
4.55043e+16	8.9695e+03	2.961e-16	1.2916e+04	4.5791e+03	1.1670e-10	7.0632e-01	2.9368e-01	2.9829e-01	6.9786e-01	3.8472e-03	4.5344e-12	4.4965e-04	8.8308e-01	1.1644e-01	2.5339e-05	7.4880e-01	2.5064e-01	5.5850e-04	1.3159e-06	1.1755e-36	1.1755e-36	1.7994e-18	0.00e+00	0.00e+00	1.1095e+02
4.55396e+16	8.9045e+03	2.792e-16	1.2916e+04	4.4281e+03	1.2489e-10	7.1738e-01	2.8262e-01	3.1055e-01	6.8556e-01	3.8844e-03	4.6901e-12	4.3885e-04	8.8857e-01	1.1097e-01	2.3976e-05	7.5891e-01	2.4060e-01	4.9072e-04	1.2438e-06	1.1755e-36	1.1755e-36	1.8528e-18	0.00e+00	0.00e+00	1.1299e+02
4.55736e+16	8.8432e+03	2.634e-16	1.2916e+04	4.2812e+03	1.3310e-10	7.2756e-01	2.7244e-01	3.2254e-01	6.7354e-01	3.9243e-03	4.8286e-12	4.2791e-04	8.9355e-01	1.0600e-01	2.2814e-05	7.6816e-01	2.3141e-01	4.3367e-04	1.1797e-06	1.1755e-36	1.1755e-36	1.8944e-18	0.00e+00	0.00e+00	1.1496e+02
4.56070e+16	8.7857e+03	2.485e-16	1.2916e+04	4.1393e+03	1.4139e-10	7.3718e-01	2.6282e-01	3.3460e-01	6.6144e-01	3.9619e-03	4.9583e-12	4.1710e-04	8.9822e-01	1.0134e-01	2.1788e-05	7.7686e-01	2.2275e-01	3.8432e-04	1.1208e-06	1.1755e-36	1.1755e-36	1.9295e-18	0.00e+00	0.00e+00	1.1698e+02
4.56412e+16	8.7100e+03	2.340e-16	1.2916e+04	4.0005e+03	1.5157e-10	7.4737e-01	2.5263e-01	3.4793e-01	6.4808e-01	3.9897e-03	5.1030e-12	4.0658e-04	9.0299e-01	9.6579e-02	2.0822e-05	7.8604e-01	2.1362e-01	3.3889e-04	1.0605e-06	1.1755e-36	1.1755e-36	1.9693e-18	0.00e+00	0.00e+00	1.1911e+02
4.56756e+16	8.6513e+03	2.199e-16	1.2916e+04	3.8558e+03	1.6112e-10	7.5689e-01	2.4311e-01	3.6083e-01	6.3513e-01	4.0333e-03	5.2239e-12	3.9492e-04	9.0728e-01	9.2306e-02	1.9979e-05	7.9457e-01	2.0513e-01	2.9937e-04	1.0058e-06	1.1755e-36	1.1755e-36	1.9931e-18	0.00e+00	0.00e+00	1.2119e+02
4.57093e+16	8.5739e+03	2.068e-16	1.2916e+04	3.7238e+03	1.7260e-10	7.6644e-01	2.3356e-01	3.7469e-01	6.2125e-01	4.0567e-03	5.3567e-12	3.8446e-04	9.1152e-01	8.8073e-02	1.9217e-05	8.0311e-01	1.9663e-01	2.6479e-04	9.5252e-07	1.1755e-36	1.1755e-36	2.0214e-18	0.00e+00	0.00e+00	1.2330e+02
4.57428e+16	8.5143e+03	1.943e-16	1.2916e+04	3.5895e+03	1.8312e-10	7.7516e-01	2.2484e-01	3.8801e-01	6.0789e-01	4.0943e-03	5.4633e-12	3.7321e-04	9.1530e-01	8.4303e-02	1.8558e-05	8.1085e-01	1.8891e-01	2.3511e-04	9.0506e-07	1.1755e-36	1.1755e-36	2.0332e-18	0.00e+00	0.00e+00	1.2539e+02
4.57764e+16	8.4364e+03	1.824e-16	1.2916e+04	3.4600e+03	1.9601e-10	7.8400e-01	2.1600e-01	4.0227e-01	5.9361e-01	4.1179e-03	5.5765e-12	3.6250e-04	9.1906e-01	8.0554e-02	1.7952e-05	8.1869e-01	1.8110e-01	2.0864e-04	8.5833e-07	1.1755e-36	1.1755e-36	2.0445e-18	0.00e+00	0.00e+00	1.2758e+02
4.58107e+16	8.3583e+03	1.709e-16	1.2916e+04	3.3328e+03	2.0989e-10	7.9291e-01	2.0709e-01	4.1713e-01	5.7873e-01	4.1382e-03	5.6910e-12	3.5174e-04	9.2267e-01	7.6959e-02	1.7398e-05	8.2655e-01	1.7327e-01	1.8487e-04	8.1242e-07	1.1755e-36	1.1755e-36	2.0546e-18	0.00e+00	0.00e+00	1.2979e+02
4.58442e+16	8.2840e+03	1.602e-16	1.2916e+04	3.2090e+03	2.2409e-10	8.0115e-01	1.9885e-01	4.3170e-01	5.6414e-01	4.1605e-03	5.7885e-12	3.4102e-04	9.2593e-01	7.3711e-02	1.6919e-05	8.3379e-01	1.6604e-01	1.6471e-04	7.7094e-07	1.1755e-36	1.1755e-36	2.0534e-18	0.00e+00	0.00e+00	1.3194e+02
4.58772e+16	8.2065e+03	1.502e-16	1.2916e+04	3.0912e+03	2.3941e-10	8.0896e-01	1.9104e-01	4.4648e-01	5.4935e-01	4.1753e-03	5.8789e-12	3.3073e-04	9.2899e-01	7.0659e-02	1.6497e-05	8.4063e-01	1.5923e-01	1.4737e-04	7.3260e-07	1.1755e-36	1.1755e-36	2.0466e-18	0.00e+00	0.00e+00	1.3412e+02
4.59107e+16	8.1273e+03	1.406e-16	1.2916e+04	2.9736e+03	2.5619e-10	8.1669e-01	1.8331e-01	4.6172e-01	5.3410e-01	4.1879e-03	5.9655e-12	3.2029e-04	9.3192e-01	6.7742e-02	1.6109e-05	8.4738e-01	1.5249e-01	1.3185e-04	6.9542e-07	1.1755e-36	1.1755e-36	2.0349e-18	0.00e+00	0.00e+00	1.3639e+02
4.59450e+16	8.0384e+03	1.313e-16	1.2916e+04	2.8582e+03	2.7565e-10	8.2451e-01	1.7549e-01	4.7767e-01	5.1814e-01	4.1923e-03	6.0526e-12	3.0997e-04	9.3474e-01	6.4931e-02	1.5754e-05	8.5418e-01	1.4570e-01	1.1797e-04	6.5866e-07	1.1755e-36	1.1755e-36	2.0202e-18	0.00e+00	0.00e+00	1.3870e+02
4.59788e+16	7.9533e+03	1.227e-16	1.2916e+04	2.7456e+03	2.9586e-10	8.3175e-01	1.6825e-01	4.9330e-01	5.0250e-01	4.1990e-03	6.1231e-12	2.9968e-04	9.3727e-01	6.2410e-02	1.5446e-05	8.6046e-01	1.3943e-01	1.0617e-04	6.2530e-07	1.1755e-36	1.1755e-36	1.9955e-18	0.00e+00	0.00e+00	1.4096e+02
4.60116e+16	7.8693e+03	1.149e-16	1.2916e+04	2.6416e+03	3.1707e-10	8.3846e-01	1.6154e-01	5.0880e-01	4.8700e-01	4.1960e-03	6.1873e-12	2.9009e-04	9.3959e-01	6.0104e-02	1.5178e-05	8.6625e-01	1.3365e-01	9.6210e-05	5.9502e-07	1.1755e-36	1.1755e-36	1.9686e-18	0.00e+00	0.00e+00	1.4317e+02
4.60443e+16	7.7699e+03	1.076e-16	1.2916e+04	2.5406e+03	3.4297e-10	8.4501e-01	1.5499e-01	5.2460e-01	4.7122e-01	4.1813e-03	6.2497e-12	2.8082e-04	9.4179e-01	5.7913e-02	1.4940e-05	8.7191e-01	1.2801e-01	8.7545e-05	5.6606e-07	1.1755e-36	1.1755e-36	1.9380e-18	0.00e+00	0.00e+00	1.4544e+02
4.60773e+16	7.6839e+03	1.006e-16	1.2916e+04	2.4423e+03	3.6817e-10	8.5123e-01	1.4877e-01	5.4042e-01	4.5541e-01	4.1693e-03	6.3009e-12	2.7152e-04	9.4380e-01	5.5909e-02	1.4722e-05	8.7726e-01	1.2266e-01	7.9890e-05	5.3889e-07	1.1755e-36	1.1755e-36	1.9024e-18	0.00e+00	0.00e+00	1.4774e+02
4.61103e+16	7.5948e+03	9.407e-17	1.2916e+04	2.3461e+03	3.9618e-10	8.5716e-01	1.4284e-01	5.5612e-01	4.3973e-01	4.1542e-03	6.3438e-12	2.6233e-04	9.4564e-01	5.4080e-02	1.4530e-05	8.8234e-01	1.1759e-01	7.3263e-05	5.1346e-07	1.1755e-36	1.1755e-36	1.8618e-18	0.00e+00	0.00e+00	1.5004e+02
4.61428e+16	7.5090e+03	8.806e-17	1.2916e+04	2.2557e+03	4.2538e-10	8.6268e-01	1.3732e-01	5.7157e-01	4.2430e-01	4.1336e-03	6.3800e-12	2.5361e-04	9.4730e-01	5.2430e-02	1.4361e-05	8.8706e-01	1.1287e-01	6.7601e-05	4.9014e-07	1.1755e-36	1.1755e-36	1.8196e-18	0.00e+00	0.00e+00	1.5230e+02
4.61749e+16	7.4079e+03	8.256e-17	1.2916e+04	2.1733e+03	4.6131e-10	8.6818e-01	1.3182e-01	5.8745e-01	4.0846e-01	4.0885e-03	6.4293e-12	2.4576e-04	9.4890e-01	5.0837e-02	1.4210e-05	8.9175e-01	1.0818e-01	6.2685e-05	4.6731e-07	1.1755e-36	1.1755e-36	1.7852e-18	0.00e+00	0.00e+00	1.5457e+02
4.62078e+16	7.3020e+03	7.721e-17	1.2916e+04	2.0861e+03	5.0258e-10	8.7330e-01	1.2670e-01	6.0320e-01	3.9274e-01	4.0531e-03	6.4542e-12	2.3729e-04	9.5036e-01	4.9387e-02	1.4077e-05	8.9612e-01	1.0382e-01	5.8376e-05	4.4634e-07	1.1755e-36	1.1755e-36	1.7348e-18	0.00e+00	0.00e+00	1.5698e+02
4.62409e+16	7.1985e+03	7.225e-17	1.2916e+04	2.0039e+03	5.4738e-10	8.7837e-01	1.2163e-01	6.1879e-01	3.7720e-01	4.0104e-03	6.4834e-12	2.2922e-04	9.5166e-01	4.8094e-02	1.3956e-05	9.0043e-01	9.9520e-02	5.4592e-05	4.2588e-07	1.1755e-36	1.1755e-36	1.6896e-18	0.00e+00	0.00e+00	1.5929e+02
4.62729e+16	7.0954e+03	6.781e-17	1.2916e+04	1.9293e+03	5.9621e-10	8.8288e-01	1.1712e-01	6.3392e-01	3.6212e-01	3.9573e-03	6.5085e-12	2.2187e-04	9.5283e-01	4.6935e-02	1.3855e-05	9.0426e-01	9.5692e-02	5.1465e-05	4.0788e-07	1.1755e-36	1.1755e-36	1.6458e-18	0.00e+00	0.00e+00	1.6157e+02
4.63050e+16	6.9892e+03	6.365e-17	1.2916e+04	1.8575e+03	6.5164e-10	8.8717e-01	1.1283e-01	6.4905e-01	3.4705e-01	3.8960e-03	6.5318e-12	2.1477e-04	9.5392e-01	4.5853e-02	1.3765e-05	9.0789e-01	9.2060e-02	4.8738e-05	3.9096e-07	1.1755e-36	1.1755e-36	1.6022e-18	0.00e+00	0.00e+00	1.6393e+02
4.63382e+16	6.8790e+03	5.964e-17	1.2916e+04	1.7859e+03	7.1594e-10	8.9145e-01	1.0855e-01	6.6433e-01	3.3183e-01	3.8300e-03	6.5546e-12	2.0761e-04	9.5492e-01	4.4855e-02	1.3682e-05	9.1151e-01	8.8439e-02	4.6285e-05	3.7426e-07	1.1755e-36	1.1755e-36	1.5587e-18	0.00e+00	0.00e+00	1.6638e+02
4.63719e+16	6.7609e+03	5.587e-17	1.2916e+04	1.7149e+03	7.9294e-10	8.9554e-01	1.0446e-01	6.7933e-01	3.1691e-01	3.7624e-03	6.5721e-12	2.0049e-04	9.5580e-01	4.3984e-02	1.3611e-05	9.1497e-01	8.4986e-02	4.4176e-05	3.5849e-07	1.1755e-36	1.1755e-36	1.5135e-18	0.00e+00	0.00e+00	1.6885e+02
4.64051e+16	6.6493e+03	5.249e-17	1.2916e+04	1.6507e+03	8.7530e-10	8.9927e-01	1.0073e-01	6.9377e-01	3.0255e-01	3.6869e-03	6.5929e-12	1.9399e-04	9.5656e-01	4.3229e-02	1.3550e-05	9.1811e-01	8.1844e-02	4.2407e-05	3.4426e-07	1.1755e-36	1.1755e-36	1.4747e-18	0.00e+00	0.00e+00	1.7123e+02
4.64381e+16	6.5353e+03	4.938e-17	1.2916e+04	1.5908e+03	9.6987e-10	9.0270e-01	9.7299e-02	7.0801e-01	2.8838e-01	3.6015e-03	6.6166e-12	1.8791e-04	9.5727e-01	4.2531e-02	1.3500e-05	9.2101e-01	7.8951e-02	4.0912e-05	3.3128e-07	1.1755e-36	1.1755e-36	1.4401e-18	0.00e+00	0.00e+00	1.7370e+02
4.64726e+16	6.4161e+03	4.637e-17	1.2916e+04	1.5308e+03	1.0827e-09	9.0613e-01	9.3871e-02	7.2239e-01	2.7410e-01	3.5101e-03	6.6447e-12	1.8180e-04	9.5791e-01	4.1889e-02	1.3454e-05	9.2389e-01	7.6065e-02	3.9572e-05	3.1843e-07	1.1755e-36	1.1755e-36	1.4085e-18	0.00e+00	0.00e+00	1.7633e+02
4.65085e+16	6.2939e+03	4.351e-17	1.2916e+04	1.4717e+03	1.2156e-09	9.0951e-01	9.0493e-02	7.3662e-01	2.5997e-01	3.4152e-03	6.6785e-12	1.7570e-04	9.5847e-01	4.1343e-02	1.3413e-05	9.2674e-01	7.3226e-02	3.8394e-05	3.0586e-07	1.1755e-36	1.1755e-36	1.3815e-18	0.00e+00	0.00e+00	1.7902e+02
4.65448e+16	6.1736e+03	4.090e-17	1.2916e+04	1.4155e+03	1.3667e-09	9.1254e-01	8.7459e-02	7.5020e-01	2.4648e-01	3.3201e-03	6.7135e-12	1.6987e-04	9.5891e-01	4.0905e-02	1.3382e-05	9.2928e-01	7.0678e-02	3.7425e-05	2.9468e-07	1.1755e-36	1.1755e-36	1.3586e-18	0.00e+00	0.00e+00	1.8171e+02
4.65811e+16	6.0604e+03	3.853e-17	1.2916e+04	1.3644e+03	1.5308e-09	9.1526e-01	8.4735e-02	7.6326e-01	2.3352e-01	3.2199e-03	6.7562e-12	1.6451e-04	9.5929e-01	4.0533e-02	1.3356e-05	9.3157e-01	6.8394e-02	3.6621e-05	2.8471e-07	1.1755e-36	1.1755e-36	1.3434e-18	0.00e+00	0.00e+00	1.8443e+02
4.66187e+16	5.9352e+03	3.630e-17	1.2916e+04	1.3152e+03	1.7397e-09	9.1795e-01	8.2051e-02	7.7638e-01	2.2051e-01	3.1068e-03	6.8199e-12	1.5943e-04	9.5964e-01	4.0184e-02	1.3336e-05	9.3383e-01	6.6138e-02	3.5947e-05	2.7494e-07	1.1755e-36	1.1755e-36	1.3406e-18	0.00e+00	0.00e+00	1.8734e+02
4.66590e+16	5.8059e+03	3.415e-17	1.2916e+04	1.2660e+03	1.9937e-09	9.2063e-01	7.9373e-02	7.8945e-01	2.0756e-01	2.9896e-03	6.9024e-12	1.5431e-04	9.5993e-01	3.9904e-02	1.3320e-05	9.3607e-01	6.3890e-02	3.5364e-05	2.6527e-07	1.1755e-36	1.1755e-36	1.3489e-18	0.00e+00	0.00e+00	1.9046e+02
4.67012e+16	5.6752e+03	3.215e-17	1.2916e+04	1.2189e+03	2.2980e-09	9.2319e-01	7.6813e-02	8.0212e-01	1.9501e-01	2.8696e-03	7.0083e-12	1.4938e-04	9.6013e-01	3.9710e-02	1.3310e-05	9.3822e-01	6.1744e-02	3.4889e-05	2.5608e-07	1.1755e-36	1.1755e-36	1.3723e-18	0.00e+00	0.00e+00	1.9369e+02
4.67448e+16	5.5446e+03	3.033e-17	1.2916e+04	1.1754e+03	2.6593e-09	9.2552e-01	7.4485e-02	8.1425e-01	1.8301e-01	2.7454e-03	7.1426e-12	1.4485e-04	9.6027e-01	3.9573e-02	1.3304e-05	9.4018e-01	5.9790e-02	3.4528e-05	2.4779e-07	1.1755e-36	1.1755e-36	1.4145e-18	0.00e+00	0.00e+00	1.9703e+02
4.67909e+16	5.4087e+03	2.865e-17	1.2916e+04	1.1348e+03	3.1087e-09	9.2778e-01	7.2221e-02	8.2616e-01	1.7123e-01	2.6124e-03	7.3244e-12	1.4071e-04	9.6039e-01	3.9459e-02	1.3304e-05	9.4207e-01	5.7892e-02	3.4257e-05	2.3978e-07	1.1755e-36	1.1755e-36	1.4861e-18	0.00e+00	0.00e+00	2.0066e+02
4.68416e+16	5.2711e+03	2.703e-17	1.2916e+04	1.0939e+03	3.6592e-09	9.2994e-01	7.0061e-02	8.3777e-01	1.5975e-01	2.4804e-03	7.5530e-12	1.3647e-04	9.6045e-01	3.9400e-02	1.3307e-05	9.4389e-01	5.6078e-02	3.4053e-05	2.3217e-07	1.1755e-36	1.1755e-36	1.5875e-18	0.00e+00	0.00e+00	2.0471e+02
4.68970e+16	5.1362e+03	2.552e-17	1.2916e+04	1.0541e+03	4.3116e-09	9.3194e-01	6.8057e-02	8.4872e-01	1.4893e-01	2.3535e-03	7.8326e-12	1.3228e-04	9.6041e-01	3.9439e-02	1.3313e-05	9.4557e-01	5.4393e-02	3.3914e-05	2.2513e-07	1.1755e-36	1.1755e-36	1.7242e-18	0.00e+00	0.00e+00	2.0907e+02
4.69560e+16	4.9993e+03	2.419e-17	1.2916e+04	1.0195e+03	5.1086e-09	9.3386e-01	6.6140e-02	8.5906e-01	1.3871e-01	2.2204e-03	8.1976e-12	1.2880e-04	9.6035e-01	3.9505e-02	1.3323e-05	9.4718e-01	5.2782e-02	3.3853e-05	2.1844e-07	1.1755e-36	1.1755e-36	1.9225e-18	0.00e+00	0.00e+00	2.1369e+02
4.70196e+16	4.8692e+03	2.300e-17	1.2916e+04	9.8685e+02	5.9844e-09	9.3546e-01	6.4536e-02	8.6841e-01	1.2950e-01	2.0981e-03	8.4953e-12	1.2550e-04	9.6069e-01	3.9170e-02	1.3333e-05	9.4854e-01	5.1428e-02	3.3854e-05	2.1286e-07	1.1755e-36	1.1755e-36	2.0826e-18	0.00e+00	0.00e+00	2.1876e+02
4.70901e+16	4.7409e+03	2.193e-17	1.2916e+04	9.5716e+02	7.0007e-09	9.3702e-01	6.2982e-02	8.7706e-01	1.2097e-01	1.9783e-03	8.8208e-12	1.2260e-04	9.6105e-01	3.8811e-02	1.3344e-05	9.4985e-01	5.0116e-02	3.3896e-05	2.0748e-07	1.1755e-36	1.1755e-36	2.2744e-18	0.00e+00	0.00e+00	2.2447e+02
4.71689e+16	4.6199e+03	2.098e-17	1.2916e+04	9.3032e+02	8.1133e-09	9.3844e-01	6.1561e-02	8.8476e-01	1.1337e-01	1.8675e-03	9.1515e-12	1.2002e-04	9.6139e-01	3.8472e-02	1.3354e-05	9.5105e-01	4.8915e-02	3.3968e-05	2.0256e-07	1.1755e-36	1.1755e-36	2.4850e-18	0.00e+00	0.00e+00	2.3080e+02
4.72565e+16	4.5074e+03	2.016e-17	1.2916e+04	9.0735e+02	9.2876e-09	9.3973e-01	6.0271e-02	8.9150e-01	1.0673e-01	1.7649e-03	9.4775e-12	1.1792e-04	9.6175e-01	3.8121e-02	1.3363e-05	9.5214e-01	4.7825e-02	3.4062e-05	1.9810e-07	1.1755e-36	1.1755e-36	2.7080e-18	0.00e+00	0.00e+00	2.3790e+02
4.73489e+16	4.4178e+03	1.952e-17	1.2916e+04	8.8806e+02	1.0318e-08	9.4069e-01	5.9309e-02	8.9669e-01	1.0163e-01	1.6855e-03	9.7370e-12	1.1608e-04	9.6193e-01	3.7944e-02	1.3369e-05	9.5296e-01	4.7010e-02	3.4150e-05	1.9476e-07	1.1755e-36	1.1755e-36	2.8945e-18	0.00e+00	0.00e+00	2.4497e+02
4.74410e+16	4.3422e+03	1.904e-17	1.2916e+04	8.7436e+02	1.1250e-08	9.4148e-01	5.8517e-02	9.0074e-01	9.7643e-02	1.6173e-03	9.9607e-12	1.1491e-04	9.6211e-01	3.7762e-02	1.3372e-05	9.5363e-01	4.6336e-02	3.4239e-05	1.9200e-07	1.1755e-36	1.1755e-36	3.0646e-18	0.00e+00	0.00e+00	2.5202e+02
4.75327e+16	4.2896e+03	1.868e-17	1.2916e+04	8.6392e+02	1.1926e-08	9.4206e-01	5.7939e-02	9.0373e-01	9.4703e-02	1.5660e-03	1.0113e-11	1.1399e-04	9.6225e-01	3.7627e-02	1.3369e-05	9.5412e-01	4.5848e-02	3.4291e-05	1.8998e-07	1.1755e-36	1.1755e-36	3.1820e-18	0.00e+00	0.00e+00	2.5906e+02
4.76242e+16	4.2401e+03	1.838e-17	1.2916e+04	8.5416e+02	1.2582e-08	9.4250e-01	5.7499e-02	9.0594e-01	9.2531e-02	1.5273e-03	1.0247e-11	1.1311e-04	9.6235e-01	3.7520e-02	1.3368e-05	9.5450e-01	4.5470e-02	3.4361e-05	1.8843e-07	1.1755e-36	1.1755e-36	3.2892e-18	0.00e+00	0.00e+00	2.6609e+02
4.77156e+16	4.2065e+03	1.815e-17	1.2916e+04	8.4789e+02	1.3035e-08	9.4293e-01	5.7072e-02	9.0773e-01	9.0781e-02	1.4928e-03	1.0343e-11	1.1261e-04	9.6246e-01	3.7411e-02	1.3360e-05	9.5485e-01	4.5112e-02	3.4388e-05	1.8691e-07	1.1755e-36	1.1755e-36	3.3655e-18	0.00e+00	0.00e+00	2.7310e+02
4.78205e+16	4.1606e+03	1.789e-17	1.2916e+04	8.3955e+02	1.3666e-08	9.4333e-01	5.6666e-02	9.0928e-01	8.9255e-02	1.4616e-03	1.0462e-11	1.1194e-04	9.6285e-01	3.7024e-02	1.3353e-05	9.5520e-01	4.4764e-02	3.4458e-05	1.8547e-07	1.1755e-36	1.1755e-36	3.4633e-18	0.00e+00	0.00e+00	2.8223e+02
4.79570e+16	4.1230e+03	1.761e-17	1.2916e+04	8.3116e+02	1.4180e-08	9.4390e-01	5.6101e-02	9.1074e-01	8.7830e-02	1.4311e-03	1.0561e-11	1.1125e-04	9.6329e-01	3.6586e-02	1.3334e-05	9.5567e-01	4.4293e-02	3.4480e-05	1.8343e-07	1.1755e-36	1.1755e-36	3.5407e-18	0.00e+00	0.00e+00	2.9411e+02
4.81344e+16	4.0772e+03	1.731e-17	1.2916e+04	8.2150e+02	1.4810e-08	9.4447e-01	5.5531e-02	9.1216e-01	8.6444e-02	1.3982e-03	1.0670e-11	1.1046e-04	9.6380e-01	3.6079e-02	1.3311e-05	9.5615e-01	4.3814e-02	3.4522e-05	1.8136e-07	1.1755e-36	1.1755e-36	3.6284e-18	0.00e+00	0.00e+00	3.0955e+02
4.83650e+16	4.0171e+03	1.698e-17	1.2916e+04	8.1121e+02	1.5646e-08	9.4524e-01	5.4762e-02	9.1377e-01	8.4871e-02	1.3560e-03	1.0808e-11	1.0976e-04	9.6442e-01	3.5459e-02	1.3282e-05	9.5680e-01	4.3168e-02	3.4587e-05	1.7859e-07	1.1755e-36	1.1755e-36	3.7437e-18	0.00e+00	0.00e+00	3.2965e+02
4.86649e+16	3.9599e+03	1.663e-17	1.2916e+04	8.0087e+02	1.6426e-08	9.4596e-01	5.4038e-02	9.1529e-01	8.3403e-02	1.3110e-03	1.0920e-11	1.0906e-04	9.6510e-01	3.4772e-02	1.3240e-05	9.5740e-01	4.2561e-02	3.4633e-05	1.7592e-07	1.1755e-36	1.1755e-36	3.8362e-18	0.00e+00	0.00e+00	3.5579e+02
###########################
3.03194e+12	1.3538e+04	1.105e-15	1.2916e+04	1.4991e+04	8.8846e-17	1.4854e-03	9.9851e-01	2.1609e-04	1.3621e-01	8.6358e-01	3.8558e-21	6.7522e-06	1.3217e-02	4.4619e-01	3.9936e-01	6.0096e-06	4.7948e-03	2.7622e-01	6.3658e-01	8.0412e-02	1.9570e-03	1.0290e-28	0.00e+00	0.00e+00	7.3436e-04
1.81917e+13	1.3525e+04	1.103e-15	1.2916e+04	1.4984e+04	8.6615e-17	1.4826e-03	9.9852e-01	2.1587e-04	1.3618e-01	8.6361e-01	3.7011e-21	6.4759e-06	1.3191e-02	4.4584e-01	3.9987e-01	5.9804e-06	4.7816e-03	2.7663e-01	6.3632e-01	8.0268e-02	1.9540e-03	9.5633e-29	0.00e+00	0.00e+00	3.6663e-03
7.88305e+13	1.3502e+04	1.098e-15	1.2916e+04	1.4982e+04	8.6481e-17	1.4756e-03	9.9852e-01	2.1576e-04	1.3649e-01	8.6329e-01	3.6473e-21	6.4872e-06	1.3168e-02	4.4670e-01	4.0016e-01	5.9096e-06	4.7491e-03	2.7868e-01	6.3498e-01	7.9616e-02	1.9366e-03	9.4545e-29	0.00e+00	0.00e+00	1.5339e-02
3.21386e+14	1.3426e+04	1.087e-15	1.2916e+04	1.4979e+04	8.5297e-17	1.4594e-03	9.9854e-01	2.1719e-04	1.3896e-01	8.6083e-01	3.4494e-21	6.4556e-06	1.3140e-02	4.5172e-01	3.9984e-01	5.7249e-06	4.6594e-03	2.8742e-01	6.2900e-01	7.7017e-02	1.8649e-03	8.8472e-29	0.00e+00	0.00e+00	6.1516e-02
7.67688e+14	1.3199e+04	1.044e-15	1.2916e+04	1.4980e+04	7.9584e-17	1.3819e-03	9.9862e-01	2.1151e-04	1.3885e-01	8.6094e-01	2.7171e-21	5.9596e-06	1.2780e-02	4.5312e-01	4.0371e-01	4.9996e-06	4.3155e-03	2.9806e-01	6.2267e-01	7.3136e-02	1.7864e-03	6.7846e-29	0.00e+00	0.00e+00	1.1836e-01
1.34788e+15	1.2990e+04	1.010e-15	1.2916e+04	1.4977e+04	7.5111e-17	1.3183e-03	9.9868e-01	2.1187e-04	1.4250e-01	8.5729e-01	2.2601e-21	5.6541e-06	1.2614e-02	4.6013e-01	4.0443e-01	4.5479e-06	4.1300e-03	3.1383e-01	6.1198e-01	6.8350e-02	1.6752e-03	5.4825e-29	0.00e+00	0.00e+00	1.8885e-01
2.10213e+15	1.2786e+04	9.832e-16	1.2916e+04	1.4968e+04	7.1423e-17	1.2626e-03	9.9874e-01	2.1910e-04	1.5107e-01	8.4871e-01	1.9562e-21	5.4859e-06	1.2621e-02	4.7362e-01	4.0157e-01	4.2769e-06	4.0692e-03	3.3754e-01	5.9456e-01	6.2269e-02	1.5244e-03	4.5945e-29	0.00e+00	0.00e+00	2.7662e-01
3.08266e+15	1.2575e+04	9.634e-16	1.2916e+04	1.4951e+04	6.8716e-17	1.2165e-03	9.9878e-01	2.3787e-04	1.6773e-01	8.3203e-01	1.7973e-21	5.4902e-06	1.2883e-02	4.9589e-01	3.9343e-01	4.2279e-06	4.1863e-03	3.7388e-01	5.6614e-01	5.4441e-02	1.3236e-03	4.0563e-29	0.00e+00	0.00e+00	3.8655e-01
4.35734e+15	1.2354e+04	9.526e-16	1.2916e+04	1.4916e+04	6.7624e-17	1.1848e-03	9.9882e-01	2.7917e-04	1.9970e-01	8.0002e-01	1.8227e-21	5.7476e-06	1.3547e-02	5.3009e-01	3.7714e-01	4.5301e-06	4.6071e-03	4.3123e-01	5.1875e-01	4.4328e-02	1.0623e-03	3.9216e-29	0.00e+00	0.00e+00	5.2574e-01
5.63416e+15	1.2161e+04	9.503e-16	1.2916e+04	1.4863e+04	6.4847e-17	1.1455e-03	9.9885e-01	3.3988e-04	2.4762e-01	7.5204e-01	1.7880e-21	5.9859e-06	1.4206e-02	5.6674e-01	3.5665e-01	4.8734e-06	5.1309e-03	5.0060e-01	4.5891e-01	3.4524e-02	8.2114e-04	3.6769e-29	0.00e+00	0.00e+00	6.2966e-01
6.58562e+15	1.2029e+04	9.570e-16	1.2916e+04	1.4822e+04	6.4446e-17	1.1364e-03	9.9886e-01	4.1745e-04	3.0223e-01	6.9735e-01	1.9518e-21	6.3988e-06	1.5054e-02	5.9726e-01	3.3756e-01	5.5650e-06	5.8869e-03	5.6494e-01	4.0151e-01	2.7008e-02	6.3674e-04	3.8652e-29	0.00e+00	0.00e+00	7.0288e-01
7.31049e+15	1.1940e+04	9.629e-16	1.2916e+04	1.4742e+04	6.6277e-17	1.1424e-03	9.9886e-01	4.9328e-04	3.5662e-01	6.4289e-01	2.1503e-21	6.7513e-06	1.5690e-02	6.2033e-01	3.2249e-01	6.2510e-06	6.5579e-03	6.1971e-01	3.5172e-01	2.1492e-02	5.0301e-04	4.2526e-29	0.00e+00	0.00e+00	7.6431e-01
7.91256e+15	1.1852e+04	9.670e-16	1.2916e+04	1.4680e+04	6.8930e-17	1.1562e-03	9.9884e-01	5.7574e-04	4.1147e-01	5.8795e-01	2.4143e-21	7.1456e-06	1.6361e-02	6.3892e-01	3.0979e-01	7.0682e-06	7.2971e-03	6.6740e-01	3.0770e-01	1.7190e-02	3.9976e-04	4.7658e-29	0.00e+00	0.00e+00	8.1564e-01
8.42919e+15	1.1763e+04	9.677e-16	1.2916e+04	1.4622e+04	7.2422e-17	1.1752e-03	9.9882e-01	6.6020e-04	4.6517e-01	5.3417e-01	2.7175e-21	7.5349e-06	1.6995e-02	6.5405e-01	2.9917e-01	7.9462e-06	8.0376e-03	7.0864e-01	2.6918e-01	1.3810e-02	3.1948e-04	5.3804e-29	0.00e+00	0.00e+00	8.6247e-01
8.99114e+15	1.1646e+04	9.633e-16	1.2916e+04	1.4557e+04	7.8674e-17	1.2083e-03	9.9879e-01	7.6657e-04	5.2850e-01	4.7074e-01	3.2058e-21	8.0626e-06	1.7789e-02	6.6958e-01	2.8794e-01	9.1766e-06	8.9794e-03	7.5232e-01	2.2791e-01	1.0535e-02	2.4228e-04	6.4114e-29	0.00e+00	0.00e+00	9.2505e-01
9.62584e+15	1.1512e+04	9.517e-16	1.2916e+04	1.4472e+04	8.5866e-17	1.2451e-03	9.9875e-01	8.9100e-04	6.0222e-01	3.9689e-01	3.7283e-21	8.6055e-06	1.8572e-02	6.8455e-01	2.7685e-01	1.0586e-05	1.0001e-02	7.9660e-01	1.8561e-01	7.5968e-03	1.7455e-04	7.5529e-29	0.00e+00	0.00e+00	9.8942e-01
1.02522e+16	1.1355e+04	9.330e-16	1.2916e+04	1.4387e+04	9.5236e-17	1.2881e-03	9.9871e-01	1.0168e-03	6.7322e-01	3.2577e-01	4.3364e-21	9.1584e-06	1.9342e-02	6.9741e-01	2.6700e-01	1.2132e-05	1.1027e-02	8.3452e-01	1.4895e-01	5.3658e-03	1.2376e-04	8.9183e-29	0.00e+00	0.00e+00	1.0544e+00
1.09637e+16	1.1149e+04	9.059e-16	1.2916e+04	1.4310e+04	1.1038e-16	1.3507e-03	9.9865e-01	1.1590e-03	7.4498e-01	2.5386e-01	5.2661e-21	9.8821e-06	2.0277e-02	7.1031e-01	2.5661e-01	1.4142e-05	1.2195e-02	8.6958e-01	1.1458e-01	3.5461e-03	8.2499e-05	1.1062e-28	0.00e+00	0.00e+00	1.1430e+00
1.18886e+16	1.0891e+04	8.678e-16	1.2916e+04	1.4229e+04	1.3373e-16	1.4377e-03	9.9856e-01	1.3184e-03	8.1756e-01	1.8112e-01	6.6381e-21	1.0812e-05	2.1401e-02	7.2373e-01	2.4521e-01	1.6825e-05	1.3549e-02	9.0224e-01	8.2027e-02	2.1109e-03	5.0004e-05	1.4278e-28	0.00e+00	0.00e+00	1.2655e+00
1.28943e+16	1.0658e+04	8.310e-16	1.2916e+04	1.4165e+04	1.6087e-16	1.5316e-03	9.9847e-01	1.4513e-03	8.7154e-01	1.2701e-01	8.1522e-21	1.1723e-05	2.2425e-02	7.3480e-01	2.3529e-01	1.9599e-05	1.4738e-02	9.2520e-01	5.8726e-02	1.2866e-03	3.1033e-05	1.7924e-28	0.00e+00	0.00e+00	1.3861e+00
1.40050e+16	1.0456e+04	7.991e-16	1.2916e+04	1.4118e+04	1.9615e-16	1.6478e-03	9.9835e-01	1.5695e-03	9.1001e-01	8.8422e-02	1.0293e-20	1.2805e-05	2.3540e-02	7.4474e-01	2.2579e-01	2.2943e-05	1.5932e-02	9.4131e-01	4.1902e-02	8.1260e-04	1.9565e-05	2.3211e-28	0.00e+00	0.00e+00	1.5548e+00
1.53644e+16	1.0300e+04	7.746e-16	1.2916e+04	1.4085e+04	2.4176e-16	1.7970e-03	9.9820e-01	1.6793e-03	9.3816e-01	6.0162e-02	1.3312e-20	1.4084e-05	2.4740e-02	7.5427e-01	2.1621e-01	2.7189e-05	1.7174e-02	9.5292e-01	2.9329e-02	5.3977e-04	1.2346e-05	3.1102e-28	0.00e+00	0.00e+00	1.7692e+00
1.69008e+16	1.0214e+04	7.615e-16	1.2916e+04	1.4061e+04	2.9796e-16	1.9842e-03	9.9802e-01	1.7790e-03	9.5668e-01	4.1543e-02	1.7633e-20	1.5565e-05	2.6007e-02	7.6310e-01	2.0692e-01	3.2639e-05	1.8486e-02	9.6034e-01	2.0736e-02	3.9938e-04	8.0637e-06	4.3200e-28	0.00e+00	0.00e+00	2.0296e+00
1.85909e+16	1.0199e+04	7.599e-16	1.2916e+04	1.4045e+04	3.6961e-16	2.2241e-03	9.9778e-01	1.8762e-03	9.6871e-01	2.9414e-02	2.4294e-20	1.7330e-05	2.7402e-02	7.7163e-01	1.9755e-01	4.0022e-05	1.9975e-02	9.6477e-01	1.4885e-02	3.2754e-04	5.4274e-06	6.3411e-28	0.00e+00	0.00e+00	2.3507e+00
2.00534e+16	1.0250e+04	7.691e-16	1.2916e+04	1.4034e+04	4.4103e-16	2.4726e-03	9.9753e-01	1.9513e-03	9.7500e-01	2.3051e-02	3.2274e-20	1.8949e-05	2.8575e-02	7.7830e-01	1.9005e-01	4.8195e-05	2.1395e-02	9.6659e-01	1.1669e-02	2.9713e-04	4.0569e-06	9.0237e-28	0.00e+00	0.00e+00	2.5834e+00
2.10600e+16	1.0306e+04	7.793e-16	1.2916e+04	1.4028e+04	5.1398e-16	2.6737e-03	9.9733e-01	2.0032e-03	9.7818e-01	1.9816e-02	4.1072e-20	2.0174e-05	2.9455e-02	7.8300e-01	1.8467e-01	5.5257e-05	2.2492e-02	9.6719e-01	9.9737e-03	2.8365e-04	3.3540e-06	1.2447e-27	0.00e+00	0.00e+00	2.7706e+00
2.20474e+16	1.0366e+04	7.901e-16	1.2916e+04	1.4022e+04	5.8174e-16	2.8974e-03	9.9710e-01	2.0669e-03	9.8085e-01	1.7087e-02	5.1564e-20	2.1626e-05	3.0498e-02	7.8795e-01	1.7887e-01	6.3862e-05	2.3758e-02	9.6740e-01	8.5061e-03	2.7325e-04	2.7671e-06	1.6271e-27	0.00e+00	0.00e+00	3.0342e+00
2.31608e+16	1.0449e+04	8.063e-16	1.2916e+04	1.4016e+04	6.8605e-16	3.1852e-03	9.9681e-01	2.1366e-03	9.8314e-01	1.4720e-02	6.8804e-20	2.3346e-05	3.1712e-02	7.9357e-01	1.7222e-01	7.5693e-05	2.5336e-02	9.6712e-01	7.2002e-03	2.6515e-04	2.2532e-06	2.3429e-27	0.00e+00	0.00e+00	3.3227e+00
2.41847e+16	1.0543e+04	8.244e-16	1.2916e+04	1.4010e+04	7.9496e-16	3.4946e-03	9.9651e-01	2.2073e-03	9.8479e-01	1.3006e-02	9.0497e-20	2.5109e-05	3.2944e-02	7.9893e-01	1.6579e-01	8.9654e-05	2.7058e-02	9.6637e-01	6.2204e-03	2.5978e-04	1.8735e-06	3.2825e-27	0.00e+00	0.00e+00	3.5897e+00
2.50550e+16	1.0647e+04	8.409e-16	1.2916e+04	1.4005e+04	9.0153e-16	3.7924e-03	9.9621e-01	2.2724e-03	9.8593e-01	1.1795e-02	1.1590e-19	2.6749e-05	3.4082e-02	8.0359e-01	1.6012e-01	1.0438e-04	2.8744e-02	9.6539e-01	5.5055e-03	2.5635e-04	1.6028e-06	4.4540e-27	0.00e+00	0.00e+00	3.8381e+00
2.58055e+16	1.0729e+04	8.573e-16	1.2916e+04	1.3999e+04	1.0238e-15	4.0849e-03	9.9592e-01	2.3416e-03	9.8678e-01	1.0879e-02	1.4700e-19	2.8334e-05	3.5195e-02	8.0788e-01	1.5483e-01	1.2008e-04	3.0429e-02	9.6424e-01	4.9558e-03	2.5374e-04	1.3981e-06	5.9917e-27	0.00e+00	0.00e+00	4.0704e+00
2.64884e+16	1.0795e+04	8.736e-16	1.2916e+04	1.3994e+04	1.1663e-15	4.3845e-03	9.9562e-01	2.4066e-03	9.8747e-01	1.0120e-02	1.8595e-19	2.9940e-05	3.6331e-02	8.1204e-01	1.4963e-01	1.3735e-04	3.2159e-02	9.6296e-01	4.4950e-03	2.5145e-04	1.2303e-06	8.0405e-27	0.00e+00	0.00e+00	4.3093e+00
2.72572e+16	1.0870e+04	8.921e-16	1.2916e+04	1.3990e+04	1.3621e-15	4.7553e-03	9.9524e-01	2.4827e-03	9.8819e-01	9.3251e-03	2.4614e-19	3.1874e-05	3.7726e-02	8.1691e-01	1.4348e-01	1.6048e-04	3.4314e-02	9.6127e-01	4.0093e-03	2.4898e-04	1.0600e-06	1.1431e-26	0.00e+00	0.00e+00	4.6463e+00
2.80629e+16	1.0978e+04	9.129e-16	1.2916e+04	1.3983e+04	1.5824e-15	5.1961e-03	9.9480e-01	2.5728e-03	9.8878e-01	8.6460e-03	3.3045e-19	3.4145e-05	3.9309e-02	8.2195e-01	1.3697e-01	1.9104e-04	3.6987e-02	9.5900e-01	3.5771e-03	2.4703e-04	9.1002e-07	1.6393e-26	0.00e+00	0.00e+00	4.9608e+00
2.87115e+16	1.1049e+04	9.319e-16	1.2916e+04	1.3978e+04	1.8215e-15	5.6008e-03	9.9440e-01	2.6518e-03	9.8919e-01	8.1578e-03	4.2844e-19	3.6104e-05	4.0731e-02	8.2620e-01	1.3138e-01	2.2155e-04	3.9454e-02	9.5682e-01	3.2631e-03	2.4531e-04	8.0278e-07	2.2637e-26	0.00e+00	0.00e+00	5.2141e+00
2.92412e+16	1.1122e+04	9.468e-16	1.2916e+04	1.3973e+04	2.0309e-15	5.9609e-03	9.9404e-01	2.7227e-03	9.8949e-01	7.7879e-03	5.3118e-19	3.7870e-05	4.1991e-02	8.2969e-01	1.2670e-01	2.5115e-04	4.1713e-02	9.5477e-01	3.0189e-03	2.4404e-04	7.2267e-07	2.9401e-26	0.00e+00	0.00e+00	5.4593e+00
2.98213e+16	1.1191e+04	9.637e-16	1.2916e+04	1.3967e+04	2.2887e-15	6.3945e-03	9.9361e-01	2.8098e-03	9.8981e-01	7.3836e-03	6.7476e-19	4.0005e-05	4.3524e-02	8.3365e-01	1.2129e-01	2.8952e-04	4.4454e-02	9.5226e-01	2.7562e-03	2.4242e-04	6.4006e-07	3.8931e-26	0.00e+00	0.00e+00	5.8013e+00
3.04584e+16	1.1286e+04	9.825e-16	1.2916e+04	1.3958e+04	2.6098e-15	6.9198e-03	9.9308e-01	2.9156e-03	9.9008e-01	7.0016e-03	8.8543e-19	4.2537e-05	4.5328e-02	8.3788e-01	1.1534e-01	3.4072e-04	4.7896e-02	9.4902e-01	2.5005e-03	2.4086e-04	5.6099e-07	5.3633e-26	0.00e+00	0.00e+00	6.1500e+00
3.10168e+16	1.1349e+04	1.001e-15	1.2916e+04	1.3951e+04	2.9840e-15	7.4428e-03	9.9256e-01	3.0199e-03	9.9029e-01	6.6910e-03	1.1471e-18	4.4992e-05	4.7109e-02	8.4164e-01	1.0988e-01	3.9623e-04	5.1362e-02	9.4571e-01	2.2934e-03	2.3917e-04	4.9798e-07	7.2980e-26	0.00e+00	0.00e+00	6.4527e+00
3.14894e+16	1.1408e+04	1.017e-15	1.2916e+04	1.3944e+04	3.3451e-15	7.9262e-03	9.9207e-01	3.1152e-03	9.9044e-01	6.4439e-03	1.4381e-18	4.7234e-05	4.8743e-02	8.4478e-01	1.0517e-01	4.5210e-04	5.4639e-02	9.4254e-01	2.1268e-03	2.3769e-04	4.4909e-07	9.5341e-26	0.00e+00	0.00e+00	6.7412e+00
3.20028e+16	1.1465e+04	1.034e-15	1.2916e+04	1.3937e+04	3.8235e-15	8.5035e-03	9.9150e-01	3.2276e-03	9.9060e-01	6.1729e-03	1.8639e-18	4.9921e-05	5.0693e-02	8.4821e-01	9.9857e-02	5.2409e-04	5.8578e-02	9.3871e-01	1.9478e-03	2.3584e-04	3.9899e-07	1.2956e-25	0.00e+00	0.00e+00	7.1435e+00
3.25584e+16	1.1524e+04	1.054e-15	1.2916e+04	1.3930e+04	4.4387e-15	9.1926e-03	9.9081e-01	3.3604e-03	9.9073e-01	5.9109e-03	2.4895e-18	5.3049e-05	5.2990e-02	8.5171e-01	9.4132e-02	6.1870e-04	6.3428e-02	9.3394e-01	1.7742e-03	2.3366e-04	3.5107e-07	1.8225e-25	0.00e+00	0.00e+00	7.5414e+00
3.30393e+16	1.1583e+04	1.071e-15	1.2916e+04	1.3921e+04	5.0476e-15	9.8589e-03	9.9014e-01	3.4885e-03	9.9081e-01	5.7049e-03	3.2210e-18	5.6041e-05	5.5183e-02	8.5459e-01	8.9117e-02	7.1939e-04	6.8247e-02	9.2917e-01	1.6340e-03	2.3168e-04	3.1345e-07	2.4576e-25	0.00e+00	0.00e+00	7.8878e+00
3.34494e+16	1.1638e+04	1.085e-15	1.2916e+04	1.3909e+04	5.6051e-15	1.0482e-02	9.8952e-01	3.6137e-03	9.9085e-01	5.5368e-03	4.0153e-18	5.8794e-05	5.7212e-02	8.5693e-01	8.4796e-02	8.2195e-04	7.2856e-02	9.2457e-01	1.5191e-03	2.2994e-04	2.8377e-07	3.1498e-25	0.00e+00	0.00e+00	8.2205e+00
3.38972e+16	1.1682e+04	1.102e-15	1.2916e+04	1.3900e+04	6.4118e-15	1.1232e-02	9.8877e-01	3.7581e-03	9.9090e-01	5.3460e-03	5.2206e-18	6.2135e-05	5.9653e-02	8.5940e-01	7.9938e-02	9.5459e-04	7.8396e-02	9.1903e-01	1.3943e-03	2.2758e-04	2.5292e-07	4.2666e-25	0.00e+00	0.00e+00	8.6840e+00
3.43837e+16	1.1725e+04	1.121e-15	1.2916e+04	1.3891e+04	7.4556e-15	1.2129e-02	9.8787e-01	3.9313e-03	9.9091e-01	5.1579e-03	7.0064e-18	6.6066e-05	6.2550e-02	8.6176e-01	7.4745e-02	1.1295e-03	8.5234e-02	9.1214e-01	1.2717e-03	2.2474e-04	2.2305e-07	5.9916e-25	0.00e+00	0.00e+00	9.1456e+00
3.48082e+16	1.1771e+04	1.137e-15	1.2916e+04	1.3879e+04	8.4994e-15	1.3004e-02	9.8700e-01	4.0996e-03	9.9089e-01	5.0074e-03	9.1220e-18	6.9844e-05	6.5341e-02	8.6355e-01	7.0208e-02	1.3176e-03	9.2082e-02	9.0521e-01	1.1707e-03	2.2208e-04	1.9922e-07	8.0850e-25	0.00e+00	0.00e+00	9.5509e+00
3.51729e+16	1.1813e+04	1.151e-15	1.2916e+04	1.3868e+04	9.5290e-15	1.3825e-02	9.8617e-01	4.2584e-03	9.9086e-01	4.8826e-03	1.1518e-17	7.3350e-05	6.7942e-02	8.6488e-01	6.6315e-02	1.5098e-03	9.8640e-02	8.9854e-01	1.0874e-03	2.1960e-04	1.8025e-07	1.0520e-24	0.00e+00	0.00e+00	9.9421e+00
3.55720e+16	1.1844e+04	1.168e-15	1.2916e+04	1.3853e+04	1.0886e-14	1.4828e-02	9.8517e-01	4.4531e-03	9.9081e-01	4.7389e-03	1.5015e-17	7.7586e-05	7.1078e-02	8.6614e-01	6.1971e-02	1.7621e-03	1.0662e-01	8.9041e-01	9.9648e-04	2.1648e-04	1.6046e-07	1.4130e-24	0.00e+00	0.00e+00	1.0488e+01
3.60059e+16	1.1873e+04	1.186e-15	1.2916e+04	1.3840e+04	1.2734e-14	1.6026e-02	9.8397e-01	4.6870e-03	9.9072e-01	4.5953e-03	2.0376e-17	8.2669e-05	7.4823e-02	8.6703e-01	5.7380e-02	2.0956e-03	1.1645e-01	8.8034e-01	9.0621e-04	2.1266e-04	1.4114e-07	1.9984e-24	0.00e+00	0.00e+00	1.1032e+01
3.63865e+16	1.1906e+04	1.202e-15	1.2916e+04	1.3825e+04	1.4607e-14	1.7206e-02	9.8279e-01	4.9158e-03	9.9061e-01	4.4790e-03	2.6829e-17	8.7567e-05	7.8461e-02	8.6742e-01	5.3387e-02	2.4576e-03	1.2635e-01	8.7015e-01	8.3107e-04	2.0900e-04	1.2558e-07	2.7171e-24	0.00e+00	0.00e+00	1.1515e+01
3.67170e+16	1.1936e+04	1.216e-15	1.2916e+04	1.3809e+04	1.6495e-14	1.8330e-02	9.8167e-01	5.1348e-03	9.9048e-01	4.3808e-03	3.4304e-17	9.2175e-05	8.1900e-02	8.6745e-01	4.9958e-02	2.8335e-03	1.3594e-01	8.6025e-01	7.6836e-04	2.0553e-04	1.1755e-36	3.5698e-24	0.00e+00	0.00e+00	1.1988e+01
3.70808e+16	1.1960e+04	1.232e-15	1.2916e+04	1.3789e+04	1.8958e-14	1.9703e-02	9.8030e-01	5.4019e-03	9.9033e-01	4.2678e-03	4.5315e-17	9.7697e-05	8.6038e-02	8.6712e-01	4.6183e-02	3.3292e-03	1.4762e-01	8.4815e-01	7.0044e-04	2.0129e-04	1.1755e-36	4.8449e-24	0.00e+00	0.00e+00	1.2649e+01
3.74791e+16	1.1977e+04	1.250e-15	1.2916e+04	1.3767e+04	2.2370e-14	2.1393e-02	9.7861e-01	5.7328e-03	9.9012e-01	4.1515e-03	6.2581e-17	1.0448e-04	9.1097e-02	8.6611e-01	4.2166e-02	4.0026e-03	1.6227e-01	8.3290e-01	6.3115e-04	1.9600e-04	1.1755e-36	6.9264e-24	0.00e+00	0.00e+00	1.3321e+01
3.78323e+16	1.1988e+04	1.267e-15	1.2916e+04	1.3749e+04	2.6162e-14	2.3080e-02	9.7692e-01	6.0671e-03	9.8988e-01	4.0532e-03	8.4686e-17	1.1128e-04	9.6138e-02	8.6459e-01	3.8682e-02	4.7458e-03	1.7715e-01	8.1734e-01	5.7318e-04	1.9069e-04	1.1755e-36	9.6965e-24	0.00e+00	0.00e+00	1.3925e+01
3.81431e+16	1.2000e+04	1.281e-15	1.2916e+04	1.3727e+04	3.0071e-14	2.4739e-02	9.7526e-01	6.3938e-03	9.8964e-01	3.9692e-03	1.1122e-16	1.1779e-04	1.0102e-01	8.6275e-01	3.5668e-02	5.5420e-03	1.9183e-01	8.0191e-01	5.2383e-04	1.8559e-04	1.1755e-36	1.3076e-23	0.00e+00	0.00e+00	1.4531e+01
3.84888e+16	1.2008e+04	1.297e-15	1.2916e+04	1.3703e+04	3.5332e-14	2.6774e-02	9.7323e-01	6.7968e-03	9.8933e-01	3.8727e-03	1.5200e-16	1.2574e-04	1.0695e-01	8.6011e-01	3.2396e-02	6.6041e-03	2.0979e-01	7.8295e-01	4.7107e-04	1.7940e-04	1.1755e-36	1.8417e-23	0.00e+00	0.00e+00	1.5384e+01
3.88719e+16	1.2013e+04	1.315e-15	1.2916e+04	1.3673e+04	4.2702e-14	2.9362e-02	9.7064e-01	7.3105e-03	9.8892e-01	3.7724e-03	2.1872e-16	1.3567e-04	1.1438e-01	8.5620e-01	2.8908e-02	8.0986e-03	2.3275e-01	7.5857e-01	4.1620e-04	1.7164e-04	1.1755e-36	2.7439e-23	0.00e+00	0.00e+00	1.6283e+01
3.92201e+16	1.2013e+04	1.331e-15	1.2916e+04	1.3638e+04	5.1228e-14	3.2087e-02	9.6791e-01	7.8539e-03	9.8846e-01	3.6857e-03	3.0970e-16	1.4585e-04	1.2208e-01	8.5159e-01	2.5839e-02	9.8413e-03	2.5686e-01	7.3277e-01	3.6886e-04	1.6371e-04	1.1755e-36	4.0079e-23	0.00e+00	0.00e+00	1.7123e+01
3.95296e+16	1.2007e+04	1.346e-15	1.2916e+04	1.3601e+04	6.0763e-14	3.4845e-02	9.6516e-01	8.4078e-03	9.8798e-01	3.6092e-03	4.2729e-16	1.5596e-04	1.2977e-01	8.4655e-01	2.3206e-02	1.1770e-02	2.8091e-01	7.0683e-01	3.2882e-04	1.5593e-04	1.1755e-36	5.6840e-23	0.00e+00	0.00e+00	1.7970e+01
3.98725e+16	1.1991e+04	1.361e-15	1.2916e+04	1.3559e+04	7.4151e-14	3.8290e-02	9.6171e-01	9.1052e-03	9.8737e-01	3.5209e-03	6.1742e-16	1.6848e-04	1.3925e-01	8.3988e-01	2.0414e-02	1.4393e-02	3.1007e-01	6.7510e-01	2.8694e-04	1.4657e-04	1.1755e-36	8.4794e-23	0.00e+00	0.00e+00	1.9180e+01
4.02404e+16	1.1972e+04	1.378e-15	1.2916e+04	1.3493e+04	9.2925e-14	4.2701e-02	9.5730e-01	9.9871e-03	9.8658e-01	3.4343e-03	9.3473e-16	1.8346e-04	1.5094e-01	8.3104e-01	1.7580e-02	1.8095e-02	3.4629e-01	6.3524e-01	2.4466e-04	1.3532e-04	1.1755e-36	1.3254e-22	0.00e+00	0.00e+00	2.0392e+01
4.05497e+16	1.1941e+04	1.392e-15	1.2916e+04	1.3445e+04	1.1519e-13	4.7114e-02	9.5289e-01	1.0895e-02	9.8574e-01	3.3617e-03	1.3678e-15	1.9881e-04	1.6256e-01	8.2170e-01	1.5308e-02	2.2153e-02	3.8090e-01	5.9661e-01	2.1123e-04	1.2462e-04	1.1755e-36	2.0112e-22	0.00e+00	0.00e+00	2.1431e+01
4.08056e+16	1.1916e+04	1.402e-15	1.2916e+04	1.3389e+04	1.3817e-13	5.1308e-02	9.4869e-01	1.1754e-02	9.8494e-01	3.3041e-03	1.8858e-15	2.1260e-04	1.7332e-01	8.1274e-01	1.3525e-02	2.6294e-02	4.1195e-01	5.6146e-01	1.8522e-04	1.1524e-04	1.1755e-36	2.8466e-22	0.00e+00	0.00e+00	2.2441e+01
4.10831e+16	1.1887e+04	1.412e-15	1.2916e+04	1.3327e+04	1.6941e-13	5.6404e-02	9.4360e-01	1.2807e-02	9.8395e-01	3.2395e-03	2.6878e-15	2.2906e-04	1.8613e-01	8.0174e-01	1.1714e-02	3.1640e-02	4.4694e-01	5.2116e-01	1.5925e-04	1.0474e-04	1.1755e-36	4.1826e-22	0.00e+00	0.00e+00	2.3884e+01
4.13943e+16	1.1841e+04	1.422e-15	1.2916e+04	1.3225e+04	2.1642e-13	6.3302e-02	9.3670e-01	1.4210e-02	9.8262e-01	3.1690e-03	4.0654e-15	2.4926e-04	2.0258e-01	7.8719e-01	9.8213e-03	3.9340e-02	4.8961e-01	4.7082e-01	1.3209e-04	9.2133e-05	1.1755e-36	6.5238e-22	0.00e+00	0.00e+00	2.5476e+01
4.16753e+16	1.1792e+04	1.429e-15	1.2916e+04	1.3123e+04	2.7732e-13	7.0884e-02	9.2912e-01	1.5769e-02	9.8112e-01	3.1096e-03	6.0946e-15	2.7093e-04	2.2009e-01	7.7126e-01	8.2301e-03	4.8316e-02	5.3078e-01	4.2072e-01	1.0948e-04	8.0005e-05	1.1755e-36	1.0154e-21	0.00e+00	0.00e+00	2.6942e+01
4.18890e+16	1.1743e+04	1.433e-15	1.2916e+04	1.3042e+04	3.4203e-13	7.7844e-02	9.2216e-01	1.7214e-02	9.7972e-01	3.0650e-03	8.4866e-15	2.9011e-04	2.3565e-01	7.5683e-01	7.0940e-03	5.6889e-02	5.6329e-01	3.7966e-01	9.3491e-05	7.0343e-05	1.1755e-36	1.4629e-21	0.00e+00	0.00e+00	2.8045e+01
4.20496e+16	1.1708e+04	1.432e-15	1.2916e+04	1.2944e+04	3.9930e-13	8.3517e-02	9.1648e-01	1.8406e-02	9.7856e-01	3.0354e-03	1.0794e-14	3.0454e-04	2.4803e-01	7.4523e-01	6.3139e-03	6.4109e-02	5.8685e-01	3.4889e-01	8.2773e-05	6.3431e-05	1.1755e-36	1.8987e-21	0.00e+00	0.00e+00	2.9050e+01
4.22193e+16	1.1658e+04	1.433e-15	1.2916e+04	1.2872e+04	4.7697e-13	9.0322e-02	9.0968e-01	1.9844e-02	9.7716e-01	2.9976e-03	1.4121e-14	3.2212e-04	2.6249e-01	7.3155e-01	5.5243e-03	7.2827e-02	6.1062e-01	3.1642e-01	7.2230e-05	5.6137e-05	1.1755e-36	2.5548e-21	0.00e+00	0.00e+00	3.0463e+01
4.24400e+16	1.1597e+04	1.429e-15	1.2916e+04	1.2729e+04	6.0257e-13	1.0024e-01	8.9976e-01	2.1925e-02	9.7512e-01	2.9567e-03	1.9936e-14	3.4525e-04	2.8253e-01	7.1243e-01	4.6018e-03	8.5780e-02	6.3938e-01	2.7473e-01	6.0106e-05	4.7187e-05	1.1755e-36	3.7331e-21	0.00e+00	0.00e+00	3.2502e+01
4.26581e+16	1.1522e+04	1.422e-15	1.2916e+04	1.2559e+04	7.8364e-13	1.1248e-01	8.8752e-01	2.4481e-02	9.7260e-01	2.9203e-03	2.8928e-14	3.7118e-04	3.0574e-01	6.9004e-01	3.7660e-03	1.0193e-01	6.6610e-01	2.3188e-01	4.9058e-05	3.8326e-05	1.1755e-36	5.6538e-21	0.00e+00	0.00e+00	3.4214e+01
4.28153e+16	1.1451e+04	1.418e-15	1.2916e+04	1.2453e+04	9.6900e-13	1.2328e-01	8.7672e-01	2.6792e-02	9.7032e-01	2.8911e-03	3.8777e-14	3.9387e-04	3.2554e-01	6.7079e-01	3.2012e-03	1.1615e-01	6.8284e-01	2.0094e-01	4.1772e-05	3.2090e-05	1.1755e-36	7.8623e-21	0.00e+00	0.00e+00	3.5499e+01
4.29359e+16	1.1407e+04	1.404e-15	1.2916e+04	1.2306e+04	1.1287e-12	1.3175e-01	8.6825e-01	2.8641e-02	9.6848e-01	2.8789e-03	4.7621e-14	4.0899e-04	3.4068e-01	6.5602e-01	2.8236e-03	1.2743e-01	6.9321e-01	1.7930e-01	3.7087e-05	2.7980e-05	1.1755e-36	9.8676e-21	0.00e+00	0.00e+00	3.6717e+01
4.30663e+16	1.1340e+04	1.395e-15	1.2916e+04	1.2197e+04	1.3540e-12	1.4231e-01	8.5769e-01	3.0982e-02	9.6616e-01	2.8551e-03	6.0566e-14	4.2897e-04	3.5894e-01	6.3814e-01	2.4336e-03	1.4126e-01	7.0173e-01	1.5695e-01	3.2384e-05	2.3741e-05	1.1755e-36	1.2949e-20	0.00e+00	0.00e+00	3.8427e+01
4.32358e+16	1.1261e+04	1.373e-15	1.2916e+04	1.1972e+04	1.7116e-12	1.5718e-01	8.4282e-01	3.4273e-02	9.6289e-01	2.8386e-03	8.1672e-14	4.5232e-04	3.8318e-01	6.1432e-01	1.9941e-03	1.6068e-01	7.0886e-01	1.3041e-01	2.7167e-05	1.8973e-05	1.1755e-36	1.8123e-20	0.00e+00	0.00e+00	4.0883e+01
4.34088e+16	1.1169e+04	1.346e-15	1.2916e+04	1.1721e+04	2.2350e-12	1.7590e-01	8.2410e-01	3.8451e-02	9.5872e-01	2.8240e-03	1.1379e-13	4.7865e-04	4.1162e-01	5.8627e-01	1.5930e-03	1.8474e-01	7.1072e-01	1.0451e-01	2.2330e-05	1.4498e-05	1.1755e-36	2.6460e-20	0.00e+00	0.00e+00	4.3099e+01
4.35413e+16	1.1082e+04	1.322e-15	1.2916e+04	1.1522e+04	2.7879e-12	1.9291e-01	8.0709e-01	4.2411e-02	9.5477e-01	2.8160e-03	1.4884e-13	5.0123e-04	4.3644e-01	5.6170e-01	1.3176e-03	2.0624e-01	7.0748e-01	8.6255e-02	1.9042e-05	1.1472e-05	1.1755e-36	3.5979e-20	0.00e+00	0.00e+00	4.4838e+01
4.36458e+16	1.1021e+04	1.294e-15	1.2916e+04	1.1315e+04	3.3059e-12	2.0684e-01	7.9316e-01	4.5784e-02	9.5140e-01	2.8172e-03	1.8200e-13	5.1683e-04	4.5621e-01	5.4211e-01	1.1304e-03	2.2369e-01	7.0254e-01	7.3747e-02	1.6870e-05	9.5059e-06	1.1755e-36	4.5294e-20	0.00e+00	0.00e+00	4.6497e+01
4.37589e+16	1.0939e+04	1.264e-15	1.2916e+04	1.1113e+04	4.0017e-12	2.2356e-01	7.7644e-01	4.9958e-02	9.4723e-01	2.8133e-03	2.2727e-13	5.3523e-04	4.7902e-01	5.1946e-01	9.4647e-04	2.4427e-01	6.9401e-01	6.1696e-02	1.4761e-05	7.6579e-06	1.1755e-36	5.8440e-20	0.00e+00	0.00e+00	4.8828e+01
4.39059e+16	1.0836e+04	1.216e-15	1.2916e+04	1.0782e+04	5.1544e-12	2.4732e-01	7.5268e-01	5.5990e-02	9.4119e-01	2.8212e-03	3.0190e-13	5.5579e-04	5.0927e-01	4.8941e-01	7.4432e-04	2.7303e-01	6.7875e-01	4.8200e-02	1.2407e-05	5.6947e-06	1.1755e-36	8.1211e-20	0.00e+00	0.00e+00	5.2181e+01
4.40567e+16	1.0722e+04	1.159e-15	1.2916e+04	1.0392e+04	6.8175e-12	2.7643e-01	7.2357e-01	6.3627e-02	9.3353e-01	2.8387e-03	4.0994e-13	5.7528e-04	5.4339e-01	4.5544e-01	5.6968e-04	3.0747e-01	6.5641e-01	3.6108e-02	1.0246e-05	4.0292e-06	1.1755e-36	1.1615e-19	0.00e+00	0.00e+00	5.5229e+01
4.41738e+16	1.0613e+04	1.108e-15	1.2916e+04	1.0080e+04	8.5896e-12	3.0256e-01	6.9744e-01	7.1046e-02	9.2610e-01	2.8586e-03	5.2489e-13	5.9107e-04	5.7271e-01	4.2622e-01	4.5388e-04	3.3770e-01	6.3413e-01	2.8154e-02	8.7630e-06	2.9907e-06	1.1755e-36	1.5515e-19	0.00e+00	0.00e+00	5.7676e+01
4.42690e+16	1.0537e+04	1.058e-15	1.2916e+04	9.7647e+03	1.0273e-11	3.2385e-01	6.7615e-01	7.7501e-02	9.1961e-01	2.8860e-03	6.3113e-13	5.9860e-04	5.9585e-01	4.0316e-01	3.7661e-04	3.6199e-01	6.1509e-01	2.2915e-02	7.7700e-06	2.3470e-06	1.1755e-36	1.9237e-19	0.00e+00	0.00e+00	6.0082e+01
4.43710e+16	1.0436e+04	1.005e-15	1.2916e+04	9.4559e+03	1.2523e-11	3.4898e-01	6.5102e-01	8.5565e-02	9.1152e-01	2.9118e-03	7.7224e-13	6.0779e-04	6.2185e-01	3.7723e-01	3.0430e-04	3.9011e-01	5.9170e-01	1.8173e-02	6.7995e-06	1.7835e-06	1.1755e-36	2.4368e-19	0.00e+00	0.00e+00	6.3293e+01
4.44965e+16	1.0312e+04	9.328e-16	1.2916e+04	8.9992e+03	1.6029e-11	3.8176e-01	6.1824e-01	9.6526e-02	9.0051e-01	2.9592e-03	9.8017e-13	6.1187e-04	6.5318e-01	3.4596e-01	2.3259e-04	4.2612e-01	5.6042e-01	1.3461e-02	5.7678e-06	1.2552e-06	1.1755e-36	3.2269e-19	0.00e+00	0.00e+00	6.7597e+01
4.46201e+16	1.0193e+04	8.552e-16	1.2916e+04	8.5102e+03	2.0557e-11	4.1812e-01	5.8188e-01	1.0960e-01	8.8738e-01	3.0273e-03	1.2425e-12	6.1079e-04	6.8517e-01	3.1403e-01	1.7622e-04	4.6516e-01	5.2514e-01	9.7038e-03	4.8520e-06	8.5734e-07	1.1755e-36	4.2753e-19	0.00e+00	0.00e+00	7.1313e+01
4.47125e+16	1.0081e+04	7.947e-16	1.2916e+04	8.1413e+03	2.4953e-11	4.4752e-01	5.5248e-01	1.2145e-01	8.7547e-01	3.0791e-03	1.4839e-12	6.0870e-04	7.1007e-01	2.8917e-01	1.4174e-04	4.9611e-01	4.9642e-01	7.4663e-03	4.2423e-06	6.3277e-07	1.1755e-36	5.2737e-19	0.00e+00	0.00e+00	7.4081e+01
4.47839e+16	1.0007e+04	7.450e-16	1.2916e+04	7.8274e+03	2.8683e-11	4.6931e-01	5.3069e-01	1.3116e-01	8.6571e-01	3.1318e-03	1.6774e-12	6.0270e-04	7.2826e-01	2.7101e-01	1.2000e-04	5.1875e-01	4.7515e-01	6.0950e-03	3.8466e-06	5.0186e-07	1.1755e-36	6.0795e-19	0.00e+00	0.00e+00	7.6643e+01
4.48508e+16	9.9252e+03	6.995e-16	1.2916e+04	7.5408e+03	3.2776e-11	4.9066e-01	5.0934e-01	1.4125e-01	8.5557e-01	3.1812e-03	1.8808e-12	5.9651e-04	7.4525e-01	2.5404e-01	1.0236e-04	5.4064e-01	4.5434e-01	5.0092e-03	3.5001e-06	4.0122e-07	1.1755e-36	6.9448e-19	0.00e+00	0.00e+00	7.9315e+01
4.49193e+16	9.8356e+03	6.533e-16	1.2916e+04	7.2458e+03	3.7638e-11	5.1345e-01	4.8655e-01	1.5261e-01	8.4416e-01	3.2304e-03	2.1118e-12	5.8898e-04	7.6248e-01	2.3684e-01	8.6778e-05	5.6374e-01	4.3219e-01	4.0658e-03	3.1677e-06	3.1646e-07	1.1755e-36	7.9454e-19	0.00e+00	0.00e+00	8.2258e+01
4.49890e+16	9.7512e+03	6.057e-16	1.2916e+04	6.9225e+03	4.3195e-11	5.3671e-01	4.6329e-01	1.6487e-01	8.3183e-01	3.2965e-03	2.3593e-12	5.7748e-04	7.7911e-01	2.2023e-01	7.3580e-05	5.8701e-01	4.0971e-01	3.2698e-03	2.8617e-06	2.4750e-07	1.1755e-36	9.0299e-19	0.00e+00	0.00e+00	8.5280e+01
4.50429e+16	9.6877e+03	5.693e-16	1.2916e+04	6.6668e+03	4.7971e-11	5.5507e-01	4.4493e-01	1.7514e-01	8.2150e-01	3.3552e-03	2.5619e-12	5.6689e-04	7.9155e-01	2.0782e-01	6.5057e-05	6.0518e-01	3.9206e-01	2.7475e-03	2.6411e-06	2.0356e-07	1.1755e-36	9.9243e-19	0.00e+00	0.00e+00	8.7035e+01
4.50759e+16	9.6377e+03	5.475e-16	1.2916e+04	6.5237e+03	5.1166e-11	5.6569e-01	4.3431e-01	1.8213e-01	8.1448e-01	3.3821e-03	2.6877e-12	5.6157e-04	7.9931e-01	2.0006e-01	6.0349e-05	6.1563e-01	3.8189e-01	2.4745e-03	2.5212e-06	1.8114e-07	1.1755e-36	1.0464e-18	0.00e+00	0.00e+00	8.8288e+01
4.51055e+16	9.5948e+03	5.279e-16	1.2916e+04	6.3952e+03	5.4127e-11	5.7508e-01	4.2492e-01	1.8864e-01	8.0795e-01	3.4053e-03	2.8016e-12	5.5640e-04	8.0621e-01	1.9318e-01	5.6340e-05	6.2482e-01	3.7293e-01	2.2506e-03	2.4194e-06	1.6302e-07	1.1755e-36	1.0948e-18	0.00e+00	0.00e+00	8.9797e+01
4.51425e+16	9.5355e+03	5.041e-16	1.2916e+04	6.2346e+03	5.8291e-11	5.8759e-01	4.1241e-01	1.9717e-01	7.9940e-01	3.4346e-03	2.9568e-12	5.4952e-04	8.1471e-01	1.8468e-01	5.1671e-05	6.3699e-01	3.6102e-01	1.9907e-03	2.2897e-06	1.4220e-07	1.1755e-36	1.1623e-18	0.00e+00	0.00e+00	9.1801e+01
4.51843e+16	9.4766e+03	4.776e-16	1.2916e+04	6.0399e+03	6.3280e-11	6.0199e-01	3.9801e-01	2.0678e-01	7.8974e-01	3.4772e-03	3.1356e-12	5.3987e-04	8.2369e-01	1.7572e-01	4.7049e-05	6.5089e-01	3.4738e-01	1.7277e-03	2.1480e-06	1.1755e-36	1.1755e-36	1.2412e-18	0.00e+00	0.00e+00	9.3849e+01
4.52232e+16	9.4218e+03	4.533e-16	1.2916e+04	5.8555e+03	6.8202e-11	6.1514e-01	3.8486e-01	2.1607e-01	7.8040e-01	3.5232e-03	3.3000e-12	5.2992e-04	8.3169e-01	1.6773e-01	4.3262e-05	6.6350e-01	3.3498e-01	1.5131e-03	2.0251e-06	1.1755e-36	1.1755e-36	1.3119e-18	0.00e+00	0.00e+00	9.5654e+01
4.52579e+16	9.3797e+03	4.318e-16	1.2916e+04	5.6913e+03	7.2572e-11	6.2631e-01	3.7369e-01	2.2466e-01	7.7177e-01	3.5672e-03	3.4412e-12	5.2052e-04	8.3859e-01	1.6085e-01	4.0231e-05	6.7415e-01	3.2450e-01	1.3447e-03	1.9252e-06	1.1755e-36	1.1755e-36	1.3708e-18	0.00e+00	0.00e+00	9.7364e+01
4.52927e+16	9.3136e+03	4.113e-16	1.2916e+04	5.5383e+03	7.8008e-11	6.3819e-01	3.6181e-01	2.3427e-01	7.6214e-01	3.5966e-03	3.6021e-12	5.1234e-04	8.4576e-01	1.5368e-01	3.7366e-05	6.8542e-01	3.1338e-01	1.1905e-03	1.8239e-06	1.1755e-36	1.1755e-36	1.4389e-18	0.00e+00	0.00e+00	9.9245e+01
4.53289e+16	9.2645e+03	3.899e-16	1.2916e+04	5.3666e+03	8.3355e-11	6.4993e-01	3.5007e-01	2.4396e-01	7.5240e-01	3.6442e-03	3.7547e-12	5.0174e-04	8.5256e-01	1.4690e-01	3.4762e-05	6.9649e-01	3.0246e-01	1.0492e-03	1.7275e-06	1.1755e-36	1.1755e-36	1.5008e-18	0.00e+00	0.00e+00	1.0117e+02
4.53652e+16	9.1982e+03	3.695e-16	1.2916e+04	5.2058e+03	8.9702e-11	6.6224e-01	3.3776e-01	2.5464e-01	7.4168e-01	3.6797e-03	3.9247e-12	4.9210e-04	8.5947e-01	1.4000e-01	3.2356e-05	7.0802e-01	2.9105e-01	9.2138e-04	1.6310e-06	1.1755e-36	1.1755e-36	1.5711e-18	0.00e+00	0.00e+00	1.0313e+02
4.54005e+16	9.1588e+03	3.498e-16	1.2916e+04	5.0407e+03	9.5143e-11	6.7322e-01	3.2678e-01	2.6471e-01	7.3156e-01	3.7317e-03	4.0680e-12	4.8090e-04	8.6555e-01	1.3393e-01	3.0328e-05	7.1826e-01	2.8092e-01	8.1342e-04	1.5477e-06	1.1755e-36	1.1755e-36	1.6259e-18	0.00e+00	0.00e+00	1.0501e+02
4.54353e+16	9.0919e+03	3.313e-16	1.2916e+04	4.8849e+03	1.0205e-10	6.8450e-01	3.1550e-01	2.7561e-01	7.2062e-01	3.7685e-03	4.2244e-12	4.7080e-04	8.7168e-01	1.2781e-01	2.8473e-05	7.2872e-01	2.7056e-01	7.1776e-04	1.4659e-06	1.1755e-36	1.1755e-36	1.6850e-18	0.00e+00	0.00e+00	1.0698e+02
4.54706e+16	9.0259e+03	3.132e-16	1.2916e+04	4.7317e+03	1.0940e-10	6.9595e-01	3.0405e-01	2.8716e-01	7.0903e-01	3.8042e-03	4.3859e-12	4.6054e-04	8.7768e-01	1.2183e-01	2.6780e-05	7.3928e-01	2.6008e-01	6.3128e-04	1.3859e-06	1.1755e-36	1.1755e-36	1.7458e-18	0.00e+00	0.00e+00	1.0898e+02
4.55050e+16	8.9678e+03	2.960e-16	1.2916e+04	4.5790e+03	1.1666e-10	7.0660e-01	2.9340e-01	2.9850e-01	6.9766e-01	3.8462e-03	4.5316e-12	4.4972e-04	8.8316e-01	1.1637e-01	2.5320e-05	7.4906e-01	2.5038e-01	5.5738e-04	1.3140e-06	1.1755e-36	1.1755e-36	1.7959e-18	0.00e+00	0.00e+00	1.1092e+02
4.55388e+16	8.9123e+03	2.796e-16	1.2916e+04	4.4301e+03	1.2407e-10	7.1675e-01	2.8325e-01	3.0994e-01	6.8617e-01	3.8875e-03	4.6696e-12	4.3888e-04	8.8831e-01	1.1122e-01	2.4031e-05	7.5833e-01	2.4117e-01	4.9323e-04	1.2477e-06	1.1755e-36	1.1755e-36	1.8401e-18	0.00e+00	0.00e+00	1.1290e+02
4.55733e+16	8.8402e+03	2.637e-16	1.2916e+04	4.2857e+03	1.3300e-10	7.2746e-01	2.7254e-01	3.2257e-01	6.7351e-01	3.9185e-03	4.8231e-12	4.2844e-04	8.9357e-01	1.0598e-01	2.2820e-05	7.6807e-01	2.3150e-01	4.3436e-04	1.1803e-06	1.1755e-36	1.1755e-36	1.8899e-18	0.00e+00	0.00e+00	1.1499e+02
4.56079e+16	8.7843e+03	2.482e-16	1.2916e+04	4.1356e+03	1.4143e-10	7.3745e-01	2.6255e-01	3.3482e-01	6.6122e-01	3.9642e-03	4.9546e-12	4.1682e-04	8.9831e-01	1.0125e-01	2.1767e-05	7.7710e-01	2.2251e-01	3.8323e-04	1.1192e-06	1.1755e-36	1.1755e-36	1.9249e-18	0.00e+00	0.00e+00	1.1703e+02
4.56418e+16	8.7101e+03	2.339e-16	1.2916e+04	3.9982e+03	1.5146e-10	7.4751e-01	2.5249e-01	3.4800e-01	6.4801e-01	3.9918e-03	5.0975e-12	4.0639e-04	9.0301e-01	9.6559e-02	2.0815e-05	7.8616e-01	2.1350e-01	3.3841e-04	1.0598e-06	1.1755e-36	1.1755e-36	1.9643e-18	0.00e+00	0.00e+00	1.1910e+02
4.56754e+16	8.6534e+03	2.200e-16	1.2916e+04	3.8577e+03	1.6071e-10	7.5673e-01	2.4327e-01	3.6071e-01	6.3526e-01	4.0333e-03	5.2159e-12	3.9505e-04	9.0723e-01	9.2356e-02	1.9989e-05	7.9443e-01	2.0527e-01	2.9982e-04	1.0066e-06	1.1755e-36	1.1755e-36	1.9878e-18	0.00e+00	0.00e+00	1.2115e+02
4.57092e+16	8.5793e+03	2.068e-16	1.2916e+04	3.7222e+03	1.7189e-10	7.6609e-01	2.3391e-01	3.7432e-01	6.2161e-01	4.0624e-03	5.3410e-12	3.8423e-04	9.1142e-01	8.8176e-02	1.9231e-05	8.0280e-01	1.9694e-01	2.6536e-04	9.5437e-07	1.1755e-36	1.1755e-36	2.0110e-18	0.00e+00	0.00e+00	1.2330e+02
4.57436e+16	8.5053e+03	1.941e-16	1.2916e+04	3.5892e+03	1.8389e-10	7.7553e-01	2.2447e-01	3.8855e-01	6.0736e-01	4.0884e-03	5.4680e-12	3.7337e-04	9.1546e-01	8.4151e-02	1.8539e-05	8.1118e-01	1.8858e-01	2.3443e-04	9.0317e-07	1.1755e-36	1.1755e-36	2.0335e-18	0.00e+00	0.00e+00	1.2546e+02
4.57771e+16	8.4349e+03	1.822e-16	1.2916e+04	3.4594e+03	1.9611e-10	7.8428e-01	2.1572e-01	4.0253e-01	5.9335e-01	4.1168e-03	5.5783e-12	3.6247e-04	9.1912e-01	8.0500e-02	1.7942e-05	8.1894e-01	1.8085e-01	2.0814e-04	8.5685e-07	1.1755e-36	1.1755e-36	2.0446e-18	0.00e+00	0.00e+00	1.2757e+02
4.58101e+16	8.3616e+03	1.711e-16	1.2916e+04	3.3355e+03	2.0922e-10	7.9261e-01	2.0739e-01	4.1674e-01	5.7912e-01	4.1388e-03	5.6817e-12	3.5197e-04	9.2257e-01	7.7060e-02	1.7413e-05	8.2628e-01	1.7353e-01	1.8548e-04	8.1395e-07	1.1755e-36	1.1755e-36	2.0497e-18	0.00e+00	0.00e+00	1.2971e+02
4.58437e+16	8.2875e+03	1.604e-16	1.2916e+04	3.2117e+03	2.2341e-10	8.0084e-01	1.9916e-01	4.3140e-01	5.6444e-01	4.1596e-03	5.7811e-12	3.4127e-04	9.2587e-01	7.3768e-02	1.6930e-05	8.3352e-01	1.6631e-01	1.6519e-04	7.7245e-07	1.1755e-36	1.1755e-36	2.0498e-18	0.00e+00	0.00e+00	1.3193e+02
4.58778e+16	8.2052e+03	1.501e-16	1.2916e+04	3.0904e+03	2.3959e-10	8.0916e-01	1.9084e-01	4.4680e-01	5.4903e-01	4.1733e-03	5.8814e-12	3.3070e-04	9.2907e-01	7.0585e-02	1.6487e-05	8.4081e-01	1.5905e-01	1.4704e-04	7.3158e-07	1.1755e-36	1.1755e-36	2.0470e-18	0.00e+00	0.00e+00	1.3419e+02
4.59116e+16	8.1236e+03	1.404e-16	1.2916e+04	2.9715e+03	2.5673e-10	8.1697e-01	1.8303e-01	4.6200e-01	5.3381e-01	4.1881e-03	5.9671e-12	3.2013e-04	9.3197e-01	6.7694e-02	1.6101e-05	8.4762e-01	1.5225e-01	1.3151e-04	6.9409e-07	1.1755e-36	1.1755e-36	2.0342e-18	0.00e+00	0.00e+00	1.3640e+02
4.59447e+16	8.0418e+03	1.315e-16	1.2916e+04	2.8591e+03	2.7491e-10	8.2430e-01	1.7570e-01	4.7732e-01	5.1849e-01	4.1954e-03	6.0450e-12	3.1003e-04	9.3467e-01	6.5004e-02	1.5761e-05	8.5400e-01	1.4588e-01	1.1822e-04	6.5961e-07	1.1755e-36	1.1755e-36	2.0165e-18	0.00e+00	0.00e+00	1.3863e+02
4.59782e+16	7.9582e+03	1.229e-16	1.2916e+04	2.7494e+03	2.9472e-10	8.3146e-01	1.6854e-01	4.9299e-01	5.0281e-01	4.1974e-03	6.1186e-12	3.0003e-04	9.3722e-01	6.2459e-02	1.5453e-05	8.6021e-01	1.3969e-01	1.0648e-04	6.2661e-07	1.1755e-36	1.1755e-36	1.9947e-18	0.00e+00	0.00e+00	1.4092e+02
4.60119e+16	7.8616e+03	1.149e-16	1.2916e+04	2.6405e+03	3.1852e-10	8.3858e-01	1.6142e-01	5.0900e-01	4.8681e-01	4.1926e-03	6.1892e-12	2.9009e-04	9.3964e-01	6.0056e-02	1.5176e-05	8.6636e-01	1.3354e-01	9.6148e-05	5.9455e-07	1.1755e-36	1.1755e-36	1.9679e-18	0.00e+00	0.00e+00	1.4323e+02
4.60452e+16	7.7744e+03	1.074e-16	1.2916e+04	2.5380e+03	3.4216e-10	8.4516e-01	1.5484e-01	5.2482e-01	4.7099e-01	4.1856e-03	6.2483e-12	2.8052e-04	9.4181e-01	5.7890e-02	1.4932e-05	8.7204e-01	1.2787e-01	8.7316e-05	5.6531e-07	1.1755e-36	1.1755e-36	1.9365e-18	0.00e+00	0.00e+00	1.4549e+02
4.60779e+16	7.6867e+03	1.005e-16	1.2916e+04	2.4416e+03	3.6761e-10	8.5130e-01	1.4870e-01	5.4052e-01	4.5531e-01	4.1706e-03	6.3010e-12	2.7143e-04	9.4381e-01	5.5905e-02	1.4720e-05	8.7731e-01	1.2261e-01	7.9801e-05	5.3857e-07	1.1755e-36	1.1755e-36	1.9024e-18	0.00e+00	0.00e+00	1.4774e+02
4.61105e+16	7.6020e+03	9.406e-17	1.2916e+04	2.3462e+03	3.9435e-10	8.5703e-01	1.4297e-01	5.5601e-01	4.3984e-01	4.1572e-03	6.3394e-12	2.6231e-04	9.4562e-01	5.4099e-02	1.4530e-05	8.8223e-01	1.1770e-01	7.3277e-05	5.1396e-07	1.1755e-36	1.1755e-36	1.8602e-18	0.00e+00	0.00e+00	1.5004e+02
4.61432e+16	7.5021e+03	8.806e-17	1.2916e+04	2.2567e+03	4.2726e-10	8.6284e-01	1.3716e-01	5.7189e-01	4.2398e-01	4.1255e-03	6.3876e-12	2.5381e-04	9.4735e-01	5.2383e-02	1.4360e-05	8.8720e-01	1.1273e-01	6.7554e-05	4.8950e-07	1.1755e-36	1.1755e-36	1.8232e-18	0.00e+00	0.00e+00	1.5232e+02
4.61757e+16	7.4095e+03	8.242e-17	1.2916e+04	2.1684e+03	4.6095e-10	8.6806e-01	1.3194e-01	5.8735e-01	4.0855e-01	4.0998e-03	6.4155e-12	2.4522e-04	9.4888e-01	5.0857e-02	1.4211e-05	8.9165e-01	1.0828e-01	6.2659e-05	4.6778e-07	1.1755e-36	1.1755e-36	1.7759e-18	0.00e+00	0.00e+00	1.5463e+02
4.62080e+16	7.3032e+03	7.724e-17	1.2916e+04	2.0866e+03	5.0220e-10	8.7334e-01	1.2666e-01	6.0309e-01	3.9285e-01	4.0537e-03	6.4558e-12	2.3735e-04	9.5034e-01	4.9412e-02	1.4077e-05	8.9615e-01	1.0379e-01	5.8379e-05	4.4619e-07	1.1755e-36	1.1755e-36	1.7363e-18	0.00e+00	0.00e+00	1.5691e+02
4.62404e+16	7.1999e+03	7.237e-17	1.2916e+04	2.0066e+03	5.4659e-10	8.7818e-01	1.2182e-01	6.1860e-01	3.7739e-01	4.0075e-03	6.4833e-12	2.2953e-04	9.5165e-01	4.8104e-02	1.3960e-05	9.0027e-01	9.9677e-02	5.4692e-05	4.2664e-07	1.1755e-36	1.1755e-36	1.6908e-18	0.00e+00	0.00e+00	1.5925e+02
4.62732e+16	7.0944e+03	6.779e-17	1.2916e+04	1.9292e+03	5.9664e-10	8.8289e-01	1.1711e-01	6.3407e-01	3.6198e-01	3.9554e-03	6.5095e-12	2.2189e-04	9.5285e-01	4.6912e-02	1.3855e-05	9.0426e-01	9.5684e-02	5.1451e-05	4.0785e-07	1.1755e-36	1.1755e-36	1.6459e-18	0.00e+00	0.00e+00	1.6162e+02
4.63059e+16	6.9873e+03	6.354e-17	1.2916e+04	1.8552e+03	6.5291e-10	8.8732e-01	1.1268e-01	6.4932e-01	3.4678e-01	3.8971e-03	6.5327e-12	2.1454e-04	9.5393e-01	4.5837e-02	1.3762e-05	9.0802e-01	9.1929e-02	4.8662e-05	3.9035e-07	1.1755e-36	1.1755e-36	1.6013e-18	0.00e+00	0.00e+00	1.6398e+02
4.63387e+16	6.8786e+03	5.961e-17	1.2916e+04	1.7851e+03	7.1634e-10	8.9150e-01	1.0850e-01	6.6437e-01	3.3180e-01	3.8312e-03	6.5549e-12	2.0753e-04	9.5491e-01	4.4864e-02	1.3681e-05	9.1156e-01	8.8396e-02	4.6264e-05	3.7405e-07	1.1755e-36	1.1755e-36	1.5584e-18	0.00e+00	0.00e+00	1.6637e+02
4.63718e+16	6.7618e+03	5.592e-17	1.2916e+04	1.7160e+03	7.9227e-10	8.9546e-01	1.0454e-01	6.7922e-01	3.1701e-01	3.7613e-03	6.5726e-12	2.0062e-04	9.5579e-01	4.3991e-02	1.3612e-05	9.1490e-01	8.5055e-02	4.4206e-05	3.5881e-07	1.1755e-36	1.1755e-36	1.5143e-18	0.00e+00	0.00e+00	1.6881e+02
4.64051e+16	6.6490e+03	5.251e-17	1.2916e+04	1.6513e+03	8.7546e-10	8.9922e-01	1.0078e-01	6.9380e-01	3.0252e-01	3.6851e-03	6.5939e-12	1.9407e-04	9.5657e-01	4.3218e-02	1.3551e-05	9.1808e-01	8.1879e-02	4.2419e-05	3.4443e-07	1.1755e-36	1.1755e-36	1.4753e-18	0.00e+00	0.00e+00	1.7125e+02
4.64387e+16	6.5338e+03	4.934e-17	1.2916e+04	1.5899e+03	9.7134e-10	9.0276e-01	9.7240e-02	7.0818e-01	2.8822e-01	3.6008e-03	6.6178e-12	1.8784e-04	9.5728e-01	4.2520e-02	1.3499e-05	9.2106e-01	7.8900e-02	4.0891e-05	3.3106e-07	1.1755e-36	1.1755e-36	1.4401e-18	0.00e+00	0.00e+00	1.7374e+02
4.64732e+16	6.4154e+03	4.634e-17	1.2916e+04	1.5300e+03	1.0836e-09	9.0618e-01	9.3821e-02	7.2247e-01	2.7402e-01	3.5106e-03	6.6456e-12	1.8173e-04	9.5791e-01	4.1893e-02	1.3453e-05	9.2394e-01	7.6024e-02	3.9557e-05	3.1824e-07	1.1755e-36	1.1755e-36	1.4085e-18	0.00e+00	0.00e+00	1.7633e+02
4.65087e+16	6.2943e+03	4.352e-17	1.2916e+04	1.4721e+03	1.2153e-09	9.0948e-01	9.0519e-02	7.3658e-01	2.6000e-01	3.4150e-03	6.6793e-12	1.7576e-04	9.5846e-01	4.1347e-02	1.3414e-05	9.2671e-01	7.3248e-02	3.8400e-05	3.0596e-07	1.1755e-36	1.1755e-36	1.3820e-18	0.00e+00	0.00e+00	1.7900e+02
4.65448e+16	6.1737e+03	4.091e-17	1.2916e+04	1.4160e+03	1.3667e-09	9.1250e-01	8.7495e-02	7.5020e-01	2.4648e-01	3.3190e-03	6.7146e-12	1.6994e-04	9.5892e-01	4.0900e-02	1.3382e-05	9.2925e-01	7.0708e-02	3.7433e-05	2.9481e-07	1.1755e-36	1.1755e-36	1.3593e-18	0.00e+00	0.00e+00	1.8171e+02
4.65815e+16	6.0596e+03	3.851e-17	1.2916e+04	1.3641e+03	1.5321e-09	9.1528e-01	8.4721e-02	7.6334e-01	2.3344e-01	3.2191e-03	6.7575e-12	1.6449e-04	9.5930e-01	4.0526e-02	1.3356e-05	9.3158e-01	6.8382e-02	3.6617e-05	2.8466e-07	1.1755e-36	1.1755e-36	1.3438e-18	0.00e+00	0.00e+00	1.8446e+02
4.66192e+16	5.9345e+03	3.628e-17	1.2916e+04	1.3147e+03	1.7413e-09	9.1798e-01	8.2022e-02	7.7645e-01	2.2044e-01	3.1066e-03	6.8213e-12	1.5939e-04	9.5964e-01	4.0186e-02	1.3336e-05	9.3385e-01	6.6113e-02	3.5941e-05	2.7483e-07	1.1755e-36	1.1755e-36	1.3410e-18	0.00e+00	0.00e+00	1.8735e+02
4.66592e+16	5.8059e+03	3.415e-17	1.2916e+04	1.2661e+03	1.9940e-09	9.2062e-01	7.9378e-02	7.8946e-01	2.0755e-01	2.9894e-03	6.9035e-12	1.5433e-04	9.5993e-01	3.9907e-02	1.3320e-05	9.3607e-01	6.3895e-02	3.5365e-05	2.6529e-07	1.1755e-36	1.1755e-36	1.3495e-18	0.00e+00	0.00e+00	1.9045e+02
4.67013e+16	5.6753e+03	3.215e-17	1.2916e+04	1.2192e+03	2.2981e-09	9.2317e-01	7.6833e-02	8.0212e-01	1.9501e-01	2.8689e-03	7.0094e-12	1.4943e-04	9.6013e-01	3.9707e-02	1.3310e-05	9.3820e-01	6.1761e-02	3.4892e-05	2.5616e-07	1.1755e-36	1.1755e-36	1.3729e-18	0.00e+00	0.00e+00	1.9368e+02
4.67451e+16	5.5441e+03	3.033e-17	1.2916e+04	1.1753e+03	2.6612e-09	9.2552e-01	7.4483e-02	8.1430e-01	1.8296e-01	2.7447e-03	7.1443e-12	1.4486e-04	9.6027e-01	3.9569e-02	1.3304e-05	9.4018e-01	5.9788e-02	3.4527e-05	2.4778e-07	1.1755e-36	1.1755e-36	1.4153e-18	0.00e+00	0.00e+00	1.9705e+02
4.67913e+16	5.4081e+03	2.864e-17	1.2916e+04	1.1345e+03	3.1115e-09	9.2779e-01	7.2207e-02	8.2621e-01	1.7117e-01	2.6119e-03	7.3265e-12	1.4069e-04	9.6039e-01	3.9460e-02	1.3304e-05	9.4209e-01	5.7880e-02	3.4255e-05	2.3973e-07	1.1755e-36	1.1755e-36	1.4870e-18	0.00e+00	0.00e+00	2.0067e+02
4.68418e+16	5.2709e+03	2.703e-17	1.2916e+04	1.0939e+03	3.6604e-09	9.2994e-01	7.0064e-02	8.3779e-01	1.5973e-01	2.4800e-03	7.5545e-12	1.3649e-04	9.6045e-01	3.9402e-02	1.3307e-05	9.4389e-01	5.6080e-02	3.4053e-05	2.3218e-07	1.1755e-36	1.1755e-36	1.5882e-18	0.00e+00	0.00e+00	2.0471e+02
4.68971e+16	5.1361e+03	2.552e-17	1.2916e+04	1.0542e+03	4.3126e-09	9.3193e-01	6.8068e-02	8.4873e-01	1.4892e-01	2.3530e-03	7.8340e-12	1.3231e-04	9.6042e-01	3.9437e-02	1.3313e-05	9.4556e-01	5.4402e-02	3.3915e-05	2.2517e-07	1.1755e-36	1.1755e-36	1.7250e-18	0.00e+00	0.00e+00	2.0906e+02
4.69563e+16	4.9989e+03	2.419e-17	1.2916e+04	1.0195e+03	5.1121e-09	9.3386e-01	6.6142e-02	8.5910e-01	1.3868e-01	2.2197e-03	8.1999e-12	1.2881e-04	9.6036e-01	3.9500e-02	1.3323e-05	9.4718e-01	5.2783e-02	3.3854e-05	2.1844e-07	1.1755e-36	1.1755e-36	1.9237e-18	0.00e+00	0.00e+00	2.1371e+02
4.70200e+16	4.8685e+03	2.300e-17	1.2916e+04	9.8673e+02	5.9902e-09	9.3547e-01	6.4531e-02	8.6845e-01	1.2945e-01	2.0974e-03	8.4983e-12	1.2550e-04	9.6069e-01	3.9168e-02	1.3333e-05	9.4854e-01	5.1423e-02	3.3854e-05	2.1285e-07	1.1755e-36	1.1755e-36	2.0843e-18	0.00e+00	0.00e+00	2.1878e+02
4.70906e+16	4.7403e+03	2.192e-17	1.2916e+04	9.5708e+02	7.0072e-09	9.3702e-01	6.2980e-02	8.7710e-01	1.2092e-01	1.9776e-03	8.8238e-12	1.2261e-04	9.6105e-01	3.8809e-02	1.3344e-05	9.4985e-01	5.0114e-02	3.3896e-05	2.0747e-07	1.1755e-36	1.1755e-36	2.2762e-18	0.00e+00	0.00e+00	2.2449e+02
4.71693e+16	4.6194e+03	2.098e-17	1.2916e+04	9.3030e+02	8.1197e-09	9.3844e-01	6.1563e-02	8.8480e-01	1.1334e-01	1.8668e-03	9.1544e-12	1.2004e-04	9.6140e-01	3.8470e-02	1.3354e-05	9.5105e-01	4.8916e-02	3.3969e-05	2.0256e-07	1.1755e-36	1.1755e-36	2.4869e-18	0.00e+00	0.00e+00	2.3082e+02
4.72570e+16	4.5070e+03	2.016e-17	1.2916e+04	9.0736e+02	9.2939e-09	9.3973e-01	6.0275e-02	8.9153e-01	1.0671e-01	1.7643e-03	9.4802e-12	1.1793e-04	9.6175e-01	3.8119e-02	1.3363e-05	9.5214e-01	4.7828e-02	3.4063e-05	1.9811e-07	1.1755e-36	1.1755e-36	2.7099e-18	0.00e+00	0.00e+00	2.3792e+02
4.73494e+16	4.4175e+03	1.952e-17	1.2916e+04	8.8810e+02	1.0324e-08	9.4069e-01	5.9314e-02	8.9671e-01	1.0160e-01	1.6849e-03	9.7396e-12	1.1610e-04	9.6193e-01	3.7941e-02	1.3369e-05	9.5295e-01	4.7013e-02	3.4151e-05	1.9478e-07	1.1755e-36	1.1755e-36	2.8964e-18	0.00e+00	0.00e+00	2.4499e+02
4.74414e+16	4.3419e+03	1.904e-17	1.2916e+04	8.7442e+02	1.1256e-08	9.4148e-01	5.8523e-02	9.0076e-01	9.7626e-02	1.6168e-03	9.9632e-12	1.1494e-04	9.6211e-01	3.7759e-02	1.3372e-05	9.5362e-01	4.6341e-02	3.4240e-05	1.9202e-07	1.1755e-36	1.1755e-36	3.0665e-18	0.00e+00	0.00e+00	2.5204e+02
4.75332e+16	4.2893e+03	1.868e-17	1.2916e+04	8.6400e+02	1.1932e-08	9.4205e-01	5.7947e-02	9.0375e-01	9.4688e-02	1.5655e-03	1.0116e-11	1.1401e-04	9.6225e-01	3.7624e-02	1.3369e-05	9.5411e-01	4.5854e-02	3.4292e-05	1.9000e-07	1.1755e-36	1.1755e-36	3.1839e-18	0.00e+00	0.00e+00	2.5908e+02
4.76247e+16	4.2399e+03	1.838e-17	1.2916e+04	8.5426e+02	1.2587e-08	9.4249e-01	5.7508e-02	9.0596e-01	9.2518e-02	1.5268e-03	1.0250e-11	1.1314e-04	9.6236e-01	3.7517e-02	1.3368e-05	9.5449e-01	4.5478e-02	3.4362e-05	1.8846e-07	1.1755e-36	1.1755e-36	3.2911e-18	0.00e+00	0.00e+00	2.6610e+02
4.77160e+16	4.2095e+03	1.814e-17	1.2916e+04	8.4752e+02	1.2995e-08	9.4285e-01	5.7153e-02	9.0766e-01	9.0848e-02	1.4953e-03	1.0332e-11	1.1254e-04	9.6245e-01	3.7427e-02	1.3359e-05	9.5479e-01	4.5178e-02	3.4383e-05	1.8718e-07	1.1755e-36	1.1755e-36	3.3556e-18	0.00e+00	0.00e+00	2.7312e+02
4.78210e+16	4.1607e+03	1.789e-17	1.2916e+04	8.3960e+02	1.3668e-08	9.4331e-01	5.6690e-02	9.0928e-01	8.9257e-02	1.4615e-03	1.0463e-11	1.1197e-04	9.6285e-01	3.7024e-02	1.3353e-05	9.5518e-01	4.4783e-02	3.4460e-05	1.8555e-07	1.1755e-36	1.1755e-36	3.4642e-18	0.00e+00	0.00e+00	2.8225e+02
4.79575e+16	4.1215e+03	1.761e-17	1.2916e+04	8.3130e+02	1.4206e-08	9.4389e-01	5.6112e-02	9.1075e-01	8.7819e-02	1.4303e-03	1.0567e-11	1.1128e-04	9.6330e-01	3.6580e-02	1.3334e-05	9.5567e-01	4.4300e-02	3.4486e-05	1.8347e-07	1.1755e-36	1.1755e-36	3.5464e-18	0.00e+00	0.00e+00	2.9412e+02
4.81349e+16	4.0761e+03	1.732e-17	1.2916e+04	8.2193e+02	1.4832e-08	9.4446e-01	5.5545e-02	9.1217e-01	8.6438e-02	1.3970e-03	1.0676e-11	1.1055e-04	9.6381e-01	3.6069e-02	1.3312e-05	9.5614e-01	4.3824e-02	3.4528e-05	1.8141e-07	1.1755e-36	1.1755e-36	3.6342e-18	0.00e+00	0.00e+00	3.0957e+02
4.83655e+16	4.0217e+03	1.700e-17	1.2916e+04	8.1270e+02	1.5590e-08	9.4517e-01	5.4829e-02	9.1371e-01	8.4933e-02	1.3553e-03	1.0803e-11	1.0994e-04	9.6443e-01	3.5449e-02	1.3281e-05	9.5674e-01	4.3225e-02	3.4578e-05	1.7882e-07	1.1755e-36	1.1755e-36	3.7401e-18	0.00e+00	0.00e+00	3.2966e+02
4.86653e+16	3.9564e+03	1.663e-17	1.2916e+04	8.0068e+02	1.6481e-08	9.4592e-01	5.4081e-02	9.1527e-01	8.3423e-02	1.3109e-03	1.0926e-11	1.0909e-04	9.6511e-01	3.4769e-02	1.3242e-05	9.5737e-01	4.2593e-02	3.4649e-05	1.7607e-07	1.1755e-36	1.1755e-36	3.8429e-18	0.00e+00	0.00e+00	3.5581e+02
