#depth	Te	Htot	hden	eden	2H_2/H	HI	HII	HeI	HeII	HeIII	CO/C	C1	C2	C3	C4	O1	O2	O3	O4	O5	O6	H2O/O	AV(point)	AV(extend)	Tau912
2.54777e+12	1.1016e+04	1.336e-16	4.6416e+03	5.2344e+03	8.9359e-15	7.6977e-03	9.9230e-01	3.7495e-03	4.4834e-01	5.4791e-01	1.2533e-16	3.3060e-04	1.2050e-01	7.9520e-01	8.0994e-02	1.1406e-03	1.3277e-01	7.1045e-01	1.5190e-01	3.7355e-03	1.1603e-05	1.8470e-24	0.00e+00	0.00e+00	1.1493e-03
1.52866e+13	1.1005e+04	1.333e-16	4.6416e+03	5.2280e+03	8.9338e-15	7.6764e-03	9.9232e-01	3.7436e-03	4.4815e-01	5.4811e-01	1.2387e-16	3.2858e-04	1.2032e-01	7.9506e-01	8.1300e-02	1.1327e-03	1.3221e-01	7.1096e-01	1.5195e-01	3.7355e-03	1.1628e-05	1.8210e-24	0.00e+00	0.00e+00	5.7340e-03
6.62420e+13	1.0987e+04	1.325e-16	4.6416e+03	5.2259e+03	8.9068e-15	7.6403e-03	9.9236e-01	3.7471e-03	4.4889e-01	5.4736e-01	1.2152e-16	3.2625e-04	1.2021e-01	7.9510e-01	8.1389e-02	1.1195e-03	1.3127e-01	7.1272e-01	1.5119e-01	3.6994e-03	1.1564e-05	1.7811e-24	0.00e+00	0.00e+00	2.3986e-02
2.70063e+14	1.0923e+04	1.306e-16	4.6416e+03	5.2239e+03	8.9663e-15	7.5876e-03	9.9241e-01	3.7938e-03	4.5440e-01	5.4181e-01	1.1709e-16	3.2362e-04	1.2027e-01	7.9595e-01	8.0580e-02	1.0960e-03	1.2931e-01	7.1921e-01	1.4685e-01	3.5226e-03	1.1102e-05	1.7150e-24	0.00e+00	0.00e+00	9.6492e-02
6.45095e+14	1.0723e+04	1.246e-16	4.6416e+03	5.2248e+03	8.5569e-15	7.1817e-03	9.9282e-01	3.7816e-03	4.5597e-01	5.4025e-01	9.5757e-17	3.0833e-04	1.1914e-01	7.9552e-01	8.2137e-02	9.6258e-04	1.1994e-01	7.3022e-01	1.4549e-01	3.3677e-03	1.1118e-05	1.3408e-24	0.00e+00	0.00e+00	1.8571e-01
1.13264e+15	1.0554e+04	1.198e-16	4.6416e+03	5.2229e+03	8.3115e-15	6.8956e-03	9.9310e-01	3.8280e-03	4.6492e-01	5.3125e-01	8.1033e-17	2.9765e-04	1.1830e-01	7.9684e-01	8.1779e-02	8.7445e-04	1.1342e-01	7.4258e-01	1.4001e-01	3.1054e-03	1.0639e-05	1.1082e-24	0.00e+00	0.00e+00	2.9706e-01
1.76644e+15	1.0402e+04	1.157e-16	4.6416e+03	5.2169e+03	8.2200e-15	6.7018e-03	9.9330e-01	3.9449e-03	4.8270e-01	5.1335e-01	7.0331e-17	2.9019e-04	1.1776e-01	7.9990e-01	7.9489e-02	8.1742e-04	1.0900e-01	7.5735e-01	1.3009e-01	2.7361e-03	9.6674e-06	9.5928e-25	0.00e+00	0.00e+00	4.3776e-01
2.59038e+15	1.0269e+04	1.122e-16	4.6416e+03	5.2053e+03	8.3258e-15	6.6156e-03	9.9338e-01	4.1670e-03	5.1261e-01	4.8323e-01	6.3376e-17	2.8704e-04	1.1783e-01	8.0473e-01	7.4934e-02	7.9464e-04	1.0719e-01	7.7464e-01	1.1510e-01	2.2625e-03	8.1878e-06	8.8325e-25	0.00e+00	0.00e+00	6.1832e-01
3.66151e+15	1.0150e+04	1.093e-16	4.6416e+03	5.1894e+03	8.8017e-15	6.6938e-03	9.9331e-01	4.5648e-03	5.5989e-01	4.3554e-01	6.1218e-17	2.9124e-04	1.1913e-01	8.1108e-01	6.7719e-02	8.2127e-04	1.0922e-01	7.9365e-01	9.4597e-02	1.7017e-03	6.2426e-06	9.0031e-25	0.00e+00	0.00e+00	8.5581e-01
5.02784e+15	1.0066e+04	1.069e-16	4.6416e+03	5.1625e+03	9.8150e-15	7.0071e-03	9.9299e-01	5.1963e-03	6.2809e-01	3.6672e-01	6.5431e-17	3.0591e-04	1.2211e-01	8.1801e-01	5.8268e-02	9.2218e-04	1.1667e-01	8.1114e-01	7.0134e-02	1.1273e-03	4.1324e-06	1.0535e-24	0.00e+00	0.00e+00	1.1683e+00
6.47465e+15	1.0007e+04	1.051e-16	4.6416e+03	5.1266e+03	1.1397e-14	7.5239e-03	9.9248e-01	5.9473e-03	7.0400e-01	2.9005e-01	7.5435e-17	3.2731e-04	1.2590e-01	8.2360e-01	4.9230e-02	1.0917e-03	1.2801e-01	8.2144e-01	4.8759e-02	6.9953e-04	2.5262e-06	1.3547e-24	0.00e+00	0.00e+00	1.4707e+00
7.62518e+15	9.9902e+03	1.045e-16	4.6416e+03	5.0989e+03	1.3277e-14	8.1452e-03	9.9185e-01	6.5861e-03	7.6167e-01	2.3174e-01	9.1181e-17	3.5117e-04	1.2967e-01	8.2640e-01	4.2856e-02	1.3025e-03	1.4045e-01	8.2251e-01	3.5273e-02	4.6658e-04	1.6331e-06	1.8057e-24	0.00e+00	0.00e+00	1.6925e+00
8.42137e+15	9.9904e+03	1.045e-16	4.6416e+03	5.0805e+03	1.5174e-14	8.7343e-03	9.9127e-01	7.0481e-03	7.9681e-01	1.9614e-01	1.1005e-16	3.7344e-04	1.3301e-01	8.2716e-01	3.8850e-02	1.5127e-03	1.5156e-01	8.1879e-01	2.7784e-02	3.5017e-04	1.1813e-06	2.3438e-24	0.00e+00	0.00e+00	1.8622e+00
9.05798e+15	1.0006e+04	1.047e-16	4.6416e+03	5.0672e+03	1.7071e-14	9.3055e-03	9.9069e-01	7.4295e-03	8.2146e-01	1.7112e-01	1.3204e-16	3.9492e-04	1.3615e-01	8.2706e-01	3.5866e-02	1.7292e-03	1.6209e-01	8.1312e-01	2.2784e-02	2.7799e-04	9.0158e-07	2.9873e-24	0.00e+00	0.00e+00	2.0286e+00
9.75956e+15	1.0004e+04	1.054e-16	4.6416e+03	5.0559e+03	1.9934e-14	1.0058e-02	9.8994e-01	7.8569e-03	8.4576e-01	1.4638e-01	1.6487e-16	4.2096e-04	1.3983e-01	8.2658e-01	3.2723e-02	2.0125e-03	1.7389e-01	8.0572e-01	1.8165e-02	2.1522e-04	6.6095e-07	4.0043e-24	0.00e+00	0.00e+00	2.2623e+00
1.05388e+16	1.0037e+04	1.060e-16	4.6416e+03	5.0410e+03	2.3617e-14	1.1026e-02	9.8897e-01	8.3776e-03	8.6792e-01	1.2370e-01	2.2013e-16	4.5856e-04	1.4516e-01	8.2445e-01	2.9553e-02	2.4485e-03	1.9202e-01	7.9129e-01	1.4081e-02	1.6464e-04	4.6800e-07	5.7519e-24	0.00e+00	0.00e+00	2.5096e+00
1.12091e+16	1.0064e+04	1.073e-16	4.6416e+03	5.0297e+03	2.7615e-14	1.1997e-02	9.8800e-01	8.7947e-03	8.8371e-01	1.0749e-01	2.8290e-16	4.9066e-04	1.4943e-01	8.2269e-01	2.7057e-02	2.8927e-03	2.0766e-01	7.7798e-01	1.1340e-02	1.3312e-04	3.4885e-07	7.9171e-24	0.00e+00	0.00e+00	2.7118e+00
1.17650e+16	1.0110e+04	1.083e-16	4.6416e+03	5.0204e+03	3.1405e-14	1.2909e-02	9.8709e-01	9.1525e-03	8.9494e-01	9.5907e-02	3.5320e-16	5.2021e-04	1.5328e-01	8.2082e-01	2.5090e-02	3.3422e-03	2.2217e-01	7.6494e-01	9.4358e-03	1.1245e-04	2.7232e-07	1.0482e-23	0.00e+00	0.00e+00	2.9147e+00
1.23817e+16	1.0144e+04	1.099e-16	4.6416e+03	5.0123e+03	3.6893e-14	1.4065e-02	9.8593e-01	9.5589e-03	9.0607e-01	8.4371e-02	4.5779e-16	5.5496e-04	1.5777e-01	8.1846e-01	2.2959e-02	3.9278e-03	2.3865e-01	7.4968e-01	7.6516e-03	9.3878e-05	2.0551e-07	1.4570e-23	0.00e+00	0.00e+00	3.2021e+00
1.31836e+16	1.0214e+04	1.119e-16	4.6416e+03	4.9965e+03	4.5515e-14	1.5823e-02	9.8418e-01	1.0190e-02	9.1784e-01	7.1970e-02	6.6296e-16	6.1118e-04	1.6501e-01	8.1383e-01	2.0327e-02	4.9514e-03	2.6579e-01	7.2341e-01	5.7784e-03	7.5521e-05	1.4166e-07	2.2956e-23	0.00e+00	0.00e+00	3.6223e+00
1.39515e+16	1.0297e+04	1.147e-16	4.6416e+03	4.9842e+03	5.6206e-14	1.7857e-02	9.8214e-01	1.0766e-02	9.2639e-01	6.2839e-02	9.5492e-16	6.6622e-04	1.7189e-01	8.0926e-01	1.7996e-02	6.2148e-03	2.9385e-01	6.9544e-01	4.4320e-03	6.2983e-05	1.1755e-36	3.6206e-23	0.00e+00	0.00e+00	3.9517e+00
1.45024e+16	1.0349e+04	1.172e-16	4.6416e+03	4.9755e+03	6.6666e-14	1.9598e-02	9.8040e-01	1.1220e-02	9.3157e-01	5.7206e-02	1.2679e-15	7.1017e-04	1.7742e-01	8.0534e-01	1.6362e-02	7.3710e-03	3.1610e-01	6.7284e-01	3.6365e-03	5.5653e-05	1.1755e-36	5.1663e-23	0.00e+00	0.00e+00	4.2230e+00
1.49531e+16	1.0408e+04	1.190e-16	4.6416e+03	4.9659e+03	7.6385e-14	2.1190e-02	9.7881e-01	1.1639e-02	9.3528e-01	5.3082e-02	1.6108e-15	7.5057e-04	1.8250e-01	8.0153e-01	1.5074e-02	8.5183e-03	3.3647e-01	6.5189e-01	3.0734e-03	5.0453e-05	1.1755e-36	6.9393e-23	0.00e+00	0.00e+00	4.4893e+00
1.54463e+16	1.0457e+04	1.212e-16	4.6416e+03	4.9563e+03	8.9928e-14	2.3165e-02	9.7683e-01	1.2162e-02	9.3906e-01	4.8777e-02	2.1233e-15	7.9987e-04	1.8875e-01	7.9663e-01	1.3686e-02	1.0020e-02	3.6030e-01	6.2710e-01	2.5326e-03	4.5329e-05	1.1755e-36	9.7365e-23	0.00e+00	0.00e+00	4.8678e+00
1.60876e+16	1.0545e+04	1.239e-16	4.6416e+03	4.9377e+03	1.1074e-13	2.6094e-02	9.7391e-01	1.2926e-02	9.4312e-01	4.3953e-02	3.0607e-15	8.7002e-04	1.9767e-01	7.8935e-01	1.1993e-02	1.2436e-02	3.9435e-01	5.9122e-01	1.9527e-03	3.9626e-05	1.1755e-36	1.5175e-22	0.00e+00	0.00e+00	5.4221e+00
1.67446e+16	1.0598e+04	1.276e-16	4.6416e+03	4.9206e+03	1.4227e-13	2.9801e-02	9.7020e-01	1.3802e-02	9.4636e-01	3.9841e-02	4.5795e-15	9.5006e-04	2.0794e-01	7.8066e-01	1.0343e-02	1.5674e-02	4.3195e-01	5.5086e-01	1.4806e-03	3.4500e-05	1.1755e-36	2.4851e-22	0.00e+00	0.00e+00	5.9366e+00
1.72654e+16	1.0651e+04	1.306e-16	4.6416e+03	4.9059e+03	1.7542e-13	3.3294e-02	9.6671e-01	1.4611e-02	9.4836e-01	3.7025e-02	6.4311e-15	1.0208e-03	2.1726e-01	7.7252e-01	9.1080e-03	1.8964e-02	4.6472e-01	5.1512e-01	1.1727e-03	3.0750e-05	1.1755e-36	3.7707e-22	0.00e+00	0.00e+00	6.3781e+00
1.77073e+16	1.0702e+04	1.330e-16	4.6416e+03	4.8888e+03	2.1002e-13	3.6700e-02	9.6330e-01	1.5389e-02	9.4980e-01	3.4811e-02	8.6228e-15	1.0868e-03	2.2604e-01	7.6468e-01	8.1159e-03	2.2348e-02	4.9378e-01	4.8289e-01	9.5135e-04	2.7764e-05	1.1755e-36	5.3816e-22	0.00e+00	0.00e+00	6.8419e+00
1.82032e+16	1.0744e+04	1.358e-16	4.6416e+03	4.8684e+03	2.6097e-13	4.1161e-02	9.5884e-01	1.6419e-02	9.5120e-01	3.2386e-02	1.2155e-14	1.1712e-03	2.3723e-01	7.5447e-01	7.0535e-03	2.6979e-02	5.2750e-01	4.4476e-01	7.4018e-04	2.4538e-05	1.1755e-36	8.1353e-22	0.00e+00	0.00e+00	7.5180e+00
1.87540e+16	1.0781e+04	1.391e-16	4.6416e+03	4.8428e+03	3.3903e-13	4.7071e-02	9.5293e-01	1.7735e-02	9.5220e-01	3.0061e-02	1.8131e-14	1.2736e-03	2.5117e-01	7.4152e-01	5.9687e-03	3.3409e-02	5.6591e-01	4.0011e-01	5.5156e-04	2.1126e-05	1.1755e-36	1.3205e-21	0.00e+00	0.00e+00	8.2644e+00
1.92515e+16	1.0811e+04	1.421e-16	4.6416e+03	4.8124e+03	4.3698e-13	5.3559e-02	9.4644e-01	1.9146e-02	9.5264e-01	2.8217e-02	2.6500e-14	1.3766e-03	2.6560e-01	7.2791e-01	5.0622e-03	4.0782e-02	6.0126e-01	3.5753e-01	4.1401e-04	1.8151e-05	1.1755e-36	2.0903e-21	0.00e+00	0.00e+00	8.9770e+00
1.96843e+16	1.0830e+04	1.446e-16	4.6416e+03	4.7796e+03	5.5346e-13	6.0274e-02	9.3973e-01	2.0591e-02	9.5268e-01	2.6727e-02	3.7377e-14	1.4753e-03	2.7980e-01	7.1435e-01	4.3342e-03	4.8660e-02	6.3138e-01	3.1962e-01	3.1667e-04	1.5669e-05	1.1755e-36	3.1675e-21	0.00e+00	0.00e+00	9.7037e+00
2.01574e+16	1.0843e+04	1.470e-16	4.6416e+03	4.7330e+03	7.2357e-13	6.8826e-02	9.3117e-01	2.2429e-02	9.5242e-01	2.5153e-02	5.4738e-14	1.5903e-03	2.9704e-01	6.9772e-01	3.6138e-03	5.8962e-02	6.6214e-01	2.7866e-01	2.3181e-04	1.3138e-05	1.1755e-36	5.0099e-21	0.00e+00	0.00e+00	1.0783e+01
2.06413e+16	1.0848e+04	1.495e-16	4.6416e+03	4.6775e+03	9.7727e-13	7.9619e-02	9.2038e-01	2.4673e-02	9.5155e-01	2.3782e-02	8.2780e-14	1.7213e-03	3.1708e-01	6.7821e-01	2.9522e-03	7.2205e-02	6.9097e-01	2.3665e-01	1.6426e-04	1.0681e-05	1.1755e-36	8.2770e-21	0.00e+00	0.00e+00	1.1793e+01
2.10125e+16	1.0843e+04	1.513e-16	4.6416e+03	4.6281e+03	1.2559e-12	8.9740e-02	9.1026e-01	2.6762e-02	9.5042e-01	2.2822e-02	1.1587e-13	1.8333e-03	3.3483e-01	6.6082e-01	2.4889e-03	8.4772e-02	7.1038e-01	2.0471e-01	1.2318e-04	8.9003e-06	1.1755e-36	1.2457e-20	0.00e+00	0.00e+00	1.2607e+01
2.13000e+16	1.0826e+04	1.527e-16	4.6416e+03	4.5916e+03	1.5483e-12	9.8845e-02	9.0115e-01	2.8656e-02	9.4927e-01	2.2079e-02	1.5235e-13	1.9309e-03	3.5024e-01	6.4564e-01	2.1585e-03	9.6110e-02	7.2277e-01	1.8101e-01	9.7259e-05	7.6161e-06	1.1755e-36	1.7407e-20	0.00e+00	0.00e+00	1.3376e+01
2.16054e+16	1.0811e+04	1.535e-16	4.6416e+03	4.5384e+03	1.9261e-12	1.0945e-01	8.9055e-01	3.0886e-02	9.4781e-01	2.1307e-02	2.0215e-13	2.0326e-03	3.6750e-01	6.2861e-01	1.8449e-03	1.0938e-01	7.3299e-01	1.5755e-01	7.5122e-05	6.4030e-06	1.1755e-36	2.4500e-20	0.00e+00	0.00e+00	1.4483e+01
2.19403e+16	1.0783e+04	1.543e-16	4.6416e+03	4.4768e+03	2.4927e-12	1.2306e-01	8.7694e-01	3.3724e-02	9.4574e-01	2.0539e-02	2.7983e-13	2.1525e-03	3.8827e-01	6.0802e-01	1.5359e-03	1.2637e-01	7.4041e-01	1.3316e-01	5.5720e-05	5.1864e-06	1.1755e-36	3.6465e-20	0.00e+00	0.00e+00	1.5654e+01
2.22314e+16	1.0756e+04	1.545e-16	4.6416e+03	4.4114e+03	3.1503e-12	1.3674e-01	8.6326e-01	3.6587e-02	9.4346e-01	1.9949e-02	3.7383e-13	2.2592e-03	4.0799e-01	5.8844e-01	1.2964e-03	1.4340e-01	7.4324e-01	1.1332e-01	4.2397e-05	4.2421e-06	1.1755e-36	5.2004e-20	0.00e+00	0.00e+00	1.6686e+01
2.24715e+16	1.0723e+04	1.545e-16	4.6416e+03	4.3577e+03	3.8636e-12	1.4950e-01	8.5050e-01	3.9330e-02	9.4121e-01	1.9459e-02	4.7930e-13	2.3557e-03	4.2582e-01	5.7070e-01	1.1173e-03	1.5917e-01	7.4256e-01	9.8227e-02	3.3541e-05	3.5468e-06	1.1755e-36	7.0690e-20	0.00e+00	0.00e+00	1.7662e+01
2.26942e+16	1.0693e+04	1.538e-16	4.6416e+03	4.2983e+03	4.6643e-12	1.6230e-01	8.3770e-01	4.2139e-02	9.3883e-01	1.9032e-02	6.0094e-13	2.4419e-03	4.4308e-01	5.5349e-01	9.6896e-04	1.7492e-01	7.3958e-01	8.5475e-02	2.6906e-05	2.9834e-06	1.1755e-36	9.3314e-20	0.00e+00	0.00e+00	1.8720e+01
2.29501e+16	1.0655e+04	1.522e-16	4.6416e+03	4.2111e+03	5.7656e-12	1.7784e-01	8.2216e-01	4.5622e-02	9.3580e-01	1.8577e-02	7.7000e-13	2.5288e-03	4.6319e-01	5.3345e-01	8.2018e-04	1.9393e-01	7.3355e-01	7.2500e-02	2.0909e-05	2.4369e-06	1.1755e-36	1.2618e-19	0.00e+00	0.00e+00	2.0228e+01
2.32256e+16	1.0608e+04	1.503e-16	4.6416e+03	4.1195e+03	7.3619e-12	1.9722e-01	8.0278e-01	5.0003e-02	9.3186e-01	1.8132e-02	1.0222e-12	2.6296e-03	4.8677e-01	5.0991e-01	6.7740e-04	2.1734e-01	7.2295e-01	5.9688e-02	1.5731e-05	1.9156e-06	1.1755e-36	1.7920e-19	0.00e+00	0.00e+00	2.1741e+01
2.34588e+16	1.0558e+04	1.482e-16	4.6416e+03	4.0370e+03	9.1285e-12	2.1565e-01	7.8435e-01	5.4339e-02	9.2787e-01	1.7787e-02	1.3068e-12	2.7162e-03	5.0836e-01	4.8835e-01	5.7059e-04	2.3934e-01	7.1068e-01	4.9969e-02	1.2276e-05	1.5375e-06	1.1755e-36	2.4306e-19	0.00e+00	0.00e+00	2.3034e+01
2.36522e+16	1.0525e+04	1.454e-16	4.6416e+03	3.9544e+03	1.0837e-11	2.3135e-01	7.6865e-01	5.8209e-02	9.2425e-01	1.7544e-02	1.5861e-12	2.7769e-03	5.2633e-01	4.7039e-01	4.9429e-04	2.5794e-01	6.9907e-01	4.2979e-02	1.0042e-05	1.2792e-06	1.1755e-36	3.0902e-19	0.00e+00	0.00e+00	2.4269e+01
2.38617e+16	1.0467e+04	1.424e-16	4.6416e+03	3.8681e+03	1.3156e-11	2.4970e-01	7.5030e-01	6.2963e-02	9.1981e-01	1.7230e-02	1.9630e-12	2.8461e-03	5.4685e-01	4.4987e-01	4.1960e-04	2.7943e-01	6.8426e-01	3.6307e-02	8.0727e-06	1.0403e-06	1.1755e-36	4.0243e-19	0.00e+00	0.00e+00	2.6002e+01
2.40967e+16	1.0405e+04	1.383e-16	4.6416e+03	3.7624e+03	1.6394e-11	2.7222e-01	7.2778e-01	6.8888e-02	9.1416e-01	1.6950e-02	2.4962e-12	2.9134e-03	5.7042e-01	4.2631e-01	3.4706e-04	3.0544e-01	6.6487e-01	2.9675e-02	6.3016e-06	8.1326e-07	1.1755e-36	5.4353e-19	0.00e+00	0.00e+00	2.7864e+01
2.43132e+16	1.0341e+04	1.341e-16	4.6416e+03	3.6616e+03	2.0178e-11	2.9491e-01	7.0509e-01	7.5180e-02	9.0811e-01	1.6714e-02	3.1238e-12	2.9711e-03	5.9323e-01	4.0351e-01	2.8887e-04	3.3129e-01	6.4436e-01	2.4346e-02	5.0063e-06	6.3911e-07	1.1755e-36	7.2031e-19	0.00e+00	0.00e+00	2.9589e+01
2.45039e+16	1.0296e+04	1.295e-16	4.6416e+03	3.5566e+03	2.4011e-11	3.1494e-01	6.8506e-01	8.1081e-02	9.0235e-01	1.6571e-02	3.7592e-12	3.0025e-03	6.1287e-01	3.8387e-01	2.4568e-04	3.5386e-01	6.2574e-01	2.0390e-02	4.1242e-06	5.1681e-07	1.1755e-36	9.0893e-19	0.00e+00	0.00e+00	3.1267e+01
2.47129e+16	1.0223e+04	1.242e-16	4.6416e+03	3.4445e+03	2.9252e-11	3.3811e-01	6.6189e-01	8.8374e-02	8.9527e-01	1.6357e-02	4.6093e-12	3.0361e-03	6.3500e-01	3.6175e-01	2.0401e-04	3.7963e-01	6.0366e-01	1.6704e-02	3.3479e-06	4.0703e-07	1.1755e-36	1.1743e-18	0.00e+00	0.00e+00	3.3608e+01
2.49475e+16	1.0146e+04	1.178e-16	4.6416e+03	3.3095e+03	3.6561e-11	3.6630e-01	6.3370e-01	9.7462e-02	8.8635e-01	1.6188e-02	5.7947e-12	3.0549e-03	6.5986e-01	3.3692e-01	1.6458e-04	4.1048e-01	5.7635e-01	1.3160e-02	2.6495e-06	3.0635e-07	1.1755e-36	1.5704e-18	0.00e+00	0.00e+00	3.6107e+01
2.51646e+16	1.0064e+04	1.115e-16	4.6416e+03	3.1797e+03	4.5118e-11	3.9399e-01	6.0601e-01	1.0711e-01	8.7682e-01	1.6065e-02	7.1618e-12	3.0616e-03	6.8332e-01	3.1348e-01	1.3386e-04	4.4032e-01	5.4925e-01	1.0426e-02	2.1411e-06	2.3255e-07	1.1755e-36	2.0574e-18	0.00e+00	0.00e+00	3.8434e+01
2.53605e+16	9.9979e+03	1.052e-16	4.6416e+03	3.0565e+03	5.4067e-11	4.1892e-01	5.8108e-01	1.1664e-01	8.6737e-01	1.5985e-02	8.5825e-12	3.0516e-03	7.0406e-01	2.9277e-01	1.1081e-04	4.6682e-01	5.2476e-01	8.4150e-03	1.7846e-06	1.8098e-07	1.1755e-36	2.5906e-18	0.00e+00	0.00e+00	4.0769e+01
2.55500e+16	9.9082e+03	9.923e-17	4.6416e+03	2.9418e+03	6.5019e-11	4.4459e-01	5.5541e-01	1.2721e-01	8.5692e-01	1.5872e-02	1.0270e-11	3.0413e-03	7.2452e-01	2.7235e-01	9.1558e-05	4.9371e-01	4.9951e-01	6.7786e-03	1.4987e-06	1.4058e-07	1.1755e-36	3.2588e-18	0.00e+00	0.00e+00	4.3229e+01
2.57411e+16	9.8391e+03	9.273e-17	4.6416e+03	2.8121e+03	7.7293e-11	4.6981e-01	5.3019e-01	1.3828e-01	8.4587e-01	1.5854e-02	1.2130e-11	3.0026e-03	7.4380e-01	2.5312e-01	7.5651e-05	5.1980e-01	4.7477e-01	5.4345e-03	1.2702e-06	1.1755e-36	1.1755e-36	4.0311e-18	0.00e+00	0.00e+00	4.5895e+01
2.59219e+16	9.7488e+03	8.678e-17	4.6416e+03	2.6956e+03	9.2089e-11	4.9557e-01	5.0443e-01	1.5035e-01	8.3385e-01	1.5794e-02	1.4312e-11	2.9675e-03	7.6241e-01	2.3456e-01	6.2713e-05	5.4606e-01	4.4958e-01	4.3580e-03	1.0844e-06	1.1755e-36	1.1755e-36	4.9895e-18	0.00e+00	0.00e+00	4.8333e+01
2.60835e+16	9.6866e+03	8.120e-17	4.6416e+03	2.5836e+03	1.0622e-10	5.1725e-01	4.8275e-01	1.6157e-01	8.2263e-01	1.5802e-02	1.6358e-11	2.9163e-03	7.7799e-01	2.1904e-01	5.3161e-05	5.6791e-01	4.2851e-01	3.5783e-03	9.5158e-07	1.1755e-36	1.1755e-36	5.9178e-18	0.00e+00	0.00e+00	5.0689e+01
2.62329e+16	9.6109e+03	7.624e-17	4.6416e+03	2.4853e+03	1.2191e-10	5.3805e-01	4.6195e-01	1.7318e-01	8.1104e-01	1.5777e-02	1.8558e-11	2.8709e-03	7.9241e-01	2.0467e-01	4.5463e-05	5.8865e-01	4.0839e-01	2.9654e-03	8.4381e-07	1.1755e-36	1.1755e-36	6.9534e-18	0.00e+00	0.00e+00	5.2949e+01
2.63494e+16	9.5609e+03	7.236e-17	4.6416e+03	2.4053e+03	1.3509e-10	5.5389e-01	4.4611e-01	1.8253e-01	8.0167e-01	1.5800e-02	2.0380e-11	2.8254e-03	8.0305e-01	1.9408e-01	4.0391e-05	6.0429e-01	3.9315e-01	2.5571e-03	7.7117e-07	1.1755e-36	1.1755e-36	7.8400e-18	0.00e+00	0.00e+00	5.4403e+01
2.64303e+16	9.5178e+03	6.972e-17	4.6416e+03	2.3541e+03	1.4476e-10	5.6405e-01	4.3595e-01	1.8966e-01	7.9456e-01	1.5780e-02	2.1659e-11	2.7980e-03	8.1050e-01	1.8666e-01	3.7181e-05	6.1428e-01	3.8340e-01	2.3134e-03	7.2797e-07	1.1755e-36	1.1755e-36	8.4509e-18	0.00e+00	0.00e+00	5.5598e+01
2.65112e+16	9.4733e+03	6.712e-17	4.6416e+03	2.3043e+03	1.5526e-10	5.7436e-01	4.2564e-01	1.9712e-01	7.8715e-01	1.5730e-02	2.3044e-11	2.7709e-03	8.1789e-01	1.7930e-01	3.4138e-05	6.2436e-01	3.7355e-01	2.0898e-03	6.8714e-07	1.1755e-36	1.1755e-36	9.1288e-18	0.00e+00	0.00e+00	5.7105e+01
2.66103e+16	9.4134e+03	6.402e-17	4.6416e+03	2.2411e+03	1.7002e-10	5.8786e-01	4.1214e-01	2.0652e-01	7.7780e-01	1.5682e-02	2.4936e-11	2.7329e-03	8.2665e-01	1.7058e-01	3.0726e-05	6.3747e-01	3.6069e-01	1.8361e-03	6.3828e-07	1.1755e-36	1.1755e-36	1.0087e-17	0.00e+00	0.00e+00	5.8978e+01
2.67151e+16	9.3634e+03	6.076e-17	4.6416e+03	2.1695e+03	1.8643e-10	6.0225e-01	3.9775e-01	2.1635e-01	7.6796e-01	1.5696e-02	2.7040e-11	2.6814e-03	8.3525e-01	1.6204e-01	2.7584e-05	6.5134e-01	3.4706e-01	1.5964e-03	5.9043e-07	1.1755e-36	1.1755e-36	1.1192e-17	0.00e+00	0.00e+00	6.0757e+01
2.68089e+16	9.3213e+03	5.789e-17	4.6416e+03	2.1049e+03	2.0173e-10	6.1451e-01	3.8549e-01	2.2539e-01	7.5888e-01	1.5725e-02	2.8945e-11	2.6314e-03	8.4262e-01	1.5472e-01	2.5102e-05	6.6309e-01	3.3550e-01	1.4097e-03	5.5250e-07	1.1755e-36	1.1755e-36	1.2197e-17	0.00e+00	0.00e+00	6.2321e+01
2.68956e+16	9.2685e+03	5.536e-17	4.6416e+03	2.0509e+03	2.1771e-10	6.2596e-01	3.7404e-01	2.3474e-01	7.4956e-01	1.5700e-02	3.0877e-11	2.5921e-03	8.4961e-01	1.4778e-01	2.2960e-05	6.7400e-01	3.2475e-01	1.2549e-03	5.1961e-07	1.1755e-36	1.1755e-36	1.3219e-17	0.00e+00	0.00e+00	6.3910e+01
2.69846e+16	9.2193e+03	5.278e-17	4.6416e+03	1.9934e+03	2.3514e-10	6.3741e-01	3.6259e-01	2.4432e-01	7.4000e-01	1.5682e-02	3.2941e-11	2.5469e-03	8.5640e-01	1.4103e-01	2.0988e-05	6.8485e-01	3.1404e-01	1.1132e-03	4.8861e-07	1.1755e-36	1.1755e-36	1.4337e-17	0.00e+00	0.00e+00	6.5615e+01
2.70777e+16	9.1669e+03	5.015e-17	4.6416e+03	1.9325e+03	2.5487e-10	6.4941e-01	3.5059e-01	2.5457e-01	7.2975e-01	1.5679e-02	3.5203e-11	2.4956e-03	8.6321e-01	1.3427e-01	1.9134e-05	6.9615e-01	3.0287e-01	9.8057e-04	4.5818e-07	1.1755e-36	1.1755e-36	1.5578e-17	0.00e+00	0.00e+00	6.7422e+01
2.71718e+16	9.1121e+03	4.760e-17	4.6416e+03	1.8729e+03	2.7655e-10	6.6167e-01	3.3833e-01	2.6547e-01	7.1886e-01	1.5666e-02	3.7665e-11	2.4448e-03	8.6992e-01	1.2762e-01	1.7445e-05	7.0763e-01	2.9151e-01	8.6068e-04	4.2911e-07	1.1755e-36	1.1755e-36	1.6956e-17	0.00e+00	0.00e+00	6.9230e+01
2.72625e+16	9.0662e+03	4.519e-17	4.6416e+03	1.8143e+03	2.9785e-10	6.7282e-01	3.2718e-01	2.7596e-01	7.0836e-01	1.5676e-02	4.0022e-11	2.3910e-03	8.7598e-01	1.2161e-01	1.6011e-05	7.1801e-01	2.8123e-01	7.5994e-04	4.0400e-07	1.1755e-36	1.1755e-36	1.8275e-17	0.00e+00	0.00e+00	7.0969e+01
2.73516e+16	9.0039e+03	4.294e-17	4.6416e+03	1.7608e+03	3.2242e-10	6.8399e-01	3.1601e-01	2.8728e-01	6.9709e-01	1.5632e-02	4.2594e-11	2.3436e-03	8.8200e-01	1.1564e-01	1.4712e-05	7.2837e-01	2.7096e-01	6.7127e-04	3.8038e-07	1.1755e-36	1.1755e-36	1.9723e-17	0.00e+00	0.00e+00	7.2774e+01
2.74417e+16	8.9591e+03	4.070e-17	4.6416e+03	1.7044e+03	3.4620e-10	6.9452e-01	3.0548e-01	2.9838e-01	6.8599e-01	1.5639e-02	4.5102e-11	2.2887e-03	8.8757e-01	1.1012e-01	1.3562e-05	7.3808e-01	2.6132e-01	5.9284e-04	3.5900e-07	1.1755e-36	1.1755e-36	2.1137e-17	0.00e+00	0.00e+00	7.4610e+01
2.75338e+16	8.8959e+03	3.852e-17	4.6416e+03	1.6490e+03	3.7496e-10	7.0549e-01	2.9451e-01	3.1047e-01	6.7393e-01	1.5605e-02	4.7901e-11	2.2352e-03	8.9320e-01	1.0455e-01	1.2492e-05	7.4815e-01	2.5133e-01	5.2135e-04	3.3801e-07	1.1755e-36	1.1755e-36	2.2716e-17	0.00e+00	0.00e+00	7.6553e+01
2.76269e+16	8.8350e+03	3.641e-17	4.6416e+03	1.5947e+03	4.0583e-10	7.1652e-01	2.8348e-01	3.2307e-01	6.6137e-01	1.5564e-02	5.0908e-11	2.1816e-03	8.9865e-01	9.9158e-02	1.1527e-05	7.5821e-01	2.4133e-01	4.5721e-04	3.1793e-07	1.1755e-36	1.1755e-36	2.4448e-17	0.00e+00	0.00e+00	7.8491e+01
2.77173e+16	8.7779e+03	3.444e-17	4.6416e+03	1.5423e+03	4.3709e-10	7.2663e-01	2.7337e-01	3.3542e-01	6.4904e-01	1.5533e-02	5.3814e-11	2.1276e-03	9.0363e-01	9.4236e-02	1.0701e-05	7.6741e-01	2.3219e-01	4.0316e-04	3.0028e-07	1.1755e-36	1.1755e-36	2.6094e-17	0.00e+00	0.00e+00	8.0372e+01
2.78064e+16	8.7227e+03	3.258e-17	4.6416e+03	1.4918e+03	4.6942e-10	7.3612e-01	2.6388e-01	3.4787e-01	6.3665e-01	1.5488e-02	5.6719e-11	2.0743e-03	9.0832e-01	8.9600e-02	9.9728e-06	7.7599e-01	2.2365e-01	3.5649e-04	2.8437e-07	1.1755e-36	1.1755e-36	2.7721e-17	0.00e+00	0.00e+00	8.2312e+01
2.78990e+16	8.6507e+03	3.075e-17	4.6416e+03	1.4418e+03	5.0887e-10	7.4626e-01	2.5374e-01	3.6166e-01	6.2294e-01	1.5401e-02	6.0054e-11	2.0222e-03	9.1311e-01	8.4862e-02	9.2835e-06	7.8512e-01	2.1457e-01	3.1304e-04	2.6817e-07	1.1755e-36	1.1755e-36	2.9603e-17	0.00e+00	0.00e+00	8.4397e+01
2.79930e+16	8.5961e+03	2.895e-17	4.6416e+03	1.3895e+03	5.4716e-10	7.5580e-01	2.4420e-01	3.7501e-01	6.0962e-01	1.5373e-02	6.3265e-11	1.9636e-03	9.1748e-01	8.0545e-02	8.6809e-06	7.9367e-01	2.0605e-01	2.7494e-04	2.5340e-07	1.1755e-36	1.1755e-36	3.1386e-17	0.00e+00	0.00e+00	8.6449e+01
2.80859e+16	8.5259e+03	2.728e-17	4.6416e+03	1.3408e+03	5.9147e-10	7.6510e-01	2.3490e-01	3.8906e-01	5.9565e-01	1.5292e-02	6.6651e-11	1.9094e-03	9.2172e-01	7.6364e-02	8.1447e-06	8.0198e-01	1.9778e-01	2.4196e-04	2.3961e-07	1.1755e-36	1.1755e-36	3.3226e-17	0.00e+00	0.00e+00	8.8536e+01
2.81792e+16	8.4558e+03	2.569e-17	4.6416e+03	1.2941e+03	6.3900e-10	7.7420e-01	2.2580e-01	4.0352e-01	5.8129e-01	1.5188e-02	7.0205e-11	1.8572e-03	9.2576e-01	7.2371e-02	7.6651e-06	8.1007e-01	1.8971e-01	2.1289e-04	2.2658e-07	1.1755e-36	1.1755e-36	3.5157e-17	0.00e+00	0.00e+00	9.0658e+01
2.82726e+16	8.3878e+03	2.418e-17	4.6416e+03	1.2479e+03	6.8906e-10	7.8285e-01	2.1715e-01	4.1803e-01	5.6689e-01	1.5088e-02	7.3748e-11	1.8039e-03	9.2955e-01	6.8641e-02	7.2426e-06	8.1773e-01	1.8208e-01	1.8760e-04	2.1459e-07	1.1755e-36	1.1755e-36	3.7025e-17	0.00e+00	0.00e+00	9.2801e+01
2.83671e+16	8.3158e+03	2.274e-17	4.6416e+03	1.2028e+03	7.4420e-10	7.9126e-01	2.0874e-01	4.3294e-01	5.5209e-01	1.4968e-02	7.7410e-11	1.7511e-03	9.3317e-01	6.5077e-02	6.8639e-06	8.2516e-01	1.7468e-01	1.6533e-04	2.0330e-07	1.1755e-36	1.1755e-36	3.8907e-17	0.00e+00	0.00e+00	9.5015e+01
2.84636e+16	8.2420e+03	2.135e-17	4.6416e+03	1.1582e+03	8.0472e-10	7.9956e-01	2.0044e-01	4.4829e-01	5.3687e-01	1.4836e-02	8.1231e-11	1.6980e-03	9.3663e-01	6.1666e-02	6.5223e-06	8.3245e-01	1.6740e-01	1.4550e-04	1.9249e-07	1.1755e-36	1.1755e-36	4.0832e-17	0.00e+00	0.00e+00	9.7300e+01
2.85613e+16	8.1545e+03	2.003e-17	4.6416e+03	1.1140e+03	8.7681e-10	8.0775e-01	1.9225e-01	4.6402e-01	5.2130e-01	1.4679e-02	8.5252e-11	1.6447e-03	9.3993e-01	5.8418e-02	6.2179e-06	8.3963e-01	1.6024e-01	1.2808e-04	1.8217e-07	1.1755e-36	1.1755e-36	4.2801e-17	0.00e+00	0.00e+00	9.9620e+01
2.86588e+16	8.0915e+03	1.879e-17	4.6416e+03	1.0721e+03	9.4100e-10	8.1512e-01	1.8488e-01	4.7939e-01	5.0607e-01	1.4544e-02	8.8996e-11	1.5928e-03	9.4292e-01	5.5477e-02	5.9540e-06	8.4606e-01	1.5383e-01	1.1320e-04	1.7306e-07	1.1755e-36	1.1755e-36	4.4528e-17	0.00e+00	0.00e+00	1.0194e+02
2.87569e+16	8.0026e+03	1.763e-17	4.6416e+03	1.0318e+03	1.0238e-09	8.2245e-01	1.7755e-01	4.9541e-01	4.9024e-01	1.4348e-02	9.3036e-11	1.5432e-03	9.4582e-01	5.2630e-02	5.7180e-06	8.5245e-01	1.4745e-01	1.0020e-04	1.6428e-07	1.1755e-36	1.1755e-36	4.6320e-17	0.00e+00	0.00e+00	1.0433e+02
2.88573e+16	7.9111e+03	1.652e-17	4.6416e+03	9.9209e+02	1.1160e-09	8.2964e-01	1.7036e-01	5.1175e-01	4.7411e-01	1.4138e-02	9.7191e-11	1.4936e-03	9.4857e-01	4.9932e-02	5.5063e-06	8.5869e-01	1.4122e-01	8.8673e-05	1.5589e-07	1.1755e-36	1.1755e-36	4.8082e-17	0.00e+00	0.00e+00	1.0680e+02
2.89589e+16	7.8217e+03	1.548e-17	4.6416e+03	9.5378e+02	1.2151e-09	8.3650e-01	1.6350e-01	5.2807e-01	4.5801e-01	1.3918e-02	1.0139e-10	1.4451e-03	9.5112e-01	4.7430e-02	5.3196e-06	8.6462e-01	1.3530e-01	7.8646e-05	1.4806e-07	1.1755e-36	1.1755e-36	4.9796e-17	0.00e+00	0.00e+00	1.0929e+02
2.90602e+16	7.7396e+03	1.452e-17	4.6416e+03	9.1761e+02	1.3159e-09	8.4277e-01	1.5723e-01	5.4410e-01	4.4221e-01	1.3692e-02	1.0543e-10	1.3987e-03	9.5345e-01	4.5149e-02	5.1577e-06	8.7003e-01	1.2990e-01	7.0107e-05	1.4103e-07	1.1755e-36	1.1755e-36	5.1314e-17	0.00e+00	0.00e+00	1.1178e+02
2.91621e+16	7.6377e+03	1.362e-17	4.6416e+03	8.8350e+02	1.4421e-09	8.4896e-01	1.5104e-01	5.6050e-01	4.2609e-01	1.3407e-02	1.0980e-10	1.3554e-03	9.5566e-01	4.2975e-02	5.0142e-06	8.7536e-01	1.2457e-01	6.2675e-05	1.3427e-07	1.1755e-36	1.1755e-36	5.2945e-17	0.00e+00	0.00e+00	1.1434e+02
2.92666e+16	7.5428e+03	1.277e-17	4.6416e+03	8.4930e+02	1.5740e-09	8.5467e-01	1.4533e-01	5.7663e-01	4.1022e-01	1.3144e-02	1.1384e-10	1.3105e-03	9.5771e-01	4.0979e-02	4.8873e-06	8.8027e-01	1.1967e-01	5.6191e-05	1.2813e-07	1.1755e-36	1.1755e-36	5.4192e-17	0.00e+00	0.00e+00	1.1700e+02
2.93725e+16	7.4361e+03	1.198e-17	4.6416e+03	8.1737e+02	1.7327e-09	8.6044e-01	1.3956e-01	5.9295e-01	3.9421e-01	1.2831e-02	1.1836e-10	1.2691e-03	9.5962e-01	3.9103e-02	4.7745e-06	8.8521e-01	1.1474e-01	5.0478e-05	1.2206e-07	1.1755e-36	1.1755e-36	5.5736e-17	0.00e+00	0.00e+00	1.1966e+02
2.94794e+16	7.3291e+03	1.125e-17	4.6416e+03	7.8655e+02	1.9072e-09	8.6563e-01	1.3437e-01	6.0891e-01	3.7857e-01	1.2516e-02	1.2256e-10	1.2286e-03	9.6138e-01	3.7390e-02	4.6770e-06	8.8966e-01	1.1030e-01	4.5622e-05	1.1755e-36	1.1755e-36	1.1755e-36	5.6910e-17	0.00e+00	0.00e+00	1.2241e+02
2.95887e+16	7.2191e+03	1.056e-17	4.6416e+03	7.5708e+02	2.1061e-09	8.7064e-01	1.2936e-01	6.2475e-01	3.6307e-01	1.2183e-02	1.2687e-10	1.1896e-03	9.6300e-01	3.5802e-02	4.5905e-06	8.9394e-01	1.0602e-01	4.1361e-05	1.1755e-36	1.1755e-36	1.1755e-36	5.8093e-17	0.00e+00	0.00e+00	1.2522e+02
2.97006e+16	7.1057e+03	9.915e-18	4.6416e+03	7.2889e+02	2.3340e-09	8.7542e-01	1.2458e-01	6.4042e-01	3.4775e-01	1.1832e-02	1.3123e-10	1.1520e-03	9.6451e-01	3.4331e-02	4.5140e-06	8.9801e-01	1.0195e-01	3.7641e-05	1.1755e-36	1.1755e-36	1.1755e-36	5.9234e-17	0.00e+00	0.00e+00	1.2813e+02
2.98159e+16	6.9880e+03	9.312e-18	4.6416e+03	7.0161e+02	2.5984e-09	8.7996e-01	1.2004e-01	6.5587e-01	3.3266e-01	1.1470e-02	1.3559e-10	1.1154e-03	9.6591e-01	3.2975e-02	4.4468e-06	9.0187e-01	9.8094e-02	3.4391e-05	1.1755e-36	1.1755e-36	1.1755e-36	6.0299e-17	0.00e+00	0.00e+00	1.3116e+02
2.99350e+16	6.8611e+03	8.749e-18	4.6416e+03	6.7496e+02	2.9170e-09	8.8425e-01	1.1575e-01	6.7095e-01	3.1794e-01	1.1102e-02	1.3986e-10	1.0797e-03	9.6718e-01	3.1736e-02	4.3885e-06	9.0553e-01	9.4442e-02	3.1572e-05	1.1755e-36	1.1755e-36	1.1755e-36	6.1212e-17	0.00e+00	0.00e+00	1.3429e+02
3.00564e+16	6.7378e+03	8.233e-18	4.6416e+03	6.5039e+02	3.2731e-09	8.8826e-01	1.1174e-01	6.8556e-01	3.0372e-01	1.0722e-02	1.4422e-10	1.0463e-03	9.6833e-01	3.0615e-02	4.3377e-06	9.0893e-01	9.1037e-02	2.9139e-05	1.1755e-36	1.1755e-36	1.1755e-36	6.2255e-17	0.00e+00	0.00e+00	1.3747e+02
3.01823e+16	6.6097e+03	7.753e-18	4.6416e+03	6.2715e+02	3.6954e-09	8.9203e-01	1.0797e-01	6.9993e-01	2.8975e-01	1.0322e-02	1.4871e-10	1.0147e-03	9.6941e-01	2.9571e-02	4.2933e-06	9.1213e-01	8.7839e-02	2.7021e-05	1.1755e-36	1.1755e-36	1.1755e-36	6.3383e-17	0.00e+00	0.00e+00	1.4085e+02
3.03169e+16	6.4846e+03	7.292e-18	4.6416e+03	6.0379e+02	4.1775e-09	8.9560e-01	1.0440e-01	7.1385e-01	2.7622e-01	9.9376e-03	1.5310e-10	9.8212e-04	9.7040e-01	2.8617e-02	4.2535e-06	9.1516e-01	8.4818e-02	2.5130e-05	1.1755e-36	1.1755e-36	1.1755e-36	6.4447e-17	0.00e+00	0.00e+00	1.4452e+02
3.04590e+16	6.3489e+03	6.864e-18	4.6416e+03	5.8171e+02	4.7817e-09	8.9919e-01	1.0081e-01	7.2747e-01	2.6300e-01	9.5314e-03	1.5798e-10	9.5177e-04	9.7130e-01	2.7747e-02	4.2186e-06	9.1819e-01	8.1786e-02	2.3453e-05	1.1755e-36	1.1755e-36	1.1755e-36	6.5983e-17	0.00e+00	0.00e+00	1.4833e+02
3.06074e+16	6.2115e+03	6.473e-18	4.6416e+03	5.6126e+02	5.5003e-09	9.0244e-01	9.7558e-02	7.4056e-01	2.5032e-01	9.1159e-03	1.6304e-10	9.2368e-04	9.7212e-01	2.6956e-02	4.1891e-06	9.2095e-01	7.9029e-02	2.2026e-05	1.1755e-36	1.1755e-36	1.1755e-36	6.7795e-17	0.00e+00	0.00e+00	1.5236e+02
3.07671e+16	6.0698e+03	6.105e-18	4.6416e+03	5.4156e+02	6.3828e-09	9.0556e-01	9.4436e-02	7.5327e-01	2.3804e-01	8.6931e-03	1.6854e-10	8.9658e-04	9.7288e-01	2.6222e-02	4.1632e-06	9.2359e-01	7.6388e-02	2.0764e-05	1.1755e-36	1.1755e-36	1.1755e-36	7.0120e-17	0.00e+00	0.00e+00	1.5679e+02
3.09426e+16	5.9237e+03	5.755e-18	4.6416e+03	5.2223e+02	7.4843e-09	9.0864e-01	9.1358e-02	7.6557e-01	2.2616e-01	8.2687e-03	1.7471e-10	8.6986e-04	9.7358e-01	2.5551e-02	4.1402e-06	9.2619e-01	7.3786e-02	1.9630e-05	1.1755e-36	1.1755e-36	1.1755e-36	7.3239e-17	0.00e+00	0.00e+00	1.6169e+02
3.11338e+16	5.7755e+03	5.431e-18	4.6416e+03	5.0392e+02	8.8487e-09	9.1156e-01	8.8444e-02	7.7725e-01	2.1490e-01	7.8453e-03	1.8167e-10	8.4455e-04	9.7420e-01	2.4952e-02	4.1206e-06	9.2866e-01	7.1323e-02	1.8643e-05	1.1755e-36	1.1755e-36	1.1755e-36	7.7399e-17	0.00e+00	0.00e+00	1.6699e+02
3.13425e+16	5.6258e+03	5.133e-18	4.6416e+03	4.8683e+02	1.0548e-08	9.1427e-01	8.5734e-02	7.8827e-01	2.0431e-01	7.4224e-03	1.8971e-10	8.2103e-04	9.7477e-01	2.4409e-02	4.1040e-06	9.3095e-01	6.9031e-02	1.7794e-05	1.1755e-36	1.1755e-36	1.1755e-36	8.3001e-17	0.00e+00	0.00e+00	1.7285e+02
3.15197e+16	5.5174e+03	4.931e-18	4.6416e+03	4.7481e+02	1.2037e-08	9.1620e-01	8.3805e-02	7.9573e-01	1.9714e-01	7.1294e-03	1.9637e-10	8.0434e-04	9.7498e-01	2.4211e-02	4.0953e-06	9.3258e-01	6.7400e-02	1.7241e-05	1.1755e-36	1.1755e-36	1.1755e-36	8.8289e-17	0.00e+00	0.00e+00	1.7650e+02
3.16425e+16	5.4360e+03	4.820e-18	4.6416e+03	4.7020e+02	1.3277e-08	9.1687e-01	8.3132e-02	8.0171e-01	1.9145e-01	6.8387e-03	2.0191e-10	7.9940e-04	9.7522e-01	2.3978e-02	4.0922e-06	9.3317e-01	6.6811e-02	1.6992e-05	1.1755e-36	1.1755e-36	1.1755e-36	9.2839e-17	0.00e+00	0.00e+00	1.7945e+02
3.17561e+16	5.3602e+03	4.718e-18	4.6416e+03	4.6505e+02	1.4585e-08	9.1748e-01	8.2516e-02	8.0664e-01	1.8675e-01	6.6043e-03	2.0724e-10	7.9329e-04	9.7545e-01	2.3750e-02	4.0895e-06	9.3371e-01	6.6272e-02	1.6779e-05	1.1755e-36	1.1755e-36	1.1755e-36	9.7573e-17	0.00e+00	0.00e+00	1.8261e+02
3.18804e+16	5.2985e+03	4.605e-18	4.6416e+03	4.5838e+02	1.5809e-08	9.1837e-01	8.1633e-02	8.1082e-01	1.8275e-01	6.4246e-03	2.1227e-10	7.8398e-04	9.7566e-01	2.3549e-02	4.0840e-06	9.3446e-01	6.5519e-02	1.6511e-05	1.1755e-36	1.1755e-36	1.1755e-36	1.0225e-16	0.00e+00	0.00e+00	1.8613e+02
3.20305e+16	5.2146e+03	4.476e-18	4.6416e+03	4.5067e+02	1.7691e-08	9.1985e-01	8.0148e-02	8.1561e-01	1.7819e-01	6.2069e-03	2.2056e-10	7.7377e-04	9.7593e-01	2.3290e-02	4.0769e-06	9.3572e-01	6.4267e-02	1.6174e-05	1.1755e-36	1.1755e-36	1.1755e-36	1.1074e-16	0.00e+00	0.00e+00	1.9070e+02
3.21947e+16	5.1389e+03	4.347e-18	4.6416e+03	4.4183e+02	1.9662e-08	9.2145e-01	7.8547e-02	8.1950e-01	1.7446e-01	6.0426e-03	2.2896e-10	7.6116e-04	9.7607e-01	2.3164e-02	4.0702e-06	9.3706e-01	6.2926e-02	1.5834e-05	1.1755e-36	1.1755e-36	1.1755e-36	1.2004e-16	0.00e+00	0.00e+00	1.9499e+02
3.23536e+16	5.0610e+03	4.240e-18	4.6416e+03	4.3463e+02	2.1910e-08	9.2243e-01	7.7570e-02	8.2330e-01	1.7084e-01	5.8642e-03	2.3779e-10	7.5143e-04	9.7621e-01	2.3030e-02	4.0669e-06	9.3789e-01	6.2091e-02	1.5609e-05	1.1755e-36	1.1755e-36	1.1755e-36	1.3035e-16	0.00e+00	0.00e+00	1.9928e+02
3.25103e+16	4.9924e+03	4.145e-18	4.6416e+03	4.2892e+02	2.4170e-08	9.2345e-01	7.6550e-02	8.2688e-01	1.6744e-01	5.6855e-03	2.4732e-10	7.4399e-04	9.7637e-01	2.2884e-02	4.0628e-06	9.3876e-01	6.1228e-02	1.5392e-05	1.1755e-36	1.1755e-36	1.1755e-36	1.4183e-16	0.00e+00	0.00e+00	2.0347e+02
3.26703e+16	4.9232e+03	4.055e-18	4.6416e+03	4.2325e+02	2.6688e-08	9.2437e-01	7.5627e-02	8.3023e-01	1.6425e-01	5.5141e-03	2.5716e-10	7.3673e-04	9.7664e-01	2.2617e-02	4.0581e-06	9.3954e-01	6.0443e-02	1.5199e-05	1.1755e-36	1.1755e-36	1.1755e-36	1.5331e-16	0.00e+00	0.00e+00	2.0795e+02
3.28407e+16	4.8577e+03	3.964e-18	4.6416e+03	4.1730e+02	2.9395e-08	9.2539e-01	7.4609e-02	8.3330e-01	1.6134e-01	5.3572e-03	2.6745e-10	7.2878e-04	9.7690e-01	2.2368e-02	4.0526e-06	9.4040e-01	5.9583e-02	1.4996e-05	1.1755e-36	1.1755e-36	1.1755e-36	1.6609e-16	0.00e+00	0.00e+00	2.1271e+02
3.30236e+16	4.7878e+03	3.873e-18	4.6416e+03	4.1119e+02	3.2660e-08	9.2645e-01	7.3547e-02	8.3633e-01	1.5847e-01	5.1979e-03	2.7931e-10	7.2079e-04	9.7717e-01	2.2106e-02	4.0473e-06	9.4130e-01	5.8686e-02	1.4798e-05	1.1755e-36	1.1755e-36	1.1755e-36	1.8181e-16	0.00e+00	0.00e+00	2.1787e+02
3.32140e+16	4.7149e+03	3.785e-18	4.6416e+03	4.0493e+02	3.6521e-08	9.2751e-01	7.2486e-02	8.3915e-01	1.5581e-01	5.0477e-03	2.9254e-10	7.1267e-04	9.7740e-01	2.1879e-02	4.0428e-06	9.4220e-01	5.7788e-02	1.4615e-05	1.1755e-36	1.1755e-36	1.1755e-36	2.0068e-16	0.00e+00	0.00e+00	2.2305e+02
3.33993e+16	4.6502e+03	3.707e-18	4.6416e+03	3.9942e+02	4.0414e-08	9.2835e-01	7.1653e-02	8.4169e-01	1.5340e-01	4.9092e-03	3.0521e-10	7.0545e-04	9.7760e-01	2.1687e-02	4.0393e-06	9.4291e-01	5.7079e-02	1.4466e-05	1.1755e-36	1.1755e-36	1.1755e-36	2.1981e-16	0.00e+00	0.00e+00	2.2795e+02
3.35828e+16	4.5871e+03	3.637e-18	4.6416e+03	3.9499e+02	4.4681e-08	9.2918e-01	7.0816e-02	8.4435e-01	1.5089e-01	4.7584e-03	3.1913e-10	7.0019e-04	9.7784e-01	2.1454e-02	4.0354e-06	9.4362e-01	5.6370e-02	1.4324e-05	1.1755e-36	1.1755e-36	1.1755e-36	2.4193e-16	0.00e+00	0.00e+00	2.3304e+02
3.37743e+16	4.5225e+03	3.564e-18	4.6416e+03	3.8994e+02	4.9629e-08	9.3008e-01	6.9920e-02	8.4677e-01	1.4860e-01	4.6217e-03	3.3452e-10	6.9391e-04	9.7807e-01	2.1232e-02	4.0315e-06	9.4437e-01	5.5612e-02	1.4181e-05	1.1755e-36	1.1755e-36	1.1755e-36	2.6814e-16	0.00e+00	0.00e+00	2.3838e+02
3.39704e+16	4.4652e+03	3.494e-18	4.6416e+03	3.8496e+02	5.4585e-08	9.3092e-01	6.9077e-02	8.4898e-01	1.4652e-01	4.4976e-03	3.4951e-10	6.8742e-04	9.7827e-01	2.1041e-02	4.0274e-06	9.4508e-01	5.4901e-02	1.4040e-05	1.1755e-36	1.1755e-36	1.1755e-36	2.9515e-16	0.00e+00	0.00e+00	2.4374e+02
3.41767e+16	4.4010e+03	3.423e-18	4.6416e+03	3.8003e+02	6.0795e-08	9.3180e-01	6.8200e-02	8.5135e-01	1.4428e-01	4.3621e-03	3.6771e-10	6.8140e-04	9.7851e-01	2.0801e-02	4.0232e-06	9.4583e-01	5.4158e-02	1.3904e-05	1.1755e-36	1.1755e-36	1.1755e-36	3.3001e-16	0.00e+00	0.00e+00	2.4965e+02
3.43908e+16	4.3373e+03	3.353e-18	4.6416e+03	3.7476e+02	6.7793e-08	9.3274e-01	6.7259e-02	8.5352e-01	1.4224e-01	4.2397e-03	3.8754e-10	6.7474e-04	9.7871e-01	2.0614e-02	4.0194e-06	9.4662e-01	5.3364e-02	1.3767e-05	1.1755e-36	1.1755e-36	1.1755e-36	3.7080e-16	0.00e+00	0.00e+00	2.5544e+02
3.45993e+16	4.2771e+03	3.289e-18	4.6416e+03	3.6985e+02	7.5212e-08	9.3346e-01	6.6539e-02	8.5555e-01	1.4032e-01	4.1245e-03	4.0741e-10	6.6859e-04	9.7889e-01	2.0442e-02	4.0168e-06	9.4723e-01	5.2751e-02	1.3658e-05	1.1755e-36	1.1755e-36	1.1755e-36	4.1432e-16	0.00e+00	0.00e+00	2.6105e+02
3.48058e+16	4.2114e+03	3.228e-18	4.6416e+03	3.6560e+02	8.4314e-08	9.3430e-01	6.5703e-02	8.5779e-01	1.3822e-01	3.9969e-03	4.3155e-10	6.6401e-04	9.7910e-01	2.0235e-02	4.0142e-06	9.4794e-01	5.2042e-02	1.3551e-05	1.1755e-36	1.1755e-36	1.1755e-36	4.7072e-16	0.00e+00	0.00e+00	2.6674e+02
3.50062e+16	4.1595e+03	3.172e-18	4.6416e+03	3.6128e+02	9.2410e-08	9.3497e-01	6.5032e-02	8.5957e-01	1.3653e-01	3.8970e-03	4.5220e-10	6.5860e-04	9.7924e-01	2.0097e-02	4.0115e-06	9.4851e-01	5.1472e-02	1.3452e-05	1.1755e-36	1.1755e-36	1.1755e-36	5.2201e-16	0.00e+00	0.00e+00	2.7202e+02
3.52124e+16	4.0995e+03	3.115e-18	4.6416e+03	3.5721e+02	1.0273e-07	9.3567e-01	6.4329e-02	8.6165e-01	1.3457e-01	3.7804e-03	4.7782e-10	6.5416e-04	9.7947e-01	1.9868e-02	4.0088e-06	9.4911e-01	5.0873e-02	1.3359e-05	1.1755e-36	1.1755e-36	1.1755e-36	5.8948e-16	0.00e+00	0.00e+00	2.7805e+02
3.54318e+16	4.0346e+03	3.052e-18	4.6416e+03	3.5127e+02	1.1526e-07	9.3640e-01	6.3595e-02	8.6320e-01	1.3310e-01	3.6951e-03	5.0673e-10	6.4648e-04	9.7963e-01	1.9721e-02	4.0074e-06	9.4974e-01	5.0245e-02	1.3270e-05	1.1755e-36	1.1755e-36	1.1755e-36	6.7226e-16	0.00e+00	0.00e+00	2.8406e+02
3.56420e+16	3.9808e+03	3.001e-18	4.6416e+03	3.4829e+02	1.2692e-07	9.3734e-01	6.2658e-02	8.6536e-01	1.3106e-01	3.5757e-03	5.3565e-10	6.4390e-04	9.7980e-01	1.9551e-02	4.0039e-06	9.5052e-01	4.9464e-02	1.3156e-05	1.1755e-36	1.1755e-36	1.1755e-36	7.5883e-16	0.00e+00	0.00e+00	2.8959e+02
###########################
2.54777e+12	1.1017e+04	1.336e-16	4.6416e+03	5.2344e+03	8.8468e-15	7.6953e-03	9.9230e-01	3.7454e-03	4.4833e-01	5.4793e-01	1.2356e-16	3.1974e-04	1.2039e-01	7.9508e-01	8.1224e-02	1.1385e-03	1.3257e-01	7.1058e-01	1.5196e-01	3.7373e-03	1.1610e-05	1.8025e-24	0.00e+00	0.00e+00	1.1490e-03
1.52866e+13	1.1006e+04	1.333e-16	4.6416e+03	5.2280e+03	8.8189e-15	7.6723e-03	9.9233e-01	3.7379e-03	4.4813e-01	5.4813e-01	1.2160e-16	3.1521e-04	1.2017e-01	7.9501e-01	8.1506e-02	1.1291e-03	1.3187e-01	7.1119e-01	1.5205e-01	3.7384e-03	1.1641e-05	1.7659e-24	0.00e+00	0.00e+00	5.7311e-03
6.62420e+13	1.0989e+04	1.326e-16	4.6416e+03	5.2261e+03	8.7699e-15	7.6291e-03	9.9237e-01	3.7340e-03	4.4888e-01	5.4739e-01	1.1822e-16	3.1329e-04	1.1984e-01	7.9529e-01	8.1564e-02	1.1084e-03	1.3020e-01	7.1347e-01	1.5150e-01	3.7075e-03	1.1601e-05	1.7137e-24	0.00e+00	0.00e+00	2.3957e-02
2.70063e+14	1.0934e+04	1.308e-16	4.6416e+03	5.2242e+03	8.7300e-15	7.5472e-03	9.9245e-01	3.7506e-03	4.5426e-01	5.4199e-01	1.0991e-16	3.0901e-04	1.1905e-01	7.9682e-01	8.0917e-02	1.0588e-03	1.2573e-01	7.2174e-01	1.4791e-01	3.5502e-03	1.1230e-05	1.5974e-24	0.00e+00	0.00e+00	9.6075e-02
6.45095e+14	1.0746e+04	1.251e-16	4.6416e+03	5.2254e+03	8.1776e-15	7.0972e-03	9.9290e-01	3.6911e-03	4.5564e-01	5.4067e-01	8.4842e-17	2.9067e-04	1.1658e-01	7.9739e-01	8.2797e-02	8.9472e-04	1.1308e-01	7.3497e-01	1.4762e-01	3.4213e-03	1.1385e-05	1.1837e-24	0.00e+00	0.00e+00	1.8424e-01
1.13264e+15	1.0586e+04	1.205e-16	4.6416e+03	5.2240e+03	7.8174e-15	6.7756e-03	9.9322e-01	3.6993e-03	4.6441e-01	5.3189e-01	6.8632e-17	2.7749e-04	1.1471e-01	7.9944e-01	8.2723e-02	7.8902e-04	1.0450e-01	7.4869e-01	1.4284e-01	3.1739e-03	1.1002e-05	9.3808e-25	0.00e+00	0.00e+00	2.9366e-01
1.76644e+15	1.0442e+04	1.165e-16	4.6416e+03	5.2179e+03	7.6135e-15	6.5483e-03	9.9345e-01	3.7821e-03	4.8197e-01	5.1424e-01	5.7432e-17	2.6809e-04	1.1338e-01	8.0304e-01	8.0674e-02	7.2063e-04	9.8757e-02	7.6434e-01	1.3336e-01	2.8114e-03	1.0087e-05	7.8354e-25	0.00e+00	0.00e+00	4.3113e-01
2.59038e+15	1.0312e+04	1.130e-16	4.6416e+03	5.2066e+03	7.6217e-15	6.4326e-03	9.9357e-01	3.9782e-03	5.1173e-01	4.8429e-01	5.0574e-17	2.6391e-04	1.1301e-01	8.0818e-01	7.6248e-02	6.9069e-04	9.6273e-02	7.8222e-01	1.1847e-01	2.3347e-03	8.6069e-06	7.0414e-25	0.00e+00	0.00e+00	6.0669e-01
3.66151e+15	1.0195e+04	1.100e-16	4.6416e+03	5.1890e+03	7.9719e-15	6.4797e-03	9.9352e-01	4.3566e-03	5.5872e-01	4.3692e-01	4.8528e-17	2.6801e-04	1.1430e-01	8.1451e-01	6.9070e-02	7.1228e-04	9.8321e-02	8.0147e-01	9.7728e-02	1.7635e-03	6.6100e-06	7.0893e-25	0.00e+00	0.00e+00	8.3659e-01
5.05299e+15	1.0076e+04	1.074e-16	4.6416e+03	5.1634e+03	9.0615e-15	6.8046e-03	9.9320e-01	5.0267e-03	6.2873e-01	3.6624e-01	5.3795e-17	2.8614e-04	1.1830e-01	8.2099e-01	5.9083e-02	8.1933e-04	1.0717e-01	8.1890e-01	7.1949e-02	1.1551e-03	4.3245e-06	8.5587e-25	0.00e+00	0.00e+00	1.1500e+00
6.58758e+15	1.0009e+04	1.052e-16	4.6416e+03	5.1292e+03	1.0723e-14	7.3661e-03	9.9263e-01	5.8713e-03	7.0916e-01	2.8497e-01	6.5741e-17	3.1362e-04	1.2362e-01	8.2586e-01	4.9271e-02	1.0114e-03	1.2144e-01	8.2816e-01	4.8698e-02	6.9185e-04	2.5455e-06	1.1655e-24	0.00e+00	0.00e+00	1.4732e+00
7.74718e+15	9.9815e+03	1.043e-16	4.6416e+03	5.0961e+03	1.2524e-14	7.9700e-03	9.9203e-01	6.5280e-03	7.6679e-01	2.2669e-01	8.0959e-17	3.3900e-04	1.2801e-01	8.2801e-01	4.2920e-02	1.2273e-03	1.3550e-01	8.2766e-01	3.5154e-02	4.6145e-04	1.6463e-06	1.5707e-24	0.00e+00	0.00e+00	1.6652e+00
8.42961e+15	9.9730e+03	1.041e-16	4.6416e+03	5.0814e+03	1.4144e-14	8.4773e-03	9.9152e-01	6.9505e-03	7.9674e-01	1.9631e-01	9.7022e-17	3.6000e-04	1.3140e-01	8.2820e-01	3.9421e-02	1.4140e-03	1.4625e-01	8.2337e-01	2.8606e-02	3.6016e-04	1.2439e-06	1.9976e-24	0.00e+00	0.00e+00	1.8000e+00
8.97183e+15	9.9748e+03	1.042e-16	4.6416e+03	5.0702e+03	1.5773e-14	8.9622e-03	9.9104e-01	7.3039e-03	8.1810e-01	1.7460e-01	1.1521e-16	3.8013e-04	1.3456e-01	8.2775e-01	3.6763e-02	1.6009e-03	1.5613e-01	8.1787e-01	2.4100e-02	2.9458e-04	9.8400e-07	2.4925e-24	0.00e+00	0.00e+00	1.9423e+00
9.59483e+15	9.9852e+03	1.043e-16	4.6416e+03	5.0590e+03	1.8014e-14	9.5992e-03	9.9040e-01	7.7187e-03	8.4013e-01	1.5216e-01	1.4283e-16	4.0590e-04	1.3845e-01	8.2679e-01	3.3880e-02	1.8574e-03	1.6848e-01	8.0976e-01	1.9671e-02	2.3379e-04	7.4554e-07	3.2776e-24	0.00e+00	0.00e+00	2.1403e+00
1.02926e+16	9.9945e+03	1.049e-16	4.6416e+03	5.0476e+03	2.1087e-14	1.0410e-02	9.8959e-01	8.1720e-03	8.6119e-01	1.3064e-01	1.8347e-16	4.3687e-04	1.4292e-01	8.2529e-01	3.0945e-02	2.2008e-03	1.8331e-01	7.9861e-01	1.5695e-02	1.8313e-04	5.4808e-07	4.5037e-24	0.00e+00	0.00e+00	2.3512e+00
1.09422e+16	1.0027e+04	1.057e-16	4.6416e+03	5.0366e+03	2.4381e-14	1.1267e-02	9.8873e-01	8.5812e-03	8.7763e-01	1.1379e-01	2.3384e-16	4.6766e-04	1.4714e-01	8.2359e-01	2.8449e-02	2.5881e-03	1.9838e-01	7.8616e-01	1.2718e-02	1.4792e-04	4.1213e-07	6.1260e-24	0.00e+00	0.00e+00	2.5519e+00
1.15315e+16	1.0054e+04	1.067e-16	4.6416e+03	5.0267e+03	2.8143e-14	1.2166e-02	9.8783e-01	8.9705e-03	8.9047e-01	1.0056e-01	2.9640e-16	4.9884e-04	1.5134e-01	8.2157e-01	2.6276e-02	3.0195e-03	2.1351e-01	7.7288e-01	1.0470e-02	1.2284e-04	3.1673e-07	8.2518e-24	0.00e+00	0.00e+00	2.7554e+00
1.21878e+16	1.0092e+04	1.080e-16	4.6416e+03	5.0163e+03	3.3273e-14	1.3312e-02	9.8669e-01	9.4334e-03	9.0293e-01	8.7632e-02	3.9291e-16	5.3791e-04	1.5651e-01	8.1874e-01	2.3940e-02	3.6078e-03	2.3209e-01	7.5583e-01	8.3698e-03	1.0063e-04	2.3446e-07	1.1726e-23	0.00e+00	0.00e+00	3.0447e+00
1.28885e+16	1.0147e+04	1.098e-16	4.6416e+03	5.0044e+03	3.9894e-14	1.4726e-02	9.8527e-01	9.9352e-03	9.1361e-01	7.6457e-02	5.3674e-16	5.8239e-04	1.6226e-01	8.1529e-01	2.1629e-02	4.3942e-03	2.5426e-01	7.3466e-01	6.6051e-03	8.3118e-05	1.7081e-07	1.7293e-23	0.00e+00	0.00e+00	3.3294e+00
1.34902e+16	1.0205e+04	1.117e-16	4.6416e+03	4.9941e+03	4.7006e-14	1.6145e-02	9.8385e-01	1.0385e-02	9.2120e-01	6.8412e-02	7.1204e-16	6.2424e-04	1.6753e-01	8.1191e-01	1.9724e-02	5.2387e-03	2.7521e-01	7.1411e-01	5.3708e-03	7.1406e-05	1.2968e-07	2.4613e-23	0.00e+00	0.00e+00	3.5866e+00
1.40247e+16	1.0250e+04	1.138e-16	4.6416e+03	4.9865e+03	5.5140e-14	1.7588e-02	9.8241e-01	1.0797e-02	9.2714e-01	6.2062e-02	9.2621e-16	6.6347e-04	1.7247e-01	8.0860e-01	1.8080e-02	6.1351e-03	2.9464e-01	6.9471e-01	4.4489e-03	6.2843e-05	1.1755e-36	3.4291e-23	0.00e+00	0.00e+00	3.8574e+00
1.46291e+16	1.0323e+04	1.158e-16	4.6416e+03	4.9734e+03	6.5723e-14	1.9452e-02	9.8055e-01	1.1364e-02	9.3296e-01	5.5679e-02	1.2694e-15	7.1743e-04	1.7922e-01	8.0363e-01	1.6268e-02	7.4311e-03	3.2095e-01	6.6801e-01	3.5512e-03	5.4604e-05	1.1755e-36	5.0363e-23	0.00e+00	0.00e+00	4.2469e+00
1.52464e+16	1.0380e+04	1.187e-16	4.6416e+03	4.9642e+03	8.0624e-14	2.1691e-02	9.7831e-01	1.1936e-02	9.3776e-01	5.0301e-02	1.7756e-15	7.7280e-04	1.8618e-01	7.9838e-01	1.4522e-02	9.0487e-03	3.4854e-01	6.3954e-01	2.8236e-03	4.7859e-05	1.1755e-36	7.6715e-23	0.00e+00	0.00e+00	4.5973e+00
1.57457e+16	1.0451e+04	1.209e-16	4.6416e+03	4.9481e+03	9.4581e-14	2.3803e-02	9.7620e-01	1.2508e-02	9.4094e-01	4.6551e-02	2.3559e-15	8.2552e-04	1.9277e-01	7.9312e-01	1.3156e-02	1.0733e-02	3.7486e-01	6.1204e-01	2.3203e-03	4.3078e-05	1.1755e-36	1.0820e-22	0.00e+00	0.00e+00	4.9094e+00
1.62603e+16	1.0502e+04	1.234e-16	4.6416e+03	4.9366e+03	1.1393e-13	2.6294e-02	9.7371e-01	1.3133e-02	9.4406e-01	4.2810e-02	3.2033e-15	8.8496e-04	2.0023e-01	7.8699e-01	1.1782e-02	1.2800e-02	4.0248e-01	5.8281e-01	1.8755e-03	3.8616e-05	1.1755e-36	1.5785e-22	0.00e+00	0.00e+00	5.3575e+00
1.68412e+16	1.0559e+04	1.265e-16	4.6416e+03	4.9243e+03	1.4234e-13	2.9558e-02	9.7044e-01	1.3917e-02	9.4688e-01	3.9205e-02	4.6023e-15	9.5684e-04	2.0948e-01	7.7914e-01	1.0330e-02	1.5694e-02	4.3608e-01	5.4673e-01	1.4642e-03	3.4129e-05	1.1755e-36	2.4710e-22	0.00e+00	0.00e+00	5.8602e+00
1.73881e+16	1.0633e+04	1.293e-16	4.6416e+03	4.8988e+03	1.7507e-13	3.3192e-02	9.6681e-01	1.4812e-02	9.4891e-01	3.6281e-02	6.5130e-15	1.0323e-03	2.1926e-01	7.7057e-01	9.0421e-03	1.9170e-02	4.7105e-01	5.0861e-01	1.1436e-03	3.0273e-05	1.1755e-36	3.7611e-22	0.00e+00	0.00e+00	6.3596e+00
1.78767e+16	1.0680e+04	1.321e-16	4.6416e+03	4.8811e+03	2.1588e-13	3.7055e-02	9.6295e-01	1.5690e-02	9.5040e-01	3.3914e-02	9.0830e-15	1.1084e-03	2.2923e-01	7.6164e-01	7.9415e-03	2.3032e-02	5.0350e-01	4.7253e-01	9.0470e-04	2.6980e-05	1.1755e-36	5.6454e-22	0.00e+00	0.00e+00	6.8631e+00
1.83386e+16	1.0722e+04	1.348e-16	4.6416e+03	4.8603e+03	2.6595e-13	4.1298e-02	9.5870e-01	1.6652e-02	9.5151e-01	3.1842e-02	1.2581e-14	1.1874e-03	2.3974e-01	7.5204e-01	6.9630e-03	2.7483e-02	5.3526e-01	4.3651e-01	7.1540e-04	2.4013e-05	1.1755e-36	8.3954e-22	0.00e+00	0.00e+00	7.4201e+00
1.88679e+16	1.0758e+04	1.378e-16	4.6416e+03	4.8349e+03	3.4324e-13	4.7023e-02	9.5298e-01	1.7945e-02	9.5248e-01	2.9570e-02	1.8559e-14	1.2891e-03	2.5343e-01	7.3931e-01	5.9145e-03	3.3753e-02	5.7214e-01	3.9355e-01	5.3645e-04	2.0753e-05	1.1755e-36	1.3460e-21	0.00e+00	0.00e+00	8.2445e+00
1.94293e+16	1.0786e+04	1.415e-16	4.6416e+03	4.8078e+03	4.6296e-13	5.4548e-02	9.4545e-01	1.9575e-02	9.5292e-01	2.7504e-02	2.8836e-14	1.4124e-03	2.7013e-01	7.2352e-01	4.8938e-03	4.2319e-02	6.1153e-01	3.4574e-01	3.8626e-04	1.7414e-05	1.1755e-36	2.3090e-21	0.00e+00	0.00e+00	9.0830e+00
1.98983e+16	1.0808e+04	1.443e-16	4.6416e+03	4.7724e+03	6.0436e-13	6.2268e-02	9.3773e-01	2.1223e-02	9.5279e-01	2.5989e-02	4.2376e-14	1.5260e-03	2.8619e-01	7.0812e-01	4.1134e-03	5.1442e-02	6.4415e-01	3.0411e-01	2.8635e-04	1.4734e-05	1.1755e-36	3.6906e-21	0.00e+00	0.00e+00	9.8373e+00
2.02967e+16	1.0823e+04	1.463e-16	4.6416e+03	4.7269e+03	7.6418e-13	6.9920e-02	9.3008e-01	2.2852e-02	9.5235e-01	2.4794e-02	5.8975e-14	1.6264e-03	3.0127e-01	6.9356e-01	3.5139e-03	6.0722e-02	6.7008e-01	2.6897e-01	2.1846e-04	1.2610e-05	1.1755e-36	5.5037e-21	0.00e+00	0.00e+00	1.0623e+01
2.06712e+16	1.0827e+04	1.482e-16	4.6416e+03	4.6822e+03	9.6904e-13	7.8353e-02	9.2165e-01	2.4633e-02	9.5165e-01	2.3716e-02	8.1633e-14	1.7308e-03	3.1705e-01	6.7819e-01	2.9978e-03	7.1076e-02	6.9214e-01	2.3660e-01	1.6676e-04	1.0724e-05	1.1755e-36	8.1806e-21	0.00e+00	0.00e+00	1.1462e+01
2.10254e+16	1.0823e+04	1.499e-16	4.6416e+03	4.6359e+03	1.2302e-12	8.7712e-02	9.1229e-01	2.6593e-02	9.5065e-01	2.2755e-02	1.1238e-13	1.8382e-03	3.3370e-01	6.6188e-01	2.5507e-03	8.2677e-02	7.1053e-01	2.0666e-01	1.2704e-04	9.0443e-06	1.1755e-36	1.2086e-20	0.00e+00	0.00e+00	1.2344e+01
2.13544e+16	1.0809e+04	1.514e-16	4.6416e+03	4.5919e+03	1.5589e-12	9.7949e-02	9.0205e-01	2.8721e-02	9.4936e-01	2.1916e-02	1.5336e-13	1.9485e-03	3.5107e-01	6.4479e-01	2.1693e-03	9.5421e-02	7.2483e-01	1.7964e-01	9.7006e-05	7.5793e-06	1.1755e-36	1.7679e-20	0.00e+00	0.00e+00	1.3248e+01
2.16553e+16	1.0793e+04	1.525e-16	4.6416e+03	4.5419e+03	1.9536e-12	1.0866e-01	8.9134e-01	3.0950e-02	9.4785e-01	2.1202e-02	2.0498e-13	2.0531e-03	3.6832e-01	6.2775e-01	1.8546e-03	1.0880e-01	7.3495e-01	1.5616e-01	7.4891e-05	6.3594e-06	1.1755e-36	2.5230e-20	0.00e+00	0.00e+00	1.4162e+01
2.19343e+16	1.0767e+04	1.535e-16	4.6416e+03	4.4970e+03	2.4439e-12	1.2014e-01	8.7986e-01	3.3361e-02	9.4610e-01	2.0543e-02	2.7191e-13	2.1610e-03	3.8604e-01	6.1019e-01	1.5870e-03	1.2309e-01	7.4130e-01	1.3554e-01	5.8156e-05	5.3192e-06	1.1755e-36	3.5764e-20	0.00e+00	0.00e+00	1.5116e+01
2.21983e+16	1.0753e+04	1.532e-16	4.6416e+03	4.4256e+03	2.9960e-12	1.3177e-01	8.6823e-01	3.5802e-02	9.4418e-01	2.0018e-02	3.4971e-13	2.2477e-03	4.0294e-01	5.9343e-01	1.3677e-03	1.3761e-01	7.4464e-01	1.1769e-01	4.5690e-05	4.4723e-06	1.1755e-36	4.8638e-20	0.00e+00	0.00e+00	1.6108e+01
2.24937e+16	1.0718e+04	1.531e-16	4.6416e+03	4.3556e+03	3.8255e-12	1.4671e-01	8.5329e-01	3.9021e-02	9.4159e-01	1.9388e-02	4.7100e-13	2.3609e-03	4.2409e-01	5.7239e-01	1.1424e-03	1.5610e-01	7.4456e-01	9.9308e-02	3.4438e-05	3.6181e-06	1.1755e-36	7.0162e-20	0.00e+00	0.00e+00	1.7544e+01
2.27972e+16	1.0676e+04	1.525e-16	4.6416e+03	4.2738e+03	4.9865e-12	1.6464e-01	8.3536e-01	4.2861e-02	9.3829e-01	1.8845e-02	6.4635e-13	2.4784e-03	4.4764e-01	5.4893e-01	9.3905e-04	1.7810e-01	7.4001e-01	8.1857e-02	2.5374e-05	2.8436e-06	1.1755e-36	1.0387e-19	0.00e+00	0.00e+00	1.8862e+01
2.30354e+16	1.0636e+04	1.515e-16	4.6416e+03	4.2021e+03	6.1874e-12	1.8052e-01	8.1948e-01	4.6380e-02	9.3517e-01	1.8453e-02	8.3281e-13	2.5723e-03	4.6771e-01	5.2891e-01	7.9788e-04	1.9742e-01	7.3308e-01	6.9478e-02	1.9807e-05	2.3190e-06	1.1755e-36	1.4231e-19	0.00e+00	0.00e+00	1.9937e+01
2.32303e+16	1.0611e+04	1.498e-16	4.6416e+03	4.1301e+03	7.3358e-12	1.9401e-01	8.0599e-01	4.9484e-02	9.3236e-01	1.8156e-02	1.0152e-12	2.6397e-03	4.8434e-01	5.1232e-01	6.9725e-04	2.1373e-01	7.2569e-01	6.0558e-02	1.6220e-05	1.9589e-06	1.1755e-36	1.8188e-19	0.00e+00	0.00e+00	2.0998e+01
2.34448e+16	1.0561e+04	1.478e-16	4.6416e+03	4.0552e+03	8.9392e-12	2.1031e-01	7.8969e-01	5.3388e-02	9.2882e-01	1.7791e-02	1.2707e-12	2.7214e-03	5.0399e-01	4.9269e-01	5.9572e-04	2.3324e-01	7.1505e-01	5.1702e-02	1.2962e-05	1.6107e-06	1.1755e-36	2.4021e-19	0.00e+00	0.00e+00	2.2493e+01
2.36854e+16	1.0508e+04	1.450e-16	4.6416e+03	3.9613e+03	1.1186e-11	2.3037e-01	7.6963e-01	5.8238e-02	9.2431e-01	1.7453e-02	1.6353e-12	2.8046e-03	5.2667e-01	4.7002e-01	4.9661e-04	2.5696e-01	7.0021e-01	4.2818e-02	1.0045e-05	1.2767e-06	1.1755e-36	3.2923e-19	0.00e+00	0.00e+00	2.4103e+01
2.39060e+16	1.0453e+04	1.420e-16	4.6416e+03	3.8714e+03	1.3828e-11	2.5073e-01	7.4927e-01	6.3370e-02	9.1946e-01	1.7165e-02	2.0699e-12	2.8799e-03	5.4875e-01	4.4795e-01	4.1665e-04	2.8073e-01	6.8367e-01	3.5591e-02	7.9172e-06	1.0169e-06	1.1755e-36	4.4246e-19	0.00e+00	0.00e+00	2.5592e+01
2.40983e+16	1.0416e+04	1.384e-16	4.6416e+03	3.7766e+03	1.6485e-11	2.6878e-01	7.3122e-01	6.8147e-02	9.1487e-01	1.6978e-02	2.5118e-12	2.9277e-03	5.6779e-01	4.2892e-01	3.5729e-04	3.0162e-01	6.6819e-01	3.0186e-02	6.4755e-06	8.3286e-07	1.1755e-36	5.6394e-19	0.00e+00	0.00e+00	2.7027e+01
2.43077e+16	1.0351e+04	1.342e-16	4.6416e+03	3.6751e+03	2.0131e-11	2.8979e-01	7.1021e-01	7.4047e-02	9.0923e-01	1.6718e-02	3.1075e-12	2.9815e-03	5.8944e-01	4.0727e-01	2.9963e-04	3.2562e-01	6.4928e-01	2.5088e-02	5.2105e-06	6.6540e-07	1.1755e-36	7.3611e-19	0.00e+00	0.00e+00	2.9037e+01
2.45395e+16	1.0284e+04	1.291e-16	4.6416e+03	3.5547e+03	2.5160e-11	3.1512e-01	6.8488e-01	8.1307e-02	9.0218e-01	1.6508e-02	3.9370e-12	3.0273e-03	6.1373e-01	3.8300e-01	2.4513e-04	3.5415e-01	6.2567e-01	2.0173e-02	4.0916e-06	5.1125e-07	1.1755e-36	9.9328e-19	0.00e+00	0.00e+00	3.1132e+01
2.47493e+16	1.0215e+04	1.239e-16	4.6416e+03	3.4403e+03	3.0886e-11	3.3964e-01	6.6036e-01	8.8813e-02	8.9484e-01	1.6347e-02	4.8757e-12	3.0600e-03	6.3638e-01	3.6035e-01	2.0292e-04	3.8136e-01	6.0225e-01	1.6383e-02	3.2941e-06	3.9814e-07	1.1755e-36	1.3031e-18	0.00e+00	0.00e+00	3.3050e+01
2.49361e+16	1.0158e+04	1.186e-16	4.6416e+03	3.3314e+03	3.6808e-11	3.6171e-01	6.3829e-01	9.6108e-02	8.8767e-01	1.6225e-02	5.8458e-12	3.0753e-03	6.5639e-01	3.4036e-01	1.7104e-04	4.0555e-01	5.8089e-01	1.3560e-02	2.7379e-06	3.1796e-07	1.1755e-36	1.6403e-18	0.00e+00	0.00e+00	3.4967e+01
2.51372e+16	1.0079e+04	1.128e-16	4.6416e+03	3.2145e+03	4.4701e-11	3.8661e-01	6.1339e-01	1.0491e-01	8.7902e-01	1.6063e-02	7.1067e-12	3.0874e-03	6.7822e-01	3.1855e-01	1.4119e-04	4.3248e-01	5.5653e-01	1.0992e-02	2.2530e-06	2.4793e-07	1.1755e-36	2.1017e-18	0.00e+00	0.00e+00	3.7476e+01
2.53697e+16	9.9948e+03	1.056e-16	4.6416e+03	3.0690e+03	5.5686e-11	4.1673e-01	5.8327e-01	1.1599e-01	8.6805e-01	1.5953e-02	8.8467e-12	3.0765e-03	7.0274e-01	2.9407e-01	1.1268e-04	4.6454e-01	5.2693e-01	8.5301e-03	1.8082e-06	1.8403e-07	1.1755e-36	2.7801e-18	0.00e+00	0.00e+00	4.0451e+01
2.55943e+16	9.9059e+03	9.839e-17	4.6416e+03	2.9214e+03	6.9203e-11	4.4749e-01	5.5251e-01	1.2811e-01	8.5599e-01	1.5904e-02	1.0938e-11	3.0489e-03	7.2630e-01	2.7056e-01	9.0098e-05	4.9674e-01	4.9667e-01	6.5844e-03	1.4677e-06	1.3607e-07	1.1755e-36	3.6564e-18	0.00e+00	0.00e+00	4.3147e+01
2.57784e+16	9.8386e+03	9.217e-17	4.6416e+03	2.7995e+03	8.2129e-11	4.7254e-01	5.2746e-01	1.3920e-01	8.4491e-01	1.5883e-02	1.2932e-11	3.0158e-03	7.4534e-01	2.5157e-01	7.4820e-05	5.2260e-01	4.7210e-01	5.2976e-03	1.2480e-06	1.1755e-36	1.1755e-36	4.5406e-18	0.00e+00	0.00e+00	4.5401e+01
2.59346e+16	9.7650e+03	8.689e-17	4.6416e+03	2.6967e+03	9.5004e-11	4.9366e-01	5.0634e-01	1.4956e-01	8.3460e-01	1.5842e-02	1.4820e-11	2.9826e-03	7.6127e-01	2.3568e-01	6.3751e-05	5.4414e-01	4.5146e-01	4.3976e-03	1.0946e-06	1.1755e-36	1.1755e-36	5.4022e-18	0.00e+00	0.00e+00	4.7563e+01
2.60877e+16	9.6945e+03	8.173e-17	4.6416e+03	2.5955e+03	1.0928e-10	5.1447e-01	4.8553e-01	1.6042e-01	8.2379e-01	1.5798e-02	1.6884e-11	2.9423e-03	7.7641e-01	2.2059e-01	5.4374e-05	5.6513e-01	4.3121e-01	3.6504e-03	9.6608e-07	1.1755e-36	1.1755e-36	6.3811e-18	0.00e+00	0.00e+00	4.9928e+01
2.62466e+16	9.6095e+03	7.651e-17	4.6416e+03	2.4924e+03	1.2708e-10	5.3710e-01	4.6290e-01	1.7280e-01	8.1145e-01	1.5750e-02	1.9393e-11	2.8967e-03	7.9190e-01	2.0516e-01	4.5937e-05	5.8771e-01	4.0930e-01	2.9864e-03	8.4811e-07	1.1755e-36	1.1755e-36	7.6279e-18	0.00e+00	0.00e+00	5.2460e+01
2.63733e+16	9.5605e+03	7.229e-17	4.6416e+03	2.4026e+03	1.4213e-10	5.5466e-01	4.4534e-01	1.8274e-01	8.0145e-01	1.5805e-02	2.1496e-11	2.8430e-03	8.0326e-01	1.9386e-01	4.0416e-05	6.0505e-01	3.9241e-01	2.5391e-03	7.6786e-07	1.1755e-36	1.1755e-36	8.7170e-18	0.00e+00	0.00e+00	5.3967e+01
2.64536e+16	9.5186e+03	6.966e-17	4.6416e+03	2.3515e+03	1.5210e-10	5.6461e-01	4.3539e-01	1.8977e-01	7.9444e-01	1.5793e-02	2.2812e-11	2.8152e-03	8.1059e-01	1.8655e-01	3.7259e-05	6.1483e-01	3.8287e-01	2.3007e-03	7.2568e-07	1.1755e-36	1.1755e-36	9.3773e-18	0.00e+00	0.00e+00	5.5088e+01
2.65302e+16	9.4762e+03	6.719e-17	4.6416e+03	2.3045e+03	1.6246e-10	5.7424e-01	4.2576e-01	1.9690e-01	7.8735e-01	1.5747e-02	2.4180e-11	2.7896e-03	8.1763e-01	1.7954e-01	3.4357e-05	6.2424e-01	3.7367e-01	2.0906e-03	6.8750e-07	1.1755e-36	1.1755e-36	1.0078e-17	0.00e+00	0.00e+00	5.6529e+01
2.66286e+16	9.4218e+03	6.407e-17	4.6416e+03	2.2399e+03	1.7726e-10	5.8725e-01	4.1275e-01	2.0604e-01	7.7825e-01	1.5712e-02	2.6077e-11	2.7491e-03	8.2622e-01	1.7100e-01	3.0964e-05	6.3688e-01	3.6127e-01	1.8411e-03	6.4002e-07	1.1755e-36	1.1755e-36	1.1079e-17	0.00e+00	0.00e+00	5.8441e+01
2.67376e+16	9.3618e+03	6.074e-17	4.6416e+03	2.1685e+03	1.9598e-10	6.0277e-01	3.9723e-01	2.1658e-01	7.6773e-01	1.5691e-02	2.8495e-11	2.7005e-03	8.3540e-01	1.6187e-01	2.7615e-05	6.5184e-01	3.4657e-01	1.5891e-03	5.8883e-07	1.1755e-36	1.1755e-36	1.2428e-17	0.00e+00	0.00e+00	6.0328e+01
2.68337e+16	9.3245e+03	5.778e-17	4.6416e+03	2.1012e+03	2.1197e-10	6.1529e-01	3.8471e-01	2.2569e-01	7.5856e-01	1.5745e-02	3.0519e-11	2.6467e-03	8.4282e-01	1.5451e-01	2.5094e-05	6.6382e-01	3.3478e-01	1.3992e-03	5.5020e-07	1.1755e-36	1.1755e-36	1.3556e-17	0.00e+00	0.00e+00	6.1871e+01
2.69183e+16	9.2688e+03	5.533e-17	4.6416e+03	2.0488e+03	2.2877e-10	6.2643e-01	3.7357e-01	2.3487e-01	7.4942e-01	1.5712e-02	3.2523e-11	2.6092e-03	8.4966e-01	1.4771e-01	2.3001e-05	6.7443e-01	3.2432e-01	1.2498e-03	5.1835e-07	1.1755e-36	1.1755e-36	1.4674e-17	0.00e+00	0.00e+00	6.3405e+01
2.70053e+16	9.2250e+03	5.279e-17	4.6416e+03	1.9919e+03	2.4594e-10	6.3731e-01	3.6269e-01	2.4411e-01	7.4019e-01	1.5703e-02	3.4567e-11	2.5633e-03	8.5624e-01	1.4118e-01	2.1077e-05	6.8475e-01	3.1413e-01	1.1129e-03	4.8876e-07	1.1755e-36	1.1755e-36	1.5828e-17	0.00e+00	0.00e+00	6.5093e+01
2.70999e+16	9.1680e+03	5.013e-17	4.6416e+03	1.9307e+03	2.6729e-10	6.4962e-01	3.5038e-01	2.5467e-01	7.2964e-01	1.5688e-02	3.7004e-11	2.5128e-03	8.6323e-01	1.3424e-01	1.9169e-05	6.9634e-01	3.0268e-01	9.7804e-04	4.5766e-07	1.1755e-36	1.1755e-36	1.7231e-17	0.00e+00	0.00e+00	6.6975e+01
2.71967e+16	9.1114e+03	4.752e-17	4.6416e+03	1.8695e+03	2.9091e-10	6.6241e-01	3.3759e-01	2.6587e-01	7.1846e-01	1.5676e-02	3.9707e-11	2.4601e-03	8.7012e-01	1.2741e-01	1.7427e-05	7.0832e-01	2.9083e-01	8.5476e-04	4.2744e-07	1.1755e-36	1.1755e-36	1.8835e-17	0.00e+00	0.00e+00	6.8812e+01
2.72869e+16	9.0689e+03	4.512e-17	4.6416e+03	1.8112e+03	3.1264e-10	6.7341e-01	3.2659e-01	2.7624e-01	7.0807e-01	1.5696e-02	4.2141e-11	2.4062e-03	8.7609e-01	1.2148e-01	1.6010e-05	7.1856e-01	2.8069e-01	7.5555e-04	4.0272e-07	1.1755e-36	1.1755e-36	2.0268e-17	0.00e+00	0.00e+00	7.0507e+01
2.73742e+16	9.0054e+03	4.292e-17	4.6416e+03	1.7593e+03	3.3806e-10	6.8427e-01	3.1573e-01	2.8740e-01	6.9696e-01	1.5642e-02	4.4784e-11	2.3603e-03	8.8201e-01	1.1561e-01	1.4733e-05	7.2863e-01	2.7070e-01	6.6947e-04	3.7979e-07	1.1755e-36	1.1755e-36	2.1827e-17	0.00e+00	0.00e+00	7.2286e+01
2.74642e+16	8.9596e+03	4.069e-17	4.6416e+03	1.7033e+03	3.6298e-10	6.9477e-01	3.0523e-01	2.9851e-01	6.8584e-01	1.5643e-02	4.7405e-11	2.3061e-03	8.8759e-01	1.1009e-01	1.3579e-05	7.3830e-01	2.6110e-01	5.9150e-04	3.5853e-07	1.1755e-36	1.1755e-36	2.3375e-17	0.00e+00	0.00e+00	7.4145e+01
2.75575e+16	8.8965e+03	3.848e-17	4.6416e+03	1.6470e+03	3.9342e-10	7.0591e-01	2.9409e-01	3.1073e-01	6.7366e-01	1.5613e-02	5.0386e-11	2.2514e-03	8.9328e-01	1.0446e-01	1.2493e-05	7.4853e-01	2.5095e-01	5.1924e-04	3.3725e-07	1.1755e-36	1.1755e-36	2.5149e-17	0.00e+00	0.00e+00	7.6118e+01
2.76513e+16	8.8357e+03	3.636e-17	4.6416e+03	1.5922e+03	4.2584e-10	7.1702e-01	2.8298e-01	3.2337e-01	6.6106e-01	1.5575e-02	5.3550e-11	2.1966e-03	8.9873e-01	9.9057e-02	1.1522e-05	7.5867e-01	2.4088e-01	4.5498e-04	3.1705e-07	1.1755e-36	1.1755e-36	2.7062e-17	0.00e+00	0.00e+00	7.8056e+01
2.77412e+16	8.7788e+03	3.441e-17	4.6416e+03	1.5403e+03	4.5825e-10	7.2703e-01	2.7297e-01	3.3565e-01	6.4880e-01	1.5544e-02	5.6562e-11	2.1430e-03	9.0367e-01	9.4171e-02	1.0701e-05	7.6776e-01	2.3184e-01	4.0161e-04	2.9961e-07	1.1755e-36	1.1755e-36	2.8850e-17	0.00e+00	0.00e+00	7.9921e+01
2.78299e+16	8.7244e+03	3.256e-17	4.6416e+03	1.4903e+03	4.9162e-10	7.3642e-01	2.6358e-01	3.4806e-01	6.3645e-01	1.5495e-02	5.9573e-11	2.0904e-03	9.0834e-01	8.9557e-02	9.9750e-06	7.7625e-01	2.2339e-01	3.5543e-04	2.8388e-07	1.1755e-36	1.1755e-36	3.0614e-17	0.00e+00	0.00e+00	8.1861e+01
2.79230e+16	8.6571e+03	3.070e-17	4.6416e+03	1.4389e+03	5.3161e-10	7.4634e-01	2.5366e-01	3.6161e-01	6.2296e-01	1.5433e-02	6.2937e-11	2.0354e-03	9.1307e-01	8.4882e-02	9.2881e-06	7.8519e-01	2.1450e-01	3.1230e-04	2.6799e-07	1.1755e-36	1.1755e-36	3.2575e-17	0.00e+00	0.00e+00	8.3967e+01
2.80189e+16	8.5887e+03	2.890e-17	4.6416e+03	1.3878e+03	5.7591e-10	7.5657e-01	2.4343e-01	3.7584e-01	6.0880e-01	1.5358e-02	6.6627e-11	1.9796e-03	9.1768e-01	8.0329e-02	8.6608e-06	7.9436e-01	2.0537e-01	2.7303e-04	2.5229e-07	1.1755e-36	1.1755e-36	3.4767e-17	0.00e+00	0.00e+00	8.6083e+01
2.81114e+16	8.5248e+03	2.724e-17	4.6416e+03	1.3388e+03	6.2041e-10	7.6574e-01	2.3426e-01	3.8954e-01	5.9516e-01	1.5296e-02	7.0080e-11	1.9245e-03	9.2181e-01	7.6253e-02	8.1340e-06	8.0254e-01	1.9722e-01	2.4052e-04	2.3870e-07	1.1755e-36	1.1755e-36	3.6736e-17	0.00e+00	0.00e+00	8.8092e+01
2.82016e+16	8.4639e+03	2.570e-17	4.6416e+03	1.2933e+03	6.6559e-10	7.7411e-01	2.2589e-01	4.0326e-01	5.8153e-01	1.5204e-02	7.3477e-11	1.8728e-03	9.2567e-01	7.2448e-02	7.6750e-06	8.0999e-01	1.8980e-01	2.1296e-04	2.2667e-07	1.1755e-36	1.1755e-36	3.8620e-17	0.00e+00	0.00e+00	9.0157e+01
2.82964e+16	8.3886e+03	2.416e-17	4.6416e+03	1.2466e+03	7.2035e-10	7.8289e-01	2.1711e-01	4.1817e-01	5.6674e-01	1.5092e-02	7.7238e-11	1.8189e-03	9.2956e-01	6.8614e-02	7.2421e-06	8.1777e-01	1.8204e-01	1.8734e-04	2.1452e-07	1.1755e-36	1.1755e-36	4.0664e-17	0.00e+00	0.00e+00	9.2417e+01
2.83953e+16	8.3109e+03	2.266e-17	4.6416e+03	1.1995e+03	7.8214e-10	7.9206e-01	2.0794e-01	4.3381e-01	5.5122e-01	1.4965e-02	8.1395e-11	1.7637e-03	9.3335e-01	6.4882e-02	6.8436e-06	8.2586e-01	1.7397e-01	1.6382e-04	2.0225e-07	1.1755e-36	1.1755e-36	4.2966e-17	0.00e+00	0.00e+00	9.4720e+01
2.84914e+16	8.2377e+03	2.128e-17	4.6416e+03	1.1545e+03	8.4488e-10	8.0027e-01	1.9973e-01	4.4883e-01	5.3632e-01	1.4852e-02	8.5262e-11	1.7095e-03	9.3673e-01	6.1557e-02	6.5094e-06	8.3308e-01	1.6678e-01	1.4437e-04	1.9159e-07	1.1755e-36	1.1755e-36	4.4968e-17	0.00e+00	0.00e+00	9.6902e+01
2.85850e+16	8.1621e+03	2.002e-17	4.6416e+03	1.1135e+03	9.1137e-10	8.0775e-01	1.9225e-01	4.6400e-01	5.2130e-01	1.4694e-02	8.9090e-11	1.6600e-03	9.3989e-01	5.8447e-02	6.2195e-06	8.3962e-01	1.6025e-01	1.2800e-04	1.8215e-07	1.1755e-36	1.1755e-36	4.6849e-17	0.00e+00	0.00e+00	9.9134e+01
2.86831e+16	8.0840e+03	1.878e-17	4.6416e+03	1.0717e+03	9.8610e-10	8.1531e-01	1.8469e-01	4.7989e-01	5.0559e-01	1.4519e-02	9.3188e-11	1.6089e-03	9.4298e-01	5.5400e-02	5.9502e-06	8.4623e-01	1.5366e-01	1.1300e-04	1.7285e-07	1.1755e-36	1.1755e-36	4.8827e-17	0.00e+00	0.00e+00	1.0157e+02
2.87862e+16	7.9992e+03	1.756e-17	4.6416e+03	1.0285e+03	1.0727e-09	8.2310e-01	1.7690e-01	4.9634e-01	4.8931e-01	1.4347e-02	9.7520e-11	1.5547e-03	9.4597e-01	5.2470e-02	5.7032e-06	8.5301e-01	1.4689e-01	9.9292e-05	1.6352e-07	1.1755e-36	1.1755e-36	5.0838e-17	0.00e+00	0.00e+00	1.0409e+02
2.88881e+16	7.9082e+03	1.644e-17	4.6416e+03	9.8807e+02	1.1693e-09	8.3044e-01	1.6956e-01	5.1267e-01	4.7318e-01	1.4148e-02	1.0189e-10	1.5037e-03	9.4870e-01	4.9788e-02	5.4915e-06	8.5938e-01	1.4053e-01	8.7721e-05	1.5496e-07	1.1755e-36	1.1755e-36	5.2784e-17	0.00e+00	0.00e+00	1.0650e+02
2.89864e+16	7.8182e+03	1.545e-17	4.6416e+03	9.5237e+02	1.2704e-09	8.3698e-01	1.6302e-01	5.2879e-01	4.5730e-01	1.3905e-02	1.0614e-10	1.4588e-03	9.5119e-01	4.7343e-02	5.3121e-06	8.6504e-01	1.3488e-01	7.8188e-05	1.4751e-07	1.1755e-36	1.1755e-36	5.4570e-17	0.00e+00	0.00e+00	1.0889e+02
2.90869e+16	7.7275e+03	1.449e-17	4.6416e+03	9.1643e+02	1.3813e-09	8.4309e-01	1.5691e-01	5.4494e-01	4.4140e-01	1.3661e-02	1.1025e-10	1.4126e-03	9.5354e-01	4.5045e-02	5.1519e-06	8.7032e-01	1.2961e-01	6.9829e-05	1.4069e-07	1.1755e-36	1.1755e-36	5.6065e-17	0.00e+00	0.00e+00	1.1145e+02
2.91917e+16	7.6400e+03	1.357e-17	4.6416e+03	8.8048e+02	1.5012e-09	8.4928e-01	1.5072e-01	5.6121e-01	4.2537e-01	1.3419e-02	1.1453e-10	1.3656e-03	9.5574e-01	4.2886e-02	5.0059e-06	8.7564e-01	1.2430e-01	6.2241e-05	1.3391e-07	1.1755e-36	1.1755e-36	5.7600e-17	0.00e+00	0.00e+00	1.1409e+02
2.92964e+16	7.5353e+03	1.272e-17	4.6416e+03	8.4725e+02	1.6489e-09	8.5535e-01	1.4465e-01	5.7764e-01	4.0924e-01	1.3121e-02	1.1916e-10	1.3227e-03	9.5781e-01	4.0867e-02	4.8785e-06	8.8085e-01	1.1909e-01	5.5714e-05	1.2741e-07	1.1755e-36	1.1755e-36	5.9314e-17	0.00e+00	0.00e+00	1.1669e+02
2.94011e+16	7.4322e+03	1.194e-17	4.6416e+03	8.1540e+02	1.8076e-09	8.6073e-01	1.3927e-01	5.9366e-01	3.9352e-01	1.2823e-02	1.2339e-10	1.2808e-03	9.5968e-01	3.9031e-02	4.7691e-06	8.8546e-01	1.1449e-01	5.0219e-05	1.2176e-07	1.1755e-36	1.1755e-36	6.0561e-17	0.00e+00	0.00e+00	1.1935e+02
2.95081e+16	7.3255e+03	1.121e-17	4.6416e+03	7.8482e+02	1.9886e-09	8.6596e-01	1.3404e-01	6.0964e-01	3.7786e-01	1.2504e-02	1.2776e-10	1.2404e-03	9.6144e-01	3.7319e-02	4.6717e-06	8.8994e-01	1.1002e-01	4.5376e-05	1.1755e-36	1.1755e-36	1.1755e-36	6.1831e-17	0.00e+00	0.00e+00	1.2210e+02
2.96179e+16	7.2149e+03	1.052e-17	4.6416e+03	7.5524e+02	2.1957e-09	8.7098e-01	1.2902e-01	6.2550e-01	3.6233e-01	1.2171e-02	1.3216e-10	1.2010e-03	9.6306e-01	3.5732e-02	4.5854e-06	8.9422e-01	1.0574e-01	4.1131e-05	1.1755e-36	1.1755e-36	1.1755e-36	6.3020e-17	0.00e+00	0.00e+00	1.2494e+02
2.97302e+16	7.1011e+03	9.879e-18	4.6416e+03	7.2698e+02	2.4327e-09	8.7576e-01	1.2424e-01	6.4116e-01	3.4701e-01	1.1821e-02	1.3661e-10	1.1631e-03	9.6457e-01	3.4267e-02	4.5093e-06	8.9830e-01	1.0166e-01	3.7427e-05	1.1755e-36	1.1755e-36	1.1755e-36	6.4174e-17	0.00e+00	0.00e+00	1.2785e+02
2.98454e+16	6.9834e+03	9.281e-18	4.6416e+03	6.9991e+02	2.7062e-09	8.8026e-01	1.1974e-01	6.5656e-01	3.3198e-01	1.1459e-02	1.4103e-10	1.1266e-03	9.6595e-01	3.2920e-02	4.4428e-06	9.0213e-01	9.7836e-02	3.4215e-05	1.1755e-36	1.1755e-36	1.1755e-36	6.5226e-17	0.00e+00	0.00e+00	1.3087e+02
2.99642e+16	6.8564e+03	8.721e-18	4.6416e+03	6.7345e+02	3.0366e-09	8.8452e-01	1.1548e-01	6.7162e-01	3.1729e-01	1.1088e-02	1.4538e-10	1.0908e-03	9.6722e-01	3.1686e-02	4.3851e-06	9.0575e-01	9.4217e-02	3.1428e-05	1.1755e-36	1.1755e-36	1.1755e-36	6.6137e-17	0.00e+00	0.00e+00	1.3400e+02
3.00861e+16	6.7326e+03	8.206e-18	4.6416e+03	6.4886e+02	3.4070e-09	8.8853e-01	1.1147e-01	6.8623e-01	3.0306e-01	1.0707e-02	1.4982e-10	1.0573e-03	9.6837e-01	3.0566e-02	4.3345e-06	9.0916e-01	9.0809e-02	2.9006e-05	1.1755e-36	1.1755e-36	1.1755e-36	6.7177e-17	0.00e+00	0.00e+00	1.3720e+02
3.02125e+16	6.6041e+03	7.726e-18	4.6416e+03	6.2557e+02	3.8460e-09	8.9232e-01	1.0768e-01	7.0060e-01	2.8909e-01	1.0308e-02	1.5438e-10	1.0254e-03	9.6944e-01	2.9525e-02	4.2902e-06	9.1237e-01	8.7602e-02	2.6895e-05	1.1755e-36	1.1755e-36	1.1755e-36	6.8304e-17	0.00e+00	0.00e+00	1.4059e+02
3.03472e+16	6.4789e+03	7.268e-18	4.6416e+03	6.0233e+02	4.3443e-09	8.9586e-01	1.0414e-01	7.1447e-01	2.7560e-01	9.9236e-03	1.5877e-10	9.9291e-04	9.7042e-01	2.8578e-02	4.2508e-06	9.1538e-01	8.4599e-02	2.5022e-05	1.1755e-36	1.1755e-36	1.1755e-36	6.9317e-17	0.00e+00	0.00e+00	1.4426e+02
3.04892e+16	6.3431e+03	6.843e-18	4.6416e+03	5.8040e+02	4.9700e-09	8.9942e-01	1.0058e-01	7.2807e-01	2.6242e-01	9.5166e-03	1.6371e-10	9.6262e-04	9.7132e-01	2.7712e-02	4.2163e-06	9.1838e-01	8.1592e-02	2.3364e-05	1.1755e-36	1.1755e-36	1.1755e-36	7.0877e-17	0.00e+00	0.00e+00	1.4807e+02
3.06380e+16	6.2054e+03	6.452e-18	4.6416e+03	5.5997e+02	5.7161e-09	9.0267e-01	9.7330e-02	7.4114e-01	2.4976e-01	9.1006e-03	1.6885e-10	9.3441e-04	9.7214e-01	2.6923e-02	4.1870e-06	9.2114e-01	7.8839e-02	2.1945e-05	1.1755e-36	1.1755e-36	1.1755e-36	7.2737e-17	0.00e+00	0.00e+00	1.5212e+02
3.07985e+16	6.0633e+03	6.085e-18	4.6416e+03	5.4025e+02	6.6335e-09	9.0580e-01	9.4202e-02	7.5384e-01	2.3748e-01	8.6779e-03	1.7444e-10	9.0713e-04	9.7290e-01	2.6191e-02	4.1612e-06	9.2379e-01	7.6192e-02	2.0688e-05	1.1755e-36	1.1755e-36	1.1755e-36	7.5156e-17	0.00e+00	0.00e+00	1.5657e+02
3.09743e+16	5.9172e+03	5.736e-18	4.6416e+03	5.2100e+02	7.7751e-09	9.0886e-01	9.1138e-02	7.6610e-01	2.2564e-01	8.2539e-03	1.8071e-10	8.8040e-04	9.7359e-01	2.5525e-02	4.1385e-06	9.2638e-01	7.3602e-02	1.9564e-05	1.1755e-36	1.1755e-36	1.1755e-36	7.8414e-17	0.00e+00	0.00e+00	1.6147e+02
3.11658e+16	5.7690e+03	5.414e-18	4.6416e+03	5.0279e+02	9.1884e-09	9.1176e-01	8.8243e-02	7.7775e-01	2.1442e-01	7.8304e-03	1.8780e-10	8.5515e-04	9.7421e-01	2.4930e-02	4.1191e-06	9.2883e-01	7.1154e-02	1.8588e-05	1.1755e-36	1.1755e-36	1.1755e-36	8.2787e-17	0.00e+00	0.00e+00	1.6679e+02
3.13753e+16	5.6191e+03	5.117e-18	4.6416e+03	4.8572e+02	1.0953e-08	9.1446e-01	8.5537e-02	7.8874e-01	2.0386e-01	7.4075e-03	1.9602e-10	8.3160e-04	9.7478e-01	2.4388e-02	4.1027e-06	9.3112e-01	6.8866e-02	1.7744e-05	1.1755e-36	1.1755e-36	1.1755e-36	8.8720e-17	0.00e+00	0.00e+00	1.7268e+02
3.15536e+16	5.5108e+03	4.916e-18	4.6416e+03	4.7372e+02	1.2496e-08	9.1639e-01	8.3608e-02	7.9616e-01	1.9673e-01	7.1156e-03	2.0286e-10	8.1493e-04	9.7499e-01	2.4194e-02	4.0941e-06	9.3275e-01	6.7235e-02	1.7194e-05	1.1755e-36	1.1755e-36	1.1755e-36	9.4355e-17	0.00e+00	0.00e+00	1.7635e+02
3.16771e+16	5.4294e+03	4.806e-18	4.6416e+03	4.6912e+02	1.3784e-08	9.1707e-01	8.2935e-02	8.0211e-01	1.9106e-01	6.8255e-03	2.0857e-10	8.1002e-04	9.7522e-01	2.3963e-02	4.0910e-06	9.3334e-01	6.6646e-02	1.6947e-05	1.1755e-36	1.1755e-36	1.1755e-36	9.9225e-17	0.00e+00	0.00e+00	1.7932e+02
3.17915e+16	5.3534e+03	4.704e-18	4.6416e+03	4.6397e+02	1.5144e-08	9.1768e-01	8.2317e-02	8.0703e-01	1.8638e-01	6.5914e-03	2.1408e-10	8.0391e-04	9.7546e-01	2.3735e-02	4.0883e-06	9.3388e-01	6.6106e-02	1.6735e-05	1.1755e-36	1.1755e-36	1.1755e-36	1.0430e-16	0.00e+00	0.00e+00	1.8250e+02
3.19166e+16	5.2918e+03	4.591e-18	4.6416e+03	4.5730e+02	1.6413e-08	9.1857e-01	8.1434e-02	8.1119e-01	1.8240e-01	6.4122e-03	2.1925e-10	7.9466e-04	9.7567e-01	2.3536e-02	4.0828e-06	9.3463e-01	6.5353e-02	1.6469e-05	1.1755e-36	1.1755e-36	1.1755e-36	1.0928e-16	0.00e+00	0.00e+00	1.8605e+02
3.20676e+16	5.2077e+03	4.463e-18	4.6416e+03	4.4962e+02	1.8369e-08	9.2005e-01	7.9950e-02	8.1596e-01	1.7785e-01	6.1943e-03	2.2780e-10	7.8445e-04	9.7593e-01	2.3277e-02	4.0758e-06	9.3588e-01	6.4103e-02	1.6134e-05	1.1755e-36	1.1755e-36	1.1755e-36	1.1836e-16	0.00e+00	0.00e+00	1.9064e+02
3.22328e+16	5.1320e+03	4.334e-18	4.6416e+03	4.4079e+02	2.0416e-08	9.2165e-01	7.8349e-02	8.1983e-01	1.7414e-01	6.0302e-03	2.3648e-10	7.7187e-04	9.7607e-01	2.3152e-02	4.0690e-06	9.3722e-01	6.2761e-02	1.5795e-05	1.1755e-36	1.1755e-36	1.1755e-36	1.2833e-16	0.00e+00	0.00e+00	1.9497e+02
3.23927e+16	5.0541e+03	4.227e-18	4.6416e+03	4.3360e+02	2.2754e-08	9.2262e-01	7.7376e-02	8.2361e-01	1.7054e-01	5.8521e-03	2.4564e-10	7.6217e-04	9.7621e-01	2.3020e-02	4.0658e-06	9.3806e-01	6.1929e-02	1.5572e-05	1.1755e-36	1.1755e-36	1.1755e-36	1.3942e-16	0.00e+00	0.00e+00	1.9928e+02
3.25501e+16	4.9852e+03	4.133e-18	4.6416e+03	4.2790e+02	2.5105e-08	9.2364e-01	7.6355e-02	8.2717e-01	1.6715e-01	5.6736e-03	2.5547e-10	7.5482e-04	9.7638e-01	2.2863e-02	4.0617e-06	9.3892e-01	6.1066e-02	1.5357e-05	1.1755e-36	1.1755e-36	1.1755e-36	1.5157e-16	0.00e+00	0.00e+00	2.0349e+02
3.27108e+16	4.9163e+03	4.043e-18	4.6416e+03	4.2226e+02	2.7710e-08	9.2456e-01	7.5439e-02	8.3050e-01	1.6400e-01	5.5031e-03	2.6556e-10	7.4764e-04	9.7665e-01	2.2597e-02	4.0570e-06	9.3970e-01	6.0287e-02	1.5167e-05	1.1755e-36	1.1755e-36	1.1755e-36	1.6377e-16	0.00e+00	0.00e+00	2.0798e+02
3.28819e+16	4.8508e+03	3.953e-18	4.6416e+03	4.1632e+02	3.0521e-08	9.2558e-01	7.4421e-02	8.3355e-01	1.6110e-01	5.3462e-03	2.7616e-10	7.3980e-04	9.7691e-01	2.2347e-02	4.0515e-06	9.4056e-01	5.9427e-02	1.4965e-05	1.1755e-36	1.1755e-36	1.1755e-36	1.7740e-16	0.00e+00	0.00e+00	2.1277e+02
3.30659e+16	4.7807e+03	3.862e-18	4.6416e+03	4.1020e+02	3.3917e-08	9.2665e-01	7.3353e-02	8.3657e-01	1.5824e-01	5.1875e-03	2.8840e-10	7.3182e-04	9.7718e-01	2.2086e-02	4.0462e-06	9.4146e-01	5.8525e-02	1.4768e-05	1.1755e-36	1.1755e-36	1.1755e-36	1.9422e-16	0.00e+00	0.00e+00	2.1797e+02
3.32574e+16	4.7077e+03	3.774e-18	4.6416e+03	4.0393e+02	3.7940e-08	9.2771e-01	7.2289e-02	8.3937e-01	1.5559e-01	5.0375e-03	3.0211e-10	7.2372e-04	9.7741e-01	2.1860e-02	4.0417e-06	9.4236e-01	5.7625e-02	1.4585e-05	1.1755e-36	1.1755e-36	1.1755e-36	2.1448e-16	0.00e+00	0.00e+00	2.2317e+02
3.34433e+16	4.6431e+03	3.696e-18	4.6416e+03	3.9843e+02	4.1976e-08	9.2854e-01	7.1457e-02	8.4190e-01	1.5320e-01	4.8997e-03	3.1515e-10	7.1661e-04	9.7761e-01	2.1670e-02	4.0382e-06	9.4307e-01	5.6917e-02	1.4437e-05	1.1755e-36	1.1755e-36	1.1755e-36	2.3489e-16	0.00e+00	0.00e+00	2.2808e+02
3.36274e+16	4.5840e+03	3.626e-18	4.6416e+03	3.9391e+02	4.6123e-08	9.2932e-01	7.0685e-02	8.4445e-01	1.5080e-01	4.7560e-03	3.2848e-10	7.1111e-04	9.7784e-01	2.1447e-02	4.0342e-06	9.4372e-01	5.6262e-02	1.4298e-05	1.1755e-36	1.1755e-36	1.1755e-36	2.5674e-16	0.00e+00	0.00e+00	2.3319e+02
3.38256e+16	4.5177e+03	3.551e-18	4.6416e+03	3.8891e+02	5.1374e-08	9.3029e-01	6.9707e-02	8.4703e-01	1.4836e-01	4.6096e-03	3.4502e-10	7.0509e-04	9.7810e-01	2.1192e-02	4.0296e-06	9.4455e-01	5.5437e-02	1.4143e-05	1.1755e-36	1.1755e-36	1.1755e-36	2.8574e-16	0.00e+00	0.00e+00	2.3889e+02
3.40321e+16	4.4537e+03	3.476e-18	4.6416e+03	3.8336e+02	5.7126e-08	9.3127e-01	6.8732e-02	8.4927e-01	1.4624e-01	4.4834e-03	3.6227e-10	6.9800e-04	9.7830e-01	2.1002e-02	4.0255e-06	9.4537e-01	5.4616e-02	1.3992e-05	1.1755e-36	1.1755e-36	1.1755e-36	3.1822e-16	0.00e+00	0.00e+00	2.4446e+02
3.42356e+16	4.3870e+03	3.408e-18	4.6416e+03	3.7812e+02	6.3885e-08	9.3205e-01	6.7946e-02	8.5149e-01	1.4415e-01	4.3578e-03	3.8128e-10	6.9159e-04	9.7850e-01	2.0809e-02	4.0228e-06	9.4604e-01	5.3945e-02	1.3875e-05	1.1755e-36	1.1755e-36	1.1755e-36	3.5646e-16	0.00e+00	0.00e+00	2.5000e+02
3.44328e+16	4.3274e+03	3.346e-18	4.6416e+03	3.7392e+02	7.0721e-08	9.3289e-01	6.7108e-02	8.5369e-01	1.4208e-01	4.2316e-03	4.0069e-10	6.8680e-04	9.7868e-01	2.0630e-02	4.0196e-06	9.4675e-01	5.3237e-02	1.3754e-05	1.1755e-36	1.1755e-36	1.1755e-36	3.9776e-16	0.00e+00	0.00e+00	2.5524e+02
3.46279e+16	4.2738e+03	3.287e-18	4.6416e+03	3.6963e+02	7.7557e-08	9.3353e-01	6.6469e-02	8.5566e-01	1.4022e-01	4.1195e-03	4.1903e-10	6.8161e-04	9.7887e-01	2.0445e-02	4.0166e-06	9.4729e-01	5.2692e-02	1.3652e-05	1.1755e-36	1.1755e-36	1.1755e-36	4.3904e-16	0.00e+00	0.00e+00	2.6067e+02
3.48395e+16	4.2058e+03	3.219e-18	4.6416e+03	3.6365e+02	8.7269e-08	9.3422e-01	6.5778e-02	8.5747e-01	1.3851e-01	4.0182e-03	4.4319e-10	6.7399e-04	9.7908e-01	2.0238e-02	4.0146e-06	9.4789e-01	5.2097e-02	1.3558e-05	1.1755e-36	1.1755e-36	1.1755e-36	4.9786e-16	0.00e+00	0.00e+00	2.6683e+02
3.50531e+16	4.1521e+03	3.159e-18	4.6416e+03	3.5997e+02	9.6053e-08	9.3535e-01	6.4647e-02	8.5967e-01	1.3643e-01	3.8947e-03	4.6764e-10	6.7006e-04	9.7925e-01	2.0073e-02	4.0097e-06	9.4883e-01	5.1159e-02	1.3408e-05	1.1755e-36	1.1755e-36	1.1755e-36	5.6015e-16	0.00e+00	0.00e+00	2.7237e+02
3.52647e+16	4.0924e+03	3.101e-18	4.6416e+03	3.5546e+02	1.0670e-07	9.3602e-01	6.3975e-02	8.6167e-01	1.3454e-01	3.7840e-03	4.9366e-10	6.6488e-04	9.7947e-01	1.9866e-02	4.0073e-06	9.4940e-01	5.0585e-02	1.3316e-05	1.1755e-36	1.1755e-36	1.1755e-36	6.3129e-16	0.00e+00	0.00e+00	2.7843e+02
3.54860e+16	4.0291e+03	3.039e-18	4.6416e+03	3.5062e+02	1.1945e-07	9.3704e-01	6.2962e-02	8.6371e-01	1.3262e-01	3.6747e-03	5.2506e-10	6.5934e-04	9.7966e-01	1.9681e-02	4.0041e-06	9.5025e-01	4.9735e-02	1.3194e-05	1.1755e-36	1.1755e-36	1.1755e-36	7.2343e-16	0.00e+00	0.00e+00	2.8451e+02
3.57005e+16	3.9541e+03	2.958e-18	4.6416e+03	3.4285e+02	1.3660e-07	9.3846e-01	6.1543e-02	8.6611e-01	1.3031e-01	3.5855e-03	5.6628e-10	6.4898e-04	9.7981e-01	1.9541e-02	4.0019e-06	9.5143e-01	4.8555e-02	1.3033e-05	1.1755e-36	1.1755e-36	1.1755e-36	8.5409e-16	0.00e+00	0.00e+00	2.9022e+02
###########################
2.54777e+12	1.1017e+04	1.336e-16	4.6416e+03	5.2344e+03	8.8468e-15	7.6953e-03	9.9230e-01	3.7454e-03	4.4832e-01	5.4793e-01	1.2356e-16	3.1973e-04	1.2039e-01	7.9508e-01	8.1224e-02	1.1385e-03	1.3257e-01	7.1058e-01	1.5196e-01	3.7373e-03	1.1610e-05	1.8025e-24	0.00e+00	0.00e+00	1.1490e-03
1.52866e+13	1.1006e+04	1.333e-16	4.6416e+03	5.2280e+03	8.8190e-15	7.6723e-03	9.9233e-01	3.7379e-03	4.4813e-01	5.4813e-01	1.2160e-16	3.1521e-04	1.2017e-01	7.9501e-01	8.1506e-02	1.1291e-03	1.3187e-01	7.1119e-01	1.5205e-01	3.7384e-03	1.1641e-05	1.7659e-24	0.00e+00	0.00e+00	5.7311e-03
6.62420e+13	1.0989e+04	1.326e-16	4.6416e+03	5.2261e+03	8.7700e-15	7.6291e-03	9.9237e-01	3.7340e-03	4.4888e-01	5.4739e-01	1.1822e-16	3.1329e-04	1.1984e-01	7.9529e-01	8.1564e-02	1.1084e-03	1.3020e-01	7.1347e-01	1.5150e-01	3.7075e-03	1.1601e-05	1.7138e-24	0.00e+00	0.00e+00	2.3957e-02
2.70063e+14	1.0934e+04	1.308e-16	4.6416e+03	5.2242e+03	8.7301e-15	7.5472e-03	9.9245e-01	3.7506e-03	4.5426e-01	5.4199e-01	1.0991e-16	3.0900e-04	1.1905e-01	7.9682e-01	8.0917e-02	1.0588e-03	1.2573e-01	7.2174e-01	1.4791e-01	3.5502e-03	1.1230e-05	1.5975e-24	0.00e+00	0.00e+00	9.6075e-02
6.45095e+14	1.0746e+04	1.251e-16	4.6416e+03	5.2254e+03	8.1777e-15	7.0972e-03	9.9290e-01	3.6911e-03	4.5564e-01	5.4067e-01	8.4843e-17	2.9066e-04	1.1658e-01	7.9739e-01	8.2797e-02	8.9472e-04	1.1307e-01	7.3497e-01	1.4762e-01	3.4213e-03	1.1385e-05	1.1838e-24	0.00e+00	0.00e+00	1.8424e-01
1.13264e+15	1.0586e+04	1.205e-16	4.6416e+03	5.2240e+03	7.8175e-15	6.7756e-03	9.9322e-01	3.6993e-03	4.6441e-01	5.3189e-01	6.8633e-17	2.7748e-04	1.1471e-01	7.9944e-01	8.2723e-02	7.8901e-04	1.0450e-01	7.4869e-01	1.4284e-01	3.1739e-03	1.1002e-05	9.3810e-25	0.00e+00	0.00e+00	2.9366e-01
1.76644e+15	1.0442e+04	1.165e-16	4.6416e+03	5.2179e+03	7.6136e-15	6.5483e-03	9.9345e-01	3.7820e-03	4.8197e-01	5.1424e-01	5.7432e-17	2.6809e-04	1.1338e-01	8.0304e-01	8.0674e-02	7.2063e-04	9.8756e-02	7.6434e-01	1.3336e-01	2.8114e-03	1.0087e-05	7.8355e-25	0.00e+00	0.00e+00	4.3113e-01
2.59038e+15	1.0312e+04	1.130e-16	4.6416e+03	5.2066e+03	7.6217e-15	6.4326e-03	9.9357e-01	3.9781e-03	5.1173e-01	4.8429e-01	5.0574e-17	2.6391e-04	1.1301e-01	8.0818e-01	7.6248e-02	6.9068e-04	9.6272e-02	7.8222e-01	1.1847e-01	2.3347e-03	8.6069e-06	7.0414e-25	0.00e+00	0.00e+00	6.0669e-01
3.66151e+15	1.0195e+04	1.100e-16	4.6416e+03	5.1890e+03	7.9719e-15	6.4797e-03	9.9352e-01	4.3565e-03	5.5872e-01	4.3692e-01	4.8527e-17	2.6800e-04	1.1430e-01	8.1451e-01	6.9071e-02	7.1226e-04	9.8320e-02	8.0147e-01	9.7729e-02	1.7636e-03	6.6101e-06	7.0893e-25	0.00e+00	0.00e+00	8.3659e-01
5.05299e+15	1.0076e+04	1.074e-16	4.6416e+03	5.1634e+03	9.0615e-15	6.8045e-03	9.9320e-01	5.0266e-03	6.2873e-01	3.6624e-01	5.3793e-17	2.8613e-04	1.1829e-01	8.2099e-01	5.9084e-02	8.1931e-04	1.0717e-01	8.1890e-01	7.1950e-02	1.1551e-03	4.3246e-06	8.5585e-25	0.00e+00	0.00e+00	1.1500e+00
6.58759e+15	1.0009e+04	1.052e-16	4.6416e+03	5.1292e+03	1.0722e-14	7.3660e-03	9.9263e-01	5.8712e-03	7.0916e-01	2.8497e-01	6.5737e-17	3.1361e-04	1.2362e-01	8.2586e-01	4.9272e-02	1.0114e-03	1.2144e-01	8.2816e-01	4.8698e-02	6.9185e-04	2.5455e-06	1.1655e-24	0.00e+00	0.00e+00	1.4732e+00
7.74721e+15	9.9816e+03	1.043e-16	4.6416e+03	5.0961e+03	1.2523e-14	7.9699e-03	9.9203e-01	6.5279e-03	7.6679e-01	2.2669e-01	8.0953e-17	3.3899e-04	1.2801e-01	8.2801e-01	4.2920e-02	1.2273e-03	1.3550e-01	8.2766e-01	3.5154e-02	4.6145e-04	1.6463e-06	1.5705e-24	0.00e+00	0.00e+00	1.6652e+00
8.42965e+15	9.9730e+03	1.041e-16	4.6416e+03	5.0814e+03	1.4144e-14	8.4772e-03	9.9152e-01	6.9504e-03	7.9674e-01	1.9631e-01	9.7012e-17	3.5999e-04	1.3140e-01	8.2820e-01	3.9421e-02	1.4139e-03	1.4624e-01	8.2338e-01	2.8606e-02	3.6016e-04	1.2439e-06	1.9973e-24	0.00e+00	0.00e+00	1.8000e+00
8.97188e+15	9.9748e+03	1.042e-16	4.6416e+03	5.0702e+03	1.5772e-14	8.9622e-03	9.9104e-01	7.3038e-03	8.1810e-01	1.7460e-01	1.1520e-16	3.8012e-04	1.3456e-01	8.2775e-01	3.6763e-02	1.6009e-03	1.5613e-01	8.1787e-01	2.4100e-02	2.9458e-04	9.8401e-07	2.4920e-24	0.00e+00	0.00e+00	1.9423e+00
9.59488e+15	9.9852e+03	1.043e-16	4.6416e+03	5.0590e+03	1.8013e-14	9.5991e-03	9.9040e-01	7.7186e-03	8.4013e-01	1.5215e-01	1.4281e-16	4.0588e-04	1.3845e-01	8.2679e-01	3.3880e-02	1.8573e-03	1.6848e-01	8.0976e-01	1.9671e-02	2.3379e-04	7.4555e-07	3.2770e-24	0.00e+00	0.00e+00	2.1403e+00
1.02927e+16	9.9945e+03	1.049e-16	4.6416e+03	5.0476e+03	2.1085e-14	1.0410e-02	9.8959e-01	8.1720e-03	8.6119e-01	1.3064e-01	1.8344e-16	4.3686e-04	1.4292e-01	8.2529e-01	3.0945e-02	2.2007e-03	1.8331e-01	7.9861e-01	1.5695e-02	1.8313e-04	5.4809e-07	4.5026e-24	0.00e+00	0.00e+00	2.3512e+00
1.09423e+16	1.0027e+04	1.057e-16	4.6416e+03	5.0366e+03	2.4377e-14	1.1266e-02	9.8873e-01	8.5812e-03	8.7763e-01	1.1379e-01	2.3380e-16	4.6765e-04	1.4714e-01	8.2359e-01	2.8450e-02	2.5881e-03	1.9838e-01	7.8617e-01	1.2718e-02	1.4792e-04	4.1214e-07	6.1242e-24	0.00e+00	0.00e+00	2.5519e+00
1.15315e+16	1.0054e+04	1.067e-16	4.6416e+03	5.0267e+03	2.8138e-14	1.2166e-02	9.8783e-01	8.9705e-03	8.9047e-01	1.0056e-01	2.9635e-16	4.9882e-04	1.5134e-01	8.2157e-01	2.6277e-02	3.0194e-03	2.1351e-01	7.7288e-01	1.0470e-02	1.2284e-04	3.1674e-07	8.2489e-24	0.00e+00	0.00e+00	2.7553e+00
1.21878e+16	1.0092e+04	1.080e-16	4.6416e+03	5.0163e+03	3.3266e-14	1.3312e-02	9.8669e-01	9.4334e-03	9.0293e-01	8.7632e-02	3.9282e-16	5.3789e-04	1.5651e-01	8.1874e-01	2.3941e-02	3.6077e-03	2.3209e-01	7.5584e-01	8.3699e-03	1.0063e-04	2.3447e-07	1.1721e-23	0.00e+00	0.00e+00	3.0447e+00
1.28885e+16	1.0147e+04	1.098e-16	4.6416e+03	5.0044e+03	3.9885e-14	1.4725e-02	9.8527e-01	9.9351e-03	9.1361e-01	7.6457e-02	5.3660e-16	5.8237e-04	1.6226e-01	8.1529e-01	2.1629e-02	4.3941e-03	2.5426e-01	7.3466e-01	6.6052e-03	8.3119e-05	1.7081e-07	1.7284e-23	0.00e+00	0.00e+00	3.3294e+00
1.34902e+16	1.0205e+04	1.117e-16	4.6416e+03	4.9941e+03	4.6993e-14	1.6145e-02	9.8385e-01	1.0385e-02	9.2120e-01	6.8412e-02	7.1182e-16	6.2422e-04	1.6753e-01	8.1191e-01	1.9724e-02	5.2385e-03	2.7521e-01	7.1411e-01	5.3710e-03	7.1407e-05	1.2968e-07	2.4599e-23	0.00e+00	0.00e+00	3.5865e+00
1.40247e+16	1.0250e+04	1.138e-16	4.6416e+03	4.9865e+03	5.5124e-14	1.7587e-02	9.8241e-01	1.0797e-02	9.2714e-01	6.2062e-02	9.2591e-16	6.6344e-04	1.7247e-01	8.0860e-01	1.8080e-02	6.1349e-03	2.9463e-01	6.9472e-01	4.4491e-03	6.2844e-05	1.1755e-36	3.4271e-23	0.00e+00	0.00e+00	3.8574e+00
1.46291e+16	1.0323e+04	1.158e-16	4.6416e+03	4.9734e+03	6.5701e-14	1.9452e-02	9.8055e-01	1.1364e-02	9.3296e-01	5.5679e-02	1.2689e-15	7.1740e-04	1.7922e-01	8.0363e-01	1.6269e-02	7.4309e-03	3.2095e-01	6.6802e-01	3.5513e-03	5.4605e-05	1.1755e-36	5.0328e-23	0.00e+00	0.00e+00	4.2468e+00
1.52464e+16	1.0380e+04	1.187e-16	4.6416e+03	4.9642e+03	8.0596e-14	2.1691e-02	9.7831e-01	1.1936e-02	9.3776e-01	5.0301e-02	1.7749e-15	7.7278e-04	1.8618e-01	7.9838e-01	1.4522e-02	9.0484e-03	3.4853e-01	6.3955e-01	2.8237e-03	4.7859e-05	1.1755e-36	7.6659e-23	0.00e+00	0.00e+00	4.5973e+00
1.57458e+16	1.0451e+04	1.209e-16	4.6416e+03	4.9481e+03	9.4552e-14	2.3803e-02	9.7620e-01	1.2509e-02	9.4094e-01	4.6549e-02	2.3551e-15	8.2551e-04	1.9277e-01	7.9311e-01	1.3156e-02	1.0733e-02	3.7486e-01	6.1204e-01	2.3202e-03	4.3077e-05	1.1755e-36	1.0811e-22	0.00e+00	0.00e+00	4.9094e+00
1.62604e+16	1.0502e+04	1.234e-16	4.6416e+03	4.9366e+03	1.1388e-13	2.6294e-02	9.7371e-01	1.3133e-02	9.4406e-01	4.2809e-02	3.2020e-15	8.8494e-04	2.0023e-01	7.8699e-01	1.1782e-02	1.2800e-02	4.0248e-01	5.8281e-01	1.8754e-03	3.8616e-05	1.1755e-36	1.5772e-22	0.00e+00	0.00e+00	5.3576e+00
1.68415e+16	1.0559e+04	1.265e-16	4.6416e+03	4.9243e+03	1.4229e-13	2.9558e-02	9.7044e-01	1.3917e-02	9.4688e-01	3.9203e-02	4.6008e-15	9.5684e-04	2.0948e-01	7.7913e-01	1.0329e-02	1.5695e-02	4.3609e-01	5.4672e-01	1.4641e-03	3.4127e-05	1.1755e-36	2.4691e-22	0.00e+00	0.00e+00	5.8604e+00
1.73885e+16	1.0633e+04	1.293e-16	4.6416e+03	4.8988e+03	1.7502e-13	3.3194e-02	9.6681e-01	1.4813e-02	9.4891e-01	3.6279e-02	6.5110e-15	1.0323e-03	2.1927e-01	7.7057e-01	9.0414e-03	1.9172e-02	4.7106e-01	5.0859e-01	1.1434e-03	3.0271e-05	1.1755e-36	3.7581e-22	0.00e+00	0.00e+00	6.3598e+00
1.78770e+16	1.0680e+04	1.321e-16	4.6416e+03	4.8811e+03	2.1579e-13	3.7057e-02	9.6294e-01	1.5690e-02	9.5040e-01	3.3912e-02	9.0792e-15	1.1085e-03	2.2924e-01	7.6164e-01	7.9410e-03	2.3034e-02	5.0352e-01	4.7251e-01	9.0460e-04	2.6978e-05	1.1755e-36	5.6400e-22	0.00e+00	0.00e+00	6.8632e+00
1.83389e+16	1.0722e+04	1.348e-16	4.6416e+03	4.8603e+03	2.6581e-13	4.1299e-02	9.5870e-01	1.6652e-02	9.5151e-01	3.1841e-02	1.2574e-14	1.1874e-03	2.3975e-01	7.5203e-01	6.9627e-03	2.7485e-02	5.3527e-01	4.3650e-01	7.1534e-04	2.4012e-05	1.1755e-36	8.3861e-22	0.00e+00	0.00e+00	7.4202e+00
1.88681e+16	1.0758e+04	1.378e-16	4.6416e+03	4.8349e+03	3.4305e-13	4.7024e-02	9.5298e-01	1.7945e-02	9.5248e-01	2.9570e-02	1.8548e-14	1.2891e-03	2.5343e-01	7.3930e-01	5.9143e-03	3.3754e-02	5.7215e-01	3.9354e-01	5.3642e-04	2.0753e-05	1.1755e-36	1.3443e-21	0.00e+00	0.00e+00	8.2446e+00
1.94295e+16	1.0786e+04	1.415e-16	4.6416e+03	4.8078e+03	4.6269e-13	5.4549e-02	9.4545e-01	1.9576e-02	9.5292e-01	2.7503e-02	2.8818e-14	1.4124e-03	2.7013e-01	7.2351e-01	4.8937e-03	4.2320e-02	6.1154e-01	3.4574e-01	3.8624e-04	1.7413e-05	1.1755e-36	2.3060e-21	0.00e+00	0.00e+00	9.0831e+00
1.98984e+16	1.0808e+04	1.443e-16	4.6416e+03	4.7724e+03	6.0397e-13	6.2269e-02	9.3773e-01	2.1223e-02	9.5279e-01	2.5989e-02	4.2349e-14	1.5260e-03	2.8620e-01	7.0812e-01	4.1133e-03	5.1444e-02	6.4416e-01	3.0410e-01	2.8633e-04	1.4733e-05	1.1755e-36	3.6856e-21	0.00e+00	0.00e+00	9.8375e+00
2.02969e+16	1.0823e+04	1.463e-16	4.6416e+03	4.7269e+03	7.6367e-13	6.9922e-02	9.3008e-01	2.2853e-02	9.5235e-01	2.4793e-02	5.8935e-14	1.6264e-03	3.0127e-01	6.9355e-01	3.5138e-03	6.0724e-02	6.7009e-01	2.6896e-01	2.1844e-04	1.2610e-05	1.1755e-36	5.4957e-21	0.00e+00	0.00e+00	1.0623e+01
2.06713e+16	1.0827e+04	1.482e-16	4.6416e+03	4.6822e+03	9.6837e-13	7.8355e-02	9.2165e-01	2.4633e-02	9.5165e-01	2.3715e-02	8.1576e-14	1.7307e-03	3.1705e-01	6.7819e-01	2.9977e-03	7.1079e-02	6.9215e-01	2.3659e-01	1.6675e-04	1.0724e-05	1.1755e-36	8.1684e-21	0.00e+00	0.00e+00	1.1462e+01
2.10256e+16	1.0823e+04	1.499e-16	4.6416e+03	4.6358e+03	1.2294e-12	8.7715e-02	9.1229e-01	2.6593e-02	9.5065e-01	2.2754e-02	1.1230e-13	1.8381e-03	3.3371e-01	6.6188e-01	2.5506e-03	8.2680e-02	7.1053e-01	2.0665e-01	1.2703e-04	9.0439e-06	1.1755e-36	1.2067e-20	0.00e+00	0.00e+00	1.2344e+01
2.13545e+16	1.0809e+04	1.514e-16	4.6416e+03	4.5919e+03	1.5578e-12	9.7951e-02	9.0205e-01	2.8722e-02	9.4936e-01	2.1916e-02	1.5324e-13	1.9485e-03	3.5108e-01	6.4478e-01	2.1692e-03	9.5424e-02	7.2484e-01	1.7964e-01	9.7000e-05	7.5790e-06	1.1755e-36	1.7651e-20	0.00e+00	0.00e+00	1.3248e+01
2.16555e+16	1.0793e+04	1.525e-16	4.6416e+03	4.5419e+03	1.9521e-12	1.0867e-01	8.9133e-01	3.0951e-02	9.4785e-01	2.1202e-02	2.0482e-13	2.0531e-03	3.6832e-01	6.2775e-01	1.8545e-03	1.0880e-01	7.3496e-01	1.5616e-01	7.4886e-05	6.3591e-06	1.1755e-36	2.5188e-20	0.00e+00	0.00e+00	1.4162e+01
2.19344e+16	1.0767e+04	1.535e-16	4.6416e+03	4.4970e+03	2.4421e-12	1.2014e-01	8.7986e-01	3.3361e-02	9.4610e-01	2.0543e-02	2.7169e-13	2.1610e-03	3.8605e-01	6.1019e-01	1.5870e-03	1.2309e-01	7.4131e-01	1.3554e-01	5.8152e-05	5.3189e-06	1.1755e-36	3.5705e-20	0.00e+00	0.00e+00	1.5116e+01
2.21984e+16	1.0753e+04	1.532e-16	4.6416e+03	4.4256e+03	2.9936e-12	1.3177e-01	8.6823e-01	3.5803e-02	9.4418e-01	2.0018e-02	3.4942e-13	2.2477e-03	4.0295e-01	5.9342e-01	1.3676e-03	1.3762e-01	7.4464e-01	1.1769e-01	4.5687e-05	4.4721e-06	1.1755e-36	4.8555e-20	0.00e+00	0.00e+00	1.6108e+01
2.24938e+16	1.0718e+04	1.531e-16	4.6416e+03	4.3556e+03	3.8225e-12	1.4671e-01	8.5329e-01	3.9022e-02	9.4159e-01	1.9387e-02	4.7061e-13	2.3609e-03	4.2409e-01	5.7239e-01	1.1424e-03	1.5610e-01	7.4456e-01	9.9303e-02	3.4435e-05	3.6179e-06	1.1755e-36	7.0041e-20	0.00e+00	0.00e+00	1.7544e+01
2.27973e+16	1.0676e+04	1.525e-16	4.6416e+03	4.2738e+03	4.9824e-12	1.6464e-01	8.3536e-01	4.2862e-02	9.3829e-01	1.8845e-02	6.4580e-13	2.4784e-03	4.4765e-01	5.4892e-01	9.3902e-04	1.7810e-01	7.4001e-01	8.1853e-02	2.5373e-05	2.8435e-06	1.1755e-36	1.0369e-19	0.00e+00	0.00e+00	1.8862e+01
2.30355e+16	1.0636e+04	1.515e-16	4.6416e+03	4.2021e+03	6.1822e-12	1.8052e-01	8.1948e-01	4.6382e-02	9.3517e-01	1.8452e-02	8.3208e-13	2.5723e-03	4.6772e-01	5.2890e-01	7.9785e-04	1.9742e-01	7.3308e-01	6.9475e-02	1.9806e-05	2.3189e-06	1.1755e-36	1.4205e-19	0.00e+00	0.00e+00	1.9937e+01
2.32304e+16	1.0611e+04	1.498e-16	4.6416e+03	4.1301e+03	7.3295e-12	1.9401e-01	8.0599e-01	4.9486e-02	9.3236e-01	1.8156e-02	1.0143e-12	2.6397e-03	4.8434e-01	5.1231e-01	6.9722e-04	2.1373e-01	7.2569e-01	6.0555e-02	1.6219e-05	1.9588e-06	1.1755e-36	1.8154e-19	0.00e+00	0.00e+00	2.0998e+01
2.34449e+16	1.0561e+04	1.478e-16	4.6416e+03	4.0552e+03	8.9313e-12	2.1032e-01	7.8968e-01	5.3389e-02	9.2882e-01	1.7791e-02	1.2695e-12	2.7214e-03	5.0399e-01	4.9268e-01	5.9569e-04	2.3324e-01	7.1505e-01	5.1699e-02	1.2961e-05	1.6106e-06	1.1755e-36	2.3975e-19	0.00e+00	0.00e+00	2.2493e+01
2.36855e+16	1.0508e+04	1.450e-16	4.6416e+03	3.9613e+03	1.1176e-11	2.3038e-01	7.6962e-01	5.8240e-02	9.2431e-01	1.7452e-02	1.6338e-12	2.8046e-03	5.2667e-01	4.7002e-01	4.9659e-04	2.5697e-01	7.0021e-01	4.2816e-02	1.0045e-05	1.2767e-06	1.1755e-36	3.2860e-19	0.00e+00	0.00e+00	2.4103e+01
2.39061e+16	1.0453e+04	1.420e-16	4.6416e+03	3.8714e+03	1.3815e-11	2.5073e-01	7.4927e-01	6.3371e-02	9.1946e-01	1.7165e-02	2.0680e-12	2.8799e-03	5.4875e-01	4.4794e-01	4.1663e-04	2.8074e-01	6.8366e-01	3.5589e-02	7.9167e-06	1.0168e-06	1.1755e-36	4.4161e-19	0.00e+00	0.00e+00	2.5593e+01
2.40984e+16	1.0416e+04	1.384e-16	4.6416e+03	3.7766e+03	1.6470e-11	2.6878e-01	7.3122e-01	6.8149e-02	9.1487e-01	1.6978e-02	2.5095e-12	2.9277e-03	5.6780e-01	4.2891e-01	3.5727e-04	3.0163e-01	6.6818e-01	3.0184e-02	6.4751e-06	8.3281e-07	1.1755e-36	5.6288e-19	0.00e+00	0.00e+00	2.7027e+01
2.43078e+16	1.0351e+04	1.342e-16	4.6416e+03	3.6750e+03	2.0113e-11	2.8979e-01	7.1021e-01	7.4049e-02	9.0923e-01	1.6718e-02	3.1047e-12	2.9815e-03	5.8945e-01	4.0727e-01	2.9962e-04	3.2563e-01	6.4928e-01	2.5087e-02	5.2102e-06	6.6536e-07	1.1755e-36	7.3473e-19	0.00e+00	0.00e+00	2.9037e+01
2.45396e+16	1.0284e+04	1.291e-16	4.6416e+03	3.5547e+03	2.5138e-11	3.1513e-01	6.8487e-01	8.1309e-02	9.0218e-01	1.6508e-02	3.9335e-12	3.0274e-03	6.1373e-01	3.8299e-01	2.4512e-04	3.5415e-01	6.2567e-01	2.0172e-02	4.0913e-06	5.1122e-07	1.1755e-36	9.9144e-19	0.00e+00	0.00e+00	3.1133e+01
2.47494e+16	1.0215e+04	1.238e-16	4.6416e+03	3.4402e+03	3.0859e-11	3.3965e-01	6.6035e-01	8.8815e-02	8.9484e-01	1.6347e-02	4.8713e-12	3.0601e-03	6.3638e-01	3.6035e-01	2.0292e-04	3.8137e-01	6.0224e-01	1.6382e-02	3.2939e-06	3.9811e-07	1.1755e-36	1.3007e-18	0.00e+00	0.00e+00	3.3050e+01
2.49361e+16	1.0158e+04	1.186e-16	4.6416e+03	3.3313e+03	3.6777e-11	3.6171e-01	6.3829e-01	9.6110e-02	8.8767e-01	1.6225e-02	5.8407e-12	3.0753e-03	6.5639e-01	3.4036e-01	1.7104e-04	4.0555e-01	5.8088e-01	1.3559e-02	2.7378e-06	3.1794e-07	1.1755e-36	1.6373e-18	0.00e+00	0.00e+00	3.4968e+01
2.51373e+16	1.0078e+04	1.128e-16	4.6416e+03	3.2144e+03	4.4663e-11	3.8662e-01	6.1338e-01	1.0492e-01	8.7902e-01	1.6063e-02	7.1004e-12	3.0875e-03	6.7822e-01	3.1855e-01	1.4119e-04	4.3248e-01	5.5652e-01	1.0991e-02	2.2529e-06	2.4792e-07	1.1755e-36	2.0979e-18	0.00e+00	0.00e+00	3.7477e+01
2.53698e+16	9.9948e+03	1.056e-16	4.6416e+03	3.0690e+03	5.5640e-11	4.1674e-01	5.8326e-01	1.1599e-01	8.6805e-01	1.5953e-02	8.8389e-12	3.0766e-03	7.0275e-01	2.9406e-01	1.1267e-04	4.6454e-01	5.2693e-01	8.5296e-03	1.8081e-06	1.8402e-07	1.1755e-36	2.7751e-18	0.00e+00	0.00e+00	4.0451e+01
2.55943e+16	9.9059e+03	9.839e-17	4.6416e+03	2.9214e+03	6.9147e-11	4.4750e-01	5.5250e-01	1.2811e-01	8.5599e-01	1.5903e-02	1.0929e-11	3.0489e-03	7.2630e-01	2.7055e-01	9.0095e-05	4.9675e-01	4.9667e-01	6.5841e-03	1.4677e-06	1.3606e-07	1.1755e-36	3.6500e-18	0.00e+00	0.00e+00	4.3147e+01
2.57785e+16	9.8386e+03	9.217e-17	4.6416e+03	2.7995e+03	8.2064e-11	4.7255e-01	5.2745e-01	1.3921e-01	8.4491e-01	1.5882e-02	1.2921e-11	3.0158e-03	7.4534e-01	2.5156e-01	7.4817e-05	5.2260e-01	4.7210e-01	5.2973e-03	1.2479e-06	1.1755e-36	1.1755e-36	4.5328e-18	0.00e+00	0.00e+00	4.5401e+01
2.59346e+16	9.7650e+03	8.689e-17	4.6416e+03	2.6967e+03	9.4933e-11	4.9366e-01	5.0634e-01	1.4956e-01	8.3460e-01	1.5842e-02	1.4808e-11	2.9827e-03	7.6127e-01	2.3568e-01	6.3748e-05	5.4414e-01	4.5146e-01	4.3974e-03	1.0946e-06	1.1755e-36	1.1755e-36	5.3933e-18	0.00e+00	0.00e+00	4.7564e+01
2.60878e+16	9.6936e+03	8.173e-17	4.6416e+03	2.5954e+03	1.0924e-10	5.1449e-01	4.8551e-01	1.6043e-01	8.2378e-01	1.5799e-02	1.6873e-11	2.9424e-03	7.7642e-01	2.2058e-01	5.4370e-05	5.6515e-01	4.3119e-01	3.6502e-03	9.6600e-07	1.1755e-36	1.1755e-36	6.3717e-18	0.00e+00	0.00e+00	4.9928e+01
2.62466e+16	9.6098e+03	7.651e-17	4.6416e+03	2.4923e+03	1.2696e-10	5.3709e-01	4.6291e-01	1.7279e-01	8.1146e-01	1.5751e-02	1.9375e-11	2.8966e-03	7.9189e-01	2.0516e-01	4.5939e-05	5.8770e-01	4.0931e-01	2.9864e-03	8.4815e-07	1.1755e-36	1.1755e-36	7.6141e-18	0.00e+00	0.00e+00	5.2460e+01
2.63734e+16	9.5605e+03	7.228e-17	4.6416e+03	2.4025e+03	1.4203e-10	5.5465e-01	4.4535e-01	1.8273e-01	8.0146e-01	1.5806e-02	2.1477e-11	2.8428e-03	8.0325e-01	1.9386e-01	4.0417e-05	6.0504e-01	3.9242e-01	2.5392e-03	7.6790e-07	1.1755e-36	1.1755e-36	8.7017e-18	0.00e+00	0.00e+00	5.3968e+01
2.64537e+16	9.5186e+03	6.966e-17	4.6416e+03	2.3514e+03	1.5200e-10	5.6462e-01	4.3538e-01	1.8978e-01	7.9443e-01	1.5793e-02	2.2797e-11	2.8152e-03	8.1060e-01	1.8655e-01	3.7255e-05	6.1484e-01	3.8286e-01	2.3004e-03	7.2563e-07	1.1755e-36	1.1755e-36	9.3638e-18	0.00e+00	0.00e+00	5.5090e+01
2.65303e+16	9.4761e+03	6.719e-17	4.6416e+03	2.3044e+03	1.6235e-10	5.7425e-01	4.2575e-01	1.9691e-01	7.8735e-01	1.5747e-02	2.4163e-11	2.7896e-03	8.1764e-01	1.7954e-01	3.4355e-05	6.2425e-01	3.7366e-01	2.0904e-03	6.8746e-07	1.1755e-36	1.1755e-36	1.0063e-17	0.00e+00	0.00e+00	5.6528e+01
2.66286e+16	9.4218e+03	6.407e-17	4.6416e+03	2.2399e+03	1.7712e-10	5.8724e-01	4.1276e-01	2.0603e-01	7.7825e-01	1.5711e-02	2.6056e-11	2.7491e-03	8.2622e-01	1.7100e-01	3.0966e-05	6.3687e-01	3.6128e-01	1.8412e-03	6.4005e-07	1.1755e-36	1.1755e-36	1.1062e-17	0.00e+00	0.00e+00	5.8439e+01
2.67375e+16	9.3619e+03	6.074e-17	4.6416e+03	2.1686e+03	1.9582e-10	6.0275e-01	3.9725e-01	2.1658e-01	7.6773e-01	1.5691e-02	2.8471e-11	2.7005e-03	8.3540e-01	1.6188e-01	2.7618e-05	6.5182e-01	3.4659e-01	1.5893e-03	5.8889e-07	1.1755e-36	1.1755e-36	1.2408e-17	0.00e+00	0.00e+00	6.0326e+01
2.68338e+16	9.3244e+03	5.779e-17	4.6416e+03	2.1013e+03	2.1183e-10	6.1528e-01	3.8472e-01	2.2569e-01	7.5857e-01	1.5745e-02	3.0498e-11	2.6467e-03	8.4282e-01	1.5451e-01	2.5094e-05	6.6382e-01	3.3478e-01	1.3992e-03	5.5021e-07	1.1755e-36	1.1755e-36	1.3537e-17	0.00e+00	0.00e+00	6.1871e+01
2.69184e+16	9.2689e+03	5.533e-17	4.6416e+03	2.0488e+03	2.2861e-10	6.2642e-01	3.7358e-01	2.3487e-01	7.4942e-01	1.5712e-02	3.2500e-11	2.6091e-03	8.4966e-01	1.4771e-01	2.3001e-05	6.7443e-01	3.2432e-01	1.2498e-03	5.1836e-07	1.1755e-36	1.1755e-36	1.4653e-17	0.00e+00	0.00e+00	6.3404e+01
2.70053e+16	9.2249e+03	5.279e-17	4.6416e+03	1.9919e+03	2.4580e-10	6.3731e-01	3.6269e-01	2.4411e-01	7.4019e-01	1.5702e-02	3.4544e-11	2.5633e-03	8.5624e-01	1.4118e-01	2.1078e-05	6.8475e-01	3.1413e-01	1.1129e-03	4.8876e-07	1.1755e-36	1.1755e-36	1.5807e-17	0.00e+00	0.00e+00	6.5092e+01
2.70999e+16	9.1681e+03	5.013e-17	4.6416e+03	1.9308e+03	2.6711e-10	6.4961e-01	3.5039e-01	2.5466e-01	7.2965e-01	1.5688e-02	3.6978e-11	2.5128e-03	8.6323e-01	1.3424e-01	1.9170e-05	6.9633e-01	3.0269e-01	9.7812e-04	4.5768e-07	1.1755e-36	1.1755e-36	1.7207e-17	0.00e+00	0.00e+00	6.6973e+01
2.71966e+16	9.1114e+03	4.752e-17	4.6416e+03	1.8696e+03	2.9072e-10	6.6240e-01	3.3760e-01	2.6586e-01	7.1847e-01	1.5675e-02	3.9680e-11	2.4601e-03	8.7011e-01	1.2741e-01	1.7428e-05	7.0831e-01	2.9084e-01	8.5485e-04	4.2747e-07	1.1755e-36	1.1755e-36	1.8809e-17	0.00e+00	0.00e+00	6.8811e+01
2.72869e+16	9.0689e+03	4.512e-17	4.6416e+03	1.8112e+03	3.1244e-10	6.7340e-01	3.2660e-01	2.7623e-01	7.0807e-01	1.5696e-02	4.2114e-11	2.4062e-03	8.7609e-01	1.2149e-01	1.6011e-05	7.1855e-01	2.8069e-01	7.5560e-04	4.0273e-07	1.1755e-36	1.1755e-36	2.0242e-17	0.00e+00	0.00e+00	7.0506e+01
2.73742e+16	9.0054e+03	4.293e-17	4.6416e+03	1.7593e+03	3.3787e-10	6.8427e-01	3.1573e-01	2.8740e-01	6.9696e-01	1.5642e-02	4.4756e-11	2.3603e-03	8.8201e-01	1.1561e-01	1.4733e-05	7.2863e-01	2.7070e-01	6.6949e-04	3.7980e-07	1.1755e-36	1.1755e-36	2.1800e-17	0.00e+00	0.00e+00	7.2285e+01
2.74642e+16	8.9599e+03	4.069e-17	4.6416e+03	1.7033e+03	3.6272e-10	6.9476e-01	3.0524e-01	2.9851e-01	6.8585e-01	1.5644e-02	4.7375e-11	2.3060e-03	8.8759e-01	1.1009e-01	1.3580e-05	7.3830e-01	2.6111e-01	5.9154e-04	3.5855e-07	1.1755e-36	1.1755e-36	2.3346e-17	0.00e+00	0.00e+00	7.4143e+01
2.75575e+16	8.8966e+03	3.848e-17	4.6416e+03	1.6470e+03	3.9319e-10	7.0590e-01	2.9410e-01	3.1072e-01	6.7367e-01	1.5612e-02	5.0355e-11	2.2514e-03	8.9328e-01	1.0446e-01	1.2493e-05	7.4852e-01	2.5096e-01	5.1927e-04	3.3726e-07	1.1755e-36	1.1755e-36	2.5119e-17	0.00e+00	0.00e+00	7.6117e+01
2.76513e+16	8.8357e+03	3.636e-17	4.6416e+03	1.5922e+03	4.2561e-10	7.1701e-01	2.8299e-01	3.2337e-01	6.6106e-01	1.5575e-02	5.3520e-11	2.1966e-03	8.9873e-01	9.9058e-02	1.1522e-05	7.5866e-01	2.4088e-01	4.5499e-04	3.1706e-07	1.1755e-36	1.1755e-36	2.7032e-17	0.00e+00	0.00e+00	7.8055e+01
2.77412e+16	8.7789e+03	3.441e-17	4.6416e+03	1.5403e+03	4.5801e-10	7.2703e-01	2.7297e-01	3.3565e-01	6.4881e-01	1.5543e-02	5.6531e-11	2.1430e-03	9.0367e-01	9.4173e-02	1.0701e-05	7.6776e-01	2.3184e-01	4.0163e-04	2.9962e-07	1.1755e-36	1.1755e-36	2.8818e-17	0.00e+00	0.00e+00	7.9919e+01
2.78299e+16	8.7251e+03	3.256e-17	4.6416e+03	1.4904e+03	4.9119e-10	7.3640e-01	2.6360e-01	3.4804e-01	6.3646e-01	1.5496e-02	5.9536e-11	2.0904e-03	9.0834e-01	8.9561e-02	9.9755e-06	7.7624e-01	2.2340e-01	3.5546e-04	2.8391e-07	1.1755e-36	1.1755e-36	3.0579e-17	0.00e+00	0.00e+00	8.1860e+01
2.79231e+16	8.6570e+03	3.070e-17	4.6416e+03	1.4389e+03	5.3135e-10	7.4633e-01	2.5367e-01	3.6161e-01	6.2296e-01	1.5433e-02	6.2904e-11	2.0354e-03	9.1307e-01	8.4882e-02	9.2881e-06	7.8519e-01	2.1450e-01	3.1230e-04	2.6800e-07	1.1755e-36	1.1755e-36	3.2540e-17	0.00e+00	0.00e+00	8.3968e+01
2.80190e+16	8.5886e+03	2.890e-17	4.6416e+03	1.3878e+03	5.7570e-10	7.5658e-01	2.4342e-01	3.7585e-01	6.0879e-01	1.5357e-02	6.6597e-11	1.9796e-03	9.1768e-01	8.0326e-02	8.6605e-06	7.9437e-01	2.0536e-01	2.7301e-04	2.5227e-07	1.1755e-36	1.1755e-36	3.4735e-17	0.00e+00	0.00e+00	8.6084e+01
2.81114e+16	8.5248e+03	2.724e-17	4.6416e+03	1.3388e+03	6.2011e-10	7.6574e-01	2.3426e-01	3.8954e-01	5.9517e-01	1.5296e-02	7.0044e-11	1.9245e-03	9.2181e-01	7.6254e-02	8.1342e-06	8.0254e-01	1.9722e-01	2.4053e-04	2.3870e-07	1.1755e-36	1.1755e-36	3.6699e-17	0.00e+00	0.00e+00	8.8090e+01
2.82016e+16	8.4644e+03	2.570e-17	4.6416e+03	1.2934e+03	6.6508e-10	7.7409e-01	2.2591e-01	4.0325e-01	5.8155e-01	1.5205e-02	7.3436e-11	1.8728e-03	9.2567e-01	7.2452e-02	7.6754e-06	8.0997e-01	1.8981e-01	2.1299e-04	2.2670e-07	1.1755e-36	1.1755e-36	3.8580e-17	0.00e+00	0.00e+00	9.0155e+01
2.82964e+16	8.3886e+03	2.416e-17	4.6416e+03	1.2466e+03	7.2006e-10	7.8289e-01	2.1711e-01	4.1817e-01	5.6673e-01	1.5091e-02	7.7203e-11	1.8189e-03	9.2956e-01	6.8613e-02	7.2419e-06	8.1777e-01	1.8204e-01	1.8734e-04	2.1452e-07	1.1755e-36	1.1755e-36	4.0626e-17	0.00e+00	0.00e+00	9.2419e+01
2.83954e+16	8.3107e+03	2.266e-17	4.6416e+03	1.1994e+03	7.8193e-10	7.9208e-01	2.0792e-01	4.3383e-01	5.5121e-01	1.4965e-02	8.1366e-11	1.7636e-03	9.3335e-01	6.4879e-02	6.8432e-06	8.2587e-01	1.7396e-01	1.6380e-04	2.0223e-07	1.1755e-36	1.1755e-36	4.2933e-17	0.00e+00	0.00e+00	9.4722e+01
2.84914e+16	8.2378e+03	2.128e-17	4.6416e+03	1.1545e+03	8.4454e-10	8.0027e-01	1.9973e-01	4.4883e-01	5.3632e-01	1.4853e-02	8.5224e-11	1.7095e-03	9.3673e-01	6.1558e-02	6.5095e-06	8.3307e-01	1.6678e-01	1.4437e-04	1.9159e-07	1.1755e-36	1.1755e-36	4.4929e-17	0.00e+00	0.00e+00	9.6900e+01
2.85850e+16	8.1620e+03	2.003e-17	4.6416e+03	1.1135e+03	9.1100e-10	8.0774e-01	1.9226e-01	4.6400e-01	5.2131e-01	1.4694e-02	8.9049e-11	1.6601e-03	9.3989e-01	5.8448e-02	6.2198e-06	8.3961e-01	1.6026e-01	1.2802e-04	1.8217e-07	1.1755e-36	1.1755e-36	4.6807e-17	0.00e+00	0.00e+00	9.9132e+01
2.86831e+16	8.0838e+03	1.878e-17	4.6416e+03	1.0717e+03	9.8585e-10	8.1531e-01	1.8469e-01	4.7989e-01	5.0559e-01	1.4518e-02	9.3149e-11	1.6089e-03	9.4299e-01	5.5400e-02	5.9502e-06	8.4623e-01	1.5366e-01	1.1300e-04	1.7285e-07	1.1755e-36	1.1755e-36	4.8785e-17	0.00e+00	0.00e+00	1.0157e+02
2.87863e+16	7.9991e+03	1.756e-17	4.6416e+03	1.0284e+03	1.0724e-09	8.2311e-01	1.7689e-01	4.9635e-01	4.8930e-01	1.4347e-02	9.7485e-11	1.5546e-03	9.4597e-01	5.2468e-02	5.7030e-06	8.5301e-01	1.4689e-01	9.9282e-05	1.6351e-07	1.1755e-36	1.1755e-36	5.0799e-17	0.00e+00	0.00e+00	1.0409e+02
2.88882e+16	7.9082e+03	1.644e-17	4.6416e+03	9.8805e+02	1.1690e-09	8.3045e-01	1.6955e-01	5.1268e-01	4.7317e-01	1.4148e-02	1.0185e-10	1.5037e-03	9.4870e-01	4.9788e-02	5.4915e-06	8.5938e-01	1.4053e-01	8.7717e-05	1.5496e-07	1.1755e-36	1.1755e-36	5.2744e-17	0.00e+00	0.00e+00	1.0650e+02
2.89864e+16	7.8182e+03	1.545e-17	4.6416e+03	9.5239e+02	1.2699e-09	8.3698e-01	1.6302e-01	5.2879e-01	4.5730e-01	1.3905e-02	1.0610e-10	1.4588e-03	9.5119e-01	4.7343e-02	5.3121e-06	8.6504e-01	1.3488e-01	7.8190e-05	1.4752e-07	1.1755e-36	1.1755e-36	5.4529e-17	0.00e+00	0.00e+00	1.0889e+02
2.90869e+16	7.7274e+03	1.449e-17	4.6416e+03	9.1643e+02	1.3808e-09	8.4309e-01	1.5691e-01	5.4495e-01	4.4139e-01	1.3661e-02	1.1022e-10	1.4126e-03	9.5354e-01	4.5044e-02	5.1519e-06	8.7032e-01	1.2961e-01	6.9828e-05	1.4069e-07	1.1755e-36	1.1755e-36	5.6024e-17	0.00e+00	0.00e+00	1.1145e+02
2.91918e+16	7.6400e+03	1.356e-17	4.6416e+03	8.8045e+02	1.5008e-09	8.4929e-01	1.5071e-01	5.6122e-01	4.2536e-01	1.3419e-02	1.1449e-10	1.3656e-03	9.5575e-01	4.2884e-02	5.0058e-06	8.7564e-01	1.2429e-01	6.2235e-05	1.3390e-07	1.1755e-36	1.1755e-36	5.7561e-17	0.00e+00	0.00e+00	1.1409e+02
2.92965e+16	7.5353e+03	1.272e-17	4.6416e+03	8.4722e+02	1.6484e-09	8.5536e-01	1.4464e-01	5.7765e-01	4.0922e-01	1.3121e-02	1.1912e-10	1.3226e-03	9.5781e-01	4.0865e-02	4.8784e-06	8.8085e-01	1.1909e-01	5.5709e-05	1.2741e-07	1.1755e-36	1.1755e-36	5.9276e-17	0.00e+00	0.00e+00	1.1669e+02
2.94012e+16	7.4322e+03	1.194e-17	4.6416e+03	8.1540e+02	1.8071e-09	8.6072e-01	1.3928e-01	5.9366e-01	3.9352e-01	1.2823e-02	1.2335e-10	1.2808e-03	9.5968e-01	3.9030e-02	4.7691e-06	8.8546e-01	1.1449e-01	5.0218e-05	1.2176e-07	1.1755e-36	1.1755e-36	6.0521e-17	0.00e+00	0.00e+00	1.1935e+02
2.95082e+16	7.3254e+03	1.121e-17	4.6416e+03	7.8483e+02	1.9880e-09	8.6596e-01	1.3404e-01	6.0965e-01	3.7785e-01	1.2504e-02	1.2772e-10	1.2404e-03	9.6144e-01	3.7318e-02	4.6717e-06	8.8993e-01	1.1002e-01	4.5375e-05	1.1755e-36	1.1755e-36	1.1755e-36	6.1791e-17	0.00e+00	0.00e+00	1.2210e+02
2.96180e+16	7.2148e+03	1.052e-17	4.6416e+03	7.5522e+02	2.1952e-09	8.7098e-01	1.2902e-01	6.2552e-01	3.6231e-01	1.2171e-02	1.3213e-10	1.2009e-03	9.6306e-01	3.5730e-02	4.5853e-06	8.9422e-01	1.0574e-01	4.1128e-05	1.1755e-36	1.1755e-36	1.1755e-36	6.2982e-17	0.00e+00	0.00e+00	1.2494e+02
2.97304e+16	7.1010e+03	9.879e-18	4.6416e+03	7.2697e+02	2.4322e-09	8.7577e-01	1.2423e-01	6.4118e-01	3.4700e-01	1.1821e-02	1.3658e-10	1.1630e-03	9.6457e-01	3.4266e-02	4.5092e-06	8.9830e-01	1.0166e-01	3.7424e-05	1.1755e-36	1.1755e-36	1.1755e-36	6.4138e-17	0.00e+00	0.00e+00	1.2785e+02
2.98455e+16	6.9833e+03	9.281e-18	4.6416e+03	6.9990e+02	2.7056e-09	8.8026e-01	1.1974e-01	6.5657e-01	3.3197e-01	1.1458e-02	1.4100e-10	1.1265e-03	9.6595e-01	3.2919e-02	4.4427e-06	9.0213e-01	9.7835e-02	3.4214e-05	1.1755e-36	1.1755e-36	1.1755e-36	6.5189e-17	0.00e+00	0.00e+00	1.3087e+02
2.99643e+16	6.8563e+03	8.721e-18	4.6416e+03	6.7344e+02	3.0360e-09	8.8452e-01	1.1548e-01	6.7163e-01	3.1728e-01	1.1088e-02	1.4534e-10	1.0908e-03	9.6722e-01	3.1685e-02	4.3850e-06	9.0575e-01	9.4218e-02	3.1428e-05	1.1755e-36	1.1755e-36	1.1755e-36	6.6100e-17	0.00e+00	0.00e+00	1.3400e+02
3.00862e+16	6.7325e+03	8.206e-18	4.6416e+03	6.4885e+02	3.4064e-09	8.8853e-01	1.1147e-01	6.8624e-01	3.0305e-01	1.0707e-02	1.4978e-10	1.0573e-03	9.6837e-01	3.0565e-02	4.3345e-06	9.0916e-01	9.0809e-02	2.9005e-05	1.1755e-36	1.1755e-36	1.1755e-36	6.7141e-17	0.00e+00	0.00e+00	1.3720e+02
3.02127e+16	6.6040e+03	7.726e-18	4.6416e+03	6.2555e+02	3.8455e-09	8.9232e-01	1.0768e-01	7.0062e-01	2.8908e-01	1.0307e-02	1.5434e-10	1.0254e-03	9.6945e-01	2.9525e-02	4.2901e-06	9.1237e-01	8.7600e-02	2.6893e-05	1.1755e-36	1.1755e-36	1.1755e-36	6.8269e-17	0.00e+00	0.00e+00	1.4060e+02
3.03473e+16	6.4788e+03	7.267e-18	4.6416e+03	6.0232e+02	4.3437e-09	8.9586e-01	1.0414e-01	7.1449e-01	2.7559e-01	9.9232e-03	1.5874e-10	9.9288e-04	9.7043e-01	2.8578e-02	4.2508e-06	9.1538e-01	8.4598e-02	2.5021e-05	1.1755e-36	1.1755e-36	1.1755e-36	6.9283e-17	0.00e+00	0.00e+00	1.4426e+02
3.04893e+16	6.3431e+03	6.842e-18	4.6416e+03	5.8039e+02	4.9693e-09	8.9942e-01	1.0058e-01	7.2808e-01	2.6241e-01	9.5161e-03	1.6368e-10	9.6259e-04	9.7132e-01	2.7711e-02	4.2163e-06	9.1838e-01	8.1592e-02	2.3364e-05	1.1755e-36	1.1755e-36	1.1755e-36	7.0842e-17	0.00e+00	0.00e+00	1.4807e+02
3.06382e+16	6.2052e+03	6.452e-18	4.6416e+03	5.5996e+02	5.7158e-09	9.0267e-01	9.7329e-02	7.4116e-01	2.4974e-01	9.0999e-03	1.6881e-10	9.3439e-04	9.7214e-01	2.6922e-02	4.1870e-06	9.2114e-01	7.8839e-02	2.1945e-05	1.1755e-36	1.1755e-36	1.1755e-36	7.2705e-17	0.00e+00	0.00e+00	1.5212e+02
3.07986e+16	6.0632e+03	6.084e-18	4.6416e+03	5.4024e+02	6.6329e-09	9.0580e-01	9.4201e-02	7.5385e-01	2.3747e-01	8.6773e-03	1.7441e-10	9.0710e-04	9.7290e-01	2.6191e-02	4.1612e-06	9.2379e-01	7.6191e-02	2.0687e-05	1.1755e-36	1.1755e-36	1.1755e-36	7.5123e-17	0.00e+00	0.00e+00	1.5657e+02
3.09745e+16	5.9171e+03	5.736e-18	4.6416e+03	5.2099e+02	7.7745e-09	9.0886e-01	9.1137e-02	7.6612e-01	2.2563e-01	8.2533e-03	1.8068e-10	8.8037e-04	9.7359e-01	2.5525e-02	4.1385e-06	9.2638e-01	7.3601e-02	1.9564e-05	1.1755e-36	1.1755e-36	1.1755e-36	7.8382e-17	0.00e+00	0.00e+00	1.6147e+02
3.11660e+16	5.7689e+03	5.414e-18	4.6416e+03	5.0279e+02	9.1877e-09	9.1176e-01	8.8243e-02	7.7776e-01	2.1441e-01	7.8299e-03	1.8777e-10	8.5513e-04	9.7421e-01	2.4929e-02	4.1191e-06	9.2883e-01	7.1155e-02	1.8588e-05	1.1755e-36	1.1755e-36	1.1755e-36	8.2754e-17	0.00e+00	0.00e+00	1.6679e+02
3.13755e+16	5.6189e+03	5.117e-18	4.6416e+03	4.8572e+02	1.0952e-08	9.1446e-01	8.5537e-02	7.8875e-01	2.0384e-01	7.4069e-03	1.9599e-10	8.3157e-04	9.7478e-01	2.4388e-02	4.1027e-06	9.3112e-01	6.8866e-02	1.7744e-05	1.1755e-36	1.1755e-36	1.1755e-36	8.8688e-17	0.00e+00	0.00e+00	1.7269e+02
3.15538e+16	5.5107e+03	4.916e-18	4.6416e+03	4.7371e+02	1.2496e-08	9.1639e-01	8.3608e-02	7.9617e-01	1.9672e-01	7.1150e-03	2.0283e-10	8.1490e-04	9.7499e-01	2.4193e-02	4.0941e-06	9.3275e-01	6.7235e-02	1.7194e-05	1.1755e-36	1.1755e-36	1.1755e-36	9.4322e-17	0.00e+00	0.00e+00	1.7635e+02
3.16773e+16	5.4293e+03	4.806e-18	4.6416e+03	4.6912e+02	1.3783e-08	9.1707e-01	8.2935e-02	8.0212e-01	1.9105e-01	6.8249e-03	2.0854e-10	8.1000e-04	9.7522e-01	2.3962e-02	4.0910e-06	9.3334e-01	6.6646e-02	1.6947e-05	1.1755e-36	1.1755e-36	1.1755e-36	9.9193e-17	0.00e+00	0.00e+00	1.7932e+02
3.17917e+16	5.3533e+03	4.704e-18	4.6416e+03	4.6397e+02	1.5144e-08	9.1768e-01	8.2317e-02	8.0704e-01	1.8637e-01	6.5909e-03	2.1405e-10	8.0389e-04	9.7546e-01	2.3735e-02	4.0883e-06	9.3388e-01	6.6106e-02	1.6735e-05	1.1755e-36	1.1755e-36	1.1755e-36	1.0427e-16	0.00e+00	0.00e+00	1.8251e+02
3.19168e+16	5.2916e+03	4.591e-18	4.6416e+03	4.5730e+02	1.6413e-08	9.1856e-01	8.1435e-02	8.1120e-01	1.8239e-01	6.4116e-03	2.1922e-10	7.9464e-04	9.7567e-01	2.3535e-02	4.0828e-06	9.3463e-01	6.5354e-02	1.6469e-05	1.1755e-36	1.1755e-36	1.1755e-36	1.0925e-16	0.00e+00	0.00e+00	1.8605e+02
3.20678e+16	5.2076e+03	4.463e-18	4.6416e+03	4.4962e+02	1.8368e-08	9.2005e-01	7.9951e-02	8.1597e-01	1.7784e-01	6.1938e-03	2.2777e-10	7.8443e-04	9.7594e-01	2.3276e-02	4.0758e-06	9.3588e-01	6.4104e-02	1.6134e-05	1.1755e-36	1.1755e-36	1.1755e-36	1.1833e-16	0.00e+00	0.00e+00	1.9065e+02
3.22330e+16	5.1319e+03	4.334e-18	4.6416e+03	4.4079e+02	2.0415e-08	9.2165e-01	7.8351e-02	8.1984e-01	1.7413e-01	6.0296e-03	2.3645e-10	7.7185e-04	9.7607e-01	2.3152e-02	4.0691e-06	9.3722e-01	6.2762e-02	1.5796e-05	1.1755e-36	1.1755e-36	1.1755e-36	1.2829e-16	0.00e+00	0.00e+00	1.9497e+02
3.23929e+16	5.0540e+03	4.227e-18	4.6416e+03	4.3360e+02	2.2754e-08	9.2262e-01	7.7378e-02	8.2362e-01	1.7053e-01	5.8516e-03	2.4561e-10	7.6216e-04	9.7621e-01	2.3020e-02	4.0658e-06	9.3805e-01	6.1931e-02	1.5573e-05	1.1755e-36	1.1755e-36	1.1755e-36	1.3938e-16	0.00e+00	0.00e+00	1.9929e+02
3.25503e+16	4.9851e+03	4.133e-18	4.6416e+03	4.2790e+02	2.5104e-08	9.2364e-01	7.6357e-02	8.2718e-01	1.6715e-01	5.6731e-03	2.5544e-10	7.5481e-04	9.7638e-01	2.2862e-02	4.0617e-06	9.3892e-01	6.1067e-02	1.5357e-05	1.1755e-36	1.1755e-36	1.1755e-36	1.5153e-16	0.00e+00	0.00e+00	2.0349e+02
3.27109e+16	4.9161e+03	4.043e-18	4.6416e+03	4.2226e+02	2.7709e-08	9.2456e-01	7.5441e-02	8.3051e-01	1.6399e-01	5.5025e-03	2.6553e-10	7.4763e-04	9.7665e-01	2.2597e-02	4.0570e-06	9.3970e-01	6.0288e-02	1.5167e-05	1.1755e-36	1.1755e-36	1.1755e-36	1.6372e-16	0.00e+00	0.00e+00	2.0798e+02
3.28821e+16	4.8507e+03	3.953e-18	4.6416e+03	4.1633e+02	3.0520e-08	9.2558e-01	7.4424e-02	8.3356e-01	1.6109e-01	5.3457e-03	2.7612e-10	7.3979e-04	9.7691e-01	2.2347e-02	4.0515e-06	9.4056e-01	5.9429e-02	1.4965e-05	1.1755e-36	1.1755e-36	1.1755e-36	1.7735e-16	0.00e+00	0.00e+00	2.1277e+02
3.30661e+16	4.7806e+03	3.862e-18	4.6416e+03	4.1021e+02	3.3916e-08	9.2664e-01	7.3356e-02	8.3658e-01	1.5824e-01	5.1869e-03	2.8837e-10	7.3182e-04	9.7718e-01	2.2086e-02	4.0462e-06	9.4146e-01	5.8527e-02	1.4768e-05	1.1755e-36	1.1755e-36	1.1755e-36	1.9417e-16	0.00e+00	0.00e+00	2.1797e+02
3.32575e+16	4.7076e+03	3.774e-18	4.6416e+03	4.0394e+02	3.7939e-08	9.2771e-01	7.2293e-02	8.3938e-01	1.5558e-01	5.0370e-03	3.0208e-10	7.2372e-04	9.7741e-01	2.1859e-02	4.0418e-06	9.4236e-01	5.7628e-02	1.4586e-05	1.1755e-36	1.1755e-36	1.1755e-36	2.1443e-16	0.00e+00	0.00e+00	2.2317e+02
3.34434e+16	4.6430e+03	3.697e-18	4.6416e+03	3.9844e+02	4.1976e-08	9.2854e-01	7.1461e-02	8.4191e-01	1.5319e-01	4.8992e-03	3.1512e-10	7.1662e-04	9.7761e-01	2.1670e-02	4.0382e-06	9.4306e-01	5.6921e-02	1.4437e-05	1.1755e-36	1.1755e-36	1.1755e-36	2.3484e-16	0.00e+00	0.00e+00	2.2808e+02
3.36274e+16	4.5839e+03	3.626e-18	4.6416e+03	3.9393e+02	4.6123e-08	9.2931e-01	7.0690e-02	8.4446e-01	1.5079e-01	4.7555e-03	3.2846e-10	7.1112e-04	9.7784e-01	2.1446e-02	4.0342e-06	9.4372e-01	5.6266e-02	1.4298e-05	1.1755e-36	1.1755e-36	1.1755e-36	2.5670e-16	0.00e+00	0.00e+00	2.3319e+02
3.38256e+16	4.5176e+03	3.551e-18	4.6416e+03	3.8893e+02	5.1373e-08	9.3029e-01	6.9714e-02	8.4703e-01	1.4836e-01	4.6090e-03	3.4500e-10	7.0512e-04	9.7810e-01	2.1192e-02	4.0296e-06	9.4454e-01	5.5442e-02	1.4143e-05	1.1755e-36	1.1755e-36	1.1755e-36	2.8570e-16	0.00e+00	0.00e+00	2.3888e+02
3.40320e+16	4.4537e+03	3.477e-18	4.6416e+03	3.8339e+02	5.7125e-08	9.3126e-01	6.8740e-02	8.4928e-01	1.4624e-01	4.4828e-03	3.6225e-10	6.9804e-04	9.7830e-01	2.1002e-02	4.0255e-06	9.4536e-01	5.4622e-02	1.3993e-05	1.1755e-36	1.1755e-36	1.1755e-36	3.1817e-16	0.00e+00	0.00e+00	2.4446e+02
3.42355e+16	4.3870e+03	3.408e-18	4.6416e+03	3.7816e+02	6.3882e-08	9.3204e-01	6.7955e-02	8.5150e-01	1.4415e-01	4.3571e-03	3.8126e-10	6.9164e-04	9.7850e-01	2.0808e-02	4.0228e-06	9.4603e-01	5.3952e-02	1.3876e-05	1.1755e-36	1.1755e-36	1.1755e-36	3.5640e-16	0.00e+00	0.00e+00	2.5000e+02
3.44328e+16	4.3274e+03	3.346e-18	4.6416e+03	3.7396e+02	7.0716e-08	9.3288e-01	6.7119e-02	8.5370e-01	1.4207e-01	4.2309e-03	4.0067e-10	6.8687e-04	9.7868e-01	2.0630e-02	4.0197e-06	9.4674e-01	5.3246e-02	1.3755e-05	1.1755e-36	1.1755e-36	1.1755e-36	3.9769e-16	0.00e+00	0.00e+00	2.5524e+02
3.46278e+16	4.2738e+03	3.287e-18	4.6416e+03	3.6968e+02	7.7556e-08	9.3352e-01	6.6482e-02	8.5567e-01	1.4021e-01	4.1187e-03	4.1901e-10	6.8169e-04	9.7887e-01	2.0444e-02	4.0166e-06	9.4728e-01	5.2703e-02	1.3653e-05	1.1755e-36	1.1755e-36	1.1755e-36	4.3897e-16	0.00e+00	0.00e+00	2.6066e+02
3.48395e+16	4.2058e+03	3.220e-18	4.6416e+03	3.6373e+02	8.7269e-08	9.3421e-01	6.5792e-02	8.5749e-01	1.3850e-01	4.0169e-03	4.4318e-10	6.7413e-04	9.7909e-01	2.0236e-02	4.0147e-06	9.4788e-01	5.2109e-02	1.3560e-05	1.1755e-36	1.1755e-36	1.1755e-36	4.9781e-16	0.00e+00	0.00e+00	2.6682e+02
3.50530e+16	4.1522e+03	3.160e-18	4.6416e+03	3.6008e+02	9.6035e-08	9.3533e-01	6.4672e-02	8.5968e-01	1.3643e-01	3.8934e-03	4.6756e-10	6.7025e-04	9.7925e-01	2.0072e-02	4.0098e-06	9.4881e-01	5.1179e-02	1.3411e-05	1.1755e-36	1.1755e-36	1.1755e-36	5.5990e-16	0.00e+00	0.00e+00	2.7236e+02
3.52647e+16	4.0926e+03	3.102e-18	4.6416e+03	3.5562e+02	1.0666e-07	9.3599e-01	6.4014e-02	8.6168e-01	1.3454e-01	3.7822e-03	4.9348e-10	6.6517e-04	9.7947e-01	1.9863e-02	4.0074e-06	9.4937e-01	5.0617e-02	1.3321e-05	1.1755e-36	1.1755e-36	1.1755e-36	6.3074e-16	0.00e+00	0.00e+00	2.7844e+02
3.54866e+16	4.0297e+03	3.041e-18	4.6416e+03	3.5095e+02	1.1932e-07	9.3697e-01	6.3035e-02	8.6370e-01	1.3263e-01	3.6715e-03	5.2458e-10	6.5994e-04	9.7966e-01	1.9676e-02	4.0042e-06	9.5019e-01	4.9794e-02	1.3203e-05	1.1755e-36	1.1755e-36	1.1755e-36	7.2195e-16	0.00e+00	0.00e+00	2.8454e+02
3.57025e+16	3.9710e+03	2.983e-18	4.6416e+03	3.4619e+02	1.3243e-07	9.3780e-01	6.2198e-02	8.6555e-01	1.3087e-01	3.5746e-03	5.5528e-10	6.5436e-04	9.7981e-01	1.9531e-02	4.0019e-06	9.5090e-01	4.9089e-02	1.3101e-05	1.1755e-36	1.1755e-36	1.1755e-36	8.1835e-16	0.00e+00	0.00e+00	2.9030e+02
