#depth	Te	Htot	hden	eden	2H_2/H	HI	HII	HeI	HeII	HeIII	CO/C	C1	C2	C3	C4	O1	O2	O3	O4	O5	O6	H2O/O	AV(point)	AV(extend)	Tau912
4.84294e+15	1.4952e+04	4.371e-20	7.7426e+01	9.0820e+01	2.5509e-19	1.4148e-04	9.9986e-01	2.2498e-06	1.4676e-02	9.8532e-01	2.9570e-30	3.2193e-09	4.9753e-05	1.6244e-02	1.5936e-01	6.1268e-10	1.2305e-05	1.0697e-02	3.6039e-01	4.6626e-01	1.4559e-01	3.7725e-36	0.00e+00	0.00e+00	6.6977e-04
2.90576e+16	1.4913e+04	4.364e-20	7.7426e+01	9.0813e+01	2.5644e-19	1.4141e-04	9.9986e-01	2.2519e-06	1.4685e-02	9.8531e-01	2.9536e-30	3.0534e-09	4.9722e-05	1.6246e-02	1.6002e-01	6.1446e-10	1.2349e-05	1.0762e-02	3.6134e-01	4.6621e-01	1.4484e-01	3.7734e-36	0.00e+00	0.00e+00	3.3475e-03
1.25916e+17	1.4824e+04	4.349e-20	7.7426e+01	9.0812e+01	2.5951e-19	1.4132e-04	9.9986e-01	2.2655e-06	1.4755e-02	9.8524e-01	3.0004e-30	2.5965e-09	5.0216e-05	1.6425e-02	1.6201e-01	6.2411e-10	1.2547e-05	1.0989e-02	3.6417e-01	4.6516e-01	1.4328e-01	3.8064e-36	0.00e+00	0.00e+00	1.4051e-02
5.13351e+17	1.4595e+04	4.318e-20	7.7426e+01	9.0808e+01	2.6743e-19	1.4110e-04	9.9986e-01	2.3245e-06	1.5108e-02	9.8489e-01	3.2501e-30	1.9233e-09	5.2514e-05	1.7241e-02	1.6864e-01	6.5982e-10	1.3268e-05	1.1834e-02	3.7385e-01	4.6063e-01	1.3843e-01	3.9402e-36	0.00e+00	0.00e+00	5.6801e-02
1.22623e+18	1.4001e+04	4.200e-20	7.7426e+01	9.0806e+01	2.6948e-19	1.3664e-04	9.9986e-01	2.3281e-06	1.5117e-02	9.8488e-01	3.2197e-30	1.1268e-09	5.4740e-05	1.8205e-02	1.7985e-01	6.8417e-10	1.4074e-05	1.3165e-02	3.8959e-01	4.5225e-01	1.3126e-01	3.5087e-36	0.00e+00	0.00e+00	1.1062e-01
1.91379e+18	1.3463e+04	4.101e-20	7.7426e+01	9.0806e+01	2.6097e-19	1.3141e-04	9.9987e-01	2.3037e-06	1.5056e-02	9.8494e-01	2.9424e-30	8.4843e-10	5.6270e-05	1.9051e-02	1.8964e-01	6.8211e-10	1.4467e-05	1.4295e-02	4.0292e-01	4.4481e-01	1.2540e-01	2.8158e-36	0.00e+00	0.00e+00	1.4718e-01
2.41212e+18	1.3166e+04	4.055e-20	7.7426e+01	9.0804e+01	2.5751e-19	1.2861e-04	9.9987e-01	2.3145e-06	1.5211e-02	9.8479e-01	2.8674e-30	7.7743e-10	5.7924e-05	1.9835e-02	1.9648e-01	6.8898e-10	1.4866e-05	1.5178e-02	4.1245e-01	4.3939e-01	1.2116e-01	2.5229e-36	0.00e+00	0.00e+00	1.7405e-01
2.90366e+18	1.2949e+04	4.038e-20	7.7426e+01	9.0800e+01	2.5958e-19	1.2769e-04	9.9987e-01	2.3837e-06	1.5669e-02	9.8433e-01	3.0473e-30	7.8211e-10	6.0934e-05	2.0950e-02	2.0386e-01	7.2477e-10	1.5710e-05	1.6286e-02	4.2293e-01	4.3334e-01	1.1638e-01	2.4630e-36	0.00e+00	0.00e+00	2.0872e-01
3.54266e+18	1.2692e+04	4.024e-20	7.7426e+01	9.0793e+01	2.6364e-19	1.2676e-04	9.9987e-01	2.4934e-06	1.6386e-02	9.8361e-01	3.3609e-30	8.1264e-10	6.5445e-05	2.2593e-02	2.1388e-01	7.8017e-10	1.6981e-05	1.7893e-02	4.3680e-01	4.2496e-01	1.1020e-01	2.4343e-36	0.00e+00	0.00e+00	2.5348e-01
4.37336e+18	1.2389e+04	4.017e-20	7.7426e+01	9.0783e+01	2.6753e-19	1.2593e-04	9.9987e-01	2.6708e-06	1.7539e-02	9.8246e-01	3.8734e-30	8.8792e-10	7.2382e-05	2.5089e-02	2.2777e-01	8.6802e-10	1.8954e-05	2.0316e-02	4.5529e-01	4.1309e-01	1.0226e-01	2.4008e-36	0.00e+00	0.00e+00	3.1127e-01
5.42034e+18	1.2041e+04	4.024e-20	7.7426e+01	9.0768e+01	2.7586e-19	1.2520e-04	9.9987e-01	2.9563e-06	1.9398e-02	9.8060e-01	4.7979e-30	1.0340e-09	8.3037e-05	2.8909e-02	2.4692e-01	1.0063e-09	2.2029e-05	2.4047e-02	4.7926e-01	3.9644e-01	9.2456e-02	2.4534e-36	0.00e+00	0.00e+00	3.8195e-01
6.46375e+18	1.1738e+04	4.034e-20	7.7426e+01	9.0750e+01	2.7503e-19	1.2314e-04	9.9988e-01	3.2834e-06	2.1694e-02	9.7830e-01	5.6928e-30	1.2167e-09	9.4745e-05	3.3361e-02	2.6715e-01	1.1490e-09	2.5474e-05	2.8585e-02	5.0250e-01	3.7873e-01	8.3442e-02	2.3824e-36	0.00e+00	0.00e+00	4.3803e-01
7.29844e+18	1.1556e+04	4.054e-20	7.7426e+01	9.0731e+01	2.7128e-19	1.2169e-04	9.9988e-01	3.6367e-06	2.4174e-02	9.7582e-01	6.7215e-30	1.4325e-09	1.0625e-04	3.7729e-02	2.8504e-01	1.3030e-09	2.9142e-05	3.3279e-02	5.2150e-01	3.6298e-01	7.6264e-02	2.3804e-36	0.00e+00	0.00e+00	4.8189e-01
8.00657e+18	1.1431e+04	4.082e-20	7.7426e+01	9.0716e+01	2.6751e-19	1.2104e-04	9.9988e-01	4.0499e-06	2.6953e-02	9.7304e-01	8.1014e-30	1.7059e-09	1.1879e-04	4.2296e-02	3.0222e-01	1.4931e-09	3.3464e-05	3.8409e-02	5.3833e-01	3.4789e-01	7.0002e-02	2.4516e-36	0.00e+00	0.00e+00	5.2205e-01
8.68044e+18	1.1364e+04	4.110e-20	7.7426e+01	9.0687e+01	2.6715e-19	1.2053e-04	9.9988e-01	4.5428e-06	3.0278e-02	9.6972e-01	1.0103e-29	2.0461e-09	1.3262e-04	4.7306e-02	3.2013e-01	1.7278e-09	3.8738e-05	4.4527e-02	5.5440e-01	3.3224e-01	6.4022e-02	2.6967e-36	0.00e+00	0.00e+00	5.6146e-01
9.33341e+18	1.1323e+04	4.146e-20	7.7426e+01	9.0658e+01	2.5962e-19	1.1998e-04	9.9988e-01	5.1541e-06	3.4413e-02	9.6558e-01	1.2524e-29	2.4781e-09	1.4834e-04	5.3006e-02	3.3931e-01	2.0186e-09	4.5276e-05	5.2049e-02	5.6977e-01	3.1562e-01	5.8239e-02	2.8811e-36	0.00e+00	0.00e+00	5.9881e-01
9.93696e+18	1.1322e+04	4.185e-20	7.7426e+01	9.0623e+01	2.5362e-19	1.1926e-04	9.9988e-01	5.8772e-06	3.9355e-02	9.6064e-01	1.5731e-29	2.9929e-09	1.6499e-04	5.9088e-02	3.5886e-01	2.3622e-09	5.3048e-05	6.0950e-02	5.8340e-01	2.9886e-01	5.2908e-02	3.2026e-36	0.00e+00	0.00e+00	6.3204e-01
1.04733e+19	1.1353e+04	4.226e-20	7.7426e+01	9.0581e+01	2.4151e-19	1.1854e-04	9.9988e-01	6.7074e-06	4.5056e-02	9.5494e-01	1.9311e-29	3.5838e-09	1.8202e-04	6.5316e-02	3.7816e-01	2.7590e-09	6.2021e-05	7.1117e-02	5.9478e-01	2.8247e-01	4.8123e-02	3.4438e-36	0.00e+00	0.00e+00	6.6116e-01
1.09510e+19	1.1412e+04	4.270e-20	7.7426e+01	9.0538e+01	2.3182e-19	1.1779e-04	9.9988e-01	7.6531e-06	5.1588e-02	9.4840e-01	2.3803e-29	4.2374e-09	1.9911e-04	7.1594e-02	3.9721e-01	3.2109e-09	7.2264e-05	8.2643e-02	6.0389e-01	2.6648e-01	4.3795e-02	3.8177e-36	0.00e+00	0.00e+00	6.8723e-01
1.13864e+19	1.1488e+04	4.318e-20	7.7426e+01	9.0484e+01	2.2295e-19	1.1709e-04	9.9988e-01	8.7602e-06	5.9243e-02	9.4075e-01	2.9455e-29	4.9816e-09	2.1677e-04	7.8058e-02	4.1646e-01	3.7422e-09	8.4273e-05	9.5979e-02	6.1088e-01	2.5046e-01	3.9773e-02	4.2983e-36	0.00e+00	0.00e+00	7.1114e-01
1.17878e+19	1.1579e+04	4.371e-20	7.7426e+01	9.0425e+01	2.0999e-19	1.1639e-04	9.9988e-01	1.0077e-05	6.8350e-02	9.3164e-01	3.5901e-29	5.8218e-09	2.3508e-04	8.4736e-02	4.3610e-01	4.3731e-09	9.8516e-05	1.1157e-01	6.1556e-01	2.3424e-01	3.5983e-02	4.6940e-36	0.00e+00	0.00e+00	7.3305e-01
1.21557e+19	1.1698e+04	4.427e-20	7.7426e+01	9.0360e+01	1.9926e-19	1.1546e-04	9.9988e-01	1.1594e-05	7.9072e-02	9.2092e-01	4.3754e-29	6.7181e-09	2.5276e-04	9.1402e-02	4.5581e-01	5.0747e-09	1.1463e-04	1.2958e-01	6.1751e-01	2.1805e-01	3.2447e-02	5.2736e-36	0.00e+00	0.00e+00	7.5284e-01
1.24900e+19	1.1824e+04	4.486e-20	7.7426e+01	9.0268e+01	1.9014e-19	1.1475e-04	9.9989e-01	1.3395e-05	9.1667e-02	9.0832e-01	5.3778e-29	7.7162e-09	2.7103e-04	9.8081e-02	4.7559e-01	5.9252e-09	1.3384e-04	1.5021e-01	6.1654e-01	2.0190e-01	2.9151e-02	6.0170e-36	0.00e+00	0.00e+00	7.7067e-01
1.27939e+19	1.1924e+04	4.563e-20	7.7426e+01	9.0198e+01	1.8220e-19	1.1386e-04	9.9989e-01	1.5445e-05	1.0653e-01	8.9346e-01	6.4048e-29	8.6892e-09	2.8798e-04	1.0488e-01	4.9560e-01	6.7650e-09	1.5371e-04	1.7375e-01	6.1255e-01	1.8565e-01	2.6046e-02	6.7009e-36	0.00e+00	0.00e+00	7.8680e-01
1.30719e+19	1.2077e+04	4.622e-20	7.7426e+01	9.0047e+01	1.7199e-19	1.1339e-04	9.9989e-01	1.7942e-05	1.2381e-01	8.7618e-01	7.8617e-29	9.8722e-09	3.0670e-04	1.1132e-01	5.1519e-01	7.9807e-09	1.8052e-04	2.0036e-01	6.0489e-01	1.6974e-01	2.3172e-02	7.6193e-36	0.00e+00	0.00e+00	8.0155e-01
1.33274e+19	1.2186e+04	4.701e-20	7.7426e+01	8.9928e+01	1.6427e-19	1.1290e-04	9.9989e-01	2.0864e-05	1.4434e-01	8.5564e-01	9.4358e-29	1.1038e-08	3.2478e-04	1.1796e-01	5.3511e-01	9.2487e-09	2.0914e-04	2.3059e-01	5.9367e-01	1.5364e-01	2.0431e-02	8.5093e-36	0.00e+00	0.00e+00	8.1506e-01
1.35626e+19	1.2318e+04	4.774e-20	7.7426e+01	8.9801e+01	1.5790e-19	1.1237e-04	9.9989e-01	2.4208e-05	1.6815e-01	8.3183e-01	1.1299e-28	1.2210e-08	3.4174e-04	1.2429e-01	5.5466e-01	1.0651e-08	2.4089e-04	2.6417e-01	5.7855e-01	1.3788e-01	1.7880e-02	9.6835e-36	0.00e+00	0.00e+00	8.2745e-01
1.37797e+19	1.2423e+04	4.848e-20	7.7426e+01	8.9594e+01	1.5314e-19	1.1210e-04	9.9989e-01	2.8104e-05	1.9584e-01	8.0413e-01	1.3461e-28	1.3394e-08	3.5845e-04	1.3044e-01	5.7404e-01	1.2246e-08	2.7659e-04	3.0120e-01	5.5947e-01	1.2242e-01	1.5514e-02	1.0969e-35	0.00e+00	0.00e+00	8.3889e-01
1.39823e+19	1.2514e+04	4.916e-20	7.7426e+01	8.9351e+01	1.4958e-19	1.1191e-04	9.9989e-01	3.2565e-05	2.2783e-01	7.7213e-01	1.5901e-28	1.4563e-08	3.7445e-04	1.3642e-01	5.9307e-01	1.3986e-08	3.1551e-04	3.4166e-01	5.3638e-01	1.0737e-01	1.3317e-02	1.2397e-35	0.00e+00	0.00e+00	8.4962e-01
1.41730e+19	1.2581e+04	4.979e-20	7.7426e+01	8.9104e+01	1.4769e-19	1.1199e-04	9.9989e-01	3.7769e-05	2.6478e-01	7.3518e-01	1.8755e-28	1.5747e-08	3.9050e-04	1.4228e-01	6.1175e-01	1.5938e-08	3.5852e-04	3.8556e-01	5.0921e-01	9.2785e-02	1.1280e-02	1.4045e-35	0.00e+00	0.00e+00	8.5976e-01
1.43527e+19	1.2624e+04	5.029e-20	7.7426e+01	8.8826e+01	1.4608e-19	1.1229e-04	9.9989e-01	4.3674e-05	3.0655e-01	6.9341e-01	2.1815e-28	1.6902e-08	4.0599e-04	1.4788e-01	6.2974e-01	1.8056e-08	4.0459e-04	4.3199e-01	4.7849e-01	7.9010e-02	9.4347e-03	1.5609e-35	0.00e+00	0.00e+00	8.6932e-01
1.45226e+19	1.2638e+04	5.059e-20	7.7426e+01	8.8519e+01	1.4732e-19	1.1284e-04	9.9989e-01	5.0235e-05	3.5266e-01	6.4729e-01	2.5350e-28	1.8017e-08	4.2090e-04	1.5319e-01	6.4677e-01	2.0313e-08	4.5284e-04	4.7986e-01	4.4502e-01	6.6310e-02	7.7982e-03	1.7573e-35	0.00e+00	0.00e+00	8.7845e-01
1.46855e+19	1.2617e+04	5.065e-20	7.7426e+01	8.8186e+01	1.5041e-19	1.1368e-04	9.9989e-01	5.7434e-05	4.0273e-01	5.9721e-01	2.9252e-28	1.9093e-08	4.3540e-04	1.5823e-01	6.6274e-01	2.2701e-08	5.0276e-04	5.2840e-01	4.0949e-01	5.4795e-02	6.3656e-03	1.9706e-35	0.00e+00	0.00e+00	8.8736e-01
1.48450e+19	1.2560e+04	5.043e-20	7.7426e+01	8.7829e+01	1.5450e-19	1.1483e-04	9.9989e-01	6.5253e-05	4.5636e-01	5.4357e-01	3.3375e-28	2.0144e-08	4.4976e-04	1.6305e-01	6.7758e-01	2.5220e-08	5.5398e-04	5.7698e-01	3.7247e-01	4.4508e-02	5.1259e-03	2.1718e-35	0.00e+00	0.00e+00	8.9626e-01
1.50273e+19	1.2439e+04	4.973e-20	7.7426e+01	8.7404e+01	1.6453e-19	1.1669e-04	9.9988e-01	7.4911e-05	5.2063e-01	4.7930e-01	3.9182e-28	2.1378e-08	4.6704e-04	1.6847e-01	6.9307e-01	2.8328e-08	6.1440e-04	6.3165e-01	3.2928e-01	3.4266e-02	3.9254e-03	2.4843e-35	0.00e+00	0.00e+00	9.0802e-01
1.52203e+19	1.2271e+04	4.862e-20	7.7426e+01	8.6947e+01	1.7792e-19	1.1889e-04	9.9988e-01	8.5429e-05	5.8940e-01	4.1051e-01	4.5569e-28	2.2596e-08	4.8427e-04	1.7375e-01	7.0711e-01	3.1577e-08	6.7547e-04	6.8575e-01	2.8487e-01	2.5576e-02	2.9380e-03	2.8171e-35	0.00e+00	0.00e+00	9.1846e-01
1.53860e+19	1.2089e+04	4.734e-20	7.7426e+01	8.6566e+01	1.9304e-19	1.2110e-04	9.9988e-01	9.4382e-05	6.4590e-01	3.5400e-01	5.1527e-28	2.3641e-08	4.9936e-04	1.7810e-01	7.1716e-01	3.4371e-08	7.2545e-04	7.2782e-01	2.4931e-01	1.9718e-02	2.2844e-03	3.1184e-35	0.00e+00	0.00e+00	9.2744e-01
1.55604e+19	1.1862e+04	4.574e-20	7.7426e+01	8.6205e+01	2.1290e-19	1.2387e-04	9.9988e-01	1.0348e-04	6.9985e-01	3.0004e-01	5.8511e-28	2.4827e-08	5.1674e-04	1.8267e-01	7.2558e-01	3.7391e-08	7.7598e-04	7.6686e-01	2.1552e-01	1.4978e-02	1.7581e-03	3.4425e-35	0.00e+00	0.00e+00	9.3937e-01
1.57871e+19	1.1555e+04	4.359e-20	7.7426e+01	8.5812e+01	2.4498e-19	1.2763e-04	9.9987e-01	1.1418e-04	7.5931e-01	2.4058e-01	6.8396e-28	2.6374e-08	5.3945e-04	1.8829e-01	7.3342e-01	4.1109e-08	8.3430e-04	8.0856e-01	1.7854e-01	1.0703e-02	1.2822e-03	3.9136e-35	0.00e+00	0.00e+00	9.5536e-01
1.60209e+19	1.1257e+04	4.152e-20	7.7426e+01	8.5485e+01	2.7854e-19	1.3125e-04	9.9987e-01	1.2346e-04	8.0801e-01	1.9187e-01	7.7539e-28	2.7850e-08	5.6108e-04	1.9349e-01	7.3864e-01	4.4441e-08	8.8363e-04	8.4171e-01	1.4849e-01	7.8983e-03	9.6428e-04	4.2726e-35	0.00e+00	0.00e+00	9.6891e-01
1.62081e+19	1.1035e+04	4.000e-20	7.7426e+01	8.5275e+01	3.0878e-19	1.3402e-04	9.9987e-01	1.2973e-04	8.3855e-01	1.6132e-01	8.5011e-28	2.8986e-08	5.7767e-04	1.9733e-01	7.4124e-01	4.6837e-08	9.1708e-04	8.6242e-01	1.2943e-01	6.4078e-03	7.8926e-04	4.5802e-35	0.00e+00	0.00e+00	9.7960e-01
1.63958e+19	1.0819e+04	3.858e-20	7.7426e+01	8.5106e+01	3.4334e-19	1.3696e-04	9.9986e-01	1.3546e-04	8.6384e-01	1.3603e-01	9.3407e-28	3.0210e-08	5.9529e-04	2.0119e-01	7.4282e-01	4.9272e-08	9.4901e-04	8.8003e-01	1.1302e-01	5.3095e-03	6.5395e-04	4.9251e-35	0.00e+00	0.00e+00	9.9381e-01
1.66399e+19	1.0572e+04	3.699e-20	7.7426e+01	8.4937e+01	3.8651e-19	1.4052e-04	9.9986e-01	1.4178e-04	8.8948e-01	1.1038e-01	1.0339e-27	3.1724e-08	6.1684e-04	2.0579e-01	7.4379e-01	5.2133e-08	9.8454e-04	8.9810e-01	9.6021e-02	4.3432e-03	5.2755e-04	5.2656e-35	0.00e+00	0.00e+00	1.0128e+00
1.69547e+19	1.0304e+04	3.531e-20	7.7426e+01	8.4776e+01	4.4576e-19	1.4470e-04	9.9986e-01	1.4836e-04	9.1372e-01	8.6128e-02	1.1629e-27	3.3526e-08	6.4209e-04	2.1104e-01	7.4393e-01	5.5365e-08	1.0222e-03	9.1554e-01	7.9441e-02	3.5629e-03	4.1627e-04	5.7525e-35	0.00e+00	0.00e+00	1.0378e+00
1.73049e+19	1.0072e+04	3.388e-20	7.7426e+01	8.4649e+01	5.0276e-19	1.4862e-04	9.9985e-01	1.5389e-04	9.3240e-01	6.7448e-02	1.2768e-27	3.5231e-08	6.6568e-04	2.1590e-01	7.4335e-01	5.8283e-08	1.0541e-03	9.2921e-01	6.6329e-02	3.0520e-03	3.3542e-04	6.0853e-35	0.00e+00	0.00e+00	1.0630e+00
1.77033e+19	9.8575e+03	3.260e-20	7.7426e+01	8.4548e+01	5.7041e-19	1.5282e-04	9.9985e-01	1.5901e-04	9.4739e-01	5.2453e-02	1.4128e-27	3.7064e-08	6.9041e-04	2.2081e-01	7.4213e-01	6.1312e-08	1.0847e-03	9.4082e-01	5.5127e-02	2.6889e-03	2.7073e-04	6.5584e-35	0.00e+00	0.00e+00	1.0966e+00
1.82210e+19	9.6496e+03	3.137e-20	7.7426e+01	8.4460e+01	6.4610e-19	1.5762e-04	9.9984e-01	1.6409e-04	9.6044e-01	3.9400e-02	1.5615e-27	3.9147e-08	7.1780e-04	2.2614e-01	7.4029e-01	6.4649e-08	1.1155e-03	9.5135e-01	4.4901e-02	2.4105e-03	2.1467e-04	6.9982e-35	0.00e+00	0.00e+00	1.1417e+00
1.88940e+19	9.4598e+03	3.028e-20	7.7426e+01	8.4387e+01	7.3235e-19	1.6312e-04	9.9984e-01	1.6898e-04	9.7114e-01	2.8691e-02	1.7300e-27	4.1483e-08	7.4745e-04	2.3178e-01	7.3784e-01	6.8298e-08	1.1455e-03	9.6048e-01	3.5990e-02	2.2041e-03	1.6778e-04	7.4879e-35	0.00e+00	0.00e+00	1.2023e+00
1.97688e+19	9.3001e+03	2.936e-20	7.7426e+01	8.4331e+01	8.3332e-19	1.6952e-04	9.9983e-01	1.7358e-04	9.7947e-01	2.0359e-02	1.9320e-27	4.4098e-08	7.7921e-04	2.3769e-01	7.3483e-01	7.2316e-08	1.1739e-03	9.6806e-01	2.8580e-02	2.0515e-03	1.2993e-04	8.1653e-35	0.00e+00	0.00e+00	1.2843e+00
2.09062e+19	9.1808e+03	2.865e-20	7.7426e+01	8.4289e+01	9.2490e-19	1.7722e-04	9.9982e-01	1.7792e-04	9.8566e-01	1.4166e-02	2.1329e-27	4.7090e-08	8.1339e-04	2.4388e-01	7.3127e-01	7.6897e-08	1.2007e-03	9.7410e-01	2.2654e-02	1.9339e-03	1.0022e-04	8.6368e-35	0.00e+00	0.00e+00	1.3956e+00
2.23847e+19	9.1094e+03	2.819e-20	7.7426e+01	8.4257e+01	1.0317e-18	1.8694e-04	9.9981e-01	1.8214e-04	9.9008e-01	9.7343e-03	2.3970e-27	5.0602e-08	8.5096e-04	2.5048e-01	7.2711e-01	8.2376e-08	1.2257e-03	9.7881e-01	1.8043e-02	1.8353e-03	7.7326e-05	9.4707e-35	0.00e+00	0.00e+00	1.5483e+00
2.43068e+19	9.0949e+03	2.800e-20	7.7426e+01	8.4234e+01	1.1543e-18	2.0000e-04	9.9980e-01	1.8663e-04	9.9316e-01	6.6577e-03	2.7603e-27	5.5039e-08	8.9465e-04	2.5778e-01	7.2213e-01	8.9512e-08	1.2509e-03	9.8244e-01	1.4503e-02	1.7436e-03	5.9775e-05	1.0771e-34	0.00e+00	0.00e+00	1.7607e+00
2.66628e+19	9.1605e+03	2.808e-20	7.7426e+01	8.4219e+01	1.2643e-18	2.1716e-04	9.9978e-01	1.9127e-04	9.9514e-01	4.6728e-03	3.2025e-27	6.0320e-08	9.4240e-04	2.6536e-01	7.1666e-01	9.8648e-08	1.2744e-03	9.8504e-01	1.1972e-02	1.6581e-03	4.7087e-05	1.2324e-34	0.00e+00	0.00e+00	2.0302e+00
2.93291e+19	9.2624e+03	2.852e-20	7.7426e+01	8.4208e+01	1.4278e-18	2.4017e-04	9.9976e-01	1.9652e-04	9.9637e-01	3.4308e-03	3.9017e-27	6.7033e-08	1.0002e-03	2.7384e-01	7.1006e-01	1.1116e-07	1.3018e-03	9.8690e-01	1.0181e-02	1.5756e-03	3.7971e-05	1.5173e-34	0.00e+00	0.00e+00	2.3581e+00
3.22620e+19	9.4338e+03	2.922e-20	7.7426e+01	8.4200e+01	1.6241e-18	2.7036e-04	9.9973e-01	2.0313e-04	9.9717e-01	2.6313e-03	4.9583e-27	7.5308e-08	1.0678e-03	2.8279e-01	7.0276e-01	1.2832e-07	1.3326e-03	9.8829e-01	8.8456e-03	1.4972e-03	3.1100e-05	1.9752e-34	0.00e+00	0.00e+00	2.7641e+00
3.54883e+19	9.6738e+03	3.020e-20	7.7426e+01	8.4193e+01	1.8896e-18	3.1116e-04	9.9969e-01	2.1119e-04	9.9770e-01	2.0870e-03	6.7220e-27	8.5952e-08	1.1519e-03	2.9277e-01	6.9425e-01	1.5334e-07	1.3716e-03	9.8940e-01	7.7804e-03	1.4212e-03	2.5601e-05	2.7919e-34	0.00e+00	0.00e+00	3.2781e+00
3.88579e+19	9.9338e+03	3.156e-20	7.7426e+01	8.4186e+01	2.3183e-18	3.6652e-04	9.9963e-01	2.2197e-04	9.9806e-01	1.7146e-03	9.8957e-27	9.9841e-08	1.2612e-03	3.0442e-01	6.8388e-01	1.9096e-07	1.4255e-03	9.9026e-01	6.9360e-03	1.3494e-03	2.1250e-05	4.3743e-34	0.00e+00	0.00e+00	3.8800e+00
4.21567e+19	1.0230e+04	3.307e-20	7.7426e+01	8.4178e+01	3.0008e-18	4.3668e-04	9.9956e-01	2.3514e-04	9.9830e-01	1.4621e-03	1.5850e-26	1.1687e-07	1.3946e-03	3.1705e-01	6.7228e-01	2.4543e-07	1.4941e-03	9.9094e-01	6.2614e-03	1.2865e-03	1.7835e-05	7.8313e-34	0.00e+00	0.00e+00	4.5711e+00
4.51710e+19	1.0522e+04	3.465e-20	7.7426e+01	8.4170e+01	4.0849e-18	5.2067e-04	9.9948e-01	2.5062e-04	9.9846e-01	1.2914e-03	2.6974e-26	1.3682e-07	1.5519e-03	3.3033e-01	6.5977e-01	3.2136e-07	1.5790e-03	9.9143e-01	5.7367e-03	1.2347e-03	1.5232e-05	1.5527e-33	0.00e+00	0.00e+00	5.2812e+00
4.77057e+19	1.0786e+04	3.607e-20	7.7426e+01	8.4162e+01	5.4075e-18	6.1107e-04	9.9939e-01	2.6715e-04	9.9856e-01	1.1776e-03	4.4828e-26	1.5829e-07	1.7226e-03	3.4331e-01	6.4733e-01	4.1747e-07	1.6742e-03	9.9178e-01	5.3368e-03	1.1944e-03	1.3309e-05	2.9206e-33	0.00e+00	0.00e+00	5.9618e+00
4.98219e+19	1.0985e+04	3.735e-20	7.7426e+01	8.4154e+01	7.0267e-18	7.0554e-04	9.9929e-01	2.8444e-04	9.9862e-01	1.0949e-03	7.2402e-26	1.8145e-07	1.9084e-03	3.5639e-01	6.3465e-01	5.3487e-07	1.7791e-03	9.9204e-01	5.0059e-03	1.1606e-03	1.1802e-05	5.1840e-33	0.00e+00	0.00e+00	6.6355e+00
5.16926e+19	1.1168e+04	3.850e-20	7.7426e+01	8.4145e+01	8.9406e-18	8.0627e-04	9.9919e-01	3.0327e-04	9.9867e-01	1.0302e-03	1.1491e-25	2.0677e-07	2.1124e-03	3.6963e-01	6.2170e-01	6.8055e-07	1.8949e-03	9.9225e-01	4.7126e-03	1.1316e-03	1.0540e-05	8.8636e-33	0.00e+00	0.00e+00	7.3400e+00
5.34378e+19	1.1337e+04	3.960e-20	7.7426e+01	8.4135e+01	1.1352e-17	9.1948e-04	9.9908e-01	3.2454e-04	9.9870e-01	9.7470e-04	1.8396e-25	2.3602e-07	2.3483e-03	3.8381e-01	6.0774e-01	8.7083e-07	2.0297e-03	9.9242e-01	4.4354e-03	1.1049e-03	9.4133e-06	1.5112e-32	0.00e+00	0.00e+00	8.1051e+00
5.50868e+19	1.1493e+04	4.071e-20	7.7426e+01	8.4125e+01	1.4516e-17	1.0495e-03	9.9895e-01	3.4863e-04	9.9873e-01	9.2595e-04	3.0015e-25	2.7040e-07	2.6253e-03	3.9916e-01	5.9254e-01	1.1252e-06	2.1894e-03	9.9255e-01	4.1717e-03	1.0802e-03	8.3941e-06	2.6129e-32	0.00e+00	0.00e+00	8.9234e+00
5.66094e+19	1.1643e+04	4.177e-20	7.7426e+01	8.4113e+01	1.8390e-17	1.1957e-03	9.9880e-01	3.7572e-04	9.9874e-01	8.8475e-04	4.9072e-25	3.1000e-07	2.9443e-03	4.1526e-01	5.7650e-01	1.4616e-06	2.3765e-03	9.9263e-01	3.9260e-03	1.0582e-03	7.4910e-06	4.4563e-32	0.00e+00	0.00e+00	9.7708e+00
5.79882e+19	1.1800e+04	4.272e-20	7.7426e+01	8.4098e+01	2.2883e-17	1.3548e-03	9.9865e-01	4.0545e-04	9.9874e-01	8.5146e-04	7.9363e-25	3.5406e-07	3.2999e-03	4.3163e-01	5.6013e-01	1.8939e-06	2.5891e-03	9.9266e-01	3.7012e-03	1.0396e-03	6.7056e-06	7.4254e-32	0.00e+00	0.00e+00	1.0637e+01
5.92484e+19	1.1903e+04	4.375e-20	7.7426e+01	8.4085e+01	2.9000e-17	1.5336e-03	9.9847e-01	4.3824e-04	9.9874e-01	8.2094e-04	1.2994e-24	4.0544e-07	3.7114e-03	4.4914e-01	5.4253e-01	2.4592e-06	2.8358e-03	9.9265e-01	3.4823e-03	1.0209e-03	5.9886e-06	1.2532e-31	0.00e+00	0.00e+00	1.1546e+01
6.04170e+19	1.2015e+04	4.470e-20	7.7426e+01	8.4073e+01	3.6410e-17	1.7306e-03	9.9827e-01	4.7419e-04	9.9873e-01	7.9482e-04	2.1264e-24	4.6410e-07	4.1771e-03	4.6722e-01	5.2429e-01	3.1965e-06	3.1207e-03	9.9259e-01	3.2753e-03	1.0044e-03	5.3475e-06	2.1030e-31	0.00e+00	0.00e+00	1.2497e+01
6.15078e+19	1.2130e+04	4.561e-20	7.7426e+01	8.4056e+01	4.5450e-17	1.9515e-03	9.9805e-01	5.1429e-04	9.9871e-01	7.7140e-04	3.4966e-24	5.3156e-07	4.7139e-03	4.8615e-01	5.0511e-01	4.1749e-06	3.4551e-03	9.9247e-01	3.0753e-03	9.8941e-04	4.7640e-06	3.5157e-31	0.00e+00	0.00e+00	1.3505e+01
6.25329e+19	1.2235e+04	4.651e-20	7.7426e+01	8.4037e+01	5.6843e-17	2.2019e-03	9.9780e-01	5.5974e-04	9.9869e-01	7.4960e-04	5.8140e-24	6.1052e-07	5.3399e-03	5.0617e-01	4.8475e-01	5.4919e-06	3.8533e-03	9.9228e-01	2.8798e-03	9.7520e-04	4.2275e-06	5.9072e-31	0.00e+00	0.00e+00	1.4574e+01
6.34913e+19	1.2339e+04	4.738e-20	7.7426e+01	8.4016e+01	7.1009e-17	2.4838e-03	9.9752e-01	6.1084e-04	9.9866e-01	7.3004e-04	9.7457e-24	7.0234e-07	6.0652e-03	5.2708e-01	4.6337e-01	7.2646e-06	4.3269e-03	9.9201e-01	2.6909e-03	9.6203e-04	3.7402e-06	9.9586e-31	0.00e+00	0.00e+00	1.5695e+01
6.43817e+19	1.2413e+04	4.831e-20	7.7426e+01	8.3985e+01	8.8987e-17	2.8065e-03	9.9719e-01	6.6950e-04	9.9862e-01	7.1109e-04	1.6471e-23	8.0863e-07	6.9168e-03	5.4908e-01	4.4078e-01	9.6864e-06	4.8968e-03	9.9164e-01	2.5054e-03	9.4882e-04	3.2918e-06	1.6700e-30	0.00e+00	0.00e+00	1.6871e+01
6.51979e+19	1.2489e+04	4.913e-20	7.7426e+01	8.3961e+01	1.1193e-16	3.1583e-03	9.9684e-01	7.3371e-04	9.9857e-01	6.9591e-04	2.7949e-23	9.3349e-07	7.8773e-03	5.7123e-01	4.1790e-01	1.2882e-05	5.5620e-03	9.9115e-01	2.3326e-03	9.3677e-04	2.8993e-06	2.8487e-30	0.00e+00	0.00e+00	1.8067e+01
6.59337e+19	1.2565e+04	4.988e-20	7.7426e+01	8.3932e+01	1.3867e-16	3.5394e-03	9.9646e-01	8.0331e-04	9.9851e-01	6.8378e-04	4.6681e-23	1.0710e-06	8.9494e-03	5.9317e-01	3.9511e-01	1.7056e-05	6.3310e-03	9.9055e-01	2.1722e-03	9.2591e-04	2.5573e-06	4.7322e-30	0.00e+00	0.00e+00	1.9272e+01
6.65972e+19	1.2631e+04	5.056e-20	7.7426e+01	8.3900e+01	1.7049e-16	3.9490e-03	9.9605e-01	8.7872e-04	9.9845e-01	6.7392e-04	7.6934e-23	1.2237e-06	1.0137e-02	6.1474e-01	3.7255e-01	2.2444e-05	7.2136e-03	9.8982e-01	2.0235e-03	9.1565e-04	2.2597e-06	7.7289e-30	0.00e+00	0.00e+00	2.0489e+01
6.72021e+19	1.2685e+04	5.121e-20	7.7426e+01	8.3853e+01	2.0721e-16	4.3973e-03	9.9560e-01	9.6177e-04	9.9837e-01	6.6445e-04	1.2515e-22	1.3911e-06	1.1466e-02	6.3610e-01	3.5005e-01	2.9487e-05	8.2403e-03	9.8894e-01	1.8830e-03	9.0576e-04	1.9958e-06	1.2280e-29	0.00e+00	0.00e+00	2.1734e+01
6.77582e+19	1.2726e+04	5.182e-20	7.7426e+01	8.3810e+01	2.5386e-16	4.8837e-03	9.9512e-01	1.0530e-03	9.9829e-01	6.5576e-04	2.0418e-22	1.5823e-06	1.2948e-02	6.5712e-01	3.2772e-01	3.8636e-05	9.4321e-03	9.8788e-01	1.7514e-03	8.9590e-04	1.7630e-06	1.9803e-29	0.00e+00	0.00e+00	2.3006e+01
6.81649e+19	1.2768e+04	5.229e-20	7.7426e+01	8.3774e+01	2.9943e-16	5.3264e-03	9.9467e-01	1.1350e-03	9.9821e-01	6.5129e-04	3.0630e-22	1.7560e-06	1.4293e-02	6.7340e-01	3.1022e-01	4.8506e-05	1.0599e-02	9.8681e-01	1.6519e-03	8.8898e-04	1.5935e-06	2.9433e-29	0.00e+00	0.00e+00	2.3737e+01
6.83957e+19	1.2763e+04	5.255e-20	7.7426e+01	8.3753e+01	3.3128e-16	5.5988e-03	9.9440e-01	1.1885e-03	9.9813e-01	6.7995e-04	3.8829e-22	1.8696e-06	1.5167e-02	6.8303e-01	2.9980e-01	5.5351e-05	1.1354e-02	9.8610e-01	1.6002e-03	8.8392e-04	1.5038e-06	3.6968e-29	0.00e+00	0.00e+00	2.4231e+01
6.86034e+19	1.2758e+04	5.273e-20	7.7426e+01	8.3736e+01	3.6242e-16	5.8388e-03	9.9416e-01	1.2370e-03	9.9806e-01	6.9982e-04	4.7763e-22	1.9776e-06	1.5976e-02	6.9182e-01	2.9027e-01	6.1894e-05	1.2038e-02	9.8547e-01	1.5537e-03	8.7903e-04	1.4283e-06	4.5296e-29	0.00e+00	0.00e+00	2.4901e+01
6.88734e+19	1.2774e+04	5.295e-20	7.7426e+01	8.3707e+01	4.0341e-16	6.1779e-03	9.9382e-01	1.3039e-03	9.9801e-01	6.9092e-04	6.2594e-22	2.1241e-06	1.7113e-02	7.0340e-01	2.7764e-01	7.1999e-05	1.3039e-02	9.8453e-01	1.4876e-03	8.7319e-04	1.3297e-06	5.8486e-29	0.00e+00	0.00e+00	2.5823e+01
6.92245e+19	1.2763e+04	5.337e-20	7.7426e+01	8.3683e+01	4.7823e-16	6.6872e-03	9.9331e-01	1.4030e-03	9.9793e-01	6.6589e-04	9.2111e-22	2.3507e-06	1.8798e-02	7.1909e-01	2.6038e-01	8.8809e-05	1.4576e-02	9.8307e-01	1.3970e-03	8.6408e-04	1.2006e-06	8.5807e-29	0.00e+00	0.00e+00	2.7120e+01
6.95631e+19	1.2810e+04	5.376e-20	7.7426e+01	8.3622e+01	5.6053e-16	7.2990e-03	9.9270e-01	1.5166e-03	9.9785e-01	6.3726e-04	1.3888e-21	2.6012e-06	2.0755e-02	7.3465e-01	2.4297e-01	1.1244e-04	1.6557e-02	9.8117e-01	1.3049e-03	8.5685e-04	1.0754e-06	1.2708e-28	0.00e+00	0.00e+00	2.8121e+01
6.97902e+19	1.2790e+04	5.412e-20	7.7426e+01	8.3584e+01	6.4168e-16	7.7839e-03	9.9222e-01	1.6100e-03	9.9774e-01	6.4564e-04	1.8895e-21	2.8066e-06	2.2334e-02	7.4558e-01	2.3055e-01	1.3361e-04	1.8189e-02	9.7958e-01	1.2444e-03	8.4999e-04	9.9237e-07	1.7172e-28	0.00e+00	0.00e+00	2.8781e+01
6.99433e+19	1.2784e+04	5.426e-20	7.7426e+01	8.3557e+01	7.0026e-16	8.1150e-03	9.9189e-01	1.6772e-03	9.9766e-01	6.6273e-04	2.3204e-21	2.9611e-06	2.3472e-02	7.5280e-01	2.2224e-01	1.4982e-04	1.9380e-02	9.7842e-01	1.2070e-03	8.4543e-04	9.4182e-07	2.0982e-28	0.00e+00	0.00e+00	2.9307e+01
7.00959e+19	1.2780e+04	5.438e-20	7.7426e+01	8.3530e+01	7.5997e-16	8.4465e-03	9.9155e-01	1.7452e-03	9.9758e-01	6.7226e-04	2.8269e-21	3.1151e-06	2.4642e-02	7.6002e-01	2.1390e-01	1.6728e-04	2.0605e-02	9.7722e-01	1.1697e-03	8.4075e-04	8.9412e-07	2.5360e-28	0.00e+00	0.00e+00	3.0019e+01
7.02943e+19	1.2769e+04	5.459e-20	7.7426e+01	8.3501e+01	8.5292e-16	8.9253e-03	9.9107e-01	1.8413e-03	9.9749e-01	6.6440e-04	3.7045e-21	3.3365e-06	2.6301e-02	7.6953e-01	2.0280e-01	1.9445e-04	2.2405e-02	9.7545e-01	1.1178e-03	8.3410e-04	8.3117e-07	3.2999e-28	0.00e+00	0.00e+00	3.0998e+01
7.05029e+19	1.2775e+04	5.485e-20	7.7426e+01	8.3438e+01	9.6584e-16	9.5226e-03	9.9048e-01	1.9570e-03	9.9740e-01	6.4563e-04	5.0417e-21	3.5926e-06	2.8299e-02	7.7961e-01	1.9079e-01	2.3220e-04	2.4747e-02	9.7313e-01	1.0594e-03	8.2731e-04	7.6348e-07	4.4298e-28	0.00e+00	0.00e+00	3.1896e+01
7.06691e+19	1.2761e+04	5.510e-20	7.7426e+01	8.3402e+01	1.0860e-15	1.0071e-02	9.8993e-01	2.0641e-03	9.9729e-01	6.4243e-04	6.6079e-21	3.8345e-06	3.0136e-02	7.8775e-01	1.8088e-01	2.7055e-04	2.6972e-02	9.7092e-01	1.0126e-03	8.2072e-04	7.0958e-07	5.7778e-28	0.00e+00	0.00e+00	3.2582e+01
7.07990e+19	1.2748e+04	5.525e-20	7.7426e+01	8.3370e+01	1.1910e-15	1.0515e-02	9.8948e-01	2.1545e-03	9.9720e-01	6.4802e-04	8.1761e-21	4.0446e-06	3.1677e-02	7.9397e-01	1.7316e-01	3.0487e-04	2.8869e-02	9.6903e-01	9.7804e-04	8.1533e-04	6.7042e-07	7.1242e-28	0.00e+00	0.00e+00	3.3201e+01
7.09375e+19	1.2736e+04	5.538e-20	7.7426e+01	8.3334e+01	1.3087e-15	1.1001e-02	9.8900e-01	2.2541e-03	9.9710e-01	6.5003e-04	1.0210e-20	4.2723e-06	3.3391e-02	8.0054e-01	1.6492e-01	3.4553e-04	3.1008e-02	9.6689e-01	9.4180e-04	8.0943e-04	6.3101e-07	8.8371e-28	0.00e+00	0.00e+00	3.4043e+01
7.11175e+19	1.2718e+04	5.562e-20	7.7426e+01	8.3290e+01	1.4935e-15	1.1711e-02	9.8829e-01	2.3963e-03	9.9696e-01	6.3912e-04	1.3852e-20	4.6010e-06	3.5839e-02	8.0903e-01	1.5404e-01	4.1030e-04	3.4205e-02	9.6369e-01	8.9243e-04	8.0102e-04	5.7970e-07	1.1925e-27	0.00e+00	0.00e+00	3.5208e+01
7.12953e+19	1.2719e+04	5.591e-20	7.7426e+01	8.3195e+01	1.7144e-15	1.2575e-02	9.8742e-01	2.5618e-03	9.9682e-01	6.1987e-04	1.9380e-20	4.9645e-06	3.8681e-02	8.1734e-01	1.4296e-01	4.9905e-04	3.8273e-02	9.5960e-01	8.3933e-04	7.9245e-04	5.2692e-07	1.6489e-27	0.00e+00	0.00e+00	3.6142e+01
7.14210e+19	1.2700e+04	5.612e-20	7.7426e+01	8.3144e+01	1.9175e-15	1.3267e-02	9.8673e-01	2.6989e-03	9.9668e-01	6.1996e-04	2.5071e-20	5.2727e-06	4.1003e-02	8.2304e-01	1.3498e-01	5.7846e-04	4.1680e-02	9.5615e-01	8.0241e-04	7.8507e-04	4.9035e-07	2.1221e-27	0.00e+00	0.00e+00	3.6786e+01
7.15156e+19	1.2682e+04	5.623e-20	7.7426e+01	8.3102e+01	2.0842e-15	1.3794e-02	9.8621e-01	2.8080e-03	9.9657e-01	6.2521e-04	3.0352e-20	5.5142e-06	4.2844e-02	8.2713e-01	1.2909e-01	6.4479e-04	4.4398e-02	9.5340e-01	7.7651e-04	7.7927e-04	4.6515e-07	2.5589e-27	0.00e+00	0.00e+00	3.7393e+01
7.16192e+19	1.2664e+04	5.633e-20	7.7426e+01	8.3057e+01	2.2789e-15	1.4385e-02	9.8562e-01	2.9314e-03	9.9644e-01	6.2634e-04	3.7288e-20	5.7916e-06	4.4929e-02	8.3147e-01	1.2269e-01	7.2476e-04	4.7532e-02	9.5022e-01	7.4869e-04	7.7272e-04	4.3903e-07	3.1272e-27	0.00e+00	0.00e+00	3.8216e+01
7.17538e+19	1.2632e+04	5.653e-20	7.7426e+01	8.3010e+01	2.5928e-15	1.5246e-02	9.8475e-01	3.1078e-03	9.9627e-01	6.1856e-04	4.9596e-20	6.2001e-06	4.7891e-02	8.3694e-01	1.1431e-01	8.5073e-04	5.2176e-02	9.4550e-01	7.1099e-04	7.6316e-04	4.0487e-07	4.1590e-27	0.00e+00	0.00e+00	3.9350e+01
7.18926e+19	1.2621e+04	5.677e-20	7.7426e+01	8.2897e+01	2.9675e-15	1.6321e-02	9.8368e-01	3.3176e-03	9.9608e-01	6.0358e-04	6.8319e-20	6.6523e-06	5.1418e-02	8.4228e-01	1.0550e-01	1.0263e-03	5.8208e-02	9.3934e-01	6.6899e-04	7.5279e-04	3.6851e-07	5.6734e-27	0.00e+00	0.00e+00	4.0350e+01
7.19991e+19	1.2586e+04	5.702e-20	7.7426e+01	8.2846e+01	3.3710e-15	1.7274e-02	9.8273e-01	3.5089e-03	9.9589e-01	5.9868e-04	8.9920e-20	7.0837e-06	5.4565e-02	8.4605e-01	9.8618e-02	1.1986e-03	6.3726e-02	9.3370e-01	6.3632e-04	7.4283e-04	3.4046e-07	7.4923e-27	0.00e+00	0.00e+00	4.1090e+01
7.20815e+19	1.2584e+04	5.705e-20	7.7426e+01	8.2772e+01	3.6548e-15	1.8008e-02	9.8199e-01	3.6621e-03	9.9574e-01	5.9987e-04	1.0982e-19	7.4104e-06	5.7106e-02	8.4863e-01	9.3523e-02	1.3478e-03	6.8318e-02	9.2898e-01	6.1318e-04	7.3574e-04	3.2124e-07	9.0704e-27	0.00e+00	0.00e+00	4.1770e+01
7.21704e+19	1.2547e+04	5.718e-20	7.7426e+01	8.2705e+01	4.0429e-15	1.8855e-02	9.8114e-01	3.8402e-03	9.9556e-01	5.9809e-04	1.3702e-19	7.7940e-06	6.0015e-02	8.5126e-01	8.8015e-02	1.5296e-03	7.3584e-02	9.2357e-01	5.8824e-04	7.2677e-04	3.0085e-07	1.1260e-26	0.00e+00	0.00e+00	4.2696e+01
7.22859e+19	1.2505e+04	5.739e-20	7.7426e+01	8.2638e+01	4.6620e-15	2.0086e-02	9.7991e-01	4.0948e-03	9.9532e-01	5.8953e-04	1.8617e-19	8.3641e-06	6.4144e-02	8.5430e-01	8.0891e-02	1.8184e-03	8.1436e-02	9.1548e-01	5.5504e-04	7.1393e-04	2.7465e-07	1.5338e-26	0.00e+00	0.00e+00	4.3978e+01
7.24027e+19	1.2474e+04	5.769e-20	7.7426e+01	8.2534e+01	5.4619e-15	2.1638e-02	9.7836e-01	4.4004e-03	9.9502e-01	5.7486e-04	2.6408e-19	9.0251e-06	6.9071e-02	8.5677e-01	7.3535e-02	2.2243e-03	9.1616e-02	9.0494e-01	5.1817e-04	6.9886e-04	2.4672e-07	2.1782e-26	0.00e+00	0.00e+00	4.5066e+01
7.24891e+19	1.2454e+04	5.782e-20	7.7426e+01	8.2383e+01	6.1223e-15	2.2921e-02	9.7708e-01	4.6599e-03	9.9477e-01	5.6949e-04	3.4444e-19	9.5463e-06	7.3210e-02	8.5802e-01	6.8183e-02	2.6039e-03	1.0052e-01	8.9570e-01	4.9143e-04	6.8689e-04	2.2704e-07	2.8101e-26	0.00e+00	0.00e+00	4.5849e+01
7.25556e+19	1.2419e+04	5.791e-20	7.7426e+01	8.2311e+01	6.7721e-15	2.3949e-02	9.7605e-01	4.8801e-03	9.9455e-01	5.6801e-04	4.2609e-19	1.0016e-05	7.6654e-02	8.5861e-01	6.4172e-02	2.9355e-03	1.0788e-01	8.8804e-01	4.7193e-04	6.7652e-04	2.1278e-07	3.4837e-26	0.00e+00	0.00e+00	4.6588e+01
7.26282e+19	1.2388e+04	5.796e-20	7.7426e+01	8.2226e+01	7.5061e-15	2.5104e-02	9.7490e-01	5.1292e-03	9.9431e-01	5.6492e-04	5.3369e-19	1.0536e-05	8.0545e-02	8.5900e-01	5.9921e-02	3.3388e-03	1.1638e-01	8.7916e-01	4.5149e-04	6.6497e-04	1.9829e-07	4.3506e-26	0.00e+00	0.00e+00	4.7595e+01
7.27226e+19	1.2340e+04	5.814e-20	7.7426e+01	8.2091e+01	8.6640e-15	2.6832e-02	9.7317e-01	5.4883e-03	9.9396e-01	5.5576e-04	7.2675e-19	1.1259e-05	8.6109e-02	8.5897e-01	5.4412e-02	3.9904e-03	1.2914e-01	8.6580e-01	4.2381e-04	6.4813e-04	1.7928e-07	5.8940e-26	0.00e+00	0.00e+00	4.8995e+01
7.28200e+19	1.2294e+04	5.844e-20	7.7426e+01	8.1963e+01	1.0356e-14	2.9065e-02	9.7094e-01	5.9366e-03	9.9352e-01	5.4162e-04	1.0536e-18	1.2195e-05	9.2933e-02	8.5794e-01	4.8659e-02	4.9259e-03	1.4587e-01	8.4818e-01	3.9260e-04	6.2692e-04	1.5860e-07	8.6327e-26	0.00e+00	0.00e+00	5.0246e+01
7.28954e+19	1.2264e+04	5.855e-20	7.7426e+01	8.1745e+01	1.1805e-14	3.1019e-02	9.6898e-01	6.3364e-03	9.9313e-01	5.3339e-04	1.4108e-18	1.2944e-05	9.8949e-02	8.5628e-01	4.4331e-02	5.8528e-03	1.6123e-01	8.3194e-01	3.6879e-04	6.0914e-04	1.4339e-07	1.1446e-25	0.00e+00	0.00e+00	5.1198e+01
7.29555e+19	1.2218e+04	5.863e-20	7.7426e+01	8.1632e+01	1.3333e-14	3.2682e-02	9.6732e-01	6.6959e-03	9.9278e-01	5.2842e-04	1.8033e-18	1.3661e-05	1.0423e-01	8.5436e-01	4.0996e-02	6.7138e-03	1.7454e-01	8.1781e-01	3.5065e-04	5.9329e-04	1.3192e-07	1.4701e-25	0.00e+00	0.00e+00	5.2114e+01
7.30215e+19	1.2175e+04	5.867e-20	7.7426e+01	8.1497e+01	1.5125e-14	3.4598e-02	9.6540e-01	7.1126e-03	9.9237e-01	5.2221e-04	2.3445e-18	1.4467e-05	1.1031e-01	8.5181e-01	3.7484e-02	7.7916e-03	1.9016e-01	8.0114e-01	3.3160e-04	5.7530e-04	1.2025e-07	1.9095e-25	0.00e+00	0.00e+00	5.3376e+01
7.31073e+19	1.2110e+04	5.884e-20	7.7426e+01	8.1263e+01	1.8058e-14	3.7530e-02	9.6247e-01	7.7242e-03	9.9177e-01	5.1015e-04	3.3652e-18	1.5593e-05	1.1910e-01	8.4753e-01	3.3004e-02	9.5822e-03	2.1376e-01	7.7580e-01	3.0593e-04	5.4890e-04	1.0510e-07	2.7338e-25	0.00e+00	0.00e+00	5.5154e+01
7.31962e+19	1.2043e+04	5.919e-20	7.7426e+01	8.1040e+01	2.2662e-14	4.1495e-02	9.5850e-01	8.5206e-03	9.9099e-01	4.9308e-04	5.2458e-18	1.7107e-05	1.3024e-01	8.4107e-01	2.8353e-02	1.2277e-02	2.4519e-01	7.4174e-01	2.7666e-04	5.1466e-04	8.8577e-08	4.3401e-25	0.00e+00	0.00e+00	5.6797e+01
7.32655e+19	1.2003e+04	5.921e-20	7.7426e+01	8.0642e+01	2.6805e-14	4.5071e-02	9.5493e-01	9.2546e-03	9.9026e-01	4.8151e-04	7.4447e-18	1.8322e-05	1.4031e-01	8.3446e-01	2.4919e-02	1.5046e-02	2.7427e-01	7.0994e-01	2.5442e-04	4.8542e-04	1.1755e-36	6.1061e-25	0.00e+00	0.00e+00	5.8066e+01
7.33199e+19	1.1935e+04	5.927e-20	7.7426e+01	8.0435e+01	3.1441e-14	4.8211e-02	9.5179e-01	9.9358e-03	9.8959e-01	4.7290e-04	1.0011e-17	1.9530e-05	1.4933e-01	8.2804e-01	2.2343e-02	1.7681e-02	2.9921e-01	6.8241e-01	2.3752e-04	4.5978e-04	1.1755e-36	8.2908e-25	0.00e+00	0.00e+00	5.9270e+01
7.33786e+19	1.1876e+04	5.922e-20	7.7426e+01	8.0178e+01	3.6969e-14	5.1830e-02	9.4817e-01	1.0727e-02	9.8881e-01	4.6369e-04	1.3648e-17	2.0867e-05	1.5965e-01	8.2034e-01	1.9741e-02	2.0976e-02	3.2768e-01	6.5069e-01	2.2034e-04	4.3142e-04	1.1755e-36	1.1334e-24	0.00e+00	0.00e+00	6.0953e+01
7.34550e+19	1.1802e+04	5.918e-20	7.7426e+01	7.9649e+01	4.6201e-14	5.7475e-02	9.4252e-01	1.1903e-02	9.8765e-01	4.4927e-04	2.0786e-17	2.2691e-05	1.7459e-01	8.0863e-01	1.6538e-02	2.6525e-02	3.6961e-01	6.0327e-01	1.9762e-04	3.9105e-04	1.1755e-36	1.7253e-24	0.00e+00	0.00e+00	6.3379e+01
7.35308e+19	1.1717e+04	5.944e-20	7.7426e+01	7.9109e+01	6.1155e-14	6.5389e-02	9.3461e-01	1.3461e-02	9.8611e-01	4.3019e-04	3.4407e-17	2.5049e-05	1.9355e-01	7.9284e-01	1.3397e-02	3.4926e-02	4.2196e-01	5.4261e-01	1.7221e-04	3.4083e-04	1.1755e-36	2.9037e-24	0.00e+00	0.00e+00	6.5465e+01
7.35839e+19	1.1644e+04	5.940e-20	7.7426e+01	7.8643e+01	7.6456e-14	7.2175e-02	9.2782e-01	1.4866e-02	9.8472e-01	4.1726e-04	5.0581e-17	2.7075e-05	2.0987e-01	7.7859e-01	1.1339e-02	4.2791e-02	4.6320e-01	4.9355e-01	1.5470e-04	3.0210e-04	1.1755e-36	4.3431e-24	0.00e+00	0.00e+00	6.6908e+01
7.36217e+19	1.1602e+04	5.896e-20	7.7426e+01	7.8081e+01	8.8102e-14	7.7031e-02	9.2297e-01	1.5951e-02	9.8364e-01	4.1101e-04	6.4960e-17	2.8501e-05	2.2206e-01	7.6770e-01	1.0057e-02	4.8875e-02	4.9183e-01	4.5888e-01	1.4394e-04	2.7643e-04	1.1755e-36	5.5694e-24	0.00e+00	0.00e+00	6.8213e+01
7.36616e+19	1.1522e+04	5.872e-20	7.7426e+01	7.7657e+01	1.0439e-13	8.2922e-02	9.1708e-01	1.7253e-02	9.8234e-01	4.0286e-04	8.5541e-17	3.0214e-05	2.3617e-01	7.5489e-01	8.7630e-03	5.6322e-02	5.2178e-01	4.2152e-01	1.3262e-04	2.4853e-04	1.1755e-36	7.3644e-24	0.00e+00	0.00e+00	7.0039e+01
7.37133e+19	1.1440e+04	5.838e-20	7.7426e+01	7.6935e+01	1.3210e-13	9.2071e-02	9.0793e-01	1.9176e-02	9.8043e-01	3.9312e-04	1.2461e-16	3.2582e-05	2.5624e-01	7.3639e-01	7.2031e-03	6.8206e-02	5.6154e-01	3.6992e-01	1.1782e-04	2.1146e-04	1.1755e-36	1.0884e-23	0.00e+00	0.00e+00	7.2674e+01
7.37673e+19	1.1352e+04	5.803e-20	7.7426e+01	7.5877e+01	1.7643e-13	1.0490e-01	8.9510e-01	2.1721e-02	9.7790e-01	3.8254e-04	1.9405e-16	3.5386e-05	2.8133e-01	7.1285e-01	5.6827e-03	8.5184e-02	6.0469e-01	3.0986e-01	1.0142e-04	1.7012e-04	1.1755e-36	1.7359e-23	0.00e+00	0.00e+00	7.5204e+01
7.38085e+19	1.1261e+04	5.771e-20	7.7426e+01	7.5174e+01	2.2814e-13	1.1753e-01	8.8247e-01	2.4320e-02	9.7531e-01	3.7322e-04	2.8303e-16	3.8142e-05	3.0530e-01	6.8996e-01	4.6061e-03	1.0213e-01	6.3610e-01	2.6154e-01	8.8783e-05	1.3790e-04	1.1755e-36	2.5980e-23	0.00e+00	0.00e+00	7.7098e+01
7.38379e+19	1.1202e+04	5.685e-20	7.7426e+01	7.4169e+01	2.6970e-13	1.2666e-01	8.7334e-01	2.6351e-02	9.7328e-01	3.7110e-04	3.6019e-16	3.9906e-05	3.2302e-01	6.7289e-01	3.9584e-03	1.1476e-01	6.5506e-01	2.2999e-01	8.1184e-05	1.1835e-04	1.1755e-36	3.3081e-23	0.00e+00	0.00e+00	7.8701e+01
7.38676e+19	1.1132e+04	5.606e-20	7.7426e+01	7.3372e+01	3.2188e-13	1.3684e-01	8.6316e-01	2.8673e-02	9.7096e-01	3.6840e-04	4.6115e-16	4.1939e-05	3.4233e-01	6.5420e-01	3.3606e-03	1.2870e-01	6.7080e-01	2.0033e-01	7.3931e-05	1.0018e-04	1.1755e-36	4.2673e-23	0.00e+00	0.00e+00	8.0951e+01
7.39063e+19	1.1035e+04	5.501e-20	7.7426e+01	7.2074e+01	4.1508e-13	1.5291e-01	8.4709e-01	3.2147e-02	9.6749e-01	3.6667e-04	6.4670e-16	4.4612e-05	3.6945e-01	6.2778e-01	2.6608e-03	1.5032e-01	6.8644e-01	1.6310e-01	6.4499e-05	7.8147e-05	1.1755e-36	6.0833e-23	0.00e+00	0.00e+00	8.4221e+01
7.39467e+19	1.0932e+04	5.374e-20	7.7426e+01	7.0327e+01	5.6343e-13	1.7510e-01	8.2490e-01	3.6766e-02	9.6287e-01	3.6771e-04	9.5695e-16	4.7592e-05	4.0254e-01	5.9535e-01	2.0116e-03	1.7950e-01	6.9530e-01	1.2509e-01	5.4392e-05	5.6703e-05	1.1755e-36	9.2232e-23	0.00e+00	0.00e+00	8.7387e+01
7.39776e+19	1.0829e+04	5.242e-20	7.7426e+01	6.8875e+01	7.2831e-13	1.9596e-01	8.0404e-01	4.1427e-02	9.5820e-01	3.6946e-04	1.3147e-15	5.0234e-05	4.3284e-01	5.6549e-01	1.5788e-03	2.0642e-01	6.9497e-01	9.8518e-02	4.7027e-05	4.2472e-05	1.1755e-36	1.2863e-22	0.00e+00	0.00e+00	8.9769e+01
7.40001e+19	1.0756e+04	5.092e-20	7.7426e+01	6.7487e+01	8.7072e-13	2.1132e-01	7.8868e-01	4.5246e-02	9.5438e-01	3.7397e-04	1.6278e-15	5.2009e-05	4.5571e-01	5.4288e-01	1.3188e-03	2.2612e-01	6.9147e-01	8.2330e-02	4.2541e-05	3.4334e-05	1.1755e-36	1.5989e-22	0.00e+00	0.00e+00	9.1847e+01
7.40232e+19	1.0677e+04	4.932e-20	7.7426e+01	6.6140e+01	1.0441e-12	2.2830e-01	7.7170e-01	4.9643e-02	9.4998e-01	3.7889e-04	2.0165e-15	5.3867e-05	4.8016e-01	5.1867e-01	1.0850e-03	2.4747e-01	6.8447e-01	6.7999e-02	3.8309e-05	2.7344e-05	1.1755e-36	1.9862e-22	0.00e+00	0.00e+00	9.4765e+01
7.40533e+19	1.0559e+04	4.716e-20	7.7426e+01	6.4013e+01	1.3566e-12	2.5478e-01	7.4522e-01	5.6212e-02	9.4340e-01	3.8856e-04	2.6985e-15	5.6008e-05	5.1340e-01	4.8569e-01	8.2394e-04	2.7983e-01	6.6857e-01	5.1549e-02	3.2886e-05	1.9654e-05	1.1755e-36	2.6772e-22	0.00e+00	0.00e+00	9.8998e+01
7.40833e+19	1.0442e+04	4.462e-20	7.7426e+01	6.1362e+01	1.8123e-12	2.8827e-01	7.1173e-01	6.4488e-02	9.3511e-01	4.0385e-04	3.6961e-15	5.7793e-05	5.5042e-01	4.4889e-01	6.0584e-04	3.1954e-01	6.4330e-01	3.7124e-02	2.7497e-05	1.3290e-05	1.1755e-36	3.6923e-22	0.00e+00	0.00e+00	1.0266e+02
7.41053e+19	1.0329e+04	4.237e-20	7.7426e+01	5.9379e+01	2.2574e-12	3.1563e-01	6.8437e-01	7.2319e-02	9.2726e-01	4.1626e-04	4.6520e-15	5.9209e-05	5.8106e-01	4.1839e-01	4.7380e-04	3.5125e-01	6.2018e-01	2.8531e-02	2.3974e-05	9.7243e-06	1.1755e-36	4.6296e-22	0.00e+00	0.00e+00	1.0543e+02
7.41219e+19	1.0251e+04	4.031e-20	7.7426e+01	5.7599e+01	2.6354e-12	3.3562e-01	6.6438e-01	7.8791e-02	9.2078e-01	4.2846e-04	5.4414e-15	5.9904e-05	6.0394e-01	3.9558e-01	3.9300e-04	3.7412e-01	6.0249e-01	2.3365e-02	2.1771e-05	7.7080e-06	1.1755e-36	5.3568e-22	0.00e+00	0.00e+00	1.0795e+02
7.41395e+19	1.0154e+04	3.817e-20	7.7426e+01	5.5790e+01	3.1157e-12	3.5837e-01	6.4163e-01	8.6501e-02	9.1306e-01	4.4201e-04	6.4126e-15	6.0590e-05	6.2855e-01	3.7105e-01	3.1920e-04	3.9965e-01	5.8154e-01	1.8777e-02	1.9579e-05	5.9725e-06	1.1755e-36	6.2334e-22	0.00e+00	0.00e+00	1.1143e+02
7.41617e+19	1.0036e+04	3.538e-20	7.7426e+01	5.3151e+01	3.8916e-12	3.9139e-01	6.0861e-01	9.7355e-02	9.0218e-01	4.6461e-04	7.9286e-15	6.0802e-05	6.5938e-01	3.4030e-01	2.4208e-04	4.3588e-01	5.5020e-01	1.3895e-02	1.6870e-05	4.2031e-06	1.1755e-36	7.5655e-22	0.00e+00	0.00e+00	1.1611e+02
7.41838e+19	9.9101e+03	3.236e-20	7.7426e+01	5.0127e+01	4.9169e-12	4.2934e-01	5.7066e-01	1.1035e-01	8.8916e-01	4.9412e-04	9.8502e-15	6.0360e-05	6.9121e-01	3.0854e-01	1.8061e-04	4.7651e-01	5.1354e-01	9.9327e-03	1.4295e-05	2.8462e-06	1.1755e-36	9.1418e-22	0.00e+00	0.00e+00	1.2025e+02
7.42002e+19	9.7972e+03	2.994e-20	7.7426e+01	4.7842e+01	5.8497e-12	4.5826e-01	5.4174e-01	1.2211e-01	8.7738e-01	5.1763e-04	1.1484e-14	5.9865e-05	7.1593e-01	2.8385e-01	1.4417e-04	5.0690e-01	4.8544e-01	7.6486e-03	1.2634e-05	2.1080e-06	1.1755e-36	1.0328e-21	0.00e+00	0.00e+00	1.2318e+02
7.42122e+19	9.7226e+03	2.810e-20	7.7426e+01	4.6216e+01	6.5538e-12	4.7781e-01	5.2219e-01	1.3174e-01	8.6772e-01	5.3564e-04	1.2695e-14	5.9428e-05	7.3384e-01	2.6597e-01	1.2232e-04	5.2720e-01	4.6645e-01	6.3352e-03	1.1629e-05	1.7023e-06	1.1755e-36	1.1092e-21	0.00e+00	0.00e+00	1.2574e+02
7.42239e+19	9.6142e+03	2.638e-20	7.7426e+01	4.4644e+01	7.4313e-12	4.9832e-01	5.0168e-01	1.4223e-01	8.5721e-01	5.5236e-04	1.4019e-14	5.8995e-05	7.5135e-01	2.4848e-01	1.0365e-04	5.4824e-01	4.4651e-01	5.2394e-03	1.0668e-05	1.3725e-06	1.1755e-36	1.1876e-21	0.00e+00	0.00e+00	1.2877e+02
7.42372e+19	9.5110e+03	2.441e-20	7.7426e+01	4.2666e+01	8.5560e-12	5.2342e-01	4.7658e-01	1.5471e-01	8.4472e-01	5.7617e-04	1.5713e-14	5.8016e-05	7.7020e-01	2.2965e-01	8.5735e-05	5.7360e-01	4.2222e-01	4.1684e-03	9.5994e-06	1.0594e-06	1.1755e-36	1.2820e-21	0.00e+00	0.00e+00	1.3239e+02
7.42504e+19	9.4198e+03	2.243e-20	7.7426e+01	4.0460e+01	9.7934e-12	5.4916e-01	4.5084e-01	1.6776e-01	8.3163e-01	6.0794e-04	1.7520e-14	5.6415e-05	7.8780e-01	2.1207e-01	7.1270e-05	5.9924e-01	3.9746e-01	3.2894e-03	8.6091e-06	8.1173e-07	1.1755e-36	1.3595e-21	0.00e+00	0.00e+00	1.3567e+02
7.42596e+19	9.3416e+03	2.109e-20	7.7426e+01	3.9011e+01	1.0790e-11	5.6711e-01	4.3289e-01	1.7826e-01	8.2111e-01	6.2909e-04	1.8867e-14	5.5397e-05	8.0032e-01	1.9956e-01	6.2787e-05	6.1694e-01	3.8027e-01	2.7808e-03	7.9763e-06	6.7262e-07	1.1755e-36	1.4101e-21	0.00e+00	0.00e+00	1.3739e+02
7.42649e+19	9.2857e+03	2.032e-20	7.7426e+01	3.8353e+01	1.1355e-11	5.7504e-01	4.2496e-01	1.8535e-01	8.1402e-01	6.3586e-04	1.9532e-14	5.5121e-05	8.0795e-01	1.9194e-01	5.8487e-05	6.2475e-01	3.7269e-01	2.5482e-03	7.7111e-06	6.1115e-07	1.1755e-36	1.4276e-21	0.00e+00	0.00e+00	1.3863e+02
7.42700e+19	9.2301e+03	1.959e-20	7.7426e+01	3.7692e+01	1.1946e-11	5.8286e-01	4.1714e-01	1.9232e-01	8.0704e-01	6.4317e-04	2.0196e-14	5.4745e-05	8.1508e-01	1.8481e-01	5.4571e-05	6.3241e-01	3.6524e-01	2.3394e-03	7.4573e-06	5.5649e-07	1.1755e-36	1.4436e-21	0.00e+00	0.00e+00	1.4027e+02
7.42766e+19	9.1567e+03	1.867e-20	7.7426e+01	3.6737e+01	1.2848e-11	5.9519e-01	4.0481e-01	2.0144e-01	7.9790e-01	6.5569e-04	2.1215e-14	5.4071e-05	8.2393e-01	1.7596e-01	4.9798e-05	6.4438e-01	3.5353e-01	2.0728e-03	7.0712e-06	4.8671e-07	1.1755e-36	1.4717e-21	0.00e+00	0.00e+00	1.4244e+02
7.42841e+19	9.0870e+03	1.763e-20	7.7426e+01	3.5505e+01	1.3934e-11	6.1049e-01	3.8951e-01	2.1155e-01	7.8777e-01	6.7586e-04	2.2487e-14	5.2970e-05	8.3318e-01	1.6672e-01	4.5009e-05	6.5911e-01	3.3909e-01	1.7934e-03	6.6142e-06	4.1446e-07	1.1755e-36	1.5010e-21	0.00e+00	0.00e+00	1.4468e+02
7.42909e+19	9.0329e+03	1.669e-20	7.7426e+01	3.4330e+01	1.4913e-11	6.2370e-01	3.7630e-01	2.2076e-01	7.7854e-01	6.9723e-04	2.3632e-14	5.1782e-05	8.4105e-01	1.5886e-01	4.1263e-05	6.7174e-01	3.2667e-01	1.5742e-03	6.2382e-06	3.5902e-07	1.1755e-36	1.5148e-21	0.00e+00	0.00e+00	1.4653e+02
7.42967e+19	8.9644e+03	1.593e-20	7.7426e+01	3.3460e+01	1.5904e-11	6.3469e-01	3.6531e-01	2.3000e-01	7.6929e-01	7.1080e-04	2.4623e-14	5.1011e-05	8.4820e-01	1.5171e-01	3.8304e-05	6.8220e-01	3.1638e-01	1.4097e-03	5.9400e-06	3.1806e-07	1.1755e-36	1.5259e-21	0.00e+00	0.00e+00	1.4826e+02
7.43025e+19	8.9000e+03	1.517e-20	7.7426e+01	3.2568e+01	1.6927e-11	6.4535e-01	3.5465e-01	2.3948e-01	7.5980e-01	7.2547e-04	2.5627e-14	5.0162e-05	8.5509e-01	1.4482e-01	3.5627e-05	6.9229e-01	3.0644e-01	1.2622e-03	5.6608e-06	2.8189e-07	1.1755e-36	1.5321e-21	0.00e+00	0.00e+00	1.5018e+02
7.43089e+19	8.8318e+03	1.436e-20	7.7426e+01	3.1533e+01	1.8143e-11	6.5754e-01	3.4246e-01	2.4988e-01	7.4937e-01	7.4384e-04	2.6809e-14	4.9089e-05	8.6227e-01	1.3765e-01	3.2976e-05	7.0375e-01	2.9513e-01	1.1145e-03	5.3533e-06	2.4605e-07	1.1755e-36	1.5366e-21	0.00e+00	0.00e+00	1.5233e+02
7.43155e+19	8.7520e+03	1.355e-20	7.7426e+01	3.0474e+01	1.9589e-11	6.7094e-01	3.2906e-01	2.6119e-01	7.3804e-01	7.6360e-04	2.8129e-14	4.7972e-05	8.6946e-01	1.3046e-01	3.0518e-05	7.1628e-01	2.8274e-01	9.7673e-04	5.0296e-06	2.1299e-07	1.1755e-36	1.5402e-21	0.00e+00	0.00e+00	1.5444e+02
7.43214e+19	8.6951e+03	1.283e-20	7.7426e+01	2.9485e+01	2.0800e-11	6.8193e-01	3.1807e-01	2.7138e-01	7.2783e-01	7.8440e-04	2.9282e-14	4.6798e-05	8.7553e-01	1.2439e-01	2.8593e-05	7.2649e-01	2.7264e-01	8.6958e-04	4.7735e-06	1.8774e-07	1.1755e-36	1.5306e-21	0.00e+00	0.00e+00	1.5627e+02
7.43270e+19	8.6136e+03	1.219e-20	7.7426e+01	2.8663e+01	2.2262e-11	6.9225e-01	3.0775e-01	2.8235e-01	7.1685e-01	7.9798e-04	3.0393e-14	4.5951e-05	8.8149e-01	1.1844e-01	2.6923e-05	7.3604e-01	2.6317e-01	7.8053e-04	4.5427e-06	1.6702e-07	1.1755e-36	1.5240e-21	0.00e+00	0.00e+00	1.5817e+02
7.43328e+19	8.5509e+03	1.152e-20	7.7426e+01	2.7745e+01	2.3646e-11	7.0253e-01	2.9747e-01	2.9340e-01	7.0579e-01	8.1675e-04	3.1565e-14	4.4851e-05	8.8719e-01	1.1274e-01	2.5380e-05	7.4550e-01	2.5379e-01	6.9745e-04	4.3188e-06	1.4791e-07	1.1755e-36	1.5080e-21	0.00e+00	0.00e+00	1.6023e+02
7.43389e+19	8.4688e+03	1.085e-20	7.7426e+01	2.6768e+01	2.5425e-11	7.1408e-01	2.8592e-01	3.0568e-01	6.9348e-01	8.3707e-04	3.2910e-14	4.3670e-05	8.9307e-01	1.0686e-01	2.3895e-05	7.5608e-01	2.4330e-01	6.1770e-04	4.0765e-06	1.2974e-07	1.1755e-36	1.4893e-21	0.00e+00	0.00e+00	1.6243e+02
7.43450e+19	8.3843e+03	1.021e-20	7.7426e+01	2.5809e+01	2.7356e-11	7.2553e-01	2.7447e-01	3.1811e-01	6.8104e-01	8.5791e-04	3.4294e-14	4.2469e-05	8.9859e-01	1.0134e-01	2.2596e-05	7.6651e-01	2.3294e-01	5.4818e-04	3.8446e-06	1.1755e-36	1.1755e-36	1.4666e-21	0.00e+00	0.00e+00	1.6448e+02
7.43505e+19	8.3047e+03	9.657e-21	7.7426e+01	2.4986e+01	2.9249e-11	7.3538e-01	2.6462e-01	3.3021e-01	6.6892e-01	8.7456e-04	3.5557e-14	4.1476e-05	9.0354e-01	9.6393e-02	2.1541e-05	7.7544e-01	2.2407e-01	4.9303e-04	3.6515e-06	1.1755e-36	1.1755e-36	1.4449e-21	0.00e+00	0.00e+00	1.6636e+02
7.43558e+19	8.2307e+03	9.135e-21	7.7426e+01	2.4202e+01	3.1113e-11	7.4415e-01	2.5585e-01	3.4217e-01	6.5694e-01	8.9059e-04	3.6755e-14	4.0462e-05	9.0812e-01	9.1820e-02	2.0636e-05	7.8335e-01	2.1620e-01	4.4655e-04	3.4844e-06	1.1755e-36	1.1755e-36	1.4175e-21	0.00e+00	0.00e+00	1.6832e+02
7.43615e+19	8.1411e+03	8.594e-21	7.7426e+01	2.3351e+01	3.3454e-11	7.5394e-01	2.4606e-01	3.5553e-01	6.4356e-01	9.0833e-04	3.8133e-14	3.9354e-05	9.1287e-01	8.7068e-02	1.9746e-05	7.9215e-01	2.0744e-01	4.0113e-04	3.3029e-06	1.1755e-36	1.1755e-36	1.3860e-21	0.00e+00	0.00e+00	1.7054e+02
7.43675e+19	8.0507e+03	8.049e-21	7.7426e+01	2.2433e+01	3.6083e-11	7.6458e-01	2.3542e-01	3.6942e-01	6.2965e-01	9.3031e-04	3.9700e-14	3.8107e-05	9.1750e-01	8.2440e-02	1.8911e-05	8.0166e-01	1.9797e-01	3.5827e-04	3.1113e-06	1.1755e-36	1.1755e-36	1.3498e-21	0.00e+00	0.00e+00	1.7277e+02
7.43731e+19	7.9617e+03	7.566e-21	7.7426e+01	2.1607e+01	3.8793e-11	7.7409e-01	2.2591e-01	3.8289e-01	6.1616e-01	9.4952e-04	4.1186e-14	3.6973e-05	9.2165e-01	7.8296e-02	1.8224e-05	8.1013e-01	1.8954e-01	3.2359e-04	2.9451e-06	1.1755e-36	1.1755e-36	1.3137e-21	0.00e+00	0.00e+00	1.7476e+02
7.43782e+19	7.8721e+03	7.143e-21	7.7426e+01	2.0895e+01	4.1588e-11	7.8212e-01	2.1788e-01	3.9614e-01	6.0290e-01	9.6339e-04	4.2522e-14	3.6003e-05	9.2540e-01	7.4548e-02	1.7663e-05	8.1726e-01	1.8244e-01	2.9609e-04	2.8084e-06	1.1755e-36	1.1755e-36	1.2791e-21	0.00e+00	0.00e+00	1.7668e+02
7.43835e+19	7.7686e+03	6.725e-21	7.7426e+01	2.0177e+01	4.5004e-11	7.9047e-01	2.0953e-01	4.1045e-01	5.8858e-01	9.7555e-04	4.3962e-14	3.5026e-05	9.2916e-01	7.0786e-02	1.7137e-05	8.2465e-01	1.7508e-01	2.7064e-04	2.6698e-06	1.1755e-36	1.1755e-36	1.2438e-21	0.00e+00	0.00e+00	1.7882e+02
7.43891e+19	7.6650e+03	6.296e-21	7.7426e+01	1.9379e+01	4.8829e-11	7.9949e-01	2.0051e-01	4.2526e-01	5.7375e-01	9.9329e-04	4.5617e-14	3.3882e-05	9.3282e-01	6.7130e-02	1.6633e-05	8.3259e-01	1.6716e-01	2.4629e-04	2.5234e-06	1.1755e-36	1.1755e-36	1.2017e-21	0.00e+00	0.00e+00	1.8106e+02
7.43947e+19	7.5611e+03	5.899e-21	7.7426e+01	1.8614e+01	5.2992e-11	8.0816e-01	1.9184e-01	4.3996e-01	5.5902e-01	1.0104e-03	4.7306e-14	3.2766e-05	9.3619e-01	6.3763e-02	1.6196e-05	8.4019e-01	1.5958e-01	2.2539e-04	2.3859e-06	1.1755e-36	1.1755e-36	1.1598e-21	0.00e+00	0.00e+00	1.8315e+02
7.43998e+19	7.4565e+03	5.550e-21	7.7426e+01	1.7943e+01	5.7440e-11	8.1571e-01	1.8429e-01	4.5440e-01	5.4458e-01	1.0224e-03	4.8870e-14	3.1789e-05	9.3923e-01	6.0722e-02	1.5836e-05	8.4680e-01	1.5299e-01	2.0862e-04	2.2691e-06	1.1755e-36	1.1755e-36	1.1214e-21	0.00e+00	0.00e+00	1.8513e+02
7.44048e+19	7.3447e+03	5.222e-21	7.7426e+01	1.7294e+01	6.2548e-11	8.2277e-01	1.7723e-01	4.6909e-01	5.2988e-01	1.0323e-03	5.0433e-14	3.0840e-05	9.4210e-01	5.7853e-02	1.5522e-05	8.5296e-01	1.4685e-01	1.9420e-04	2.1621e-06	1.1755e-36	1.1755e-36	1.0820e-21	0.00e+00	0.00e+00	1.8720e+02
7.44101e+19	7.2197e+03	4.891e-21	7.7426e+01	1.6602e+01	6.8808e-11	8.3032e-01	1.6968e-01	4.8460e-01	5.1435e-01	1.0437e-03	5.2185e-14	2.9815e-05	9.4493e-01	5.5027e-02	1.5224e-05	8.5952e-01	1.4030e-01	1.8063e-04	2.0500e-06	1.1755e-36	1.1755e-36	1.0383e-21	0.00e+00	0.00e+00	1.8942e+02
7.44155e+19	7.0974e+03	4.574e-21	7.7426e+01	1.5910e+01	7.5731e-11	8.3795e-01	1.6205e-01	5.0010e-01	4.9884e-01	1.0566e-03	5.4082e-14	2.8757e-05	9.4756e-01	5.2399e-02	1.4952e-05	8.6613e-01	1.3370e-01	1.6846e-04	1.9388e-06	1.1755e-36	1.1755e-36	9.9620e-22	0.00e+00	0.00e+00	1.9157e+02
7.44205e+19	6.9754e+03	4.295e-21	7.7426e+01	1.5292e+01	8.3297e-11	8.4469e-01	1.5531e-01	5.1513e-01	4.8380e-01	1.0650e-03	5.5870e-14	2.7813e-05	9.4991e-01	5.0051e-02	1.4729e-05	8.7195e-01	1.2789e-01	1.5867e-04	1.8426e-06	1.1755e-36	1.1755e-36	9.5807e-22	0.00e+00	0.00e+00	1.9357e+02
7.44254e+19	6.8507e+03	4.044e-21	7.7426e+01	1.4729e+01	9.1815e-11	8.5069e-01	1.4931e-01	5.3004e-01	4.6889e-01	1.0691e-03	5.7576e-14	2.6952e-05	9.5206e-01	4.7901e-02	1.4544e-05	8.7712e-01	1.2273e-01	1.5065e-04	1.7585e-06	1.1755e-36	1.1755e-36	9.2331e-22	0.00e+00	0.00e+00	1.9556e+02
7.44303e+19	6.7271e+03	3.798e-21	7.7426e+01	1.4152e+01	1.0130e-10	8.5655e-01	1.4345e-01	5.4502e-01	4.5390e-01	1.0750e-03	5.9411e-14	2.6040e-05	9.5408e-01	4.5884e-02	1.4375e-05	8.8216e-01	1.1770e-01	1.4342e-04	1.6774e-06	1.1755e-36	1.1755e-36	8.8784e-22	0.00e+00	0.00e+00	1.9765e+02
7.44352e+19	6.5939e+03	3.563e-21	7.7426e+01	1.3583e+01	1.1273e-10	8.6274e-01	1.3726e-01	5.6035e-01	4.3857e-01	1.0790e-03	6.1383e-14	2.5148e-05	9.5599e-01	4.3971e-02	1.4219e-05	8.8746e-01	1.1240e-01	1.3688e-04	1.5932e-06	1.1755e-36	1.1755e-36	8.5555e-22	0.00e+00	0.00e+00	1.9972e+02
7.44400e+19	6.4533e+03	3.349e-21	7.7426e+01	1.3039e+01	1.2612e-10	8.6841e-01	1.3159e-01	5.7527e-01	4.2365e-01	1.0813e-03	6.3332e-14	2.4284e-05	9.5771e-01	4.2255e-02	1.4090e-05	8.9231e-01	1.0755e-01	1.3154e-04	1.5173e-06	1.1755e-36	1.1755e-36	8.2380e-22	0.00e+00	0.00e+00	2.0171e+02
7.44446e+19	6.3243e+03	3.156e-21	7.7426e+01	1.2553e+01	1.4009e-10	8.7353e-01	1.2647e-01	5.8979e-01	4.0913e-01	1.0800e-03	6.5221e-14	2.3509e-05	9.5926e-01	4.0705e-02	1.3980e-05	8.9669e-01	1.0318e-01	1.2707e-04	1.4496e-06	1.1755e-36	1.1755e-36	7.9889e-22	0.00e+00	0.00e+00	2.0363e+02
7.44492e+19	6.1835e+03	2.974e-21	7.7426e+01	1.2075e+01	1.5704e-10	8.7845e-01	1.2155e-01	6.0448e-01	3.9444e-01	1.0762e-03	6.7147e-14	2.2748e-05	9.6070e-01	3.9260e-02	1.3887e-05	9.0088e-01	9.8993e-02	1.2330e-04	1.3855e-06	1.1755e-36	1.1755e-36	7.7549e-22	0.00e+00	0.00e+00	2.0563e+02
7.44538e+19	6.0389e+03	2.797e-21	7.7426e+01	1.1591e+01	1.7669e-10	8.8345e-01	1.1655e-01	6.1922e-01	3.7971e-01	1.0727e-03	6.9236e-14	2.1969e-05	9.6205e-01	3.7918e-02	1.3802e-05	9.0514e-01	9.4737e-02	1.1993e-04	1.3210e-06	1.1755e-36	1.1755e-36	7.5409e-22	0.00e+00	0.00e+00	2.0765e+02
7.44584e+19	5.8938e+03	2.633e-21	7.7426e+01	1.1127e+01	1.9881e-10	8.8822e-01	1.1178e-01	6.3362e-01	3.6531e-01	1.0679e-03	7.1364e-14	2.1216e-05	9.6325e-01	3.6719e-02	1.3730e-05	9.0919e-01	9.0693e-02	1.1712e-04	1.2603e-06	1.1755e-36	1.1755e-36	7.3620e-22	0.00e+00	0.00e+00	2.0960e+02
7.44628e+19	5.7489e+03	2.486e-21	7.7426e+01	1.0702e+01	2.2340e-10	8.9252e-01	1.0748e-01	6.4760e-01	3.5134e-01	1.0596e-03	7.3416e-14	2.0528e-05	9.6431e-01	3.5654e-02	1.3674e-05	9.1283e-01	8.7051e-02	1.1493e-04	1.2063e-06	1.1755e-36	1.1755e-36	7.2307e-22	0.00e+00	0.00e+00	2.1148e+02
7.44671e+19	5.6010e+03	2.350e-21	7.7426e+01	1.0298e+01	2.5114e-10	8.9655e-01	1.0345e-01	6.6145e-01	3.3750e-01	1.0486e-03	7.5468e-14	1.9875e-05	9.6528e-01	3.4688e-02	1.3629e-05	9.1625e-01	8.3634e-02	1.1318e-04	1.1562e-06	1.1755e-36	1.1755e-36	7.1407e-22	0.00e+00	0.00e+00	2.1338e+02
7.44715e+19	5.4484e+03	2.218e-21	7.7426e+01	9.8956e+00	2.8245e-10	9.0057e-01	9.9429e-02	6.7531e-01	3.2365e-01	1.0365e-03	7.7643e-14	1.9219e-05	9.6616e-01	3.3810e-02	1.3591e-05	9.1966e-01	8.0231e-02	1.1172e-04	1.1066e-06	1.1755e-36	1.1755e-36	7.0823e-22	0.00e+00	0.00e+00	2.1533e+02
7.44759e+19	5.2937e+03	2.094e-21	7.7426e+01	9.5011e+00	3.1655e-10	9.0451e-01	9.5491e-02	6.8892e-01	3.1006e-01	1.0237e-03	7.9907e-14	1.8572e-05	9.6693e-01	3.3035e-02	1.3561e-05	9.2298e-01	7.6905e-02	1.1056e-04	1.0586e-06	1.1755e-36	1.1755e-36	7.0547e-22	0.00e+00	0.00e+00	2.1726e+02
7.44802e+19	5.1351e+03	1.981e-21	7.7426e+01	9.1289e+00	3.5330e-10	9.0818e-01	9.1824e-02	7.0211e-01	2.9688e-01	1.0084e-03	8.2138e-14	1.7966e-05	9.6760e-01	3.2370e-02	1.3542e-05	9.2608e-01	7.3806e-02	1.0979e-04	1.0142e-06	1.1755e-36	1.1755e-36	7.0609e-22	0.00e+00	0.00e+00	2.1912e+02
7.44843e+19	4.9804e+03	1.878e-21	7.7426e+01	8.7859e+00	3.8968e-10	9.1152e-01	8.8477e-02	7.1482e-01	2.8419e-01	9.9084e-04	8.4279e-14	1.7412e-05	9.6821e-01	3.1756e-02	1.3531e-05	9.2891e-01	7.0978e-02	1.0930e-04	9.7414e-07	1.1755e-36	1.1755e-36	7.0670e-22	0.00e+00	0.00e+00	2.2094e+02
7.44883e+19	4.8235e+03	1.784e-21	7.7426e+01	8.4620e+00	4.2303e-10	9.1466e-01	8.5344e-02	7.2704e-01	2.7199e-01	9.7155e-04	8.6217e-14	1.6900e-05	9.6904e-01	3.0929e-02	1.3526e-05	9.3156e-01	6.8330e-02	1.0910e-04	9.3693e-07	1.1755e-36	1.1755e-36	6.8752e-22	0.00e+00	0.00e+00	2.2270e+02
7.44921e+19	4.6738e+03	1.701e-21	7.7426e+01	8.1677e+00	4.5238e-10	9.1749e-01	8.2512e-02	7.3839e-01	2.6066e-01	9.5166e-04	8.8007e-14	1.6439e-05	9.6978e-01	3.0192e-02	1.3528e-05	9.3395e-01	6.5935e-02	1.0910e-04	9.0355e-07	1.1755e-36	1.1755e-36	6.6613e-22	0.00e+00	0.00e+00	2.2433e+02
7.44956e+19	4.5310e+03	1.628e-21	7.7426e+01	7.9061e+00	4.7719e-10	9.1996e-01	8.0038e-02	7.4893e-01	2.5014e-01	9.3048e-04	8.9594e-14	1.6040e-05	9.7044e-01	2.9528e-02	1.3537e-05	9.3605e-01	6.3839e-02	1.0930e-04	8.7462e-07	1.1755e-36	1.1755e-36	6.4311e-22	0.00e+00	0.00e+00	2.2586e+02
7.44990e+19	4.3901e+03	1.562e-21	7.7426e+01	7.6640e+00	4.9771e-10	9.2223e-01	7.7765e-02	7.5883e-01	2.4026e-01	9.0868e-04	9.1050e-14	1.5679e-05	9.7105e-01	2.8921e-02	1.3552e-05	9.3798e-01	6.1909e-02	1.0967e-04	8.4820e-07	1.1755e-36	1.1755e-36	6.1767e-22	0.00e+00	0.00e+00	2.2731e+02
7.45021e+19	4.2611e+03	1.504e-21	7.7426e+01	7.4435e+00	5.1224e-10	9.2429e-01	7.5713e-02	7.6793e-01	2.3118e-01	8.8789e-04	9.2405e-14	1.5355e-05	9.7159e-01	2.8383e-02	1.3568e-05	9.3972e-01	6.0168e-02	1.1008e-04	8.2448e-07	1.1755e-36	1.1755e-36	5.9155e-22	0.00e+00	0.00e+00	2.2868e+02
7.45051e+19	4.1348e+03	1.449e-21	7.7426e+01	7.2371e+00	5.2247e-10	9.2621e-01	7.3793e-02	7.7664e-01	2.2250e-01	8.6649e-04	9.3674e-14	1.5061e-05	9.7209e-01	2.7881e-02	1.3588e-05	9.4135e-01	5.8536e-02	1.1058e-04	8.0240e-07	1.1755e-36	1.1755e-36	5.6435e-22	0.00e+00	0.00e+00	2.3004e+02
7.45081e+19	4.0158e+03	1.398e-21	7.7426e+01	7.0395e+00	5.2811e-10	9.2806e-01	7.1937e-02	7.8493e-01	2.1422e-01	8.4596e-04	9.4943e-14	1.4781e-05	9.7255e-01	2.7420e-02	1.3608e-05	9.4293e-01	5.6962e-02	1.1109e-04	7.8111e-07	1.1755e-36	1.1755e-36	5.3709e-22	0.00e+00	0.00e+00	2.3137e+02
7.45110e+19	3.8922e+03	1.349e-21	7.7426e+01	6.8430e+00	5.3025e-10	9.2992e-01	7.0085e-02	7.9309e-01	2.0608e-01	8.2475e-04	9.6203e-14	1.4515e-05	9.7299e-01	2.6977e-02	1.3633e-05	9.4450e-01	5.5390e-02	1.1171e-04	7.6000e-07	1.1755e-36	1.1755e-36	5.0785e-22	0.00e+00	0.00e+00	2.3273e+02
###########################
4.84294e+15	1.4972e+04	4.369e-20	7.7426e+01	9.0821e+01	1.0907e-19	1.4118e-04	9.9986e-01	2.1921e-06	1.4655e-02	9.8534e-01	1.3429e-30	5.1566e-10	4.9238e-05	1.6126e-02	1.5912e-01	6.0581e-10	1.2206e-05	1.0671e-02	3.6003e-01	4.6650e-01	1.4571e-01	1.1755e-36	0.00e+00	0.00e+00	6.6835e-04
2.90576e+16	1.4934e+04	4.362e-20	7.7426e+01	9.0813e+01	1.0567e-19	1.4111e-04	9.9986e-01	2.1947e-06	1.4663e-02	9.8534e-01	1.2938e-30	3.6417e-10	4.9214e-05	1.6135e-02	1.5978e-01	6.0679e-10	1.2234e-05	1.0734e-02	3.6094e-01	4.6646e-01	1.4497e-01	1.1755e-36	0.00e+00	0.00e+00	3.3405e-03
1.25916e+17	1.4848e+04	4.348e-20	7.7426e+01	9.0812e+01	1.1029e-19	1.4093e-04	9.9986e-01	2.2087e-06	1.4731e-02	9.8527e-01	1.3491e-30	3.8317e-10	4.9689e-05	1.6340e-02	1.6175e-01	6.1188e-10	1.2358e-05	1.0960e-02	3.6377e-01	4.6542e-01	1.4342e-01	1.1755e-36	0.00e+00	0.00e+00	1.4015e-02
5.13351e+17	1.4636e+04	4.320e-20	7.7426e+01	9.0809e+01	1.1503e-19	1.4023e-04	9.9986e-01	2.2463e-06	1.5073e-02	9.8493e-01	1.4375e-30	4.1160e-10	5.1514e-05	1.7167e-02	1.6824e-01	6.2538e-10	1.2728e-05	1.1791e-02	3.7332e-01	4.6097e-01	1.3861e-01	1.1755e-36	0.00e+00	0.00e+00	5.6501e-02
1.22623e+18	1.4076e+04	4.207e-20	7.7426e+01	9.0807e+01	1.1549e-19	1.3486e-04	9.9987e-01	2.2069e-06	1.5052e-02	9.8495e-01	1.3415e-30	3.7612e-10	5.2637e-05	1.8092e-02	1.7909e-01	6.1126e-10	1.2912e-05	1.3081e-02	3.8869e-01	4.5286e-01	1.3155e-01	1.1755e-36	0.00e+00	0.00e+00	1.0962e-01
1.93293e+18	1.3572e+04	4.113e-20	7.7426e+01	9.0806e+01	1.1471e-19	1.2893e-04	9.9987e-01	2.1493e-06	1.4997e-02	9.8500e-01	1.1968e-30	3.4810e-10	5.3194e-05	1.8931e-02	1.8880e-01	5.8122e-10	1.2827e-05	1.4221e-02	4.0213e-01	4.4545e-01	1.2554e-01	1.1755e-36	0.00e+00	0.00e+00	1.4790e-01
2.48213e+18	1.3281e+04	4.067e-20	7.7426e+01	9.0804e+01	1.1396e-19	1.2554e-04	9.9987e-01	2.1413e-06	1.5178e-02	9.8482e-01	1.1444e-30	3.4515e-10	5.4342e-05	1.9775e-02	1.9614e-01	5.7260e-10	1.2975e-05	1.5187e-02	4.1252e-01	4.3960e-01	1.2085e-01	1.1755e-36	0.00e+00	0.00e+00	1.7802e-01
3.04663e+18	1.3040e+04	4.051e-20	7.7426e+01	9.0799e+01	1.1567e-19	1.2419e-04	9.9988e-01	2.2014e-06	1.5702e-02	9.8430e-01	1.2087e-30	3.6468e-10	5.7149e-05	2.1035e-02	2.0451e-01	5.9552e-10	1.3644e-05	1.6456e-02	4.2446e-01	4.3269e-01	1.1540e-01	1.1755e-36	0.00e+00	0.00e+00	2.1676e-01
3.78049e+18	1.2771e+04	4.036e-20	7.7426e+01	9.0792e+01	1.2006e-19	1.2275e-04	9.9988e-01	2.3046e-06	1.6532e-02	9.8347e-01	1.3542e-30	4.0195e-10	6.1535e-05	2.2909e-02	2.1588e-01	6.3638e-10	1.4741e-05	1.8316e-02	4.4023e-01	4.2308e-01	1.0840e-01	1.1755e-36	0.00e+00	0.00e+00	2.6653e-01
4.73450e+18	1.2458e+04	4.031e-20	7.7426e+01	9.0781e+01	1.2538e-19	1.2138e-04	9.9988e-01	2.4817e-06	1.7904e-02	9.8209e-01	1.6098e-30	4.6982e-10	6.8501e-05	2.5811e-02	2.3180e-01	7.0608e-10	1.6529e-05	2.1188e-02	4.6134e-01	4.0932e-01	9.9411e-02	1.1755e-36	0.00e+00	0.00e+00	3.3051e-01
5.78439e+18	1.2127e+04	4.036e-20	7.7426e+01	9.0766e+01	1.3112e-19	1.1914e-04	9.9988e-01	2.7042e-06	1.9748e-02	9.8025e-01	1.9154e-30	5.6386e-10	7.6974e-05	2.9560e-02	2.5057e-01	7.8265e-10	1.8673e-05	2.4970e-02	4.8442e-01	3.9290e-01	9.0133e-02	1.1755e-36	0.00e+00	0.00e+00	3.8998e-01
6.72025e+18	1.1887e+04	4.049e-20	7.7426e+01	9.0749e+01	1.3447e-19	1.1717e-04	9.9988e-01	2.9755e-06	2.1927e-02	9.7807e-01	2.2991e-30	6.8342e-10	8.6381e-05	3.3637e-02	2.6885e-01	8.7734e-10	2.1253e-05	2.9230e-02	5.0528e-01	3.7676e-01	8.2075e-02	1.1755e-36	0.00e+00	0.00e+00	4.3867e-01
7.51921e+18	1.1723e+04	4.073e-20	7.7426e+01	9.0730e+01	1.3784e-19	1.1595e-04	9.9988e-01	3.2920e-06	2.4404e-02	9.7559e-01	2.8082e-30	8.2948e-10	9.6464e-05	3.7916e-02	2.8630e-01	9.9089e-10	2.4219e-05	3.3903e-02	5.2371e-01	3.6133e-01	7.5132e-02	1.1755e-36	0.00e+00	0.00e+00	4.8104e-01
8.24630e+18	1.1591e+04	4.103e-20	7.7426e+01	9.0714e+01	1.4145e-19	1.1530e-04	9.9988e-01	3.6938e-06	2.7352e-02	9.7264e-01	3.5558e-30	1.0216e-09	1.0843e-04	4.2681e-02	3.0420e-01	1.1453e-09	2.8056e-05	3.9347e-02	5.4107e-01	3.4557e-01	6.8715e-02	1.1755e-36	0.00e+00	0.00e+00	5.2086e-01
8.93380e+18	1.1534e+04	4.130e-20	7.7426e+01	9.0683e+01	1.4334e-19	1.1464e-04	9.9989e-01	4.1618e-06	3.0856e-02	9.6914e-01	4.5231e-30	1.2596e-09	1.2125e-04	4.7848e-02	3.2257e-01	1.3290e-09	3.2600e-05	4.5807e-02	5.5729e-01	3.2948e-01	6.2690e-02	1.1755e-36	0.00e+00	0.00e+00	5.5831e-01
9.57622e+18	1.1483e+04	4.169e-20	7.7426e+01	9.0653e+01	1.4493e-19	1.1416e-04	9.9989e-01	4.7443e-06	3.5131e-02	9.6486e-01	5.8359e-30	1.5641e-09	1.3595e-04	5.3638e-02	3.4190e-01	1.5604e-09	3.8256e-05	5.3567e-02	5.7241e-01	3.1276e-01	5.7024e-02	1.1755e-36	0.00e+00	0.00e+00	5.9271e-01
1.01610e+19	1.1476e+04	4.208e-20	7.7426e+01	9.0618e+01	1.4460e-19	1.1361e-04	9.9989e-01	5.4292e-06	4.0154e-02	9.5984e-01	7.5096e-30	1.9321e-09	1.5153e-04	5.9726e-02	3.6132e-01	1.8371e-09	4.4994e-05	6.2607e-02	5.8559e-01	2.9613e-01	5.1852e-02	1.1755e-36	0.00e+00	0.00e+00	6.2342e-01
1.06854e+19	1.1498e+04	4.251e-20	7.7426e+01	9.0577e+01	1.4415e-19	1.1309e-04	9.9989e-01	6.2261e-06	4.5982e-02	9.5401e-01	9.6805e-30	2.3673e-09	1.6778e-04	6.6013e-02	3.8067e-01	2.1639e-09	5.2907e-05	7.2990e-02	5.9665e-01	2.7974e-01	4.7162e-02	1.2239e-36	0.00e+00	0.00e+00	6.5081e-01
1.11581e+19	1.1544e+04	4.296e-20	7.7426e+01	9.0531e+01	1.4143e-19	1.1261e-04	9.9989e-01	7.1568e-06	5.2762e-02	9.4723e-01	1.2333e-29	2.8775e-09	1.8467e-04	7.2471e-02	4.0004e-01	2.5513e-09	6.2224e-05	8.4932e-02	6.0556e-01	2.6351e-01	4.2863e-02	1.4124e-36	0.00e+00	0.00e+00	6.7558e-01
1.15894e+19	1.1610e+04	4.345e-20	7.7426e+01	9.0482e+01	1.3801e-19	1.1214e-04	9.9989e-01	8.2602e-06	6.0736e-02	9.3926e-01	1.5720e-29	3.4748e-09	2.0238e-04	7.9121e-02	4.1959e-01	3.0184e-09	7.3370e-05	9.8781e-02	6.1224e-01	2.4727e-01	3.8865e-02	1.6379e-36	0.00e+00	0.00e+00	6.9819e-01
1.19841e+19	1.1695e+04	4.397e-20	7.7426e+01	9.0420e+01	1.3514e-19	1.1164e-04	9.9989e-01	9.5589e-06	7.0151e-02	9.2984e-01	2.0083e-29	4.1639e-09	2.2051e-04	8.5907e-02	4.3934e-01	3.5693e-09	8.6488e-05	1.1485e-01	6.1644e-01	2.3099e-01	3.5133e-02	1.9340e-36	0.00e+00	0.00e+00	7.1876e-01
1.23443e+19	1.1811e+04	4.451e-20	7.7426e+01	9.0340e+01	1.3072e-19	1.1096e-04	9.9989e-01	1.1052e-05	8.1149e-02	9.1884e-01	2.5213e-29	4.9180e-09	2.3807e-04	9.2601e-02	4.5902e-01	4.1938e-09	1.0148e-04	1.3326e-01	6.1785e-01	2.1486e-01	3.1674e-02	2.2594e-36	0.00e+00	0.00e+00	7.3737e-01
1.26725e+19	1.1896e+04	4.525e-20	7.7426e+01	9.0277e+01	1.2649e-19	1.1005e-04	9.9989e-01	1.2764e-05	9.4263e-02	9.0572e-01	3.0510e-29	5.7047e-09	2.5470e-04	9.9558e-02	4.7916e-01	4.8114e-09	1.1712e-04	1.5453e-01	6.1647e-01	1.9846e-01	2.8398e-02	2.5471e-36	0.00e+00	0.00e+00	7.5422e-01
1.29722e+19	1.2045e+04	4.576e-20	7.7426e+01	9.0140e+01	1.2143e-19	1.0999e-04	9.9989e-01	1.4953e-05	1.0949e-01	8.9050e-01	3.9482e-29	6.7606e-09	2.7504e-04	1.0618e-01	4.9883e-01	5.8390e-09	1.4034e-04	1.7869e-01	6.1154e-01	1.8245e-01	2.5371e-02	3.0412e-36	0.00e+00	0.00e+00	7.6960e-01
1.32459e+19	1.2142e+04	4.651e-20	7.7426e+01	9.0038e+01	1.1737e-19	1.0967e-04	9.9989e-01	1.7497e-05	1.2764e-01	8.7234e-01	4.9186e-29	7.8290e-09	2.9442e-04	1.1305e-01	5.1890e-01	6.8994e-09	1.6508e-04	2.0627e-01	6.0328e-01	1.6618e-01	2.2490e-02	3.5053e-36	0.00e+00	0.00e+00	7.8361e-01
1.34964e+19	1.2245e+04	4.734e-20	7.7426e+01	8.9931e+01	1.1411e-19	1.0895e-04	9.9989e-01	2.0253e-05	1.4874e-01	8.5124e-01	5.8471e-29	8.8139e-09	3.0996e-04	1.1969e-01	5.3875e-01	7.8427e-09	1.8859e-04	2.3707e-01	5.9135e-01	1.5017e-01	1.9806e-02	3.9725e-36	0.00e+00	0.00e+00	7.9638e-01
1.37273e+19	1.2375e+04	4.796e-20	7.7426e+01	8.9742e+01	1.1112e-19	1.0916e-04	9.9989e-01	2.3820e-05	1.7328e-01	8.2669e-01	7.4702e-29	1.0134e-08	3.3059e-04	1.2599e-01	5.5820e-01	9.4491e-09	2.2415e-04	2.7137e-01	5.7532e-01	1.3453e-01	1.7314e-02	4.7636e-36	0.00e+00	0.00e+00	8.0823e-01
1.39417e+19	1.2452e+04	4.873e-20	7.7426e+01	8.9552e+01	1.0946e-19	1.0921e-04	9.9989e-01	2.7860e-05	2.0213e-01	7.9784e-01	9.1519e-29	1.1388e-08	3.4899e-04	1.3238e-01	5.7769e-01	1.1027e-08	2.6010e-04	3.0948e-01	5.5525e-01	1.1897e-01	1.4966e-02	5.5290e-36	0.00e+00	0.00e+00	8.1925e-01
1.41416e+19	1.2558e+04	4.937e-20	7.7426e+01	8.9373e+01	1.0718e-19	1.0907e-04	9.9989e-01	3.2447e-05	2.3516e-01	7.6481e-01	1.1032e-28	1.2639e-08	3.6591e-04	1.3838e-01	5.9658e-01	1.2732e-08	2.9914e-04	3.5079e-01	5.3118e-01	1.0401e-01	1.2801e-02	6.3819e-36	0.00e+00	0.00e+00	8.2956e-01
1.43287e+19	1.2616e+04	4.993e-20	7.7426e+01	8.9054e+01	1.0563e-19	1.0931e-04	9.9989e-01	3.7664e-05	2.7282e-01	7.2714e-01	1.3090e-28	1.3883e-08	3.8208e-04	1.4404e-01	6.1502e-01	1.4632e-08	3.4182e-04	3.9491e-01	5.0339e-01	8.9741e-02	1.0840e-02	7.1837e-36	0.00e+00	0.00e+00	8.3922e-01
1.45054e+19	1.2651e+04	5.036e-20	7.7426e+01	8.8760e+01	1.0578e-19	1.0975e-04	9.9989e-01	4.3629e-05	3.1531e-01	6.8465e-01	1.5558e-28	1.5146e-08	3.9836e-04	1.4956e-01	6.3277e-01	1.6739e-08	3.8835e-04	4.4153e-01	4.7214e-01	7.6242e-02	9.0529e-03	8.1983e-36	0.00e+00	0.00e+00	8.4848e-01
1.46746e+19	1.2657e+04	5.061e-20	7.7426e+01	8.8449e+01	1.0566e-19	1.1043e-04	9.9989e-01	5.0329e-05	3.6254e-01	6.3741e-01	1.8120e-28	1.6380e-08	4.1405e-04	1.5483e-01	6.4970e-01	1.8998e-08	4.3740e-04	4.8989e-01	4.3796e-01	6.3722e-02	7.4562e-03	9.0596e-36	0.00e+00	0.00e+00	8.5742e-01
1.48374e+19	1.2634e+04	5.059e-20	7.7426e+01	8.8112e+01	1.0798e-19	1.1139e-04	9.9989e-01	5.7703e-05	4.1371e-01	5.8623e-01	2.1165e-28	1.7603e-08	4.2940e-04	1.5981e-01	6.6553e-01	2.1426e-08	4.8879e-04	5.3880e-01	4.0180e-01	5.2419e-02	6.0634e-03	1.0222e-35	0.00e+00	0.00e+00	8.6613e-01
1.49964e+19	1.2566e+04	5.028e-20	7.7426e+01	8.7751e+01	1.1224e-19	1.1266e-04	9.9989e-01	6.5671e-05	4.6809e-01	5.3184e-01	2.4584e-28	1.8790e-08	4.4460e-04	1.6458e-01	6.8015e-01	2.3988e-08	5.4145e-04	5.8736e-01	3.6448e-01	4.2407e-02	4.8680e-03	1.1525e-35	0.00e+00	0.00e+00	8.7483e-01
1.51780e+19	1.2437e+04	4.949e-20	7.7426e+01	8.7325e+01	1.1905e-19	1.1463e-04	9.9989e-01	7.5430e-05	5.3255e-01	4.6737e-01	2.9012e-28	2.0164e-08	4.6268e-04	1.6988e-01	6.9528e-01	2.7145e-08	6.0349e-04	6.4148e-01	3.2140e-01	3.2545e-02	3.7214e-03	1.3086e-35	0.00e+00	0.00e+00	8.8633e-01
1.53709e+19	1.2261e+04	4.829e-20	7.7426e+01	8.6870e+01	1.2926e-19	1.1692e-04	9.9988e-01	8.5996e-05	6.0102e-01	3.9889e-01	3.4065e-28	2.1519e-08	4.8063e-04	1.7506e-01	7.0893e-01	3.0438e-08	6.6604e-04	6.9474e-01	2.7740e-01	2.4230e-02	2.7826e-03	1.4942e-35	0.00e+00	0.00e+00	8.9664e-01
1.55357e+19	1.2075e+04	4.696e-20	7.7426e+01	8.6495e+01	1.4068e-19	1.1914e-04	9.9988e-01	9.4866e-05	6.5644e-01	3.4347e-01	3.8760e-28	2.2652e-08	4.9608e-04	1.7929e-01	7.1859e-01	3.3235e-08	7.1666e-04	7.3561e-01	2.4266e-01	1.8702e-02	2.1687e-03	1.6650e-35	0.00e+00	0.00e+00	9.0534e-01
1.57075e+19	1.1852e+04	4.535e-20	7.7426e+01	8.6147e+01	1.5620e-19	1.2187e-04	9.9988e-01	1.0376e-04	7.0847e-01	2.9142e-01	4.4449e-28	2.3901e-08	5.1361e-04	1.8368e-01	7.2657e-01	3.6240e-08	7.6762e-04	7.7305e-01	2.1012e-01	1.4283e-02	1.6792e-03	1.8723e-35	0.00e+00	0.00e+00	9.1690e-01
1.59308e+19	1.1550e+04	4.321e-20	7.7426e+01	8.5770e+01	1.8025e-19	1.2554e-04	9.9987e-01	1.1420e-04	7.6560e-01	2.3429e-01	5.2310e-28	2.5505e-08	5.3643e-04	1.8910e-01	7.3397e-01	3.9937e-08	8.2651e-04	8.1299e-01	1.7459e-01	1.0293e-02	1.2350e-03	2.1533e-35	0.00e+00	0.00e+00	9.3239e-01
1.61638e+19	1.1256e+04	4.115e-20	7.7426e+01	8.5453e+01	2.0750e-19	1.2908e-04	9.9987e-01	1.2332e-04	8.1279e-01	1.8709e-01	6.0139e-28	2.7027e-08	5.5818e-04	1.9418e-01	7.3895e-01	4.3260e-08	8.7661e-04	8.4508e-01	1.4542e-01	7.6391e-03	9.3331e-04	2.4225e-35	0.00e+00	0.00e+00	9.4586e-01
1.63543e+19	1.1032e+04	3.962e-20	7.7426e+01	8.5246e+01	2.3169e-19	1.3185e-04	9.9987e-01	1.2961e-04	8.4293e-01	1.5694e-01	6.6478e-28	2.8210e-08	5.7517e-04	1.9803e-01	7.4146e-01	4.5697e-08	9.1126e-04	8.6552e-01	1.2656e-01	6.2015e-03	7.6370e-04	2.6352e-35	0.00e+00	0.00e+00	9.5665e-01
1.65468e+19	1.0831e+04	3.816e-20	7.7426e+01	8.5079e+01	2.5507e-19	1.3461e-04	9.9987e-01	1.3523e-04	8.6780e-01	1.3206e-01	7.2762e-28	2.9415e-08	5.9223e-04	2.0171e-01	7.4310e-01	4.8103e-08	9.4374e-04	8.8290e-01	1.1034e-01	5.1460e-03	6.3249e-04	2.8122e-35	0.00e+00	0.00e+00	9.7097e-01
1.67972e+19	1.0569e+04	3.658e-20	7.7426e+01	8.4912e+01	2.9323e-19	1.3829e-04	9.9986e-01	1.4169e-04	8.9313e-01	1.0673e-01	8.2044e-28	3.1014e-08	6.1511e-04	2.0649e-01	7.4385e-01	5.1095e-08	9.8152e-04	9.0075e-01	9.3517e-02	4.2146e-03	5.0957e-04	3.1080e-35	0.00e+00	0.00e+00	9.9010e-01
1.71094e+19	1.0317e+04	3.496e-20	7.7426e+01	8.4760e+01	3.3634e-19	1.4221e-04	9.9986e-01	1.4801e-04	9.1606e-01	8.3790e-02	9.2174e-28	3.2768e-08	6.3951e-04	2.1149e-01	7.4395e-01	5.4233e-08	1.0190e-03	9.1726e-01	7.7798e-02	3.4939e-03	4.0550e-04	3.4034e-35	0.00e+00	0.00e+00	1.0138e+00
1.74899e+19	1.0063e+04	3.343e-20	7.7426e+01	8.4627e+01	3.8948e-19	1.4654e-04	9.9985e-01	1.5409e-04	9.3557e-01	6.4271e-02	1.0398e-27	3.4718e-08	6.6635e-04	2.1687e-01	7.4314e-01	5.7570e-08	1.0561e-03	9.3179e-01	6.3853e-02	2.9678e-03	3.2067e-04	3.7443e-35	0.00e+00	0.00e+00	1.0439e+00
1.79492e+19	9.8344e+03	3.205e-20	7.7426e+01	8.4521e+01	4.5055e-19	1.5103e-04	9.9985e-01	1.5960e-04	9.5128e-01	4.8564e-02	1.1704e-27	3.6730e-08	6.9356e-04	2.2222e-01	7.4170e-01	6.0891e-08	1.0902e-03	9.4395e-01	5.2092e-02	2.6023e-03	2.5373e-04	4.1435e-35	0.00e+00	0.00e+00	1.0807e+00
1.85207e+19	9.6249e+03	3.082e-20	7.7426e+01	8.4438e+01	5.1854e-19	1.5601e-04	9.9984e-01	1.6479e-04	9.6393e-01	3.5903e-02	1.3137e-27	3.8926e-08	7.2258e-04	2.2780e-01	7.3960e-01	6.4414e-08	1.1228e-03	9.5430e-01	4.2026e-02	2.3412e-03	1.9928e-04	4.5505e-35	0.00e+00	0.00e+00	1.1298e+00
1.92615e+19	9.4386e+03	2.974e-20	7.7426e+01	8.4369e+01	5.9633e-19	1.6170e-04	9.9984e-01	1.6973e-04	9.7403e-01	2.5796e-02	1.4785e-27	4.1394e-08	7.5389e-04	2.3367e-01	7.3687e-01	6.8281e-08	1.1546e-03	9.6308e-01	3.3450e-02	2.1508e-03	1.5466e-04	5.0167e-35	0.00e+00	0.00e+00	1.1960e+00
2.02246e+19	9.2858e+03	2.887e-20	7.7426e+01	8.4316e+01	6.8443e-19	1.6838e-04	9.9983e-01	1.7438e-04	9.8172e-01	1.8103e-02	1.6707e-27	4.4170e-08	7.8753e-04	2.3983e-01	7.3355e-01	7.2570e-08	1.1847e-03	9.7022e-01	2.6459e-02	2.0098e-03	1.1922e-04	5.5825e-35	0.00e+00	0.00e+00	1.2856e+00
2.14767e+19	9.1757e+03	2.822e-20	7.7426e+01	8.4277e+01	7.7962e-19	1.7653e-04	9.9982e-01	1.7880e-04	9.8733e-01	1.2491e-02	1.8956e-27	4.7378e-08	8.2407e-04	2.4634e-01	7.2963e-01	7.7527e-08	1.2132e-03	9.7584e-01	2.0954e-02	1.8989e-03	9.1745e-05	6.2461e-35	0.00e+00	0.00e+00	1.4077e+00
2.31043e+19	9.1134e+03	2.783e-20	7.7426e+01	8.4248e+01	8.9145e-19	1.8705e-04	9.9981e-01	1.8327e-04	9.9128e-01	8.5361e-03	2.1904e-27	5.1245e-08	8.6521e-04	2.5341e-01	7.2498e-01	8.3617e-08	1.2408e-03	9.8017e-01	1.6707e-02	1.8024e-03	7.0700e-05	7.2144e-35	0.00e+00	0.00e+00	1.5760e+00
2.52203e+19	9.1094e+03	2.772e-20	7.7426e+01	8.4228e+01	1.0297e-18	2.0147e-04	9.9980e-01	1.8815e-04	9.9399e-01	5.8247e-03	2.6136e-27	5.6199e-08	9.1410e-04	2.6138e-01	7.1933e-01	9.1719e-08	1.2690e-03	9.8349e-01	1.3471e-02	1.7097e-03	5.4626e-05	8.7531e-35	0.00e+00	0.00e+00	1.8115e+00
2.77371e+19	9.1877e+03	2.791e-20	7.7426e+01	8.4215e+01	1.1774e-18	2.2022e-04	9.9978e-01	1.9309e-04	9.9567e-01	4.1344e-03	3.1653e-27	6.2019e-08	9.6660e-04	2.6948e-01	7.1327e-01	1.0202e-07	1.2957e-03	9.8580e-01	1.1231e-02	1.6244e-03	4.3336e-05	1.0929e-34	0.00e+00	0.00e+00	2.0958e+00
3.05108e+19	9.2960e+03	2.844e-20	7.7426e+01	8.4206e+01	1.3778e-18	2.4521e-04	9.9975e-01	1.9889e-04	9.9672e-01	3.0821e-03	4.0094e-27	6.9445e-08	1.0308e-03	2.7856e-01	7.0600e-01	1.1617e-07	1.3272e-03	9.8746e-01	9.6320e-03	1.5420e-03	3.5163e-05	1.4419e-34	0.00e+00	0.00e+00	2.4441e+00
3.35619e+19	9.4737e+03	2.925e-20	7.7426e+01	8.4198e+01	1.6472e-18	2.7838e-04	9.9972e-01	2.0633e-04	9.9740e-01	2.3909e-03	5.3689e-27	7.8728e-08	1.1070e-03	2.8829e-01	6.9787e-01	1.3591e-07	1.3633e-03	9.8873e-01	8.4082e-03	1.4633e-03	2.8860e-05	2.0661e-34	0.00e+00	0.00e+00	2.8790e+00
3.69180e+19	9.7216e+03	3.035e-20	7.7426e+01	8.4191e+01	2.0226e-18	3.2378e-04	9.9968e-01	2.1551e-04	9.9787e-01	1.9131e-03	7.7277e-27	9.0833e-08	1.2034e-03	2.9927e-01	6.8831e-01	1.6527e-07	1.4094e-03	9.8977e-01	7.4118e-03	1.3867e-03	2.3733e-05	3.2424e-34	0.00e+00	0.00e+00	3.4354e+00
4.02927e+19	9.9837e+03	3.181e-20	7.7426e+01	8.4183e+01	2.5911e-18	3.8417e-04	9.9962e-01	2.2730e-04	9.9818e-01	1.5951e-03	1.1902e-26	1.0609e-07	1.3237e-03	3.1153e-01	6.7722e-01	2.0867e-07	1.4704e-03	9.9054e-01	6.6509e-03	1.3183e-03	1.9814e-05	5.5132e-34	0.00e+00	0.00e+00	4.0425e+00
4.33870e+19	1.0263e+04	3.332e-20	7.7426e+01	8.4176e+01	3.5901e-18	4.5600e-04	9.9954e-01	2.4091e-04	9.9837e-01	1.3865e-03	2.0027e-26	1.2376e-07	1.4626e-03	3.2408e-01	6.6556e-01	2.6792e-07	1.5432e-03	9.9111e-01	6.0630e-03	1.2616e-03	1.6853e-05	1.1192e-33	0.00e+00	0.00e+00	4.7011e+00
4.61556e+19	1.0543e+04	3.478e-20	7.7426e+01	8.4168e+01	4.8569e-18	5.3810e-04	9.9946e-01	2.5611e-04	9.9850e-01	1.2435e-03	3.3655e-26	1.4364e-07	1.6196e-03	3.3681e-01	6.5350e-01	3.4666e-07	1.6284e-03	9.9154e-01	5.5980e-03	1.2156e-03	1.4575e-05	2.2014e-33	0.00e+00	0.00e+00	5.3802e+00
4.85615e+19	1.0758e+04	3.622e-20	7.7426e+01	8.4160e+01	6.5317e-18	6.2976e-04	9.9937e-01	2.7301e-04	9.9859e-01	1.1387e-03	5.6291e-26	1.6633e-07	1.8005e-03	3.5031e-01	6.4050e-01	4.4927e-07	1.7291e-03	9.9187e-01	5.2124e-03	1.1759e-03	1.2768e-05	4.1687e-33	0.00e+00	0.00e+00	6.0665e+00
5.06403e+19	1.0961e+04	3.750e-20	7.7426e+01	8.4152e+01	8.4735e-18	7.2741e-04	9.9927e-01	2.9130e-04	9.9865e-01	1.0619e-03	9.1351e-26	1.9080e-07	1.9963e-03	3.6361e-01	6.2756e-01	5.7710e-07	1.8396e-03	9.9211e-01	4.8915e-03	1.1436e-03	1.1329e-05	7.4210e-33	0.00e+00	0.00e+00	6.7519e+00
5.24812e+19	1.1138e+04	3.866e-20	7.7426e+01	8.4142e+01	1.0845e-17	8.3262e-04	9.9917e-01	3.1120e-04	9.9869e-01	1.0011e-03	1.4650e-25	2.1790e-07	2.2135e-03	3.7724e-01	6.1419e-01	7.3749e-07	1.9630e-03	9.9230e-01	4.6052e-03	1.1155e-03	1.0116e-05	1.2840e-32	0.00e+00	0.00e+00	7.4656e+00
5.41812e+19	1.1297e+04	3.979e-20	7.7426e+01	8.4133e+01	1.3834e-17	9.5025e-04	9.9905e-01	3.3320e-04	9.9872e-01	9.4929e-04	2.3594e-25	2.4901e-07	2.4627e-03	3.9173e-01	5.9989e-01	9.4565e-07	2.1053e-03	9.9246e-01	4.3365e-03	1.0897e-03	9.0393e-06	2.2034e-32	0.00e+00	0.00e+00	8.2301e+00
5.57726e+19	1.1450e+04	4.088e-20	7.7426e+01	8.4122e+01	1.7640e-17	1.0838e-03	9.9892e-01	3.5822e-04	9.9874e-01	9.0433e-04	3.8474e-25	2.8525e-07	2.7524e-03	4.0715e-01	5.8458e-01	1.2222e-06	2.2731e-03	9.9257e-01	4.0824e-03	1.0664e-03	8.0720e-06	3.7969e-32	0.00e+00	0.00e+00	9.0442e+00
5.72429e+19	1.1595e+04	4.194e-20	7.7426e+01	8.4110e+01	2.2384e-17	1.2340e-03	9.9877e-01	3.8621e-04	9.9875e-01	8.6587e-04	6.3002e-25	3.2706e-07	3.0852e-03	4.2335e-01	5.6841e-01	1.5867e-06	2.4688e-03	9.9263e-01	3.8438e-03	1.0455e-03	7.2096e-06	6.4986e-32	0.00e+00	0.00e+00	9.8909e+00
5.85831e+19	1.1743e+04	4.292e-20	7.7426e+01	8.4096e+01	2.8033e-17	1.3986e-03	9.9860e-01	4.1665e-04	9.9875e-01	8.3424e-04	1.0253e-24	3.7412e-07	3.4586e-03	4.3995e-01	5.5178e-01	2.0577e-06	2.6919e-03	9.9265e-01	3.6227e-03	1.0273e-03	6.4514e-06	1.0953e-31	0.00e+00	0.00e+00	1.0763e+01
5.98148e+19	1.1845e+04	4.396e-20	7.7426e+01	8.4081e+01	3.5513e-17	1.5848e-03	9.9842e-01	4.5115e-04	9.9874e-01	8.0502e-04	1.6852e-24	4.2920e-07	3.8931e-03	4.5773e-01	5.3388e-01	2.6802e-06	2.9540e-03	9.9262e-01	3.4066e-03	1.0094e-03	5.7561e-06	1.8501e-31	0.00e+00	0.00e+00	1.1683e+01
6.09547e+19	1.1952e+04	4.493e-20	7.7426e+01	8.4068e+01	4.4608e-17	1.7902e-03	9.9821e-01	4.8873e-04	9.9873e-01	7.8007e-04	2.7672e-24	4.9160e-07	4.3846e-03	4.7607e-01	5.1535e-01	3.4932e-06	3.2564e-03	9.9254e-01	3.2024e-03	9.9337e-04	5.1346e-06	3.1073e-31	0.00e+00	0.00e+00	1.2639e+01
6.20125e+19	1.2064e+04	4.585e-20	7.7426e+01	8.4051e+01	5.5794e-17	2.0195e-03	9.9798e-01	5.3048e-04	9.9871e-01	7.5810e-04	4.5656e-24	5.6384e-07	4.9483e-03	4.9514e-01	4.9600e-01	4.5687e-06	3.6099e-03	9.9239e-01	3.0060e-03	9.7897e-04	4.5718e-06	5.2185e-31	0.00e+00	0.00e+00	1.3648e+01
6.30049e+19	1.2164e+04	4.676e-20	7.7426e+01	8.4031e+01	6.9944e-17	2.2790e-03	9.9772e-01	5.7772e-04	9.9868e-01	7.3754e-04	7.6125e-24	6.4842e-07	5.6044e-03	5.1527e-01	4.7548e-01	6.0147e-06	4.0303e-03	9.9218e-01	2.8139e-03	9.6524e-04	4.0547e-06	8.8076e-31	0.00e+00	0.00e+00	1.4720e+01
6.39346e+19	1.2263e+04	4.765e-20	7.7426e+01	8.4009e+01	8.7695e-17	2.5720e-03	9.9743e-01	6.3099e-04	9.9865e-01	7.1875e-04	1.2816e-23	7.4728e-07	6.3663e-03	5.3631e-01	4.5393e-01	7.9680e-06	4.5318e-03	9.9188e-01	2.6276e-03	9.5243e-04	3.5835e-06	1.4946e-30	0.00e+00	0.00e+00	1.5848e+01
6.48000e+19	1.2352e+04	4.852e-20	7.7426e+01	8.3983e+01	1.1005e-16	2.9018e-03	9.9710e-01	6.9101e-04	9.9861e-01	7.0192e-04	2.1733e-23	8.6253e-07	7.2493e-03	5.5817e-01	4.3144e-01	1.0608e-05	5.1300e-03	9.9147e-01	2.4476e-03	9.4021e-04	3.1566e-06	2.5434e-30	0.00e+00	0.00e+00	1.7030e+01
6.55946e+19	1.2436e+04	4.935e-20	7.7426e+01	8.3944e+01	1.3781e-16	3.2712e-03	9.9673e-01	7.5866e-04	9.9855e-01	6.8645e-04	3.6967e-23	9.9569e-07	8.2636e-03	5.8046e-01	4.0837e-01	1.4172e-05	5.8420e-03	9.9094e-01	2.2756e-03	9.2892e-04	2.7745e-06	4.3203e-30	0.00e+00	0.00e+00	1.8239e+01
6.63076e+19	1.2498e+04	5.015e-20	7.7426e+01	8.3911e+01	1.7200e-16	3.6710e-03	9.9633e-01	8.3205e-04	9.9849e-01	6.7428e-04	6.2153e-23	1.1452e-06	9.3938e-03	6.0251e-01	3.8540e-01	1.8818e-05	6.6629e-03	9.9028e-01	2.1164e-03	9.1795e-04	2.4421e-06	7.2389e-30	0.00e+00	0.00e+00	1.9441e+01
6.69430e+19	1.2551e+04	5.086e-20	7.7426e+01	8.3876e+01	2.1253e-16	4.0955e-03	9.9590e-01	9.1044e-04	9.9842e-01	6.6548e-04	1.0253e-22	1.3099e-06	1.0630e-02	6.2389e-01	3.6298e-01	2.4746e-05	7.5941e-03	9.8950e-01	1.9710e-03	9.0772e-04	2.1571e-06	1.1873e-29	0.00e+00	0.00e+00	2.0643e+01
6.75204e+19	1.2594e+04	5.151e-20	7.7426e+01	8.3837e+01	2.6091e-16	4.5519e-03	9.9545e-01	9.9552e-04	9.9835e-01	6.5774e-04	1.6717e-22	1.4925e-06	1.1996e-02	6.4481e-01	3.4088e-01	3.2368e-05	8.6623e-03	9.8857e-01	1.8356e-03	8.9786e-04	1.9077e-06	1.9193e-29	0.00e+00	0.00e+00	2.1876e+01
6.80569e+19	1.2629e+04	5.214e-20	7.7426e+01	8.3803e+01	3.2063e-16	5.0552e-03	9.9494e-01	1.0893e-03	9.9826e-01	6.4930e-04	2.7294e-22	1.7000e-06	1.3537e-02	6.6561e-01	3.1871e-01	4.2389e-05	9.9170e-03	9.8744e-01	1.7063e-03	8.8791e-04	1.6840e-06	3.1049e-29	0.00e+00	0.00e+00	2.3158e+01
6.84533e+19	1.2655e+04	5.265e-20	7.7426e+01	8.3772e+01	3.8074e-16	5.5184e-03	9.9448e-01	1.1755e-03	9.9818e-01	6.4402e-04	4.1142e-22	1.8916e-06	1.4948e-02	6.8184e-01	3.0120e-01	5.3304e-05	1.1157e-02	9.8630e-01	1.6075e-03	8.8054e-04	1.5192e-06	4.6484e-29	0.00e+00	0.00e+00	2.3897e+01
6.86780e+19	1.2674e+04	5.284e-20	7.7426e+01	8.3744e+01	4.1858e-16	5.7955e-03	9.9420e-01	1.2300e-03	9.9810e-01	6.7285e-04	5.2068e-22	2.0127e-06	1.5849e-02	6.9122e-01	2.9099e-01	6.0799e-05	1.1954e-02	9.8555e-01	1.5578e-03	8.7633e-04	1.4351e-06	5.8372e-29	0.00e+00	0.00e+00	2.4394e+01
6.88796e+19	1.2679e+04	5.300e-20	7.7426e+01	8.3720e+01	4.5537e-16	6.0453e-03	9.9395e-01	1.2803e-03	9.9803e-01	6.9226e-04	6.3909e-22	2.1261e-06	1.6693e-02	6.9988e-01	2.8155e-01	6.8058e-05	1.2685e-02	9.8486e-01	1.5120e-03	8.7188e-04	1.3627e-06	7.1064e-29	0.00e+00	0.00e+00	2.5067e+01
6.91417e+19	1.2676e+04	5.327e-20	7.7426e+01	8.3698e+01	5.1206e-16	6.4012e-03	9.9360e-01	1.3512e-03	9.9796e-01	6.8380e-04	8.4297e-22	2.2900e-06	1.7887e-02	7.1138e-01	2.6894e-01	7.9251e-05	1.3749e-02	9.8386e-01	1.4466e-03	8.6543e-04	1.2668e-06	9.2866e-29	0.00e+00	0.00e+00	2.5994e+01
6.94824e+19	1.2713e+04	5.355e-20	7.7426e+01	8.3651e+01	5.9465e-16	6.9171e-03	9.9308e-01	1.4515e-03	9.9789e-01	6.6070e-04	1.2276e-21	2.5241e-06	1.9614e-02	7.2656e-01	2.5214e-01	9.7660e-05	1.5376e-02	9.8231e-01	1.3598e-03	8.5808e-04	1.1467e-06	1.3388e-28	0.00e+00	0.00e+00	2.7296e+01
6.98108e+19	1.2692e+04	5.415e-20	7.7426e+01	8.3617e+01	7.1825e-16	7.5757e-03	9.9242e-01	1.5746e-03	9.9779e-01	6.3074e-04	1.8840e-21	2.8114e-06	2.1698e-02	7.4218e-01	2.3455e-01	1.2416e-04	1.7495e-02	9.8026e-01	1.2665e-03	8.4851e-04	1.0213e-06	2.0389e-28	0.00e+00	0.00e+00	2.8302e+01
7.00301e+19	1.2721e+04	5.435e-20	7.7426e+01	8.3564e+01	8.0847e-16	8.0585e-03	9.9194e-01	1.6678e-03	9.9769e-01	6.4041e-04	2.5406e-21	3.0274e-06	2.3297e-02	7.5255e-01	2.2266e-01	1.4710e-04	1.9209e-02	9.7859e-01	1.2097e-03	8.4331e-04	9.4584e-07	2.7306e-28	0.00e+00	0.00e+00	2.8960e+01
7.01770e+19	1.2709e+04	5.452e-20	7.7426e+01	8.3531e+01	8.8210e-16	8.4036e-03	9.9160e-01	1.7375e-03	9.9761e-01	6.5665e-04	3.1147e-21	3.1876e-06	2.4475e-02	7.5956e-01	2.1452e-01	1.6495e-04	2.0467e-02	9.7736e-01	1.1728e-03	8.3865e-04	8.9712e-07	3.3233e-28	0.00e+00	0.00e+00	2.9480e+01
7.03228e+19	1.2699e+04	5.465e-20	7.7426e+01	8.3507e+01	9.5815e-16	8.7436e-03	9.9126e-01	1.8078e-03	9.9753e-01	6.6601e-04	3.7875e-21	3.3539e-06	2.5677e-02	7.6651e-01	2.0642e-01	1.8394e-04	2.1748e-02	9.7610e-01	1.1368e-03	8.3383e-04	8.5190e-07	4.0115e-28	0.00e+00	0.00e+00	3.0184e+01
7.05123e+19	1.2692e+04	5.484e-20	7.7426e+01	8.3476e+01	1.0715e-15	9.2311e-03	9.9077e-01	1.9061e-03	9.9743e-01	6.5914e-04	4.9387e-21	3.5874e-06	2.7371e-02	7.7560e-01	1.9570e-01	2.1338e-04	2.3627e-02	9.7424e-01	1.0869e-03	8.2737e-04	7.9277e-07	5.1893e-28	0.00e+00	0.00e+00	3.1151e+01
7.07129e+19	1.2699e+04	5.509e-20	7.7426e+01	8.3415e+01	1.2175e-15	9.8425e-03	9.9016e-01	2.0247e-03	9.9733e-01	6.4147e-04	6.7293e-21	3.8646e-06	2.9419e-02	7.8529e-01	1.8403e-01	2.5437e-04	2.6078e-02	9.7182e-01	1.0305e-03	8.2060e-04	7.2862e-07	7.0225e-28	0.00e+00	0.00e+00	3.2051e+01
7.08746e+19	1.2685e+04	5.535e-20	7.7426e+01	8.3376e+01	1.3679e-15	1.0411e-02	9.8959e-01	2.1361e-03	9.9723e-01	6.3757e-04	8.8151e-21	4.1256e-06	3.1321e-02	7.9317e-01	1.7430e-01	2.9649e-04	2.8433e-02	9.6947e-01	9.8451e-04	8.1396e-04	6.7686e-07	9.1451e-28	0.00e+00	0.00e+00	3.2745e+01
7.10018e+19	1.2672e+04	5.550e-20	7.7426e+01	8.3342e+01	1.4983e-15	1.0875e-02	9.8912e-01	2.2306e-03	9.9713e-01	6.4236e-04	1.0909e-20	4.3487e-06	3.2930e-02	7.9922e-01	1.6669e-01	3.3453e-04	3.0459e-02	9.6745e-01	9.5029e-04	8.0850e-04	6.3898e-07	1.1251e-27	0.00e+00	0.00e+00	3.3371e+01
7.11372e+19	1.2661e+04	5.563e-20	7.7426e+01	8.3304e+01	1.6477e-15	1.1384e-02	9.8862e-01	2.3351e-03	9.9702e-01	6.4403e-04	1.3654e-20	4.5952e-06	3.4723e-02	8.0561e-01	1.5856e-01	3.7971e-04	3.2747e-02	9.6516e-01	9.1449e-04	8.0249e-04	6.0089e-07	1.3989e-27	0.00e+00	0.00e+00	3.4223e+01
7.13133e+19	1.2643e+04	5.587e-20	7.7426e+01	8.3257e+01	1.8804e-15	1.2128e-02	9.8787e-01	2.4845e-03	9.9688e-01	6.3326e-04	1.8566e-20	4.9496e-06	3.7284e-02	8.1383e-01	1.4784e-01	4.5187e-04	3.6175e-02	9.6171e-01	8.6577e-04	7.9390e-04	5.5131e-07	1.8890e-27	0.00e+00	0.00e+00	3.5403e+01
7.14864e+19	1.2642e+04	5.617e-20	7.7426e+01	8.3158e+01	2.1744e-15	1.3033e-02	9.8697e-01	2.6578e-03	9.9673e-01	6.1428e-04	2.6166e-20	5.3496e-06	4.0246e-02	8.2178e-01	1.3698e-01	5.5054e-04	4.0519e-02	9.5733e-01	8.1353e-04	7.8507e-04	5.0045e-07	2.6508e-27	0.00e+00	0.00e+00	3.6339e+01
7.16076e+19	1.2614e+04	5.641e-20	7.7426e+01	8.3118e+01	2.4383e-15	1.3752e-02	9.8625e-01	2.8013e-03	9.9658e-01	6.1434e-04	3.3856e-20	5.6848e-06	4.2651e-02	8.2718e-01	1.2923e-01	6.3792e-04	4.4115e-02	9.5369e-01	7.7755e-04	7.7724e-04	4.6545e-07	3.4148e-27	0.00e+00	0.00e+00	3.6981e+01
7.16990e+19	1.2617e+04	5.644e-20	7.7426e+01	8.3064e+01	2.6296e-15	1.4282e-02	9.8572e-01	2.9114e-03	9.9647e-01	6.1979e-04	4.0790e-20	5.9364e-06	4.4520e-02	8.3096e-01	1.2361e-01	7.0993e-04	4.6974e-02	9.5079e-01	7.5294e-04	7.7202e-04	4.4225e-07	4.0942e-27	0.00e+00	0.00e+00	3.7591e+01
7.17996e+19	1.2593e+04	5.655e-20	7.7426e+01	8.3011e+01	2.8802e-15	1.4902e-02	9.8510e-01	3.0409e-03	9.9634e-01	6.2042e-04	5.0174e-20	6.2335e-06	4.6693e-02	8.3507e-01	1.1736e-01	7.9875e-04	5.0315e-02	9.4740e-01	7.2551e-04	7.6522e-04	4.1700e-07	5.0071e-27	0.00e+00	0.00e+00	3.8420e+01
7.19304e+19	1.2570e+04	5.673e-20	7.7426e+01	8.2940e+01	3.2561e-15	1.5794e-02	9.8421e-01	3.2233e-03	9.9616e-01	6.1286e-04	6.6475e-20	6.6530e-06	4.9755e-02	8.4019e-01	1.0923e-01	9.3808e-04	5.5261e-02	9.4236e-01	6.8878e-04	7.5584e-04	3.8453e-07	6.5969e-27	0.00e+00	0.00e+00	3.9561e+01
7.20651e+19	1.2548e+04	5.701e-20	7.7426e+01	8.2850e+01	3.7600e-15	1.6921e-02	9.8308e-01	3.4444e-03	9.9596e-01	5.9811e-04	9.2207e-20	7.1560e-06	5.3433e-02	8.4514e-01	1.0064e-01	1.1328e-03	6.1676e-02	9.3580e-01	6.4751e-04	7.4468e-04	3.4936e-07	9.1257e-27	0.00e+00	0.00e+00	4.0565e+01
7.21683e+19	1.2518e+04	5.724e-20	7.7426e+01	8.2796e+01	4.2435e-15	1.7906e-02	9.8209e-01	3.6427e-03	9.9576e-01	5.9332e-04	1.2071e-19	7.6092e-06	5.6681e-02	8.4857e-01	9.4011e-02	1.3225e-03	6.7517e-02	9.2981e-01	6.1584e-04	7.3461e-04	3.2278e-07	1.1913e-26	0.00e+00	0.00e+00	4.1310e+01
7.22486e+19	1.2512e+04	5.727e-20	7.7426e+01	8.2714e+01	4.6245e-15	1.8676e-02	9.8132e-01	3.8034e-03	9.9560e-01	5.9398e-04	1.4810e-19	7.9606e-06	5.9328e-02	8.5091e-01	8.9054e-02	1.4884e-03	7.2413e-02	9.2478e-01	5.9308e-04	7.2722e-04	3.0426e-07	1.4557e-26	0.00e+00	0.00e+00	4.1999e+01
7.23354e+19	1.2476e+04	5.740e-20	7.7426e+01	8.2649e+01	5.1222e-15	1.9566e-02	9.8043e-01	3.9912e-03	9.9542e-01	5.9193e-04	1.8525e-19	8.3783e-06	6.2374e-02	8.5326e-01	8.3685e-02	1.6916e-03	7.8060e-02	9.1896e-01	5.6854e-04	7.1790e-04	2.8460e-07	1.8124e-26	0.00e+00	0.00e+00	4.2938e+01
7.24483e+19	1.2435e+04	5.761e-20	7.7426e+01	8.2578e+01	5.8857e-15	2.0862e-02	9.7914e-01	4.2595e-03	9.9516e-01	5.8334e-04	2.5144e-19	8.9809e-06	6.6698e-02	8.5591e-01	7.6751e-02	2.0149e-03	8.6490e-02	9.1025e-01	5.3589e-04	7.0459e-04	2.5937e-07	2.4511e-26	0.00e+00	0.00e+00	4.4239e+01
7.25621e+19	1.2404e+04	5.792e-20	7.7426e+01	8.2469e+01	6.8987e-15	2.2493e-02	9.7751e-01	4.5810e-03	9.9485e-01	5.6880e-04	3.5733e-19	9.6850e-06	7.1842e-02	8.5793e-01	6.9626e-02	2.4690e-03	9.7386e-02	8.9896e-01	4.9974e-04	6.8892e-04	2.3255e-07	3.4840e-26	0.00e+00	0.00e+00	4.5338e+01
7.26461e+19	1.2388e+04	5.802e-20	7.7426e+01	8.2305e+01	7.7725e-15	2.3825e-02	9.7617e-01	4.8516e-03	9.9458e-01	5.6344e-04	4.6847e-19	1.0245e-05	7.6130e-02	8.5881e-01	6.4492e-02	2.8901e-03	1.0685e-01	8.8911e-01	4.7381e-04	6.7669e-04	2.1389e-07	4.5559e-26	0.00e+00	0.00e+00	4.6130e+01
7.27111e+19	1.2347e+04	5.813e-20	7.7426e+01	8.2234e+01	8.5909e-15	2.4919e-02	9.7508e-01	5.0859e-03	9.9435e-01	5.6141e-04	5.7922e-19	1.0748e-05	7.9756e-02	8.5911e-01	6.0589e-02	3.2634e-03	1.1474e-01	8.8087e-01	4.5451e-04	6.6568e-04	2.0005e-07	5.6147e-26	0.00e+00	0.00e+00	4.6884e+01
7.27823e+19	1.2316e+04	5.818e-20	7.7426e+01	8.2145e+01	9.5316e-15	2.6145e-02	9.7386e-01	5.3507e-03	9.9409e-01	5.5805e-04	7.2777e-19	1.1307e-05	8.3859e-02	8.5917e-01	5.6457e-02	3.7193e-03	1.2393e-01	8.7127e-01	4.3434e-04	6.5358e-04	1.8606e-07	7.0311e-26	0.00e+00	0.00e+00	4.7913e+01
7.28749e+19	1.2273e+04	5.832e-20	7.7426e+01	8.1986e+01	1.1030e-14	2.7970e-02	9.7203e-01	5.7309e-03	9.9372e-01	5.4889e-04	9.9628e-19	1.2085e-05	8.9705e-02	8.5868e-01	5.1131e-02	4.4550e-03	1.3768e-01	8.5682e-01	4.0720e-04	6.3614e-04	1.6785e-07	9.6016e-26	0.00e+00	0.00e+00	4.9345e+01
7.29704e+19	1.2222e+04	5.866e-20	7.7426e+01	8.1861e+01	1.3176e-14	3.0363e-02	9.6964e-01	6.2112e-03	9.9325e-01	5.3443e-04	1.4470e-18	1.3087e-05	9.6935e-02	8.5707e-01	4.5548e-02	5.5200e-03	1.5576e-01	8.3773e-01	3.7631e-04	6.1360e-04	1.4780e-07	1.3989e-25	0.00e+00	0.00e+00	5.0626e+01
7.30445e+19	1.2202e+04	5.872e-20	7.7426e+01	8.1633e+01	1.5111e-14	3.2428e-02	9.6757e-01	6.6353e-03	9.9284e-01	5.2625e-04	1.9550e-18	1.3903e-05	1.0326e-01	8.5493e-01	4.1389e-02	6.5694e-03	1.7230e-01	8.2018e-01	3.5305e-04	5.9507e-04	1.3330e-07	1.8893e-25	0.00e+00	0.00e+00	5.1605e+01
7.31038e+19	1.2152e+04	5.881e-20	7.7426e+01	8.1492e+01	1.7051e-14	3.4230e-02	9.6577e-01	7.0224e-03	9.9246e-01	5.2056e-04	2.5020e-18	1.4660e-05	1.0890e-01	8.5256e-01	3.8147e-02	7.5609e-03	1.8677e-01	8.0476e-01	3.3498e-04	5.7829e-04	1.2216e-07	2.4132e-25	0.00e+00	0.00e+00	5.2556e+01
7.31691e+19	1.2101e+04	5.887e-20	7.7426e+01	8.1361e+01	1.9459e-14	3.6324e-02	9.6368e-01	7.4797e-03	9.9201e-01	5.1389e-04	3.2802e-18	1.5560e-05	1.1546e-01	8.4944e-01	3.4719e-02	8.8141e-03	2.0387e-01	7.8644e-01	3.1594e-04	5.5884e-04	1.1074e-07	3.1592e-25	0.00e+00	0.00e+00	5.3867e+01
7.32541e+19	1.2041e+04	5.903e-20	7.7426e+01	8.1163e+01	2.3401e-14	3.9518e-02	9.6048e-01	8.1511e-03	9.9135e-01	5.0169e-04	4.7732e-18	1.6844e-05	1.2497e-01	8.4431e-01	3.0374e-02	1.0901e-02	2.2973e-01	7.5855e-01	2.9044e-04	5.3040e-04	9.6050e-08	4.6072e-25	0.00e+00	0.00e+00	5.5723e+01
7.33425e+19	1.1973e+04	5.938e-20	7.7426e+01	8.0882e+01	2.9397e-14	4.3890e-02	9.5611e-01	9.0239e-03	9.9049e-01	4.8399e-04	7.4920e-18	1.8456e-05	1.3702e-01	8.3679e-01	2.5874e-02	1.4071e-02	2.6417e-01	7.2100e-01	2.6128e-04	4.9387e-04	1.1755e-36	7.2954e-25	0.00e+00	0.00e+00	5.7453e+01
7.34105e+19	1.1929e+04	5.937e-20	7.7426e+01	8.0409e+01	3.5325e-14	4.7823e-02	9.5218e-01	9.8282e-03	9.8970e-01	4.7193e-04	1.0802e-17	1.9799e-05	1.4785e-01	8.2926e-01	2.2603e-02	1.7316e-02	2.9571e-01	6.8628e-01	2.3934e-04	4.6290e-04	1.1755e-36	1.0545e-24	0.00e+00	0.00e+00	5.8750e+01
7.34623e+19	1.1865e+04	5.940e-20	7.7426e+01	8.0197e+01	4.1127e-14	5.1162e-02	9.4884e-01	1.0556e-02	9.8898e-01	4.6339e-04	1.4406e-17	2.1074e-05	1.5732e-01	8.2218e-01	2.0230e-02	2.0304e-02	3.2182e-01	6.5722e-01	2.2326e-04	4.3662e-04	1.1755e-36	1.4086e-24	0.00e+00	0.00e+00	5.9953e+01
7.35176e+19	1.1806e+04	5.932e-20	7.7426e+01	7.9924e+01	4.8244e-14	5.4971e-02	9.4503e-01	1.1393e-02	9.8815e-01	4.5442e-04	1.9496e-17	2.2473e-05	1.6800e-01	8.1388e-01	1.7862e-02	2.3977e-02	3.5100e-01	6.2440e-01	2.0709e-04	4.0806e-04	1.1755e-36	1.9093e-24	0.00e+00	0.00e+00	6.1633e+01
7.35896e+19	1.1729e+04	5.924e-20	7.7426e+01	7.9362e+01	6.0498e-14	6.0917e-02	9.3908e-01	1.2633e-02	9.8693e-01	4.4040e-04	2.9532e-17	2.4400e-05	1.8343e-01	8.0139e-01	1.4951e-02	3.0118e-02	3.9351e-01	5.7581e-01	1.8571e-04	3.6770e-04	1.1755e-36	2.9087e-24	0.00e+00	0.00e+00	6.4054e+01
7.36619e+19	1.1644e+04	5.954e-20	7.7426e+01	7.8929e+01	8.0376e-14	6.9406e-02	9.3059e-01	1.4309e-02	9.8527e-01	4.2126e-04	4.8825e-17	2.6973e-05	2.0336e-01	7.8438e-01	1.2055e-02	3.9482e-02	4.4644e-01	5.1359e-01	1.6137e-04	3.1694e-04	1.1755e-36	4.9114e-24	0.00e+00	0.00e+00	6.6208e+01
7.37135e+19	1.1596e+04	5.924e-20	7.7426e+01	7.8222e+01	9.9013e-14	7.6480e-02	9.2352e-01	1.5771e-02	9.8382e-01	4.1071e-04	7.0564e-17	2.8975e-05	2.2000e-01	7.6962e-01	1.0189e-02	4.8059e-02	4.8761e-01	4.6390e-01	1.4502e-04	2.7949e-04	1.1755e-36	7.1612e-24	0.00e+00	0.00e+00	6.7690e+01
7.37503e+19	1.1522e+04	5.900e-20	7.7426e+01	7.7780e+01	1.1645e-13	8.2089e-02	9.1791e-01	1.7008e-02	9.8259e-01	4.0283e-04	9.1979e-17	3.0636e-05	2.3346e-01	7.5741e-01	8.9602e-03	5.5131e-02	5.1666e-01	4.2783e-01	1.3407e-04	2.5264e-04	1.1755e-36	9.3662e-24	0.00e+00	0.00e+00	6.9053e+01
7.37894e+19	1.1465e+04	5.857e-20	7.7426e+01	7.7238e+01	1.3724e-13	8.8374e-02	9.1163e-01	1.8404e-02	9.8120e-01	3.9600e-04	1.2069e-16	3.2413e-05	2.4822e-01	7.4385e-01	7.7744e-03	6.3355e-02	5.4633e-01	3.8997e-01	1.2335e-04	2.2546e-04	1.1755e-36	1.2346e-23	0.00e+00	0.00e+00	7.0961e+01
7.38402e+19	1.1378e+04	5.812e-20	7.7426e+01	7.6385e+01	1.7472e-13	9.8442e-02	9.0156e-01	2.0513e-02	9.7910e-01	3.8689e-04	1.7593e-16	3.4914e-05	2.6954e-01	7.2398e-01	6.3350e-03	7.6665e-02	5.8502e-01	3.3801e-01	1.0906e-04	1.8916e-04	1.1755e-36	1.8223e-23	0.00e+00	0.00e+00	7.3723e+01
7.38925e+19	1.1286e+04	5.776e-20	7.7426e+01	7.5336e+01	2.3528e-13	1.1268e-01	8.8732e-01	2.3334e-02	9.7629e-01	3.7707e-04	2.7496e-16	3.7972e-05	2.9636e-01	6.9856e-01	4.9445e-03	9.5660e-02	6.2546e-01	2.7864e-01	9.3219e-05	1.4915e-04	1.1755e-36	2.9216e-23	0.00e+00	0.00e+00	7.6327e+01
7.39314e+19	1.1198e+04	5.730e-20	7.7426e+01	7.4526e+01	3.0225e-13	1.2606e-01	8.7394e-01	2.6108e-02	9.7352e-01	3.6935e-04	3.9465e-16	4.0781e-05	3.2091e-01	6.7496e-01	4.0033e-03	1.1370e-01	6.5273e-01	2.3338e-01	8.1614e-05	1.1991e-04	1.1755e-36	4.2824e-23	0.00e+00	0.00e+00	7.8210e+01
7.39589e+19	1.1141e+04	5.635e-20	7.7426e+01	7.3475e+01	3.5537e-13	1.3544e-01	8.6456e-01	2.8230e-02	9.7140e-01	3.6828e-04	4.9555e-16	4.2535e-05	3.3868e-01	6.5775e-01	3.4476e-03	1.2667e-01	6.6835e-01	2.0480e-01	7.4817e-05	1.0273e-04	1.1755e-36	5.3863e-23	0.00e+00	0.00e+00	7.9827e+01
7.39870e+19	1.1071e+04	5.548e-20	7.7426e+01	7.2637e+01	4.2282e-13	1.4613e-01	8.5387e-01	3.0697e-02	9.6894e-01	3.6646e-04	6.2828e-16	4.4591e-05	3.5831e-01	6.3865e-01	2.9258e-03	1.4124e-01	6.8094e-01	1.7767e-01	6.8166e-05	8.6565e-05	1.1755e-36	6.8758e-23	0.00e+00	0.00e+00	8.2095e+01
7.40235e+19	1.0976e+04	5.432e-20	7.7426e+01	7.1282e+01	5.4173e-13	1.6293e-01	8.3707e-01	3.4373e-02	9.6526e-01	3.6606e-04	8.6822e-16	4.7265e-05	3.8574e-01	6.1184e-01	2.3166e-03	1.6367e-01	6.9223e-01	1.4397e-01	5.9533e-05	6.7179e-05	1.1755e-36	9.6387e-23	0.00e+00	0.00e+00	8.5383e+01
7.40616e+19	1.0875e+04	5.293e-20	7.7426e+01	6.9471e+01	7.2910e-13	1.8591e-01	8.1409e-01	3.9224e-02	9.6041e-01	3.6869e-04	1.2613e-15	5.0202e-05	4.1887e-01	5.7927e-01	1.7545e-03	1.9359e-01	6.9623e-01	1.1007e-01	5.0316e-05	4.8584e-05	1.1755e-36	1.4317e-22	0.00e+00	0.00e+00	8.8561e+01
7.40912e+19	1.0771e+04	5.150e-20	7.7426e+01	6.7965e+01	9.3909e-13	2.0753e-01	7.9247e-01	4.4148e-02	9.5548e-01	3.7167e-04	1.7133e-15	5.2820e-05	4.4930e-01	5.4922e-01	1.3768e-03	2.2117e-01	6.9232e-01	8.6431e-02	4.3558e-05	3.6276e-05	1.1755e-36	1.9761e-22	0.00e+00	0.00e+00	9.1020e+01
7.41133e+19	1.0698e+04	4.990e-20	7.7426e+01	6.6499e+01	1.1210e-12	2.2384e-01	7.7616e-01	4.8271e-02	9.5135e-01	3.7725e-04	2.1097e-15	5.4556e-05	4.7272e-01	5.2604e-01	1.1449e-03	2.4181e-01	6.8636e-01	7.1758e-02	3.9330e-05	2.9105e-05	1.1755e-36	2.4353e-22	0.00e+00	0.00e+00	9.3189e+01
7.41360e+19	1.0613e+04	4.819e-20	7.7426e+01	6.5034e+01	1.3490e-12	2.4203e-01	7.5797e-01	5.3072e-02	9.4654e-01	3.8322e-04	2.6077e-15	5.6378e-05	4.9793e-01	5.0105e-01	9.3566e-04	2.6437e-01	6.7681e-01	5.8764e-02	3.5314e-05	2.2957e-05	1.1755e-36	3.0135e-22	0.00e+00	0.00e+00	9.6238e+01
7.41657e+19	1.0496e+04	4.586e-20	7.7426e+01	6.2783e+01	1.7523e-12	2.7029e-01	7.2971e-01	6.0265e-02	9.3934e-01	3.9489e-04	3.4737e-15	5.8404e-05	5.3210e-01	4.6711e-01	7.0409e-04	2.9843e-01	6.5751e-01	4.4013e-02	3.0191e-05	1.6274e-05	1.1755e-36	4.0331e-22	0.00e+00	0.00e+00	1.0066e+02
7.41949e+19	1.0376e+04	4.315e-20	7.7426e+01	6.0002e+01	2.3357e-12	3.0541e-01	6.9459e-01	6.9221e-02	9.3037e-01	4.1222e-04	4.7122e-15	5.9999e-05	5.6948e-01	4.2993e-01	5.1513e-04	3.3950e-01	6.2905e-01	3.1418e-02	2.5189e-05	1.0899e-05	1.1755e-36	5.4917e-22	0.00e+00	0.00e+00	1.0439e+02
7.42160e+19	1.0262e+04	4.083e-20	7.7426e+01	5.7977e+01	2.8938e-12	3.3319e-01	6.6681e-01	7.7534e-02	9.2204e-01	4.2584e-04	5.8611e-15	6.1243e-05	5.9966e-01	3.9986e-01	4.0351e-04	3.7126e-01	6.0457e-01	2.4142e-02	2.2008e-05	7.9828e-06	1.1755e-36	6.7996e-22	0.00e+00	0.00e+00	1.0719e+02
7.42320e+19	1.0194e+04	3.873e-20	7.7426e+01	5.6188e+01	3.3379e-12	3.5314e-01	6.4686e-01	8.4331e-02	9.1523e-01	4.3918e-04	6.7698e-15	6.1769e-05	6.2196e-01	3.7763e-01	3.3544e-04	3.9378e-01	5.8640e-01	1.9788e-02	2.0036e-05	6.3399e-06	1.1755e-36	7.7342e-22	0.00e+00	0.00e+00	1.0974e+02
7.42487e+19	1.0079e+04	3.667e-20	7.7426e+01	5.4453e+01	3.9581e-12	3.7667e-01	6.2333e-01	9.2646e-02	9.0690e-01	4.5231e-04	7.9321e-15	6.2425e-05	6.4637e-01	3.5328e-01	2.7263e-04	4.1983e-01	5.6425e-01	1.5896e-02	1.8003e-05	4.9090e-06	1.1755e-36	8.9455e-22	0.00e+00	0.00e+00	1.1317e+02
7.42696e+19	9.9678e+03	3.386e-20	7.7426e+01	5.1776e+01	4.8673e-12	4.0890e-01	5.9110e-01	1.0379e-01	8.9574e-01	4.7660e-04	9.6185e-15	6.2297e-05	6.7566e-01	3.2406e-01	2.0851e-04	4.5478e-01	5.3336e-01	1.1839e-02	1.5607e-05	3.4880e-06	1.1755e-36	1.0589e-21	0.00e+00	0.00e+00	1.1784e+02
7.42904e+19	9.8476e+03	3.095e-20	7.7426e+01	4.8812e+01	6.0603e-12	4.4574e-01	5.5426e-01	1.1690e-01	8.8259e-01	5.0715e-04	1.1721e-14	6.1644e-05	7.0544e-01	2.9433e-01	1.5774e-04	4.9381e-01	4.9761e-01	8.5573e-03	1.3313e-05	2.3959e-06	1.1755e-36	1.2519e-21	0.00e+00	0.00e+00	1.2177e+02
7.43053e+19	9.7343e+03	2.875e-20	7.7426e+01	4.6758e+01	7.1213e-12	4.7294e-01	5.2706e-01	1.2864e-01	8.7083e-01	5.2878e-04	1.3448e-14	6.1189e-05	7.2829e-01	2.7151e-01	1.2793e-04	5.2213e-01	4.7116e-01	6.7011e-03	1.1863e-05	1.8099e-06	1.1755e-36	1.3952e-21	0.00e+00	0.00e+00	1.2453e+02
7.43167e+19	9.6554e+03	2.698e-20	7.7426e+01	4.5159e+01	7.9340e-12	4.9141e-01	5.0859e-01	1.3826e-01	8.6119e-01	5.4648e-04	1.4706e-14	6.0664e-05	7.4503e-01	2.5479e-01	1.0942e-04	5.4116e-01	4.5323e-01	5.5971e-03	1.0973e-05	1.4774e-06	1.1755e-36	1.4782e-21	0.00e+00	0.00e+00	1.2713e+02
7.43282e+19	9.5662e+03	2.525e-20	7.7426e+01	4.3504e+01	8.9063e-12	5.1150e-01	4.8850e-01	1.4884e-01	8.5059e-01	5.6599e-04	1.6124e-14	5.9948e-05	7.6166e-01	2.3818e-01	9.3051e-05	5.6161e-01	4.3376e-01	4.6277e-03	1.0083e-05	1.1921e-06	1.1755e-36	1.5671e-21	0.00e+00	0.00e+00	1.3019e+02
7.43408e+19	9.4616e+03	2.339e-20	7.7426e+01	4.1574e+01	1.0187e-11	5.3566e-01	4.6434e-01	1.6123e-01	8.3818e-01	5.9067e-04	1.7884e-14	5.8828e-05	7.7923e-01	2.2063e-01	7.7809e-05	5.8586e-01	4.1042e-01	3.7127e-03	9.1082e-06	9.2971e-07	1.1755e-36	1.6693e-21	0.00e+00	0.00e+00	1.3356e+02
7.43507e+19	9.3896e+03	2.193e-20	7.7426e+01	3.9958e+01	1.1291e-11	5.5561e-01	4.4439e-01	1.7168e-01	8.2771e-01	6.1412e-04	1.9392e-14	5.7680e-05	7.9257e-01	2.0730e-01	6.7815e-05	6.0562e-01	3.9127e-01	3.0955e-03	8.3700e-06	7.5765e-07	1.1755e-36	1.7449e-21	0.00e+00	0.00e+00	1.3545e+02
7.43565e+19	9.3331e+03	2.110e-20	7.7426e+01	3.9201e+01	1.1930e-11	5.6455e-01	4.3545e-01	1.7882e-01	8.2055e-01	6.2295e-04	2.0143e-14	5.7298e-05	8.0074e-01	1.9913e-01	6.2801e-05	6.1447e-01	3.8270e-01	2.8148e-03	8.0579e-06	6.8226e-07	1.1755e-36	1.7706e-21	0.00e+00	0.00e+00	1.3669e+02
7.43616e+19	9.2777e+03	2.034e-20	7.7426e+01	3.8533e+01	1.2555e-11	5.7257e-01	4.2743e-01	1.8569e-01	8.1368e-01	6.3020e-04	2.0835e-14	5.6958e-05	8.0816e-01	1.9172e-01	5.8463e-05	6.2237e-01	3.7504e-01	2.5809e-03	7.7873e-06	6.2021e-07	1.1755e-36	1.7921e-21	0.00e+00	0.00e+00	1.3833e+02
7.43684e+19	9.2040e+03	1.939e-20	7.7426e+01	3.7561e+01	1.3519e-11	5.8516e-01	4.1484e-01	1.9466e-01	8.0469e-01	6.4264e-04	2.1897e-14	5.6294e-05	8.1736e-01	1.8252e-01	5.3189e-05	6.3467e-01	3.6304e-01	2.2832e-03	7.3783e-06	5.4132e-07	1.1755e-36	1.8306e-21	0.00e+00	0.00e+00	1.4051e+02
7.43760e+19	9.1353e+03	1.832e-20	7.7426e+01	3.6314e+01	1.4669e-11	6.0065e-01	3.9935e-01	2.0453e-01	7.9481e-01	6.6254e-04	2.3202e-14	5.5201e-05	8.2689e-01	1.7300e-01	4.7950e-05	6.4965e-01	3.4837e-01	1.9739e-03	6.8993e-06	4.6041e-07	1.1755e-36	1.8703e-21	0.00e+00	0.00e+00	1.4273e+02
7.43828e+19	9.0845e+03	1.737e-20	7.7426e+01	3.5140e+01	1.5670e-11	6.1383e-01	3.8617e-01	2.1346e-01	7.8586e-01	6.8328e-04	2.4346e-14	5.4059e-05	8.3495e-01	1.6495e-01	4.3889e-05	6.6231e-01	3.3595e-01	1.7337e-03	6.5109e-06	3.9897e-07	1.1755e-36	1.8885e-21	0.00e+00	0.00e+00	1.4456e+02
7.43887e+19	9.0139e+03	1.659e-20	7.7426e+01	3.4267e+01	1.6744e-11	6.2499e-01	3.7501e-01	2.2251e-01	7.7679e-01	6.9631e-04	2.5370e-14	5.3309e-05	8.4235e-01	1.5755e-01	4.0651e-05	6.7299e-01	3.2546e-01	1.5520e-03	6.1980e-06	3.5321e-07	1.1755e-36	1.9077e-21	0.00e+00	0.00e+00	1.4629e+02
7.43945e+19	8.9552e+03	1.580e-20	7.7426e+01	3.3340e+01	1.7777e-11	6.3562e-01	3.6438e-01	2.3154e-01	7.6775e-01	7.1143e-04	2.6371e-14	5.2431e-05	8.4937e-01	1.5054e-01	3.7742e-05	6.8310e-01	3.1551e-01	1.3893e-03	5.9100e-06	3.1293e-07	1.1755e-36	1.9138e-21	0.00e+00	0.00e+00	1.4819e+02
7.44010e+19	8.8813e+03	1.496e-20	7.7426e+01	3.2299e+01	1.9107e-11	6.4825e-01	3.5175e-01	2.4199e-01	7.5729e-01	7.2941e-04	2.7580e-14	5.1382e-05	8.5692e-01	1.4299e-01	3.4805e-05	6.9503e-01	3.0374e-01	1.2241e-03	5.5817e-06	2.7243e-07	1.1755e-36	1.9214e-21	0.00e+00	0.00e+00	1.5036e+02
7.44077e+19	8.8073e+03	1.412e-20	7.7426e+01	3.1221e+01	2.0589e-11	6.6188e-01	3.3812e-01	2.5298e-01	7.4627e-01	7.4943e-04	2.8918e-14	5.0230e-05	8.6432e-01	1.3560e-01	3.2121e-05	7.0781e-01	2.9111e-01	1.0713e-03	5.2425e-06	2.3536e-07	1.1755e-36	1.9291e-21	0.00e+00	0.00e+00	1.5244e+02
7.44136e+19	8.7513e+03	1.339e-20	7.7426e+01	3.0238e+01	2.1842e-11	6.7291e-01	3.2709e-01	2.6289e-01	7.3634e-01	7.6922e-04	3.0053e-14	4.9118e-05	8.7056e-01	1.2936e-01	3.0038e-05	7.1811e-01	2.8093e-01	9.5426e-04	4.9781e-06	2.0751e-07	1.1755e-36	1.9184e-21	0.00e+00	0.00e+00	1.5424e+02
7.44192e+19	8.6709e+03	1.273e-20	7.7426e+01	2.9413e+01	2.3364e-11	6.8331e-01	3.1669e-01	2.7359e-01	7.2563e-01	7.8263e-04	3.1163e-14	4.8248e-05	8.7670e-01	1.2322e-01	2.8223e-05	7.2778e-01	2.7136e-01	8.5635e-04	4.7387e-06	1.8452e-07	1.1755e-36	1.9124e-21	0.00e+00	0.00e+00	1.5613e+02
7.44250e+19	8.5993e+03	1.205e-20	7.7426e+01	2.8490e+01	2.4933e-11	6.9411e-01	3.0589e-01	2.8472e-01	7.1448e-01	8.0050e-04	3.2353e-14	4.7182e-05	8.8273e-01	1.1719e-01	2.6515e-05	7.3776e-01	2.6147e-01	7.6350e-04	4.4980e-06	1.6297e-07	1.1755e-36	1.8955e-21	0.00e+00	0.00e+00	1.5819e+02
7.44312e+19	8.5230e+03	1.135e-20	7.7426e+01	2.7500e+01	2.6727e-11	7.0571e-01	2.9429e-01	2.9650e-01	7.0268e-01	8.2101e-04	3.3671e-14	4.5987e-05	8.8872e-01	1.1121e-01	2.4914e-05	7.4842e-01	2.5090e-01	6.7608e-04	4.2480e-06	1.4289e-07	1.1755e-36	1.8727e-21	0.00e+00	0.00e+00	1.6032e+02
7.44371e+19	8.4441e+03	1.071e-20	7.7426e+01	2.6561e+01	2.8655e-11	7.1701e-01	2.8299e-01	3.0851e-01	6.9065e-01	8.4052e-04	3.5006e-14	4.4826e-05	8.9436e-01	1.0556e-01	2.3521e-05	7.5875e-01	2.4064e-01	6.0072e-04	4.0131e-06	1.2576e-07	1.1755e-36	1.8480e-21	0.00e+00	0.00e+00	1.6233e+02
7.44427e+19	8.3759e+03	1.012e-20	7.7426e+01	2.5698e+01	3.0443e-11	7.2673e-01	2.7327e-01	3.2000e-01	6.7915e-01	8.5900e-04	3.6221e-14	4.3736e-05	8.9940e-01	1.0054e-01	2.2377e-05	7.6759e-01	2.3187e-01	5.3984e-04	3.8175e-06	1.1755e-36	1.1755e-36	1.8159e-21	0.00e+00	0.00e+00	1.6424e+02
7.44482e+19	8.2895e+03	9.563e-21	7.7426e+01	2.4869e+01	3.2625e-11	7.3639e-01	2.6361e-01	3.3238e-01	6.6675e-01	8.7534e-04	3.7469e-14	4.2691e-05	9.0439e-01	9.5546e-02	2.1339e-05	7.7635e-01	2.2316e-01	4.8580e-04	3.6292e-06	1.1755e-36	1.1755e-36	1.7820e-21	0.00e+00	0.00e+00	1.6629e+02
7.44540e+19	8.1997e+03	8.996e-21	7.7426e+01	2.3992e+01	3.5130e-11	7.4714e-01	2.5286e-01	3.4570e-01	6.5341e-01	8.9358e-04	3.8902e-14	4.1546e-05	9.0941e-01	9.0528e-02	2.0343e-05	7.8604e-01	2.1352e-01	4.3372e-04	3.4258e-06	1.1755e-36	1.1755e-36	1.7468e-21	0.00e+00	0.00e+00	1.6845e+02
7.44597e+19	8.1154e+03	8.468e-21	7.7426e+01	2.3132e+01	3.7652e-11	7.5689e-01	2.4311e-01	3.5858e-01	6.4051e-01	9.1346e-04	4.0285e-14	4.0383e-05	9.1393e-01	8.6010e-02	1.9500e-05	7.9480e-01	2.0481e-01	3.9018e-04	3.2465e-06	1.1755e-36	1.1755e-36	1.7030e-21	0.00e+00	0.00e+00	1.7045e+02
7.44650e+19	8.0315e+03	7.987e-21	7.7426e+01	2.2357e+01	4.0265e-11	7.6576e-01	2.3424e-01	3.7156e-01	6.2751e-01	9.2945e-04	4.1609e-14	3.9331e-05	9.1815e-01	8.1792e-02	1.8782e-05	8.0272e-01	1.9692e-01	3.5377e-04	3.0881e-06	1.1755e-36	1.1755e-36	1.6602e-21	0.00e+00	0.00e+00	1.7244e+02
7.44705e+19	7.9333e+03	7.518e-21	7.7426e+01	2.1569e+01	4.3429e-11	7.7479e-01	2.2521e-01	3.8527e-01	6.1378e-01	9.4502e-04	4.3011e-14	3.8256e-05	9.2230e-01	7.7647e-02	1.8122e-05	8.1077e-01	1.8891e-01	3.2077e-04	2.9312e-06	1.1755e-36	1.1755e-36	1.6133e-21	0.00e+00	0.00e+00	1.7455e+02
7.44761e+19	7.8469e+03	7.052e-21	7.7426e+01	2.0748e+01	4.6585e-11	7.8382e-01	2.1618e-01	3.9911e-01	5.9992e-01	9.6480e-04	4.4517e-14	3.7076e-05	9.2622e-01	7.3729e-02	1.7519e-05	8.1877e-01	1.8094e-01	2.9062e-04	2.7777e-06	1.1755e-36	1.1755e-36	1.5604e-21	0.00e+00	0.00e+00	1.7670e+02
7.44816e+19	7.7468e+03	6.616e-21	7.7426e+01	1.9971e+01	5.0371e-11	7.9292e-01	2.0708e-01	4.1364e-01	5.8538e-01	9.8092e-04	4.6082e-14	3.5964e-05	9.3001e-01	6.9937e-02	1.6978e-05	8.2681e-01	1.7293e-01	2.6412e-04	2.6273e-06	1.1755e-36	1.1755e-36	1.5107e-21	0.00e+00	0.00e+00	1.7883e+02
7.44869e+19	7.6525e+03	6.216e-21	7.7426e+01	1.9221e+01	5.4217e-11	8.0100e-01	1.9900e-01	4.2758e-01	5.7143e-01	9.9826e-04	4.7595e-14	3.4858e-05	9.3339e-01	6.6553e-02	1.6525e-05	8.3392e-01	1.6584e-01	2.4217e-04	2.4968e-06	1.1755e-36	1.1755e-36	1.4563e-21	0.00e+00	0.00e+00	1.8085e+02
7.44922e+19	7.5423e+03	5.846e-21	7.7426e+01	1.8539e+01	5.8913e-11	8.0902e-01	1.9098e-01	4.4245e-01	5.5654e-01	1.0088e-03	4.9125e-14	3.3873e-05	9.3672e-01	6.3230e-02	1.6120e-05	8.4095e-01	1.5882e-01	2.2299e-04	2.3706e-06	1.1755e-36	1.1755e-36	1.4082e-21	0.00e+00	0.00e+00	1.8294e+02
7.44975e+19	7.4327e+03	5.484e-21	7.7426e+01	1.7825e+01	6.4066e-11	8.1691e-01	1.8309e-01	4.5731e-01	5.4167e-01	1.0226e-03	5.0753e-14	3.2805e-05	9.3982e-01	6.0129e-02	1.5754e-05	8.4785e-01	1.5194e-01	2.0582e-04	2.2489e-06	1.1755e-36	1.1755e-36	1.3542e-21	0.00e+00	0.00e+00	1.8507e+02
7.45028e+19	7.3194e+03	5.142e-21	7.7426e+01	1.7133e+01	6.9883e-11	8.2465e-01	1.7535e-01	4.7244e-01	5.2653e-01	1.0351e-03	5.2439e-14	3.1757e-05	9.4275e-01	5.7201e-02	1.5428e-05	8.5459e-01	1.4522e-01	1.9074e-04	2.1321e-06	1.1755e-36	1.1755e-36	1.3013e-21	0.00e+00	0.00e+00	1.8718e+02
7.45079e+19	7.1966e+03	4.823e-21	7.7426e+01	1.6455e+01	7.6727e-11	8.3196e-01	1.6804e-01	4.8750e-01	5.1145e-01	1.0468e-03	5.4146e-14	3.0720e-05	9.4546e-01	5.4498e-02	1.5146e-05	8.6094e-01	1.3888e-01	1.7791e-04	2.0241e-06	1.1755e-36	1.1755e-36	1.2470e-21	0.00e+00	0.00e+00	1.8927e+02
7.45130e+19	7.0772e+03	4.530e-21	7.7426e+01	1.5824e+01	8.4104e-11	8.3884e-01	1.6116e-01	5.0252e-01	4.9642e-01	1.0559e-03	5.5851e-14	2.9744e-05	9.4795e-01	5.2002e-02	1.4901e-05	8.6690e-01	1.3293e-01	1.6693e-04	1.9244e-06	1.1755e-36	1.1755e-36	1.1969e-21	0.00e+00	0.00e+00	1.9130e+02
7.45180e+19	6.9536e+03	4.253e-21	7.7426e+01	1.5210e+01	9.2537e-11	8.4552e-01	1.5448e-01	5.1766e-01	4.8128e-01	1.0637e-03	5.7609e-14	2.8784e-05	9.5029e-01	4.9668e-02	1.4684e-05	8.7267e-01	1.2718e-01	1.5736e-04	1.8294e-06	1.1755e-36	1.1755e-36	1.1483e-21	0.00e+00	0.00e+00	1.9337e+02
7.45229e+19	6.8270e+03	3.994e-21	7.7426e+01	1.4615e+01	1.0211e-10	8.5173e-01	1.4827e-01	5.3269e-01	4.6624e-01	1.0703e-03	5.9383e-14	2.7840e-05	9.5244e-01	4.7517e-02	1.4496e-05	8.7802e-01	1.2183e-01	1.4920e-04	1.7425e-06	1.1755e-36	1.1755e-36	1.1005e-21	0.00e+00	0.00e+00	1.9542e+02
7.45278e+19	6.7039e+03	3.751e-21	7.7426e+01	1.4042e+01	1.1252e-10	8.5774e-01	1.4226e-01	5.4763e-01	4.5129e-01	1.0763e-03	6.1216e-14	2.6917e-05	9.5443e-01	4.5530e-02	1.4329e-05	8.8318e-01	1.1668e-01	1.4205e-04	1.6597e-06	1.1755e-36	1.1755e-36	1.0557e-21	0.00e+00	0.00e+00	1.9746e+02
7.45326e+19	6.5716e+03	3.527e-21	7.7426e+01	1.3501e+01	1.2492e-10	8.6360e-01	1.3640e-01	5.6273e-01	4.3619e-01	1.0782e-03	6.3067e-14	2.6050e-05	9.5628e-01	4.3675e-02	1.4183e-05	8.8820e-01	1.1167e-01	1.3594e-04	1.5803e-06	1.1755e-36	1.1755e-36	1.0156e-21	0.00e+00	0.00e+00	1.9947e+02
7.45374e+19	6.4294e+03	3.316e-21	7.7426e+01	1.2966e+01	1.3986e-10	8.6914e-01	1.3086e-01	5.7772e-01	4.2120e-01	1.0792e-03	6.4965e-14	2.5183e-05	9.5799e-01	4.1975e-02	1.4060e-05	8.9294e-01	1.0692e-01	1.3078e-04	1.5064e-06	1.1755e-36	1.1755e-36	9.7668e-22	0.00e+00	0.00e+00	2.0148e+02
7.45421e+19	6.2983e+03	3.120e-21	7.7426e+01	1.2466e+01	1.5542e-10	8.7443e-01	1.2557e-01	5.9244e-01	4.0649e-01	1.0787e-03	6.6893e-14	2.4362e-05	9.5954e-01	4.0422e-02	1.3949e-05	8.9746e-01	1.0241e-01	1.2628e-04	1.4366e-06	1.1755e-36	1.1755e-36	9.4270e-22	0.00e+00	0.00e+00	2.0345e+02
7.45467e+19	6.1571e+03	2.938e-21	7.7426e+01	1.1982e+01	1.7412e-10	8.7942e-01	1.2058e-01	6.0709e-01	3.9184e-01	1.0756e-03	6.8839e-14	2.3566e-05	9.6096e-01	3.9000e-02	1.3856e-05	9.0171e-01	9.8163e-02	1.2255e-04	1.3717e-06	1.1755e-36	1.1755e-36	9.1212e-22	0.00e+00	0.00e+00	2.0542e+02
7.45512e+19	6.0140e+03	2.767e-21	7.7426e+01	1.1513e+01	1.9542e-10	8.8426e-01	1.1574e-01	6.2160e-01	3.7733e-01	1.0713e-03	7.0849e-14	2.2786e-05	9.6226e-01	3.7700e-02	1.3776e-05	9.0582e-01	9.4055e-02	1.1936e-04	1.3097e-06	1.1755e-36	1.1755e-36	8.8526e-22	0.00e+00	0.00e+00	2.0739e+02
7.45557e+19	5.8690e+03	2.608e-21	7.7426e+01	1.1062e+01	2.1954e-10	8.8885e-01	1.1115e-01	6.3593e-01	3.6301e-01	1.0650e-03	7.2894e-14	2.2034e-05	9.6344e-01	3.6524e-02	1.3709e-05	9.0973e-01	9.0156e-02	1.1671e-04	1.2514e-06	1.1755e-36	1.1755e-36	8.6267e-22	0.00e+00	0.00e+00	2.0933e+02
7.45602e+19	5.7223e+03	2.461e-21	7.7426e+01	1.0634e+01	2.4668e-10	8.9318e-01	1.0681e-01	6.5001e-01	3.4893e-01	1.0566e-03	7.4954e-14	2.1315e-05	9.6450e-01	3.5466e-02	1.3654e-05	9.1340e-01	8.6483e-02	1.1456e-04	1.1970e-06	1.1755e-36	1.1755e-36	8.4477e-22	0.00e+00	0.00e+00	2.1124e+02
7.45645e+19	5.5731e+03	2.324e-21	7.7426e+01	1.0223e+01	2.7707e-10	8.9731e-01	1.0269e-01	6.6390e-01	3.3505e-01	1.0462e-03	7.7045e-14	2.0624e-05	9.6545e-01	3.4514e-02	1.3609e-05	9.1689e-01	8.2992e-02	1.1281e-04	1.1458e-06	1.1755e-36	1.1755e-36	8.3142e-22	0.00e+00	0.00e+00	2.1315e+02
7.45689e+19	5.4214e+03	2.195e-21	7.7426e+01	9.8257e+00	3.1073e-10	9.0128e-01	9.8723e-02	6.7760e-01	3.2136e-01	1.0340e-03	7.9190e-14	1.9953e-05	9.6630e-01	3.3661e-02	1.3573e-05	9.2025e-01	7.9635e-02	1.1142e-04	1.0971e-06	1.1755e-36	1.1755e-36	8.2228e-22	0.00e+00	0.00e+00	2.1506e+02
7.45732e+19	5.2677e+03	2.074e-21	7.7426e+01	9.4425e+00	3.4717e-10	9.0508e-01	9.4918e-02	6.9105e-01	3.0793e-01	1.0203e-03	8.1378e-14	1.9305e-05	9.6706e-01	3.2908e-02	1.3546e-05	9.2347e-01	7.6420e-02	1.1035e-04	1.0507e-06	1.1755e-36	1.1755e-36	8.1707e-22	0.00e+00	0.00e+00	2.1696e+02
7.45774e+19	5.1082e+03	1.962e-21	7.7426e+01	9.0733e+00	3.8677e-10	9.0871e-01	9.1290e-02	7.0425e-01	2.9475e-01	1.0044e-03	8.3588e-14	1.8684e-05	9.6771e-01	3.2255e-02	1.3529e-05	9.2654e-01	7.3353e-02	1.0963e-04	1.0070e-06	1.1755e-36	1.1755e-36	8.1587e-22	0.00e+00	0.00e+00	2.1883e+02
7.45816e+19	4.9525e+03	1.860e-21	7.7426e+01	8.7280e+00	4.2492e-10	9.1209e-01	8.7910e-02	7.1691e-01	2.8211e-01	9.8717e-04	8.5709e-14	1.8106e-05	9.6837e-01	3.1598e-02	1.3518e-05	9.2939e-01	7.0499e-02	1.0917e-04	9.6658e-07	1.1755e-36	1.1755e-36	8.0897e-22	0.00e+00	0.00e+00	2.2064e+02
7.45855e+19	4.7968e+03	1.768e-21	7.7426e+01	8.4085e+00	4.5958e-10	9.1518e-01	8.4819e-02	7.2898e-01	2.7005e-01	9.6786e-04	8.7593e-14	1.7583e-05	9.6918e-01	3.0787e-02	1.3515e-05	9.3200e-01	6.7886e-02	1.0900e-04	9.2994e-07	1.1755e-36	1.1755e-36	7.8365e-22	0.00e+00	0.00e+00	2.2237e+02
7.45893e+19	4.6483e+03	1.687e-21	7.7426e+01	8.1205e+00	4.8973e-10	9.1794e-01	8.2056e-02	7.4018e-01	2.5887e-01	9.4772e-04	8.9310e-14	1.7118e-05	9.6991e-01	3.0063e-02	1.3518e-05	9.3434e-01	6.5549e-02	1.0905e-04	8.9745e-07	1.1755e-36	1.1755e-36	7.5630e-22	0.00e+00	0.00e+00	2.2398e+02
7.45927e+19	4.5025e+03	1.615e-21	7.7426e+01	7.8601e+00	5.1571e-10	9.2040e-01	7.9601e-02	7.5064e-01	2.4844e-01	9.2624e-04	9.0840e-14	1.6709e-05	9.7056e-01	2.9406e-02	1.3529e-05	9.3642e-01	6.3466e-02	1.0931e-04	8.6879e-07	1.1755e-36	1.1755e-36	7.2689e-22	0.00e+00	0.00e+00	2.2549e+02
7.45960e+19	4.3722e+03	1.552e-21	7.7426e+01	7.6312e+00	5.3459e-10	9.2259e-01	7.7414e-02	7.6022e-01	2.3887e-01	9.0505e-04	9.2216e-14	1.6355e-05	9.7114e-01	2.8826e-02	1.3542e-05	9.3827e-01	6.1615e-02	1.0961e-04	8.4343e-07	1.1755e-36	1.1755e-36	6.9718e-22	0.00e+00	0.00e+00	2.2690e+02
7.45991e+19	4.2383e+03	1.493e-21	7.7426e+01	7.4078e+00	5.4962e-10	9.2462e-01	7.5382e-02	7.6942e-01	2.2969e-01	8.8358e-04	9.3530e-14	1.6018e-05	9.7169e-01	2.8282e-02	1.3561e-05	9.4000e-01	5.9886e-02	1.1009e-04	8.1997e-07	1.1755e-36	1.1755e-36	6.6435e-22	0.00e+00	0.00e+00	2.2831e+02
7.46022e+19	4.1172e+03	1.439e-21	7.7426e+01	7.1994e+00	5.5832e-10	9.2659e-01	7.3410e-02	7.7803e-01	2.2110e-01	8.6346e-04	9.4830e-14	1.5704e-05	9.7218e-01	2.7795e-02	1.3578e-05	9.4167e-01	5.8217e-02	1.1052e-04	7.9729e-07	1.1755e-36	1.1755e-36	6.3169e-22	0.00e+00	0.00e+00	2.2966e+02
7.46052e+19	3.9910e+03	1.387e-21	7.7426e+01	6.9956e+00	5.6353e-10	9.2851e-01	7.1494e-02	7.8650e-01	2.1266e-01	8.4212e-04	9.6086e-14	1.5409e-05	9.7265e-01	2.7325e-02	1.3601e-05	9.4330e-01	5.6590e-02	1.1110e-04	7.7539e-07	1.1755e-36	1.1755e-36	5.9735e-22	0.00e+00	0.00e+00	2.3104e+02
###########################
4.84294e+15	1.4976e+04	4.368e-20	7.7426e+01	9.0815e+01	1.1658e-19	1.4114e-04	9.9986e-01	2.1986e-06	1.4651e-02	9.8535e-01	1.4188e-30	5.2221e-10	4.9209e-05	1.6119e-02	1.5909e-01	6.0521e-10	1.2197e-05	1.0667e-02	3.5998e-01	4.6653e-01	1.4573e-01	1.1755e-36	0.00e+00	0.00e+00	6.6814e-04
2.90576e+16	1.4934e+04	4.362e-20	7.7426e+01	9.0813e+01	1.0559e-19	1.4111e-04	9.9986e-01	2.1947e-06	1.4662e-02	9.8534e-01	1.2931e-30	3.6516e-10	4.9214e-05	1.6135e-02	1.5978e-01	6.0679e-10	1.2233e-05	1.0734e-02	3.6094e-01	4.6646e-01	1.4497e-01	1.1755e-36	0.00e+00	0.00e+00	3.3403e-03
1.25916e+17	1.4848e+04	4.348e-20	7.7426e+01	9.0812e+01	1.1020e-19	1.4093e-04	9.9986e-01	2.2088e-06	1.4731e-02	9.8527e-01	1.3481e-30	3.8413e-10	4.9689e-05	1.6340e-02	1.6175e-01	6.1188e-10	1.2358e-05	1.0960e-02	3.6377e-01	4.6542e-01	1.4342e-01	1.1755e-36	0.00e+00	0.00e+00	1.4015e-02
5.13351e+17	1.4636e+04	4.320e-20	7.7426e+01	9.0809e+01	1.1493e-19	1.4023e-04	9.9986e-01	2.2463e-06	1.5073e-02	9.8493e-01	1.4364e-30	4.1251e-10	5.1514e-05	1.7167e-02	1.6824e-01	6.2538e-10	1.2728e-05	1.1791e-02	3.7332e-01	4.6097e-01	1.3861e-01	1.1755e-36	0.00e+00	0.00e+00	5.6500e-02
1.22623e+18	1.4076e+04	4.207e-20	7.7426e+01	9.0807e+01	1.1538e-19	1.3486e-04	9.9987e-01	2.2069e-06	1.5052e-02	9.8495e-01	1.3404e-30	3.7686e-10	5.2637e-05	1.8092e-02	1.7909e-01	6.1126e-10	1.2912e-05	1.3081e-02	3.8869e-01	4.5286e-01	1.3155e-01	1.1755e-36	0.00e+00	0.00e+00	1.0962e-01
1.93293e+18	1.3572e+04	4.113e-20	7.7426e+01	9.0806e+01	1.1461e-19	1.2893e-04	9.9987e-01	2.1493e-06	1.4997e-02	9.8500e-01	1.1959e-30	3.4872e-10	5.3194e-05	1.8931e-02	1.8880e-01	5.8121e-10	1.2827e-05	1.4221e-02	4.0213e-01	4.4545e-01	1.2554e-01	1.1755e-36	0.00e+00	0.00e+00	1.4790e-01
2.48214e+18	1.3281e+04	4.067e-20	7.7426e+01	9.0804e+01	1.1386e-19	1.2554e-04	9.9987e-01	2.1413e-06	1.5178e-02	9.8482e-01	1.1435e-30	3.4575e-10	5.4341e-05	1.9775e-02	1.9614e-01	5.7260e-10	1.2975e-05	1.5187e-02	4.1252e-01	4.3960e-01	1.2085e-01	1.1755e-36	0.00e+00	0.00e+00	1.7802e-01
3.04667e+18	1.3040e+04	4.051e-20	7.7426e+01	9.0799e+01	1.1556e-19	1.2419e-04	9.9988e-01	2.2014e-06	1.5702e-02	9.8430e-01	1.2077e-30	3.6530e-10	5.7149e-05	2.1035e-02	2.0451e-01	5.9552e-10	1.3644e-05	1.6456e-02	4.2446e-01	4.3269e-01	1.1540e-01	1.1755e-36	0.00e+00	0.00e+00	2.1676e-01
3.78055e+18	1.2771e+04	4.036e-20	7.7426e+01	9.0792e+01	1.1995e-19	1.2275e-04	9.9988e-01	2.3046e-06	1.6532e-02	9.8347e-01	1.3531e-30	4.0261e-10	6.1535e-05	2.2909e-02	2.1588e-01	6.3638e-10	1.4741e-05	1.8317e-02	4.4023e-01	4.2309e-01	1.0840e-01	1.1755e-36	0.00e+00	0.00e+00	2.6653e-01
4.73459e+18	1.2458e+04	4.031e-20	7.7426e+01	9.0781e+01	1.2526e-19	1.2138e-04	9.9988e-01	2.4817e-06	1.7904e-02	9.8209e-01	1.6085e-30	4.7056e-10	6.8500e-05	2.5811e-02	2.3180e-01	7.0608e-10	1.6529e-05	2.1188e-02	4.6134e-01	4.0932e-01	9.9411e-02	1.1755e-36	0.00e+00	0.00e+00	3.3051e-01
5.78451e+18	1.2128e+04	4.036e-20	7.7426e+01	9.0766e+01	1.3100e-19	1.1913e-04	9.9988e-01	2.7042e-06	1.9748e-02	9.8025e-01	1.9138e-30	5.6472e-10	7.6974e-05	2.9560e-02	2.5057e-01	7.8264e-10	1.8673e-05	2.4970e-02	4.8442e-01	3.9290e-01	9.0133e-02	1.1755e-36	0.00e+00	0.00e+00	3.8998e-01
6.72037e+18	1.1887e+04	4.049e-20	7.7426e+01	9.0749e+01	1.3433e-19	1.1717e-04	9.9988e-01	2.9755e-06	2.1927e-02	9.7807e-01	2.2971e-30	6.8442e-10	8.6380e-05	3.3637e-02	2.6885e-01	8.7733e-10	2.1253e-05	2.9230e-02	5.0528e-01	3.7676e-01	8.2074e-02	1.1755e-36	0.00e+00	0.00e+00	4.3868e-01
7.51933e+18	1.1724e+04	4.073e-20	7.7426e+01	9.0730e+01	1.3771e-19	1.1595e-04	9.9988e-01	3.2919e-06	2.4404e-02	9.7559e-01	2.8058e-30	8.3066e-10	9.6462e-05	3.7915e-02	2.8630e-01	9.9088e-10	2.4219e-05	3.3903e-02	5.2371e-01	3.6133e-01	7.5131e-02	1.1755e-36	0.00e+00	0.00e+00	4.8104e-01
8.24642e+18	1.1592e+04	4.103e-20	7.7426e+01	9.0714e+01	1.4130e-19	1.1530e-04	9.9988e-01	3.6938e-06	2.7352e-02	9.7264e-01	3.5526e-30	1.0230e-09	1.0843e-04	4.2681e-02	3.0420e-01	1.1453e-09	2.8056e-05	3.9347e-02	5.4107e-01	3.4557e-01	6.8714e-02	1.1755e-36	0.00e+00	0.00e+00	5.2086e-01
8.93392e+18	1.1534e+04	4.130e-20	7.7426e+01	9.0683e+01	1.4320e-19	1.1464e-04	9.9989e-01	4.1618e-06	3.0856e-02	9.6914e-01	4.5193e-30	1.2613e-09	1.2125e-04	4.7848e-02	3.2257e-01	1.3290e-09	3.2600e-05	4.5807e-02	5.5729e-01	3.2948e-01	6.2689e-02	1.1755e-36	0.00e+00	0.00e+00	5.5832e-01
9.57635e+18	1.1483e+04	4.169e-20	7.7426e+01	9.0653e+01	1.4478e-19	1.1416e-04	9.9989e-01	4.7443e-06	3.5131e-02	9.6486e-01	5.8310e-30	1.5662e-09	1.3595e-04	5.3637e-02	3.4190e-01	1.5604e-09	3.8255e-05	5.3567e-02	5.7241e-01	3.1276e-01	5.7023e-02	1.1755e-36	0.00e+00	0.00e+00	5.9271e-01
1.01612e+19	1.1476e+04	4.208e-20	7.7426e+01	9.0618e+01	1.4446e-19	1.1361e-04	9.9989e-01	5.4291e-06	4.0154e-02	9.5984e-01	7.5036e-30	1.9345e-09	1.5153e-04	5.9725e-02	3.6132e-01	1.8371e-09	4.4994e-05	6.2607e-02	5.8559e-01	2.9613e-01	5.1852e-02	1.1755e-36	0.00e+00	0.00e+00	6.2343e-01
1.06855e+19	1.1498e+04	4.251e-20	7.7426e+01	9.0577e+01	1.4401e-19	1.1309e-04	9.9989e-01	6.2261e-06	4.5982e-02	9.5401e-01	9.6728e-30	2.3701e-09	1.6777e-04	6.6012e-02	3.8067e-01	2.1639e-09	5.2906e-05	7.2990e-02	5.9665e-01	2.7974e-01	4.7162e-02	1.2216e-36	0.00e+00	0.00e+00	6.5082e-01
1.11583e+19	1.1544e+04	4.296e-20	7.7426e+01	9.0531e+01	1.4130e-19	1.1261e-04	9.9989e-01	7.1567e-06	5.2762e-02	9.4723e-01	1.2324e-29	2.8808e-09	1.8466e-04	7.2470e-02	4.0004e-01	2.5513e-09	6.2223e-05	8.4933e-02	6.0556e-01	2.6351e-01	4.2863e-02	1.4100e-36	0.00e+00	0.00e+00	6.7559e-01
1.15895e+19	1.1610e+04	4.345e-20	7.7426e+01	9.0482e+01	1.3789e-19	1.1213e-04	9.9989e-01	8.2601e-06	6.0737e-02	9.3926e-01	1.5709e-29	3.4785e-09	2.0238e-04	7.9120e-02	4.1959e-01	3.0184e-09	7.3369e-05	9.8781e-02	6.1224e-01	2.4727e-01	3.8865e-02	1.6352e-36	0.00e+00	0.00e+00	6.9819e-01
1.19843e+19	1.1695e+04	4.397e-20	7.7426e+01	9.0420e+01	1.3503e-19	1.1164e-04	9.9989e-01	9.5588e-06	7.0151e-02	9.2984e-01	2.0070e-29	4.1680e-09	2.2050e-04	8.5905e-02	4.3934e-01	3.5693e-09	8.6487e-05	1.1485e-01	6.1644e-01	2.3099e-01	3.5133e-02	1.9311e-36	0.00e+00	0.00e+00	7.1876e-01
1.23444e+19	1.1812e+04	4.451e-20	7.7426e+01	9.0340e+01	1.3062e-19	1.1096e-04	9.9989e-01	1.1052e-05	8.1149e-02	9.1884e-01	2.5199e-29	4.9226e-09	2.3807e-04	9.2599e-02	4.5902e-01	4.1937e-09	1.0148e-04	1.3326e-01	6.1785e-01	2.1486e-01	3.1674e-02	2.2565e-36	0.00e+00	0.00e+00	7.3737e-01
1.26726e+19	1.1896e+04	4.525e-20	7.7426e+01	9.0277e+01	1.2640e-19	1.1005e-04	9.9989e-01	1.2764e-05	9.4263e-02	9.0572e-01	3.0492e-29	5.7097e-09	2.5470e-04	9.9556e-02	4.7916e-01	4.8113e-09	1.1712e-04	1.5453e-01	6.1647e-01	1.9846e-01	2.8398e-02	2.5437e-36	0.00e+00	0.00e+00	7.5422e-01
1.29723e+19	1.2045e+04	4.576e-20	7.7426e+01	9.0140e+01	1.2137e-19	1.0999e-04	9.9989e-01	1.4953e-05	1.0949e-01	8.9050e-01	3.9467e-29	6.7659e-09	2.7504e-04	1.0618e-01	4.9883e-01	5.8389e-09	1.4034e-04	1.7869e-01	6.1154e-01	1.8245e-01	2.5371e-02	3.0385e-36	0.00e+00	0.00e+00	7.6961e-01
1.32460e+19	1.2142e+04	4.651e-20	7.7426e+01	9.0038e+01	1.1732e-19	1.0967e-04	9.9989e-01	1.7497e-05	1.2764e-01	8.7234e-01	4.9173e-29	7.8346e-09	2.9441e-04	1.1305e-01	5.1890e-01	6.8993e-09	1.6507e-04	2.0627e-01	6.0328e-01	1.6618e-01	2.2490e-02	3.5031e-36	0.00e+00	0.00e+00	7.8361e-01
1.34966e+19	1.2245e+04	4.734e-20	7.7426e+01	8.9931e+01	1.1407e-19	1.0895e-04	9.9989e-01	2.0253e-05	1.4874e-01	8.5124e-01	5.8458e-29	8.8196e-09	3.0995e-04	1.1968e-01	5.3875e-01	7.8426e-09	1.8858e-04	2.3707e-01	5.9135e-01	1.5017e-01	1.9806e-02	3.9705e-36	0.00e+00	0.00e+00	7.9638e-01
1.37275e+19	1.2375e+04	4.796e-20	7.7426e+01	8.9742e+01	1.1111e-19	1.0916e-04	9.9989e-01	2.3820e-05	1.7328e-01	8.2669e-01	7.4704e-29	1.0140e-08	3.3058e-04	1.2599e-01	5.5820e-01	9.4490e-09	2.2415e-04	2.7137e-01	5.7532e-01	1.3453e-01	1.7314e-02	4.7641e-36	0.00e+00	0.00e+00	8.0823e-01
1.39418e+19	1.2453e+04	4.873e-20	7.7426e+01	8.9552e+01	1.0948e-19	1.0921e-04	9.9989e-01	2.7859e-05	2.0213e-01	7.9784e-01	9.1538e-29	1.1394e-08	3.4898e-04	1.3238e-01	5.7769e-01	1.1027e-08	2.6009e-04	3.0948e-01	5.5525e-01	1.1897e-01	1.4966e-02	5.5319e-36	0.00e+00	0.00e+00	8.1925e-01
1.41417e+19	1.2558e+04	4.937e-20	7.7426e+01	8.9373e+01	1.0720e-19	1.0907e-04	9.9989e-01	3.2446e-05	2.3516e-01	7.6481e-01	1.1034e-28	1.2645e-08	3.6590e-04	1.3838e-01	5.9658e-01	1.2732e-08	2.9914e-04	3.5079e-01	5.3118e-01	1.0401e-01	1.2801e-02	6.3858e-36	0.00e+00	0.00e+00	8.2956e-01
1.43288e+19	1.2616e+04	4.993e-20	7.7426e+01	8.9054e+01	1.0570e-19	1.0931e-04	9.9989e-01	3.7663e-05	2.7282e-01	7.2714e-01	1.3098e-28	1.3889e-08	3.8207e-04	1.4404e-01	6.1502e-01	1.4632e-08	3.4181e-04	3.9491e-01	5.0339e-01	8.9742e-02	1.0840e-02	7.1952e-36	0.00e+00	0.00e+00	8.3922e-01
1.45056e+19	1.2651e+04	5.036e-20	7.7426e+01	8.8760e+01	1.0587e-19	1.0975e-04	9.9989e-01	4.3628e-05	3.1531e-01	6.8465e-01	1.5570e-28	1.5151e-08	3.9835e-04	1.4956e-01	6.3277e-01	1.6739e-08	3.8834e-04	4.4153e-01	4.7214e-01	7.6242e-02	9.0528e-03	8.2152e-36	0.00e+00	0.00e+00	8.4849e-01
1.46747e+19	1.2657e+04	5.061e-20	7.7426e+01	8.8449e+01	1.0579e-19	1.1043e-04	9.9989e-01	5.0328e-05	3.6254e-01	6.3741e-01	1.8139e-28	1.6385e-08	4.1404e-04	1.5483e-01	6.4970e-01	1.8998e-08	4.3738e-04	4.8989e-01	4.3796e-01	6.3722e-02	7.4562e-03	9.0836e-36	0.00e+00	0.00e+00	8.5742e-01
1.48375e+19	1.2634e+04	5.058e-20	7.7426e+01	8.8112e+01	1.0813e-19	1.1138e-04	9.9989e-01	5.7701e-05	4.1371e-01	5.8623e-01	2.1191e-28	1.7607e-08	4.2940e-04	1.5980e-01	6.6553e-01	2.1426e-08	4.8878e-04	5.3880e-01	4.0180e-01	5.2419e-02	6.0633e-03	1.0254e-35	0.00e+00	0.00e+00	8.6614e-01
1.49966e+19	1.2566e+04	5.028e-20	7.7426e+01	8.7751e+01	1.1242e-19	1.1266e-04	9.9989e-01	6.5669e-05	4.6809e-01	5.3184e-01	2.4618e-28	1.8793e-08	4.4460e-04	1.6457e-01	6.8015e-01	2.3987e-08	5.4143e-04	5.8736e-01	3.6448e-01	4.2407e-02	4.8680e-03	1.1565e-35	0.00e+00	0.00e+00	8.7483e-01
1.51782e+19	1.2438e+04	4.949e-20	7.7426e+01	8.7325e+01	1.1926e-19	1.1463e-04	9.9989e-01	7.5428e-05	5.3255e-01	4.6737e-01	2.9056e-28	2.0167e-08	4.6267e-04	1.6988e-01	6.9528e-01	2.7145e-08	6.0347e-04	6.4148e-01	3.2140e-01	3.2546e-02	3.7214e-03	1.3137e-35	0.00e+00	0.00e+00	8.8634e-01
1.53710e+19	1.2261e+04	4.829e-20	7.7426e+01	8.6870e+01	1.2950e-19	1.1692e-04	9.9988e-01	8.5993e-05	6.0102e-01	3.9889e-01	3.4117e-28	2.1522e-08	4.8062e-04	1.7506e-01	7.0894e-01	3.0437e-08	6.6602e-04	6.9474e-01	2.7740e-01	2.4230e-02	2.7826e-03	1.5003e-35	0.00e+00	0.00e+00	8.9664e-01
1.55359e+19	1.2076e+04	4.696e-20	7.7426e+01	8.6495e+01	1.4094e-19	1.1914e-04	9.9988e-01	9.4862e-05	6.5643e-01	3.4347e-01	3.8820e-28	2.2654e-08	4.9606e-04	1.7928e-01	7.1859e-01	3.3234e-08	7.1664e-04	7.3561e-01	2.4266e-01	1.8703e-02	2.1687e-03	1.6719e-35	0.00e+00	0.00e+00	9.0534e-01
1.57077e+19	1.1852e+04	4.535e-20	7.7426e+01	8.6147e+01	1.5648e-19	1.2186e-04	9.9988e-01	1.0376e-04	7.0847e-01	2.9143e-01	4.4516e-28	2.3902e-08	5.1359e-04	1.8367e-01	7.2657e-01	3.6238e-08	7.6759e-04	7.7305e-01	2.1012e-01	1.4284e-02	1.6792e-03	1.8799e-35	0.00e+00	0.00e+00	9.1691e-01
1.59310e+19	1.1551e+04	4.321e-20	7.7426e+01	8.5770e+01	1.8054e-19	1.2554e-04	9.9987e-01	1.1420e-04	7.6559e-01	2.3429e-01	5.2384e-28	2.5505e-08	5.3640e-04	1.8909e-01	7.3397e-01	3.9935e-08	8.2647e-04	8.1298e-01	1.7459e-01	1.0294e-02	1.2350e-03	2.1616e-35	0.00e+00	0.00e+00	9.3240e-01
1.61640e+19	1.1257e+04	4.114e-20	7.7426e+01	8.5453e+01	2.0781e-19	1.2908e-04	9.9987e-01	1.2332e-04	8.1278e-01	1.8709e-01	6.0216e-28	2.7026e-08	5.5815e-04	1.9417e-01	7.3896e-01	4.3258e-08	8.7657e-04	8.4508e-01	1.4542e-01	7.6392e-03	9.3331e-04	2.4311e-35	0.00e+00	0.00e+00	9.4587e-01
1.63545e+19	1.1033e+04	3.962e-20	7.7426e+01	8.5246e+01	2.3200e-19	1.3184e-04	9.9987e-01	1.2960e-04	8.4292e-01	1.5695e-01	6.6556e-28	2.8209e-08	5.7513e-04	1.9802e-01	7.4147e-01	4.5693e-08	9.1122e-04	8.6552e-01	1.2656e-01	6.2016e-03	7.6369e-04	2.6440e-35	0.00e+00	0.00e+00	9.5666e-01
1.65470e+19	1.0832e+04	3.816e-20	7.7426e+01	8.5079e+01	2.5541e-19	1.3461e-04	9.9987e-01	1.3523e-04	8.6780e-01	1.3206e-01	7.2846e-28	2.9414e-08	5.9220e-04	2.0170e-01	7.4310e-01	4.8101e-08	9.4371e-04	8.8290e-01	1.1034e-01	5.1460e-03	6.3247e-04	2.8211e-35	0.00e+00	0.00e+00	9.7098e-01
1.67974e+19	1.0570e+04	3.658e-20	7.7426e+01	8.4912e+01	2.9351e-19	1.3829e-04	9.9986e-01	1.4169e-04	8.9313e-01	1.0673e-01	8.2123e-28	3.1014e-08	6.1508e-04	2.0648e-01	7.4386e-01	5.1093e-08	9.8150e-04	9.0075e-01	9.3516e-02	4.2146e-03	5.0956e-04	3.1165e-35	0.00e+00	0.00e+00	9.9010e-01
1.71099e+19	1.0318e+04	3.495e-20	7.7426e+01	8.4760e+01	3.3656e-19	1.4220e-04	9.9986e-01	1.4800e-04	9.1608e-01	8.3776e-02	9.2242e-28	3.2764e-08	6.3944e-04	2.1148e-01	7.4397e-01	5.4228e-08	1.0190e-03	9.1728e-01	7.7785e-02	3.4935e-03	4.0542e-04	3.4116e-35	0.00e+00	0.00e+00	1.0139e+00
1.74912e+19	1.0063e+04	3.342e-20	7.7426e+01	8.4626e+01	3.8987e-19	1.4654e-04	9.9985e-01	1.5410e-04	9.3562e-01	6.4224e-02	1.0409e-27	3.4720e-08	6.6636e-04	2.1686e-01	7.4315e-01	5.7573e-08	1.0562e-03	9.3183e-01	6.3816e-02	2.9667e-03	3.2045e-04	3.7535e-35	0.00e+00	0.00e+00	1.0440e+00
1.79510e+19	9.8349e+03	3.204e-20	7.7426e+01	8.4521e+01	4.5089e-19	1.5103e-04	9.9985e-01	1.5960e-04	9.5132e-01	4.8522e-02	1.1713e-27	3.6730e-08	6.9355e-04	2.2222e-01	7.4171e-01	6.0893e-08	1.0902e-03	9.4398e-01	5.2059e-02	2.6015e-03	2.5355e-04	4.1521e-35	0.00e+00	0.00e+00	1.0808e+00
1.85226e+19	9.6258e+03	3.081e-20	7.7426e+01	8.4438e+01	5.1874e-19	1.5600e-04	9.9984e-01	1.6478e-04	9.6396e-01	3.5876e-02	1.3144e-27	3.8924e-08	7.2253e-04	2.2779e-01	7.3961e-01	6.4412e-08	1.1228e-03	9.5432e-01	4.2003e-02	2.3408e-03	1.9916e-04	4.5577e-35	0.00e+00	0.00e+00	1.1300e+00
1.92638e+19	9.4397e+03	2.974e-20	7.7426e+01	8.4369e+01	5.9639e-19	1.6170e-04	9.9984e-01	1.6972e-04	9.7405e-01	2.5777e-02	1.4789e-27	4.1389e-08	7.5383e-04	2.3365e-01	7.3689e-01	6.8277e-08	1.1546e-03	9.6310e-01	3.3432e-02	2.1506e-03	1.5457e-04	5.0232e-35	0.00e+00	0.00e+00	1.1962e+00
2.02273e+19	9.2872e+03	2.886e-20	7.7426e+01	8.4316e+01	6.8428e-19	1.6837e-04	9.9983e-01	1.7437e-04	9.8174e-01	1.8090e-02	1.6709e-27	4.4163e-08	7.8743e-04	2.3981e-01	7.3357e-01	7.2563e-08	1.1846e-03	9.7023e-01	2.6446e-02	2.0097e-03	1.1915e-04	5.5878e-35	0.00e+00	0.00e+00	1.2858e+00
2.14800e+19	9.1775e+03	2.821e-20	7.7426e+01	8.4277e+01	7.7922e-19	1.7652e-04	9.9982e-01	1.7878e-04	9.8734e-01	1.2483e-02	1.8954e-27	4.7369e-08	8.2393e-04	2.4632e-01	7.2965e-01	7.7516e-08	1.2131e-03	9.7585e-01	2.0944e-02	1.8988e-03	9.1700e-05	6.2505e-35	0.00e+00	0.00e+00	1.4080e+00
2.31083e+19	9.1157e+03	2.782e-20	7.7426e+01	8.4248e+01	8.9067e-19	1.8704e-04	9.9981e-01	1.8324e-04	9.9129e-01	8.5309e-03	2.1897e-27	5.1231e-08	8.6502e-04	2.5338e-01	7.2502e-01	8.3602e-08	1.2406e-03	9.8018e-01	1.6700e-02	1.8024e-03	7.0669e-05	7.2171e-35	0.00e+00	0.00e+00	1.5763e+00
2.52252e+19	9.1121e+03	2.772e-20	7.7426e+01	8.4228e+01	1.0285e-18	2.0145e-04	9.9980e-01	1.8812e-04	9.9399e-01	5.8215e-03	2.6124e-27	5.6182e-08	9.1385e-04	2.6134e-01	7.1937e-01	9.1699e-08	1.2688e-03	9.8350e-01	1.3466e-02	1.7097e-03	5.4604e-05	8.7542e-35	0.00e+00	0.00e+00	1.8119e+00
2.77428e+19	9.1911e+03	2.790e-20	7.7426e+01	8.4215e+01	1.1754e-18	2.2019e-04	9.9978e-01	1.9304e-04	9.9567e-01	4.1326e-03	3.1629e-27	6.1993e-08	9.6626e-04	2.6944e-01	7.1332e-01	1.0199e-07	1.2954e-03	9.8580e-01	1.1228e-02	1.6245e-03	4.3322e-05	1.0926e-34	0.00e+00	0.00e+00	2.0962e+00
3.05171e+19	9.3000e+03	2.843e-20	7.7426e+01	8.4206e+01	1.3748e-18	2.4516e-04	9.9975e-01	1.9884e-04	9.9672e-01	3.0812e-03	4.0050e-27	6.9410e-08	1.0303e-03	2.7850e-01	7.0606e-01	1.1613e-07	1.3269e-03	9.8746e-01	9.6302e-03	1.5421e-03	3.5153e-05	1.4409e-34	0.00e+00	0.00e+00	2.4445e+00
3.35688e+19	9.4783e+03	2.924e-20	7.7426e+01	8.4198e+01	1.6430e-18	2.7831e-04	9.9972e-01	2.0627e-04	9.9740e-01	2.3905e-03	5.3614e-27	7.8680e-08	1.1065e-03	2.8822e-01	6.9794e-01	1.3585e-07	1.3629e-03	9.8873e-01	8.4071e-03	1.4634e-03	2.8854e-05	2.0637e-34	0.00e+00	0.00e+00	2.8793e+00
3.69257e+19	9.7270e+03	3.033e-20	7.7426e+01	8.4191e+01	2.0162e-18	3.2368e-04	9.9968e-01	2.1544e-04	9.9787e-01	1.9130e-03	7.7136e-27	9.0766e-08	1.2027e-03	2.9919e-01	6.8840e-01	1.6519e-07	1.4089e-03	9.8977e-01	7.4112e-03	1.3868e-03	2.3729e-05	3.2363e-34	0.00e+00	0.00e+00	3.4357e+00
4.03020e+19	9.9899e+03	3.179e-20	7.7426e+01	8.4183e+01	2.5816e-18	3.8402e-04	9.9962e-01	2.2721e-04	9.9818e-01	1.5950e-03	1.1876e-26	1.0601e-07	1.3229e-03	3.1144e-01	6.7731e-01	2.0855e-07	1.4699e-03	9.9054e-01	6.6503e-03	1.3184e-03	1.9810e-05	5.4991e-34	0.00e+00	0.00e+00	4.0430e+00
4.33990e+19	1.0270e+04	3.330e-20	7.7426e+01	8.4176e+01	3.5750e-18	4.5582e-04	9.9954e-01	2.4082e-04	9.9837e-01	1.3864e-03	1.9979e-26	1.2365e-07	1.4617e-03	3.2399e-01	6.6565e-01	2.6778e-07	1.5427e-03	9.9111e-01	6.0623e-03	1.2617e-03	1.6849e-05	1.1158e-33	0.00e+00	0.00e+00	4.7020e+00
4.61702e+19	1.0551e+04	3.476e-20	7.7426e+01	8.4168e+01	4.8345e-18	5.3789e-04	9.9946e-01	2.5600e-04	9.9850e-01	1.2435e-03	3.3569e-26	1.4351e-07	1.6186e-03	3.3671e-01	6.5360e-01	3.4648e-07	1.6278e-03	9.9154e-01	5.5974e-03	1.2157e-03	1.4570e-05	2.1940e-33	0.00e+00	0.00e+00	5.3815e+00
4.85781e+19	1.0767e+04	3.620e-20	7.7426e+01	8.4160e+01	6.4994e-18	6.2951e-04	9.9937e-01	2.7289e-04	9.9859e-01	1.1387e-03	5.6138e-26	1.6618e-07	1.7994e-03	3.5021e-01	6.4060e-01	4.4905e-07	1.7284e-03	9.9187e-01	5.2118e-03	1.1760e-03	1.2765e-05	4.1532e-33	0.00e+00	0.00e+00	6.0680e+00
5.06583e+19	1.0971e+04	3.747e-20	7.7426e+01	8.4152e+01	8.4276e-18	7.2709e-04	9.9927e-01	2.9116e-04	9.9865e-01	1.0619e-03	9.1076e-26	1.9062e-07	1.9951e-03	3.6351e-01	6.2766e-01	5.7681e-07	1.8389e-03	9.9211e-01	4.8910e-03	1.1437e-03	1.1326e-05	7.3894e-33	0.00e+00	0.00e+00	6.7536e+00
5.25006e+19	1.1149e+04	3.864e-20	7.7426e+01	8.4142e+01	1.0781e-17	8.3222e-04	9.9917e-01	3.1105e-04	9.9869e-01	1.0012e-03	1.4602e-25	2.1768e-07	2.2121e-03	3.7714e-01	6.1429e-01	7.3709e-07	1.9623e-03	9.9230e-01	4.6048e-03	1.1156e-03	1.0113e-05	1.2778e-32	0.00e+00	0.00e+00	7.4675e+00
5.42022e+19	1.1314e+04	3.975e-20	7.7426e+01	8.4132e+01	1.3713e-17	9.4962e-04	9.9905e-01	3.3324e-04	9.9872e-01	9.4956e-04	2.3490e-25	2.4873e-07	2.4611e-03	3.9157e-01	6.0005e-01	9.4539e-07	2.1049e-03	9.9246e-01	4.3367e-03	1.0901e-03	9.0384e-06	2.1871e-32	0.00e+00	0.00e+00	8.2324e+00
5.57949e+19	1.1464e+04	4.085e-20	7.7426e+01	8.4122e+01	1.7529e-17	1.0832e-03	9.9892e-01	3.5812e-04	9.9874e-01	9.0445e-04	3.8346e-25	2.8494e-07	2.7507e-03	4.0704e-01	5.8469e-01	1.2214e-06	2.2722e-03	9.9257e-01	4.0822e-03	1.0666e-03	8.0703e-06	3.7798e-32	0.00e+00	0.00e+00	9.0463e+00
5.72668e+19	1.1608e+04	4.191e-20	7.7426e+01	8.4110e+01	2.2229e-17	1.2332e-03	9.9877e-01	3.8604e-04	9.9875e-01	8.6598e-04	6.2762e-25	3.2671e-07	3.0835e-03	4.2326e-01	5.6851e-01	1.5858e-06	2.4679e-03	9.9263e-01	3.8435e-03	1.0456e-03	7.2078e-06	6.4607e-32	0.00e+00	0.00e+00	9.8940e+00
5.86093e+19	1.1747e+04	4.291e-20	7.7426e+01	8.4094e+01	2.7924e-17	1.3991e-03	9.9860e-01	4.1721e-04	9.9875e-01	8.3366e-04	1.0239e-24	3.7411e-07	3.4603e-03	4.4003e-01	5.5170e-01	2.0602e-06	2.6933e-03	9.9265e-01	3.6205e-03	1.0271e-03	6.4445e-06	1.0888e-31	0.00e+00	0.00e+00	1.0768e+01
5.98376e+19	1.1851e+04	4.393e-20	7.7426e+01	8.4084e+01	3.5288e-17	1.5832e-03	9.9842e-01	4.5091e-04	9.9874e-01	8.0539e-04	1.6755e-24	4.2834e-07	3.8899e-03	4.5766e-01	5.3395e-01	2.6760e-06	2.9524e-03	9.9262e-01	3.4070e-03	1.0092e-03	5.7563e-06	1.8341e-31	0.00e+00	0.00e+00	1.1680e+01
6.09755e+19	1.1993e+04	4.482e-20	7.7426e+01	8.4061e+01	4.3828e-17	1.7863e-03	9.9821e-01	4.8887e-04	9.9873e-01	7.8115e-04	2.7402e-24	4.9026e-07	4.3760e-03	4.7565e-01	5.1577e-01	3.4848e-06	3.2526e-03	9.9254e-01	3.2058e-03	9.9468e-04	5.1430e-06	3.0687e-31	0.00e+00	0.00e+00	1.2638e+01
6.20440e+19	1.2093e+04	4.577e-20	7.7426e+01	8.4044e+01	5.5154e-17	2.0185e-03	9.9798e-01	5.3106e-04	9.9871e-01	7.5794e-04	4.5498e-24	5.6343e-07	4.9474e-03	4.9506e-01	4.9608e-01	4.5716e-06	3.6103e-03	9.9239e-01	3.0054e-03	9.7961e-04	4.5704e-06	5.1829e-31	0.00e+00	0.00e+00	1.3664e+01
6.30457e+19	1.2190e+04	4.672e-20	7.7426e+01	8.4025e+01	6.9489e-17	2.2818e-03	9.9772e-01	5.7873e-04	9.9868e-01	7.3649e-04	7.6382e-24	6.4893e-07	5.6121e-03	5.1546e-01	4.7529e-01	6.0391e-06	4.0365e-03	9.9218e-01	2.8108e-03	9.6556e-04	4.0470e-06	8.8118e-31	0.00e+00	0.00e+00	1.4739e+01
6.39712e+19	1.2285e+04	4.761e-20	7.7426e+01	8.4002e+01	8.7172e-17	2.5751e-03	9.9742e-01	6.3196e-04	9.9865e-01	7.1817e-04	1.2852e-23	7.4758e-07	6.3744e-03	5.3649e-01	4.5376e-01	7.9993e-06	4.5391e-03	9.9187e-01	2.6252e-03	9.5273e-04	3.5775e-06	1.4941e-30	0.00e+00	0.00e+00	1.5855e+01
6.48269e+19	1.2363e+04	4.849e-20	7.7426e+01	8.3981e+01	1.0939e-16	2.9009e-03	9.9710e-01	6.9131e-04	9.9861e-01	7.0233e-04	2.1662e-23	8.6178e-07	7.2485e-03	5.5816e-01	4.3145e-01	1.0609e-05	5.1306e-03	9.9147e-01	2.4474e-03	9.4022e-04	3.1557e-06	2.5269e-30	0.00e+00	0.00e+00	1.7024e+01
6.56179e+19	1.2440e+04	4.931e-20	7.7426e+01	8.3954e+01	1.3694e-16	3.2653e-03	9.9673e-01	7.5767e-04	9.9855e-01	6.8745e-04	3.6665e-23	9.9394e-07	8.2534e-03	5.8032e-01	4.0851e-01	1.4123e-05	5.8338e-03	9.9094e-01	2.2769e-03	9.2862e-04	2.7768e-06	4.2750e-30	0.00e+00	0.00e+00	1.8233e+01
6.63360e+19	1.2511e+04	5.008e-20	7.7426e+01	8.3924e+01	1.7054e-16	3.6638e-03	9.9634e-01	8.3058e-04	9.9849e-01	6.7497e-04	6.1668e-23	1.1435e-06	9.3833e-03	6.0241e-01	3.8551e-01	1.8757e-05	6.6547e-03	9.9029e-01	2.1176e-03	9.1786e-04	2.4444e-06	7.1687e-30	0.00e+00	0.00e+00	1.9448e+01
6.69791e+19	1.2571e+04	5.078e-20	7.7426e+01	8.3890e+01	2.1068e-16	4.0908e-03	9.9591e-01	9.0935e-04	9.9843e-01	6.6560e-04	1.0212e-22	1.3092e-06	1.0629e-02	6.2396e-01	3.6291e-01	2.4727e-05	7.5941e-03	9.8950e-01	1.9709e-03	9.0770e-04	2.1570e-06	1.1799e-29	0.00e+00	0.00e+00	2.0663e+01
6.75603e+19	1.2620e+04	5.144e-20	7.7426e+01	8.3845e+01	2.5882e-16	4.5526e-03	9.9545e-01	9.9501e-04	9.9835e-01	6.5738e-04	1.6727e-22	1.4927e-06	1.2008e-02	6.4504e-01	3.4064e-01	3.2444e-05	8.6750e-03	9.8856e-01	1.8341e-03	8.9799e-04	1.9053e-06	1.9149e-29	0.00e+00	0.00e+00	2.1898e+01
6.80947e+19	1.2662e+04	5.204e-20	7.7426e+01	8.3800e+01	3.1678e-16	5.0520e-03	9.9495e-01	1.0888e-03	9.9826e-01	6.4976e-04	2.7218e-22	1.6985e-06	1.3540e-02	6.6568e-01	3.1863e-01	4.2439e-05	9.9277e-03	9.8743e-01	1.7061e-03	8.8848e-04	1.6839e-06	3.0854e-29	0.00e+00	0.00e+00	2.3167e+01
6.84880e+19	1.2690e+04	5.255e-20	7.7426e+01	8.3762e+01	3.7574e-16	5.5132e-03	9.9449e-01	1.1745e-03	9.9818e-01	6.4479e-04	4.0934e-22	1.8877e-06	1.4943e-02	6.8182e-01	3.0122e-01	5.3311e-05	1.1162e-02	9.8629e-01	1.6076e-03	8.8125e-04	1.5199e-06	4.6071e-29	0.00e+00	0.00e+00	2.3901e+01
6.87120e+19	1.2697e+04	5.277e-20	7.7426e+01	8.3738e+01	4.1439e-16	5.7911e-03	9.9421e-01	1.2295e-03	9.9810e-01	6.7320e-04	5.1817e-22	2.0095e-06	1.5846e-02	6.9122e-01	2.9099e-01	6.0789e-05	1.1957e-02	9.8555e-01	1.5577e-03	8.7664e-04	1.4352e-06	5.7862e-29	0.00e+00	0.00e+00	2.4397e+01
6.89135e+19	1.2699e+04	5.293e-20	7.7426e+01	8.3718e+01	4.5115e-16	6.0394e-03	9.9396e-01	1.2797e-03	9.9803e-01	6.9255e-04	6.3575e-22	2.1235e-06	1.6687e-02	6.9987e-01	2.8156e-01	6.8008e-05	1.2685e-02	9.8486e-01	1.5120e-03	8.7205e-04	1.3630e-06	7.0441e-29	0.00e+00	0.00e+00	2.5070e+01
6.91756e+19	1.2691e+04	5.322e-20	7.7426e+01	8.3698e+01	5.0821e-16	6.3964e-03	9.9360e-01	1.3507e-03	9.9797e-01	6.8386e-04	8.3933e-22	2.2874e-06	1.7884e-02	7.1140e-01	2.6892e-01	7.9210e-05	1.3750e-02	9.8386e-01	1.4464e-03	8.6545e-04	1.2667e-06	9.2170e-29	0.00e+00	0.00e+00	2.5996e+01
6.95163e+19	1.2723e+04	5.351e-20	7.7426e+01	8.3651e+01	5.9100e-16	6.9138e-03	9.9309e-01	1.4512e-03	9.9789e-01	6.6056e-04	1.2229e-21	2.5220e-06	1.9614e-02	7.2661e-01	2.5209e-01	9.7640e-05	1.5378e-02	9.8231e-01	1.3594e-03	8.5792e-04	1.1462e-06	1.3288e-28	0.00e+00	0.00e+00	2.7298e+01
6.98446e+19	1.2704e+04	5.411e-20	7.7426e+01	8.3617e+01	7.1341e-16	7.5708e-03	9.9243e-01	1.5740e-03	9.9780e-01	6.3068e-04	1.8760e-21	2.8087e-06	2.1695e-02	7.4221e-01	2.3453e-01	1.2409e-04	1.7495e-02	9.8026e-01	1.2663e-03	8.4842e-04	1.0211e-06	2.0235e-28	0.00e+00	0.00e+00	2.8302e+01
7.00637e+19	1.2728e+04	5.433e-20	7.7426e+01	8.3565e+01	8.0446e-16	8.0559e-03	9.9194e-01	1.6675e-03	9.9769e-01	6.4018e-04	2.5316e-21	3.0251e-06	2.3297e-02	7.5260e-01	2.2261e-01	1.4707e-04	1.9210e-02	9.7859e-01	1.2092e-03	8.4304e-04	9.4522e-07	2.7110e-28	0.00e+00	0.00e+00	2.8959e+01
7.02107e+19	1.2708e+04	5.451e-20	7.7426e+01	8.3535e+01	8.7959e-16	8.4024e-03	9.9160e-01	1.7378e-03	9.9761e-01	6.5634e-04	3.1058e-21	3.1872e-06	2.4480e-02	7.5964e-01	2.1444e-01	1.6494e-04	2.0468e-02	9.7736e-01	1.1722e-03	8.3814e-04	8.9622e-07	3.3016e-28	0.00e+00	0.00e+00	2.9481e+01
7.03567e+19	1.2715e+04	5.459e-20	7.7426e+01	8.3501e+01	9.5091e-16	8.7383e-03	9.9126e-01	1.8070e-03	9.9753e-01	6.6577e-04	3.7717e-21	3.3487e-06	2.5672e-02	7.6653e-01	2.0640e-01	1.8389e-04	2.1751e-02	9.7609e-01	1.1365e-03	8.3391e-04	8.5180e-07	3.9816e-28	0.00e+00	0.00e+00	3.0185e+01
7.05465e+19	1.2702e+04	5.481e-20	7.7426e+01	8.3468e+01	1.0655e-15	9.2301e-03	9.9077e-01	1.9057e-03	9.9744e-01	6.5863e-04	4.9253e-21	3.5824e-06	2.7374e-02	7.7567e-01	1.9562e-01	2.1349e-04	2.3638e-02	9.7423e-01	1.0863e-03	8.2728e-04	7.9212e-07	5.1566e-28	0.00e+00	0.00e+00	3.1153e+01
7.07472e+19	1.2690e+04	5.512e-20	7.7426e+01	8.3433e+01	1.2183e-15	9.8475e-03	9.9015e-01	2.0264e-03	9.9733e-01	6.4077e-04	6.7291e-21	3.8695e-06	2.9442e-02	7.8543e-01	1.8387e-01	2.5462e-04	2.6091e-02	9.7180e-01	1.0294e-03	8.1972e-04	7.2713e-07	7.0012e-28	0.00e+00	0.00e+00	3.2053e+01
7.09092e+19	1.2686e+04	5.534e-20	7.7426e+01	8.3389e+01	1.3642e-15	1.0411e-02	9.8959e-01	2.1369e-03	9.9723e-01	6.3734e-04	8.8019e-21	4.1287e-06	3.1336e-02	7.9327e-01	1.7419e-01	2.9663e-04	2.8445e-02	9.6946e-01	9.8387e-04	8.1343e-04	6.7604e-07	9.1039e-28	0.00e+00	0.00e+00	3.2751e+01
7.10369e+19	1.2685e+04	5.546e-20	7.7426e+01	8.3331e+01	1.4900e-15	1.0875e-02	9.8912e-01	2.2306e-03	9.9713e-01	6.4189e-04	1.0891e-20	4.3436e-06	3.2941e-02	7.9932e-01	1.6658e-01	3.3490e-04	3.0485e-02	9.6742e-01	9.4962e-04	8.0846e-04	6.3840e-07	1.1195e-27	0.00e+00	0.00e+00	3.3379e+01
7.11727e+19	1.2658e+04	5.564e-20	7.7426e+01	8.3301e+01	1.6477e-15	1.1394e-02	9.8861e-01	2.3373e-03	9.9702e-01	6.4317e-04	1.3675e-20	4.5966e-06	3.4759e-02	8.0578e-01	1.5835e-01	3.8061e-04	3.2790e-02	9.6511e-01	9.1322e-04	8.0190e-04	5.9947e-07	1.3963e-27	0.00e+00	0.00e+00	3.4234e+01
7.13493e+19	1.2645e+04	5.586e-20	7.7426e+01	8.3254e+01	1.8783e-15	1.2138e-02	9.8786e-01	2.4867e-03	9.9688e-01	6.3259e-04	1.8601e-20	4.9520e-06	3.7325e-02	8.1399e-01	1.4763e-01	4.5305e-04	3.6232e-02	9.6166e-01	8.6459e-04	7.9344e-04	5.5010e-07	1.8867e-27	0.00e+00	0.00e+00	3.5418e+01
7.15225e+19	1.2645e+04	5.616e-20	7.7426e+01	8.3157e+01	2.1720e-15	1.3046e-02	9.8695e-01	2.6605e-03	9.9673e-01	6.1358e-04	2.6233e-20	5.3527e-06	4.0295e-02	8.2195e-01	1.3677e-01	5.5220e-04	4.0594e-02	9.5726e-01	8.1232e-04	7.8459e-04	4.9926e-07	2.6494e-27	0.00e+00	0.00e+00	3.6354e+01
7.16434e+19	1.2616e+04	5.641e-20	7.7426e+01	8.3117e+01	2.4367e-15	1.3766e-02	9.8623e-01	2.8041e-03	9.9658e-01	6.1373e-04	3.3943e-20	5.6882e-06	4.2703e-02	8.2733e-01	1.2903e-01	6.3981e-04	4.4193e-02	9.5361e-01	7.7638e-04	7.7671e-04	4.6431e-07	3.4133e-27	0.00e+00	0.00e+00	3.6993e+01
7.17345e+19	1.2613e+04	5.645e-20	7.7426e+01	8.3064e+01	2.6316e-15	1.4299e-02	9.8570e-01	2.9148e-03	9.9647e-01	6.1908e-04	4.0909e-20	5.9403e-06	4.4577e-02	8.3111e-01	1.2340e-01	7.1212e-04	4.7055e-02	9.5071e-01	7.5170e-04	7.7137e-04	4.4102e-07	4.0934e-27	0.00e+00	0.00e+00	3.7603e+01
7.18349e+19	1.2590e+04	5.657e-20	7.7426e+01	8.3015e+01	2.8822e-15	1.4919e-02	9.8508e-01	3.0443e-03	9.9634e-01	6.1980e-04	5.0316e-20	6.2384e-06	4.6751e-02	8.3520e-01	1.1717e-01	8.0111e-04	5.0398e-02	9.4731e-01	7.2435e-04	7.6455e-04	4.1587e-07	5.0064e-27	0.00e+00	0.00e+00	3.8430e+01
7.19654e+19	1.2559e+04	5.677e-20	7.7426e+01	8.2966e+01	3.2667e-15	1.5816e-02	9.8418e-01	3.2285e-03	9.9616e-01	6.1223e-04	6.6740e-20	6.6679e-06	4.9828e-02	8.4031e-01	1.0903e-01	9.4092e-04	5.5347e-02	9.4227e-01	6.8758e-04	7.5479e-04	3.8327e-07	6.6073e-27	0.00e+00	0.00e+00	3.9570e+01
7.20999e+19	1.2537e+04	5.706e-20	7.7426e+01	8.2891e+01	3.7737e-15	1.6947e-02	9.8305e-01	3.4503e-03	9.9595e-01	5.9754e-04	9.2636e-20	7.1760e-06	5.3521e-02	8.4526e-01	1.0044e-01	1.1365e-03	6.1778e-02	9.3570e-01	6.4631e-04	7.4351e-04	3.4812e-07	9.1490e-27	0.00e+00	0.00e+00	4.0577e+01
7.22032e+19	1.2525e+04	5.721e-20	7.7426e+01	8.2774e+01	4.2327e-15	1.7918e-02	9.8208e-01	3.6443e-03	9.9576e-01	5.9292e-04	1.2084e-19	7.6010e-06	5.6724e-02	8.4865e-01	9.3882e-02	1.3258e-03	6.7624e-02	9.2970e-01	6.1507e-04	7.3440e-04	3.2221e-07	1.1890e-26	0.00e+00	0.00e+00	4.1323e+01
7.22834e+19	1.2494e+04	5.734e-20	7.7426e+01	8.2722e+01	4.6526e-15	1.8712e-02	9.8129e-01	3.8110e-03	9.9560e-01	5.9302e-04	1.4891e-19	7.9774e-06	5.9429e-02	8.5101e-01	8.8851e-02	1.4942e-03	7.2547e-02	9.2464e-01	5.9178e-04	7.2612e-04	3.0303e-07	1.4595e-26	0.00e+00	0.00e+00	4.2010e+01
7.23698e+19	1.2471e+04	5.742e-20	7.7426e+01	8.2659e+01	5.1285e-15	1.9585e-02	9.8042e-01	3.9960e-03	9.9541e-01	5.9150e-04	1.8568e-19	8.3900e-06	6.2441e-02	8.5332e-01	8.3556e-02	1.6955e-03	7.8163e-02	9.1886e-01	5.6775e-04	7.1718e-04	2.8389e-07	1.8121e-26	0.00e+00	0.00e+00	4.2945e+01
7.24822e+19	1.2437e+04	5.760e-20	7.7426e+01	8.2556e+01	5.8760e-15	2.0873e-02	9.7913e-01	4.2605e-03	9.9516e-01	5.8290e-04	2.5147e-19	8.9684e-06	6.6729e-02	8.5596e-01	7.6670e-02	2.0183e-03	8.6578e-02	9.1016e-01	5.3529e-04	7.0432e-04	2.5894e-07	2.4444e-26	0.00e+00	0.00e+00	4.4241e+01
7.25955e+19	1.2399e+04	5.793e-20	7.7426e+01	8.2463e+01	6.8997e-15	2.2504e-02	9.7750e-01	4.5833e-03	9.9485e-01	5.6836e-04	3.5724e-19	9.6837e-06	7.1874e-02	8.5796e-01	6.9565e-02	2.4715e-03	9.7435e-02	8.9891e-01	4.9925e-04	6.8843e-04	2.3215e-07	3.4742e-26	0.00e+00	0.00e+00	4.5337e+01
7.26794e+19	1.2384e+04	5.803e-20	7.7426e+01	8.2310e+01	7.7721e-15	2.3837e-02	9.7616e-01	4.8540e-03	9.9458e-01	5.6301e-04	4.6839e-19	1.0245e-05	7.6166e-02	8.5884e-01	6.4432e-02	2.8929e-03	1.0690e-01	8.8905e-01	4.7334e-04	6.7614e-04	2.1350e-07	4.5442e-26	0.00e+00	0.00e+00	4.6131e+01
7.27446e+19	1.2343e+04	5.814e-20	7.7426e+01	8.2234e+01	8.5925e-15	2.4934e-02	9.7507e-01	5.0890e-03	9.9435e-01	5.6093e-04	5.7945e-19	1.0749e-05	7.9802e-02	8.5914e-01	6.0522e-02	3.2678e-03	1.1482e-01	8.8079e-01	4.5400e-04	6.6515e-04	1.9965e-07	5.6034e-26	0.00e+00	0.00e+00	4.6889e+01
7.28160e+19	1.2320e+04	5.816e-20	7.7426e+01	8.2118e+01	9.5094e-15	2.6153e-02	9.7385e-01	5.3512e-03	9.9409e-01	5.5748e-04	7.2729e-19	1.1291e-05	8.3885e-02	8.5920e-01	5.6402e-02	3.7239e-03	1.2403e-01	8.7116e-01	4.3395e-04	6.5338e-04	1.8582e-07	7.0072e-26	0.00e+00	0.00e+00	4.7922e+01
7.29090e+19	1.2275e+04	5.831e-20	7.7426e+01	8.1981e+01	1.1021e-14	2.7988e-02	9.7201e-01	5.7349e-03	9.9372e-01	5.4836e-04	9.9754e-19	1.2088e-05	8.9770e-02	8.5869e-01	5.1056e-02	4.4638e-03	1.3785e-01	8.5665e-01	4.0669e-04	6.3567e-04	1.6751e-07	9.5922e-26	0.00e+00	0.00e+00	4.9359e+01
7.30047e+19	1.2226e+04	5.863e-20	7.7426e+01	8.1818e+01	1.3157e-14	3.0388e-02	9.6961e-01	6.2136e-03	9.9325e-01	5.3380e-04	1.4490e-18	1.3064e-05	9.6997e-02	8.5709e-01	4.5471e-02	5.5342e-03	1.5601e-01	8.3747e-01	3.7576e-04	6.1336e-04	1.4750e-07	1.3969e-25	0.00e+00	0.00e+00	5.0642e+01
7.30786e+19	1.2182e+04	5.882e-20	7.7426e+01	8.1676e+01	1.5238e-14	3.2511e-02	9.6749e-01	6.6529e-03	9.9282e-01	5.2513e-04	1.9711e-18	1.3954e-05	1.0348e-01	8.5484e-01	4.1255e-02	6.6017e-03	1.7268e-01	8.1977e-01	3.5205e-04	5.9364e-04	1.3257e-07	1.9019e-25	0.00e+00	0.00e+00	5.1619e+01
7.31377e+19	1.2159e+04	5.878e-20	7.7426e+01	8.1483e+01	1.7004e-14	3.4243e-02	9.6576e-01	7.0260e-03	9.9245e-01	5.2029e-04	2.5038e-18	1.4658e-05	1.0896e-01	8.5254e-01	3.8093e-02	7.5744e-03	1.8702e-01	8.0450e-01	3.3463e-04	5.7793e-04	1.2196e-07	2.4097e-25	0.00e+00	0.00e+00	5.2567e+01
7.32028e+19	1.2101e+04	5.886e-20	7.7426e+01	8.1330e+01	1.9454e-14	3.6355e-02	9.6364e-01	7.4831e-03	9.9200e-01	5.1320e-04	3.2842e-18	1.5542e-05	1.1553e-01	8.4943e-01	3.4665e-02	8.8334e-03	2.0412e-01	7.8617e-01	3.1549e-04	5.5845e-04	1.1049e-07	3.1551e-25	0.00e+00	0.00e+00	5.3876e+01
7.32875e+19	1.2041e+04	5.901e-20	7.7426e+01	8.1102e+01	2.3385e-14	3.9539e-02	9.6046e-01	8.1508e-03	9.9135e-01	5.0106e-04	4.7700e-18	1.6806e-05	1.2499e-01	8.4432e-01	3.0342e-02	1.0916e-02	2.2990e-01	7.5836e-01	2.9013e-04	5.3026e-04	9.5910e-08	4.5903e-25	0.00e+00	0.00e+00	5.5726e+01
7.33758e+19	1.1976e+04	5.931e-20	7.7426e+01	8.0781e+01	2.9299e-14	4.3876e-02	9.5612e-01	9.0163e-03	9.9050e-01	4.8373e-04	7.4619e-18	1.8385e-05	1.3695e-01	8.3687e-01	2.5869e-02	1.4069e-02	2.6422e-01	7.2096e-01	2.6120e-04	4.9414e-04	1.1755e-36	7.2389e-25	0.00e+00	0.00e+00	5.7458e+01
7.34441e+19	1.1912e+04	5.949e-20	7.7426e+01	8.0517e+01	3.5599e-14	4.7946e-02	9.5205e-01	9.8563e-03	9.8967e-01	4.7092e-04	1.0894e-17	1.9897e-05	1.4818e-01	8.2901e-01	2.2524e-02	1.7393e-02	2.9621e-01	6.8570e-01	2.3862e-04	4.6136e-04	1.1755e-36	1.0633e-24	0.00e+00	0.00e+00	5.8769e+01
7.34958e+19	1.1881e+04	5.931e-20	7.7426e+01	8.0137e+01	4.0849e-14	5.1138e-02	9.4886e-01	1.0549e-02	9.8899e-01	4.6317e-04	1.4362e-17	2.1016e-05	1.5728e-01	8.2223e-01	2.0221e-02	2.0309e-02	3.2205e-01	6.5698e-01	2.2318e-04	4.3668e-04	1.1755e-36	1.4006e-24	0.00e+00	0.00e+00	5.9952e+01
7.35502e+19	1.1810e+04	5.926e-20	7.7426e+01	7.9849e+01	4.8003e-14	5.4910e-02	9.4509e-01	1.1375e-02	9.8817e-01	4.5399e-04	1.9363e-17	2.2390e-05	1.6782e-01	8.1404e-01	1.7885e-02	2.3930e-02	3.5074e-01	6.2472e-01	2.0720e-04	4.0850e-04	1.1755e-36	1.8902e-24	0.00e+00	0.00e+00	6.1604e+01
7.36210e+19	1.1734e+04	5.922e-20	7.7426e+01	7.9374e+01	6.0028e-14	6.0762e-02	9.3924e-01	1.2603e-02	9.8696e-01	4.4046e-04	2.9201e-17	2.4345e-05	1.8308e-01	8.0168e-01	1.5009e-02	2.9962e-02	3.9258e-01	5.7691e-01	1.8610e-04	3.6845e-04	1.1755e-36	2.8705e-24	0.00e+00	0.00e+00	6.3980e+01
7.36927e+19	1.1655e+04	5.934e-20	7.7426e+01	7.8733e+01	7.8906e-14	6.8889e-02	9.3111e-01	1.4212e-02	9.8536e-01	4.2330e-04	4.7412e-17	2.6749e-05	2.0224e-01	7.8538e-01	1.2179e-02	3.8963e-02	4.4419e-01	5.1637e-01	1.6257e-04	3.1980e-04	1.1755e-36	4.7402e-24	0.00e+00	0.00e+00	6.6118e+01
7.37451e+19	1.1586e+04	5.921e-20	7.7426e+01	7.8144e+01	9.8402e-14	7.6170e-02	9.2383e-01	1.5712e-02	9.8388e-01	4.1083e-04	6.9355e-17	2.8852e-05	2.1929e-01	7.7027e-01	1.0253e-02	4.7681e-02	4.8596e-01	4.6593e-01	1.4562e-04	2.8107e-04	1.1755e-36	7.0101e-24	0.00e+00	0.00e+00	6.7654e+01
7.37829e+19	1.1527e+04	5.897e-20	7.7426e+01	7.7768e+01	1.1576e-13	8.1941e-02	9.1806e-01	1.6978e-02	9.8262e-01	4.0271e-04	9.1284e-17	3.0577e-05	2.3314e-01	7.5770e-01	8.9814e-03	5.4960e-02	5.1610e-01	4.2856e-01	1.3426e-04	2.5313e-04	1.1755e-36	9.2817e-24	0.00e+00	0.00e+00	6.9034e+01
7.38226e+19	1.1454e+04	5.866e-20	7.7426e+01	7.7309e+01	1.3793e-13	8.8513e-02	9.1149e-01	1.8429e-02	9.8118e-01	3.9492e-04	1.2114e-16	3.2463e-05	2.4844e-01	7.4363e-01	7.7582e-03	6.3479e-02	5.4645e-01	3.8972e-01	1.2309e-04	2.2491e-04	1.1755e-36	1.2393e-23	0.00e+00	0.00e+00	7.0972e+01
7.38741e+19	1.1370e+04	5.823e-20	7.7426e+01	7.6495e+01	1.7623e-13	9.8822e-02	9.0118e-01	2.0586e-02	9.7903e-01	3.8575e-04	1.7806e-16	3.5044e-05	2.7024e-01	7.2331e-01	6.2951e-03	7.7106e-02	5.8585e-01	3.3675e-01	1.0853e-04	1.8790e-04	1.1755e-36	1.8480e-23	0.00e+00	0.00e+00	7.3785e+01
7.39266e+19	1.1283e+04	5.777e-20	7.7426e+01	7.5316e+01	2.3699e-13	1.1308e-01	8.8692e-01	2.3404e-02	9.7622e-01	3.7661e-04	2.7772e-16	3.8034e-05	2.9699e-01	6.9796e-01	4.9132e-03	9.6176e-02	6.2631e-01	2.7728e-01	9.2788e-05	1.4816e-04	1.1755e-36	2.9519e-23	0.00e+00	0.00e+00	7.6369e+01
7.39651e+19	1.1197e+04	5.729e-20	7.7426e+01	7.4501e+01	3.0335e-13	1.2630e-01	8.7370e-01	2.6156e-02	9.7348e-01	3.6905e-04	3.9665e-16	4.0811e-05	3.2133e-01	6.7456e-01	3.9872e-03	1.1402e-01	6.5315e-01	2.3263e-01	8.1384e-05	1.1939e-04	1.1755e-36	4.3025e-23	0.00e+00	0.00e+00	7.8236e+01
7.39925e+19	1.1137e+04	5.635e-20	7.7426e+01	7.3475e+01	3.5696e-13	1.3570e-01	8.6430e-01	2.8286e-02	9.7135e-01	3.6789e-04	4.9810e-16	4.2580e-05	3.3913e-01	6.5732e-01	3.4339e-03	1.2701e-01	6.6863e-01	2.0419e-01	7.4609e-05	1.0229e-04	1.1755e-36	5.4141e-23	0.00e+00	0.00e+00	7.9864e+01
7.40207e+19	1.1066e+04	5.549e-20	7.7426e+01	7.2651e+01	4.2562e-13	1.4654e-01	8.5346e-01	3.0785e-02	9.6885e-01	3.6592e-04	6.3316e-16	4.4669e-05	3.5897e-01	6.3800e-01	2.9096e-03	1.4176e-01	6.8120e-01	1.7689e-01	6.7902e-05	8.6021e-05	1.1755e-36	6.9334e-23	0.00e+00	0.00e+00	8.2149e+01
7.40574e+19	1.0973e+04	5.430e-20	7.7426e+01	7.1244e+01	5.4520e-13	1.6340e-01	8.3660e-01	3.4474e-02	9.6516e-01	3.6578e-04	8.7488e-16	4.7321e-05	3.8646e-01	6.1113e-01	2.3016e-03	1.6429e-01	6.9242e-01	1.4316e-01	5.9286e-05	6.6689e-05	1.1755e-36	9.7132e-23	0.00e+00	0.00e+00	8.5462e+01
7.40957e+19	1.0871e+04	5.289e-20	7.7426e+01	6.9420e+01	7.3511e-13	1.8659e-01	8.1341e-01	3.9373e-02	9.6026e-01	3.6828e-04	1.2735e-15	5.0271e-05	4.1984e-01	5.7832e-01	1.7397e-03	1.9447e-01	6.9621e-01	1.0922e-01	5.0050e-05	4.8106e-05	1.1755e-36	1.4460e-22	0.00e+00	0.00e+00	8.8665e+01
7.41253e+19	1.0767e+04	5.144e-20	7.7426e+01	6.7899e+01	9.4810e-13	2.0838e-01	7.9162e-01	4.4340e-02	9.5529e-01	3.7148e-04	1.7315e-15	5.2895e-05	4.5043e-01	5.4811e-01	1.3637e-03	2.2225e-01	6.9204e-01	8.5638e-02	4.3298e-05	3.5857e-05	1.1755e-36	1.9978e-22	0.00e+00	0.00e+00	9.1127e+01
7.41472e+19	1.0694e+04	4.984e-20	7.7426e+01	6.6432e+01	1.1307e-12	2.2468e-01	7.7532e-01	4.8470e-02	9.5115e-01	3.7718e-04	2.1298e-15	5.4621e-05	4.7381e-01	5.2496e-01	1.1344e-03	2.4285e-01	6.8596e-01	7.1118e-02	3.9110e-05	2.8780e-05	1.1755e-36	2.4590e-22	0.00e+00	0.00e+00	9.3288e+01
7.41698e+19	1.0607e+04	4.814e-20	7.7426e+01	6.4995e+01	1.3606e-12	2.4288e-01	7.5712e-01	5.3290e-02	9.4633e-01	3.8309e-04	2.6311e-15	5.6456e-05	4.9900e-01	4.9998e-01	9.2762e-04	2.6540e-01	6.7627e-01	5.8273e-02	3.5124e-05	2.2712e-05	1.1755e-36	3.0425e-22	0.00e+00	0.00e+00	9.6324e+01
7.41992e+19	1.0493e+04	4.580e-20	7.7426e+01	6.2730e+01	1.7624e-12	2.7093e-01	7.2907e-01	6.0444e-02	9.3916e-01	3.9486e-04	3.4936e-15	5.8442e-05	5.3290e-01	4.6631e-01	6.9944e-04	2.9919e-01	6.5704e-01	4.3724e-02	3.0071e-05	1.6139e-05	1.1755e-36	4.0558e-22	0.00e+00	0.00e+00	1.0073e+02
7.42284e+19	1.0373e+04	4.309e-20	7.7426e+01	5.9956e+01	2.3468e-12	3.0598e-01	6.9402e-01	6.9399e-02	9.3019e-01	4.1215e-04	4.7331e-15	6.0030e-05	5.7017e-01	4.2924e-01	5.1210e-04	3.4016e-01	6.2856e-01	3.1238e-02	2.5104e-05	1.0821e-05	1.1755e-36	5.5151e-22	0.00e+00	0.00e+00	1.0447e+02
7.42495e+19	1.0259e+04	4.076e-20	7.7426e+01	5.7919e+01	2.9110e-12	3.3397e-01	6.6603e-01	7.7769e-02	9.2180e-01	4.2590e-04	5.8929e-15	6.1270e-05	6.0047e-01	3.9905e-01	4.0063e-04	3.7214e-01	6.0386e-01	2.3968e-02	2.1916e-05	7.9110e-06	1.1755e-36	6.8359e-22	0.00e+00	0.00e+00	1.0729e+02
7.42656e+19	1.0190e+04	3.865e-20	7.7426e+01	5.6116e+01	3.3594e-12	3.5405e-01	6.4595e-01	8.4614e-02	9.1495e-01	4.3941e-04	6.8096e-15	6.1787e-05	6.2285e-01	3.7674e-01	3.3274e-04	3.9480e-01	5.8556e-01	1.9623e-02	1.9942e-05	6.2746e-06	1.1755e-36	7.7780e-22	0.00e+00	0.00e+00	1.0985e+02
7.42822e+19	1.0076e+04	3.659e-20	7.7426e+01	5.4382e+01	3.9814e-12	3.7754e-01	6.2246e-01	9.2934e-02	9.0661e-01	4.5256e-04	7.9731e-15	6.2432e-05	6.4718e-01	3.5247e-01	2.7060e-04	4.2078e-01	5.6342e-01	1.5771e-02	1.7923e-05	4.8613e-06	1.1755e-36	8.9888e-22	0.00e+00	0.00e+00	1.1326e+02
7.43030e+19	9.9653e+03	3.381e-20	7.7426e+01	5.1726e+01	4.8869e-12	4.0951e-01	5.9049e-01	1.0403e-01	8.9550e-01	4.7667e-04	9.6497e-15	6.2301e-05	6.7624e-01	3.2347e-01	2.0739e-04	4.5544e-01	5.3277e-01	1.1772e-02	1.5557e-05	3.4635e-06	1.1755e-36	1.0619e-21	0.00e+00	0.00e+00	1.1789e+02
7.43236e+19	9.8455e+03	3.091e-20	7.7426e+01	4.8780e+01	6.0766e-12	4.4614e-01	5.5386e-01	1.1710e-01	8.8240e-01	5.0705e-04	1.1743e-14	6.1650e-05	7.0584e-01	2.9393e-01	1.5712e-04	4.9423e-01	4.9723e-01	8.5242e-03	1.3284e-05	2.3842e-06	1.1755e-36	1.2539e-21	0.00e+00	0.00e+00	1.2182e+02
7.43385e+19	9.7322e+03	2.871e-20	7.7426e+01	4.6723e+01	7.1413e-12	4.7337e-01	5.2663e-01	1.2885e-01	8.7062e-01	5.2874e-04	1.3474e-14	6.1188e-05	7.2868e-01	2.7113e-01	1.2742e-04	5.2258e-01	4.7073e-01	6.6737e-03	1.1835e-05	1.8006e-06	1.1755e-36	1.3974e-21	0.00e+00	0.00e+00	1.2458e+02
7.43499e+19	9.6532e+03	2.694e-20	7.7426e+01	4.5116e+01	7.9591e-12	4.9193e-01	5.0807e-01	1.3851e-01	8.6094e-01	5.4657e-04	1.4738e-14	6.0654e-05	7.4544e-01	2.5438e-01	1.0894e-04	5.4170e-01	4.5272e-01	5.5704e-03	1.0943e-05	1.4687e-06	1.1755e-36	1.4807e-21	0.00e+00	0.00e+00	1.2719e+02
7.43615e+19	9.5646e+03	2.521e-20	7.7426e+01	4.3463e+01	8.9310e-12	5.1199e-01	4.8801e-01	1.4908e-01	8.5035e-01	5.6610e-04	1.6156e-14	5.9934e-05	7.6204e-01	2.3780e-01	9.2666e-05	5.6211e-01	4.3327e-01	4.6064e-03	1.0057e-05	1.1853e-06	1.1755e-36	1.5694e-21	0.00e+00	0.00e+00	1.3024e+02
7.43740e+19	9.4598e+03	2.336e-20	7.7426e+01	4.1542e+01	1.0211e-11	5.3604e-01	4.6396e-01	1.6145e-01	8.3795e-01	5.9063e-04	1.7909e-14	5.8821e-05	7.7953e-01	2.2033e-01	7.7547e-05	5.8624e-01	4.1005e-01	3.6991e-03	9.0886e-06	9.2542e-07	1.1755e-36	1.6709e-21	0.00e+00	0.00e+00	1.3360e+02
7.43838e+19	9.3878e+03	2.191e-20	7.7426e+01	3.9931e+01	1.1314e-11	5.5593e-01	4.4407e-01	1.7189e-01	8.2750e-01	6.1399e-04	1.9414e-14	5.7675e-05	7.9283e-01	2.0704e-01	6.7611e-05	6.0594e-01	3.9097e-01	3.0856e-03	8.3541e-06	7.5459e-07	1.1755e-36	1.7461e-21	0.00e+00	0.00e+00	1.3549e+02
7.43896e+19	9.3312e+03	2.107e-20	7.7426e+01	3.9173e+01	1.1956e-11	5.6490e-01	4.3510e-01	1.7905e-01	8.2033e-01	6.2287e-04	2.0167e-14	5.7290e-05	8.0101e-01	1.9887e-01	6.2605e-05	6.1481e-01	3.8237e-01	2.8052e-03	8.0417e-06	6.7934e-07	1.1755e-36	1.7719e-21	0.00e+00	0.00e+00	1.3674e+02
7.43948e+19	9.2757e+03	2.031e-20	7.7426e+01	3.8501e+01	1.2585e-11	5.7295e-01	4.2705e-01	1.8594e-01	8.1343e-01	6.3018e-04	2.0862e-14	5.6946e-05	8.0844e-01	1.9144e-01	5.8269e-05	6.2275e-01	3.7467e-01	2.5712e-03	7.7703e-06	6.1732e-07	1.1755e-36	1.7934e-21	0.00e+00	0.00e+00	1.3839e+02
7.44015e+19	9.2017e+03	1.936e-20	7.7426e+01	3.7526e+01	1.3556e-11	5.8560e-01	4.1440e-01	1.9496e-01	8.0440e-01	6.4268e-04	2.1929e-14	5.6277e-05	8.1766e-01	1.8222e-01	5.2997e-05	6.3510e-01	3.6262e-01	2.2735e-03	7.3603e-06	5.3850e-07	1.1755e-36	1.8320e-21	0.00e+00	0.00e+00	1.4057e+02
7.44091e+19	9.1331e+03	1.829e-20	7.7426e+01	3.6275e+01	1.4708e-11	6.0111e-01	3.9889e-01	2.0483e-01	7.9450e-01	6.6268e-04	2.3236e-14	5.5177e-05	8.2718e-01	1.7271e-01	4.7778e-05	6.5009e-01	3.4794e-01	1.9652e-03	6.8818e-06	4.5793e-07	1.1755e-36	1.8715e-21	0.00e+00	0.00e+00	1.4279e+02
7.44159e+19	9.0824e+03	1.734e-20	7.7426e+01	3.5106e+01	1.5709e-11	6.1424e-01	3.8576e-01	2.1376e-01	7.8556e-01	6.8335e-04	2.4378e-14	5.4039e-05	8.3521e-01	1.6468e-01	4.3744e-05	6.6271e-01	3.3556e-01	1.7266e-03	6.4957e-06	3.9697e-07	1.1755e-36	1.8894e-21	0.00e+00	0.00e+00	1.4461e+02
7.44218e+19	9.0116e+03	1.656e-20	7.7426e+01	3.4236e+01	1.6784e-11	6.2538e-01	3.7462e-01	2.2282e-01	7.7648e-01	6.9630e-04	2.5400e-14	5.3292e-05	8.4261e-01	1.5730e-01	4.0522e-05	6.7335e-01	3.2510e-01	1.5459e-03	6.1841e-06	3.5152e-07	1.1755e-36	1.9084e-21	0.00e+00	0.00e+00	1.4634e+02
7.44277e+19	8.9537e+03	1.577e-20	7.7426e+01	3.3308e+01	1.7814e-11	6.3601e-01	3.6399e-01	2.3186e-01	7.6743e-01	7.1140e-04	2.6402e-14	5.2410e-05	8.4962e-01	1.5029e-01	3.7622e-05	6.8346e-01	3.1515e-01	1.3837e-03	5.8966e-06	3.1138e-07	1.1755e-36	1.9144e-21	0.00e+00	0.00e+00	1.4825e+02
7.44342e+19	8.8828e+03	1.493e-20	7.7426e+01	3.2262e+01	1.9121e-11	6.4860e-01	3.5140e-01	2.4228e-01	7.5699e-01	7.2970e-04	2.7609e-14	5.1350e-05	8.5714e-01	1.4277e-01	3.4696e-05	6.9536e-01	3.0342e-01	1.2189e-03	5.5696e-06	2.7102e-07	1.1755e-36	1.9213e-21	0.00e+00	0.00e+00	1.5043e+02
7.44409e+19	8.8036e+03	1.410e-20	7.7426e+01	3.1188e+01	2.0660e-11	6.6241e-01	3.3759e-01	2.5343e-01	7.4582e-01	7.4928e-04	2.8965e-14	5.0212e-05	8.6462e-01	1.3530e-01	3.2004e-05	7.0831e-01	2.9062e-01	1.0660e-03	5.2269e-06	2.3394e-07	1.1755e-36	1.9304e-21	0.00e+00	0.00e+00	1.5251e+02
7.44468e+19	8.7470e+03	1.336e-20	7.7426e+01	3.0201e+01	2.1921e-11	6.7339e-01	3.2661e-01	2.6331e-01	7.3592e-01	7.6941e-04	3.0095e-14	4.9085e-05	8.7082e-01	1.2910e-01	2.9941e-05	7.1856e-01	2.8049e-01	9.4984e-04	4.9642e-06	2.0636e-07	1.1755e-36	1.9185e-21	0.00e+00	0.00e+00	1.5430e+02
7.44523e+19	8.6690e+03	1.271e-20	7.7426e+01	2.9382e+01	2.3411e-11	6.8360e-01	3.1640e-01	2.7392e-01	7.2530e-01	7.8275e-04	3.1188e-14	4.8224e-05	8.7689e-01	1.2303e-01	2.8151e-05	7.2805e-01	2.7109e-01	8.5342e-04	4.7297e-06	1.8375e-07	1.1755e-36	1.9115e-21	0.00e+00	0.00e+00	1.5617e+02
7.44582e+19	8.5963e+03	1.202e-20	7.7426e+01	2.8461e+01	2.4998e-11	6.9445e-01	3.0555e-01	2.8514e-01	7.1406e-01	8.0039e-04	3.2385e-14	4.7163e-05	8.8296e-01	1.1697e-01	2.6440e-05	7.3807e-01	2.6116e-01	7.6051e-04	4.4882e-06	1.6220e-07	1.1755e-36	1.8950e-21	0.00e+00	0.00e+00	1.5826e+02
7.44644e+19	8.5200e+03	1.132e-20	7.7426e+01	2.7458e+01	2.6809e-11	7.0622e-01	2.9378e-01	2.9699e-01	7.0219e-01	8.2113e-04	3.3722e-14	4.5947e-05	8.8898e-01	1.1095e-01	2.4831e-05	7.4889e-01	2.5044e-01	6.7247e-04	4.2350e-06	1.4199e-07	1.1755e-36	1.8720e-21	0.00e+00	0.00e+00	1.6041e+02
7.44703e+19	8.4407e+03	1.068e-20	7.7426e+01	2.6519e+01	2.8751e-11	7.1753e-01	2.8247e-01	3.0902e-01	6.9013e-01	8.4083e-04	3.5059e-14	4.4784e-05	8.9461e-01	1.0532e-01	2.3447e-05	7.5923e-01	2.4017e-01	5.9753e-04	4.0004e-06	1.2498e-07	1.1755e-36	1.8471e-21	0.00e+00	0.00e+00	1.6241e+02
7.44758e+19	8.3714e+03	1.010e-20	7.7426e+01	2.5666e+01	3.0547e-11	7.2709e-01	2.7291e-01	3.2047e-01	6.7867e-01	8.5910e-04	3.6258e-14	4.3709e-05	8.9960e-01	1.0033e-01	2.2320e-05	7.6793e-01	2.3153e-01	5.3769e-04	3.8083e-06	1.1755e-36	1.1755e-36	1.8147e-21	0.00e+00	0.00e+00	1.6430e+02
7.44813e+19	8.2861e+03	9.544e-21	7.7426e+01	2.4845e+01	3.2712e-11	7.3667e-01	2.6333e-01	3.3286e-01	6.6627e-01	8.7501e-04	3.7499e-14	4.2675e-05	9.0458e-01	9.5354e-02	2.1289e-05	7.7661e-01	2.2290e-01	4.8409e-04	3.6219e-06	1.1755e-36	1.1755e-36	1.7810e-21	0.00e+00	0.00e+00	1.6635e+02
7.44872e+19	8.1950e+03	8.976e-21	7.7426e+01	2.3972e+01	3.5242e-11	7.4735e-01	2.5265e-01	3.4633e-01	6.5278e-01	8.9265e-04	3.8925e-14	4.1541e-05	9.0963e-01	9.0304e-02	2.0293e-05	7.8624e-01	2.1333e-01	4.3225e-04	3.4201e-06	1.1755e-36	1.1755e-36	1.7458e-21	0.00e+00	0.00e+00	1.6854e+02
7.44929e+19	8.1091e+03	8.437e-21	7.7426e+01	2.3083e+01	3.7843e-11	7.5752e-01	2.4248e-01	3.5937e-01	6.3971e-01	9.1352e-04	4.0363e-14	4.0329e-05	9.1422e-01	8.5722e-02	1.9436e-05	7.9536e-01	2.0425e-01	3.8761e-04	3.2335e-06	1.1755e-36	1.1755e-36	1.7008e-21	0.00e+00	0.00e+00	1.7058e+02
7.44983e+19	8.0256e+03	7.958e-21	7.7426e+01	2.2303e+01	4.0464e-11	7.6639e-01	2.3361e-01	3.7226e-01	6.2681e-01	9.3024e-04	4.1691e-14	3.9265e-05	9.1839e-01	8.1553e-02	1.8726e-05	8.0329e-01	1.9636e-01	3.5154e-04	3.0753e-06	1.1755e-36	1.1755e-36	1.6574e-21	0.00e+00	0.00e+00	1.7252e+02
7.45036e+19	7.9317e+03	7.502e-21	7.7426e+01	2.1544e+01	4.3502e-11	7.7502e-01	2.2498e-01	3.8572e-01	6.1333e-01	9.4499e-04	4.3042e-14	3.8230e-05	9.2243e-01	7.7508e-02	1.8089e-05	8.1097e-01	1.8871e-01	3.1976e-04	2.9257e-06	1.1755e-36	1.1755e-36	1.6116e-21	0.00e+00	0.00e+00	1.7459e+02
7.45092e+19	7.8430e+03	7.038e-21	7.7426e+01	2.0732e+01	4.6713e-11	7.8396e-01	2.1604e-01	3.9968e-01	5.9936e-01	9.6382e-04	4.4533e-14	3.7069e-05	9.2637e-01	7.3575e-02	1.7489e-05	8.1890e-01	1.8081e-01	2.8989e-04	2.7739e-06	1.1755e-36	1.1755e-36	1.5591e-21	0.00e+00	0.00e+00	1.7677e+02
7.45148e+19	7.7410e+03	6.593e-21	7.7426e+01	1.9928e+01	5.0604e-11	7.9339e-01	2.0661e-01	4.1443e-01	5.8459e-01	9.8116e-04	4.6155e-14	3.5913e-05	9.3022e-01	6.9727e-02	1.6937e-05	8.2722e-01	1.7252e-01	2.6276e-04	2.6183e-06	1.1755e-36	1.1755e-36	1.5078e-21	0.00e+00	0.00e+00	1.7895e+02
7.45202e+19	7.6410e+03	6.192e-21	7.7426e+01	1.9177e+01	5.4682e-11	8.0181e-01	1.9819e-01	4.2860e-01	5.7040e-01	9.9771e-04	4.7710e-14	3.4811e-05	9.3365e-01	6.6302e-02	1.6480e-05	8.3463e-01	1.6513e-01	2.4058e-04	2.4827e-06	1.1755e-36	1.1755e-36	1.4549e-21	0.00e+00	0.00e+00	1.8096e+02
7.45253e+19	7.5389e+03	5.833e-21	7.7426e+01	1.8509e+01	5.9080e-11	8.0928e-01	1.9072e-01	4.4283e-01	5.5616e-01	1.0092e-03	4.9169e-14	3.3836e-05	9.3681e-01	6.3134e-02	1.6095e-05	8.4118e-01	1.5859e-01	2.2236e-04	2.3652e-06	1.1755e-36	1.1755e-36	1.4057e-21	0.00e+00	0.00e+00	1.8295e+02
7.45305e+19	7.4290e+03	5.478e-21	7.7426e+01	1.7828e+01	6.4221e-11	8.1693e-01	1.8307e-01	4.5784e-01	5.4114e-01	1.0203e-03	5.0740e-14	3.2827e-05	9.3993e-01	6.0024e-02	1.5736e-05	8.4786e-01	1.5193e-01	2.0560e-04	2.2476e-06	1.1755e-36	1.1755e-36	1.3544e-21	0.00e+00	0.00e+00	1.8510e+02
7.45360e+19	7.3072e+03	5.123e-21	7.7426e+01	1.7087e+01	7.0491e-11	8.2499e-01	1.7501e-01	4.7325e-01	5.2571e-01	1.0352e-03	5.2510e-14	3.1700e-05	9.4291e-01	5.7039e-02	1.5401e-05	8.5489e-01	1.4492e-01	1.9007e-04	2.1260e-06	1.1755e-36	1.1755e-36	1.2965e-21	0.00e+00	0.00e+00	1.8732e+02
7.45412e+19	7.1899e+03	4.799e-21	7.7426e+01	1.6398e+01	7.7180e-11	8.3263e-01	1.6737e-01	4.8839e-01	5.1056e-01	1.0484e-03	5.4290e-14	3.0634e-05	9.4563e-01	5.4323e-02	1.5111e-05	8.6152e-01	1.3830e-01	1.7687e-04	2.0133e-06	1.1755e-36	1.1755e-36	1.2428e-21	0.00e+00	0.00e+00	1.8939e+02
7.45462e+19	7.0713e+03	4.514e-21	7.7426e+01	1.5788e+01	8.4517e-11	8.3926e-01	1.6074e-01	5.0325e-01	4.9569e-01	1.0562e-03	5.5942e-14	2.9694e-05	9.4808e-01	5.1871e-02	1.4875e-05	8.6726e-01	1.3257e-01	1.6630e-04	1.9173e-06	1.1755e-36	1.1755e-36	1.1942e-21	0.00e+00	0.00e+00	1.9137e+02
7.45511e+19	6.9466e+03	4.243e-21	7.7426e+01	1.5196e+01	9.3014e-11	8.4562e-01	1.5438e-01	5.1842e-01	4.8052e-01	1.0617e-03	5.7625e-14	2.8776e-05	9.5041e-01	4.9550e-02	1.4666e-05	8.7276e-01	1.2708e-01	1.5708e-04	1.8270e-06	1.1755e-36	1.1755e-36	1.1469e-21	0.00e+00	0.00e+00	1.9344e+02
7.45562e+19	6.8171e+03	3.977e-21	7.7426e+01	1.4576e+01	1.0290e-10	8.5213e-01	1.4787e-01	5.3380e-01	4.6513e-01	1.0696e-03	5.9484e-14	2.7788e-05	9.5260e-01	4.7354e-02	1.4472e-05	8.7837e-01	1.2148e-01	1.4865e-04	1.7360e-06	1.1755e-36	1.1755e-36	1.0974e-21	0.00e+00	0.00e+00	1.9558e+02
7.45612e+19	6.6946e+03	3.730e-21	7.7426e+01	1.3984e+01	1.1340e-10	8.5838e-01	1.4162e-01	5.4876e-01	4.5017e-01	1.0775e-03	6.1399e-14	2.6827e-05	9.5459e-01	4.5368e-02	1.4300e-05	8.8372e-01	1.1613e-01	1.4134e-04	1.6500e-06	1.1755e-36	1.1755e-36	1.0513e-21	0.00e+00	0.00e+00	1.9761e+02
7.45659e+19	6.5643e+03	3.512e-21	7.7426e+01	1.3460e+01	1.2570e-10	8.6405e-01	1.3595e-01	5.6356e-01	4.3536e-01	1.0788e-03	6.3200e-14	2.5988e-05	9.5640e-01	4.3561e-02	1.4160e-05	8.8859e-01	1.1127e-01	1.3547e-04	1.5733e-06	1.1755e-36	1.1755e-36	1.0125e-21	0.00e+00	0.00e+00	1.9954e+02
7.45705e+19	6.4253e+03	3.304e-21	7.7426e+01	1.2927e+01	1.4040e-10	8.6959e-01	1.3041e-01	5.7832e-01	4.2060e-01	1.0806e-03	6.5106e-14	2.5121e-05	9.5807e-01	4.1892e-02	1.4038e-05	8.9333e-01	1.0654e-01	1.3036e-04	1.4995e-06	1.1755e-36	1.1755e-36	9.7388e-22	0.00e+00	0.00e+00	2.0153e+02
7.45751e+19	6.2940e+03	3.115e-21	7.7426e+01	1.2454e+01	1.5597e-10	8.7455e-01	1.2545e-01	5.9286e-01	4.0606e-01	1.0776e-03	6.6919e-14	2.4351e-05	9.5959e-01	4.0366e-02	1.3934e-05	8.9756e-01	1.0231e-01	1.2613e-04	1.4343e-06	1.1755e-36	1.1755e-36	9.4181e-22	0.00e+00	0.00e+00	2.0348e+02
7.45798e+19	6.1497e+03	2.930e-21	7.7426e+01	1.1962e+01	1.7518e-10	8.7963e-01	1.2037e-01	6.0784e-01	3.9108e-01	1.0742e-03	6.8902e-14	2.3541e-05	9.6105e-01	3.8915e-02	1.3840e-05	9.0189e-01	9.7987e-02	1.2235e-04	1.3683e-06	1.1755e-36	1.1755e-36	9.1084e-22	0.00e+00	0.00e+00	2.0554e+02
7.45845e+19	6.0038e+03	2.753e-21	7.7426e+01	1.1468e+01	1.9706e-10	8.8476e-01	1.1524e-01	6.2259e-01	3.7634e-01	1.0718e-03	7.1040e-14	2.2714e-05	9.6236e-01	3.7599e-02	1.3756e-05	9.0624e-01	9.3635e-02	1.1902e-04	1.3026e-06	1.1755e-36	1.1755e-36	8.8252e-22	0.00e+00	0.00e+00	2.0756e+02
7.45890e+19	5.8604e+03	2.595e-21	7.7426e+01	1.1019e+01	2.2109e-10	8.8935e-01	1.1065e-01	6.3674e-01	3.6220e-01	1.0662e-03	7.3095e-14	2.1962e-05	9.6352e-01	3.6446e-02	1.3689e-05	9.1014e-01	8.9741e-02	1.1640e-04	1.2444e-06	1.1755e-36	1.1755e-36	8.6007e-22	0.00e+00	0.00e+00	2.0944e+02
7.45933e+19	5.7165e+03	2.453e-21	7.7426e+01	1.0608e+01	2.4782e-10	8.9347e-01	1.0653e-01	6.5055e-01	3.4840e-01	1.0568e-03	7.5070e-14	2.1275e-05	9.6455e-01	3.5414e-02	1.3637e-05	9.1364e-01	8.6244e-02	1.1437e-04	1.1928e-06	1.1755e-36	1.1755e-36	8.4331e-22	0.00e+00	0.00e+00	2.1129e+02
7.45976e+19	5.5674e+03	2.318e-21	7.7426e+01	1.0205e+01	2.7832e-10	8.9750e-01	1.0250e-01	6.6442e-01	3.3453e-01	1.0454e-03	7.7122e-14	2.0599e-05	9.6550e-01	3.4465e-02	1.3594e-05	9.1705e-01	8.2831e-02	1.1268e-04	1.1429e-06	1.1755e-36	1.1755e-36	8.3060e-22	0.00e+00	0.00e+00	2.1322e+02
7.46020e+19	5.4133e+03	2.188e-21	7.7426e+01	9.8025e+00	3.1261e-10	9.0152e-01	9.8480e-02	6.7828e-01	3.2069e-01	1.0331e-03	7.9300e-14	1.9919e-05	9.6636e-01	3.3607e-02	1.3559e-05	9.2046e-01	7.9430e-02	1.1129e-04	1.0935e-06	1.1755e-36	1.1755e-36	8.2153e-22	0.00e+00	0.00e+00	2.1518e+02
7.46064e+19	5.2581e+03	2.065e-21	7.7426e+01	9.4102e+00	3.4947e-10	9.0543e-01	9.4566e-02	6.9183e-01	3.0715e-01	1.0201e-03	8.1556e-14	1.9253e-05	9.6711e-01	3.2854e-02	1.3530e-05	9.2376e-01	7.6125e-02	1.1020e-04	1.0459e-06	1.1755e-36	1.1755e-36	8.1593e-22	0.00e+00	0.00e+00	2.1709e+02
7.46107e+19	5.0994e+03	1.955e-21	7.7426e+01	9.0441e+00	3.8889e-10	9.0903e-01	9.0972e-02	7.0492e-01	2.9407e-01	1.0043e-03	8.3756e-14	1.8637e-05	9.6776e-01	3.2211e-02	1.3514e-05	9.2680e-01	7.3088e-02	1.0950e-04	1.0026e-06	1.1755e-36	1.1755e-36	8.1487e-22	0.00e+00	0.00e+00	2.1894e+02
7.46147e+19	4.9445e+03	1.855e-21	7.7426e+01	8.7083e+00	4.2672e-10	9.1229e-01	8.7706e-02	7.1748e-01	2.8154e-01	9.8620e-04	8.5805e-14	1.8078e-05	9.6842e-01	3.1543e-02	1.3505e-05	9.2956e-01	7.0328e-02	1.0909e-04	9.6362e-07	1.1755e-36	1.1755e-36	8.0723e-22	0.00e+00	0.00e+00	2.2072e+02
7.46187e+19	4.7899e+03	1.764e-21	7.7426e+01	8.3947e+00	4.6105e-10	9.1532e-01	8.4681e-02	7.2945e-01	2.6959e-01	9.6659e-04	8.7649e-14	1.7566e-05	9.6923e-01	3.0740e-02	1.3502e-05	9.3212e-01	6.7769e-02	1.0895e-04	9.2781e-07	1.1755e-36	1.1755e-36	7.8220e-22	0.00e+00	0.00e+00	2.2244e+02
7.46224e+19	4.6421e+03	1.684e-21	7.7426e+01	8.1094e+00	4.9094e-10	9.1805e-01	8.1947e-02	7.4058e-01	2.5847e-01	9.4639e-04	8.9348e-14	1.7106e-05	9.6995e-01	3.0021e-02	1.3506e-05	9.3443e-01	6.5457e-02	1.0900e-04	8.9570e-07	1.1755e-36	1.1755e-36	7.5489e-22	0.00e+00	0.00e+00	2.2404e+02
7.46258e+19	4.5009e+03	1.612e-21	7.7426e+01	7.8525e+00	5.1581e-10	9.2048e-01	7.9521e-02	7.5096e-01	2.4812e-01	9.2528e-04	9.0874e-14	1.6700e-05	9.7060e-01	2.9373e-02	1.3516e-05	9.3649e-01	6.3401e-02	1.0923e-04	8.6739e-07	1.1755e-36	1.1755e-36	7.2579e-22	0.00e+00	0.00e+00	2.2555e+02
7.46291e+19	4.3609e+03	1.548e-21	7.7426e+01	7.6129e+00	5.3612e-10	9.2273e-01	7.7268e-02	7.6074e-01	2.3836e-01	9.0363e-04	9.2287e-14	1.6332e-05	9.7119e-01	2.8777e-02	1.3531e-05	9.3840e-01	6.1488e-02	1.0961e-04	8.4127e-07	1.1755e-36	1.1755e-36	6.9429e-22	0.00e+00	0.00e+00	2.2700e+02
7.46322e+19	4.2331e+03	1.490e-21	7.7426e+01	7.3942e+00	5.4988e-10	9.2477e-01	7.5229e-02	7.6972e-01	2.2940e-01	8.8314e-04	9.3605e-14	1.5999e-05	9.7172e-01	2.8251e-02	1.3548e-05	9.4013e-01	5.9759e-02	1.1003e-04	8.1775e-07	1.1755e-36	1.1755e-36	6.6227e-22	0.00e+00	0.00e+00	2.2836e+02
7.46352e+19	4.1078e+03	1.437e-21	7.7426e+01	7.1888e+00	5.5914e-10	9.2668e-01	7.3315e-02	7.7833e-01	2.2081e-01	8.6204e-04	9.4844e-14	1.5696e-05	9.7221e-01	2.7759e-02	1.3568e-05	9.4176e-01	5.8133e-02	1.1054e-04	7.9579e-07	1.1755e-36	1.1755e-36	6.2942e-22	0.00e+00	0.00e+00	2.2971e+02
7.46382e+19	3.9902e+03	1.386e-21	7.7426e+01	6.9908e+00	5.6333e-10	9.2856e-01	7.1445e-02	7.8650e-01	2.1266e-01	8.4219e-04	9.6101e-14	1.5405e-05	9.7266e-01	2.7311e-02	1.3587e-05	9.4334e-01	5.6549e-02	1.1104e-04	7.7438e-07	1.1755e-36	1.1755e-36	5.9648e-22	0.00e+00	0.00e+00	2.3104e+02
