#depth	Te	Htot	hden	eden	2H_2/H	HI	HII	HeI	HeII	HeIII	CO/C	C1	C2	C3	C4	O1	O2	O3	O4	O5	O6	H2O/O	AV(point)	AV(extend)	Tau912
1.61697e+14	1.1033e+04	3.501e-19	2.1544e+02	2.4971e+02	5.0093e-16	1.7255e-03	9.9827e-01	2.8500e-04	1.5322e-01	8.4649e-01	1.0990e-20	1.0640e-05	1.7082e-02	4.9704e-01	3.7031e-01	8.1531e-06	5.7271e-03	2.9806e-01	6.2417e-01	7.0363e-02	1.6435e-03	3.3223e-28	0.00e+00	0.00e+00	7.5891e-04
9.70180e+14	1.1018e+04	3.495e-19	2.1544e+02	2.4956e+02	5.0176e-16	1.7228e-03	9.9828e-01	2.8482e-04	1.5321e-01	8.4650e-01	1.0906e-20	1.0571e-05	1.7051e-02	4.9656e-01	3.7090e-01	8.1241e-06	5.7162e-03	2.9852e-01	6.2386e-01	7.0234e-02	1.6412e-03	3.2960e-28	0.00e+00	0.00e+00	3.7897e-03
4.20411e+15	1.0981e+04	3.483e-19	2.1544e+02	2.4953e+02	5.0549e-16	1.7187e-03	9.9828e-01	2.8590e-04	1.5377e-01	8.4594e-01	1.0874e-20	1.0482e-05	1.7082e-02	4.9769e-01	3.7091e-01	8.1126e-06	5.7216e-03	3.0088e-01	6.2217e-01	6.9574e-02	1.6240e-03	3.2731e-28	0.00e+00	0.00e+00	1.5884e-02
1.71398e+16	1.0879e+04	3.450e-19	2.1544e+02	2.4947e+02	5.1678e-16	1.7109e-03	9.9829e-01	2.9188e-04	1.5695e-01	8.4276e-01	1.0942e-20	1.0368e-05	1.7267e-02	5.0374e-01	3.6926e-01	8.1687e-06	5.7846e-03	3.1050e-01	6.1503e-01	6.7092e-02	1.5578e-03	3.2428e-28	0.00e+00	0.00e+00	6.4043e-02
4.09416e+16	1.0514e+04	3.345e-19	2.1544e+02	2.4945e+02	5.4062e-16	1.6528e-03	9.9835e-01	2.9576e-04	1.5885e-01	8.4085e-01	9.9572e-21	9.8011e-06	1.7424e-02	5.1057e-01	3.6873e-01	7.7368e-06	5.6807e-03	3.2368e-01	6.0613e-01	6.3002e-02	1.4718e-03	2.8034e-28	0.00e+00	0.00e+00	1.2452e-01
6.59990e+16	1.0188e+04	3.256e-19	2.1544e+02	2.4940e+02	5.5572e-16	1.5920e-03	9.9841e-01	2.9972e-04	1.6179e-01	8.3791e-01	8.8209e-21	9.3014e-06	1.7510e-02	5.1825e-01	3.6708e-01	7.2513e-06	5.5433e-03	3.3652e-01	5.9725e-01	5.9267e-02	1.3961e-03	2.3623e-28	0.00e+00	0.00e+00	1.7477e-01
8.84896e+16	9.9996e+03	3.203e-19	2.1544e+02	2.4932e+02	5.6083e-16	1.5532e-03	9.9845e-01	3.0658e-04	1.6661e-01	8.3308e-01	8.1817e-21	9.0456e-06	1.7627e-02	5.2667e-01	3.6398e-01	7.0219e-06	5.5116e-03	3.4956e-01	5.8745e-01	5.6121e-02	1.3263e-03	2.1190e-28	0.00e+00	0.00e+00	2.2076e-01
1.13528e+17	9.8833e+03	3.167e-19	2.1544e+02	2.4920e+02	5.6321e-16	1.5306e-03	9.9847e-01	3.1959e-04	1.7461e-01	8.2507e-01	7.9849e-21	8.9943e-06	1.7882e-02	5.3794e-01	3.5879e-01	7.0547e-06	5.6196e-03	3.6683e-01	5.7369e-01	5.2601e-02	1.2399e-03	2.0121e-28	0.00e+00	0.00e+00	2.7968e-01
1.46078e+17	9.8030e+03	3.124e-19	2.1544e+02	2.4895e+02	5.5444e-16	1.5041e-03	9.9850e-01	3.3855e-04	1.8676e-01	8.1290e-01	7.7812e-21	8.9666e-06	1.8181e-02	5.5256e-01	3.5155e-01	7.1584e-06	5.7992e-03	3.9092e-01	5.5390e-01	4.8227e-02	1.1323e-03	1.9072e-28	0.00e+00	0.00e+00	3.5495e-01
1.88393e+17	9.7525e+03	3.083e-19	2.1544e+02	2.4860e+02	5.3810e-16	1.4781e-03	9.9852e-01	3.7007e-04	2.0643e-01	7.9320e-01	7.7214e-21	9.0450e-06	1.8624e-02	5.7240e-01	3.4077e-01	7.4520e-06	6.1321e-03	4.2571e-01	5.2450e-01	4.2648e-02	9.9450e-04	1.8379e-28	0.00e+00	0.00e+00	4.5110e-01
2.43403e+17	9.7701e+03	3.043e-19	2.1544e+02	2.4803e+02	5.0840e-16	1.4533e-03	9.9855e-01	4.2293e-04	2.3935e-01	7.6023e-01	7.8404e-21	9.2555e-06	1.9219e-02	5.9854e-01	3.2541e-01	8.0330e-06	6.6980e-03	4.7689e-01	4.7998e-01	3.5590e-02	8.2129e-04	1.8230e-28	0.00e+00	0.00e+00	5.7401e-01
3.03738e+17	9.8438e+03	3.010e-19	2.1544e+02	2.4724e+02	4.6173e-16	1.4204e-03	9.9858e-01	4.9844e-04	2.8813e-01	7.1137e-01	7.7100e-21	9.4410e-06	1.9744e-02	6.2680e-01	3.0761e-01	8.6816e-06	7.3791e-03	5.4043e-01	4.2334e-01	2.8187e-02	6.4582e-04	1.7642e-28	0.00e+00	0.00e+00	6.8699e-01
3.58618e+17	9.9724e+03	2.984e-19	2.1544e+02	2.4606e+02	4.1991e-16	1.4016e-03	9.9860e-01	5.9482e-04	3.4921e-01	6.5020e-01	7.8673e-21	9.7483e-06	2.0307e-02	6.5206e-01	2.9081e-01	9.6486e-06	8.2628e-03	6.0647e-01	3.6309e-01	2.1666e-02	4.9314e-04	1.7950e-28	0.00e+00	0.00e+00	7.8473e-01
4.06665e+17	1.0085e+04	2.965e-19	2.1544e+02	2.4476e+02	3.9607e-16	1.4001e-03	9.9860e-01	7.0659e-04	4.1888e-01	5.8041e-01	8.2022e-21	1.0125e-05	2.0836e-02	6.7336e-01	2.7613e-01	1.0768e-05	9.1823e-03	6.6905e-01	3.0509e-01	1.6289e-02	3.6851e-04	1.8951e-28	0.00e+00	0.00e+00	8.7007e-01
4.49676e+17	1.0169e+04	2.935e-19	2.1544e+02	2.4336e+02	3.8766e-16	1.4135e-03	9.9859e-01	8.3012e-04	4.9340e-01	5.0577e-01	8.7877e-21	1.0589e-05	2.1389e-02	6.9086e-01	2.6373e-01	1.2103e-05	1.0165e-02	7.2557e-01	2.5198e-01	1.2004e-02	2.7027e-04	2.0751e-28	0.00e+00	0.00e+00	9.4928e-01
4.90129e+17	1.0175e+04	2.897e-19	2.1544e+02	2.4192e+02	4.0061e-16	1.4438e-03	9.9856e-01	9.6553e-04	5.7109e-01	4.2795e-01	9.6649e-21	1.1156e-05	2.2016e-02	7.0614e-01	2.5249e-01	1.3674e-05	1.1188e-02	7.7589e-01	2.0411e-01	8.6075e-03	1.9328e-04	2.3411e-28	0.00e+00	0.00e+00	1.0272e+00
5.28234e+17	1.0145e+04	2.842e-19	2.1544e+02	2.4053e+02	4.2419e-16	1.4826e-03	9.9852e-01	1.0993e-03	6.4499e-01	3.5391e-01	1.0672e-20	1.1741e-05	2.2622e-02	7.1861e-01	2.4304e-01	1.5336e-05	1.2166e-02	8.1773e-01	1.6384e-01	6.1047e-03	1.3726e-04	2.6554e-28	0.00e+00	0.00e+00	1.1009e+00
5.70219e+17	1.0053e+04	2.763e-19	2.1544e+02	2.3912e+02	4.7550e-16	1.5457e-03	9.9845e-01	1.2489e-03	7.2011e-01	2.7864e-01	1.2401e-20	1.2551e-05	2.3425e-02	7.3085e-01	2.3329e-01	1.7559e-05	1.3296e-02	8.5622e-01	1.2631e-01	4.0611e-03	9.1767e-05	3.1844e-28	0.00e+00	0.00e+00	1.2006e+00
6.24800e+17	9.8907e+03	2.654e-19	2.1544e+02	2.3765e+02	5.6838e-16	1.6421e-03	9.9836e-01	1.4224e-03	7.9910e-01	1.9948e-01	1.5132e-20	1.3652e-05	2.4463e-02	7.4387e-01	2.2232e-01	2.0618e-05	1.4617e-02	8.9295e-01	8.9958e-02	2.4003e-03	5.4981e-05	4.0373e-28	0.00e+00	0.00e+00	1.3384e+00
6.84006e+17	9.7170e+03	2.547e-19	2.1544e+02	2.3647e+02	6.8670e-16	1.7523e-03	9.9825e-01	1.5705e-03	8.5941e-01	1.3902e-01	1.8302e-20	1.4775e-05	2.5458e-02	7.5467e-01	2.1268e-01	2.3888e-05	1.5797e-02	9.1908e-01	6.3633e-02	1.4312e-03	3.3331e-05	5.0550e-28	0.00e+00	0.00e+00	1.4736e+00
7.47981e+17	9.5586e+03	2.457e-19	2.1544e+02	2.3560e+02	8.4758e-16	1.8898e-03	9.9811e-01	1.7002e-03	9.0175e-01	9.6547e-02	2.2959e-20	1.6108e-05	2.6580e-02	7.6409e-01	2.0367e-01	2.7869e-05	1.6986e-02	9.3703e-01	4.5049e-02	8.8426e-04	2.0616e-05	6.5859e-28	0.00e+00	0.00e+00	1.6567e+00
8.22780e+17	9.4459e+03	2.393e-19	2.1544e+02	2.3501e+02	1.0496e-15	2.0612e-03	9.9794e-01	1.8154e-03	9.3168e-01	6.6504e-02	2.9378e-20	1.7637e-05	2.7765e-02	7.7262e-01	1.9505e-01	3.2805e-05	1.8198e-02	9.4949e-01	3.1687e-02	5.7881e-04	1.2964e-05	8.8192e-28	0.00e+00	0.00e+00	1.8763e+00
8.94073e+17	9.4080e+03	2.364e-19	2.1544e+02	2.3464e+02	1.2496e-15	2.2381e-03	9.9776e-01	1.9020e-03	9.4889e-01	4.9204e-02	3.6759e-20	1.9076e-05	2.8795e-02	7.7903e-01	1.8825e-01	3.8052e-05	1.9290e-02	9.5646e-01	2.3765e-02	4.3824e-04	9.0225e-06	1.1588e-27	0.00e+00	0.00e+00	2.0718e+00
9.56404e+17	9.4131e+03	2.358e-19	2.1544e+02	2.3441e+02	1.4467e-15	2.4133e-03	9.9759e-01	1.9720e-03	9.5911e-01	3.8919e-02	4.5335e-20	2.0446e-05	2.9730e-02	7.8408e-01	1.8267e-01	4.3499e-05	2.0290e-02	9.6040e-01	1.8890e-02	3.6829e-04	6.8047e-06	1.5001e-27	0.00e+00	0.00e+00	2.2702e+00
1.02591e+18	9.4453e+03	2.365e-19	2.1544e+02	2.3421e+02	1.7052e-15	2.6350e-03	9.9736e-01	2.0504e-03	9.6738e-01	3.0570e-02	5.8550e-20	2.2169e-05	3.0881e-02	7.8953e-01	1.7643e-01	5.0873e-05	2.1513e-02	9.6330e-01	1.4814e-02	3.2011e-04	5.0730e-06	2.0529e-27	0.00e+00	0.00e+00	2.5517e+00
1.10109e+18	9.5243e+03	2.392e-19	2.1544e+02	2.3404e+02	2.0086e-15	2.9062e-03	9.9709e-01	2.1290e-03	9.7341e-01	2.4457e-02	7.7311e-20	2.4112e-05	3.2116e-02	7.9493e-01	1.7010e-01	6.0559e-05	2.2953e-02	9.6496e-01	1.1735e-02	2.9059e-04	3.8312e-06	2.9033e-27	0.00e+00	0.00e+00	2.8355e+00
1.16656e+18	9.6190e+03	2.428e-19	2.1544e+02	2.3391e+02	2.3174e-15	3.1805e-03	9.9682e-01	2.2002e-03	9.7721e-01	2.0592e-02	1.0010e-19	2.5978e-05	3.3277e-02	7.9959e-01	1.6449e-01	7.1201e-05	2.4391e-02	9.6554e-01	9.7233e-03	2.7459e-04	3.0486e-06	4.0096e-27	0.00e+00	0.00e+00	3.0913e+00
1.22284e+18	9.7113e+03	2.466e-19	2.1544e+02	2.3380e+02	2.6348e-15	3.4496e-03	9.9655e-01	2.2655e-03	9.7978e-01	1.7950e-02	1.2710e-19	2.7769e-05	3.4388e-02	8.0376e-01	1.5937e-01	8.2511e-05	2.5796e-02	9.6554e-01	8.3150e-03	2.6485e-04	2.5165e-06	5.3951e-27	0.00e+00	0.00e+00	3.3420e+00
1.28429e+18	9.8149e+03	2.511e-19	2.1544e+02	2.3369e+02	3.0626e-15	3.7825e-03	9.9622e-01	2.3482e-03	9.8215e-01	1.5504e-02	1.6904e-19	3.0014e-05	3.5798e-02	8.0862e-01	1.5328e-01	9.7896e-05	2.7576e-02	9.6507e-01	6.9938e-03	2.5666e-04	2.0352e-06	7.6518e-27	0.00e+00	0.00e+00	3.6993e+00
1.34667e+18	9.9425e+03	2.568e-19	2.1544e+02	2.3356e+02	3.5558e-15	4.1720e-03	9.9583e-01	2.4376e-03	9.8392e-01	1.3639e-02	2.2777e-19	3.2463e-05	3.7324e-02	8.1351e-01	1.4702e-01	1.1783e-04	2.9712e-02	9.6396e-01	5.9531e-03	2.5110e-04	1.6613e-06	1.1019e-26	0.00e+00	0.00e+00	4.0130e+00
1.39438e+18	1.0049e+04	2.616e-19	2.1544e+02	2.3346e+02	4.0080e-15	4.5137e-03	9.9549e-01	2.5133e-03	9.8502e-01	1.2464e-02	2.9050e-19	3.4549e-05	3.8626e-02	8.1742e-01	1.4192e-01	1.3703e-04	3.1613e-02	9.6272e-01	5.2810e-03	2.4781e-04	1.4244e-06	1.4816e-26	0.00e+00	0.00e+00	4.2594e+00
1.43267e+18	1.0140e+04	2.654e-19	2.1544e+02	2.3337e+02	4.4204e-15	4.8140e-03	9.9519e-01	2.5820e-03	9.8581e-01	1.1609e-02	3.5663e-19	3.6384e-05	3.9781e-02	8.2066e-01	1.3762e-01	1.5539e-04	3.3323e-02	9.6149e-01	4.7878e-03	2.4553e-04	1.2560e-06	1.8977e-26	0.00e+00	0.00e+00	4.4980e+00
1.47459e+18	1.0217e+04	2.700e-19	2.1544e+02	2.3328e+02	5.0027e-15	5.1817e-03	9.9482e-01	2.6651e-03	9.8662e-01	1.0710e-02	4.5453e-19	3.8675e-05	4.1237e-02	8.2452e-01	1.3241e-01	1.7956e-04	3.5428e-02	9.5987e-01	4.2744e-03	2.4292e-04	1.0865e-06	2.5315e-26	0.00e+00	0.00e+00	4.8320e+00
1.52090e+18	1.0325e+04	2.751e-19	2.1544e+02	2.3318e+02	5.7038e-15	5.6289e-03	9.9437e-01	2.7597e-03	9.8735e-01	9.8859e-03	5.9688e-19	4.1350e-05	4.2931e-02	8.2868e-01	1.2666e-01	2.1186e-04	3.8059e-02	9.5769e-01	3.7925e-03	2.4064e-04	9.3004e-07	3.5012e-26	0.00e+00	0.00e+00	5.1782e+00
1.56191e+18	1.0402e+04	2.804e-19	2.1544e+02	2.3309e+02	6.5178e-15	6.0848e-03	9.9392e-01	2.8566e-03	9.8790e-01	9.2393e-03	7.7489e-19	4.4024e-05	4.4646e-02	8.3253e-01	1.2119e-01	2.4794e-04	4.0799e-02	9.5530e-01	3.4125e-03	2.3854e-04	8.0832e-07	4.7661e-26	0.00e+00	0.00e+00	5.4827e+00
1.59643e+18	1.0484e+04	2.845e-19	2.1544e+02	2.3298e+02	7.2502e-15	6.5028e-03	9.9350e-01	2.9454e-03	9.8830e-01	8.7509e-03	9.6977e-19	4.6459e-05	4.6208e-02	8.3572e-01	1.1651e-01	2.8427e-04	4.3390e-02	9.5297e-01	3.1194e-03	2.3700e-04	7.1760e-07	6.1949e-26	0.00e+00	0.00e+00	5.7679e+00
1.63351e+18	1.0564e+04	2.891e-19	2.1544e+02	2.3287e+02	8.2005e-15	6.9959e-03	9.9300e-01	3.0526e-03	9.8871e-01	8.2339e-03	1.2502e-18	4.9353e-05	4.8073e-02	8.3925e-01	1.1120e-01	3.3076e-04	4.6483e-02	9.5014e-01	2.8147e-03	2.3518e-04	6.2749e-07	8.3168e-26	0.00e+00	0.00e+00	6.1667e+00
1.67331e+18	1.0659e+04	2.941e-19	2.1544e+02	2.3270e+02	9.3387e-15	7.5882e-03	9.9241e-01	3.1821e-03	9.8906e-01	7.7597e-03	1.6523e-18	5.2708e-05	5.0259e-02	8.4290e-01	1.0545e-01	3.9257e-04	5.0335e-02	9.4651e-01	2.5292e-03	2.3336e-04	5.4413e-07	1.1438e-25	0.00e+00	0.00e+00	6.5555e+00
1.70692e+18	1.0728e+04	2.989e-19	2.1544e+02	2.3256e+02	1.0570e-14	8.1575e-03	9.9184e-01	3.3046e-03	9.8930e-01	7.3941e-03	2.1281e-18	5.5892e-05	5.2333e-02	8.4598e-01	1.0037e-01	4.5765e-04	5.4097e-02	9.4291e-01	2.3081e-03	2.3159e-04	4.8078e-07	1.5281e-25	0.00e+00	0.00e+00	6.8834e+00
1.73499e+18	1.0787e+04	3.028e-19	2.1544e+02	2.3244e+02	1.1751e-14	8.6769e-03	9.9132e-01	3.4162e-03	9.8948e-01	7.1048e-03	2.6501e-18	5.8780e-05	5.4223e-02	8.4849e-01	9.6026e-02	5.2232e-04	5.7607e-02	9.3951e-01	2.1326e-03	2.3003e-04	4.3234e-07	1.9620e-25	0.00e+00	0.00e+00	7.1970e+00
1.76555e+18	1.0845e+04	3.071e-19	2.1544e+02	2.3231e+02	1.3277e-14	9.2936e-03	9.9071e-01	3.5478e-03	9.8966e-01	6.7884e-03	3.3995e-18	6.2234e-05	5.6474e-02	8.5118e-01	9.1146e-02	6.0526e-04	6.1810e-02	9.3541e-01	1.9457e-03	2.2812e-04	3.8309e-07	2.6023e-25	0.00e+00	0.00e+00	7.6337e+00
1.79903e+18	1.0916e+04	3.119e-19	2.1544e+02	2.3212e+02	1.5189e-14	1.0046e-02	9.8995e-01	3.7090e-03	9.8981e-01	6.4830e-03	4.5053e-18	6.6308e-05	5.9160e-02	8.5391e-01	8.5802e-02	7.1717e-04	6.7125e-02	9.3017e-01	1.7619e-03	2.2597e-04	3.3542e-07	3.5739e-25	0.00e+00	0.00e+00	8.0764e+00
1.82829e+18	1.0962e+04	3.167e-19	2.1544e+02	2.3200e+02	1.7391e-14	1.0799e-02	9.8920e-01	3.8649e-03	9.8990e-01	6.2330e-03	5.8840e-18	7.0405e-05	6.1806e-02	8.5616e-01	8.0963e-02	8.3954e-04	7.2503e-02	9.2482e-01	1.6118e-03	2.2366e-04	2.9716e-07	4.8393e-25	0.00e+00	0.00e+00	8.4599e+00
1.85298e+18	1.1015e+04	3.204e-19	2.1544e+02	2.3185e+02	1.9368e-14	1.1488e-02	9.8851e-01	4.0077e-03	9.8995e-01	6.0373e-03	7.3853e-18	7.4049e-05	6.4214e-02	8.5788e-01	7.6891e-02	9.6245e-04	7.7583e-02	9.1974e-01	1.4919e-03	2.2171e-04	2.6782e-07	6.2373e-25	0.00e+00	0.00e+00	8.8235e+00
1.87974e+18	1.1065e+04	3.246e-19	2.1544e+02	2.3168e+02	2.1919e-14	1.2300e-02	9.8770e-01	4.1788e-03	9.9000e-01	5.8195e-03	9.5372e-18	7.8360e-05	6.7059e-02	8.5957e-01	7.2407e-02	1.1192e-03	8.3625e-02	9.1367e-01	1.3647e-03	2.1933e-04	2.3814e-07	8.2942e-25	0.00e+00	0.00e+00	9.3295e+00
1.90894e+18	1.1114e+04	3.296e-19	2.1544e+02	2.3148e+02	2.5340e-14	1.3309e-02	9.8669e-01	4.3876e-03	9.9001e-01	5.6032e-03	1.2809e-17	8.3583e-05	7.0498e-02	8.6111e-01	6.7483e-02	1.3332e-03	9.1290e-02	9.0592e-01	1.2367e-03	2.1637e-04	2.0865e-07	1.1517e-24	0.00e+00	0.00e+00	9.8390e+00
1.93431e+18	1.1163e+04	3.339e-19	2.1544e+02	2.3126e+02	2.8814e-14	1.4295e-02	9.8571e-01	4.5900e-03	9.8998e-01	5.4325e-03	1.6739e-17	8.8533e-05	7.3798e-02	8.6214e-01	6.3197e-02	1.5646e-03	9.8996e-02	8.9809e-01	1.1326e-03	2.1356e-04	1.8535e-07	1.5488e-24	0.00e+00	0.00e+00	1.0279e+01
1.95570e+18	1.1199e+04	3.377e-19	2.1544e+02	2.3097e+02	3.2192e-14	1.5215e-02	9.8479e-01	4.7837e-03	9.8993e-01	5.2899e-03	2.1085e-17	9.2935e-05	7.6856e-02	8.6275e-01	5.9563e-02	1.7996e-03	1.0629e-01	8.9065e-01	1.0482e-03	2.1095e-04	1.6709e-07	1.9892e-24	0.00e+00	0.00e+00	1.0696e+01
1.97888e+18	1.1232e+04	3.418e-19	2.1544e+02	2.3075e+02	3.6652e-14	1.6291e-02	9.8371e-01	5.0089e-03	9.8986e-01	5.1311e-03	2.7414e-17	9.8338e-05	8.0448e-02	8.6313e-01	5.5630e-02	2.0971e-03	1.1488e-01	8.8185e-01	9.5915e-04	2.0777e-04	1.4870e-07	2.6572e-24	0.00e+00	0.00e+00	1.1276e+01
2.00450e+18	1.1265e+04	3.469e-19	2.1544e+02	2.3052e+02	4.2824e-14	1.7648e-02	9.8235e-01	5.2868e-03	9.8974e-01	4.9694e-03	3.7357e-17	1.0509e-04	8.4850e-02	8.6310e-01	5.1304e-02	2.5099e-03	1.2593e-01	8.7048e-01	8.6706e-04	2.0372e-04	1.2997e-07	3.7467e-24	0.00e+00	0.00e+00	1.1877e+01
2.02728e+18	1.1299e+04	3.515e-19	2.1544e+02	2.3023e+02	4.9302e-14	1.9024e-02	9.8098e-01	5.5650e-03	9.8960e-01	4.8373e-03	4.9741e-17	1.1158e-04	8.9214e-02	8.6261e-01	4.7474e-02	2.9722e-03	1.3736e-01	8.5868e-01	7.8950e-04	1.9971e-04	1.1755e-36	5.1273e-24	0.00e+00	0.00e+00	1.2408e+01
2.04665e+18	1.1331e+04	3.552e-19	2.1544e+02	2.2984e+02	5.5448e-14	2.0308e-02	9.7969e-01	5.8294e-03	9.8944e-01	4.7286e-03	6.3596e-17	1.1727e-04	9.3255e-02	8.6180e-01	4.4273e-02	3.4454e-03	1.4823e-01	8.4740e-01	7.2664e-04	1.9606e-04	1.1755e-36	6.6743e-24	0.00e+00	0.00e+00	1.2912e+01
2.06762e+18	1.1349e+04	3.595e-19	2.1544e+02	2.2953e+02	6.3905e-14	2.1826e-02	9.7817e-01	6.1449e-03	9.8925e-01	4.6030e-03	8.4203e-17	1.2440e-04	9.8060e-02	8.6046e-01	4.0837e-02	4.0500e-03	1.6104e-01	8.3405e-01	6.6067e-04	1.9158e-04	1.1755e-36	9.0671e-24	0.00e+00	0.00e+00	1.3615e+01
2.09097e+18	1.1365e+04	3.648e-19	2.1544e+02	2.2921e+02	7.5944e-14	2.3781e-02	9.7622e-01	6.5424e-03	9.8898e-01	4.4729e-03	1.1775e-16	1.3353e-04	1.0404e-01	8.5828e-01	3.7064e-02	4.9067e-03	1.7770e-01	8.1662e-01	5.9107e-04	1.8582e-04	1.1755e-36	1.3119e-23	0.00e+00	0.00e+00	1.4359e+01
2.11203e+18	1.1385e+04	3.696e-19	2.1544e+02	2.2879e+02	8.9025e-14	2.5810e-02	9.7419e-01	6.9506e-03	9.8868e-01	4.3651e-03	1.6138e-16	1.4243e-04	1.1011e-01	8.5559e-01	3.3719e-02	5.8931e-03	1.9521e-01	7.9819e-01	5.3137e-04	1.7999e-04	1.1755e-36	1.8481e-23	0.00e+00	0.00e+00	1.5030e+01
2.13020e+18	1.1402e+04	3.736e-19	2.1544e+02	2.2835e+02	1.0254e-13	2.7757e-02	9.7224e-01	7.3473e-03	9.8838e-01	4.2741e-03	2.1361e-16	1.5082e-04	1.1589e-01	8.5263e-01	3.0914e-02	6.9311e-03	2.1212e-01	7.8029e-01	4.8246e-04	1.7449e-04	1.1755e-36	2.5030e-23	0.00e+00	0.00e+00	1.5681e+01
2.15002e+18	1.1407e+04	3.778e-19	2.1544e+02	2.2776e+02	1.2008e-13	3.0082e-02	9.6992e-01	7.8300e-03	9.8800e-01	4.1690e-03	2.9072e-16	1.6054e-04	1.2279e-01	8.4872e-01	2.7955e-02	8.2791e-03	2.3214e-01	7.5898e-01	4.3180e-04	1.6802e-04	1.1755e-36	3.4779e-23	0.00e+00	0.00e+00	1.6597e+01
2.17578e+18	1.1407e+04	3.837e-19	2.1544e+02	2.2703e+02	1.5027e-13	3.3590e-02	9.6641e-01	8.5509e-03	9.8741e-01	4.0354e-03	4.4535e-16	1.7525e-04	1.3289e-01	8.4234e-01	2.4260e-02	1.0532e-02	2.6193e-01	7.2701e-01	3.6993e-04	1.5846e-04	1.1755e-36	5.5173e-23	0.00e+00	0.00e+00	1.7928e+01
2.20105e+18	1.1402e+04	3.910e-19	2.1544e+02	2.2630e+02	1.9462e-13	3.8038e-02	9.6196e-01	9.4285e-03	9.8665e-01	3.9182e-03	7.1836e-16	1.9323e-04	1.4488e-01	8.3394e-01	2.0694e-02	1.3747e-02	2.9871e-01	6.8709e-01	3.1127e-04	1.4686e-04	1.1755e-36	9.3406e-23	0.00e+00	0.00e+00	1.9036e+01
2.21877e+18	1.1401e+04	3.953e-19	2.1544e+02	2.2544e+02	2.3396e-13	4.1707e-02	9.5829e-01	1.0166e-02	9.8599e-01	3.8441e-03	1.0149e-15	2.0697e-04	1.5468e-01	8.2653e-01	1.8315e-02	1.6714e-02	3.2856e-01	6.5431e-01	2.7293e-04	1.3783e-04	1.1755e-36	1.3543e-22	0.00e+00	0.00e+00	1.9831e+01
2.23228e+18	1.1395e+04	3.976e-19	2.1544e+02	2.2454e+02	2.6837e-13	4.4694e-02	9.5531e-01	1.0791e-02	9.8542e-01	3.7847e-03	1.3120e-15	2.1772e-04	1.6275e-01	8.2015e-01	1.6627e-02	1.9328e-02	3.5233e-01	6.2796e-01	2.4619e-04	1.3081e-04	1.1755e-36	1.7745e-22	0.00e+00	0.00e+00	2.0621e+01
2.24723e+18	1.1374e+04	4.004e-19	2.1544e+02	2.2373e+02	3.1663e-13	4.8331e-02	9.5167e-01	1.1565e-02	9.8472e-01	3.7125e-03	1.7640e-15	2.3155e-04	1.7253e-01	8.1217e-01	1.4842e-02	2.2695e-02	3.7985e-01	5.9712e-01	2.1832e-04	1.2256e-04	1.1755e-36	2.4382e-22	0.00e+00	0.00e+00	2.1732e+01
2.26666e+18	1.1348e+04	4.041e-19	2.1544e+02	2.2259e+02	3.9711e-13	5.3850e-02	9.4615e-01	1.2719e-02	9.8366e-01	3.6210e-03	2.6330e-15	2.5142e-04	1.8671e-01	8.0019e-01	1.2647e-02	2.8168e-02	4.1888e-01	5.5265e-01	1.8424e-04	1.1098e-04	1.1755e-36	3.7501e-22	0.00e+00	0.00e+00	2.3341e+01
2.28675e+18	1.1315e+04	4.088e-19	2.1544e+02	2.2105e+02	5.2005e-13	6.1203e-02	9.3880e-01	1.4191e-02	9.8227e-01	3.5373e-03	4.1753e-15	2.7551e-04	2.0413e-01	7.8494e-01	1.0478e-02	3.6024e-02	4.6558e-01	4.9815e-01	1.5039e-04	9.7302e-05	1.1755e-36	6.1985e-22	0.00e+00	0.00e+00	2.4857e+01
2.30239e+18	1.1277e+04	4.120e-19	2.1544e+02	2.1976e+02	6.5762e-13	6.8228e-02	9.3177e-01	1.5623e-02	9.8090e-01	3.4728e-03	6.1582e-15	2.9806e-04	2.2038e-01	7.7028e-01	8.8910e-03	4.4055e-02	5.0513e-01	4.5061e-01	1.2597e-04	8.5740e-05	1.1755e-36	9.4926e-22	0.00e+00	0.00e+00	2.6069e+01
2.31373e+18	1.1253e+04	4.123e-19	2.1544e+02	2.1817e+02	7.7610e-13	7.3796e-02	9.2620e-01	1.6799e-02	9.7977e-01	3.4335e-03	8.0911e-15	3.1475e-04	2.3320e-01	7.5849e-01	7.8527e-03	5.0795e-02	5.3389e-01	4.1513e-01	1.1032e-04	7.7558e-05	1.1755e-36	1.2721e-21	0.00e+00	0.00e+00	2.7036e+01
2.32481e+18	1.1212e+04	4.125e-19	2.1544e+02	2.1683e+02	9.2001e-13	7.9688e-02	9.2031e-01	1.8087e-02	9.7853e-01	3.3858e-03	1.0585e-14	3.3283e-04	2.4677e-01	7.4587e-01	6.9065e-03	5.8102e-02	5.6062e-01	3.8111e-01	9.6585e-05	6.9771e-05	1.1755e-36	1.7001e-21	0.00e+00	0.00e+00	2.8394e+01
2.33922e+18	1.1159e+04	4.130e-19	2.1544e+02	2.1500e+02	1.1649e-12	8.8715e-02	9.1128e-01	2.0004e-02	9.7667e-01	3.3269e-03	1.5246e-14	3.5848e-04	2.6618e-01	7.2759e-01	5.7621e-03	6.9544e-02	5.9506e-01	3.3525e-01	8.0064e-05	5.9530e-05	1.1755e-36	2.5335e-21	0.00e+00	0.00e+00	3.0359e+01
2.35329e+18	1.1107e+04	4.136e-19	2.1544e+02	2.1258e+02	1.5207e-12	1.0022e-01	8.9978e-01	2.2323e-02	9.7440e-01	3.2809e-03	2.2692e-14	3.8681e-04	2.8845e-01	7.0636e-01	4.7117e-03	8.4414e-02	6.2942e-01	2.8606e-01	6.4668e-05	4.8970e-05	1.1755e-36	3.9430e-21	0.00e+00	0.00e+00	3.1977e+01
2.36314e+18	1.1069e+04	4.116e-19	2.1544e+02	2.1027e+02	1.8428e-12	1.0931e-01	8.9069e-01	2.4254e-02	9.7249e-01	3.2542e-03	3.0032e-14	4.0814e-04	3.0598e-01	6.8947e-01	4.0535e-03	9.6458e-02	6.5136e-01	2.5208e-01	5.5344e-05	4.2018e-05	1.1755e-36	5.3760e-21	0.00e+00	0.00e+00	3.3139e+01
2.37070e+18	1.1020e+04	4.098e-19	2.1544e+02	2.0879e+02	2.1515e-12	1.1692e-01	8.8308e-01	2.5962e-02	9.7081e-01	3.2271e-03	3.7348e-14	4.2653e-04	3.2081e-01	6.7509e-01	3.5869e-03	1.0656e-01	6.6597e-01	2.2738e-01	4.9023e-05	3.7035e-05	1.1755e-36	6.8401e-21	0.00e+00	0.00e+00	3.4302e+01
2.37911e+18	1.0970e+04	4.068e-19	2.1544e+02	2.0674e+02	2.5479e-12	1.2593e-01	8.7407e-01	2.7999e-02	9.6880e-01	3.1994e-03	4.7196e-14	4.4703e-04	3.3776e-01	6.5860e-01	3.1150e-03	1.1856e-01	6.7977e-01	2.0159e-01	4.2834e-05	3.2000e-05	1.1755e-36	8.8442e-21	0.00e+00	0.00e+00	3.5931e+01
2.39005e+18	1.0907e+04	4.024e-19	2.1544e+02	2.0370e+02	3.2222e-12	1.3960e-01	8.6040e-01	3.0997e-02	9.6583e-01	3.1691e-03	6.4791e-14	4.7414e-04	3.6139e-01	6.3552e-01	2.5565e-03	1.3662e-01	6.9411e-01	1.6921e-01	3.5557e-05	2.5870e-05	1.1755e-36	1.2613e-20	0.00e+00	0.00e+00	3.8278e+01
2.40104e+18	1.0838e+04	3.974e-19	2.1544e+02	1.9986e+02	4.2253e-12	1.5727e-01	8.4273e-01	3.4710e-02	9.6214e-01	3.1507e-03	9.2188e-14	5.0337e-04	3.8860e-01	6.0880e-01	2.0443e-03	1.5965e-01	7.0365e-01	1.3666e-01	2.8753e-05	1.9953e-05	1.1755e-36	1.8875e-20	0.00e+00	0.00e+00	4.0339e+01
2.40916e+18	1.0776e+04	3.915e-19	2.1544e+02	1.9670e+02	5.2106e-12	1.7221e-01	8.2779e-01	3.8070e-02	9.5879e-01	3.1394e-03	1.2032e-13	5.2670e-04	4.1140e-01	5.8632e-01	1.7098e-03	1.7896e-01	7.0646e-01	1.1454e-01	2.4455e-05	1.6110e-05	1.1755e-36	2.5547e-20	0.00e+00	0.00e+00	4.1885e+01
2.41547e+18	1.0729e+04	3.845e-19	2.1544e+02	1.9375e+02	6.0915e-12	1.8391e-01	8.1609e-01	4.0921e-02	9.5595e-01	3.1330e-03	1.4605e-13	5.4429e-04	4.2957e-01	5.6835e-01	1.4855e-03	1.9405e-01	7.0628e-01	9.9636e-02	2.1719e-05	1.3639e-05	1.1755e-36	3.1781e-20	0.00e+00	0.00e+00	4.3392e+01
2.42240e+18	1.0657e+04	3.774e-19	2.1544e+02	1.9086e+02	7.3063e-12	1.9827e-01	8.0173e-01	4.4478e-02	9.5240e-01	3.1206e-03	1.8178e-13	5.6509e-04	4.5087e-01	5.4727e-01	1.2590e-03	2.1222e-01	7.0297e-01	8.4784e-02	1.9006e-05	1.1222e-05	1.1755e-36	4.0717e-20	0.00e+00	0.00e+00	4.5505e+01
2.43141e+18	1.0580e+04	3.661e-19	2.1544e+02	1.8603e+02	9.3075e-12	2.1932e-01	7.8068e-01	4.9560e-02	9.4732e-01	3.1204e-03	2.4191e-13	5.8865e-04	4.7908e-01	5.1930e-01	1.0037e-03	2.3841e-01	6.9408e-01	6.7493e-02	1.5902e-05	8.5335e-06	1.1755e-36	5.6626e-20	0.00e+00	0.00e+00	4.8543e+01
2.44067e+18	1.0493e+04	3.529e-19	2.1544e+02	1.7998e+02	1.2301e-11	2.4639e-01	7.5361e-01	5.5956e-02	9.4091e-01	3.1342e-03	3.3265e-13	6.1104e-04	5.1112e-01	4.8746e-01	7.7561e-04	2.7125e-01	6.7746e-01	5.1269e-02	1.2977e-05	6.1317e-06	1.1755e-36	8.2330e-20	0.00e+00	0.00e+00	5.1338e+01
2.44781e+18	1.0404e+04	3.404e-19	2.1544e+02	1.7526e+02	1.5435e-11	2.7021e-01	7.2979e-01	6.2195e-02	9.3466e-01	3.1484e-03	4.2848e-13	6.2999e-04	5.3907e-01	4.5965e-01	6.2462e-04	2.9958e-01	6.5984e-01	4.0567e-02	1.1041e-05	4.6278e-06	1.1755e-36	1.1064e-19	0.00e+00	0.00e+00	5.3522e+01
2.45348e+18	1.0350e+04	3.273e-19	2.1544e+02	1.7068e+02	1.8167e-11	2.8833e-01	7.1167e-01	6.7498e-02	9.2933e-01	3.1682e-03	5.1241e-13	6.4109e-04	5.6082e-01	4.3799e-01	5.2648e-04	3.2093e-01	6.4535e-01	3.3710e-02	9.8292e-06	3.7219e-06	1.1755e-36	1.3597e-19	0.00e+00	0.00e+00	5.5641e+01
2.45970e+18	1.0257e+04	3.134e-19	2.1544e+02	1.6590e+02	2.2047e-11	3.1030e-01	6.8970e-01	7.4141e-02	9.2267e-01	3.1851e-03	6.2668e-13	6.5374e-04	5.8562e-01	4.1328e-01	4.3136e-04	3.4629e-01	6.2642e-01	2.7285e-02	8.6251e-06	2.8974e-06	1.1755e-36	1.7170e-19	0.00e+00	0.00e+00	5.8607e+01
2.46778e+18	1.0151e+04	2.940e-19	2.1544e+02	1.5873e+02	2.8482e-11	3.4253e-01	6.5747e-01	8.3780e-02	9.1300e-01	3.2243e-03	8.1518e-13	6.6356e-04	6.1780e-01	3.8119e-01	3.2843e-04	3.8270e-01	5.9705e-01	2.0250e-02	7.2174e-06	2.0373e-06	1.1755e-36	2.3432e-19	0.00e+00	0.00e+00	6.2862e+01
2.47610e+18	1.0035e+04	2.715e-19	2.1544e+02	1.5003e+02	3.7912e-11	3.8211e-01	6.1789e-01	9.5902e-02	9.0080e-01	3.2973e-03	1.0832e-12	6.6627e-04	6.5266e-01	3.4642e-01	2.4285e-04	4.2624e-01	5.5949e-01	1.4257e-02	5.8975e-06	1.3480e-06	1.1755e-36	3.2985e-19	0.00e+00	0.00e+00	6.6772e+01
2.48246e+18	9.9285e+03	2.519e-19	2.1544e+02	1.4296e+02	4.7140e-11	4.1388e-01	5.8612e-01	1.0729e-01	8.8935e-01	3.3631e-03	1.3323e-12	6.6490e-04	6.8068e-01	3.1845e-01	1.9089e-04	4.6048e-01	5.2880e-01	1.0716e-02	5.0595e-06	9.6719e-07	1.1755e-36	4.2064e-19	0.00e+00	0.00e+00	6.9690e+01
2.48714e+18	9.8503e+03	2.366e-19	2.1544e+02	1.3784e+02	5.4906e-11	4.3655e-01	5.6345e-01	1.1686e-01	8.7973e-01	3.4089e-03	1.5363e-12	6.6329e-04	7.0139e-01	2.9778e-01	1.5960e-04	4.8455e-01	5.0677e-01	8.6734e-03	4.5497e-06	7.5831e-07	1.1755e-36	4.9674e-19	0.00e+00	0.00e+00	7.2179e+01
2.49150e+18	9.7578e+03	2.225e-19	2.1544e+02	1.3305e+02	6.3542e-11	4.5819e-01	5.4181e-01	1.2667e-01	8.6988e-01	3.4502e-03	1.7461e-12	6.5995e-04	7.2039e-01	2.7880e-01	1.3467e-04	5.0722e-01	4.8567e-01	7.1022e-03	4.1220e-06	6.0320e-07	1.1755e-36	5.7570e-19	0.00e+00	0.00e+00	7.4992e+01
2.49626e+18	9.6519e+03	2.073e-19	2.1544e+02	1.2756e+02	7.5125e-11	4.8422e-01	5.1578e-01	1.3841e-01	8.5809e-01	3.4978e-03	2.0163e-12	6.5349e-04	7.4080e-01	2.5843e-01	1.1125e-04	5.3407e-01	4.6030e-01	5.6280e-03	3.6696e-06	4.6208e-07	1.1755e-36	6.8209e-19	0.00e+00	0.00e+00	7.8295e+01
2.50110e+18	9.5695e+03	1.911e-19	2.1544e+02	1.2116e+02	8.8283e-11	5.1127e-01	4.8873e-01	1.5096e-01	8.4546e-01	3.5831e-03	2.3101e-12	6.3933e-04	7.6018e-01	2.3908e-01	9.1879e-05	5.6156e-01	4.3405e-01	4.3946e-03	3.2556e-06	3.4900e-07	1.1755e-36	8.0055e-19	0.00e+00	0.00e+00	8.1541e+01
2.50520e+18	9.4753e+03	1.777e-19	2.1544e+02	1.1596e+02	1.0201e-10	5.3530e-01	4.6470e-01	1.6336e-01	8.3299e-01	3.6478e-03	2.5944e-12	6.2764e-04	7.7695e-01	2.2234e-01	7.8003e-05	5.8564e-01	4.1083e-01	3.5307e-03	2.9302e-06	2.7245e-07	1.1755e-36	9.1678e-19	0.00e+00	0.00e+00	8.4113e+01
2.50793e+18	9.4232e+03	1.685e-19	2.1544e+02	1.1240e+02	1.1110e-10	5.4952e-01	4.5048e-01	1.7207e-01	8.2423e-01	3.6984e-03	2.7700e-12	6.1800e-04	7.8756e-01	2.1175e-01	7.0414e-05	5.9978e-01	3.9715e-01	3.0636e-03	2.7521e-06	2.3261e-07	1.1755e-36	9.8570e-19	0.00e+00	0.00e+00	8.5551e+01
2.50975e+18	9.3674e+03	1.627e-19	2.1544e+02	1.1053e+02	1.1788e-10	5.5807e-01	4.4193e-01	1.7893e-01	8.1736e-01	3.7064e-03	2.8895e-12	6.1495e-04	7.9522e-01	2.0409e-01	6.5663e-05	6.0826e-01	3.8894e-01	2.7987e-03	2.6506e-06	2.1046e-07	1.1755e-36	1.0300e-18	0.00e+00	0.00e+00	8.6862e+01
2.51174e+18	9.3215e+03	1.563e-19	2.1544e+02	1.0831e+02	1.2514e-10	5.6761e-01	4.3239e-01	1.8630e-01	8.0998e-01	3.7270e-03	3.0206e-12	6.0948e-04	8.0308e-01	1.9624e-01	6.0838e-05	6.1765e-01	3.7982e-01	2.5294e-03	2.5412e-06	1.8818e-07	1.1755e-36	1.0795e-18	0.00e+00	0.00e+00	8.8595e+01
2.51432e+18	9.2478e+03	1.483e-19	2.1544e+02	1.0504e+02	1.3711e-10	5.8200e-01	4.1800e-01	1.9590e-01	8.0034e-01	3.7624e-03	3.2171e-12	5.9998e-04	8.1280e-01	1.8654e-01	5.5049e-05	6.3171e-01	3.6609e-01	2.1975e-03	2.3851e-06	1.6097e-07	1.1755e-36	1.1577e-18	0.00e+00	0.00e+00	9.0905e+01
2.51706e+18	9.1798e+03	1.399e-19	2.1544e+02	1.0127e+02	1.5115e-10	5.9887e-01	4.0113e-01	2.0618e-01	7.9000e-01	3.8232e-03	3.4451e-12	5.8668e-04	8.2239e-01	1.7697e-01	4.9654e-05	6.4803e-01	3.5009e-01	1.8749e-03	2.2132e-06	1.3489e-07	1.1755e-36	1.2524e-18	0.00e+00	0.00e+00	9.2983e+01
2.51928e+18	9.1319e+03	1.331e-19	2.1544e+02	9.8335e+01	1.6238e-10	6.1143e-01	3.8857e-01	2.1507e-01	7.8106e-01	3.8706e-03	3.6220e-12	5.7601e-04	8.2999e-01	1.6938e-01	4.5842e-05	6.6010e-01	3.3825e-01	1.6521e-03	2.0919e-06	1.1755e-36	1.1755e-36	1.3239e-18	0.00e+00	0.00e+00	9.4557e+01
2.52115e+18	9.0641e+03	1.278e-19	2.1544e+02	9.6219e+01	1.7404e-10	6.2164e-01	3.7836e-01	2.2382e-01	7.7229e-01	3.8870e-03	3.7834e-12	5.6979e-04	8.3684e-01	1.6254e-01	4.2829e-05	6.6988e-01	3.2863e-01	1.4876e-03	1.9981e-06	1.1755e-36	1.1755e-36	1.3877e-18	0.00e+00	0.00e+00	9.6120e+01
2.52316e+18	9.0230e+03	1.217e-19	2.1544e+02	9.3609e+01	1.8458e-10	6.3174e-01	3.6825e-01	2.3256e-01	7.6351e-01	3.9262e-03	3.9281e-12	5.5960e-04	8.4346e-01	1.5594e-01	3.9950e-05	6.7950e-01	3.1917e-01	1.3292e-03	1.9077e-06	1.1755e-36	1.1755e-36	1.4400e-18	0.00e+00	0.00e+00	9.7998e+01
2.52555e+18	8.9479e+03	1.149e-19	2.1544e+02	9.0475e+01	2.0123e-10	6.4547e-01	3.5453e-01	2.4357e-01	7.5246e-01	3.9706e-03	4.1349e-12	5.4730e-04	8.5121e-01	1.4820e-01	3.6779e-05	6.9248e-01	3.0636e-01	1.1545e-03	1.7912e-06	1.1755e-36	1.1755e-36	1.5202e-18	0.00e+00	0.00e+00	1.0027e+02
2.52796e+18	8.8732e+03	1.084e-19	2.1544e+02	8.7265e+01	2.2003e-10	6.6038e-01	3.3962e-01	2.5504e-01	7.4093e-01	4.0228e-03	4.3634e-12	5.3396e-04	8.5863e-01	1.4080e-01	3.3932e-05	7.0647e-01	2.9254e-01	9.9477e-04	1.6711e-06	1.1755e-36	1.1755e-36	1.6128e-18	0.00e+00	0.00e+00	1.0228e+02
2.52996e+18	8.8307e+03	1.029e-19	2.1544e+02	8.4612e+01	2.3358e-10	6.7075e-01	3.2925e-01	2.6460e-01	7.3133e-01	4.0762e-03	4.5168e-12	5.2185e-04	8.6433e-01	1.3512e-01	3.1929e-05	7.1614e-01	2.8297e-01	8.8494e-04	1.5905e-06	1.1755e-36	1.1755e-36	1.6672e-18	0.00e+00	0.00e+00	1.0388e+02
2.53180e+18	8.7539e+03	9.825e-20	2.1544e+02	8.2500e+01	2.5057e-10	6.8042e-01	3.1958e-01	2.7507e-01	7.2084e-01	4.0909e-03	4.6781e-12	5.1365e-04	8.7009e-01	1.2936e-01	3.0157e-05	7.2514e-01	2.7406e-01	7.9425e-04	1.5187e-06	1.1755e-36	1.1755e-36	1.7230e-18	0.00e+00	0.00e+00	1.0567e+02
2.53389e+18	8.6856e+03	9.294e-20	2.1544e+02	7.9896e+01	2.6959e-10	6.9142e-01	3.0858e-01	2.8646e-01	7.0942e-01	4.1270e-03	4.8560e-12	5.0216e-04	8.7604e-01	1.2342e-01	2.8356e-05	7.3532e-01	2.6397e-01	7.0083e-04	1.4393e-06	1.1755e-36	1.1755e-36	1.7847e-18	0.00e+00	0.00e+00	1.0777e+02
2.53613e+18	8.6165e+03	8.744e-20	2.1544e+02	7.7010e+01	2.9157e-10	7.0390e-01	2.9610e-01	2.9871e-01	6.9712e-01	4.1760e-03	5.0543e-12	4.8853e-04	8.8200e-01	1.1748e-01	2.6621e-05	7.4679e-01	2.5260e-01	6.0987e-04	1.3527e-06	1.1755e-36	1.1755e-36	1.8547e-18	0.00e+00	0.00e+00	1.0992e+02
2.53823e+18	8.5442e+03	8.249e-20	2.1544e+02	7.4312e+01	3.1458e-10	7.1521e-01	2.8479e-01	3.1056e-01	6.8521e-01	4.2236e-03	5.2322e-12	4.7546e-04	8.8730e-01	1.1219e-01	2.5193e-05	7.5713e-01	2.4233e-01	5.3599e-04	1.2773e-06	1.1755e-36	1.1755e-36	1.9122e-18	0.00e+00	0.00e+00	1.1182e+02
2.54012e+18	8.4818e+03	7.820e-20	2.1544e+02	7.2036e+01	3.3546e-10	7.2439e-01	2.7561e-01	3.2186e-01	6.7388e-01	4.2565e-03	5.3798e-12	4.6432e-04	8.9198e-01	1.0753e-01	2.4046e-05	7.6550e-01	2.3402e-01	4.7875e-04	1.2180e-06	1.1755e-36	1.1755e-36	1.9543e-18	0.00e+00	0.00e+00	1.1363e+02
2.54206e+18	8.4024e+03	7.396e-20	2.1544e+02	6.9769e+01	3.6090e-10	7.3388e-01	2.6612e-01	3.3431e-01	6.6141e-01	4.2801e-03	5.5364e-12	4.5329e-04	8.9678e-01	1.0274e-01	2.2956e-05	7.7410e-01	2.2547e-01	4.2592e-04	1.1587e-06	1.1755e-36	1.1755e-36	1.9962e-18	0.00e+00	0.00e+00	1.1568e+02
2.54418e+18	8.3211e+03	6.948e-20	2.1544e+02	6.7201e+01	3.9073e-10	7.4469e-01	2.5531e-01	3.4778e-01	6.4790e-01	4.3182e-03	5.7108e-12	4.4020e-04	9.0164e-01	9.7897e-02	2.1881e-05	7.8385e-01	2.1577e-01	3.7355e-04	1.0932e-06	1.1755e-36	1.1755e-36	2.0434e-18	0.00e+00	0.00e+00	1.1790e+02
2.54628e+18	8.2379e+03	6.527e-20	2.1544e+02	6.4713e+01	4.2340e-10	7.5549e-01	2.4451e-01	3.6144e-01	6.3421e-01	4.3549e-03	5.8874e-12	4.2738e-04	9.0616e-01	9.3392e-02	2.0932e-05	7.9355e-01	2.0612e-01	3.2778e-04	1.0298e-06	1.1755e-36	1.1755e-36	2.0911e-18	0.00e+00	0.00e+00	1.1996e+02
2.54818e+18	8.1690e+03	6.162e-20	2.1544e+02	6.2511e+01	4.5278e-10	7.6409e-01	2.3591e-01	3.7394e-01	6.2167e-01	4.3884e-03	6.0198e-12	4.1552e-04	9.0998e-01	8.9584e-02	2.0188e-05	8.0124e-01	1.9847e-01	2.9272e-04	9.8071e-07	1.1755e-36	1.1755e-36	2.1155e-18	0.00e+00	0.00e+00	1.2183e+02
2.55005e+18	8.0815e+03	5.819e-20	2.1544e+02	6.0482e+01	4.8836e-10	7.7238e-01	2.2762e-01	3.8743e-01	6.0818e-01	4.3989e-03	6.1565e-12	4.0494e-04	9.1382e-01	8.5754e-02	1.9512e-05	8.0863e-01	1.9110e-01	2.6211e-04	9.3478e-07	1.1755e-36	1.1755e-36	2.1384e-18	0.00e+00	0.00e+00	1.2387e+02
2.55210e+18	7.9906e+03	5.458e-20	2.1544e+02	5.8199e+01	5.3004e-10	7.8170e-01	2.1830e-01	4.0201e-01	5.9357e-01	4.4221e-03	6.3030e-12	3.9252e-04	9.1770e-01	8.1888e-02	1.8840e-05	8.1689e-01	1.8287e-01	2.3184e-04	8.8445e-07	1.1755e-36	1.1755e-36	2.1607e-18	0.00e+00	0.00e+00	1.2615e+02
2.55419e+18	7.8985e+03	5.106e-20	2.1544e+02	5.5846e+01	5.7677e-10	7.9132e-01	2.0868e-01	4.1679e-01	5.7876e-01	4.4541e-03	6.4485e-12	3.7930e-04	9.2131e-01	7.8287e-02	1.8228e-05	8.2539e-01	1.7440e-01	2.0446e-04	8.3382e-07	1.1755e-36	1.1755e-36	2.1798e-18	0.00e+00	0.00e+00	1.2835e+02
2.55613e+18	7.8071e+03	4.801e-20	2.1544e+02	5.3788e+01	6.2520e-10	7.9963e-01	2.0037e-01	4.3105e-01	5.6448e-01	4.4708e-03	6.5747e-12	3.6772e-04	9.2451e-01	7.5106e-02	1.7730e-05	8.3270e-01	1.6711e-01	1.8273e-04	7.9127e-07	1.1755e-36	1.1755e-36	2.1900e-18	0.00e+00	0.00e+00	1.3034e+02
2.55797e+18	7.7118e+03	4.526e-20	2.1544e+02	5.1946e+01	6.7779e-10	8.0692e-01	1.9308e-01	4.4537e-01	5.5016e-01	4.4696e-03	6.6876e-12	3.5741e-04	9.2749e-01	7.2137e-02	1.7308e-05	8.3910e-01	1.6073e-01	1.6488e-04	7.5483e-07	1.1755e-36	1.1755e-36	2.1927e-18	0.00e+00	0.00e+00	1.3237e+02
2.55991e+18	7.5986e+03	4.248e-20	2.1544e+02	5.0025e+01	7.4517e-10	8.1486e-01	1.8514e-01	4.6101e-01	5.3453e-01	4.4590e-03	6.8170e-12	3.4666e-04	9.3053e-01	6.9101e-02	1.6896e-05	8.4605e-01	1.5380e-01	1.4785e-04	7.1605e-07	1.1755e-36	1.1755e-36	2.1988e-18	0.00e+00	0.00e+00	1.3463e+02
2.56195e+18	7.4890e+03	3.970e-20	2.1544e+02	4.7954e+01	8.2005e-10	8.2314e-01	1.7686e-01	4.7672e-01	5.1881e-01	4.4669e-03	6.9367e-12	3.3452e-04	9.3334e-01	6.6306e-02	1.6512e-05	8.5327e-01	1.4660e-01	1.3206e-04	6.7638e-07	1.1755e-36	1.1755e-36	2.1965e-18	0.00e+00	0.00e+00	1.3690e+02
2.56389e+18	7.3775e+03	3.723e-20	2.1544e+02	4.6075e+01	9.0292e-10	8.3067e-01	1.6933e-01	4.9210e-01	5.0344e-01	4.4622e-03	7.0474e-12	3.2345e-04	9.3585e-01	6.3810e-02	1.6189e-05	8.5981e-01	1.4007e-01	1.1908e-04	6.4117e-07	1.1755e-36	1.1755e-36	2.1913e-18	0.00e+00	0.00e+00	1.3900e+02
2.56573e+18	7.2623e+03	3.503e-20	2.1544e+02	4.4385e+01	9.9551e-10	8.3720e-01	1.6280e-01	5.0725e-01	4.8831e-01	4.4416e-03	7.1433e-12	3.1353e-04	9.3814e-01	6.1533e-02	1.5921e-05	8.6546e-01	1.3443e-01	1.0856e-04	6.1128e-07	1.1755e-36	1.1755e-36	2.1795e-18	0.00e+00	0.00e+00	1.4107e+02
2.56759e+18	7.1348e+03	3.290e-20	2.1544e+02	4.2683e+01	1.1088e-09	8.4363e-01	1.5637e-01	5.2279e-01	4.7279e-01	4.4148e-03	7.2326e-12	3.0352e-04	9.4032e-01	5.9356e-02	1.5679e-05	8.7103e-01	1.2887e-01	9.9160e-05	5.8235e-07	1.1755e-36	1.1755e-36	2.1615e-18	0.00e+00	0.00e+00	1.4326e+02
2.56950e+18	7.0073e+03	3.084e-20	2.1544e+02	4.0968e+01	1.2399e-09	8.5027e-01	1.4973e-01	5.3855e-01	4.5706e-01	4.3896e-03	7.3287e-12	2.9318e-04	9.4236e-01	5.7333e-02	1.5453e-05	8.7675e-01	1.2316e-01	9.0555e-05	5.5301e-07	1.1755e-36	1.1755e-36	2.1482e-18	0.00e+00	0.00e+00	1.4548e+02
2.57138e+18	6.8776e+03	2.895e-20	2.1544e+02	3.9350e+01	1.3913e-09	8.5651e-01	1.4349e-01	5.5405e-01	4.4159e-01	4.3571e-03	7.4234e-12	2.8330e-04	9.4418e-01	5.5516e-02	1.5257e-05	8.8212e-01	1.1780e-01	8.3228e-05	5.2587e-07	1.1755e-36	1.1755e-36	2.1370e-18	0.00e+00	0.00e+00	1.4761e+02
2.57318e+18	6.7472e+03	2.724e-20	2.1544e+02	3.7837e+01	1.5641e-09	8.6204e-01	1.3796e-01	5.6908e-01	4.2660e-01	4.3187e-03	7.5051e-12	2.7401e-04	9.4581e-01	5.3899e-02	1.5095e-05	8.8686e-01	1.1306e-01	7.7174e-05	5.0226e-07	1.1755e-36	1.1755e-36	2.1224e-18	0.00e+00	0.00e+00	1.4970e+02
2.57496e+18	6.6195e+03	2.564e-20	2.1544e+02	3.6411e+01	1.7596e-09	8.6724e-01	1.3276e-01	5.8398e-01	4.1174e-01	4.2731e-03	7.5910e-12	2.6521e-04	9.4730e-01	5.2416e-02	1.4952e-05	8.9132e-01	1.0861e-01	7.1921e-05	4.8032e-07	1.1755e-36	1.1755e-36	2.1140e-18	0.00e+00	0.00e+00	1.5180e+02
2.57676e+18	6.4780e+03	2.413e-20	2.1544e+02	3.5025e+01	2.0093e-09	8.7255e-01	1.2745e-01	5.9931e-01	3.9647e-01	4.2131e-03	7.6983e-12	2.5670e-04	9.4872e-01	5.1004e-02	1.4823e-05	8.9586e-01	1.0407e-01	6.7208e-05	4.5827e-07	1.1755e-36	1.1755e-36	2.1204e-18	0.00e+00	0.00e+00	1.5396e+02
2.57859e+18	6.3343e+03	2.268e-20	2.1544e+02	3.3607e+01	2.3092e-09	8.7763e-01	1.2237e-01	6.1436e-01	3.8148e-01	4.1598e-03	7.8010e-12	2.4771e-04	9.4998e-01	4.9760e-02	1.4710e-05	9.0019e-01	9.9743e-02	6.3057e-05	4.3745e-07	1.1755e-36	1.1755e-36	2.1281e-18	0.00e+00	0.00e+00	1.5615e+02
2.58038e+18	6.1888e+03	2.136e-20	2.1544e+02	3.2292e+01	2.6687e-09	8.8248e-01	1.1752e-01	6.2904e-01	3.6686e-01	4.0972e-03	7.9233e-12	2.3942e-04	9.5107e-01	4.8672e-02	1.4614e-05	9.0433e-01	9.5613e-02	5.9514e-05	4.1781e-07	1.1755e-36	1.1755e-36	2.1546e-18	0.00e+00	0.00e+00	1.5824e+02
2.58211e+18	6.0420e+03	2.016e-20	2.1544e+02	3.1092e+01	3.1004e-09	8.8682e-01	1.1318e-01	6.4338e-01	3.5260e-01	4.0224e-03	8.0641e-12	2.3189e-04	9.5206e-01	4.7697e-02	1.4537e-05	9.0802e-01	9.1927e-02	5.6596e-05	4.0050e-07	1.1755e-36	1.1755e-36	2.2009e-18	0.00e+00	0.00e+00	1.6031e+02
2.58385e+18	5.8858e+03	1.904e-20	2.1544e+02	2.9938e+01	3.6546e-09	8.9112e-01	1.0888e-01	6.5804e-01	3.3802e-01	3.9331e-03	8.2482e-12	2.2474e-04	9.5298e-01	4.6780e-02	1.4470e-05	9.1168e-01	8.8263e-02	5.4011e-05	3.8347e-07	1.1755e-36	1.1755e-36	2.2825e-18	0.00e+00	0.00e+00	1.6246e+02
2.58566e+18	5.7262e+03	1.793e-20	2.1544e+02	2.8746e+01	4.3541e-09	8.9541e-01	1.0459e-01	6.7265e-01	3.2350e-01	3.8473e-03	8.4733e-12	2.1715e-04	9.5378e-01	4.5985e-02	1.4411e-05	9.1532e-01	8.4628e-02	5.1675e-05	3.6671e-07	1.1755e-36	1.1755e-36	2.4010e-18	0.00e+00	0.00e+00	1.6470e+02
2.58747e+18	5.5663e+03	1.691e-20	2.1544e+02	2.7597e+01	5.2245e-09	8.9954e-01	1.0046e-01	6.8677e-01	3.0947e-01	3.7608e-03	8.7565e-12	2.0978e-04	9.5443e-01	4.5346e-02	1.4363e-05	9.1882e-01	8.1133e-02	4.9669e-05	3.5073e-07	1.1755e-36	1.1755e-36	2.5743e-18	0.00e+00	0.00e+00	1.6688e+02
2.58921e+18	5.4077e+03	1.599e-20	2.1544e+02	2.6560e+01	6.2958e-09	9.0319e-01	9.6814e-02	7.0031e-01	2.9602e-01	3.6651e-03	9.1123e-12	2.0318e-04	9.5496e-01	4.4817e-02	1.4330e-05	9.2191e-01	7.8040e-02	4.8067e-05	3.3675e-07	1.1755e-36	1.1755e-36	2.8199e-18	0.00e+00	0.00e+00	1.6897e+02
2.59094e+18	5.2462e+03	1.515e-20	2.1544e+02	2.5584e+01	7.6608e-09	9.0657e-01	9.3425e-02	7.1367e-01	2.8277e-01	3.5606e-03	9.5779e-12	1.9702e-04	9.5543e-01	4.4356e-02	1.4308e-05	9.2479e-01	7.5166e-02	4.6734e-05	3.2389e-07	1.1755e-36	1.1755e-36	3.1757e-18	0.00e+00	0.00e+00	1.7113e+02
2.59266e+18	5.0862e+03	1.436e-20	2.1544e+02	2.4640e+01	9.3630e-09	9.0986e-01	9.0135e-02	7.2643e-01	2.7011e-01	3.4586e-03	1.0176e-11	1.9103e-04	9.5577e-01	4.4027e-02	1.4292e-05	9.2757e-01	7.2379e-02	4.5594e-05	3.1150e-07	1.1755e-36	1.1755e-36	3.6768e-18	0.00e+00	0.00e+00	1.7323e+02
2.59432e+18	4.9276e+03	1.366e-20	2.1544e+02	2.3774e+01	1.1444e-08	9.1285e-01	8.7153e-02	7.3848e-01	2.5816e-01	3.3538e-03	1.0825e-11	1.8565e-04	9.5622e-01	4.3584e-02	1.4285e-05	9.3010e-01	6.9850e-02	4.4700e-05	3.0036e-07	1.1755e-36	1.1755e-36	4.2626e-18	0.00e+00	0.00e+00	1.7525e+02
2.59558e+18	4.8136e+03	1.319e-20	2.1544e+02	2.3180e+01	1.3213e-08	9.1487e-01	8.5134e-02	7.4683e-01	2.4989e-01	3.2780e-03	1.1255e-11	1.8200e-04	9.5654e-01	4.3261e-02	1.4284e-05	9.3182e-01	6.8136e-02	4.4171e-05	2.9288e-07	1.1755e-36	1.1755e-36	4.6792e-18	0.00e+00	0.00e+00	1.7636e+02
2.59636e+18	4.7126e+03	1.293e-20	2.1544e+02	2.2868e+01	1.4998e-08	9.1568e-01	8.4316e-02	7.5318e-01	2.4363e-01	3.1931e-03	1.1645e-11	1.8051e-04	9.5693e-01	4.2872e-02	1.4303e-05	9.3255e-01	6.7410e-02	4.4074e-05	2.8997e-07	1.1755e-36	1.1755e-36	5.0941e-18	0.00e+00	0.00e+00	1.7719e+02
2.59697e+18	4.6603e+03	1.274e-20	2.1544e+02	2.2674e+01	1.6017e-08	9.1612e-01	8.3883e-02	7.5794e-01	2.3893e-01	3.1340e-03	1.1860e-11	1.7947e-04	9.5721e-01	4.2600e-02	1.4309e-05	9.3293e-01	6.7024e-02	4.3935e-05	2.8841e-07	1.1755e-36	1.1755e-36	5.3238e-18	0.00e+00	0.00e+00	1.7788e+02
2.59762e+18	4.5835e+03	1.252e-20	2.1544e+02	2.2435e+01	1.7642e-08	9.1695e-01	8.3046e-02	7.6334e-01	2.3360e-01	3.0615e-03	1.2198e-11	1.7837e-04	9.5761e-01	4.2197e-02	1.4319e-05	9.3366e-01	6.6297e-02	4.3804e-05	2.8539e-07	1.1755e-36	1.1755e-36	5.7067e-18	0.00e+00	0.00e+00	1.7879e+02
2.59838e+18	4.5059e+03	1.225e-20	2.1544e+02	2.2099e+01	1.9443e-08	9.1792e-01	8.2080e-02	7.6872e-01	2.2828e-01	3.0024e-03	1.2540e-11	1.7650e-04	9.5794e-01	4.1871e-02	1.4328e-05	9.3449e-01	6.5463e-02	4.3625e-05	2.8187e-07	1.1755e-36	1.1755e-36	6.1116e-18	0.00e+00	0.00e+00	1.7978e+02
2.59920e+18	4.4279e+03	1.198e-20	2.1544e+02	2.1737e+01	2.1418e-08	9.1906e-01	8.0935e-02	7.7425e-01	2.2281e-01	2.9444e-03	1.2901e-11	1.7442e-04	9.5826e-01	4.1553e-02	1.4334e-05	9.3547e-01	6.4484e-02	4.3410e-05	2.7768e-07	1.1755e-36	1.1755e-36	6.5543e-18	0.00e+00	0.00e+00	1.8085e+02
2.60009e+18	4.3451e+03	1.168e-20	2.1544e+02	2.1362e+01	2.3688e-08	9.2045e-01	7.9546e-02	7.8013e-01	2.1699e-01	2.8812e-03	1.3301e-11	1.7231e-04	9.5860e-01	4.1214e-02	1.4339e-05	9.3665e-01	6.3306e-02	4.3170e-05	2.7260e-07	1.1755e-36	1.1755e-36	7.0637e-18	0.00e+00	0.00e+00	1.8200e+02
2.60103e+18	4.2537e+03	1.138e-20	2.1544e+02	2.0932e+01	2.6368e-08	9.2192e-01	7.8084e-02	7.8598e-01	2.1120e-01	2.8220e-03	1.3721e-11	1.6986e-04	9.5891e-01	4.0902e-02	1.4348e-05	9.3789e-01	6.2062e-02	4.2961e-05	2.6727e-07	1.1755e-36	1.1755e-36	7.6299e-18	0.00e+00	0.00e+00	1.8321e+02
2.60199e+18	4.1652e+03	1.109e-20	2.1544e+02	2.0513e+01	2.9107e-08	9.2337e-01	7.6634e-02	7.9166e-01	2.0557e-01	2.7642e-03	1.4112e-11	1.6749e-04	9.5920e-01	4.0620e-02	1.4358e-05	9.3913e-01	6.0831e-02	4.2768e-05	2.6199e-07	1.1755e-36	1.1755e-36	8.1767e-18	0.00e+00	0.00e+00	1.8441e+02
2.60297e+18	4.0742e+03	1.080e-20	2.1544e+02	2.0102e+01	3.2024e-08	9.2478e-01	7.5220e-02	7.9746e-01	1.9984e-01	2.7024e-03	1.4479e-11	1.6523e-04	9.5951e-01	4.0313e-02	1.4370e-05	9.4033e-01	5.9628e-02	4.2609e-05	2.5687e-07	1.1755e-36	1.1755e-36	8.7094e-18	0.00e+00	0.00e+00	1.8568e+02
2.60403e+18	3.9774e+03	1.050e-20	2.1544e+02	1.9665e+01	3.5152e-08	9.2630e-01	7.3704e-02	8.0350e-01	1.9386e-01	2.6377e-03	1.4812e-11	1.6287e-04	9.5983e-01	3.9993e-02	1.4383e-05	9.4162e-01	5.8340e-02	4.2462e-05	2.5139e-07	1.1755e-36	1.1755e-36	9.2060e-18	0.00e+00	0.00e+00	1.8707e+02
###########################
1.61697e+14	1.1050e+04	3.498e-19	2.1544e+02	2.4971e+02	4.6922e-16	1.7227e-03	9.9828e-01	2.8386e-04	1.5307e-01	8.4664e-01	1.0280e-20	8.9394e-06	1.7003e-02	4.9576e-01	3.7125e-01	8.1040e-06	5.7030e-03	2.9786e-01	6.2432e-01	7.0436e-02	1.6461e-03	2.9555e-28	0.00e+00	0.00e+00	7.5766e-04
9.70180e+14	1.1037e+04	3.492e-19	2.1544e+02	2.4956e+02	4.6547e-16	1.7197e-03	9.9828e-01	2.8350e-04	1.5306e-01	8.4666e-01	1.0092e-20	8.1001e-06	1.6968e-02	4.9538e-01	3.7176e-01	8.0632e-06	5.6853e-03	2.9830e-01	6.2403e-01	7.0311e-02	1.6439e-03	2.8772e-28	0.00e+00	0.00e+00	3.7830e-03
4.20411e+15	1.1002e+04	3.481e-19	2.1544e+02	2.4954e+02	4.7106e-16	1.7142e-03	9.9829e-01	2.8395e-04	1.5359e-01	8.4613e-01	1.0029e-20	8.1665e-06	1.6969e-02	4.9675e-01	3.7157e-01	7.9911e-06	5.6551e-03	3.0059e-01	6.2242e-01	6.9669e-02	1.6276e-03	2.8701e-28	0.00e+00	0.00e+00	1.5846e-02
1.71398e+16	1.0913e+04	3.451e-19	2.1544e+02	2.4948e+02	4.7757e-16	1.7007e-03	9.9830e-01	2.8732e-04	1.5665e-01	8.4306e-01	9.7172e-21	8.1749e-06	1.7008e-02	5.0278e-01	3.6993e-01	7.8213e-06	5.5870e-03	3.0997e-01	6.1559e-01	6.7257e-02	1.5647e-03	2.7597e-28	0.00e+00	0.00e+00	6.3717e-02
4.09416e+16	1.0571e+04	3.350e-19	2.1544e+02	2.4946e+02	4.8783e-16	1.6324e-03	9.9837e-01	2.8636e-04	1.5833e-01	8.4138e-01	8.2174e-21	7.6611e-06	1.6884e-02	5.0918e-01	3.6974e-01	7.0524e-06	5.2769e-03	3.2263e-01	6.0729e-01	6.3292e-02	1.4847e-03	2.2379e-28	0.00e+00	0.00e+00	1.2345e-01
6.68621e+16	1.0272e+04	3.265e-19	2.1544e+02	2.4942e+02	4.8987e-16	1.5639e-03	9.9844e-01	2.8654e-04	1.6143e-01	8.3828e-01	6.8657e-21	7.2047e-06	1.6732e-02	5.1688e-01	3.6826e-01	6.3624e-06	5.0000e-03	3.3575e-01	5.9829e-01	5.9522e-02	1.4093e-03	1.7955e-28	0.00e+00	0.00e+00	1.7648e-01
9.21631e+16	1.0090e+04	3.212e-19	2.1544e+02	2.4932e+02	4.8650e-16	1.5178e-03	9.9848e-01	2.9157e-04	1.6706e-01	8.3265e-01	6.1089e-21	6.9720e-06	1.6702e-02	5.2630e-01	3.6488e-01	6.0072e-06	4.8852e-03	3.5049e-01	5.8724e-01	5.6029e-02	1.3316e-03	1.5517e-28	0.00e+00	0.00e+00	2.2947e-01
1.21680e+17	9.9750e+03	3.171e-19	2.1544e+02	2.4915e+02	4.8185e-16	1.4855e-03	9.9851e-01	3.0363e-04	1.7647e-01	8.2323e-01	5.7511e-21	6.9199e-06	1.6838e-02	5.3917e-01	3.5908e-01	5.9106e-06	4.9219e-03	3.7062e-01	5.7122e-01	5.1982e-02	1.2334e-03	1.4270e-28	0.00e+00	0.00e+00	2.9688e-01
1.60053e+17	9.8618e+03	3.135e-19	2.1544e+02	2.4898e+02	4.7690e-16	1.4552e-03	9.9854e-01	3.2586e-04	1.9193e-01	8.0774e-01	5.5487e-21	7.0325e-06	1.7147e-02	5.5731e-01	3.4985e-01	5.9704e-06	5.0829e-03	3.9979e-01	5.4723e-01	4.6768e-02	1.1045e-03	1.3380e-28	0.00e+00	0.00e+00	3.8272e-01
2.09937e+17	9.8501e+03	3.087e-19	2.1544e+02	2.4842e+02	4.5020e-16	1.4197e-03	9.9858e-01	3.6026e-04	2.1660e-01	7.8304e-01	5.3740e-21	7.1310e-06	1.7498e-02	5.8021e-01	3.3731e-01	6.1757e-06	5.3840e-03	4.4185e-01	5.1144e-01	4.0361e-02	9.4688e-04	1.2659e-28	0.00e+00	0.00e+00	4.9160e-01
2.74786e+17	9.9045e+03	3.044e-19	2.1544e+02	2.4768e+02	4.1774e-16	1.3915e-03	9.9861e-01	4.2601e-04	2.6009e-01	7.3948e-01	5.5460e-21	7.5426e-06	1.8178e-02	6.1095e-01	3.1877e-01	6.8163e-06	6.0333e-03	5.0512e-01	4.5590e-01	3.2183e-02	7.4612e-04	1.2792e-28	0.00e+00	0.00e+00	6.3033e-01
3.41694e+17	1.0011e+04	3.009e-19	2.1544e+02	2.4653e+02	3.7301e-16	1.3548e-03	9.9865e-01	5.1978e-04	3.2394e-01	6.7554e-01	5.5118e-21	7.9414e-06	1.8775e-02	6.4195e-01	2.9866e-01	7.5381e-06	6.8174e-03	5.8007e-01	3.8835e-01	2.4192e-02	5.5776e-04	1.2559e-28	0.00e+00	0.00e+00	7.4181e-01
3.95070e+17	1.0127e+04	2.985e-19	2.1544e+02	2.4521e+02	3.4609e-16	1.3431e-03	9.9866e-01	6.3060e-04	3.9558e-01	6.0379e-01	5.8168e-21	8.4623e-06	1.9437e-02	6.6628e-01	2.8201e-01	8.5637e-06	7.7551e-03	6.4839e-01	3.2539e-01	1.8033e-02	4.1362e-04	1.3289e-28	0.00e+00	0.00e+00	8.2629e-01
4.36856e+17	1.0195e+04	2.961e-19	2.1544e+02	2.4384e+02	3.3933e-16	1.3513e-03	9.9865e-01	7.4312e-04	4.6531e-01	5.3395e-01	6.3258e-21	9.0182e-06	2.0072e-02	6.8428e-01	2.6927e-01	9.7090e-06	8.6793e-03	7.0419e-01	2.7319e-01	1.3613e-02	3.1087e-04	1.4643e-28	0.00e+00	0.00e+00	8.9488e-01
4.73120e+17	1.0221e+04	2.927e-19	2.1544e+02	2.4255e+02	3.4585e-16	1.3737e-03	9.9863e-01	8.5917e-04	5.3307e-01	4.6607e-01	7.0561e-21	9.6280e-06	2.0741e-02	6.9864e-01	2.5879e-01	1.1035e-05	9.6381e-03	7.5124e-01	2.2861e-01	1.0261e-02	2.3348e-04	1.6604e-28	0.00e+00	0.00e+00	9.6065e-01
5.07626e+17	1.0206e+04	2.883e-19	2.1544e+02	2.4135e+02	3.6408e-16	1.4066e-03	9.9859e-01	9.8119e-04	6.0048e-01	3.9854e-01	7.9712e-21	1.0286e-05	2.1428e-02	7.1104e-01	2.4945e-01	1.2518e-05	1.0613e-02	7.9243e-01	1.8915e-01	7.6161e-03	1.7302e-04	1.9171e-28	0.00e+00	0.00e+00	1.0253e+00
5.46509e+17	1.0138e+04	2.814e-19	2.1544e+02	2.4000e+02	4.0236e-16	1.4607e-03	9.9854e-01	1.1267e-03	6.7431e-01	3.2457e-01	9.4635e-21	1.1158e-05	2.2321e-02	7.2357e-01	2.3961e-01	1.4583e-05	1.1820e-02	8.3300e-01	1.4976e-01	5.2744e-03	1.1993e-04	2.3348e-28	0.00e+00	0.00e+00	1.1126e+00
5.97056e+17	9.9948e+03	2.712e-19	2.1544e+02	2.3845e+02	4.7421e-16	1.5448e-03	9.9846e-01	1.3057e-03	7.5792e-01	2.4077e-01	1.1798e-20	1.2320e-05	2.3458e-02	7.3721e-01	2.2834e-01	1.7483e-05	1.3297e-02	8.7404e-01	1.0934e-01	3.2266e-03	7.4004e-05	3.0085e-28	0.00e+00	0.00e+00	1.2327e+00
6.50947e+17	9.8240e+03	2.603e-19	2.1544e+02	2.3713e+02	5.6632e-16	1.6391e-03	9.9836e-01	1.4651e-03	8.2611e-01	1.7243e-01	1.4426e-20	1.3464e-05	2.4522e-02	7.4856e-01	2.1847e-01	2.0556e-05	1.4645e-02	9.0449e-01	7.8842e-02	1.9588e-03	4.5665e-05	3.7876e-28	0.00e+00	0.00e+00	1.3456e+00
7.09184e+17	9.6432e+03	2.500e-19	2.1544e+02	2.3612e+02	6.9992e-16	1.7600e-03	9.9824e-01	1.6104e-03	8.7708e-01	1.2131e-01	1.8303e-20	1.4803e-05	2.5717e-02	7.5866e-01	2.0904e-01	2.4273e-05	1.5998e-02	9.2645e-01	5.6309e-02	1.1939e-03	2.8179e-05	4.9647e-28	0.00e+00	0.00e+00	1.5032e+00
7.79206e+17	9.4862e+03	2.414e-19	2.1544e+02	2.3534e+02	8.7572e-16	1.9117e-03	9.9809e-01	1.7430e-03	9.1527e-01	8.2991e-02	2.3613e-20	1.6327e-05	2.6986e-02	7.6795e-01	1.9986e-01	2.8840e-05	1.7368e-02	9.4245e-01	3.9391e-02	7.4162e-04	1.7319e-05	6.6499e-28	0.00e+00	0.00e+00	1.6961e+00
8.57126e+17	9.3835e+03	2.363e-19	2.1544e+02	2.3483e+02	1.0926e-15	2.0934e-03	9.9791e-01	1.8480e-03	9.4070e-01	5.7454e-02	3.0303e-20	1.7867e-05	2.8130e-02	7.7621e-01	1.9140e-01	3.3858e-05	1.8481e-02	9.5313e-01	2.7839e-02	5.0388e-04	1.1060e-05	8.9986e-28	0.00e+00	0.00e+00	1.9285e+00
9.32466e+17	9.3646e+03	2.338e-19	2.1544e+02	2.3450e+02	1.3134e-15	2.2897e-03	9.9771e-01	1.9475e-03	9.5548e-01	4.2576e-02	3.9740e-20	1.9634e-05	2.9427e-02	7.8244e-01	1.8445e-01	4.0426e-05	1.9967e-02	9.5874e-01	2.0849e-02	3.9299e-04	7.7243e-06	1.2408e-27	0.00e+00	0.00e+00	2.1435e+00
9.94309e+17	9.3857e+03	2.341e-19	2.1544e+02	2.3431e+02	1.5106e-15	2.4698e-03	9.9753e-01	2.0139e-03	9.6362e-01	3.4362e-02	4.9018e-20	2.1039e-05	3.0365e-02	7.8709e-01	1.7921e-01	4.6292e-05	2.1024e-02	9.6172e-01	1.6864e-02	3.4181e-04	5.9651e-06	1.6079e-27	0.00e+00	0.00e+00	2.3270e+00
1.05714e+18	9.4235e+03	2.352e-19	2.1544e+02	2.3415e+02	1.7559e-15	2.6785e-03	9.9732e-01	2.0867e-03	9.7000e-01	2.7912e-02	6.2355e-20	2.2684e-05	3.1458e-02	7.9187e-01	1.7363e-01	5.3563e-05	2.2213e-02	9.6378e-01	1.3646e-02	3.0704e-04	4.6230e-06	2.1611e-27	0.00e+00	0.00e+00	2.5858e+00
1.12802e+18	9.5004e+03	2.379e-19	2.1544e+02	2.3400e+02	2.0581e-15	2.9426e-03	9.9706e-01	2.1638e-03	9.7508e-01	2.2755e-02	8.1934e-20	2.4630e-05	3.2696e-02	7.9692e-01	1.6759e-01	6.3417e-05	2.3669e-02	9.6498e-01	1.0999e-02	2.8331e-04	3.5654e-06	3.0340e-27	0.00e+00	0.00e+00	2.8688e+00
1.19368e+18	9.5966e+03	2.418e-19	2.1544e+02	2.3387e+02	2.3865e-15	3.2257e-03	9.9677e-01	2.2378e-03	9.7852e-01	1.9241e-02	1.0713e-19	2.6600e-05	3.3922e-02	8.0158e-01	1.6192e-01	7.4858e-05	2.5201e-02	9.6531e-01	9.1381e-03	2.6934e-04	2.8448e-06	4.2424e-27	0.00e+00	0.00e+00	3.1346e+00
1.25073e+18	9.6924e+03	2.459e-19	2.1544e+02	2.3377e+02	2.7280e-15	3.5075e-03	9.9649e-01	2.3061e-03	9.8087e-01	1.6821e-02	1.3743e-19	2.8501e-05	3.5095e-02	8.0578e-01	1.5671e-01	8.7193e-05	2.6714e-02	9.6511e-01	7.8242e-03	2.6075e-04	2.3496e-06	5.7876e-27	0.00e+00	0.00e+00	3.3899e+00
1.30359e+18	9.7965e+03	2.499e-19	2.1544e+02	2.3367e+02	3.0907e-15	3.8000e-03	9.9620e-01	2.3761e-03	9.8266e-01	1.4961e-02	1.7562e-19	3.0453e-05	3.6301e-02	8.0976e-01	1.5166e-01	1.0123e-04	2.8327e-02	9.6452e-01	6.7925e-03	2.5480e-04	1.9715e-06	7.8389e-27	0.00e+00	0.00e+00	3.6597e+00
1.35376e+18	9.8802e+03	2.547e-19	2.1544e+02	2.3359e+02	3.5398e-15	4.1186e-03	9.9588e-01	2.4492e-03	9.8408e-01	1.3468e-02	2.2573e-19	3.2490e-05	3.7587e-02	8.1384e-01	1.4642e-01	1.1768e-04	3.0077e-02	9.6360e-01	5.9550e-03	2.5016e-04	1.6697e-06	1.0679e-26	0.00e+00	0.00e+00	3.9293e+00
1.40014e+18	9.9898e+03	2.590e-19	2.1544e+02	2.3348e+02	3.9631e-15	4.4419e-03	9.9556e-01	2.5239e-03	9.8517e-01	1.2308e-02	2.8611e-19	3.4590e-05	3.8874e-02	8.1754e-01	1.4154e-01	1.3613e-04	3.1934e-02	9.6240e-01	5.2853e-03	2.4698e-04	1.4350e-06	1.4242e-26	0.00e+00	0.00e+00	4.1988e+00
1.44332e+18	1.0075e+04	2.636e-19	2.1544e+02	2.3339e+02	4.4738e-15	4.7835e-03	9.9522e-01	2.6026e-03	9.8605e-01	1.1345e-02	3.6288e-19	3.6750e-05	4.0226e-02	8.2126e-01	1.3658e-01	1.5713e-04	3.3901e-02	9.6097e-01	4.7281e-03	2.4423e-04	1.2432e-06	1.8975e-26	0.00e+00	0.00e+00	4.4704e+00
1.48436e+18	1.0160e+04	2.681e-19	2.1544e+02	2.3331e+02	5.0431e-15	5.1414e-03	9.9486e-01	2.6810e-03	9.8679e-01	1.0534e-02	4.5994e-19	3.8939e-05	4.1615e-02	8.2487e-01	1.3168e-01	1.8101e-04	3.5992e-02	9.5933e-01	4.2528e-03	2.4194e-04	1.0837e-06	2.5278e-26	0.00e+00	0.00e+00	4.7525e+00
1.52421e+18	1.0250e+04	2.726e-19	2.1544e+02	2.3322e+02	5.6694e-15	5.5258e-03	9.9447e-01	2.7652e-03	9.8740e-01	9.8314e-03	5.8406e-19	4.1302e-05	4.3101e-02	8.2843e-01	1.2672e-01	2.0898e-04	3.8298e-02	9.5742e-01	3.8359e-03	2.3995e-04	9.4732e-07	3.3627e-26	0.00e+00	0.00e+00	5.0483e+00
1.56268e+18	1.0335e+04	2.771e-19	2.1544e+02	2.3312e+02	6.3827e-15	5.9383e-03	9.9406e-01	2.8555e-03	9.8792e-01	9.2208e-03	7.4365e-19	4.3805e-05	4.4681e-02	8.3193e-01	1.2173e-01	2.4165e-04	4.0822e-02	9.5523e-01	3.4706e-03	2.3812e-04	8.3054e-07	4.4779e-26	0.00e+00	0.00e+00	5.3517e+00
1.59921e+18	1.0420e+04	2.816e-19	2.1544e+02	2.3301e+02	7.1636e-15	6.3705e-03	9.9363e-01	2.9495e-03	9.8835e-01	8.6967e-03	9.4407e-19	4.6392e-05	4.6321e-02	8.3528e-01	1.1682e-01	2.7897e-04	4.3527e-02	9.5280e-01	3.1540e-03	2.3647e-04	7.3188e-07	5.9317e-26	0.00e+00	0.00e+00	5.6592e+00
1.63389e+18	1.0489e+04	2.861e-19	2.1544e+02	2.3288e+02	8.0610e-15	6.8309e-03	9.9317e-01	3.0530e-03	9.8871e-01	8.2336e-03	1.1981e-18	4.9147e-05	4.8069e-02	8.3853e-01	1.1190e-01	3.2209e-04	4.6454e-02	9.5011e-01	2.8745e-03	2.3479e-04	6.4681e-07	7.8194e-26	0.00e+00	0.00e+00	5.9739e+00
1.66712e+18	1.0563e+04	2.904e-19	2.1544e+02	2.3278e+02	9.0587e-15	7.3103e-03	9.9269e-01	3.1560e-03	9.8902e-01	7.8284e-03	1.5205e-18	5.1946e-05	4.9859e-02	8.4159e-01	1.0712e-01	3.7104e-04	4.9574e-02	9.4719e-01	2.6281e-03	2.3319e-04	5.7396e-07	1.0338e-25	0.00e+00	0.00e+00	6.2979e+00
1.69927e+18	1.0635e+04	2.947e-19	2.1544e+02	2.3267e+02	1.0167e-14	7.8226e-03	9.9218e-01	3.2661e-03	9.8927e-01	7.4643e-03	1.9302e-18	5.4925e-05	5.1764e-02	8.4453e-01	1.0235e-01	4.2796e-04	5.2980e-02	9.4395e-01	2.4056e-03	2.3159e-04	5.0997e-07	1.3625e-25	0.00e+00	0.00e+00	6.6353e+00
1.73043e+18	1.0703e+04	2.989e-19	2.1544e+02	2.3255e+02	1.1432e-14	8.3714e-03	9.9163e-01	3.3841e-03	9.8948e-01	7.1351e-03	2.4571e-18	5.8082e-05	5.3787e-02	8.4732e-01	9.7604e-02	4.9429e-04	5.6701e-02	9.4037e-01	2.2037e-03	2.2992e-04	4.5350e-07	1.7984e-25	0.00e+00	0.00e+00	6.9837e+00
1.76040e+18	1.0766e+04	3.032e-19	2.1544e+02	2.3242e+02	1.2859e-14	8.9543e-03	9.9105e-01	3.5091e-03	9.8965e-01	6.8388e-03	3.1296e-18	6.1397e-05	5.5918e-02	8.4992e-01	9.2931e-02	5.7097e-04	6.0734e-02	9.3644e-01	2.0218e-03	2.2818e-04	4.0401e-07	2.3722e-25	0.00e+00	0.00e+00	7.3409e+00
1.78915e+18	1.0824e+04	3.074e-19	2.1544e+02	2.3228e+02	1.4481e-14	9.5733e-03	9.9043e-01	3.6416e-03	9.8979e-01	6.5704e-03	3.9880e-18	6.4881e-05	5.8160e-02	8.5233e-01	8.8343e-02	6.5950e-04	6.5095e-02	9.3216e-01	1.8573e-03	2.2635e-04	3.6048e-07	3.1261e-25	0.00e+00	0.00e+00	7.7077e+00
1.81685e+18	1.0878e+04	3.116e-19	2.1544e+02	2.3213e+02	1.6309e-14	1.0231e-02	9.8977e-01	3.7821e-03	9.8989e-01	6.3262e-03	5.0847e-18	6.8545e-05	6.0521e-02	8.5452e-01	8.3849e-02	7.6188e-04	6.9821e-02	9.2748e-01	1.7078e-03	2.2443e-04	3.2204e-07	4.1170e-25	0.00e+00	0.00e+00	8.0865e+00
1.84365e+18	1.0932e+04	3.157e-19	2.1544e+02	2.3198e+02	1.8373e-14	1.0932e-02	9.8907e-01	3.9311e-03	9.8997e-01	6.1029e-03	6.4916e-18	7.2405e-05	6.3011e-02	8.5649e-01	7.9444e-02	8.8071e-04	7.4961e-02	9.2236e-01	1.5712e-03	2.2240e-04	2.8791e-07	5.4244e-25	0.00e+00	0.00e+00	8.4787e+00
1.86960e+18	1.0982e+04	3.198e-19	2.1544e+02	2.3181e+02	2.0713e-14	1.1682e-02	9.8832e-01	4.0896e-03	9.9001e-01	5.8978e-03	8.3026e-18	7.6477e-05	6.5644e-02	8.5822e-01	7.5132e-02	1.0190e-03	8.0561e-02	9.1675e-01	1.4458e-03	2.2023e-04	2.5751e-07	7.1542e-25	0.00e+00	0.00e+00	8.8842e+00
1.89470e+18	1.1030e+04	3.239e-19	2.1544e+02	2.3164e+02	2.3373e-14	1.2483e-02	9.8752e-01	4.2584e-03	9.9003e-01	5.7088e-03	1.0636e-17	8.0771e-05	6.8425e-02	8.5970e-01	7.0922e-02	1.1798e-03	8.6657e-02	9.1061e-01	1.3307e-03	2.1792e-04	2.3039e-07	9.4437e-25	0.00e+00	0.00e+00	9.3032e+00
1.91898e+18	1.1075e+04	3.280e-19	2.1544e+02	2.3145e+02	2.6410e-14	1.3340e-02	9.8666e-01	4.4383e-03	9.9003e-01	5.5338e-03	1.3652e-17	8.5305e-05	7.1367e-02	8.6090e-01	6.6820e-02	1.3670e-03	9.3293e-02	9.0390e-01	1.2247e-03	2.1544e-04	2.0615e-07	1.2482e-24	0.00e+00	0.00e+00	9.7365e+00
1.94251e+18	1.1115e+04	3.321e-19	2.1544e+02	2.3125e+02	2.9897e-14	1.4260e-02	9.8574e-01	4.6308e-03	9.9000e-01	5.3710e-03	1.7565e-17	9.0107e-05	7.4487e-02	8.6182e-01	6.2823e-02	1.5857e-03	1.0053e-01	8.9654e-01	1.1268e-03	2.1276e-04	1.8439e-07	1.6528e-24	0.00e+00	0.00e+00	1.0186e+01
1.96536e+18	1.1153e+04	3.362e-19	2.1544e+02	2.3103e+02	3.3897e-14	1.5249e-02	9.8475e-01	4.8370e-03	9.8994e-01	5.2190e-03	2.2659e-17	9.5201e-05	7.7802e-02	8.6244e-01	5.8934e-02	1.8418e-03	1.0845e-01	8.8847e-01	1.0361e-03	2.0986e-04	1.6482e-07	2.1927e-24	0.00e+00	0.00e+00	1.0653e+01
1.98757e+18	1.1189e+04	3.403e-19	2.1544e+02	2.3080e+02	3.8497e-14	1.6315e-02	9.8369e-01	5.0583e-03	9.8986e-01	5.0770e-03	2.9320e-17	1.0061e-04	8.1327e-02	8.6273e-01	5.5157e-02	2.1423e-03	1.1711e-01	8.7959e-01	9.5194e-04	2.0675e-04	1.4721e-07	2.9172e-24	0.00e+00	0.00e+00	1.1139e+01
2.00920e+18	1.1222e+04	3.445e-19	2.1544e+02	2.3055e+02	4.3800e-14	1.7465e-02	9.8254e-01	5.2963e-03	9.8976e-01	4.9439e-03	3.8060e-17	1.0635e-04	8.5081e-02	8.6267e-01	5.1496e-02	2.4958e-03	1.2659e-01	8.6983e-01	8.7367e-04	2.0338e-04	1.3132e-07	3.8918e-24	0.00e+00	0.00e+00	1.1646e+01
2.03028e+18	1.1253e+04	3.486e-19	2.1544e+02	2.3029e+02	4.9940e-14	1.8710e-02	9.8129e-01	5.5532e-03	9.8963e-01	4.8185e-03	4.9586e-17	1.1248e-04	8.9093e-02	8.6224e-01	4.7948e-02	2.9128e-03	1.3701e-01	8.5908e-01	8.0071e-04	1.9973e-04	1.1695e-07	5.2088e-24	0.00e+00	0.00e+00	1.2176e+01
2.05089e+18	1.1281e+04	3.528e-19	2.1544e+02	2.2999e+02	5.7115e-14	2.0064e-02	9.7994e-01	5.8321e-03	9.8947e-01	4.6997e-03	6.4909e-17	1.1904e-04	9.3398e-02	8.6141e-01	4.4509e-02	3.4073e-03	1.4847e-01	8.4720e-01	7.3248e-04	1.9576e-04	1.1755e-36	7.0034e-24	0.00e+00	0.00e+00	1.2732e+01
2.07108e+18	1.1305e+04	3.571e-19	2.1544e+02	2.2968e+02	6.5568e-14	2.1545e-02	9.7845e-01	6.1365e-03	9.8928e-01	4.5864e-03	8.5448e-17	1.2609e-04	9.8040e-02	8.6013e-01	4.1175e-02	3.9968e-03	1.6112e-01	8.3402e-01	6.6849e-04	1.9143e-04	1.1755e-36	9.4678e-24	0.00e+00	0.00e+00	1.3318e+01
2.09092e+18	1.1325e+04	3.614e-19	2.1544e+02	2.2933e+02	7.5602e-14	2.3172e-02	9.7683e-01	6.4703e-03	9.8905e-01	4.4781e-03	1.1324e-16	1.3372e-04	1.0307e-01	8.5837e-01	3.7945e-02	4.7035e-03	1.7513e-01	8.1937e-01	6.0833e-04	1.8669e-04	1.1755e-36	1.2886e-23	0.00e+00	0.00e+00	1.3938e+01
2.11047e+18	1.1342e+04	3.658e-19	2.1544e+02	2.2895e+02	8.7575e-14	2.4969e-02	9.7503e-01	6.8386e-03	9.8879e-01	4.3742e-03	1.5119e-16	1.4198e-04	1.0853e-01	8.5605e-01	3.4817e-02	5.5555e-03	1.9069e-01	8.0302e-01	5.5167e-04	1.8150e-04	1.1755e-36	1.7671e-23	0.00e+00	0.00e+00	1.4598e+01
2.12981e+18	1.1357e+04	3.702e-19	2.1544e+02	2.2853e+02	1.0200e-13	2.6966e-02	9.7303e-01	7.2475e-03	9.8848e-01	4.2742e-03	2.0365e-16	1.5099e-04	1.1452e-01	8.5312e-01	3.1789e-02	6.5902e-03	2.0804e-01	7.8470e-01	4.9816e-04	1.7579e-04	1.1755e-36	2.4455e-23	0.00e+00	0.00e+00	1.5304e+01
2.14902e+18	1.1368e+04	3.747e-19	2.1544e+02	2.2806e+02	1.1960e-13	2.9205e-02	9.7079e-01	7.7059e-03	9.8812e-01	4.1773e-03	2.7726e-16	1.6090e-04	1.2112e-01	8.4948e-01	2.8855e-02	7.8589e-03	2.2747e-01	7.6405e-01	4.4747e-04	1.6949e-04	1.1755e-36	3.4220e-23	0.00e+00	0.00e+00	1.6065e+01
2.17106e+18	1.1374e+04	3.797e-19	2.1544e+02	2.2749e+02	1.4468e-13	3.2081e-02	9.6792e-01	8.3026e-03	9.8763e-01	4.0636e-03	3.9918e-16	1.7356e-04	1.2954e-01	8.4432e-01	2.5612e-02	9.6500e-03	2.5220e-01	7.3759e-01	3.9265e-04	1.6154e-04	1.1755e-36	5.0834e-23	0.00e+00	0.00e+00	1.7153e+01
2.19446e+18	1.1375e+04	3.859e-19	2.1544e+02	2.2677e+02	1.8112e-13	3.5827e-02	9.6417e-01	9.0522e-03	9.8699e-01	3.9531e-03	6.0867e-16	1.8904e-04	1.3989e-01	8.3734e-01	2.2258e-02	1.2239e-02	2.8372e-01	7.0355e-01	3.3697e-04	1.5161e-04	1.1755e-36	8.0565e-23	0.00e+00	0.00e+00	1.8218e+01
2.21354e+18	1.1375e+04	3.908e-19	2.1544e+02	2.2595e+02	2.2033e-13	3.9456e-02	9.6054e-01	9.7807e-03	9.8635e-01	3.8695e-03	8.7728e-16	2.0341e-04	1.4969e-01	8.3020e-01	1.9626e-02	1.5027e-02	3.1368e-01	6.7086e-01	2.9407e-04	1.4245e-04	1.1755e-36	1.1989e-22	0.00e+00	0.00e+00	1.9093e+01
2.22864e+18	1.1371e+04	3.941e-19	2.1544e+02	2.2516e+02	2.5836e-13	4.2649e-02	9.5735e-01	1.0439e-02	9.8576e-01	3.8039e-03	1.1777e-15	2.1589e-04	1.5832e-01	8.2354e-01	1.7657e-02	1.7700e-02	3.3946e-01	6.4245e-01	2.6251e-04	1.3471e-04	1.1755e-36	1.6478e-22	0.00e+00	0.00e+00	1.9899e+01
2.24461e+18	1.1357e+04	3.973e-19	2.1544e+02	2.2437e+02	3.0735e-13	4.6336e-02	9.5366e-01	1.1221e-02	9.8505e-01	3.7286e-03	1.6132e-15	2.3045e-04	1.6831e-01	8.1553e-01	1.5685e-02	2.1004e-02	3.6801e-01	6.1062e-01	2.3147e-04	1.2613e-04	1.1755e-36	2.3135e-22	0.00e+00	0.00e+00	2.1036e+01
2.26536e+18	1.1334e+04	4.012e-19	2.1544e+02	2.2287e+02	3.8999e-13	5.1925e-02	9.4807e-01	1.2383e-02	9.8399e-01	3.6311e-03	2.4592e-15	2.5067e-04	1.8270e-01	8.0355e-01	1.3283e-02	2.6411e-02	4.0862e-01	5.6467e-01	1.9394e-04	1.1421e-04	1.1755e-36	3.6435e-22	0.00e+00	0.00e+00	2.2694e+01
2.28621e+18	1.1306e+04	4.067e-19	2.1544e+02	2.2144e+02	5.1646e-13	5.9345e-02	9.4065e-01	1.3854e-02	9.8260e-01	3.5448e-03	3.9843e-15	2.7578e-04	2.0032e-01	7.8827e-01	1.0954e-02	3.4175e-02	4.5683e-01	5.0874e-01	1.5734e-04	1.0001e-04	1.1755e-36	6.1834e-22	0.00e+00	0.00e+00	2.4165e+01
2.30153e+18	1.1273e+04	4.101e-19	2.1544e+02	2.2019e+02	6.4787e-13	6.5970e-02	9.3403e-01	1.5203e-02	9.8131e-01	3.4830e-03	5.8174e-15	2.9767e-04	2.1578e-01	7.7441e-01	9.3533e-03	4.1634e-02	4.9538e-01	4.6276e-01	1.3264e-04	8.8742e-05	1.1755e-36	9.3591e-22	0.00e+00	0.00e+00	2.5278e+01
2.31245e+18	1.1241e+04	4.111e-19	2.1544e+02	2.1895e+02	7.6434e-13	7.1135e-02	9.2886e-01	1.6303e-02	9.8025e-01	3.4432e-03	7.6089e-15	3.1454e-04	2.2790e-01	7.6332e-01	8.3137e-03	4.7770e-02	5.2291e-01	4.2912e-01	1.1695e-04	8.0817e-05	1.1755e-36	1.2532e-21	0.00e+00	0.00e+00	2.6192e+01
2.32332e+18	1.1216e+04	4.108e-19	2.1544e+02	2.1745e+02	8.9404e-13	7.6525e-02	9.2347e-01	1.7477e-02	9.7912e-01	3.3984e-03	9.8218e-15	3.3103e-04	2.4048e-01	7.5169e-01	7.3637e-03	5.4402e-02	5.4907e-01	3.9635e-01	1.0309e-04	7.3334e-05	1.1755e-36	1.6485e-21	0.00e+00	0.00e+00	2.7470e+01
2.33744e+18	1.1168e+04	4.115e-19	2.1544e+02	2.1566e+02	1.1224e-12	8.4853e-02	9.1515e-01	1.9247e-02	9.7741e-01	3.3404e-03	1.4003e-14	3.5563e-04	2.5871e-01	7.3461e-01	6.1979e-03	6.4846e-02	5.8320e-01	3.5181e-01	8.6167e-05	6.3279e-05	1.1755e-36	2.4303e-21	0.00e+00	0.00e+00	2.9313e+01
2.35148e+18	1.1118e+04	4.128e-19	2.1544e+02	2.1355e+02	1.4566e-12	9.5604e-02	9.0440e-01	2.1419e-02	9.7529e-01	3.2917e-03	2.0756e-14	3.8372e-04	2.8001e-01	7.1440e-01	5.1018e-03	7.8606e-02	6.1822e-01	3.0305e-01	7.0037e-05	5.2622e-05	1.1755e-36	3.7662e-21	0.00e+00	0.00e+00	3.0888e+01
2.36161e+18	1.1073e+04	4.124e-19	2.1544e+02	2.1179e+02	1.7810e-12	1.0467e-01	8.9533e-01	2.3328e-02	9.7341e-01	3.2578e-03	2.7901e-14	4.0677e-04	2.9775e-01	6.9738e-01	4.3772e-03	9.0462e-02	6.4195e-01	2.6748e-01	5.9678e-05	4.5133e-05	1.1755e-36	5.2337e-21	0.00e+00	0.00e+00	3.2048e+01
2.36934e+18	1.1044e+04	4.097e-19	2.1544e+02	2.0981e+02	2.0581e-12	1.1170e-01	8.8830e-01	2.4893e-02	9.7187e-01	3.2382e-03	3.4415e-14	4.2342e-04	3.1168e-01	6.8393e-01	3.8905e-03	9.9857e-02	6.5775e-01	2.4230e-01	5.3027e-05	4.0080e-05	1.1755e-36	6.5847e-21	0.00e+00	0.00e+00	3.3160e+01
2.37776e+18	1.0990e+04	4.074e-19	2.1544e+02	2.0795e+02	2.4414e-12	1.2028e-01	8.7972e-01	2.6822e-02	9.6997e-01	3.2075e-03	4.3619e-14	4.4384e-04	3.2813e-01	6.6796e-01	3.3892e-03	1.1125e-01	6.7277e-01	2.1590e-01	4.6389e-05	3.4821e-05	1.1755e-36	8.5530e-21	0.00e+00	0.00e+00	3.4718e+01
2.38871e+18	1.0929e+04	4.037e-19	2.1544e+02	2.0509e+02	3.0784e-12	1.3318e-01	8.6682e-01	2.9639e-02	9.6719e-01	3.1754e-03	5.9868e-14	4.7085e-04	3.5096e-01	6.4571e-01	2.7964e-03	1.2831e-01	6.8902e-01	1.8260e-01	3.8603e-05	2.8404e-05	1.1755e-36	1.2193e-20	0.00e+00	0.00e+00	3.6960e+01
2.39975e+18	1.0864e+04	3.996e-19	2.1544e+02	2.0149e+02	4.0185e-12	1.4979e-01	8.5021e-01	3.3107e-02	9.6374e-01	3.1548e-03	8.5089e-14	5.0004e-04	3.7719e-01	6.2001e-01	2.2504e-03	1.5003e-01	7.0103e-01	1.4889e-01	3.1310e-05	2.2157e-05	1.1755e-36	1.8222e-20	0.00e+00	0.00e+00	3.8938e+01
2.40797e+18	1.0812e+04	3.938e-19	2.1544e+02	1.9824e+02	4.9275e-12	1.6370e-01	8.3630e-01	3.6199e-02	9.6066e-01	3.1439e-03	1.1069e-13	5.2272e-04	3.9894e-01	5.9859e-01	1.8933e-03	1.6815e-01	7.0604e-01	1.2577e-01	2.6703e-05	1.8075e-05	1.1755e-36	2.4567e-20	0.00e+00	0.00e+00	4.0434e+01
2.41443e+18	1.0750e+04	3.888e-19	2.1544e+02	1.9604e+02	5.8268e-12	1.7564e-01	8.2436e-01	3.9057e-02	9.5781e-01	3.1286e-03	1.3657e-13	5.4331e-04	4.1780e-01	5.7998e-01	1.6385e-03	1.8353e-01	7.0708e-01	1.0935e-01	2.3555e-05	1.5247e-05	1.1755e-36	3.1164e-20	0.00e+00	0.00e+00	4.1920e+01
2.42159e+18	1.0695e+04	3.808e-19	2.1544e+02	1.9259e+02	6.9437e-12	1.8907e-01	8.1093e-01	4.2326e-02	9.5456e-01	3.1182e-03	1.6928e-13	5.6223e-04	4.3820e-01	5.5980e-01	1.3940e-03	2.0073e-01	7.0581e-01	9.3422e-02	2.0635e-05	1.2634e-05	1.1755e-36	3.9691e-20	0.00e+00	0.00e+00	4.3999e+01
2.43088e+18	1.0615e+04	3.706e-19	2.1544e+02	1.8802e+02	8.9078e-12	2.0986e-01	7.9014e-01	4.7263e-02	9.4962e-01	3.1137e-03	2.2794e-13	5.8773e-04	4.6672e-01	5.3155e-01	1.1089e-03	2.2677e-01	6.9880e-01	7.4408e-02	1.7166e-05	9.6028e-06	1.1755e-36	5.5937e-20	0.00e+00	0.00e+00	4.7000e+01
2.44026e+18	1.0539e+04	3.582e-19	2.1544e+02	1.8224e+02	1.1750e-11	2.3598e-01	7.6402e-01	5.3318e-02	9.4355e-01	3.1288e-03	3.1509e-13	6.1153e-04	4.9839e-01	5.0011e-01	8.5977e-04	2.5873e-01	6.8444e-01	5.6812e-02	1.3984e-05	6.9383e-06	1.1755e-36	8.1898e-20	0.00e+00	0.00e+00	4.9649e+01
2.44728e+18	1.0453e+04	3.464e-19	2.1544e+02	1.7752e+02	1.4641e-11	2.5779e-01	7.4221e-01	5.8926e-02	9.3793e-01	3.1425e-03	4.0251e-13	6.3017e-04	5.2478e-01	4.7386e-01	7.0086e-04	2.8493e-01	6.6944e-01	4.5611e-02	1.1980e-05	5.3329e-06	1.1755e-36	1.0895e-19	0.00e+00	0.00e+00	5.1673e+01
2.45290e+18	1.0383e+04	3.351e-19	2.1544e+02	1.7363e+02	1.7322e-11	2.7546e-01	7.2454e-01	6.3990e-02	9.3286e-01	3.1515e-03	4.8418e-13	6.4439e-04	5.4660e-01	4.5215e-01	5.9235e-04	3.0590e-01	6.5593e-01	3.8155e-02	1.0653e-05	4.3131e-06	1.1755e-36	1.3476e-19	0.00e+00	0.00e+00	5.3723e+01
2.45919e+18	1.0296e+04	3.221e-19	2.1544e+02	1.6922e+02	2.1018e-11	2.9701e-01	7.0299e-01	7.0323e-02	9.2651e-01	3.1632e-03	5.9607e-13	6.5923e-04	5.7157e-01	4.2727e-01	4.8565e-04	3.3102e-01	6.3801e-01	3.0963e-02	9.3238e-06	3.3630e-06	1.1755e-36	1.7159e-19	0.00e+00	0.00e+00	5.6597e+01
2.46737e+18	1.0199e+04	3.030e-19	2.1544e+02	1.6201e+02	2.7071e-11	3.2799e-01	6.7201e-01	7.9299e-02	9.1750e-01	3.2055e-03	7.7601e-13	6.6972e-04	6.0339e-01	3.9555e-01	3.7135e-04	3.6637e-01	6.1049e-01	2.3134e-02	7.8062e-06	2.3833e-06	1.1755e-36	2.3409e-19	0.00e+00	0.00e+00	6.0722e+01
2.47589e+18	1.0086e+04	2.809e-19	2.1544e+02	1.5342e+02	3.6236e-11	3.6681e-01	6.3319e-01	9.0779e-02	9.0595e-01	3.2682e-03	1.0415e-12	6.7571e-04	6.3861e-01	3.6043e-01	2.7450e-04	4.0951e-01	5.7413e-01	1.6351e-02	6.3655e-06	1.5825e-06	1.1755e-36	3.3400e-19	0.00e+00	0.00e+00	6.4616e+01
2.48258e+18	9.9779e+03	2.610e-19	2.1544e+02	1.4622e+02	4.5575e-11	3.9927e-01	6.0073e-01	1.0192e-01	8.9475e-01	3.3313e-03	1.2998e-12	6.7652e-04	6.6789e-01	3.3121e-01	2.1393e-04	4.4482e-01	5.4296e-01	1.2212e-02	5.4234e-06	1.1255e-06	1.1755e-36	4.3391e-19	0.00e+00	0.00e+00	6.7642e+01
2.48763e+18	9.8888e+03	2.450e-19	2.1544e+02	1.4081e+02	5.3965e-11	4.2360e-01	5.7640e-01	1.1163e-01	8.8499e-01	3.3771e-03	1.5232e-12	6.7660e-04	6.9025e-01	3.0888e-01	1.7662e-04	4.7086e-01	5.1937e-01	9.7622e-03	4.8315e-06	8.6889e-07	1.1755e-36	5.2272e-19	0.00e+00	0.00e+00	7.0249e+01
2.49225e+18	9.8020e+03	2.302e-19	2.1544e+02	1.3581e+02	6.2781e-11	4.4631e-01	5.5369e-01	1.2147e-01	8.7511e-01	3.4221e-03	1.7481e-12	6.7399e-04	7.1046e-01	2.8871e-01	1.4768e-04	4.9482e-01	4.9726e-01	7.9192e-03	4.3501e-06	6.8311e-07	1.1755e-36	6.1310e-19	0.00e+00	0.00e+00	7.3109e+01
2.49717e+18	9.6975e+03	2.145e-19	2.1544e+02	1.3016e+02	7.4572e-11	4.7264e-01	5.2736e-01	1.3296e-01	8.6357e-01	3.4719e-03	2.0313e-12	6.6827e-04	7.3159e-01	2.6762e-01	1.2142e-04	5.2216e-01	4.7158e-01	6.2561e-03	3.8635e-06	5.2120e-07	1.1755e-36	7.3225e-19	0.00e+00	0.00e+00	7.6405e+01
2.50209e+18	9.6240e+03	1.980e-19	2.1544e+02	1.2371e+02	8.7453e-11	4.9946e-01	5.0054e-01	1.4504e-01	8.5140e-01	3.5556e-03	2.3324e-12	6.5490e-04	7.5138e-01	2.4786e-01	1.0007e-04	5.4960e-01	4.4550e-01	4.8896e-03	3.4282e-06	3.9385e-07	1.1755e-36	8.6169e-19	0.00e+00	0.00e+00	7.9613e+01
2.50626e+18	9.5235e+03	1.843e-19	2.1544e+02	1.1842e+02	1.0162e-10	5.2354e-01	4.7646e-01	1.5704e-01	8.3934e-01	3.6175e-03	2.6299e-12	6.4404e-04	7.6861e-01	2.3066e-01	8.4731e-05	5.7389e-01	4.2217e-01	3.9320e-03	3.0846e-06	3.0766e-07	1.1755e-36	9.9169e-19	0.00e+00	0.00e+00	8.2192e+01
2.50969e+18	9.4476e+03	1.730e-19	2.1544e+02	1.1425e+02	1.1378e-10	5.4204e-01	4.5796e-01	1.6792e-01	8.2841e-01	3.6665e-03	2.8757e-12	6.3476e-04	7.8256e-01	2.1672e-01	7.4018e-05	5.9237e-01	4.0433e-01	3.2906e-03	2.8437e-06	2.5193e-07	1.1755e-36	1.0976e-18	0.00e+00	0.00e+00	8.4585e+01
2.51245e+18	9.3828e+03	1.641e-19	2.1544e+02	1.1079e+02	1.2470e-10	5.5705e-01	4.4295e-01	1.7715e-01	8.1914e-01	3.7104e-03	3.0807e-12	6.2570e-04	7.9333e-01	2.0598e-01	6.6614e-05	6.0723e-01	3.8993e-01	2.8453e-03	2.6624e-06	2.1417e-07	1.1755e-36	1.1858e-18	0.00e+00	0.00e+00	8.6300e+01
2.51454e+18	9.3272e+03	1.574e-19	2.1544e+02	1.0840e+02	1.3344e-10	5.6758e-01	4.3242e-01	1.8489e-01	8.1138e-01	3.7322e-03	3.2352e-12	6.2003e-04	8.0164e-01	1.9767e-01	6.1521e-05	6.1760e-01	3.7985e-01	2.5540e-03	2.5417e-06	1.9000e-07	1.1755e-36	1.2499e-18	0.00e+00	0.00e+00	8.7786e+01
2.51666e+18	9.2714e+03	1.507e-19	2.1544e+02	1.0594e+02	1.4281e-10	5.7829e-01	4.2171e-01	1.9297e-01	8.0328e-01	3.7553e-03	3.3937e-12	6.1345e-04	8.0984e-01	1.8949e-01	5.6739e-05	6.2809e-01	3.6963e-01	2.2861e-03	2.4243e-06	1.6809e-07	1.1755e-36	1.3149e-18	0.00e+00	0.00e+00	8.9594e+01
2.51915e+18	9.2029e+03	1.430e-19	2.1544e+02	1.0273e+02	1.5579e-10	5.9225e-01	4.0775e-01	2.0251e-01	7.9370e-01	3.7938e-03	3.6011e-12	6.0341e-04	8.1898e-01	1.8036e-01	5.1604e-05	6.4165e-01	3.5636e-01	1.9919e-03	2.2790e-06	1.4431e-07	1.1755e-36	1.4041e-18	0.00e+00	0.00e+00	9.1755e+01
2.52169e+18	9.1378e+03	1.353e-19	2.1544e+02	9.9398e+01	1.7042e-10	6.0769e-01	3.9231e-01	2.1265e-01	7.8350e-01	3.8428e-03	3.8356e-12	5.9170e-04	8.2791e-01	1.7145e-01	4.6925e-05	6.5651e-01	3.4177e-01	1.7182e-03	2.1275e-06	1.1755e-36	1.1755e-36	1.5098e-18	0.00e+00	0.00e+00	9.3738e+01
2.52385e+18	9.0899e+03	1.288e-19	2.1544e+02	9.6473e+01	1.8254e-10	6.1951e-01	3.8049e-01	2.2141e-01	7.7470e-01	3.8922e-03	4.0126e-12	5.8054e-04	8.3506e-01	1.6431e-01	4.3493e-05	6.6783e-01	3.3065e-01	1.5204e-03	2.0169e-06	1.1755e-36	1.1755e-36	1.5840e-18	0.00e+00	0.00e+00	9.5361e+01
2.52580e+18	9.0284e+03	1.232e-19	2.1544e+02	9.4144e+01	1.9532e-10	6.3002e-01	3.6998e-01	2.3046e-01	7.6562e-01	3.9173e-03	4.1851e-12	5.7244e-04	8.4188e-01	1.5750e-01	4.0582e-05	6.7785e-01	3.2079e-01	1.3615e-03	1.9230e-06	1.1755e-36	1.1755e-36	1.6554e-18	0.00e+00	0.00e+00	9.7058e+01
2.52792e+18	8.9680e+03	1.171e-19	2.1544e+02	9.1489e+01	2.0985e-10	6.4160e-01	3.5840e-01	2.4033e-01	7.5572e-01	3.9513e-03	4.3746e-12	5.6236e-04	8.4891e-01	1.5049e-01	3.7704e-05	6.8882e-01	3.0997e-01	1.2044e-03	1.8234e-06	1.1755e-36	1.1755e-36	1.7341e-18	0.00e+00	0.00e+00	9.9029e+01
2.53021e+18	8.8957e+03	1.107e-19	2.1544e+02	8.8427e+01	2.2806e-10	6.5480e-01	3.4520e-01	2.5105e-01	7.4495e-01	3.9987e-03	4.5887e-12	5.4977e-04	8.5605e-01	1.4336e-01	3.4920e-05	7.0125e-01	2.9770e-01	1.0508e-03	1.7152e-06	1.1755e-36	1.1755e-36	1.8230e-18	0.00e+00	0.00e+00	1.0109e+02
2.53239e+18	8.8471e+03	1.047e-19	2.1544e+02	8.5521e+01	2.4417e-10	6.6690e-01	3.3310e-01	2.6140e-01	7.3454e-01	4.0545e-03	4.7821e-12	5.3677e-04	8.6243e-01	1.3700e-01	3.2586e-05	7.1256e-01	2.8651e-01	9.2197e-04	1.6197e-06	1.1755e-36	1.1755e-36	1.9018e-18	0.00e+00	0.00e+00	1.0296e+02
2.53440e+18	8.7765e+03	9.952e-20	2.1544e+02	8.3006e+01	2.6265e-10	6.7779e-01	3.2221e-01	2.7192e-01	7.2399e-01	4.0880e-03	4.9670e-12	5.2607e-04	8.6841e-01	1.3103e-01	3.0630e-05	7.2270e-01	2.7648e-01	8.1837e-04	1.5378e-06	1.1755e-36	1.1755e-36	1.9733e-18	0.00e+00	0.00e+00	1.0476e+02
2.53639e+18	8.7092e+03	9.447e-20	2.1544e+02	8.0590e+01	2.8180e-10	6.8844e-01	3.1156e-01	2.8290e-01	7.1298e-01	4.1185e-03	5.1530e-12	5.1547e-04	8.7422e-01	1.2523e-01	2.8859e-05	7.3257e-01	2.6670e-01	7.2622e-04	1.4603e-06	1.1755e-36	1.1755e-36	2.0444e-18	0.00e+00	0.00e+00	1.0666e+02
2.53846e+18	8.6423e+03	8.934e-20	2.1544e+02	7.8008e+01	3.0289e-10	6.9952e-01	3.0048e-01	2.9441e-01	7.0143e-01	4.1573e-03	5.3435e-12	5.0353e-04	8.7992e-01	1.1955e-01	2.7203e-05	7.4277e-01	2.5659e-01	6.4039e-04	1.3825e-06	1.1755e-36	1.1755e-36	2.1152e-18	0.00e+00	0.00e+00	1.0867e+02
2.54056e+18	8.5706e+03	8.433e-20	2.1544e+02	7.5361e+01	3.2652e-10	7.1076e-01	2.8924e-01	3.0628e-01	6.8952e-01	4.1985e-03	5.5352e-12	4.9085e-04	8.8539e-01	1.1409e-01	2.5704e-05	7.5307e-01	2.4636e-01	5.6321e-04	1.3065e-06	1.1755e-36	1.1755e-36	2.1834e-18	0.00e+00	0.00e+00	1.1068e+02
2.54258e+18	8.5002e+03	7.967e-20	2.1544e+02	7.2853e+01	3.5095e-10	7.2129e-01	2.7871e-01	3.1819e-01	6.7757e-01	4.2378e-03	5.7154e-12	4.7855e-04	8.9047e-01	1.0903e-01	2.4409e-05	7.6268e-01	2.3682e-01	4.9766e-04	1.2377e-06	1.1755e-36	1.1755e-36	2.2434e-18	0.00e+00	0.00e+00	1.1261e+02
2.54455e+18	8.4290e+03	7.533e-20	2.1544e+02	7.0499e+01	3.7650e-10	7.3113e-01	2.6887e-01	3.3028e-01	6.6545e-01	4.2704e-03	5.8856e-12	4.6687e-04	8.9524e-01	1.0426e-01	2.3278e-05	7.7161e-01	2.2795e-01	4.4172e-04	1.1756e-06	1.1755e-36	1.1755e-36	2.2960e-18	0.00e+00	0.00e+00	1.1456e+02
2.54654e+18	8.3510e+03	7.108e-20	2.1544e+02	6.8118e+01	4.0553e-10	7.4098e-01	2.5902e-01	3.4291e-01	6.5279e-01	4.3017e-03	6.0558e-12	4.5486e-04	8.9990e-01	9.9624e-02	2.2243e-05	7.8051e-01	2.1909e-01	3.9135e-04	1.1152e-06	1.1755e-36	1.1755e-36	2.3443e-18	0.00e+00	0.00e+00	1.1660e+02
2.54857e+18	8.2679e+03	6.692e-20	2.1544e+02	6.5731e+01	4.3845e-10	7.5121e-01	2.4879e-01	3.5628e-01	6.3939e-01	4.3316e-03	6.2349e-12	4.4248e-04	9.0446e-01	9.5078e-02	2.1283e-05	7.8972e-01	2.0994e-01	3.4524e-04	1.0545e-06	1.1755e-36	1.1755e-36	2.3947e-18	0.00e+00	0.00e+00	1.1869e+02
2.55057e+18	8.1888e+03	6.301e-20	2.1544e+02	6.3378e+01	4.7251e-10	7.6082e-01	2.3918e-01	3.6943e-01	6.2621e-01	4.3663e-03	6.3950e-12	4.2989e-04	9.0861e-01	9.0940e-02	2.0452e-05	7.9832e-01	2.0137e-01	3.0576e-04	9.9919e-07	1.1755e-36	1.1755e-36	2.4317e-18	0.00e+00	0.00e+00	1.2071e+02
2.55250e+18	8.1079e+03	5.940e-20	2.1544e+02	6.1202e+01	5.0873e-10	7.6972e-01	2.3028e-01	3.8277e-01	6.1284e-01	4.3900e-03	6.5457e-12	4.1820e-04	9.1251e-01	8.7052e-02	1.9729e-05	8.0626e-01	1.9347e-01	2.7230e-04	9.4936e-07	1.1755e-36	1.1755e-36	2.4619e-18	0.00e+00	0.00e+00	1.2271e+02
2.55445e+18	8.0226e+03	5.590e-20	2.1544e+02	5.9034e+01	5.4925e-10	7.7850e-01	2.2150e-01	3.9658e-01	5.9901e-01	4.4109e-03	6.6926e-12	4.0639e-04	9.1627e-01	8.3303e-02	1.9070e-05	8.1406e-01	1.8570e-01	2.4240e-04	9.0149e-07	1.1755e-36	1.1755e-36	2.4861e-18	0.00e+00	0.00e+00	1.2481e+02
2.55645e+18	7.9351e+03	5.247e-20	2.1544e+02	5.6805e+01	5.9446e-10	7.8741e-01	2.1259e-01	4.1087e-01	5.8470e-01	4.4360e-03	6.8351e-12	3.9390e-04	9.1988e-01	7.9708e-02	1.8462e-05	8.2195e-01	1.7784e-01	2.1518e-04	8.5412e-07	1.1755e-36	1.1755e-36	2.5035e-18	0.00e+00	0.00e+00	1.2698e+02
2.55846e+18	7.8459e+03	4.921e-20	2.1544e+02	5.4632e+01	6.4409e-10	7.9614e-01	2.0386e-01	4.2541e-01	5.7013e-01	4.4588e-03	6.9730e-12	3.8148e-04	9.2326e-01	7.6335e-02	1.7918e-05	8.2964e-01	1.7017e-01	1.9128e-04	8.0888e-07	1.1755e-36	1.1755e-36	2.5162e-18	0.00e+00	0.00e+00	1.2913e+02
2.56041e+18	7.7400e+03	4.623e-20	2.1544e+02	5.2613e+01	7.0445e-10	8.0459e-01	1.9541e-01	4.4037e-01	5.5517e-01	4.4622e-03	7.1152e-12	3.7009e-04	9.2648e-01	7.3134e-02	1.7442e-05	8.3706e-01	1.6277e-01	1.7088e-04	7.6637e-07	1.1755e-36	1.1755e-36	2.5294e-18	0.00e+00	0.00e+00	1.3123e+02
2.56230e+18	7.6452e+03	4.347e-20	2.1544e+02	5.0671e+01	7.6450e-10	8.1207e-01	1.8793e-01	4.5481e-01	5.4072e-01	4.4713e-03	7.2262e-12	3.5876e-04	9.2934e-01	7.0283e-02	1.7036e-05	8.4361e-01	1.5623e-01	1.5378e-04	7.2943e-07	1.1755e-36	1.1755e-36	2.5240e-18	0.00e+00	0.00e+00	1.3329e+02
2.56421e+18	7.5348e+03	4.084e-20	2.1544e+02	4.8823e+01	8.3867e-10	8.1970e-01	1.8030e-01	4.7021e-01	5.2534e-01	4.4592e-03	7.3536e-12	3.4812e-04	9.3218e-01	6.7450e-02	1.6661e-05	8.5027e-01	1.4959e-01	1.3842e-04	6.9268e-07	1.1755e-36	1.1755e-36	2.5260e-18	0.00e+00	0.00e+00	1.3546e+02
2.56616e+18	7.4232e+03	3.827e-20	2.1544e+02	4.6898e+01	9.2274e-10	8.2733e-01	1.7267e-01	4.8572e-01	5.0983e-01	4.4560e-03	7.4684e-12	3.3668e-04	9.3483e-01	6.4819e-02	1.6318e-05	8.5691e-01	1.4296e-01	1.2455e-04	6.5665e-07	1.1755e-36	1.1755e-36	2.5173e-18	0.00e+00	0.00e+00	1.3767e+02
2.56810e+18	7.3076e+03	3.587e-20	2.1544e+02	4.5044e+01	1.0188e-09	8.3466e-01	1.6534e-01	5.0128e-01	4.9428e-01	4.4469e-03	7.5774e-12	3.2554e-04	9.3726e-01	6.2396e-02	1.6016e-05	8.6326e-01	1.3662e-01	1.1255e-04	6.2278e-07	1.1755e-36	1.1755e-36	2.5052e-18	0.00e+00	0.00e+00	1.3984e+02
2.56999e+18	7.1890e+03	3.368e-20	2.1544e+02	4.3313e+01	1.1278e-09	8.4143e-01	1.5857e-01	5.1674e-01	4.7883e-01	4.4273e-03	7.6784e-12	3.1509e-04	9.3949e-01	6.0180e-02	1.5756e-05	8.6912e-01	1.3078e-01	1.0243e-04	5.9210e-07	1.1755e-36	1.1755e-36	2.4898e-18	0.00e+00	0.00e+00	1.4197e+02
2.57185e+18	7.0590e+03	3.163e-20	2.1544e+02	4.1622e+01	1.2599e-09	8.4777e-01	1.5223e-01	5.3217e-01	4.6343e-01	4.4010e-03	7.7680e-12	3.0485e-04	9.4154e-01	5.8136e-02	1.5532e-05	8.7460e-01	1.2531e-01	9.3774e-05	5.6392e-07	1.1755e-36	1.1755e-36	2.4672e-18	0.00e+00	0.00e+00	1.4412e+02
2.57370e+18	6.9317e+03	2.972e-20	2.1544e+02	4.0015e+01	1.4083e-09	8.5393e-01	1.4607e-01	5.4757e-01	4.4807e-01	4.3689e-03	7.8603e-12	2.9496e-04	9.4343e-01	5.6260e-02	1.5331e-05	8.7990e-01	1.2001e-01	8.6177e-05	5.3699e-07	1.1755e-36	1.1755e-36	2.4495e-18	0.00e+00	0.00e+00	1.4625e+02
2.57552e+18	6.7996e+03	2.794e-20	2.1544e+02	3.8478e+01	1.5835e-09	8.5981e-01	1.4019e-01	5.6299e-01	4.3268e-01	4.3276e-03	7.9539e-12	2.8546e-04	9.4517e-01	5.4527e-02	1.5155e-05	8.8496e-01	1.1496e-01	7.9588e-05	5.1166e-07	1.1755e-36	1.1755e-36	2.4352e-18	0.00e+00	0.00e+00	1.4838e+02
2.57735e+18	6.6709e+03	2.625e-20	2.1544e+02	3.6954e+01	1.7806e-09	8.6528e-01	1.3472e-01	5.7804e-01	4.1767e-01	4.2915e-03	8.0328e-12	2.7582e-04	9.4673e-01	5.2982e-02	1.5000e-05	8.8964e-01	1.1029e-01	7.3876e-05	4.8850e-07	1.1755e-36	1.1755e-36	2.4152e-18	0.00e+00	0.00e+00	1.5053e+02
2.57915e+18	6.5378e+03	2.469e-20	2.1544e+02	3.5516e+01	2.0151e-09	8.7057e-01	1.2943e-01	5.9294e-01	4.0281e-01	4.2462e-03	8.1224e-12	2.6669e-04	9.4813e-01	5.1585e-02	1.4866e-05	8.9416e-01	1.0577e-01	6.8931e-05	4.6640e-07	1.1755e-36	1.1755e-36	2.4067e-18	0.00e+00	0.00e+00	1.5263e+02
2.58092e+18	6.3960e+03	2.327e-20	2.1544e+02	3.4175e+01	2.3042e-09	8.7557e-01	1.2443e-01	6.0783e-01	3.8798e-01	4.1859e-03	8.2264e-12	2.5823e-04	9.4943e-01	5.0299e-02	1.4751e-05	8.9843e-01	1.0150e-01	6.4719e-05	4.4581e-07	1.1755e-36	1.1755e-36	2.4126e-18	0.00e+00	0.00e+00	1.5472e+02
2.58268e+18	6.2513e+03	2.192e-20	2.1544e+02	3.2866e+01	2.6531e-09	8.8036e-01	1.1964e-01	6.2267e-01	3.7321e-01	4.1207e-03	8.3413e-12	2.4990e-04	9.5061e-01	4.9124e-02	1.4651e-05	9.0252e-01	9.7416e-02	6.1022e-05	4.2632e-07	1.1755e-36	1.1755e-36	2.4310e-18	0.00e+00	0.00e+00	1.5686e+02
2.58447e+18	6.1025e+03	2.064e-20	2.1544e+02	3.1574e+01	3.0821e-09	8.8509e-01	1.1491e-01	6.3742e-01	3.5853e-01	4.0527e-03	8.4765e-12	2.4158e-04	9.5167e-01	4.8075e-02	1.4563e-05	9.0654e-01	9.3399e-02	5.7743e-05	4.0734e-07	1.1755e-36	1.1755e-36	2.4693e-18	0.00e+00	0.00e+00	1.5902e+02
2.58625e+18	5.9518e+03	1.946e-20	2.1544e+02	3.0343e+01	3.6048e-09	8.8955e-01	1.1045e-01	6.5186e-01	3.4416e-01	3.9793e-03	8.6380e-12	2.3362e-04	9.5259e-01	4.7163e-02	1.4488e-05	9.1034e-01	8.9601e-02	5.4935e-05	3.8958e-07	1.1755e-36	1.1755e-36	2.5347e-18	0.00e+00	0.00e+00	1.6114e+02
2.58799e+18	5.7954e+03	1.838e-20	2.1544e+02	2.9210e+01	4.2630e-09	8.9380e-01	1.0620e-01	6.6625e-01	3.2986e-01	3.8901e-03	8.8497e-12	2.2636e-04	9.5342e-01	4.6341e-02	1.4428e-05	9.1395e-01	8.5997e-02	5.2559e-05	3.7292e-07	1.1755e-36	1.1755e-36	2.6462e-18	0.00e+00	0.00e+00	1.6324e+02
2.58975e+18	5.6373e+03	1.735e-20	2.1544e+02	2.8091e+01	5.0827e-09	8.9778e-01	1.0222e-01	6.8044e-01	3.1576e-01	3.7997e-03	9.1071e-12	2.1911e-04	9.5414e-01	4.5623e-02	1.4379e-05	9.1733e-01	8.2621e-02	5.0509e-05	3.5747e-07	1.1755e-36	1.1755e-36	2.8043e-18	0.00e+00	0.00e+00	1.6542e+02
2.59153e+18	5.4762e+03	1.637e-20	2.1544e+02	2.6985e+01	6.1231e-09	9.0172e-01	9.8278e-02	6.9441e-01	3.0188e-01	3.7081e-03	9.4417e-12	2.1188e-04	9.5475e-01	4.5027e-02	1.4338e-05	9.2067e-01	7.9283e-02	4.8701e-05	3.4229e-07	1.1755e-36	1.1755e-36	3.0381e-18	0.00e+00	0.00e+00	1.6762e+02
2.59330e+18	5.3149e+03	1.547e-20	2.1544e+02	2.5939e+01	7.4253e-09	9.0542e-01	9.4579e-02	7.0790e-01	2.8848e-01	3.6127e-03	9.8730e-12	2.0505e-04	9.5522e-01	4.4555e-02	1.4308e-05	9.2380e-01	7.6152e-02	4.7189e-05	3.2819e-07	1.1755e-36	1.1755e-36	3.3736e-18	0.00e+00	0.00e+00	1.6977e+02
2.59504e+18	5.1536e+03	1.465e-20	2.1544e+02	2.4963e+01	9.0594e-09	9.0883e-01	9.1166e-02	7.2097e-01	2.7552e-01	3.5115e-03	1.0432e-11	1.9870e-04	9.5561e-01	4.4179e-02	1.4289e-05	9.2669e-01	7.3262e-02	4.5948e-05	3.1530e-07	1.1755e-36	1.1755e-36	3.8520e-18	0.00e+00	0.00e+00	1.7191e+02
2.59673e+18	4.9967e+03	1.390e-20	2.1544e+02	2.4029e+01	1.1053e-08	9.1211e-01	8.7888e-02	7.3332e-01	2.6326e-01	3.4143e-03	1.1134e-11	1.9261e-04	9.5587e-01	4.3919e-02	1.4276e-05	9.2946e-01	7.0490e-02	4.4899e-05	3.0300e-07	1.1755e-36	1.1755e-36	4.5077e-18	0.00e+00	0.00e+00	1.7396e+02
2.59802e+18	4.8840e+03	1.341e-20	2.1544e+02	2.3403e+01	1.2723e-08	9.1411e-01	8.5893e-02	7.4161e-01	2.5504e-01	3.3451e-03	1.1546e-11	1.8862e-04	9.5619e-01	4.3609e-02	1.4274e-05	9.3116e-01	6.8797e-02	4.4331e-05	2.9560e-07	1.1755e-36	1.1755e-36	4.9114e-18	0.00e+00	0.00e+00	1.7510e+02
2.59883e+18	4.7926e+03	1.314e-20	2.1544e+02	2.3104e+01	1.4257e-08	9.1498e-01	8.5023e-02	7.4821e-01	2.4854e-01	3.2591e-03	1.1902e-11	1.8709e-04	9.5659e-01	4.3211e-02	1.4286e-05	9.3192e-01	6.8033e-02	4.4151e-05	2.9246e-07	1.1755e-36	1.1755e-36	5.2883e-18	0.00e+00	0.00e+00	1.7597e+02
2.59950e+18	4.7099e+03	1.288e-20	2.1544e+02	2.2750e+01	1.5816e-08	9.1576e-01	8.4244e-02	7.5343e-01	2.4337e-01	3.2039e-03	1.2224e-11	1.8502e-04	9.5689e-01	4.2914e-02	1.4300e-05	9.3261e-01	6.7350e-02	4.4012e-05	2.8968e-07	1.1755e-36	1.1755e-36	5.6509e-18	0.00e+00	0.00e+00	1.7678e+02
2.60016e+18	4.6486e+03	1.270e-20	2.1544e+02	2.2644e+01	1.7075e-08	9.1634e-01	8.3660e-02	7.5885e-01	2.3803e-01	3.1188e-03	1.2512e-11	1.8482e-04	9.5730e-01	4.2504e-02	1.4306e-05	9.3312e-01	6.6837e-02	4.3890e-05	2.8756e-07	1.1755e-36	1.1755e-36	5.9778e-18	0.00e+00	0.00e+00	1.7760e+02
2.60091e+18	4.5695e+03	1.244e-20	2.1544e+02	2.2345e+01	1.8859e-08	9.1722e-01	8.2781e-02	7.6455e-01	2.3240e-01	3.0492e-03	1.2868e-11	1.8321e-04	9.5770e-01	4.2102e-02	1.4314e-05	9.3388e-01	6.6074e-02	4.3723e-05	2.8438e-07	1.1755e-36	1.1755e-36	6.4053e-18	0.00e+00	0.00e+00	1.7867e+02
2.60180e+18	4.4796e+03	1.214e-20	2.1544e+02	2.1934e+01	2.1094e-08	9.1847e-01	8.1527e-02	7.7043e-01	2.2658e-01	2.9888e-03	1.3282e-11	1.8080e-04	9.5804e-01	4.1763e-02	1.4323e-05	9.3496e-01	6.4998e-02	4.3503e-05	2.7979e-07	1.1755e-36	1.1755e-36	6.9303e-18	0.00e+00	0.00e+00	1.7981e+02
2.60268e+18	4.3986e+03	1.185e-20	2.1544e+02	2.1560e+01	2.3298e-08	9.1986e-01	8.0144e-02	7.7616e-01	2.2091e-01	2.9284e-03	1.3681e-11	1.7862e-04	9.5835e-01	4.1458e-02	1.4327e-05	9.3613e-01	6.3825e-02	4.3253e-05	2.7472e-07	1.1755e-36	1.1755e-36	7.4534e-18	0.00e+00	0.00e+00	1.8088e+02
2.60356e+18	4.2914e+03	1.156e-20	2.1544e+02	2.1132e+01	2.6472e-08	9.2126e-01	7.8739e-02	7.8201e-01	2.1513e-01	2.8629e-03	1.4183e-11	1.7628e-04	9.5870e-01	4.1105e-02	1.4344e-05	9.3734e-01	6.2617e-02	4.3131e-05	2.6964e-07	1.1755e-36	1.1755e-36	8.1659e-18	0.00e+00	0.00e+00	1.8201e+02
2.60439e+18	4.2372e+03	1.131e-20	2.1544e+02	2.0811e+01	2.8163e-08	9.2232e-01	7.7683e-02	7.8671e-01	2.1047e-01	2.8198e-03	1.4442e-11	1.7426e-04	9.5888e-01	4.0929e-02	1.4345e-05	9.3823e-01	6.1727e-02	4.2893e-05	2.6576e-07	1.1755e-36	1.1755e-36	8.5264e-18	0.00e+00	0.00e+00	1.8296e+02
2.60525e+18	4.1468e+03	1.105e-20	2.1544e+02	2.0462e+01	3.1119e-08	9.2358e-01	7.6423e-02	7.9250e-01	2.0475e-01	2.7501e-03	1.4851e-11	1.7244e-04	9.5927e-01	4.0545e-02	1.4358e-05	9.3931e-01	6.0649e-02	4.2767e-05	2.6121e-07	1.1755e-36	1.1755e-36	9.1373e-18	0.00e+00	0.00e+00	1.8419e+02
2.60626e+18	4.0456e+03	1.074e-20	2.1544e+02	1.9991e+01	3.4514e-08	9.2508e-01	7.4921e-02	7.9821e-01	1.9910e-01	2.6934e-03	1.5240e-11	1.6976e-04	9.5956e-01	4.0256e-02	1.4374e-05	9.4059e-01	5.9367e-02	4.2634e-05	2.5578e-07	1.1755e-36	1.1755e-36	9.7478e-18	0.00e+00	0.00e+00	1.8549e+02
2.60730e+18	3.9463e+03	1.045e-20	2.1544e+02	1.9552e+01	3.7855e-08	9.2671e-01	7.3295e-02	8.0407e-01	1.9330e-01	2.6305e-03	1.5568e-11	1.6738e-04	9.5986e-01	3.9960e-02	1.4388e-05	9.4197e-01	5.7989e-02	4.2492e-05	2.4991e-07	1.1755e-36	1.1755e-36	1.0272e-17	0.00e+00	0.00e+00	1.8681e+02
###########################
1.61697e+14	1.1051e+04	3.498e-19	2.1544e+02	2.4971e+02	4.6916e-16	1.7227e-03	9.9828e-01	2.8385e-04	1.5307e-01	8.4664e-01	1.0279e-20	8.9393e-06	1.7003e-02	4.9576e-01	3.7125e-01	8.1038e-06	5.7030e-03	2.9785e-01	6.2432e-01	7.0437e-02	1.6461e-03	2.9552e-28	0.00e+00	0.00e+00	7.5765e-04
9.70180e+14	1.1037e+04	3.492e-19	2.1544e+02	2.4956e+02	4.6544e-16	1.7197e-03	9.9828e-01	2.8350e-04	1.5306e-01	8.4666e-01	1.0092e-20	8.1001e-06	1.6968e-02	4.9537e-01	3.7176e-01	8.0631e-06	5.6852e-03	2.9830e-01	6.2403e-01	7.0311e-02	1.6439e-03	2.8769e-28	0.00e+00	0.00e+00	3.7830e-03
4.20411e+15	1.1002e+04	3.481e-19	2.1544e+02	2.4954e+02	4.7102e-16	1.7142e-03	9.9829e-01	2.8394e-04	1.5359e-01	8.4613e-01	1.0028e-20	8.1665e-06	1.6969e-02	4.9675e-01	3.7157e-01	7.9910e-06	5.6551e-03	3.0059e-01	6.2242e-01	6.9669e-02	1.6277e-03	2.8697e-28	0.00e+00	0.00e+00	1.5845e-02
1.71398e+16	1.0914e+04	3.451e-19	2.1544e+02	2.4948e+02	4.7754e-16	1.7007e-03	9.9830e-01	2.8732e-04	1.5665e-01	8.4306e-01	9.7166e-21	8.1749e-06	1.7008e-02	5.0278e-01	3.6993e-01	7.8212e-06	5.5869e-03	3.0996e-01	6.1559e-01	6.7257e-02	1.5648e-03	2.7594e-28	0.00e+00	0.00e+00	6.3717e-02
4.09416e+16	1.0571e+04	3.350e-19	2.1544e+02	2.4946e+02	4.8779e-16	1.6324e-03	9.9837e-01	2.8635e-04	1.5833e-01	8.4139e-01	8.2168e-21	7.6610e-06	1.6884e-02	5.0918e-01	3.6974e-01	7.0524e-06	5.2769e-03	3.2263e-01	6.0729e-01	6.3292e-02	1.4847e-03	2.2376e-28	0.00e+00	0.00e+00	1.2345e-01
6.68625e+16	1.0272e+04	3.265e-19	2.1544e+02	2.4942e+02	4.8982e-16	1.5639e-03	9.9844e-01	2.8653e-04	1.6143e-01	8.3828e-01	6.8652e-21	7.2047e-06	1.6732e-02	5.1688e-01	3.6827e-01	6.3623e-06	5.0000e-03	3.3575e-01	5.9829e-01	5.9522e-02	1.4093e-03	1.7953e-28	0.00e+00	0.00e+00	1.7648e-01
9.21645e+16	1.0090e+04	3.212e-19	2.1544e+02	2.4932e+02	4.8645e-16	1.5178e-03	9.9848e-01	2.9157e-04	1.6706e-01	8.3265e-01	6.1084e-21	6.9719e-06	1.6701e-02	5.2630e-01	3.6488e-01	6.0072e-06	4.8852e-03	3.5049e-01	5.8724e-01	5.6029e-02	1.3317e-03	1.5515e-28	0.00e+00	0.00e+00	2.2947e-01
1.21683e+17	9.9751e+03	3.171e-19	2.1544e+02	2.4915e+02	4.8180e-16	1.4855e-03	9.9851e-01	3.0363e-04	1.7647e-01	8.2323e-01	5.7506e-21	6.9198e-06	1.6838e-02	5.3916e-01	3.5908e-01	5.9105e-06	4.9218e-03	3.7062e-01	5.7122e-01	5.1982e-02	1.2334e-03	1.4268e-28	0.00e+00	0.00e+00	2.9688e-01
1.60058e+17	9.8619e+03	3.135e-19	2.1544e+02	2.4898e+02	4.7685e-16	1.4552e-03	9.9854e-01	3.2586e-04	1.9193e-01	8.0774e-01	5.5482e-21	7.0324e-06	1.7146e-02	5.5730e-01	3.4985e-01	5.9703e-06	5.0829e-03	3.9980e-01	5.4722e-01	4.6767e-02	1.1045e-03	1.3377e-28	0.00e+00	0.00e+00	3.8273e-01
2.09945e+17	9.8502e+03	3.087e-19	2.1544e+02	2.4842e+02	4.5015e-16	1.4197e-03	9.9858e-01	3.6026e-04	2.1661e-01	7.8303e-01	5.3735e-21	7.1309e-06	1.7498e-02	5.8021e-01	3.3731e-01	6.1756e-06	5.3839e-03	4.4185e-01	5.1144e-01	4.0360e-02	9.4686e-04	1.2657e-28	0.00e+00	0.00e+00	4.9162e-01
2.74798e+17	9.9046e+03	3.044e-19	2.1544e+02	2.4768e+02	4.1769e-16	1.3915e-03	9.9861e-01	4.2602e-04	2.6010e-01	7.3947e-01	5.5454e-21	7.5425e-06	1.8178e-02	6.1096e-01	3.1877e-01	6.8162e-06	6.0333e-03	5.0513e-01	4.5589e-01	3.2182e-02	7.4609e-04	1.2790e-28	0.00e+00	0.00e+00	6.3035e-01
3.41707e+17	1.0011e+04	3.009e-19	2.1544e+02	2.4653e+02	3.7296e-16	1.3547e-03	9.9865e-01	5.1979e-04	3.2396e-01	6.7552e-01	5.5112e-21	7.9413e-06	1.8775e-02	6.4195e-01	2.9866e-01	7.5380e-06	6.8174e-03	5.8008e-01	3.8833e-01	2.4191e-02	5.5774e-04	1.2557e-28	0.00e+00	0.00e+00	7.4183e-01
3.95083e+17	1.0127e+04	2.985e-19	2.1544e+02	2.4521e+02	3.4604e-16	1.3431e-03	9.9866e-01	6.3061e-04	3.9560e-01	6.0377e-01	5.8161e-21	8.4621e-06	1.9437e-02	6.6628e-01	2.8201e-01	8.5636e-06	7.7551e-03	6.4840e-01	3.2538e-01	1.8032e-02	4.1360e-04	1.3286e-28	0.00e+00	0.00e+00	8.2630e-01
4.36869e+17	1.0195e+04	2.961e-19	2.1544e+02	2.4384e+02	3.3929e-16	1.3513e-03	9.9865e-01	7.4313e-04	4.6532e-01	5.3393e-01	6.3250e-21	9.0180e-06	2.0071e-02	6.8428e-01	2.6927e-01	9.7090e-06	8.6793e-03	7.0420e-01	2.7318e-01	1.3612e-02	3.1085e-04	1.4640e-28	0.00e+00	0.00e+00	8.9490e-01
4.73132e+17	1.0221e+04	2.927e-19	2.1544e+02	2.4255e+02	3.4581e-16	1.3737e-03	9.9863e-01	8.5919e-04	5.3309e-01	4.6605e-01	7.0553e-21	9.6278e-06	2.0741e-02	6.9864e-01	2.5879e-01	1.1035e-05	9.6381e-03	7.5125e-01	2.2860e-01	1.0261e-02	2.3346e-04	1.6601e-28	0.00e+00	0.00e+00	9.6066e-01
5.07638e+17	1.0206e+04	2.883e-19	2.1544e+02	2.4135e+02	3.6404e-16	1.4065e-03	9.9859e-01	9.8121e-04	6.0050e-01	3.9852e-01	7.9704e-21	1.0286e-05	2.1427e-02	7.1104e-01	2.4946e-01	1.2518e-05	1.0613e-02	7.9244e-01	1.8914e-01	7.6155e-03	1.7300e-04	1.9168e-28	0.00e+00	0.00e+00	1.0253e+00
5.46521e+17	1.0138e+04	2.814e-19	2.1544e+02	2.4000e+02	4.0231e-16	1.4607e-03	9.9854e-01	1.1267e-03	6.7432e-01	3.2455e-01	9.4625e-21	1.1157e-05	2.2321e-02	7.2357e-01	2.3962e-01	1.4583e-05	1.1820e-02	8.3301e-01	1.4976e-01	5.2739e-03	1.1992e-04	2.3344e-28	0.00e+00	0.00e+00	1.1127e+00
5.97069e+17	9.9949e+03	2.712e-19	2.1544e+02	2.3845e+02	4.7416e-16	1.5448e-03	9.9846e-01	1.3057e-03	7.5794e-01	2.4076e-01	1.1797e-20	1.2320e-05	2.3457e-02	7.3721e-01	2.2834e-01	1.7483e-05	1.3297e-02	8.7405e-01	1.0934e-01	3.2262e-03	7.3997e-05	3.0080e-28	0.00e+00	0.00e+00	1.2327e+00
6.50961e+17	9.8240e+03	2.603e-19	2.1544e+02	2.3713e+02	5.6626e-16	1.6391e-03	9.9836e-01	1.4651e-03	8.2612e-01	1.7241e-01	1.4425e-20	1.3463e-05	2.4522e-02	7.4856e-01	2.1847e-01	2.0556e-05	1.4645e-02	9.0449e-01	7.8837e-02	1.9586e-03	4.5661e-05	3.7869e-28	0.00e+00	0.00e+00	1.3456e+00
7.09200e+17	9.6433e+03	2.500e-19	2.1544e+02	2.3612e+02	6.9984e-16	1.7600e-03	9.9824e-01	1.6104e-03	8.7709e-01	1.2130e-01	1.8301e-20	1.4802e-05	2.5716e-02	7.5866e-01	2.0904e-01	2.4273e-05	1.5998e-02	9.2645e-01	5.6305e-02	1.1937e-03	2.8176e-05	4.9638e-28	0.00e+00	0.00e+00	1.5032e+00
7.79224e+17	9.4863e+03	2.414e-19	2.1544e+02	2.3534e+02	8.7561e-16	1.9117e-03	9.9809e-01	1.7430e-03	9.1527e-01	8.2985e-02	2.3610e-20	1.6327e-05	2.6986e-02	7.6795e-01	1.9986e-01	2.8840e-05	1.7368e-02	9.4246e-01	3.9389e-02	7.4156e-04	1.7318e-05	6.6487e-28	0.00e+00	0.00e+00	1.6961e+00
8.57146e+17	9.3836e+03	2.363e-19	2.1544e+02	2.3483e+02	1.0925e-15	2.0934e-03	9.9791e-01	1.8480e-03	9.4070e-01	5.7450e-02	3.0299e-20	1.7867e-05	2.8130e-02	7.7620e-01	1.9141e-01	3.3858e-05	1.8481e-02	9.5313e-01	2.7838e-02	5.0385e-04	1.1059e-05	8.9968e-28	0.00e+00	0.00e+00	1.9285e+00
9.32488e+17	9.3647e+03	2.338e-19	2.1544e+02	2.3450e+02	1.3131e-15	2.2897e-03	9.9771e-01	1.9475e-03	9.5548e-01	4.2573e-02	3.9735e-20	1.9634e-05	2.9427e-02	7.8244e-01	1.8445e-01	4.0427e-05	1.9967e-02	9.5875e-01	2.0847e-02	3.9297e-04	7.7238e-06	1.2405e-27	0.00e+00	0.00e+00	2.1435e+00
9.94332e+17	9.3858e+03	2.341e-19	2.1544e+02	2.3431e+02	1.5103e-15	2.4699e-03	9.9753e-01	2.0139e-03	9.6363e-01	3.4360e-02	4.9010e-20	2.1038e-05	3.0364e-02	7.8708e-01	1.7921e-01	4.6292e-05	2.1024e-02	9.6172e-01	1.6863e-02	3.4180e-04	5.9647e-06	1.6074e-27	0.00e+00	0.00e+00	2.3271e+00
1.05717e+18	9.4236e+03	2.352e-19	2.1544e+02	2.3415e+02	1.7555e-15	2.6786e-03	9.9732e-01	2.0867e-03	9.7000e-01	2.7911e-02	6.2343e-20	2.2684e-05	3.1458e-02	7.9187e-01	1.7363e-01	5.3564e-05	2.2214e-02	9.6378e-01	1.3645e-02	3.0703e-04	4.6227e-06	2.1603e-27	0.00e+00	0.00e+00	2.5858e+00
1.12804e+18	9.5006e+03	2.379e-19	2.1544e+02	2.3400e+02	2.0575e-15	2.9427e-03	9.9706e-01	2.1638e-03	9.7508e-01	2.2754e-02	8.1915e-20	2.4629e-05	3.2696e-02	7.9692e-01	1.6759e-01	6.3417e-05	2.3669e-02	9.6498e-01	1.0999e-02	2.8331e-04	3.5652e-06	3.0326e-27	0.00e+00	0.00e+00	2.8688e+00
1.19370e+18	9.5967e+03	2.418e-19	2.1544e+02	2.3387e+02	2.3858e-15	3.2257e-03	9.9677e-01	2.2378e-03	9.7852e-01	1.9240e-02	1.0710e-19	2.6599e-05	3.3922e-02	8.0158e-01	1.6192e-01	7.4859e-05	2.5201e-02	9.6531e-01	9.1377e-03	2.6933e-04	2.8446e-06	4.2400e-27	0.00e+00	0.00e+00	3.1347e+00
1.25075e+18	9.6926e+03	2.459e-19	2.1544e+02	2.3377e+02	2.7270e-15	3.5075e-03	9.9649e-01	2.3061e-03	9.8087e-01	1.6821e-02	1.3739e-19	2.8501e-05	3.5095e-02	8.0578e-01	1.5671e-01	8.7194e-05	2.6714e-02	9.6511e-01	7.8238e-03	2.6075e-04	2.3495e-06	5.7839e-27	0.00e+00	0.00e+00	3.3899e+00
1.30361e+18	9.7966e+03	2.499e-19	2.1544e+02	2.3367e+02	3.0895e-15	3.8001e-03	9.9620e-01	2.3761e-03	9.8266e-01	1.4961e-02	1.7555e-19	3.0452e-05	3.6301e-02	8.0976e-01	1.5166e-01	1.0123e-04	2.8327e-02	9.6452e-01	6.7923e-03	2.5480e-04	1.9714e-06	7.8331e-27	0.00e+00	0.00e+00	3.6598e+00
1.35379e+18	9.8803e+03	2.547e-19	2.1544e+02	2.3359e+02	3.5384e-15	4.1186e-03	9.9588e-01	2.4492e-03	9.8408e-01	1.3467e-02	2.2564e-19	3.2489e-05	3.7587e-02	8.1384e-01	1.4642e-01	1.1768e-04	3.0077e-02	9.6360e-01	5.9548e-03	2.5016e-04	1.6696e-06	1.0671e-26	0.00e+00	0.00e+00	3.9294e+00
1.40016e+18	9.9899e+03	2.590e-19	2.1544e+02	2.3348e+02	3.9612e-15	4.4419e-03	9.9556e-01	2.5239e-03	9.8517e-01	1.2307e-02	2.8598e-19	3.4589e-05	3.8874e-02	8.1754e-01	1.4154e-01	1.3613e-04	3.1934e-02	9.6240e-01	5.2851e-03	2.4698e-04	1.4349e-06	1.4229e-26	0.00e+00	0.00e+00	4.1989e+00
1.44334e+18	1.0075e+04	2.636e-19	2.1544e+02	2.3339e+02	4.4715e-15	4.7835e-03	9.9522e-01	2.6026e-03	9.8605e-01	1.1345e-02	3.6270e-19	3.6748e-05	4.0225e-02	8.2126e-01	1.3658e-01	1.5714e-04	3.3901e-02	9.6097e-01	4.7279e-03	2.4423e-04	1.2432e-06	1.8956e-26	0.00e+00	0.00e+00	4.4705e+00
1.48438e+18	1.0161e+04	2.681e-19	2.1544e+02	2.3331e+02	5.0404e-15	5.1414e-03	9.9486e-01	2.6810e-03	9.8679e-01	1.0534e-02	4.5970e-19	3.8937e-05	4.1615e-02	8.2487e-01	1.3168e-01	1.8101e-04	3.5992e-02	9.5933e-01	4.2527e-03	2.4194e-04	1.0837e-06	2.5252e-26	0.00e+00	0.00e+00	4.7525e+00
1.52423e+18	1.0250e+04	2.726e-19	2.1544e+02	2.3322e+02	5.6661e-15	5.5258e-03	9.9447e-01	2.7652e-03	9.8740e-01	9.8311e-03	5.8374e-19	4.1300e-05	4.3100e-02	8.2843e-01	1.2673e-01	2.0899e-04	3.8298e-02	9.5742e-01	3.8357e-03	2.3995e-04	9.4729e-07	3.3590e-26	0.00e+00	0.00e+00	5.0484e+00
1.56270e+18	1.0335e+04	2.771e-19	2.1544e+02	2.3312e+02	6.3788e-15	5.9383e-03	9.9406e-01	2.8554e-03	9.8792e-01	9.2206e-03	7.4321e-19	4.3804e-05	4.4681e-02	8.3193e-01	1.2173e-01	2.4165e-04	4.0822e-02	9.5523e-01	3.4705e-03	2.3812e-04	8.3051e-07	4.4726e-26	0.00e+00	0.00e+00	5.3518e+00
1.59923e+18	1.0420e+04	2.816e-19	2.1544e+02	2.3301e+02	7.1588e-15	6.3705e-03	9.9363e-01	2.9495e-03	9.8835e-01	8.6965e-03	9.4345e-19	4.6391e-05	4.6321e-02	8.3528e-01	1.1682e-01	2.7897e-04	4.3527e-02	9.5280e-01	3.1539e-03	2.3647e-04	7.3186e-07	5.9239e-26	0.00e+00	0.00e+00	5.6593e+00
1.63391e+18	1.0489e+04	2.861e-19	2.1544e+02	2.3288e+02	8.0551e-15	6.8309e-03	9.9317e-01	3.0530e-03	9.8871e-01	8.2333e-03	1.1972e-18	4.9145e-05	4.8069e-02	8.3853e-01	1.1190e-01	3.2210e-04	4.6454e-02	9.5011e-01	2.8745e-03	2.3479e-04	6.4679e-07	7.8079e-26	0.00e+00	0.00e+00	5.9739e+00
1.66714e+18	1.0563e+04	2.904e-19	2.1544e+02	2.3278e+02	9.0521e-15	7.3103e-03	9.9269e-01	3.1560e-03	9.8902e-01	7.8282e-03	1.5194e-18	5.1944e-05	4.9859e-02	8.4159e-01	1.0712e-01	3.7105e-04	4.9574e-02	9.4719e-01	2.6280e-03	2.3319e-04	5.7395e-07	1.0323e-25	0.00e+00	0.00e+00	6.2979e+00
1.69930e+18	1.0636e+04	2.947e-19	2.1544e+02	2.3267e+02	1.0160e-14	7.8226e-03	9.9218e-01	3.2661e-03	9.8927e-01	7.4641e-03	1.9290e-18	5.4922e-05	5.1764e-02	8.4453e-01	1.0235e-01	4.2796e-04	5.2980e-02	9.4395e-01	2.4056e-03	2.3159e-04	5.0996e-07	1.3607e-25	0.00e+00	0.00e+00	6.6354e+00
1.73046e+18	1.0703e+04	2.989e-19	2.1544e+02	2.3255e+02	1.1424e-14	8.3714e-03	9.9163e-01	3.3841e-03	9.8948e-01	7.1349e-03	2.4555e-18	5.8079e-05	5.3787e-02	8.4732e-01	9.7604e-02	4.9429e-04	5.6702e-02	9.4037e-01	2.2037e-03	2.2992e-04	4.5350e-07	1.7960e-25	0.00e+00	0.00e+00	6.9838e+00
1.76042e+18	1.0767e+04	3.032e-19	2.1544e+02	2.3242e+02	1.2849e-14	8.9543e-03	9.9105e-01	3.5091e-03	9.8965e-01	6.8387e-03	3.1271e-18	6.1394e-05	5.5918e-02	8.4992e-01	9.2931e-02	5.7097e-04	6.0735e-02	9.3644e-01	2.0217e-03	2.2818e-04	4.0400e-07	2.3684e-25	0.00e+00	0.00e+00	7.3409e+00
1.78917e+18	1.0824e+04	3.074e-19	2.1544e+02	2.3228e+02	1.4469e-14	9.5733e-03	9.9043e-01	3.6416e-03	9.8979e-01	6.5703e-03	3.9847e-18	6.4878e-05	5.8160e-02	8.5233e-01	8.8343e-02	6.5950e-04	6.5095e-02	9.3216e-01	1.8573e-03	2.2635e-04	3.6048e-07	3.1208e-25	0.00e+00	0.00e+00	7.7077e+00
1.81687e+18	1.0879e+04	3.116e-19	2.1544e+02	2.3213e+02	1.6295e-14	1.0231e-02	9.8977e-01	3.7821e-03	9.8989e-01	6.3261e-03	5.0803e-18	6.8543e-05	6.0521e-02	8.5452e-01	8.3849e-02	7.6188e-04	6.9821e-02	9.2748e-01	1.7078e-03	2.2443e-04	3.2204e-07	4.1098e-25	0.00e+00	0.00e+00	8.0865e+00
1.84367e+18	1.0932e+04	3.157e-19	2.1544e+02	2.3198e+02	1.8358e-14	1.0932e-02	9.8907e-01	3.9311e-03	9.8997e-01	6.1028e-03	6.4864e-18	7.2402e-05	6.3011e-02	8.5649e-01	7.9444e-02	8.8072e-04	7.4962e-02	9.2236e-01	1.5711e-03	2.2240e-04	2.8791e-07	5.4155e-25	0.00e+00	0.00e+00	8.4787e+00
1.86962e+18	1.0982e+04	3.198e-19	2.1544e+02	2.3181e+02	2.0695e-14	1.1682e-02	9.8832e-01	4.0896e-03	9.9001e-01	5.8976e-03	8.2952e-18	7.6474e-05	6.5644e-02	8.5822e-01	7.5132e-02	1.0190e-03	8.0562e-02	9.1675e-01	1.4458e-03	2.2023e-04	2.5750e-07	7.1412e-25	0.00e+00	0.00e+00	8.8843e+00
1.89472e+18	1.1030e+04	3.239e-19	2.1544e+02	2.3164e+02	2.3351e-14	1.2483e-02	9.8752e-01	4.2584e-03	9.9003e-01	5.7086e-03	1.0626e-17	8.0767e-05	6.8425e-02	8.5970e-01	7.0922e-02	1.1798e-03	8.6657e-02	9.1061e-01	1.3307e-03	2.1792e-04	2.3039e-07	9.4262e-25	0.00e+00	0.00e+00	9.3032e+00
1.91901e+18	1.1075e+04	3.280e-19	2.1544e+02	2.3145e+02	2.6387e-14	1.3340e-02	9.8666e-01	4.4383e-03	9.9003e-01	5.5337e-03	1.3640e-17	8.5301e-05	7.1367e-02	8.6090e-01	6.6820e-02	1.3670e-03	9.3294e-02	9.0390e-01	1.2247e-03	2.1544e-04	2.0614e-07	1.2460e-24	0.00e+00	0.00e+00	9.7365e+00
1.94253e+18	1.1115e+04	3.321e-19	2.1544e+02	2.3125e+02	2.9869e-14	1.4260e-02	9.8574e-01	4.6308e-03	9.9000e-01	5.3709e-03	1.7549e-17	9.0103e-05	7.4488e-02	8.6182e-01	6.2823e-02	1.5857e-03	1.0053e-01	8.9654e-01	1.1268e-03	2.1276e-04	1.8439e-07	1.6496e-24	0.00e+00	0.00e+00	1.0186e+01
1.96538e+18	1.1153e+04	3.362e-19	2.1544e+02	2.3103e+02	3.3866e-14	1.5249e-02	9.8475e-01	4.8370e-03	9.8994e-01	5.2189e-03	2.2639e-17	9.5196e-05	7.7802e-02	8.6244e-01	5.8934e-02	1.8418e-03	1.0845e-01	8.8846e-01	1.0361e-03	2.0986e-04	1.6482e-07	2.1887e-24	0.00e+00	0.00e+00	1.0653e+01
1.98760e+18	1.1189e+04	3.403e-19	2.1544e+02	2.3080e+02	3.8462e-14	1.6315e-02	9.8369e-01	5.0583e-03	9.8986e-01	5.0769e-03	2.9293e-17	1.0060e-04	8.1327e-02	8.6273e-01	5.5157e-02	2.1424e-03	1.1711e-01	8.7959e-01	9.5192e-04	2.0675e-04	1.4720e-07	2.9118e-24	0.00e+00	0.00e+00	1.1139e+01
2.00922e+18	1.1222e+04	3.445e-19	2.1544e+02	2.3055e+02	4.3758e-14	1.7465e-02	9.8254e-01	5.2963e-03	9.8976e-01	4.9438e-03	3.8023e-17	1.0634e-04	8.5082e-02	8.6267e-01	5.1495e-02	2.4958e-03	1.2660e-01	8.6983e-01	8.7365e-04	2.0338e-04	1.3131e-07	3.8842e-24	0.00e+00	0.00e+00	1.1646e+01
2.03030e+18	1.1253e+04	3.486e-19	2.1544e+02	2.3029e+02	4.9892e-14	1.8710e-02	9.8129e-01	5.5532e-03	9.8963e-01	4.8184e-03	4.9538e-17	1.1247e-04	8.9094e-02	8.6224e-01	4.7947e-02	2.9129e-03	1.3701e-01	8.5908e-01	8.0069e-04	1.9973e-04	1.1695e-07	5.1985e-24	0.00e+00	0.00e+00	1.2176e+01
2.05091e+18	1.1281e+04	3.528e-19	2.1544e+02	2.2999e+02	5.7061e-14	2.0064e-02	9.7994e-01	5.8321e-03	9.8947e-01	4.6996e-03	6.4847e-17	1.1903e-04	9.3399e-02	8.6141e-01	4.4509e-02	3.4074e-03	1.4847e-01	8.4720e-01	7.3247e-04	1.9576e-04	1.1755e-36	6.9896e-24	0.00e+00	0.00e+00	1.2732e+01
2.07110e+18	1.1305e+04	3.571e-19	2.1544e+02	2.2968e+02	6.5512e-14	2.1545e-02	9.7845e-01	6.1365e-03	9.8928e-01	4.5863e-03	8.5374e-17	1.2609e-04	9.8041e-02	8.6013e-01	4.1175e-02	3.9969e-03	1.6112e-01	8.3402e-01	6.6848e-04	1.9143e-04	1.1755e-36	9.4511e-24	0.00e+00	0.00e+00	1.3318e+01
2.09094e+18	1.1325e+04	3.614e-19	2.1544e+02	2.2933e+02	7.5531e-14	2.3172e-02	9.7683e-01	6.4704e-03	9.8905e-01	4.4780e-03	1.1313e-16	1.3371e-04	1.0307e-01	8.5837e-01	3.7944e-02	4.7036e-03	1.7513e-01	8.1937e-01	6.0832e-04	1.8669e-04	1.1755e-36	1.2861e-23	0.00e+00	0.00e+00	1.3939e+01
2.11050e+18	1.1343e+04	3.658e-19	2.1544e+02	2.2895e+02	8.7497e-14	2.4969e-02	9.7503e-01	6.8386e-03	9.8879e-01	4.3741e-03	1.5105e-16	1.4197e-04	1.0853e-01	8.5605e-01	3.4817e-02	5.5556e-03	1.9069e-01	8.0302e-01	5.5165e-04	1.8150e-04	1.1755e-36	1.7639e-23	0.00e+00	0.00e+00	1.4598e+01
2.12983e+18	1.1357e+04	3.702e-19	2.1544e+02	2.2853e+02	1.0191e-13	2.6966e-02	9.7303e-01	7.2475e-03	9.8848e-01	4.2741e-03	2.0346e-16	1.5098e-04	1.1452e-01	8.5312e-01	3.1789e-02	6.5903e-03	2.0804e-01	7.8469e-01	4.9815e-04	1.7579e-04	1.1755e-36	2.4410e-23	0.00e+00	0.00e+00	1.5304e+01
2.14904e+18	1.1368e+04	3.747e-19	2.1544e+02	2.2806e+02	1.1949e-13	2.9206e-02	9.7079e-01	7.7060e-03	9.8812e-01	4.1772e-03	2.7700e-16	1.6089e-04	1.2112e-01	8.4948e-01	2.8855e-02	7.8591e-03	2.2748e-01	7.6405e-01	4.4746e-04	1.6949e-04	1.1755e-36	3.4156e-23	0.00e+00	0.00e+00	1.6065e+01
2.17108e+18	1.1374e+04	3.797e-19	2.1544e+02	2.2749e+02	1.4456e-13	3.2082e-02	9.6792e-01	8.3027e-03	9.8763e-01	4.0635e-03	3.9883e-16	1.7355e-04	1.2954e-01	8.4432e-01	2.5611e-02	9.6502e-03	2.5221e-01	7.3759e-01	3.9264e-04	1.6154e-04	1.1755e-36	5.0742e-23	0.00e+00	0.00e+00	1.7153e+01
2.19448e+18	1.1375e+04	3.859e-19	2.1544e+02	2.2677e+02	1.8098e-13	3.5827e-02	9.6417e-01	9.0522e-03	9.8699e-01	3.9530e-03	6.0818e-16	1.8903e-04	1.3990e-01	8.3734e-01	2.2258e-02	1.2239e-02	2.8372e-01	7.0355e-01	3.3696e-04	1.5161e-04	1.1755e-36	8.0430e-23	0.00e+00	0.00e+00	1.8219e+01
2.21357e+18	1.1375e+04	3.908e-19	2.1544e+02	2.2595e+02	2.2015e-13	3.9457e-02	9.6054e-01	9.7808e-03	9.8635e-01	3.8694e-03	8.7655e-16	2.0340e-04	1.4969e-01	8.3019e-01	1.9626e-02	1.5028e-02	3.1368e-01	6.7085e-01	2.9406e-04	1.4245e-04	1.1755e-36	1.1968e-22	0.00e+00	0.00e+00	1.9094e+01
2.22866e+18	1.1371e+04	3.941e-19	2.1544e+02	2.2516e+02	2.5815e-13	4.2649e-02	9.5735e-01	1.0440e-02	9.8576e-01	3.8038e-03	1.1767e-15	2.1588e-04	1.5832e-01	8.2354e-01	1.7657e-02	1.7700e-02	3.3946e-01	6.4244e-01	2.6250e-04	1.3471e-04	1.1755e-36	1.6451e-22	0.00e+00	0.00e+00	1.9899e+01
2.24463e+18	1.1357e+04	3.973e-19	2.1544e+02	2.2437e+02	3.0711e-13	4.6336e-02	9.5366e-01	1.1221e-02	9.8505e-01	3.7285e-03	1.6120e-15	2.3043e-04	1.6832e-01	8.1553e-01	1.5685e-02	2.1005e-02	3.6802e-01	6.1062e-01	2.3146e-04	1.2613e-04	1.1755e-36	2.3097e-22	0.00e+00	0.00e+00	2.1037e+01
2.26539e+18	1.1334e+04	4.012e-19	2.1544e+02	2.2287e+02	3.8970e-13	5.1926e-02	9.4807e-01	1.2383e-02	9.8399e-01	3.6310e-03	2.4573e-15	2.5066e-04	1.8271e-01	8.0355e-01	1.3283e-02	2.6412e-02	4.0863e-01	5.6465e-01	1.9393e-04	1.1420e-04	1.1755e-36	3.6378e-22	0.00e+00	0.00e+00	2.2694e+01
2.28624e+18	1.1306e+04	4.067e-19	2.1544e+02	2.2144e+02	5.1609e-13	5.9347e-02	9.4065e-01	1.3854e-02	9.8260e-01	3.5447e-03	3.9815e-15	2.7577e-04	2.0032e-01	7.8827e-01	1.0954e-02	3.4177e-02	4.5684e-01	5.0873e-01	1.5733e-04	1.0000e-04	1.1755e-36	6.1739e-22	0.00e+00	0.00e+00	2.4166e+01
2.30156e+18	1.1273e+04	4.101e-19	2.1544e+02	2.2019e+02	6.4743e-13	6.5972e-02	9.3403e-01	1.5204e-02	9.8131e-01	3.4829e-03	5.8135e-15	2.9766e-04	2.1578e-01	7.7441e-01	9.3529e-03	4.1637e-02	4.9540e-01	4.6275e-01	1.3263e-04	8.8739e-05	1.1755e-36	9.3454e-22	0.00e+00	0.00e+00	2.5279e+01
2.31248e+18	1.1241e+04	4.111e-19	2.1544e+02	2.1895e+02	7.6385e-13	7.1137e-02	9.2886e-01	1.6303e-02	9.8025e-01	3.4431e-03	7.6041e-15	3.1453e-04	2.2791e-01	7.6332e-01	8.3133e-03	4.7772e-02	5.2292e-01	4.2911e-01	1.1695e-04	8.0814e-05	1.1755e-36	1.2515e-21	0.00e+00	0.00e+00	2.6193e+01
2.32334e+18	1.1216e+04	4.108e-19	2.1544e+02	2.1745e+02	8.9344e-13	7.6527e-02	9.2347e-01	1.7478e-02	9.7912e-01	3.3983e-03	9.8152e-15	3.3102e-04	2.4048e-01	7.5169e-01	7.3634e-03	5.4405e-02	5.4908e-01	3.9634e-01	1.0309e-04	7.3332e-05	1.1755e-36	1.6462e-21	0.00e+00	0.00e+00	2.7471e+01
2.33746e+18	1.1168e+04	4.115e-19	2.1544e+02	2.1566e+02	1.1216e-12	8.4854e-02	9.1515e-01	1.9247e-02	9.7741e-01	3.3403e-03	1.3994e-14	3.5562e-04	2.5872e-01	7.3461e-01	6.1977e-03	6.4848e-02	5.8320e-01	3.5180e-01	8.6164e-05	6.3277e-05	1.1755e-36	2.4270e-21	0.00e+00	0.00e+00	2.9313e+01
2.35150e+18	1.1118e+04	4.128e-19	2.1544e+02	2.1355e+02	1.4557e-12	9.5605e-02	9.0439e-01	2.1419e-02	9.7529e-01	3.2916e-03	2.0743e-14	3.8371e-04	2.8002e-01	7.1440e-01	5.1017e-03	7.8608e-02	6.1823e-01	3.0304e-01	7.0034e-05	5.2621e-05	1.1755e-36	3.7611e-21	0.00e+00	0.00e+00	3.0888e+01
2.36163e+18	1.1073e+04	4.124e-19	2.1544e+02	2.1179e+02	1.7799e-12	1.0467e-01	8.9533e-01	2.3328e-02	9.7341e-01	3.2578e-03	2.7884e-14	4.0676e-04	2.9775e-01	6.9737e-01	4.3771e-03	9.0464e-02	6.4196e-01	2.6748e-01	5.9675e-05	4.5132e-05	1.1755e-36	5.2269e-21	0.00e+00	0.00e+00	3.2048e+01
2.36936e+18	1.1044e+04	4.097e-19	2.1544e+02	2.0981e+02	2.0569e-12	1.1170e-01	8.8830e-01	2.4893e-02	9.7187e-01	3.2381e-03	3.4394e-14	4.2341e-04	3.1168e-01	6.8392e-01	3.8903e-03	9.9860e-02	6.5776e-01	2.4229e-01	5.3025e-05	4.0079e-05	1.1755e-36	6.5764e-21	0.00e+00	0.00e+00	3.3160e+01
2.37778e+18	1.0990e+04	4.074e-19	2.1544e+02	2.0795e+02	2.4400e-12	1.2029e-01	8.7971e-01	2.6822e-02	9.6997e-01	3.2074e-03	4.3594e-14	4.4383e-04	3.2814e-01	6.6796e-01	3.3891e-03	1.1126e-01	6.7277e-01	2.1589e-01	4.6387e-05	3.4819e-05	1.1755e-36	8.5424e-21	0.00e+00	0.00e+00	3.4718e+01
2.38873e+18	1.0929e+04	4.037e-19	2.1544e+02	2.0509e+02	3.0768e-12	1.3319e-01	8.6681e-01	2.9639e-02	9.6719e-01	3.1754e-03	5.9835e-14	4.7084e-04	3.5096e-01	6.4570e-01	2.7962e-03	1.2832e-01	6.8902e-01	1.8259e-01	3.8601e-05	2.8402e-05	1.1755e-36	1.2179e-20	0.00e+00	0.00e+00	3.6960e+01
2.39977e+18	1.0864e+04	3.996e-19	2.1544e+02	2.0149e+02	4.0164e-12	1.4980e-01	8.5020e-01	3.3108e-02	9.6374e-01	3.1547e-03	8.5044e-14	5.0004e-04	3.7719e-01	6.2000e-01	2.2503e-03	1.5003e-01	7.0104e-01	1.4888e-01	3.1309e-05	2.2155e-05	1.1755e-36	1.8201e-20	0.00e+00	0.00e+00	3.8939e+01
2.40799e+18	1.0812e+04	3.938e-19	2.1544e+02	1.9824e+02	4.9249e-12	1.6371e-01	8.3629e-01	3.6200e-02	9.6066e-01	3.1438e-03	1.1063e-13	5.2271e-04	3.9895e-01	5.9859e-01	1.8932e-03	1.6815e-01	7.0604e-01	1.2576e-01	2.6702e-05	1.8074e-05	1.1755e-36	2.4539e-20	0.00e+00	0.00e+00	4.0435e+01
2.41446e+18	1.0750e+04	3.888e-19	2.1544e+02	1.9604e+02	5.8240e-12	1.7565e-01	8.2435e-01	3.9058e-02	9.5781e-01	3.1286e-03	1.3650e-13	5.4331e-04	4.1780e-01	5.7997e-01	1.6384e-03	1.8353e-01	7.0708e-01	1.0935e-01	2.3554e-05	1.5246e-05	1.1755e-36	3.1130e-20	0.00e+00	0.00e+00	4.1921e+01
2.42161e+18	1.0694e+04	3.808e-19	2.1544e+02	1.9259e+02	6.9433e-12	1.8908e-01	8.1092e-01	4.2329e-02	9.5455e-01	3.1181e-03	1.6922e-13	5.6225e-04	4.3822e-01	5.5978e-01	1.3938e-03	2.0075e-01	7.0580e-01	9.3415e-02	2.0633e-05	1.2633e-05	1.1755e-36	3.9655e-20	0.00e+00	0.00e+00	4.4000e+01
2.43091e+18	1.0626e+04	3.704e-19	2.1544e+02	1.8802e+02	8.8570e-12	2.0970e-01	7.9030e-01	4.7232e-02	9.4965e-01	3.1161e-03	2.2731e-13	5.8736e-04	4.6658e-01	5.3169e-01	1.1098e-03	2.2660e-01	6.9894e-01	7.4433e-02	1.7180e-05	9.6092e-06	1.1755e-36	5.5746e-20	0.00e+00	0.00e+00	4.6998e+01
2.44030e+18	1.0530e+04	3.584e-19	2.1544e+02	1.8224e+02	1.1797e-11	2.3614e-01	7.6386e-01	5.3354e-02	9.4352e-01	3.1265e-03	3.1555e-13	6.1187e-04	4.9855e-01	4.9995e-01	8.5900e-04	2.5891e-01	6.8429e-01	5.6783e-02	1.3972e-05	6.9326e-06	1.1755e-36	8.1978e-20	0.00e+00	0.00e+00	4.9659e+01
2.44732e+18	1.0445e+04	3.470e-19	2.1544e+02	1.7783e+02	1.4715e-11	2.5835e-01	7.4165e-01	5.9078e-02	9.3778e-01	3.1377e-03	4.0496e-13	6.3173e-04	5.2542e-01	4.7323e-01	6.9837e-04	2.8557e-01	6.6894e-01	4.5477e-02	1.1940e-05	5.3069e-06	1.1755e-36	1.0972e-19	0.00e+00	0.00e+00	5.1682e+01
2.45287e+18	1.0384e+04	3.351e-19	2.1544e+02	1.7362e+02	1.7288e-11	2.7535e-01	7.2465e-01	6.3953e-02	9.3290e-01	3.1516e-03	4.8321e-13	6.4420e-04	5.4645e-01	4.5229e-01	5.9305e-04	3.0577e-01	6.5602e-01	3.8190e-02	1.0661e-05	4.3182e-06	1.1755e-36	1.3435e-19	0.00e+00	0.00e+00	5.3684e+01
2.45902e+18	1.0300e+04	3.224e-19	2.1544e+02	1.6934e+02	2.0864e-11	2.9628e-01	7.0372e-01	7.0127e-02	9.2671e-01	3.1633e-03	5.9169e-13	6.5873e-04	5.7083e-01	4.2800e-01	4.8870e-04	3.3017e-01	6.3865e-01	3.1161e-02	9.3639e-06	3.3892e-06	1.1755e-36	1.6999e-19	0.00e+00	0.00e+00	5.6484e+01
2.46701e+18	1.0204e+04	3.037e-19	2.1544e+02	1.6229e+02	2.6762e-11	3.2635e-01	6.7365e-01	7.8839e-02	9.1796e-01	3.2019e-03	7.6640e-13	6.6959e-04	6.0187e-01	3.9707e-01	3.7630e-04	3.6454e-01	6.1199e-01	2.3466e-02	7.8760e-06	2.4245e-06	1.1755e-36	2.3072e-19	0.00e+00	0.00e+00	6.0494e+01
2.47545e+18	1.0092e+04	2.821e-19	2.1544e+02	1.5392e+02	3.5637e-11	3.6454e-01	6.3546e-01	9.0115e-02	9.0662e-01	3.2634e-03	1.0244e-12	6.7570e-04	6.3671e-01	3.6232e-01	2.7919e-04	4.0702e-01	5.7629e-01	1.6677e-02	6.4390e-06	1.6197e-06	1.1755e-36	3.2719e-19	0.00e+00	0.00e+00	6.4383e+01
2.48226e+18	9.9825e+03	2.621e-19	2.1544e+02	1.4662e+02	4.5015e-11	3.9750e-01	6.0250e-01	1.0131e-01	8.9536e-01	3.3269e-03	1.2843e-12	6.7673e-04	6.6640e-01	3.3269e-01	2.1672e-04	4.4291e-01	5.4467e-01	1.2406e-02	5.4700e-06	1.1464e-06	1.1755e-36	4.2749e-19	0.00e+00	0.00e+00	6.7504e+01
2.48746e+18	9.9023e+03	2.455e-19	2.1544e+02	1.4101e+02	5.3359e-11	4.2251e-01	5.7749e-01	1.1118e-01	8.8544e-01	3.3800e-03	1.5114e-12	6.7620e-04	6.8927e-01	3.0986e-01	1.7799e-04	4.6970e-01	5.2045e-01	9.8482e-03	4.8552e-06	8.7774e-07	1.1755e-36	5.1791e-19	0.00e+00	0.00e+00	7.0170e+01
2.49211e+18	9.8014e+03	2.308e-19	2.1544e+02	1.3600e+02	6.2576e-11	4.4578e-01	5.5422e-01	1.2116e-01	8.7542e-01	3.4197e-03	1.7419e-12	6.7433e-04	7.0984e-01	2.8933e-01	1.4850e-04	4.9426e-01	4.9777e-01	7.9698e-03	4.3611e-06	6.8795e-07	1.1755e-36	6.1058e-19	0.00e+00	0.00e+00	7.2995e+01
2.49697e+18	9.7149e+03	2.149e-19	2.1544e+02	1.3017e+02	7.3492e-11	4.7080e-01	5.2920e-01	1.3211e-01	8.6441e-01	3.4755e-03	2.0064e-12	6.6699e-04	7.3022e-01	2.6898e-01	1.2278e-04	5.2028e-01	4.7338e-01	6.3344e-03	3.8940e-06	5.2915e-07	1.1755e-36	7.2049e-19	0.00e+00	0.00e+00	7.6240e+01
2.50177e+18	9.6190e+03	1.992e-19	2.1544e+02	1.2418e+02	8.6791e-11	4.9784e-01	5.0216e-01	1.4426e-01	8.5220e-01	3.5458e-03	2.3112e-12	6.5606e-04	7.5014e-01	2.4909e-01	1.0141e-04	5.4795e-01	4.4708e-01	4.9735e-03	3.4538e-06	4.0148e-07	1.1755e-36	8.5136e-19	0.00e+00	0.00e+00	7.9302e+01
2.50590e+18	9.5351e+03	1.855e-19	2.1544e+02	1.1897e+02	9.9948e-11	5.2099e-01	4.7901e-01	1.5595e-01	8.4044e-01	3.6099e-03	2.5970e-12	6.4539e-04	7.6710e-01	2.3216e-01	8.6051e-05	5.7134e-01	4.2464e-01	4.0167e-03	3.1189e-06	3.1522e-07	1.1755e-36	9.7621e-19	0.00e+00	0.00e+00	8.1961e+01
2.50949e+18	9.4548e+03	1.737e-19	2.1544e+02	1.1452e+02	1.1268e-10	5.4060e-01	4.5940e-01	1.6715e-01	8.2919e-01	3.6653e-03	2.8539e-12	6.3524e-04	7.8160e-01	2.1768e-01	7.4699e-05	5.9094e-01	4.0572e-01	3.3330e-03	2.8616e-06	2.5561e-07	1.1755e-36	1.0870e-18	0.00e+00	0.00e+00	8.4477e+01
2.51233e+18	9.3866e+03	1.645e-19	2.1544e+02	1.1094e+02	1.2414e-10	5.5649e-01	4.4351e-01	1.7662e-01	8.1967e-01	3.7098e-03	3.0708e-12	6.2596e-04	7.9274e-01	2.0657e-01	6.6970e-05	6.0667e-01	3.9046e-01	2.8645e-03	2.6690e-06	2.1574e-07	1.1755e-36	1.1817e-18	0.00e+00	0.00e+00	8.6188e+01
2.51437e+18	9.3332e+03	1.580e-19	2.1544e+02	1.0861e+02	1.3246e-10	5.6653e-01	4.3347e-01	1.8409e-01	8.1218e-01	3.7299e-03	3.2171e-12	6.2052e-04	8.0082e-01	1.9849e-01	6.2016e-05	6.1656e-01	3.8085e-01	2.5810e-03	2.5535e-06	1.9224e-07	1.1755e-36	1.2415e-18	0.00e+00	0.00e+00	8.7589e+01
2.51642e+18	9.2780e+03	1.515e-19	2.1544e+02	1.0628e+02	1.4150e-10	5.7674e-01	4.2326e-01	1.9199e-01	8.0426e-01	3.7502e-03	3.3710e-12	6.1461e-04	8.0887e-01	1.9046e-01	5.7320e-05	6.2658e-01	3.7110e-01	2.3201e-03	2.4408e-06	1.7088e-07	1.1755e-36	1.3048e-18	0.00e+00	0.00e+00	8.9374e+01
2.51895e+18	9.2081e+03	1.437e-19	2.1544e+02	1.0304e+02	1.5453e-10	5.9090e-01	4.0910e-01	2.0167e-01	7.9454e-01	3.7885e-03	3.5802e-12	6.0450e-04	8.1821e-01	1.8113e-01	5.2029e-05	6.4034e-01	3.5764e-01	2.0177e-03	2.2927e-06	1.4639e-07	1.1755e-36	1.3943e-18	0.00e+00	0.00e+00	9.1612e+01
2.52157e+18	9.1413e+03	1.358e-19	2.1544e+02	9.9571e+01	1.6966e-10	6.0705e-01	3.9295e-01	2.1205e-01	7.8411e-01	3.8407e-03	3.8247e-12	5.9226e-04	8.2741e-01	1.7195e-01	4.7154e-05	6.5590e-01	3.4237e-01	1.7310e-03	2.1336e-06	1.1755e-36	1.1755e-36	1.5054e-18	0.00e+00	0.00e+00	9.3643e+01
2.52374e+18	9.0977e+03	1.292e-19	2.1544e+02	9.6607e+01	1.8144e-10	6.1887e-01	3.8113e-01	2.2074e-01	7.7537e-01	3.8931e-03	4.0001e-12	5.8079e-04	8.3454e-01	1.6483e-01	4.3702e-05	6.6722e-01	3.3125e-01	1.5309e-03	2.0226e-06	1.1755e-36	1.1755e-36	1.5790e-18	0.00e+00	0.00e+00	9.5235e+01
2.52566e+18	9.0324e+03	1.237e-19	2.1544e+02	9.4352e+01	1.9429e-10	6.2917e-01	3.7083e-01	2.2972e-01	7.6637e-01	3.9143e-03	4.1709e-12	5.7322e-04	8.4133e-01	1.5805e-01	4.0816e-05	6.7705e-01	3.2158e-01	1.3742e-03	1.9304e-06	1.1755e-36	1.1755e-36	1.6494e-18	0.00e+00	0.00e+00	9.6899e+01
2.52776e+18	8.9703e+03	1.176e-19	2.1544e+02	9.1721e+01	2.0879e-10	6.4060e-01	3.5940e-01	2.3953e-01	7.5652e-01	3.9468e-03	4.3582e-12	5.6334e-04	8.4836e-01	1.5104e-01	3.7933e-05	6.8788e-01	3.1090e-01	1.2173e-03	1.8319e-06	1.1755e-36	1.1755e-36	1.7266e-18	0.00e+00	0.00e+00	9.8872e+01
2.53007e+18	8.9064e+03	1.112e-19	2.1544e+02	8.8699e+01	2.2611e-10	6.5393e-01	3.4607e-01	2.5037e-01	7.4563e-01	3.9946e-03	4.5759e-12	5.5085e-04	8.5560e-01	1.4381e-01	3.5089e-05	7.0042e-01	2.9851e-01	1.0602e-03	1.7220e-06	1.1755e-36	1.1755e-36	1.8192e-18	0.00e+00	0.00e+00	1.0096e+02
2.53229e+18	8.8408e+03	1.052e-19	2.1544e+02	8.5733e+01	2.4442e-10	6.6661e-01	3.3339e-01	2.6102e-01	7.3493e-01	4.0461e-03	4.7819e-12	5.3795e-04	8.6219e-01	1.3724e-01	3.2688e-05	7.1229e-01	2.8678e-01	9.2781e-04	1.6222e-06	1.1755e-36	1.1755e-36	1.9037e-18	0.00e+00	0.00e+00	1.0285e+02
2.53427e+18	8.7863e+03	9.990e-20	2.1544e+02	8.3190e+01	2.6067e-10	6.7694e-01	3.2306e-01	2.7099e-01	7.2492e-01	4.0868e-03	4.9514e-12	5.2677e-04	8.6791e-01	1.3153e-01	3.0780e-05	7.2191e-01	2.7726e-01	8.2582e-04	1.5439e-06	1.1755e-36	1.1755e-36	1.9677e-18	0.00e+00	0.00e+00	1.0458e+02
2.53624e+18	8.7113e+03	9.492e-20	2.1544e+02	8.0844e+01	2.8055e-10	6.8754e-01	3.1246e-01	2.8211e-01	7.1378e-01	4.1109e-03	5.1404e-12	5.1678e-04	8.7381e-01	1.2564e-01	2.8996e-05	7.3173e-01	2.6753e-01	7.3383e-04	1.4668e-06	1.1755e-36	1.1755e-36	2.0402e-18	0.00e+00	0.00e+00	1.0651e+02
2.53835e+18	8.6437e+03	8.966e-20	2.1544e+02	7.8158e+01	3.0195e-10	6.9885e-01	3.0115e-01	2.9370e-01	7.0215e-01	4.1544e-03	5.3321e-12	5.0426e-04	8.7958e-01	1.1988e-01	2.7299e-05	7.4216e-01	2.5719e-01	6.4547e-04	1.3871e-06	1.1755e-36	1.1755e-36	2.1106e-18	0.00e+00	0.00e+00	1.0856e+02
2.54047e+18	8.5758e+03	8.457e-20	2.1544e+02	7.5470e+01	3.2519e-10	7.1030e-01	2.8970e-01	3.0560e-01	6.9020e-01	4.1987e-03	5.5268e-12	4.9129e-04	8.8510e-01	1.1438e-01	2.5772e-05	7.5265e-01	2.4678e-01	5.6650e-04	1.3095e-06	1.1755e-36	1.1755e-36	2.1812e-18	0.00e+00	0.00e+00	1.1058e+02
2.54249e+18	8.5047e+03	7.993e-20	2.1544e+02	7.2975e+01	3.4955e-10	7.2076e-01	2.7924e-01	3.1745e-01	6.7832e-01	4.2373e-03	5.7060e-12	4.7910e-04	8.9016e-01	1.0933e-01	2.4479e-05	7.6220e-01	2.3730e-01	5.0100e-04	1.2411e-06	1.1755e-36	1.1755e-36	2.2408e-18	0.00e+00	0.00e+00	1.1249e+02
2.54444e+18	8.4350e+03	7.561e-20	2.1544e+02	7.0661e+01	3.7451e-10	7.3042e-01	2.6958e-01	3.2945e-01	6.6628e-01	4.2683e-03	5.8739e-12	4.6766e-04	8.9492e-01	1.0458e-01	2.3353e-05	7.7097e-01	2.2859e-01	4.4537e-04	1.1799e-06	1.1755e-36	1.1755e-36	2.2926e-18	0.00e+00	0.00e+00	1.1442e+02
2.54643e+18	8.3589e+03	7.133e-20	2.1544e+02	6.8281e+01	4.0301e-10	7.4029e-01	2.5971e-01	3.4211e-01	6.5359e-01	4.2996e-03	6.0451e-12	4.5566e-04	8.9962e-01	9.9905e-02	2.2305e-05	7.7989e-01	2.1972e-01	3.9440e-04	1.1194e-06	1.1755e-36	1.1755e-36	2.3419e-18	0.00e+00	0.00e+00	1.1649e+02
2.54850e+18	8.2759e+03	6.709e-20	2.1544e+02	6.5791e+01	4.3593e-10	7.5057e-01	2.4943e-01	3.5537e-01	6.4029e-01	4.3366e-03	6.2186e-12	4.4267e-04	9.0417e-01	9.5360e-02	2.1333e-05	7.8914e-01	2.1051e-01	3.4751e-04	1.0582e-06	1.1755e-36	1.1755e-36	2.3875e-18	0.00e+00	0.00e+00	1.1860e+02
2.55052e+18	8.1923e+03	6.315e-20	2.1544e+02	6.3464e+01	4.7130e-10	7.6058e-01	2.3942e-01	3.6892e-01	6.2671e-01	4.3652e-03	6.3936e-12	4.3034e-04	9.0846e-01	9.1087e-02	2.0477e-05	7.9811e-01	2.0159e-01	3.0694e-04	1.0005e-06	1.1755e-36	1.1755e-36	2.4339e-18	0.00e+00	0.00e+00	1.2064e+02
2.55243e+18	8.1111e+03	5.957e-20	2.1544e+02	6.1286e+01	5.0736e-10	7.6938e-01	2.3062e-01	3.8205e-01	6.1356e-01	4.3908e-03	6.5404e-12	4.1862e-04	9.1230e-01	8.7257e-02	1.9762e-05	8.0596e-01	1.9377e-01	2.7372e-04	9.5125e-07	1.1755e-36	1.1755e-36	2.4619e-18	0.00e+00	0.00e+00	1.2259e+02
2.55434e+18	8.0289e+03	5.614e-20	2.1544e+02	5.9192e+01	5.4622e-10	7.7781e-01	2.2219e-01	3.9563e-01	5.9996e-01	4.4086e-03	6.6823e-12	4.0726e-04	9.1602e-01	8.3557e-02	1.9115e-05	8.1345e-01	1.8631e-01	2.4447e-04	9.0521e-07	1.1755e-36	1.1755e-36	2.4847e-18	0.00e+00	0.00e+00	1.2465e+02
2.55635e+18	7.9344e+03	5.267e-20	2.1544e+02	5.6925e+01	5.9357e-10	7.8676e-01	2.1324e-01	4.1005e-01	5.8551e-01	4.4329e-03	6.8240e-12	3.9464e-04	9.1968e-01	7.9902e-02	1.8500e-05	8.2138e-01	1.7841e-01	2.1694e-04	8.5760e-07	1.1755e-36	1.1755e-36	2.4994e-18	0.00e+00	0.00e+00	1.2688e+02
2.55840e+18	7.8426e+03	4.933e-20	2.1544e+02	5.4697e+01	6.4506e-10	7.9599e-01	2.0401e-01	4.2495e-01	5.7060e-01	4.4560e-03	6.9746e-12	3.8193e-04	9.2317e-01	7.6429e-02	1.7934e-05	8.2950e-01	1.7030e-01	1.9201e-04	8.0975e-07	1.1755e-36	1.1755e-36	2.5191e-18	0.00e+00	0.00e+00	1.2907e+02
2.56035e+18	7.7497e+03	4.634e-20	2.1544e+02	5.2654e+01	6.9992e-10	8.0420e-01	1.9580e-01	4.3942e-01	5.5611e-01	4.4710e-03	7.1040e-12	3.7016e-04	9.2628e-01	7.3335e-02	1.7463e-05	8.3672e-01	1.6311e-01	1.7168e-04	7.6824e-07	1.1755e-36	1.1755e-36	2.5264e-18	0.00e+00	0.00e+00	1.3111e+02
2.56221e+18	7.6460e+03	4.364e-20	2.1544e+02	5.0821e+01	7.6333e-10	8.1175e-01	1.8825e-01	4.5422e-01	5.4131e-01	4.4627e-03	7.2315e-12	3.5977e-04	9.2923e-01	7.0394e-02	1.7056e-05	8.4333e-01	1.5651e-01	1.5468e-04	7.3105e-07	1.1755e-36	1.1755e-36	2.5319e-18	0.00e+00	0.00e+00	1.3317e+02
2.56413e+18	7.5400e+03	4.098e-20	2.1544e+02	4.8922e+01	8.3503e-10	8.1923e-01	1.8077e-01	4.6939e-01	5.2615e-01	4.4592e-03	7.3474e-12	3.4871e-04	9.3204e-01	6.7592e-02	1.6682e-05	8.4987e-01	1.4999e-01	1.3926e-04	6.9492e-07	1.1755e-36	1.1755e-36	2.5263e-18	0.00e+00	0.00e+00	1.3535e+02
2.56612e+18	7.4273e+03	3.836e-20	2.1544e+02	4.6971e+01	9.1991e-10	8.2711e-01	1.7289e-01	4.8526e-01	5.1029e-01	4.4547e-03	7.4699e-12	3.3713e-04	9.3476e-01	6.4886e-02	1.6328e-05	8.5672e-01	1.4315e-01	1.2495e-04	6.5766e-07	1.1755e-36	1.1755e-36	2.5214e-18	0.00e+00	0.00e+00	1.3762e+02
2.56808e+18	7.3111e+03	3.591e-20	2.1544e+02	4.5057e+01	1.0167e-09	8.3460e-01	1.6540e-01	5.0082e-01	4.9473e-01	4.4514e-03	7.5772e-12	3.2558e-04	9.3719e-01	6.2464e-02	1.6021e-05	8.6321e-01	1.3668e-01	1.1271e-04	6.2304e-07	1.1755e-36	1.1755e-36	2.5070e-18	0.00e+00	0.00e+00	1.3980e+02
2.56994e+18	7.1944e+03	3.376e-20	2.1544e+02	4.3369e+01	1.1233e-09	8.4124e-01	1.5876e-01	5.1610e-01	4.7947e-01	4.4300e-03	7.6783e-12	3.1541e-04	9.3939e-01	6.0276e-02	1.5765e-05	8.6896e-01	1.3094e-01	1.0274e-04	5.9293e-07	1.1755e-36	1.1755e-36	2.4931e-18	0.00e+00	0.00e+00	1.4186e+02
2.57177e+18	7.0649e+03	3.174e-20	2.1544e+02	4.1722e+01	1.2535e-09	8.4736e-01	1.5264e-01	5.3144e-01	4.6416e-01	4.3997e-03	7.7655e-12	3.0549e-04	9.4145e-01	5.8230e-02	1.5545e-05	8.7425e-01	1.2566e-01	9.4253e-05	5.6573e-07	1.1755e-36	1.1755e-36	2.4697e-18	0.00e+00	0.00e+00	1.4400e+02
2.57364e+18	6.9359e+03	2.980e-20	2.1544e+02	4.0091e+01	1.4031e-09	8.5363e-01	1.4637e-01	5.4704e-01	4.4859e-01	4.3674e-03	7.8600e-12	2.9547e-04	9.4337e-01	5.6314e-02	1.5340e-05	8.7964e-01	1.2027e-01	8.6496e-05	5.3830e-07	1.1755e-36	1.1755e-36	2.4523e-18	0.00e+00	0.00e+00	1.4618e+02
2.57550e+18	6.8031e+03	2.797e-20	2.1544e+02	3.8507e+01	1.5794e-09	8.5972e-01	1.4028e-01	5.6259e-01	4.3308e-01	4.3300e-03	7.9551e-12	2.8563e-04	9.4513e-01	5.4566e-02	1.5157e-05	8.8487e-01	1.1504e-01	7.9709e-05	5.1206e-07	1.1755e-36	1.1755e-36	2.4377e-18	0.00e+00	0.00e+00	1.4834e+02
2.57732e+18	6.6757e+03	2.629e-20	2.1544e+02	3.6987e+01	1.7740e-09	8.6516e-01	1.3484e-01	5.7752e-01	4.1818e-01	4.2951e-03	8.0332e-12	2.7602e-04	9.4667e-01	5.3038e-02	1.5004e-05	8.8954e-01	1.1038e-01	7.4006e-05	4.8896e-07	1.1755e-36	1.1755e-36	2.4176e-18	0.00e+00	0.00e+00	1.5046e+02
2.57910e+18	6.5435e+03	2.476e-20	2.1544e+02	3.5586e+01	2.0049e-09	8.7030e-01	1.2970e-01	5.9233e-01	4.0343e-01	4.2468e-03	8.1216e-12	2.6716e-04	9.4807e-01	5.1643e-02	1.4872e-05	8.9394e-01	1.0599e-01	6.9153e-05	4.6750e-07	1.1755e-36	1.1755e-36	2.4090e-18	0.00e+00	0.00e+00	1.5253e+02
2.58086e+18	6.4011e+03	2.333e-20	2.1544e+02	3.4245e+01	2.2933e-09	8.7529e-01	1.2471e-01	6.0730e-01	3.8851e-01	4.1851e-03	8.2255e-12	2.5872e-04	9.4939e-01	5.0336e-02	1.4757e-05	8.9820e-01	1.0174e-01	6.4919e-05	4.4697e-07	1.1755e-36	1.1755e-36	2.4144e-18	0.00e+00	0.00e+00	1.5464e+02
2.58266e+18	6.2551e+03	2.196e-20	2.1544e+02	3.2904e+01	2.6440e-09	8.8022e-01	1.1978e-01	6.2229e-01	3.7359e-01	4.1218e-03	8.3414e-12	2.5016e-04	9.5059e-01	4.9147e-02	1.4654e-05	9.0240e-01	9.7541e-02	6.1123e-05	4.2692e-07	1.1755e-36	1.1755e-36	2.4324e-18	0.00e+00	0.00e+00	1.5682e+02
2.58445e+18	6.1065e+03	2.067e-20	2.1544e+02	3.1602e+01	3.0709e-09	8.8499e-01	1.1501e-01	6.3702e-01	3.5893e-01	4.0555e-03	8.4762e-12	2.4177e-04	9.5164e-01	4.8105e-02	1.4564e-05	9.0646e-01	9.3479e-02	5.7811e-05	4.0771e-07	1.1755e-36	1.1755e-36	2.4702e-18	0.00e+00	0.00e+00	1.5896e+02
2.58621e+18	5.9569e+03	1.950e-20	2.1544e+02	3.0392e+01	3.5867e-09	8.8938e-01	1.1062e-01	6.5137e-01	3.4465e-01	3.9808e-03	8.6356e-12	2.3396e-04	9.5256e-01	4.7194e-02	1.4491e-05	9.1019e-01	8.9753e-02	5.5038e-05	3.9029e-07	1.1755e-36	1.1755e-36	2.5345e-18	0.00e+00	0.00e+00	1.6105e+02
2.58794e+18	5.8003e+03	1.842e-20	2.1544e+02	2.9268e+01	4.2409e-09	8.9357e-01	1.0643e-01	6.6580e-01	3.3031e-01	3.8898e-03	8.8459e-12	2.2677e-04	9.5340e-01	4.6359e-02	1.4431e-05	9.1376e-01	8.6189e-02	5.2672e-05	3.7382e-07	1.1755e-36	1.1755e-36	2.6447e-18	0.00e+00	0.00e+00	1.6316e+02
2.58972e+18	5.6408e+03	1.738e-20	2.1544e+02	2.8133e+01	5.0638e-09	8.9761e-01	1.0239e-01	6.8013e-01	3.1607e-01	3.7992e-03	9.1042e-12	2.1942e-04	9.5414e-01	4.5628e-02	1.4381e-05	9.1719e-01	8.2761e-02	5.0583e-05	3.5812e-07	1.1755e-36	1.1755e-36	2.8028e-18	0.00e+00	0.00e+00	1.6537e+02
2.59152e+18	5.4789e+03	1.639e-20	2.1544e+02	2.7014e+01	6.1049e-09	9.0161e-01	9.8390e-02	6.9415e-01	3.0214e-01	3.7084e-03	9.4388e-12	2.1210e-04	9.5474e-01	4.5034e-02	1.4340e-05	9.2057e-01	7.9376e-02	4.8748e-05	3.4273e-07	1.1755e-36	1.1755e-36	3.0360e-18	0.00e+00	0.00e+00	1.6757e+02
2.59328e+18	5.3179e+03	1.550e-20	2.1544e+02	2.5978e+01	7.3995e-09	9.0527e-01	9.4735e-02	7.0763e-01	2.8876e-01	3.6120e-03	9.8671e-12	2.0534e-04	9.5522e-01	4.4561e-02	1.4310e-05	9.2367e-01	7.6281e-02	4.7246e-05	3.2879e-07	1.1755e-36	1.1755e-36	3.3690e-18	0.00e+00	0.00e+00	1.6971e+02
2.59501e+18	5.1569e+03	1.469e-20	2.1544e+02	2.5021e+01	9.0228e-09	9.0859e-01	9.1411e-02	7.2068e-01	2.7581e-01	3.5082e-03	1.0422e-11	1.9915e-04	9.5561e-01	4.4175e-02	1.4292e-05	9.2649e-01	7.3464e-02	4.6029e-05	3.1624e-07	1.1755e-36	1.1755e-36	3.8432e-18	0.00e+00	0.00e+00	1.7183e+02
2.59669e+18	4.9994e+03	1.395e-20	2.1544e+02	2.4128e+01	1.1012e-08	9.1168e-01	8.8321e-02	7.3302e-01	2.6358e-01	3.4048e-03	1.1123e-11	1.9340e-04	9.5589e-01	4.3902e-02	1.4282e-05	9.2911e-01	7.0846e-02	4.5034e-05	3.0466e-07	1.1755e-36	1.1755e-36	4.4996e-18	0.00e+00	0.00e+00	1.7387e+02
2.59797e+18	4.8838e+03	1.346e-20	2.1544e+02	2.3507e+01	1.2723e-08	9.1380e-01	8.6197e-02	7.4157e-01	2.5510e-01	3.3301e-03	1.1553e-11	1.8948e-04	9.5623e-01	4.3564e-02	1.4279e-05	9.3091e-01	6.9045e-02	4.4442e-05	2.9677e-07	1.1755e-36	1.1755e-36	4.9206e-18	0.00e+00	0.00e+00	1.7501e+02
2.59877e+18	4.7815e+03	1.319e-20	2.1544e+02	2.3182e+01	1.4451e-08	9.1466e-01	8.5339e-02	7.4811e-01	2.4865e-01	3.2443e-03	1.1943e-11	1.8784e-04	9.5663e-01	4.3163e-02	1.4296e-05	9.3167e-01	6.8284e-02	4.4314e-05	2.9370e-07	1.1755e-36	1.1755e-36	5.3408e-18	0.00e+00	0.00e+00	1.7585e+02
2.59939e+18	4.7280e+03	1.298e-20	2.1544e+02	2.2979e+01	1.5454e-08	9.1512e-01	8.4881e-02	7.5299e-01	2.4382e-01	3.1844e-03	1.2162e-11	1.8674e-04	9.5692e-01	4.2881e-02	1.4302e-05	9.3208e-01	6.7878e-02	4.4156e-05	2.9205e-07	1.1755e-36	1.1755e-36	5.5786e-18	0.00e+00	0.00e+00	1.7656e+02
2.60004e+18	4.6496e+03	1.275e-20	2.1544e+02	2.2731e+01	1.7054e-08	9.1599e-01	8.4008e-02	7.5856e-01	2.3833e-01	3.1106e-03	1.2507e-11	1.8554e-04	9.5733e-01	4.2465e-02	1.4311e-05	9.3284e-01	6.7120e-02	4.4004e-05	2.8889e-07	1.1755e-36	1.1755e-36	5.9758e-18	0.00e+00	0.00e+00	1.7748e+02
2.60080e+18	4.5718e+03	1.248e-20	2.1544e+02	2.2387e+01	1.8807e-08	9.1699e-01	8.3012e-02	7.6402e-01	2.3292e-01	3.0517e-03	1.2853e-11	1.8354e-04	9.5767e-01	4.2136e-02	1.4319e-05	9.3369e-01	6.6262e-02	4.3801e-05	2.8525e-07	1.1755e-36	1.1755e-36	6.3919e-18	0.00e+00	0.00e+00	1.7846e+02
2.60162e+18	4.4939e+03	1.220e-20	2.1544e+02	2.2021e+01	2.0730e-08	9.1815e-01	8.1850e-02	7.6961e-01	2.2740e-01	2.9939e-03	1.3218e-11	1.8138e-04	9.5799e-01	4.1813e-02	1.4324e-05	9.3469e-01	6.5269e-02	4.3565e-05	2.8098e-07	1.1755e-36	1.1755e-36	6.8474e-18	0.00e+00	0.00e+00	1.7951e+02
2.60249e+18	4.4114e+03	1.190e-20	2.1544e+02	2.1641e+01	2.2947e-08	9.1955e-01	8.0453e-02	7.7550e-01	2.2156e-01	2.9317e-03	1.3623e-11	1.7916e-04	9.5833e-01	4.1473e-02	1.4328e-05	9.3587e-01	6.4084e-02	4.3306e-05	2.7587e-07	1.1755e-36	1.1755e-36	7.3749e-18	0.00e+00	0.00e+00	1.8065e+02
2.60342e+18	4.3250e+03	1.159e-20	2.1544e+02	2.1200e+01	2.5451e-08	9.2092e-01	7.9077e-02	7.8117e-01	2.1595e-01	2.8791e-03	1.4032e-11	1.7648e-04	9.5862e-01	4.1187e-02	1.4335e-05	9.3704e-01	6.2912e-02	4.3077e-05	2.7083e-07	1.1755e-36	1.1755e-36	7.9350e-18	0.00e+00	0.00e+00	1.8183e+02
2.60437e+18	4.2332e+03	1.129e-20	2.1544e+02	2.0786e+01	2.8303e-08	9.2249e-01	7.7506e-02	7.8713e-01	2.1006e-01	2.8160e-03	1.4474e-11	1.7411e-04	9.5894e-01	4.0866e-02	1.4343e-05	9.3838e-01	6.1582e-02	4.2857e-05	2.6511e-07	1.1755e-36	1.1755e-36	8.5677e-18	0.00e+00	0.00e+00	1.8303e+02
2.60532e+18	4.1453e+03	1.100e-20	2.1544e+02	2.0369e+01	3.1164e-08	9.2394e-01	7.6059e-02	7.9276e-01	2.0448e-01	2.7589e-03	1.4866e-11	1.7169e-04	9.5922e-01	4.0588e-02	1.4353e-05	9.3960e-01	6.0354e-02	4.2670e-05	2.5984e-07	1.1755e-36	1.1755e-36	9.1505e-18	0.00e+00	0.00e+00	1.8422e+02
2.60631e+18	4.0535e+03	1.070e-20	2.1544e+02	1.9946e+01	3.4238e-08	9.2541e-01	7.4591e-02	7.9860e-01	1.9871e-01	2.6978e-03	1.5233e-11	1.6930e-04	9.5953e-01	4.0282e-02	1.4364e-05	9.4085e-01	5.9108e-02	4.2506e-05	2.5453e-07	1.1755e-36	1.1755e-36	9.7168e-18	0.00e+00	0.00e+00	1.8552e+02
2.60740e+18	3.9546e+03	1.038e-20	2.1544e+02	1.9464e+01	3.7532e-08	9.2712e-01	7.2878e-02	8.0474e-01	1.9262e-01	2.6370e-03	1.5561e-11	1.6653e-04	9.5984e-01	3.9977e-02	1.4377e-05	9.4230e-01	5.7660e-02	4.2325e-05	2.4833e-07	1.1755e-36	1.1755e-36	1.0231e-17	0.00e+00	0.00e+00	1.8697e+02
