#depth	Te	Htot	hden	eden	2H_2/H	HI	HII	HeI	HeII	HeIII	CO/C	C1	C2	C3	C4	O1	O2	O3	O4	O5	O6	H2O/O	AV(point)	AV(extend)	Tau912
3.32844e+14	1.1721e+04	3.572e-19	2.1544e+02	2.5136e+02	4.6729e-17	7.7594e-04	9.9922e-01	6.2642e-05	7.5079e-02	9.2486e-01	1.8228e-23	1.0233e-06	3.5650e-03	2.2916e-01	4.2234e-01	4.4016e-07	8.9681e-04	1.2451e-01	6.9177e-01	1.7237e-01	1.0176e-02	1.5857e-30	0.00e+00	0.00e+00	7.0248e-04
1.99707e+15	1.1701e+04	3.567e-19	2.1544e+02	2.5128e+02	4.6876e-17	7.7504e-04	9.9922e-01	6.2650e-05	7.5101e-02	9.2484e-01	1.8150e-23	1.0137e-06	3.5615e-03	2.2906e-01	4.2308e-01	4.3949e-07	8.9665e-04	1.2484e-01	6.9180e-01	1.7204e-01	1.0145e-02	1.5779e-30	0.00e+00	0.00e+00	3.5091e-03
8.65395e+15	1.1650e+04	3.556e-19	2.1544e+02	2.5127e+02	4.7383e-17	7.7379e-04	9.9923e-01	6.2960e-05	7.5426e-02	9.2451e-01	1.8286e-23	9.9407e-07	3.5835e-03	2.3052e-01	4.2464e-01	4.4123e-07	9.0169e-04	1.2630e-01	6.9182e-01	1.7069e-01	1.0020e-02	1.5764e-30	0.00e+00	0.00e+00	1.4718e-02
3.52815e+16	1.1513e+04	3.530e-19	2.1544e+02	2.5123e+02	4.8776e-17	7.7151e-04	9.9923e-01	6.4525e-05	7.7197e-02	9.2274e-01	1.9037e-23	9.6124e-07	3.6816e-03	2.3701e-01	4.2882e-01	4.5170e-07	9.2551e-04	1.3206e-01	6.9136e-01	1.6578e-01	9.6160e-03	1.5849e-30	0.00e+00	0.00e+00	5.9419e-02
8.42762e+16	1.1045e+04	3.439e-19	2.1544e+02	2.5121e+02	5.2203e-17	7.4955e-04	9.9925e-01	6.5785e-05	7.8309e-02	9.2163e-01	1.8563e-23	8.5249e-07	3.8229e-03	2.4665e-01	4.3693e-01	4.4536e-07	9.4102e-04	1.4098e-01	6.9183e-01	1.5696e-01	9.0409e-03	1.4213e-30	0.00e+00	0.00e+00	1.1588e-01
1.31557e+17	1.0611e+04	3.363e-19	2.1544e+02	2.5119e+02	5.4752e-17	7.2402e-04	9.9928e-01	6.6578e-05	7.9397e-02	9.2054e-01	1.7127e-23	7.7265e-07	3.9294e-03	2.5569e-01	4.4309e-01	4.2740e-07	9.3874e-04	1.4871e-01	6.9211e-01	1.4943e-01	8.5895e-03	1.2050e-30	0.00e+00	0.00e+00	1.5445e-01
1.65524e+17	1.0390e+04	3.327e-19	2.1544e+02	2.5116e+02	5.5763e-17	7.0965e-04	9.9929e-01	6.7638e-05	8.0987e-02	9.1895e-01	1.6403e-23	7.4392e-07	4.0085e-03	2.6277e-01	4.4633e-01	4.2016e-07	9.4383e-04	1.5467e-01	6.9139e-01	1.4450e-01	8.2826e-03	1.0933e-30	0.00e+00	0.00e+00	1.8221e-01
1.98595e+17	1.0270e+04	3.310e-19	2.1544e+02	2.5112e+02	5.6668e-17	7.0361e-04	9.9930e-01	6.9744e-05	8.3671e-02	9.1626e-01	1.6718e-23	7.4637e-07	4.1175e-03	2.7087e-01	4.4860e-01	4.2791e-07	9.6979e-04	1.6171e-01	6.8943e-01	1.3974e-01	7.9445e-03	1.0702e-30	0.00e+00	0.00e+00	2.1798e-01
2.41589e+17	1.0151e+04	3.290e-19	2.1544e+02	2.5104e+02	5.7052e-17	6.9630e-04	9.9930e-01	7.2780e-05	8.7633e-02	9.1229e-01	1.7101e-23	7.5609e-07	4.2589e-03	2.8163e-01	4.5097e-01	4.4000e-07	1.0076e-03	1.7152e-01	6.8606e-01	1.3370e-01	7.5194e-03	1.0370e-30	0.00e+00	0.00e+00	2.6400e-01
2.97480e+17	1.0036e+04	3.271e-19	2.1544e+02	2.5095e+02	5.7271e-17	6.8795e-04	9.9931e-01	7.7417e-05	9.3714e-02	9.0621e-01	1.7861e-23	7.7907e-07	4.4501e-03	2.9625e-01	4.5314e-01	4.6011e-07	1.0659e-03	1.8562e-01	6.8020e-01	1.2595e-01	6.9812e-03	1.0179e-30	0.00e+00	0.00e+00	3.2312e-01
3.70139e+17	9.9634e+03	3.249e-19	2.1544e+02	2.5075e+02	5.5881e-17	6.7725e-04	9.9932e-01	8.4448e-05	1.0323e-01	8.9668e-01	1.8905e-23	8.1743e-07	4.6932e-03	3.1566e-01	4.5470e-01	4.9158e-07	1.1546e-03	2.0645e-01	6.6983e-01	1.1609e-01	6.3112e-03	9.9945e-31	0.00e+00	0.00e+00	3.9877e-01
4.64595e+17	9.9525e+03	3.230e-19	2.1544e+02	2.5047e+02	5.2852e-17	6.6506e-04	9.9933e-01	9.6331e-05	1.1928e-01	8.8062e-01	2.0846e-23	8.8650e-07	5.0278e-03	3.4232e-01	4.5463e-01	5.4784e-07	1.3047e-03	2.3900e-01	6.5090e-01	1.0319e-01	5.4632e-03	1.0086e-30	0.00e+00	0.00e+00	4.9534e-01
5.66287e+17	1.0025e+04	3.216e-19	2.1544e+02	2.5004e+02	4.6837e-17	6.4470e-04	9.9936e-01	1.1270e-04	1.4284e-01	8.5705e-01	2.2047e-23	9.5745e-07	5.3462e-03	3.7178e-01	4.5220e-01	6.1018e-07	1.4918e-03	2.8243e-01	6.2207e-01	8.9284e-02	4.6067e-03	9.7262e-31	0.00e+00	0.00e+00	5.8005e-01
6.51811e+17	1.0182e+04	3.217e-19	2.1544e+02	2.4952e+02	4.0715e-17	6.2630e-04	9.9937e-01	1.3202e-04	1.7134e-01	8.2853e-01	2.3183e-23	1.0254e-06	5.6031e-03	3.9773e-01	4.4853e-01	6.7847e-07	1.6979e-03	3.2951e-01	5.8779e-01	7.7007e-02	3.8878e-03	9.5591e-31	0.00e+00	0.00e+00	6.4345e-01
7.19577e+17	1.0353e+04	3.227e-19	2.1544e+02	2.4894e+02	3.6193e-17	6.1456e-04	9.9939e-01	1.5345e-04	2.0247e-01	7.9737e-01	2.4876e-23	1.0940e-06	5.8303e-03	4.1923e-01	4.4481e-01	7.5783e-07	1.9204e-03	3.7603e-01	5.5205e-01	6.6616e-02	3.2993e-03	9.7608e-31	0.00e+00	0.00e+00	6.9451e-01
7.77696e+17	1.0517e+04	3.242e-19	2.1544e+02	2.4826e+02	3.3022e-17	6.0716e-04	9.9939e-01	1.7751e-04	2.3726e-01	7.6256e-01	2.7023e-23	1.1621e-06	6.0357e-03	4.3804e-01	4.4124e-01	8.4572e-07	2.1562e-03	4.2328e-01	5.1441e-01	5.7295e-02	2.7877e-03	1.0259e-30	0.00e+00	0.00e+00	7.4005e-01
8.31438e+17	1.0665e+04	3.258e-19	2.1544e+02	2.4754e+02	3.0720e-17	6.0323e-04	9.9940e-01	2.0666e-04	2.7819e-01	7.2160e-01	2.9866e-23	1.2368e-06	6.2515e-03	4.5571e-01	4.3761e-01	9.5260e-07	2.4286e-03	4.7353e-01	4.7324e-01	4.8432e-02	2.3159e-03	1.1024e-30	0.00e+00	0.00e+00	7.8298e-01
8.81720e+17	1.0789e+04	3.273e-19	2.1544e+02	2.4667e+02	2.9104e-17	6.0155e-04	9.9940e-01	2.4067e-04	3.2584e-01	6.7392e-01	3.3011e-23	1.3115e-06	6.4562e-03	4.7204e-01	4.3408e-01	1.0709e-06	2.7220e-03	5.2599e-01	4.2919e-01	4.0157e-02	1.8900e-03	1.1935e-30	0.00e+00	0.00e+00	8.2244e-01
9.28446e+17	1.0906e+04	3.277e-19	2.1544e+02	2.4577e+02	2.7844e-17	6.0167e-04	9.9940e-01	2.7863e-04	3.7898e-01	6.2075e-01	3.6286e-23	1.3837e-06	6.6415e-03	4.8644e-01	4.3105e-01	1.1974e-06	3.0265e-03	5.7859e-01	3.8411e-01	3.2713e-02	1.5177e-03	1.2938e-30	0.00e+00	0.00e+00	8.5944e-01
9.73015e+17	1.0967e+04	3.269e-19	2.1544e+02	2.4461e+02	2.7504e-17	6.0510e-04	9.9939e-01	3.2127e-04	4.3777e-01	5.6191e-01	4.0188e-23	1.4585e-06	6.8308e-03	4.9989e-01	4.2796e-01	1.3377e-06	3.3467e-03	6.3074e-01	3.3863e-01	2.6061e-02	1.1947e-03	1.4214e-30	0.00e+00	0.00e+00	8.9558e-01
1.01620e+18	1.0980e+04	3.245e-19	2.1544e+02	2.4344e+02	2.7818e-17	6.1172e-04	9.9939e-01	3.6824e-04	5.0099e-01	4.9864e-01	4.4536e-23	1.5358e-06	7.0240e-03	5.1237e-01	4.2481e-01	1.4900e-06	3.6746e-03	6.8119e-01	2.9391e-01	2.0275e-02	9.2075e-04	1.5642e-30	0.00e+00	0.00e+00	9.3090e-01
1.06503e+18	1.0929e+04	3.188e-19	2.1544e+02	2.4200e+02	2.9368e-17	6.2447e-04	9.9938e-01	4.2614e-04	5.7576e-01	4.2381e-01	5.1128e-23	1.6335e-06	7.2690e-03	5.2584e-01	4.2089e-01	1.6890e-06	4.0667e-03	7.3545e-01	2.4508e-01	1.4716e-02	6.6359e-04	1.7932e-30	0.00e+00	0.00e+00	9.7778e-01
1.11814e+18	1.0821e+04	3.101e-19	2.1544e+02	2.4054e+02	3.1758e-17	6.4061e-04	9.9936e-01	4.8938e-04	6.5488e-01	3.4463e-01	5.8250e-23	1.7367e-06	7.5196e-03	5.3884e-01	4.1638e-01	1.9033e-06	4.4593e-03	7.8705e-01	1.9786e-01	1.0160e-02	4.5827e-04	2.0398e-30	0.00e+00	0.00e+00	1.0222e+00
1.16756e+18	1.0653e+04	3.001e-19	2.1544e+02	2.3929e+02	3.5300e-17	6.5947e-04	9.9934e-01	5.4569e-04	7.2136e-01	2.7809e-01	6.5896e-23	1.8354e-06	7.7657e-03	5.5017e-01	4.1149e-01	2.1079e-06	4.7969e-03	8.2734e-01	1.6044e-01	7.0845e-03	3.2213e-04	2.3029e-30	0.00e+00	0.00e+00	1.0651e+00
1.22254e+18	1.0437e+04	2.879e-19	2.1544e+02	2.3817e+02	4.0785e-17	6.8543e-04	9.9931e-01	6.0405e-04	7.8295e-01	2.1645e-01	7.6861e-23	1.9614e-06	8.0713e-03	5.6187e-01	4.0533e-01	2.3557e-06	5.1567e-03	8.6315e-01	1.2672e-01	4.7426e-03	2.1905e-04	2.6820e-30	0.00e+00	0.00e+00	1.1231e+00
1.28290e+18	1.0210e+04	2.754e-19	2.1544e+02	2.3721e+02	4.7290e-17	7.1277e-04	9.9929e-01	6.5566e-04	8.3399e-01	1.6535e-01	8.7965e-23	2.0836e-06	8.3649e-03	5.7262e-01	3.9883e-01	2.5966e-06	5.4702e-03	8.9182e-01	9.9369e-02	3.1820e-03	1.5023e-04	3.0549e-30	0.00e+00	0.00e+00	1.1798e+00
1.35026e+18	9.9749e+03	2.632e-19	2.1544e+02	2.3640e+02	5.5842e-17	7.4574e-04	9.9925e-01	7.0420e-04	8.7573e-01	1.2357e-01	1.0233e-22	2.2243e-06	8.6954e-03	5.8324e-01	3.9152e-01	2.8708e-06	5.7814e-03	9.1522e-01	7.6763e-02	2.1326e-03	1.0272e-04	3.5360e-30	0.00e+00	0.00e+00	1.2571e+00
1.43682e+18	9.7356e+03	2.510e-19	2.1544e+02	2.3574e+02	6.7512e-17	7.8769e-04	9.9921e-01	7.5282e-04	9.1144e-01	8.7809e-02	1.2178e-22	2.3973e-06	9.0805e-03	5.9443e-01	3.8301e-01	3.2045e-06	6.1063e-03	9.3538e-01	5.7027e-02	1.4139e-03	6.8297e-05	4.2054e-30	0.00e+00	0.00e+00	1.3609e+00
1.54450e+18	9.5284e+03	2.406e-19	2.1544e+02	2.3521e+02	8.2050e-17	8.3833e-04	9.9916e-01	7.9737e-04	9.3873e-01	6.0478e-02	1.4643e-22	2.5927e-06	9.4914e-03	6.0536e-01	3.7404e-01	3.5949e-06	6.4234e-03	9.5114e-01	4.1398e-02	9.8423e-04	4.5436e-05	5.0849e-30	0.00e+00	0.00e+00	1.4959e+00
1.68063e+18	9.3723e+03	2.327e-19	2.1544e+02	2.3482e+02	1.0022e-16	9.0314e-04	9.9910e-01	8.3976e-04	9.5870e-01	4.0456e-02	1.8043e-22	2.8276e-06	9.9486e-03	6.1619e-01	3.6455e-01	4.0889e-06	6.7492e-03	9.6312e-01	2.9358e-02	7.4113e-04	3.0171e-05	6.3633e-30	0.00e+00	0.00e+00	1.6849e+00
1.84545e+18	9.2957e+03	2.282e-19	2.1544e+02	2.3455e+02	1.2123e-16	9.8423e-04	9.9902e-01	8.7821e-04	9.7203e-01	2.7089e-02	2.2604e-22	3.0965e-06	1.0425e-02	6.2631e-01	3.5523e-01	4.7091e-06	7.0753e-03	9.7141e-01	2.0874e-02	6.1675e-04	2.0452e-05	8.2249e-30	0.00e+00	0.00e+00	1.9202e+00
2.02999e+18	9.3013e+03	2.271e-19	2.1544e+02	2.3436e+02	1.4541e-16	1.0847e-03	9.9892e-01	9.1446e-04	9.8037e-01	1.8718e-02	2.9037e-22	3.4039e-06	1.0924e-02	6.3567e-01	3.4628e-01	5.5008e-06	7.4123e-03	9.7677e-01	1.5240e-02	5.5551e-04	1.4368e-05	1.1116e-29	0.00e+00	0.00e+00	2.2054e+00
2.23299e+18	9.3947e+03	2.288e-19	2.1544e+02	2.3424e+02	1.7329e-16	1.2110e-03	9.9879e-01	9.5105e-04	9.8568e-01	1.3372e-02	3.8640e-22	3.7635e-06	1.1466e-02	6.4456e-01	3.3752e-01	6.5575e-06	7.7871e-03	9.8025e-01	1.1422e-02	5.2386e-04	1.0375e-05	1.5878e-29	0.00e+00	0.00e+00	2.5556e+00
2.45629e+18	9.5258e+03	2.339e-19	2.1544e+02	2.3413e+02	2.1327e-16	1.3811e-03	9.9862e-01	9.9492e-04	9.8921e-01	9.7902e-03	5.5004e-22	4.2260e-06	1.2147e-02	6.5459e-01	3.2737e-01	8.1062e-06	8.2661e-03	9.8250e-01	8.7139e-03	5.0536e-04	7.5874e-06	2.4701e-29	0.00e+00	0.00e+00	2.9950e+00
2.70192e+18	9.7320e+03	2.416e-19	2.1544e+02	2.3404e+02	2.6875e-16	1.6126e-03	9.9839e-01	1.0478e-03	9.9161e-01	7.3389e-03	8.4678e-22	4.8221e-06	1.3005e-02	6.6589e-01	3.1573e-01	1.0480e-05	8.9031e-03	9.8386e-01	6.7295e-03	4.9426e-04	5.5721e-06	4.2427e-29	0.00e+00	0.00e+00	3.5594e+00
2.94571e+18	9.9860e+03	2.518e-19	2.1544e+02	2.3394e+02	3.4335e-16	1.9097e-03	9.9809e-01	1.1095e-03	9.9311e-01	5.7823e-03	1.3715e-21	5.5370e-06	1.4026e-02	6.7805e-01	3.0301e-01	1.4002e-05	9.7292e-03	9.8438e-01	5.3814e-03	4.8807e-04	4.2061e-06	7.7352e-29	0.00e+00	0.00e+00	4.1574e+00
3.15457e+18	1.0229e+04	2.623e-19	2.1544e+02	2.3385e+02	4.3290e-16	2.2394e-03	9.9776e-01	1.1756e-03	9.9397e-01	4.8578e-03	2.2007e-21	6.3015e-06	1.5131e-02	6.9006e-01	2.9027e-01	1.8601e-05	1.0681e-02	9.8430e-01	4.5123e-03	4.8448e-04	3.3282e-06	1.3780e-28	0.00e+00	0.00e+00	4.7283e+00
3.32974e+18	1.0437e+04	2.719e-19	2.1544e+02	2.3377e+02	5.3790e-16	2.5841e-03	9.9742e-01	1.2431e-03	9.9450e-01	4.2596e-03	3.4426e-21	7.0954e-06	1.6298e-02	7.0180e-01	2.7769e-01	2.4262e-05	1.1723e-02	9.8387e-01	3.9009e-03	4.8171e-04	2.7239e-06	2.3523e-28	0.00e+00	0.00e+00	5.3008e+00
3.49054e+18	1.0628e+04	2.811e-19	2.1544e+02	2.3367e+02	6.6862e-16	2.9679e-03	9.9703e-01	1.3199e-03	9.9488e-01	3.8036e-03	5.4135e-21	7.9799e-06	1.7613e-02	7.1406e-01	2.6443e-01	3.1654e-05	1.2937e-02	9.8315e-01	3.4004e-03	4.7902e-04	2.2486e-06	3.9996e-28	0.00e+00	0.00e+00	5.9414e+00
3.67306e+18	1.0833e+04	2.918e-19	2.1544e+02	2.3355e+02	8.7460e-16	3.4951e-03	9.9650e-01	1.4268e-03	9.9522e-01	3.3523e-03	9.4962e-21	9.2133e-06	1.9463e-02	7.2985e-01	2.4716e-01	4.3804e-05	1.4688e-02	9.8191e-01	2.8788e-03	4.7526e-04	1.7837e-06	7.6272e-28	0.00e+00	0.00e+00	6.9221e+00
3.81928e+18	1.1026e+04	3.023e-19	2.1544e+02	2.3342e+02	1.1085e-15	4.0661e-03	9.9593e-01	1.5350e-03	9.9538e-01	3.0847e-03	1.5821e-20	1.0449e-05	2.1334e-02	7.4355e-01	2.3188e-01	5.9800e-05	1.6719e-02	9.8019e-01	2.5570e-03	4.7311e-04	1.4815e-06	1.3605e-27	0.00e+00	0.00e+00	7.3982e+00
3.88140e+18	1.1120e+04	3.064e-19	2.1544e+02	2.3334e+02	1.2278e-15	4.3445e-03	9.9566e-01	1.5922e-03	9.9539e-01	3.0143e-03	1.9957e-20	1.1062e-05	2.2272e-02	7.4973e-01	2.2489e-01	6.8854e-05	1.7771e-02	9.7925e-01	2.4403e-03	4.7230e-04	1.3699e-06	1.7645e-27	0.00e+00	0.00e+00	7.6236e+00
3.92527e+18	1.1153e+04	3.097e-19	2.1544e+02	2.3330e+02	1.3400e-15	4.5561e-03	9.9544e-01	1.6358e-03	9.9542e-01	2.9470e-03	2.3774e-20	1.1555e-05	2.3021e-02	7.5467e-01	2.1930e-01	7.6098e-05	1.8557e-02	9.7856e-01	2.3320e-03	4.7076e-04	1.2827e-06	2.1411e-27	0.00e+00	0.00e+00	7.9309e+00
3.98231e+18	1.1215e+04	3.135e-19	2.1544e+02	2.3323e+02	1.4893e-15	4.8430e-03	9.9516e-01	1.6938e-03	9.9545e-01	2.8543e-03	2.9819e-20	1.2219e-05	2.4032e-02	7.6100e-01	2.1208e-01	8.6737e-05	1.9659e-02	9.7759e-01	2.1966e-03	4.6907e-04	1.1775e-06	2.7490e-27	0.00e+00	0.00e+00	8.3556e+00
4.05645e+18	1.1303e+04	3.184e-19	2.1544e+02	2.3315e+02	1.7154e-15	5.2528e-03	9.9475e-01	1.7745e-03	9.9549e-01	2.7332e-03	4.0534e-20	1.3165e-05	2.5467e-02	7.6941e-01	2.0239e-01	1.0346e-04	2.1278e-02	9.7612e-01	2.0279e-03	4.6684e-04	1.0506e-06	3.8617e-27	0.00e+00	0.00e+00	8.9543e+00
4.13416e+18	1.1388e+04	3.242e-19	2.1544e+02	2.3305e+02	2.0100e-15	5.7565e-03	9.9424e-01	1.8728e-03	9.9551e-01	2.6148e-03	5.7120e-20	1.4295e-05	2.7195e-02	7.7852e-01	1.9173e-01	1.2656e-04	2.3349e-02	9.7419e-01	1.8673e-03	4.6424e-04	9.2878e-07	5.6165e-27	0.00e+00	0.00e+00	9.5149e+00
4.19315e+18	1.1447e+04	3.291e-19	2.1544e+02	2.3292e+02	2.2877e-15	6.2018e-03	9.9380e-01	1.9618e-03	9.9550e-01	2.5387e-03	7.5490e-20	1.5272e-05	2.8707e-02	7.8569e-01	1.8318e-01	1.4945e-04	2.5252e-02	9.7238e-01	1.7542e-03	4.6200e-04	8.4275e-07	7.5832e-27	0.00e+00	0.00e+00	9.9060e+00
4.23512e+18	1.1508e+04	3.321e-19	2.1544e+02	2.3285e+02	2.4966e-15	6.5353e-03	9.9346e-01	2.0274e-03	9.9548e-01	2.4939e-03	9.2355e-20	1.6016e-05	2.9854e-02	7.9076e-01	1.7705e-01	1.6836e-04	2.6736e-02	9.7096e-01	1.6752e-03	4.6058e-04	7.8589e-07	9.4333e-27	0.00e+00	0.00e+00	1.0240e+01
4.27835e+18	1.1545e+04	3.355e-19	2.1544e+02	2.3276e+02	2.7647e-15	6.9092e-03	9.9309e-01	2.1026e-03	9.9546e-01	2.4389e-03	1.1480e-19	1.6865e-05	3.1155e-02	7.9627e-01	1.7034e-01	1.9086e-04	2.8395e-02	9.6937e-01	1.5867e-03	4.5844e-04	7.2670e-07	1.1919e-26	0.00e+00	0.00e+00	1.0699e+01
4.33454e+18	1.1586e+04	3.404e-19	2.1544e+02	2.3266e+02	3.1861e-15	7.4473e-03	9.9255e-01	2.2083e-03	9.9543e-01	2.3625e-03	1.5446e-19	1.8083e-05	3.3013e-02	8.0352e-01	1.6136e-01	2.2620e-04	3.0833e-02	9.6701e-01	1.4740e-03	4.5526e-04	6.5360e-07	1.6408e-26	0.00e+00	0.00e+00	1.1343e+01
4.39123e+18	1.1652e+04	3.453e-19	2.1544e+02	2.3253e+02	3.6724e-15	8.0686e-03	9.9193e-01	2.3273e-03	9.9538e-01	2.2928e-03	2.1164e-19	1.9440e-05	3.5097e-02	8.1070e-01	1.5221e-01	2.7224e-04	3.3802e-02	9.6410e-01	1.3706e-03	4.5226e-04	5.8618e-07	2.3010e-26	0.00e+00	0.00e+00	1.1890e+01
4.43383e+18	1.1689e+04	3.494e-19	2.1544e+02	2.3241e+02	4.1254e-15	8.6011e-03	9.9140e-01	2.4305e-03	9.9532e-01	2.2470e-03	2.7221e-19	2.0586e-05	3.6877e-02	8.1618e-01	1.4505e-01	3.1585e-04	3.6421e-02	9.6152e-01	1.2952e-03	4.4952e-04	5.3777e-07	3.0062e-26	0.00e+00	0.00e+00	1.2303e+01
4.46768e+18	1.1723e+04	3.524e-19	2.1544e+02	2.3230e+02	4.5226e-15	9.0485e-03	9.9095e-01	2.5186e-03	9.9527e-01	2.2132e-03	3.3355e-19	2.1564e-05	3.8393e-02	8.2048e-01	1.3932e-01	3.5580e-04	3.8691e-02	9.5927e-01	1.2354e-03	4.4725e-04	5.0143e-07	3.7289e-26	0.00e+00	0.00e+00	1.2701e+01
4.50491e+18	1.1754e+04	3.557e-19	2.1544e+02	2.3219e+02	5.0233e-15	9.5719e-03	9.9043e-01	2.6224e-03	9.9521e-01	2.1723e-03	4.1928e-19	2.2725e-05	4.0180e-02	8.2519e-01	1.3289e-01	4.0606e-04	4.1385e-02	9.5660e-01	1.1680e-03	4.4444e-04	4.6281e-07	4.7520e-26	0.00e+00	0.00e+00	1.3249e+01
4.55330e+18	1.1787e+04	3.604e-19	2.1544e+02	2.3207e+02	5.8283e-15	1.0325e-02	9.8968e-01	2.7705e-03	9.9511e-01	2.1155e-03	5.7417e-19	2.4446e-05	4.2728e-02	8.3122e-01	1.2443e-01	4.8544e-04	4.5363e-02	9.5263e-01	1.0825e-03	4.4023e-04	4.1521e-07	6.6600e-26	0.00e+00	0.00e+00	1.4017e+01
4.60094e+18	1.1843e+04	3.651e-19	2.1544e+02	2.3181e+02	6.7090e-15	1.1198e-02	9.8880e-01	2.9376e-03	9.9500e-01	2.0642e-03	7.9285e-19	2.6213e-05	4.5565e-02	8.3692e-01	1.1599e-01	5.8953e-04	5.0210e-02	9.4776e-01	1.0033e-03	4.3611e-04	3.7121e-07	9.3167e-26	0.00e+00	0.00e+00	1.4635e+01
4.63496e+18	1.1864e+04	3.690e-19	2.1544e+02	2.3167e+02	7.5459e-15	1.1908e-02	9.8809e-01	3.0739e-03	9.9489e-01	2.0318e-03	1.0200e-18	2.7706e-05	4.7882e-02	8.4089e-01	1.0978e-01	6.8321e-04	5.4264e-02	9.4367e-01	9.4804e-04	4.3234e-04	3.4093e-07	1.2158e-25	0.00e+00	0.00e+00	1.5080e+01
4.66152e+18	1.1884e+04	3.717e-19	2.1544e+02	2.3154e+02	8.2506e-15	1.2485e-02	9.8751e-01	3.1879e-03	9.9480e-01	2.0080e-03	1.2410e-18	2.8944e-05	4.9803e-02	8.4382e-01	1.0498e-01	7.6615e-04	5.7667e-02	9.4023e-01	9.0550e-04	4.2931e-04	3.1888e-07	1.4928e-25	0.00e+00	0.00e+00	1.5516e+01
4.69105e+18	1.1901e+04	3.746e-19	2.1544e+02	2.3139e+02	9.1365e-15	1.3162e-02	9.8684e-01	3.3231e-03	9.9470e-01	1.9787e-03	1.5482e-18	3.0417e-05	5.2072e-02	8.4696e-01	9.9639e-02	8.7055e-04	6.1721e-02	9.3612e-01	8.5782e-04	4.2562e-04	2.9537e-07	1.8814e-25	0.00e+00	0.00e+00	1.6113e+01
4.72943e+18	1.1914e+04	3.788e-19	2.1544e+02	2.3124e+02	1.0562e-14	1.4136e-02	9.8586e-01	3.5165e-03	9.9455e-01	1.9374e-03	2.0989e-18	3.2604e-05	5.5298e-02	8.5078e-01	9.2672e-02	1.0346e-03	6.7683e-02	9.3006e-01	7.9697e-04	4.2015e-04	2.6616e-07	2.5994e-25	0.00e+00	0.00e+00	1.6947e+01
4.76818e+18	1.1955e+04	3.830e-19	2.1544e+02	2.3091e+02	1.2132e-14	1.5282e-02	9.8472e-01	3.7366e-03	9.9436e-01	1.8995e-03	2.8858e-18	3.4863e-05	5.8951e-02	8.5423e-01	8.5648e-02	1.2526e-03	7.5066e-02	9.2253e-01	7.3806e-04	4.1446e-04	2.3821e-07	3.6075e-25	0.00e+00	0.00e+00	1.7657e+01
4.79726e+18	1.1959e+04	3.867e-19	2.1544e+02	2.3070e+02	1.3733e-14	1.6271e-02	9.8373e-01	3.9297e-03	9.9420e-01	1.8717e-03	3.7500e-18	3.6904e-05	6.2103e-02	8.5652e-01	8.0272e-02	1.4600e-03	8.1565e-02	9.1587e-01	6.9433e-04	4.0910e-04	2.1775e-07	4.7409e-25	0.00e+00	0.00e+00	1.8188e+01
4.82037e+18	1.1963e+04	3.894e-19	2.1544e+02	2.3052e+02	1.5158e-14	1.7094e-02	9.8291e-01	4.0948e-03	9.9405e-01	1.8507e-03	4.6267e-18	3.8622e-05	6.4785e-02	8.5808e-01	7.6077e-02	1.6485e-03	8.7151e-02	9.1013e-01	6.6052e-04	4.0459e-04	2.0262e-07	5.9021e-25	0.00e+00	0.00e+00	1.8704e+01
4.84592e+18	1.1966e+04	3.921e-19	2.1544e+02	2.3032e+02	1.6901e-14	1.8050e-02	9.8195e-01	4.2892e-03	9.9388e-01	1.8260e-03	5.8377e-18	4.0657e-05	6.7921e-02	8.5956e-01	7.1506e-02	1.8846e-03	9.3762e-02	9.0333e-01	6.2357e-04	3.9932e-04	1.8684e-07	7.5108e-25	0.00e+00	0.00e+00	1.9413e+01
4.87913e+18	1.1961e+04	3.961e-19	2.1544e+02	2.3011e+02	1.9739e-14	1.9437e-02	9.8056e-01	4.5697e-03	9.9364e-01	1.7913e-03	8.0466e-18	4.3694e-05	7.2402e-02	8.6104e-01	6.5608e-02	2.2596e-03	1.0353e-01	8.9324e-01	5.7625e-04	3.9152e-04	1.6715e-07	1.0534e-24	0.00e+00	0.00e+00	2.0406e+01
4.91255e+18	1.1975e+04	4.002e-19	2.1544e+02	2.2963e+02	2.3038e-14	2.1101e-02	9.7890e-01	4.8938e-03	9.9335e-01	1.7586e-03	1.1303e-17	4.6868e-05	7.7535e-02	8.6189e-01	5.9694e-02	2.7670e-03	1.1574e-01	8.8058e-01	5.2938e-04	3.8286e-04	1.4797e-07	1.4911e-24	0.00e+00	0.00e+00	2.1246e+01
4.93748e+18	1.1959e+04	4.038e-19	2.1544e+02	2.2940e+02	2.6524e-14	2.2530e-02	9.7747e-01	5.1798e-03	9.9309e-01	1.7340e-03	1.5006e-17	4.9858e-05	8.1977e-02	8.6192e-01	5.5268e-02	3.2492e-03	1.2642e-01	8.6946e-01	4.9484e-04	3.7492e-04	1.3405e-07	2.0122e-24	0.00e+00	0.00e+00	2.1877e+01
4.95744e+18	1.1958e+04	4.059e-19	2.1544e+02	2.2912e+02	2.9352e-14	2.3710e-02	9.7629e-01	5.4233e-03	9.9286e-01	1.7165e-03	1.8662e-17	5.2270e-05	8.5740e-02	8.6159e-01	5.1870e-02	3.6883e-03	1.3561e-01	8.5986e-01	4.6853e-04	3.6854e-04	1.2395e-07	2.5158e-24	0.00e+00	0.00e+00	2.2501e+01
4.97969e+18	1.1949e+04	4.081e-19	2.1544e+02	2.2875e+02	3.2875e-14	2.5111e-02	9.7489e-01	5.7153e-03	9.9259e-01	1.6947e-03	2.3771e-17	5.5026e-05	9.0196e-02	8.6088e-01	4.8163e-02	4.2485e-03	1.4661e-01	8.4834e-01	4.3970e-04	3.6098e-04	1.1330e-07	3.2115e-24	0.00e+00	0.00e+00	2.3360e+01
5.00861e+18	1.1929e+04	4.116e-19	2.1544e+02	2.2836e+02	3.8836e-14	2.7175e-02	9.7282e-01	6.1409e-03	9.9219e-01	1.6644e-03	3.3394e-17	5.9215e-05	9.6614e-02	8.5926e-01	4.3417e-02	5.1513e-03	1.6295e-01	8.3115e-01	4.0256e-04	3.4976e-04	1.1755e-36	4.5734e-24	0.00e+00	0.00e+00	2.4568e+01
5.03815e+18	1.1904e+04	4.161e-19	2.1544e+02	2.2794e+02	4.7244e-14	2.9777e-02	9.7022e-01	6.6620e-03	9.9171e-01	1.6331e-03	4.9377e-17	6.4401e-05	1.0433e-01	8.5644e-01	3.8580e-02	6.4239e-03	1.8379e-01	8.0908e-01	3.6409e-04	3.3589e-04	1.1755e-36	6.9125e-24	0.00e+00	0.00e+00	2.5637e+01
5.06097e+18	1.1885e+04	4.190e-19	2.1544e+02	2.2742e+02	5.5027e-14	3.2073e-02	9.6793e-01	7.1304e-03	9.9126e-01	1.6110e-03	6.7424e-17	6.8744e-05	1.1114e-01	8.5329e-01	3.4952e-02	7.6868e-03	2.0269e-01	7.8896e-01	3.3521e-04	3.2396e-04	1.1755e-36	9.5269e-24	0.00e+00	0.00e+00	2.6476e+01
5.07976e+18	1.1864e+04	4.208e-19	2.1544e+02	2.2693e+02	6.2501e-14	3.4090e-02	9.6591e-01	7.5576e-03	9.9085e-01	1.5928e-03	8.7230e-17	7.2616e-05	1.1725e-01	8.5007e-01	3.2099e-02	8.9028e-03	2.1954e-01	7.7093e-01	3.1258e-04	3.1355e-04	1.1755e-36	1.2401e-23	0.00e+00	0.00e+00	2.7326e+01
5.10086e+18	1.1838e+04	4.225e-19	2.1544e+02	2.2621e+02	7.2015e-14	3.6522e-02	9.6348e-01	8.0771e-03	9.9035e-01	1.5704e-03	1.1616e-16	7.7108e-05	1.2455e-01	8.4586e-01	2.9034e-02	1.0493e-02	2.3988e-01	7.4904e-01	2.8813e-04	3.0134e-04	1.1755e-36	1.6562e-23	0.00e+00	0.00e+00	2.8511e+01
5.12828e+18	1.1796e+04	4.254e-19	2.1544e+02	2.2541e+02	8.8592e-14	4.0239e-02	9.5976e-01	8.8556e-03	9.8960e-01	1.5408e-03	1.7388e-16	8.3991e-05	1.3528e-01	8.3904e-01	2.5169e-02	1.3151e-02	2.7033e-01	7.1598e-01	2.5653e-04	2.8312e-04	1.1755e-36	2.5155e-23	0.00e+00	0.00e+00	3.0208e+01
5.15602e+18	1.1750e+04	4.295e-19	2.1544e+02	2.2439e+02	1.1312e-13	4.5147e-02	9.5485e-01	9.8397e-03	9.8865e-01	1.5108e-03	2.7690e-16	9.2361e-05	1.4847e-01	8.2973e-01	2.1321e-02	1.7065e-02	3.0925e-01	6.7320e-01	2.2343e-04	2.6053e-04	1.1755e-36	4.0941e-23	0.00e+00	0.00e+00	3.1711e+01
5.17649e+18	1.1694e+04	4.324e-19	2.1544e+02	2.2367e+02	1.3957e-13	4.9534e-02	9.5047e-01	1.0752e-02	9.8776e-01	1.4878e-03	4.0546e-16	1.0012e-04	1.6027e-01	8.2070e-01	1.8588e-02	2.0954e-02	3.4300e-01	6.3560e-01	1.9947e-04	2.4122e-04	1.1755e-36	6.1482e-23	0.00e+00	0.00e+00	3.2819e+01
5.19193e+18	1.1670e+04	4.324e-19	2.1544e+02	2.2269e+02	1.6022e-13	5.3005e-02	9.4700e-01	1.1503e-02	9.8702e-01	1.4734e-03	5.2927e-16	1.0580e-04	1.6979e-01	8.1308e-01	1.6705e-02	2.4335e-02	3.6970e-01	6.0556e-01	1.8303e-04	2.2677e-04	1.1755e-36	8.0468e-23	0.00e+00	0.00e+00	3.3860e+01
5.20853e+18	1.1612e+04	4.332e-19	2.1544e+02	2.2178e+02	1.8981e-13	5.7165e-02	9.4284e-01	1.2413e-02	9.8613e-01	1.4540e-03	7.1435e-16	1.1278e-04	1.8098e-01	8.0385e-01	1.4769e-02	2.8577e-02	3.9946e-01	5.7158e-01	1.6600e-04	2.1039e-04	1.1755e-36	1.0980e-22	0.00e+00	0.00e+00	3.5319e+01
5.23010e+18	1.1551e+04	4.343e-19	2.1544e+02	2.2047e+02	2.3896e-13	6.3574e-02	9.3643e-01	1.3771e-02	9.8480e-01	1.4296e-03	1.0735e-15	1.2279e-04	1.9718e-01	7.9004e-01	1.2397e-02	3.5538e-02	4.4178e-01	5.2235e-01	1.4433e-04	1.8746e-04	1.1755e-36	1.6792e-22	0.00e+00	0.00e+00	3.7428e+01
5.25109e+18	1.1487e+04	4.364e-19	2.1544e+02	2.1870e+02	3.1334e-13	7.2018e-02	9.2798e-01	1.5461e-02	9.8313e-01	1.4073e-03	1.6991e-15	1.3449e-04	2.1651e-01	7.7297e-01	1.0164e-02	4.5295e-02	4.9042e-01	4.6401e-01	1.2234e-04	1.6141e-04	1.1755e-36	2.7399e-22	0.00e+00	0.00e+00	3.9151e+01
5.26543e+18	1.1442e+04	4.356e-19	2.1544e+02	2.1709e+02	3.8092e-13	7.8750e-02	9.2125e-01	1.6881e-02	9.8173e-01	1.3941e-03	2.3544e-15	1.4370e-04	2.3201e-01	7.5888e-01	8.7616e-03	5.3611e-02	5.2539e-01	4.2075e-01	1.0834e-04	1.4299e-04	1.1755e-36	3.8727e-22	0.00e+00	0.00e+00	4.0338e+01
5.27596e+18	1.1390e+04	4.341e-19	2.1544e+02	2.1576e+02	4.4148e-13	8.4006e-02	9.1599e-01	1.8051e-02	9.8057e-01	1.3830e-03	2.9760e-15	1.5094e-04	2.4431e-01	7.4753e-01	7.8210e-03	6.0333e-02	5.4994e-01	3.8950e-01	9.9077e-05	1.3003e-04	1.1755e-36	4.9530e-22	0.00e+00	0.00e+00	4.1478e+01
5.28744e+18	1.1330e+04	4.329e-19	2.1544e+02	2.1463e+02	5.2203e-13	9.0375e-02	9.0963e-01	1.9467e-02	9.7916e-01	1.3701e-03	3.8654e-15	1.5949e-04	2.5872e-01	7.3410e-01	6.8514e-03	6.8587e-02	5.7580e-01	3.5541e-01	8.9477e-05	1.1602e-04	1.1755e-36	6.5438e-22	0.00e+00	0.00e+00	4.3073e+01
5.30235e+18	1.1262e+04	4.308e-19	2.1544e+02	2.1254e+02	6.5429e-13	1.0006e-01	8.9994e-01	2.1535e-02	9.7711e-01	1.3569e-03	5.4620e-15	1.7111e-04	2.7892e-01	7.1507e-01	5.6894e-03	8.1351e-02	6.0855e-01	3.0992e-01	7.7546e-05	9.8045e-05	1.1755e-36	9.4600e-22	0.00e+00	0.00e+00	4.5368e+01
5.31759e+18	1.1186e+04	4.290e-19	2.1544e+02	2.0982e+02	8.5960e-13	1.1315e-01	8.8685e-01	2.4187e-02	9.7447e-01	1.3458e-03	8.1478e-15	1.8447e-04	3.0334e-01	6.9177e-01	4.5758e-03	9.8718e-02	6.4160e-01	2.5954e-01	6.5231e-05	7.8855e-05	1.1755e-36	1.4644e-21	0.00e+00	0.00e+00	4.7462e+01
5.32900e+18	1.1128e+04	4.243e-19	2.1544e+02	2.0681e+02	1.0669e-12	1.2447e-01	8.7553e-01	2.6583e-02	9.7208e-01	1.3408e-03	1.1057e-14	1.9530e-04	3.2405e-01	6.7180e-01	3.8358e-03	1.1399e-01	6.6341e-01	2.2247e-01	5.6936e-05	6.5497e-05	1.1755e-36	2.0438e-21	0.00e+00	0.00e+00	4.9022e+01
5.33771e+18	1.1075e+04	4.201e-19	2.1544e+02	2.0488e+02	1.2592e-12	1.3392e-01	8.6608e-01	2.8723e-02	9.6994e-01	1.3367e-03	1.3944e-14	2.0457e-04	3.4162e-01	6.5475e-01	3.3241e-03	1.2676e-01	6.7711e-01	1.9603e-01	5.1255e-05	5.6170e-05	1.1755e-36	2.6260e-21	0.00e+00	0.00e+00	5.0517e+01
5.34715e+18	1.0999e+04	4.149e-19	2.1544e+02	2.0252e+02	1.5202e-12	1.4512e-01	8.5488e-01	3.1283e-02	9.6739e-01	1.3317e-03	1.7898e-14	2.1483e-04	3.6154e-01	6.3533e-01	2.8222e-03	1.4176e-01	6.8855e-01	1.6960e-01	4.5668e-05	4.7122e-05	1.1755e-36	3.4423e-21	0.00e+00	0.00e+00	5.2624e+01
5.35942e+18	1.0917e+04	4.068e-19	2.1544e+02	1.9854e+02	1.9633e-12	1.6209e-01	8.3791e-01	3.5028e-02	9.6364e-01	1.3307e-03	2.4929e-14	2.2782e-04	3.8887e-01	6.0858e-01	2.2459e-03	1.6421e-01	6.9838e-01	1.3734e-01	3.8931e-05	3.6540e-05	1.1755e-36	4.9660e-21	0.00e+00	0.00e+00	5.5682e+01
5.37178e+18	1.0825e+04	3.975e-19	2.1544e+02	1.9358e+02	2.6480e-12	1.8469e-01	8.1531e-01	3.9840e-02	9.5882e-01	1.3363e-03	3.6202e-14	2.4173e-04	4.2099e-01	5.7698e-01	1.7268e-03	1.9340e-01	7.0081e-01	1.0573e-01	3.2243e-05	2.6630e-05	1.1755e-36	7.5605e-21	0.00e+00	0.00e+00	5.8409e+01
5.38079e+18	1.0738e+04	3.881e-19	2.1544e+02	1.8975e+02	3.3418e-12	2.0410e-01	7.9590e-01	4.4351e-02	9.5431e-01	1.3414e-03	4.8001e-14	2.5312e-04	4.4834e-01	5.4995e-01	1.3972e-03	2.1805e-01	6.9680e-01	8.5102e-02	2.7866e-05	2.0482e-05	1.1755e-36	1.0354e-20	0.00e+00	0.00e+00	6.0399e+01
5.38754e+18	1.0681e+04	3.778e-19	2.1544e+02	1.8630e+02	3.9326e-12	2.1849e-01	7.8151e-01	4.8066e-02	9.5058e-01	1.3494e-03	5.8260e-14	2.6112e-04	4.6921e-01	5.2929e-01	1.1907e-03	2.3622e-01	6.9153e-01	7.2207e-02	2.5178e-05	1.6849e-05	1.1755e-36	1.2818e-20	0.00e+00	0.00e+00	6.2278e+01
5.39481e+18	1.0587e+04	3.673e-19	2.1544e+02	1.8268e+02	4.7481e-12	2.3575e-01	7.6425e-01	5.2595e-02	9.4605e-01	1.3540e-03	7.1958e-14	2.6984e-04	4.9280e-01	5.0589e-01	9.9097e-04	2.5753e-01	6.8243e-01	6.0000e-02	2.2480e-05	1.3498e-05	1.1755e-36	1.6171e-20	0.00e+00	0.00e+00	6.4914e+01
5.40426e+18	1.0493e+04	3.513e-19	2.1544e+02	1.7675e+02	6.0787e-12	2.6116e-01	7.3884e-01	5.9074e-02	9.3955e-01	1.3720e-03	9.4613e-14	2.7869e-04	5.2371e-01	4.7520e-01	7.7048e-04	2.8826e-01	6.6557e-01	4.6147e-02	1.9246e-05	9.8753e-06	1.1755e-36	2.1990e-20	0.00e+00	0.00e+00	6.8711e+01
5.41416e+18	1.0386e+04	3.324e-19	2.1544e+02	1.6939e+02	8.1306e-12	2.9436e-01	7.0564e-01	6.7516e-02	9.3108e-01	1.3992e-03	1.2915e-13	2.8698e-04	5.5931e-01	4.3979e-01	5.7601e-04	3.2726e-01	6.3924e-01	3.3482e-02	1.5983e-05	6.7364e-06	1.1755e-36	3.1440e-20	0.00e+00	0.00e+00	7.2353e+01
5.42204e+18	1.0280e+04	3.140e-19	2.1544e+02	1.6291e+02	1.0307e-11	3.2380e-01	6.7620e-01	7.5951e-02	9.2262e-01	1.4281e-03	1.6475e-13	2.9238e-04	5.9040e-01	4.0883e-01	4.4919e-04	3.6106e-01	6.1361e-01	2.5307e-02	1.3715e-05	4.8374e-06	1.1755e-36	4.1316e-20	0.00e+00	0.00e+00	7.5292e+01
5.42820e+18	1.0190e+04	2.979e-19	2.1544e+02	1.5770e+02	1.2395e-11	3.4753e-01	6.5247e-01	8.3651e-02	9.1490e-01	1.4505e-03	1.9789e-13	2.9643e-04	6.1559e-01	3.8373e-01	3.6740e-04	3.8785e-01	5.9195e-01	2.0185e-02	1.2195e-05	3.7099e-06	1.1755e-36	5.0710e-20	0.00e+00	0.00e+00	7.7965e+01
5.43445e+18	1.0088e+04	2.810e-19	2.1544e+02	1.5236e+02	1.4912e-11	3.7286e-01	6.2714e-01	9.2440e-02	9.0608e-01	1.4754e-03	2.3630e-13	2.9934e-04	6.4128e-01	3.5810e-01	2.9733e-04	4.1592e-01	5.6813e-01	1.5937e-02	1.0813e-05	2.8138e-06	1.1755e-36	6.1635e-20	0.00e+00	0.00e+00	8.1437e+01
5.44178e+18	9.9745e+03	2.598e-19	2.1544e+02	1.4476e+02	1.8687e-11	4.0567e-01	5.9433e-01	1.0369e-01	8.9479e-01	1.5168e-03	2.9030e-13	2.9897e-04	6.7047e-01	3.2898e-01	2.3043e-04	4.5151e-01	5.3664e-01	1.1833e-02	9.3066e-06	1.9908e-06	1.1755e-36	7.7607e-20	0.00e+00	0.00e+00	8.5746e+01
5.44866e+18	9.8635e+03	2.387e-19	2.1544e+02	1.3700e+02	2.3265e-11	4.4073e-01	5.5927e-01	1.1638e-01	8.8205e-01	1.5691e-03	3.5269e-13	2.9596e-04	6.9877e-01	3.0074e-01	1.7947e-04	4.8872e-01	5.0260e-01	8.6781e-03	7.9693e-06	1.3899e-06	1.1755e-36	9.6385e-20	0.00e+00	0.00e+00	8.9312e+01
5.45373e+18	9.7640e+03	2.224e-19	2.1544e+02	1.3140e+02	2.7371e-11	4.6673e-01	5.3327e-01	1.2762e-01	8.7077e-01	1.6062e-03	4.0468e-13	2.9387e-04	7.2041e-01	2.7914e-01	1.4880e-04	5.1586e-01	4.7728e-01	6.8533e-03	7.1198e-06	1.0600e-06	1.1755e-36	1.1200e-19	0.00e+00	0.00e+00	9.1979e+01
5.45780e+18	9.6907e+03	2.087e-19	2.1544e+02	1.2675e+02	3.0799e-11	4.8590e-01	5.1410e-01	1.3726e-01	8.6110e-01	1.6379e-03	4.4488e-13	2.9090e-04	7.3706e-01	2.6251e-01	1.2849e-04	5.3566e-01	4.5864e-01	5.6928e-03	6.5553e-06	8.5939e-07	1.1755e-36	1.2342e-19	0.00e+00	0.00e+00	9.4584e+01
5.46193e+18	9.5911e+03	1.956e-19	2.1544e+02	1.2219e+02	3.5133e-11	5.0743e-01	4.9257e-01	1.4825e-01	8.5009e-01	1.6689e-03	4.9174e-13	2.8779e-04	7.5406e-01	2.4553e-01	1.1025e-04	5.5758e-01	4.3774e-01	4.6706e-03	5.9806e-06	6.8648e-07	1.1755e-36	1.3691e-19	0.00e+00	0.00e+00	9.7555e+01
5.46638e+18	9.4956e+03	1.812e-19	2.1544e+02	1.1679e+02	4.0510e-11	5.3186e-01	4.6814e-01	1.6073e-01	8.3756e-01	1.7100e-03	5.4695e-13	2.8252e-04	7.7148e-01	2.2813e-01	9.3568e-05	5.8214e-01	4.1412e-01	3.7321e-03	5.3888e-06	5.3273e-07	1.1755e-36	1.5318e-19	0.00e+00	0.00e+00	1.0089e+02
5.46992e+18	9.4288e+03	1.697e-19	2.1544e+02	1.1199e+02	4.5260e-11	5.5208e-01	4.4792e-01	1.7113e-01	8.2712e-01	1.7561e-03	5.9186e-13	2.7614e-04	7.8444e-01	2.1520e-01	8.2645e-05	6.0220e-01	3.9469e-01	3.0968e-03	4.9422e-06	4.3193e-07	1.1755e-36	1.6601e-19	0.00e+00	0.00e+00	1.0274e+02
5.47195e+18	9.3742e+03	1.632e-19	2.1544e+02	1.0983e+02	4.7998e-11	5.6122e-01	4.3878e-01	1.7827e-01	8.1996e-01	1.7699e-03	6.1446e-13	2.7413e-04	7.9242e-01	2.0722e-01	7.7207e-05	6.1126e-01	3.8593e-01	2.8101e-03	4.7521e-06	3.8801e-07	1.1755e-36	1.7149e-19	0.00e+00	0.00e+00	1.0395e+02
5.47376e+18	9.3218e+03	1.575e-19	2.1544e+02	1.0797e+02	5.0626e-11	5.6925e-01	4.3075e-01	1.8504e-01	8.1319e-01	1.7793e-03	6.3517e-13	2.7246e-04	7.9962e-01	2.0002e-01	7.2520e-05	6.1918e-01	3.7824e-01	2.5752e-03	4.5906e-06	3.5246e-07	1.1755e-36	1.7643e-19	0.00e+00	0.00e+00	1.0554e+02
5.47612e+18	9.2526e+03	1.502e-19	2.1544e+02	1.0529e+02	5.4617e-11	5.8174e-01	4.1826e-01	1.9391e-01	8.0429e-01	1.7980e-03	6.6600e-13	2.6924e-04	8.0856e-01	1.9110e-01	6.6773e-05	6.3139e-01	3.6633e-01	2.2772e-03	4.3496e-06	3.0745e-07	1.1755e-36	1.8433e-19	0.00e+00	0.00e+00	1.0765e+02
5.47880e+18	9.1865e+03	1.421e-19	2.1544e+02	1.0183e+02	5.9589e-11	5.9719e-01	4.0281e-01	2.0372e-01	7.9445e-01	1.8307e-03	7.0347e-13	2.6408e-04	8.1782e-01	1.8185e-01	6.0986e-05	6.4635e-01	3.5168e-01	1.9657e-03	4.0665e-06	2.6105e-07	1.1755e-36	1.9438e-19	0.00e+00	0.00e+00	1.0983e+02
5.48122e+18	9.1386e+03	1.347e-19	2.1544e+02	9.8532e+01	6.3998e-11	6.1052e-01	3.8948e-01	2.1265e-01	7.8548e-01	1.8674e-03	7.3436e-13	2.5842e-04	8.2562e-01	1.7406e-01	5.6455e-05	6.5917e-01	3.3910e-01	1.7212e-03	3.8341e-06	2.2543e-07	1.1755e-36	2.0183e-19	0.00e+00	0.00e+00	1.1162e+02
5.48330e+18	9.0713e+03	1.287e-19	2.1544e+02	9.6079e+01	6.8572e-11	6.2181e-01	3.7819e-01	2.2165e-01	7.7646e-01	1.8875e-03	7.6252e-13	2.5473e-04	8.3281e-01	1.6688e-01	5.2838e-05	6.6998e-01	3.2848e-01	1.5365e-03	3.6470e-06	1.9896e-07	1.1755e-36	2.0832e-19	0.00e+00	0.00e+00	1.1331e+02
5.48537e+18	9.0188e+03	1.227e-19	2.1544e+02	9.3512e+01	7.2979e-11	6.3235e-01	3.6765e-01	2.3053e-01	7.6755e-01	1.9120e-03	7.8873e-13	2.5045e-04	8.3952e-01	1.6017e-01	4.9612e-05	6.8001e-01	3.1861e-01	1.3733e-03	3.4782e-06	1.7597e-07	1.1755e-36	2.1401e-19	0.00e+00	0.00e+00	1.1516e+02
5.48765e+18	8.9505e+03	1.162e-19	2.1544e+02	9.0629e+01	7.8633e-11	6.4485e-01	3.5515e-01	2.4080e-01	7.5726e-01	1.9399e-03	8.1940e-13	2.4541e-04	8.4678e-01	1.5292e-01	4.6315e-05	6.9184e-01	3.0695e-01	1.2076e-03	3.2864e-06	1.5287e-07	1.1755e-36	2.2050e-19	0.00e+00	0.00e+00	1.1729e+02
5.49002e+18	8.8753e+03	1.098e-19	2.1544e+02	8.7626e+01	8.5285e-11	6.5874e-01	3.4126e-01	2.5191e-01	7.4612e-01	1.9712e-03	8.5367e-13	2.3994e-04	8.5401e-01	1.4570e-01	4.3222e-05	7.0489e-01	2.9405e-01	1.0516e-03	3.0829e-06	1.3135e-07	1.1755e-36	2.2794e-19	0.00e+00	0.00e+00	1.1935e+02
5.49214e+18	8.8228e+03	1.041e-19	2.1544e+02	8.4837e+01	9.0865e-11	6.6991e-01	3.3009e-01	2.6175e-01	7.3624e-01	2.0056e-03	8.7948e-13	2.3429e-04	8.5996e-01	1.3976e-01	4.0837e-05	7.1533e-01	2.8373e-01	9.3229e-04	2.9253e-06	1.1755e-36	1.1755e-36	2.3229e-19	0.00e+00	0.00e+00	1.2112e+02
5.49411e+18	8.7496e+03	9.909e-20	2.1544e+02	8.2548e+01	9.7253e-11	6.8017e-01	3.1983e-01	2.7222e-01	7.2576e-01	2.0244e-03	9.0534e-13	2.3017e-04	8.6580e-01	1.3392e-01	3.8776e-05	7.2487e-01	2.7429e-01	8.3429e-04	2.7865e-06	1.1755e-36	1.1755e-36	2.3660e-19	0.00e+00	0.00e+00	1.2296e+02
5.49619e+18	8.6816e+03	9.384e-20	2.1544e+02	8.0005e+01	1.0411e-10	6.9094e-01	3.0906e-01	2.8328e-01	7.1467e-01	2.0507e-03	9.3126e-13	2.2512e-04	8.7160e-01	1.2814e-01	3.6801e-05	7.3484e-01	2.6441e-01	7.4062e-04	2.6453e-06	1.1755e-36	1.1755e-36	2.4031e-19	0.00e+00	0.00e+00	1.2500e+02
5.49839e+18	8.6112e+03	8.843e-20	2.1544e+02	7.7221e+01	1.1195e-10	7.0269e-01	2.9731e-01	2.9502e-01	7.0289e-01	2.0828e-03	9.5857e-13	2.1918e-04	8.7735e-01	1.2239e-01	3.4912e-05	7.4565e-01	2.5370e-01	6.5124e-04	2.4966e-06	1.1755e-36	1.1755e-36	2.4382e-19	0.00e+00	0.00e+00	1.2713e+02
5.50053e+18	8.5349e+03	8.340e-20	2.1544e+02	7.4577e+01	1.2057e-10	7.1421e-01	2.8579e-01	3.0707e-01	6.9081e-01	2.1128e-03	9.8550e-13	2.1362e-04	8.8276e-01	1.1698e-01	3.3257e-05	7.5620e-01	2.4323e-01	5.7417e-04	2.3562e-06	1.1755e-36	1.1755e-36	2.4696e-19	0.00e+00	0.00e+00	1.2913e+02
5.50251e+18	8.4710e+03	7.889e-20	2.1544e+02	7.2168e+01	1.2845e-10	7.2388e-01	2.7612e-01	3.1843e-01	6.7943e-01	2.1416e-03	1.0068e-12	2.0828e-04	8.8749e-01	1.1227e-01	3.1913e-05	7.6501e-01	2.3448e-01	5.1291e-04	2.2420e-06	1.1755e-36	1.1755e-36	2.4816e-19	0.00e+00	0.00e+00	1.3100e+02
5.50448e+18	8.3907e+03	7.461e-20	2.1544e+02	6.9893e+01	1.3781e-10	7.3344e-01	2.6656e-01	3.3066e-01	6.6718e-01	2.1626e-03	1.0285e-12	2.0329e-04	8.9223e-01	1.0753e-01	3.0683e-05	7.7368e-01	2.2586e-01	4.5864e-04	2.1329e-06	1.1755e-36	1.1755e-36	2.4898e-19	0.00e+00	0.00e+00	1.3303e+02
5.50657e+18	8.3053e+03	7.021e-20	2.1544e+02	6.7472e+01	1.4878e-10	7.4407e-01	2.5593e-01	3.4400e-01	6.5381e-01	2.1863e-03	1.0529e-12	1.9795e-04	8.9703e-01	1.0274e-01	2.9479e-05	7.8328e-01	2.1631e-01	4.0610e-04	2.0150e-06	1.1755e-36	1.1755e-36	2.5022e-19	0.00e+00	0.00e+00	1.3520e+02
5.50864e+18	8.2246e+03	6.600e-20	2.1544e+02	6.4977e+01	1.6024e-10	7.5437e-01	2.4563e-01	3.5705e-01	6.4073e-01	2.2170e-03	1.0742e-12	1.9209e-04	9.0137e-01	9.8411e-02	2.8422e-05	7.9253e-01	2.0711e-01	3.6030e-04	1.9043e-06	1.1755e-36	1.1755e-36	2.4983e-19	0.00e+00	0.00e+00	1.3726e+02
5.51059e+18	8.1500e+03	6.223e-20	2.1544e+02	6.2741e+01	1.7143e-10	7.6326e-01	2.3674e-01	3.6971e-01	6.2805e-01	2.2422e-03	1.0920e-12	1.8674e-04	9.0525e-01	9.4530e-02	2.7545e-05	8.0048e-01	1.9919e-01	3.2330e-04	1.8113e-06	1.1755e-36	1.1755e-36	2.4844e-19	0.00e+00	0.00e+00	1.3921e+02
5.51252e+18	8.0593e+03	5.866e-20	2.1544e+02	6.0609e+01	1.8486e-10	7.7201e-01	2.2799e-01	3.8324e-01	6.1450e-01	2.2601e-03	1.1097e-12	1.8165e-04	9.0911e-01	9.0678e-02	2.6747e-05	8.0828e-01	1.9142e-01	2.9063e-04	1.7224e-06	1.1755e-36	1.1755e-36	2.4657e-19	0.00e+00	0.00e+00	1.4130e+02
5.51454e+18	7.9674e+03	5.505e-20	2.1544e+02	5.8352e+01	2.0003e-10	7.8132e-01	2.1868e-01	3.9748e-01	6.0023e-01	2.2821e-03	1.1279e-12	1.7615e-04	9.1288e-01	8.6914e-02	2.5982e-05	8.1654e-01	1.8319e-01	2.5982e-04	1.6302e-06	1.1755e-36	1.1755e-36	2.4429e-19	0.00e+00	0.00e+00	1.4350e+02
5.51657e+18	7.8870e+03	5.160e-20	2.1544e+02	5.6104e+01	2.1513e-10	7.9031e-01	2.0969e-01	4.1157e-01	5.8612e-01	2.3090e-03	1.1443e-12	1.7052e-04	9.1631e-01	8.3495e-02	2.5298e-05	8.2449e-01	1.7528e-01	2.3275e-04	1.5432e-06	1.1755e-36	1.1755e-36	2.4126e-19	0.00e+00	0.00e+00	1.4563e+02
5.51851e+18	7.7899e+03	4.848e-20	2.1544e+02	5.4038e+01	2.3324e-10	7.9869e-01	2.0131e-01	4.2589e-01	5.7178e-01	2.3260e-03	1.1595e-12	1.6534e-04	9.1952e-01	8.0285e-02	2.4712e-05	8.3187e-01	1.6792e-01	2.1020e-04	1.4644e-06	1.1755e-36	1.1755e-36	2.3775e-19	0.00e+00	0.00e+00	1.4770e+02
5.52042e+18	7.6844e+03	4.559e-20	2.1544e+02	5.2100e+01	2.5418e-10	8.0676e-01	1.9324e-01	4.4063e-01	5.5703e-01	2.3349e-03	1.1750e-12	1.6053e-04	9.2259e-01	7.7223e-02	2.4191e-05	8.3895e-01	1.6086e-01	1.9069e-04	1.3903e-06	1.1755e-36	1.1755e-36	2.3432e-19	0.00e+00	0.00e+00	1.4978e+02
5.52233e+18	7.5819e+03	4.280e-20	2.1544e+02	5.0152e+01	2.7671e-10	8.1453e-01	1.8547e-01	4.5540e-01	5.4225e-01	2.3468e-03	1.1882e-12	1.5553e-04	9.2542e-01	7.4395e-02	2.3721e-05	8.4575e-01	1.5408e-01	1.7346e-04	1.3205e-06	1.1755e-36	1.1755e-36	2.2989e-19	0.00e+00	0.00e+00	1.5191e+02
5.52425e+18	7.4750e+03	4.014e-20	2.1544e+02	4.8235e+01	3.0248e-10	8.2228e-01	1.7772e-01	4.7062e-01	5.2702e-01	2.3559e-03	1.2015e-12	1.5055e-04	9.2812e-01	7.1702e-02	2.3291e-05	8.5251e-01	1.4734e-01	1.5807e-04	1.2523e-06	1.1755e-36	1.1755e-36	2.2533e-19	0.00e+00	0.00e+00	1.5407e+02
5.52618e+18	7.3624e+03	3.761e-20	2.1544e+02	4.6328e+01	3.3223e-10	8.2979e-01	1.7021e-01	4.8588e-01	5.1176e-01	2.3651e-03	1.2134e-12	1.4552e-04	9.3060e-01	6.9227e-02	2.2907e-05	8.5903e-01	1.4082e-01	1.4464e-04	1.1876e-06	1.1755e-36	1.1755e-36	2.2005e-19	0.00e+00	0.00e+00	1.5623e+02
5.52806e+18	7.2477e+03	3.528e-20	2.1544e+02	4.4540e+01	3.6568e-10	8.3689e-01	1.6311e-01	5.0117e-01	4.9646e-01	2.3685e-03	1.2249e-12	1.4078e-04	9.3289e-01	6.6945e-02	2.2570e-05	8.6518e-01	1.3469e-01	1.3316e-04	1.1278e-06	1.1755e-36	1.1755e-36	2.1491e-19	0.00e+00	0.00e+00	1.5834e+02
5.52991e+18	7.1217e+03	3.311e-20	2.1544e+02	4.2789e+01	4.0586e-10	8.4352e-01	1.5648e-01	5.1643e-01	4.8120e-01	2.3687e-03	1.2340e-12	1.3614e-04	9.3499e-01	6.4849e-02	2.2279e-05	8.7092e-01	1.2896e-01	1.2340e-04	1.0729e-06	1.1755e-36	1.1755e-36	2.0889e-19	0.00e+00	0.00e+00	1.6046e+02
5.53173e+18	6.9990e+03	3.109e-20	2.1544e+02	4.1131e+01	4.5051e-10	8.4994e-01	1.5006e-01	5.3166e-01	4.6597e-01	2.3656e-03	1.2441e-12	1.3166e-04	9.3691e-01	6.2931e-02	2.2019e-05	8.7645e-01	1.2344e-01	1.1487e-04	1.0207e-06	1.1755e-36	1.1755e-36	2.0355e-19	0.00e+00	0.00e+00	1.6254e+02
5.53353e+18	6.8722e+03	2.920e-20	2.1544e+02	3.9548e+01	5.0252e-10	8.5603e-01	1.4397e-01	5.4691e-01	4.5074e-01	2.3577e-03	1.2540e-12	1.2736e-04	9.3869e-01	6.1164e-02	2.1790e-05	8.8169e-01	1.1821e-01	1.0753e-04	9.7199e-07	1.1755e-36	1.1755e-36	1.9842e-19	0.00e+00	0.00e+00	1.6463e+02
5.53532e+18	6.7430e+03	2.743e-20	2.1544e+02	3.7980e+01	5.6308e-10	8.6181e-01	1.3819e-01	5.6197e-01	4.3568e-01	2.3500e-03	1.2632e-12	1.2299e-04	9.4028e-01	5.9574e-02	2.1589e-05	8.8664e-01	1.1325e-01	1.0116e-04	9.2652e-07	1.1755e-36	1.1755e-36	1.9318e-19	0.00e+00	0.00e+00	1.6673e+02
5.53708e+18	6.6093e+03	2.579e-20	2.1544e+02	3.6516e+01	6.3476e-10	8.6749e-01	1.3251e-01	5.7709e-01	4.2058e-01	2.3349e-03	1.2742e-12	1.1898e-04	9.4175e-01	5.8113e-02	2.1409e-05	8.9151e-01	1.0840e-01	9.5631e-05	8.8244e-07	1.1755e-36	1.1755e-36	1.8895e-19	0.00e+00	0.00e+00	1.6878e+02
5.53882e+18	6.4760e+03	2.426e-20	2.1544e+02	3.5090e+01	7.1728e-10	8.7264e-01	1.2736e-01	5.9182e-01	4.0586e-01	2.3198e-03	1.2839e-12	1.1496e-04	9.4304e-01	5.6823e-02	2.1258e-05	8.9591e-01	1.0400e-01	9.0963e-05	8.4308e-07	1.1755e-36	1.1755e-36	1.8467e-19	0.00e+00	0.00e+00	1.7083e+02
5.54053e+18	6.3436e+03	2.283e-20	2.1544e+02	3.3749e+01	8.1280e-10	8.7768e-01	1.2232e-01	6.0653e-01	3.9117e-01	2.2993e-03	1.2962e-12	1.1120e-04	9.4422e-01	5.5648e-02	2.1121e-05	9.0020e-01	9.9708e-02	8.6867e-05	8.0500e-07	1.1755e-36	1.1755e-36	1.8167e-19	0.00e+00	0.00e+00	1.7286e+02
5.54224e+18	6.2044e+03	2.149e-20	2.1544e+02	3.2417e+01	9.2955e-10	8.8241e-01	1.1759e-01	6.2101e-01	3.7671e-01	2.2782e-03	1.3086e-12	1.0736e-04	9.4525e-01	5.4616e-02	2.1006e-05	9.0423e-01	9.5688e-02	8.3384e-05	7.6979e-07	1.1755e-36	1.1755e-36	1.7900e-19	0.00e+00	0.00e+00	1.7492e+02
5.54393e+18	6.0570e+03	2.025e-20	2.1544e+02	3.1171e+01	1.0750e-09	8.8717e-01	1.1283e-01	6.3559e-01	3.6217e-01	2.2479e-03	1.3250e-12	1.0389e-04	9.4620e-01	5.3677e-02	2.0905e-05	9.0828e-01	9.1643e-02	8.0363e-05	7.3474e-07	1.1755e-36	1.1755e-36	1.7821e-19	0.00e+00	0.00e+00	1.7694e+02
5.54560e+18	5.9097e+03	1.910e-20	2.1544e+02	2.9970e+01	1.2485e-09	8.9152e-01	1.0848e-01	6.4988e-01	3.4791e-01	2.2156e-03	1.3433e-12	1.0047e-04	9.4701e-01	5.2866e-02	2.0823e-05	9.1197e-01	8.7950e-02	7.7842e-05	7.0308e-07	1.1755e-36	1.1755e-36	1.7866e-19	0.00e+00	0.00e+00	1.7896e+02
5.54727e+18	5.7595e+03	1.801e-20	2.1544e+02	2.8803e+01	1.4607e-09	8.9573e-01	1.0427e-01	6.6403e-01	3.3379e-01	2.1806e-03	1.3656e-12	9.7123e-05	9.4771e-01	5.2172e-02	2.0755e-05	9.1554e-01	8.4384e-02	7.5684e-05	6.7279e-07	1.1755e-36	1.1755e-36	1.8105e-19	0.00e+00	0.00e+00	1.8099e+02
5.54893e+18	5.6072e+03	1.700e-20	2.1544e+02	2.7682e+01	1.7204e-09	8.9975e-01	1.0025e-01	6.7791e-01	3.1995e-01	2.1425e-03	1.3929e-12	9.3897e-05	9.4829e-01	5.1597e-02	2.0699e-05	9.1894e-01	8.0984e-02	7.3875e-05	6.4416e-07	1.1755e-36	1.1755e-36	1.8597e-19	0.00e+00	0.00e+00	1.8301e+02
5.55057e+18	5.4531e+03	1.606e-20	2.1544e+02	2.6617e+01	2.0383e-09	9.0354e-01	9.6463e-02	6.9149e-01	3.0641e-01	2.1008e-03	1.4266e-12	9.0830e-05	9.4876e-01	5.1130e-02	2.0657e-05	9.2215e-01	7.7781e-02	7.2395e-05	6.1745e-07	1.1755e-36	1.1755e-36	1.9414e-19	0.00e+00	0.00e+00	1.8501e+02
5.55219e+18	5.2968e+03	1.519e-20	2.1544e+02	2.5597e+01	2.4301e-09	9.0713e-01	9.2866e-02	7.0484e-01	2.9310e-01	2.0555e-03	1.4687e-12	8.7897e-05	9.4913e-01	5.0764e-02	2.0628e-05	9.2519e-01	7.4740e-02	7.1193e-05	5.9230e-07	1.1755e-36	1.1755e-36	2.0660e-19	0.00e+00	0.00e+00	1.8701e+02
5.55382e+18	5.1378e+03	1.436e-20	2.1544e+02	2.4609e+01	2.9138e-09	9.1060e-01	8.9402e-02	7.1797e-01	2.8002e-01	2.0075e-03	1.5218e-12	8.5059e-05	9.4939e-01	5.0502e-02	2.0609e-05	9.2812e-01	7.1813e-02	7.0225e-05	5.6829e-07	1.1755e-36	1.1755e-36	2.2468e-19	0.00e+00	0.00e+00	1.8903e+02
5.55543e+18	4.9747e+03	1.361e-20	2.1544e+02	2.3662e+01	3.5090e-09	9.1390e-01	8.6101e-02	7.3064e-01	2.6741e-01	1.9573e-03	1.5844e-12	8.2362e-05	9.4961e-01	5.0281e-02	2.0602e-05	9.3091e-01	6.9024e-02	6.9508e-05	5.4561e-07	1.1755e-36	1.1755e-36	2.4832e-19	0.00e+00	0.00e+00	1.9100e+02
5.55694e+18	4.8227e+03	1.294e-20	2.1544e+02	2.2823e+01	4.1442e-09	9.1681e-01	8.3193e-02	7.4233e-01	2.5576e-01	1.9065e-03	1.6300e-12	8.0028e-05	9.5020e-01	4.9700e-02	2.0601e-05	9.3336e-01	6.6567e-02	6.9011e-05	5.2579e-07	1.1755e-36	1.1755e-36	2.6500e-19	0.00e+00	0.00e+00	1.9281e+02
5.55836e+18	4.6662e+03	1.237e-20	2.1544e+02	2.2063e+01	4.8947e-09	9.1935e-01	8.0648e-02	7.5334e-01	2.4481e-01	1.8516e-03	1.6760e-12	7.7992e-05	9.5077e-01	4.9128e-02	2.0617e-05	9.3553e-01	6.4404e-02	6.8786e-05	5.0861e-07	1.1755e-36	1.1755e-36	2.8378e-19	0.00e+00	0.00e+00	1.9453e+02
5.55966e+18	4.5313e+03	1.187e-20	2.1544e+02	2.1411e+01	5.6177e-09	9.2157e-01	7.8429e-02	7.6318e-01	2.3502e-01	1.8004e-03	1.7159e-12	7.6260e-05	9.5125e-01	4.8653e-02	2.0633e-05	9.3741e-01	6.2523e-02	6.8636e-05	4.9370e-07	1.1755e-36	1.1755e-36	3.0061e-19	0.00e+00	0.00e+00	1.9607e+02
5.56090e+18	4.3973e+03	1.141e-20	2.1544e+02	2.0811e+01	6.3874e-09	9.2355e-01	7.6455e-02	7.7257e-01	2.2568e-01	1.7474e-03	1.7519e-12	7.4723e-05	9.5174e-01	4.8165e-02	2.0659e-05	9.3909e-01	6.0843e-02	6.8624e-05	4.8053e-07	1.1755e-36	1.1755e-36	3.1639e-19	0.00e+00	0.00e+00	1.9763e+02
5.56213e+18	4.2691e+03	1.098e-20	2.1544e+02	2.0221e+01	7.1463e-09	9.2550e-01	7.4499e-02	7.8145e-01	2.1685e-01	1.6981e-03	1.7818e-12	7.3203e-05	9.5217e-01	4.7739e-02	2.0685e-05	9.4075e-01	5.9183e-02	6.8645e-05	4.6752e-07	1.1755e-36	1.1755e-36	3.2881e-19	0.00e+00	0.00e+00	1.9917e+02
5.56335e+18	4.1393e+03	1.058e-20	2.1544e+02	1.9647e+01	7.9014e-09	9.2743e-01	7.2575e-02	7.9006e-01	2.0829e-01	1.6486e-03	1.8041e-12	7.1770e-05	9.5258e-01	4.7327e-02	2.0716e-05	9.4238e-01	5.7547e-02	6.8748e-05	4.5478e-07	1.1755e-36	1.1755e-36	3.3692e-19	0.00e+00	0.00e+00	2.0072e+02
5.56455e+18	4.0157e+03	1.020e-20	2.1544e+02	1.9103e+01	8.5729e-09	9.2925e-01	7.0746e-02	7.9813e-01	2.0027e-01	1.6014e-03	1.8169e-12	7.0435e-05	9.5294e-01	4.6966e-02	2.0750e-05	9.4394e-01	5.5994e-02	6.8891e-05	4.4272e-07	1.1755e-36	1.1755e-36	3.3916e-19	0.00e+00	0.00e+00	2.0219e+02
5.56570e+18	3.8924e+03	9.856e-21	2.1544e+02	1.8593e+01	9.1658e-09	9.3096e-01	6.9038e-02	8.0583e-01	1.9261e-01	1.5536e-03	1.8196e-12	6.9249e-05	9.5330e-01	4.6609e-02	2.0789e-05	9.4539e-01	5.4538e-02	6.9117e-05	4.3151e-07	1.1755e-36	1.1755e-36	3.3531e-19	0.00e+00	0.00e+00	2.0364e+02
###########################
3.32844e+14	1.1748e+04	3.567e-19	2.1544e+02	2.5137e+02	3.9747e-17	7.7402e-04	9.9923e-01	6.2177e-05	7.4955e-02	9.2498e-01	1.5486e-23	5.8958e-07	3.5366e-03	2.2797e-01	4.2264e-01	4.3624e-07	8.9128e-04	1.2433e-01	6.9172e-01	1.7258e-01	1.0193e-02	1.1771e-30	0.00e+00	0.00e+00	7.0074e-04
1.99707e+15	1.1730e+04	3.562e-19	2.1544e+02	2.5129e+02	3.8725e-17	7.7302e-04	9.9923e-01	6.2131e-05	7.4973e-02	9.2496e-01	1.4959e-23	4.4934e-07	3.5326e-03	2.2793e-01	4.2333e-01	4.3493e-07	8.9002e-04	1.2466e-01	6.9176e-01	1.7226e-01	1.0162e-02	1.1059e-30	0.00e+00	0.00e+00	3.5001e-03
8.65395e+15	1.1683e+04	3.552e-19	2.1544e+02	2.5127e+02	3.9608e-17	7.7122e-04	9.9923e-01	6.2312e-05	7.5283e-02	9.2465e-01	1.5131e-23	4.6569e-07	3.5493e-03	2.2957e-01	4.2474e-01	4.3336e-07	8.8950e-04	1.2609e-01	6.9178e-01	1.7093e-01	1.0040e-02	1.1253e-30	0.00e+00	0.00e+00	1.4671e-02
3.52815e+16	1.1560e+04	3.528e-19	2.1544e+02	2.5124e+02	4.0550e-17	7.6638e-04	9.9923e-01	6.3270e-05	7.6985e-02	9.2295e-01	1.5188e-23	4.8427e-07	3.6138e-03	2.3600e-01	4.2874e-01	4.3059e-07	8.9156e-04	1.3171e-01	6.9135e-01	1.6614e-01	9.6486e-03	1.1031e-30	0.00e+00	0.00e+00	5.9076e-02
8.42762e+16	1.1122e+04	3.440e-19	2.1544e+02	2.5122e+02	4.2145e-17	7.3959e-04	9.9926e-01	6.3349e-05	7.7941e-02	9.2200e-01	1.3639e-23	4.5603e-07	3.6833e-03	2.4508e-01	4.3674e-01	4.0277e-07	8.7036e-04	1.4033e-01	6.9192e-01	1.5754e-01	9.0968e-03	9.1808e-31	0.00e+00	0.00e+00	1.1478e-01
1.33031e+17	1.0722e+04	3.367e-19	2.1544e+02	2.5120e+02	4.2886e-17	7.1009e-04	9.9929e-01	6.3144e-05	7.9042e-02	9.2090e-01	1.1733e-23	4.3180e-07	3.7230e-03	2.5380e-01	4.4301e-01	3.7013e-07	8.4065e-04	1.4812e-01	6.9215e-01	1.5001e-01	8.6463e-03	7.3154e-31	0.00e+00	0.00e+00	1.5546e-01
1.71034e+17	1.0507e+04	3.331e-19	2.1544e+02	2.5117e+02	4.2998e-17	6.9239e-04	9.9931e-01	6.3690e-05	8.0839e-02	9.1910e-01	1.0795e-23	4.2621e-07	3.7666e-03	2.6133e-01	4.4661e-01	3.5476e-07	8.3109e-04	1.5473e-01	6.9127e-01	1.4464e-01	8.3083e-03	6.4015e-31	0.00e+00	0.00e+00	1.8737e-01
2.10000e+17	1.0380e+04	3.312e-19	2.1544e+02	2.5111e+02	4.3357e-17	6.8353e-04	9.9932e-01	6.5620e-05	8.3967e-02	9.1597e-01	1.0760e-23	4.3794e-07	3.8602e-03	2.7057e-01	4.4929e-01	3.5648e-07	8.4804e-04	1.6294e-01	6.8895e-01	1.3914e-01	7.9200e-03	6.1183e-31	0.00e+00	0.00e+00	2.2832e-01
2.60655e+17	1.0259e+04	3.291e-19	2.1544e+02	2.5103e+02	4.3356e-17	6.7307e-04	9.9933e-01	6.8574e-05	8.8698e-02	9.1123e-01	1.0811e-23	4.5774e-07	3.9860e-03	2.8296e-01	4.5202e-01	3.6207e-07	8.7675e-04	1.7454e-01	6.8481e-01	1.3215e-01	7.4314e-03	5.8346e-31	0.00e+00	0.00e+00	2.8073e-01
3.26507e+17	1.0140e+04	3.274e-19	2.1544e+02	2.5091e+02	4.3208e-17	6.6189e-04	9.9934e-01	7.3523e-05	9.6221e-02	9.0371e-01	1.1182e-23	4.9290e-07	4.1721e-03	3.0020e-01	4.5433e-01	3.7664e-07	9.2900e-04	1.9161e-01	6.7737e-01	1.2310e-01	6.8078e-03	5.6585e-31	0.00e+00	0.00e+00	3.4774e-01
4.12114e+17	1.0095e+04	3.251e-19	2.1544e+02	2.5066e+02	4.1439e-17	6.4758e-04	9.9935e-01	8.1386e-05	1.0831e-01	8.9161e-01	1.1826e-23	5.4485e-07	4.4130e-03	3.2304e-01	4.5571e-01	4.0350e-07	1.0165e-03	2.1742e-01	6.6376e-01	1.1161e-01	6.0350e-03	5.5526e-31	0.00e+00	0.00e+00	4.3297e-01
5.23404e+17	1.0122e+04	3.235e-19	2.1544e+02	2.5029e+02	3.8648e-17	6.3282e-04	9.9937e-01	9.5923e-05	1.2982e-01	8.7008e-01	1.3417e-23	6.3577e-07	4.7739e-03	3.5507e-01	4.5467e-01	4.6003e-07	1.1804e-03	2.5935e-01	6.3795e-01	9.6340e-02	5.0462e-03	5.7628e-31	0.00e+00	0.00e+00	5.4124e-01
6.32071e+17	1.0251e+04	3.229e-19	2.1544e+02	2.4973e+02	3.3140e-17	6.0664e-04	9.9939e-01	1.1492e-04	1.6040e-01	8.3948e-01	1.3970e-23	7.2177e-07	5.0599e-03	3.8712e-01	4.5088e-01	5.1249e-07	1.3656e-03	3.1216e-01	6.0090e-01	8.1316e-02	4.1526e-03	5.5092e-31	0.00e+00	0.00e+00	6.1675e-01
7.08905e+17	1.0415e+04	3.238e-19	2.1544e+02	2.4913e+02	2.9249e-17	5.9076e-04	9.9941e-01	1.3565e-04	1.9264e-01	8.0722e-01	1.5083e-23	8.0272e-07	5.3052e-03	4.1154e-01	4.4673e-01	5.7669e-07	1.5668e-03	3.6151e-01	5.6356e-01	6.9775e-02	3.4939e-03	5.6205e-31	0.00e+00	0.00e+00	6.6668e-01
7.65858e+17	1.0562e+04	3.252e-19	2.1544e+02	2.4853e+02	2.7019e-17	5.8320e-04	9.9942e-01	1.5669e-04	2.2448e-01	7.7537e-01	1.6626e-23	8.7777e-07	5.5156e-03	4.3037e-01	4.4317e-01	6.4546e-07	1.7642e-03	4.0588e-01	5.2863e-01	6.0658e-02	2.9862e-03	5.9987e-31	0.00e+00	0.00e+00	7.0774e-01
8.16875e+17	1.0695e+04	3.265e-19	2.1544e+02	2.4787e+02	2.5459e-17	5.7972e-04	9.9942e-01	1.8110e-04	2.6014e-01	7.3968e-01	1.8705e-23	9.5781e-07	5.7367e-03	4.4744e-01	4.3971e-01	7.2982e-07	1.9911e-03	4.5143e-01	4.9175e-01	5.2236e-02	2.5293e-03	6.5626e-31	0.00e+00	0.00e+00	7.4737e-01
8.66050e+17	1.0819e+04	3.278e-19	2.1544e+02	2.4716e+02	2.4305e-17	5.7847e-04	9.9942e-01	2.1091e-04	3.0257e-01	6.9722e-01	2.1327e-23	1.0447e-06	5.9701e-03	4.6377e-01	4.3621e-01	8.3254e-07	2.2572e-03	5.0054e-01	4.5098e-01	4.4071e-02	2.0996e-03	7.3100e-31	0.00e+00	0.00e+00	7.8519e-01
9.12032e+17	1.0936e+04	3.284e-19	2.1544e+02	2.4645e+02	2.3372e-17	5.7831e-04	9.9942e-01	2.4521e-04	3.5065e-01	6.4911e-01	2.4222e-23	1.1310e-06	6.1941e-03	4.7854e-01	4.3298e-01	9.4721e-07	2.5478e-03	5.5070e-01	4.0842e-01	3.6570e-02	1.7166e-03	8.1541e-31	0.00e+00	0.00e+00	8.1971e-01
9.54279e+17	1.0996e+04	3.284e-19	2.1544e+02	2.4523e+02	2.3122e-17	5.8086e-04	9.9942e-01	2.8133e-04	4.0240e-01	5.9732e-01	2.7068e-23	1.2125e-06	6.3859e-03	4.9170e-01	4.3002e-01	1.0613e-06	2.8258e-03	5.9933e-01	3.6641e-01	2.9996e-02	1.3918e-03	9.0116e-31	0.00e+00	0.00e+00	8.5179e-01
1.00098e+18	1.1021e+04	3.262e-19	2.1544e+02	2.4400e+02	2.3684e-17	5.8918e-04	9.9941e-01	3.2981e-04	4.6706e-01	5.3261e-01	3.2038e-23	1.3211e-06	6.6568e-03	5.0608e-01	4.2646e-01	1.2304e-06	3.2050e-03	6.5463e-01	3.1788e-01	2.3200e-02	1.0626e-03	1.0592e-30	0.00e+00	0.00e+00	8.9409e-01
1.04970e+18	1.1005e+04	3.224e-19	2.1544e+02	2.4272e+02	2.4581e-17	5.9860e-04	9.9940e-01	3.8521e-04	5.4048e-01	4.5913e-01	3.7004e-23	1.4269e-06	6.9046e-03	5.1964e-01	4.2275e-01	1.4065e-06	3.5868e-03	7.0998e-01	2.6839e-01	1.7239e-02	7.8296e-04	1.2206e-30	0.00e+00	0.00e+00	9.3044e-01
1.09195e+18	1.0938e+04	3.164e-19	2.1544e+02	2.4149e+02	2.6025e-17	6.1025e-04	9.9939e-01	4.3652e-04	6.0574e-01	3.9383e-01	4.2137e-23	1.5236e-06	7.1346e-03	5.3069e-01	4.1930e-01	1.5792e-06	3.9346e-03	7.5482e-01	2.2770e-01	1.2948e-02	5.8632e-04	1.3845e-30	0.00e+00	0.00e+00	9.6350e-01
1.13776e+18	1.0805e+04	3.076e-19	2.1544e+02	2.4024e+02	2.8749e-17	6.2826e-04	9.9937e-01	4.9357e-04	6.7306e-01	3.2644e-01	4.9471e-23	1.6402e-06	7.4166e-03	5.4227e-01	4.1485e-01	1.7918e-06	4.3212e-03	7.9804e-01	1.8793e-01	9.2689e-03	4.2039e-04	1.6224e-30	0.00e+00	0.00e+00	1.0078e+00
1.18934e+18	1.0623e+04	2.966e-19	2.1544e+02	2.3902e+02	3.2489e-17	6.4945e-04	9.9935e-01	5.5228e-04	7.3903e-01	2.6042e-01	5.7819e-23	1.7628e-06	7.7105e-03	5.5374e-01	4.0961e-01	2.0214e-06	4.7057e-03	8.3753e-01	1.5108e-01	6.3746e-03	2.9205e-04	1.8913e-30	0.00e+00	0.00e+00	1.0531e+00
1.24007e+18	1.0424e+04	2.852e-19	2.1544e+02	2.3800e+02	3.7066e-17	6.7211e-04	9.9933e-01	6.0363e-04	7.9236e-01	2.0703e-01	6.6754e-23	1.8811e-06	7.9939e-03	5.6389e-01	4.0413e-01	2.2446e-06	5.0436e-03	8.6817e-01	1.2212e-01	4.4519e-03	2.0730e-04	2.1771e-30	0.00e+00	0.00e+00	1.0989e+00
1.29769e+18	1.0196e+04	2.730e-19	2.1544e+02	2.3710e+02	4.3471e-17	7.0064e-04	9.9930e-01	6.5509e-04	8.3974e-01	1.5960e-01	7.8639e-23	2.0197e-06	8.3231e-03	5.7442e-01	3.9754e-01	2.5050e-06	5.3935e-03	8.9492e-01	9.6507e-02	3.0281e-03	1.4399e-04	2.5572e-30	0.00e+00	0.00e+00	1.1610e+00
1.37258e+18	9.9382e+03	2.597e-19	2.1544e+02	2.3629e+02	5.2667e-17	7.3748e-04	9.9926e-01	7.0901e-04	8.8333e-01	1.1596e-01	9.4806e-23	2.1884e-06	8.7142e-03	5.8597e-01	3.8940e-01	2.8239e-06	5.7695e-03	9.1937e-01	7.2796e-02	1.9680e-03	9.5486e-05	3.0772e-30	0.00e+00	0.00e+00	1.2459e+00
1.45498e+18	9.7214e+03	2.487e-19	2.1544e+02	2.3568e+02	6.2455e-17	7.7486e-04	9.9923e-01	7.5252e-04	9.1461e-01	8.4640e-02	1.1102e-22	2.3480e-06	9.0692e-03	5.9597e-01	3.8171e-01	3.1332e-06	6.0858e-03	9.3699e-01	5.5491e-02	1.3635e-03	6.6118e-05	3.5943e-30	0.00e+00	0.00e+00	1.3303e+00
1.54712e+18	9.5377e+03	2.396e-19	2.1544e+02	2.3522e+02	7.4554e-17	8.1849e-04	9.9918e-01	7.9231e-04	9.3773e-01	6.1478e-02	1.3235e-22	2.5264e-06	9.4478e-03	6.0547e-01	3.7385e-01	3.4864e-06	6.3937e-03	9.5040e-01	4.2160e-02	1.0003e-03	4.6624e-05	4.3150e-30	0.00e+00	0.00e+00	1.4463e+00
1.66690e+18	9.3848e+03	2.320e-19	2.1544e+02	2.3486e+02	8.9939e-17	8.7482e-04	9.9913e-01	8.3213e-04	9.5628e-01	4.2886e-02	1.6129e-22	2.7418e-06	9.8765e-03	6.1537e-01	3.6519e-01	3.9327e-06	6.7165e-03	9.6148e-01	3.0997e-02	7.6826e-04	3.2250e-05	5.3336e-30	0.00e+00	0.00e+00	1.6074e+00
1.82134e+18	9.2855e+03	2.269e-19	2.1544e+02	2.3459e+02	1.0999e-16	9.4971e-04	9.9905e-01	8.7217e-04	9.7012e-01	2.9007e-02	2.0392e-22	3.0075e-06	1.0365e-02	6.2556e-01	3.5583e-01	4.5245e-06	7.0622e-03	9.7006e-01	2.2221e-02	6.3269e-04	2.2020e-05	6.9687e-30	0.00e+00	0.00e+00	1.8314e+00
2.00347e+18	9.2677e+03	2.250e-19	2.1544e+02	2.3440e+02	1.3349e-16	1.0447e-03	9.9896e-01	9.0961e-04	9.7922e-01	1.9870e-02	2.6346e-22	3.3135e-06	1.0877e-02	6.3519e-01	3.4666e-01	5.2867e-06	7.4181e-03	9.7588e-01	1.6121e-02	5.6278e-04	1.5358e-05	9.4828e-30	0.00e+00	0.00e+00	2.1025e+00
2.20382e+18	9.3235e+03	2.263e-19	2.1544e+02	2.3426e+02	1.6179e-16	1.1649e-03	9.9884e-01	9.4756e-04	9.8498e-01	1.4075e-02	3.5226e-22	3.6745e-06	1.1439e-02	6.4450e-01	3.3749e-01	6.2991e-06	7.8073e-03	9.7963e-01	1.2017e-02	5.2669e-04	1.1030e-05	1.3594e-29	0.00e+00	0.00e+00	2.4350e+00
2.42420e+18	9.4476e+03	2.305e-19	2.1544e+02	2.3415e+02	1.9893e-16	1.3226e-03	9.9868e-01	9.9032e-04	9.8876e-01	1.0254e-02	4.9789e-22	4.1180e-06	1.2097e-02	6.5421e-01	3.2771e-01	7.7318e-06	8.2728e-03	9.8206e-01	9.1443e-03	5.0653e-04	8.0581e-06	2.1065e-29	0.00e+00	0.00e+00	2.8503e+00
2.66662e+18	9.6362e+03	2.376e-19	2.1544e+02	2.3406e+02	2.5132e-16	1.5374e-03	9.9846e-01	1.0419e-03	9.9131e-01	7.6493e-03	7.5968e-22	4.6908e-06	1.2925e-02	6.6515e-01	3.1646e-01	9.9057e-06	8.8830e-03	9.8356e-01	7.0505e-03	4.9437e-04	5.9207e-06	3.5979e-29	0.00e+00	0.00e+00	3.3813e+00
2.91092e+18	9.8754e+03	2.473e-19	2.1544e+02	2.3396e+02	3.2286e-16	1.8160e-03	9.9818e-01	1.1017e-03	9.9292e-01	5.9775e-03	1.2253e-21	5.3856e-06	1.3915e-02	6.7698e-01	3.0410e-01	1.3138e-05	9.6718e-03	9.8421e-01	5.6138e-03	4.8744e-04	4.4578e-06	6.5730e-29	0.00e+00	0.00e+00	3.9608e+00
3.12533e+18	1.0117e+04	2.577e-19	2.1544e+02	2.3387e+02	4.1166e-16	2.1332e-03	9.9787e-01	1.1665e-03	9.9386e-01	4.9732e-03	1.9813e-21	6.1419e-06	1.4999e-02	6.8879e-01	2.9160e-01	1.7442e-05	1.0594e-02	9.8422e-01	4.6787e-03	4.8350e-04	3.5075e-06	1.1944e-28	0.00e+00	0.00e+00	4.5241e+00
3.30580e+18	1.0328e+04	2.675e-19	2.1544e+02	2.3379e+02	5.1621e-16	2.4687e-03	9.9753e-01	1.2330e-03	9.9443e-01	4.3325e-03	3.1270e-21	6.9321e-06	1.6146e-02	7.0036e-01	2.7921e-01	2.2787e-05	1.1613e-02	9.8385e-01	4.0302e-03	4.8063e-04	2.8592e-06	2.0793e-28	0.00e+00	0.00e+00	5.0840e+00
3.46871e+18	1.0521e+04	2.768e-19	2.1544e+02	2.3370e+02	6.4496e-16	2.8378e-03	9.9716e-01	1.3076e-03	9.9483e-01	3.8584e-03	4.9286e-21	7.7999e-06	1.7422e-02	7.1227e-01	2.6633e-01	2.9680e-05	1.2783e-02	9.8319e-01	3.5119e-03	4.7799e-04	2.3599e-06	3.5751e-28	0.00e+00	0.00e+00	5.6978e+00
3.65161e+18	1.0727e+04	2.874e-19	2.1544e+02	2.3359e+02	8.4580e-16	3.3393e-03	9.9666e-01	1.4106e-03	9.9519e-01	3.3959e-03	8.6172e-21	8.9989e-06	1.9199e-02	7.2756e-01	2.4963e-01	4.0852e-05	1.4452e-02	9.8205e-01	2.9767e-03	4.7434e-04	1.8759e-06	6.8522e-28	0.00e+00	0.00e+00	6.6368e+00
3.79899e+18	1.0921e+04	2.979e-19	2.1544e+02	2.3346e+02	1.0783e-15	3.8832e-03	9.9612e-01	1.5143e-03	9.9537e-01	3.1200e-03	1.4364e-20	1.0205e-05	2.0989e-02	7.4088e-01	2.3482e-01	5.5499e-05	1.6378e-02	9.8045e-01	2.6459e-03	4.7232e-04	1.5604e-06	1.2373e-27	0.00e+00	0.00e+00	7.1016e+00
3.86285e+18	1.1017e+04	3.023e-19	2.1544e+02	2.3339e+02	1.2011e-15	4.1549e-03	9.9585e-01	1.5705e-03	9.9539e-01	3.0442e-03	1.8218e-20	1.0817e-05	2.1907e-02	7.4704e-01	2.2787e-01	6.3962e-05	1.7397e-02	9.7954e-01	2.5232e-03	4.7153e-04	1.4412e-06	1.6228e-27	0.00e+00	0.00e+00	7.3260e+00
3.90852e+18	1.1054e+04	3.056e-19	2.1544e+02	2.3334e+02	1.3140e-15	4.3634e-03	9.9564e-01	1.6138e-03	9.9541e-01	2.9729e-03	2.1805e-20	1.1315e-05	2.2650e-02	7.5203e-01	2.2224e-01	7.0838e-05	1.8172e-02	9.7888e-01	2.4085e-03	4.7004e-04	1.3473e-06	1.9839e-27	0.00e+00	0.00e+00	7.6324e+00
3.96789e+18	1.1119e+04	3.096e-19	2.1544e+02	2.3327e+02	1.4682e-15	4.6479e-03	9.9535e-01	1.6717e-03	9.9545e-01	2.8744e-03	2.7563e-20	1.1989e-05	2.3659e-02	7.5847e-01	2.1492e-01	8.0996e-05	1.9261e-02	9.7792e-01	2.2648e-03	4.6837e-04	1.2338e-06	2.5780e-27	0.00e+00	0.00e+00	8.0566e+00
4.04507e+18	1.1215e+04	3.146e-19	2.1544e+02	2.3320e+02	1.6990e-15	5.0543e-03	9.9495e-01	1.7522e-03	9.9550e-01	2.7470e-03	3.7810e-20	1.2951e-05	2.5092e-02	7.6702e-01	2.0510e-01	9.7013e-05	2.0866e-02	9.7648e-01	2.0865e-03	4.6622e-04	1.0974e-06	3.6711e-27	0.00e+00	0.00e+00	8.6563e+00
4.12491e+18	1.1298e+04	3.208e-19	2.1544e+02	2.3308e+02	2.0075e-15	5.5537e-03	9.9445e-01	1.8511e-03	9.9553e-01	2.6236e-03	5.3775e-20	1.4100e-05	2.6813e-02	7.7626e-01	1.9432e-01	1.1913e-04	2.2912e-02	9.7459e-01	1.9191e-03	4.6358e-04	9.6779e-07	5.4141e-27	0.00e+00	0.00e+00	9.2034e+00
4.18423e+18	1.1361e+04	3.256e-19	2.1544e+02	2.3298e+02	2.2921e-15	5.9824e-03	9.9402e-01	1.9355e-03	9.9552e-01	2.5482e-03	7.1224e-20	1.5078e-05	2.8274e-02	7.8334e-01	1.8590e-01	1.4042e-04	2.4736e-02	9.7286e-01	1.8046e-03	4.6148e-04	8.7900e-07	7.3763e-27	0.00e+00	0.00e+00	9.5793e+00
4.22628e+18	1.1425e+04	3.285e-19	2.1544e+02	2.3290e+02	2.5024e-15	6.3016e-03	9.9370e-01	1.9995e-03	9.9550e-01	2.5035e-03	8.7050e-20	1.5811e-05	2.9377e-02	7.8834e-01	1.7990e-01	1.5791e-04	2.6153e-02	9.7150e-01	1.7244e-03	4.6019e-04	8.2039e-07	9.1929e-27	0.00e+00	0.00e+00	9.9040e+00
4.26984e+18	1.1453e+04	3.323e-19	2.1544e+02	2.3282e+02	2.7887e-15	6.6687e-03	9.9333e-01	2.0739e-03	9.9548e-01	2.4461e-03	1.0861e-19	1.6673e-05	3.0662e-02	7.9392e-01	1.7313e-01	1.7913e-04	2.7763e-02	9.6997e-01	1.6327e-03	4.5792e-04	7.5785e-07	1.1686e-26	0.00e+00	0.00e+00	1.0351e+01
4.32648e+18	1.1500e+04	3.370e-19	2.1544e+02	2.3274e+02	3.2135e-15	7.1848e-03	9.9282e-01	2.1758e-03	9.9545e-01	2.3698e-03	1.4608e-19	1.7892e-05	3.2457e-02	8.0112e-01	1.6425e-01	2.1192e-04	3.0102e-02	9.6771e-01	1.5179e-03	4.5492e-04	6.8228e-07	1.6152e-26	0.00e+00	0.00e+00	1.0976e+01
4.38384e+18	1.1579e+04	3.417e-19	2.1544e+02	2.3258e+02	3.6909e-15	7.7836e-03	9.9222e-01	2.2914e-03	9.9541e-01	2.3005e-03	1.9979e-19	1.9230e-05	3.4475e-02	8.0830e-01	1.5519e-01	2.5482e-04	3.2963e-02	9.6492e-01	1.4120e-03	4.5230e-04	6.1234e-07	2.2645e-26	0.00e+00	0.00e+00	1.1513e+01
4.42716e+18	1.1613e+04	3.460e-19	2.1544e+02	2.3247e+02	4.1717e-15	8.3054e-03	9.9169e-01	2.3928e-03	9.9535e-01	2.2530e-03	2.5832e-19	2.0407e-05	3.6226e-02	8.1388e-01	1.4795e-01	2.9586e-04	3.5503e-02	9.6242e-01	1.3338e-03	4.4954e-04	5.6120e-07	2.9880e-26	0.00e+00	0.00e+00	1.1919e+01
4.46157e+18	1.1648e+04	3.491e-19	2.1544e+02	2.3237e+02	4.5858e-15	8.7430e-03	9.9126e-01	2.4792e-03	9.9530e-01	2.2185e-03	3.1751e-19	2.1403e-05	3.7714e-02	8.1826e-01	1.4216e-01	3.3348e-04	3.7707e-02	9.6024e-01	1.2720e-03	4.4734e-04	5.2299e-07	3.7282e-26	0.00e+00	0.00e+00	1.2310e+01
4.49939e+18	1.1682e+04	3.525e-19	2.1544e+02	2.3226e+02	5.1050e-15	9.2550e-03	9.9074e-01	2.5810e-03	9.9524e-01	2.1770e-03	4.0028e-19	2.2583e-05	3.9470e-02	8.2308e-01	1.3567e-01	3.8087e-04	4.0328e-02	9.5764e-01	1.2023e-03	4.4461e-04	4.8240e-07	4.7765e-26	0.00e+00	0.00e+00	1.2848e+01
4.54855e+18	1.1732e+04	3.569e-19	2.1544e+02	2.3208e+02	5.8787e-15	9.9852e-03	9.9001e-01	2.7256e-03	9.9515e-01	2.1210e-03	5.4592e-19	2.4247e-05	4.1951e-02	8.2919e-01	1.2719e-01	4.5548e-04	4.4192e-02	9.5380e-01	1.1143e-03	4.4086e-04	4.3294e-07	6.6503e-26	0.00e+00	0.00e+00	1.3603e+01
4.59674e+18	1.1760e+04	3.625e-19	2.1544e+02	2.3196e+02	6.9210e-15	1.0851e-02	9.8915e-01	2.8905e-03	9.9504e-01	2.0656e-03	7.6669e-19	2.6181e-05	4.4777e-02	8.3513e-01	1.1854e-01	5.5405e-04	4.8896e-02	9.4908e-01	1.0318e-03	4.3615e-04	3.8589e-07	9.5832e-26	0.00e+00	0.00e+00	1.4205e+01
4.63104e+18	1.1797e+04	3.661e-19	2.1544e+02	2.3180e+02	7.7464e-15	1.1532e-02	9.8847e-01	3.0213e-03	9.9494e-01	2.0351e-03	9.8351e-19	2.7676e-05	4.7008e-02	8.3914e-01	1.1236e-01	6.4114e-04	5.2791e-02	9.4516e-01	9.7582e-04	4.3281e-04	3.5496e-07	1.2487e-25	0.00e+00	0.00e+00	1.4641e+01
4.65795e+18	1.1824e+04	3.686e-19	2.1544e+02	2.3161e+02	8.4502e-15	1.2093e-02	9.8791e-01	3.1332e-03	9.9486e-01	2.0116e-03	1.1953e-18	2.8896e-05	4.8876e-02	8.4217e-01	1.0753e-01	7.1904e-04	5.6088e-02	9.4183e-01	9.3209e-04	4.3006e-04	3.3206e-07	1.5317e-25	0.00e+00	0.00e+00	1.5069e+01
4.68786e+18	1.1840e+04	3.717e-19	2.1544e+02	2.3148e+02	9.3872e-15	1.2759e-02	9.8724e-01	3.2659e-03	9.9475e-01	1.9817e-03	1.4964e-18	3.0405e-05	5.1110e-02	8.4544e-01	1.0209e-01	8.1778e-04	6.0033e-02	9.3784e-01	8.8265e-04	4.2642e-04	3.0732e-07	1.9417e-25	0.00e+00	0.00e+00	1.5655e+01
4.72674e+18	1.1857e+04	3.760e-19	2.1544e+02	2.3133e+02	1.0840e-14	1.3712e-02	9.8629e-01	3.4551e-03	9.9460e-01	1.9401e-03	2.0279e-18	3.2575e-05	5.4277e-02	8.4944e-01	9.5005e-02	9.7268e-04	6.5828e-02	9.3196e-01	8.1980e-04	4.2111e-04	2.7675e-07	2.6789e-25	0.00e+00	0.00e+00	1.6475e+01
4.76589e+18	1.1899e+04	3.803e-19	2.1544e+02	2.3102e+02	1.2541e-14	1.4833e-02	9.8517e-01	3.6699e-03	9.9443e-01	1.9020e-03	2.8091e-18	3.4937e-05	5.7855e-02	8.5307e-01	8.7876e-02	1.1781e-03	7.2982e-02	9.2466e-01	7.5915e-04	4.1556e-04	2.4758e-07	3.7753e-25	0.00e+00	0.00e+00	1.7168e+01
4.79510e+18	1.1905e+04	3.842e-19	2.1544e+02	2.3082e+02	1.4215e-14	1.5793e-02	9.8421e-01	3.8570e-03	9.9427e-01	1.8743e-03	3.6522e-18	3.6999e-05	6.0919e-02	8.5550e-01	8.2448e-02	1.3720e-03	7.9233e-02	9.1827e-01	7.1447e-04	4.1038e-04	2.2639e-07	4.9766e-25	0.00e+00	0.00e+00	1.7685e+01
4.81831e+18	1.1909e+04	3.869e-19	2.1544e+02	2.3066e+02	1.5706e-14	1.6590e-02	9.8341e-01	4.0175e-03	9.9413e-01	1.8534e-03	4.5052e-18	3.8774e-05	6.3524e-02	8.5717e-01	7.8213e-02	1.5479e-03	8.4597e-02	9.1277e-01	6.7997e-04	4.0599e-04	2.1075e-07	6.2029e-25	0.00e+00	0.00e+00	1.8189e+01
4.84401e+18	1.1915e+04	3.897e-19	2.1544e+02	2.3047e+02	1.7515e-14	1.7519e-02	9.8248e-01	4.2061e-03	9.9396e-01	1.8289e-03	5.6873e-18	4.0835e-05	6.6581e-02	8.5880e-01	7.3579e-02	1.7692e-03	9.0978e-02	9.0621e-01	6.4205e-04	4.0089e-04	1.9438e-07	7.9106e-25	0.00e+00	0.00e+00	1.8881e+01
4.87743e+18	1.1919e+04	3.936e-19	2.1544e+02	2.3024e+02	2.0342e-14	1.8865e-02	9.8114e-01	4.4771e-03	9.9373e-01	1.7948e-03	7.8036e-18	4.3786e-05	7.0935e-02	8.6049e-01	6.7597e-02	2.1204e-03	1.0041e-01	8.9648e-01	5.9354e-04	3.9346e-04	1.7400e-07	1.1012e-24	0.00e+00	0.00e+00	1.9850e+01
4.91097e+18	1.1939e+04	3.977e-19	2.1544e+02	2.2975e+02	2.3815e-14	2.0466e-02	9.7953e-01	4.7903e-03	9.9345e-01	1.7620e-03	1.0989e-17	4.7019e-05	7.5887e-02	8.6157e-01	6.1632e-02	2.5915e-03	1.1210e-01	8.8438e-01	5.4590e-04	3.8524e-04	1.5430e-07	1.5742e-24	0.00e+00	0.00e+00	2.0666e+01
4.93595e+18	1.1931e+04	4.012e-19	2.1544e+02	2.2949e+02	2.7212e-14	2.1840e-02	9.7816e-01	5.0626e-03	9.9320e-01	1.7384e-03	1.4475e-17	4.9889e-05	8.0157e-02	8.6182e-01	5.7162e-02	3.0382e-03	1.2231e-01	8.7376e-01	5.1075e-04	3.7774e-04	1.4000e-07	2.0991e-24	0.00e+00	0.00e+00	2.1280e+01
4.95599e+18	1.1923e+04	4.036e-19	2.1544e+02	2.2926e+02	3.0281e-14	2.2989e-02	9.7701e-01	5.3001e-03	9.9298e-01	1.7202e-03	1.8058e-17	5.2382e-05	8.3826e-02	8.6166e-01	5.3691e-02	3.4474e-03	1.3113e-01	8.6457e-01	4.8373e-04	3.7140e-04	1.2946e-07	2.6419e-24	0.00e+00	0.00e+00	2.1887e+01
4.97835e+18	1.1915e+04	4.061e-19	2.1544e+02	2.2899e+02	3.4090e-14	2.4346e-02	9.7565e-01	5.5830e-03	9.9272e-01	1.6987e-03	2.3128e-17	5.5298e-05	8.8171e-02	8.6114e-01	4.9905e-02	3.9693e-03	1.4170e-01	8.5351e-01	4.5414e-04	3.6396e-04	1.1838e-07	3.4132e-24	0.00e+00	0.00e+00	2.2724e+01
5.00741e+18	1.1898e+04	4.097e-19	2.1544e+02	2.2865e+02	4.0182e-14	2.6342e-02	9.7366e-01	5.9944e-03	9.9234e-01	1.6686e-03	3.2424e-17	5.9508e-05	9.4407e-02	8.5980e-01	4.5062e-02	4.8095e-03	1.5742e-01	8.3701e-01	4.1608e-04	3.5305e-04	1.0451e-07	4.8490e-24	0.00e+00	0.00e+00	2.3901e+01
5.03700e+18	1.1882e+04	4.141e-19	2.1544e+02	2.2818e+02	4.8454e-14	2.8835e-02	9.7117e-01	6.4900e-03	9.9187e-01	1.6381e-03	4.7478e-17	6.4464e-05	1.0180e-01	8.5737e-01	4.0156e-02	5.9839e-03	1.7733e-01	8.1597e-01	3.7698e-04	3.3987e-04	1.1755e-36	7.2252e-24	0.00e+00	0.00e+00	2.4933e+01
5.05971e+18	1.1867e+04	4.170e-19	2.1544e+02	2.2766e+02	5.6343e-14	3.1013e-02	9.6899e-01	6.9336e-03	9.9145e-01	1.6165e-03	6.4558e-17	6.8738e-05	1.0830e-01	8.5457e-01	3.6495e-02	7.1361e-03	1.9522e-01	7.9697e-01	3.4786e-04	3.2855e-04	1.1755e-36	9.9392e-24	0.00e+00	0.00e+00	2.5739e+01
5.07841e+18	1.1849e+04	4.188e-19	2.1544e+02	2.2717e+02	6.3855e-14	3.2920e-02	9.6708e-01	7.3368e-03	9.9106e-01	1.5987e-03	8.3188e-17	7.2538e-05	1.1410e-01	8.5168e-01	3.3611e-02	8.2416e-03	2.1115e-01	7.7997e-01	3.2502e-04	3.1867e-04	1.1755e-36	1.2908e-23	0.00e+00	0.00e+00	2.6558e+01
5.09945e+18	1.1821e+04	4.209e-19	2.1544e+02	2.2658e+02	7.3854e-14	3.5253e-02	9.6475e-01	7.8330e-03	9.9059e-01	1.5767e-03	1.1107e-16	7.7097e-05	1.2114e-01	8.4782e-01	3.0470e-02	9.7016e-03	2.3054e-01	7.5915e-01	2.9997e-04	3.0677e-04	1.1755e-36	1.7376e-23	0.00e+00	0.00e+00	2.7699e+01
5.12680e+18	1.1785e+04	4.238e-19	2.1544e+02	2.2578e+02	9.0391e-14	3.8761e-02	9.6124e-01	8.5675e-03	9.8988e-01	1.5475e-03	1.6513e-16	8.3780e-05	1.3135e-01	8.4159e-01	2.6536e-02	1.2116e-02	2.5946e-01	7.2787e-01	2.6795e-04	2.8942e-04	1.1755e-36	2.6222e-23	0.00e+00	0.00e+00	2.9328e+01
5.15468e+18	1.1739e+04	4.283e-19	2.1544e+02	2.2488e+02	1.1519e-13	4.3418e-02	9.5658e-01	9.5014e-03	9.8898e-01	1.5169e-03	2.6201e-16	9.2060e-05	1.4399e-01	8.3295e-01	2.2575e-02	1.5682e-02	2.9660e-01	6.8721e-01	2.3413e-04	2.6759e-04	1.1755e-36	4.2583e-23	0.00e+00	0.00e+00	3.0796e+01
5.17554e+18	1.1694e+04	4.310e-19	2.1544e+02	2.2411e+02	1.4053e-13	4.7584e-02	9.5242e-01	1.0366e-02	9.8814e-01	1.4945e-03	3.8012e-16	9.9560e-05	1.5530e-01	8.2450e-01	1.9737e-02	1.9250e-02	3.2929e-01	6.5100e-01	2.0950e-04	2.4888e-04	1.1755e-36	6.2900e-23	0.00e+00	0.00e+00	3.1889e+01
5.19141e+18	1.1671e+04	4.312e-19	2.1544e+02	2.2307e+02	1.6207e-13	5.0921e-02	9.4908e-01	1.1086e-02	9.8743e-01	1.4795e-03	4.9943e-16	1.0520e-04	1.6453e-01	8.1727e-01	1.7758e-02	2.2393e-02	3.5550e-01	6.2168e-01	1.9237e-04	2.3468e-04	1.1755e-36	8.3305e-23	0.00e+00	0.00e+00	3.2916e+01
5.20847e+18	1.1616e+04	4.323e-19	2.1544e+02	2.2226e+02	1.9219e-13	5.4959e-02	9.4504e-01	1.1967e-02	9.8657e-01	1.4596e-03	6.7760e-16	1.1230e-04	1.7551e-01	8.0837e-01	1.5705e-02	2.6381e-02	3.8508e-01	5.8815e-01	1.7445e-04	2.1826e-04	1.1755e-36	1.1435e-22	0.00e+00	0.00e+00	3.4358e+01
5.23066e+18	1.1557e+04	4.336e-19	2.1544e+02	2.2099e+02	2.4270e-13	6.1163e-02	9.3884e-01	1.3280e-02	9.8529e-01	1.4348e-03	1.0267e-15	1.2238e-04	1.9140e-01	7.9502e-01	1.3192e-02	3.2943e-02	4.2737e-01	5.3934e-01	1.5171e-04	1.9525e-04	1.1755e-36	1.7683e-22	0.00e+00	0.00e+00	3.6445e+01
5.25211e+18	1.1496e+04	4.360e-19	2.1544e+02	2.1929e+02	3.1798e-13	6.9275e-02	9.3073e-01	1.4902e-02	9.8369e-01	1.4121e-03	1.6311e-15	1.3408e-04	2.1022e-01	7.7857e-01	1.0842e-02	4.2113e-02	4.7605e-01	4.8154e-01	1.2879e-04	1.6911e-04	1.1755e-36	2.8973e-22	0.00e+00	0.00e+00	3.8125e+01
5.26661e+18	1.1455e+04	4.354e-19	2.1544e+02	2.1776e+02	3.8493e-13	7.5648e-02	9.2435e-01	1.6246e-02	9.8236e-01	1.3986e-03	2.2552e-15	1.4312e-04	2.2515e-01	7.6512e-01	9.3790e-03	4.9851e-02	5.1095e-01	4.3894e-01	1.1435e-04	1.5074e-04	1.1755e-36	4.0824e-22	0.00e+00	0.00e+00	3.9275e+01
5.27727e+18	1.1393e+04	4.348e-19	2.1544e+02	2.1672e+02	4.4759e-13	8.0735e-02	9.1927e-01	1.7382e-02	9.8123e-01	1.3868e-03	2.8634e-15	1.5071e-04	2.3725e-01	7.5403e-01	8.3815e-03	5.6223e-02	5.3580e-01	4.0773e-01	1.0461e-04	1.3747e-04	1.1755e-36	5.2467e-22	0.00e+00	0.00e+00	4.0388e+01
5.28893e+18	1.1360e+04	4.326e-19	2.1544e+02	2.1529e+02	5.2101e-13	8.6573e-02	9.1343e-01	1.8680e-02	9.7994e-01	1.3762e-03	3.6786e-15	1.5858e-04	2.5078e-01	7.4150e-01	7.3803e-03	6.3788e-02	5.6203e-01	3.7396e-01	9.4863e-05	1.2366e-04	1.1755e-36	6.8290e-22	0.00e+00	0.00e+00	4.1940e+01
5.30409e+18	1.1285e+04	4.308e-19	2.1544e+02	2.1314e+02	6.5418e-13	9.5742e-02	9.0426e-01	2.0635e-02	9.7800e-01	1.3609e-03	5.2071e-15	1.6996e-04	2.7027e-01	7.2325e-01	6.1537e-03	7.5760e-02	5.9580e-01	3.2825e-01	8.2410e-05	1.0535e-04	1.1755e-36	9.8986e-22	0.00e+00	0.00e+00	4.4171e+01
5.31961e+18	1.1214e+04	4.294e-19	2.1544e+02	2.1059e+02	8.5693e-13	1.0814e-01	8.9186e-01	2.3146e-02	9.7550e-01	1.3495e-03	7.7834e-15	1.8344e-04	2.9395e-01	7.0076e-01	4.9697e-03	9.2132e-02	6.3072e-01	2.7699e-01	6.9478e-05	8.5493e-05	1.1755e-36	1.5358e-21	0.00e+00	0.00e+00	4.6218e+01
5.33128e+18	1.1143e+04	4.274e-19	2.1544e+02	2.0865e+02	1.0737e-12	1.1954e-01	8.8046e-01	2.5548e-02	9.7311e-01	1.3393e-03	1.0771e-14	1.9561e-04	3.1523e-01	6.8031e-01	4.1499e-03	1.0734e-01	6.5472e-01	2.3780e-01	6.0311e-05	7.0838e-05	1.1755e-36	2.1915e-21	0.00e+00	0.00e+00	4.7751e+01
5.33998e+18	1.1098e+04	4.221e-19	2.1544e+02	2.0608e+02	1.2540e-12	1.2802e-01	8.7198e-01	2.7458e-02	9.7120e-01	1.3377e-03	1.3391e-14	2.0366e-04	3.3131e-01	6.6475e-01	3.6290e-03	1.1891e-01	6.6960e-01	2.1137e-01	5.4638e-05	6.1571e-05	1.1755e-36	2.7643e-21	0.00e+00	0.00e+00	4.9137e+01
5.34913e+18	1.1028e+04	4.182e-19	2.1544e+02	2.0429e+02	1.5007e-12	1.3830e-01	8.6170e-01	2.9809e-02	9.6886e-01	1.3305e-03	1.7103e-14	2.1403e-04	3.5016e-01	6.4642e-01	3.1087e-03	1.3269e-01	6.8236e-01	1.8485e-01	4.8916e-05	5.2256e-05	1.1755e-36	3.6075e-21	0.00e+00	0.00e+00	5.1083e+01
5.36102e+18	1.0949e+04	4.115e-19	2.1544e+02	2.0093e+02	1.9114e-12	1.5374e-01	8.4626e-01	3.3208e-02	9.6546e-01	1.3279e-03	2.3565e-14	2.2678e-04	3.7585e-01	6.2133e-01	2.5074e-03	1.5321e-01	6.9455e-01	1.5215e-01	4.2009e-05	4.1284e-05	1.1755e-36	5.1319e-21	0.00e+00	0.00e+00	5.3895e+01
5.37321e+18	1.0869e+04	4.027e-19	2.1544e+02	1.9605e+02	2.5315e-12	1.7387e-01	8.2613e-01	3.7457e-02	9.6121e-01	1.3334e-03	3.3636e-14	2.3994e-04	4.0547e-01	5.9226e-01	1.9615e-03	1.7948e-01	7.0078e-01	1.1967e-01	3.5183e-05	3.0915e-05	1.1755e-36	7.6467e-21	0.00e+00	0.00e+00	5.6481e+01
5.38250e+18	1.0786e+04	3.942e-19	2.1544e+02	1.9239e+02	3.1942e-12	1.9217e-01	8.0783e-01	4.1621e-02	9.5704e-01	1.3363e-03	4.4808e-14	2.5168e-04	4.3202e-01	5.6607e-01	1.5931e-03	2.0297e-01	6.9991e-01	9.7064e-02	3.0425e-05	2.3993e-05	1.1755e-36	1.0535e-20	0.00e+00	0.00e+00	5.8480e+01
5.38968e+18	1.0728e+04	3.846e-19	2.1544e+02	1.8897e+02	3.7851e-12	2.0654e-01	7.9346e-01	4.5202e-02	9.5345e-01	1.3430e-03	5.5053e-14	2.6020e-04	4.5322e-01	5.4511e-01	1.3523e-03	2.2130e-01	6.9647e-01	8.2179e-02	2.7350e-05	1.9674e-05	1.1755e-36	1.3218e-20	0.00e+00	0.00e+00	6.0362e+01
5.39738e+18	1.0641e+04	3.739e-19	2.1544e+02	1.8516e+02	4.5853e-12	2.2339e-01	7.7661e-01	4.9500e-02	9.4915e-01	1.3483e-03	6.8578e-14	2.6930e-04	4.7688e-01	5.2168e-01	1.1228e-03	2.4237e-01	6.8936e-01	6.8224e-02	2.4350e-05	1.5752e-05	1.1755e-36	1.6833e-20	0.00e+00	0.00e+00	6.3009e+01
5.40740e+18	1.0543e+04	3.587e-19	2.1544e+02	1.7941e+02	5.9444e-12	2.4894e-01	7.5106e-01	5.5851e-02	9.4279e-01	1.3622e-03	9.1922e-14	2.7971e-04	5.0883e-01	4.8998e-01	8.6628e-04	2.7359e-01	6.7416e-01	5.2220e-02	2.0696e-05	1.1443e-05	1.1755e-36	2.3406e-20	0.00e+00	0.00e+00	6.6843e+01
5.41768e+18	1.0434e+04	3.406e-19	2.1544e+02	1.7217e+02	8.0137e-12	2.8192e-01	7.1808e-01	6.4015e-02	9.3460e-01	1.3879e-03	1.2717e-13	2.8900e-04	5.4514e-01	4.5389e-01	6.4499e-04	3.1271e-01	6.4945e-01	3.7817e-02	1.7101e-05	7.7802e-06	1.1755e-36	3.3941e-20	0.00e+00	0.00e+00	7.0390e+01
5.42557e+18	1.0322e+04	3.237e-19	2.1544e+02	1.6640e+02	1.0204e-11	3.1065e-01	6.8935e-01	7.2077e-02	9.2651e-01	1.4107e-03	1.6384e-13	2.9649e-04	5.7648e-01	4.2269e-01	5.0427e-04	3.4601e-01	6.2520e-01	2.8768e-02	1.4668e-05	5.6168e-06	1.1755e-36	4.5230e-20	0.00e+00	0.00e+00	7.3148e+01
5.43158e+18	1.0247e+04	3.078e-19	2.1544e+02	1.6111e+02	1.2074e-11	3.3184e-01	6.6816e-01	7.8802e-02	9.1976e-01	1.4334e-03	1.9405e-13	3.0000e-04	5.9997e-01	3.9928e-01	4.1814e-04	3.7024e-01	6.0641e-01	2.3331e-02	1.3167e-05	4.3987e-06	1.1755e-36	5.4435e-20	0.00e+00	0.00e+00	7.5626e+01
5.43766e+18	1.0156e+04	2.917e-19	2.1544e+02	1.5600e+02	1.4395e-11	3.5493e-01	6.4507e-01	8.6557e-02	9.1199e-01	1.4561e-03	2.3046e-13	3.0347e-04	6.2440e-01	3.7494e-01	3.4255e-04	3.9615e-01	5.8511e-01	1.8723e-02	1.1763e-05	3.4000e-06	1.1755e-36	6.5802e-20	0.00e+00	0.00e+00	7.8852e+01
5.44509e+18	1.0044e+04	2.715e-19	2.1544e+02	1.4891e+02	1.8024e-11	3.8678e-01	6.1322e-01	9.7119e-02	9.0139e-01	1.4930e-03	2.8479e-13	3.0486e-04	6.5398e-01	3.4543e-01	2.6565e-04	4.3113e-01	5.5485e-01	1.4005e-02	1.0135e-05	2.4218e-06	1.1755e-36	8.3410e-20	0.00e+00	0.00e+00	8.3146e+01
5.45260e+18	9.9265e+03	2.493e-19	2.1544e+02	1.4073e+02	2.2901e-11	4.2370e-01	5.7630e-01	1.0977e-01	8.8869e-01	1.5437e-03	3.5383e-13	3.0309e-04	6.8458e-01	3.1490e-01	2.0297e-04	4.7073e-01	5.1915e-01	1.0104e-02	8.5855e-06	1.6563e-06	1.1755e-36	1.0653e-19	0.00e+00	0.00e+00	8.7102e+01
5.45839e+18	9.8113e+03	2.312e-19	2.1544e+02	1.3446e+02	2.7695e-11	4.5379e-01	5.4621e-01	1.2178e-01	8.7663e-01	1.5827e-03	4.1696e-13	3.0135e-04	7.0945e-01	2.9007e-01	1.6377e-04	5.0239e-01	4.8987e-01	7.7350e-03	7.5280e-06	1.2164e-06	1.1755e-36	1.2774e-19	0.00e+00	0.00e+00	9.0015e+01
5.46277e+18	9.7333e+03	2.165e-19	2.1544e+02	1.2945e+02	3.1476e-11	4.7448e-01	5.2552e-01	1.3165e-01	8.6673e-01	1.6179e-03	4.6286e-13	2.9865e-04	7.2754e-01	2.7201e-01	1.3981e-04	5.2390e-01	4.6975e-01	6.3450e-03	6.8834e-06	9.7154e-07	1.1755e-36	1.4229e-19	0.00e+00	0.00e+00	9.2629e+01
5.46689e+18	9.6468e+03	2.031e-19	2.1544e+02	1.2483e+02	3.5692e-11	4.9498e-01	5.0502e-01	1.4189e-01	8.5646e-01	1.6491e-03	5.1075e-13	2.9572e-04	7.4444e-01	2.5513e-01	1.2022e-04	5.4494e-01	4.4982e-01	5.2351e-03	6.3048e-06	7.8116e-07	1.1755e-36	1.5760e-19	0.00e+00	0.00e+00	9.5448e+01
5.47125e+18	9.5471e+03	1.891e-19	2.1544e+02	1.1978e+02	4.1050e-11	5.1847e-01	4.8153e-01	1.5375e-01	8.4457e-01	1.6856e-03	5.6766e-13	2.9148e-04	7.6198e-01	2.3762e-01	1.0227e-04	5.6872e-01	4.2705e-01	4.2243e-03	5.7043e-06	6.1248e-07	1.1755e-36	1.7611e-19	0.00e+00	0.00e+00	9.8639e+01
5.47565e+18	9.4632e+03	1.747e-19	2.1544e+02	1.1405e+02	4.6974e-11	5.4258e-01	4.5742e-01	1.6620e-01	8.3206e-01	1.7362e-03	6.2578e-13	2.8463e-04	7.7851e-01	2.2111e-01	8.7247e-05	5.9281e-01	4.0381e-01	3.3736e-03	5.1457e-06	4.7561e-07	1.1755e-36	1.9441e-19	0.00e+00	0.00e+00	1.0181e+02
5.47896e+18	9.3889e+03	1.642e-19	2.1544e+02	1.0988e+02	5.2211e-11	5.6148e-01	4.3852e-01	1.7672e-01	8.2151e-01	1.7736e-03	6.7359e-13	2.7946e-04	7.9087e-01	2.0876e-01	7.7711e-05	6.1147e-01	3.8569e-01	2.8323e-03	4.7454e-06	3.9077e-07	1.1755e-36	2.0953e-19	0.00e+00	0.00e+00	1.0358e+02
5.48092e+18	9.3353e+03	1.581e-19	2.1544e+02	1.0781e+02	5.5210e-11	5.7011e-01	4.2989e-01	1.8385e-01	8.1437e-01	1.7866e-03	6.9712e-13	2.7744e-04	7.9845e-01	2.0119e-01	7.2844e-05	6.1998e-01	3.7743e-01	2.5794e-03	4.5724e-06	3.5256e-07	1.1755e-36	2.1561e-19	0.00e+00	0.00e+00	1.0481e+02
5.48273e+18	9.2821e+03	1.524e-19	2.1544e+02	1.0592e+02	5.8242e-11	5.7824e-01	4.2176e-01	1.9084e-01	8.0736e-01	1.7964e-03	7.1994e-13	2.7557e-04	8.0556e-01	1.9409e-01	6.8462e-05	6.2796e-01	3.6967e-01	2.3606e-03	4.4146e-06	3.1985e-07	1.1755e-36	2.2148e-19	0.00e+00	0.00e+00	1.0642e+02
5.48509e+18	9.2112e+03	1.452e-19	2.1544e+02	1.0321e+02	6.2915e-11	5.9086e-01	4.0914e-01	2.0000e-01	7.9818e-01	1.8153e-03	7.5453e-13	2.7210e-04	8.1436e-01	1.8530e-01	6.3094e-05	6.4024e-01	3.5767e-01	2.0838e-03	4.1795e-06	2.7854e-07	1.1755e-36	2.3132e-19	0.00e+00	0.00e+00	1.0857e+02
5.48775e+18	9.1454e+03	1.372e-19	2.1544e+02	9.9748e+01	6.8527e-11	6.0627e-01	3.9373e-01	2.1005e-01	7.8810e-01	1.8497e-03	7.9481e-13	2.6658e-04	8.2336e-01	1.7631e-01	5.7754e-05	6.5509e-01	3.4310e-01	1.7978e-03	3.9065e-06	2.3644e-07	1.1755e-36	2.4291e-19	0.00e+00	0.00e+00	1.1074e+02
5.49013e+18	9.0968e+03	1.301e-19	2.1544e+02	9.6518e+01	7.3457e-11	6.1931e-01	3.8069e-01	2.1911e-01	7.7901e-01	1.8864e-03	8.2732e-13	2.6091e-04	8.3088e-01	1.6880e-01	5.3620e-05	6.6758e-01	3.3084e-01	1.5767e-03	3.6864e-06	2.0461e-07	1.1755e-36	2.5118e-19	0.00e+00	0.00e+00	1.1253e+02
5.49218e+18	9.0291e+03	1.242e-19	2.1544e+02	9.4108e+01	7.8669e-11	6.3036e-01	3.6964e-01	2.2829e-01	7.6981e-01	1.9062e-03	8.5783e-13	2.5711e-04	8.3785e-01	1.6184e-01	5.0303e-05	6.7812e-01	3.2047e-01	1.4090e-03	3.5089e-06	1.8084e-07	1.1755e-36	2.5888e-19	0.00e+00	0.00e+00	1.1423e+02
5.49425e+18	8.9734e+03	1.183e-19	2.1544e+02	9.1540e+01	8.3743e-11	6.4093e-01	3.5907e-01	2.3745e-01	7.6062e-01	1.9301e-03	8.8561e-13	2.5271e-04	8.4445e-01	1.5524e-01	4.7294e-05	6.8814e-01	3.1060e-01	1.2581e-03	3.3448e-06	1.5982e-07	1.1755e-36	2.6499e-19	0.00e+00	0.00e+00	1.1611e+02
5.49653e+18	8.9018e+03	1.120e-19	2.1544e+02	8.8656e+01	9.0326e-11	6.5349e-01	3.4651e-01	2.4807e-01	7.4997e-01	1.9591e-03	9.1883e-13	2.4746e-04	8.5156e-01	1.4814e-01	4.4227e-05	6.9998e-01	2.9891e-01	1.1051e-03	3.1578e-06	1.3870e-07	1.1755e-36	2.7241e-19	0.00e+00	0.00e+00	1.1825e+02
5.49886e+18	8.8310e+03	1.057e-19	2.1544e+02	8.5681e+01	9.7637e-11	6.6696e-01	3.3304e-01	2.5921e-01	7.3880e-01	1.9918e-03	9.5442e-13	2.4172e-04	8.5845e-01	1.4126e-01	4.1411e-05	7.1258e-01	2.8645e-01	9.6398e-04	2.9659e-06	1.1755e-36	1.1755e-36	2.8052e-19	0.00e+00	0.00e+00	1.2030e+02
5.50096e+18	8.7778e+03	1.002e-19	2.1544e+02	8.2978e+01	1.0387e-10	6.7786e-01	3.2214e-01	2.6926e-01	7.2872e-01	2.0245e-03	9.8121e-13	2.3623e-04	8.6422e-01	1.3550e-01	3.9221e-05	7.2273e-01	2.7641e-01	8.5582e-04	2.8162e-06	1.1755e-36	1.1755e-36	2.8500e-19	0.00e+00	0.00e+00	1.2208e+02
5.50293e+18	8.7004e+03	9.529e-20	2.1544e+02	8.0696e+01	1.1138e-10	6.8817e-01	3.1183e-01	2.8011e-01	7.1785e-01	2.0429e-03	1.0092e-12	2.3189e-04	8.6997e-01	1.2975e-01	3.7292e-05	7.3229e-01	2.6694e-01	7.6505e-04	2.6804e-06	1.1755e-36	1.1755e-36	2.8986e-19	0.00e+00	0.00e+00	1.2396e+02
5.50500e+18	8.6317e+03	9.015e-20	2.1544e+02	7.8144e+01	1.1920e-10	6.9888e-01	3.0112e-01	2.9140e-01	7.0653e-01	2.0702e-03	1.0362e-12	2.2661e-04	8.7558e-01	1.2415e-01	3.5462e-05	7.4216e-01	2.5716e-01	6.7889e-04	2.5435e-06	1.1755e-36	1.1755e-36	2.9346e-19	0.00e+00	0.00e+00	1.2600e+02
5.50718e+18	8.5585e+03	8.494e-20	2.1544e+02	7.5415e+01	1.2817e-10	7.1036e-01	2.8964e-01	3.0332e-01	6.9458e-01	2.1015e-03	1.0641e-12	2.2071e-04	8.8112e-01	1.1863e-01	3.3733e-05	7.5268e-01	2.4672e-01	5.9799e-04	2.4019e-06	1.1755e-36	1.1755e-36	2.9670e-19	0.00e+00	0.00e+00	1.2812e+02
5.50929e+18	8.4833e+03	8.010e-20	2.1544e+02	7.2830e+01	1.3776e-10	7.2149e-01	2.7851e-01	3.1548e-01	6.8239e-01	2.1312e-03	1.0912e-12	2.1499e-04	8.8630e-01	1.1345e-01	3.2221e-05	7.6284e-01	2.3663e-01	5.2838e-04	2.2694e-06	1.1755e-36	1.1755e-36	2.9938e-19	0.00e+00	0.00e+00	1.3012e+02
5.51127e+18	8.4109e+03	7.573e-20	2.1544e+02	7.0479e+01	1.4729e-10	7.3126e-01	2.6874e-01	3.2734e-01	6.7050e-01	2.1569e-03	1.1141e-12	2.0973e-04	8.9097e-01	1.0878e-01	3.0962e-05	7.7171e-01	2.2782e-01	4.7180e-04	2.1569e-06	1.1755e-36	1.1755e-36	3.0040e-19	0.00e+00	0.00e+00	1.3203e+02
5.51322e+18	8.3373e+03	7.156e-20	2.1544e+02	6.8228e+01	1.5742e-10	7.4063e-01	2.5937e-01	3.3967e-01	6.5815e-01	2.1793e-03	1.1360e-12	2.0463e-04	8.9550e-01	1.0427e-01	2.9827e-05	7.8018e-01	2.1940e-01	4.2208e-04	2.0521e-06	1.1755e-36	1.1755e-36	3.0075e-19	0.00e+00	0.00e+00	1.3404e+02
5.51528e+18	8.2543e+03	6.732e-20	2.1544e+02	6.5794e+01	1.6949e-10	7.5066e-01	2.4934e-01	3.5278e-01	6.4501e-01	2.2050e-03	1.1583e-12	1.9898e-04	8.9999e-01	9.9778e-02	2.8740e-05	7.8920e-01	2.1042e-01	3.7509e-04	1.9432e-06	1.1755e-36	1.1755e-36	3.0017e-19	0.00e+00	0.00e+00	1.3620e+02
5.51737e+18	8.1671e+03	6.320e-20	2.1544e+02	6.3315e+01	1.8307e-10	7.6091e-01	2.3909e-01	3.6631e-01	6.3145e-01	2.2348e-03	1.1799e-12	1.9299e-04	9.0425e-01	9.5524e-02	2.7748e-05	7.9838e-01	2.0128e-01	3.3278e-04	1.8353e-06	1.1755e-36	1.1755e-36	2.9873e-19	0.00e+00	0.00e+00	1.3833e+02
5.51935e+18	8.0805e+03	5.951e-20	2.1544e+02	6.1105e+01	1.9724e-10	7.7034e-01	2.2966e-01	3.7984e-01	6.1790e-01	2.2563e-03	1.2004e-12	1.8765e-04	9.0817e-01	9.1611e-02	2.6902e-05	8.0680e-01	1.9290e-01	2.9765e-04	1.7387e-06	1.1755e-36	1.1755e-36	2.9723e-19	0.00e+00	0.00e+00	1.4033e+02
5.52124e+18	7.9966e+03	5.614e-20	2.1544e+02	5.9052e+01	2.1172e-10	7.7865e-01	2.2135e-01	3.9311e-01	6.0462e-01	2.2744e-03	1.2170e-12	1.8263e-04	9.1173e-01	8.8056e-02	2.6187e-05	8.1418e-01	1.8555e-01	2.6866e-04	1.6559e-06	1.1755e-36	1.1755e-36	2.9428e-19	0.00e+00	0.00e+00	1.4230e+02
5.52317e+18	7.8979e+03	5.282e-20	2.1544e+02	5.6962e+01	2.2945e-10	7.8720e-01	2.1280e-01	4.0726e-01	5.9045e-01	2.2893e-03	1.2340e-12	1.7750e-04	9.1528e-01	8.4511e-02	2.5515e-05	8.2175e-01	1.7800e-01	2.4206e-04	1.5729e-06	1.1755e-36	1.1755e-36	2.9068e-19	0.00e+00	0.00e+00	1.4444e+02
5.52519e+18	7.8064e+03	4.947e-20	2.1544e+02	5.4722e+01	2.4821e-10	7.9604e-01	2.0396e-01	4.2172e-01	5.7597e-01	2.3137e-03	1.2492e-12	1.7172e-04	9.1863e-01	8.1176e-02	2.4879e-05	8.2954e-01	1.7024e-01	2.1727e-04	1.4890e-06	1.1755e-36	1.1755e-36	2.8571e-19	0.00e+00	0.00e+00	1.4665e+02
5.52718e+18	7.7182e+03	4.635e-20	2.1544e+02	5.2592e+01	2.6796e-10	8.0456e-01	1.9544e-01	4.3627e-01	5.6140e-01	2.3358e-03	1.2636e-12	1.6614e-04	9.2171e-01	7.8093e-02	2.4314e-05	8.3702e-01	1.6278e-01	1.9577e-04	1.4099e-06	1.1755e-36	1.1755e-36	2.8059e-19	0.00e+00	0.00e+00	1.4879e+02
5.52910e+18	7.6116e+03	4.353e-20	2.1544e+02	5.0655e+01	2.9225e-10	8.1263e-01	1.8737e-01	4.5120e-01	5.4645e-01	2.3450e-03	1.2783e-12	1.6115e-04	9.2464e-01	7.5169e-02	2.3825e-05	8.4409e-01	1.5573e-01	1.7775e-04	1.3370e-06	1.1755e-36	1.1755e-36	2.7568e-19	0.00e+00	0.00e+00	1.5087e+02
5.53097e+18	7.5080e+03	4.091e-20	2.1544e+02	4.8794e+01	3.1812e-10	8.1999e-01	1.8001e-01	4.6590e-01	5.3175e-01	2.3538e-03	1.2900e-12	1.5625e-04	9.2730e-01	7.2517e-02	2.3403e-05	8.5051e-01	1.4932e-01	1.6248e-04	1.2720e-06	1.1755e-36	1.1755e-36	2.6976e-19	0.00e+00	0.00e+00	1.5294e+02
5.53286e+18	7.3969e+03	3.839e-20	2.1544e+02	4.6954e+01	3.4844e-10	8.2736e-01	1.7264e-01	4.8124e-01	5.1640e-01	2.3584e-03	1.3019e-12	1.5138e-04	9.2988e-01	6.9947e-02	2.3013e-05	8.5692e-01	1.4293e-01	1.4874e-04	1.2081e-06	1.1755e-36	1.1755e-36	2.6364e-19	0.00e+00	0.00e+00	1.5511e+02
5.53480e+18	7.2746e+03	3.592e-20	2.1544e+02	4.5018e+01	3.8539e-10	8.3483e-01	1.6517e-01	4.9678e-01	5.0085e-01	2.3671e-03	1.3121e-12	1.4614e-04	9.3227e-01	6.7564e-02	2.2654e-05	8.6340e-01	1.3646e-01	1.3636e-04	1.1448e-06	1.1755e-36	1.1755e-36	2.5623e-19	0.00e+00	0.00e+00	1.5733e+02
5.53669e+18	7.1568e+03	3.368e-20	2.1544e+02	4.3226e+01	4.2540e-10	8.4186e-01	1.5814e-01	5.1200e-01	4.8563e-01	2.3717e-03	1.3220e-12	1.4123e-04	9.3440e-01	6.5438e-02	2.2342e-05	8.6948e-01	1.3039e-01	1.2585e-04	1.0862e-06	1.1755e-36	1.1755e-36	2.4936e-19	0.00e+00	0.00e+00	1.5941e+02
5.53847e+18	7.0368e+03	3.168e-20	2.1544e+02	4.1618e+01	4.7032e-10	8.4806e-01	1.5194e-01	5.2698e-01	4.7065e-01	2.3668e-03	1.3309e-12	1.3683e-04	9.3634e-01	6.3504e-02	2.2083e-05	8.7483e-01	1.2505e-01	1.1730e-04	1.0356e-06	1.1755e-36	1.1755e-36	2.4281e-19	0.00e+00	0.00e+00	1.6143e+02
5.54025e+18	6.9103e+03	2.977e-20	2.1544e+02	4.0047e+01	5.2353e-10	8.5408e-01	1.4592e-01	5.4227e-01	4.5537e-01	2.3576e-03	1.3397e-12	1.3251e-04	9.3817e-01	6.1672e-02	2.1850e-05	8.8001e-01	1.1988e-01	1.0975e-04	9.8727e-07	1.1755e-36	1.1755e-36	2.3633e-19	0.00e+00	0.00e+00	1.6353e+02
5.54208e+18	6.7796e+03	2.791e-20	2.1544e+02	3.8414e+01	5.8660e-10	8.6017e-01	1.3983e-01	5.5763e-01	4.4002e-01	2.3521e-03	1.3479e-12	1.2789e-04	9.3985e-01	6.0002e-02	2.1634e-05	8.8524e-01	1.1466e-01	1.0289e-04	9.3914e-07	1.1755e-36	1.1755e-36	2.2941e-19	0.00e+00	0.00e+00	1.6570e+02
5.54388e+18	6.6560e+03	2.620e-20	2.1544e+02	3.6872e+01	6.5520e-10	8.6592e-01	1.3408e-01	5.7249e-01	4.2517e-01	2.3461e-03	1.3561e-12	1.2348e-04	9.4130e-01	5.8550e-02	2.1443e-05	8.9016e-01	1.0974e-01	9.7004e-05	8.9426e-07	1.1755e-36	1.1755e-36	2.2311e-19	0.00e+00	0.00e+00	1.6775e+02
5.54558e+18	6.5231e+03	2.469e-20	2.1544e+02	3.5506e+01	7.3845e-10	8.7118e-01	1.2882e-01	5.8726e-01	4.1042e-01	2.3266e-03	1.3660e-12	1.1962e-04	9.4265e-01	5.7212e-02	2.1287e-05	8.9465e-01	1.0525e-01	9.2207e-05	8.5395e-07	1.1755e-36	1.1755e-36	2.1825e-19	0.00e+00	0.00e+00	1.6972e+02
5.54728e+18	6.3868e+03	2.325e-20	2.1544e+02	3.4144e+01	8.3717e-10	8.7604e-01	1.2396e-01	6.0193e-01	3.9577e-01	2.3070e-03	1.3751e-12	1.1571e-04	9.4386e-01	5.5998e-02	2.1154e-05	8.9880e-01	1.0111e-01	8.8077e-05	8.1716e-07	1.1755e-36	1.1755e-36	2.1341e-19	0.00e+00	0.00e+00	1.7178e+02
5.54901e+18	6.2457e+03	2.186e-20	2.1544e+02	3.2782e+01	9.5726e-10	8.8108e-01	1.1892e-01	6.1668e-01	3.8103e-01	2.2859e-03	1.3868e-12	1.1177e-04	9.4496e-01	5.4905e-02	2.1028e-05	9.0310e-01	9.6818e-02	8.4319e-05	7.7944e-07	1.1755e-36	1.1755e-36	2.0968e-19	0.00e+00	0.00e+00	1.7386e+02
5.55071e+18	6.0991e+03	2.059e-20	2.1544e+02	3.1507e+01	1.1040e-09	8.8598e-01	1.1402e-01	6.3131e-01	3.6643e-01	2.2579e-03	1.4017e-12	1.0809e-04	9.4593e-01	5.3937e-02	2.0921e-05	9.0726e-01	9.2661e-02	8.1123e-05	7.4330e-07	1.1755e-36	1.1755e-36	2.0780e-19	0.00e+00	0.00e+00	1.7588e+02
5.55238e+18	5.9538e+03	1.942e-20	2.1544e+02	3.0296e+01	1.2769e-09	8.9038e-01	1.0962e-01	6.4554e-01	3.5224e-01	2.2276e-03	1.4180e-12	1.0456e-04	9.4677e-01	5.3103e-02	2.0835e-05	9.1100e-01	8.8923e-02	7.8489e-05	7.1118e-07	1.1755e-36	1.1755e-36	2.0720e-19	0.00e+00	0.00e+00	1.7788e+02
5.55403e+18	5.8057e+03	1.832e-20	2.1544e+02	2.9127e+01	1.4871e-09	8.9460e-01	1.0540e-01	6.5963e-01	3.3818e-01	2.1938e-03	1.4380e-12	1.0113e-04	9.4750e-01	5.2380e-02	2.0763e-05	9.1458e-01	8.5343e-02	7.6242e-05	6.8069e-07	1.1755e-36	1.1755e-36	2.0863e-19	0.00e+00	0.00e+00	1.7989e+02
5.55568e+18	5.6560e+03	1.727e-20	2.1544e+02	2.7961e+01	1.7430e-09	8.9884e-01	1.0116e-01	6.7348e-01	3.2436e-01	2.1607e-03	1.4630e-12	9.7668e-05	9.4809e-01	5.1786e-02	2.0700e-05	9.1816e-01	8.1765e-02	7.4263e-05	6.5044e-07	1.1755e-36	1.1755e-36	2.1246e-19	0.00e+00	0.00e+00	1.8190e+02
5.55729e+18	5.5051e+03	1.635e-20	2.1544e+02	2.6937e+01	2.0522e-09	9.0245e-01	9.7550e-02	6.8681e-01	3.1107e-01	2.1183e-03	1.4934e-12	9.4667e-05	9.4859e-01	5.1295e-02	2.0659e-05	9.2122e-01	7.8704e-02	7.2794e-05	6.2491e-07	1.1755e-36	1.1755e-36	2.1992e-19	0.00e+00	0.00e+00	1.8384e+02
5.55891e+18	5.3479e+03	1.546e-20	2.1544e+02	2.5921e+01	2.4427e-09	9.0601e-01	9.3990e-02	7.0036e-01	2.9757e-01	2.0712e-03	1.5330e-12	9.1691e-05	9.4902e-01	5.0865e-02	2.0628e-05	9.2424e-01	7.5691e-02	7.1543e-05	5.9998e-07	1.1755e-36	1.1755e-36	2.3199e-19	0.00e+00	0.00e+00	1.8589e+02
5.56059e+18	5.1859e+03	1.459e-20	2.1544e+02	2.4872e+01	2.9339e-09	9.0973e-01	9.0269e-02	7.1387e-01	2.8410e-01	2.0254e-03	1.5845e-12	8.8579e-05	9.4932e-01	5.0570e-02	2.0602e-05	9.2738e-01	7.2550e-02	7.0434e-05	5.7411e-07	1.1755e-36	1.1755e-36	2.5001e-19	0.00e+00	0.00e+00	1.8799e+02
5.56224e+18	5.0267e+03	1.378e-20	2.1544e+02	2.3859e+01	3.5182e-09	9.1334e-01	8.6662e-02	7.2674e-01	2.7127e-01	1.9811e-03	1.6479e-12	8.5556e-05	9.4946e-01	5.0431e-02	2.0584e-05	9.3042e-01	6.9512e-02	6.9537e-05	5.4923e-07	1.1755e-36	1.1755e-36	2.7481e-19	0.00e+00	0.00e+00	1.8998e+02
5.56380e+18	4.8653e+03	1.311e-20	2.1544e+02	2.3018e+01	4.2004e-09	9.1619e-01	8.3808e-02	7.3891e-01	2.5917e-01	1.9248e-03	1.6993e-12	8.3190e-05	9.5002e-01	4.9871e-02	2.0588e-05	9.3284e-01	6.7091e-02	6.9071e-05	5.2980e-07	1.1755e-36	1.1755e-36	2.9563e-19	0.00e+00	0.00e+00	1.9187e+02
5.56525e+18	4.7080e+03	1.251e-20	2.1544e+02	2.2238e+01	4.9698e-09	9.1882e-01	8.1184e-02	7.5006e-01	2.4806e-01	1.8707e-03	1.7466e-12	8.1029e-05	9.5059e-01	4.9305e-02	2.0601e-05	9.3507e-01	6.4864e-02	6.8797e-05	5.1205e-07	1.1755e-36	1.1755e-36	3.1596e-19	0.00e+00	0.00e+00	1.9358e+02
5.56654e+18	4.5725e+03	1.201e-20	2.1544e+02	2.1593e+01	5.7135e-09	9.2098e-01	7.9019e-02	7.6002e-01	2.3816e-01	1.8181e-03	1.7870e-12	7.9273e-05	9.5109e-01	4.8811e-02	2.0618e-05	9.3690e-01	6.3026e-02	6.8641e-05	4.9752e-07	1.1755e-36	1.1755e-36	3.3428e-19	0.00e+00	0.00e+00	1.9512e+02
5.56778e+18	4.4377e+03	1.155e-20	2.1544e+02	2.0994e+01	6.5150e-09	9.2296e-01	7.7038e-02	7.6956e-01	2.2868e-01	1.7640e-03	1.8245e-12	7.7693e-05	9.5160e-01	4.8305e-02	2.0643e-05	9.3859e-01	6.1340e-02	6.8612e-05	4.8430e-07	1.1755e-36	1.1755e-36	3.5201e-19	0.00e+00	0.00e+00	1.9668e+02
5.56902e+18	4.3084e+03	1.111e-20	2.1544e+02	2.0396e+01	7.3144e-09	9.2494e-01	7.5061e-02	7.7857e-01	2.1971e-01	1.7144e-03	1.8558e-12	7.6104e-05	9.5203e-01	4.7867e-02	2.0668e-05	9.4027e-01	5.9661e-02	6.8614e-05	4.7113e-07	1.1755e-36	1.1755e-36	3.6624e-19	0.00e+00	0.00e+00	1.9823e+02
5.57025e+18	4.1774e+03	1.069e-20	2.1544e+02	1.9811e+01	8.1235e-09	9.2690e-01	7.3100e-02	7.8731e-01	2.1102e-01	1.6647e-03	1.8804e-12	7.4589e-05	9.5246e-01	4.7446e-02	2.0699e-05	9.4194e-01	5.7996e-02	6.8697e-05	4.5814e-07	1.1755e-36	1.1755e-36	3.7641e-19	0.00e+00	0.00e+00	1.9978e+02
5.57145e+18	4.0529e+03	1.031e-20	2.1544e+02	1.9256e+01	8.8507e-09	9.2877e-01	7.1233e-02	7.9550e-01	2.0288e-01	1.6175e-03	1.8949e-12	7.3176e-05	9.5283e-01	4.7080e-02	2.0731e-05	9.4352e-01	5.6410e-02	6.8821e-05	4.4580e-07	1.1755e-36	1.1755e-36	3.8008e-19	0.00e+00	0.00e+00	2.0127e+02
5.57261e+18	3.9285e+03	9.955e-21	2.1544e+02	1.8734e+01	9.5038e-09	9.3052e-01	6.9477e-02	8.0331e-01	1.9512e-01	1.5699e-03	1.8991e-12	7.1909e-05	9.5319e-01	4.6720e-02	2.0769e-05	9.4502e-01	5.4915e-02	6.9027e-05	4.3426e-07	1.1755e-36	1.1755e-36	3.7715e-19	0.00e+00	0.00e+00	2.0272e+02
###########################
3.32844e+14	1.1749e+04	3.567e-19	2.1544e+02	2.5137e+02	3.9740e-17	7.7401e-04	9.9923e-01	6.2176e-05	7.4955e-02	9.2498e-01	1.5484e-23	5.9023e-07	3.5366e-03	2.2797e-01	4.2264e-01	4.3623e-07	8.9127e-04	1.2433e-01	6.9172e-01	1.7259e-01	1.0194e-02	1.1768e-30	0.00e+00	0.00e+00	7.0073e-04
1.99707e+15	1.1730e+04	3.562e-19	2.1544e+02	2.5129e+02	3.8717e-17	7.7302e-04	9.9923e-01	6.2131e-05	7.4973e-02	9.2496e-01	1.4956e-23	4.4982e-07	3.5326e-03	2.2793e-01	4.2333e-01	4.3493e-07	8.9001e-04	1.2466e-01	6.9176e-01	1.7226e-01	1.0163e-02	1.1055e-30	0.00e+00	0.00e+00	3.5000e-03
8.65395e+15	1.1683e+04	3.552e-19	2.1544e+02	2.5127e+02	3.9601e-17	7.7121e-04	9.9923e-01	6.2311e-05	7.5283e-02	9.2465e-01	1.5128e-23	4.6614e-07	3.5492e-03	2.2957e-01	4.2474e-01	4.3336e-07	8.8949e-04	1.2609e-01	6.9178e-01	1.7093e-01	1.0040e-02	1.1249e-30	0.00e+00	0.00e+00	1.4671e-02
3.52815e+16	1.1560e+04	3.528e-19	2.1544e+02	2.5124e+02	4.0542e-17	7.6637e-04	9.9923e-01	6.3269e-05	7.6985e-02	9.2295e-01	1.5185e-23	4.8467e-07	3.6137e-03	2.3600e-01	4.2874e-01	4.3059e-07	8.9156e-04	1.3171e-01	6.9135e-01	1.6614e-01	9.6487e-03	1.1028e-30	0.00e+00	0.00e+00	5.9075e-02
8.42762e+16	1.1122e+04	3.440e-19	2.1544e+02	2.5122e+02	4.2136e-17	7.3959e-04	9.9926e-01	6.3348e-05	7.7940e-02	9.2200e-01	1.3636e-23	4.5637e-07	3.6833e-03	2.4508e-01	4.3674e-01	4.0276e-07	8.7035e-04	1.4033e-01	6.9192e-01	1.5754e-01	9.0969e-03	9.1773e-31	0.00e+00	0.00e+00	1.1478e-01
1.33032e+17	1.0722e+04	3.367e-19	2.1544e+02	2.5120e+02	4.2875e-17	7.1008e-04	9.9929e-01	6.3143e-05	7.9041e-02	9.2090e-01	1.1730e-23	4.3210e-07	3.7229e-03	2.5379e-01	4.4301e-01	3.7012e-07	8.4064e-04	1.4812e-01	6.9215e-01	1.5001e-01	8.6463e-03	7.3123e-31	0.00e+00	0.00e+00	1.5546e-01
1.71038e+17	1.0507e+04	3.331e-19	2.1544e+02	2.5117e+02	4.2986e-17	6.9238e-04	9.9931e-01	6.3689e-05	8.0839e-02	9.1910e-01	1.0793e-23	4.2649e-07	3.7665e-03	2.6133e-01	4.4661e-01	3.5475e-07	8.3108e-04	1.5473e-01	6.9127e-01	1.4464e-01	8.3083e-03	6.3987e-31	0.00e+00	0.00e+00	1.8737e-01
2.10007e+17	1.0380e+04	3.312e-19	2.1544e+02	2.5111e+02	4.3345e-17	6.8352e-04	9.9932e-01	6.5619e-05	8.3967e-02	9.1597e-01	1.0757e-23	4.3822e-07	3.8602e-03	2.7057e-01	4.4929e-01	3.5647e-07	8.4803e-04	1.6294e-01	6.8895e-01	1.3914e-01	7.9200e-03	6.1154e-31	0.00e+00	0.00e+00	2.2832e-01
2.60668e+17	1.0259e+04	3.291e-19	2.1544e+02	2.5103e+02	4.3343e-17	6.7306e-04	9.9933e-01	6.8573e-05	8.8698e-02	9.1123e-01	1.0808e-23	4.5802e-07	3.9860e-03	2.8295e-01	4.5202e-01	3.6206e-07	8.7674e-04	1.7454e-01	6.8481e-01	1.3215e-01	7.4313e-03	5.8316e-31	0.00e+00	0.00e+00	2.8074e-01
3.26526e+17	1.0140e+04	3.274e-19	2.1544e+02	2.5091e+02	4.3194e-17	6.6187e-04	9.9934e-01	7.3522e-05	9.6222e-02	9.0370e-01	1.1179e-23	4.9319e-07	4.1720e-03	3.0020e-01	4.5433e-01	3.7663e-07	9.2900e-04	1.9162e-01	6.7737e-01	1.2310e-01	6.8077e-03	5.6556e-31	0.00e+00	0.00e+00	3.4776e-01
4.12143e+17	1.0095e+04	3.251e-19	2.1544e+02	2.5066e+02	4.1425e-17	6.4757e-04	9.9935e-01	8.1386e-05	1.0832e-01	8.9160e-01	1.1823e-23	5.4514e-07	4.4130e-03	3.2304e-01	4.5571e-01	4.0349e-07	1.0165e-03	2.1743e-01	6.6376e-01	1.1160e-01	6.0348e-03	5.5496e-31	0.00e+00	0.00e+00	4.3299e-01
5.23444e+17	1.0122e+04	3.235e-19	2.1544e+02	2.5029e+02	3.8633e-17	6.3280e-04	9.9937e-01	9.5926e-05	1.2983e-01	8.7007e-01	1.3414e-23	6.3607e-07	4.7739e-03	3.5507e-01	4.5467e-01	4.6004e-07	1.1804e-03	2.5937e-01	6.3794e-01	9.6336e-02	5.0460e-03	5.7595e-31	0.00e+00	0.00e+00	5.4127e-01
6.32117e+17	1.0251e+04	3.229e-19	2.1544e+02	2.4973e+02	3.3126e-17	6.0662e-04	9.9939e-01	1.1493e-04	1.6041e-01	8.3947e-01	1.3966e-23	7.2206e-07	5.0599e-03	3.8712e-01	4.5088e-01	5.1249e-07	1.3656e-03	3.1218e-01	6.0089e-01	8.1311e-02	4.1523e-03	5.5059e-31	0.00e+00	0.00e+00	6.1678e-01
7.08945e+17	1.0416e+04	3.238e-19	2.1544e+02	2.4913e+02	2.9237e-17	5.9075e-04	9.9941e-01	1.3565e-04	1.9266e-01	8.0721e-01	1.5078e-23	8.0298e-07	5.3052e-03	4.1154e-01	4.4674e-01	5.7670e-07	1.5669e-03	3.6153e-01	5.6355e-01	6.9771e-02	3.4937e-03	5.6170e-31	0.00e+00	0.00e+00	6.6670e-01
7.65893e+17	1.0562e+04	3.252e-19	2.1544e+02	2.4853e+02	2.7007e-17	5.8319e-04	9.9942e-01	1.5669e-04	2.2449e-01	7.7535e-01	1.6620e-23	8.7802e-07	5.5156e-03	4.3038e-01	4.4317e-01	6.4547e-07	1.7643e-03	4.0590e-01	5.2862e-01	6.0654e-02	2.9860e-03	5.9948e-31	0.00e+00	0.00e+00	7.0775e-01
8.16907e+17	1.0696e+04	3.265e-19	2.1544e+02	2.4787e+02	2.5448e-17	5.7970e-04	9.9942e-01	1.8110e-04	2.6015e-01	7.3967e-01	1.8699e-23	9.5804e-07	5.7366e-03	4.4744e-01	4.3972e-01	7.2982e-07	1.9912e-03	4.5145e-01	4.9173e-01	5.2233e-02	2.5292e-03	6.5584e-31	0.00e+00	0.00e+00	7.4738e-01
8.66080e+17	1.0820e+04	3.278e-19	2.1544e+02	2.4716e+02	2.4295e-17	5.7845e-04	9.9942e-01	2.1091e-04	3.0259e-01	6.9720e-01	2.1319e-23	1.0449e-06	5.9700e-03	4.6377e-01	4.3621e-01	8.3254e-07	2.2572e-03	5.0056e-01	4.5096e-01	4.4068e-02	2.0994e-03	7.3055e-31	0.00e+00	0.00e+00	7.8521e-01
9.12062e+17	1.0936e+04	3.284e-19	2.1544e+02	2.4645e+02	2.3362e-17	5.7830e-04	9.9942e-01	2.4522e-04	3.5066e-01	6.4909e-01	2.4214e-23	1.1312e-06	6.1940e-03	4.7854e-01	4.3298e-01	9.4722e-07	2.5479e-03	5.5072e-01	4.0840e-01	3.6568e-02	1.7165e-03	8.1490e-31	0.00e+00	0.00e+00	8.1972e-01
9.54309e+17	1.0996e+04	3.284e-19	2.1544e+02	2.4523e+02	2.3113e-17	5.8085e-04	9.9942e-01	2.8134e-04	4.0242e-01	5.9730e-01	2.7060e-23	1.2126e-06	6.3857e-03	4.9170e-01	4.3003e-01	1.0613e-06	2.8259e-03	5.9935e-01	3.6640e-01	2.9994e-02	1.3917e-03	9.0065e-31	0.00e+00	0.00e+00	8.5180e-01
1.00101e+18	1.1021e+04	3.262e-19	2.1544e+02	2.4400e+02	2.3675e-17	5.8917e-04	9.9941e-01	3.2982e-04	4.6708e-01	5.3259e-01	3.2027e-23	1.3212e-06	6.6567e-03	5.0608e-01	4.2647e-01	1.2304e-06	3.2051e-03	6.5464e-01	3.1786e-01	2.3198e-02	1.0625e-03	1.0585e-30	0.00e+00	0.00e+00	8.9410e-01
1.04973e+18	1.1006e+04	3.223e-19	2.1544e+02	2.4272e+02	2.4572e-17	5.9859e-04	9.9940e-01	3.8522e-04	5.4051e-01	4.5911e-01	3.6992e-23	1.4270e-06	6.9044e-03	5.1963e-01	4.2276e-01	1.4065e-06	3.5869e-03	7.0999e-01	2.6838e-01	1.7238e-02	7.8287e-04	1.2198e-30	0.00e+00	0.00e+00	9.3045e-01
1.09198e+18	1.0938e+04	3.164e-19	2.1544e+02	2.4149e+02	2.6016e-17	6.1024e-04	9.9939e-01	4.3653e-04	6.0576e-01	3.9380e-01	4.2124e-23	1.5237e-06	7.1344e-03	5.3069e-01	4.1931e-01	1.5792e-06	3.9347e-03	7.5483e-01	2.2768e-01	1.2946e-02	5.8625e-04	1.3838e-30	0.00e+00	0.00e+00	9.6351e-01
1.13780e+18	1.0806e+04	3.076e-19	2.1544e+02	2.4024e+02	2.8739e-17	6.2825e-04	9.9937e-01	4.9358e-04	6.7309e-01	3.2642e-01	4.9456e-23	1.6403e-06	7.4164e-03	5.4227e-01	4.1485e-01	1.7918e-06	4.3213e-03	7.9806e-01	1.8792e-01	9.2677e-03	4.2034e-04	1.6215e-30	0.00e+00	0.00e+00	1.0078e+00
1.18938e+18	1.0624e+04	2.965e-19	2.1544e+02	2.3902e+02	3.2478e-17	6.4944e-04	9.9935e-01	5.5229e-04	7.3905e-01	2.6040e-01	5.7802e-23	1.7628e-06	7.7104e-03	5.5374e-01	4.0961e-01	2.0214e-06	4.7058e-03	8.3755e-01	1.5107e-01	6.3737e-03	2.9201e-04	1.8903e-30	0.00e+00	0.00e+00	1.0531e+00
1.24011e+18	1.0425e+04	2.852e-19	2.1544e+02	2.3800e+02	3.7053e-17	6.7210e-04	9.9933e-01	6.0363e-04	7.9238e-01	2.0701e-01	6.6732e-23	1.8811e-06	7.9937e-03	5.6389e-01	4.0413e-01	2.2446e-06	5.0436e-03	8.6818e-01	1.2211e-01	4.4513e-03	2.0727e-04	2.1758e-30	0.00e+00	0.00e+00	1.0989e+00
1.29773e+18	1.0196e+04	2.730e-19	2.1544e+02	2.3710e+02	4.3454e-17	7.0063e-04	9.9930e-01	6.5509e-04	8.3976e-01	1.5959e-01	7.8612e-23	2.0196e-06	8.3230e-03	5.7441e-01	3.9755e-01	2.5049e-06	5.3935e-03	8.9493e-01	9.6498e-02	3.0277e-03	1.4397e-04	2.5557e-30	0.00e+00	0.00e+00	1.1610e+00
1.37262e+18	9.9384e+03	2.597e-19	2.1544e+02	2.3629e+02	5.2647e-17	7.3747e-04	9.9926e-01	7.0901e-04	8.8334e-01	1.1595e-01	9.4774e-23	2.1884e-06	8.7140e-03	5.8597e-01	3.8940e-01	2.8238e-06	5.7694e-03	9.1937e-01	7.2790e-02	1.9678e-03	9.5474e-05	3.0753e-30	0.00e+00	0.00e+00	1.2459e+00
1.45502e+18	9.7217e+03	2.487e-19	2.1544e+02	2.3568e+02	6.2431e-17	7.7484e-04	9.9923e-01	7.5251e-04	9.1462e-01	8.4631e-02	1.1098e-22	2.3479e-06	9.0689e-03	5.9597e-01	3.8172e-01	3.1332e-06	6.0857e-03	9.3699e-01	5.5486e-02	1.3634e-03	6.6111e-05	3.5923e-30	0.00e+00	0.00e+00	1.3303e+00
1.54717e+18	9.5380e+03	2.396e-19	2.1544e+02	2.3522e+02	7.4522e-17	8.1847e-04	9.9918e-01	7.9229e-04	9.3774e-01	6.1471e-02	1.3230e-22	2.5263e-06	9.4475e-03	6.0546e-01	3.7386e-01	3.4863e-06	6.3936e-03	9.5040e-01	4.2155e-02	1.0002e-03	4.6618e-05	4.3124e-30	0.00e+00	0.00e+00	1.4463e+00
1.66697e+18	9.3852e+03	2.320e-19	2.1544e+02	2.3486e+02	8.9898e-17	8.7481e-04	9.9913e-01	8.3211e-04	9.5629e-01	4.2881e-02	1.6123e-22	2.7417e-06	9.8762e-03	6.1536e-01	3.6519e-01	3.9326e-06	6.7164e-03	9.6149e-01	3.0993e-02	7.6821e-04	3.2246e-05	5.3303e-30	0.00e+00	0.00e+00	1.6074e+00
1.82141e+18	9.2866e+03	2.269e-19	2.1544e+02	2.3459e+02	1.0989e-16	9.4963e-04	9.9905e-01	8.7211e-04	9.7012e-01	2.9005e-02	2.0379e-22	3.0070e-06	1.0364e-02	6.2554e-01	3.5586e-01	4.5239e-06	7.0618e-03	9.7006e-01	2.2219e-02	6.3269e-04	2.2018e-05	6.9631e-30	0.00e+00	0.00e+00	1.8314e+00
2.00355e+18	9.2682e+03	2.250e-19	2.1544e+02	2.3440e+02	1.3342e-16	1.0447e-03	9.9896e-01	9.0959e-04	9.7922e-01	1.9868e-02	2.6335e-22	3.3133e-06	1.0877e-02	6.3518e-01	3.4667e-01	5.2865e-06	7.4179e-03	9.7588e-01	1.6120e-02	5.6277e-04	1.5357e-05	9.4758e-30	0.00e+00	0.00e+00	2.1025e+00
2.20391e+18	9.3240e+03	2.263e-19	2.1544e+02	2.3426e+02	1.6169e-16	1.1649e-03	9.9884e-01	9.4753e-04	9.8498e-01	1.4074e-02	3.5209e-22	3.6743e-06	1.1438e-02	6.4450e-01	3.3750e-01	6.2988e-06	7.8071e-03	9.7963e-01	1.2016e-02	5.2669e-04	1.1029e-05	1.3583e-29	0.00e+00	0.00e+00	2.4351e+00
2.42430e+18	9.4481e+03	2.305e-19	2.1544e+02	2.3415e+02	1.9879e-16	1.3226e-03	9.9868e-01	9.9029e-04	9.8876e-01	1.0253e-02	4.9761e-22	4.1177e-06	1.2097e-02	6.5420e-01	3.2772e-01	7.7315e-06	8.2726e-03	9.8206e-01	9.1436e-03	5.0653e-04	8.0576e-06	2.1045e-29	0.00e+00	0.00e+00	2.8504e+00
2.66673e+18	9.6368e+03	2.376e-19	2.1544e+02	2.3406e+02	2.5112e-16	1.5373e-03	9.9846e-01	1.0418e-03	9.9131e-01	7.6488e-03	7.5917e-22	4.6905e-06	1.2924e-02	6.6514e-01	3.1647e-01	9.9053e-06	8.8828e-03	9.8356e-01	7.0500e-03	4.9438e-04	5.9204e-06	3.5937e-29	0.00e+00	0.00e+00	3.3813e+00
2.91105e+18	9.8759e+03	2.473e-19	2.1544e+02	2.3396e+02	3.2257e-16	1.8160e-03	9.9818e-01	1.1016e-03	9.9292e-01	5.9770e-03	1.2244e-21	5.3851e-06	1.3914e-02	6.7697e-01	3.0411e-01	1.3137e-05	9.6716e-03	9.8421e-01	5.6135e-03	4.8745e-04	4.4575e-06	6.5636e-29	0.00e+00	0.00e+00	3.9609e+00
3.12547e+18	1.0117e+04	2.577e-19	2.1544e+02	2.3387e+02	4.1122e-16	2.1331e-03	9.9787e-01	1.1665e-03	9.9386e-01	4.9729e-03	1.9795e-21	6.1413e-06	1.4998e-02	6.8878e-01	2.9160e-01	1.7441e-05	1.0594e-02	9.8422e-01	4.6785e-03	4.8351e-04	3.5073e-06	1.1923e-28	0.00e+00	0.00e+00	4.5242e+00
3.30595e+18	1.0329e+04	2.675e-19	2.1544e+02	2.3379e+02	5.1561e-16	2.4686e-03	9.9753e-01	1.2329e-03	9.9443e-01	4.3322e-03	3.1237e-21	6.9314e-06	1.6146e-02	7.0035e-01	2.7922e-01	2.2787e-05	1.1613e-02	9.8385e-01	4.0299e-03	4.8064e-04	2.8591e-06	2.0752e-28	0.00e+00	0.00e+00	5.0841e+00
3.46887e+18	1.0522e+04	2.768e-19	2.1544e+02	2.3370e+02	6.4414e-16	2.8378e-03	9.9716e-01	1.3075e-03	9.9483e-01	3.8582e-03	4.9229e-21	7.7990e-06	1.7421e-02	7.1227e-01	2.6634e-01	2.9679e-05	1.2783e-02	9.8319e-01	3.5118e-03	4.7800e-04	2.3598e-06	3.5672e-28	0.00e+00	0.00e+00	5.6980e+00
3.65177e+18	1.0728e+04	2.874e-19	2.1544e+02	2.3359e+02	8.4463e-16	3.3392e-03	9.9666e-01	1.4105e-03	9.9519e-01	3.3956e-03	8.6063e-21	8.9978e-06	1.9198e-02	7.2756e-01	2.4963e-01	4.0851e-05	1.4452e-02	9.8205e-01	2.9765e-03	4.7435e-04	1.8758e-06	6.8354e-28	0.00e+00	0.00e+00	6.6369e+00
3.79916e+18	1.0922e+04	2.979e-19	2.1544e+02	2.3346e+02	1.0767e-15	3.8831e-03	9.9612e-01	1.5143e-03	9.9537e-01	3.1198e-03	1.4344e-20	1.0203e-05	2.0989e-02	7.4087e-01	2.3483e-01	5.5498e-05	1.6378e-02	9.8045e-01	2.6458e-03	4.7233e-04	1.5603e-06	1.2338e-27	0.00e+00	0.00e+00	7.1018e+00
3.86303e+18	1.1018e+04	3.023e-19	2.1544e+02	2.3339e+02	1.1994e-15	4.1548e-03	9.9585e-01	1.5705e-03	9.9539e-01	3.0440e-03	1.8194e-20	1.0816e-05	2.1906e-02	7.4703e-01	2.2788e-01	6.3961e-05	1.7397e-02	9.7954e-01	2.5231e-03	4.7153e-04	1.4411e-06	1.6185e-27	0.00e+00	0.00e+00	7.3261e+00
3.90870e+18	1.1055e+04	3.056e-19	2.1544e+02	2.3334e+02	1.3119e-15	4.3632e-03	9.9564e-01	1.6137e-03	9.9541e-01	2.9727e-03	2.1772e-20	1.1313e-05	2.2650e-02	7.5203e-01	2.2224e-01	7.0836e-05	1.8172e-02	9.7888e-01	2.4084e-03	4.7005e-04	1.3473e-06	1.9781e-27	0.00e+00	0.00e+00	7.6325e+00
3.96807e+18	1.1120e+04	3.096e-19	2.1544e+02	2.3327e+02	1.4658e-15	4.6478e-03	9.9535e-01	1.6716e-03	9.9545e-01	2.8742e-03	2.7521e-20	1.1988e-05	2.3659e-02	7.5847e-01	2.1492e-01	8.0994e-05	1.9261e-02	9.7792e-01	2.2647e-03	4.6838e-04	1.2337e-06	2.5702e-27	0.00e+00	0.00e+00	8.0567e+00
4.04525e+18	1.1216e+04	3.146e-19	2.1544e+02	2.3320e+02	1.6962e-15	5.0542e-03	9.9495e-01	1.7521e-03	9.9550e-01	2.7469e-03	3.7751e-20	1.2949e-05	2.5091e-02	7.6702e-01	2.0510e-01	9.7010e-05	2.0866e-02	9.7648e-01	2.0864e-03	4.6623e-04	1.0973e-06	3.6599e-27	0.00e+00	0.00e+00	8.6564e+00
4.12509e+18	1.1298e+04	3.207e-19	2.1544e+02	2.3308e+02	2.0040e-15	5.5536e-03	9.9445e-01	1.8510e-03	9.9553e-01	2.6234e-03	5.3686e-20	1.4098e-05	2.6813e-02	7.7625e-01	1.9432e-01	1.1912e-04	2.2912e-02	9.7459e-01	1.9190e-03	4.6359e-04	9.6777e-07	5.3965e-27	0.00e+00	0.00e+00	9.2035e+00
4.18441e+18	1.1362e+04	3.256e-19	2.1544e+02	2.3298e+02	2.2880e-15	5.9822e-03	9.9402e-01	1.9355e-03	9.9552e-01	2.5481e-03	7.1103e-20	1.5075e-05	2.8274e-02	7.8334e-01	1.8591e-01	1.4042e-04	2.4736e-02	9.7286e-01	1.8045e-03	4.6149e-04	8.7899e-07	7.3516e-27	0.00e+00	0.00e+00	9.5795e+00
4.22646e+18	1.1426e+04	3.285e-19	2.1544e+02	2.3290e+02	2.4978e-15	6.3014e-03	9.9370e-01	1.9995e-03	9.9550e-01	2.5033e-03	8.6900e-20	1.5808e-05	2.9376e-02	7.8833e-01	1.7990e-01	1.5791e-04	2.6153e-02	9.7150e-01	1.7244e-03	4.6020e-04	8.2037e-07	9.1616e-27	0.00e+00	0.00e+00	9.9041e+00
4.27003e+18	1.1453e+04	3.323e-19	2.1544e+02	2.3282e+02	2.7836e-15	6.6685e-03	9.9333e-01	2.0738e-03	9.9548e-01	2.4459e-03	1.0842e-19	1.6670e-05	3.0661e-02	7.9392e-01	1.7313e-01	1.7913e-04	2.7763e-02	9.6997e-01	1.6326e-03	4.5793e-04	7.5784e-07	1.1645e-26	0.00e+00	0.00e+00	1.0351e+01
4.32667e+18	1.1501e+04	3.370e-19	2.1544e+02	2.3274e+02	3.2078e-15	7.1845e-03	9.9282e-01	2.1757e-03	9.9545e-01	2.3697e-03	1.4584e-19	1.7889e-05	3.2456e-02	8.0112e-01	1.6426e-01	2.1191e-04	3.0102e-02	9.6771e-01	1.5179e-03	4.5493e-04	6.8227e-07	1.6098e-26	0.00e+00	0.00e+00	1.0976e+01
4.38403e+18	1.1580e+04	3.417e-19	2.1544e+02	2.3258e+02	3.6840e-15	7.7832e-03	9.9222e-01	2.2913e-03	9.9541e-01	2.3004e-03	1.9943e-19	1.9227e-05	3.4474e-02	8.0829e-01	1.5519e-01	2.5481e-04	3.2963e-02	9.6492e-01	1.4120e-03	4.5231e-04	6.1235e-07	2.2568e-26	0.00e+00	0.00e+00	1.1513e+01
4.42735e+18	1.1614e+04	3.460e-19	2.1544e+02	2.3247e+02	4.1639e-15	8.3051e-03	9.9169e-01	2.3927e-03	9.9535e-01	2.2528e-03	2.5787e-19	2.0403e-05	3.6226e-02	8.1388e-01	1.4795e-01	2.9585e-04	3.5502e-02	9.6242e-01	1.3338e-03	4.4955e-04	5.6120e-07	2.9775e-26	0.00e+00	0.00e+00	1.1919e+01
4.46177e+18	1.1649e+04	3.491e-19	2.1544e+02	2.3237e+02	4.5774e-15	8.7427e-03	9.9126e-01	2.4791e-03	9.9530e-01	2.2184e-03	3.1696e-19	2.1398e-05	3.7714e-02	8.1826e-01	1.4216e-01	3.3347e-04	3.7707e-02	9.6024e-01	1.2720e-03	4.4735e-04	5.2298e-07	3.7153e-26	0.00e+00	0.00e+00	1.2310e+01
4.49958e+18	1.1683e+04	3.525e-19	2.1544e+02	2.3226e+02	5.0953e-15	9.2547e-03	9.9075e-01	2.5809e-03	9.9524e-01	2.1769e-03	3.9956e-19	2.2578e-05	3.9470e-02	8.2308e-01	1.3568e-01	3.8086e-04	4.0328e-02	9.5764e-01	1.2023e-03	4.4462e-04	4.8239e-07	4.7593e-26	0.00e+00	0.00e+00	1.2848e+01
4.54874e+18	1.1733e+04	3.568e-19	2.1544e+02	2.3208e+02	5.8673e-15	9.9847e-03	9.9002e-01	2.7254e-03	9.9515e-01	2.1209e-03	5.4492e-19	2.4241e-05	4.1950e-02	8.2919e-01	1.2719e-01	4.5546e-04	4.4192e-02	9.5380e-01	1.1143e-03	4.4088e-04	4.3295e-07	6.6268e-26	0.00e+00	0.00e+00	1.3603e+01
4.59694e+18	1.1761e+04	3.625e-19	2.1544e+02	2.3196e+02	6.9084e-15	1.0851e-02	9.8915e-01	2.8905e-03	9.9504e-01	2.0655e-03	7.6535e-19	2.6176e-05	4.4776e-02	8.3513e-01	1.1854e-01	5.5404e-04	4.8897e-02	9.4908e-01	1.0318e-03	4.3616e-04	3.8588e-07	9.5497e-26	0.00e+00	0.00e+00	1.4205e+01
4.63125e+18	1.1797e+04	3.660e-19	2.1544e+02	2.3180e+02	7.7317e-15	1.1532e-02	9.8847e-01	3.0212e-03	9.9494e-01	2.0350e-03	9.8173e-19	2.7670e-05	4.7008e-02	8.3914e-01	1.1236e-01	6.4113e-04	5.2791e-02	9.4516e-01	9.7579e-04	4.3282e-04	3.5495e-07	1.2442e-25	0.00e+00	0.00e+00	1.4641e+01
4.65815e+18	1.1824e+04	3.686e-19	2.1544e+02	2.3161e+02	8.4364e-15	1.2093e-02	9.8791e-01	3.1336e-03	9.9486e-01	2.0113e-03	1.1933e-18	2.8890e-05	4.8877e-02	8.4217e-01	1.0753e-01	7.1906e-04	5.6089e-02	9.4183e-01	9.3204e-04	4.3007e-04	3.3204e-07	1.5264e-25	0.00e+00	0.00e+00	1.5069e+01
4.68806e+18	1.1841e+04	3.717e-19	2.1544e+02	2.3148e+02	9.3687e-15	1.2758e-02	9.8724e-01	3.2660e-03	9.9475e-01	1.9815e-03	1.4935e-18	3.0399e-05	5.1110e-02	8.4544e-01	1.0209e-01	8.1776e-04	6.0033e-02	9.3784e-01	8.8263e-04	4.2643e-04	3.0732e-07	1.9344e-25	0.00e+00	0.00e+00	1.5655e+01
4.72695e+18	1.1857e+04	3.760e-19	2.1544e+02	2.3133e+02	1.0820e-14	1.3711e-02	9.8629e-01	3.4551e-03	9.9460e-01	1.9400e-03	2.0244e-18	3.2567e-05	5.4276e-02	8.4944e-01	9.5006e-02	9.7265e-04	6.5829e-02	9.3196e-01	8.1978e-04	4.2112e-04	2.7675e-07	2.6697e-25	0.00e+00	0.00e+00	1.6475e+01
4.76610e+18	1.1900e+04	3.803e-19	2.1544e+02	2.3103e+02	1.2518e-14	1.4833e-02	9.8517e-01	3.6699e-03	9.9443e-01	1.9018e-03	2.8039e-18	3.4929e-05	5.7856e-02	8.5307e-01	8.7874e-02	1.1782e-03	7.2984e-02	9.2466e-01	7.5911e-04	4.1556e-04	2.4756e-07	3.7609e-25	0.00e+00	0.00e+00	1.7168e+01
4.79530e+18	1.1906e+04	3.842e-19	2.1544e+02	2.3082e+02	1.4187e-14	1.5792e-02	9.8421e-01	3.8569e-03	9.9427e-01	1.8742e-03	3.6453e-18	3.6990e-05	6.0919e-02	8.5550e-01	8.2448e-02	1.3720e-03	7.9234e-02	9.1827e-01	7.1445e-04	4.1038e-04	2.2639e-07	4.9577e-25	0.00e+00	0.00e+00	1.7685e+01
4.81852e+18	1.1909e+04	3.869e-19	2.1544e+02	2.3066e+02	1.5676e-14	1.6589e-02	9.8341e-01	4.0174e-03	9.9413e-01	1.8533e-03	4.4971e-18	3.8765e-05	6.3524e-02	8.5717e-01	7.8214e-02	1.5479e-03	8.4598e-02	9.1277e-01	6.7995e-04	4.0600e-04	2.1075e-07	6.1810e-25	0.00e+00	0.00e+00	1.8189e+01
4.84422e+18	1.1916e+04	3.896e-19	2.1544e+02	2.3047e+02	1.7481e-14	1.7518e-02	9.8248e-01	4.2060e-03	9.9397e-01	1.8288e-03	5.6768e-18	4.0826e-05	6.6580e-02	8.5880e-01	7.3579e-02	1.7692e-03	9.0979e-02	9.0621e-01	6.4204e-04	4.0090e-04	1.9438e-07	7.8814e-25	0.00e+00	0.00e+00	1.8881e+01
4.87763e+18	1.1920e+04	3.936e-19	2.1544e+02	2.3024e+02	2.0303e-14	1.8864e-02	9.8114e-01	4.4770e-03	9.9373e-01	1.7947e-03	7.7893e-18	4.3776e-05	7.0935e-02	8.6050e-01	6.7598e-02	2.1204e-03	1.0041e-01	8.9648e-01	5.9353e-04	3.9347e-04	1.7400e-07	1.0972e-24	0.00e+00	0.00e+00	1.9851e+01
4.91117e+18	1.1936e+04	3.978e-19	2.1544e+02	2.2975e+02	2.3807e-14	2.0472e-02	9.7953e-01	4.7913e-03	9.9345e-01	1.7615e-03	1.0978e-17	4.7021e-05	7.5900e-02	8.6158e-01	6.1619e-02	2.5925e-03	1.1211e-01	8.8436e-01	5.4576e-04	3.8518e-04	1.5423e-07	1.5695e-24	0.00e+00	0.00e+00	2.0667e+01
4.93615e+18	1.1932e+04	4.012e-19	2.1544e+02	2.2949e+02	2.7162e-14	2.1839e-02	9.7816e-01	5.0626e-03	9.9320e-01	1.7383e-03	1.4450e-17	4.9881e-05	8.0159e-02	8.6183e-01	5.7160e-02	3.0383e-03	1.2232e-01	8.7376e-01	5.1073e-04	3.7774e-04	1.4000e-07	2.0915e-24	0.00e+00	0.00e+00	2.1280e+01
4.95619e+18	1.1924e+04	4.036e-19	2.1544e+02	2.2926e+02	3.0219e-14	2.2988e-02	9.7701e-01	5.2998e-03	9.9298e-01	1.7201e-03	1.8024e-17	5.2371e-05	8.3824e-02	8.6166e-01	5.3693e-02	3.4472e-03	1.3113e-01	8.6457e-01	4.8373e-04	3.7141e-04	1.2946e-07	2.6323e-24	0.00e+00	0.00e+00	2.1887e+01
4.97854e+18	1.1916e+04	4.060e-19	2.1544e+02	2.2899e+02	3.4021e-14	2.4345e-02	9.7566e-01	5.5828e-03	9.9272e-01	1.6986e-03	2.3083e-17	5.5286e-05	8.8168e-02	8.6115e-01	4.9907e-02	3.9691e-03	1.4170e-01	8.5351e-01	4.5414e-04	3.6396e-04	1.1838e-07	3.4005e-24	0.00e+00	0.00e+00	2.2724e+01
5.00760e+18	1.1899e+04	4.096e-19	2.1544e+02	2.2865e+02	4.0104e-14	2.6340e-02	9.7366e-01	5.9940e-03	9.9234e-01	1.6685e-03	3.2362e-17	5.9495e-05	9.4403e-02	8.5981e-01	4.5064e-02	4.8089e-03	1.5741e-01	8.3701e-01	4.1609e-04	3.5306e-04	1.0452e-07	4.8313e-24	0.00e+00	0.00e+00	2.3901e+01
5.03719e+18	1.1883e+04	4.141e-19	2.1544e+02	2.2818e+02	4.8375e-14	2.8834e-02	9.7117e-01	6.4898e-03	9.9187e-01	1.6380e-03	4.7396e-17	6.4451e-05	1.0180e-01	8.5737e-01	4.0157e-02	5.9833e-03	1.7733e-01	8.1597e-01	3.7698e-04	3.3988e-04	1.1755e-36	7.2008e-24	0.00e+00	0.00e+00	2.4933e+01
5.05990e+18	1.1867e+04	4.170e-19	2.1544e+02	2.2766e+02	5.6257e-14	3.1013e-02	9.6899e-01	6.9335e-03	9.9145e-01	1.6163e-03	6.4453e-17	6.8727e-05	1.0830e-01	8.5457e-01	3.6495e-02	7.1358e-03	1.9521e-01	7.9697e-01	3.4785e-04	3.2855e-04	1.1755e-36	9.9072e-24	0.00e+00	0.00e+00	2.5739e+01
5.07861e+18	1.1849e+04	4.188e-19	2.1544e+02	2.2717e+02	6.3757e-14	3.2919e-02	9.6708e-01	7.3367e-03	9.9106e-01	1.5986e-03	8.3054e-17	7.2527e-05	1.1410e-01	8.5168e-01	3.3611e-02	8.2414e-03	2.1114e-01	7.7997e-01	3.2501e-04	3.1867e-04	1.1755e-36	1.2866e-23	0.00e+00	0.00e+00	2.6558e+01
5.09965e+18	1.1823e+04	4.208e-19	2.1544e+02	2.2658e+02	7.3682e-14	3.5247e-02	9.6475e-01	7.8321e-03	9.9059e-01	1.5768e-03	1.1085e-16	7.7077e-05	1.2113e-01	8.4783e-01	3.0474e-02	9.6995e-03	2.3053e-01	7.5916e-01	3.0000e-04	3.0680e-04	1.1755e-36	1.7313e-23	0.00e+00	0.00e+00	2.7698e+01
5.12700e+18	1.1786e+04	4.238e-19	2.1544e+02	2.2578e+02	9.0233e-14	3.8759e-02	9.6124e-01	8.5671e-03	9.8989e-01	1.5475e-03	1.6484e-16	8.3765e-05	1.3134e-01	8.4159e-01	2.6538e-02	1.2114e-02	2.5945e-01	7.2788e-01	2.6796e-04	2.8943e-04	1.1755e-36	2.6134e-23	0.00e+00	0.00e+00	2.9328e+01
5.15487e+18	1.1745e+04	4.279e-19	2.1544e+02	2.2478e+02	1.1462e-13	4.3380e-02	9.5662e-01	9.4947e-03	9.8899e-01	1.5175e-03	2.6070e-16	9.1925e-05	1.4390e-01	8.3302e-01	2.2594e-02	1.5661e-02	2.9649e-01	6.8735e-01	2.3432e-04	2.6782e-04	1.1755e-36	4.2275e-23	0.00e+00	0.00e+00	3.0793e+01
5.17577e+18	1.1694e+04	4.310e-19	2.1544e+02	2.2409e+02	1.4030e-13	4.7574e-02	9.5243e-01	1.0365e-02	9.8814e-01	1.4942e-03	3.7930e-16	9.9521e-05	1.5528e-01	8.2452e-01	1.9741e-02	1.9244e-02	3.2925e-01	6.5105e-01	2.0953e-04	2.4893e-04	1.1755e-36	6.2665e-23	0.00e+00	0.00e+00	3.1891e+01
5.19167e+18	1.1667e+04	4.314e-19	2.1544e+02	2.2314e+02	1.6231e-13	5.0958e-02	9.4904e-01	1.1093e-02	9.8743e-01	1.4790e-03	5.0024e-16	1.0530e-04	1.6462e-01	8.1720e-01	1.7743e-02	2.2419e-02	3.5564e-01	6.2151e-01	1.9221e-04	2.3451e-04	1.1755e-36	8.3374e-23	0.00e+00	0.00e+00	3.2919e+01
5.20873e+18	1.1615e+04	4.323e-19	2.1544e+02	2.2226e+02	1.9209e-13	5.4974e-02	9.4503e-01	1.1970e-02	9.8657e-01	1.4596e-03	6.7745e-16	1.1231e-04	1.7555e-01	8.0834e-01	1.5699e-02	2.6396e-02	3.8517e-01	5.8804e-01	1.7439e-04	2.1820e-04	1.1755e-36	1.1418e-22	0.00e+00	0.00e+00	3.4361e+01
5.23091e+18	1.1553e+04	4.342e-19	2.1544e+02	2.2125e+02	2.4343e-13	6.1258e-02	9.3874e-01	1.3300e-02	9.8527e-01	1.4331e-03	1.0321e-15	1.2266e-04	1.9163e-01	7.9481e-01	1.3167e-02	3.3022e-02	4.2768e-01	5.3895e-01	1.5144e-04	1.9484e-04	1.1755e-36	1.7778e-22	0.00e+00	0.00e+00	3.6450e+01
5.25226e+18	1.1490e+04	4.369e-19	2.1544e+02	2.1971e+02	3.1957e-13	6.9432e-02	9.3057e-01	1.4934e-02	9.8366e-01	1.4094e-03	1.6444e-15	1.3457e-04	2.1057e-01	7.7824e-01	1.0815e-02	4.2250e-02	4.7644e-01	4.8101e-01	1.2845e-04	1.6856e-04	1.1755e-36	2.9247e-22	0.00e+00	0.00e+00	3.8116e+01
5.26659e+18	1.1456e+04	4.352e-19	2.1544e+02	2.1764e+02	3.8318e-13	7.5528e-02	9.2447e-01	1.6223e-02	9.8238e-01	1.3989e-03	2.2389e-15	1.4287e-04	2.2488e-01	7.6536e-01	9.4015e-03	4.9719e-02	5.1048e-01	4.3953e-01	1.1459e-04	1.5108e-04	1.1755e-36	4.0434e-22	0.00e+00	0.00e+00	3.9248e+01
5.27730e+18	1.1394e+04	4.347e-19	2.1544e+02	2.1670e+02	4.4589e-13	8.0630e-02	9.1937e-01	1.7364e-02	9.8125e-01	1.3867e-03	2.8474e-15	1.5055e-04	2.3704e-01	7.5421e-01	8.3966e-03	5.6099e-02	5.3539e-01	4.0827e-01	1.0479e-04	1.3772e-04	1.1755e-36	5.2085e-22	0.00e+00	0.00e+00	4.0388e+01
5.28926e+18	1.1356e+04	4.327e-19	2.1544e+02	2.1527e+02	5.2208e-13	8.6664e-02	9.1334e-01	1.8699e-02	9.7993e-01	1.3756e-03	3.6877e-15	1.5870e-04	2.5098e-01	7.4132e-01	7.3658e-03	6.3899e-02	5.6234e-01	3.7354e-01	9.4728e-05	1.2348e-04	1.1755e-36	6.8390e-22	0.00e+00	0.00e+00	4.1982e+01
5.30480e+18	1.1283e+04	4.308e-19	2.1544e+02	2.1306e+02	6.5908e-13	9.6107e-02	9.0389e-01	2.0708e-02	9.7793e-01	1.3604e-03	5.2684e-15	1.7036e-04	2.7098e-01	7.2258e-01	6.1107e-03	7.6237e-02	5.9697e-01	3.2661e-01	8.1969e-05	1.0470e-04	1.1755e-36	1.0016e-21	0.00e+00	0.00e+00	4.4279e+01
5.32052e+18	1.1210e+04	4.295e-19	2.1544e+02	2.1045e+02	8.6844e-13	1.0885e-01	8.9115e-01	2.3278e-02	9.7537e-01	1.3488e-03	7.9358e-15	1.8410e-04	2.9516e-01	6.9961e-01	4.9145e-03	9.3051e-02	6.3232e-01	2.7448e-01	6.8853e-05	8.4532e-05	1.1755e-36	1.5675e-21	0.00e+00	0.00e+00	4.6330e+01
5.33203e+18	1.1140e+04	4.273e-19	2.1544e+02	2.0849e+02	1.0854e-12	1.2018e-01	8.7982e-01	2.5674e-02	9.7299e-01	1.3391e-03	1.0940e-14	1.9616e-04	3.1631e-01	6.7927e-01	4.1108e-03	1.0819e-01	6.5586e-01	2.3583e-01	5.9858e-05	7.0122e-05	1.1755e-36	2.2275e-21	0.00e+00	0.00e+00	4.7830e+01
5.34053e+18	1.1094e+04	4.220e-19	2.1544e+02	2.0597e+02	1.2638e-12	1.2849e-01	8.7151e-01	2.7557e-02	9.7111e-01	1.3373e-03	1.3533e-14	2.0409e-04	3.3213e-01	6.6395e-01	3.6043e-03	1.1954e-01	6.7026e-01	2.1009e-01	5.4353e-05	6.1116e-05	1.1755e-36	2.7937e-21	0.00e+00	0.00e+00	4.9199e+01
5.34954e+18	1.1027e+04	4.180e-19	2.1544e+02	2.0420e+02	1.5068e-12	1.3862e-01	8.6138e-01	2.9880e-02	9.6879e-01	1.3305e-03	1.7208e-14	2.1428e-04	3.5072e-01	6.4587e-01	3.0947e-03	1.3313e-01	6.8272e-01	1.8405e-01	4.8751e-05	5.1989e-05	1.1755e-36	3.6284e-21	0.00e+00	0.00e+00	5.1119e+01
5.36125e+18	1.0952e+04	4.113e-19	2.1544e+02	2.0089e+02	1.9106e-12	1.5383e-01	8.4617e-01	3.3235e-02	9.6544e-01	1.3281e-03	2.3585e-14	2.2685e-04	3.7605e-01	6.2113e-01	2.5042e-03	1.5334e-01	6.9466e-01	1.5192e-01	4.1970e-05	4.1213e-05	1.1755e-36	5.1319e-21	0.00e+00	0.00e+00	5.3889e+01
5.37335e+18	1.0879e+04	4.022e-19	2.1544e+02	1.9599e+02	2.5138e-12	1.7359e-01	8.2641e-01	3.7418e-02	9.6125e-01	1.3336e-03	3.3452e-14	2.3967e-04	4.0523e-01	5.9250e-01	1.9651e-03	1.7917e-01	7.0091e-01	1.1985e-01	3.5250e-05	3.0989e-05	1.1755e-36	7.5898e-21	0.00e+00	0.00e+00	5.6476e+01
5.38272e+18	1.0790e+04	3.935e-19	2.1544e+02	1.9205e+02	3.1811e-12	1.9187e-01	8.0813e-01	4.1559e-02	9.5710e-01	1.3376e-03	4.4548e-14	2.5116e-04	4.3166e-01	5.6643e-01	1.5957e-03	2.0264e-01	7.0013e-01	9.7179e-02	3.0485e-05	2.4061e-05	1.1755e-36	1.0448e-20	0.00e+00	0.00e+00	5.8511e+01
5.39005e+18	1.0722e+04	3.843e-19	2.1544e+02	1.8875e+02	3.8026e-12	2.0688e-01	7.9312e-01	4.5273e-02	9.5338e-01	1.3425e-03	5.5217e-14	2.6023e-04	4.5363e-01	5.4471e-01	1.3471e-03	2.2172e-01	6.9636e-01	8.1874e-02	2.7286e-05	1.9594e-05	1.1755e-36	1.3241e-20	0.00e+00	0.00e+00	6.0439e+01
5.39793e+18	1.0631e+04	3.739e-19	2.1544e+02	1.8516e+02	4.6418e-12	2.2456e-01	7.7544e-01	4.9779e-02	9.4887e-01	1.3469e-03	6.9518e-14	2.7006e-04	4.7833e-01	5.2025e-01	1.1105e-03	2.4378e-01	6.8867e-01	6.7509e-02	2.4168e-05	1.5540e-05	1.1755e-36	1.7086e-20	0.00e+00	0.00e+00	6.3161e+01
5.40818e+18	1.0535e+04	3.579e-19	2.1544e+02	1.7905e+02	6.0393e-12	2.5073e-01	7.4927e-01	5.6282e-02	9.4235e-01	1.3645e-03	9.3498e-14	2.8012e-04	5.1087e-01	4.8796e-01	8.5173e-04	2.7573e-01	6.7292e-01	5.1317e-02	2.0474e-05	1.1205e-05	1.1755e-36	2.3822e-20	0.00e+00	0.00e+00	6.7112e+01
5.41861e+18	1.0425e+04	3.391e-19	2.1544e+02	1.7160e+02	8.1873e-12	2.8452e-01	7.1548e-01	6.4665e-02	9.3394e-01	1.3904e-03	1.3009e-13	2.8957e-04	5.4784e-01	4.5120e-01	6.3060e-04	3.1575e-01	6.4733e-01	3.6894e-02	1.6858e-05	7.5541e-06	1.1755e-36	3.4812e-20	0.00e+00	0.00e+00	7.0706e+01
5.42647e+18	1.0313e+04	3.221e-19	2.1544e+02	1.6578e+02	1.0423e-11	3.1342e-01	6.8658e-01	7.2843e-02	9.2574e-01	1.4135e-03	1.6743e-13	2.9694e-04	5.7927e-01	4.1991e-01	4.9280e-04	3.4918e-01	6.2277e-01	2.8033e-02	1.4460e-05	5.4474e-06	1.1755e-36	4.6323e-20	0.00e+00	0.00e+00	7.3448e+01
5.43238e+18	1.0238e+04	3.062e-19	2.1544e+02	1.6058e+02	1.2306e-11	3.3439e-01	6.6561e-01	7.9578e-02	9.1899e-01	1.4351e-03	1.9773e-13	3.0042e-04	6.0254e-01	3.9672e-01	4.0952e-04	3.7311e-01	6.0408e-01	2.2788e-02	1.3001e-05	4.2780e-06	1.1755e-36	5.5565e-20	0.00e+00	0.00e+00	7.5898e+01
5.43840e+18	1.0149e+04	2.902e-19	2.1544e+02	1.5553e+02	1.4630e-11	3.5729e-01	6.4271e-01	8.7356e-02	9.1119e-01	1.4587e-03	2.3425e-13	3.0375e-04	6.2675e-01	3.7258e-01	3.3600e-04	3.9877e-01	5.8289e-01	1.8317e-02	1.1631e-05	3.3135e-06	1.1755e-36	6.6987e-20	0.00e+00	0.00e+00	7.9130e+01
5.44582e+18	1.0035e+04	2.698e-19	2.1544e+02	1.4836e+02	1.8327e-11	3.8927e-01	6.1073e-01	9.8009e-02	9.0050e-01	1.4960e-03	2.8917e-13	3.0491e-04	6.5629e-01	3.4313e-01	2.6047e-04	4.3384e-01	5.5246e-01	1.3689e-02	1.0020e-05	2.3583e-06	1.1755e-36	8.4791e-20	0.00e+00	0.00e+00	8.3465e+01
5.45330e+18	9.9175e+03	2.477e-19	2.1544e+02	1.4014e+02	2.3279e-11	4.2633e-01	5.7367e-01	1.1075e-01	8.8770e-01	1.5474e-03	3.5895e-13	3.0290e-04	6.8677e-01	3.1272e-01	1.9910e-04	4.7352e-01	5.1660e-01	9.8693e-03	8.4862e-06	1.6118e-06	1.1755e-36	1.0820e-19	0.00e+00	0.00e+00	8.7395e+01
5.45900e+18	9.8036e+03	2.298e-19	2.1544e+02	1.3395e+02	2.8063e-11	4.5598e-01	5.4402e-01	1.2271e-01	8.7570e-01	1.5862e-03	4.2156e-13	3.0107e-04	7.1125e-01	2.8828e-01	1.6118e-04	5.0467e-01	4.8774e-01	7.5814e-03	7.4568e-06	1.1888e-06	1.1755e-36	1.2923e-19	0.00e+00	0.00e+00	9.0262e+01
5.46331e+18	9.7260e+03	2.153e-19	2.1544e+02	1.2904e+02	3.1827e-11	4.7632e-01	5.2368e-01	1.3253e-01	8.6585e-01	1.6206e-03	4.6698e-13	2.9840e-04	7.2905e-01	2.7050e-01	1.3796e-04	5.2579e-01	4.6796e-01	6.2378e-03	6.8293e-06	9.5287e-07	1.1755e-36	1.4361e-19	0.00e+00	0.00e+00	9.2856e+01
5.46741e+18	9.6393e+03	2.019e-19	2.1544e+02	1.2443e+02	3.6077e-11	4.9677e-01	5.0323e-01	1.4280e-01	8.5554e-01	1.6518e-03	5.1494e-13	2.9541e-04	7.4586e-01	2.5371e-01	1.1868e-04	5.4676e-01	4.4809e-01	5.1483e-03	6.2568e-06	7.6652e-07	1.1755e-36	1.5893e-19	0.00e+00	0.00e+00	9.5696e+01
5.47178e+18	9.5388e+03	1.879e-19	2.1544e+02	1.1934e+02	4.1535e-11	5.2047e-01	4.7953e-01	1.5476e-01	8.4355e-01	1.6879e-03	5.7256e-13	2.9104e-04	7.6342e-01	2.3618e-01	1.0090e-04	5.7073e-01	4.2512e-01	4.1474e-03	5.6558e-06	5.9989e-07	1.1755e-36	1.7769e-19	0.00e+00	0.00e+00	9.8909e+01
5.47618e+18	9.4565e+03	1.735e-19	2.1544e+02	1.1360e+02	4.7484e-11	5.4455e-01	4.5545e-01	1.6727e-01	8.3099e-01	1.7401e-03	6.3069e-13	2.8405e-04	7.7984e-01	2.1978e-01	8.6145e-05	5.9476e-01	4.0192e-01	3.3120e-03	5.1025e-06	4.6585e-07	1.1755e-36	1.9597e-19	0.00e+00	0.00e+00	1.0206e+02
5.47946e+18	9.3812e+03	1.632e-19	2.1544e+02	1.0947e+02	5.2751e-11	5.6326e-01	4.3674e-01	1.7779e-01	8.2043e-01	1.7772e-03	6.7819e-13	2.7891e-04	7.9208e-01	2.0756e-01	7.6824e-05	6.1323e-01	3.8399e-01	2.7843e-03	4.7092e-06	3.8339e-07	1.1755e-36	2.1093e-19	0.00e+00	0.00e+00	1.0383e+02
5.48141e+18	9.3276e+03	1.571e-19	2.1544e+02	1.0741e+02	5.5772e-11	5.7185e-01	4.2815e-01	1.8495e-01	8.1326e-01	1.7899e-03	7.0174e-13	2.7690e-04	7.9962e-01	2.0003e-01	7.2039e-05	6.2169e-01	3.7577e-01	2.5363e-03	4.5380e-06	3.4600e-07	1.1755e-36	2.1702e-19	0.00e+00	0.00e+00	1.0506e+02
5.48323e+18	9.2741e+03	1.514e-19	2.1544e+02	1.0552e+02	5.8843e-11	5.8000e-01	4.2000e-01	1.9200e-01	8.0620e-01	1.7999e-03	7.2465e-13	2.7499e-04	8.0671e-01	1.9294e-01	6.7710e-05	6.2968e-01	3.6799e-01	2.3205e-03	4.3809e-06	3.1381e-07	1.1755e-36	2.2290e-19	0.00e+00	0.00e+00	1.0668e+02
5.48559e+18	9.2029e+03	1.442e-19	2.1544e+02	1.0280e+02	6.3578e-11	5.9266e-01	4.0734e-01	2.0123e-01	7.9695e-01	1.8190e-03	7.5939e-13	2.7148e-04	8.1549e-01	1.8417e-01	6.2411e-05	6.4198e-01	3.5597e-01	2.0474e-03	4.1468e-06	2.7316e-07	1.1755e-36	2.3275e-19	0.00e+00	0.00e+00	1.0884e+02
5.48824e+18	9.1370e+03	1.362e-19	2.1544e+02	9.9334e+01	6.9246e-11	6.0807e-01	3.9193e-01	2.1132e-01	7.8683e-01	1.8536e-03	7.9971e-13	2.6591e-04	8.2445e-01	1.7522e-01	5.7151e-05	6.5683e-01	3.4140e-01	1.7661e-03	3.8755e-06	2.3183e-07	1.1755e-36	2.4430e-19	0.00e+00	0.00e+00	1.1101e+02
5.49061e+18	9.0884e+03	1.291e-19	2.1544e+02	9.6118e+01	7.4207e-11	6.2105e-01	3.7895e-01	2.2041e-01	7.7770e-01	1.8903e-03	8.3210e-13	2.6023e-04	8.3192e-01	1.6776e-01	5.3091e-05	6.6925e-01	3.2920e-01	1.5494e-03	3.6579e-06	2.0071e-07	1.1755e-36	2.5250e-19	0.00e+00	0.00e+00	1.1280e+02
5.49266e+18	9.0205e+03	1.233e-19	2.1544e+02	9.3717e+01	7.9467e-11	6.3205e-01	3.6795e-01	2.2963e-01	7.6846e-01	1.9100e-03	8.6254e-13	2.5643e-04	8.3884e-01	1.6085e-01	4.9829e-05	6.7973e-01	3.1888e-01	1.3848e-03	3.4822e-06	1.7745e-07	1.1755e-36	2.6013e-19	0.00e+00	0.00e+00	1.1450e+02
5.49473e+18	8.9644e+03	1.174e-19	2.1544e+02	9.1151e+01	8.4606e-11	6.4262e-01	3.5738e-01	2.3884e-01	7.5922e-01	1.9337e-03	8.9033e-13	2.5200e-04	8.4542e-01	1.5428e-01	4.6863e-05	6.8974e-01	3.0902e-01	1.2364e-03	3.3191e-06	1.5680e-07	1.1755e-36	2.6619e-19	0.00e+00	0.00e+00	1.1638e+02
5.49701e+18	8.8927e+03	1.111e-19	2.1544e+02	8.8265e+01	9.1258e-11	6.5518e-01	3.4482e-01	2.4953e-01	7.4851e-01	1.9630e-03	9.2353e-13	2.4672e-04	8.5249e-01	1.4721e-01	4.3839e-05	7.0157e-01	2.9735e-01	1.0858e-03	3.1332e-06	1.3606e-07	1.1755e-36	2.7355e-19	0.00e+00	0.00e+00	1.1853e+02
5.49934e+18	8.8217e+03	1.049e-19	2.1544e+02	8.5296e+01	9.8636e-11	6.6861e-01	3.3139e-01	2.6071e-01	7.3730e-01	1.9958e-03	9.5900e-13	2.4097e-04	8.5934e-01	1.4037e-01	4.1069e-05	7.1412e-01	2.8493e-01	9.4724e-04	2.9429e-06	1.1755e-36	1.1755e-36	2.8155e-19	0.00e+00	0.00e+00	1.2058e+02
5.50143e+18	8.7682e+03	9.944e-20	2.1544e+02	8.2605e+01	1.0493e-10	6.7946e-01	3.2054e-01	2.7079e-01	7.2718e-01	2.0284e-03	9.8565e-13	2.3549e-04	8.6507e-01	1.3465e-01	3.8917e-05	7.2421e-01	2.7494e-01	8.4118e-04	2.7947e-06	1.1755e-36	1.1755e-36	2.8593e-19	0.00e+00	0.00e+00	1.2236e+02
5.50340e+18	8.6906e+03	9.455e-20	2.1544e+02	8.0329e+01	1.1251e-10	6.8974e-01	3.1026e-01	2.8169e-01	7.1626e-01	2.0467e-03	1.0136e-12	2.3114e-04	8.7078e-01	1.2894e-01	3.7018e-05	7.3374e-01	2.6551e-01	7.5203e-04	2.6600e-06	1.1755e-36	1.1755e-36	2.9069e-19	0.00e+00	0.00e+00	1.2424e+02
5.50547e+18	8.6215e+03	8.943e-20	2.1544e+02	7.7779e+01	1.2043e-10	7.0044e-01	2.9956e-01	2.9304e-01	7.0488e-01	2.0741e-03	1.0404e-12	2.2583e-04	8.7637e-01	1.2337e-01	3.5214e-05	7.4359e-01	2.5574e-01	6.6729e-04	2.5240e-06	1.1755e-36	1.1755e-36	2.9420e-19	0.00e+00	0.00e+00	1.2629e+02
5.50764e+18	8.5476e+03	8.425e-20	2.1544e+02	7.5053e+01	1.2954e-10	7.1190e-01	2.8810e-01	3.0502e-01	6.9288e-01	2.1053e-03	1.0683e-12	2.1993e-04	8.8186e-01	1.1788e-01	3.3512e-05	7.5409e-01	2.4532e-01	5.8779e-04	2.3833e-06	1.1755e-36	1.1755e-36	2.9733e-19	0.00e+00	0.00e+00	1.2841e+02
5.50975e+18	8.4727e+03	7.944e-20	2.1544e+02	7.2477e+01	1.3918e-10	7.2297e-01	2.7703e-01	3.1720e-01	6.8067e-01	2.1350e-03	1.0951e-12	2.1421e-04	8.8700e-01	1.1275e-01	3.2025e-05	7.6417e-01	2.3530e-01	5.1955e-04	2.2523e-06	1.1755e-36	1.1755e-36	2.9985e-19	0.00e+00	0.00e+00	1.3041e+02
5.51173e+18	8.4001e+03	7.511e-20	2.1544e+02	7.0138e+01	1.4882e-10	7.3269e-01	2.6731e-01	3.2911e-01	6.6873e-01	2.1605e-03	1.1179e-12	2.0896e-04	8.9164e-01	1.0811e-01	3.0786e-05	7.7300e-01	2.2653e-01	4.6404e-04	2.1407e-06	1.1755e-36	1.1755e-36	3.0079e-19	0.00e+00	0.00e+00	1.3232e+02
5.51368e+18	8.3262e+03	7.096e-20	2.1544e+02	6.7890e+01	1.5908e-10	7.4204e-01	2.5796e-01	3.4150e-01	6.5632e-01	2.1828e-03	1.1397e-12	2.0386e-04	8.9614e-01	1.0362e-01	2.9667e-05	7.8145e-01	2.1813e-01	4.1514e-04	2.0365e-06	1.1755e-36	1.1755e-36	3.0104e-19	0.00e+00	0.00e+00	1.3433e+02
5.51574e+18	8.2420e+03	6.674e-20	2.1544e+02	6.5459e+01	1.7139e-10	7.5207e-01	2.4793e-01	3.5467e-01	6.4312e-01	2.2084e-03	1.1619e-12	1.9820e-04	9.0061e-01	9.9164e-02	2.8596e-05	7.9047e-01	2.0916e-01	3.6895e-04	1.9282e-06	1.1755e-36	1.1755e-36	3.0034e-19	0.00e+00	0.00e+00	1.3650e+02
5.51783e+18	8.1551e+03	6.266e-20	2.1544e+02	6.2991e+01	1.8508e-10	7.6225e-01	2.3775e-01	3.6821e-01	6.2955e-01	2.2380e-03	1.1832e-12	1.9223e-04	9.0482e-01	9.4953e-02	2.7621e-05	7.9958e-01	2.0009e-01	3.2750e-04	1.8214e-06	1.1755e-36	1.1755e-36	2.9877e-19	0.00e+00	0.00e+00	1.3863e+02
5.51980e+18	8.0682e+03	5.900e-20	2.1544e+02	6.0795e+01	1.9941e-10	7.7162e-01	2.2838e-01	3.8177e-01	6.1597e-01	2.2591e-03	1.2035e-12	1.8690e-04	9.0871e-01	9.1074e-02	2.6790e-05	8.0793e-01	1.9178e-01	2.9309e-04	1.7259e-06	1.1755e-36	1.1755e-36	2.9715e-19	0.00e+00	0.00e+00	1.4063e+02
5.52169e+18	7.9839e+03	5.565e-20	2.1544e+02	5.8747e+01	2.1411e-10	7.7991e-01	2.2009e-01	3.9510e-01	6.0262e-01	2.2770e-03	1.2201e-12	1.8188e-04	9.1225e-01	8.7541e-02	2.6084e-05	8.1529e-01	1.8444e-01	2.6458e-04	1.6435e-06	1.1755e-36	1.1755e-36	2.9413e-19	0.00e+00	0.00e+00	1.4260e+02
5.52362e+18	7.8823e+03	5.235e-20	2.1544e+02	5.6655e+01	2.3247e-10	7.8849e-01	2.1151e-01	4.0935e-01	5.8836e-01	2.2913e-03	1.2371e-12	1.7675e-04	9.1578e-01	8.4012e-02	2.5421e-05	8.2289e-01	1.7687e-01	2.3841e-04	1.5606e-06	1.1755e-36	1.1755e-36	2.9043e-19	0.00e+00	0.00e+00	1.4475e+02
5.52563e+18	7.7929e+03	4.904e-20	2.1544e+02	5.4430e+01	2.5115e-10	7.9722e-01	2.0278e-01	4.2375e-01	5.7394e-01	2.3160e-03	1.2518e-12	1.7098e-04	9.1907e-01	8.0730e-02	2.4798e-05	8.3058e-01	1.6920e-01	2.1417e-04	1.4779e-06	1.1755e-36	1.1755e-36	2.8535e-19	0.00e+00	0.00e+00	1.4694e+02
5.52762e+18	7.7045e+03	4.594e-20	2.1544e+02	5.2319e+01	2.7112e-10	8.0564e-01	1.9436e-01	4.3832e-01	5.5934e-01	2.3373e-03	1.2660e-12	1.6545e-04	9.2213e-01	7.7677e-02	2.4243e-05	8.3797e-01	1.6183e-01	1.9316e-04	1.4000e-06	1.1755e-36	1.1755e-36	2.8015e-19	0.00e+00	0.00e+00	1.4909e+02
5.52955e+18	7.5967e+03	4.314e-20	2.1544e+02	5.0381e+01	2.9600e-10	8.1373e-01	1.8627e-01	4.5335e-01	5.4430e-01	2.3462e-03	1.2807e-12	1.6045e-04	9.2505e-01	7.4765e-02	2.3759e-05	8.4505e-01	1.5477e-01	1.7538e-04	1.3272e-06	1.1755e-36	1.1755e-36	2.7516e-19	0.00e+00	0.00e+00	1.5118e+02
5.53142e+18	7.4924e+03	4.053e-20	2.1544e+02	4.8514e+01	3.2243e-10	8.2112e-01	1.7888e-01	4.6811e-01	5.2954e-01	2.3552e-03	1.2924e-12	1.5552e-04	9.2769e-01	7.2134e-02	2.3341e-05	8.5150e-01	1.4834e-01	1.6031e-04	1.2621e-06	1.1755e-36	1.1755e-36	2.6917e-19	0.00e+00	0.00e+00	1.5325e+02
5.53330e+18	7.3806e+03	3.804e-20	2.1544e+02	4.6683e+01	3.5332e-10	8.2841e-01	1.7159e-01	4.8339e-01	5.1425e-01	2.3597e-03	1.3039e-12	1.5066e-04	9.3022e-01	6.9607e-02	2.2960e-05	8.5783e-01	1.4202e-01	1.4692e-04	1.1992e-06	1.1755e-36	1.1755e-36	2.6291e-19	0.00e+00	0.00e+00	1.5541e+02
5.53524e+18	7.2577e+03	3.560e-20	2.1544e+02	4.4772e+01	3.9097e-10	8.3579e-01	1.6421e-01	4.9897e-01	4.9866e-01	2.3668e-03	1.3141e-12	1.4549e-04	9.3259e-01	6.7244e-02	2.2609e-05	8.6423e-01	1.3563e-01	1.3483e-04	1.1367e-06	1.1755e-36	1.1755e-36	2.5557e-19	0.00e+00	0.00e+00	1.5763e+02
5.53713e+18	7.1389e+03	3.336e-20	2.1544e+02	4.2979e+01	4.3200e-10	8.4282e-01	1.5718e-01	5.1426e-01	4.8336e-01	2.3710e-03	1.3240e-12	1.4057e-04	9.3470e-01	6.5132e-02	2.2300e-05	8.7031e-01	1.2957e-01	1.2448e-04	1.0784e-06	1.1755e-36	1.1755e-36	2.4864e-19	0.00e+00	0.00e+00	1.5972e+02
5.53892e+18	7.0181e+03	3.137e-20	2.1544e+02	4.1368e+01	4.7810e-10	8.4904e-01	1.5096e-01	5.2928e-01	4.6835e-01	2.3663e-03	1.3329e-12	1.3615e-04	9.3662e-01	6.3219e-02	2.2044e-05	8.7567e-01	1.2421e-01	1.1604e-04	1.0277e-06	1.1755e-36	1.1755e-36	2.4207e-19	0.00e+00	0.00e+00	1.6175e+02
5.54069e+18	6.8914e+03	2.950e-20	2.1544e+02	3.9810e+01	5.3238e-10	8.5499e-01	1.4501e-01	5.4453e-01	4.5312e-01	2.3565e-03	1.3416e-12	1.3186e-04	9.3843e-01	6.1418e-02	2.1816e-05	8.8079e-01	1.1910e-01	1.0869e-04	9.8001e-07	1.1755e-36	1.1755e-36	2.3562e-19	0.00e+00	0.00e+00	1.6384e+02
5.54251e+18	6.7661e+03	2.766e-20	2.1544e+02	3.8199e+01	5.9415e-10	8.6090e-01	1.3910e-01	5.5972e-01	4.3793e-01	2.3517e-03	1.3492e-12	1.2729e-04	9.4006e-01	5.9788e-02	2.1605e-05	8.8586e-01	1.1404e-01	1.0202e-04	9.3337e-07	1.1755e-36	1.1755e-36	2.2865e-19	0.00e+00	0.00e+00	1.6600e+02
5.54431e+18	6.6382e+03	2.597e-20	2.1544e+02	3.6661e+01	6.6610e-10	8.6664e-01	1.3336e-01	5.7464e-01	4.2302e-01	2.3443e-03	1.3576e-12	1.2288e-04	9.4151e-01	5.8348e-02	2.1420e-05	8.9078e-01	1.0913e-01	9.6265e-05	8.8870e-07	1.1755e-36	1.1755e-36	2.2241e-19	0.00e+00	0.00e+00	1.6805e+02
5.54601e+18	6.4939e+03	2.447e-20	2.1544e+02	3.5301e+01	7.5813e-10	8.7205e-01	1.2795e-01	5.8967e-01	4.0801e-01	2.3204e-03	1.3689e-12	1.1909e-04	9.4286e-01	5.6998e-02	2.1267e-05	8.9540e-01	1.0451e-01	9.1556e-05	8.4736e-07	1.1755e-36	1.1755e-36	2.1803e-19	0.00e+00	0.00e+00	1.7003e+02
5.54771e+18	6.3667e+03	2.304e-20	2.1544e+02	3.3947e+01	8.5349e-10	8.7674e-01	1.2326e-01	6.0411e-01	3.9358e-01	2.3036e-03	1.3772e-12	1.1516e-04	9.4404e-01	5.5827e-02	2.1135e-05	8.9940e-01	1.0051e-01	8.7509e-05	8.1190e-07	1.1755e-36	1.1755e-36	2.1299e-19	0.00e+00	0.00e+00	1.7209e+02
5.54944e+18	6.2203e+03	2.167e-20	2.1544e+02	3.2617e+01	9.8093e-10	8.8187e-01	1.1813e-01	6.1910e-01	3.7862e-01	2.2774e-03	1.3905e-12	1.1135e-04	9.4514e-01	5.4722e-02	2.1011e-05	9.0377e-01	9.6147e-02	8.3823e-05	7.7361e-07	1.1755e-36	1.1755e-36	2.0998e-19	0.00e+00	0.00e+00	1.7416e+02
5.55115e+18	6.0750e+03	2.040e-20	2.1544e+02	3.1320e+01	1.1310e-09	8.8664e-01	1.1336e-01	6.3367e-01	3.6408e-01	2.2517e-03	1.4047e-12	1.0757e-04	9.4609e-01	5.3781e-02	2.0907e-05	9.0783e-01	9.2092e-02	8.0696e-05	7.3841e-07	1.1755e-36	1.1755e-36	2.0787e-19	0.00e+00	0.00e+00	1.7621e+02
5.55282e+18	5.9292e+03	1.923e-20	2.1544e+02	3.0108e+01	1.3097e-09	8.9105e-01	1.0895e-01	6.4786e-01	3.4991e-01	2.2214e-03	1.4216e-12	1.0403e-04	9.4690e-01	5.2975e-02	2.0823e-05	9.1157e-01	8.8351e-02	7.8110e-05	7.0629e-07	1.1755e-36	1.1755e-36	2.0754e-19	0.00e+00	0.00e+00	1.7820e+02
5.55446e+18	5.7812e+03	1.816e-20	2.1544e+02	2.8968e+01	1.5260e-09	8.9515e-01	1.0485e-01	6.6187e-01	3.3595e-01	2.1857e-03	1.4421e-12	1.0069e-04	9.4761e-01	5.2269e-02	2.0755e-05	9.1504e-01	8.4879e-02	7.5968e-05	6.7680e-07	1.1755e-36	1.1755e-36	2.0942e-19	0.00e+00	0.00e+00	1.8019e+02
5.55610e+18	5.6290e+03	1.714e-20	2.1544e+02	2.7853e+01	1.7938e-09	8.9914e-01	1.0086e-01	6.7581e-01	3.2204e-01	2.1469e-03	1.4681e-12	9.7412e-05	9.4822e-01	5.1663e-02	2.0699e-05	9.1843e-01	8.1498e-02	7.4132e-05	6.4833e-07	1.1755e-36	1.1755e-36	2.1408e-19	0.00e+00	0.00e+00	1.8222e+02
5.55776e+18	5.4738e+03	1.618e-20	2.1544e+02	2.6757e+01	2.1247e-09	9.0305e-01	9.6946e-02	6.8955e-01	3.0834e-01	2.1065e-03	1.5011e-12	9.4172e-05	9.4871e-01	5.1178e-02	2.0654e-05	9.2174e-01	7.8190e-02	7.2569e-05	6.2068e-07	1.1755e-36	1.1755e-36	2.2228e-19	0.00e+00	0.00e+00	1.8425e+02
5.55940e+18	5.3178e+03	1.529e-20	2.1544e+02	2.5716e+01	2.5281e-09	9.0674e-01	9.3256e-02	7.0291e-01	2.9503e-01	2.0633e-03	1.5423e-12	9.1092e-05	9.4908e-01	5.0812e-02	2.0621e-05	9.2486e-01	7.5072e-02	7.1307e-05	5.9485e-07	1.1755e-36	1.1755e-36	2.3506e-19	0.00e+00	0.00e+00	1.8625e+02
5.56100e+18	5.1608e+03	1.447e-20	2.1544e+02	2.4738e+01	3.0196e-09	9.1017e-01	8.9828e-02	7.1593e-01	2.8205e-01	2.0158e-03	1.5939e-12	8.8210e-05	9.4935e-01	5.0541e-02	2.0602e-05	9.2775e-01	7.2175e-02	7.0325e-05	5.7108e-07	1.1755e-36	1.1755e-36	2.5374e-19	0.00e+00	0.00e+00	1.8823e+02
5.56259e+18	4.9995e+03	1.372e-20	2.1544e+02	2.3800e+01	3.6297e-09	9.1343e-01	8.6570e-02	7.2859e-01	2.6944e-01	1.9655e-03	1.6595e-12	8.5466e-05	9.4951e-01	5.0379e-02	2.0595e-05	9.3051e-01	6.9420e-02	6.9591e-05	5.4868e-07	1.1755e-36	1.1755e-36	2.8062e-19	0.00e+00	0.00e+00	1.9019e+02
5.56411e+18	4.8468e+03	1.304e-20	2.1544e+02	2.2946e+01	4.2868e-09	9.1640e-01	8.3603e-02	7.4038e-01	2.5770e-01	1.9153e-03	1.7052e-12	8.3022e-05	9.5011e-01	4.9788e-02	2.0592e-05	9.3302e-01	6.6914e-02	6.9058e-05	5.2843e-07	1.1755e-36	1.1755e-36	2.9828e-19	0.00e+00	0.00e+00	1.9201e+02
5.56554e+18	4.6930e+03	1.245e-20	2.1544e+02	2.2173e+01	5.0507e-09	9.1902e-01	8.0984e-02	7.5149e-01	2.4664e-01	1.8617e-03	1.7517e-12	8.0871e-05	9.5068e-01	4.9219e-02	2.0604e-05	9.3524e-01	6.4694e-02	6.8774e-05	5.1074e-07	1.1755e-36	1.1755e-36	3.1829e-19	0.00e+00	0.00e+00	1.9376e+02
5.56688e+18	4.5487e+03	1.193e-20	2.1544e+02	2.1478e+01	5.8535e-09	9.2135e-01	7.8648e-02	7.6162e-01	2.3657e-01	1.8100e-03	1.7944e-12	7.8972e-05	9.5118e-01	4.8722e-02	2.0622e-05	9.3722e-01	6.2710e-02	6.8629e-05	4.9501e-07	1.1755e-36	1.1755e-36	3.3772e-19	0.00e+00	0.00e+00	1.9536e+02
5.56812e+18	4.4184e+03	1.147e-20	2.1544e+02	2.0876e+01	6.6345e-09	9.2338e-01	7.6617e-02	7.7095e-01	2.2729e-01	1.7588e-03	1.8303e-12	7.7361e-05	9.5164e-01	4.8261e-02	2.0644e-05	9.3894e-01	6.0988e-02	6.8573e-05	4.8146e-07	1.1755e-36	1.1755e-36	3.5441e-19	0.00e+00	0.00e+00	1.9688e+02
5.56934e+18	4.2872e+03	1.104e-20	2.1544e+02	2.0292e+01	7.4489e-09	9.2534e-01	7.4664e-02	7.7996e-01	2.1833e-01	1.7074e-03	1.8612e-12	7.5837e-05	9.5210e-01	4.7805e-02	2.0671e-05	9.4060e-01	5.9328e-02	6.8608e-05	4.6848e-07	1.1755e-36	1.1755e-36	3.6856e-19	0.00e+00	0.00e+00	1.9842e+02
5.57056e+18	4.1617e+03	1.063e-20	2.1544e+02	1.9712e+01	8.2176e-09	9.2726e-01	7.2744e-02	7.8845e-01	2.0989e-01	1.6605e-03	1.8835e-12	7.4313e-05	9.5249e-01	4.7418e-02	2.0699e-05	9.4223e-01	5.7698e-02	6.8674e-05	4.5575e-07	1.1755e-36	1.1755e-36	3.7717e-19	0.00e+00	0.00e+00	1.9995e+02
5.57176e+18	4.0361e+03	1.024e-20	2.1544e+02	1.9152e+01	8.9415e-09	9.2915e-01	7.0849e-02	7.9668e-01	2.0171e-01	1.6132e-03	1.8968e-12	7.2886e-05	9.5286e-01	4.7044e-02	2.0732e-05	9.4384e-01	5.6090e-02	6.8805e-05	4.4324e-07	1.1755e-36	1.1755e-36	3.7993e-19	0.00e+00	0.00e+00	2.0146e+02
5.57294e+18	3.9164e+03	9.877e-21	2.1544e+02	1.8598e+01	9.5454e-09	9.3106e-01	6.8943e-02	8.0440e-01	1.9403e-01	1.5703e-03	1.8996e-12	7.1472e-05	9.5317e-01	4.6736e-02	2.0764e-05	9.4545e-01	5.4479e-02	6.8947e-05	4.3068e-07	1.1755e-36	1.1755e-36	3.7535e-19	0.00e+00	0.00e+00	2.0292e+02
