#depth	Te	Htot	hden	eden	2H_2/H	HI	HII	HeI	HeII	HeIII	CO/C	C1	C2	C3	C4	O1	O2	O3	O4	O5	O6	H2O/O	AV(point)	AV(extend)	Tau912
2.72523e+14	1.3399e+04	2.665e-18	5.9948e+02	7.0195e+02	2.8048e-18	3.2909e-04	9.9967e-01	1.1791e-05	3.3372e-02	9.6662e-01	9.3258e-27	5.9011e-08	4.4587e-04	6.6365e-02	3.0080e-01	1.7786e-08	1.1528e-04	4.1201e-02	5.7846e-01	3.3152e-01	4.6185e-02	3.3109e-33	0.00e+00	0.00e+00	6.7877e-04
1.63514e+15	1.3375e+04	2.661e-18	5.9948e+02	7.0183e+02	2.8151e-18	3.2872e-04	9.9967e-01	1.1794e-05	3.3383e-02	9.6661e-01	9.3022e-27	5.8362e-08	4.4564e-04	6.6366e-02	3.0168e-01	1.7783e-08	1.1541e-04	4.1363e-02	5.7903e-01	3.3104e-01	4.5957e-02	3.2990e-33	0.00e+00	0.00e+00	3.3908e-03
7.08559e+15	1.3311e+04	2.653e-18	5.9948e+02	7.0182e+02	2.8449e-18	3.2826e-04	9.9967e-01	1.1855e-05	3.3528e-02	9.6646e-01	9.4405e-27	5.7051e-08	4.4982e-04	6.7018e-02	3.0430e-01	1.7938e-08	1.1656e-04	4.2010e-02	5.8093e-01	3.2913e-01	4.5359e-02	3.3083e-33	0.00e+00	0.00e+00	1.4224e-02
2.88874e+16	1.3143e+04	2.632e-18	5.9948e+02	7.0177e+02	2.9060e-18	3.2725e-04	9.9967e-01	1.2145e-05	3.4313e-02	9.6567e-01	1.0030e-26	5.5175e-08	4.6808e-04	6.9873e-02	3.1277e-01	1.8597e-08	1.2111e-04	4.4489e-02	5.8731e-01	3.2213e-01	4.3632e-02	3.3329e-33	0.00e+00	0.00e+00	5.7423e-02
6.90028e+16	1.2650e+04	2.556e-18	5.9948e+02	7.0175e+02	2.9640e-18	3.1659e-04	9.9968e-01	1.2227e-05	3.4508e-02	9.6548e-01	9.8400e-27	4.8563e-08	4.8981e-04	7.3660e-02	3.2750e-01	1.8678e-08	1.2539e-04	4.8389e-02	5.9854e-01	3.0967e-01	4.1164e-02	2.9378e-33	0.00e+00	0.00e+00	1.1175e-01
1.09143e+17	1.2194e+04	2.492e-18	5.9948e+02	7.0173e+02	2.9680e-18	3.0482e-04	9.9970e-01	1.2248e-05	3.4749e-02	9.6524e-01	9.1833e-27	4.4625e-08	5.0838e-04	7.7422e-02	3.4069e-01	1.8298e-08	1.2746e-04	5.1966e-02	6.0846e-01	2.9848e-01	3.9024e-02	2.4558e-33	0.00e+00	0.00e+00	1.5205e-01
1.40626e+17	1.1931e+04	2.461e-18	5.9948e+02	7.0170e+02	2.9589e-18	2.9787e-04	9.9970e-01	1.2410e-05	3.5412e-02	9.6458e-01	8.9288e-27	4.3699e-08	5.2595e-04	8.0885e-02	3.5023e-01	1.8261e-08	1.3013e-04	5.4985e-02	6.1539e-01	2.9026e-01	3.7407e-02	2.2020e-33	0.00e+00	0.00e+00	1.8364e-01
1.72863e+17	1.1756e+04	2.446e-18	5.9948e+02	7.0162e+02	2.9794e-18	2.9481e-04	9.9971e-01	1.2857e-05	3.6769e-02	9.6322e-01	9.3544e-27	4.4924e-08	5.5271e-04	8.5389e-02	3.5999e-01	1.8955e-08	1.3633e-04	5.8741e-02	6.2216e-01	2.8164e-01	3.5611e-02	2.1340e-33	0.00e+00	0.00e+00	2.2430e-01
2.14772e+17	1.1569e+04	2.432e-18	5.9948e+02	7.0150e+02	2.9796e-18	2.9139e-04	9.9971e-01	1.3549e-05	3.8884e-02	9.6110e-01	1.0008e-26	4.7250e-08	5.9063e-04	9.1786e-02	3.7258e-01	2.0042e-08	1.4564e-04	6.4162e-02	6.3032e-01	2.7044e-01	3.3350e-02	2.0581e-33	0.00e+00	0.00e+00	2.7654e-01
2.69253e+17	1.1381e+04	2.420e-18	5.9948e+02	7.0132e+02	2.9609e-18	2.8764e-04	9.9971e-01	1.4664e-05	4.2295e-02	9.5769e-01	1.1140e-26	5.1386e-08	6.4582e-04	1.0109e-01	3.8888e-01	2.1820e-08	1.6028e-04	7.2316e-02	6.3983e-01	2.5577e-01	3.0509e-02	2.0084e-33	0.00e+00	0.00e+00	3.4358e-01
3.40078e+17	1.1214e+04	2.414e-18	5.9948e+02	7.0100e+02	2.9006e-18	2.8361e-04	9.9972e-01	1.6566e-05	4.8102e-02	9.5188e-01	1.3196e-26	5.8597e-08	7.2882e-04	1.1503e-01	4.1010e-01	2.4906e-08	1.8487e-04	8.5365e-02	6.5004e-01	2.3623e-01	2.6948e-02	2.0101e-33	0.00e+00	0.00e+00	4.2951e-01
4.13269e+17	1.1093e+04	2.416e-18	5.9948e+02	7.0072e+02	2.6913e-18	2.7588e-04	9.9972e-01	1.9039e-05	5.6177e-02	9.4380e-01	1.4877e-26	6.6728e-08	8.1909e-04	1.3151e-01	4.3148e-01	2.8213e-08	2.1455e-04	1.0256e-01	6.5680e-01	2.1579e-01	2.3572e-02	1.8780e-33	0.00e+00	0.00e+00	4.9874e-01
4.71067e+17	1.1122e+04	2.422e-18	5.9948e+02	7.0012e+02	2.4558e-18	2.6884e-04	9.9973e-01	2.1645e-05	6.5115e-02	9.3486e-01	1.6556e-26	7.3939e-08	8.9337e-04	1.4609e-01	4.4828e-01	3.1551e-08	2.4519e-04	1.2057e-01	6.5829e-01	1.9898e-01	2.0981e-02	1.8374e-33	0.00e+00	0.00e+00	5.4888e-01
5.16472e+17	1.1175e+04	2.437e-18	5.9948e+02	6.9964e+02	2.2652e-18	2.6476e-04	9.9974e-01	2.4597e-05	7.4768e-02	9.2521e-01	1.8793e-26	8.1747e-08	9.6733e-04	1.5960e-01	4.6217e-01	3.5681e-08	2.8015e-04	1.3910e-01	6.5650e-01	1.8442e-01	1.8862e-02	1.8535e-33	0.00e+00	0.00e+00	5.9049e-01
5.57138e+17	1.1260e+04	2.455e-18	5.9948e+02	6.9902e+02	2.1164e-18	2.6177e-04	9.9974e-01	2.8089e-05	8.6038e-02	9.1393e-01	2.1912e-26	9.0181e-08	1.0432e-03	1.7308e-01	4.7511e-01	4.0753e-08	3.2171e-04	1.6000e-01	6.5170e-01	1.7031e-01	1.6913e-02	1.9639e-33	0.00e+00	0.00e+00	6.2992e-01
5.96277e+17	1.1358e+04	2.481e-18	5.9948e+02	6.9825e+02	1.9801e-18	2.5922e-04	9.9974e-01	3.2491e-05	1.0028e-01	8.9969e-01	2.5841e-26	9.9404e-08	1.1239e-03	1.8744e-01	4.8806e-01	4.6979e-08	3.7234e-04	1.8529e-01	6.4307e-01	1.5560e-01	1.4999e-02	2.1133e-33	0.00e+00	0.00e+00	6.6766e-01
6.33014e+17	1.1486e+04	2.512e-18	5.9948e+02	6.9738e+02	1.8374e-18	2.5657e-04	9.9974e-01	3.7958e-05	1.1798e-01	8.8199e-01	3.0531e-26	1.0898e-07	1.2054e-03	2.0196e-01	5.0063e-01	5.4511e-08	4.3356e-04	2.1519e-01	6.2988e-01	1.4073e-01	1.3175e-02	2.2903e-33	0.00e+00	0.00e+00	7.0164e-01
6.65864e+17	1.1623e+04	2.547e-18	5.9948e+02	6.9629e+02	1.7058e-18	2.5421e-04	9.9975e-01	4.4411e-05	1.3900e-01	8.6095e-01	3.5772e-26	1.1835e-07	1.2832e-03	2.1592e-01	5.1241e-01	6.3068e-08	5.0302e-04	2.4878e-01	6.1240e-01	1.2630e-01	1.1506e-02	2.4809e-33	0.00e+00	0.00e+00	7.3117e-01
6.94907e+17	1.1765e+04	2.583e-18	5.9948e+02	6.9504e+02	1.6012e-18	2.5220e-04	9.9975e-01	5.1827e-05	1.6330e-01	8.3665e-01	4.1802e-26	1.2722e-07	1.3554e-03	2.2893e-01	5.2340e-01	7.2528e-08	5.7953e-04	2.8535e-01	5.9107e-01	1.1255e-01	9.9969e-03	2.7290e-33	0.00e+00	0.00e+00	7.5731e-01
7.21253e+17	1.1866e+04	2.628e-18	5.9948e+02	6.9398e+02	1.5252e-18	2.5047e-04	9.9975e-01	6.0494e-05	1.9205e-01	8.0789e-01	4.7879e-26	1.3574e-07	1.4218e-03	2.4172e-01	5.3393e-01	8.1985e-08	6.5812e-04	3.2573e-01	5.6560e-01	9.9037e-02	8.5862e-03	2.9642e-33	0.00e+00	0.00e+00	7.8130e-01
7.45762e+17	1.1993e+04	2.663e-18	5.9948e+02	6.9240e+02	1.4572e-18	2.5047e-04	9.9975e-01	7.1274e-05	2.2583e-01	7.7409e-01	5.7381e-26	1.4561e-07	1.5005e-03	2.5382e-01	5.4400e-01	9.6242e-08	7.6582e-04	3.7012e-01	5.3552e-01	8.5977e-02	7.2801e-03	3.3563e-33	0.00e+00	0.00e+00	8.0377e-01
7.68498e+17	1.2084e+04	2.697e-18	5.9948e+02	6.8985e+02	1.4117e-18	2.5025e-04	9.9975e-01	8.3272e-05	2.6502e-01	7.3490e-01	6.6431e-26	1.5401e-07	1.5653e-03	2.6505e-01	5.5372e-01	1.0995e-07	8.7182e-04	4.1755e-01	5.0163e-01	7.3560e-02	6.0996e-03	3.7245e-33	0.00e+00	0.00e+00	8.2438e-01
7.88878e+17	1.2171e+04	2.722e-18	5.9948e+02	6.8751e+02	1.3678e-18	2.5012e-04	9.9975e-01	9.6313e-05	3.0778e-01	6.9212e-01	7.5272e-26	1.6138e-07	1.6217e-03	2.7496e-01	5.6262e-01	1.2390e-07	9.7920e-04	4.6530e-01	4.6601e-01	6.2399e-02	5.0776e-03	4.0655e-33	0.00e+00	0.00e+00	8.4236e-01
8.07265e+17	1.2187e+04	2.743e-18	5.9948e+02	6.8511e+02	1.3690e-18	2.5138e-04	9.9975e-01	1.1070e-04	3.5376e-01	6.4613e-01	8.5832e-26	1.6891e-07	1.6798e-03	2.8437e-01	5.7055e-01	1.3898e-07	1.0905e-03	5.1261e-01	4.2954e-01	5.2372e-02	4.1921e-03	4.4980e-33	0.00e+00	0.00e+00	8.5927e-01
8.24977e+17	1.2190e+04	2.749e-18	5.9948e+02	6.8252e+02	1.3840e-18	2.5317e-04	9.9975e-01	1.2657e-04	4.0393e-01	5.9594e-01	9.7579e-26	1.7634e-07	1.7356e-03	2.9312e-01	5.7799e-01	1.5514e-07	1.2065e-03	5.6047e-01	3.9153e-01	4.3229e-02	3.4096e-03	4.9953e-33	0.00e+00	0.00e+00	8.7618e-01
8.45276e+17	1.2146e+04	2.734e-18	5.9948e+02	6.7932e+02	1.4306e-18	2.5659e-04	9.9974e-01	1.4715e-04	4.6719e-01	5.3266e-01	1.1375e-25	1.8561e-07	1.8037e-03	3.0297e-01	5.8588e-01	1.7608e-07	1.3495e-03	6.1633e-01	3.4593e-01	3.3652e-02	2.6149e-03	5.6728e-33	0.00e+00	0.00e+00	8.9846e-01
8.66399e+17	1.2050e+04	2.701e-18	5.9948e+02	6.7572e+02	1.5032e-18	2.6064e-04	9.9974e-01	1.7012e-04	5.3738e-01	4.6245e-01	1.3071e-25	1.9439e-07	1.8690e-03	3.1243e-01	5.9286e-01	1.9791e-07	1.4942e-03	6.7251e-01	2.9867e-01	2.5297e-02	1.9474e-03	6.3670e-33	0.00e+00	0.00e+00	9.1750e-01
8.84399e+17	1.1924e+04	2.649e-18	5.9948e+02	6.7257e+02	1.5944e-18	2.6505e-04	9.9973e-01	1.9044e-04	5.9771e-01	4.0210e-01	1.4666e-25	2.0216e-07	1.9262e-03	3.2015e-01	5.9772e-01	2.1734e-07	1.6162e-03	7.1748e-01	2.5994e-01	1.9410e-02	1.4896e-03	7.0006e-33	0.00e+00	0.00e+00	9.3425e-01
9.03605e+17	1.1744e+04	2.574e-18	5.9948e+02	6.6942e+02	1.7414e-18	2.7118e-04	9.9973e-01	2.1224e-04	6.5878e-01	3.4100e-01	1.6752e-25	2.1162e-07	1.9939e-03	3.2825e-01	6.0137e-01	2.3956e-07	1.7452e-03	7.6082e-01	2.2188e-01	1.4402e-02	1.1075e-03	7.8452e-33	0.00e+00	0.00e+00	9.5653e-01
9.24825e+17	1.1524e+04	2.482e-18	5.9948e+02	6.6635e+02	1.9283e-18	2.7810e-04	9.9972e-01	2.3433e-04	7.1838e-01	2.8138e-01	1.8994e-25	2.2158e-07	2.0644e-03	3.3637e-01	6.0368e-01	2.6230e-07	1.8698e-03	8.0088e-01	1.8598e-01	1.0424e-02	8.0933e-04	8.7055e-33	0.00e+00	0.00e+00	9.7835e-01
9.44636e+17	1.1310e+04	2.392e-18	5.9948e+02	6.6387e+02	2.1281e-18	2.8487e-04	9.9972e-01	2.5292e-04	7.6578e-01	2.3396e-01	2.1111e-25	2.3098e-07	2.1297e-03	3.4344e-01	6.0443e-01	2.8254e-07	1.9734e-03	8.3175e-01	1.5785e-01	7.7873e-03	6.1306e-04	9.4616e-33	0.00e+00	0.00e+00	9.9871e-01
9.66361e+17	1.1068e+04	2.293e-18	5.9948e+02	6.6162e+02	2.4047e-18	2.9296e-04	9.9971e-01	2.7142e-04	8.0910e-01	1.9063e-01	2.3852e-25	2.4207e-07	2.2049e-03	3.5094e-01	6.0385e-01	3.0480e-07	2.0782e-03	8.5967e-01	1.3204e-01	5.7387e-03	4.5949e-04	1.0501e-32	0.00e+00	0.00e+00	1.0259e+00
9.90749e+17	1.0825e+04	2.195e-18	5.9948e+02	6.5968e+02	2.7072e-18	3.0148e-04	9.9970e-01	2.8869e-04	8.4669e-01	1.5303e-01	2.6591e-25	2.5393e-07	2.2822e-03	3.5835e-01	6.0221e-01	3.2703e-07	2.1757e-03	8.8359e-01	1.0962e-01	4.2592e-03	3.4649e-04	1.1403e-32	0.00e+00	0.00e+00	1.0536e+00
1.01860e+18	1.0574e+04	2.096e-18	5.9948e+02	6.5798e+02	3.0895e-18	3.1129e-04	9.9969e-01	3.0547e-04	8.7955e-01	1.2014e-01	2.9928e-25	2.6758e-07	2.3690e-03	3.6617e-01	5.9939e-01	3.5137e-07	2.2733e-03	9.0474e-01	8.9545e-02	3.1688e-03	2.5969e-04	1.2502e-32	0.00e+00	0.00e+00	1.0907e+00
1.05417e+18	1.0309e+04	1.994e-18	5.9948e+02	6.5644e+02	3.5981e-18	3.2291e-04	9.9968e-01	3.2237e-04	9.0924e-01	9.0438e-02	3.4147e-25	2.8372e-07	2.4683e-03	3.7477e-01	5.9530e-01	3.7893e-07	2.3737e-03	9.2414e-01	7.0933e-02	2.3582e-03	1.9052e-04	1.3945e-32	0.00e+00	0.00e+00	1.1391e+00
1.09318e+18	1.0089e+04	1.910e-18	5.9948e+02	6.5529e+02	4.0891e-18	3.3406e-04	9.9967e-01	3.3605e-04	9.3102e-01	6.8644e-02	3.7905e-25	2.9891e-07	2.5587e-03	3.8245e-01	5.9094e-01	4.0419e-07	2.4566e-03	9.3864e-01	5.6884e-02	1.8722e-03	1.4471e-04	1.5071e-32	0.00e+00	0.00e+00	1.1876e+00
1.13728e+18	9.8955e+03	1.838e-18	5.9948e+02	6.5440e+02	4.6328e-18	3.4647e-04	9.9965e-01	3.4863e-04	9.4791e-01	5.1746e-02	4.2253e-25	3.1565e-07	2.6537e-03	3.9001e-01	5.8606e-01	4.3151e-07	2.5357e-03	9.5038e-01	4.5411e-02	1.5550e-03	1.1077e-04	1.6385e-32	0.00e+00	0.00e+00	1.2530e+00
1.19460e+18	9.7194e+03	1.773e-18	5.9948e+02	6.5366e+02	5.2756e-18	3.6152e-04	9.9964e-01	3.6106e-04	9.6208e-01	3.7558e-02	4.7550e-25	3.3526e-07	2.7593e-03	3.9809e-01	5.8034e-01	4.6355e-07	2.6160e-03	9.6063e-01	3.5331e-02	1.3330e-03	8.3182e-05	1.8027e-32	0.00e+00	0.00e+00	1.3416e+00
1.26912e+18	9.5756e+03	1.719e-18	5.9948e+02	6.5309e+02	5.9978e-18	3.8019e-04	9.9962e-01	3.7318e-04	9.7327e-01	2.6353e-02	5.3935e-25	3.5853e-07	2.8763e-03	4.0661e-01	5.7384e-01	5.0213e-07	2.6966e-03	9.6912e-01	2.6931e-02	1.1857e-03	6.1503e-05	2.0000e-32	0.00e+00	0.00e+00	1.4628e+00
1.36600e+18	9.4777e+03	1.681e-18	5.9948e+02	6.5265e+02	6.8474e-18	4.0416e-04	9.9960e-01	3.8500e-04	9.8164e-01	1.7980e-02	6.2322e-25	3.8624e-07	3.0054e-03	4.1553e-01	5.6662e-01	5.5014e-07	2.7765e-03	9.7583e-01	2.0254e-02	1.0900e-03	4.4968e-05	2.2879e-32	0.00e+00	0.00e+00	1.6303e+00
1.49180e+18	9.4404e+03	1.662e-18	5.9948e+02	6.5228e+02	7.8386e-18	4.3679e-04	9.9956e-01	3.9773e-04	9.8758e-01	1.2018e-02	7.4198e-25	4.2189e-07	3.1582e-03	4.2527e-01	5.5829e-01	6.1577e-07	2.8632e-03	9.8092e-01	1.5160e-02	1.0264e-03	3.2682e-05	2.7206e-32	0.00e+00	0.00e+00	1.8652e+00
1.64098e+18	9.4917e+03	1.665e-18	5.9948e+02	6.5205e+02	8.8546e-18	4.7869e-04	9.9952e-01	4.1019e-04	9.9135e-01	8.2351e-03	8.9661e-25	4.6283e-07	3.3169e-03	4.3465e-01	5.5000e-01	7.0017e-07	2.9479e-03	9.8432e-01	1.1716e-02	9.8517e-04	2.4473e-05	3.3370e-32	0.00e+00	0.00e+00	2.1483e+00
1.80507e+18	9.5876e+03	1.690e-18	5.9948e+02	6.5189e+02	1.0165e-17	5.3359e-04	9.9947e-01	4.2414e-04	9.9368e-01	5.8930e-03	1.1318e-24	5.1369e-07	3.5044e-03	4.4464e-01	5.4085e-01	8.1581e-07	3.0458e-03	9.8657e-01	9.4063e-03	9.5428e-04	1.8962e-05	4.3345e-32	0.00e+00	0.00e+00	2.4954e+00
1.98558e+18	9.7399e+03	1.736e-18	5.9948e+02	6.5176e+02	1.1925e-17	6.0701e-04	9.9939e-01	4.4109e-04	9.9519e-01	4.3670e-03	1.5148e-24	5.7810e-07	3.7325e-03	4.5553e-01	5.3065e-01	9.8172e-07	3.1658e-03	9.8813e-01	7.7605e-03	9.2853e-04	1.5013e-05	6.0770e-32	0.00e+00	0.00e+00	2.9298e+00
2.18414e+18	9.9583e+03	1.801e-18	5.9948e+02	6.5165e+02	1.4370e-17	7.0782e-04	9.9929e-01	4.6135e-04	9.9621e-01	3.3335e-03	2.1870e-24	6.6205e-07	4.0225e-03	4.6791e-01	5.1884e-01	1.2336e-06	3.3236e-03	9.8923e-01	6.5277e-03	9.0568e-04	1.2019e-05	9.3483e-32	0.00e+00	0.00e+00	3.4870e+00
2.38208e+18	1.0225e+04	1.886e-18	5.9948e+02	6.5152e+02	1.7782e-17	8.3849e-04	9.9916e-01	4.8763e-04	9.9683e-01	2.6782e-03	3.3583e-24	7.6310e-07	4.3677e-03	4.8102e-01	5.0613e-01	1.6026e-06	3.5252e-03	9.8991e-01	5.6672e-03	8.8745e-04	9.8719e-06	1.5622e-31	0.00e+00	0.00e+00	4.0831e+00
2.55234e+18	1.0496e+04	1.968e-18	5.9948e+02	6.5141e+02	2.1670e-17	9.8375e-04	9.9902e-01	5.1440e-04	9.9719e-01	2.2925e-03	5.1305e-24	8.7047e-07	4.7367e-03	4.9360e-01	4.9379e-01	2.0771e-06	3.7542e-03	9.9027e-01	5.0933e-03	8.7439e-04	8.4050e-06	2.5726e-31	0.00e+00	0.00e+00	4.6514e+00
2.69476e+18	1.0700e+04	2.048e-18	5.9948e+02	6.5131e+02	2.6446e-17	1.1381e-03	9.9886e-01	5.4279e-04	9.9742e-01	2.0406e-03	7.7515e-24	9.8605e-07	5.1426e-03	5.0658e-01	4.8092e-01	2.6612e-06	4.0110e-03	9.9046e-01	4.6595e-03	8.6243e-04	7.3064e-06	4.1123e-31	0.00e+00	0.00e+00	5.2207e+00
2.82402e+18	1.0900e+04	2.122e-18	5.9948e+02	6.5119e+02	3.2339e-17	1.3074e-03	9.9869e-01	5.7457e-04	9.9757e-01	1.8518e-03	1.1832e-23	1.1133e-06	5.5940e-03	5.1998e-01	4.6754e-01	3.4045e-06	4.3032e-03	9.9055e-01	4.2854e-03	8.5188e-04	6.3904e-06	6.6576e-31	0.00e+00	0.00e+00	5.8458e+00
2.96930e+18	1.1115e+04	2.206e-18	5.9948e+02	6.5104e+02	4.3267e-17	1.5367e-03	9.9846e-01	6.1852e-04	9.9772e-01	1.6621e-03	2.0817e-23	1.2920e-06	6.2334e-03	5.3781e-01	4.4962e-01	4.5932e-06	4.7166e-03	9.9058e-01	3.8546e-03	8.3861e-04	5.4112e-06	1.3039e-30	0.00e+00	0.00e+00	6.8009e+00
3.12885e+18	1.1363e+04	2.308e-18	5.9948e+02	6.5083e+02	6.2688e-17	1.8667e-03	9.9813e-01	6.7962e-04	9.9784e-01	1.4850e-03	4.2479e-23	1.5441e-06	7.1430e-03	5.6034e-01	4.2679e-01	6.6913e-06	5.3461e-03	9.9038e-01	3.4320e-03	8.2537e-04	4.4631e-06	3.0536e-30	0.00e+00	0.00e+00	7.8949e+00
3.26421e+18	1.1584e+04	2.404e-18	5.9948e+02	6.5059e+02	8.8817e-17	2.2477e-03	9.9775e-01	7.4931e-04	9.9788e-01	1.3705e-03	8.5098e-23	1.8348e-06	8.1983e-03	5.8320e-01	4.0341e-01	9.7389e-06	6.1223e-03	9.8996e-01	3.0936e-03	8.1470e-04	3.7255e-06	6.8139e-30	0.00e+00	0.00e+00	8.8804e+00
3.36516e+18	1.1744e+04	2.481e-18	5.9948e+02	6.5037e+02	1.1852e-16	2.6149e-03	9.9739e-01	8.1636e-04	9.9788e-01	1.3038e-03	1.5291e-22	2.1218e-06	9.2396e-03	6.0324e-01	3.8275e-01	1.3373e-05	6.9187e-03	9.8942e-01	2.8398e-03	8.0615e-04	3.2032e-06	1.3218e-29	0.00e+00	0.00e+00	9.7318e+00
3.44626e+18	1.1857e+04	2.546e-18	5.9948e+02	6.5019e+02	1.5135e-16	2.9719e-03	9.9703e-01	8.8220e-04	9.9786e-01	1.2581e-03	2.5382e-22	2.4103e-06	1.0283e-02	6.2147e-01	3.6382e-01	1.7617e-05	7.7378e-03	9.8882e-01	2.6262e-03	7.9813e-04	2.7985e-06	2.3084e-29	0.00e+00	0.00e+00	1.0588e+01
3.53382e+18	1.2011e+04	2.609e-18	5.9948e+02	6.4983e+02	1.9546e-16	3.4204e-03	9.9658e-01	9.6662e-04	9.9783e-01	1.2036e-03	4.4779e-22	2.7802e-06	1.1636e-02	6.4296e-01	3.4136e-01	2.4052e-05	8.8240e-03	9.8798e-01	2.3812e-03	7.8956e-04	2.3839e-06	4.2430e-29	0.00e+00	0.00e+00	1.1869e+01
3.62617e+18	1.2128e+04	2.696e-18	5.9948e+02	6.4951e+02	2.7271e-16	4.0504e-03	9.9595e-01	1.0793e-03	9.9779e-01	1.1310e-03	9.0033e-22	3.2961e-06	1.3509e-02	6.6858e-01	3.1429e-01	3.5203e-05	1.0445e-02	9.8662e-01	2.1228e-03	7.7887e-04	1.9661e-06	9.0306e-29	0.00e+00	0.00e+00	1.3183e+01
3.69870e+18	1.2244e+04	2.766e-18	5.9948e+02	6.4920e+02	3.6086e-16	4.6921e-03	9.9531e-01	1.1942e-03	9.9771e-01	1.0943e-03	1.6682e-21	3.8367e-06	1.5437e-02	6.9091e-01	2.9038e-01	4.9585e-05	1.2247e-02	9.8501e-01	1.9244e-03	7.7056e-04	1.6622e-06	1.7405e-28	0.00e+00	0.00e+00	1.4237e+01
3.74009e+18	1.2328e+04	2.807e-18	5.9948e+02	6.4876e+02	4.2108e-16	5.1519e-03	9.9485e-01	1.2777e-03	9.9763e-01	1.0903e-03	2.4320e-21	4.2022e-06	1.6824e-02	7.0453e-01	2.7558e-01	6.2055e-05	1.3647e-02	9.8370e-01	1.8180e-03	7.6636e-04	1.4993e-06	2.5340e-28	0.00e+00	0.00e+00	1.4694e+01
3.75943e+18	1.2352e+04	2.825e-18	5.9948e+02	6.4861e+02	4.5705e-16	5.3754e-03	9.9462e-01	1.3207e-03	9.9757e-01	1.1139e-03	2.9235e-21	4.3982e-06	1.7537e-02	7.1107e-01	2.6842e-01	6.8794e-05	1.4356e-02	9.8304e-01	1.7711e-03	7.6365e-04	1.4289e-06	3.0645e-28	0.00e+00	0.00e+00	1.5004e+01
3.77695e+18	1.2371e+04	2.840e-18	5.9948e+02	6.4848e+02	4.9137e-16	5.5795e-03	9.9442e-01	1.3599e-03	9.9752e-01	1.1222e-03	3.4422e-21	4.5822e-06	1.8203e-02	7.1715e-01	2.6175e-01	7.5290e-05	1.5007e-02	9.8243e-01	1.7222e-03	7.6088e-04	1.3646e-06	3.6234e-28	0.00e+00	0.00e+00	1.5422e+01
3.79973e+18	1.2396e+04	2.861e-18	5.9948e+02	6.4831e+02	5.4163e-16	5.8632e-03	9.9414e-01	1.4138e-03	9.9747e-01	1.1133e-03	4.2830e-21	4.8393e-06	1.9127e-02	7.2516e-01	2.5292e-01	8.4935e-05	1.5930e-02	9.8157e-01	1.6557e-03	7.5713e-04	1.2813e-06	4.5370e-28	0.00e+00	0.00e+00	1.5993e+01
3.82935e+18	1.2418e+04	2.890e-18	5.9948e+02	6.4815e+02	6.2318e-16	6.2693e-03	9.9373e-01	1.4906e-03	9.9742e-01	1.0896e-03	5.7948e-21	5.2134e-06	2.0450e-02	7.3586e-01	2.4104e-01	9.9992e-05	1.7286e-02	9.8029e-01	1.5675e-03	7.5167e-04	1.1752e-06	6.2354e-28	0.00e+00	0.00e+00	1.6788e+01
3.86172e+18	1.2468e+04	2.921e-18	5.9948e+02	6.4773e+02	7.1749e-16	6.7797e-03	9.9322e-01	1.5855e-03	9.9736e-01	1.0592e-03	8.1158e-21	5.6591e-06	2.2085e-02	7.4770e-01	2.2772e-01	1.2140e-04	1.9084e-02	9.7857e-01	1.4729e-03	7.4642e-04	1.0642e-06	8.7331e-28	0.00e+00	0.00e+00	1.7590e+01
3.88757e+18	1.2487e+04	2.951e-18	5.9948e+02	6.4749e+02	8.2373e-16	7.2615e-03	9.9274e-01	1.6743e-03	9.9728e-01	1.0440e-03	1.1003e-20	6.0817e-06	2.3617e-02	7.5752e-01	2.1650e-01	1.4400e-04	2.0845e-02	9.7687e-01	1.3983e-03	7.4118e-04	9.7671e-07	1.1956e-27	0.00e+00	0.00e+00	1.8151e+01
3.90564e+18	1.2501e+04	2.970e-18	5.9948e+02	6.4728e+02	9.0640e-16	7.6170e-03	9.9238e-01	1.7422e-03	9.9721e-01	1.0461e-03	1.3644e-20	6.4141e-06	2.4783e-02	7.6438e-01	2.0856e-01	1.6247e-04	2.2208e-02	9.7554e-01	1.3485e-03	7.3735e-04	9.1970e-07	1.4900e-27	0.00e+00	0.00e+00	1.8604e+01
3.92373e+18	1.2515e+04	2.987e-18	5.9948e+02	6.4706e+02	9.9546e-16	7.9841e-03	9.9202e-01	1.8130e-03	9.9714e-01	1.0444e-03	1.6883e-20	6.7565e-06	2.6011e-02	7.7134e-01	2.0046e-01	1.8298e-04	2.3640e-02	9.7415e-01	1.2967e-03	7.3328e-04	8.6459e-07	1.8491e-27	0.00e+00	0.00e+00	1.9222e+01
3.94723e+18	1.2529e+04	3.012e-18	5.9948e+02	6.4680e+02	1.1323e-15	8.5076e-03	9.9149e-01	1.9133e-03	9.9706e-01	1.0284e-03	2.2540e-20	7.2485e-06	2.7751e-02	7.8042e-01	1.8975e-01	2.1487e-04	2.5740e-02	9.7209e-01	1.2279e-03	7.2752e-04	7.9442e-07	2.4835e-27	0.00e+00	0.00e+00	2.0077e+01
3.97122e+18	1.2564e+04	3.037e-18	5.9948e+02	6.4628e+02	1.2861e-15	9.1296e-03	9.9087e-01	2.0299e-03	9.9696e-01	1.0056e-03	3.0704e-20	7.7966e-06	2.9766e-02	7.8966e-01	1.7862e-01	2.5750e-04	2.8371e-02	9.6949e-01	1.1580e-03	7.2195e-04	7.2452e-07	3.3688e-27	0.00e+00	0.00e+00	2.0817e+01
3.98949e+18	1.2564e+04	3.061e-18	5.9948e+02	6.4599e+02	1.4497e-15	9.6726e-03	9.9033e-01	2.1325e-03	9.9687e-01	9.9777e-04	3.9922e-20	8.2876e-06	3.1534e-02	7.9681e-01	1.6979e-01	2.9854e-04	3.0735e-02	9.6714e-01	1.1050e-03	7.1646e-04	6.7187e-07	4.4063e-27	0.00e+00	0.00e+00	2.1371e+01
4.00388e+18	1.2564e+04	3.077e-18	5.9948e+02	6.4575e+02	1.5912e-15	1.0116e-02	9.8988e-01	2.2193e-03	9.9678e-01	9.9658e-04	4.9099e-20	8.7175e-06	3.3018e-02	8.0233e-01	1.6286e-01	3.3527e-04	3.2748e-02	9.6514e-01	1.0646e-03	7.1196e-04	6.3318e-07	5.4386e-27	0.00e+00	0.00e+00	2.1894e+01
4.01958e+18	1.2569e+04	3.092e-18	5.9948e+02	6.4546e+02	1.7567e-15	1.0620e-02	9.8938e-01	2.3181e-03	9.9669e-01	9.9151e-04	6.1443e-20	9.1992e-06	3.4722e-02	8.0829e-01	1.5526e-01	3.8028e-04	3.5090e-02	9.6280e-01	1.0201e-03	7.0689e-04	5.9280e-07	6.8202e-27	0.00e+00	0.00e+00	2.2607e+01
4.03998e+18	1.2570e+04	3.116e-18	5.9948e+02	6.4511e+02	2.0139e-15	1.1345e-02	9.8865e-01	2.4592e-03	9.9657e-01	9.7573e-04	8.3375e-20	9.8912e-06	3.7149e-02	8.1595e-01	1.4527e-01	4.5131e-04	3.8560e-02	9.5933e-01	9.6138e-04	6.9963e-04	5.4146e-07	9.2972e-27	0.00e+00	0.00e+00	2.3597e+01
4.06021e+18	1.2588e+04	3.140e-18	5.9948e+02	6.4438e+02	2.3050e-15	1.2203e-02	9.8780e-01	2.6214e-03	9.9642e-01	9.5479e-04	1.1516e-19	1.0648e-05	3.9920e-02	8.2336e-01	1.3520e-01	5.4610e-04	4.2881e-02	9.5498e-01	9.0228e-04	6.9232e-04	4.9095e-07	1.2770e-26	0.00e+00	0.00e+00	2.4400e+01
4.07477e+18	1.2578e+04	3.160e-18	5.9948e+02	6.4401e+02	2.5938e-15	1.2905e-02	9.8709e-01	2.7568e-03	9.9629e-01	9.4848e-04	1.4906e-19	1.1292e-05	4.2217e-02	8.2856e-01	1.2777e-01	6.3217e-04	4.6542e-02	9.5128e-01	8.6011e-04	6.8570e-04	4.5521e-07	1.6608e-26	0.00e+00	0.00e+00	2.4972e+01
4.08602e+18	1.2571e+04	3.173e-18	5.9948e+02	6.4369e+02	2.8362e-15	1.3460e-02	9.8654e-01	2.8682e-03	9.9618e-01	9.4722e-04	1.8158e-19	1.1840e-05	4.4091e-02	8.3239e-01	1.2212e-01	7.0658e-04	4.9558e-02	9.4823e-01	8.2898e-04	6.8041e-04	4.2973e-07	2.0283e-26	0.00e+00	0.00e+00	2.5522e+01
4.09844e+18	1.2564e+04	3.185e-18	5.9948e+02	6.4333e+02	3.1229e-15	1.4097e-02	9.8590e-01	2.9964e-03	9.9606e-01	9.4260e-04	2.2535e-19	1.2456e-05	4.6254e-02	8.3648e-01	1.1592e-01	7.9833e-04	5.3100e-02	9.4463e-01	7.9463e-04	6.7437e-04	4.0289e-07	2.5200e-26	0.00e+00	0.00e+00	2.6271e+01
4.11457e+18	1.2552e+04	3.205e-18	5.9948e+02	6.4290e+02	3.5687e-15	1.5016e-02	9.8498e-01	3.1793e-03	9.9589e-01	9.2990e-04	3.0254e-19	1.3339e-05	4.9327e-02	8.4157e-01	1.0783e-01	9.4267e-04	5.8336e-02	9.3931e-01	7.4930e-04	6.6566e-04	3.6859e-07	3.3955e-26	0.00e+00	0.00e+00	2.7307e+01
4.13094e+18	1.2541e+04	3.229e-18	5.9948e+02	6.4230e+02	4.1455e-15	1.6139e-02	9.8386e-01	3.3963e-03	9.9569e-01	9.1210e-04	4.2128e-19	1.4375e-05	5.2943e-02	8.4639e-01	9.9478e-02	1.1395e-03	6.4973e-02	9.3253e-01	7.0161e-04	6.5561e-04	3.3326e-07	4.7511e-26	0.00e+00	0.00e+00	2.8192e+01
4.14324e+18	1.2530e+04	3.245e-18	5.9948e+02	6.4166e+02	4.6530e-15	1.7084e-02	9.8292e-01	3.5827e-03	9.9551e-01	9.0441e-04	5.4625e-19	1.5241e-05	5.6018e-02	8.4965e-01	9.3204e-02	1.3252e-03	7.0838e-02	9.2652e-01	6.6642e-04	6.4731e-04	3.0778e-07	6.1552e-26	0.00e+00	0.00e+00	2.8846e+01
4.15289e+18	1.2518e+04	3.255e-18	5.9948e+02	6.4109e+02	5.0938e-15	1.7855e-02	9.8215e-01	3.7397e-03	9.9536e-01	9.0097e-04	6.6954e-19	1.5964e-05	5.8588e-02	8.5195e-01	8.8383e-02	1.4907e-03	7.5801e-02	9.2143e-01	6.3989e-04	6.4046e-04	2.8913e-07	7.5302e-26	0.00e+00	0.00e+00	2.9467e+01
4.16345e+18	1.2504e+04	3.265e-18	5.9948e+02	6.4041e+02	5.6039e-15	1.8734e-02	9.8127e-01	3.9202e-03	9.9518e-01	8.9514e-04	8.3291e-19	1.6779e-05	6.1533e-02	8.5425e-01	8.3178e-02	1.6941e-03	8.1587e-02	9.1547e-01	6.1128e-04	6.3261e-04	2.6979e-07	9.3056e-26	0.00e+00	0.00e+00	3.0313e+01
4.17718e+18	1.2477e+04	3.283e-18	5.9948e+02	6.3971e+02	6.4807e-15	2.0019e-02	9.7998e-01	4.1805e-03	9.9494e-01	8.8274e-04	1.1363e-18	1.7987e-05	6.5745e-02	8.5686e-01	7.6425e-02	2.0176e-03	9.0187e-02	9.0660e-01	5.7345e-04	6.2096e-04	2.4490e-07	1.2775e-25	0.00e+00	0.00e+00	3.1488e+01
4.19102e+18	1.2446e+04	3.307e-18	5.9948e+02	6.3900e+02	7.6651e-15	2.1607e-02	9.7839e-01	4.4941e-03	9.9464e-01	8.6594e-04	1.6187e-18	1.9464e-05	7.0746e-02	8.5883e-01	6.9518e-02	2.4640e-03	1.0113e-01	8.9526e-01	5.3334e-04	6.0690e-04	2.1908e-07	1.8405e-25	0.00e+00	0.00e+00	3.2484e+01
4.20135e+18	1.2436e+04	3.318e-18	5.9948e+02	6.3786e+02	8.5760e-15	2.2922e-02	9.7708e-01	4.7579e-03	9.9438e-01	8.5787e-04	2.1018e-18	2.0604e-05	7.4930e-02	8.5974e-01	6.4471e-02	2.8821e-03	1.1073e-01	8.8529e-01	5.0419e-04	5.9591e-04	2.0095e-07	2.3677e-25	0.00e+00	0.00e+00	3.3219e+01
4.20947e+18	1.2400e+04	3.329e-18	5.9948e+02	6.3728e+02	9.5769e-15	2.4028e-02	9.7597e-01	4.9896e-03	9.9416e-01	8.5232e-04	2.6282e-18	2.1657e-05	7.8530e-02	8.6009e-01	6.0561e-02	3.2614e-03	1.1889e-01	8.7678e-01	4.8182e-04	5.8595e-04	1.8724e-07	2.9837e-25	0.00e+00	0.00e+00	3.3926e+01
4.21841e+18	1.2383e+04	3.335e-18	5.9948e+02	6.3636e+02	1.0593e-14	2.5273e-02	9.7473e-01	5.2516e-03	9.9390e-01	8.4574e-04	3.3010e-18	2.2801e-05	8.2606e-02	8.6020e-01	5.6417e-02	3.7277e-03	1.2844e-01	8.6680e-01	4.5827e-04	5.7521e-04	1.7344e-07	3.7231e-25	0.00e+00	0.00e+00	3.4892e+01
4.23003e+18	1.2344e+04	3.350e-18	5.9948e+02	6.3529e+02	1.2351e-14	2.7127e-02	9.7287e-01	5.6349e-03	9.9353e-01	8.3335e-04	4.5605e-18	2.4501e-05	8.8486e-02	8.5972e-01	5.1067e-02	4.4802e-03	1.4270e-01	8.5184e-01	4.2690e-04	5.5911e-04	1.5549e-07	5.1583e-25	0.00e+00	0.00e+00	3.6241e+01
4.24193e+18	1.2300e+04	3.372e-18	5.9948e+02	6.3403e+02	1.4871e-14	2.9504e-02	9.7050e-01	6.1084e-03	9.9307e-01	8.1672e-04	6.6693e-18	2.6542e-05	9.5644e-02	8.5814e-01	4.5539e-02	5.5531e-03	1.6119e-01	8.3233e-01	3.9261e-04	5.3910e-04	1.3641e-07	7.6355e-25	0.00e+00	0.00e+00	3.7432e+01
4.25109e+18	1.2259e+04	3.387e-18	5.9948e+02	6.3295e+02	1.7326e-14	3.1596e-02	9.6840e-01	6.5396e-03	9.9265e-01	8.0596e-04	9.1041e-18	2.8421e-05	1.0202e-01	8.5597e-01	4.1383e-02	6.6150e-03	1.7802e-01	8.1448e-01	3.6656e-04	5.2155e-04	1.2233e-07	1.0515e-24	0.00e+00	0.00e+00	3.8346e+01
4.25847e+18	1.2242e+04	3.388e-18	5.9948e+02	6.3145e+02	1.9245e-14	3.3337e-02	9.6666e-01	6.9094e-03	9.9229e-01	7.9924e-04	1.1509e-17	2.9901e-05	1.0745e-01	8.5373e-01	3.8222e-02	7.5974e-03	1.9266e-01	7.9888e-01	3.4696e-04	5.0740e-04	1.1216e-07	1.3186e-24	0.00e+00	0.00e+00	3.9245e+01
4.26667e+18	1.2188e+04	3.398e-18	5.9948e+02	6.3015e+02	2.2140e-14	3.5478e-02	9.6452e-01	7.3662e-03	9.9184e-01	7.8941e-04	1.5197e-17	3.1787e-05	1.1402e-01	8.5065e-01	3.4771e-02	8.8806e-03	2.1026e-01	7.8004e-01	3.2525e-04	4.8980e-04	1.0112e-07	1.7457e-24	0.00e+00	0.00e+00	4.0490e+01
4.27733e+18	1.2131e+04	3.410e-18	5.9948e+02	6.2826e+02	2.6775e-14	3.8685e-02	9.6132e-01	8.0350e-03	9.9119e-01	7.7483e-04	2.2217e-17	3.4484e-05	1.2349e-01	8.4555e-01	3.0435e-02	1.0994e-02	2.3664e-01	7.5160e-01	2.9691e-04	4.6440e-04	1.1755e-36	2.5680e-24	0.00e+00	0.00e+00	4.2254e+01
4.28842e+18	1.2069e+04	3.430e-18	5.9948e+02	6.2549e+02	3.3731e-14	4.2985e-02	9.5702e-01	8.8975e-03	9.9035e-01	7.5611e-04	3.4859e-17	3.7819e-05	1.3540e-01	8.3814e-01	2.5985e-02	1.4157e-02	2.7139e-01	7.1375e-01	2.6551e-04	4.3232e-04	1.1755e-36	4.0842e-24	0.00e+00	0.00e+00	4.3901e+01
4.29701e+18	1.1998e+04	3.447e-18	5.9948e+02	6.2381e+02	4.1787e-14	4.7087e-02	9.5291e-01	9.7430e-03	9.8952e-01	7.4137e-04	5.1824e-17	4.1135e-05	1.4670e-01	8.3024e-01	2.2623e-02	1.7523e-02	3.0387e-01	6.7796e-01	2.4079e-04	4.0264e-04	1.1755e-36	6.2206e-24	0.00e+00	0.00e+00	4.5156e+01
4.30349e+18	1.1966e+04	3.443e-18	5.9948e+02	6.2125e+02	4.7942e-14	5.0370e-02	9.4963e-01	1.0445e-02	9.8882e-01	7.3263e-04	6.8321e-17	4.3592e-05	1.5591e-01	8.2339e-01	2.0289e-02	2.0518e-02	3.3030e-01	6.4858e-01	2.2360e-04	3.8005e-04	1.1755e-36	8.1613e-24	0.00e+00	0.00e+00	4.6285e+01
4.31030e+18	1.1895e+04	3.445e-18	5.9948e+02	6.1892e+02	5.6695e-14	5.4189e-02	9.4581e-01	1.1271e-02	9.8801e-01	7.2176e-04	9.2613e-17	4.6512e-05	1.6644e-01	8.1522e-01	1.7951e-02	2.4193e-02	3.5930e-01	6.1595e-01	2.0615e-04	3.5492e-04	1.1755e-36	1.1137e-23	0.00e+00	0.00e+00	4.7864e+01
4.31915e+18	1.1821e+04	3.449e-18	5.9948e+02	6.1556e+02	7.1020e-14	6.0094e-02	9.3991e-01	1.2506e-02	9.8679e-01	7.0650e-04	1.3982e-16	5.0728e-05	1.8177e-01	8.0280e-01	1.5075e-02	3.0296e-02	4.0137e-01	5.6784e-01	1.8339e-04	3.1923e-04	1.1755e-36	1.6947e-23	0.00e+00	0.00e+00	5.0140e+01
4.32797e+18	1.1742e+04	3.456e-18	5.9948e+02	6.1015e+02	9.3627e-14	6.8015e-02	9.3198e-01	1.4084e-02	9.8523e-01	6.8962e-04	2.2575e-16	5.5770e-05	2.0051e-01	7.8686e-01	1.2313e-02	3.9122e-02	4.5190e-01	5.0854e-01	1.5915e-04	2.7748e-04	1.1755e-36	2.8066e-23	0.00e+00	0.00e+00	5.2105e+01
4.33424e+18	1.1673e+04	3.452e-18	5.9948e+02	6.0593e+02	1.1617e-13	7.4927e-02	9.2507e-01	1.5513e-02	9.8381e-01	6.7762e-04	3.2546e-16	6.0099e-05	2.1676e-01	7.7248e-01	1.0467e-02	4.7393e-02	4.9153e-01	4.6069e-01	1.4218e-04	2.4501e-04	1.1755e-36	4.1114e-23	0.00e+00	0.00e+00	5.3497e+01
4.33878e+18	1.1612e+04	3.441e-18	5.9948e+02	6.0276e+02	1.3609e-13	8.0368e-02	9.1963e-01	1.6698e-02	9.8263e-01	6.6956e-04	4.2285e-16	6.3544e-05	2.2974e-01	7.6074e-01	9.2444e-03	5.4222e-02	5.1993e-01	4.2549e-01	1.3085e-04	2.2184e-04	1.1755e-36	5.3865e-23	0.00e+00	0.00e+00	5.4766e+01
4.34358e+18	1.1550e+04	3.427e-18	5.9948e+02	5.9952e+02	1.6196e-13	8.6609e-02	9.1339e-01	1.8063e-02	9.8128e-01	6.6146e-04	5.5908e-16	6.7362e-05	2.4423e-01	7.4746e-01	8.0487e-03	6.2263e-02	5.4890e-01	3.8852e-01	1.1962e-04	1.9805e-04	1.1755e-36	7.2430e-23	0.00e+00	0.00e+00	5.6544e+01
4.34982e+18	1.1467e+04	3.404e-18	5.9948e+02	5.9296e+02	2.0496e-13	9.6191e-02	9.0381e-01	2.0072e-02	9.7928e-01	6.5262e-04	8.0592e-16	7.2566e-05	2.6462e-01	7.2852e-01	6.6217e-03	7.4870e-02	5.8621e-01	3.3865e-01	1.0534e-04	1.6729e-04	1.1755e-36	1.0612e-22	0.00e+00	0.00e+00	5.9111e+01
4.35622e+18	1.1388e+04	3.381e-18	5.9948e+02	5.8467e+02	2.7248e-13	1.0935e-01	8.9065e-01	2.2701e-02	9.7665e-01	6.4381e-04	1.2365e-15	7.8694e-05	2.8983e-01	7.0469e-01	5.2512e-03	9.2419e-02	6.2514e-01	2.8221e-01	8.9992e-05	1.3379e-04	1.1755e-36	1.6804e-22	0.00e+00	0.00e+00	6.1494e+01
4.36101e+18	1.1297e+04	3.354e-18	5.9948e+02	5.7759e+02	3.4740e-13	1.2166e-01	8.7834e-01	2.5250e-02	9.7411e-01	6.3775e-04	1.7462e-15	8.4202e-05	3.1269e-01	6.8279e-01	4.3124e-03	1.0898e-01	6.5178e-01	2.3905e-01	7.8828e-05	1.0917e-04	1.1755e-36	2.4297e-22	0.00e+00	0.00e+00	6.3254e+01
4.36450e+18	1.1230e+04	3.320e-18	5.9948e+02	5.7234e+02	4.1645e-13	1.3141e-01	8.6859e-01	2.7410e-02	9.7196e-01	6.3417e-04	2.2487e-15	8.8543e-05	3.3103e-01	6.6506e-01	3.7055e-03	1.2223e-01	6.6802e-01	2.0959e-01	7.1519e-05	9.3000e-05	1.1755e-36	3.1969e-22	0.00e+00	0.00e+00	6.4824e+01
4.36813e+18	1.1160e+04	3.270e-18	5.9948e+02	5.6505e+02	4.9652e-13	1.4195e-01	8.5805e-01	2.9794e-02	9.6957e-01	6.3293e-04	2.8542e-15	9.2859e-05	3.5027e-01	6.4638e-01	3.1514e-03	1.3656e-01	6.8132e-01	1.8197e-01	6.4801e-05	7.8474e-05	1.1755e-36	4.0942e-22	0.00e+00	0.00e+00	6.7030e+01
4.37285e+18	1.1064e+04	3.208e-18	5.9948e+02	5.5460e+02	6.4235e-13	1.5857e-01	8.4143e-01	3.3399e-02	9.6597e-01	6.3237e-04	3.9878e-15	9.8689e-05	3.7758e-01	6.1973e-01	2.5013e-03	1.5872e-01	6.9357e-01	1.4760e-01	5.6177e-05	6.0930e-05	1.1755e-36	5.8793e-22	0.00e+00	0.00e+00	7.0233e+01
4.37772e+18	1.0959e+04	3.131e-18	5.9948e+02	5.4088e+02	8.7122e-13	1.8104e-01	8.1896e-01	3.8137e-02	9.6123e-01	6.3601e-04	5.8388e-15	1.0512e-04	4.1046e-01	5.8746e-01	1.9059e-03	1.8801e-01	6.9867e-01	1.1323e-01	4.7206e-05	4.4215e-05	1.1755e-36	8.9335e-22	0.00e+00	0.00e+00	7.3246e+01
4.38140e+18	1.0858e+04	3.053e-18	5.9948e+02	5.2971e+02	1.1174e-12	2.0162e-01	7.9838e-01	4.2800e-02	9.5656e-01	6.3982e-04	7.8953e-15	1.1063e-04	4.3983e-01	5.5848e-01	1.5138e-03	2.1431e-01	6.9588e-01	8.9736e-02	4.0860e-05	3.3366e-05	1.1755e-36	1.2381e-21	0.00e+00	0.00e+00	7.5508e+01
4.38414e+18	1.0787e+04	2.966e-18	5.9948e+02	5.1884e+02	1.3365e-12	2.1704e-01	7.8296e-01	4.6649e-02	9.5271e-01	6.4562e-04	9.7279e-15	1.1436e-04	4.6219e-01	5.3637e-01	1.2721e-03	2.3388e-01	6.9091e-01	7.5147e-02	3.6923e-05	2.7034e-05	1.1755e-36	1.5498e-21	0.00e+00	0.00e+00	7.7570e+01
4.38703e+18	1.0702e+04	2.874e-18	5.9948e+02	5.0818e+02	1.6151e-12	2.3484e-01	7.6516e-01	5.1236e-02	9.4811e-01	6.5257e-04	1.2081e-14	1.1841e-04	4.8688e-01	5.1191e-01	1.0471e-03	2.5599e-01	6.8214e-01	6.1818e-02	3.3073e-05	2.1411e-05	1.1755e-36	1.9527e-21	0.00e+00	0.00e+00	8.0471e+01
4.39078e+18	1.0588e+04	2.743e-18	5.9948e+02	4.9124e+02	2.1066e-12	2.6192e-01	7.3808e-01	5.8038e-02	9.4130e-01	6.6591e-04	1.6150e-14	1.2296e-04	5.2015e-01	4.7889e-01	7.9834e-04	2.8880e-01	6.6443e-01	4.6724e-02	2.8287e-05	1.5334e-05	1.1755e-36	2.6787e-21	0.00e+00	0.00e+00	8.4677e+01
4.39454e+18	1.0467e+04	2.589e-18	5.9948e+02	4.7032e+02	2.8286e-12	2.9607e-01	7.0393e-01	6.6657e-02	9.3266e-01	6.8624e-04	2.2041e-14	1.2676e-04	5.5726e-01	4.4199e-01	5.9026e-04	3.2895e-01	6.3746e-01	3.3551e-02	2.3578e-05	1.0333e-05	1.1755e-36	3.7611e-21	0.00e+00	0.00e+00	8.8348e+01
4.39731e+18	1.0353e+04	2.454e-18	5.9948e+02	4.5450e+02	3.5414e-12	3.2430e-01	6.7570e-01	7.4843e-02	9.2445e-01	7.0298e-04	2.7707e-14	1.2969e-04	5.8800e-01	4.1138e-01	4.6336e-04	3.6138e-01	6.1293e-01	2.5662e-02	2.0477e-05	7.5173e-06	1.1755e-36	4.7936e-21	0.00e+00	0.00e+00	9.1142e+01
4.39942e+18	1.0275e+04	2.331e-18	5.9948e+02	4.4022e+02	4.1590e-12	3.4498e-01	6.5502e-01	8.1592e-02	9.1769e-01	7.1931e-04	3.2410e-14	1.3104e-04	6.1082e-01	3.8864e-01	3.8576e-04	3.8482e-01	5.9422e-01	2.0929e-02	1.8539e-05	5.9299e-06	1.1755e-36	5.6433e-21	0.00e+00	0.00e+00	9.3673e+01
4.40158e+18	1.0184e+04	2.206e-18	5.9948e+02	4.2628e+02	4.9109e-12	3.6785e-01	6.3215e-01	8.9446e-02	9.0982e-01	7.3678e-04	3.7964e-14	1.3230e-04	6.3475e-01	3.6478e-01	3.1665e-04	4.1027e-01	5.7286e-01	1.6844e-02	1.6668e-05	4.6016e-06	1.1755e-36	6.6371e-21	0.00e+00	0.00e+00	9.7000e+01
4.40424e+18	1.0066e+04	2.048e-18	5.9948e+02	4.0656e+02	6.1031e-12	3.9947e-01	6.0053e-01	1.0015e-01	8.9909e-01	7.6365e-04	4.6212e-14	1.3263e-04	6.6383e-01	3.3577e-01	2.4602e-04	4.4473e-01	5.4262e-01	1.2633e-02	1.4458e-05	3.2917e-06	1.1755e-36	8.1374e-21	0.00e+00	0.00e+00	1.0142e+02
4.40691e+18	9.9454e+03	1.878e-18	5.9948e+02	3.8421e+02	7.6565e-12	4.3565e-01	5.6435e-01	1.1288e-01	8.8632e-01	7.9955e-04	5.6341e-14	1.3161e-04	6.9374e-01	3.0593e-01	1.8880e-04	4.8327e-01	5.0755e-01	9.1732e-03	1.2346e-05	2.2707e-06	1.1755e-36	9.9524e-21	0.00e+00	0.00e+00	1.0539e+02
4.40894e+18	9.8300e+03	1.742e-18	5.9948e+02	3.6742e+02	9.1391e-12	4.6455e-01	5.3545e-01	1.2479e-01	8.7439e-01	8.2689e-04	6.5272e-14	1.3074e-04	7.1775e-01	2.8195e-01	1.5329e-04	5.1349e-01	4.7941e-01	7.0895e-03	1.0910e-05	1.6876e-06	1.1755e-36	1.1497e-20	0.00e+00	0.00e+00	1.0831e+02
4.41050e+18	9.7513e+03	1.631e-18	5.9948e+02	3.5392e+02	1.0318e-11	4.8466e-01	5.1534e-01	1.3462e-01	8.6453e-01	8.5135e-04	7.1847e-14	1.2944e-04	7.3535e-01	2.6437e-01	1.3128e-04	5.3428e-01	4.5987e-01	5.8461e-03	1.0016e-05	1.3566e-06	1.1755e-36	1.2523e-20	0.00e+00	0.00e+00	1.1097e+02
4.41198e+18	9.6635e+03	1.528e-18	5.9948e+02	3.4113e+02	1.1645e-11	5.0498e-01	4.9502e-01	1.4495e-01	8.5418e-01	8.7458e-04	7.8716e-14	1.2803e-04	7.5202e-01	2.4773e-01	1.1298e-04	5.5501e-01	4.4014e-01	4.8317e-03	9.1924e-06	1.0934e-06	1.1755e-36	1.3568e-20	0.00e+00	0.00e+00	1.1388e+02
4.41355e+18	9.5623e+03	1.422e-18	5.9948e+02	3.2718e+02	1.3322e-11	5.2831e-01	4.7169e-01	1.5691e-01	8.4219e-01	9.0111e-04	8.6814e-14	1.2609e-04	7.6935e-01	2.3041e-01	9.6223e-05	5.7851e-01	4.1757e-01	3.9056e-03	8.3306e-06	8.5937e-07	1.1755e-36	1.4781e-20	0.00e+00	0.00e+00	1.1712e+02
4.41482e+18	9.4965e+03	1.334e-18	5.9948e+02	3.1440e+02	1.4783e-11	5.4762e-01	4.5238e-01	1.6683e-01	8.3224e-01	9.3092e-04	9.3486e-14	1.2354e-04	7.8236e-01	2.1742e-01	8.5062e-05	5.9772e-01	3.9900e-01	3.2678e-03	7.6752e-06	7.0323e-07	1.1755e-36	1.5698e-20	0.00e+00	0.00e+00	1.1901e+02
4.41558e+18	9.4424e+03	1.283e-18	5.9948e+02	3.0821e+02	1.5673e-11	5.5718e-01	4.4282e-01	1.7388e-01	8.2518e-01	9.4225e-04	9.7085e-14	1.2265e-04	7.9068e-01	2.0911e-01	7.9189e-05	6.0721e-01	3.8983e-01	2.9596e-03	7.3696e-06	6.3012e-07	1.1755e-36	1.6107e-20	0.00e+00	0.00e+00	1.2030e+02
4.41628e+18	9.3888e+03	1.235e-18	5.9948e+02	3.0263e+02	1.6558e-11	5.6587e-01	4.3413e-01	1.8074e-01	8.1830e-01	9.5162e-04	1.0048e-13	1.2184e-04	7.9835e-01	2.0145e-01	7.4033e-05	6.1580e-01	3.8150e-01	2.6998e-03	7.1012e-06	5.6933e-07	1.1755e-36	1.6483e-20	0.00e+00	0.00e+00	1.2199e+02
4.41719e+18	9.3212e+03	1.175e-18	5.9948e+02	2.9440e+02	1.7874e-11	5.7894e-01	4.2106e-01	1.8959e-01	8.0944e-01	9.6879e-04	1.0537e-13	1.2020e-04	8.0773e-01	1.9208e-01	6.7822e-05	6.2858e-01	3.6903e-01	2.3759e-03	6.7146e-06	4.9398e-07	1.1755e-36	1.7035e-20	0.00e+00	0.00e+00	1.2424e+02
4.41820e+18	9.2485e+03	1.111e-18	5.9948e+02	2.8473e+02	1.9542e-11	5.9534e-01	4.0466e-01	1.9971e-01	7.9930e-01	9.9193e-04	1.1148e-13	1.1801e-04	8.1766e-01	1.8215e-01	6.1606e-05	6.4449e-01	3.5346e-01	2.0422e-03	6.2548e-06	4.1712e-07	1.1755e-36	1.7760e-20	0.00e+00	0.00e+00	1.2647e+02
4.41907e+18	9.2024e+03	1.054e-18	5.9948e+02	2.7572e+02	2.0899e-11	6.0827e-01	3.9173e-01	2.0835e-01	7.9064e-01	1.0174e-03	1.1618e-13	1.1557e-04	8.2556e-01	1.7426e-01	5.7039e-05	6.5694e-01	3.4126e-01	1.7966e-03	5.9102e-06	3.6206e-07	1.1755e-36	1.8181e-20	0.00e+00	0.00e+00	1.2822e+02
4.41981e+18	9.1354e+03	1.009e-18	5.9948e+02	2.6920e+02	2.2297e-11	6.1896e-01	3.8104e-01	2.1699e-01	7.8197e-01	1.0316e-03	1.2030e-13	1.1411e-04	8.3277e-01	1.6705e-01	5.3434e-05	6.6719e-01	3.3119e-01	1.6141e-03	5.6387e-06	3.2178e-07	1.1755e-36	1.8522e-20	0.00e+00	0.00e+00	1.2990e+02
4.42058e+18	9.0784e+03	9.607e-19	5.9948e+02	2.6198e+02	2.3748e-11	6.2974e-01	3.7026e-01	2.2593e-01	7.7302e-01	1.0494e-03	1.2453e-13	1.1226e-04	8.3985e-01	1.5998e-01	5.0040e-05	6.7748e-01	3.2108e-01	1.4428e-03	5.3739e-06	2.8456e-07	1.1755e-36	1.8840e-20	0.00e+00	0.00e+00	1.3185e+02
4.42144e+18	9.0070e+03	9.088e-19	5.9948e+02	2.5361e+02	2.5603e-11	6.4288e-01	3.5712e-01	2.3632e-01	7.6260e-01	1.0718e-03	1.2951e-13	1.0994e-04	8.4752e-01	1.5231e-01	4.6544e-05	6.8992e-01	3.0881e-01	1.2655e-03	5.0649e-06	2.4644e-07	1.1755e-36	1.9163e-20	0.00e+00	0.00e+00	1.3406e+02
4.42231e+18	8.9369e+03	8.584e-19	5.9948e+02	2.4518e+02	2.7636e-11	6.5666e-01	3.4334e-01	2.4714e-01	7.5177e-01	1.0959e-03	1.3482e-13	1.0751e-04	8.5491e-01	1.4493e-01	4.3401e-05	7.0287e-01	2.9602e-01	1.1056e-03	4.7553e-06	2.1244e-07	1.1755e-36	1.9515e-20	0.00e+00	0.00e+00	1.3610e+02
4.42307e+18	8.8869e+03	8.145e-19	5.9948e+02	2.3771e+02	2.9312e-11	6.6745e-01	3.3255e-01	2.5676e-01	7.4212e-01	1.1191e-03	1.3894e-13	1.0518e-04	8.6103e-01	1.3882e-01	4.1005e-05	7.1297e-01	2.8604e-01	9.8580e-04	4.5215e-06	1.8748e-07	1.1755e-36	1.9652e-20	0.00e+00	0.00e+00	1.3787e+02
4.42379e+18	8.8130e+03	7.747e-19	5.9948e+02	2.3116e+02	3.1311e-11	6.7766e-01	3.2234e-01	2.6707e-01	7.3179e-01	1.1355e-03	1.4297e-13	1.0326e-04	8.6707e-01	1.3279e-01	3.8892e-05	7.2249e-01	2.7662e-01	8.8452e-04	4.3094e-06	1.6670e-07	1.1755e-36	1.9751e-20	0.00e+00	0.00e+00	1.3978e+02
4.42457e+18	8.7380e+03	7.327e-19	5.9948e+02	2.2400e+02	3.3606e-11	6.8921e-01	3.1079e-01	2.7854e-01	7.2030e-01	1.1551e-03	1.4757e-13	1.0108e-04	8.7334e-01	1.2652e-01	3.6791e-05	7.3319e-01	2.6603e-01	7.8392e-04	4.0773e-06	1.4621e-07	1.1755e-36	1.9874e-20	0.00e+00	0.00e+00	1.4192e+02
4.42538e+18	8.6661e+03	6.905e-19	5.9948e+02	2.1619e+02	3.6085e-11	7.0117e-01	2.9883e-01	2.9018e-01	7.0864e-01	1.1799e-03	1.5222e-13	9.8483e-05	8.7930e-01	1.2057e-01	3.4872e-05	7.4419e-01	2.5511e-01	6.9167e-04	3.8455e-06	1.2766e-07	1.1755e-36	1.9901e-20	0.00e+00	0.00e+00	1.4401e+02
4.42613e+18	8.6021e+03	6.521e-19	5.9948e+02	2.0895e+02	3.8453e-11	7.1169e-01	2.8831e-01	3.0138e-01	6.9742e-01	1.2042e-03	1.5629e-13	9.5983e-05	8.8461e-01	1.1526e-01	3.3285e-05	7.5383e-01	2.4555e-01	6.1667e-04	3.6484e-06	1.1755e-36	1.1755e-36	1.9817e-20	0.00e+00	0.00e+00	1.4595e+02
4.42685e+18	8.5198e+03	6.173e-19	5.9948e+02	2.0258e+02	4.1233e-11	7.2186e-01	2.7814e-01	3.1341e-01	6.8536e-01	1.2213e-03	1.6040e-13	9.3889e-05	8.8984e-01	1.1003e-01	3.1881e-05	7.6311e-01	2.3633e-01	5.5255e-04	3.4647e-06	1.1755e-36	1.1755e-36	1.9746e-20	0.00e+00	0.00e+00	1.4794e+02
4.42759e+18	8.4465e+03	5.825e-19	5.9948e+02	1.9585e+02	4.4061e-11	7.3183e-01	2.6817e-01	3.2550e-01	6.7326e-01	1.2425e-03	1.6436e-13	9.1518e-05	8.9477e-01	1.0511e-01	3.0605e-05	7.7216e-01	2.2734e-01	4.9463e-04	3.2895e-06	1.1755e-36	1.1755e-36	1.9578e-20	0.00e+00	0.00e+00	1.5000e+02
4.42834e+18	8.3702e+03	5.483e-19	5.9948e+02	1.8898e+02	4.7186e-11	7.4204e-01	2.5796e-01	3.3818e-01	6.6056e-01	1.2650e-03	1.6843e-13	8.9006e-05	8.9957e-01	1.0031e-01	2.9425e-05	7.8139e-01	2.1816e-01	4.4177e-04	3.1155e-06	1.1755e-36	1.1755e-36	1.9355e-20	0.00e+00	0.00e+00	1.5213e+02
4.42909e+18	8.2846e+03	5.158e-19	5.9948e+02	1.8231e+02	5.0774e-11	7.5235e-01	2.4765e-01	3.5144e-01	6.4727e-01	1.2859e-03	1.7262e-13	8.6596e-05	9.0421e-01	9.5673e-02	2.8358e-05	7.9066e-01	2.0894e-01	3.9491e-04	2.9454e-06	1.1755e-36	1.1755e-36	1.9110e-20	0.00e+00	0.00e+00	1.5423e+02
4.42981e+18	8.2036e+03	4.858e-19	5.9948e+02	1.7595e+02	5.4409e-11	7.6169e-01	2.3831e-01	3.6437e-01	6.3433e-01	1.3067e-03	1.7642e-13	8.4209e-05	9.0839e-01	9.1491e-02	2.7453e-05	7.9902e-01	2.0062e-01	3.5580e-04	2.7957e-06	1.1755e-36	1.1755e-36	1.8790e-20	0.00e+00	0.00e+00	1.5624e+02
4.43051e+18	8.1208e+03	4.579e-19	5.9948e+02	1.6999e+02	5.8284e-11	7.7045e-01	2.2955e-01	3.7761e-01	6.2107e-01	1.3245e-03	1.8007e-13	8.1955e-05	9.1236e-01	8.7524e-02	2.6656e-05	8.0684e-01	1.9284e-01	3.2220e-04	2.6589e-06	1.1755e-36	1.1755e-36	1.8445e-20	0.00e+00	0.00e+00	1.5829e+02
4.43123e+18	8.0297e+03	4.302e-19	5.9948e+02	1.6383e+02	6.2803e-11	7.7949e-01	2.2051e-01	3.9154e-01	6.0712e-01	1.3429e-03	1.8387e-13	7.9557e-05	9.1625e-01	8.3640e-02	2.5910e-05	8.1487e-01	1.8484e-01	2.9131e-04	2.5215e-06	1.1755e-36	1.1755e-36	1.8044e-20	0.00e+00	0.00e+00	1.6046e+02
4.43196e+18	7.9379e+03	4.033e-19	5.9948e+02	1.5752e+02	6.7759e-11	7.8859e-01	2.1141e-01	4.0576e-01	5.9288e-01	1.3641e-03	1.8770e-13	7.7053e-05	9.1993e-01	7.9970e-02	2.5227e-05	8.2292e-01	1.7681e-01	2.6346e-04	2.3865e-06	1.1755e-36	1.1755e-36	1.7574e-20	0.00e+00	0.00e+00	1.6264e+02
4.43267e+18	7.8531e+03	3.784e-19	5.9948e+02	1.5164e+02	7.2785e-11	7.9708e-01	2.0292e-01	4.1994e-01	5.7868e-01	1.3833e-03	1.9145e-13	7.4690e-05	9.2331e-01	7.6593e-02	2.4631e-05	8.3040e-01	1.6936e-01	2.3976e-04	2.2635e-06	1.1755e-36	1.1755e-36	1.7119e-20	0.00e+00	0.00e+00	1.6474e+02
4.43337e+18	7.7543e+03	3.555e-19	5.9948e+02	1.4624e+02	7.8773e-11	8.0529e-01	1.9471e-01	4.3470e-01	5.6391e-01	1.3954e-03	1.9526e-13	7.2533e-05	9.2655e-01	7.3348e-02	2.4105e-05	8.3761e-01	1.6217e-01	2.1943e-04	2.1478e-06	1.1755e-36	1.1755e-36	1.6693e-20	0.00e+00	0.00e+00	1.6685e+02
4.43405e+18	7.6566e+03	3.337e-19	5.9948e+02	1.4066e+02	8.5186e-11	8.1289e-01	1.8711e-01	4.4911e-01	5.4948e-01	1.4123e-03	1.9868e-13	7.0220e-05	9.2949e-01	7.0417e-02	2.3646e-05	8.4425e-01	1.5554e-01	2.0190e-04	2.0429e-06	1.1755e-36	1.1755e-36	1.6134e-20	0.00e+00	0.00e+00	1.6896e+02
4.43475e+18	7.5502e+03	3.130e-19	5.9948e+02	1.3539e+02	9.2729e-11	8.2067e-01	1.7933e-01	4.6429e-01	5.3429e-01	1.4233e-03	2.0248e-13	6.8057e-05	9.3235e-01	6.7556e-02	2.3221e-05	8.5104e-01	1.4877e-01	1.8618e-04	1.9378e-06	1.1755e-36	1.1755e-36	1.5642e-20	0.00e+00	0.00e+00	1.7112e+02
4.43543e+18	7.4439e+03	2.934e-19	5.9948e+02	1.3017e+02	1.0102e-10	8.2815e-01	1.7185e-01	4.7947e-01	5.1909e-01	1.4350e-03	2.0622e-13	6.5857e-05	9.3499e-01	6.4916e-02	2.2841e-05	8.5755e-01	1.4228e-01	1.7243e-04	1.8387e-06	1.1755e-36	1.1755e-36	1.5113e-20	0.00e+00	0.00e+00	1.7326e+02
4.43612e+18	7.3332e+03	2.750e-19	5.9948e+02	1.2512e+02	1.1043e-10	8.3529e-01	1.6471e-01	4.9478e-01	5.0378e-01	1.4447e-03	2.0995e-13	6.3710e-05	9.3745e-01	6.2462e-02	2.2505e-05	8.6373e-01	1.3610e-01	1.6057e-04	1.7462e-06	1.1755e-36	1.1755e-36	1.4575e-20	0.00e+00	0.00e+00	1.7541e+02
4.43679e+18	7.2196e+03	2.578e-19	5.9948e+02	1.2025e+02	1.2107e-10	8.4216e-01	1.5784e-01	5.1021e-01	4.8834e-01	1.4523e-03	2.1371e-13	6.1614e-05	9.3973e-01	6.0181e-02	2.2206e-05	8.6967e-01	1.3018e-01	1.5026e-04	1.6588e-06	1.1755e-36	1.1755e-36	1.4042e-20	0.00e+00	0.00e+00	1.7755e+02
4.43746e+18	7.0966e+03	2.416e-19	5.9948e+02	1.1545e+02	1.3368e-10	8.4870e-01	1.5130e-01	5.2558e-01	4.7296e-01	1.4586e-03	2.1737e-13	5.9545e-05	9.4183e-01	5.8088e-02	2.1946e-05	8.7531e-01	1.2454e-01	1.4144e-04	1.5771e-06	1.1755e-36	1.1755e-36	1.3470e-20	0.00e+00	0.00e+00	1.7968e+02
4.43811e+18	6.9785e+03	2.268e-19	5.9948e+02	1.1098e+02	1.4736e-10	8.5486e-01	1.4514e-01	5.4076e-01	4.5778e-01	1.4621e-03	2.2114e-13	5.7584e-05	9.4373e-01	5.6187e-02	2.1717e-05	8.8061e-01	1.1925e-01	1.3389e-04	1.5014e-06	1.1755e-36	1.1755e-36	1.2961e-20	0.00e+00	0.00e+00	1.8175e+02
4.43875e+18	6.8570e+03	2.131e-19	5.9948e+02	1.0677e+02	1.6303e-10	8.6064e-01	1.3936e-01	5.5593e-01	4.4261e-01	1.4619e-03	2.2489e-13	5.5731e-05	9.4549e-01	5.4435e-02	2.1518e-05	8.8556e-01	1.1431e-01	1.2748e-04	1.4316e-06	1.1755e-36	1.1755e-36	1.2480e-20	0.00e+00	0.00e+00	1.8382e+02
4.43939e+18	6.7334e+03	2.000e-19	5.9948e+02	1.0256e+02	1.8105e-10	8.6619e-01	1.3381e-01	5.7102e-01	4.2752e-01	1.4621e-03	2.2877e-13	5.3830e-05	9.4709e-01	5.2835e-02	2.1340e-05	8.9031e-01	1.0956e-01	1.2186e-04	1.3655e-06	1.1755e-36	1.1755e-36	1.1994e-20	0.00e+00	0.00e+00	1.8593e+02
4.44002e+18	6.6146e+03	1.878e-19	5.9948e+02	9.8504e+01	2.0078e-10	8.7155e-01	1.2845e-01	5.8588e-01	4.1266e-01	1.4617e-03	2.3284e-13	5.1987e-05	9.4853e-01	5.1394e-02	2.1180e-05	8.9489e-01	1.0499e-01	1.1695e-04	1.3024e-06	1.1755e-36	1.1755e-36	1.1548e-20	0.00e+00	0.00e+00	1.8800e+02
4.44064e+18	6.4865e+03	1.767e-19	5.9948e+02	9.4767e+01	2.2461e-10	8.7669e-01	1.2331e-01	6.0077e-01	3.9777e-01	1.4546e-03	2.3701e-13	5.0305e-05	9.4986e-01	5.0063e-02	2.1043e-05	8.9927e-01	1.0062e-01	1.1284e-04	1.2429e-06	1.1755e-36	1.1755e-36	1.1168e-20	0.00e+00	0.00e+00	1.9002e+02
4.44125e+18	6.3497e+03	1.662e-19	5.9948e+02	9.1070e+01	2.5348e-10	8.8151e-01	1.1849e-01	6.1556e-01	3.8299e-01	1.4461e-03	2.4118e-13	4.8618e-05	9.5107e-01	4.8862e-02	2.0929e-05	9.0337e-01	9.6518e-02	1.0940e-04	1.1878e-06	1.1755e-36	1.1755e-36	1.0783e-20	0.00e+00	0.00e+00	1.9208e+02
4.44187e+18	6.2229e+03	1.563e-19	5.9948e+02	8.7558e+01	2.8464e-10	8.8620e-01	1.1380e-01	6.3015e-01	3.6841e-01	1.4365e-03	2.4573e-13	4.6999e-05	9.5215e-01	4.7781e-02	2.0822e-05	9.0736e-01	9.2537e-02	1.0633e-04	1.1346e-06	1.1755e-36	1.1755e-36	1.0474e-20	0.00e+00	0.00e+00	1.9412e+02
4.44248e+18	6.0871e+03	1.471e-19	5.9948e+02	8.4143e+01	3.2266e-10	8.9066e-01	1.0934e-01	6.4462e-01	3.5395e-01	1.4240e-03	2.5041e-13	4.5417e-05	9.5312e-01	4.6817e-02	2.0734e-05	9.1114e-01	8.8760e-02	1.0381e-04	1.0848e-06	1.1755e-36	1.1755e-36	1.0198e-20	0.00e+00	0.00e+00	1.9617e+02
4.44308e+18	5.9504e+03	1.385e-19	5.9948e+02	8.0870e+01	3.6684e-10	8.9491e-01	1.0509e-01	6.5886e-01	3.3973e-01	1.4094e-03	2.5533e-13	4.3891e-05	9.5397e-01	4.5968e-02	2.0659e-05	9.1473e-01	8.5166e-02	1.0169e-04	1.0379e-06	1.1755e-36	1.1755e-36	9.9789e-21	0.00e+00	0.00e+00	1.9820e+02
4.44367e+18	5.8122e+03	1.306e-19	5.9948e+02	7.7756e+01	4.1845e-10	8.9891e-01	1.0109e-01	6.7289e-01	3.2572e-01	1.3919e-03	2.6049e-13	4.2434e-05	9.5471e-01	4.5228e-02	2.0599e-05	9.1811e-01	8.1788e-02	9.9976e-05	9.9414e-07	1.1755e-36	1.1755e-36	9.8274e-21	0.00e+00	0.00e+00	2.0021e+02
4.44427e+18	5.6718e+03	1.232e-19	5.9948e+02	7.4770e+01	4.7908e-10	9.0271e-01	9.7289e-02	6.8671e-01	3.1192e-01	1.3719e-03	2.6597e-13	4.1033e-05	9.5535e-01	4.4586e-02	2.0550e-05	9.2132e-01	7.8579e-02	9.8587e-05	9.5296e-07	1.1755e-36	1.1755e-36	9.7500e-21	0.00e+00	0.00e+00	2.0223e+02
4.44486e+18	5.5289e+03	1.162e-19	5.9948e+02	7.1879e+01	5.5038e-10	9.0637e-01	9.3630e-02	7.0034e-01	2.9831e-01	1.3498e-03	2.7187e-13	3.9671e-05	9.5590e-01	4.4043e-02	2.0511e-05	9.2441e-01	7.5493e-02	9.7481e-05	9.1368e-07	1.1755e-36	1.1755e-36	9.7545e-21	0.00e+00	0.00e+00	2.0426e+02
4.44545e+18	5.3840e+03	1.097e-19	5.9948e+02	6.9095e+01	6.3352e-10	9.0987e-01	9.0127e-02	7.1372e-01	2.8496e-01	1.3256e-03	2.7823e-13	3.8357e-05	9.5634e-01	4.3597e-02	2.0483e-05	9.2736e-01	7.2542e-02	9.6636e-05	8.7641e-07	1.1755e-36	1.1755e-36	9.8523e-21	0.00e+00	0.00e+00	2.0629e+02
4.44603e+18	5.2378e+03	1.037e-19	5.9948e+02	6.6438e+01	7.2944e-10	9.1319e-01	8.6812e-02	7.2680e-01	2.7191e-01	1.2991e-03	2.8504e-13	3.7104e-05	9.5669e-01	4.3246e-02	2.0465e-05	9.3015e-01	6.9750e-02	9.6039e-05	8.4142e-07	1.1755e-36	1.1755e-36	1.0056e-20	0.00e+00	0.00e+00	2.0831e+02
4.44662e+18	5.0897e+03	9.806e-20	5.9948e+02	6.3896e+01	8.3900e-10	9.1633e-01	8.3665e-02	7.3961e-01	2.5912e-01	1.2702e-03	2.9235e-13	3.5908e-05	9.5696e-01	4.2985e-02	2.0457e-05	9.3280e-01	6.7101e-02	9.5665e-05	8.0849e-07	1.1755e-36	1.1755e-36	1.0372e-20	0.00e+00	0.00e+00	2.1034e+02
4.44720e+18	4.9373e+03	9.278e-20	5.9948e+02	6.1436e+01	9.6123e-10	9.1936e-01	8.0636e-02	7.5220e-01	2.4656e-01	1.2389e-03	2.9954e-13	3.4764e-05	9.5732e-01	4.2622e-02	2.0457e-05	9.3535e-01	6.4550e-02	9.5506e-05	7.7703e-07	1.1755e-36	1.1755e-36	1.0648e-20	0.00e+00	0.00e+00	2.1238e+02
4.44778e+18	4.7796e+03	8.791e-20	5.9948e+02	5.9071e+01	1.0919e-09	9.2225e-01	7.7746e-02	7.6432e-01	2.3447e-01	1.2061e-03	3.0564e-13	3.3689e-05	9.5790e-01	4.2045e-02	2.0467e-05	9.3779e-01	6.2115e-02	9.5575e-05	7.4727e-07	1.1755e-36	1.1755e-36	1.0700e-20	0.00e+00	0.00e+00	2.1438e+02
4.44833e+18	4.6386e+03	8.369e-20	5.9948e+02	5.7014e+01	1.2127e-09	9.2476e-01	7.5242e-02	7.7537e-01	2.2345e-01	1.1734e-03	3.1102e-13	3.2758e-05	9.5840e-01	4.1548e-02	2.0482e-05	9.3990e-01	6.0005e-02	9.5740e-05	7.2163e-07	1.1755e-36	1.1755e-36	1.0708e-20	0.00e+00	0.00e+00	2.1620e+02
4.44885e+18	4.4974e+03	7.994e-20	5.9948e+02	5.5164e+01	1.3325e-09	9.2695e-01	7.3054e-02	7.8589e-01	2.1297e-01	1.1378e-03	3.1563e-13	3.1950e-05	9.5889e-01	4.1061e-02	2.0508e-05	9.4175e-01	5.8156e-02	9.6097e-05	6.9942e-07	1.1755e-36	1.1755e-36	1.0657e-20	0.00e+00	0.00e+00	2.1799e+02
4.44935e+18	4.3619e+03	7.652e-20	5.9948e+02	5.3420e+01	1.4406e-09	9.2901e-01	7.0985e-02	7.9569e-01	2.0321e-01	1.1036e-03	3.1971e-13	3.1197e-05	9.5932e-01	4.0630e-02	2.0537e-05	9.4350e-01	5.6407e-02	9.6525e-05	6.7851e-07	1.1755e-36	1.1755e-36	1.0508e-20	0.00e+00	0.00e+00	2.1972e+02
4.44983e+18	4.2317e+03	7.343e-20	5.9948e+02	5.1815e+01	1.5338e-09	9.3090e-01	6.9095e-02	8.0486e-01	1.9407e-01	1.0696e-03	3.2312e-13	3.0520e-05	9.5971e-01	4.0233e-02	2.0571e-05	9.4510e-01	5.4806e-02	9.7029e-05	6.5951e-07	1.1755e-36	1.1755e-36	1.0267e-20	0.00e+00	0.00e+00	2.2138e+02
4.45029e+18	4.1061e+03	7.060e-20	5.9948e+02	5.0316e+01	1.6098e-09	9.3267e-01	6.7334e-02	8.1349e-01	1.8547e-01	1.0362e-03	3.2598e-13	2.9903e-05	9.6008e-01	3.9867e-02	2.0609e-05	9.4659e-01	5.3314e-02	9.7589e-05	6.4188e-07	1.1755e-36	1.1755e-36	9.9374e-21	0.00e+00	0.00e+00	2.2301e+02
4.45075e+18	3.9844e+03	6.799e-20	5.9948e+02	4.8900e+01	1.6676e-09	9.3433e-01	6.5673e-02	8.2166e-01	1.7734e-01	1.0034e-03	3.2836e-13	2.9336e-05	9.6042e-01	3.9530e-02	2.0649e-05	9.4800e-01	5.1905e-02	9.8194e-05	6.2533e-07	1.1755e-36	1.1755e-36	9.5305e-21	0.00e+00	0.00e+00	2.2461e+02
###########################
2.72523e+14	1.3458e+04	2.659e-18	5.9948e+02	7.0196e+02	1.7271e-18	3.2769e-04	9.9967e-01	1.1600e-05	3.3265e-02	9.6672e-01	5.7294e-27	3.4530e-08	4.4032e-04	6.5806e-02	3.0024e-01	1.7524e-08	1.1409e-04	4.1054e-02	5.7795e-01	3.3207e-01	4.6283e-02	1.2709e-33	0.00e+00	0.00e+00	6.7589e-04
1.63514e+15	1.3435e+04	2.655e-18	5.9948e+02	7.0183e+02	1.6387e-18	3.2728e-04	9.9967e-01	1.1592e-05	3.3273e-02	9.6672e-01	5.3909e-27	2.8344e-08	4.4006e-04	6.5832e-02	3.0109e-01	1.7495e-08	1.1408e-04	4.1212e-02	5.7850e-01	3.3160e-01	4.6057e-02	1.1285e-33	0.00e+00	0.00e+00	3.3761e-03
7.08559e+15	1.3374e+04	2.647e-18	5.9948e+02	7.0183e+02	1.6555e-18	3.2661e-04	9.9967e-01	1.1636e-05	3.3413e-02	9.6658e-01	5.4391e-27	2.9218e-08	4.4376e-04	6.6559e-02	3.0363e-01	1.7516e-08	1.1452e-04	4.1849e-02	5.8038e-01	3.2973e-01	4.5466e-02	1.1277e-33	0.00e+00	0.00e+00	1.4155e-02
2.88874e+16	1.3222e+04	2.628e-18	5.9948e+02	7.0178e+02	1.6824e-18	3.2451e-04	9.9968e-01	1.1809e-05	3.4166e-02	9.6582e-01	5.5653e-27	3.0641e-08	4.5751e-04	6.9400e-02	3.1188e-01	1.7584e-08	1.1602e-04	4.4271e-02	5.8666e-01	3.2285e-01	4.3768e-02	1.1069e-33	0.00e+00	0.00e+00	5.6992e-02
6.90028e+16	1.2760e+04	2.554e-18	5.9948e+02	7.0177e+02	1.6795e-18	3.1182e-04	9.9969e-01	1.1666e-05	3.4290e-02	9.6570e-01	5.0372e-27	2.9370e-08	4.6922e-04	7.2970e-02	3.2613e-01	1.6692e-08	1.1508e-04	4.8040e-02	5.9764e-01	3.1071e-01	4.1365e-02	9.1302e-34	0.00e+00	0.00e+00	1.1050e-01
1.10494e+17	1.2340e+04	2.494e-18	5.9948e+02	7.0175e+02	1.6680e-18	2.9848e-04	9.9970e-01	1.1509e-05	3.4552e-02	9.6544e-01	4.4575e-27	2.8411e-08	4.7874e-04	7.6643e-02	3.3925e-01	1.5632e-08	1.1321e-04	5.1657e-02	6.0760e-01	2.9948e-01	3.9182e-02	7.4352e-34	0.00e+00	0.00e+00	1.5301e-01
1.45868e+17	1.2078e+04	2.462e-18	5.9948e+02	7.0171e+02	1.6596e-18	2.9016e-04	9.9971e-01	1.1579e-05	3.5333e-02	9.6466e-01	4.2182e-27	2.8620e-08	4.9192e-04	8.0419e-02	3.4969e-01	1.5215e-08	1.1378e-04	5.5037e-02	6.1524e-01	2.9040e-01	3.7367e-02	6.5765e-34	0.00e+00	0.00e+00	1.8937e-01
1.83948e+17	1.1886e+04	2.447e-18	5.9948e+02	7.0162e+02	1.6705e-18	2.8576e-04	9.9971e-01	1.1987e-05	3.6927e-02	9.6306e-01	4.3596e-27	3.0193e-08	5.1701e-04	8.5603e-02	3.6102e-01	1.5581e-08	1.1854e-04	5.9450e-02	6.2308e-01	2.8035e-01	3.5286e-02	6.3008e-34	0.00e+00	0.00e+00	2.3592e-01
2.33452e+17	1.1689e+04	2.433e-18	5.9948e+02	7.0148e+02	1.6784e-18	2.8092e-04	9.9972e-01	1.2674e-05	3.9489e-02	9.6050e-01	4.6599e-27	3.2841e-08	5.5414e-04	9.3100e-02	3.7566e-01	1.6319e-08	1.2649e-04	6.5950e-02	6.3242e-01	2.6728e-01	3.2669e-02	6.1123e-34	0.00e+00	0.00e+00	2.9541e-01
2.97808e+17	1.1497e+04	2.423e-18	5.9948e+02	7.0124e+02	1.6805e-18	2.7579e-04	9.9972e-01	1.3878e-05	4.3775e-02	9.5621e-01	5.2817e-27	3.7368e-08	6.1112e-04	1.0427e-01	3.9473e-01	1.7775e-08	1.4040e-04	7.6037e-02	6.4306e-01	2.5001e-01	2.9383e-02	6.1133e-34	0.00e+00	0.00e+00	3.7134e-01
3.69861e+17	1.1332e+04	2.419e-18	5.9948e+02	7.0091e+02	1.6357e-18	2.6840e-04	9.9973e-01	1.5569e-05	5.0028e-02	9.4996e-01	5.9735e-27	4.3238e-08	6.8018e-04	1.1855e-01	4.1583e-01	1.9578e-08	1.5896e-04	8.9988e-02	6.5224e-01	2.3046e-01	2.5961e-02	5.9854e-34	0.00e+00	0.00e+00	4.4382e-01
4.34812e+17	1.1261e+04	2.425e-18	5.9948e+02	7.0050e+02	1.5574e-18	2.6130e-04	9.9974e-01	1.7693e-05	5.7908e-02	9.4207e-01	6.8069e-27	4.9832e-08	7.5170e-04	1.3360e-01	4.3483e-01	2.1815e-08	1.8168e-04	1.0644e-01	6.5722e-01	2.1213e-01	2.2987e-02	5.9861e-34	0.00e+00	0.00e+00	5.0170e-01
4.88038e+17	1.1275e+04	2.436e-18	5.9948e+02	7.0003e+02	1.4678e-18	2.5611e-04	9.9974e-01	2.0191e-05	6.6848e-02	9.3313e-01	7.9077e-27	5.6909e-08	8.2300e-04	1.4791e-01	4.5072e-01	2.4701e-08	2.0891e-04	1.2417e-01	6.5808e-01	1.9607e-01	2.0541e-02	6.2065e-34	0.00e+00	0.00e+00	5.4814e-01
5.33321e+17	1.1314e+04	2.456e-18	5.9948e+02	6.9953e+02	1.3965e-18	2.5281e-04	9.9975e-01	2.3128e-05	7.7125e-02	9.2285e-01	9.3371e-27	6.4478e-08	8.9560e-04	1.6200e-01	4.6487e-01	2.8204e-08	2.4044e-04	1.4369e-01	6.5571e-01	1.8114e-01	1.8395e-02	6.6303e-34	0.00e+00	0.00e+00	5.8895e-01
5.74646e+17	1.1395e+04	2.476e-18	5.9948e+02	6.9885e+02	1.3253e-18	2.5006e-04	9.9975e-01	2.6699e-05	8.9403e-02	9.1057e-01	1.1238e-26	7.2830e-08	9.7168e-04	1.7618e-01	4.7817e-01	3.2636e-08	2.7926e-04	1.6617e-01	6.4990e-01	1.6650e-01	1.6407e-02	7.3009e-34	0.00e+00	0.00e+00	6.2679e-01
6.13204e+17	1.1491e+04	2.503e-18	5.9948e+02	6.9801e+02	1.2575e-18	2.4775e-04	9.9975e-01	3.1105e-05	1.0455e-01	8.9542e-01	1.3600e-26	8.1826e-08	1.0505e-03	1.9078e-01	4.9107e-01	3.8016e-08	3.2591e-04	1.9270e-01	6.4011e-01	1.5170e-01	1.4514e-02	8.1227e-34	0.00e+00	0.00e+00	6.6159e-01
6.48478e+17	1.1604e+04	2.535e-18	5.9948e+02	6.9720e+02	1.1969e-18	2.4585e-04	9.9975e-01	3.6593e-05	1.2299e-01	8.7698e-01	1.6714e-26	9.1542e-08	1.1331e-03	2.0534e-01	5.0335e-01	4.4774e-08	3.8336e-04	2.2335e-01	6.2598e-01	1.3698e-01	1.2736e-02	9.2617e-34	0.00e+00	0.00e+00	6.9269e-01
6.80053e+17	1.1725e+04	2.570e-18	5.9948e+02	6.9612e+02	1.1392e-18	2.4427e-04	9.9976e-01	4.3061e-05	1.4477e-01	8.5518e-01	2.0318e-26	1.0128e-07	1.2127e-03	2.1930e-01	5.1486e-01	5.2526e-08	4.4881e-04	2.5759e-01	6.0762e-01	1.2272e-01	1.1110e-02	1.0518e-33	0.00e+00	0.00e+00	7.2017e-01
7.08371e+17	1.1860e+04	2.604e-18	5.9948e+02	6.9483e+02	1.0770e-18	2.4262e-04	9.9976e-01	5.0603e-05	1.7011e-01	8.2984e-01	2.4336e-26	1.1070e-07	1.2878e-03	2.3232e-01	5.2568e-01	6.1319e-08	5.2295e-04	2.9510e-01	5.8525e-01	1.0906e-01	9.6285e-03	1.1819e-33	0.00e+00	0.00e+00	7.4488e-01
7.34313e+17	1.1963e+04	2.643e-18	5.9948e+02	6.9333e+02	1.0386e-18	2.4218e-04	9.9976e-01	5.9717e-05	2.0019e-01	7.9975e-01	2.9403e-26	1.2067e-07	1.3655e-03	2.4510e-01	5.3608e-01	7.1858e-08	6.0903e-04	3.3666e-01	5.5849e-01	9.5626e-02	8.2427e-03	1.3470e-33	0.00e+00	0.00e+00	7.6776e-01
7.58463e+17	1.2049e+04	2.682e-18	5.9948e+02	6.9151e+02	1.0225e-18	2.4250e-04	9.9976e-01	7.0543e-05	2.3580e-01	7.6413e-01	3.5760e-26	1.3079e-07	1.4419e-03	2.5739e-01	5.4612e-01	8.4055e-08	7.0637e-04	3.8236e-01	5.2713e-01	8.2536e-02	6.9533e-03	1.5726e-33	0.00e+00	0.00e+00	7.8917e-01
7.81032e+17	1.2138e+04	2.714e-18	5.9948e+02	6.8921e+02	9.9441e-19	2.4273e-04	9.9976e-01	8.3043e-05	2.7710e-01	7.2281e-01	4.2334e-26	1.4033e-07	1.5123e-03	2.6872e-01	5.5580e-01	9.7500e-08	8.1314e-04	4.3129e-01	4.9173e-01	7.0115e-02	5.7826e-03	1.7755e-33	0.00e+00	0.00e+00	8.0920e-01
8.02246e+17	1.2212e+04	2.736e-18	5.9948e+02	6.8667e+02	9.8192e-19	2.4340e-04	9.9976e-01	9.7410e-05	3.2422e-01	6.7568e-01	5.0091e-26	1.4952e-07	1.5796e-03	2.7921e-01	5.6504e-01	1.1249e-07	9.2979e-04	4.8262e-01	4.5300e-01	5.8503e-02	4.7309e-03	2.0319e-33	0.00e+00	0.00e+00	8.2820e-01
8.21060e+17	1.2220e+04	2.753e-18	5.9948e+02	6.8420e+02	9.9233e-19	2.4509e-04	9.9975e-01	1.1296e-04	3.7405e-01	6.2584e-01	5.8483e-26	1.5823e-07	1.6437e-03	2.8874e-01	5.7299e-01	1.2803e-07	1.0467e-03	5.3217e-01	4.1427e-01	4.8470e-02	3.8569e-03	2.3043e-33	0.00e+00	0.00e+00	8.4397e-01
8.37324e+17	1.2211e+04	2.753e-18	5.9948e+02	6.8169e+02	1.0070e-18	2.4708e-04	9.9975e-01	1.2821e-04	4.2231e-01	5.7756e-01	6.6739e-26	1.6592e-07	1.6996e-03	2.9667e-01	5.7970e-01	1.4315e-07	1.1573e-03	5.7679e-01	3.7844e-01	4.0300e-02	3.1663e-03	2.5636e-33	0.00e+00	0.00e+00	8.5849e-01
8.55177e+17	1.2157e+04	2.733e-18	5.9948e+02	6.7861e+02	1.0493e-18	2.5053e-04	9.9975e-01	1.4680e-04	4.7938e-01	5.2047e-01	7.8212e-26	1.7512e-07	1.7660e-03	3.0527e-01	5.8652e-01	1.6221e-07	1.2895e-03	6.2615e-01	3.3786e-01	3.2094e-02	2.4912e-03	2.9380e-33	0.00e+00	0.00e+00	8.7762e-01
8.74442e+17	1.2064e+04	2.697e-18	5.9948e+02	6.7535e+02	1.1071e-18	2.5452e-04	9.9975e-01	1.6790e-04	5.4351e-01	4.5632e-01	9.0626e-26	1.8408e-07	1.8309e-03	3.1383e-01	5.9279e-01	1.8240e-07	1.4259e-03	6.7705e-01	2.9489e-01	2.4647e-02	1.8978e-03	3.3378e-33	0.00e+00	0.00e+00	8.9529e-01
8.91925e+17	1.1937e+04	2.644e-18	5.9948e+02	6.7230e+02	1.1798e-18	2.5910e-04	9.9974e-01	1.8781e-04	6.0180e-01	3.9801e-01	1.0336e-25	1.9276e-07	1.8925e-03	3.2128e-01	5.9740e-01	2.0209e-07	1.5517e-03	7.2033e-01	2.5755e-01	1.9042e-02	1.4625e-03	3.7316e-33	0.00e+00	0.00e+00	9.1158e-01
9.11030e+17	1.1756e+04	2.567e-18	5.9948e+02	6.6919e+02	1.2958e-18	2.6535e-04	9.9973e-01	2.0968e-04	6.6221e-01	3.3758e-01	1.2009e-25	2.0302e-07	1.9649e-03	3.2926e-01	6.0097e-01	2.2489e-07	1.6875e-03	7.6308e-01	2.1995e-01	1.4148e-02	1.0893e-03	4.2603e-33	0.00e+00	0.00e+00	9.3327e-01
9.32122e+17	1.1538e+04	2.474e-18	5.9948e+02	6.6616e+02	1.4435e-18	2.7227e-04	9.9973e-01	2.3178e-04	7.2101e-01	2.7876e-01	1.3837e-25	2.1361e-07	2.0391e-03	3.3725e-01	6.0323e-01	2.4816e-07	1.8186e-03	8.0255e-01	1.8454e-01	1.0264e-02	7.9822e-04	4.8233e-33	0.00e+00	0.00e+00	9.5448e-01
9.51813e+17	1.1323e+04	2.383e-18	5.9948e+02	6.6383e+02	1.6071e-18	2.7906e-04	9.9972e-01	2.5053e-04	7.6779e-01	2.3196e-01	1.5626e-25	2.2351e-07	2.1075e-03	3.4427e-01	6.0391e-01	2.6882e-07	1.9273e-03	8.3299e-01	1.5677e-01	7.6847e-03	6.0600e-04	5.3666e-33	0.00e+00	0.00e+00	9.7433e-01
9.73431e+17	1.1084e+04	2.284e-18	5.9948e+02	6.6162e+02	1.8205e-18	2.8715e-04	9.9971e-01	2.6923e-04	8.1052e-01	1.8921e-01	1.7859e-25	2.3519e-07	2.1860e-03	3.5166e-01	6.0332e-01	2.9193e-07	2.0397e-03	8.6053e-01	1.3128e-01	5.6778e-03	4.5536e-04	6.0343e-33	0.00e+00	0.00e+00	1.0009e+00
9.97721e+17	1.0844e+04	2.186e-18	5.9948e+02	6.5963e+02	2.0717e-18	2.9538e-04	9.9970e-01	2.8636e-04	8.4763e-01	1.5209e-01	2.0223e-25	2.4688e-07	2.2640e-03	3.5893e-01	6.0174e-01	3.1432e-07	2.1420e-03	8.8415e-01	1.0913e-01	4.2257e-03	3.4432e-04	6.7418e-33	0.00e+00	0.00e+00	1.0279e+00
1.02548e+18	1.0593e+04	2.086e-18	5.9948e+02	6.5800e+02	2.3810e-18	3.0517e-04	9.9969e-01	3.0348e-04	8.8018e-01	1.1952e-01	2.3090e-25	2.6109e-07	2.3543e-03	3.6673e-01	5.9891e-01	3.3968e-07	2.2477e-03	9.0511e-01	8.9220e-02	3.1505e-03	2.5852e-04	7.5414e-33	0.00e+00	0.00e+00	1.0641e+00
1.06103e+18	1.0328e+04	1.984e-18	5.9948e+02	6.5647e+02	2.7974e-18	3.1665e-04	9.9968e-01	3.2066e-04	9.0966e-01	9.0020e-02	2.6739e-25	2.7755e-07	2.4566e-03	3.7530e-01	5.9481e-01	3.6814e-07	2.3559e-03	9.2439e-01	7.0713e-02	2.3484e-03	1.8989e-04	8.6096e-33	0.00e+00	0.00e+00	1.1117e+00
1.10003e+18	1.0107e+04	1.899e-18	5.9948e+02	6.5530e+02	3.1994e-18	3.2761e-04	9.9967e-01	3.3455e-04	9.3130e-01	6.8363e-02	3.0001e-25	2.9297e-07	2.5494e-03	3.8298e-01	5.9044e-01	3.9414e-07	2.4453e-03	9.3880e-01	5.6739e-02	1.8670e-03	1.4439e-04	9.4558e-33	0.00e+00	0.00e+00	1.1592e+00
1.14406e+18	9.9128e+03	1.827e-18	5.9948e+02	6.5441e+02	3.6704e-18	3.3981e-04	9.9966e-01	3.4736e-04	9.4808e-01	5.1574e-02	3.3987e-25	3.0996e-07	2.6471e-03	3.9057e-01	5.8551e-01	4.2226e-07	2.5311e-03	9.5047e-01	4.5329e-02	1.5525e-03	1.1065e-04	1.0574e-32	0.00e+00	0.00e+00	1.2232e+00
1.20129e+18	9.7343e+03	1.761e-18	5.9948e+02	6.5367e+02	4.2323e-18	3.5459e-04	9.9965e-01	3.6005e-04	9.6218e-01	3.7459e-02	3.8852e-25	3.2986e-07	2.7559e-03	3.9871e-01	5.7972e-01	4.5513e-07	2.6182e-03	9.6067e-01	3.5293e-02	1.3319e-03	8.3179e-05	1.1953e-32	0.00e+00	0.00e+00	1.3100e+00
1.27570e+18	9.5858e+03	1.706e-18	5.9948e+02	6.5307e+02	4.9225e-18	3.7290e-04	9.9963e-01	3.7251e-04	9.7333e-01	2.6299e-02	4.5143e-25	3.5337e-07	2.8764e-03	4.0733e-01	5.7311e-01	4.9445e-07	2.7056e-03	9.6912e-01	2.6922e-02	1.1851e-03	6.1560e-05	1.3879e-32	0.00e+00	0.00e+00	1.4287e+00
1.37243e+18	9.4808e+03	1.668e-18	5.9948e+02	6.5265e+02	5.7470e-18	3.9638e-04	9.9960e-01	3.8463e-04	9.8167e-01	1.7949e-02	5.3319e-25	3.8142e-07	3.0093e-03	4.1640e-01	5.6574e-01	5.4304e-07	2.7917e-03	9.7581e-01	2.0260e-02	1.0894e-03	4.5042e-05	1.6547e-32	0.00e+00	0.00e+00	1.5927e+00
1.49818e+18	9.4355e+03	1.647e-18	5.9948e+02	6.5228e+02	6.7253e-18	4.2833e-04	9.9957e-01	3.9786e-04	9.8761e-01	1.1994e-02	6.4914e-25	4.1767e-07	3.1683e-03	4.2640e-01	5.5714e-01	6.0949e-07	2.8861e-03	9.8089e-01	1.5166e-02	1.0255e-03	3.2745e-05	2.0485e-32	0.00e+00	0.00e+00	1.8231e+00
1.64772e+18	9.4745e+03	1.649e-18	5.9948e+02	6.5205e+02	7.8475e-18	4.6949e-04	9.9953e-01	4.1066e-04	9.9138e-01	8.2044e-03	8.0796e-25	4.5949e-07	3.3340e-03	4.3611e-01	5.4853e-01	6.9463e-07	2.9779e-03	9.8430e-01	1.1714e-02	9.8362e-04	2.4505e-05	2.6590e-32	0.00e+00	0.00e+00	2.1020e+00
1.81249e+18	9.5672e+03	1.672e-18	5.9948e+02	6.5189e+02	9.2831e-18	5.2309e-04	9.9948e-01	4.2463e-04	9.9371e-01	5.8640e-03	1.0486e-24	5.1057e-07	3.5247e-03	4.4622e-01	5.3926e-01	8.0972e-07	3.0796e-03	9.8655e-01	9.4014e-03	9.5253e-04	1.8985e-05	3.6635e-32	0.00e+00	0.00e+00	2.4437e+00
1.99374e+18	9.7174e+03	1.716e-18	5.9948e+02	6.5177e+02	1.1220e-17	5.9471e-04	9.9941e-01	4.4170e-04	9.9522e-01	4.3422e-03	1.4421e-24	5.7516e-07	3.7553e-03	4.5718e-01	5.2899e-01	9.7408e-07	3.2026e-03	9.8810e-01	7.7570e-03	9.2667e-04	1.5036e-05	5.4520e-32	0.00e+00	0.00e+00	2.8710e+00
2.19311e+18	9.9102e+03	1.782e-18	5.9948e+02	6.5165e+02	1.4128e-17	6.9449e-04	9.9931e-01	4.6276e-04	9.9623e-01	3.3069e-03	2.1561e-24	6.6124e-07	4.0567e-03	4.7008e-01	5.1666e-01	1.2263e-06	3.3670e-03	9.8919e-01	6.5210e-03	9.0268e-04	1.2029e-05	8.9756e-32	0.00e+00	0.00e+00	3.4199e+00
2.39091e+18	1.0167e+04	1.866e-18	5.9948e+02	6.5153e+02	1.8056e-17	8.2281e-04	9.9918e-01	4.8910e-04	9.9685e-01	2.6580e-03	3.3969e-24	7.6286e-07	4.4048e-03	4.8323e-01	5.0390e-01	1.5916e-06	3.5702e-03	9.8987e-01	5.6676e-03	8.8426e-04	9.8946e-06	1.5892e-31	0.00e+00	0.00e+00	4.0014e+00
2.56008e+18	1.0430e+04	1.949e-18	5.9948e+02	6.5142e+02	2.2661e-17	9.6477e-04	9.9904e-01	5.1581e-04	9.9721e-01	2.2780e-03	5.3089e-24	8.7037e-07	4.7728e-03	4.9568e-01	4.9168e-01	2.0576e-06	3.7984e-03	9.9022e-01	5.1002e-03	8.7117e-04	8.4406e-06	2.7643e-31	0.00e+00	0.00e+00	4.5548e+00
2.70177e+18	1.0630e+04	2.028e-18	5.9948e+02	6.5132e+02	2.8393e-17	1.1157e-03	9.9888e-01	5.4394e-04	9.9743e-01	2.0289e-03	8.1873e-24	9.8576e-07	5.1759e-03	5.0847e-01	4.7900e-01	2.6296e-06	4.0528e-03	9.9041e-01	4.6700e-03	8.5923e-04	7.3481e-06	4.6486e-31	0.00e+00	0.00e+00	5.1113e+00
2.83086e+18	1.0828e+04	2.102e-18	5.9948e+02	6.5121e+02	3.5598e-17	1.2819e-03	9.9872e-01	5.7553e-04	9.9758e-01	1.8414e-03	1.2753e-23	1.1132e-06	5.6247e-03	5.2169e-01	4.6579e-01	3.3591e-06	4.3429e-03	9.9050e-01	4.2972e-03	8.4871e-04	6.4325e-06	7.9008e-31	0.00e+00	0.00e+00	5.7244e+00
2.97620e+18	1.1041e+04	2.186e-18	5.9948e+02	6.5106e+02	4.8965e-17	1.5077e-03	9.9849e-01	6.1929e-04	9.9773e-01	1.6527e-03	2.2984e-23	1.2925e-06	6.2612e-03	5.3932e-01	4.4808e-01	4.5277e-06	4.7542e-03	9.9053e-01	3.8674e-03	8.3551e-04	5.4513e-06	1.6350e-30	0.00e+00	0.00e+00	6.6618e+00
3.13605e+18	1.1290e+04	2.289e-18	5.9948e+02	6.5085e+02	7.1588e-17	1.8335e-03	9.9817e-01	6.8020e-04	9.9784e-01	1.4765e-03	4.7275e-23	1.5465e-06	7.1664e-03	5.6159e-01	4.2551e-01	6.5922e-06	5.3804e-03	9.9034e-01	3.4450e-03	8.2235e-04	4.4987e-06	3.9026e-30	0.00e+00	0.00e+00	7.7400e+00
3.27227e+18	1.1512e+04	2.387e-18	5.9948e+02	6.5061e+02	1.0215e-16	2.2119e-03	9.9779e-01	7.5001e-04	9.9789e-01	1.3620e-03	9.5479e-23	1.8419e-06	8.2205e-03	5.8429e-01	4.0229e-01	9.6060e-06	6.1557e-03	9.8991e-01	3.1048e-03	8.1171e-04	3.7536e-06	8.8525e-30	0.00e+00	0.00e+00	8.7197e+00
3.37430e+18	1.1674e+04	2.466e-18	5.9948e+02	6.5040e+02	1.3709e-16	2.5797e-03	9.9742e-01	8.1760e-04	9.9789e-01	1.2948e-03	1.7301e-22	2.1359e-06	9.2675e-03	6.0432e-01	3.8163e-01	1.3231e-05	6.9571e-03	9.8937e-01	2.8484e-03	8.0317e-04	3.2231e-06	1.7401e-29	0.00e+00	0.00e+00	9.5692e+00
3.45609e+18	1.1812e+04	2.529e-18	5.9948e+02	6.5013e+02	1.7432e-16	2.9356e-03	9.9706e-01	8.8508e-04	9.9786e-01	1.2501e-03	2.8803e-22	2.4285e-06	1.0310e-02	6.2233e-01	3.6293e-01	1.7472e-05	7.7815e-03	9.8877e-01	2.6347e-03	7.9603e-04	2.8161e-06	3.0554e-29	0.00e+00	0.00e+00	1.0420e+01
3.54412e+18	1.1924e+04	2.601e-18	5.9948e+02	6.4989e+02	2.3150e-16	3.3918e-03	9.9661e-01	9.6978e-04	9.9784e-01	1.1935e-03	5.1973e-22	2.8196e-06	1.1692e-02	6.4426e-01	3.4001e-01	2.3964e-05	8.8827e-03	9.8792e-01	2.3841e-03	7.8600e-04	2.3893e-06	5.8187e-29	0.00e+00	0.00e+00	1.1697e+01
3.63636e+18	1.2084e+04	2.681e-18	5.9948e+02	6.4947e+02	3.1664e-16	4.0124e-03	9.9599e-01	1.0825e-03	9.9779e-01	1.1248e-03	1.0331e-21	3.3436e-06	1.3542e-02	6.6931e-01	3.1352e-01	3.5026e-05	1.0502e-02	9.8655e-01	2.1296e-03	7.7683e-04	1.9763e-06	1.2187e-28	0.00e+00	0.00e+00	1.2987e+01
3.70854e+18	1.2187e+04	2.756e-18	5.9948e+02	6.4912e+02	4.2269e-16	4.6576e-03	9.9534e-01	1.1982e-03	9.9771e-01	1.0876e-03	1.9262e-21	3.8970e-06	1.5479e-02	6.9164e-01	2.8960e-01	4.9418e-05	1.2309e-02	9.8494e-01	1.9287e-03	7.6825e-04	1.6679e-06	2.3707e-28	0.00e+00	0.00e+00	1.4034e+01
3.74990e+18	1.2267e+04	2.798e-18	5.9948e+02	6.4879e+02	5.0219e-16	5.1142e-03	9.9489e-01	1.2816e-03	9.9763e-01	1.0838e-03	2.8541e-21	4.2919e-06	1.6860e-02	7.0516e-01	2.7490e-01	6.1790e-05	1.3705e-02	9.8364e-01	1.8225e-03	7.6387e-04	1.5045e-06	3.5823e-28	0.00e+00	0.00e+00	1.4486e+01
3.76921e+18	1.2291e+04	2.816e-18	5.9948e+02	6.4863e+02	5.4535e-16	5.3373e-03	9.9466e-01	1.3250e-03	9.9757e-01	1.1074e-03	3.4334e-21	4.4955e-06	1.7572e-02	7.1167e-01	2.6778e-01	6.8509e-05	1.4415e-02	9.8298e-01	1.7755e-03	7.6122e-04	1.4337e-06	4.3394e-28	0.00e+00	0.00e+00	1.4794e+01
3.78677e+18	1.2312e+04	2.831e-18	5.9948e+02	6.4850e+02	5.8735e-16	5.5425e-03	9.9446e-01	1.3644e-03	9.9752e-01	1.1157e-03	4.0528e-21	4.6885e-06	1.8242e-02	7.1775e-01	2.6111e-01	7.5033e-05	1.5071e-02	9.8237e-01	1.7261e-03	7.5847e-04	1.3686e-06	5.1524e-28	0.00e+00	0.00e+00	1.5210e+01
3.80959e+18	1.2334e+04	2.853e-18	5.9948e+02	6.4835e+02	6.4915e-16	5.8290e-03	9.9417e-01	1.4189e-03	9.9747e-01	1.1067e-03	5.0594e-21	4.9581e-06	1.9175e-02	7.2581e-01	2.5223e-01	8.4751e-05	1.6003e-02	9.8150e-01	1.6587e-03	7.5465e-04	1.2840e-06	6.4810e-28	0.00e+00	0.00e+00	1.5779e+01
3.83926e+18	1.2376e+04	2.879e-18	5.9948e+02	6.4810e+02	7.3861e-16	6.2329e-03	9.9377e-01	1.4955e-03	9.9742e-01	1.0841e-03	6.8020e-21	5.3405e-06	2.0492e-02	7.3641e-01	2.4045e-01	9.9840e-05	1.7370e-02	9.8021e-01	1.5706e-03	7.4986e-04	1.1783e-06	8.7941e-28	0.00e+00	0.00e+00	1.6571e+01
3.87156e+18	1.2392e+04	2.917e-18	5.9948e+02	6.4789e+02	8.6977e-16	6.7539e-03	9.9325e-01	1.5927e-03	9.9736e-01	1.0523e-03	9.6879e-21	5.8249e-06	2.2158e-02	7.4841e-01	2.2694e-01	1.2146e-04	1.9182e-02	9.7848e-01	1.4740e-03	7.4343e-04	1.0639e-06	1.2680e-27	0.00e+00	0.00e+00	1.7364e+01
3.89729e+18	1.2446e+04	2.942e-18	5.9948e+02	6.4749e+02	9.8483e-16	7.2231e-03	9.9278e-01	1.6799e-03	9.9728e-01	1.0395e-03	1.3028e-20	6.2614e-06	2.3658e-02	7.5796e-01	2.1601e-01	1.4379e-04	2.0935e-02	9.7678e-01	1.4012e-03	7.3938e-04	9.7903e-07	1.7191e-27	0.00e+00	0.00e+00	1.7922e+01
3.91533e+18	1.2470e+04	2.960e-18	5.9948e+02	6.4724e+02	1.0808e-15	7.5769e-03	9.9242e-01	1.7480e-03	9.9721e-01	1.0416e-03	1.6140e-20	6.5984e-06	2.4816e-02	7.6477e-01	2.0814e-01	1.6224e-04	2.2301e-02	9.7545e-01	1.3513e-03	7.3588e-04	9.2201e-07	2.1401e-27	0.00e+00	0.00e+00	1.8371e+01
3.93331e+18	1.2485e+04	2.977e-18	5.9948e+02	6.4701e+02	1.1872e-15	7.9431e-03	9.9206e-01	1.8191e-03	9.9714e-01	1.0401e-03	1.9982e-20	6.9571e-06	2.6042e-02	7.7168e-01	2.0008e-01	1.8272e-04	2.3737e-02	9.7405e-01	1.2994e-03	7.3188e-04	8.6673e-07	2.6595e-27	0.00e+00	0.00e+00	1.8982e+01
3.95670e+18	1.2501e+04	3.002e-18	5.9948e+02	6.4669e+02	1.3487e-15	8.4657e-03	9.9153e-01	1.9195e-03	9.9706e-01	1.0244e-03	2.6650e-20	7.4664e-06	2.7778e-02	7.8072e-01	1.8942e-01	2.1459e-04	2.5841e-02	9.7199e-01	1.2304e-03	7.2627e-04	7.9635e-07	3.5649e-27	0.00e+00	0.00e+00	1.9829e+01
3.98056e+18	1.2501e+04	3.034e-18	5.9948e+02	6.4637e+02	1.5666e-15	9.1055e-03	9.9089e-01	2.0393e-03	9.9696e-01	1.0001e-03	3.6920e-20	8.0727e-06	2.9837e-02	7.9011e-01	1.7809e-01	2.5781e-04	2.8495e-02	9.6937e-01	1.1586e-03	7.1956e-04	7.2383e-07	4.9743e-27	0.00e+00	0.00e+00	2.0562e+01
3.99877e+18	1.2522e+04	3.054e-18	5.9948e+02	6.4602e+02	1.7507e-15	9.6363e-03	9.9036e-01	2.1405e-03	9.9687e-01	9.9364e-04	4.7744e-20	8.5858e-06	3.1576e-02	7.9712e-01	1.6943e-01	2.9840e-04	3.0848e-02	9.6703e-01	1.1066e-03	7.1473e-04	6.7254e-07	6.4637e-27	0.00e+00	0.00e+00	2.1114e+01
4.01315e+18	1.2514e+04	3.072e-18	5.9948e+02	6.4577e+02	1.9265e-15	1.0088e-02	9.8991e-01	2.2289e-03	9.9678e-01	9.9184e-04	5.8824e-20	9.0282e-06	3.3079e-02	8.0269e-01	1.6244e-01	3.3558e-04	3.2881e-02	9.6501e-01	1.0654e-03	7.1001e-04	6.3296e-07	7.9824e-27	0.00e+00	0.00e+00	2.1635e+01
4.02884e+18	1.2535e+04	3.086e-18	5.9948e+02	6.4540e+02	2.1160e-15	1.0587e-02	9.8941e-01	2.3272e-03	9.9669e-01	9.8744e-04	7.3493e-20	9.5280e-06	3.4774e-02	8.0860e-01	1.5490e-01	3.8067e-04	3.5239e-02	9.6265e-01	1.0211e-03	7.0544e-04	5.9299e-07	9.9899e-27	0.00e+00	0.00e+00	2.2345e+01
4.04923e+18	1.2516e+04	3.113e-18	5.9948e+02	6.4510e+02	2.4434e-15	1.1329e-02	9.8867e-01	2.4722e-03	9.9656e-01	9.7074e-04	1.0022e-19	1.0263e-05	3.7243e-02	8.1634e-01	1.4479e-01	4.5280e-04	3.8750e-02	9.5914e-01	9.6120e-04	6.9761e-04	5.4035e-07	1.3676e-26	0.00e+00	0.00e+00	2.3333e+01
4.06943e+18	1.2540e+04	3.138e-18	5.9948e+02	6.4451e+02	2.8210e-15	1.2191e-02	9.8781e-01	2.6349e-03	9.9641e-01	9.5038e-04	1.3994e-19	1.1088e-05	4.0031e-02	8.2373e-01	1.3471e-01	5.4841e-04	4.3107e-02	9.5475e-01	9.0176e-04	6.9026e-04	4.8961e-07	1.9207e-26	0.00e+00	0.00e+00	2.4133e+01
4.08390e+18	1.2523e+04	3.159e-18	5.9948e+02	6.4412e+02	3.1760e-15	1.2897e-02	9.8710e-01	2.7723e-03	9.9628e-01	9.4395e-04	1.8092e-19	1.1770e-05	4.2334e-02	8.2891e-01	1.2730e-01	6.3480e-04	4.6774e-02	9.5105e-01	8.5960e-04	6.8353e-04	4.5384e-07	2.4901e-26	0.00e+00	0.00e+00	2.4700e+01
4.09509e+18	1.2540e+04	3.168e-18	5.9948e+02	6.4364e+02	3.4379e-15	1.3438e-02	9.8656e-01	2.8808e-03	9.9618e-01	9.4366e-04	2.1908e-19	1.2310e-05	4.4171e-02	8.3266e-01	1.2177e-01	7.0872e-04	4.9790e-02	9.4799e-01	8.2901e-04	6.7902e-04	4.2917e-07	3.0164e-26	0.00e+00	0.00e+00	2.5248e+01
4.10747e+18	1.2523e+04	3.183e-18	5.9948e+02	6.4327e+02	3.8020e-15	1.4089e-02	9.8591e-01	3.0119e-03	9.9605e-01	9.3836e-04	2.7277e-19	1.2962e-05	4.6367e-02	8.3678e-01	1.1551e-01	8.0205e-04	5.3375e-02	9.4436e-01	7.9398e-04	6.7269e-04	4.0172e-07	3.7589e-26	0.00e+00	0.00e+00	2.5994e+01
4.12356e+18	1.2505e+04	3.204e-18	5.9948e+02	6.4287e+02	4.3516e-15	1.5017e-02	9.8498e-01	3.1977e-03	9.9588e-01	9.2560e-04	3.6662e-19	1.3892e-05	4.9466e-02	8.4186e-01	1.0740e-01	9.4786e-04	5.8652e-02	9.3899e-01	7.4841e-04	6.6381e-04	3.6720e-07	5.0656e-26	0.00e+00	0.00e+00	2.7027e+01
4.13987e+18	1.2497e+04	3.228e-18	5.9948e+02	6.4228e+02	5.0517e-15	1.6143e-02	9.8386e-01	3.4159e-03	9.9568e-01	9.0809e-04	5.1073e-19	1.4974e-05	5.3092e-02	8.4665e-01	9.9073e-02	1.1462e-03	6.5330e-02	9.3217e-01	7.0065e-04	6.5382e-04	3.3192e-07	7.0920e-26	0.00e+00	0.00e+00	2.7909e+01
4.15211e+18	1.2498e+04	3.242e-18	5.9948e+02	6.4144e+02	5.6600e-15	1.7083e-02	9.8292e-01	3.6010e-03	9.9550e-01	9.0085e-04	6.6209e-19	1.5865e-05	5.6144e-02	8.4987e-01	9.2863e-02	1.3323e-03	7.1211e-02	9.2614e-01	6.6570e-04	6.4598e-04	3.0681e-07	9.2058e-26	0.00e+00	0.00e+00	2.8559e+01
4.16170e+18	1.2480e+04	3.254e-18	5.9948e+02	6.4096e+02	6.2230e-15	1.7863e-02	9.8214e-01	3.7601e-03	9.9534e-01	8.9705e-04	8.1439e-19	1.6635e-05	5.8734e-02	8.5215e-01	8.8035e-02	1.4994e-03	7.6200e-02	9.2102e-01	6.3893e-04	6.3890e-04	2.8797e-07	1.1331e-25	0.00e+00	0.00e+00	2.9175e+01
4.17218e+18	1.2464e+04	3.265e-18	5.9948e+02	6.4043e+02	6.8915e-15	1.8745e-02	9.8125e-01	3.9425e-03	9.9517e-01	8.9139e-04	1.0197e-18	1.7516e-05	6.1696e-02	8.5443e-01	8.2842e-02	1.7040e-03	8.2009e-02	9.1505e-01	6.1030e-04	6.3088e-04	2.6859e-07	1.4194e-25	0.00e+00	0.00e+00	3.0016e+01
4.18580e+18	1.2444e+04	3.281e-18	5.9948e+02	6.3963e+02	7.9180e-15	2.0024e-02	9.7998e-01	4.2023e-03	9.9492e-01	8.7952e-04	1.3835e-18	1.8762e-05	6.5894e-02	8.5699e-01	7.6146e-02	2.0281e-03	9.0625e-02	9.0615e-01	5.7274e-04	6.1951e-04	2.4400e-07	1.9291e-25	0.00e+00	0.00e+00	3.1183e+01
4.19956e+18	1.2409e+04	3.307e-18	5.9948e+02	6.3899e+02	9.3359e-15	2.1620e-02	9.7838e-01	4.5179e-03	9.9462e-01	8.6262e-04	1.9629e-18	2.0273e-05	7.0909e-02	8.5893e-01	6.9256e-02	2.4769e-03	1.0160e-01	8.9479e-01	5.3253e-04	6.0532e-04	2.1813e-07	2.7535e-25	0.00e+00	0.00e+00	3.2174e+01
4.20985e+18	1.2407e+04	3.316e-18	5.9948e+02	6.3786e+02	1.0513e-14	2.2927e-02	9.7707e-01	4.7809e-03	9.9436e-01	8.5500e-04	2.5686e-18	2.1478e-05	7.5078e-02	8.5982e-01	6.4250e-02	2.8952e-03	1.1120e-01	8.8481e-01	5.0357e-04	5.9453e-04	2.0021e-07	3.6097e-25	0.00e+00	0.00e+00	3.2908e+01
4.21796e+18	1.2373e+04	3.328e-18	5.9948e+02	6.3718e+02	1.1670e-14	2.4043e-02	9.7596e-01	5.0137e-03	9.9414e-01	8.4929e-04	3.1954e-18	2.2548e-05	7.8692e-02	8.6016e-01	6.0332e-02	3.2788e-03	1.1943e-01	8.7622e-01	4.8102e-04	5.8462e-04	1.8645e-07	4.4930e-25	0.00e+00	0.00e+00	3.3615e+01
4.22690e+18	1.2341e+04	3.338e-18	5.9948e+02	6.3655e+02	1.3067e-14	2.5319e-02	9.7468e-01	5.2845e-03	9.9387e-01	8.4236e-04	4.0583e-18	2.3801e-05	8.2865e-02	8.6022e-01	5.6140e-02	3.7542e-03	1.2910e-01	8.6612e-01	4.5707e-04	5.7325e-04	1.7232e-07	5.7125e-25	0.00e+00	0.00e+00	3.4583e+01
4.23851e+18	1.2305e+04	3.353e-18	5.9948e+02	6.3564e+02	1.5236e-14	2.7191e-02	9.7281e-01	5.6731e-03	9.9350e-01	8.3012e-04	5.6215e-18	2.5572e-05	8.8813e-02	8.5968e-01	5.0776e-02	4.5179e-03	1.4353e-01	8.5097e-01	4.2555e-04	5.5698e-04	1.5434e-07	7.9385e-25	0.00e+00	0.00e+00	3.5934e+01
4.25038e+18	1.2264e+04	3.376e-18	5.9948e+02	6.3442e+02	1.8259e-14	2.9584e-02	9.7042e-01	6.1509e-03	9.9304e-01	8.1360e-04	8.1925e-18	2.7705e-05	9.6011e-02	8.5805e-01	4.5265e-02	5.6030e-03	1.6216e-01	8.3131e-01	3.9124e-04	5.3694e-04	1.3533e-07	1.1652e-24	0.00e+00	0.00e+00	3.7120e+01
4.25946e+18	1.2240e+04	3.384e-18	5.9948e+02	6.3243e+02	2.1021e-14	3.1635e-02	9.6836e-01	6.5697e-03	9.9263e-01	8.0338e-04	1.1049e-17	2.9454e-05	1.0223e-01	8.5594e-01	4.1200e-02	6.6576e-03	1.7890e-01	8.1355e-01	3.6574e-04	5.2051e-04	1.2175e-07	1.5755e-24	0.00e+00	0.00e+00	3.8026e+01
4.26681e+18	1.2192e+04	3.394e-18	5.9948e+02	6.3157e+02	2.3826e-14	3.3453e-02	9.6655e-01	6.9578e-03	9.9225e-01	7.9546e-04	1.4198e-17	3.1137e-05	1.0785e-01	8.5357e-01	3.7978e-02	7.6671e-03	1.9371e-01	7.9777e-01	3.4554e-04	5.0522e-04	1.1114e-07	2.0288e-24	0.00e+00	0.00e+00	3.8928e+01
4.27500e+18	1.2154e+04	3.401e-18	5.9948e+02	6.3042e+02	2.7276e-14	3.5592e-02	9.6441e-01	7.4166e-03	9.9180e-01	7.8650e-04	1.8740e-17	3.3076e-05	1.1446e-01	8.5044e-01	3.4542e-02	8.9634e-03	2.1149e-01	7.7874e-01	3.2394e-04	4.8767e-04	1.0023e-07	2.6847e-24	0.00e+00	0.00e+00	4.0175e+01
4.28565e+18	1.2105e+04	3.411e-18	5.9948e+02	6.2811e+02	3.2885e-14	3.8809e-02	9.6119e-01	8.0855e-03	9.9114e-01	7.7215e-04	2.7358e-17	3.5771e-05	1.2394e-01	8.4531e-01	3.0225e-02	1.1101e-02	2.3809e-01	7.5005e-01	2.9567e-04	4.6255e-04	1.1755e-36	3.9390e-24	0.00e+00	0.00e+00	4.1943e+01
4.29671e+18	1.2043e+04	3.433e-18	5.9948e+02	6.2558e+02	4.1440e-14	4.3168e-02	9.5683e-01	8.9591e-03	9.9029e-01	7.5342e-04	4.3016e-17	3.9234e-05	1.3598e-01	8.3777e-01	2.5773e-02	1.4317e-02	2.7318e-01	7.1181e-01	2.6410e-04	4.3009e-04	1.1755e-36	6.2726e-24	0.00e+00	0.00e+00	4.3593e+01
4.30525e+18	1.1974e+04	3.449e-18	5.9948e+02	6.2374e+02	5.0715e-14	4.7282e-02	9.5272e-01	9.8082e-03	9.8945e-01	7.3886e-04	6.3133e-17	4.2577e-05	1.4729e-01	8.2983e-01	2.2441e-02	1.7710e-02	3.0573e-01	6.7592e-01	2.3952e-04	4.0053e-04	1.1755e-36	9.3027e-24	0.00e+00	0.00e+00	4.4840e+01
4.31167e+18	1.1935e+04	3.446e-18	5.9948e+02	6.2096e+02	5.8671e-14	5.0575e-02	9.4942e-01	1.0511e-02	9.8876e-01	7.2984e-04	8.3726e-17	4.5067e-05	1.5650e-01	8.2296e-01	2.0131e-02	2.0721e-02	3.3209e-01	6.4659e-01	2.2246e-04	3.7810e-04	1.1755e-36	1.2379e-23	0.00e+00	0.00e+00	4.5966e+01
4.31844e+18	1.1868e+04	3.449e-18	5.9948e+02	6.1914e+02	6.9269e-14	5.4420e-02	9.4558e-01	1.1350e-02	9.8793e-01	7.1914e-04	1.1353e-16	4.8187e-05	1.6714e-01	8.1467e-01	1.7803e-02	2.4435e-02	3.6120e-01	6.1381e-01	2.0503e-04	3.5273e-04	1.1755e-36	1.6888e-23	0.00e+00	0.00e+00	4.7541e+01
4.32723e+18	1.1801e+04	3.454e-18	5.9948e+02	6.1619e+02	8.7000e-14	6.0400e-02	9.3960e-01	1.2598e-02	9.8670e-01	7.0347e-04	1.7247e-16	5.2517e-05	1.8262e-01	8.0209e-01	1.4933e-02	3.0631e-02	4.0355e-01	5.6532e-01	1.8220e-04	3.1677e-04	1.1755e-36	2.5999e-23	0.00e+00	0.00e+00	4.9814e+01
4.33595e+18	1.1725e+04	3.458e-18	5.9948e+02	6.1036e+02	1.1381e-13	6.8280e-02	9.3172e-01	1.4162e-02	9.8515e-01	6.8764e-04	2.7566e-16	5.7545e-05	2.0120e-01	7.8626e-01	1.2219e-02	3.9445e-02	4.5368e-01	5.0644e-01	1.5831e-04	2.7565e-04	1.1755e-36	4.2393e-23	0.00e+00	0.00e+00	5.1747e+01
4.34211e+18	1.1653e+04	3.459e-18	5.9948e+02	6.0696e+02	1.4102e-13	7.5214e-02	9.2479e-01	1.5598e-02	9.8373e-01	6.7490e-04	3.9674e-16	6.2037e-05	2.1749e-01	7.7182e-01	1.0394e-02	4.7724e-02	4.9289e-01	4.5900e-01	1.4145e-04	2.4327e-04	1.1755e-36	6.1986e-23	0.00e+00	0.00e+00	5.3128e+01
4.34660e+18	1.1603e+04	3.441e-18	5.9948e+02	6.0280e+02	1.6398e-13	8.0465e-02	9.1954e-01	1.6744e-02	9.8259e-01	6.6829e-04	5.1028e-16	6.5333e-05	2.3004e-01	7.6047e-01	9.2095e-03	5.4378e-02	5.2071e-01	4.2456e-01	1.3055e-04	2.2106e-04	1.1755e-36	8.0259e-23	0.00e+00	0.00e+00	5.4384e+01
4.35134e+18	1.1537e+04	3.427e-18	5.9948e+02	5.9946e+02	1.9402e-13	8.6675e-02	9.1333e-01	1.8103e-02	9.8124e-01	6.6016e-04	6.6931e-16	6.9207e-05	2.4443e-01	7.4728e-01	8.0264e-03	6.2373e-02	5.4939e-01	3.8792e-01	1.1942e-04	1.9752e-04	1.1755e-36	1.0632e-22	0.00e+00	0.00e+00	5.6143e+01
4.35751e+18	1.1458e+04	3.403e-18	5.9948e+02	5.9283e+02	2.4493e-13	9.6158e-02	9.0384e-01	2.0089e-02	9.7926e-01	6.5105e-04	9.6185e-16	7.4383e-05	2.6462e-01	7.2852e-01	6.6153e-03	7.4860e-02	5.8635e-01	3.3852e-01	1.0529e-04	1.6713e-04	1.1755e-36	1.5544e-22	0.00e+00	0.00e+00	5.8680e+01
4.36386e+18	1.1382e+04	3.381e-18	5.9948e+02	5.8476e+02	3.2390e-13	1.0921e-01	8.9079e-01	2.2696e-02	9.7666e-01	6.4264e-04	1.4680e-15	8.0593e-05	2.8964e-01	7.0488e-01	5.2551e-03	9.2253e-02	6.2497e-01	2.8255e-01	9.0067e-05	1.3390e-04	1.1755e-36	2.4437e-22	0.00e+00	0.00e+00	6.1051e+01
4.36864e+18	1.1293e+04	3.354e-18	5.9948e+02	5.7771e+02	4.1208e-13	1.2145e-01	8.7855e-01	2.5228e-02	9.7414e-01	6.3672e-04	2.0692e-15	8.6160e-05	3.1238e-01	6.8309e-01	4.3186e-03	1.0873e-01	6.5156e-01	2.3952e-01	7.8931e-05	1.0936e-04	1.1755e-36	3.5250e-22	0.00e+00	0.00e+00	6.2810e+01
4.37214e+18	1.1227e+04	3.321e-18	5.9948e+02	5.7249e+02	4.9108e-13	1.3121e-01	8.6879e-01	2.7388e-02	9.7198e-01	6.3311e-04	2.6497e-15	9.0610e-05	3.3073e-01	6.6536e-01	3.7100e-03	1.2198e-01	6.6785e-01	2.1000e-01	7.1597e-05	9.3156e-05	1.1755e-36	4.5802e-22	0.00e+00	0.00e+00	6.4381e+01
4.37577e+18	1.1159e+04	3.269e-18	5.9948e+02	5.6489e+02	5.8592e-13	1.4170e-01	8.5830e-01	2.9754e-02	9.6961e-01	6.3170e-04	3.3664e-15	9.4875e-05	3.4988e-01	6.4676e-01	3.1559e-03	1.3626e-01	6.8125e-01	1.8235e-01	6.4893e-05	7.8653e-05	1.1755e-36	5.8859e-22	0.00e+00	0.00e+00	6.6585e+01
4.38050e+18	1.1062e+04	3.208e-18	5.9948e+02	5.5467e+02	7.5668e-13	1.5842e-01	8.4158e-01	3.3379e-02	9.6599e-01	6.3128e-04	4.7001e-15	1.0087e-04	3.7737e-01	6.1994e-01	2.5015e-03	1.5854e-01	6.9357e-01	1.4777e-01	5.6199e-05	6.0977e-05	1.1755e-36	8.4214e-22	0.00e+00	0.00e+00	6.9790e+01
4.38535e+18	1.0958e+04	3.132e-18	5.9948e+02	5.4102e+02	1.0221e-12	1.8083e-01	8.1917e-01	3.8095e-02	9.6127e-01	6.3503e-04	6.8543e-15	1.0739e-04	4.1014e-01	5.8777e-01	1.9077e-03	1.8774e-01	6.9871e-01	1.1346e-01	4.7243e-05	4.4293e-05	1.1755e-36	1.2708e-21	0.00e+00	0.00e+00	7.2769e+01
4.38899e+18	1.0859e+04	3.055e-18	5.9948e+02	5.2999e+02	1.3070e-12	2.0109e-01	7.9891e-01	4.2693e-02	9.5667e-01	6.3879e-04	9.2365e-15	1.1298e-04	4.3913e-01	5.5917e-01	1.5198e-03	2.1365e-01	6.9606e-01	9.0209e-02	4.0973e-05	3.3557e-05	1.1755e-36	1.7564e-21	0.00e+00	0.00e+00	7.5000e+01
4.39171e+18	1.0789e+04	2.969e-18	5.9948e+02	5.1931e+02	1.5536e-12	2.1636e-01	7.8364e-01	4.6502e-02	9.5285e-01	6.4467e-04	1.1310e-14	1.1673e-04	4.6133e-01	5.3721e-01	1.2786e-03	2.3304e-01	6.9123e-01	7.5669e-02	3.7054e-05	2.7240e-05	1.1755e-36	2.1734e-21	0.00e+00	0.00e+00	7.7058e+01
4.39460e+18	1.0702e+04	2.877e-18	5.9948e+02	5.0861e+02	1.8772e-12	2.3417e-01	7.6583e-01	5.1079e-02	9.4827e-01	6.5134e-04	1.4039e-14	1.2083e-04	4.8604e-01	5.1274e-01	1.0522e-03	2.5518e-01	6.8253e-01	6.2243e-02	3.3181e-05	2.1572e-05	1.1755e-36	2.7348e-21	0.00e+00	0.00e+00	7.9952e+01
4.39836e+18	1.0590e+04	2.746e-18	5.9948e+02	4.9166e+02	2.4359e-12	2.6121e-01	7.3879e-01	5.7856e-02	9.4148e-01	6.6470e-04	1.8682e-14	1.2538e-04	5.1930e-01	4.7973e-01	8.0203e-04	2.8795e-01	6.6496e-01	4.7044e-02	2.8377e-05	1.5448e-05	1.1755e-36	3.7176e-21	0.00e+00	0.00e+00	8.4150e+01
4.40212e+18	1.0470e+04	2.593e-18	5.9948e+02	4.7082e+02	3.2608e-12	2.9527e-01	7.0473e-01	6.6438e-02	9.3288e-01	6.8485e-04	2.5417e-14	1.2927e-04	5.5638e-01	4.4286e-01	5.9313e-04	3.2802e-01	6.3814e-01	3.3803e-02	2.3656e-05	1.0417e-05	1.1755e-36	5.1916e-21	0.00e+00	0.00e+00	8.7816e+01
4.40490e+18	1.0356e+04	2.459e-18	5.9948e+02	4.5502e+02	4.0828e-12	3.2344e-01	6.7656e-01	7.4590e-02	9.2471e-01	7.0149e-04	3.1948e-14	1.3231e-04	5.8709e-01	4.1228e-01	4.6567e-04	3.6040e-01	6.1370e-01	2.5866e-02	2.0548e-05	7.5823e-06	1.1755e-36	6.6233e-21	0.00e+00	0.00e+00	9.0610e+01
4.40702e+18	1.0278e+04	2.335e-18	5.9948e+02	4.4074e+02	4.7741e-12	3.4415e-01	6.5585e-01	8.1329e-02	9.1795e-01	7.1774e-04	3.7196e-14	1.3368e-04	6.0997e-01	3.8949e-01	3.8751e-04	3.8389e-01	5.9499e-01	2.1091e-02	1.8598e-05	5.9791e-06	1.1755e-36	7.7209e-21	0.00e+00	0.00e+00	9.3145e+01
4.40919e+18	1.0187e+04	2.210e-18	5.9948e+02	4.2673e+02	5.6324e-12	3.6711e-01	6.3289e-01	8.9194e-02	9.1007e-01	7.3526e-04	4.3531e-14	1.3501e-04	6.3403e-01	3.6550e-01	3.1774e-04	4.0946e-01	5.7357e-01	1.6957e-02	1.6712e-05	4.6343e-06	1.1755e-36	9.0640e-21	0.00e+00	0.00e+00	9.6483e+01
4.41186e+18	1.0069e+04	2.051e-18	5.9948e+02	4.0694e+02	6.9789e-12	3.9885e-01	6.0115e-01	9.9911e-02	8.9933e-01	7.6215e-04	5.2798e-14	1.3535e-04	6.6324e-01	3.3636e-01	2.4659e-04	4.4406e-01	5.4321e-01	1.2705e-02	1.4487e-05	3.3108e-06	1.1755e-36	1.1031e-20	0.00e+00	0.00e+00	1.0090e+02
4.41452e+18	9.9482e+03	1.882e-18	5.9948e+02	3.8471e+02	8.7324e-12	4.3503e-01	5.6497e-01	1.1263e-01	8.8657e-01	7.9756e-04	6.4170e-14	1.3440e-04	6.9320e-01	3.0646e-01	1.8920e-04	4.8262e-01	5.0814e-01	9.2264e-03	1.2369e-05	2.2839e-06	1.1755e-36	1.3427e-20	0.00e+00	0.00e+00	1.0487e+02
4.41656e+18	9.8327e+03	1.745e-18	5.9948e+02	3.6786e+02	1.0401e-11	4.6383e-01	5.3617e-01	1.2449e-01	8.7468e-01	8.2504e-04	7.4102e-14	1.3350e-04	7.1719e-01	2.8251e-01	1.5364e-04	5.1275e-01	4.8011e-01	7.1345e-03	1.0935e-05	1.6986e-06	1.1755e-36	1.5433e-20	0.00e+00	0.00e+00	1.0779e+02
4.41812e+18	9.7539e+03	1.634e-18	5.9948e+02	3.5430e+02	1.1719e-11	4.8405e-01	5.1595e-01	1.3433e-01	8.6482e-01	8.4958e-04	8.1354e-14	1.3223e-04	7.3487e-01	2.6486e-01	1.3150e-04	5.3364e-01	4.6047e-01	5.8790e-03	1.0035e-05	1.3643e-06	1.1755e-36	1.6730e-20	0.00e+00	0.00e+00	1.1046e+02
4.41961e+18	9.6660e+03	1.531e-18	5.9948e+02	3.4149e+02	1.3207e-11	5.0441e-01	4.9559e-01	1.4466e-01	8.5447e-01	8.7281e-04	8.8940e-14	1.3081e-04	7.5158e-01	2.4816e-01	1.1312e-04	5.5443e-01	4.4070e-01	4.8572e-03	9.2076e-06	1.0991e-06	1.1755e-36	1.8064e-20	0.00e+00	0.00e+00	1.1336e+02
4.42118e+18	9.5648e+03	1.424e-18	5.9948e+02	3.2755e+02	1.5086e-11	5.2772e-01	4.7228e-01	1.5660e-01	8.4250e-01	8.9924e-04	9.7858e-14	1.2884e-04	7.6894e-01	2.3083e-01	9.6335e-05	5.7792e-01	4.1814e-01	3.9267e-03	8.3450e-06	8.6394e-07	1.1755e-36	1.9613e-20	0.00e+00	0.00e+00	1.1660e+02
4.42245e+18	9.4992e+03	1.337e-18	5.9948e+02	3.1482e+02	1.6699e-11	5.4695e-01	4.5305e-01	1.6646e-01	8.3261e-01	9.2881e-04	1.0505e-13	1.2631e-04	7.8192e-01	2.1786e-01	8.5196e-05	5.9706e-01	3.9964e-01	3.2880e-03	7.6912e-06	7.0757e-07	1.1755e-36	2.0733e-20	0.00e+00	0.00e+00	1.1849e+02
4.42321e+18	9.4451e+03	1.285e-18	5.9948e+02	3.0863e+02	1.7693e-11	5.5650e-01	4.4350e-01	1.7349e-01	8.2557e-01	9.4009e-04	1.0898e-13	1.2542e-04	7.9024e-01	2.0955e-01	7.9313e-05	6.0654e-01	3.9048e-01	2.9782e-03	7.3852e-06	6.3408e-07	1.1755e-36	2.1246e-20	0.00e+00	0.00e+00	1.1977e+02
4.42391e+18	9.3914e+03	1.238e-18	5.9948e+02	3.0301e+02	1.8681e-11	5.6526e-01	4.3474e-01	1.8038e-01	8.1867e-01	9.4954e-04	1.1267e-13	1.2460e-04	7.9796e-01	2.0184e-01	7.4116e-05	6.1520e-01	3.8208e-01	2.7153e-03	7.1144e-06	5.7254e-07	1.1755e-36	2.1701e-20	0.00e+00	0.00e+00	1.2147e+02
4.42482e+18	9.3234e+03	1.177e-18	5.9948e+02	2.9473e+02	2.0153e-11	5.7842e-01	4.2158e-01	1.8926e-01	8.0977e-01	9.6681e-04	1.1799e-13	1.2295e-04	8.0740e-01	1.9241e-01	6.7857e-05	6.2808e-01	3.6953e-01	2.3877e-03	6.7246e-06	4.9634e-07	1.1755e-36	2.2383e-20	0.00e+00	0.00e+00	1.2374e+02
4.42583e+18	9.2507e+03	1.113e-18	5.9948e+02	2.8504e+02	2.2014e-11	5.9485e-01	4.0515e-01	1.9936e-01	7.9965e-01	9.8997e-04	1.2462e-13	1.2070e-04	8.1735e-01	1.8246e-01	6.1630e-05	6.4402e-01	3.5392e-01	2.0520e-03	6.2634e-06	4.1902e-07	1.1755e-36	2.3282e-20	0.00e+00	0.00e+00	1.2596e+02
4.42670e+18	9.2055e+03	1.056e-18	5.9948e+02	2.7607e+02	2.3485e-11	6.0769e-01	3.9231e-01	2.0795e-01	7.9104e-01	1.0153e-03	1.2952e-13	1.1828e-04	8.2522e-01	1.7460e-01	5.7081e-05	6.5638e-01	3.4181e-01	1.8065e-03	5.9207e-06	3.6399e-07	1.1755e-36	2.3739e-20	0.00e+00	0.00e+00	1.2769e+02
4.42744e+18	9.1374e+03	1.011e-18	5.9948e+02	2.6957e+02	2.5062e-11	6.1839e-01	3.8161e-01	2.1660e-01	7.8237e-01	1.0292e-03	1.3402e-13	1.1680e-04	8.3247e-01	1.6736e-01	5.3466e-05	6.6665e-01	3.3172e-01	1.6230e-03	5.6485e-06	3.2350e-07	1.1755e-36	2.4175e-20	0.00e+00	0.00e+00	1.2938e+02
4.42821e+18	9.0817e+03	9.625e-19	5.9948e+02	2.6232e+02	2.6631e-11	6.2921e-01	3.7079e-01	2.2553e-01	7.7342e-01	1.0473e-03	1.3839e-13	1.1491e-04	8.3956e-01	1.6027e-01	5.0057e-05	6.7697e-01	3.2157e-01	1.4501e-03	5.3826e-06	2.8593e-07	1.1755e-36	2.4489e-20	0.00e+00	0.00e+00	1.3133e+02
4.42908e+18	9.0130e+03	9.102e-19	5.9948e+02	2.5391e+02	2.8657e-11	6.4233e-01	3.5767e-01	2.3588e-01	7.6305e-01	1.0698e-03	1.4367e-13	1.1255e-04	8.4723e-01	1.5260e-01	4.6555e-05	6.8940e-01	3.0932e-01	1.2717e-03	5.0735e-06	2.4755e-07	1.1755e-36	2.4864e-20	0.00e+00	0.00e+00	1.3354e+02
4.42994e+18	8.9381e+03	8.600e-19	5.9948e+02	2.4552e+02	3.0969e-11	6.5625e-01	3.4375e-01	2.4679e-01	7.5211e-01	1.0933e-03	1.4936e-13	1.1009e-04	8.5470e-01	1.4514e-01	4.3393e-05	7.0250e-01	2.9639e-01	1.1105e-03	4.7606e-06	2.1330e-07	1.1755e-36	2.5274e-20	0.00e+00	0.00e+00	1.3559e+02
4.43070e+18	8.8870e+03	8.161e-19	5.9948e+02	2.3802e+02	3.2811e-11	6.6702e-01	3.3298e-01	2.5637e-01	7.4251e-01	1.1168e-03	1.5354e-13	1.0773e-04	8.6080e-01	1.3905e-01	4.1007e-05	7.1257e-01	2.8644e-01	9.9059e-04	4.5275e-06	1.8834e-07	1.1755e-36	2.5355e-20	0.00e+00	0.00e+00	1.3734e+02
4.43142e+18	8.8107e+03	7.768e-19	5.9948e+02	2.3170e+02	3.5064e-11	6.7737e-01	3.2263e-01	2.6686e-01	7.3201e-01	1.1317e-03	1.5792e-13	1.0591e-04	8.6692e-01	1.3293e-01	3.8881e-05	7.2222e-01	2.7689e-01	8.8863e-04	4.3123e-06	1.6738e-07	1.1755e-36	2.5502e-20	0.00e+00	0.00e+00	1.3924e+02
4.43219e+18	8.7423e+03	7.346e-19	5.9948e+02	2.2435e+02	3.7450e-11	6.8847e-01	3.1153e-01	2.7788e-01	7.2097e-01	1.1531e-03	1.6237e-13	1.0356e-04	8.7300e-01	1.2685e-01	3.6826e-05	7.3251e-01	2.6670e-01	7.8940e-04	4.0887e-06	1.4722e-07	1.1755e-36	2.5515e-20	0.00e+00	0.00e+00	1.4134e+02
4.43300e+18	8.6717e+03	6.921e-19	5.9948e+02	2.1651e+02	4.0132e-11	7.0035e-01	2.9965e-01	2.8950e-01	7.0933e-01	1.1778e-03	1.6706e-13	1.0092e-04	8.7899e-01	1.2087e-01	3.4898e-05	7.4345e-01	2.5585e-01	6.9647e-04	3.8579e-06	1.2854e-07	1.1755e-36	2.5462e-20	0.00e+00	0.00e+00	1.4348e+02
4.43377e+18	8.5964e+03	6.531e-19	5.9948e+02	2.0925e+02	4.3013e-11	7.1168e-01	2.8832e-01	3.0132e-01	6.9748e-01	1.2004e-03	1.7161e-13	9.8439e-05	8.8459e-01	1.1528e-01	3.3238e-05	7.5383e-01	2.4555e-01	6.1792e-04	3.6460e-06	1.1755e-36	1.1755e-36	2.5369e-20	0.00e+00	0.00e+00	1.4547e+02
4.43449e+18	8.5330e+03	6.178e-19	5.9948e+02	2.0260e+02	4.5640e-11	7.2134e-01	2.7866e-01	3.1258e-01	6.8619e-01	1.2219e-03	1.7540e-13	9.6109e-05	8.8955e-01	1.1032e-01	3.1875e-05	7.6263e-01	2.3681e-01	5.5467e-04	3.4709e-06	1.1755e-36	1.1755e-36	2.5133e-20	0.00e+00	0.00e+00	1.4737e+02
4.43521e+18	8.4510e+03	5.837e-19	5.9948e+02	1.9611e+02	4.8878e-11	7.3116e-01	2.6884e-01	3.2485e-01	6.7391e-01	1.2404e-03	1.7936e-13	9.3843e-05	8.9454e-01	1.0533e-01	3.0611e-05	7.7156e-01	2.2794e-01	4.9752e-04	3.2987e-06	1.1755e-36	1.1755e-36	2.4868e-20	0.00e+00	0.00e+00	1.4945e+02
4.43598e+18	8.3657e+03	5.491e-19	5.9948e+02	1.8927e+02	5.2580e-11	7.4198e-01	2.5802e-01	3.3811e-01	6.6063e-01	1.2609e-03	1.8378e-13	9.1361e-05	8.9956e-01	1.0031e-01	2.9388e-05	7.8133e-01	2.1822e-01	4.4270e-04	3.1145e-06	1.1755e-36	1.1755e-36	2.4592e-20	0.00e+00	0.00e+00	1.5164e+02
4.43673e+18	8.2864e+03	5.163e-19	5.9948e+02	1.8238e+02	5.6341e-11	7.5216e-01	2.4784e-01	3.5096e-01	6.4776e-01	1.2850e-03	1.8777e-13	8.8752e-05	9.0408e-01	9.5803e-02	2.8335e-05	7.9049e-01	2.0911e-01	3.9589e-04	2.9464e-06	1.1755e-36	1.1755e-36	2.4165e-20	0.00e+00	0.00e+00	1.5368e+02
4.43743e+18	8.2138e+03	4.870e-19	5.9948e+02	1.7622e+02	5.9967e-11	7.6098e-01	2.3902e-01	3.6351e-01	6.3518e-01	1.3052e-03	1.9125e-13	8.6401e-05	9.0816e-01	9.1723e-02	2.7457e-05	7.9839e-01	2.0125e-01	3.5785e-04	2.8046e-06	1.1755e-36	1.1755e-36	2.3693e-20	0.00e+00	0.00e+00	1.5565e+02
4.43814e+18	8.1218e+03	4.586e-19	5.9948e+02	1.7016e+02	6.4504e-11	7.6995e-01	2.3005e-01	3.7710e-01	6.2157e-01	1.3223e-03	1.9488e-13	8.4093e-05	9.1225e-01	8.7637e-02	2.6645e-05	8.0640e-01	1.9328e-01	3.2356e-04	2.6647e-06	1.1755e-36	1.1755e-36	2.3187e-20	0.00e+00	0.00e+00	1.5778e+02
4.43888e+18	8.0310e+03	4.300e-19	5.9948e+02	1.6375e+02	6.9500e-11	7.7947e-01	2.2053e-01	3.9131e-01	6.0735e-01	1.3429e-03	1.9875e-13	8.1559e-05	9.1622e-01	8.3665e-02	2.5871e-05	8.1485e-01	1.8485e-01	2.9131e-04	2.5198e-06	1.1755e-36	1.1755e-36	2.2616e-20	0.00e+00	0.00e+00	1.6000e+02
4.43961e+18	7.9401e+03	4.033e-19	5.9948e+02	1.5754e+02	7.4867e-11	7.8864e-01	2.1136e-01	4.0549e-01	5.9315e-01	1.3633e-03	2.0250e-13	7.9051e-05	9.1989e-01	8.0006e-02	2.5191e-05	8.2296e-01	1.7677e-01	2.6350e-04	2.3839e-06	1.1755e-36	1.1755e-36	2.2006e-20	0.00e+00	0.00e+00	1.6211e+02
4.44029e+18	7.8488e+03	3.794e-19	5.9948e+02	1.5193e+02	8.0516e-11	7.9681e-01	2.0319e-01	4.1949e-01	5.7913e-01	1.3793e-03	2.0592e-13	7.6776e-05	9.2322e-01	7.6675e-02	2.4619e-05	8.3016e-01	1.6960e-01	2.4071e-04	2.2660e-06	1.1755e-36	1.1755e-36	2.1391e-20	0.00e+00	0.00e+00	1.6413e+02
4.44097e+18	7.7613e+03	3.567e-19	5.9948e+02	1.4652e+02	8.6375e-11	8.0444e-01	1.9556e-01	4.3369e-01	5.6491e-01	1.3941e-03	2.0916e-13	7.4541e-05	9.2636e-01	7.3541e-02	2.4111e-05	8.3686e-01	1.6291e-01	2.2087e-04	2.1580e-06	1.1755e-36	1.1755e-36	2.0740e-20	0.00e+00	0.00e+00	1.6623e+02
4.44169e+18	7.6528e+03	3.340e-19	5.9948e+02	1.4089e+02	9.4039e-11	8.1285e-01	1.8715e-01	4.4920e-01	5.4939e-01	1.4070e-03	2.1289e-13	7.2211e-05	9.2954e-01	7.0363e-02	2.3616e-05	8.4422e-01	1.5557e-01	2.0209e-04	2.0420e-06	1.1755e-36	1.1755e-36	2.0064e-20	0.00e+00	0.00e+00	1.6851e+02
4.44241e+18	7.5489e+03	3.122e-19	5.9948e+02	1.3512e+02	1.0223e-10	8.2109e-01	1.7891e-01	4.6437e-01	5.3421e-01	1.4247e-03	2.1655e-13	6.9735e-05	9.3240e-01	6.7503e-02	2.3172e-05	8.5141e-01	1.4840e-01	1.8554e-04	1.9306e-06	1.1755e-36	1.1755e-36	1.9312e-20	0.00e+00	0.00e+00	1.7068e+02
4.44308e+18	7.4449e+03	2.931e-19	5.9948e+02	1.3005e+02	1.1101e-10	8.2840e-01	1.7160e-01	4.7931e-01	5.1926e-01	1.4356e-03	2.1997e-13	6.7560e-05	9.3499e-01	6.4914e-02	2.2803e-05	8.5776e-01	1.4206e-01	1.7214e-04	1.8340e-06	1.1755e-36	1.1755e-36	1.8624e-20	0.00e+00	0.00e+00	1.7272e+02
4.44374e+18	7.3353e+03	2.754e-19	5.9948e+02	1.2527e+02	1.2097e-10	8.3504e-01	1.6496e-01	4.9431e-01	5.0425e-01	1.4426e-03	2.2318e-13	6.5504e-05	9.3740e-01	6.2508e-02	2.2487e-05	8.6352e-01	1.3632e-01	1.6088e-04	1.7481e-06	1.1755e-36	1.1755e-36	1.7929e-20	0.00e+00	0.00e+00	1.7481e+02
4.44442e+18	7.2156e+03	2.580e-19	5.9948e+02	1.2027e+02	1.3303e-10	8.4198e-01	1.5802e-01	5.0986e-01	4.8869e-01	1.4509e-03	2.2666e-13	6.3315e-05	9.3971e-01	6.0200e-02	2.2187e-05	8.6953e-01	1.3032e-01	1.5048e-04	1.6598e-06	1.1755e-36	1.1755e-36	1.7188e-20	0.00e+00	0.00e+00	1.7702e+02
4.44510e+18	7.0980e+03	2.416e-19	5.9948e+02	1.1543e+02	1.4631e-10	8.4875e-01	1.5125e-01	5.2531e-01	4.7323e-01	1.4584e-03	2.3025e-13	6.1161e-05	9.4182e-01	5.8093e-02	2.1917e-05	8.7535e-01	1.2450e-01	1.4138e-04	1.5753e-06	1.1755e-36	1.1755e-36	1.6473e-20	0.00e+00	0.00e+00	1.7916e+02
4.44575e+18	6.9795e+03	2.268e-19	5.9948e+02	1.1099e+02	1.6110e-10	8.5489e-01	1.4511e-01	5.4049e-01	4.5805e-01	1.4615e-03	2.3372e-13	5.9174e-05	9.4373e-01	5.6189e-02	2.1689e-05	8.8063e-01	1.1923e-01	1.3386e-04	1.5000e-06	1.1755e-36	1.1755e-36	1.5807e-20	0.00e+00	0.00e+00	1.8121e+02
4.44638e+18	6.8581e+03	2.131e-19	5.9948e+02	1.0679e+02	1.7799e-10	8.6062e-01	1.3938e-01	5.5566e-01	4.4288e-01	1.4610e-03	2.3717e-13	5.7287e-05	9.4549e-01	5.4434e-02	2.1492e-05	8.8555e-01	1.1432e-01	1.2747e-04	1.4308e-06	1.1755e-36	1.1755e-36	1.5175e-20	0.00e+00	0.00e+00	1.8328e+02
4.44702e+18	6.7341e+03	2.000e-19	5.9948e+02	1.0253e+02	1.9749e-10	8.6624e-01	1.3376e-01	5.7080e-01	4.2774e-01	1.4617e-03	2.4078e-13	5.5334e-05	9.4710e-01	5.2826e-02	2.1313e-05	8.9036e-01	1.0951e-01	1.2179e-04	1.3637e-06	1.1755e-36	1.1755e-36	1.4534e-20	0.00e+00	0.00e+00	1.8540e+02
4.44766e+18	6.6154e+03	1.878e-19	5.9948e+02	9.8492e+01	2.1864e-10	8.7160e-01	1.2840e-01	5.8562e-01	4.1292e-01	1.4613e-03	2.4450e-13	5.3457e-05	9.4854e-01	5.1388e-02	2.1153e-05	8.9493e-01	1.0495e-01	1.1689e-04	1.3008e-06	1.1755e-36	1.1755e-36	1.3943e-20	0.00e+00	0.00e+00	1.8745e+02
4.44827e+18	6.4878e+03	1.767e-19	5.9948e+02	9.4802e+01	2.4407e-10	8.7665e-01	1.2335e-01	6.0048e-01	3.9806e-01	1.4537e-03	2.4830e-13	5.1758e-05	9.4987e-01	5.0056e-02	2.1019e-05	8.9924e-01	1.0065e-01	1.1283e-04	1.2424e-06	1.1755e-36	1.1755e-36	1.3437e-20	0.00e+00	0.00e+00	1.8946e+02
4.44889e+18	6.3501e+03	1.662e-19	5.9948e+02	9.1093e+01	2.7539e-10	8.8148e-01	1.1852e-01	6.1536e-01	3.8319e-01	1.4449e-03	2.5226e-13	5.0035e-05	9.5108e-01	4.8843e-02	2.0905e-05	9.0335e-01	9.6538e-02	1.0937e-04	1.1872e-06	1.1755e-36	1.1755e-36	1.2943e-20	0.00e+00	0.00e+00	1.9154e+02
4.44950e+18	6.2227e+03	1.562e-19	5.9948e+02	8.7536e+01	3.0889e-10	8.8625e-01	1.1375e-01	6.3004e-01	3.6852e-01	1.4357e-03	2.5652e-13	4.8353e-05	9.5217e-01	4.7757e-02	2.0796e-05	9.0739e-01	9.2500e-02	1.0626e-04	1.1333e-06	1.1755e-36	1.1755e-36	1.2511e-20	0.00e+00	0.00e+00	1.9360e+02
4.45011e+18	6.0871e+03	1.470e-19	5.9948e+02	8.4118e+01	3.4961e-10	8.9072e-01	1.0928e-01	6.4450e-01	3.5408e-01	1.4235e-03	2.6094e-13	4.6733e-05	9.5314e-01	4.6795e-02	2.0708e-05	9.1118e-01	8.8716e-02	1.0373e-04	1.0834e-06	1.1755e-36	1.1755e-36	1.2139e-20	0.00e+00	0.00e+00	1.9563e+02
4.45071e+18	5.9509e+03	1.385e-19	5.9948e+02	8.0877e+01	3.9673e-10	8.9491e-01	1.0509e-01	6.5869e-01	3.3990e-01	1.4085e-03	2.6557e-13	4.5191e-05	9.5399e-01	4.5947e-02	2.0635e-05	9.1473e-01	8.5166e-02	1.0164e-04	1.0371e-06	1.1755e-36	1.1755e-36	1.1840e-20	0.00e+00	0.00e+00	1.9764e+02
4.45130e+18	5.8126e+03	1.306e-19	5.9948e+02	7.7774e+01	4.5195e-10	8.9889e-01	1.0111e-01	6.7274e-01	3.2587e-01	1.3907e-03	2.7047e-13	4.3707e-05	9.5473e-01	4.5202e-02	2.0575e-05	9.1810e-01	8.1804e-02	9.9928e-05	9.9359e-07	1.1755e-36	1.1755e-36	1.1619e-20	0.00e+00	0.00e+00	1.9966e+02
4.45190e+18	5.6716e+03	1.231e-19	5.9948e+02	7.4762e+01	5.1697e-10	9.0273e-01	9.7270e-02	6.8663e-01	3.1200e-01	1.3709e-03	2.7577e-13	4.2260e-05	9.5538e-01	4.4557e-02	2.0526e-05	9.2134e-01	7.8563e-02	9.8523e-05	9.5204e-07	1.1755e-36	1.1755e-36	1.1482e-20	0.00e+00	0.00e+00	2.0169e+02
4.45249e+18	5.5287e+03	1.162e-19	5.9948e+02	7.1857e+01	5.9303e-10	9.0641e-01	9.3587e-02	7.0026e-01	2.9839e-01	1.3491e-03	2.8151e-13	4.0858e-05	9.5592e-01	4.4015e-02	2.0487e-05	9.2444e-01	7.5458e-02	9.7406e-05	9.1253e-07	1.1755e-36	1.1755e-36	1.1441e-20	0.00e+00	0.00e+00	2.0372e+02
4.45308e+18	5.3845e+03	1.097e-19	5.9948e+02	6.9088e+01	6.8120e-10	9.0989e-01	9.0107e-02	7.1359e-01	2.8509e-01	1.3250e-03	2.8766e-13	3.9521e-05	9.5637e-01	4.3571e-02	2.0459e-05	9.2738e-01	7.2526e-02	9.6567e-05	8.7553e-07	1.1755e-36	1.1755e-36	1.1511e-20	0.00e+00	0.00e+00	2.0573e+02
4.45366e+18	5.2385e+03	1.037e-19	5.9948e+02	6.6446e+01	7.8294e-10	9.1319e-01	8.6814e-02	7.2665e-01	2.7205e-01	1.2983e-03	2.9430e-13	3.8245e-05	9.5672e-01	4.3217e-02	2.0442e-05	9.3015e-01	6.9752e-02	9.5975e-05	8.4082e-07	1.1755e-36	1.1755e-36	1.1702e-20	0.00e+00	0.00e+00	2.0774e+02
4.45424e+18	5.0903e+03	9.802e-20	5.9948e+02	6.3895e+01	8.9934e-10	9.1634e-01	8.3655e-02	7.3949e-01	2.5924e-01	1.2695e-03	3.0153e-13	3.7016e-05	9.5699e-01	4.2953e-02	2.0433e-05	9.3281e-01	6.7093e-02	9.5597e-05	8.0778e-07	1.1755e-36	1.1755e-36	1.2020e-20	0.00e+00	0.00e+00	2.0977e+02
4.45483e+18	4.9336e+03	9.271e-20	5.9948e+02	6.1399e+01	1.0326e-09	9.1941e-01	8.0585e-02	7.5213e-01	2.4664e-01	1.2383e-03	3.0868e-13	3.5829e-05	9.5735e-01	4.2588e-02	2.0435e-05	9.3540e-01	6.4506e-02	9.5462e-05	7.7593e-07	1.1755e-36	1.1755e-36	1.2298e-20	0.00e+00	0.00e+00	2.1182e+02
4.45540e+18	4.7868e+03	8.793e-20	5.9948e+02	5.9112e+01	1.1616e-09	9.2223e-01	7.7768e-02	7.6400e-01	2.3480e-01	1.2067e-03	3.1444e-13	3.4753e-05	9.5791e-01	4.2035e-02	2.0441e-05	9.3777e-01	6.2136e-02	9.5459e-05	7.4690e-07	1.1755e-36	1.1755e-36	1.2303e-20	0.00e+00	0.00e+00	2.1375e+02
4.45595e+18	4.6347e+03	8.364e-20	5.9948e+02	5.6996e+01	1.2996e-09	9.2477e-01	7.5234e-02	7.7537e-01	2.2346e-01	1.1720e-03	3.1969e-13	3.3785e-05	9.5844e-01	4.1501e-02	2.0461e-05	9.3991e-01	5.9997e-02	9.5709e-05	7.2102e-07	1.1755e-36	1.1755e-36	1.2278e-20	0.00e+00	0.00e+00	2.1565e+02
4.45647e+18	4.4993e+03	7.987e-20	5.9948e+02	5.5126e+01	1.4198e-09	9.2702e-01	7.2979e-02	7.8569e-01	2.1317e-01	1.1388e-03	3.2415e-13	3.2933e-05	9.5890e-01	4.1048e-02	2.0482e-05	9.4181e-01	5.8096e-02	9.5996e-05	6.9810e-07	1.1755e-36	1.1755e-36	1.2162e-20	0.00e+00	0.00e+00	2.1739e+02
4.45696e+18	4.3567e+03	7.648e-20	5.9948e+02	5.3375e+01	1.5405e-09	9.2905e-01	7.0947e-02	7.9558e-01	2.0332e-01	1.1033e-03	3.2793e-13	3.2169e-05	9.5935e-01	4.0595e-02	2.0517e-05	9.4353e-01	5.6372e-02	9.6503e-05	6.7763e-07	1.1755e-36	1.1755e-36	1.1960e-20	0.00e+00	0.00e+00	2.1913e+02
4.45744e+18	4.2349e+03	7.345e-20	5.9948e+02	5.1812e+01	1.6307e-09	9.3091e-01	6.9090e-02	8.0448e-01	1.9445e-01	1.0712e-03	3.3106e-13	3.1482e-05	9.5972e-01	4.0227e-02	2.0547e-05	9.4510e-01	5.4804e-02	9.6938e-05	6.5894e-07	1.1755e-36	1.1755e-36	1.1654e-20	0.00e+00	0.00e+00	2.2073e+02
4.45790e+18	4.1036e+03	7.062e-20	5.9948e+02	5.0304e+01	1.7146e-09	9.3266e-01	6.7337e-02	8.1325e-01	1.8572e-01	1.0364e-03	3.3358e-13	3.0856e-05	9.6011e-01	3.9837e-02	2.0588e-05	9.4659e-01	5.3314e-02	9.7553e-05	6.4144e-07	1.1755e-36	1.1755e-36	1.1244e-20	0.00e+00	0.00e+00	2.2240e+02
4.45836e+18	3.9886e+03	6.799e-20	5.9948e+02	4.8879e+01	1.7692e-09	9.3436e-01	6.5638e-02	8.2125e-01	1.7774e-01	1.0059e-03	3.3584e-13	3.0253e-05	9.6042e-01	3.9531e-02	2.0623e-05	9.4802e-01	5.1879e-02	9.8082e-05	6.2447e-07	1.1755e-36	1.1755e-36	1.0758e-20	0.00e+00	0.00e+00	2.2396e+02
###########################
2.72523e+14	1.3459e+04	2.659e-18	5.9948e+02	7.0196e+02	1.7254e-18	3.2769e-04	9.9967e-01	1.1599e-05	3.3265e-02	9.6672e-01	5.7242e-27	3.4545e-08	4.4031e-04	6.5805e-02	3.0023e-01	1.7523e-08	1.1408e-04	4.1054e-02	5.7794e-01	3.3208e-01	4.6284e-02	1.2686e-33	0.00e+00	0.00e+00	6.7588e-04
1.63514e+15	1.3435e+04	2.655e-18	5.9948e+02	7.0183e+02	1.6372e-18	3.2728e-04	9.9967e-01	1.1591e-05	3.3273e-02	9.6672e-01	5.3860e-27	2.8356e-08	4.4006e-04	6.5832e-02	3.0109e-01	1.7494e-08	1.1407e-04	4.1212e-02	5.7850e-01	3.3160e-01	4.6057e-02	1.1264e-33	0.00e+00	0.00e+00	3.3760e-03
7.08559e+15	1.3375e+04	2.647e-18	5.9948e+02	7.0183e+02	1.6539e-18	3.2661e-04	9.9967e-01	1.1636e-05	3.3413e-02	9.6658e-01	5.4341e-27	2.9229e-08	4.4376e-04	6.6559e-02	3.0363e-01	1.7515e-08	1.1451e-04	4.1849e-02	5.8038e-01	3.2973e-01	4.5466e-02	1.1255e-33	0.00e+00	0.00e+00	1.4154e-02
2.88874e+16	1.3222e+04	2.628e-18	5.9948e+02	7.0178e+02	1.6808e-18	3.2451e-04	9.9968e-01	1.1809e-05	3.4166e-02	9.6582e-01	5.5602e-27	3.0651e-08	4.5750e-04	6.9399e-02	3.1187e-01	1.7584e-08	1.1602e-04	4.4271e-02	5.8666e-01	3.2285e-01	4.3768e-02	1.1048e-33	0.00e+00	0.00e+00	5.6991e-02
6.90028e+16	1.2760e+04	2.554e-18	5.9948e+02	7.0177e+02	1.6778e-18	3.1182e-04	9.9969e-01	1.1666e-05	3.4290e-02	9.6570e-01	5.0324e-27	2.9378e-08	4.6921e-04	7.2969e-02	3.2613e-01	1.6692e-08	1.1508e-04	4.8040e-02	5.9763e-01	3.1071e-01	4.1366e-02	9.1128e-34	0.00e+00	0.00e+00	1.1050e-01
1.10495e+17	1.2340e+04	2.494e-18	5.9948e+02	7.0175e+02	1.6664e-18	2.9848e-04	9.9970e-01	1.1508e-05	3.4552e-02	9.6544e-01	4.4533e-27	2.8418e-08	4.7873e-04	7.6641e-02	3.3925e-01	1.5632e-08	1.1320e-04	5.1657e-02	6.0760e-01	2.9948e-01	3.9182e-02	7.4209e-34	0.00e+00	0.00e+00	1.5301e-01
1.45872e+17	1.2078e+04	2.462e-18	5.9948e+02	7.0171e+02	1.6579e-18	2.9016e-04	9.9971e-01	1.1579e-05	3.5333e-02	9.6466e-01	4.2142e-27	2.8627e-08	4.9191e-04	8.0418e-02	3.4969e-01	1.5214e-08	1.1378e-04	5.5037e-02	6.1524e-01	2.9040e-01	3.7367e-02	6.5638e-34	0.00e+00	0.00e+00	1.8938e-01
1.83958e+17	1.1886e+04	2.447e-18	5.9948e+02	7.0162e+02	1.6688e-18	2.8576e-04	9.9971e-01	1.1987e-05	3.6927e-02	9.6306e-01	4.3554e-27	3.0200e-08	5.1700e-04	8.5603e-02	3.6103e-01	1.5581e-08	1.1854e-04	5.9450e-02	6.2308e-01	2.8035e-01	3.5286e-02	6.2885e-34	0.00e+00	0.00e+00	2.3593e-01
2.33469e+17	1.1689e+04	2.433e-18	5.9948e+02	7.0148e+02	1.6767e-18	2.8091e-04	9.9972e-01	1.2674e-05	3.9489e-02	9.6050e-01	4.6555e-27	3.2848e-08	5.5413e-04	9.3101e-02	3.7567e-01	1.6319e-08	1.2649e-04	6.5952e-02	6.3242e-01	2.6727e-01	3.2668e-02	6.1003e-34	0.00e+00	0.00e+00	2.9543e-01
2.97834e+17	1.1498e+04	2.423e-18	5.9948e+02	7.0124e+02	1.6788e-18	2.7578e-04	9.9972e-01	1.3878e-05	4.3776e-02	9.5621e-01	5.2767e-27	3.7376e-08	6.1112e-04	1.0427e-01	3.9474e-01	1.7775e-08	1.4040e-04	7.6040e-02	6.4306e-01	2.5000e-01	2.9382e-02	6.1013e-34	0.00e+00	0.00e+00	3.7137e-01
3.69893e+17	1.1333e+04	2.419e-18	5.9948e+02	7.0091e+02	1.6340e-18	2.6839e-04	9.9973e-01	1.5569e-05	5.0030e-02	9.4995e-01	5.9677e-27	4.3246e-08	6.8018e-04	1.1855e-01	4.1584e-01	1.9578e-08	1.5896e-04	8.9993e-02	6.5224e-01	2.3046e-01	2.5960e-02	5.9735e-34	0.00e+00	0.00e+00	4.4384e-01
4.34840e+17	1.1261e+04	2.425e-18	5.9948e+02	7.0050e+02	1.5557e-18	2.6129e-04	9.9974e-01	1.7693e-05	5.7910e-02	9.4207e-01	6.8002e-27	4.9840e-08	7.5169e-04	1.3360e-01	4.3484e-01	2.1815e-08	1.8168e-04	1.0645e-01	6.5722e-01	2.1213e-01	2.2986e-02	5.9740e-34	0.00e+00	0.00e+00	5.0172e-01
4.88062e+17	1.1276e+04	2.436e-18	5.9948e+02	7.0003e+02	1.4662e-18	2.5610e-04	9.9974e-01	2.0191e-05	6.6850e-02	9.3313e-01	7.8999e-27	5.6916e-08	8.2298e-04	1.4791e-01	4.5072e-01	2.4700e-08	2.0891e-04	1.2418e-01	6.5807e-01	1.9607e-01	2.0540e-02	6.1941e-34	0.00e+00	0.00e+00	5.4815e-01
5.33343e+17	1.1314e+04	2.456e-18	5.9948e+02	6.9953e+02	1.3950e-18	2.5280e-04	9.9975e-01	2.3128e-05	7.7128e-02	9.2285e-01	9.3280e-27	6.4485e-08	8.9558e-04	1.6200e-01	4.6488e-01	2.8204e-08	2.4044e-04	1.4369e-01	6.5571e-01	1.8114e-01	1.8394e-02	6.6170e-34	0.00e+00	0.00e+00	5.8896e-01
5.74668e+17	1.1395e+04	2.476e-18	5.9948e+02	6.9885e+02	1.3239e-18	2.5005e-04	9.9975e-01	2.6699e-05	8.9406e-02	9.1057e-01	1.1228e-26	7.2837e-08	9.7166e-04	1.7618e-01	4.7818e-01	3.2636e-08	2.7926e-04	1.6618e-01	6.4990e-01	1.6650e-01	1.6406e-02	7.2866e-34	0.00e+00	0.00e+00	6.2680e-01
6.13226e+17	1.1491e+04	2.503e-18	5.9948e+02	6.9801e+02	1.2561e-18	2.4775e-04	9.9975e-01	3.1105e-05	1.0456e-01	8.9541e-01	1.3587e-26	8.1833e-08	1.0505e-03	1.9078e-01	4.9107e-01	3.8016e-08	3.2591e-04	1.9270e-01	6.4011e-01	1.5169e-01	1.4513e-02	8.1066e-34	0.00e+00	0.00e+00	6.6161e-01
6.48500e+17	1.1604e+04	2.535e-18	5.9948e+02	6.9720e+02	1.1956e-18	2.4584e-04	9.9975e-01	3.6594e-05	1.2299e-01	8.7697e-01	1.6698e-26	9.1548e-08	1.1331e-03	2.0534e-01	5.0335e-01	4.4774e-08	3.8336e-04	2.2336e-01	6.2597e-01	1.3698e-01	1.2736e-02	9.2439e-34	0.00e+00	0.00e+00	6.9270e-01
6.80073e+17	1.1725e+04	2.570e-18	5.9948e+02	6.9612e+02	1.1379e-18	2.4426e-04	9.9976e-01	4.3061e-05	1.4478e-01	8.5518e-01	2.0298e-26	1.0128e-07	1.2126e-03	2.1930e-01	5.1486e-01	5.2526e-08	4.4881e-04	2.5760e-01	6.0761e-01	1.2272e-01	1.1110e-02	1.0498e-33	0.00e+00	0.00e+00	7.2017e-01
7.08392e+17	1.1861e+04	2.604e-18	5.9948e+02	6.9483e+02	1.0759e-18	2.4261e-04	9.9976e-01	5.0603e-05	1.7012e-01	8.2983e-01	2.4314e-26	1.1070e-07	1.2878e-03	2.3231e-01	5.2568e-01	6.1319e-08	5.2295e-04	2.9511e-01	5.8524e-01	1.0905e-01	9.6281e-03	1.1797e-33	0.00e+00	0.00e+00	7.4488e-01
7.34333e+17	1.1963e+04	2.643e-18	5.9948e+02	6.9332e+02	1.0375e-18	2.4217e-04	9.9976e-01	5.9718e-05	2.0019e-01	7.9975e-01	2.9376e-26	1.2067e-07	1.3654e-03	2.4510e-01	5.3608e-01	7.1857e-08	6.0904e-04	3.3667e-01	5.5848e-01	9.5622e-02	8.2423e-03	1.3445e-33	0.00e+00	0.00e+00	7.6777e-01
7.58482e+17	1.2049e+04	2.682e-18	5.9948e+02	6.9151e+02	1.0215e-18	2.4249e-04	9.9976e-01	7.0544e-05	2.3581e-01	7.6412e-01	3.5727e-26	1.3079e-07	1.4419e-03	2.5739e-01	5.4613e-01	8.4054e-08	7.0638e-04	3.8237e-01	5.2712e-01	8.2533e-02	6.9529e-03	1.5696e-33	0.00e+00	0.00e+00	7.8918e-01
7.81051e+17	1.2138e+04	2.714e-18	5.9948e+02	6.8921e+02	9.9341e-19	2.4272e-04	9.9976e-01	8.3045e-05	2.7711e-01	7.2280e-01	4.2296e-26	1.4032e-07	1.5123e-03	2.6872e-01	5.5581e-01	9.7499e-08	8.1315e-04	4.3130e-01	4.9172e-01	7.0112e-02	5.7823e-03	1.7722e-33	0.00e+00	0.00e+00	8.0921e-01
8.02265e+17	1.2212e+04	2.736e-18	5.9948e+02	6.8667e+02	9.8095e-19	2.4339e-04	9.9976e-01	9.7411e-05	3.2423e-01	6.7567e-01	5.0047e-26	1.4952e-07	1.5796e-03	2.7920e-01	5.6505e-01	1.1249e-07	9.2980e-04	4.8263e-01	4.5299e-01	5.8500e-02	4.7306e-03	2.0282e-33	0.00e+00	0.00e+00	8.2820e-01
8.21079e+17	1.2220e+04	2.753e-18	5.9948e+02	6.8420e+02	9.9375e-19	2.4509e-04	9.9975e-01	1.1296e-04	3.7406e-01	6.2583e-01	5.8565e-26	1.5823e-07	1.6437e-03	2.8873e-01	5.7300e-01	1.2803e-07	1.0467e-03	5.3219e-01	4.1426e-01	4.8468e-02	3.8566e-03	2.3116e-33	0.00e+00	0.00e+00	8.4397e-01
8.37343e+17	1.2212e+04	2.753e-18	5.9948e+02	6.8169e+02	1.0061e-18	2.4707e-04	9.9975e-01	1.2821e-04	4.2233e-01	5.7754e-01	6.6683e-26	1.6591e-07	1.6995e-03	2.9667e-01	5.7971e-01	1.4315e-07	1.1573e-03	5.7680e-01	3.7843e-01	4.0297e-02	3.1661e-03	2.5592e-33	0.00e+00	0.00e+00	8.5849e-01
8.55196e+17	1.2157e+04	2.733e-18	5.9948e+02	6.7861e+02	1.0483e-18	2.5053e-04	9.9975e-01	1.4680e-04	4.7940e-01	5.2045e-01	7.8148e-26	1.7512e-07	1.7659e-03	3.0527e-01	5.8653e-01	1.6221e-07	1.2895e-03	6.2616e-01	3.3785e-01	3.2092e-02	2.4910e-03	2.9331e-33	0.00e+00	0.00e+00	8.7762e-01
8.74462e+17	1.2064e+04	2.696e-18	5.9948e+02	6.7535e+02	1.1061e-18	2.5452e-04	9.9975e-01	1.6790e-04	5.4353e-01	4.5630e-01	9.0550e-26	1.8407e-07	1.8309e-03	3.1383e-01	5.9280e-01	1.8240e-07	1.4259e-03	6.7707e-01	2.9488e-01	2.4645e-02	1.8976e-03	3.3321e-33	0.00e+00	0.00e+00	8.9530e-01
8.91944e+17	1.1938e+04	2.644e-18	5.9948e+02	6.7230e+02	1.1787e-18	2.5909e-04	9.9974e-01	1.8781e-04	6.0182e-01	3.9800e-01	1.0327e-25	1.9275e-07	1.8925e-03	3.2127e-01	5.9741e-01	2.0208e-07	1.5517e-03	7.2035e-01	2.5753e-01	1.9040e-02	1.4623e-03	3.7255e-33	0.00e+00	0.00e+00	9.1159e-01
9.11051e+17	1.1756e+04	2.567e-18	5.9948e+02	6.6919e+02	1.2946e-18	2.6534e-04	9.9973e-01	2.0968e-04	6.6223e-01	3.3757e-01	1.1999e-25	2.0301e-07	1.9648e-03	3.2926e-01	6.0098e-01	2.2488e-07	1.6874e-03	7.6309e-01	2.1994e-01	1.4147e-02	1.0892e-03	4.2531e-33	0.00e+00	0.00e+00	9.3327e-01
9.32142e+17	1.1538e+04	2.473e-18	5.9948e+02	6.6616e+02	1.4422e-18	2.7227e-04	9.9973e-01	2.3178e-04	7.2103e-01	2.7874e-01	1.3826e-25	2.1360e-07	2.0390e-03	3.3725e-01	6.0324e-01	2.4815e-07	1.8186e-03	8.0256e-01	1.8453e-01	1.0263e-02	7.9815e-04	4.8155e-33	0.00e+00	0.00e+00	9.5448e-01
9.51834e+17	1.1323e+04	2.383e-18	5.9948e+02	6.6383e+02	1.6055e-18	2.7905e-04	9.9972e-01	2.5053e-04	7.6780e-01	2.3195e-01	1.5613e-25	2.2350e-07	2.1074e-03	3.4426e-01	6.0392e-01	2.6881e-07	1.9273e-03	8.3300e-01	1.5676e-01	7.6840e-03	6.0595e-04	5.3575e-33	0.00e+00	0.00e+00	9.7434e-01
9.73452e+17	1.1084e+04	2.284e-18	5.9948e+02	6.6162e+02	1.8188e-18	2.8714e-04	9.9971e-01	2.6922e-04	8.1053e-01	1.8920e-01	1.7844e-25	2.3518e-07	2.1859e-03	3.5165e-01	6.0333e-01	2.9191e-07	2.0397e-03	8.6054e-01	1.3127e-01	5.6773e-03	4.5533e-04	6.0245e-33	0.00e+00	0.00e+00	1.0009e+00
9.97743e+17	1.0844e+04	2.185e-18	5.9948e+02	6.5963e+02	2.0697e-18	2.9537e-04	9.9970e-01	2.8636e-04	8.4764e-01	1.5208e-01	2.0206e-25	2.4687e-07	2.2639e-03	3.5893e-01	6.0175e-01	3.1431e-07	2.1420e-03	8.8415e-01	1.0912e-01	4.2253e-03	3.4429e-04	6.7307e-33	0.00e+00	0.00e+00	1.0279e+00
1.02551e+18	1.0593e+04	2.086e-18	5.9948e+02	6.5800e+02	2.3786e-18	3.0516e-04	9.9969e-01	3.0347e-04	8.8018e-01	1.1951e-01	2.3070e-25	2.6107e-07	2.3542e-03	3.6672e-01	5.9891e-01	3.3966e-07	2.2476e-03	9.0512e-01	8.9215e-02	3.1503e-03	2.5850e-04	7.5288e-33	0.00e+00	0.00e+00	1.0641e+00
1.06106e+18	1.0329e+04	1.984e-18	5.9948e+02	6.5646e+02	2.7947e-18	3.1664e-04	9.9968e-01	3.2065e-04	9.0967e-01	9.0012e-02	2.6716e-25	2.7754e-07	2.4565e-03	3.7529e-01	5.9482e-01	3.6813e-07	2.3558e-03	9.2439e-01	7.0707e-02	2.3482e-03	1.8988e-04	8.5951e-33	0.00e+00	0.00e+00	1.1117e+00
1.10006e+18	1.0108e+04	1.899e-18	5.9948e+02	6.5530e+02	3.1962e-18	3.2760e-04	9.9967e-01	3.3454e-04	9.3131e-01	6.8356e-02	2.9975e-25	2.9295e-07	2.5493e-03	3.8297e-01	5.9045e-01	3.9412e-07	2.4453e-03	9.3880e-01	5.6734e-02	1.8668e-03	1.4437e-04	9.4398e-33	0.00e+00	0.00e+00	1.1592e+00
1.14410e+18	9.9133e+03	1.827e-18	5.9948e+02	6.5441e+02	3.6659e-18	3.3980e-04	9.9966e-01	3.4735e-04	9.4809e-01	5.1567e-02	3.3951e-25	3.0994e-07	2.6470e-03	3.9056e-01	5.8552e-01	4.2224e-07	2.5311e-03	9.5048e-01	4.5324e-02	1.5524e-03	1.1064e-04	1.0552e-32	0.00e+00	0.00e+00	1.2232e+00
1.20134e+18	9.7348e+03	1.761e-18	5.9948e+02	6.5367e+02	4.2278e-18	3.5458e-04	9.9965e-01	3.6004e-04	9.6219e-01	3.7454e-02	3.8817e-25	3.2984e-07	2.7557e-03	3.9870e-01	5.7973e-01	4.5510e-07	2.6182e-03	9.6067e-01	3.5289e-02	1.3318e-03	8.3169e-05	1.1932e-32	0.00e+00	0.00e+00	1.3100e+00
1.27576e+18	9.5863e+03	1.706e-18	5.9948e+02	6.5307e+02	4.9172e-18	3.7289e-04	9.9963e-01	3.7250e-04	9.7333e-01	2.6295e-02	4.5102e-25	3.5334e-07	2.8763e-03	4.0732e-01	5.7312e-01	4.9442e-07	2.7055e-03	9.6913e-01	2.6919e-02	1.1851e-03	6.1552e-05	1.3855e-32	0.00e+00	0.00e+00	1.4287e+00
1.37250e+18	9.4814e+03	1.667e-18	5.9948e+02	6.5265e+02	5.7405e-18	3.9636e-04	9.9960e-01	3.8462e-04	9.8167e-01	1.7946e-02	5.3269e-25	3.8139e-07	3.0091e-03	4.1639e-01	5.6575e-01	5.4301e-07	2.7916e-03	9.7581e-01	2.0257e-02	1.0894e-03	4.5036e-05	1.6517e-32	0.00e+00	0.00e+00	1.5928e+00
1.49827e+18	9.4361e+03	1.647e-18	5.9948e+02	6.5228e+02	6.7176e-18	4.2832e-04	9.9957e-01	3.9785e-04	9.8761e-01	1.1992e-02	6.4852e-25	4.1764e-07	3.1682e-03	4.2639e-01	5.5715e-01	6.0946e-07	2.8860e-03	9.8089e-01	1.5164e-02	1.0255e-03	3.2741e-05	2.0448e-32	0.00e+00	0.00e+00	1.8232e+00
1.64782e+18	9.4752e+03	1.649e-18	5.9948e+02	6.5205e+02	7.8379e-18	4.6948e-04	9.9953e-01	4.1064e-04	9.9139e-01	8.2032e-03	8.0715e-25	4.5945e-07	3.3338e-03	4.3609e-01	5.4854e-01	6.9460e-07	2.9778e-03	9.8430e-01	1.1712e-02	9.8363e-04	2.4502e-05	2.6538e-32	0.00e+00	0.00e+00	2.1020e+00
1.81260e+18	9.5679e+03	1.672e-18	5.9948e+02	6.5189e+02	9.2710e-18	5.2307e-04	9.9948e-01	4.2461e-04	9.9371e-01	5.8632e-03	1.0475e-24	5.1053e-07	3.5245e-03	4.4621e-01	5.3927e-01	8.0968e-07	3.0795e-03	9.8655e-01	9.4006e-03	9.5255e-04	1.8983e-05	3.6558e-32	0.00e+00	0.00e+00	2.4438e+00
1.99386e+18	9.7181e+03	1.716e-18	5.9948e+02	6.5177e+02	1.1204e-17	5.9469e-04	9.9941e-01	4.4168e-04	9.9522e-01	4.3417e-03	1.4404e-24	5.7510e-07	3.7551e-03	4.5716e-01	5.2900e-01	9.7405e-07	3.2025e-03	9.8810e-01	7.7564e-03	9.2668e-04	1.5035e-05	5.4394e-32	0.00e+00	0.00e+00	2.8711e+00
2.19325e+18	9.9110e+03	1.782e-18	5.9948e+02	6.5165e+02	1.4104e-17	6.9447e-04	9.9931e-01	4.6274e-04	9.9623e-01	3.3066e-03	2.1531e-24	6.6117e-07	4.0565e-03	4.7007e-01	5.1667e-01	1.2263e-06	3.3669e-03	9.8920e-01	6.5205e-03	9.0270e-04	1.2028e-05	8.9498e-32	0.00e+00	0.00e+00	3.4201e+00
2.39106e+18	1.0168e+04	1.866e-18	5.9948e+02	6.5153e+02	1.8022e-17	8.2280e-04	9.9918e-01	4.8908e-04	9.9685e-01	2.6578e-03	3.3914e-24	7.6277e-07	4.4046e-03	4.8322e-01	5.0391e-01	1.5916e-06	3.5701e-03	9.8987e-01	5.6673e-03	8.8427e-04	9.8940e-06	1.5839e-31	0.00e+00	0.00e+00	4.0015e+00
2.56023e+18	1.0431e+04	1.949e-18	5.9948e+02	6.5142e+02	2.2613e-17	9.6475e-04	9.9904e-01	5.1579e-04	9.9721e-01	2.2778e-03	5.2989e-24	8.7025e-07	4.7726e-03	4.9567e-01	4.9169e-01	2.0576e-06	3.7983e-03	9.9022e-01	5.1000e-03	8.7118e-04	8.4401e-06	2.7535e-31	0.00e+00	0.00e+00	4.5550e+00
2.70193e+18	1.0631e+04	2.028e-18	5.9948e+02	6.5132e+02	2.8325e-17	1.1157e-03	9.9888e-01	5.4392e-04	9.9743e-01	2.0288e-03	8.1698e-24	9.8560e-07	5.1757e-03	5.0846e-01	4.7901e-01	2.6296e-06	4.0527e-03	9.9041e-01	4.6698e-03	8.5925e-04	7.3477e-06	4.6276e-31	0.00e+00	0.00e+00	5.1115e+00
2.83102e+18	1.0829e+04	2.102e-18	5.9948e+02	6.5121e+02	3.5488e-17	1.2819e-03	9.9872e-01	5.7551e-04	9.9758e-01	1.8412e-03	1.2718e-23	1.1130e-06	5.6245e-03	5.2168e-01	4.6580e-01	3.3591e-06	4.3428e-03	9.9050e-01	4.2971e-03	8.4872e-04	6.4322e-06	7.8544e-31	0.00e+00	0.00e+00	5.7246e+00
2.97637e+18	1.1042e+04	2.186e-18	5.9948e+02	6.5106e+02	4.8799e-17	1.5076e-03	9.9849e-01	6.1927e-04	9.9773e-01	1.6526e-03	2.2913e-23	1.2922e-06	6.2610e-03	5.3931e-01	4.4809e-01	4.5277e-06	4.7541e-03	9.9053e-01	3.8673e-03	8.3552e-04	5.4510e-06	1.6243e-30	0.00e+00	0.00e+00	6.6620e+00
3.13623e+18	1.1291e+04	2.289e-18	5.9948e+02	6.5085e+02	7.1325e-17	1.8335e-03	9.9817e-01	6.8018e-04	9.9784e-01	1.4764e-03	4.7114e-23	1.5462e-06	7.1662e-03	5.6159e-01	4.2551e-01	6.5921e-06	5.3803e-03	9.9034e-01	3.4448e-03	8.2235e-04	4.4985e-06	3.8745e-30	0.00e+00	0.00e+00	7.7403e+00
3.27245e+18	1.1513e+04	2.387e-18	5.9948e+02	6.5061e+02	1.0175e-16	2.2118e-03	9.9779e-01	7.4999e-04	9.9789e-01	1.3619e-03	9.5126e-23	1.8414e-06	8.2203e-03	5.8428e-01	4.0230e-01	9.6059e-06	6.1557e-03	9.8991e-01	3.1048e-03	8.1172e-04	3.7534e-06	8.7829e-30	0.00e+00	0.00e+00	8.7199e+00
3.37448e+18	1.1675e+04	2.466e-18	5.9948e+02	6.5040e+02	1.3654e-16	2.5796e-03	9.9742e-01	8.1758e-04	9.9789e-01	1.2948e-03	1.7235e-22	2.1353e-06	9.2673e-03	6.0432e-01	3.8163e-01	1.3230e-05	6.9571e-03	9.8937e-01	2.8483e-03	8.0318e-04	3.2230e-06	1.7262e-29	0.00e+00	0.00e+00	9.5694e+00
3.45627e+18	1.1813e+04	2.529e-18	5.9948e+02	6.5013e+02	1.7355e-16	2.9355e-03	9.9706e-01	8.8506e-04	9.9786e-01	1.2501e-03	2.8682e-22	2.4277e-06	1.0310e-02	6.2233e-01	3.6293e-01	1.7471e-05	7.7814e-03	9.8877e-01	2.6347e-03	7.9603e-04	2.8160e-06	3.0283e-29	0.00e+00	0.00e+00	1.0420e+01
3.54430e+18	1.1925e+04	2.600e-18	5.9948e+02	6.4989e+02	2.3050e-16	3.3917e-03	9.9661e-01	9.6975e-04	9.9784e-01	1.1935e-03	5.1758e-22	2.8185e-06	1.1692e-02	6.4426e-01	3.4001e-01	2.3963e-05	8.8827e-03	9.8792e-01	2.3840e-03	7.8601e-04	2.3893e-06	5.7680e-29	0.00e+00	0.00e+00	1.1697e+01
3.63655e+18	1.2085e+04	2.681e-18	5.9948e+02	6.4947e+02	3.1521e-16	4.0123e-03	9.9599e-01	1.0825e-03	9.9779e-01	1.1247e-03	1.0286e-21	3.3421e-06	1.3541e-02	6.6931e-01	3.1352e-01	3.5025e-05	1.0502e-02	9.8655e-01	2.1295e-03	7.7683e-04	1.9763e-06	1.2075e-28	0.00e+00	0.00e+00	1.2987e+01
3.70873e+18	1.2188e+04	2.755e-18	5.9948e+02	6.4912e+02	4.2079e-16	4.6574e-03	9.9534e-01	1.1982e-03	9.9771e-01	1.0876e-03	1.9179e-21	3.8951e-06	1.5479e-02	6.9164e-01	2.8960e-01	4.9417e-05	1.2309e-02	9.8494e-01	1.9287e-03	7.6826e-04	1.6678e-06	2.3491e-28	0.00e+00	0.00e+00	1.4034e+01
3.75010e+18	1.2268e+04	2.797e-18	5.9948e+02	6.4879e+02	4.9988e-16	5.1140e-03	9.9489e-01	1.2816e-03	9.9763e-01	1.0837e-03	2.8414e-21	4.2896e-06	1.6860e-02	7.0516e-01	2.7490e-01	6.1788e-05	1.3705e-02	9.8364e-01	1.8225e-03	7.6387e-04	1.5045e-06	3.5488e-28	0.00e+00	0.00e+00	1.4486e+01
3.76941e+18	1.2292e+04	2.816e-18	5.9948e+02	6.4863e+02	5.4275e-16	5.3371e-03	9.9466e-01	1.3250e-03	9.9757e-01	1.1074e-03	3.4175e-21	4.4931e-06	1.7572e-02	7.1166e-01	2.6778e-01	6.8507e-05	1.4415e-02	9.8298e-01	1.7754e-03	7.6122e-04	1.4337e-06	4.2973e-28	0.00e+00	0.00e+00	1.4794e+01
3.78697e+18	1.2313e+04	2.831e-18	5.9948e+02	6.4850e+02	5.8441e-16	5.5423e-03	9.9446e-01	1.3644e-03	9.9752e-01	1.1157e-03	4.0332e-21	4.6860e-06	1.8241e-02	7.1775e-01	2.6111e-01	7.5031e-05	1.5071e-02	9.8237e-01	1.7261e-03	7.5847e-04	1.3686e-06	5.0998e-28	0.00e+00	0.00e+00	1.5210e+01
3.80979e+18	1.2335e+04	2.853e-18	5.9948e+02	6.4835e+02	6.4602e-16	5.8288e-03	9.9417e-01	1.4189e-03	9.9747e-01	1.1067e-03	5.0358e-21	4.9553e-06	1.9174e-02	7.2581e-01	2.5223e-01	8.4748e-05	1.6003e-02	9.8150e-01	1.6587e-03	7.5465e-04	1.2840e-06	6.4174e-28	0.00e+00	0.00e+00	1.5780e+01
3.83946e+18	1.2377e+04	2.879e-18	5.9948e+02	6.4810e+02	7.3511e-16	6.2327e-03	9.9377e-01	1.4954e-03	9.9742e-01	1.0840e-03	6.7707e-21	5.3375e-06	2.0492e-02	7.3640e-01	2.4045e-01	9.9837e-05	1.7370e-02	9.8021e-01	1.5706e-03	7.4987e-04	1.1783e-06	8.7091e-28	0.00e+00	0.00e+00	1.6571e+01
3.87176e+18	1.2393e+04	2.917e-18	5.9948e+02	6.4789e+02	8.6581e-16	6.7536e-03	9.9325e-01	1.5927e-03	9.9736e-01	1.0522e-03	9.6451e-21	5.8215e-06	2.2158e-02	7.4841e-01	2.2694e-01	1.2146e-04	1.9182e-02	9.7848e-01	1.4739e-03	7.4343e-04	1.0639e-06	1.2562e-27	0.00e+00	0.00e+00	1.7364e+01
3.89749e+18	1.2447e+04	2.942e-18	5.9948e+02	6.4749e+02	9.8006e-16	7.2228e-03	9.9278e-01	1.6799e-03	9.9728e-01	1.0395e-03	1.2967e-20	6.2578e-06	2.3657e-02	7.5796e-01	2.1602e-01	1.4378e-04	2.0935e-02	9.7678e-01	1.4012e-03	7.3939e-04	9.7902e-07	1.7020e-27	0.00e+00	0.00e+00	1.7923e+01
3.91553e+18	1.2470e+04	2.959e-18	5.9948e+02	6.4724e+02	1.0753e-15	7.5766e-03	9.9242e-01	1.7479e-03	9.9721e-01	1.0416e-03	1.6061e-20	6.5946e-06	2.4816e-02	7.6477e-01	2.0814e-01	1.6223e-04	2.2301e-02	9.7545e-01	1.3512e-03	7.3588e-04	9.2200e-07	2.1180e-27	0.00e+00	0.00e+00	1.8371e+01
3.93352e+18	1.2486e+04	2.977e-18	5.9948e+02	6.4701e+02	1.1812e-15	7.9427e-03	9.9206e-01	1.8190e-03	9.9714e-01	1.0400e-03	1.9884e-20	6.9531e-06	2.6042e-02	7.7168e-01	2.0008e-01	1.8271e-04	2.3737e-02	9.7405e-01	1.2994e-03	7.3188e-04	8.6672e-07	2.6320e-27	0.00e+00	0.00e+00	1.8982e+01
3.95690e+18	1.2502e+04	3.001e-18	5.9948e+02	6.4669e+02	1.3420e-15	8.4654e-03	9.9153e-01	1.9195e-03	9.9706e-01	1.0243e-03	2.6520e-20	7.4622e-06	2.7778e-02	7.8072e-01	1.8942e-01	2.1458e-04	2.5841e-02	9.7199e-01	1.2304e-03	7.2627e-04	7.9634e-07	3.5283e-27	0.00e+00	0.00e+00	1.9829e+01
3.98076e+18	1.2502e+04	3.034e-18	5.9948e+02	6.4637e+02	1.5590e-15	9.1051e-03	9.9089e-01	2.0393e-03	9.9696e-01	1.0001e-03	3.6745e-20	8.0683e-06	2.9837e-02	7.9011e-01	1.7809e-01	2.5781e-04	2.8495e-02	9.6937e-01	1.1586e-03	7.1956e-04	7.2382e-07	4.9247e-27	0.00e+00	0.00e+00	2.0563e+01
3.99897e+18	1.2523e+04	3.054e-18	5.9948e+02	6.4602e+02	1.7421e-15	9.6359e-03	9.9036e-01	2.1405e-03	9.9687e-01	9.9359e-04	4.7515e-20	8.5812e-06	3.1576e-02	7.9712e-01	1.6943e-01	2.9839e-04	3.0848e-02	9.6703e-01	1.1066e-03	7.1473e-04	6.7253e-07	6.3986e-27	0.00e+00	0.00e+00	2.1114e+01
4.01335e+18	1.2515e+04	3.072e-18	5.9948e+02	6.4577e+02	1.9172e-15	1.0087e-02	9.8991e-01	2.2289e-03	9.9678e-01	9.9180e-04	5.8547e-20	9.0235e-06	3.3079e-02	8.0269e-01	1.6244e-01	3.3557e-04	3.2882e-02	9.6501e-01	1.0654e-03	7.1001e-04	6.3296e-07	7.9034e-27	0.00e+00	0.00e+00	2.1635e+01
4.02904e+18	1.2536e+04	3.086e-18	5.9948e+02	6.4540e+02	2.1052e-15	1.0587e-02	9.8941e-01	2.3272e-03	9.9669e-01	9.8740e-04	7.3129e-20	9.5230e-06	3.4773e-02	8.0860e-01	1.5490e-01	3.8066e-04	3.5239e-02	9.6265e-01	1.0211e-03	7.0545e-04	5.9299e-07	9.8859e-27	0.00e+00	0.00e+00	2.2345e+01
4.04944e+18	1.2517e+04	3.113e-18	5.9948e+02	6.4510e+02	2.4317e-15	1.1329e-02	9.8867e-01	2.4721e-03	9.9656e-01	9.7070e-04	9.9749e-20	1.0257e-05	3.7243e-02	8.1634e-01	1.4479e-01	4.5278e-04	3.8751e-02	9.5914e-01	9.6118e-04	6.9761e-04	5.4034e-07	1.3542e-26	0.00e+00	0.00e+00	2.3334e+01
4.06963e+18	1.2541e+04	3.138e-18	5.9948e+02	6.4451e+02	2.8072e-15	1.2191e-02	9.8781e-01	2.6349e-03	9.9641e-01	9.5034e-04	1.3927e-19	1.1082e-05	4.0030e-02	8.2374e-01	1.3471e-01	5.4839e-04	4.3107e-02	9.5475e-01	9.0174e-04	6.9026e-04	4.8961e-07	1.9014e-26	0.00e+00	0.00e+00	2.4134e+01
4.08411e+18	1.2524e+04	3.159e-18	5.9948e+02	6.4412e+02	3.1607e-15	1.2896e-02	9.8710e-01	2.7722e-03	9.9628e-01	9.4390e-04	1.8006e-19	1.1764e-05	4.2334e-02	8.2891e-01	1.2730e-01	6.3479e-04	4.6774e-02	9.5105e-01	8.5958e-04	6.8353e-04	4.5383e-07	2.4655e-26	0.00e+00	0.00e+00	2.4700e+01
4.09530e+18	1.2541e+04	3.168e-18	5.9948e+02	6.4364e+02	3.4205e-15	1.3438e-02	9.8656e-01	2.8808e-03	9.9618e-01	9.4362e-04	2.1800e-19	1.2304e-05	4.4171e-02	8.3266e-01	1.2177e-01	7.0870e-04	4.9790e-02	9.4799e-01	8.2900e-04	6.7903e-04	4.2917e-07	2.9852e-26	0.00e+00	0.00e+00	2.5248e+01
4.10768e+18	1.2524e+04	3.183e-18	5.9948e+02	6.4327e+02	3.7829e-15	1.4089e-02	9.8591e-01	3.0119e-03	9.9605e-01	9.3831e-04	2.7143e-19	1.2956e-05	4.6366e-02	8.3678e-01	1.1551e-01	8.0203e-04	5.3375e-02	9.4436e-01	7.9396e-04	6.7269e-04	4.0171e-07	3.7202e-26	0.00e+00	0.00e+00	2.5994e+01
4.12377e+18	1.2506e+04	3.203e-18	5.9948e+02	6.4287e+02	4.3307e-15	1.5016e-02	9.8498e-01	3.1977e-03	9.9588e-01	9.2555e-04	3.6490e-19	1.3886e-05	4.9466e-02	8.4187e-01	1.0740e-01	9.4784e-04	5.8653e-02	9.3899e-01	7.4839e-04	6.6380e-04	3.6720e-07	5.0158e-26	0.00e+00	0.00e+00	2.7027e+01
4.14008e+18	1.2498e+04	3.228e-18	5.9948e+02	6.4229e+02	5.0274e-15	1.6143e-02	9.8386e-01	3.4159e-03	9.9568e-01	9.0804e-04	5.0833e-19	1.4968e-05	5.3092e-02	8.4665e-01	9.9073e-02	1.1462e-03	6.5331e-02	9.3217e-01	7.0063e-04	6.5382e-04	3.3192e-07	7.0221e-26	0.00e+00	0.00e+00	2.7909e+01
4.15232e+18	1.2499e+04	3.242e-18	5.9948e+02	6.4144e+02	5.6317e-15	1.7082e-02	9.8292e-01	3.6009e-03	9.9550e-01	9.0081e-04	6.5885e-19	1.5858e-05	5.6143e-02	8.4987e-01	9.2862e-02	1.3322e-03	7.1212e-02	9.2614e-01	6.6569e-04	6.4598e-04	3.0680e-07	9.1112e-26	0.00e+00	0.00e+00	2.8559e+01
4.16191e+18	1.2481e+04	3.254e-18	5.9948e+02	6.4096e+02	6.1923e-15	1.7862e-02	9.8214e-01	3.7601e-03	9.9534e-01	8.9701e-04	8.1046e-19	1.6627e-05	5.8733e-02	8.5215e-01	8.8034e-02	1.4993e-03	7.6201e-02	9.2102e-01	6.3891e-04	6.3890e-04	2.8796e-07	1.1216e-25	0.00e+00	0.00e+00	2.9175e+01
4.17239e+18	1.2465e+04	3.265e-18	5.9948e+02	6.4043e+02	6.8579e-15	1.8745e-02	9.8126e-01	3.9425e-03	9.9517e-01	8.9135e-04	1.0149e-18	1.7508e-05	6.1696e-02	8.5443e-01	8.2841e-02	1.7040e-03	8.2010e-02	9.1504e-01	6.1028e-04	6.3088e-04	2.6859e-07	1.4051e-25	0.00e+00	0.00e+00	3.0016e+01
4.18602e+18	1.2445e+04	3.281e-18	5.9948e+02	6.3963e+02	7.8788e-15	2.0023e-02	9.7998e-01	4.2023e-03	9.9492e-01	8.7948e-04	1.3767e-18	1.8754e-05	6.5893e-02	8.5699e-01	7.6146e-02	2.0280e-03	9.0626e-02	9.0615e-01	5.7272e-04	6.1950e-04	2.4399e-07	1.9094e-25	0.00e+00	0.00e+00	3.1183e+01
4.19978e+18	1.2409e+04	3.306e-18	5.9948e+02	6.3899e+02	9.2931e-15	2.1619e-02	9.7838e-01	4.5179e-03	9.9462e-01	8.6258e-04	1.9541e-18	2.0265e-05	7.0909e-02	8.5893e-01	6.9255e-02	2.4769e-03	1.0160e-01	8.9479e-01	5.3252e-04	6.0532e-04	2.1813e-07	2.7275e-25	0.00e+00	0.00e+00	3.2174e+01
4.21006e+18	1.2407e+04	3.316e-18	5.9948e+02	6.3786e+02	1.0462e-14	2.2926e-02	9.7707e-01	4.7808e-03	9.9436e-01	8.5495e-04	2.5564e-18	2.1469e-05	7.5078e-02	8.5982e-01	6.4249e-02	2.8952e-03	1.1120e-01	8.8481e-01	5.0356e-04	5.9452e-04	2.0020e-07	3.5736e-25	0.00e+00	0.00e+00	3.2908e+01
4.21817e+18	1.2373e+04	3.328e-18	5.9948e+02	6.3718e+02	1.1615e-14	2.4043e-02	9.7596e-01	5.0137e-03	9.9414e-01	8.4924e-04	3.1806e-18	2.2539e-05	7.8692e-02	8.6016e-01	6.0331e-02	3.2789e-03	1.1943e-01	8.7622e-01	4.8101e-04	5.8461e-04	1.8644e-07	4.4492e-25	0.00e+00	0.00e+00	3.3615e+01
4.22711e+18	1.2342e+04	3.338e-18	5.9948e+02	6.3655e+02	1.3007e-14	2.5318e-02	9.7468e-01	5.2845e-03	9.9387e-01	8.4230e-04	4.0401e-18	2.3792e-05	8.2866e-02	8.6022e-01	5.6138e-02	3.7543e-03	1.2910e-01	8.6611e-01	4.5705e-04	5.7324e-04	1.7231e-07	5.6580e-25	0.00e+00	0.00e+00	3.4583e+01
4.23873e+18	1.2306e+04	3.353e-18	5.9948e+02	6.3564e+02	1.5169e-14	2.7191e-02	9.7281e-01	5.6731e-03	9.9350e-01	8.3006e-04	5.5969e-18	2.5563e-05	8.8814e-02	8.5968e-01	5.0774e-02	4.5181e-03	1.4353e-01	8.5096e-01	4.2553e-04	5.5697e-04	1.5433e-07	7.8645e-25	0.00e+00	0.00e+00	3.5934e+01
4.25059e+18	1.2264e+04	3.375e-18	5.9948e+02	6.3442e+02	1.8181e-14	2.9584e-02	9.7042e-01	6.1510e-03	9.9304e-01	8.1354e-04	8.1578e-18	2.7696e-05	9.6013e-02	8.5805e-01	4.5263e-02	5.6033e-03	1.6217e-01	8.3130e-01	3.9122e-04	5.3692e-04	1.3532e-07	1.1547e-24	0.00e+00	0.00e+00	3.7120e+01
4.25967e+18	1.2241e+04	3.384e-18	5.9948e+02	6.3243e+02	2.0922e-14	3.1635e-02	9.6837e-01	6.5697e-03	9.9263e-01	8.0333e-04	1.0998e-17	2.9444e-05	1.0223e-01	8.5594e-01	4.1198e-02	6.6578e-03	1.7891e-01	8.1355e-01	3.6573e-04	5.2049e-04	1.2174e-07	1.5601e-24	0.00e+00	0.00e+00	3.8026e+01
4.26702e+18	1.2192e+04	3.394e-18	5.9948e+02	6.3157e+02	2.3726e-14	3.3454e-02	9.6655e-01	6.9581e-03	9.9225e-01	7.9538e-04	1.4138e-17	3.1128e-05	1.0786e-01	8.5357e-01	3.7976e-02	7.6677e-03	1.9372e-01	7.9776e-01	3.4552e-04	5.0520e-04	1.1113e-07	2.0104e-24	0.00e+00	0.00e+00	3.8928e+01
4.27521e+18	1.2154e+04	3.401e-18	5.9948e+02	6.3042e+02	2.7162e-14	3.5593e-02	9.6441e-01	7.4168e-03	9.9180e-01	7.8643e-04	1.8662e-17	3.3067e-05	1.1446e-01	8.5043e-01	3.4539e-02	8.9641e-03	2.1150e-01	7.7873e-01	3.2392e-04	4.8765e-04	1.0022e-07	2.6606e-24	0.00e+00	0.00e+00	4.0176e+01
4.28586e+18	1.2103e+04	3.411e-18	5.9948e+02	6.2801e+02	3.2767e-14	3.8812e-02	9.6119e-01	8.0860e-03	9.9114e-01	7.7160e-04	2.7237e-17	3.5756e-05	1.2394e-01	8.4531e-01	3.0223e-02	1.1101e-02	2.3809e-01	7.5005e-01	2.9565e-04	4.6256e-04	1.1755e-36	3.9015e-24	0.00e+00	0.00e+00	4.1944e+01
4.29693e+18	1.2037e+04	3.435e-18	5.9948e+02	6.2584e+02	4.1405e-14	4.3205e-02	9.5680e-01	8.9660e-03	9.9028e-01	7.5270e-04	4.2978e-17	3.9276e-05	1.3607e-01	8.3771e-01	2.5750e-02	1.4336e-02	2.7330e-01	7.1167e-01	2.6387e-04	4.2972e-04	1.1755e-36	6.2407e-24	0.00e+00	0.00e+00	4.3595e+01
4.30544e+18	1.1975e+04	3.449e-18	5.9948e+02	6.2381e+02	5.0517e-14	4.7284e-02	9.5272e-01	9.8086e-03	9.8945e-01	7.3877e-04	6.2914e-17	4.2572e-05	1.4730e-01	8.2982e-01	2.2440e-02	1.7712e-02	3.0575e-01	6.7590e-01	2.3949e-04	4.0048e-04	1.1755e-36	9.2326e-24	0.00e+00	0.00e+00	4.4835e+01
4.31185e+18	1.1938e+04	3.446e-18	5.9948e+02	6.2114e+02	5.8381e-14	5.0564e-02	9.4944e-01	1.0510e-02	9.8876e-01	7.3002e-04	8.3369e-17	4.5068e-05	1.5648e-01	8.2297e-01	2.0137e-02	2.0712e-02	3.3203e-01	6.4666e-01	2.2249e-04	3.7809e-04	1.1755e-36	1.2279e-23	0.00e+00	0.00e+00	4.5962e+01
4.31862e+18	1.1864e+04	3.450e-18	5.9948e+02	6.1922e+02	6.9099e-14	5.4429e-02	9.4557e-01	1.1351e-02	9.8793e-01	7.1903e-04	1.1315e-16	4.8185e-05	1.6715e-01	8.1466e-01	1.7802e-02	2.4436e-02	3.6116e-01	6.1385e-01	2.0500e-04	3.5267e-04	1.1755e-36	1.6762e-23	0.00e+00	0.00e+00	4.7538e+01
4.32742e+18	1.1799e+04	3.454e-18	5.9948e+02	6.1619e+02	8.6733e-14	6.0402e-02	9.3960e-01	1.2598e-02	9.8670e-01	7.0343e-04	1.7184e-16	5.2504e-05	1.8262e-01	8.0210e-01	1.4933e-02	3.0630e-02	4.0352e-01	5.6535e-01	1.8219e-04	3.1677e-04	1.1755e-36	2.5798e-23	0.00e+00	0.00e+00	4.9813e+01
4.33614e+18	1.1722e+04	3.462e-18	5.9948e+02	6.1086e+02	1.1372e-13	6.8352e-02	9.3165e-01	1.4176e-02	9.8514e-01	6.8698e-04	2.7580e-16	5.7620e-05	2.0136e-01	7.8612e-01	1.2205e-02	3.9506e-02	4.5387e-01	5.0619e-01	1.5813e-04	2.7525e-04	1.1755e-36	4.2285e-23	0.00e+00	0.00e+00	5.1750e+01
4.34230e+18	1.1660e+04	3.455e-18	5.9948e+02	6.0636e+02	1.3999e-13	7.5111e-02	9.2489e-01	1.5577e-02	9.8375e-01	6.7586e-04	3.9345e-16	6.1901e-05	2.1727e-01	7.7203e-01	1.0410e-02	4.7634e-02	4.9269e-01	4.5929e-01	1.4165e-04	2.4372e-04	1.1755e-36	6.1185e-23	0.00e+00	0.00e+00	5.3119e+01
4.34679e+18	1.1604e+04	3.442e-18	5.9948e+02	6.0310e+02	1.6346e-13	8.0479e-02	9.1952e-01	1.6749e-02	9.8258e-01	6.6809e-04	5.0916e-16	6.5354e-05	2.3010e-01	7.6042e-01	9.2065e-03	5.4390e-02	5.2072e-01	4.2454e-01	1.3052e-04	2.2095e-04	1.1755e-36	7.9834e-23	0.00e+00	0.00e+00	5.4393e+01
4.35160e+18	1.1534e+04	3.428e-18	5.9948e+02	5.9953e+02	1.9417e-13	8.6794e-02	9.1321e-01	1.8127e-02	9.8121e-01	6.5983e-04	6.7059e-16	6.9274e-05	2.4467e-01	7.4705e-01	8.0075e-03	6.2515e-02	5.4980e-01	3.8737e-01	1.1923e-04	1.9712e-04	1.1755e-36	1.0621e-22	0.00e+00	0.00e+00	5.6179e+01
4.35785e+18	1.1453e+04	3.408e-18	5.9948e+02	5.9357e+02	2.4660e-13	9.6576e-02	9.0342e-01	2.0172e-02	9.7918e-01	6.5046e-04	9.7406e-16	7.4689e-05	2.6545e-01	7.2774e-01	6.5686e-03	7.5367e-02	5.8744e-01	3.3692e-01	1.0475e-04	1.6593e-04	1.1755e-36	1.5732e-22	0.00e+00	0.00e+00	5.8762e+01
4.36421e+18	1.1367e+04	3.387e-18	5.9948e+02	5.8507e+02	3.2817e-13	1.0984e-01	8.9016e-01	2.2811e-02	9.7655e-01	6.4203e-04	1.4918e-15	8.0935e-05	2.9070e-01	7.0386e-01	5.2088e-03	9.3030e-02	6.2609e-01	2.8065e-01	8.9456e-05	1.3263e-04	1.1755e-36	2.4818e-22	0.00e+00	0.00e+00	6.1107e+01
4.36890e+18	1.1284e+04	3.364e-18	5.9948e+02	5.7921e+02	4.1620e-13	1.2208e-01	8.7792e-01	2.5358e-02	9.7401e-01	6.3468e-04	2.1020e-15	8.6674e-05	3.1351e-01	6.8199e-01	4.2858e-03	1.0948e-01	6.5219e-01	2.3814e-01	7.8444e-05	1.0833e-04	1.1755e-36	3.5866e-22	0.00e+00	0.00e+00	6.2832e+01
4.37231e+18	1.1226e+04	3.317e-18	5.9948e+02	5.7170e+02	4.8963e-13	1.3110e-01	8.6890e-01	2.7366e-02	9.7200e-01	6.3383e-04	2.6358e-15	9.0443e-05	3.3055e-01	6.6553e-01	3.7136e-03	1.2187e-01	6.6788e-01	2.1009e-01	7.1668e-05	9.3298e-05	1.1755e-36	4.5389e-22	0.00e+00	0.00e+00	6.4368e+01
4.37587e+18	1.1157e+04	3.273e-18	5.9948e+02	5.6555e+02	5.8454e-13	1.4162e-01	8.5838e-01	2.9743e-02	9.6963e-01	6.3160e-04	3.3575e-15	9.4929e-05	3.4977e-01	6.4686e-01	3.1623e-03	1.3612e-01	6.8103e-01	1.8270e-01	6.4945e-05	7.8774e-05	1.1755e-36	5.8636e-22	0.00e+00	0.00e+00	6.6524e+01
4.38050e+18	1.1065e+04	3.210e-18	5.9948e+02	5.5507e+02	7.4884e-13	1.5778e-01	8.4222e-01	3.3251e-02	9.6612e-01	6.3129e-04	4.6393e-15	1.0067e-04	3.7643e-01	6.2086e-01	2.5228e-03	1.5770e-01	6.9328e-01	1.4891e-01	5.6494e-05	6.1546e-05	1.1755e-36	8.2903e-22	0.00e+00	0.00e+00	6.9648e+01
4.38531e+18	1.0962e+04	3.135e-18	5.9948e+02	5.4167e+02	1.0078e-12	1.7978e-01	8.2022e-01	3.7888e-02	9.6148e-01	6.3435e-04	6.7384e-15	1.0712e-04	4.0875e-01	5.8913e-01	1.9302e-03	1.8639e-01	6.9871e-01	1.1481e-01	4.7609e-05	4.4930e-05	1.1755e-36	1.2458e-21	0.00e+00	0.00e+00	7.2647e+01
4.38903e+18	1.0861e+04	3.059e-18	5.9948e+02	5.3055e+02	1.2957e-12	2.0035e-01	7.9965e-01	4.2528e-02	9.5683e-01	6.3820e-04	9.1391e-15	1.1281e-04	4.3813e-01	5.6016e-01	1.5320e-03	2.1271e-01	6.9623e-01	9.0976e-02	4.1178e-05	3.3895e-05	1.1755e-36	1.7353e-21	0.00e+00	0.00e+00	7.4934e+01
4.39180e+18	1.0790e+04	2.972e-18	5.9948e+02	5.1970e+02	1.5467e-12	2.1597e-01	7.8403e-01	4.6399e-02	9.5296e-01	6.4480e-04	1.1251e-14	1.1662e-04	4.6074e-01	5.3780e-01	1.2846e-03	2.3254e-01	6.9136e-01	7.6034e-02	3.7147e-05	2.7391e-05	1.1755e-36	2.1616e-21	0.00e+00	0.00e+00	7.7003e+01
4.39471e+18	1.0707e+04	2.878e-18	5.9948e+02	5.0884e+02	1.8674e-12	2.3377e-01	7.6623e-01	5.0974e-02	9.4838e-01	6.5143e-04	1.3970e-14	1.2072e-04	4.8550e-01	5.1328e-01	1.0564e-03	2.5469e-01	6.8276e-01	6.2494e-02	3.3258e-05	2.1676e-05	1.1755e-36	2.7202e-21	0.00e+00	0.00e+00	7.9913e+01
4.39849e+18	1.0592e+04	2.748e-18	5.9948e+02	4.9181e+02	2.4309e-12	2.6100e-01	7.3900e-01	5.7792e-02	9.4154e-01	6.6455e-04	1.8640e-14	1.2533e-04	5.1901e-01	4.8002e-01	8.0371e-04	2.8770e-01	6.6510e-01	4.7152e-02	2.8409e-05	1.5490e-05	1.1755e-36	3.7091e-21	0.00e+00	0.00e+00	8.4137e+01
4.40227e+18	1.0471e+04	2.594e-18	5.9948e+02	4.7087e+02	3.2585e-12	2.9518e-01	7.0482e-01	6.6397e-02	9.3292e-01	6.8477e-04	2.5397e-14	1.2923e-04	5.5621e-01	4.4303e-01	5.9381e-04	3.2791e-01	6.3821e-01	3.3841e-02	2.3668e-05	1.0430e-05	1.1755e-36	5.1892e-21	0.00e+00	0.00e+00	8.7797e+01
4.40504e+18	1.0357e+04	2.460e-18	5.9948e+02	4.5514e+02	4.0768e-12	3.2321e-01	6.7679e-01	7.4519e-02	9.2478e-01	7.0134e-04	3.1902e-14	1.3226e-04	5.8684e-01	4.1253e-01	4.6662e-04	3.6014e-01	6.1391e-01	2.5922e-02	2.0570e-05	7.6014e-06	1.1755e-36	6.6158e-21	0.00e+00	0.00e+00	9.0574e+01
4.40715e+18	1.0280e+04	2.337e-18	5.9948e+02	4.4095e+02	4.7636e-12	3.4379e-01	6.5621e-01	8.1224e-02	9.1806e-01	7.1743e-04	3.7121e-14	1.3364e-04	6.0963e-01	3.8982e-01	3.8862e-04	3.8349e-01	5.9532e-01	2.1159e-02	1.8629e-05	6.0016e-06	1.1755e-36	7.7086e-21	0.00e+00	0.00e+00	9.3101e+01
4.40932e+18	1.0187e+04	2.212e-18	5.9948e+02	4.2694e+02	5.6253e-12	3.6679e-01	6.3321e-01	8.9095e-02	9.1017e-01	7.3486e-04	4.3467e-14	1.3499e-04	6.3374e-01	3.6579e-01	3.1854e-04	4.0911e-01	5.7387e-01	1.7008e-02	1.6736e-05	4.6505e-06	1.1755e-36	9.0557e-21	0.00e+00	0.00e+00	9.6453e+01
4.41200e+18	1.0069e+04	2.052e-18	5.9948e+02	4.0704e+02	6.9758e-12	3.9868e-01	6.0132e-01	9.9845e-02	8.9939e-01	7.6197e-04	5.2780e-14	1.3532e-04	6.6308e-01	3.3652e-01	2.4690e-04	4.4388e-01	5.4337e-01	1.2725e-02	1.4497e-05	3.3167e-06	1.1755e-36	1.1037e-20	0.00e+00	0.00e+00	1.0090e+02
4.41468e+18	9.9485e+03	1.882e-18	5.9948e+02	3.8473e+02	8.7366e-12	4.3500e-01	5.6500e-01	1.1260e-01	8.8660e-01	7.9750e-04	6.4202e-14	1.3437e-04	6.9314e-01	3.0652e-01	1.8928e-04	4.8258e-01	5.0818e-01	9.2306e-03	1.2370e-05	2.2850e-06	1.1755e-36	1.3447e-20	0.00e+00	0.00e+00	1.0486e+02
4.41671e+18	9.8332e+03	1.746e-18	5.9948e+02	3.6791e+02	1.0404e-11	4.6374e-01	5.3626e-01	1.2445e-01	8.7473e-01	8.2493e-04	7.4128e-14	1.3348e-04	7.1711e-01	2.8259e-01	1.5375e-04	5.1265e-01	4.8019e-01	7.1405e-03	1.0939e-05	1.7002e-06	1.1755e-36	1.5455e-20	0.00e+00	0.00e+00	1.0778e+02
4.41827e+18	9.7545e+03	1.635e-18	5.9948e+02	3.5440e+02	1.1719e-11	4.8388e-01	5.1612e-01	1.3426e-01	8.6489e-01	8.4932e-04	8.1366e-14	1.3224e-04	7.3475e-01	2.6497e-01	1.3164e-04	5.3348e-01	4.6062e-01	5.8875e-03	1.0042e-05	1.3665e-06	1.1755e-36	1.6753e-20	0.00e+00	0.00e+00	1.1044e+02
4.41976e+18	9.6665e+03	1.531e-18	5.9948e+02	3.4159e+02	1.3208e-11	5.0424e-01	4.9576e-01	1.4459e-01	8.5454e-01	8.7254e-04	8.8960e-14	1.3082e-04	7.5148e-01	2.4827e-01	1.1324e-04	5.5427e-01	4.4086e-01	4.8640e-03	9.2137e-06	1.1008e-06	1.1755e-36	1.8091e-20	0.00e+00	0.00e+00	1.1335e+02
4.42134e+18	9.5650e+03	1.425e-18	5.9948e+02	3.2761e+02	1.5095e-11	5.2764e-01	4.7236e-01	1.5655e-01	8.4255e-01	8.9904e-04	9.7920e-14	1.2884e-04	7.6888e-01	2.3089e-01	9.6386e-05	5.7784e-01	4.1822e-01	3.9297e-03	8.3475e-06	8.6466e-07	1.1755e-36	1.9651e-20	0.00e+00	0.00e+00	1.1660e+02
4.42261e+18	9.4995e+03	1.337e-18	5.9948e+02	3.1486e+02	1.6712e-11	5.4691e-01	4.5309e-01	1.6643e-01	8.3264e-01	9.2868e-04	1.0513e-13	1.2632e-04	7.8187e-01	2.1791e-01	8.5224e-05	5.9702e-01	3.9968e-01	3.2895e-03	7.6923e-06	7.0791e-07	1.1755e-36	2.0778e-20	0.00e+00	0.00e+00	1.1848e+02
4.42336e+18	9.4455e+03	1.286e-18	5.9948e+02	3.0868e+02	1.7704e-11	5.5643e-01	4.4357e-01	1.7345e-01	8.2561e-01	9.3994e-04	1.0906e-13	1.2543e-04	7.9018e-01	2.0960e-01	7.9350e-05	6.0647e-01	3.9054e-01	2.9802e-03	7.3872e-06	6.3454e-07	1.1755e-36	2.1290e-20	0.00e+00	0.00e+00	1.1976e+02
4.42407e+18	9.3919e+03	1.238e-18	5.9948e+02	3.0308e+02	1.8689e-11	5.6516e-01	4.3484e-01	1.8032e-01	8.1874e-01	9.4933e-04	1.1274e-13	1.2462e-04	7.9789e-01	2.0191e-01	7.4164e-05	6.1510e-01	3.8218e-01	2.7179e-03	7.1173e-06	5.7315e-07	1.1755e-36	2.1746e-20	0.00e+00	0.00e+00	1.2146e+02
4.42498e+18	9.3241e+03	1.178e-18	5.9948e+02	2.9482e+02	2.0158e-11	5.7827e-01	4.2173e-01	1.8917e-01	8.0986e-01	9.6651e-04	1.1805e-13	1.2297e-04	8.0731e-01	1.9250e-01	6.7917e-05	6.2793e-01	3.6967e-01	2.3910e-03	6.7287e-06	4.9709e-07	1.1755e-36	2.2428e-20	0.00e+00	0.00e+00	1.2371e+02
4.42599e+18	9.2514e+03	1.113e-18	5.9948e+02	2.8515e+02	2.2018e-11	5.9468e-01	4.0532e-01	1.9926e-01	7.9975e-01	9.8960e-04	1.2468e-13	1.2073e-04	8.1726e-01	1.8255e-01	6.1688e-05	6.4385e-01	3.5409e-01	2.0552e-03	6.2680e-06	4.1975e-07	1.1755e-36	2.3329e-20	0.00e+00	0.00e+00	1.2594e+02
4.42686e+18	9.2059e+03	1.057e-18	5.9948e+02	2.7616e+02	2.3495e-11	6.0755e-01	3.9245e-01	2.0786e-01	7.9113e-01	1.0149e-03	1.2960e-13	1.1831e-04	8.2514e-01	1.7467e-01	5.7124e-05	6.5625e-01	3.4194e-01	1.8089e-03	5.9241e-06	3.6452e-07	1.1755e-36	2.3791e-20	0.00e+00	0.00e+00	1.2767e+02
4.42760e+18	9.1381e+03	1.011e-18	5.9948e+02	2.6965e+02	2.5071e-11	6.1827e-01	3.8173e-01	2.1651e-01	7.8246e-01	1.0290e-03	1.3410e-13	1.1682e-04	8.3239e-01	1.6743e-01	5.3502e-05	6.6654e-01	3.3183e-01	1.6249e-03	5.6514e-06	3.2392e-07	1.1755e-36	2.4229e-20	0.00e+00	0.00e+00	1.2936e+02
4.42836e+18	9.0822e+03	9.630e-19	5.9948e+02	2.6240e+02	2.6644e-11	6.2908e-01	3.7092e-01	2.2543e-01	7.7352e-01	1.0470e-03	1.3848e-13	1.1494e-04	8.3948e-01	1.6035e-01	5.0092e-05	6.7685e-01	3.2169e-01	1.4520e-03	5.3856e-06	2.8633e-07	1.1755e-36	2.4545e-20	0.00e+00	0.00e+00	1.3131e+02
4.42923e+18	9.0137e+03	9.108e-19	5.9948e+02	2.5400e+02	2.8666e-11	6.4218e-01	3.5782e-01	2.3576e-01	7.6317e-01	1.0695e-03	1.4376e-13	1.1259e-04	8.4715e-01	1.5268e-01	4.6590e-05	6.8926e-01	3.0946e-01	1.2735e-03	5.0768e-06	2.4795e-07	1.1755e-36	2.4921e-20	0.00e+00	0.00e+00	1.3351e+02
4.43009e+18	8.9389e+03	8.606e-19	5.9948e+02	2.4561e+02	3.0979e-11	6.5610e-01	3.4390e-01	2.4668e-01	7.5223e-01	1.0929e-03	1.4945e-13	1.1013e-04	8.5462e-01	1.4522e-01	4.3424e-05	7.0236e-01	2.9653e-01	1.1122e-03	4.7637e-06	2.1364e-07	1.1755e-36	2.5334e-20	0.00e+00	0.00e+00	1.3556e+02
4.43085e+18	8.8877e+03	8.166e-19	5.9948e+02	2.3810e+02	3.2824e-11	6.6689e-01	3.3311e-01	2.5626e-01	7.4263e-01	1.1165e-03	1.5364e-13	1.0777e-04	8.6073e-01	1.3912e-01	4.1032e-05	7.1245e-01	2.8656e-01	9.9190e-04	4.5302e-06	1.8861e-07	1.1755e-36	2.5416e-20	0.00e+00	0.00e+00	1.3732e+02
4.43157e+18	8.8114e+03	7.773e-19	5.9948e+02	2.3177e+02	3.5079e-11	6.7725e-01	3.2275e-01	2.6674e-01	7.3213e-01	1.1314e-03	1.5803e-13	1.0595e-04	8.6686e-01	1.3299e-01	3.8903e-05	7.2211e-01	2.7700e-01	8.8976e-04	4.3147e-06	1.6761e-07	1.1755e-36	2.5566e-20	0.00e+00	0.00e+00	1.3922e+02
4.43234e+18	8.7431e+03	7.351e-19	5.9948e+02	2.2444e+02	3.7463e-11	6.8834e-01	3.1166e-01	2.7775e-01	7.2110e-01	1.1528e-03	1.6247e-13	1.0360e-04	8.7294e-01	1.2692e-01	3.6848e-05	7.3238e-01	2.6682e-01	7.9049e-04	4.0912e-06	1.4744e-07	1.1755e-36	2.5578e-20	0.00e+00	0.00e+00	1.4131e+02
4.43315e+18	8.6730e+03	6.925e-19	5.9948e+02	2.1660e+02	4.0136e-11	7.0021e-01	2.9979e-01	2.8936e-01	7.0947e-01	1.1775e-03	1.6716e-13	1.0096e-04	8.7892e-01	1.2094e-01	3.4918e-05	7.4331e-01	2.5599e-01	6.9748e-04	3.8606e-06	1.2874e-07	1.1755e-36	2.5527e-20	0.00e+00	0.00e+00	1.4345e+02
4.43392e+18	8.5973e+03	6.535e-19	5.9948e+02	2.0934e+02	4.3030e-11	7.1157e-01	2.8843e-01	3.0120e-01	6.9760e-01	1.2000e-03	1.7173e-13	9.8480e-05	8.8453e-01	1.1533e-01	3.3254e-05	7.5372e-01	2.4566e-01	6.1870e-04	3.6481e-06	1.1755e-36	1.1755e-36	2.5436e-20	0.00e+00	0.00e+00	1.4545e+02
4.43464e+18	8.5315e+03	6.183e-19	5.9948e+02	2.0266e+02	4.5716e-11	7.2126e-01	2.7874e-01	3.1248e-01	6.8629e-01	1.2214e-03	1.7553e-13	9.6148e-05	8.8950e-01	1.1037e-01	3.1888e-05	7.6257e-01	2.3688e-01	5.5532e-04	3.4723e-06	1.1755e-36	1.1755e-36	2.5197e-20	0.00e+00	0.00e+00	1.4735e+02
4.43537e+18	8.4521e+03	5.842e-19	5.9948e+02	1.9621e+02	4.8886e-11	7.3102e-01	2.6898e-01	3.2469e-01	6.7407e-01	1.2400e-03	1.7947e-13	9.3888e-05	8.9448e-01	1.0539e-01	3.0626e-05	7.7143e-01	2.2807e-01	4.9827e-04	3.3010e-06	1.1755e-36	1.1755e-36	2.4936e-20	0.00e+00	0.00e+00	1.4942e+02
4.43613e+18	8.3674e+03	5.495e-19	5.9948e+02	1.8938e+02	5.2569e-11	7.4179e-01	2.5821e-01	3.3793e-01	6.6081e-01	1.2605e-03	1.8388e-13	9.1414e-05	8.9950e-01	1.0038e-01	2.9404e-05	7.8117e-01	2.1839e-01	4.4348e-04	3.1175e-06	1.1755e-36	1.1755e-36	2.4658e-20	0.00e+00	0.00e+00	1.5161e+02
4.43688e+18	8.2873e+03	5.167e-19	5.9948e+02	1.8246e+02	5.6363e-11	7.5205e-01	2.4795e-01	3.5084e-01	6.4788e-01	1.2845e-03	1.8790e-13	8.8797e-05	9.0404e-01	9.5843e-02	2.8343e-05	7.9039e-01	2.0921e-01	3.9634e-04	2.9480e-06	1.1755e-36	1.1755e-36	2.4233e-20	0.00e+00	0.00e+00	1.5367e+02
4.43758e+18	8.2127e+03	4.872e-19	5.9948e+02	1.7625e+02	6.0060e-11	7.6095e-01	2.3905e-01	3.6341e-01	6.3528e-01	1.3049e-03	1.9140e-13	8.6431e-05	9.0813e-01	9.1751e-02	2.7462e-05	7.9836e-01	2.0128e-01	3.5812e-04	2.8051e-06	1.1755e-36	1.1755e-36	2.3755e-20	0.00e+00	0.00e+00	1.5564e+02
4.43829e+18	8.1232e+03	4.590e-19	5.9948e+02	1.7025e+02	6.4509e-11	7.6983e-01	2.3017e-01	3.7692e-01	6.2176e-01	1.3219e-03	1.9501e-13	8.4137e-05	9.1220e-01	8.7690e-02	2.6654e-05	8.0629e-01	1.9338e-01	3.2399e-04	2.6664e-06	1.1755e-36	1.1755e-36	2.3254e-20	0.00e+00	0.00e+00	1.5775e+02
4.43903e+18	8.0324e+03	4.305e-19	5.9948e+02	1.6388e+02	6.9489e-11	7.7928e-01	2.2072e-01	3.9111e-01	6.0755e-01	1.3421e-03	1.9885e-13	8.1624e-05	9.1617e-01	8.3719e-02	2.5882e-05	8.1469e-01	1.8502e-01	2.9184e-04	2.5226e-06	1.1755e-36	1.1755e-36	2.2684e-20	0.00e+00	0.00e+00	1.5996e+02
4.43976e+18	7.9410e+03	4.036e-19	5.9948e+02	1.5763e+02	7.4889e-11	7.8852e-01	2.1148e-01	4.0534e-01	5.9329e-01	1.3628e-03	2.0262e-13	7.9099e-05	9.1985e-01	8.0040e-02	2.5197e-05	8.2285e-01	1.7688e-01	2.6382e-04	2.3857e-06	1.1755e-36	1.1755e-36	2.2068e-20	0.00e+00	0.00e+00	1.6209e+02
4.44045e+18	7.8495e+03	3.796e-19	5.9948e+02	1.5197e+02	8.0567e-11	7.9676e-01	2.0324e-01	4.1938e-01	5.7924e-01	1.3792e-03	2.0607e-13	7.6800e-05	9.2320e-01	7.6697e-02	2.4621e-05	8.3012e-01	1.6964e-01	2.4085e-04	2.2666e-06	1.1755e-36	1.1755e-36	2.1447e-20	0.00e+00	0.00e+00	1.6412e+02
4.44113e+18	7.7621e+03	3.569e-19	5.9948e+02	1.4657e+02	8.6414e-11	8.0437e-01	1.9563e-01	4.3355e-01	5.6506e-01	1.3939e-03	2.0930e-13	7.4572e-05	9.2633e-01	7.3570e-02	2.4114e-05	8.3680e-01	1.6297e-01	2.2105e-04	2.1589e-06	1.1755e-36	1.1755e-36	2.0797e-20	0.00e+00	0.00e+00	1.6620e+02
4.44184e+18	7.6540e+03	3.343e-19	5.9948e+02	1.4099e+02	9.4041e-11	8.1270e-01	1.8730e-01	4.4901e-01	5.4958e-01	1.4063e-03	2.1299e-13	7.2266e-05	9.2950e-01	7.0399e-02	2.3622e-05	8.4409e-01	1.5570e-01	2.0237e-04	2.0440e-06	1.1755e-36	1.1755e-36	2.0124e-20	0.00e+00	0.00e+00	1.6847e+02
4.44256e+18	7.5497e+03	3.125e-19	5.9948e+02	1.3522e+02	1.0225e-10	8.2094e-01	1.7906e-01	4.6423e-01	5.3435e-01	1.4239e-03	2.1665e-13	6.9792e-05	9.3238e-01	6.7528e-02	2.3178e-05	8.5128e-01	1.4853e-01	1.8578e-04	1.9326e-06	1.1755e-36	1.1755e-36	1.9369e-20	0.00e+00	0.00e+00	1.7066e+02
4.44324e+18	7.4451e+03	2.933e-19	5.9948e+02	1.3012e+02	1.1109e-10	8.2830e-01	1.7170e-01	4.7924e-01	5.1932e-01	1.4348e-03	2.2009e-13	6.7604e-05	9.3499e-01	6.4923e-02	2.2805e-05	8.5768e-01	1.4215e-01	1.7228e-04	1.8353e-06	1.1755e-36	1.1755e-36	1.8676e-20	0.00e+00	0.00e+00	1.7272e+02
4.44390e+18	7.3354e+03	2.755e-19	5.9948e+02	1.2530e+02	1.2108e-10	8.3499e-01	1.6501e-01	4.9428e-01	5.0427e-01	1.4422e-03	2.2332e-13	6.5530e-05	9.3740e-01	6.2510e-02	2.2487e-05	8.6348e-01	1.3636e-01	1.6094e-04	1.7487e-06	1.1755e-36	1.1755e-36	1.7974e-20	0.00e+00	0.00e+00	1.7481e+02
4.44457e+18	7.2208e+03	2.582e-19	5.9948e+02	1.2045e+02	1.3265e-10	8.4185e-01	1.5815e-01	5.0989e-01	4.8866e-01	1.4486e-03	2.2680e-13	6.3409e-05	9.3972e-01	6.0193e-02	2.2188e-05	8.6940e-01	1.3044e-01	1.5058e-04	1.6615e-06	1.1755e-36	1.1755e-36	1.7268e-20	0.00e+00	0.00e+00	1.7700e+02
4.44526e+18	7.0955e+03	2.415e-19	5.9948e+02	1.1544e+02	1.4670e-10	8.4872e-01	1.5128e-01	5.2555e-01	4.7299e-01	1.4569e-03	2.3040e-13	6.1185e-05	9.4186e-01	5.8056e-02	2.1916e-05	8.7533e-01	1.2453e-01	1.4138e-04	1.5757e-06	1.1755e-36	1.1755e-36	1.6511e-20	0.00e+00	0.00e+00	1.7920e+02
4.44592e+18	6.9780e+03	2.265e-19	5.9948e+02	1.1089e+02	1.6150e-10	8.5502e-01	1.4498e-01	5.4070e-01	4.5784e-01	1.4620e-03	2.3394e-13	5.9138e-05	9.4375e-01	5.6163e-02	2.1684e-05	8.8074e-01	1.1912e-01	1.3372e-04	1.4983e-06	1.1755e-36	1.1755e-36	1.5830e-20	0.00e+00	0.00e+00	1.8123e+02
4.44654e+18	6.8587e+03	2.132e-19	5.9948e+02	1.0682e+02	1.7809e-10	8.6057e-01	1.3943e-01	5.5561e-01	4.4293e-01	1.4606e-03	2.3729e-13	5.7311e-05	9.4548e-01	5.4440e-02	2.1492e-05	8.8551e-01	1.1436e-01	1.2750e-04	1.4313e-06	1.1755e-36	1.1755e-36	1.5214e-20	0.00e+00	0.00e+00	1.8324e+02
4.44717e+18	6.7350e+03	2.003e-19	5.9948e+02	1.0270e+02	1.9745e-10	8.6597e-01	1.3403e-01	5.7069e-01	4.2785e-01	1.4592e-03	2.4075e-13	5.5432e-05	9.4709e-01	5.2834e-02	2.1320e-05	8.9013e-01	1.0975e-01	1.2199e-04	1.3670e-06	1.1755e-36	1.1755e-36	1.4587e-20	0.00e+00	0.00e+00	1.8535e+02
4.44781e+18	6.6143e+03	1.878e-19	5.9948e+02	9.8555e+01	2.1899e-10	8.7147e-01	1.2853e-01	5.8576e-01	4.1278e-01	1.4594e-03	2.4457e-13	5.3503e-05	9.4856e-01	5.1368e-02	2.1156e-05	8.9483e-01	1.0505e-01	1.1696e-04	1.3023e-06	1.1755e-36	1.1755e-36	1.3980e-20	0.00e+00	0.00e+00	1.8747e+02
4.44844e+18	6.4859e+03	1.765e-19	5.9948e+02	9.4714e+01	2.4474e-10	8.7678e-01	1.2322e-01	6.0073e-01	3.9782e-01	1.4540e-03	2.4853e-13	5.1723e-05	9.4989e-01	5.0034e-02	2.1015e-05	8.9934e-01	1.0054e-01	1.1273e-04	1.2409e-06	1.1755e-36	1.1755e-36	1.3454e-20	0.00e+00	0.00e+00	1.8950e+02
4.44905e+18	6.3507e+03	1.661e-19	5.9948e+02	9.1064e+01	2.7556e-10	8.8154e-01	1.1846e-01	6.1535e-01	3.8320e-01	1.4456e-03	2.5242e-13	5.0025e-05	9.5108e-01	4.8848e-02	2.0902e-05	9.0339e-01	9.6495e-02	1.0934e-04	1.1866e-06	1.1755e-36	1.1755e-36	1.2967e-20	0.00e+00	0.00e+00	1.9151e+02
4.44965e+18	6.2248e+03	1.564e-19	5.9948e+02	8.7643e+01	3.0854e-10	8.8609e-01	1.1391e-01	6.2983e-01	3.6873e-01	1.4347e-03	2.5651e-13	4.8415e-05	9.5216e-01	4.7770e-02	2.0799e-05	9.0726e-01	9.2636e-02	1.0635e-04	1.1351e-06	1.1755e-36	1.1755e-36	1.2550e-20	0.00e+00	0.00e+00	1.9353e+02
4.45026e+18	6.0883e+03	1.472e-19	5.9948e+02	8.4213e+01	3.4948e-10	8.9057e-01	1.0943e-01	6.4441e-01	3.5417e-01	1.4220e-03	2.6094e-13	4.6791e-05	9.5314e-01	4.6792e-02	2.0711e-05	9.1106e-01	8.8839e-02	1.0380e-04	1.0851e-06	1.1755e-36	1.1755e-36	1.2176e-20	0.00e+00	0.00e+00	1.9560e+02
4.45087e+18	5.9506e+03	1.385e-19	5.9948e+02	8.0855e+01	3.9724e-10	8.9495e-01	1.0505e-01	6.5876e-01	3.3983e-01	1.4085e-03	2.6572e-13	4.5186e-05	9.5399e-01	4.5940e-02	2.0633e-05	9.1476e-01	8.5138e-02	1.0162e-04	1.0367e-06	1.1755e-36	1.1755e-36	1.1861e-20	0.00e+00	0.00e+00	1.9765e+02
4.45146e+18	5.8132e+03	1.305e-19	5.9948e+02	7.7733e+01	4.5212e-10	8.9896e-01	1.0104e-01	6.7270e-01	3.2591e-01	1.3918e-03	2.7065e-13	4.3689e-05	9.5473e-01	4.5208e-02	2.0572e-05	9.1815e-01	8.1745e-02	9.9893e-05	9.9277e-07	1.1755e-36	1.1755e-36	1.1636e-20	0.00e+00	0.00e+00	1.9964e+02
4.45204e+18	5.6743e+03	1.232e-19	5.9948e+02	7.4807e+01	5.1611e-10	9.0267e-01	9.7326e-02	6.8639e-01	3.1224e-01	1.3714e-03	2.7580e-13	4.2286e-05	9.5537e-01	4.4569e-02	2.0525e-05	9.2129e-01	7.8611e-02	9.8537e-05	9.5261e-07	1.1755e-36	1.1755e-36	1.1504e-20	0.00e+00	0.00e+00	2.0162e+02
4.45263e+18	5.5315e+03	1.163e-19	5.9948e+02	7.1936e+01	5.9197e-10	9.0630e-01	9.3700e-02	7.0003e-01	2.9862e-01	1.3488e-03	2.8146e-13	4.0904e-05	9.5592e-01	4.4018e-02	2.0488e-05	9.2435e-01	7.5552e-02	9.7438e-05	9.1372e-07	1.1755e-36	1.1755e-36	1.1466e-20	0.00e+00	0.00e+00	2.0366e+02
4.45323e+18	5.3858e+03	1.097e-19	5.9948e+02	6.9107e+01	6.8093e-10	9.0987e-01	9.0129e-02	7.1350e-01	2.8518e-01	1.3252e-03	2.8773e-13	3.9535e-05	9.5637e-01	4.3570e-02	2.0458e-05	9.2736e-01	7.2544e-02	9.6567e-05	8.7574e-07	1.1755e-36	1.1755e-36	1.1530e-20	0.00e+00	0.00e+00	2.0571e+02
4.45381e+18	5.2398e+03	1.037e-19	5.9948e+02	6.6421e+01	7.8264e-10	9.1324e-01	8.6765e-02	7.2656e-01	2.7214e-01	1.2995e-03	2.9446e-13	3.8234e-05	9.5672e-01	4.3224e-02	2.0439e-05	9.3019e-01	6.9713e-02	9.5951e-05	8.4026e-07	1.1755e-36	1.1755e-36	1.1713e-20	0.00e+00	0.00e+00	2.0772e+02
4.45439e+18	5.0932e+03	9.808e-20	5.9948e+02	6.3906e+01	8.9763e-10	9.1635e-01	8.3654e-02	7.3926e-01	2.5947e-01	1.2708e-03	3.0158e-13	3.7022e-05	9.5698e-01	4.2963e-02	2.0431e-05	9.3281e-01	6.7093e-02	9.5580e-05	8.0772e-07	1.1755e-36	1.1755e-36	1.2027e-20	0.00e+00	0.00e+00	2.0971e+02
4.45497e+18	4.9376e+03	9.283e-20	5.9948e+02	6.1449e+01	1.0300e-09	9.1936e-01	8.0644e-02	7.5183e-01	2.4693e-01	1.2392e-03	3.0867e-13	3.5856e-05	9.5734e-01	4.2604e-02	2.0434e-05	9.3535e-01	6.4556e-02	9.5455e-05	7.7652e-07	1.1755e-36	1.1755e-36	1.2316e-20	0.00e+00	0.00e+00	2.1175e+02
4.45554e+18	4.7909e+03	8.803e-20	5.9948e+02	5.9155e+01	1.1587e-09	9.2219e-01	7.7814e-02	7.6369e-01	2.3510e-01	1.2079e-03	3.1444e-13	3.4776e-05	9.5789e-01	4.2050e-02	2.0439e-05	9.3773e-01	6.2176e-02	9.5445e-05	7.4735e-07	1.1755e-36	1.1755e-36	1.2320e-20	0.00e+00	0.00e+00	2.1369e+02
4.45609e+18	4.6386e+03	8.371e-20	5.9948e+02	5.7019e+01	1.2969e-09	9.2475e-01	7.5247e-02	7.7509e-01	2.2374e-01	1.1735e-03	3.1974e-13	3.3796e-05	9.5843e-01	4.1518e-02	2.0458e-05	9.3989e-01	6.0010e-02	9.5685e-05	7.2113e-07	1.1755e-36	1.1755e-36	1.2294e-20	0.00e+00	0.00e+00	2.1560e+02
4.45662e+18	4.5030e+03	7.992e-20	5.9948e+02	5.5130e+01	1.4174e-09	9.2704e-01	7.2963e-02	7.8543e-01	2.1343e-01	1.1407e-03	3.2427e-13	3.2932e-05	9.5888e-01	4.1067e-02	2.0479e-05	9.4182e-01	5.8085e-02	9.5964e-05	6.9790e-07	1.1755e-36	1.1755e-36	1.2176e-20	0.00e+00	0.00e+00	2.1735e+02
4.45711e+18	4.3600e+03	7.651e-20	5.9948e+02	5.3364e+01	1.5383e-09	9.2909e-01	7.0910e-02	7.9534e-01	2.0356e-01	1.1053e-03	3.2809e-13	3.2160e-05	9.5933e-01	4.0615e-02	2.0513e-05	9.4356e-01	5.6344e-02	9.6466e-05	6.7720e-07	1.1755e-36	1.1755e-36	1.1973e-20	0.00e+00	0.00e+00	2.1909e+02
4.45759e+18	4.2381e+03	7.345e-20	5.9948e+02	5.1788e+01	1.6287e-09	9.3097e-01	6.9030e-02	8.0426e-01	1.9467e-01	1.0735e-03	3.3127e-13	3.1465e-05	9.5970e-01	4.0249e-02	2.0542e-05	9.4514e-01	5.4758e-02	9.6895e-05	6.5829e-07	1.1755e-36	1.1755e-36	1.1666e-20	0.00e+00	0.00e+00	2.2069e+02
4.45805e+18	4.1136e+03	7.060e-20	5.9948e+02	5.0291e+01	1.7075e-09	9.3275e-01	6.7254e-02	8.1300e-01	1.8596e-01	1.0396e-03	3.3391e-13	3.0830e-05	9.6007e-01	3.9873e-02	2.0578e-05	9.4665e-01	5.3254e-02	9.7434e-05	6.4052e-07	1.1755e-36	1.1755e-36	1.1265e-20	0.00e+00	0.00e+00	2.2237e+02
4.45852e+18	3.9900e+03	6.781e-20	5.9948e+02	4.8742e+01	1.7664e-09	9.3462e-01	6.5383e-02	8.2135e-01	1.7764e-01	1.0087e-03	3.3642e-13	3.0169e-05	9.6039e-01	3.9555e-02	2.0615e-05	9.4823e-01	5.1676e-02	9.8001e-05	6.2183e-07	1.1755e-36	1.1755e-36	1.0743e-20	0.00e+00	0.00e+00	2.2403e+02
