#depth	Te	Htot	hden	eden	2H_2/H	HI	HII	HeI	HeII	HeIII	CO/C	C1	C2	C3	C4	O1	O2	O3	O4	O5	O6	H2O/O	AV(point)	AV(extend)	Tau912
1.16573e+13	1.7605e+04	8.462e-15	3.5938e+04	4.2162e+04	1.4593e-19	1.2514e-04	9.9987e-01	1.6886e-06	1.3139e-02	9.8686e-01	1.3196e-30	2.6415e-09	3.6931e-05	1.3512e-02	1.4659e-01	4.3833e-10	9.3454e-06	8.9491e-03	3.3309e-01	4.8483e-01	1.5341e-01	2.0417e-36	0.00e+00	0.00e+00	6.6188e-04
6.99439e+13	1.7579e+04	8.440e-15	3.5938e+04	4.2159e+04	1.5105e-19	1.2491e-04	9.9988e-01	1.6872e-06	1.3137e-02	9.8686e-01	1.3097e-30	2.6111e-09	3.6817e-05	1.3495e-02	1.4710e-01	4.3762e-10	9.3603e-06	8.9932e-03	3.3390e-01	4.8494e-01	1.5267e-01	2.0295e-36	0.00e+00	0.00e+00	3.3045e-03
3.03090e+14	1.7525e+04	8.395e-15	3.5938e+04	4.2158e+04	1.5526e-19	1.2452e-04	9.9988e-01	1.6897e-06	1.3169e-02	9.8683e-01	1.3192e-30	2.5733e-09	3.6985e-05	1.3602e-02	1.4870e-01	4.4157e-10	9.4717e-06	9.1644e-03	3.3640e-01	4.8428e-01	1.5115e-01	2.0285e-36	0.00e+00	0.00e+00	1.3842e-02
1.23568e+15	1.7387e+04	8.290e-15	3.5938e+04	4.2157e+04	1.5697e-19	1.2350e-04	9.9988e-01	1.7132e-06	1.3400e-02	9.8660e-01	1.3840e-30	2.5381e-09	3.8156e-05	1.4167e-02	1.5423e-01	4.5785e-10	9.8900e-06	9.8198e-03	3.4517e-01	4.8094e-01	1.4629e-01	2.0423e-36	0.00e+00	0.00e+00	5.5646e-02
2.95163e+15	1.7037e+04	7.949e-15	3.5938e+04	4.2157e+04	1.4750e-19	1.1736e-04	9.9988e-01	1.6574e-06	1.3163e-02	9.8684e-01	1.2316e-30	2.2449e-09	3.8128e-05	1.4572e-02	1.6255e-01	4.4973e-10	1.0127e-05	1.0736e-02	3.5825e-01	4.7533e-01	1.3939e-01	1.6955e-36	0.00e+00	0.00e+00	1.0729e-01
5.18238e+15	1.6722e+04	7.673e-15	3.5938e+04	4.2156e+04	1.3682e-19	1.1217e-04	9.9989e-01	1.6437e-06	1.3273e-02	9.8673e-01	1.1508e-30	2.0993e-09	3.9198e-05	1.5390e-02	1.7280e-01	4.5729e-10	1.0675e-05	1.2004e-02	3.7485e-01	4.6792e-01	1.3059e-01	1.4196e-36	0.00e+00	0.00e+00	1.7146e-01
8.08235e+15	1.6418e+04	7.438e-15	3.5938e+04	4.2153e+04	1.2743e-19	1.0741e-04	9.9989e-01	1.6778e-06	1.3820e-02	9.8618e-01	1.1500e-30	2.0645e-09	4.1704e-05	1.6840e-02	1.8671e-01	4.8353e-10	1.1682e-05	1.3938e-02	3.9700e-01	4.5703e-01	1.1931e-01	1.2324e-36	0.00e+00	0.00e+00	2.5134e-01
1.10992e+16	1.6140e+04	7.229e-15	3.5938e+04	4.2150e+04	1.1443e-19	1.0165e-04	9.9990e-01	1.7069e-06	1.4504e-02	9.8549e-01	1.0636e-30	2.0244e-09	4.4045e-05	1.8455e-02	2.0124e-01	4.9728e-10	1.2588e-05	1.6148e-02	4.1898e-01	4.4499e-01	1.0879e-01	1.1755e-36	0.00e+00	0.00e+00	3.1488e-01
1.36539e+16	1.5957e+04	7.123e-15	3.5938e+04	4.2147e+04	1.0639e-19	9.8088e-05	9.9990e-01	1.7845e-06	1.5493e-02	9.8451e-01	1.0803e-30	2.0844e-09	4.7223e-05	2.0285e-02	2.1482e-01	5.2889e-10	1.3797e-05	1.8524e-02	4.3875e-01	4.3301e-01	9.9900e-02	1.1755e-36	0.00e+00	0.00e+00	3.6726e-01
1.59552e+16	1.5834e+04	7.066e-15	3.5938e+04	4.2141e+04	1.0048e-19	9.5819e-05	9.9990e-01	1.9039e-06	1.6778e-02	9.8322e-01	1.1675e-30	2.2166e-09	5.1370e-05	2.2432e-02	2.2873e-01	5.7935e-10	1.5400e-05	2.1270e-02	4.5798e-01	4.2029e-01	9.1719e-02	1.1755e-36	0.00e+00	0.00e+00	4.1615e-01
1.81711e+16	1.5723e+04	7.042e-15	3.5938e+04	4.2136e+04	9.6218e-20	9.4157e-05	9.9991e-01	2.0678e-06	1.8430e-02	9.8157e-01	1.3226e-30	2.4081e-09	5.6553e-05	2.5008e-02	2.4399e-01	6.4868e-10	1.7476e-05	2.4630e-02	4.7768e-01	4.0609e-01	8.3826e-02	1.1755e-36	0.00e+00	0.00e+00	4.6277e-01
2.02626e+16	1.5632e+04	7.041e-15	3.5938e+04	4.2129e+04	9.3190e-20	9.2771e-05	9.9991e-01	2.2750e-06	2.0457e-02	9.7954e-01	1.5537e-30	2.6445e-09	6.2664e-05	2.7978e-02	2.6026e-01	7.3653e-10	2.0053e-05	2.8654e-02	4.9708e-01	3.9089e-01	7.6460e-02	1.1755e-36	0.00e+00	0.00e+00	5.0487e-01
2.21558e+16	1.5559e+04	7.060e-15	3.5938e+04	4.2121e+04	9.0468e-20	9.1725e-05	9.9991e-01	2.5261e-06	2.2854e-02	9.7714e-01	1.8539e-30	2.9246e-09	6.9597e-05	3.1270e-02	2.7704e-01	8.4456e-10	2.3156e-05	3.3324e-02	5.1542e-01	3.7527e-01	6.9803e-02	1.1755e-36	0.00e+00	0.00e+00	5.4204e-01
2.38540e+16	1.5499e+04	7.097e-15	3.5938e+04	4.2111e+04	8.8384e-20	9.1003e-05	9.9991e-01	2.8249e-06	2.5649e-02	9.7435e-01	2.2484e-30	3.2461e-09	7.7321e-05	3.4863e-02	2.9428e-01	9.7542e-10	2.6844e-05	3.8702e-02	5.3254e-01	3.5942e-01	6.3792e-02	1.1755e-36	0.00e+00	0.00e+00	5.7529e-01
2.53972e+16	1.5448e+04	7.151e-15	3.5938e+04	4.2100e+04	8.7275e-20	9.0529e-05	9.9991e-01	3.1819e-06	2.8931e-02	9.7107e-01	2.7897e-30	3.6134e-09	8.5943e-05	3.8795e-02	3.1216e-01	1.1350e-09	3.1268e-05	4.4961e-02	5.4852e-01	3.4324e-01	5.8279e-02	1.1755e-36	0.00e+00	0.00e+00	6.0560e-01
2.68130e+16	1.5411e+04	7.218e-15	3.5938e+04	4.2090e+04	8.5756e-20	9.0140e-05	9.9991e-01	3.6088e-06	3.2808e-02	9.6719e-01	3.4559e-30	4.0309e-09	9.5477e-05	4.3098e-02	3.3074e-01	1.3258e-09	3.6531e-05	5.2290e-02	5.6329e-01	3.2673e-01	5.3180e-02	1.1755e-36	0.00e+00	0.00e+00	6.3332e-01
2.81112e+16	1.5365e+04	7.305e-15	3.5938e+04	4.2076e+04	8.5185e-20	8.9994e-05	9.9991e-01	4.1235e-06	3.7434e-02	9.6256e-01	4.3671e-30	4.4917e-09	1.0603e-04	4.7778e-02	3.5026e-01	1.5617e-09	4.2931e-05	6.0947e-02	5.7679e-01	3.0977e-01	4.8429e-02	1.1755e-36	0.00e+00	0.00e+00	6.5865e-01
2.92926e+16	1.5328e+04	7.406e-15	3.5938e+04	4.2060e+04	8.4989e-20	8.9949e-05	9.9991e-01	4.7373e-06	4.2904e-02	9.5709e-01	5.5664e-30	5.0004e-09	1.1750e-04	5.2791e-02	3.7039e-01	1.8462e-09	5.0573e-05	7.1066e-02	5.8859e-01	2.9263e-01	4.4040e-02	1.2655e-36	0.00e+00	0.00e+00	6.8155e-01
3.03615e+16	1.5299e+04	7.519e-15	3.5938e+04	4.2036e+04	8.4487e-20	8.9960e-05	9.9991e-01	5.4594e-06	4.9332e-02	9.5066e-01	7.0437e-30	5.5457e-09	1.2965e-04	5.8061e-02	3.9096e-01	2.1839e-09	5.9582e-05	8.2796e-02	5.9843e-01	2.7546e-01	3.9995e-02	1.4231e-36	0.00e+00	0.00e+00	7.0227e-01
3.13317e+16	1.5260e+04	7.654e-15	3.5938e+04	4.2017e+04	8.4578e-20	8.9888e-05	9.9991e-01	6.3105e-06	5.6891e-02	9.4310e-01	8.8260e-30	6.1125e-09	1.4194e-04	6.3558e-02	4.1206e-01	2.5495e-09	6.9530e-05	9.6356e-02	6.0619e-01	2.5821e-01	3.6239e-02	1.6186e-36	0.00e+00	0.00e+00	7.2114e-01
3.22183e+16	1.5231e+04	7.793e-15	3.5938e+04	4.1979e+04	8.5262e-20	9.0397e-05	9.9991e-01	7.3639e-06	6.6000e-02	9.3399e-01	1.1614e-29	6.7659e-09	1.5662e-04	6.9438e-02	4.3379e-01	3.0887e-09	8.3237e-05	1.1240e-01	6.1150e-01	2.4069e-01	3.2701e-02	1.9241e-36	0.00e+00	0.00e+00	7.3853e-01
3.30244e+16	1.5195e+04	7.960e-15	3.5938e+04	4.1956e+04	8.5509e-20	9.0386e-05	9.9991e-01	8.5835e-06	7.6715e-02	9.2328e-01	1.4454e-29	7.3980e-09	1.7002e-04	7.5403e-02	4.5584e-01	3.6009e-09	9.7007e-05	1.3077e-01	6.1418e-01	2.2320e-01	2.9407e-02	2.1932e-36	0.00e+00	0.00e+00	7.5420e-01
3.37535e+16	1.5169e+04	8.126e-15	3.5938e+04	4.1905e+04	8.6051e-20	9.0995e-05	9.9991e-01	1.0071e-05	8.9483e-02	9.1051e-01	1.8775e-29	8.1068e-09	1.8585e-04	8.1556e-02	4.7806e-01	4.3579e-09	1.1593e-04	1.5207e-01	6.1365e-01	2.0574e-01	2.6334e-02	2.5797e-36	0.00e+00	0.00e+00	7.6853e-01
3.44141e+16	1.5120e+04	8.322e-15	3.5938e+04	4.1873e+04	8.6802e-20	9.1173e-05	9.9991e-01	1.1808e-05	1.0447e-01	8.9552e-01	2.3245e-29	8.7796e-09	1.9998e-04	8.7720e-02	5.0045e-01	5.0734e-09	1.3473e-04	1.7620e-01	6.0998e-01	1.8837e-01	2.3461e-02	2.9612e-36	0.00e+00	0.00e+00	7.8150e-01
3.50143e+16	1.5098e+04	8.506e-15	3.5938e+04	4.1803e+04	8.7917e-20	9.1837e-05	9.9991e-01	1.3869e-05	1.2214e-01	8.7785e-01	2.9929e-29	9.5078e-09	2.1613e-04	9.3864e-02	5.2255e-01	6.0932e-09	1.5984e-04	2.0359e-01	6.0251e-01	1.7131e-01	2.0799e-02	3.5359e-36	0.00e+00	0.00e+00	7.9344e-01
3.55628e+16	1.5044e+04	8.713e-15	3.5938e+04	4.1746e+04	8.9238e-20	9.2387e-05	9.9991e-01	1.6337e-05	1.4302e-01	8.5697e-01	3.7453e-29	1.0222e-08	2.3151e-04	1.0001e-01	5.4479e-01	7.1769e-09	1.8687e-04	2.3451e-01	5.9128e-01	1.5430e-01	1.8288e-02	4.1307e-36	0.00e+00	0.00e+00	8.0442e-01
3.60646e+16	1.4981e+04	8.928e-15	3.5938e+04	4.1689e+04	9.0741e-20	9.2855e-05	9.9991e-01	1.9223e-05	1.6736e-01	8.3262e-01	4.5747e-29	1.0911e-08	2.4583e-04	1.0605e-01	5.6671e-01	8.3008e-09	2.1526e-04	2.6879e-01	5.7612e-01	1.3769e-01	1.5955e-02	4.7657e-36	0.00e+00	0.00e+00	8.1453e-01
3.65261e+16	1.4920e+04	9.132e-15	3.5938e+04	4.1610e+04	9.2578e-20	9.3580e-05	9.9991e-01	2.2606e-05	1.9569e-01	8.0428e-01	5.6476e-29	1.1608e-08	2.6084e-04	1.1191e-01	5.8811e-01	9.6951e-09	2.4928e-04	3.0651e-01	5.5679e-01	1.2159e-01	1.3800e-02	5.5715e-36	0.00e+00	0.00e+00	8.2394e-01
3.69532e+16	1.4848e+04	9.318e-15	3.5938e+04	4.1490e+04	9.4595e-20	9.4614e-05	9.9991e-01	2.6454e-05	2.2839e-01	7.7159e-01	6.9666e-29	1.2280e-08	2.7615e-04	1.1746e-01	6.0893e-01	1.1387e-08	2.8912e-04	3.4743e-01	5.3339e-01	1.0615e-01	1.1829e-02	6.4761e-36	0.00e+00	0.00e+00	8.3276e-01
3.73510e+16	1.4761e+04	9.493e-15	3.5938e+04	4.1395e+04	9.7307e-20	9.5543e-05	9.9990e-01	3.0951e-05	2.6567e-01	7.3430e-01	8.4366e-29	1.2938e-08	2.9036e-04	1.2291e-01	6.2902e-01	1.3111e-08	3.2995e-04	3.9111e-01	5.0631e-01	9.1455e-02	1.0022e-02	7.5258e-36	0.00e+00	0.00e+00	8.4110e-01
3.77238e+16	1.4664e+04	9.626e-15	3.5938e+04	4.1236e+04	1.0015e-19	9.6529e-05	9.9990e-01	3.5880e-05	3.0718e-01	6.9279e-01	1.0021e-28	1.3527e-08	3.0311e-04	1.2781e-01	6.4810e-01	1.4941e-08	3.7275e-04	4.3646e-01	4.7621e-01	7.7903e-02	8.4228e-03	8.6089e-36	0.00e+00	0.00e+00	8.4900e-01
3.80774e+16	1.4542e+04	9.724e-15	3.5938e+04	4.1086e+04	1.0379e-19	9.7695e-05	9.9990e-01	4.1432e-05	3.5315e-01	6.4681e-01	1.1839e-28	1.4099e-08	3.1570e-04	1.3252e-01	6.6619e-01	1.6919e-08	4.1803e-04	4.8325e-01	4.4343e-01	6.5390e-02	6.9924e-03	9.8541e-36	0.00e+00	0.00e+00	8.5668e-01
3.84178e+16	1.4400e+04	9.772e-15	3.5938e+04	4.0931e+04	1.0820e-19	9.9040e-05	9.9990e-01	4.7566e-05	4.0323e-01	5.9672e-01	1.3874e-28	1.4650e-08	3.2786e-04	1.3695e-01	6.8317e-01	1.9019e-08	4.6501e-04	5.3071e-01	4.0861e-01	5.4060e-02	5.7353e-03	1.1241e-35	0.00e+00	0.00e+00	8.6420e-01
3.87480e+16	1.4236e+04	9.760e-15	3.5938e+04	4.0767e+04	1.1343e-19	1.0055e-04	9.9990e-01	5.4160e-05	4.5631e-01	5.4364e-01	1.6106e-28	1.5175e-08	3.3952e-04	1.4108e-01	6.9881e-01	2.1203e-08	5.1262e-04	5.7763e-01	3.7280e-01	4.4070e-02	4.6567e-03	1.2754e-35	0.00e+00	0.00e+00	8.7163e-01
3.90729e+16	1.4049e+04	9.682e-15	3.5938e+04	4.0598e+04	1.1964e-19	1.0224e-04	9.9990e-01	6.1107e-05	5.1123e-01	4.8871e-01	1.8543e-28	1.5685e-08	3.5083e-04	1.4494e-01	7.1302e-01	2.3452e-08	5.6015e-04	6.2312e-01	3.3686e-01	3.5447e-02	3.7467e-03	1.4399e-35	0.00e+00	0.00e+00	8.7914e-01
3.94451e+16	1.3805e+04	9.506e-15	3.5938e+04	4.0404e+04	1.2813e-19	1.0447e-04	9.9990e-01	6.9334e-05	5.7422e-01	4.2571e-01	2.1639e-28	1.6289e-08	3.6398e-04	1.4914e-01	7.2742e-01	2.6128e-08	6.1426e-04	6.7243e-01	2.9667e-01	2.7197e-02	2.8910e-03	1.6409e-35	0.00e+00	0.00e+00	8.8912e-01
3.98440e+16	1.3527e+04	9.249e-15	3.5938e+04	4.0203e+04	1.3791e-19	1.0692e-04	9.9989e-01	7.8037e-05	6.3942e-01	3.6050e-01	2.4921e-28	1.6900e-08	3.7726e-04	1.5323e-01	7.4033e-01	2.8893e-08	6.6815e-04	7.2013e-01	2.5652e-01	2.0342e-02	2.1934e-03	1.8335e-35	0.00e+00	0.00e+00	8.9826e-01
4.01986e+16	1.3268e+04	8.968e-15	3.5938e+04	4.0037e+04	1.4805e-19	1.0921e-04	9.9989e-01	8.5388e-05	6.9243e-01	3.0748e-01	2.8028e-28	1.7455e-08	3.8900e-04	1.5664e-01	7.4967e-01	3.1274e-08	7.1239e-04	7.5730e-01	2.2443e-01	1.5722e-02	1.7258e-03	2.0157e-35	0.00e+00	0.00e+00	9.0650e-01
4.05809e+16	1.2983e+04	8.632e-15	3.5938e+04	3.9881e+04	1.6058e-19	1.1183e-04	9.9989e-01	9.2705e-05	7.4216e-01	2.5775e-01	3.1699e-28	1.8109e-08	4.0223e-04	1.6020e-01	7.5753e-01	3.3805e-08	7.5667e-04	7.9158e-01	1.9421e-01	1.2026e-02	1.3483e-03	2.2266e-35	0.00e+00	0.00e+00	9.1747e-01
4.10779e+16	1.2636e+04	8.200e-15	3.5938e+04	3.9718e+04	1.7704e-19	1.1516e-04	9.9988e-01	1.0098e-04	7.9501e-01	2.0489e-01	3.6300e-28	1.8979e-08	4.1902e-04	1.6449e-01	7.6481e-01	3.6814e-08	8.0627e-04	8.2736e-01	1.6200e-01	8.7745e-03	1.0096e-03	2.4544e-35	0.00e+00	0.00e+00	9.3215e-01
4.16038e+16	1.2316e+04	7.788e-15	3.5938e+04	3.9584e+04	1.9480e-19	1.1827e-04	9.9988e-01	1.0807e-04	8.3806e-01	1.6183e-01	4.0868e-28	1.9832e-08	4.3507e-04	1.6852e-01	7.6986e-01	3.9502e-08	8.4829e-04	8.5602e-01	1.3569e-01	6.6214e-03	7.7693e-04	2.6779e-35	0.00e+00	0.00e+00	9.4530e-01
4.20494e+16	1.2080e+04	7.481e-15	3.5938e+04	3.9498e+04	2.0941e-19	1.2066e-04	9.9988e-01	1.1293e-04	8.6574e-01	1.3415e-01	4.4445e-28	2.0517e-08	4.4762e-04	1.7159e-01	7.7261e-01	4.1473e-08	8.7747e-04	8.7459e-01	1.1841e-01	5.4397e-03	6.4218e-04	2.8395e-35	0.00e+00	0.00e+00	9.5628e-01
4.25105e+16	1.1858e+04	7.193e-15	3.5938e+04	3.9428e+04	2.2526e-19	1.2312e-04	9.9988e-01	1.1724e-04	8.8843e-01	1.1145e-01	4.8388e-28	2.1258e-08	4.6073e-04	1.7466e-01	7.7444e-01	4.3438e-08	9.0487e-04	8.9040e-01	1.0356e-01	4.5742e-03	5.3672e-04	3.0204e-35	0.00e+00	0.00e+00	9.7085e-01
4.31101e+16	1.1617e+04	6.880e-15	3.5938e+04	3.9361e+04	2.4465e-19	1.2601e-04	9.9987e-01	1.2182e-04	9.1071e-01	8.9173e-02	5.3104e-28	2.2162e-08	4.7625e-04	1.7823e-01	7.7577e-01	4.5675e-08	9.3446e-04	9.0623e-01	8.8547e-02	3.8326e-03	4.3913e-04	3.2214e-35	0.00e+00	0.00e+00	9.9023e-01
4.38895e+16	1.1366e+04	6.557e-15	3.5938e+04	3.9298e+04	2.6772e-19	1.2929e-04	9.9987e-01	1.2640e-04	9.3121e-01	6.8666e-02	5.8574e-28	2.3224e-08	4.9398e-04	1.8225e-01	7.7646e-01	4.8133e-08	9.6494e-04	9.2126e-01	7.4161e-02	3.2416e-03	3.5306e-04	3.4387e-35	0.00e+00	0.00e+00	1.0161e+00
4.49028e+16	1.1121e+04	6.243e-15	3.5938e+04	3.9243e+04	2.9246e-19	1.3294e-04	9.9987e-01	1.3077e-04	9.4884e-01	5.1030e-02	6.4284e-28	2.4431e-08	5.1351e-04	1.8662e-01	7.7641e-01	5.0757e-08	9.9497e-04	9.3477e-01	6.1138e-02	2.8010e-03	2.8046e-04	3.6069e-35	0.00e+00	0.00e+00	1.0506e+00
4.62200e+16	1.0894e+04	5.957e-15	3.5938e+04	3.9197e+04	3.2122e-19	1.3698e-04	9.9986e-01	1.3477e-04	9.6308e-01	3.6786e-02	7.0838e-28	2.5771e-08	5.3440e-04	1.9125e-01	7.7564e-01	5.3513e-08	1.0235e-03	9.4632e-01	4.9938e-02	2.4870e-03	2.2136e-04	3.8246e-35	0.00e+00	0.00e+00	1.0969e+00
4.79323e+16	1.0697e+04	5.710e-15	3.5938e+04	3.9162e+04	3.5210e-19	1.4151e-04	9.9986e-01	1.3840e-04	9.7398e-01	2.5879e-02	7.7861e-28	2.7247e-08	5.5636e-04	1.9606e-01	7.7422e-01	5.6420e-08	1.0498e-03	9.5580e-01	4.0701e-02	2.2660e-03	1.7453e-04	4.0445e-35	0.00e+00	0.00e+00	1.1591e+00
5.01584e+16	1.0537e+04	5.512e-15	3.5938e+04	3.9136e+04	3.8206e-19	1.4676e-04	9.9985e-01	1.4158e-04	9.8198e-01	1.7877e-02	8.4844e-28	2.8888e-08	5.7954e-04	2.0108e-01	7.7221e-01	5.9572e-08	1.0738e-03	9.6331e-01	3.3364e-02	2.1057e-03	1.3820e-04	4.1959e-35	0.00e+00	0.00e+00	1.2429e+00
5.30523e+16	1.0419e+04	5.365e-15	3.5938e+04	3.9118e+04	4.1134e-19	1.5317e-04	9.9985e-01	1.4443e-04	9.8766e-01	1.2201e-02	9.2123e-28	3.0777e-08	6.0459e-04	2.0643e-01	7.6959e-01	6.3182e-08	1.0961e-03	9.6914e-01	2.7670e-02	1.9803e-03	1.1030e-04	4.2974e-35	0.00e+00	0.00e+00	1.3566e+00
5.68144e+16	1.0344e+04	5.272e-15	3.5938e+04	3.9105e+04	4.4729e-19	1.6150e-04	9.9984e-01	1.4722e-04	9.9157e-01	8.2804e-03	1.0188e-27	3.3062e-08	6.3288e-04	2.1233e-01	7.6623e-01	6.7626e-08	1.1175e-03	9.7359e-01	2.3332e-02	1.8710e-03	8.8925e-05	4.5422e-35	0.00e+00	0.00e+00	1.5125e+00
6.17052e+16	1.0318e+04	5.239e-15	3.5938e+04	3.9096e+04	4.9325e-19	1.7307e-04	9.9983e-01	1.5063e-04	9.9422e-01	5.6285e-03	1.1583e-27	3.6049e-08	6.6686e-04	2.1912e-01	7.6190e-01	7.3623e-08	1.1402e-03	9.7705e-01	1.9972e-02	1.7651e-03	7.2128e-05	4.9718e-35	0.00e+00	0.00e+00	1.7296e+00
6.76929e+16	1.0349e+04	5.273e-15	3.5938e+04	3.9090e+04	5.4439e-19	1.8903e-04	9.9981e-01	1.5432e-04	9.9590e-01	3.9411e-03	1.3363e-27	3.9834e-08	7.0690e-04	2.2674e-01	7.5655e-01	8.1749e-08	1.1641e-03	9.7956e-01	1.7547e-02	1.6622e-03	5.9536e-05	5.4395e-35	0.00e+00	0.00e+00	2.0062e+00
7.44622e+16	1.0450e+04	5.370e-15	3.5938e+04	3.9086e+04	6.1888e-19	2.1038e-04	9.9979e-01	1.5878e-04	9.9694e-01	2.9021e-03	1.6233e-27	4.4492e-08	7.5261e-04	2.3482e-01	7.5046e-01	9.2733e-08	1.1897e-03	9.8139e-01	1.5805e-02	1.5655e-03	5.0096e-05	6.5261e-35	0.00e+00	0.00e+00	2.3447e+00
8.19085e+16	1.0573e+04	5.547e-15	3.5938e+04	3.9083e+04	7.2847e-19	2.4019e-04	9.9976e-01	1.6474e-04	9.9761e-01	2.2257e-03	2.0987e-27	5.0745e-08	8.1203e-04	2.4436e-01	7.4270e-01	1.0889e-07	1.2238e-03	9.8282e-01	1.4442e-02	1.4702e-03	4.2487e-05	8.3432e-35	0.00e+00	0.00e+00	2.7699e+00
9.00993e+16	1.0769e+04	5.798e-15	3.5938e+04	3.9080e+04	8.9644e-19	2.8202e-04	9.9972e-01	1.7249e-04	9.9806e-01	1.7647e-03	2.9612e-27	5.8990e-08	8.8717e-04	2.5518e-01	7.3344e-01	1.3328e-07	1.2671e-03	9.8400e-01	1.3316e-02	1.3788e-03	3.6077e-05	1.2073e-34	0.00e+00	0.00e+00	3.3190e+00
9.80854e+16	1.1013e+04	6.121e-15	3.5938e+04	3.9077e+04	1.1299e-18	3.3690e-04	9.9966e-01	1.8168e-04	9.9834e-01	1.4736e-03	4.4011e-27	6.8792e-08	9.7411e-04	2.6633e-01	7.2348e-01	1.6831e-07	1.3203e-03	9.8485e-01	1.2492e-02	1.3038e-03	3.1225e-05	1.8745e-34	0.00e+00	0.00e+00	3.8840e+00
1.04630e+17	1.1248e+04	6.444e-15	3.5938e+04	3.9074e+04	1.4116e-18	3.9682e-04	9.9960e-01	1.9136e-04	9.9851e-01	1.3017e-03	6.5301e-27	7.8886e-08	1.0635e-03	2.7654e-01	7.1408e-01	2.1129e-07	1.3778e-03	9.8543e-01	1.1915e-02	1.2496e-03	2.7819e-05	2.9365e-34	0.00e+00	0.00e+00	4.3969e+00
1.10288e+17	1.1458e+04	6.745e-15	3.5938e+04	3.9071e+04	1.7509e-18	4.6146e-04	9.9954e-01	2.0190e-04	9.9862e-01	1.1789e-03	9.7619e-27	8.9953e-08	1.1627e-03	2.8701e-01	7.0424e-01	2.6429e-07	1.4420e-03	9.8595e-01	1.1373e-02	1.2033e-03	2.4935e-05	4.6241e-34	0.00e+00	0.00e+00	4.9852e+00
1.15685e+17	1.1670e+04	7.059e-15	3.5938e+04	3.9068e+04	2.1848e-18	5.3807e-04	9.9946e-01	2.1378e-04	9.9871e-01	1.0810e-03	1.5003e-26	1.0286e-07	1.2798e-03	2.9840e-01	6.9338e-01	3.3595e-07	1.5198e-03	9.8644e-01	1.0850e-02	1.1623e-03	2.2343e-05	7.4559e-34	0.00e+00	0.00e+00	5.6170e+00
1.20714e+17	1.1873e+04	7.372e-15	3.5938e+04	3.9064e+04	2.7379e-18	6.2656e-04	9.9937e-01	2.2730e-04	9.9877e-01	1.0023e-03	2.3599e-26	1.1788e-07	1.4178e-03	3.1078e-01	6.8142e-01	4.3165e-07	1.6124e-03	9.8691e-01	1.0330e-02	1.1257e-03	1.9996e-05	1.2267e-33	0.00e+00	0.00e+00	6.3111e+00
1.25363e+17	1.2064e+04	7.677e-15	3.5938e+04	3.9060e+04	3.4282e-18	7.2758e-04	9.9927e-01	2.4252e-04	9.9882e-01	9.3822e-04	3.7651e-26	1.3523e-07	1.5789e-03	3.2408e-01	6.6846e-01	5.5898e-07	1.7221e-03	9.8735e-01	9.8168e-03	1.0936e-03	1.7881e-05	2.0305e-33	0.00e+00	0.00e+00	7.0400e+00
1.29515e+17	1.2229e+04	7.964e-15	3.5938e+04	3.9056e+04	4.3893e-18	8.3819e-04	9.9916e-01	2.5907e-04	9.9885e-01	8.8670e-04	6.1400e-26	1.5472e-07	1.7612e-03	3.3796e-01	6.5483e-01	7.2178e-07	1.8465e-03	9.8774e-01	9.3300e-03	1.0657e-03	1.6033e-05	3.5744e-33	0.00e+00	0.00e+00	7.7790e+00
1.33200e+17	1.2386e+04	8.222e-15	3.5938e+04	3.9051e+04	5.2246e-18	9.5654e-04	9.9904e-01	2.7719e-04	9.9888e-01	8.4540e-04	9.4076e-26	1.7602e-07	1.9631e-03	3.5206e-01	6.4090e-01	9.2636e-07	1.9861e-03	9.8809e-01	8.8613e-03	1.0420e-03	1.4409e-05	5.3118e-33	0.00e+00	0.00e+00	8.5352e+00
1.36558e+17	1.2506e+04	8.470e-15	3.5938e+04	3.9046e+04	6.5976e-18	1.0862e-03	9.9891e-01	2.9655e-04	9.9889e-01	8.0912e-04	1.5178e-25	2.0047e-07	2.1942e-03	3.6704e-01	6.2603e-01	1.1868e-06	2.1445e-03	9.8847e-01	8.3469e-03	1.0196e-03	1.2864e-05	9.1026e-33	0.00e+00	0.00e+00	9.3318e+00
1.39695e+17	1.2628e+04	8.699e-15	3.5938e+04	3.9042e+04	8.0674e-18	1.2283e-03	9.9877e-01	3.1834e-04	9.9890e-01	7.7782e-04	2.3984e-25	2.2833e-07	2.4571e-03	3.8277e-01	6.1035e-01	1.5215e-06	2.3260e-03	9.8878e-01	7.8792e-03	9.9949e-04	1.1506e-05	1.4564e-32	0.00e+00	0.00e+00	1.0179e+01
1.42656e+17	1.2751e+04	8.916e-15	3.5938e+04	3.9037e+04	9.9495e-18	1.3883e-03	9.9861e-01	3.4234e-04	9.9891e-01	7.4926e-04	3.8666e-25	2.6061e-07	2.7645e-03	3.9961e-01	5.9349e-01	1.9639e-06	2.5392e-03	9.8906e-01	7.4058e-03	9.8111e-04	1.0239e-05	2.3979e-32	0.00e+00	0.00e+00	1.1086e+01
1.45436e+17	1.2867e+04	9.124e-15	3.5938e+04	3.9030e+04	1.2086e-17	1.5675e-03	9.9843e-01	3.6942e-04	9.9891e-01	7.2351e-04	6.2131e-25	2.9813e-07	3.1224e-03	4.1754e-01	5.7548e-01	2.5482e-06	2.7895e-03	9.8930e-01	6.9379e-03	9.6416e-04	9.0760e-06	3.8186e-32	0.00e+00	0.00e+00	1.2039e+01
1.48012e+17	1.2958e+04	9.335e-15	3.5938e+04	3.9021e+04	1.4610e-17	1.7702e-03	9.9823e-01	3.9959e-04	9.9890e-01	6.9953e-04	1.0016e-24	3.4125e-07	3.5418e-03	4.3663e-01	5.5622e-01	3.3260e-06	3.0852e-03	9.8949e-01	6.4687e-03	9.4795e-04	7.9991e-06	5.9679e-32	0.00e+00	0.00e+00	1.3033e+01
1.50378e+17	1.3053e+04	9.524e-15	3.5938e+04	3.9011e+04	1.7587e-17	1.9893e-03	9.9801e-01	4.3376e-04	9.9889e-01	6.7962e-04	1.6110e-24	3.9096e-07	4.0148e-03	4.5622e-01	5.3641e-01	4.3281e-06	3.4236e-03	9.8962e-01	6.0104e-03	9.3359e-04	7.0348e-06	9.3376e-32	0.00e+00	0.00e+00	1.4052e+01
1.52568e+17	1.3132e+04	9.705e-15	3.5938e+04	3.9002e+04	2.1463e-17	2.2300e-03	9.9777e-01	4.7090e-04	9.9887e-01	6.6204e-04	2.6227e-24	4.4754e-07	4.5566e-03	4.7662e-01	5.1569e-01	5.6319e-06	3.8150e-03	9.8967e-01	5.5778e-03	9.1989e-04	6.1770e-06	1.5069e-31	0.00e+00	0.00e+00	1.5125e+01
1.54640e+17	1.3203e+04	9.879e-15	3.5938e+04	3.8992e+04	2.6310e-17	2.5009e-03	9.9750e-01	5.1289e-04	9.9884e-01	6.4489e-04	4.3236e-24	5.1391e-07	5.1906e-03	4.9821e-01	4.9368e-01	7.3752e-06	4.2800e-03	9.8965e-01	5.1515e-03	9.0666e-04	5.3911e-06	2.4579e-31	0.00e+00	0.00e+00	1.6272e+01
1.56582e+17	1.3266e+04	1.005e-14	3.5938e+04	3.8981e+04	3.2326e-17	2.8046e-03	9.9720e-01	5.6024e-04	9.9881e-01	6.2854e-04	7.1935e-24	5.9135e-07	5.9288e-03	5.2074e-01	4.7062e-01	9.7125e-06	4.8337e-03	9.8952e-01	4.7396e-03	8.9409e-04	4.6830e-06	4.0337e-31	0.00e+00	0.00e+00	1.7456e+01
1.58339e+17	1.3319e+04	1.020e-14	3.5938e+04	3.8968e+04	3.9570e-17	3.1340e-03	9.9687e-01	6.1199e-04	9.9877e-01	6.1535e-04	1.1879e-23	6.7861e-07	6.7587e-03	5.4334e-01	4.4738e-01	1.2746e-05	5.4724e-03	9.8927e-01	4.3566e-03	8.8244e-04	4.0685e-06	6.5596e-31	0.00e+00	0.00e+00	1.8632e+01
1.59903e+17	1.3363e+04	1.034e-14	3.5938e+04	3.8955e+04	4.8067e-17	3.4822e-03	9.9652e-01	6.6712e-04	9.9873e-01	6.0579e-04	1.9260e-23	7.7436e-07	7.6669e-03	5.6545e-01	4.2453e-01	1.6567e-05	6.1901e-03	9.8891e-01	4.0084e-03	8.7171e-04	3.5459e-06	1.0470e-30	0.00e+00	0.00e+00	1.9797e+01
1.61317e+17	1.3397e+04	1.047e-14	3.5938e+04	3.8942e+04	5.8118e-17	3.8528e-03	9.9615e-01	7.2625e-04	9.9868e-01	5.9797e-04	3.0840e-23	8.8004e-07	8.6654e-03	5.8721e-01	4.0193e-01	2.1387e-05	7.0011e-03	9.8842e-01	3.6880e-03	8.6154e-04	3.0955e-06	1.6514e-30	0.00e+00	0.00e+00	2.0980e+01
1.62629e+17	1.3425e+04	1.060e-14	3.5938e+04	3.8927e+04	7.0307e-17	4.2567e-03	9.9574e-01	7.9112e-04	9.9862e-01	5.8982e-04	4.9337e-23	9.9901e-07	9.7851e-03	6.0900e-01	3.7918e-01	2.7598e-05	7.9394e-03	9.8779e-01	3.3868e-03	8.5162e-04	2.6984e-06	2.6052e-30	0.00e+00	0.00e+00	2.2206e+01
1.63856e+17	1.3438e+04	1.072e-14	3.5938e+04	3.8912e+04	8.7095e-17	4.7037e-03	9.9530e-01	8.6282e-04	9.9856e-01	5.8100e-04	8.0475e-23	1.1335e-06	1.1056e-02	6.3093e-01	3.5612e-01	3.5719e-05	9.0410e-03	9.8698e-01	3.0994e-03	8.4153e-04	2.3436e-06	4.3121e-30	0.00e+00	0.00e+00	2.3471e+01
1.64993e+17	1.3444e+04	1.083e-14	3.5938e+04	3.8898e+04	1.0539e-16	5.1885e-03	9.9481e-01	9.4300e-04	9.9848e-01	5.7350e-04	1.2869e-22	1.2876e-06	1.2474e-02	6.5250e-01	3.3327e-01	4.6184e-05	1.0319e-02	9.8596e-01	2.8391e-03	8.3154e-04	2.0379e-06	6.7719e-30	0.00e+00	0.00e+00	2.4752e+01
1.65833e+17	1.3453e+04	1.092e-14	3.5938e+04	3.8881e+04	1.2422e-16	5.6325e-03	9.9437e-01	1.0155e-03	9.9841e-01	5.6962e-04	1.9146e-22	1.4269e-06	1.3774e-02	6.6941e-01	3.1516e-01	5.7444e-05	1.1573e-02	9.8491e-01	2.6370e-03	8.2428e-04	1.8138e-06	1.0015e-29	0.00e+00	0.00e+00	2.5508e+01
1.66324e+17	1.3462e+04	1.096e-14	3.5938e+04	3.8867e+04	1.3488e-16	5.9162e-03	9.9408e-01	1.0626e-03	9.9834e-01	5.9592e-04	2.4063e-22	1.5179e-06	1.4628e-02	6.7965e-01	3.0413e-01	6.5551e-05	1.2414e-02	9.8417e-01	2.5245e-03	8.1993e-04	1.6919e-06	1.2245e-29	0.00e+00	0.00e+00	2.6032e+01
1.66773e+17	1.3468e+04	1.100e-14	3.5938e+04	3.8856e+04	1.4698e-16	6.1764e-03	9.9382e-01	1.1061e-03	9.9828e-01	6.1404e-04	2.9737e-22	1.6045e-06	1.5434e-02	6.8919e-01	2.9383e-01	7.3564e-05	1.3201e-02	9.8348e-01	2.4234e-03	8.1558e-04	1.5875e-06	1.5052e-29	0.00e+00	0.00e+00	2.6744e+01
1.67357e+17	1.3466e+04	1.106e-14	3.5938e+04	3.8842e+04	1.6515e-16	6.5506e-03	9.9345e-01	1.1678e-03	9.9823e-01	6.0506e-04	3.9554e-22	1.7283e-06	1.6587e-02	7.0191e-01	2.8004e-01	8.6053e-05	1.4357e-02	9.8246e-01	2.2864e-03	8.0936e-04	1.4525e-06	1.9806e-29	0.00e+00	0.00e+00	2.7724e+01
1.68002e+17	1.3449e+04	1.113e-14	3.5938e+04	3.8829e+04	1.9176e-16	7.0255e-03	9.9297e-01	1.2477e-03	9.9817e-01	5.8331e-04	5.5895e-22	1.8894e-06	1.8058e-02	7.1626e-01	2.6429e-01	1.0384e-04	1.5897e-02	9.8106e-01	2.1326e-03	8.0174e-04	1.3065e-06	2.7971e-29	0.00e+00	0.00e+00	2.8729e+01
1.68565e+17	1.3447e+04	1.119e-14	3.5938e+04	3.8813e+04	2.1985e-16	7.5024e-03	9.9250e-01	1.3277e-03	9.9810e-01	5.7618e-04	7.7316e-22	2.0518e-06	1.9540e-02	7.2913e-01	2.5001e-01	1.2411e-04	1.7532e-02	9.7955e-01	1.9978e-03	7.9520e-04	1.1835e-06	3.8627e-29	0.00e+00	0.00e+00	2.9573e+01
1.69021e+17	1.3458e+04	1.123e-14	3.5938e+04	3.8789e+04	2.4042e-16	7.9256e-03	9.9207e-01	1.3989e-03	9.9802e-01	5.8127e-04	9.9851e-22	2.1951e-06	2.0869e-02	7.3967e-01	2.3820e-01	1.4426e-04	1.9056e-02	9.7811e-01	1.8929e-03	7.9014e-04	1.0904e-06	4.8228e-29	0.00e+00	0.00e+00	3.0320e+01
1.69401e+17	1.3440e+04	1.128e-14	3.5938e+04	3.8776e+04	2.6882e-16	8.3199e-03	9.9168e-01	1.4650e-03	9.9795e-01	5.8553e-04	1.2757e-21	2.3296e-06	2.2110e-02	7.4866e-01	2.2802e-01	1.6459e-04	2.0504e-02	9.7674e-01	1.8019e-03	7.8471e-04	1.0126e-06	6.2185e-29	0.00e+00	0.00e+00	3.0969e+01
1.69740e+17	1.3427e+04	1.132e-14	3.5938e+04	3.8764e+04	2.9338e-16	8.6888e-03	9.9131e-01	1.5288e-03	9.9788e-01	5.9002e-04	1.5769e-21	2.4609e-06	2.3293e-02	7.5668e-01	2.1886e-01	1.8534e-04	2.1913e-02	9.7539e-01	1.7263e-03	7.7976e-04	9.4848e-07	7.6187e-29	0.00e+00	0.00e+00	3.1628e+01
1.70125e+17	1.3417e+04	1.136e-14	3.5938e+04	3.8750e+04	3.2742e-16	9.1308e-03	9.9087e-01	1.6043e-03	9.9781e-01	5.8897e-04	2.0252e-21	2.6181e-06	2.4718e-02	7.6584e-01	2.0832e-01	2.1229e-04	2.3649e-02	9.7373e-01	1.6382e-03	7.7401e-04	8.7801e-07	9.8330e-29	0.00e+00	0.00e+00	3.2529e+01
1.70543e+17	1.3402e+04	1.141e-14	3.5938e+04	3.8733e+04	3.6974e-16	9.6832e-03	9.9032e-01	1.6984e-03	9.9773e-01	5.7504e-04	2.7012e-21	2.8130e-06	2.6480e-02	7.7583e-01	1.9663e-01	2.4939e-04	2.5901e-02	9.7154e-01	1.5397e-03	7.6722e-04	8.0161e-07	1.3039e-28	0.00e+00	0.00e+00	3.3413e+01
1.70900e+17	1.3389e+04	1.145e-14	3.5938e+04	3.8714e+04	4.1278e-16	1.0216e-02	9.8978e-01	1.7895e-03	9.9764e-01	5.7014e-04	3.5106e-21	3.0008e-06	2.8178e-02	7.8438e-01	1.8642e-01	2.8902e-04	2.8169e-02	9.6932e-01	1.4565e-03	7.6109e-04	7.3847e-07	1.6848e-28	0.00e+00	0.00e+00	3.4136e+01
1.71190e+17	1.3386e+04	1.148e-14	3.5938e+04	3.8687e+04	4.4657e-16	1.0679e-02	9.8932e-01	1.8696e-03	9.9756e-01	5.7287e-04	4.3298e-21	3.1642e-06	2.9666e-02	7.9127e-01	1.7808e-01	3.2689e-04	3.0227e-02	9.6730e-01	1.3908e-03	7.5620e-04	6.9000e-07	2.0348e-28	0.00e+00	0.00e+00	3.4786e+01
1.71499e+17	1.3356e+04	1.152e-14	3.5938e+04	3.8673e+04	5.0090e-16	1.1197e-02	9.8880e-01	1.9588e-03	9.9747e-01	5.7390e-04	5.5149e-21	3.3497e-06	3.1347e-02	7.9860e-01	1.6911e-01	3.7210e-04	3.2550e-02	9.6501e-01	1.3224e-03	7.4976e-04	6.4084e-07	2.6285e-28	0.00e+00	0.00e+00	3.5671e+01
1.71845e+17	1.3354e+04	1.156e-14	3.5938e+04	3.8644e+04	5.5658e-16	1.1842e-02	9.8816e-01	2.0712e-03	9.9736e-01	5.6411e-04	7.2210e-21	3.5827e-06	3.3429e-02	8.0663e-01	1.5905e-01	4.3492e-04	3.5618e-02	9.6196e-01	1.2439e-03	7.4308e-04	5.8710e-07	3.3839e-28	0.00e+00	0.00e+00	3.6597e+01
1.72155e+17	1.3327e+04	1.161e-14	3.5938e+04	3.8623e+04	6.3396e-16	1.2515e-02	9.8749e-01	2.1865e-03	9.9726e-01	5.5701e-04	9.5405e-21	3.8202e-06	3.5574e-02	8.1381e-01	1.4977e-01	5.0632e-04	3.8884e-02	9.5870e-01	1.1717e-03	7.3565e-04	5.3865e-07	4.5344e-28	0.00e+00	0.00e+00	3.7380e+01
1.72409e+17	1.3306e+04	1.164e-14	3.5938e+04	3.8605e+04	6.9774e-16	1.3104e-02	9.8690e-01	2.2907e-03	9.9715e-01	5.5715e-04	1.1948e-20	4.0359e-06	3.7485e-02	8.1951e-01	1.4219e-01	5.7535e-04	4.1884e-02	9.5569e-01	1.1158e-03	7.2926e-04	5.0163e-07	5.6476e-28	0.00e+00	0.00e+00	3.8070e+01
1.72677e+17	1.3289e+04	1.167e-14	3.5938e+04	3.8583e+04	7.7787e-16	1.3746e-02	9.8625e-01	2.4039e-03	9.9704e-01	5.5721e-04	1.5203e-20	4.2702e-06	3.9578e-02	8.2537e-01	1.3427e-01	6.5697e-04	4.5248e-02	9.5231e-01	1.0583e-03	7.2240e-04	4.6521e-07	7.2404e-28	0.00e+00	0.00e+00	3.9012e+01
1.72974e+17	1.3266e+04	1.171e-14	3.5938e+04	3.8557e+04	8.8080e-16	1.4561e-02	9.8544e-01	2.5470e-03	9.9690e-01	5.4809e-04	2.0188e-20	4.5649e-06	4.2202e-02	8.3165e-01	1.2541e-01	7.7071e-04	4.9671e-02	9.4785e-01	9.9314e-04	7.1391e-04	4.2496e-07	9.6183e-28	0.00e+00	0.00e+00	3.9976e+01
1.73236e+17	1.3243e+04	1.175e-14	3.5938e+04	3.8521e+04	9.8738e-16	1.5390e-02	9.8461e-01	2.6923e-03	9.9677e-01	5.4157e-04	2.6348e-20	4.8589e-06	4.4832e-02	8.3700e-01	1.1746e-01	8.9812e-04	5.4321e-02	9.4314e-01	9.3467e-04	7.0568e-04	3.8980e-07	1.2464e-27	0.00e+00	0.00e+00	4.0789e+01
1.73451e+17	1.3217e+04	1.178e-14	3.5938e+04	3.8496e+04	1.0943e-15	1.6121e-02	9.8388e-01	2.8230e-03	9.9664e-01	5.4052e-04	3.3128e-20	5.1246e-06	4.7189e-02	8.4115e-01	1.1099e-01	1.0215e-03	5.8589e-02	9.3880e-01	8.8800e-04	6.9819e-04	3.6240e-07	1.5707e-27	0.00e+00	0.00e+00	4.1512e+01
1.73678e+17	1.3192e+04	1.181e-14	3.5938e+04	3.8468e+04	1.2226e-15	1.6922e-02	9.8308e-01	2.9668e-03	9.9649e-01	5.3924e-04	4.2186e-20	5.4179e-06	4.9780e-02	8.4533e-01	1.0424e-01	1.1682e-03	6.3398e-02	9.3390e-01	8.4038e-04	6.9004e-04	3.3548e-07	2.0144e-27	0.00e+00	0.00e+00	4.2497e+01
1.73932e+17	1.3167e+04	1.184e-14	3.5938e+04	3.8435e+04	1.3878e-15	1.7940e-02	9.8206e-01	3.1490e-03	9.9632e-01	5.3089e-04	5.6149e-20	5.7867e-06	5.3036e-02	8.4963e-01	9.6724e-02	1.3733e-03	6.9743e-02	9.2742e-01	7.8682e-04	6.7995e-04	3.0579e-07	2.6854e-27	0.00e+00	0.00e+00	4.3519e+01
1.74159e+17	1.3139e+04	1.188e-14	3.5938e+04	3.8390e+04	1.5634e-15	1.8993e-02	9.8101e-01	3.3369e-03	9.9614e-01	5.2380e-04	7.3736e-20	6.1582e-06	5.6346e-02	8.5313e-01	8.9939e-02	1.6068e-03	7.6499e-02	9.2049e-01	7.3803e-04	6.6987e-04	2.7945e-07	3.5070e-27	0.00e+00	0.00e+00	4.4392e+01
1.74346e+17	1.3108e+04	1.190e-14	3.5938e+04	3.8358e+04	1.7427e-15	1.9934e-02	9.8007e-01	3.5081e-03	9.9597e-01	5.2114e-04	9.3435e-20	6.4992e-06	5.9347e-02	8.5569e-01	8.4406e-02	1.8360e-03	8.2767e-02	9.1404e-01	6.9878e-04	6.6059e-04	2.5873e-07	4.4605e-27	0.00e+00	0.00e+00	4.5170e+01
1.74544e+17	1.3079e+04	1.193e-14	3.5938e+04	3.8322e+04	1.9582e-15	2.0969e-02	9.7903e-01	3.6975e-03	9.9578e-01	5.1843e-04	1.1994e-19	6.8754e-06	6.2649e-02	8.5813e-01	7.8686e-02	2.1100e-03	8.9848e-02	9.0673e-01	6.5895e-04	6.5046e-04	2.3844e-07	5.7734e-27	0.00e+00	0.00e+00	4.6233e+01
1.74765e+17	1.3047e+04	1.196e-14	3.5938e+04	3.8280e+04	2.2401e-15	2.2296e-02	9.7770e-01	3.9393e-03	9.9555e-01	5.0995e-04	1.6137e-19	7.3516e-06	6.6823e-02	8.6034e-01	7.2336e-02	2.4963e-03	9.9225e-02	8.9703e-01	6.1405e-04	6.3773e-04	2.1598e-07	7.7922e-27	0.00e+00	0.00e+00	4.7340e+01
1.74963e+17	1.3013e+04	1.199e-14	3.5938e+04	3.8232e+04	2.5563e-15	2.3669e-02	9.7633e-01	4.1900e-03	9.9531e-01	5.0239e-04	2.1506e-19	7.8371e-06	7.1094e-02	8.6178e-01	6.6649e-02	2.9377e-03	1.0922e-01	8.8664e-01	5.7334e-04	6.2474e-04	1.9610e-07	1.0426e-26	0.00e+00	0.00e+00	4.8294e+01
1.75129e+17	1.2980e+04	1.201e-14	3.5938e+04	3.8182e+04	2.8628e-15	2.4930e-02	9.7507e-01	4.4230e-03	9.9508e-01	4.9810e-04	2.7526e-19	8.2822e-06	7.5010e-02	8.6256e-01	6.1977e-02	3.3818e-03	1.1865e-01	8.7681e-01	5.3988e-04	6.1290e-04	1.8019e-07	1.3341e-26	0.00e+00	0.00e+00	4.9157e+01
1.75304e+17	1.2945e+04	1.203e-14	3.5938e+04	3.8132e+04	3.2361e-15	2.6326e-02	9.7367e-01	4.6840e-03	9.9482e-01	4.9379e-04	3.5768e-19	8.7809e-06	7.9371e-02	8.6303e-01	5.7173e-02	3.9187e-03	1.2939e-01	8.6559e-01	5.0621e-04	5.9974e-04	1.6465e-07	1.7415e-26	0.00e+00	0.00e+00	5.0342e+01
1.75501e+17	1.2900e+04	1.206e-14	3.5938e+04	3.8058e+04	3.7520e-15	2.8169e-02	9.7183e-01	5.0238e-03	9.9449e-01	4.8407e-04	4.9100e-19	9.4158e-06	8.4962e-02	8.6282e-01	5.1820e-02	4.6939e-03	1.4377e-01	8.5049e-01	4.6754e-04	5.8283e-04	1.4716e-07	2.3922e-26	0.00e+00	0.00e+00	5.1594e+01
1.75679e+17	1.2854e+04	1.209e-14	3.5938e+04	3.8000e+04	4.3630e-15	3.0088e-02	9.6991e-01	5.3828e-03	9.9414e-01	4.7529e-04	6.7146e-19	1.0092e-05	9.0789e-02	8.6178e-01	4.7054e-02	5.5915e-03	1.5920e-01	8.3421e-01	4.3268e-04	5.6516e-04	1.3172e-07	3.3054e-26	0.00e+00	0.00e+00	5.2688e+01
1.75830e+17	1.2830e+04	1.209e-14	3.5938e+04	3.7912e+04	4.8771e-15	3.1866e-02	9.6813e-01	5.7224e-03	9.9381e-01	4.6933e-04	8.7000e-19	1.0696e-05	9.6144e-02	8.6035e-01	4.3155e-02	6.5126e-03	1.7398e-01	8.1855e-01	4.0398e-04	5.4949e-04	1.1948e-07	4.2187e-26	0.00e+00	0.00e+00	5.3704e+01
1.75991e+17	1.2778e+04	1.211e-14	3.5938e+04	3.7842e+04	5.7213e-15	3.3949e-02	9.6605e-01	6.1125e-03	9.9342e-01	4.6260e-04	1.1807e-18	1.1407e-05	1.0238e-01	8.5821e-01	3.9081e-02	7.6760e-03	1.9121e-01	8.0021e-01	3.7424e-04	5.3079e-04	1.0702e-07	5.8794e-26	0.00e+00	0.00e+00	5.5111e+01
1.76202e+17	1.2717e+04	1.214e-14	3.5938e+04	3.7740e+04	6.9613e-15	3.7040e-02	9.6296e-01	6.6958e-03	9.9285e-01	4.5040e-04	1.7614e-18	1.2447e-05	1.1146e-01	8.5422e-01	3.4013e-02	9.5958e-03	2.1712e-01	7.7244e-01	3.3677e-04	5.0381e-04	9.1733e-08	8.8538e-26	0.00e+00	0.00e+00	5.7108e+01
1.76410e+17	1.2654e+04	1.216e-14	3.5938e+04	3.7586e+04	8.6077e-15	4.0976e-02	9.5902e-01	7.4424e-03	9.9212e-01	4.3338e-04	2.7461e-18	1.3718e-05	1.2259e-01	8.4805e-01	2.9083e-02	1.2360e-02	2.5022e-01	7.3665e-01	2.9822e-04	4.7116e-04	1.1755e-36	1.3728e-25	0.00e+00	0.00e+00	5.8771e+01
1.76561e+17	1.2587e+04	1.218e-14	3.5938e+04	3.7490e+04	1.0544e-14	4.4452e-02	9.5555e-01	8.0997e-03	9.9148e-01	4.2324e-04	3.9947e-18	1.4854e-05	1.3239e-01	8.4178e-01	2.5578e-02	1.5082e-02	2.7915e-01	7.0505e-01	2.7037e-04	4.4302e-04	1.1755e-36	2.0676e-25	0.00e+00	0.00e+00	6.0023e+01
1.76680e+17	1.2554e+04	1.216e-14	3.5938e+04	3.7353e+04	1.2013e-14	4.7395e-02	9.5260e-01	8.6721e-03	9.9091e-01	4.1675e-04	5.2493e-18	1.5758e-05	1.4057e-01	8.3618e-01	2.3009e-02	1.7614e-02	3.0377e-01	6.7795e-01	2.4975e-04	4.2046e-04	1.1755e-36	2.6926e-25	0.00e+00	0.00e+00	6.1236e+01
1.76810e+17	1.2482e+04	1.217e-14	3.5938e+04	3.7248e+04	1.4355e-14	5.0985e-02	9.4902e-01	9.3655e-03	9.9023e-01	4.0871e-04	7.2412e-18	1.6893e-05	1.5041e-01	8.2904e-01	2.0321e-02	2.0888e-02	3.3239e-01	6.4610e-01	2.2838e-04	3.9374e-04	1.1755e-36	3.7952e-25	0.00e+00	0.00e+00	6.2933e+01
1.76978e+17	1.2407e+04	1.217e-14	3.5938e+04	3.7095e+04	1.8272e-14	5.6457e-02	9.4354e-01	1.0415e-02	9.8919e-01	3.9578e-04	1.1221e-17	1.8554e-05	1.6486e-01	8.1790e-01	1.7039e-02	2.6314e-02	3.7420e-01	5.9893e-01	2.0127e-04	3.5589e-04	1.1755e-36	6.0657e-25	0.00e+00	0.00e+00	6.5375e+01
1.77147e+17	1.2329e+04	1.217e-14	3.5938e+04	3.6856e+04	2.3762e-14	6.3770e-02	9.3623e-01	1.1780e-02	9.8784e-01	3.7820e-04	1.8248e-17	2.0517e-05	1.8298e-01	8.0296e-01	1.3883e-02	3.4219e-02	4.2536e-01	5.3994e-01	1.7317e-04	3.1104e-04	1.1755e-36	9.9481e-25	0.00e+00	0.00e+00	6.7498e+01
1.77268e+17	1.2264e+04	1.211e-14	3.5938e+04	3.6521e+04	2.8954e-14	7.0116e-02	9.2988e-01	1.3012e-02	9.8662e-01	3.6820e-04	2.6231e-17	2.2164e-05	1.9832e-01	7.8973e-01	1.1782e-02	4.1690e-02	4.6638e-01	4.9150e-01	1.5374e-04	2.7660e-04	1.1755e-36	1.4153e-24	0.00e+00	0.00e+00	6.9021e+01
1.77358e+17	1.2210e+04	1.206e-14	3.5938e+04	3.6326e+04	3.4944e-14	7.5479e-02	9.2452e-01	1.4042e-02	9.8560e-01	3.6117e-04	3.5461e-17	2.3545e-05	2.1109e-01	7.7843e-01	1.0326e-02	4.8280e-02	4.9752e-01	4.5381e-01	1.4019e-04	2.5013e-04	1.1755e-36	1.9924e-24	0.00e+00	0.00e+00	7.0446e+01
1.77453e+17	1.2128e+04	1.203e-14	3.5938e+04	3.6125e+04	4.2598e-14	8.1954e-02	9.1805e-01	1.5281e-02	9.8437e-01	3.5321e-04	4.8523e-17	2.5136e-05	2.2591e-01	7.6507e-01	8.8740e-03	5.6429e-02	5.3037e-01	4.1285e-01	1.2652e-04	2.2188e-04	1.1755e-36	2.7877e-24	0.00e+00	0.00e+00	7.2458e+01
1.77578e+17	1.2043e+04	1.194e-14	3.5938e+04	3.5734e+04	5.5114e-14	9.1654e-02	9.0835e-01	1.7147e-02	9.8251e-01	3.4426e-04	7.2976e-17	2.7367e-05	2.4701e-01	7.4568e-01	7.1813e-03	6.9130e-02	5.7286e-01	3.5772e-01	1.0989e-04	1.8579e-04	1.1755e-36	4.2792e-24	0.00e+00	0.00e+00	7.5383e+01
1.77703e+17	1.1932e+04	1.183e-14	3.5938e+04	3.5234e+04	7.6292e-14	1.0477e-01	8.9523e-01	1.9601e-02	9.8007e-01	3.3386e-04	1.1768e-16	3.0058e-05	2.7344e-01	7.2083e-01	5.6068e-03	8.6649e-02	6.1681e-01	2.9631e-01	9.2944e-05	1.4726e-04	1.1755e-36	7.2514e-24	0.00e+00	0.00e+00	7.7983e+01
1.77793e+17	1.1828e+04	1.175e-14	3.5938e+04	3.4906e+04	1.0084e-13	1.1715e-01	8.8285e-01	2.1937e-02	9.7774e-01	3.2579e-04	1.7374e-16	3.2495e-05	2.9722e-01	6.9811e-01	4.5513e-03	1.0328e-01	6.4670e-01	2.4981e-01	8.0840e-05	1.1910e-04	1.1755e-36	1.1291e-23	0.00e+00	0.00e+00	7.9858e+01
1.77856e+17	1.1767e+04	1.159e-14	3.5938e+04	3.4448e+04	1.1930e-13	1.2631e-01	8.7369e-01	2.3734e-02	9.7594e-01	3.2423e-04	2.2120e-16	3.4068e-05	3.1441e-01	6.8157e-01	3.9133e-03	1.1584e-01	6.6452e-01	2.1946e-01	7.3452e-05	1.0195e-04	1.1755e-36	1.4377e-23	0.00e+00	0.00e+00	8.1477e+01
1.77921e+17	1.1686e+04	1.145e-14	3.5938e+04	3.4070e+04	1.4496e-13	1.3684e-01	8.6316e-01	2.5808e-02	9.7387e-01	3.2211e-04	2.8717e-16	3.5880e-05	3.3349e-01	6.6310e-01	3.3142e-03	1.3009e-01	6.7928e-01	1.9047e-01	6.6347e-05	8.5765e-05	1.1755e-36	1.9077e-23	0.00e+00	0.00e+00	8.3757e+01
1.78006e+17	1.1579e+04	1.123e-14	3.5938e+04	3.3473e+04	1.8971e-13	1.5266e-01	8.4734e-01	2.8908e-02	9.7077e-01	3.2094e-04	4.0678e-16	3.8300e-05	3.6040e-01	6.3688e-01	2.6282e-03	1.5128e-01	6.9351e-01	1.5509e-01	5.7678e-05	6.6825e-05	1.1755e-36	2.7980e-23	0.00e+00	0.00e+00	8.7065e+01
1.78094e+17	1.1448e+04	1.094e-14	3.5938e+04	3.2696e+04	2.6053e-13	1.7387e-01	8.2613e-01	3.3079e-02	9.6660e-01	3.2145e-04	6.0446e-16	4.1125e-05	3.9377e-01	6.0415e-01	1.9945e-03	1.7915e-01	7.0126e-01	1.1950e-01	4.8743e-05	4.8707e-05	1.1755e-36	4.3102e-23	0.00e+00	0.00e+00	9.0307e+01
1.78164e+17	1.1328e+04	1.065e-14	3.5938e+04	3.1980e+04	3.4125e-13	1.9444e-01	8.0556e-01	3.7264e-02	9.6241e-01	3.2383e-04	8.3860e-16	4.3540e-05	4.2441e-01	5.7394e-01	1.5619e-03	2.0560e-01	7.0036e-01	9.3959e-02	4.2073e-05	3.6399e-05	1.1755e-36	6.1164e-23	0.00e+00	0.00e+00	9.2828e+01
1.78216e+17	1.1238e+04	1.036e-14	3.5938e+04	3.1345e+04	4.1983e-13	2.1122e-01	7.8878e-01	4.0845e-02	9.5883e-01	3.2774e-04	1.0688e-15	4.5296e-05	4.4859e-01	5.5004e-01	1.2889e-03	2.2683e-01	6.9552e-01	7.7577e-02	3.7648e-05	2.8916e-05	1.1755e-36	7.9610e-23	0.00e+00	0.00e+00	9.5018e+01
1.78268e+17	1.1144e+04	1.005e-14	3.5938e+04	3.0704e+04	5.1700e-13	2.2966e-01	7.7034e-01	4.4936e-02	9.5473e-01	3.3270e-04	1.3589e-15	4.7113e-05	4.7424e-01	5.2463e-01	1.0479e-03	2.4975e-01	6.8688e-01	6.3310e-02	3.3569e-05	2.2647e-05	1.1755e-36	1.0304e-22	0.00e+00	0.00e+00	9.8113e+01
1.78336e+17	1.1007e+04	9.568e-15	3.5938e+04	2.9662e+04	6.8680e-13	2.5661e-01	7.4339e-01	5.1018e-02	9.4864e-01	3.4243e-04	1.8553e-15	4.9209e-05	5.0903e-01	4.9011e-01	7.8817e-04	2.8251e-01	6.6984e-01	4.7600e-02	2.8725e-05	1.6114e-05	1.1755e-36	1.4358e-22	0.00e+00	0.00e+00	1.0261e+02
1.78403e+17	1.0860e+04	9.011e-15	3.5938e+04	2.8457e+04	9.3182e-13	2.8945e-01	7.1055e-01	5.8712e-02	9.4093e-01	3.5558e-04	2.5717e-15	5.1149e-05	5.4790e-01	4.5145e-01	5.7692e-04	3.2130e-01	6.4440e-01	3.4271e-02	2.4103e-05	1.0892e-05	1.1755e-36	2.0215e-22	0.00e+00	0.00e+00	1.0633e+02
1.78450e+17	1.0737e+04	8.563e-15	3.5938e+04	2.7561e+04	1.1671e-12	3.1629e-01	6.8371e-01	6.5558e-02	9.3407e-01	3.6691e-04	3.2519e-15	5.2529e-05	5.7833e-01	4.2114e-01	4.5261e-04	3.5222e-01	6.2127e-01	2.6480e-02	2.1073e-05	8.0123e-06	1.1755e-36	2.5653e-22	0.00e+00	0.00e+00	1.0902e+02
1.78485e+17	1.0660e+04	8.168e-15	3.5938e+04	2.6748e+04	1.3730e-12	3.3617e-01	6.6383e-01	7.0965e-02	9.2866e-01	3.7851e-04	3.8346e-15	5.3142e-05	6.0031e-01	3.9924e-01	3.7694e-04	3.7480e-01	6.0338e-01	2.1793e-02	1.9148e-05	6.3788e-06	1.1755e-36	3.0341e-22	0.00e+00	0.00e+00	1.1151e+02
1.78523e+17	1.0572e+04	7.745e-15	3.5938e+04	2.5917e+04	1.6247e-12	3.5875e-01	6.4125e-01	7.7454e-02	9.2215e-01	3.9202e-04	4.5446e-15	5.3715e-05	6.2427e-01	3.7536e-01	3.0700e-04	4.0002e-01	5.8238e-01	1.7577e-02	1.7233e-05	4.9575e-06	1.1755e-36	3.5775e-22	0.00e+00	0.00e+00	1.1497e+02
1.78571e+17	1.0436e+04	7.183e-15	3.5938e+04	2.4746e+04	2.0446e-12	3.9022e-01	6.0978e-01	8.6789e-02	9.1280e-01	4.1151e-04	5.6538e-15	5.4215e-05	6.5516e-01	3.4454e-01	2.3375e-04	4.3448e-01	5.5235e-01	1.3150e-02	1.4956e-05	3.5337e-06	1.1755e-36	4.4192e-22	0.00e+00	0.00e+00	1.1966e+02
1.78619e+17	1.0299e+04	6.568e-15	3.5938e+04	2.3430e+04	2.5914e-12	4.2584e-01	5.7416e-01	9.8114e-02	9.0145e-01	4.3662e-04	7.0581e-15	5.4210e-05	6.8760e-01	3.1216e-01	1.7464e-04	4.7264e-01	5.1782e-01	9.5192e-03	1.2802e-05	2.4289e-06	1.1755e-36	5.4159e-22	0.00e+00	0.00e+00	1.2388e+02
1.78656e+17	1.0181e+04	6.065e-15	3.5938e+04	2.2358e+04	3.1222e-12	4.5533e-01	5.4467e-01	1.0851e-01	8.9103e-01	4.5916e-04	8.3566e-15	5.3890e-05	7.1337e-01	2.8643e-01	1.3786e-04	5.0362e-01	4.8908e-01	7.2882e-03	1.1286e-05	1.7858e-06	1.1755e-36	6.2684e-22	0.00e+00	0.00e+00	1.2709e+02
1.78685e+17	1.0095e+04	5.670e-15	3.5938e+04	2.1510e+04	3.5834e-12	4.7793e-01	5.2207e-01	1.1725e-01	8.8227e-01	4.7864e-04	9.4500e-15	5.3517e-05	7.3262e-01	2.6720e-01	1.1478e-04	5.2702e-01	4.6705e-01	5.9170e-03	1.0257e-05	1.4075e-06	1.1755e-36	6.9367e-22	0.00e+00	0.00e+00	1.2990e+02
1.78711e+17	1.0009e+04	5.310e-15	3.5938e+04	2.0721e+04	4.0611e-12	4.9903e-01	5.0097e-01	1.2597e-01	8.7353e-01	4.9808e-04	1.0532e-14	5.2932e-05	7.4996e-01	2.4989e-01	9.6794e-05	5.4860e-01	4.4652e-01	4.8679e-03	9.3851e-06	1.1275e-06	1.1755e-36	7.5324e-22	0.00e+00	0.00e+00	1.3288e+02
1.78738e+17	9.9205e+03	4.938e-15	3.5938e+04	1.9879e+04	4.6176e-12	5.2140e-01	4.7860e-01	1.3568e-01	8.6380e-01	5.2016e-04	1.1756e-14	5.2232e-05	7.6744e-01	2.3242e-01	8.1059e-05	5.7120e-01	4.2484e-01	3.9550e-03	8.5424e-06	8.9146e-07	1.1755e-36	8.1501e-22	0.00e+00	0.00e+00	1.3616e+02
1.78765e+17	9.8222e+03	4.573e-15	3.5938e+04	1.9026e+04	5.2591e-12	5.4450e-01	4.5550e-01	1.4634e-01	8.5312e-01	5.4421e-04	1.3095e-14	5.1298e-05	7.8461e-01	2.1526e-01	6.7861e-05	5.9426e-01	4.0254e-01	3.1920e-03	7.7499e-06	7.0028e-07	1.1755e-36	8.7470e-22	0.00e+00	0.00e+00	1.3938e+02
1.78785e+17	9.7539e+03	4.299e-15	3.5938e+04	1.8366e+04	5.7910e-12	5.6227e-01	4.3773e-01	1.5505e-01	8.4438e-01	5.6412e-04	1.4195e-14	5.0524e-05	7.9730e-01	2.0259e-01	5.9471e-05	6.1180e-01	3.8550e-01	2.7006e-03	7.1868e-06	5.8053e-07	1.1755e-36	9.1997e-22	0.00e+00	0.00e+00	1.4126e+02
1.78798e+17	9.7079e+03	4.129e-15	3.5938e+04	1.7960e+04	6.1326e-12	5.7262e-01	4.2738e-01	1.6082e-01	8.3861e-01	5.7717e-04	1.4866e-14	5.0005e-05	8.0502e-01	1.9487e-01	5.4849e-05	6.2195e-01	3.7560e-01	2.4389e-03	6.8764e-06	5.1834e-07	1.1755e-36	9.4153e-22	0.00e+00	0.00e+00	1.4264e+02
1.78810e+17	9.6625e+03	3.974e-15	3.5938e+04	1.7596e+04	6.4786e-12	5.8242e-01	4.1758e-01	1.6650e-01	8.3291e-01	5.8878e-04	1.5527e-14	4.9493e-05	8.1221e-01	1.8769e-01	5.0782e-05	6.3151e-01	3.6627e-01	2.2147e-03	6.5934e-06	4.6568e-07	1.1755e-36	9.6412e-22	0.00e+00	0.00e+00	1.4434e+02
1.78824e+17	9.5995e+03	3.786e-15	3.5938e+04	1.7139e+04	6.9489e-12	5.9514e-01	4.0486e-01	1.7386e-01	8.2554e-01	6.0336e-04	1.6391e-14	4.8900e-05	8.2102e-01	1.7888e-01	4.6140e-05	6.4386e-01	3.5418e-01	1.9585e-03	6.2412e-06	4.0622e-07	1.1755e-36	9.8927e-22	0.00e+00	0.00e+00	1.4655e+02
1.78841e+17	9.5383e+03	3.581e-15	3.5938e+04	1.6613e+04	7.4897e-12	6.0928e-01	3.9072e-01	1.8213e-01	8.1725e-01	6.2196e-04	1.7393e-14	4.8075e-05	8.3028e-01	1.6962e-01	4.1645e-05	6.5747e-01	3.4082e-01	1.7063e-03	5.8679e-06	3.4866e-07	1.1755e-36	1.0153e-21	0.00e+00	0.00e+00	1.4875e+02
1.78855e+17	9.4811e+03	3.395e-15	3.5938e+04	1.6115e+04	8.0214e-12	6.2210e-01	3.7790e-01	1.9005e-01	8.0931e-01	6.4073e-04	1.8347e-14	4.7226e-05	8.3853e-01	1.6138e-01	3.7986e-05	6.6974e-01	3.2875e-01	1.5015e-03	5.5449e-06	3.0282e-07	1.1755e-36	1.0350e-21	0.00e+00	0.00e+00	1.5072e+02
1.78869e+17	9.4316e+03	3.228e-15	3.5938e+04	1.5658e+04	8.5186e-12	6.3339e-01	3.6661e-01	1.9746e-01	8.0188e-01	6.5874e-04	1.9228e-14	4.6394e-05	8.4578e-01	1.5414e-01	3.5015e-05	6.8049e-01	3.1817e-01	1.3371e-03	5.2720e-06	2.6663e-07	1.1755e-36	1.0487e-21	0.00e+00	0.00e+00	1.5261e+02
1.78883e+17	9.3694e+03	3.067e-15	3.5938e+04	1.5233e+04	9.0851e-12	6.4521e-01	3.5479e-01	2.0571e-01	7.9361e-01	6.7514e-04	2.0166e-14	4.5658e-05	8.5318e-01	1.4674e-01	3.2257e-05	6.9167e-01	3.0713e-01	1.1870e-03	4.9981e-06	2.3396e-07	1.1755e-36	1.0634e-21	0.00e+00	0.00e+00	1.5466e+02
1.78897e+17	9.3116e+03	2.905e-15	3.5938e+04	1.4777e+04	9.6810e-12	6.5709e-01	3.4291e-01	2.1424e-01	7.8507e-01	6.9404e-04	2.1155e-14	4.4792e-05	8.6039e-01	1.3953e-01	2.9748e-05	7.0285e-01	2.9610e-01	1.0501e-03	4.7332e-06	2.0460e-07	1.1755e-36	1.0740e-21	0.00e+00	0.00e+00	1.5674e+02
1.78910e+17	9.2537e+03	2.748e-15	3.5938e+04	1.4330e+04	1.0303e-11	6.6877e-01	3.3123e-01	2.2306e-01	7.7622e-01	7.1349e-04	2.2168e-14	4.3905e-05	8.6733e-01	1.3260e-01	2.7524e-05	7.1377e-01	2.8529e-01	9.2948e-04	4.4827e-06	1.7909e-07	1.1755e-36	1.0814e-21	0.00e+00	0.00e+00	1.5883e+02
1.78924e+17	9.1934e+03	2.599e-15	3.5938e+04	1.3892e+04	1.0960e-11	6.8013e-01	3.1987e-01	2.3210e-01	7.6717e-01	7.3318e-04	2.3194e-14	4.3011e-05	8.7393e-01	1.2600e-01	2.5572e-05	7.2434e-01	2.7483e-01	8.2438e-04	4.2481e-06	1.5718e-07	1.1755e-36	1.0853e-21	0.00e+00	0.00e+00	1.6091e+02
1.78937e+17	9.1339e+03	2.457e-15	3.5938e+04	1.3465e+04	1.1641e-11	6.9119e-01	3.0881e-01	2.4138e-01	7.5787e-01	7.5320e-04	2.4237e-14	4.2106e-05	8.8023e-01	1.1970e-01	2.3848e-05	7.3458e-01	2.6469e-01	7.3225e-04	4.0278e-06	1.3821e-07	1.1755e-36	1.0861e-21	0.00e+00	0.00e+00	1.6300e+02
1.78951e+17	9.0734e+03	2.320e-15	3.5938e+04	1.3043e+04	1.2357e-11	7.0208e-01	2.9792e-01	2.5099e-01	7.4823e-01	7.7360e-04	2.5308e-14	4.1187e-05	8.8630e-01	1.1364e-01	2.2313e-05	7.4460e-01	2.5474e-01	6.5076e-04	3.8182e-06	1.1755e-36	1.1755e-36	1.0839e-21	0.00e+00	0.00e+00	1.6513e+02
1.78964e+17	9.0078e+03	2.188e-15	3.5938e+04	1.2619e+04	1.3139e-11	7.1280e-01	2.8720e-01	2.6086e-01	7.3835e-01	7.9498e-04	2.6413e-14	4.0207e-05	8.9212e-01	1.0782e-01	2.0947e-05	7.5443e-01	2.4499e-01	5.7881e-04	3.6190e-06	1.1755e-36	1.1755e-36	1.0774e-21	0.00e+00	0.00e+00	1.6728e+02
1.78977e+17	8.9438e+03	2.063e-15	3.5938e+04	1.2216e+04	1.3945e-11	7.2334e-01	2.7666e-01	2.7122e-01	7.2796e-01	8.1564e-04	2.7545e-14	3.9309e-05	8.9773e-01	1.0221e-01	1.9731e-05	7.6404e-01	2.3544e-01	5.1530e-04	3.4292e-06	1.1755e-36	1.1755e-36	1.0703e-21	0.00e+00	0.00e+00	1.6944e+02
1.78990e+17	8.8800e+03	1.944e-15	3.5938e+04	1.1817e+04	1.4784e-11	7.3351e-01	2.6649e-01	2.8172e-01	7.1744e-01	8.3713e-04	2.8695e-14	3.8363e-05	9.0303e-01	9.6911e-02	1.8664e-05	7.7327e-01	2.2627e-01	4.5995e-04	3.2519e-06	1.1755e-36	1.1755e-36	1.0592e-21	0.00e+00	0.00e+00	1.7160e+02
1.79003e+17	8.8153e+03	1.830e-15	3.5938e+04	1.1427e+04	1.5665e-11	7.4341e-01	2.5659e-01	2.9252e-01	7.0662e-01	8.5869e-04	2.9870e-14	3.7417e-05	9.0808e-01	9.1862e-02	1.7718e-05	7.8221e-01	2.1737e-01	4.1137e-04	3.0843e-06	1.1755e-36	1.1755e-36	1.0456e-21	0.00e+00	0.00e+00	1.7378e+02
1.79016e+17	8.7502e+03	1.720e-15	3.5938e+04	1.1037e+04	1.6591e-11	7.5307e-01	2.4693e-01	3.0357e-01	6.9555e-01	8.8121e-04	3.1082e-14	3.6422e-05	9.1289e-01	8.7055e-02	1.6878e-05	7.9089e-01	2.0873e-01	3.6853e-04	2.9256e-06	1.1755e-36	1.1755e-36	1.0285e-21	0.00e+00	0.00e+00	1.7600e+02
1.79029e+17	8.6811e+03	1.617e-15	3.5938e+04	1.0666e+04	1.7592e-11	7.6268e-01	2.3732e-01	3.1527e-01	6.8382e-01	9.0241e-04	3.2334e-14	3.5510e-05	9.1756e-01	8.2386e-02	1.6124e-05	7.9950e-01	2.0017e-01	3.3053e-04	2.7720e-06	1.1755e-36	1.1755e-36	1.0111e-21	0.00e+00	0.00e+00	1.7824e+02
1.79042e+17	8.6100e+03	1.518e-15	3.5938e+04	1.0297e+04	1.8657e-11	7.7193e-01	2.2807e-01	3.2708e-01	6.7199e-01	9.2442e-04	3.3613e-14	3.4559e-05	9.2194e-01	7.8004e-02	1.5462e-05	8.0774e-01	1.9196e-01	2.9749e-04	2.6284e-06	1.1755e-36	1.1755e-36	9.9039e-22	0.00e+00	0.00e+00	1.8046e+02
1.79055e+17	8.5390e+03	1.425e-15	3.5938e+04	9.9396e+03	1.9767e-11	7.8078e-01	2.1922e-01	3.3908e-01	6.5998e-01	9.4627e-04	3.4911e-14	3.3617e-05	9.2606e-01	7.3887e-02	1.4882e-05	8.1561e-01	1.8412e-01	2.6884e-04	2.4943e-06	1.1755e-36	1.1755e-36	9.6783e-22	0.00e+00	0.00e+00	1.8269e+02
1.79067e+17	8.4671e+03	1.337e-15	3.5938e+04	9.5904e+03	2.0940e-11	7.8941e-01	2.1059e-01	3.5143e-01	6.4760e-01	9.6799e-04	3.6248e-14	3.2681e-05	9.2998e-01	6.9969e-02	1.4366e-05	8.2324e-01	1.7652e-01	2.4363e-04	2.3669e-06	1.1755e-36	1.1755e-36	9.4368e-22	0.00e+00	0.00e+00	1.8495e+02
1.79080e+17	8.3941e+03	1.253e-15	3.5938e+04	9.2472e+03	2.2186e-11	7.9786e-01	2.0214e-01	3.6420e-01	6.3481e-01	9.8972e-04	3.7634e-14	3.1743e-05	9.3372e-01	6.6230e-02	1.3903e-05	8.3068e-01	1.6909e-01	2.2134e-04	2.2450e-06	1.1755e-36	1.1755e-36	9.1795e-22	0.00e+00	0.00e+00	1.8725e+02
1.79093e+17	8.3153e+03	1.173e-15	3.5938e+04	8.9070e+03	2.3565e-11	8.0609e-01	1.9391e-01	3.7721e-01	6.2178e-01	1.0117e-03	3.9068e-14	3.0780e-05	9.3726e-01	6.2693e-02	1.3494e-05	8.3790e-01	1.6189e-01	2.0185e-04	2.1293e-06	1.1755e-36	1.1755e-36	8.8996e-22	0.00e+00	0.00e+00	1.8955e+02
1.79105e+17	8.2380e+03	1.098e-15	3.5938e+04	8.5846e+03	2.4994e-11	8.1403e-01	1.8597e-01	3.9066e-01	6.0830e-01	1.0320e-03	4.0528e-14	2.9895e-05	9.4061e-01	5.9349e-02	1.3131e-05	8.4485e-01	1.5496e-01	1.8484e-04	2.0199e-06	1.1755e-36	1.1755e-36	8.6261e-22	0.00e+00	0.00e+00	1.9186e+02
1.79118e+17	8.1604e+03	1.028e-15	3.5938e+04	8.2687e+03	2.6501e-11	8.2162e-01	1.7838e-01	4.0425e-01	5.9470e-01	1.0525e-03	4.2025e-14	2.8991e-05	9.4373e-01	5.6226e-02	1.2812e-05	8.5147e-01	1.4836e-01	1.7009e-04	1.9176e-06	1.1755e-36	1.1755e-36	8.3378e-22	0.00e+00	0.00e+00	1.9417e+02
1.79130e+17	8.0810e+03	9.610e-16	3.5938e+04	7.9609e+03	2.8114e-11	8.2899e-01	1.7101e-01	4.1819e-01	5.8073e-01	1.0723e-03	4.3571e-14	2.8099e-05	9.4669e-01	5.3271e-02	1.2528e-05	8.5787e-01	1.4197e-01	1.5714e-04	1.8203e-06	1.1755e-36	1.1755e-36	8.0437e-22	0.00e+00	0.00e+00	1.9652e+02
1.79143e+17	7.9952e+03	8.976e-16	3.5938e+04	7.6554e+03	2.9923e-11	8.3618e-01	1.6382e-01	4.3244e-01	5.6647e-01	1.0918e-03	4.5183e-14	2.7186e-05	9.4948e-01	5.0476e-02	1.2274e-05	8.6410e-01	1.3575e-01	1.4580e-04	1.7272e-06	1.1755e-36	1.1755e-36	7.7359e-22	0.00e+00	0.00e+00	1.9890e+02
1.79155e+17	7.9088e+03	8.382e-16	3.5938e+04	7.3647e+03	3.1848e-11	8.4315e-01	1.5685e-01	4.4718e-01	5.5171e-01	1.1092e-03	4.6832e-14	2.6342e-05	9.5212e-01	4.7838e-02	1.2048e-05	8.7012e-01	1.2974e-01	1.3590e-04	1.6386e-06	1.1755e-36	1.1755e-36	7.4387e-22	0.00e+00	0.00e+00	2.0128e+02
1.79167e+17	7.8239e+03	7.826e-16	3.5938e+04	7.0815e+03	3.3859e-11	8.4975e-01	1.5025e-01	4.6195e-01	5.3692e-01	1.1265e-03	4.8523e-14	2.5489e-05	9.5456e-01	4.5400e-02	1.1850e-05	8.7580e-01	1.2407e-01	1.2737e-04	1.5563e-06	1.1755e-36	1.1755e-36	7.1369e-22	0.00e+00	0.00e+00	2.0366e+02
1.79180e+17	7.7363e+03	7.307e-16	3.5938e+04	6.8087e+03	3.6041e-11	8.5609e-01	1.4391e-01	4.7699e-01	5.2187e-01	1.1420e-03	5.0255e-14	2.4659e-05	9.5684e-01	4.3119e-02	1.1675e-05	8.8124e-01	1.1864e-01	1.1998e-04	1.4785e-06	1.1755e-36	1.1755e-36	6.8393e-22	0.00e+00	0.00e+00	2.0605e+02
1.79192e+17	7.6462e+03	6.817e-16	3.5938e+04	6.5376e+03	3.8411e-11	8.6209e-01	1.3791e-01	4.9200e-01	5.0684e-01	1.1580e-03	5.2052e-14	2.3809e-05	9.5895e-01	4.1013e-02	1.1522e-05	8.8638e-01	1.1350e-01	1.1361e-04	1.4062e-06	1.1755e-36	1.1755e-36	6.5312e-22	0.00e+00	0.00e+00	2.0846e+02
1.79204e+17	7.5622e+03	6.369e-16	3.5938e+04	6.2853e+03	4.0786e-11	8.6774e-01	1.3226e-01	5.0701e-01	4.9181e-01	1.1716e-03	5.3856e-14	2.3030e-05	9.6088e-01	3.9088e-02	1.1387e-05	8.9120e-01	1.0869e-01	1.0817e-04	1.3390e-06	1.1755e-36	1.1755e-36	6.2470e-22	0.00e+00	0.00e+00	2.1080e+02
1.79216e+17	7.4719e+03	5.957e-16	3.5938e+04	6.0462e+03	4.3443e-11	8.7308e-01	1.2692e-01	5.2208e-01	4.7673e-01	1.1824e-03	5.5663e-14	2.2280e-05	9.6266e-01	3.7309e-02	1.1270e-05	8.9575e-01	1.0414e-01	1.0355e-04	1.2764e-06	1.1755e-36	1.1755e-36	5.9728e-22	0.00e+00	0.00e+00	2.1315e+02
1.79228e+17	7.3766e+03	5.569e-16	3.5938e+04	5.8132e+03	4.6417e-11	8.7827e-01	1.2173e-01	5.3741e-01	4.6140e-01	1.1913e-03	5.7529e-14	2.1545e-05	9.6432e-01	3.5643e-02	1.1166e-05	9.0017e-01	9.9734e-02	9.9543e-05	1.2165e-06	1.1755e-36	1.1755e-36	5.7039e-22	0.00e+00	0.00e+00	2.1554e+02
1.79240e+17	7.2806e+03	5.204e-16	3.5938e+04	5.5868e+03	4.9618e-11	8.8325e-01	1.1675e-01	5.5288e-01	4.4593e-01	1.1987e-03	5.9453e-14	2.0822e-05	9.6587e-01	3.4097e-02	1.1074e-05	9.0439e-01	9.5514e-02	9.6069e-05	1.1597e-06	1.1755e-36	1.1755e-36	5.4421e-22	0.00e+00	0.00e+00	2.1793e+02
1.79252e+17	7.1842e+03	4.866e-16	3.5938e+04	5.3704e+03	5.3047e-11	8.8795e-01	1.1205e-01	5.6831e-01	4.3049e-01	1.2040e-03	6.1404e-14	2.0126e-05	9.6729e-01	3.2681e-02	1.0993e-05	9.0837e-01	9.1540e-02	9.3114e-05	1.1068e-06	1.1755e-36	1.1755e-36	5.1920e-22	0.00e+00	0.00e+00	2.2031e+02
1.79264e+17	7.0874e+03	4.554e-16	3.5938e+04	5.1643e+03	5.6723e-11	8.9236e-01	1.0764e-01	5.8367e-01	4.1512e-01	1.2070e-03	6.3371e-14	1.9457e-05	9.6858e-01	3.1387e-02	1.0923e-05	9.1210e-01	8.7811e-02	9.0614e-05	1.0577e-06	1.1755e-36	1.1755e-36	4.9549e-22	0.00e+00	0.00e+00	2.2268e+02
1.79275e+17	6.9896e+03	4.264e-16	3.5938e+04	4.9665e+03	6.0685e-11	8.9655e-01	1.0345e-01	5.9904e-01	3.9975e-01	1.2077e-03	6.5371e-14	1.8811e-05	9.6977e-01	3.0199e-02	1.0862e-05	9.1563e-01	8.4282e-02	8.8491e-05	1.0116e-06	1.1755e-36	1.1755e-36	4.7290e-22	0.00e+00	0.00e+00	2.2507e+02
1.79287e+17	6.8907e+03	3.992e-16	3.5938e+04	4.7757e+03	6.4967e-11	9.0054e-01	9.9464e-02	6.1445e-01	3.8435e-01	1.2062e-03	6.7413e-14	1.8182e-05	9.7086e-01	2.9106e-02	1.0808e-05	9.1898e-01	8.0929e-02	8.6687e-05	9.6817e-07	1.1755e-36	1.1755e-36	4.5136e-22	0.00e+00	0.00e+00	2.2748e+02
1.79299e+17	6.7850e+03	3.740e-16	3.5938e+04	4.5946e+03	6.9855e-11	9.0443e-01	9.5574e-02	6.3001e-01	3.6879e-01	1.2003e-03	6.9469e-14	1.7588e-05	9.7188e-01	2.8091e-02	1.0762e-05	9.2225e-01	7.7660e-02	8.5184e-05	9.2627e-07	1.1755e-36	1.1755e-36	4.3157e-22	0.00e+00	0.00e+00	2.2990e+02
1.79311e+17	6.6829e+03	3.503e-16	3.5938e+04	4.4177e+03	7.4915e-11	9.0803e-01	9.1972e-02	6.4547e-01	3.5334e-01	1.1936e-03	7.1585e-14	1.6998e-05	9.7280e-01	2.7172e-02	1.0722e-05	9.2528e-01	7.4637e-02	8.3919e-05	8.8776e-07	1.1755e-36	1.1755e-36	4.1227e-22	0.00e+00	0.00e+00	2.3237e+02
1.79323e+17	6.5801e+03	3.282e-16	3.5938e+04	4.2480e+03	8.0346e-11	9.1144e-01	8.8556e-02	6.6087e-01	3.3795e-01	1.1842e-03	7.3734e-14	1.6427e-05	9.7364e-01	2.6337e-02	1.0687e-05	9.2814e-01	7.1775e-02	8.2876e-05	8.5156e-07	1.1755e-36	1.1755e-36	3.9416e-22	0.00e+00	0.00e+00	2.3484e+02
1.79335e+17	6.4770e+03	3.079e-16	3.5938e+04	4.0864e+03	8.6141e-11	9.1463e-01	8.5366e-02	6.7608e-01	3.2274e-01	1.1722e-03	7.5892e-14	1.5880e-05	9.7439e-01	2.5584e-02	1.0659e-05	9.3081e-01	6.9104e-02	8.2044e-05	8.1804e-07	1.1755e-36	1.1755e-36	3.7731e-22	0.00e+00	0.00e+00	2.3733e+02
1.79347e+17	6.3735e+03	2.889e-16	3.5938e+04	3.9322e+03	9.2309e-11	9.1764e-01	8.2363e-02	6.9120e-01	3.0764e-01	1.1572e-03	7.8066e-14	1.5356e-05	9.7507e-01	2.4903e-02	1.0635e-05	9.3333e-01	6.6592e-02	8.1386e-05	7.8670e-07	1.1755e-36	1.1755e-36	3.6170e-22	0.00e+00	0.00e+00	2.3985e+02
1.79359e+17	6.2690e+03	2.712e-16	3.5938e+04	3.7838e+03	9.8898e-11	9.2049e-01	7.9514e-02	7.0629e-01	2.9258e-01	1.1394e-03	8.0272e-14	1.4848e-05	9.7569e-01	2.4287e-02	1.0615e-05	9.3571e-01	6.4213e-02	8.0879e-05	7.5721e-07	1.1755e-36	1.1755e-36	3.4713e-22	0.00e+00	0.00e+00	2.4243e+02
1.79372e+17	6.1633e+03	2.546e-16	3.5938e+04	3.6408e+03	1.0590e-10	9.2318e-01	7.6816e-02	7.2131e-01	2.7757e-01	1.1186e-03	8.2510e-14	1.4356e-05	9.7624e-01	2.3733e-02	1.0599e-05	9.3796e-01	6.1959e-02	8.0507e-05	7.2943e-07	1.1755e-36	1.1755e-36	3.3356e-22	0.00e+00	0.00e+00	2.4507e+02
1.79384e+17	6.0570e+03	2.392e-16	3.5938e+04	3.5039e+03	1.1328e-10	9.2573e-01	7.4275e-02	7.3621e-01	2.6269e-01	1.0949e-03	8.4765e-14	1.3883e-05	9.7674e-01	2.3239e-02	1.0587e-05	9.4008e-01	5.9839e-02	8.0261e-05	7.0345e-07	1.1755e-36	1.1755e-36	3.2102e-22	0.00e+00	0.00e+00	2.4777e+02
1.79397e+17	5.9502e+03	2.248e-16	3.5938e+04	3.3731e+03	1.2096e-10	9.2810e-01	7.1895e-02	7.5100e-01	2.4793e-01	1.0679e-03	8.7030e-14	1.3429e-05	9.7717e-01	2.2803e-02	1.0579e-05	9.4207e-01	5.7854e-02	8.0129e-05	6.7928e-07	1.1755e-36	1.1755e-36	3.0944e-22	0.00e+00	0.00e+00	2.5054e+02
1.79411e+17	5.8428e+03	2.114e-16	3.5938e+04	3.2478e+03	1.2892e-10	9.3034e-01	6.9659e-02	7.6569e-01	2.3327e-01	1.0377e-03	8.9305e-14	1.2993e-05	9.7756e-01	2.2419e-02	1.0574e-05	9.4393e-01	5.5990e-02	8.0097e-05	6.5669e-07	1.1755e-36	1.1755e-36	2.9875e-22	0.00e+00	0.00e+00	2.5340e+02
1.79424e+17	5.7345e+03	1.989e-16	3.5938e+04	3.1278e+03	1.3707e-10	9.3244e-01	6.7555e-02	7.8024e-01	2.1876e-01	1.0043e-03	9.1590e-14	1.2574e-05	9.7789e-01	2.2086e-02	1.0572e-05	9.4568e-01	5.4236e-02	8.0158e-05	6.3556e-07	1.1755e-36	1.1755e-36	2.8885e-22	0.00e+00	0.00e+00	2.5638e+02
1.79439e+17	5.6255e+03	1.872e-16	3.5938e+04	3.0128e+03	1.4532e-10	9.3442e-01	6.5579e-02	7.9462e-01	2.0441e-01	9.6786e-04	9.3879e-14	1.2171e-05	9.7818e-01	2.1801e-02	1.0573e-05	9.4733e-01	5.2589e-02	8.0303e-05	6.1581e-07	1.1755e-36	1.1755e-36	2.7964e-22	0.00e+00	0.00e+00	2.5948e+02
1.79454e+17	5.5157e+03	1.763e-16	3.5938e+04	2.9030e+03	1.5351e-10	9.3627e-01	6.3728e-02	8.0880e-01	1.9027e-01	9.2836e-04	9.6161e-14	1.1785e-05	9.7842e-01	2.1562e-02	1.0576e-05	9.4887e-01	5.1046e-02	8.0527e-05	5.9740e-07	1.1755e-36	1.1755e-36	2.7099e-22	0.00e+00	0.00e+00	2.6275e+02
1.79470e+17	5.4062e+03	1.661e-16	3.5938e+04	2.7960e+03	1.6160e-10	9.3794e-01	6.2060e-02	8.2262e-01	1.7649e-01	8.8750e-04	9.8481e-14	1.1407e-05	9.7860e-01	2.1375e-02	1.0583e-05	9.5027e-01	4.9652e-02	8.0825e-05	5.8090e-07	1.1755e-36	1.1755e-36	2.6297e-22	0.00e+00	0.00e+00	2.6620e+02
1.79486e+17	5.2917e+03	1.568e-16	3.5938e+04	2.6980e+03	1.7000e-10	9.3959e-01	6.0415e-02	8.3620e-01	1.6296e-01	8.4193e-04	1.0069e-13	1.1066e-05	9.7875e-01	2.1223e-02	1.0592e-05	9.5164e-01	4.8276e-02	8.1209e-05	5.6464e-07	1.1755e-36	1.1755e-36	2.5646e-22	0.00e+00	0.00e+00	2.6982e+02
1.79504e+17	5.1869e+03	1.481e-16	3.5938e+04	2.6035e+03	1.7701e-10	9.4101e-01	5.8986e-02	8.4939e-01	1.4981e-01	7.9579e-04	1.0293e-13	1.0730e-05	9.7887e-01	2.1113e-02	1.0602e-05	9.5283e-01	4.7084e-02	8.1599e-05	5.5064e-07	1.1755e-36	1.1755e-36	2.4978e-22	0.00e+00	0.00e+00	2.7382e+02
1.79524e+17	5.0752e+03	1.400e-16	3.5938e+04	2.5131e+03	1.8377e-10	9.4242e-01	5.7582e-02	8.6244e-01	1.3681e-01	7.4600e-04	1.0512e-13	1.0413e-05	9.7894e-01	2.1041e-02	1.0614e-05	9.5401e-01	4.5908e-02	8.2078e-05	5.3690e-07	1.1755e-36	1.1755e-36	2.4314e-22	0.00e+00	0.00e+00	2.7822e+02
1.79545e+17	4.9638e+03	1.324e-16	3.5938e+04	2.4277e+03	1.8917e-10	9.4371e-01	5.6286e-02	8.7508e-01	1.2423e-01	6.9447e-04	1.0724e-13	1.0116e-05	9.7904e-01	2.0937e-02	1.0628e-05	9.5510e-01	4.4821e-02	8.2607e-05	5.2426e-07	1.1755e-36	1.1755e-36	2.3493e-22	0.00e+00	0.00e+00	2.8313e+02
1.79570e+17	4.8526e+03	1.255e-16	3.5938e+04	2.3478e+03	1.9261e-10	9.4490e-01	5.5096e-02	8.8718e-01	1.1217e-01	6.4181e-04	1.0924e-13	9.8405e-06	9.7926e-01	2.0716e-02	1.0644e-05	9.5610e-01	4.3820e-02	8.3186e-05	5.1269e-07	1.1755e-36	1.1755e-36	2.2353e-22	0.00e+00	0.00e+00	2.8871e+02
1.79598e+17	4.7437e+03	1.192e-16	3.5938e+04	2.2736e+03	1.9452e-10	9.4599e-01	5.4014e-02	8.9868e-01	1.0073e-01	5.8889e-04	1.1113e-13	9.5871e-06	9.7946e-01	2.0516e-02	1.0660e-05	9.5701e-01	4.2908e-02	8.3792e-05	5.0219e-07	1.1755e-36	1.1755e-36	2.1193e-22	0.00e+00	0.00e+00	2.9529e+02
1.79630e+17	4.6466e+03	1.140e-16	3.5938e+04	2.2102e+03	1.9478e-10	9.4689e-01	5.3105e-02	9.0871e-01	9.0750e-02	5.4037e-04	1.1278e-13	9.3720e-06	9.7963e-01	2.0349e-02	1.0675e-05	9.5778e-01	4.2139e-02	8.4360e-05	4.9337e-07	1.1755e-36	1.1755e-36	2.0105e-22	0.00e+00	0.00e+00	3.0235e+02
1.79663e+17	4.5704e+03	1.101e-16	3.5938e+04	2.1633e+03	1.9392e-10	9.4759e-01	5.2406e-02	9.1659e-01	8.2914e-02	5.0030e-04	1.1400e-13	9.2151e-06	9.7976e-01	2.0217e-02	1.0686e-05	9.5837e-01	4.1547e-02	8.4818e-05	4.8655e-07	1.1755e-36	1.1755e-36	1.9222e-22	0.00e+00	0.00e+00	3.0938e+02
1.79695e+17	4.5148e+03	1.072e-16	3.5938e+04	2.1267e+03	1.9249e-10	9.4801e-01	5.1995e-02	9.2237e-01	7.7158e-02	4.7076e-04	1.1497e-13	9.0897e-06	9.7985e-01	2.0132e-02	1.0694e-05	9.5872e-01	4.1194e-02	8.5160e-05	4.8250e-07	1.1755e-36	1.1755e-36	1.8511e-22	0.00e+00	0.00e+00	3.1638e+02
1.79728e+17	4.4665e+03	1.052e-16	3.5938e+04	2.1012e+03	1.9195e-10	9.4840e-01	5.1595e-02	9.2680e-01	7.2752e-02	4.4677e-04	1.1563e-13	9.0084e-06	9.7993e-01	2.0053e-02	1.0700e-05	9.5906e-01	4.0854e-02	8.5464e-05	4.7858e-07	1.1755e-36	1.1755e-36	1.8047e-22	0.00e+00	0.00e+00	3.2335e+02
1.79760e+17	4.4383e+03	1.037e-16	3.5938e+04	2.0859e+03	1.9051e-10	9.4872e-01	5.1282e-02	9.3000e-01	6.9573e-02	4.2874e-04	1.1603e-13	8.9578e-06	9.7999e-01	1.9991e-02	1.0700e-05	9.5932e-01	4.0594e-02	8.5622e-05	4.7548e-07	1.1755e-36	1.1755e-36	1.7661e-22	0.00e+00	0.00e+00	3.3031e+02
1.79792e+17	4.4124e+03	1.026e-16	3.5938e+04	2.0674e+03	1.8957e-10	9.4878e-01	5.1216e-02	9.3220e-01	6.7381e-02	4.1765e-04	1.1653e-13	8.8937e-06	9.8001e-01	1.9967e-02	1.0702e-05	9.5939e-01	4.0529e-02	8.5789e-05	4.7475e-07	1.1755e-36	1.1755e-36	1.7319e-22	0.00e+00	0.00e+00	3.3725e+02
1.79825e+17	4.3927e+03	1.018e-16	3.5938e+04	2.0588e+03	1.8928e-10	9.4899e-01	5.1015e-02	9.3399e-01	6.5607e-02	4.0722e-04	1.1675e-13	8.8680e-06	9.8006e-01	1.9925e-02	1.0701e-05	9.5955e-01	4.0361e-02	8.5898e-05	4.7271e-07	1.1755e-36	1.1755e-36	1.7152e-22	0.00e+00	0.00e+00	3.4419e+02
1.79857e+17	4.3810e+03	1.012e-16	3.5938e+04	2.0511e+03	1.8904e-10	9.4907e-01	5.0928e-02	9.3526e-01	6.4339e-02	4.0018e-04	1.1696e-13	8.8417e-06	9.8008e-01	1.9901e-02	1.0698e-05	9.5963e-01	4.0285e-02	8.5950e-05	4.7172e-07	1.1755e-36	1.1755e-36	1.7035e-22	0.00e+00	0.00e+00	3.5112e+02
1.79889e+17	4.3719e+03	1.008e-16	3.5938e+04	2.0455e+03	1.8899e-10	9.4914e-01	5.0855e-02	9.3620e-01	6.3403e-02	3.9487e-04	1.1713e-13	8.8226e-06	9.8010e-01	1.9881e-02	1.0695e-05	9.5969e-01	4.0223e-02	8.5987e-05	4.7091e-07	1.1755e-36	1.1755e-36	1.6960e-22	0.00e+00	0.00e+00	3.5805e+02
1.79921e+17	4.3653e+03	1.005e-16	3.5938e+04	2.0413e+03	1.8907e-10	9.4920e-01	5.0803e-02	9.3690e-01	6.2707e-02	3.9091e-04	1.1725e-13	8.8079e-06	9.8012e-01	1.9864e-02	1.0691e-05	9.5973e-01	4.0179e-02	8.6005e-05	4.7028e-07	1.1755e-36	1.1755e-36	1.6918e-22	0.00e+00	0.00e+00	3.6497e+02
1.79953e+17	4.3629e+03	1.002e-16	3.5938e+04	2.0380e+03	1.8912e-10	9.4921e-01	5.0790e-02	9.3741e-01	6.2206e-02	3.8820e-04	1.1737e-13	8.7950e-06	9.8013e-01	1.9853e-02	1.0686e-05	9.5975e-01	4.0167e-02	8.5991e-05	4.7001e-07	1.1755e-36	1.1755e-36	1.6901e-22	0.00e+00	0.00e+00	3.7189e+02
1.79985e+17	4.3554e+03	1.000e-16	3.5938e+04	2.0355e+03	1.8954e-10	9.4928e-01	5.0721e-02	9.3783e-01	6.1782e-02	3.8550e-04	1.1742e-13	8.7882e-06	9.8015e-01	1.9834e-02	1.0682e-05	9.5980e-01	4.0109e-02	8.6020e-05	4.6922e-07	1.1755e-36	1.1755e-36	1.6896e-22	0.00e+00	0.00e+00	3.7881e+02
1.80022e+17	4.3466e+03	9.974e-17	3.5938e+04	2.0325e+03	1.9010e-10	9.4934e-01	5.0659e-02	9.3820e-01	6.1420e-02	3.8321e-04	1.1749e-13	8.7806e-06	9.8017e-01	1.9812e-02	1.0677e-05	9.5986e-01	4.0056e-02	8.6054e-05	4.6847e-07	1.1755e-36	1.1755e-36	1.6899e-22	0.00e+00	0.00e+00	3.8780e+02
1.80070e+17	4.3393e+03	9.941e-17	3.5938e+04	2.0292e+03	1.9062e-10	9.4943e-01	5.0572e-02	9.3852e-01	6.1094e-02	3.8123e-04	1.1759e-13	8.7708e-06	9.8019e-01	1.9790e-02	1.0670e-05	9.5993e-01	3.9984e-02	8.6063e-05	4.6745e-07	1.1755e-36	1.1755e-36	1.6907e-22	0.00e+00	0.00e+00	3.9949e+02
1.80133e+17	4.3308e+03	9.908e-17	3.5938e+04	2.0255e+03	1.9139e-10	9.4951e-01	5.0493e-02	9.3883e-01	6.0786e-02	3.7932e-04	1.1770e-13	8.7597e-06	9.8022e-01	1.9762e-02	1.0661e-05	9.6000e-01	3.9916e-02	8.6068e-05	4.6641e-07	1.1755e-36	1.1755e-36	1.6931e-22	0.00e+00	0.00e+00	4.1469e+02
1.80214e+17	4.3222e+03	9.874e-17	3.5938e+04	2.0219e+03	1.9243e-10	9.4959e-01	5.0412e-02	9.3913e-01	6.0494e-02	3.7736e-04	1.1780e-13	8.7496e-06	9.8025e-01	1.9729e-02	1.0648e-05	9.6006e-01	3.9849e-02	8.6058e-05	4.6529e-07	1.1755e-36	1.1755e-36	1.6983e-22	0.00e+00	0.00e+00	4.3446e+02
1.80319e+17	4.3125e+03	9.837e-17	3.5938e+04	2.0174e+03	1.9402e-10	9.4965e-01	5.0347e-02	9.3944e-01	6.0181e-02	3.7528e-04	1.1794e-13	8.7358e-06	9.8029e-01	1.9689e-02	1.0631e-05	9.6012e-01	3.9791e-02	8.6034e-05	4.6418e-07	1.1755e-36	1.1755e-36	1.7082e-22	0.00e+00	0.00e+00	4.6015e+02
1.80457e+17	4.3032e+03	9.803e-17	3.5938e+04	2.0147e+03	1.9533e-10	9.4976e-01	5.0239e-02	9.3973e-01	5.9896e-02	3.7283e-04	1.1801e-13	8.7301e-06	9.8035e-01	1.9633e-02	1.0608e-05	9.6021e-01	3.9702e-02	8.5978e-05	4.6257e-07	1.1755e-36	1.1755e-36	1.7165e-22	0.00e+00	0.00e+00	4.9356e+02
1.80635e+17	4.2904e+03	9.760e-17	3.5938e+04	2.0090e+03	1.9740e-10	9.4984e-01	5.0160e-02	9.4010e-01	5.9533e-02	3.7017e-04	1.1819e-13	8.7130e-06	9.8041e-01	1.9569e-02	1.0579e-05	9.6028e-01	3.9631e-02	8.5910e-05	4.6100e-07	1.1755e-36	1.1755e-36	1.7292e-22	0.00e+00	0.00e+00	5.3699e+02
1.80867e+17	4.2827e+03	9.714e-17	3.5938e+04	2.0040e+03	1.9935e-10	9.4991e-01	5.0087e-02	9.4049e-01	5.9146e-02	3.6725e-04	1.1837e-13	8.6958e-06	9.8049e-01	1.9494e-02	1.0538e-05	9.6034e-01	3.9571e-02	8.5753e-05	4.5930e-07	1.1755e-36	1.1755e-36	1.7441e-22	0.00e+00	0.00e+00	5.9346e+02
1.81168e+17	4.2670e+03	9.662e-17	3.5938e+04	1.9977e+03	2.0119e-10	9.5004e-01	4.9956e-02	9.4088e-01	5.8753e-02	3.6383e-04	1.1854e-13	8.6782e-06	9.8059e-01	1.9389e-02	1.0488e-05	9.6045e-01	3.9459e-02	8.5595e-05	4.5674e-07	1.1755e-36	1.1755e-36	1.7522e-22	0.00e+00	0.00e+00	6.6687e+02
1.81560e+17	4.2519e+03	9.608e-17	3.5938e+04	1.9951e+03	2.0295e-10	9.5030e-01	4.9702e-02	9.4139e-01	5.8250e-02	3.5864e-04	1.1860e-13	8.6768e-06	9.8074e-01	1.9242e-02	1.0420e-05	9.6066e-01	3.9250e-02	8.5337e-05	4.5263e-07	1.1755e-36	1.1755e-36	1.7626e-22	0.00e+00	0.00e+00	7.6234e+02
1.82069e+17	4.2337e+03	9.539e-17	3.5938e+04	1.9881e+03	2.0488e-10	9.5052e-01	4.9484e-02	9.4192e-01	5.7724e-02	3.5365e-04	1.1880e-13	8.6581e-06	9.8091e-01	1.9072e-02	1.0333e-05	9.6085e-01	3.9069e-02	8.5003e-05	4.4838e-07	1.1755e-36	1.1755e-36	1.7706e-22	0.00e+00	0.00e+00	8.8647e+02
1.82731e+17	4.2145e+03	9.456e-17	3.5938e+04	1.9792e+03	2.0715e-10	9.5077e-01	4.9226e-02	9.4255e-01	5.7099e-02	3.4788e-04	1.1908e-13	8.6301e-06	9.8112e-01	1.8862e-02	1.0221e-05	9.6106e-01	3.8854e-02	8.4535e-05	4.4311e-07	1.1755e-36	1.1755e-36	1.7816e-22	0.00e+00	0.00e+00	1.0479e+03
1.83591e+17	4.1912e+03	9.360e-17	3.5938e+04	1.9693e+03	2.0883e-10	9.5110e-01	4.8904e-02	9.4318e-01	5.6480e-02	3.4151e-04	1.1937e-13	8.6010e-06	9.8139e-01	1.8594e-02	1.0077e-05	9.6133e-01	3.8586e-02	8.3922e-05	4.3648e-07	1.1755e-36	1.1755e-36	1.7836e-22	0.00e+00	0.00e+00	1.2578e+03
1.84710e+17	4.1673e+03	9.231e-17	3.5938e+04	1.9472e+03	2.0975e-10	9.5118e-01	4.8817e-02	9.4358e-01	5.6083e-02	3.3810e-04	1.2009e-13	8.5199e-06	9.8168e-01	1.8304e-02	9.8963e-06	9.6141e-01	3.8505e-02	8.3119e-05	4.3106e-07	1.1755e-36	1.1755e-36	1.7699e-22	0.00e+00	0.00e+00	1.5307e+03
1.85943e+17	4.1570e+03	9.134e-17	3.5938e+04	1.9357e+03	2.1005e-10	9.5146e-01	4.8536e-02	9.4407e-01	5.5596e-02	3.3268e-04	1.2051e-13	8.4710e-06	9.8199e-01	1.7987e-02	9.7047e-06	9.6164e-01	3.8277e-02	8.2161e-05	4.2370e-07	1.1755e-36	1.1755e-36	1.7639e-22	0.00e+00	0.00e+00	1.7905e+03
1.86995e+17	4.1428e+03	9.075e-17	3.5938e+04	1.9261e+03	2.1013e-10	9.5174e-01	4.8263e-02	9.4441e-01	5.5261e-02	3.2862e-04	1.2082e-13	8.4321e-06	9.8225e-01	1.7730e-02	9.5532e-06	9.6187e-01	3.8053e-02	8.1450e-05	4.1740e-07	1.1755e-36	1.1755e-36	1.7541e-22	0.00e+00	0.00e+00	1.9849e+03
1.87814e+17	4.1448e+03	9.029e-17	3.5938e+04	1.9197e+03	2.0983e-10	9.5187e-01	4.8133e-02	9.4462e-01	5.5055e-02	3.2637e-04	1.2111e-13	8.3998e-06	9.8244e-01	1.7545e-02	9.4325e-06	9.6197e-01	3.7950e-02	8.0788e-05	4.1322e-07	1.1755e-36	1.1755e-36	1.7499e-22	0.00e+00	0.00e+00	2.1441e+03
1.88661e+17	4.1237e+03	8.940e-17	3.5938e+04	1.9096e+03	2.1010e-10	9.5214e-01	4.7863e-02	9.4493e-01	5.4750e-02	3.2286e-04	1.2141e-13	8.3698e-06	9.8266e-01	1.7317e-02	9.3072e-06	9.6219e-01	3.7727e-02	8.0225e-05	4.0758e-07	1.1755e-36	1.1755e-36	1.7386e-22	0.00e+00	0.00e+00	2.3511e+03
1.89763e+17	4.0980e+03	8.829e-17	3.5938e+04	1.8964e+03	2.1016e-10	9.5247e-01	4.7534e-02	9.4533e-01	5.4355e-02	3.1821e-04	1.2182e-13	8.3297e-06	9.8295e-01	1.7031e-02	9.1474e-06	9.6247e-01	3.7453e-02	7.9487e-05	4.0053e-07	1.1755e-36	1.1755e-36	1.7220e-22	0.00e+00	0.00e+00	2.6203e+03
1.91196e+17	4.0672e+03	8.693e-17	3.5938e+04	1.8801e+03	2.1003e-10	9.5287e-01	4.7127e-02	9.4581e-01	5.3874e-02	3.1250e-04	1.2234e-13	8.2788e-06	9.8331e-01	1.6671e-02	8.9453e-06	9.6281e-01	3.7115e-02	7.8527e-05	3.9171e-07	1.1755e-36	1.1755e-36	1.7007e-22	0.00e+00	0.00e+00	2.9703e+03
1.93058e+17	4.0284e+03	8.528e-17	3.5938e+04	1.8596e+03	2.0962e-10	9.5338e-01	4.6622e-02	9.4640e-01	5.3299e-02	3.0558e-04	1.2299e-13	8.2147e-06	9.8376e-01	1.6221e-02	8.6925e-06	9.6323e-01	3.6696e-02	7.7306e-05	3.8075e-07	1.1755e-36	1.1755e-36	1.6723e-22	0.00e+00	0.00e+00	3.4257e+03
1.95478e+17	3.9810e+03	8.328e-17	3.5938e+04	1.8347e+03	2.0884e-10	9.5401e-01	4.5991e-02	9.4711e-01	5.2590e-02	2.9704e-04	1.2380e-13	8.1374e-06	9.8432e-01	1.5664e-02	8.3793e-06	9.6375e-01	3.6173e-02	7.5749e-05	3.6719e-07	1.1755e-36	1.1755e-36	1.6365e-22	0.00e+00	0.00e+00	4.0180e+03
###########################
1.16573e+13	1.7618e+04	8.461e-15	3.5938e+04	4.2159e+04	1.0738e-19	1.2484e-04	9.9988e-01	1.6302e-06	1.3124e-02	9.8687e-01	7.1947e-31	1.5357e-09	3.6526e-05	1.3412e-02	1.4640e-01	4.3223e-10	9.2668e-06	8.9258e-03	3.3276e-01	4.8502e-01	1.5354e-01	1.1755e-36	0.00e+00	0.00e+00	6.6031e-04
6.99439e+13	1.7593e+04	8.440e-15	3.5938e+04	4.2159e+04	1.0977e-19	1.2457e-04	9.9988e-01	1.6235e-06	1.3121e-02	9.8688e-01	6.8159e-31	1.4177e-09	3.6423e-05	1.3403e-02	1.4691e-01	4.3121e-10	9.2739e-06	8.9719e-03	3.3355e-01	4.8515e-01	1.5280e-01	1.1755e-36	0.00e+00	0.00e+00	3.2958e-03
3.03090e+14	1.7540e+04	8.397e-15	3.5938e+04	4.2158e+04	1.0840e-19	1.2412e-04	9.9988e-01	1.6279e-06	1.3153e-02	9.8684e-01	6.7913e-31	1.4600e-09	3.6591e-05	1.3536e-02	1.4851e-01	4.3222e-10	9.3328e-06	9.1433e-03	3.3606e-01	4.8448e-01	1.5128e-01	1.1755e-36	0.00e+00	0.00e+00	1.3800e-02
1.23568e+15	1.7413e+04	8.301e-15	3.5938e+04	4.2157e+04	1.0495e-19	1.2270e-04	9.9988e-01	1.6377e-06	1.3379e-02	9.8662e-01	6.8497e-31	1.5382e-09	3.7452e-05	1.4123e-02	1.5396e-01	4.3290e-10	9.4818e-06	9.7913e-03	3.4476e-01	4.8118e-01	1.4644e-01	1.1755e-36	0.00e+00	0.00e+00	5.5334e-02
2.95163e+15	1.7083e+04	7.977e-15	3.5938e+04	4.2157e+04	9.6337e-20	1.1586e-04	9.9988e-01	1.5542e-06	1.3130e-02	9.8687e-01	5.6305e-31	1.4014e-09	3.6747e-05	1.4526e-02	1.6208e-01	4.0070e-10	9.2808e-06	1.0687e-02	3.5761e-01	4.7571e-01	1.3962e-01	1.1755e-36	0.00e+00	0.00e+00	1.0632e-01
5.18238e+15	1.6785e+04	7.714e-15	3.5938e+04	4.2156e+04	8.9932e-20	1.1013e-04	9.9989e-01	1.5164e-06	1.3227e-02	9.8677e-01	5.0801e-31	1.3343e-09	3.7177e-05	1.5332e-02	1.7216e-01	3.8876e-10	9.4498e-06	1.1932e-02	3.7405e-01	4.6842e-01	1.3087e-01	1.1755e-36	0.00e+00	0.00e+00	1.6932e-01
8.08235e+15	1.6496e+04	7.493e-15	3.5938e+04	4.2154e+04	8.3817e-20	1.0486e-04	9.9990e-01	1.5236e-06	1.3758e-02	9.8624e-01	4.8504e-31	1.3355e-09	3.8932e-05	1.6763e-02	1.8586e-01	3.9361e-10	1.0026e-05	1.3835e-02	3.9604e-01	4.5768e-01	1.1963e-01	1.1755e-36	0.00e+00	0.00e+00	2.4730e-01
1.11045e+16	1.6232e+04	7.296e-15	3.5938e+04	4.2151e+04	7.6453e-20	9.8619e-05	9.9990e-01	1.5240e-06	1.4424e-02	9.8557e-01	4.3638e-31	1.3277e-09	4.0438e-05	1.8356e-02	2.0020e-01	3.8784e-10	1.0491e-05	1.6010e-02	4.1789e-01	4.4577e-01	1.0914e-01	1.1755e-36	0.00e+00	0.00e+00	3.0919e-01
1.36712e+16	1.6049e+04	7.197e-15	3.5938e+04	4.2147e+04	7.1154e-20	9.4772e-05	9.9991e-01	1.5803e-06	1.5401e-02	9.8460e-01	4.3286e-31	1.3928e-09	4.2952e-05	2.0171e-02	2.1371e-01	4.0299e-10	1.1328e-05	1.8363e-02	4.3768e-01	4.3383e-01	1.0022e-01	1.1755e-36	0.00e+00	0.00e+00	3.6009e-01
1.59849e+16	1.5932e+04	7.144e-15	3.5938e+04	4.2142e+04	6.8339e-20	9.2277e-05	9.9991e-01	1.6759e-06	1.6668e-02	9.8333e-01	4.7192e-31	1.5045e-09	4.6410e-05	2.2301e-02	2.2751e-01	4.3401e-10	1.2506e-05	2.1074e-02	4.5687e-01	4.2119e-01	9.2040e-02	1.1755e-36	0.00e+00	0.00e+00	4.0740e-01
1.82117e+16	1.5820e+04	7.120e-15	3.5938e+04	4.2137e+04	6.5903e-20	9.0491e-05	9.9991e-01	1.8175e-06	1.8303e-02	9.8170e-01	5.3719e-31	1.6719e-09	5.0963e-05	2.4865e-02	2.4270e-01	4.8270e-10	1.4142e-05	2.4402e-02	4.7662e-01	4.0701e-01	8.4121e-02	1.1755e-36	0.00e+00	0.00e+00	4.5243e-01
2.03136e+16	1.5730e+04	7.117e-15	3.5938e+04	4.2129e+04	6.4510e-20	8.9013e-05	9.9991e-01	1.9985e-06	2.0308e-02	9.7969e-01	6.4149e-31	1.8769e-09	5.6414e-05	2.7824e-02	2.5888e-01	5.4626e-10	1.6207e-05	2.8384e-02	4.9607e-01	3.9184e-01	7.6733e-02	1.1755e-36	0.00e+00	0.00e+00	4.9302e-01
2.22163e+16	1.5650e+04	7.136e-15	3.5938e+04	4.2121e+04	6.3111e-20	8.7943e-05	9.9991e-01	2.2216e-06	2.2686e-02	9.7731e-01	7.7339e-31	2.1225e-09	6.2632e-05	3.1109e-02	2.7565e-01	6.2527e-10	1.8702e-05	3.3016e-02	5.1450e-01	3.7620e-01	7.0047e-02	1.1755e-36	0.00e+00	0.00e+00	5.2884e-01
2.39225e+16	1.5585e+04	7.172e-15	3.5938e+04	4.2112e+04	6.2101e-20	8.7218e-05	9.9991e-01	2.4893e-06	2.5456e-02	9.7454e-01	9.5123e-31	2.4076e-09	6.9665e-05	3.4698e-02	2.9284e-01	7.2336e-10	2.1715e-05	3.8345e-02	5.3170e-01	3.6035e-01	6.4015e-02	1.1755e-36	0.00e+00	0.00e+00	5.6083e-01
2.54717e+16	1.5529e+04	7.222e-15	3.5938e+04	4.2101e+04	6.1791e-20	8.6776e-05	9.9991e-01	2.8122e-06	2.8707e-02	9.7129e-01	1.2033e-30	2.7388e-09	7.7620e-05	3.8627e-02	3.1068e-01	8.4560e-10	2.5383e-05	4.4546e-02	5.4776e-01	3.4417e-01	5.8486e-02	1.1755e-36	0.00e+00	0.00e+00	5.8999e-01
2.68929e+16	1.5487e+04	7.285e-15	3.5938e+04	4.2091e+04	6.1442e-20	8.6393e-05	9.9991e-01	3.2033e-06	3.2545e-02	9.6745e-01	1.5334e-30	3.1202e-09	8.6515e-05	4.2922e-02	3.2921e-01	9.9480e-10	2.9823e-05	5.1802e-02	5.6262e-01	3.2767e-01	5.3375e-02	1.1755e-36	0.00e+00	0.00e+00	6.1667e-01
2.81966e+16	1.5436e+04	7.367e-15	3.5938e+04	4.2077e+04	6.1199e-20	8.6317e-05	9.9991e-01	3.6743e-06	3.7126e-02	9.6287e-01	1.9654e-30	3.5494e-09	9.6443e-05	4.7609e-02	3.4870e-01	1.1811e-09	3.5243e-05	6.0379e-02	5.7622e-01	3.1070e-01	4.8609e-02	1.1755e-36	0.00e+00	0.00e+00	6.4108e-01
2.93835e+16	1.5391e+04	7.464e-15	3.5938e+04	4.2061e+04	6.1476e-20	8.6373e-05	9.9991e-01	4.2411e-06	4.2550e-02	9.5745e-01	2.5632e-30	4.0316e-09	1.0735e-04	5.2641e-02	3.6883e-01	1.4100e-09	4.1806e-05	7.0418e-02	5.8815e-01	2.9354e-01	4.4202e-02	1.1755e-36	0.00e+00	0.00e+00	6.6317e-01
3.04568e+16	1.5352e+04	7.575e-15	3.5938e+04	4.2041e+04	6.1766e-20	8.6530e-05	9.9991e-01	4.9162e-06	4.8932e-02	9.5106e-01	3.3428e-30	4.5617e-09	1.1914e-04	5.7962e-02	3.8943e-01	1.6881e-09	4.9670e-05	8.2069e-02	5.9814e-01	2.7632e-01	4.0138e-02	1.1755e-36	0.00e+00	0.00e+00	6.8318e-01
3.14298e+16	1.5321e+04	7.696e-15	3.5938e+04	4.2014e+04	6.1929e-20	8.6744e-05	9.9991e-01	5.7159e-06	5.6442e-02	9.4355e-01	4.3345e-30	5.1364e-09	1.3167e-04	6.3520e-02	4.1043e-01	2.0232e-09	5.9031e-05	9.5560e-02	6.0595e-01	2.5910e-01	3.6378e-02	1.1755e-36	0.00e+00	0.00e+00	7.0141e-01
3.23172e+16	1.5279e+04	7.847e-15	3.5938e+04	4.1992e+04	6.2295e-20	8.6700e-05	9.9991e-01	6.6466e-06	6.5325e-02	9.3467e-01	5.4583e-30	5.6866e-09	1.4372e-04	6.9278e-02	4.3199e-01	2.3640e-09	6.8945e-05	1.1119e-01	6.1149e-01	2.4173e-01	3.2861e-02	1.1755e-36	0.00e+00	0.00e+00	7.1810e-01
3.31301e+16	1.5240e+04	8.001e-15	3.5938e+04	4.1961e+04	6.2618e-20	8.7125e-05	9.9991e-01	7.8176e-06	7.6013e-02	9.2398e-01	7.1048e-30	6.3546e-09	1.5802e-04	7.5364e-02	4.5415e-01	2.8550e-09	8.2368e-05	1.2957e-01	6.1433e-01	2.2412e-01	2.9536e-02	1.1755e-36	0.00e+00	0.00e+00	7.3346e-01
3.38689e+16	1.5203e+04	8.172e-15	3.5938e+04	4.1925e+04	6.3159e-20	8.7606e-05	9.9991e-01	9.2211e-06	8.8731e-02	9.1126e-01	9.2237e-30	7.0564e-09	1.7287e-04	8.1590e-02	4.7656e-01	3.4428e-09	9.8246e-05	1.5080e-01	6.1406e-01	2.0650e-01	2.6429e-02	1.1755e-36	0.00e+00	0.00e+00	7.4738e-01
3.45338e+16	1.5163e+04	8.353e-15	3.5938e+04	4.1881e+04	6.3908e-20	8.8154e-05	9.9991e-01	1.0888e-05	1.0367e-01	8.9632e-01	1.1933e-29	7.7818e-09	1.8809e-04	8.7836e-02	4.9891e-01	4.1420e-09	1.1687e-04	1.7492e-01	6.1044e-01	1.8911e-01	2.3549e-02	1.1755e-36	0.00e+00	0.00e+00	7.5997e-01
3.51343e+16	1.5119e+04	8.533e-15	3.5938e+04	4.1804e+04	6.4721e-20	8.9203e-05	9.9991e-01	1.2883e-05	1.2122e-01	8.7876e-01	1.5730e-29	8.5931e-09	2.0510e-04	9.4030e-02	5.2112e-01	5.1020e-09	1.4106e-04	2.0219e-01	6.0314e-01	1.7200e-01	2.0882e-02	1.1755e-36	0.00e+00	0.00e+00	7.7154e-01
3.56823e+16	1.5059e+04	8.744e-15	3.5938e+04	4.1761e+04	6.5691e-20	8.9486e-05	9.9991e-01	1.5193e-05	1.4176e-01	8.5822e-01	1.9416e-29	9.2642e-09	2.1901e-04	1.0019e-01	5.4325e-01	5.9279e-09	1.6341e-04	2.3269e-01	5.9226e-01	1.5507e-01	1.8378e-02	1.1900e-36	0.00e+00	0.00e+00	7.8218e-01
3.61866e+16	1.5005e+04	8.945e-15	3.5938e+04	4.1696e+04	6.6508e-20	9.0247e-05	9.9991e-01	1.7984e-05	1.6595e-01	8.3403e-01	2.4451e-29	1.0027e-08	2.3484e-04	1.0627e-01	5.6511e-01	7.0688e-09	1.9247e-04	2.6687e-01	5.7719e-01	1.3845e-01	1.6041e-02	1.3713e-36	0.00e+00	0.00e+00	7.9210e-01
3.66514e+16	1.4946e+04	9.144e-15	3.5938e+04	4.1615e+04	6.7487e-20	9.1057e-05	9.9991e-01	2.1253e-05	1.9415e-01	8.0583e-01	3.0425e-29	1.0777e-08	2.5033e-04	1.1218e-01	5.8657e-01	8.3673e-09	2.2513e-04	3.0453e-01	5.5799e-01	1.2229e-01	1.3878e-02	1.5730e-36	0.00e+00	0.00e+00	8.0130e-01
3.70802e+16	1.4850e+04	9.332e-15	3.5938e+04	4.1498e+04	6.8837e-20	9.2387e-05	9.9991e-01	2.5120e-05	2.2687e-01	7.7311e-01	3.8365e-29	1.1570e-08	2.6725e-04	1.1783e-01	6.0761e-01	1.0072e-08	2.6584e-04	3.4559e-01	5.3463e-01	1.0671e-01	1.1888e-02	1.8018e-36	0.00e+00	0.00e+00	8.0994e-01
3.74782e+16	1.4780e+04	9.497e-15	3.5938e+04	4.1400e+04	7.0701e-20	9.3334e-05	9.9991e-01	2.9440e-05	2.6373e-01	7.3624e-01	4.7193e-29	1.2286e-08	2.8195e-04	1.2325e-01	6.2756e-01	1.1723e-08	3.0589e-04	3.8897e-01	5.0779e-01	9.2076e-02	1.0086e-02	2.1227e-36	0.00e+00	0.00e+00	8.1807e-01
3.78509e+16	1.4674e+04	9.629e-15	3.5938e+04	4.1234e+04	7.1434e-20	9.4397e-05	9.9991e-01	3.4212e-05	3.0493e-01	6.9503e-01	5.5081e-29	1.2896e-08	2.9514e-04	1.2811e-01	6.4671e-01	1.3497e-08	3.4829e-04	4.3414e-01	4.7788e-01	7.8505e-02	8.4867e-03	2.2396e-36	0.00e+00	0.00e+00	8.2581e-01
3.82056e+16	1.4554e+04	9.727e-15	3.5938e+04	4.1093e+04	7.3305e-20	9.5628e-05	9.9990e-01	3.9700e-05	3.5078e-01	6.4918e-01	6.5159e-29	1.3522e-08	3.0847e-04	1.3285e-01	6.6488e-01	1.5450e-08	3.9388e-04	4.8101e-01	4.4511e-01	6.5912e-02	7.0452e-03	2.4915e-36	0.00e+00	0.00e+00	8.3336e-01
3.85471e+16	1.4410e+04	9.775e-15	3.5938e+04	4.0939e+04	7.5712e-20	9.7014e-05	9.9990e-01	4.5769e-05	4.0084e-01	5.9912e-01	7.6497e-29	1.4113e-08	3.2129e-04	1.3730e-01	6.8197e-01	1.7539e-08	4.4154e-04	5.2861e-01	4.1024e-01	5.4499e-02	5.7790e-03	2.7791e-36	0.00e+00	0.00e+00	8.4073e-01
3.88772e+16	1.4245e+04	9.763e-15	3.5938e+04	4.0775e+04	7.8645e-20	9.8552e-05	9.9990e-01	5.2299e-05	4.5381e-01	5.4614e-01	8.8976e-29	1.4671e-08	3.3354e-04	1.4142e-01	6.9769e-01	1.9722e-08	4.9007e-04	5.7560e-01	3.7442e-01	4.4455e-02	4.6946e-03	3.0977e-36	0.00e+00	0.00e+00	8.4801e-01
3.92014e+16	1.4058e+04	9.686e-15	3.5938e+04	4.0606e+04	8.2199e-20	1.0025e-04	9.9990e-01	5.9193e-05	5.0862e-01	4.9132e-01	1.0272e-28	1.5206e-08	3.4537e-04	1.4526e-01	7.1196e-01	2.1980e-08	5.3875e-04	6.2114e-01	3.3849e-01	3.5786e-02	3.7798e-03	3.4570e-36	0.00e+00	0.00e+00	8.5536e-01
3.95728e+16	1.3815e+04	9.511e-15	3.5938e+04	4.0413e+04	8.6578e-20	1.0249e-04	9.9990e-01	6.7397e-05	5.7156e-01	4.2837e-01	1.1928e-28	1.5833e-08	3.5909e-04	1.4943e-01	7.2646e-01	2.4686e-08	5.9462e-04	6.7056e-01	2.9825e-01	2.7480e-02	2.9185e-03	3.8023e-36	0.00e+00	0.00e+00	8.6512e-01
3.99710e+16	1.3538e+04	9.255e-15	3.5938e+04	4.0211e+04	9.2629e-20	1.0492e-04	9.9990e-01	7.6108e-05	6.3690e-01	3.6302e-01	1.3895e-28	1.6458e-08	3.7281e-04	1.5350e-01	7.3949e-01	2.7483e-08	6.5037e-04	7.1849e-01	2.5794e-01	2.0559e-02	2.2145e-03	4.3142e-36	0.00e+00	0.00e+00	8.7408e-01
4.03249e+16	1.3275e+04	8.974e-15	3.5938e+04	4.0041e+04	9.8862e-20	1.0721e-04	9.9989e-01	8.3485e-05	6.9019e-01	3.0973e-01	1.5772e-28	1.7022e-08	3.8499e-04	1.5690e-01	7.4894e-01	2.9917e-08	6.9659e-04	7.5590e-01	2.2566e-01	1.5885e-02	1.7418e-03	4.8037e-36	0.00e+00	0.00e+00	8.8215e-01
4.07063e+16	1.2990e+04	8.637e-15	3.5938e+04	3.9887e+04	1.0675e-19	1.0983e-04	9.9989e-01	9.0899e-05	7.4021e-01	2.5970e-01	1.8077e-28	1.7692e-08	3.9865e-04	1.6045e-01	7.5689e-01	3.2504e-08	7.4293e-04	7.9043e-01	1.9525e-01	1.2143e-02	1.3599e-03	5.4508e-36	0.00e+00	0.00e+00	8.9289e-01
4.12022e+16	1.2641e+04	8.203e-15	3.5938e+04	3.9723e+04	1.1778e-19	1.1313e-04	9.9989e-01	9.9292e-05	7.9344e-01	2.0646e-01	2.1180e-28	1.8574e-08	4.1592e-04	1.6475e-01	7.6426e-01	3.5588e-08	7.9506e-04	8.2648e-01	1.6280e-01	8.8497e-03	1.0174e-03	6.3279e-36	0.00e+00	0.00e+00	9.0728e-01
4.17261e+16	1.2319e+04	7.789e-15	3.5938e+04	3.9588e+04	1.2958e-19	1.1620e-04	9.9988e-01	1.0649e-04	8.3680e-01	1.6309e-01	2.4281e-28	1.9428e-08	4.3227e-04	1.6877e-01	7.6938e-01	3.8316e-08	8.3888e-04	8.5535e-01	1.3632e-01	6.6701e-03	7.8227e-04	7.2163e-36	0.00e+00	0.00e+00	9.2014e-01
4.21683e+16	1.2082e+04	7.482e-15	3.5938e+04	3.9503e+04	1.3993e-19	1.1855e-04	9.9988e-01	1.1138e-04	8.6462e-01	1.3527e-01	2.6884e-28	2.0104e-08	4.4496e-04	1.7184e-01	7.7216e-01	4.0290e-08	8.6893e-04	8.7400e-01	1.1897e-01	5.4770e-03	6.4653e-04	8.0262e-36	0.00e+00	0.00e+00	9.3082e-01
4.26248e+16	1.1861e+04	7.193e-15	3.5938e+04	3.9432e+04	1.5054e-19	1.2097e-04	9.9988e-01	1.1583e-04	8.8738e-01	1.1250e-01	2.9645e-28	2.0850e-08	4.5828e-04	1.7491e-01	7.7400e-01	4.2297e-08	8.9779e-04	8.8984e-01	1.0409e-01	4.6047e-03	5.4055e-04	8.8069e-36	0.00e+00	0.00e+00	9.4498e-01
4.32183e+16	1.1619e+04	6.879e-15	3.5938e+04	3.9364e+04	1.6397e-19	1.2380e-04	9.9988e-01	1.2050e-04	9.0978e-01	9.0101e-02	3.3077e-28	2.1758e-08	4.7411e-04	1.7850e-01	7.7534e-01	4.4576e-08	9.2892e-04	9.0573e-01	8.9018e-02	3.8555e-03	4.4231e-04	9.7831e-36	0.00e+00	0.00e+00	9.6383e-01
4.39898e+16	1.1367e+04	6.554e-15	3.5938e+04	3.9301e+04	1.8027e-19	1.2703e-04	9.9987e-01	1.2519e-04	9.3043e-01	6.9443e-02	3.7167e-28	2.2826e-08	4.9221e-04	1.8255e-01	7.7601e-01	4.7084e-08	9.6108e-04	9.2086e-01	7.4552e-02	3.2573e-03	3.5555e-04	1.0925e-35	0.00e+00	0.00e+00	9.8898e-01
4.49927e+16	1.1119e+04	6.238e-15	3.5938e+04	3.9245e+04	1.9936e-19	1.3061e-04	9.9987e-01	1.2968e-04	9.4823e-01	5.1645e-02	4.1872e-28	2.4042e-08	5.1219e-04	1.8698e-01	7.7593e-01	4.9761e-08	9.9286e-04	9.3446e-01	6.1437e-02	2.8108e-03	2.8231e-04	1.2210e-35	0.00e+00	0.00e+00	1.0226e+00
4.62966e+16	1.0890e+04	5.947e-15	3.5938e+04	3.9199e+04	2.1966e-19	1.3457e-04	9.9987e-01	1.3381e-04	9.6262e-01	3.7250e-02	4.6830e-28	2.5394e-08	5.3361e-04	1.9167e-01	7.7511e-01	5.2574e-08	1.0231e-03	9.4611e-01	5.0145e-02	2.4926e-03	2.2268e-04	1.3367e-35	0.00e+00	0.00e+00	1.0676e+00
4.79916e+16	1.0690e+04	5.697e-15	3.5938e+04	3.9164e+04	2.4368e-19	1.3900e-04	9.9986e-01	1.3750e-04	9.7365e-01	2.6215e-02	5.2673e-28	2.6883e-08	5.5620e-04	1.9657e-01	7.7362e-01	5.5539e-08	1.0512e-03	9.5567e-01	4.0821e-02	2.2689e-03	1.7538e-04	1.4920e-35	0.00e+00	0.00e+00	1.1280e+00
5.01950e+16	1.0526e+04	5.494e-15	3.5938e+04	3.9137e+04	2.6981e-19	1.4411e-04	9.9986e-01	1.4087e-04	9.8175e-01	1.8113e-02	5.9136e-28	2.8544e-08	5.8007e-04	2.0170e-01	7.7152e-01	5.8751e-08	1.0771e-03	9.6326e-01	3.3410e-02	2.1071e-03	1.3869e-04	1.6596e-35	0.00e+00	0.00e+00	1.2095e+00
5.30596e+16	1.0404e+04	5.342e-15	3.5938e+04	3.9119e+04	2.9667e-19	1.5033e-04	9.9985e-01	1.4386e-04	9.8749e-01	1.2363e-02	6.6135e-28	3.0453e-08	6.0588e-04	2.0716e-01	7.6879e-01	6.2417e-08	1.1012e-03	9.6915e-01	2.7651e-02	1.9809e-03	1.1051e-04	1.8162e-35	0.00e+00	0.00e+00	1.3200e+00
5.67835e+16	1.0324e+04	5.244e-15	3.5938e+04	3.9106e+04	3.3217e-19	1.5841e-04	9.9984e-01	1.4694e-04	9.9146e-01	8.3886e-03	7.5823e-28	3.2771e-08	6.3500e-04	2.1318e-01	7.6532e-01	6.6916e-08	1.1246e-03	9.7366e-01	2.3245e-02	1.8712e-03	8.8883e-05	2.0914e-35	0.00e+00	0.00e+00	1.4713e+00
6.16245e+16	1.0291e+04	5.203e-15	3.5938e+04	3.9097e+04	3.7393e-19	1.6956e-04	9.9983e-01	1.5027e-04	9.9415e-01	5.6991e-03	8.8456e-28	3.5760e-08	6.6986e-04	2.2010e-01	7.6086e-01	7.2917e-08	1.1491e-03	9.7714e-01	1.9868e-02	1.7654e-03	7.2024e-05	2.4263e-35	0.00e+00	0.00e+00	1.6819e+00
6.75788e+16	1.0314e+04	5.228e-15	3.5938e+04	3.9091e+04	4.3001e-19	1.8497e-04	9.9982e-01	1.5403e-04	9.9586e-01	3.9811e-03	1.0683e-27	3.9575e-08	7.1096e-04	2.2789e-01	7.5535e-01	8.1035e-08	1.1751e-03	9.7970e-01	1.7402e-02	1.6621e-03	5.9296e-05	2.9679e-35	0.00e+00	0.00e+00	1.9520e+00
7.43367e+16	1.0406e+04	5.317e-15	3.5938e+04	3.9086e+04	5.0611e-19	2.0562e-04	9.9979e-01	1.5851e-04	9.9692e-01	2.9229e-03	1.3459e-27	4.4274e-08	7.5782e-04	2.3616e-01	7.4908e-01	9.1955e-08	1.2026e-03	9.8155e-01	1.5629e-02	1.5647e-03	4.9768e-05	3.9031e-35	0.00e+00	0.00e+00	2.2824e+00
8.17704e+16	1.0523e+04	5.484e-15	3.5938e+04	3.9083e+04	6.1376e-19	2.3437e-04	9.9977e-01	1.6440e-04	9.9760e-01	2.2372e-03	1.7942e-27	5.0537e-08	8.1795e-04	2.4581e-01	7.4121e-01	1.0787e-07	1.2380e-03	9.8300e-01	1.4250e-02	1.4691e-03	4.2138e-05	5.4152e-35	0.00e+00	0.00e+00	2.6965e+00
8.99474e+16	1.0712e+04	5.724e-15	3.5938e+04	3.9080e+04	7.8107e-19	2.7471e-04	9.9973e-01	1.7218e-04	9.9806e-01	1.7709e-03	2.6135e-27	5.8784e-08	8.9364e-04	2.5674e-01	7.3185e-01	1.3176e-07	1.2824e-03	9.8418e-01	1.3118e-02	1.3774e-03	3.5745e-05	8.5923e-35	0.00e+00	0.00e+00	3.2305e+00
9.79637e+16	1.0950e+04	6.038e-15	3.5938e+04	3.9077e+04	1.0337e-18	3.2786e-04	9.9967e-01	1.8118e-04	9.9834e-01	1.4754e-03	4.0616e-27	6.8635e-08	9.8107e-04	2.6799e-01	7.2180e-01	1.6600e-07	1.3359e-03	9.8505e-01	1.2282e-02	1.3017e-03	3.0882e-05	1.5221e-34	0.00e+00	0.00e+00	3.7859e+00
1.04591e+17	1.1183e+04	6.358e-15	3.5938e+04	3.9074e+04	1.3303e-18	3.8658e-04	9.9961e-01	1.9083e-04	9.9851e-01	1.3003e-03	6.1898e-27	7.8856e-08	1.0711e-03	2.7830e-01	7.1231e-01	2.0832e-07	1.3938e-03	9.8563e-01	1.1700e-02	1.2467e-03	2.7470e-05	2.5768e-34	0.00e+00	0.00e+00	4.2936e+00
1.10339e+17	1.1394e+04	6.659e-15	3.5938e+04	3.9071e+04	1.6888e-18	4.5041e-04	9.9955e-01	2.0146e-04	9.9862e-01	1.1756e-03	9.4551e-27	9.0112e-08	1.1713e-03	2.8888e-01	7.0237e-01	2.6082e-07	1.4584e-03	9.8616e-01	1.1157e-02	1.1997e-03	2.4588e-05	4.3076e-34	0.00e+00	0.00e+00	4.8769e+00
1.15785e+17	1.1608e+04	6.975e-15	3.5938e+04	3.9068e+04	2.1620e-18	5.2601e-04	9.9947e-01	2.1343e-04	9.9871e-01	1.0773e-03	1.4859e-26	1.0317e-07	1.2886e-03	3.0027e-01	6.9151e-01	3.3161e-07	1.5362e-03	9.8664e-01	1.0645e-02	1.1586e-03	2.2032e-05	7.4183e-34	0.00e+00	0.00e+00	5.4956e+00
1.20826e+17	1.1812e+04	7.288e-15	3.5938e+04	3.9065e+04	2.7661e-18	6.1297e-04	9.9939e-01	2.2704e-04	9.9877e-01	9.9900e-04	2.3763e-26	1.1832e-07	1.4259e-03	3.1258e-01	6.7962e-01	4.2562e-07	1.6281e-03	9.8709e-01	1.0138e-02	1.1222e-03	1.9728e-05	1.2866e-33	0.00e+00	0.00e+00	6.1768e+00
1.25505e+17	1.2006e+04	7.596e-15	3.5938e+04	3.9061e+04	3.5396e-18	7.1282e-04	9.9929e-01	2.4247e-04	9.9882e-01	9.3487e-04	3.8611e-26	1.3591e-07	1.5867e-03	3.2585e-01	6.6669e-01	5.5122e-07	1.7373e-03	9.8752e-01	9.6359e-03	1.0900e-03	1.7644e-05	2.2477e-33	0.00e+00	0.00e+00	6.8981e+00
1.29702e+17	1.2174e+04	7.889e-15	3.5938e+04	3.9057e+04	4.6330e-18	8.2313e-04	9.9918e-01	2.5930e-04	9.9886e-01	8.8308e-04	6.4233e-26	1.5580e-07	1.7697e-03	3.3976e-01	6.5302e-01	7.1316e-07	1.8621e-03	9.8790e-01	9.1604e-03	1.0620e-03	1.5818e-05	4.1632e-33	0.00e+00	0.00e+00	7.6326e+00
1.33422e+17	1.2331e+04	8.153e-15	3.5938e+04	3.9052e+04	5.7594e-18	9.4134e-04	9.9906e-01	2.7745e-04	9.9888e-01	8.4160e-04	1.0215e-25	1.7776e-07	1.9726e-03	3.5393e-01	6.3902e-01	9.1675e-07	2.0019e-03	9.8826e-01	8.6839e-03	1.0381e-03	1.4189e-05	6.8687e-33	0.00e+00	0.00e+00	8.3814e+00
1.36794e+17	1.2474e+04	8.399e-15	3.5938e+04	3.9046e+04	7.0302e-18	1.0696e-03	9.9893e-01	2.9816e-04	9.9890e-01	8.0643e-04	1.6035e-25	2.0247e-07	2.2013e-03	3.6867e-01	6.2439e-01	1.1752e-06	2.1600e-03	9.8859e-01	8.2214e-03	1.0169e-03	1.2728e-05	1.0917e-32	0.00e+00	0.00e+00	9.1673e+00
1.39939e+17	1.2588e+04	8.640e-15	3.5938e+04	3.9041e+04	8.9506e-18	1.2133e-03	9.9879e-01	3.1997e-04	9.9891e-01	7.7426e-04	2.6247e-25	2.3119e-07	2.4679e-03	3.8457e-01	6.0853e-01	1.5120e-06	2.3436e-03	9.8892e-01	7.7305e-03	9.9640e-04	1.1339e-05	1.9060e-32	0.00e+00	0.00e+00	1.0007e+01
1.42892e+17	1.2699e+04	8.864e-15	3.5938e+04	3.9037e+04	1.1158e-17	1.3721e-03	9.9863e-01	3.4435e-04	9.9891e-01	7.4614e-04	4.2513e-25	2.6418e-07	2.7743e-03	4.0137e-01	5.9172e-01	1.9500e-06	2.5564e-03	9.8917e-01	7.2816e-03	9.7775e-04	1.0112e-05	3.1876e-32	0.00e+00	0.00e+00	1.0895e+01
1.45651e+17	1.2812e+04	9.077e-15	3.5938e+04	3.9031e+04	1.3972e-17	1.5499e-03	9.9845e-01	3.7192e-04	9.9891e-01	7.2088e-04	6.9831e-25	3.0269e-07	3.1302e-03	4.1917e-01	5.7384e-01	2.5281e-06	2.8054e-03	9.8940e-01	6.8200e-03	9.6087e-04	8.9647e-06	5.4217e-32	0.00e+00	0.00e+00	1.1833e+01
1.48220e+17	1.2915e+04	9.282e-15	3.5938e+04	3.9024e+04	1.7285e-17	1.7478e-03	9.9825e-01	4.0284e-04	9.9890e-01	6.9822e-04	1.1425e-24	3.4731e-07	3.5420e-03	4.3795e-01	5.5491e-01	3.2879e-06	3.0963e-03	9.8958e-01	6.3681e-03	9.4522e-04	7.9196e-06	8.9790e-32	0.00e+00	0.00e+00	1.2813e+01
1.50603e+17	1.3010e+04	9.475e-15	3.5938e+04	3.9016e+04	2.1472e-17	1.9665e-03	9.9803e-01	4.3728e-04	9.9888e-01	6.7818e-04	1.8840e-24	3.9874e-07	4.0157e-03	4.5760e-01	5.3502e-01	4.2833e-06	3.4347e-03	9.8969e-01	5.9307e-03	9.3075e-04	6.9766e-06	1.5045e-31	0.00e+00	0.00e+00	1.3836e+01
1.52823e+17	1.3094e+04	9.667e-15	3.5938e+04	3.9004e+04	2.6453e-17	2.2130e-03	9.9779e-01	4.7651e-04	9.9886e-01	6.5918e-04	3.1098e-24	4.5895e-07	4.5683e-03	4.7833e-01	5.1397e-01	5.6123e-06	3.8350e-03	9.8975e-01	5.4897e-03	9.1705e-04	6.1037e-06	2.4710e-31	0.00e+00	0.00e+00	1.4914e+01
1.54894e+17	1.3176e+04	9.841e-15	3.5938e+04	3.8993e+04	3.2452e-17	2.4838e-03	9.9752e-01	5.2012e-04	9.9884e-01	6.4254e-04	5.1362e-24	5.2869e-07	5.2027e-03	4.9983e-01	4.9205e-01	7.3610e-06	4.3032e-03	9.8971e-01	5.0732e-03	9.0440e-04	5.3305e-06	4.0436e-31	0.00e+00	0.00e+00	1.6038e+01
1.56809e+17	1.3237e+04	1.001e-14	3.5938e+04	3.8981e+04	4.0434e-17	2.7846e-03	9.9722e-01	5.6858e-04	9.9880e-01	6.2734e-04	8.6005e-24	6.0919e-07	5.9341e-03	5.2209e-01	4.6926e-01	9.6735e-06	4.8527e-03	9.8957e-01	4.6728e-03	8.9199e-04	4.6379e-06	6.8061e-31	0.00e+00	0.00e+00	1.7197e+01
1.58551e+17	1.3290e+04	1.017e-14	3.5938e+04	3.8969e+04	5.0257e-17	3.1114e-03	9.9689e-01	6.2152e-04	9.9876e-01	6.1444e-04	1.4327e-23	7.0043e-07	6.7579e-03	5.4451e-01	4.4621e-01	1.2677e-05	5.4874e-03	9.8932e-01	4.2983e-03	8.8047e-04	4.0337e-06	1.1396e-30	0.00e+00	0.00e+00	1.8362e+01
1.60117e+17	1.3334e+04	1.032e-14	3.5938e+04	3.8956e+04	6.1996e-17	3.4603e-03	9.9654e-01	6.7841e-04	9.9872e-01	6.0442e-04	2.3521e-23	8.0170e-07	7.6682e-03	5.6665e-01	4.2333e-01	1.6498e-05	6.2077e-03	9.8895e-01	3.9546e-03	8.6978e-04	3.5146e-06	1.8747e-30	0.00e+00	0.00e+00	1.9526e+01
1.61539e+17	1.3371e+04	1.045e-14	3.5938e+04	3.8942e+04	7.6040e-17	3.8340e-03	9.9617e-01	7.3973e-04	9.9866e-01	5.9610e-04	3.8163e-23	9.1425e-07	8.6746e-03	5.8854e-01	4.0060e-01	2.1354e-05	7.0268e-03	9.8845e-01	3.6370e-03	8.5963e-04	3.0655e-06	3.0409e-30	0.00e+00	0.00e+00	2.0708e+01
1.62850e+17	1.3400e+04	1.058e-14	3.5938e+04	3.8927e+04	9.3072e-17	4.2399e-03	9.9576e-01	8.0673e-04	9.9861e-01	5.8806e-04	6.1672e-23	1.0407e-06	9.7996e-03	6.1035e-01	3.7781e-01	2.7600e-05	7.9722e-03	9.8781e-01	3.3400e-03	8.4980e-04	2.6715e-06	4.9059e-30	0.00e+00	0.00e+00	2.1923e+01
1.64069e+17	1.3423e+04	1.069e-14	3.5938e+04	3.8911e+04	1.1392e-16	4.6848e-03	9.9532e-01	8.8061e-04	9.9854e-01	5.8001e-04	9.9682e-23	1.1837e-06	1.1065e-02	6.3213e-01	3.5492e-01	3.5710e-05	9.0745e-03	9.8699e-01	3.0609e-03	8.4013e-04	2.3238e-06	7.9077e-30	0.00e+00	0.00e+00	2.3172e+01
1.65198e+17	1.3439e+04	1.081e-14	3.5938e+04	3.8893e+04	1.3938e-16	5.1715e-03	9.9483e-01	9.6203e-04	9.9847e-01	5.7258e-04	1.6095e-22	1.3447e-06	1.2482e-02	6.5364e-01	3.3212e-01	4.6222e-05	1.0359e-02	9.8596e-01	2.8004e-03	8.3059e-04	2.0189e-06	1.2723e-29	0.00e+00	0.00e+00	2.4444e+01
1.66034e+17	1.3439e+04	1.090e-14	3.5938e+04	3.8877e+04	1.6685e-16	5.6151e-03	9.9438e-01	1.0368e-03	9.9839e-01	5.6841e-04	2.4180e-22	1.4922e-06	1.3782e-02	6.7048e-01	3.1409e-01	5.7464e-05	1.1611e-02	9.8490e-01	2.6031e-03	8.2308e-04	1.7979e-06	1.9302e-29	0.00e+00	0.00e+00	2.5191e+01
1.66521e+17	1.3439e+04	1.095e-14	3.5938e+04	3.8866e+04	1.8385e-16	5.8958e-03	9.9410e-01	1.0848e-03	9.9832e-01	5.9505e-04	3.0631e-22	1.5885e-06	1.4631e-02	6.8062e-01	3.0315e-01	6.5479e-05	1.2445e-02	9.8417e-01	2.4965e-03	8.1846e-04	1.6797e-06	2.4251e-29	0.00e+00	0.00e+00	2.5710e+01
1.66967e+17	1.3452e+04	1.099e-14	3.5938e+04	3.8854e+04	1.9994e-16	6.1593e-03	9.9384e-01	1.1298e-03	9.9826e-01	6.1284e-04	3.7865e-22	1.6824e-06	1.5437e-02	6.9018e-01	2.9284e-01	7.3579e-05	1.3240e-02	9.8348e-01	2.3942e-03	8.1434e-04	1.5746e-06	2.9736e-29	0.00e+00	0.00e+00	2.6415e+01
1.67548e+17	1.3430e+04	1.106e-14	3.5938e+04	3.8845e+04	2.2885e-16	6.5358e-03	9.9346e-01	1.1939e-03	9.9820e-01	6.0390e-04	5.0954e-22	1.8144e-06	1.6599e-02	7.0292e-01	2.7901e-01	8.6082e-05	1.4396e-02	9.8245e-01	2.2589e-03	8.0745e-04	1.4399e-06	4.0248e-29	0.00e+00	0.00e+00	2.7388e+01
1.68190e+17	1.3455e+04	1.111e-14	3.5938e+04	3.8823e+04	2.6122e-16	7.0043e-03	9.9300e-01	1.2737e-03	9.9814e-01	5.8291e-04	7.1370e-22	1.9835e-06	1.8048e-02	7.1710e-01	2.6346e-01	1.0385e-04	1.5941e-02	9.8104e-01	2.1085e-03	8.0129e-04	1.2977e-06	5.5719e-29	0.00e+00	0.00e+00	2.8386e+01
1.68750e+17	1.3434e+04	1.119e-14	3.5938e+04	3.8808e+04	3.0367e-16	7.4893e-03	9.9251e-01	1.3564e-03	9.9807e-01	5.7507e-04	9.9671e-22	2.1562e-06	1.9544e-02	7.3004e-01	2.4910e-01	1.2430e-04	1.7585e-02	9.7952e-01	1.9726e-03	7.9416e-04	1.1733e-06	7.8355e-29	0.00e+00	0.00e+00	2.9222e+01
1.69201e+17	1.3423e+04	1.124e-14	3.5938e+04	3.8795e+04	3.4152e-16	7.9122e-03	9.9209e-01	1.4295e-03	9.9799e-01	5.8039e-04	1.3093e-21	2.3092e-06	2.0878e-02	7.4053e-01	2.3733e-01	1.4433e-04	1.9099e-02	9.7810e-01	1.8717e-03	7.8831e-04	1.0816e-06	1.0277e-28	0.00e+00	0.00e+00	2.9958e+01
1.69579e+17	1.3420e+04	1.128e-14	3.5938e+04	3.8780e+04	3.7849e-16	8.3008e-03	9.9170e-01	1.4967e-03	9.9792e-01	5.8523e-04	1.6631e-21	2.4519e-06	2.2105e-02	7.4943e-01	2.2726e-01	1.6451e-04	2.0541e-02	9.7673e-01	1.7843e-03	7.8337e-04	1.0063e-06	1.3065e-28	0.00e+00	0.00e+00	3.0610e+01
1.69920e+17	1.3426e+04	1.131e-14	3.5938e+04	3.8761e+04	4.1266e-16	8.6746e-03	9.9133e-01	1.5615e-03	9.9785e-01	5.8918e-04	2.0630e-21	2.5913e-06	2.3291e-02	7.5751e-01	2.1804e-01	1.8566e-04	2.1979e-02	9.7535e-01	1.7067e-03	7.7904e-04	9.4144e-07	1.6095e-28	0.00e+00	0.00e+00	3.1272e+01
1.70308e+17	1.3405e+04	1.136e-14	3.5938e+04	3.8747e+04	4.6206e-16	9.1318e-03	9.9087e-01	1.6406e-03	9.9777e-01	5.8750e-04	2.6620e-21	2.7610e-06	2.4749e-02	7.6684e-01	2.0729e-01	2.1336e-04	2.3754e-02	9.7364e-01	1.6161e-03	7.7289e-04	8.6901e-07	2.0773e-28	0.00e+00	0.00e+00	3.2179e+01
1.70725e+17	1.3383e+04	1.141e-14	3.5938e+04	3.8732e+04	5.2462e-16	9.6873e-03	9.9031e-01	1.7375e-03	9.9769e-01	5.7349e-04	3.5631e-21	2.9656e-06	2.6524e-02	7.7681e-01	1.9560e-01	2.5077e-04	2.6023e-02	9.7144e-01	1.5222e-03	7.6589e-04	7.9430e-07	2.7722e-28	0.00e+00	0.00e+00	3.3053e+01
1.71078e+17	1.3374e+04	1.146e-14	3.5938e+04	3.8713e+04	5.8614e-16	1.0216e-02	9.8978e-01	1.8297e-03	9.9760e-01	5.6936e-04	4.6288e-21	3.1632e-06	2.8211e-02	7.8526e-01	1.8551e-01	2.9034e-04	2.8285e-02	9.6922e-01	1.4402e-03	7.5990e-04	7.3217e-07	3.5881e-28	0.00e+00	0.00e+00	3.3768e+01
1.71366e+17	1.3377e+04	1.148e-14	3.5938e+04	3.8688e+04	6.3824e-16	1.0679e-02	9.8932e-01	1.9104e-03	9.9752e-01	5.7242e-04	5.7365e-21	3.3383e-06	2.9692e-02	7.9210e-01	1.7723e-01	3.2829e-04	3.0346e-02	9.6719e-01	1.3750e-03	7.5514e-04	6.8423e-07	4.4053e-28	0.00e+00	0.00e+00	3.4414e+01
1.71673e+17	1.3357e+04	1.152e-14	3.5938e+04	3.8669e+04	7.0646e-16	1.1199e-02	9.8880e-01	2.0016e-03	9.9743e-01	5.7333e-04	7.2482e-21	3.5348e-06	3.1371e-02	7.9942e-01	1.6827e-01	3.7402e-04	3.2693e-02	9.6488e-01	1.3066e-03	7.4904e-04	6.3531e-07	5.5466e-28	0.00e+00	0.00e+00	3.5296e+01
1.72016e+17	1.3339e+04	1.157e-14	3.5938e+04	3.8645e+04	7.9650e-16	1.1853e-02	9.8815e-01	2.1161e-03	9.9732e-01	5.6331e-04	9.5760e-21	3.7802e-06	3.3469e-02	8.0743e-01	1.5821e-01	4.3732e-04	3.5770e-02	9.6182e-01	1.2294e-03	7.4182e-04	5.8172e-07	7.3022e-28	0.00e+00	0.00e+00	3.6208e+01
1.72322e+17	1.3321e+04	1.161e-14	3.5938e+04	3.8621e+04	8.9334e-16	1.2513e-02	9.8749e-01	2.2323e-03	9.9721e-01	5.5682e-04	1.2492e-20	4.0275e-06	3.5585e-02	8.1447e-01	1.4909e-01	5.0808e-04	3.9011e-02	9.5859e-01	1.1603e-03	7.3478e-04	5.3496e-07	9.4952e-28	0.00e+00	0.00e+00	3.6985e+01
1.72576e+17	1.3294e+04	1.165e-14	3.5938e+04	3.8604e+04	9.9218e-16	1.3109e-02	9.8689e-01	2.3383e-03	9.9711e-01	5.5663e-04	1.5745e-20	4.2507e-06	3.7507e-02	8.2018e-01	1.4150e-01	5.7769e-04	4.2026e-02	9.5556e-01	1.1043e-03	7.2819e-04	4.9779e-07	1.1996e-27	0.00e+00	0.00e+00	3.7678e+01
1.72844e+17	1.3286e+04	1.167e-14	3.5938e+04	3.8573e+04	1.0929e-15	1.3759e-02	9.8624e-01	2.4531e-03	9.9699e-01	5.5641e-04	1.9915e-20	4.4987e-06	3.9611e-02	8.2608e-01	1.3353e-01	6.6084e-04	4.5449e-02	9.5212e-01	1.0466e-03	7.2164e-04	4.6138e-07	1.5054e-27	0.00e+00	0.00e+00	3.8623e+01
1.73139e+17	1.3254e+04	1.172e-14	3.5938e+04	3.8548e+04	1.2446e-15	1.4590e-02	9.8541e-01	2.5999e-03	9.9685e-01	5.4680e-04	2.6564e-20	4.8098e-06	4.2262e-02	8.3235e-01	1.2465e-01	7.7643e-04	4.9919e-02	9.4761e-01	9.8080e-04	7.1284e-04	4.2076e-07	2.0113e-27	0.00e+00	0.00e+00	3.9574e+01
1.73397e+17	1.3226e+04	1.176e-14	3.5938e+04	3.8524e+04	1.3999e-15	1.5400e-02	9.8460e-01	2.7453e-03	9.9671e-01	5.4104e-04	3.4632e-20	5.1138e-06	4.4868e-02	8.3756e-01	1.1687e-01	9.0192e-04	5.4499e-02	9.4297e-01	9.2519e-04	7.0445e-04	3.8683e-07	2.6193e-27	0.00e+00	0.00e+00	4.0374e+01
1.73611e+17	1.3216e+04	1.178e-14	3.5938e+04	3.8487e+04	1.5343e-15	1.6128e-02	9.8387e-01	2.8744e-03	9.9659e-01	5.4014e-04	4.3234e-20	5.3862e-06	4.7192e-02	8.4168e-01	1.1045e-01	1.0256e-03	5.8781e-02	9.3862e-01	8.7921e-04	6.9757e-04	3.5995e-07	3.2446e-27	0.00e+00	0.00e+00	4.1101e+01
1.73839e+17	1.3177e+04	1.182e-14	3.5938e+04	3.8465e+04	1.7228e-15	1.6953e-02	9.8305e-01	3.0236e-03	9.9644e-01	5.3828e-04	5.5341e-20	5.6969e-06	4.9849e-02	8.4591e-01	1.0359e-01	1.1760e-03	6.3680e-02	9.3362e-01	8.3162e-04	6.8882e-04	3.3259e-07	4.1728e-27	0.00e+00	0.00e+00	4.2096e+01
1.74094e+17	1.3150e+04	1.186e-14	3.5938e+04	3.8434e+04	1.9571e-15	1.7988e-02	9.8201e-01	3.2096e-03	9.9626e-01	5.2962e-04	7.3851e-20	6.0849e-06	5.3149e-02	8.5021e-01	9.6033e-02	1.3852e-03	7.0125e-02	9.2703e-01	7.7759e-04	6.7856e-04	3.0273e-07	5.5646e-27	0.00e+00	0.00e+00	4.3117e+01
1.74319e+17	1.3125e+04	1.189e-14	3.5938e+04	3.8396e+04	2.2079e-15	1.9033e-02	9.8097e-01	3.3976e-03	9.9608e-01	5.2296e-04	9.7044e-20	6.4716e-06	5.6456e-02	8.5363e-01	8.9333e-02	1.6188e-03	7.6877e-02	9.2011e-01	7.3004e-04	6.6847e-04	2.7694e-07	7.3012e-27	0.00e+00	0.00e+00	4.3980e+01
1.74504e+17	1.3107e+04	1.191e-14	3.5938e+04	3.8344e+04	2.4336e-15	1.9972e-02	9.8003e-01	3.5659e-03	9.9591e-01	5.2028e-04	1.2197e-19	6.8127e-06	5.9410e-02	8.5617e-01	8.3864e-02	1.8491e-03	8.3163e-02	9.1364e-01	6.9144e-04	6.5981e-04	2.5666e-07	9.1096e-27	0.00e+00	0.00e+00	4.4755e+01
1.74701e+17	1.3063e+04	1.194e-14	3.5938e+04	3.8317e+04	2.7436e-15	2.1026e-02	9.7897e-01	3.7593e-03	9.9572e-01	5.1736e-04	1.5689e-19	7.2060e-06	6.2762e-02	8.5858e-01	7.8125e-02	2.1272e-03	9.0300e-02	9.0627e-01	6.5216e-04	6.4915e-04	2.3628e-07	1.1779e-26	0.00e+00	0.00e+00	4.5816e+01
1.74921e+17	1.3032e+04	1.197e-14	3.5938e+04	3.8276e+04	3.1356e-15	2.2362e-02	9.7764e-01	4.0027e-03	9.9549e-01	5.0894e-04	2.1107e-19	7.6987e-06	6.6957e-02	8.6075e-01	7.1794e-02	2.5179e-03	9.9745e-02	8.9649e-01	6.0725e-04	6.3634e-04	2.1390e-07	1.5859e-26	0.00e+00	0.00e+00	4.6924e+01
1.75119e+17	1.3000e+04	1.200e-14	3.5938e+04	3.8228e+04	3.5675e-15	2.3740e-02	9.7626e-01	4.2540e-03	9.9524e-01	5.0143e-04	2.8083e-19	8.1981e-06	7.1242e-02	8.6215e-01	6.6138e-02	2.9635e-03	1.0980e-01	8.8604e-01	5.6707e-04	6.2337e-04	1.9423e-07	2.1098e-26	0.00e+00	0.00e+00	4.7876e+01
1.75284e+17	1.2980e+04	1.201e-14	3.5938e+04	3.8159e+04	3.9590e-15	2.4991e-02	9.7501e-01	4.4813e-03	9.9502e-01	4.9718e-04	3.5726e-19	8.6393e-06	7.5108e-02	8.6292e-01	6.1526e-02	3.4094e-03	1.1928e-01	8.7617e-01	5.3437e-04	6.1210e-04	1.7874e-07	2.6659e-26	0.00e+00	0.00e+00	4.8739e+01
1.75459e+17	1.2937e+04	1.204e-14	3.5938e+04	3.8114e+04	4.4938e-15	2.6422e-02	9.7358e-01	4.7453e-03	9.9476e-01	4.9258e-04	4.6616e-19	9.1569e-06	7.9534e-02	8.6335e-01	5.6692e-02	3.9585e-03	1.3016e-01	8.6478e-01	5.0035e-04	5.9849e-04	1.6299e-07	3.4934e-26	0.00e+00	0.00e+00	4.9924e+01
1.75655e+17	1.2886e+04	1.207e-14	3.5938e+04	3.8065e+04	5.2302e-15	2.8262e-02	9.7174e-01	5.0872e-03	9.9443e-01	4.8320e-04	6.4148e-19	9.8197e-06	8.5176e-02	8.6304e-01	5.1387e-02	4.7376e-03	1.4456e-01	8.4965e-01	4.6288e-04	5.8120e-04	1.4576e-07	4.8298e-26	0.00e+00	0.00e+00	5.1169e+01
1.75832e+17	1.2847e+04	1.210e-14	3.5938e+04	3.8000e+04	6.0419e-15	3.0191e-02	9.6981e-01	5.4435e-03	9.9408e-01	4.7446e-04	8.7353e-19	1.0497e-05	9.0998e-02	8.6198e-01	4.6651e-02	5.6447e-03	1.6009e-01	8.3328e-01	4.2819e-04	5.6366e-04	1.3045e-07	6.5918e-26	0.00e+00	0.00e+00	5.2268e+01
1.75982e+17	1.2822e+04	1.210e-14	3.5938e+04	3.7902e+04	6.7995e-15	3.1991e-02	9.6801e-01	5.7749e-03	9.9376e-01	4.6837e-04	1.1382e-18	1.1104e-05	9.6384e-02	8.6051e-01	4.2757e-02	6.5809e-03	1.7504e-01	8.1743e-01	3.9972e-04	5.4795e-04	1.1827e-07	8.5329e-26	0.00e+00	0.00e+00	5.3289e+01
1.76144e+17	1.2770e+04	1.212e-14	3.5938e+04	3.7836e+04	7.8730e-15	3.4110e-02	9.6589e-01	6.1711e-03	9.9337e-01	4.6155e-04	1.5334e-18	1.1838e-05	1.0270e-01	8.5829e-01	3.8675e-02	7.7700e-03	1.9253e-01	7.9880e-01	3.7006e-04	5.2896e-04	1.0579e-07	1.1570e-25	0.00e+00	0.00e+00	5.4705e+01
1.76327e+17	1.2716e+04	1.214e-14	3.5938e+04	3.7741e+04	9.3737e-15	3.6910e-02	9.6309e-01	6.6922e-03	9.9286e-01	4.5023e-04	2.1968e-18	1.2781e-05	1.1087e-01	8.5461e-01	3.4208e-02	9.5091e-03	2.1599e-01	7.7366e-01	3.3671e-04	5.0466e-04	9.2074e-08	1.6654e-25	0.00e+00	0.00e+00	5.6233e+01
1.76496e+17	1.2655e+04	1.217e-14	3.5938e+04	3.7654e+04	1.1226e-14	3.9978e-02	9.6002e-01	7.2710e-03	9.9229e-01	4.3904e-04	3.1540e-18	1.3819e-05	1.1973e-01	8.4980e-01	3.0189e-02	1.1624e-02	2.4179e-01	7.4580e-01	3.0613e-04	4.7861e-04	1.1755e-36	2.4110e-25	0.00e+00	0.00e+00	5.7635e+01
1.76642e+17	1.2618e+04	1.216e-14	3.5938e+04	3.7507e+04	1.3053e-14	4.3010e-02	9.5699e-01	7.8341e-03	9.9174e-01	4.3010e-04	4.3371e-18	1.4765e-05	1.2828e-01	8.4462e-01	2.6842e-02	1.3940e-02	2.6751e-01	7.1781e-01	2.7996e-04	4.5429e-04	1.1755e-36	3.2971e-25	0.00e+00	0.00e+00	5.8992e+01
1.76802e+17	1.2549e+04	1.217e-14	3.5938e+04	3.7384e+04	1.5809e-14	4.6736e-02	9.5326e-01	8.5359e-03	9.9104e-01	4.2002e-04	6.2572e-18	1.5955e-05	1.3864e-01	8.3775e-01	2.3365e-02	1.7024e-02	2.9815e-01	6.8415e-01	2.5280e-04	4.2508e-04	1.1755e-36	4.8148e-25	0.00e+00	0.00e+00	6.0909e+01
1.76974e+17	1.2476e+04	1.217e-14	3.5938e+04	3.7215e+04	1.9871e-14	5.1694e-02	9.4831e-01	9.4613e-03	9.9013e-01	4.0559e-04	9.6546e-18	1.7463e-05	1.5194e-01	8.2805e-01	1.9786e-02	2.1548e-02	3.3772e-01	6.4012e-01	2.2350e-04	3.8869e-04	1.1755e-36	7.5430e-25	0.00e+00	0.00e+00	6.2825e+01
1.77118e+17	1.2403e+04	1.217e-14	3.5938e+04	3.7065e+04	2.4693e-14	5.6785e-02	9.4322e-01	1.0425e-02	9.8918e-01	3.9331e-04	1.4374e-17	1.9009e-05	1.6530e-01	8.1757e-01	1.6926e-02	2.6637e-02	3.7638e-01	5.9643e-01	1.9928e-04	3.5386e-04	1.1755e-36	1.1446e-24	0.00e+00	0.00e+00	6.4410e+01
1.77231e+17	1.2361e+04	1.214e-14	3.5938e+04	3.6854e+04	2.9553e-14	6.1395e-02	9.3860e-01	1.1283e-02	9.8833e-01	3.8461e-04	1.9898e-17	2.0250e-05	1.7700e-01	8.0801e-01	1.4803e-02	3.1623e-02	4.0987e-01	5.5800e-01	1.8079e-04	3.2503e-04	1.1755e-36	1.6132e-24	0.00e+00	0.00e+00	6.5860e+01
1.77351e+17	1.2285e+04	1.211e-14	3.5938e+04	3.6655e+04	3.6116e-14	6.6880e-02	9.3312e-01	1.2314e-02	9.8731e-01	3.7541e-04	2.8113e-17	2.1755e-05	1.9058e-01	7.9654e-01	1.2708e-02	3.7852e-02	4.4622e-01	5.1547e-01	1.6252e-04	2.9350e-04	1.1755e-36	2.3188e-24	0.00e+00	0.00e+00	6.7915e+01
1.77485e+17	1.2201e+04	1.209e-14	3.5938e+04	3.6439e+04	4.6410e-14	7.4552e-02	9.2545e-01	1.3743e-02	9.8589e-01	3.6237e-04	4.2993e-17	2.3771e-05	2.0869e-01	7.8066e-01	1.0490e-02	4.7039e-02	4.9148e-01	4.6108e-01	1.4211e-04	2.5443e-04	1.1755e-36	3.6391e-24	0.00e+00	0.00e+00	7.0178e+01
1.77604e+17	1.2116e+04	1.205e-14	3.5938e+04	3.6152e+04	5.9498e-14	8.3025e-02	9.1698e-01	1.5312e-02	9.8434e-01	3.5086e-04	6.4488e-17	2.5825e-05	2.2774e-01	7.6345e-01	8.6666e-03	5.7708e-02	5.3458e-01	4.0737e-01	1.2430e-04	2.1770e-04	1.1755e-36	5.5917e-24	0.00e+00	0.00e+00	7.2120e+01
1.77696e+17	1.2062e+04	1.194e-14	3.5938e+04	3.5760e+04	7.2259e-14	9.0483e-02	9.0952e-01	1.6702e-02	9.8295e-01	3.4465e-04	8.8265e-17	2.7431e-05	2.4399e-01	7.4848e-01	7.3902e-03	6.7560e-02	5.6803e-01	3.6411e-01	1.1151e-04	1.8990e-04	1.1755e-36	7.7507e-24	0.00e+00	0.00e+00	7.3792e+01
1.77790e+17	1.1972e+04	1.187e-14	3.5938e+04	3.5467e+04	8.9906e-14	9.9334e-02	9.0067e-01	1.8360e-02	9.8130e-01	3.3764e-04	1.2290e-16	2.9365e-05	2.6252e-01	7.3117e-01	6.1838e-03	7.9314e-02	5.9995e-01	3.2047e-01	9.9218e-05	1.6201e-04	1.1755e-36	1.1008e-23	0.00e+00	0.00e+00	7.6177e+01
1.77894e+17	1.1876e+04	1.174e-14	3.5938e+04	3.4996e+04	1.1680e-13	1.1123e-01	8.8877e-01	2.0568e-02	9.7910e-01	3.3077e-04	1.8082e-16	3.1691e-05	2.8599e-01	7.0891e-01	4.9777e-03	9.5382e-02	6.3395e-01	2.7045e-01	8.6089e-05	1.3157e-04	1.1755e-36	1.6566e-23	0.00e+00	0.00e+00	7.8764e+01
1.77986e+17	1.1776e+04	1.160e-14	3.5938e+04	3.4515e+04	1.5128e-13	1.2435e-01	8.7565e-01	2.3019e-02	9.7666e-01	3.2526e-04	2.6094e-16	3.4061e-05	3.1051e-01	6.8537e-01	4.0104e-03	1.1316e-01	6.6105e-01	2.2561e-01	7.4817e-05	1.0538e-04	1.1755e-36	2.4453e-23	0.00e+00	0.00e+00	8.1047e+01
1.78059e+17	1.1678e+04	1.148e-14	3.5938e+04	3.4166e+04	1.9044e-13	1.3718e-01	8.6282e-01	2.5460e-02	9.7422e-01	3.2070e-04	3.5736e-16	3.6340e-05	3.3342e-01	6.6318e-01	3.3038e-03	1.3040e-01	6.7892e-01	1.9053e-01	6.6103e-05	8.5530e-05	1.1755e-36	3.4303e-23	0.00e+00	0.00e+00	8.3084e+01
1.78122e+17	1.1611e+04	1.128e-14	3.5938e+04	3.3627e+04	2.3023e-13	1.4898e-01	8.5102e-01	2.7728e-02	9.7195e-01	3.2104e-04	4.6114e-16	3.8033e-05	3.5370e-01	6.4343e-01	2.7775e-03	1.4633e-01	6.9072e-01	1.6282e-01	5.9464e-05	7.0827e-05	1.1755e-36	4.4711e-23	0.00e+00	0.00e+00	8.5172e+01
1.78193e+17	1.1503e+04	1.106e-14	3.5938e+04	3.3058e+04	2.8991e-13	1.6414e-01	8.3586e-01	3.0690e-02	9.6899e-01	3.2106e-04	6.1814e-16	4.0184e-05	3.7857e-01	6.1909e-01	2.2508e-03	1.6642e-01	6.9893e-01	1.3455e-01	5.2491e-05	5.6206e-05	1.1755e-36	6.0855e-23	0.00e+00	0.00e+00	8.8162e+01
1.78271e+17	1.1383e+04	1.077e-14	3.5938e+04	3.2317e+04	3.8130e-13	1.8432e-01	8.1568e-01	3.4678e-02	9.6500e-01	3.2284e-04	8.6800e-16	4.2690e-05	4.0956e-01	5.8861e-01	1.7461e-03	1.9267e-01	7.0168e-01	1.0556e-01	4.5118e-05	4.1907e-05	1.1755e-36	8.7008e-23	0.00e+00	0.00e+00	9.1328e+01
1.78339e+17	1.1266e+04	1.044e-14	3.5938e+04	3.1560e+04	4.9249e-13	2.0528e-01	7.9472e-01	3.8954e-02	9.6072e-01	3.2657e-04	1.1794e-15	4.4969e-05	4.3998e-01	5.5857e-01	1.3697e-03	2.1936e-01	6.9758e-01	8.2991e-02	3.9097e-05	3.1347e-05	1.1755e-36	1.1995e-22	0.00e+00	0.00e+00	9.4053e+01
1.78392e+17	1.1166e+04	1.013e-14	3.5938e+04	3.0870e+04	6.0795e-13	2.2414e-01	7.7586e-01	4.2958e-02	9.5671e-01	3.3130e-04	1.5063e-15	4.6781e-05	4.6617e-01	5.3264e-01	1.1127e-03	2.4292e-01	6.8969e-01	6.7339e-02	3.4697e-05	2.4384e-05	1.1755e-36	1.5452e-22	0.00e+00	0.00e+00	9.6492e+01
1.78439e+17	1.1073e+04	9.813e-15	3.5938e+04	3.0196e+04	7.3671e-13	2.4270e-01	7.5730e-01	4.7047e-02	9.5262e-01	3.3717e-04	1.8725e-15	4.8328e-05	4.9088e-01	5.0813e-01	9.1333e-04	2.6568e-01	6.7909e-01	5.5181e-02	3.1068e-05	1.9207e-05	1.1755e-36	1.9320e-22	0.00e+00	0.00e+00	9.9105e+01
1.78494e+17	1.0958e+04	9.408e-15	3.5938e+04	2.9359e+04	9.2032e-13	2.6586e-01	7.3414e-01	5.2343e-02	9.4731e-01	3.4575e-04	2.3909e-15	5.0032e-05	5.2025e-01	4.7895e-01	7.1922e-04	2.9352e-01	6.6303e-01	4.3405e-02	2.7289e-05	1.4418e-05	1.1755e-36	2.4753e-22	0.00e+00	0.00e+00	1.0283e+02
1.78552e+17	1.0833e+04	8.898e-15	3.5938e+04	2.8279e+04	1.1810e-12	2.9436e-01	7.0564e-01	5.9083e-02	9.4056e-01	3.5810e-04	3.1203e-15	5.1602e-05	5.5391e-01	4.4547e-01	5.4728e-04	3.2703e-01	6.4031e-01	3.2625e-02	2.3491e-05	1.0272e-05	1.1755e-36	3.2267e-22	0.00e+00	0.00e+00	1.0649e+02
1.78601e+17	1.0711e+04	8.422e-15	3.5938e+04	2.7304e+04	1.4742e-12	3.2182e-01	6.7818e-01	6.6021e-02	9.3361e-01	3.7113e-04	3.9235e-15	5.2794e-05	5.8463e-01	4.1487e-01	4.2650e-04	3.5856e-01	6.1636e-01	2.5046e-02	2.0500e-05	7.5087e-06	1.1755e-36	4.0383e-22	0.00e+00	0.00e+00	1.0961e+02
1.78641e+17	1.0622e+04	7.983e-15	3.5938e+04	2.6415e+04	1.7571e-12	3.4546e-01	6.5454e-01	7.2391e-02	9.2722e-01	3.8460e-04	4.6952e-15	5.3492e-05	6.1003e-01	3.8955e-01	3.4498e-04	3.8522e-01	5.9478e-01	1.9969e-02	1.8318e-05	5.7537e-06	1.1755e-36	4.7865e-22	0.00e+00	0.00e+00	1.1250e+02
1.78681e+17	1.0507e+04	7.524e-15	3.5938e+04	2.5481e+04	2.1134e-12	3.7103e-01	6.2897e-01	7.9686e-02	9.1991e-01	3.9948e-04	5.6120e-15	5.4078e-05	6.3626e-01	3.6340e-01	2.7529e-04	4.1355e-01	5.7070e-01	1.5736e-02	1.6290e-05	4.3532e-06	1.1755e-36	5.6398e-22	0.00e+00	0.00e+00	1.1618e+02
1.78725e+17	1.0391e+04	6.989e-15	3.5938e+04	2.4369e+04	2.5765e-12	4.0090e-01	5.9910e-01	8.8658e-02	9.1092e-01	4.1897e-04	6.7834e-15	5.4374e-05	6.6502e-01	3.3470e-01	2.1354e-04	4.4601e-01	5.4202e-01	1.1950e-02	1.4261e-05	3.1600e-06	1.1755e-36	6.6628e-22	0.00e+00	0.00e+00	1.2014e+02
1.78766e+17	1.0273e+04	6.459e-15	3.5938e+04	2.3245e+04	3.1185e-12	4.3104e-01	5.6896e-01	9.8445e-02	9.0111e-01	4.4097e-04	8.0906e-15	5.4227e-05	6.9250e-01	3.0727e-01	1.6651e-04	4.7816e-01	5.1275e-01	9.0758e-03	1.2512e-05	2.2987e-06	1.1755e-36	7.7325e-22	0.00e+00	0.00e+00	1.2388e+02
1.78801e+17	1.0158e+04	5.999e-15	3.5938e+04	2.2283e+04	3.6872e-12	4.5876e-01	5.4124e-01	1.0824e-01	8.9130e-01	4.6090e-04	9.3996e-15	5.4117e-05	7.1658e-01	2.8322e-01	1.3334e-04	5.0719e-01	4.8572e-01	7.0743e-03	1.1118e-05	1.7248e-06	1.1755e-36	8.7358e-22	0.00e+00	0.00e+00	1.2717e+02
1.78831e+17	1.0079e+04	5.573e-15	3.5938e+04	2.1339e+04	4.2125e-12	4.8242e-01	5.1758e-01	1.1725e-01	8.8227e-01	4.8385e-04	1.0596e-14	5.3395e-05	7.3646e-01	2.6337e-01	1.0989e-04	5.3164e-01	4.6268e-01	5.6708e-03	1.0058e-05	1.3410e-06	1.1755e-36	9.5053e-22	0.00e+00	0.00e+00	1.3037e+02
1.78859e+17	9.9745e+03	5.197e-15	3.5938e+04	2.0508e+04	4.8186e-12	5.0583e-01	4.9417e-01	1.2676e-01	8.7273e-01	5.0397e-04	1.1856e-14	5.2918e-05	7.5516e-01	2.4469e-01	9.1487e-05	5.5549e-01	4.3991e-01	4.5874e-03	9.1167e-06	1.0535e-06	1.1755e-36	1.0281e-21	0.00e+00	0.00e+00	1.3341e+02
1.78885e+17	9.8933e+03	4.831e-15	3.5938e+04	1.9661e+04	5.4131e-12	5.2746e-01	4.7254e-01	1.3618e-01	8.6330e-01	5.2742e-04	1.3089e-14	5.1995e-05	7.7191e-01	2.2796e-01	7.7054e-05	5.7727e-01	4.1897e-01	3.7431e-03	8.3229e-06	8.3767e-07	1.1755e-36	1.0902e-21	0.00e+00	0.00e+00	1.3654e+02
1.78906e+17	9.8208e+03	4.549e-15	3.5938e+04	1.9001e+04	5.9532e-12	5.4549e-01	4.5451e-01	1.4448e-01	8.5497e-01	5.4652e-04	1.4166e-14	5.1330e-05	7.8521e-01	2.1466e-01	6.7285e-05	5.9524e-01	4.0159e-01	3.1659e-03	7.7132e-06	6.9365e-07	1.1755e-36	1.1401e-21	0.00e+00	0.00e+00	1.3849e+02
1.78920e+17	9.7798e+03	4.366e-15	3.5938e+04	1.8564e+04	6.3036e-12	5.5654e-01	4.4346e-01	1.5001e-01	8.4943e-01	5.5993e-04	1.4861e-14	5.0766e-05	7.9349e-01	2.0640e-01	6.1721e-05	6.0617e-01	3.9098e-01	2.8435e-03	7.3595e-06	6.1523e-07	1.1755e-36	1.1668e-21	0.00e+00	0.00e+00	1.3992e+02
1.78932e+17	9.7276e+03	4.206e-15	3.5938e+04	1.8196e+04	6.6743e-12	5.6694e-01	4.3306e-01	1.5551e-01	8.4392e-01	5.7114e-04	1.5531e-14	5.0365e-05	8.0114e-01	1.9875e-01	5.6951e-05	6.1639e-01	3.8103e-01	2.5766e-03	7.0418e-06	5.5105e-07	1.1755e-36	1.1932e-21	0.00e+00	0.00e+00	1.4157e+02
1.78946e+17	9.6684e+03	4.019e-15	3.5938e+04	1.7744e+04	7.1302e-12	5.7931e-01	4.2069e-01	1.6208e-01	8.3733e-01	5.8521e-04	1.6344e-14	4.9771e-05	8.0988e-01	1.9001e-01	5.1836e-05	6.2849e-01	3.6921e-01	2.2897e-03	6.6791e-06	4.8311e-07	1.1755e-36	1.2201e-21	0.00e+00	0.00e+00	1.4362e+02
1.78962e+17	9.6107e+03	3.815e-15	3.5938e+04	1.7236e+04	7.6463e-12	5.9293e-01	4.0707e-01	1.6953e-01	8.2987e-01	6.0216e-04	1.7274e-14	4.9038e-05	8.1915e-01	1.8075e-01	4.6847e-05	6.4172e-01	3.5627e-01	2.0072e-03	6.2979e-06	4.1732e-07	1.1755e-36	1.2475e-21	0.00e+00	0.00e+00	1.4575e+02
1.78977e+17	9.5520e+03	3.623e-15	3.5938e+04	1.6737e+04	8.1796e-12	6.0601e-01	3.9399e-01	1.7701e-01	8.2237e-01	6.1990e-04	1.8196e-14	4.8251e-05	8.2782e-01	1.7209e-01	4.2583e-05	6.5433e-01	3.4390e-01	1.7662e-03	5.9495e-06	3.6222e-07	1.1755e-36	1.2681e-21	0.00e+00	0.00e+00	1.4774e+02
1.78991e+17	9.5032e+03	3.445e-15	3.5938e+04	1.6261e+04	8.6774e-12	6.1779e-01	3.8221e-01	1.8411e-01	8.1525e-01	6.3798e-04	1.9060e-14	4.7420e-05	8.3555e-01	1.6436e-01	3.9057e-05	6.6563e-01	3.3280e-01	1.5681e-03	5.6485e-06	3.1773e-07	1.1755e-36	1.2807e-21	0.00e+00	0.00e+00	1.4965e+02
1.79005e+17	9.4393e+03	3.277e-15	3.5938e+04	1.5825e+04	9.2567e-12	6.3001e-01	3.6999e-01	1.9193e-01	8.0742e-01	6.5401e-04	1.9982e-14	4.6721e-05	8.4338e-01	1.5654e-01	3.5832e-05	6.7727e-01	3.2133e-01	1.3902e-03	5.3505e-06	2.7823e-07	1.1755e-36	1.2968e-21	0.00e+00	0.00e+00	1.5167e+02
1.79019e+17	9.3920e+03	3.107e-15	3.5938e+04	1.5356e+04	9.7977e-12	6.4164e-01	3.5836e-01	1.9963e-01	7.9969e-01	6.7348e-04	2.0899e-14	4.5828e-05	8.5069e-01	1.4923e-01	3.2989e-05	6.8830e-01	3.1046e-01	1.2323e-03	5.0768e-06	2.4378e-07	1.1755e-36	1.3029e-21	0.00e+00	0.00e+00	1.5369e+02
1.79033e+17	9.3268e+03	2.944e-15	3.5938e+04	1.4902e+04	1.0445e-11	6.5371e-01	3.4629e-01	2.0805e-01	7.9126e-01	6.9204e-04	2.1876e-14	4.4972e-05	8.5807e-01	1.4186e-01	3.0386e-05	6.9967e-01	2.9923e-01	1.0899e-03	4.8052e-06	2.1313e-07	1.1755e-36	1.3087e-21	0.00e+00	0.00e+00	1.5580e+02
1.79047e+17	9.2653e+03	2.787e-15	3.5938e+04	1.4461e+04	1.1110e-11	6.6567e-01	3.3433e-01	2.1684e-01	7.8245e-01	7.1073e-04	2.2884e-14	4.4155e-05	8.6520e-01	1.3472e-01	2.8069e-05	7.1087e-01	2.8816e-01	9.6358e-04	4.5463e-06	1.8628e-07	1.1755e-36	1.3129e-21	0.00e+00	0.00e+00	1.5787e+02
1.79060e+17	9.2071e+03	2.639e-15	3.5938e+04	1.4027e+04	1.1775e-11	6.7692e-01	3.2308e-01	2.2554e-01	7.7373e-01	7.3042e-04	2.3873e-14	4.3272e-05	8.7180e-01	1.2813e-01	2.6080e-05	7.2136e-01	2.7778e-01	8.5568e-04	4.3115e-06	1.6369e-07	1.1755e-36	1.3105e-21	0.00e+00	0.00e+00	1.5991e+02
1.79074e+17	9.1528e+03	2.496e-15	3.5938e+04	1.3593e+04	1.2443e-11	6.8772e-01	3.1228e-01	2.3430e-01	7.6495e-01	7.5116e-04	2.4866e-14	4.2339e-05	8.7803e-01	1.2191e-01	2.4333e-05	7.3137e-01	2.6787e-01	7.6145e-04	4.0940e-06	1.4423e-07	1.1755e-36	1.3026e-21	0.00e+00	0.00e+00	1.6199e+02
1.79087e+17	9.0824e+03	2.358e-15	3.5938e+04	1.3180e+04	1.3243e-11	6.9911e-01	3.0089e-01	2.4408e-01	7.5515e-01	7.7017e-04	2.5939e-14	4.1484e-05	8.8439e-01	1.1554e-01	2.2708e-05	7.4187e-01	2.5745e-01	6.7510e-04	3.8733e-06	1.2658e-07	1.1755e-36	1.2968e-21	0.00e+00	0.00e+00	1.6417e+02
1.79101e+17	9.0284e+03	2.223e-15	3.5938e+04	1.2746e+04	1.3976e-11	7.0966e-01	2.9034e-01	2.5354e-01	7.4567e-01	7.9318e-04	2.7001e-14	4.0482e-05	8.9019e-01	1.0974e-01	2.1307e-05	7.5155e-01	2.4784e-01	6.0035e-04	3.6748e-06	1.1755e-36	1.1755e-36	1.2809e-21	0.00e+00	0.00e+00	1.6629e+02
1.79114e+17	8.9558e+03	2.098e-15	3.5938e+04	1.2350e+04	1.4859e-11	7.2047e-01	2.7953e-01	2.6386e-01	7.3533e-01	8.1257e-04	2.8110e-14	3.9611e-05	8.9598e-01	1.0396e-01	2.0043e-05	7.6143e-01	2.3803e-01	5.3415e-04	3.4788e-06	1.1755e-36	1.1755e-36	1.2682e-21	0.00e+00	0.00e+00	1.6846e+02
1.79127e+17	8.9049e+03	1.976e-15	3.5938e+04	1.1939e+04	1.5623e-11	7.3034e-01	2.6966e-01	2.7379e-01	7.2538e-01	8.3624e-04	2.9205e-14	3.8587e-05	9.0120e-01	9.8737e-02	1.8957e-05	7.7039e-01	2.2913e-01	4.7709e-04	3.3047e-06	1.1755e-36	1.1755e-36	1.2465e-21	0.00e+00	0.00e+00	1.7060e+02
1.79140e+17	8.8313e+03	1.860e-15	3.5938e+04	1.1544e+04	1.6590e-11	7.4051e-01	2.5949e-01	2.8453e-01	7.1462e-01	8.5766e-04	3.0357e-14	3.7654e-05	9.0642e-01	9.3519e-02	1.7967e-05	7.7959e-01	2.1998e-01	4.2606e-04	3.1315e-06	1.1755e-36	1.1755e-36	1.2245e-21	0.00e+00	0.00e+00	1.7283e+02
1.79153e+17	8.7617e+03	1.749e-15	3.5938e+04	1.1160e+04	1.7581e-11	7.5061e-01	2.4939e-01	2.9581e-01	7.0331e-01	8.7892e-04	3.1558e-14	3.6744e-05	9.1147e-01	8.8477e-02	1.7079e-05	7.8869e-01	2.1093e-01	3.8051e-04	2.9642e-06	1.1755e-36	1.1755e-36	1.2022e-21	0.00e+00	0.00e+00	1.7506e+02
1.79166e+17	8.6956e+03	1.644e-15	3.5938e+04	1.0784e+04	1.8574e-11	7.6005e-01	2.3995e-01	3.0696e-01	6.9214e-01	9.0122e-04	3.2751e-14	3.5794e-05	9.1610e-01	8.3850e-02	1.6316e-05	7.9714e-01	2.0251e-01	3.4170e-04	2.8125e-06	1.1755e-36	1.1755e-36	1.1755e-21	0.00e+00	0.00e+00	1.7723e+02
1.79179e+17	8.6331e+03	1.546e-15	3.5938e+04	1.0414e+04	1.9570e-11	7.6900e-01	2.3100e-01	3.1813e-01	6.8094e-01	9.2428e-04	3.3959e-14	3.4828e-05	9.2042e-01	7.9529e-02	1.5648e-05	8.0514e-01	1.9455e-01	3.0802e-04	2.6721e-06	1.1755e-36	1.1755e-36	1.1457e-21	0.00e+00	0.00e+00	1.7944e+02
1.79192e+17	8.5572e+03	1.450e-15	3.5938e+04	1.0051e+04	2.0751e-11	7.7816e-01	2.2184e-01	3.3019e-01	6.6886e-01	9.4637e-04	3.5236e-14	3.3868e-05	9.2471e-01	7.5242e-02	1.5035e-05	8.1328e-01	1.8644e-01	2.7761e-04	2.5326e-06	1.1755e-36	1.1755e-36	1.1150e-21	0.00e+00	0.00e+00	1.8175e+02
1.79204e+17	8.4818e+03	1.360e-15	3.5938e+04	9.6998e+03	2.1993e-11	7.8722e-01	2.1278e-01	3.4280e-01	6.5623e-01	9.6764e-04	3.6564e-14	3.2961e-05	9.2882e-01	7.1127e-02	1.4486e-05	8.2130e-01	1.7844e-01	2.5063e-04	2.3979e-06	1.1755e-36	1.1755e-36	1.0844e-21	0.00e+00	0.00e+00	1.8403e+02
1.79217e+17	8.4098e+03	1.275e-15	3.5938e+04	9.3559e+03	2.3244e-11	7.9560e-01	2.0440e-01	3.5516e-01	6.4385e-01	9.9000e-04	3.7889e-14	3.2025e-05	9.3257e-01	6.7382e-02	1.4017e-05	8.2869e-01	1.7108e-01	2.2778e-04	2.2764e-06	1.1755e-36	1.1755e-36	1.0505e-21	0.00e+00	0.00e+00	1.8626e+02
1.79229e+17	8.3400e+03	1.196e-15	3.5938e+04	9.0207e+03	2.4523e-11	8.0357e-01	1.9643e-01	3.6760e-01	6.3139e-01	1.0124e-03	3.9240e-14	3.1089e-05	9.3607e-01	6.3881e-02	1.3604e-05	8.3570e-01	1.6409e-01	2.0793e-04	2.1633e-06	1.1755e-36	1.1755e-36	1.0154e-21	0.00e+00	0.00e+00	1.8853e+02
1.79242e+17	8.2548e+03	1.119e-15	3.5938e+04	8.6986e+03	2.6076e-11	8.1184e-01	1.8816e-01	3.8123e-01	6.1774e-01	1.0318e-03	4.0665e-14	3.0206e-05	9.3957e-01	6.0390e-02	1.3222e-05	8.4294e-01	1.5687e-01	1.8995e-04	2.0490e-06	1.1755e-36	1.1755e-36	9.8170e-22	0.00e+00	0.00e+00	1.9090e+02
1.79255e+17	8.1790e+03	1.047e-15	3.5938e+04	8.3735e+03	2.7583e-11	8.1952e-01	1.8048e-01	3.9461e-01	6.0433e-01	1.0541e-03	4.2132e-14	2.9277e-05	9.4275e-01	5.7205e-02	1.2891e-05	8.4964e-01	1.5018e-01	1.7445e-04	1.9448e-06	1.1755e-36	1.1755e-36	9.4454e-22	0.00e+00	0.00e+00	1.9320e+02
1.79267e+17	8.1021e+03	9.797e-16	3.5938e+04	8.0659e+03	2.9177e-11	8.2689e-01	1.7311e-01	4.0830e-01	5.9062e-01	1.0744e-03	4.3618e-14	2.8388e-05	9.4575e-01	5.4213e-02	1.2598e-05	8.5605e-01	1.4379e-01	1.6103e-04	1.8469e-06	1.1755e-36	1.1755e-36	9.0862e-22	0.00e+00	0.00e+00	1.9553e+02
1.79280e+17	8.0200e+03	9.154e-16	3.5938e+04	7.7579e+03	3.0945e-11	8.3409e-01	1.6591e-01	4.2228e-01	5.7663e-01	1.0949e-03	4.5177e-14	2.7485e-05	9.4858e-01	5.1377e-02	1.2337e-05	8.6228e-01	1.3756e-01	1.4922e-04	1.7533e-06	1.1755e-36	1.1755e-36	8.7105e-22	0.00e+00	0.00e+00	1.9791e+02
1.79292e+17	7.9329e+03	8.545e-16	3.5938e+04	7.4588e+03	3.2904e-11	8.4114e-01	1.5886e-01	4.3686e-01	5.6202e-01	1.1142e-03	4.6793e-14	2.6589e-05	9.5128e-01	4.8676e-02	1.2103e-05	8.6838e-01	1.3148e-01	1.3883e-04	1.6633e-06	1.1755e-36	1.1755e-36	8.3380e-22	0.00e+00	0.00e+00	2.0032e+02
1.79305e+17	7.8438e+03	7.976e-16	3.5938e+04	7.1763e+03	3.5020e-11	8.4803e-01	1.5197e-01	4.5193e-01	5.4694e-01	1.1304e-03	4.8447e-14	2.5766e-05	9.5384e-01	4.6123e-02	1.1894e-05	8.7432e-01	1.2555e-01	1.2977e-04	1.5769e-06	1.1755e-36	1.1755e-36	7.9879e-22	0.00e+00	0.00e+00	2.0272e+02
1.79317e+17	7.7570e+03	7.449e-16	3.5938e+04	6.9003e+03	3.7211e-11	8.5441e-01	1.4559e-01	4.6676e-01	5.3209e-01	1.1471e-03	5.0129e-14	2.4930e-05	9.5616e-01	4.3806e-02	1.1714e-05	8.7980e-01	1.2008e-01	1.2209e-04	1.4984e-06	1.1755e-36	1.1755e-36	7.6314e-22	0.00e+00	0.00e+00	2.0509e+02
1.79329e+17	7.6687e+03	6.959e-16	3.5938e+04	6.6365e+03	3.9565e-11	8.6049e-01	1.3951e-01	4.8177e-01	5.1707e-01	1.1619e-03	5.1840e-14	2.4123e-05	9.5831e-01	4.1653e-02	1.1555e-05	8.8501e-01	1.1488e-01	1.1548e-04	1.4248e-06	1.1755e-36	1.1755e-36	7.2874e-22	0.00e+00	0.00e+00	2.0747e+02
1.79342e+17	7.5854e+03	6.495e-16	3.5938e+04	6.3733e+03	4.1947e-11	8.6617e-01	1.3383e-01	4.9669e-01	5.0213e-01	1.1782e-03	5.3627e-14	2.3297e-05	9.6029e-01	3.9676e-02	1.1415e-05	8.8986e-01	1.1003e-01	1.0974e-04	1.3569e-06	1.1755e-36	1.1755e-36	6.9352e-22	0.00e+00	0.00e+00	2.0989e+02
1.79354e+17	7.4960e+03	6.069e-16	3.5938e+04	6.1275e+03	4.4618e-11	8.7168e-01	1.2832e-01	5.1187e-01	4.8694e-01	1.1905e-03	5.5424e-14	2.2528e-05	9.6213e-01	3.7835e-02	1.1292e-05	8.9456e-01	1.0533e-01	1.0483e-04	1.2921e-06	1.1755e-36	1.1755e-36	6.6098e-22	0.00e+00	0.00e+00	2.1224e+02
1.79365e+17	7.4012e+03	5.676e-16	3.5938e+04	5.8936e+03	4.7603e-11	8.7692e-01	1.2308e-01	5.2710e-01	4.7170e-01	1.2001e-03	5.7235e-14	2.1793e-05	9.6383e-01	3.6136e-02	1.1185e-05	8.9901e-01	1.0089e-01	1.0066e-04	1.2315e-06	1.1755e-36	1.1755e-36	6.2994e-22	0.00e+00	0.00e+00	2.1460e+02
1.79377e+17	7.3061e+03	5.307e-16	3.5938e+04	5.6665e+03	5.0805e-11	8.8192e-01	1.1808e-01	5.4249e-01	4.5630e-01	1.2083e-03	5.9100e-14	2.1073e-05	9.6541e-01	3.4557e-02	1.1090e-05	9.0326e-01	9.6639e-02	9.7046e-05	1.1742e-06	1.1755e-36	1.1755e-36	5.9988e-22	0.00e+00	0.00e+00	2.1699e+02
1.79389e+17	7.2100e+03	4.961e-16	3.5938e+04	5.4465e+03	5.4260e-11	8.8671e-01	1.1329e-01	5.5802e-01	4.4077e-01	1.2146e-03	6.1018e-14	2.0369e-05	9.6687e-01	3.3097e-02	1.1006e-05	9.0732e-01	9.2587e-02	9.3929e-05	1.1202e-06	1.1755e-36	1.1755e-36	5.7093e-22	0.00e+00	0.00e+00	2.1939e+02
1.79401e+17	7.1132e+03	4.640e-16	3.5938e+04	5.2361e+03	5.7976e-11	8.9124e-01	1.0876e-01	5.7353e-01	4.2525e-01	1.2188e-03	6.2965e-14	1.9689e-05	9.6821e-01	3.1758e-02	1.0933e-05	9.1114e-01	8.8763e-02	9.1279e-05	1.0697e-06	1.1755e-36	1.1755e-36	5.4347e-22	0.00e+00	0.00e+00	2.2178e+02
1.79413e+17	7.0157e+03	4.343e-16	3.5938e+04	5.0351e+03	6.1969e-11	8.9550e-01	1.0450e-01	5.8900e-01	4.0978e-01	1.2206e-03	6.4935e-14	1.9034e-05	9.6944e-01	3.0533e-02	1.0869e-05	9.1474e-01	8.5167e-02	8.9040e-05	1.0226e-06	1.1755e-36	1.1755e-36	5.1756e-22	0.00e+00	0.00e+00	2.2417e+02
1.79425e+17	6.9174e+03	4.067e-16	3.5938e+04	4.8422e+03	6.6271e-11	8.9954e-01	1.0046e-01	6.0447e-01	3.9431e-01	1.2201e-03	6.6938e-14	1.8402e-05	9.7056e-01	2.9410e-02	1.0813e-05	9.1815e-01	8.1765e-02	8.7143e-05	9.7847e-07	1.1755e-36	1.1755e-36	4.9306e-22	0.00e+00	0.00e+00	2.2658e+02
1.79437e+17	6.8180e+03	3.809e-16	3.5938e+04	4.6565e+03	7.0915e-11	9.0338e-01	9.6622e-02	6.1996e-01	3.7882e-01	1.2172e-03	6.8980e-14	1.7788e-05	9.7159e-01	2.8380e-02	1.0765e-05	9.2137e-01	7.8540e-02	8.5541e-05	9.3697e-07	1.1755e-36	1.1755e-36	4.6988e-22	0.00e+00	0.00e+00	2.2901e+02
1.79448e+17	6.7119e+03	3.569e-16	3.5938e+04	4.4805e+03	7.6219e-11	9.0713e-01	9.2874e-02	6.3561e-01	3.6318e-01	1.2096e-03	7.1033e-14	1.7210e-05	9.7255e-01	2.7424e-02	1.0723e-05	9.2452e-01	7.5395e-02	8.4218e-05	8.9691e-07	1.1755e-36	1.1755e-36	4.4870e-22	0.00e+00	0.00e+00	2.3145e+02
1.79460e+17	6.6094e+03	3.344e-16	3.5938e+04	4.3082e+03	8.1698e-11	9.1059e-01	8.9408e-02	6.5118e-01	3.4762e-01	1.2013e-03	7.3152e-14	1.6633e-05	9.7341e-01	2.6560e-02	1.0687e-05	9.2743e-01	7.2490e-02	8.3109e-05	8.6011e-07	1.1755e-36	1.1755e-36	4.2816e-22	0.00e+00	0.00e+00	2.3395e+02
1.79473e+17	6.5063e+03	3.134e-16	3.5938e+04	4.1428e+03	8.7568e-11	9.1388e-01	8.6124e-02	6.6669e-01	3.3212e-01	1.1902e-03	7.5304e-14	1.6076e-05	9.7420e-01	2.5775e-02	1.0656e-05	9.3018e-01	6.9740e-02	8.2205e-05	8.2553e-07	1.1755e-36	1.1755e-36	4.0901e-22	0.00e+00	0.00e+00	2.3645e+02
1.79485e+17	6.4030e+03	2.940e-16	3.5938e+04	3.9855e+03	9.3816e-11	9.1694e-01	8.3062e-02	6.8200e-01	3.1682e-01	1.1764e-03	7.7464e-14	1.5543e-05	9.7490e-01	2.5070e-02	1.0631e-05	9.3274e-01	6.7179e-02	8.1494e-05	7.9354e-07	1.1755e-36	1.1755e-36	3.9130e-22	0.00e+00	0.00e+00	2.3897e+02
1.79497e+17	6.2995e+03	2.760e-16	3.5938e+04	3.8354e+03	1.0044e-10	9.1982e-01	8.0182e-02	6.9721e-01	3.0163e-01	1.1596e-03	7.9637e-14	1.5031e-05	9.7554e-01	2.4435e-02	1.0610e-05	9.3515e-01	6.4772e-02	8.0943e-05	7.6367e-07	1.1755e-36	1.1755e-36	3.7498e-22	0.00e+00	0.00e+00	2.4153e+02
1.79509e+17	6.1948e+03	2.591e-16	3.5938e+04	3.6910e+03	1.0750e-10	9.2255e-01	7.7453e-02	7.1238e-01	2.8648e-01	1.1398e-03	8.1843e-14	1.4537e-05	9.7611e-01	2.3862e-02	1.0594e-05	9.3742e-01	6.2494e-02	8.0532e-05	7.3557e-07	1.1755e-36	1.1755e-36	3.5982e-22	0.00e+00	0.00e+00	2.4416e+02
1.79522e+17	6.0892e+03	2.434e-16	3.5938e+04	3.5520e+03	1.1496e-10	9.2513e-01	7.4871e-02	7.2750e-01	2.7138e-01	1.1169e-03	8.4079e-14	1.4058e-05	9.7663e-01	2.3349e-02	1.0580e-05	9.3958e-01	6.0339e-02	8.0246e-05	7.0912e-07	1.1755e-36	1.1755e-36	3.4575e-22	0.00e+00	0.00e+00	2.4685e+02
1.79535e+17	5.9829e+03	2.287e-16	3.5938e+04	3.4188e+03	1.2278e-10	9.2756e-01	7.2444e-02	7.4250e-01	2.5641e-01	1.0909e-03	8.6332e-14	1.3597e-05	9.7708e-01	2.2893e-02	1.0571e-05	9.4161e-01	5.8314e-02	8.0078e-05	6.8443e-07	1.1755e-36	1.1755e-36	3.3279e-22	0.00e+00	0.00e+00	2.4961e+02
1.79548e+17	5.8763e+03	2.150e-16	3.5938e+04	3.2915e+03	1.3087e-10	9.2983e-01	7.0174e-02	7.5742e-01	2.4152e-01	1.0615e-03	8.8593e-14	1.3155e-05	9.7748e-01	2.2493e-02	1.0565e-05	9.4350e-01	5.6422e-02	8.0014e-05	6.6149e-07	1.1755e-36	1.1755e-36	3.2085e-22	0.00e+00	0.00e+00	2.5245e+02
1.79562e+17	5.7691e+03	2.022e-16	3.5938e+04	3.1698e+03	1.3918e-10	9.3196e-01	6.8042e-02	7.7219e-01	2.2679e-01	1.0290e-03	9.0862e-14	1.2731e-05	9.7783e-01	2.2144e-02	1.0562e-05	9.4527e-01	5.4645e-02	8.0044e-05	6.4005e-07	1.1755e-36	1.1755e-36	3.0985e-22	0.00e+00	0.00e+00	2.5540e+02
1.79576e+17	5.6611e+03	1.903e-16	3.5938e+04	3.0532e+03	1.4763e-10	9.3396e-01	6.6040e-02	7.8680e-01	2.1221e-01	9.9325e-04	9.3138e-14	1.2324e-05	9.7813e-01	2.1843e-02	1.0562e-05	9.4694e-01	5.2976e-02	8.0160e-05	6.2002e-07	1.1755e-36	1.1755e-36	2.9966e-22	0.00e+00	0.00e+00	2.5847e+02
1.79591e+17	5.5523e+03	1.792e-16	3.5938e+04	2.9416e+03	1.5609e-10	9.3584e-01	6.4162e-02	8.0123e-01	1.9781e-01	9.5441e-04	9.5413e-14	1.1933e-05	9.7839e-01	2.1590e-02	1.0564e-05	9.4851e-01	5.1411e-02	8.0356e-05	6.0132e-07	1.1755e-36	1.1755e-36	2.9016e-22	0.00e+00	0.00e+00	2.6170e+02
1.79607e+17	5.4430e+03	1.689e-16	3.5938e+04	2.8351e+03	1.6438e-10	9.3759e-01	6.2408e-02	8.1544e-01	1.8364e-01	9.1259e-04	9.7679e-14	1.1559e-05	9.7860e-01	2.1381e-02	1.0570e-05	9.4997e-01	4.9947e-02	8.0625e-05	5.8394e-07	1.1755e-36	1.1755e-36	2.8124e-22	0.00e+00	0.00e+00	2.6511e+02
1.79623e+17	5.3341e+03	1.592e-16	3.5938e+04	2.7314e+03	1.7233e-10	9.3917e-01	6.0831e-02	8.2929e-01	1.6984e-01	8.6936e-04	9.9974e-14	1.1192e-05	9.7876e-01	2.1222e-02	1.0578e-05	9.5129e-01	4.8630e-02	8.0964e-05	5.6839e-07	1.1755e-36	1.1755e-36	2.7265e-22	0.00e+00	0.00e+00	2.6874e+02
1.79641e+17	5.2204e+03	1.504e-16	3.5938e+04	2.6366e+03	1.8046e-10	9.4072e-01	5.9277e-02	8.4285e-01	1.5633e-01	8.2167e-04	1.0215e-13	1.0864e-05	9.7888e-01	2.1098e-02	1.0588e-05	9.5259e-01	4.7330e-02	8.1384e-05	5.5309e-07	1.1755e-36	1.1755e-36	2.6561e-22	0.00e+00	0.00e+00	2.7258e+02
1.79660e+17	5.1166e+03	1.422e-16	3.5938e+04	2.5454e+03	1.8695e-10	9.4207e-01	5.7932e-02	8.5601e-01	1.4322e-01	7.7342e-04	1.0435e-13	1.0540e-05	9.7897e-01	2.1013e-02	1.0599e-05	9.5371e-01	4.6207e-02	8.1804e-05	5.3996e-07	1.1755e-36	1.1755e-36	2.5815e-22	0.00e+00	0.00e+00	2.7685e+02
1.79681e+17	5.0063e+03	1.344e-16	3.5938e+04	2.4583e+03	1.9305e-10	9.4338e-01	5.6618e-02	8.6898e-01	1.3030e-01	7.2180e-04	1.0649e-13	1.0236e-05	9.7901e-01	2.0965e-02	1.0612e-05	9.5481e-01	4.5104e-02	8.2309e-05	5.2712e-07	1.1755e-36	1.1755e-36	2.5078e-22	0.00e+00	0.00e+00	2.8163e+02
1.79704e+17	4.8953e+03	1.273e-16	3.5938e+04	2.3764e+03	1.9703e-10	9.4460e-01	5.5402e-02	8.8147e-01	1.1786e-01	6.6864e-04	1.0852e-13	9.9540e-06	9.7923e-01	2.0750e-02	1.0627e-05	9.5583e-01	4.4082e-02	8.2869e-05	5.1529e-07	1.1755e-36	1.1755e-36	2.3891e-22	0.00e+00	0.00e+00	2.8703e+02
1.79732e+17	4.7869e+03	1.209e-16	3.5938e+04	2.3004e+03	1.9941e-10	9.4570e-01	5.4302e-02	8.9335e-01	1.0603e-01	6.1508e-04	1.1044e-13	9.6939e-06	9.7943e-01	2.0546e-02	1.0643e-05	9.5676e-01	4.3156e-02	8.3457e-05	5.0462e-07	1.1755e-36	1.1755e-36	2.2664e-22	0.00e+00	0.00e+00	2.9330e+02
1.79763e+17	4.6863e+03	1.153e-16	3.5938e+04	2.2331e+03	2.0014e-10	9.4665e-01	5.3348e-02	9.0409e-01	9.5347e-02	5.6402e-04	1.1216e-13	9.4657e-06	9.7961e-01	2.0369e-02	1.0658e-05	9.5757e-01	4.2350e-02	8.4035e-05	4.9537e-07	1.1755e-36	1.1755e-36	2.1478e-22	0.00e+00	0.00e+00	3.0039e+02
1.79796e+17	4.6022e+03	1.110e-16	3.5938e+04	2.1808e+03	1.9961e-10	9.4741e-01	5.2595e-02	9.1270e-01	8.6782e-02	5.2102e-04	1.1351e-13	9.2913e-06	9.7975e-01	2.0229e-02	1.0671e-05	9.5820e-01	4.1711e-02	8.4538e-05	4.8803e-07	1.1755e-36	1.1755e-36	2.0465e-22	0.00e+00	0.00e+00	3.0743e+02
1.79828e+17	4.5463e+03	1.080e-16	3.5938e+04	2.1422e+03	1.9811e-10	9.4786e-01	5.2144e-02	9.1908e-01	8.0435e-02	4.8874e-04	1.1454e-13	9.1578e-06	9.7984e-01	2.0138e-02	1.0678e-05	9.5859e-01	4.1327e-02	8.4872e-05	4.8360e-07	1.1755e-36	1.1755e-36	1.9687e-22	0.00e+00	0.00e+00	3.1445e+02
1.79861e+17	4.4944e+03	1.057e-16	3.5938e+04	2.1147e+03	1.9747e-10	9.4830e-01	5.1700e-02	9.2397e-01	7.5570e-02	4.6240e-04	1.1524e-13	9.0701e-06	9.7993e-01	2.0053e-02	1.0685e-05	9.5896e-01	4.0951e-02	8.5199e-05	4.7929e-07	1.1755e-36	1.1755e-36	1.9135e-22	0.00e+00	0.00e+00	3.2143e+02
1.79893e+17	4.4629e+03	1.041e-16	3.5938e+04	2.0932e+03	1.9582e-10	9.4850e-01	5.1496e-02	9.2733e-01	7.2221e-02	4.4472e-04	1.1581e-13	8.9965e-06	9.7998e-01	2.0005e-02	1.0687e-05	9.5914e-01	4.0773e-02	8.5386e-05	4.7719e-07	1.1755e-36	1.1755e-36	1.8644e-22	0.00e+00	0.00e+00	3.2840e+02
1.79926e+17	4.4343e+03	1.029e-16	3.5938e+04	2.0794e+03	1.9516e-10	9.4877e-01	5.1233e-02	9.2997e-01	6.9605e-02	4.2982e-04	1.1616e-13	8.9542e-06	9.8003e-01	1.9952e-02	1.0689e-05	9.5936e-01	4.0552e-02	8.5558e-05	4.7460e-07	1.1755e-36	1.1755e-36	1.8338e-22	0.00e+00	0.00e+00	3.3536e+02
1.79958e+17	4.4156e+03	1.021e-16	3.5938e+04	2.0684e+03	1.9459e-10	9.4891e-01	5.1087e-02	9.3187e-01	6.7714e-02	4.1932e-04	1.1645e-13	8.9180e-06	9.8006e-01	1.9919e-02	1.0688e-05	9.5949e-01	4.0428e-02	8.5661e-05	4.7308e-07	1.1755e-36	1.1755e-36	1.8118e-22	0.00e+00	0.00e+00	3.4230e+02
1.79990e+17	4.4037e+03	1.015e-16	3.5938e+04	2.0600e+03	1.9425e-10	9.4900e-01	5.1001e-02	9.3327e-01	6.6320e-02	4.1169e-04	1.1669e-13	8.8891e-06	9.8009e-01	1.9895e-02	1.0684e-05	9.5956e-01	4.0353e-02	8.5712e-05	4.7210e-07	1.1755e-36	1.1755e-36	1.7976e-22	0.00e+00	0.00e+00	3.4924e+02
1.80022e+17	4.3943e+03	1.010e-16	3.5938e+04	2.0539e+03	1.9411e-10	9.4907e-01	5.0928e-02	9.3430e-01	6.5291e-02	4.0592e-04	1.1687e-13	8.8684e-06	9.8011e-01	1.9874e-02	1.0681e-05	9.5962e-01	4.0290e-02	8.5750e-05	4.7127e-07	1.1755e-36	1.1755e-36	1.7883e-22	0.00e+00	0.00e+00	3.5618e+02
1.80055e+17	4.3872e+03	1.006e-16	3.5938e+04	2.0493e+03	1.9414e-10	9.4913e-01	5.0872e-02	9.3507e-01	6.4524e-02	4.0157e-04	1.1700e-13	8.8528e-06	9.8012e-01	1.9857e-02	1.0677e-05	9.5967e-01	4.0243e-02	8.5772e-05	4.7060e-07	1.1755e-36	1.1755e-36	1.7827e-22	0.00e+00	0.00e+00	3.6311e+02
1.80087e+17	4.3841e+03	1.004e-16	3.5938e+04	2.0458e+03	1.9417e-10	9.4915e-01	5.0850e-02	9.3563e-01	6.3967e-02	3.9852e-04	1.1712e-13	8.8396e-06	9.8013e-01	1.9845e-02	1.0672e-05	9.5969e-01	4.0224e-02	8.5764e-05	4.7026e-07	1.1755e-36	1.1755e-36	1.7799e-22	0.00e+00	0.00e+00	3.7003e+02
1.80119e+17	4.3776e+03	1.002e-16	3.5938e+04	2.0437e+03	1.9448e-10	9.4922e-01	5.0777e-02	9.3610e-01	6.3507e-02	3.9558e-04	1.1717e-13	8.8344e-06	9.8015e-01	1.9826e-02	1.0668e-05	9.5975e-01	4.0163e-02	8.5784e-05	4.6944e-07	1.1755e-36	1.1755e-36	1.7790e-22	0.00e+00	0.00e+00	3.7696e+02
1.80156e+17	4.3695e+03	9.988e-17	3.5938e+04	2.0401e+03	1.9506e-10	9.4927e-01	5.0731e-02	9.3650e-01	6.3110e-02	3.9324e-04	1.1726e-13	8.8244e-06	9.8017e-01	1.9807e-02	1.0664e-05	9.5979e-01	4.0124e-02	8.5813e-05	4.6886e-07	1.1755e-36	1.1755e-36	1.7790e-22	0.00e+00	0.00e+00	3.8596e+02
1.80204e+17	4.3586e+03	9.956e-17	3.5938e+04	2.0370e+03	1.9567e-10	9.4939e-01	5.0609e-02	9.3688e-01	6.2730e-02	3.9067e-04	1.1733e-13	8.8175e-06	9.8020e-01	1.9777e-02	1.0657e-05	9.5989e-01	4.0022e-02	8.5848e-05	4.6748e-07	1.1755e-36	1.1755e-36	1.7785e-22	0.00e+00	0.00e+00	3.9766e+02
1.80266e+17	4.3531e+03	9.920e-17	3.5938e+04	2.0320e+03	1.9645e-10	9.4941e-01	5.0589e-02	9.3720e-01	6.2408e-02	3.8912e-04	1.1750e-13	8.8009e-06	9.8022e-01	1.9759e-02	1.0647e-05	9.5991e-01	4.0001e-02	8.5830e-05	4.6697e-07	1.1755e-36	1.1755e-36	1.7814e-22	0.00e+00	0.00e+00	4.1288e+02
1.80348e+17	4.3400e+03	9.887e-17	3.5938e+04	2.0295e+03	1.9753e-10	9.4956e-01	5.0443e-02	9.3755e-01	6.2068e-02	3.8639e-04	1.1754e-13	8.7977e-06	9.8026e-01	1.9715e-02	1.0635e-05	9.6003e-01	3.9881e-02	8.5856e-05	4.6527e-07	1.1755e-36	1.1755e-36	1.7849e-22	0.00e+00	0.00e+00	4.3266e+02
1.80453e+17	4.3335e+03	9.851e-17	3.5938e+04	2.0251e+03	1.9863e-10	9.4959e-01	5.0410e-02	9.3782e-01	6.1796e-02	3.8472e-04	1.1768e-13	8.7840e-06	9.8030e-01	1.9680e-02	1.0618e-05	9.6006e-01	3.9850e-02	8.5806e-05	4.6446e-07	1.1755e-36	1.1755e-36	1.7909e-22	0.00e+00	0.00e+00	4.5838e+02
1.80591e+17	4.3201e+03	9.815e-17	3.5938e+04	2.0221e+03	2.0028e-10	9.4973e-01	5.0265e-02	9.3819e-01	6.1429e-02	3.8158e-04	1.1775e-13	8.7808e-06	9.8036e-01	1.9618e-02	1.0596e-05	9.6018e-01	3.9729e-02	8.5781e-05	4.6249e-07	1.1755e-36	1.1755e-36	1.8001e-22	0.00e+00	0.00e+00	4.9182e+02
1.80769e+17	4.3154e+03	9.772e-17	3.5938e+04	2.0159e+03	2.0203e-10	9.4973e-01	5.0267e-02	9.3855e-01	6.1073e-02	3.7952e-04	1.1798e-13	8.7606e-06	9.8041e-01	1.9569e-02	1.0564e-05	9.6019e-01	3.9728e-02	8.5651e-05	4.6170e-07	1.1755e-36	1.1755e-36	1.8127e-22	0.00e+00	0.00e+00	5.3529e+02
1.81001e+17	4.3031e+03	9.725e-17	3.5938e+04	2.0103e+03	2.0400e-10	9.4984e-01	5.0164e-02	9.3899e-01	6.0634e-02	3.7611e-04	1.1815e-13	8.7465e-06	9.8049e-01	1.9488e-02	1.0525e-05	9.6027e-01	3.9641e-02	8.5531e-05	4.5971e-07	1.1755e-36	1.1755e-36	1.8241e-22	0.00e+00	0.00e+00	5.9181e+02
1.81303e+17	4.2887e+03	9.672e-17	3.5938e+04	2.0042e+03	2.0590e-10	9.4997e-01	5.0033e-02	9.3946e-01	6.0170e-02	3.7225e-04	1.1832e-13	8.7325e-06	9.8060e-01	1.9384e-02	1.0474e-05	9.6039e-01	3.9528e-02	8.5360e-05	4.5712e-07	1.1755e-36	1.1755e-36	1.8331e-22	0.00e+00	0.00e+00	6.6530e+02
1.81695e+17	4.2732e+03	9.612e-17	3.5938e+04	1.9970e+03	2.0779e-10	9.5012e-01	4.9885e-02	9.3997e-01	5.9660e-02	3.6793e-04	1.1854e-13	8.7146e-06	9.8073e-01	1.9254e-02	1.0407e-05	9.6051e-01	3.9403e-02	8.5114e-05	4.5401e-07	1.1755e-36	1.1755e-36	1.8408e-22	0.00e+00	0.00e+00	7.6085e+02
1.82204e+17	4.2547e+03	9.541e-17	3.5938e+04	1.9886e+03	2.0960e-10	9.5031e-01	4.9695e-02	9.4053e-01	5.9108e-02	3.6300e-04	1.1878e-13	8.6947e-06	9.8089e-01	1.9090e-02	1.0321e-05	9.6067e-01	3.9244e-02	8.4786e-05	4.5002e-07	1.1755e-36	1.1755e-36	1.8454e-22	0.00e+00	0.00e+00	8.8509e+02
1.82867e+17	4.2336e+03	9.458e-17	3.5938e+04	1.9785e+03	2.1127e-10	9.5053e-01	4.9470e-02	9.4113e-01	5.8516e-02	3.5751e-04	1.1907e-13	8.6704e-06	9.8110e-01	1.8883e-02	1.0210e-05	9.6086e-01	3.9055e-02	8.4339e-05	4.4508e-07	1.1755e-36	1.1755e-36	1.8464e-22	0.00e+00	0.00e+00	1.0466e+03
1.83728e+17	4.2093e+03	9.358e-17	3.5938e+04	1.9663e+03	2.1276e-10	9.5080e-01	4.9199e-02	9.4177e-01	5.7881e-02	3.5139e-04	1.1943e-13	8.6406e-06	9.8136e-01	1.8623e-02	1.0067e-05	9.6109e-01	3.8828e-02	8.3743e-05	4.3893e-07	1.1755e-36	1.1755e-36	1.8426e-22	0.00e+00	0.00e+00	1.2567e+03
1.84848e+17	4.1804e+03	9.238e-17	3.5938e+04	1.9521e+03	2.1401e-10	9.5116e-01	4.8837e-02	9.4249e-01	5.7163e-02	3.4414e-04	1.1984e-13	8.6073e-06	9.8169e-01	1.8293e-02	9.8854e-06	9.6139e-01	3.8528e-02	8.2958e-05	4.3097e-07	1.1755e-36	1.1755e-36	1.8335e-22	0.00e+00	0.00e+00	1.5299e+03
1.86081e+17	4.1516e+03	9.137e-17	3.5938e+04	1.9373e+03	2.1461e-10	9.5151e-01	4.8486e-02	9.4310e-01	5.6563e-02	3.3774e-04	1.2026e-13	8.5698e-06	9.8202e-01	1.7964e-02	9.6995e-06	9.6168e-01	3.8235e-02	8.2154e-05	4.2302e-07	1.1755e-36	1.1755e-36	1.8175e-22	0.00e+00	0.00e+00	1.7891e+03
1.87139e+17	4.1499e+03	9.080e-17	3.5938e+04	1.9318e+03	2.1464e-10	9.5181e-01	4.8192e-02	9.4360e-01	5.6065e-02	3.3245e-04	1.2051e-13	8.5565e-06	9.8228e-01	1.7705e-02	9.5426e-06	9.6192e-01	3.8000e-02	8.1328e-05	4.1647e-07	1.1755e-36	1.1755e-36	1.8158e-22	0.00e+00	0.00e+00	1.9866e+03
1.87965e+17	4.1377e+03	9.030e-17	3.5938e+04	1.9209e+03	2.1456e-10	9.5194e-01	4.8057e-02	9.4385e-01	5.5821e-02	3.3012e-04	1.2086e-13	8.5263e-06	9.8246e-01	1.7517e-02	9.4257e-06	9.6203e-01	3.7886e-02	8.0782e-05	4.1226e-07	1.1755e-36	1.1755e-36	1.8030e-22	0.00e+00	0.00e+00	2.1459e+03
1.88813e+17	4.1182e+03	8.939e-17	3.5938e+04	1.9096e+03	2.1469e-10	9.5217e-01	4.7829e-02	9.4418e-01	5.5492e-02	3.2678e-04	1.2121e-13	8.5004e-06	9.8269e-01	1.7297e-02	9.3002e-06	9.6222e-01	3.7696e-02	8.0207e-05	4.0699e-07	1.1755e-36	1.1755e-36	1.7893e-22	0.00e+00	0.00e+00	2.3530e+03
1.89915e+17	4.0918e+03	8.827e-17	3.5938e+04	1.8963e+03	2.1479e-10	9.5251e-01	4.7485e-02	9.4467e-01	5.5004e-02	3.2155e-04	1.2162e-13	8.4731e-06	9.8297e-01	1.7010e-02	9.1408e-06	9.6251e-01	3.7411e-02	7.9475e-05	3.9983e-07	1.1755e-36	1.1755e-36	1.7717e-22	0.00e+00	0.00e+00	2.6224e+03
1.91348e+17	4.0567e+03	8.690e-17	3.5938e+04	1.8790e+03	2.1470e-10	9.5295e-01	4.7052e-02	9.4527e-01	5.4413e-02	3.1516e-04	1.2215e-13	8.4386e-06	9.8333e-01	1.6649e-02	8.9400e-06	9.6287e-01	3.7051e-02	7.8551e-05	3.9082e-07	1.1755e-36	1.1755e-36	1.7467e-22	0.00e+00	0.00e+00	2.9727e+03
1.93211e+17	4.0133e+03	8.523e-17	3.5938e+04	1.8573e+03	2.1428e-10	9.5348e-01	4.6517e-02	9.4601e-01	5.3686e-02	3.0734e-04	1.2281e-13	8.3968e-06	9.8379e-01	1.6198e-02	8.6884e-06	9.6332e-01	3.6606e-02	7.7363e-05	3.7963e-07	1.1755e-36	1.1755e-36	1.7136e-22	0.00e+00	0.00e+00	3.4283e+03
1.95633e+17	3.9580e+03	8.317e-17	3.5938e+04	1.8297e+03	2.1367e-10	9.5417e-01	4.5833e-02	9.4696e-01	5.2740e-02	2.9757e-04	1.2368e-13	8.3464e-06	9.8434e-01	1.5640e-02	8.3774e-06	9.6389e-01	3.6037e-02	7.5865e-05	3.6567e-07	1.1755e-36	1.1755e-36	1.6732e-22	0.00e+00	0.00e+00	4.0211e+03
###########################
1.16573e+13	1.7619e+04	8.461e-15	3.5938e+04	4.2159e+04	1.0955e-19	1.2484e-04	9.9988e-01	1.6301e-06	1.3124e-02	9.8687e-01	7.4042e-31	1.5356e-09	3.6525e-05	1.3412e-02	1.4640e-01	4.3220e-10	9.2663e-06	8.9255e-03	3.3275e-01	4.8503e-01	1.5354e-01	1.1755e-36	0.00e+00	0.00e+00	6.6029e-04
6.99439e+13	1.7593e+04	8.440e-15	3.5938e+04	4.2159e+04	1.1194e-19	1.2457e-04	9.9988e-01	1.6235e-06	1.3121e-02	9.8688e-01	7.0253e-31	1.4176e-09	3.6423e-05	1.3403e-02	1.4691e-01	4.3120e-10	9.2739e-06	8.9719e-03	3.3355e-01	4.8515e-01	1.5280e-01	1.1755e-36	0.00e+00	0.00e+00	3.2957e-03
3.03090e+14	1.7540e+04	8.397e-15	3.5938e+04	4.2158e+04	1.1050e-19	1.2412e-04	9.9988e-01	1.6278e-06	1.3153e-02	9.8684e-01	7.0050e-31	1.4598e-09	3.6591e-05	1.3536e-02	1.4851e-01	4.3222e-10	9.3328e-06	9.1433e-03	3.3606e-01	4.8448e-01	1.5128e-01	1.1755e-36	0.00e+00	0.00e+00	1.3800e-02
1.23568e+15	1.7413e+04	8.301e-15	3.5938e+04	4.2157e+04	1.0696e-19	1.2270e-04	9.9988e-01	1.6376e-06	1.3379e-02	9.8662e-01	7.0627e-31	1.5381e-09	3.7452e-05	1.4123e-02	1.5396e-01	4.3290e-10	9.4818e-06	9.7913e-03	3.4476e-01	4.8118e-01	1.4644e-01	1.1755e-36	0.00e+00	0.00e+00	5.5334e-02
2.95163e+15	1.7083e+04	7.977e-15	3.5938e+04	4.2157e+04	9.8200e-20	1.1586e-04	9.9988e-01	1.5542e-06	1.3130e-02	9.8687e-01	5.8088e-31	1.4013e-09	3.6747e-05	1.4526e-02	1.6208e-01	4.0070e-10	9.2808e-06	1.0687e-02	3.5761e-01	4.7571e-01	1.3962e-01	1.1755e-36	0.00e+00	0.00e+00	1.0632e-01
5.18238e+15	1.6786e+04	7.714e-15	3.5938e+04	4.2156e+04	9.1623e-20	1.1013e-04	9.9989e-01	1.5164e-06	1.3227e-02	9.8677e-01	5.2363e-31	1.3342e-09	3.7177e-05	1.5332e-02	1.7216e-01	3.8875e-10	9.4497e-06	1.1932e-02	3.7405e-01	4.6842e-01	1.3087e-01	1.1755e-36	0.00e+00	0.00e+00	1.6932e-01
8.08235e+15	1.6496e+04	7.493e-15	3.5938e+04	4.2154e+04	8.5348e-20	1.0486e-04	9.9990e-01	1.5236e-06	1.3758e-02	9.8624e-01	4.9962e-31	1.3354e-09	3.8932e-05	1.6763e-02	1.8586e-01	3.9360e-10	1.0026e-05	1.3835e-02	3.9604e-01	4.5768e-01	1.1963e-01	1.1755e-36	0.00e+00	0.00e+00	2.4730e-01
1.11045e+16	1.6232e+04	7.296e-15	3.5938e+04	4.2151e+04	7.7769e-20	9.8619e-05	9.9990e-01	1.5240e-06	1.4424e-02	9.8557e-01	4.4888e-31	1.3276e-09	4.0438e-05	1.8356e-02	2.0020e-01	3.8784e-10	1.0491e-05	1.6010e-02	4.1789e-01	4.4578e-01	1.0914e-01	1.1755e-36	0.00e+00	0.00e+00	3.0919e-01
1.36712e+16	1.6049e+04	7.197e-15	3.5938e+04	4.2147e+04	7.2450e-20	9.4771e-05	9.9991e-01	1.5803e-06	1.5401e-02	9.8460e-01	4.4607e-31	1.3926e-09	4.2951e-05	2.0171e-02	2.1371e-01	4.0299e-10	1.1328e-05	1.8363e-02	4.3768e-01	4.3383e-01	1.0022e-01	1.1755e-36	0.00e+00	0.00e+00	3.6008e-01
1.59849e+16	1.5932e+04	7.144e-15	3.5938e+04	4.2142e+04	6.9503e-20	9.2276e-05	9.9991e-01	1.6759e-06	1.6668e-02	9.8333e-01	4.8536e-31	1.5044e-09	4.6409e-05	2.2301e-02	2.2751e-01	4.3400e-10	1.2506e-05	2.1074e-02	4.5687e-01	4.2119e-01	9.2041e-02	1.1755e-36	0.00e+00	0.00e+00	4.0740e-01
1.82118e+16	1.5820e+04	7.120e-15	3.5938e+04	4.2137e+04	6.7075e-20	9.0490e-05	9.9991e-01	1.8175e-06	1.8303e-02	9.8170e-01	5.5322e-31	1.6717e-09	5.0963e-05	2.4865e-02	2.4270e-01	4.8269e-10	1.4142e-05	2.4402e-02	4.7662e-01	4.0701e-01	8.4121e-02	1.1755e-36	0.00e+00	0.00e+00	4.5243e-01
2.03137e+16	1.5730e+04	7.116e-15	3.5938e+04	4.2129e+04	6.5489e-20	8.9013e-05	9.9991e-01	1.9985e-06	2.0308e-02	9.7969e-01	6.5760e-31	1.8767e-09	5.6413e-05	2.7824e-02	2.5888e-01	5.4625e-10	1.6206e-05	2.8384e-02	4.9607e-01	3.9184e-01	7.6733e-02	1.1755e-36	0.00e+00	0.00e+00	4.9302e-01
2.22163e+16	1.5650e+04	7.136e-15	3.5938e+04	4.2121e+04	6.3888e-20	8.7942e-05	9.9991e-01	2.2216e-06	2.2686e-02	9.7731e-01	7.8925e-31	2.1222e-09	6.2632e-05	3.1109e-02	2.7565e-01	6.2526e-10	1.8701e-05	3.3016e-02	5.1450e-01	3.7620e-01	7.0047e-02	1.1755e-36	0.00e+00	0.00e+00	5.2884e-01
2.39226e+16	1.5585e+04	7.172e-15	3.5938e+04	4.2112e+04	6.3214e-20	8.7217e-05	9.9991e-01	2.4893e-06	2.5456e-02	9.7454e-01	9.7977e-31	2.4073e-09	6.9664e-05	3.4698e-02	2.9284e-01	7.2335e-10	2.1715e-05	3.8345e-02	5.3170e-01	3.6035e-01	6.4015e-02	1.1755e-36	0.00e+00	0.00e+00	5.6083e-01
2.54717e+16	1.5529e+04	7.222e-15	3.5938e+04	4.2101e+04	6.2836e-20	8.6776e-05	9.9991e-01	2.8122e-06	2.8707e-02	9.7129e-01	1.2373e-30	2.7384e-09	7.7619e-05	3.8627e-02	3.1068e-01	8.4559e-10	2.5382e-05	4.4546e-02	5.4776e-01	3.4417e-01	5.8486e-02	1.1755e-36	0.00e+00	0.00e+00	5.8999e-01
2.68930e+16	1.5487e+04	7.285e-15	3.5938e+04	4.2091e+04	6.2125e-20	8.6393e-05	9.9991e-01	3.2032e-06	3.2545e-02	9.6745e-01	1.5616e-30	3.1198e-09	8.6514e-05	4.2922e-02	3.2921e-01	9.9479e-10	2.9823e-05	5.1802e-02	5.6261e-01	3.2767e-01	5.3375e-02	1.1755e-36	0.00e+00	0.00e+00	6.1667e-01
2.81967e+16	1.5436e+04	7.367e-15	3.5938e+04	4.2077e+04	6.2268e-20	8.6317e-05	9.9991e-01	3.6742e-06	3.7126e-02	9.6287e-01	2.0225e-30	3.5489e-09	9.6442e-05	4.7609e-02	3.4870e-01	1.1810e-09	3.5243e-05	6.0379e-02	5.7622e-01	3.1070e-01	4.8609e-02	1.1755e-36	0.00e+00	0.00e+00	6.4107e-01
2.93835e+16	1.5391e+04	7.464e-15	3.5938e+04	4.2061e+04	6.2468e-20	8.6372e-05	9.9991e-01	4.2410e-06	4.2550e-02	9.5745e-01	2.6319e-30	4.0311e-09	1.0735e-04	5.2641e-02	3.6883e-01	1.4100e-09	4.1806e-05	7.0417e-02	5.8815e-01	2.9354e-01	4.4202e-02	1.1755e-36	0.00e+00	0.00e+00	6.6317e-01
3.04569e+16	1.5352e+04	7.575e-15	3.5938e+04	4.2041e+04	6.2776e-20	8.6529e-05	9.9991e-01	4.9161e-06	4.8932e-02	9.5106e-01	3.4334e-30	4.5611e-09	1.1914e-04	5.7961e-02	3.8943e-01	1.6881e-09	4.9670e-05	8.2069e-02	5.9814e-01	2.7632e-01	4.0138e-02	1.1755e-36	0.00e+00	0.00e+00	6.8317e-01
3.14298e+16	1.5321e+04	7.696e-15	3.5938e+04	4.2014e+04	6.2919e-20	8.6743e-05	9.9991e-01	5.7158e-06	5.6442e-02	9.4355e-01	4.4494e-30	5.1357e-09	1.3167e-04	6.3520e-02	4.1042e-01	2.0232e-09	5.9031e-05	9.5560e-02	6.0595e-01	2.5910e-01	3.6379e-02	1.1755e-36	0.00e+00	0.00e+00	7.0141e-01
3.23173e+16	1.5279e+04	7.847e-15	3.5938e+04	4.1992e+04	6.3093e-20	8.6699e-05	9.9991e-01	6.6465e-06	6.5325e-02	9.3467e-01	5.5736e-30	5.6859e-09	1.4371e-04	6.9278e-02	4.3199e-01	2.3640e-09	6.8944e-05	1.1119e-01	6.1149e-01	2.4173e-01	3.2861e-02	1.1755e-36	0.00e+00	0.00e+00	7.1809e-01
3.31301e+16	1.5240e+04	8.001e-15	3.5938e+04	4.1961e+04	6.3504e-20	8.7124e-05	9.9991e-01	7.8175e-06	7.6013e-02	9.2398e-01	7.2705e-30	6.3538e-09	1.5802e-04	7.5363e-02	4.5415e-01	2.8550e-09	8.2368e-05	1.2957e-01	6.1433e-01	2.2412e-01	2.9536e-02	1.1755e-36	0.00e+00	0.00e+00	7.3346e-01
3.38690e+16	1.5203e+04	8.172e-15	3.5938e+04	4.1925e+04	6.4198e-20	8.7605e-05	9.9991e-01	9.2209e-06	8.8731e-02	9.1126e-01	9.4742e-30	7.0556e-09	1.7286e-04	8.1590e-02	4.7656e-01	3.4427e-09	9.8245e-05	1.5080e-01	6.1406e-01	2.0650e-01	2.6429e-02	1.1755e-36	0.00e+00	0.00e+00	7.4738e-01
3.45338e+16	1.5163e+04	8.353e-15	3.5938e+04	4.1881e+04	6.4848e-20	8.8153e-05	9.9991e-01	1.0887e-05	1.0367e-01	8.9632e-01	1.2223e-29	7.7809e-09	1.8808e-04	8.7836e-02	4.9891e-01	4.1419e-09	1.1686e-04	1.7492e-01	6.1044e-01	1.8911e-01	2.3549e-02	1.1755e-36	0.00e+00	0.00e+00	7.5997e-01
3.51344e+16	1.5119e+04	8.533e-15	3.5938e+04	4.1804e+04	6.5671e-20	8.9202e-05	9.9991e-01	1.2882e-05	1.2122e-01	8.7876e-01	1.6111e-29	8.5922e-09	2.0509e-04	9.4030e-02	5.2112e-01	5.1018e-09	1.4105e-04	2.0219e-01	6.0314e-01	1.7200e-01	2.0882e-02	1.1755e-36	0.00e+00	0.00e+00	7.7154e-01
3.56824e+16	1.5059e+04	8.744e-15	3.5938e+04	4.1761e+04	6.6659e-20	8.9485e-05	9.9991e-01	1.5193e-05	1.4176e-01	8.5822e-01	1.9887e-29	9.2633e-09	2.1901e-04	1.0019e-01	5.4325e-01	5.9278e-09	1.6341e-04	2.3269e-01	5.9226e-01	1.5507e-01	1.8378e-02	1.2726e-36	0.00e+00	0.00e+00	7.8218e-01
3.61867e+16	1.5006e+04	8.945e-15	3.5938e+04	4.1696e+04	6.7517e-20	9.0246e-05	9.9991e-01	1.7983e-05	1.6595e-01	8.3403e-01	2.5061e-29	1.0027e-08	2.3484e-04	1.0627e-01	5.6511e-01	7.0687e-09	1.9247e-04	2.6687e-01	5.7719e-01	1.3845e-01	1.6041e-02	1.4700e-36	0.00e+00	0.00e+00	7.9209e-01
3.66515e+16	1.4946e+04	9.144e-15	3.5938e+04	4.1615e+04	6.8517e-20	9.1056e-05	9.9991e-01	2.1253e-05	1.9415e-01	8.0583e-01	3.1188e-29	1.0776e-08	2.5033e-04	1.1218e-01	5.8657e-01	8.3671e-09	2.2513e-04	3.0453e-01	5.5799e-01	1.2229e-01	1.3878e-02	1.6877e-36	0.00e+00	0.00e+00	8.0130e-01
3.70802e+16	1.4850e+04	9.332e-15	3.5938e+04	4.1498e+04	6.9858e-20	9.2386e-05	9.9991e-01	2.5119e-05	2.2687e-01	7.7311e-01	3.9298e-29	1.1569e-08	2.6725e-04	1.1783e-01	6.0761e-01	1.0071e-08	2.6584e-04	3.4559e-01	5.3463e-01	1.0671e-01	1.1888e-02	1.9303e-36	0.00e+00	0.00e+00	8.0993e-01
3.74783e+16	1.4780e+04	9.497e-15	3.5938e+04	4.1400e+04	7.1222e-20	9.3333e-05	9.9991e-01	2.9439e-05	2.6373e-01	7.3624e-01	4.7744e-29	1.2285e-08	2.8194e-04	1.2325e-01	6.2756e-01	1.1723e-08	3.0589e-04	3.8897e-01	5.0779e-01	9.2076e-02	1.0086e-02	2.1949e-36	0.00e+00	0.00e+00	8.1807e-01
3.78510e+16	1.4667e+04	9.632e-15	3.5938e+04	4.1234e+04	7.2087e-20	9.4434e-05	9.9991e-01	3.4233e-05	3.0501e-01	6.9496e-01	5.5859e-29	1.2897e-08	2.9524e-04	1.2813e-01	6.4676e-01	1.3508e-08	3.4847e-04	4.3421e-01	4.7784e-01	7.8479e-02	8.4840e-03	2.3266e-36	0.00e+00	0.00e+00	8.2581e-01
3.82055e+16	1.4551e+04	9.730e-15	3.5938e+04	4.1108e+04	7.4418e-20	9.5689e-05	9.9990e-01	3.9741e-05	3.5093e-01	6.4903e-01	6.6876e-29	1.3537e-08	3.0889e-04	1.3292e-01	6.6491e-01	1.5483e-08	3.9444e-04	4.8116e-01	4.4501e-01	6.5865e-02	7.0383e-03	2.6665e-36	0.00e+00	0.00e+00	8.3336e-01
3.85463e+16	1.4410e+04	9.775e-15	3.5938e+04	4.0939e+04	7.6324e-20	9.7013e-05	9.9990e-01	4.5766e-05	4.0077e-01	5.9919e-01	7.7443e-29	1.4112e-08	3.2128e-04	1.3729e-01	6.8194e-01	1.7536e-08	4.4147e-04	5.2854e-01	4.1029e-01	5.4515e-02	5.7808e-03	2.8830e-36	0.00e+00	0.00e+00	8.4070e-01
3.88760e+16	1.4246e+04	9.763e-15	3.5938e+04	4.0775e+04	7.9251e-20	9.8547e-05	9.9990e-01	5.2279e-05	4.5365e-01	5.4630e-01	9.0004e-29	1.4669e-08	3.3350e-04	1.4141e-01	6.9764e-01	1.9716e-08	4.8992e-04	5.7546e-01	3.7453e-01	4.4483e-02	4.6975e-03	3.2078e-36	0.00e+00	0.00e+00	8.4799e-01
3.92010e+16	1.4059e+04	9.686e-15	3.5938e+04	4.0606e+04	8.2842e-20	1.0025e-04	9.9990e-01	5.9187e-05	5.0858e-01	4.9137e-01	1.0393e-28	1.5205e-08	3.4537e-04	1.4526e-01	7.1195e-01	2.1979e-08	5.3872e-04	6.2111e-01	3.3851e-01	3.5791e-02	3.7804e-03	3.5793e-36	0.00e+00	0.00e+00	8.5536e-01
3.95737e+16	1.3815e+04	9.510e-15	3.5938e+04	4.0412e+04	8.7865e-20	1.0249e-04	9.9990e-01	6.7416e-05	5.7171e-01	4.2822e-01	1.2199e-28	1.5835e-08	3.5912e-04	1.4944e-01	7.2649e-01	2.4693e-08	5.9476e-04	6.7068e-01	2.9815e-01	2.7461e-02	2.9165e-03	4.0620e-36	0.00e+00	0.00e+00	8.6516e-01
3.99724e+16	1.3537e+04	9.253e-15	3.5938e+04	4.0210e+04	9.4029e-20	1.0493e-04	9.9990e-01	7.6141e-05	6.3716e-01	3.6277e-01	1.4207e-28	1.6460e-08	3.7287e-04	1.5351e-01	7.3954e-01	2.7494e-08	6.5058e-04	7.1867e-01	2.5779e-01	2.0535e-02	2.2121e-03	4.6024e-36	0.00e+00	0.00e+00	8.7412e-01
4.03261e+16	1.3274e+04	8.973e-15	3.5938e+04	4.0041e+04	1.0035e-19	1.0721e-04	9.9989e-01	8.3510e-05	6.9038e-01	3.0954e-01	1.6114e-28	1.7024e-08	3.8503e-04	1.5691e-01	7.4897e-01	2.9925e-08	6.9675e-04	7.5603e-01	2.2555e-01	1.5870e-02	1.7403e-03	5.1145e-36	0.00e+00	0.00e+00	8.8217e-01
4.07069e+16	1.2989e+04	8.636e-15	3.5938e+04	3.9886e+04	1.0841e-19	1.0983e-04	9.9989e-01	9.0910e-05	7.4029e-01	2.5961e-01	1.8467e-28	1.7692e-08	3.9867e-04	1.6045e-01	7.5691e-01	3.2507e-08	7.4299e-04	7.9048e-01	1.9520e-01	1.2138e-02	1.3594e-03	5.8034e-36	0.00e+00	0.00e+00	8.9290e-01
4.12018e+16	1.2642e+04	8.203e-15	3.5938e+04	3.9723e+04	1.1969e-19	1.1313e-04	9.9989e-01	9.9287e-05	7.9342e-01	2.0648e-01	2.1636e-28	1.8573e-08	4.1591e-04	1.6474e-01	7.6426e-01	3.5586e-08	7.9503e-04	8.2646e-01	1.6281e-01	8.8507e-03	1.0175e-03	6.7359e-36	0.00e+00	0.00e+00	9.0727e-01
4.17253e+16	1.2320e+04	7.790e-15	3.5938e+04	3.9588e+04	1.3176e-19	1.1620e-04	9.9988e-01	1.0648e-04	8.3676e-01	1.6314e-01	2.4803e-28	1.9427e-08	4.3225e-04	1.6877e-01	7.6937e-01	3.8313e-08	8.3883e-04	8.5532e-01	1.3634e-01	6.6722e-03	7.8249e-04	7.6792e-36	0.00e+00	0.00e+00	9.2012e-01
4.21678e+16	1.2082e+04	7.482e-15	3.5938e+04	3.9503e+04	1.4233e-19	1.1855e-04	9.9988e-01	1.1137e-04	8.6460e-01	1.3529e-01	2.7455e-28	2.0103e-08	4.4495e-04	1.7184e-01	7.7215e-01	4.0288e-08	8.6890e-04	8.7399e-01	1.1899e-01	5.4779e-03	6.4662e-04	8.5291e-36	0.00e+00	0.00e+00	9.3081e-01
4.26247e+16	1.1861e+04	7.193e-15	3.5938e+04	3.9432e+04	1.5325e-19	1.2097e-04	9.9988e-01	1.1583e-04	8.8739e-01	1.1250e-01	3.0290e-28	2.0850e-08	4.5829e-04	1.7491e-01	7.7400e-01	4.2297e-08	8.9780e-04	8.8984e-01	1.0409e-01	4.6046e-03	5.4054e-04	9.3687e-36	0.00e+00	0.00e+00	9.4499e-01
4.32187e+16	1.1618e+04	6.879e-15	3.5938e+04	3.9364e+04	1.6704e-19	1.2380e-04	9.9988e-01	1.2050e-04	9.0980e-01	9.0083e-02	3.3803e-28	2.1759e-08	4.7412e-04	1.7850e-01	7.7534e-01	4.4578e-08	9.2894e-04	9.0575e-01	8.9005e-02	3.8549e-03	4.4222e-04	1.0407e-35	0.00e+00	0.00e+00	9.6386e-01
4.39909e+16	1.1366e+04	6.554e-15	3.5938e+04	3.9301e+04	1.8378e-19	1.2703e-04	9.9987e-01	1.2520e-04	9.3046e-01	6.9415e-02	3.7990e-28	2.2828e-08	4.9223e-04	1.8256e-01	7.7601e-01	4.7087e-08	9.6112e-04	9.2088e-01	7.4532e-02	3.2565e-03	3.5543e-04	1.1623e-35	0.00e+00	0.00e+00	9.8902e-01
4.49947e+16	1.1119e+04	6.237e-15	3.5938e+04	3.9245e+04	2.0208e-19	1.3062e-04	9.9987e-01	1.2969e-04	9.4826e-01	5.1615e-02	4.2498e-28	2.4044e-08	5.1223e-04	1.8698e-01	7.7593e-01	4.9766e-08	9.9292e-04	9.3449e-01	6.1413e-02	2.8101e-03	2.8219e-04	1.2728e-35	0.00e+00	0.00e+00	1.0227e+00
4.62997e+16	1.0889e+04	5.947e-15	3.5938e+04	3.9199e+04	2.2438e-19	1.3458e-04	9.9987e-01	1.3382e-04	9.6264e-01	3.7222e-02	4.7910e-28	2.5397e-08	5.3366e-04	1.9168e-01	7.7511e-01	5.2580e-08	1.0232e-03	9.4613e-01	5.0122e-02	2.4920e-03	2.2256e-04	1.4249e-35	0.00e+00	0.00e+00	1.0677e+00
4.79962e+16	1.0689e+04	5.696e-15	3.5938e+04	3.9163e+04	2.4880e-19	1.3901e-04	9.9986e-01	1.3751e-04	9.7367e-01	2.6191e-02	5.3834e-28	2.6887e-08	5.5626e-04	1.9658e-01	7.7362e-01	5.5545e-08	1.0513e-03	9.5570e-01	4.0800e-02	2.2684e-03	1.7527e-04	1.5856e-35	0.00e+00	0.00e+00	1.1282e+00
5.02017e+16	1.0526e+04	5.493e-15	3.5938e+04	3.9137e+04	2.7551e-19	1.4413e-04	9.9986e-01	1.4088e-04	9.8176e-01	1.8095e-02	6.0417e-28	2.8549e-08	5.8013e-04	2.0171e-01	7.7151e-01	5.8759e-08	1.0771e-03	9.6328e-01	3.3392e-02	2.1067e-03	1.3861e-04	1.7616e-35	0.00e+00	0.00e+00	1.2098e+00
5.30688e+16	1.0403e+04	5.341e-15	3.5938e+04	3.9119e+04	3.0302e-19	1.5035e-04	9.9985e-01	1.4387e-04	9.8751e-01	1.2349e-02	6.7559e-28	3.0459e-08	6.0595e-04	2.0718e-01	7.6878e-01	6.2427e-08	1.1012e-03	9.6916e-01	2.7636e-02	1.9806e-03	1.1044e-04	1.9276e-35	0.00e+00	0.00e+00	1.3204e+00
5.67960e+16	1.0323e+04	5.243e-15	3.5938e+04	3.9106e+04	3.3749e-19	1.5844e-04	9.9984e-01	1.4695e-04	9.9147e-01	8.3788e-03	7.7013e-28	3.2778e-08	6.3509e-04	2.1320e-01	7.6531e-01	6.6930e-08	1.1247e-03	9.7368e-01	2.3233e-02	1.8709e-03	8.8827e-05	2.1839e-35	0.00e+00	0.00e+00	1.4719e+00
6.16414e+16	1.0291e+04	5.203e-15	3.5938e+04	3.9097e+04	3.8007e-19	1.6960e-04	9.9983e-01	1.5029e-04	9.9416e-01	5.6924e-03	8.9861e-28	3.5770e-08	6.6997e-04	2.2013e-01	7.6084e-01	7.2936e-08	1.1492e-03	9.7715e-01	1.9859e-02	1.7651e-03	7.1979e-05	2.5353e-35	0.00e+00	0.00e+00	1.6827e+00
6.75991e+16	1.0314e+04	5.228e-15	3.5938e+04	3.9091e+04	4.3702e-19	1.8502e-04	9.9982e-01	1.5405e-04	9.9587e-01	3.9769e-03	1.0849e-27	3.9587e-08	7.1109e-04	2.2792e-01	7.5533e-01	8.1062e-08	1.1752e-03	9.7970e-01	1.7395e-02	1.6618e-03	5.9262e-05	3.0987e-35	0.00e+00	0.00e+00	1.9530e+00
7.43590e+16	1.0407e+04	5.317e-15	3.5938e+04	3.9086e+04	5.1595e-19	2.0569e-04	9.9979e-01	1.5854e-04	9.9692e-01	2.9203e-03	1.3707e-27	4.4289e-08	7.5797e-04	2.3619e-01	7.4906e-01	9.1992e-08	1.2027e-03	9.8155e-01	1.5624e-02	1.5644e-03	4.9742e-05	4.1083e-35	0.00e+00	0.00e+00	2.2835e+00
8.17949e+16	1.0524e+04	5.484e-15	3.5938e+04	3.9083e+04	6.2564e-19	2.3447e-04	9.9977e-01	1.6445e-04	9.9760e-01	2.2354e-03	1.8267e-27	5.0556e-08	8.1815e-04	2.4584e-01	7.4118e-01	1.0793e-07	1.2381e-03	9.8300e-01	1.4246e-02	1.4688e-03	4.2117e-05	5.6947e-35	0.00e+00	0.00e+00	2.6980e+00
8.99744e+16	1.0712e+04	5.725e-15	3.5938e+04	3.9080e+04	7.9462e-19	2.7486e-04	9.9973e-01	1.7226e-04	9.9806e-01	1.7697e-03	2.6548e-27	5.8810e-08	8.9390e-04	2.5677e-01	7.3182e-01	1.3185e-07	1.2826e-03	9.8419e-01	1.3115e-02	1.3772e-03	3.5728e-05	8.9750e-35	0.00e+00	0.00e+00	3.2324e+00
9.79906e+16	1.0951e+04	6.039e-15	3.5938e+04	3.9077e+04	1.0504e-18	3.2806e-04	9.9967e-01	1.8128e-04	9.9834e-01	1.4746e-03	4.1211e-27	6.8666e-08	9.8138e-04	2.6803e-01	7.2177e-01	1.6613e-07	1.3361e-03	9.8505e-01	1.2280e-02	1.3014e-03	3.0869e-05	1.5837e-34	0.00e+00	0.00e+00	3.7879e+00
1.04614e+17	1.1184e+04	6.359e-15	3.5938e+04	3.9074e+04	1.3499e-18	3.8679e-04	9.9961e-01	1.9096e-04	9.9851e-01	1.2998e-03	6.2710e-27	7.8885e-08	1.0714e-03	2.7834e-01	7.1228e-01	2.0848e-07	1.3940e-03	9.8563e-01	1.1698e-02	1.2465e-03	2.7459e-05	2.6691e-34	0.00e+00	0.00e+00	4.2955e+00
1.10358e+17	1.1395e+04	6.660e-15	3.5938e+04	3.9071e+04	1.7123e-18	4.5062e-04	9.9955e-01	2.0161e-04	9.9862e-01	1.1752e-03	9.5699e-27	9.0136e-08	1.1716e-03	2.8891e-01	7.0234e-01	2.6100e-07	1.4586e-03	9.8616e-01	1.1156e-02	1.1996e-03	2.4580e-05	4.4500e-34	0.00e+00	0.00e+00	4.8786e+00
1.15801e+17	1.1609e+04	6.976e-15	3.5938e+04	3.9068e+04	2.1857e-18	5.2622e-04	9.9947e-01	2.1362e-04	9.9871e-01	1.0771e-03	1.4996e-26	1.0319e-07	1.2890e-03	3.0030e-01	6.9148e-01	3.3183e-07	1.5364e-03	9.8664e-01	1.0644e-02	1.1585e-03	2.2025e-05	7.5996e-34	0.00e+00	0.00e+00	5.4975e+00
1.20842e+17	1.1813e+04	7.289e-15	3.5938e+04	3.9065e+04	2.7937e-18	6.1321e-04	9.9939e-01	2.2727e-04	9.9877e-01	9.9880e-04	2.3957e-26	1.1834e-07	1.4264e-03	3.1262e-01	6.7959e-01	4.2591e-07	1.6284e-03	9.8709e-01	1.0137e-02	1.1221e-03	1.9722e-05	1.3138e-33	0.00e+00	0.00e+00	6.1789e+00
1.25521e+17	1.2007e+04	7.597e-15	3.5938e+04	3.9060e+04	3.5732e-18	7.1307e-04	9.9929e-01	2.4275e-04	9.9882e-01	9.3469e-04	3.8903e-26	1.3593e-07	1.5873e-03	3.2589e-01	6.6664e-01	5.5161e-07	1.7377e-03	9.8752e-01	9.6349e-03	1.0899e-03	1.7638e-05	2.2910e-33	0.00e+00	0.00e+00	6.9004e+00
1.29717e+17	1.2175e+04	7.890e-15	3.5938e+04	3.9057e+04	4.6626e-18	8.2338e-04	9.9918e-01	2.5963e-04	9.9886e-01	8.8294e-04	6.4541e-26	1.5581e-07	1.7704e-03	3.3981e-01	6.5297e-01	7.1363e-07	1.8626e-03	9.8790e-01	9.1594e-03	1.0619e-03	1.5814e-05	4.2096e-33	0.00e+00	0.00e+00	7.6349e+00
1.33435e+17	1.2332e+04	8.154e-15	3.5938e+04	3.9052e+04	5.7903e-18	9.4155e-04	9.9906e-01	2.7784e-04	9.9888e-01	8.4148e-04	1.0253e-25	1.7775e-07	1.9734e-03	3.5398e-01	6.3897e-01	9.1728e-07	2.0024e-03	9.8826e-01	8.6830e-03	1.0381e-03	1.4185e-05	6.9245e-33	0.00e+00	0.00e+00	8.3837e+00
1.36808e+17	1.2475e+04	8.399e-15	3.5938e+04	3.9046e+04	7.0603e-18	1.0698e-03	9.9893e-01	2.9861e-04	9.9890e-01	8.0632e-04	1.6075e-25	2.0246e-07	2.2023e-03	3.6872e-01	6.2434e-01	1.1758e-06	2.1606e-03	9.8859e-01	8.2204e-03	1.0168e-03	1.2725e-05	1.0970e-32	0.00e+00	0.00e+00	9.1697e+00
1.39953e+17	1.2589e+04	8.640e-15	3.5938e+04	3.9041e+04	8.9703e-18	1.2135e-03	9.9879e-01	3.2051e-04	9.9891e-01	7.7416e-04	2.6265e-25	2.3116e-07	2.4691e-03	3.8463e-01	6.0847e-01	1.5128e-06	2.3443e-03	9.8892e-01	7.7295e-03	9.9633e-04	1.1336e-05	1.9054e-32	0.00e+00	0.00e+00	1.0010e+01
1.42906e+17	1.2700e+04	8.864e-15	3.5938e+04	3.9037e+04	1.1173e-17	1.3722e-03	9.9863e-01	3.4498e-04	9.9891e-01	7.4603e-04	4.2510e-25	2.6413e-07	2.7758e-03	4.0144e-01	5.9165e-01	1.9511e-06	2.5572e-03	9.8917e-01	7.2805e-03	9.7768e-04	1.0109e-05	3.1796e-32	0.00e+00	0.00e+00	1.0898e+01
1.45665e+17	1.2813e+04	9.078e-15	3.5938e+04	3.9031e+04	1.3960e-17	1.5501e-03	9.9845e-01	3.7265e-04	9.9891e-01	7.2077e-04	6.9694e-25	3.0263e-07	3.1320e-03	4.1924e-01	5.7376e-01	2.5294e-06	2.8064e-03	9.8940e-01	6.8189e-03	9.6080e-04	8.9622e-06	5.3793e-32	0.00e+00	0.00e+00	1.1836e+01
1.48234e+17	1.2916e+04	9.282e-15	3.5938e+04	3.9024e+04	1.7241e-17	1.7478e-03	9.9825e-01	4.0369e-04	9.9890e-01	6.9812e-04	1.1386e-24	3.4721e-07	3.5441e-03	4.3802e-01	5.5483e-01	3.2895e-06	3.0974e-03	9.8958e-01	6.3670e-03	9.4515e-04	7.9175e-06	8.8734e-32	0.00e+00	0.00e+00	1.2816e+01
1.50617e+17	1.3011e+04	9.475e-15	3.5938e+04	3.9016e+04	2.1380e-17	1.9665e-03	9.9803e-01	4.3826e-04	9.9888e-01	6.7808e-04	1.8747e-24	3.9860e-07	4.0183e-03	4.5768e-01	5.3494e-01	4.2853e-06	3.4360e-03	9.8969e-01	5.9297e-03	9.3067e-04	6.9748e-06	1.4804e-31	0.00e+00	0.00e+00	1.3839e+01
1.52837e+17	1.3094e+04	9.667e-15	3.5938e+04	3.9004e+04	2.6287e-17	2.2129e-03	9.9779e-01	4.7765e-04	9.9886e-01	6.5908e-04	3.0890e-24	4.5874e-07	4.5712e-03	4.7842e-01	5.1388e-01	5.6149e-06	3.8365e-03	9.8975e-01	5.4887e-03	9.1697e-04	6.1020e-06	2.4197e-31	0.00e+00	0.00e+00	1.4917e+01
1.54908e+17	1.3177e+04	9.841e-15	3.5938e+04	3.8993e+04	3.2181e-17	2.4838e-03	9.9752e-01	5.2144e-04	9.9884e-01	6.4243e-04	5.0929e-24	5.2842e-07	5.2063e-03	4.9992e-01	4.9195e-01	7.3646e-06	4.3049e-03	9.8971e-01	5.0721e-03	9.0431e-04	5.3290e-06	3.9397e-31	0.00e+00	0.00e+00	1.6041e+01
1.56823e+17	1.3237e+04	1.001e-14	3.5938e+04	3.8981e+04	4.0002e-17	2.7845e-03	9.9722e-01	5.7010e-04	9.9880e-01	6.2724e-04	8.5116e-24	6.0885e-07	5.9383e-03	5.2219e-01	4.6916e-01	9.6783e-06	4.8548e-03	9.8957e-01	4.6718e-03	8.9190e-04	4.6367e-06	6.5966e-31	0.00e+00	0.00e+00	1.7200e+01
1.58565e+17	1.3290e+04	1.017e-14	3.5938e+04	3.8969e+04	4.9636e-17	3.1112e-03	9.9689e-01	6.2324e-04	9.9876e-01	6.1436e-04	1.4159e-23	7.0003e-07	6.7627e-03	5.4461e-01	4.4611e-01	1.2683e-05	5.4897e-03	9.8932e-01	4.2975e-03	8.8039e-04	4.0327e-06	1.1004e-30	0.00e+00	0.00e+00	1.8364e+01
1.60132e+17	1.3335e+04	1.032e-14	3.5938e+04	3.8956e+04	6.1105e-17	3.4600e-03	9.9654e-01	6.8035e-04	9.9872e-01	6.0435e-04	2.3205e-23	8.0129e-07	7.6737e-03	5.6675e-01	4.2323e-01	1.6505e-05	6.2103e-03	9.8895e-01	3.9538e-03	8.6969e-04	3.5139e-06	1.8022e-30	0.00e+00	0.00e+00	1.9528e+01
1.61553e+17	1.3371e+04	1.045e-14	3.5938e+04	3.8942e+04	7.4836e-17	3.8335e-03	9.9617e-01	7.4190e-04	9.9866e-01	5.9603e-04	3.7605e-23	9.1383e-07	8.6808e-03	5.8863e-01	4.0050e-01	2.1363e-05	7.0298e-03	9.8845e-01	3.6364e-03	8.5955e-04	3.0649e-06	2.9142e-30	0.00e+00	0.00e+00	2.0710e+01
1.62864e+17	1.3400e+04	1.057e-14	3.5938e+04	3.8927e+04	9.1453e-17	4.2393e-03	9.9576e-01	8.0916e-04	9.9860e-01	5.8799e-04	6.0693e-23	1.0403e-06	9.8067e-03	6.1044e-01	3.7771e-01	2.7612e-05	7.9757e-03	9.8780e-01	3.3394e-03	8.4972e-04	2.6710e-06	4.6857e-30	0.00e+00	0.00e+00	2.1925e+01
1.64083e+17	1.3423e+04	1.069e-14	3.5938e+04	3.8911e+04	1.1177e-16	4.6842e-03	9.9532e-01	8.8333e-04	9.9854e-01	5.7993e-04	9.7986e-23	1.1833e-06	1.1073e-02	6.3222e-01	3.5482e-01	3.5725e-05	9.0786e-03	9.8698e-01	3.0603e-03	8.4005e-04	2.3234e-06	7.5299e-30	0.00e+00	0.00e+00	2.3174e+01
1.65212e+17	1.3430e+04	1.081e-14	3.5938e+04	3.8894e+04	1.3861e-16	5.1734e-03	9.9483e-01	9.6532e-04	9.9846e-01	5.7228e-04	1.5979e-22	1.3443e-06	1.2497e-02	6.5380e-01	3.3195e-01	4.6269e-05	1.0366e-02	9.8596e-01	2.7972e-03	8.3018e-04	2.0162e-06	1.2412e-29	0.00e+00	0.00e+00	2.4446e+01
1.66047e+17	1.3431e+04	1.090e-14	3.5938e+04	3.8881e+04	1.6352e-16	5.6116e-03	9.9439e-01	1.0396e-03	9.9839e-01	5.6858e-04	2.3698e-22	1.4903e-06	1.3791e-02	6.7052e-01	3.1403e-01	5.7420e-05	1.1610e-02	9.8490e-01	2.6066e-03	8.2270e-04	1.7999e-06	1.8282e-29	0.00e+00	0.00e+00	2.5191e+01
1.66535e+17	1.3439e+04	1.095e-14	3.5938e+04	3.8867e+04	1.8056e-16	5.8958e-03	9.9410e-01	1.0884e-03	9.9832e-01	5.9501e-04	3.0143e-22	1.5887e-06	1.4643e-02	6.8073e-01	3.0303e-01	6.5525e-05	1.2452e-02	9.8417e-01	2.4940e-03	8.1833e-04	1.6782e-06	2.3145e-29	0.00e+00	0.00e+00	2.5714e+01
1.66984e+17	1.3443e+04	1.099e-14	3.5938e+04	3.8857e+04	1.9718e-16	6.1607e-03	9.9384e-01	1.1338e-03	9.9825e-01	6.1262e-04	3.7360e-22	1.6824e-06	1.5459e-02	6.9037e-01	2.9263e-01	7.3659e-05	1.3250e-02	9.8347e-01	2.3923e-03	8.1388e-04	1.5729e-06	2.8514e-29	0.00e+00	0.00e+00	2.6424e+01
1.67569e+17	1.3445e+04	1.105e-14	3.5938e+04	3.8846e+04	2.2321e-16	6.5336e-03	9.9347e-01	1.1977e-03	9.9820e-01	6.0395e-04	5.0015e-22	1.8152e-06	1.6616e-02	7.0306e-01	2.7885e-01	8.6181e-05	1.4413e-02	9.8243e-01	2.2575e-03	8.0774e-04	1.4396e-06	3.8153e-29	0.00e+00	0.00e+00	2.7403e+01
1.68214e+17	1.3440e+04	1.112e-14	3.5938e+04	3.8827e+04	2.5823e-16	7.0173e-03	9.9298e-01	1.2799e-03	9.9814e-01	5.8183e-04	7.0774e-22	1.9872e-06	1.8099e-02	7.1752e-01	2.6300e-01	1.0432e-04	1.5981e-02	9.8101e-01	2.1044e-03	8.0055e-04	1.2935e-06	5.3581e-29	0.00e+00	0.00e+00	2.8405e+01
1.68771e+17	1.3427e+04	1.119e-14	3.5938e+04	3.8812e+04	2.9722e-16	7.4930e-03	9.9251e-01	1.3618e-03	9.9806e-01	5.7489e-04	9.7943e-22	2.1569e-06	1.9583e-02	7.3027e-01	2.4883e-01	1.2457e-04	1.7612e-02	9.7949e-01	1.9738e-03	7.9370e-04	1.1729e-06	7.4097e-29	0.00e+00	0.00e+00	2.9231e+01
1.69219e+17	1.3425e+04	1.123e-14	3.5938e+04	3.8796e+04	3.3395e-16	7.9148e-03	9.9209e-01	1.4349e-03	9.9798e-01	5.8077e-04	1.2862e-21	2.3111e-06	2.0907e-02	7.4071e-01	2.3713e-01	1.4459e-04	1.9124e-02	9.7807e-01	1.8696e-03	7.8819e-04	1.0804e-06	9.7356e-29	0.00e+00	0.00e+00	2.9966e+01
1.69596e+17	1.3430e+04	1.127e-14	3.5938e+04	3.8774e+04	3.6685e-16	8.3029e-03	9.9170e-01	1.5023e-03	9.9791e-01	5.8520e-04	1.6243e-21	2.4540e-06	2.2129e-02	7.4957e-01	2.2709e-01	1.6484e-04	2.0570e-02	9.7670e-01	1.7833e-03	7.8362e-04	1.0058e-06	1.2198e-28	0.00e+00	0.00e+00	3.0617e+01
1.69936e+17	1.3416e+04	1.131e-14	3.5938e+04	3.8762e+04	4.0557e-16	8.6816e-03	9.9132e-01	1.5680e-03	9.9784e-01	5.8883e-04	2.0320e-21	2.5936e-06	2.3330e-02	7.5769e-01	2.1781e-01	1.8607e-04	2.2008e-02	9.7532e-01	1.7036e-03	7.7859e-04	9.3944e-07	1.5325e-28	0.00e+00	0.00e+00	3.1275e+01
1.70321e+17	1.3399e+04	1.136e-14	3.5938e+04	3.8750e+04	4.5259e-16	9.1278e-03	9.9087e-01	1.6460e-03	9.9777e-01	5.8773e-04	2.6102e-21	2.7596e-06	2.4770e-02	7.6687e-01	2.0724e-01	2.1331e-04	2.3759e-02	9.7364e-01	1.6186e-03	7.7261e-04	8.6996e-07	1.9687e-28	0.00e+00	0.00e+00	3.2175e+01
1.70738e+17	1.3386e+04	1.141e-14	3.5938e+04	3.8733e+04	5.1463e-16	9.6826e-03	9.9032e-01	1.7423e-03	9.9768e-01	5.7390e-04	3.5032e-21	2.9662e-06	2.6540e-02	7.7685e-01	1.9555e-01	2.5074e-04	2.6030e-02	9.7143e-01	1.5218e-03	7.6589e-04	7.9439e-07	2.6483e-28	0.00e+00	0.00e+00	3.3056e+01
1.71094e+17	1.3385e+04	1.145e-14	3.5938e+04	3.8704e+04	5.7253e-16	1.0216e-02	9.8978e-01	1.8348e-03	9.9760e-01	5.6913e-04	4.5471e-21	3.1656e-06	2.8231e-02	7.8534e-01	1.8541e-01	2.9070e-04	2.8316e-02	9.6919e-01	1.4393e-03	7.6023e-04	7.3201e-07	3.4109e-28	0.00e+00	0.00e+00	3.3773e+01
1.71380e+17	1.3358e+04	1.149e-14	3.5938e+04	3.8692e+04	6.3571e-16	1.0686e-02	9.8931e-01	1.9174e-03	9.9751e-01	5.7180e-04	5.7025e-21	3.3398e-06	2.9741e-02	7.9223e-01	1.7705e-01	3.2879e-04	3.0373e-02	9.6717e-01	1.3745e-03	7.5445e-04	6.8338e-07	4.3028e-28	0.00e+00	0.00e+00	3.4413e+01
1.71684e+17	1.3361e+04	1.152e-14	3.5938e+04	3.8669e+04	6.9676e-16	1.1191e-02	9.8881e-01	2.0059e-03	9.9742e-01	5.7353e-04	7.1553e-21	3.5342e-06	3.1381e-02	7.9940e-01	1.6828e-01	3.7378e-04	3.2694e-02	9.6488e-01	1.3071e-03	7.4910e-04	6.3580e-07	5.3649e-28	0.00e+00	0.00e+00	3.5285e+01
1.72024e+17	1.3339e+04	1.156e-14	3.5938e+04	3.8645e+04	7.8732e-16	1.1841e-02	9.8816e-01	2.1197e-03	9.9732e-01	5.6367e-04	9.4526e-21	3.7776e-06	3.3465e-02	8.0736e-01	1.5828e-01	4.3656e-04	3.5744e-02	9.6185e-01	1.2305e-03	7.4185e-04	5.8246e-07	7.0828e-28	0.00e+00	0.00e+00	3.6191e+01
1.72330e+17	1.3320e+04	1.161e-14	3.5938e+04	3.8622e+04	8.8619e-16	1.2500e-02	9.8750e-01	2.2354e-03	9.9721e-01	5.5713e-04	1.2362e-20	4.0250e-06	3.5576e-02	8.1440e-01	1.4918e-01	5.0702e-04	3.8973e-02	9.5862e-01	1.1612e-03	7.3479e-04	5.3563e-07	9.2797e-28	0.00e+00	0.00e+00	3.6970e+01
1.72585e+17	1.3299e+04	1.164e-14	3.5938e+04	3.8601e+04	9.8535e-16	1.3100e-02	9.8690e-01	2.3412e-03	9.9710e-01	5.5664e-04	1.5626e-20	4.2499e-06	3.7502e-02	8.2015e-01	1.4153e-01	5.7710e-04	4.2012e-02	9.5558e-01	1.1041e-03	7.2838e-04	4.9805e-07	1.1789e-27	0.00e+00	0.00e+00	3.7667e+01
1.72855e+17	1.3273e+04	1.168e-14	3.5938e+04	3.8582e+04	1.0981e-15	1.3757e-02	9.8624e-01	2.4587e-03	9.9699e-01	5.5619e-04	1.9922e-20	4.4998e-06	3.9642e-02	8.2609e-01	1.3349e-01	6.6058e-04	4.5442e-02	9.5213e-01	1.0466e-03	7.2114e-04	4.6123e-07	1.5038e-27	0.00e+00	0.00e+00	3.8618e+01
1.73152e+17	1.3249e+04	1.172e-14	3.5938e+04	3.8556e+04	1.2491e-15	1.4586e-02	9.8541e-01	2.6055e-03	9.9685e-01	5.4668e-04	2.6607e-20	4.8123e-06	4.2302e-02	8.3238e-01	1.2458e-01	7.7653e-04	4.9938e-02	9.4759e-01	9.8133e-04	7.1253e-04	4.2084e-07	2.0144e-27	0.00e+00	0.00e+00	3.9580e+01
1.73412e+17	1.3226e+04	1.176e-14	3.5938e+04	3.8527e+04	1.4071e-15	1.5410e-02	9.8459e-01	2.7516e-03	9.9671e-01	5.4060e-04	3.4831e-20	5.1207e-06	4.4931e-02	8.3765e-01	1.1672e-01	9.0400e-04	5.4584e-02	9.4288e-01	9.2412e-04	7.0422e-04	3.8629e-07	2.6382e-27	0.00e+00	0.00e+00	4.0381e+01
1.73625e+17	1.3217e+04	1.178e-14	3.5938e+04	3.8485e+04	1.5455e-15	1.6134e-02	9.8387e-01	2.8801e-03	9.9658e-01	5.3974e-04	4.3526e-20	5.3908e-06	4.7244e-02	8.4174e-01	1.1034e-01	1.0275e-03	5.8856e-02	9.3854e-01	8.7865e-04	6.9746e-04	3.5966e-07	3.2824e-27	0.00e+00	0.00e+00	4.1099e+01
1.73850e+17	1.3185e+04	1.181e-14	3.5938e+04	3.8460e+04	1.7292e-15	1.6949e-02	9.8305e-01	3.0261e-03	9.9644e-01	5.3824e-04	5.5516e-20	5.6974e-06	4.9856e-02	8.4592e-01	1.0358e-01	1.1763e-03	6.3707e-02	9.3360e-01	8.3085e-04	6.8903e-04	3.3254e-07	4.2050e-27	0.00e+00	0.00e+00	4.2079e+01
1.74102e+17	1.3149e+04	1.185e-14	3.5938e+04	3.8432e+04	1.9727e-15	1.7973e-02	9.8203e-01	3.2111e-03	9.9626e-01	5.2988e-04	7.4077e-20	6.0811e-06	5.3132e-02	8.5016e-01	9.6092e-02	1.3828e-03	7.0064e-02	9.2710e-01	7.7855e-04	6.7863e-04	3.0313e-07	5.6310e-27	0.00e+00	0.00e+00	4.3093e+01
1.74328e+17	1.3122e+04	1.189e-14	3.5938e+04	3.8396e+04	2.2335e-15	1.9021e-02	9.8098e-01	3.3992e-03	9.9608e-01	5.2311e-04	9.7633e-20	6.4694e-06	5.6445e-02	8.5361e-01	8.9367e-02	1.6164e-03	7.6817e-02	9.2017e-01	7.3036e-04	6.6846e-04	2.7713e-07	7.4391e-27	0.00e+00	0.00e+00	4.3966e+01
1.74515e+17	1.3108e+04	1.190e-14	3.5938e+04	3.8345e+04	2.4654e-15	1.9966e-02	9.8003e-01	3.5685e-03	9.9591e-01	5.2034e-04	1.2313e-19	6.8139e-06	5.9425e-02	8.5617e-01	8.3846e-02	1.8488e-03	8.3171e-02	9.1363e-01	6.9143e-04	6.5977e-04	2.5668e-07	9.3336e-27	0.00e+00	0.00e+00	4.4749e+01
1.74714e+17	1.3062e+04	1.194e-14	3.5938e+04	3.8318e+04	2.7884e-15	2.1035e-02	9.7896e-01	3.7643e-03	9.9572e-01	5.1718e-04	1.5908e-19	7.2123e-06	6.2819e-02	8.5861e-01	7.8039e-02	2.1306e-03	9.0396e-02	9.0617e-01	6.5165e-04	6.4896e-04	2.3604e-07	1.2145e-26	0.00e+00	0.00e+00	4.5822e+01
1.74936e+17	1.3030e+04	1.197e-14	3.5938e+04	3.8276e+04	3.1960e-15	2.2383e-02	9.7762e-01	4.0093e-03	9.9548e-01	5.0856e-04	2.1482e-19	7.7088e-06	6.7047e-02	8.6078e-01	7.1675e-02	2.5251e-03	9.9923e-02	8.9631e-01	6.0648e-04	6.3605e-04	2.1353e-07	1.6455e-26	0.00e+00	0.00e+00	4.6929e+01
1.75132e+17	1.2999e+04	1.200e-14	3.5938e+04	3.8228e+04	3.6413e-15	2.3758e-02	9.7624e-01	4.2596e-03	9.9524e-01	5.0119e-04	2.8600e-19	8.2070e-06	7.1322e-02	8.6216e-01	6.6046e-02	2.9706e-03	1.0997e-01	8.8587e-01	5.6648e-04	6.2312e-04	1.9395e-07	2.1958e-26	0.00e+00	0.00e+00	4.7874e+01
1.75296e+17	1.2980e+04	1.201e-14	3.5938e+04	3.8158e+04	4.0453e-15	2.5001e-02	9.7500e-01	4.4852e-03	9.9502e-01	4.9710e-04	3.6376e-19	8.6454e-06	7.5163e-02	8.6292e-01	6.1469e-02	3.4142e-03	1.1939e-01	8.7605e-01	5.3401e-04	6.1193e-04	1.7858e-07	2.7809e-26	0.00e+00	0.00e+00	4.8732e+01
1.75470e+17	1.2936e+04	1.204e-14	3.5938e+04	3.8114e+04	4.5944e-15	2.6426e-02	9.7357e-01	4.7476e-03	9.9476e-01	4.9254e-04	4.7449e-19	9.1606e-06	7.9568e-02	8.6334e-01	5.6662e-02	3.9612e-03	1.3023e-01	8.6471e-01	5.0018e-04	5.9838e-04	1.6291e-07	3.6483e-26	0.00e+00	0.00e+00	4.9911e+01
1.75665e+17	1.2886e+04	1.207e-14	3.5938e+04	3.8065e+04	5.3512e-15	2.8261e-02	9.7174e-01	5.0881e-03	9.9443e-01	4.8323e-04	6.5301e-19	9.8218e-06	8.5193e-02	8.6304e-01	5.1372e-02	4.7383e-03	1.4459e-01	8.4963e-01	4.6282e-04	5.8113e-04	1.4573e-07	5.0526e-26	0.00e+00	0.00e+00	5.1156e+01
1.75843e+17	1.2846e+04	1.210e-14	3.5938e+04	3.8000e+04	6.1932e-15	3.0194e-02	9.6981e-01	5.4445e-03	9.9408e-01	4.7443e-04	8.9091e-19	1.0500e-05	9.1024e-02	8.6197e-01	4.6629e-02	5.6472e-03	1.6014e-01	8.3322e-01	4.2807e-04	5.6357e-04	1.3040e-07	6.9240e-26	0.00e+00	0.00e+00	5.2259e+01
1.75994e+17	1.2823e+04	1.210e-14	3.5938e+04	3.7902e+04	6.9830e-15	3.1998e-02	9.6800e-01	5.7761e-03	9.9376e-01	4.6832e-04	1.1634e-18	1.1108e-05	9.6422e-02	8.6050e-01	4.2728e-02	6.5863e-03	1.7514e-01	8.1733e-01	3.9956e-04	5.4783e-04	1.1820e-07	9.0065e-26	0.00e+00	0.00e+00	5.3282e+01
1.76156e+17	1.2769e+04	1.212e-14	3.5938e+04	3.7836e+04	8.0988e-15	3.4126e-02	9.6587e-01	6.1732e-03	9.9337e-01	4.6143e-04	1.5700e-18	1.1845e-05	1.0276e-01	8.5827e-01	3.8636e-02	7.7804e-03	1.9269e-01	7.9864e-01	3.6978e-04	5.2876e-04	1.0568e-07	1.2247e-25	0.00e+00	0.00e+00	5.4701e+01
1.76338e+17	1.2715e+04	1.214e-14	3.5938e+04	3.7740e+04	9.6587e-15	3.6934e-02	9.6307e-01	6.6947e-03	9.9286e-01	4.5007e-04	2.2532e-18	1.2790e-05	1.1095e-01	8.5458e-01	3.4167e-02	9.5250e-03	2.1619e-01	7.7344e-01	3.3641e-04	5.0442e-04	9.1953e-08	1.7689e-25	0.00e+00	0.00e+00	5.6229e+01
1.76507e+17	1.2654e+04	1.216e-14	3.5938e+04	3.7653e+04	1.1577e-14	4.0004e-02	9.6000e-01	7.2729e-03	9.9229e-01	4.3890e-04	3.2371e-18	1.3829e-05	1.1981e-01	8.4976e-01	3.0153e-02	1.1643e-02	2.4201e-01	7.4557e-01	3.0586e-04	4.7836e-04	1.1755e-36	2.5658e-25	0.00e+00	0.00e+00	5.7630e+01
1.76653e+17	1.2620e+04	1.216e-14	3.5938e+04	3.7506e+04	1.3479e-14	4.3028e-02	9.5697e-01	7.8338e-03	9.9174e-01	4.3005e-04	4.4561e-18	1.4772e-05	1.2833e-01	8.4458e-01	2.6816e-02	1.3956e-02	2.6771e-01	7.1760e-01	2.7978e-04	4.5411e-04	1.1755e-36	3.5236e-25	0.00e+00	0.00e+00	5.8985e+01
1.76813e+17	1.2553e+04	1.216e-14	3.5938e+04	3.7370e+04	1.6276e-14	4.6730e-02	9.5327e-01	8.5298e-03	9.9105e-01	4.2010e-04	6.4091e-18	1.5945e-05	1.3863e-01	8.3777e-01	2.3357e-02	1.7029e-02	2.9826e-01	6.8403e-01	2.5285e-04	4.2515e-04	1.1755e-36	5.1194e-25	0.00e+00	0.00e+00	6.0899e+01
1.76985e+17	1.2481e+04	1.216e-14	3.5938e+04	3.7194e+04	2.0577e-14	5.1677e-02	9.4832e-01	9.4515e-03	9.9014e-01	4.0575e-04	9.9298e-18	1.7445e-05	1.5190e-01	8.2809e-01	1.9782e-02	2.1547e-02	3.3780e-01	6.4004e-01	2.2354e-04	3.8885e-04	1.1755e-36	8.1134e-25	0.00e+00	0.00e+00	6.2822e+01
1.77129e+17	1.2409e+04	1.216e-14	3.5938e+04	3.7023e+04	2.5663e-14	5.6815e-02	9.4319e-01	1.0410e-02	9.8920e-01	3.9314e-04	1.4838e-17	1.8954e-05	1.6527e-01	8.1762e-01	1.6906e-02	2.6677e-02	3.7671e-01	5.9606e-01	1.9900e-04	3.5391e-04	1.1755e-36	1.2384e-24	0.00e+00	0.00e+00	6.4415e+01
1.77243e+17	1.2357e+04	1.214e-14	3.5938e+04	3.6846e+04	3.0762e-14	6.1472e-02	9.3853e-01	1.1286e-02	9.8833e-01	3.8428e-04	2.0584e-17	2.0267e-05	1.7716e-01	8.0788e-01	1.4772e-02	3.1702e-02	4.1033e-01	5.5746e-01	1.8052e-04	3.2461e-04	1.1755e-36	1.7468e-24	0.00e+00	0.00e+00	6.5863e+01
1.77362e+17	1.2284e+04	1.211e-14	3.5938e+04	3.6652e+04	3.7540e-14	6.6950e-02	9.3305e-01	1.2315e-02	9.8731e-01	3.7517e-04	2.9060e-17	2.1771e-05	1.9073e-01	7.9641e-01	1.2685e-02	3.7930e-02	4.4663e-01	5.1498e-01	1.6231e-04	2.9312e-04	1.1755e-36	2.5086e-24	0.00e+00	0.00e+00	6.7914e+01
1.77497e+17	1.2202e+04	1.209e-14	3.5938e+04	3.6438e+04	4.8155e-14	7.4608e-02	9.2539e-01	1.3739e-02	9.8590e-01	3.6223e-04	4.4377e-17	2.3784e-05	2.0881e-01	7.8056e-01	1.0475e-02	4.7109e-02	4.9180e-01	4.6069e-01	1.4196e-04	2.5415e-04	1.1755e-36	3.9292e-24	0.00e+00	0.00e+00	7.0174e+01
1.77615e+17	1.2115e+04	1.205e-14	3.5938e+04	3.6154e+04	6.1733e-14	8.3091e-02	9.1691e-01	1.5308e-02	9.8434e-01	3.5069e-04	6.6558e-17	2.5842e-05	2.2787e-01	7.6333e-01	8.6535e-03	5.7790e-02	5.3487e-01	4.0700e-01	1.2417e-04	2.1743e-04	1.1755e-36	6.0356e-24	0.00e+00	0.00e+00	7.2119e+01
1.77707e+17	1.2050e+04	1.195e-14	3.5938e+04	3.5770e+04	7.5365e-14	9.0658e-02	9.0934e-01	1.6712e-02	9.8294e-01	3.4425e-04	9.1427e-17	2.7473e-05	2.4429e-01	7.4821e-01	7.3700e-03	6.7749e-02	5.6839e-01	3.6356e-01	1.1129e-04	1.8941e-04	1.1755e-36	8.4050e-24	0.00e+00	0.00e+00	7.3794e+01
1.77801e+17	1.1967e+04	1.189e-14	3.5938e+04	3.5512e+04	9.3703e-14	9.9584e-02	9.0042e-01	1.8387e-02	9.8128e-01	3.3684e-04	1.2763e-16	2.9469e-05	2.6300e-01	7.3071e-01	6.1602e-03	7.9602e-02	6.0044e-01	3.1970e-01	9.8943e-05	1.6132e-04	1.1755e-36	1.1986e-23	0.00e+00	0.00e+00	7.6186e+01
1.77905e+17	1.1870e+04	1.176e-14	3.5938e+04	3.5053e+04	1.2172e-13	1.1155e-01	8.8845e-01	2.0603e-02	9.7907e-01	3.2998e-04	1.8781e-16	3.1802e-05	2.8657e-01	7.0836e-01	4.9573e-03	9.5757e-02	6.3434e-01	2.6968e-01	8.5798e-05	1.3090e-04	1.1755e-36	1.8031e-23	0.00e+00	0.00e+00	7.8756e+01
1.77995e+17	1.1770e+04	1.162e-14	3.5938e+04	3.4577e+04	1.5720e-13	1.2460e-01	8.7540e-01	2.3037e-02	9.7664e-01	3.2455e-04	2.6998e-16	3.4175e-05	3.1092e-01	6.8497e-01	4.0011e-03	1.1343e-01	6.6110e-01	2.2529e-01	7.4657e-05	1.0502e-04	1.1755e-36	2.6483e-23	0.00e+00	0.00e+00	8.1012e+01
1.78068e+17	1.1690e+04	1.145e-14	3.5938e+04	3.4083e+04	1.9468e-13	1.3666e-01	8.6334e-01	2.5320e-02	9.7436e-01	3.2227e-04	3.6238e-16	3.6132e-05	3.3250e-01	6.6408e-01	3.3223e-03	1.2978e-01	6.7875e-01	1.9132e-01	6.6389e-05	8.6147e-05	1.1755e-36	3.6121e-23	0.00e+00	0.00e+00	8.3034e+01
1.78143e+17	1.1584e+04	1.127e-14	3.5938e+04	3.3599e+04	2.4574e-13	1.5086e-01	8.4914e-01	2.8059e-02	9.7162e-01	3.2057e-04	4.9225e-16	3.8369e-05	3.5684e-01	6.4036e-01	2.6974e-03	1.4877e-01	6.9183e-01	1.5927e-01	5.8526e-05	6.8877e-05	1.1755e-36	4.9938e-23	0.00e+00	0.00e+00	8.5934e+01
1.78226e+17	1.1470e+04	1.099e-14	3.5938e+04	3.2871e+04	3.2303e-13	1.6956e-01	8.3044e-01	3.1686e-02	9.6799e-01	3.2128e-04	6.9818e-16	4.0884e-05	3.8689e-01	6.1092e-01	2.0998e-03	1.7350e-01	7.0036e-01	1.2605e-01	5.0323e-05	5.1909e-05	1.1755e-36	7.2092e-23	0.00e+00	0.00e+00	8.9064e+01
1.78298e+17	1.1353e+04	1.069e-14	3.5938e+04	3.2137e+04	4.2009e-13	1.8956e-01	8.1044e-01	3.5668e-02	9.6401e-01	3.2345e-04	9.6450e-16	4.3283e-05	4.1717e-01	5.8110e-01	1.6448e-03	1.9937e-01	7.0116e-01	9.9386e-02	4.3480e-05	3.8950e-05	1.1755e-36	1.0117e-22	0.00e+00	0.00e+00	9.1782e+01
1.78355e+17	1.1252e+04	1.040e-14	3.5938e+04	3.1471e+04	5.2210e-13	2.0773e-01	7.9227e-01	3.9416e-02	9.6026e-01	3.2695e-04	1.2496e-15	4.5226e-05	4.4346e-01	5.5513e-01	1.3340e-03	2.2244e-01	6.9675e-01	8.0740e-02	3.8477e-05	3.0325e-05	1.1755e-36	1.3241e-22	0.00e+00	0.00e+00	9.4175e+01
1.78405e+17	1.1159e+04	1.011e-14	3.5938e+04	3.0832e+04	6.3429e-13	2.2535e-01	7.7465e-01	4.3177e-02	9.5649e-01	3.3163e-04	1.5663e-15	4.6886e-05	4.6790e-01	5.3093e-01	1.0974e-03	2.4442e-01	6.8907e-01	6.6451e-02	3.4438e-05	2.3997e-05	1.1755e-36	1.6718e-22	0.00e+00	0.00e+00	9.6687e+01
1.78461e+17	1.1047e+04	9.733e-15	3.5938e+04	3.0045e+04	7.9270e-13	2.4713e-01	7.5287e-01	4.7989e-02	9.5167e-01	3.3872e-04	2.0128e-15	4.8722e-05	4.9672e-01	5.0233e-01	8.6858e-04	2.7106e-01	6.7622e-01	5.2672e-02	3.0285e-05	1.8164e-05	1.1755e-36	2.1599e-22	0.00e+00	0.00e+00	1.0027e+02
1.78522e+17	1.0923e+04	9.255e-15	3.5938e+04	2.9017e+04	1.0199e-12	2.7426e-01	7.2574e-01	5.4162e-02	9.4549e-01	3.4925e-04	2.6510e-15	5.0506e-05	5.3018e-01	4.6909e-01	6.6333e-04	3.0349e-01	6.5662e-01	3.9855e-02	2.6080e-05	1.3030e-05	1.1755e-36	2.8480e-22	0.00e+00	0.00e+00	1.0384e+02
1.78573e+17	1.0802e+04	8.799e-15	3.5938e+04	2.8077e+04	1.2799e-12	3.0083e-01	6.9917e-01	6.0580e-02	9.3906e-01	3.6067e-04	3.3703e-15	5.1931e-05	5.6119e-01	4.3822e-01	5.1727e-04	3.3450e-01	6.3478e-01	3.0686e-02	2.2736e-05	9.5458e-06	1.1755e-36	3.6152e-22	0.00e+00	0.00e+00	1.0690e+02
1.78615e+17	1.0714e+04	8.371e-15	3.5938e+04	2.7213e+04	1.5310e-12	3.2379e-01	6.7621e-01	6.6474e-02	9.3315e-01	3.7278e-04	4.0668e-15	5.2831e-05	5.8693e-01	4.1258e-01	4.1864e-04	3.6082e-01	6.1463e-01	2.4522e-02	2.0300e-05	7.3266e-06	1.1755e-36	4.3313e-22	0.00e+00	0.00e+00	1.0970e+02
1.78658e+17	1.0595e+04	7.911e-15	3.5938e+04	2.6281e+04	1.8591e-12	3.4940e-01	6.5060e-01	7.3418e-02	9.2620e-01	3.8651e-04	4.9254e-15	5.3665e-05	6.1432e-01	3.8528e-01	3.3195e-04	3.8963e-01	5.9110e-01	1.9253e-02	1.7986e-05	5.5121e-06	1.1755e-36	5.1843e-22	0.00e+00	0.00e+00	1.1351e+02
1.78705e+17	1.0473e+04	7.362e-15	3.5938e+04	2.5142e+04	2.2979e-12	3.8004e-01	6.1996e-01	8.2133e-02	9.1746e-01	4.0502e-04	6.0567e-15	5.4225e-05	6.4496e-01	3.5472e-01	2.5480e-04	4.2340e-01	5.6210e-01	1.4483e-02	1.5642e-05	3.9513e-06	1.1755e-36	6.2477e-22	0.00e+00	0.00e+00	1.1749e+02
1.78747e+17	1.0351e+04	6.830e-15	3.5938e+04	2.4029e+04	2.8000e-12	4.1023e-01	5.8977e-01	9.1411e-02	9.0816e-01	4.2523e-04	7.2936e-15	5.4402e-05	6.7354e-01	3.2620e-01	1.9803e-04	4.5602e-01	5.3298e-01	1.0987e-02	1.3691e-05	2.8661e-06	1.1755e-36	7.3405e-22	0.00e+00	0.00e+00	1.2111e+02
1.78783e+17	1.0242e+04	6.360e-15	3.5938e+04	2.3061e+04	3.3206e-12	4.3772e-01	5.6228e-01	1.0061e-01	8.9895e-01	4.4419e-04	8.5312e-15	5.4396e-05	6.9840e-01	3.0138e-01	1.5815e-04	4.8518e-01	5.0624e-01	8.5667e-03	1.2160e-05	2.1488e-06	1.1755e-36	8.3767e-22	0.00e+00	0.00e+00	1.2444e+02
1.78816e+17	1.0154e+04	5.909e-15	3.5938e+04	2.2074e+04	3.8375e-12	4.6254e-01	5.3746e-01	1.0948e-01	8.9005e-01	4.6647e-04	9.7254e-15	5.3871e-05	7.1995e-01	2.7986e-01	1.2885e-04	5.1114e-01	4.8204e-01	6.8024e-03	1.0938e-05	1.6508e-06	1.1755e-36	9.2306e-22	0.00e+00	0.00e+00	1.2780e+02
1.78847e+17	1.0046e+04	5.504e-15	3.5938e+04	2.1200e+04	4.4373e-12	4.8750e-01	5.1250e-01	1.1906e-01	8.8046e-01	4.8642e-04	1.1013e-14	5.3479e-05	7.4052e-01	2.5931e-01	1.0580e-04	5.3684e-01	4.5772e-01	5.4336e-03	9.8468e-06	1.2766e-06	1.1755e-36	1.0120e-21	0.00e+00	0.00e+00	1.3096e+02
1.78875e+17	9.9647e+03	5.110e-15	3.5938e+04	2.0305e+04	5.0197e-12	5.1024e-01	4.8976e-01	1.2841e-01	8.7108e-01	5.0999e-04	1.2257e-14	5.2616e-05	7.5867e-01	2.4119e-01	8.8153e-05	5.5996e-01	4.3564e-01	4.3919e-03	8.9475e-06	1.0033e-06	1.1755e-36	1.0825e-21	0.00e+00	0.00e+00	1.3417e+02
1.78901e+17	9.8612e+03	4.754e-15	3.5938e+04	1.9498e+04	5.6940e-12	5.3310e-01	4.6690e-01	1.3847e-01	8.6100e-01	5.3133e-04	1.3583e-14	5.1970e-05	7.7604e-01	2.2383e-01	7.3955e-05	5.8290e-01	4.1352e-01	3.5646e-03	8.1283e-06	7.9235e-07	1.1755e-36	1.1538e-21	0.00e+00	0.00e+00	1.3722e+02
1.78921e+17	9.8018e+03	4.484e-15	3.5938e+04	1.8851e+04	6.2018e-12	5.4981e-01	4.5019e-01	1.4624e-01	8.5321e-01	5.5061e-04	1.4601e-14	5.1165e-05	7.8830e-01	2.1158e-01	6.5166e-05	5.9951e-01	3.9744e-01	3.0431e-03	7.5731e-06	6.6344e-07	1.1755e-36	1.1978e-21	0.00e+00	0.00e+00	1.3902e+02
1.78934e+17	9.7565e+03	4.312e-15	3.5938e+04	1.8435e+04	6.5541e-12	5.6021e-01	4.3979e-01	1.5155e-01	8.4788e-01	5.6374e-04	1.5258e-14	5.0645e-05	7.9607e-01	2.0381e-01	6.0075e-05	6.0978e-01	3.8746e-01	2.7506e-03	7.2462e-06	5.9279e-07	1.1755e-36	1.2202e-21	0.00e+00	0.00e+00	1.4042e+02
1.78946e+17	9.7099e+03	4.149e-15	3.5938e+04	1.8053e+04	6.9227e-12	5.7058e-01	4.2942e-01	1.5706e-01	8.4237e-01	5.7566e-04	1.5934e-14	5.0137e-05	8.0366e-01	1.9623e-01	5.5407e-05	6.1995e-01	3.7755e-01	2.4892e-03	6.9331e-06	5.3029e-07	1.1755e-36	1.2448e-21	0.00e+00	0.00e+00	1.4216e+02
1.78961e+17	9.6463e+03	3.957e-15	3.5938e+04	1.7592e+04	7.4202e-12	5.8362e-01	4.1638e-01	1.6408e-01	8.3533e-01	5.9010e-04	1.6804e-14	4.9576e-05	8.1278e-01	1.8712e-01	5.0229e-05	6.3268e-01	3.6511e-01	2.1993e-03	6.5564e-06	4.6191e-07	1.1755e-36	1.2744e-21	0.00e+00	0.00e+00	1.4430e+02
1.78977e+17	9.5893e+03	3.751e-15	3.5938e+04	1.7071e+04	7.9524e-12	5.9734e-01	4.0266e-01	1.7164e-01	8.2775e-01	6.0808e-04	1.7751e-14	4.8792e-05	8.2202e-01	1.7788e-01	4.5385e-05	6.4597e-01	3.5210e-01	1.9245e-03	6.1786e-06	3.9829e-07	1.1755e-36	1.2990e-21	0.00e+00	0.00e+00	1.4642e+02
1.78991e+17	9.5334e+03	3.563e-15	3.5938e+04	1.6581e+04	8.4830e-12	6.1008e-01	3.8992e-01	1.7906e-01	8.2031e-01	6.2587e-04	1.8661e-14	4.8000e-05	8.3044e-01	1.6947e-01	4.1356e-05	6.5824e-01	3.4006e-01	1.6972e-03	5.8439e-06	3.4661e-07	1.1755e-36	1.3170e-21	0.00e+00	0.00e+00	1.4837e+02
1.79005e+17	9.4862e+03	3.388e-15	3.5938e+04	1.6114e+04	8.9820e-12	6.2168e-01	3.7832e-01	1.8616e-01	8.1320e-01	6.4365e-04	1.9521e-14	4.7176e-05	8.3802e-01	1.6189e-01	3.7991e-05	6.6934e-01	3.2915e-01	1.5087e-03	5.5518e-06	3.0448e-07	1.1755e-36	1.3277e-21	0.00e+00	0.00e+00	1.5029e+02
1.79019e+17	9.4194e+03	3.221e-15	3.5938e+04	1.5679e+04	9.5898e-12	6.3399e-01	3.6601e-01	1.9414e-01	8.0520e-01	6.5988e-04	2.0460e-14	4.6471e-05	8.4584e-01	1.5408e-01	3.4857e-05	6.8106e-01	3.1760e-01	1.3363e-03	5.2554e-06	2.6638e-07	1.1755e-36	1.3428e-21	0.00e+00	0.00e+00	1.5234e+02
1.79033e+17	9.3722e+03	3.053e-15	3.5938e+04	1.5206e+04	1.0144e-11	6.4561e-01	3.5439e-01	2.0194e-01	7.9738e-01	6.7991e-04	2.1386e-14	4.5557e-05	8.5309e-01	1.4683e-01	3.2109e-05	6.9205e-01	3.0676e-01	1.1839e-03	4.9857e-06	2.3330e-07	1.1755e-36	1.3461e-21	0.00e+00	0.00e+00	1.5437e+02
1.79047e+17	9.3072e+03	2.892e-15	3.5938e+04	1.4755e+04	1.0805e-11	6.5759e-01	3.4241e-01	2.1041e-01	7.8889e-01	6.9864e-04	2.2367e-14	4.4695e-05	8.6036e-01	1.3957e-01	2.9612e-05	7.0331e-01	2.9564e-01	1.0475e-03	4.7199e-06	2.0409e-07	1.1755e-36	1.3497e-21	0.00e+00	0.00e+00	1.5647e+02
1.79061e+17	9.2458e+03	2.737e-15	3.5938e+04	1.4318e+04	1.1483e-11	6.6943e-01	3.3057e-01	2.1926e-01	7.8002e-01	7.1749e-04	2.3377e-14	4.3872e-05	8.6738e-01	1.3254e-01	2.7389e-05	7.1439e-01	2.8468e-01	9.2662e-04	4.4665e-06	1.7851e-07	1.1755e-36	1.3515e-21	0.00e+00	0.00e+00	1.5855e+02
1.79075e+17	9.1874e+03	2.591e-15	3.5938e+04	1.3885e+04	1.2163e-11	6.8063e-01	3.1937e-01	2.2805e-01	7.7121e-01	7.3732e-04	2.4372e-14	4.2985e-05	8.7391e-01	1.2602e-01	2.5474e-05	7.2481e-01	2.7437e-01	8.2296e-04	4.2358e-06	1.5690e-07	1.1755e-36	1.3468e-21	0.00e+00	0.00e+00	1.6060e+02
1.79088e+17	9.1316e+03	2.450e-15	3.5938e+04	1.3453e+04	1.2853e-11	6.9140e-01	3.0860e-01	2.3691e-01	7.6233e-01	7.5825e-04	2.5373e-14	4.2047e-05	8.8006e-01	1.1987e-01	2.3789e-05	7.3477e-01	2.6449e-01	7.3236e-04	4.0214e-06	1.3827e-07	1.1755e-36	1.3363e-21	0.00e+00	0.00e+00	1.6269e+02
1.79101e+17	9.0620e+03	2.313e-15	3.5938e+04	1.3042e+04	1.3666e-11	7.0268e-01	2.9732e-01	2.4675e-01	7.5247e-01	7.7748e-04	2.6449e-14	4.1185e-05	8.8633e-01	1.1361e-01	2.2229e-05	7.4515e-01	2.5419e-01	6.4963e-04	3.8053e-06	1.1755e-36	1.1755e-36	1.3281e-21	0.00e+00	0.00e+00	1.6487e+02
1.79115e+17	9.0092e+03	2.181e-15	3.5938e+04	1.2612e+04	1.4404e-11	7.1312e-01	2.8688e-01	2.5627e-01	7.4292e-01	8.0065e-04	2.7513e-14	4.0183e-05	8.9204e-01	1.0790e-01	2.0884e-05	7.5472e-01	2.4470e-01	5.7800e-04	3.6109e-06	1.1755e-36	1.1755e-36	1.3097e-21	0.00e+00	0.00e+00	1.6700e+02
1.79128e+17	8.9398e+03	2.056e-15	3.5938e+04	1.2206e+04	1.5282e-11	7.2367e-01	2.7633e-01	2.6647e-01	7.3271e-01	8.2170e-04	2.8618e-14	3.9238e-05	8.9766e-01	1.0228e-01	1.9676e-05	7.6434e-01	2.3514e-01	5.1478e-04	3.4216e-06	1.1755e-36	1.1755e-36	1.2917e-21	0.00e+00	0.00e+00	1.6919e+02
1.79141e+17	8.8727e+03	1.936e-15	3.5938e+04	1.1812e+04	1.6187e-11	7.3408e-01	2.6592e-01	2.7711e-01	7.2205e-01	8.4260e-04	2.9758e-14	3.8341e-05	9.0307e-01	9.6868e-02	1.8598e-05	7.7378e-01	2.2576e-01	4.5875e-04	3.2405e-06	1.1755e-36	1.1755e-36	1.2724e-21	0.00e+00	0.00e+00	1.7137e+02
1.79154e+17	8.8085e+03	1.823e-15	3.5938e+04	1.1423e+04	1.7101e-11	7.4393e-01	2.5607e-01	2.8771e-01	7.1142e-01	8.6456e-04	3.0898e-14	3.7397e-05	9.0810e-01	9.1846e-02	1.7664e-05	7.8267e-01	2.1691e-01	4.1050e-04	3.0742e-06	1.1755e-36	1.1755e-36	1.2484e-21	0.00e+00	0.00e+00	1.7353e+02
1.79167e+17	8.7415e+03	1.716e-15	3.5938e+04	1.1044e+04	1.8075e-11	7.5351e-01	2.4649e-01	2.9862e-01	7.0049e-01	8.8642e-04	3.2062e-14	3.6458e-05	9.1288e-01	8.7062e-02	1.6837e-05	7.9129e-01	2.0834e-01	3.6823e-04	2.9171e-06	1.1755e-36	1.1755e-36	1.2220e-21	0.00e+00	0.00e+00	1.7573e+02
1.79180e+17	8.6754e+03	1.613e-15	3.5938e+04	1.0670e+04	1.9089e-11	7.6294e-01	2.3706e-01	3.0997e-01	6.8913e-01	9.0873e-04	3.3270e-14	3.5508e-05	9.1749e-01	8.2461e-02	1.6094e-05	7.9973e-01	1.9994e-01	3.3061e-04	2.7666e-06	1.1755e-36	1.1755e-36	1.1935e-21	0.00e+00	0.00e+00	1.7797e+02
1.79193e+17	8.6060e+03	1.513e-15	3.5938e+04	1.0294e+04	2.0184e-11	7.7214e-01	2.2786e-01	3.2152e-01	6.7755e-01	9.3206e-04	3.4520e-14	3.4525e-05	9.2186e-01	7.8089e-02	1.5435e-05	8.0793e-01	1.9177e-01	2.9749e-04	2.6237e-06	1.1755e-36	1.1755e-36	1.1610e-21	0.00e+00	0.00e+00	1.8023e+02
1.79206e+17	8.5290e+03	1.420e-15	3.5938e+04	9.9408e+03	2.1405e-11	7.8133e-01	2.1867e-01	3.3386e-01	6.6519e-01	9.5299e-04	3.5808e-14	3.3613e-05	9.2611e-01	7.3840e-02	1.4844e-05	8.1609e-01	1.8364e-01	2.6825e-04	2.4850e-06	1.1755e-36	1.1755e-36	1.1304e-21	0.00e+00	0.00e+00	1.8250e+02
1.79218e+17	8.4639e+03	1.332e-15	3.5938e+04	9.5849e+03	2.2548e-11	7.8974e-01	2.1026e-01	3.4577e-01	6.5325e-01	9.7698e-04	3.7103e-14	3.2639e-05	9.2995e-01	7.0002e-02	1.4336e-05	8.2353e-01	1.7623e-01	2.4329e-04	2.3608e-06	1.1755e-36	1.1755e-36	1.0945e-21	0.00e+00	0.00e+00	1.8472e+02
1.79231e+17	8.3822e+03	1.249e-15	3.5938e+04	9.2531e+03	2.3939e-11	7.9833e-01	2.0167e-01	3.5869e-01	6.4031e-01	9.9670e-04	3.8444e-14	3.1755e-05	9.3375e-01	6.6207e-02	1.3876e-05	8.3110e-01	1.6868e-01	2.2109e-04	2.2374e-06	1.1755e-36	1.1755e-36	1.0616e-21	0.00e+00	0.00e+00	1.8704e+02
1.79244e+17	8.3177e+03	1.170e-15	3.5938e+04	8.9120e+03	2.5186e-11	8.0624e-01	1.9376e-01	3.7126e-01	6.2772e-01	1.0209e-03	3.9826e-14	3.0787e-05	9.3720e-01	6.2759e-02	1.3474e-05	8.3804e-01	1.6176e-01	2.0179e-04	2.1259e-06	1.1755e-36	1.1755e-36	1.0236e-21	0.00e+00	0.00e+00	1.8931e+02
1.79256e+17	8.2366e+03	1.095e-15	3.5938e+04	8.5848e+03	2.6714e-11	8.1423e-01	1.8577e-01	3.8465e-01	6.1431e-01	1.0421e-03	4.1261e-14	2.9868e-05	9.4057e-01	5.9387e-02	1.3110e-05	8.4503e-01	1.5478e-01	1.8471e-04	2.0160e-06	1.1755e-36	1.1755e-36	9.8645e-22	0.00e+00	0.00e+00	1.9168e+02
1.79269e+17	8.1497e+03	1.024e-15	3.5938e+04	8.2708e+03	2.8417e-11	8.2220e-01	1.7780e-01	3.9874e-01	6.0020e-01	1.0611e-03	4.2751e-14	2.8991e-05	9.4381e-01	5.6145e-02	1.2784e-05	8.5197e-01	1.4786e-01	1.6960e-04	1.9090e-06	1.1755e-36	1.1755e-36	9.5049e-22	0.00e+00	0.00e+00	1.9404e+02
1.79281e+17	8.0714e+03	9.578e-16	3.5938e+04	7.9629e+03	3.0069e-11	8.2942e-01	1.7058e-01	4.1234e-01	5.8658e-01	1.0821e-03	4.4246e-14	2.8096e-05	9.4672e-01	5.3243e-02	1.2506e-05	8.5824e-01	1.4160e-01	1.5689e-04	1.8138e-06	1.1755e-36	1.1755e-36	9.1243e-22	0.00e+00	0.00e+00	1.9632e+02
1.79294e+17	7.9905e+03	8.961e-16	3.5938e+04	7.6687e+03	3.1852e-11	8.3639e-01	1.6361e-01	4.2632e-01	5.7258e-01	1.1010e-03	4.5773e-14	2.7235e-05	9.4946e-01	5.0502e-02	1.2259e-05	8.6428e-01	1.3557e-01	1.4581e-04	1.7236e-06	1.1755e-36	1.1755e-36	8.7548e-22	0.00e+00	0.00e+00	1.9867e+02
1.79306e+17	7.9078e+03	8.365e-16	3.5938e+04	7.3720e+03	3.3779e-11	8.4327e-01	1.5673e-01	4.4075e-01	5.5813e-01	1.1206e-03	4.7397e-14	2.6348e-05	9.5208e-01	4.7885e-02	1.2035e-05	8.7021e-01	1.2965e-01	1.3592e-04	1.6364e-06	1.1755e-36	1.1755e-36	8.3719e-22	0.00e+00	0.00e+00	2.0109e+02
1.79319e+17	7.8178e+03	7.802e-16	3.5938e+04	7.0830e+03	3.5963e-11	8.5000e-01	1.5000e-01	4.5571e-01	5.4315e-01	1.1387e-03	4.9082e-14	2.5468e-05	9.5456e-01	4.5400e-02	1.1834e-05	8.7601e-01	1.2386e-01	1.2726e-04	1.5525e-06	1.1755e-36	1.1755e-36	7.9926e-22	0.00e+00	0.00e+00	2.0352e+02
1.79331e+17	7.7293e+03	7.281e-16	3.5938e+04	6.8079e+03	3.8248e-11	8.5638e-01	1.4362e-01	4.7078e-01	5.2807e-01	1.1551e-03	5.0794e-14	2.4634e-05	9.5686e-01	4.3107e-02	1.1659e-05	8.8149e-01	1.1839e-01	1.1983e-04	1.4743e-06	1.1755e-36	1.1755e-36	7.6281e-22	0.00e+00	0.00e+00	2.0591e+02
1.79343e+17	7.6396e+03	6.799e-16	3.5938e+04	6.5451e+03	4.0694e-11	8.6240e-01	1.3760e-01	4.8590e-01	5.1293e-01	1.1698e-03	5.2529e-14	2.3828e-05	9.5897e-01	4.0994e-02	1.1506e-05	8.8665e-01	1.1324e-01	1.1350e-04	1.4017e-06	1.1755e-36	1.1755e-36	7.2756e-22	0.00e+00	0.00e+00	2.0830e+02
1.79356e+17	7.5548e+03	6.350e-16	3.5938e+04	6.2916e+03	4.3171e-11	8.6807e-01	1.3193e-01	5.0105e-01	4.9777e-01	1.1837e-03	5.4306e-14	2.3047e-05	9.6091e-01	3.9050e-02	1.1371e-05	8.9148e-01	1.0841e-01	1.0802e-04	1.3344e-06	1.1755e-36	1.1755e-36	6.9330e-22	0.00e+00	0.00e+00	2.1070e+02
1.79368e+17	7.4633e+03	5.931e-16	3.5938e+04	6.0476e+03	4.5972e-11	8.7353e-01	1.2647e-01	5.1638e-01	4.8242e-01	1.1954e-03	5.6122e-14	2.2281e-05	9.6272e-01	3.7241e-02	1.1252e-05	8.9613e-01	1.0376e-01	1.0333e-04	1.2706e-06	1.1755e-36	1.1755e-36	6.6022e-22	0.00e+00	0.00e+00	2.1309e+02
1.79380e+17	7.3674e+03	5.543e-16	3.5938e+04	5.8133e+03	4.9082e-11	8.7874e-01	1.2126e-01	5.3181e-01	4.6698e-01	1.2048e-03	5.7970e-14	2.1543e-05	9.6440e-01	3.5569e-02	1.1149e-05	9.0057e-01	9.9334e-02	9.9317e-05	1.2104e-06	1.1755e-36	1.1755e-36	6.2850e-22	0.00e+00	0.00e+00	2.1548e+02
1.79392e+17	7.2719e+03	5.182e-16	3.5938e+04	5.5890e+03	5.2394e-11	8.8367e-01	1.1633e-01	5.4726e-01	4.5153e-01	1.2123e-03	5.9849e-14	2.0829e-05	9.6593e-01	3.4033e-02	1.1058e-05	9.0474e-01	9.5159e-02	9.5888e-05	1.1544e-06	1.1755e-36	1.1755e-36	5.9825e-22	0.00e+00	0.00e+00	2.1787e+02
1.79404e+17	7.1758e+03	4.847e-16	3.5938e+04	5.3737e+03	5.5949e-11	8.8833e-01	1.1167e-01	5.6272e-01	4.3606e-01	1.2178e-03	6.1762e-14	2.0138e-05	9.6735e-01	3.2621e-02	1.0978e-05	9.0869e-01	9.1214e-02	9.2959e-05	1.1019e-06	1.1755e-36	1.1755e-36	5.6942e-22	0.00e+00	0.00e+00	2.2025e+02
1.79415e+17	7.0789e+03	4.535e-16	3.5938e+04	5.1668e+03	5.9782e-11	8.9276e-01	1.0724e-01	5.7822e-01	4.2056e-01	1.2212e-03	6.3712e-14	1.9468e-05	9.6865e-01	3.1322e-02	1.0908e-05	9.1243e-01	8.7475e-02	9.0460e-05	1.0527e-06	1.1755e-36	1.1755e-36	5.4201e-22	0.00e+00	0.00e+00	2.2265e+02
1.79427e+17	6.9809e+03	4.245e-16	3.5938e+04	4.9680e+03	6.3917e-11	8.9696e-01	1.0304e-01	5.9374e-01	4.0504e-01	1.2223e-03	6.5697e-14	1.8818e-05	9.6984e-01	3.0130e-02	1.0847e-05	9.1597e-01	8.3937e-02	8.8338e-05	1.0065e-06	1.1755e-36	1.1755e-36	5.1604e-22	0.00e+00	0.00e+00	2.2505e+02
1.79439e+17	6.8821e+03	3.975e-16	3.5938e+04	4.7773e+03	6.8372e-11	9.0094e-01	9.9064e-02	6.0925e-01	3.8953e-01	1.2210e-03	6.7715e-14	1.8191e-05	9.7093e-01	2.9039e-02	1.0794e-05	9.1932e-01	8.0593e-02	8.6545e-05	9.6329e-07	1.1755e-36	1.1755e-36	4.9153e-22	0.00e+00	0.00e+00	2.2747e+02
1.79451e+17	6.7769e+03	3.724e-16	3.5938e+04	4.5966e+03	7.3442e-11	9.0480e-01	9.5195e-02	6.2490e-01	3.7388e-01	1.2153e-03	6.9744e-14	1.7600e-05	9.7194e-01	2.8026e-02	1.0748e-05	9.2257e-01	7.7343e-02	8.5055e-05	9.2168e-07	1.1755e-36	1.1755e-36	4.6905e-22	0.00e+00	0.00e+00	2.2990e+02
1.79463e+17	6.6806e+03	3.487e-16	3.5938e+04	4.4175e+03	7.8413e-11	9.0829e-01	9.1709e-02	6.4034e-01	3.5845e-01	1.2107e-03	7.1862e-14	1.6996e-05	9.7285e-01	2.7121e-02	1.0708e-05	9.2550e-01	7.4417e-02	8.3782e-05	8.8437e-07	1.1755e-36	1.1755e-36	4.4671e-22	0.00e+00	0.00e+00	2.3238e+02
1.79475e+17	6.5732e+03	3.270e-16	3.5938e+04	4.2509e+03	8.4315e-11	9.1178e-01	8.8224e-02	6.5593e-01	3.4287e-01	1.1996e-03	7.3954e-14	1.6444e-05	9.7369e-01	2.6279e-02	1.0674e-05	9.2842e-01	7.1498e-02	8.2770e-05	8.4756e-07	1.1755e-36	1.1755e-36	4.2705e-22	0.00e+00	0.00e+00	2.3484e+02
1.79487e+17	6.4706e+03	3.066e-16	3.5938e+04	4.0898e+03	9.0327e-11	9.1496e-01	8.5045e-02	6.7134e-01	3.2747e-01	1.1874e-03	7.6088e-14	1.5900e-05	9.7445e-01	2.5525e-02	1.0646e-05	9.3108e-01	6.8837e-02	8.1941e-05	8.1418e-07	1.1755e-36	1.1755e-36	4.0828e-22	0.00e+00	0.00e+00	2.3735e+02
1.79499e+17	6.3664e+03	2.876e-16	3.5938e+04	3.9335e+03	9.6807e-11	9.1798e-01	8.2019e-02	6.8674e-01	3.1209e-01	1.1725e-03	7.8271e-14	1.5369e-05	9.7513e-01	2.4839e-02	1.0622e-05	9.3361e-01	6.6308e-02	8.1281e-05	7.8266e-07	1.1755e-36	1.1755e-36	3.9064e-22	0.00e+00	0.00e+00	2.3992e+02
1.79511e+17	6.2620e+03	2.699e-16	3.5938e+04	3.7844e+03	1.0367e-10	9.2083e-01	7.9171e-02	7.0203e-01	2.9681e-01	1.1547e-03	8.0471e-14	1.4860e-05	9.7575e-01	2.4224e-02	1.0602e-05	9.3599e-01	6.3928e-02	8.0777e-05	7.5319e-07	1.1755e-36	1.1755e-36	3.7439e-22	0.00e+00	0.00e+00	2.4251e+02
1.79524e+17	6.1573e+03	2.535e-16	3.5938e+04	3.6422e+03	1.1092e-10	9.2350e-01	7.6504e-02	7.1717e-01	2.8170e-01	1.1339e-03	8.2681e-14	1.4372e-05	9.7630e-01	2.3673e-02	1.0587e-05	9.3822e-01	6.1701e-02	8.0412e-05	7.2577e-07	1.1755e-36	1.1755e-36	3.5945e-22	0.00e+00	0.00e+00	2.4515e+02
1.79537e+17	6.0517e+03	2.381e-16	3.5938e+04	3.5058e+03	1.1856e-10	9.2601e-01	7.3989e-02	7.3222e-01	2.6667e-01	1.1099e-03	8.4912e-14	1.3901e-05	9.7679e-01	2.3181e-02	1.0575e-05	9.4032e-01	5.9603e-02	8.0171e-05	7.0009e-07	1.1755e-36	1.1755e-36	3.4566e-22	0.00e+00	0.00e+00	2.4785e+02
1.79550e+17	5.9454e+03	2.238e-16	3.5938e+04	3.3747e+03	1.2654e-10	9.2838e-01	7.1620e-02	7.4722e-01	2.5170e-01	1.0827e-03	8.7167e-14	1.3447e-05	9.7723e-01	2.2745e-02	1.0567e-05	9.4229e-01	5.7627e-02	8.0040e-05	6.7605e-07	1.1755e-36	1.1755e-36	3.3290e-22	0.00e+00	0.00e+00	2.5065e+02
1.79563e+17	5.8384e+03	2.104e-16	3.5938e+04	3.2490e+03	1.3481e-10	9.3061e-01	6.9393e-02	7.6214e-01	2.3681e-01	1.0522e-03	8.9436e-14	1.3010e-05	9.7761e-01	2.2362e-02	1.0562e-05	9.4415e-01	5.5772e-02	8.0009e-05	6.5358e-07	1.1755e-36	1.1755e-36	3.2114e-22	0.00e+00	0.00e+00	2.5353e+02
1.79577e+17	5.7308e+03	1.980e-16	3.5938e+04	3.1290e+03	1.4327e-10	9.3269e-01	6.7307e-02	7.7688e-01	2.2210e-01	1.0185e-03	9.1710e-14	1.2591e-05	9.7795e-01	2.2030e-02	1.0560e-05	9.4589e-01	5.4033e-02	8.0071e-05	6.3264e-07	1.1755e-36	1.1755e-36	3.1031e-22	0.00e+00	0.00e+00	2.5651e+02
1.79591e+17	5.6227e+03	1.864e-16	3.5938e+04	3.0143e+03	1.5182e-10	9.3465e-01	6.5352e-02	7.9144e-01	2.0757e-01	9.8166e-04	9.3983e-14	1.2190e-05	9.7823e-01	2.1746e-02	1.0561e-05	9.4752e-01	5.2403e-02	8.0216e-05	6.1312e-07	1.1755e-36	1.1755e-36	3.0029e-22	0.00e+00	0.00e+00	2.5964e+02
1.79606e+17	5.5138e+03	1.755e-16	3.5938e+04	2.9045e+03	1.6032e-10	9.3648e-01	6.3521e-02	8.0582e-01	1.9323e-01	9.4173e-04	9.6255e-14	1.1805e-05	9.7847e-01	2.1508e-02	1.0564e-05	9.4904e-01	5.0876e-02	8.0438e-05	5.9492e-07	1.1755e-36	1.1755e-36	2.9093e-22	0.00e+00	0.00e+00	2.6292e+02
1.79622e+17	5.4044e+03	1.654e-16	3.5938e+04	2.7997e+03	1.6862e-10	9.3819e-01	6.1809e-02	8.1998e-01	1.7912e-01	8.9885e-04	9.8516e-14	1.1437e-05	9.7866e-01	2.1314e-02	1.0570e-05	9.5047e-01	4.9448e-02	8.0730e-05	5.7798e-07	1.1755e-36	1.1755e-36	2.8212e-22	0.00e+00	0.00e+00	2.6641e+02
1.79639e+17	5.2953e+03	1.560e-16	3.5938e+04	2.6977e+03	1.7654e-10	9.3973e-01	6.0273e-02	8.3376e-01	1.6539e-01	8.5461e-04	1.0081e-13	1.1076e-05	9.7881e-01	2.1171e-02	1.0579e-05	9.5175e-01	4.8164e-02	8.1091e-05	5.6286e-07	1.1755e-36	1.1755e-36	2.7371e-22	0.00e+00	0.00e+00	2.7013e+02
1.79657e+17	5.1817e+03	1.474e-16	3.5938e+04	2.6045e+03	1.8452e-10	9.4124e-01	5.8758e-02	8.4722e-01	1.5197e-01	8.0605e-04	1.0297e-13	1.0753e-05	9.7892e-01	2.1061e-02	1.0590e-05	9.5302e-01	4.6896e-02	8.1533e-05	5.4798e-07	1.1755e-36	1.1755e-36	2.6661e-22	0.00e+00	0.00e+00	2.7409e+02
1.79677e+17	5.0780e+03	1.394e-16	3.5938e+04	2.5150e+03	1.9074e-10	9.4255e-01	5.7453e-02	8.6028e-01	1.3896e-01	7.5700e-04	1.0515e-13	1.0436e-05	9.7899e-01	2.0988e-02	1.0602e-05	9.5411e-01	4.5805e-02	8.1968e-05	5.3524e-07	1.1755e-36	1.1755e-36	2.5902e-22	0.00e+00	0.00e+00	2.7851e+02
1.79699e+17	4.9672e+03	1.319e-16	3.5938e+04	2.4297e+03	1.9626e-10	9.4383e-01	5.6172e-02	8.7312e-01	1.2618e-01	7.0468e-04	1.0725e-13	1.0139e-05	9.7909e-01	2.0891e-02	1.0616e-05	9.5519e-01	4.4730e-02	8.2494e-05	5.2275e-07	1.1755e-36	1.1755e-36	2.5015e-22	0.00e+00	0.00e+00	2.8349e+02
1.79724e+17	4.8569e+03	1.250e-16	3.5938e+04	2.3496e+03	1.9972e-10	9.4500e-01	5.4996e-02	8.8545e-01	1.1390e-01	6.5117e-04	1.0925e-13	9.8640e-06	9.7931e-01	2.0672e-02	1.0631e-05	9.5618e-01	4.3741e-02	8.3065e-05	5.1132e-07	1.1755e-36	1.1755e-36	2.3782e-22	0.00e+00	0.00e+00	2.8917e+02
1.79753e+17	4.7496e+03	1.188e-16	3.5938e+04	2.2756e+03	2.0162e-10	9.4607e-01	5.3935e-02	8.9711e-01	1.0229e-01	5.9756e-04	1.1113e-13	9.6118e-06	9.7950e-01	2.0475e-02	1.0647e-05	9.5707e-01	4.2846e-02	8.3661e-05	5.0103e-07	1.1755e-36	1.1755e-36	2.2541e-22	0.00e+00	0.00e+00	2.9584e+02
1.79785e+17	4.6514e+03	1.137e-16	3.5938e+04	2.2135e+03	2.0205e-10	9.4698e-01	5.3022e-02	9.0718e-01	9.2275e-02	5.4857e-04	1.1271e-13	9.4038e-06	9.7967e-01	2.0307e-02	1.0662e-05	9.5784e-01	4.2074e-02	8.4238e-05	4.9215e-07	1.1755e-36	1.1755e-36	2.1395e-22	0.00e+00	0.00e+00	3.0291e+02
1.79817e+17	4.5818e+03	1.099e-16	3.5938e+04	2.1672e+03	2.0100e-10	9.4760e-01	5.2397e-02	9.1496e-01	8.4529e-02	5.0953e-04	1.1394e-13	9.2461e-06	9.7979e-01	2.0189e-02	1.0672e-05	9.5837e-01	4.1545e-02	8.4652e-05	4.8608e-07	1.1755e-36	1.1755e-36	2.0482e-22	0.00e+00	0.00e+00	3.0994e+02
1.79850e+17	4.5279e+03	1.071e-16	3.5938e+04	2.1318e+03	1.9966e-10	9.4801e-01	5.1986e-02	9.2072e-01	7.8798e-02	4.8005e-04	1.1487e-13	9.1257e-06	9.7988e-01	2.0104e-02	1.0679e-05	9.5872e-01	4.1193e-02	8.4979e-05	4.8202e-07	1.1755e-36	1.1755e-36	1.9757e-22	0.00e+00	0.00e+00	3.1695e+02
1.79882e+17	4.4841e+03	1.051e-16	3.5938e+04	2.1070e+03	1.9858e-10	9.4837e-01	5.1630e-02	9.2503e-01	7.4518e-02	4.5695e-04	1.1551e-13	9.0446e-06	9.7995e-01	2.0033e-02	1.0684e-05	9.5903e-01	4.0889e-02	8.5248e-05	4.7850e-07	1.1755e-36	1.1755e-36	1.9221e-22	0.00e+00	0.00e+00	3.2393e+02
1.79915e+17	4.4531e+03	1.037e-16	3.5938e+04	2.0876e+03	1.9754e-10	9.4859e-01	5.1414e-02	9.2815e-01	7.1406e-02	4.4028e-04	1.1602e-13	8.9799e-06	9.7999e-01	1.9985e-02	1.0686e-05	9.5921e-01	4.0704e-02	8.5436e-05	4.7634e-07	1.1755e-36	1.1755e-36	1.8814e-22	0.00e+00	0.00e+00	3.3089e+02
1.79947e+17	4.4274e+03	1.026e-16	3.5938e+04	2.0754e+03	1.9698e-10	9.4883e-01	5.1175e-02	9.3053e-01	6.9045e-02	4.2676e-04	1.1633e-13	8.9426e-06	9.8004e-01	1.9937e-02	1.0687e-05	9.5941e-01	4.0502e-02	8.5588e-05	4.7395e-07	1.1755e-36	1.1755e-36	1.8543e-22	0.00e+00	0.00e+00	3.3785e+02
1.79979e+17	4.4106e+03	1.018e-16	3.5938e+04	2.0655e+03	1.9652e-10	9.4896e-01	5.1043e-02	9.3224e-01	6.7340e-02	4.1726e-04	1.1660e-13	8.9098e-06	9.8007e-01	1.9906e-02	1.0685e-05	9.5952e-01	4.0390e-02	8.5679e-05	4.7258e-07	1.1755e-36	1.1755e-36	1.8350e-22	0.00e+00	0.00e+00	3.4479e+02
1.80012e+17	4.3998e+03	1.013e-16	3.5938e+04	2.0579e+03	1.9625e-10	9.4904e-01	5.0965e-02	9.3351e-01	6.6083e-02	4.1035e-04	1.1681e-13	8.8838e-06	9.8010e-01	1.9884e-02	1.0682e-05	9.5959e-01	4.0322e-02	8.5723e-05	4.7167e-07	1.1755e-36	1.1755e-36	1.8225e-22	0.00e+00	0.00e+00	3.5173e+02
1.80044e+17	4.3913e+03	1.009e-16	3.5938e+04	2.0524e+03	1.9617e-10	9.4910e-01	5.0899e-02	9.3444e-01	6.5153e-02	4.0513e-04	1.1697e-13	8.8650e-06	9.8012e-01	1.9865e-02	1.0678e-05	9.5965e-01	4.0266e-02	8.5755e-05	4.7092e-07	1.1755e-36	1.1755e-36	1.8144e-22	0.00e+00	0.00e+00	3.5866e+02
1.80076e+17	4.3859e+03	1.006e-16	3.5938e+04	2.0488e+03	1.9623e-10	9.4916e-01	5.0838e-02	9.3515e-01	6.4446e-02	4.0103e-04	1.1708e-13	8.8525e-06	9.8013e-01	1.9847e-02	1.0674e-05	9.5970e-01	4.0217e-02	8.5764e-05	4.7022e-07	1.1755e-36	1.1755e-36	1.8107e-22	0.00e+00	0.00e+00	3.6559e+02
1.80108e+17	4.3814e+03	1.003e-16	3.5938e+04	2.0453e+03	1.9632e-10	9.4919e-01	5.0815e-02	9.3566e-01	6.3943e-02	3.9825e-04	1.1719e-13	8.8401e-06	9.8015e-01	1.9834e-02	1.0669e-05	9.5972e-01	4.0195e-02	8.5766e-05	4.6984e-07	1.1755e-36	1.1755e-36	1.8075e-22	0.00e+00	0.00e+00	3.7251e+02
1.80140e+17	4.3765e+03	1.001e-16	3.5938e+04	2.0430e+03	1.9658e-10	9.4923e-01	5.0765e-02	9.3607e-01	6.3537e-02	3.9578e-04	1.1725e-13	8.8333e-06	9.8016e-01	1.9819e-02	1.0665e-05	9.5976e-01	4.0154e-02	8.5775e-05	4.6925e-07	1.1755e-36	1.1755e-36	1.8066e-22	0.00e+00	0.00e+00	3.7944e+02
1.80177e+17	4.3672e+03	9.986e-17	3.5938e+04	2.0406e+03	1.9714e-10	9.4932e-01	5.0682e-02	9.3645e-01	6.3158e-02	3.9321e-04	1.1730e-13	8.8288e-06	9.8019e-01	1.9794e-02	1.0661e-05	9.5983e-01	4.0084e-02	8.5810e-05	4.6830e-07	1.1755e-36	1.1755e-36	1.8065e-22	0.00e+00	0.00e+00	3.8844e+02
1.80225e+17	4.3582e+03	9.953e-17	3.5938e+04	2.0366e+03	1.9773e-10	9.4939e-01	5.0608e-02	9.3678e-01	6.2826e-02	3.9128e-04	1.1741e-13	8.8171e-06	9.8021e-01	1.9772e-02	1.0654e-05	9.5989e-01	4.0021e-02	8.5835e-05	4.6740e-07	1.1755e-36	1.1755e-36	1.8059e-22	0.00e+00	0.00e+00	4.0014e+02
1.80288e+17	4.3521e+03	9.918e-17	3.5938e+04	2.0318e+03	1.9869e-10	9.4943e-01	5.0572e-02	9.3712e-01	6.2486e-02	3.8949e-04	1.1757e-13	8.8023e-06	9.8023e-01	1.9752e-02	1.0644e-05	9.5993e-01	3.9988e-02	8.5821e-05	4.6674e-07	1.1755e-36	1.1755e-36	1.8105e-22	0.00e+00	0.00e+00	4.1536e+02
1.80369e+17	4.3408e+03	9.886e-17	3.5938e+04	2.0293e+03	1.9956e-10	9.4955e-01	5.0447e-02	9.3743e-01	6.2188e-02	3.8712e-04	1.1761e-13	8.7981e-06	9.8027e-01	1.9711e-02	1.0632e-05	9.6003e-01	3.9884e-02	8.5832e-05	4.6522e-07	1.1755e-36	1.1755e-36	1.8127e-22	0.00e+00	0.00e+00	4.3514e+02
1.80475e+17	4.3339e+03	9.849e-17	3.5938e+04	2.0243e+03	2.0097e-10	9.4958e-01	5.0417e-02	9.3775e-01	6.1865e-02	3.8524e-04	1.1778e-13	8.7834e-06	9.8030e-01	1.9677e-02	1.0614e-05	9.6006e-01	3.9856e-02	8.5786e-05	4.6444e-07	1.1755e-36	1.1755e-36	1.8212e-22	0.00e+00	0.00e+00	4.6086e+02
1.80612e+17	4.3204e+03	9.815e-17	3.5938e+04	2.0223e+03	2.0228e-10	9.4974e-01	5.0259e-02	9.3808e-01	6.1542e-02	3.8219e-04	1.1780e-13	8.7824e-06	9.8037e-01	1.9612e-02	1.0592e-05	9.6019e-01	3.9725e-02	8.5761e-05	4.6235e-07	1.1755e-36	1.1755e-36	1.8270e-22	0.00e+00	0.00e+00	4.9430e+02
1.80790e+17	4.3123e+03	9.771e-17	3.5938e+04	2.0159e+03	2.0397e-10	9.4976e-01	5.0236e-02	9.3843e-01	6.1190e-02	3.8000e-04	1.1802e-13	8.7638e-06	9.8042e-01	1.9558e-02	1.0562e-05	9.6021e-01	3.9702e-02	8.5660e-05	4.6133e-07	1.1755e-36	1.1755e-36	1.8368e-22	0.00e+00	0.00e+00	5.3777e+02
1.81022e+17	4.2982e+03	9.723e-17	3.5938e+04	2.0085e+03	2.0568e-10	9.4982e-01	5.0175e-02	9.3880e-01	6.0827e-02	3.7737e-04	1.1823e-13	8.7434e-06	9.8050e-01	1.9483e-02	1.0524e-05	9.6027e-01	3.9647e-02	8.5558e-05	4.5975e-07	1.1755e-36	1.1755e-36	1.8428e-22	0.00e+00	0.00e+00	5.9429e+02
1.81324e+17	4.2835e+03	9.677e-17	3.5938e+04	2.0076e+03	2.0742e-10	9.5009e-01	4.9909e-02	9.3933e-01	6.0297e-02	3.7197e-04	1.1822e-13	8.7484e-06	9.8062e-01	1.9358e-02	1.0471e-05	9.6049e-01	3.9429e-02	8.5379e-05	4.5589e-07	1.1755e-36	1.1755e-36	1.8536e-22	0.00e+00	0.00e+00	6.6778e+02
1.81716e+17	4.2678e+03	9.618e-17	3.5938e+04	2.0013e+03	2.0922e-10	9.5027e-01	4.9735e-02	9.3986e-01	5.9775e-02	3.6737e-04	1.1840e-13	8.7347e-06	9.8076e-01	1.9224e-02	1.0405e-05	9.6063e-01	3.9283e-02	8.5135e-05	4.5255e-07	1.1755e-36	1.1755e-36	1.8607e-22	0.00e+00	0.00e+00	7.6334e+02
1.82226e+17	4.2493e+03	9.548e-17	3.5938e+04	1.9937e+03	2.1103e-10	9.5047e-01	4.9526e-02	9.4044e-01	5.9198e-02	3.6214e-04	1.1861e-13	8.7178e-06	9.8092e-01	1.9057e-02	1.0318e-05	9.6081e-01	3.9109e-02	8.4804e-05	4.4838e-07	1.1755e-36	1.1755e-36	1.8656e-22	0.00e+00	0.00e+00	8.8759e+02
1.82888e+17	4.2278e+03	9.465e-17	3.5938e+04	1.9849e+03	2.1304e-10	9.5076e-01	4.9239e-02	9.4116e-01	5.8482e-02	3.5563e-04	1.1886e-13	8.7034e-06	9.8114e-01	1.8843e-02	1.0206e-05	9.6105e-01	3.8870e-02	8.4353e-05	4.4285e-07	1.1755e-36	1.1755e-36	1.8707e-22	0.00e+00	0.00e+00	1.0492e+03
1.83750e+17	4.2024e+03	9.367e-17	3.5938e+04	1.9743e+03	2.1457e-10	9.5109e-01	4.8911e-02	9.4186e-01	5.7788e-02	3.4879e-04	1.1916e-13	8.6812e-06	9.8141e-01	1.8575e-02	1.0064e-05	9.6132e-01	3.8597e-02	8.3760e-05	4.3617e-07	1.1755e-36	1.1755e-36	1.8678e-22	0.00e+00	0.00e+00	1.2593e+03
1.84869e+17	4.1760e+03	9.236e-17	3.5938e+04	1.9511e+03	2.1527e-10	9.5117e-01	4.8829e-02	9.4234e-01	5.7313e-02	3.4498e-04	1.1989e-13	8.6069e-06	9.8169e-01	1.8286e-02	9.8835e-06	9.6140e-01	3.8518e-02	8.2977e-05	4.3081e-07	1.1755e-36	1.1755e-36	1.8471e-22	0.00e+00	0.00e+00	1.5325e+03
1.86104e+17	4.1522e+03	9.147e-17	3.5938e+04	1.9470e+03	2.1627e-10	9.5179e-01	4.8214e-02	9.4322e-01	5.6449e-02	3.3511e-04	1.1997e-13	8.6125e-06	9.8206e-01	1.7921e-02	9.6934e-06	9.6190e-01	3.8019e-02	8.2107e-05	4.2044e-07	1.1755e-36	1.1755e-36	1.8456e-22	0.00e+00	0.00e+00	1.7923e+03
1.87161e+17	4.1448e+03	9.076e-17	3.5938e+04	1.9283e+03	2.1573e-10	9.5175e-01	4.8247e-02	9.4339e-01	5.6277e-02	3.3411e-04	1.2063e-13	8.5455e-06	9.8227e-01	1.7708e-02	9.5419e-06	9.6188e-01	3.8042e-02	8.1362e-05	4.1693e-07	1.1755e-36	1.1755e-36	1.8251e-22	0.00e+00	0.00e+00	1.9893e+03
1.87983e+17	4.1441e+03	9.031e-17	3.5938e+04	1.9213e+03	2.1554e-10	9.5190e-01	4.8102e-02	9.4368e-01	5.5986e-02	3.3130e-04	1.2093e-13	8.5243e-06	9.8246e-01	1.7521e-02	9.4219e-06	9.6199e-01	3.7925e-02	8.0721e-05	4.1260e-07	1.1755e-36	1.1755e-36	1.8198e-22	0.00e+00	0.00e+00	2.1472e+03
1.88823e+17	4.1200e+03	8.942e-17	3.5938e+04	1.9106e+03	2.1582e-10	9.5218e-01	4.7818e-02	9.4405e-01	5.5623e-02	3.2743e-04	1.2123e-13	8.5041e-06	9.8269e-01	1.7294e-02	9.2987e-06	9.6223e-01	3.7689e-02	8.0188e-05	4.0688e-07	1.1755e-36	1.1755e-36	1.8056e-22	0.00e+00	0.00e+00	2.3524e+03
1.89916e+17	4.0918e+03	8.830e-17	3.5938e+04	1.8969e+03	2.1592e-10	9.5252e-01	4.7475e-02	9.4453e-01	5.5149e-02	3.2230e-04	1.2163e-13	8.4765e-06	9.8297e-01	1.7009e-02	9.1413e-06	9.6252e-01	3.7404e-02	7.9480e-05	3.9977e-07	1.1755e-36	1.1755e-36	1.7865e-22	0.00e+00	0.00e+00	2.6193e+03
1.91336e+17	4.0574e+03	8.693e-17	3.5938e+04	1.8796e+03	2.1582e-10	9.5294e-01	4.7055e-02	9.4511e-01	5.4570e-02	3.1604e-04	1.2216e-13	8.4416e-06	9.8333e-01	1.6652e-02	8.9421e-06	9.6287e-01	3.7054e-02	7.8559e-05	3.9090e-07	1.1755e-36	1.1755e-36	1.7615e-22	0.00e+00	0.00e+00	2.9665e+03
1.93182e+17	4.0143e+03	8.527e-17	3.5938e+04	1.8580e+03	2.1546e-10	9.5348e-01	4.6525e-02	9.4584e-01	5.3854e-02	3.0831e-04	1.2283e-13	8.4004e-06	9.8378e-01	1.6205e-02	8.6928e-06	9.6331e-01	3.6613e-02	7.7383e-05	3.7982e-07	1.1755e-36	1.1755e-36	1.7290e-22	0.00e+00	0.00e+00	3.4180e+03
1.95583e+17	3.9599e+03	8.325e-17	3.5938e+04	1.8313e+03	2.1493e-10	9.5414e-01	4.5860e-02	9.4674e-01	5.2963e-02	2.9876e-04	1.2366e-13	8.3533e-06	9.8433e-01	1.5651e-02	8.3841e-06	9.6386e-01	3.6060e-02	7.5894e-05	3.6607e-07	1.1755e-36	1.1755e-36	1.6896e-22	0.00e+00	0.00e+00	4.0055e+03
