#depth	Te	Htot	hden	eden	2H_2/H	HI	HII	HeI	HeII	HeIII	CO/C	C1	C2	C3	C4	O1	O2	O3	O4	O5	O6	H2O/O	AV(point)	AV(extend)	Tau912
3.17811e+13	1.7082e+04	1.115e-15	1.2916e+04	1.5152e+04	1.4929e-19	1.2812e-04	9.9987e-01	1.7763e-06	1.3412e-02	9.8659e-01	1.5384e-30	2.7337e-09	3.8873e-05	1.3964e-02	1.4875e-01	4.6932e-10	9.9321e-06	9.3234e-03	3.3903e-01	4.8109e-01	1.5139e-01	2.3121e-36	0.00e+00	0.00e+00	6.6395e-04
1.90687e+14	1.7054e+04	1.113e-15	1.2916e+04	1.5151e+04	1.5321e-19	1.2791e-04	9.9987e-01	1.7754e-06	1.3411e-02	9.8659e-01	1.5297e-30	2.7028e-09	3.8767e-05	1.3948e-02	1.4929e-01	4.6915e-10	9.9530e-06	9.3727e-03	3.3987e-01	4.8117e-01	1.5065e-01	2.3019e-36	0.00e+00	0.00e+00	3.3153e-03
8.26309e+14	1.6995e+04	1.107e-15	1.2916e+04	1.5150e+04	1.5655e-19	1.2756e-04	9.9987e-01	1.7795e-06	1.3448e-02	9.8655e-01	1.5442e-30	2.6642e-09	3.8973e-05	1.4063e-02	1.5095e-01	4.7387e-10	1.0077e-05	9.5539e-03	3.4241e-01	4.8044e-01	1.4913e-01	2.3043e-36	0.00e+00	0.00e+00	1.3892e-02
3.36880e+15	1.6847e+04	1.094e-15	1.2916e+04	1.5150e+04	1.5822e-19	1.2661e-04	9.9987e-01	1.8068e-06	1.3694e-02	9.8630e-01	1.6292e-30	2.6289e-09	4.0265e-05	1.4657e-02	1.5662e-01	4.9264e-10	1.0540e-05	1.0243e-02	3.5130e-01	4.7690e-01	1.4430e-01	2.3309e-36	0.00e+00	0.00e+00	5.5884e-02
8.04698e+15	1.6470e+04	1.051e-15	1.2916e+04	1.5150e+04	1.4935e-19	1.2061e-04	9.9988e-01	1.7557e-06	1.3482e-02	9.8652e-01	1.4735e-30	2.3333e-09	4.0426e-05	1.5113e-02	1.6528e-01	4.8751e-10	1.0844e-05	1.1224e-02	3.6470e-01	4.7088e-01	1.3741e-01	1.9593e-36	0.00e+00	0.00e+00	1.0789e-01
1.41286e+16	1.6131e+04	1.016e-15	1.2916e+04	1.5150e+04	1.3928e-19	1.1552e-04	9.9988e-01	1.7490e-06	1.3627e-02	9.8637e-01	1.3984e-30	2.1943e-09	4.1768e-05	1.6007e-02	1.7594e-01	4.9906e-10	1.1480e-05	1.2578e-02	3.8166e-01	4.6298e-01	1.2863e-01	1.6589e-36	0.00e+00	0.00e+00	1.7263e-01
2.20347e+16	1.5804e+04	9.863e-16	1.2916e+04	1.5148e+04	1.3037e-19	1.1087e-04	9.9989e-01	1.7942e-06	1.4230e-02	9.8577e-01	1.4206e-30	2.1752e-09	4.4687e-05	1.7578e-02	1.9036e-01	5.3132e-10	1.2618e-05	1.4641e-02	4.0419e-01	4.5149e-01	1.1739e-01	1.4559e-36	0.00e+00	0.00e+00	2.5342e-01
3.02687e+16	1.5507e+04	9.600e-16	1.2916e+04	1.5147e+04	1.1737e-19	1.0515e-04	9.9989e-01	1.8358e-06	1.4986e-02	9.8501e-01	1.3396e-30	2.1543e-09	4.7493e-05	1.9348e-02	2.0550e-01	5.5049e-10	1.3665e-05	1.7018e-02	4.2661e-01	4.3881e-01	1.0688e-01	1.1755e-36	0.00e+00	0.00e+00	3.1798e-01
3.72382e+16	1.5320e+04	9.467e-16	1.2916e+04	1.5146e+04	1.0907e-19	1.0155e-04	9.9990e-01	1.9253e-06	1.6048e-02	9.8395e-01	1.3739e-30	2.2322e-09	5.1110e-05	2.1331e-02	2.1955e-01	5.8727e-10	1.5009e-05	1.9561e-02	4.4658e-01	4.2638e-01	9.8024e-02	1.1755e-36	0.00e+00	0.00e+00	3.7103e-01
4.34969e+16	1.5194e+04	9.399e-16	1.2916e+04	1.5144e+04	1.0337e-19	9.9301e-05	9.9990e-01	2.0616e-06	1.7424e-02	9.8257e-01	1.5084e-30	2.3914e-09	5.5796e-05	2.3650e-02	2.3390e-01	6.4585e-10	1.6798e-05	2.2502e-02	4.6594e-01	4.1324e-01	8.9909e-02	1.1755e-36	0.00e+00	0.00e+00	4.2049e-01
4.94981e+16	1.5078e+04	9.376e-16	1.2916e+04	1.5142e+04	9.8059e-20	9.7676e-05	9.9990e-01	2.2471e-06	1.9186e-02	9.8081e-01	1.7066e-30	2.6101e-09	6.1618e-05	2.6418e-02	2.4960e-01	7.2607e-10	1.9118e-05	2.6093e-02	4.8564e-01	3.9869e-01	8.2114e-02	1.1755e-36	0.00e+00	0.00e+00	4.6742e-01
5.51406e+16	1.4992e+04	9.377e-16	1.2916e+04	1.5139e+04	9.4459e-20	9.6293e-05	9.9990e-01	2.4783e-06	2.1335e-02	9.7866e-01	2.0106e-30	2.8803e-09	6.8432e-05	2.9591e-02	2.6617e-01	8.2706e-10	2.1986e-05	3.0372e-02	5.0484e-01	3.8327e-01	7.4870e-02	1.1755e-36	0.00e+00	0.00e+00	5.0975e-01
6.02509e+16	1.4924e+04	9.409e-16	1.2916e+04	1.5136e+04	9.1953e-20	9.5256e-05	9.9990e-01	2.7568e-06	2.3881e-02	9.7612e-01	2.4190e-30	3.1944e-09	7.6055e-05	3.3105e-02	2.8329e-01	9.4818e-10	2.5377e-05	3.5348e-02	5.2294e-01	3.6746e-01	6.8311e-02	1.1755e-36	0.00e+00	0.00e+00	5.4726e-01
6.48471e+16	1.4872e+04	9.462e-16	1.2916e+04	1.5132e+04	8.9531e-20	9.4525e-05	9.9991e-01	3.0896e-06	2.6858e-02	9.7314e-01	2.9437e-30	3.5570e-09	8.4594e-05	3.6943e-02	3.0086e-01	1.0968e-09	2.9452e-05	4.1095e-02	5.3976e-01	3.5144e-01	6.2375e-02	1.1755e-36	0.00e+00	0.00e+00	5.8088e-01
6.90264e+16	1.4829e+04	9.537e-16	1.2916e+04	1.5128e+04	8.8241e-20	9.4042e-05	9.9991e-01	3.4877e-06	3.0362e-02	9.6963e-01	3.6678e-30	3.9712e-09	9.4125e-05	4.1140e-02	3.1907e-01	1.2785e-09	3.4358e-05	4.7798e-02	5.5537e-01	3.3510e-01	5.6926e-02	1.1755e-36	0.00e+00	0.00e+00	6.1151e-01
7.28569e+16	1.4796e+04	9.631e-16	1.2916e+04	1.5123e+04	8.6618e-20	9.3711e-05	9.9991e-01	3.9649e-06	3.4520e-02	9.6548e-01	4.5743e-30	4.4354e-09	1.0465e-04	4.5721e-02	3.3804e-01	1.4986e-09	4.0239e-05	5.5671e-02	5.6970e-01	3.1842e-01	5.1879e-02	1.2357e-36	0.00e+00	0.00e+00	6.3952e-01
7.63606e+16	1.4776e+04	9.744e-16	1.2916e+04	1.5119e+04	8.5278e-20	9.3421e-05	9.9991e-01	4.5340e-06	3.9445e-02	9.6055e-01	5.7443e-30	4.9532e-09	1.1614e-04	5.0680e-02	3.5763e-01	1.7609e-09	4.7225e-05	6.4898e-02	5.8248e-01	3.0150e-01	4.7209e-02	1.3664e-36	0.00e+00	0.00e+00	6.6497e-01
7.95509e+16	1.4750e+04	9.882e-16	1.2916e+04	1.5113e+04	8.4350e-20	9.3354e-05	9.9991e-01	5.2182e-06	4.5308e-02	9.5469e-01	7.2734e-30	5.5183e-09	1.2866e-04	5.5990e-02	3.7799e-01	2.0829e-09	5.5668e-05	7.5740e-02	5.9356e-01	2.8430e-01	4.2869e-02	1.5275e-36	0.00e+00	0.00e+00	6.8810e-01
8.24449e+16	1.4730e+04	1.004e-15	1.2916e+04	1.5103e+04	8.4296e-20	9.3423e-05	9.9991e-01	6.0321e-06	5.2242e-02	9.4775e-01	9.3467e-30	6.1305e-09	1.4210e-04	6.1580e-02	3.9884e-01	2.4751e-09	6.5808e-05	8.8379e-02	6.0256e-01	2.6702e-01	3.8857e-02	1.7666e-36	0.00e+00	0.00e+00	7.0904e-01
8.50655e+16	1.4712e+04	1.021e-15	1.2916e+04	1.5093e+04	8.4176e-20	9.3519e-05	9.9991e-01	6.9979e-06	6.0436e-02	9.3956e-01	1.1937e-29	6.7833e-09	1.5622e-04	6.7435e-02	4.2010e-01	2.9356e-09	7.7667e-05	1.0305e-01	6.0924e-01	2.4970e-01	3.5135e-02	2.0358e-36	0.00e+00	0.00e+00	7.2804e-01
8.74418e+16	1.4698e+04	1.040e-15	1.2916e+04	1.5082e+04	8.4182e-20	9.3673e-05	9.9991e-01	8.1504e-06	7.0145e-02	9.2985e-01	1.5242e-29	7.4724e-09	1.7106e-04	7.3504e-02	4.4171e-01	3.4861e-09	9.1721e-05	1.2005e-01	6.1335e-01	2.3234e-01	3.1666e-02	2.3588e-36	0.00e+00	0.00e+00	7.4531e-01
8.95981e+16	1.4674e+04	1.063e-15	1.2916e+04	1.5073e+04	8.3787e-20	9.3635e-05	9.9991e-01	9.4974e-06	8.1603e-02	9.1839e-01	1.8792e-29	8.1597e-09	1.8535e-04	7.9700e-02	4.6364e-01	4.0571e-09	1.0673e-04	1.3958e-01	6.1467e-01	2.1497e-01	2.8428e-02	2.6450e-36	0.00e+00	0.00e+00	7.6097e-01
9.15600e+16	1.4666e+04	1.085e-15	1.2916e+04	1.5053e+04	8.4351e-20	9.4195e-05	9.9991e-01	1.1153e-05	9.5296e-02	9.0469e-01	2.4468e-29	8.9376e-09	2.0222e-04	8.6073e-02	4.8572e-01	4.9029e-09	1.2743e-04	1.6226e-01	6.1262e-01	1.9760e-01	2.5397e-02	3.1511e-36	0.00e+00	0.00e+00	7.7535e-01
9.33418e+16	1.4630e+04	1.111e-15	1.2916e+04	1.5041e+04	8.4864e-20	9.4340e-05	9.9991e-01	1.3084e-05	1.1145e-01	8.8854e-01	3.0220e-29	9.6706e-09	2.1730e-04	9.2480e-02	5.0802e-01	5.7039e-09	1.4803e-04	1.8802e-01	6.0725e-01	1.8027e-01	2.2551e-02	3.6108e-36	0.00e+00	0.00e+00	7.8836e-01
9.49586e+16	1.4623e+04	1.135e-15	1.2916e+04	1.5015e+04	8.5624e-20	9.4972e-05	9.9991e-01	1.5388e-05	1.3044e-01	8.6954e-01	3.8730e-29	1.0463e-08	2.3442e-04	9.8807e-02	5.2993e-01	6.8423e-09	1.7546e-04	2.1714e-01	5.9791e-01	1.6330e-01	1.9921e-02	4.2900e-36	0.00e+00	0.00e+00	8.0030e-01
9.64346e+16	1.4586e+04	1.162e-15	1.2916e+04	1.4992e+04	8.6706e-20	9.5474e-05	9.9990e-01	1.8109e-05	1.5278e-01	8.4720e-01	4.8227e-29	1.1234e-08	2.5053e-04	1.0510e-01	5.5181e-01	8.0355e-09	2.0463e-04	2.4979e-01	5.8470e-01	1.4650e-01	1.7453e-02	5.0021e-36	0.00e+00	0.00e+00	8.1127e-01
9.77884e+16	1.4536e+04	1.190e-15	1.2916e+04	1.4970e+04	8.7996e-20	9.5912e-05	9.9990e-01	2.1287e-05	1.7882e-01	8.2116e-01	5.8638e-29	1.1976e-08	2.6555e-04	1.1128e-01	5.7337e-01	9.2732e-09	2.3527e-04	2.8591e-01	5.6745e-01	1.3008e-01	1.5158e-02	5.7514e-36	0.00e+00	0.00e+00	8.2143e-01
9.90394e+16	1.4491e+04	1.215e-15	1.2916e+04	1.4931e+04	8.9405e-20	9.6841e-05	9.9990e-01	2.4986e-05	2.0915e-01	7.9082e-01	7.2837e-29	1.2734e-08	2.8213e-04	1.1719e-01	5.9440e-01	1.0949e-08	2.7436e-04	3.2561e-01	5.4584e-01	1.1423e-01	1.3046e-02	6.6984e-36	0.00e+00	0.00e+00	8.3093e-01
1.00203e+17	1.4430e+04	1.239e-15	1.2916e+04	1.4900e+04	9.1468e-20	9.7646e-05	9.9990e-01	2.9305e-05	2.4408e-01	7.5589e-01	8.8588e-29	1.3472e-08	2.9747e-04	1.2300e-01	6.1484e-01	1.2660e-08	3.1465e-04	3.6854e-01	5.2023e-01	9.8972e-02	1.1097e-02	7.7752e-36	0.00e+00	0.00e+00	8.3987e-01
1.01288e+17	1.4355e+04	1.259e-15	1.2916e+04	1.4850e+04	9.3873e-20	9.8566e-05	9.9990e-01	3.4139e-05	2.8352e-01	7.1645e-01	1.0624e-28	1.4146e-08	3.1171e-04	1.2833e-01	6.3444e-01	1.4525e-08	3.5789e-04	4.1380e-01	4.9108e-01	8.4711e-02	9.3508e-03	8.9452e-36	0.00e+00	0.00e+00	8.4829e-01
1.02309e+17	1.4259e+04	1.275e-15	1.2916e+04	1.4794e+04	9.6834e-20	9.9587e-05	9.9990e-01	3.9549e-05	3.2741e-01	6.7255e-01	1.2588e-28	1.4789e-08	3.2520e-04	1.3338e-01	6.5303e-01	1.6509e-08	4.0325e-04	4.6075e-01	4.5895e-01	7.1517e-02	7.7934e-03	1.0225e-35	0.00e+00	0.00e+00	8.5637e-01
1.03287e+17	1.4141e+04	1.284e-15	1.2916e+04	1.4740e+04	1.0064e-19	1.0083e-04	9.9990e-01	4.5620e-05	3.7587e-01	6.2408e-01	1.4835e-28	1.5416e-08	3.3848e-04	1.3819e-01	6.7061e-01	1.8654e-08	4.5112e-04	5.0901e-01	4.2424e-01	5.9415e-02	6.4085e-03	1.1687e-35	0.00e+00	0.00e+00	8.6426e-01
1.04231e+17	1.4001e+04	1.287e-15	1.2916e+04	1.4682e+04	1.0526e-19	1.0225e-04	9.9990e-01	5.2245e-05	4.2808e-01	5.7187e-01	1.7319e-28	1.6017e-08	3.5125e-04	1.4270e-01	6.8697e-01	2.0911e-08	5.0026e-04	5.5741e-01	3.8790e-01	4.8605e-02	5.2075e-03	1.3286e-35	0.00e+00	0.00e+00	8.7201e-01
1.05153e+17	1.3836e+04	1.281e-15	1.2916e+04	1.4621e+04	1.1067e-19	1.0386e-04	9.9990e-01	5.9307e-05	4.8283e-01	5.1711e-01	1.9996e-28	1.6597e-08	3.6357e-04	1.4691e-01	7.0192e-01	2.3249e-08	5.4972e-04	6.0481e-01	3.5096e-01	3.9187e-02	4.1876e-03	1.4942e-35	0.00e+00	0.00e+00	8.7976e-01
1.06205e+17	1.3612e+04	1.262e-15	1.2916e+04	1.4551e+04	1.1856e-19	1.0605e-04	9.9989e-01	6.7800e-05	5.4670e-01	4.5323e-01	2.3479e-28	1.7282e-08	3.7788e-04	1.5150e-01	7.1724e-01	2.6055e-08	6.0658e-04	6.5680e-01	3.0908e-01	3.0070e-02	3.2199e-03	1.7085e-35	0.00e+00	0.00e+00	8.9003e-01
1.07326e+17	1.3351e+04	1.232e-15	1.2916e+04	1.4476e+04	1.2775e-19	1.0848e-04	9.9989e-01	7.6945e-05	6.1414e-01	3.8578e-01	2.7191e-28	1.7971e-08	3.9223e-04	1.5597e-01	7.3111e-01	2.8981e-08	6.6379e-04	7.0774e-01	2.6660e-01	2.2407e-02	2.4249e-03	1.9143e-35	0.00e+00	0.00e+00	8.9936e-01
1.08310e+17	1.3103e+04	1.197e-15	1.2916e+04	1.4414e+04	1.3765e-19	1.1077e-04	9.9989e-01	8.4728e-05	6.6951e-01	3.3040e-01	3.0733e-28	1.8586e-08	4.0479e-04	1.5965e-01	7.4117e-01	3.1500e-08	7.1074e-04	7.4750e-01	2.3254e-01	1.7238e-02	1.8934e-03	2.1149e-35	0.00e+00	0.00e+00	9.0762e-01
1.09363e+17	1.2827e+04	1.155e-15	1.2916e+04	1.4356e+04	1.4936e-19	1.1344e-04	9.9989e-01	9.2531e-05	7.2188e-01	2.7803e-01	3.4721e-28	1.9308e-08	4.1887e-04	1.6346e-01	7.4967e-01	3.4174e-08	7.5763e-04	7.8418e-01	2.0041e-01	1.3098e-02	1.4655e-03	2.3145e-35	0.00e+00	0.00e+00	9.1863e-01
1.10731e+17	1.2482e+04	1.098e-15	1.2916e+04	1.4293e+04	1.6688e-19	1.1687e-04	9.9988e-01	1.0145e-04	7.7839e-01	2.2151e-01	4.0222e-28	2.0264e-08	4.3685e-04	1.6808e-01	7.5762e-01	3.7383e-08	8.1061e-04	8.2273e-01	1.6588e-01	9.4329e-03	1.0813e-03	2.6018e-35	0.00e+00	0.00e+00	9.3337e-01
1.12161e+17	1.2162e+04	1.044e-15	1.2916e+04	1.4242e+04	1.8516e-19	1.2008e-04	9.9988e-01	1.0912e-04	8.2452e-01	1.7537e-01	4.5455e-28	2.1192e-08	4.5387e-04	1.7236e-01	7.6312e-01	4.0233e-08	8.5521e-04	8.5343e-01	1.3782e-01	7.0279e-03	8.2111e-04	2.8489e-35	0.00e+00	0.00e+00	9.4623e-01
1.13341e+17	1.1928e+04	1.003e-15	1.2916e+04	1.4208e+04	2.0013e-19	1.2251e-04	9.9988e-01	1.1430e-04	8.5376e-01	1.4613e-01	4.9488e-28	2.1927e-08	4.6693e-04	1.7555e-01	7.6608e-01	4.2286e-08	8.8561e-04	8.7289e-01	1.1978e-01	5.7363e-03	6.7436e-04	3.0245e-35	0.00e+00	0.00e+00	9.5669e-01
1.14545e+17	1.1709e+04	9.655e-16	1.2916e+04	1.4181e+04	2.1646e-19	1.2501e-04	9.9988e-01	1.1896e-04	8.7771e-01	1.2217e-01	5.3927e-28	2.2725e-08	4.8057e-04	1.7872e-01	7.6805e-01	4.4331e-08	9.1414e-04	8.8935e-01	1.0436e-01	4.7947e-03	5.6061e-04	3.2197e-35	0.00e+00	0.00e+00	9.7056e-01
1.16110e+17	1.1465e+04	9.238e-16	1.2916e+04	1.4155e+04	2.3695e-19	1.2797e-04	9.9987e-01	1.2391e-04	9.0155e-01	9.8330e-02	5.9332e-28	2.3701e-08	4.9688e-04	1.8244e-01	7.6952e-01	4.6672e-08	9.4511e-04	9.0596e-01	8.8637e-02	3.9816e-03	4.5498e-04	3.4451e-35	0.00e+00	0.00e+00	9.8902e-01
1.18144e+17	1.1209e+04	8.802e-16	1.2916e+04	1.4131e+04	2.6185e-19	1.3138e-04	9.9987e-01	1.2894e-04	9.2378e-01	7.6088e-02	6.5692e-28	2.4860e-08	5.1570e-04	1.8666e-01	7.7031e-01	4.9270e-08	9.7736e-04	9.2186e-01	7.3452e-02	3.3307e-03	3.6162e-04	3.6931e-35	0.00e+00	0.00e+00	1.0137e+00
1.20788e+17	1.0953e+04	8.372e-16	1.2916e+04	1.4109e+04	2.8930e-19	1.3520e-04	9.9986e-01	1.3379e-04	9.4314e-01	5.6731e-02	7.2491e-28	2.6189e-08	5.3665e-04	1.9128e-01	7.7031e-01	5.2063e-08	1.0094e-03	9.3623e-01	5.9620e-02	2.8463e-03	2.8292e-04	3.8991e-35	0.00e+00	0.00e+00	1.0466e+00
1.24207e+17	1.0716e+04	7.978e-16	1.2916e+04	1.4091e+04	3.2132e-19	1.3939e-04	9.9986e-01	1.3825e-04	9.5883e-01	4.1033e-02	8.0252e-28	2.7658e-08	5.5902e-04	1.9615e-01	7.6954e-01	5.4981e-08	1.0398e-03	9.4846e-01	4.7763e-02	2.5066e-03	2.1945e-04	4.1549e-35	0.00e+00	0.00e+00	1.0904e+00
1.28631e+17	1.0506e+04	7.636e-16	1.2916e+04	1.4077e+04	3.5584e-19	1.4405e-04	9.9986e-01	1.4224e-04	9.7091e-01	2.8947e-02	8.8582e-28	2.9275e-08	5.8260e-04	2.0120e-01	7.6807e-01	5.8050e-08	1.0680e-03	9.5851e-01	3.7976e-02	2.2719e-03	1.6936e-04	4.4098e-35	0.00e+00	0.00e+00	1.1491e+00
1.34382e+17	1.0333e+04	7.357e-16	1.2916e+04	1.4067e+04	3.8963e-19	1.4941e-04	9.9985e-01	1.4578e-04	9.7984e-01	2.0014e-02	9.6927e-28	3.1064e-08	6.0740e-04	2.0645e-01	7.6597e-01	6.1348e-08	1.0938e-03	9.6647e-01	3.0194e-02	2.1059e-03	1.3068e-04	4.5950e-35	0.00e+00	0.00e+00	1.2283e+00
1.41859e+17	1.0216e+04	7.141e-16	1.2916e+04	1.4060e+04	4.2291e-19	1.5566e-04	9.9984e-01	1.4891e-04	9.8619e-01	1.3663e-02	1.0587e-27	3.3026e-08	6.3275e-04	2.1176e-01	7.6346e-01	6.4954e-08	1.1165e-03	9.7260e-01	2.4196e-02	1.9813e-03	1.0136e-04	4.8022e-35	0.00e+00	0.00e+00	1.3356e+00
1.51579e+17	1.0116e+04	7.008e-16	1.2916e+04	1.4055e+04	4.6003e-19	1.6398e-04	9.9984e-01	1.5206e-04	9.9061e-01	9.2426e-03	1.1653e-27	3.5512e-08	6.6294e-04	2.1786e-01	7.5998e-01	6.9510e-08	1.1397e-03	9.7729e-01	1.9614e-02	1.8733e-03	7.9073e-05	4.9880e-35	0.00e+00	0.00e+00	1.4826e+00
1.64215e+17	1.0078e+04	6.948e-16	1.2916e+04	1.4051e+04	5.0817e-19	1.7524e-04	9.9982e-01	1.5552e-04	9.9359e-01	6.2576e-03	1.3247e-27	3.8635e-08	6.9811e-04	2.2474e-01	7.5557e-01	7.5466e-08	1.1630e-03	9.8084e-01	1.6161e-02	1.7720e-03	6.2168e-05	5.4781e-35	0.00e+00	0.00e+00	1.6867e+00
1.79925e+17	1.0108e+04	6.969e-16	1.2916e+04	1.4049e+04	5.6078e-19	1.9055e-04	9.9981e-01	1.5927e-04	9.9550e-01	4.3400e-03	1.5309e-27	4.2518e-08	7.3817e-04	2.3220e-01	7.5041e-01	8.3374e-08	1.1864e-03	9.8342e-01	1.3662e-02	1.6734e-03	4.9694e-05	6.1040e-35	0.00e+00	0.00e+00	1.9530e+00
1.97918e+17	1.0175e+04	7.090e-16	1.2916e+04	1.4047e+04	6.3578e-19	2.1160e-04	9.9979e-01	1.6377e-04	9.9668e-01	3.1535e-03	1.8500e-27	4.7514e-08	7.8686e-04	2.4064e-01	7.4402e-01	9.4371e-08	1.2136e-03	9.8528e-01	1.1889e-02	1.5775e-03	4.0600e-05	7.2134e-35	0.00e+00	0.00e+00	2.2783e+00
2.17709e+17	1.0305e+04	7.296e-16	1.2916e+04	1.4046e+04	7.3153e-19	2.3999e-04	9.9976e-01	1.6953e-04	9.9743e-01	2.4004e-03	2.3402e-27	5.3844e-08	8.4496e-04	2.4979e-01	7.3667e-01	1.0981e-07	1.2455e-03	9.8667e-01	1.0562e-02	1.4862e-03	3.3662e-05	8.9750e-35	0.00e+00	0.00e+00	2.6841e+00
2.39480e+17	1.0506e+04	7.593e-16	1.2916e+04	1.4045e+04	8.8012e-19	2.7941e-04	9.9972e-01	1.7707e-04	9.9793e-01	1.8928e-03	3.2227e-27	6.2065e-08	9.1760e-04	2.6006e-01	7.2798e-01	1.3276e-07	1.2857e-03	9.8779e-01	9.4989e-03	1.3982e-03	2.8037e-05	1.2675e-34	0.00e+00	0.00e+00	3.2037e+00
2.61298e+17	1.0731e+04	7.998e-16	1.2916e+04	1.4044e+04	1.0874e-18	3.3240e-04	9.9967e-01	1.8588e-04	9.9825e-01	1.5628e-03	4.6958e-27	7.2333e-08	1.0065e-03	2.7133e-01	7.1799e-01	1.6648e-07	1.3379e-03	9.8862e-01	8.6941e-03	1.3212e-03	2.3733e-05	1.8912e-34	0.00e+00	0.00e+00	3.7683e+00
2.81569e+17	1.0985e+04	8.440e-16	1.2916e+04	1.4042e+04	1.3692e-18	3.9726e-04	9.9960e-01	1.9683e-04	9.9846e-01	1.3452e-03	7.2098e-27	8.4395e-08	1.1103e-03	2.8302e-01	7.0728e-01	2.1327e-07	1.4009e-03	9.8927e-01	8.0530e-03	1.2568e-03	2.0381e-05	3.0387e-34	0.00e+00	0.00e+00	4.4068e+00
3.00146e+17	1.1244e+04	8.909e-16	1.2916e+04	1.4041e+04	1.7452e-18	4.7539e-04	9.9952e-01	2.0929e-04	9.9860e-01	1.1941e-03	1.1491e-26	9.8397e-08	1.2320e-03	2.9535e-01	6.9571e-01	2.7811e-07	1.4779e-03	9.8978e-01	7.5231e-03	1.2035e-03	1.7705e-05	5.1068e-34	0.00e+00	0.00e+00	5.0829e+00
3.16163e+17	1.1483e+04	9.359e-16	1.2916e+04	1.4040e+04	2.2341e-18	5.6263e-04	9.9944e-01	2.2261e-04	9.9869e-01	1.0892e-03	1.8523e-26	1.1377e-07	1.3675e-03	3.0781e-01	6.8380e-01	3.6242e-07	1.5662e-03	9.9017e-01	7.0849e-03	1.1611e-03	1.5603e-05	8.7942e-34	0.00e+00	0.00e+00	5.7523e+00
3.29657e+17	1.1689e+04	9.764e-16	1.2916e+04	1.4038e+04	2.7987e-18	6.5472e-04	9.9935e-01	2.3675e-04	9.9875e-01	1.0136e-03	2.9176e-26	1.3018e-07	1.5139e-03	3.2016e-01	6.7186e-01	4.6630e-07	1.6631e-03	9.9048e-01	6.7088e-03	1.1270e-03	1.3921e-05	1.4544e-33	0.00e+00	0.00e+00	6.4139e+00
3.41446e+17	1.1870e+04	1.013e-15	1.2916e+04	1.4037e+04	3.4505e-18	7.5266e-04	9.9925e-01	2.5178e-04	9.9879e-01	9.5469e-04	4.5267e-26	1.4804e-07	1.6749e-03	3.3275e-01	6.5957e-01	5.9478e-07	1.7700e-03	9.9076e-01	6.3623e-03	1.0977e-03	1.2491e-05	2.3341e-33	0.00e+00	0.00e+00	7.1002e+00
3.52301e+17	1.2028e+04	1.048e-15	1.2916e+04	1.4036e+04	4.3836e-18	8.6128e-04	9.9914e-01	2.6831e-04	9.9883e-01	9.0441e-04	7.2404e-26	1.6843e-07	1.8599e-03	3.4622e-01	6.4634e-01	7.5992e-07	1.8926e-03	9.9099e-01	6.0279e-03	1.0710e-03	1.1207e-05	4.0160e-33	0.00e+00	0.00e+00	7.8396e+00
3.62510e+17	1.2182e+04	1.082e-15	1.2916e+04	1.4034e+04	5.3624e-18	9.8406e-04	9.9902e-01	2.8699e-04	9.9885e-01	8.6046e-04	1.1394e-25	1.9210e-07	2.0762e-03	3.6071e-01	6.3202e-01	9.7815e-07	2.0374e-03	9.9121e-01	5.6951e-03	1.0467e-03	1.0027e-05	6.3773e-33	0.00e+00	0.00e+00	8.6330e+00
3.71984e+17	1.2329e+04	1.114e-15	1.2916e+04	1.4032e+04	6.4472e-18	1.1211e-03	9.9888e-01	3.0803e-04	9.9887e-01	8.2273e-04	1.7863e-25	2.1921e-07	2.3260e-03	3.7606e-01	6.1677e-01	1.2643e-06	2.2062e-03	9.9138e-01	5.3756e-03	1.0249e-03	8.9665e-06	9.8092e-33	0.00e+00	0.00e+00	9.4610e+00
3.80632e+17	1.2444e+04	1.145e-15	1.2916e+04	1.4030e+04	8.1880e-18	1.2724e-03	9.9873e-01	3.3117e-04	9.9888e-01	7.8993e-04	2.9237e-25	2.5040e-07	2.6126e-03	3.9229e-01	6.0058e-01	1.6334e-06	2.3998e-03	9.9153e-01	5.0542e-03	1.0046e-03	7.9957e-06	1.6935e-32	0.00e+00	0.00e+00	1.0315e+01
3.88534e+17	1.2556e+04	1.173e-15	1.2916e+04	1.4028e+04	1.0031e-17	1.4350e-03	9.9856e-01	3.5661e-04	9.9888e-01	7.6282e-04	4.6517e-25	2.8541e-07	2.9334e-03	4.0898e-01	5.8386e-01	2.1013e-06	2.6182e-03	9.9162e-01	4.7652e-03	9.8662e-04	7.1556e-06	2.7180e-32	0.00e+00	0.00e+00	1.1201e+01
3.95901e+17	1.2669e+04	1.199e-15	1.2916e+04	1.4026e+04	1.2351e-17	1.6157e-03	9.9838e-01	3.8425e-04	9.9888e-01	7.3830e-04	7.4896e-25	3.2541e-07	3.3027e-03	4.2658e-01	5.6617e-01	2.7118e-06	2.8714e-03	9.9167e-01	4.4776e-03	9.7024e-04	6.3822e-06	4.4410e-32	0.00e+00	0.00e+00	1.2145e+01
4.02879e+17	1.2770e+04	1.225e-15	1.2916e+04	1.4023e+04	1.5055e-17	1.8199e-03	9.9818e-01	4.1574e-04	9.9887e-01	7.1495e-04	1.2095e-24	3.7240e-07	3.7366e-03	4.4545e-01	5.4713e-01	3.5256e-06	3.1716e-03	9.9167e-01	4.1911e-03	9.5456e-04	5.6639e-06	7.0916e-32	0.00e+00	0.00e+00	1.3152e+01
4.09436e+17	1.2863e+04	1.250e-15	1.2916e+04	1.4020e+04	1.8533e-17	2.0493e-03	9.9795e-01	4.5131e-04	9.9886e-01	6.9359e-04	1.9854e-24	4.2727e-07	4.2429e-03	4.6544e-01	5.2689e-01	4.6102e-06	3.5268e-03	9.9161e-01	3.9112e-03	9.3986e-04	5.0073e-06	1.1594e-31	0.00e+00	0.00e+00	1.4209e+01
4.15518e+17	1.2945e+04	1.274e-15	1.2916e+04	1.4017e+04	2.2771e-17	2.3041e-03	9.9770e-01	4.9104e-04	9.9883e-01	6.7476e-04	3.2689e-24	4.9064e-07	4.8274e-03	4.8630e-01	5.0567e-01	6.0441e-06	3.9433e-03	9.9148e-01	3.6410e-03	9.2607e-04	4.4150e-06	1.8880e-31	0.00e+00	0.00e+00	1.5306e+01
4.21154e+17	1.3015e+04	1.297e-15	1.2916e+04	1.4013e+04	2.8002e-17	2.5865e-03	9.9741e-01	5.3534e-04	9.9881e-01	6.5799e-04	5.4027e-24	5.6370e-07	5.5005e-03	5.0796e-01	4.8357e-01	7.9389e-06	4.4314e-03	9.9126e-01	3.3805e-03	9.1300e-04	3.8819e-06	3.0788e-31	0.00e+00	0.00e+00	1.6451e+01
4.26358e+17	1.3078e+04	1.319e-15	1.2916e+04	1.4009e+04	3.4432e-17	2.8981e-03	9.9710e-01	5.8456e-04	9.9877e-01	6.4282e-04	8.9464e-24	6.4759e-07	6.2711e-03	5.3019e-01	4.6077e-01	1.0439e-05	5.0031e-03	9.9095e-01	3.1321e-03	9.0073e-04	3.4065e-06	5.0248e-31	0.00e+00	0.00e+00	1.7628e+01
4.31090e+17	1.3135e+04	1.339e-15	1.2916e+04	1.4005e+04	4.2208e-17	3.2361e-03	9.9676e-01	6.3830e-04	9.9873e-01	6.3006e-04	1.4727e-23	7.4207e-07	7.1372e-03	5.5253e-01	4.3777e-01	1.3684e-05	5.6629e-03	9.9053e-01	2.9005e-03	8.8935e-04	2.9908e-06	8.1521e-31	0.00e+00	0.00e+00	1.8811e+01
4.35357e+17	1.3183e+04	1.357e-15	1.2916e+04	1.4000e+04	5.1406e-17	3.5977e-03	9.9640e-01	6.9618e-04	9.9868e-01	6.1997e-04	2.3933e-23	8.4682e-07	8.0958e-03	5.7460e-01	4.1491e-01	1.7825e-05	6.4141e-03	9.9000e-01	2.6872e-03	8.7876e-04	2.6309e-06	1.3035e-30	0.00e+00	0.00e+00	1.9999e+01
4.39238e+17	1.3222e+04	1.374e-15	1.2916e+04	1.3995e+04	6.2380e-17	3.9861e-03	9.9601e-01	7.5878e-04	9.9863e-01	6.1144e-04	3.8535e-23	9.6319e-07	9.1578e-03	5.9643e-01	3.9219e-01	2.3108e-05	7.2717e-03	9.8934e-01	2.4891e-03	8.6865e-04	2.3168e-06	2.0647e-30	0.00e+00	0.00e+00	2.1206e+01
4.42820e+17	1.3252e+04	1.390e-15	1.2916e+04	1.3990e+04	7.5686e-17	4.4090e-03	9.9559e-01	8.2742e-04	9.9857e-01	6.0317e-04	6.1891e-23	1.0939e-06	1.0347e-02	6.1818e-01	3.6940e-01	2.9926e-05	8.2640e-03	9.8854e-01	2.3026e-03	8.5876e-04	2.0387e-06	3.2631e-30	0.00e+00	0.00e+00	2.2445e+01
4.46144e+17	1.3275e+04	1.405e-15	1.2916e+04	1.3984e+04	9.1913e-17	4.8727e-03	9.9513e-01	9.0319e-04	9.9850e-01	5.9498e-04	9.9456e-23	1.2415e-06	1.1683e-02	6.3983e-01	3.4656e-01	3.8789e-05	9.4218e-03	9.8756e-01	2.1263e-03	8.4898e-04	1.7912e-06	5.1609e-30	0.00e+00	0.00e+00	2.3716e+01
4.48608e+17	1.3292e+04	1.417e-15	1.2916e+04	1.3978e+04	1.0751e-16	5.2959e-03	9.9470e-01	9.7268e-04	9.9844e-01	5.9012e-04	1.4731e-22	1.3770e-06	1.2910e-02	6.5685e-01	3.2843e-01	4.8321e-05	1.0557e-02	9.8656e-01	1.9925e-03	8.4177e-04	1.6107e-06	7.4938e-30	0.00e+00	0.00e+00	2.4463e+01
4.50038e+17	1.3303e+04	1.423e-15	1.2916e+04	1.3973e+04	1.1714e-16	5.5641e-03	9.9444e-01	1.0174e-03	9.9837e-01	6.1733e-04	1.8557e-22	1.4649e-06	1.3712e-02	6.6712e-01	3.1742e-01	5.5134e-05	1.1313e-02	9.8587e-01	1.9194e-03	8.3747e-04	1.5130e-06	9.2285e-30	0.00e+00	0.00e+00	2.4976e+01
4.51341e+17	1.3307e+04	1.428e-15	1.2916e+04	1.3969e+04	1.2775e-16	5.8118e-03	9.9419e-01	1.0591e-03	9.9830e-01	6.3612e-04	2.2924e-22	1.5492e-06	1.4472e-02	6.7675e-01	3.0709e-01	6.1881e-05	1.2020e-02	9.8523e-01	1.8519e-03	8.3293e-04	1.4276e-06	1.1311e-29	0.00e+00	0.00e+00	2.5674e+01
4.53035e+17	1.3304e+04	1.436e-15	1.2916e+04	1.3965e+04	1.4469e-16	6.1624e-03	9.9384e-01	1.1182e-03	9.9826e-01	6.2650e-04	3.0598e-22	1.6706e-06	1.5555e-02	6.8953e-01	2.9331e-01	7.2289e-05	1.3050e-02	9.8429e-01	1.7588e-03	8.2657e-04	1.3169e-06	1.5083e-29	0.00e+00	0.00e+00	2.6636e+01
4.54916e+17	1.3303e+04	1.446e-15	1.2916e+04	1.3960e+04	1.6725e-16	6.6117e-03	9.9339e-01	1.1936e-03	9.9820e-01	6.0376e-04	4.3140e-22	1.8265e-06	1.6938e-02	7.0410e-01	2.7744e-01	8.7264e-05	1.4435e-02	9.8300e-01	1.6523e-03	8.1937e-04	1.1952e-06	2.1140e-29	0.00e+00	0.00e+00	2.7633e+01
4.56565e+17	1.3319e+04	1.453e-15	1.2916e+04	1.3951e+04	1.8685e-16	7.0639e-03	9.9294e-01	1.2694e-03	9.9813e-01	5.9577e-04	5.8715e-22	1.9816e-06	1.8335e-02	7.1722e-01	2.6300e-01	1.0440e-04	1.5912e-02	9.8161e-01	1.5606e-03	8.1347e-04	1.0929e-06	2.7768e-29	0.00e+00	0.00e+00	2.8467e+01
4.57891e+17	1.3308e+04	1.460e-15	1.2916e+04	1.3947e+04	2.1272e-16	7.4711e-03	9.9253e-01	1.3379e-03	9.9806e-01	6.0094e-04	7.7906e-22	2.1241e-06	1.9607e-02	7.2811e-01	2.5090e-01	1.2145e-04	1.7283e-02	9.8030e-01	1.4863e-03	8.0754e-04	1.0122e-06	3.7286e-29	0.00e+00	0.00e+00	2.9199e+01
4.59273e+17	1.3298e+04	1.467e-15	1.2916e+04	1.3942e+04	2.3964e-16	7.9099e-03	9.9209e-01	1.4135e-03	9.9798e-01	6.0507e-04	1.0325e-21	2.2847e-06	2.1018e-02	7.3954e-01	2.3813e-01	1.4180e-04	1.8820e-02	9.7882e-01	1.4123e-03	8.0107e-04	9.3469e-07	4.9113e-29	0.00e+00	0.00e+00	3.0207e+01
4.60682e+17	1.3292e+04	1.474e-15	1.2916e+04	1.3936e+04	2.7649e-16	8.4382e-03	9.9156e-01	1.5032e-03	9.9791e-01	5.8940e-04	1.4269e-21	2.4740e-06	2.2687e-02	7.5134e-01	2.2472e-01	1.6915e-04	2.0758e-02	9.7695e-01	1.3317e-03	7.9427e-04	8.5408e-07	6.8358e-29	0.00e+00	0.00e+00	3.1072e+01
4.61754e+17	1.3296e+04	1.479e-15	1.2916e+04	1.3927e+04	3.0247e-16	8.8902e-03	9.9111e-01	1.5803e-03	9.9783e-01	5.9143e-04	1.8229e-21	2.6351e-06	2.4120e-02	7.6043e-01	2.1425e-01	1.9530e-04	2.2502e-02	9.7524e-01	1.2713e-03	7.8921e-04	7.9493e-07	8.5043e-29	0.00e+00	0.00e+00	3.1714e+01
4.62590e+17	1.3282e+04	1.484e-15	1.2916e+04	1.3923e+04	3.3299e-16	9.2672e-03	9.9073e-01	1.6449e-03	9.9776e-01	5.9953e-04	2.2486e-21	2.7715e-06	2.5331e-02	7.6760e-01	2.0591e-01	2.1881e-04	2.3986e-02	9.7379e-01	1.2245e-03	7.8440e-04	7.5011e-07	1.0566e-28	0.00e+00	0.00e+00	3.2307e+01
4.63491e+17	1.3267e+04	1.489e-15	1.2916e+04	1.3918e+04	3.6579e-16	9.6824e-03	9.9032e-01	1.7177e-03	9.9768e-01	6.0266e-04	2.7946e-21	2.9276e-06	2.6691e-02	7.7529e-01	1.9690e-01	2.4677e-04	2.5670e-02	9.7213e-01	1.1762e-03	7.7900e-04	7.0495e-07	1.3091e-28	0.00e+00	0.00e+00	3.3111e+01
4.64663e+17	1.3252e+04	1.495e-15	1.2916e+04	1.3912e+04	4.1878e-16	1.0276e-02	9.8972e-01	1.8205e-03	9.9759e-01	5.9231e-04	3.7731e-21	3.1489e-06	2.8621e-02	7.8526e-01	1.8506e-01	2.9052e-04	2.8158e-02	9.6967e-01	1.1110e-03	7.7171e-04	6.4716e-07	1.7830e-28	0.00e+00	0.00e+00	3.4221e+01
4.65831e+17	1.3235e+04	1.503e-15	1.2916e+04	1.3904e+04	4.8248e-16	1.0986e-02	9.8901e-01	1.9425e-03	9.9748e-01	5.7323e-04	5.2360e-21	3.4091e-06	3.0887e-02	7.9519e-01	1.7293e-01	3.4919e-04	3.1275e-02	9.6657e-01	1.0425e-03	7.6371e-04	5.8836e-07	2.4684e-28	0.00e+00	0.00e+00	3.5125e+01
4.66677e+17	1.3237e+04	1.506e-15	1.2916e+04	1.3892e+04	5.2821e-16	1.1559e-02	9.8844e-01	2.0422e-03	9.9738e-01	5.7443e-04	6.6597e-21	3.6181e-06	3.2729e-02	8.0229e-01	1.6403e-01	4.0241e-04	3.3942e-02	9.6390e-01	9.9449e-04	7.5810e-04	5.4787e-07	3.0718e-28	0.00e+00	0.00e+00	3.5770e+01
4.67328e+17	1.3217e+04	1.510e-15	1.2916e+04	1.3886e+04	5.8005e-16	1.2030e-02	9.8797e-01	2.1241e-03	9.9730e-01	5.8036e-04	8.1438e-21	3.7910e-06	3.4257e-02	8.0774e-01	1.5709e-01	4.4922e-04	3.6161e-02	9.6168e-01	9.5778e-04	7.5276e-04	5.1752e-07	3.7847e-28	0.00e+00	0.00e+00	3.6375e+01
4.68037e+17	1.3202e+04	1.514e-15	1.2916e+04	1.3879e+04	6.3538e-16	1.2552e-02	9.8745e-01	2.2168e-03	9.9720e-01	5.8222e-04	1.0049e-20	3.9895e-06	3.5975e-02	8.1354e-01	1.4960e-01	5.0541e-04	3.8710e-02	9.5912e-01	9.1933e-04	7.4695e-04	4.8669e-07	4.6596e-28	0.00e+00	0.00e+00	3.7196e+01
4.68959e+17	1.3180e+04	1.520e-15	1.2916e+04	1.3870e+04	7.2199e-16	1.3299e-02	9.8670e-01	2.3480e-03	9.9708e-01	5.7419e-04	1.3387e-20	4.2699e-06	3.8409e-02	8.2092e-01	1.3983e-01	5.9285e-04	4.2459e-02	9.5534e-01	8.6842e-04	7.3879e-04	4.4738e-07	6.2249e-28	0.00e+00	0.00e+00	3.8326e+01
4.69893e+17	1.3148e+04	1.527e-15	1.2916e+04	1.3862e+04	8.3549e-16	1.4202e-02	9.8580e-01	2.5071e-03	9.9693e-01	5.5843e-04	1.8505e-20	4.6078e-06	4.1308e-02	8.2815e-01	1.2975e-01	7.1080e-04	4.7185e-02	9.5056e-01	8.1468e-04	7.2916e-04	4.0675e-07	8.6382e-28	0.00e+00	0.00e+00	3.9281e+01
4.70595e+17	1.3145e+04	1.530e-15	1.2916e+04	1.3848e+04	9.1673e-16	1.4958e-02	9.8504e-01	2.6418e-03	9.9680e-01	5.5650e-04	2.3614e-20	4.8883e-06	4.3738e-02	8.3335e-01	1.2215e-01	8.2187e-04	5.1383e-02	9.4630e-01	7.7458e-04	7.2207e-04	3.7752e-07	1.0787e-27	0.00e+00	0.00e+00	3.9986e+01
4.71141e+17	1.3110e+04	1.534e-15	1.2916e+04	1.3840e+04	1.0207e-15	1.5597e-02	9.8440e-01	2.7551e-03	9.9669e-01	5.5866e-04	2.9242e-20	5.1240e-06	4.5805e-02	8.3728e-01	1.1618e-01	9.2203e-04	5.4950e-02	9.4267e-01	7.4401e-04	7.1518e-04	3.5523e-07	1.3591e-27	0.00e+00	0.00e+00	4.0642e+01
4.71735e+17	1.3104e+04	1.536e-15	1.2916e+04	1.3830e+04	1.1137e-15	1.6291e-02	9.8371e-01	2.8818e-03	9.9656e-01	5.5890e-04	3.6135e-20	5.3930e-06	4.8080e-02	8.4133e-01	1.0989e-01	1.0414e-03	5.9038e-02	9.3850e-01	7.1207e-04	7.0837e-04	3.3318e-07	1.6679e-27	0.00e+00	0.00e+00	4.1532e+01
4.72506e+17	1.3071e+04	1.541e-15	1.2916e+04	1.3817e+04	1.2656e-15	1.7302e-02	9.8270e-01	3.0647e-03	9.9638e-01	5.5107e-04	4.8332e-20	5.7738e-06	5.1342e-02	8.4631e-01	1.0168e-01	1.2296e-03	6.5080e-02	9.3232e-01	6.6999e-04	6.9808e-04	3.0467e-07	2.2178e-27	0.00e+00	0.00e+00	4.2762e+01
4.73281e+17	1.3025e+04	1.549e-15	1.2916e+04	1.3806e+04	1.4976e-15	1.8536e-02	9.8146e-01	3.2827e-03	9.9618e-01	5.3663e-04	6.8214e-20	6.2244e-06	5.5249e-02	8.5083e-01	9.3296e-02	1.4853e-03	7.2711e-02	9.2449e-01	6.2545e-04	6.8555e-04	2.7508e-07	3.2023e-27	0.00e+00	0.00e+00	4.3790e+01
4.73857e+17	1.3014e+04	1.552e-15	1.2916e+04	1.3789e+04	1.6613e-15	1.9559e-02	9.8044e-01	3.4688e-03	9.9600e-01	5.3318e-04	8.7889e-20	6.6037e-06	5.8489e-02	8.5381e-01	8.7115e-02	1.7242e-03	7.9421e-02	9.1759e-01	5.9250e-04	6.7610e-04	2.5408e-07	4.0724e-27	0.00e+00	0.00e+00	4.4542e+01
4.74306e+17	1.2983e+04	1.554e-15	1.2916e+04	1.3778e+04	1.8316e-15	2.0406e-02	9.7959e-01	3.6241e-03	9.9584e-01	5.3334e-04	1.0821e-19	6.9169e-06	6.1209e-02	8.5587e-01	8.2359e-02	1.9375e-03	8.5079e-02	9.1175e-01	5.6784e-04	6.6769e-04	2.3844e-07	5.0351e-27	0.00e+00	0.00e+00	4.5249e+01
4.74795e+17	1.2966e+04	1.556e-15	1.2916e+04	1.3762e+04	2.0088e-15	2.1351e-02	9.7865e-01	3.8006e-03	9.9567e-01	5.3160e-04	1.3432e-19	7.2720e-06	6.4245e-02	8.5790e-01	7.7313e-02	2.1959e-03	9.1625e-02	9.0498e-01	5.4201e-04	6.5872e-04	2.2267e-07	6.2044e-27	0.00e+00	0.00e+00	4.6212e+01
4.75430e+17	1.2926e+04	1.561e-15	1.2916e+04	1.3745e+04	2.3042e-15	2.2731e-02	9.7727e-01	4.0556e-03	9.9542e-01	5.2392e-04	1.8137e-19	7.7891e-06	6.8611e-02	8.6008e-01	7.0796e-02	2.6051e-03	1.0132e-01	8.9492e-01	5.0789e-04	6.4527e-04	2.0229e-07	8.3747e-27	0.00e+00	0.00e+00	4.7543e+01
4.76077e+17	1.2881e+04	1.567e-15	1.2916e+04	1.3726e+04	2.7537e-15	2.4444e-02	9.7556e-01	4.3637e-03	9.9513e-01	5.1057e-04	2.5945e-19	8.4018e-06	7.3888e-02	8.6151e-01	6.4120e-02	3.1705e-03	1.1370e-01	8.8203e-01	4.7115e-04	6.2898e-04	1.8091e-07	1.2308e-26	0.00e+00	0.00e+00	4.8690e+01
4.76568e+17	1.2843e+04	1.570e-15	1.2916e+04	1.3709e+04	3.1166e-15	2.5919e-02	9.7408e-01	4.6390e-03	9.9486e-01	5.0469e-04	3.4152e-19	8.9447e-06	7.8471e-02	8.6197e-01	5.9111e-02	3.7155e-03	1.2481e-01	8.7042e-01	4.4363e-04	6.1500e-04	1.6518e-07	1.6111e-26	0.00e+00	0.00e+00	4.9550e+01
4.76959e+17	1.2832e+04	1.570e-15	1.2916e+04	1.3686e+04	3.4006e-15	2.7137e-02	9.7286e-01	4.8718e-03	9.9463e-01	5.0246e-04	4.2221e-19	9.3891e-06	8.2279e-02	8.6201e-01	5.5283e-02	4.2121e-03	1.3442e-01	8.6034e-01	4.2279e-04	6.0399e-04	1.5374e-07	1.9658e-26	0.00e+00	0.00e+00	5.0377e+01
4.77389e+17	1.2783e+04	1.574e-15	1.2916e+04	1.3669e+04	3.8933e-15	2.8606e-02	9.7139e-01	5.1452e-03	9.9436e-01	4.9795e-04	5.4701e-19	9.9166e-06	8.6808e-02	8.6168e-01	5.1098e-02	4.8448e-03	1.4582e-01	8.4835e-01	3.9990e-04	5.9008e-04	1.4131e-07	2.6029e-26	0.00e+00	0.00e+00	5.1510e+01
4.77948e+17	1.2734e+04	1.577e-15	1.2916e+04	1.3644e+04	4.5678e-15	3.0720e-02	9.6928e-01	5.5426e-03	9.9397e-01	4.8860e-04	7.6453e-19	1.0676e-05	9.3251e-02	8.6053e-01	4.5839e-02	5.8510e-03	1.6272e-01	8.3049e-01	3.7068e-04	5.7055e-04	1.2589e-07	3.6567e-26	0.00e+00	0.00e+00	5.3093e+01
4.78518e+17	1.2680e+04	1.582e-15	1.2916e+04	1.3610e+04	5.5192e-15	3.3401e-02	9.6660e-01	6.0403e-03	9.9349e-01	4.7424e-04	1.1272e-18	1.1602e-05	1.0116e-01	8.5799e-01	4.0498e-02	7.2764e-03	1.8448e-01	8.0736e-01	3.3912e-04	5.4656e-04	1.0972e-07	5.4516e-26	0.00e+00	0.00e+00	5.4481e+01
4.78958e+17	1.2629e+04	1.585e-15	1.2916e+04	1.3584e+04	6.4476e-15	3.5810e-02	9.6419e-01	6.4992e-03	9.9304e-01	4.6558e-04	1.5512e-18	1.2449e-05	1.0828e-01	8.5493e-01	3.6466e-02	8.7085e-03	2.0444e-01	7.8601e-01	3.1486e-04	5.2520e-04	9.7596e-08	7.5385e-26	0.00e+00	0.00e+00	5.5560e+01
4.79318e+17	1.2606e+04	1.584e-15	1.2916e+04	1.3543e+04	7.2222e-15	3.7889e-02	9.6211e-01	6.9046e-03	9.9264e-01	4.6004e-04	1.9959e-18	1.3149e-05	1.1442e-01	8.5192e-01	3.3346e-02	1.0077e-02	2.2225e-01	7.6687e-01	2.9615e-04	5.0754e-04	8.8619e-08	9.6047e-26	0.00e+00	0.00e+00	5.6643e+01
4.79721e+17	1.2544e+04	1.586e-15	1.2916e+04	1.3514e+04	8.5173e-15	4.0509e-02	9.5949e-01	7.4027e-03	9.9214e-01	4.5242e-04	2.7191e-18	1.4035e-05	1.2200e-01	8.4777e-01	2.9929e-02	1.1908e-02	2.4397e-01	7.4336e-01	2.7532e-04	4.8519e-04	1.1755e-36	1.3364e-25	0.00e+00	0.00e+00	5.8147e+01
4.80245e+17	1.2481e+04	1.587e-15	1.2916e+04	1.3462e+04	1.0518e-14	4.4391e-02	9.5561e-01	8.1531e-03	9.9141e-01	4.4000e-04	4.0939e-18	1.5319e-05	1.3298e-01	8.4103e-01	2.5730e-02	1.4914e-02	2.7625e-01	7.0813e-01	2.4893e-04	4.5356e-04	1.1755e-36	2.0416e-25	0.00e+00	0.00e+00	6.0290e+01
4.80775e+17	1.2405e+04	1.590e-15	1.2916e+04	1.3390e+04	1.3654e-14	4.9515e-02	9.5049e-01	9.1181e-03	9.9046e-01	4.2251e-04	6.6268e-18	1.6902e-05	1.4678e-01	8.3139e-01	2.1584e-02	1.9335e-02	3.1754e-01	6.6249e-01	2.2061e-04	4.1455e-04	1.1755e-36	3.4122e-25	0.00e+00	0.00e+00	6.2183e+01
4.81168e+17	1.2327e+04	1.592e-15	1.2916e+04	1.3348e+04	1.7222e-14	5.4278e-02	9.4572e-01	1.0022e-02	9.8957e-01	4.1022e-04	9.9442e-18	1.8397e-05	1.5943e-01	8.2176e-01	1.8594e-02	2.3861e-02	3.5415e-01	6.2141e-01	1.9923e-04	3.8023e-04	1.1755e-36	5.3504e-25	0.00e+00	0.00e+00	6.3584e+01
4.81461e+17	1.2285e+04	1.588e-15	1.2916e+04	1.3280e+04	2.0076e-14	5.8147e-02	9.4185e-01	1.0782e-02	9.8882e-01	4.0279e-04	1.3223e-17	1.9507e-05	1.6953e-01	8.1372e-01	1.6535e-02	2.7871e-02	3.8334e-01	5.8825e-01	1.8432e-04	3.5444e-04	1.1755e-36	7.1336e-25	0.00e+00	0.00e+00	6.4865e+01
4.81772e+17	1.2217e+04	1.586e-15	1.2916e+04	1.3234e+04	2.4290e-14	6.2700e-02	9.3730e-01	1.1666e-02	9.8794e-01	3.9457e-04	1.8253e-17	2.0876e-05	1.8128e-01	8.0406e-01	1.4471e-02	3.2820e-02	4.1527e-01	5.5142e-01	1.6918e-04	3.2568e-04	1.1755e-36	1.0189e-24	0.00e+00	0.00e+00	6.6662e+01
4.82176e+17	1.2138e+04	1.582e-15	1.2916e+04	1.3141e+04	3.0927e-14	6.9692e-02	9.3031e-01	1.2996e-02	9.8662e-01	3.8216e-04	2.7733e-17	2.2752e-05	1.9828e-01	7.8957e-01	1.1980e-02	4.0891e-02	4.6013e-01	4.9855e-01	1.4986e-04	2.8635e-04	1.1755e-36	1.5724e-24	0.00e+00	0.00e+00	6.9258e+01
4.82585e+17	1.2048e+04	1.575e-15	1.2916e+04	1.3001e+04	4.1673e-14	7.8970e-02	9.2103e-01	1.4751e-02	9.8488e-01	3.6773e-04	4.5103e-17	2.5066e-05	2.1945e-01	7.7078e-01	9.6195e-03	5.2291e-02	5.1184e-01	4.3550e-01	1.2969e-04	2.4175e-04	1.1755e-36	2.6610e-24	0.00e+00	0.00e+00	7.1575e+01
4.82884e+17	1.1959e+04	1.572e-15	1.2916e+04	1.2918e+04	5.4235e-14	8.7858e-02	9.1214e-01	1.6419e-02	9.8322e-01	3.5618e-04	6.7754e-17	2.7212e-05	2.3894e-01	7.5295e-01	7.9702e-03	6.3644e-02	5.5273e-01	3.8331e-01	1.1455e-04	2.0573e-04	1.1755e-36	4.1949e-24	0.00e+00	0.00e+00	7.3279e+01
4.83099e+17	1.1902e+04	1.559e-15	1.2916e+04	1.2795e+04	6.4136e-14	9.4711e-02	9.0529e-01	1.7765e-02	9.8188e-01	3.5106e-04	8.8447e-17	2.8737e-05	2.5371e-01	7.3923e-01	6.9240e-03	7.2799e-02	5.8072e-01	3.4619e-01	1.0481e-04	1.8176e-04	1.1755e-36	5.4907e-24	0.00e+00	0.00e+00	7.4762e+01
4.83319e+17	1.1841e+04	1.548e-15	1.2916e+04	1.2699e+04	7.7331e-14	1.0255e-01	8.9745e-01	1.9287e-02	9.8037e-01	3.4577e-04	1.1748e-16	3.0465e-05	2.7011e-01	7.2383e-01	5.9305e-03	8.3353e-02	6.0743e-01	3.0897e-01	9.5320e-05	1.5796e-04	1.1755e-36	7.4520e-24	0.00e+00	0.00e+00	7.6849e+01
4.83606e+17	1.1740e+04	1.531e-15	1.2916e+04	1.2531e+04	1.0102e-13	1.1458e-01	8.8542e-01	2.1602e-02	9.7806e-01	3.3963e-04	1.7215e-16	3.2859e-05	2.9364e-01	7.0148e-01	4.7668e-03	9.9655e-02	6.3938e-01	2.6075e-01	8.3429e-05	1.2832e-04	1.1755e-36	1.1272e-23	0.00e+00	0.00e+00	7.9880e+01
4.83902e+17	1.1617e+04	1.509e-15	1.2916e+04	1.2317e+04	1.3887e-13	1.3094e-01	8.6906e-01	2.4691e-02	9.7498e-01	3.3344e-04	2.6655e-16	3.5740e-05	3.2310e-01	6.7311e-01	3.6795e-03	1.2176e-01	6.6890e-01	2.0918e-01	7.0952e-05	9.7994e-05	1.1755e-36	1.8109e-23	0.00e+00	0.00e+00	8.2720e+01
4.84124e+17	1.1508e+04	1.488e-15	1.2916e+04	1.2138e+04	1.8135e-13	1.4655e-01	8.5345e-01	2.7702e-02	9.7197e-01	3.2983e-04	3.8021e-16	3.8279e-05	3.4988e-01	6.4708e-01	2.9430e-03	1.4268e-01	6.8619e-01	1.7099e-01	6.1754e-05	7.6567e-05	1.1755e-36	2.6564e-23	0.00e+00	0.00e+00	8.4851e+01
4.84285e+17	1.1433e+04	1.463e-15	1.2916e+04	1.1963e+04	2.2117e-13	1.5893e-01	8.4107e-01	3.0205e-02	9.6947e-01	3.2986e-04	4.9079e-16	4.0138e-05	3.7063e-01	6.2680e-01	2.4797e-03	1.5924e-01	6.9477e-01	1.4587e-01	5.5769e-05	6.3210e-05	1.1755e-36	3.5104e-23	0.00e+00	0.00e+00	8.6731e+01
4.84452e+17	1.1347e+04	1.436e-15	1.2916e+04	1.1805e+04	2.7401e-13	1.7309e-01	8.2691e-01	3.3127e-02	9.6654e-01	3.2977e-04	6.4140e-16	4.2217e-05	3.9353e-01	6.0433e-01	2.0530e-03	1.7787e-01	6.9942e-01	1.2262e-01	5.0024e-05	5.1172e-05	1.1755e-36	4.7478e-23	0.00e+00	0.00e+00	8.9393e+01
4.84669e+17	1.1228e+04	1.390e-15	1.2916e+04	1.1490e+04	3.5821e-13	1.9365e-01	8.0635e-01	3.7359e-02	9.6231e-01	3.3422e-04	8.8748e-16	4.4587e-05	4.2436e-01	5.7397e-01	1.5863e-03	2.0452e-01	6.9946e-01	9.5945e-02	4.3235e-05	3.8152e-05	1.1755e-36	6.6349e-23	0.00e+00	0.00e+00	9.3265e+01
4.84888e+17	1.1091e+04	1.336e-15	1.2916e+04	1.1137e+04	4.9259e-13	2.2057e-01	7.7943e-01	4.2981e-02	9.5668e-01	3.4014e-04	1.2870e-15	4.7276e-05	4.6138e-01	5.3737e-01	1.1782e-03	2.3839e-01	6.9040e-01	7.1149e-02	3.6347e-05	2.6616e-05	1.1755e-36	9.8993e-23	0.00e+00	0.00e+00	9.6736e+01
4.85049e+17	1.0970e+04	1.288e-15	1.2916e+04	1.0854e+04	6.3343e-13	2.4447e-01	7.5553e-01	4.8304e-02	9.5135e-01	3.4646e-04	1.7116e-15	4.9423e-05	4.9280e-01	5.0620e-01	9.2165e-04	2.6770e-01	6.7697e-01	5.5282e-02	3.1554e-05	1.9641e-05	1.1755e-36	1.3364e-22	0.00e+00	0.00e+00	9.9301e+01
4.85166e+17	1.0894e+04	1.242e-15	1.2916e+04	1.0585e+04	7.5826e-13	2.6228e-01	7.3772e-01	5.2530e-02	9.4712e-01	3.5435e-04	2.0860e-15	5.0667e-05	5.1571e-01	4.8345e-01	7.6742e-04	2.8925e-01	6.6498e-01	4.5723e-02	2.8559e-05	1.5691e-05	1.1755e-36	1.6482e-22	0.00e+00	0.00e+00	1.0156e+02
4.85288e+17	1.0798e+04	1.195e-15	1.2916e+04	1.0335e+04	9.1400e-13	2.8253e-01	7.1747e-01	5.7553e-02	9.4208e-01	3.6242e-04	2.5528e-15	5.2058e-05	5.4074e-01	4.5856e-01	6.2666e-04	3.1326e-01	6.4946e-01	3.7245e-02	2.5636e-05	1.2288e-05	1.1755e-36	2.0289e-22	0.00e+00	0.00e+00	1.0473e+02
4.85446e+17	1.0672e+04	1.126e-15	1.2916e+04	9.9361e+03	1.1772e-12	3.1138e-01	6.8862e-01	6.4835e-02	9.3479e-01	3.7689e-04	3.3167e-15	5.3436e-05	5.7364e-01	4.2581e-01	4.7582e-04	3.4676e-01	6.2517e-01	2.8035e-02	2.2154e-05	8.7840e-06	1.1755e-36	2.6601e-22	0.00e+00	0.00e+00	1.0927e+02
4.85606e+17	1.0533e+04	1.047e-15	1.2916e+04	9.4757e+03	1.5468e-12	3.4625e-01	6.5375e-01	7.4047e-02	9.2556e-01	3.9556e-04	4.3712e-15	5.4544e-05	6.1007e-01	3.8951e-01	3.5096e-04	3.8619e-01	5.9359e-01	2.0196e-02	1.8752e-05	5.9661e-06	1.1755e-36	3.5073e-22	0.00e+00	0.00e+00	1.1326e+02
4.85727e+17	1.0414e+04	9.805e-16	1.2916e+04	9.1001e+03	1.9113e-12	3.7533e-01	6.2467e-01	8.2553e-02	9.1703e-01	4.1278e-04	5.3784e-15	5.5140e-05	6.3936e-01	3.6029e-01	2.7416e-04	4.1836e-01	5.6618e-01	1.5431e-02	1.6416e-05	4.3522e-06	1.1755e-36	4.2825e-22	0.00e+00	0.00e+00	1.1632e+02
4.85821e+17	1.0324e+04	9.243e-16	1.2916e+04	8.7859e+03	2.2492e-12	3.9856e-01	6.0144e-01	8.9971e-02	9.0960e-01	4.2868e-04	6.2845e-15	5.5404e-05	6.6221e-01	3.3750e-01	2.2468e-04	4.4363e-01	5.4392e-01	1.2427e-02	1.4804e-05	3.3849e-06	1.1755e-36	4.9635e-22	0.00e+00	0.00e+00	1.1921e+02
4.85915e+17	1.0228e+04	8.673e-16	1.2916e+04	8.4644e+03	2.6394e-12	4.2280e-01	5.7720e-01	9.8183e-02	9.0137e-01	4.4631e-04	7.2975e-15	5.5411e-05	6.8493e-01	3.1482e-01	1.8301e-04	4.6960e-01	5.2044e-01	9.9421e-03	1.3320e-05	2.6150e-06	1.1755e-36	5.6708e-22	0.00e+00	0.00e+00	1.2265e+02
4.86018e+17	1.0112e+04	8.039e-16	1.2916e+04	8.0895e+03	3.1632e-12	4.5098e-01	5.4902e-01	1.0811e-01	8.9142e-01	4.6793e-04	8.5822e-15	5.5163e-05	7.0952e-01	2.9027e-01	1.4550e-04	4.9928e-01	4.9300e-01	7.7043e-03	1.1807e-05	1.9498e-06	1.1755e-36	6.5301e-22	0.00e+00	0.00e+00	1.2650e+02
4.86115e+17	1.0009e+04	7.411e-16	1.2916e+04	7.7090e+03	3.7498e-12	4.7927e-01	5.2073e-01	1.1886e-01	8.8065e-01	4.9281e-04	9.9889e-15	5.4566e-05	7.3290e-01	2.6692e-01	1.1627e-04	5.2858e-01	4.6545e-01	5.9564e-03	1.0474e-05	1.4525e-06	1.1755e-36	7.3962e-22	0.00e+00	0.00e+00	1.3004e+02
4.86197e+17	9.9074e+03	6.884e-16	1.2916e+04	7.3916e+03	4.3390e-12	5.0406e-01	4.9594e-01	1.2923e-01	8.7026e-01	5.1450e-04	1.1328e-14	5.3990e-05	7.5275e-01	2.4709e-01	9.5851e-05	5.5388e-01	4.4135e-01	4.7556e-03	9.4375e-06	1.1240e-06	1.1755e-36	8.1648e-22	0.00e+00	0.00e+00	1.3305e+02
4.86268e+17	9.8288e+03	6.416e-16	1.2916e+04	7.0946e+03	4.8841e-12	5.2478e-01	4.7522e-01	1.3866e-01	8.6080e-01	5.3729e-04	1.2531e-14	5.3141e-05	7.6906e-01	2.3080e-01	8.1244e-05	5.7479e-01	4.2129e-01	3.9085e-03	8.6485e-06	9.0121e-07	1.1755e-36	8.7456e-22	0.00e+00	0.00e+00	1.3598e+02
4.86335e+17	9.7438e+03	5.988e-16	1.2916e+04	6.8231e+03	5.4760e-12	5.4522e-01	4.5478e-01	1.4857e-01	8.5087e-01	5.5891e-04	1.3777e-14	5.2300e-05	7.8442e-01	2.1545e-01	6.9367e-05	5.9517e-01	4.0160e-01	3.2282e-03	7.9339e-06	7.2675e-07	1.1755e-36	9.3014e-22	0.00e+00	0.00e+00	1.3888e+02
4.86388e+17	9.6716e+03	5.652e-16	1.2916e+04	6.5999e+03	6.0086e-12	5.6189e-01	4.3811e-01	1.5703e-01	8.4239e-01	5.7778e-04	1.4847e-14	5.1528e-05	7.9637e-01	2.0351e-01	6.1292e-05	6.1162e-01	3.8561e-01	2.7610e-03	7.3926e-06	6.0999e-07	1.1755e-36	9.7266e-22	0.00e+00	0.00e+00	1.4077e+02
4.86425e+17	9.6225e+03	5.423e-16	1.2916e+04	6.4538e+03	6.3858e-12	5.7270e-01	4.2730e-01	1.6330e-01	8.3611e-01	5.9051e-04	1.5584e-14	5.1019e-05	8.0451e-01	1.9538e-01	5.6339e-05	6.2223e-01	3.7528e-01	2.4834e-03	7.0594e-06	5.4211e-07	1.1755e-36	9.9960e-22	0.00e+00	0.00e+00	1.4225e+02
4.86459e+17	9.5734e+03	5.210e-16	1.2916e+04	6.3160e+03	6.7589e-12	5.8284e-01	4.1716e-01	1.6946e-01	8.2994e-01	6.0260e-04	1.6288e-14	5.0514e-05	8.1206e-01	1.8783e-01	5.2007e-05	6.3213e-01	3.6562e-01	2.2458e-03	6.7589e-06	4.8489e-07	1.1755e-36	1.0209e-21	0.00e+00	0.00e+00	1.4400e+02
4.86500e+17	9.5097e+03	4.960e-16	1.2916e+04	6.1483e+03	7.2598e-12	5.9566e-01	4.0434e-01	1.7712e-01	8.2226e-01	6.1756e-04	1.7198e-14	4.9871e-05	8.2094e-01	1.7896e-01	4.7247e-05	6.4456e-01	3.5345e-01	1.9836e-03	6.3950e-06	4.2247e-07	1.1755e-36	1.0477e-21	0.00e+00	0.00e+00	1.4620e+02
4.86544e+17	9.4487e+03	4.694e-16	1.2916e+04	5.9586e+03	7.8252e-12	6.0979e-01	3.9021e-01	1.8560e-01	8.1377e-01	6.3643e-04	1.8238e-14	4.9011e-05	8.3010e-01	1.6981e-01	4.2706e-05	6.5816e-01	3.4010e-01	1.7292e-03	6.0124e-06	3.6284e-07	1.1755e-36	1.0746e-21	0.00e+00	0.00e+00	1.4838e+02
4.86585e+17	9.3902e+03	4.452e-16	1.2916e+04	5.7806e+03	8.3842e-12	6.2256e-01	3.7744e-01	1.9373e-01	8.0562e-01	6.5512e-04	1.9223e-14	4.8146e-05	8.3826e-01	1.6165e-01	3.9014e-05	6.7038e-01	3.2809e-01	1.5234e-03	5.6827e-06	3.1552e-07	1.1755e-36	1.0947e-21	0.00e+00	0.00e+00	1.5032e+02
4.86623e+17	9.3420e+03	4.235e-16	1.2916e+04	5.6186e+03	8.8957e-12	6.3370e-01	3.6630e-01	2.0137e-01	7.9796e-01	6.7282e-04	2.0127e-14	4.7306e-05	8.4545e-01	1.5446e-01	3.6011e-05	6.8098e-01	3.1766e-01	1.3581e-03	5.4063e-06	2.7818e-07	1.1755e-36	1.1086e-21	0.00e+00	0.00e+00	1.5220e+02
4.86660e+17	9.2739e+03	4.026e-16	1.2916e+04	5.4657e+03	9.5140e-12	6.4561e-01	3.5439e-01	2.0999e-01	7.8932e-01	6.8889e-04	2.1104e-14	4.6561e-05	8.5290e-01	1.4702e-01	3.3189e-05	6.9225e-01	3.0654e-01	1.2057e-03	5.1236e-06	2.4410e-07	1.1755e-36	1.1237e-21	0.00e+00	0.00e+00	1.5425e+02
4.86699e+17	9.2199e+03	3.811e-16	1.2916e+04	5.2955e+03	1.0128e-11	6.5732e-01	3.4268e-01	2.1862e-01	7.8067e-01	7.0906e-04	2.2124e-14	4.5603e-05	8.5998e-01	1.3994e-01	3.0648e-05	7.0325e-01	2.9567e-01	1.0671e-03	4.8554e-06	2.1361e-07	1.1755e-36	1.1324e-21	0.00e+00	0.00e+00	1.5633e+02
4.86738e+17	9.1508e+03	3.607e-16	1.2916e+04	5.1379e+03	1.0838e-11	6.6945e-01	3.3055e-01	2.2812e-01	7.7116e-01	7.2720e-04	2.3199e-14	4.4748e-05	8.6711e-01	1.3281e-01	2.8338e-05	7.1460e-01	2.8446e-01	9.4293e-04	4.5891e-06	1.8661e-07	1.1755e-36	1.1418e-21	0.00e+00	0.00e+00	1.5843e+02
4.86775e+17	9.1019e+03	3.411e-16	1.2916e+04	4.9762e+03	1.1474e-11	6.8040e-01	3.1960e-01	2.3715e-01	7.6210e-01	7.4866e-04	2.4240e-14	4.3744e-05	8.7349e-01	1.2644e-01	2.6389e-05	7.2478e-01	2.7438e-01	8.3779e-04	4.3566e-06	1.6410e-07	1.1755e-36	1.1432e-21	0.00e+00	0.00e+00	1.6045e+02
4.86812e+17	9.0318e+03	3.227e-16	1.2916e+04	4.8233e+03	1.2242e-11	6.9152e-01	3.0848e-01	2.4686e-01	7.5237e-01	7.6781e-04	2.5315e-14	4.2843e-05	8.7982e-01	1.2011e-01	2.4631e-05	7.3507e-01	2.6419e-01	7.4484e-04	4.1299e-06	1.4447e-07	1.1755e-36	1.1424e-21	0.00e+00	0.00e+00	1.6256e+02
4.86850e+17	8.9652e+03	3.047e-16	1.2916e+04	4.6727e+03	1.3045e-11	7.0273e-01	2.9727e-01	2.5710e-01	7.4212e-01	7.8735e-04	2.6450e-14	4.1935e-05	8.8601e-01	1.1393e-01	2.3039e-05	7.4538e-01	2.5396e-01	6.6096e-04	3.9090e-06	1.2692e-07	1.1755e-36	1.1418e-21	0.00e+00	0.00e+00	1.6469e+02
4.86886e+17	8.9017e+03	2.876e-16	1.2916e+04	4.5230e+03	1.3860e-11	7.1337e-01	2.8663e-01	2.6734e-01	7.3185e-01	8.0809e-04	2.7583e-14	4.0973e-05	8.9177e-01	1.0816e-01	2.1658e-05	7.5512e-01	2.4429e-01	5.8852e-04	3.7060e-06	1.1755e-36	1.1755e-36	1.1354e-21	0.00e+00	0.00e+00	1.6678e+02
4.86922e+17	8.8400e+03	2.713e-16	1.2916e+04	4.3753e+03	1.4696e-11	7.2350e-01	2.7650e-01	2.7765e-01	7.2152e-01	8.2947e-04	2.8724e-14	3.9988e-05	8.9719e-01	1.0275e-01	2.0451e-05	7.6435e-01	2.3512e-01	5.2571e-04	3.5189e-06	1.1755e-36	1.1755e-36	1.1248e-21	0.00e+00	0.00e+00	1.6890e+02
4.86958e+17	8.7647e+03	2.556e-16	1.2916e+04	4.2345e+03	1.5672e-11	7.3401e-01	2.6599e-01	2.8894e-01	7.1021e-01	8.4890e-04	2.9928e-14	3.9063e-05	9.0262e-01	9.7319e-02	1.9341e-05	7.7388e-01	2.2564e-01	4.6881e-04	3.3313e-06	1.1755e-36	1.1755e-36	1.1143e-21	0.00e+00	0.00e+00	1.7109e+02
4.86994e+17	8.7042e+03	2.405e-16	1.2916e+04	4.0885e+03	1.6591e-11	7.4379e-01	2.5621e-01	2.9991e-01	6.9921e-01	8.7211e-04	3.1149e-14	3.8030e-05	9.0758e-01	9.2357e-02	1.8379e-05	7.8271e-01	2.1687e-01	4.1943e-04	3.1613e-06	1.1755e-36	1.1755e-36	1.0974e-21	0.00e+00	0.00e+00	1.7324e+02
4.87030e+17	8.6244e+03	2.263e-16	1.2916e+04	3.9541e+03	1.7702e-11	7.5377e-01	2.4623e-01	3.1185e-01	6.8726e-01	8.9132e-04	3.2405e-14	3.7106e-05	9.1251e-01	8.7429e-02	1.7511e-05	7.9168e-01	2.0794e-01	3.7575e-04	2.9936e-06	1.1755e-36	1.1755e-36	1.0815e-21	0.00e+00	0.00e+00	1.7544e+02
4.87065e+17	8.5624e+03	2.127e-16	1.2916e+04	3.8158e+03	1.8717e-11	7.6291e-01	2.3709e-01	3.2336e-01	6.7572e-01	9.1463e-04	3.3673e-14	3.6072e-05	9.1697e-01	8.2973e-02	1.6763e-05	7.9986e-01	1.9980e-01	3.3811e-04	2.8436e-06	1.1755e-36	1.1755e-36	1.0597e-21	0.00e+00	0.00e+00	1.7760e+02
4.87100e+17	8.4838e+03	1.999e-16	1.2916e+04	3.6834e+03	1.9930e-11	7.7212e-01	2.2788e-01	3.3566e-01	6.6340e-01	9.3541e-04	3.4982e-14	3.5109e-05	9.2136e-01	7.8588e-02	1.6087e-05	8.0807e-01	1.9162e-01	3.0472e-04	2.6967e-06	1.1755e-36	1.1755e-36	1.0365e-21	0.00e+00	0.00e+00	1.7984e+02
4.87136e+17	8.4051e+03	1.875e-16	1.2916e+04	3.5542e+03	2.1231e-11	7.8137e-01	2.1863e-01	3.4856e-01	6.5049e-01	9.5571e-04	3.6360e-14	3.4161e-05	9.2560e-01	7.4351e-02	1.5476e-05	8.1628e-01	1.8345e-01	2.7481e-04	2.5533e-06	1.1755e-36	1.1755e-36	1.0138e-21	0.00e+00	0.00e+00	1.8210e+02
4.87171e+17	8.3296e+03	1.760e-16	1.2916e+04	3.4277e+03	2.2555e-11	7.9000e-01	2.1000e-01	3.6132e-01	6.3770e-01	9.7690e-04	3.7742e-14	3.3193e-05	9.2949e-01	7.0462e-02	1.4950e-05	8.2390e-01	1.7584e-01	2.4928e-04	2.4226e-06	1.1755e-36	1.1755e-36	9.8752e-22	0.00e+00	0.00e+00	1.8429e+02
4.87205e+17	8.2514e+03	1.652e-16	1.2916e+04	3.3064e+03	2.3973e-11	7.9823e-01	2.0177e-01	3.7431e-01	6.2470e-01	9.9695e-04	3.9136e-14	3.2253e-05	9.3315e-01	6.6805e-02	1.4488e-05	8.3115e-01	1.6862e-01	2.2722e-04	2.3010e-06	1.1755e-36	1.1755e-36	9.6020e-22	0.00e+00	0.00e+00	1.8651e+02
4.87239e+17	8.1716e+03	1.548e-16	1.2916e+04	3.1855e+03	2.5500e-11	8.0634e-01	1.9366e-01	3.8769e-01	6.1129e-01	1.0174e-03	4.0596e-14	3.1286e-05	9.3665e-01	6.3308e-02	1.4072e-05	8.3826e-01	1.6153e-01	2.0758e-04	2.1840e-06	1.1755e-36	1.1755e-36	9.3085e-22	0.00e+00	0.00e+00	1.8879e+02
4.87274e+17	8.0851e+03	1.449e-16	1.2916e+04	3.0679e+03	2.7218e-11	8.1447e-01	1.8553e-01	4.0180e-01	5.9716e-01	1.0363e-03	4.2122e-14	3.0363e-05	9.4003e-01	5.9923e-02	1.3695e-05	8.4537e-01	1.5444e-01	1.9006e-04	2.0692e-06	1.1755e-36	1.1755e-36	9.0138e-22	0.00e+00	0.00e+00	1.9110e+02
4.87308e+17	7.9994e+03	1.356e-16	1.2916e+04	2.9524e+03	2.9029e-11	8.2213e-01	1.7787e-01	4.1583e-01	5.8311e-01	1.0558e-03	4.3679e-14	2.9424e-05	9.4315e-01	5.6804e-02	1.3368e-05	8.5205e-01	1.4777e-01	1.7502e-04	1.9634e-06	1.1755e-36	1.1755e-36	8.7011e-22	0.00e+00	0.00e+00	1.9337e+02
4.87342e+17	7.9139e+03	1.270e-16	1.2916e+04	2.8428e+03	3.0936e-11	8.2939e-01	1.7060e-01	4.3005e-01	5.6888e-01	1.0737e-03	4.5249e-14	2.8522e-05	9.4606e-01	5.3893e-02	1.3081e-05	8.5836e-01	1.4148e-01	1.6208e-04	1.8651e-06	1.1755e-36	1.1755e-36	8.3915e-22	0.00e+00	0.00e+00	1.9564e+02
4.87376e+17	7.8240e+03	1.187e-16	1.2916e+04	2.7355e+03	3.3048e-11	8.3652e-01	1.6348e-01	4.4473e-01	5.5418e-01	1.0903e-03	4.6880e-14	2.7629e-05	9.4884e-01	5.1122e-02	1.2823e-05	8.6453e-01	1.3532e-01	1.5065e-04	1.7704e-06	1.1755e-36	1.1755e-36	8.0777e-22	0.00e+00	0.00e+00	1.9797e+02
4.87410e+17	7.7372e+03	1.109e-16	1.2916e+04	2.6268e+03	3.5253e-11	8.4330e-01	1.5670e-01	4.5938e-01	5.3951e-01	1.1092e-03	4.8596e-14	2.6699e-05	9.5141e-01	4.8551e-02	1.2595e-05	8.7037e-01	1.2949e-01	1.4065e-04	1.6821e-06	1.1755e-36	1.1755e-36	7.7423e-22	0.00e+00	0.00e+00	2.0032e+02
4.87443e+17	7.6422e+03	1.037e-16	1.2916e+04	2.5252e+03	3.7762e-11	8.4989e-01	1.5011e-01	4.7435e-01	5.2452e-01	1.1244e-03	5.0325e-14	2.5832e-05	9.5382e-01	4.6141e-02	1.2394e-05	8.7605e-01	1.2382e-01	1.3206e-04	1.5977e-06	1.1755e-36	1.1755e-36	7.4252e-22	0.00e+00	0.00e+00	2.0261e+02
4.87476e+17	7.5457e+03	9.698e-17	1.2916e+04	2.4288e+03	4.0475e-11	8.5608e-01	1.4392e-01	4.8938e-01	5.0949e-01	1.1374e-03	5.2061e-14	2.5002e-05	9.5605e-01	4.3914e-02	1.2220e-05	8.8136e-01	1.1852e-01	1.2474e-04	1.5199e-06	1.1755e-36	1.1755e-36	7.1174e-22	0.00e+00	0.00e+00	2.0490e+02
4.87509e+17	7.4476e+03	9.068e-17	1.2916e+04	2.3347e+03	4.3431e-11	8.6205e-01	1.3795e-01	5.0461e-01	4.9424e-01	1.1493e-03	5.3856e-14	2.4182e-05	9.5813e-01	4.1830e-02	1.2065e-05	8.8647e-01	1.1341e-01	1.1836e-04	1.4461e-06	1.1755e-36	1.1755e-36	6.8117e-22	0.00e+00	0.00e+00	2.0723e+02
4.87542e+17	7.3461e+03	8.476e-17	1.2916e+04	2.2431e+03	4.6708e-11	8.6781e-01	1.3219e-01	5.1999e-01	4.7885e-01	1.1600e-03	5.5709e-14	2.3375e-05	9.6007e-01	3.9890e-02	1.1927e-05	8.9139e-01	1.0849e-01	1.1281e-04	1.3758e-06	1.1755e-36	1.1755e-36	6.5108e-22	0.00e+00	0.00e+00	2.0955e+02
4.87575e+17	7.2434e+03	7.929e-17	1.2916e+04	2.1557e+03	5.0274e-11	8.7326e-01	1.2674e-01	5.3531e-01	4.6352e-01	1.1687e-03	5.7582e-14	2.2599e-05	9.6186e-01	3.8108e-02	1.1808e-05	8.9603e-01	1.0386e-01	1.0809e-04	1.3104e-06	1.1755e-36	1.1755e-36	6.2218e-22	0.00e+00	0.00e+00	2.1185e+02
4.87607e+17	7.1399e+03	7.424e-17	1.2916e+04	2.0728e+03	5.4137e-11	8.7837e-01	1.2163e-01	5.5055e-01	4.4828e-01	1.1753e-03	5.9464e-14	2.1856e-05	9.6349e-01	3.6476e-02	1.1704e-05	9.0038e-01	9.9517e-02	1.0409e-04	1.2498e-06	1.1755e-36	1.1755e-36	5.9468e-22	0.00e+00	0.00e+00	2.1412e+02
4.87639e+17	7.0350e+03	6.953e-17	1.2916e+04	1.9931e+03	5.8363e-11	8.8323e-01	1.1677e-01	5.6579e-01	4.3303e-01	1.1799e-03	6.1382e-14	2.1136e-05	9.6500e-01	3.4971e-02	1.1614e-05	9.0450e-01	9.5397e-02	1.0066e-04	1.1930e-06	1.1755e-36	1.1755e-36	5.6828e-22	0.00e+00	0.00e+00	2.1641e+02
4.87670e+17	6.9219e+03	6.514e-17	1.2916e+04	1.9169e+03	6.3280e-11	8.8803e-01	1.1197e-01	5.8127e-01	4.1755e-01	1.1806e-03	6.3331e-14	2.0449e-05	9.6641e-01	3.3559e-02	1.1534e-05	9.0856e-01	9.1340e-02	9.7723e-05	1.1377e-06	1.1755e-36	1.1755e-36	5.4377e-22	0.00e+00	0.00e+00	2.1871e+02
4.87702e+17	6.8117e+03	6.100e-17	1.2916e+04	1.8422e+03	6.8490e-11	8.9251e-01	1.0749e-01	5.9665e-01	4.0217e-01	1.1811e-03	6.5345e-14	1.9762e-05	9.6770e-01	3.2271e-02	1.1464e-05	9.1235e-01	8.7557e-02	9.5206e-05	1.0865e-06	1.1755e-36	1.1755e-36	5.1953e-22	0.00e+00	0.00e+00	2.2103e+02
4.87734e+17	6.7005e+03	5.715e-17	1.2916e+04	1.7704e+03	7.4189e-11	8.9676e-01	1.0324e-01	6.1190e-01	3.8692e-01	1.1797e-03	6.7391e-14	1.9098e-05	9.6887e-01	3.1096e-02	1.1403e-05	9.1594e-01	8.3970e-02	9.3085e-05	1.0385e-06	1.1755e-36	1.1755e-36	4.9665e-22	0.00e+00	0.00e+00	2.2334e+02
4.87765e+17	6.5890e+03	5.361e-17	1.2916e+04	1.7027e+03	8.0366e-11	9.0073e-01	9.9267e-02	6.2694e-01	3.7188e-01	1.1756e-03	6.9434e-14	1.8467e-05	9.6994e-01	3.0031e-02	1.1352e-05	9.1928e-01	8.0628e-02	9.1334e-05	9.9416e-07	1.1755e-36	1.1755e-36	4.7551e-22	0.00e+00	0.00e+00	2.2562e+02
4.87796e+17	6.4764e+03	5.032e-17	1.2916e+04	1.6379e+03	8.7117e-11	9.0448e-01	9.5517e-02	6.4188e-01	3.5695e-01	1.1692e-03	7.1496e-14	1.7859e-05	9.7091e-01	2.9060e-02	1.1308e-05	9.2243e-01	7.7476e-02	8.9886e-05	9.5267e-07	1.1755e-36	1.1755e-36	4.5585e-22	0.00e+00	0.00e+00	2.2792e+02
4.87828e+17	6.3618e+03	4.723e-17	1.2916e+04	1.5751e+03	9.4536e-11	9.0808e-01	9.1921e-02	6.5681e-01	3.4203e-01	1.1605e-03	7.3607e-14	1.7266e-05	9.7180e-01	2.8170e-02	1.1270e-05	9.2546e-01	7.4455e-02	8.8683e-05	9.1320e-07	1.1755e-36	1.1755e-36	4.3739e-22	0.00e+00	0.00e+00	2.3027e+02
4.87859e+17	6.2456e+03	4.433e-17	1.2916e+04	1.5145e+03	1.0264e-10	9.1151e-01	8.8489e-02	6.7165e-01	3.2720e-01	1.1496e-03	7.5760e-14	1.6690e-05	9.7261e-01	2.7363e-02	1.1239e-05	9.2833e-01	7.1577e-02	8.7711e-05	8.7588e-07	1.1755e-36	1.1755e-36	4.2022e-22	0.00e+00	0.00e+00	2.3263e+02
4.87891e+17	6.1285e+03	4.164e-17	1.2916e+04	1.4567e+03	1.1140e-10	9.1475e-01	8.5251e-02	6.8631e-01	3.1256e-01	1.1362e-03	7.7926e-14	1.6138e-05	9.7334e-01	2.6636e-02	1.1213e-05	9.3105e-01	6.8865e-02	8.6953e-05	8.4097e-07	1.1755e-36	1.1755e-36	4.0454e-22	0.00e+00	0.00e+00	2.3499e+02
4.87923e+17	6.0065e+03	3.914e-17	1.2916e+04	1.4006e+03	1.2116e-10	9.1778e-01	8.2223e-02	7.0073e-01	2.9815e-01	1.1209e-03	8.0118e-14	1.5601e-05	9.7398e-01	2.5990e-02	1.1195e-05	9.3359e-01	6.6327e-02	8.6417e-05	8.0859e-07	1.1755e-36	1.1755e-36	3.8991e-22	0.00e+00	0.00e+00	2.3739e+02
4.87955e+17	5.8881e+03	3.683e-17	1.2916e+04	1.3479e+03	1.3121e-10	9.2063e-01	7.9365e-02	7.1501e-01	2.8389e-01	1.1024e-03	8.2302e-14	1.5093e-05	9.7456e-01	2.5412e-02	1.1179e-05	9.3598e-01	6.3937e-02	8.6019e-05	7.7822e-07	1.1755e-36	1.1755e-36	3.7701e-22	0.00e+00	0.00e+00	2.3978e+02
4.87987e+17	5.7680e+03	3.466e-17	1.2916e+04	1.2975e+03	1.4193e-10	9.2334e-01	7.6664e-02	7.2917e-01	2.6975e-01	1.0811e-03	8.4499e-14	1.4604e-05	9.7508e-01	2.4898e-02	1.1169e-05	9.3824e-01	6.1678e-02	8.5774e-05	7.4973e-07	1.1755e-36	1.1755e-36	3.6535e-22	0.00e+00	0.00e+00	2.4224e+02
4.88020e+17	5.6512e+03	3.262e-17	1.2916e+04	1.2481e+03	1.5270e-10	9.2587e-01	7.4132e-02	7.4315e-01	2.5579e-01	1.0589e-03	8.6770e-14	1.4119e-05	9.7553e-01	2.4446e-02	1.1161e-05	9.4035e-01	5.9565e-02	8.5630e-05	7.2319e-07	1.1755e-36	1.1755e-36	3.5431e-22	0.00e+00	0.00e+00	2.4478e+02
4.88054e+17	5.5272e+03	3.071e-17	1.2916e+04	1.2010e+03	1.6444e-10	9.2834e-01	7.1663e-02	7.5705e-01	2.4192e-01	1.0327e-03	8.9029e-14	1.3661e-05	9.7592e-01	2.4052e-02	1.1158e-05	9.4241e-01	5.7502e-02	8.5640e-05	6.9747e-07	1.1755e-36	1.1755e-36	3.4453e-22	0.00e+00	0.00e+00	2.4736e+02
4.88089e+17	5.4033e+03	2.895e-17	1.2916e+04	1.1563e+03	1.7628e-10	9.3064e-01	6.9362e-02	7.7066e-01	2.2833e-01	1.0040e-03	9.1272e-14	1.3225e-05	9.7626e-01	2.3715e-02	1.1159e-05	9.4433e-01	5.5580e-02	8.5766e-05	6.7364e-07	1.1755e-36	1.1755e-36	3.3569e-22	0.00e+00	0.00e+00	2.4999e+02
4.88124e+17	5.2778e+03	2.729e-17	1.2916e+04	1.1134e+03	1.8812e-10	9.3281e-01	6.7185e-02	7.8408e-01	2.1495e-01	9.7280e-04	9.3516e-14	1.2806e-05	9.7654e-01	2.3433e-02	1.1164e-05	9.4615e-01	5.3761e-02	8.5999e-05	6.5122e-07	1.1755e-36	1.1755e-36	3.2750e-22	0.00e+00	0.00e+00	2.5272e+02
4.88160e+17	5.1506e+03	2.574e-17	1.2916e+04	1.0720e+03	1.9966e-10	9.3489e-01	6.5113e-02	7.9731e-01	2.0175e-01	9.3919e-04	9.5769e-14	1.2403e-05	9.7677e-01	2.3204e-02	1.1172e-05	9.4788e-01	5.2029e-02	8.6331e-05	6.2999e-07	1.1755e-36	1.1755e-36	3.1969e-22	0.00e+00	0.00e+00	2.5555e+02
4.88198e+17	5.0222e+03	2.429e-17	1.2916e+04	1.0324e+03	2.1053e-10	9.3685e-01	6.3155e-02	8.1028e-01	1.8882e-01	9.0333e-04	9.8010e-14	1.2017e-05	9.7695e-01	2.3028e-02	1.1183e-05	9.4952e-01	5.0391e-02	8.6757e-05	6.1004e-07	1.1755e-36	1.1755e-36	3.1207e-22	0.00e+00	0.00e+00	2.5850e+02
4.88238e+17	4.8903e+03	2.294e-17	1.2916e+04	9.9449e+02	2.1939e-10	9.3870e-01	6.1301e-02	8.2295e-01	1.7619e-01	8.6512e-04	1.0017e-13	1.1654e-05	9.7729e-01	2.2689e-02	1.1197e-05	9.5107e-01	4.8839e-02	8.7292e-05	5.9125e-07	1.1755e-36	1.1755e-36	2.9878e-22	0.00e+00	0.00e+00	2.6158e+02
4.88279e+17	4.7579e+03	2.168e-17	1.2916e+04	9.5837e+02	2.2634e-10	9.4044e-01	5.9561e-02	8.3528e-01	1.6389e-01	8.2506e-04	1.0227e-13	1.1311e-05	9.7764e-01	2.2337e-02	1.1215e-05	9.5253e-01	4.7380e-02	8.7908e-05	5.7371e-07	1.1755e-36	1.1755e-36	2.8382e-22	0.00e+00	0.00e+00	2.6482e+02
4.88322e+17	4.6246e+03	2.051e-17	1.2916e+04	9.2395e+02	2.3137e-10	9.4208e-01	5.7922e-02	8.4729e-01	1.5193e-01	7.8320e-04	1.0432e-13	1.0987e-05	9.7797e-01	2.2011e-02	1.1235e-05	9.5391e-01	4.6003e-02	8.8604e-05	5.5724e-07	1.1755e-36	1.1755e-36	2.6834e-22	0.00e+00	0.00e+00	2.6826e+02
4.88368e+17	4.4933e+03	1.944e-17	1.2916e+04	8.9169e+02	2.3418e-10	9.4360e-01	5.6402e-02	8.5874e-01	1.4052e-01	7.4065e-04	1.0629e-13	1.0687e-05	9.7826e-01	2.1714e-02	1.1258e-05	9.5519e-01	4.4725e-02	8.9356e-05	5.4204e-07	1.1755e-36	1.1755e-36	2.5268e-22	0.00e+00	0.00e+00	2.7184e+02
4.88415e+17	4.3673e+03	1.849e-17	1.2916e+04	8.6236e+02	2.3484e-10	9.4496e-01	5.5039e-02	8.6939e-01	1.2991e-01	6.9854e-04	1.0812e-13	1.0419e-05	9.7853e-01	2.1448e-02	1.1283e-05	9.5633e-01	4.3575e-02	9.0137e-05	5.2848e-07	1.1755e-36	1.1755e-36	2.3745e-22	0.00e+00	0.00e+00	2.7553e+02
4.88464e+17	4.2475e+03	1.765e-17	1.2916e+04	8.3586e+02	2.3364e-10	9.4618e-01	5.3825e-02	8.7922e-01	1.2012e-01	6.5749e-04	1.0978e-13	1.0181e-05	9.7877e-01	2.1211e-02	1.1308e-05	9.5736e-01	4.2548e-02	9.0933e-05	5.1643e-07	1.1755e-36	1.1755e-36	2.2291e-22	0.00e+00	0.00e+00	2.7937e+02
4.88516e+17	4.1330e+03	1.689e-17	1.2916e+04	8.1160e+02	2.3086e-10	9.4728e-01	5.2723e-02	8.8833e-01	1.1106e-01	6.1766e-04	1.1133e-13	9.9688e-06	9.7898e-01	2.0998e-02	1.1334e-05	9.5829e-01	4.1614e-02	9.1736e-05	5.0553e-07	1.1755e-36	1.1755e-36	2.0902e-22	0.00e+00	0.00e+00	2.8346e+02
4.88571e+17	4.0232e+03	1.620e-17	1.2916e+04	7.8920e+02	2.2674e-10	9.4829e-01	5.1712e-02	8.9679e-01	1.0263e-01	5.7915e-04	1.1277e-13	9.7774e-06	9.7917e-01	2.0805e-02	1.1360e-05	9.5915e-01	4.0753e-02	9.2542e-05	4.9556e-07	1.1755e-36	1.1755e-36	1.9577e-22	0.00e+00	0.00e+00	2.8789e+02
4.88631e+17	3.9183e+03	1.558e-17	1.2916e+04	7.6858e+02	2.2158e-10	9.4922e-01	5.0784e-02	9.0464e-01	9.4822e-02	5.4213e-04	1.1411e-13	9.6061e-06	9.7935e-01	2.0630e-02	1.1387e-05	9.5994e-01	3.9962e-02	9.3343e-05	4.8642e-07	1.1755e-36	1.1755e-36	1.8326e-22	0.00e+00	0.00e+00	2.9277e+02
###########################
3.17811e+13	1.7109e+04	1.115e-15	1.2916e+04	1.5151e+04	1.0830e-19	1.2776e-04	9.9987e-01	1.7230e-06	1.3389e-02	9.8661e-01	9.3020e-31	2.0871e-09	3.8443e-05	1.3859e-02	1.4849e-01	4.6298e-10	9.8395e-06	9.2944e-03	3.3861e-01	4.8136e-01	1.5153e-01	1.1755e-36	0.00e+00	0.00e+00	6.6208e-04
1.90687e+14	1.7082e+04	1.112e-15	1.2916e+04	1.5151e+04	1.0858e-19	1.2751e-04	9.9987e-01	1.7162e-06	1.3387e-02	9.8661e-01	8.7977e-31	1.8949e-09	3.8351e-05	1.3852e-02	1.4903e-01	4.6222e-10	9.8503e-06	9.3438e-03	3.3943e-01	4.8145e-01	1.5079e-01	1.1755e-36	0.00e+00	0.00e+00	3.3051e-03
8.26309e+14	1.7024e+04	1.107e-15	1.2916e+04	1.5150e+04	1.0718e-19	1.2710e-04	9.9987e-01	1.7216e-06	1.3425e-02	9.8657e-01	8.7899e-31	1.9175e-09	3.8558e-05	1.3993e-02	1.5068e-01	4.6376e-10	9.9183e-06	9.5249e-03	3.4197e-01	4.8072e-01	1.4927e-01	1.1755e-36	0.00e+00	0.00e+00	1.3844e-02
3.36880e+15	1.6888e+04	1.095e-15	1.2916e+04	1.5150e+04	1.0447e-19	1.2575e-04	9.9987e-01	1.7334e-06	1.3665e-02	9.8633e-01	8.8850e-31	1.9577e-09	3.9517e-05	1.4608e-02	1.5626e-01	4.6567e-10	1.0094e-05	1.0205e-02	3.5079e-01	4.7722e-01	1.4447e-01	1.1755e-36	0.00e+00	0.00e+00	5.5548e-02
8.04698e+15	1.6533e+04	1.054e-15	1.2916e+04	1.5150e+04	9.6590e-20	1.1902e-04	9.9988e-01	1.6527e-06	1.3437e-02	9.8656e-01	7.4277e-31	1.7652e-09	3.8950e-05	1.5057e-02	1.6469e-01	4.3434e-10	9.9300e-06	1.1161e-02	3.6393e-01	4.7136e-01	1.3766e-01	1.1755e-36	0.00e+00	0.00e+00	1.0686e-01
1.41286e+16	1.6213e+04	1.020e-15	1.2916e+04	1.5150e+04	9.0602e-20	1.1337e-04	9.9989e-01	1.6196e-06	1.3568e-02	9.8643e-01	6.7611e-31	1.6742e-09	3.9585e-05	1.5934e-02	1.7514e-01	4.2406e-10	1.0152e-05	1.2487e-02	3.8070e-01	4.6361e-01	1.2894e-01	1.1755e-36	0.00e+00	0.00e+00	1.7040e-01
2.20347e+16	1.5901e+04	9.926e-16	1.2916e+04	1.5149e+04	8.5099e-20	1.0817e-04	9.9989e-01	1.6353e-06	1.4150e-02	9.8585e-01	6.5720e-31	1.6702e-09	4.1663e-05	1.7477e-02	1.8933e-01	4.3206e-10	1.0815e-05	1.4512e-02	4.0303e-01	4.5230e-01	1.1776e-01	1.1755e-36	0.00e+00	0.00e+00	2.4922e-01
3.02868e+16	1.5618e+04	9.680e-16	1.2916e+04	1.5147e+04	7.8057e-20	1.0195e-04	9.9990e-01	1.6457e-06	1.4884e-02	9.8511e-01	6.0329e-31	1.6578e-09	4.3532e-05	1.9215e-02	2.0424e-01	4.2879e-10	1.1374e-05	1.6846e-02	4.2531e-01	4.3978e-01	1.0727e-01	1.1755e-36	0.00e+00	0.00e+00	3.1212e-01
3.72976e+16	1.5435e+04	9.556e-16	1.2916e+04	1.5146e+04	7.3153e-20	9.8022e-05	9.9990e-01	1.7104e-06	1.5928e-02	9.8407e-01	6.0850e-31	1.7265e-09	4.6379e-05	2.1174e-02	2.1817e-01	4.4622e-10	1.2293e-05	1.9356e-02	4.4528e-01	4.2742e-01	9.8397e-02	1.1755e-36	0.00e+00	0.00e+00	3.6370e-01
4.35989e+16	1.5311e+04	9.492e-16	1.2916e+04	1.5144e+04	6.9877e-20	9.5560e-05	9.9990e-01	1.8224e-06	1.7283e-02	9.8271e-01	6.6441e-31	1.8626e-09	5.0336e-05	2.3470e-02	2.3242e-01	4.8366e-10	1.3636e-05	2.2258e-02	4.6463e-01	4.1435e-01	9.0263e-02	1.1755e-36	0.00e+00	0.00e+00	4.1160e-01
4.96462e+16	1.5211e+04	9.461e-16	1.2916e+04	1.5142e+04	6.7369e-20	9.3714e-05	9.9991e-01	1.9795e-06	1.9009e-02	9.8099e-01	7.6302e-31	2.0539e-09	5.5408e-05	2.6209e-02	2.4791e-01	5.3913e-10	1.5445e-05	2.5789e-02	4.8428e-01	3.9993e-01	8.2453e-02	1.1755e-36	0.00e+00	0.00e+00	4.5703e-01
5.53482e+16	1.5098e+04	9.473e-16	1.2916e+04	1.5140e+04	6.5168e-20	9.2308e-05	9.9991e-01	2.1914e-06	2.1167e-02	9.7883e-01	9.0083e-31	2.2943e-09	6.1572e-05	2.9403e-02	2.6467e-01	6.1327e-10	1.7774e-05	3.0070e-02	5.0379e-01	3.8431e-01	7.5120e-02	1.1755e-36	0.00e+00	0.00e+00	4.9810e-01
6.04969e+16	1.5025e+04	9.503e-16	1.2916e+04	1.5136e+04	6.4448e-20	9.1286e-05	9.9991e-01	2.4370e-06	2.3694e-02	9.7630e-01	1.1069e-30	2.5727e-09	6.8440e-05	3.2913e-02	2.8180e-01	7.0310e-10	2.0523e-05	3.5015e-02	5.2203e-01	3.6844e-01	6.8524e-02	1.1755e-36	0.00e+00	0.00e+00	5.3413e-01
6.50946e+16	1.4964e+04	9.556e-16	1.2916e+04	1.5133e+04	6.3264e-20	9.0572e-05	9.9991e-01	2.7359e-06	2.6634e-02	9.7336e-01	1.3621e-30	2.8947e-09	7.6175e-05	3.6730e-02	2.9928e-01	8.1391e-10	2.3836e-05	4.0687e-02	5.3888e-01	3.5247e-01	6.2592e-02	1.1755e-36	0.00e+00	0.00e+00	5.6629e-01
6.92742e+16	1.4915e+04	9.627e-16	1.2916e+04	1.5128e+04	6.2824e-20	9.0135e-05	9.9991e-01	3.0952e-06	3.0088e-02	9.6991e-01	1.7218e-30	3.2682e-09	8.4918e-05	4.0909e-02	3.1740e-01	9.5202e-10	2.7873e-05	4.7297e-02	5.5454e-01	3.3618e-01	5.7146e-02	1.1755e-36	0.00e+00	0.00e+00	5.9571e-01
7.31205e+16	1.4873e+04	9.717e-16	1.2916e+04	1.5124e+04	6.2567e-20	8.9891e-05	9.9991e-01	3.5334e-06	3.4201e-02	9.6580e-01	2.2104e-30	3.6972e-09	9.4799e-05	4.5494e-02	3.3634e-01	1.1253e-09	3.2842e-05	5.5088e-02	5.6899e-01	3.1948e-01	5.2080e-02	1.1755e-36	0.00e+00	0.00e+00	6.2274e-01
7.66465e+16	1.4847e+04	9.823e-16	1.2916e+04	1.5119e+04	6.2239e-20	8.9642e-05	9.9991e-01	4.0610e-06	3.9082e-02	9.6091e-01	2.8478e-30	4.1787e-09	1.0567e-04	5.0459e-02	3.5594e-01	1.3349e-09	3.8827e-05	6.4236e-02	5.8192e-01	3.0253e-01	4.7388e-02	1.1755e-36	0.00e+00	0.00e+00	6.4733e-01
7.98544e+16	1.4814e+04	9.955e-16	1.2916e+04	1.5113e+04	6.1894e-20	8.9675e-05	9.9991e-01	4.6949e-06	4.4889e-02	9.5511e-01	3.6740e-30	4.7126e-09	1.1761e-04	5.5791e-02	3.7630e-01	1.5946e-09	4.6087e-05	7.4982e-02	5.9314e-01	2.8530e-01	4.3032e-02	1.1755e-36	0.00e+00	0.00e+00	6.6964e-01
8.27603e+16	1.4785e+04	1.011e-15	1.2916e+04	1.5106e+04	6.2180e-20	8.9823e-05	9.9991e-01	5.4554e-06	5.1757e-02	9.4824e-01	4.8093e-30	5.2997e-09	1.3053e-04	6.1432e-02	3.9715e-01	1.9119e-09	5.4833e-05	8.7506e-02	6.0231e-01	2.6798e-01	3.9002e-02	1.1755e-36	0.00e+00	0.00e+00	6.8985e-01
8.53915e+16	1.4759e+04	1.027e-15	1.2916e+04	1.5095e+04	6.2089e-20	9.0053e-05	9.9991e-01	6.3615e-06	5.9873e-02	9.4012e-01	6.2312e-30	5.9326e-09	1.4428e-04	6.7319e-02	4.1841e-01	2.2962e-09	6.5285e-05	1.0204e-01	6.0917e-01	2.5063e-01	3.5270e-02	1.1755e-36	0.00e+00	0.00e+00	7.0823e-01
8.77803e+16	1.4737e+04	1.046e-15	1.2916e+04	1.5083e+04	6.2461e-20	9.0468e-05	9.9991e-01	7.4497e-06	6.9490e-02	9.3050e-01	8.1596e-30	6.6178e-09	1.5901e-04	7.3433e-02	4.4003e-01	2.7709e-09	7.7930e-05	1.1891e-01	6.1344e-01	2.3325e-01	3.1792e-02	1.1755e-36	0.00e+00	0.00e+00	7.2500e-01
8.99500e+16	1.4717e+04	1.067e-15	1.2916e+04	1.5071e+04	6.2689e-20	9.0726e-05	9.9991e-01	8.7521e-06	8.0902e-02	9.1909e-01	1.0556e-29	7.3308e-09	1.7418e-04	7.9723e-02	4.6196e-01	3.3244e-09	9.2706e-05	1.3841e-01	6.1486e-01	2.1583e-01	2.8540e-02	1.1755e-36	0.00e+00	0.00e+00	7.4028e-01
9.19187e+16	1.4692e+04	1.091e-15	1.2916e+04	1.5060e+04	6.2556e-20	9.0766e-05	9.9991e-01	1.0247e-05	9.4346e-02	9.0564e-01	1.3034e-29	7.9981e-09	1.8820e-04	8.6064e-02	4.8404e-01	3.8792e-09	1.0805e-04	1.6069e-01	6.1318e-01	1.9851e-01	2.5509e-02	1.1755e-36	0.00e+00	0.00e+00	7.5414e-01
9.37100e+16	1.4668e+04	1.114e-15	1.2916e+04	1.5044e+04	6.2779e-20	9.1285e-05	9.9991e-01	1.2112e-05	1.1035e-01	8.8964e-01	1.6740e-29	8.7788e-09	2.0455e-04	9.2532e-02	5.0623e-01	4.6683e-09	1.2856e-04	1.8631e-01	6.0793e-01	1.8120e-01	2.2662e-02	1.2972e-36	0.00e+00	0.00e+00	7.6686e-01
9.53414e+16	1.4642e+04	1.140e-15	1.2916e+04	1.5025e+04	6.3366e-20	9.1855e-05	9.9991e-01	1.4328e-05	1.2924e-01	8.7074e-01	2.1416e-29	9.5738e-09	2.2103e-04	9.8977e-02	5.2834e-01	5.5929e-09	1.5231e-04	2.1533e-01	5.9887e-01	1.6408e-01	2.0005e-02	1.5238e-36	0.00e+00	0.00e+00	7.7849e-01
9.68257e+16	1.4603e+04	1.165e-15	1.2916e+04	1.4995e+04	6.3891e-20	9.2898e-05	9.9991e-01	1.7029e-05	1.5151e-01	8.4847e-01	2.7837e-29	1.0454e-08	2.3945e-04	1.0533e-01	5.5026e-01	6.8530e-09	1.8304e-04	2.4797e-01	5.8573e-01	1.4723e-01	1.7532e-02	1.7801e-36	0.00e+00	0.00e+00	7.8921e-01
9.81828e+16	1.4556e+04	1.191e-15	1.2916e+04	1.4966e+04	6.4696e-20	9.3652e-05	9.9991e-01	2.0136e-05	1.7738e-01	8.2260e-01	3.4909e-29	1.1262e-08	2.5604e-04	1.1152e-01	5.7177e-01	8.1397e-09	2.1490e-04	2.8396e-01	5.6857e-01	1.3084e-01	1.5242e-02	2.0618e-36	0.00e+00	0.00e+00	7.9913e-01
9.94350e+16	1.4506e+04	1.216e-15	1.2916e+04	1.4933e+04	6.5413e-20	9.4426e-05	9.9991e-01	2.3735e-05	2.0733e-01	7.9264e-01	4.2999e-29	1.2034e-08	2.7207e-04	1.1748e-01	5.9277e-01	9.5798e-09	2.5019e-04	3.2331e-01	5.4732e-01	1.1499e-01	1.3129e-02	2.3495e-36	0.00e+00	0.00e+00	8.0841e-01
1.00602e+17	1.4422e+04	1.240e-15	1.2916e+04	1.4894e+04	6.6768e-20	9.5487e-05	9.9990e-01	2.7957e-05	2.4211e-01	7.5786e-01	5.2902e-29	1.2803e-08	2.8822e-04	1.2328e-01	6.1339e-01	1.1251e-08	2.9012e-04	3.6617e-01	5.2185e-01	9.9663e-02	1.1174e-02	2.6948e-36	0.00e+00	0.00e+00	8.1719e-01
1.01694e+17	1.4362e+04	1.260e-15	1.2916e+04	1.4859e+04	6.8253e-20	9.6395e-05	9.9990e-01	3.2801e-05	2.8146e-01	7.1851e-01	6.4403e-29	1.3559e-08	3.0358e-04	1.2883e-01	6.3298e-01	1.3055e-08	3.3303e-04	4.1156e-01	4.9271e-01	8.5280e-02	9.4052e-03	3.1193e-36	0.00e+00	0.00e+00	8.2549e-01
1.02717e+17	1.4264e+04	1.276e-15	1.2916e+04	1.4797e+04	6.8700e-20	9.7495e-05	9.9990e-01	3.8139e-05	3.2514e-01	6.7482e-01	7.4906e-29	1.4218e-08	3.1745e-04	1.3377e-01	6.5166e-01	1.4998e-08	3.7833e-04	4.5842e-01	4.6070e-01	7.2069e-02	7.8490e-03	3.2943e-36	0.00e+00	0.00e+00	8.3337e-01
1.03691e+17	1.4148e+04	1.285e-15	1.2916e+04	1.4743e+04	7.0599e-20	9.8752e-05	9.9990e-01	4.4144e-05	3.7316e-01	6.2680e-01	8.8240e-29	1.4870e-08	3.3126e-04	1.3855e-01	6.6923e-01	1.7097e-08	4.2618e-04	5.0643e-01	4.2623e-01	5.9974e-02	6.4648e-03	3.6733e-36	0.00e+00	0.00e+00	8.4108e-01
1.04636e+17	1.4007e+04	1.288e-15	1.2916e+04	1.4686e+04	7.3115e-20	1.0021e-04	9.9990e-01	5.0778e-05	4.2518e-01	5.7477e-01	1.0326e-28	1.5503e-08	3.4471e-04	1.4306e-01	6.8566e-01	1.9345e-08	4.7608e-04	5.5485e-01	3.8993e-01	4.9102e-02	5.2570e-03	4.1005e-36	0.00e+00	0.00e+00	8.4870e-01
1.05560e+17	1.3842e+04	1.282e-15	1.2916e+04	1.4625e+04	7.6138e-20	1.0184e-04	9.9990e-01	5.7908e-05	4.7998e-01	5.1996e-01	1.1955e-28	1.6110e-08	3.5768e-04	1.4728e-01	7.0073e-01	2.1694e-08	5.2677e-04	6.0246e-01	3.5289e-01	3.9596e-02	4.2278e-03	4.5411e-36	0.00e+00	0.00e+00	8.5630e-01
1.06614e+17	1.3618e+04	1.263e-15	1.2916e+04	1.4554e+04	8.0985e-20	1.0404e-04	9.9990e-01	6.6547e-05	5.4402e-01	4.5592e-01	1.4161e-28	1.6823e-08	3.7272e-04	1.5186e-01	7.1620e-01	2.4542e-08	5.8562e-04	6.5475e-01	3.1081e-01	3.0382e-02	3.2501e-03	5.1977e-36	0.00e+00	0.00e+00	8.6641e-01
1.07735e+17	1.3358e+04	1.233e-15	1.2916e+04	1.4479e+04	8.6400e-20	1.0646e-04	9.9989e-01	7.5887e-05	6.1172e-01	3.8820e-01	1.6471e-28	1.7526e-08	3.8765e-04	1.5631e-01	7.3022e-01	2.7506e-08	6.4484e-04	7.0601e-01	2.6810e-01	2.2635e-02	2.4470e-03	5.7769e-36	0.00e+00	0.00e+00	8.7555e-01
1.08717e+17	1.3111e+04	1.199e-15	1.2916e+04	1.4417e+04	9.2662e-20	1.0873e-04	9.9989e-01	8.3854e-05	6.6725e-01	3.3266e-01	1.8768e-28	1.8146e-08	4.0060e-04	1.5996e-01	7.4038e-01	3.0057e-08	6.9349e-04	7.4595e-01	2.3391e-01	1.7417e-02	1.9109e-03	6.4477e-36	0.00e+00	0.00e+00	8.8363e-01
1.09765e+17	1.2838e+04	1.156e-15	1.2916e+04	1.4358e+04	1.0069e-19	1.1136e-04	9.9989e-01	9.1868e-05	7.1973e-01	2.8018e-01	2.1553e-28	1.8871e-08	4.1500e-04	1.6373e-01	7.4896e-01	3.2773e-08	7.4232e-04	7.8276e-01	2.0169e-01	1.3240e-02	1.4798e-03	7.2989e-36	0.00e+00	0.00e+00	8.9438e-01
1.11127e+17	1.2489e+04	1.099e-15	1.2916e+04	1.4294e+04	1.1221e-19	1.1478e-04	9.9989e-01	1.0110e-04	7.7655e-01	2.2335e-01	2.5316e-28	1.9846e-08	4.3364e-04	1.6835e-01	7.5700e-01	3.6082e-08	7.9829e-04	8.2154e-01	1.6697e-01	9.5315e-03	1.0916e-03	8.3965e-36	0.00e+00	0.00e+00	9.0880e-01
1.12550e+17	1.2181e+04	1.044e-15	1.2916e+04	1.4243e+04	1.2535e-19	1.1784e-04	9.9988e-01	1.0901e-04	8.2288e-01	1.7701e-01	2.9206e-28	2.0745e-08	4.5038e-04	1.7251e-01	7.6264e-01	3.8904e-08	8.4389e-04	8.5240e-01	1.3879e-01	7.1004e-03	8.2901e-04	9.7360e-36	0.00e+00	0.00e+00	9.2135e-01
1.13726e+17	1.1936e+04	1.004e-15	1.2916e+04	1.4210e+04	1.3656e-19	1.2031e-04	9.9988e-01	1.1450e-04	8.5249e-01	1.4739e-01	3.2340e-28	2.1503e-08	4.6412e-04	1.7579e-01	7.6560e-01	4.1030e-08	8.7617e-04	8.7209e-01	1.2053e-01	5.7837e-03	6.7994e-04	1.0710e-35	0.00e+00	0.00e+00	9.3161e-01
1.14929e+17	1.1711e+04	9.662e-16	1.2916e+04	1.4183e+04	1.4842e-19	1.2282e-04	9.9988e-01	1.1943e-04	8.7676e-01	1.2312e-01	3.5717e-28	2.2313e-08	4.7826e-04	1.7901e-01	7.6759e-01	4.3140e-08	9.0642e-04	8.8875e-01	1.0493e-01	4.8249e-03	5.6447e-04	1.1736e-35	0.00e+00	0.00e+00	9.4523e-01
1.16493e+17	1.1466e+04	9.241e-16	1.2916e+04	1.4157e+04	1.6373e-19	1.2576e-04	9.9987e-01	1.2466e-04	9.0087e-01	9.9006e-02	3.9975e-28	2.3303e-08	4.9504e-04	1.8278e-01	7.6908e-01	4.5548e-08	9.3926e-04	9.0554e-01	8.9041e-02	3.9988e-03	4.5749e-04	1.3059e-35	0.00e+00	0.00e+00	9.6336e-01
1.18525e+17	1.1207e+04	8.801e-16	1.2916e+04	1.4132e+04	1.8278e-19	1.2913e-04	9.9987e-01	1.2999e-04	9.2334e-01	7.6530e-02	4.5125e-28	2.4477e-08	5.1441e-04	1.8706e-01	7.6986e-01	4.8216e-08	9.7346e-04	9.2159e-01	7.3713e-02	3.3389e-03	3.6313e-04	1.4641e-35	0.00e+00	0.00e+00	9.8756e-01
1.21165e+17	1.0949e+04	8.367e-16	1.2916e+04	1.4110e+04	2.0546e-19	1.3289e-04	9.9987e-01	1.3513e-04	9.4285e-01	5.7019e-02	5.1093e-28	2.5820e-08	5.3592e-04	1.9174e-01	7.6982e-01	5.1076e-08	1.0074e-03	9.3606e-01	5.9786e-02	2.8497e-03	2.8384e-04	1.6425e-35	0.00e+00	0.00e+00	1.0199e+00
1.24555e+17	1.0710e+04	7.971e-16	1.2916e+04	1.4092e+04	2.2959e-19	1.3697e-04	9.9986e-01	1.3983e-04	9.5857e-01	4.1290e-02	5.7331e-28	2.7296e-08	5.5876e-04	1.9665e-01	7.6900e-01	5.4041e-08	1.0395e-03	9.4830e-01	4.7923e-02	2.5088e-03	2.2032e-04	1.8026e-35	0.00e+00	0.00e+00	1.0623e+00
1.28926e+17	1.0500e+04	7.627e-16	1.2916e+04	1.4078e+04	2.5828e-19	1.4151e-04	9.9986e-01	1.4407e-04	9.7066e-01	2.9194e-02	6.4692e-28	2.8920e-08	5.8285e-04	2.0176e-01	7.6746e-01	5.7156e-08	1.0694e-03	9.5834e-01	3.8138e-02	2.2737e-03	1.7023e-04	2.0156e-35	0.00e+00	0.00e+00	1.1194e+00
1.34608e+17	1.0325e+04	7.344e-16	1.2916e+04	1.4067e+04	2.8961e-19	1.4671e-04	9.9985e-01	1.4789e-04	9.7963e-01	2.0223e-02	7.2850e-28	3.0723e-08	6.0829e-04	2.0709e-01	7.6528e-01	6.0508e-08	1.0969e-03	9.6632e-01	3.0333e-02	2.1070e-03	1.3144e-04	2.2469e-35	0.00e+00	0.00e+00	1.1962e+00
1.41994e+17	1.0190e+04	7.129e-16	1.2916e+04	1.4060e+04	3.2084e-19	1.5294e-04	9.9985e-01	1.5136e-04	9.8604e-01	1.3811e-02	8.1495e-28	3.2785e-08	6.3565e-04	2.1272e-01	7.6246e-01	6.4293e-08	1.1226e-03	9.7251e-01	2.4282e-02	1.9806e-03	1.0187e-04	2.4527e-35	0.00e+00	0.00e+00	1.3004e+00
1.51596e+17	1.0103e+04	6.982e-16	1.2916e+04	1.4055e+04	3.6026e-19	1.6074e-04	9.9984e-01	1.5456e-04	9.9048e-01	9.3627e-03	9.2769e-28	3.5153e-08	6.6473e-04	2.1859e-01	7.5918e-01	6.8695e-08	1.1459e-03	9.7721e-01	1.9683e-02	1.8742e-03	7.9521e-05	2.7984e-35	0.00e+00	0.00e+00	1.4427e+00
1.64080e+17	1.0055e+04	6.914e-16	1.2916e+04	1.4051e+04	4.0708e-19	1.7166e-04	9.9983e-01	1.5828e-04	9.9350e-01	6.3388e-03	1.0823e-27	3.8355e-08	7.0183e-04	2.2575e-01	7.5450e-01	7.4772e-08	1.1722e-03	9.8079e-01	1.6198e-02	1.7724e-03	6.2484e-05	3.2397e-35	0.00e+00	0.00e+00	1.6402e+00
1.79692e+17	1.0065e+04	6.928e-16	1.2916e+04	1.4049e+04	4.6526e-19	1.8661e-04	9.9981e-01	1.6225e-04	9.9546e-01	4.3826e-03	1.2955e-27	4.2366e-08	7.4440e-04	2.3360e-01	7.4897e-01	8.2823e-08	1.1989e-03	9.8342e-01	1.3653e-02	1.6724e-03	4.9817e-05	3.8909e-35	0.00e+00	0.00e+00	1.9007e+00
1.97661e+17	1.0146e+04	7.027e-16	1.2916e+04	1.4047e+04	5.4431e-19	2.0665e-04	9.9979e-01	1.6673e-04	9.9665e-01	3.1794e-03	1.6161e-27	4.7270e-08	7.9254e-04	2.4191e-01	7.4271e-01	9.3570e-08	1.2265e-03	9.8529e-01	1.1860e-02	1.5776e-03	4.0654e-05	5.0386e-35	0.00e+00	0.00e+00	2.2179e+00
2.17427e+17	1.0256e+04	7.225e-16	1.2916e+04	1.4046e+04	6.5250e-19	2.3423e-04	9.9977e-01	1.7239e-04	9.9742e-01	2.4125e-03	2.1217e-27	5.3726e-08	8.5315e-04	2.5143e-01	7.3499e-01	1.0898e-07	1.2612e-03	9.8670e-01	1.0512e-02	1.4849e-03	3.3641e-05	6.8559e-35	0.00e+00	0.00e+00	2.6134e+00
2.39170e+17	1.0443e+04	7.511e-16	1.2916e+04	1.4045e+04	8.2273e-19	2.7241e-04	9.9973e-01	1.7992e-04	9.9792e-01	1.8981e-03	3.0397e-27	6.2063e-08	9.2767e-04	2.6197e-01	7.2605e-01	1.3164e-07	1.3032e-03	9.8783e-01	9.4372e-03	1.3962e-03	2.7984e-05	1.0775e-34	0.00e+00	0.00e+00	3.1194e+00
2.61042e+17	1.0666e+04	7.898e-16	1.2916e+04	1.4044e+04	1.0610e-18	3.2364e-04	9.9968e-01	1.8838e-04	9.9825e-01	1.5645e-03	4.5909e-27	7.2380e-08	1.0173e-03	2.7331e-01	7.1599e-01	1.6470e-07	1.3560e-03	9.8867e-01	8.6254e-03	1.3189e-03	2.3664e-05	1.7875e-34	0.00e+00	0.00e+00	3.6727e+00
2.81491e+17	1.0916e+04	8.332e-16	1.2916e+04	1.4043e+04	1.3752e-18	3.8700e-04	9.9961e-01	1.9903e-04	9.9846e-01	1.3437e-03	7.2169e-27	8.4603e-08	1.1225e-03	2.8516e-01	7.0513e-01	2.1081e-07	1.4197e-03	9.8933e-01	7.9776e-03	1.2537e-03	2.0291e-05	3.0750e-34	0.00e+00	0.00e+00	4.3017e+00
3.00276e+17	1.1175e+04	8.797e-16	1.2916e+04	1.4041e+04	1.8140e-18	4.6386e-04	9.9954e-01	2.1129e-04	9.9860e-01	1.1908e-03	1.1829e-26	9.8829e-08	1.2455e-03	2.9760e-01	6.9345e-01	2.7496e-07	1.4971e-03	9.8984e-01	7.4455e-03	1.1998e-03	1.7606e-05	5.5983e-34	0.00e+00	0.00e+00	4.9687e+00
3.16463e+17	1.1416e+04	9.248e-16	1.2916e+04	1.4040e+04	2.4094e-18	5.5007e-04	9.9945e-01	2.2453e-04	9.9869e-01	1.0852e-03	1.9656e-26	1.1448e-07	1.3822e-03	3.1011e-01	6.8149e-01	3.5857e-07	1.5859e-03	9.9023e-01	7.0087e-03	1.1572e-03	1.5505e-05	1.0494e-33	0.00e+00	0.00e+00	5.6297e+00
3.30081e+17	1.1625e+04	9.656e-16	1.2916e+04	1.4039e+04	3.0917e-18	6.4139e-04	9.9936e-01	2.3868e-04	9.9875e-01	1.0094e-03	3.1576e-26	1.3119e-07	1.5297e-03	3.2250e-01	6.6951e-01	4.6182e-07	1.6831e-03	9.9054e-01	6.6355e-03	1.1230e-03	1.3829e-05	1.8323e-33	0.00e+00	0.00e+00	6.2834e+00
3.41958e+17	1.1808e+04	1.003e-15	1.2916e+04	1.4037e+04	3.9167e-18	7.3872e-04	9.9926e-01	2.5383e-04	9.9880e-01	9.5047e-04	5.0087e-26	1.4940e-07	1.6918e-03	3.3511e-01	6.5721e-01	5.8973e-07	1.7904e-03	9.9081e-01	6.2926e-03	1.0938e-03	1.2406e-05	3.1252e-33	0.00e+00	0.00e+00	6.9613e+00
3.52873e+17	1.1969e+04	1.038e-15	1.2916e+04	1.4036e+04	5.0571e-18	8.4685e-04	9.9915e-01	2.7050e-04	9.9883e-01	9.0035e-04	8.1212e-26	1.7020e-07	1.8779e-03	3.4859e-01	6.4396e-01	7.5438e-07	1.9135e-03	9.9104e-01	5.9628e-03	1.0671e-03	1.1132e-05	5.5585e-33	0.00e+00	0.00e+00	7.6914e+00
3.63113e+17	1.2125e+04	1.072e-15	1.2916e+04	1.4034e+04	6.3349e-18	9.6910e-04	9.9903e-01	2.8944e-04	9.9885e-01	8.5670e-04	1.3018e-25	1.9438e-07	2.0951e-03	3.6306e-01	6.2965e-01	9.7198e-07	2.0587e-03	9.9125e-01	5.6349e-03	1.0429e-03	9.9616e-06	9.2950e-33	0.00e+00	0.00e+00	8.4741e+00
3.72599e+17	1.2278e+04	1.105e-15	1.2916e+04	1.4032e+04	7.7482e-18	1.1054e-03	9.9889e-01	3.1099e-04	9.9887e-01	8.1942e-04	2.0666e-25	2.2212e-07	2.3452e-03	3.7834e-01	6.1448e-01	1.2570e-06	2.2277e-03	9.9142e-01	5.3169e-03	1.0215e-03	8.9063e-06	1.4866e-32	0.00e+00	0.00e+00	9.2911e+00
3.81257e+17	1.2393e+04	1.136e-15	1.2916e+04	1.4030e+04	1.0035e-17	1.2565e-03	9.9874e-01	3.3453e-04	9.9888e-01	7.8678e-04	3.4363e-25	2.5416e-07	2.6332e-03	3.9458e-01	5.9828e-01	1.6259e-06	2.4222e-03	9.9156e-01	5.0033e-03	1.0013e-03	7.9468e-06	2.6648e-32	0.00e+00	0.00e+00	1.0136e+01
3.89163e+17	1.2507e+04	1.165e-15	1.2916e+04	1.4028e+04	1.2525e-17	1.4190e-03	9.9858e-01	3.5988e-04	9.9888e-01	7.5985e-04	5.5459e-25	2.8984e-07	2.9552e-03	4.1125e-01	5.8157e-01	2.0939e-06	2.6416e-03	9.9165e-01	4.7175e-03	9.8345e-04	7.1116e-06	4.4411e-32	0.00e+00	0.00e+00	1.1011e+01
3.96520e+17	1.2623e+04	1.192e-15	1.2916e+04	1.4026e+04	1.5638e-17	1.5994e-03	9.9840e-01	3.8812e-04	9.9888e-01	7.3566e-04	9.0253e-25	3.3107e-07	3.3252e-03	4.2879e-01	5.6394e-01	2.7045e-06	2.8956e-03	9.9169e-01	4.4343e-03	9.6729e-04	6.3449e-06	7.4604e-32	0.00e+00	0.00e+00	1.1944e+01
4.03480e+17	1.2728e+04	1.218e-15	1.2916e+04	1.4024e+04	1.9434e-17	1.8032e-03	9.9820e-01	4.2026e-04	9.9887e-01	7.1268e-04	1.4783e-24	3.7949e-07	3.7594e-03	4.4759e-01	5.4497e-01	3.5178e-06	3.1966e-03	9.9169e-01	4.1526e-03	9.5189e-04	5.6335e-06	1.2403e-31	0.00e+00	0.00e+00	1.2939e+01
4.10023e+17	1.2824e+04	1.243e-15	1.2916e+04	1.4021e+04	2.4300e-17	2.0324e-03	9.9797e-01	4.5664e-04	9.9885e-01	6.9159e-04	2.4554e-24	4.3626e-07	4.2666e-03	4.6752e-01	5.2478e-01	4.6033e-06	3.5531e-03	9.9162e-01	3.8770e-03	9.3741e-04	4.9822e-06	2.0928e-31	0.00e+00	0.00e+00	1.3985e+01
4.16095e+17	1.2911e+04	1.269e-15	1.2916e+04	1.4016e+04	3.0207e-17	2.2906e-03	9.9771e-01	4.9800e-04	9.9883e-01	6.7221e-04	4.0908e-24	5.0265e-07	4.8570e-03	4.8845e-01	5.0349e-01	6.0569e-06	3.9753e-03	9.9149e-01	3.6045e-03	9.2390e-04	4.3854e-06	3.4886e-31	0.00e+00	0.00e+00	1.5074e+01
4.21696e+17	1.2986e+04	1.292e-15	1.2916e+04	1.4013e+04	3.7889e-17	2.5732e-03	9.9743e-01	5.4356e-04	9.9880e-01	6.5575e-04	6.8617e-24	5.7870e-07	5.5308e-03	5.1001e-01	4.8149e-01	7.9600e-06	4.4659e-03	9.9126e-01	3.3480e-03	9.1114e-04	3.8575e-06	5.9236e-31	0.00e+00	0.00e+00	1.6201e+01
4.26847e+17	1.3051e+04	1.314e-15	1.2916e+04	1.4008e+04	4.7274e-17	2.8836e-03	9.9712e-01	5.9385e-04	9.9876e-01	6.4124e-04	1.1466e-23	6.6595e-07	6.2989e-03	5.3207e-01	4.5887e-01	1.0458e-05	5.0374e-03	9.9094e-01	3.1043e-03	8.9912e-04	3.3883e-06	9.9468e-31	0.00e+00	0.00e+00	1.7361e+01
4.31553e+17	1.3108e+04	1.335e-15	1.2916e+04	1.4004e+04	5.8791e-17	3.2220e-03	9.9678e-01	6.4901e-04	9.9872e-01	6.2854e-04	1.9069e-23	7.6498e-07	7.1662e-03	5.5434e-01	4.3592e-01	1.3713e-05	5.6997e-03	9.9052e-01	2.8755e-03	8.8784e-04	2.9752e-06	1.6584e-30	0.00e+00	0.00e+00	1.8537e+01
4.35817e+17	1.3156e+04	1.353e-15	1.2916e+04	1.3999e+04	7.2714e-17	3.5864e-03	9.9641e-01	7.0882e-04	9.9867e-01	6.1814e-04	3.1392e-23	8.7584e-07	8.1318e-03	5.7647e-01	4.1300e-01	1.7896e-05	6.4584e-03	9.8998e-01	2.6633e-03	8.7726e-04	2.6154e-06	2.7307e-30	0.00e+00	0.00e+00	1.9721e+01
4.39692e+17	1.3196e+04	1.371e-15	1.2916e+04	1.3994e+04	8.9444e-17	3.9782e-03	9.9602e-01	7.7354e-04	9.9862e-01	6.0950e-04	5.1139e-23	9.9937e-07	9.2023e-03	5.9835e-01	3.9022e-01	2.3245e-05	7.3258e-03	9.8931e-01	2.4663e-03	8.6719e-04	2.3016e-06	4.4392e-30	0.00e+00	0.00e+00	2.0921e+01
4.43250e+17	1.3228e+04	1.387e-15	1.2916e+04	1.3988e+04	1.0976e-16	4.4027e-03	9.9560e-01	8.4414e-04	9.9855e-01	6.0158e-04	8.2870e-23	1.1378e-06	1.0395e-02	6.2004e-01	3.6749e-01	3.0123e-05	8.3256e-03	9.8850e-01	2.2818e-03	8.5743e-04	2.0252e-06	7.1727e-30	0.00e+00	0.00e+00	2.2148e+01
4.46546e+17	1.3247e+04	1.402e-15	1.2916e+04	1.3983e+04	1.3497e-16	4.8623e-03	9.9514e-01	9.2128e-04	9.9848e-01	5.9429e-04	1.3402e-22	1.2921e-06	1.1728e-02	6.4149e-01	3.4485e-01	3.8964e-05	9.4813e-03	9.8752e-01	2.1109e-03	8.4761e-04	1.7827e-06	1.1599e-29	0.00e+00	0.00e+00	2.3406e+01
4.48997e+17	1.3263e+04	1.414e-15	1.2916e+04	1.3978e+04	1.6075e-16	5.2857e-03	9.9471e-01	9.9249e-04	9.9842e-01	5.8945e-04	2.0106e-22	1.4359e-06	1.2957e-02	6.5844e-01	3.2679e-01	4.8530e-05	1.0619e-02	9.8651e-01	1.9782e-03	8.4038e-04	1.6030e-06	1.7444e-29	0.00e+00	0.00e+00	2.4151e+01
4.50429e+17	1.3277e+04	1.421e-15	1.2916e+04	1.3973e+04	1.7772e-16	5.5568e-03	9.9444e-01	1.0391e-03	9.9834e-01	6.1621e-04	2.5633e-22	1.5315e-06	1.3766e-02	6.6875e-01	3.1574e-01	5.5436e-05	1.1385e-02	9.8582e-01	1.9051e-03	8.3610e-04	1.5050e-06	2.2148e-29	0.00e+00	0.00e+00	2.4665e+01
4.51734e+17	1.3283e+04	1.426e-15	1.2916e+04	1.3969e+04	1.9485e-16	5.8081e-03	9.9419e-01	1.0823e-03	9.9828e-01	6.3490e-04	3.1855e-22	1.6223e-06	1.4536e-02	6.7844e-01	3.0534e-01	6.2313e-05	1.2104e-02	9.8516e-01	1.8375e-03	8.3161e-04	1.4192e-06	2.7460e-29	0.00e+00	0.00e+00	2.5364e+01
4.53431e+17	1.3282e+04	1.435e-15	1.2916e+04	1.3965e+04	2.2129e-16	6.1641e-03	9.9384e-01	1.1433e-03	9.9823e-01	6.2522e-04	4.2726e-22	1.7517e-06	1.5632e-02	6.9130e-01	2.9146e-01	7.2941e-05	1.3154e-02	9.8420e-01	1.7444e-03	8.2529e-04	1.3080e-06	3.6808e-29	0.00e+00	0.00e+00	2.6328e+01
4.55304e+17	1.3281e+04	1.445e-15	1.2916e+04	1.3960e+04	2.5740e-16	6.6183e-03	9.9338e-01	1.2209e-03	9.9818e-01	6.0243e-04	6.0599e-22	1.9171e-06	1.7028e-02	7.0587e-01	2.7558e-01	8.8166e-05	1.4557e-02	9.8290e-01	1.6384e-03	8.1807e-04	1.1865e-06	5.2150e-29	0.00e+00	0.00e+00	2.7313e+01
4.56928e+17	1.3297e+04	1.452e-15	1.2916e+04	1.3951e+04	2.9231e-16	7.0699e-03	9.9293e-01	1.2986e-03	9.9811e-01	5.9531e-04	8.3298e-22	2.0840e-06	1.8420e-02	7.1884e-01	2.6130e-01	1.0539e-04	1.6036e-02	9.8150e-01	1.5482e-03	8.1225e-04	1.0855e-06	7.0813e-29	0.00e+00	0.00e+00	2.8133e+01
4.58231e+17	1.3276e+04	1.460e-15	1.2916e+04	1.3947e+04	3.3042e-16	7.4749e-03	9.9253e-01	1.3689e-03	9.9803e-01	6.0087e-04	1.0962e-21	2.2329e-06	1.9688e-02	7.2959e-01	2.4935e-01	1.2240e-04	1.7400e-02	9.8019e-01	1.4763e-03	8.0608e-04	1.0064e-06	9.3050e-29	0.00e+00	0.00e+00	2.8856e+01
4.59595e+17	1.3293e+04	1.465e-15	1.2916e+04	1.3940e+04	3.6810e-16	7.9120e-03	9.9209e-01	1.4449e-03	9.9795e-01	6.0508e-04	1.4446e-21	2.4018e-06	2.1084e-02	7.4087e-01	2.3673e-01	1.4291e-04	1.8949e-02	9.7870e-01	1.4024e-03	8.0057e-04	9.2991e-07	1.2108e-28	0.00e+00	0.00e+00	2.9850e+01
4.60979e+17	1.3276e+04	1.474e-15	1.2916e+04	1.3934e+04	4.2285e-16	8.4425e-03	9.9156e-01	1.5368e-03	9.9787e-01	5.8923e-04	1.9850e-21	2.6011e-06	2.2750e-02	7.5255e-01	2.2345e-01	1.7036e-04	2.0885e-02	9.7683e-01	1.3220e-03	7.9351e-04	8.4940e-07	1.6578e-28	0.00e+00	0.00e+00	3.0694e+01
4.62031e+17	1.3266e+04	1.480e-15	1.2916e+04	1.3929e+04	4.7084e-16	8.8871e-03	9.9111e-01	1.6150e-03	9.9779e-01	5.9182e-04	2.5544e-21	2.7694e-06	2.4171e-02	7.6147e-01	2.1316e-01	1.9610e-04	2.2598e-02	9.7515e-01	1.2641e-03	7.8793e-04	7.9164e-07	2.1219e-28	0.00e+00	0.00e+00	3.1329e+01
4.62868e+17	1.3262e+04	1.484e-15	1.2916e+04	1.3924e+04	5.1248e-16	9.2628e-03	9.9074e-01	1.6812e-03	9.9772e-01	5.9978e-04	3.1297e-21	2.9154e-06	2.5381e-02	7.6862e-01	2.0484e-01	2.1973e-04	2.4092e-02	9.7369e-01	1.2180e-03	7.8344e-04	7.4740e-07	2.5858e-28	0.00e+00	0.00e+00	3.1933e+01
4.63787e+17	1.3251e+04	1.489e-15	1.2916e+04	1.3919e+04	5.6382e-16	9.6938e-03	9.9031e-01	1.7573e-03	9.9764e-01	6.0191e-04	3.9149e-21	3.0838e-06	2.6781e-02	7.7651e-01	1.9560e-01	2.4885e-04	2.5841e-02	9.7196e-01	1.1674e-03	7.7805e-04	7.0066e-07	3.2186e-28	0.00e+00	0.00e+00	3.2754e+01
4.64982e+17	1.3243e+04	1.495e-15	1.2916e+04	1.3912e+04	6.4086e-16	1.0303e-02	9.8970e-01	1.8649e-03	9.9754e-01	5.9094e-04	5.2912e-21	3.3227e-06	2.8766e-02	7.8666e-01	1.8352e-01	2.9424e-04	2.8417e-02	9.6942e-01	1.1015e-03	7.7076e-04	6.4205e-07	4.3307e-28	0.00e+00	0.00e+00	3.3888e+01
4.66156e+17	1.3230e+04	1.502e-15	1.2916e+04	1.3899e+04	7.3391e-16	1.1032e-02	9.8897e-01	1.9916e-03	9.9744e-01	5.7116e-04	7.3412e-21	3.6026e-06	3.1075e-02	7.9665e-01	1.7128e-01	3.5503e-04	3.1628e-02	9.6622e-01	1.0328e-03	7.6297e-04	5.8290e-07	5.9286e-28	0.00e+00	0.00e+00	3.4785e+01
4.66984e+17	1.3203e+04	1.508e-15	1.2916e+04	1.3893e+04	8.2323e-16	1.1611e-02	9.8839e-01	2.0945e-03	9.9733e-01	5.7311e-04	9.4605e-21	3.8252e-06	3.2940e-02	8.0365e-01	1.6246e-01	4.0872e-04	3.4291e-02	9.6356e-01	9.8537e-04	7.5634e-04	5.4236e-07	7.6503e-28	0.00e+00	0.00e+00	3.5410e+01
4.67621e+17	1.3211e+04	1.510e-15	1.2916e+04	1.3886e+04	8.8537e-16	1.2063e-02	9.8794e-01	2.1751e-03	9.9724e-01	5.8017e-04	1.1394e-20	4.0063e-06	3.4416e-02	8.0889e-01	1.5577e-01	4.5488e-04	3.6486e-02	9.6136e-01	9.5052e-04	7.5193e-04	5.1385e-07	9.1429e-28	0.00e+00	0.00e+00	3.6011e+01
4.68324e+17	1.3190e+04	1.515e-15	1.2916e+04	1.3878e+04	9.6961e-16	1.2595e-02	9.8741e-01	2.2702e-03	9.9715e-01	5.8168e-04	1.4057e-20	4.2157e-06	3.6152e-02	8.1468e-01	1.4828e-01	5.1225e-04	3.9070e-02	9.5876e-01	9.1192e-04	7.4597e-04	4.8282e-07	1.1212e-27	0.00e+00	0.00e+00	3.6828e+01
4.69238e+17	1.3170e+04	1.520e-15	1.2916e+04	1.3869e+04	1.0993e-15	1.3346e-02	9.8665e-01	2.4041e-03	9.9702e-01	5.7372e-04	1.8706e-20	4.5115e-06	3.8597e-02	8.2200e-01	1.3857e-01	6.0107e-04	4.2860e-02	9.5494e-01	8.6143e-04	7.3784e-04	4.4380e-07	1.4902e-27	0.00e+00	0.00e+00	3.7952e+01
4.70163e+17	1.3147e+04	1.526e-15	1.2916e+04	1.3856e+04	1.2628e-15	1.4249e-02	9.8575e-01	2.5642e-03	9.9688e-01	5.5811e-04	2.5724e-20	4.8600e-06	4.1487e-02	8.2912e-01	1.2860e-01	7.2037e-04	4.7621e-02	9.5012e-01	8.0815e-04	7.2863e-04	4.0375e-07	2.0415e-27	0.00e+00	0.00e+00	3.8901e+01
4.70857e+17	1.3116e+04	1.532e-15	1.2916e+04	1.3849e+04	1.4216e-15	1.5019e-02	9.8498e-01	2.7030e-03	9.9674e-01	5.5580e-04	3.3346e-20	5.1582e-06	4.3966e-02	8.3427e-01	1.2101e-01	8.3302e-04	5.1836e-02	9.4584e-01	7.6833e-04	7.2050e-04	3.7420e-07	2.6526e-27	0.00e+00	0.00e+00	3.9602e+01
4.71403e+17	1.3109e+04	1.534e-15	1.2916e+04	1.3839e+04	1.5429e-15	1.5651e-02	9.8435e-01	2.8166e-03	9.9663e-01	5.5832e-04	4.0673e-20	5.4074e-06	4.6010e-02	8.3816e-01	1.1511e-01	9.3450e-04	5.5457e-02	9.4216e-01	7.3795e-04	7.1440e-04	3.5250e-07	3.2125e-27	0.00e+00	0.00e+00	4.0264e+01
4.72000e+17	1.3075e+04	1.539e-15	1.2916e+04	1.3831e+04	1.7102e-15	1.6379e-02	9.8362e-01	2.9496e-03	9.9649e-01	5.5780e-04	5.0855e-20	5.6923e-06	4.8381e-02	8.4225e-01	1.0867e-01	1.0590e-03	5.9662e-02	9.3787e-01	7.0557e-04	7.0661e-04	3.2965e-07	4.0170e-27	0.00e+00	0.00e+00	4.1166e+01
4.72777e+17	1.3048e+04	1.543e-15	1.2916e+04	1.3820e+04	1.9519e-15	1.7411e-02	9.8259e-01	3.1369e-03	9.9631e-01	5.4993e-04	6.8539e-20	6.0974e-06	5.1718e-02	8.4721e-01	1.0041e-01	1.2536e-03	6.5877e-02	9.3151e-01	6.6323e-04	6.9613e-04	3.0105e-07	5.4086e-27	0.00e+00	0.00e+00	4.2411e+01
4.73551e+17	1.3022e+04	1.549e-15	1.2916e+04	1.3806e+04	2.2595e-15	1.8650e-02	9.8135e-01	3.3599e-03	9.9610e-01	5.3569e-04	9.5533e-20	6.5720e-06	5.5644e-02	8.5164e-01	9.2102e-02	1.5155e-03	7.3662e-02	9.2352e-01	6.1908e-04	6.8410e-04	2.7197e-07	7.5282e-27	0.00e+00	0.00e+00	4.3433e+01
4.74118e+17	1.2992e+04	1.553e-15	1.2916e+04	1.3791e+04	2.5358e-15	1.9688e-02	9.8031e-01	3.5480e-03	9.9592e-01	5.3219e-04	1.2379e-19	6.9666e-06	5.8922e-02	8.5451e-01	8.5982e-02	1.7589e-03	8.0415e-02	9.1657e-01	5.8654e-04	6.7410e-04	2.5100e-07	9.7186e-27	0.00e+00	0.00e+00	4.4173e+01
4.74559e+17	1.2978e+04	1.555e-15	1.2916e+04	1.3773e+04	2.7566e-15	2.0528e-02	9.7947e-01	3.7011e-03	9.9577e-01	5.3243e-04	1.5086e-19	7.2857e-06	6.1593e-02	8.5651e-01	8.1331e-02	1.9745e-03	8.6107e-02	9.1069e-01	5.6239e-04	6.6637e-04	2.3589e-07	1.1750e-26	0.00e+00	0.00e+00	4.4879e+01
4.75045e+17	1.2939e+04	1.559e-15	1.2916e+04	1.3763e+04	3.0704e-15	2.1504e-02	9.7850e-01	3.8828e-03	9.9559e-01	5.3057e-04	1.8928e-19	7.6634e-06	6.4719e-02	8.5848e-01	7.6262e-02	2.2412e-03	9.2765e-02	9.0380e-01	5.3644e-04	6.5653e-04	2.1981e-07	1.4796e-26	0.00e+00	0.00e+00	4.5841e+01
4.75675e+17	1.2904e+04	1.563e-15	1.2916e+04	1.3749e+04	3.5211e-15	2.2895e-02	9.7710e-01	4.1399e-03	9.9534e-01	5.2304e-04	2.5592e-19	8.1975e-06	6.9128e-02	8.6056e-01	6.9804e-02	2.6596e-03	1.0260e-01	8.9359e-01	5.0267e-04	6.4298e-04	1.9966e-07	2.0011e-26	0.00e+00	0.00e+00	4.7172e+01
4.76317e+17	1.2867e+04	1.568e-15	1.2916e+04	1.3730e+04	4.1155e-15	2.4606e-02	9.7539e-01	4.4529e-03	9.9504e-01	5.1000e-04	3.6040e-19	8.8362e-06	7.4422e-02	8.6187e-01	6.3232e-02	3.2337e-03	1.1510e-01	8.8057e-01	4.6668e-04	6.2681e-04	1.7872e-07	2.8206e-26	0.00e+00	0.00e+00	4.8316e+01
4.76805e+17	1.2830e+04	1.572e-15	1.2916e+04	1.3709e+04	4.6909e-15	2.6107e-02	9.7389e-01	4.7291e-03	9.9477e-01	5.0384e-04	4.7712e-19	9.3898e-06	7.9036e-02	8.6226e-01	5.8256e-02	3.7931e-03	1.2639e-01	8.6877e-01	4.3903e-04	6.1283e-04	1.6305e-07	3.7413e-26	0.00e+00	0.00e+00	4.9179e+01
4.77194e+17	1.2813e+04	1.572e-15	1.2916e+04	1.3682e+04	5.2109e-15	2.7351e-02	9.7265e-01	4.9600e-03	9.9454e-01	5.0113e-04	5.9758e-19	9.8424e-06	8.2888e-02	8.6224e-01	5.4443e-02	4.3047e-03	1.3617e-01	8.5850e-01	4.1822e-04	6.0170e-04	1.5162e-07	4.7143e-26	0.00e+00	0.00e+00	5.0009e+01
4.77621e+17	1.2771e+04	1.575e-15	1.2916e+04	1.3665e+04	5.8931e-15	2.8836e-02	9.7116e-01	5.2386e-03	9.9426e-01	4.9682e-04	7.6891e-19	1.0393e-05	8.7461e-02	8.6184e-01	5.0296e-02	4.9540e-03	1.4778e-01	8.4628e-01	3.9554e-04	5.8772e-04	1.3932e-07	6.1047e-26	0.00e+00	0.00e+00	5.1145e+01
4.78177e+17	1.2722e+04	1.578e-15	1.2916e+04	1.3640e+04	6.9480e-15	3.0985e-02	9.6901e-01	5.6404e-03	9.9387e-01	4.8747e-04	1.0803e-18	1.1177e-05	9.3990e-02	8.6056e-01	4.5073e-02	5.9899e-03	1.6499e-01	8.2808e-01	3.6644e-04	5.6792e-04	1.2398e-07	8.6539e-26	0.00e+00	0.00e+00	5.2733e+01
4.78745e+17	1.2668e+04	1.583e-15	1.2916e+04	1.3606e+04	8.4081e-15	3.3698e-02	9.6630e-01	6.1421e-03	9.9338e-01	4.7309e-04	1.5956e-18	1.2131e-05	1.0199e-01	8.5787e-01	3.9792e-02	7.4517e-03	1.8707e-01	8.0460e-01	3.3516e-04	5.4370e-04	1.0798e-07	1.2924e-25	0.00e+00	0.00e+00	5.4125e+01
4.79183e+17	1.2616e+04	1.586e-15	1.2916e+04	1.3579e+04	9.8598e-15	3.6142e-02	9.6386e-01	6.6046e-03	9.9293e-01	4.6437e-04	2.2036e-18	1.2998e-05	1.0920e-01	8.5468e-01	3.5800e-02	8.9229e-03	2.0734e-01	7.8290e-01	3.1110e-04	5.2208e-04	9.5960e-08	1.7984e-25	0.00e+00	0.00e+00	5.5214e+01
4.79544e+17	1.2585e+04	1.586e-15	1.2916e+04	1.3540e+04	1.1231e-14	3.8308e-02	9.6169e-01	7.0116e-03	9.9253e-01	4.5864e-04	2.8761e-18	1.3731e-05	1.1551e-01	8.5151e-01	3.2664e-02	1.0356e-02	2.2566e-01	7.6318e-01	2.9210e-04	5.0376e-04	8.6850e-08	2.3601e-25	0.00e+00	0.00e+00	5.6313e+01
4.79948e+17	1.2520e+04	1.588e-15	1.2916e+04	1.3514e+04	1.3152e-14	4.1000e-02	9.5900e-01	7.5281e-03	9.9202e-01	4.5094e-04	3.9102e-18	1.4671e-05	1.2332e-01	8.4713e-01	2.9254e-02	1.2265e-02	2.4798e-01	7.3900e-01	2.7137e-04	4.8078e-04	1.1755e-36	3.2334e-25	0.00e+00	0.00e+00	5.7842e+01
4.80474e+17	1.2453e+04	1.590e-15	1.2916e+04	1.3473e+04	1.6289e-14	4.5046e-02	9.5495e-01	8.2954e-03	9.9127e-01	4.3794e-04	5.9434e-18	1.6034e-05	1.3472e-01	8.3997e-01	2.5043e-02	1.5436e-02	2.8136e-01	7.0252e-01	2.4468e-04	4.4787e-04	1.1755e-36	4.9796e-25	0.00e+00	0.00e+00	6.0027e+01
4.81002e+17	1.2382e+04	1.592e-15	1.2916e+04	1.3396e+04	2.0876e-14	5.0324e-02	9.4968e-01	9.2687e-03	9.9031e-01	4.2026e-04	9.5684e-18	1.7666e-05	1.4882e-01	8.2999e-01	2.0955e-02	2.0058e-02	3.2360e-01	6.5572e-01	2.1642e-04	4.0833e-04	1.1755e-36	8.1331e-25	0.00e+00	0.00e+00	6.1914e+01
4.81386e+17	1.2312e+04	1.592e-15	1.2916e+04	1.3343e+04	2.5592e-14	5.5046e-02	9.4495e-01	1.0168e-02	9.8942e-01	4.0867e-04	1.3989e-17	1.9144e-05	1.6133e-01	8.2036e-01	1.8094e-02	2.4630e-02	3.5993e-01	6.1487e-01	1.9587e-04	3.7485e-04	1.1755e-36	1.2038e-24	0.00e+00	0.00e+00	6.3294e+01
4.81674e+17	1.2277e+04	1.587e-15	1.2916e+04	1.3266e+04	2.9683e-14	5.8899e-02	9.4110e-01	1.0896e-02	9.8870e-01	4.0144e-04	1.8509e-17	2.0245e-05	1.7134e-01	8.1235e-01	1.6107e-02	2.8683e-02	3.8892e-01	5.8186e-01	1.8142e-04	3.4956e-04	1.1755e-36	1.5999e-24	0.00e+00	0.00e+00	6.4588e+01
4.81984e+17	1.2206e+04	1.585e-15	1.2916e+04	1.3212e+04	3.5433e-14	6.3604e-02	9.3640e-01	1.1794e-02	9.8781e-01	3.9292e-04	2.5299e-17	2.1627e-05	1.8326e-01	8.0248e-01	1.4065e-02	3.3834e-02	4.2135e-01	5.4433e-01	1.6626e-04	3.2050e-04	1.1755e-36	2.2106e-24	0.00e+00	0.00e+00	6.6406e+01
4.82387e+17	1.2128e+04	1.579e-15	1.2916e+04	1.3112e+04	4.4969e-14	7.0718e-02	9.2928e-01	1.3133e-02	9.8649e-01	3.8099e-04	3.8404e-17	2.3573e-05	2.0052e-01	7.8768e-01	1.1623e-02	4.2140e-02	4.6650e-01	4.9093e-01	1.4722e-04	2.8109e-04	1.1755e-36	3.4018e-24	0.00e+00	0.00e+00	6.9034e+01
4.82794e+17	1.2031e+04	1.574e-15	1.2916e+04	1.2984e+04	5.9903e-14	8.0310e-02	9.1969e-01	1.4905e-02	9.8473e-01	3.6622e-04	6.2046e-17	2.5985e-05	2.2228e-01	7.6827e-01	9.2972e-03	5.3977e-02	5.1848e-01	4.2718e-01	1.2710e-04	2.3596e-04	1.1755e-36	5.6100e-24	0.00e+00	0.00e+00	7.1376e+01
4.83089e+17	1.1942e+04	1.570e-15	1.2916e+04	1.2899e+04	7.6354e-14	8.9354e-02	9.1065e-01	1.6596e-02	9.8305e-01	3.5482e-04	9.1610e-17	2.8196e-05	2.4198e-01	7.5018e-01	7.6975e-03	6.5596e-02	5.5893e-01	3.7516e-01	1.1225e-04	2.0030e-04	1.1755e-36	8.4609e-24	0.00e+00	0.00e+00	7.3074e+01
4.83300e+17	1.1885e+04	1.557e-15	1.2916e+04	1.2775e+04	9.0308e-14	9.6286e-02	9.0371e-01	1.7911e-02	9.8174e-01	3.4996e-04	1.1933e-16	2.9714e-05	2.5675e-01	7.3643e-01	6.6906e-03	7.4880e-02	5.8625e-01	3.3859e-01	1.0274e-04	1.7682e-04	1.1755e-36	1.1094e-23	0.00e+00	0.00e+00	7.4549e+01
4.83516e+17	1.1815e+04	1.548e-15	1.2916e+04	1.2690e+04	1.0864e-13	1.0437e-01	8.9563e-01	1.9459e-02	9.8020e-01	3.4418e-04	1.5803e-16	3.1515e-05	2.7343e-01	7.2072e-01	5.7236e-03	8.5733e-02	6.1233e-01	3.0169e-01	9.3337e-05	1.5322e-04	1.1755e-36	1.4920e-23	0.00e+00	0.00e+00	7.6627e+01
4.83796e+17	1.1718e+04	1.528e-15	1.2916e+04	1.2507e+04	1.3939e-13	1.1639e-01	8.8361e-01	2.1723e-02	9.7794e-01	3.3889e-04	2.2725e-16	3.3859e-05	2.9673e-01	6.9855e-01	4.6108e-03	1.0206e-01	6.4310e-01	2.5463e-01	8.1866e-05	1.2462e-04	1.1755e-36	2.1765e-23	0.00e+00	0.00e+00	7.9639e+01
4.84088e+17	1.1601e+04	1.505e-15	1.2916e+04	1.2292e+04	1.8837e-13	1.3276e-01	8.6724e-01	2.4786e-02	9.7488e-01	3.3329e-04	3.4611e-16	3.6749e-05	3.2613e-01	6.7020e-01	3.5644e-03	1.2420e-01	6.7137e-01	2.0427e-01	6.9756e-05	9.5213e-05	1.1755e-36	3.3907e-23	0.00e+00	0.00e+00	8.2511e+01
4.84311e+17	1.1490e+04	1.483e-15	1.2916e+04	1.2111e+04	2.4456e-13	1.4869e-01	8.5131e-01	2.7843e-02	9.7183e-01	3.2982e-04	4.9120e-16	3.9376e-05	3.5332e-01	6.4374e-01	2.8431e-03	1.4553e-01	6.8788e-01	1.6645e-01	6.0643e-05	7.4103e-05	1.1755e-36	4.9066e-23	0.00e+00	0.00e+00	8.4700e+01
4.84474e+17	1.1414e+04	1.457e-15	1.2916e+04	1.1930e+04	2.9625e-13	1.6151e-01	8.3849e-01	3.0387e-02	9.6928e-01	3.3010e-04	6.3085e-16	4.1262e-05	3.7455e-01	6.2296e-01	2.3863e-03	1.6264e-01	6.9587e-01	1.4137e-01	5.4642e-05	6.0854e-05	1.1755e-36	6.3717e-23	0.00e+00	0.00e+00	8.6621e+01
4.84641e+17	1.1326e+04	1.427e-15	1.2916e+04	1.1735e+04	3.6138e-13	1.7581e-01	8.2420e-01	3.3285e-02	9.6638e-01	3.3142e-04	8.1032e-16	4.3230e-05	3.9736e-01	6.0057e-01	1.9737e-03	1.8144e-01	6.9989e-01	1.1857e-01	4.9034e-05	4.9225e-05	1.1755e-36	8.2610e-23	0.00e+00	0.00e+00	8.9339e+01
4.84860e+17	1.1206e+04	1.381e-15	1.2916e+04	1.1442e+04	4.7408e-13	1.9733e-01	8.0267e-01	3.7686e-02	9.6198e-01	3.3512e-04	1.1280e-15	4.5787e-05	4.2941e-01	5.6900e-01	1.5134e-03	2.0919e-01	6.9866e-01	9.2068e-02	4.2181e-05	3.6304e-05	1.1755e-36	1.1650e-22	0.00e+00	0.00e+00	9.3305e+01
4.85076e+17	1.1068e+04	1.326e-15	1.2916e+04	1.1083e+04	6.4327e-13	2.2455e-01	7.7545e-01	4.3365e-02	9.5629e-01	3.4171e-04	1.6122e-15	4.8480e-05	4.6663e-01	5.3216e-01	1.1237e-03	2.4333e-01	6.8846e-01	6.8157e-02	3.5476e-05	2.5285e-05	1.1755e-36	1.6871e-22	0.00e+00	0.00e+00	9.6720e+01
4.85231e+17	1.0951e+04	1.278e-15	1.2916e+04	1.0805e+04	8.1542e-13	2.4801e-01	7.5199e-01	4.8590e-02	9.5106e-01	3.4811e-04	2.1099e-15	5.0590e-05	4.9731e-01	5.0173e-01	8.8445e-04	2.7201e-01	6.7468e-01	5.3263e-02	3.0926e-05	1.8793e-05	1.1755e-36	2.2253e-22	0.00e+00	0.00e+00	9.9233e+01
4.85346e+17	1.0874e+04	1.233e-15	1.2916e+04	1.0540e+04	9.6378e-13	2.6577e-01	7.3423e-01	5.2766e-02	9.4688e-01	3.5599e-04	2.5367e-15	5.1794e-05	5.1991e-01	4.7927e-01	7.3795e-04	2.9342e-01	6.6239e-01	4.4151e-02	2.8025e-05	1.5053e-05	1.1755e-36	2.6708e-22	0.00e+00	0.00e+00	1.0151e+02
4.85467e+17	1.0780e+04	1.185e-15	1.2916e+04	1.0286e+04	1.1548e-12	2.8630e-01	7.1370e-01	5.7815e-02	9.4182e-01	3.6443e-04	3.0852e-15	5.3180e-05	5.4497e-01	4.5435e-01	6.0197e-04	3.1767e-01	6.4639e-01	3.5908e-02	2.5143e-05	1.1768e-05	1.1755e-36	3.2477e-22	0.00e+00	0.00e+00	1.0470e+02
4.85624e+17	1.0653e+04	1.115e-15	1.2916e+04	9.8836e+03	1.4682e-12	3.1542e-01	6.8458e-01	6.5146e-02	9.3447e-01	3.7933e-04	3.9552e-15	5.4505e-05	5.7796e-01	4.2151e-01	4.5654e-04	3.5138e-01	6.2160e-01	2.6987e-02	2.1723e-05	8.3991e-06	1.1755e-36	4.1339e-22	0.00e+00	0.00e+00	1.0927e+02
4.85783e+17	1.0513e+04	1.036e-15	1.2916e+04	9.4231e+03	1.9051e-12	3.5028e-01	6.4972e-01	7.4397e-02	9.2520e-01	3.9830e-04	5.1408e-15	5.5582e-05	6.1429e-01	3.8530e-01	3.3693e-04	3.9070e-01	5.8983e-01	1.9449e-02	1.8405e-05	5.7097e-06	1.1755e-36	5.3067e-22	0.00e+00	0.00e+00	1.1328e+02
4.85903e+17	1.0395e+04	9.694e-16	1.2916e+04	9.0473e+03	2.3327e-12	3.7934e-01	6.2066e-01	8.2895e-02	9.1669e-01	4.1566e-04	6.2597e-15	5.6165e-05	6.4336e-01	3.5630e-01	2.6348e-04	4.2275e-01	5.6236e-01	1.4871e-02	1.6125e-05	4.1702e-06	1.1755e-36	6.3571e-22	0.00e+00	0.00e+00	1.1635e+02
4.85997e+17	1.0304e+04	9.133e-16	1.2916e+04	8.7317e+03	2.7206e-12	4.0271e-01	5.9729e-01	9.0332e-02	9.0924e-01	4.3206e-04	7.2467e-15	5.6371e-05	6.6609e-01	3.3362e-01	2.1590e-04	4.4811e-01	5.3990e-01	1.1969e-02	1.4539e-05	3.2415e-06	1.1755e-36	7.2204e-22	0.00e+00	0.00e+00	1.1927e+02
4.86091e+17	1.0208e+04	8.563e-16	1.2916e+04	8.4088e+03	3.1727e-12	4.2706e-01	5.7294e-01	9.8546e-02	9.0100e-01	4.4984e-04	8.3530e-15	5.6357e-05	6.8867e-01	3.1109e-01	1.7592e-04	4.7411e-01	5.1630e-01	9.5714e-03	1.3080e-05	2.5035e-06	1.1755e-36	8.1336e-22	0.00e+00	0.00e+00	1.2269e+02
4.86191e+17	1.0095e+04	7.939e-16	1.2916e+04	8.0382e+03	3.7581e-12	4.5489e-01	5.4511e-01	1.0839e-01	8.9114e-01	4.7183e-04	9.7072e-15	5.6054e-05	7.1282e-01	2.8697e-01	1.4032e-04	5.0336e-01	4.8919e-01	7.4387e-03	1.1614e-05	1.8735e-06	1.1755e-36	9.1591e-22	0.00e+00	0.00e+00	1.2650e+02
4.86287e+17	9.9919e+03	7.324e-16	1.2916e+04	7.6654e+03	4.4051e-12	4.8264e-01	5.1736e-01	1.1897e-01	8.8053e-01	4.9655e-04	1.1165e-14	5.5440e-05	7.3569e-01	2.6413e-01	1.1263e-04	5.3205e-01	4.6216e-01	5.7774e-03	1.0328e-05	1.4035e-06	1.1755e-36	1.0157e-21	0.00e+00	0.00e+00	1.2999e+02
4.86368e+17	9.8912e+03	6.805e-16	1.2916e+04	7.3511e+03	5.0560e-12	5.0716e-01	4.9284e-01	1.2924e-01	8.7024e-01	5.1836e-04	1.2553e-14	5.4839e-05	7.5523e-01	2.4461e-01	9.3071e-05	5.5703e-01	4.3834e-01	4.6226e-03	9.3163e-06	1.0889e-06	1.1755e-36	1.1032e-21	0.00e+00	0.00e+00	1.3302e+02
4.86438e+17	9.8132e+03	6.338e-16	1.2916e+04	7.0533e+03	5.6543e-12	5.2794e-01	4.7206e-01	1.3865e-01	8.6080e-01	5.4154e-04	1.3794e-14	5.3964e-05	7.7143e-01	2.2844e-01	7.8918e-05	5.7796e-01	4.1824e-01	3.7973e-03	8.5352e-06	8.7270e-07	1.1755e-36	1.1646e-21	0.00e+00	0.00e+00	1.3596e+02
4.86494e+17	9.7393e+03	5.986e-16	1.2916e+04	6.8262e+03	6.2060e-12	5.4517e-01	4.5483e-01	1.4687e-01	8.5257e-01	5.5980e-04	1.4872e-14	5.3258e-05	7.8418e-01	2.1569e-01	6.9354e-05	5.9511e-01	4.0164e-01	3.2367e-03	7.9372e-06	7.2912e-07	1.1755e-36	1.2155e-21	0.00e+00	0.00e+00	1.3787e+02
4.86531e+17	9.6907e+03	5.749e-16	1.2916e+04	6.6762e+03	6.5846e-12	5.5618e-01	4.4382e-01	1.5278e-01	8.4665e-01	5.7226e-04	1.5593e-14	5.2789e-05	7.9265e-01	2.0723e-01	6.3615e-05	6.0601e-01	3.9107e-01	2.9095e-03	7.5753e-06	6.4727e-07	1.1755e-36	1.2441e-21	0.00e+00	0.00e+00	1.3932e+02
4.86566e+17	9.6428e+03	5.532e-16	1.2916e+04	6.5397e+03	6.9607e-12	5.6643e-01	4.3357e-01	1.5853e-01	8.4089e-01	5.8378e-04	1.6286e-14	5.2319e-05	8.0042e-01	1.9946e-01	5.8657e-05	6.1610e-01	3.8126e-01	2.6336e-03	7.2522e-06	5.7921e-07	1.1755e-36	1.2701e-21	0.00e+00	0.00e+00	1.4101e+02
4.86607e+17	9.5821e+03	5.279e-16	1.2916e+04	6.3747e+03	7.4525e-12	5.7919e-01	4.2081e-01	1.6566e-01	8.3374e-01	5.9810e-04	1.7163e-14	5.1722e-05	8.0952e-01	1.9037e-01	5.3233e-05	6.2858e-01	3.6908e-01	2.3310e-03	6.8670e-06	5.0552e-07	1.1755e-36	1.3007e-21	0.00e+00	0.00e+00	1.4314e+02
4.86651e+17	9.5225e+03	5.005e-16	1.2916e+04	6.1854e+03	8.0135e-12	5.9331e-01	4.0669e-01	1.7357e-01	8.2581e-01	6.1588e-04	1.8165e-14	5.0923e-05	8.1899e-01	1.8091e-01	4.8017e-05	6.4228e-01	3.5568e-01	2.0355e-03	6.4612e-06	4.3475e-07	1.1755e-36	1.3306e-21	0.00e+00	0.00e+00	1.4529e+02
4.86693e+17	9.4633e+03	4.754e-16	1.2916e+04	6.0051e+03	8.5764e-12	6.0637e-01	3.9363e-01	1.8130e-01	8.1806e-01	6.3380e-04	1.9122e-14	5.0100e-05	8.2759e-01	1.7232e-01	4.3704e-05	6.5487e-01	3.4333e-01	1.7920e-03	6.1040e-06	3.7757e-07	1.1755e-36	1.3519e-21	0.00e+00	0.00e+00	1.4723e+02
4.86731e+17	9.4186e+03	4.526e-16	1.2916e+04	5.8386e+03	9.0734e-12	6.1776e-01	3.8224e-01	1.8854e-01	8.1080e-01	6.5154e-04	1.9993e-14	4.9272e-05	8.3513e-01	1.6478e-01	4.0197e-05	6.6580e-01	3.3260e-01	1.5958e-03	5.8049e-06	3.3231e-07	1.1755e-36	1.3642e-21	0.00e+00	0.00e+00	1.4909e+02
4.86770e+17	9.3527e+03	4.305e-16	1.2916e+04	5.6778e+03	9.6859e-12	6.2974e-01	3.7026e-01	1.9654e-01	8.0279e-01	6.6812e-04	2.0932e-14	4.8498e-05	8.4284e-01	1.5707e-01	3.6936e-05	6.7722e-01	3.2136e-01	1.4169e-03	5.5044e-06	2.9156e-07	1.1755e-36	1.3778e-21	0.00e+00	0.00e+00	1.5112e+02
4.86809e+17	9.2899e+03	4.083e-16	1.2916e+04	5.5140e+03	1.0339e-11	6.4225e-01	3.5775e-01	2.0518e-01	7.9413e-01	6.8587e-04	2.1949e-14	4.7672e-05	8.5060e-01	1.4932e-01	3.3907e-05	6.8907e-01	3.0967e-01	1.2504e-03	5.2031e-06	2.5413e-07	1.1755e-36	1.3909e-21	0.00e+00	0.00e+00	1.5320e+02
4.86848e+17	9.2311e+03	3.870e-16	1.2916e+04	5.3489e+03	1.0997e-11	6.5414e-01	3.4586e-01	2.1378e-01	7.8552e-01	7.0488e-04	2.2952e-14	4.6769e-05	8.5782e-01	1.4210e-01	3.1292e-05	7.0027e-01	2.9862e-01	1.1070e-03	4.9280e-06	2.2240e-07	1.1755e-36	1.3957e-21	0.00e+00	0.00e+00	1.5521e+02
4.86885e+17	9.1760e+03	3.667e-16	1.2916e+04	5.1875e+03	1.1650e-11	6.6534e-01	3.3466e-01	2.2234e-01	7.7693e-01	7.2461e-04	2.3936e-14	4.5841e-05	8.6454e-01	1.3538e-01	2.9034e-05	7.1076e-01	2.8825e-01	9.8405e-04	4.6786e-06	1.9563e-07	1.1755e-36	1.3940e-21	0.00e+00	0.00e+00	1.5722e+02
4.86923e+17	9.1075e+03	3.473e-16	1.2916e+04	5.0350e+03	1.2415e-11	6.7701e-01	3.2299e-01	2.3180e-01	7.6746e-01	7.4260e-04	2.4991e-14	4.4979e-05	8.7136e-01	1.2857e-01	2.6952e-05	7.2163e-01	2.7749e-01	8.7240e-04	4.4289e-06	1.7156e-07	1.1755e-36	1.3949e-21	0.00e+00	0.00e+00	1.5933e+02
4.86960e+17	9.0527e+03	3.281e-16	1.2916e+04	4.8738e+03	1.3137e-11	6.8803e-01	3.1197e-01	2.4107e-01	7.5817e-01	7.6422e-04	2.6041e-14	4.3977e-05	8.7766e-01	1.2227e-01	2.5136e-05	7.3184e-01	2.6738e-01	7.7458e-04	4.2007e-06	1.5079e-07	1.1755e-36	1.3851e-21	0.00e+00	0.00e+00	1.6140e+02
4.86998e+17	8.9801e+03	3.101e-16	1.2916e+04	4.7251e+03	1.4003e-11	6.9936e-01	3.0064e-01	2.5121e-01	7.4800e-01	7.8287e-04	2.7147e-14	4.3078e-05	8.8397e-01	1.1596e-01	2.3490e-05	7.4229e-01	2.5702e-01	6.8750e-04	3.9752e-06	1.3250e-07	1.1755e-36	1.3784e-21	0.00e+00	0.00e+00	1.6353e+02
4.87034e+17	8.9262e+03	2.926e-16	1.2916e+04	4.5711e+03	1.4777e-11	7.0976e-01	2.9024e-01	2.6100e-01	7.3820e-01	8.0530e-04	2.8228e-14	4.2054e-05	8.8969e-01	1.1024e-01	2.2078e-05	7.5182e-01	2.4756e-01	6.1256e-04	3.7743e-06	1.1755e-36	1.1755e-36	1.3613e-21	0.00e+00	0.00e+00	1.6561e+02
4.87071e+17	8.8546e+03	2.761e-16	1.2916e+04	4.4239e+03	1.5710e-11	7.2032e-01	2.7968e-01	2.7150e-01	7.2768e-01	8.2574e-04	2.9358e-14	4.1094e-05	8.9536e-01	1.0458e-01	2.0800e-05	7.6146e-01	2.3799e-01	5.4592e-04	3.5777e-06	1.1755e-36	1.1755e-36	1.3437e-21	0.00e+00	0.00e+00	1.6778e+02
4.87107e+17	8.7845e+03	2.601e-16	1.2916e+04	4.2799e+03	1.6690e-11	7.3091e-01	2.6909e-01	2.8255e-01	7.1660e-01	8.4619e-04	3.0541e-14	4.0130e-05	9.0086e-01	9.9074e-02	1.9648e-05	7.7108e-01	2.2843e-01	4.8615e-04	3.3864e-06	1.1755e-36	1.1755e-36	1.3254e-21	0.00e+00	0.00e+00	1.6995e+02
4.87143e+17	8.7175e+03	2.449e-16	1.2916e+04	4.1378e+03	1.7680e-11	7.4089e-01	2.5911e-01	2.9356e-01	7.0557e-01	8.6768e-04	3.1718e-14	3.9140e-05	9.0596e-01	9.3976e-02	1.8652e-05	7.8010e-01	2.1946e-01	4.3484e-04	3.2117e-06	1.1755e-36	1.1755e-36	1.3016e-21	0.00e+00	0.00e+00	1.7208e+02
4.87178e+17	8.6478e+03	2.307e-16	1.2916e+04	4.0006e+03	1.8732e-11	7.5050e-01	2.4950e-01	3.0482e-01	6.9429e-01	8.8870e-04	3.2907e-14	3.8166e-05	9.1080e-01	8.9145e-02	1.7776e-05	7.8875e-01	2.1086e-01	3.9026e-04	3.0484e-06	1.1755e-36	1.1755e-36	1.2753e-21	0.00e+00	0.00e+00	1.7423e+02
4.87214e+17	8.5788e+03	2.170e-16	1.2916e+04	3.8650e+03	1.9835e-11	7.5998e-01	2.4002e-01	3.1653e-01	6.8256e-01	9.1011e-04	3.4142e-14	3.7179e-05	9.1545e-01	8.4493e-02	1.6989e-05	7.9725e-01	2.0240e-01	3.5050e-04	2.8916e-06	1.1755e-36	1.1755e-36	1.2469e-21	0.00e+00	0.00e+00	1.7644e+02
4.87249e+17	8.5059e+03	2.037e-16	1.2916e+04	3.7282e+03	2.1038e-11	7.6932e-01	2.3068e-01	3.2854e-01	6.7053e-01	9.3249e-04	3.5428e-14	3.6162e-05	9.1990e-01	8.0048e-02	1.6285e-05	8.0558e-01	1.9410e-01	3.1527e-04	2.7414e-06	1.1755e-36	1.1755e-36	1.2142e-21	0.00e+00	0.00e+00	1.7867e+02
4.87285e+17	8.4237e+03	1.913e-16	1.2916e+04	3.5991e+03	2.2404e-11	7.7864e-01	2.2136e-01	3.4128e-01	6.5776e-01	9.5255e-04	3.6753e-14	3.5197e-05	9.2421e-01	7.5737e-02	1.5655e-05	8.1386e-01	1.8586e-01	2.8423e-04	2.5958e-06	1.1755e-36	1.1755e-36	1.1829e-21	0.00e+00	0.00e+00	1.8090e+02
4.87319e+17	8.3569e+03	1.796e-16	1.2916e+04	3.4703e+03	2.3649e-11	7.8707e-01	2.1293e-01	3.5352e-01	6.4550e-01	9.7554e-04	3.8071e-14	3.4190e-05	9.2808e-01	7.1867e-02	1.5117e-05	8.2131e-01	1.7843e-01	2.5786e-04	2.4669e-06	1.1755e-36	1.1755e-36	1.1464e-21	0.00e+00	0.00e+00	1.8308e+02
4.87354e+17	8.2735e+03	1.685e-16	1.2916e+04	3.3469e+03	2.5165e-11	7.9555e-01	2.0445e-01	3.6660e-01	6.3241e-01	9.9568e-04	3.9437e-14	3.3227e-05	9.3188e-01	6.8069e-02	1.4632e-05	8.2880e-01	1.7097e-01	2.3449e-04	2.3407e-06	1.1755e-36	1.1755e-36	1.1103e-21	0.00e+00	0.00e+00	1.8535e+02
4.87389e+17	8.1893e+03	1.578e-16	1.2916e+04	3.2257e+03	2.6799e-11	8.0408e-01	1.9592e-01	3.8030e-01	6.1869e-01	1.0153e-03	4.0880e-14	3.2269e-05	9.3555e-01	6.4402e-02	1.4190e-05	8.3629e-01	1.6350e-01	2.1349e-04	2.2167e-06	1.1755e-36	1.1755e-36	1.0744e-21	0.00e+00	0.00e+00	1.8765e+02
4.87423e+17	8.1080e+03	1.479e-16	1.2916e+04	3.1070e+03	2.8476e-11	8.1204e-01	1.8796e-01	3.9384e-01	6.0513e-01	1.0358e-03	4.2336e-14	3.1305e-05	9.3891e-01	6.1044e-02	1.3809e-05	8.4325e-01	1.5655e-01	1.9556e-04	2.1036e-06	1.1755e-36	1.1755e-36	1.0360e-21	0.00e+00	0.00e+00	1.8988e+02
4.87457e+17	8.0248e+03	1.386e-16	1.2916e+04	2.9937e+03	3.0268e-11	8.1959e-01	1.8041e-01	4.0758e-01	5.9136e-01	1.0548e-03	4.3805e-14	3.0376e-05	9.4205e-01	5.7901e-02	1.3475e-05	8.4984e-01	1.4998e-01	1.8012e-04	1.9985e-06	1.1755e-36	1.1755e-36	9.9791e-22	0.00e+00	0.00e+00	1.9213e+02
4.87491e+17	7.9345e+03	1.297e-16	1.2916e+04	2.8809e+03	3.2304e-11	8.2708e-01	1.7292e-01	4.2178e-01	5.7714e-01	1.0733e-03	4.5348e-14	2.9440e-05	9.4507e-01	5.4891e-02	1.3174e-05	8.5635e-01	1.4348e-01	1.6641e-04	1.8966e-06	1.1755e-36	1.1755e-36	9.5848e-22	0.00e+00	0.00e+00	1.9445e+02
4.87525e+17	7.8437e+03	1.212e-16	1.2916e+04	2.7717e+03	3.4489e-11	8.3444e-01	1.6556e-01	4.3652e-01	5.6239e-01	1.0906e-03	4.6952e-14	2.8521e-05	9.4793e-01	5.2027e-02	1.2903e-05	8.6273e-01	1.3712e-01	1.5427e-04	1.7983e-06	1.1755e-36	1.1755e-36	9.1997e-22	0.00e+00	0.00e+00	1.9678e+02
4.87559e+17	7.7538e+03	1.134e-16	1.2916e+04	2.6656e+03	3.6797e-11	8.4138e-01	1.5862e-01	4.5125e-01	5.4764e-01	1.1077e-03	4.8590e-14	2.7612e-05	9.5057e-01	4.9384e-02	1.2667e-05	8.6873e-01	1.3113e-01	1.4385e-04	1.7073e-06	1.1755e-36	1.1755e-36	8.8110e-22	0.00e+00	0.00e+00	1.9908e+02
4.87593e+17	7.6677e+03	1.059e-16	1.2916e+04	2.5612e+03	3.9165e-11	8.4784e-01	1.5216e-01	4.6588e-01	5.3299e-01	1.1255e-03	5.0271e-14	2.6701e-05	9.5301e-01	4.6953e-02	1.2460e-05	8.7429e-01	1.2558e-01	1.3488e-04	1.6241e-06	1.1755e-36	1.1755e-36	8.4133e-22	0.00e+00	0.00e+00	2.0141e+02
4.87626e+17	7.5739e+03	9.904e-17	1.2916e+04	2.4623e+03	4.1869e-11	8.5419e-01	1.4581e-01	4.8088e-01	5.1798e-01	1.1402e-03	5.1986e-14	2.5833e-05	9.5530e-01	4.4662e-02	1.2276e-05	8.7974e-01	1.2014e-01	1.2710e-04	1.5438e-06	1.1755e-36	1.1755e-36	8.0379e-22	0.00e+00	0.00e+00	2.0371e+02
4.87659e+17	7.4752e+03	9.263e-17	1.2916e+04	2.3673e+03	4.4890e-11	8.6025e-01	1.3975e-01	4.9604e-01	5.0281e-01	1.1528e-03	5.3732e-14	2.4995e-05	9.5743e-01	4.2529e-02	1.2116e-05	8.8493e-01	1.1495e-01	1.2041e-04	1.4684e-06	1.1755e-36	1.1755e-36	7.6735e-22	0.00e+00	0.00e+00	2.0602e+02
4.87692e+17	7.3742e+03	8.663e-17	1.2916e+04	2.2753e+03	4.8205e-11	8.6607e-01	1.3393e-01	5.1133e-01	4.8751e-01	1.1639e-03	5.5525e-14	2.4175e-05	9.5942e-01	4.0545e-02	1.1974e-05	8.8990e-01	1.0998e-01	1.1462e-04	1.3972e-06	1.1755e-36	1.1755e-36	7.3183e-22	0.00e+00	0.00e+00	2.0834e+02
4.87724e+17	7.2719e+03	8.103e-17	1.2916e+04	2.1867e+03	5.1818e-11	8.7161e-01	1.2839e-01	5.2667e-01	4.7216e-01	1.1734e-03	5.7355e-14	2.3376e-05	9.6125e-01	3.8711e-02	1.1849e-05	8.9462e-01	1.0526e-01	1.0965e-04	1.3304e-06	1.1755e-36	1.1755e-36	6.9761e-22	0.00e+00	0.00e+00	2.1064e+02
4.87757e+17	7.1684e+03	7.583e-17	1.2916e+04	2.1020e+03	5.5751e-11	8.7685e-01	1.2315e-01	5.4198e-01	4.5684e-01	1.1811e-03	5.9213e-14	2.2605e-05	9.6294e-01	3.7024e-02	1.1740e-05	8.9908e-01	1.0081e-01	1.0540e-04	1.2680e-06	1.1755e-36	1.1755e-36	6.6493e-22	0.00e+00	0.00e+00	2.1293e+02
4.87789e+17	7.0637e+03	7.101e-17	1.2916e+04	2.0209e+03	6.0043e-11	8.8181e-01	1.1819e-01	5.5726e-01	4.4155e-01	1.1868e-03	6.1098e-14	2.1861e-05	9.6449e-01	3.5473e-02	1.1645e-05	9.0330e-01	9.6600e-02	1.0177e-04	1.2097e-06	1.1755e-36	1.1755e-36	6.3385e-22	0.00e+00	0.00e+00	2.1522e+02
4.87820e+17	6.9515e+03	6.652e-17	1.2916e+04	1.9438e+03	6.5004e-11	8.8667e-01	1.1333e-01	5.7274e-01	4.2607e-01	1.1884e-03	6.3005e-14	2.1154e-05	9.6594e-01	3.4025e-02	1.1562e-05	9.0741e-01	9.2487e-02	9.8676e-05	1.1535e-06	1.1755e-36	1.1755e-36	6.0508e-22	0.00e+00	0.00e+00	2.1751e+02
4.87852e+17	6.8420e+03	6.229e-17	1.2916e+04	1.8682e+03	7.0274e-11	8.9122e-01	1.0878e-01	5.8813e-01	4.1068e-01	1.1899e-03	6.4978e-14	2.0448e-05	9.6727e-01	3.2700e-02	1.1489e-05	9.1126e-01	8.8645e-02	9.6021e-05	1.1014e-06	1.1755e-36	1.1755e-36	5.7688e-22	0.00e+00	0.00e+00	2.1983e+02
4.87884e+17	6.7313e+03	5.835e-17	1.2916e+04	1.7953e+03	7.6045e-11	8.9556e-01	1.0444e-01	6.0345e-01	3.9536e-01	1.1895e-03	6.6993e-14	1.9763e-05	9.6848e-01	3.1487e-02	1.1425e-05	9.1492e-01	8.4981e-02	9.3767e-05	1.0522e-06	1.1755e-36	1.1755e-36	5.5031e-22	0.00e+00	0.00e+00	2.2214e+02
4.87915e+17	6.6202e+03	5.472e-17	1.2916e+04	1.7261e+03	8.2319e-11	8.9963e-01	1.0037e-01	6.1854e-01	3.8027e-01	1.1869e-03	6.9019e-14	1.9106e-05	9.6958e-01	3.0389e-02	1.1371e-05	9.1835e-01	8.1554e-02	9.1898e-05	1.0065e-06	1.1755e-36	1.1755e-36	5.2562e-22	0.00e+00	0.00e+00	2.2442e+02
4.87946e+17	6.5091e+03	5.131e-17	1.2916e+04	1.6579e+03	8.9113e-11	9.0364e-01	9.6355e-02	6.3346e-01	3.6535e-01	1.1841e-03	7.1147e-14	1.8452e-05	9.7058e-01	2.9393e-02	1.1323e-05	9.2173e-01	7.8183e-02	9.0288e-05	9.6199e-07	1.1755e-36	1.1755e-36	5.0208e-22	0.00e+00	0.00e+00	2.2671e+02
4.87977e+17	6.3979e+03	4.832e-17	1.2916e+04	1.5992e+03	9.6427e-11	9.0696e-01	9.3037e-02	6.4799e-01	3.5084e-01	1.1739e-03	7.3045e-14	1.7893e-05	9.7147e-01	2.8502e-02	1.1287e-05	9.2452e-01	7.5393e-02	8.9121e-05	9.2556e-07	1.1755e-36	1.1755e-36	4.8238e-22	0.00e+00	0.00e+00	2.2894e+02
4.88008e+17	6.2810e+03	4.534e-17	1.2916e+04	1.5382e+03	1.0473e-10	9.1040e-01	8.9595e-02	6.6308e-01	3.3576e-01	1.1630e-03	7.5140e-14	1.7304e-05	9.7232e-01	2.7654e-02	1.1254e-05	9.2741e-01	7.2503e-02	8.8081e-05	8.8800e-07	1.1755e-36	1.1755e-36	4.6270e-22	0.00e+00	0.00e+00	2.3139e+02
4.88042e+17	6.1561e+03	4.246e-17	1.2916e+04	1.4756e+03	1.1431e-10	9.1388e-01	8.6118e-02	6.7834e-01	3.2051e-01	1.1515e-03	7.7409e-14	1.6696e-05	9.7309e-01	2.6877e-02	1.1226e-05	9.3032e-01	6.9588e-02	8.7233e-05	8.5041e-07	1.1755e-36	1.1755e-36	4.4339e-22	0.00e+00	0.00e+00	2.3386e+02
4.88074e+17	6.0415e+03	3.989e-17	1.2916e+04	1.4196e+03	1.2370e-10	9.1706e-01	8.2945e-02	6.9302e-01	3.0585e-01	1.1365e-03	7.9584e-14	1.6147e-05	9.7378e-01	2.6195e-02	1.1203e-05	9.3298e-01	6.6935e-02	8.6567e-05	8.1637e-07	1.1755e-36	1.1755e-36	4.2705e-22	0.00e+00	0.00e+00	2.3620e+02
4.88105e+17	5.9202e+03	3.755e-17	1.2916e+04	1.3664e+03	1.3431e-10	9.1987e-01	8.0132e-02	7.0728e-01	2.9160e-01	1.1189e-03	8.1710e-14	1.5627e-05	9.7437e-01	2.5602e-02	1.1188e-05	9.3534e-01	6.4578e-02	8.6167e-05	7.8644e-07	1.1755e-36	1.1755e-36	4.1230e-22	0.00e+00	0.00e+00	2.3858e+02
4.88137e+17	5.8005e+03	3.535e-17	1.2916e+04	1.3153e+03	1.4534e-10	9.2261e-01	7.7392e-02	7.2157e-01	2.7733e-01	1.0984e-03	8.3879e-14	1.5124e-05	9.7491e-01	2.5066e-02	1.1177e-05	9.3763e-01	6.2287e-02	8.5878e-05	7.5749e-07	1.1755e-36	1.1755e-36	3.9896e-22	0.00e+00	0.00e+00	2.4103e+02
4.88170e+17	5.6834e+03	3.325e-17	1.2916e+04	1.2650e+03	1.5652e-10	9.2519e-01	7.4807e-02	7.3572e-01	2.6320e-01	1.0770e-03	8.6132e-14	1.4623e-05	9.7538e-01	2.4593e-02	1.1168e-05	9.3979e-01	6.0128e-02	8.5694e-05	7.3034e-07	1.1755e-36	1.1755e-36	3.8623e-22	0.00e+00	0.00e+00	2.4356e+02
4.88204e+17	5.5599e+03	3.130e-17	1.2916e+04	1.2172e+03	1.6873e-10	9.2771e-01	7.2293e-02	7.4977e-01	2.4918e-01	1.0517e-03	8.8377e-14	1.4148e-05	9.7580e-01	2.4178e-02	1.1164e-05	9.4189e-01	5.8028e-02	8.5665e-05	7.0410e-07	1.1755e-36	1.1755e-36	3.7515e-22	0.00e+00	0.00e+00	2.4611e+02
4.88238e+17	5.4363e+03	2.950e-17	1.2916e+04	1.1718e+03	1.8111e-10	9.3005e-01	6.9954e-02	7.6352e-01	2.3545e-01	1.0238e-03	9.0603e-14	1.3698e-05	9.7615e-01	2.3823e-02	1.1164e-05	9.4384e-01	5.6074e-02	8.5756e-05	6.7983e-07	1.1755e-36	1.1755e-36	3.6520e-22	0.00e+00	0.00e+00	2.4872e+02
4.88273e+17	5.3113e+03	2.781e-17	1.2916e+04	1.1283e+03	1.9358e-10	9.3226e-01	6.7741e-02	7.7709e-01	2.2192e-01	9.9345e-04	9.2833e-14	1.3265e-05	9.7645e-01	2.3524e-02	1.1167e-05	9.4569e-01	5.4226e-02	8.5958e-05	6.5701e-07	1.1755e-36	1.1755e-36	3.5605e-22	0.00e+00	0.00e+00	2.5142e+02
4.88309e+17	5.1844e+03	2.622e-17	1.2916e+04	1.0862e+03	2.0586e-10	9.3437e-01	6.5633e-02	7.9048e-01	2.0856e-01	9.6062e-04	9.5077e-14	1.2847e-05	9.7670e-01	2.3278e-02	1.1174e-05	9.4745e-01	5.2464e-02	8.6261e-05	6.3538e-07	1.1755e-36	1.1755e-36	3.4741e-22	0.00e+00	0.00e+00	2.5422e+02
4.88347e+17	5.0562e+03	2.474e-17	1.2916e+04	1.0460e+03	2.1755e-10	9.3636e-01	6.3639e-02	8.0361e-01	1.9546e-01	9.2547e-04	9.7311e-14	1.2448e-05	9.7689e-01	2.3085e-02	1.1184e-05	9.4912e-01	5.0797e-02	8.6660e-05	6.1503e-07	1.1755e-36	1.1755e-36	3.3910e-22	0.00e+00	0.00e+00	2.5713e+02
4.88386e+17	4.9254e+03	2.336e-17	1.2916e+04	1.0075e+03	2.2761e-10	9.3824e-01	6.1757e-02	8.1645e-01	1.8266e-01	8.8797e-04	9.9479e-14	1.2071e-05	9.7718e-01	2.2800e-02	1.1198e-05	9.5069e-01	4.9222e-02	8.7163e-05	5.9593e-07	1.1755e-36	1.1755e-36	3.2675e-22	0.00e+00	0.00e+00	2.6016e+02
4.88426e+17	4.7931e+03	2.208e-17	1.2916e+04	9.7082e+02	2.3554e-10	9.4001e-01	5.9986e-02	8.2897e-01	1.7018e-01	8.4848e-04	1.0158e-13	1.1714e-05	9.7754e-01	2.2439e-02	1.1215e-05	9.5217e-01	4.7738e-02	8.7756e-05	5.7804e-07	1.1755e-36	1.1755e-36	3.1077e-22	0.00e+00	0.00e+00	2.6333e+02
4.88469e+17	4.6599e+03	2.089e-17	1.2916e+04	9.3580e+02	2.4155e-10	9.4168e-01	5.8316e-02	8.4116e-01	1.5803e-01	8.0713e-04	1.0364e-13	1.1378e-05	9.7787e-01	2.2104e-02	1.1234e-05	9.5357e-01	4.6336e-02	8.8430e-05	5.6125e-07	1.1755e-36	1.1755e-36	2.9423e-22	0.00e+00	0.00e+00	2.6670e+02
4.88514e+17	4.5276e+03	1.978e-17	1.2916e+04	9.0275e+02	2.4532e-10	9.4324e-01	5.6758e-02	8.5288e-01	1.4635e-01	7.6465e-04	1.0562e-13	1.1064e-05	9.7818e-01	2.1798e-02	1.1257e-05	9.5488e-01	4.5026e-02	8.9169e-05	5.4565e-07	1.1755e-36	1.1755e-36	2.7739e-22	0.00e+00	0.00e+00	2.7024e+02
4.88560e+17	4.3998e+03	1.880e-17	1.2916e+04	8.7243e+02	2.4677e-10	9.4465e-01	5.5347e-02	8.6386e-01	1.3542e-01	7.2232e-04	1.0748e-13	1.0781e-05	9.7845e-01	2.1523e-02	1.1281e-05	9.5607e-01	4.3837e-02	8.9945e-05	5.3158e-07	1.1755e-36	1.1755e-36	2.6084e-22	0.00e+00	0.00e+00	2.7388e+02
4.88608e+17	4.2782e+03	1.792e-17	1.2916e+04	8.4506e+02	2.4618e-10	9.4591e-01	5.4091e-02	8.7399e-01	1.2533e-01	6.8091e-04	1.0917e-13	1.0530e-05	9.7870e-01	2.1278e-02	1.1306e-05	9.5713e-01	4.2776e-02	9.0739e-05	5.1911e-07	1.1755e-36	1.1755e-36	2.4500e-22	0.00e+00	0.00e+00	2.7764e+02
4.88658e+17	4.1620e+03	1.714e-17	1.2916e+04	8.2009e+02	2.4384e-10	9.4704e-01	5.2957e-02	8.8336e-01	1.1600e-01	6.4069e-04	1.1074e-13	1.0307e-05	9.7892e-01	2.1058e-02	1.1332e-05	9.5809e-01	4.1815e-02	9.1542e-05	5.0789e-07	1.1755e-36	1.1755e-36	2.2987e-22	0.00e+00	0.00e+00	2.8162e+02
4.88712e+17	4.0506e+03	1.643e-17	1.2916e+04	7.9705e+02	2.4002e-10	9.4808e-01	5.1917e-02	8.9207e-01	1.0732e-01	6.0173e-04	1.1221e-13	1.0106e-05	9.7912e-01	2.0859e-02	1.1359e-05	9.5898e-01	4.0931e-02	9.2350e-05	4.9762e-07	1.1755e-36	1.1755e-36	2.1543e-22	0.00e+00	0.00e+00	2.8590e+02
4.88770e+17	3.9438e+03	1.579e-17	1.2916e+04	7.7573e+02	2.3496e-10	9.4904e-01	5.0957e-02	9.0018e-01	9.9260e-02	5.6416e-04	1.1358e-13	9.9251e-06	9.7930e-01	2.0680e-02	1.1385e-05	9.5979e-01	4.0113e-02	9.3158e-05	4.8817e-07	1.1755e-36	1.1755e-36	2.0168e-22	0.00e+00	0.00e+00	2.9057e+02
###########################
3.17811e+13	1.7109e+04	1.115e-15	1.2916e+04	1.5151e+04	1.0748e-19	1.2777e-04	9.9987e-01	1.7168e-06	1.3389e-02	9.8661e-01	9.2189e-31	2.0839e-09	3.8449e-05	1.3860e-02	1.4850e-01	4.6318e-10	9.8417e-06	9.2956e-03	3.3862e-01	4.8135e-01	1.5152e-01	1.1755e-36	0.00e+00	0.00e+00	6.6211e-04
1.90687e+14	1.7082e+04	1.112e-15	1.2916e+04	1.5151e+04	1.0853e-19	1.2751e-04	9.9987e-01	1.7163e-06	1.3387e-02	9.8661e-01	8.7932e-31	1.8964e-09	3.8352e-05	1.3852e-02	1.4903e-01	4.6223e-10	9.8504e-06	9.3439e-03	3.3943e-01	4.8145e-01	1.5079e-01	1.1755e-36	0.00e+00	0.00e+00	3.3052e-03
8.26309e+14	1.7024e+04	1.107e-15	1.2916e+04	1.5150e+04	1.0719e-19	1.2710e-04	9.9987e-01	1.7216e-06	1.3425e-02	9.8657e-01	8.7910e-31	1.9188e-09	3.8558e-05	1.3993e-02	1.5068e-01	4.6375e-10	9.9183e-06	9.5249e-03	3.4197e-01	4.8072e-01	1.4927e-01	1.1755e-36	0.00e+00	0.00e+00	1.3844e-02
3.36880e+15	1.6888e+04	1.095e-15	1.2916e+04	1.5150e+04	1.0447e-19	1.2575e-04	9.9987e-01	1.7335e-06	1.3665e-02	9.8633e-01	8.8860e-31	1.9588e-09	3.9517e-05	1.4608e-02	1.5626e-01	4.6567e-10	1.0094e-05	1.0205e-02	3.5079e-01	4.7722e-01	1.4447e-01	1.1755e-36	0.00e+00	0.00e+00	5.5548e-02
8.04698e+15	1.6533e+04	1.054e-15	1.2916e+04	1.5150e+04	9.6596e-20	1.1902e-04	9.9988e-01	1.6527e-06	1.3437e-02	9.8656e-01	7.4285e-31	1.7661e-09	3.8950e-05	1.5057e-02	1.6469e-01	4.3434e-10	9.9300e-06	1.1161e-02	3.6393e-01	4.7136e-01	1.3766e-01	1.1755e-36	0.00e+00	0.00e+00	1.0686e-01
1.41286e+16	1.6213e+04	1.020e-15	1.2916e+04	1.5150e+04	9.0607e-20	1.1337e-04	9.9989e-01	1.6197e-06	1.3568e-02	9.8643e-01	6.7617e-31	1.6750e-09	3.9584e-05	1.5934e-02	1.7514e-01	4.2406e-10	1.0152e-05	1.2487e-02	3.8069e-01	4.6361e-01	1.2894e-01	1.1755e-36	0.00e+00	0.00e+00	1.7040e-01
2.20347e+16	1.5901e+04	9.926e-16	1.2916e+04	1.5149e+04	8.5103e-20	1.0817e-04	9.9989e-01	1.6353e-06	1.4149e-02	9.8585e-01	6.5726e-31	1.6709e-09	4.1663e-05	1.7477e-02	1.8933e-01	4.3206e-10	1.0815e-05	1.4512e-02	4.0303e-01	4.5230e-01	1.1776e-01	1.1755e-36	0.00e+00	0.00e+00	2.4922e-01
3.02868e+16	1.5618e+04	9.680e-16	1.2916e+04	1.5147e+04	7.8060e-20	1.0195e-04	9.9990e-01	1.6457e-06	1.4884e-02	9.8511e-01	6.0333e-31	1.6585e-09	4.3531e-05	1.9215e-02	2.0424e-01	4.2879e-10	1.1373e-05	1.6846e-02	4.2531e-01	4.3978e-01	1.0727e-01	1.1755e-36	0.00e+00	0.00e+00	3.1212e-01
3.72977e+16	1.5435e+04	9.556e-16	1.2916e+04	1.5146e+04	7.3155e-20	9.8022e-05	9.9990e-01	1.7104e-06	1.5928e-02	9.8407e-01	6.0853e-31	1.7271e-09	4.6378e-05	2.1174e-02	2.1817e-01	4.4621e-10	1.2293e-05	1.9356e-02	4.4528e-01	4.2742e-01	9.8397e-02	1.1755e-36	0.00e+00	0.00e+00	3.6370e-01
4.35991e+16	1.5311e+04	9.492e-16	1.2916e+04	1.5144e+04	6.9878e-20	9.5560e-05	9.9990e-01	1.8224e-06	1.7283e-02	9.8271e-01	6.6443e-31	1.8631e-09	5.0336e-05	2.3470e-02	2.3242e-01	4.8365e-10	1.3636e-05	2.2258e-02	4.6463e-01	4.1435e-01	9.0263e-02	1.1755e-36	0.00e+00	0.00e+00	4.1160e-01
4.96463e+16	1.5211e+04	9.461e-16	1.2916e+04	1.5142e+04	6.7370e-20	9.3713e-05	9.9991e-01	1.9795e-06	1.9009e-02	9.8099e-01	7.6304e-31	2.0544e-09	5.5407e-05	2.6209e-02	2.4791e-01	5.3912e-10	1.5445e-05	2.5789e-02	4.8428e-01	3.9993e-01	8.2453e-02	1.1755e-36	0.00e+00	0.00e+00	4.5703e-01
5.53484e+16	1.5098e+04	9.473e-16	1.2916e+04	1.5140e+04	6.5169e-20	9.2307e-05	9.9991e-01	2.1914e-06	2.1167e-02	9.7883e-01	9.0085e-31	2.2948e-09	6.1571e-05	2.9403e-02	2.6467e-01	6.1326e-10	1.7774e-05	3.0070e-02	5.0379e-01	3.8432e-01	7.5120e-02	1.1755e-36	0.00e+00	0.00e+00	4.9810e-01
6.04971e+16	1.5025e+04	9.503e-16	1.2916e+04	1.5136e+04	6.4448e-20	9.1285e-05	9.9991e-01	2.4370e-06	2.3694e-02	9.7630e-01	1.1069e-30	2.5731e-09	6.8439e-05	3.2913e-02	2.8180e-01	7.0308e-10	2.0523e-05	3.5014e-02	5.2203e-01	3.6845e-01	6.8524e-02	1.1755e-36	0.00e+00	0.00e+00	5.3413e-01
6.50948e+16	1.4964e+04	9.556e-16	1.2916e+04	1.5133e+04	6.3264e-20	9.0571e-05	9.9991e-01	2.7359e-06	2.6634e-02	9.7336e-01	1.3621e-30	2.8951e-09	7.6174e-05	3.6730e-02	2.9928e-01	8.1389e-10	2.3836e-05	4.0687e-02	5.3888e-01	3.5247e-01	6.2593e-02	1.1755e-36	0.00e+00	0.00e+00	5.6629e-01
6.92745e+16	1.4915e+04	9.627e-16	1.2916e+04	1.5128e+04	6.2824e-20	9.0134e-05	9.9991e-01	3.0952e-06	3.0088e-02	9.6991e-01	1.7218e-30	3.2685e-09	8.4917e-05	4.0909e-02	3.1740e-01	9.5200e-10	2.7873e-05	4.7296e-02	5.5454e-01	3.3618e-01	5.7146e-02	1.1755e-36	0.00e+00	0.00e+00	5.9571e-01
7.31208e+16	1.4874e+04	9.717e-16	1.2916e+04	1.5124e+04	6.2567e-20	8.9890e-05	9.9991e-01	3.5334e-06	3.4201e-02	9.6580e-01	2.2104e-30	3.6975e-09	9.4797e-05	4.5493e-02	3.3634e-01	1.1253e-09	3.2842e-05	5.5088e-02	5.6899e-01	3.1948e-01	5.2080e-02	1.1755e-36	0.00e+00	0.00e+00	6.2274e-01
7.66468e+16	1.4847e+04	9.823e-16	1.2916e+04	1.5119e+04	6.2239e-20	8.9641e-05	9.9991e-01	4.0609e-06	3.9082e-02	9.6091e-01	2.8477e-30	4.1789e-09	1.0567e-04	5.0459e-02	3.5594e-01	1.3348e-09	3.8826e-05	6.4236e-02	5.8192e-01	3.0253e-01	4.7388e-02	1.1755e-36	0.00e+00	0.00e+00	6.4732e-01
7.98547e+16	1.4814e+04	9.955e-16	1.2916e+04	1.5113e+04	6.1894e-20	8.9674e-05	9.9991e-01	4.6949e-06	4.4889e-02	9.5511e-01	3.6739e-30	4.7127e-09	1.1761e-04	5.5791e-02	3.7629e-01	1.5945e-09	4.6087e-05	7.4982e-02	5.9314e-01	2.8530e-01	4.3032e-02	1.1755e-36	0.00e+00	0.00e+00	6.6964e-01
8.27606e+16	1.4785e+04	1.011e-15	1.2916e+04	1.5106e+04	6.2180e-20	8.9822e-05	9.9991e-01	5.4553e-06	5.1757e-02	9.4824e-01	4.8091e-30	5.2997e-09	1.3053e-04	6.1431e-02	3.9715e-01	1.9119e-09	5.4833e-05	8.7506e-02	6.0231e-01	2.6798e-01	3.9002e-02	1.1755e-36	0.00e+00	0.00e+00	6.8985e-01
8.53917e+16	1.4759e+04	1.027e-15	1.2916e+04	1.5095e+04	6.2088e-20	9.0052e-05	9.9991e-01	6.3614e-06	5.9873e-02	9.4012e-01	6.2309e-30	5.9325e-09	1.4428e-04	6.7318e-02	4.1841e-01	2.2961e-09	6.5285e-05	1.0204e-01	6.0917e-01	2.5064e-01	3.5270e-02	1.1755e-36	0.00e+00	0.00e+00	7.0822e-01
8.77806e+16	1.4738e+04	1.046e-15	1.2916e+04	1.5083e+04	6.2460e-20	9.0467e-05	9.9991e-01	7.4496e-06	6.9490e-02	9.3050e-01	8.1592e-30	6.6176e-09	1.5900e-04	7.3433e-02	4.4003e-01	2.7708e-09	7.7929e-05	1.1891e-01	6.1344e-01	2.3325e-01	3.1792e-02	1.1755e-36	0.00e+00	0.00e+00	7.2500e-01
8.99503e+16	1.4717e+04	1.067e-15	1.2916e+04	1.5071e+04	6.2688e-20	9.0725e-05	9.9991e-01	8.7520e-06	8.0901e-02	9.1909e-01	1.0556e-29	7.3305e-09	1.7417e-04	7.9723e-02	4.6196e-01	3.3243e-09	9.2704e-05	1.3841e-01	6.1486e-01	2.1583e-01	2.8540e-02	1.1755e-36	0.00e+00	0.00e+00	7.4027e-01
9.19190e+16	1.4692e+04	1.091e-15	1.2916e+04	1.5060e+04	6.2555e-20	9.0765e-05	9.9991e-01	1.0247e-05	9.4346e-02	9.0564e-01	1.3033e-29	7.9978e-09	1.8819e-04	8.6063e-02	4.8404e-01	3.8791e-09	1.0805e-04	1.6069e-01	6.1318e-01	1.9851e-01	2.5509e-02	1.1755e-36	0.00e+00	0.00e+00	7.5413e-01
9.37103e+16	1.4668e+04	1.114e-15	1.2916e+04	1.5044e+04	6.2778e-20	9.1284e-05	9.9991e-01	1.2112e-05	1.1035e-01	8.8964e-01	1.6739e-29	8.7784e-09	2.0454e-04	9.2531e-02	5.0623e-01	4.6682e-09	1.2856e-04	1.8630e-01	6.0793e-01	1.8120e-01	2.2662e-02	1.2972e-36	0.00e+00	0.00e+00	7.6686e-01
9.53417e+16	1.4642e+04	1.140e-15	1.2916e+04	1.5025e+04	6.3364e-20	9.1854e-05	9.9991e-01	1.4328e-05	1.2924e-01	8.7074e-01	2.1414e-29	9.5732e-09	2.2103e-04	9.8976e-02	5.2834e-01	5.5928e-09	1.5231e-04	2.1533e-01	5.9887e-01	1.6408e-01	2.0005e-02	1.5237e-36	0.00e+00	0.00e+00	7.7849e-01
9.68260e+16	1.4603e+04	1.165e-15	1.2916e+04	1.4995e+04	6.3888e-20	9.2897e-05	9.9991e-01	1.7029e-05	1.5151e-01	8.4848e-01	2.7834e-29	1.0453e-08	2.3944e-04	1.0533e-01	5.5026e-01	6.8528e-09	1.8304e-04	2.4796e-01	5.8573e-01	1.4723e-01	1.7532e-02	1.7798e-36	0.00e+00	0.00e+00	7.8921e-01
9.81831e+16	1.4556e+04	1.191e-15	1.2916e+04	1.4966e+04	6.4693e-20	9.3651e-05	9.9991e-01	2.0135e-05	1.7738e-01	8.2260e-01	3.4905e-29	1.1261e-08	2.5604e-04	1.1152e-01	5.7177e-01	8.1395e-09	2.1489e-04	2.8396e-01	5.6857e-01	1.3084e-01	1.5242e-02	2.0614e-36	0.00e+00	0.00e+00	7.9913e-01
9.94353e+16	1.4506e+04	1.216e-15	1.2916e+04	1.4933e+04	6.5410e-20	9.4425e-05	9.9991e-01	2.3735e-05	2.0733e-01	7.9264e-01	4.2995e-29	1.2033e-08	2.7206e-04	1.1748e-01	5.9277e-01	9.5795e-09	2.5019e-04	3.2331e-01	5.4732e-01	1.1499e-01	1.3129e-02	2.3492e-36	0.00e+00	0.00e+00	8.0841e-01
1.00602e+17	1.4422e+04	1.240e-15	1.2916e+04	1.4894e+04	6.6764e-20	9.5485e-05	9.9990e-01	2.7957e-05	2.4211e-01	7.5786e-01	5.2896e-29	1.2802e-08	2.8821e-04	1.2328e-01	6.1339e-01	1.1250e-08	2.9012e-04	3.6617e-01	5.2185e-01	9.9663e-02	1.1174e-02	2.6943e-36	0.00e+00	0.00e+00	8.1719e-01
1.01694e+17	1.4362e+04	1.260e-15	1.2916e+04	1.4859e+04	6.8248e-20	9.6394e-05	9.9990e-01	3.2801e-05	2.8146e-01	7.1851e-01	6.4395e-29	1.3558e-08	3.0357e-04	1.2883e-01	6.3298e-01	1.3054e-08	3.3302e-04	4.1156e-01	4.9271e-01	8.5280e-02	9.4052e-03	3.1186e-36	0.00e+00	0.00e+00	8.2549e-01
1.02717e+17	1.4264e+04	1.276e-15	1.2916e+04	1.4797e+04	6.8695e-20	9.7495e-05	9.9990e-01	3.8139e-05	3.2514e-01	6.7482e-01	7.4896e-29	1.4217e-08	3.1745e-04	1.3377e-01	6.5166e-01	1.4998e-08	3.7833e-04	4.5842e-01	4.6070e-01	7.2070e-02	7.8490e-03	3.2934e-36	0.00e+00	0.00e+00	8.3337e-01
1.03691e+17	1.4148e+04	1.285e-15	1.2916e+04	1.4743e+04	7.0594e-20	9.8752e-05	9.9990e-01	4.4143e-05	3.7316e-01	6.2680e-01	8.8230e-29	1.4870e-08	3.3126e-04	1.3855e-01	6.6923e-01	1.7097e-08	4.2617e-04	5.0643e-01	4.2623e-01	5.9974e-02	6.4648e-03	3.6725e-36	0.00e+00	0.00e+00	8.4108e-01
1.04636e+17	1.4007e+04	1.288e-15	1.2916e+04	1.4686e+04	7.3115e-20	1.0021e-04	9.9990e-01	5.0778e-05	4.2518e-01	5.7477e-01	1.0326e-28	1.5502e-08	3.4470e-04	1.4306e-01	6.8566e-01	1.9345e-08	4.7607e-04	5.5485e-01	3.8993e-01	4.9103e-02	5.2570e-03	4.1004e-36	0.00e+00	0.00e+00	8.4869e-01
1.05560e+17	1.3842e+04	1.282e-15	1.2916e+04	1.4625e+04	7.6131e-20	1.0184e-04	9.9990e-01	5.7908e-05	4.7998e-01	5.1996e-01	1.1953e-28	1.6109e-08	3.5768e-04	1.4727e-01	7.0073e-01	2.1694e-08	5.2677e-04	6.0246e-01	3.5289e-01	3.9596e-02	4.2278e-03	4.5395e-36	0.00e+00	0.00e+00	8.5630e-01
1.06614e+17	1.3618e+04	1.263e-15	1.2916e+04	1.4554e+04	8.0982e-20	1.0404e-04	9.9990e-01	6.6547e-05	5.4401e-01	4.5592e-01	1.4160e-28	1.6822e-08	3.7272e-04	1.5186e-01	7.1620e-01	2.4541e-08	5.8561e-04	6.5475e-01	3.1081e-01	3.0382e-02	3.2501e-03	5.1972e-36	0.00e+00	0.00e+00	8.6641e-01
1.07736e+17	1.3358e+04	1.233e-15	1.2916e+04	1.4479e+04	8.6396e-20	1.0646e-04	9.9989e-01	7.5887e-05	6.1172e-01	3.8820e-01	1.6470e-28	1.7525e-08	3.8765e-04	1.5631e-01	7.3022e-01	2.7505e-08	6.4483e-04	7.0601e-01	2.6810e-01	2.2635e-02	2.4470e-03	5.7761e-36	0.00e+00	0.00e+00	8.7554e-01
1.08717e+17	1.3111e+04	1.199e-15	1.2916e+04	1.4417e+04	9.2656e-20	1.0873e-04	9.9989e-01	8.3855e-05	6.6725e-01	3.3267e-01	1.8766e-28	1.8146e-08	4.0060e-04	1.5996e-01	7.4038e-01	3.0057e-08	6.9349e-04	7.4595e-01	2.3391e-01	1.7417e-02	1.9110e-03	6.4462e-36	0.00e+00	0.00e+00	8.8362e-01
1.09765e+17	1.2838e+04	1.156e-15	1.2916e+04	1.4358e+04	1.0069e-19	1.1135e-04	9.9989e-01	9.1869e-05	7.1973e-01	2.8018e-01	2.1553e-28	1.8871e-08	4.1500e-04	1.6373e-01	7.4896e-01	3.2772e-08	7.4231e-04	7.8276e-01	2.0169e-01	1.3241e-02	1.4798e-03	7.2987e-36	0.00e+00	0.00e+00	8.9438e-01
1.11128e+17	1.2489e+04	1.099e-15	1.2916e+04	1.4294e+04	1.1221e-19	1.1478e-04	9.9989e-01	1.0110e-04	7.7655e-01	2.2335e-01	2.5316e-28	1.9845e-08	4.3364e-04	1.6835e-01	7.5700e-01	3.6081e-08	7.9829e-04	8.2154e-01	1.6697e-01	9.5316e-03	1.0916e-03	8.3963e-36	0.00e+00	0.00e+00	9.0880e-01
1.12550e+17	1.2181e+04	1.044e-15	1.2916e+04	1.4243e+04	1.2534e-19	1.1784e-04	9.9988e-01	1.0901e-04	8.2288e-01	1.7701e-01	2.9203e-28	2.0745e-08	4.5038e-04	1.7251e-01	7.6264e-01	3.8903e-08	8.4388e-04	8.5239e-01	1.3879e-01	7.1005e-03	8.2902e-04	9.7335e-36	0.00e+00	0.00e+00	9.2134e-01
1.13726e+17	1.1936e+04	1.004e-15	1.2916e+04	1.4210e+04	1.3656e-19	1.2031e-04	9.9988e-01	1.1450e-04	8.5249e-01	1.4739e-01	3.2337e-28	2.1502e-08	4.6412e-04	1.7579e-01	7.6561e-01	4.1030e-08	8.7616e-04	8.7209e-01	1.2053e-01	5.7837e-03	6.7994e-04	1.0709e-35	0.00e+00	0.00e+00	9.3161e-01
1.14929e+17	1.1712e+04	9.662e-16	1.2916e+04	1.4183e+04	1.4840e-19	1.2282e-04	9.9988e-01	1.1943e-04	8.7676e-01	1.2312e-01	3.5714e-28	2.2313e-08	4.7825e-04	1.7901e-01	7.6759e-01	4.3140e-08	9.0642e-04	8.8875e-01	1.0493e-01	4.8249e-03	5.6447e-04	1.1733e-35	0.00e+00	0.00e+00	9.4523e-01
1.16493e+17	1.1466e+04	9.241e-16	1.2916e+04	1.4157e+04	1.6372e-19	1.2576e-04	9.9987e-01	1.2467e-04	9.0087e-01	9.9005e-02	3.9973e-28	2.3303e-08	4.9504e-04	1.8278e-01	7.6908e-01	4.5548e-08	9.3926e-04	9.0554e-01	8.9041e-02	3.9988e-03	4.5748e-04	1.3058e-35	0.00e+00	0.00e+00	9.6336e-01
1.18526e+17	1.1207e+04	8.801e-16	1.2916e+04	1.4132e+04	1.8277e-19	1.2913e-04	9.9987e-01	1.2999e-04	9.2334e-01	7.6529e-02	4.5122e-28	2.4476e-08	5.1440e-04	1.8705e-01	7.6986e-01	4.8216e-08	9.7345e-04	9.2159e-01	7.3712e-02	3.3389e-03	3.6313e-04	1.4639e-35	0.00e+00	0.00e+00	9.8756e-01
1.21165e+17	1.0949e+04	8.367e-16	1.2916e+04	1.4110e+04	2.0545e-19	1.3288e-04	9.9987e-01	1.3514e-04	9.4285e-01	5.7018e-02	5.1089e-28	2.5820e-08	5.3591e-04	1.9174e-01	7.6982e-01	5.1075e-08	1.0074e-03	9.3606e-01	5.9785e-02	2.8496e-03	2.8384e-04	1.6422e-35	0.00e+00	0.00e+00	1.0199e+00
1.24556e+17	1.0710e+04	7.971e-16	1.2916e+04	1.4092e+04	2.2958e-19	1.3697e-04	9.9986e-01	1.3984e-04	9.5857e-01	4.1290e-02	5.7327e-28	2.7296e-08	5.5876e-04	1.9665e-01	7.6900e-01	5.4040e-08	1.0395e-03	9.4830e-01	4.7922e-02	2.5088e-03	2.2031e-04	1.8024e-35	0.00e+00	0.00e+00	1.0623e+00
1.28927e+17	1.0500e+04	7.627e-16	1.2916e+04	1.4078e+04	2.5828e-19	1.4151e-04	9.9986e-01	1.4407e-04	9.7066e-01	2.9193e-02	6.4689e-28	2.8919e-08	5.8285e-04	2.0176e-01	7.6746e-01	5.7155e-08	1.0694e-03	9.5834e-01	3.8137e-02	2.2736e-03	1.7022e-04	2.0154e-35	0.00e+00	0.00e+00	1.1193e+00
1.34609e+17	1.0325e+04	7.344e-16	1.2916e+04	1.4067e+04	2.8958e-19	1.4671e-04	9.9985e-01	1.4789e-04	9.7963e-01	2.0222e-02	7.2840e-28	3.0723e-08	6.0829e-04	2.0709e-01	7.6528e-01	6.0508e-08	1.0969e-03	9.6632e-01	3.0333e-02	2.1070e-03	1.3143e-04	2.2462e-35	0.00e+00	0.00e+00	1.1962e+00
1.41995e+17	1.0190e+04	7.129e-16	1.2916e+04	1.4060e+04	3.2077e-19	1.5294e-04	9.9985e-01	1.5137e-04	9.8604e-01	1.3810e-02	8.1476e-28	3.2785e-08	6.3565e-04	2.1272e-01	7.6246e-01	6.4292e-08	1.1226e-03	9.7251e-01	2.4281e-02	1.9806e-03	1.0187e-04	2.4513e-35	0.00e+00	0.00e+00	1.3004e+00
1.51598e+17	1.0104e+04	6.982e-16	1.2916e+04	1.4055e+04	3.6011e-19	1.6074e-04	9.9984e-01	1.5456e-04	9.9048e-01	9.3625e-03	9.2731e-28	3.5152e-08	6.6473e-04	2.1859e-01	7.5918e-01	6.8694e-08	1.1459e-03	9.7721e-01	1.9683e-02	1.8741e-03	7.9520e-05	2.7955e-35	0.00e+00	0.00e+00	1.4427e+00
1.64081e+17	1.0055e+04	6.914e-16	1.2916e+04	1.4051e+04	4.0685e-19	1.7166e-04	9.9983e-01	1.5829e-04	9.9350e-01	6.3387e-03	1.0816e-27	3.8354e-08	7.0183e-04	2.2575e-01	7.5450e-01	7.4770e-08	1.1722e-03	9.8079e-01	1.6198e-02	1.7724e-03	6.2483e-05	3.2348e-35	0.00e+00	0.00e+00	1.6402e+00
1.79694e+17	1.0066e+04	6.929e-16	1.2916e+04	1.4049e+04	4.6479e-19	1.8661e-04	9.9981e-01	1.6227e-04	9.9546e-01	4.3825e-03	1.2942e-27	4.2365e-08	7.4440e-04	2.3360e-01	7.4897e-01	8.2821e-08	1.1989e-03	9.8342e-01	1.3653e-02	1.6724e-03	4.9816e-05	3.8806e-35	0.00e+00	0.00e+00	1.9007e+00
1.97663e+17	1.0146e+04	7.028e-16	1.2916e+04	1.4047e+04	5.4345e-19	2.0664e-04	9.9979e-01	1.6675e-04	9.9665e-01	3.1794e-03	1.6136e-27	4.7268e-08	7.9253e-04	2.4191e-01	7.4271e-01	9.3568e-08	1.2265e-03	9.8529e-01	1.1860e-02	1.5777e-03	4.0653e-05	5.0176e-35	0.00e+00	0.00e+00	2.2179e+00
2.17429e+17	1.0256e+04	7.225e-16	1.2916e+04	1.4046e+04	6.5082e-19	2.3423e-04	9.9977e-01	1.7242e-04	9.9742e-01	2.4125e-03	2.1165e-27	5.3723e-08	8.5315e-04	2.5143e-01	7.3499e-01	1.0898e-07	1.2612e-03	9.8670e-01	1.0512e-02	1.4849e-03	3.3641e-05	6.8096e-35	0.00e+00	0.00e+00	2.6134e+00
2.39172e+17	1.0435e+04	7.514e-16	1.2916e+04	1.4045e+04	8.1349e-19	2.7258e-04	9.9973e-01	1.7975e-04	9.9792e-01	1.8971e-03	3.0084e-27	6.2131e-08	9.2852e-04	2.6210e-01	7.2593e-01	1.3177e-07	1.3039e-03	9.8783e-01	9.4344e-03	1.3956e-03	2.7973e-05	1.0413e-34	0.00e+00	0.00e+00	3.1197e+00
2.60997e+17	1.0666e+04	7.898e-16	1.2916e+04	1.4044e+04	1.0558e-18	3.2359e-04	9.9968e-01	1.8832e-04	9.9825e-01	1.5652e-03	4.5676e-27	7.2348e-08	1.0170e-03	2.7328e-01	7.1601e-01	1.6464e-07	1.3559e-03	9.8867e-01	8.6281e-03	1.3191e-03	2.3676e-05	1.7648e-34	0.00e+00	0.00e+00	3.6705e+00
2.81435e+17	1.0916e+04	8.331e-16	1.2916e+04	1.4043e+04	1.3639e-18	3.8683e-04	9.9961e-01	1.9906e-04	9.9846e-01	1.3442e-03	7.1590e-27	8.4559e-08	1.1222e-03	2.8513e-01	7.0516e-01	2.1067e-07	1.4195e-03	9.8932e-01	7.9790e-03	1.2539e-03	2.0298e-05	3.0115e-34	0.00e+00	0.00e+00	4.3014e+00
3.00293e+17	1.1176e+04	8.798e-16	1.2916e+04	1.4041e+04	1.7985e-18	4.6393e-04	9.9954e-01	2.1142e-04	9.9860e-01	1.1907e-03	1.1740e-26	9.8827e-08	1.2456e-03	2.9761e-01	6.9344e-01	2.7502e-07	1.4972e-03	9.8984e-01	7.4446e-03	1.1998e-03	1.7602e-05	5.4761e-34	0.00e+00	0.00e+00	4.9715e+00
3.16523e+17	1.1417e+04	9.251e-16	1.2916e+04	1.4040e+04	2.3817e-18	5.5043e-04	9.9945e-01	2.2474e-04	9.9869e-01	1.0848e-03	1.9473e-26	1.1451e-07	1.3828e-03	3.1016e-01	6.8145e-01	3.5894e-07	1.5862e-03	9.9023e-01	7.0072e-03	1.1571e-03	1.5498e-05	1.0192e-33	0.00e+00	0.00e+00	5.6333e+00
3.30129e+17	1.1626e+04	9.659e-16	1.2916e+04	1.4039e+04	3.0501e-18	6.4176e-04	9.9936e-01	2.3893e-04	9.9875e-01	1.0092e-03	3.1227e-26	1.3121e-07	1.5303e-03	3.2254e-01	6.6947e-01	4.6226e-07	1.6835e-03	9.9054e-01	6.6348e-03	1.1229e-03	1.3825e-05	1.7715e-33	0.00e+00	0.00e+00	6.2855e+00
3.41975e+17	1.1809e+04	1.003e-15	1.2916e+04	1.4037e+04	3.8524e-18	7.3887e-04	9.9926e-01	2.5410e-04	9.9880e-01	9.5049e-04	4.9378e-26	1.4938e-07	1.6921e-03	3.3512e-01	6.5719e-01	5.8995e-07	1.7906e-03	9.9081e-01	6.2928e-03	1.0938e-03	1.2406e-05	3.0007e-33	0.00e+00	0.00e+00	6.9619e+00
3.52877e+17	1.1970e+04	1.038e-15	1.2916e+04	1.4036e+04	4.9657e-18	8.4683e-04	9.9915e-01	2.7081e-04	9.9883e-01	9.0042e-04	7.9922e-26	1.7013e-07	1.8780e-03	3.4859e-01	6.4395e-01	7.5439e-07	1.9136e-03	9.9104e-01	5.9631e-03	1.0671e-03	1.1132e-05	5.3187e-33	0.00e+00	0.00e+00	7.6921e+00
3.63126e+17	1.2126e+04	1.073e-15	1.2916e+04	1.4034e+04	6.2098e-18	9.6910e-04	9.9903e-01	2.8983e-04	9.9885e-01	8.5668e-04	1.2796e-25	1.9431e-07	2.0955e-03	3.6308e-01	6.2963e-01	9.7209e-07	2.0589e-03	9.9125e-01	5.6349e-03	1.0429e-03	9.9612e-06	8.8595e-33	0.00e+00	0.00e+00	8.4761e+00
3.72624e+17	1.2279e+04	1.105e-15	1.2916e+04	1.4032e+04	7.5621e-18	1.1055e-03	9.9889e-01	3.1148e-04	9.9887e-01	8.1934e-04	2.0248e-25	2.2206e-07	2.3460e-03	3.7838e-01	6.1444e-01	1.2575e-06	2.2282e-03	9.9142e-01	5.3165e-03	1.0215e-03	8.9049e-06	1.4030e-32	0.00e+00	0.00e+00	9.2939e+00
3.81284e+17	1.2394e+04	1.136e-15	1.2916e+04	1.4030e+04	9.7932e-18	1.2566e-03	9.9874e-01	3.3513e-04	9.9888e-01	7.8671e-04	3.3666e-25	2.5409e-07	2.6343e-03	3.9463e-01	5.9823e-01	1.6267e-06	2.4228e-03	9.9156e-01	5.0029e-03	1.0013e-03	7.9454e-06	2.5157e-32	0.00e+00	0.00e+00	1.0139e+01
3.89187e+17	1.2508e+04	1.165e-15	1.2916e+04	1.4028e+04	1.2191e-17	1.4190e-03	9.9858e-01	3.6056e-04	9.9888e-01	7.5982e-04	5.4214e-25	2.8972e-07	2.9564e-03	4.1130e-01	5.8152e-01	2.0945e-06	2.6422e-03	9.9165e-01	4.7173e-03	9.8343e-04	7.1110e-06	4.1696e-32	0.00e+00	0.00e+00	1.1013e+01
3.96541e+17	1.2624e+04	1.192e-15	1.2916e+04	1.4026e+04	1.5193e-17	1.5992e-03	9.9840e-01	3.8891e-04	9.9888e-01	7.3565e-04	8.8080e-25	3.3088e-07	3.3265e-03	4.2883e-01	5.6389e-01	2.7048e-06	2.8962e-03	9.9169e-01	4.4342e-03	9.6727e-04	6.3447e-06	6.9776e-32	0.00e+00	0.00e+00	1.1945e+01
4.03503e+17	1.2728e+04	1.218e-15	1.2916e+04	1.4024e+04	1.8836e-17	1.8029e-03	9.9820e-01	4.2118e-04	9.9887e-01	7.1264e-04	1.4400e-24	3.7927e-07	3.7610e-03	4.4764e-01	5.4492e-01	3.5182e-06	3.1973e-03	9.9169e-01	4.1525e-03	9.5186e-04	5.6333e-06	1.1542e-31	0.00e+00	0.00e+00	1.2941e+01
4.10049e+17	1.2825e+04	1.243e-15	1.2916e+04	1.4021e+04	2.3504e-17	2.0321e-03	9.9797e-01	4.5774e-04	9.9885e-01	6.9151e-04	2.3880e-24	4.3601e-07	4.2688e-03	4.6758e-01	5.2472e-01	4.6042e-06	3.5540e-03	9.9162e-01	3.8767e-03	9.3736e-04	4.9817e-06	1.9389e-31	0.00e+00	0.00e+00	1.3988e+01
4.16123e+17	1.2912e+04	1.269e-15	1.2916e+04	1.4016e+04	2.9076e-17	2.2903e-03	9.9771e-01	4.9928e-04	9.9883e-01	6.7214e-04	3.9633e-24	5.0232e-07	4.8597e-03	4.8852e-01	5.0342e-01	6.0583e-06	3.9764e-03	9.9148e-01	3.6042e-03	9.2385e-04	4.3851e-06	3.1986e-31	0.00e+00	0.00e+00	1.5077e+01
4.21723e+17	1.2987e+04	1.292e-15	1.2916e+04	1.4013e+04	3.6410e-17	2.5727e-03	9.9743e-01	5.4504e-04	9.9880e-01	6.5569e-04	6.6389e-24	5.7827e-07	5.5339e-03	5.1008e-01	4.8142e-01	7.9614e-06	4.4671e-03	9.9126e-01	3.3478e-03	9.1109e-04	3.8574e-06	5.4139e-31	0.00e+00	0.00e+00	1.6203e+01
4.26875e+17	1.3052e+04	1.314e-15	1.2916e+04	1.4008e+04	4.5334e-17	2.8830e-03	9.9712e-01	5.9554e-04	9.9876e-01	6.4120e-04	1.1075e-23	6.6543e-07	6.3025e-03	5.3214e-01	4.5880e-01	1.0460e-05	5.0388e-03	9.9094e-01	3.1042e-03	8.9908e-04	3.3883e-06	9.0526e-31	0.00e+00	0.00e+00	1.7363e+01
4.31582e+17	1.3109e+04	1.334e-15	1.2916e+04	1.4004e+04	5.6263e-17	3.2212e-03	9.9678e-01	6.5094e-04	9.9872e-01	6.2849e-04	1.8389e-23	7.6435e-07	7.1704e-03	5.5441e-01	4.3585e-01	1.3715e-05	5.7013e-03	9.9052e-01	2.8755e-03	8.8780e-04	2.9753e-06	1.5031e-30	0.00e+00	0.00e+00	1.8539e+01
4.35846e+17	1.3157e+04	1.353e-15	1.2916e+04	1.3999e+04	6.9448e-17	3.5855e-03	9.9641e-01	7.1101e-04	9.9867e-01	6.1809e-04	3.0223e-23	8.7513e-07	8.1367e-03	5.7654e-01	4.1293e-01	1.7899e-05	6.4604e-03	9.8998e-01	2.6632e-03	8.7721e-04	2.6155e-06	2.4650e-30	0.00e+00	0.00e+00	1.9723e+01
4.39720e+17	1.3197e+04	1.371e-15	1.2916e+04	1.3994e+04	8.5284e-17	3.9771e-03	9.9602e-01	7.7601e-04	9.9861e-01	6.0945e-04	4.9169e-23	9.9863e-07	9.2080e-03	5.9842e-01	3.9015e-01	2.3247e-05	7.3280e-03	9.8931e-01	2.4662e-03	8.6714e-04	2.3017e-06	3.9941e-30	0.00e+00	0.00e+00	2.0922e+01
4.43279e+17	1.3229e+04	1.387e-15	1.2916e+04	1.3988e+04	1.0449e-16	4.4016e-03	9.9560e-01	8.4691e-04	9.9855e-01	6.0153e-04	7.9573e-23	1.1370e-06	1.0402e-02	6.2011e-01	3.6742e-01	3.0126e-05	8.3282e-03	9.8850e-01	2.2818e-03	8.5738e-04	2.0254e-06	6.4328e-30	0.00e+00	0.00e+00	2.2149e+01
4.46574e+17	1.3248e+04	1.402e-15	1.2916e+04	1.3983e+04	1.2834e-16	4.8610e-03	9.9514e-01	9.2437e-04	9.9848e-01	5.9424e-04	1.2858e-22	1.2913e-06	1.1735e-02	6.4156e-01	3.4478e-01	3.8968e-05	9.4843e-03	9.8752e-01	2.1109e-03	8.4756e-04	1.7829e-06	1.0382e-29	0.00e+00	0.00e+00	2.3406e+01
4.49025e+17	1.3264e+04	1.414e-15	1.2916e+04	1.3978e+04	1.5241e-16	5.2844e-03	9.9472e-01	9.9590e-04	9.9841e-01	5.8941e-04	1.9245e-22	1.4351e-06	1.2965e-02	6.5851e-01	3.2672e-01	4.8537e-05	1.0623e-02	9.8651e-01	1.9782e-03	8.4033e-04	1.6032e-06	1.5523e-29	0.00e+00	0.00e+00	2.4151e+01
4.50457e+17	1.3277e+04	1.421e-15	1.2916e+04	1.3973e+04	1.6820e-16	5.5552e-03	9.9444e-01	1.0427e-03	9.9834e-01	6.1616e-04	2.4497e-22	1.5307e-06	1.3774e-02	6.6881e-01	3.1567e-01	5.5440e-05	1.1389e-02	9.8581e-01	1.9052e-03	8.3605e-04	1.5052e-06	1.9632e-29	0.00e+00	0.00e+00	2.4665e+01
4.51762e+17	1.3283e+04	1.426e-15	1.2916e+04	1.3969e+04	1.8435e-16	5.8061e-03	9.9419e-01	1.0861e-03	9.9828e-01	6.3485e-04	3.0431e-22	1.6215e-06	1.4544e-02	6.7850e-01	3.0528e-01	6.2312e-05	1.2108e-02	9.8516e-01	1.8376e-03	8.3156e-04	1.4194e-06	2.4327e-29	0.00e+00	0.00e+00	2.5363e+01
4.53458e+17	1.3282e+04	1.434e-15	1.2916e+04	1.3965e+04	2.0941e-16	6.1617e-03	9.9384e-01	1.1473e-03	9.9823e-01	6.2518e-04	4.0818e-22	1.7509e-06	1.5642e-02	6.9135e-01	2.9140e-01	7.2933e-05	1.3157e-02	9.8420e-01	1.7446e-03	8.2524e-04	1.3083e-06	3.2627e-29	0.00e+00	0.00e+00	2.6327e+01
4.55331e+17	1.3281e+04	1.444e-15	1.2916e+04	1.3960e+04	2.4367e-16	6.6156e-03	9.9338e-01	1.2251e-03	9.9817e-01	6.0240e-04	5.7908e-22	1.9163e-06	1.7038e-02	7.0591e-01	2.7553e-01	8.8152e-05	1.4561e-02	9.8289e-01	1.6385e-03	8.1803e-04	1.1868e-06	4.6275e-29	0.00e+00	0.00e+00	2.7312e+01
4.56955e+17	1.3301e+04	1.451e-15	1.2916e+04	1.3951e+04	2.7653e-16	7.0649e-03	9.9294e-01	1.3027e-03	9.9810e-01	5.9539e-04	7.9578e-22	2.0830e-06	1.8427e-02	7.1884e-01	2.6129e-01	1.0533e-04	1.6037e-02	9.8149e-01	1.5488e-03	8.1234e-04	1.0864e-06	6.2885e-29	0.00e+00	0.00e+00	2.8132e+01
4.58261e+17	1.3287e+04	1.459e-15	1.2916e+04	1.3947e+04	3.1345e-16	7.4717e-03	9.9253e-01	1.3732e-03	9.9803e-01	6.0084e-04	1.0516e-21	2.2341e-06	1.9697e-02	7.2962e-01	2.4930e-01	1.2243e-04	1.7408e-02	9.8019e-01	1.4754e-03	8.0638e-04	1.0064e-06	8.3433e-29	0.00e+00	0.00e+00	2.8855e+01
4.59627e+17	1.3277e+04	1.466e-15	1.2916e+04	1.3942e+04	3.5481e-16	7.9120e-03	9.9209e-01	1.4502e-03	9.9795e-01	6.0474e-04	1.3986e-21	2.4015e-06	2.1111e-02	7.4097e-01	2.3660e-01	1.4294e-04	1.8955e-02	9.7870e-01	1.4022e-03	7.9994e-04	9.2939e-07	1.1082e-28	0.00e+00	0.00e+00	2.9852e+01
4.61022e+17	1.3272e+04	1.474e-15	1.2916e+04	1.3936e+04	4.0759e-16	8.4395e-03	9.9156e-01	1.5417e-03	9.9787e-01	5.8921e-04	1.9260e-21	2.6009e-06	2.2778e-02	7.5266e-01	2.2331e-01	1.7041e-04	2.0897e-02	9.7682e-01	1.3226e-03	7.9320e-04	8.4960e-07	1.5274e-28	0.00e+00	0.00e+00	3.0708e+01
4.62086e+17	1.3278e+04	1.479e-15	1.2916e+04	1.3927e+04	4.5115e-16	8.8922e-03	9.9111e-01	1.6207e-03	9.9779e-01	5.9116e-04	2.4806e-21	2.7750e-06	2.4212e-02	7.6169e-01	2.1290e-01	1.9672e-04	2.2648e-02	9.7510e-01	1.2628e-03	7.8819e-04	7.9086e-07	1.9481e-28	0.00e+00	0.00e+00	3.1348e+01
4.62918e+17	1.3264e+04	1.484e-15	1.2916e+04	1.3923e+04	4.9560e-16	9.2721e-03	9.9073e-01	1.6876e-03	9.9771e-01	5.9899e-04	3.0582e-21	2.9212e-06	2.5431e-02	7.6885e-01	2.0457e-01	2.2052e-04	2.4147e-02	9.7363e-01	1.2162e-03	7.8338e-04	7.4608e-07	2.4081e-28	0.00e+00	0.00e+00	3.1939e+01
4.63817e+17	1.3249e+04	1.488e-15	1.2916e+04	1.3918e+04	5.4621e-16	9.6921e-03	9.9031e-01	1.7621e-03	9.9764e-01	6.0198e-04	3.8152e-21	3.0847e-06	2.6803e-02	7.7655e-01	1.9554e-01	2.4895e-04	2.5854e-02	9.7195e-01	1.1678e-03	7.7797e-04	7.0081e-07	3.0022e-28	0.00e+00	0.00e+00	3.2742e+01
4.64986e+17	1.3235e+04	1.495e-15	1.2916e+04	1.3912e+04	6.2279e-16	1.0292e-02	9.8971e-01	1.8678e-03	9.9754e-01	5.9159e-04	5.1463e-21	3.3197e-06	2.8753e-02	7.8652e-01	1.8368e-01	2.9346e-04	2.8378e-02	9.6945e-01	1.1028e-03	7.7065e-04	6.4298e-07	4.0533e-28	0.00e+00	0.00e+00	3.3851e+01
4.66145e+17	1.3218e+04	1.502e-15	1.2916e+04	1.3904e+04	7.1957e-16	1.1006e-02	9.8899e-01	1.9925e-03	9.9744e-01	5.7253e-04	7.1611e-21	3.5946e-06	3.1031e-02	7.9637e-01	1.7160e-01	3.5284e-04	3.1523e-02	9.6633e-01	1.0348e-03	7.6265e-04	5.8452e-07	5.6407e-28	0.00e+00	0.00e+00	3.4747e+01
4.66983e+17	1.3222e+04	1.506e-15	1.2916e+04	1.3891e+04	7.9463e-16	1.1579e-02	9.8842e-01	2.0932e-03	9.9733e-01	5.7398e-04	9.1604e-21	3.8180e-06	3.2870e-02	8.0339e-01	1.6279e-01	4.0642e-04	3.4199e-02	9.6365e-01	9.8748e-04	7.5712e-04	5.4450e-07	7.1555e-28	0.00e+00	0.00e+00	3.5386e+01
4.67628e+17	1.3201e+04	1.511e-15	1.2916e+04	1.3886e+04	8.7019e-16	1.2052e-02	9.8795e-01	2.1775e-03	9.9724e-01	5.7982e-04	1.1183e-20	4.0029e-06	3.4402e-02	8.0880e-01	1.5588e-01	4.5375e-04	3.6434e-02	9.6141e-01	9.5098e-04	7.5175e-04	5.1426e-07	8.7560e-28	0.00e+00	0.00e+00	3.5988e+01
4.68333e+17	1.3186e+04	1.514e-15	1.2916e+04	1.3879e+04	9.5476e-16	1.2580e-02	9.8742e-01	2.2719e-03	9.9715e-01	5.8161e-04	1.3829e-20	4.2121e-06	3.6133e-02	8.1458e-01	1.4840e-01	5.1084e-04	3.9014e-02	9.5882e-01	9.1264e-04	7.4592e-04	4.8345e-07	1.0815e-27	0.00e+00	0.00e+00	3.6805e+01
4.69249e+17	1.3165e+04	1.520e-15	1.2916e+04	1.3870e+04	1.0873e-15	1.3333e-02	9.8667e-01	2.4060e-03	9.9702e-01	5.7360e-04	1.8476e-20	4.5088e-06	3.8584e-02	8.2192e-01	1.3866e-01	5.9967e-04	4.2807e-02	9.5499e-01	8.6196e-04	7.3775e-04	4.4424e-07	1.4505e-27	0.00e+00	0.00e+00	3.7931e+01
4.70176e+17	1.3133e+04	1.527e-15	1.2916e+04	1.3861e+04	1.2578e-15	1.4239e-02	9.8576e-01	2.5673e-03	9.9687e-01	5.5795e-04	2.5536e-20	4.8588e-06	4.1491e-02	8.2906e-01	1.2866e-01	7.1882e-04	4.7563e-02	9.5018e-01	8.0876e-04	7.2811e-04	4.0397e-07	2.0095e-27	0.00e+00	0.00e+00	3.8879e+01
4.70871e+17	1.3130e+04	1.530e-15	1.2916e+04	1.3847e+04	1.3948e-15	1.4998e-02	9.8500e-01	2.7020e-03	9.9674e-01	5.5604e-04	3.2824e-20	5.1548e-06	4.3926e-02	8.3420e-01	1.2112e-01	8.3105e-04	5.1785e-02	9.4589e-01	7.6902e-04	7.2101e-04	3.7493e-07	2.5653e-27	0.00e+00	0.00e+00	3.9581e+01
4.71415e+17	1.3096e+04	1.535e-15	1.2916e+04	1.3840e+04	1.5395e-15	1.5640e-02	9.8436e-01	2.8185e-03	9.9662e-01	5.5815e-04	4.0425e-20	5.4038e-06	4.6001e-02	8.3809e-01	1.1518e-01	9.3248e-04	5.5385e-02	9.4223e-01	7.3866e-04	7.1413e-04	3.5278e-07	3.1742e-27	0.00e+00	0.00e+00	4.0236e+01
4.72006e+17	1.3089e+04	1.537e-15	1.2916e+04	1.3830e+04	1.6873e-15	1.6346e-02	9.8365e-01	2.9461e-03	9.9650e-01	5.5821e-04	5.0180e-20	5.6842e-06	4.8302e-02	8.4213e-01	1.0887e-01	1.0546e-03	5.9540e-02	9.3799e-01	7.0663e-04	7.0720e-04	3.3060e-07	3.9291e-27	0.00e+00	0.00e+00	4.1126e+01
4.72774e+17	1.3053e+04	1.543e-15	1.2916e+04	1.3817e+04	1.9333e-15	1.7375e-02	9.8262e-01	3.1315e-03	9.9632e-01	5.5025e-04	6.7644e-20	6.0842e-06	5.1609e-02	8.4708e-01	1.0066e-01	1.2471e-03	6.5682e-02	9.3171e-01	6.6424e-04	6.9668e-04	3.0193e-07	5.3063e-27	0.00e+00	0.00e+00	4.2357e+01
4.73544e+17	1.3014e+04	1.549e-15	1.2916e+04	1.3805e+04	2.2540e-15	1.8608e-02	9.8139e-01	3.3543e-03	9.9611e-01	5.3602e-04	9.4525e-20	6.5566e-06	5.5522e-02	8.5150e-01	9.2362e-02	1.5057e-03	7.3373e-02	9.2382e-01	6.2050e-04	6.8432e-04	2.7282e-07	7.4474e-27	0.00e+00	0.00e+00	4.3377e+01
4.74115e+17	1.3006e+04	1.552e-15	1.2916e+04	1.3786e+04	2.5078e-15	1.9628e-02	9.8037e-01	3.5377e-03	9.9593e-01	5.3275e-04	1.2197e-19	6.9443e-06	5.8750e-02	8.5439e-01	8.6268e-02	1.7464e-03	8.0106e-02	9.1688e-01	5.8818e-04	6.7505e-04	2.5218e-07	9.5502e-27	0.00e+00	0.00e+00	4.4126e+01
4.74561e+17	1.2968e+04	1.555e-15	1.2916e+04	1.3776e+04	2.7771e-15	2.0492e-02	9.7951e-01	3.6973e-03	9.9577e-01	5.3262e-04	1.5071e-19	7.2762e-06	6.1505e-02	8.5642e-01	8.1506e-02	1.9644e-03	8.5838e-02	9.1097e-01	5.6345e-04	6.6634e-04	2.3642e-07	1.1863e-26	0.00e+00	0.00e+00	4.4835e+01
4.75049e+17	1.2958e+04	1.557e-15	1.2916e+04	1.3761e+04	3.0456e-15	2.1447e-02	9.7855e-01	3.8727e-03	9.9560e-01	5.3109e-04	1.8751e-19	7.6450e-06	6.4567e-02	8.5842e-01	7.6470e-02	2.2285e-03	9.2501e-02	9.0408e-01	5.3762e-04	6.5737e-04	2.2070e-07	1.4689e-26	0.00e+00	0.00e+00	4.5800e+01
4.75683e+17	1.2915e+04	1.561e-15	1.2916e+04	1.3742e+04	3.5074e-15	2.2850e-02	9.7715e-01	4.1300e-03	9.9535e-01	5.2311e-04	2.5427e-19	8.1765e-06	6.8987e-02	8.6054e-01	6.9959e-02	2.6477e-03	1.0236e-01	8.9384e-01	5.0353e-04	6.4378e-04	2.0030e-07	1.9946e-26	0.00e+00	0.00e+00	4.7136e+01
4.76328e+17	1.2869e+04	1.568e-15	1.2916e+04	1.3724e+04	4.1437e-15	2.4583e-02	9.7542e-01	4.4450e-03	9.9505e-01	5.0967e-04	3.6130e-19	8.8205e-06	7.4321e-02	8.6188e-01	6.3319e-02	3.2252e-03	1.1491e-01	8.8077e-01	4.6692e-04	6.2727e-04	1.7899e-07	2.8608e-26	0.00e+00	0.00e+00	4.8281e+01
4.76815e+17	1.2830e+04	1.571e-15	1.2916e+04	1.3707e+04	4.7394e-15	2.6069e-02	9.7393e-01	4.7214e-03	9.9477e-01	5.0382e-04	4.7935e-19	9.3762e-06	7.8930e-02	8.6226e-01	5.8361e-02	3.7794e-03	1.2613e-01	8.6904e-01	4.3967e-04	6.1321e-04	1.6341e-07	3.8225e-26	0.00e+00	0.00e+00	4.9140e+01
4.77204e+17	1.2809e+04	1.572e-15	1.2916e+04	1.3684e+04	5.2858e-15	2.7322e-02	9.7268e-01	4.9529e-03	9.9455e-01	5.0123e-04	6.0229e-19	9.8325e-06	8.2798e-02	8.6224e-01	5.4528e-02	4.2909e-03	1.3590e-01	8.5879e-01	4.1882e-04	6.0186e-04	1.5187e-07	4.8485e-26	0.00e+00	0.00e+00	4.9970e+01
4.77632e+17	1.2764e+04	1.575e-15	1.2916e+04	1.3669e+04	5.9774e-15	2.8801e-02	9.7120e-01	5.2327e-03	9.9427e-01	4.9699e-04	7.7486e-19	1.0388e-05	8.7381e-02	8.6183e-01	5.0377e-02	4.9369e-03	1.4747e-01	8.4661e-01	3.9614e-04	5.8779e-04	1.3955e-07	6.2759e-26	0.00e+00	0.00e+00	5.1107e+01
4.78189e+17	1.2718e+04	1.579e-15	1.2916e+04	1.3648e+04	7.0542e-15	3.0947e-02	9.6905e-01	5.6348e-03	9.9388e-01	4.8766e-04	1.0906e-18	1.1177e-05	9.3919e-02	8.6056e-01	4.5144e-02	5.9698e-03	1.6467e-01	8.2843e-01	3.6701e-04	5.6792e-04	1.2418e-07	8.9330e-26	0.00e+00	0.00e+00	5.2696e+01
4.78757e+17	1.2664e+04	1.583e-15	1.2916e+04	1.3617e+04	8.5541e-15	3.3658e-02	9.6634e-01	6.1365e-03	9.9339e-01	4.7327e-04	1.6147e-18	1.2139e-05	1.0193e-01	8.5787e-01	3.9853e-02	7.4280e-03	1.8673e-01	8.0496e-01	3.3571e-04	5.4364e-04	1.0814e-07	1.3414e-25	0.00e+00	0.00e+00	5.4087e+01
4.79195e+17	1.2616e+04	1.586e-15	1.2916e+04	1.3583e+04	1.0057e-14	3.6106e-02	9.6389e-01	6.5931e-03	9.9294e-01	4.6445e-04	2.2346e-18	1.2989e-05	1.0909e-01	8.5473e-01	3.5857e-02	8.8980e-03	2.0699e-01	7.8328e-01	3.1142e-04	5.2230e-04	9.6104e-08	1.8767e-25	0.00e+00	0.00e+00	5.5172e+01
4.79554e+17	1.2586e+04	1.585e-15	1.2916e+04	1.3538e+04	1.1464e-14	3.8243e-02	9.6176e-01	6.9938e-03	9.9255e-01	4.5862e-04	2.9136e-18	1.3707e-05	1.1532e-01	8.5162e-01	3.2746e-02	1.0313e-02	2.2514e-01	7.6375e-01	2.9262e-04	5.0435e-04	8.7106e-08	2.4661e-25	0.00e+00	0.00e+00	5.6263e+01
4.79957e+17	1.2521e+04	1.588e-15	1.2916e+04	1.3514e+04	1.3411e-14	4.0913e-02	9.5909e-01	7.5051e-03	9.9204e-01	4.5110e-04	3.9540e-18	1.4641e-05	1.2307e-01	8.4729e-01	2.9351e-02	1.2201e-02	2.4726e-01	7.3979e-01	2.7198e-04	4.8152e-04	1.1755e-36	3.3731e-25	0.00e+00	0.00e+00	5.7780e+01
4.80479e+17	1.2454e+04	1.590e-15	1.2916e+04	1.3473e+04	1.6598e-14	4.4918e-02	9.5508e-01	8.2630e-03	9.9130e-01	4.3830e-04	5.9962e-18	1.5991e-05	1.3435e-01	8.4022e-01	2.5159e-02	1.5330e-02	2.8030e-01	7.0368e-01	2.4544e-04	4.4890e-04	1.1755e-36	5.1878e-25	0.00e+00	0.00e+00	5.9944e+01
4.81005e+17	1.2384e+04	1.592e-15	1.2916e+04	1.3398e+04	2.1304e-14	5.0147e-02	9.4985e-01	9.2259e-03	9.9035e-01	4.2076e-04	9.6552e-18	1.7611e-05	1.4833e-01	8.3035e-01	2.1075e-02	1.9893e-02	3.2219e-01	6.5729e-01	2.1726e-04	4.0962e-04	1.1755e-36	8.5079e-25	0.00e+00	0.00e+00	6.1829e+01
4.81391e+17	1.2314e+04	1.592e-15	1.2916e+04	1.3345e+04	2.6126e-14	5.4857e-02	9.4514e-01	1.0121e-02	9.8947e-01	4.0912e-04	1.4128e-17	1.9088e-05	1.6083e-01	8.2075e-01	1.8197e-02	2.4438e-02	3.5848e-01	6.1651e-01	1.9662e-04	3.7614e-04	1.1755e-36	1.2608e-24	0.00e+00	0.00e+00	6.3214e+01
4.81681e+17	1.2283e+04	1.586e-15	1.2916e+04	1.3269e+04	3.0352e-14	5.8696e-02	9.4130e-01	1.0845e-02	9.8875e-01	4.0195e-04	1.8747e-17	2.0186e-05	1.7082e-01	8.1278e-01	1.6197e-02	2.8473e-02	3.8754e-01	5.8345e-01	1.8210e-04	3.5082e-04	1.1755e-36	1.6866e-24	0.00e+00	0.00e+00	6.4512e+01
4.81993e+17	1.2209e+04	1.585e-15	1.2916e+04	1.3214e+04	3.6311e-14	6.3419e-02	9.3658e-01	1.1743e-02	9.8786e-01	3.9328e-04	2.5679e-17	2.1575e-05	1.8278e-01	8.0289e-01	1.4136e-02	3.3622e-02	4.2007e-01	5.4582e-01	1.6680e-04	3.2161e-04	1.1755e-36	2.3358e-24	0.00e+00	0.00e+00	6.6334e+01
4.82398e+17	1.2131e+04	1.579e-15	1.2916e+04	1.3113e+04	4.6152e-14	7.0521e-02	9.2948e-01	1.3078e-02	9.8654e-01	3.8130e-04	3.9063e-17	2.3516e-05	2.0003e-01	7.8812e-01	1.1678e-02	4.1905e-02	4.6533e-01	4.9233e-01	1.4768e-04	2.8213e-04	1.1755e-36	3.6077e-24	0.00e+00	0.00e+00	6.8969e+01
4.82807e+17	1.2033e+04	1.574e-15	1.2916e+04	1.2987e+04	6.1610e-14	8.0122e-02	9.1988e-01	1.4849e-02	9.8478e-01	3.6641e-04	6.3294e-17	2.5938e-05	2.2183e-01	7.6868e-01	9.3366e-03	5.3735e-02	5.1751e-01	4.2840e-01	1.2744e-04	2.3678e-04	1.1755e-36	5.9760e-24	0.00e+00	0.00e+00	7.1313e+01
4.83103e+17	1.1944e+04	1.570e-15	1.2916e+04	1.2902e+04	7.8504e-14	8.9140e-02	9.1086e-01	1.6532e-02	9.8311e-01	3.5500e-04	9.3464e-17	2.8145e-05	2.4150e-01	7.5063e-01	7.7317e-03	6.5313e-02	5.5802e-01	3.7635e-01	1.1256e-04	2.0109e-04	1.1755e-36	9.0133e-24	0.00e+00	0.00e+00	7.3005e+01
4.83313e+17	1.1888e+04	1.557e-15	1.2916e+04	1.2776e+04	9.2887e-14	9.6018e-02	9.0398e-01	1.7834e-02	9.8182e-01	3.5010e-04	1.2172e-16	2.9646e-05	2.5616e-01	7.3698e-01	6.7251e-03	7.4524e-02	5.8531e-01	3.3989e-01	1.0307e-04	1.7768e-04	1.1755e-36	1.1833e-23	0.00e+00	0.00e+00	7.4473e+01
4.83528e+17	1.1817e+04	1.548e-15	1.2916e+04	1.2693e+04	1.1163e-13	1.0407e-01	8.9593e-01	1.9371e-02	9.8028e-01	3.4432e-04	1.6107e-16	3.1448e-05	2.7278e-01	7.2134e-01	5.7558e-03	8.5320e-02	6.1141e-01	3.0302e-01	9.3658e-05	1.5405e-04	1.1755e-36	1.5889e-23	0.00e+00	0.00e+00	7.6543e+01
4.83809e+17	1.1720e+04	1.529e-15	1.2916e+04	1.2512e+04	1.4320e-13	1.1602e-01	8.8398e-01	2.1617e-02	9.7804e-01	3.3904e-04	2.3156e-16	3.3786e-05	2.9597e-01	6.9927e-01	4.6407e-03	1.0155e-01	6.4224e-01	2.5600e-01	8.2184e-05	1.2543e-04	1.1755e-36	2.3194e-23	0.00e+00	0.00e+00	7.9541e+01
4.84100e+17	1.1604e+04	1.506e-15	1.2916e+04	1.2298e+04	1.9331e-13	1.3227e-01	8.6773e-01	2.4654e-02	9.7501e-01	3.3338e-04	3.5236e-16	3.6668e-05	3.2524e-01	6.7106e-01	3.5909e-03	1.2354e-01	6.7068e-01	2.0562e-01	7.0067e-05	9.5972e-05	1.1755e-36	3.6102e-23	0.00e+00	0.00e+00	8.2407e+01
4.84324e+17	1.1493e+04	1.484e-15	1.2916e+04	1.2118e+04	2.5108e-13	1.4815e-01	8.5185e-01	2.7693e-02	9.7198e-01	3.2985e-04	5.0042e-16	3.9296e-05	3.5239e-01	6.4465e-01	2.8648e-03	1.4481e-01	6.8743e-01	1.6762e-01	6.0917e-05	7.4734e-05	1.1755e-36	5.2313e-23	0.00e+00	0.00e+00	8.4599e+01
4.84488e+17	1.1417e+04	1.458e-15	1.2916e+04	1.1937e+04	3.0415e-13	1.6097e-01	8.3903e-01	3.0228e-02	9.6944e-01	3.3007e-04	6.4301e-16	4.1188e-05	3.7365e-01	6.2385e-01	2.4037e-03	1.6192e-01	6.9562e-01	1.4235e-01	5.4874e-05	6.1361e-05	1.1755e-36	6.7937e-23	0.00e+00	0.00e+00	8.6522e+01
4.84656e+17	1.1328e+04	1.428e-15	1.2916e+04	1.1742e+04	3.7107e-13	1.7526e-01	8.2474e-01	3.3116e-02	9.6655e-01	3.3137e-04	8.2636e-16	4.3161e-05	3.9648e-01	6.0144e-01	1.9874e-03	1.8073e-01	6.9980e-01	1.1937e-01	4.9228e-05	4.9625e-05	1.1755e-36	8.8102e-23	0.00e+00	0.00e+00	8.9244e+01
4.84875e+17	1.1209e+04	1.382e-15	1.2916e+04	1.1449e+04	4.8671e-13	1.9678e-01	8.0322e-01	3.7505e-02	9.6216e-01	3.3501e-04	1.1507e-15	4.5728e-05	4.2857e-01	5.6982e-01	1.5231e-03	2.0849e-01	6.9877e-01	9.2663e-02	4.2333e-05	3.6585e-05	1.1755e-36	1.2417e-22	0.00e+00	0.00e+00	9.3218e+01
4.85092e+17	1.1071e+04	1.327e-15	1.2916e+04	1.1091e+04	6.6022e-13	2.2398e-01	7.7602e-01	4.3167e-02	9.5649e-01	3.4153e-04	1.6447e-15	4.8431e-05	4.6585e-01	5.3294e-01	1.1307e-03	2.4262e-01	6.8873e-01	6.8587e-02	3.5598e-05	2.5475e-05	1.1755e-36	1.7970e-22	0.00e+00	0.00e+00	9.6630e+01
4.85248e+17	1.0954e+04	1.279e-15	1.2916e+04	1.0814e+04	8.3671e-13	2.4738e-01	7.5262e-01	4.8365e-02	9.5129e-01	3.4788e-04	2.1521e-15	5.0545e-05	4.9650e-01	5.0253e-01	8.9014e-04	2.7124e-01	6.7509e-01	5.3618e-02	3.1035e-05	1.8943e-05	1.1755e-36	2.3701e-22	0.00e+00	0.00e+00	9.9136e+01
4.85363e+17	1.0876e+04	1.234e-15	1.2916e+04	1.0549e+04	9.8766e-13	2.6509e-01	7.3491e-01	5.2512e-02	9.4713e-01	3.5571e-04	2.5844e-15	5.1754e-05	5.1906e-01	4.8012e-01	7.4296e-04	2.9261e-01	6.6288e-01	4.4464e-02	2.8127e-05	1.5179e-05	1.1755e-36	2.8377e-22	0.00e+00	0.00e+00	1.0141e+02
4.85484e+17	1.0783e+04	1.187e-15	1.2916e+04	1.0296e+04	1.1826e-12	2.8556e-01	7.1444e-01	5.7528e-02	9.4211e-01	3.6411e-04	3.1414e-15	5.3141e-05	5.4408e-01	4.5524e-01	6.0627e-04	3.1680e-01	6.4698e-01	3.6178e-02	2.5238e-05	1.1872e-05	1.1755e-36	3.4475e-22	0.00e+00	0.00e+00	1.0459e+02
4.85641e+17	1.0656e+04	1.117e-15	1.2916e+04	9.8947e+03	1.5011e-12	3.1459e-01	6.8541e-01	6.4812e-02	9.3481e-01	3.7891e-04	4.0210e-15	5.4483e-05	5.7702e-01	4.2245e-01	4.6003e-04	3.5043e-01	6.2233e-01	2.7206e-02	2.1810e-05	8.4795e-06	1.1755e-36	4.3746e-22	0.00e+00	0.00e+00	1.0915e+02
4.85800e+17	1.0516e+04	1.038e-15	1.2916e+04	9.4355e+03	1.9451e-12	3.4936e-01	6.5064e-01	7.4009e-02	9.2559e-01	3.9776e-04	5.2197e-15	5.5578e-05	6.1335e-01	3.8624e-01	3.3964e-04	3.8967e-01	5.9069e-01	1.9619e-02	1.8484e-05	5.7683e-06	1.1755e-36	5.6024e-22	0.00e+00	0.00e+00	1.1315e+02
4.85920e+17	1.0398e+04	9.715e-16	1.2916e+04	9.0605e+03	2.3804e-12	3.7840e-01	6.2160e-01	8.2471e-02	9.1711e-01	4.1519e-04	6.3524e-15	5.6178e-05	6.4245e-01	3.5721e-01	2.6558e-04	4.2172e-01	5.6325e-01	1.5002e-02	1.6193e-05	4.2130e-06	1.1755e-36	6.7037e-22	0.00e+00	0.00e+00	1.1622e+02
4.86014e+17	1.0308e+04	9.153e-16	1.2916e+04	8.7445e+03	2.7738e-12	4.0177e-01	5.9823e-01	8.9864e-02	9.0970e-01	4.3145e-04	7.3480e-15	5.6389e-05	6.6520e-01	3.3452e-01	2.1762e-04	4.4709e-01	5.4082e-01	1.2074e-02	1.4599e-05	3.2747e-06	1.1755e-36	7.5993e-22	0.00e+00	0.00e+00	1.1914e+02
4.86108e+17	1.0212e+04	8.584e-16	1.2916e+04	8.4218e+03	3.2322e-12	4.2609e-01	5.7391e-01	9.8034e-02	9.0152e-01	4.4916e-04	8.4637e-15	5.6384e-05	6.8779e-01	3.1197e-01	1.7732e-04	4.7310e-01	5.1723e-01	9.6567e-03	1.3134e-05	2.5293e-06	1.1755e-36	8.5481e-22	0.00e+00	0.00e+00	1.2257e+02
4.86209e+17	1.0098e+04	7.958e-16	1.2916e+04	8.0510e+03	3.8270e-12	4.5396e-01	5.4604e-01	1.0784e-01	8.9169e-01	4.7109e-04	9.8299e-15	5.6092e-05	7.1201e-01	2.8778e-01	1.4139e-04	5.0239e-01	4.9009e-01	7.5035e-03	1.1660e-05	1.8922e-06	1.1755e-36	9.6118e-22	0.00e+00	0.00e+00	1.2637e+02
4.86305e+17	9.9947e+03	7.342e-16	1.2916e+04	7.6772e+03	4.4834e-12	4.8177e-01	5.1823e-01	1.1841e-01	8.8110e-01	4.9581e-04	1.1299e-14	5.5487e-05	7.3498e-01	2.6484e-01	1.1340e-04	5.3116e-01	4.6301e-01	5.8242e-03	1.0366e-05	1.4164e-06	1.1755e-36	1.0641e-21	0.00e+00	0.00e+00	1.2988e+02
4.86386e+17	9.8936e+03	6.820e-16	1.2916e+04	7.3619e+03	5.1443e-12	5.0638e-01	4.9362e-01	1.2866e-01	8.7082e-01	5.1764e-04	1.2699e-14	5.4891e-05	7.5461e-01	2.4523e-01	9.3644e-05	5.5624e-01	4.3909e-01	4.6566e-03	9.3464e-06	1.0980e-06	1.1755e-36	1.1540e-21	0.00e+00	0.00e+00	1.3291e+02
4.86457e+17	9.8124e+03	6.354e-16	1.2916e+04	7.0658e+03	5.7591e-12	5.2738e-01	4.7262e-01	1.3811e-01	8.6135e-01	5.4036e-04	1.3956e-14	5.4049e-05	7.7095e-01	2.2891e-01	7.9326e-05	5.7739e-01	4.1878e-01	3.8219e-03	8.5557e-06	8.7895e-07	1.1755e-36	1.2179e-21	0.00e+00	0.00e+00	1.3586e+02
4.86513e+17	9.7420e+03	6.001e-16	1.2916e+04	6.8366e+03	6.3062e-12	5.4442e-01	4.5558e-01	1.4622e-01	8.5322e-01	5.5906e-04	1.5025e-14	5.3317e-05	7.8361e-01	2.1626e-01	6.9765e-05	5.9437e-01	4.0236e-01	3.2602e-03	7.9620e-06	7.3507e-07	1.1755e-36	1.2681e-21	0.00e+00	0.00e+00	1.3775e+02
4.86550e+17	9.6936e+03	5.764e-16	1.2916e+04	6.6870e+03	6.6874e-12	5.5539e-01	4.4461e-01	1.5208e-01	8.4735e-01	5.7149e-04	1.5745e-14	5.2852e-05	7.9206e-01	2.0782e-01	6.4006e-05	6.0524e-01	3.9182e-01	2.9318e-03	7.6003e-06	6.5285e-07	1.1755e-36	1.2968e-21	0.00e+00	0.00e+00	1.3920e+02
4.86584e+17	9.6455e+03	5.546e-16	1.2916e+04	6.5498e+03	7.0690e-12	5.6571e-01	4.3429e-01	1.5782e-01	8.4160e-01	5.8308e-04	1.6443e-14	5.2381e-05	7.9987e-01	2.0001e-01	5.8991e-05	6.1539e-01	3.8195e-01	2.6525e-03	7.2741e-06	5.8387e-07	1.1755e-36	1.3231e-21	0.00e+00	0.00e+00	1.4091e+02
4.86625e+17	9.5839e+03	5.292e-16	1.2916e+04	6.3844e+03	7.5715e-12	5.7855e-01	4.2145e-01	1.6495e-01	8.3445e-01	5.9737e-04	1.7328e-14	5.1787e-05	8.0902e-01	1.9087e-01	5.3515e-05	6.2796e-01	3.6969e-01	2.3469e-03	6.8856e-06	5.0934e-07	1.1755e-36	1.3548e-21	0.00e+00	0.00e+00	1.4303e+02
4.86670e+17	9.5241e+03	5.019e-16	1.2916e+04	6.1951e+03	8.1357e-12	5.9262e-01	4.0738e-01	1.7280e-01	8.2658e-01	6.1514e-04	1.8324e-14	5.0990e-05	8.1847e-01	1.8143e-01	4.8284e-05	6.4161e-01	3.5633e-01	2.0503e-03	6.4804e-06	4.3829e-07	1.1755e-36	1.3837e-21	0.00e+00	0.00e+00	1.4517e+02
4.86712e+17	9.4663e+03	4.768e-16	1.2916e+04	6.0154e+03	8.6961e-12	6.0559e-01	3.9441e-01	1.8046e-01	8.1891e-01	6.3303e-04	1.9274e-14	5.0169e-05	8.2704e-01	1.7287e-01	4.3961e-05	6.5413e-01	3.4406e-01	1.8062e-03	6.1245e-06	3.8090e-07	1.1755e-36	1.4041e-21	0.00e+00	0.00e+00	1.4710e+02
4.86750e+17	9.4155e+03	4.540e-16	1.2916e+04	5.8484e+03	9.2217e-12	6.1714e-01	3.8286e-01	1.8773e-01	8.1162e-01	6.5048e-04	2.0151e-14	4.9355e-05	8.3466e-01	1.6525e-01	4.0409e-05	6.6521e-01	3.3318e-01	1.6079e-03	5.8211e-06	3.3511e-07	1.1755e-36	1.4160e-21	0.00e+00	0.00e+00	1.4897e+02
4.86788e+17	9.3529e+03	4.321e-16	1.2916e+04	5.6922e+03	9.8291e-12	6.2921e-01	3.7079e-01	1.9578e-01	8.0355e-01	6.6646e-04	2.1098e-14	4.8619e-05	8.4243e-01	1.5748e-01	3.7115e-05	6.7671e-01	3.2185e-01	1.4270e-03	5.5175e-06	2.9380e-07	1.1755e-36	1.4320e-21	0.00e+00	0.00e+00	1.5099e+02
4.86827e+17	9.2948e+03	4.098e-16	1.2916e+04	5.5254e+03	1.0459e-11	6.4134e-01	3.5866e-01	2.0413e-01	7.9519e-01	6.8506e-04	2.2082e-14	4.7751e-05	8.5000e-01	1.4991e-01	3.4123e-05	6.8821e-01	3.1052e-01	1.2621e-03	5.2243e-06	2.5675e-07	1.1755e-36	1.4406e-21	0.00e+00	0.00e+00	1.5304e+02
4.86866e+17	9.2368e+03	3.884e-16	1.2916e+04	5.3612e+03	1.1116e-11	6.5327e-01	3.4673e-01	2.1273e-01	7.8657e-01	7.0383e-04	2.3085e-14	4.6859e-05	8.5728e-01	1.4264e-01	3.1474e-05	6.9945e-01	2.9942e-01	1.1170e-03	4.9474e-06	2.2460e-07	1.1755e-36	1.4451e-21	0.00e+00	0.00e+00	1.5508e+02
4.86904e+17	9.1764e+03	3.680e-16	1.2916e+04	5.2009e+03	1.1809e-11	6.6490e-01	3.3510e-01	2.2157e-01	7.7770e-01	7.2293e-04	2.4098e-14	4.5957e-05	8.6422e-01	1.3570e-01	2.9144e-05	7.1034e-01	2.8866e-01	9.9032e-04	4.6883e-06	1.9695e-07	1.1755e-36	1.4452e-21	0.00e+00	0.00e+00	1.5712e+02
4.86942e+17	9.1164e+03	3.484e-16	1.2916e+04	5.0438e+03	1.2529e-11	6.7624e-01	3.2376e-01	2.3069e-01	7.6857e-01	7.4239e-04	2.5125e-14	4.5040e-05	8.7088e-01	1.2905e-01	2.7082e-05	7.2092e-01	2.7820e-01	8.7907e-04	4.4446e-06	1.7298e-07	1.1755e-36	1.4414e-21	0.00e+00	0.00e+00	1.5918e+02
4.86979e+17	9.0517e+03	3.294e-16	1.2916e+04	4.8858e+03	1.3309e-11	6.8743e-01	3.1257e-01	2.4007e-01	7.5916e-01	7.6268e-04	2.6178e-14	4.4082e-05	8.7727e-01	1.2266e-01	2.5247e-05	7.3129e-01	2.6793e-01	7.8070e-04	4.2130e-06	1.5209e-07	1.1755e-36	1.4319e-21	0.00e+00	0.00e+00	1.6128e+02
4.87016e+17	8.9871e+03	3.112e-16	1.2916e+04	4.7343e+03	1.4128e-11	6.9855e-01	3.0145e-01	2.4998e-01	7.4923e-01	7.8253e-04	2.7265e-14	4.3149e-05	8.8350e-01	1.1643e-01	2.3601e-05	7.4154e-01	2.5776e-01	6.9327e-04	3.9908e-06	1.3371e-07	1.1755e-36	1.4217e-21	0.00e+00	0.00e+00	1.6339e+02
4.87053e+17	8.9232e+03	2.938e-16	1.2916e+04	4.5834e+03	1.4977e-11	7.0931e-01	2.9069e-01	2.6005e-01	7.3915e-01	8.0330e-04	2.8364e-14	4.2179e-05	8.8939e-01	1.1054e-01	2.2155e-05	7.5141e-01	2.4797e-01	6.1686e-04	3.7831e-06	1.1755e-36	1.1755e-36	1.4060e-21	0.00e+00	0.00e+00	1.6550e+02
4.87089e+17	8.8584e+03	2.772e-16	1.2916e+04	4.4363e+03	1.5867e-11	7.1977e-01	2.8023e-01	2.7041e-01	7.2877e-01	8.2413e-04	2.9481e-14	4.1208e-05	8.9501e-01	1.0492e-01	2.0876e-05	7.6096e-01	2.3848e-01	5.4989e-04	3.5875e-06	1.1755e-36	1.1755e-36	1.3871e-21	0.00e+00	0.00e+00	1.6763e+02
4.87125e+17	8.7924e+03	2.612e-16	1.2916e+04	4.2896e+03	1.6809e-11	7.3001e-01	2.6999e-01	2.8103e-01	7.1812e-01	8.4580e-04	3.0627e-14	4.0206e-05	9.0038e-01	9.9557e-02	1.9739e-05	7.7027e-01	2.2924e-01	4.9079e-04	3.4022e-06	1.1755e-36	1.1755e-36	1.3637e-21	0.00e+00	0.00e+00	1.6978e+02
4.87162e+17	8.7223e+03	2.460e-16	1.2916e+04	4.1488e+03	1.7831e-11	7.4022e-01	2.5978e-01	2.9229e-01	7.0685e-01	8.6646e-04	3.1816e-14	3.9240e-05	9.0561e-01	9.4331e-02	1.8717e-05	7.7950e-01	2.2006e-01	4.3826e-04	3.2230e-06	1.1755e-36	1.1755e-36	1.3402e-21	0.00e+00	0.00e+00	1.7196e+02
4.87197e+17	8.6518e+03	2.314e-16	1.2916e+04	4.0087e+03	1.8903e-11	7.5005e-01	2.4995e-01	3.0365e-01	6.9546e-01	8.8806e-04	3.3021e-14	3.8245e-05	9.1052e-01	8.9421e-02	1.7821e-05	7.8834e-01	2.1126e-01	3.9254e-04	3.0558e-06	1.1755e-36	1.1755e-36	1.3118e-21	0.00e+00	0.00e+00	1.7413e+02
4.87233e+17	8.5809e+03	2.178e-16	1.2916e+04	3.8731e+03	2.0024e-11	7.5950e-01	2.4050e-01	3.1526e-01	6.8383e-01	9.0944e-04	3.4243e-14	3.7260e-05	9.1516e-01	8.4780e-02	1.7033e-05	7.9681e-01	2.0283e-01	3.5275e-04	2.8994e-06	1.1755e-36	1.1755e-36	1.2813e-21	0.00e+00	0.00e+00	1.7630e+02
4.87268e+17	8.5086e+03	2.047e-16	1.2916e+04	3.7401e+03	2.1217e-11	7.6876e-01	2.3124e-01	3.2726e-01	6.7181e-01	9.3082e-04	3.5502e-14	3.6275e-05	9.1961e-01	8.0341e-02	1.6330e-05	8.0507e-01	1.9461e-01	3.1762e-04	2.7504e-06	1.1755e-36	1.1755e-36	1.2487e-21	0.00e+00	0.00e+00	1.7851e+02
4.87303e+17	8.4348e+03	1.922e-16	1.2916e+04	3.6091e+03	2.2490e-11	7.7784e-01	2.2216e-01	3.3965e-01	6.5939e-01	9.5231e-04	3.6805e-14	3.5284e-05	9.2385e-01	7.6098e-02	1.5702e-05	8.1315e-01	1.8656e-01	2.8656e-04	2.6079e-06	1.1755e-36	1.1755e-36	1.2141e-21	0.00e+00	0.00e+00	1.8075e+02
4.87338e+17	8.3516e+03	1.803e-16	1.2916e+04	3.4793e+03	2.3941e-11	7.8673e-01	2.1327e-01	3.5232e-01	6.4670e-01	9.7371e-04	3.8149e-14	3.4290e-05	9.2788e-01	7.2068e-02	1.5147e-05	8.2102e-01	1.7872e-01	2.5940e-04	2.4723e-06	1.1755e-36	1.1755e-36	1.1765e-21	0.00e+00	0.00e+00	1.8298e+02
4.87373e+17	8.2830e+03	1.692e-16	1.2916e+04	3.3548e+03	2.5278e-11	7.9502e-01	2.0498e-01	3.6506e-01	6.3394e-01	9.9572e-04	3.9503e-14	3.3305e-05	9.3161e-01	6.8338e-02	1.4660e-05	8.2833e-01	1.7143e-01	2.3587e-04	2.3482e-06	1.1755e-36	1.1755e-36	1.1384e-21	0.00e+00	0.00e+00	1.8520e+02
4.87407e+17	8.1970e+03	1.585e-16	1.2916e+04	3.2328e+03	2.6925e-11	8.0336e-01	1.9664e-01	3.7849e-01	6.2049e-01	1.0159e-03	4.0915e-14	3.2338e-05	9.3524e-01	6.4708e-02	1.4223e-05	8.3565e-01	1.6413e-01	2.1506e-04	2.2270e-06	1.1755e-36	1.1755e-36	1.0993e-21	0.00e+00	0.00e+00	1.8750e+02
4.87442e+17	8.1112e+03	1.485e-16	1.2916e+04	3.1148e+03	2.8678e-11	8.1161e-01	1.8839e-01	3.9244e-01	6.0653e-01	1.0351e-03	4.2385e-14	3.1390e-05	9.3871e-01	6.1242e-02	1.3830e-05	8.4288e-01	1.5693e-01	1.9659e-04	2.1096e-06	1.1755e-36	1.1755e-36	1.0609e-21	0.00e+00	0.00e+00	1.8979e+02
4.87476e+17	8.0282e+03	1.391e-16	1.2916e+04	2.9998e+03	3.0478e-11	8.1925e-01	1.8075e-01	4.0618e-01	5.9277e-01	1.0548e-03	4.3863e-14	3.0444e-05	9.4188e-01	5.8079e-02	1.3491e-05	8.4955e-01	1.5027e-01	1.8090e-04	2.0031e-06	1.1755e-36	1.1755e-36	1.0207e-21	0.00e+00	0.00e+00	1.9202e+02
4.87510e+17	7.9443e+03	1.303e-16	1.2916e+04	2.8898e+03	3.2395e-11	8.2657e-01	1.7343e-01	4.2021e-01	5.7871e-01	1.0730e-03	4.5367e-14	2.9528e-05	9.4486e-01	5.5101e-02	1.3192e-05	8.5591e-01	1.4392e-01	1.6727e-04	1.9032e-06	1.1755e-36	1.1755e-36	9.8115e-22	0.00e+00	0.00e+00	1.9430e+02
4.87544e+17	7.8427e+03	1.218e-16	1.2916e+04	2.7789e+03	3.4783e-11	8.3399e-01	1.6601e-01	4.3484e-01	5.6407e-01	1.0901e-03	4.6960e-14	2.8605e-05	9.4774e-01	5.2222e-02	1.2922e-05	8.6234e-01	1.3751e-01	1.5514e-04	1.8044e-06	1.1755e-36	1.1755e-36	9.3988e-22	0.00e+00	0.00e+00	1.9664e+02
4.87578e+17	7.7586e+03	1.139e-16	1.2916e+04	2.6725e+03	3.6981e-11	8.4091e-01	1.5909e-01	4.4954e-01	5.4935e-01	1.1080e-03	4.8593e-14	2.7687e-05	9.5039e-01	4.9574e-02	1.2682e-05	8.6831e-01	1.3154e-01	1.4456e-04	1.7135e-06	1.1755e-36	1.1755e-36	8.9980e-22	0.00e+00	0.00e+00	1.9895e+02
4.87612e+17	7.6684e+03	1.064e-16	1.2916e+04	2.5707e+03	3.9447e-11	8.4759e-01	1.5241e-01	4.6457e-01	5.3431e-01	1.1233e-03	5.0258e-14	2.6806e-05	9.5288e-01	4.7079e-02	1.2470e-05	8.7407e-01	1.2579e-01	1.3540e-04	1.6273e-06	1.1755e-36	1.1755e-36	8.6097e-22	0.00e+00	0.00e+00	2.0129e+02
4.87646e+17	7.5793e+03	9.935e-17	1.2916e+04	2.4674e+03	4.2054e-11	8.5389e-01	1.4611e-01	4.7951e-01	5.1934e-01	1.1408e-03	5.2008e-14	2.5893e-05	9.5519e-01	4.4776e-02	1.2284e-05	8.7948e-01	1.2039e-01	1.2745e-04	1.5475e-06	1.1755e-36	1.1755e-36	8.1970e-22	0.00e+00	0.00e+00	2.0366e+02
4.87679e+17	7.4797e+03	9.288e-17	1.2916e+04	2.3712e+03	4.5108e-11	8.6005e-01	1.3995e-01	4.9471e-01	5.0414e-01	1.1539e-03	5.3767e-14	2.5044e-05	9.5734e-01	4.2626e-02	1.2121e-05	8.8476e-01	1.1512e-01	1.2066e-04	1.4708e-06	1.1755e-36	1.1755e-36	7.8181e-22	0.00e+00	0.00e+00	2.0594e+02
4.87711e+17	7.3794e+03	8.697e-17	1.2916e+04	2.2812e+03	4.8396e-11	8.6575e-01	1.3425e-01	5.0980e-01	4.8904e-01	1.1644e-03	5.5510e-14	2.4242e-05	9.5930e-01	4.0662e-02	1.1981e-05	8.8963e-01	1.1025e-01	1.1495e-04	1.4010e-06	1.1755e-36	1.1755e-36	7.4602e-22	0.00e+00	0.00e+00	2.0821e+02
4.87744e+17	7.2777e+03	8.140e-17	1.2916e+04	2.1935e+03	5.1985e-11	8.7123e-01	1.2877e-01	5.2506e-01	4.7377e-01	1.1736e-03	5.7309e-14	2.3453e-05	9.6114e-01	3.8829e-02	1.1856e-05	8.9430e-01	1.0559e-01	1.0998e-04	1.3349e-06	1.1755e-36	1.1755e-36	7.1115e-22	0.00e+00	0.00e+00	2.1052e+02
4.87776e+17	7.1737e+03	7.613e-17	1.2916e+04	2.1075e+03	5.5944e-11	8.7654e-01	1.2346e-01	5.4049e-01	4.5833e-01	1.1817e-03	5.9181e-14	2.2670e-05	9.6285e-01	3.7120e-02	1.1745e-05	8.9883e-01	1.0107e-01	1.0564e-04	1.2716e-06	1.1755e-36	1.1755e-36	6.7716e-22	0.00e+00	0.00e+00	2.1284e+02
4.87808e+17	7.0685e+03	7.124e-17	1.2916e+04	2.0253e+03	6.0261e-11	8.8158e-01	1.1842e-01	5.5586e-01	4.4295e-01	1.1878e-03	6.1083e-14	2.1915e-05	9.6441e-01	3.5552e-02	1.1649e-05	9.0310e-01	9.6792e-02	1.0195e-04	1.2123e-06	1.1755e-36	1.1755e-36	6.4489e-22	0.00e+00	0.00e+00	2.1514e+02
4.87840e+17	6.9566e+03	6.676e-17	1.2916e+04	1.9484e+03	6.5211e-11	8.8644e-01	1.1356e-01	5.7130e-01	4.2751e-01	1.1895e-03	6.2975e-14	2.1210e-05	9.6587e-01	3.4101e-02	1.1565e-05	9.0721e-01	9.2687e-02	9.8835e-05	1.1562e-06	1.1755e-36	1.1755e-36	6.1545e-22	0.00e+00	0.00e+00	2.1741e+02
4.87872e+17	6.8476e+03	6.254e-17	1.2916e+04	1.8732e+03	7.0459e-11	8.9095e-01	1.0905e-01	5.8666e-01	4.1215e-01	1.1908e-03	6.4923e-14	2.0509e-05	9.6719e-01	3.2774e-02	1.1492e-05	9.1103e-01	8.8871e-02	9.6176e-05	1.1044e-06	1.1755e-36	1.1755e-36	5.8672e-22	0.00e+00	0.00e+00	2.1973e+02
4.87903e+17	6.7367e+03	5.858e-17	1.2916e+04	1.8002e+03	7.6243e-11	8.9530e-01	1.0470e-01	6.0203e-01	3.9678e-01	1.1904e-03	6.6930e-14	1.9822e-05	9.6842e-01	3.1552e-02	1.1428e-05	9.1471e-01	8.5200e-02	9.3900e-05	1.0551e-06	1.1755e-36	1.1755e-36	5.5946e-22	0.00e+00	0.00e+00	2.2205e+02
4.87935e+17	6.6250e+03	5.492e-17	1.2916e+04	1.7307e+03	8.2556e-11	8.9939e-01	1.0061e-01	6.1722e-01	3.8159e-01	1.1877e-03	6.8953e-14	1.9162e-05	9.6953e-01	3.0442e-02	1.1373e-05	9.1815e-01	8.1756e-02	9.2007e-05	1.0092e-06	1.1755e-36	1.1755e-36	5.3408e-22	0.00e+00	0.00e+00	2.2434e+02
4.87966e+17	6.5128e+03	5.154e-17	1.2916e+04	1.6646e+03	8.9418e-11	9.0323e-01	9.6771e-02	6.3226e-01	3.6656e-01	1.1825e-03	7.0984e-14	1.8533e-05	9.7054e-01	2.9434e-02	1.1327e-05	9.2138e-01	7.8529e-02	9.0444e-05	9.6660e-07	1.1755e-36	1.1755e-36	5.1070e-22	0.00e+00	0.00e+00	2.2664e+02
4.87998e+17	6.3991e+03	4.838e-17	1.2916e+04	1.6011e+03	9.6937e-11	9.0688e-01	9.3122e-02	6.4724e-01	3.5158e-01	1.1749e-03	7.3048e-14	1.7923e-05	9.7146e-01	2.8513e-02	1.1287e-05	9.2445e-01	7.5463e-02	8.9152e-05	9.2645e-07	1.1755e-36	1.1755e-36	4.8897e-22	0.00e+00	0.00e+00	2.2897e+02
4.88029e+17	6.2835e+03	4.541e-17	1.2916e+04	1.5397e+03	1.0518e-10	9.1037e-01	8.9632e-02	6.6217e-01	3.3666e-01	1.1650e-03	7.5159e-14	1.7329e-05	9.7230e-01	2.7674e-02	1.1254e-05	9.2738e-01	7.2535e-02	8.8094e-05	8.8836e-07	1.1755e-36	1.1755e-36	4.6874e-22	0.00e+00	0.00e+00	2.3132e+02
4.88061e+17	6.1667e+03	4.265e-17	1.2916e+04	1.4807e+03	1.1414e-10	9.1368e-01	8.6317e-02	6.7698e-01	3.2186e-01	1.1528e-03	7.7299e-14	1.6755e-05	9.7306e-01	2.6914e-02	1.1226e-05	9.3016e-01	6.9757e-02	8.7255e-05	8.5251e-07	1.1755e-36	1.1755e-36	4.5019e-22	0.00e+00	0.00e+00	2.3369e+02
4.88093e+17	6.0489e+03	4.008e-17	1.2916e+04	1.4244e+03	1.2380e-10	9.1681e-01	8.3193e-02	6.9162e-01	3.0724e-01	1.1380e-03	7.9453e-14	1.6205e-05	9.7374e-01	2.6233e-02	1.1204e-05	9.3277e-01	6.7141e-02	8.6616e-05	8.1899e-07	1.1755e-36	1.1755e-36	4.3334e-22	0.00e+00	0.00e+00	2.3607e+02
4.88125e+17	5.9259e+03	3.768e-17	1.2916e+04	1.3694e+03	1.3458e-10	9.1973e-01	8.0266e-02	7.0609e-01	2.9279e-01	1.1211e-03	8.1644e-14	1.5667e-05	9.7434e-01	2.5629e-02	1.1188e-05	9.3522e-01	6.4690e-02	8.6185e-05	7.8784e-07	1.1755e-36	1.1755e-36	4.1778e-22	0.00e+00	0.00e+00	2.3849e+02
4.88157e+17	5.8066e+03	3.546e-17	1.2916e+04	1.3180e+03	1.4559e-10	9.2250e-01	7.7499e-02	7.2036e-01	2.7854e-01	1.1013e-03	8.3825e-14	1.5159e-05	9.7488e-01	2.5091e-02	1.1176e-05	9.3754e-01	6.2377e-02	8.5881e-05	7.5858e-07	1.1755e-36	1.1755e-36	4.0404e-22	0.00e+00	0.00e+00	2.4091e+02
4.88190e+17	5.6912e+03	3.339e-17	1.2916e+04	1.2685e+03	1.5665e-10	9.2504e-01	7.4956e-02	7.3436e-01	2.6456e-01	1.0800e-03	8.6033e-14	1.4666e-05	9.7535e-01	2.4620e-02	1.1167e-05	9.3966e-01	6.0253e-02	8.5695e-05	7.3186e-07	1.1755e-36	1.1755e-36	3.9121e-22	0.00e+00	0.00e+00	2.4340e+02
4.88223e+17	5.5684e+03	3.144e-17	1.2916e+04	1.2208e+03	1.6883e-10	9.2754e-01	7.2456e-02	7.4837e-01	2.5057e-01	1.0549e-03	8.8258e-14	1.4193e-05	9.7577e-01	2.4203e-02	1.1163e-05	9.4175e-01	5.8165e-02	8.5660e-05	7.0576e-07	1.1755e-36	1.1755e-36	3.7996e-22	0.00e+00	0.00e+00	2.4596e+02
4.88257e+17	5.4442e+03	2.962e-17	1.2916e+04	1.1749e+03	1.8132e-10	9.2992e-01	7.0084e-02	7.6223e-01	2.3675e-01	1.0272e-03	9.0504e-14	1.3736e-05	9.7613e-01	2.3843e-02	1.1162e-05	9.4373e-01	5.6183e-02	8.5742e-05	6.8114e-07	1.1755e-36	1.1755e-36	3.6968e-22	0.00e+00	0.00e+00	2.4858e+02
4.88292e+17	5.3190e+03	2.791e-17	1.2916e+04	1.1310e+03	1.9388e-10	9.3216e-01	6.7845e-02	7.7585e-01	2.2315e-01	9.9712e-04	9.2750e-14	1.3299e-05	9.7644e-01	2.3540e-02	1.1166e-05	9.4560e-01	5.4313e-02	8.5934e-05	6.5804e-07	1.1755e-36	1.1755e-36	3.6026e-22	0.00e+00	0.00e+00	2.5128e+02
4.88328e+17	5.1927e+03	2.633e-17	1.2916e+04	1.0890e+03	2.0620e-10	9.3426e-01	6.5738e-02	7.8922e-01	2.0982e-01	9.6455e-04	9.4985e-14	1.2882e-05	9.7668e-01	2.3291e-02	1.1172e-05	9.4736e-01	5.2553e-02	8.6230e-05	6.3642e-07	1.1755e-36	1.1755e-36	3.5151e-22	0.00e+00	0.00e+00	2.5406e+02
4.88365e+17	5.0651e+03	2.484e-17	1.2916e+04	1.0488e+03	2.1797e-10	9.3625e-01	6.3748e-02	8.0234e-01	1.9673e-01	9.2960e-04	9.7209e-14	1.2483e-05	9.7688e-01	2.3096e-02	1.1182e-05	9.4902e-01	5.0889e-02	8.6622e-05	6.1610e-07	1.1755e-36	1.1755e-36	3.4312e-22	0.00e+00	0.00e+00	2.5695e+02
4.88404e+17	4.9346e+03	2.346e-17	1.2916e+04	1.0102e+03	2.2827e-10	9.3814e-01	6.1857e-02	8.1522e-01	1.8389e-01	8.9228e-04	9.9387e-14	1.2103e-05	9.7715e-01	2.2825e-02	1.1196e-05	9.5061e-01	4.9306e-02	8.7117e-05	5.9690e-07	1.1755e-36	1.1755e-36	3.3114e-22	0.00e+00	0.00e+00	2.5997e+02
4.88445e+17	4.8022e+03	2.216e-17	1.2916e+04	9.7322e+02	2.3640e-10	9.3993e-01	6.0070e-02	8.2779e-01	1.7136e-01	8.5292e-04	1.0150e-13	1.1744e-05	9.7751e-01	2.2462e-02	1.1212e-05	9.5210e-01	4.7810e-02	8.7704e-05	5.7885e-07	1.1755e-36	1.1755e-36	3.1500e-22	0.00e+00	0.00e+00	2.6315e+02
4.88487e+17	4.6693e+03	2.096e-17	1.2916e+04	9.3807e+02	2.4259e-10	9.4161e-01	5.8393e-02	8.4000e-01	1.5918e-01	8.1177e-04	1.0356e-13	1.1405e-05	9.7785e-01	2.2127e-02	1.1231e-05	9.5351e-01	4.6402e-02	8.8371e-05	5.6198e-07	1.1755e-36	1.1755e-36	2.9836e-22	0.00e+00	0.00e+00	2.6649e+02
4.88532e+17	4.5370e+03	1.986e-17	1.2916e+04	9.0483e+02	2.4658e-10	9.4317e-01	5.6825e-02	8.5178e-01	1.4745e-01	7.6936e-04	1.0556e-13	1.1089e-05	9.7816e-01	2.1819e-02	1.1254e-05	9.5483e-01	4.5084e-02	8.9105e-05	5.4628e-07	1.1755e-36	1.1755e-36	2.8139e-22	0.00e+00	0.00e+00	2.7002e+02
4.88578e+17	4.4087e+03	1.886e-17	1.2916e+04	8.7415e+02	2.4823e-10	9.4461e-01	5.5393e-02	8.6284e-01	1.3644e-01	7.2702e-04	1.0744e-13	1.0801e-05	9.7844e-01	2.1543e-02	1.1277e-05	9.5603e-01	4.3877e-02	8.9878e-05	5.3199e-07	1.1755e-36	1.1755e-36	2.6462e-22	0.00e+00	0.00e+00	2.7366e+02
4.88626e+17	4.2862e+03	1.797e-17	1.2916e+04	8.4614e+02	2.4775e-10	9.4590e-01	5.4097e-02	8.7307e-01	1.2624e-01	6.8566e-04	1.0919e-13	1.0543e-05	9.7868e-01	2.1297e-02	1.1302e-05	9.5713e-01	4.2784e-02	9.0670e-05	5.1912e-07	1.1755e-36	1.1755e-36	2.4845e-22	0.00e+00	0.00e+00	2.7741e+02
4.88676e+17	4.1693e+03	1.717e-17	1.2916e+04	8.2040e+02	2.4542e-10	9.4709e-01	5.2911e-02	8.8254e-01	1.1681e-01	6.4565e-04	1.1083e-13	1.0310e-05	9.7890e-01	2.1079e-02	1.1328e-05	9.5813e-01	4.1781e-02	9.1469e-05	5.0737e-07	1.1755e-36	1.1755e-36	2.3295e-22	0.00e+00	0.00e+00	2.8136e+02
4.88729e+17	4.0584e+03	1.648e-17	1.2916e+04	7.9871e+02	2.4215e-10	9.4809e-01	5.1909e-02	8.9113e-01	1.0826e-01	6.0628e-04	1.1217e-13	1.0126e-05	9.7910e-01	2.0873e-02	1.1354e-05	9.5898e-01	4.0928e-02	9.2279e-05	4.9749e-07	1.1755e-36	1.1755e-36	2.1905e-22	0.00e+00	0.00e+00	2.8559e+02
4.88787e+17	3.9524e+03	1.585e-17	1.2916e+04	7.7750e+02	2.3735e-10	9.4900e-01	5.1003e-02	8.9921e-01	1.0022e-01	5.6893e-04	1.1352e-13	9.9457e-06	9.7928e-01	2.0696e-02	1.1381e-05	9.5975e-01	4.0153e-02	9.3085e-05	4.8858e-07	1.1755e-36	1.1755e-36	2.0533e-22	0.00e+00	0.00e+00	2.9024e+02
