#depth	Te	Htot	hden	eden	2H_2/H	HI	HII	HeI	HeII	HeIII	CO/C	C1	C2	C3	C4	O1	O2	O3	O4	O5	O6	H2O/O	AV(point)	AV(extend)	Tau912
8.56427e+11	1.5495e+04	6.402e-14	1.0000e+05	1.1679e+05	1.0597e-17	6.3003e-04	9.9937e-01	4.1878e-05	6.2936e-02	9.3702e-01	5.1094e-24	6.3440e-07	2.2918e-03	1.8039e-01	4.1482e-01	2.7196e-07	6.4678e-04	1.0514e-01	6.7995e-01	2.0146e-01	1.2414e-02	5.8081e-31	0.00e+00	0.00e+00	6.8122e-04
5.13856e+12	1.5480e+04	6.390e-14	1.0000e+05	1.1677e+05	1.0730e-17	6.2885e-04	9.9937e-01	4.1846e-05	6.2921e-02	9.3704e-01	5.0587e-24	6.2917e-07	2.2857e-03	1.8010e-01	4.1562e-01	2.7056e-07	6.4570e-04	1.0533e-01	6.8012e-01	2.0113e-01	1.2376e-02	5.7579e-31	0.00e+00	0.00e+00	3.4010e-03
2.22671e+13	1.5453e+04	6.358e-14	1.0000e+05	1.1676e+05	1.0810e-17	6.2633e-04	9.9937e-01	4.1886e-05	6.3059e-02	9.3690e-01	5.0354e-24	6.2243e-07	2.2895e-03	1.8076e-01	4.1746e-01	2.7027e-07	6.4745e-04	1.0646e-01	6.8043e-01	1.9984e-01	1.2237e-02	5.7068e-31	0.00e+00	0.00e+00	1.4236e-02
9.07813e+13	1.5365e+04	6.281e-14	1.0000e+05	1.1675e+05	1.0806e-17	6.2067e-04	9.9938e-01	4.2474e-05	6.4207e-02	9.3575e-01	5.0750e-24	6.1461e-07	2.3265e-03	1.8488e-01	4.2308e-01	2.7236e-07	6.5809e-04	1.1116e-01	6.8122e-01	1.9482e-01	1.1780e-02	5.6198e-31	0.00e+00	0.00e+00	5.7186e-02
2.16847e+14	1.5125e+04	6.005e-14	1.0000e+05	1.1675e+05	1.0089e-17	5.8934e-04	9.9941e-01	4.1570e-05	6.3735e-02	9.3622e-01	4.3429e-24	5.6160e-07	2.3077e-03	1.8717e-01	4.3313e-01	2.5445e-07	6.4698e-04	1.1738e-01	6.8349e-01	1.8691e-01	1.1217e-02	4.6095e-31	0.00e+00	0.00e+00	1.1020e-01
3.80733e+14	1.4908e+04	5.787e-14	1.0000e+05	1.1674e+05	9.4262e-18	5.6298e-04	9.9944e-01	4.1818e-05	6.5076e-02	9.3488e-01	3.8935e-24	5.3400e-07	2.3359e-03	1.9322e-01	4.4353e-01	2.4554e-07	6.5285e-04	1.2624e-01	6.8491e-01	1.7737e-01	1.0501e-02	3.8974e-31	0.00e+00	0.00e+00	1.7604e-01
5.93785e+14	1.4696e+04	5.612e-14	1.0000e+05	1.1671e+05	8.8089e-18	5.3938e-04	9.9946e-01	4.3462e-05	6.8790e-02	9.3117e-01	3.6464e-24	5.2542e-07	2.4181e-03	2.0423e-01	4.5513e-01	2.4492e-07	6.7890e-04	1.3967e-01	6.8450e-01	1.6527e-01	9.5829e-03	3.3697e-31	0.00e+00	0.00e+00	2.5804e-01
8.70752e+14	1.4482e+04	5.484e-14	1.0000e+05	1.1664e+05	8.2447e-18	5.1871e-04	9.9948e-01	4.7484e-05	7.6495e-02	9.2346e-01	3.6548e-24	5.3963e-07	2.5827e-03	2.2267e-01	4.6784e-01	2.5718e-07	7.4007e-04	1.6111e-01	6.7997e-01	1.4951e-01	8.4041e-03	3.0273e-31	0.00e+00	0.00e+00	3.6056e-01
1.17807e+15	1.4281e+04	5.407e-14	1.0000e+05	1.1654e+05	7.5591e-18	4.9616e-04	9.9950e-01	5.3937e-05	8.8928e-02	9.1102e-01	3.6742e-24	5.6344e-07	2.7929e-03	2.4690e-01	4.7889e-01	2.7549e-07	8.2812e-04	1.9110e-01	6.6863e-01	1.3203e-01	7.1793e-03	2.6693e-31	0.00e+00	0.00e+00	4.5500e-01
1.44745e+15	1.4124e+04	5.418e-14	1.0000e+05	1.1644e+05	7.0564e-18	4.8031e-04	9.9952e-01	6.3338e-05	1.0605e-01	8.9389e-01	3.9211e-24	6.0146e-07	3.0407e-03	2.7349e-01	4.8544e-01	3.0601e-07	9.4929e-04	2.2686e-01	6.5016e-01	1.1574e-01	6.1064e-03	2.5151e-31	0.00e+00	0.00e+00	5.2693e-01
1.65815e+15	1.4038e+04	5.475e-14	1.0000e+05	1.1622e+05	6.7536e-18	4.7204e-04	9.9953e-01	7.4376e-05	1.2595e-01	8.7397e-01	4.3656e-24	6.4365e-07	3.2826e-03	2.9816e-01	4.8838e-01	3.4607e-07	1.0902e-03	2.6426e-01	6.2726e-01	1.0198e-01	5.2466e-03	2.5365e-31	0.00e+00	0.00e+00	5.8181e-01
1.82980e+15	1.3957e+04	5.563e-14	1.0000e+05	1.1603e+05	6.6502e-18	4.6955e-04	9.9953e-01	8.7731e-05	1.4881e-01	8.5110e-01	5.0583e-24	6.9267e-07	3.5332e-03	3.2134e-01	4.8922e-01	3.9728e-07	1.2551e-03	3.0345e-01	6.0095e-01	8.9696e-02	4.5087e-03	2.7087e-31	0.00e+00	0.00e+00	6.2897e-01
1.98004e+15	1.3883e+04	5.666e-14	1.0000e+05	1.1581e+05	6.6290e-18	4.6961e-04	9.9953e-01	1.0382e-04	1.7574e-01	8.2416e-01	5.9296e-24	7.4383e-07	3.7844e-03	3.4343e-01	4.8875e-01	4.5840e-07	1.4439e-03	3.4570e-01	5.7063e-01	7.8253e-02	3.8490e-03	2.9597e-31	0.00e+00	0.00e+00	6.7088e-01
2.11309e+15	1.3818e+04	5.775e-14	1.0000e+05	1.1559e+05	6.6469e-18	4.7104e-04	9.9953e-01	1.2302e-04	2.0715e-01	7.9273e-01	6.9787e-24	7.9677e-07	4.0343e-03	3.6419e-01	4.8734e-01	5.3004e-07	1.6592e-03	3.9060e-01	5.3675e-01	6.7628e-02	3.2603e-03	3.2755e-31	0.00e+00	0.00e+00	7.0797e-01
2.23022e+15	1.3740e+04	5.890e-14	1.0000e+05	1.1532e+05	6.7125e-18	4.7242e-04	9.9953e-01	1.4458e-04	2.4278e-01	7.5708e-01	7.9680e-24	8.4325e-07	4.2452e-03	3.8288e-01	4.8568e-01	5.9811e-07	1.8659e-03	4.3672e-01	5.0061e-01	5.7966e-02	2.7460e-03	3.5765e-31	0.00e+00	0.00e+00	7.4064e-01
2.33902e+15	1.3657e+04	5.993e-14	1.0000e+05	1.1499e+05	6.8705e-18	4.7712e-04	9.9952e-01	1.7046e-04	2.8410e-01	7.1573e-01	9.3341e-24	8.9370e-07	4.4741e-03	4.0071e-01	4.8358e-01	6.8666e-07	2.1155e-03	4.8546e-01	4.6122e-01	4.8859e-02	2.2752e-03	4.0216e-31	0.00e+00	0.00e+00	7.7319e-01
2.44233e+15	1.3563e+04	6.084e-14	1.0000e+05	1.1461e+05	7.0762e-18	4.8263e-04	9.9952e-01	2.0084e-04	3.3208e-01	6.6772e-01	1.0864e-23	9.4323e-07	4.6951e-03	4.1736e-01	4.8129e-01	7.8553e-07	2.3869e-03	5.3628e-01	4.1901e-01	4.0411e-02	1.8530e-03	4.5258e-31	0.00e+00	0.00e+00	8.0321e-01
2.53663e+15	1.3459e+04	6.149e-14	1.0000e+05	1.1417e+05	7.3428e-18	4.8915e-04	9.9951e-01	2.3421e-04	3.8408e-01	6.1569e-01	1.2514e-23	9.8970e-07	4.8996e-03	4.3212e-01	4.7906e-01	8.9034e-07	2.6642e-03	5.8586e-01	3.7691e-01	3.3027e-02	1.4948e-03	5.0832e-31	0.00e+00	0.00e+00	8.3101e-01
2.62501e+15	1.3345e+04	6.169e-14	1.0000e+05	1.1354e+05	7.7067e-18	4.9762e-04	9.9950e-01	2.6968e-04	4.3899e-01	5.6074e-01	1.4546e-23	1.0365e-06	5.1058e-03	4.4512e-01	4.7699e-01	1.0133e-06	2.9708e-03	6.3338e-01	3.3574e-01	2.6673e-02	1.1950e-03	5.7952e-31	0.00e+00	0.00e+00	8.5826e-01
2.71003e+15	1.3225e+04	6.157e-14	1.0000e+05	1.1302e+05	8.0687e-18	5.0545e-04	9.9949e-01	3.0702e-04	4.9648e-01	5.0321e-01	1.6350e-23	1.0776e-06	5.2789e-03	4.5674e-01	4.7503e-01	1.1260e-06	3.2464e-03	6.7851e-01	2.9606e-01	2.1220e-02	9.4326e-04	6.4213e-31	0.00e+00	0.00e+00	8.8485e-01
2.80587e+15	1.3024e+04	6.096e-14	1.0000e+05	1.1243e+05	8.7534e-18	5.1839e-04	9.9948e-01	3.5389e-04	5.6436e-01	4.3528e-01	1.9056e-23	1.1324e-06	5.5000e-03	4.6950e-01	4.7228e-01	1.2746e-06	3.5805e-03	7.2737e-01	2.5243e-01	1.5898e-02	7.0241e-04	7.3906e-31	0.00e+00	0.00e+00	9.2030e-01
2.91051e+15	1.2799e+04	5.975e-14	1.0000e+05	1.1181e+05	9.5523e-18	5.3218e-04	9.9947e-01	4.0469e-04	6.3669e-01	3.6291e-01	2.1827e-23	1.1858e-06	5.7124e-03	4.8163e-01	4.6918e-01	1.4285e-06	3.9097e-03	7.7456e-01	2.0958e-01	1.1427e-02	5.0505e-04	8.3776e-31	0.00e+00	0.00e+00	9.5421e-01
3.00920e+15	1.2566e+04	5.813e-14	1.0000e+05	1.1126e+05	1.0453e-17	5.4675e-04	9.9945e-01	4.5102e-04	6.9948e-01	3.0007e-01	2.4605e-23	1.2382e-06	5.9121e-03	4.9201e-01	4.6584e-01	1.5755e-06	4.2002e-03	8.1279e-01	1.7437e-01	8.2623e-03	3.6766e-04	9.3317e-31	0.00e+00	0.00e+00	9.8750e-01
3.12010e+15	1.2294e+04	5.599e-14	1.0000e+05	1.1076e+05	1.1748e-17	5.6555e-04	9.9943e-01	4.9977e-04	7.6008e-01	2.3942e-01	2.8380e-23	1.3035e-06	6.1460e-03	5.0276e-01	4.6141e-01	1.7459e-06	4.5035e-03	8.4810e-01	1.4140e-01	5.7259e-03	2.5844e-04	1.0679e-30	0.00e+00	0.00e+00	1.0323e+00
3.24513e+15	1.2013e+04	5.358e-14	1.0000e+05	1.1030e+05	1.3226e-17	5.8545e-04	9.9941e-01	5.4513e-04	8.1365e-01	1.8581e-01	3.2240e-23	1.3710e-06	6.3801e-03	5.1301e-01	4.5632e-01	1.9171e-06	4.7830e-03	8.7813e-01	1.1299e-01	3.9082e-03	1.8039e-04	1.1976e-30	0.00e+00	0.00e+00	1.0783e+00
3.38740e+15	1.1725e+04	5.102e-14	1.0000e+05	1.0990e+05	1.5085e-17	6.0922e-04	9.9939e-01	5.8858e-04	8.5928e-01	1.4013e-01	3.7051e-23	1.4518e-06	6.6429e-03	5.2334e-01	4.5019e-01	2.1091e-06	5.0608e-03	9.0349e-01	8.8688e-02	2.6325e-03	1.2464e-04	1.3554e-30	0.00e+00	0.00e+00	1.1398e+00
3.56496e+15	1.1436e+04	4.841e-14	1.0000e+05	1.0956e+05	1.7090e-17	6.3745e-04	9.9936e-01	6.3007e-04	8.9818e-01	1.0119e-01	4.2013e-23	1.5468e-06	6.9338e-03	5.3406e-01	4.4290e-01	2.3261e-06	5.3360e-03	9.2514e-01	6.7676e-02	1.7570e-03	8.4720e-05	1.4800e-30	0.00e+00	0.00e+00	1.2184e+00
3.77850e+15	1.1179e+04	4.608e-14	1.0000e+05	1.0929e+05	1.9718e-17	6.6987e-04	9.9933e-01	6.6698e-04	9.2801e-01	7.1328e-02	4.8588e-23	1.6532e-06	7.2381e-03	5.4454e-01	4.3496e-01	2.5652e-06	5.5957e-03	9.4206e-01	5.1055e-02	1.2230e-03	5.8271e-05	1.6846e-30	0.00e+00	0.00e+00	1.3164e+00
4.04511e+15	1.0960e+04	4.412e-14	1.0000e+05	1.0909e+05	2.2851e-17	7.1003e-04	9.9929e-01	7.0139e-04	9.5051e-01	4.8794e-02	5.6936e-23	1.7803e-06	7.5735e-03	5.5518e-01	4.2619e-01	2.8530e-06	5.8565e-03	9.5528e-01	3.7918e-02	9.0441e-04	4.0241e-05	1.9468e-30	0.00e+00	0.00e+00	1.4515e+00
4.39169e+15	1.0792e+04	4.263e-14	1.0000e+05	1.0894e+05	2.6732e-17	7.6281e-04	9.9924e-01	7.3474e-04	9.6703e-01	3.2236e-02	6.8346e-23	1.9381e-06	7.9538e-03	5.6632e-01	4.1639e-01	3.2259e-06	6.1311e-03	9.6540e-01	2.7718e-02	7.2104e-04	2.7747e-05	2.3233e-30	0.00e+00	0.00e+00	1.6402e+00
4.81697e+15	1.0700e+04	4.182e-14	1.0000e+05	1.0883e+05	3.1115e-17	8.3156e-04	9.9917e-01	7.6598e-04	9.7797e-01	2.1268e-02	8.3176e-23	2.1265e-06	8.3670e-03	5.7749e-01	4.0606e-01	3.7130e-06	6.4187e-03	9.7239e-01	2.0540e-02	6.2493e-04	1.9577e-05	2.8210e-30	0.00e+00	0.00e+00	1.8810e+00
5.29866e+15	1.0683e+04	4.174e-14	1.0000e+05	1.0877e+05	3.6614e-17	9.2065e-04	9.9908e-01	7.9734e-04	9.8472e-01	1.4486e-02	1.0507e-22	2.3521e-06	8.8196e-03	5.8857e-01	3.9543e-01	4.3645e-06	6.7336e-03	9.7689e-01	1.5780e-02	5.7544e-04	1.4356e-05	3.6353e-30	0.00e+00	0.00e+00	2.1743e+00
5.82853e+15	1.0736e+04	4.231e-14	1.0000e+05	1.0872e+05	4.3745e-17	1.0385e-03	9.9896e-01	8.3174e-04	9.8894e-01	1.0227e-02	1.3928e-22	2.6299e-06	9.3421e-03	6.0012e-01	3.8406e-01	5.2791e-06	7.1052e-03	9.7978e-01	1.2555e-02	5.4773e-04	1.0865e-05	4.9995e-30	0.00e+00	0.00e+00	2.5383e+00
6.41138e+15	1.0852e+04	4.352e-14	1.0000e+05	1.0868e+05	5.3626e-17	1.2008e-03	9.9880e-01	8.7211e-04	9.9169e-01	7.4343e-03	1.9758e-22	2.9875e-06	9.9876e-03	6.1300e-01	3.7113e-01	6.6567e-06	7.5857e-03	9.8162e-01	1.0250e-02	5.3038e-04	8.3664e-06	7.4666e-30	0.00e+00	0.00e+00	3.0011e+00
7.00977e+15	1.1027e+04	4.538e-14	1.0000e+05	1.0864e+05	6.7834e-17	1.4184e-03	9.9858e-01	9.2017e-04	9.9342e-01	5.6618e-03	3.0100e-22	3.4282e-06	1.0762e-02	6.2706e-01	3.5680e-01	8.7324e-06	8.2098e-03	9.8262e-01	8.6304e-03	5.1952e-04	6.5885e-06	1.2264e-29	0.00e+00	0.00e+00	3.5260e+00
7.54549e+15	1.1227e+04	4.758e-14	1.0000e+05	1.0860e+05	8.5245e-17	1.6777e-03	9.9832e-01	9.7028e-04	9.9442e-01	4.6132e-03	4.6411e-22	3.9139e-06	1.1612e-02	6.4119e-01	3.4226e-01	1.1578e-05	8.9549e-03	9.8298e-01	7.5348e-03	5.1299e-04	5.3671e-06	2.0275e-29	0.00e+00	0.00e+00	4.0399e+00
7.98718e+15	1.1415e+04	4.974e-14	1.0000e+05	1.0857e+05	1.0642e-16	1.9538e-03	9.9805e-01	1.0223e-03	9.9500e-01	3.9815e-03	7.1052e-22	4.4076e-06	1.2487e-02	6.5460e-01	3.2833e-01	1.5096e-05	9.7679e-03	9.8294e-01	6.7598e-03	5.0872e-04	4.5106e-06	3.3454e-29	0.00e+00	0.00e+00	4.5310e+00
8.36768e+15	1.1586e+04	5.181e-14	1.0000e+05	1.0853e+05	1.3130e-16	2.2483e-03	9.9775e-01	1.0772e-03	9.9538e-01	3.5436e-03	1.0744e-21	4.9232e-06	1.3414e-02	6.6782e-01	3.1450e-01	1.9443e-05	1.0664e-02	9.8267e-01	6.1347e-03	5.0522e-04	3.8445e-06	5.4045e-29	0.00e+00	0.00e+00	5.0460e+00
8.72968e+15	1.1746e+04	5.395e-14	1.0000e+05	1.0850e+05	1.6802e-16	2.5901e-03	9.9741e-01	1.1388e-03	9.9567e-01	3.1889e-03	1.7109e-21	5.5128e-06	1.4490e-02	6.8208e-01	2.9947e-01	2.5291e-05	1.1738e-02	9.8217e-01	5.5657e-03	5.0164e-04	3.2647e-06	9.4693e-29	0.00e+00	0.00e+00	5.6365e+00
9.08840e+15	1.1922e+04	5.618e-14	1.0000e+05	1.0845e+05	2.0717e-16	3.0037e-03	9.9700e-01	1.2134e-03	9.9590e-01	2.8906e-03	2.6901e-21	6.2078e-06	1.5780e-02	6.9768e-01	2.8290e-01	3.3650e-05	1.3105e-02	9.8136e-01	5.0048e-03	4.9833e-04	2.7347e-06	1.5474e-28	0.00e+00	0.00e+00	6.3121e+00
9.43389e+15	1.2081e+04	5.853e-14	1.0000e+05	1.0841e+05	2.7284e-16	3.4986e-03	9.9650e-01	1.3002e-03	9.9606e-01	2.6431e-03	4.6053e-21	7.0306e-06	1.7321e-02	7.1450e-01	2.6485e-01	4.5536e-05	1.4810e-02	9.8016e-01	4.4865e-03	4.9455e-04	2.2716e-06	2.9128e-28	0.00e+00	0.00e+00	7.0512e+00
9.67500e+15	1.2190e+04	6.039e-14	1.0000e+05	1.0836e+05	3.2608e-16	3.9321e-03	9.9607e-01	1.3766e-03	9.9612e-01	2.5075e-03	6.7370e-21	7.7206e-06	1.8655e-02	7.2716e-01	2.5109e-01	5.7877e-05	1.6407e-02	9.7890e-01	4.1371e-03	4.9192e-04	1.9739e-06	4.3811e-28	0.00e+00	0.00e+00	7.4174e+00
9.79196e+15	1.2272e+04	6.118e-14	1.0000e+05	1.0832e+05	3.5075e-16	4.1589e-03	9.9584e-01	1.4200e-03	9.9611e-01	2.4688e-03	8.0787e-21	8.0746e-06	1.9355e-02	7.3337e-01	2.4428e-01	6.5180e-05	1.7286e-02	9.7816e-01	3.9978e-03	4.9117e-04	1.8505e-06	5.2844e-28	0.00e+00	0.00e+00	7.6443e+00
9.89133e+15	1.2304e+04	6.196e-14	1.0000e+05	1.0830e+05	3.8262e-16	4.3730e-03	9.9563e-01	1.4584e-03	9.9612e-01	2.4201e-03	9.6576e-21	8.4340e-06	2.0034e-02	7.3931e-01	2.3776e-01	7.2361e-05	1.8093e-02	9.7750e-01	3.8393e-03	4.8940e-04	1.7310e-06	6.4115e-28	0.00e+00	0.00e+00	7.9543e+00
1.00205e+16	1.2359e+04	6.293e-14	1.0000e+05	1.0827e+05	4.2889e-16	4.6671e-03	9.9533e-01	1.5101e-03	9.9614e-01	2.3494e-03	1.2263e-20	8.9207e-06	2.0962e-02	7.4702e-01	2.2925e-01	8.3043e-05	1.9234e-02	9.7656e-01	3.6360e-03	4.8731e-04	1.5844e-06	8.3431e-28	0.00e+00	0.00e+00	8.3845e+00
1.01884e+16	1.2434e+04	6.419e-14	1.0000e+05	1.0823e+05	4.9908e-16	5.0886e-03	9.9491e-01	1.5856e-03	9.9616e-01	2.2546e-03	1.6912e-20	9.6088e-06	2.2291e-02	7.5727e-01	2.1783e-01	9.9979e-05	2.0922e-02	9.7511e-01	3.3782e-03	4.8451e-04	1.4063e-06	1.1870e-27	0.00e+00	0.00e+00	8.9943e+00
1.03584e+16	1.2482e+04	6.560e-14	1.0000e+05	1.0820e+05	6.0451e-16	5.5806e-03	9.9442e-01	1.6728e-03	9.9617e-01	2.1621e-03	2.4505e-20	1.0429e-05	2.3851e-02	7.6790e-01	2.0581e-01	1.2229e-04	2.2982e-02	9.7329e-01	3.1277e-03	4.8091e-04	1.2388e-06	1.8219e-27	0.00e+00	0.00e+00	9.5231e+00
1.04802e+16	1.2539e+04	6.656e-14	1.0000e+05	1.0815e+05	6.7402e-16	5.9775e-03	9.9402e-01	1.7428e-03	9.9614e-01	2.1127e-03	3.1417e-20	1.1068e-05	2.5104e-02	7.7558e-01	1.9699e-01	1.4259e-04	2.4732e-02	9.7169e-01	2.9583e-03	4.7868e-04	1.1287e-06	2.3555e-27	0.00e+00	0.00e+00	9.8759e+00
1.05660e+16	1.2567e+04	6.732e-14	1.0000e+05	1.0811e+05	7.2473e-16	6.2894e-03	9.9371e-01	1.7989e-03	9.9612e-01	2.0807e-03	3.7362e-20	1.1539e-05	2.6087e-02	7.8125e-01	1.9042e-01	1.5972e-04	2.6115e-02	9.7041e-01	2.8337e-03	4.7671e-04	1.0517e-06	2.7763e-27	0.00e+00	0.00e+00	1.0186e+01
1.06559e+16	1.2602e+04	6.805e-14	1.0000e+05	1.0808e+05	8.1021e-16	6.6266e-03	9.9337e-01	1.8594e-03	9.9610e-01	2.0439e-03	4.6628e-20	1.2114e-05	2.7156e-02	7.8722e-01	1.8347e-01	1.7961e-04	2.7638e-02	9.6901e-01	2.6993e-03	4.7454e-04	9.7423e-07	3.5895e-27	0.00e+00	0.00e+00	1.0611e+01
1.07728e+16	1.2657e+04	6.900e-14	1.0000e+05	1.0802e+05	9.0391e-16	7.1066e-03	9.9289e-01	1.9455e-03	9.9606e-01	1.9914e-03	6.0342e-20	1.2871e-05	2.8665e-02	7.9501e-01	1.7428e-01	2.1048e-04	2.9868e-02	9.6692e-01	2.5268e-03	4.7176e-04	8.7867e-07	4.6549e-27	0.00e+00	0.00e+00	1.1204e+01
1.08916e+16	1.2686e+04	7.008e-14	1.0000e+05	1.0797e+05	1.0511e-15	7.6601e-03	9.9234e-01	2.0441e-03	9.9602e-01	1.9362e-03	8.2020e-20	1.3763e-05	3.0417e-02	8.0291e-01	1.6475e-01	2.4996e-04	3.2538e-02	9.6439e-01	2.3554e-03	4.6812e-04	7.8672e-07	6.5309e-27	0.00e+00	0.00e+00	1.1714e+01
1.09837e+16	1.2712e+04	7.089e-14	1.0000e+05	1.0793e+05	1.1723e-15	8.1295e-03	9.9187e-01	2.1297e-03	9.9597e-01	1.9013e-03	1.0388e-19	1.4549e-05	3.1912e-02	8.0897e-01	1.5728e-01	2.8708e-04	3.4901e-02	9.6211e-01	2.2327e-03	4.6518e-04	7.2167e-07	8.3806e-27	0.00e+00	0.00e+00	1.2118e+01
1.10602e+16	1.2737e+04	7.157e-14	1.0000e+05	1.0788e+05	1.2909e-15	8.5533e-03	9.9145e-01	2.2058e-03	9.9592e-01	1.8744e-03	1.2770e-19	1.5230e-05	3.3251e-02	8.1406e-01	1.5093e-01	3.2323e-04	3.7071e-02	9.6002e-01	2.1260e-03	4.6261e-04	6.6879e-07	1.0456e-26	0.00e+00	0.00e+00	1.2519e+01
1.11457e+16	1.2759e+04	7.237e-14	1.0000e+05	1.0784e+05	1.4403e-15	9.0644e-03	9.9094e-01	2.2978e-03	9.9586e-01	1.8409e-03	1.6151e-19	1.6062e-05	3.4863e-02	8.1978e-01	1.4367e-01	3.7002e-04	3.9716e-02	9.5745e-01	2.0039e-03	4.5936e-04	6.1148e-07	1.3402e-26	0.00e+00	0.00e+00	1.3072e+01
1.12407e+16	1.2781e+04	7.326e-14	1.0000e+05	1.0778e+05	1.6387e-15	9.6879e-03	9.9031e-01	2.4110e-03	9.9579e-01	1.8018e-03	2.1248e-19	1.7080e-05	3.6832e-02	8.2594e-01	1.3564e-01	4.3293e-04	4.3076e-02	9.5416e-01	1.8737e-03	4.5547e-04	5.5208e-07	1.7955e-26	0.00e+00	0.00e+00	1.3644e+01
1.13260e+16	1.2803e+04	7.406e-14	1.0000e+05	1.0772e+05	1.8380e-15	1.0307e-02	9.8969e-01	2.5241e-03	9.9571e-01	1.7694e-03	2.7334e-19	1.8080e-05	3.8787e-02	8.3132e-01	1.2838e-01	5.0193e-04	4.6545e-02	9.5074e-01	1.7605e-03	4.5173e-04	5.0208e-07	2.3340e-26	0.00e+00	0.00e+00	1.4146e+01
1.13987e+16	1.2821e+04	7.476e-14	1.0000e+05	1.0764e+05	2.0208e-15	1.0888e-02	9.8911e-01	2.6298e-03	9.9563e-01	1.7438e-03	3.3925e-19	1.8970e-05	4.0607e-02	8.3584e-01	1.2210e-01	5.7232e-04	4.9876e-02	9.4744e-01	1.6645e-03	4.4832e-04	4.6136e-07	2.8979e-26	0.00e+00	0.00e+00	1.4615e+01
1.14771e+16	1.2828e+04	7.554e-14	1.0000e+05	1.0758e+05	2.2902e-15	1.1557e-02	9.8844e-01	2.7536e-03	9.9553e-01	1.7144e-03	4.3881e-19	2.0093e-05	4.2719e-02	8.4062e-01	1.1528e-01	6.5994e-04	5.3768e-02	9.4357e-01	1.5614e-03	4.4403e-04	4.1976e-07	3.8302e-26	0.00e+00	0.00e+00	1.5261e+01
1.15626e+16	1.2838e+04	7.640e-14	1.0000e+05	1.0751e+05	2.6258e-15	1.2368e-02	9.8763e-01	2.9035e-03	9.9542e-01	1.6810e-03	5.8548e-19	2.1422e-05	4.5268e-02	8.4552e-01	1.0791e-01	7.7748e-04	5.8685e-02	9.3865e-01	1.4512e-03	4.3901e-04	3.7696e-07	5.2045e-26	0.00e+00	0.00e+00	1.5903e+01
1.16365e+16	1.2848e+04	7.713e-14	1.0000e+05	1.0743e+05	2.9439e-15	1.3149e-02	9.8685e-01	3.0488e-03	9.9530e-01	1.6545e-03	7.5367e-19	2.2685e-05	4.7721e-02	8.4952e-01	1.0152e-01	9.0271e-04	6.3606e-02	9.3370e-01	1.3585e-03	4.3429e-04	3.4216e-07	6.7377e-26	0.00e+00	0.00e+00	1.6449e+01
1.16988e+16	1.2855e+04	7.775e-14	1.0000e+05	1.0735e+05	3.2613e-15	1.3862e-02	9.8614e-01	3.1822e-03	9.9518e-01	1.6337e-03	9.4145e-19	2.3833e-05	4.9959e-02	8.5271e-01	9.6151e-02	1.0273e-03	6.8221e-02	9.2904e-01	1.2820e-03	4.3001e-04	3.1452e-07	8.4863e-26	0.00e+00	0.00e+00	1.6962e+01
1.17662e+16	1.2859e+04	7.845e-14	1.0000e+05	1.0725e+05	3.6461e-15	1.4700e-02	9.8530e-01	3.3377e-03	9.9505e-01	1.6097e-03	1.2011e-18	2.5139e-05	5.2561e-02	8.5603e-01	9.0290e-02	1.1849e-03	7.3691e-02	9.2350e-01	1.1989e-03	4.2495e-04	2.8590e-07	1.0879e-25	0.00e+00	0.00e+00	1.7670e+01
1.18404e+16	1.2851e+04	7.923e-14	1.0000e+05	1.0717e+05	4.2041e-15	1.5715e-02	9.8429e-01	3.5312e-03	9.9489e-01	1.5812e-03	1.6103e-18	2.6852e-05	5.5746e-02	8.5923e-01	8.3971e-02	1.3959e-03	8.0588e-02	9.1649e-01	1.1113e-03	4.1858e-04	2.5649e-07	1.4876e-25	0.00e+00	0.00e+00	1.8385e+01
1.19061e+16	1.2850e+04	7.991e-14	1.0000e+05	1.0707e+05	4.7701e-15	1.6722e-02	9.8328e-01	3.7227e-03	9.9472e-01	1.5578e-03	2.1057e-18	2.8497e-05	5.8886e-02	8.6173e-01	7.8391e-02	1.6276e-03	8.7686e-02	9.0924e-01	1.0340e-03	4.1248e-04	2.3172e-07	1.9696e-25	0.00e+00	0.00e+00	1.9012e+01
1.19624e+16	1.2849e+04	8.048e-14	1.0000e+05	1.0697e+05	5.2971e-15	1.7660e-02	9.8234e-01	3.9023e-03	9.9456e-01	1.5390e-03	2.6506e-18	3.0013e-05	6.1808e-02	8.6358e-01	7.3663e-02	1.8635e-03	9.4484e-02	9.0228e-01	9.7009e-04	4.0686e-04	2.1186e-07	2.4877e-25	0.00e+00	0.00e+00	1.9604e+01
1.20235e+16	1.2845e+04	8.109e-14	1.0000e+05	1.0687e+05	6.0247e-15	1.8752e-02	9.8125e-01	4.1122e-03	9.9437e-01	1.5176e-03	3.4594e-18	3.1799e-05	6.5201e-02	8.6532e-01	6.8581e-02	2.1608e-03	1.0251e-01	8.9403e-01	9.0195e-04	4.0024e-04	1.9163e-07	3.3040e-25	0.00e+00	0.00e+00	2.0422e+01
1.20907e+16	1.2831e+04	8.182e-14	1.0000e+05	1.0669e+05	6.9397e-15	2.0121e-02	9.7988e-01	4.3747e-03	9.9413e-01	1.4920e-03	4.6634e-18	3.3920e-05	6.9390e-02	8.6670e-01	6.3065e-02	2.5713e-03	1.1284e-01	8.8336e-01	8.2819e-04	3.9210e-04	1.7036e-07	4.4807e-25	0.00e+00	0.00e+00	2.1251e+01
1.21497e+16	1.2807e+04	8.248e-14	1.0000e+05	1.0659e+05	8.0780e-15	2.1470e-02	9.7853e-01	4.6404e-03	9.9389e-01	1.4697e-03	6.2847e-18	3.6219e-05	7.3566e-02	8.6735e-01	5.8283e-02	3.0195e-03	1.2336e-01	8.7247e-01	7.6531e-04	3.8379e-04	1.5274e-07	6.2103e-25	0.00e+00	0.00e+00	2.1968e+01
1.22002e+16	1.2818e+04	8.287e-14	1.0000e+05	1.0642e+05	8.9716e-15	2.2705e-02	9.7730e-01	4.8817e-03	9.9366e-01	1.4542e-03	7.9614e-18	3.8140e-05	7.7353e-02	8.6757e-01	5.4318e-02	3.4738e-03	1.3342e-01	8.6202e-01	7.1297e-04	3.7675e-04	1.3889e-07	7.8766e-25	0.00e+00	0.00e+00	2.2656e+01
1.22554e+16	1.2789e+04	8.348e-14	1.0000e+05	1.0626e+05	1.0313e-14	2.4202e-02	9.7580e-01	5.1771e-03	9.9339e-01	1.4331e-03	1.0534e-17	4.0560e-05	8.1911e-02	8.6738e-01	4.9995e-02	4.0618e-03	1.4542e-01	8.4949e-01	6.5667e-04	3.6779e-04	1.2435e-07	1.0559e-24	0.00e+00	0.00e+00	2.3609e+01
1.23168e+16	1.2777e+04	8.404e-14	1.0000e+05	1.0607e+05	1.2099e-14	2.6057e-02	9.7394e-01	5.5457e-03	9.9304e-01	1.4104e-03	1.4627e-17	4.3535e-05	8.7545e-02	8.6642e-01	4.5367e-02	4.8759e-03	1.6096e-01	8.3321e-01	5.9651e-04	3.5696e-04	1.0934e-07	1.4945e-24	0.00e+00	0.00e+00	2.4602e+01
1.23721e+16	1.2739e+04	8.466e-14	1.0000e+05	1.0587e+05	1.4193e-14	2.8015e-02	9.7198e-01	5.9368e-03	9.9267e-01	1.3883e-03	2.0082e-17	4.6646e-05	9.3416e-02	8.6473e-01	4.1220e-02	5.8200e-03	1.7745e-01	8.1584e-01	5.4331e-04	3.4550e-04	1.1755e-36	2.0830e-24	0.00e+00	0.00e+00	2.5492e+01
1.24201e+16	1.2702e+04	8.519e-14	1.0000e+05	1.0574e+05	1.6587e-14	2.9903e-02	9.7010e-01	6.3201e-03	9.9231e-01	1.3699e-03	2.7058e-17	4.9817e-05	9.9092e-02	8.6260e-01	3.7716e-02	6.8188e-03	1.9357e-01	7.9878e-01	4.9770e-04	3.3446e-04	1.1755e-36	2.8833e-24	0.00e+00	0.00e+00	2.6353e+01
1.24726e+16	1.2673e+04	8.568e-14	1.0000e+05	1.0554e+05	1.9475e-14	3.2142e-02	9.6786e-01	6.7745e-03	9.9188e-01	1.3504e-03	3.7179e-17	5.3440e-05	1.0574e-01	8.5967e-01	3.4027e-02	8.1141e-03	2.1284e-01	7.7827e-01	4.5036e-04	3.2180e-04	1.1755e-36	4.0339e-24	0.00e+00	0.00e+00	2.7557e+01
1.25315e+16	1.2637e+04	8.623e-14	1.0000e+05	1.0529e+05	2.3597e-14	3.5067e-02	9.6493e-01	7.3699e-03	9.9130e-01	1.3271e-03	5.4311e-17	5.8088e-05	1.1429e-01	8.5515e-01	3.0039e-02	9.9910e-03	2.3826e-01	7.5104e-01	3.9912e-04	3.0568e-04	1.1755e-36	6.0151e-24	0.00e+00	0.00e+00	2.8853e+01
1.25859e+16	1.2597e+04	8.670e-14	1.0000e+05	1.0490e+05	2.8365e-14	3.8270e-02	9.6173e-01	8.0177e-03	9.9068e-01	1.3058e-03	7.8198e-17	6.2734e-05	1.2341e-01	8.4964e-01	2.6466e-02	1.2273e-02	2.6601e-01	7.2108e-01	3.5280e-04	2.8888e-04	1.1755e-36	8.7386e-24	0.00e+00	0.00e+00	3.0069e+01
1.26331e+16	1.2548e+04	8.710e-14	1.0000e+05	1.0462e+05	3.4071e-14	4.1469e-02	9.5853e-01	8.6826e-03	9.9003e-01	1.2866e-03	1.1053e-16	6.7830e-05	1.3251e-01	8.4354e-01	2.3488e-02	1.4777e-02	2.9336e-01	6.9127e-01	3.1438e-04	2.7242e-04	1.1755e-36	1.2623e-23	0.00e+00	0.00e+00	3.1222e+01
1.26767e+16	1.2504e+04	8.743e-14	1.0000e+05	1.0429e+05	4.0657e-14	4.4837e-02	9.5516e-01	9.3796e-03	9.8935e-01	1.2693e-03	1.5384e-16	7.2868e-05	1.4187e-01	8.3685e-01	2.0850e-02	1.7640e-02	3.2153e-01	6.6030e-01	2.8010e-04	2.5600e-04	1.1755e-36	1.7929e-23	0.00e+00	0.00e+00	3.2444e+01
1.27264e+16	1.2457e+04	8.772e-14	1.0000e+05	1.0390e+05	4.9852e-14	4.9136e-02	9.5086e-01	1.0275e-02	9.8848e-01	1.2495e-03	2.2508e-16	7.9227e-05	1.5361e-01	8.2796e-01	1.8025e-02	2.1605e-02	3.5623e-01	6.2168e-01	2.4397e-04	2.3616e-04	1.1755e-36	2.6803e-23	0.00e+00	0.00e+00	3.4186e+01
1.27794e+16	1.2393e+04	8.802e-14	1.0000e+05	1.0324e+05	6.2497e-14	5.4863e-02	9.4514e-01	1.1444e-02	9.8733e-01	1.2264e-03	3.4331e-16	8.6683e-05	1.6849e-01	8.1599e-01	1.5153e-02	2.7356e-02	3.9969e-01	5.7253e-01	2.0636e-04	2.1211e-04	1.1755e-36	4.0977e-23	0.00e+00	0.00e+00	3.5916e+01
1.28232e+16	1.2323e+04	8.829e-14	1.0000e+05	1.0273e+05	7.9996e-14	6.0737e-02	9.3926e-01	1.2659e-02	9.8613e-01	1.2066e-03	5.2226e-16	9.4572e-05	1.8336e-01	8.0340e-01	1.2886e-02	3.3725e-02	4.4061e-01	5.2530e-01	1.7656e-04	1.8963e-04	1.1755e-36	6.5203e-23	0.00e+00	0.00e+00	3.7355e+01
1.28561e+16	1.2281e+04	8.819e-14	1.0000e+05	1.0209e+05	9.5180e-14	6.5768e-02	9.3423e-01	1.3712e-02	9.8509e-01	1.1953e-03	7.0770e-16	1.0124e-04	1.9580e-01	7.9257e-01	1.1305e-02	3.9563e-02	4.7340e-01	4.8671e-01	1.5563e-04	1.7226e-04	1.1755e-36	8.9644e-23	0.00e+00	0.00e+00	3.8532e+01
1.28843e+16	1.2221e+04	8.820e-14	1.0000e+05	1.0164e+05	1.1249e-13	7.0668e-02	9.2933e-01	1.4746e-02	9.8407e-01	1.1835e-03	9.3227e-16	1.0763e-04	2.0765e-01	7.8201e-01	1.0015e-02	4.5425e-02	5.0199e-01	4.5229e-01	1.3896e-04	1.5688e-04	1.1755e-36	1.2051e-22	0.00e+00	0.00e+00	3.9780e+01
1.29164e+16	1.2169e+04	8.798e-14	1.0000e+05	1.0086e+05	1.3451e-13	7.6794e-02	9.2321e-01	1.6020e-02	9.8281e-01	1.1698e-03	1.2559e-15	1.1464e-04	2.2183e-01	7.6921e-01	8.6580e-03	5.3041e-02	5.3441e-01	4.1229e-01	1.2160e-04	1.3979e-04	1.1755e-36	1.6402e-22	0.00e+00	0.00e+00	4.1542e+01
1.29521e+16	1.2092e+04	8.780e-14	1.0000e+05	1.0002e+05	1.7049e-13	8.5131e-02	9.1487e-01	1.7746e-02	9.8110e-01	1.1561e-03	1.8239e-15	1.2406e-04	2.4029e-01	7.5218e-01	7.2408e-03	6.3689e-02	5.7192e-01	3.6417e-01	1.0323e-04	1.1969e-04	1.1755e-36	2.4557e-22	0.00e+00	0.00e+00	4.3420e+01
1.29832e+16	1.2012e+04	8.761e-14	1.0000e+05	9.9224e+04	2.1407e-13	9.4147e-02	9.0585e-01	1.9608e-02	9.7925e-01	1.1442e-03	2.5854e-15	1.3361e-04	2.5935e-01	7.3429e-01	6.0761e-03	7.5469e-02	6.0513e-01	3.1921e-01	8.8058e-05	1.0151e-04	1.1755e-36	3.5729e-22	0.00e+00	0.00e+00	4.5041e+01
1.30079e+16	1.1949e+04	8.710e-14	1.0000e+05	9.8283e+04	2.6001e-13	1.0226e-01	8.9774e-01	2.1313e-02	9.7755e-01	1.1369e-03	3.4426e-15	1.4177e-04	2.7591e-01	7.1858e-01	5.2344e-03	8.6296e-02	6.3002e-01	2.8351e-01	7.7234e-05	8.7757e-05	1.1755e-36	4.8941e-22	0.00e+00	0.00e+00	4.6476e+01
1.30335e+16	1.1864e+04	8.674e-14	1.0000e+05	9.7556e+04	3.2461e-13	1.1187e-01	8.8813e-01	2.3335e-02	9.7554e-01	1.1267e-03	4.7115e-15	1.5103e-04	2.9484e-01	7.0047e-01	4.4252e-03	9.9089e-02	6.5284e-01	2.4793e-01	6.7109e-05	7.4235e-05	1.1755e-36	6.9872e-22	0.00e+00	0.00e+00	4.8517e+01
1.30616e+16	1.1776e+04	8.587e-14	1.0000e+05	9.6244e+04	4.0927e-13	1.2420e-01	8.7580e-01	2.5925e-02	9.7295e-01	1.1208e-03	6.5274e-15	1.6156e-04	3.1773e-01	6.7837e-01	3.6328e-03	1.1563e-01	6.7510e-01	2.0916e-01	5.6993e-05	6.0275e-05	1.1755e-36	9.8669e-22	0.00e+00	0.00e+00	5.0656e+01
1.30862e+16	1.1685e+04	8.488e-14	1.0000e+05	9.4902e+04	5.1890e-13	1.3723e-01	8.6277e-01	2.8700e-02	9.7018e-01	1.1164e-03	8.9632e-15	1.7203e-04	3.4076e-01	6.5598e-01	3.0002e-03	1.3303e-01	6.9103e-01	1.7584e-01	4.8855e-05	4.8753e-05	1.1755e-36	1.4032e-21	0.00e+00	0.00e+00	5.2562e+01
1.31067e+16	1.1616e+04	8.364e-14	1.0000e+05	9.3514e+04	6.3462e-13	1.4934e-01	8.5066e-01	3.1341e-02	9.6754e-01	1.1159e-03	1.1664e-14	1.8123e-04	3.6135e-01	6.3585e-01	2.5339e-03	1.4914e-01	7.0070e-01	1.5008e-01	4.2881e-05	4.0237e-05	1.1755e-36	1.8817e-21	0.00e+00	0.00e+00	5.4342e+01
1.31284e+16	1.1517e+04	8.228e-14	1.0000e+05	9.2049e+04	7.9530e-13	1.6376e-01	8.3624e-01	3.4530e-02	9.6436e-01	1.1143e-03	1.5471e-14	1.9122e-04	3.8484e-01	6.1281e-01	2.0905e-03	1.6801e-01	7.0647e-01	1.2546e-01	3.7276e-05	3.2346e-05	1.1755e-36	2.5823e-21	0.00e+00	0.00e+00	5.6880e+01
1.31524e+16	1.1408e+04	8.033e-14	1.0000e+05	9.0068e+04	1.0425e-12	1.8258e-01	8.1742e-01	3.8741e-02	9.6014e-01	1.1159e-03	2.1505e-14	2.0257e-04	4.1360e-01	5.8448e-01	1.6618e-03	1.9228e-01	7.0752e-01	1.0015e-01	3.1631e-05	2.4614e-05	1.1755e-36	3.7618e-21	0.00e+00	0.00e+00	5.9580e+01
1.31734e+16	1.1297e+04	7.827e-14	1.0000e+05	8.8131e+04	1.3364e-12	2.0248e-01	7.9752e-01	4.3328e-02	9.5555e-01	1.1204e-03	2.8884e-14	2.1321e-04	4.4234e-01	5.5607e-01	1.3294e-03	2.1743e-01	7.0267e-01	7.9849e-02	2.7079e-05	1.8698e-05	1.1755e-36	5.2223e-21	0.00e+00	0.00e+00	6.1974e+01
1.31907e+16	1.1205e+04	7.610e-14	1.0000e+05	8.6214e+04	1.6660e-12	2.2066e-01	7.7934e-01	4.7692e-02	9.5118e-01	1.1272e-03	3.7191e-14	2.2189e-04	4.6744e-01	5.3119e-01	1.0941e-03	2.4003e-01	6.9464e-01	6.5287e-02	2.3787e-05	1.4672e-05	1.1755e-36	7.0000e-21	0.00e+00	0.00e+00	6.4186e+01
1.32090e+16	1.1096e+04	7.365e-14	1.0000e+05	8.4243e+04	2.0876e-12	2.4171e-01	7.5829e-01	5.2955e-02	9.4591e-01	1.1347e-03	4.7956e-14	2.3079e-04	4.9532e-01	5.0353e-01	8.7911e-04	2.6569e-01	6.8202e-01	5.2253e-02	2.0718e-05	1.1211e-05	1.1755e-36	9.3136e-21	0.00e+00	0.00e+00	6.7337e+01
1.32291e+16	1.0980e+04	7.022e-14	1.0000e+05	8.1339e+04	2.7345e-12	2.6783e-01	7.3217e-01	5.9673e-02	9.3918e-01	1.1513e-03	6.4133e-14	2.3933e-04	5.2744e-01	4.7161e-01	6.8260e-04	2.9692e-01	6.6316e-01	3.9894e-02	1.7693e-05	8.1254e-06	1.1755e-36	1.3074e-20	0.00e+00	0.00e+00	7.0654e+01
1.32471e+16	1.0857e+04	6.684e-14	1.0000e+05	7.8650e+04	3.4977e-12	2.9517e-01	7.0483e-01	6.7123e-02	9.3171e-01	1.1690e-03	8.3072e-14	2.4671e-04	5.5913e-01	4.4006e-01	5.3330e-04	3.2883e-01	6.4066e-01	3.0494e-02	1.5197e-05	5.8933e-06	1.1755e-36	1.7498e-20	0.00e+00	0.00e+00	7.3684e+01
1.32620e+16	1.0764e+04	6.350e-14	1.0000e+05	7.6040e+04	4.3345e-12	3.1971e-01	6.8029e-01	7.4236e-02	9.2457e-01	1.1896e-03	1.0359e-13	2.5163e-04	5.8622e-01	4.1307e-01	4.3007e-04	3.5694e-01	6.1903e-01	2.4016e-02	1.3366e-05	4.4419e-06	1.1755e-36	2.2690e-20	0.00e+00	0.00e+00	7.6443e+01
1.32757e+16	1.0652e+04	6.039e-14	1.0000e+05	7.3678e+04	5.2810e-12	3.4447e-01	6.5553e-01	8.1853e-02	9.1694e-01	1.2080e-03	1.2585e-13	2.5584e-04	6.1225e-01	3.8713e-01	3.4912e-04	3.8476e-01	5.9616e-01	1.9065e-02	1.1823e-05	3.3789e-06	1.1755e-36	2.8266e-20	0.00e+00	0.00e+00	7.9412e+01
1.32910e+16	1.0542e+04	5.644e-14	1.0000e+05	7.0578e+04	6.5955e-12	3.7280e-01	6.2720e-01	9.1086e-02	9.0768e-01	1.2362e-03	1.5559e-13	2.5795e-04	6.4054e-01	3.5891e-01	2.7529e-04	4.1606e-01	5.6932e-01	1.4610e-02	1.0333e-05	2.4748e-06	1.1755e-36	3.6217e-20	0.00e+00	0.00e+00	8.3423e+01
1.33073e+16	1.0414e+04	5.203e-14	1.0000e+05	6.7089e+04	8.3954e-12	4.0658e-01	5.9342e-01	1.0284e-01	8.9589e-01	1.2723e-03	1.9447e-13	2.5912e-04	6.7181e-01	3.2770e-01	2.1148e-04	4.5259e-01	5.3667e-01	1.0730e-02	8.8585e-06	1.7265e-06	1.1755e-36	4.6796e-20	0.00e+00	0.00e+00	8.7406e+01
1.33210e+16	1.0295e+04	4.807e-14	1.0000e+05	6.3932e+04	1.0339e-11	4.3757e-01	5.6243e-01	1.1461e-01	8.8409e-01	1.3094e-03	2.3382e-13	2.5827e-04	6.9887e-01	3.0069e-01	1.6781e-04	4.8543e-01	5.0645e-01	8.1051e-03	7.7267e-06	1.2473e-06	1.1755e-36	5.7661e-20	0.00e+00	0.00e+00	9.0703e+01
1.33318e+16	1.0203e+04	4.482e-14	1.0000e+05	6.1323e+04	1.2191e-11	4.6263e-01	5.3737e-01	1.2500e-01	8.7366e-01	1.3429e-03	2.6948e-13	2.5648e-04	7.1986e-01	2.7974e-01	1.3959e-04	5.1158e-01	4.8197e-01	6.4449e-03	6.9317e-06	9.5836e-07	1.1755e-36	6.7892e-20	0.00e+00	0.00e+00	9.3526e+01
1.33412e+16	1.0118e+04	4.198e-14	1.0000e+05	5.9014e+04	1.4010e-11	4.8482e-01	5.1518e-01	1.3489e-01	8.6373e-01	1.3746e-03	3.0222e-13	2.5386e-04	7.3776e-01	2.6186e-01	1.1886e-04	5.3442e-01	4.6032e-01	5.2558e-03	6.3030e-06	7.5907e-07	1.1755e-36	7.7103e-20	0.00e+00	0.00e+00	9.6308e+01
1.33504e+16	1.0035e+04	3.921e-14	1.0000e+05	5.6740e+04	1.6049e-11	5.0711e-01	4.9289e-01	1.4550e-01	8.5310e-01	1.4069e-03	3.3731e-13	2.5100e-04	7.5501e-01	2.4462e-01	1.0150e-04	5.5707e-01	4.3864e-01	4.2782e-03	5.7318e-06	6.0053e-07	1.1755e-36	8.7130e-20	0.00e+00	0.00e+00	9.9283e+01
1.33597e+16	9.9404e+03	3.640e-14	1.0000e+05	5.4301e+04	1.8460e-11	5.3004e-01	4.6996e-01	1.5705e-01	8.4151e-01	1.4445e-03	3.7486e-13	2.4660e-04	7.7190e-01	2.2776e-01	8.6722e-05	5.8011e-01	4.1643e-01	3.4554e-03	5.1994e-06	4.7175e-07	1.1755e-36	9.7701e-20	0.00e+00	0.00e+00	1.0239e+02
1.33670e+16	9.8734e+03	3.422e-14	1.0000e+05	5.2375e+04	2.0552e-11	5.4860e-01	4.5140e-01	1.6694e-01	8.3158e-01	1.4765e-03	4.0662e-13	2.4279e-04	7.8482e-01	2.1486e-01	7.6951e-05	5.9854e-01	3.9855e-01	2.9032e-03	4.8037e-06	3.8769e-07	1.1755e-36	1.0678e-19	0.00e+00	0.00e+00	1.0422e+02
1.33714e+16	9.8293e+03	3.288e-14	1.0000e+05	5.1186e+04	2.1900e-11	5.5954e-01	4.4046e-01	1.7337e-01	8.2513e-01	1.4980e-03	4.2542e-13	2.4019e-04	7.9257e-01	2.0711e-01	7.1599e-05	6.0933e-01	3.8805e-01	2.6104e-03	4.5838e-06	3.4423e-07	1.1755e-36	1.1182e-19	0.00e+00	0.00e+00	1.0551e+02
1.33754e+16	9.7882e+03	3.172e-14	1.0000e+05	5.0173e+04	2.3210e-11	5.6931e-01	4.3069e-01	1.7937e-01	8.1911e-01	1.5154e-03	4.4350e-13	2.3783e-04	7.9946e-01	2.0023e-01	6.7093e-05	6.1892e-01	3.7870e-01	2.3733e-03	4.3953e-06	3.0947e-07	1.1755e-36	1.1690e-19	0.00e+00	0.00e+00	1.0703e+02
1.33802e+16	9.7328e+03	3.032e-14	1.0000e+05	4.8938e+04	2.4866e-11	5.8159e-01	4.1841e-01	1.8706e-01	8.1141e-01	1.5361e-03	4.6467e-13	2.3510e-04	8.0780e-01	1.9190e-01	6.1982e-05	6.3090e-01	3.6699e-01	2.1074e-03	4.1685e-06	2.7104e-07	1.1755e-36	1.2227e-19	0.00e+00	0.00e+00	1.0903e+02
1.33857e+16	9.6755e+03	2.875e-14	1.0000e+05	4.7487e+04	2.6953e-11	5.9557e-01	4.0443e-01	1.9595e-01	8.0248e-01	1.5618e-03	4.9102e-13	2.3137e-04	8.1683e-01	1.8288e-01	5.6851e-05	6.4444e-01	3.5372e-01	1.8380e-03	3.9225e-06	2.3277e-07	1.1755e-36	1.2953e-19	0.00e+00	0.00e+00	1.1111e+02
1.33909e+16	9.6189e+03	2.728e-14	1.0000e+05	4.6066e+04	2.9074e-11	6.0880e-01	3.9120e-01	2.0480e-01	7.9361e-01	1.5898e-03	5.1553e-13	2.2737e-04	8.2512e-01	1.7459e-01	5.2511e-05	6.5718e-01	3.4121e-01	1.6111e-03	3.7010e-06	2.0117e-07	1.1755e-36	1.3587e-19	0.00e+00	0.00e+00	1.1301e+02
1.33957e+16	9.5735e+03	2.595e-14	1.0000e+05	4.4749e+04	3.1047e-11	6.2045e-01	3.7955e-01	2.1304e-01	7.8534e-01	1.6183e-03	5.3728e-13	2.2323e-04	8.3234e-01	1.6738e-01	4.8982e-05	6.6832e-01	3.3024e-01	1.4289e-03	3.5143e-06	1.7624e-07	1.1755e-36	1.4128e-19	0.00e+00	0.00e+00	1.1481e+02
1.34004e+16	9.5133e+03	2.470e-14	1.0000e+05	4.3534e+04	3.3279e-11	6.3244e-01	3.6756e-01	2.2196e-01	7.7639e-01	1.6414e-03	5.6015e-13	2.1979e-04	8.3961e-01	1.6012e-01	4.5741e-05	6.7973e-01	3.1900e-01	1.2660e-03	3.3307e-06	1.5424e-07	1.1755e-36	1.4687e-19	0.00e+00	0.00e+00	1.1672e+02
1.34052e+16	9.4658e+03	2.342e-14	1.0000e+05	4.2228e+04	3.5524e-11	6.4410e-01	3.5590e-01	2.3099e-01	7.6734e-01	1.6711e-03	5.8227e-13	2.1547e-04	8.4650e-01	1.5324e-01	4.2821e-05	6.9075e-01	3.0812e-01	1.1193e-03	3.1587e-06	1.3475e-07	1.1755e-36	1.5200e-19	0.00e+00	0.00e+00	1.1867e+02
1.34100e+16	9.4003e+03	2.220e-14	1.0000e+05	4.0993e+04	3.8162e-11	6.5641e-01	3.4359e-01	2.4099e-01	7.5731e-01	1.6956e-03	6.0610e-13	2.1158e-04	8.5357e-01	1.4618e-01	4.0100e-05	7.0233e-01	2.9668e-01	9.8580e-04	2.9851e-06	1.1755e-36	1.1755e-36	1.5742e-19	0.00e+00	0.00e+00	1.2069e+02
1.34148e+16	9.3601e+03	2.100e-14	1.0000e+05	3.9706e+04	4.0522e-11	6.6756e-01	3.3244e-01	2.5052e-01	7.4775e-01	1.7283e-03	6.2717e-13	2.0682e-04	8.5984e-01	1.3991e-01	3.7779e-05	7.1275e-01	2.8637e-01	8.7165e-04	2.8331e-06	1.1755e-36	1.1755e-36	1.6179e-19	0.00e+00	0.00e+00	1.2264e+02
1.34194e+16	9.2941e+03	1.987e-14	1.0000e+05	3.8483e+04	4.3412e-11	6.7906e-01	3.2094e-01	2.6079e-01	7.3745e-01	1.7554e-03	6.4900e-13	2.0257e-04	8.6615e-01	1.3361e-01	3.5657e-05	7.2345e-01	2.7578e-01	7.7030e-04	2.6830e-06	1.1755e-36	1.1755e-36	1.6594e-19	0.00e+00	0.00e+00	1.2467e+02
1.34241e+16	9.2348e+03	1.878e-14	1.0000e+05	3.7291e+04	4.6379e-11	6.9047e-01	3.0953e-01	2.7154e-01	7.2668e-01	1.7826e-03	6.7133e-13	1.9833e-04	8.7224e-01	1.2752e-01	3.3739e-05	7.3401e-01	2.6531e-01	6.7973e-04	2.5392e-06	1.1755e-36	1.1755e-36	1.7024e-19	0.00e+00	0.00e+00	1.2670e+02
1.34287e+16	9.1788e+03	1.774e-14	1.0000e+05	3.6112e+04	4.9386e-11	7.0129e-01	2.9871e-01	2.8224e-01	7.1595e-01	1.8116e-03	6.9192e-13	1.9384e-04	8.7788e-01	1.2189e-01	3.2068e-05	7.4396e-01	2.5543e-01	6.0184e-04	2.4076e-06	1.1755e-36	1.1755e-36	1.7364e-19	0.00e+00	0.00e+00	1.2871e+02
1.34333e+16	9.1249e+03	1.674e-14	1.0000e+05	3.4938e+04	5.2494e-11	7.1166e-01	2.8834e-01	2.9299e-01	7.0517e-01	1.8420e-03	7.1141e-13	1.8918e-04	8.8317e-01	1.1660e-01	3.0588e-05	7.5347e-01	2.4600e-01	5.3392e-04	2.2855e-06	1.1755e-36	1.1755e-36	1.7640e-19	0.00e+00	0.00e+00	1.3075e+02
1.34379e+16	9.0575e+03	1.578e-14	1.0000e+05	3.3819e+04	5.6073e-11	7.2246e-01	2.7754e-01	3.0480e-01	6.9334e-01	1.8677e-03	7.3199e-13	1.8483e-04	8.8853e-01	1.1125e-01	2.9209e-05	7.6331e-01	2.3622e-01	4.7221e-04	2.1628e-06	1.1755e-36	1.1755e-36	1.7917e-19	0.00e+00	0.00e+00	1.3287e+02
1.34424e+16	9.0051e+03	1.485e-14	1.0000e+05	3.2660e+04	5.9490e-11	7.3247e-01	2.6753e-01	3.1625e-01	6.8185e-01	1.9005e-03	7.5020e-13	1.7994e-04	8.9336e-01	1.0643e-01	2.8009e-05	7.7239e-01	2.2719e-01	4.1884e-04	2.0523e-06	1.1755e-36	1.1755e-36	1.8087e-19	0.00e+00	0.00e+00	1.3495e+02
1.34470e+16	8.9350e+03	1.398e-14	1.0000e+05	3.1588e+04	6.3499e-11	7.4271e-01	2.5729e-01	3.2862e-01	6.6945e-01	1.9253e-03	7.6929e-13	1.7556e-04	8.9819e-01	1.0161e-01	2.6913e-05	7.8163e-01	2.1799e-01	3.7157e-04	1.9431e-06	1.1755e-36	1.1755e-36	1.8257e-19	0.00e+00	0.00e+00	1.3708e+02
1.34515e+16	8.8844e+03	1.313e-14	1.0000e+05	3.0487e+04	6.7166e-11	7.5209e-01	2.4791e-01	3.4056e-01	6.5748e-01	1.9579e-03	7.8571e-13	1.7063e-04	9.0250e-01	9.7302e-02	2.5959e-05	7.9006e-01	2.0961e-01	3.3080e-04	1.8456e-06	1.1755e-36	1.1755e-36	1.8316e-19	0.00e+00	0.00e+00	1.3918e+02
1.34559e+16	8.8144e+03	1.234e-14	1.0000e+05	2.9427e+04	7.1587e-11	7.6165e-01	2.3835e-01	3.5332e-01	6.4470e-01	1.9849e-03	8.0236e-13	1.6604e-04	9.0678e-01	9.3023e-02	2.5084e-05	7.9863e-01	2.0108e-01	2.9451e-04	1.7493e-06	1.1755e-36	1.1755e-36	1.8332e-19	0.00e+00	0.00e+00	1.4138e+02
1.34605e+16	8.7471e+03	1.157e-14	1.0000e+05	2.8399e+04	7.6210e-11	7.7114e-01	2.2886e-01	3.6662e-01	6.3137e-01	2.0105e-03	8.1929e-13	1.6156e-04	9.1089e-01	8.8924e-02	2.4289e-05	8.0708e-01	1.9266e-01	2.6222e-04	1.6563e-06	1.1755e-36	1.1755e-36	1.8347e-19	0.00e+00	0.00e+00	1.4357e+02
1.34649e+16	8.6831e+03	1.085e-14	1.0000e+05	2.7393e+04	8.0896e-11	7.8001e-01	2.1999e-01	3.7974e-01	6.1823e-01	2.0376e-03	8.3419e-13	1.5696e-04	9.1463e-01	8.5191e-02	2.3596e-05	8.1495e-01	1.8481e-01	2.3466e-04	1.5716e-06	1.1755e-36	1.1755e-36	1.8269e-19	0.00e+00	0.00e+00	1.4572e+02
1.34693e+16	8.6209e+03	1.018e-14	1.0000e+05	2.6408e+04	8.5739e-11	7.8845e-01	2.1155e-01	3.9286e-01	6.0507e-01	2.0647e-03	8.4790e-13	1.5234e-04	9.1810e-01	8.1721e-02	2.2980e-05	8.2241e-01	1.7737e-01	2.1076e-04	1.4929e-06	1.1755e-36	1.1755e-36	1.8131e-19	0.00e+00	0.00e+00	1.4790e+02
1.34737e+16	8.5447e+03	9.531e-15	1.0000e+05	2.5462e+04	9.1425e-11	7.9714e-01	2.0286e-01	4.0707e-01	5.9085e-01	2.0860e-03	8.6225e-13	1.4797e-04	9.2157e-01	7.8259e-02	2.2407e-05	8.3007e-01	1.6974e-01	1.8921e-04	1.4141e-06	1.1755e-36	1.1755e-36	1.7977e-19	0.00e+00	0.00e+00	1.5017e+02
1.34782e+16	8.4828e+03	8.912e-15	1.0000e+05	2.4498e+04	9.6829e-11	8.0515e-01	1.9485e-01	4.2082e-01	5.7706e-01	2.1138e-03	8.7428e-13	1.4328e-04	9.2465e-01	7.5179e-02	2.1904e-05	8.3710e-01	1.6273e-01	1.7062e-04	1.3429e-06	1.1755e-36	1.1755e-36	1.7727e-19	0.00e+00	0.00e+00	1.5239e+02
1.34826e+16	8.4034e+03	8.336e-15	1.0000e+05	2.3604e+04	1.0330e-10	8.1327e-01	1.8673e-01	4.3550e-01	5.6236e-01	2.1319e-03	8.8700e-13	1.3902e-04	9.2770e-01	7.2137e-02	2.1444e-05	8.4420e-01	1.5565e-01	1.5426e-04	1.2726e-06	1.1755e-36	1.1755e-36	1.7479e-19	0.00e+00	0.00e+00	1.5468e+02
1.34870e+16	8.3392e+03	7.789e-15	1.0000e+05	2.2698e+04	1.0939e-10	8.2069e-01	1.7931e-01	4.4969e-01	5.4816e-01	2.1570e-03	8.9740e-13	1.3443e-04	9.3039e-01	6.9452e-02	2.1039e-05	8.5066e-01	1.4920e-01	1.4018e-04	1.2095e-06	1.1755e-36	1.1755e-36	1.7141e-19	0.00e+00	0.00e+00	1.5693e+02
1.34913e+16	8.2622e+03	7.280e-15	1.0000e+05	2.1842e+04	1.1646e-10	8.2801e-01	1.7199e-01	4.6433e-01	5.3350e-01	2.1751e-03	9.0762e-13	1.3019e-04	9.3297e-01	6.6879e-02	2.0676e-05	8.5702e-01	1.4285e-01	1.2795e-04	1.1487e-06	1.1755e-36	1.1755e-36	1.6780e-19	0.00e+00	0.00e+00	1.5921e+02
1.34957e+16	8.1845e+03	6.797e-15	1.0000e+05	2.1016e+04	1.2405e-10	8.3521e-01	1.6479e-01	4.7949e-01	5.1832e-01	2.1896e-03	9.1801e-13	1.2610e-04	9.3542e-01	6.4431e-02	2.0342e-05	8.6325e-01	1.3663e-01	1.1711e-04	1.0900e-06	1.1755e-36	1.1755e-36	1.6418e-19	0.00e+00	0.00e+00	1.6154e+02
1.35001e+16	8.1082e+03	6.339e-15	1.0000e+05	2.0197e+04	1.3203e-10	8.4208e-01	1.5792e-01	4.9470e-01	5.0309e-01	2.2049e-03	9.2717e-13	1.2191e-04	9.3767e-01	6.2184e-02	2.0042e-05	8.6918e-01	1.3071e-01	1.0767e-04	1.0350e-06	1.1755e-36	1.1755e-36	1.5997e-19	0.00e+00	0.00e+00	1.6389e+02
1.35045e+16	8.0293e+03	5.914e-15	1.0000e+05	1.9409e+04	1.4067e-10	8.4863e-01	1.5137e-01	5.0994e-01	4.8784e-01	2.2175e-03	9.3566e-13	1.1784e-04	9.3974e-01	6.0119e-02	1.9775e-05	8.7482e-01	1.2508e-01	9.9541e-05	9.8359e-07	1.1755e-36	1.1755e-36	1.5550e-19	0.00e+00	0.00e+00	1.6622e+02
1.35088e+16	7.9506e+03	5.520e-15	1.0000e+05	1.8659e+04	1.4978e-10	8.5481e-01	1.4519e-01	5.2510e-01	4.7267e-01	2.2271e-03	9.4349e-13	1.1393e-04	9.4163e-01	5.8238e-02	1.9538e-05	8.8012e-01	1.1978e-01	9.2583e-05	9.3587e-07	1.1755e-36	1.1755e-36	1.5091e-19	0.00e+00	0.00e+00	1.6853e+02
1.35131e+16	7.8716e+03	5.156e-15	1.0000e+05	1.7942e+04	1.5947e-10	8.6067e-01	1.3933e-01	5.4024e-01	4.5753e-01	2.2337e-03	9.5081e-13	1.1015e-04	9.4336e-01	5.6513e-02	1.9326e-05	8.8514e-01	1.1477e-01	8.6589e-05	8.9131e-07	1.1755e-36	1.1755e-36	1.4621e-19	0.00e+00	0.00e+00	1.7085e+02
1.35174e+16	7.7892e+03	4.814e-15	1.0000e+05	1.7246e+04	1.7013e-10	8.6628e-01	1.3372e-01	5.5538e-01	4.4238e-01	2.2376e-03	9.5769e-13	1.0640e-04	9.4494e-01	5.4929e-02	1.9137e-05	8.8993e-01	1.0998e-01	8.1395e-05	8.4933e-07	1.1755e-36	1.1755e-36	1.4136e-19	0.00e+00	0.00e+00	1.7319e+02
1.35216e+16	7.7054e+03	4.498e-15	1.0000e+05	1.6587e+04	1.8161e-10	8.7167e-01	1.2833e-01	5.7065e-01	4.2711e-01	2.2367e-03	9.6446e-13	1.0293e-04	9.4641e-01	5.3466e-02	1.8966e-05	8.9452e-01	1.0540e-01	7.6893e-05	8.0959e-07	1.1755e-36	1.1755e-36	1.3659e-19	0.00e+00	0.00e+00	1.7552e+02
1.35259e+16	7.6231e+03	4.201e-15	1.0000e+05	1.5948e+04	1.9375e-10	8.7674e-01	1.2326e-01	5.8583e-01	4.1194e-01	2.2340e-03	9.7071e-13	9.9469e-05	9.4774e-01	5.2141e-02	1.8813e-05	8.9884e-01	1.0109e-01	7.2998e-05	7.7264e-07	1.1755e-36	1.1755e-36	1.3170e-19	0.00e+00	0.00e+00	1.7788e+02
1.35301e+16	7.5389e+03	3.925e-15	1.0000e+05	1.5335e+04	2.0698e-10	8.8161e-01	1.1839e-01	6.0104e-01	3.9674e-01	2.2274e-03	9.7686e-13	9.6123e-05	9.4895e-01	5.0930e-02	1.8675e-05	9.0297e-01	9.6964e-02	6.9620e-05	7.3769e-07	1.1755e-36	1.1755e-36	1.2686e-19	0.00e+00	0.00e+00	1.8025e+02
1.35344e+16	7.4514e+03	3.669e-15	1.0000e+05	1.4746e+04	2.2162e-10	8.8625e-01	1.1375e-01	6.1619e-01	3.8160e-01	2.2166e-03	9.8290e-13	9.2901e-05	9.5006e-01	4.9828e-02	1.8552e-05	9.0689e-01	9.3045e-02	6.6717e-05	7.0485e-07	1.1755e-36	1.1755e-36	1.2208e-19	0.00e+00	0.00e+00	1.8263e+02
1.35387e+16	7.3648e+03	3.430e-15	1.0000e+05	1.4169e+04	2.3730e-10	8.9052e-01	1.0948e-01	6.3100e-01	3.6679e-01	2.2060e-03	9.8819e-13	8.9667e-05	9.5103e-01	4.8860e-02	1.8444e-05	9.1050e-01	8.9433e-02	6.4235e-05	6.7486e-07	1.1755e-36	1.1755e-36	1.1713e-19	0.00e+00	0.00e+00	1.8502e+02
1.35429e+16	7.2829e+03	3.212e-15	1.0000e+05	1.3635e+04	2.5337e-10	8.9456e-01	1.0544e-01	6.4568e-01	3.5213e-01	2.1898e-03	9.9392e-13	8.6702e-05	9.5190e-01	4.7994e-02	1.8346e-05	9.1391e-01	8.6029e-02	6.2097e-05	6.4680e-07	1.1755e-36	1.1755e-36	1.1262e-19	0.00e+00	0.00e+00	1.8739e+02
1.35471e+16	7.1952e+03	3.008e-15	1.0000e+05	1.3123e+04	2.7165e-10	8.9841e-01	1.0159e-01	6.6033e-01	3.3750e-01	2.1684e-03	9.9967e-13	8.3834e-05	9.5270e-01	4.7197e-02	1.8260e-05	9.1715e-01	8.2789e-02	6.0271e-05	6.2038e-07	1.1755e-36	1.1755e-36	1.0821e-19	0.00e+00	0.00e+00	1.8982e+02
1.35515e+16	7.1040e+03	2.816e-15	1.0000e+05	1.2623e+04	2.9220e-10	9.0214e-01	9.7860e-02	6.7511e-01	3.2274e-01	2.1427e-03	1.0057e-12	8.1021e-05	9.5343e-01	4.6471e-02	1.8182e-05	9.2029e-01	7.9651e-02	5.8679e-05	5.9499e-07	1.1755e-36	1.1755e-36	1.0389e-19	0.00e+00	0.00e+00	1.9231e+02
1.35559e+16	7.0120e+03	2.635e-15	1.0000e+05	1.2141e+04	3.1472e-10	9.0569e-01	9.4306e-02	6.8985e-01	3.0804e-01	2.1128e-03	1.0120e-12	7.8290e-05	9.5407e-01	4.5828e-02	1.8113e-05	9.2327e-01	7.6668e-02	5.7309e-05	5.7105e-07	1.1755e-36	1.1755e-36	9.9732e-20	0.00e+00	0.00e+00	1.9485e+02
1.35603e+16	6.9196e+03	2.469e-15	1.0000e+05	1.1683e+04	3.3934e-10	9.0903e-01	9.0969e-02	7.0441e-01	2.9351e-01	2.0786e-03	1.0184e-12	7.5676e-05	9.5464e-01	4.5264e-02	1.8052e-05	9.2607e-01	7.3870e-02	5.6150e-05	5.4876e-07	1.1755e-36	1.1755e-36	9.5798e-20	0.00e+00	0.00e+00	1.9741e+02
1.35648e+16	6.8265e+03	2.314e-15	1.0000e+05	1.1245e+04	3.6637e-10	9.1217e-01	8.7831e-02	7.1882e-01	2.7914e-01	2.0398e-03	1.0252e-12	7.3169e-05	9.5514e-01	4.4768e-02	1.7999e-05	9.2870e-01	7.1241e-02	5.5173e-05	5.2796e-07	1.1755e-36	1.1755e-36	9.2095e-20	0.00e+00	0.00e+00	2.0003e+02
1.35694e+16	6.7265e+03	2.169e-15	1.0000e+05	1.0830e+04	3.9801e-10	9.1525e-01	8.4752e-02	7.3330e-01	2.6470e-01	1.9927e-03	1.0329e-12	7.0808e-05	9.5560e-01	4.4315e-02	1.7954e-05	9.3128e-01	6.8667e-02	5.4360e-05	5.0778e-07	1.1755e-36	1.1755e-36	8.8779e-20	0.00e+00	0.00e+00	2.0273e+02
1.35742e+16	6.6354e+03	2.032e-15	1.0000e+05	1.0417e+04	4.3005e-10	9.1799e-01	8.2005e-02	7.4752e-01	2.5054e-01	1.9473e-03	1.0403e-12	6.8393e-05	9.5596e-01	4.3953e-02	1.7912e-05	9.3358e-01	6.6369e-02	5.3658e-05	4.8979e-07	1.1755e-36	1.1755e-36	8.5355e-20	0.00e+00	0.00e+00	2.0556e+02
1.35791e+16	6.5331e+03	1.906e-15	1.0000e+05	1.0035e+04	4.6915e-10	9.2077e-01	7.9234e-02	7.6175e-01	2.3636e-01	1.8907e-03	1.0491e-12	6.6200e-05	9.5629e-01	4.3629e-02	1.7879e-05	9.3589e-01	6.4055e-02	5.3105e-05	4.7187e-07	1.1755e-36	1.1755e-36	8.2552e-20	0.00e+00	0.00e+00	2.0842e+02
1.35841e+16	6.4355e+03	1.788e-15	1.0000e+05	9.6656e+03	5.1063e-10	9.2326e-01	7.6742e-02	7.7570e-01	2.2247e-01	1.8324e-03	1.0580e-12	6.4048e-05	9.5655e-01	4.3364e-02	1.7851e-05	9.3797e-01	6.1975e-02	5.2657e-05	4.5582e-07	1.1755e-36	1.1755e-36	7.9879e-20	0.00e+00	0.00e+00	2.1143e+02
1.35894e+16	6.3367e+03	1.678e-15	1.0000e+05	9.3100e+03	5.5697e-10	9.2563e-01	7.4367e-02	7.8955e-01	2.0868e-01	1.7692e-03	1.0677e-12	6.1965e-05	9.5677e-01	4.3152e-02	1.7827e-05	9.3995e-01	5.9994e-02	5.2299e-05	4.4062e-07	1.1755e-36	1.1755e-36	7.7494e-20	0.00e+00	0.00e+00	2.1460e+02
1.35950e+16	6.2375e+03	1.575e-15	1.0000e+05	8.9711e+03	6.0853e-10	9.2786e-01	7.2142e-02	8.0318e-01	1.9512e-01	1.7014e-03	1.0782e-12	5.9972e-05	9.5693e-01	4.2991e-02	1.7808e-05	9.4181e-01	5.8139e-02	5.2031e-05	4.2646e-07	1.1755e-36	1.1755e-36	7.5432e-20	0.00e+00	0.00e+00	2.1792e+02
1.36008e+16	6.1380e+03	1.480e-15	1.0000e+05	8.6492e+03	6.6583e-10	9.2993e-01	7.0068e-02	8.1656e-01	1.8181e-01	1.6292e-03	1.0896e-12	5.8073e-05	9.5705e-01	4.2873e-02	1.7794e-05	9.4354e-01	5.6410e-02	5.1842e-05	4.1333e-07	1.1755e-36	1.1755e-36	7.3718e-20	0.00e+00	0.00e+00	2.2144e+02
1.36071e+16	6.0380e+03	1.392e-15	1.0000e+05	8.3426e+03	7.2967e-10	9.3187e-01	6.8125e-02	8.2970e-01	1.6874e-01	1.5526e-03	1.1020e-12	5.6260e-05	9.5713e-01	4.2793e-02	1.7783e-05	9.4516e-01	5.4790e-02	5.1723e-05	4.0109e-07	1.1755e-36	1.1755e-36	7.2363e-20	0.00e+00	0.00e+00	2.2524e+02
1.36138e+16	5.9378e+03	1.310e-15	1.0000e+05	8.0504e+03	8.0076e-10	9.3369e-01	6.6311e-02	8.4262e-01	1.5591e-01	1.4717e-03	1.1154e-12	5.4528e-05	9.5718e-01	4.2747e-02	1.7775e-05	9.4667e-01	5.3278e-02	5.1666e-05	3.8970e-07	1.1755e-36	1.1755e-36	7.1380e-20	0.00e+00	0.00e+00	2.2938e+02
1.36212e+16	5.8375e+03	1.233e-15	1.0000e+05	7.7735e+03	8.7967e-10	9.3538e-01	6.4622e-02	8.5522e-01	1.4339e-01	1.3872e-03	1.1300e-12	5.2884e-05	9.5720e-01	4.2731e-02	1.7771e-05	9.4808e-01	5.1869e-02	5.1664e-05	3.7915e-07	1.1755e-36	1.1755e-36	7.0802e-20	0.00e+00	0.00e+00	2.3395e+02
1.36294e+16	5.7379e+03	1.163e-15	1.0000e+05	7.5127e+03	9.6656e-10	9.3694e-01	6.3061e-02	8.6740e-01	1.3130e-01	1.3001e-03	1.1457e-12	5.1334e-05	9.5719e-01	4.2736e-02	1.7768e-05	9.4938e-01	5.0566e-02	5.1712e-05	3.6942e-07	1.1755e-36	1.1755e-36	7.0648e-20	0.00e+00	0.00e+00	2.3910e+02
1.36387e+16	5.6395e+03	1.098e-15	1.0000e+05	7.2687e+03	1.0616e-09	9.3838e-01	6.1623e-02	8.7907e-01	1.1972e-01	1.2116e-03	1.1625e-12	4.9885e-05	9.5718e-01	4.2747e-02	1.7767e-05	9.5058e-01	4.9365e-02	5.1802e-05	3.6049e-07	1.1755e-36	1.1755e-36	7.0937e-20	0.00e+00	0.00e+00	2.4503e+02
1.36497e+16	5.5429e+03	1.040e-15	1.0000e+05	7.0424e+03	1.1643e-09	9.3969e-01	6.0309e-02	8.9011e-01	1.0877e-01	1.1230e-03	1.1803e-12	4.8543e-05	9.5719e-01	4.2745e-02	1.7766e-05	9.5168e-01	4.8267e-02	5.1927e-05	3.5233e-07	1.1755e-36	1.1755e-36	7.1669e-20	0.00e+00	0.00e+00	2.5211e+02
1.36616e+16	5.4668e+03	9.932e-16	1.0000e+05	6.8536e+03	1.2525e-09	9.4066e-01	5.9343e-02	8.9912e-01	9.9827e-02	1.0487e-03	1.1956e-12	4.7396e-05	9.5705e-01	4.2880e-02	1.7762e-05	9.5249e-01	4.7457e-02	5.2036e-05	3.4629e-07	1.1755e-36	1.1755e-36	7.2330e-20	0.00e+00	0.00e+00	2.5919e+02
1.36735e+16	5.4023e+03	9.596e-16	1.0000e+05	6.7204e+03	1.3323e-09	9.4142e-01	5.8582e-02	9.0601e-01	9.3005e-02	9.8756e-04	1.2088e-12	4.6608e-05	9.5695e-01	4.2981e-02	1.7757e-05	9.5313e-01	4.6818e-02	5.2153e-05	3.4154e-07	1.1755e-36	1.1755e-36	7.3398e-20	0.00e+00	0.00e+00	2.6623e+02
1.36853e+16	5.3570e+03	9.351e-16	1.0000e+05	6.6239e+03	1.3911e-09	9.4196e-01	5.8037e-02	9.1110e-01	8.7955e-02	9.4084e-04	1.2187e-12	4.6034e-05	9.5689e-01	4.3048e-02	1.7748e-05	9.5359e-01	4.6362e-02	5.2229e-05	3.3812e-07	1.1755e-36	1.1755e-36	7.4218e-20	0.00e+00	0.00e+00	2.7325e+02
1.36971e+16	5.3111e+03	9.169e-16	1.0000e+05	6.5512e+03	1.4535e-09	9.4246e-01	5.7539e-02	9.1492e-01	8.4180e-02	9.0379e-04	1.2282e-12	4.5623e-05	9.5683e-01	4.3105e-02	1.7743e-05	9.5400e-01	4.5946e-02	5.2336e-05	3.3503e-07	1.1755e-36	1.1755e-36	7.5455e-20	0.00e+00	0.00e+00	2.8024e+02
1.37089e+16	5.2872e+03	9.034e-16	1.0000e+05	6.4970e+03	1.4870e-09	9.4275e-01	5.7254e-02	9.1766e-01	8.1458e-02	8.7749e-04	1.2340e-12	4.5294e-05	9.5681e-01	4.3130e-02	1.7728e-05	9.5424e-01	4.5705e-02	5.2366e-05	3.3314e-07	1.1755e-36	1.1755e-36	7.5933e-20	0.00e+00	0.00e+00	2.8722e+02
1.37206e+16	5.2680e+03	8.932e-16	1.0000e+05	6.4554e+03	1.5143e-09	9.4297e-01	5.7029e-02	9.1969e-01	7.9453e-02	8.5762e-04	1.2386e-12	4.5048e-05	9.5679e-01	4.3145e-02	1.7714e-05	9.5443e-01	4.5517e-02	5.2390e-05	3.3166e-07	1.1755e-36	1.1755e-36	7.6365e-20	0.00e+00	0.00e+00	2.9420e+02
1.37323e+16	5.2539e+03	8.854e-16	1.0000e+05	6.4233e+03	1.5347e-09	9.4314e-01	5.6859e-02	9.2118e-01	7.7974e-02	8.4266e-04	1.2421e-12	4.4852e-05	9.5679e-01	4.3147e-02	1.7699e-05	9.5457e-01	4.5375e-02	5.2403e-05	3.3051e-07	1.1755e-36	1.1755e-36	7.6668e-20	0.00e+00	0.00e+00	3.0116e+02
1.37440e+16	5.2425e+03	8.794e-16	1.0000e+05	6.4001e+03	1.5514e-09	9.4330e-01	5.6699e-02	9.2232e-01	7.6853e-02	8.3058e-04	1.2451e-12	4.4709e-05	9.5680e-01	4.3136e-02	1.7682e-05	9.5470e-01	4.5243e-02	5.2409e-05	3.2943e-07	1.1755e-36	1.1755e-36	7.6983e-20	0.00e+00	0.00e+00	3.0812e+02
1.37557e+16	5.2351e+03	8.748e-16	1.0000e+05	6.3834e+03	1.5623e-09	9.4343e-01	5.6568e-02	9.2317e-01	7.6006e-02	8.2101e-04	1.2471e-12	4.4613e-05	9.5683e-01	4.3110e-02	1.7664e-05	9.5481e-01	4.5134e-02	5.2400e-05	3.2850e-07	1.1755e-36	1.1755e-36	7.7174e-20	0.00e+00	0.00e+00	3.1507e+02
1.37691e+16	5.2159e+03	8.690e-16	1.0000e+05	6.3671e+03	1.5912e-09	9.4367e-01	5.6330e-02	9.2398e-01	7.5207e-02	8.1038e-04	1.2514e-12	4.4549e-05	9.5707e-01	4.2869e-02	1.7646e-05	9.5501e-01	4.4936e-02	5.2435e-05	3.2693e-07	1.1755e-36	1.1755e-36	7.8001e-20	0.00e+00	0.00e+00	3.2411e+02
1.37865e+16	5.2026e+03	8.623e-16	1.0000e+05	6.3393e+03	1.6116e-09	9.4385e-01	5.6154e-02	9.2459e-01	7.4602e-02	8.0336e-04	1.2551e-12	4.4397e-05	9.5735e-01	4.2591e-02	1.7619e-05	9.5516e-01	4.4789e-02	5.2439e-05	3.2567e-07	1.1755e-36	1.1755e-36	7.8374e-20	0.00e+00	0.00e+00	3.3587e+02
1.38092e+16	5.1889e+03	8.554e-16	1.0000e+05	6.3152e+03	1.6329e-09	9.4407e-01	5.5933e-02	9.2519e-01	7.4016e-02	7.9513e-04	1.2590e-12	4.4276e-05	9.5770e-01	4.2241e-02	1.7583e-05	9.5534e-01	4.4605e-02	5.2432e-05	3.2408e-07	1.1755e-36	1.1755e-36	7.8851e-20	0.00e+00	0.00e+00	3.5116e+02
1.38387e+16	5.1729e+03	8.481e-16	1.0000e+05	6.2906e+03	1.6579e-09	9.4431e-01	5.5689e-02	9.2574e-01	7.3478e-02	7.8623e-04	1.2635e-12	4.4157e-05	9.5811e-01	4.1826e-02	1.7536e-05	9.5554e-01	4.4403e-02	5.2420e-05	3.2229e-07	1.1755e-36	1.1755e-36	7.9453e-20	0.00e+00	0.00e+00	3.7103e+02
1.38771e+16	5.1551e+03	8.394e-16	1.0000e+05	6.2489e+03	1.6868e-09	9.4445e-01	5.5552e-02	9.2611e-01	7.3114e-02	7.7997e-04	1.2685e-12	4.3929e-05	9.5857e-01	4.1370e-02	1.7476e-05	9.5566e-01	4.4284e-02	5.2405e-05	3.2104e-07	1.1755e-36	1.1755e-36	7.9910e-20	0.00e+00	0.00e+00	3.9688e+02
1.39269e+16	5.1309e+03	8.299e-16	1.0000e+05	6.2141e+03	1.7264e-09	9.4477e-01	5.5233e-02	9.2666e-01	7.2576e-02	7.6863e-04	1.2751e-12	4.3765e-05	9.5917e-01	4.0770e-02	1.7398e-05	9.5593e-01	4.4018e-02	5.2384e-05	3.1859e-07	1.1755e-36	1.1755e-36	8.0901e-20	0.00e+00	0.00e+00	4.3049e+02
1.39917e+16	5.1082e+03	8.196e-16	1.0000e+05	6.1979e+03	1.7633e-09	9.4537e-01	5.4631e-02	9.2756e-01	7.1689e-02	7.4926e-04	1.2821e-12	4.3719e-05	9.5991e-01	4.0029e-02	1.7291e-05	9.5642e-01	4.3527e-02	5.2302e-05	3.1427e-07	1.1755e-36	1.1755e-36	8.2205e-20	0.00e+00	0.00e+00	4.7422e+02
1.40759e+16	5.0820e+03	8.054e-16	1.0000e+05	6.1206e+03	1.8079e-09	9.4553e-01	5.4473e-02	9.2802e-01	7.1244e-02	7.3963e-04	1.2901e-12	4.3277e-05	9.6058e-01	3.9364e-02	1.7160e-05	9.5656e-01	4.3389e-02	5.2229e-05	3.1244e-07	1.1755e-36	1.1755e-36	8.2704e-20	0.00e+00	0.00e+00	5.3107e+02
1.41854e+16	5.0502e+03	7.894e-16	1.0000e+05	6.0588e+03	1.8622e-09	9.4607e-01	5.3926e-02	9.2896e-01	7.0322e-02	7.1944e-04	1.3003e-12	4.2945e-05	9.6142e-01	3.8516e-02	1.6987e-05	9.5701e-01	4.2938e-02	5.2101e-05	3.0803e-07	1.1755e-36	1.1755e-36	8.3940e-20	0.00e+00	0.00e+00	6.0501e+02
1.43278e+16	5.0133e+03	7.703e-16	1.0000e+05	5.9840e+03	1.9260e-09	9.4674e-01	5.3263e-02	9.3012e-01	6.9185e-02	6.9474e-04	1.3125e-12	4.2531e-05	9.6234e-01	3.7597e-02	1.6764e-05	9.5756e-01	4.2392e-02	5.1918e-05	3.0261e-07	1.1755e-36	1.1755e-36	8.5381e-20	0.00e+00	0.00e+00	7.0121e+02
1.45129e+16	4.9621e+03	7.474e-16	1.0000e+05	5.8891e+03	2.0133e-09	9.4756e-01	5.2439e-02	9.3153e-01	6.7807e-02	6.6487e-04	1.3251e-12	4.2011e-05	9.6345e-01	3.6492e-02	1.6483e-05	9.5824e-01	4.1711e-02	5.1707e-05	2.9587e-07	1.1755e-36	1.1755e-36	8.6487e-20	0.00e+00	0.00e+00	8.2637e+02
1.47535e+16	4.8985e+03	7.203e-16	1.0000e+05	5.7737e+03	2.1226e-09	9.4856e-01	5.1438e-02	9.3324e-01	6.6127e-02	6.2917e-04	1.3389e-12	4.1376e-05	9.6472e-01	3.5222e-02	1.6126e-05	9.5906e-01	4.0883e-02	5.1433e-05	2.8763e-07	1.1755e-36	1.1755e-36	8.7372e-20	0.00e+00	0.00e+00	9.8926e+02
1.50663e+16	4.8139e+03	6.880e-16	1.0000e+05	5.6170e+03	2.2723e-09	9.4966e-01	5.0340e-02	9.3514e-01	6.4268e-02	5.9043e-04	1.3562e-12	4.0476e-05	9.6610e-01	3.3840e-02	1.5684e-05	9.5998e-01	3.9972e-02	5.1119e-05	2.7832e-07	1.1755e-36	1.1755e-36	8.8266e-20	0.00e+00	0.00e+00	1.2013e+03
1.54729e+16	4.7250e+03	6.516e-16	1.0000e+05	5.4663e+03	2.4296e-09	9.5118e-01	4.8823e-02	9.3774e-01	6.1724e-02	5.4028e-04	1.3746e-12	3.9634e-05	9.6771e-01	3.2233e-02	1.5122e-05	9.6123e-01	3.8724e-02	5.0621e-05	2.6592e-07	1.1755e-36	1.1755e-36	8.9235e-20	0.00e+00	0.00e+00	1.4773e+03
1.60014e+16	4.6063e+03	6.099e-16	1.0000e+05	5.2705e+03	2.6400e-09	9.5288e-01	4.7119e-02	9.4059e-01	5.8918e-02	4.8738e-04	1.3964e-12	3.8532e-05	9.6951e-01	3.0439e-02	1.4439e-05	9.6263e-01	3.7316e-02	5.0041e-05	2.5179e-07	1.1755e-36	1.1755e-36	8.9928e-20	0.00e+00	0.00e+00	1.8368e+03
1.66219e+16	4.4867e+03	5.700e-16	1.0000e+05	5.0727e+03	2.8417e-09	9.5460e-01	4.5395e-02	9.4346e-01	5.6100e-02	4.3726e-04	1.4159e-12	3.7394e-05	9.7118e-01	2.8767e-02	1.3708e-05	9.6406e-01	3.5894e-02	4.9368e-05	2.3742e-07	1.1755e-36	1.1755e-36	8.9663e-20	0.00e+00	0.00e+00	2.2246e+03
1.72736e+16	4.3718e+03	5.342e-16	1.0000e+05	4.8882e+03	3.0188e-09	9.5622e-01	4.3777e-02	9.4609e-01	5.3518e-02	3.9394e-04	1.4318e-12	3.6336e-05	9.7274e-01	2.7213e-02	1.2999e-05	9.6539e-01	3.4562e-02	4.8672e-05	2.2397e-07	1.1755e-36	1.1755e-36	8.8448e-20	0.00e+00	0.00e+00	2.6231e+03
1.79533e+16	4.2579e+03	5.012e-16	1.0000e+05	4.7130e+03	3.1720e-09	9.5777e-01	4.2235e-02	9.4851e-01	5.1136e-02	3.5610e-04	1.4444e-12	3.5345e-05	9.7427e-01	2.5685e-02	1.2309e-05	9.6666e-01	3.3294e-02	4.7953e-05	2.1120e-07	1.1755e-36	1.1755e-36	8.6287e-20	0.00e+00	0.00e+00	3.0460e+03
1.86795e+16	4.1423e+03	4.701e-16	1.0000e+05	4.5428e+03	3.2986e-09	9.5927e-01	4.0733e-02	9.5079e-01	4.8886e-02	3.2223e-04	1.4539e-12	3.4397e-05	9.7583e-01	2.4126e-02	1.1624e-05	9.6790e-01	3.2056e-02	4.7191e-05	1.9881e-07	1.1755e-36	1.1755e-36	8.3108e-20	0.00e+00	0.00e+00	3.5020e+03
1.94577e+16	4.0265e+03	4.411e-16	1.0000e+05	4.3780e+03	3.3915e-09	9.6073e-01	3.9271e-02	9.5295e-01	4.6761e-02	2.9191e-04	1.4601e-12	3.3490e-05	9.7734e-01	2.2611e-02	1.0949e-05	9.6910e-01	3.0855e-02	4.6385e-05	1.8683e-07	1.1755e-36	1.1755e-36	7.8973e-20	0.00e+00	0.00e+00	3.9895e+03
2.02787e+16	3.9130e+03	4.145e-16	1.0000e+05	4.2216e+03	3.4473e-09	9.6212e-01	3.7880e-02	9.5495e-01	4.4785e-02	2.6516e-04	1.4634e-12	3.2642e-05	9.7878e-01	2.1174e-02	1.0295e-05	9.7024e-01	2.9709e-02	4.5541e-05	1.7546e-07	1.1755e-36	1.1755e-36	7.4153e-20	0.00e+00	0.00e+00	4.4987e+03
###########################
8.56427e+11	1.5496e+04	6.402e-14	1.0000e+05	1.1679e+05	6.4368e-18	6.2911e-04	9.9937e-01	4.1451e-05	6.2917e-02	9.3704e-01	2.7012e-24	4.3176e-07	2.2779e-03	1.7963e-01	4.1510e-01	2.6974e-07	6.4379e-04	1.0508e-01	6.7995e-01	2.0151e-01	1.2422e-02	1.6052e-31	0.00e+00	0.00e+00	6.8021e-04
5.13856e+12	1.5482e+04	6.390e-14	1.0000e+05	1.1677e+05	6.1859e-18	6.2775e-04	9.9937e-01	4.1424e-05	6.2901e-02	9.3706e-01	2.4721e-24	4.0274e-07	2.2714e-03	1.7939e-01	4.1586e-01	2.6792e-07	6.4186e-04	1.0526e-01	6.8013e-01	2.0119e-01	1.2385e-02	1.3556e-31	0.00e+00	0.00e+00	3.3952e-03
2.22671e+13	1.5457e+04	6.360e-14	1.0000e+05	1.1676e+05	6.1353e-18	6.2486e-04	9.9938e-01	4.1400e-05	6.3035e-02	9.3692e-01	2.4462e-24	4.1122e-07	2.2731e-03	1.8027e-01	4.1756e-01	2.6573e-07	6.3976e-04	1.0638e-01	6.8043e-01	1.9991e-01	1.2247e-02	1.3393e-31	0.00e+00	0.00e+00	1.4205e-02
9.07813e+13	1.5379e+04	6.290e-14	1.0000e+05	1.1675e+05	5.9711e-18	6.1721e-04	9.9938e-01	4.1584e-05	6.4157e-02	9.3580e-01	2.3480e-24	4.2448e-07	2.2889e-03	1.8451e-01	4.2296e-01	2.5913e-07	6.3314e-04	1.1098e-01	6.8124e-01	1.9496e-01	1.1801e-02	1.2570e-31	0.00e+00	0.00e+00	5.6916e-02
2.16847e+14	1.5155e+04	6.027e-14	1.0000e+05	1.1675e+05	5.4751e-18	5.8256e-04	9.9942e-01	3.9991e-05	6.3637e-02	9.3632e-01	1.8582e-24	3.9389e-07	2.2311e-03	1.8673e-01	4.3275e-01	2.2922e-07	5.9631e-04	1.1704e-01	6.8357e-01	1.8718e-01	1.1257e-02	9.6389e-32	0.00e+00	0.00e+00	1.0932e-01
3.80733e+14	1.4954e+04	5.820e-14	1.0000e+05	1.1674e+05	5.0653e-18	5.5350e-04	9.9945e-01	3.9620e-05	6.4919e-02	9.3504e-01	1.5693e-24	3.7827e-07	2.2244e-03	1.9265e-01	4.4296e-01	2.1181e-07	5.8219e-04	1.2570e-01	6.8505e-01	1.7777e-01	1.0556e-02	7.7842e-32	0.00e+00	0.00e+00	1.7405e-01
5.93785e+14	1.4755e+04	5.654e-14	1.0000e+05	1.1671e+05	4.7208e-18	5.2734e-04	9.9947e-01	4.0581e-05	6.8560e-02	9.3140e-01	1.3995e-24	3.7645e-07	2.2692e-03	2.0348e-01	4.5444e-01	2.0305e-07	5.8805e-04	1.3889e-01	6.8478e-01	1.6579e-01	9.6488e-03	6.5379e-32	0.00e+00	0.00e+00	2.5423e-01
8.70752e+14	1.4552e+04	5.533e-14	1.0000e+05	1.1665e+05	4.4353e-18	5.0421e-04	9.9950e-01	4.3763e-05	7.6148e-02	9.2381e-01	1.3557e-24	3.9334e-07	2.3925e-03	2.2171e-01	4.6709e-01	2.0606e-07	6.2596e-04	1.5999e-01	6.8049e-01	1.5015e-01	8.4780e-03	5.8235e-32	0.00e+00	0.00e+00	3.5388e-01
1.17968e+15	1.4358e+04	5.461e-14	1.0000e+05	1.1654e+05	4.1242e-18	4.7972e-04	9.9952e-01	4.9226e-05	8.8492e-02	9.1146e-01	1.3450e-24	4.2006e-07	2.5620e-03	2.4587e-01	4.7822e-01	2.1501e-07	6.8869e-04	1.8972e-01	6.6945e-01	1.3266e-01	7.2492e-03	5.2348e-32	0.00e+00	0.00e+00	4.4617e-01
1.45220e+15	1.4198e+04	5.472e-14	1.0000e+05	1.1645e+05	3.8152e-18	4.6245e-04	9.9954e-01	5.7786e-05	1.0564e-01	8.9430e-01	1.4106e-24	4.6143e-07	2.7855e-03	2.7259e-01	4.8496e-01	2.3724e-07	7.8860e-04	2.2547e-01	6.5115e-01	1.1623e-01	6.1636e-03	4.7930e-32	0.00e+00	0.00e+00	5.1631e-01
1.66513e+15	1.4115e+04	5.528e-14	1.0000e+05	1.1622e+05	3.7715e-18	4.5364e-04	9.9955e-01	6.7808e-05	1.2559e-01	8.7434e-01	1.6296e-24	5.0449e-07	3.0045e-03	2.9753e-01	4.8794e-01	2.6713e-07	9.0395e-04	2.6294e-01	6.2831e-01	1.0238e-01	5.2939e-03	5.2517e-32	0.00e+00	0.00e+00	5.6945e-01
1.83746e+15	1.4028e+04	5.614e-14	1.0000e+05	1.1603e+05	3.7747e-18	4.5111e-04	9.9955e-01	8.0311e-05	1.4846e-01	8.5146e-01	1.9452e-24	5.5546e-07	3.2457e-03	3.2087e-01	4.8883e-01	3.0882e-07	1.0473e-03	3.0212e-01	6.0209e-01	9.0047e-02	4.5489e-03	5.8670e-32	0.00e+00	0.00e+00	6.1476e-01
1.98630e+15	1.3949e+04	5.712e-14	1.0000e+05	1.1582e+05	3.8032e-18	4.5124e-04	9.9955e-01	9.5349e-05	1.7505e-01	8.2486e-01	2.3398e-24	6.0891e-07	3.4913e-03	3.4283e-01	4.8839e-01	3.5966e-07	1.2141e-03	3.4382e-01	5.7224e-01	7.8707e-02	3.8918e-03	6.6240e-32	0.00e+00	0.00e+00	6.5423e-01
2.11535e+15	1.3885e+04	5.811e-14	1.0000e+05	1.1561e+05	3.8337e-18	4.5254e-04	9.9955e-01	1.1309e-04	2.0524e-01	7.9465e-01	2.8148e-24	6.6457e-07	3.7387e-03	3.6298e-01	4.8708e-01	4.2011e-07	1.4064e-03	3.8709e-01	5.3968e-01	6.8407e-02	3.3178e-03	7.4954e-32	0.00e+00	0.00e+00	6.8838e-01
2.22667e+15	1.3811e+04	5.909e-14	1.0000e+05	1.1529e+05	3.9227e-18	4.5522e-04	9.9954e-01	1.3256e-04	2.3838e-01	7.6149e-01	3.3481e-24	7.1457e-07	3.9590e-03	3.8085e-01	4.8545e-01	4.8349e-07	1.6024e-03	4.3042e-01	5.0581e-01	5.9251e-02	2.8263e-03	8.5790e-32	0.00e+00	0.00e+00	7.1801e-01
2.32702e+15	1.3724e+04	6.002e-14	1.0000e+05	1.1493e+05	4.0638e-18	4.5972e-04	9.9954e-01	1.5441e-04	2.7525e-01	7.2460e-01	3.9787e-24	7.6439e-07	4.1704e-03	3.9730e-01	4.8361e-01	5.5357e-07	1.8102e-03	4.7460e-01	4.7028e-01	5.0844e-02	2.3881e-03	9.9275e-32	0.00e+00	0.00e+00	7.4633e-01
2.42360e+15	1.3639e+04	6.093e-14	1.0000e+05	1.1466e+05	4.1556e-18	4.6299e-04	9.9954e-01	1.8010e-04	3.1817e-01	6.8165e-01	4.5471e-24	8.1180e-07	4.3604e-03	4.1297e-01	4.8163e-01	6.2234e-07	2.0184e-03	5.2123e-01	4.3189e-01	4.2821e-02	1.9818e-03	1.0983e-31	0.00e+00	0.00e+00	7.7426e-01
2.51447e+15	1.3535e+04	6.160e-14	1.0000e+05	1.1430e+05	4.3554e-18	4.6959e-04	9.9953e-01	2.1036e-04	3.6600e-01	6.3379e-01	5.4259e-24	8.6439e-07	4.5791e-03	4.2752e-01	4.7944e-01	7.1522e-07	2.2773e-03	5.6836e-01	3.9214e-01	3.5545e-02	1.6234e-03	1.2866e-31	0.00e+00	0.00e+00	7.9981e-01
2.59810e+15	1.3415e+04	6.190e-14	1.0000e+05	1.1379e+05	4.6360e-18	4.7895e-04	9.9952e-01	2.4348e-04	4.1621e-01	5.8354e-01	6.6239e-24	9.2044e-07	4.8162e-03	4.4045e-01	4.7731e-01	8.3191e-07	2.5806e-03	6.1349e-01	3.5332e-01	2.9250e-02	1.3212e-03	1.5506e-31	0.00e+00	0.00e+00	8.2432e-01
2.67576e+15	1.3316e+04	6.193e-14	1.0000e+05	1.1340e+05	4.8282e-18	4.8601e-04	9.9951e-01	2.7693e-04	4.6725e-01	5.3248e-01	7.5867e-24	9.6701e-07	5.0024e-03	4.5160e-01	4.7539e-01	9.3382e-07	2.8453e-03	6.5533e-01	3.1678e-01	2.3945e-02	1.0723e-03	1.7439e-31	0.00e+00	0.00e+00	8.4710e-01
2.76114e+15	1.3152e+04	6.153e-14	1.0000e+05	1.1276e+05	5.1823e-18	4.9658e-04	9.9950e-01	3.1646e-04	5.2662e-01	4.7306e-01	8.8910e-24	1.0200e-06	5.2069e-03	4.6318e-01	4.7329e-01	1.0570e-06	3.1440e-03	7.0030e-01	2.7695e-01	1.8749e-02	8.3396e-04	2.0266e-31	0.00e+00	0.00e+00	8.7736e-01
2.85719e+15	1.2954e+04	6.067e-14	1.0000e+05	1.1217e+05	5.6390e-18	5.0907e-04	9.9949e-01	3.6342e-04	5.9428e-01	4.0536e-01	1.0494e-23	1.0783e-06	5.4320e-03	4.7507e-01	4.7057e-01	1.2020e-06	3.4799e-03	7.4685e-01	2.3505e-01	1.3982e-02	6.1996e-04	2.3796e-31	0.00e+00	0.00e+00	9.0807e-01
2.94925e+15	1.2741e+04	5.940e-14	1.0000e+05	1.1166e+05	6.1797e-18	5.2233e-04	9.9948e-01	4.0898e-04	6.5681e-01	3.4278e-01	1.2191e-23	1.1341e-06	5.6419e-03	4.8552e-01	4.6762e-01	1.3434e-06	3.7866e-03	7.8664e-01	1.9871e-01	1.0383e-02	4.6137e-04	2.7644e-31	0.00e+00	0.00e+00	9.3727e-01
3.05108e+15	1.2486e+04	5.752e-14	1.0000e+05	1.1112e+05	6.8992e-18	5.3945e-04	9.9946e-01	4.5784e-04	7.1923e-01	2.8031e-01	1.4386e-23	1.2013e-06	5.8848e-03	4.9622e-01	4.6381e-01	1.5118e-06	4.1211e-03	8.2431e-01	1.6384e-01	7.3843e-03	3.3096e-04	3.2457e-31	0.00e+00	0.00e+00	9.7647e-01
3.16483e+15	1.2214e+04	5.529e-14	1.0000e+05	1.1062e+05	7.7527e-18	5.5761e-04	9.9944e-01	5.0516e-04	7.7691e-01	2.2259e-01	1.6740e-23	1.2694e-06	6.1261e-03	5.0649e-01	4.5935e-01	1.6825e-06	4.4358e-03	8.5737e-01	1.3282e-01	5.1330e-03	2.3401e-04	3.7579e-31	0.00e+00	0.00e+00	1.0160e+00
3.29408e+15	1.1920e+04	5.274e-14	1.0000e+05	1.1017e+05	8.8677e-18	5.7985e-04	9.9942e-01	5.5226e-04	8.2850e-01	1.7095e-01	1.9766e-23	1.3511e-06	6.4008e-03	5.1703e-01	4.5373e-01	1.8780e-06	4.7593e-03	8.8632e-01	1.0528e-01	3.4663e-03	1.6186e-04	4.4062e-31	0.00e+00	0.00e+00	1.0695e+00
3.43886e+15	1.1643e+04	5.026e-14	1.0000e+05	1.0980e+05	1.0097e-17	6.0249e-04	9.9940e-01	5.9338e-04	8.7004e-01	1.2937e-01	2.2857e-23	1.4322e-06	6.6640e-03	5.2683e-01	4.4767e-01	2.0683e-06	5.0437e-03	9.0930e-01	8.3162e-02	2.3779e-03	1.1378e-04	5.0533e-31	0.00e+00	0.00e+00	1.1241e+00
3.60118e+15	1.1386e+04	4.794e-14	1.0000e+05	1.0951e+05	1.1486e-17	6.2840e-04	9.9937e-01	6.3086e-04	9.0288e-01	9.6485e-02	2.6425e-23	1.5240e-06	6.9443e-03	5.3641e-01	4.4096e-01	2.2765e-06	5.3178e-03	9.2769e-01	6.5241e-02	1.6676e-03	8.0828e-05	5.7539e-31	0.00e+00	0.00e+00	1.1960e+00
3.80957e+15	1.1138e+04	4.570e-14	1.0000e+05	1.0927e+05	1.3347e-17	6.6039e-04	9.9934e-01	6.6755e-04	9.3051e-01	6.8825e-02	3.1258e-23	1.6343e-06	7.2605e-03	5.4661e-01	4.3310e-01	2.5239e-06	5.5994e-03	9.4347e-01	4.9691e-02	1.1842e-03	5.6457e-05	6.7839e-31	0.00e+00	0.00e+00	1.2942e+00
4.08048e+15	1.0920e+04	4.375e-14	1.0000e+05	1.0907e+05	1.5698e-17	7.0075e-04	9.9930e-01	7.0289e-04	9.5225e-01	4.7044e-02	3.7625e-23	1.7673e-06	7.6141e-03	5.5732e-01	4.2418e-01	2.8265e-06	5.8886e-03	9.5629e-01	3.6893e-02	8.8261e-04	3.9067e-05	8.1882e-31	0.00e+00	0.00e+00	1.4297e+00
4.43266e+15	1.0754e+04	4.227e-14	1.0000e+05	1.0893e+05	1.8554e-17	7.5375e-04	9.9925e-01	7.3707e-04	9.6820e-01	3.1067e-02	4.6123e-23	1.9314e-06	8.0126e-03	5.6853e-01	4.1424e-01	3.2161e-06	6.1900e-03	9.6612e-01	2.6954e-02	7.0897e-04	2.6966e-05	1.0094e-30	0.00e+00	0.00e+00	1.6191e+00
4.86330e+15	1.0662e+04	4.147e-14	1.0000e+05	1.0883e+05	2.2186e-17	8.2255e-04	9.9918e-01	7.6912e-04	9.7871e-01	2.0524e-02	5.8163e-23	2.1244e-06	8.4408e-03	5.7977e-01	4.0379e-01	3.7186e-06	6.4981e-03	9.7285e-01	2.0010e-02	6.1816e-04	1.9078e-05	1.3096e-30	0.00e+00	0.00e+00	1.8596e+00
5.34963e+15	1.0645e+04	4.140e-14	1.0000e+05	1.0876e+05	2.6745e-17	9.1170e-04	9.9909e-01	8.0163e-04	9.8519e-01	1.4009e-02	7.5786e-23	2.3559e-06	8.9092e-03	5.9094e-01	3.9303e-01	4.3880e-06	6.8316e-03	9.7718e-01	1.5395e-02	5.7108e-04	1.4017e-05	1.7876e-30	0.00e+00	0.00e+00	2.1529e+00
5.88459e+15	1.0698e+04	4.196e-14	1.0000e+05	1.0871e+05	3.2754e-17	1.0298e-03	9.9897e-01	8.3676e-04	9.8925e-01	9.9084e-03	1.0363e-22	2.6403e-06	9.4477e-03	6.0256e-01	3.8156e-01	5.3264e-06	7.2213e-03	9.7996e-01	1.2260e-02	5.4449e-04	1.0620e-05	2.6069e-30	0.00e+00	0.00e+00	2.5172e+00
6.47305e+15	1.0815e+04	4.317e-14	1.0000e+05	1.0867e+05	4.1106e-17	1.1927e-03	9.9881e-01	8.7821e-04	9.9191e-01	7.2138e-03	1.5137e-22	3.0066e-06	1.0112e-02	6.1553e-01	3.6852e-01	6.7403e-06	7.7206e-03	9.8172e-01	1.0013e-02	5.2771e-04	8.1818e-06	4.1136e-30	0.00e+00	0.00e+00	2.9814e+00
7.07345e+15	1.0990e+04	4.504e-14	1.0000e+05	1.0864e+05	5.4031e-17	1.4108e-03	9.9859e-01	9.2726e-04	9.9356e-01	5.5116e-03	2.4098e-22	3.4553e-06	1.0901e-02	6.2957e-01	3.5419e-01	8.8629e-06	8.3624e-03	9.8266e-01	8.4418e-03	5.1722e-04	6.4525e-06	7.3889e-30	0.00e+00	0.00e+00	3.5018e+00
7.60534e+15	1.1190e+04	4.722e-14	1.0000e+05	1.0860e+05	7.0820e-17	1.6686e-03	9.9833e-01	9.7794e-04	9.9451e-01	4.5110e-03	3.8909e-22	3.9461e-06	1.1758e-02	6.4353e-01	3.3980e-01	1.1746e-05	9.1191e-03	9.8297e-01	7.3846e-03	5.1096e-04	5.2700e-06	1.3473e-29	0.00e+00	0.00e+00	4.0068e+00
8.04184e+15	1.1377e+04	4.936e-14	1.0000e+05	1.0857e+05	9.1302e-17	1.9417e-03	9.9806e-01	1.0304e-03	9.9506e-01	3.9072e-03	6.1621e-22	4.4433e-06	1.2635e-02	6.5671e-01	3.2609e-01	1.5286e-05	9.9386e-03	9.8290e-01	6.6356e-03	5.0685e-04	4.4397e-06	2.3955e-29	0.00e+00	0.00e+00	4.4892e+00
8.41897e+15	1.1547e+04	5.140e-14	1.0000e+05	1.0854e+05	1.1505e-16	2.2336e-03	9.9777e-01	1.0857e-03	9.9543e-01	3.4850e-03	9.5282e-22	4.9645e-06	1.3565e-02	6.6975e-01	3.1243e-01	1.9664e-05	1.0842e-02	9.8260e-01	6.0271e-03	5.0345e-04	3.7894e-06	4.0655e-29	0.00e+00	0.00e+00	4.9978e+00
8.77923e+15	1.1714e+04	5.351e-14	1.0000e+05	1.0850e+05	1.4575e-16	2.5734e-03	9.9743e-01	1.1489e-03	9.9571e-01	3.1419e-03	1.5047e-21	5.5615e-06	1.4643e-02	6.8378e-01	2.9763e-01	2.5577e-05	1.1932e-02	9.8208e-01	5.4631e-03	5.0014e-04	3.2177e-06	7.0114e-29	0.00e+00	0.00e+00	5.5823e+00
9.13655e+15	1.1884e+04	5.577e-14	1.0000e+05	1.0845e+05	1.8927e-16	2.9874e-03	9.9701e-01	1.2242e-03	9.9593e-01	2.8501e-03	2.4973e-21	6.2759e-06	1.5947e-02	6.9934e-01	2.8108e-01	3.4047e-05	1.3316e-02	9.8123e-01	4.9203e-03	4.9674e-04	2.6983e-06	1.2830e-28	0.00e+00	0.00e+00	6.2515e+00
9.47938e+15	1.2041e+04	5.814e-14	1.0000e+05	1.0841e+05	2.5742e-16	3.4821e-03	9.9652e-01	1.3120e-03	9.9608e-01	2.6095e-03	4.4195e-21	7.1190e-06	1.7497e-02	7.1602e-01	2.6317e-01	4.6087e-05	1.5045e-02	9.8000e-01	4.4139e-03	4.9299e-04	2.2430e-06	2.5915e-28	0.00e+00	0.00e+00	6.9786e+00
9.71763e+15	1.2153e+04	5.999e-14	1.0000e+05	1.0836e+05	3.1291e-16	3.9121e-03	9.9609e-01	1.3888e-03	9.9613e-01	2.4792e-03	6.5806e-21	7.8286e-06	1.8824e-02	7.2845e-01	2.4963e-01	5.8482e-05	1.6649e-02	9.7872e-01	4.0774e-03	4.9052e-04	1.9530e-06	4.0621e-28	0.00e+00	0.00e+00	7.3384e+00
9.83345e+15	1.2237e+04	6.077e-14	1.0000e+05	1.0833e+05	3.3888e-16	4.1378e-03	9.9586e-01	1.4325e-03	9.9613e-01	2.4420e-03	7.9472e-21	8.1983e-06	1.9523e-02	7.3459e-01	2.4290e-01	6.5832e-05	1.7534e-02	9.7797e-01	3.9370e-03	4.8980e-04	1.8301e-06	4.9783e-28	0.00e+00	0.00e+00	7.5629e+00
9.93228e+15	1.2269e+04	6.156e-14	1.0000e+05	1.0830e+05	3.7175e-16	4.3522e-03	9.9565e-01	1.4715e-03	9.9613e-01	2.3945e-03	9.5602e-21	8.5694e-06	2.0206e-02	7.4048e-01	2.3642e-01	7.3109e-05	1.8352e-02	9.7730e-01	3.7809e-03	4.8806e-04	1.7119e-06	6.1196e-28	0.00e+00	0.00e+00	7.8698e+00
1.00608e+16	1.2325e+04	6.253e-14	1.0000e+05	1.0828e+05	4.2152e-16	4.6469e-03	9.9535e-01	1.5240e-03	9.9615e-01	2.3255e-03	1.2291e-20	9.0757e-06	2.1139e-02	7.4815e-01	2.2794e-01	8.3942e-05	1.9511e-02	9.7634e-01	3.5805e-03	4.8601e-04	1.5668e-06	8.1721e-28	0.00e+00	0.00e+00	8.2959e+00
1.02278e+16	1.2398e+04	6.382e-14	1.0000e+05	1.0823e+05	4.9595e-16	5.0707e-03	9.9493e-01	1.6010e-03	9.9617e-01	2.2324e-03	1.7151e-20	9.7981e-06	2.2481e-02	7.5838e-01	2.1654e-01	1.0116e-04	2.1227e-02	9.7486e-01	3.3253e-03	4.8318e-04	1.3899e-06	1.1900e-27	0.00e+00	0.00e+00	8.9002e+00
1.03964e+16	1.2471e+04	6.517e-14	1.0000e+05	1.0818e+05	5.9061e-16	5.5603e-03	9.9444e-01	1.6894e-03	9.9617e-01	2.1445e-03	2.4515e-20	1.0627e-05	2.4027e-02	7.6881e-01	2.0472e-01	1.2374e-04	2.3315e-02	9.7300e-01	3.0832e-03	4.8018e-04	1.2266e-06	1.7811e-27	0.00e+00	0.00e+00	9.4214e+00
1.05165e+16	1.2517e+04	6.618e-14	1.0000e+05	1.0814e+05	6.7482e-16	5.9574e-03	9.9404e-01	1.7613e-03	9.9614e-01	2.0953e-03	3.2147e-20	1.1300e-05	2.5286e-02	7.7644e-01	1.9595e-01	1.4422e-04	2.5076e-02	9.7138e-01	2.9162e-03	4.7775e-04	1.1175e-06	2.4148e-27	0.00e+00	0.00e+00	9.7658e+00
1.06010e+16	1.2565e+04	6.682e-14	1.0000e+05	1.0810e+05	7.3843e-16	6.2536e-03	9.9375e-01	1.8147e-03	9.9612e-01	2.0672e-03	3.8990e-20	1.1804e-05	2.6225e-02	7.8185e-01	1.8968e-01	1.6086e-04	2.6430e-02	9.7013e-01	2.7974e-03	4.7620e-04	1.0444e-06	2.9966e-27	0.00e+00	0.00e+00	1.0072e+01
1.06901e+16	1.2584e+04	6.765e-14	1.0000e+05	1.0807e+05	8.2248e-16	6.6015e-03	9.9340e-01	1.8778e-03	9.9609e-01	2.0288e-03	4.8372e-20	1.2398e-05	2.7327e-02	7.8792e-01	1.8259e-01	1.8138e-04	2.7996e-02	9.6868e-01	2.6660e-03	4.7370e-04	9.6640e-07	3.8018e-27	0.00e+00	0.00e+00	1.0492e+01
1.08060e+16	1.2611e+04	6.869e-14	1.0000e+05	1.0804e+05	9.6227e-16	7.0859e-03	9.9291e-01	1.9645e-03	9.9606e-01	1.9749e-03	6.5427e-20	1.3232e-05	2.8866e-02	7.9575e-01	1.7334e-01	2.1263e-04	3.0247e-02	9.6658e-01	2.4908e-03	4.7028e-04	8.6964e-07	5.3913e-27	0.00e+00	0.00e+00	1.1077e+01
1.09244e+16	1.2673e+04	6.967e-14	1.0000e+05	1.0797e+05	1.0877e-15	7.6338e-03	9.9237e-01	2.0631e-03	9.9601e-01	1.9239e-03	8.6887e-20	1.4169e-05	3.0593e-02	8.0351e-01	1.6397e-01	2.5247e-04	3.2953e-02	9.6400e-01	2.3256e-03	4.6736e-04	7.8041e-07	7.2347e-27	0.00e+00	0.00e+00	1.1588e+01
1.10164e+16	1.2690e+04	7.056e-14	1.0000e+05	1.0792e+05	1.2480e-15	8.1167e-03	9.9188e-01	2.1516e-03	9.9596e-01	1.8879e-03	1.1325e-19	1.4992e-05	3.2124e-02	8.0966e-01	1.5638e-01	2.9080e-04	3.5380e-02	9.6167e-01	2.1958e-03	4.6422e-04	7.1301e-07	9.8073e-27	0.00e+00	0.00e+00	1.1987e+01
1.10916e+16	1.2707e+04	7.126e-14	1.0000e+05	1.0788e+05	1.3760e-15	8.5373e-03	9.9146e-01	2.2289e-03	9.9591e-01	1.8612e-03	1.3907e-19	1.5717e-05	3.3463e-02	8.1466e-01	1.5011e-01	3.2703e-04	3.7553e-02	9.5956e-01	2.0964e-03	4.6153e-04	6.6208e-07	1.2224e-26	0.00e+00	0.00e+00	1.2378e+01
1.11751e+16	1.2732e+04	7.204e-14	1.0000e+05	1.0784e+05	1.5510e-15	9.0412e-03	9.9096e-01	2.3202e-03	9.9585e-01	1.8294e-03	1.7752e-19	1.6587e-05	3.5052e-02	8.2026e-01	1.4300e-01	3.7369e-04	4.0190e-02	9.5700e-01	1.9776e-03	4.5839e-04	6.0620e-07	1.6039e-26	0.00e+00	0.00e+00	1.2917e+01
1.12686e+16	1.2771e+04	7.288e-14	1.0000e+05	1.0775e+05	1.7397e-15	9.6571e-03	9.9034e-01	2.4334e-03	9.9577e-01	1.7928e-03	2.3051e-19	1.7640e-05	3.6986e-02	8.2630e-01	1.3512e-01	4.3665e-04	4.3560e-02	9.5370e-01	1.8511e-03	4.5494e-04	5.4830e-07	2.1006e-26	0.00e+00	0.00e+00	1.3482e+01
1.13532e+16	1.2780e+04	7.375e-14	1.0000e+05	1.0770e+05	2.0024e-15	1.0285e-02	9.8972e-01	2.5489e-03	9.9569e-01	1.7594e-03	3.0383e-19	1.8717e-05	3.8967e-02	8.3170e-01	1.2782e-01	5.0675e-04	4.7070e-02	9.5024e-01	1.7359e-03	4.5091e-04	4.9756e-07	2.8651e-26	0.00e+00	0.00e+00	1.3978e+01
1.14254e+16	1.2790e+04	7.446e-14	1.0000e+05	1.0765e+05	2.2339e-15	1.0861e-02	9.8914e-01	2.6562e-03	9.9561e-01	1.7337e-03	3.8208e-19	1.9716e-05	4.0795e-02	8.3616e-01	1.2159e-01	5.7718e-04	5.0404e-02	9.4693e-01	1.6445e-03	4.4728e-04	4.5785e-07	3.6601e-26	0.00e+00	0.00e+00	1.4444e+01
1.15034e+16	1.2805e+04	7.524e-14	1.0000e+05	1.0759e+05	2.5389e-15	1.1536e-02	9.8846e-01	2.7803e-03	9.9551e-01	1.7053e-03	4.9656e-19	2.0885e-05	4.2914e-02	8.4094e-01	1.1477e-01	6.6641e-04	5.4366e-02	9.4298e-01	1.5405e-03	4.4312e-04	4.1610e-07	4.8802e-26	0.00e+00	0.00e+00	1.5086e+01
1.15878e+16	1.2816e+04	7.611e-14	1.0000e+05	1.0752e+05	2.9171e-15	1.2347e-02	9.8765e-01	2.9311e-03	9.9540e-01	1.6726e-03	6.6368e-19	2.2284e-05	4.5462e-02	8.4579e-01	1.0745e-01	7.8490e-04	5.9319e-02	9.3802e-01	1.4327e-03	4.3813e-04	3.7387e-07	6.6606e-26	0.00e+00	0.00e+00	1.5715e+01
1.16606e+16	1.2828e+04	7.684e-14	1.0000e+05	1.0743e+05	3.3010e-15	1.3121e-02	9.8688e-01	3.0761e-03	9.9528e-01	1.6470e-03	8.6154e-19	2.3620e-05	4.7893e-02	8.4972e-01	1.0115e-01	9.1005e-04	6.4234e-02	9.3308e-01	1.3426e-03	4.3349e-04	3.3977e-07	8.8019e-26	0.00e+00	0.00e+00	1.6252e+01
1.17222e+16	1.2840e+04	7.746e-14	1.0000e+05	1.0734e+05	3.6602e-15	1.3837e-02	9.8616e-01	3.2101e-03	9.9516e-01	1.6268e-03	1.0778e-18	2.4840e-05	5.0124e-02	8.5290e-01	9.5794e-02	1.0360e-03	6.8894e-02	9.2837e-01	1.2671e-03	4.2932e-04	3.1233e-07	1.1126e-25	0.00e+00	0.00e+00	1.6762e+01
1.17894e+16	1.2841e+04	7.817e-14	1.0000e+05	1.0725e+05	4.1676e-15	1.4678e-02	9.8532e-01	3.3684e-03	9.9503e-01	1.6028e-03	1.4008e-18	2.6285e-05	5.2745e-02	8.5620e-01	8.9935e-02	1.1954e-03	7.4423e-02	9.2277e-01	1.1850e-03	4.2416e-04	2.8384e-07	1.4812e-25	0.00e+00	0.00e+00	1.7466e+01
1.18632e+16	1.2830e+04	7.899e-14	1.0000e+05	1.0717e+05	4.8613e-15	1.5704e-02	9.8430e-01	3.5648e-03	9.9486e-01	1.5742e-03	1.8994e-18	2.8070e-05	5.5961e-02	8.5939e-01	8.3597e-02	1.4099e-03	8.1416e-02	9.1566e-01	1.0978e-03	4.1768e-04	2.5439e-07	2.0691e-25	0.00e+00	0.00e+00	1.8177e+01
1.19286e+16	1.2843e+04	7.962e-14	1.0000e+05	1.0703e+05	5.5902e-15	1.6711e-02	9.8329e-01	3.7560e-03	9.9469e-01	1.5520e-03	2.5212e-18	2.9786e-05	5.9077e-02	8.6187e-01	7.8054e-02	1.6444e-03	8.8602e-02	9.0832e-01	1.0215e-03	4.1191e-04	2.2996e-07	2.8309e-25	0.00e+00	0.00e+00	1.8799e+01
1.19843e+16	1.2823e+04	8.028e-14	1.0000e+05	1.0696e+05	6.3587e-15	1.7662e-02	9.8234e-01	3.9406e-03	9.9453e-01	1.5319e-03	3.2411e-18	3.1434e-05	6.2046e-02	8.6369e-01	7.3318e-02	1.8832e-03	9.5437e-02	9.0132e-01	9.5862e-04	4.0588e-04	2.1006e-07	3.7265e-25	0.00e+00	0.00e+00	1.9382e+01
1.20444e+16	1.2822e+04	8.090e-14	1.0000e+05	1.0686e+05	7.2886e-15	1.8753e-02	9.8125e-01	4.1506e-03	9.9434e-01	1.5113e-03	4.2623e-18	3.3331e-05	6.5430e-02	8.6539e-01	6.8279e-02	2.1827e-03	1.0350e-01	8.9303e-01	8.9070e-04	3.9929e-04	1.8999e-07	5.0335e-25	0.00e+00	0.00e+00	2.0187e+01
1.21107e+16	1.2815e+04	8.161e-14	1.0000e+05	1.0671e+05	8.5386e-15	2.0112e-02	9.7989e-01	4.4118e-03	9.9410e-01	1.4869e-03	5.8506e-18	3.5621e-05	6.9594e-02	8.6673e-01	6.2825e-02	2.5938e-03	1.1384e-01	8.8235e-01	8.1881e-04	3.9123e-04	1.6911e-07	7.1105e-25	0.00e+00	0.00e+00	2.1007e+01
1.21693e+16	1.2796e+04	8.224e-14	1.0000e+05	1.0660e+05	9.8805e-15	2.1456e-02	9.7854e-01	4.6778e-03	9.9386e-01	1.4653e-03	7.8342e-18	3.7954e-05	7.3757e-02	8.6737e-01	5.8076e-02	3.0443e-03	1.2441e-01	8.7141e-01	7.5680e-04	3.8302e-04	1.5169e-07	9.7354e-25	0.00e+00	0.00e+00	2.1721e+01
1.22197e+16	1.2785e+04	8.276e-14	1.0000e+05	1.0647e+05	1.1254e-14	2.2727e-02	9.7727e-01	4.9277e-03	9.9362e-01	1.4481e-03	1.0165e-17	4.0118e-05	7.7651e-02	8.6753e-01	5.4054e-02	3.5094e-03	1.3461e-01	8.6081e-01	7.0431e-04	3.7547e-04	1.3757e-07	1.2903e-24	0.00e+00	0.00e+00	2.2409e+01
1.22748e+16	1.2771e+04	8.332e-14	1.0000e+05	1.0632e+05	1.2990e-14	2.4226e-02	9.7577e-01	5.2244e-03	9.9335e-01	1.4286e-03	1.3555e-17	4.2672e-05	8.2228e-02	8.6731e-01	4.9739e-02	4.1057e-03	1.4679e-01	8.4809e-01	6.4878e-04	3.6658e-04	1.2320e-07	1.7578e-24	0.00e+00	0.00e+00	2.3362e+01
1.23359e+16	1.2745e+04	8.400e-14	1.0000e+05	1.0611e+05	1.5420e-14	2.6140e-02	9.7386e-01	5.6011e-03	9.9299e-01	1.4049e-03	1.9025e-17	4.5824e-05	8.7967e-02	8.6630e-01	4.5058e-02	4.9448e-03	1.6264e-01	8.3147e-01	5.8834e-04	3.5543e-04	1.0799e-07	2.5277e-24	0.00e+00	0.00e+00	2.4350e+01
1.23905e+16	1.2715e+04	8.457e-14	1.0000e+05	1.0594e+05	1.8125e-14	2.8074e-02	9.7193e-01	5.9930e-03	9.9262e-01	1.3840e-03	2.6183e-17	4.9127e-05	9.3818e-02	8.6457e-01	4.0982e-02	5.8885e-03	1.7909e-01	8.1414e-01	5.3615e-04	3.4407e-04	1.1755e-36	3.5539e-24	0.00e+00	0.00e+00	2.5226e+01
1.24379e+16	1.2707e+04	8.494e-14	1.0000e+05	1.0567e+05	2.0793e-14	2.9925e-02	9.7008e-01	6.3631e-03	9.9227e-01	1.3675e-03	3.4657e-17	5.2077e-05	9.9311e-02	8.6254e-01	3.7553e-02	6.8840e-03	1.9521e-01	7.9708e-01	4.9199e-04	3.3378e-04	1.1755e-36	4.7779e-24	0.00e+00	0.00e+00	2.6083e+01
1.24902e+16	1.2667e+04	8.551e-14	1.0000e+05	1.0547e+05	2.4645e-14	3.2208e-02	9.6779e-01	6.8248e-03	9.9183e-01	1.3470e-03	4.8028e-17	5.5832e-05	1.0604e-01	8.5955e-01	3.3843e-02	8.2063e-03	2.1472e-01	7.7630e-01	4.4444e-04	3.2086e-04	1.1755e-36	6.7754e-24	0.00e+00	0.00e+00	2.7284e+01
1.25488e+16	1.2626e+04	8.609e-14	1.0000e+05	1.0520e+05	3.0050e-14	3.5168e-02	9.6483e-01	7.4258e-03	9.9125e-01	1.3236e-03	7.0551e-17	6.0605e-05	1.1465e-01	8.5497e-01	2.9854e-02	1.0114e-02	2.4039e-01	7.4880e-01	3.9364e-04	3.0462e-04	1.1755e-36	1.0199e-23	0.00e+00	0.00e+00	2.8576e+01
1.26029e+16	1.2578e+04	8.661e-14	1.0000e+05	1.0494e+05	3.6659e-14	3.8379e-02	9.6162e-01	8.0903e-03	9.9061e-01	1.3015e-03	1.0319e-16	6.5857e-05	1.2393e-01	8.4929e-01	2.6297e-02	1.2416e-02	2.6821e-01	7.1874e-01	3.4855e-04	2.8743e-04	1.1755e-36	1.5280e-23	0.00e+00	0.00e+00	2.9789e+01
1.26500e+16	1.2549e+04	8.690e-14	1.0000e+05	1.0449e+05	4.3643e-14	4.1585e-02	9.5842e-01	8.7412e-03	9.8997e-01	1.2839e-03	1.4464e-16	7.0586e-05	1.3290e-01	8.4331e-01	2.3339e-02	1.4950e-02	2.9582e-01	6.8865e-01	3.1017e-04	2.7140e-04	1.1755e-36	2.1767e-23	0.00e+00	0.00e+00	3.0945e+01
1.26935e+16	1.2499e+04	8.728e-14	1.0000e+05	1.0418e+05	5.2392e-14	4.5017e-02	9.5498e-01	9.4496e-03	9.8928e-01	1.2659e-03	2.0263e-16	7.5819e-05	1.4240e-01	8.3648e-01	2.0689e-02	1.7875e-02	3.2433e-01	6.5727e-01	2.7608e-04	2.5467e-04	1.1755e-36	3.1205e-23	0.00e+00	0.00e+00	3.2170e+01
1.27431e+16	1.2439e+04	8.766e-14	1.0000e+05	1.0385e+05	6.4859e-14	4.9414e-02	9.5059e-01	1.0371e-02	9.8838e-01	1.2450e-03	2.9933e-16	8.2609e-05	1.5442e-01	8.2733e-01	1.7848e-02	2.1940e-02	3.5948e-01	6.1810e-01	2.4028e-04	2.3438e-04	1.1755e-36	4.7291e-23	0.00e+00	0.00e+00	3.3919e+01
1.27958e+16	1.2382e+04	8.803e-14	1.0000e+05	1.0333e+05	8.3126e-14	5.5238e-02	9.4476e-01	1.1560e-02	9.8722e-01	1.2220e-03	4.6918e-16	9.0652e-05	1.6955e-01	8.1510e-01	1.4981e-02	2.7816e-02	4.0335e-01	5.6842e-01	2.0304e-04	2.0996e-04	1.1755e-36	7.6286e-23	0.00e+00	0.00e+00	3.5639e+01
1.28389e+16	1.2317e+04	8.821e-14	1.0000e+05	1.0274e+05	1.0429e-13	6.1063e-02	9.3894e-01	1.2763e-02	9.8603e-01	1.2036e-03	6.9719e-16	9.8501e-05	1.8427e-01	8.0262e-01	1.2763e-02	3.4178e-02	4.4386e-01	5.2160e-01	1.7402e-04	1.8792e-04	1.1755e-36	1.1634e-22	0.00e+00	0.00e+00	3.7058e+01
1.28713e+16	1.2274e+04	8.805e-14	1.0000e+05	1.0202e+05	1.2414e-13	6.6045e-02	9.3396e-01	1.3796e-02	9.8501e-01	1.1929e-03	9.4162e-16	1.0473e-04	1.9652e-01	7.9193e-01	1.1215e-02	3.9983e-02	4.7616e-01	4.8353e-01	1.5373e-04	1.7095e-04	1.1755e-36	1.5974e-22	0.00e+00	0.00e+00	3.8230e+01
1.29037e+16	1.2208e+04	8.813e-14	1.0000e+05	1.0154e+05	1.5028e-13	7.1725e-02	9.2828e-01	1.4978e-02	9.8384e-01	1.1784e-03	1.2895e-15	1.1193e-04	2.1009e-01	7.7985e-01	9.7406e-03	4.6780e-02	5.0849e-01	4.4445e-01	1.3505e-04	1.5346e-04	1.1755e-36	2.2407e-22	0.00e+00	0.00e+00	3.9884e+01
1.29396e+16	1.2136e+04	8.813e-14	1.0000e+05	1.0089e+05	1.8882e-13	7.9262e-02	9.2074e-01	1.6535e-02	9.8230e-01	1.1629e-03	1.8653e-15	1.2096e-04	2.2731e-01	7.6417e-01	8.2149e-03	5.6164e-02	5.4629e-01	3.9730e-01	1.1537e-04	1.3316e-04	1.1755e-36	3.3375e-22	0.00e+00	0.00e+00	4.1649e+01
1.29712e+16	1.2065e+04	8.796e-14	1.0000e+05	1.0011e+05	2.3532e-13	8.7276e-02	9.1272e-01	1.8189e-02	9.8066e-01	1.1505e-03	2.6338e-15	1.2989e-04	2.4485e-01	7.4790e-01	6.9589e-03	6.6477e-02	5.8053e-01	3.5278e-01	9.9079e-05	1.1478e-04	1.1755e-36	4.8465e-22	0.00e+00	0.00e+00	4.3195e+01
1.29970e+16	1.2014e+04	8.746e-14	1.0000e+05	9.9170e+04	2.8212e-13	9.4615e-02	9.0538e-01	1.9712e-02	9.7914e-01	1.1437e-03	3.4826e-15	1.3726e-04	2.6037e-01	7.3332e-01	6.0252e-03	7.6193e-02	6.0748e-01	3.1614e-01	8.7058e-05	1.0036e-04	1.1755e-36	6.5385e-22	0.00e+00	0.00e+00	4.4604e+01
1.30242e+16	1.1933e+04	8.704e-14	1.0000e+05	9.8270e+04	3.4724e-13	1.0342e-01	8.9658e-01	2.1547e-02	9.7732e-01	1.1341e-03	4.7160e-15	1.4603e-04	2.7828e-01	7.1633e-01	5.1121e-03	8.7882e-02	6.3337e-01	2.7859e-01	7.5619e-05	8.5811e-05	1.1755e-36	9.0846e-22	0.00e+00	0.00e+00	4.6607e+01
1.30539e+16	1.1846e+04	8.633e-14	1.0000e+05	9.7045e+04	4.4377e-13	1.1493e-01	8.8507e-01	2.3943e-02	9.7493e-01	1.1259e-03	6.6894e-15	1.5651e-04	3.0049e-01	6.9503e-01	4.2048e-03	1.0331e-01	6.5973e-01	2.3682e-01	6.4096e-05	7.0288e-05	1.1755e-36	1.3318e-21	0.00e+00	0.00e+00	4.8695e+01
1.30796e+16	1.1754e+04	8.559e-14	1.0000e+05	9.5890e+04	5.6175e-13	1.2714e-01	8.7286e-01	2.6508e-02	9.7237e-01	1.1191e-03	9.2536e-15	1.6690e-04	3.2289e-01	6.7335e-01	3.4816e-03	1.1963e-01	6.7961e-01	2.0064e-01	5.4830e-05	5.7314e-05	1.1755e-36	1.9025e-21	0.00e+00	0.00e+00	5.0514e+01
1.31004e+16	1.1686e+04	8.462e-14	1.0000e+05	9.4716e+04	6.8358e-13	1.3830e-01	8.6170e-01	2.8893e-02	9.6999e-01	1.1165e-03	1.2060e-14	1.7556e-04	3.4260e-01	6.5417e-01	2.9565e-03	1.3455e-01	6.9249e-01	1.7286e-01	4.8156e-05	4.7789e-05	1.1755e-36	2.5488e-21	0.00e+00	0.00e+00	5.2173e+01
1.31223e+16	1.1590e+04	8.352e-14	1.0000e+05	9.3414e+04	8.4848e-13	1.5136e-01	8.4864e-01	3.1722e-02	9.6716e-01	1.1131e-03	1.5918e-14	1.8517e-04	3.6469e-01	6.3258e-01	2.4611e-03	1.5179e-01	7.0178e-01	1.4635e-01	4.1958e-05	3.8987e-05	1.1755e-36	3.4615e-21	0.00e+00	0.00e+00	5.4534e+01
1.31466e+16	1.1488e+04	8.186e-14	1.0000e+05	9.1626e+04	1.0926e-12	1.6832e-01	8.3168e-01	3.5439e-02	9.6345e-01	1.1134e-03	2.1873e-14	1.9608e-04	3.9177e-01	6.0599e-01	1.9777e-03	1.7394e-01	7.0733e-01	1.1866e-01	3.5723e-05	3.0219e-05	1.1755e-36	4.9261e-21	0.00e+00	0.00e+00	5.7072e+01
1.31682e+16	1.1384e+04	8.001e-14	1.0000e+05	8.9781e+04	1.3949e-12	1.8633e-01	8.1367e-01	3.9484e-02	9.5940e-01	1.1159e-03	2.9440e-14	2.0646e-04	4.1898e-01	5.7916e-01	1.5968e-03	1.9705e-01	7.0700e-01	9.5898e-02	3.0659e-05	2.3338e-05	1.1755e-36	6.8626e-21	0.00e+00	0.00e+00	5.9354e+01
1.31862e+16	1.1304e+04	7.805e-14	1.0000e+05	8.8018e+04	1.7160e-12	2.0315e-01	7.9685e-01	4.3396e-02	9.5548e-01	1.1213e-03	3.7730e-14	2.1501e-04	4.4334e-01	5.5508e-01	1.3201e-03	2.1833e-01	7.0260e-01	7.9027e-02	2.6914e-05	1.8476e-05	1.1755e-36	9.0599e-21	0.00e+00	0.00e+00	6.1487e+01
1.32054e+16	1.1193e+04	7.574e-14	1.0000e+05	8.5987e+04	2.1574e-12	2.2275e-01	7.7725e-01	4.8101e-02	9.5077e-01	1.1273e-03	4.8934e-14	2.2411e-04	4.7041e-01	5.2826e-01	1.0652e-03	2.4264e-01	6.9360e-01	6.3724e-02	2.3428e-05	1.4252e-05	1.1755e-36	1.2116e-20	0.00e+00	0.00e+00	6.4527e+01
1.32267e+16	1.1070e+04	7.266e-14	1.0000e+05	8.3372e+04	2.8153e-12	2.4809e-01	7.5191e-01	5.4380e-02	9.4448e-01	1.1389e-03	6.5796e-14	2.3377e-04	5.0316e-01	4.9575e-01	8.2480e-04	2.7342e-01	6.7778e-01	4.8769e-02	1.9894e-05	1.0334e-05	1.1755e-36	1.6891e-20	0.00e+00	0.00e+00	6.7816e+01
1.32456e+16	1.0951e+04	6.941e-14	1.0000e+05	8.0714e+04	3.6214e-12	2.7436e-01	7.2564e-01	6.1230e-02	9.3762e-01	1.1548e-03	8.6313e-14	2.4193e-04	5.3507e-01	4.6401e-01	6.4417e-04	3.0461e-01	6.5800e-01	3.7374e-02	1.7037e-05	7.5134e-06	1.1755e-36	2.2933e-20	0.00e+00	0.00e+00	7.0737e+01
1.32611e+16	1.0851e+04	6.631e-14	1.0000e+05	7.8250e+04	4.4624e-12	2.9802e-01	7.0198e-01	6.7752e-02	9.3108e-01	1.1711e-03	1.0740e-13	2.4768e-04	5.6238e-01	4.3682e-01	5.2004e-04	3.3214e-01	6.3825e-01	2.9581e-02	1.4959e-05	5.6879e-06	1.1755e-36	2.9313e-20	0.00e+00	0.00e+00	7.3389e+01
1.32751e+16	1.0752e+04	6.329e-14	1.0000e+05	7.5918e+04	5.4150e-12	3.2134e-01	6.7866e-01	7.4546e-02	9.2426e-01	1.1892e-03	1.3076e-13	2.5223e-04	5.8806e-01	4.1124e-01	4.2390e-04	3.5880e-01	6.1754e-01	2.3650e-02	1.3252e-05	4.3608e-06	1.1755e-36	3.6561e-20	0.00e+00	0.00e+00	7.6230e+01
1.32912e+16	1.0629e+04	5.953e-14	1.0000e+05	7.3028e+04	6.7629e-12	3.4971e-01	6.5029e-01	8.3294e-02	9.1549e-01	1.2123e-03	1.6245e-13	2.5630e-04	6.1772e-01	3.8167e-01	3.3224e-04	3.9061e-01	5.9126e-01	1.8115e-02	1.1523e-05	3.1837e-06	1.1755e-36	4.6586e-20	0.00e+00	0.00e+00	8.0250e+01
1.33084e+16	1.0503e+04	5.507e-14	1.0000e+05	6.9501e+04	8.6115e-12	3.8321e-01	6.1679e-01	9.4282e-02	9.0447e-01	1.2460e-03	2.0418e-13	2.5846e-04	6.5024e-01	3.4923e-01	2.5376e-04	4.2739e-01	5.5931e-01	1.3283e-02	9.8452e-06	2.2138e-06	1.1755e-36	6.0130e-20	0.00e+00	0.00e+00	8.4148e+01
1.33228e+16	1.0382e+04	5.106e-14	1.0000e+05	6.6349e+04	1.0609e-11	4.1420e-01	5.8580e-01	1.0535e-01	8.9337e-01	1.2802e-03	2.4663e-13	2.5893e-04	6.7858e-01	3.2094e-01	2.0001e-04	4.6072e-01	5.2925e-01	1.0021e-02	8.5614e-06	1.5942e-06	1.1755e-36	7.3978e-20	0.00e+00	0.00e+00	8.7470e+01
1.33345e+16	1.0289e+04	4.764e-14	1.0000e+05	6.3639e+04	1.2556e-11	4.4031e-01	5.5969e-01	1.1549e-01	8.8320e-01	1.3134e-03	2.8623e-13	2.5757e-04	7.0137e-01	2.9819e-01	1.6424e-04	4.8832e-01	5.0378e-01	7.8920e-03	7.6323e-06	1.2096e-06	1.1755e-36	8.7260e-20	0.00e+00	0.00e+00	9.0444e+01
1.33449e+16	1.0195e+04	4.457e-14	1.0000e+05	6.1204e+04	1.4572e-11	4.6448e-01	5.3552e-01	1.2556e-01	8.7310e-01	1.3440e-03	3.2454e-13	2.5615e-04	7.2155e-01	2.7804e-01	1.3749e-04	5.1349e-01	4.8016e-01	6.3370e-03	6.8751e-06	9.3964e-07	1.1755e-36	9.9871e-20	0.00e+00	0.00e+00	9.3390e+01
1.33549e+16	1.0106e+04	4.153e-14	1.0000e+05	5.8720e+04	1.6818e-11	4.8837e-01	5.1163e-01	1.3619e-01	8.6243e-01	1.3775e-03	3.6475e-13	2.5336e-04	7.4063e-01	2.5899e-01	1.1567e-04	5.3804e-01	4.5686e-01	5.0886e-03	6.2066e-06	7.3125e-07	1.1755e-36	1.1318e-19	0.00e+00	0.00e+00	9.6504e+01
1.33648e+16	1.0008e+04	3.855e-14	1.0000e+05	5.6161e+04	1.9404e-11	5.1229e-01	4.8771e-01	1.4753e-01	8.5105e-01	1.4151e-03	4.0655e-13	2.4915e-04	7.5881e-01	2.4083e-01	9.7851e-05	5.6231e-01	4.3361e-01	4.0800e-03	5.6062e-06	5.6916e-07	1.1755e-36	1.2672e-19	0.00e+00	0.00e+00	9.9593e+01
1.33737e+16	9.9306e+03	3.583e-14	1.0000e+05	5.3828e+04	2.1948e-11	5.3443e-01	4.6557e-01	1.5888e-01	8.3967e-01	1.4528e-03	4.4653e-13	2.4481e-04	7.7500e-01	2.2467e-01	8.4147e-05	5.8449e-01	4.1219e-01	3.3131e-03	5.1013e-06	4.4983e-07	1.1755e-36	1.3950e-19	0.00e+00	0.00e+00	1.0242e+02
1.33804e+16	9.8608e+03	3.385e-14	1.0000e+05	5.2068e+04	2.4149e-11	5.5137e-01	4.4863e-01	1.6805e-01	8.3047e-01	1.4822e-03	4.7793e-13	2.4117e-04	7.8678e-01	2.1289e-01	7.5470e-05	6.0128e-01	3.9589e-01	2.8268e-03	4.7463e-06	3.7627e-07	1.1755e-36	1.4933e-19	0.00e+00	0.00e+00	1.0414e+02
1.33847e+16	9.8184e+03	3.257e-14	1.0000e+05	5.0927e+04	2.5613e-11	5.6206e-01	4.3794e-01	1.7430e-01	8.2419e-01	1.5024e-03	4.9793e-13	2.3883e-04	7.9427e-01	2.0541e-01	7.0363e-05	6.1181e-01	3.8563e-01	2.5489e-03	4.5335e-06	3.3511e-07	1.1755e-36	1.5533e-19	0.00e+00	0.00e+00	1.0547e+02
1.33888e+16	9.7753e+03	3.137e-14	1.0000e+05	4.9873e+04	2.7105e-11	5.7226e-01	4.2774e-01	1.8051e-01	8.1797e-01	1.5207e-03	5.1762e-13	2.3628e-04	8.0133e-01	1.9836e-01	6.5802e-05	6.2180e-01	3.7589e-01	2.3088e-03	4.3390e-06	3.0005e-07	1.1755e-36	1.6124e-19	0.00e+00	0.00e+00	1.0706e+02
1.33937e+16	9.7191e+03	2.995e-14	1.0000e+05	4.8609e+04	2.9040e-11	5.8483e-01	4.1517e-01	1.8836e-01	8.1010e-01	1.5423e-03	5.4184e-13	2.3343e-04	8.0976e-01	1.8994e-01	6.0736e-05	6.3404e-01	3.6391e-01	2.0447e-03	4.1096e-06	2.6201e-07	1.1755e-36	1.6829e-19	0.00e+00	0.00e+00	1.0906e+02
1.33991e+16	9.6635e+03	2.841e-14	1.0000e+05	4.7173e+04	3.1264e-11	5.9853e-01	4.0147e-01	1.9715e-01	8.0128e-01	1.5684e-03	5.6849e-13	2.2966e-04	8.1856e-01	1.8114e-01	5.5821e-05	6.4730e-01	3.5091e-01	1.7867e-03	3.8712e-06	2.2553e-07	1.1755e-36	1.7594e-19	0.00e+00	0.00e+00	1.1110e+02
1.34042e+16	9.6077e+03	2.698e-14	1.0000e+05	4.5784e+04	3.3533e-11	6.1146e-01	3.8854e-01	2.0588e-01	7.9253e-01	1.5960e-03	5.9337e-13	2.2570e-04	8.2666e-01	1.7306e-01	5.1663e-05	6.5973e-01	3.3870e-01	1.5700e-03	3.6570e-06	1.9548e-07	1.1755e-36	1.8261e-19	0.00e+00	0.00e+00	1.1298e+02
1.34090e+16	9.5597e+03	2.566e-14	1.0000e+05	4.4473e+04	3.5703e-11	6.2316e-01	3.7684e-01	2.1419e-01	7.8418e-01	1.6241e-03	6.1569e-13	2.2153e-04	8.3386e-01	1.6586e-01	4.8204e-05	6.7091e-01	3.2770e-01	1.3921e-03	3.4714e-06	1.7122e-07	1.1755e-36	1.8819e-19	0.00e+00	0.00e+00	1.1481e+02
1.34137e+16	9.5013e+03	2.440e-14	1.0000e+05	4.3248e+04	3.8122e-11	6.3517e-01	3.6483e-01	2.2317e-01	7.7518e-01	1.6482e-03	6.3932e-13	2.1803e-04	8.4110e-01	1.5863e-01	4.5024e-05	6.8231e-01	3.1645e-01	1.2323e-03	3.2893e-06	1.4970e-07	1.1755e-36	1.9410e-19	0.00e+00	0.00e+00	1.1674e+02
1.34185e+16	9.4528e+03	2.313e-14	1.0000e+05	4.1942e+04	4.0550e-11	6.4684e-01	3.5316e-01	2.3225e-01	7.6607e-01	1.6780e-03	6.6154e-13	2.1367e-04	8.4796e-01	1.5178e-01	4.2170e-05	6.9333e-01	3.0558e-01	1.0892e-03	3.1188e-06	1.3076e-07	1.1755e-36	1.9907e-19	0.00e+00	0.00e+00	1.1869e+02
1.34233e+16	9.3886e+03	2.192e-14	1.0000e+05	4.0714e+04	4.3381e-11	6.5904e-01	3.4096e-01	2.4226e-01	7.5604e-01	1.7029e-03	6.8567e-13	2.0977e-04	8.5494e-01	1.4481e-01	3.9526e-05	7.0479e-01	2.9424e-01	9.5961e-04	2.9483e-06	1.1755e-36	1.1755e-36	2.0452e-19	0.00e+00	0.00e+00	1.2070e+02
1.34281e+16	9.3440e+03	2.074e-14	1.0000e+05	3.9437e+04	4.5958e-11	6.7021e-01	3.2979e-01	2.5186e-01	7.4640e-01	1.7350e-03	7.0635e-13	2.0503e-04	8.6119e-01	1.3856e-01	3.7259e-05	7.1523e-01	2.8392e-01	8.4859e-04	2.7975e-06	1.1755e-36	1.1755e-36	2.0828e-19	0.00e+00	0.00e+00	1.2266e+02
1.34327e+16	9.2813e+03	1.962e-14	1.0000e+05	3.8220e+04	4.9001e-11	6.8158e-01	3.1842e-01	2.6211e-01	7.3613e-01	1.7626e-03	7.2790e-13	2.0076e-04	8.6741e-01	1.3235e-01	3.5199e-05	7.2579e-01	2.7346e-01	7.5020e-04	2.6502e-06	1.1755e-36	1.1755e-36	2.1201e-19	0.00e+00	0.00e+00	1.2469e+02
1.34374e+16	9.2219e+03	1.854e-14	1.0000e+05	3.7035e+04	5.2140e-11	6.9292e-01	3.0708e-01	2.7287e-01	7.2534e-01	1.7899e-03	7.4941e-13	1.9655e-04	8.7344e-01	1.2633e-01	3.3331e-05	7.3626e-01	2.6307e-01	6.6223e-04	2.5085e-06	1.1755e-36	1.1755e-36	2.1550e-19	0.00e+00	0.00e+00	1.2673e+02
1.34420e+16	9.1653e+03	1.750e-14	1.0000e+05	3.5857e+04	5.5336e-11	7.0371e-01	2.9629e-01	2.8364e-01	7.1454e-01	1.8191e-03	7.6919e-13	1.9205e-04	8.7904e-01	1.2073e-01	3.1696e-05	7.4619e-01	2.5322e-01	5.8621e-04	2.3782e-06	1.1755e-36	1.1755e-36	2.1799e-19	0.00e+00	0.00e+00	1.2875e+02
1.34466e+16	9.1113e+03	1.651e-14	1.0000e+05	3.4686e+04	5.8608e-11	7.1407e-01	2.8593e-01	2.9445e-01	7.0370e-01	1.8498e-03	7.8751e-13	1.8737e-04	8.8430e-01	1.1548e-01	3.0250e-05	7.5567e-01	2.4381e-01	5.1994e-04	2.2572e-06	1.1755e-36	1.1755e-36	2.1959e-19	0.00e+00	0.00e+00	1.3079e+02
1.34512e+16	9.0434e+03	1.556e-14	1.0000e+05	3.3571e+04	6.2413e-11	7.2481e-01	2.7519e-01	3.0629e-01	6.9184e-01	1.8756e-03	8.0716e-13	1.8304e-04	8.8960e-01	1.1018e-01	2.8906e-05	7.6545e-01	2.3409e-01	4.5994e-04	2.1362e-06	1.1755e-36	1.1755e-36	2.2137e-19	0.00e+00	0.00e+00	1.3292e+02
1.34557e+16	8.9918e+03	1.464e-14	1.0000e+05	3.2420e+04	6.5939e-11	7.3473e-01	2.6527e-01	3.1775e-01	6.8034e-01	1.9086e-03	8.2353e-13	1.7816e-04	8.9438e-01	1.0542e-01	2.7739e-05	7.7443e-01	2.2516e-01	4.0817e-04	2.0274e-06	1.1755e-36	1.1755e-36	2.2151e-19	0.00e+00	0.00e+00	1.3500e+02
1.34602e+16	8.9201e+03	1.378e-14	1.0000e+05	3.1353e+04	7.0214e-11	7.4495e-01	2.5505e-01	3.3018e-01	6.6788e-01	1.9332e-03	8.4146e-13	1.7383e-04	8.9916e-01	1.0063e-01	2.6668e-05	7.8365e-01	2.1599e-01	3.6215e-04	1.9193e-06	1.1755e-36	1.1755e-36	2.2199e-19	0.00e+00	0.00e+00	1.3714e+02
1.34647e+16	8.8708e+03	1.294e-14	1.0000e+05	3.0257e+04	7.3954e-11	7.5424e-01	2.4576e-01	3.4213e-01	6.5590e-01	1.9663e-03	8.5570e-13	1.6887e-04	9.0342e-01	9.6386e-02	2.5739e-05	7.9199e-01	2.0769e-01	3.2254e-04	1.8233e-06	1.1755e-36	1.1755e-36	2.2081e-19	0.00e+00	0.00e+00	1.3924e+02
1.34692e+16	8.7991e+03	1.215e-14	1.0000e+05	2.9201e+04	7.8649e-11	7.6378e-01	2.3622e-01	3.5494e-01	6.4306e-01	1.9932e-03	8.7080e-13	1.6431e-04	9.0767e-01	9.2142e-02	2.4885e-05	8.0052e-01	1.9919e-01	2.8722e-04	1.7279e-06	1.1755e-36	1.1755e-36	2.1947e-19	0.00e+00	0.00e+00	1.4145e+02
1.34737e+16	8.7316e+03	1.140e-14	1.0000e+05	2.8178e+04	8.3449e-11	7.7320e-01	2.2680e-01	3.6828e-01	6.2970e-01	2.0188e-03	8.8558e-13	1.5987e-04	9.1173e-01	8.8089e-02	2.4110e-05	8.0891e-01	1.9083e-01	2.5583e-04	1.6361e-06	1.1755e-36	1.1755e-36	2.1787e-19	0.00e+00	0.00e+00	1.4364e+02
1.34782e+16	8.6674e+03	1.069e-14	1.0000e+05	2.7179e+04	8.8302e-11	7.8200e-01	2.1800e-01	3.8142e-01	6.1654e-01	2.0458e-03	8.9833e-13	1.5530e-04	9.1542e-01	8.4402e-02	2.3435e-05	8.1672e-01	1.8305e-01	2.2909e-04	1.5526e-06	1.1755e-36	1.1755e-36	2.1534e-19	0.00e+00	0.00e+00	1.4579e+02
1.34825e+16	8.6047e+03	1.002e-14	1.0000e+05	2.6199e+04	9.3320e-11	7.9040e-01	2.0960e-01	3.9458e-01	6.0335e-01	2.0730e-03	9.0975e-13	1.5071e-04	9.1885e-01	8.0974e-02	2.2834e-05	8.2413e-01	1.7566e-01	2.0586e-04	1.4748e-06	1.1755e-36	1.1755e-36	2.1213e-19	0.00e+00	0.00e+00	1.4798e+02
1.34870e+16	8.5283e+03	9.384e-15	1.0000e+05	2.5257e+04	9.9237e-11	7.9903e-01	2.0097e-01	4.0881e-01	5.8910e-01	2.0942e-03	9.2204e-13	1.4637e-04	9.2228e-01	7.7554e-02	2.2275e-05	8.3173e-01	1.6809e-01	1.8492e-04	1.3970e-06	1.1755e-36	1.1755e-36	2.0892e-19	0.00e+00	0.00e+00	1.5025e+02
1.34914e+16	8.4655e+03	8.774e-15	1.0000e+05	2.4301e+04	1.0482e-10	8.0698e-01	1.9302e-01	4.2260e-01	5.7528e-01	2.1218e-03	9.3149e-13	1.4171e-04	9.2532e-01	7.4513e-02	2.1784e-05	8.3870e-01	1.6113e-01	1.6687e-04	1.3267e-06	1.1755e-36	1.1755e-36	2.0448e-19	0.00e+00	0.00e+00	1.5248e+02
1.34958e+16	8.3866e+03	8.206e-15	1.0000e+05	2.3412e+04	1.1149e-10	8.1501e-01	1.8499e-01	4.3727e-01	5.6059e-01	2.1401e-03	9.4197e-13	1.3748e-04	9.2832e-01	7.1519e-02	2.1336e-05	8.4572e-01	1.5413e-01	1.5101e-04	1.2575e-06	1.1755e-36	1.1755e-36	2.0032e-19	0.00e+00	0.00e+00	1.5477e+02
1.35002e+16	8.3209e+03	7.666e-15	1.0000e+05	2.2513e+04	1.1781e-10	8.2240e-01	1.7760e-01	4.5151e-01	5.4633e-01	2.1645e-03	9.4985e-13	1.3293e-04	9.3098e-01	6.8863e-02	2.0942e-05	8.5215e-01	1.4771e-01	1.3734e-04	1.1950e-06	1.1755e-36	1.1755e-36	1.9509e-19	0.00e+00	0.00e+00	1.5703e+02
1.35046e+16	8.2385e+03	7.166e-15	1.0000e+05	2.1679e+04	1.2545e-10	8.2984e-01	1.7016e-01	4.6647e-01	5.3135e-01	2.1787e-03	9.5875e-13	1.2892e-04	9.3358e-01	6.6270e-02	2.0583e-05	8.5860e-01	1.4127e-01	1.2538e-04	1.1335e-06	1.1755e-36	1.1755e-36	1.9021e-19	0.00e+00	0.00e+00	1.5931e+02
1.35089e+16	8.1757e+03	6.691e-15	1.0000e+05	2.0841e+04	1.3222e-10	8.3655e-01	1.6345e-01	4.8091e-01	5.1689e-01	2.2005e-03	9.6494e-13	1.2455e-04	9.3585e-01	6.4001e-02	2.0266e-05	8.6441e-01	1.3547e-01	1.1508e-04	1.0789e-06	1.1755e-36	1.1755e-36	1.8439e-19	0.00e+00	0.00e+00	1.6159e+02
1.35132e+16	8.0928e+03	6.252e-15	1.0000e+05	2.0046e+04	1.4079e-10	8.4327e-01	1.5673e-01	4.9584e-01	5.0194e-01	2.2136e-03	9.7168e-13	1.2054e-04	9.3804e-01	6.1814e-02	1.9981e-05	8.7021e-01	1.2969e-01	1.0614e-04	1.0254e-06	1.1755e-36	1.1755e-36	1.7865e-19	0.00e+00	0.00e+00	1.6388e+02
1.35176e+16	8.0130e+03	5.838e-15	1.0000e+05	1.9287e+04	1.4964e-10	8.4977e-01	1.5023e-01	5.1110e-01	4.8668e-01	2.2229e-03	9.7830e-13	1.1672e-04	9.4010e-01	5.9765e-02	1.9721e-05	8.7580e-01	1.2410e-01	9.8279e-05	9.7457e-07	1.1755e-36	1.1755e-36	1.7299e-19	0.00e+00	0.00e+00	1.6620e+02
1.35219e+16	7.9343e+03	5.444e-15	1.0000e+05	1.8532e+04	1.5902e-10	8.5599e-01	1.4401e-01	5.2650e-01	4.7127e-01	2.2326e-03	9.8399e-13	1.1279e-04	9.4199e-01	5.7875e-02	1.9485e-05	8.8114e-01	1.1877e-01	9.1380e-05	9.2663e-07	1.1755e-36	1.1755e-36	1.6689e-19	0.00e+00	0.00e+00	1.6858e+02
1.35263e+16	7.8523e+03	5.077e-15	1.0000e+05	1.7802e+04	1.6928e-10	8.6195e-01	1.3805e-01	5.4191e-01	4.5585e-01	2.2394e-03	9.8920e-13	1.0896e-04	9.4372e-01	5.6149e-02	1.9274e-05	8.8623e-01	1.1368e-01	8.5427e-05	8.8153e-07	1.1755e-36	1.1755e-36	1.6069e-19	0.00e+00	0.00e+00	1.7094e+02
1.35306e+16	7.7717e+03	4.741e-15	1.0000e+05	1.7116e+04	1.8002e-10	8.6750e-01	1.3250e-01	5.5708e-01	4.4068e-01	2.2429e-03	9.9396e-13	1.0532e-04	9.4528e-01	5.4598e-02	1.9088e-05	8.9097e-01	1.0895e-01	8.0380e-05	8.4014e-07	1.1755e-36	1.1755e-36	1.5461e-19	0.00e+00	0.00e+00	1.7325e+02
1.35348e+16	7.6909e+03	4.431e-15	1.0000e+05	1.6464e+04	1.9144e-10	8.7273e-01	1.2727e-01	5.7215e-01	4.2561e-01	2.2427e-03	9.9845e-13	1.0184e-04	9.4669e-01	5.3184e-02	1.8923e-05	8.9542e-01	1.0450e-01	7.6050e-05	8.0166e-07	1.1755e-36	1.1755e-36	1.4865e-19	0.00e+00	0.00e+00	1.7557e+02
1.35390e+16	7.5987e+03	4.141e-15	1.0000e+05	1.5827e+04	2.0509e-10	8.7783e-01	1.2217e-01	5.8732e-01	4.1045e-01	2.2380e-03	1.0029e-12	9.8391e-05	9.4802e-01	5.1865e-02	1.8776e-05	8.9976e-01	1.0017e-01	7.2300e-05	7.6475e-07	1.1755e-36	1.1755e-36	1.4265e-19	0.00e+00	0.00e+00	1.7792e+02
1.35432e+16	7.5198e+03	3.870e-15	1.0000e+05	1.5221e+04	2.1796e-10	8.8256e-01	1.1744e-01	6.0239e-01	3.9538e-01	2.2324e-03	1.0069e-12	9.5132e-05	9.4919e-01	5.0696e-02	1.8641e-05	9.0377e-01	9.6162e-02	6.9025e-05	7.3083e-07	1.1755e-36	1.1755e-36	1.3678e-19	0.00e+00	0.00e+00	1.8028e+02
1.35475e+16	7.4271e+03	3.619e-15	1.0000e+05	1.4636e+04	2.3378e-10	8.8717e-01	1.1283e-01	6.1750e-01	3.8028e-01	2.2204e-03	1.0113e-12	9.1917e-05	9.5028e-01	4.9608e-02	1.8523e-05	9.0767e-01	9.2262e-02	6.6225e-05	6.9827e-07	1.1755e-36	1.1755e-36	1.3107e-19	0.00e+00	0.00e+00	1.8266e+02
1.35517e+16	7.3444e+03	3.385e-15	1.0000e+05	1.4081e+04	2.4923e-10	8.9145e-01	1.0855e-01	6.3250e-01	3.6529e-01	2.2066e-03	1.0154e-12	8.8887e-05	9.5125e-01	4.8642e-02	1.8415e-05	9.1129e-01	8.8648e-02	6.3786e-05	6.6828e-07	1.1755e-36	1.1755e-36	1.2555e-19	0.00e+00	0.00e+00	1.8505e+02
1.35560e+16	7.2688e+03	3.166e-15	1.0000e+05	1.3536e+04	2.6466e-10	8.9537e-01	1.0463e-01	6.4718e-01	3.5063e-01	2.1934e-03	1.0189e-12	8.5813e-05	9.5209e-01	4.7804e-02	1.8317e-05	9.1459e-01	8.5347e-02	6.1674e-05	6.4106e-07	1.1755e-36	1.1755e-36	1.1997e-19	0.00e+00	0.00e+00	1.8749e+02
1.35603e+16	7.1750e+03	2.963e-15	1.0000e+05	1.3020e+04	2.8454e-10	8.9929e-01	1.0071e-01	6.6202e-01	3.3581e-01	2.1704e-03	1.0233e-12	8.2954e-05	9.5288e-01	4.7014e-02	1.8233e-05	9.1789e-01	8.2048e-02	5.9891e-05	6.1423e-07	1.1755e-36	1.1755e-36	1.1482e-19	0.00e+00	0.00e+00	1.8992e+02
1.35646e+16	7.0843e+03	2.776e-15	1.0000e+05	1.2531e+04	3.0551e-10	9.0294e-01	9.7059e-02	6.7669e-01	3.2116e-01	2.1437e-03	1.0279e-12	8.0214e-05	9.5359e-01	4.6312e-02	1.8158e-05	9.2096e-01	7.8978e-02	5.8365e-05	5.8946e-07	1.1755e-36	1.1755e-36	1.0992e-19	0.00e+00	0.00e+00	1.9239e+02
1.35690e+16	6.9932e+03	2.600e-15	1.0000e+05	1.2057e+04	3.2841e-10	9.0641e-01	9.3587e-02	6.9135e-01	3.0654e-01	2.1131e-03	1.0328e-12	7.7545e-05	9.5422e-01	4.5685e-02	1.8091e-05	9.2388e-01	7.6065e-02	5.7050e-05	5.6612e-07	1.1755e-36	1.1755e-36	1.0522e-19	0.00e+00	0.00e+00	1.9492e+02
1.35735e+16	6.9007e+03	2.435e-15	1.0000e+05	1.1601e+04	3.5371e-10	9.0972e-01	9.0280e-02	7.0597e-01	2.9196e-01	2.0780e-03	1.0380e-12	7.4954e-05	9.5478e-01	4.5130e-02	1.8032e-05	9.2665e-01	7.3292e-02	5.5923e-05	5.4406e-07	1.1755e-36	1.1755e-36	1.0075e-19	0.00e+00	0.00e+00	1.9751e+02
1.35780e+16	6.8072e+03	2.281e-15	1.0000e+05	1.1163e+04	3.8161e-10	9.1284e-01	8.7157e-02	7.2046e-01	2.7750e-01	2.0383e-03	1.0437e-12	7.2464e-05	9.5526e-01	4.4646e-02	1.7980e-05	9.2927e-01	7.0678e-02	5.4973e-05	5.2341e-07	1.1755e-36	1.1755e-36	9.6560e-20	0.00e+00	0.00e+00	2.0015e+02
1.35826e+16	6.7130e+03	2.138e-15	1.0000e+05	1.0746e+04	4.1235e-10	9.1578e-01	8.4218e-02	7.3481e-01	2.6320e-01	1.9939e-03	1.0498e-12	7.0075e-05	9.5568e-01	4.4227e-02	1.7935e-05	9.3173e-01	6.8220e-02	5.4178e-05	5.0412e-07	1.1755e-36	1.1755e-36	9.2670e-20	0.00e+00	0.00e+00	2.0286e+02
1.35874e+16	6.6115e+03	2.005e-15	1.0000e+05	1.0352e+04	4.4857e-10	9.1866e-01	8.1337e-02	7.4919e-01	2.4887e-01	1.9409e-03	1.0570e-12	6.7839e-05	9.5607e-01	4.3846e-02	1.7898e-05	9.3413e-01	6.5814e-02	5.3532e-05	4.8541e-07	1.1755e-36	1.1755e-36	8.9250e-20	0.00e+00	0.00e+00	2.0566e+02
1.35923e+16	6.5140e+03	1.880e-15	1.0000e+05	9.9654e+03	4.8719e-10	9.2131e-01	7.8687e-02	7.6345e-01	2.3467e-01	1.8861e-03	1.0645e-12	6.5608e-05	9.5638e-01	4.3533e-02	1.7864e-05	9.3635e-01	6.3600e-02	5.2987e-05	4.6824e-07	1.1755e-36	1.1755e-36	8.5947e-20	0.00e+00	0.00e+00	2.0861e+02
1.35975e+16	6.4156e+03	1.763e-15	1.0000e+05	9.5942e+03	5.3017e-10	9.2381e-01	7.6185e-02	7.7753e-01	2.2064e-01	1.8266e-03	1.0727e-12	6.3454e-05	9.5663e-01	4.3285e-02	1.7836e-05	9.3843e-01	6.1512e-02	5.2550e-05	4.5215e-07	1.1755e-36	1.1755e-36	8.2959e-20	0.00e+00	0.00e+00	2.1166e+02
1.36028e+16	6.3176e+03	1.655e-15	1.0000e+05	9.2443e+03	5.7748e-10	9.2614e-01	7.3865e-02	7.9132e-01	2.0691e-01	1.7626e-03	1.0817e-12	6.1416e-05	9.5683e-01	4.3090e-02	1.7814e-05	9.4037e-01	5.9576e-02	5.2215e-05	4.3732e-07	1.1755e-36	1.1755e-36	8.0354e-20	0.00e+00	0.00e+00	2.1482e+02
1.36084e+16	6.2191e+03	1.555e-15	1.0000e+05	8.9114e+03	6.3006e-10	9.2830e-01	7.1696e-02	8.0490e-01	1.9341e-01	1.6939e-03	1.0914e-12	5.9471e-05	9.5699e-01	4.2935e-02	1.7796e-05	9.4218e-01	5.7768e-02	5.1965e-05	4.2353e-07	1.1755e-36	1.1755e-36	7.8114e-20	0.00e+00	0.00e+00	2.1816e+02
1.36143e+16	6.1196e+03	1.461e-15	1.0000e+05	8.5919e+03	6.8890e-10	9.3035e-01	6.9647e-02	8.1832e-01	1.8006e-01	1.6204e-03	1.1023e-12	5.7598e-05	9.5710e-01	4.2820e-02	1.7782e-05	9.4389e-01	5.6060e-02	5.1789e-05	4.1058e-07	1.1755e-36	1.1755e-36	7.6230e-20	0.00e+00	0.00e+00	2.2175e+02
1.36206e+16	6.0196e+03	1.373e-15	1.0000e+05	8.2867e+03	7.5452e-10	9.3228e-01	6.7724e-02	8.3152e-01	1.6694e-01	1.5426e-03	1.1142e-12	5.5804e-05	9.5718e-01	4.2747e-02	1.7772e-05	9.4549e-01	5.4457e-02	5.1681e-05	3.9847e-07	1.1755e-36	1.1755e-36	7.4730e-20	0.00e+00	0.00e+00	2.2562e+02
1.36275e+16	5.9198e+03	1.292e-15	1.0000e+05	7.9974e+03	8.2719e-10	9.3406e-01	6.5941e-02	8.4445e-01	1.5409e-01	1.4605e-03	1.1271e-12	5.4100e-05	9.5722e-01	4.2710e-02	1.7765e-05	9.4698e-01	5.2970e-02	5.1634e-05	3.8729e-07	1.1755e-36	1.1755e-36	7.3638e-20	0.00e+00	0.00e+00	2.2983e+02
1.36350e+16	5.8202e+03	1.218e-15	1.0000e+05	7.7243e+03	9.0760e-10	9.3571e-01	6.4287e-02	8.5703e-01	1.4160e-01	1.3751e-03	1.1413e-12	5.2489e-05	9.5723e-01	4.2698e-02	1.7761e-05	9.4836e-01	5.1591e-02	5.1642e-05	3.7697e-07	1.1755e-36	1.1755e-36	7.2981e-20	0.00e+00	0.00e+00	2.3450e+02
1.36434e+16	5.7213e+03	1.148e-15	1.0000e+05	7.4668e+03	9.9606e-10	9.3724e-01	6.2756e-02	8.6918e-01	1.2953e-01	1.2873e-03	1.1566e-12	5.0970e-05	9.5723e-01	4.2703e-02	1.7759e-05	9.4963e-01	5.0313e-02	5.1697e-05	3.6744e-07	1.1755e-36	1.1755e-36	7.2769e-20	0.00e+00	0.00e+00	2.3978e+02
1.36530e+16	5.6236e+03	1.085e-15	1.0000e+05	7.2259e+03	1.0926e-09	9.3865e-01	6.1346e-02	8.8081e-01	1.1799e-01	1.1981e-03	1.1731e-12	4.9550e-05	9.5722e-01	4.2711e-02	1.7757e-05	9.5081e-01	4.9135e-02	5.1793e-05	3.5868e-07	1.1755e-36	1.1755e-36	7.3019e-20	0.00e+00	0.00e+00	2.4593e+02
1.36642e+16	5.5304e+03	1.029e-15	1.0000e+05	7.0075e+03	1.1939e-09	9.3991e-01	6.0091e-02	8.9154e-01	1.0735e-01	1.1113e-03	1.1901e-12	4.8264e-05	9.5720e-01	4.2730e-02	1.7756e-05	9.5186e-01	4.8086e-02	5.1917e-05	3.5089e-07	1.1755e-36	1.1755e-36	7.3696e-20	0.00e+00	0.00e+00	2.5304e+02
1.36762e+16	5.4583e+03	9.853e-16	1.0000e+05	6.8304e+03	1.2787e-09	9.4081e-01	5.9188e-02	9.0013e-01	9.8833e-02	1.0398e-03	1.2045e-12	4.7197e-05	9.5707e-01	4.2861e-02	1.7751e-05	9.5262e-01	4.7328e-02	5.2021e-05	3.4523e-07	1.1755e-36	1.1755e-36	7.4316e-20	0.00e+00	0.00e+00	2.6011e+02
1.36880e+16	5.3973e+03	9.538e-16	1.0000e+05	6.7051e+03	1.3552e-09	9.4153e-01	5.8471e-02	9.0664e-01	9.2380e-02	9.8157e-04	1.2168e-12	4.6465e-05	9.5698e-01	4.2955e-02	1.7746e-05	9.5322e-01	4.6727e-02	5.2134e-05	3.4077e-07	1.1755e-36	1.1755e-36	7.5323e-20	0.00e+00	0.00e+00	2.6715e+02
1.36999e+16	5.3522e+03	9.309e-16	1.0000e+05	6.6171e+03	1.4144e-09	9.4209e-01	5.7908e-02	9.1150e-01	8.7564e-02	9.3604e-04	1.2265e-12	4.5954e-05	9.5692e-01	4.3012e-02	1.7738e-05	9.5369e-01	4.6257e-02	5.2214e-05	3.3724e-07	1.1755e-36	1.1755e-36	7.6245e-20	0.00e+00	0.00e+00	2.7416e+02
1.37116e+16	5.3119e+03	9.138e-16	1.0000e+05	6.5457e+03	1.4698e-09	9.4251e-01	5.7491e-02	9.1504e-01	8.4056e-02	9.0230e-04	1.2349e-12	4.5549e-05	9.5687e-01	4.3069e-02	1.7730e-05	9.5404e-01	4.5908e-02	5.2303e-05	3.3462e-07	1.1755e-36	1.1755e-36	7.7224e-20	0.00e+00	0.00e+00	2.8116e+02
1.37234e+16	5.2901e+03	9.011e-16	1.0000e+05	6.4943e+03	1.5003e-09	9.4277e-01	5.7230e-02	9.1762e-01	8.1498e-02	8.7764e-04	1.2402e-12	4.5244e-05	9.5685e-01	4.3091e-02	1.7715e-05	9.5426e-01	4.5687e-02	5.2327e-05	3.3289e-07	1.1755e-36	1.1755e-36	7.7621e-20	0.00e+00	0.00e+00	2.8814e+02
1.37351e+16	5.2723e+03	8.915e-16	1.0000e+05	6.4552e+03	1.5258e-09	9.4298e-01	5.7015e-02	9.1953e-01	7.9607e-02	8.5879e-04	1.2445e-12	4.5012e-05	9.5683e-01	4.3102e-02	1.7701e-05	9.5444e-01	4.5508e-02	5.2348e-05	3.3147e-07	1.1755e-36	1.1755e-36	7.8005e-20	0.00e+00	0.00e+00	2.9511e+02
1.37468e+16	5.2591e+03	8.841e-16	1.0000e+05	6.4246e+03	1.5449e-09	9.4315e-01	5.6854e-02	9.2094e-01	7.8212e-02	8.4462e-04	1.2477e-12	4.4830e-05	9.5684e-01	4.3101e-02	1.7685e-05	9.5457e-01	4.5373e-02	5.2357e-05	3.3037e-07	1.1755e-36	1.1755e-36	7.8279e-20	0.00e+00	0.00e+00	3.0207e+02
1.37585e+16	5.2482e+03	8.784e-16	1.0000e+05	6.4024e+03	1.5610e-09	9.4330e-01	5.6700e-02	9.2201e-01	7.7155e-02	8.3316e-04	1.2505e-12	4.4696e-05	9.5685e-01	4.3088e-02	1.7668e-05	9.5470e-01	4.5246e-02	5.2362e-05	3.2932e-07	1.1755e-36	1.1755e-36	7.8567e-20	0.00e+00	0.00e+00	3.0903e+02
1.37702e+16	5.2412e+03	8.739e-16	1.0000e+05	6.3868e+03	1.5712e-09	9.4343e-01	5.6570e-02	9.2283e-01	7.6350e-02	8.2394e-04	1.2524e-12	4.4607e-05	9.5688e-01	4.3061e-02	1.7650e-05	9.5481e-01	4.5138e-02	5.2352e-05	3.2840e-07	1.1755e-36	1.1755e-36	7.8745e-20	0.00e+00	0.00e+00	3.1598e+02
1.37836e+16	5.2226e+03	8.684e-16	1.0000e+05	6.3711e+03	1.5995e-09	9.4366e-01	5.6338e-02	9.2360e-01	7.5589e-02	8.1369e-04	1.2566e-12	4.4550e-05	9.5712e-01	4.2819e-02	1.7632e-05	9.5500e-01	4.4944e-02	5.2386e-05	3.2686e-07	1.1755e-36	1.1755e-36	7.9557e-20	0.00e+00	0.00e+00	3.2503e+02
1.38010e+16	5.2098e+03	8.618e-16	1.0000e+05	6.3441e+03	1.6190e-09	9.4383e-01	5.6168e-02	9.2418e-01	7.5013e-02	8.0694e-04	1.2601e-12	4.4408e-05	9.5740e-01	4.2540e-02	1.7605e-05	9.5515e-01	4.4802e-02	5.2388e-05	3.2564e-07	1.1755e-36	1.1755e-36	7.9906e-20	0.00e+00	0.00e+00	3.3679e+02
1.38237e+16	5.1965e+03	8.550e-16	1.0000e+05	6.3207e+03	1.6397e-09	9.4405e-01	5.5950e-02	9.2475e-01	7.4448e-02	7.9889e-04	1.2639e-12	4.4296e-05	9.5775e-01	4.2189e-02	1.7568e-05	9.5533e-01	4.4622e-02	5.2379e-05	3.2407e-07	1.1755e-36	1.1755e-36	8.0363e-20	0.00e+00	0.00e+00	3.5208e+02
1.38532e+16	5.1810e+03	8.478e-16	1.0000e+05	6.2965e+03	1.6642e-09	9.4429e-01	5.5708e-02	9.2529e-01	7.3922e-02	7.9010e-04	1.2682e-12	4.4187e-05	9.5816e-01	4.1774e-02	1.7521e-05	9.5553e-01	4.4421e-02	5.2364e-05	3.2229e-07	1.1755e-36	1.1755e-36	8.0951e-20	0.00e+00	0.00e+00	3.7196e+02
1.38916e+16	5.1623e+03	8.392e-16	1.0000e+05	6.2547e+03	1.6945e-09	9.4444e-01	5.5565e-02	9.2565e-01	7.3561e-02	7.8380e-04	1.2733e-12	4.3979e-05	9.5862e-01	4.1316e-02	1.7462e-05	9.5565e-01	4.4298e-02	5.2354e-05	3.2101e-07	1.1755e-36	1.1755e-36	8.1445e-20	0.00e+00	0.00e+00	3.9781e+02
1.39414e+16	5.1372e+03	8.297e-16	1.0000e+05	6.2194e+03	1.7357e-09	9.4476e-01	5.5242e-02	9.2620e-01	7.3025e-02	7.7244e-04	1.2800e-12	4.3825e-05	9.5922e-01	4.0720e-02	1.7384e-05	9.5592e-01	4.4028e-02	5.2337e-05	3.1854e-07	1.1755e-36	1.1755e-36	8.2480e-20	0.00e+00	0.00e+00	4.3143e+02
1.40062e+16	5.1155e+03	8.193e-16	1.0000e+05	6.2028e+03	1.7711e-09	9.4535e-01	5.4651e-02	9.2711e-01	7.2141e-02	7.5320e-04	1.2868e-12	4.3788e-05	9.5996e-01	3.9980e-02	1.7276e-05	9.5640e-01	4.3546e-02	5.2251e-05	3.1428e-07	1.1755e-36	1.1755e-36	8.3717e-20	0.00e+00	0.00e+00	4.7516e+02
1.40905e+16	5.0877e+03	8.051e-16	1.0000e+05	6.1251e+03	1.8185e-09	9.4552e-01	5.4483e-02	9.2757e-01	7.1683e-02	7.4335e-04	1.2950e-12	4.3360e-05	9.6062e-01	3.9318e-02	1.7148e-05	9.5655e-01	4.3401e-02	5.2187e-05	3.1242e-07	1.1755e-36	1.1755e-36	8.4295e-20	0.00e+00	0.00e+00	5.3201e+02
1.42000e+16	5.0559e+03	7.891e-16	1.0000e+05	6.0622e+03	1.8730e-09	9.4605e-01	5.3948e-02	9.2851e-01	7.0763e-02	7.2330e-04	1.3051e-12	4.3039e-05	9.6147e-01	3.8474e-02	1.6974e-05	9.5699e-01	4.2959e-02	5.2058e-05	3.0807e-07	1.1755e-36	1.1755e-36	8.5503e-20	0.00e+00	0.00e+00	6.0597e+02
1.43424e+16	5.0208e+03	7.700e-16	1.0000e+05	5.9884e+03	1.9338e-09	9.4672e-01	5.3283e-02	9.2969e-01	6.9615e-02	6.9844e-04	1.3168e-12	4.2654e-05	9.6239e-01	3.7550e-02	1.6750e-05	9.5754e-01	4.2409e-02	5.1864e-05	3.0260e-07	1.1755e-36	1.1755e-36	8.6845e-20	0.00e+00	0.00e+00	7.0218e+02
1.45275e+16	4.9703e+03	7.472e-16	1.0000e+05	5.8946e+03	2.0209e-09	9.4755e-01	5.2447e-02	9.3112e-01	6.8212e-02	6.6819e-04	1.3301e-12	4.2169e-05	9.6347e-01	3.6471e-02	1.6468e-05	9.5823e-01	4.1720e-02	5.1650e-05	2.9580e-07	1.1755e-36	1.1755e-36	8.8150e-20	0.00e+00	0.00e+00	8.2737e+02
1.47682e+16	4.9065e+03	7.200e-16	1.0000e+05	5.7783e+03	2.1313e-09	9.4855e-01	5.1450e-02	9.3284e-01	6.6523e-02	6.3243e-04	1.3439e-12	4.1559e-05	9.6474e-01	3.5204e-02	1.6113e-05	9.5905e-01	4.0895e-02	5.1378e-05	2.8759e-07	1.1755e-36	1.1755e-36	8.9021e-20	0.00e+00	0.00e+00	9.9028e+02
1.50810e+16	4.8213e+03	6.878e-16	1.0000e+05	5.6213e+03	2.2825e-09	9.4965e-01	5.0347e-02	9.3476e-01	6.4643e-02	5.9340e-04	1.3611e-12	4.0698e-05	9.6612e-01	3.3823e-02	1.5671e-05	9.5997e-01	3.9980e-02	5.1066e-05	2.7826e-07	1.1755e-36	1.1755e-36	8.9910e-20	0.00e+00	0.00e+00	1.2023e+03
1.54877e+16	4.7317e+03	6.514e-16	1.0000e+05	5.4698e+03	2.4426e-09	9.5117e-01	4.8828e-02	9.3738e-01	6.2075e-02	5.4297e-04	1.3795e-12	3.9902e-05	9.6773e-01	3.2217e-02	1.5110e-05	9.6122e-01	3.8730e-02	5.0572e-05	2.6586e-07	1.1755e-36	1.1755e-36	9.0897e-20	0.00e+00	0.00e+00	1.4784e+03
1.60163e+16	4.6117e+03	6.097e-16	1.0000e+05	5.2732e+03	2.6577e-09	9.5288e-01	4.7119e-02	9.4027e-01	5.9237e-02	4.8969e-04	1.4013e-12	3.8861e-05	9.6952e-01	3.0423e-02	1.4427e-05	9.6263e-01	3.7317e-02	4.9998e-05	2.5170e-07	1.1755e-36	1.1755e-36	9.1632e-20	0.00e+00	0.00e+00	1.8380e+03
1.66357e+16	4.4904e+03	5.699e-16	1.0000e+05	5.0747e+03	2.8655e-09	9.5461e-01	4.5390e-02	9.4318e-01	5.6384e-02	4.3924e-04	1.4209e-12	3.7803e-05	9.7119e-01	2.8758e-02	1.3700e-05	9.6406e-01	3.5892e-02	4.9337e-05	2.3733e-07	1.1755e-36	1.1755e-36	9.1414e-20	0.00e+00	0.00e+00	2.2244e+03
1.72841e+16	4.3735e+03	5.342e-16	1.0000e+05	4.8897e+03	3.0491e-09	9.5623e-01	4.3770e-02	9.4583e-01	5.3771e-02	3.9570e-04	1.4368e-12	3.6836e-05	9.7274e-01	2.7213e-02	1.2996e-05	9.6539e-01	3.4558e-02	4.8658e-05	2.2390e-07	1.1755e-36	1.1755e-36	9.0224e-20	0.00e+00	0.00e+00	2.6202e+03
1.79587e+16	4.2573e+03	5.015e-16	1.0000e+05	4.7142e+03	3.2090e-09	9.5777e-01	4.2227e-02	9.4828e-01	5.1358e-02	3.5768e-04	1.4493e-12	3.5942e-05	9.7426e-01	2.5696e-02	1.2312e-05	9.6666e-01	3.3288e-02	4.7959e-05	2.1118e-07	1.1755e-36	1.1755e-36	8.8054e-20	0.00e+00	0.00e+00	3.0395e+03
1.86777e+16	4.1390e+03	4.706e-16	1.0000e+05	4.5435e+03	3.3425e-09	9.5928e-01	4.0722e-02	9.5060e-01	4.9075e-02	3.2364e-04	1.4586e-12	3.5098e-05	9.7580e-01	2.4149e-02	1.1636e-05	9.6791e-01	3.2047e-02	4.7224e-05	1.9882e-07	1.1755e-36	1.1755e-36	8.4819e-20	0.00e+00	0.00e+00	3.4906e+03
1.94408e+16	4.0214e+03	4.421e-16	1.0000e+05	4.3797e+03	3.4407e-09	9.6073e-01	3.9273e-02	9.5277e-01	4.6934e-02	2.9342e-04	1.4644e-12	3.4312e-05	9.7729e-01	2.2666e-02	1.0975e-05	9.6910e-01	3.0853e-02	4.6454e-05	1.8699e-07	1.1755e-36	1.1755e-36	8.0624e-20	0.00e+00	0.00e+00	3.9646e+03
2.02322e+16	3.9064e+03	4.163e-16	1.0000e+05	4.2258e+03	3.5016e-09	9.6210e-01	3.7904e-02	9.5478e-01	4.4957e-02	2.6702e-04	1.4672e-12	3.3600e-05	9.7868e-01	2.1279e-02	1.0346e-05	9.7023e-01	2.9727e-02	4.5669e-05	1.7591e-07	1.1755e-36	1.1755e-36	7.5766e-20	0.00e+00	0.00e+00	4.4514e+03
###########################
8.56427e+11	1.5497e+04	6.402e-14	1.0000e+05	1.1679e+05	6.9224e-18	6.2910e-04	9.9937e-01	4.1450e-05	6.2917e-02	9.3704e-01	2.9474e-24	4.3203e-07	2.2778e-03	1.7963e-01	4.1510e-01	2.6973e-07	6.4378e-04	1.0508e-01	6.7995e-01	2.0151e-01	1.2422e-02	1.9246e-31	0.00e+00	0.00e+00	6.8021e-04
5.13856e+12	1.5482e+04	6.390e-14	1.0000e+05	1.1677e+05	6.6803e-18	6.2775e-04	9.9937e-01	4.1424e-05	6.2901e-02	9.3706e-01	2.7201e-24	4.0300e-07	2.2714e-03	1.7939e-01	4.1586e-01	2.6792e-07	6.4186e-04	1.0526e-01	6.8013e-01	2.0119e-01	1.2385e-02	1.6546e-31	0.00e+00	0.00e+00	3.3952e-03
2.22671e+13	1.5457e+04	6.360e-14	1.0000e+05	1.1676e+05	6.6177e-18	6.2486e-04	9.9938e-01	4.1400e-05	6.3035e-02	9.3692e-01	2.6879e-24	4.1147e-07	2.2731e-03	1.8027e-01	4.1756e-01	2.6573e-07	6.3976e-04	1.0638e-01	6.8043e-01	1.9991e-01	1.2247e-02	1.6301e-31	0.00e+00	0.00e+00	1.4205e-02
9.07813e+13	1.5379e+04	6.290e-14	1.0000e+05	1.1675e+05	6.4446e-18	6.1721e-04	9.9938e-01	4.1584e-05	6.4157e-02	9.3580e-01	2.5803e-24	4.2471e-07	2.2889e-03	1.8451e-01	4.2296e-01	2.5913e-07	6.3314e-04	1.1098e-01	6.8124e-01	1.9496e-01	1.1801e-02	1.5305e-31	0.00e+00	0.00e+00	5.6916e-02
2.16847e+14	1.5155e+04	6.027e-14	1.0000e+05	1.1675e+05	5.9084e-18	5.8256e-04	9.9942e-01	3.9991e-05	6.3637e-02	9.3632e-01	2.0422e-24	3.9408e-07	2.2311e-03	1.8673e-01	4.3275e-01	2.2922e-07	5.9631e-04	1.1704e-01	6.8357e-01	1.8718e-01	1.1257e-02	1.1739e-31	0.00e+00	0.00e+00	1.0932e-01
3.80733e+14	1.4954e+04	5.820e-14	1.0000e+05	1.1674e+05	5.4638e-18	5.5350e-04	9.9945e-01	3.9621e-05	6.4919e-02	9.3504e-01	1.7241e-24	3.7845e-07	2.2244e-03	1.9265e-01	4.4296e-01	2.1181e-07	5.8219e-04	1.2570e-01	6.8505e-01	1.7777e-01	1.0556e-02	9.4744e-32	0.00e+00	0.00e+00	1.7405e-01
5.93785e+14	1.4755e+04	5.654e-14	1.0000e+05	1.1671e+05	5.0873e-18	5.2734e-04	9.9947e-01	4.0581e-05	6.8560e-02	9.3140e-01	1.5362e-24	3.7661e-07	2.2692e-03	2.0348e-01	4.5444e-01	2.0305e-07	5.8804e-04	1.3889e-01	6.8478e-01	1.6579e-01	9.6488e-03	7.9443e-32	0.00e+00	0.00e+00	2.5422e-01
8.70752e+14	1.4552e+04	5.533e-14	1.0000e+05	1.1665e+05	4.7722e-18	5.0421e-04	9.9950e-01	4.3763e-05	7.6148e-02	9.2381e-01	1.4856e-24	3.9348e-07	2.3925e-03	2.2171e-01	4.6709e-01	2.0606e-07	6.2596e-04	1.5999e-01	6.8049e-01	1.5015e-01	8.4780e-03	7.0532e-32	0.00e+00	0.00e+00	3.5388e-01
1.17968e+15	1.4358e+04	5.461e-14	1.0000e+05	1.1654e+05	4.4283e-18	4.7972e-04	9.9952e-01	4.9226e-05	8.8492e-02	9.1146e-01	1.4707e-24	4.2019e-07	2.5620e-03	2.4587e-01	4.7822e-01	2.1501e-07	6.8868e-04	1.8972e-01	6.6945e-01	1.3266e-01	7.2493e-03	6.3131e-32	0.00e+00	0.00e+00	4.4617e-01
1.45220e+15	1.4198e+04	5.472e-14	1.0000e+05	1.1645e+05	4.1086e-18	4.6245e-04	9.9954e-01	5.7786e-05	1.0564e-01	8.9430e-01	1.5491e-24	4.6155e-07	2.7855e-03	2.7259e-01	4.8497e-01	2.3723e-07	7.8859e-04	2.2547e-01	6.5115e-01	1.1623e-01	6.1636e-03	5.8375e-32	0.00e+00	0.00e+00	5.1631e-01
1.66513e+15	1.4115e+04	5.528e-14	1.0000e+05	1.1622e+05	4.0462e-18	4.5364e-04	9.9955e-01	6.7808e-05	1.2559e-01	8.7434e-01	1.7806e-24	5.0460e-07	3.0045e-03	2.9753e-01	4.8794e-01	2.6712e-07	9.0394e-04	2.6294e-01	6.2831e-01	1.0238e-01	5.2939e-03	6.3288e-32	0.00e+00	0.00e+00	5.6945e-01
1.83746e+15	1.4028e+04	5.614e-14	1.0000e+05	1.1603e+05	4.0480e-18	4.5111e-04	9.9955e-01	8.0311e-05	1.4846e-01	8.5146e-01	2.1242e-24	5.5556e-07	3.2457e-03	3.2087e-01	4.8883e-01	3.0881e-07	1.0473e-03	3.0212e-01	6.0209e-01	9.0047e-02	4.5489e-03	7.0632e-32	0.00e+00	0.00e+00	6.1476e-01
1.98630e+15	1.3949e+04	5.712e-14	1.0000e+05	1.1582e+05	4.0704e-18	4.5124e-04	9.9955e-01	9.5348e-05	1.7505e-01	8.2486e-01	2.5485e-24	6.0900e-07	3.4913e-03	3.4282e-01	4.8839e-01	3.5965e-07	1.2141e-03	3.4382e-01	5.7224e-01	7.8707e-02	3.8918e-03	7.9320e-32	0.00e+00	0.00e+00	6.5423e-01
2.11535e+15	1.3885e+04	5.811e-14	1.0000e+05	1.1561e+05	4.1066e-18	4.5254e-04	9.9955e-01	1.1308e-04	2.0524e-01	7.9465e-01	3.0692e-24	6.6465e-07	3.7386e-03	3.6298e-01	4.8708e-01	4.2011e-07	1.4064e-03	3.8709e-01	5.3968e-01	6.8407e-02	3.3178e-03	8.9984e-32	0.00e+00	0.00e+00	6.8837e-01
2.22667e+15	1.3811e+04	5.909e-14	1.0000e+05	1.1529e+05	4.1992e-18	4.5522e-04	9.9954e-01	1.3256e-04	2.3838e-01	7.6149e-01	3.6471e-24	7.1464e-07	3.9589e-03	3.8085e-01	4.8545e-01	4.8349e-07	1.6024e-03	4.3042e-01	5.0581e-01	5.9251e-02	2.8263e-03	1.0279e-31	0.00e+00	0.00e+00	7.1801e-01
2.32703e+15	1.3724e+04	6.002e-14	1.0000e+05	1.1493e+05	4.3544e-18	4.5972e-04	9.9954e-01	1.5441e-04	2.7525e-01	7.2460e-01	4.3378e-24	7.6446e-07	4.1703e-03	3.9730e-01	4.8362e-01	5.5356e-07	1.8102e-03	4.7460e-01	4.7028e-01	5.0844e-02	2.3881e-03	1.1917e-31	0.00e+00	0.00e+00	7.4633e-01
2.42360e+15	1.3639e+04	6.093e-14	1.0000e+05	1.1466e+05	4.4465e-18	4.6298e-04	9.9954e-01	1.8010e-04	3.1817e-01	6.8165e-01	4.9479e-24	8.1185e-07	4.3603e-03	4.1296e-01	4.8164e-01	6.2233e-07	2.0184e-03	5.2123e-01	4.3189e-01	4.2821e-02	1.9818e-03	1.3133e-31	0.00e+00	0.00e+00	7.7426e-01
2.51448e+15	1.3535e+04	6.160e-14	1.0000e+05	1.1430e+05	4.6559e-18	4.6958e-04	9.9953e-01	2.1035e-04	3.6600e-01	6.3378e-01	5.8948e-24	8.6444e-07	4.5791e-03	4.2752e-01	4.7944e-01	7.1521e-07	2.2773e-03	5.6836e-01	3.9214e-01	3.5545e-02	1.6234e-03	1.5334e-31	0.00e+00	0.00e+00	7.9981e-01
2.59810e+15	1.3415e+04	6.190e-14	1.0000e+05	1.1379e+05	4.9553e-18	4.7895e-04	9.9952e-01	2.4348e-04	4.1621e-01	5.8354e-01	7.1909e-24	9.2048e-07	4.8161e-03	4.4044e-01	4.7731e-01	8.3189e-07	2.5806e-03	6.1349e-01	3.5332e-01	2.9250e-02	1.3212e-03	1.8450e-31	0.00e+00	0.00e+00	8.2432e-01
2.67576e+15	1.3316e+04	6.193e-14	1.0000e+05	1.1340e+05	5.1679e-18	4.8601e-04	9.9951e-01	2.7693e-04	4.6725e-01	5.3247e-01	8.2481e-24	9.6704e-07	5.0023e-03	4.5160e-01	4.7540e-01	9.3380e-07	2.8453e-03	6.5533e-01	3.1678e-01	2.3945e-02	1.0723e-03	2.0816e-31	0.00e+00	0.00e+00	8.4710e-01
2.76114e+15	1.3152e+04	6.153e-14	1.0000e+05	1.1276e+05	5.5462e-18	4.9657e-04	9.9950e-01	3.1646e-04	5.2662e-01	4.7306e-01	9.6578e-24	1.0200e-06	5.2068e-03	4.6318e-01	4.7329e-01	1.0570e-06	3.1440e-03	7.0030e-01	2.7695e-01	1.8749e-02	8.3395e-04	2.4147e-31	0.00e+00	0.00e+00	8.7735e-01
2.85719e+15	1.2954e+04	6.067e-14	1.0000e+05	1.1217e+05	6.0314e-18	5.0906e-04	9.9949e-01	3.6342e-04	5.9428e-01	4.0536e-01	1.1381e-23	1.0783e-06	5.4319e-03	4.7506e-01	4.7057e-01	1.2020e-06	3.4799e-03	7.4685e-01	2.3505e-01	1.3982e-02	6.1996e-04	2.8260e-31	0.00e+00	0.00e+00	9.0807e-01
2.94926e+15	1.2741e+04	5.940e-14	1.0000e+05	1.1166e+05	6.6099e-18	5.2232e-04	9.9948e-01	4.0898e-04	6.5681e-01	3.4278e-01	1.3211e-23	1.1341e-06	5.6418e-03	4.8552e-01	4.6762e-01	1.3434e-06	3.7865e-03	7.8664e-01	1.9871e-01	1.0383e-02	4.6137e-04	3.2771e-31	0.00e+00	0.00e+00	9.3727e-01
3.05108e+15	1.2486e+04	5.752e-14	1.0000e+05	1.1112e+05	7.3821e-18	5.3945e-04	9.9946e-01	4.5784e-04	7.1924e-01	2.8031e-01	1.5580e-23	1.2013e-06	5.8848e-03	4.9622e-01	4.6382e-01	1.5117e-06	4.1210e-03	8.2431e-01	1.6384e-01	7.3842e-03	3.3095e-04	3.8428e-31	0.00e+00	0.00e+00	9.7647e-01
3.16483e+15	1.2214e+04	5.529e-14	1.0000e+05	1.1062e+05	8.2952e-18	5.5760e-04	9.9944e-01	5.0516e-04	7.7691e-01	2.2259e-01	1.8112e-23	1.2694e-06	6.1260e-03	5.0649e-01	4.5935e-01	1.6824e-06	4.4358e-03	8.5737e-01	1.3282e-01	5.1330e-03	2.3401e-04	4.4399e-31	0.00e+00	0.00e+00	1.0160e+00
3.29409e+15	1.1920e+04	5.274e-14	1.0000e+05	1.1017e+05	9.4881e-18	5.7984e-04	9.9942e-01	5.5226e-04	8.2850e-01	1.7095e-01	2.1360e-23	1.3511e-06	6.4007e-03	5.1703e-01	4.5373e-01	1.8780e-06	4.7593e-03	8.8632e-01	1.0528e-01	3.4663e-03	1.6186e-04	5.1929e-31	0.00e+00	0.00e+00	1.0695e+00
3.43886e+15	1.1643e+04	5.026e-14	1.0000e+05	1.0980e+05	1.0820e-17	6.0249e-04	9.9940e-01	5.9338e-04	8.7004e-01	1.2937e-01	2.4719e-23	1.4322e-06	6.6639e-03	5.2683e-01	4.4767e-01	2.0682e-06	5.0437e-03	9.0930e-01	8.3162e-02	2.3779e-03	1.1378e-04	5.9651e-31	0.00e+00	0.00e+00	1.1241e+00
3.60118e+15	1.1386e+04	4.794e-14	1.0000e+05	1.0951e+05	1.2304e-17	6.2839e-04	9.9937e-01	6.3085e-04	9.0288e-01	9.6485e-02	2.8541e-23	1.5241e-06	6.9442e-03	5.3641e-01	4.4096e-01	2.2765e-06	5.3178e-03	9.2769e-01	6.5241e-02	1.6676e-03	8.0828e-05	6.7739e-31	0.00e+00	0.00e+00	1.1960e+00
3.80957e+15	1.1138e+04	4.570e-14	1.0000e+05	1.0927e+05	1.4279e-17	6.6038e-04	9.9934e-01	6.6755e-04	9.3051e-01	6.8824e-02	3.3679e-23	1.6343e-06	7.2604e-03	5.4661e-01	4.3310e-01	2.5238e-06	5.5994e-03	9.4347e-01	4.9691e-02	1.1842e-03	5.6457e-05	7.9458e-31	0.00e+00	0.00e+00	1.2942e+00
4.08048e+15	1.0920e+04	4.375e-14	1.0000e+05	1.0907e+05	1.6805e-17	7.0074e-04	9.9930e-01	7.0289e-04	9.5225e-01	4.7044e-02	4.0537e-23	1.7673e-06	7.6141e-03	5.5731e-01	4.2418e-01	2.8265e-06	5.8886e-03	9.5629e-01	3.6893e-02	8.8260e-04	3.9067e-05	9.5899e-31	0.00e+00	0.00e+00	1.4297e+00
4.43266e+15	1.0754e+04	4.227e-14	1.0000e+05	1.0893e+05	1.9840e-17	7.5374e-04	9.9925e-01	7.3707e-04	9.6820e-01	3.1066e-02	4.9596e-23	1.9314e-06	8.0125e-03	5.6853e-01	4.1424e-01	3.2160e-06	6.1900e-03	9.6612e-01	2.6954e-02	7.0897e-04	2.6966e-05	1.1774e-30	0.00e+00	0.00e+00	1.6191e+00
4.86331e+15	1.0662e+04	4.147e-14	1.0000e+05	1.0883e+05	2.3682e-17	8.2254e-04	9.9918e-01	7.6912e-04	9.7871e-01	2.0524e-02	6.2381e-23	2.1244e-06	8.4408e-03	5.7977e-01	4.0379e-01	3.7184e-06	6.4980e-03	9.7285e-01	2.0010e-02	6.1816e-04	1.9078e-05	1.5194e-30	0.00e+00	0.00e+00	1.8596e+00
5.34964e+15	1.0645e+04	4.140e-14	1.0000e+05	1.0876e+05	2.8527e-17	9.1168e-04	9.9909e-01	8.0163e-04	9.8519e-01	1.4009e-02	8.1179e-23	2.3558e-06	8.9092e-03	5.9094e-01	3.9303e-01	4.3879e-06	6.8316e-03	9.7718e-01	1.5395e-02	5.7108e-04	1.4017e-05	2.0686e-30	0.00e+00	0.00e+00	2.1528e+00
5.88461e+15	1.0698e+04	4.196e-14	1.0000e+05	1.0871e+05	3.4848e-17	1.0297e-03	9.9897e-01	8.3676e-04	9.8925e-01	9.9083e-03	1.1064e-22	2.6403e-06	9.4477e-03	6.0256e-01	3.8156e-01	5.3262e-06	7.2212e-03	9.7996e-01	1.2260e-02	5.4449e-04	1.0620e-05	2.9964e-30	0.00e+00	0.00e+00	2.5172e+00
6.47307e+15	1.0815e+04	4.317e-14	1.0000e+05	1.0867e+05	4.3820e-17	1.1927e-03	9.9881e-01	8.7822e-04	9.9191e-01	7.2137e-03	1.6190e-22	3.0065e-06	1.0111e-02	6.1552e-01	3.6852e-01	6.7400e-06	7.7206e-03	9.8172e-01	1.0013e-02	5.2771e-04	8.1819e-06	4.7461e-30	0.00e+00	0.00e+00	2.9813e+00
7.07347e+15	1.0990e+04	4.504e-14	1.0000e+05	1.0864e+05	5.7402e-17	1.4107e-03	9.9859e-01	9.2727e-04	9.9356e-01	5.5115e-03	2.5670e-22	3.4552e-06	1.0901e-02	6.2957e-01	3.5419e-01	8.8626e-06	8.3623e-03	9.8266e-01	8.4419e-03	5.1722e-04	6.4526e-06	8.4518e-30	0.00e+00	0.00e+00	3.5017e+00
7.60536e+15	1.1190e+04	4.722e-14	1.0000e+05	1.0860e+05	7.4910e-17	1.6685e-03	9.9833e-01	9.7795e-04	9.9451e-01	4.5109e-03	4.1238e-22	3.9459e-06	1.1758e-02	6.4352e-01	3.3980e-01	1.1746e-05	9.1190e-03	9.8297e-01	7.3847e-03	5.1096e-04	5.2701e-06	1.5246e-29	0.00e+00	0.00e+00	4.0068e+00
8.04188e+15	1.1377e+04	4.936e-14	1.0000e+05	1.0857e+05	9.6155e-17	1.9416e-03	9.9806e-01	1.0304e-03	9.9506e-01	3.9071e-03	6.4990e-22	4.4429e-06	1.2635e-02	6.5671e-01	3.2609e-01	1.5285e-05	9.9385e-03	9.8290e-01	6.6357e-03	5.0685e-04	4.4398e-06	2.6822e-29	0.00e+00	0.00e+00	4.4892e+00
8.41902e+15	1.1547e+04	5.140e-14	1.0000e+05	1.0854e+05	1.2102e-16	2.2336e-03	9.9777e-01	1.0857e-03	9.9543e-01	3.4850e-03	1.0034e-21	4.9640e-06	1.3565e-02	6.6974e-01	3.1243e-01	1.9663e-05	1.0842e-02	9.8260e-01	6.0272e-03	5.0345e-04	3.7895e-06	4.5376e-29	0.00e+00	0.00e+00	4.9977e+00
8.77929e+15	1.1714e+04	5.351e-14	1.0000e+05	1.0850e+05	1.5333e-16	2.5733e-03	9.9743e-01	1.1489e-03	9.9571e-01	3.1419e-03	1.5844e-21	5.5609e-06	1.4643e-02	6.8378e-01	2.9763e-01	2.5576e-05	1.1932e-02	9.8208e-01	5.4631e-03	5.0014e-04	3.2178e-06	7.8231e-29	0.00e+00	0.00e+00	5.5823e+00
9.13663e+15	1.1884e+04	5.577e-14	1.0000e+05	1.0845e+05	1.9913e-16	2.9873e-03	9.9701e-01	1.2243e-03	9.9593e-01	2.8501e-03	2.6290e-21	6.2751e-06	1.5947e-02	6.9934e-01	2.8109e-01	3.4046e-05	1.3316e-02	9.8123e-01	4.9203e-03	4.9674e-04	2.6984e-06	1.4306e-28	0.00e+00	0.00e+00	6.2515e+00
9.47948e+15	1.2041e+04	5.814e-14	1.0000e+05	1.0841e+05	2.7075e-16	3.4820e-03	9.9652e-01	1.3121e-03	9.9608e-01	2.6095e-03	4.6512e-21	7.1179e-06	1.7497e-02	7.1602e-01	2.6317e-01	4.6085e-05	1.5045e-02	9.8000e-01	4.4140e-03	4.9299e-04	2.2430e-06	2.8865e-28	0.00e+00	0.00e+00	6.9786e+00
9.71775e+15	1.2153e+04	5.999e-14	1.0000e+05	1.0836e+05	3.2850e-16	3.9120e-03	9.9609e-01	1.3888e-03	9.9613e-01	2.4791e-03	6.9100e-21	7.8272e-06	1.8824e-02	7.2845e-01	2.4963e-01	5.8479e-05	1.6649e-02	9.7872e-01	4.0775e-03	4.9052e-04	1.9531e-06	4.5031e-28	0.00e+00	0.00e+00	7.3385e+00
9.83358e+15	1.2237e+04	6.077e-14	1.0000e+05	1.0833e+05	3.5564e-16	4.1377e-03	9.9586e-01	1.4325e-03	9.9613e-01	2.4419e-03	8.3410e-21	8.1968e-06	1.9523e-02	7.3458e-01	2.4290e-01	6.5829e-05	1.7533e-02	9.7797e-01	3.9370e-03	4.8980e-04	1.8301e-06	5.5136e-28	0.00e+00	0.00e+00	7.5630e+00
9.93241e+15	1.2269e+04	6.156e-14	1.0000e+05	1.0830e+05	3.8997e-16	4.3520e-03	9.9565e-01	1.4716e-03	9.9613e-01	2.3944e-03	1.0028e-20	8.5677e-06	2.0206e-02	7.4048e-01	2.3642e-01	7.3105e-05	1.8352e-02	9.7730e-01	3.7809e-03	4.8806e-04	1.7119e-06	6.7694e-28	0.00e+00	0.00e+00	7.8699e+00
1.00609e+16	1.2325e+04	6.253e-14	1.0000e+05	1.0828e+05	4.4120e-16	4.6467e-03	9.9535e-01	1.5241e-03	9.9615e-01	2.3255e-03	1.2862e-20	9.0738e-06	2.1140e-02	7.4815e-01	2.2794e-01	8.3937e-05	1.9511e-02	9.7634e-01	3.5806e-03	4.8601e-04	1.5669e-06	8.9940e-28	0.00e+00	0.00e+00	8.2959e+00
1.02279e+16	1.2399e+04	6.382e-14	1.0000e+05	1.0823e+05	5.1868e-16	5.0703e-03	9.9493e-01	1.6010e-03	9.9617e-01	2.2324e-03	1.7932e-20	9.7955e-06	2.2480e-02	7.5837e-01	2.1654e-01	1.0115e-04	2.1227e-02	9.7486e-01	3.3255e-03	4.8319e-04	1.3900e-06	1.3074e-27	0.00e+00	0.00e+00	8.9003e+00
1.03966e+16	1.2452e+04	6.522e-14	1.0000e+05	1.0820e+05	6.3371e-16	5.5615e-03	9.9444e-01	1.6884e-03	9.9617e-01	2.1425e-03	2.6217e-20	1.0629e-05	2.4041e-02	7.6889e-01	2.0463e-01	1.2371e-04	2.3310e-02	9.7301e-01	3.0799e-03	4.7971e-04	1.2250e-06	2.0473e-27	0.00e+00	0.00e+00	9.4217e+00
1.05171e+16	1.2512e+04	6.618e-14	1.0000e+05	1.0816e+05	7.1497e-16	5.9561e-03	9.9404e-01	1.7591e-03	9.9615e-01	2.0948e-03	3.4024e-20	1.1300e-05	2.5289e-02	7.7646e-01	1.9593e-01	1.4414e-04	2.5071e-02	9.7139e-01	2.9157e-03	4.7757e-04	1.1173e-06	2.7212e-27	0.00e+00	0.00e+00	9.7695e+00
1.06022e+16	1.2538e+04	6.695e-14	1.0000e+05	1.0811e+05	7.7641e-16	6.2686e-03	9.9373e-01	1.8177e-03	9.9612e-01	2.0632e-03	4.0879e-20	1.1826e-05	2.6277e-02	7.8210e-01	1.8939e-01	1.6148e-04	2.6470e-02	9.7010e-01	2.7925e-03	4.7560e-04	1.0408e-06	3.2772e-27	0.00e+00	0.00e+00	1.0077e+01
1.06916e+16	1.2571e+04	6.770e-14	1.0000e+05	1.0808e+05	8.7172e-16	6.6088e-03	9.9339e-01	1.8786e-03	9.9609e-01	2.0269e-03	5.1222e-20	1.2413e-05	2.7357e-02	7.8806e-01	1.8243e-01	1.8174e-04	2.8020e-02	9.6866e-01	2.6601e-03	4.7337e-04	9.6387e-07	4.2660e-27	0.00e+00	0.00e+00	1.0498e+01
1.08077e+16	1.2629e+04	6.865e-14	1.0000e+05	1.0802e+05	9.7803e-16	7.0908e-03	9.9291e-01	1.9650e-03	9.9606e-01	1.9759e-03	6.6753e-20	1.3235e-05	2.8874e-02	7.9582e-01	1.7327e-01	2.1312e-04	3.0286e-02	9.6654e-01	2.4887e-03	4.7063e-04	8.6893e-07	5.6114e-27	0.00e+00	0.00e+00	1.1086e+01
1.09256e+16	1.2658e+04	6.975e-14	1.0000e+05	1.0797e+05	1.1538e-15	7.6455e-03	9.9235e-01	2.0657e-03	9.9601e-01	1.9217e-03	9.2057e-20	1.4183e-05	3.0632e-02	8.0365e-01	1.6379e-01	2.5314e-04	3.2989e-02	9.6397e-01	2.3207e-03	4.6702e-04	7.7816e-07	8.1166e-27	0.00e+00	0.00e+00	1.1590e+01
1.10166e+16	1.2686e+04	7.056e-14	1.0000e+05	1.0793e+05	1.2921e-15	8.1141e-03	9.9189e-01	2.1517e-03	9.9596e-01	1.8878e-03	1.1702e-19	1.4988e-05	3.2126e-02	8.0965e-01	1.5639e-01	2.9062e-04	3.5372e-02	9.6167e-01	2.2003e-03	4.6411e-04	7.1405e-07	1.0508e-26	0.00e+00	0.00e+00	1.1988e+01
1.10924e+16	1.2712e+04	7.124e-14	1.0000e+05	1.0789e+05	1.4314e-15	8.5384e-03	9.9146e-01	2.2289e-03	9.9591e-01	1.8615e-03	1.4475e-19	1.5717e-05	3.3469e-02	8.1469e-01	1.5008e-01	3.2722e-04	3.7566e-02	9.5955e-01	2.0956e-03	4.6157e-04	6.6184e-07	1.3284e-26	0.00e+00	0.00e+00	1.2386e+01
1.11773e+16	1.2733e+04	7.205e-14	1.0000e+05	1.0784e+05	1.6077e-15	9.0529e-03	9.9095e-01	2.3224e-03	9.9585e-01	1.8285e-03	1.8437e-19	1.6602e-05	3.5092e-02	8.2039e-01	1.4284e-01	3.7484e-04	4.0254e-02	9.5694e-01	1.9748e-03	4.5831e-04	6.0493e-07	1.7266e-26	0.00e+00	0.00e+00	1.2934e+01
1.12715e+16	1.2756e+04	7.295e-14	1.0000e+05	1.0778e+05	1.8405e-15	9.6785e-03	9.9032e-01	2.4370e-03	9.9577e-01	1.7902e-03	2.4409e-19	1.7680e-05	3.7068e-02	8.2650e-01	1.3484e-01	4.3866e-04	4.3657e-02	9.5360e-01	1.8466e-03	4.5443e-04	5.4615e-07	2.3439e-26	0.00e+00	0.00e+00	1.3499e+01
1.13558e+16	1.2779e+04	7.376e-14	1.0000e+05	1.0772e+05	2.0799e-15	1.0298e-02	9.8970e-01	2.5513e-03	9.9569e-01	1.7586e-03	3.1631e-19	1.8747e-05	3.9025e-02	8.3183e-01	1.2764e-01	5.0845e-04	4.7159e-02	9.5015e-01	1.7353e-03	4.5072e-04	4.9681e-07	3.0962e-26	0.00e+00	0.00e+00	1.3995e+01
1.14278e+16	1.2800e+04	7.444e-14	1.0000e+05	1.0765e+05	2.3136e-15	1.0873e-02	9.8913e-01	2.6576e-03	9.9561e-01	1.7339e-03	3.9724e-19	1.9736e-05	4.0837e-02	8.3627e-01	1.2145e-01	5.7903e-04	5.0500e-02	9.4683e-01	1.6420e-03	4.4733e-04	4.5701e-07	3.9507e-26	0.00e+00	0.00e+00	1.4459e+01
1.15056e+16	1.2814e+04	7.524e-14	1.0000e+05	1.0757e+05	2.6075e-15	1.1554e-02	9.8845e-01	2.7828e-03	9.9551e-01	1.7053e-03	5.1180e-19	2.0899e-05	4.2963e-02	8.4106e-01	1.1460e-01	6.6910e-04	5.4486e-02	9.4286e-01	1.5387e-03	4.4319e-04	4.1527e-07	5.1665e-26	0.00e+00	0.00e+00	1.5100e+01
1.15896e+16	1.2813e+04	7.613e-14	1.0000e+05	1.0751e+05	3.0149e-15	1.2363e-02	9.8764e-01	2.9349e-03	9.9539e-01	1.6718e-03	6.8660e-19	2.2301e-05	4.5517e-02	8.4587e-01	1.0731e-01	7.8739e-04	5.9419e-02	9.3792e-01	1.4322e-03	4.3800e-04	3.7330e-07	7.1078e-26	0.00e+00	0.00e+00	1.5726e+01
1.16622e+16	1.2840e+04	7.681e-14	1.0000e+05	1.0741e+05	3.3820e-15	1.3133e-02	9.8687e-01	3.0780e-03	9.9527e-01	1.6475e-03	8.8541e-19	2.3633e-05	4.7922e-02	8.4980e-01	1.0105e-01	9.1259e-04	6.4341e-02	9.3297e-01	1.3405e-03	4.3366e-04	3.3927e-07	9.2859e-26	0.00e+00	0.00e+00	1.6265e+01
1.17239e+16	1.2827e+04	7.751e-14	1.0000e+05	1.0735e+05	3.8007e-15	1.3858e-02	9.8614e-01	3.2160e-03	9.9516e-01	1.6251e-03	1.1185e-18	2.4876e-05	5.0204e-02	8.5297e-01	9.5645e-02	1.0393e-03	6.9004e-02	9.2826e-01	1.2652e-03	4.2897e-04	3.1152e-07	1.1931e-25	0.00e+00	0.00e+00	1.6776e+01
1.17910e+16	1.2856e+04	7.811e-14	1.0000e+05	1.0724e+05	4.2929e-15	1.4682e-02	9.8532e-01	3.3701e-03	9.9503e-01	1.6035e-03	1.4471e-18	2.6298e-05	5.2771e-02	8.5624e-01	8.9873e-02	1.1976e-03	7.4525e-02	9.2267e-01	1.1837e-03	4.2433e-04	2.8366e-07	1.5819e-25	0.00e+00	0.00e+00	1.7479e+01
1.18646e+16	1.2839e+04	7.898e-14	1.0000e+05	1.0715e+05	5.0268e-15	1.5721e-02	9.8428e-01	3.5670e-03	9.9486e-01	1.5744e-03	1.9682e-18	2.8079e-05	5.5997e-02	8.5944e-01	8.3506e-02	1.4140e-03	8.1551e-02	9.1552e-01	1.0945e-03	4.1778e-04	2.5377e-07	2.2197e-25	0.00e+00	0.00e+00	1.8186e+01
1.19294e+16	1.2832e+04	7.967e-14	1.0000e+05	1.0707e+05	5.7656e-15	1.6721e-02	9.8328e-01	3.7603e-03	9.9469e-01	1.5510e-03	2.5958e-18	2.9824e-05	5.9137e-02	8.6187e-01	7.7996e-02	1.6463e-03	8.8647e-02	9.0827e-01	1.0211e-03	4.1157e-04	2.2968e-07	2.9969e-25	0.00e+00	0.00e+00	1.8802e+01
1.19851e+16	1.2830e+04	8.025e-14	1.0000e+05	1.0697e+05	6.5145e-15	1.7664e-02	9.8234e-01	3.9412e-03	9.9453e-01	1.5324e-03	3.3234e-18	3.1450e-05	6.2066e-02	8.6370e-01	7.3287e-02	1.8847e-03	9.5495e-02	9.0126e-01	9.5761e-04	4.0590e-04	2.0993e-07	3.9220e-25	0.00e+00	0.00e+00	1.9393e+01
1.20461e+16	1.2821e+04	8.091e-14	1.0000e+05	1.0687e+05	7.4652e-15	1.8777e-02	9.8122e-01	4.1558e-03	9.9433e-01	1.5108e-03	4.3725e-18	3.3370e-05	6.5513e-02	8.6542e-01	6.8166e-02	2.1897e-03	1.0368e-01	8.9284e-01	8.8916e-04	3.9912e-04	1.8955e-07	5.2761e-25	0.00e+00	0.00e+00	2.0210e+01
1.21128e+16	1.2816e+04	8.160e-14	1.0000e+05	1.0674e+05	8.7126e-15	2.0135e-02	9.7987e-01	4.4199e-03	9.9409e-01	1.4863e-03	5.9875e-18	3.5709e-05	6.9713e-02	8.6673e-01	6.2709e-02	2.6027e-03	1.1408e-01	8.8211e-01	8.1740e-04	3.9095e-04	1.6871e-07	7.4083e-25	0.00e+00	0.00e+00	2.1031e+01
1.21714e+16	1.2807e+04	8.221e-14	1.0000e+05	1.0654e+05	1.0012e-14	2.1489e-02	9.7851e-01	4.6836e-03	9.9385e-01	1.4648e-03	7.9657e-18	3.7950e-05	7.3835e-02	8.6741e-01	5.7961e-02	3.0575e-03	1.2473e-01	8.7107e-01	7.5507e-04	3.8310e-04	1.5133e-07	1.0015e-24	0.00e+00	0.00e+00	2.1744e+01
1.22213e+16	1.2778e+04	8.280e-14	1.0000e+05	1.0644e+05	1.1449e-14	2.2766e-02	9.7723e-01	4.9375e-03	9.9362e-01	1.4465e-03	1.0349e-17	4.0164e-05	7.7769e-02	8.6753e-01	5.3945e-02	3.5233e-03	1.3489e-01	8.6051e-01	7.0328e-04	3.7523e-04	1.3721e-07	1.3288e-24	0.00e+00	0.00e+00	2.2424e+01
1.22758e+16	1.2779e+04	8.328e-14	1.0000e+05	1.0626e+05	1.3065e-14	2.4239e-02	9.7576e-01	5.2259e-03	9.9335e-01	1.4285e-03	1.3644e-17	4.2625e-05	8.2244e-02	8.6734e-01	4.9702e-02	4.1135e-03	1.4697e-01	8.4790e-01	6.4806e-04	3.6675e-04	1.2312e-07	1.7786e-24	0.00e+00	0.00e+00	2.3366e+01
1.23363e+16	1.2753e+04	8.393e-14	1.0000e+05	1.0606e+05	1.5433e-14	2.6119e-02	9.7388e-01	5.5997e-03	9.9300e-01	1.4049e-03	1.9017e-17	4.5770e-05	8.7922e-02	8.6632e-01	4.5086e-02	4.9398e-03	1.6260e-01	8.3152e-01	5.8860e-04	3.5570e-04	1.0813e-07	2.5321e-24	0.00e+00	0.00e+00	2.4347e+01
1.23911e+16	1.2727e+04	8.449e-14	1.0000e+05	1.0586e+05	1.8095e-14	2.8060e-02	9.7194e-01	5.9884e-03	9.9263e-01	1.3842e-03	2.6125e-17	4.8995e-05	9.3748e-02	8.6462e-01	4.0996e-02	5.8862e-03	1.7911e-01	8.1413e-01	5.3605e-04	3.4443e-04	1.1755e-36	3.5471e-24	0.00e+00	0.00e+00	2.5233e+01
1.24389e+16	1.2715e+04	8.489e-14	1.0000e+05	1.0567e+05	2.0826e-14	2.9926e-02	9.7007e-01	6.3657e-03	9.9227e-01	1.3674e-03	3.4748e-17	5.2085e-05	9.9340e-02	8.6253e-01	3.7534e-02	6.8893e-03	1.9534e-01	7.9694e-01	4.9177e-04	3.3380e-04	1.1755e-36	4.7992e-24	0.00e+00	0.00e+00	2.6096e+01
1.24914e+16	1.2672e+04	8.546e-14	1.0000e+05	1.0544e+05	2.4612e-14	3.2222e-02	9.6778e-01	6.8300e-03	9.9182e-01	1.3465e-03	4.8005e-17	5.5833e-05	1.0610e-01	8.5953e-01	3.3807e-02	8.2199e-03	2.1497e-01	7.7604e-01	4.4441e-04	3.2086e-04	1.1755e-36	6.7511e-24	0.00e+00	0.00e+00	2.7304e+01
1.25503e+16	1.2626e+04	8.609e-14	1.0000e+05	1.0519e+05	3.0141e-14	3.5216e-02	9.6478e-01	7.4377e-03	9.9124e-01	1.3227e-03	7.0892e-17	6.0684e-05	1.1481e-01	8.5488e-01	2.9791e-02	1.0148e-02	2.4084e-01	7.4832e-01	3.9281e-04	3.0435e-04	1.1755e-36	1.0236e-23	0.00e+00	0.00e+00	2.8600e+01
1.26043e+16	1.2576e+04	8.662e-14	1.0000e+05	1.0494e+05	3.6762e-14	3.8436e-02	9.6156e-01	8.1039e-03	9.9060e-01	1.3007e-03	1.0365e-16	6.5956e-05	1.2410e-01	8.4917e-01	2.6239e-02	1.2459e-02	2.6870e-01	7.1821e-01	3.4776e-04	2.8711e-04	1.1755e-36	1.5319e-23	0.00e+00	0.00e+00	2.9806e+01
1.26509e+16	1.2555e+04	8.687e-14	1.0000e+05	1.0451e+05	4.3472e-14	4.1605e-02	9.5839e-01	8.7481e-03	9.8997e-01	1.2842e-03	1.4435e-16	7.0645e-05	1.3299e-01	8.4324e-01	2.3314e-02	1.4974e-02	2.9613e-01	6.8831e-01	3.0990e-04	2.7124e-04	1.1755e-36	2.1617e-23	0.00e+00	0.00e+00	3.0953e+01
1.26944e+16	1.2499e+04	8.728e-14	1.0000e+05	1.0418e+05	5.2210e-14	4.5043e-02	9.5496e-01	9.4569e-03	9.8928e-01	1.2657e-03	2.0194e-16	7.5868e-05	1.4249e-01	8.3641e-01	2.0668e-02	1.7900e-02	3.2456e-01	6.5701e-01	2.7578e-04	2.5453e-04	1.1755e-36	3.0904e-23	0.00e+00	0.00e+00	3.2182e+01
1.27441e+16	1.2437e+04	8.767e-14	1.0000e+05	1.0385e+05	6.4721e-14	4.9465e-02	9.5054e-01	1.0383e-02	9.8837e-01	1.2446e-03	2.9879e-16	8.2695e-05	1.5457e-01	8.2721e-01	1.7818e-02	2.1988e-02	3.5986e-01	6.1768e-01	2.3992e-04	2.3414e-04	1.1755e-36	4.6905e-23	0.00e+00	0.00e+00	3.3938e+01
1.27969e+16	1.2380e+04	8.803e-14	1.0000e+05	1.0332e+05	8.2754e-14	5.5303e-02	9.4470e-01	1.1576e-02	9.8720e-01	1.2216e-03	4.6746e-16	9.0754e-05	1.6973e-01	8.1495e-01	1.4951e-02	2.7885e-02	4.0383e-01	5.6787e-01	2.0265e-04	2.0969e-04	1.1755e-36	7.5334e-23	0.00e+00	0.00e+00	3.5657e+01
1.28398e+16	1.2317e+04	8.821e-14	1.0000e+05	1.0273e+05	1.0364e-13	6.1123e-02	9.3888e-01	1.2778e-02	9.8602e-01	1.2034e-03	6.9333e-16	9.8589e-05	1.8443e-01	8.0248e-01	1.2741e-02	3.4248e-02	4.4429e-01	5.2110e-01	1.7372e-04	1.8770e-04	1.1755e-36	1.1455e-22	0.00e+00	0.00e+00	3.7074e+01
1.28722e+16	1.2277e+04	8.801e-14	1.0000e+05	1.0198e+05	1.2293e-13	6.6071e-02	9.3393e-01	1.3805e-02	9.8500e-01	1.1927e-03	9.3271e-16	1.0475e-04	1.9661e-01	7.9185e-01	1.1203e-02	4.0027e-02	4.7647e-01	4.8318e-01	1.5359e-04	1.7084e-04	1.1755e-36	1.5632e-22	0.00e+00	0.00e+00	3.8245e+01
1.29045e+16	1.2205e+04	8.814e-14	1.0000e+05	1.0152e+05	1.4914e-13	7.1787e-02	9.2821e-01	1.4994e-02	9.8383e-01	1.1779e-03	1.2793e-15	1.1201e-04	2.1024e-01	7.7971e-01	9.7261e-03	4.6855e-02	5.0882e-01	4.4404e-01	1.3488e-04	1.5328e-04	1.1755e-36	2.1964e-22	0.00e+00	0.00e+00	3.9899e+01
1.29403e+16	1.2135e+04	8.813e-14	1.0000e+05	1.0088e+05	1.8713e-13	7.9316e-02	9.2068e-01	1.6549e-02	9.8229e-01	1.1627e-03	1.8483e-15	1.2103e-04	2.2744e-01	7.6405e-01	8.2048e-03	5.6234e-02	5.4656e-01	3.9696e-01	1.1524e-04	1.3302e-04	1.1755e-36	3.2661e-22	0.00e+00	0.00e+00	4.1658e+01
1.29719e+16	1.2065e+04	8.795e-14	1.0000e+05	1.0011e+05	2.3287e-13	8.7310e-02	9.1269e-01	1.8200e-02	9.8065e-01	1.1503e-03	2.6052e-15	1.2994e-04	2.4494e-01	7.4781e-01	6.9533e-03	6.6525e-02	5.8069e-01	3.5257e-01	9.9009e-05	1.1470e-04	1.1755e-36	4.7308e-22	0.00e+00	0.00e+00	4.3201e+01
1.29977e+16	1.2014e+04	8.745e-14	1.0000e+05	9.9167e+04	2.7888e-13	9.4650e-02	9.0535e-01	1.9723e-02	9.7913e-01	1.1435e-03	3.4405e-15	1.3732e-04	2.6046e-01	7.3323e-01	6.0205e-03	7.6241e-02	6.0761e-01	3.1596e-01	8.7002e-05	1.0029e-04	1.1755e-36	6.3672e-22	0.00e+00	0.00e+00	4.4612e+01
1.30248e+16	1.1932e+04	8.704e-14	1.0000e+05	9.8265e+04	3.4320e-13	1.0347e-01	8.9653e-01	2.1561e-02	9.7730e-01	1.1339e-03	4.6586e-15	1.4610e-04	2.7840e-01	7.1622e-01	5.1069e-03	8.7952e-02	6.3352e-01	2.7837e-01	7.5556e-05	8.5727e-05	1.1755e-36	8.8418e-22	0.00e+00	0.00e+00	4.6618e+01
1.30546e+16	1.1845e+04	8.632e-14	1.0000e+05	9.7038e+04	4.3858e-13	1.1500e-01	8.8500e-01	2.3961e-02	9.7491e-01	1.1258e-03	6.6078e-15	1.5658e-04	3.0063e-01	6.9489e-01	4.1998e-03	1.0340e-01	6.5988e-01	2.3659e-01	6.4035e-05	7.0202e-05	1.1755e-36	1.2958e-21	0.00e+00	0.00e+00	4.8706e+01
1.30803e+16	1.1754e+04	8.558e-14	1.0000e+05	9.5883e+04	5.5493e-13	1.2722e-01	8.7278e-01	2.6527e-02	9.7235e-01	1.1189e-03	9.1362e-15	1.6698e-04	3.2304e-01	6.7322e-01	3.4775e-03	1.1973e-01	6.7972e-01	2.0044e-01	5.4780e-05	5.7242e-05	1.1755e-36	1.8494e-21	0.00e+00	0.00e+00	5.0524e+01
1.31011e+16	1.1686e+04	8.461e-14	1.0000e+05	9.4709e+04	6.7504e-13	1.3837e-01	8.6163e-01	2.8912e-02	9.6997e-01	1.1164e-03	1.1903e-14	1.7563e-04	3.4273e-01	6.5405e-01	2.9534e-03	1.3464e-01	6.9257e-01	1.7270e-01	4.8119e-05	4.7734e-05	1.1755e-36	2.4765e-21	0.00e+00	0.00e+00	5.2183e+01
1.31229e+16	1.1589e+04	8.351e-14	1.0000e+05	9.3407e+04	8.3772e-13	1.5143e-01	8.4857e-01	3.1742e-02	9.6714e-01	1.1130e-03	1.5705e-14	1.8523e-04	3.6481e-01	6.3246e-01	2.4587e-03	1.5188e-01	7.0182e-01	1.4622e-01	4.1928e-05	3.8944e-05	1.1755e-36	3.3616e-21	0.00e+00	0.00e+00	5.4543e+01
1.31472e+16	1.1487e+04	8.185e-14	1.0000e+05	9.1619e+04	1.0787e-12	1.6839e-01	8.3161e-01	3.5459e-02	9.6343e-01	1.1133e-03	2.1577e-14	1.9614e-04	3.9189e-01	6.0587e-01	1.9759e-03	1.7403e-01	7.0735e-01	1.1856e-01	3.5700e-05	3.0186e-05	1.1755e-36	4.7833e-21	0.00e+00	0.00e+00	5.7081e+01
1.31688e+16	1.1384e+04	8.000e-14	1.0000e+05	8.9773e+04	1.3773e-12	1.8640e-01	8.1360e-01	3.9508e-02	9.5938e-01	1.1158e-03	2.9045e-14	2.0652e-04	4.1911e-01	5.7903e-01	1.5952e-03	1.9715e-01	7.0699e-01	9.5806e-02	3.0639e-05	2.3311e-05	1.1755e-36	6.6648e-21	0.00e+00	0.00e+00	5.9364e+01
1.31869e+16	1.1304e+04	7.804e-14	1.0000e+05	8.8008e+04	1.6946e-12	2.0324e-01	7.9676e-01	4.3423e-02	9.5546e-01	1.1212e-03	3.7232e-14	2.1507e-04	4.4347e-01	5.5494e-01	1.3186e-03	2.1844e-01	7.0257e-01	7.8943e-02	2.6896e-05	1.8452e-05	1.1755e-36	8.8026e-21	0.00e+00	0.00e+00	6.1498e+01
1.32060e+16	1.1193e+04	7.573e-14	1.0000e+05	8.5977e+04	2.1312e-12	2.2286e-01	7.7714e-01	4.8133e-02	9.5074e-01	1.1273e-03	4.8304e-14	2.2417e-04	4.7056e-01	5.2811e-01	1.0640e-03	2.4277e-01	6.9354e-01	6.3650e-02	2.3411e-05	1.4232e-05	1.1755e-36	1.1779e-20	0.00e+00	0.00e+00	6.4540e+01
1.32273e+16	1.1070e+04	7.265e-14	1.0000e+05	8.3360e+04	2.7820e-12	2.4821e-01	7.5179e-01	5.4417e-02	9.4444e-01	1.1389e-03	6.4968e-14	2.3384e-04	5.0331e-01	4.9559e-01	8.2378e-04	2.7356e-01	6.7770e-01	4.8707e-02	1.9878e-05	1.0318e-05	1.1755e-36	1.6432e-20	0.00e+00	0.00e+00	6.7829e+01
1.32462e+16	1.0950e+04	6.939e-14	1.0000e+05	8.0701e+04	3.5798e-12	2.7449e-01	7.2551e-01	6.1272e-02	9.3757e-01	1.1547e-03	8.5255e-14	2.4198e-04	5.3523e-01	4.6385e-01	6.4336e-04	3.0476e-01	6.5789e-01	3.7324e-02	1.7024e-05	7.5013e-06	1.1755e-36	2.2325e-20	0.00e+00	0.00e+00	7.0751e+01
1.32617e+16	1.0851e+04	6.629e-14	1.0000e+05	7.8236e+04	4.4123e-12	2.9815e-01	7.0185e-01	6.7797e-02	9.3103e-01	1.1711e-03	1.0611e-13	2.4773e-04	5.6253e-01	4.3667e-01	5.1939e-04	3.3230e-01	6.3814e-01	2.9541e-02	1.4948e-05	5.6788e-06	1.1755e-36	2.8552e-20	0.00e+00	0.00e+00	7.3403e+01
1.32757e+16	1.0751e+04	6.327e-14	1.0000e+05	7.5903e+04	5.3554e-12	3.2149e-01	6.7851e-01	7.4596e-02	9.2421e-01	1.1892e-03	1.2921e-13	2.5228e-04	5.8821e-01	4.1109e-01	4.2337e-04	3.5896e-01	6.1741e-01	2.3618e-02	1.3243e-05	4.3538e-06	1.1755e-36	3.5627e-20	0.00e+00	0.00e+00	7.6245e+01
1.32918e+16	1.0629e+04	5.951e-14	1.0000e+05	7.3013e+04	6.6908e-12	3.4985e-01	6.5015e-01	8.3349e-02	9.1544e-01	1.2123e-03	1.6059e-13	2.5634e-04	6.1787e-01	3.8152e-01	3.3183e-04	3.9077e-01	5.9113e-01	1.8090e-02	1.1514e-05	3.1785e-06	1.1755e-36	4.5431e-20	0.00e+00	0.00e+00	8.0265e+01
1.33090e+16	1.0502e+04	5.505e-14	1.0000e+05	6.9485e+04	8.5255e-12	3.8337e-01	6.1663e-01	9.4343e-02	9.0441e-01	1.2460e-03	2.0198e-13	2.5849e-04	6.5038e-01	3.4909e-01	2.5344e-04	4.2756e-01	5.5916e-01	1.3264e-02	9.8380e-06	2.2100e-06	1.1755e-36	5.8725e-20	0.00e+00	0.00e+00	8.4165e+01
1.33234e+16	1.0381e+04	5.105e-14	1.0000e+05	6.6333e+04	1.0506e-11	4.1436e-01	5.8564e-01	1.0541e-01	8.9331e-01	1.2803e-03	2.4405e-13	2.5894e-04	6.7872e-01	3.2081e-01	1.9977e-04	4.6089e-01	5.2910e-01	1.0007e-02	8.5554e-06	1.5916e-06	1.1755e-36	7.2303e-20	0.00e+00	0.00e+00	8.7485e+01
1.33351e+16	1.0289e+04	4.762e-14	1.0000e+05	6.3625e+04	1.2438e-11	4.4045e-01	5.5955e-01	1.1555e-01	8.8313e-01	1.3135e-03	2.8335e-13	2.5757e-04	7.0149e-01	2.9808e-01	1.6407e-04	4.8847e-01	5.0364e-01	7.8820e-03	7.6275e-06	1.2078e-06	1.1755e-36	8.5363e-20	0.00e+00	0.00e+00	9.0457e+01
1.33454e+16	1.0195e+04	4.456e-14	1.0000e+05	6.1191e+04	1.4440e-11	4.6461e-01	5.3539e-01	1.2562e-01	8.7304e-01	1.3441e-03	3.2134e-13	2.5616e-04	7.2165e-01	2.7794e-01	1.3736e-04	5.1362e-01	4.8004e-01	6.3298e-03	6.8713e-06	9.3839e-07	1.1755e-36	9.7749e-20	0.00e+00	0.00e+00	9.3402e+01
1.33555e+16	1.0106e+04	4.152e-14	1.0000e+05	5.8708e+04	1.6671e-11	4.8848e-01	5.1152e-01	1.3625e-01	8.6237e-01	1.3776e-03	3.6135e-13	2.5336e-04	7.4072e-01	2.5890e-01	1.1557e-04	5.3815e-01	4.5676e-01	5.0832e-03	6.2036e-06	7.3035e-07	1.1755e-36	1.1090e-19	0.00e+00	0.00e+00	9.6516e+01
1.33653e+16	1.0008e+04	3.853e-14	1.0000e+05	5.6149e+04	1.9245e-11	5.1240e-01	4.8760e-01	1.4760e-01	8.5098e-01	1.4151e-03	4.0294e-13	2.4915e-04	7.5889e-01	2.4075e-01	9.7770e-05	5.6242e-01	4.3350e-01	4.0756e-03	5.6034e-06	5.6846e-07	1.1755e-36	1.2428e-19	0.00e+00	0.00e+00	9.9605e+01
1.33743e+16	9.9303e+03	3.581e-14	1.0000e+05	5.3816e+04	2.1775e-11	5.3455e-01	4.6545e-01	1.5895e-01	8.3960e-01	1.4529e-03	4.4275e-13	2.4480e-04	7.7507e-01	2.2459e-01	8.4081e-05	5.8460e-01	4.1208e-01	3.3096e-03	5.0988e-06	4.4928e-07	1.1755e-36	1.3693e-19	0.00e+00	0.00e+00	1.0243e+02
1.33809e+16	9.8604e+03	3.384e-14	1.0000e+05	5.2056e+04	2.3967e-11	5.5148e-01	4.4852e-01	1.6812e-01	8.3039e-01	1.4823e-03	4.7403e-13	2.4116e-04	7.8686e-01	2.1282e-01	7.5414e-05	6.0138e-01	3.9579e-01	2.8239e-03	4.7440e-06	3.7582e-07	1.1755e-36	1.4668e-19	0.00e+00	0.00e+00	1.0415e+02
1.33853e+16	9.8180e+03	3.255e-14	1.0000e+05	5.0915e+04	2.5424e-11	5.6217e-01	4.3783e-01	1.7438e-01	8.2411e-01	1.5024e-03	4.9396e-13	2.3882e-04	7.9434e-01	2.0534e-01	7.0312e-05	6.1192e-01	3.8553e-01	2.5462e-03	4.5313e-06	3.3472e-07	1.1755e-36	1.5263e-19	0.00e+00	0.00e+00	1.0548e+02
1.33893e+16	9.7749e+03	3.136e-14	1.0000e+05	4.9861e+04	2.6910e-11	5.7236e-01	4.2764e-01	1.8060e-01	8.1788e-01	1.5207e-03	5.1359e-13	2.3627e-04	8.0141e-01	1.9828e-01	6.5754e-05	6.2190e-01	3.7579e-01	2.3064e-03	4.3370e-06	2.9970e-07	1.1755e-36	1.5850e-19	0.00e+00	0.00e+00	1.0707e+02
1.33943e+16	9.7186e+03	2.994e-14	1.0000e+05	4.8597e+04	2.8834e-11	5.8494e-01	4.1506e-01	1.8845e-01	8.1000e-01	1.5423e-03	5.3768e-13	2.3342e-04	8.0983e-01	1.8987e-01	6.0691e-05	6.3415e-01	3.6381e-01	2.0424e-03	4.1076e-06	2.6169e-07	1.1755e-36	1.6546e-19	0.00e+00	0.00e+00	1.0907e+02
1.33997e+16	9.6631e+03	2.840e-14	1.0000e+05	4.7162e+04	3.1054e-11	5.9864e-01	4.0136e-01	1.9725e-01	8.0118e-01	1.5685e-03	5.6434e-13	2.2965e-04	8.1864e-01	1.8107e-01	5.5780e-05	6.4740e-01	3.5081e-01	1.7847e-03	3.8692e-06	2.2525e-07	1.1755e-36	1.7311e-19	0.00e+00	0.00e+00	1.1111e+02
1.34048e+16	9.6073e+03	2.696e-14	1.0000e+05	4.5772e+04	3.3316e-11	6.1157e-01	3.8843e-01	2.0598e-01	7.9243e-01	1.5960e-03	5.8919e-13	2.2568e-04	8.2673e-01	1.7299e-01	5.1626e-05	6.5983e-01	3.3859e-01	1.5682e-03	3.6552e-06	1.9523e-07	1.1755e-36	1.7977e-19	0.00e+00	0.00e+00	1.1300e+02
1.34096e+16	9.5592e+03	2.565e-14	1.0000e+05	4.4461e+04	3.5479e-11	6.2327e-01	3.7673e-01	2.1430e-01	7.8408e-01	1.6242e-03	6.1150e-13	2.2151e-04	8.3393e-01	1.6579e-01	4.8172e-05	6.7101e-01	3.2760e-01	1.3905e-03	3.4697e-06	1.7101e-07	1.1755e-36	1.8536e-19	0.00e+00	0.00e+00	1.1482e+02
1.34143e+16	9.5009e+03	2.439e-14	1.0000e+05	4.3237e+04	3.7890e-11	6.3527e-01	3.6473e-01	2.2328e-01	7.7507e-01	1.6483e-03	6.3510e-13	2.1801e-04	8.4117e-01	1.5856e-01	4.4995e-05	6.8241e-01	3.1636e-01	1.2309e-03	3.2877e-06	1.4952e-07	1.1755e-36	1.9127e-19	0.00e+00	0.00e+00	1.1675e+02
1.34191e+16	9.4522e+03	2.312e-14	1.0000e+05	4.1931e+04	4.0316e-11	6.4694e-01	3.5306e-01	2.3237e-01	7.6596e-01	1.6780e-03	6.5735e-13	2.1365e-04	8.4802e-01	1.5172e-01	4.2144e-05	6.9343e-01	3.0548e-01	1.0879e-03	3.1173e-06	1.3060e-07	1.1755e-36	1.9627e-19	0.00e+00	0.00e+00	1.1870e+02
1.34239e+16	9.3882e+03	2.191e-14	1.0000e+05	4.0703e+04	4.3136e-11	6.5914e-01	3.4086e-01	2.4237e-01	7.5593e-01	1.7029e-03	6.8145e-13	2.0975e-04	8.5500e-01	1.4475e-01	3.9502e-05	7.0489e-01	2.9415e-01	9.5855e-04	2.9469e-06	1.1755e-36	1.1755e-36	2.0171e-19	0.00e+00	0.00e+00	1.2072e+02
1.34286e+16	9.3434e+03	2.073e-14	1.0000e+05	3.9426e+04	4.5713e-11	6.7032e-01	3.2968e-01	2.5199e-01	7.4628e-01	1.7350e-03	7.0220e-13	2.0501e-04	8.6125e-01	1.3850e-01	3.7238e-05	7.1532e-01	2.8383e-01	8.4764e-04	2.7961e-06	1.1755e-36	1.1755e-36	2.0553e-19	0.00e+00	0.00e+00	1.2267e+02
1.34333e+16	9.2808e+03	1.961e-14	1.0000e+05	3.8210e+04	4.8746e-11	6.8168e-01	3.1832e-01	2.6223e-01	7.3600e-01	1.7627e-03	7.2376e-13	2.0073e-04	8.6746e-01	1.3230e-01	3.5180e-05	7.2588e-01	2.7337e-01	7.4937e-04	2.6490e-06	1.1755e-36	1.1755e-36	2.0929e-19	0.00e+00	0.00e+00	1.2470e+02
1.34380e+16	9.2214e+03	1.853e-14	1.0000e+05	3.7024e+04	5.1879e-11	6.9301e-01	3.0699e-01	2.7300e-01	7.2521e-01	1.7900e-03	7.4533e-13	1.9653e-04	8.7349e-01	1.2627e-01	3.3314e-05	7.3635e-01	2.6298e-01	6.6151e-04	2.5073e-06	1.1755e-36	1.1755e-36	2.1284e-19	0.00e+00	0.00e+00	1.2674e+02
1.34426e+16	9.1648e+03	1.749e-14	1.0000e+05	3.5847e+04	5.5072e-11	7.0381e-01	2.9619e-01	2.8377e-01	7.1441e-01	1.8192e-03	7.6517e-13	1.9203e-04	8.7910e-01	1.2068e-01	3.1681e-05	7.4628e-01	2.5314e-01	5.8557e-04	2.3771e-06	1.1755e-36	1.1755e-36	2.1540e-19	0.00e+00	0.00e+00	1.2876e+02
1.34471e+16	9.1106e+03	1.650e-14	1.0000e+05	3.4675e+04	5.8348e-11	7.1417e-01	2.8583e-01	2.9459e-01	7.0356e-01	1.8497e-03	7.8358e-13	1.8735e-04	8.8435e-01	1.1543e-01	3.0236e-05	7.5575e-01	2.4372e-01	5.1936e-04	2.2561e-06	1.1755e-36	1.1755e-36	2.1709e-19	0.00e+00	0.00e+00	1.3081e+02
1.34517e+16	9.0431e+03	1.555e-14	1.0000e+05	3.3561e+04	6.2134e-11	7.2490e-01	2.7510e-01	3.0642e-01	6.9170e-01	1.8757e-03	8.0325e-13	1.8301e-04	8.8965e-01	1.1014e-01	2.8894e-05	7.6552e-01	2.3402e-01	4.5947e-04	2.1352e-06	1.1755e-36	1.1755e-36	2.1891e-19	0.00e+00	0.00e+00	1.3293e+02
1.34563e+16	8.9905e+03	1.463e-14	1.0000e+05	3.2409e+04	6.5689e-11	7.3483e-01	2.6517e-01	3.1790e-01	6.8019e-01	1.9085e-03	8.1980e-13	1.7814e-04	8.9442e-01	1.0537e-01	2.7728e-05	7.7452e-01	2.2507e-01	4.0773e-04	2.0264e-06	1.1755e-36	1.1755e-36	2.1917e-19	0.00e+00	0.00e+00	1.3501e+02
1.34608e+16	8.9200e+03	1.377e-14	1.0000e+05	3.1342e+04	6.9919e-11	7.4501e-01	2.5499e-01	3.3031e-01	6.6776e-01	1.9333e-03	8.3769e-13	1.7379e-04	8.9920e-01	1.0060e-01	2.6659e-05	7.8371e-01	2.1593e-01	3.6180e-04	1.9186e-06	1.1755e-36	1.1755e-36	2.1969e-19	0.00e+00	0.00e+00	1.3715e+02
1.34653e+16	8.8691e+03	1.294e-14	1.0000e+05	3.0247e+04	7.3717e-11	7.5434e-01	2.4566e-01	3.4230e-01	6.5573e-01	1.9661e-03	8.5220e-13	1.6885e-04	9.0346e-01	9.6339e-02	2.5730e-05	7.9208e-01	2.0759e-01	3.2219e-04	1.8222e-06	1.1755e-36	1.1755e-36	2.1866e-19	0.00e+00	0.00e+00	1.3926e+02
1.34698e+16	8.7987e+03	1.215e-14	1.0000e+05	2.9192e+04	7.8359e-11	7.6385e-01	2.3615e-01	3.5509e-01	6.4291e-01	1.9931e-03	8.6732e-13	1.6429e-04	9.0770e-01	9.2107e-02	2.4877e-05	8.0059e-01	1.9912e-01	2.8694e-04	1.7271e-06	1.1755e-36	1.1755e-36	2.1741e-19	0.00e+00	0.00e+00	1.4146e+02
1.34743e+16	8.7312e+03	1.139e-14	1.0000e+05	2.8170e+04	8.3155e-11	7.7327e-01	2.2673e-01	3.6842e-01	6.2956e-01	2.0187e-03	8.8222e-13	1.5985e-04	9.1176e-01	8.8059e-02	2.4103e-05	8.0897e-01	1.9077e-01	2.5562e-04	1.6355e-06	1.1755e-36	1.1755e-36	2.1592e-19	0.00e+00	0.00e+00	1.4365e+02
1.34787e+16	8.6668e+03	1.069e-14	1.0000e+05	2.7171e+04	8.8014e-11	7.8207e-01	2.1793e-01	3.8157e-01	6.1638e-01	2.0457e-03	8.9510e-13	1.5528e-04	9.1545e-01	8.4371e-02	2.3429e-05	8.1678e-01	1.8299e-01	2.2888e-04	1.5519e-06	1.1755e-36	1.1755e-36	2.1349e-19	0.00e+00	0.00e+00	1.4580e+02
1.34831e+16	8.6049e+03	1.002e-14	1.0000e+05	2.6191e+04	9.2998e-11	7.9046e-01	2.0954e-01	3.9473e-01	6.0319e-01	2.0729e-03	9.0665e-13	1.5068e-04	9.1888e-01	8.0945e-02	2.2828e-05	8.2419e-01	1.7561e-01	2.0567e-04	1.4742e-06	1.1755e-36	1.1755e-36	2.1039e-19	0.00e+00	0.00e+00	1.4800e+02
1.34875e+16	8.5274e+03	9.378e-15	1.0000e+05	2.5249e+04	9.8970e-11	7.9911e-01	2.0089e-01	4.0900e-01	5.8891e-01	2.0939e-03	9.1914e-13	1.4635e-04	9.2231e-01	7.7519e-02	2.2269e-05	8.3180e-01	1.6801e-01	1.8473e-04	1.3962e-06	1.1755e-36	1.1755e-36	2.0730e-19	0.00e+00	0.00e+00	1.5027e+02
1.34920e+16	8.4672e+03	8.769e-15	1.0000e+05	2.4294e+04	1.0441e-10	8.0702e-01	1.9298e-01	4.2275e-01	5.7513e-01	2.1221e-03	9.2859e-13	1.4168e-04	9.2534e-01	7.4496e-02	2.1780e-05	8.3873e-01	1.6110e-01	1.6673e-04	1.3263e-06	1.1755e-36	1.1755e-36	2.0295e-19	0.00e+00	0.00e+00	1.5249e+02
1.34964e+16	8.3906e+03	8.200e-15	1.0000e+05	2.3387e+04	1.1096e-10	8.1490e-01	1.8510e-01	4.3715e-01	5.6071e-01	2.1434e-03	9.3837e-13	1.3725e-04	9.2828e-01	7.1555e-02	2.1337e-05	8.4562e-01	1.5423e-01	1.5100e-04	1.2584e-06	1.1755e-36	1.1755e-36	1.9851e-19	0.00e+00	0.00e+00	1.5477e+02
1.35008e+16	8.3152e+03	7.660e-15	1.0000e+05	2.2512e+04	1.1783e-10	8.2262e-01	1.7738e-01	4.5198e-01	5.4585e-01	2.1619e-03	9.4786e-13	1.3305e-04	9.3107e-01	6.8777e-02	2.0933e-05	8.5234e-01	1.4752e-01	1.3710e-04	1.1932e-06	1.1755e-36	1.1755e-36	1.9391e-19	0.00e+00	0.00e+00	1.5707e+02
1.35052e+16	8.2421e+03	7.153e-15	1.0000e+05	2.1654e+04	1.2493e-10	8.2990e-01	1.7010e-01	4.6673e-01	5.3109e-01	2.1810e-03	9.5594e-13	1.2877e-04	9.3360e-01	6.6245e-02	2.0576e-05	8.5866e-01	1.4122e-01	1.2514e-04	1.1329e-06	1.1755e-36	1.1755e-36	1.8874e-19	0.00e+00	0.00e+00	1.5936e+02
1.35096e+16	8.1659e+03	6.677e-15	1.0000e+05	2.0821e+04	1.3264e-10	8.3692e-01	1.6308e-01	4.8169e-01	5.1611e-01	2.1977e-03	9.6337e-13	1.2458e-04	9.3598e-01	6.3874e-02	2.0254e-05	8.6473e-01	1.3515e-01	1.1472e-04	1.0760e-06	1.1755e-36	1.1755e-36	1.8325e-19	0.00e+00	0.00e+00	1.6169e+02
1.35140e+16	8.0897e+03	6.228e-15	1.0000e+05	2.0012e+04	1.4082e-10	8.4371e-01	1.5629e-01	4.9691e-01	5.0088e-01	2.2124e-03	9.7026e-13	1.2045e-04	9.3819e-01	6.1668e-02	1.9962e-05	8.7059e-01	1.2931e-01	1.0561e-04	1.0219e-06	1.1755e-36	1.1755e-36	1.7754e-19	0.00e+00	0.00e+00	1.6403e+02
1.35184e+16	8.0085e+03	5.809e-15	1.0000e+05	1.9226e+04	1.4990e-10	8.5021e-01	1.4979e-01	5.1214e-01	4.8564e-01	2.2246e-03	9.7656e-13	1.1634e-04	9.4022e-01	5.9638e-02	1.9703e-05	8.7618e-01	1.2372e-01	9.7751e-05	9.7109e-07	1.1755e-36	1.1755e-36	1.7159e-19	0.00e+00	0.00e+00	1.6637e+02
1.35227e+16	7.9286e+03	5.423e-15	1.0000e+05	1.8487e+04	1.5934e-10	8.5634e-01	1.4366e-01	5.2735e-01	4.7042e-01	2.2331e-03	9.8228e-13	1.1257e-04	9.4208e-01	5.7786e-02	1.9473e-05	8.8143e-01	1.1847e-01	9.1035e-05	9.2400e-07	1.1755e-36	1.1755e-36	1.6567e-19	0.00e+00	0.00e+00	1.6867e+02
1.35269e+16	7.8491e+03	5.065e-15	1.0000e+05	1.7776e+04	1.6934e-10	8.6212e-01	1.3788e-01	5.4248e-01	4.5528e-01	2.2394e-03	9.8745e-13	1.0883e-04	9.4377e-01	5.6096e-02	1.9267e-05	8.8638e-01	1.1353e-01	8.5251e-05	8.8022e-07	1.1755e-36	1.1755e-36	1.5968e-19	0.00e+00	0.00e+00	1.7100e+02
1.35312e+16	7.7701e+03	4.729e-15	1.0000e+05	1.7092e+04	1.7994e-10	8.6766e-01	1.3234e-01	5.5768e-01	4.4008e-01	2.2427e-03	9.9236e-13	1.0520e-04	9.4533e-01	5.4543e-02	1.9081e-05	8.9111e-01	1.0881e-01	8.0213e-05	8.3890e-07	1.1755e-36	1.1755e-36	1.5370e-19	0.00e+00	0.00e+00	1.7334e+02
1.35355e+16	7.6860e+03	4.416e-15	1.0000e+05	1.6427e+04	1.9183e-10	8.7297e-01	1.2703e-01	5.7286e-01	4.2490e-01	2.2429e-03	9.9699e-13	1.0164e-04	9.4676e-01	5.3120e-02	1.8916e-05	8.9563e-01	1.0429e-01	7.5860e-05	7.9991e-07	1.1755e-36	1.1755e-36	1.4767e-19	0.00e+00	0.00e+00	1.7569e+02
1.35397e+16	7.5986e+03	4.127e-15	1.0000e+05	1.5803e+04	2.0487e-10	8.7807e-01	1.2193e-01	5.8816e-01	4.0960e-01	2.2370e-03	1.0018e-12	9.8303e-05	9.4808e-01	5.1806e-02	1.8767e-05	8.9996e-01	9.9965e-02	7.2108e-05	7.6298e-07	1.1755e-36	1.1755e-36	1.4191e-19	0.00e+00	0.00e+00	1.7802e+02
1.35440e+16	7.5155e+03	3.857e-15	1.0000e+05	1.5194e+04	2.1835e-10	8.8281e-01	1.1719e-01	6.0327e-01	3.9450e-01	2.2307e-03	1.0059e-12	9.4992e-05	9.4926e-01	5.0629e-02	1.8633e-05	9.0398e-01	9.5946e-02	6.8864e-05	7.2899e-07	1.1755e-36	1.1755e-36	1.3606e-19	0.00e+00	0.00e+00	1.8040e+02
1.35482e+16	7.4294e+03	3.605e-15	1.0000e+05	1.4611e+04	2.3324e-10	8.8739e-01	1.1261e-01	6.1843e-01	3.7935e-01	2.2195e-03	1.0103e-12	9.1806e-05	9.5033e-01	4.9554e-02	1.8514e-05	9.0785e-01	9.2079e-02	6.6052e-05	6.9666e-07	1.1755e-36	1.1755e-36	1.3042e-19	0.00e+00	0.00e+00	1.8279e+02
1.35525e+16	7.3476e+03	3.371e-15	1.0000e+05	1.4041e+04	2.4860e-10	8.9157e-01	1.0843e-01	6.3321e-01	3.6458e-01	2.2090e-03	1.0139e-12	8.8630e-05	9.5127e-01	4.8618e-02	1.8407e-05	9.1139e-01	8.8546e-02	6.3643e-05	6.6735e-07	1.1755e-36	1.1755e-36	1.2467e-19	0.00e+00	0.00e+00	1.8519e+02
1.35567e+16	7.2610e+03	3.156e-15	1.0000e+05	1.3510e+04	2.6584e-10	8.9560e-01	1.0440e-01	6.4796e-01	3.4985e-01	2.1912e-03	1.0181e-12	8.5686e-05	9.5213e-01	4.7764e-02	1.8313e-05	9.1479e-01	8.5153e-02	6.1589e-05	6.3949e-07	1.1755e-36	1.1755e-36	1.1939e-19	0.00e+00	0.00e+00	1.8757e+02
1.35610e+16	7.1712e+03	2.956e-15	1.0000e+05	1.3002e+04	2.8507e-10	8.9942e-01	1.0058e-01	6.6265e-01	3.3518e-01	2.1685e-03	1.0226e-12	8.2864e-05	9.5292e-01	4.6983e-02	1.8230e-05	9.1801e-01	8.1933e-02	5.9832e-05	6.1330e-07	1.1755e-36	1.1755e-36	1.1434e-19	0.00e+00	0.00e+00	1.9000e+02
1.35653e+16	7.0804e+03	2.767e-15	1.0000e+05	1.2509e+04	3.0615e-10	9.0309e-01	9.6905e-02	6.7742e-01	3.2044e-01	2.1419e-03	1.0273e-12	8.0097e-05	9.5362e-01	4.6277e-02	1.8154e-05	9.2109e-01	7.8848e-02	5.8300e-05	5.8840e-07	1.1755e-36	1.1755e-36	1.0943e-19	0.00e+00	0.00e+00	1.9251e+02
1.35697e+16	6.9886e+03	2.590e-15	1.0000e+05	1.2032e+04	3.2934e-10	9.0659e-01	9.3407e-02	6.9216e-01	3.0573e-01	2.1112e-03	1.0322e-12	7.7407e-05	9.5425e-01	4.5653e-02	1.8087e-05	9.2403e-01	7.5913e-02	5.6984e-05	5.6490e-07	1.1755e-36	1.1755e-36	1.0474e-19	0.00e+00	0.00e+00	1.9505e+02
1.35742e+16	6.8961e+03	2.426e-15	1.0000e+05	1.1577e+04	3.5476e-10	9.0989e-01	9.0114e-02	7.0674e-01	2.9118e-01	2.0758e-03	1.0376e-12	7.4828e-05	9.5480e-01	4.5105e-02	1.8028e-05	9.2679e-01	7.3154e-02	5.5870e-05	5.4296e-07	1.1755e-36	1.1755e-36	1.0032e-19	0.00e+00	0.00e+00	1.9763e+02
1.35787e+16	6.8028e+03	2.274e-15	1.0000e+05	1.1143e+04	3.8272e-10	9.1298e-01	8.7017e-02	7.2118e-01	2.7679e-01	2.0359e-03	1.0433e-12	7.2356e-05	9.5528e-01	4.4625e-02	1.7977e-05	9.2938e-01	7.0561e-02	5.4932e-05	5.2248e-07	1.1755e-36	1.1755e-36	9.6194e-20	0.00e+00	0.00e+00	2.0027e+02
1.35834e+16	6.7086e+03	2.132e-15	1.0000e+05	1.0727e+04	4.1362e-10	9.1591e-01	8.4088e-02	7.3552e-01	2.6249e-01	1.9913e-03	1.0495e-12	6.9971e-05	9.5570e-01	4.4207e-02	1.7933e-05	9.3183e-01	6.8111e-02	5.4144e-05	5.0326e-07	1.1755e-36	1.1755e-36	9.2340e-20	0.00e+00	0.00e+00	2.0298e+02
1.35881e+16	6.6069e+03	1.999e-15	1.0000e+05	1.0333e+04	4.5010e-10	9.1879e-01	8.1206e-02	7.4992e-01	2.4814e-01	1.9380e-03	1.0569e-12	6.7734e-05	9.5608e-01	4.3829e-02	1.7895e-05	9.3424e-01	6.5704e-02	5.3502e-05	4.8455e-07	1.1755e-36	1.1755e-36	8.8948e-20	0.00e+00	0.00e+00	2.0579e+02
1.35931e+16	6.5093e+03	1.874e-15	1.0000e+05	9.9466e+03	4.8894e-10	9.2144e-01	7.8561e-02	7.6417e-01	2.3394e-01	1.8829e-03	1.0645e-12	6.5505e-05	9.5640e-01	4.3519e-02	1.7862e-05	9.3645e-01	6.3495e-02	5.2963e-05	4.6742e-07	1.1755e-36	1.1755e-36	8.5679e-20	0.00e+00	0.00e+00	2.0874e+02
1.35982e+16	6.4109e+03	1.757e-15	1.0000e+05	9.5767e+03	5.3214e-10	9.2393e-01	7.6070e-02	7.7824e-01	2.1994e-01	1.8233e-03	1.0728e-12	6.3358e-05	9.5664e-01	4.3274e-02	1.7835e-05	9.3853e-01	6.1416e-02	5.2532e-05	4.5141e-07	1.1755e-36	1.1755e-36	8.2728e-20	0.00e+00	0.00e+00	2.1180e+02
1.36036e+16	6.3129e+03	1.650e-15	1.0000e+05	9.2277e+03	5.7970e-10	9.2624e-01	7.3758e-02	7.9202e-01	2.0623e-01	1.7590e-03	1.0818e-12	6.1325e-05	9.5684e-01	4.3080e-02	1.7812e-05	9.4046e-01	5.9487e-02	5.2200e-05	4.3663e-07	1.1755e-36	1.1755e-36	8.0158e-20	0.00e+00	0.00e+00	2.1496e+02
1.36091e+16	6.2143e+03	1.550e-15	1.0000e+05	8.8954e+03	6.3260e-10	9.2841e-01	7.1594e-02	8.0558e-01	1.9273e-01	1.6901e-03	1.0917e-12	5.9383e-05	9.5699e-01	4.2927e-02	1.7795e-05	9.4226e-01	5.7683e-02	5.1954e-05	4.2288e-07	1.1755e-36	1.1755e-36	7.7948e-20	0.00e+00	0.00e+00	2.1832e+02
1.36151e+16	6.1148e+03	1.456e-15	1.0000e+05	8.5765e+03	6.9180e-10	9.3045e-01	6.9551e-02	8.1899e-01	1.7939e-01	1.6164e-03	1.1026e-12	5.7513e-05	9.5711e-01	4.2815e-02	1.7781e-05	9.4397e-01	5.5980e-02	5.1782e-05	4.0997e-07	1.1755e-36	1.1755e-36	7.6095e-20	0.00e+00	0.00e+00	2.2192e+02
1.36214e+16	6.0148e+03	1.369e-15	1.0000e+05	8.2721e+03	7.5779e-10	9.3237e-01	6.7634e-02	8.3218e-01	1.6628e-01	1.5384e-03	1.1146e-12	5.5724e-05	9.5718e-01	4.2744e-02	1.7771e-05	9.4557e-01	5.4382e-02	5.1677e-05	3.9790e-07	1.1755e-36	1.1755e-36	7.4626e-20	0.00e+00	0.00e+00	2.2580e+02
1.36283e+16	5.9150e+03	1.289e-15	1.0000e+05	7.9836e+03	8.3086e-10	9.3414e-01	6.5858e-02	8.4509e-01	1.5345e-01	1.4562e-03	1.1276e-12	5.4024e-05	9.5722e-01	4.2708e-02	1.7764e-05	9.4705e-01	5.2901e-02	5.1633e-05	3.8677e-07	1.1755e-36	1.1755e-36	7.3565e-20	0.00e+00	0.00e+00	2.3003e+02
1.36359e+16	5.8154e+03	1.214e-15	1.0000e+05	7.7113e+03	9.1172e-10	9.3579e-01	6.4210e-02	8.5765e-01	1.4098e-01	1.3706e-03	1.1419e-12	5.2417e-05	9.5723e-01	4.2697e-02	1.7760e-05	9.4842e-01	5.1526e-02	5.1643e-05	3.7648e-07	1.1755e-36	1.1755e-36	7.2940e-20	0.00e+00	0.00e+00	2.3472e+02
1.36443e+16	5.7165e+03	1.145e-15	1.0000e+05	7.4546e+03	1.0006e-09	9.3732e-01	6.2685e-02	8.6977e-01	1.2894e-01	1.2827e-03	1.1573e-12	5.0903e-05	9.5723e-01	4.2702e-02	1.7758e-05	9.4969e-01	5.0253e-02	5.1701e-05	3.6699e-07	1.1755e-36	1.1755e-36	7.2759e-20	0.00e+00	0.00e+00	2.4004e+02
1.36540e+16	5.6188e+03	1.082e-15	1.0000e+05	7.2145e+03	1.0977e-09	9.3872e-01	6.1280e-02	8.8137e-01	1.1743e-01	1.1935e-03	1.1739e-12	4.9487e-05	9.5722e-01	4.2711e-02	1.7757e-05	9.5087e-01	4.9080e-02	5.1798e-05	3.5826e-07	1.1755e-36	1.1755e-36	7.3040e-20	0.00e+00	0.00e+00	2.4623e+02
1.36653e+16	5.5264e+03	1.027e-15	1.0000e+05	6.9981e+03	1.1986e-09	9.3996e-01	6.0039e-02	8.9200e-01	1.0689e-01	1.1073e-03	1.1909e-12	4.8213e-05	9.5720e-01	4.2735e-02	1.7755e-05	9.5191e-01	4.8042e-02	5.1923e-05	3.5056e-07	1.1755e-36	1.1755e-36	7.3736e-20	0.00e+00	0.00e+00	2.5334e+02
1.36772e+16	5.4550e+03	9.836e-16	1.0000e+05	6.8235e+03	1.2830e-09	9.4085e-01	5.9148e-02	9.0049e-01	9.8476e-02	1.0365e-03	1.2052e-12	4.7161e-05	9.5707e-01	4.2865e-02	1.7750e-05	9.5265e-01	4.7294e-02	5.2027e-05	3.4498e-07	1.1755e-36	1.1755e-36	7.4375e-20	0.00e+00	0.00e+00	2.6041e+02
1.36891e+16	5.3947e+03	9.526e-16	1.0000e+05	6.7000e+03	1.3588e-09	9.4156e-01	5.8442e-02	9.0691e-01	9.2109e-02	9.7901e-04	1.2174e-12	4.6439e-05	9.5698e-01	4.2958e-02	1.7745e-05	9.5325e-01	4.6702e-02	5.2138e-05	3.4057e-07	1.1755e-36	1.1755e-36	7.5382e-20	0.00e+00	0.00e+00	2.6745e+02
1.37009e+16	5.3504e+03	9.300e-16	1.0000e+05	6.6136e+03	1.4171e-09	9.4212e-01	5.7881e-02	9.1171e-01	8.7354e-02	9.3394e-04	1.2269e-12	4.5939e-05	9.5692e-01	4.3012e-02	1.7736e-05	9.5371e-01	4.6236e-02	5.2216e-05	3.3707e-07	1.1755e-36	1.1755e-36	7.6301e-20	0.00e+00	0.00e+00	2.7446e+02
1.37126e+16	5.3107e+03	9.131e-16	1.0000e+05	6.5427e+03	1.4718e-09	9.4252e-01	5.7477e-02	9.1520e-01	8.3900e-02	9.0078e-04	1.2353e-12	4.5535e-05	9.5687e-01	4.3070e-02	1.7729e-05	9.5405e-01	4.5895e-02	5.2304e-05	3.3452e-07	1.1755e-36	1.1755e-36	7.7259e-20	0.00e+00	0.00e+00	2.8146e+02
1.37244e+16	5.2891e+03	9.005e-16	1.0000e+05	6.4918e+03	1.5022e-09	9.4278e-01	5.7217e-02	9.1775e-01	8.1377e-02	8.7641e-04	1.2405e-12	4.5234e-05	9.5685e-01	4.3091e-02	1.7714e-05	9.5427e-01	4.5676e-02	5.2328e-05	3.3280e-07	1.1755e-36	1.1755e-36	7.7659e-20	0.00e+00	0.00e+00	2.8844e+02
1.37361e+16	5.2714e+03	8.910e-16	1.0000e+05	6.4532e+03	1.5275e-09	9.4300e-01	5.7005e-02	9.1963e-01	7.9511e-02	8.5779e-04	1.2447e-12	4.5004e-05	9.5684e-01	4.3101e-02	1.7699e-05	9.5445e-01	4.5499e-02	5.2348e-05	3.3139e-07	1.1755e-36	1.1755e-36	7.8042e-20	0.00e+00	0.00e+00	2.9541e+02
1.37478e+16	5.2584e+03	8.837e-16	1.0000e+05	6.4230e+03	1.5464e-09	9.4316e-01	5.6845e-02	9.2102e-01	7.8135e-02	8.4378e-04	1.2480e-12	4.4825e-05	9.5684e-01	4.3100e-02	1.7683e-05	9.5458e-01	4.5365e-02	5.2357e-05	3.3030e-07	1.1755e-36	1.1755e-36	7.8314e-20	0.00e+00	0.00e+00	3.0237e+02
1.37595e+16	5.2475e+03	8.781e-16	1.0000e+05	6.4010e+03	1.5623e-09	9.4331e-01	5.6692e-02	9.2208e-01	7.7091e-02	8.3245e-04	1.2507e-12	4.4692e-05	9.5685e-01	4.3087e-02	1.7667e-05	9.5471e-01	4.5239e-02	5.2362e-05	3.2927e-07	1.1755e-36	1.1755e-36	7.8599e-20	0.00e+00	0.00e+00	3.0933e+02
1.37712e+16	5.2406e+03	8.737e-16	1.0000e+05	6.3856e+03	1.5724e-09	9.4344e-01	5.6563e-02	9.2288e-01	7.6297e-02	8.2332e-04	1.2526e-12	4.4604e-05	9.5688e-01	4.3059e-02	1.7649e-05	9.5482e-01	4.5132e-02	5.2352e-05	3.2835e-07	1.1755e-36	1.1755e-36	7.8776e-20	0.00e+00	0.00e+00	3.1628e+02
1.37846e+16	5.2220e+03	8.682e-16	1.0000e+05	6.3700e+03	1.6006e-09	9.4367e-01	5.6332e-02	9.2364e-01	7.5544e-02	8.1315e-04	1.2567e-12	4.4548e-05	9.5712e-01	4.2818e-02	1.7630e-05	9.5501e-01	4.4939e-02	5.2386e-05	3.2681e-07	1.1755e-36	1.1755e-36	7.9585e-20	0.00e+00	0.00e+00	3.2533e+02
1.38021e+16	5.2094e+03	8.616e-16	1.0000e+05	6.3431e+03	1.6200e-09	9.4384e-01	5.6162e-02	9.2422e-01	7.4975e-02	8.0647e-04	1.2602e-12	4.4406e-05	9.5740e-01	4.2539e-02	1.7603e-05	9.5515e-01	4.4797e-02	5.2387e-05	3.2560e-07	1.1755e-36	1.1755e-36	7.9930e-20	0.00e+00	0.00e+00	3.3708e+02
1.38247e+16	5.1962e+03	8.549e-16	1.0000e+05	6.3198e+03	1.6405e-09	9.4406e-01	5.5944e-02	9.2479e-01	7.4414e-02	7.9848e-04	1.2640e-12	4.4295e-05	9.5775e-01	4.2187e-02	1.7567e-05	9.5533e-01	4.4617e-02	5.2378e-05	3.2403e-07	1.1755e-36	1.1755e-36	8.0384e-20	0.00e+00	0.00e+00	3.5237e+02
1.38542e+16	5.1807e+03	8.477e-16	1.0000e+05	6.2957e+03	1.6649e-09	9.4430e-01	5.5703e-02	9.2532e-01	7.3892e-02	7.8971e-04	1.2683e-12	4.4187e-05	9.5816e-01	4.1773e-02	1.7520e-05	9.5553e-01	4.4417e-02	5.2364e-05	3.2225e-07	1.1755e-36	1.1755e-36	8.0968e-20	0.00e+00	0.00e+00	3.7225e+02
1.38926e+16	5.1618e+03	8.391e-16	1.0000e+05	6.2540e+03	1.6955e-09	9.4444e-01	5.5558e-02	9.2568e-01	7.3533e-02	7.8341e-04	1.2734e-12	4.3979e-05	9.5862e-01	4.1314e-02	1.7461e-05	9.5565e-01	4.4292e-02	5.2354e-05	3.2097e-07	1.1755e-36	1.1755e-36	8.1470e-20	0.00e+00	0.00e+00	3.9810e+02
1.39424e+16	5.1367e+03	8.295e-16	1.0000e+05	6.2186e+03	1.7368e-09	9.4476e-01	5.5237e-02	9.2623e-01	7.2998e-02	7.7208e-04	1.2801e-12	4.3825e-05	9.5922e-01	4.0718e-02	1.7383e-05	9.5592e-01	4.4024e-02	5.2337e-05	3.1850e-07	1.1755e-36	1.1755e-36	8.2502e-20	0.00e+00	0.00e+00	4.3172e+02
1.40072e+16	5.1151e+03	8.191e-16	1.0000e+05	6.2020e+03	1.7719e-09	9.4535e-01	5.4646e-02	9.2713e-01	7.2115e-02	7.5288e-04	1.2868e-12	4.3788e-05	9.5996e-01	3.9978e-02	1.7275e-05	9.5641e-01	4.3542e-02	5.2251e-05	3.1425e-07	1.1755e-36	1.1755e-36	8.3730e-20	0.00e+00	0.00e+00	4.7545e+02
1.40915e+16	5.0877e+03	8.050e-16	1.0000e+05	6.1245e+03	1.8186e-09	9.4552e-01	5.4479e-02	9.2760e-01	7.1656e-02	7.4303e-04	1.2950e-12	4.3361e-05	9.6062e-01	3.9315e-02	1.7146e-05	9.5655e-01	4.3398e-02	5.2185e-05	3.1238e-07	1.1755e-36	1.1755e-36	8.4285e-20	0.00e+00	0.00e+00	5.3230e+02
1.42010e+16	5.0561e+03	7.890e-16	1.0000e+05	6.0617e+03	1.8726e-09	9.4605e-01	5.3946e-02	9.2854e-01	7.0737e-02	7.2300e-04	1.3050e-12	4.3040e-05	9.6147e-01	3.8471e-02	1.6973e-05	9.5699e-01	4.2957e-02	5.2055e-05	3.0804e-07	1.1755e-36	1.1755e-36	8.5475e-20	0.00e+00	0.00e+00	6.0626e+02
1.43434e+16	5.0209e+03	7.699e-16	1.0000e+05	5.9885e+03	1.9336e-09	9.4673e-01	5.3275e-02	9.2972e-01	6.9584e-02	6.9803e-04	1.3168e-12	4.2660e-05	9.6239e-01	3.7546e-02	1.6749e-05	9.5754e-01	4.2403e-02	5.1862e-05	3.0255e-07	1.1755e-36	1.1755e-36	8.6830e-20	0.00e+00	0.00e+00	7.0247e+02
1.45285e+16	4.9700e+03	7.471e-16	1.0000e+05	5.8940e+03	2.0214e-09	9.4756e-01	5.2442e-02	9.3114e-01	6.8187e-02	6.6790e-04	1.3301e-12	4.2171e-05	9.6347e-01	3.6468e-02	1.6467e-05	9.5823e-01	4.1716e-02	5.1650e-05	2.9577e-07	1.1755e-36	1.1755e-36	8.8141e-20	0.00e+00	0.00e+00	8.2765e+02
1.47691e+16	4.9061e+03	7.199e-16	1.0000e+05	5.7777e+03	2.1318e-09	9.4855e-01	5.1446e-02	9.3287e-01	6.6500e-02	6.3216e-04	1.3438e-12	4.1561e-05	9.6474e-01	3.5202e-02	1.6111e-05	9.5906e-01	4.0892e-02	5.1378e-05	2.8756e-07	1.1755e-36	1.1755e-36	8.9010e-20	0.00e+00	0.00e+00	9.9055e+02
1.50819e+16	4.8210e+03	6.877e-16	1.0000e+05	5.6206e+03	2.2832e-09	9.4966e-01	5.0344e-02	9.3478e-01	6.4622e-02	5.9319e-04	1.3610e-12	4.0699e-05	9.6612e-01	3.3821e-02	1.5669e-05	9.5997e-01	3.9977e-02	5.1066e-05	2.7823e-07	1.1755e-36	1.1755e-36	8.9899e-20	0.00e+00	0.00e+00	1.2026e+03
1.54886e+16	4.7313e+03	6.513e-16	1.0000e+05	5.4692e+03	2.4432e-09	9.5118e-01	4.8825e-02	9.3740e-01	6.2053e-02	5.4275e-04	1.3794e-12	3.9905e-05	9.6773e-01	3.2215e-02	1.5109e-05	9.6122e-01	3.8727e-02	5.0571e-05	2.6583e-07	1.1755e-36	1.1755e-36	9.0888e-20	0.00e+00	0.00e+00	1.4786e+03
1.60173e+16	4.6114e+03	6.096e-16	1.0000e+05	5.2727e+03	2.6584e-09	9.5288e-01	4.7115e-02	9.4029e-01	5.9217e-02	4.8950e-04	1.4013e-12	3.8865e-05	9.6952e-01	3.0421e-02	1.4427e-05	9.6264e-01	3.7314e-02	4.9998e-05	2.5167e-07	1.1755e-36	1.1755e-36	9.1626e-20	0.00e+00	0.00e+00	1.8382e+03
1.66367e+16	4.4900e+03	5.698e-16	1.0000e+05	5.0742e+03	2.8664e-09	9.5461e-01	4.5387e-02	9.4319e-01	5.6367e-02	4.3908e-04	1.4209e-12	3.7808e-05	9.7119e-01	2.8756e-02	1.3699e-05	9.6406e-01	3.5889e-02	4.9337e-05	2.3731e-07	1.1755e-36	1.1755e-36	9.1417e-20	0.00e+00	0.00e+00	2.2247e+03
1.72851e+16	4.3731e+03	5.342e-16	1.0000e+05	4.8893e+03	3.0503e-09	9.5623e-01	4.3766e-02	9.4585e-01	5.3757e-02	3.9557e-04	1.4369e-12	3.6843e-05	9.7274e-01	2.7211e-02	1.2995e-05	9.6540e-01	3.4555e-02	4.8658e-05	2.2388e-07	1.1755e-36	1.1755e-36	9.0248e-20	0.00e+00	0.00e+00	2.6206e+03
1.79597e+16	4.2569e+03	5.014e-16	1.0000e+05	4.7137e+03	3.2107e-09	9.5778e-01	4.2224e-02	9.4829e-01	5.1348e-02	3.5759e-04	1.4495e-12	3.5950e-05	9.7426e-01	2.5694e-02	1.2312e-05	9.6667e-01	3.3285e-02	4.7959e-05	2.1115e-07	1.1755e-36	1.1755e-36	8.8099e-20	0.00e+00	0.00e+00	3.0399e+03
1.86790e+16	4.1385e+03	4.706e-16	1.0000e+05	4.5430e+03	3.3448e-09	9.5928e-01	4.0718e-02	9.5061e-01	4.9070e-02	3.2358e-04	1.4589e-12	3.5107e-05	9.7581e-01	2.4146e-02	1.1635e-05	9.6791e-01	3.2044e-02	4.7224e-05	1.9880e-07	1.1755e-36	1.1755e-36	8.4889e-20	0.00e+00	0.00e+00	3.4911e+03
1.94420e+16	4.0209e+03	4.421e-16	1.0000e+05	4.3794e+03	3.4434e-09	9.6073e-01	3.9269e-02	9.5277e-01	4.6933e-02	2.9339e-04	1.4648e-12	3.4322e-05	9.7729e-01	2.2664e-02	1.0974e-05	9.6910e-01	3.0850e-02	4.6454e-05	1.8697e-07	1.1755e-36	1.1755e-36	8.0711e-20	0.00e+00	0.00e+00	3.9650e+03
2.02332e+16	3.9060e+03	4.163e-16	1.0000e+05	4.2255e+03	3.5048e-09	9.6210e-01	3.7902e-02	9.5477e-01	4.4963e-02	2.6703e-04	1.4676e-12	3.3612e-05	9.7868e-01	2.1277e-02	1.0345e-05	9.7023e-01	2.9724e-02	4.5670e-05	1.7590e-07	1.1755e-36	1.1755e-36	7.5866e-20	0.00e+00	0.00e+00	4.4516e+03
