#depth	Te	Htot	hden	eden	2H_2/H	HI	HII	HeI	HeII	HeIII	CO/C	C1	C2	C3	C4	O1	O2	O3	O4	O5	O6	H2O/O	AV(point)	AV(extend)	Tau912
1.69020e+10	9.8935e+03	4.279e-14	1.0000e+05	1.0239e+05	1.2889e-12	7.0945e-02	9.2906e-01	6.7657e-02	8.2857e-01	1.0377e-01	3.9515e-13	1.4270e-02	5.8286e-01	4.0207e-01	7.9764e-04	7.9351e-02	8.4827e-01	7.2140e-02	2.3562e-04	7.6086e-07	1.1755e-36	1.3849e-20	0.00e+00	0.00e+00	1.5145e-03
1.01412e+11	9.8851e+03	4.258e-14	1.0000e+05	1.0200e+05	1.2813e-12	7.0583e-02	9.2942e-01	6.7428e-02	8.2847e-01	1.0411e-01	3.8904e-13	1.4153e-02	5.8214e-01	4.0290e-01	8.0405e-04	7.8917e-02	8.4827e-01	7.2575e-02	2.3820e-04	7.7048e-07	1.1755e-36	1.3533e-20	0.00e+00	0.00e+00	7.5415e-03
4.39453e+11	9.8728e+03	4.232e-14	1.0000e+05	1.0192e+05	1.2774e-12	7.0312e-02	9.2969e-01	6.7491e-02	8.2847e-01	1.0404e-01	3.8568e-13	1.4096e-02	5.8241e-01	4.0269e-01	8.0653e-04	7.8597e-02	8.4825e-01	7.2911e-02	2.3944e-04	7.7460e-07	1.1755e-36	1.3343e-20	0.00e+00	0.00e+00	3.1557e-02
1.79161e+12	9.8355e+03	4.173e-14	1.0000e+05	1.0192e+05	1.2920e-12	7.0212e-02	9.2979e-01	6.8005e-02	8.2870e-01	1.0330e-01	3.8577e-13	1.4125e-02	5.8415e-01	4.0092e-01	8.0070e-04	7.8486e-02	8.4808e-01	7.3196e-02	2.3771e-04	7.6951e-07	1.1755e-36	1.3272e-20	0.00e+00	0.00e+00	1.2748e-01
4.27959e+12	9.7099e+03	3.983e-14	1.0000e+05	1.0216e+05	1.2239e-12	6.6926e-02	9.3307e-01	6.8418e-02	8.2875e-01	1.0283e-01	3.4879e-13	1.3815e-02	5.8580e-01	3.9955e-01	8.3403e-04	7.4516e-02	8.4712e-01	7.8106e-02	2.6081e-04	8.3554e-07	1.1755e-36	1.1331e-20	0.00e+00	0.00e+00	2.4635e-01
7.51396e+12	9.6063e+03	3.842e-14	1.0000e+05	1.0237e+05	1.2072e-12	6.5264e-02	9.3474e-01	6.9157e-02	8.2894e-01	1.0190e-01	3.3209e-13	1.3732e-02	5.8851e-01	3.9692e-01	8.4389e-04	7.2527e-02	8.4645e-01	8.0749e-02	2.6976e-04	8.5931e-07	1.1755e-36	1.0430e-20	0.00e+00	0.00e+00	3.9704e-01
1.17186e+13	9.5132e+03	3.734e-14	1.0000e+05	1.0239e+05	1.2392e-12	6.4953e-02	9.3505e-01	7.0150e-02	8.2930e-01	1.0055e-01	3.3047e-13	1.3821e-02	5.9193e-01	3.9342e-01	8.3217e-04	7.2169e-02	8.4601e-01	8.1555e-02	2.6544e-04	8.4586e-07	1.1755e-36	1.0234e-20	0.00e+00	0.00e+00	5.9200e-01
1.71847e+13	9.4520e+03	3.655e-14	1.0000e+05	1.0226e+05	1.3237e-12	6.6252e-02	9.3375e-01	7.1461e-02	8.2987e-01	9.8674e-02	3.4697e-13	1.4138e-02	5.9628e-01	3.8879e-01	7.9480e-04	7.3764e-02	8.4600e-01	7.9993e-02	2.4536e-04	7.8912e-07	1.1755e-36	1.0867e-20	0.00e+00	0.00e+00	8.5052e-01
2.38422e+13	9.4076e+03	3.613e-14	1.0000e+05	1.0196e+05	1.4881e-12	6.9441e-02	9.3056e-01	7.3145e-02	8.3051e-01	9.6344e-02	3.8669e-13	1.4692e-02	6.0164e-01	3.8293e-01	7.3392e-04	7.7634e-02	8.4604e-01	7.6118e-02	2.1270e-04	6.9775e-07	1.1755e-36	1.2590e-20	0.00e+00	0.00e+00	1.1634e+00
3.08144e+13	9.4018e+03	3.611e-14	1.0000e+05	1.0141e+05	1.7287e-12	7.4439e-02	9.2556e-01	7.4938e-02	8.3093e-01	9.4130e-02	4.5182e-13	1.5428e-02	6.0711e-01	3.7679e-01	6.6148e-04	8.3688e-02	8.4576e-01	7.0375e-02	1.7514e-04	5.9276e-07	1.1755e-36	1.5671e-20	0.00e+00	0.00e+00	1.4835e+00
3.82107e+13	9.4243e+03	3.653e-14	1.0000e+05	1.0056e+05	2.1408e-12	8.2599e-02	9.1740e-01	7.7596e-02	8.3126e-01	9.1141e-02	5.7117e-13	1.6537e-02	6.1473e-01	3.6816e-01	5.6851e-04	9.3564e-02	8.4421e-01	6.2091e-02	1.3230e-04	4.7008e-07	1.1755e-36	2.1845e-20	0.00e+00	0.00e+00	1.9000e+00
4.68360e+13	9.4841e+03	3.729e-14	1.0000e+05	9.9153e+04	2.8518e-12	9.5330e-02	9.0467e-01	8.1277e-02	8.3106e-01	8.7667e-02	7.8784e-13	1.8061e-02	6.2452e-01	3.5696e-01	4.6258e-04	1.0891e-01	8.3920e-01	5.1806e-02	9.0054e-05	3.4447e-07	1.1755e-36	3.4580e-20	0.00e+00	0.00e+00	2.4578e+00
5.59781e+13	9.5490e+03	3.848e-14	1.0000e+05	9.7222e+04	4.1147e-12	1.1398e-01	8.8602e-01	8.5983e-02	8.2992e-01	8.4098e-02	1.1776e-12	1.9939e-02	6.3641e-01	3.4329e-01	3.5883e-04	1.3121e-01	8.2776e-01	4.0977e-02	5.5977e-05	2.3587e-07	1.1755e-36	6.1607e-20	0.00e+00	0.00e+00	3.1069e+00
6.46193e+13	9.6276e+03	3.974e-14	1.0000e+05	9.4802e+04	6.1287e-12	1.3806e-01	8.6194e-01	9.1275e-02	8.2779e-01	8.0933e-02	1.8166e-12	2.1908e-02	6.4936e-01	3.2846e-01	2.7249e-04	1.5972e-01	8.0884e-01	3.1412e-02	3.3389e-05	1.5695e-07	1.1755e-36	1.1538e-19	0.00e+00	0.00e+00	3.8274e+00
7.22090e+13	9.6870e+03	4.089e-14	1.0000e+05	9.2254e+04	9.1479e-12	1.6610e-01	8.3390e-01	9.7167e-02	8.2474e-01	7.8089e-02	2.7796e-12	2.3760e-02	6.6277e-01	3.1327e-01	2.0776e-04	1.9248e-01	7.8352e-01	2.3979e-02	2.0121e-05	1.1755e-36	1.1755e-36	2.1437e-19	0.00e+00	0.00e+00	4.5527e+00
7.86324e+13	9.7411e+03	4.138e-14	1.0000e+05	8.9012e+04	1.2900e-11	1.9392e-01	8.0608e-01	1.0247e-01	8.2131e-01	7.6221e-02	3.9537e-12	2.5030e-02	6.7405e-01	3.0075e-01	1.6456e-04	2.2457e-01	7.5659e-01	1.8831e-02	1.2948e-05	1.1755e-36	1.1755e-36	3.5882e-19	0.00e+00	0.00e+00	5.2791e+00
8.42545e+13	9.7672e+03	4.157e-14	1.0000e+05	8.6107e+04	1.7752e-11	2.2235e-01	7.7765e-01	1.0828e-01	8.1744e-01	7.4281e-02	5.4498e-12	2.6112e-02	6.8568e-01	2.8807e-01	1.3259e-04	2.5693e-01	7.2804e-01	1.5015e-02	8.6644e-06	1.1755e-36	1.1755e-36	5.7422e-19	0.00e+00	0.00e+00	6.0249e+00
9.00599e+13	9.7731e+03	4.130e-14	1.0000e+05	8.2792e+04	2.4801e-11	2.5478e-01	7.4522e-01	1.1520e-01	8.1259e-01	7.2211e-02	7.5583e-12	2.7073e-02	6.9884e-01	2.7399e-01	1.0558e-04	2.9335e-01	6.9484e-01	1.1805e-02	5.7081e-06	1.1755e-36	1.1755e-36	9.2731e-19	0.00e+00	0.00e+00	7.0382e+00
9.63551e+13	9.7665e+03	4.055e-14	1.0000e+05	7.8895e+04	3.5446e-11	2.9284e-01	7.0716e-01	1.2347e-01	8.0632e-01	7.0204e-02	1.0640e-11	2.7804e-02	7.1368e-01	2.5843e-01	8.2646e-05	3.3539e-01	6.5555e-01	9.0609e-03	3.6559e-06	1.1755e-36	1.1755e-36	1.5341e-18	0.00e+00	0.00e+00	8.2017e+00
1.02048e+14	9.7577e+03	3.943e-14	1.0000e+05	7.5139e+04	4.8386e-11	3.2916e-01	6.7084e-01	1.3174e-01	7.9964e-01	6.8625e-02	1.4284e-11	2.8155e-02	7.2758e-01	2.4420e-01	6.6436e-05	3.7483e-01	6.1805e-01	7.1168e-03	2.4660e-06	1.1755e-36	1.1755e-36	2.3712e-18	0.00e+00	0.00e+00	9.2606e+00
1.06634e+14	9.7273e+03	3.828e-14	1.0000e+05	7.2053e+04	6.2125e-11	3.5944e-01	6.4056e-01	1.3928e-01	7.9343e-01	6.7295e-02	1.7972e-11	2.8282e-02	7.3935e-01	2.3231e-01	5.5742e-05	4.0722e-01	5.8692e-01	5.8546e-03	1.8087e-06	1.1755e-36	1.1755e-36	3.3275e-18	0.00e+00	0.00e+00	1.0186e+01
1.10576e+14	9.6999e+03	3.711e-14	1.0000e+05	6.9400e+04	7.6361e-11	3.8568e-01	6.1432e-01	1.4636e-01	7.8751e-01	6.6129e-02	2.1722e-11	2.8285e-02	7.4973e-01	2.2194e-01	4.7961e-05	4.3494e-01	5.6011e-01	4.9481e-03	1.3932e-06	1.1755e-36	1.1755e-36	4.4004e-18	0.00e+00	0.00e+00	1.1113e+01
1.14472e+14	9.6672e+03	3.586e-14	1.0000e+05	6.6837e+04	9.3154e-11	4.1175e-01	5.8825e-01	1.5400e-01	7.8112e-01	6.4879e-02	2.6062e-11	2.8219e-02	7.6017e-01	2.1157e-01	4.1341e-05	4.6215e-01	5.3365e-01	4.1900e-03	1.0822e-06	1.1755e-36	1.1755e-36	5.7562e-18	0.00e+00	0.00e+00	1.2149e+01
1.18543e+14	9.6345e+03	3.442e-14	1.0000e+05	6.4108e+04	1.1335e-10	4.3837e-01	5.6163e-01	1.6239e-01	7.7399e-01	6.3616e-02	3.1163e-11	2.8011e-02	7.7093e-01	2.0102e-01	3.5517e-05	4.8962e-01	5.0685e-01	3.5269e-03	8.3854e-07	1.1755e-36	1.1755e-36	7.4894e-18	0.00e+00	0.00e+00	1.3300e+01
1.22573e+14	9.6019e+03	3.293e-14	1.0000e+05	6.1455e+04	1.3606e-10	4.6387e-01	5.3613e-01	1.7106e-01	7.6651e-01	6.2429e-02	3.6784e-11	2.7693e-02	7.8133e-01	1.9095e-01	3.0684e-05	5.1563e-01	4.8138e-01	2.9840e-03	6.5864e-07	1.1755e-36	1.1755e-36	9.5551e-18	0.00e+00	0.00e+00	1.4443e+01
1.26335e+14	9.5685e+03	3.152e-14	1.0000e+05	5.9030e+04	1.6008e-10	4.8691e-01	5.1309e-01	1.7957e-01	7.5911e-01	6.1321e-02	4.2591e-11	2.7322e-02	7.9088e-01	1.8177e-01	2.6832e-05	5.3889e-01	4.5856e-01	2.5581e-03	5.3013e-07	1.1755e-36	1.1755e-36	1.1841e-17	0.00e+00	0.00e+00	1.5556e+01
1.29906e+14	9.5353e+03	3.016e-14	1.0000e+05	5.6801e+04	1.8557e-10	5.0812e-01	4.9188e-01	1.8810e-01	7.5167e-01	6.0231e-02	4.8666e-11	2.6928e-02	7.9982e-01	1.7323e-01	2.3649e-05	5.6008e-01	4.3771e-01	2.2126e-03	4.3416e-07	1.1755e-36	1.1755e-36	1.4380e-17	0.00e+00	0.00e+00	1.6686e+01
1.33463e+14	9.5018e+03	2.881e-14	1.0000e+05	5.4665e+04	2.1366e-10	5.2856e-01	4.7144e-01	1.9704e-01	7.4386e-01	5.9098e-02	5.5296e-11	2.6505e-02	8.0857e-01	1.6490e-01	2.0872e-05	5.8032e-01	4.1776e-01	1.9166e-03	3.5798e-07	1.1755e-36	1.1755e-36	1.7311e-17	0.00e+00	0.00e+00	1.7885e+01
1.36400e+14	9.4774e+03	2.774e-14	1.0000e+05	5.2949e+04	2.3726e-10	5.4396e-01	4.5604e-01	2.0413e-01	7.3760e-01	5.8267e-02	6.0732e-11	2.6087e-02	8.1521e-01	1.5869e-01	1.8968e-05	5.9545e-01	4.0284e-01	1.7140e-03	3.0923e-07	1.1755e-36	1.1755e-36	1.9819e-17	0.00e+00	0.00e+00	1.8669e+01
1.38493e+14	9.4603e+03	2.698e-14	1.0000e+05	5.1804e+04	2.5549e-10	5.5494e-01	4.4506e-01	2.0965e-01	7.3274e-01	5.7615e-02	6.5023e-11	2.5815e-02	8.2006e-01	1.5411e-01	1.7677e-05	6.0617e-01	3.9225e-01	1.5800e-03	2.7845e-07	1.1755e-36	1.1755e-36	2.1868e-17	0.00e+00	0.00e+00	1.9335e+01
1.40539e+14	9.4199e+03	2.626e-14	1.0000e+05	5.0747e+04	2.7835e-10	5.6646e-01	4.3354e-01	2.1584e-01	7.2742e-01	5.6737e-02	7.0070e-11	2.5608e-02	8.2513e-01	1.4925e-01	1.6417e-05	6.1738e-01	3.8117e-01	1.4537e-03	2.5038e-07	1.1755e-36	1.1755e-36	2.4349e-17	0.00e+00	0.00e+00	2.0119e+01
1.42834e+14	9.4056e+03	2.540e-14	1.0000e+05	4.9435e+04	2.9978e-10	5.7769e-01	4.2231e-01	2.2193e-01	7.2202e-01	5.6054e-02	7.4985e-11	2.5241e-02	8.3017e-01	1.4457e-01	1.5215e-05	6.2823e-01	3.7043e-01	1.3305e-03	2.2421e-07	1.1755e-36	1.1755e-36	2.6809e-17	0.00e+00	0.00e+00	2.0994e+01
1.45369e+14	9.3699e+03	2.452e-14	1.0000e+05	4.8136e+04	3.2875e-10	5.9065e-01	4.0935e-01	2.2952e-01	7.1540e-01	5.5082e-02	8.1423e-11	2.4914e-02	8.3597e-01	1.3910e-01	1.3937e-05	6.4071e-01	3.5809e-01	1.2033e-03	1.9822e-07	1.1755e-36	1.1755e-36	3.0147e-17	0.00e+00	0.00e+00	2.1991e+01
1.47993e+14	9.3522e+03	2.360e-14	1.0000e+05	4.6764e+04	3.5600e-10	6.0265e-01	3.9735e-01	2.3681e-01	7.0891e-01	5.4283e-02	8.7628e-11	2.4498e-02	8.4141e-01	1.3408e-01	1.2803e-05	6.5219e-01	3.4672e-01	1.0899e-03	1.7607e-07	1.1755e-36	1.1755e-36	3.3437e-17	0.00e+00	0.00e+00	2.2970e+01
1.50603e+14	9.3165e+03	2.273e-14	1.0000e+05	4.5480e+04	3.8850e-10	6.1482e-01	3.8518e-01	2.4472e-01	7.0195e-01	5.3334e-02	9.4663e-11	2.4125e-02	8.4692e-01	1.2894e-01	1.1738e-05	6.6378e-01	3.3523e-01	9.8606e-04	1.5654e-07	1.1755e-36	1.1755e-36	3.7266e-17	0.00e+00	0.00e+00	2.3997e+01
1.53252e+14	9.2847e+03	2.187e-14	1.0000e+05	4.4252e+04	4.2286e-10	6.2682e-01	3.7318e-01	2.5301e-01	6.9465e-01	5.2342e-02	1.0228e-10	2.3757e-02	8.5237e-01	1.2386e-01	1.0752e-05	6.7514e-01	3.2397e-01	8.9088e-04	1.3934e-07	1.1755e-36	1.1755e-36	4.1550e-17	0.00e+00	0.00e+00	2.5047e+01
1.55913e+14	9.2552e+03	2.103e-14	1.0000e+05	4.3025e+04	4.5836e-10	6.3825e-01	3.6175e-01	2.6130e-01	6.8731e-01	5.1391e-02	1.1005e-10	2.3362e-02	8.5760e-01	1.1903e-01	9.8621e-06	6.8590e-01	3.1329e-01	8.0582e-04	1.2453e-07	1.1755e-36	1.1755e-36	4.6011e-17	0.00e+00	0.00e+00	2.6123e+01
1.58639e+14	9.2225e+03	2.019e-14	1.0000e+05	4.1804e+04	4.9731e-10	6.4960e-01	3.5040e-01	2.7001e-01	6.7959e-01	5.0399e-02	1.1847e-10	2.2957e-02	8.6281e-01	1.1423e-01	9.0299e-06	6.9655e-01	3.0272e-01	7.2735e-04	1.1755e-36	1.1755e-36	1.1755e-36	5.0944e-17	0.00e+00	0.00e+00	2.7264e+01
1.61471e+14	9.1908e+03	1.934e-14	1.0000e+05	4.0582e+04	5.3944e-10	6.6094e-01	3.3906e-01	2.7919e-01	6.7144e-01	4.9373e-02	1.2761e-10	2.2535e-02	8.6802e-01	1.0944e-01	8.2481e-06	7.0712e-01	2.9222e-01	6.5443e-04	1.1755e-36	1.1755e-36	1.1755e-36	5.6430e-17	0.00e+00	0.00e+00	2.8466e+01
1.64381e+14	9.1572e+03	1.851e-14	1.0000e+05	3.9348e+04	5.8497e-10	6.7203e-01	3.2797e-01	2.8861e-01	6.6304e-01	4.8344e-02	1.3729e-10	2.2088e-02	8.7313e-01	1.0477e-01	7.5280e-06	7.1742e-01	2.8199e-01	5.8804e-04	1.1755e-36	1.1755e-36	1.1755e-36	6.2328e-17	0.00e+00	0.00e+00	2.9714e+01
1.67362e+14	9.1187e+03	1.769e-14	1.0000e+05	3.8166e+04	6.3640e-10	6.8330e-01	3.1670e-01	2.9881e-01	6.5397e-01	4.7215e-02	1.4824e-10	2.1662e-02	8.7828e-01	1.0005e-01	6.8499e-06	7.2783e-01	2.7165e-01	5.2643e-04	1.1755e-36	1.1755e-36	1.1755e-36	6.9195e-17	0.00e+00	0.00e+00	3.1017e+01
1.70375e+14	9.0813e+03	1.689e-14	1.0000e+05	3.6987e+04	6.9021e-10	6.9403e-01	3.0597e-01	3.0901e-01	6.4486e-01	4.6131e-02	1.5952e-10	2.1212e-02	8.8320e-01	9.5583e-02	6.2414e-06	7.3769e-01	2.6184e-01	4.7170e-04	1.1755e-36	1.1755e-36	1.1755e-36	7.6354e-17	0.00e+00	0.00e+00	3.2334e+01
1.73416e+14	9.0441e+03	1.612e-14	1.0000e+05	3.5838e+04	7.4753e-10	7.0445e-01	2.9555e-01	3.1947e-01	6.3549e-01	4.5036e-02	1.7152e-10	2.0762e-02	8.8798e-01	9.1256e-02	5.6864e-06	7.4723e-01	2.5235e-01	4.2242e-04	1.1755e-36	1.1755e-36	1.1755e-36	8.4099e-17	0.00e+00	0.00e+00	3.3703e+01
1.76546e+14	9.0060e+03	1.535e-14	1.0000e+05	3.4700e+04	8.0995e-10	7.1478e-01	2.8522e-01	3.3039e-01	6.2570e-01	4.3911e-02	1.8457e-10	2.0304e-02	8.9269e-01	8.6997e-02	5.1718e-06	7.5664e-01	2.4298e-01	3.7728e-04	1.1755e-36	1.1755e-36	1.1755e-36	9.2663e-17	0.00e+00	0.00e+00	3.5140e+01
1.79764e+14	8.9679e+03	1.461e-14	1.0000e+05	3.3574e+04	8.7735e-10	7.2497e-01	2.7503e-01	3.4172e-01	6.1551e-01	4.2769e-02	1.9866e-10	1.9837e-02	8.9732e-01	8.2837e-02	4.6982e-06	7.6588e-01	2.3379e-01	3.3621e-04	1.1755e-36	1.1755e-36	1.1755e-36	1.0206e-16	0.00e+00	0.00e+00	3.6628e+01
1.83041e+14	8.9272e+03	1.388e-14	1.0000e+05	3.2453e+04	9.5041e-10	7.3484e-01	2.6516e-01	3.5322e-01	6.0515e-01	4.1636e-02	2.1357e-10	1.9358e-02	9.0179e-01	7.8843e-02	4.2689e-06	7.7479e-01	2.2491e-01	2.9946e-04	1.1755e-36	1.1755e-36	1.1755e-36	1.1209e-16	0.00e+00	0.00e+00	3.8161e+01
1.86383e+14	8.8823e+03	1.318e-14	1.0000e+05	3.1379e+04	1.0322e-09	7.4474e-01	2.5526e-01	3.6544e-01	5.9413e-01	4.0434e-02	2.3033e-10	1.8899e-02	9.0622e-01	7.4880e-02	3.8717e-06	7.8370e-01	2.1604e-01	2.6590e-04	1.1755e-36	1.1755e-36	1.1755e-36	1.2359e-16	0.00e+00	0.00e+00	3.9750e+01
1.89758e+14	8.8395e+03	1.250e-14	1.0000e+05	3.0316e+04	1.1176e-09	7.5413e-01	2.4587e-01	3.7756e-01	5.8316e-01	3.9288e-02	2.4760e-10	1.8425e-02	9.1041e-01	7.1161e-02	3.5184e-06	7.9210e-01	2.0766e-01	2.3638e-04	1.1755e-36	1.1755e-36	1.1755e-36	1.3549e-16	0.00e+00	0.00e+00	4.1355e+01
1.93171e+14	8.7964e+03	1.185e-14	1.0000e+05	2.9281e+04	1.2090e-09	7.6322e-01	2.3678e-01	3.8989e-01	5.7197e-01	3.8142e-02	2.6603e-10	1.7954e-02	9.1445e-01	6.7593e-02	3.1990e-06	8.0021e-01	1.9958e-01	2.1006e-04	1.1755e-36	1.1755e-36	1.1755e-36	1.4830e-16	0.00e+00	0.00e+00	4.3020e+01
1.96683e+14	8.7527e+03	1.122e-14	1.0000e+05	2.8260e+04	1.3088e-09	7.7221e-01	2.2779e-01	4.0269e-01	5.6034e-01	3.6975e-02	2.8619e-10	1.7480e-02	9.1841e-01	6.4110e-02	2.9055e-06	8.0819e-01	1.9162e-01	1.8614e-04	1.1755e-36	1.1755e-36	1.1755e-36	1.6246e-16	0.00e+00	0.00e+00	4.4760e+01
2.00279e+14	8.7085e+03	1.061e-14	1.0000e+05	2.7250e+04	1.4166e-09	7.8096e-01	2.1904e-01	4.1570e-01	5.4848e-01	3.5816e-02	3.0781e-10	1.6999e-02	9.2223e-01	6.0764e-02	2.6399e-06	8.1594e-01	1.8390e-01	1.6474e-04	1.1755e-36	1.1755e-36	1.1755e-36	1.7774e-16	0.00e+00	0.00e+00	4.6548e+01
2.03935e+14	8.6571e+03	1.002e-14	1.0000e+05	2.6281e+04	1.5387e-09	7.8964e-01	2.1036e-01	4.2925e-01	5.3613e-01	3.4618e-02	3.3180e-10	1.6537e-02	9.2595e-01	5.7509e-02	2.3984e-06	8.2359e-01	1.7627e-01	1.4557e-04	1.1755e-36	1.1755e-36	1.1755e-36	1.9485e-16	0.00e+00	0.00e+00	4.8385e+01
2.07615e+14	8.6161e+03	9.467e-15	1.0000e+05	2.5327e+04	1.6589e-09	7.9767e-01	2.0233e-01	4.4240e-01	5.2410e-01	3.3504e-02	3.5599e-10	1.6062e-02	9.2943e-01	5.4506e-02	2.1866e-06	8.3063e-01	1.6924e-01	1.2890e-04	1.1755e-36	1.1755e-36	1.1755e-36	2.1202e-16	0.00e+00	0.00e+00	5.0235e+01
2.11370e+14	8.5593e+03	8.935e-15	1.0000e+05	2.4412e+04	1.8046e-09	8.0584e-01	1.9416e-01	4.5637e-01	5.1132e-01	3.2311e-02	3.8384e-10	1.5613e-02	9.3286e-01	5.1529e-02	1.9914e-06	8.3779e-01	1.6210e-01	1.1382e-04	1.1755e-36	1.1755e-36	1.1755e-36	2.3202e-16	0.00e+00	0.00e+00	5.2188e+01
2.15204e+14	8.5172e+03	8.422e-15	1.0000e+05	2.3497e+04	1.9449e-09	8.1339e-01	1.8661e-01	4.6991e-01	4.9887e-01	3.1222e-02	4.1173e-10	1.5139e-02	9.3608e-01	4.8782e-02	1.8195e-06	8.4437e-01	1.5553e-01	1.0063e-04	1.1755e-36	1.1755e-36	1.1755e-36	2.5177e-16	0.00e+00	0.00e+00	5.4155e+01
2.19085e+14	8.4581e+03	7.940e-15	1.0000e+05	2.2635e+04	2.1159e-09	8.2103e-01	1.7897e-01	4.8414e-01	4.8582e-01	3.0045e-02	4.4388e-10	1.4704e-02	9.3921e-01	4.6086e-02	1.6630e-06	8.5101e-01	1.4890e-01	8.8828e-05	1.1755e-36	1.1755e-36	1.1755e-36	2.7490e-16	0.00e+00	0.00e+00	5.6193e+01
2.23022e+14	8.4189e+03	7.478e-15	1.0000e+05	2.1779e+04	2.2727e-09	8.2794e-01	1.7206e-01	4.9773e-01	4.7328e-01	2.8996e-02	4.7533e-10	1.4245e-02	9.4213e-01	4.3628e-02	1.5263e-06	8.5700e-01	1.4293e-01	7.8596e-05	1.1755e-36	1.1755e-36	1.1755e-36	2.9699e-16	0.00e+00	0.00e+00	5.8254e+01
2.26998e+14	8.3596e+03	7.045e-15	1.0000e+05	2.0963e+04	2.4676e-09	8.3487e-01	1.6513e-01	5.1178e-01	4.6033e-01	2.7886e-02	5.1097e-10	1.3816e-02	9.4494e-01	4.1241e-02	1.4031e-06	8.6299e-01	1.3694e-01	6.9526e-05	1.1755e-36	1.1755e-36	1.1755e-36	3.2218e-16	0.00e+00	0.00e+00	6.0368e+01
2.31064e+14	8.3044e+03	6.632e-15	1.0000e+05	2.0176e+04	2.6732e-09	8.4157e-01	1.5843e-01	5.2597e-01	4.4724e-01	2.6788e-02	5.4942e-10	1.3396e-02	9.4763e-01	3.8968e-02	1.2922e-06	8.6876e-01	1.3118e-01	6.1455e-05	1.1755e-36	1.1755e-36	1.1755e-36	3.4936e-16	0.00e+00	0.00e+00	6.2558e+01
2.35239e+14	8.2510e+03	6.236e-15	1.0000e+05	1.9402e+04	2.8920e-09	8.4799e-01	1.5201e-01	5.4014e-01	4.3414e-01	2.5717e-02	5.9025e-10	1.2974e-02	9.5021e-01	3.6815e-02	1.1930e-06	8.7427e-01	1.2567e-01	5.4310e-05	1.1755e-36	1.1755e-36	1.1755e-36	3.7785e-16	0.00e+00	0.00e+00	6.4822e+01
2.39474e+14	8.1943e+03	5.865e-15	1.0000e+05	1.8656e+04	3.1316e-09	8.5413e-01	1.4587e-01	5.5420e-01	4.2113e-01	2.4669e-02	6.3369e-10	1.2562e-02	9.5264e-01	3.4793e-02	1.1053e-06	8.7953e-01	1.2042e-01	4.8065e-05	1.1755e-36	1.1755e-36	1.1755e-36	4.0784e-16	0.00e+00	0.00e+00	6.7109e+01
2.43715e+14	8.1389e+03	5.519e-15	1.0000e+05	1.7952e+04	3.3842e-09	8.5990e-01	1.4010e-01	5.6798e-01	4.0837e-01	2.3654e-02	6.7925e-10	1.2169e-02	9.5492e-01	3.2914e-02	1.0284e-06	8.8446e-01	1.1549e-01	4.2662e-05	1.1755e-36	1.1755e-36	1.1755e-36	4.3895e-16	0.00e+00	0.00e+00	6.9412e+01
2.47998e+14	8.0832e+03	5.195e-15	1.0000e+05	1.7279e+04	3.6540e-09	8.6538e-01	1.3462e-01	5.8160e-01	3.9574e-01	2.2662e-02	7.2744e-10	1.1789e-02	9.5706e-01	3.1153e-02	9.6033e-07	8.8913e-01	1.1083e-01	3.7935e-05	1.1755e-36	1.1755e-36	1.1755e-36	4.7144e-16	0.00e+00	0.00e+00	7.1775e+01
2.52381e+14	8.0234e+03	4.888e-15	1.0000e+05	1.6626e+04	3.9554e-09	8.7067e-01	1.2933e-01	5.9516e-01	3.8316e-01	2.1677e-02	7.7942e-10	1.1417e-02	9.5910e-01	2.9482e-02	8.9942e-07	8.9364e-01	1.0633e-01	3.3750e-05	1.1755e-36	1.1755e-36	1.1755e-36	5.0622e-16	0.00e+00	0.00e+00	7.4216e+01
2.56864e+14	7.9605e+03	4.598e-15	1.0000e+05	1.5997e+04	4.2862e-09	8.7578e-01	1.2422e-01	6.0869e-01	3.7060e-01	2.0711e-02	8.3494e-10	1.1057e-02	9.6104e-01	2.7901e-02	8.4497e-07	8.9797e-01	1.0200e-01	3.0048e-05	1.1755e-36	1.1755e-36	1.1755e-36	5.4267e-16	0.00e+00	0.00e+00	7.6719e+01
2.61426e+14	7.9010e+03	4.325e-15	1.0000e+05	1.5390e+04	4.6320e-09	8.8056e-01	1.1944e-01	6.2185e-01	3.5836e-01	1.9786e-02	8.9257e-10	1.0705e-02	9.6286e-01	2.6431e-02	7.9691e-07	9.0202e-01	9.7953e-02	2.6815e-05	1.1755e-36	1.1755e-36	1.1755e-36	5.7961e-16	0.00e+00	0.00e+00	7.9276e+01
2.66061e+14	7.8401e+03	4.070e-15	1.0000e+05	1.4816e+04	5.0067e-09	8.8512e-01	1.1488e-01	6.3481e-01	3.4631e-01	1.8877e-02	9.5393e-10	1.0368e-02	9.6458e-01	2.5052e-02	7.5431e-07	9.0587e-01	9.4103e-02	2.3978e-05	1.1755e-36	1.1755e-36	1.1755e-36	6.1855e-16	0.00e+00	0.00e+00	8.1886e+01
2.70804e+14	7.7768e+03	3.830e-15	1.0000e+05	1.4265e+04	5.4198e-09	8.8948e-01	1.1052e-01	6.4760e-01	3.3442e-01	1.7979e-02	1.0196e-09	1.0042e-02	9.6621e-01	2.3751e-02	7.1629e-07	9.0956e-01	9.0423e-02	2.1472e-05	1.1755e-36	1.1755e-36	1.1755e-36	6.5981e-16	0.00e+00	0.00e+00	8.4591e+01
2.75706e+14	7.7062e+03	3.601e-15	1.0000e+05	1.3730e+04	5.8924e-09	8.9375e-01	1.0625e-01	6.6040e-01	3.2251e-01	1.7091e-02	1.0906e-09	9.7270e-03	9.6776e-01	2.2510e-02	6.8205e-07	9.1315e-01	8.6831e-02	1.9233e-05	1.1755e-36	1.1755e-36	1.1755e-36	7.0366e-16	0.00e+00	0.00e+00	8.7405e+01
2.80761e+14	7.6404e+03	3.385e-15	1.0000e+05	1.3210e+04	6.3840e-09	8.9772e-01	1.0228e-01	6.7277e-01	3.1098e-01	1.6247e-02	1.1636e-09	9.4142e-03	9.6923e-01	2.1355e-02	6.5163e-07	9.1649e-01	8.3496e-02	1.7266e-05	1.1755e-36	1.1755e-36	1.1755e-36	7.4705e-16	0.00e+00	0.00e+00	9.0309e+01
2.85925e+14	7.5729e+03	3.184e-15	1.0000e+05	1.2721e+04	6.9220e-09	9.0150e-01	9.8498e-02	6.8488e-01	2.9970e-01	1.5419e-02	1.2415e-09	9.1189e-03	9.7061e-01	2.0274e-02	6.2471e-07	9.1966e-01	8.0320e-02	1.5537e-05	1.1755e-36	1.1755e-36	1.1755e-36	7.9310e-16	0.00e+00	0.00e+00	9.3271e+01
2.91235e+14	7.4996e+03	2.994e-15	1.0000e+05	1.2253e+04	7.5347e-09	9.0514e-01	9.4865e-02	6.9680e-01	2.8860e-01	1.4601e-02	1.3251e-09	8.8346e-03	9.7191e-01	1.9253e-02	6.0067e-07	9.2271e-01	7.7276e-02	1.4008e-05	1.1755e-36	1.1755e-36	1.1755e-36	8.4221e-16	0.00e+00	0.00e+00	9.6367e+01
2.96780e+14	7.4200e+03	2.813e-15	1.0000e+05	1.1798e+04	8.2372e-09	9.0868e-01	9.1322e-02	7.0862e-01	2.7759e-01	1.3794e-02	1.4152e-09	8.5597e-03	9.7316e-01	1.8280e-02	5.7897e-07	9.2568e-01	7.4311e-02	1.2634e-05	1.1755e-36	1.1755e-36	1.1755e-36	8.9419e-16	0.00e+00	0.00e+00	9.9621e+01
3.02556e+14	7.3436e+03	2.642e-15	1.0000e+05	1.1354e+04	8.9853e-09	9.1198e-01	8.8017e-02	7.2002e-01	2.6695e-01	1.3026e-02	1.5080e-09	8.2867e-03	9.7434e-01	1.7371e-02	5.5959e-07	9.2844e-01	7.1547e-02	1.1419e-05	1.1755e-36	1.1755e-36	1.1755e-36	9.4590e-16	0.00e+00	0.00e+00	1.0301e+02
3.08507e+14	7.2569e+03	2.482e-15	1.0000e+05	1.0937e+04	9.8770e-09	9.1520e-01	8.4799e-02	7.3122e-01	2.5651e-01	1.2265e-02	1.6098e-09	8.0301e-03	9.7545e-01	1.6516e-02	5.4246e-07	9.3113e-01	6.8860e-02	1.0347e-05	1.1755e-36	1.1755e-36	1.1755e-36	1.0039e-15	0.00e+00	0.00e+00	1.0649e+02
3.14678e+14	7.1768e+03	2.331e-15	1.0000e+05	1.0539e+04	1.0802e-08	9.1818e-01	8.1819e-02	7.4203e-01	2.4643e-01	1.1540e-02	1.7140e-09	7.7838e-03	9.7650e-01	1.5716e-02	5.2713e-07	9.3362e-01	6.6375e-02	9.3976e-06	1.1755e-36	1.1755e-36	1.1755e-36	1.0610e-15	0.00e+00	0.00e+00	1.1015e+02
3.21183e+14	7.0936e+03	2.187e-15	1.0000e+05	1.0155e+04	1.1855e-08	9.2108e-01	7.8918e-02	7.5266e-01	2.3651e-01	1.0825e-02	1.8276e-09	7.5433e-03	9.7750e-01	1.4954e-02	5.1323e-07	9.3603e-01	6.3957e-02	8.5406e-06	1.1755e-36	1.1755e-36	1.1755e-36	1.1242e-15	0.00e+00	0.00e+00	1.1404e+02
3.28068e+14	7.0043e+03	2.049e-15	1.0000e+05	9.7708e+03	1.3070e-08	9.2382e-01	7.6178e-02	7.6295e-01	2.2691e-01	1.0144e-02	1.9449e-09	7.3008e-03	9.7846e-01	1.4235e-02	5.0078e-07	9.3832e-01	6.1674e-02	7.7760e-06	1.1755e-36	1.1755e-36	1.1755e-36	1.1867e-15	0.00e+00	0.00e+00	1.1817e+02
3.35204e+14	6.9123e+03	1.922e-15	1.0000e+05	9.4142e+03	1.4448e-08	9.2645e-01	7.3548e-02	7.7287e-01	2.1765e-01	9.4864e-03	2.0711e-09	7.0760e-03	9.7936e-01	1.3566e-02	4.8981e-07	9.4051e-01	5.9485e-02	7.1009e-06	1.1755e-36	1.1755e-36	1.1755e-36	1.2565e-15	0.00e+00	0.00e+00	1.2238e+02
3.42574e+14	6.8085e+03	1.803e-15	1.0000e+05	9.0855e+03	1.6136e-08	9.2904e-01	7.0959e-02	7.8263e-01	2.0854e-01	8.8314e-03	2.2130e-09	6.8721e-03	9.8019e-01	1.2934e-02	4.8012e-07	9.4266e-01	5.7333e-02	6.5005e-06	1.1755e-36	1.1755e-36	1.1755e-36	1.3403e-15	0.00e+00	0.00e+00	1.2680e+02
3.49952e+14	6.7186e+03	1.696e-15	1.0000e+05	8.7734e+03	1.7794e-08	9.3120e-01	6.8796e-02	7.9118e-01	2.0055e-01	8.2761e-03	2.3419e-09	6.6719e-03	9.8094e-01	1.2388e-02	4.7199e-07	9.4446e-01	5.5533e-02	6.0017e-06	1.1755e-36	1.1755e-36	1.1755e-36	1.4117e-15	0.00e+00	0.00e+00	1.3104e+02
3.57428e+14	6.6155e+03	1.598e-15	1.0000e+05	8.4960e+03	1.9864e-08	9.3338e-01	6.6619e-02	7.9973e-01	1.9256e-01	7.7091e-03	2.4927e-09	6.4996e-03	9.8164e-01	1.1864e-02	4.6476e-07	9.4627e-01	5.3724e-02	5.5537e-06	1.1755e-36	1.1755e-36	1.1755e-36	1.5051e-15	0.00e+00	0.00e+00	1.3561e+02
3.65011e+14	6.5199e+03	1.508e-15	1.0000e+05	8.2281e+03	2.2044e-08	9.3534e-01	6.4661e-02	8.0734e-01	1.8544e-01	7.2175e-03	2.6385e-09	6.3291e-03	9.8227e-01	1.1404e-02	4.5859e-07	9.4790e-01	5.2097e-02	5.1670e-06	1.1755e-36	1.1755e-36	1.1755e-36	1.5964e-15	0.00e+00	0.00e+00	1.3999e+02
3.72480e+14	6.4258e+03	1.428e-15	1.0000e+05	7.9882e+03	2.4426e-08	9.3709e-01	6.2907e-02	8.1445e-01	1.7879e-01	6.7603e-03	2.7882e-09	6.1769e-03	9.8284e-01	1.0985e-02	4.5328e-07	9.4936e-01	5.0639e-02	4.8353e-06	1.1755e-36	1.1755e-36	1.1755e-36	1.6938e-15	0.00e+00	0.00e+00	1.4444e+02
3.80087e+14	6.3317e+03	1.352e-15	1.0000e+05	7.7601e+03	2.7104e-08	9.3878e-01	6.1223e-02	8.2115e-01	1.7251e-01	6.3341e-03	2.9465e-09	6.0317e-03	9.8337e-01	1.0596e-02	4.4855e-07	9.5075e-01	4.9241e-02	4.5364e-06	1.1755e-36	1.1755e-36	1.1755e-36	1.8032e-15	0.00e+00	0.00e+00	1.4900e+02
3.87835e+14	6.2376e+03	1.282e-15	1.0000e+05	7.5427e+03	3.0115e-08	9.4038e-01	5.9622e-02	8.2746e-01	1.6661e-01	5.9391e-03	3.1134e-09	5.8928e-03	9.8387e-01	1.0237e-02	4.4436e-07	9.5208e-01	4.7912e-02	4.2678e-06	1.1755e-36	1.1755e-36	1.1755e-36	1.9257e-15	0.00e+00	0.00e+00	1.5363e+02
3.95631e+14	6.1446e+03	1.217e-15	1.0000e+05	7.3393e+03	3.3469e-08	9.4187e-01	5.8125e-02	8.3335e-01	1.6107e-01	5.5743e-03	3.2887e-09	5.7627e-03	9.8433e-01	9.9075e-03	4.4068e-07	9.5333e-01	4.6668e-02	4.0292e-06	1.1755e-36	1.1755e-36	1.1755e-36	2.0626e-15	0.00e+00	0.00e+00	1.5827e+02
4.03420e+14	6.0530e+03	1.158e-15	1.0000e+05	7.1498e+03	3.7186e-08	9.4327e-01	5.6731e-02	8.3886e-01	1.5590e-01	5.2387e-03	3.4729e-09	5.6414e-03	9.8475e-01	9.6064e-03	4.3747e-07	9.5449e-01	4.5511e-02	3.8172e-06	1.1755e-36	1.1755e-36	1.1755e-36	2.2159e-15	0.00e+00	0.00e+00	1.6290e+02
4.11203e+14	5.9629e+03	1.103e-15	1.0000e+05	6.9718e+03	4.1313e-08	9.4458e-01	5.5424e-02	8.4403e-01	1.5104e-01	4.9292e-03	3.6682e-09	5.5274e-03	9.8514e-01	9.3297e-03	4.3463e-07	9.5557e-01	4.4425e-02	3.6276e-06	1.1755e-36	1.1755e-36	1.1755e-36	2.3892e-15	0.00e+00	0.00e+00	1.6754e+02
4.18991e+14	5.8743e+03	1.052e-15	1.0000e+05	6.8040e+03	4.5905e-08	9.4581e-01	5.4189e-02	8.4891e-01	1.4645e-01	4.6427e-03	3.8774e-09	5.4197e-03	9.8551e-01	9.0746e-03	4.3212e-07	9.5660e-01	4.3400e-02	3.4567e-06	1.1755e-36	1.1755e-36	1.1755e-36	2.5875e-15	0.00e+00	0.00e+00	1.7220e+02
4.26781e+14	5.7871e+03	1.005e-15	1.0000e+05	6.6452e+03	5.1020e-08	9.4698e-01	5.3018e-02	8.5350e-01	1.4212e-01	4.3782e-03	4.1022e-09	5.3178e-03	9.8584e-01	8.8390e-03	4.2990e-07	9.5757e-01	4.2427e-02	3.3020e-06	1.1755e-36	1.1755e-36	1.1755e-36	2.8156e-15	0.00e+00	0.00e+00	1.7685e+02
4.34562e+14	5.7014e+03	9.611e-16	1.0000e+05	6.4949e+03	5.6714e-08	9.4809e-01	5.1907e-02	8.5781e-01	1.3805e-01	4.1340e-03	4.3449e-09	5.2213e-03	9.8616e-01	8.6215e-03	4.2793e-07	9.5849e-01	4.1505e-02	3.1617e-06	1.1755e-36	1.1755e-36	1.1755e-36	3.0793e-15	0.00e+00	0.00e+00	1.8150e+02
4.42316e+14	5.6173e+03	9.204e-16	1.0000e+05	6.3526e+03	6.3053e-08	9.4915e-01	5.0853e-02	8.6188e-01	1.3421e-01	3.9084e-03	4.6082e-09	5.1299e-03	9.8645e-01	8.4205e-03	4.2617e-07	9.5937e-01	4.0630e-02	3.0341e-06	1.1755e-36	1.1755e-36	1.1755e-36	3.3856e-15	0.00e+00	0.00e+00	1.8614e+02
4.50034e+14	5.5348e+03	8.825e-16	1.0000e+05	6.2178e+03	7.0110e-08	9.5015e-01	4.9852e-02	8.6572e-01	1.3058e-01	3.6997e-03	4.8953e-09	5.0434e-03	9.8672e-01	8.2347e-03	4.2462e-07	9.6020e-01	3.9799e-02	2.9180e-06	1.1755e-36	1.1755e-36	1.1755e-36	3.7429e-15	0.00e+00	0.00e+00	1.9076e+02
4.57707e+14	5.4539e+03	8.472e-16	1.0000e+05	6.0898e+03	7.7961e-08	9.5110e-01	4.8900e-02	8.6934e-01	1.2716e-01	3.5068e-03	5.2095e-09	4.9612e-03	9.8698e-01	8.0629e-03	4.2324e-07	9.6099e-01	3.9008e-02	2.8119e-06	1.1755e-36	1.1755e-36	1.1755e-36	4.1614e-15	0.00e+00	0.00e+00	1.9535e+02
4.65328e+14	5.3746e+03	8.142e-16	1.0000e+05	5.9680e+03	8.6695e-08	9.5201e-01	4.7992e-02	8.7275e-01	1.2392e-01	3.3283e-03	5.5551e-09	4.8831e-03	9.8721e-01	7.9039e-03	4.2201e-07	9.6174e-01	3.8255e-02	2.7148e-06	1.1755e-36	1.1755e-36	1.1755e-36	4.6540e-15	0.00e+00	0.00e+00	1.9992e+02
4.72894e+14	5.2971e+03	7.833e-16	1.0000e+05	5.8520e+03	9.6415e-08	9.5287e-01	4.7126e-02	8.7599e-01	1.2085e-01	3.1628e-03	5.9368e-09	4.8089e-03	9.8743e-01	7.7565e-03	4.2092e-07	9.6246e-01	3.7535e-02	2.6256e-06	1.1755e-36	1.1755e-36	1.1755e-36	5.2362e-15	0.00e+00	0.00e+00	2.0445e+02
4.80401e+14	5.2212e+03	7.544e-16	1.0000e+05	5.7413e+03	1.0723e-07	9.5370e-01	4.6298e-02	8.7905e-01	1.1794e-01	3.0093e-03	6.3599e-09	4.7382e-03	9.8764e-01	7.6198e-03	4.1995e-07	9.6315e-01	3.6847e-02	2.5435e-06	1.1755e-36	1.1755e-36	1.1755e-36	5.9271e-15	0.00e+00	0.00e+00	2.0895e+02
4.87846e+14	5.1468e+03	7.273e-16	1.0000e+05	5.6354e+03	1.1928e-07	9.5449e-01	4.5507e-02	8.8196e-01	1.1517e-01	2.8669e-03	6.8301e-09	4.6706e-03	9.8784e-01	7.4932e-03	4.1908e-07	9.6381e-01	3.6191e-02	2.4679e-06	1.1755e-36	1.1755e-36	1.1755e-36	6.7499e-15	0.00e+00	0.00e+00	2.1342e+02
4.95221e+14	5.0785e+03	7.018e-16	1.0000e+05	5.5315e+03	1.3184e-07	9.5520e-01	4.4802e-02	8.8463e-01	1.1263e-01	2.7393e-03	7.3204e-09	4.6027e-03	9.8802e-01	7.3757e-03	4.1828e-07	9.6439e-01	3.5604e-02	2.3991e-06	1.1755e-36	1.1755e-36	1.1755e-36	7.6589e-15	0.00e+00	0.00e+00	2.1785e+02
5.02740e+14	5.0008e+03	6.771e-16	1.0000e+05	5.4356e+03	1.4813e-07	9.5602e-01	4.3980e-02	8.8746e-01	1.0993e-01	2.6050e-03	7.9661e-09	4.5440e-03	9.8820e-01	7.2587e-03	4.1759e-07	9.6507e-01	3.4924e-02	2.3303e-06	1.1755e-36	1.1755e-36	1.1755e-36	8.9644e-15	0.00e+00	0.00e+00	2.2249e+02
5.10092e+14	4.9296e+03	6.544e-16	1.0000e+05	5.3390e+03	1.6502e-07	9.5675e-01	4.3254e-02	8.8991e-01	1.0760e-01	2.4924e-03	8.6346e-09	4.4827e-03	9.8841e-01	7.1118e-03	4.1685e-07	9.6568e-01	3.4321e-02	2.2696e-06	1.1755e-36	1.1755e-36	1.1755e-36	1.0310e-14	0.00e+00	0.00e+00	2.2672e+02
5.17014e+14	4.8660e+03	6.341e-16	1.0000e+05	5.2531e+03	1.8202e-07	9.5731e-01	4.2688e-02	8.9218e-01	1.0543e-01	2.3900e-03	9.2942e-09	4.4280e-03	9.8860e-01	6.9739e-03	4.1619e-07	9.6615e-01	3.3848e-02	2.2184e-06	1.1755e-36	1.1755e-36	1.1755e-36	1.1702e-14	0.00e+00	0.00e+00	2.3086e+02
5.24100e+14	4.7935e+03	6.140e-16	1.0000e+05	5.1711e+03	2.0414e-07	9.5801e-01	4.1988e-02	8.9459e-01	1.0312e-01	2.2822e-03	1.0146e-08	4.3792e-03	9.8879e-01	6.8272e-03	4.1561e-07	9.6673e-01	3.3267e-02	2.1654e-06	1.1755e-36	1.1755e-36	1.1755e-36	1.3664e-14	0.00e+00	0.00e+00	2.3529e+02
5.31147e+14	4.7312e+03	5.950e-16	1.0000e+05	5.0831e+03	2.2594e-07	9.5862e-01	4.1381e-02	8.9661e-01	1.0119e-01	2.1953e-03	1.0963e-08	4.3221e-03	9.8897e-01	6.7042e-03	4.1505e-07	9.6724e-01	3.2762e-02	2.1171e-06	1.1755e-36	1.1755e-36	1.1755e-36	1.5684e-14	0.00e+00	0.00e+00	2.3939e+02
5.38033e+14	4.6626e+03	5.774e-16	1.0000e+05	5.0093e+03	2.5311e-07	9.5925e-01	4.0753e-02	8.9881e-01	9.9092e-02	2.1010e-03	1.1974e-08	4.2790e-03	9.8915e-01	6.5734e-03	4.1460e-07	9.6776e-01	3.2241e-02	2.0721e-06	1.1755e-36	1.1755e-36	1.1755e-36	1.8374e-14	0.00e+00	0.00e+00	2.4363e+02
5.44802e+14	4.6035e+03	5.607e-16	1.0000e+05	4.9308e+03	2.7987e-07	9.5979e-01	4.0211e-02	9.0065e-01	9.7326e-02	2.0244e-03	1.2947e-08	4.2289e-03	9.8931e-01	6.4625e-03	4.1417e-07	9.6821e-01	3.1789e-02	2.0312e-06	1.1755e-36	1.1755e-36	1.1755e-36	2.1156e-14	0.00e+00	0.00e+00	2.4759e+02
5.51481e+14	4.5423e+03	5.450e-16	1.0000e+05	4.8600e+03	3.1112e-07	9.6032e-01	3.9682e-02	9.0257e-01	9.5488e-02	1.9455e-03	1.4074e-08	4.1861e-03	9.8947e-01	6.3465e-03	4.1379e-07	9.6865e-01	3.1349e-02	1.9929e-06	1.1755e-36	1.1755e-36	1.1755e-36	2.4600e-14	0.00e+00	0.00e+00	2.5173e+02
5.58294e+14	4.4774e+03	5.295e-16	1.0000e+05	4.7892e+03	3.4929e-07	9.6094e-01	3.9061e-02	9.0446e-01	9.3669e-02	1.8689e-03	1.5435e-08	4.1445e-03	9.8962e-01	6.2340e-03	4.1348e-07	9.6916e-01	3.0835e-02	1.9538e-06	1.1755e-36	1.1755e-36	1.1755e-36	2.9160e-14	0.00e+00	0.00e+00	2.5585e+02
5.64804e+14	4.4221e+03	5.154e-16	1.0000e+05	4.7202e+03	3.8616e-07	9.6142e-01	3.8581e-02	9.0608e-01	9.2113e-02	1.8050e-03	1.6725e-08	4.1014e-03	9.8976e-01	6.1387e-03	4.1318e-07	9.6956e-01	3.0434e-02	1.9206e-06	1.1755e-36	1.1755e-36	1.1755e-36	3.3781e-14	0.00e+00	0.00e+00	2.5963e+02
5.71172e+14	4.3633e+03	5.022e-16	1.0000e+05	4.6604e+03	4.3047e-07	9.6191e-01	3.8091e-02	9.0782e-01	9.0445e-02	1.7371e-03	1.8265e-08	4.0677e-03	9.8990e-01	6.0362e-03	4.1295e-07	9.6997e-01	3.0027e-02	1.8893e-06	1.1755e-36	1.1755e-36	1.1755e-36	3.9718e-14	0.00e+00	0.00e+00	2.6359e+02
5.77595e+14	4.3068e+03	4.893e-16	1.0000e+05	4.5972e+03	4.7922e-07	9.6243e-01	3.7573e-02	9.0940e-01	8.8920e-02	1.6765e-03	1.9944e-08	4.0301e-03	9.9003e-01	5.9428e-03	4.1273e-07	9.7040e-01	2.9598e-02	1.8580e-06	1.1755e-36	1.1755e-36	1.1755e-36	4.6760e-14	0.00e+00	0.00e+00	2.6743e+02
5.83871e+14	4.2545e+03	4.771e-16	1.0000e+05	4.5349e+03	5.2997e-07	9.6285e-01	3.7149e-02	9.1086e-01	8.7517e-02	1.6219e-03	2.1660e-08	3.9921e-03	9.9015e-01	5.8555e-03	4.1253e-07	9.7075e-01	2.9243e-02	1.8305e-06	1.1755e-36	1.1755e-36	1.1755e-36	5.4471e-14	0.00e+00	0.00e+00	2.7122e+02
5.90231e+14	4.2001e+03	4.652e-16	1.0000e+05	4.4750e+03	5.8988e-07	9.6331e-01	3.6690e-02	9.1236e-01	8.6069e-02	1.5663e-03	2.3676e-08	3.9571e-03	9.9028e-01	5.7649e-03	4.1235e-07	9.7114e-01	2.8861e-02	1.8030e-06	1.1755e-36	1.1755e-36	1.1755e-36	6.4263e-14	0.00e+00	0.00e+00	2.7517e+02
5.96679e+14	4.1457e+03	4.534e-16	1.0000e+05	4.4138e+03	6.5815e-07	9.6379e-01	3.6206e-02	9.1380e-01	8.4688e-02	1.5142e-03	2.5954e-08	3.9209e-03	9.9040e-01	5.6797e-03	4.1221e-07	9.7154e-01	2.8460e-02	1.7758e-06	1.1755e-36	1.1755e-36	1.1755e-36	7.6308e-14	0.00e+00	0.00e+00	2.7906e+02
6.02962e+14	4.0929e+03	4.426e-16	1.0000e+05	4.3575e+03	7.3312e-07	9.6424e-01	3.5762e-02	9.1519e-01	8.3349e-02	1.4646e-03	2.8429e-08	3.8886e-03	9.9051e-01	5.5994e-03	4.1210e-07	9.7191e-01	2.8090e-02	1.7511e-06	1.1755e-36	1.1755e-36	1.1755e-36	9.0465e-14	0.00e+00	0.00e+00	2.8282e+02
6.09062e+14	4.0419e+03	4.324e-16	1.0000e+05	4.3041e+03	8.1483e-07	9.6464e-01	3.5360e-02	9.1651e-01	8.2073e-02	1.4179e-03	3.1092e-08	3.8583e-03	9.9062e-01	5.5227e-03	4.1203e-07	9.7224e-01	2.7755e-02	1.7288e-06	1.1755e-36	1.1755e-36	1.1755e-36	1.0693e-13	0.00e+00	0.00e+00	2.8649e+02
6.15085e+14	3.9922e+03	4.227e-16	1.0000e+05	4.2531e+03	9.0489e-07	9.6504e-01	3.4961e-02	9.1780e-01	8.0830e-02	1.3732e-03	3.4013e-08	3.8300e-03	9.9072e-01	5.4478e-03	4.1196e-07	9.7258e-01	2.7422e-02	1.7074e-06	1.1755e-36	1.1755e-36	1.1755e-36	1.2646e-13	0.00e+00	0.00e+00	2.9016e+02
###########################
1.69020e+10	9.8921e+03	4.279e-14	1.0000e+05	1.0240e+05	1.2874e-12	7.0913e-02	9.2909e-01	6.7610e-02	8.2862e-01	1.0377e-01	3.9373e-13	1.4068e-02	5.8295e-01	4.0218e-01	7.9924e-04	7.9309e-02	8.4824e-01	7.2214e-02	2.3597e-04	7.6190e-07	1.1755e-36	1.3782e-20	0.00e+00	0.00e+00	1.5138e-03
1.01412e+11	9.8837e+03	4.258e-14	1.0000e+05	1.0201e+05	1.2796e-12	7.0547e-02	9.2945e-01	6.7376e-02	8.2852e-01	1.0410e-01	3.8764e-13	1.3958e-02	5.8221e-01	4.0303e-01	8.0566e-04	7.8868e-02	8.4822e-01	7.2672e-02	2.3864e-04	7.7183e-07	1.1755e-36	1.3469e-20	0.00e+00	0.00e+00	7.5377e-03
4.39453e+11	9.8673e+03	4.233e-14	1.0000e+05	1.0194e+05	1.2772e-12	7.0282e-02	9.2972e-01	6.7442e-02	8.2856e-01	1.0400e-01	3.8443e-13	1.3918e-02	5.8245e-01	4.0282e-01	8.0760e-04	7.8549e-02	8.4812e-01	7.3091e-02	2.4014e-04	7.7664e-07	1.1755e-36	1.3285e-20	0.00e+00	0.00e+00	3.1543e-02
1.79161e+12	9.8385e+03	4.177e-14	1.0000e+05	1.0193e+05	1.2822e-12	7.0050e-02	9.2995e-01	6.7788e-02	8.2889e-01	1.0333e-01	3.8223e-13	1.3950e-02	5.8356e-01	4.0168e-01	8.0385e-04	7.8246e-02	8.4764e-01	7.3872e-02	2.4042e-04	7.7809e-07	1.1755e-36	1.3126e-20	0.00e+00	0.00e+00	1.2725e-01
4.27959e+12	9.7221e+03	3.993e-14	1.0000e+05	1.0220e+05	1.2006e-12	6.6527e-02	9.3347e-01	6.7884e-02	8.2918e-01	1.0294e-01	3.4160e-13	1.3614e-02	5.8402e-01	4.0152e-01	8.4207e-04	7.3919e-02	8.4586e-01	7.9956e-02	2.6844e-04	8.5959e-07	1.1755e-36	1.1061e-20	0.00e+00	0.00e+00	2.4540e-01
7.51396e+12	9.6209e+03	3.856e-14	1.0000e+05	1.0243e+05	1.1785e-12	6.4770e-02	9.3523e-01	6.8497e-02	8.2948e-01	1.0202e-01	3.2366e-13	1.3522e-02	5.8629e-01	3.9933e-01	8.5399e-04	7.1788e-02	8.4482e-01	8.3112e-02	2.7960e-04	8.8993e-07	1.1755e-36	1.0123e-20	0.00e+00	0.00e+00	3.9495e-01
1.17186e+13	9.5258e+03	3.748e-14	1.0000e+05	1.0245e+05	1.2076e-12	6.4388e-02	9.3561e-01	6.9416e-02	8.2991e-01	1.0067e-01	3.2105e-13	1.3606e-02	5.8948e-01	3.9607e-01	8.4340e-04	7.1332e-02	8.4418e-01	8.4208e-02	2.7629e-04	8.7949e-07	1.1755e-36	9.8916e-21	0.00e+00	0.00e+00	5.8822e-01
1.71847e+13	9.4670e+03	3.666e-14	1.0000e+05	1.0233e+05	1.2846e-12	6.5592e-02	9.3441e-01	7.0684e-02	8.3050e-01	9.8819e-02	3.3600e-13	1.3921e-02	5.9375e-01	3.9152e-01	8.0657e-04	7.2815e-02	8.4427e-01	8.2657e-02	2.5590e-04	8.2186e-07	1.1755e-36	1.0452e-20	0.00e+00	0.00e+00	8.4416e-01
2.38782e+13	9.4208e+03	3.622e-14	1.0000e+05	1.0204e+05	1.4438e-12	6.8729e-02	9.3127e-01	7.2403e-02	8.3116e-01	9.6440e-02	3.7440e-13	1.4483e-02	5.9931e-01	3.8546e-01	7.4442e-04	7.6637e-02	8.4460e-01	7.8538e-02	2.2151e-04	7.2538e-07	1.1755e-36	1.2095e-20	0.00e+00	0.00e+00	1.1570e+00
3.09214e+13	9.4105e+03	3.615e-14	1.0000e+05	1.0149e+05	1.6802e-12	7.3694e-02	9.2631e-01	7.4305e-02	8.3153e-01	9.4163e-02	4.3814e-13	1.5237e-02	6.0524e-01	3.7885e-01	6.6987e-04	8.2681e-02	8.4481e-01	7.2331e-02	1.8157e-04	6.1328e-07	1.1755e-36	1.5058e-20	0.00e+00	0.00e+00	1.4771e+00
3.83933e+13	9.4290e+03	3.654e-14	1.0000e+05	1.0064e+05	2.0870e-12	8.1846e-02	9.1815e-01	7.7095e-02	8.3180e-01	9.1102e-02	5.5560e-13	1.6371e-02	6.1337e-01	3.6968e-01	5.7430e-04	9.2581e-02	8.4379e-01	6.3494e-02	1.3628e-04	4.8327e-07	1.1755e-36	2.1039e-20	0.00e+00	0.00e+00	1.8940e+00
4.70594e+13	9.4834e+03	3.726e-14	1.0000e+05	9.9235e+04	2.7896e-12	9.4542e-02	9.0546e-01	8.0920e-02	8.3151e-01	8.7573e-02	7.6865e-13	1.7922e-02	6.2371e-01	3.5790e-01	4.6624e-04	1.0792e-01	8.3930e-01	5.2689e-02	9.2182e-05	3.5190e-07	1.1755e-36	3.3370e-20	0.00e+00	0.00e+00	2.4472e+00
5.61735e+13	9.5447e+03	3.841e-14	1.0000e+05	9.7323e+04	4.0278e-12	1.1304e-01	8.8696e-01	8.5743e-02	8.3027e-01	8.3987e-02	1.1499e-12	1.9823e-02	6.3606e-01	3.4375e-01	3.6128e-04	1.3009e-01	8.2836e-01	4.1489e-02	5.7064e-05	2.3985e-07	1.1755e-36	5.9397e-20	0.00e+00	0.00e+00	3.0869e+00
6.46926e+13	9.6175e+03	3.966e-14	1.0000e+05	9.5011e+04	5.9949e-12	1.3682e-01	8.6318e-01	9.1168e-02	8.2806e-01	8.0771e-02	1.7727e-12	2.1822e-02	6.4937e-01	3.2854e-01	2.7451e-04	1.5827e-01	8.0995e-01	3.1754e-02	3.4052e-05	1.5940e-07	1.1755e-36	1.1092e-19	0.00e+00	0.00e+00	3.7848e+00
7.20782e+13	9.6905e+03	4.060e-14	1.0000e+05	9.2140e+04	8.7262e-12	1.6321e-01	8.3679e-01	9.6719e-02	8.2501e-01	7.8270e-02	2.6434e-12	2.3509e-02	6.6167e-01	3.1461e-01	2.1213e-04	1.8917e-01	7.8638e-01	2.4436e-02	2.0889e-05	1.1755e-36	1.1755e-36	1.9825e-19	0.00e+00	0.00e+00	4.4747e+00
7.84502e+13	9.7305e+03	4.121e-14	1.0000e+05	8.9304e+04	1.2436e-11	1.9113e-01	8.0887e-01	1.0239e-01	8.2154e-01	7.6071e-02	3.8062e-12	2.4945e-02	6.7395e-01	3.0093e-01	1.6699e-04	2.2141e-01	7.5947e-01	1.9105e-02	1.3349e-05	1.1755e-36	1.1755e-36	3.3726e-19	0.00e+00	0.00e+00	5.2049e+00
8.41283e+13	9.7574e+03	4.143e-14	1.0000e+05	8.6368e+04	1.7205e-11	2.1974e-01	7.8026e-01	1.0817e-01	8.1763e-01	7.4200e-02	5.2764e-12	2.6069e-02	6.8571e-01	2.8809e-01	1.3412e-04	2.5403e-01	7.3079e-01	1.5171e-02	8.8713e-06	1.1755e-36	1.1755e-36	5.4406e-19	0.00e+00	0.00e+00	5.9412e+00
8.99042e+13	9.7644e+03	4.119e-14	1.0000e+05	8.3066e+04	2.4063e-11	2.5204e-01	7.4796e-01	1.1506e-01	8.1278e-01	7.2157e-02	7.3301e-12	2.7060e-02	6.9884e-01	2.7400e-01	1.0674e-04	2.9034e-01	6.9774e-01	1.1913e-02	5.8338e-06	1.1755e-36	1.1755e-36	8.8049e-19	0.00e+00	0.00e+00	6.9352e+00
9.61686e+13	9.7591e+03	4.047e-14	1.0000e+05	7.9171e+04	3.4450e-11	2.9005e-01	7.0995e-01	1.2333e-01	8.0651e-01	7.0168e-02	1.0341e-11	2.7823e-02	7.1365e-01	2.5844e-01	8.3481e-05	3.3238e-01	6.5849e-01	9.1309e-03	3.7278e-06	1.1755e-36	1.1755e-36	1.4610e-18	0.00e+00	0.00e+00	8.0860e+00
1.01865e+14	9.7508e+03	3.937e-14	1.0000e+05	7.5394e+04	4.7205e-11	3.2663e-01	6.7337e-01	1.3162e-01	7.9978e-01	6.8598e-02	1.3937e-11	2.8202e-02	7.2757e-01	2.4416e-01	6.6975e-05	3.7214e-01	6.2071e-01	7.1545e-03	2.5042e-06	1.1755e-36	1.1755e-36	2.2712e-18	0.00e+00	0.00e+00	9.1398e+00
1.06459e+14	9.7216e+03	3.824e-14	1.0000e+05	7.2279e+04	6.0786e-11	3.5719e-01	6.4281e-01	1.3919e-01	7.9353e-01	6.7283e-02	1.7590e-11	2.8345e-02	7.3938e-01	2.3222e-01	5.6103e-05	4.0486e-01	5.8926e-01	5.8734e-03	1.8304e-06	1.1755e-36	1.1755e-36	3.2022e-18	0.00e+00	0.00e+00	1.0060e+01
1.10392e+14	9.6948e+03	3.708e-14	1.0000e+05	6.9610e+04	7.4850e-11	3.8359e-01	6.1641e-01	1.4628e-01	7.8759e-01	6.6134e-02	2.1300e-11	2.8359e-02	7.4975e-01	2.2184e-01	4.8235e-05	4.3278e-01	5.6226e-01	4.9589e-03	1.4076e-06	1.1755e-36	1.1755e-36	4.2465e-18	0.00e+00	0.00e+00	1.0977e+01
1.14261e+14	9.6626e+03	3.584e-14	1.0000e+05	6.7041e+04	9.1387e-11	4.0973e-01	5.9027e-01	1.5389e-01	7.8120e-01	6.4908e-02	2.5576e-11	2.8298e-02	7.6015e-01	2.1151e-01	4.1576e-05	4.6009e-01	5.3571e-01	4.1983e-03	1.0929e-06	1.1755e-36	1.1755e-36	5.5622e-18	0.00e+00	0.00e+00	1.1999e+01
1.18297e+14	9.6304e+03	3.441e-14	1.0000e+05	6.4306e+04	1.1130e-10	4.3641e-01	5.6359e-01	1.6224e-01	7.7409e-01	6.3670e-02	3.0612e-11	2.8098e-02	7.7086e-01	2.0101e-01	3.5722e-05	4.8764e-01	5.0882e-01	3.5339e-03	8.4668e-07	1.1755e-36	1.1755e-36	7.2487e-18	0.00e+00	0.00e+00	1.3135e+01
1.22298e+14	9.5982e+03	3.294e-14	1.0000e+05	6.1646e+04	1.3373e-10	4.6200e-01	5.3800e-01	1.7088e-01	7.6662e-01	6.2505e-02	3.6165e-11	2.7786e-02	7.8121e-01	1.9097e-01	3.0865e-05	5.1376e-01	4.8325e-01	2.9899e-03	6.6490e-07	1.1755e-36	1.1755e-36	9.2626e-18	0.00e+00	0.00e+00	1.4266e+01
1.26033e+14	9.5653e+03	3.153e-14	1.0000e+05	5.9211e+04	1.5747e-10	4.8515e-01	5.1485e-01	1.7936e-01	7.5922e-01	6.1419e-02	4.1912e-11	2.7418e-02	7.9073e-01	1.8183e-01	2.6991e-05	5.3713e-01	4.6030e-01	2.5632e-03	5.3505e-07	1.1755e-36	1.1755e-36	1.1496e-17	0.00e+00	0.00e+00	1.5367e+01
1.29578e+14	9.5325e+03	3.018e-14	1.0000e+05	5.6972e+04	1.8269e-10	5.0645e-01	4.9355e-01	1.8785e-01	7.5180e-01	6.0350e-02	4.7927e-11	2.7027e-02	7.9963e-01	1.7331e-01	2.3792e-05	5.5843e-01	4.3935e-01	2.2171e-03	4.3815e-07	1.1755e-36	1.1755e-36	1.3981e-17	0.00e+00	0.00e+00	1.6485e+01
1.33106e+14	9.4995e+03	2.884e-14	1.0000e+05	5.4829e+04	2.1047e-10	5.2697e-01	4.7303e-01	1.9675e-01	7.4401e-01	5.9241e-02	5.4491e-11	2.6606e-02	8.0835e-01	1.6502e-01	2.1004e-05	5.7877e-01	4.1931e-01	1.9209e-03	3.6130e-07	1.1755e-36	1.1755e-36	1.6851e-17	0.00e+00	0.00e+00	1.7669e+01
1.36013e+14	9.4763e+03	2.777e-14	1.0000e+05	5.3115e+04	2.3368e-10	5.4234e-01	4.5766e-01	2.0377e-01	7.3780e-01	5.8430e-02	5.9853e-11	2.6191e-02	8.1493e-01	1.5886e-01	1.9101e-05	5.9388e-01	4.0440e-01	1.7193e-03	3.1234e-07	1.1755e-36	1.1755e-36	1.9302e-17	0.00e+00	0.00e+00	1.8442e+01
1.38081e+14	9.4571e+03	2.702e-14	1.0000e+05	5.1969e+04	2.5197e-10	5.5339e-01	4.4661e-01	2.0926e-01	7.3296e-01	5.7781e-02	6.4118e-11	2.5924e-02	8.1975e-01	1.5430e-01	1.7806e-05	6.0467e-01	3.9374e-01	1.5856e-03	2.8134e-07	1.1755e-36	1.1755e-36	2.1317e-17	0.00e+00	0.00e+00	1.9099e+01
1.40101e+14	9.4201e+03	2.631e-14	1.0000e+05	5.0908e+04	2.7405e-10	5.6483e-01	4.3517e-01	2.1534e-01	7.2772e-01	5.6939e-02	6.9039e-11	2.5712e-02	8.2476e-01	1.4951e-01	1.6550e-05	6.1580e-01	3.8274e-01	1.4599e-03	2.5318e-07	1.1755e-36	1.1755e-36	2.3712e-17	0.00e+00	0.00e+00	1.9869e+01
1.42370e+14	9.4143e+03	2.544e-14	1.0000e+05	4.9585e+04	2.9396e-10	5.7587e-01	4.2413e-01	2.2126e-01	7.2241e-01	5.6328e-02	7.3759e-11	2.5332e-02	8.2971e-01	1.4494e-01	1.5355e-05	6.2649e-01	3.7217e-01	1.3370e-03	2.2691e-07	1.1755e-36	1.1755e-36	2.6054e-17	0.00e+00	0.00e+00	2.0734e+01
1.44908e+14	9.3774e+03	2.455e-14	1.0000e+05	4.8232e+04	3.2265e-10	5.8884e-01	4.1116e-01	2.2871e-01	7.1590e-01	5.5388e-02	8.0039e-11	2.4983e-02	8.3547e-01	1.3954e-01	1.4072e-05	6.3898e-01	3.5981e-01	1.2098e-03	2.0064e-07	1.1755e-36	1.1755e-36	2.9265e-17	0.00e+00	0.00e+00	2.1737e+01
1.47557e+14	9.3419e+03	2.365e-14	1.0000e+05	4.6925e+04	3.5408e-10	6.0197e-01	3.9803e-01	2.3675e-01	7.0885e-01	5.4392e-02	8.7034e-11	2.4633e-02	8.4131e-01	1.3404e-01	1.2861e-05	6.5155e-01	3.4736e-01	1.0907e-03	1.7713e-07	1.1755e-36	1.1755e-36	3.2973e-17	0.00e+00	0.00e+00	2.2725e+01
1.50080e+14	9.3205e+03	2.279e-14	1.0000e+05	4.5634e+04	3.8255e-10	6.1331e-01	3.8669e-01	2.4398e-01	7.0242e-01	5.3594e-02	9.3373e-11	2.4231e-02	8.4645e-01	1.2931e-01	1.1855e-05	6.6235e-01	3.3666e-01	9.9196e-04	1.5845e-07	1.1755e-36	1.1755e-36	3.6398e-17	0.00e+00	0.00e+00	2.3673e+01
1.52623e+14	9.2863e+03	2.196e-14	1.0000e+05	4.4435e+04	4.1625e-10	6.2511e-01	3.7489e-01	2.5207e-01	6.9531e-01	5.2628e-02	1.0076e-10	2.3877e-02	8.5177e-01	1.2434e-01	1.0882e-05	6.7353e-01	3.2558e-01	8.9879e-04	1.4144e-07	1.1755e-36	1.1755e-36	4.0508e-17	0.00e+00	0.00e+00	2.4714e+01
1.55291e+14	9.2604e+03	2.110e-14	1.0000e+05	4.3162e+04	4.5066e-10	6.3649e-01	3.6351e-01	2.6019e-01	6.8809e-01	5.1717e-02	1.0831e-10	2.3459e-02	8.5697e-01	1.1956e-01	9.9851e-06	6.8426e-01	3.1493e-01	8.1313e-04	1.2640e-07	1.1755e-36	1.1755e-36	4.4798e-17	0.00e+00	0.00e+00	2.5799e+01
1.58057e+14	9.2198e+03	2.026e-14	1.0000e+05	4.1949e+04	4.9242e-10	6.4853e-01	3.5147e-01	2.6937e-01	6.7999e-01	5.0636e-02	1.1727e-10	2.3075e-02	8.6242e-01	1.1450e-01	9.1115e-06	6.9555e-01	3.0372e-01	7.3143e-04	1.1755e-36	1.1755e-36	1.1755e-36	5.0045e-17	0.00e+00	0.00e+00	2.6958e+01
1.60857e+14	9.1982e+03	1.941e-14	1.0000e+05	4.0692e+04	5.3077e-10	6.5940e-01	3.4060e-01	2.7803e-01	6.7224e-01	4.9730e-02	1.2574e-10	2.2622e-02	8.6744e-01	1.0993e-01	8.3479e-06	7.0569e-01	2.9365e-01	6.5999e-04	1.1755e-36	1.1755e-36	1.1755e-36	5.5070e-17	0.00e+00	0.00e+00	2.8112e+01
1.63720e+14	9.1576e+03	1.858e-14	1.0000e+05	3.9479e+04	5.7795e-10	6.7071e-01	3.2929e-01	2.8761e-01	6.6374e-01	4.8659e-02	1.3560e-10	2.2197e-02	8.7260e-01	1.0519e-01	7.6159e-06	7.1620e-01	2.8320e-01	5.9308e-04	1.1755e-36	1.1755e-36	1.1755e-36	6.1050e-17	0.00e+00	0.00e+00	2.9363e+01
1.66688e+14	9.1201e+03	1.777e-14	1.0000e+05	3.8298e+04	6.2879e-10	6.8204e-01	3.1796e-01	2.9776e-01	6.5471e-01	4.7532e-02	1.4650e-10	2.1770e-02	8.7775e-01	1.0047e-01	6.9313e-06	7.2667e-01	2.7280e-01	5.3109e-04	1.1755e-36	1.1755e-36	1.1755e-36	6.7852e-17	0.00e+00	0.00e+00	3.0647e+01
1.69657e+14	9.0855e+03	1.698e-14	1.0000e+05	3.7130e+04	6.8097e-10	6.9269e-01	3.0731e-01	3.0780e-01	6.4573e-01	4.6466e-02	1.5757e-10	2.1325e-02	8.8262e-01	9.6044e-02	6.3226e-06	7.3647e-01	2.6305e-01	4.7652e-04	1.1755e-36	1.1755e-36	1.1755e-36	7.4857e-17	0.00e+00	0.00e+00	3.1940e+01
1.72664e+14	9.0526e+03	1.620e-14	1.0000e+05	3.5968e+04	7.3571e-10	7.0293e-01	2.9707e-01	3.1794e-01	6.3665e-01	4.5407e-02	1.6911e-10	2.0865e-02	8.8733e-01	9.1802e-02	5.7692e-06	7.4584e-01	2.5373e-01	4.2753e-04	1.1755e-36	1.1755e-36	1.1755e-36	8.2262e-17	0.00e+00	0.00e+00	3.3297e+01
1.75805e+14	9.0061e+03	1.544e-14	1.0000e+05	3.4841e+04	8.0209e-10	7.1374e-01	2.8626e-01	3.2929e-01	6.2650e-01	4.4205e-02	1.8279e-10	2.0425e-02	8.9219e-01	8.7379e-02	5.2351e-06	7.5569e-01	2.4393e-01	3.8102e-04	1.1755e-36	1.1755e-36	1.1755e-36	9.1261e-17	0.00e+00	0.00e+00	3.4750e+01
1.79000e+14	8.9766e+03	1.469e-14	1.0000e+05	3.3689e+04	8.6444e-10	7.2358e-01	2.7642e-01	3.4012e-01	6.1673e-01	4.3149e-02	1.9604e-10	1.9935e-02	8.9671e-01	8.3350e-02	4.7665e-06	7.6462e-01	2.3504e-01	3.4037e-04	1.1755e-36	1.1755e-36	1.1755e-36	1.0002e-16	0.00e+00	0.00e+00	3.6196e+01
1.82247e+14	8.9308e+03	1.396e-14	1.0000e+05	3.2579e+04	9.3947e-10	7.3364e-01	2.6636e-01	3.5178e-01	6.0624e-01	4.1978e-02	2.1119e-10	1.9471e-02	9.0124e-01	7.9289e-02	4.3282e-06	7.7371e-01	2.2599e-01	3.0310e-04	1.1755e-36	1.1755e-36	1.1755e-36	1.1019e-16	0.00e+00	0.00e+00	3.7738e+01
1.85589e+14	8.8871e+03	1.326e-14	1.0000e+05	3.1502e+04	1.0204e-09	7.4362e-01	2.5638e-01	3.6398e-01	5.9525e-01	4.0772e-02	2.2788e-10	1.9009e-02	9.0568e-01	7.5309e-02	3.9249e-06	7.8269e-01	2.1704e-01	2.6913e-04	1.1755e-36	1.1755e-36	1.1755e-36	1.2164e-16	0.00e+00	0.00e+00	3.9314e+01
1.88932e+14	8.8462e+03	1.259e-14	1.0000e+05	3.0447e+04	1.1038e-09	7.5298e-01	2.4702e-01	3.7600e-01	5.8438e-01	3.9628e-02	2.4495e-10	1.8539e-02	9.0986e-01	7.1601e-02	3.5689e-06	7.9107e-01	2.0869e-01	2.3948e-04	1.1755e-36	1.1755e-36	1.1755e-36	1.3342e-16	0.00e+00	0.00e+00	4.0897e+01
1.92314e+14	8.8078e+03	1.194e-14	1.0000e+05	2.9408e+04	1.1913e-09	7.6194e-01	2.3806e-01	3.8805e-01	5.7345e-01	3.8499e-02	2.6285e-10	1.8063e-02	9.1386e-01	6.8075e-02	3.2482e-06	7.9907e-01	2.0072e-01	2.1311e-04	1.1755e-36	1.1755e-36	1.1755e-36	1.4587e-16	0.00e+00	0.00e+00	4.2549e+01
1.95834e+14	8.7549e+03	1.130e-14	1.0000e+05	2.8392e+04	1.2973e-09	7.7128e-01	2.2872e-01	4.0121e-01	5.6152e-01	3.7268e-02	2.8379e-10	1.7602e-02	9.1791e-01	6.4487e-02	2.9451e-06	8.0737e-01	1.9245e-01	1.8858e-04	1.1755e-36	1.1755e-36	1.1755e-36	1.6065e-16	0.00e+00	0.00e+00	4.4305e+01
1.99410e+14	8.7197e+03	1.069e-14	1.0000e+05	2.7374e+04	1.3973e-09	7.7982e-01	2.2018e-01	4.1387e-01	5.4997e-01	3.6163e-02	3.0449e-10	1.7111e-02	9.2168e-01	6.1202e-02	2.6794e-06	8.1492e-01	1.8491e-01	1.6717e-04	1.1755e-36	1.1755e-36	1.1755e-36	1.7523e-16	0.00e+00	0.00e+00	4.6051e+01
2.03034e+14	8.6676e+03	1.010e-14	1.0000e+05	2.6393e+04	1.5177e-09	7.8843e-01	2.1157e-01	4.2722e-01	5.3780e-01	3.4977e-02	3.2789e-10	1.6643e-02	9.2540e-01	5.7959e-02	2.4356e-06	8.2251e-01	1.7734e-01	1.4791e-04	1.1755e-36	1.1755e-36	1.1755e-36	1.9183e-16	0.00e+00	0.00e+00	4.7894e+01
2.06751e+14	8.6181e+03	9.538e-15	1.0000e+05	2.5443e+04	1.6465e-09	7.9685e-01	2.0315e-01	4.4089e-01	5.2532e-01	3.3786e-02	3.5335e-10	1.6179e-02	9.2898e-01	5.4839e-02	2.2149e-06	8.2992e-01	1.6995e-01	1.3064e-04	1.1755e-36	1.1755e-36	1.1755e-36	2.1010e-16	0.00e+00	0.00e+00	4.9772e+01
2.10485e+14	8.5713e+03	9.005e-15	1.0000e+05	2.4519e+04	1.7807e-09	8.0479e-01	1.9521e-01	4.5440e-01	5.1295e-01	3.2645e-02	3.7985e-10	1.5717e-02	9.3236e-01	5.1925e-02	2.0202e-06	8.3687e-01	1.6302e-01	1.1558e-04	1.1755e-36	1.1755e-36	1.1755e-36	2.2907e-16	0.00e+00	0.00e+00	5.1670e+01
2.14276e+14	8.5216e+03	8.495e-15	1.0000e+05	2.3620e+04	1.9277e-09	8.1249e-01	1.8751e-01	4.6811e-01	5.0039e-01	3.1504e-02	4.0837e-10	1.5261e-02	9.3560e-01	4.9136e-02	1.8449e-06	8.4358e-01	1.5631e-01	1.0222e-04	1.1755e-36	1.1755e-36	1.1755e-36	2.4948e-16	0.00e+00	0.00e+00	5.3643e+01
2.18181e+14	8.4727e+03	8.003e-15	1.0000e+05	2.2737e+04	2.0862e-09	8.2001e-01	1.7999e-01	4.8210e-01	4.8754e-01	3.0363e-02	4.3934e-10	1.4805e-02	9.3874e-01	4.6451e-02	1.6859e-06	8.5013e-01	1.4978e-01	9.0230e-05	1.1755e-36	1.1755e-36	1.1755e-36	2.7168e-16	0.00e+00	0.00e+00	5.5695e+01
2.22187e+14	8.4209e+03	7.532e-15	1.0000e+05	2.1870e+04	2.2617e-09	8.2733e-01	1.7267e-01	4.9625e-01	4.7453e-01	2.9223e-02	4.7297e-10	1.4351e-02	9.4176e-01	4.3884e-02	1.5429e-06	8.5647e-01	1.4345e-01	7.9578e-05	1.1755e-36	1.1755e-36	1.1755e-36	2.9581e-16	0.00e+00	0.00e+00	5.7810e+01
2.26253e+14	8.3632e+03	7.087e-15	1.0000e+05	2.1038e+04	2.4572e-09	8.3446e-01	1.6554e-01	5.1065e-01	4.6127e-01	2.8083e-02	5.0946e-10	1.3912e-02	9.4465e-01	4.1433e-02	1.4150e-06	8.6264e-01	1.3729e-01	7.0177e-05	1.1755e-36	1.1755e-36	1.1755e-36	3.2183e-16	0.00e+00	0.00e+00	5.9962e+01
2.30359e+14	8.3150e+03	6.667e-15	1.0000e+05	2.0230e+04	2.6527e-09	8.4105e-01	1.5895e-01	5.2462e-01	4.4837e-01	2.7011e-02	5.4688e-10	1.3474e-02	9.4735e-01	3.9170e-02	1.3029e-06	8.6831e-01	1.3162e-01	6.2035e-05	1.1755e-36	1.1755e-36	1.1755e-36	3.4822e-16	0.00e+00	0.00e+00	6.2154e+01
2.34489e+14	8.2555e+03	6.276e-15	1.0000e+05	1.9469e+04	2.8786e-09	8.4752e-01	1.5248e-01	5.3880e-01	4.3528e-01	2.5918e-02	5.8802e-10	1.3063e-02	9.4992e-01	3.7014e-02	1.2033e-06	8.7387e-01	1.2607e-01	5.4889e-05	1.1755e-36	1.1755e-36	1.1755e-36	3.7722e-16	0.00e+00	0.00e+00	6.4365e+01
2.38671e+14	8.2073e+03	5.905e-15	1.0000e+05	1.8729e+04	3.1013e-09	8.5349e-01	1.4651e-01	5.5255e-01	4.2256e-01	2.4892e-02	6.3008e-10	1.2651e-02	9.5233e-01	3.5020e-02	1.1156e-06	8.7898e-01	1.2097e-01	4.8669e-05	1.1755e-36	1.1755e-36	1.1755e-36	4.0635e-16	0.00e+00	0.00e+00	6.6646e+01
2.42927e+14	8.1424e+03	5.557e-15	1.0000e+05	1.8025e+04	3.3724e-09	8.5948e-01	1.4052e-01	5.6667e-01	4.0950e-01	2.3826e-02	6.7748e-10	1.2263e-02	9.5464e-01	3.3094e-02	1.0367e-06	8.8410e-01	1.1585e-01	4.3136e-05	1.1755e-36	1.1755e-36	1.1755e-36	4.3934e-16	0.00e+00	0.00e+00	6.8968e+01
2.47260e+14	8.0936e+03	5.226e-15	1.0000e+05	1.7332e+04	3.6291e-09	8.6490e-01	1.3510e-01	5.8018e-01	3.9697e-01	2.2852e-02	7.2461e-10	1.1867e-02	9.5680e-01	3.1328e-02	9.6731e-07	8.8872e-01	1.1124e-01	3.8330e-05	1.1755e-36	1.1755e-36	1.1755e-36	4.7097e-16	0.00e+00	0.00e+00	7.1363e+01
2.51645e+14	8.0263e+03	4.919e-15	1.0000e+05	1.6685e+04	3.9467e-09	8.7036e-01	1.2964e-01	5.9399e-01	3.8418e-01	2.1832e-02	7.7820e-10	1.1504e-02	9.5886e-01	2.9630e-02	9.0535e-07	8.9337e-01	1.0660e-01	3.4078e-05	1.1755e-36	1.1755e-36	1.1755e-36	5.0753e-16	0.00e+00	0.00e+00	7.3773e+01
2.56101e+14	7.9779e+03	4.627e-15	1.0000e+05	1.6050e+04	4.2389e-09	8.7522e-01	1.2478e-01	6.0709e-01	3.7200e-01	2.0908e-02	8.3065e-10	1.1133e-02	9.6079e-01	2.8080e-02	8.5093e-07	8.9750e-01	1.0247e-01	3.0393e-05	1.1755e-36	1.1755e-36	1.1755e-36	5.4156e-16	0.00e+00	0.00e+00	7.6275e+01
2.60654e+14	7.9104e+03	4.354e-15	1.0000e+05	1.5444e+04	4.6043e-09	8.8011e-01	1.1989e-01	6.2038e-01	3.5966e-01	1.9955e-02	8.8952e-10	1.0784e-02	9.6262e-01	2.6590e-02	8.0217e-07	9.0164e-01	9.8334e-02	2.7118e-05	1.1755e-36	1.1755e-36	1.1755e-36	5.8000e-16	0.00e+00	0.00e+00	7.8819e+01
2.65275e+14	7.8473e+03	4.098e-15	1.0000e+05	1.4871e+04	4.9843e-09	8.8472e-01	1.1528e-01	6.3342e-01	3.4755e-01	1.9031e-02	9.5142e-10	1.0449e-02	9.6435e-01	2.5199e-02	7.5896e-07	9.0554e-01	9.4436e-02	2.4246e-05	1.1755e-36	1.1755e-36	1.1755e-36	6.1984e-16	0.00e+00	0.00e+00	8.1425e+01
2.70029e+14	7.7853e+03	3.855e-15	1.0000e+05	1.4315e+04	5.3915e-09	8.8911e-01	1.1089e-01	6.4627e-01	3.3560e-01	1.8130e-02	1.0169e-09	1.0121e-02	9.6599e-01	2.3887e-02	7.2027e-07	9.0924e-01	9.0738e-02	2.1700e-05	1.1755e-36	1.1755e-36	1.1755e-36	6.6113e-16	0.00e+00	0.00e+00	8.4144e+01
2.74946e+14	7.7188e+03	3.624e-15	1.0000e+05	1.3775e+04	5.8487e-09	8.9335e-01	1.0665e-01	6.5899e-01	3.2377e-01	1.7244e-02	1.0871e-09	9.7995e-03	9.6756e-01	2.2643e-02	6.8556e-07	9.1281e-01	8.7168e-02	1.9435e-05	1.1755e-36	1.1755e-36	1.1755e-36	7.0468e-16	0.00e+00	0.00e+00	8.6958e+01
2.79984e+14	7.6516e+03	3.408e-15	1.0000e+05	1.3260e+04	6.3447e-09	8.9737e-01	1.0263e-01	6.7144e-01	3.1218e-01	1.6382e-02	1.1614e-09	9.4908e-03	9.6903e-01	2.1479e-02	6.5478e-07	9.1620e-01	8.3785e-02	1.7444e-05	1.1755e-36	1.1755e-36	1.1755e-36	7.4995e-16	0.00e+00	0.00e+00	8.9841e+01
2.85145e+14	7.5815e+03	3.205e-15	1.0000e+05	1.2767e+04	6.8927e-09	9.0120e-01	9.8801e-02	6.8363e-01	3.0083e-01	1.5540e-02	1.2400e-09	9.1945e-03	9.7042e-01	2.0386e-02	6.2743e-07	9.1941e-01	8.0575e-02	1.5692e-05	1.1755e-36	1.1755e-36	1.1755e-36	7.9705e-16	0.00e+00	0.00e+00	9.2820e+01
2.90480e+14	7.5085e+03	3.013e-15	1.0000e+05	1.2293e+04	7.5017e-09	9.0486e-01	9.5143e-02	6.9560e-01	2.8968e-01	1.4718e-02	1.3234e-09	8.9069e-03	9.7174e-01	1.9355e-02	6.0297e-07	9.2248e-01	7.7509e-02	1.4137e-05	1.1755e-36	1.1755e-36	1.1755e-36	8.4612e-16	0.00e+00	0.00e+00	9.5924e+01
2.96010e+14	7.4330e+03	2.831e-15	1.0000e+05	1.1836e+04	8.1791e-09	9.0836e-01	9.1640e-02	7.0733e-01	2.7875e-01	1.3916e-02	1.4122e-09	8.6283e-03	9.7299e-01	1.8384e-02	5.8109e-07	9.2541e-01	7.4577e-02	1.2756e-05	1.1755e-36	1.1755e-36	1.1755e-36	8.9756e-16	0.00e+00	0.00e+00	9.9151e+01
3.01738e+14	7.3545e+03	2.660e-15	1.0000e+05	1.1397e+04	8.9358e-09	9.1170e-01	8.8298e-02	7.1879e-01	2.6807e-01	1.3136e-02	1.5063e-09	8.3597e-03	9.7417e-01	1.7470e-02	5.6157e-07	9.2820e-01	7.1783e-02	1.1532e-05	1.1755e-36	1.1755e-36	1.1755e-36	9.5131e-16	0.00e+00	0.00e+00	1.0251e+02
3.07684e+14	7.2733e+03	2.498e-15	1.0000e+05	1.0978e+04	9.7830e-09	9.1490e-01	8.5104e-02	7.2999e-01	2.5764e-01	1.2375e-02	1.6066e-09	8.1014e-03	9.7529e-01	1.6609e-02	5.4414e-07	9.3087e-01	6.9116e-02	1.0446e-05	1.1755e-36	1.1755e-36	1.1755e-36	1.0081e-15	0.00e+00	0.00e+00	1.0601e+02
3.13888e+14	7.1895e+03	2.345e-15	1.0000e+05	1.0569e+04	1.0732e-08	9.1790e-01	8.2095e-02	7.4084e-01	2.4752e-01	1.1643e-02	1.7114e-09	7.8478e-03	9.7635e-01	1.5801e-02	5.2855e-07	9.3339e-01	6.6604e-02	9.4815e-06	1.1755e-36	1.1755e-36	1.1755e-36	1.0659e-15	0.00e+00	0.00e+00	1.0969e+02
3.20346e+14	7.1086e+03	2.202e-15	1.0000e+05	1.0183e+04	1.1751e-08	9.2076e-01	7.9237e-02	7.5134e-01	2.3772e-01	1.0939e-02	1.8216e-09	7.6057e-03	9.7735e-01	1.5043e-02	5.1464e-07	9.3577e-01	6.4223e-02	8.6245e-06	1.1755e-36	1.1755e-36	1.1755e-36	1.1265e-15	0.00e+00	0.00e+00	1.1351e+02
3.27093e+14	7.0199e+03	2.066e-15	1.0000e+05	9.8110e+03	1.2946e-08	9.2351e-01	7.6487e-02	7.6162e-01	2.2813e-01	1.0250e-02	1.9399e-09	7.3725e-03	9.7830e-01	1.4326e-02	5.0219e-07	9.3806e-01	6.1932e-02	7.8600e-06	1.1755e-36	1.1755e-36	1.1755e-36	1.1916e-15	0.00e+00	0.00e+00	1.1754e+02
3.34208e+14	6.9185e+03	1.937e-15	1.0000e+05	9.4570e+03	1.4425e-08	9.2629e-01	7.3714e-02	7.7186e-01	2.1858e-01	9.5590e-03	2.0740e-09	7.1531e-03	9.7921e-01	1.3639e-02	4.9100e-07	9.4037e-01	5.9625e-02	7.1664e-06	1.1755e-36	1.1755e-36	1.1755e-36	1.2698e-15	0.00e+00	0.00e+00	1.2182e+02
3.41423e+14	6.8292e+03	1.819e-15	1.0000e+05	9.1208e+03	1.5900e-08	9.2866e-01	7.1341e-02	7.8104e-01	2.1001e-01	8.9555e-03	2.1997e-09	6.9389e-03	9.8003e-01	1.3034e-02	4.8146e-07	9.4234e-01	5.7650e-02	6.5820e-06	1.1755e-36	1.1755e-36	1.1755e-36	1.3388e-15	0.00e+00	0.00e+00	1.2599e+02
3.48828e+14	6.7264e+03	1.710e-15	1.0000e+05	8.8165e+03	1.7741e-08	9.3104e-01	6.8961e-02	7.9025e-01	2.0141e-01	8.3385e-03	2.3455e-09	6.7498e-03	9.8080e-01	1.2451e-02	4.7293e-07	9.4432e-01	5.5672e-02	6.0561e-06	1.1755e-36	1.1755e-36	1.1755e-36	1.4265e-15	0.00e+00	0.00e+00	1.3051e+02
3.56370e+14	6.6298e+03	1.610e-15	1.0000e+05	8.5240e+03	1.9694e-08	9.3318e-01	6.6819e-02	7.9852e-01	1.9368e-01	7.7985e-03	2.4873e-09	6.5643e-03	9.8150e-01	1.1937e-02	4.6565e-07	9.4610e-01	5.3892e-02	5.6039e-06	1.1755e-36	1.1755e-36	1.1755e-36	1.5121e-15	0.00e+00	0.00e+00	1.3487e+02
3.63803e+14	6.5348e+03	1.521e-15	1.0000e+05	8.2631e+03	2.1825e-08	9.3509e-01	6.4908e-02	8.0621e-01	1.8649e-01	7.2965e-03	2.6322e-09	6.3994e-03	9.8213e-01	1.1472e-02	4.5943e-07	9.4769e-01	5.2303e-02	5.2187e-06	1.1755e-36	1.1755e-36	1.1755e-36	1.6022e-15	0.00e+00	0.00e+00	1.3928e+02
3.71358e+14	6.4397e+03	1.438e-15	1.0000e+05	8.0162e+03	2.4214e-08	9.3691e-01	6.3094e-02	8.1345e-01	1.7972e-01	6.8299e-03	2.7840e-09	6.2427e-03	9.8271e-01	1.1042e-02	4.5393e-07	9.4920e-01	5.0796e-02	4.8753e-06	1.1755e-36	1.1755e-36	1.1755e-36	1.7014e-15	0.00e+00	0.00e+00	1.4380e+02
3.79054e+14	6.3447e+03	1.361e-15	1.0000e+05	7.7829e+03	2.6894e-08	9.3863e-01	6.1368e-02	8.2026e-01	1.7334e-01	6.3956e-03	2.9438e-09	6.0944e-03	9.8326e-01	1.0645e-02	4.4907e-07	9.5063e-01	4.9363e-02	4.5680e-06	1.1755e-36	1.1755e-36	1.1755e-36	1.8121e-15	0.00e+00	0.00e+00	1.4839e+02
3.86816e+14	6.2504e+03	1.290e-15	1.0000e+05	7.5641e+03	2.9882e-08	9.4024e-01	5.9761e-02	8.2662e-01	1.6738e-01	5.9954e-03	3.1104e-09	5.9549e-03	9.8376e-01	1.0283e-02	4.4481e-07	9.5197e-01	4.8028e-02	4.2961e-06	1.1755e-36	1.1755e-36	1.1755e-36	1.9341e-15	0.00e+00	0.00e+00	1.5301e+02
3.94591e+14	6.1573e+03	1.225e-15	1.0000e+05	7.3603e+03	3.3198e-08	9.4174e-01	5.8263e-02	8.3256e-01	1.6181e-01	5.6267e-03	3.2848e-09	5.8250e-03	9.8422e-01	9.9509e-03	4.4109e-07	9.5321e-01	4.6784e-02	4.0553e-06	1.1755e-36	1.1755e-36	1.1755e-36	2.0699e-15	0.00e+00	0.00e+00	1.5763e+02
4.02371e+14	6.0656e+03	1.165e-15	1.0000e+05	7.1696e+03	3.6879e-08	9.4314e-01	5.6861e-02	8.3811e-01	1.5661e-01	5.2872e-03	3.4684e-09	5.7032e-03	9.8465e-01	9.6465e-03	4.3783e-07	9.5438e-01	4.5619e-02	3.8408e-06	1.1755e-36	1.1755e-36	1.1755e-36	2.2223e-15	0.00e+00	0.00e+00	1.6227e+02
4.10163e+14	5.9752e+03	1.110e-15	1.0000e+05	6.9900e+03	4.0973e-08	9.4446e-01	5.5542e-02	8.4331e-01	1.5171e-01	4.9741e-03	3.6630e-09	5.5885e-03	9.8504e-01	9.3666e-03	4.3494e-07	9.5547e-01	4.4524e-02	3.6485e-06	1.1755e-36	1.1755e-36	1.1755e-36	2.3948e-15	0.00e+00	0.00e+00	1.6692e+02
4.17965e+14	5.8863e+03	1.058e-15	1.0000e+05	6.8207e+03	4.5529e-08	9.4570e-01	5.4295e-02	8.4823e-01	1.4708e-01	4.6841e-03	3.8715e-09	5.4802e-03	9.8541e-01	9.1085e-03	4.3239e-07	9.5651e-01	4.3489e-02	3.4752e-06	1.1755e-36	1.1755e-36	1.1755e-36	2.5919e-15	0.00e+00	0.00e+00	1.7158e+02
4.25767e+14	5.7989e+03	1.011e-15	1.0000e+05	6.6607e+03	5.0602e-08	9.4688e-01	5.3116e-02	8.5286e-01	1.4272e-01	4.4164e-03	4.0952e-09	5.3779e-03	9.8575e-01	8.8704e-03	4.3013e-07	9.5749e-01	4.2510e-02	3.3185e-06	1.1755e-36	1.1755e-36	1.1755e-36	2.8184e-15	0.00e+00	0.00e+00	1.7624e+02
4.33557e+14	5.7129e+03	9.664e-16	1.0000e+05	6.5094e+03	5.6249e-08	9.4800e-01	5.1998e-02	8.5721e-01	1.3862e-01	4.1692e-03	4.3365e-09	5.2810e-03	9.8607e-01	8.6505e-03	4.2813e-07	9.5841e-01	4.1582e-02	3.1766e-06	1.1755e-36	1.1755e-36	1.1755e-36	3.0799e-15	0.00e+00	0.00e+00	1.8090e+02
4.41322e+14	5.6286e+03	9.253e-16	1.0000e+05	6.3662e+03	6.2533e-08	9.4906e-01	5.0937e-02	8.6131e-01	1.3475e-01	3.9410e-03	4.5982e-09	5.1894e-03	9.8636e-01	8.4474e-03	4.2635e-07	9.5930e-01	4.0701e-02	3.0476e-06	1.1755e-36	1.1755e-36	1.1755e-36	3.3836e-15	0.00e+00	0.00e+00	1.8554e+02
4.49054e+14	5.5457e+03	8.871e-16	1.0000e+05	6.2304e+03	6.9535e-08	9.5007e-01	4.9928e-02	8.6517e-01	1.3110e-01	3.7299e-03	4.8835e-09	5.1026e-03	9.8664e-01	8.2596e-03	4.2477e-07	9.6013e-01	3.9864e-02	2.9300e-06	1.1755e-36	1.1755e-36	1.1755e-36	3.7381e-15	0.00e+00	0.00e+00	1.9017e+02
4.56739e+14	5.4645e+03	8.514e-16	1.0000e+05	6.1014e+03	7.7323e-08	9.5103e-01	4.8970e-02	8.6882e-01	1.2765e-01	3.5349e-03	5.1956e-09	5.0202e-03	9.8689e-01	8.0861e-03	4.2337e-07	9.6093e-01	3.9068e-02	2.8228e-06	1.1755e-36	1.1755e-36	1.1755e-36	4.1529e-15	0.00e+00	0.00e+00	1.9477e+02
4.64371e+14	5.3850e+03	8.181e-16	1.0000e+05	5.9789e+03	8.5985e-08	9.5194e-01	4.8057e-02	8.7226e-01	1.2438e-01	3.3544e-03	5.5385e-09	4.9420e-03	9.8713e-01	7.9255e-03	4.2212e-07	9.6169e-01	3.8310e-02	2.7247e-06	1.1755e-36	1.1755e-36	1.1755e-36	4.6408e-15	0.00e+00	0.00e+00	1.9934e+02
4.71947e+14	5.3072e+03	7.870e-16	1.0000e+05	5.8622e+03	9.5623e-08	9.5281e-01	4.7186e-02	8.7552e-01	1.2129e-01	3.1872e-03	5.9171e-09	4.8676e-03	9.8736e-01	7.7767e-03	4.2101e-07	9.6241e-01	3.7586e-02	2.6346e-06	1.1755e-36	1.1755e-36	1.1755e-36	5.2171e-15	0.00e+00	0.00e+00	2.0388e+02
4.79465e+14	5.2311e+03	7.578e-16	1.0000e+05	5.7509e+03	1.0635e-07	9.5365e-01	4.6352e-02	8.7860e-01	1.1836e-01	3.0321e-03	6.3366e-09	4.7969e-03	9.8756e-01	7.6387e-03	4.2003e-07	9.6310e-01	3.6894e-02	2.5517e-06	1.1755e-36	1.1755e-36	1.1755e-36	5.9007e-15	0.00e+00	0.00e+00	2.0839e+02
4.86922e+14	5.1566e+03	7.305e-16	1.0000e+05	5.6445e+03	1.1829e-07	9.5445e-01	4.5554e-02	8.8153e-01	1.1558e-01	2.8880e-03	6.8029e-09	4.7294e-03	9.8776e-01	7.5107e-03	4.1915e-07	9.6377e-01	3.6232e-02	2.4752e-06	1.1755e-36	1.1755e-36	1.1755e-36	6.7147e-15	0.00e+00	0.00e+00	2.1286e+02
4.94312e+14	5.0879e+03	7.048e-16	1.0000e+05	5.5397e+03	1.3078e-07	9.5515e-01	4.4846e-02	8.8421e-01	1.1303e-01	2.7593e-03	7.2890e-09	4.6612e-03	9.8795e-01	7.3923e-03	4.1833e-07	9.6435e-01	3.5642e-02	2.4058e-06	1.1755e-36	1.1755e-36	1.1755e-36	7.6143e-15	0.00e+00	0.00e+00	2.1730e+02
5.01842e+14	5.0101e+03	6.799e-16	1.0000e+05	5.4430e+03	1.4690e-07	9.5598e-01	4.4022e-02	8.8706e-01	1.1032e-01	2.6240e-03	7.9273e-09	4.6021e-03	9.8812e-01	7.2745e-03	4.1764e-07	9.6504e-01	3.4960e-02	2.3365e-06	1.1755e-36	1.1755e-36	1.1755e-36	8.9017e-15	0.00e+00	0.00e+00	2.2195e+02
5.09202e+14	4.9388e+03	6.570e-16	1.0000e+05	5.3462e+03	1.6364e-07	9.5671e-01	4.3290e-02	8.8953e-01	1.0796e-01	2.5100e-03	8.5905e-09	4.5410e-03	9.8833e-01	7.1330e-03	4.1691e-07	9.6565e-01	3.4352e-02	2.2751e-06	1.1755e-36	1.1755e-36	1.1755e-36	1.0246e-14	0.00e+00	0.00e+00	2.2619e+02
5.16141e+14	4.8748e+03	6.365e-16	1.0000e+05	5.2596e+03	1.8052e-07	9.5728e-01	4.2720e-02	8.9181e-01	1.0578e-01	2.4067e-03	9.2465e-09	4.4863e-03	9.8852e-01	6.9942e-03	4.1624e-07	9.6612e-01	3.3875e-02	2.2235e-06	1.1755e-36	1.1755e-36	1.1755e-36	1.1628e-14	0.00e+00	0.00e+00	2.3033e+02
5.23240e+14	4.8021e+03	6.163e-16	1.0000e+05	5.1771e+03	2.0243e-07	9.5798e-01	4.2015e-02	8.9423e-01	1.0347e-01	2.2981e-03	1.0092e-08	4.4373e-03	9.8872e-01	6.8467e-03	4.1564e-07	9.6671e-01	3.3292e-02	2.1699e-06	1.1755e-36	1.1755e-36	1.1755e-36	1.3572e-14	0.00e+00	0.00e+00	2.3477e+02
5.30299e+14	4.7397e+03	5.971e-16	1.0000e+05	5.0885e+03	2.2405e-07	9.5859e-01	4.1405e-02	8.9626e-01	1.0153e-01	2.2103e-03	1.0904e-08	4.3803e-03	9.8890e-01	6.7228e-03	4.1507e-07	9.6721e-01	3.2784e-02	2.1213e-06	1.1755e-36	1.1755e-36	1.1755e-36	1.5573e-14	0.00e+00	0.00e+00	2.3887e+02
5.37201e+14	4.6708e+03	5.794e-16	1.0000e+05	5.0142e+03	2.5102e-07	9.5923e-01	4.0772e-02	8.9847e-01	9.9415e-02	2.1152e-03	1.1909e-08	4.3370e-03	9.8907e-01	6.5912e-03	4.1462e-07	9.6774e-01	3.2259e-02	2.0758e-06	1.1755e-36	1.1755e-36	1.1755e-36	1.8241e-14	0.00e+00	0.00e+00	2.4313e+02
5.43983e+14	4.6114e+03	5.626e-16	1.0000e+05	4.9351e+03	2.7759e-07	9.5978e-01	4.0225e-02	9.0032e-01	9.7642e-02	2.0380e-03	1.2877e-08	4.2869e-03	9.8923e-01	6.4796e-03	4.1418e-07	9.6819e-01	3.1803e-02	2.0346e-06	1.1755e-36	1.1755e-36	1.1755e-36	2.1002e-14	0.00e+00	0.00e+00	2.4709e+02
5.50669e+14	4.5501e+03	5.467e-16	1.0000e+05	4.8640e+03	3.0855e-07	9.6031e-01	3.9693e-02	9.0224e-01	9.5799e-02	1.9586e-03	1.3994e-08	4.2442e-03	9.8939e-01	6.3632e-03	4.1379e-07	9.6864e-01	3.1360e-02	1.9960e-06	1.1755e-36	1.1755e-36	1.1755e-36	2.4410e-14	0.00e+00	0.00e+00	2.5123e+02
5.57489e+14	4.4850e+03	5.311e-16	1.0000e+05	4.7927e+03	3.4638e-07	9.6093e-01	3.9068e-02	9.0415e-01	9.3973e-02	1.8814e-03	1.5346e-08	4.2025e-03	9.8955e-01	6.2501e-03	4.1347e-07	9.6915e-01	3.0843e-02	1.9565e-06	1.1755e-36	1.1755e-36	1.1755e-36	2.8927e-14	0.00e+00	0.00e+00	2.5536e+02
5.64010e+14	4.4295e+03	5.170e-16	1.0000e+05	4.7231e+03	3.8300e-07	9.6142e-01	3.8582e-02	9.0577e-01	9.2412e-02	1.8171e-03	1.6628e-08	4.1594e-03	9.8969e-01	6.1542e-03	4.1317e-07	9.6956e-01	3.0438e-02	1.9230e-06	1.1755e-36	1.1755e-36	1.1755e-36	3.3512e-14	0.00e+00	0.00e+00	2.5915e+02
5.70386e+14	4.3706e+03	5.037e-16	1.0000e+05	4.6629e+03	4.2690e-07	9.6191e-01	3.8088e-02	9.0751e-01	9.0742e-02	1.7489e-03	1.8156e-08	4.1254e-03	9.8982e-01	6.0515e-03	4.1294e-07	9.6997e-01	3.0027e-02	1.8914e-06	1.1755e-36	1.1755e-36	1.1755e-36	3.9388e-14	0.00e+00	0.00e+00	2.6311e+02
5.76816e+14	4.3139e+03	4.907e-16	1.0000e+05	4.5991e+03	4.7528e-07	9.6243e-01	3.7565e-02	9.0910e-01	8.9213e-02	1.6879e-03	1.9825e-08	4.0878e-03	9.8995e-01	5.9576e-03	4.1272e-07	9.7040e-01	2.9593e-02	1.8599e-06	1.1755e-36	1.1755e-36	1.1755e-36	4.6372e-14	0.00e+00	0.00e+00	2.6696e+02
5.83101e+14	4.2615e+03	4.784e-16	1.0000e+05	4.5362e+03	5.2565e-07	9.6287e-01	3.7134e-02	9.1056e-01	8.7810e-02	1.6331e-03	2.1530e-08	4.0496e-03	9.9008e-01	5.8700e-03	4.1251e-07	9.7076e-01	2.9234e-02	1.8321e-06	1.1755e-36	1.1755e-36	1.1755e-36	5.4023e-14	0.00e+00	0.00e+00	2.7075e+02
5.89465e+14	4.2069e+03	4.664e-16	1.0000e+05	4.4756e+03	5.8507e-07	9.6333e-01	3.6669e-02	9.1206e-01	8.6362e-02	1.5774e-03	2.3533e-08	4.0143e-03	9.9021e-01	5.7792e-03	4.1233e-07	9.7115e-01	2.8847e-02	1.8043e-06	1.1755e-36	1.1755e-36	1.1755e-36	6.3733e-14	0.00e+00	0.00e+00	2.7470e+02
5.95915e+14	4.1523e+03	4.545e-16	1.0000e+05	4.4135e+03	6.5285e-07	9.6382e-01	3.6176e-02	9.1349e-01	8.4981e-02	1.5253e-03	2.5800e-08	3.9776e-03	9.9033e-01	5.6939e-03	4.1218e-07	9.7156e-01	2.8438e-02	1.7766e-06	1.1755e-36	1.1755e-36	1.1755e-36	7.5697e-14	0.00e+00	0.00e+00	2.7860e+02
6.02197e+14	4.0994e+03	4.436e-16	1.0000e+05	4.3559e+03	7.2736e-07	9.6428e-01	3.5719e-02	9.1488e-01	8.3645e-02	1.4757e-03	2.8265e-08	3.9446e-03	9.9044e-01	5.6134e-03	4.1206e-07	9.7194e-01	2.8059e-02	1.7515e-06	1.1755e-36	1.1755e-36	1.1755e-36	8.9788e-14	0.00e+00	0.00e+00	2.8235e+02
6.08289e+14	4.0482e+03	4.333e-16	1.0000e+05	4.3008e+03	8.0868e-07	9.6470e-01	3.5300e-02	9.1619e-01	8.2376e-02	1.4295e-03	3.0923e-08	3.9132e-03	9.9055e-01	5.5369e-03	4.1198e-07	9.7229e-01	2.7709e-02	1.7286e-06	1.1755e-36	1.1755e-36	1.1755e-36	1.0623e-13	0.00e+00	0.00e+00	2.8601e+02
6.14290e+14	4.0011e+03	4.233e-16	1.0000e+05	4.2469e+03	8.9366e-07	9.6512e-01	3.4875e-02	9.1746e-01	8.1154e-02	1.3864e-03	3.3719e-08	3.8818e-03	9.9065e-01	5.4632e-03	4.1188e-07	9.7264e-01	2.7358e-02	1.7058e-06	1.1755e-36	1.1755e-36	1.1755e-36	1.2483e-13	0.00e+00	0.00e+00	2.8966e+02
6.20430e+14	3.9467e+03	4.120e-16	1.0000e+05	4.1746e+03	1.0063e-06	9.6574e-01	3.4256e-02	9.1869e-01	7.9961e-02	1.3486e-03	3.7418e-08	3.8375e-03	9.9077e-01	5.3878e-03	4.1180e-07	9.7315e-01	2.6850e-02	1.6780e-06	1.1755e-36	1.1755e-36	1.1755e-36	1.5217e-13	0.00e+00	0.00e+00	2.9350e+02
###########################
1.69020e+10	9.8921e+03	4.279e-14	1.0000e+05	1.0240e+05	1.2874e-12	7.0913e-02	9.2909e-01	6.7610e-02	8.2862e-01	1.0377e-01	3.9373e-13	1.4068e-02	5.8295e-01	4.0218e-01	7.9924e-04	7.9309e-02	8.4824e-01	7.2214e-02	2.3597e-04	7.6190e-07	1.1755e-36	1.3782e-20	0.00e+00	0.00e+00	1.5138e-03
1.01412e+11	9.8837e+03	4.258e-14	1.0000e+05	1.0201e+05	1.2796e-12	7.0547e-02	9.2945e-01	6.7376e-02	8.2852e-01	1.0410e-01	3.8765e-13	1.3958e-02	5.8221e-01	4.0303e-01	8.0566e-04	7.8868e-02	8.4822e-01	7.2672e-02	2.3864e-04	7.7183e-07	1.1755e-36	1.3469e-20	0.00e+00	0.00e+00	7.5377e-03
4.39453e+11	9.8673e+03	4.233e-14	1.0000e+05	1.0194e+05	1.2772e-12	7.0282e-02	9.2972e-01	6.7442e-02	8.2856e-01	1.0400e-01	3.8443e-13	1.3918e-02	5.8245e-01	4.0282e-01	8.0760e-04	7.8549e-02	8.4812e-01	7.3091e-02	2.4014e-04	7.7664e-07	1.1755e-36	1.3285e-20	0.00e+00	0.00e+00	3.1543e-02
1.79161e+12	9.8385e+03	4.177e-14	1.0000e+05	1.0193e+05	1.2822e-12	7.0049e-02	9.2995e-01	6.7788e-02	8.2889e-01	1.0333e-01	3.8224e-13	1.3949e-02	5.8356e-01	4.0168e-01	8.0385e-04	7.8246e-02	8.4764e-01	7.3872e-02	2.4042e-04	7.7809e-07	1.1755e-36	1.3126e-20	0.00e+00	0.00e+00	1.2725e-01
4.27959e+12	9.7221e+03	3.993e-14	1.0000e+05	1.0220e+05	1.2007e-12	6.6527e-02	9.3347e-01	6.7884e-02	8.2918e-01	1.0294e-01	3.4161e-13	1.3614e-02	5.8402e-01	4.0152e-01	8.4208e-04	7.3919e-02	8.4586e-01	7.9956e-02	2.6845e-04	8.5959e-07	1.1755e-36	1.1061e-20	0.00e+00	0.00e+00	2.4540e-01
7.51396e+12	9.6209e+03	3.856e-14	1.0000e+05	1.0243e+05	1.1786e-12	6.4770e-02	9.3523e-01	6.8497e-02	8.2948e-01	1.0202e-01	3.2367e-13	1.3522e-02	5.8629e-01	3.9933e-01	8.5400e-04	7.1788e-02	8.4482e-01	8.3112e-02	2.7960e-04	8.8993e-07	1.1755e-36	1.0123e-20	0.00e+00	0.00e+00	3.9495e-01
1.17186e+13	9.5258e+03	3.748e-14	1.0000e+05	1.0245e+05	1.2076e-12	6.4388e-02	9.3561e-01	6.9416e-02	8.2991e-01	1.0067e-01	3.2106e-13	1.3606e-02	5.8948e-01	3.9607e-01	8.4341e-04	7.1331e-02	8.4418e-01	8.4208e-02	2.7629e-04	8.7949e-07	1.1755e-36	9.8920e-21	0.00e+00	0.00e+00	5.8822e-01
1.71847e+13	9.4670e+03	3.666e-14	1.0000e+05	1.0233e+05	1.2846e-12	6.5592e-02	9.3441e-01	7.0683e-02	8.3050e-01	9.8820e-02	3.3600e-13	1.3921e-02	5.9375e-01	3.9152e-01	8.0657e-04	7.2815e-02	8.4427e-01	8.2657e-02	2.5590e-04	8.2187e-07	1.1755e-36	1.0452e-20	0.00e+00	0.00e+00	8.4416e-01
2.38782e+13	9.4208e+03	3.622e-14	1.0000e+05	1.0204e+05	1.4438e-12	6.8729e-02	9.3127e-01	7.2402e-02	8.3116e-01	9.6440e-02	3.7440e-13	1.4483e-02	5.9931e-01	3.8546e-01	7.4442e-04	7.6637e-02	8.4460e-01	7.8539e-02	2.2151e-04	7.2539e-07	1.1755e-36	1.2095e-20	0.00e+00	0.00e+00	1.1570e+00
3.09215e+13	9.4105e+03	3.615e-14	1.0000e+05	1.0149e+05	1.6802e-12	7.3694e-02	9.2631e-01	7.4304e-02	8.3153e-01	9.4163e-02	4.3814e-13	1.5237e-02	6.0524e-01	3.7886e-01	6.6987e-04	8.2681e-02	8.4481e-01	7.2332e-02	1.8157e-04	6.1329e-07	1.1755e-36	1.5058e-20	0.00e+00	0.00e+00	1.4771e+00
3.83934e+13	9.4291e+03	3.654e-14	1.0000e+05	1.0064e+05	2.0870e-12	8.1846e-02	9.1815e-01	7.7095e-02	8.3180e-01	9.1102e-02	5.5560e-13	1.6371e-02	6.1337e-01	3.6968e-01	5.7430e-04	9.2580e-02	8.4379e-01	6.3494e-02	1.3629e-04	4.8328e-07	1.1755e-36	2.1039e-20	0.00e+00	0.00e+00	1.8940e+00
4.70594e+13	9.4835e+03	3.726e-14	1.0000e+05	9.9235e+04	2.7895e-12	9.4541e-02	9.0546e-01	8.0920e-02	8.3151e-01	8.7573e-02	7.6864e-13	1.7922e-02	6.2371e-01	3.5790e-01	4.6624e-04	1.0792e-01	8.3930e-01	5.2690e-02	9.2183e-05	3.5190e-07	1.1755e-36	3.3370e-20	0.00e+00	0.00e+00	2.4472e+00
5.61737e+13	9.5447e+03	3.841e-14	1.0000e+05	9.7323e+04	4.0277e-12	1.1304e-01	8.8696e-01	8.5743e-02	8.3027e-01	8.3987e-02	1.1499e-12	1.9823e-02	6.3606e-01	3.4375e-01	3.6129e-04	1.3009e-01	8.2836e-01	4.1489e-02	5.7065e-05	2.3986e-07	1.1755e-36	5.9396e-20	0.00e+00	0.00e+00	3.0869e+00
6.46928e+13	9.6175e+03	3.966e-14	1.0000e+05	9.5011e+04	5.9948e-12	1.3682e-01	8.6318e-01	9.1168e-02	8.2806e-01	8.0771e-02	1.7726e-12	2.1822e-02	6.4937e-01	3.2854e-01	2.7451e-04	1.5827e-01	8.0995e-01	3.1754e-02	3.4052e-05	1.5940e-07	1.1755e-36	1.1092e-19	0.00e+00	0.00e+00	3.7848e+00
7.20784e+13	9.6905e+03	4.060e-14	1.0000e+05	9.2140e+04	8.7261e-12	1.6321e-01	8.3679e-01	9.6719e-02	8.2501e-01	7.8270e-02	2.6434e-12	2.3509e-02	6.6167e-01	3.1461e-01	2.1213e-04	1.8917e-01	7.8638e-01	2.4436e-02	2.0890e-05	1.1755e-36	1.1755e-36	1.9824e-19	0.00e+00	0.00e+00	4.4747e+00
7.84503e+13	9.7305e+03	4.121e-14	1.0000e+05	8.9304e+04	1.2435e-11	1.9113e-01	8.0887e-01	1.0239e-01	8.2154e-01	7.6071e-02	3.8061e-12	2.4945e-02	6.7395e-01	3.0093e-01	1.6699e-04	2.2141e-01	7.5947e-01	1.9105e-02	1.3349e-05	1.1755e-36	1.1755e-36	3.3724e-19	0.00e+00	0.00e+00	5.2049e+00
8.41284e+13	9.7574e+03	4.143e-14	1.0000e+05	8.6369e+04	1.7204e-11	2.1974e-01	7.8026e-01	1.0817e-01	8.1763e-01	7.4200e-02	5.2762e-12	2.6069e-02	6.8571e-01	2.8809e-01	1.3412e-04	2.5403e-01	7.3079e-01	1.5172e-02	8.8714e-06	1.1755e-36	1.1755e-36	5.4402e-19	0.00e+00	0.00e+00	5.9412e+00
8.99043e+13	9.7644e+03	4.119e-14	1.0000e+05	8.3066e+04	2.4062e-11	2.5204e-01	7.4796e-01	1.1506e-01	8.1278e-01	7.2157e-02	7.3298e-12	2.7060e-02	6.9884e-01	2.7400e-01	1.0674e-04	2.9034e-01	6.9774e-01	1.1913e-02	5.8338e-06	1.1755e-36	1.1755e-36	8.8043e-19	0.00e+00	0.00e+00	6.9351e+00
9.61688e+13	9.7591e+03	4.047e-14	1.0000e+05	7.9171e+04	3.4449e-11	2.9005e-01	7.0995e-01	1.2333e-01	8.0651e-01	7.0168e-02	1.0341e-11	2.7823e-02	7.1365e-01	2.5844e-01	8.3481e-05	3.3238e-01	6.5849e-01	9.1309e-03	3.7278e-06	1.1755e-36	1.1755e-36	1.4609e-18	0.00e+00	0.00e+00	8.0860e+00
1.01865e+14	9.7508e+03	3.937e-14	1.0000e+05	7.5394e+04	4.7203e-11	3.2663e-01	6.7337e-01	1.3162e-01	7.9978e-01	6.8598e-02	1.3937e-11	2.8202e-02	7.2757e-01	2.4416e-01	6.6976e-05	3.7214e-01	6.2071e-01	7.1545e-03	2.5042e-06	1.1755e-36	1.1755e-36	2.2710e-18	0.00e+00	0.00e+00	9.1398e+00
1.06459e+14	9.7217e+03	3.824e-14	1.0000e+05	7.2279e+04	6.0783e-11	3.5719e-01	6.4281e-01	1.3919e-01	7.9353e-01	6.7283e-02	1.7589e-11	2.8345e-02	7.3938e-01	2.3222e-01	5.6103e-05	4.0486e-01	5.8926e-01	5.8734e-03	1.8304e-06	1.1755e-36	1.1755e-36	3.2019e-18	0.00e+00	0.00e+00	1.0060e+01
1.10392e+14	9.6948e+03	3.708e-14	1.0000e+05	6.9610e+04	7.4846e-11	3.8359e-01	6.1641e-01	1.4628e-01	7.8759e-01	6.6134e-02	2.1299e-11	2.8358e-02	7.4975e-01	2.2184e-01	4.8235e-05	4.3278e-01	5.6226e-01	4.9588e-03	1.4076e-06	1.1755e-36	1.1755e-36	4.2461e-18	0.00e+00	0.00e+00	1.0977e+01
1.14261e+14	9.6626e+03	3.584e-14	1.0000e+05	6.7041e+04	9.1382e-11	4.0973e-01	5.9027e-01	1.5389e-01	7.8120e-01	6.4907e-02	2.5575e-11	2.8298e-02	7.6015e-01	2.1151e-01	4.1576e-05	4.6009e-01	5.3571e-01	4.1983e-03	1.0929e-06	1.1755e-36	1.1755e-36	5.5616e-18	0.00e+00	0.00e+00	1.1999e+01
1.18297e+14	9.6304e+03	3.441e-14	1.0000e+05	6.4306e+04	1.1129e-10	4.3641e-01	5.6359e-01	1.6225e-01	7.7409e-01	6.3669e-02	3.0610e-11	2.8098e-02	7.7086e-01	2.0101e-01	3.5722e-05	4.8764e-01	5.0882e-01	3.5338e-03	8.4668e-07	1.1755e-36	1.1755e-36	7.2479e-18	0.00e+00	0.00e+00	1.3135e+01
1.22298e+14	9.5982e+03	3.294e-14	1.0000e+05	6.1646e+04	1.3372e-10	4.6200e-01	5.3800e-01	1.7088e-01	7.6662e-01	6.2505e-02	3.6163e-11	2.7786e-02	7.8121e-01	1.9097e-01	3.0864e-05	5.1376e-01	4.8325e-01	2.9899e-03	6.6490e-07	1.1755e-36	1.1755e-36	9.2616e-18	0.00e+00	0.00e+00	1.4266e+01
1.26033e+14	9.5653e+03	3.153e-14	1.0000e+05	5.9211e+04	1.5746e-10	4.8514e-01	5.1486e-01	1.7936e-01	7.5922e-01	6.1419e-02	4.1910e-11	2.7418e-02	7.9073e-01	1.8183e-01	2.6991e-05	5.3713e-01	4.6030e-01	2.5632e-03	5.3505e-07	1.1755e-36	1.1755e-36	1.1495e-17	0.00e+00	0.00e+00	1.5367e+01
1.29578e+14	9.5326e+03	3.018e-14	1.0000e+05	5.6972e+04	1.8268e-10	5.0645e-01	4.9355e-01	1.8785e-01	7.5180e-01	6.0350e-02	4.7924e-11	2.7026e-02	7.9964e-01	1.7331e-01	2.3792e-05	5.5843e-01	4.3935e-01	2.2171e-03	4.3815e-07	1.1755e-36	1.1755e-36	1.3980e-17	0.00e+00	0.00e+00	1.6485e+01
1.33106e+14	9.4995e+03	2.884e-14	1.0000e+05	5.4829e+04	2.1046e-10	5.2697e-01	4.7303e-01	1.9675e-01	7.4401e-01	5.9241e-02	5.4488e-11	2.6605e-02	8.0836e-01	1.6502e-01	2.1004e-05	5.7876e-01	4.1931e-01	1.9209e-03	3.6130e-07	1.1755e-36	1.1755e-36	1.6849e-17	0.00e+00	0.00e+00	1.7669e+01
1.36013e+14	9.4763e+03	2.777e-14	1.0000e+05	5.3115e+04	2.3366e-10	5.4234e-01	4.5766e-01	2.0377e-01	7.3780e-01	5.8430e-02	5.9849e-11	2.6191e-02	8.1493e-01	1.5886e-01	1.9101e-05	5.9388e-01	4.0440e-01	1.7193e-03	3.1234e-07	1.1755e-36	1.1755e-36	1.9299e-17	0.00e+00	0.00e+00	1.8442e+01
1.38081e+14	9.4571e+03	2.702e-14	1.0000e+05	5.1969e+04	2.5195e-10	5.5338e-01	4.4662e-01	2.0926e-01	7.3296e-01	5.7781e-02	6.4113e-11	2.5924e-02	8.1976e-01	1.5430e-01	1.7806e-05	6.0467e-01	3.9374e-01	1.5856e-03	2.8134e-07	1.1755e-36	1.1755e-36	2.1313e-17	0.00e+00	0.00e+00	1.9099e+01
1.40101e+14	9.4201e+03	2.631e-14	1.0000e+05	5.0908e+04	2.7403e-10	5.6482e-01	4.3518e-01	2.1534e-01	7.2772e-01	5.6939e-02	6.9034e-11	2.5712e-02	8.2476e-01	1.4951e-01	1.6550e-05	6.1580e-01	3.8274e-01	1.4599e-03	2.5318e-07	1.1755e-36	1.1755e-36	2.3708e-17	0.00e+00	0.00e+00	1.9869e+01
1.42370e+14	9.4143e+03	2.544e-14	1.0000e+05	4.9585e+04	2.9394e-10	5.7587e-01	4.2413e-01	2.2126e-01	7.2241e-01	5.6329e-02	7.3753e-11	2.5332e-02	8.2971e-01	1.4494e-01	1.5355e-05	6.2649e-01	3.7217e-01	1.3370e-03	2.2691e-07	1.1755e-36	1.1755e-36	2.6050e-17	0.00e+00	0.00e+00	2.0734e+01
1.44908e+14	9.3774e+03	2.455e-14	1.0000e+05	4.8232e+04	3.2262e-10	5.8884e-01	4.1116e-01	2.2871e-01	7.1590e-01	5.5388e-02	8.0033e-11	2.4983e-02	8.3547e-01	1.3953e-01	1.4072e-05	6.3898e-01	3.5981e-01	1.2098e-03	2.0064e-07	1.1755e-36	1.1755e-36	2.9261e-17	0.00e+00	0.00e+00	2.1737e+01
1.47557e+14	9.3420e+03	2.365e-14	1.0000e+05	4.6925e+04	3.5405e-10	6.0197e-01	3.9803e-01	2.3675e-01	7.0885e-01	5.4392e-02	8.7027e-11	2.4632e-02	8.4131e-01	1.3404e-01	1.2861e-05	6.5155e-01	3.4736e-01	1.0907e-03	1.7713e-07	1.1755e-36	1.1755e-36	3.2968e-17	0.00e+00	0.00e+00	2.2725e+01
1.50081e+14	9.3205e+03	2.279e-14	1.0000e+05	4.5634e+04	3.8252e-10	6.1331e-01	3.8669e-01	2.4398e-01	7.0242e-01	5.3593e-02	9.3365e-11	2.4231e-02	8.4645e-01	1.2931e-01	1.1855e-05	6.6235e-01	3.3666e-01	9.9195e-04	1.5845e-07	1.1755e-36	1.1755e-36	3.6392e-17	0.00e+00	0.00e+00	2.3673e+01
1.52623e+14	9.2863e+03	2.196e-14	1.0000e+05	4.4435e+04	4.1622e-10	6.2510e-01	3.7489e-01	2.5207e-01	6.9531e-01	5.2628e-02	1.0075e-10	2.3877e-02	8.5177e-01	1.2434e-01	1.0882e-05	6.7352e-01	3.2558e-01	8.9878e-04	1.4144e-07	1.1755e-36	1.1755e-36	4.0501e-17	0.00e+00	0.00e+00	2.4714e+01
1.55291e+14	9.2601e+03	2.110e-14	1.0000e+05	4.3161e+04	4.5068e-10	6.3650e-01	3.6350e-01	2.6019e-01	6.8809e-01	5.1716e-02	1.0830e-10	2.3459e-02	8.5698e-01	1.1956e-01	9.9850e-06	6.8426e-01	3.1492e-01	8.1312e-04	1.2640e-07	1.1755e-36	1.1755e-36	4.4793e-17	0.00e+00	0.00e+00	2.5799e+01
1.58056e+14	9.2200e+03	2.026e-14	1.0000e+05	4.1949e+04	4.9232e-10	6.4852e-01	3.5148e-01	2.6937e-01	6.7999e-01	5.0637e-02	1.1726e-10	2.3075e-02	8.6241e-01	1.1450e-01	9.1119e-06	6.9554e-01	3.0372e-01	7.3145e-04	1.1755e-36	1.1755e-36	1.1755e-36	5.0030e-17	0.00e+00	0.00e+00	2.6957e+01
1.60857e+14	9.1978e+03	1.941e-14	1.0000e+05	4.0693e+04	5.3084e-10	6.5941e-01	3.4059e-01	2.7804e-01	6.7223e-01	4.9728e-02	1.2574e-10	2.2622e-02	8.6744e-01	1.0993e-01	8.3476e-06	7.0570e-01	2.9364e-01	6.5998e-04	1.1755e-36	1.1755e-36	1.1755e-36	5.5066e-17	0.00e+00	0.00e+00	2.8112e+01
1.63719e+14	9.1576e+03	1.859e-14	1.0000e+05	3.9479e+04	5.7789e-10	6.7071e-01	3.2929e-01	2.8760e-01	6.6374e-01	4.8659e-02	1.3559e-10	2.2197e-02	8.7260e-01	1.0519e-01	7.6161e-06	7.1620e-01	2.8321e-01	5.9310e-04	1.1755e-36	1.1755e-36	1.1755e-36	6.1038e-17	0.00e+00	0.00e+00	2.9362e+01
1.66686e+14	9.1201e+03	1.777e-14	1.0000e+05	3.8299e+04	6.2870e-10	6.8204e-01	3.1796e-01	2.9776e-01	6.5471e-01	4.7533e-02	1.4648e-10	2.1770e-02	8.7775e-01	1.0047e-01	6.9316e-06	7.2667e-01	2.7280e-01	5.3111e-04	1.1755e-36	1.1755e-36	1.1755e-36	6.7836e-17	0.00e+00	0.00e+00	3.0646e+01
1.69656e+14	9.0855e+03	1.698e-14	1.0000e+05	3.7130e+04	6.8090e-10	6.9269e-01	3.0731e-01	3.0780e-01	6.4573e-01	4.6466e-02	1.5755e-10	2.1325e-02	8.8262e-01	9.6044e-02	6.3227e-06	7.3647e-01	2.6306e-01	4.7653e-04	1.1755e-36	1.1755e-36	1.1755e-36	7.4841e-17	0.00e+00	0.00e+00	3.1940e+01
1.72663e+14	9.0526e+03	1.620e-14	1.0000e+05	3.5968e+04	7.3566e-10	7.0293e-01	2.9707e-01	3.1794e-01	6.3665e-01	4.5406e-02	1.6909e-10	2.0864e-02	8.8733e-01	9.1802e-02	5.7692e-06	7.4584e-01	2.5373e-01	4.2753e-04	1.1755e-36	1.1755e-36	1.1755e-36	8.2247e-17	0.00e+00	0.00e+00	3.3297e+01
1.75804e+14	9.0061e+03	1.544e-14	1.0000e+05	3.4841e+04	8.0198e-10	7.1373e-01	2.8627e-01	3.2929e-01	6.2651e-01	4.4205e-02	1.8277e-10	2.0425e-02	8.9219e-01	8.7380e-02	5.2352e-06	7.5569e-01	2.4393e-01	3.8103e-04	1.1755e-36	1.1755e-36	1.1755e-36	9.1239e-17	0.00e+00	0.00e+00	3.4750e+01
1.78999e+14	8.9764e+03	1.469e-14	1.0000e+05	3.3689e+04	8.6441e-10	7.2358e-01	2.7642e-01	3.4012e-01	6.1673e-01	4.3148e-02	1.9602e-10	1.9935e-02	8.9671e-01	8.3350e-02	4.7666e-06	7.6462e-01	2.3504e-01	3.4037e-04	1.1755e-36	1.1755e-36	1.1755e-36	9.9999e-17	0.00e+00	0.00e+00	3.6196e+01
1.82246e+14	8.9252e+03	1.397e-14	1.0000e+05	3.2608e+04	9.4296e-10	7.3392e-01	2.6608e-01	3.5214e-01	6.0596e-01	4.1908e-02	2.1188e-10	1.9493e-02	9.0131e-01	7.9196e-02	4.3225e-06	7.7397e-01	2.2573e-01	3.0269e-04	1.1755e-36	1.1755e-36	1.1755e-36	1.1074e-16	0.00e+00	0.00e+00	3.7738e+01
1.85542e+14	8.8977e+03	1.327e-14	1.0000e+05	3.1502e+04	1.0131e-09	7.4317e-01	2.5683e-01	3.6342e-01	5.9572e-01	4.0861e-02	2.2683e-10	1.8996e-02	9.0553e-01	7.5465e-02	3.9364e-06	7.8228e-01	2.1745e-01	2.6998e-04	1.1755e-36	1.1755e-36	1.1755e-36	1.2086e-16	0.00e+00	0.00e+00	3.9270e+01
1.88920e+14	8.8499e+03	1.258e-14	1.0000e+05	3.0432e+04	1.1011e-09	7.5279e-01	2.4721e-01	3.7575e-01	5.8458e-01	3.9662e-02	2.4444e-10	1.8527e-02	9.0982e-01	7.1653e-02	3.5716e-06	7.9091e-01	2.0885e-01	2.3972e-04	1.1755e-36	1.1755e-36	1.1755e-36	1.3300e-16	0.00e+00	0.00e+00	4.0929e+01
1.92418e+14	8.8000e+03	1.192e-14	1.0000e+05	2.9388e+04	1.1986e-09	7.6243e-01	2.3757e-01	3.8870e-01	5.7287e-01	3.8425e-02	2.6402e-10	1.8061e-02	9.1403e-01	6.7909e-02	3.2355e-06	7.9951e-01	2.0028e-01	2.1213e-04	1.1755e-36	1.1755e-36	1.1755e-36	1.4672e-16	0.00e+00	0.00e+00	4.2617e+01
1.95885e+14	8.7579e+03	1.129e-14	1.0000e+05	2.8370e+04	1.2955e-09	7.7127e-01	2.2873e-01	4.0118e-01	5.6152e-01	3.7293e-02	2.8356e-10	1.7586e-02	9.1792e-01	6.4488e-02	2.9441e-06	8.0735e-01	1.9246e-01	1.8843e-04	1.1755e-36	1.1755e-36	1.1755e-36	1.6041e-16	0.00e+00	0.00e+00	4.4286e+01
1.99376e+14	8.7190e+03	1.069e-14	1.0000e+05	2.7385e+04	1.3968e-09	7.7975e-01	2.2025e-01	4.1378e-01	5.5006e-01	3.6160e-02	3.0431e-10	1.7117e-02	9.2166e-01	6.1225e-02	2.6815e-06	8.1486e-01	1.8497e-01	1.6736e-04	1.1755e-36	1.1755e-36	1.1755e-36	1.7509e-16	0.00e+00	0.00e+00	4.6036e+01
2.03022e+14	8.6629e+03	1.011e-14	1.0000e+05	2.6413e+04	1.5219e-09	7.8858e-01	2.1142e-01	4.2746e-01	5.3761e-01	3.4931e-02	3.2856e-10	1.6658e-02	9.2542e-01	5.7919e-02	2.4341e-06	8.2266e-01	1.7720e-01	1.4782e-04	1.1755e-36	1.1755e-36	1.1755e-36	1.9243e-16	0.00e+00	0.00e+00	4.7897e+01
2.06728e+14	8.6249e+03	9.541e-15	1.0000e+05	2.5444e+04	1.6396e-09	7.9665e-01	2.0335e-01	4.4058e-01	5.2560e-01	3.3826e-02	3.5257e-10	1.6174e-02	9.2893e-01	5.4898e-02	2.2179e-06	8.2974e-01	1.7013e-01	1.3083e-04	1.1755e-36	1.1755e-36	1.1755e-36	2.0950e-16	0.00e+00	0.00e+00	4.9745e+01
2.10481e+14	8.5664e+03	9.006e-15	1.0000e+05	2.4527e+04	1.7860e-09	8.0492e-01	1.9508e-01	4.5460e-01	5.1279e-01	3.2609e-02	3.8049e-10	1.5725e-02	9.3238e-01	5.1891e-02	2.0188e-06	8.3698e-01	1.6290e-01	1.1551e-04	1.1755e-36	1.1755e-36	1.1755e-36	2.2964e-16	0.00e+00	0.00e+00	5.1694e+01
2.14297e+14	8.5306e+03	8.491e-15	1.0000e+05	2.3611e+04	1.9184e-09	8.1236e-01	1.8764e-01	4.6792e-01	5.0054e-01	3.1539e-02	4.0766e-10	1.5249e-02	9.3559e-01	4.9163e-02	1.8454e-06	8.4347e-01	1.5643e-01	1.0222e-04	1.1755e-36	1.1755e-36	1.1755e-36	2.4891e-16	0.00e+00	0.00e+00	5.3641e+01
2.18150e+14	8.4751e+03	8.007e-15	1.0000e+05	2.2740e+04	2.0825e-09	8.1988e-01	1.8012e-01	4.8185e-01	4.8776e-01	3.0386e-02	4.3872e-10	1.4804e-02	9.3870e-01	4.6491e-02	1.6878e-06	8.5001e-01	1.4990e-01	9.0368e-05	1.1755e-36	1.1755e-36	1.1755e-36	2.7121e-16	0.00e+00	0.00e+00	5.5665e+01
2.22106e+14	8.4182e+03	7.543e-15	1.0000e+05	2.1893e+04	2.2620e-09	8.2725e-01	1.7275e-01	4.9611e-01	4.7466e-01	2.9229e-02	4.7260e-10	1.4365e-02	9.4171e-01	4.3918e-02	1.5452e-06	8.5641e-01	1.4351e-01	7.9760e-05	1.1755e-36	1.1755e-36	1.1755e-36	2.9551e-16	0.00e+00	0.00e+00	5.7755e+01
2.26128e+14	8.3670e+03	7.101e-15	1.0000e+05	2.1062e+04	2.4471e-09	8.3418e-01	1.6582e-01	5.1013e-01	4.6174e-01	2.8131e-02	5.0778e-10	1.3923e-02	9.4456e-01	4.1517e-02	1.4191e-06	8.6239e-01	1.3754e-01	7.0479e-05	1.1755e-36	1.1755e-36	1.1755e-36	3.2048e-16	0.00e+00	0.00e+00	5.9884e+01
2.30197e+14	8.3184e+03	6.684e-15	1.0000e+05	2.0264e+04	2.6419e-09	8.4077e-01	1.5923e-01	5.2405e-01	4.4890e-01	2.7051e-02	5.4515e-10	1.3492e-02	9.4725e-01	3.9260e-02	1.3072e-06	8.6807e-01	1.3187e-01	6.2347e-05	1.1755e-36	1.1755e-36	1.1755e-36	3.4695e-16	0.00e+00	0.00e+00	6.2059e+01
2.34326e+14	8.2570e+03	6.291e-15	1.0000e+05	1.9501e+04	2.8705e-09	8.4729e-01	1.5271e-01	5.3830e-01	4.3575e-01	2.5952e-02	5.8648e-10	1.3080e-02	9.4983e-01	3.7090e-02	1.2068e-06	8.7367e-01	1.2627e-01	5.5145e-05	1.1755e-36	1.1755e-36	1.1755e-36	3.7612e-16	0.00e+00	0.00e+00	6.4285e+01
2.38534e+14	8.2089e+03	5.917e-15	1.0000e+05	1.8753e+04	3.0936e-09	8.5330e-01	1.4670e-01	5.5212e-01	4.2296e-01	2.4920e-02	6.2866e-10	1.2664e-02	9.5225e-01	3.5080e-02	1.1182e-06	8.7882e-01	1.2113e-01	4.8853e-05	1.1755e-36	1.1755e-36	1.1755e-36	4.0536e-16	0.00e+00	0.00e+00	6.6577e+01
2.42795e+14	8.1446e+03	5.568e-15	1.0000e+05	1.8046e+04	3.3628e-09	8.5929e-01	1.4071e-01	5.6622e-01	4.0992e-01	2.3860e-02	6.7578e-10	1.2274e-02	9.5457e-01	3.3153e-02	1.0390e-06	8.8394e-01	1.1601e-01	4.3298e-05	1.1755e-36	1.1755e-36	1.1755e-36	4.3808e-16	0.00e+00	0.00e+00	6.8893e+01
2.47107e+14	8.0961e+03	5.238e-15	1.0000e+05	1.7356e+04	3.6174e-09	8.6469e-01	1.3531e-01	5.7968e-01	3.9743e-01	2.2889e-02	7.2265e-10	1.1880e-02	9.5673e-01	3.1391e-02	9.6969e-07	8.8855e-01	1.1141e-01	3.8494e-05	1.1755e-36	1.1755e-36	1.1755e-36	4.6957e-16	0.00e+00	0.00e+00	7.1271e+01
2.51476e+14	8.0333e+03	4.930e-15	1.0000e+05	1.6701e+04	3.9218e-09	8.7003e-01	1.2997e-01	5.9325e-01	3.8485e-01	2.1898e-02	7.7440e-10	1.1509e-02	9.5878e-01	2.9711e-02	9.0793e-07	8.9309e-01	1.0688e-01	3.4259e-05	1.1755e-36	1.1755e-36	1.1755e-36	5.0435e-16	0.00e+00	0.00e+00	7.3678e+01
2.55903e+14	7.9728e+03	4.641e-15	1.0000e+05	1.6080e+04	4.2428e-09	8.7510e-01	1.2490e-01	6.0665e-01	3.7242e-01	2.0930e-02	8.2914e-10	1.1153e-02	9.6071e-01	2.8135e-02	8.5310e-07	8.9739e-01	1.0258e-01	3.0539e-05	1.1755e-36	1.1755e-36	1.1755e-36	5.4067e-16	0.00e+00	0.00e+00	7.6150e+01
2.60454e+14	7.9136e+03	4.366e-15	1.0000e+05	1.5474e+04	4.5863e-09	8.7993e-01	1.2007e-01	6.1991e-01	3.6011e-01	1.9986e-02	8.8721e-10	1.0802e-02	9.6255e-01	2.6646e-02	8.0400e-07	9.0149e-01	9.8487e-02	2.7242e-05	1.1755e-36	1.1755e-36	1.1755e-36	5.7853e-16	0.00e+00	0.00e+00	7.8721e+01
2.65135e+14	7.8509e+03	4.105e-15	1.0000e+05	1.4888e+04	4.9672e-09	8.8459e-01	1.1541e-01	6.3304e-01	3.4790e-01	1.9059e-02	9.4936e-10	1.0458e-02	9.6430e-01	2.5239e-02	7.6010e-07	9.0542e-01	9.4551e-02	2.4321e-05	1.1755e-36	1.1755e-36	1.1755e-36	6.1845e-16	0.00e+00	0.00e+00	8.1365e+01
2.69906e+14	7.7875e+03	3.861e-15	1.0000e+05	1.4329e+04	5.3783e-09	8.8901e-01	1.1099e-01	6.4591e-01	3.3593e-01	1.8156e-02	1.0150e-09	1.0128e-02	9.6595e-01	2.3922e-02	7.2124e-07	9.0915e-01	9.0826e-02	2.1761e-05	1.1755e-36	1.1755e-36	1.1755e-36	6.5994e-16	0.00e+00	0.00e+00	8.4064e+01
2.74775e+14	7.7219e+03	3.632e-15	1.0000e+05	1.3795e+04	5.8286e-09	8.9320e-01	1.0680e-01	6.5855e-01	3.2418e-01	1.7274e-02	1.0845e-09	9.8110e-03	9.6750e-01	2.2686e-02	6.8673e-07	9.1269e-01	8.7291e-02	1.9510e-05	1.1755e-36	1.1755e-36	1.1755e-36	7.0307e-16	0.00e+00	0.00e+00	8.6845e+01
2.79788e+14	7.6533e+03	3.416e-15	1.0000e+05	1.3280e+04	6.3276e-09	8.9723e-01	1.0277e-01	6.7100e-01	3.1259e-01	1.6410e-02	1.1585e-09	9.5029e-03	9.6898e-01	2.1520e-02	6.5588e-07	9.1607e-01	8.3908e-02	1.7516e-05	1.1755e-36	1.1755e-36	1.1755e-36	7.4818e-16	0.00e+00	0.00e+00	8.9731e+01
2.84962e+14	7.5830e+03	3.212e-15	1.0000e+05	1.2784e+04	6.8758e-09	9.0107e-01	9.8929e-02	6.8322e-01	3.0121e-01	1.5568e-02	1.2370e-09	9.2038e-03	9.7037e-01	2.0422e-02	6.2833e-07	9.1930e-01	8.0682e-02	1.5750e-05	1.1755e-36	1.1755e-36	1.1755e-36	7.9514e-16	0.00e+00	0.00e+00	9.2719e+01
2.90293e+14	7.5112e+03	3.019e-15	1.0000e+05	1.2308e+04	7.4779e-09	9.0473e-01	9.5271e-02	6.9517e-01	2.9008e-01	1.4748e-02	1.3200e-09	8.9155e-03	9.7169e-01	1.9391e-02	6.0378e-07	9.2237e-01	7.7617e-02	1.4189e-05	1.1755e-36	1.1755e-36	1.1755e-36	8.4395e-16	0.00e+00	0.00e+00	9.5810e+01
2.95799e+14	7.4364e+03	2.838e-15	1.0000e+05	1.1853e+04	8.1477e-09	9.0822e-01	9.1778e-02	7.0688e-01	2.7917e-01	1.3947e-02	1.4083e-09	8.6380e-03	9.7294e-01	1.8420e-02	5.8188e-07	9.2529e-01	7.4693e-02	1.2806e-05	1.1755e-36	1.1755e-36	1.1755e-36	8.9508e-16	0.00e+00	0.00e+00	9.9022e+01
3.01516e+14	7.3579e+03	2.666e-15	1.0000e+05	1.1414e+04	8.9019e-09	9.1157e-01	8.8426e-02	7.1837e-01	2.6847e-01	1.3164e-02	1.5025e-09	8.3696e-03	9.7413e-01	1.7503e-02	5.6226e-07	9.2810e-01	7.1889e-02	1.1576e-05	1.1755e-36	1.1755e-36	1.1755e-36	9.4899e-16	0.00e+00	0.00e+00	1.0238e+02
3.07471e+14	7.2759e+03	2.504e-15	1.0000e+05	1.0993e+04	9.7527e-09	9.1479e-01	8.5208e-02	7.2962e-01	2.5798e-01	1.2400e-02	1.6030e-09	8.1100e-03	9.7525e-01	1.6638e-02	5.4471e-07	9.3079e-01	6.9203e-02	1.0481e-05	1.1755e-36	1.1755e-36	1.1755e-36	1.0060e-15	0.00e+00	0.00e+00	1.0589e+02
3.13676e+14	7.1924e+03	2.350e-15	1.0000e+05	1.0582e+04	1.0697e-08	9.1781e-01	8.2194e-02	7.4047e-01	2.4786e-01	1.1669e-02	1.7074e-09	7.8552e-03	9.7632e-01	1.5827e-02	5.2905e-07	9.3330e-01	6.6687e-02	9.5120e-06	1.1755e-36	1.1755e-36	1.1755e-36	1.0636e-15	0.00e+00	0.00e+00	1.0956e+02
3.20112e+14	7.1117e+03	2.207e-15	1.0000e+05	1.0197e+04	1.1710e-08	9.2066e-01	7.9339e-02	7.5097e-01	2.3807e-01	1.0964e-02	1.8173e-09	7.6138e-03	9.7732e-01	1.5070e-02	5.1512e-07	9.3568e-01	6.4308e-02	8.6537e-06	1.1755e-36	1.1755e-36	1.1755e-36	1.1240e-15	0.00e+00	0.00e+00	1.1336e+02
3.26837e+14	7.0233e+03	2.070e-15	1.0000e+05	9.8248e+03	1.2897e-08	9.2341e-01	7.6591e-02	7.6125e-01	2.2847e-01	1.0275e-02	1.9351e-09	7.3806e-03	9.7827e-01	1.4351e-02	5.0263e-07	9.3797e-01	6.2018e-02	7.8872e-06	1.1755e-36	1.1755e-36	1.1755e-36	1.1887e-15	0.00e+00	0.00e+00	1.1739e+02
3.33946e+14	6.9220e+03	1.941e-15	1.0000e+05	9.4697e+03	1.4369e-08	9.2619e-01	7.3809e-02	7.7151e-01	2.1891e-01	9.5824e-03	2.0690e-09	7.1605e-03	9.7918e-01	1.3662e-02	4.9137e-07	9.4029e-01	5.9704e-02	7.1898e-06	1.1755e-36	1.1755e-36	1.1755e-36	1.2668e-15	0.00e+00	0.00e+00	1.2166e+02
3.41162e+14	6.8327e+03	1.823e-15	1.0000e+05	9.1323e+03	1.5839e-08	9.2857e-01	7.1427e-02	7.8071e-01	2.1031e-01	8.9772e-03	2.1946e-09	6.9456e-03	9.8000e-01	1.3055e-02	4.8178e-07	9.4227e-01	5.7721e-02	6.6018e-06	1.1755e-36	1.1755e-36	1.1755e-36	1.3357e-15	0.00e+00	0.00e+00	1.2584e+02
3.48566e+14	6.7298e+03	1.714e-15	1.0000e+05	8.8270e+03	1.7674e-08	9.3096e-01	6.9039e-02	7.8995e-01	2.0169e-01	8.3586e-03	2.3403e-09	6.7558e-03	9.8077e-01	1.2470e-02	4.7321e-07	9.4426e-01	5.5736e-02	6.0731e-06	1.1755e-36	1.1755e-36	1.1755e-36	1.4233e-15	0.00e+00	0.00e+00	1.3036e+02
3.56105e+14	6.6333e+03	1.614e-15	1.0000e+05	8.5339e+03	1.9619e-08	9.3311e-01	6.6892e-02	7.9824e-01	1.9395e-01	7.8170e-03	2.4819e-09	6.5699e-03	9.8148e-01	1.1955e-02	4.6590e-07	9.4604e-01	5.3952e-02	5.6188e-06	1.1755e-36	1.1755e-36	1.1755e-36	1.5086e-15	0.00e+00	0.00e+00	1.3471e+02
3.63534e+14	6.5382e+03	1.524e-15	1.0000e+05	8.2724e+03	2.1742e-08	9.3502e-01	6.4976e-02	8.0595e-01	1.8674e-01	7.3137e-03	2.6266e-09	6.4046e-03	9.8211e-01	1.1488e-02	4.5964e-07	9.4764e-01	5.2359e-02	5.2318e-06	1.1755e-36	1.1755e-36	1.1755e-36	1.5984e-15	0.00e+00	0.00e+00	1.3912e+02
3.71087e+14	6.4431e+03	1.441e-15	1.0000e+05	8.0248e+03	2.4122e-08	9.3684e-01	6.3158e-02	8.1320e-01	1.7995e-01	6.8458e-03	2.7782e-09	6.2476e-03	9.8270e-01	1.1057e-02	4.5411e-07	9.4915e-01	5.0849e-02	4.8869e-06	1.1755e-36	1.1755e-36	1.1755e-36	1.6973e-15	0.00e+00	0.00e+00	1.4364e+02
3.78782e+14	6.3481e+03	1.364e-15	1.0000e+05	7.7910e+03	2.6792e-08	9.3857e-01	6.1428e-02	8.2003e-01	1.7356e-01	6.4103e-03	2.9378e-09	6.0989e-03	9.8324e-01	1.0659e-02	4.4923e-07	9.5058e-01	4.9412e-02	4.5782e-06	1.1755e-36	1.1755e-36	1.1755e-36	1.8077e-15	0.00e+00	0.00e+00	1.4823e+02
3.86541e+14	6.2537e+03	1.293e-15	1.0000e+05	7.5716e+03	2.9768e-08	9.4018e-01	5.9816e-02	8.2640e-01	1.6759e-01	6.0089e-03	3.1041e-09	5.9591e-03	9.8375e-01	1.0295e-02	4.4495e-07	9.5192e-01	4.8074e-02	4.3052e-06	1.1755e-36	1.1755e-36	1.1755e-36	1.9292e-15	0.00e+00	0.00e+00	1.5284e+02
3.94315e+14	6.1606e+03	1.227e-15	1.0000e+05	7.3674e+03	3.3071e-08	9.4168e-01	5.8315e-02	8.3236e-01	1.6200e-01	5.6392e-03	3.2782e-09	5.8288e-03	9.8421e-01	9.9621e-03	4.4122e-07	9.5317e-01	4.6827e-02	4.0634e-06	1.1755e-36	1.1755e-36	1.1755e-36	2.0644e-15	0.00e+00	0.00e+00	1.5747e+02
4.02094e+14	6.0688e+03	1.167e-15	1.0000e+05	7.1762e+03	3.6738e-08	9.4309e-01	5.6910e-02	8.3792e-01	1.5678e-01	5.2988e-03	3.4614e-09	5.7068e-03	9.8464e-01	9.6569e-03	4.3794e-07	9.5434e-01	4.5660e-02	3.8481e-06	1.1755e-36	1.1755e-36	1.1755e-36	2.2161e-15	0.00e+00	0.00e+00	1.6210e+02
4.09886e+14	5.9784e+03	1.112e-15	1.0000e+05	6.9963e+03	4.0816e-08	9.4441e-01	5.5588e-02	8.4313e-01	1.5188e-01	4.9848e-03	3.6556e-09	5.5918e-03	9.8503e-01	9.3761e-03	4.3504e-07	9.5543e-01	4.4563e-02	3.6550e-06	1.1755e-36	1.1755e-36	1.1755e-36	2.3878e-15	0.00e+00	0.00e+00	1.6675e+02
4.17688e+14	5.8895e+03	1.060e-15	1.0000e+05	6.8267e+03	4.5354e-08	9.4566e-01	5.4339e-02	8.4807e-01	1.4724e-01	4.6939e-03	3.8635e-09	5.4833e-03	9.8540e-01	9.1173e-03	4.3248e-07	9.5647e-01	4.3526e-02	3.4811e-06	1.1755e-36	1.1755e-36	1.1755e-36	2.5840e-15	0.00e+00	0.00e+00	1.7141e+02
4.25490e+14	5.8020e+03	1.012e-15	1.0000e+05	6.6664e+03	5.0408e-08	9.4684e-01	5.3157e-02	8.5270e-01	1.4287e-01	4.4255e-03	4.0866e-09	5.3808e-03	9.8574e-01	8.8785e-03	4.3021e-07	9.5745e-01	4.2544e-02	3.3239e-06	1.1755e-36	1.1755e-36	1.1755e-36	2.8093e-15	0.00e+00	0.00e+00	1.7607e+02
4.33280e+14	5.7160e+03	9.679e-16	1.0000e+05	6.5147e+03	5.6032e-08	9.4796e-01	5.2037e-02	8.5706e-01	1.3876e-01	4.1776e-03	4.3272e-09	5.2838e-03	9.8606e-01	8.6580e-03	4.2820e-07	9.5838e-01	4.1615e-02	3.1814e-06	1.1755e-36	1.1755e-36	1.1755e-36	3.0694e-15	0.00e+00	0.00e+00	1.8073e+02
4.41047e+14	5.6315e+03	9.267e-16	1.0000e+05	6.3712e+03	6.2292e-08	9.4903e-01	5.0975e-02	8.6117e-01	1.3488e-01	3.9487e-03	4.5881e-09	5.1919e-03	9.8635e-01	8.4543e-03	4.2641e-07	9.5926e-01	4.0732e-02	3.0520e-06	1.1755e-36	1.1755e-36	1.1755e-36	3.3713e-15	0.00e+00	0.00e+00	1.8538e+02
4.48779e+14	5.5486e+03	8.884e-16	1.0000e+05	6.2352e+03	6.9266e-08	9.5004e-01	4.9964e-02	8.6504e-01	1.3122e-01	3.7370e-03	4.8725e-09	5.1049e-03	9.8663e-01	8.2660e-03	4.2482e-07	9.6010e-01	3.9893e-02	2.9341e-06	1.1755e-36	1.1755e-36	1.1755e-36	3.7238e-15	0.00e+00	0.00e+00	1.9000e+02
4.56466e+14	5.4674e+03	8.526e-16	1.0000e+05	6.1060e+03	7.7024e-08	9.5100e-01	4.9004e-02	8.6869e-01	1.2776e-01	3.5415e-03	5.1836e-09	5.0224e-03	9.8689e-01	8.0920e-03	4.2342e-07	9.6090e-01	3.9096e-02	2.8265e-06	1.1755e-36	1.1755e-36	1.1755e-36	4.1363e-15	0.00e+00	0.00e+00	1.9460e+02
4.64099e+14	5.3879e+03	8.193e-16	1.0000e+05	5.9833e+03	8.5653e-08	9.5191e-01	4.8090e-02	8.7214e-01	1.2450e-01	3.3605e-03	5.5253e-09	4.9441e-03	9.8712e-01	7.9310e-03	4.2216e-07	9.6166e-01	3.8337e-02	2.7281e-06	1.1755e-36	1.1755e-36	1.1755e-36	4.6212e-15	0.00e+00	0.00e+00	1.9917e+02
4.71678e+14	5.3100e+03	7.881e-16	1.0000e+05	5.8664e+03	9.5253e-08	9.5278e-01	4.7217e-02	8.7541e-01	1.2140e-01	3.1929e-03	5.9025e-09	4.8696e-03	9.8735e-01	7.7818e-03	4.2105e-07	9.6238e-01	3.7612e-02	2.6377e-06	1.1755e-36	1.1755e-36	1.1755e-36	5.1939e-15	0.00e+00	0.00e+00	2.0372e+02
4.79198e+14	5.2338e+03	7.588e-16	1.0000e+05	5.7548e+03	1.0594e-07	9.5362e-01	4.6382e-02	8.7850e-01	1.1846e-01	3.0373e-03	6.3204e-09	4.7987e-03	9.8756e-01	7.6434e-03	4.2006e-07	9.6308e-01	3.6919e-02	2.5546e-06	1.1755e-36	1.1755e-36	1.1755e-36	5.8732e-15	0.00e+00	0.00e+00	2.0823e+02
4.86656e+14	5.1592e+03	7.315e-16	1.0000e+05	5.6484e+03	1.1783e-07	9.5442e-01	4.5583e-02	8.8143e-01	1.1568e-01	2.8929e-03	6.7849e-09	4.7311e-03	9.8775e-01	7.5151e-03	4.1918e-07	9.6374e-01	3.6256e-02	2.4779e-06	1.1755e-36	1.1755e-36	1.1755e-36	6.6819e-15	0.00e+00	0.00e+00	2.1270e+02
4.94049e+14	5.0905e+03	7.057e-16	1.0000e+05	5.5433e+03	1.3027e-07	9.5513e-01	4.4874e-02	8.8412e-01	1.1312e-01	2.7638e-03	7.2690e-09	4.6628e-03	9.8794e-01	7.3963e-03	4.1836e-07	9.6433e-01	3.5666e-02	2.4083e-06	1.1755e-36	1.1755e-36	1.1755e-36	7.5756e-15	0.00e+00	0.00e+00	2.1714e+02
5.01581e+14	5.0126e+03	6.807e-16	1.0000e+05	5.4464e+03	1.4634e-07	9.5595e-01	4.4050e-02	8.8697e-01	1.1040e-01	2.6283e-03	7.9046e-09	4.6036e-03	9.8812e-01	7.2783e-03	4.1766e-07	9.6501e-01	3.4983e-02	2.3388e-06	1.1755e-36	1.1755e-36	1.1755e-36	8.8542e-15	0.00e+00	0.00e+00	2.2179e+02
5.08944e+14	4.9413e+03	6.578e-16	1.0000e+05	5.3496e+03	1.6300e-07	9.5668e-01	4.3316e-02	8.8944e-01	1.0804e-01	2.5139e-03	8.5652e-09	4.5425e-03	9.8832e-01	7.1383e-03	4.1693e-07	9.6562e-01	3.4374e-02	2.2773e-06	1.1755e-36	1.1755e-36	1.1755e-36	1.0194e-14	0.00e+00	0.00e+00	2.2603e+02
5.15886e+14	4.8773e+03	6.373e-16	1.0000e+05	5.2629e+03	1.7981e-07	9.5725e-01	4.2745e-02	8.9173e-01	1.0586e-01	2.4104e-03	9.2190e-09	4.4875e-03	9.8851e-01	6.9992e-03	4.1626e-07	9.6610e-01	3.3897e-02	2.2254e-06	1.1755e-36	1.1755e-36	1.1755e-36	1.1567e-14	0.00e+00	0.00e+00	2.3018e+02
5.22990e+14	4.8045e+03	6.170e-16	1.0000e+05	5.1802e+03	2.0165e-07	9.5796e-01	4.2039e-02	8.9416e-01	1.0354e-01	2.3014e-03	1.0062e-08	4.4384e-03	9.8871e-01	6.8514e-03	4.1566e-07	9.6669e-01	3.3312e-02	2.1718e-06	1.1755e-36	1.1755e-36	1.1755e-36	1.3500e-14	0.00e+00	0.00e+00	2.3462e+02
5.30052e+14	4.7420e+03	5.978e-16	1.0000e+05	5.0915e+03	2.2318e-07	9.5857e-01	4.1428e-02	8.9619e-01	1.0160e-01	2.2135e-03	1.0871e-08	4.3813e-03	9.8889e-01	6.7273e-03	4.1509e-07	9.6719e-01	3.2803e-02	2.1230e-06	1.1755e-36	1.1755e-36	1.1755e-36	1.5489e-14	0.00e+00	0.00e+00	2.3872e+02
5.36957e+14	4.6730e+03	5.800e-16	1.0000e+05	5.0171e+03	2.5005e-07	9.5920e-01	4.0795e-02	8.9840e-01	9.9482e-02	2.1182e-03	1.1873e-08	4.3380e-03	9.8907e-01	6.5955e-03	4.1464e-07	9.6772e-01	3.2278e-02	2.0775e-06	1.1755e-36	1.1755e-36	1.1755e-36	1.8141e-14	0.00e+00	0.00e+00	2.4298e+02
5.43741e+14	4.6137e+03	5.632e-16	1.0000e+05	4.9379e+03	2.7651e-07	9.5975e-01	4.0247e-02	9.0025e-01	9.7705e-02	2.0408e-03	1.2837e-08	4.2879e-03	9.8923e-01	6.4837e-03	4.1419e-07	9.6818e-01	3.1821e-02	2.0361e-06	1.1755e-36	1.1755e-36	1.1755e-36	2.0884e-14	0.00e+00	0.00e+00	2.4694e+02
5.50430e+14	4.5523e+03	5.473e-16	1.0000e+05	4.8668e+03	3.0735e-07	9.6028e-01	3.9715e-02	9.0218e-01	9.5860e-02	1.9612e-03	1.3951e-08	4.2451e-03	9.8939e-01	6.3670e-03	4.1381e-07	9.6862e-01	3.1378e-02	1.9974e-06	1.1755e-36	1.1755e-36	1.1755e-36	2.4272e-14	0.00e+00	0.00e+00	2.5109e+02
5.57252e+14	4.4871e+03	5.317e-16	1.0000e+05	4.7954e+03	3.4505e-07	9.6091e-01	3.9090e-02	9.0409e-01	9.4030e-02	1.8838e-03	1.5299e-08	4.2033e-03	9.8954e-01	6.2538e-03	4.1349e-07	9.6914e-01	3.0861e-02	1.9579e-06	1.1755e-36	1.1755e-36	1.1755e-36	2.8761e-14	0.00e+00	0.00e+00	2.5522e+02
5.63776e+14	4.4316e+03	5.175e-16	1.0000e+05	4.7257e+03	3.8152e-07	9.6140e-01	3.8603e-02	9.0571e-01	9.2467e-02	1.8194e-03	1.6576e-08	4.1602e-03	9.8968e-01	6.1578e-03	4.1319e-07	9.6954e-01	3.0455e-02	1.9243e-06	1.1755e-36	1.1755e-36	1.1755e-36	3.3317e-14	0.00e+00	0.00e+00	2.5901e+02
5.70154e+14	4.3726e+03	5.042e-16	1.0000e+05	4.6655e+03	4.2525e-07	9.6189e-01	3.8109e-02	9.0746e-01	9.0794e-02	1.7510e-03	1.8099e-08	4.1262e-03	9.8982e-01	6.0548e-03	4.1295e-07	9.6995e-01	3.0044e-02	1.8927e-06	1.1755e-36	1.1755e-36	1.1755e-36	3.9156e-14	0.00e+00	0.00e+00	2.6297e+02
5.76587e+14	4.3159e+03	4.911e-16	1.0000e+05	4.6017e+03	4.7343e-07	9.6241e-01	3.7586e-02	9.0905e-01	8.9262e-02	1.6899e-03	1.9761e-08	4.0886e-03	9.8995e-01	5.9608e-03	4.1272e-07	9.7039e-01	2.9611e-02	1.8611e-06	1.1755e-36	1.1755e-36	1.1755e-36	4.6093e-14	0.00e+00	0.00e+00	2.6682e+02
5.82873e+14	4.2634e+03	4.789e-16	1.0000e+05	4.5387e+03	5.2361e-07	9.6284e-01	3.7155e-02	9.1051e-01	8.7857e-02	1.6349e-03	2.1460e-08	4.0504e-03	9.9008e-01	5.8731e-03	4.1252e-07	9.7075e-01	2.9251e-02	1.8332e-06	1.1755e-36	1.1755e-36	1.1755e-36	5.3692e-14	0.00e+00	0.00e+00	2.7061e+02
5.89241e+14	4.2088e+03	4.668e-16	1.0000e+05	4.4782e+03	5.8280e-07	9.6331e-01	3.6691e-02	9.1201e-01	8.6406e-02	1.5790e-03	2.3456e-08	4.0151e-03	9.9020e-01	5.7821e-03	4.1234e-07	9.7113e-01	2.8864e-02	1.8054e-06	1.1755e-36	1.1755e-36	1.1755e-36	6.3337e-14	0.00e+00	0.00e+00	2.7456e+02
5.95694e+14	4.1542e+03	4.550e-16	1.0000e+05	4.4161e+03	6.5030e-07	9.6380e-01	3.6199e-02	9.1345e-01	8.5023e-02	1.5268e-03	2.5713e-08	3.9785e-03	9.9032e-01	5.6966e-03	4.1218e-07	9.7154e-01	2.8456e-02	1.7778e-06	1.1755e-36	1.1755e-36	1.1755e-36	7.5215e-14	0.00e+00	0.00e+00	2.7846e+02
6.01980e+14	4.1012e+03	4.440e-16	1.0000e+05	4.3587e+03	7.2448e-07	9.6425e-01	3.5744e-02	9.1484e-01	8.3684e-02	1.4770e-03	2.8168e-08	3.9456e-03	9.9044e-01	5.6160e-03	4.1207e-07	9.7192e-01	2.8079e-02	1.7527e-06	1.1755e-36	1.1755e-36	1.1755e-36	8.9196e-14	0.00e+00	0.00e+00	2.8222e+02
6.08077e+14	4.0500e+03	4.337e-16	1.0000e+05	4.3041e+03	8.0537e-07	9.6467e-01	3.5330e-02	9.1616e-01	8.2411e-02	1.4305e-03	3.0811e-08	3.9147e-03	9.9055e-01	5.5392e-03	4.1199e-07	9.7226e-01	2.7734e-02	1.7299e-06	1.1755e-36	1.1755e-36	1.1755e-36	1.0548e-13	0.00e+00	0.00e+00	2.8589e+02
6.14089e+14	4.0002e+03	4.239e-16	1.0000e+05	4.2513e+03	8.9454e-07	9.6509e-01	3.4912e-02	9.1744e-01	8.1174e-02	1.3861e-03	3.3714e-08	3.8850e-03	9.9065e-01	5.4645e-03	4.1192e-07	9.7261e-01	2.7386e-02	1.7078e-06	1.1755e-36	1.1755e-36	1.1755e-36	1.2483e-13	0.00e+00	0.00e+00	2.8954e+02
6.20097e+14	3.9482e+03	4.140e-16	1.0000e+05	4.1982e+03	1.0009e-06	9.6558e-01	3.4416e-02	9.1876e-01	7.9902e-02	1.3423e-03	3.7184e-08	3.8561e-03	9.9075e-01	5.3895e-03	4.1188e-07	9.7302e-01	2.6978e-02	1.6845e-06	1.1755e-36	1.1755e-36	1.1755e-36	1.5011e-13	0.00e+00	0.00e+00	2.9321e+02
