#depth	Te	Htot	hden	eden	2H_2/H	HI	HII	HeI	HeII	HeIII	CO/C	C1	C2	C3	C4	O1	O2	O3	O4	O5	O6	H2O/O	AV(point)	AV(extend)	Tau912
4.57986e+13	1.2964e+04	2.006e-17	1.6681e+03	1.9470e+03	2.2704e-17	7.2118e-04	9.9928e-01	5.4526e-05	7.0483e-02	9.2946e-01	1.1879e-23	8.5150e-07	3.0339e-03	2.0934e-01	4.2090e-01	3.7500e-07	8.0826e-04	1.1844e-01	6.8848e-01	1.8115e-01	1.0808e-02	1.1638e-30	0.00e+00	0.00e+00	6.9558e-04
2.74791e+14	1.2943e+04	2.004e-17	1.6681e+03	1.9465e+03	2.2793e-17	7.2029e-04	9.9928e-01	5.4537e-05	7.0503e-02	9.2944e-01	1.1827e-23	8.4544e-07	3.0302e-03	2.0919e-01	4.2170e-01	3.7441e-07	8.0821e-04	1.1878e-01	6.8855e-01	1.8079e-01	1.0772e-02	1.1585e-30	0.00e+00	0.00e+00	3.4745e-03
1.19076e+15	1.2907e+04	1.995e-17	1.6681e+03	1.9463e+03	2.2863e-17	7.1814e-04	9.9928e-01	5.4680e-05	7.0724e-02	9.2922e-01	1.1834e-23	8.3558e-07	3.0412e-03	2.1020e-01	4.2338e-01	3.7483e-07	8.1138e-04	1.2009e-01	6.8864e-01	1.7950e-01	1.0647e-02	1.1516e-30	0.00e+00	0.00e+00	1.4557e-02
4.85465e+15	1.2795e+04	1.976e-17	1.6681e+03	1.9461e+03	2.3110e-17	7.1404e-04	9.9929e-01	5.5767e-05	7.2213e-02	9.2773e-01	1.2143e-23	8.2539e-07	3.1093e-03	2.1557e-01	4.2821e-01	3.8122e-07	8.2946e-04	1.2548e-01	6.8854e-01	1.7462e-01	1.0233e-02	1.1456e-30	0.00e+00	0.00e+00	5.8634e-02
1.15962e+16	1.2435e+04	1.907e-17	1.6681e+03	1.9460e+03	2.2894e-17	6.8623e-04	9.9931e-01	5.5769e-05	7.2520e-02	9.2742e-01	1.1136e-23	7.6458e-07	3.1605e-03	2.2136e-01	4.3746e-01	3.6704e-07	8.3114e-04	1.3336e-01	6.8953e-01	1.6632e-01	9.6805e-03	9.8031e-31	0.00e+00	0.00e+00	1.1370e-01
1.93586e+16	1.2115e+04	1.851e-17	1.6681e+03	1.9458e+03	2.2437e-17	6.5956e-04	9.9934e-01	5.6370e-05	7.3927e-02	9.2602e-01	1.0192e-23	7.2819e-07	3.2277e-03	2.2913e-01	4.4566e-01	3.5470e-07	8.3642e-04	1.4236e-01	6.8960e-01	1.5784e-01	9.1144e-03	8.3180e-31	0.00e+00	0.00e+00	1.6860e-01
2.78031e+16	1.1884e+04	1.815e-17	1.6681e+03	1.9454e+03	2.1898e-17	6.4017e-04	9.9936e-01	5.8299e-05	7.7183e-02	9.2276e-01	9.7717e-24	7.2169e-07	3.3366e-03	2.3989e-01	4.5253e-01	3.5404e-07	8.6047e-04	1.5355e-01	6.8777e-01	1.4908e-01	8.5039e-03	7.3638e-31	0.00e+00	0.00e+00	2.2916e-01
3.81357e+16	1.1699e+04	1.789e-17	1.6681e+03	1.9445e+03	2.1417e-17	6.2518e-04	9.9937e-01	6.2235e-05	8.3182e-02	9.1676e-01	9.9446e-24	7.4137e-07	3.5141e-03	2.5563e-01	4.5898e-01	3.6765e-07	9.1433e-04	1.6972e-01	6.8290e-01	1.3849e-01	7.7527e-03	6.8601e-31	0.00e+00	0.00e+00	3.0605e-01
5.15680e+16	1.1541e+04	1.769e-17	1.6681e+03	1.9430e+03	2.0627e-17	6.1062e-04	9.9939e-01	6.9351e-05	9.3778e-02	9.0615e-01	1.0576e-23	7.8699e-07	3.7828e-03	2.7880e-01	4.6486e-01	3.9792e-07	1.0113e-03	1.9492e-01	6.7228e-01	1.2480e-01	6.8045e-03	6.5101e-31	0.00e+00	0.00e+00	4.0369e-01
6.67134e+16	1.1415e+04	1.760e-17	1.6681e+03	1.9415e+03	1.9239e-17	5.9266e-04	9.9941e-01	8.0370e-05	1.1044e-01	8.8948e-01	1.1248e-23	8.4829e-07	4.1093e-03	3.0809e-01	4.6811e-01	4.3953e-07	1.1488e-03	2.3035e-01	6.5328e-01	1.0927e-01	5.7851e-03	6.0598e-31	0.00e+00	0.00e+00	4.9796e-01
8.02717e+16	1.1415e+04	1.761e-17	1.6681e+03	1.9375e+03	1.7418e-17	5.7489e-04	9.9943e-01	9.4090e-05	1.3211e-01	8.6779e-01	1.1869e-23	9.0486e-07	4.4011e-03	3.3668e-01	4.6811e-01	4.8752e-07	1.3099e-03	2.7152e-01	6.2705e-01	9.5082e-02	4.9092e-03	5.7318e-31	0.00e+00	0.00e+00	5.7067e-01
9.10503e+16	1.1452e+04	1.775e-17	1.6681e+03	1.9338e+03	1.6119e-17	5.6464e-04	9.9944e-01	1.1045e-04	1.5722e-01	8.4267e-01	1.2971e-23	9.6726e-07	4.6826e-03	3.6247e-01	4.6596e-01	5.4848e-07	1.4952e-03	3.1425e-01	5.9708e-01	8.2868e-02	4.1846e-03	5.7465e-31	0.00e+00	0.00e+00	6.2743e-01
1.00038e+17	1.1509e+04	1.794e-17	1.6681e+03	1.9299e+03	1.5220e-17	5.5971e-04	9.9944e-01	1.2971e-04	1.8587e-01	8.1400e-01	1.4579e-23	1.0345e-06	4.9591e-03	3.8572e-01	4.6288e-01	6.2410e-07	1.7084e-03	3.5863e-01	5.6404e-01	7.1965e-02	3.5594e-03	6.0325e-31	0.00e+00	0.00e+00	6.7711e-01
1.08001e+17	1.1569e+04	1.815e-17	1.6681e+03	1.9251e+03	1.4534e-17	5.5709e-04	9.9944e-01	1.5241e-04	2.1928e-01	7.8057e-01	1.6460e-23	1.1005e-06	5.2215e-03	4.0705e-01	4.5936e-01	7.1075e-07	1.9454e-03	4.0559e-01	5.2749e-01	6.1885e-02	3.0029e-03	6.4415e-31	0.00e+00	0.00e+00	7.2108e-01
1.15125e+17	1.1645e+04	1.835e-17	1.6681e+03	1.9201e+03	1.3901e-17	5.5550e-04	9.9944e-01	1.7853e-04	2.5757e-01	7.4225e-01	1.8472e-23	1.1624e-06	5.4604e-03	4.2614e-01	4.5589e-01	8.0603e-07	2.2015e-03	4.5437e-01	4.8820e-01	5.2642e-02	2.5099e-03	6.9126e-31	0.00e+00	0.00e+00	7.6058e-01
1.21616e+17	1.1677e+04	1.855e-17	1.6681e+03	1.9141e+03	1.3691e-17	5.5726e-04	9.9944e-01	2.0918e-04	3.0160e-01	6.9819e-01	2.0982e-23	1.2276e-06	5.7013e-03	4.4401e-01	4.5220e-01	9.1574e-07	2.4825e-03	5.0483e-01	4.4648e-01	4.4080e-02	2.0680e-03	7.5871e-31	0.00e+00	0.00e+00	7.9712e-01
1.27651e+17	1.1704e+04	1.870e-17	1.6681e+03	1.9064e+03	1.3570e-17	5.6020e-04	9.9944e-01	2.4317e-04	3.5108e-01	6.4867e-01	2.3513e-23	1.2877e-06	5.9150e-03	4.6002e-01	4.4881e-01	1.0307e-06	2.7693e-03	5.5595e-01	4.0322e-01	3.6327e-02	1.6802e-03	8.2835e-31	0.00e+00	0.00e+00	8.3160e-01
1.33446e+17	1.1706e+04	1.877e-17	1.6681e+03	1.8984e+03	1.3680e-17	5.6527e-04	9.9943e-01	2.8254e-04	4.0697e-01	5.9274e-01	2.6530e-23	1.3497e-06	6.1305e-03	4.7488e-01	4.4550e-01	1.1616e-06	3.0820e-03	6.0783e-01	3.5847e-01	2.9246e-02	1.3355e-03	9.1726e-31	0.00e+00	0.00e+00	8.6580e-01
1.39130e+17	1.1679e+04	1.874e-17	1.6681e+03	1.8895e+03	1.3989e-17	5.7241e-04	9.9943e-01	3.2691e-04	4.6890e-01	5.3077e-01	2.9847e-23	1.4124e-06	6.3419e-03	4.8864e-01	4.4225e-01	1.3051e-06	3.4092e-03	6.5945e-01	3.1314e-01	2.2934e-02	1.0363e-03	1.0165e-30	0.00e+00	0.00e+00	8.9968e-01
1.44740e+17	1.1614e+04	1.857e-17	1.6681e+03	1.8796e+03	1.4554e-17	5.8170e-04	9.9942e-01	3.7470e-04	5.3463e-01	4.6500e-01	3.3451e-23	1.4748e-06	6.5480e-03	5.0125e-01	4.3901e-01	1.4582e-06	3.7398e-03	7.0892e-01	2.6900e-01	1.7529e-02	7.8645e-04	1.1261e-30	0.00e+00	0.00e+00	9.3397e-01
1.51177e+17	1.1482e+04	1.820e-17	1.6681e+03	1.8687e+03	1.5771e-17	5.9718e-04	9.9940e-01	4.3338e-04	6.1100e-01	3.8857e-01	3.8764e-23	1.5571e-06	6.8067e-03	5.1493e-01	4.3481e-01	1.6559e-06	4.1289e-03	7.6138e-01	2.2147e-01	1.2450e-02	5.5650e-04	1.2951e-30	0.00e+00	0.00e+00	9.7973e-01
1.58165e+17	1.1299e+04	1.765e-17	1.6681e+03	1.8576e+03	1.7387e-17	6.1511e-04	9.9938e-01	4.9456e-04	6.8822e-01	3.1128e-01	4.4276e-23	1.6411e-06	7.0634e-03	5.2787e-01	4.3005e-01	1.8617e-06	4.5046e-03	8.0948e-01	1.7715e-01	8.4664e-03	3.8038e-04	1.4655e-30	0.00e+00	0.00e+00	1.0231e+00
1.64571e+17	1.1100e+04	1.704e-17	1.6681e+03	1.8490e+03	1.9362e-17	6.3410e-04	9.9937e-01	5.4663e-04	7.4946e-01	2.4999e-01	4.9959e-23	1.7230e-06	7.3032e-03	5.3861e-01	4.2522e-01	2.0522e-06	4.8180e-03	8.4538e-01	1.4361e-01	5.9150e-03	2.6895e-04	1.6416e-30	0.00e+00	0.00e+00	1.0639e+00
1.71601e+17	1.0870e+04	1.634e-17	1.6681e+03	1.8411e+03	2.2112e-17	6.5787e-04	9.9934e-01	5.9769e-04	8.0408e-01	1.9532e-01	5.7374e-23	1.8208e-06	7.5779e-03	5.4935e-01	4.1944e-01	2.2681e-06	5.1339e-03	8.7642e-01	1.1423e-01	4.0266e-03	1.8652e-04	1.8708e-30	0.00e+00	0.00e+00	1.1190e+00
1.80740e+17	1.0597e+04	1.551e-17	1.6681e+03	1.8335e+03	2.6090e-17	6.8908e-04	9.9931e-01	6.5183e-04	8.5623e-01	1.4312e-01	6.7341e-23	1.9452e-06	7.9116e-03	5.6127e-01	4.1197e-01	2.5322e-06	5.4741e-03	9.0543e-01	8.6392e-02	2.5741e-03	1.2223e-04	2.1746e-30	0.00e+00	0.00e+00	1.1940e+00
1.90568e+17	1.0361e+04	1.480e-17	1.6681e+03	1.8278e+03	3.0168e-17	7.1977e-04	9.9928e-01	6.9483e-04	8.9396e-01	1.0534e-01	7.6595e-23	2.0618e-06	8.2098e-03	5.7144e-01	4.0484e-01	2.7780e-06	5.7516e-03	9.2626e-01	6.6155e-02	1.7419e-03	8.3916e-05	2.4417e-30	0.00e+00	0.00e+00	1.2646e+00
2.01291e+17	1.0153e+04	1.420e-17	1.6681e+03	1.8237e+03	3.5072e-17	7.5531e-04	9.9924e-01	7.3335e-04	9.2194e-01	7.7323e-02	8.8404e-23	2.1947e-06	8.5292e-03	5.8105e-01	3.9740e-01	3.0521e-06	6.0162e-03	9.4205e-01	5.0636e-02	1.2384e-03	5.8913e-05	2.7953e-30	0.00e+00	0.00e+00	1.3610e+00
2.15232e+17	9.9664e+03	1.366e-17	1.6681e+03	1.8203e+03	4.1193e-17	8.0057e-04	9.9920e-01	7.7133e-04	9.4490e-01	5.4330e-02	1.0389e-22	2.3571e-06	8.8929e-03	5.9112e-01	3.8905e-01	3.3931e-06	6.2946e-03	9.5531e-01	3.7438e-02	9.0888e-04	4.0541e-05	3.2674e-30	0.00e+00	0.00e+00	1.4939e+00
2.33355e+17	9.8232e+03	1.323e-17	1.6681e+03	1.8177e+03	4.8723e-17	8.5995e-04	9.9914e-01	8.0867e-04	9.6243e-01	3.6757e-02	1.2524e-22	2.5592e-06	9.3081e-03	6.0154e-01	3.7987e-01	3.8364e-06	6.5913e-03	9.6580e-01	2.6863e-02	7.1230e-04	2.7502e-05	3.9477e-30	0.00e+00	0.00e+00	1.6794e+00
2.55778e+17	9.7469e+03	1.299e-17	1.6681e+03	1.8158e+03	5.7567e-17	9.3710e-04	9.9906e-01	8.4448e-04	9.7451e-01	2.4642e-02	1.5442e-22	2.8007e-06	9.7619e-03	6.1187e-01	3.7033e-01	4.4144e-06	6.9017e-03	9.7329e-01	1.9174e-02	6.0720e-04	1.8802e-05	4.9352e-30	0.00e+00	0.00e+00	1.9198e+00
2.81356e+17	9.7486e+03	1.295e-17	1.6681e+03	1.8145e+03	6.7776e-17	1.0356e-03	9.9896e-01	8.7937e-04	9.8217e-01	1.6949e-02	1.9573e-22	3.0855e-06	1.0252e-02	6.2182e-01	3.6079e-01	5.1761e-06	7.2354e-03	9.7819e-01	1.4004e-02	5.5409e-04	1.3233e-05	6.4442e-30	0.00e+00	0.00e+00	2.2120e+00
3.09492e+17	9.8333e+03	1.308e-17	1.6681e+03	1.8135e+03	7.9787e-17	1.1619e-03	9.9884e-01	9.1571e-04	9.8702e-01	1.2062e-02	2.5813e-22	3.4262e-06	1.0798e-02	6.3161e-01	3.5113e-01	6.2156e-06	7.6169e-03	9.8133e-01	1.0515e-02	5.2616e-04	9.5706e-06	8.9146e-30	0.00e+00	0.00e+00	2.5726e+00
3.40441e+17	9.9561e+03	1.342e-17	1.6681e+03	1.8128e+03	9.7037e-17	1.3344e-03	9.9867e-01	9.6013e-04	9.9023e-01	8.8068e-03	3.6508e-22	3.8696e-06	1.1490e-02	6.4279e-01	3.3985e-01	7.7669e-06	8.1123e-03	9.8333e-01	8.0377e-03	5.0926e-04	7.0044e-06	1.3425e-29	0.00e+00	0.00e+00	3.0282e+00
3.74485e+17	1.0154e+04	1.393e-17	1.6681e+03	1.8121e+03	1.2072e-16	1.5739e-03	9.9843e-01	1.0126e-03	9.9240e-01	6.5870e-03	5.5978e-22	4.4495e-06	1.2374e-02	6.5560e-01	3.2668e-01	1.0204e-05	8.7841e-03	9.8448e-01	6.2230e-03	4.9864e-04	5.1423e-06	2.2237e-29	0.00e+00	0.00e+00	3.6193e+00
4.07222e+17	1.0414e+04	1.458e-17	1.6681e+03	1.8113e+03	1.5294e-16	1.8766e-03	9.9812e-01	1.0754e-03	9.9369e-01	5.2341e-03	9.0653e-22	5.1198e-06	1.3384e-02	6.6879e-01	3.1294e-01	1.3784e-05	9.6377e-03	9.8482e-01	5.0303e-03	4.9310e-04	3.9149e-06	3.9939e-29	0.00e+00	0.00e+00	4.2083e+00
4.36890e+17	1.0637e+04	1.528e-17	1.6681e+03	1.8106e+03	2.0683e-16	2.2377e-03	9.9776e-01	1.1461e-03	9.9450e-01	4.3499e-03	1.5876e-21	5.9142e-06	1.4608e-02	6.8352e-01	2.9741e-01	1.8865e-05	1.0698e-02	9.8462e-01	4.1679e-03	4.8832e-04	3.0437e-06	8.0437e-29	0.00e+00	0.00e+00	4.9041e+00
4.65590e+17	1.0883e+04	1.603e-17	1.6681e+03	1.8097e+03	2.8167e-16	2.6887e-03	9.9731e-01	1.2330e-03	9.9506e-01	3.7094e-03	2.9001e-21	6.8728e-06	1.6104e-02	6.9981e-01	2.8005e-01	2.6556e-05	1.2088e-02	9.8391e-01	3.4843e-03	4.8455e-04	2.3728e-06	1.6774e-28	0.00e+00	0.00e+00	5.6933e+00
4.91451e+17	1.1114e+04	1.678e-17	1.6681e+03	1.8088e+03	3.8229e-16	3.2214e-03	9.9678e-01	1.3343e-03	9.9540e-01	3.2627e-03	5.3489e-21	7.9786e-06	1.7854e-02	7.1683e-01	2.6166e-01	3.7725e-05	1.3827e-02	9.8269e-01	2.9602e-03	4.8118e-04	1.8747e-06	3.4727e-28	0.00e+00	0.00e+00	6.5022e+00
5.13312e+17	1.1310e+04	1.747e-17	1.6681e+03	1.8077e+03	5.0715e-16	3.8014e-03	9.9620e-01	1.4444e-03	9.9560e-01	2.9563e-03	9.5441e-21	9.1710e-06	1.9764e-02	7.3327e-01	2.4366e-01	5.2687e-05	1.5837e-02	9.8107e-01	2.5638e-03	4.7792e-04	1.5145e-06	6.7962e-28	0.00e+00	0.00e+00	7.2977e+00
5.27232e+17	1.1448e+04	1.795e-17	1.6681e+03	1.8069e+03	6.1746e-16	4.2693e-03	9.9573e-01	1.5308e-03	9.9566e-01	2.8104e-03	1.4399e-20	1.0100e-05	2.1270e-02	7.4453e-01	2.3112e-01	6.7134e-05	1.7570e-02	9.7953e-01	2.3575e-03	4.7606e-04	1.3201e-06	1.0905e-27	0.00e+00	0.00e+00	7.6559e+00
5.33565e+17	1.1499e+04	1.818e-17	1.6681e+03	1.8064e+03	6.7433e-16	4.5066e-03	9.9549e-01	1.5803e-03	9.9566e-01	2.7618e-03	1.7410e-20	1.0578e-05	2.2061e-02	7.5002e-01	2.2494e-01	7.5319e-05	1.8481e-02	9.7870e-01	2.2655e-03	4.7482e-04	1.2365e-06	1.3406e-27	0.00e+00	0.00e+00	7.8789e+00
5.38970e+17	1.1543e+04	1.836e-17	1.6681e+03	1.8060e+03	7.3235e-16	4.7163e-03	9.9528e-01	1.6208e-03	9.9567e-01	2.7085e-03	2.0667e-20	1.1021e-05	2.2772e-02	7.5492e-01	2.1942e-01	8.2975e-05	1.9286e-02	9.7799e-01	2.1710e-03	4.7356e-04	1.1621e-06	1.6260e-27	0.00e+00	0.00e+00	8.1823e+00
5.45996e+17	1.1600e+04	1.859e-17	1.6681e+03	1.8055e+03	8.1614e-16	5.0076e-03	9.9499e-01	1.6771e-03	9.9569e-01	2.6313e-03	2.5936e-20	1.1628e-05	2.3758e-02	7.6140e-01	2.1208e-01	9.4378e-05	2.0427e-02	9.7695e-01	2.0506e-03	4.7182e-04	1.0701e-06	2.0959e-27	0.00e+00	0.00e+00	8.6011e+00
5.55130e+17	1.1682e+04	1.888e-17	1.6681e+03	1.8049e+03	9.4499e-16	5.4219e-03	9.9458e-01	1.7550e-03	9.9572e-01	2.5299e-03	3.5335e-20	1.2493e-05	2.5155e-02	7.6996e-01	2.0226e-01	1.1221e-04	2.2100e-02	9.7542e-01	1.8999e-03	4.6952e-04	9.5862e-07	2.9716e-27	0.00e+00	0.00e+00	9.1906e+00
5.64159e+17	1.1729e+04	1.925e-17	1.6681e+03	1.8043e+03	1.1135e-15	5.9070e-03	9.9409e-01	1.8468e-03	9.9572e-01	2.4324e-03	4.9120e-20	1.3491e-05	2.6767e-02	7.7879e-01	1.9198e-01	1.3544e-04	2.4124e-02	9.7351e-01	1.7649e-03	4.6645e-04	8.5610e-07	4.2821e-27	0.00e+00	0.00e+00	9.6716e+00
5.70736e+17	1.1789e+04	1.949e-17	1.6681e+03	1.8036e+03	1.2442e-15	6.2968e-03	9.9370e-01	1.9200e-03	9.9570e-01	2.3780e-03	6.2703e-20	1.4281e-05	2.8059e-02	7.8523e-01	1.8436e-01	1.5636e-04	2.5830e-02	9.7188e-01	1.6727e-03	4.6458e-04	7.8776e-07	5.5851e-27	0.00e+00	0.00e+00	1.0031e+01
5.75964e+17	1.1831e+04	1.968e-17	1.6681e+03	1.8027e+03	1.3556e-15	6.6337e-03	9.9337e-01	1.9853e-03	9.9568e-01	2.3355e-03	7.6122e-20	1.4943e-05	2.9182e-02	7.9051e-01	1.7804e-01	1.7585e-04	2.7328e-02	9.7044e-01	1.5968e-03	4.6285e-04	7.3456e-07	6.8349e-27	0.00e+00	0.00e+00	1.0383e+01
5.81755e+17	1.1869e+04	1.991e-17	1.6681e+03	1.8022e+03	1.5229e-15	7.0302e-03	9.9297e-01	2.0613e-03	9.9566e-01	2.2837e-03	9.6580e-20	1.5781e-05	3.0514e-02	7.9647e-01	1.7085e-01	2.0047e-04	2.9113e-02	9.6872e-01	1.5099e-03	4.6051e-04	6.7728e-07	8.9220e-27	0.00e+00	0.00e+00	1.0867e+01
5.89284e+17	1.1944e+04	2.017e-17	1.6681e+03	1.8011e+03	1.7333e-15	7.5907e-03	9.9241e-01	2.1674e-03	9.9562e-01	2.2160e-03	1.3018e-19	1.6909e-05	3.2383e-02	8.0413e-01	1.6144e-01	2.3907e-04	3.1743e-02	9.6616e-01	1.4009e-03	4.5776e-04	6.0822e-07	1.2238e-26	0.00e+00	0.00e+00	1.1548e+01
5.96640e+17	1.1982e+04	2.051e-17	1.6681e+03	1.8001e+03	2.0360e-15	8.2471e-03	9.9175e-01	2.2901e-03	9.9556e-01	2.1486e-03	1.8152e-19	1.8210e-05	3.4522e-02	8.1178e-01	1.5179e-01	2.8931e-04	3.4906e-02	9.6305e-01	1.3011e-03	4.5405e-04	5.4370e-07	1.7571e-26	0.00e+00	0.00e+00	1.2086e+01
6.01871e+17	1.2016e+04	2.074e-17	1.6681e+03	1.7993e+03	2.2844e-15	8.7617e-03	9.9124e-01	2.3877e-03	9.9550e-01	2.1110e-03	2.3201e-19	1.9264e-05	3.6209e-02	8.1714e-01	1.4482e-01	3.3333e-04	3.7504e-02	9.6048e-01	1.2339e-03	4.5129e-04	5.0123e-07	2.2910e-26	0.00e+00	0.00e+00	1.2479e+01
6.06030e+17	1.2046e+04	2.091e-17	1.6681e+03	1.7985e+03	2.4967e-15	9.1969e-03	9.9080e-01	2.4705e-03	9.9545e-01	2.0825e-03	2.8209e-19	2.0132e-05	3.7645e-02	8.2139e-01	1.3921e-01	3.7358e-04	3.9750e-02	9.5825e-01	1.1794e-03	4.4900e-04	4.6880e-07	2.8184e-26	0.00e+00	0.00e+00	1.2872e+01
6.10695e+17	1.2071e+04	2.111e-17	1.6681e+03	1.7977e+03	2.7764e-15	9.7189e-03	9.9028e-01	2.5704e-03	9.9538e-01	2.0464e-03	3.5396e-19	2.1194e-05	3.9373e-02	8.2616e-01	1.3279e-01	4.2529e-04	4.2475e-02	9.5554e-01	1.1168e-03	4.4605e-04	4.3345e-07	3.5914e-26	0.00e+00	0.00e+00	1.3412e+01
6.16760e+17	1.2121e+04	2.136e-17	1.6681e+03	1.7961e+03	3.1561e-15	1.0456e-02	9.8954e-01	2.7115e-03	9.9529e-01	1.9983e-03	4.7467e-19	2.2639e-05	4.1791e-02	8.3215e-01	1.2448e-01	5.0593e-04	4.6471e-02	9.5154e-01	1.0380e-03	4.4227e-04	3.9062e-07	4.8694e-26	0.00e+00	0.00e+00	1.4167e+01
6.22754e+17	1.2143e+04	2.168e-17	1.6681e+03	1.7949e+03	3.6997e-15	1.1326e-02	9.8867e-01	2.8740e-03	9.9518e-01	1.9489e-03	6.6110e-19	2.4335e-05	4.4576e-02	8.3796e-01	1.1599e-01	6.1191e-04	5.1326e-02	9.4666e-01	9.6331e-04	4.3739e-04	3.4950e-07	6.9469e-26	0.00e+00	0.00e+00	1.4779e+01
6.27106e+17	1.2163e+04	2.189e-17	1.6681e+03	1.7938e+03	4.1609e-15	1.2023e-02	9.8798e-01	3.0067e-03	9.9507e-01	1.9198e-03	8.4904e-19	2.5749e-05	4.6824e-02	8.4196e-01	1.0981e-01	7.0671e-04	5.5398e-02	9.4255e-01	9.1158e-04	4.3358e-04	3.2174e-07	9.0741e-26	0.00e+00	0.00e+00	1.5231e+01
6.30582e+17	1.2182e+04	2.205e-17	1.6681e+03	1.7927e+03	4.5529e-15	1.2611e-02	9.8739e-01	3.1198e-03	9.9498e-01	1.8979e-03	1.0353e-18	2.6905e-05	4.8739e-02	8.4503e-01	1.0489e-01	7.9355e-04	5.8927e-02	9.3898e-01	8.7024e-04	4.3041e-04	3.0070e-07	1.1161e-25	0.00e+00	0.00e+00	1.5680e+01
6.34470e+17	1.2194e+04	2.224e-17	1.6681e+03	1.7916e+03	5.0679e-15	1.3313e-02	9.8669e-01	3.2559e-03	9.9487e-01	1.8701e-03	1.3015e-18	2.8312e-05	5.1029e-02	8.4834e-01	9.9341e-02	9.0454e-04	6.3184e-02	9.3466e-01	8.2348e-04	4.2643e-04	2.7799e-07	1.4201e-25	0.00e+00	0.00e+00	1.6296e+01
6.39525e+17	1.2208e+04	2.249e-17	1.6681e+03	1.7902e+03	5.8670e-15	1.4318e-02	9.8568e-01	3.4501e-03	9.9472e-01	1.8315e-03	1.7746e-18	3.0330e-05	5.4278e-02	8.5235e-01	9.2162e-02	1.0790e-03	6.9446e-02	9.2829e-01	7.6407e-04	4.2073e-04	2.4999e-07	1.9717e-25	0.00e+00	0.00e+00	1.7158e+01
6.44555e+17	1.2223e+04	2.277e-17	1.6681e+03	1.7884e+03	6.8561e-15	1.5498e-02	9.8450e-01	3.6738e-03	9.9453e-01	1.7936e-03	2.4756e-18	3.2615e-05	5.7987e-02	8.5591e-01	8.4976e-02	1.3091e-03	7.7107e-02	9.2046e-01	7.0700e-04	4.1423e-04	2.2319e-07	2.7978e-25	0.00e+00	0.00e+00	1.7867e+01
6.48244e+17	1.2236e+04	2.296e-17	1.6681e+03	1.7866e+03	7.6860e-15	1.6461e-02	9.8354e-01	3.8593e-03	9.9437e-01	1.7701e-03	3.1839e-18	3.4448e-05	6.1030e-02	8.5817e-01	7.9732e-02	1.5190e-03	8.3635e-02	9.1377e-01	6.6655e-04	4.0904e-04	2.0472e-07	3.6264e-25	0.00e+00	0.00e+00	1.8393e+01
6.51187e+17	1.2243e+04	2.310e-17	1.6681e+03	1.7844e+03	8.3857e-15	1.7275e-02	9.8273e-01	4.0205e-03	9.9423e-01	1.7511e-03	3.8763e-18	3.5939e-05	6.3622e-02	8.5975e-01	7.5598e-02	1.7113e-03	8.9276e-02	9.0797e-01	6.3471e-04	4.0468e-04	1.9082e-07	4.4093e-25	0.00e+00	0.00e+00	1.8911e+01
6.54468e+17	1.2241e+04	2.327e-17	1.6681e+03	1.7829e+03	9.3937e-15	1.8239e-02	9.8176e-01	4.2115e-03	9.9406e-01	1.7283e-03	4.9102e-18	3.7845e-05	6.6716e-02	8.6129e-01	7.1015e-02	1.9556e-03	9.6032e-02	9.0101e-01	5.9929e-04	3.9919e-04	1.7593e-07	5.6567e-25	0.00e+00	0.00e+00	1.9624e+01
6.58732e+17	1.2231e+04	2.350e-17	1.6681e+03	1.7812e+03	1.0995e-14	1.9626e-02	9.8037e-01	4.4873e-03	9.9382e-01	1.6963e-03	6.7747e-18	4.0664e-05	7.1123e-02	8.6282e-01	6.5139e-02	2.3409e-03	1.0597e-01	8.9074e-01	5.5427e-04	3.9118e-04	1.5750e-07	7.9617e-25	0.00e+00	0.00e+00	2.0620e+01
6.63034e+17	1.2228e+04	2.375e-17	1.6681e+03	1.7788e+03	1.2980e-14	2.1293e-02	9.7871e-01	4.8106e-03	9.9352e-01	1.6645e-03	9.5981e-18	4.3841e-05	7.6247e-02	8.6367e-01	5.9229e-02	2.8612e-03	1.1835e-01	8.7790e-01	5.0944e-04	3.8191e-04	1.3939e-07	1.1461e-24	0.00e+00	0.00e+00	2.1468e+01
6.66270e+17	1.2223e+04	2.393e-17	1.6681e+03	1.7762e+03	1.4743e-14	2.2707e-02	9.7729e-01	5.0897e-03	9.9327e-01	1.6429e-03	1.2593e-17	4.6485e-05	8.0608e-02	8.6374e-01	5.4841e-02	3.3542e-03	1.2922e-01	8.6657e-01	4.7659e-04	3.7413e-04	1.2650e-07	1.5139e-24	0.00e+00	0.00e+00	2.2111e+01
6.68879e+17	1.2217e+04	2.406e-17	1.6681e+03	1.7739e+03	1.6360e-14	2.3910e-02	9.7609e-01	5.3336e-03	9.9304e-01	1.6261e-03	1.5706e-17	4.8766e-05	8.4374e-02	8.6345e-01	5.1405e-02	3.8120e-03	1.3871e-01	8.5666e-01	4.5095e-04	3.6750e-04	1.1682e-07	1.8982e-24	0.00e+00	0.00e+00	2.2748e+01
6.71785e+17	1.2205e+04	2.419e-17	1.6681e+03	1.7707e+03	1.8311e-14	2.5340e-02	9.7466e-01	5.6257e-03	9.9277e-01	1.6053e-03	2.0012e-17	5.1403e-05	8.8829e-02	8.6278e-01	4.7658e-02	4.3979e-03	1.5009e-01	8.4473e-01	4.2286e-04	3.5968e-04	1.0664e-07	2.4165e-24	0.00e+00	0.00e+00	2.3624e+01
6.75563e+17	1.2179e+04	2.440e-17	1.6681e+03	1.7676e+03	2.1797e-14	2.7448e-02	9.7255e-01	6.0531e-03	9.9237e-01	1.5765e-03	2.8368e-17	5.5411e-05	9.5282e-02	8.6116e-01	4.2870e-02	5.3424e-03	1.6698e-01	8.2694e-01	3.8672e-04	3.4799e-04	1.1755e-36	3.4886e-24	0.00e+00	0.00e+00	2.4859e+01
6.79410e+17	1.2144e+04	2.466e-17	1.6681e+03	1.7644e+03	2.6629e-14	3.0069e-02	9.6993e-01	6.5775e-03	9.9188e-01	1.5462e-03	4.2113e-17	6.0385e-05	1.0303e-01	8.5829e-01	3.8047e-02	6.6596e-03	1.8834e-01	8.0432e-01	3.4977e-04	3.3369e-04	1.1755e-36	5.3031e-24	0.00e+00	0.00e+00	2.5942e+01
6.82377e+17	1.2135e+04	2.478e-17	1.6681e+03	1.7587e+03	3.0535e-14	3.2347e-02	9.6765e-01	7.0376e-03	9.9144e-01	1.5263e-03	5.6632e-17	6.4284e-05	1.0975e-01	8.5519e-01	3.4471e-02	7.9538e-03	2.0759e-01	7.8381e-01	3.2228e-04	3.2191e-04	1.1755e-36	7.1034e-24	0.00e+00	0.00e+00	2.6798e+01
6.84841e+17	1.2100e+04	2.491e-17	1.6681e+03	1.7555e+03	3.5135e-14	3.4442e-02	9.6556e-01	7.4739e-03	9.9102e-01	1.5076e-03	7.4289e-17	6.8125e-05	1.1598e-01	8.5188e-01	3.1570e-02	9.2396e-03	2.2511e-01	7.6504e-01	2.9990e-04	3.1084e-04	1.1755e-36	9.4443e-24	0.00e+00	0.00e+00	2.7675e+01
6.87621e+17	1.2060e+04	2.505e-17	1.6681e+03	1.7521e+03	4.1298e-14	3.6999e-02	9.6300e-01	8.0146e-03	9.9050e-01	1.4859e-03	1.0131e-16	7.2974e-05	1.2357e-01	8.4746e-01	2.8434e-02	1.0942e-02	2.4647e-01	7.4202e-01	2.7560e-04	2.9754e-04	1.1755e-36	1.3094e-23	0.00e+00	0.00e+00	2.8899e+01
6.91235e+17	1.2016e+04	2.522e-17	1.6681e+03	1.7454e+03	5.0878e-14	4.0860e-02	9.5914e-01	8.8095e-03	9.8973e-01	1.4579e-03	1.5252e-16	7.9571e-05	1.3455e-01	8.4042e-01	2.4535e-02	1.3777e-02	2.7833e-01	7.0737e-01	2.4460e-04	2.7856e-04	1.1755e-36	1.9923e-23	0.00e+00	0.00e+00	3.0657e+01
6.94854e+17	1.1960e+04	2.544e-17	1.6681e+03	1.7373e+03	6.5428e-14	4.5878e-02	9.5412e-01	9.8171e-03	9.8875e-01	1.4285e-03	2.4480e-16	8.7779e-05	1.4804e-01	8.3079e-01	2.0720e-02	1.7893e-02	3.1843e-01	6.6321e-01	2.1274e-04	2.5534e-04	1.1755e-36	3.2755e-23	0.00e+00	0.00e+00	3.2180e+01
6.97487e+17	1.1906e+04	2.557e-17	1.6681e+03	1.7309e+03	8.0335e-14	5.0267e-02	9.4973e-01	1.0731e-02	9.8786e-01	1.4074e-03	3.5629e-16	9.5205e-05	1.5983e-01	8.2168e-01	1.8066e-02	2.1899e-02	3.5254e-01	6.2514e-01	1.9013e-04	2.3604e-04	1.1755e-36	4.8746e-23	0.00e+00	0.00e+00	3.3298e+01
6.99485e+17	1.1881e+04	2.556e-17	1.6681e+03	1.7223e+03	9.1796e-14	5.3803e-02	9.4620e-01	1.1484e-02	9.8712e-01	1.3937e-03	4.6224e-16	1.0057e-04	1.6936e-01	8.1402e-01	1.6215e-02	2.5418e-02	3.7969e-01	5.9450e-01	1.7435e-04	2.2147e-04	1.1755e-36	6.3003e-23	0.00e+00	0.00e+00	3.4367e+01
7.01654e+17	1.1816e+04	2.562e-17	1.6681e+03	1.7155e+03	1.1008e-13	5.8164e-02	9.4184e-01	1.2418e-02	9.8621e-01	1.3748e-03	6.3277e-16	1.0749e-04	1.8084e-01	8.0450e-01	1.4279e-02	2.9939e-02	4.1043e-01	5.5927e-01	1.5765e-04	2.0451e-04	1.1755e-36	8.7895e-23	0.00e+00	0.00e+00	3.5869e+01
7.04474e+17	1.1751e+04	2.567e-17	1.6681e+03	1.7039e+03	1.3893e-13	6.4788e-02	9.3521e-01	1.3807e-02	9.8484e-01	1.3520e-03	9.5309e-16	1.1731e-04	1.9737e-01	7.9033e-01	1.1936e-02	3.7276e-02	4.5365e-01	5.0876e-01	1.3677e-04	1.8124e-04	1.1755e-36	1.3440e-22	0.00e+00	0.00e+00	3.8043e+01
7.07197e+17	1.1677e+04	2.574e-17	1.6681e+03	1.6886e+03	1.8329e-13	7.3377e-02	9.2662e-01	1.5534e-02	9.8314e-01	1.3306e-03	1.5128e-15	1.2868e-04	2.1702e-01	7.7287e-01	9.7655e-03	4.7391e-02	5.0240e-01	4.4994e-01	1.1593e-04	1.5527e-04	1.1755e-36	2.2044e-22	0.00e+00	0.00e+00	3.9789e+01
7.09036e+17	1.1620e+04	2.573e-17	1.6681e+03	1.6779e+03	2.2381e-13	8.0372e-02	9.1963e-01	1.6997e-02	9.8169e-01	1.3168e-03	2.1022e-15	1.3785e-04	2.3295e-01	7.5833e-01	8.3923e-03	5.6095e-02	5.3724e-01	4.0642e-01	1.0248e-04	1.3672e-04	1.1755e-36	3.1217e-22	0.00e+00	0.00e+00	4.0990e+01
7.10375e+17	1.1572e+04	2.565e-17	1.6681e+03	1.6689e+03	2.6107e-13	8.5816e-02	9.1418e-01	1.8185e-02	9.8051e-01	1.3072e-03	2.6796e-15	1.4490e-04	2.4541e-01	7.4679e-01	7.4795e-03	6.3104e-02	5.6152e-01	3.7516e-01	9.3620e-05	1.2380e-04	1.1755e-36	4.0615e-22	0.00e+00	0.00e+00	4.2128e+01
7.11823e+17	1.1507e+04	2.558e-17	1.6681e+03	1.6591e+03	3.0871e-13	9.2296e-02	9.0770e-01	1.9596e-02	9.7911e-01	1.2954e-03	3.4646e-15	1.5307e-04	2.5971e-01	7.3342e-01	6.5547e-03	7.1547e-02	5.8650e-01	3.4176e-01	8.4629e-05	1.1025e-04	1.1755e-36	5.3376e-22	0.00e+00	0.00e+00	4.3719e+01
7.13705e+17	1.1434e+04	2.544e-17	1.6681e+03	1.6424e+03	3.8537e-13	1.0205e-01	8.9795e-01	2.1659e-02	9.7706e-01	1.2834e-03	4.8507e-15	1.6420e-04	2.7977e-01	7.1447e-01	5.4508e-03	8.4456e-02	6.1777e-01	2.9761e-01	7.3534e-05	9.3003e-05	1.1755e-36	7.6204e-22	0.00e+00	0.00e+00	4.6005e+01
7.15643e+17	1.1353e+04	2.527e-17	1.6681e+03	1.6192e+03	5.0453e-13	1.1496e-01	8.8504e-01	2.4292e-02	9.7443e-01	1.2742e-03	7.1570e-15	1.7691e-04	3.0393e-01	6.9137e-01	4.3988e-03	1.0168e-01	6.4887e-01	2.4930e-01	6.2220e-05	7.4897e-05	1.1755e-36	1.1656e-21	0.00e+00	0.00e+00	4.8120e+01
7.17126e+17	1.1274e+04	2.511e-17	1.6681e+03	1.6030e+03	6.4112e-13	1.2720e-01	8.7280e-01	2.6878e-02	9.7186e-01	1.2650e-03	9.9881e-15	1.8881e-04	3.2618e-01	6.6987e-01	3.6532e-03	1.1804e-01	6.6985e-01	2.1199e-01	5.3959e-05	6.1335e-05	1.1755e-36	1.6958e-21	0.00e+00	0.00e+00	4.9754e+01
7.18249e+17	1.1219e+04	2.477e-17	1.6681e+03	1.5814e+03	7.5316e-13	1.3669e-01	8.6331e-01	2.8987e-02	9.6975e-01	1.2645e-03	1.2440e-14	1.9699e-04	3.4334e-01	6.5320e-01	3.1687e-03	1.3091e-01	6.8260e-01	1.8639e-01	4.8675e-05	5.2597e-05	1.1755e-36	2.1354e-21	0.00e+00	0.00e+00	5.1233e+01
7.19430e+17	1.1147e+04	2.450e-17	1.6681e+03	1.5656e+03	9.1226e-13	1.4806e-01	8.5194e-01	3.1557e-02	9.6718e-01	1.2591e-03	1.6045e-14	2.0702e-04	3.6326e-01	6.3375e-01	2.6928e-03	1.4605e-01	6.9269e-01	1.6117e-01	4.3433e-05	4.4035e-05	1.1755e-36	2.8378e-21	0.00e+00	0.00e+00	5.3315e+01
7.20965e+17	1.1055e+04	2.399e-17	1.6681e+03	1.5336e+03	1.1698e-12	1.6481e-01	8.3519e-01	3.5250e-02	9.6349e-01	1.2596e-03	2.2021e-14	2.1915e-04	3.9006e-01	6.0749e-01	2.1539e-03	1.6814e-01	7.0086e-01	1.3093e-01	3.7249e-05	3.4288e-05	1.1755e-36	4.0094e-21	0.00e+00	0.00e+00	5.6327e+01
7.22537e+17	1.0959e+04	2.340e-17	1.6681e+03	1.4950e+03	1.5702e-12	1.8694e-01	8.1306e-01	4.0044e-02	9.5869e-01	1.2647e-03	3.1690e-14	2.3247e-04	4.2194e-01	5.7610e-01	1.6634e-03	1.9667e-01	7.0208e-01	1.0120e-01	3.1075e-05	2.5115e-05	1.1755e-36	6.0443e-21	0.00e+00	0.00e+00	5.9100e+01
7.23723e+17	1.0863e+04	2.282e-17	1.6681e+03	1.4646e+03	1.9946e-12	2.0698e-01	7.9302e-01	4.4696e-02	9.5403e-01	1.2695e-03	4.2241e-14	2.4376e-04	4.5007e-01	5.4829e-01	1.3385e-03	2.2201e-01	6.9697e-01	8.0968e-02	2.6804e-05	1.9170e-05	1.1755e-36	8.3250e-21	0.00e+00	0.00e+00	6.1201e+01
7.24622e+17	1.0796e+04	2.220e-17	1.6681e+03	1.4349e+03	2.3815e-12	2.2234e-01	7.7766e-01	4.8567e-02	9.5015e-01	1.2777e-03	5.1875e-14	2.5161e-04	4.7169e-01	5.2688e-01	1.1325e-03	2.4127e-01	6.9058e-01	6.8105e-02	2.4111e-05	1.5606e-05	1.1755e-36	1.0484e-20	0.00e+00	0.00e+00	6.3151e+01
7.25580e+17	1.0708e+04	2.154e-17	1.6681e+03	1.4062e+03	2.8842e-12	2.4046e-01	7.5954e-01	5.3275e-02	9.4544e-01	1.2844e-03	6.4489e-14	2.6018e-04	4.9605e-01	5.0271e-01	9.3637e-04	2.6351e-01	6.8031e-01	5.6146e-02	2.1457e-05	1.2378e-05	1.1755e-36	1.3348e-20	0.00e+00	0.00e+00	6.5894e+01
7.26825e+17	1.0596e+04	2.057e-17	1.6681e+03	1.3587e+03	3.7558e-12	2.6711e-01	7.3289e-01	6.0115e-02	9.3858e-01	1.3014e-03	8.5900e-14	2.6947e-04	5.2826e-01	4.7071e-01	7.2154e-04	2.9552e-01	6.6169e-01	4.2763e-02	1.8299e-05	8.9479e-06	1.1755e-36	1.8499e-20	0.00e+00	0.00e+00	6.9855e+01
7.28103e+17	1.0483e+04	1.939e-17	1.6681e+03	1.3006e+03	5.0350e-12	3.0077e-01	6.9923e-01	6.8889e-02	9.2978e-01	1.3291e-03	1.1727e-13	2.7744e-04	5.6462e-01	4.3454e-01	5.3782e-04	3.3485e-01	6.3424e-01	3.0887e-02	1.5212e-05	6.0732e-06	1.1755e-36	2.6452e-20	0.00e+00	0.00e+00	7.3492e+01
7.29090e+17	1.0365e+04	1.835e-17	1.6681e+03	1.2547e+03	6.3823e-12	3.3041e-01	6.6959e-01	7.7591e-02	9.2106e-01	1.3529e-03	1.4947e-13	2.8365e-04	5.9599e-01	4.0328e-01	4.2001e-04	3.6866e-01	6.0792e-01	2.3401e-02	1.3077e-05	4.3673e-06	1.1755e-36	3.4757e-20	0.00e+00	0.00e+00	7.6366e+01
7.29849e+17	1.0286e+04	1.738e-17	1.6681e+03	1.2117e+03	7.6045e-12	3.5269e-01	6.4731e-01	8.4867e-02	9.1375e-01	1.3779e-03	1.7745e-13	2.8618e-04	6.1948e-01	3.7986e-01	3.4730e-04	3.9370e-01	5.8743e-01	1.8858e-02	1.1727e-05	3.3965e-06	1.1755e-36	4.2199e-20	0.00e+00	0.00e+00	7.8936e+01
7.30586e+17	1.0194e+04	1.645e-17	1.6681e+03	1.1723e+03	9.0321e-12	3.7593e-01	6.2407e-01	9.2941e-02	9.0566e-01	1.4015e-03	2.0912e-13	2.8853e-04	6.4292e-01	3.5648e-01	2.8628e-04	4.1936e-01	5.6545e-01	1.5172e-02	1.0511e-05	2.6345e-06	1.1755e-36	5.0708e-20	0.00e+00	0.00e+00	8.2029e+01
7.31440e+17	1.0084e+04	1.532e-17	1.6681e+03	1.1215e+03	1.1077e-11	4.0545e-01	5.9455e-01	1.0335e-01	8.9522e-01	1.4357e-03	2.5213e-13	2.8881e-04	6.6988e-01	3.2959e-01	2.2700e-04	4.5135e-01	5.3704e-01	1.1600e-02	9.1889e-06	1.9277e-06	1.1755e-36	6.2474e-20	0.00e+00	0.00e+00	8.5994e+01
7.32315e+17	9.9737e+03	1.410e-17	1.6681e+03	1.0632e+03	1.3777e-11	4.3900e-01	5.6100e-01	1.1564e-01	8.8288e-01	1.4827e-03	3.0613e-13	2.8678e-04	6.9759e-01	3.0193e-01	1.7769e-04	4.8696e-01	5.0444e-01	8.5987e-03	7.9223e-06	1.3628e-06	1.1755e-36	7.7892e-20	0.00e+00	0.00e+00	8.9789e+01
7.33025e+17	9.8615e+03	1.308e-17	1.6681e+03	1.0162e+03	1.6520e-11	4.6806e-01	5.3194e-01	1.2770e-01	8.7078e-01	1.5203e-03	3.5726e-13	2.8456e-04	7.2105e-01	2.7851e-01	1.4475e-04	5.1724e-01	4.7611e-01	6.6407e-03	6.9870e-06	1.0119e-06	1.1755e-36	9.2460e-20	0.00e+00	0.00e+00	9.2740e+01
7.33583e+17	9.7922e+03	1.222e-17	1.6681e+03	9.7631e+02	1.8745e-11	4.8899e-01	5.1101e-01	1.3778e-01	8.6066e-01	1.5582e-03	3.9621e-13	2.8096e-04	7.3850e-01	2.6108e-01	1.2381e-04	5.3881e-01	4.5575e-01	5.4340e-03	6.3852e-06	8.0629e-07	1.1755e-36	1.0312e-19	0.00e+00	0.00e+00	9.5408e+01
7.34095e+17	9.7004e+03	1.146e-17	1.6681e+03	9.4111e+02	2.1279e-11	5.0952e-01	4.9048e-01	1.4825e-01	8.5016e-01	1.5899e-03	4.3651e-13	2.7776e-04	7.5472e-01	2.4488e-01	1.0698e-04	5.5968e-01	4.3582e-01	4.4908e-03	5.8506e-06	6.4967e-07	1.1755e-36	1.1416e-19	0.00e+00	0.00e+00	9.8126e+01
7.34619e+17	9.6056e+03	1.070e-17	1.6681e+03	9.0444e+02	2.4266e-11	5.3145e-01	4.6855e-01	1.5986e-01	8.3852e-01	1.6227e-03	4.8159e-13	2.7375e-04	7.7096e-01	2.2867e-01	9.2073e-05	5.8171e-01	4.1461e-01	3.6668e-03	5.3294e-06	5.1665e-07	1.1755e-36	1.2667e-19	0.00e+00	0.00e+00	1.0116e+02
7.35051e+17	9.5444e+03	1.005e-17	1.6681e+03	8.7018e+02	2.6906e-11	5.4990e-01	4.5010e-01	1.6965e-01	8.2868e-01	1.6636e-03	5.1911e-13	2.6830e-04	7.8331e-01	2.1634e-01	8.1882e-05	6.0004e-01	3.9687e-01	3.0834e-03	4.9247e-06	4.2528e-07	1.1755e-36	1.3688e-19	0.00e+00	0.00e+00	1.0302e+02
7.35325e+17	9.4890e+03	9.657e-18	1.6681e+03	8.5214e+02	2.8689e-11	5.6026e-01	4.3974e-01	1.7692e-01	8.2140e-01	1.6789e-03	5.4202e-13	2.6618e-04	7.9162e-01	2.0803e-01	7.6117e-05	6.1028e-01	3.8694e-01	2.7769e-03	4.7112e-06	3.7856e-07	1.1755e-36	1.4260e-19	0.00e+00	0.00e+00	1.0435e+02
7.35574e+17	9.4379e+03	9.297e-18	1.6681e+03	8.3598e+02	3.0406e-11	5.6943e-01	4.3057e-01	1.8388e-01	8.1443e-01	1.6922e-03	5.6325e-13	2.6411e-04	7.9916e-01	2.0050e-01	7.1161e-05	6.1931e-01	3.7816e-01	2.5239e-03	4.5289e-06	3.4058e-07	1.1755e-36	1.4786e-19	0.00e+00	0.00e+00	1.0599e+02
7.35889e+17	9.3675e+03	8.855e-18	1.6681e+03	8.1408e+02	3.2927e-11	5.8259e-01	4.1741e-01	1.9286e-01	8.0543e-01	1.7117e-03	5.9271e-13	2.6090e-04	8.0836e-01	1.9131e-01	6.5305e-05	6.3216e-01	3.6562e-01	2.2203e-03	4.2790e-06	2.9533e-07	1.1755e-36	1.5527e-19	0.00e+00	0.00e+00	1.0818e+02
7.36237e+17	9.3056e+03	8.371e-18	1.6681e+03	7.8698e+02	3.5877e-11	5.9805e-01	4.0195e-01	2.0261e-01	7.9564e-01	1.7453e-03	6.2647e-13	2.5578e-04	8.1766e-01	1.8202e-01	5.9618e-05	6.4712e-01	3.5096e-01	1.9150e-03	4.0001e-06	2.5050e-07	1.1755e-36	1.6391e-19	0.00e+00	0.00e+00	1.1032e+02
7.36544e+17	9.2542e+03	7.945e-18	1.6681e+03	7.6238e+02	3.8570e-11	6.1100e-01	3.8900e-01	2.1145e-01	7.8677e-01	1.7782e-03	6.5463e-13	2.5071e-04	8.2545e-01	1.7424e-01	5.5250e-05	6.5957e-01	3.3874e-01	1.6823e-03	3.7781e-06	2.1713e-07	1.1755e-36	1.7060e-19	0.00e+00	0.00e+00	1.1208e+02
7.36811e+17	9.2005e+03	7.588e-18	1.6681e+03	7.4320e+02	4.1080e-11	6.2182e-01	3.7818e-01	2.2010e-01	7.7810e-01	1.8005e-03	6.7923e-13	2.4699e-04	8.3246e-01	1.6723e-01	5.1755e-05	6.6993e-01	3.2856e-01	1.5043e-03	3.6005e-06	1.9199e-07	1.1755e-36	1.7612e-19	0.00e+00	0.00e+00	1.1378e+02
7.37086e+17	9.1300e+03	7.232e-18	1.6681e+03	7.2374e+02	4.4124e-11	6.3346e-01	3.6654e-01	2.2966e-01	7.6852e-01	1.8205e-03	7.0603e-13	2.4326e-04	8.3973e-01	1.5998e-01	4.8395e-05	6.8101e-01	3.1765e-01	1.3368e-03	3.4178e-06	1.6864e-07	1.1755e-36	1.8195e-19	0.00e+00	0.00e+00	1.1572e+02
7.37380e+17	9.0710e+03	6.850e-18	1.6681e+03	7.0111e+02	4.7418e-11	6.4590e-01	3.5410e-01	2.3964e-01	7.5851e-01	1.8506e-03	7.3447e-13	2.3828e-04	8.4685e-01	1.5286e-01	4.5202e-05	6.9277e-01	3.0605e-01	1.1755e-03	3.2297e-06	1.4647e-07	1.1755e-36	1.8812e-19	0.00e+00	0.00e+00	1.1775e+02
7.37672e+17	9.0095e+03	6.484e-18	1.6681e+03	6.7886e+02	5.0934e-11	6.5834e-01	3.4166e-01	2.4997e-01	7.4815e-01	1.8811e-03	7.6240e-13	2.3316e-04	8.5367e-01	1.4605e-01	4.2359e-05	7.0445e-01	2.9451e-01	1.0333e-03	3.0496e-06	1.2721e-07	1.1755e-36	1.9375e-19	0.00e+00	0.00e+00	1.1972e+02
7.37947e+17	8.9511e+03	6.147e-18	1.6681e+03	6.5777e+02	5.4440e-11	6.6958e-01	3.3042e-01	2.6000e-01	7.3809e-01	1.9099e-03	7.8745e-13	2.2811e-04	8.5985e-01	1.3987e-01	3.9969e-05	7.1495e-01	2.8413e-01	9.1567e-04	2.8932e-06	1.1755e-36	1.1755e-36	1.9821e-19	0.00e+00	0.00e+00	1.2160e+02
7.38216e+17	8.8798e+03	5.832e-18	1.6681e+03	6.3861e+02	5.8388e-11	6.8076e-01	3.1924e-01	2.7086e-01	7.2721e-01	1.9333e-03	8.1324e-13	2.2365e-04	8.6600e-01	1.3374e-01	3.7810e-05	7.2535e-01	2.7384e-01	8.1257e-04	2.7437e-06	1.1755e-36	1.1755e-36	2.0269e-19	0.00e+00	0.00e+00	1.2355e+02
7.38488e+17	8.8216e+03	5.516e-18	1.6681e+03	6.1804e+02	6.2296e-11	6.9154e-01	3.0846e-01	2.8156e-01	7.1648e-01	1.9633e-03	8.3687e-13	2.1840e-04	8.7170e-01	1.2805e-01	3.5877e-05	7.3532e-01	2.6396e-01	7.2040e-04	2.6041e-06	1.1755e-36	1.1755e-36	2.0605e-19	0.00e+00	0.00e+00	1.2553e+02
7.38764e+17	8.7494e+03	5.209e-18	1.6681e+03	5.9777e+02	6.6887e-11	7.0276e-01	2.9724e-01	2.9318e-01	7.0483e-01	1.9915e-03	8.6153e-13	2.1320e-04	8.7741e-01	1.2234e-01	3.4082e-05	7.4564e-01	2.5372e-01	6.3655e-04	2.4642e-06	1.1755e-36	1.1755e-36	2.0924e-19	0.00e+00	0.00e+00	1.2760e+02
7.39039e+17	8.6773e+03	4.916e-18	1.6681e+03	5.7805e+02	7.1815e-11	7.1396e-01	2.8604e-01	3.0520e-01	6.9278e-01	2.0187e-03	8.8651e-13	2.0806e-04	8.8288e-01	1.1688e-01	3.2470e-05	7.5589e-01	2.4354e-01	5.6227e-04	2.3294e-06	1.1755e-36	1.1755e-36	2.1237e-19	0.00e+00	0.00e+00	1.2963e+02
7.39301e+17	8.6087e+03	4.644e-18	1.6681e+03	5.5914e+02	7.6766e-11	7.2415e-01	2.7585e-01	3.1696e-01	6.8100e-01	2.0461e-03	9.0828e-13	2.0293e-04	8.8783e-01	1.1193e-01	3.1099e-05	7.6518e-01	2.3432e-01	5.0019e-04	2.2107e-06	1.1755e-36	1.1755e-36	2.1418e-19	0.00e+00	0.00e+00	1.3158e+02
7.39559e+17	8.5375e+03	4.387e-18	1.6681e+03	5.4112e+02	8.2045e-11	7.3388e-01	2.6612e-01	3.2906e-01	6.6886e-01	2.0703e-03	9.2901e-13	1.9798e-04	8.9257e-01	1.0720e-01	2.9880e-05	7.7400e-01	2.2556e-01	4.4627e-04	2.1009e-06	1.1755e-36	1.1755e-36	2.1538e-19	0.00e+00	0.00e+00	1.3359e+02
7.39824e+17	8.4653e+03	4.131e-18	1.6681e+03	5.2247e+02	8.7827e-11	7.4381e-01	2.5619e-01	3.4174e-01	6.5616e-01	2.0971e-03	9.4950e-13	1.9266e-04	8.9719e-01	1.0259e-01	2.8745e-05	7.8296e-01	2.1664e-01	3.9678e-04	1.9921e-06	1.1755e-36	1.1755e-36	2.1600e-19	0.00e+00	0.00e+00	1.3570e+02
7.40094e+17	8.3843e+03	3.883e-18	1.6681e+03	5.0396e+02	9.4493e-11	7.5413e-01	2.4587e-01	3.5521e-01	6.4267e-01	2.1222e-03	9.7087e-13	1.8738e-04	9.0172e-01	9.8065e-02	2.7692e-05	7.9223e-01	2.0742e-01	3.5178e-04	1.8824e-06	1.1755e-36	1.1755e-36	2.1646e-19	0.00e+00	0.00e+00	1.3784e+02
7.40354e+17	8.3035e+03	3.654e-18	1.6681e+03	4.8596e+02	1.0152e-10	7.6368e-01	2.3632e-01	3.6837e-01	6.2948e-01	2.1481e-03	9.8949e-13	1.8207e-04	9.0580e-01	9.3985e-02	2.6792e-05	8.0077e-01	1.9892e-01	3.1394e-04	1.7841e-06	1.1755e-36	1.1755e-36	2.1575e-19	0.00e+00	0.00e+00	1.3987e+02
7.40605e+17	8.2241e+03	3.443e-18	1.6681e+03	4.6938e+02	1.0875e-10	7.7235e-01	2.2765e-01	3.8157e-01	6.1626e-01	2.1693e-03	1.0062e-12	1.7713e-04	9.0959e-01	9.0201e-02	2.6017e-05	8.0849e-01	1.9122e-01	2.8219e-04	1.6970e-06	1.1755e-36	1.1755e-36	2.1442e-19	0.00e+00	0.00e+00	1.4189e+02
7.40859e+17	8.1421e+03	3.237e-18	1.6681e+03	4.5288e+02	1.1672e-10	7.8106e-01	2.1894e-01	3.9545e-01	6.0236e-01	2.1890e-03	1.0226e-12	1.7213e-04	9.1330e-01	8.6504e-02	2.5296e-05	8.1623e-01	1.8352e-01	2.5338e-04	1.6117e-06	1.1755e-36	1.1755e-36	2.1266e-19	0.00e+00	0.00e+00	1.4403e+02
7.41122e+17	8.0514e+03	3.033e-18	1.6681e+03	4.3557e+02	1.2611e-10	7.9016e-01	2.0984e-01	4.0993e-01	5.8786e-01	2.2112e-03	1.0390e-12	1.6673e-04	9.1688e-01	8.2929e-02	2.4620e-05	8.2427e-01	1.7550e-01	2.2685e-04	1.5250e-06	1.1755e-36	1.1755e-36	2.1019e-19	0.00e+00	0.00e+00	1.4625e+02
7.41382e+17	7.9617e+03	2.843e-18	1.6681e+03	4.1876e+02	1.3611e-10	7.9881e-01	2.0119e-01	4.2434e-01	5.7343e-01	2.2340e-03	1.0536e-12	1.6140e-04	9.2015e-01	7.9667e-02	2.4027e-05	8.3189e-01	1.6791e-01	2.0404e-04	1.4444e-06	1.1755e-36	1.1755e-36	2.0694e-19	0.00e+00	0.00e+00	1.4838e+02
7.41631e+17	7.8715e+03	2.670e-18	1.6681e+03	4.0353e+02	1.4674e-10	8.0674e-01	1.9326e-01	4.3882e-01	5.5893e-01	2.2490e-03	1.0671e-12	1.5657e-04	9.2318e-01	7.6642e-02	2.3515e-05	8.3884e-01	1.6097e-01	1.8495e-04	1.3724e-06	1.1755e-36	1.1755e-36	2.0363e-19	0.00e+00	0.00e+00	1.5046e+02
7.41879e+17	7.7844e+03	2.505e-18	1.6681e+03	3.8867e+02	1.5792e-10	8.1425e-01	1.8575e-01	4.5349e-01	5.4425e-01	2.2630e-03	1.0794e-12	1.5179e-04	9.2602e-01	7.3806e-02	2.3056e-05	8.4540e-01	1.5443e-01	1.6825e-04	1.3056e-06	1.1755e-36	1.1755e-36	1.9979e-19	0.00e+00	0.00e+00	1.5261e+02
7.42136e+17	7.6784e+03	2.344e-18	1.6681e+03	3.7360e+02	1.7221e-10	8.2225e-01	1.7775e-01	4.6920e-01	5.2852e-01	2.2721e-03	1.0930e-12	1.4692e-04	9.2884e-01	7.0984e-02	2.2620e-05	8.5238e-01	1.4747e-01	1.5283e-04	1.2361e-06	1.1755e-36	1.1755e-36	1.9582e-19	0.00e+00	0.00e+00	1.5489e+02
7.42393e+17	7.5759e+03	2.192e-18	1.6681e+03	3.5844e+02	1.8753e-10	8.2994e-01	1.7006e-01	4.8461e-01	5.1310e-01	2.2861e-03	1.1043e-12	1.4187e-04	9.3137e-01	6.8469e-02	2.2233e-05	8.5905e-01	1.4081e-01	1.3941e-04	1.1706e-06	1.1755e-36	1.1755e-36	1.9090e-19	0.00e+00	0.00e+00	1.5708e+02
7.42636e+17	7.4731e+03	2.056e-18	1.6681e+03	3.4490e+02	2.0408e-10	8.3685e-01	1.6315e-01	4.9981e-01	4.9790e-01	2.2912e-03	1.1148e-12	1.3735e-04	9.3365e-01	6.6188e-02	2.1906e-05	8.6503e-01	1.3484e-01	1.2839e-04	1.1130e-06	1.1755e-36	1.1755e-36	1.8619e-19	0.00e+00	0.00e+00	1.5917e+02
7.42876e+17	7.3650e+03	1.929e-18	1.6681e+03	3.3198e+02	2.2293e-10	8.4327e-01	1.5673e-01	5.1513e-01	4.8258e-01	2.2912e-03	1.1242e-12	1.3302e-04	9.3579e-01	6.4052e-02	2.1619e-05	8.7059e-01	1.2929e-01	1.1897e-04	1.0604e-06	1.1755e-36	1.1755e-36	1.8119e-19	0.00e+00	0.00e+00	1.6131e+02
7.43120e+17	7.2522e+03	1.806e-18	1.6681e+03	3.1892e+02	2.4479e-10	8.4981e-01	1.5019e-01	5.3084e-01	4.6687e-01	2.2905e-03	1.1337e-12	1.2858e-04	9.3781e-01	6.2036e-02	2.1352e-05	8.7622e-01	1.2367e-01	1.1042e-04	1.0079e-06	1.1755e-36	1.1755e-36	1.7596e-19	0.00e+00	0.00e+00	1.6353e+02
7.43366e+17	7.1314e+03	1.690e-18	1.6681e+03	3.0585e+02	2.7062e-10	8.5619e-01	1.4381e-01	5.4643e-01	4.5127e-01	2.2903e-03	1.1418e-12	1.2409e-04	9.3964e-01	6.0217e-02	2.1114e-05	8.8170e-01	1.1819e-01	1.0295e-04	9.5738e-07	1.1755e-36	1.1755e-36	1.7010e-19	0.00e+00	0.00e+00	1.6572e+02
7.43601e+17	7.0165e+03	1.586e-18	1.6681e+03	2.9404e+02	2.9830e-10	8.6199e-01	1.3801e-01	5.6154e-01	4.3618e-01	2.2844e-03	1.1499e-12	1.1998e-04	9.4125e-01	5.8611e-02	2.0911e-05	8.8666e-01	1.1324e-01	9.6764e-05	9.1233e-07	1.1755e-36	1.1755e-36	1.6490e-19	0.00e+00	0.00e+00	1.6778e+02
7.43827e+17	6.8989e+03	1.492e-18	1.6681e+03	2.8320e+02	3.2973e-10	8.6724e-01	1.3276e-01	5.7652e-01	4.2121e-01	2.2708e-03	1.1576e-12	1.1622e-04	9.4273e-01	5.7130e-02	2.0739e-05	8.9116e-01	1.0875e-01	9.1594e-05	8.7207e-07	1.1755e-36	1.1755e-36	1.5999e-19	0.00e+00	0.00e+00	1.6985e+02
7.44058e+17	6.7756e+03	1.401e-18	1.6681e+03	2.7229e+02	3.6707e-10	8.7250e-01	1.2750e-01	5.9180e-01	4.0595e-01	2.2554e-03	1.1657e-12	1.1239e-04	9.4413e-01	5.5739e-02	2.0581e-05	8.9565e-01	1.0427e-01	8.6935e-05	8.3234e-07	1.1755e-36	1.1755e-36	1.5507e-19	0.00e+00	0.00e+00	1.7202e+02
7.44294e+17	6.6558e+03	1.312e-18	1.6681e+03	2.6114e+02	4.0885e-10	8.7765e-01	1.2235e-01	6.0678e-01	3.9097e-01	2.2449e-03	1.1734e-12	1.0835e-04	9.4534e-01	5.4526e-02	2.0434e-05	9.0003e-01	9.9884e-02	8.2761e-05	7.9383e-07	1.1755e-36	1.1755e-36	1.4999e-19	0.00e+00	0.00e+00	1.7419e+02
7.44522e+17	6.5337e+03	1.233e-18	1.6681e+03	2.5092e+02	4.5696e-10	8.8248e-01	1.1752e-01	6.2136e-01	3.7641e-01	2.2284e-03	1.1816e-12	1.0466e-04	9.4641e-01	5.3467e-02	2.0311e-05	9.0413e-01	9.5785e-02	7.9283e-05	7.5825e-07	1.1755e-36	1.1755e-36	1.4553e-19	0.00e+00	0.00e+00	1.7625e+02
7.44741e+17	6.4069e+03	1.162e-18	1.6681e+03	2.4180e+02	5.1371e-10	8.8688e-01	1.1312e-01	6.3583e-01	3.6197e-01	2.2005e-03	1.1912e-12	1.0142e-04	9.4739e-01	5.2484e-02	2.0210e-05	9.0787e-01	9.2052e-02	7.6437e-05	7.2626e-07	1.1755e-36	1.1755e-36	1.4208e-19	0.00e+00	0.00e+00	1.7827e+02
7.44965e+17	6.2741e+03	1.094e-18	1.6681e+03	2.3258e+02	5.8238e-10	8.9116e-01	1.0884e-01	6.5045e-01	3.4738e-01	2.1711e-03	1.2011e-12	9.8085e-05	9.4830e-01	5.1580e-02	2.0120e-05	9.1150e-01	8.8426e-02	7.3925e-05	6.9549e-07	1.1755e-36	1.1755e-36	1.3871e-19	0.00e+00	0.00e+00	1.8043e+02
7.45196e+17	6.1383e+03	1.027e-18	1.6681e+03	2.2317e+02	6.6482e-10	8.9556e-01	1.0444e-01	6.6503e-01	3.3283e-01	2.1429e-03	1.2127e-12	9.4635e-05	9.4908e-01	5.0806e-02	2.0037e-05	9.1522e-01	8.4707e-02	7.1647e-05	6.6413e-07	1.1755e-36	1.1755e-36	1.3580e-19	0.00e+00	0.00e+00	1.8262e+02
7.45422e+17	6.0034e+03	9.661e-19	1.6681e+03	2.1437e+02	7.6083e-10	8.9964e-01	1.0036e-01	6.7904e-01	3.1884e-01	2.1118e-03	1.2257e-12	9.1392e-05	9.4971e-01	5.0173e-02	1.9968e-05	9.1866e-01	8.1270e-02	6.9777e-05	6.3543e-07	1.1755e-36	1.1755e-36	1.3376e-19	0.00e+00	0.00e+00	1.8471e+02
7.45640e+17	5.8690e+03	9.119e-19	1.6681e+03	2.0643e+02	8.7289e-10	9.0323e-01	9.6766e-02	6.9266e-01	3.0526e-01	2.0737e-03	1.2403e-12	8.8472e-05	9.5026e-01	4.9628e-02	1.9918e-05	9.2170e-01	7.8234e-02	6.8307e-05	6.1036e-07	1.1755e-36	1.1755e-36	1.3286e-19	0.00e+00	0.00e+00	1.8675e+02
7.45858e+17	5.7302e+03	8.606e-19	1.6681e+03	1.9872e+02	1.0096e-09	9.0669e-01	9.3310e-02	7.0628e-01	2.9169e-01	2.0312e-03	1.2579e-12	8.5636e-05	9.5075e-01	4.9147e-02	1.9877e-05	9.2461e-01	7.5319e-02	6.7074e-05	5.8648e-07	1.1755e-36	1.1755e-36	1.3315e-19	0.00e+00	0.00e+00	1.8888e+02
7.46085e+17	5.5862e+03	8.107e-19	1.6681e+03	1.9091e+02	1.1791e-09	9.1021e-01	8.9794e-02	7.1990e-01	2.7811e-01	1.9876e-03	1.2799e-12	8.2739e-05	9.5113e-01	4.8768e-02	1.9842e-05	9.2758e-01	7.2358e-02	6.6002e-05	5.6237e-07	1.1755e-36	1.1755e-36	1.3487e-19	0.00e+00	0.00e+00	1.9109e+02
7.46313e+17	5.4411e+03	7.643e-19	1.6681e+03	1.8339e+02	1.3837e-09	9.1359e-01	8.6412e-02	7.3312e-01	2.6494e-01	1.9426e-03	1.3064e-12	7.9930e-05	9.5139e-01	4.8511e-02	1.9817e-05	9.3042e-01	6.9514e-02	6.5137e-05	5.3937e-07	1.1755e-36	1.1755e-36	1.3842e-19	0.00e+00	0.00e+00	1.9325e+02
7.46535e+17	5.2968e+03	7.225e-19	1.6681e+03	1.7648e+02	1.6271e-09	9.1664e-01	8.3360e-02	7.4583e-01	2.5227e-01	1.8932e-03	1.3379e-12	7.7364e-05	9.5156e-01	4.8340e-02	1.9803e-05	9.3299e-01	6.6945e-02	6.4509e-05	5.1879e-07	1.1755e-36	1.1755e-36	1.4433e-19	0.00e+00	0.00e+00	1.9537e+02
7.46756e+17	5.1500e+03	6.836e-19	1.6681e+03	1.6994e+02	1.9230e-09	9.1949e-01	8.0508e-02	7.5832e-01	2.3984e-01	1.8395e-03	1.3766e-12	7.4950e-05	9.5167e-01	4.8233e-02	1.9800e-05	9.3539e-01	6.4544e-02	6.4063e-05	4.9972e-07	1.1755e-36	1.1755e-36	1.5327e-19	0.00e+00	0.00e+00	1.9754e+02
7.46985e+17	4.9942e+03	6.462e-19	1.6681e+03	1.6338e+02	2.2977e-09	9.2235e-01	7.7651e-02	7.7075e-01	2.2747e-01	1.7829e-03	1.4255e-12	7.2543e-05	9.5170e-01	4.8206e-02	1.9805e-05	9.3780e-01	6.2139e-02	6.3768e-05	4.8074e-07	1.1755e-36	1.1755e-36	1.6631e-19	0.00e+00	0.00e+00	1.9980e+02
7.47213e+17	4.8441e+03	6.118e-19	1.6681e+03	1.5717e+02	2.7077e-09	9.2507e-01	7.4933e-02	7.8252e-01	2.1575e-01	1.7273e-03	1.4635e-12	7.0297e-05	9.5214e-01	4.7766e-02	1.9812e-05	9.4008e-01	5.9854e-02	6.3585e-05	4.6280e-07	1.1755e-36	1.1755e-36	1.7529e-19	0.00e+00	0.00e+00	2.0198e+02
7.47434e+17	4.6946e+03	5.814e-19	1.6681e+03	1.5158e+02	3.1759e-09	9.2747e-01	7.2533e-02	7.9366e-01	2.0467e-01	1.6684e-03	1.5018e-12	6.8322e-05	9.5257e-01	4.7339e-02	1.9830e-05	9.4211e-01	5.7830e-02	6.3572e-05	4.4708e-07	1.1755e-36	1.1755e-36	1.8544e-19	0.00e+00	0.00e+00	2.0410e+02
7.47644e+17	4.5523e+03	5.546e-19	1.6681e+03	1.4656e+02	3.6734e-09	9.2959e-01	7.0405e-02	8.0391e-01	1.9448e-01	1.6104e-03	1.5376e-12	6.6578e-05	9.5295e-01	4.6960e-02	1.9855e-05	9.4390e-01	5.6033e-02	6.3666e-05	4.3323e-07	1.1755e-36	1.1755e-36	1.9558e-19	0.00e+00	0.00e+00	2.0610e+02
7.47844e+17	4.4133e+03	5.310e-19	1.6681e+03	1.4205e+02	4.1974e-09	9.3150e-01	6.8504e-02	8.1342e-01	1.8503e-01	1.5521e-03	1.5700e-12	6.5066e-05	9.5332e-01	4.6592e-02	1.9887e-05	9.4551e-01	5.4423e-02	6.3867e-05	4.2095e-07	1.1755e-36	1.1755e-36	2.0514e-19	0.00e+00	0.00e+00	2.0802e+02
7.48036e+17	4.2860e+03	5.100e-19	1.6681e+03	1.3797e+02	4.6942e-09	9.3318e-01	6.6823e-02	8.2207e-01	1.7643e-01	1.4976e-03	1.5964e-12	6.3711e-05	9.5364e-01	4.6273e-02	1.9921e-05	9.4694e-01	5.2997e-02	6.4101e-05	4.1012e-07	1.1755e-36	1.1755e-36	2.1250e-19	0.00e+00	0.00e+00	2.0986e+02
7.48223e+17	4.1620e+03	4.907e-19	1.6681e+03	1.3417e+02	5.1733e-09	9.3475e-01	6.5253e-02	8.3030e-01	1.6826e-01	1.4433e-03	1.6171e-12	6.2490e-05	9.5397e-01	4.5951e-02	1.9958e-05	9.4827e-01	5.1664e-02	6.4384e-05	4.0005e-07	1.1755e-36	1.1755e-36	2.1750e-19	0.00e+00	0.00e+00	2.1171e+02
7.48412e+17	4.0451e+03	4.723e-19	1.6681e+03	1.3040e+02	5.5974e-09	9.3622e-01	6.3784e-02	8.3798e-01	1.6062e-01	1.3940e-03	1.6309e-12	6.1255e-05	9.5423e-01	4.5687e-02	1.9995e-05	9.4952e-01	5.0416e-02	6.4679e-05	3.9066e-07	1.1755e-36	1.1755e-36	2.1900e-19	0.00e+00	0.00e+00	2.1359e+02
7.48606e+17	3.9228e+03	4.548e-19	1.6681e+03	1.2687e+02	5.9952e-09	9.3780e-01	6.2195e-02	8.4572e-01	1.5294e-01	1.3396e-03	1.6386e-12	6.0202e-05	9.5454e-01	4.5378e-02	2.0036e-05	9.5086e-01	4.9070e-02	6.5028e-05	3.8053e-07	1.1755e-36	1.1755e-36	2.1757e-19	0.00e+00	0.00e+00	2.1553e+02
###########################
4.57986e+13	1.3001e+04	2.003e-17	1.6681e+03	1.9470e+03	1.5583e-17	7.1908e-04	9.9928e-01	5.4021e-05	7.0345e-02	9.2960e-01	8.0418e-24	6.6444e-07	3.0082e-03	2.0820e-01	4.2107e-01	3.7119e-07	8.0263e-04	1.1822e-01	6.8842e-01	1.8141e-01	1.0830e-02	5.4152e-31	0.00e+00	0.00e+00	6.9355e-04
2.74791e+14	1.2980e+04	2.000e-17	1.6681e+03	1.9465e+03	1.4755e-17	7.1804e-04	9.9928e-01	5.3994e-05	7.0363e-02	9.2958e-01	7.5297e-24	5.9443e-07	3.0041e-03	2.0812e-01	4.2182e-01	3.7001e-07	8.0157e-04	1.1855e-01	6.8848e-01	1.8106e-01	1.0795e-02	4.7700e-31	0.00e+00	0.00e+00	3.4638e-03
1.19076e+15	1.2947e+04	1.993e-17	1.6681e+03	1.9463e+03	1.4884e-17	7.1544e-04	9.9928e-01	5.4038e-05	7.0574e-02	9.2937e-01	7.5351e-24	6.0193e-07	3.0113e-03	2.0933e-01	4.2335e-01	3.6770e-07	7.9983e-04	1.1984e-01	6.8858e-01	1.7980e-01	1.0672e-02	4.7916e-31	0.00e+00	0.00e+00	1.4504e-02
4.85465e+15	1.2846e+04	1.975e-17	1.6681e+03	1.9461e+03	1.4811e-17	7.0908e-04	9.9929e-01	5.4607e-05	7.2015e-02	9.2793e-01	7.3713e-24	6.1231e-07	3.0515e-03	2.1472e-01	4.2798e-01	3.6264e-07	7.9774e-04	1.2511e-01	6.8853e-01	1.7500e-01	1.0269e-02	4.5456e-31	0.00e+00	0.00e+00	5.8275e-02
1.15962e+16	1.2509e+04	1.910e-17	1.6681e+03	1.9461e+03	1.4410e-17	6.7725e-04	9.9932e-01	5.3669e-05	7.2219e-02	9.2773e-01	6.2669e-24	5.7811e-07	3.0469e-03	2.2020e-01	4.3704e-01	3.3120e-07	7.6720e-04	1.3274e-01	6.8960e-01	1.6688e-01	9.7365e-03	3.6533e-31	0.00e+00	0.00e+00	1.1262e-01
1.96500e+16	1.2211e+04	1.857e-17	1.6681e+03	1.9459e+03	1.4016e-17	6.4802e-04	9.9935e-01	5.3622e-05	7.3791e-02	9.2616e-01	5.4674e-24	5.5929e-07	3.0711e-03	2.2822e-01	4.4534e-01	3.0812e-07	7.5027e-04	1.4202e-01	6.8962e-01	1.5820e-01	9.1541e-03	3.0074e-31	0.00e+00	0.00e+00	1.7053e-01
2.91064e+16	1.1980e+04	1.821e-17	1.6681e+03	1.9454e+03	1.3696e-17	6.2554e-04	9.9937e-01	5.5222e-05	7.7613e-02	9.2233e-01	5.1079e-24	5.6295e-07	3.1541e-03	2.4033e-01	4.5288e-01	2.9966e-07	7.5932e-04	1.5464e-01	6.8744e-01	1.4845e-01	8.4701e-03	2.6369e-31	0.00e+00	0.00e+00	2.3921e-01
4.10963e+16	1.1783e+04	1.795e-17	1.6681e+03	1.9443e+03	1.3909e-17	6.0597e-04	9.9939e-01	5.9064e-05	8.4767e-02	9.1517e-01	5.2796e-24	5.8853e-07	3.3127e-03	2.5856e-01	4.6014e-01	3.0464e-07	7.9946e-04	1.7361e-01	6.8148e-01	1.3628e-01	7.6128e-03	2.6259e-31	0.00e+00	0.00e+00	3.2569e-01
5.66830e+16	1.1622e+04	1.777e-17	1.6681e+03	1.9424e+03	1.3463e-17	5.8790e-04	9.9941e-01	6.6899e-05	9.7985e-02	9.0195e-01	5.6602e-24	6.4379e-07	3.5829e-03	2.8599e-01	4.6630e-01	3.2891e-07	8.9062e-04	2.0415e-01	6.6780e-01	1.2045e-01	6.5253e-03	2.5390e-31	0.00e+00	0.00e+00	4.3476e-01
7.28201e+16	1.1493e+04	1.773e-17	1.6681e+03	1.9406e+03	1.2389e-17	5.6420e-04	9.9944e-01	7.8661e-05	1.1794e-01	8.8198e-01	5.8966e-24	7.0743e-07	3.8864e-03	3.1807e-01	4.6862e-01	3.5950e-07	1.0154e-03	2.4483e-01	6.4465e-01	1.0388e-01	5.4679e-03	2.3228e-31	0.00e+00	0.00e+00	5.2183e-01
8.54755e+16	1.1521e+04	1.780e-17	1.6681e+03	1.9364e+03	1.1520e-17	5.4695e-04	9.9945e-01	9.1985e-05	1.4141e-01	8.5850e-01	6.3306e-24	7.6104e-07	4.1281e-03	3.4601e-01	4.6766e-01	3.9469e-07	1.1486e-03	2.8736e-01	6.1638e-01	9.0330e-02	4.6461e-03	2.3374e-31	0.00e+00	0.00e+00	5.8320e-01
9.51357e+16	1.1551e+04	1.796e-17	1.6681e+03	1.9330e+03	1.0951e-17	5.3990e-04	9.9946e-01	1.0820e-04	1.6710e-01	8.3279e-01	7.2048e-24	8.2833e-07	4.4043e-03	3.7037e-01	4.6507e-01	4.5025e-07	1.3206e-03	3.2938e-01	5.8623e-01	7.8981e-02	3.9782e-03	2.4762e-31	0.00e+00	0.00e+00	6.3245e-01
1.03310e+17	1.1604e+04	1.814e-17	1.6681e+03	1.9285e+03	1.0566e-17	5.3620e-04	9.9946e-01	1.2655e-04	1.9580e-01	8.0407e-01	8.2934e-24	8.9453e-07	4.6621e-03	3.9195e-01	4.6197e-01	5.1404e-07	1.5092e-03	3.7237e-01	5.5373e-01	6.8894e-02	3.4047e-03	2.7086e-31	0.00e+00	0.00e+00	6.7585e-01
1.10673e+17	1.1653e+04	1.833e-17	1.6681e+03	1.9241e+03	1.0307e-17	5.3530e-04	9.9946e-01	1.4863e-04	2.2925e-01	7.7060e-01	9.6624e-24	9.6402e-07	4.9258e-03	4.1210e-01	4.5846e-01	5.9155e-07	1.7281e-03	4.1804e-01	5.1786e-01	5.9413e-02	2.8830e-03	3.0153e-31	0.00e+00	0.00e+00	7.1553e-01
1.17350e+17	1.1708e+04	1.851e-17	1.6681e+03	1.9188e+03	1.0056e-17	5.3505e-04	9.9946e-01	1.7432e-04	2.6751e-01	7.3232e-01	1.1182e-23	1.0315e-06	5.1775e-03	4.3033e-01	4.5498e-01	6.7943e-07	1.9719e-03	4.6541e-01	4.7945e-01	5.0678e-02	2.4189e-03	3.3514e-31	0.00e+00	0.00e+00	7.5111e-01
1.23372e+17	1.1732e+04	1.868e-17	1.6681e+03	1.9122e+03	1.0071e-17	5.3766e-04	9.9946e-01	2.0297e-04	3.1016e-01	6.8964e-01	1.2937e-23	1.0978e-06	5.4108e-03	4.4691e-01	4.5151e-01	7.7412e-07	2.2231e-03	5.1325e-01	4.3971e-01	4.2752e-02	2.0107e-03	3.7867e-31	0.00e+00	0.00e+00	7.8353e-01
1.29006e+17	1.1744e+04	1.880e-17	1.6681e+03	1.9054e+03	1.0141e-17	5.4151e-04	9.9946e-01	2.3545e-04	3.5783e-01	6.4194e-01	1.4872e-23	1.1629e-06	5.6368e-03	4.6206e-01	4.4822e-01	8.7907e-07	2.4933e-03	5.6171e-01	3.9861e-01	3.5494e-02	1.6469e-03	4.2604e-31	0.00e+00	0.00e+00	8.1513e-01
1.34504e+17	1.1742e+04	1.884e-17	1.6681e+03	1.8983e+03	1.0340e-17	5.4760e-04	9.9945e-01	2.7386e-04	4.1172e-01	5.8801e-01	1.7346e-23	1.2348e-06	5.8811e-03	4.7626e-01	4.4497e-01	1.0073e-06	2.8075e-03	6.1126e-01	3.5578e-01	2.8796e-02	1.3195e-03	4.8804e-31	0.00e+00	0.00e+00	8.4658e-01
1.39794e+17	1.1711e+04	1.880e-17	1.6681e+03	1.8901e+03	1.0669e-17	5.5489e-04	9.9945e-01	3.1550e-04	4.6974e-01	5.2994e-01	1.9929e-23	1.3024e-06	6.1050e-03	4.8911e-01	4.4187e-01	1.1406e-06	3.1221e-03	6.5940e-01	3.1347e-01	2.2939e-02	1.0409e-03	5.5394e-31	0.00e+00	0.00e+00	8.7654e-01
1.44887e+17	1.1646e+04	1.865e-17	1.6681e+03	1.8808e+03	1.1157e-17	5.6374e-04	9.9944e-01	3.5889e-04	5.2945e-01	4.7019e-01	2.2632e-23	1.3668e-06	6.3139e-03	5.0068e-01	4.3889e-01	1.2778e-06	3.4303e-03	7.0454e-01	2.7321e-01	1.7983e-02	8.1073e-04	6.2334e-31	0.00e+00	0.00e+00	9.0657e-01
1.50704e+17	1.1527e+04	1.831e-17	1.6681e+03	1.8710e+03	1.2102e-17	5.7831e-04	9.9942e-01	4.1283e-04	5.9882e-01	4.0076e-01	2.6763e-23	1.4530e-06	6.5842e-03	5.1331e-01	4.3505e-01	1.4633e-06	3.8132e-03	7.5284e-01	2.2951e-01	1.3226e-02	5.9372e-04	7.3249e-31	0.00e+00	0.00e+00	9.4661e-01
1.57038e+17	1.1364e+04	1.782e-17	1.6681e+03	1.8607e+03	1.3344e-17	5.9463e-04	9.9941e-01	4.6985e-04	6.7029e-01	3.2924e-01	3.1225e-23	1.5389e-06	6.8487e-03	5.2536e-01	4.3077e-01	1.6583e-06	4.1918e-03	7.9818e-01	1.8785e-01	9.3487e-03	4.2093e-04	8.5153e-31	0.00e+00	0.00e+00	9.8476e-01
1.63005e+17	1.1180e+04	1.725e-17	1.6681e+03	1.8518e+03	1.4821e-17	6.1221e-04	9.9939e-01	5.2070e-04	7.3024e-01	2.6924e-01	3.5839e-23	1.6224e-06	7.0986e-03	5.3570e-01	4.2636e-01	1.8468e-06	4.5269e-03	8.3395e-01	1.5453e-01	6.6850e-03	3.0381e-04	9.7146e-31	0.00e+00	0.00e+00	1.0224e+00
1.69724e+17	1.0955e+04	1.656e-17	1.6681e+03	1.8437e+03	1.7000e-17	6.3506e-04	9.9936e-01	5.7338e-04	7.8666e-01	2.1276e-01	4.2128e-23	1.7243e-06	7.3913e-03	5.4647e-01	4.2083e-01	2.0681e-06	4.8802e-03	8.6641e-01	1.2390e-01	4.5963e-03	2.1231e-04	1.1385e-30	0.00e+00	0.00e+00	1.0732e+00
1.78457e+17	1.0679e+04	1.573e-17	1.6681e+03	1.8357e+03	2.0218e-17	6.6519e-04	9.9933e-01	6.3050e-04	8.4196e-01	1.5741e-01	5.0714e-23	1.8530e-06	7.7459e-03	5.5853e-01	4.1356e-01	2.3409e-06	5.2676e-03	8.9735e-01	9.4294e-02	2.9438e-03	1.3937e-04	1.3651e-30	0.00e+00	0.00e+00	1.1424e+00
1.87740e+17	1.0436e+04	1.500e-17	1.6681e+03	1.8297e+03	2.3651e-17	6.9433e-04	9.9931e-01	6.7626e-04	8.8242e-01	1.1690e-01	5.8967e-23	1.9711e-06	8.0590e-03	5.6883e-01	4.0654e-01	2.5909e-06	5.5825e-03	9.1967e-01	7.2664e-02	1.9841e-03	9.5767e-05	1.5810e-30	0.00e+00	0.00e+00	1.2059e+00
1.97678e+17	1.0220e+04	1.436e-17	1.6681e+03	1.8251e+03	2.7715e-17	7.2739e-04	9.9927e-01	7.1673e-04	9.1249e-01	8.6793e-02	6.9113e-23	2.1027e-06	8.3870e-03	5.7844e-01	3.9929e-01	2.8633e-06	5.8799e-03	9.3654e-01	5.6111e-02	1.3988e-03	6.7460e-05	1.8493e-30	0.00e+00	0.00e+00	1.2916e+00
2.10538e+17	1.0016e+04	1.377e-17	1.6681e+03	1.8213e+03	3.3013e-17	7.6905e-04	9.9923e-01	7.5680e-04	9.3761e-01	6.1636e-02	8.2619e-23	2.2617e-06	8.7594e-03	5.8857e-01	3.9104e-01	3.1957e-06	6.1899e-03	9.5092e-01	4.1837e-02	1.0063e-03	4.6512e-05	2.2185e-30	0.00e+00	0.00e+00	1.4093e+00
2.27256e+17	9.8473e+03	1.328e-17	1.6681e+03	1.8185e+03	3.9690e-17	8.2279e-04	9.9918e-01	7.9616e-04	9.5717e-01	4.2037e-02	1.0099e-22	2.4554e-06	9.1786e-03	5.9908e-01	3.8194e-01	3.6142e-06	6.5115e-03	9.6247e-01	3.0215e-02	7.6659e-04	3.1580e-05	2.7438e-30	0.00e+00	0.00e+00	1.5731e+00
2.48541e+17	9.7273e+03	1.296e-17	1.6681e+03	1.8164e+03	4.8188e-17	8.9422e-04	9.9911e-01	8.3479e-04	9.7119e-01	2.7978e-02	1.2705e-22	2.6957e-06	9.6560e-03	6.0999e-01	3.7196e-01	4.1655e-06	6.8524e-03	9.7106e-01	2.1430e-02	6.3323e-04	2.1357e-05	3.5295e-30	0.00e+00	0.00e+00	1.7959e+00
2.73395e+17	9.7084e+03	1.283e-17	1.6681e+03	1.8148e+03	5.7745e-17	9.8326e-04	9.9902e-01	8.7028e-04	9.8013e-01	1.8998e-02	1.6276e-22	2.9671e-06	1.0140e-02	6.1996e-01	3.6250e-01	4.8637e-06	7.1942e-03	9.7673e-01	1.5488e-02	5.6674e-04	1.4861e-05	4.7269e-30	0.00e+00	0.00e+00	2.0655e+00
3.00735e+17	9.7507e+03	1.291e-17	1.6681e+03	1.8138e+03	6.9736e-17	1.0980e-03	9.9890e-01	9.0695e-04	9.8574e-01	1.3357e-02	2.1677e-22	3.2951e-06	1.0686e-02	6.2998e-01	3.5268e-01	5.8055e-06	7.5761e-03	9.8035e-01	1.1527e-02	5.3218e-04	1.0662e-05	6.6883e-30	0.00e+00	0.00e+00	2.3967e+00
3.30808e+17	9.8601e+03	1.316e-17	1.6681e+03	1.8130e+03	8.5884e-17	1.2502e-03	9.9875e-01	9.4886e-04	9.8938e-01	9.6713e-03	3.0646e-22	3.7025e-06	1.1330e-02	6.4054e-01	3.4207e-01	7.1524e-06	8.0372e-03	9.8267e-01	8.7694e-03	5.1256e-04	7.7874e-06	1.0286e-29	0.00e+00	0.00e+00	2.8114e+00
3.63889e+17	1.0032e+04	1.360e-17	1.6681e+03	1.8123e+03	1.0914e-16	1.4603e-03	9.9854e-01	9.9947e-04	9.9182e-01	7.1767e-03	4.6971e-22	4.2334e-06	1.2145e-02	6.5258e-01	3.2976e-01	9.2224e-06	8.6466e-03	9.8407e-01	6.7702e-03	5.0032e-04	5.7245e-06	1.7511e-29	0.00e+00	0.00e+00	3.3444e+00
3.96684e+17	1.0256e+04	1.420e-17	1.6681e+03	1.8116e+03	1.3986e-16	1.7327e-03	9.9827e-01	1.0553e-03	9.9333e-01	5.6133e-03	7.5422e-22	4.8690e-06	1.3103e-02	6.6537e-01	3.1648e-01	1.2294e-05	9.4283e-03	9.8464e-01	5.4246e-03	4.9326e-04	4.3334e-06	3.1432e-29	0.00e+00	0.00e+00	3.9087e+00
4.24590e+17	1.0480e+04	1.483e-17	1.6681e+03	1.8110e+03	1.8518e-16	2.0360e-03	9.9796e-01	1.1156e-03	9.9418e-01	4.7009e-03	1.2556e-21	5.5407e-06	1.4119e-02	6.7777e-01	3.0345e-01	1.6285e-05	1.0317e-02	9.8461e-01	4.5667e-03	4.8921e-04	3.4453e-06	6.0854e-29	0.00e+00	0.00e+00	4.4421e+00
4.47689e+17	1.0677e+04	1.542e-17	1.6681e+03	1.8104e+03	2.3930e-16	2.3509e-03	9.9765e-01	1.1780e-03	9.9470e-01	4.1226e-03	2.0205e-21	6.2259e-06	1.5171e-02	6.8963e-01	2.9087e-01	2.1126e-05	1.1275e-02	9.8425e-01	3.9685e-03	4.8628e-04	2.8378e-06	1.1146e-28	0.00e+00	0.00e+00	4.9699e+00
4.68684e+17	1.0858e+04	1.598e-17	1.6681e+03	1.8097e+03	3.0612e-16	2.6990e-03	9.9730e-01	1.2470e-03	9.9507e-01	3.6860e-03	3.2328e-21	6.9804e-06	1.6341e-02	7.0191e-01	2.7773e-01	2.7362e-05	1.2377e-02	9.8363e-01	3.4805e-03	4.8351e-04	2.3599e-06	1.9945e-28	0.00e+00	0.00e+00	5.5574e+00
4.92456e+17	1.1056e+04	1.663e-17	1.6681e+03	1.8088e+03	4.1070e-16	3.1759e-03	9.9682e-01	1.3417e-03	9.9540e-01	3.2542e-03	5.7436e-21	8.0263e-06	1.7977e-02	7.1772e-01	2.6064e-01	3.7513e-05	1.3956e-02	9.8256e-01	2.9679e-03	4.7977e-04	1.8880e-06	3.9825e-28	0.00e+00	0.00e+00	6.4560e+00
5.11631e+17	1.1243e+04	1.728e-17	1.6681e+03	1.8079e+03	5.3279e-16	3.6889e-03	9.9631e-01	1.4367e-03	9.9557e-01	2.9941e-03	9.6670e-21	9.0673e-06	1.9618e-02	7.3151e-01	2.4551e-01	5.0664e-05	1.5764e-02	9.8106e-01	2.6502e-03	4.7767e-04	1.5794e-06	7.4110e-28	0.00e+00	0.00e+00	6.9019e+00
5.19991e+17	1.1323e+04	1.756e-17	1.6681e+03	1.8074e+03	6.0114e-16	3.9510e-03	9.9605e-01	1.4895e-03	9.9559e-01	2.9211e-03	1.2358e-20	9.6090e-06	2.0479e-02	7.3808e-01	2.3821e-01	5.8373e-05	1.6732e-02	9.8020e-01	2.5291e-03	4.7658e-04	1.4593e-06	9.8737e-28	0.00e+00	0.00e+00	7.1200e+00
5.26019e+17	1.1374e+04	1.775e-17	1.6681e+03	1.8070e+03	6.5725e-16	4.1482e-03	9.9585e-01	1.5286e-03	9.9561e-01	2.8571e-03	1.4820e-20	1.0035e-05	2.1152e-02	7.4319e-01	2.3252e-01	6.4577e-05	1.7464e-02	9.7958e-01	2.4175e-03	4.7537e-04	1.3667e-06	1.2173e-27	0.00e+00	0.00e+00	7.4176e+00
5.33856e+17	1.1439e+04	1.801e-17	1.6681e+03	1.8065e+03	7.3958e-16	4.4225e-03	9.9558e-01	1.5823e-03	9.9565e-01	2.7636e-03	1.8857e-20	1.0627e-05	2.2089e-02	7.4998e-01	2.2493e-01	7.3854e-05	1.8503e-02	9.7867e-01	2.2755e-03	4.7367e-04	1.2523e-06	1.6043e-27	0.00e+00	0.00e+00	7.8302e+00
5.44043e+17	1.1527e+04	1.833e-17	1.6681e+03	1.8060e+03	8.6686e-16	4.8163e-03	9.9518e-01	1.6571e-03	9.9570e-01	2.6409e-03	2.6151e-20	1.1476e-05	2.3428e-02	7.5905e-01	2.1469e-01	8.8530e-05	2.0037e-02	9.7730e-01	2.0981e-03	4.7138e-04	1.1140e-06	2.3345e-27	0.00e+00	0.00e+00	8.4142e+00
5.54522e+17	1.1612e+04	1.871e-17	1.6681e+03	1.8051e+03	1.0279e-15	5.2903e-03	9.9471e-01	1.7478e-03	9.9573e-01	2.5239e-03	3.7255e-20	1.2474e-05	2.5012e-02	7.6870e-01	2.0363e-01	1.0845e-04	2.1964e-02	9.7552e-01	1.9342e-03	4.6880e-04	9.8490e-07	3.4726e-27	0.00e+00	0.00e+00	8.9402e+00
5.62689e+17	1.1674e+04	1.902e-17	1.6681e+03	1.8044e+03	1.1894e-15	5.7154e-03	9.9428e-01	1.8288e-03	9.9572e-01	2.4471e-03	5.0214e-20	1.3368e-05	2.6428e-02	7.7654e-01	1.9451e-01	1.2845e-04	2.3750e-02	9.7384e-01	1.8130e-03	4.6649e-04	8.9097e-07	4.8605e-27	0.00e+00	0.00e+00	9.3550e+00
5.68833e+17	1.1740e+04	1.923e-17	1.6681e+03	1.8037e+03	1.3163e-15	6.0578e-03	9.9394e-01	1.8955e-03	9.9571e-01	2.3983e-03	6.2880e-20	1.4088e-05	2.7572e-02	7.8241e-01	1.8760e-01	1.4632e-04	2.5256e-02	9.7241e-01	1.7254e-03	4.6503e-04	8.2575e-07	6.2375e-27	0.00e+00	0.00e+00	9.6991e+00
5.75036e+17	1.1777e+04	1.947e-17	1.6681e+03	1.8030e+03	1.4818e-15	6.4410e-03	9.9356e-01	1.9700e-03	9.9569e-01	2.3408e-03	8.0102e-20	1.4910e-05	2.8867e-02	7.8877e-01	1.8006e-01	1.6763e-04	2.6931e-02	9.7081e-01	1.6279e-03	4.6268e-04	7.5857e-07	8.1473e-27	0.00e+00	0.00e+00	1.0175e+01
5.82020e+17	1.1819e+04	1.976e-17	1.6681e+03	1.8025e+03	1.7054e-15	6.9161e-03	9.9308e-01	2.0602e-03	9.9567e-01	2.2748e-03	1.0659e-19	1.5917e-05	3.0457e-02	7.9588e-01	1.7147e-01	1.9666e-04	2.9080e-02	9.6874e-01	1.5253e-03	4.5985e-04	6.8842e-07	1.1200e-26	0.00e+00	0.00e+00	1.0681e+01
5.88392e+17	1.1880e+04	2.000e-17	1.6681e+03	1.8014e+03	1.9224e-15	7.3976e-03	9.9260e-01	2.1515e-03	9.9563e-01	2.2218e-03	1.3887e-19	1.6930e-05	3.2050e-02	8.0234e-01	1.6353e-01	2.2940e-04	3.1358e-02	9.6652e-01	1.4365e-03	4.5757e-04	6.2899e-07	1.4927e-26	0.00e+00	0.00e+00	1.1132e+01
5.93768e+17	1.1915e+04	2.023e-17	1.6681e+03	1.8007e+03	2.1557e-15	7.8484e-03	9.9215e-01	2.2374e-03	9.9558e-01	2.1787e-03	1.7634e-19	1.7878e-05	3.3543e-02	8.0789e-01	1.5657e-01	2.6269e-04	3.3530e-02	9.6439e-01	1.3622e-03	4.5511e-04	5.8058e-07	1.9402e-26	0.00e+00	0.00e+00	1.1542e+01
5.98721e+17	1.1946e+04	2.044e-17	1.6681e+03	1.8001e+03	2.4011e-15	8.2947e-03	9.9171e-01	2.3228e-03	9.9554e-01	2.1397e-03	2.2100e-19	1.8823e-05	3.5029e-02	8.1301e-01	1.5005e-01	2.9847e-04	3.5737e-02	9.6222e-01	1.2941e-03	4.5261e-04	5.3799e-07	2.4833e-26	0.00e+00	0.00e+00	1.1974e+01
6.04409e+17	1.1984e+04	2.068e-17	1.6681e+03	1.7992e+03	2.7210e-15	8.8496e-03	9.9115e-01	2.4289e-03	9.9548e-01	2.0928e-03	2.8818e-19	2.0005e-05	3.6876e-02	8.1891e-01	1.4241e-01	3.4681e-04	3.8538e-02	9.5945e-01	1.2146e-03	4.4952e-04	4.9103e-07	3.3120e-26	0.00e+00	0.00e+00	1.2573e+01
6.10466e+17	1.2037e+04	2.094e-17	1.6681e+03	1.7977e+03	3.1062e-15	9.5142e-03	9.9049e-01	2.5553e-03	9.9540e-01	2.0443e-03	3.8620e-19	2.1382e-05	3.9045e-02	8.2501e-01	1.3424e-01	4.1122e-04	4.2043e-02	9.5596e-01	1.1352e-03	4.4626e-04	4.4443e-07	4.5325e-26	0.00e+00	0.00e+00	1.3143e+01
6.15495e+17	1.2062e+04	2.118e-17	1.6681e+03	1.7968e+03	3.5241e-15	1.0142e-02	9.8986e-01	2.6742e-03	9.9532e-01	2.0062e-03	5.0266e-19	2.2685e-05	4.1085e-02	8.3007e-01	1.2723e-01	4.7801e-04	4.5432e-02	9.5258e-01	1.0707e-03	4.4280e-04	4.0704e-07	6.0272e-26	0.00e+00	0.00e+00	1.3610e+01
6.19644e+17	1.2081e+04	2.138e-17	1.6681e+03	1.7960e+03	3.9172e-15	1.0697e-02	9.8930e-01	2.7808e-03	9.9524e-01	1.9771e-03	6.2782e-19	2.3850e-05	4.2905e-02	8.3413e-01	1.2142e-01	5.4248e-04	4.8521e-02	9.4948e-01	1.0184e-03	4.3970e-04	3.7793e-07	7.6583e-26	0.00e+00	0.00e+00	1.4052e+01
6.24158e+17	1.2106e+04	2.159e-17	1.6681e+03	1.7950e+03	4.3931e-15	1.1341e-02	9.8866e-01	2.9048e-03	9.9515e-01	1.9439e-03	8.0204e-19	2.5212e-05	4.5023e-02	8.3847e-01	1.1504e-01	6.2346e-04	5.2176e-02	9.4580e-01	9.6054e-04	4.3613e-04	3.4762e-07	9.9511e-26	0.00e+00	0.00e+00	1.4661e+01
6.29183e+17	1.2142e+04	2.182e-17	1.6681e+03	1.7932e+03	4.9937e-15	1.2141e-02	9.8786e-01	3.0580e-03	9.9504e-01	1.9066e-03	1.0634e-18	2.6855e-05	4.7604e-02	8.4305e-01	1.0796e-01	7.3443e-04	5.6890e-02	9.4104e-01	8.9887e-04	4.3202e-04	3.1577e-07	1.3414e-25	0.00e+00	0.00e+00	1.5294e+01
6.33670e+17	1.2157e+04	2.206e-17	1.6681e+03	1.7920e+03	5.6861e-15	1.2954e-02	9.8705e-01	3.2127e-03	9.9491e-01	1.8737e-03	1.3962e-18	2.8528e-05	5.0209e-02	8.4697e-01	1.0150e-01	8.5825e-04	6.1795e-02	9.3607e-01	8.4480e-04	4.2749e-04	2.8818e-07	1.7942e-25	0.00e+00	0.00e+00	1.5843e+01
6.37444e+17	1.2169e+04	2.226e-17	1.6681e+03	1.7909e+03	6.3598e-15	1.3691e-02	9.8631e-01	3.3555e-03	9.9480e-01	1.8480e-03	1.7672e-18	3.0064e-05	5.2591e-02	8.5005e-01	9.6103e-02	9.8157e-04	6.6401e-02	9.3139e-01	8.0055e-04	4.2336e-04	2.6635e-07	2.3068e-25	0.00e+00	0.00e+00	1.6351e+01
6.41495e+17	1.2182e+04	2.246e-17	1.6681e+03	1.7896e+03	7.1689e-15	1.4536e-02	9.8546e-01	3.5200e-03	9.9466e-01	1.8194e-03	2.2804e-18	3.1830e-05	5.5332e-02	8.5317e-01	9.0305e-02	1.1349e-03	7.1779e-02	9.2591e-01	7.5282e-04	4.1862e-04	2.4411e-07	3.0205e-25	0.00e+00	0.00e+00	1.7052e+01
6.45949e+17	1.2194e+04	2.270e-17	1.6681e+03	1.7881e+03	8.2505e-15	1.5589e-02	9.8441e-01	3.7230e-03	9.9449e-01	1.7867e-03	3.0698e-18	3.3990e-05	5.8682e-02	8.5625e-01	8.3949e-02	1.3455e-03	7.8692e-02	9.1885e-01	7.0187e-04	4.1276e-04	2.2061e-07	4.1372e-25	0.00e+00	0.00e+00	1.7762e+01
6.49856e+17	1.2205e+04	2.291e-17	1.6681e+03	1.7863e+03	9.3808e-15	1.6625e-02	9.8338e-01	3.9233e-03	9.9432e-01	1.7599e-03	4.0369e-18	3.6093e-05	6.1957e-02	8.5859e-01	7.8390e-02	1.5755e-03	8.5746e-02	9.1161e-01	6.5837e-04	4.0708e-04	2.0101e-07	5.5219e-25	0.00e+00	0.00e+00	1.8372e+01
6.53137e+17	1.2215e+04	2.308e-17	1.6681e+03	1.7842e+03	1.0460e-14	1.7572e-02	9.8243e-01	4.1082e-03	9.9415e-01	1.7386e-03	5.1052e-18	3.7990e-05	6.4951e-02	8.6028e-01	7.3759e-02	1.8054e-03	9.2376e-02	9.0479e-01	6.2252e-04	4.0198e-04	1.8542e-07	7.0534e-25	0.00e+00	0.00e+00	1.8942e+01
6.56678e+17	1.2210e+04	2.326e-17	1.6681e+03	1.7827e+03	1.1860e-14	1.8659e-02	9.8134e-01	4.3260e-03	9.9396e-01	1.7133e-03	6.6244e-18	4.0252e-05	6.8438e-02	8.6180e-01	6.8805e-02	2.0916e-03	1.0010e-01	8.9683e-01	5.8421e-04	3.9574e-04	1.6946e-07	9.2765e-25	0.00e+00	0.00e+00	1.9729e+01
6.60623e+17	1.2206e+04	2.349e-17	1.6681e+03	1.7806e+03	1.3747e-14	2.0044e-02	9.7996e-01	4.5980e-03	9.9372e-01	1.6845e-03	9.0084e-18	4.3050e-05	7.2767e-02	8.6300e-01	6.3333e-02	2.4928e-03	1.1020e-01	8.8638e-01	5.4225e-04	3.8796e-04	1.5225e-07	1.2811e-24	0.00e+00	0.00e+00	2.0549e+01
6.64151e+17	1.2205e+04	2.369e-17	1.6681e+03	1.7783e+03	1.5780e-14	2.1444e-02	9.7856e-01	4.8737e-03	9.9347e-01	1.6599e-03	1.2035e-17	4.5837e-05	7.7107e-02	8.6355e-01	5.8494e-02	2.9435e-03	1.2076e-01	8.7541e-01	5.0555e-04	3.8021e-04	1.3757e-07	1.7351e-24	0.00e+00	0.00e+00	2.1264e+01
6.67129e+17	1.2200e+04	2.385e-17	1.6681e+03	1.7760e+03	1.7793e-14	2.2736e-02	9.7726e-01	5.1323e-03	9.9323e-01	1.6399e-03	1.5480e-17	4.8409e-05	8.1129e-02	8.6358e-01	5.4479e-02	3.4002e-03	1.3075e-01	8.6500e-01	4.7529e-04	3.7307e-04	1.2585e-07	2.2553e-24	0.00e+00	0.00e+00	2.1932e+01
6.70336e+17	1.2191e+04	2.401e-17	1.6681e+03	1.7730e+03	2.0269e-14	2.4223e-02	9.7578e-01	5.4335e-03	9.9295e-01	1.6173e-03	2.0323e-17	5.1347e-05	8.5768e-02	8.6322e-01	5.0249e-02	3.9723e-03	1.4243e-01	8.5279e-01	4.4336e-04	3.6488e-04	1.1404e-07	2.9885e-24	0.00e+00	0.00e+00	2.2857e+01
6.73917e+17	1.2172e+04	2.423e-17	1.6681e+03	1.7698e+03	2.3807e-14	2.6148e-02	9.7385e-01	5.8189e-03	9.9259e-01	1.5904e-03	2.8208e-17	5.5099e-05	9.1619e-02	8.6207e-01	4.5592e-02	4.7862e-03	1.5776e-01	8.3669e-01	4.0797e-04	3.5428e-04	1.1755e-36	4.2076e-24	0.00e+00	0.00e+00	2.3831e+01
6.77152e+17	1.2148e+04	2.442e-17	1.6681e+03	1.7671e+03	2.7867e-14	2.8144e-02	9.7186e-01	6.2231e-03	9.9221e-01	1.5664e-03	3.8727e-17	5.9008e-05	9.7648e-02	8.6023e-01	4.1454e-02	5.7236e-03	1.7401e-01	8.1954e-01	3.7652e-04	3.4328e-04	1.1755e-36	5.8639e-24	0.00e+00	0.00e+00	2.4700e+01
6.79936e+17	1.2129e+04	2.457e-17	1.6681e+03	1.7638e+03	3.1988e-14	3.0046e-02	9.6995e-01	6.6117e-03	9.9184e-01	1.5466e-03	5.1236e-17	6.2663e-05	1.0338e-01	8.5799e-01	3.7992e-02	6.7073e-03	1.8979e-01	8.0282e-01	3.5010e-04	3.3302e-04	1.1755e-36	7.8419e-24	0.00e+00	0.00e+00	2.5534e+01
6.82967e+17	1.2106e+04	2.472e-17	1.6681e+03	1.7603e+03	3.7244e-14	3.2276e-02	9.6772e-01	7.0759e-03	9.9140e-01	1.5244e-03	6.9665e-17	6.6973e-05	1.1012e-01	8.5492e-01	3.4361e-02	7.9694e-03	2.0844e-01	7.8294e-01	3.2238e-04	3.2109e-04	1.1755e-36	1.0785e-23	0.00e+00	0.00e+00	2.6698e+01
6.86385e+17	1.2068e+04	2.492e-17	1.6681e+03	1.7548e+03	4.5021e-14	3.5281e-02	9.6472e-01	7.6842e-03	9.9082e-01	1.4977e-03	1.0118e-16	7.2405e-05	1.1881e-01	8.5028e-01	3.0358e-02	9.8374e-03	2.3340e-01	7.5617e-01	2.9097e-04	3.0562e-04	1.1755e-36	1.5886e-23	0.00e+00	0.00e+00	2.7965e+01
6.89537e+17	1.2023e+04	2.511e-17	1.6681e+03	1.7503e+03	5.4686e-14	3.8562e-02	9.6144e-01	8.3586e-03	9.9017e-01	1.4725e-03	1.4710e-16	7.8447e-05	1.2818e-01	8.4454e-01	2.6768e-02	1.2107e-02	2.6061e-01	7.2673e-01	2.6234e-04	2.8900e-04	1.1755e-36	2.3509e-23	0.00e+00	0.00e+00	2.9140e+01
6.92238e+17	1.2004e+04	2.519e-17	1.6681e+03	1.7426e+03	6.4328e-14	4.1697e-02	9.5830e-01	9.0058e-03	9.8954e-01	1.4532e-03	2.0319e-16	8.3785e-05	1.3703e-01	8.3862e-01	2.3866e-02	1.4524e-02	2.8694e-01	6.9803e-01	2.3892e-04	2.7401e-04	1.1755e-36	3.2823e-23	0.00e+00	0.00e+00	3.0242e+01
6.95123e+17	1.1951e+04	2.532e-17	1.6681e+03	1.7365e+03	7.7897e-14	4.5484e-02	9.5452e-01	9.8039e-03	9.8877e-01	1.4299e-03	2.9089e-16	9.0445e-05	1.4765e-01	8.3100e-01	2.0889e-02	1.7675e-02	3.1743e-01	6.6442e-01	2.1472e-04	2.5629e-04	1.1755e-36	4.7659e-23	0.00e+00	0.00e+00	3.1804e+01
6.98257e+17	1.1895e+04	2.548e-17	1.6681e+03	1.7281e+03	9.8077e-14	5.0559e-02	9.4944e-01	1.0844e-02	9.8775e-01	1.4048e-03	4.4514e-16	9.8773e-05	1.6112e-01	8.2067e-01	1.7788e-02	2.2297e-02	3.5659e-01	6.2070e-01	1.8831e-04	2.3421e-04	1.1755e-36	7.4446e-23	0.00e+00	0.00e+00	3.3405e+01
7.00910e+17	1.1835e+04	2.561e-17	1.6681e+03	1.7200e+03	1.2203e-13	5.5834e-02	9.4417e-01	1.1930e-02	9.8669e-01	1.3832e-03	6.5889e-16	1.0715e-04	1.7471e-01	8.0962e-01	1.5270e-02	2.7541e-02	3.9495e-01	5.7713e-01	1.6614e-04	2.1296e-04	1.1755e-36	1.1246e-22	0.00e+00	0.00e+00	3.4757e+01
7.03038e+17	1.1793e+04	2.562e-17	1.6681e+03	1.7103e+03	1.4563e-13	6.0555e-02	9.3944e-01	1.2928e-02	9.8571e-01	1.3663e-03	9.0420e-16	1.1438e-04	1.8682e-01	7.9940e-01	1.3401e-02	3.2627e-02	4.2782e-01	5.3921e-01	1.4953e-04	1.9539e-04	1.1755e-36	1.5651e-22	0.00e+00	0.00e+00	3.6004e+01
7.04951e+17	1.1725e+04	2.569e-17	1.6681e+03	1.7042e+03	1.7448e-13	6.5545e-02	9.3446e-01	1.3994e-02	9.8466e-01	1.3496e-03	1.2270e-15	1.2223e-04	1.9931e-01	7.8855e-01	1.1779e-02	3.8222e-02	4.5922e-01	5.0225e-01	1.3480e-04	1.7824e-04	1.1755e-36	2.1601e-22	0.00e+00	0.00e+00	3.7296e+01
7.07103e+17	1.1679e+04	2.566e-17	1.6681e+03	1.6930e+03	2.1179e-13	7.1660e-02	9.2834e-01	1.5289e-02	9.8338e-01	1.3340e-03	1.7136e-15	1.3087e-04	2.1413e-01	7.7541e-01	1.0108e-02	4.5487e-02	4.9500e-01	4.5924e-01	1.1952e-04	1.5933e-04	1.1755e-36	3.0675e-22	0.00e+00	0.00e+00	3.9132e+01
7.09384e+17	1.1608e+04	2.566e-17	1.6681e+03	1.6778e+03	2.6963e-13	7.9863e-02	9.2014e-01	1.6969e-02	9.8171e-01	1.3169e-03	2.5343e-15	1.4152e-04	2.3249e-01	7.5875e-01	8.4307e-03	5.5593e-02	5.3616e-01	4.0801e-01	1.0323e-04	1.3749e-04	1.1755e-36	4.6546e-22	0.00e+00	0.00e+00	4.0922e+01
7.11232e+17	1.1538e+04	2.568e-17	1.6681e+03	1.6675e+03	3.3627e-13	8.8151e-02	9.1185e-01	1.8686e-02	9.8001e-01	1.3012e-03	3.5927e-15	1.5211e-04	2.5041e-01	7.4213e-01	7.1355e-03	6.6136e-02	5.7102e-01	3.6263e-01	9.0204e-05	1.1856e-04	1.1755e-36	6.7737e-22	0.00e+00	0.00e+00	4.2377e+01
7.12664e+17	1.1500e+04	2.552e-17	1.6681e+03	1.6531e+03	3.9618e-13	9.4975e-02	9.0502e-01	2.0148e-02	9.7856e-01	1.2947e-03	4.6524e-15	1.6013e-04	2.6508e-01	7.2836e-01	6.2433e-03	7.5182e-02	5.9666e-01	3.2797e-01	8.1266e-05	1.0494e-04	1.1755e-36	8.9168e-22	0.00e+00	0.00e+00	4.3674e+01
7.14156e+17	1.1425e+04	2.540e-17	1.6681e+03	1.6396e+03	4.7783e-13	1.0300e-01	8.9700e-01	2.1884e-02	9.7683e-01	1.2839e-03	6.1289e-15	1.6949e-04	2.8176e-01	7.1256e-01	5.3726e-03	8.5835e-02	6.2121e-01	2.9279e-01	7.2554e-05	9.1260e-05	1.1755e-36	1.1967e-21	0.00e+00	0.00e+00	4.5504e+01
7.16095e+17	1.1354e+04	2.515e-17	1.6681e+03	1.6171e+03	6.1266e-13	1.1507e-01	8.8493e-01	2.4436e-02	9.7429e-01	1.2739e-03	8.8165e-15	1.8190e-04	3.0510e-01	6.9024e-01	4.3569e-03	1.0204e-01	6.5038e-01	2.4744e-01	6.2041e-05	7.4350e-05	1.1755e-36	1.7732e-21	0.00e+00	0.00e+00	4.8160e+01
7.18006e+17	1.1255e+04	2.492e-17	1.6681e+03	1.5900e+03	8.2424e-13	1.3110e-01	8.6890e-01	2.7701e-02	9.7103e-01	1.2663e-03	1.3258e-14	1.9619e-04	3.3293e-01	6.6334e-01	3.4319e-03	1.2341e-01	6.7597e-01	2.0051e-01	5.1641e-05	5.7493e-05	1.1755e-36	2.7767e-21	0.00e+00	0.00e+00	5.0409e+01
7.19341e+17	1.1173e+04	2.469e-17	1.6681e+03	1.5727e+03	1.0350e-12	1.4478e-01	8.5522e-01	3.0655e-02	9.6808e-01	1.2603e-03	1.8035e-14	2.0846e-04	3.5634e-01	6.4052e-01	2.8435e-03	1.4159e-01	6.8977e-01	1.6855e-01	4.4871e-05	4.6442e-05	1.1755e-36	3.9008e-21	0.00e+00	0.00e+00	5.1999e+01
7.20313e+17	1.1123e+04	2.429e-17	1.6681e+03	1.5499e+03	1.2029e-12	1.5449e-01	8.4551e-01	3.2887e-02	9.6585e-01	1.2624e-03	2.1943e-14	2.1578e-04	3.7308e-01	6.2413e-01	2.4844e-03	1.5463e-01	6.9695e-01	1.4834e-01	4.0858e-05	3.9911e-05	1.1755e-36	4.8138e-21	0.00e+00	0.00e+00	5.3465e+01
7.21349e+17	1.1055e+04	2.392e-17	1.6681e+03	1.5308e+03	1.4273e-12	1.6618e-01	8.3382e-01	3.5606e-02	9.6313e-01	1.2612e-03	2.7318e-14	2.2493e-04	3.9245e-01	6.0512e-01	2.1267e-03	1.7001e-01	7.0157e-01	1.2834e-01	3.6795e-05	3.3498e-05	1.1755e-36	6.1146e-21	0.00e+00	0.00e+00	5.5514e+01
7.22696e+17	1.0963e+04	2.339e-17	1.6681e+03	1.5003e+03	1.8077e-12	1.8374e-01	8.1626e-01	3.9595e-02	9.5914e-01	1.2626e-03	3.6560e-14	2.3644e-04	4.1902e-01	5.7896e-01	1.7130e-03	1.9274e-01	7.0291e-01	1.0429e-01	3.1837e-05	2.6076e-05	1.1755e-36	8.4387e-21	0.00e+00	0.00e+00	5.8460e+01
7.24124e+17	1.0863e+04	2.272e-17	1.6681e+03	1.4608e+03	2.3896e-12	2.0699e-01	7.9301e-01	4.4804e-02	9.5393e-01	1.2712e-03	5.1033e-14	2.4885e-04	4.5072e-01	5.4765e-01	1.3280e-03	2.2215e-01	6.9730e-01	8.0505e-02	2.6784e-05	1.9079e-05	1.1755e-36	1.2276e-20	0.00e+00	0.00e+00	6.1371e+01
7.25280e+17	1.0761e+04	2.206e-17	1.6681e+03	1.4270e+03	3.0529e-12	2.2942e-01	7.7058e-01	5.0166e-02	9.4855e-01	1.2792e-03	6.7832e-14	2.5998e-04	4.8019e-01	5.1844e-01	1.0573e-03	2.4991e-01	6.8661e-01	6.3442e-02	2.3027e-05	1.4304e-05	1.1755e-36	1.6906e-20	0.00e+00	0.00e+00	6.3730e+01
7.26187e+17	1.0689e+04	2.132e-17	1.6681e+03	1.3923e+03	3.6637e-12	2.4734e-01	7.5266e-01	5.4809e-02	9.4390e-01	1.2909e-03	8.3210e-14	2.6712e-04	5.0359e-01	4.9522e-01	8.8117e-04	2.7183e-01	6.7582e-01	5.2318e-02	2.0567e-05	1.1381e-05	1.1755e-36	2.1179e-20	0.00e+00	0.00e+00	6.5912e+01
7.27150e+17	1.0594e+04	2.054e-17	1.6681e+03	1.3591e+03	4.4803e-12	2.6839e-01	7.3161e-01	6.0534e-02	9.3816e-01	1.3020e-03	1.0381e-13	2.7542e-04	5.2998e-01	4.6899e-01	7.1624e-04	2.9704e-01	6.6072e-01	4.2207e-02	1.8166e-05	8.8032e-06	1.1755e-36	2.7087e-20	0.00e+00	0.00e+00	6.8990e+01
7.28403e+17	1.0480e+04	1.937e-17	1.6681e+03	1.3034e+03	5.8520e-12	2.9895e-01	7.0105e-01	6.8810e-02	9.2986e-01	1.3277e-03	1.3742e-13	2.8297e-04	5.6428e-01	4.3487e-01	5.4040e-04	3.3284e-01	6.3591e-01	3.1229e-02	1.5355e-05	6.1604e-06	1.1755e-36	3.7091e-20	0.00e+00	0.00e+00	7.3447e+01
7.29651e+17	1.0352e+04	1.805e-17	1.6681e+03	1.2393e+03	7.8605e-12	3.3664e-01	6.6336e-01	7.9312e-02	9.1932e-01	1.3630e-03	1.8537e-13	2.8867e-04	6.0193e-01	3.9736e-01	3.9709e-04	3.7570e-01	6.0227e-01	2.2007e-02	1.2677e-05	4.0685e-06	1.1755e-36	5.2109e-20	0.00e+00	0.00e+00	7.7278e+01
7.30562e+17	1.0233e+04	1.695e-17	1.6681e+03	1.1915e+03	9.8301e-12	3.6703e-01	6.3297e-01	8.9111e-02	9.0950e-01	1.3920e-03	2.3061e-13	2.9271e-04	6.3210e-01	3.6727e-01	3.1180e-04	4.0949e-01	5.7383e-01	1.6664e-02	1.0960e-05	2.9315e-06	1.1755e-36	6.6539e-20	0.00e+00	0.00e+00	8.0146e+01
7.31251e+17	1.0155e+04	1.599e-17	1.6681e+03	1.1496e+03	1.1470e-11	3.8903e-01	6.1097e-01	9.7093e-02	9.0149e-01	1.4186e-03	2.6624e-13	2.9352e-04	6.5408e-01	3.4535e-01	2.6004e-04	4.3361e-01	5.5288e-01	1.3504e-02	9.8966e-06	2.2987e-06	1.1755e-36	7.7686e-20	0.00e+00	0.00e+00	8.2758e+01
7.31920e+17	1.0064e+04	1.508e-17	1.6681e+03	1.1103e+03	1.3399e-11	4.1196e-01	5.8804e-01	1.0586e-01	8.9270e-01	1.4457e-03	3.0645e-13	2.9404e-04	6.7572e-01	3.2375e-01	2.1655e-04	4.5832e-01	5.3074e-01	1.0923e-02	8.9246e-06	1.7978e-06	1.1755e-36	9.0518e-20	0.00e+00	0.00e+00	8.5795e+01
7.32666e+17	9.9622e+03	1.403e-17	1.6681e+03	1.0624e+03	1.5988e-11	4.3960e-01	5.6040e-01	1.1659e-01	8.8193e-01	1.4821e-03	3.5737e-13	2.9238e-04	6.9943e-01	3.0008e-01	1.7569e-04	4.8763e-01	5.0386e-01	8.5040e-03	7.9010e-06	1.3466e-06	1.1755e-36	1.0695e-19	0.00e+00	0.00e+00	8.9458e+01
7.33412e+17	9.8589e+03	1.295e-17	1.6681e+03	1.0103e+03	1.9187e-11	4.6965e-01	5.3035e-01	1.2874e-01	8.6973e-01	1.5278e-03	4.1663e-13	2.8890e-04	7.2298e-01	2.7657e-01	1.4201e-04	5.1892e-01	4.7457e-01	6.5015e-03	6.9378e-06	9.8902e-07	1.1755e-36	1.2649e-19	0.00e+00	0.00e+00	9.2928e+01
7.34035e+17	9.7575e+03	1.204e-17	1.6681e+03	9.6745e+02	2.2391e-11	4.9566e-01	5.0434e-01	1.4060e-01	8.5783e-01	1.5653e-03	4.7182e-13	2.8548e-04	7.4304e-01	2.5654e-01	1.1865e-04	5.4559e-01	4.4926e-01	5.1452e-03	6.2075e-06	7.5693e-07	1.1755e-36	1.4453e-19	0.00e+00	0.00e+00	9.5768e+01
7.34553e+17	9.6794e+03	1.125e-17	1.6681e+03	9.2999e+02	2.5218e-11	5.1600e-01	4.8400e-01	1.5117e-01	8.4722e-01	1.6014e-03	5.1633e-13	2.8143e-04	7.5902e-01	2.4058e-01	1.0256e-04	5.6620e-01	4.2955e-01	4.2397e-03	5.6914e-06	6.0849e-07	1.1755e-36	1.5825e-19	0.00e+00	0.00e+00	9.8440e+01
7.35043e+17	9.6054e+03	1.052e-17	1.6681e+03	8.9496e+02	2.8190e-11	5.3574e-01	4.6426e-01	1.6207e-01	8.3629e-01	1.6371e-03	5.6104e-13	2.7701e-04	7.7385e-01	2.2577e-01	8.9388e-05	5.8599e-01	4.1049e-01	3.5119e-03	5.2312e-06	4.9227e-07	1.1755e-36	1.7196e-19	0.00e+00	0.00e+00	1.0120e+02
7.35447e+17	9.5277e+03	9.936e-18	1.6681e+03	8.6490e+02	3.1176e-11	5.5312e-01	4.4688e-01	1.7181e-01	8.2652e-01	1.6693e-03	6.0118e-13	2.7275e-04	7.8581e-01	2.1383e-01	8.0004e-05	6.0323e-01	3.9378e-01	2.9876e-03	4.8573e-06	4.1052e-07	1.1755e-36	1.8418e-19	0.00e+00	0.00e+00	1.0306e+02
7.35726e+17	9.4727e+03	9.534e-18	1.6681e+03	8.4621e+02	3.3240e-11	5.6382e-01	4.3618e-01	1.7924e-01	8.1908e-01	1.6862e-03	6.2730e-13	2.7032e-04	7.9416e-01	2.0548e-01	7.4274e-05	6.1378e-01	3.8353e-01	2.6828e-03	4.6395e-06	3.6423e-07	1.1755e-36	1.9155e-19	0.00e+00	0.00e+00	1.0447e+02
7.35984e+17	9.4200e+03	9.163e-18	1.6681e+03	8.2898e+02	3.5252e-11	5.7348e-01	4.2652e-01	1.8646e-01	8.1184e-01	1.7009e-03	6.5121e-13	2.6798e-04	8.0184e-01	1.9781e-01	6.9302e-05	6.2327e-01	3.7430e-01	2.4277e-03	4.4504e-06	3.2611e-07	1.1755e-36	1.9797e-19	0.00e+00	0.00e+00	1.0615e+02
7.36304e+17	9.3500e+03	8.713e-18	1.6681e+03	8.0633e+02	3.8158e-11	5.8690e-01	4.1310e-01	1.9567e-01	8.0261e-01	1.7220e-03	6.8430e-13	2.6440e-04	8.1108e-01	1.8858e-01	6.3544e-05	6.3635e-01	3.6152e-01	2.1290e-03	4.1994e-06	2.8185e-07	1.1755e-36	2.0727e-19	0.00e+00	0.00e+00	1.0839e+02
7.36653e+17	9.2872e+03	8.230e-18	1.6681e+03	7.7905e+02	4.1517e-11	6.0253e-01	3.9747e-01	2.0560e-01	7.9264e-01	1.7564e-03	7.2147e-13	2.5908e-04	8.2033e-01	1.7935e-01	5.8030e-05	6.5144e-01	3.4672e-01	1.8333e-03	3.9219e-06	2.3867e-07	1.1755e-36	2.1777e-19	0.00e+00	0.00e+00	1.1053e+02
7.36955e+17	9.2377e+03	7.813e-18	1.6681e+03	7.5490e+02	4.4432e-11	6.1519e-01	3.8481e-01	2.1443e-01	7.8378e-01	1.7891e-03	7.5063e-13	2.5402e-04	8.2793e-01	1.7176e-01	5.3888e-05	6.6358e-01	3.3480e-01	1.6135e-03	3.7083e-06	2.0732e-07	1.1755e-36	2.2500e-19	0.00e+00	0.00e+00	1.1226e+02
7.37219e+17	9.1762e+03	7.467e-18	1.6681e+03	7.3639e+02	4.7390e-11	6.2603e-01	3.7397e-01	2.2330e-01	7.7489e-01	1.8091e-03	7.7784e-13	2.5046e-04	8.3493e-01	1.6476e-01	5.0523e-05	6.7394e-01	3.2461e-01	1.4438e-03	3.5335e-06	1.8348e-07	1.1755e-36	2.3170e-19	0.00e+00	0.00e+00	1.1397e+02
7.37493e+17	9.1175e+03	7.108e-18	1.6681e+03	7.1643e+02	5.0558e-11	6.3719e-01	3.6281e-01	2.3264e-01	7.6553e-01	1.8322e-03	8.0526e-13	2.4634e-04	8.4189e-01	1.5781e-01	4.7340e-05	6.8454e-01	3.1418e-01	1.2847e-03	3.3602e-06	1.6145e-07	1.1755e-36	2.3800e-19	0.00e+00	0.00e+00	1.1590e+02
7.37790e+17	9.0532e+03	6.727e-18	1.6681e+03	6.9364e+02	5.4341e-11	6.4983e-01	3.5017e-01	2.4293e-01	7.5521e-01	1.8619e-03	8.3555e-13	2.4123e-04	8.4908e-01	1.5063e-01	4.4207e-05	6.9646e-01	3.0240e-01	1.1275e-03	3.1718e-06	1.3995e-07	1.1755e-36	2.4467e-19	0.00e+00	0.00e+00	1.1801e+02
7.38087e+17	8.9848e+03	6.360e-18	1.6681e+03	6.7115e+02	5.8521e-11	6.6280e-01	3.3720e-01	2.5371e-01	7.4440e-01	1.8923e-03	8.6679e-13	2.3597e-04	8.5601e-01	1.4371e-01	4.1396e-05	7.0862e-01	2.9039e-01	9.8728e-04	2.9869e-06	1.1755e-36	1.1755e-36	2.5140e-19	0.00e+00	0.00e+00	1.2001e+02
7.38359e+17	8.9354e+03	6.029e-18	1.6681e+03	6.5034e+02	6.2089e-11	6.7362e-01	3.2638e-01	2.6361e-01	7.3446e-01	1.9237e-03	8.9122e-13	2.3080e-04	8.6193e-01	1.3779e-01	3.9149e-05	7.1871e-01	2.8041e-01	8.7672e-04	2.8381e-06	1.1755e-36	1.1755e-36	2.5540e-19	0.00e+00	0.00e+00	1.2183e+02
7.38621e+17	8.8628e+03	5.723e-18	1.6681e+03	6.3137e+02	6.6440e-11	6.8422e-01	3.1578e-01	2.7429e-01	7.2376e-01	1.9464e-03	9.1664e-13	2.2627e-04	8.6785e-01	1.3188e-01	3.7129e-05	7.2856e-01	2.7066e-01	7.8098e-04	2.6981e-06	1.1755e-36	1.1755e-36	2.5939e-19	0.00e+00	0.00e+00	1.2377e+02
7.38898e+17	8.7915e+03	5.410e-18	1.6681e+03	6.1150e+02	7.1234e-11	6.9565e-01	3.0435e-01	2.8583e-01	7.1220e-01	1.9713e-03	9.4395e-13	2.2127e-04	8.7382e-01	1.2592e-01	3.5189e-05	7.3911e-01	2.6020e-01	6.8968e-04	2.5523e-06	1.1755e-36	1.1755e-36	2.6367e-19	0.00e+00	0.00e+00	1.2584e+02
7.39176e+17	8.7235e+03	5.104e-18	1.6681e+03	5.9081e+02	7.6265e-11	7.0697e-01	2.9303e-01	2.9747e-01	7.0053e-01	2.0020e-03	9.6936e-13	2.1577e-04	8.7939e-01	1.2035e-01	3.3457e-05	7.4950e-01	2.4989e-01	6.0851e-04	2.4129e-06	1.1755e-36	1.1755e-36	2.6660e-19	0.00e+00	0.00e+00	1.2787e+02
7.39441e+17	8.6609e+03	4.820e-18	1.6681e+03	5.7123e+02	8.1204e-11	7.1724e-01	2.8276e-01	3.0888e-01	6.8909e-01	2.0320e-03	9.9130e-13	2.1043e-04	8.8446e-01	1.1529e-01	3.1986e-05	7.5888e-01	2.4058e-01	5.4076e-04	2.2906e-06	1.1755e-36	1.1755e-36	2.6801e-19	0.00e+00	0.00e+00	1.2983e+02
7.39703e+17	8.5801e+03	4.555e-18	1.6681e+03	5.5319e+02	8.7156e-11	7.2760e-01	2.7240e-01	3.2127e-01	6.7668e-01	2.0530e-03	1.0152e-12	2.0558e-04	8.8955e-01	1.1021e-01	3.0642e-05	7.6830e-01	2.3121e-01	4.8086e-04	2.1715e-06	1.1755e-36	1.1755e-36	2.6990e-19	0.00e+00	0.00e+00	1.3186e+02
7.39967e+17	8.5171e+03	4.292e-18	1.6681e+03	5.3410e+02	9.2713e-11	7.3742e-01	2.6258e-01	3.3334e-01	6.6457e-01	2.0832e-03	1.0348e-12	2.0010e-04	8.9417e-01	1.0559e-01	2.9448e-05	7.7719e-01	2.2238e-01	4.2779e-04	2.0616e-06	1.1755e-36	1.1755e-36	2.6964e-19	0.00e+00	0.00e+00	1.3390e+02
7.40233e+17	8.4348e+03	4.040e-18	1.6681e+03	5.1547e+02	9.9593e-11	7.4751e-01	2.5249e-01	3.4638e-01	6.5151e-01	2.1090e-03	1.0556e-12	1.9475e-04	8.9879e-01	1.0099e-01	2.8347e-05	7.8628e-01	2.1333e-01	3.8014e-04	1.9524e-06	1.1755e-36	1.1755e-36	2.6923e-19	0.00e+00	0.00e+00	1.3602e+02
7.40499e+17	8.3536e+03	3.800e-18	1.6681e+03	4.9742e+02	1.0693e-10	7.5756e-01	2.4244e-01	3.5980e-01	6.3807e-01	2.1329e-03	1.0764e-12	1.8944e-04	9.0317e-01	9.6611e-02	2.7353e-05	7.9530e-01	2.0436e-01	3.3790e-04	1.8468e-06	1.1755e-36	1.1755e-36	2.6862e-19	0.00e+00	0.00e+00	1.3811e+02
7.40754e+17	8.2764e+03	3.578e-18	1.6681e+03	4.8010e+02	1.1437e-10	7.6670e-01	2.3330e-01	3.7291e-01	6.2493e-01	2.1572e-03	1.0936e-12	1.8422e-04	9.0713e-01	9.2661e-02	2.6505e-05	8.0346e-01	1.9624e-01	3.0250e-04	1.7535e-06	1.1755e-36	1.1755e-36	2.6656e-19	0.00e+00	0.00e+00	1.4012e+02
7.41006e+17	8.1954e+03	3.369e-18	1.6681e+03	4.6360e+02	1.2244e-10	7.7540e-01	2.2460e-01	3.8639e-01	6.1144e-01	2.1773e-03	1.1098e-12	1.7921e-04	9.1090e-01	8.8892e-02	2.5749e-05	8.1120e-01	1.8853e-01	2.7177e-04	1.6669e-06	1.1755e-36	1.1755e-36	2.6387e-19	0.00e+00	0.00e+00	1.4219e+02
7.41264e+17	8.1118e+03	3.163e-18	1.6681e+03	4.4663e+02	1.3143e-10	7.8426e-01	2.1574e-01	4.0044e-01	5.9736e-01	2.1990e-03	1.1253e-12	1.7395e-04	9.1456e-01	8.5242e-02	2.5043e-05	8.1906e-01	1.8070e-01	2.4365e-04	1.5808e-06	1.1755e-36	1.1755e-36	2.6039e-19	0.00e+00	0.00e+00	1.4437e+02
7.41526e+17	8.0204e+03	2.964e-18	1.6681e+03	4.2945e+02	1.4180e-10	7.9324e-01	2.0676e-01	4.1494e-01	5.8284e-01	2.2216e-03	1.1401e-12	1.6850e-04	9.1803e-01	8.1770e-02	2.4397e-05	8.2698e-01	1.7280e-01	2.1843e-04	1.4960e-06	1.1755e-36	1.1755e-36	2.5606e-19	0.00e+00	0.00e+00	1.4655e+02
7.41782e+17	7.9278e+03	2.781e-18	1.6681e+03	4.1365e+02	1.5299e-10	8.0183e-01	1.9817e-01	4.2967e-01	5.6809e-01	2.2376e-03	1.1548e-12	1.6345e-04	9.2128e-01	7.8531e-02	2.3828e-05	8.3453e-01	1.6527e-01	1.9686e-04	1.4169e-06	1.1755e-36	1.1755e-36	2.5195e-19	0.00e+00	0.00e+00	1.4866e+02
7.42027e+17	7.8368e+03	2.613e-18	1.6681e+03	3.9871e+02	1.6471e-10	8.0951e-01	1.9049e-01	4.4404e-01	5.5370e-01	2.2517e-03	1.1665e-12	1.5861e-04	9.2420e-01	7.5615e-02	2.3346e-05	8.4126e-01	1.5856e-01	1.7894e-04	1.3477e-06	1.1755e-36	1.1755e-36	2.4681e-19	0.00e+00	0.00e+00	1.5071e+02
7.42273e+17	7.7507e+03	2.452e-18	1.6681e+03	3.8380e+02	1.7685e-10	8.1674e-01	1.8326e-01	4.5855e-01	5.3918e-01	2.2672e-03	1.1758e-12	1.5368e-04	9.2694e-01	7.2883e-02	2.2910e-05	8.4758e-01	1.5225e-01	1.6314e-04	1.2837e-06	1.1755e-36	1.1755e-36	2.4061e-19	0.00e+00	0.00e+00	1.5287e+02
7.42528e+17	7.6452e+03	2.294e-18	1.6681e+03	3.6885e+02	1.9250e-10	8.2467e-01	1.7533e-01	4.7419e-01	5.2354e-01	2.2765e-03	1.1875e-12	1.4872e-04	9.2967e-01	7.0152e-02	2.2491e-05	8.5448e-01	1.4537e-01	1.4841e-04	1.2154e-06	1.1755e-36	1.1755e-36	2.3476e-19	0.00e+00	0.00e+00	1.5512e+02
7.42781e+17	7.5428e+03	2.147e-18	1.6681e+03	3.5407e+02	2.0928e-10	8.3216e-01	1.6784e-01	4.8950e-01	5.0821e-01	2.2889e-03	1.1969e-12	1.4370e-04	9.3211e-01	6.7719e-02	2.2122e-05	8.6097e-01	1.3889e-01	1.3573e-04	1.1520e-06	1.1755e-36	1.1755e-36	2.2802e-19	0.00e+00	0.00e+00	1.5729e+02
7.43023e+17	7.4389e+03	2.014e-18	1.6681e+03	3.4075e+02	2.2759e-10	8.3894e-01	1.6106e-01	5.0469e-01	4.9302e-01	2.2926e-03	1.2055e-12	1.3917e-04	9.3434e-01	6.5495e-02	2.1808e-05	8.6685e-01	1.3303e-01	1.2524e-04	1.0957e-06	1.1755e-36	1.1755e-36	2.2158e-19	0.00e+00	0.00e+00	1.5937e+02
7.43262e+17	7.3295e+03	1.889e-18	1.6681e+03	3.2784e+02	2.4856e-10	8.4534e-01	1.5466e-01	5.2005e-01	4.7766e-01	2.2924e-03	1.2130e-12	1.3475e-04	9.3643e-01	6.3409e-02	2.1531e-05	8.7237e-01	1.2752e-01	1.1617e-04	1.0437e-06	1.1755e-36	1.1755e-36	2.1472e-19	0.00e+00	0.00e+00	1.6153e+02
7.43506e+17	7.2163e+03	1.769e-18	1.6681e+03	3.1490e+02	2.7273e-10	8.5183e-01	1.4817e-01	5.3572e-01	4.6198e-01	2.2913e-03	1.2205e-12	1.3024e-04	9.3839e-01	6.1454e-02	2.1273e-05	8.7795e-01	1.2194e-01	1.0797e-04	9.9179e-07	1.1755e-36	1.1755e-36	2.0774e-19	0.00e+00	0.00e+00	1.6374e+02
7.43749e+17	7.0950e+03	1.656e-18	1.6681e+03	3.0208e+02	3.0140e-10	8.5805e-01	1.4195e-01	5.5120e-01	4.4651e-01	2.2897e-03	1.2268e-12	1.2575e-04	9.4015e-01	5.9697e-02	2.1046e-05	8.8329e-01	1.1660e-01	1.0091e-04	9.4283e-07	1.1755e-36	1.1755e-36	2.0032e-19	0.00e+00	0.00e+00	1.6590e+02
7.43981e+17	6.9797e+03	1.555e-18	1.6681e+03	2.9050e+02	3.3197e-10	8.6371e-01	1.3629e-01	5.6624e-01	4.3148e-01	2.2826e-03	1.2330e-12	1.2164e-04	9.4172e-01	5.8140e-02	2.0853e-05	8.8814e-01	1.1176e-01	9.5031e-05	8.9902e-07	1.1755e-36	1.1755e-36	1.9359e-19	0.00e+00	0.00e+00	1.6795e+02
7.44207e+17	6.8611e+03	1.463e-18	1.6681e+03	2.7974e+02	3.6699e-10	8.6892e-01	1.3108e-01	5.8122e-01	4.1651e-01	2.2682e-03	1.2390e-12	1.1782e-04	9.4316e-01	5.6697e-02	2.0687e-05	8.9259e-01	1.0732e-01	9.0068e-05	8.5931e-07	1.1755e-36	1.1755e-36	1.8725e-19	0.00e+00	0.00e+00	1.7002e+02
7.44438e+17	6.7368e+03	1.373e-18	1.6681e+03	2.6889e+02	4.0859e-10	8.7414e-01	1.2586e-01	5.9647e-01	4.0128e-01	2.2522e-03	1.2453e-12	1.1392e-04	9.4451e-01	5.5349e-02	2.0534e-05	8.9705e-01	1.0287e-01	8.5592e-05	8.1998e-07	1.1755e-36	1.1755e-36	1.8092e-19	0.00e+00	0.00e+00	1.7219e+02
7.44673e+17	6.6174e+03	1.287e-18	1.6681e+03	2.5790e+02	4.5455e-10	8.7920e-01	1.2080e-01	6.1134e-01	3.8642e-01	2.2413e-03	1.2508e-12	1.0987e-04	9.4568e-01	5.4186e-02	2.0394e-05	9.0135e-01	9.8570e-02	8.1618e-05	7.8236e-07	1.1755e-36	1.1755e-36	1.7437e-19	0.00e+00	0.00e+00	1.7435e+02
7.44899e+17	6.4848e+03	1.210e-18	1.6681e+03	2.4802e+02	5.1205e-10	8.8411e-01	1.1589e-01	6.2615e-01	3.7163e-01	2.2177e-03	1.2587e-12	1.0629e-04	9.4675e-01	5.3127e-02	2.0277e-05	9.0552e-01	9.4406e-02	7.8323e-05	7.4642e-07	1.1755e-36	1.1755e-36	1.6924e-19	0.00e+00	0.00e+00	1.7639e+02
7.45118e+17	6.3576e+03	1.140e-18	1.6681e+03	2.3881e+02	5.7572e-10	8.8839e-01	1.1161e-01	6.4054e-01	3.5727e-01	2.1910e-03	1.2660e-12	1.0291e-04	9.4769e-01	5.2186e-02	2.0182e-05	9.0915e-01	9.0771e-02	7.5607e-05	7.1538e-07	1.1755e-36	1.1755e-36	1.6449e-19	0.00e+00	0.00e+00	1.7845e+02
7.45342e+17	6.2336e+03	1.072e-18	1.6681e+03	2.2960e+02	6.4769e-10	8.9257e-01	1.0743e-01	6.5488e-01	3.4295e-01	2.1651e-03	1.2739e-12	9.9472e-05	9.4853e-01	5.1346e-02	2.0093e-05	9.1269e-01	8.7237e-02	7.3169e-05	6.8539e-07	1.1755e-36	1.1755e-36	1.6003e-19	0.00e+00	0.00e+00	1.8059e+02
7.45570e+17	6.0982e+03	1.008e-18	1.6681e+03	2.2045e+02	7.3876e-10	8.9683e-01	1.0317e-01	6.6924e-01	3.2863e-01	2.1356e-03	1.2843e-12	9.6051e-05	9.4927e-01	5.0616e-02	2.0015e-05	9.1629e-01	8.3637e-02	7.1042e-05	6.5514e-07	1.1755e-36	1.1755e-36	1.5647e-19	0.00e+00	0.00e+00	1.8274e+02
7.45793e+17	5.9633e+03	9.490e-19	1.6681e+03	2.1189e+02	8.4506e-10	9.0077e-01	9.9226e-02	6.8314e-01	3.1476e-01	2.1027e-03	1.2962e-12	9.2834e-05	9.4988e-01	5.0009e-02	1.9952e-05	9.1962e-01	8.0311e-02	6.9294e-05	6.2746e-07	1.1755e-36	1.1755e-36	1.5397e-19	0.00e+00	0.00e+00	1.8482e+02
7.46012e+17	5.8277e+03	8.955e-19	1.6681e+03	2.0396e+02	9.7060e-10	9.0436e-01	9.5636e-02	6.9675e-01	3.0118e-01	2.0640e-03	1.3104e-12	8.9855e-05	9.5040e-01	4.9488e-02	1.9904e-05	9.2265e-01	7.7282e-02	6.7886e-05	6.0250e-07	1.1755e-36	1.1755e-36	1.5278e-19	0.00e+00	0.00e+00	1.8689e+02
7.46232e+17	5.6881e+03	8.448e-19	1.6681e+03	1.9623e+02	1.1235e-09	9.0784e-01	9.2164e-02	7.1031e-01	2.8767e-01	2.0216e-03	1.3280e-12	8.6943e-05	9.5085e-01	4.9043e-02	1.9865e-05	9.2558e-01	7.4355e-02	6.6704e-05	5.7856e-07	1.1755e-36	1.1755e-36	1.5302e-19	0.00e+00	0.00e+00	1.8902e+02
7.46457e+17	5.5446e+03	7.963e-19	1.6681e+03	1.8856e+02	1.3110e-09	9.1129e-01	8.8712e-02	7.2374e-01	2.7429e-01	1.9778e-03	1.3500e-12	8.4032e-05	9.5119e-01	4.8703e-02	1.9834e-05	9.2848e-01	7.1450e-02	6.5703e-05	5.5496e-07	1.1755e-36	1.1755e-36	1.5500e-19	0.00e+00	0.00e+00	1.9120e+02
7.46682e+17	5.4003e+03	7.514e-19	1.6681e+03	1.8122e+02	1.5365e-09	9.1457e-01	8.5427e-02	7.3677e-01	2.6130e-01	1.9319e-03	1.3772e-12	8.1238e-05	9.5143e-01	4.8472e-02	1.9811e-05	9.3125e-01	6.8687e-02	6.4911e-05	5.3268e-07	1.1755e-36	1.1755e-36	1.5920e-19	0.00e+00	0.00e+00	1.9335e+02
7.46903e+17	5.2558e+03	7.103e-19	1.6681e+03	1.7435e+02	1.8061e-09	9.1761e-01	8.2389e-02	7.4938e-01	2.4874e-01	1.8824e-03	1.4103e-12	7.8630e-05	9.5157e-01	4.8327e-02	1.9800e-05	9.3380e-01	6.6132e-02	6.4325e-05	5.1225e-07	1.1755e-36	1.1755e-36	1.6616e-19	0.00e+00	0.00e+00	1.9548e+02
7.47125e+17	5.1091e+03	6.722e-19	1.6681e+03	1.6786e+02	2.1324e-09	9.2044e-01	7.9558e-02	7.6170e-01	2.3647e-01	1.8289e-03	1.4512e-12	7.6182e-05	9.5165e-01	4.8254e-02	1.9798e-05	9.3619e-01	6.3749e-02	6.3919e-05	4.9335e-07	1.1755e-36	1.1755e-36	1.7668e-19	0.00e+00	0.00e+00	1.9764e+02
7.47352e+17	4.9571e+03	6.348e-19	1.6681e+03	1.6115e+02	2.5297e-09	9.2342e-01	7.6578e-02	7.7396e-01	2.2426e-01	1.7762e-03	1.4982e-12	7.3638e-05	9.5176e-01	4.8144e-02	1.9799e-05	9.3869e-01	6.1247e-02	6.3603e-05	4.7357e-07	1.1755e-36	1.1755e-36	1.8944e-19	0.00e+00	0.00e+00	1.9989e+02
7.47579e+17	4.8047e+03	6.026e-19	1.6681e+03	1.5538e+02	2.9821e-09	9.2589e-01	7.4108e-02	7.8543e-01	2.1285e-01	1.7169e-03	1.5361e-12	7.1550e-05	9.5222e-01	4.7687e-02	1.9814e-05	9.4077e-01	5.9164e-02	6.3529e-05	4.5734e-07	1.1755e-36	1.1755e-36	1.9962e-19	0.00e+00	0.00e+00	2.0206e+02
7.47795e+17	4.6588e+03	5.737e-19	1.6681e+03	1.5007e+02	3.4760e-09	9.2815e-01	7.1845e-02	7.9619e-01	2.0215e-01	1.6582e-03	1.5731e-12	6.9646e-05	9.5263e-01	4.7280e-02	1.9835e-05	9.4268e-01	5.7254e-02	6.3556e-05	4.4255e-07	1.1755e-36	1.1755e-36	2.1035e-19	0.00e+00	0.00e+00	2.0411e+02
7.48001e+17	4.5149e+03	5.481e-19	1.6681e+03	1.4526e+02	4.0154e-09	9.3020e-01	6.9802e-02	8.0624e-01	1.9216e-01	1.5986e-03	1.6086e-12	6.7972e-05	9.5302e-01	4.6887e-02	1.9864e-05	9.4441e-01	5.5526e-02	6.3703e-05	4.2930e-07	1.1755e-36	1.1755e-36	2.2140e-19	0.00e+00	0.00e+00	2.0608e+02
7.48196e+17	4.3841e+03	5.256e-19	1.6681e+03	1.4093e+02	4.5374e-09	9.3199e-01	6.8009e-02	8.1533e-01	1.8313e-01	1.5434e-03	1.6383e-12	6.6474e-05	9.5336e-01	4.6555e-02	1.9894e-05	9.4593e-01	5.4008e-02	6.3895e-05	4.1772e-07	1.1755e-36	1.1755e-36	2.3049e-19	0.00e+00	0.00e+00	2.0794e+02
7.48386e+17	4.2570e+03	5.048e-19	1.6681e+03	1.3687e+02	5.0553e-09	9.3367e-01	6.6326e-02	8.2395e-01	1.7456e-01	1.4886e-03	1.6631e-12	6.5108e-05	9.5369e-01	4.6223e-02	1.9928e-05	9.4735e-01	5.2582e-02	6.4138e-05	4.0689e-07	1.1755e-36	1.1755e-36	2.3758e-19	0.00e+00	0.00e+00	2.0981e+02
7.48577e+17	4.1365e+03	4.841e-19	1.6681e+03	1.3252e+02	5.5254e-09	9.3546e-01	6.4543e-02	8.3209e-01	1.6647e-01	1.4421e-03	1.6812e-12	6.3573e-05	9.5393e-01	4.5987e-02	1.9959e-05	9.4886e-01	5.1079e-02	6.4360e-05	3.9541e-07	1.1755e-36	1.1755e-36	2.4061e-19	0.00e+00	0.00e+00	2.1170e+02
7.48771e+17	4.0108e+03	4.671e-19	1.6681e+03	1.2929e+02	5.9973e-09	9.3687e-01	6.3132e-02	8.3991e-01	1.5871e-01	1.3831e-03	1.6930e-12	6.2632e-05	9.5429e-01	4.5622e-02	2.0004e-05	9.5006e-01	4.9874e-02	6.4745e-05	3.8646e-07	1.1755e-36	1.1755e-36	2.4220e-19	0.00e+00	0.00e+00	2.1364e+02
7.48964e+17	3.8982e+03	4.502e-19	1.6681e+03	1.2568e+02	6.3540e-09	9.3826e-01	6.1736e-02	8.4704e-01	1.5162e-01	1.3366e-03	1.6960e-12	6.1460e-05	9.5451e-01	4.5411e-02	2.0043e-05	9.5125e-01	4.8687e-02	6.5073e-05	3.7756e-07	1.1755e-36	1.1755e-36	2.3833e-19	0.00e+00	0.00e+00	2.1551e+02
###########################
4.57986e+13	1.3001e+04	2.003e-17	1.6681e+03	1.9470e+03	1.5577e-17	7.1907e-04	9.9928e-01	5.4020e-05	7.0345e-02	9.2960e-01	8.0387e-24	6.6416e-07	3.0082e-03	2.0820e-01	4.2107e-01	3.7119e-07	8.0263e-04	1.1822e-01	6.8842e-01	1.8142e-01	1.0830e-02	5.4112e-31	0.00e+00	0.00e+00	6.9355e-04
2.74791e+14	1.2980e+04	2.000e-17	1.6681e+03	1.9465e+03	1.4749e-17	7.1804e-04	9.9928e-01	5.3994e-05	7.0362e-02	9.2958e-01	7.5264e-24	5.9418e-07	3.0041e-03	2.0812e-01	4.2182e-01	3.7001e-07	8.0156e-04	1.1855e-01	6.8848e-01	1.8106e-01	1.0795e-02	4.7659e-31	0.00e+00	0.00e+00	3.4638e-03
1.19076e+15	1.2947e+04	1.993e-17	1.6681e+03	1.9463e+03	1.4878e-17	7.1543e-04	9.9928e-01	5.4037e-05	7.0574e-02	9.2937e-01	7.5320e-24	6.0169e-07	3.0113e-03	2.0933e-01	4.2335e-01	3.6769e-07	7.9983e-04	1.1984e-01	6.8858e-01	1.7980e-01	1.0672e-02	4.7876e-31	0.00e+00	0.00e+00	1.4504e-02
4.85465e+15	1.2846e+04	1.975e-17	1.6681e+03	1.9461e+03	1.4805e-17	7.0908e-04	9.9929e-01	5.4607e-05	7.2014e-02	9.2793e-01	7.3682e-24	6.1209e-07	3.0515e-03	2.1471e-01	4.2798e-01	3.6263e-07	7.9774e-04	1.2511e-01	6.8853e-01	1.7500e-01	1.0269e-02	4.5418e-31	0.00e+00	0.00e+00	5.8275e-02
1.15962e+16	1.2509e+04	1.910e-17	1.6681e+03	1.9461e+03	1.4404e-17	6.7725e-04	9.9932e-01	5.3669e-05	7.2219e-02	9.2773e-01	6.2642e-24	5.7793e-07	3.0469e-03	2.2020e-01	4.3704e-01	3.3119e-07	7.6719e-04	1.3274e-01	6.8960e-01	1.6688e-01	9.7365e-03	3.6502e-31	0.00e+00	0.00e+00	1.1262e-01
1.96502e+16	1.2211e+04	1.857e-17	1.6681e+03	1.9459e+03	1.4009e-17	6.4802e-04	9.9935e-01	5.3622e-05	7.3791e-02	9.2616e-01	5.4650e-24	5.5913e-07	3.0710e-03	2.2822e-01	4.4534e-01	3.0812e-07	7.5027e-04	1.4202e-01	6.8962e-01	1.5820e-01	9.1541e-03	3.0048e-31	0.00e+00	0.00e+00	1.7053e-01
2.91070e+16	1.1980e+04	1.821e-17	1.6681e+03	1.9454e+03	1.3690e-17	6.2553e-04	9.9937e-01	5.5222e-05	7.7613e-02	9.2233e-01	5.1057e-24	5.6280e-07	3.1540e-03	2.4033e-01	4.5288e-01	2.9965e-07	7.5931e-04	1.5464e-01	6.8744e-01	1.4845e-01	8.4701e-03	2.6347e-31	0.00e+00	0.00e+00	2.3921e-01
4.10976e+16	1.1783e+04	1.795e-17	1.6681e+03	1.9443e+03	1.3902e-17	6.0596e-04	9.9939e-01	5.9064e-05	8.4767e-02	9.1517e-01	5.2771e-24	5.8839e-07	3.3127e-03	2.5856e-01	4.6014e-01	3.0463e-07	7.9946e-04	1.7362e-01	6.8148e-01	1.3628e-01	7.6128e-03	2.6235e-31	0.00e+00	0.00e+00	3.2570e-01
5.66853e+16	1.1622e+04	1.777e-17	1.6681e+03	1.9424e+03	1.3456e-17	5.8789e-04	9.9941e-01	6.6900e-05	9.7987e-02	9.0195e-01	5.6576e-24	6.4366e-07	3.5829e-03	2.8599e-01	4.6630e-01	3.2891e-07	8.9062e-04	2.0416e-01	6.6780e-01	1.2044e-01	6.5252e-03	2.5367e-31	0.00e+00	0.00e+00	4.3478e-01
7.28229e+16	1.1494e+04	1.773e-17	1.6681e+03	1.9406e+03	1.2383e-17	5.6419e-04	9.9944e-01	7.8662e-05	1.1794e-01	8.8198e-01	5.8938e-24	7.0732e-07	3.8864e-03	3.1807e-01	4.6862e-01	3.5950e-07	1.0154e-03	2.4484e-01	6.4465e-01	1.0388e-01	5.4678e-03	2.3205e-31	0.00e+00	0.00e+00	5.2184e-01
8.54780e+16	1.1521e+04	1.780e-17	1.6681e+03	1.9364e+03	1.1515e-17	5.4694e-04	9.9945e-01	9.1986e-05	1.4141e-01	8.5850e-01	6.3277e-24	7.6093e-07	4.1281e-03	3.4602e-01	4.6766e-01	3.9469e-07	1.1486e-03	2.8737e-01	6.1638e-01	9.0329e-02	4.6460e-03	2.3352e-31	0.00e+00	0.00e+00	5.8321e-01
9.51377e+16	1.1551e+04	1.796e-17	1.6681e+03	1.9330e+03	1.0946e-17	5.3989e-04	9.9946e-01	1.0820e-04	1.6711e-01	8.3278e-01	7.2015e-24	8.2823e-07	4.4042e-03	3.7037e-01	4.6507e-01	4.5025e-07	1.3206e-03	3.2938e-01	5.8623e-01	7.8980e-02	3.9781e-03	2.4739e-31	0.00e+00	0.00e+00	6.3246e-01
1.03312e+17	1.1604e+04	1.814e-17	1.6681e+03	1.9285e+03	1.0561e-17	5.3620e-04	9.9946e-01	1.2655e-04	1.9581e-01	8.0407e-01	8.2896e-24	8.9443e-07	4.6620e-03	3.9195e-01	4.6197e-01	5.1404e-07	1.5092e-03	3.7238e-01	5.5372e-01	6.8893e-02	3.4046e-03	2.7061e-31	0.00e+00	0.00e+00	6.7585e-01
1.10674e+17	1.1653e+04	1.833e-17	1.6681e+03	1.9241e+03	1.0302e-17	5.3529e-04	9.9946e-01	1.4863e-04	2.2925e-01	7.7060e-01	9.6581e-24	9.6392e-07	4.9258e-03	4.1210e-01	4.5847e-01	5.9155e-07	1.7281e-03	4.1804e-01	5.1785e-01	5.9412e-02	2.8829e-03	3.0126e-31	0.00e+00	0.00e+00	7.1553e-01
1.17352e+17	1.1708e+04	1.851e-17	1.6681e+03	1.9188e+03	1.0051e-17	5.3505e-04	9.9946e-01	1.7432e-04	2.6751e-01	7.3231e-01	1.1177e-23	1.0314e-06	5.1774e-03	4.3033e-01	4.5498e-01	6.7943e-07	1.9719e-03	4.6541e-01	4.7945e-01	5.0677e-02	2.4189e-03	3.3482e-31	0.00e+00	0.00e+00	7.5111e-01
1.23373e+17	1.1733e+04	1.868e-17	1.6681e+03	1.9122e+03	1.0066e-17	5.3766e-04	9.9946e-01	2.0297e-04	3.1017e-01	6.8963e-01	1.2931e-23	1.0977e-06	5.4108e-03	4.4691e-01	4.5152e-01	7.7412e-07	2.2232e-03	5.1326e-01	4.3970e-01	4.2751e-02	2.0106e-03	3.7833e-31	0.00e+00	0.00e+00	7.8354e-01
1.29008e+17	1.1744e+04	1.880e-17	1.6681e+03	1.9054e+03	1.0136e-17	5.4151e-04	9.9946e-01	2.3545e-04	3.5783e-01	6.4193e-01	1.4865e-23	1.1628e-06	5.6367e-03	4.6206e-01	4.4823e-01	8.7907e-07	2.4933e-03	5.6172e-01	3.9860e-01	3.5493e-02	1.6468e-03	4.2566e-31	0.00e+00	0.00e+00	8.1514e-01
1.34505e+17	1.1742e+04	1.884e-17	1.6681e+03	1.8983e+03	1.0336e-17	5.4760e-04	9.9945e-01	2.7387e-04	4.1172e-01	5.8800e-01	1.7339e-23	1.2347e-06	5.8810e-03	4.7625e-01	4.4497e-01	1.0073e-06	2.8075e-03	6.1126e-01	3.5578e-01	2.8796e-02	1.3195e-03	4.8761e-31	0.00e+00	0.00e+00	8.4658e-01
1.39796e+17	1.1711e+04	1.880e-17	1.6681e+03	1.8901e+03	1.0664e-17	5.5488e-04	9.9945e-01	3.1551e-04	4.6975e-01	5.2994e-01	1.9920e-23	1.3024e-06	6.1050e-03	4.8911e-01	4.4188e-01	1.1406e-06	3.1221e-03	6.5940e-01	3.1346e-01	2.2938e-02	1.0409e-03	5.5343e-31	0.00e+00	0.00e+00	8.7654e-01
1.44889e+17	1.1646e+04	1.865e-17	1.6681e+03	1.8808e+03	1.1153e-17	5.6374e-04	9.9944e-01	3.5889e-04	5.2946e-01	4.7019e-01	2.2624e-23	1.3667e-06	6.3139e-03	5.0068e-01	4.3890e-01	1.2778e-06	3.4304e-03	7.0455e-01	2.7320e-01	1.7982e-02	8.1069e-04	6.2291e-31	0.00e+00	0.00e+00	9.0657e-01
1.50706e+17	1.1527e+04	1.831e-17	1.6681e+03	1.8710e+03	1.2097e-17	5.7831e-04	9.9942e-01	4.1283e-04	5.9883e-01	4.0075e-01	2.6752e-23	1.4529e-06	6.5842e-03	5.1330e-01	4.3506e-01	1.4633e-06	3.8133e-03	7.5285e-01	2.2950e-01	1.3225e-02	5.9370e-04	7.3185e-31	0.00e+00	0.00e+00	9.4662e-01
1.57040e+17	1.1364e+04	1.782e-17	1.6681e+03	1.8607e+03	1.3339e-17	5.9463e-04	9.9941e-01	4.6985e-04	6.7030e-01	3.2923e-01	3.1212e-23	1.5388e-06	6.8487e-03	5.2536e-01	4.3078e-01	1.6583e-06	4.1918e-03	7.9818e-01	1.8785e-01	9.3483e-03	4.2091e-04	8.5079e-31	0.00e+00	0.00e+00	9.8476e-01
1.63007e+17	1.1180e+04	1.725e-17	1.6681e+03	1.8518e+03	1.4816e-17	6.1221e-04	9.9939e-01	5.2071e-04	7.3025e-01	2.6923e-01	3.5825e-23	1.6224e-06	7.0986e-03	5.3570e-01	4.2637e-01	1.8468e-06	4.5269e-03	8.3395e-01	1.5452e-01	6.6847e-03	3.0380e-04	9.7068e-31	0.00e+00	0.00e+00	1.0224e+00
1.69725e+17	1.0955e+04	1.656e-17	1.6681e+03	1.8437e+03	1.6993e-17	6.3506e-04	9.9936e-01	5.7338e-04	7.8667e-01	2.1276e-01	4.2110e-23	1.7243e-06	7.3913e-03	5.4647e-01	4.2084e-01	2.0681e-06	4.8802e-03	8.6641e-01	1.2389e-01	4.5960e-03	2.1230e-04	1.1375e-30	0.00e+00	0.00e+00	1.0732e+00
1.78459e+17	1.0679e+04	1.573e-17	1.6681e+03	1.8357e+03	2.0234e-17	6.6519e-04	9.9933e-01	6.3050e-04	8.4196e-01	1.5741e-01	5.0754e-23	1.8530e-06	7.7459e-03	5.5853e-01	4.1356e-01	2.3409e-06	5.2676e-03	8.9735e-01	9.4291e-02	2.9436e-03	1.3937e-04	1.3674e-30	0.00e+00	0.00e+00	1.1424e+00
1.87742e+17	1.0436e+04	1.500e-17	1.6681e+03	1.8297e+03	2.3638e-17	6.9434e-04	9.9931e-01	6.7626e-04	8.8242e-01	1.1690e-01	5.8935e-23	1.9711e-06	8.0590e-03	5.6883e-01	4.0654e-01	2.5909e-06	5.5825e-03	9.1967e-01	7.2662e-02	1.9840e-03	9.5762e-05	1.5792e-30	0.00e+00	0.00e+00	1.2059e+00
1.97680e+17	1.0220e+04	1.436e-17	1.6681e+03	1.8251e+03	2.7703e-17	7.2739e-04	9.9927e-01	7.1673e-04	9.1249e-01	8.6790e-02	6.9084e-23	2.1026e-06	8.3870e-03	5.7843e-01	3.9929e-01	2.8633e-06	5.8799e-03	9.3654e-01	5.6109e-02	1.3987e-03	6.7457e-05	1.8477e-30	0.00e+00	0.00e+00	1.2916e+00
2.10540e+17	1.0016e+04	1.377e-17	1.6681e+03	1.8213e+03	3.2998e-17	7.6905e-04	9.9923e-01	7.5680e-04	9.3761e-01	6.1633e-02	8.2582e-23	2.2617e-06	8.7594e-03	5.8857e-01	3.9105e-01	3.1957e-06	6.1899e-03	9.5092e-01	4.1835e-02	1.0063e-03	4.6510e-05	2.2164e-30	0.00e+00	0.00e+00	1.4093e+00
2.27259e+17	9.8473e+03	1.328e-17	1.6681e+03	1.8185e+03	3.9672e-17	8.2279e-04	9.9918e-01	7.9616e-04	9.5717e-01	4.2035e-02	1.0094e-22	2.4554e-06	9.1786e-03	5.9908e-01	3.8194e-01	3.6142e-06	6.5115e-03	9.6247e-01	3.0214e-02	7.6657e-04	3.1579e-05	2.7412e-30	0.00e+00	0.00e+00	1.5731e+00
2.48545e+17	9.7274e+03	1.296e-17	1.6681e+03	1.8164e+03	4.8163e-17	8.9422e-04	9.9911e-01	8.3479e-04	9.7119e-01	2.7977e-02	1.2698e-22	2.6956e-06	9.6559e-03	6.0999e-01	3.7196e-01	4.1655e-06	6.8524e-03	9.7106e-01	2.1430e-02	6.3322e-04	2.1356e-05	3.5257e-30	0.00e+00	0.00e+00	1.7960e+00
2.73399e+17	9.7084e+03	1.283e-17	1.6681e+03	1.8148e+03	5.7712e-17	9.8327e-04	9.9902e-01	8.7028e-04	9.8013e-01	1.8998e-02	1.6267e-22	2.9671e-06	1.0140e-02	6.1996e-01	3.6250e-01	4.8637e-06	7.1942e-03	9.7673e-01	1.5487e-02	5.6674e-04	1.4860e-05	4.7212e-30	0.00e+00	0.00e+00	2.0656e+00
3.00739e+17	9.7507e+03	1.291e-17	1.6681e+03	1.8138e+03	6.9688e-17	1.0980e-03	9.9890e-01	9.0695e-04	9.8574e-01	1.3357e-02	2.1662e-22	3.2950e-06	1.0686e-02	6.2998e-01	3.5268e-01	5.8056e-06	7.5761e-03	9.8035e-01	1.1526e-02	5.3218e-04	1.0661e-05	6.6787e-30	0.00e+00	0.00e+00	2.3967e+00
3.30813e+17	9.8602e+03	1.316e-17	1.6681e+03	1.8130e+03	8.5812e-17	1.2502e-03	9.9875e-01	9.4886e-04	9.8938e-01	9.6709e-03	3.0621e-22	3.7024e-06	1.1330e-02	6.4054e-01	3.4207e-01	7.1525e-06	8.0372e-03	9.8267e-01	8.7691e-03	5.1256e-04	7.7871e-06	1.0268e-29	0.00e+00	0.00e+00	2.8115e+00
3.63894e+17	1.0032e+04	1.360e-17	1.6681e+03	1.8123e+03	1.0903e-16	1.4603e-03	9.9854e-01	9.9947e-04	9.9182e-01	7.1765e-03	4.6923e-22	4.2332e-06	1.2145e-02	6.5258e-01	3.2976e-01	9.2226e-06	8.6467e-03	9.8407e-01	6.7700e-03	5.0032e-04	5.7243e-06	1.7473e-29	0.00e+00	0.00e+00	3.3444e+00
3.96689e+17	1.0256e+04	1.420e-17	1.6681e+03	1.8116e+03	1.3966e-16	1.7327e-03	9.9827e-01	1.0553e-03	9.9333e-01	5.6132e-03	7.5316e-22	4.8689e-06	1.3103e-02	6.6537e-01	3.1648e-01	1.2294e-05	9.4284e-03	9.8464e-01	5.4244e-03	4.9326e-04	4.3333e-06	3.1339e-29	0.00e+00	0.00e+00	3.9088e+00
4.24595e+17	1.0480e+04	1.483e-17	1.6681e+03	1.8110e+03	1.8481e-16	2.0360e-03	9.9796e-01	1.1156e-03	9.9418e-01	4.7008e-03	1.2531e-21	5.5404e-06	1.4119e-02	6.7777e-01	3.0345e-01	1.6285e-05	1.0317e-02	9.8461e-01	4.5666e-03	4.8921e-04	3.4452e-06	6.0595e-29	0.00e+00	0.00e+00	4.4422e+00
4.47694e+17	1.0677e+04	1.542e-17	1.6681e+03	1.8104e+03	2.3874e-16	2.3510e-03	9.9765e-01	1.1780e-03	9.9470e-01	4.1225e-03	2.0157e-21	6.2256e-06	1.5171e-02	6.8963e-01	2.9087e-01	2.1127e-05	1.1275e-02	9.8425e-01	3.9684e-03	4.8628e-04	2.8377e-06	1.1092e-28	0.00e+00	0.00e+00	4.9699e+00
4.68688e+17	1.0858e+04	1.598e-17	1.6681e+03	1.8097e+03	3.0533e-16	2.6990e-03	9.9730e-01	1.2470e-03	9.9507e-01	3.6859e-03	3.2243e-21	6.9799e-06	1.6341e-02	7.0191e-01	2.7773e-01	2.7363e-05	1.2377e-02	9.8363e-01	3.4805e-03	4.8351e-04	2.3598e-06	1.9835e-28	0.00e+00	0.00e+00	5.5574e+00
4.92460e+17	1.1056e+04	1.663e-17	1.6681e+03	1.8088e+03	4.0966e-16	3.1759e-03	9.9682e-01	1.3417e-03	9.9540e-01	3.2541e-03	5.7285e-21	8.0256e-06	1.7977e-02	7.1772e-01	2.6064e-01	3.7514e-05	1.3956e-02	9.8256e-01	2.9678e-03	4.7977e-04	1.8880e-06	3.9608e-28	0.00e+00	0.00e+00	6.4561e+00
5.11635e+17	1.1243e+04	1.728e-17	1.6681e+03	1.8079e+03	5.3123e-16	3.6890e-03	9.9631e-01	1.4367e-03	9.9557e-01	2.9941e-03	9.6376e-21	9.0664e-06	1.9619e-02	7.3151e-01	2.4551e-01	5.0665e-05	1.5764e-02	9.8106e-01	2.6501e-03	4.7767e-04	1.5793e-06	7.3643e-28	0.00e+00	0.00e+00	6.9020e+00
5.19995e+17	1.1323e+04	1.756e-17	1.6681e+03	1.8074e+03	5.9919e-16	3.9511e-03	9.9605e-01	1.4895e-03	9.9559e-01	2.9211e-03	1.2317e-20	9.6080e-06	2.0479e-02	7.3808e-01	2.3821e-01	5.8374e-05	1.6733e-02	9.8020e-01	2.5290e-03	4.7658e-04	1.4593e-06	9.8050e-28	0.00e+00	0.00e+00	7.1200e+00
5.26023e+17	1.1374e+04	1.775e-17	1.6681e+03	1.8070e+03	6.5515e-16	4.1482e-03	9.9585e-01	1.5287e-03	9.9561e-01	2.8570e-03	1.4770e-20	1.0034e-05	2.1152e-02	7.4320e-01	2.3252e-01	6.4579e-05	1.7464e-02	9.7958e-01	2.4175e-03	4.7536e-04	1.3667e-06	1.2089e-27	0.00e+00	0.00e+00	7.4177e+00
5.33859e+17	1.1439e+04	1.801e-17	1.6681e+03	1.8065e+03	7.3702e-16	4.4225e-03	9.9558e-01	1.5823e-03	9.9565e-01	2.7635e-03	1.8789e-20	1.0626e-05	2.2089e-02	7.4998e-01	2.2493e-01	7.3856e-05	1.8503e-02	9.7867e-01	2.2755e-03	4.7367e-04	1.2523e-06	1.5924e-27	0.00e+00	0.00e+00	7.8302e+00
5.44047e+17	1.1527e+04	1.833e-17	1.6681e+03	1.8060e+03	8.6371e-16	4.8164e-03	9.9518e-01	1.6572e-03	9.9570e-01	2.6408e-03	2.6052e-20	1.1474e-05	2.3428e-02	7.5905e-01	2.1468e-01	8.8533e-05	2.0037e-02	9.7730e-01	2.0981e-03	4.7137e-04	1.1140e-06	2.3162e-27	0.00e+00	0.00e+00	8.4143e+00
5.54526e+17	1.1612e+04	1.871e-17	1.6681e+03	1.8051e+03	1.0238e-15	5.2902e-03	9.9471e-01	1.7478e-03	9.9573e-01	2.5239e-03	3.7103e-20	1.2472e-05	2.5011e-02	7.6870e-01	2.0364e-01	1.0844e-04	2.1964e-02	9.7552e-01	1.9342e-03	4.6881e-04	9.8493e-07	3.4438e-27	0.00e+00	0.00e+00	8.9402e+00
5.62693e+17	1.1674e+04	1.902e-17	1.6681e+03	1.8044e+03	1.1846e-15	5.7155e-03	9.9428e-01	1.8288e-03	9.9572e-01	2.4471e-03	5.0004e-20	1.3366e-05	2.6428e-02	7.7654e-01	1.9451e-01	1.2845e-04	2.3750e-02	9.7384e-01	1.8129e-03	4.6649e-04	8.9095e-07	4.8184e-27	0.00e+00	0.00e+00	9.3551e+00
5.68838e+17	1.1740e+04	1.923e-17	1.6681e+03	1.8037e+03	1.3107e-15	6.0579e-03	9.9394e-01	1.8955e-03	9.9571e-01	2.3982e-03	6.2608e-20	1.4086e-05	2.7572e-02	7.8242e-01	1.8760e-01	1.4632e-04	2.5257e-02	9.7241e-01	1.7254e-03	4.6502e-04	8.2572e-07	6.1815e-27	0.00e+00	0.00e+00	9.6993e+00
5.75042e+17	1.1777e+04	1.947e-17	1.6681e+03	1.8030e+03	1.4756e-15	6.4412e-03	9.9356e-01	1.9701e-03	9.9569e-01	2.3407e-03	7.9759e-20	1.4908e-05	2.8868e-02	7.8877e-01	1.8005e-01	1.6764e-04	2.6932e-02	9.7081e-01	1.6279e-03	4.6268e-04	7.5854e-07	8.0746e-27	0.00e+00	0.00e+00	1.0175e+01
5.82026e+17	1.1819e+04	1.976e-17	1.6681e+03	1.8025e+03	1.6985e-15	6.9163e-03	9.9308e-01	2.0602e-03	9.9567e-01	2.2748e-03	1.0615e-19	1.5915e-05	3.0458e-02	7.9589e-01	1.7147e-01	1.9667e-04	2.9081e-02	9.6874e-01	1.5253e-03	4.5985e-04	6.8839e-07	1.1103e-26	0.00e+00	0.00e+00	1.0681e+01
5.88398e+17	1.1888e+04	1.999e-17	1.6681e+03	1.8014e+03	1.9079e-15	7.3935e-03	9.9261e-01	2.1509e-03	9.9563e-01	2.2228e-03	1.3798e-19	1.6916e-05	3.2037e-02	8.0229e-01	1.6359e-01	2.2922e-04	3.1350e-02	9.6653e-01	1.4371e-03	4.5773e-04	6.2948e-07	1.4760e-26	0.00e+00	0.00e+00	1.1132e+01
5.93774e+17	1.1919e+04	2.022e-17	1.6681e+03	1.8006e+03	2.1397e-15	7.8460e-03	9.9215e-01	2.2375e-03	9.9558e-01	2.1791e-03	1.7511e-19	1.7871e-05	3.3536e-02	8.0787e-01	1.5661e-01	2.6260e-04	3.3527e-02	9.6439e-01	1.3625e-03	4.5521e-04	5.8081e-07	1.9145e-26	0.00e+00	0.00e+00	1.1542e+01
5.98730e+17	1.1952e+04	2.043e-17	1.6681e+03	1.7999e+03	2.3832e-15	8.2949e-03	9.9171e-01	2.3231e-03	9.9554e-01	2.1400e-03	2.1959e-19	1.8817e-05	3.5027e-02	8.1301e-01	1.5006e-01	2.9854e-04	3.5742e-02	9.6221e-01	1.2940e-03	4.5273e-04	5.3802e-07	2.4512e-26	0.00e+00	0.00e+00	1.1974e+01
6.04419e+17	1.1983e+04	2.068e-17	1.6681e+03	1.7992e+03	2.7096e-15	8.8502e-03	9.9115e-01	2.4296e-03	9.9548e-01	2.0925e-03	2.8687e-19	2.0001e-05	3.6878e-02	8.1891e-01	1.4240e-01	3.4685e-04	3.8540e-02	9.5945e-01	1.2145e-03	4.4951e-04	4.9097e-07	3.2801e-26	0.00e+00	0.00e+00	1.2574e+01
6.10491e+17	1.2049e+04	2.092e-17	1.6681e+03	1.7978e+03	3.0785e-15	9.5082e-03	9.9049e-01	2.5537e-03	9.9540e-01	2.0456e-03	3.8360e-19	2.1368e-05	3.9029e-02	8.2498e-01	1.3429e-01	4.1093e-04	4.2038e-02	9.5597e-01	1.1356e-03	4.4645e-04	4.4481e-07	4.4802e-26	0.00e+00	0.00e+00	1.3146e+01
6.15539e+17	1.2067e+04	2.118e-17	1.6681e+03	1.7966e+03	3.4979e-15	1.0142e-02	9.8986e-01	2.6753e-03	9.9532e-01	2.0062e-03	4.9956e-19	2.2677e-05	4.1086e-02	8.3007e-01	1.2722e-01	4.7818e-04	4.5446e-02	9.5256e-01	1.0706e-03	4.4290e-04	4.0706e-07	5.9506e-26	0.00e+00	0.00e+00	1.3614e+01
6.19691e+17	1.2088e+04	2.138e-17	1.6681e+03	1.7958e+03	3.8888e-15	1.0702e-02	9.8930e-01	2.7818e-03	9.9524e-01	1.9771e-03	6.2460e-19	2.3845e-05	4.2914e-02	8.3416e-01	1.2138e-01	5.4312e-04	4.8553e-02	9.4945e-01	1.0179e-03	4.3981e-04	3.7776e-07	7.5681e-26	0.00e+00	0.00e+00	1.4056e+01
6.24201e+17	1.2105e+04	2.159e-17	1.6681e+03	1.7949e+03	4.3777e-15	1.1347e-02	9.8865e-01	2.9066e-03	9.9515e-01	1.9433e-03	7.9955e-19	2.5214e-05	4.5040e-02	8.3850e-01	1.1499e-01	6.2413e-04	5.2204e-02	9.4578e-01	9.6010e-04	4.3609e-04	3.4737e-07	9.8681e-26	0.00e+00	0.00e+00	1.4665e+01
6.29237e+17	1.2142e+04	2.183e-17	1.6681e+03	1.7934e+03	4.9821e-15	1.2149e-02	9.8785e-01	3.0586e-03	9.9504e-01	1.9063e-03	1.0623e-18	2.6875e-05	4.7631e-02	8.4309e-01	1.0788e-01	7.3551e-04	5.6932e-02	9.4100e-01	8.9822e-04	4.3191e-04	3.1543e-07	1.3349e-25	0.00e+00	0.00e+00	1.5301e+01
6.33740e+17	1.2157e+04	2.207e-17	1.6681e+03	1.7920e+03	5.6690e-15	1.2965e-02	9.8703e-01	3.2144e-03	9.9491e-01	1.8732e-03	1.3943e-18	2.8547e-05	5.0246e-02	8.4702e-01	1.0142e-01	8.6007e-04	6.1864e-02	9.3600e-01	8.4402e-04	4.2741e-04	2.8780e-07	1.7824e-25	0.00e+00	0.00e+00	1.5852e+01
6.37513e+17	1.2169e+04	2.226e-17	1.6681e+03	1.7909e+03	6.3392e-15	1.3703e-02	9.8630e-01	3.3575e-03	9.9480e-01	1.8476e-03	1.7646e-18	3.0082e-05	5.2630e-02	8.5010e-01	9.6019e-02	9.8366e-04	6.6476e-02	9.3132e-01	7.9985e-04	4.2329e-04	2.6601e-07	2.2916e-25	0.00e+00	0.00e+00	1.6359e+01
6.41553e+17	1.2183e+04	2.246e-17	1.6681e+03	1.7896e+03	7.1418e-15	1.4546e-02	9.8545e-01	3.5218e-03	9.9466e-01	1.8192e-03	2.2754e-18	3.1843e-05	5.5364e-02	8.5320e-01	9.0241e-02	1.1369e-03	7.1847e-02	9.2585e-01	7.5230e-04	4.1858e-04	2.4386e-07	2.9981e-25	0.00e+00	0.00e+00	1.7058e+01
6.46002e+17	1.2194e+04	2.270e-17	1.6681e+03	1.7880e+03	8.2196e-15	1.5598e-02	9.8440e-01	3.7247e-03	9.9449e-01	1.7865e-03	3.0622e-18	3.4001e-05	5.8712e-02	8.5627e-01	8.3894e-02	1.3476e-03	7.8757e-02	9.1878e-01	7.0142e-04	4.1271e-04	2.2042e-07	4.1053e-25	0.00e+00	0.00e+00	1.7769e+01
6.49911e+17	1.2206e+04	2.291e-17	1.6681e+03	1.7863e+03	9.3471e-15	1.6636e-02	9.8336e-01	3.9255e-03	9.9431e-01	1.7596e-03	4.0279e-18	3.6108e-05	6.1994e-02	8.5862e-01	7.8329e-02	1.5781e-03	8.5825e-02	9.1153e-01	6.5788e-04	4.0701e-04	2.0080e-07	5.4804e-25	0.00e+00	0.00e+00	1.8380e+01
6.53196e+17	1.2214e+04	2.308e-17	1.6681e+03	1.7842e+03	1.0428e-14	1.7588e-02	9.8241e-01	4.1113e-03	9.9415e-01	1.7380e-03	5.0964e-18	3.8014e-05	6.5000e-02	8.6030e-01	7.3686e-02	1.8093e-03	9.2479e-02	9.0469e-01	6.2194e-04	4.0187e-04	1.8517e-07	7.0015e-25	0.00e+00	0.00e+00	1.8951e+01
6.56739e+17	1.2208e+04	2.327e-17	1.6681e+03	1.7826e+03	1.1833e-14	1.8679e-02	9.8132e-01	4.3298e-03	9.9396e-01	1.7127e-03	6.6182e-18	4.0283e-05	6.8497e-02	8.6182e-01	6.8727e-02	2.0966e-03	1.0023e-01	8.9670e-01	5.8359e-04	3.9561e-04	1.6919e-07	9.2182e-25	0.00e+00	0.00e+00	1.9739e+01
6.60684e+17	1.2206e+04	2.350e-17	1.6681e+03	1.7806e+03	1.3705e-14	2.0063e-02	9.7994e-01	4.6017e-03	9.9371e-01	1.6840e-03	8.9978e-18	4.3080e-05	7.2825e-02	8.6301e-01	6.3264e-02	2.4985e-03	1.1034e-01	8.8623e-01	5.4171e-04	3.8785e-04	1.5204e-07	1.2729e-24	0.00e+00	0.00e+00	2.0560e+01
6.64209e+17	1.2205e+04	2.369e-17	1.6681e+03	1.7783e+03	1.5726e-14	2.1462e-02	9.7854e-01	4.8774e-03	9.9346e-01	1.6596e-03	1.2016e-17	4.5865e-05	7.7165e-02	8.6355e-01	5.8432e-02	2.9498e-03	1.2090e-01	8.7526e-01	5.0508e-04	3.8011e-04	1.3739e-07	1.7231e-24	0.00e+00	0.00e+00	2.1275e+01
6.67184e+17	1.2202e+04	2.385e-17	1.6681e+03	1.7759e+03	1.7722e-14	2.2752e-02	9.7725e-01	5.1358e-03	9.9322e-01	1.6398e-03	1.5449e-17	4.8434e-05	8.1184e-02	8.6358e-01	5.4426e-02	3.4069e-03	1.3090e-01	8.6484e-01	4.7489e-04	3.7299e-04	1.2571e-07	2.2386e-24	0.00e+00	0.00e+00	2.1942e+01
6.70389e+17	1.2190e+04	2.401e-17	1.6681e+03	1.7727e+03	2.0189e-14	2.4244e-02	9.7576e-01	5.4380e-03	9.9295e-01	1.6167e-03	2.0267e-17	5.1363e-05	8.5828e-02	8.6321e-01	5.0196e-02	3.9807e-03	1.4260e-01	8.5262e-01	4.4295e-04	3.6481e-04	1.1390e-07	2.9607e-24	0.00e+00	0.00e+00	2.2867e+01
6.73970e+17	1.2171e+04	2.423e-17	1.6681e+03	1.7697e+03	2.3737e-14	2.6172e-02	9.7383e-01	5.8242e-03	9.9259e-01	1.5899e-03	2.8169e-17	5.5137e-05	9.1692e-02	8.6206e-01	4.5536e-02	4.7970e-03	1.5796e-01	8.3648e-01	4.0755e-04	3.5415e-04	1.1755e-36	4.1785e-24	0.00e+00	0.00e+00	2.3843e+01
6.77206e+17	1.2147e+04	2.443e-17	1.6681e+03	1.7670e+03	2.7791e-14	2.8172e-02	9.7183e-01	6.2290e-03	9.9221e-01	1.5659e-03	3.8689e-17	5.9053e-05	9.7732e-02	8.6020e-01	4.1400e-02	5.7373e-03	1.7424e-01	8.1930e-01	3.7609e-04	3.4312e-04	1.1755e-36	5.8266e-24	0.00e+00	0.00e+00	2.4712e+01
6.79989e+17	1.2129e+04	2.458e-17	1.6681e+03	1.7638e+03	3.1896e-14	3.0076e-02	9.6992e-01	6.6180e-03	9.9184e-01	1.5462e-03	5.1183e-17	6.2711e-05	1.0347e-01	8.5796e-01	3.7941e-02	6.7234e-03	1.9003e-01	8.0256e-01	3.4970e-04	3.3286e-04	1.1755e-36	7.7915e-24	0.00e+00	0.00e+00	2.5547e+01
6.83018e+17	1.2107e+04	2.472e-17	1.6681e+03	1.7603e+03	3.7115e-14	3.2305e-02	9.6769e-01	7.0821e-03	9.9139e-01	1.5242e-03	6.9574e-17	6.7020e-05	1.1021e-01	8.5487e-01	3.4317e-02	7.9872e-03	2.0871e-01	7.8266e-01	3.2203e-04	3.2094e-04	1.1755e-36	1.0714e-23	0.00e+00	0.00e+00	2.6712e+01
6.86435e+17	1.2072e+04	2.490e-17	1.6681e+03	1.7541e+03	4.4753e-14	3.5297e-02	9.6470e-01	7.6881e-03	9.9081e-01	1.4977e-03	1.0076e-16	7.2391e-05	1.1886e-01	8.5025e-01	3.0330e-02	9.8527e-03	2.3364e-01	7.5591e-01	2.9078e-04	3.0561e-04	1.1755e-36	1.5715e-23	0.00e+00	0.00e+00	2.7979e+01
6.89591e+17	1.2031e+04	2.509e-17	1.6681e+03	1.7489e+03	5.4271e-14	3.8583e-02	9.6142e-01	8.3585e-03	9.9017e-01	1.4729e-03	1.4634e-16	7.8308e-05	1.2820e-01	8.4454e-01	2.6740e-02	1.2130e-02	2.6092e-01	7.2640e-01	2.6210e-04	2.8907e-04	1.1755e-36	2.3216e-23	0.00e+00	0.00e+00	2.9158e+01
6.92297e+17	1.1988e+04	2.524e-17	1.6681e+03	1.7444e+03	6.4736e-14	4.1810e-02	9.5819e-01	9.0324e-03	9.8952e-01	1.4517e-03	2.0479e-16	8.4175e-05	1.3736e-01	8.3837e-01	2.3787e-02	1.4596e-02	2.8752e-01	6.9737e-01	2.3823e-04	2.7327e-04	1.1755e-36	3.2991e-23	0.00e+00	0.00e+00	3.0263e+01
6.94787e+17	1.1948e+04	2.535e-17	1.6681e+03	1.7389e+03	7.6496e-14	4.5147e-02	9.5485e-01	9.7327e-03	9.8883e-01	1.4326e-03	2.8108e-16	9.0019e-05	1.4669e-01	8.3166e-01	2.1192e-02	1.7372e-02	3.1458e-01	6.6758e-01	2.1695e-04	2.5767e-04	1.1755e-36	4.5862e-23	0.00e+00	0.00e+00	3.1438e+01
6.97628e+17	1.1905e+04	2.542e-17	1.6681e+03	1.7302e+03	9.2729e-14	4.9379e-02	9.5062e-01	1.0620e-02	9.8797e-01	1.4106e-03	4.0381e-16	9.7012e-05	1.5826e-01	8.2289e-01	1.8412e-02	2.1199e-02	3.4792e-01	6.3045e-01	1.9391e-04	2.3906e-04	1.1755e-36	6.6722e-23	0.00e+00	0.00e+00	3.3108e+01
7.00691e+17	1.1843e+04	2.558e-17	1.6681e+03	1.7212e+03	1.1816e-13	5.5175e-02	9.4483e-01	1.1805e-02	9.8681e-01	1.3848e-03	6.2614e-16	1.0620e-04	1.7319e-01	8.1090e-01	1.5513e-02	2.6872e-02	3.9041e-01	5.8233e-01	1.6855e-04	2.1544e-04	1.1755e-36	1.0585e-22	0.00e+00	0.00e+00	3.4802e+01
7.03238e+17	1.1779e+04	2.570e-17	1.6681e+03	1.7129e+03	1.4832e-13	6.1149e-02	9.3885e-01	1.3035e-02	9.8560e-01	1.3629e-03	9.3310e-16	1.1539e-04	1.8811e-01	7.9831e-01	1.3208e-02	3.3213e-02	4.3089e-01	5.3556e-01	1.4770e-04	1.9328e-04	1.1755e-36	1.6138e-22	0.00e+00	0.00e+00	3.6205e+01
7.05151e+17	1.1742e+04	2.566e-17	1.6681e+03	1.7011e+03	1.7560e-13	6.6088e-02	9.3391e-01	1.4079e-02	9.8457e-01	1.3506e-03	1.2551e-15	1.2253e-04	2.0037e-01	7.8763e-01	1.1631e-02	3.8879e-02	4.6285e-01	4.9796e-01	1.3328e-04	1.7659e-04	1.1755e-36	2.2006e-22	0.00e+00	0.00e+00	3.7350e+01
7.07044e+17	1.1672e+04	2.569e-17	1.6681e+03	1.6937e+03	2.1107e-13	7.1648e-02	9.2835e-01	1.5276e-02	9.8339e-01	1.3333e-03	1.7017e-15	1.3079e-04	2.1396e-01	7.7555e-01	1.0137e-02	4.5438e-02	4.9458e-01	4.5971e-01	1.1963e-04	1.5944e-04	1.1755e-36	3.0314e-22	0.00e+00	0.00e+00	3.8965e+01
7.09170e+17	1.1608e+04	2.571e-17	1.6681e+03	1.6831e+03	2.6359e-13	7.9189e-02	9.2081e-01	1.6845e-02	9.8184e-01	1.3161e-03	2.4513e-15	1.4106e-04	2.3115e-01	7.5995e-01	8.5600e-03	5.4704e-02	5.3263e-01	4.1242e-01	1.0447e-04	1.3906e-04	1.1755e-36	4.4752e-22	0.00e+00	0.00e+00	4.0727e+01
7.11070e+17	1.1544e+04	2.568e-17	1.6681e+03	1.6700e+03	3.2794e-13	8.7358e-02	9.1264e-01	1.8535e-02	9.8016e-01	1.3022e-03	3.4684e-15	1.5133e-04	2.4887e-01	7.4356e-01	7.2420e-03	6.5112e-02	5.6792e-01	3.6676e-01	9.1327e-05	1.2018e-04	1.1755e-36	6.4909e-22	0.00e+00	0.00e+00	4.2279e+01
7.12612e+17	1.1496e+04	2.554e-17	1.6681e+03	1.6541e+03	3.9253e-13	9.4720e-02	9.0528e-01	2.0093e-02	9.7861e-01	1.2944e-03	4.5865e-15	1.5989e-04	2.6453e-01	7.2888e-01	6.2729e-03	7.4819e-02	5.9561e-01	3.2939e-01	8.1589e-05	1.0545e-04	1.1755e-36	8.7385e-22	0.00e+00	0.00e+00	4.3673e+01
7.14219e+17	1.1422e+04	2.540e-17	1.6681e+03	1.6393e+03	4.7918e-13	1.0334e-01	8.9666e-01	2.1950e-02	9.7677e-01	1.2835e-03	6.1655e-15	1.6986e-04	2.8238e-01	7.1197e-01	5.3377e-03	8.6274e-02	6.2206e-01	2.9150e-01	7.2222e-05	9.0751e-05	1.1755e-36	1.1990e-21	0.00e+00	0.00e+00	4.5650e+01
7.15995e+17	1.1344e+04	2.524e-17	1.6681e+03	1.6201e+03	6.1189e-13	1.1515e-01	8.8485e-01	2.4404e-02	9.7432e-01	1.2736e-03	8.7811e-15	1.8201e-04	3.0480e-01	6.9052e-01	4.3808e-03	1.0203e-01	6.4985e-01	2.4798e-01	6.2048e-05	7.4413e-05	1.1755e-36	1.7618e-21	0.00e+00	0.00e+00	4.7754e+01
7.17533e+17	1.1265e+04	2.508e-17	1.6681e+03	1.6027e+03	7.7539e-13	1.2777e-01	8.7222e-01	2.7057e-02	9.7168e-01	1.2647e-03	1.2238e-14	1.9428e-04	3.2756e-01	6.6852e-01	3.6160e-03	1.1890e-01	6.7112e-01	2.0987e-01	5.3591e-05	6.0601e-05	1.1755e-36	2.5380e-21	0.00e+00	0.00e+00	4.9557e+01
7.18749e+17	1.1206e+04	2.473e-17	1.6681e+03	1.5788e+03	9.3049e-13	1.3839e-01	8.6161e-01	2.9370e-02	9.6937e-01	1.2646e-03	1.5656e-14	2.0309e-04	3.4633e-01	6.5028e-01	3.0927e-03	1.3322e-01	6.8464e-01	1.8204e-01	4.7817e-05	5.1120e-05	1.1755e-36	3.3094e-21	0.00e+00	0.00e+00	5.1150e+01
7.20005e+17	1.1126e+04	2.444e-17	1.6681e+03	1.5618e+03	1.1392e-12	1.5095e-01	8.4905e-01	3.2199e-02	9.6654e-01	1.2586e-03	2.0479e-14	2.1423e-04	3.6799e-01	6.2912e-01	2.5913e-03	1.4989e-01	6.9470e-01	1.5532e-01	4.2250e-05	4.2096e-05	1.1755e-36	4.4441e-21	0.00e+00	0.00e+00	5.3407e+01
7.21638e+17	1.1044e+04	2.384e-17	1.6681e+03	1.5257e+03	1.4823e-12	1.6926e-01	8.3074e-01	3.6235e-02	9.6250e-01	1.2622e-03	2.8698e-14	2.2686e-04	3.9687e-01	6.0080e-01	2.0361e-03	1.7400e-01	7.0212e-01	1.2382e-01	3.5834e-05	3.2066e-05	1.1755e-36	6.4411e-21	0.00e+00	0.00e+00	5.6698e+01
7.23252e+17	1.0931e+04	2.321e-17	1.6681e+03	1.4840e+03	2.0240e-12	1.9338e-01	8.0662e-01	4.1464e-02	9.5727e-01	1.2677e-03	4.1893e-14	2.4086e-04	4.3080e-01	5.6735e-01	1.5492e-03	2.0490e-01	7.0105e-01	9.4006e-02	2.9583e-05	2.2981e-05	1.1755e-36	9.8471e-21	0.00e+00	0.00e+00	5.9511e+01
7.24386e+17	1.0837e+04	2.261e-17	1.6681e+03	1.4533e+03	2.5538e-12	2.1336e-01	7.8664e-01	4.6190e-02	9.5254e-01	1.2737e-03	5.5261e-14	2.5198e-04	4.5857e-01	5.3987e-01	1.2523e-03	2.3002e-01	6.9452e-01	7.5412e-02	2.5633e-05	1.7606e-05	1.1755e-36	1.3416e-20	0.00e+00	0.00e+00	6.1506e+01
7.25226e+17	1.0770e+04	2.199e-17	1.6681e+03	1.4249e+03	3.0043e-12	2.2811e-01	7.7189e-01	4.9996e-02	9.4872e-01	1.2809e-03	6.6592e-14	2.5921e-04	4.7928e-01	5.1935e-01	1.0680e-03	2.4841e-01	6.8760e-01	6.3954e-02	2.3211e-05	1.4476e-05	1.1755e-36	1.6456e-20	0.00e+00	0.00e+00	6.3410e+01
7.26138e+17	1.0689e+04	2.133e-17	1.6681e+03	1.3966e+03	3.6028e-12	2.4582e-01	7.5418e-01	5.4667e-02	9.4404e-01	1.2888e-03	8.1850e-14	2.6739e-04	5.0286e-01	4.9595e-01	8.8846e-04	2.7004e-01	6.7693e-01	5.3005e-02	2.0755e-05	1.1560e-05	1.1755e-36	2.0683e-20	0.00e+00	0.00e+00	6.6078e+01
7.27323e+17	1.0584e+04	2.037e-17	1.6681e+03	1.3500e+03	4.6125e-12	2.7180e-01	7.2820e-01	6.1415e-02	9.3728e-01	1.3062e-03	1.0695e-13	2.7596e-04	5.3394e-01	4.6506e-01	6.9065e-04	3.0111e-01	6.5816e-01	4.0704e-02	1.7813e-05	8.4415e-06	1.1755e-36	2.7914e-20	0.00e+00	0.00e+00	6.9913e+01
7.28562e+17	1.0466e+04	1.922e-17	1.6681e+03	1.2933e+03	6.1221e-12	3.0504e-01	6.9496e-01	7.0174e-02	9.2849e-01	1.3334e-03	1.4401e-13	2.8355e-04	5.6951e-01	4.2966e-01	5.1771e-04	3.3979e-01	6.3059e-01	2.9599e-02	1.4875e-05	5.7759e-06	1.1755e-36	3.9141e-20	0.00e+00	0.00e+00	7.3573e+01
7.29551e+17	1.0356e+04	1.812e-17	1.6681e+03	1.2432e+03	7.7179e-12	3.3447e-01	6.6553e-01	7.8832e-02	9.1981e-01	1.3620e-03	1.8200e-13	2.8846e-04	6.0023e-01	3.9906e-01	4.0484e-04	3.7329e-01	6.0427e-01	2.2422e-02	1.2813e-05	4.1600e-06	1.1755e-36	5.0850e-20	0.00e+00	0.00e+00	7.6529e+01
7.30332e+17	1.0264e+04	1.716e-17	1.6681e+03	1.2022e+03	9.2525e-12	3.5856e-01	6.4144e-01	8.6753e-02	9.1186e-01	1.3852e-03	2.1742e-13	2.9193e-04	6.2517e-01	3.7419e-01	3.3119e-04	4.0021e-01	5.8191e-01	1.7867e-02	1.1403e-05	3.1874e-06	1.1755e-36	6.1980e-20	0.00e+00	0.00e+00	7.9254e+01
7.31116e+17	1.0170e+04	1.615e-17	1.6681e+03	1.1584e+03	1.1061e-11	3.8365e-01	6.1635e-01	9.5537e-02	9.0305e-01	1.4122e-03	2.5736e-13	2.9372e-04	6.4998e-01	3.4944e-01	2.6914e-04	4.2779e-01	5.5807e-01	1.4131e-02	1.0142e-05	2.4251e-06	1.1755e-36	7.4584e-20	0.00e+00	0.00e+00	8.2677e+01
7.31988e+17	1.0057e+04	1.498e-17	1.6681e+03	1.1048e+03	1.3630e-11	4.1487e-01	5.8513e-01	1.0660e-01	8.9195e-01	1.4503e-03	3.1099e-13	2.9349e-04	6.7761e-01	3.2187e-01	2.1185e-04	4.6142e-01	5.2790e-01	1.0664e-02	8.8096e-06	1.7480e-06	1.1755e-36	9.2002e-20	0.00e+00	0.00e+00	8.6595e+01
7.32806e+17	9.9443e+03	1.383e-17	1.6681e+03	1.0503e+03	1.6662e-11	4.4685e-01	5.5315e-01	1.1874e-01	8.7976e-01	1.4945e-03	3.7031e-13	2.9111e-04	7.0392e-01	2.9561e-01	1.6810e-04	4.9519e-01	4.9678e-01	8.0203e-03	7.6563e-06	1.2575e-06	1.1755e-36	1.1145e-19	0.00e+00	0.00e+00	9.0074e+01
7.33460e+17	9.8533e+03	1.286e-17	1.6681e+03	1.0051e+03	1.9480e-11	4.7252e-01	5.2748e-01	1.2984e-01	8.6863e-01	1.5332e-03	4.2210e-13	2.8828e-04	7.2493e-01	2.7463e-01	1.3961e-04	5.2188e-01	4.7177e-01	6.3399e-03	6.8524e-06	9.6080e-07	1.1755e-36	1.2831e-19	0.00e+00	0.00e+00	9.2907e+01
7.33998e+17	9.7655e+03	1.206e-17	1.6681e+03	9.6892e+02	2.2149e-11	4.9369e-01	5.0631e-01	1.4014e-01	8.5829e-01	1.5648e-03	4.6747e-13	2.8562e-04	7.4226e-01	2.5733e-01	1.1973e-04	5.4360e-01	4.5119e-01	5.2091e-03	6.2592e-06	7.6840e-07	1.1755e-36	1.4275e-19	0.00e+00	0.00e+00	9.5541e+01
7.34523e+17	9.6791e+03	1.128e-17	1.6681e+03	9.3239e+02	2.5073e-11	5.1464e-01	4.8536e-01	1.5093e-01	8.4747e-01	1.5972e-03	5.1381e-13	2.8198e-04	7.5865e-01	2.4096e-01	1.0309e-04	5.6485e-01	4.3086e-01	4.2809e-03	5.7244e-06	6.1543e-07	1.1755e-36	1.5727e-19	0.00e+00	0.00e+00	9.8483e+01
7.35071e+17	9.5788e+03	1.048e-17	1.6681e+03	8.9324e+02	2.8742e-11	5.3824e-01	4.6176e-01	1.6332e-01	8.3505e-01	1.6350e-03	5.6783e-13	2.7722e-04	7.7546e-01	2.2417e-01	8.8113e-05	5.8847e-01	4.0808e-01	3.4496e-03	5.1774e-06	4.8215e-07	1.1755e-36	1.7437e-19	0.00e+00	0.00e+00	1.0162e+02
7.35502e+17	9.5171e+03	9.841e-18	1.6681e+03	8.5923e+02	3.1765e-11	5.5676e-01	4.4324e-01	1.7332e-01	8.2500e-01	1.6753e-03	6.0958e-13	2.7173e-04	7.8767e-01	2.1198e-01	7.8465e-05	6.0680e-01	3.9030e-01	2.8986e-03	4.7824e-06	3.9662e-07	1.1755e-36	1.8711e-19	0.00e+00	0.00e+00	1.0342e+02
7.35762e+17	9.4660e+03	9.464e-18	1.6681e+03	8.4192e+02	3.3638e-11	5.6608e-01	4.3392e-01	1.8034e-01	8.1797e-01	1.6915e-03	6.3233e-13	2.6948e-04	7.9541e-01	2.0424e-01	7.3327e-05	6.1600e-01	3.8137e-01	2.6281e-03	4.5945e-06	3.5593e-07	1.1755e-36	1.9311e-19	0.00e+00	0.00e+00	1.0469e+02
7.36006e+17	9.4148e+03	9.110e-18	1.6681e+03	8.2605e+02	3.5546e-11	5.7498e-01	4.2502e-01	1.8734e-01	8.1095e-01	1.7041e-03	6.5477e-13	2.6742e-04	8.0279e-01	1.9687e-01	6.8657e-05	6.2474e-01	3.7287e-01	2.3923e-03	4.4215e-06	3.2083e-07	1.1755e-36	1.9902e-19	0.00e+00	0.00e+00	1.0637e+02
7.36325e+17	9.3491e+03	8.661e-18	1.6681e+03	8.0307e+02	3.8377e-11	5.8807e-01	4.1193e-01	1.9641e-01	8.0186e-01	1.7273e-03	6.8666e-13	2.6362e-04	8.1183e-01	1.8783e-01	6.3042e-05	6.3748e-01	3.6042e-01	2.1012e-03	4.1779e-06	2.7784e-07	1.1755e-36	2.0777e-19	0.00e+00	0.00e+00	1.0860e+02
7.36677e+17	9.2779e+03	8.182e-18	1.6681e+03	7.7657e+02	4.1947e-11	6.0420e-01	3.9580e-01	2.0677e-01	7.9148e-01	1.7584e-03	7.2615e-13	2.5865e-04	8.2136e-01	1.7832e-01	5.7471e-05	6.5304e-01	3.4515e-01	1.8047e-03	3.8934e-06	2.3453e-07	1.1755e-36	2.1926e-19	0.00e+00	0.00e+00	1.1079e+02
7.36981e+17	9.2341e+03	7.761e-18	1.6681e+03	7.5195e+02	4.4792e-11	6.1684e-01	3.8316e-01	2.1558e-01	7.8262e-01	1.7940e-03	7.5491e-13	2.5332e-04	8.2887e-01	1.7082e-01	5.3383e-05	6.6516e-01	3.3325e-01	1.5868e-03	3.6809e-06	2.0352e-07	1.1755e-36	2.2630e-19	0.00e+00	0.00e+00	1.1251e+02
7.37242e+17	9.1674e+03	7.421e-18	1.6681e+03	7.3377e+02	4.7859e-11	6.2761e-01	3.7239e-01	2.2448e-01	7.7370e-01	1.8122e-03	7.8221e-13	2.4991e-04	8.3584e-01	1.6385e-01	5.0091e-05	6.7544e-01	3.2313e-01	1.4217e-03	3.5086e-06	1.8038e-07	1.1755e-36	2.3299e-19	0.00e+00	0.00e+00	1.1420e+02
7.37513e+17	9.1173e+03	7.063e-18	1.6681e+03	7.1360e+02	5.0818e-11	6.3832e-01	3.6168e-01	2.3355e-01	7.6461e-01	1.8370e-03	8.0788e-13	2.4561e-04	8.4258e-01	1.5712e-01	4.7011e-05	6.8560e-01	3.1313e-01	1.2675e-03	3.3428e-06	1.5910e-07	1.1755e-36	2.3857e-19	0.00e+00	0.00e+00	1.1612e+02
7.37814e+17	9.0474e+03	6.679e-18	1.6681e+03	6.9066e+02	5.4781e-11	6.5120e-01	3.4880e-01	2.4414e-01	7.5399e-01	1.8664e-03	8.3895e-13	2.4049e-04	8.4990e-01	1.4981e-01	4.3856e-05	6.9775e-01	3.0113e-01	1.1101e-03	3.1518e-06	1.3762e-07	1.1755e-36	2.4537e-19	0.00e+00	0.00e+00	1.1830e+02
7.38118e+17	8.9744e+03	6.307e-18	1.6681e+03	6.6780e+02	5.9217e-11	6.6477e-01	3.3523e-01	2.5528e-01	7.4283e-01	1.8963e-03	8.7209e-13	2.3514e-04	8.5700e-01	1.4272e-01	4.1004e-05	7.1046e-01	2.8857e-01	9.6788e-04	2.9595e-06	1.1755e-36	1.1755e-36	2.5278e-19	0.00e+00	0.00e+00	1.2033e+02
7.38387e+17	8.9242e+03	5.981e-18	1.6681e+03	6.4712e+02	6.2823e-11	6.7545e-01	3.2455e-01	2.6515e-01	7.3292e-01	1.9286e-03	8.9608e-13	2.2996e-04	8.6282e-01	1.3691e-01	3.8823e-05	7.2041e-01	2.7872e-01	8.6060e-04	2.8136e-06	1.1755e-36	1.1755e-36	2.5656e-19	0.00e+00	0.00e+00	1.2209e+02
7.38642e+17	8.8510e+03	5.687e-18	1.6681e+03	6.2936e+02	6.7153e-11	6.8575e-01	3.1425e-01	2.7583e-01	7.2223e-01	1.9476e-03	9.2154e-13	2.2581e-04	8.6865e-01	1.3108e-01	3.6876e-05	7.2997e-01	2.6926e-01	7.6912e-04	2.6785e-06	1.1755e-36	1.1755e-36	2.6078e-19	0.00e+00	0.00e+00	1.2399e+02
7.38916e+17	8.7845e+03	5.376e-18	1.6681e+03	6.0930e+02	7.1768e-11	6.9671e-01	3.0329e-01	2.8711e-01	7.1092e-01	1.9745e-03	9.4687e-13	2.2068e-04	8.7444e-01	1.2530e-01	3.4999e-05	7.4009e-01	2.5923e-01	6.8086e-04	2.5390e-06	1.1755e-36	1.1755e-36	2.6416e-19	0.00e+00	0.00e+00	1.2607e+02
7.39199e+17	8.7159e+03	5.063e-18	1.6681e+03	5.8800e+02	7.6937e-11	7.0828e-01	2.9172e-01	2.9896e-01	6.9903e-01	2.0066e-03	9.7266e-13	2.1500e-04	8.8009e-01	1.1966e-01	3.3250e-05	7.5070e-01	2.4870e-01	5.9898e-04	2.3971e-06	1.1755e-36	1.1755e-36	2.6704e-19	0.00e+00	0.00e+00	1.2819e+02
7.39473e+17	8.6431e+03	4.776e-18	1.6681e+03	5.6823e+02	8.2456e-11	7.1931e-01	2.8069e-01	3.1103e-01	6.8694e-01	2.0350e-03	9.9735e-13	2.0962e-04	8.8538e-01	1.1438e-01	3.1736e-05	7.6077e-01	2.3870e-01	5.2953e-04	2.2666e-06	1.1755e-36	1.1755e-36	2.6932e-19	0.00e+00	0.00e+00	1.3018e+02
7.39729e+17	8.5790e+03	4.514e-18	1.6681e+03	5.4983e+02	8.7678e-11	7.2892e-01	2.7108e-01	3.2261e-01	6.7533e-01	2.0620e-03	1.0175e-12	2.0451e-04	8.9009e-01	1.0967e-01	3.0475e-05	7.6950e-01	2.3002e-01	4.7285e-04	2.1563e-06	1.1755e-36	1.1755e-36	2.6982e-19	0.00e+00	0.00e+00	1.3211e+02
7.39988e+17	8.4968e+03	4.263e-18	1.6681e+03	5.3235e+02	9.4075e-11	7.3886e-01	2.6114e-01	3.3537e-01	6.6255e-01	2.0816e-03	1.0399e-12	1.9970e-04	8.9490e-01	1.0487e-01	2.9295e-05	7.7849e-01	2.2108e-01	4.2144e-04	2.0461e-06	1.1755e-36	1.1755e-36	2.7074e-19	0.00e+00	0.00e+00	1.3418e+02
7.40255e+17	8.4221e+03	4.009e-18	1.6681e+03	5.1339e+02	1.0071e-10	7.4891e-01	2.5109e-01	3.4828e-01	6.4961e-01	2.1102e-03	1.0600e-12	1.9415e-04	8.9942e-01	1.0036e-01	2.8207e-05	7.8754e-01	2.1208e-01	3.7423e-04	1.9376e-06	1.1755e-36	1.1755e-36	2.7003e-19	0.00e+00	0.00e+00	1.3630e+02
7.40520e+17	8.3468e+03	3.770e-18	1.6681e+03	4.9510e+02	1.0778e-10	7.5872e-01	2.4128e-01	3.6148e-01	6.3638e-01	2.1370e-03	1.0793e-12	1.8871e-04	9.0369e-01	9.6089e-02	2.7237e-05	7.9633e-01	2.0333e-01	3.3297e-04	1.8348e-06	1.1755e-36	1.1755e-36	2.6882e-19	0.00e+00	0.00e+00	1.3839e+02
7.40778e+17	8.2676e+03	3.547e-18	1.6681e+03	4.7775e+02	1.1541e-10	7.6795e-01	2.3205e-01	3.7481e-01	6.2303e-01	2.1605e-03	1.0969e-12	1.8349e-04	9.0768e-01	9.2110e-02	2.6390e-05	8.0457e-01	1.9513e-01	2.9780e-04	1.7408e-06	1.1755e-36	1.1755e-36	2.6676e-19	0.00e+00	0.00e+00	1.4044e+02
7.41032e+17	8.1828e+03	3.337e-18	1.6681e+03	4.6087e+02	1.2389e-10	7.7682e-01	2.2318e-01	3.8841e-01	6.0941e-01	2.1815e-03	1.1131e-12	1.7837e-04	9.1145e-01	8.8343e-02	2.5637e-05	8.1246e-01	1.8727e-01	2.6721e-04	1.6530e-06	1.1755e-36	1.1755e-36	2.6386e-19	0.00e+00	0.00e+00	1.4252e+02
7.41289e+17	8.0934e+03	3.135e-18	1.6681e+03	4.4431e+02	1.3338e-10	7.8574e-01	2.1426e-01	4.0266e-01	5.9514e-01	2.2003e-03	1.1294e-12	1.7324e-04	9.1510e-01	8.4696e-02	2.4943e-05	8.2036e-01	1.7939e-01	2.3972e-04	1.5668e-06	1.1755e-36	1.1755e-36	2.6064e-19	0.00e+00	0.00e+00	1.4466e+02
7.41545e+17	8.0070e+03	2.941e-18	1.6681e+03	4.2774e+02	1.4340e-10	7.9436e-01	2.0564e-01	4.1691e-01	5.8087e-01	2.2215e-03	1.1436e-12	1.6797e-04	9.1848e-01	8.1330e-02	2.4323e-05	8.2797e-01	1.7182e-01	2.1561e-04	1.4856e-06	1.1755e-36	1.1755e-36	2.5637e-19	0.00e+00	0.00e+00	1.4679e+02
7.41798e+17	7.9194e+03	2.761e-18	1.6681e+03	4.1198e+02	1.5419e-10	8.0258e-01	1.9742e-01	4.3139e-01	5.6637e-01	2.2390e-03	1.1568e-12	1.6290e-04	9.2164e-01	7.8173e-02	2.3772e-05	8.3519e-01	1.6461e-01	1.9474e-04	1.4100e-06	1.1755e-36	1.1755e-36	2.5172e-19	0.00e+00	0.00e+00	1.4892e+02
7.42050e+17	7.8330e+03	2.588e-18	1.6681e+03	3.9631e+02	1.6568e-10	8.1034e-01	1.8966e-01	4.4586e-01	5.5188e-01	2.2578e-03	1.1674e-12	1.5777e-04	9.2456e-01	7.5258e-02	2.3283e-05	8.4199e-01	1.5783e-01	1.7661e-04	1.3401e-06	1.1755e-36	1.1755e-36	2.4591e-19	0.00e+00	0.00e+00	1.5107e+02
7.42303e+17	7.7306e+03	2.425e-18	1.6681e+03	3.8124e+02	1.7987e-10	8.1834e-01	1.8166e-01	4.6119e-01	5.3654e-01	2.2684e-03	1.1797e-12	1.5284e-04	9.2743e-01	7.2395e-02	2.2831e-05	8.4897e-01	1.5087e-01	1.6035e-04	1.2699e-06	1.1755e-36	1.1755e-36	2.4043e-19	0.00e+00	0.00e+00	1.5326e+02
7.42555e+17	7.6368e+03	2.271e-18	1.6681e+03	3.6621e+02	1.9429e-10	8.2573e-01	1.7427e-01	4.7611e-01	5.2160e-01	2.2846e-03	1.1886e-12	1.4775e-04	9.2997e-01	6.9854e-02	2.2434e-05	8.5540e-01	1.4446e-01	1.4638e-04	1.2062e-06	1.1755e-36	1.1755e-36	2.3369e-19	0.00e+00	0.00e+00	1.5542e+02
7.42799e+17	7.5298e+03	2.130e-18	1.6681e+03	3.5257e+02	2.1161e-10	8.3295e-01	1.6705e-01	4.9149e-01	5.0623e-01	2.2877e-03	1.1990e-12	1.4320e-04	9.3241e-01	6.7422e-02	2.2083e-05	8.6166e-01	1.3820e-01	1.3440e-04	1.1454e-06	1.1755e-36	1.1755e-36	2.2776e-19	0.00e+00	0.00e+00	1.5753e+02
7.43041e+17	7.4239e+03	1.998e-18	1.6681e+03	3.3917e+02	2.3044e-10	8.3966e-01	1.6034e-01	5.0676e-01	4.9095e-01	2.2912e-03	1.2072e-12	1.3865e-04	9.3464e-01	6.5200e-02	2.1774e-05	8.6747e-01	1.3241e-01	1.2408e-04	1.0899e-06	1.1755e-36	1.1755e-36	2.2105e-19	0.00e+00	0.00e+00	1.5968e+02
7.43285e+17	7.3136e+03	1.871e-18	1.6681e+03	3.2595e+02	2.5203e-10	8.4631e-01	1.5369e-01	5.2231e-01	4.7540e-01	2.2925e-03	1.2151e-12	1.3409e-04	9.3673e-01	6.3114e-02	2.1492e-05	8.7320e-01	1.2668e-01	1.1490e-04	1.0359e-06	1.1755e-36	1.1755e-36	2.1415e-19	0.00e+00	0.00e+00	1.6187e+02
7.43529e+17	7.2005e+03	1.752e-18	1.6681e+03	3.1301e+02	2.7657e-10	8.5278e-01	1.4722e-01	5.3788e-01	4.5983e-01	2.2923e-03	1.2224e-12	1.2957e-04	9.3864e-01	6.1204e-02	2.1238e-05	8.7876e-01	1.2113e-01	1.0687e-04	9.8428e-07	1.1755e-36	1.1755e-36	2.0708e-19	0.00e+00	0.00e+00	1.6404e+02
7.43767e+17	7.0801e+03	1.643e-18	1.6681e+03	3.0059e+02	3.0538e-10	8.5878e-01	1.4122e-01	5.5317e-01	4.4454e-01	2.2887e-03	1.2285e-12	1.2522e-04	9.4036e-01	5.9490e-02	2.1021e-05	8.8392e-01	1.1598e-01	1.0011e-04	9.3715e-07	1.1755e-36	1.1755e-36	1.9981e-19	0.00e+00	0.00e+00	1.6616e+02
7.43997e+17	6.9644e+03	1.543e-18	1.6681e+03	2.8921e+02	3.3647e-10	8.6432e-01	1.3568e-01	5.6819e-01	4.2953e-01	2.2797e-03	1.2346e-12	1.2119e-04	9.4191e-01	5.7943e-02	2.0833e-05	8.8866e-01	1.1124e-01	9.4396e-05	8.9434e-07	1.1755e-36	1.1755e-36	1.9315e-19	0.00e+00	0.00e+00	1.6822e+02
7.44226e+17	6.8442e+03	1.450e-18	1.6681e+03	2.7829e+02	3.7260e-10	8.6961e-01	1.3039e-01	5.8331e-01	4.1442e-01	2.2657e-03	1.2408e-12	1.1730e-04	9.4336e-01	5.6501e-02	2.0666e-05	8.9319e-01	1.0672e-01	8.9437e-05	8.5404e-07	1.1755e-36	1.1755e-36	1.8673e-19	0.00e+00	0.00e+00	1.7033e+02
7.44458e+17	6.7195e+03	1.360e-18	1.6681e+03	2.6734e+02	4.1520e-10	8.7490e-01	1.2510e-01	5.9857e-01	3.9918e-01	2.2507e-03	1.2471e-12	1.1336e-04	9.4469e-01	5.5178e-02	2.0513e-05	8.9769e-01	1.0222e-01	8.4993e-05	8.1431e-07	1.1755e-36	1.1755e-36	1.8035e-19	0.00e+00	0.00e+00	1.7250e+02
7.44690e+17	6.6010e+03	1.276e-18	1.6681e+03	2.5654e+02	4.6163e-10	8.7985e-01	1.2015e-01	6.1328e-01	3.8448e-01	2.2391e-03	1.2525e-12	1.0937e-04	9.4582e-01	5.4046e-02	2.0378e-05	9.0190e-01	9.8017e-02	8.1148e-05	7.7757e-07	1.1755e-36	1.1755e-36	1.7391e-19	0.00e+00	0.00e+00	1.7462e+02
7.44914e+17	6.4685e+03	1.201e-18	1.6681e+03	2.4688e+02	5.2006e-10	8.8463e-01	1.1537e-01	6.2802e-01	3.6977e-01	2.2139e-03	1.2604e-12	1.0588e-04	9.4687e-01	5.3000e-02	2.0266e-05	9.0596e-01	9.3958e-02	7.7968e-05	7.4260e-07	1.1755e-36	1.1755e-36	1.6891e-19	0.00e+00	0.00e+00	1.7665e+02
7.45135e+17	6.3430e+03	1.131e-18	1.6681e+03	2.3751e+02	5.8415e-10	8.8883e-01	1.1117e-01	6.4230e-01	3.5551e-01	2.1898e-03	1.2671e-12	1.0241e-04	9.4779e-01	5.2084e-02	2.0172e-05	9.0952e-01	9.0401e-02	7.5297e-05	7.1224e-07	1.1755e-36	1.1755e-36	1.6390e-19	0.00e+00	0.00e+00	1.7874e+02
7.45359e+17	6.2166e+03	1.064e-18	1.6681e+03	2.2842e+02	6.5881e-10	8.9312e-01	1.0688e-01	6.5672e-01	3.4112e-01	2.1616e-03	1.2760e-12	9.9035e-05	9.4863e-01	5.1250e-02	2.0083e-05	9.1315e-01	8.6773e-02	7.2880e-05	6.8148e-07	1.1755e-36	1.1755e-36	1.5980e-19	0.00e+00	0.00e+00	1.8086e+02
7.45586e+17	6.0809e+03	1.000e-18	1.6681e+03	2.1940e+02	7.5194e-10	8.9731e-01	1.0269e-01	6.7105e-01	3.2682e-01	2.1308e-03	1.2864e-12	9.5662e-05	9.4935e-01	5.0528e-02	2.0008e-05	9.1669e-01	8.3235e-02	7.0816e-05	6.5180e-07	1.1755e-36	1.1755e-36	1.5638e-19	0.00e+00	0.00e+00	1.8301e+02
7.45810e+17	5.9451e+03	9.417e-19	1.6681e+03	2.1084e+02	8.6135e-10	9.0124e-01	9.8757e-02	6.8499e-01	3.1291e-01	2.0972e-03	1.2987e-12	9.2446e-05	9.4996e-01	4.9929e-02	1.9946e-05	9.2002e-01	7.9915e-02	6.9099e-05	6.2419e-07	1.1755e-36	1.1755e-36	1.5401e-19	0.00e+00	0.00e+00	1.8511e+02
7.46029e+17	5.8086e+03	8.883e-19	1.6681e+03	2.0289e+02	9.9065e-10	9.0484e-01	9.5155e-02	6.9862e-01	2.9932e-01	2.0583e-03	1.3134e-12	8.9454e-05	9.5047e-01	4.9422e-02	1.9898e-05	9.2306e-01	7.6876e-02	6.7712e-05	5.9917e-07	1.1755e-36	1.1755e-36	1.5297e-19	0.00e+00	0.00e+00	1.8719e+02
7.46249e+17	5.6688e+03	8.382e-19	1.6681e+03	1.9522e+02	1.1475e-09	9.0829e-01	9.1713e-02	7.1212e-01	2.8586e-01	2.0156e-03	1.3314e-12	8.6563e-05	9.5090e-01	4.8993e-02	1.9861e-05	9.2596e-01	7.3975e-02	6.6564e-05	5.7548e-07	1.1755e-36	1.1755e-36	1.5343e-19	0.00e+00	0.00e+00	1.8931e+02
7.46473e+17	5.5252e+03	7.904e-19	1.6681e+03	1.8765e+02	1.3398e-09	9.1168e-01	8.8319e-02	7.2551e-01	2.7252e-01	1.9707e-03	1.3540e-12	8.3694e-05	9.5123e-01	4.8661e-02	1.9832e-05	9.2882e-01	7.1118e-02	6.5603e-05	5.5230e-07	1.1755e-36	1.1755e-36	1.5571e-19	0.00e+00	0.00e+00	1.9148e+02
7.46699e+17	5.3800e+03	7.458e-19	1.6681e+03	1.8036e+02	1.5725e-09	9.1494e-01	8.5065e-02	7.3855e-01	2.5953e-01	1.9237e-03	1.3821e-12	8.0923e-05	9.5146e-01	4.8437e-02	1.9811e-05	9.3155e-01	6.8380e-02	6.4840e-05	5.3025e-07	1.1755e-36	1.1755e-36	1.6031e-19	0.00e+00	0.00e+00	1.9365e+02
7.46922e+17	5.2341e+03	7.050e-19	1.6681e+03	1.7352e+02	1.8518e-09	9.1795e-01	8.2047e-02	7.5119e-01	2.4693e-01	1.8732e-03	1.4164e-12	7.8330e-05	9.5160e-01	4.8300e-02	1.9801e-05	9.3409e-01	6.5842e-02	6.4279e-05	5.0998e-07	1.1755e-36	1.1755e-36	1.6782e-19	0.00e+00	0.00e+00	1.9579e+02
7.47146e+17	5.0861e+03	6.669e-19	1.6681e+03	1.6701e+02	2.1903e-09	9.2080e-01	7.9203e-02	7.6358e-01	2.3460e-01	1.8190e-03	1.4590e-12	7.5871e-05	9.5166e-01	4.8241e-02	1.9800e-05	9.3649e-01	6.3448e-02	6.3889e-05	4.9100e-07	1.1755e-36	1.1755e-36	1.7901e-19	0.00e+00	0.00e+00	1.9798e+02
7.47374e+17	4.9324e+03	6.308e-19	1.6681e+03	1.6062e+02	2.6002e-09	9.2358e-01	7.6417e-02	7.7579e-01	2.2244e-01	1.7621e-03	1.5044e-12	7.3489e-05	9.5187e-01	4.8033e-02	1.9807e-05	9.3883e-01	6.1104e-02	6.3646e-05	4.7256e-07	1.1755e-36	1.1755e-36	1.9153e-19	0.00e+00	0.00e+00	2.0023e+02
7.47601e+17	4.7794e+03	5.978e-19	1.6681e+03	1.5456e+02	3.0657e-09	9.2622e-01	7.3779e-02	7.8737e-01	2.1093e-01	1.7051e-03	1.5431e-12	7.1269e-05	9.5231e-01	4.7600e-02	1.9819e-05	9.4105e-01	5.8884e-02	6.3543e-05	4.5520e-07	1.1755e-36	1.1755e-36	2.0178e-19	0.00e+00	0.00e+00	2.0240e+02
7.47816e+17	4.6338e+03	5.691e-19	1.6681e+03	1.4922e+02	3.5683e-09	9.2851e-01	7.1494e-02	7.9804e-01	2.0031e-01	1.6473e-03	1.5801e-12	6.9350e-05	9.5270e-01	4.7208e-02	1.9840e-05	9.4298e-01	5.6957e-02	6.3576e-05	4.4028e-07	1.1755e-36	1.1755e-36	2.1254e-19	0.00e+00	0.00e+00	2.0444e+02
7.48020e+17	4.4914e+03	5.440e-19	1.6681e+03	1.4448e+02	4.1098e-09	9.3052e-01	6.9482e-02	8.0795e-01	1.9046e-01	1.5883e-03	1.6149e-12	6.7701e-05	9.5309e-01	4.6825e-02	1.9870e-05	9.4468e-01	5.5255e-02	6.3734e-05	4.2724e-07	1.1755e-36	1.1755e-36	2.2340e-19	0.00e+00	0.00e+00	2.0639e+02
7.48214e+17	4.3617e+03	5.218e-19	1.6681e+03	1.4021e+02	4.6310e-09	9.3228e-01	6.7723e-02	8.1692e-01	1.8155e-01	1.5333e-03	1.6437e-12	6.6233e-05	9.5342e-01	4.6496e-02	1.9901e-05	9.4617e-01	5.3764e-02	6.3935e-05	4.1587e-07	1.1755e-36	1.1755e-36	2.3218e-19	0.00e+00	0.00e+00	2.0824e+02
7.48403e+17	4.2354e+03	5.015e-19	1.6681e+03	1.3625e+02	5.1463e-09	9.3392e-01	6.6083e-02	8.2544e-01	1.7308e-01	1.4783e-03	1.6674e-12	6.4911e-05	9.5375e-01	4.6163e-02	1.9936e-05	9.4756e-01	5.2374e-02	6.4191e-05	4.0534e-07	1.1755e-36	1.1755e-36	2.3889e-19	0.00e+00	0.00e+00	2.1011e+02
7.48594e+17	4.1164e+03	4.822e-19	1.6681e+03	1.3233e+02	5.6121e-09	9.3546e-01	6.4545e-02	8.3338e-01	1.6519e-01	1.4285e-03	1.6838e-12	6.3582e-05	9.5402e-01	4.5892e-02	1.9971e-05	9.4887e-01	5.1069e-02	6.4461e-05	3.9548e-07	1.1755e-36	1.1755e-36	2.4184e-19	0.00e+00	0.00e+00	2.1199e+02
7.48788e+17	3.9917e+03	4.638e-19	1.6681e+03	1.2862e+02	6.0641e-09	9.3713e-01	6.2874e-02	8.4139e-01	1.5724e-01	1.3736e-03	1.6948e-12	6.2407e-05	9.5434e-01	4.5577e-02	2.0010e-05	9.5028e-01	4.9656e-02	6.4788e-05	3.8480e-07	1.1755e-36	1.1755e-36	2.4199e-19	0.00e+00	0.00e+00	2.1395e+02
