#depth	Te	Htot	hden	eden	2H_2/H	HI	HII	HeI	HeII	HeIII	CO/C	C1	C2	C3	C4	O1	O2	O3	O4	O5	O6	H2O/O	AV(point)	AV(extend)	Tau912
1.51986e+12	1.0324e+04	1.214e-16	4.6416e+03	5.1131e+03	6.4326e-14	1.6822e-02	9.8318e-01	1.1708e-02	6.3521e-01	3.5308e-01	3.9022e-15	1.4322e-03	2.4325e-01	7.3362e-01	2.1446e-02	8.0184e-03	3.9964e-01	5.6112e-01	3.0876e-02	3.4450e-04	3.8549e-07	6.8942e-23	0.00e+00	0.00e+00	1.4985e-03
9.11918e+12	1.0312e+04	1.210e-16	4.6416e+03	5.1047e+03	6.4238e-14	1.6765e-02	9.8323e-01	1.1688e-02	6.3498e-01	3.5333e-01	3.8558e-15	1.4230e-03	2.4296e-01	7.3381e-01	2.1549e-02	7.9662e-03	3.9839e-01	5.6233e-01	3.0969e-02	3.4566e-04	3.8787e-07	6.7850e-23	0.00e+00	0.00e+00	7.4723e-03
3.95164e+13	1.0296e+04	1.203e-16	4.6416e+03	5.1023e+03	6.4037e-14	1.6685e-02	9.8331e-01	1.1699e-02	6.3557e-01	3.5273e-01	3.7944e-15	1.4150e-03	2.4294e-01	7.3380e-01	2.1594e-02	7.8893e-03	3.9639e-01	5.6445e-01	3.0926e-02	3.4401e-04	3.8815e-07	6.6455e-23	0.00e+00	0.00e+00	3.1253e-02
1.61106e+14	1.0240e+04	1.185e-16	4.6416e+03	5.1009e+03	6.4766e-14	1.6602e-02	9.8340e-01	1.1815e-02	6.3991e-01	3.4827e-01	3.7037e-15	1.4107e-03	2.4346e-01	7.3349e-01	2.1387e-02	7.7721e-03	3.9219e-01	5.6949e-01	3.0209e-02	3.3101e-04	3.7736e-07	6.4660e-23	0.00e+00	0.00e+00	1.2590e-01
3.84829e+14	1.0056e+04	1.127e-16	4.6416e+03	5.1040e+03	6.1816e-14	1.5681e-02	9.8432e-01	1.1823e-02	6.4133e-01	3.4685e-01	3.1088e-15	1.3586e-03	2.4279e-01	7.3348e-01	2.2112e-02	6.9545e-03	3.7148e-01	5.9009e-01	3.1144e-02	3.3199e-04	4.0206e-07	5.1236e-23	0.00e+00	0.00e+00	2.4212e-01
6.75670e+14	9.9086e+03	1.084e-16	4.6416e+03	5.1044e+03	6.0704e-14	1.5130e-02	9.8487e-01	1.1933e-02	6.4786e-01	3.4021e-01	2.7440e-15	1.3285e-03	2.4251e-01	7.3371e-01	2.2194e-02	6.4607e-03	3.5749e-01	6.0506e-01	3.0675e-02	3.1654e-04	4.0072e-07	4.3838e-23	0.00e+00	0.00e+00	3.8789e-01
1.05376e+15	9.7856e+03	1.048e-16	4.6416e+03	5.1007e+03	6.1460e-14	1.4885e-02	9.8511e-01	1.2168e-02	6.6017e-01	3.2766e-01	2.5336e-15	1.3165e-03	2.4278e-01	7.3402e-01	2.1631e-02	6.2120e-03	3.4901e-01	6.1567e-01	2.8814e-02	2.8591e-04	3.7327e-07	4.0212e-23	0.00e+00	0.00e+00	5.7433e-01
1.54529e+15	9.6750e+03	1.022e-16	4.6416e+03	5.0960e+03	6.5325e-14	1.5038e-02	9.8496e-01	1.2633e-02	6.8023e-01	3.0714e-01	2.5062e-15	1.3332e-03	2.4457e-01	7.3361e-01	2.0260e-02	6.2715e-03	3.4817e-01	6.1993e-01	2.5386e-02	2.3991e-04	3.1734e-07	4.0709e-23	0.00e+00	0.00e+00	8.1919e-01
2.16180e+15	9.6190e+03	1.001e-16	4.6416e+03	5.0794e+03	7.1788e-14	1.5615e-02	9.8438e-01	1.3295e-02	7.0747e-01	2.7924e-01	2.6615e-15	1.3770e-03	2.4751e-01	7.3270e-01	1.8231e-02	6.6805e-03	3.5624e-01	6.1607e-01	2.0816e-02	1.8654e-04	2.4475e-07	4.5626e-23	0.00e+00	0.00e+00	1.1292e+00
2.82666e+15	9.5922e+03	9.924e-17	4.6416e+03	5.0614e+03	8.2388e-14	1.6669e-02	9.8333e-01	1.4134e-02	7.3805e-01	2.4781e-01	3.0612e-15	1.4520e-03	2.5199e-01	7.3050e-01	1.5913e-02	7.4923e-03	3.7309e-01	6.0309e-01	1.6182e-02	1.3804e-04	1.7510e-07	5.6830e-23	0.00e+00	0.00e+00	1.4478e+00
3.52684e+15	9.6072e+03	9.964e-17	4.6416e+03	5.0389e+03	1.0148e-13	1.8561e-02	9.8144e-01	1.5331e-02	7.7108e-01	2.1359e-01	4.0345e-15	1.5897e-03	2.6015e-01	7.2486e-01	1.3277e-02	9.0938e-03	4.0478e-01	5.7443e-01	1.1595e-02	9.4934e-05	1.1755e-36	8.3700e-23	0.00e+00	0.00e+00	1.8547e+00
4.18790e+15	9.6598e+03	1.011e-16	4.6416e+03	5.0150e+03	1.2697e-13	2.0981e-02	9.7902e-01	1.6526e-02	7.9968e-01	1.8379e-01	5.5326e-15	1.7465e-03	2.6863e-01	7.1850e-01	1.1024e-02	1.1258e-02	4.4110e-01	5.3939e-01	8.1796e-03	6.5709e-05	1.1755e-36	1.2970e-22	0.00e+00	0.00e+00	2.2077e+00
4.68884e+15	9.7244e+03	1.029e-16	4.6416e+03	4.9944e+03	1.5539e-13	2.3486e-02	9.7651e-01	1.7576e-02	8.1950e-01	1.6293e-01	7.4566e-15	1.8999e-03	2.7672e-01	7.1190e-01	9.4058e-03	1.3639e-02	4.7518e-01	5.0508e-01	6.0531e-03	4.8699e-05	1.1755e-36	1.9441e-22	0.00e+00	0.00e+00	2.5021e+00
5.09691e+15	9.7845e+03	1.047e-16	4.6416e+03	4.9756e+03	1.8755e-13	2.6062e-02	9.7394e-01	1.8584e-02	8.3433e-01	1.4708e-01	9.8728e-15	2.0525e-03	2.8480e-01	7.0492e-01	8.1577e-03	1.6218e-02	5.0689e-01	4.7224e-01	4.6138e-03	3.7625e-05	1.1755e-36	2.8258e-22	0.00e+00	0.00e+00	2.7987e+00
5.54352e+15	9.8508e+03	1.070e-16	4.6416e+03	4.9576e+03	2.3644e-13	2.9546e-02	9.7045e-01	1.9868e-02	8.4931e-01	1.3083e-01	1.3916e-14	2.2549e-03	2.9543e-01	6.9539e-01	6.8768e-03	1.9858e-02	5.4428e-01	4.3250e-01	3.3320e-03	2.7989e-05	1.1755e-36	4.4428e-22	0.00e+00	0.00e+00	3.2359e+00
6.02094e+15	9.9326e+03	1.099e-16	4.6416e+03	4.9254e+03	3.0825e-13	3.4160e-02	9.6584e-01	2.1399e-02	8.6285e-01	1.1575e-01	2.0557e-14	2.4931e-03	3.0794e-01	6.8385e-01	5.6721e-03	2.4943e-02	5.8708e-01	3.8566e-01	2.2934e-03	2.0382e-05	1.1755e-36	7.4083e-22	0.00e+00	0.00e+00	3.6863e+00
6.42163e+15	1.0016e+04	1.130e-16	4.6416e+03	4.8992e+03	3.9337e-13	3.9061e-02	9.6094e-01	2.2809e-02	8.7264e-01	1.0456e-01	2.9306e-14	2.7201e-03	3.1953e-01	6.7296e-01	4.7598e-03	3.0485e-02	6.2305e-01	3.4482e-01	1.6345e-03	1.5539e-05	1.1755e-36	1.1825e-21	0.00e+00	0.00e+00	4.0886e+00
6.75553e+15	1.0081e+04	1.156e-16	4.6416e+03	4.8718e+03	4.9125e-13	4.4024e-02	9.5598e-01	2.4188e-02	8.7980e-01	9.6009e-02	4.0186e-14	2.9345e-03	3.3067e-01	6.6230e-01	4.0649e-03	3.6266e-02	6.5309e-01	3.0943e-01	1.2049e-03	1.2304e-05	1.1755e-36	1.7881e-21	0.00e+00	0.00e+00	4.4968e+00
7.11934e+15	1.0142e+04	1.185e-16	4.6416e+03	4.8389e+03	6.3791e-13	5.0476e-02	9.4952e-01	2.5943e-02	8.8681e-01	8.7248e-02	5.7668e-14	3.1977e-03	3.4458e-01	6.4882e-01	3.3795e-03	4.3942e-02	6.8415e-01	2.7105e-01	8.4461e-04	9.4764e-06	1.1755e-36	2.8626e-21	0.00e+00	0.00e+00	5.1052e+00
7.51928e+15	1.0204e+04	1.222e-16	4.6416e+03	4.8048e+03	8.7206e-13	5.9302e-02	9.4070e-01	2.8109e-02	8.9313e-01	7.8757e-02	8.7768e-14	3.5179e-03	3.6140e-01	6.3234e-01	2.7201e-03	5.4552e-02	7.1467e-01	2.3021e-01	5.5846e-04	7.0692e-06	1.1755e-36	4.9698e-21	0.00e+00	0.00e+00	5.7806e+00
7.87456e+15	1.0259e+04	1.255e-16	4.6416e+03	4.7595e+03	1.1779e-12	6.9127e-02	9.3087e-01	3.0429e-02	8.9743e-01	7.2141e-02	1.3027e-13	3.8303e-03	3.7865e-01	6.1530e-01	2.2066e-03	6.6565e-02	7.3885e-01	1.9421e-01	3.7460e-04	5.3667e-06	1.1755e-36	8.3277e-21	0.00e+00	0.00e+00	6.4328e+00
8.18171e+15	1.0304e+04	1.276e-16	4.6416e+03	4.6912e+03	1.5414e-12	7.9164e-02	9.2084e-01	3.2790e-02	9.0016e-01	6.7048e-02	1.8356e-13	4.0991e-03	3.9491e-01	5.9916e-01	1.8250e-03	7.8988e-02	7.5602e-01	1.6473e-01	2.6005e-04	4.1964e-06	1.1755e-36	1.2994e-20	0.00e+00	0.00e+00	7.1111e+00
8.51794e+15	1.0324e+04	1.300e-16	4.6416e+03	4.6257e+03	2.1318e-12	9.2518e-02	9.0748e-01	3.5870e-02	9.0254e-01	6.1591e-02	2.7371e-13	4.4397e-03	4.1544e-01	5.7865e-01	1.4560e-03	9.5443e-02	7.6889e-01	1.3550e-01	1.7033e-04	3.1552e-06	1.1755e-36	2.1848e-20	0.00e+00	0.00e+00	8.1417e+00
8.86201e+15	1.0341e+04	1.323e-16	4.6416e+03	4.5427e+03	3.0345e-12	1.0944e-01	8.9056e-01	3.9571e-02	9.0358e-01	5.6847e-02	4.1883e-13	4.7977e-03	4.3864e-01	5.5541e-01	1.1384e-03	1.1623e-01	7.7538e-01	1.0828e-01	1.0771e-04	2.3081e-06	1.1755e-36	3.8099e-20	0.00e+00	0.00e+00	9.1298e+00
9.12631e+15	1.0356e+04	1.335e-16	4.6416e+03	4.4651e+03	4.0421e-12	1.2527e-01	8.7473e-01	4.2979e-02	9.0340e-01	5.3616e-02	5.8921e-13	5.0825e-03	4.5863e-01	5.3535e-01	9.2864e-04	1.3558e-01	7.7502e-01	8.9322e-02	7.4032e-05	1.7789e-06	1.1755e-36	5.9577e-20	0.00e+00	0.00e+00	9.9395e+00
9.33095e+15	1.0339e+04	1.342e-16	4.6416e+03	4.3981e+03	5.1476e-12	1.3953e-01	8.6047e-01	4.6090e-02	9.0272e-01	5.1191e-02	7.7569e-13	5.3163e-03	4.7584e-01	5.1805e-01	7.8515e-04	1.5288e-01	7.7095e-01	7.6113e-02	5.4662e-05	1.4357e-06	1.1755e-36	8.5308e-20	0.00e+00	0.00e+00	1.0711e+01
9.54798e+15	1.0322e+04	1.343e-16	4.6416e+03	4.3205e+03	6.6555e-12	1.5635e-01	8.4365e-01	4.9824e-02	9.0149e-01	4.8690e-02	1.0391e-12	5.5647e-03	4.9526e-01	4.9852e-01	6.5220e-04	1.7314e-01	7.6312e-01	6.3699e-02	3.9296e-05	1.1340e-06	1.1755e-36	1.2496e-19	0.00e+00	0.00e+00	1.1835e+01
9.78296e+15	1.0304e+04	1.338e-16	4.6416e+03	4.2188e+03	8.8305e-12	1.7691e-01	8.2309e-01	5.4334e-02	8.9933e-01	4.6333e-02	1.4249e-12	5.8081e-03	5.1701e-01	4.7664e-01	5.3089e-04	1.9768e-01	7.5037e-01	5.1916e-02	2.7307e-05	8.6859e-07	1.1755e-36	1.8915e-19	0.00e+00	0.00e+00	1.3000e+01
9.98584e+15	1.0274e+04	1.331e-16	4.6416e+03	4.1315e+03	1.1454e-11	1.9761e-01	8.0239e-01	5.8976e-02	8.9659e-01	4.4438e-02	1.8993e-12	6.0316e-03	5.3785e-01	4.5567e-01	4.3890e-04	2.2210e-01	7.3503e-01	4.2850e-02	1.9649e-05	6.7657e-07	1.1755e-36	2.7620e-19	0.00e+00	0.00e+00	1.4049e+01
1.01545e+16	1.0257e+04	1.314e-16	4.6416e+03	4.0336e+03	1.4095e-11	2.1565e-01	7.8435e-01	6.3098e-02	8.9384e-01	4.3058e-02	2.3776e-12	6.1696e-03	5.5497e-01	4.3848e-01	3.7491e-04	2.4319e-01	7.2040e-01	3.6393e-02	1.4990e-05	5.4959e-07	1.1755e-36	3.7095e-19	0.00e+00	0.00e+00	1.5036e+01
1.03341e+16	1.0220e+04	1.294e-16	4.6416e+03	3.9367e+03	1.7738e-11	2.3673e-01	7.6327e-01	6.8200e-02	8.9028e-01	4.1515e-02	3.0431e-12	6.3337e-03	5.7475e-01	4.1860e-01	3.1394e-04	2.6758e-01	7.0205e-01	3.0355e-02	1.1167e-05	4.3590e-07	1.1755e-36	5.1304e-19	0.00e+00	0.00e+00	1.6444e+01
1.05296e+16	1.0180e+04	1.266e-16	4.6416e+03	3.8192e+03	2.2787e-11	2.6164e-01	7.3836e-01	7.4302e-02	8.8562e-01	4.0076e-02	3.9684e-12	6.4775e-03	5.9652e-01	3.9674e-01	2.5809e-04	2.9604e-01	6.7926e-01	2.4690e-02	8.0975e-06	3.3565e-07	1.1755e-36	7.2871e-19	0.00e+00	0.00e+00	1.7886e+01
1.07014e+16	1.0139e+04	1.236e-16	4.6416e+03	3.7126e+03	2.8479e-11	2.8537e-01	7.1463e-01	8.0430e-02	8.8067e-01	3.8898e-02	5.0166e-12	6.5908e-03	6.1651e-01	3.7668e-01	2.1597e-04	3.2280e-01	6.5678e-01	2.0410e-02	6.0917e-06	2.6417e-07	1.1755e-36	9.9420e-19	0.00e+00	0.00e+00	1.9188e+01
1.08505e+16	1.0107e+04	1.202e-16	4.6416e+03	3.6048e+03	3.4239e-11	3.0611e-01	6.9389e-01	8.6085e-02	8.7591e-01	3.8003e-02	6.0660e-12	6.6461e-03	6.3354e-01	3.5962e-01	1.8521e-04	3.4594e-01	6.3678e-01	1.7274e-02	4.7919e-06	2.1495e-07	1.1755e-36	1.2772e-18	0.00e+00	0.00e+00	2.0468e+01
1.10147e+16	1.0054e+04	1.162e-16	4.6416e+03	3.4902e+03	4.2105e-11	3.3007e-01	6.6993e-01	9.3128e-02	8.6997e-01	3.6902e-02	7.4835e-12	6.7076e-03	6.5299e-01	3.4015e-01	1.5534e-04	3.7238e-01	6.1331e-01	1.4312e-02	3.6840e-06	1.7044e-07	1.1755e-36	1.6846e-18	0.00e+00	0.00e+00	2.2263e+01
1.11967e+16	1.0001e+04	1.113e-16	4.6416e+03	3.3557e+03	5.2678e-11	3.5784e-01	6.4216e-01	1.0154e-01	8.6254e-01	3.5919e-02	9.3849e-12	6.7325e-03	6.7416e-01	3.1898e-01	1.2776e-04	4.0260e-01	5.8587e-01	1.1534e-02	2.7644e-06	1.3094e-07	1.1755e-36	2.2745e-18	0.00e+00	0.00e+00	2.4135e+01
1.13633e+16	9.9437e+03	1.064e-16	4.6416e+03	3.2310e+03	6.4731e-11	3.8428e-01	6.1572e-01	1.1020e-01	8.5474e-01	3.5063e-02	1.1528e-11	6.7379e-03	6.9378e-01	2.9938e-01	1.0638e-04	4.3098e-01	5.5962e-01	9.4006e-03	2.1341e-06	1.1755e-36	1.1755e-36	2.9907e-18	0.00e+00	0.00e+00	2.5877e+01
1.15143e+16	9.8875e+03	1.016e-16	4.6416e+03	3.1193e+03	7.7611e-11	4.0847e-01	5.9153e-01	1.1889e-01	8.4681e-01	3.4293e-02	1.3805e-11	6.7272e-03	7.1158e-01	2.8160e-01	8.9858e-05	4.5662e-01	5.3560e-01	7.7866e-03	1.7000e-06	1.1755e-36	1.1755e-36	3.7982e-18	0.00e+00	0.00e+00	2.7640e+01
1.16701e+16	9.8296e+03	9.646e-17	4.6416e+03	3.0000e+03	9.3100e-11	4.3333e-01	5.6667e-01	1.2854e-01	8.3794e-01	3.3524e-02	1.6504e-11	6.6887e-03	7.2948e-01	2.6375e-01	7.5386e-05	4.8265e-01	5.1095e-01	6.3958e-03	1.3556e-06	1.1755e-36	1.1755e-36	4.8138e-18	0.00e+00	0.00e+00	2.9728e+01
1.18350e+16	9.7658e+03	9.076e-17	4.6416e+03	2.8661e+03	1.1236e-10	4.5963e-01	5.4037e-01	1.3927e-01	8.2787e-01	3.2862e-02	1.9746e-11	6.6024e-03	7.4752e-01	2.4581e-01	6.2680e-05	5.0986e-01	4.8497e-01	5.1773e-03	1.0773e-06	1.1755e-36	1.1755e-36	6.1037e-18	0.00e+00	0.00e+00	3.1956e+01
1.19885e+16	9.6924e+03	8.557e-17	4.6416e+03	2.7502e+03	1.3452e-10	4.8520e-01	5.1480e-01	1.5063e-01	8.1718e-01	3.2194e-02	2.3451e-11	6.5287e-03	7.6451e-01	2.2891e-01	5.2512e-05	5.3595e-01	4.5983e-01	4.2191e-03	8.7252e-07	1.1755e-36	1.1755e-36	7.6789e-18	0.00e+00	0.00e+00	3.3970e+01
1.21266e+16	9.6480e+03	8.061e-17	4.6416e+03	2.6391e+03	1.5508e-10	5.0638e-01	4.9362e-01	1.6104e-01	8.0722e-01	3.1738e-02	2.6875e-11	6.4175e-03	7.7869e-01	2.1485e-01	4.4965e-05	5.5734e-01	4.3914e-01	3.5202e-03	7.3266e-07	1.1755e-36	1.1755e-36	9.1862e-18	0.00e+00	0.00e+00	3.5965e+01
1.22576e+16	9.5775e+03	7.611e-17	4.6416e+03	2.5388e+03	1.7952e-10	5.2721e-01	4.7279e-01	1.7202e-01	7.9677e-01	3.1206e-02	3.0733e-11	6.3195e-03	7.9219e-01	2.0145e-01	3.8658e-05	5.7816e-01	4.1889e-01	2.9512e-03	6.2258e-07	1.1755e-36	1.1755e-36	1.0962e-17	0.00e+00	0.00e+00	3.7938e+01
1.23614e+16	9.5322e+03	7.259e-17	4.6416e+03	2.4611e+03	2.0014e-10	5.4336e-01	4.5664e-01	1.8106e-01	7.8808e-01	3.0860e-02	3.4043e-11	6.2311e-03	8.0237e-01	1.9136e-01	3.4403e-05	5.9415e-01	4.0329e-01	2.5641e-03	5.5046e-07	1.1755e-36	1.1755e-36	1.2553e-17	0.00e+00	0.00e+00	3.9209e+01
1.24330e+16	9.4955e+03	7.017e-17	4.6416e+03	2.4095e+03	2.1500e-10	5.5357e-01	4.4643e-01	1.8773e-01	7.8169e-01	3.0582e-02	3.6333e-11	6.1720e-03	8.0935e-01	1.8445e-01	3.1739e-05	6.0421e-01	3.9346e-01	2.3337e-03	5.0881e-07	1.1755e-36	1.1755e-36	1.3643e-17	0.00e+00	0.00e+00	4.0238e+01
1.25040e+16	9.4569e+03	6.779e-17	4.6416e+03	2.3600e+03	2.3114e-10	5.6386e-01	4.3614e-01	1.9475e-01	7.7501e-01	3.0236e-02	3.8828e-11	6.1157e-03	8.1630e-01	1.7756e-01	2.9209e-05	6.1430e-01	3.8358e-01	2.1217e-03	4.7064e-07	1.1755e-36	1.1755e-36	1.4861e-17	0.00e+00	0.00e+00	4.1536e+01
1.25913e+16	9.4045e+03	6.493e-17	4.6416e+03	2.2975e+03	2.5375e-10	5.7712e-01	4.2288e-01	2.0358e-01	7.6660e-01	2.9826e-02	4.2228e-11	6.0377e-03	8.2456e-01	1.6938e-01	2.6353e-05	6.2722e-01	3.7090e-01	1.8806e-03	4.2723e-07	1.1755e-36	1.1755e-36	1.6579e-17	0.00e+00	0.00e+00	4.3161e+01
1.26849e+16	9.3601e+03	6.190e-17	4.6416e+03	2.2274e+03	2.7912e-10	5.9128e-01	4.0872e-01	2.1292e-01	7.5756e-01	2.9517e-02	4.6071e-11	5.9341e-03	8.3279e-01	1.6125e-01	2.3675e-05	6.4091e-01	3.5744e-01	1.6497e-03	3.8611e-07	1.1755e-36	1.1755e-36	1.8594e-17	0.00e+00	0.00e+00	4.4741e+01
1.27708e+16	9.3225e+03	5.916e-17	4.6416e+03	2.1624e+03	3.0330e-10	6.0362e-01	3.9638e-01	2.2158e-01	7.4914e-01	2.9275e-02	4.9653e-11	5.8291e-03	8.3996e-01	1.5419e-01	2.1508e-05	6.5278e-01	3.4576e-01	1.4648e-03	3.5366e-07	1.1755e-36	1.1755e-36	2.0495e-17	0.00e+00	0.00e+00	4.6165e+01
1.28512e+16	9.2743e+03	5.671e-17	4.6416e+03	2.1069e+03	3.2926e-10	6.1539e-01	3.8461e-01	2.3060e-01	7.4045e-01	2.8951e-02	5.3429e-11	5.7444e-03	8.4684e-01	1.4740e-01	1.9602e-05	6.6403e-01	3.3466e-01	1.3080e-03	3.2594e-07	1.1755e-36	1.1755e-36	2.2532e-17	0.00e+00	0.00e+00	4.7616e+01
1.29332e+16	9.2307e+03	5.423e-17	4.6416e+03	2.0488e+03	3.5703e-10	6.2699e-01	3.7301e-01	2.3979e-01	7.3155e-01	2.8653e-02	5.7426e-11	5.6484e-03	8.5348e-01	1.4085e-01	1.7860e-05	6.7507e-01	3.2377e-01	1.1654e-03	3.0084e-07	1.1755e-36	1.1755e-36	2.4739e-17	0.00e+00	0.00e+00	4.9149e+01
1.30182e+16	9.1863e+03	5.172e-17	4.6416e+03	1.9883e+03	3.8773e-10	6.3885e-01	3.6115e-01	2.4948e-01	7.2215e-01	2.8368e-02	6.1770e-11	5.5414e-03	8.6007e-01	1.3437e-01	1.6234e-05	6.8628e-01	3.1268e-01	1.0334e-03	2.7746e-07	1.1755e-36	1.1755e-36	2.7177e-17	0.00e+00	0.00e+00	5.0771e+01
1.31051e+16	9.1376e+03	4.926e-17	4.6416e+03	1.9290e+03	4.2236e-10	6.5112e-01	3.4888e-01	2.5991e-01	7.1204e-01	2.8052e-02	6.6659e-11	5.4360e-03	8.6667e-01	1.2788e-01	1.4723e-05	6.9782e-01	3.0127e-01	9.1205e-04	2.5560e-07	1.1755e-36	1.1755e-36	2.9997e-17	0.00e+00	0.00e+00	5.2433e+01
1.31903e+16	9.0897e+03	4.691e-17	4.6416e+03	1.8704e+03	4.5865e-10	6.6274e-01	3.3726e-01	2.7026e-01	7.0197e-01	2.7771e-02	7.1624e-11	5.3255e-03	8.7282e-01	1.2184e-01	1.3405e-05	7.0869e-01	2.9051e-01	8.0731e-04	2.3659e-07	1.1755e-36	1.1755e-36	3.2892e-17	0.00e+00	0.00e+00	5.4053e+01
1.32735e+16	9.0419e+03	4.469e-17	4.6416e+03	1.8148e+03	4.9642e-10	6.7372e-01	3.2628e-01	2.8071e-01	6.9181e-01	2.7480e-02	7.6702e-11	5.2177e-03	8.7862e-01	1.1615e-01	1.2245e-05	7.1890e-01	2.8039e-01	7.1690e-04	2.1999e-07	1.1755e-36	1.1755e-36	3.5878e-17	0.00e+00	0.00e+00	5.5692e+01
1.33580e+16	8.9933e+03	4.251e-17	4.6416e+03	1.7596e+03	5.3744e-10	6.8463e-01	3.1537e-01	2.9163e-01	6.8119e-01	2.7177e-02	8.2154e-11	5.1076e-03	8.8430e-01	1.1058e-01	1.1180e-05	7.2900e-01	2.7036e-01	6.3523e-04	2.0470e-07	1.1755e-36	1.1755e-36	3.9128e-17	0.00e+00	0.00e+00	5.7416e+01
1.34449e+16	8.9430e+03	4.035e-17	4.6416e+03	1.7028e+03	5.8284e-10	6.9560e-01	3.0440e-01	3.0296e-01	6.7015e-01	2.6884e-02	8.8024e-11	4.9890e-03	8.8984e-01	1.0516e-01	1.0203e-05	7.3911e-01	2.6033e-01	5.6091e-04	1.9047e-07	1.1755e-36	1.1755e-36	4.2670e-17	0.00e+00	0.00e+00	5.9208e+01
1.35328e+16	8.8891e+03	3.827e-17	4.6416e+03	1.6481e+03	6.3300e-10	7.0668e-01	2.9332e-01	3.1498e-01	6.5847e-01	2.6556e-02	9.4484e-11	4.8746e-03	8.9529e-01	9.9831e-02	9.3108e-06	7.4925e-01	2.5025e-01	4.9394e-04	1.7720e-07	1.1755e-36	1.1755e-36	4.6640e-17	0.00e+00	0.00e+00	6.1028e+01
1.36194e+16	8.8365e+03	3.629e-17	4.6416e+03	1.5944e+03	6.8539e-10	7.1709e-01	2.8291e-01	3.2689e-01	6.4686e-01	2.6253e-02	1.0101e-10	4.7575e-03	9.0035e-01	9.4884e-02	8.5328e-06	7.5875e-01	2.4082e-01	4.3635e-04	1.6553e-07	1.1755e-36	1.1755e-36	5.0651e-17	0.00e+00	0.00e+00	6.2822e+01
1.37052e+16	8.7836e+03	3.442e-17	4.6416e+03	1.5431e+03	7.4059e-10	7.2701e-01	2.7299e-01	3.3902e-01	6.3505e-01	2.5931e-02	1.0776e-10	4.6434e-03	9.0517e-01	9.0180e-02	7.8409e-06	7.6775e-01	2.3186e-01	3.8620e-04	1.5507e-07	1.1755e-36	1.1755e-36	5.4811e-17	0.00e+00	0.00e+00	6.4660e+01
1.37931e+16	8.7298e+03	3.259e-17	4.6416e+03	1.4920e+03	8.0085e-10	7.3690e-01	2.6310e-01	3.5169e-01	6.2272e-01	2.5593e-02	1.1505e-10	4.5270e-03	9.0987e-01	8.5593e-02	7.2063e-06	7.7670e-01	2.2296e-01	3.4083e-04	1.4527e-07	1.1755e-36	1.1755e-36	5.9327e-17	0.00e+00	0.00e+00	6.6590e+01
1.38832e+16	8.6732e+03	3.080e-17	4.6416e+03	1.4401e+03	8.6783e-10	7.4676e-01	2.5324e-01	3.6472e-01	6.1002e-01	2.5262e-02	1.2284e-10	4.4048e-03	9.1442e-01	8.1171e-02	6.6298e-06	7.8557e-01	2.1413e-01	3.0003e-04	1.3608e-07	1.1755e-36	1.1755e-36	6.4185e-17	0.00e+00	0.00e+00	6.8579e+01
1.39739e+16	8.6110e+03	2.909e-17	4.6416e+03	1.3904e+03	9.4218e-10	7.5655e-01	2.4345e-01	3.7836e-01	5.9675e-01	2.4888e-02	1.3132e-10	4.2884e-03	9.1882e-01	7.6882e-02	6.1100e-06	7.9434e-01	2.0540e-01	2.6381e-04	1.2749e-07	1.1755e-36	1.1755e-36	6.9501e-17	0.00e+00	0.00e+00	7.0588e+01
1.40635e+16	8.5522e+03	2.749e-17	4.6416e+03	1.3422e+03	1.0186e-09	7.6560e-01	2.3440e-01	3.9173e-01	5.8373e-01	2.4541e-02	1.3972e-10	4.1711e-03	9.2288e-01	7.2945e-02	5.6599e-06	8.0241e-01	1.9735e-01	2.3294e-04	1.1755e-36	1.1755e-36	1.1755e-36	7.4693e-17	0.00e+00	0.00e+00	7.2575e+01
1.41534e+16	8.4925e+03	2.597e-17	4.6416e+03	1.2959e+03	1.1004e-09	7.7429e-01	2.2571e-01	4.0547e-01	5.7037e-01	2.4160e-02	1.4855e-10	4.0573e-03	9.2676e-01	6.9175e-02	5.2559e-06	8.1014e-01	1.8966e-01	2.0584e-04	1.1755e-36	1.1755e-36	1.1755e-36	8.0102e-17	0.00e+00	0.00e+00	7.4646e+01
1.42467e+16	8.4300e+03	2.448e-17	4.6416e+03	1.2491e+03	1.1921e-09	7.8304e-01	2.1696e-01	4.1976e-01	5.5647e-01	2.3767e-02	1.5815e-10	3.9390e-03	9.3055e-01	6.5503e-02	4.8847e-06	8.1788e-01	1.8194e-01	1.8120e-04	1.1755e-36	1.1755e-36	1.1755e-36	8.6003e-17	0.00e+00	0.00e+00	7.6832e+01
1.43424e+16	8.3603e+03	2.304e-17	4.6416e+03	1.2031e+03	1.2964e-09	7.9188e-01	2.0812e-01	4.3466e-01	5.4200e-01	2.3342e-02	1.6866e-10	3.8229e-03	9.3423e-01	6.1944e-02	4.5474e-06	8.2567e-01	1.7417e-01	1.5907e-04	1.1755e-36	1.1755e-36	1.1755e-36	9.2460e-17	0.00e+00	0.00e+00	7.9065e+01
1.44373e+16	8.2940e+03	2.170e-17	4.6416e+03	1.1586e+03	1.4044e-09	8.0002e-01	1.9998e-01	4.4924e-01	5.2782e-01	2.2940e-02	1.7910e-10	3.7074e-03	9.3760e-01	5.8690e-02	4.2566e-06	8.3282e-01	1.6704e-01	1.4028e-04	1.1755e-36	1.1755e-36	1.1755e-36	9.8712e-17	0.00e+00	0.00e+00	8.1258e+01
1.45319e+16	8.2265e+03	2.045e-17	4.6416e+03	1.1170e+03	1.5196e-09	8.0766e-01	1.9234e-01	4.6404e-01	5.1346e-01	2.2497e-02	1.8990e-10	3.5982e-03	9.4078e-01	5.5614e-02	3.9992e-06	8.3951e-01	1.6036e-01	1.2407e-04	1.1755e-36	1.1755e-36	1.1755e-36	1.0504e-16	0.00e+00	0.00e+00	8.3523e+01
1.46303e+16	8.1525e+03	1.922e-17	4.6416e+03	1.0750e+03	1.6522e-09	8.1533e-01	1.8467e-01	4.7939e-01	4.9858e-01	2.2025e-02	2.0169e-10	3.4862e-03	9.4389e-01	5.2624e-02	3.7631e-06	8.4621e-01	1.5368e-01	1.0939e-04	1.1755e-36	1.1755e-36	1.1755e-36	1.1189e-16	0.00e+00	0.00e+00	8.5940e+01
1.47326e+16	8.0733e+03	1.804e-17	4.6416e+03	1.0332e+03	1.8026e-09	8.2307e-01	1.7693e-01	4.9524e-01	4.8323e-01	2.1535e-02	2.1446e-10	3.3746e-03	9.4687e-01	4.9748e-02	3.5484e-06	8.5295e-01	1.4696e-01	9.6163e-05	1.1755e-36	1.1755e-36	1.1755e-36	1.1925e-16	0.00e+00	0.00e+00	8.8434e+01
1.48350e+16	7.9980e+03	1.694e-17	4.6416e+03	9.9313e+02	1.9596e-09	8.3020e-01	1.6980e-01	5.1071e-01	4.6823e-01	2.1063e-02	2.2718e-10	3.2645e-03	9.4961e-01	4.7123e-02	3.3630e-06	8.5913e-01	1.4079e-01	8.4919e-05	1.1755e-36	1.1755e-36	1.1755e-36	1.2630e-16	0.00e+00	0.00e+00	9.0901e+01
1.49360e+16	7.9210e+03	1.594e-17	4.6416e+03	9.5641e+02	2.1273e-09	8.3673e-01	1.6327e-01	5.2602e-01	4.5343e-01	2.0556e-02	2.4008e-10	3.1633e-03	9.5213e-01	4.4704e-02	3.2030e-06	8.6478e-01	1.3515e-01	7.5447e-05	1.1755e-36	1.1755e-36	1.1755e-36	1.3322e-16	0.00e+00	0.00e+00	9.3364e+01
1.50385e+16	7.8402e+03	1.500e-17	4.6416e+03	9.2112e+02	2.3139e-09	8.4297e-01	1.5703e-01	5.4145e-01	4.3853e-01	2.0018e-02	2.5362e-10	3.0646e-03	9.5452e-01	4.2416e-02	3.0601e-06	8.7015e-01	1.2978e-01	6.7157e-05	1.1755e-36	1.1755e-36	1.1755e-36	1.4029e-16	0.00e+00	0.00e+00	9.5949e+01
1.51454e+16	7.7532e+03	1.408e-17	4.6416e+03	8.8550e+02	2.5279e-09	8.4917e-01	1.5083e-01	5.5707e-01	4.2345e-01	1.9476e-02	2.6786e-10	2.9645e-03	9.5679e-01	4.0238e-02	2.9304e-06	8.7549e-01	1.2445e-01	5.9697e-05	1.1755e-36	1.1755e-36	1.1755e-36	1.4747e-16	0.00e+00	0.00e+00	9.8668e+01
1.52544e+16	7.6632e+03	1.323e-17	4.6416e+03	8.5202e+02	2.7671e-09	8.5525e-01	1.4475e-01	5.7271e-01	4.0838e-01	1.8906e-02	2.8318e-10	2.8706e-03	9.5892e-01	3.8202e-02	2.8155e-06	8.8071e-01	1.1924e-01	5.3149e-05	1.1755e-36	1.1755e-36	1.1755e-36	1.5528e-16	0.00e+00	0.00e+00	1.0139e+02
1.53640e+16	7.5752e+03	1.244e-17	4.6416e+03	8.1978e+02	3.0213e-09	8.6063e-01	1.3937e-01	5.8779e-01	3.9385e-01	1.8352e-02	2.9786e-10	2.7774e-03	9.6087e-01	3.6351e-02	2.7164e-06	8.8532e-01	1.1464e-01	4.7632e-05	1.1755e-36	1.1755e-36	1.1755e-36	1.6207e-16	0.00e+00	0.00e+00	1.0418e+02
1.54755e+16	7.4904e+03	1.171e-17	4.6416e+03	7.8949e+02	3.2912e-09	8.6574e-01	1.3426e-01	6.0264e-01	3.7957e-01	1.7787e-02	3.1295e-10	2.6899e-03	9.6267e-01	3.4635e-02	2.6287e-06	8.8967e-01	1.1028e-01	4.2818e-05	1.1755e-36	1.1755e-36	1.1755e-36	1.6891e-16	0.00e+00	0.00e+00	1.0703e+02
1.55904e+16	7.3861e+03	1.102e-17	4.6416e+03	7.6071e+02	3.6333e-09	8.7087e-01	1.2913e-01	6.1782e-01	3.6502e-01	1.7155e-02	3.2980e-10	2.6076e-03	9.6440e-01	3.2987e-02	2.5497e-06	8.9405e-01	1.0591e-01	3.8540e-05	1.1755e-36	1.1755e-36	1.1755e-36	1.7675e-16	0.00e+00	0.00e+00	1.1003e+02
1.57110e+16	7.2883e+03	1.035e-17	4.6416e+03	7.3125e+02	3.9960e-09	8.7559e-01	1.2441e-01	6.3249e-01	3.5093e-01	1.6574e-02	3.4580e-10	2.5207e-03	9.6601e-01	3.1470e-02	2.4793e-06	8.9807e-01	1.0189e-01	3.4769e-05	1.1755e-36	1.1755e-36	1.1755e-36	1.8324e-16	0.00e+00	0.00e+00	1.1321e+02
1.58345e+16	7.1774e+03	9.744e-18	4.6416e+03	7.0435e+02	4.4407e-09	8.8038e-01	1.1962e-01	6.4713e-01	3.3694e-01	1.5938e-02	3.6398e-10	2.4427e-03	9.6750e-01	3.0053e-02	2.4170e-06	9.0214e-01	9.7824e-02	3.1445e-05	1.1755e-36	1.1755e-36	1.1755e-36	1.9149e-16	0.00e+00	0.00e+00	1.1638e+02
1.59606e+16	7.0677e+03	9.179e-18	4.6416e+03	6.7896e+02	4.9275e-09	8.8458e-01	1.1542e-01	6.6129e-01	3.2340e-01	1.5305e-02	3.8146e-10	2.3682e-03	9.6888e-01	2.8751e-02	2.3628e-06	9.0571e-01	9.4256e-02	2.8631e-05	1.1755e-36	1.1755e-36	1.1755e-36	1.9861e-16	0.00e+00	0.00e+00	1.1973e+02
1.60940e+16	6.9532e+03	8.639e-18	4.6416e+03	6.5418e+02	5.4991e-09	8.8876e-01	1.1124e-01	6.7537e-01	3.0998e-01	1.4656e-02	4.0020e-10	2.2951e-03	9.7018e-01	2.7518e-02	2.3135e-06	9.0926e-01	9.0718e-02	2.6085e-05	1.1755e-36	1.1755e-36	1.1755e-36	2.0649e-16	0.00e+00	0.00e+00	1.2332e+02
1.62358e+16	6.8282e+03	8.122e-18	4.6416e+03	6.2919e+02	6.1976e-09	8.9279e-01	1.0721e-01	6.8905e-01	2.9693e-01	1.4020e-02	4.1921e-10	2.2211e-03	9.7140e-01	2.6377e-02	2.2698e-06	9.1267e-01	8.7304e-02	2.3827e-05	1.1755e-36	1.1755e-36	1.1755e-36	2.1419e-16	0.00e+00	0.00e+00	1.2713e+02
1.63819e+16	6.7063e+03	7.651e-18	4.6416e+03	6.0638e+02	6.9810e-09	8.9654e-01	1.0346e-01	7.0210e-01	2.8452e-01	1.3388e-02	4.3883e-10	2.1530e-03	9.7250e-01	2.5346e-02	2.2319e-06	9.1584e-01	8.4134e-02	2.1884e-05	1.1755e-36	1.1755e-36	1.1755e-36	2.2258e-16	0.00e+00	0.00e+00	1.3098e+02
1.65332e+16	6.5796e+03	7.218e-18	4.6416e+03	5.8533e+02	7.9041e-09	8.9995e-01	1.0005e-01	7.1478e-01	2.7248e-01	1.2740e-02	4.5901e-10	2.0904e-03	9.7352e-01	2.4387e-02	2.1987e-06	9.1873e-01	8.1249e-02	2.0218e-05	1.1755e-36	1.1755e-36	1.1755e-36	2.3139e-16	0.00e+00	0.00e+00	1.3510e+02
1.66979e+16	6.4528e+03	6.795e-18	4.6416e+03	5.6402e+02	8.9854e-09	9.0325e-01	9.6750e-02	7.2706e-01	2.6083e-01	1.2108e-02	4.7985e-10	2.0254e-03	9.7449e-01	2.3483e-02	2.1683e-06	9.2151e-01	7.8467e-02	1.8699e-05	1.1755e-36	1.1755e-36	1.1755e-36	2.4077e-16	0.00e+00	0.00e+00	1.3969e+02
1.68765e+16	6.3134e+03	6.394e-18	4.6416e+03	5.4332e+02	1.0371e-08	9.0665e-01	9.3353e-02	7.3906e-01	2.4947e-01	1.1465e-02	5.0335e-10	1.9631e-03	9.7539e-01	2.2642e-02	2.1410e-06	9.2438e-01	7.5601e-02	1.7316e-05	1.1755e-36	1.1755e-36	1.1755e-36	2.5302e-16	0.00e+00	0.00e+00	1.4457e+02
1.70371e+16	6.1915e+03	6.090e-18	4.6416e+03	5.2757e+02	1.1779e-08	9.0933e-01	9.0668e-02	7.4860e-01	2.4047e-01	1.0932e-02	5.2453e-10	1.9166e-03	9.7603e-01	2.2049e-02	2.1221e-06	9.2665e-01	7.3333e-02	1.6317e-05	1.1755e-36	1.1755e-36	1.1755e-36	2.6546e-16	0.00e+00	0.00e+00	1.4823e+02
1.71633e+16	6.0983e+03	5.884e-18	4.6416e+03	5.1840e+02	1.2970e-08	9.1068e-01	8.9322e-02	7.5638e-01	2.3317e-01	1.0451e-02	5.4083e-10	1.8905e-03	9.7653e-01	2.1579e-02	2.1096e-06	9.2780e-01	7.2186e-02	1.5723e-05	1.1755e-36	1.1755e-36	1.1755e-36	2.7448e-16	0.00e+00	0.00e+00	1.5130e+02
1.72834e+16	6.0077e+03	5.696e-18	4.6416e+03	5.0961e+02	1.4270e-08	9.1188e-01	8.8120e-02	7.6338e-01	2.2661e-01	1.0014e-02	5.5663e-10	1.8657e-03	9.7700e-01	2.1136e-02	2.0986e-06	9.2883e-01	7.1158e-02	1.5207e-05	1.1755e-36	1.1755e-36	1.1755e-36	2.8384e-16	0.00e+00	0.00e+00	1.5465e+02
1.74148e+16	5.9151e+03	5.497e-18	4.6416e+03	4.9928e+02	1.5820e-08	9.1360e-01	8.6399e-02	7.6998e-01	2.2041e-01	9.6156e-03	5.7554e-10	1.8351e-03	9.7744e-01	2.0719e-02	2.0870e-06	9.3028e-01	6.9704e-02	1.4625e-05	1.1755e-36	1.1755e-36	1.1755e-36	2.9735e-16	0.00e+00	0.00e+00	1.5833e+02
1.75537e+16	5.8170e+03	5.300e-18	4.6416e+03	4.8795e+02	1.7692e-08	9.1538e-01	8.4618e-02	7.7600e-01	2.1474e-01	9.2600e-03	5.9543e-10	1.8010e-03	9.7784e-01	2.0355e-02	2.0766e-06	9.3179e-01	6.8200e-02	1.4074e-05	1.1755e-36	1.1755e-36	1.1755e-36	3.1316e-16	0.00e+00	0.00e+00	1.6209e+02
1.76902e+16	5.7335e+03	5.127e-18	4.6416e+03	4.7863e+02	1.9525e-08	9.1695e-01	8.3049e-02	7.8158e-01	2.0950e-01	8.9191e-03	6.1566e-10	1.7728e-03	9.7820e-01	2.0028e-02	2.0673e-06	9.3311e-01	6.6878e-02	1.3593e-05	1.1755e-36	1.1755e-36	1.1755e-36	3.3019e-16	0.00e+00	0.00e+00	1.6566e+02
1.78271e+16	5.6395e+03	4.966e-18	4.6416e+03	4.6973e+02	2.1815e-08	9.1830e-01	8.1695e-02	7.8706e-01	2.0437e-01	8.5715e-03	6.3776e-10	1.7470e-03	9.7854e-01	1.9709e-02	2.0595e-06	9.3426e-01	6.5727e-02	1.3184e-05	1.1755e-36	1.1755e-36	1.1755e-36	3.5032e-16	0.00e+00	0.00e+00	1.6946e+02
1.79651e+16	5.5599e+03	4.816e-18	4.6416e+03	4.6141e+02	2.4073e-08	9.1972e-01	8.0280e-02	7.9190e-01	1.9983e-01	8.2672e-03	6.6051e-10	1.7218e-03	9.7884e-01	1.9435e-02	2.0519e-06	9.3545e-01	6.4536e-02	1.2787e-05	1.1755e-36	1.1755e-36	1.1755e-36	3.7260e-16	0.00e+00	0.00e+00	1.7309e+02
1.81041e+16	5.4695e+03	4.675e-18	4.6416e+03	4.5335e+02	2.6929e-08	9.2096e-01	7.9044e-02	7.9671e-01	1.9533e-01	7.9551e-03	6.8631e-10	1.6985e-03	9.7914e-01	1.9164e-02	2.0456e-06	9.3650e-01	6.3485e-02	1.2445e-05	1.1755e-36	1.1755e-36	1.1755e-36	3.9994e-16	0.00e+00	0.00e+00	1.7696e+02
1.82435e+16	5.3932e+03	4.542e-18	4.6416e+03	4.4575e+02	2.9734e-08	9.2224e-01	7.7765e-02	8.0092e-01	1.9139e-01	7.6850e-03	7.1259e-10	1.6755e-03	9.7939e-01	1.8937e-02	2.0395e-06	9.3758e-01	6.2407e-02	1.2113e-05	1.1755e-36	1.1755e-36	1.1755e-36	4.2959e-16	0.00e+00	0.00e+00	1.8062e+02
1.83828e+16	5.3075e+03	4.418e-18	4.6416e+03	4.3838e+02	3.3241e-08	9.2330e-01	7.6697e-02	8.0512e-01	1.8747e-01	7.4096e-03	7.4251e-10	1.6541e-03	9.7963e-01	1.8710e-02	2.0345e-06	9.3849e-01	6.1497e-02	1.1834e-05	1.1755e-36	1.1755e-36	1.1755e-36	4.6587e-16	0.00e+00	0.00e+00	1.8450e+02
1.85225e+16	5.2337e+03	4.302e-18	4.6416e+03	4.3177e+02	3.6761e-08	9.2451e-01	7.5485e-02	8.0894e-01	1.8390e-01	7.1576e-03	7.7489e-10	1.6346e-03	9.7985e-01	1.8511e-02	2.0294e-06	9.3951e-01	6.0477e-02	1.1548e-05	1.1755e-36	1.1755e-36	1.1755e-36	5.0743e-16	0.00e+00	0.00e+00	1.8818e+02
1.86614e+16	5.1527e+03	4.192e-18	4.6416e+03	4.2508e+02	4.1074e-08	9.2549e-01	7.4514e-02	8.1264e-01	1.8045e-01	6.9123e-03	8.1107e-10	1.6153e-03	9.8006e-01	1.8321e-02	2.0254e-06	9.4034e-01	5.9649e-02	1.1311e-05	1.1755e-36	1.1755e-36	1.1755e-36	5.5728e-16	0.00e+00	0.00e+00	1.9203e+02
1.88000e+16	5.0823e+03	4.089e-18	4.6416e+03	4.1912e+02	4.5428e-08	9.2658e-01	7.3418e-02	8.1607e-01	1.7725e-01	6.6846e-03	8.5011e-10	1.5979e-03	9.8025e-01	1.8150e-02	2.0212e-06	9.4126e-01	5.8726e-02	1.1069e-05	1.1755e-36	1.1755e-36	1.1755e-36	6.1398e-16	0.00e+00	0.00e+00	1.9570e+02
1.89381e+16	5.0047e+03	3.991e-18	4.6416e+03	4.1297e+02	5.0794e-08	9.2748e-01	7.2521e-02	8.1939e-01	1.7415e-01	6.4639e-03	8.9498e-10	1.5804e-03	9.8043e-01	1.7987e-02	2.0180e-06	9.4203e-01	5.7960e-02	1.0865e-05	1.1755e-36	1.1755e-36	1.1755e-36	6.8395e-16	0.00e+00	0.00e+00	1.9953e+02
1.90753e+16	4.9359e+03	3.899e-18	4.6416e+03	4.0747e+02	5.6234e-08	9.2850e-01	7.1495e-02	8.2248e-01	1.7126e-01	6.2581e-03	9.4193e-10	1.5647e-03	9.8068e-01	1.7751e-02	2.0137e-06	9.4289e-01	5.7096e-02	1.0655e-05	1.1755e-36	1.1755e-36	1.1755e-36	7.5473e-16	0.00e+00	0.00e+00	2.0317e+02
1.92111e+16	4.8599e+03	3.812e-18	4.6416e+03	4.0178e+02	6.2979e-08	9.2933e-01	7.0670e-02	8.2548e-01	1.6846e-01	6.0585e-03	9.9436e-10	1.5490e-03	9.8095e-01	1.7504e-02	2.0103e-06	9.4360e-01	5.6390e-02	1.0482e-05	1.1755e-36	1.1755e-36	1.1755e-36	8.3884e-16	0.00e+00	0.00e+00	2.0692e+02
1.93445e+16	4.7924e+03	3.730e-18	4.6416e+03	3.9650e+02	6.9894e-08	9.3022e-01	6.9776e-02	8.2819e-01	1.6593e-01	5.8795e-03	1.0478e-09	1.5341e-03	9.8117e-01	1.7290e-02	2.0070e-06	9.4436e-01	5.5633e-02	1.0307e-05	1.1755e-36	1.1755e-36	1.1755e-36	9.3055e-16	0.00e+00	0.00e+00	2.1044e+02
1.94741e+16	4.7242e+03	3.655e-18	4.6416e+03	3.9209e+02	7.7801e-08	9.3104e-01	6.8963e-02	8.3104e-01	1.6327e-01	5.6900e-03	1.1073e-09	1.5228e-03	9.8142e-01	1.7060e-02	2.0039e-06	9.4505e-01	5.4943e-02	1.0153e-05	1.1755e-36	1.1755e-36	1.1755e-36	1.0386e-15	0.00e+00	0.00e+00	2.1399e+02
1.96033e+16	4.6606e+03	3.581e-18	4.6416e+03	3.8707e+02	8.6199e-08	9.3178e-01	6.8224e-02	8.3346e-01	1.6101e-01	5.5326e-03	1.1665e-09	1.5086e-03	9.8163e-01	1.6862e-02	2.0012e-06	9.4568e-01	5.4313e-02	1.0008e-05	1.1755e-36	1.1755e-36	1.1755e-36	1.1543e-15	0.00e+00	0.00e+00	2.1749e+02
1.97332e+16	4.5955e+03	3.510e-18	4.6416e+03	3.8242e+02	9.5948e-08	9.3256e-01	6.7443e-02	8.3595e-01	1.5868e-01	5.3700e-03	1.2341e-09	1.4961e-03	9.8185e-01	1.6654e-02	1.9985e-06	9.4634e-01	5.3649e-02	9.8655e-06	1.1755e-36	1.1755e-36	1.1755e-36	1.2950e-15	0.00e+00	0.00e+00	2.2109e+02
1.98637e+16	4.5348e+03	3.441e-18	4.6416e+03	3.7799e+02	1.0636e-07	9.3339e-01	6.6606e-02	8.3834e-01	1.5645e-01	5.2159e-03	1.3059e-09	1.4841e-03	9.8205e-01	1.6459e-02	1.9958e-06	9.4705e-01	5.2944e-02	9.7197e-06	1.1755e-36	1.1755e-36	1.1755e-36	1.4543e-15	0.00e+00	0.00e+00	2.2463e+02
1.99945e+16	4.4742e+03	3.374e-18	4.6416e+03	3.7320e+02	1.1803e-07	9.3407e-01	6.5932e-02	8.4053e-01	1.5439e-01	5.0762e-03	1.3808e-09	1.4708e-03	9.8225e-01	1.6273e-02	1.9935e-06	9.4762e-01	5.2368e-02	9.5942e-06	1.1755e-36	1.1755e-36	1.1755e-36	1.6323e-15	0.00e+00	0.00e+00	2.2825e+02
2.01275e+16	4.4083e+03	3.307e-18	4.6416e+03	3.6858e+02	1.3252e-07	9.3488e-01	6.5116e-02	8.4283e-01	1.5224e-01	4.9303e-03	1.4727e-09	1.4586e-03	9.8246e-01	1.6081e-02	1.9913e-06	9.4831e-01	5.1677e-02	9.4628e-06	1.1755e-36	1.1755e-36	1.1755e-36	1.8675e-15	0.00e+00	0.00e+00	2.3191e+02
2.02555e+16	4.3484e+03	3.246e-18	4.6416e+03	3.6430e+02	1.4756e-07	9.3563e-01	6.4374e-02	8.4492e-01	1.5028e-01	4.7989e-03	1.5655e-09	1.4473e-03	9.8263e-01	1.5917e-02	1.9895e-06	9.4894e-01	5.1049e-02	9.3439e-06	1.1755e-36	1.1755e-36	1.1755e-36	2.1222e-15	0.00e+00	0.00e+00	2.3527e+02
2.03767e+16	4.2911e+03	3.193e-18	4.6416e+03	3.6078e+02	1.6377e-07	9.3621e-01	6.3787e-02	8.4706e-01	1.4827e-01	4.6645e-03	1.6624e-09	1.4390e-03	9.8281e-01	1.5746e-02	1.9880e-06	9.4944e-01	5.0547e-02	9.2463e-06	1.1755e-36	1.1755e-36	1.1755e-36	2.4041e-15	0.00e+00	0.00e+00	2.3856e+02
2.04973e+16	4.2280e+03	3.139e-18	4.6416e+03	3.5715e+02	1.8406e-07	9.3691e-01	6.3089e-02	8.4921e-01	1.4626e-01	4.5310e-03	1.7804e-09	1.4308e-03	9.8300e-01	1.5570e-02	1.9867e-06	9.5004e-01	4.9952e-02	9.1460e-06	1.1755e-36	1.1755e-36	1.1755e-36	2.7763e-15	0.00e+00	0.00e+00	2.4189e+02
2.06130e+16	4.1806e+03	3.089e-18	4.6416e+03	3.5336e+02	2.0127e-07	9.3743e-01	6.2569e-02	8.5083e-01	1.4474e-01	4.4329e-03	1.8770e-09	1.4204e-03	9.8313e-01	1.5444e-02	1.9853e-06	9.5048e-01	4.9508e-02	9.0570e-06	1.1755e-36	1.1755e-36	1.1755e-36	3.1011e-15	0.00e+00	0.00e+00	2.4491e+02
2.07323e+16	4.1250e+03	3.039e-18	4.6416e+03	3.5009e+02	2.2378e-07	9.3799e-01	6.2010e-02	8.5290e-01	1.4280e-01	4.3072e-03	2.0018e-09	1.4132e-03	9.8333e-01	1.5260e-02	1.9839e-06	9.5096e-01	4.9029e-02	8.9687e-06	1.1755e-36	1.1755e-36	1.1755e-36	3.5453e-15	0.00e+00	0.00e+00	2.4845e+02
2.08606e+16	4.0639e+03	2.981e-18	4.6416e+03	3.4476e+02	2.5195e-07	9.3869e-01	6.1307e-02	8.5437e-01	1.4141e-01	4.2205e-03	2.1492e-09	1.3981e-03	9.8347e-01	1.5128e-02	1.9830e-06	9.5156e-01	4.8430e-02	8.8708e-06	1.1755e-36	1.1755e-36	1.1755e-36	4.1254e-15	0.00e+00	0.00e+00	2.5197e+02
2.09817e+16	4.0127e+03	2.934e-18	4.6416e+03	3.4198e+02	2.7893e-07	9.3951e-01	6.0490e-02	8.5636e-01	1.3953e-01	4.1017e-03	2.2994e-09	1.3927e-03	9.8363e-01	1.4980e-02	1.9814e-06	9.5224e-01	4.7748e-02	8.7628e-06	1.1755e-36	1.1755e-36	1.1755e-36	4.7469e-15	0.00e+00	0.00e+00	2.5511e+02
2.10980e+16	3.9626e+03	2.890e-18	4.6416e+03	3.3881e+02	3.0777e-07	9.3994e-01	6.0055e-02	8.5813e-01	1.3787e-01	3.9983e-03	2.4457e-09	1.3855e-03	9.8378e-01	1.4834e-02	1.9805e-06	9.5262e-01	4.7370e-02	8.6929e-06	1.1755e-36	1.1755e-36	1.1755e-36	5.3946e-15	0.00e+00	0.00e+00	2.5837e+02
###########################
1.51986e+12	1.0324e+04	1.214e-16	4.6416e+03	5.1131e+03	6.4122e-14	1.6819e-02	9.8318e-01	1.1700e-02	6.3522e-01	3.5308e-01	3.8807e-15	1.4018e-03	2.4316e-01	7.3368e-01	2.1494e-02	8.0112e-03	3.9938e-01	5.6137e-01	3.0896e-02	3.4472e-04	3.8580e-07	6.8341e-23	0.00e+00	0.00e+00	1.4982e-03
9.11918e+12	1.0313e+04	1.210e-16	4.6416e+03	5.1048e+03	6.3974e-14	1.6758e-02	9.8324e-01	1.1676e-02	6.3498e-01	3.5334e-01	3.8283e-15	1.3889e-03	2.4281e-01	7.3395e-01	2.1595e-02	7.9522e-03	3.9787e-01	5.6282e-01	3.1007e-02	3.4609e-04	3.8849e-07	6.7144e-23	0.00e+00	0.00e+00	7.4695e-03
3.95164e+13	1.0297e+04	1.204e-16	4.6416e+03	5.1026e+03	6.3636e-14	1.6664e-02	9.8334e-01	1.1669e-02	6.3559e-01	3.5274e-01	3.7439e-15	1.3815e-03	2.4248e-01	7.3424e-01	2.1640e-02	7.8426e-03	3.9461e-01	5.6615e-01	3.1052e-02	3.4543e-04	3.9016e-07	6.5388e-23	0.00e+00	0.00e+00	3.1220e-02
1.61106e+14	1.0249e+04	1.187e-16	4.6416e+03	5.1013e+03	6.3662e-14	1.6518e-02	9.8348e-01	1.1707e-02	6.3988e-01	3.4842e-01	3.5618e-15	1.3705e-03	2.4175e-01	7.3512e-01	2.1508e-02	7.6009e-03	3.8573e-01	5.7566e-01	3.0665e-02	3.3617e-04	3.8481e-07	6.2099e-23	0.00e+00	0.00e+00	1.2539e-01
3.84829e+14	1.0073e+04	1.132e-16	4.6416e+03	5.1051e+03	5.9773e-14	1.5509e-02	9.8449e-01	1.1606e-02	6.4122e-01	3.4717e-01	2.8779e-15	1.3085e-03	2.3932e-01	7.3675e-01	2.2358e-02	6.6387e-03	3.5896e-01	6.0200e-01	3.2058e-02	3.4209e-04	4.1794e-07	4.7427e-23	0.00e+00	0.00e+00	2.4033e-01
6.75670e+14	9.9314e+03	1.090e-16	4.6416e+03	5.1059e+03	5.7941e-14	1.4893e-02	9.8511e-01	1.1639e-02	6.4769e-01	3.4067e-01	2.4712e-15	1.2710e-03	2.3786e-01	7.3807e-01	2.2537e-02	6.0616e-03	3.4127e-01	6.2047e-01	3.1861e-02	3.2923e-04	4.2202e-07	3.9482e-23	0.00e+00	0.00e+00	3.8382e-01
1.05376e+15	9.8120e+03	1.055e-16	4.6416e+03	5.1024e+03	5.8025e-14	1.4591e-02	9.8541e-01	1.1820e-02	6.5994e-01	3.2824e-01	2.2373e-15	1.2539e-03	2.3738e-01	7.3907e-01	2.2042e-02	5.7593e-03	3.3071e-01	6.3311e-01	3.0114e-02	2.9927e-04	3.9695e-07	3.5466e-23	0.00e+00	0.00e+00	5.6657e-01
1.54529e+15	9.6982e+03	1.028e-16	4.6416e+03	5.0979e+03	6.1304e-14	1.4694e-02	9.8531e-01	1.2263e-02	6.8002e-01	3.0771e-01	2.1941e-15	1.2685e-03	2.3901e-01	7.3881e-01	2.0691e-02	5.7866e-03	3.2943e-01	6.3791e-01	2.6624e-02	2.5194e-04	3.3954e-07	3.5492e-23	0.00e+00	0.00e+00	8.0582e-01
2.16973e+15	9.6379e+03	1.005e-16	4.6416e+03	5.0813e+03	6.7346e-14	1.5248e-02	9.8475e-01	1.2955e-02	7.0778e-01	2.7926e-01	2.3457e-15	1.3162e-03	2.4252e-01	7.3739e-01	1.8588e-02	6.1993e-03	3.3915e-01	6.3270e-01	2.1752e-02	1.9493e-04	2.6092e-07	3.9908e-23	0.00e+00	0.00e+00	1.1156e+00
2.85038e+15	9.6005e+03	9.939e-17	4.6416e+03	5.0631e+03	7.7735e-14	1.6295e-02	9.8371e-01	1.3870e-02	7.3916e-01	2.4697e-01	2.7434e-15	1.3991e-03	2.4812e-01	7.3417e-01	1.6158e-02	7.0401e-03	3.5916e-01	6.1690e-01	1.6762e-02	1.4272e-04	1.8476e-07	5.0327e-23	0.00e+00	0.00e+00	1.4346e+00
3.56357e+15	9.6032e+03	9.951e-17	4.6416e+03	5.0384e+03	9.6779e-14	1.8196e-02	9.8180e-01	1.5159e-02	7.7279e-01	2.1205e-01	3.7016e-15	1.5471e-03	2.5760e-01	7.2732e-01	1.3414e-02	8.6851e-03	3.9478e-01	5.8455e-01	1.1886e-02	9.7017e-05	1.1755e-36	7.5620e-23	0.00e+00	0.00e+00	1.8390e+00
4.20295e+15	9.6481e+03	1.008e-16	4.6416e+03	5.0186e+03	1.2049e-13	2.0490e-02	9.7951e-01	1.6343e-02	8.0033e-01	1.8333e-01	5.0746e-15	1.7022e-03	2.6644e-01	7.2055e-01	1.1210e-02	1.0757e-02	4.3207e-01	5.4863e-01	8.4713e-03	6.7855e-05	1.1755e-36	1.1635e-22	0.00e+00	0.00e+00	2.1515e+00
4.64988e+15	9.6980e+03	1.021e-16	4.6416e+03	4.9976e+03	1.4483e-13	2.2665e-02	9.7734e-01	1.7348e-02	8.1804e-01	1.6461e-01	6.6911e-15	1.8438e-03	2.7441e-01	7.1394e-01	9.7259e-03	1.2864e-02	4.6510e-01	5.1552e-01	6.4571e-03	5.1737e-05	1.1755e-36	1.6805e-22	0.00e+00	0.00e+00	2.3995e+00
5.01171e+15	9.7388e+03	1.036e-16	4.6416e+03	4.9823e+03	1.7195e-13	2.4855e-02	9.7515e-01	1.8270e-02	8.3149e-01	1.5024e-01	8.6321e-15	1.9823e-03	2.8203e-01	7.0735e-01	8.5709e-03	1.5057e-02	4.9444e-01	4.8539e-01	5.0734e-03	4.1006e-05	1.1755e-36	2.3500e-22	0.00e+00	0.00e+00	2.6546e+00
5.41445e+15	9.7936e+03	1.054e-16	4.6416e+03	4.9630e+03	2.1113e-13	2.7763e-02	9.7224e-01	1.9440e-02	8.4532e-01	1.3524e-01	1.1748e-14	2.1614e-03	2.9181e-01	6.9860e-01	7.3679e-03	1.8103e-02	5.2949e-01	4.4858e-01	3.7943e-03	3.1345e-05	1.1755e-36	3.5133e-22	0.00e+00	0.00e+00	3.0250e+00
5.86713e+15	9.8699e+03	1.079e-16	4.6416e+03	4.9372e+03	2.6960e-13	3.1734e-02	9.6827e-01	2.0853e-02	8.5885e-01	1.2029e-01	1.6921e-14	2.3821e-03	3.0346e-01	6.8794e-01	6.1643e-03	2.2427e-02	5.7020e-01	4.0466e-01	2.6846e-03	2.3186e-05	1.1755e-36	5.6654e-22	0.00e+00	0.00e+00	3.4436e+00
6.28062e+15	9.9495e+03	1.107e-16	4.6416e+03	4.9105e+03	3.4441e-13	3.6282e-02	9.6372e-01	2.2276e-02	8.6951e-01	1.0821e-01	2.4235e-14	2.6095e-03	3.1519e-01	6.7699e-01	5.1718e-03	2.7540e-02	6.0823e-01	3.6230e-01	1.9087e-03	1.7519e-05	1.1755e-36	9.0806e-22	0.00e+00	0.00e+00	3.8443e+00
6.63440e+15	1.0021e+04	1.135e-16	4.6416e+03	4.8905e+03	4.3327e-13	4.1068e-02	9.5893e-01	2.3611e-02	8.7755e-01	9.8838e-02	3.3687e-14	2.8295e-03	3.2629e-01	6.6645e-01	4.3976e-03	3.3017e-02	6.3987e-01	3.2570e-01	1.3970e-03	1.3721e-05	1.1755e-36	1.4031e-21	0.00e+00	0.00e+00	4.2423e+00
7.01466e+15	1.0085e+04	1.163e-16	4.6416e+03	4.8557e+03	5.6561e-13	4.7259e-02	9.5274e-01	2.5399e-02	8.8517e-01	8.9435e-02	4.8953e-14	3.1005e-03	3.4062e-01	6.5261e-01	3.6414e-03	4.0385e-02	6.7429e-01	2.8435e-01	9.6855e-04	1.0428e-05	1.1755e-36	2.2771e-21	0.00e+00	0.00e+00	4.8377e+00
7.42224e+15	1.0158e+04	1.197e-16	4.6416e+03	4.8107e+03	7.6836e-13	5.5473e-02	9.4453e-01	2.7519e-02	8.9176e-01	8.0717e-02	7.4307e-14	3.4097e-03	3.5701e-01	6.3662e-01	2.9395e-03	5.0288e-02	7.0757e-01	2.4149e-01	6.4007e-04	7.7557e-06	1.1755e-36	3.9321e-21	0.00e+00	0.00e+00	5.4640e+00
7.77199e+15	1.0216e+04	1.229e-16	4.6416e+03	4.7692e+03	1.0270e-12	6.4384e-02	9.3562e-01	2.9667e-02	8.9630e-01	7.4031e-02	1.0914e-13	3.7094e-03	3.7319e-01	6.2068e-01	2.4043e-03	6.1141e-02	7.3281e-01	2.0561e-01	4.3563e-04	5.9348e-06	1.1755e-36	6.5094e-21	0.00e+00	0.00e+00	6.0570e+00
8.07471e+15	1.0259e+04	1.254e-16	4.6416e+03	4.7166e+03	1.3410e-12	7.3602e-02	9.2640e-01	3.1879e-02	8.9942e-01	6.8702e-02	1.5371e-13	3.9833e-03	3.8873e-01	6.0527e-01	1.9985e-03	7.2479e-02	7.5115e-01	1.7606e-01	3.0599e-04	4.6676e-06	1.1755e-36	1.0184e-20	0.00e+00	0.00e+00	6.6851e+00
8.40960e+15	1.0288e+04	1.280e-16	4.6416e+03	4.6576e+03	1.8402e-12	8.5852e-02	9.1415e-01	3.4740e-02	9.0211e-01	6.3145e-02	2.2837e-13	4.3209e-03	4.0836e-01	5.8570e-01	1.6037e-03	8.7574e-02	7.6635e-01	1.4587e-01	2.0218e-04	3.5289e-06	1.1755e-36	1.7067e-20	0.00e+00	0.00e+00	7.6377e+00
8.75971e+15	1.0314e+04	1.305e-16	4.6416e+03	4.5797e+03	2.6193e-12	1.0170e-01	8.9830e-01	3.8258e-02	9.0359e-01	5.8151e-02	3.5113e-13	4.6856e-03	4.3096e-01	5.6309e-01	1.2555e-03	1.0707e-01	7.7575e-01	1.1705e-01	1.2789e-04	2.5860e-06	1.1755e-36	2.9991e-20	0.00e+00	0.00e+00	8.5963e+00
9.03872e+15	1.0323e+04	1.322e-16	4.6416e+03	4.5040e+03	3.5552e-12	1.1733e-01	8.8266e-01	4.1657e-02	9.0375e-01	5.4595e-02	5.0451e-13	4.9934e-03	4.5141e-01	5.4257e-01	1.0160e-03	1.2620e-01	7.7759e-01	9.6117e-02	8.6509e-05	1.9747e-06	1.1755e-36	4.8254e-20	0.00e+00	0.00e+00	9.4092e+00
9.25562e+15	1.0322e+04	1.331e-16	4.6416e+03	4.4365e+03	4.5605e-12	1.3148e-01	8.6852e-01	4.4740e-02	9.0325e-01	5.2006e-02	6.7401e-13	5.2403e-03	4.6888e-01	5.2502e-01	8.5346e-04	1.4342e-01	7.7504e-01	8.1471e-02	6.2979e-05	1.5811e-06	1.1755e-36	7.0553e-20	0.00e+00	0.00e+00	1.0170e+01
9.48262e+15	1.0309e+04	1.335e-16	4.6416e+03	4.3592e+03	5.9664e-12	1.4823e-01	8.5177e-01	4.8463e-02	9.0221e-01	4.9331e-02	9.1694e-13	5.5063e-03	4.8872e-01	5.0506e-01	7.0433e-04	1.6366e-01	7.6845e-01	6.7850e-02	4.4669e-05	1.2394e-06	1.1755e-36	1.0556e-19	0.00e+00	0.00e+00	1.1285e+01
9.72544e+15	1.0293e+04	1.333e-16	4.6416e+03	4.2592e+03	8.0097e-12	1.6871e-01	8.3129e-01	5.2934e-02	9.0021e-01	4.6858e-02	1.2766e-12	5.7683e-03	5.1082e-01	4.8283e-01	5.7010e-04	1.8818e-01	7.5671e-01	5.5077e-02	3.0678e-05	9.4316e-07	1.1755e-36	1.6322e-19	0.00e+00	0.00e+00	1.2417e+01
9.93042e+15	1.0267e+04	1.328e-16	4.6416e+03	4.1726e+03	1.0437e-11	1.8894e-01	8.1106e-01	5.7439e-02	8.9765e-01	4.4909e-02	1.7122e-12	6.0005e-03	5.3150e-01	4.6202e-01	4.7097e-04	2.1212e-01	7.4237e-01	4.5481e-02	2.2004e-05	7.3458e-07	1.1755e-36	2.4056e-19	0.00e+00	0.00e+00	1.3419e+01
1.00992e+16	1.0253e+04	1.314e-16	4.6416e+03	4.0777e+03	1.2872e-11	2.0654e-01	7.9346e-01	6.1419e-02	8.9507e-01	4.3506e-02	2.1525e-12	6.1479e-03	5.4846e-01	4.4499e-01	4.0236e-04	2.3279e-01	7.2852e-01	3.8677e-02	1.6764e-05	5.9725e-07	1.1755e-36	3.2525e-19	0.00e+00	0.00e+00	1.4367e+01
1.02793e+16	1.0219e+04	1.296e-16	4.6416e+03	3.9815e+03	1.6266e-11	2.2726e-01	7.7274e-01	6.6364e-02	8.9171e-01	4.1922e-02	2.7695e-12	6.3214e-03	5.6812e-01	4.2522e-01	3.3682e-04	2.5684e-01	7.1086e-01	3.2280e-02	1.2455e-05	4.7373e-07	1.1755e-36	4.5333e-19	0.00e+00	0.00e+00	1.5723e+01
1.04756e+16	1.0182e+04	1.271e-16	4.6416e+03	3.8656e+03	2.1003e-11	2.5188e-01	7.4812e-01	7.2295e-02	8.8726e-01	4.0443e-02	3.6363e-12	6.4775e-03	5.8986e-01	4.0339e-01	2.7667e-04	2.8508e-01	6.8864e-01	2.6269e-02	8.9975e-06	3.6463e-07	1.1755e-36	6.5050e-19	0.00e+00	0.00e+00	1.7119e+01
1.06481e+16	1.0142e+04	1.244e-16	4.6416e+03	3.7599e+03	2.6388e-11	2.7547e-01	7.2453e-01	7.8258e-02	8.8250e-01	3.9237e-02	4.6273e-12	6.6014e-03	6.0987e-01	3.8330e-01	2.3129e-04	3.1180e-01	6.6647e-01	2.1719e-02	6.7421e-06	2.8675e-07	1.1755e-36	8.9634e-19	0.00e+00	0.00e+00	1.8378e+01
1.07971e+16	1.0114e+04	1.211e-16	4.6416e+03	3.6525e+03	3.1834e-11	2.9607e-01	7.0393e-01	8.3735e-02	8.7793e-01	3.8333e-02	5.6217e-12	6.6648e-03	6.2685e-01	3.6628e-01	1.9833e-04	3.3490e-01	6.4670e-01	1.8395e-02	5.2898e-06	2.3333e-07	1.1755e-36	1.1600e-18	0.00e+00	0.00e+00	1.9610e+01
1.09603e+16	1.0063e+04	1.173e-16	4.6416e+03	3.5390e+03	3.9299e-11	3.1994e-01	6.8006e-01	9.0569e-02	8.7219e-01	3.7244e-02	6.9713e-12	6.7369e-03	6.4631e-01	3.4678e-01	1.6636e-04	3.6135e-01	6.2340e-01	1.5253e-02	4.0550e-06	1.8501e-07	1.1755e-36	1.5419e-18	0.00e+00	0.00e+00	2.1340e+01
1.11407e+16	1.0012e+04	1.127e-16	4.6416e+03	3.4051e+03	4.9313e-11	3.4748e-01	6.5252e-01	9.8678e-02	8.6508e-01	3.6239e-02	8.7757e-12	6.7705e-03	6.6738e-01	3.2571e-01	1.3700e-04	3.9146e-01	5.9622e-01	1.2323e-02	3.0381e-06	1.4240e-07	1.1755e-36	2.0944e-18	0.00e+00	0.00e+00	2.3133e+01
1.13047e+16	9.9584e+03	1.080e-16	4.6416e+03	3.2821e+03	6.0695e-11	3.7361e-01	6.2639e-01	1.0698e-01	8.5764e-01	3.5380e-02	1.0810e-11	6.7854e-03	6.8684e-01	3.0626e-01	1.1434e-04	4.1964e-01	5.7028e-01	1.0081e-02	2.3451e-06	1.1755e-36	1.1755e-36	2.7679e-18	0.00e+00	0.00e+00	2.4798e+01
1.14529e+16	9.9051e+03	1.035e-16	4.6416e+03	3.1718e+03	7.2827e-11	3.9751e-01	6.0249e-01	1.1528e-01	8.5011e-01	3.4615e-02	1.2968e-11	6.7828e-03	7.0448e-01	2.8864e-01	9.6842e-05	4.4509e-01	5.4653e-01	8.3823e-03	1.8683e-06	1.1755e-36	1.1755e-36	3.5264e-18	0.00e+00	0.00e+00	2.6479e+01
1.16081e+16	9.8498e+03	9.840e-17	4.6416e+03	3.0523e+03	8.7643e-11	4.2250e-01	5.7750e-01	1.2466e-01	8.4151e-01	3.3833e-02	1.5574e-11	6.7534e-03	7.2258e-01	2.7059e-01	8.1227e-05	4.7140e-01	5.2171e-01	6.8911e-03	1.4839e-06	1.1755e-36	1.1755e-36	4.5001e-18	0.00e+00	0.00e+00	2.8536e+01
1.17760e+16	9.7845e+03	9.266e-17	4.6416e+03	2.9145e+03	1.0676e-10	4.4964e-01	5.5036e-01	1.3533e-01	8.3152e-01	3.3145e-02	1.8808e-11	6.6735e-03	7.4121e-01	2.5204e-01	6.7254e-05	4.9960e-01	4.9484e-01	5.5581e-03	1.1682e-06	1.1755e-36	1.1755e-36	5.7846e-18	0.00e+00	0.00e+00	3.0772e+01
1.19326e+16	9.7128e+03	8.739e-17	4.6416e+03	2.7950e+03	1.2869e-10	4.7604e-01	5.2396e-01	1.4662e-01	8.2091e-01	3.2467e-02	2.2514e-11	6.6029e-03	7.5876e-01	2.3458e-01	5.6120e-05	5.2666e-01	4.6883e-01	4.5121e-03	9.3797e-07	1.1755e-36	1.1755e-36	7.3621e-18	0.00e+00	0.00e+00	3.2775e+01
1.20716e+16	9.6695e+03	8.239e-17	4.6416e+03	2.6816e+03	1.4899e-10	4.9763e-01	5.0237e-01	1.5687e-01	8.1112e-01	3.2011e-02	2.5922e-11	6.4946e-03	7.7323e-01	2.2022e-01	4.7991e-05	5.4855e-01	4.4769e-01	3.7615e-03	7.8388e-07	1.1755e-36	1.1755e-36	8.8718e-18	0.00e+00	0.00e+00	3.4733e+01
1.22022e+16	9.6003e+03	7.789e-17	4.6416e+03	2.5808e+03	1.7283e-10	5.1863e-01	4.8137e-01	1.6762e-01	8.0089e-01	3.1485e-02	2.9727e-11	6.4019e-03	7.8693e-01	2.0663e-01	4.1260e-05	5.6963e-01	4.2721e-01	3.1565e-03	6.6429e-07	1.1755e-36	1.1755e-36	1.0635e-17	0.00e+00	0.00e+00	3.6664e+01
1.23307e+16	9.5375e+03	7.348e-17	4.6416e+03	2.4843e+03	1.9889e-10	5.3911e-01	4.6089e-01	1.7893e-01	7.9012e-01	3.0948e-02	3.3905e-11	6.3013e-03	8.0001e-01	1.9365e-01	3.5504e-05	5.8996e-01	4.0739e-01	2.6491e-03	5.6766e-07	1.1755e-36	1.1755e-36	1.2659e-17	0.00e+00	0.00e+00	3.8719e+01
1.24370e+16	9.4966e+03	6.987e-17	4.6416e+03	2.4004e+03	2.2160e-10	5.5525e-01	4.4475e-01	1.8813e-01	7.8119e-01	3.0676e-02	3.7485e-11	6.1904e-03	8.0987e-01	1.8391e-01	3.1565e-05	6.0585e-01	3.9185e-01	2.2952e-03	5.0266e-07	1.1755e-36	1.1755e-36	1.4460e-17	0.00e+00	0.00e+00	4.0061e+01
1.25110e+16	9.4551e+03	6.744e-17	4.6416e+03	2.3491e+03	2.3915e-10	5.6601e-01	4.3399e-01	1.9541e-01	7.7422e-01	3.0369e-02	4.0183e-11	6.1309e-03	8.1700e-01	1.7684e-01	2.9015e-05	6.1639e-01	3.8153e-01	2.0797e-03	4.6385e-07	1.1755e-36	1.1755e-36	1.5823e-17	0.00e+00	0.00e+00	4.1146e+01
1.25819e+16	9.4252e+03	6.507e-17	4.6416e+03	2.2991e+03	2.5580e-10	5.7599e-01	4.2401e-01	2.0256e-01	7.6738e-01	3.0068e-02	4.2818e-11	6.0663e-03	8.2365e-01	1.7025e-01	2.6727e-05	6.2611e-01	3.7200e-01	1.8905e-03	4.3030e-07	1.1755e-36	1.1755e-36	1.7168e-17	0.00e+00	0.00e+00	4.2437e+01
1.26680e+16	9.3718e+03	6.227e-17	4.6416e+03	2.2356e+03	2.8044e-10	5.8878e-01	4.1122e-01	2.1142e-01	7.5890e-01	2.9677e-02	4.6408e-11	5.9790e-03	8.3152e-01	1.6247e-01	2.4160e-05	6.3851e-01	3.5981e-01	1.6782e-03	3.9239e-07	1.1755e-36	1.1755e-36	1.9058e-17	0.00e+00	0.00e+00	4.4089e+01
1.27626e+16	9.3154e+03	5.932e-17	4.6416e+03	2.1682e+03	3.1059e-10	6.0352e-01	3.9648e-01	2.2158e-01	7.4912e-01	2.9297e-02	5.0894e-11	5.8810e-03	8.3987e-01	1.5423e-01	2.1632e-05	6.5269e-01	3.4584e-01	1.4662e-03	3.5427e-07	1.1755e-36	1.1755e-36	2.1538e-17	0.00e+00	0.00e+00	4.5742e+01
1.28487e+16	9.2856e+03	5.662e-17	4.6416e+03	2.1030e+03	3.3610e-10	6.1559e-01	3.8441e-01	2.3037e-01	7.4053e-01	2.9100e-02	5.4733e-11	5.7679e-03	8.4672e-01	1.4749e-01	1.9674e-05	6.6422e-01	3.3448e-01	1.3014e-03	3.2540e-07	1.1755e-36	1.1755e-36	2.3679e-17	0.00e+00	0.00e+00	4.7161e+01
1.29278e+16	9.2304e+03	5.428e-17	4.6416e+03	2.0492e+03	3.6551e-10	6.2710e-01	3.7290e-01	2.3964e-01	7.3161e-01	2.8754e-02	5.8858e-11	5.6842e-03	8.5334e-01	1.4095e-01	1.7955e-05	6.7517e-01	3.2366e-01	1.1637e-03	3.0085e-07	1.1755e-36	1.1755e-36	2.6009e-17	0.00e+00	0.00e+00	4.8624e+01
1.30092e+16	9.1957e+03	5.185e-17	4.6416e+03	1.9909e+03	3.9401e-10	6.3812e-01	3.6188e-01	2.4881e-01	7.2269e-01	2.8498e-02	6.3001e-11	5.5802e-03	8.5961e-01	1.3480e-01	1.6395e-05	6.8559e-01	3.1337e-01	1.0384e-03	2.7881e-07	1.1755e-36	1.1755e-36	2.8390e-17	0.00e+00	0.00e+00	5.0181e+01
1.30958e+16	9.1408e+03	4.939e-17	4.6416e+03	1.9307e+03	4.3033e-10	6.5029e-01	3.4971e-01	2.5919e-01	7.1264e-01	2.8173e-02	6.7960e-11	5.4733e-03	8.6621e-01	1.2830e-01	1.4867e-05	6.9704e-01	3.0204e-01	9.1752e-04	2.5701e-07	1.1755e-36	1.1755e-36	3.1298e-17	0.00e+00	0.00e+00	5.1895e+01
1.31842e+16	9.0901e+03	4.696e-17	4.6416e+03	1.8710e+03	4.6962e-10	6.6269e-01	3.3731e-01	2.7007e-01	7.0207e-01	2.7858e-02	7.3428e-11	5.3620e-03	8.7267e-01	1.2195e-01	1.3474e-05	7.0864e-01	2.9055e-01	8.0737e-04	2.3679e-07	1.1755e-36	1.1755e-36	3.4609e-17	0.00e+00	0.00e+00	5.3584e+01
1.32684e+16	9.0498e+03	4.471e-17	4.6416e+03	1.8135e+03	5.0713e-10	6.7362e-01	3.2638e-01	2.8029e-01	6.9210e-01	2.7606e-02	7.8572e-11	5.2474e-03	8.7840e-01	1.1634e-01	1.2311e-05	7.1880e-01	2.8048e-01	7.1665e-04	2.2016e-07	1.1755e-36	1.1755e-36	3.7733e-17	0.00e+00	0.00e+00	5.5188e+01
1.33512e+16	8.9937e+03	4.260e-17	4.6416e+03	1.7608e+03	5.5043e-10	6.8454e-01	3.1546e-01	2.9133e-01	6.8141e-01	2.7264e-02	8.4248e-11	5.1451e-03	8.8410e-01	1.1075e-01	1.1246e-05	7.2891e-01	2.7045e-01	6.3619e-04	2.0496e-07	1.1755e-36	1.1755e-36	4.1214e-17	0.00e+00	0.00e+00	5.6882e+01
1.34366e+16	8.9499e+03	4.046e-17	4.6416e+03	1.7047e+03	5.9445e-10	6.9513e-01	3.0487e-01	3.0234e-01	6.7067e-01	2.6989e-02	9.0056e-11	5.0274e-03	8.8950e-01	1.0546e-01	1.0283e-05	7.3867e-01	2.6077e-01	5.6341e-04	1.9111e-07	1.1755e-36	1.1755e-36	4.4814e-17	0.00e+00	0.00e+00	5.8643e+01
1.35246e+16	8.8886e+03	3.838e-17	4.6416e+03	1.6505e+03	6.4822e-10	7.0640e-01	2.9360e-01	3.1457e-01	6.5880e-01	2.6629e-02	9.6870e-11	4.9153e-03	8.9504e-01	1.0003e-01	9.3724e-06	7.4900e-01	2.5051e-01	4.9593e-04	1.7763e-07	1.1755e-36	1.1755e-36	4.9129e-17	0.00e+00	0.00e+00	6.0495e+01
1.36121e+16	8.8486e+03	3.637e-17	4.6416e+03	1.5949e+03	6.9803e-10	7.1659e-01	2.8341e-01	3.2611e-01	6.4750e-01	2.6386e-02	1.0331e-10	4.7896e-03	9.0002e-01	9.5187e-02	8.5931e-06	7.5830e-01	2.4127e-01	4.3815e-04	1.6605e-07	1.1755e-36	1.1755e-36	5.3197e-17	0.00e+00	0.00e+00	6.2290e+01
1.36989e+16	8.7879e+03	3.448e-17	4.6416e+03	1.5430e+03	7.5783e-10	7.2677e-01	2.7323e-01	3.3850e-01	6.3546e-01	2.6039e-02	1.1045e-10	4.6756e-03	9.0494e-01	9.0375e-02	7.8827e-06	7.6754e-01	2.3207e-01	3.8716e-04	1.5535e-07	1.1755e-36	1.1755e-36	5.7720e-17	0.00e+00	0.00e+00	6.4168e+01
1.37876e+16	8.7303e+03	3.264e-17	4.6416e+03	1.4920e+03	8.2197e-10	7.3699e-01	2.6301e-01	3.5144e-01	6.2289e-01	2.5679e-02	1.1823e-10	4.5603e-03	9.0974e-01	8.5696e-02	7.2341e-06	7.7678e-01	2.2288e-01	3.4099e-04	1.4526e-07	1.1755e-36	1.1755e-36	6.2733e-17	0.00e+00	0.00e+00	6.6097e+01
1.38762e+16	8.6757e+03	3.088e-17	4.6416e+03	1.4416e+03	8.8888e-10	7.4667e-01	2.5333e-01	3.6430e-01	6.1035e-01	2.5346e-02	1.2613e-10	4.4421e-03	9.1421e-01	8.1337e-02	6.6641e-06	7.8549e-01	2.1421e-01	3.0089e-04	1.3623e-07	1.1755e-36	1.1755e-36	6.7810e-17	0.00e+00	0.00e+00	6.8020e+01
1.39647e+16	8.6176e+03	2.921e-17	4.6416e+03	1.3928e+03	9.6132e-10	7.5597e-01	2.4403e-01	3.7745e-01	5.9755e-01	2.4991e-02	1.3438e-10	4.3263e-03	9.1849e-01	7.7179e-02	6.1552e-06	7.9382e-01	2.0591e-01	2.6580e-04	1.2801e-07	1.1755e-36	1.1755e-36	7.3079e-17	0.00e+00	0.00e+00	6.9995e+01
1.40552e+16	8.5604e+03	2.759e-17	4.6416e+03	1.3446e+03	1.0393e-09	7.6514e-01	2.3486e-01	3.9104e-01	5.8434e-01	2.4625e-02	1.4317e-10	4.2090e-03	9.2262e-01	7.3167e-02	5.6928e-06	8.0200e-01	1.9776e-01	2.3434e-04	1.1755e-36	1.1755e-36	1.1755e-36	7.8706e-17	0.00e+00	0.00e+00	7.2054e+01
1.41479e+16	8.4985e+03	2.601e-17	4.6416e+03	1.2961e+03	1.1269e-09	7.7423e-01	2.2577e-01	4.0497e-01	5.7078e-01	2.4250e-02	1.5260e-10	4.0893e-03	9.2659e-01	6.9311e-02	5.2747e-06	8.1008e-01	1.8972e-01	2.0622e-04	1.1755e-36	1.1755e-36	1.1755e-36	8.4745e-17	0.00e+00	0.00e+00	7.4174e+01
1.42413e+16	8.4298e+03	2.453e-17	4.6416e+03	1.2497e+03	1.2247e-09	7.8320e-01	2.1680e-01	4.1946e-01	5.5671e-01	2.3837e-02	1.6273e-10	3.9732e-03	9.3042e-01	6.5600e-02	4.8993e-06	8.1802e-01	1.8180e-01	1.8139e-04	1.1755e-36	1.1755e-36	1.1755e-36	9.1195e-17	0.00e+00	0.00e+00	7.6321e+01
1.43342e+16	8.3734e+03	2.312e-17	4.6416e+03	1.2045e+03	1.3201e-09	7.9135e-01	2.0865e-01	4.3348e-01	5.4306e-01	2.3463e-02	1.7262e-10	3.8568e-03	9.3392e-01	6.2222e-02	4.5749e-06	8.2520e-01	1.7464e-01	1.6022e-04	1.1755e-36	1.1755e-36	1.1755e-36	9.7367e-17	0.00e+00	0.00e+00	7.8458e+01
1.44288e+16	8.3017e+03	2.178e-17	4.6416e+03	1.1608e+03	1.4334e-09	7.9946e-01	2.0054e-01	4.4832e-01	5.2865e-01	2.3023e-02	1.8344e-10	3.7440e-03	9.3735e-01	5.8904e-02	4.2787e-06	8.3233e-01	1.6752e-01	1.4137e-04	1.1755e-36	1.1755e-36	1.1755e-36	1.0399e-16	0.00e+00	0.00e+00	8.0731e+01
1.45272e+16	8.2285e+03	2.048e-17	4.6416e+03	1.1174e+03	1.5598e-09	8.0773e-01	1.9227e-01	4.6374e-01	5.1370e-01	2.2558e-02	1.9537e-10	3.6301e-03	9.4068e-01	5.5688e-02	4.0072e-06	8.3957e-01	1.6030e-01	1.2421e-04	1.1755e-36	1.1755e-36	1.1755e-36	1.1137e-16	0.00e+00	0.00e+00	8.3093e+01
1.46259e+16	8.1578e+03	1.926e-17	4.6416e+03	1.0749e+03	1.6931e-09	8.1545e-01	1.8455e-01	4.7887e-01	4.9901e-01	2.2116e-02	2.0737e-10	3.5164e-03	9.4375e-01	5.2734e-02	3.7715e-06	8.4631e-01	1.5358e-01	1.0949e-04	1.1755e-36	1.1755e-36	1.1755e-36	1.1859e-16	0.00e+00	0.00e+00	8.5429e+01
1.47243e+16	8.0843e+03	1.812e-17	4.6416e+03	1.0351e+03	1.8367e-09	8.2262e-01	1.7738e-01	4.9410e-01	4.8426e-01	2.1639e-02	2.1964e-10	3.4090e-03	9.4662e-01	4.9966e-02	3.5647e-06	8.5255e-01	1.4735e-01	9.6904e-05	1.1755e-36	1.1755e-36	1.1755e-36	1.2572e-16	0.00e+00	0.00e+00	8.7818e+01
1.48254e+16	8.0095e+03	1.703e-17	4.6416e+03	9.9624e+02	1.9943e-09	8.2964e-01	1.7036e-01	5.0964e-01	4.6922e-01	2.1137e-02	2.3267e-10	3.3026e-03	9.4937e-01	4.7323e-02	3.3780e-06	8.5864e-01	1.4128e-01	8.5708e-05	1.1755e-36	1.1755e-36	1.1755e-36	1.3317e-16	0.00e+00	0.00e+00	9.0324e+01
1.49298e+16	7.9228e+03	1.599e-17	4.6416e+03	9.5756e+02	2.1826e-09	8.3664e-01	1.6336e-01	5.2547e-01	4.5392e-01	2.0608e-02	2.4684e-10	3.1963e-03	9.5200e-01	4.4800e-02	3.2099e-06	8.6469e-01	1.3523e-01	7.5736e-05	1.1755e-36	1.1755e-36	1.1755e-36	1.4120e-16	0.00e+00	0.00e+00	9.2914e+01
1.50349e+16	7.8425e+03	1.502e-17	4.6416e+03	9.2069e+02	2.3752e-09	8.4312e-01	1.5688e-01	5.4098e-01	4.3893e-01	2.0096e-02	2.6081e-10	3.0928e-03	9.5441e-01	4.2491e-02	3.0638e-06	8.7028e-01	1.2965e-01	6.7187e-05	1.1755e-36	1.1755e-36	1.1755e-36	1.4870e-16	0.00e+00	0.00e+00	9.5498e+01
1.51394e+16	7.7620e+03	1.413e-17	4.6416e+03	8.8670e+02	2.5814e-09	8.4909e-01	1.5091e-01	5.5627e-01	4.2417e-01	1.9557e-02	2.7507e-10	2.9969e-03	9.5664e-01	4.0364e-02	2.9369e-06	8.7541e-01	1.2453e-01	5.9931e-05	1.1755e-36	1.1755e-36	1.1755e-36	1.5614e-16	0.00e+00	0.00e+00	9.8098e+01
1.52462e+16	7.6696e+03	1.329e-17	4.6416e+03	8.5389e+02	2.8264e-09	8.5488e-01	1.4512e-01	5.7175e-01	4.0928e-01	1.8974e-02	2.9032e-10	2.9044e-03	9.5875e-01	3.8340e-02	2.8234e-06	8.8039e-01	1.1956e-01	5.3551e-05	1.1755e-36	1.1755e-36	1.1755e-36	1.6394e-16	0.00e+00	0.00e+00	1.0083e+02
1.53574e+16	7.5815e+03	1.248e-17	4.6416e+03	8.2087e+02	3.0878e-09	8.6043e-01	1.3957e-01	5.8702e-01	3.9456e-01	1.8419e-02	3.0559e-10	2.8092e-03	9.6073e-01	3.6453e-02	2.7215e-06	8.8514e-01	1.1481e-01	4.7868e-05	1.1755e-36	1.1755e-36	1.1755e-36	1.7123e-16	0.00e+00	0.00e+00	1.0369e+02
1.54706e+16	7.4959e+03	1.174e-17	4.6416e+03	7.8993e+02	3.3677e-09	8.6572e-01	1.3428e-01	6.0197e-01	3.8017e-01	1.7856e-02	3.2142e-10	2.7192e-03	9.6256e-01	3.4719e-02	2.6320e-06	8.8966e-01	1.1030e-01	4.2930e-05	1.1755e-36	1.1755e-36	1.1755e-36	1.7878e-16	0.00e+00	0.00e+00	1.0655e+02
1.55846e+16	7.3939e+03	1.105e-17	4.6416e+03	7.6152e+02	3.7098e-09	8.7078e-01	1.2922e-01	6.1703e-01	3.6575e-01	1.7227e-02	3.3844e-10	2.6376e-03	9.6428e-01	3.3082e-02	2.5534e-06	8.9397e-01	1.0599e-01	3.8684e-05	1.1755e-36	1.1755e-36	1.1755e-36	1.8687e-16	0.00e+00	0.00e+00	1.0950e+02
1.57041e+16	7.2960e+03	1.039e-17	4.6416e+03	7.3250e+02	4.0767e-09	8.7540e-01	1.2460e-01	6.3168e-01	3.5168e-01	1.6639e-02	3.5460e-10	2.5520e-03	9.6588e-01	3.1564e-02	2.4830e-06	8.9791e-01	1.0205e-01	3.4945e-05	1.1755e-36	1.1755e-36	1.1755e-36	1.9349e-16	0.00e+00	0.00e+00	1.1267e+02
1.58282e+16	7.1850e+03	9.774e-18	4.6416e+03	7.0532e+02	4.5303e-09	8.8024e-01	1.1976e-01	6.4640e-01	3.3760e-01	1.5999e-02	3.7328e-10	2.4727e-03	9.6739e-01	3.0131e-02	2.4198e-06	9.0202e-01	9.7945e-02	3.1575e-05	1.1755e-36	1.1755e-36	1.1755e-36	2.0216e-16	0.00e+00	0.00e+00	1.1588e+02
1.59554e+16	7.0751e+03	9.202e-18	4.6416e+03	6.7950e+02	5.0283e-09	8.8453e-01	1.1547e-01	6.6062e-01	3.2401e-01	1.5368e-02	3.9129e-10	2.3965e-03	9.6878e-01	2.8819e-02	2.3648e-06	9.0567e-01	9.4304e-02	2.8710e-05	1.1755e-36	1.1755e-36	1.1755e-36	2.0973e-16	0.00e+00	0.00e+00	1.1924e+02
1.60883e+16	6.9613e+03	8.663e-18	4.6416e+03	6.5482e+02	5.6058e-09	8.8868e-01	1.1132e-01	6.7463e-01	3.1065e-01	1.4721e-02	4.1029e-10	2.3234e-03	9.7009e-01	2.7589e-02	2.3156e-06	9.0919e-01	9.0785e-02	2.6168e-05	1.1755e-36	1.1755e-36	1.1755e-36	2.1786e-16	0.00e+00	0.00e+00	1.2279e+02
1.62287e+16	6.8371e+03	8.149e-18	4.6416e+03	6.3014e+02	6.3094e-09	8.9265e-01	1.0735e-01	6.8829e-01	2.9763e-01	1.4081e-02	4.2954e-10	2.2501e-03	9.7130e-01	2.6448e-02	2.2719e-06	9.1255e-01	8.7422e-02	2.3924e-05	1.1755e-36	1.1755e-36	1.1755e-36	2.2576e-16	0.00e+00	0.00e+00	1.2658e+02
1.63749e+16	6.7148e+03	7.675e-18	4.6416e+03	6.0721e+02	7.1059e-09	8.9643e-01	1.0357e-01	7.0140e-01	2.8516e-01	1.3445e-02	4.4958e-10	2.1815e-03	9.7241e-01	2.5407e-02	2.2335e-06	9.1574e-01	8.4234e-02	2.1964e-05	1.1755e-36	1.1755e-36	1.1755e-36	2.3448e-16	0.00e+00	0.00e+00	1.3046e+02
1.65271e+16	6.5879e+03	7.236e-18	4.6416e+03	5.8586e+02	8.0460e-09	8.9990e-01	1.0010e-01	7.1413e-01	2.7307e-01	1.2796e-02	4.7026e-10	2.1177e-03	9.7344e-01	2.4440e-02	2.1999e-06	9.1868e-01	8.1299e-02	2.0270e-05	1.1755e-36	1.1755e-36	1.1755e-36	2.4370e-16	0.00e+00	0.00e+00	1.3458e+02
1.66912e+16	6.4616e+03	6.814e-18	4.6416e+03	5.6459e+02	9.1352e-09	9.0319e-01	9.6808e-02	7.2640e-01	2.6144e-01	1.2165e-02	4.9125e-10	2.0527e-03	9.7441e-01	2.3537e-02	2.1695e-06	9.2146e-01	7.8518e-02	1.8749e-05	1.1755e-36	1.1755e-36	1.1755e-36	2.5322e-16	0.00e+00	0.00e+00	1.3913e+02
1.68683e+16	6.3230e+03	6.414e-18	4.6416e+03	5.4406e+02	1.0528e-08	9.0655e-01	9.3450e-02	7.3839e-01	2.5009e-01	1.1520e-02	5.1494e-10	1.9909e-03	9.7531e-01	2.2695e-02	2.1422e-06	9.2430e-01	7.5685e-02	1.7371e-05	1.1755e-36	1.1755e-36	1.1755e-36	2.6569e-16	0.00e+00	0.00e+00	1.4398e+02
1.70284e+16	6.2013e+03	6.110e-18	4.6416e+03	5.2827e+02	1.1950e-08	9.0924e-01	9.0759e-02	7.4793e-01	2.4108e-01	1.0985e-02	5.3648e-10	1.9440e-03	9.7596e-01	2.2098e-02	2.1231e-06	9.2657e-01	7.3413e-02	1.6367e-05	1.1755e-36	1.1755e-36	1.1755e-36	2.7857e-16	0.00e+00	0.00e+00	1.4765e+02
1.71553e+16	6.1080e+03	5.901e-18	4.6416e+03	5.1896e+02	1.3155e-08	9.1062e-01	8.9384e-02	7.5575e-01	2.3375e-01	1.0503e-02	5.5300e-10	1.9176e-03	9.7646e-01	2.1623e-02	2.1105e-06	9.2774e-01	7.2242e-02	1.5762e-05	1.1755e-36	1.1755e-36	1.1755e-36	2.8781e-16	0.00e+00	0.00e+00	1.5074e+02
1.72764e+16	6.0166e+03	5.710e-18	4.6416e+03	5.1002e+02	1.4479e-08	9.1185e-01	8.8149e-02	7.6281e-01	2.2713e-01	1.0061e-02	5.6914e-10	1.8923e-03	9.7693e-01	2.1175e-02	2.0992e-06	9.2880e-01	7.1186e-02	1.5235e-05	1.1755e-36	1.1755e-36	1.1755e-36	2.9751e-16	0.00e+00	0.00e+00	1.5412e+02
1.74088e+16	5.9228e+03	5.508e-18	4.6416e+03	4.9949e+02	1.6066e-08	9.1359e-01	8.6405e-02	7.6945e-01	2.2089e-01	9.6611e-03	5.8836e-10	1.8610e-03	9.7738e-01	2.0754e-02	2.0875e-06	9.3027e-01	6.9713e-02	1.4646e-05	1.1755e-36	1.1755e-36	1.1755e-36	3.1148e-16	0.00e+00	0.00e+00	1.5782e+02
1.75480e+16	5.8251e+03	5.311e-18	4.6416e+03	4.8819e+02	1.7955e-08	9.1538e-01	8.4624e-02	7.7551e-01	2.1519e-01	9.3025e-03	6.0856e-10	1.8270e-03	9.7778e-01	2.0388e-02	2.0770e-06	9.3178e-01	6.8208e-02	1.4092e-05	1.1755e-36	1.1755e-36	1.1755e-36	3.2782e-16	0.00e+00	0.00e+00	1.6158e+02
1.76845e+16	5.7412e+03	5.138e-18	4.6416e+03	4.7889e+02	1.9811e-08	9.1694e-01	8.3062e-02	7.8112e-01	2.0992e-01	8.9574e-03	6.2900e-10	1.7989e-03	9.7814e-01	2.0058e-02	2.0676e-06	9.3309e-01	6.6892e-02	1.3611e-05	1.1755e-36	1.1755e-36	1.1755e-36	3.4528e-16	0.00e+00	0.00e+00	1.6516e+02
1.78221e+16	5.6467e+03	4.975e-18	4.6416e+03	4.6991e+02	2.2138e-08	9.1831e-01	8.1694e-02	7.8664e-01	2.0476e-01	8.6077e-03	6.5147e-10	1.7727e-03	9.7849e-01	1.9735e-02	2.0597e-06	9.3426e-01	6.5729e-02	1.3197e-05	1.1755e-36	1.1755e-36	1.1755e-36	3.6614e-16	0.00e+00	0.00e+00	1.6898e+02
1.79606e+16	5.5668e+03	4.824e-18	4.6416e+03	4.6151e+02	2.4430e-08	9.1974e-01	8.0264e-02	7.9150e-01	2.0020e-01	8.3014e-03	6.7454e-10	1.7474e-03	9.7879e-01	1.9460e-02	2.0521e-06	9.3546e-01	6.4526e-02	1.2796e-05	1.1755e-36	1.1755e-36	1.1755e-36	3.8916e-16	0.00e+00	0.00e+00	1.7262e+02
1.81002e+16	5.4760e+03	4.681e-18	4.6416e+03	4.5341e+02	2.7332e-08	9.2098e-01	7.9022e-02	7.9634e-01	1.9568e-01	7.9871e-03	7.0076e-10	1.7239e-03	9.7909e-01	1.9187e-02	2.0457e-06	9.3652e-01	6.3470e-02	1.2452e-05	1.1755e-36	1.1755e-36	1.1755e-36	4.1749e-16	0.00e+00	0.00e+00	1.7651e+02
1.82401e+16	5.3994e+03	4.548e-18	4.6416e+03	4.4578e+02	3.0177e-08	9.2226e-01	7.7736e-02	8.0057e-01	1.9172e-01	7.7151e-03	7.2737e-10	1.7010e-03	9.7934e-01	1.8958e-02	2.0395e-06	9.3760e-01	6.2387e-02	1.2118e-05	1.1755e-36	1.1755e-36	1.1755e-36	4.4810e-16	0.00e+00	0.00e+00	1.8017e+02
1.83799e+16	5.3135e+03	4.423e-18	4.6416e+03	4.3839e+02	3.3739e-08	9.2333e-01	7.6666e-02	8.0478e-01	1.8778e-01	7.4379e-03	7.5774e-10	1.6795e-03	9.7959e-01	1.8730e-02	2.0346e-06	9.3851e-01	6.1475e-02	1.1838e-05	1.1755e-36	1.1755e-36	1.1755e-36	4.8566e-16	0.00e+00	0.00e+00	1.8407e+02
1.85200e+16	5.2395e+03	4.307e-18	4.6416e+03	4.3173e+02	3.7309e-08	9.2455e-01	7.5447e-02	8.0862e-01	1.8420e-01	7.1846e-03	7.9053e-10	1.6600e-03	9.7981e-01	1.8530e-02	2.0294e-06	9.3954e-01	6.0449e-02	1.1550e-05	1.1755e-36	1.1755e-36	1.1755e-36	5.2860e-16	0.00e+00	0.00e+00	1.8776e+02
1.86594e+16	5.1582e+03	4.196e-18	4.6416e+03	4.2501e+02	4.1689e-08	9.2553e-01	7.4472e-02	8.1233e-01	1.8073e-01	6.9379e-03	8.2725e-10	1.6406e-03	9.8002e-01	1.8338e-02	2.0254e-06	9.4037e-01	5.9617e-02	1.1312e-05	1.1755e-36	1.1755e-36	1.1755e-36	5.8021e-16	0.00e+00	0.00e+00	1.9163e+02
1.87984e+16	5.0875e+03	4.093e-18	4.6416e+03	4.1903e+02	4.6104e-08	9.2663e-01	7.3369e-02	8.1576e-01	1.7753e-01	6.7091e-03	8.6678e-10	1.6233e-03	9.8021e-01	1.8167e-02	2.0211e-06	9.4130e-01	5.8689e-02	1.1068e-05	1.1755e-36	1.1755e-36	1.1755e-36	6.3879e-16	0.00e+00	0.00e+00	1.9531e+02
1.89369e+16	5.0097e+03	3.995e-18	4.6416e+03	4.1285e+02	5.1555e-08	9.2753e-01	7.2468e-02	8.1909e-01	1.7442e-01	6.4872e-03	9.1232e-10	1.6056e-03	9.8039e-01	1.8003e-02	2.0179e-06	9.4207e-01	5.7920e-02	1.0864e-05	1.1755e-36	1.1755e-36	1.1755e-36	7.1124e-16	0.00e+00	0.00e+00	1.9916e+02
1.90747e+16	4.9409e+03	3.902e-18	4.6416e+03	4.0732e+02	5.7069e-08	9.2856e-01	7.1436e-02	8.2219e-01	1.7153e-01	6.2807e-03	9.6000e-10	1.5900e-03	9.8063e-01	1.7774e-02	2.0137e-06	9.4294e-01	5.7051e-02	1.0652e-05	1.1755e-36	1.1755e-36	1.1755e-36	7.8505e-16	0.00e+00	0.00e+00	2.0280e+02
1.92109e+16	4.8646e+03	3.814e-18	4.6416e+03	4.0161e+02	6.3922e-08	9.2939e-01	7.0606e-02	8.2520e-01	1.6872e-01	6.0801e-03	1.0134e-09	1.5742e-03	9.8090e-01	1.7525e-02	2.0102e-06	9.4365e-01	5.6340e-02	1.0478e-05	1.1755e-36	1.1755e-36	1.1755e-36	8.7242e-16	0.00e+00	0.00e+00	2.0657e+02
1.93448e+16	4.7970e+03	3.732e-18	4.6416e+03	3.9628e+02	7.0946e-08	9.3030e-01	6.9704e-02	8.2791e-01	1.6619e-01	5.9006e-03	1.0677e-09	1.5593e-03	9.8113e-01	1.7311e-02	2.0068e-06	9.4441e-01	5.5578e-02	1.0303e-05	1.1755e-36	1.1755e-36	1.1755e-36	9.6759e-16	0.00e+00	0.00e+00	2.1010e+02
1.94748e+16	4.7286e+03	3.657e-18	4.6416e+03	3.9185e+02	7.8965e-08	9.3111e-01	6.8887e-02	8.3076e-01	1.6353e-01	5.7105e-03	1.1282e-09	1.5479e-03	9.8137e-01	1.7081e-02	2.0038e-06	9.4511e-01	5.4884e-02	1.0147e-05	1.1755e-36	1.1755e-36	1.1755e-36	1.0796e-15	0.00e+00	0.00e+00	2.1366e+02
1.96043e+16	4.6648e+03	3.583e-18	4.6416e+03	3.8681e+02	8.7491e-08	9.3186e-01	6.8143e-02	8.3318e-01	1.6127e-01	5.5526e-03	1.1884e-09	1.5338e-03	9.8158e-01	1.6882e-02	2.0010e-06	9.4574e-01	5.4250e-02	1.0002e-05	1.1755e-36	1.1755e-36	1.1755e-36	1.1995e-15	0.00e+00	0.00e+00	2.1717e+02
1.97346e+16	4.5996e+03	3.511e-18	4.6416e+03	3.8213e+02	9.7388e-08	9.3264e-01	6.7355e-02	8.3567e-01	1.5894e-01	5.3897e-03	1.2572e-09	1.5212e-03	9.8180e-01	1.6674e-02	1.9983e-06	9.4641e-01	5.3581e-02	9.8586e-06	1.1755e-36	1.1755e-36	1.1755e-36	1.3455e-15	0.00e+00	0.00e+00	2.2078e+02
1.98655e+16	4.5388e+03	3.442e-18	4.6416e+03	3.7767e+02	1.0795e-07	9.3349e-01	6.6510e-02	8.3805e-01	1.5671e-01	5.2353e-03	1.3301e-09	1.5092e-03	9.8201e-01	1.6479e-02	1.9955e-06	9.4712e-01	5.2869e-02	9.7117e-06	1.1755e-36	1.1755e-36	1.1755e-36	1.5105e-15	0.00e+00	0.00e+00	2.2433e+02
1.99967e+16	4.4781e+03	3.374e-18	4.6416e+03	3.7284e+02	1.1978e-07	9.3417e-01	6.5829e-02	8.4024e-01	1.5466e-01	5.0956e-03	1.4061e-09	1.4958e-03	9.8221e-01	1.6293e-02	1.9932e-06	9.4770e-01	5.2288e-02	9.5853e-06	1.1755e-36	1.1755e-36	1.1755e-36	1.6948e-15	0.00e+00	0.00e+00	2.2796e+02
2.01302e+16	4.4119e+03	3.307e-18	4.6416e+03	3.6816e+02	1.3453e-07	9.3500e-01	6.5001e-02	8.4254e-01	1.5251e-01	4.9495e-03	1.4999e-09	1.4835e-03	9.8241e-01	1.6100e-02	1.9910e-06	9.4840e-01	5.1586e-02	9.4524e-06	1.1755e-36	1.1755e-36	1.1755e-36	1.9395e-15	0.00e+00	0.00e+00	2.3165e+02
2.02587e+16	4.3519e+03	3.246e-18	4.6416e+03	3.6382e+02	1.4980e-07	9.3575e-01	6.4245e-02	8.4462e-01	1.5056e-01	4.8185e-03	1.5944e-09	1.4721e-03	9.8259e-01	1.5937e-02	1.9892e-06	9.4904e-01	5.0947e-02	9.3320e-06	1.1755e-36	1.1755e-36	1.1755e-36	2.2040e-15	0.00e+00	0.00e+00	2.3501e+02
2.03801e+16	4.2944e+03	3.192e-18	4.6416e+03	3.6028e+02	1.6626e-07	9.3635e-01	6.3647e-02	8.4676e-01	1.4855e-01	4.6840e-03	1.6929e-09	1.4637e-03	9.8277e-01	1.5766e-02	1.9876e-06	9.4955e-01	5.0436e-02	9.2334e-06	1.1755e-36	1.1755e-36	1.1755e-36	2.4966e-15	0.00e+00	0.00e+00	2.3830e+02
2.05009e+16	4.2346e+03	3.138e-18	4.6416e+03	3.5659e+02	1.8571e-07	9.3702e-01	6.2975e-02	8.4884e-01	1.4661e-01	4.5552e-03	1.8065e-09	1.4550e-03	9.8295e-01	1.5595e-02	1.9862e-06	9.5013e-01	4.9864e-02	9.1327e-06	1.1755e-36	1.1755e-36	1.1755e-36	2.8605e-15	0.00e+00	0.00e+00	2.4164e+02
2.06196e+16	4.1803e+03	3.086e-18	4.6416e+03	3.5261e+02	2.0568e-07	9.3764e-01	6.2360e-02	8.5060e-01	1.4495e-01	4.4481e-03	1.9190e-09	1.4447e-03	9.8310e-01	1.5452e-02	1.9849e-06	9.5065e-01	4.9339e-02	9.0376e-06	1.1755e-36	1.1755e-36	1.1755e-36	3.2481e-15	0.00e+00	0.00e+00	2.4482e+02
2.07372e+16	4.1262e+03	3.036e-18	4.6416e+03	3.4905e+02	2.2803e-07	9.3824e-01	6.1759e-02	8.5247e-01	1.4320e-01	4.3350e-03	2.0430e-09	1.4361e-03	9.8327e-01	1.5296e-02	1.9836e-06	9.5116e-01	4.8827e-02	8.9467e-06	1.1755e-36	1.1755e-36	1.1755e-36	3.7026e-15	0.00e+00	0.00e+00	2.4811e+02
2.08579e+16	4.0741e+03	2.984e-18	4.6416e+03	3.4516e+02	2.5232e-07	9.3891e-01	6.1089e-02	8.5420e-01	1.4157e-01	4.2324e-03	2.1758e-09	1.4261e-03	9.8342e-01	1.5149e-02	1.9822e-06	9.5173e-01	4.8262e-02	8.8484e-06	1.1755e-36	1.1755e-36	1.1755e-36	4.2252e-15	0.00e+00	0.00e+00	2.5146e+02
2.09820e+16	4.0184e+03	2.932e-18	4.6416e+03	3.4127e+02	2.8165e-07	9.3970e-01	6.0304e-02	8.5606e-01	1.3982e-01	4.1244e-03	2.3347e-09	1.4166e-03	9.8359e-01	1.4992e-02	1.9807e-06	9.5239e-01	4.7602e-02	8.7422e-06	1.1755e-36	1.1755e-36	1.1755e-36	4.8974e-15	0.00e+00	0.00e+00	2.5495e+02
2.11061e+16	3.9624e+03	2.876e-18	4.6416e+03	3.3655e+02	3.1498e-07	9.4056e-01	5.9443e-02	8.5777e-01	1.3819e-01	4.0336e-03	2.5113e-09	1.4038e-03	9.8374e-01	1.4858e-02	1.9794e-06	9.5311e-01	4.6882e-02	8.6291e-06	1.1755e-36	1.1755e-36	1.1755e-36	5.7070e-15	0.00e+00	0.00e+00	2.5830e+02
###########################
1.51986e+12	1.0324e+04	1.214e-16	4.6416e+03	5.1131e+03	6.4122e-14	1.6819e-02	9.8318e-01	1.1700e-02	6.3522e-01	3.5308e-01	3.8807e-15	1.4018e-03	2.4316e-01	7.3368e-01	2.1494e-02	8.0112e-03	3.9938e-01	5.6137e-01	3.0896e-02	3.4472e-04	3.8580e-07	6.8342e-23	0.00e+00	0.00e+00	1.4982e-03
9.11918e+12	1.0313e+04	1.210e-16	4.6416e+03	5.1048e+03	6.3975e-14	1.6758e-02	9.8324e-01	1.1676e-02	6.3498e-01	3.5334e-01	3.8283e-15	1.3889e-03	2.4281e-01	7.3395e-01	2.1595e-02	7.9522e-03	3.9787e-01	5.6282e-01	3.1008e-02	3.4609e-04	3.8849e-07	6.7145e-23	0.00e+00	0.00e+00	7.4695e-03
3.95164e+13	1.0297e+04	1.204e-16	4.6416e+03	5.1026e+03	6.3637e-14	1.6664e-02	9.8334e-01	1.1669e-02	6.3559e-01	3.5274e-01	3.7440e-15	1.3815e-03	2.4248e-01	7.3424e-01	2.1640e-02	7.8426e-03	3.9461e-01	5.6615e-01	3.1052e-02	3.4543e-04	3.9016e-07	6.5388e-23	0.00e+00	0.00e+00	3.1220e-02
1.61106e+14	1.0249e+04	1.187e-16	4.6416e+03	5.1013e+03	6.3662e-14	1.6518e-02	9.8348e-01	1.1707e-02	6.3988e-01	3.4842e-01	3.5618e-15	1.3705e-03	2.4175e-01	7.3512e-01	2.1508e-02	7.6009e-03	3.8573e-01	5.7566e-01	3.0665e-02	3.3617e-04	3.8481e-07	6.2099e-23	0.00e+00	0.00e+00	1.2539e-01
3.84829e+14	1.0073e+04	1.132e-16	4.6416e+03	5.1051e+03	5.9773e-14	1.5509e-02	9.8449e-01	1.1606e-02	6.4122e-01	3.4717e-01	2.8779e-15	1.3085e-03	2.3932e-01	7.3675e-01	2.2358e-02	6.6387e-03	3.5896e-01	6.0200e-01	3.2058e-02	3.4209e-04	4.1794e-07	4.7427e-23	0.00e+00	0.00e+00	2.4033e-01
6.75670e+14	9.9314e+03	1.090e-16	4.6416e+03	5.1059e+03	5.7941e-14	1.4893e-02	9.8511e-01	1.1639e-02	6.4769e-01	3.4067e-01	2.4712e-15	1.2710e-03	2.3786e-01	7.3807e-01	2.2537e-02	6.0616e-03	3.4127e-01	6.2047e-01	3.1861e-02	3.2923e-04	4.2202e-07	3.9483e-23	0.00e+00	0.00e+00	3.8382e-01
1.05376e+15	9.8120e+03	1.055e-16	4.6416e+03	5.1024e+03	5.8025e-14	1.4591e-02	9.8541e-01	1.1820e-02	6.5994e-01	3.2824e-01	2.2373e-15	1.2538e-03	2.3738e-01	7.3907e-01	2.2042e-02	5.7593e-03	3.3071e-01	6.3311e-01	3.0114e-02	2.9927e-04	3.9695e-07	3.5467e-23	0.00e+00	0.00e+00	5.6657e-01
1.54529e+15	9.6982e+03	1.028e-16	4.6416e+03	5.0979e+03	6.1304e-14	1.4694e-02	9.8531e-01	1.2263e-02	6.8002e-01	3.0771e-01	2.1941e-15	1.2685e-03	2.3901e-01	7.3881e-01	2.0691e-02	5.7865e-03	3.2942e-01	6.3791e-01	2.6624e-02	2.5194e-04	3.3954e-07	3.5493e-23	0.00e+00	0.00e+00	8.0582e-01
2.16973e+15	9.6379e+03	1.005e-16	4.6416e+03	5.0813e+03	6.7346e-14	1.5248e-02	9.8475e-01	1.2955e-02	7.0778e-01	2.7926e-01	2.3457e-15	1.3162e-03	2.4252e-01	7.3739e-01	1.8588e-02	6.1993e-03	3.3915e-01	6.3270e-01	2.1752e-02	1.9493e-04	2.6092e-07	3.9908e-23	0.00e+00	0.00e+00	1.1156e+00
2.85038e+15	9.6005e+03	9.939e-17	4.6416e+03	5.0631e+03	7.7734e-14	1.6294e-02	9.8371e-01	1.3870e-02	7.3916e-01	2.4697e-01	2.7434e-15	1.3991e-03	2.4812e-01	7.3417e-01	1.6159e-02	7.0400e-03	3.5915e-01	6.1690e-01	1.6762e-02	1.4272e-04	1.8476e-07	5.0326e-23	0.00e+00	0.00e+00	1.4346e+00
3.56357e+15	9.6032e+03	9.951e-17	4.6416e+03	5.0384e+03	9.6778e-14	1.8196e-02	9.8180e-01	1.5159e-02	7.7279e-01	2.1205e-01	3.7015e-15	1.5471e-03	2.5760e-01	7.2732e-01	1.3415e-02	8.6850e-03	3.9478e-01	5.8455e-01	1.1886e-02	9.7018e-05	1.1755e-36	7.5617e-23	0.00e+00	0.00e+00	1.8390e+00
4.20296e+15	9.6481e+03	1.008e-16	4.6416e+03	5.0186e+03	1.2049e-13	2.0490e-02	9.7951e-01	1.6343e-02	8.0033e-01	1.8333e-01	5.0745e-15	1.7022e-03	2.6644e-01	7.2055e-01	1.1210e-02	1.0757e-02	4.3207e-01	5.4863e-01	8.4713e-03	6.7855e-05	1.1755e-36	1.1635e-22	0.00e+00	0.00e+00	2.1515e+00
4.64990e+15	9.6980e+03	1.021e-16	4.6416e+03	4.9976e+03	1.4483e-13	2.2665e-02	9.7734e-01	1.7348e-02	8.1805e-01	1.6461e-01	6.6908e-15	1.8438e-03	2.7441e-01	7.1394e-01	9.7259e-03	1.2864e-02	4.6510e-01	5.1553e-01	6.4570e-03	5.1737e-05	1.1755e-36	1.6803e-22	0.00e+00	0.00e+00	2.3995e+00
5.01174e+15	9.7388e+03	1.036e-16	4.6416e+03	4.9823e+03	1.7194e-13	2.4855e-02	9.7515e-01	1.8270e-02	8.3149e-01	1.5024e-01	8.6316e-15	1.9822e-03	2.8203e-01	7.0735e-01	8.5709e-03	1.5057e-02	4.9444e-01	4.8539e-01	5.0734e-03	4.1006e-05	1.1755e-36	2.3497e-22	0.00e+00	0.00e+00	2.6546e+00
5.41449e+15	9.7934e+03	1.054e-16	4.6416e+03	4.9630e+03	2.1115e-13	2.7763e-02	9.7224e-01	1.9441e-02	8.4533e-01	1.3523e-01	1.1748e-14	2.1614e-03	2.9182e-01	6.9860e-01	7.3677e-03	1.8104e-02	5.2949e-01	4.4858e-01	3.7942e-03	3.1344e-05	1.1755e-36	3.5131e-22	0.00e+00	0.00e+00	3.0251e+00
5.86715e+15	9.8699e+03	1.079e-16	4.6416e+03	4.9372e+03	2.6958e-13	3.1734e-02	9.6827e-01	2.0853e-02	8.5885e-01	1.2029e-01	1.6920e-14	2.3821e-03	3.0346e-01	6.8794e-01	6.1643e-03	2.2427e-02	5.7020e-01	4.0466e-01	2.6846e-03	2.3186e-05	1.1755e-36	5.6645e-22	0.00e+00	0.00e+00	3.4436e+00
6.28060e+15	9.9495e+03	1.107e-16	4.6416e+03	4.9105e+03	3.4437e-13	3.6282e-02	9.6372e-01	2.2276e-02	8.6951e-01	1.0822e-01	2.4231e-14	2.6095e-03	3.1519e-01	6.7699e-01	5.1718e-03	2.7539e-02	6.0823e-01	3.6231e-01	1.9088e-03	1.7519e-05	1.1755e-36	9.0784e-22	0.00e+00	0.00e+00	3.8443e+00
6.63439e+15	1.0021e+04	1.135e-16	4.6416e+03	4.8905e+03	4.3321e-13	4.1067e-02	9.5893e-01	2.3611e-02	8.7755e-01	9.8838e-02	3.3682e-14	2.8295e-03	3.2629e-01	6.6645e-01	4.3977e-03	3.3017e-02	6.3987e-01	3.2571e-01	1.3970e-03	1.3721e-05	1.1755e-36	1.4028e-21	0.00e+00	0.00e+00	4.2423e+00
7.01470e+15	1.0085e+04	1.163e-16	4.6416e+03	4.8557e+03	5.6554e-13	4.7259e-02	9.5274e-01	2.5399e-02	8.8517e-01	8.9434e-02	4.8948e-14	3.1005e-03	3.4062e-01	6.5261e-01	3.6413e-03	4.0385e-02	6.7429e-01	2.8435e-01	9.6852e-04	1.0428e-05	1.1755e-36	2.2765e-21	0.00e+00	0.00e+00	4.8377e+00
7.42229e+15	1.0158e+04	1.197e-16	4.6416e+03	4.8107e+03	7.6826e-13	5.5474e-02	9.4453e-01	2.7519e-02	8.9177e-01	8.0716e-02	7.4298e-14	3.4097e-03	3.5701e-01	6.3662e-01	2.9395e-03	5.0289e-02	7.0757e-01	2.4149e-01	6.4004e-04	7.7554e-06	1.1755e-36	3.9311e-21	0.00e+00	0.00e+00	5.4641e+00
7.77203e+15	1.0216e+04	1.229e-16	4.6416e+03	4.7692e+03	1.0269e-12	6.4385e-02	9.3562e-01	2.9667e-02	8.9630e-01	7.4030e-02	1.0912e-13	3.7094e-03	3.7319e-01	6.2068e-01	2.4043e-03	6.1141e-02	7.3281e-01	2.0560e-01	4.3562e-04	5.9347e-06	1.1755e-36	6.5073e-21	0.00e+00	0.00e+00	6.0570e+00
8.07474e+15	1.0259e+04	1.254e-16	4.6416e+03	4.7166e+03	1.3410e-12	7.3604e-02	9.2640e-01	3.1880e-02	8.9942e-01	6.8700e-02	1.5369e-13	3.9833e-03	3.8874e-01	6.0527e-01	1.9984e-03	7.2481e-02	7.5115e-01	1.7606e-01	3.0597e-04	4.6674e-06	1.1755e-36	1.0180e-20	0.00e+00	0.00e+00	6.6852e+00
8.40961e+15	1.0288e+04	1.280e-16	4.6416e+03	4.6576e+03	1.8399e-12	8.5853e-02	9.1415e-01	3.4741e-02	9.0211e-01	6.3145e-02	2.2833e-13	4.3209e-03	4.0836e-01	5.8570e-01	1.6037e-03	8.7574e-02	7.6635e-01	1.4587e-01	2.0218e-04	3.5288e-06	1.1755e-36	1.7060e-20	0.00e+00	0.00e+00	7.6377e+00
8.75973e+15	1.0314e+04	1.305e-16	4.6416e+03	4.5797e+03	2.6187e-12	1.0170e-01	8.9830e-01	3.8258e-02	9.0359e-01	5.8151e-02	3.5105e-13	4.6855e-03	4.3096e-01	5.6309e-01	1.2555e-03	1.0707e-01	7.7575e-01	1.1705e-01	1.2789e-04	2.5860e-06	1.1755e-36	2.9977e-20	0.00e+00	0.00e+00	8.5965e+00
9.03877e+15	1.0323e+04	1.322e-16	4.6416e+03	4.5040e+03	3.5546e-12	1.1734e-01	8.8266e-01	4.1657e-02	9.0375e-01	5.4594e-02	5.0442e-13	4.9934e-03	4.5141e-01	5.4257e-01	1.0159e-03	1.2621e-01	7.7759e-01	9.6113e-02	8.6503e-05	1.9746e-06	1.1755e-36	4.8233e-20	0.00e+00	0.00e+00	9.4095e+00
9.25567e+15	1.0322e+04	1.331e-16	4.6416e+03	4.4365e+03	4.5596e-12	1.3149e-01	8.6851e-01	4.4741e-02	9.0325e-01	5.2005e-02	6.7388e-13	5.2404e-03	4.6889e-01	5.2501e-01	8.5342e-04	1.4343e-01	7.7504e-01	8.1468e-02	6.2974e-05	1.5810e-06	1.1755e-36	7.0521e-20	0.00e+00	0.00e+00	1.0170e+01
9.48267e+15	1.0309e+04	1.335e-16	4.6416e+03	4.3592e+03	5.9650e-12	1.4823e-01	8.5177e-01	4.8464e-02	9.0221e-01	4.9330e-02	9.1673e-13	5.5063e-03	4.8873e-01	5.0506e-01	7.0430e-04	1.6366e-01	7.6845e-01	6.7847e-02	4.4665e-05	1.2393e-06	1.1755e-36	1.0551e-19	0.00e+00	0.00e+00	1.1285e+01
9.72548e+15	1.0293e+04	1.333e-16	4.6416e+03	4.2591e+03	8.0078e-12	1.6871e-01	8.3129e-01	5.2935e-02	9.0021e-01	4.6857e-02	1.2763e-12	5.7684e-03	5.1083e-01	4.8283e-01	5.7008e-04	1.8818e-01	7.5671e-01	5.5075e-02	3.0676e-05	9.4311e-07	1.1755e-36	1.6313e-19	0.00e+00	0.00e+00	1.2417e+01
9.93046e+15	1.0267e+04	1.328e-16	4.6416e+03	4.1726e+03	1.0435e-11	1.8895e-01	8.1105e-01	5.7440e-02	8.9765e-01	4.4908e-02	1.7117e-12	6.0006e-03	5.3151e-01	4.6202e-01	4.7095e-04	2.1213e-01	7.4237e-01	4.5479e-02	2.2002e-05	7.3454e-07	1.1755e-36	2.4042e-19	0.00e+00	0.00e+00	1.3419e+01
1.00992e+16	1.0253e+04	1.314e-16	4.6416e+03	4.0777e+03	1.2868e-11	2.0655e-01	7.9345e-01	6.1421e-02	8.9507e-01	4.3505e-02	2.1519e-12	6.1481e-03	5.4846e-01	4.4498e-01	4.0234e-04	2.3279e-01	7.2851e-01	3.8675e-02	1.6763e-05	5.9721e-07	1.1755e-36	3.2506e-19	0.00e+00	0.00e+00	1.4367e+01
1.02793e+16	1.0219e+04	1.296e-16	4.6416e+03	3.9815e+03	1.6262e-11	2.2726e-01	7.7274e-01	6.6366e-02	8.9171e-01	4.1921e-02	2.7688e-12	6.3216e-03	5.6812e-01	4.2521e-01	3.3681e-04	2.5685e-01	7.1086e-01	3.2279e-02	1.2454e-05	4.7370e-07	1.1755e-36	4.5307e-19	0.00e+00	0.00e+00	1.5723e+01
1.04756e+16	1.0182e+04	1.271e-16	4.6416e+03	3.8656e+03	2.0998e-11	2.5188e-01	7.4812e-01	7.2297e-02	8.8726e-01	4.0443e-02	3.6353e-12	6.4777e-03	5.8986e-01	4.0338e-01	2.7666e-04	2.8509e-01	6.8863e-01	2.6268e-02	8.9969e-06	3.6461e-07	1.1755e-36	6.5011e-19	0.00e+00	0.00e+00	1.7119e+01
1.06482e+16	1.0142e+04	1.244e-16	4.6416e+03	3.7598e+03	2.6380e-11	2.7547e-01	7.2453e-01	7.8259e-02	8.8250e-01	3.9237e-02	4.6259e-12	6.6016e-03	6.0987e-01	3.8329e-01	2.3128e-04	3.1181e-01	6.6647e-01	2.1718e-02	6.7416e-06	2.8673e-07	1.1755e-36	8.9577e-19	0.00e+00	0.00e+00	1.8378e+01
1.07971e+16	1.0113e+04	1.211e-16	4.6416e+03	3.6525e+03	3.1824e-11	2.9608e-01	7.0392e-01	8.3736e-02	8.7793e-01	3.8332e-02	5.6200e-12	6.6650e-03	6.2686e-01	3.6628e-01	1.9833e-04	3.3491e-01	6.4669e-01	1.8394e-02	5.2895e-06	2.3332e-07	1.1755e-36	1.1592e-18	0.00e+00	0.00e+00	1.9610e+01
1.09604e+16	1.0063e+04	1.173e-16	4.6416e+03	3.5389e+03	3.9287e-11	3.1994e-01	6.8006e-01	9.0571e-02	8.7219e-01	3.7243e-02	6.9692e-12	6.7371e-03	6.4632e-01	3.4678e-01	1.6636e-04	3.6135e-01	6.2339e-01	1.5253e-02	4.0547e-06	1.8500e-07	1.1755e-36	1.5409e-18	0.00e+00	0.00e+00	2.1340e+01
1.11407e+16	1.0012e+04	1.127e-16	4.6416e+03	3.4051e+03	4.9298e-11	3.4749e-01	6.5251e-01	9.8680e-02	8.6508e-01	3.6239e-02	8.7730e-12	6.7707e-03	6.6738e-01	3.2571e-01	1.3700e-04	3.9146e-01	5.9621e-01	1.2322e-02	3.0380e-06	1.4239e-07	1.1755e-36	2.0930e-18	0.00e+00	0.00e+00	2.3134e+01
1.13048e+16	9.9584e+03	1.080e-16	4.6416e+03	3.2820e+03	6.0677e-11	3.7362e-01	6.2638e-01	1.0698e-01	8.5764e-01	3.5380e-02	1.0807e-11	6.7856e-03	6.8684e-01	3.0626e-01	1.1434e-04	4.1964e-01	5.7028e-01	1.0080e-02	2.3450e-06	1.1755e-36	1.1755e-36	2.7661e-18	0.00e+00	0.00e+00	2.4798e+01
1.14529e+16	9.9051e+03	1.035e-16	4.6416e+03	3.1717e+03	7.2805e-11	3.9751e-01	6.0249e-01	1.1528e-01	8.5010e-01	3.4615e-02	1.2964e-11	6.7830e-03	7.0449e-01	2.8863e-01	9.6838e-05	4.4510e-01	5.4652e-01	8.3818e-03	1.8681e-06	1.1755e-36	1.1755e-36	3.5241e-18	0.00e+00	0.00e+00	2.6480e+01
1.16081e+16	9.8498e+03	9.839e-17	4.6416e+03	3.0523e+03	8.7616e-11	4.2251e-01	5.7749e-01	1.2466e-01	8.4151e-01	3.3833e-02	1.5569e-11	6.7535e-03	7.2258e-01	2.7058e-01	8.1224e-05	4.7141e-01	5.2170e-01	6.8907e-03	1.4838e-06	1.1755e-36	1.1755e-36	4.4970e-18	0.00e+00	0.00e+00	2.8536e+01
1.17760e+16	9.7845e+03	9.266e-17	4.6416e+03	2.9145e+03	1.0672e-10	4.4965e-01	5.5035e-01	1.3533e-01	8.3152e-01	3.3145e-02	1.8802e-11	6.6736e-03	7.4122e-01	2.5204e-01	6.7251e-05	4.9961e-01	4.9483e-01	5.5579e-03	1.1682e-06	1.1755e-36	1.1755e-36	5.7807e-18	0.00e+00	0.00e+00	3.0772e+01
1.19326e+16	9.7128e+03	8.739e-17	4.6416e+03	2.7950e+03	1.2865e-10	4.7604e-01	5.2396e-01	1.4663e-01	8.2091e-01	3.2467e-02	2.2506e-11	6.6031e-03	7.5876e-01	2.3458e-01	5.6118e-05	5.2666e-01	4.6882e-01	4.5119e-03	9.3793e-07	1.1755e-36	1.1755e-36	7.3571e-18	0.00e+00	0.00e+00	3.2775e+01
1.20716e+16	9.6694e+03	8.239e-17	4.6416e+03	2.6815e+03	1.4894e-10	4.9763e-01	5.0237e-01	1.5687e-01	8.1111e-01	3.2011e-02	2.5914e-11	6.4948e-03	7.7324e-01	2.2022e-01	4.7989e-05	5.4856e-01	4.4768e-01	3.7613e-03	7.8386e-07	1.1755e-36	1.1755e-36	8.8659e-18	0.00e+00	0.00e+00	3.4734e+01
1.22022e+16	9.6003e+03	7.789e-17	4.6416e+03	2.5808e+03	1.7278e-10	5.1864e-01	4.8136e-01	1.6762e-01	8.0089e-01	3.1484e-02	2.9718e-11	6.4019e-03	7.8693e-01	2.0663e-01	4.1258e-05	5.6963e-01	4.2721e-01	3.1563e-03	6.6427e-07	1.1755e-36	1.1755e-36	1.0628e-17	0.00e+00	0.00e+00	3.6664e+01
1.23308e+16	9.5375e+03	7.348e-17	4.6416e+03	2.4843e+03	1.9883e-10	5.3911e-01	4.6089e-01	1.7893e-01	7.9012e-01	3.0948e-02	3.3895e-11	6.3014e-03	8.0001e-01	1.9365e-01	3.5503e-05	5.8997e-01	4.0738e-01	2.6490e-03	5.6764e-07	1.1755e-36	1.1755e-36	1.2651e-17	0.00e+00	0.00e+00	3.8720e+01
1.24371e+16	9.4966e+03	6.987e-17	4.6416e+03	2.4004e+03	2.2154e-10	5.5525e-01	4.4475e-01	1.8814e-01	7.8119e-01	3.0676e-02	3.7474e-11	6.1905e-03	8.0987e-01	1.8390e-01	3.1564e-05	6.0586e-01	3.9185e-01	2.2951e-03	5.0264e-07	1.1755e-36	1.1755e-36	1.4451e-17	0.00e+00	0.00e+00	4.0062e+01
1.25110e+16	9.4551e+03	6.744e-17	4.6416e+03	2.3491e+03	2.3908e-10	5.6601e-01	4.3399e-01	1.9542e-01	7.7421e-01	3.0368e-02	4.0171e-11	6.1310e-03	8.1700e-01	1.7684e-01	2.9014e-05	6.1639e-01	3.8153e-01	2.0796e-03	4.6384e-07	1.1755e-36	1.1755e-36	1.5813e-17	0.00e+00	0.00e+00	4.1146e+01
1.25819e+16	9.4252e+03	6.507e-17	4.6416e+03	2.2991e+03	2.5573e-10	5.7599e-01	4.2401e-01	2.0256e-01	7.6737e-01	3.0068e-02	4.2805e-11	6.0664e-03	8.2366e-01	1.7025e-01	2.6726e-05	6.2612e-01	3.7199e-01	1.8904e-03	4.3028e-07	1.1755e-36	1.1755e-36	1.7158e-17	0.00e+00	0.00e+00	4.2437e+01
1.26680e+16	9.3718e+03	6.227e-17	4.6416e+03	2.2356e+03	2.8036e-10	5.8878e-01	4.1122e-01	2.1143e-01	7.5890e-01	2.9677e-02	4.6395e-11	5.9790e-03	8.3153e-01	1.6247e-01	2.4159e-05	6.3851e-01	3.5981e-01	1.6782e-03	3.9238e-07	1.1755e-36	1.1755e-36	1.9046e-17	0.00e+00	0.00e+00	4.4090e+01
1.27626e+16	9.3154e+03	5.932e-17	4.6416e+03	2.1682e+03	3.1051e-10	6.0353e-01	3.9647e-01	2.2158e-01	7.4912e-01	2.9297e-02	5.0879e-11	5.8811e-03	8.3987e-01	1.5422e-01	2.1631e-05	6.5269e-01	3.4584e-01	1.4662e-03	3.5426e-07	1.1755e-36	1.1755e-36	2.1525e-17	0.00e+00	0.00e+00	4.5743e+01
1.28487e+16	9.2856e+03	5.662e-17	4.6416e+03	2.1029e+03	3.3601e-10	6.1559e-01	3.8441e-01	2.3037e-01	7.4053e-01	2.9100e-02	5.4717e-11	5.7680e-03	8.4672e-01	1.4749e-01	1.9673e-05	6.6422e-01	3.3448e-01	1.3013e-03	3.2539e-07	1.1755e-36	1.1755e-36	2.3665e-17	0.00e+00	0.00e+00	4.7162e+01
1.29278e+16	9.2304e+03	5.428e-17	4.6416e+03	2.0492e+03	3.6541e-10	6.2711e-01	3.7289e-01	2.3964e-01	7.3160e-01	2.8754e-02	5.8841e-11	5.6843e-03	8.5335e-01	1.4095e-01	1.7954e-05	6.7518e-01	3.2366e-01	1.1637e-03	3.0084e-07	1.1755e-36	1.1755e-36	2.5993e-17	0.00e+00	0.00e+00	4.8624e+01
1.30092e+16	9.1956e+03	5.185e-17	4.6416e+03	1.9909e+03	3.9391e-10	6.3812e-01	3.6188e-01	2.4881e-01	7.2269e-01	2.8498e-02	6.2983e-11	5.5802e-03	8.5961e-01	1.3479e-01	1.6395e-05	6.8560e-01	3.1337e-01	1.0383e-03	2.7880e-07	1.1755e-36	1.1755e-36	2.8373e-17	0.00e+00	0.00e+00	5.0181e+01
1.30958e+16	9.1408e+03	4.939e-17	4.6416e+03	1.9307e+03	4.3022e-10	6.5029e-01	3.4971e-01	2.5919e-01	7.1263e-01	2.8173e-02	6.7941e-11	5.4733e-03	8.6622e-01	1.2830e-01	1.4867e-05	6.9704e-01	3.0204e-01	9.1748e-04	2.5700e-07	1.1755e-36	1.1755e-36	3.1280e-17	0.00e+00	0.00e+00	5.1895e+01
1.31843e+16	9.0901e+03	4.696e-17	4.6416e+03	1.8710e+03	4.6950e-10	6.6269e-01	3.3731e-01	2.7007e-01	7.0207e-01	2.7858e-02	7.3408e-11	5.3620e-03	8.7267e-01	1.2195e-01	1.3473e-05	7.0864e-01	2.9055e-01	8.0733e-04	2.3678e-07	1.1755e-36	1.1755e-36	3.4589e-17	0.00e+00	0.00e+00	5.3584e+01
1.32684e+16	9.0498e+03	4.471e-17	4.6416e+03	1.8135e+03	5.0700e-10	6.7362e-01	3.2638e-01	2.8030e-01	6.9210e-01	2.7606e-02	7.8551e-11	5.2474e-03	8.7840e-01	1.1634e-01	1.2311e-05	7.1881e-01	2.8048e-01	7.1662e-04	2.2016e-07	1.1755e-36	1.1755e-36	3.7712e-17	0.00e+00	0.00e+00	5.5188e+01
1.33512e+16	8.9937e+03	4.260e-17	4.6416e+03	1.7608e+03	5.5029e-10	6.8454e-01	3.1546e-01	2.9133e-01	6.8140e-01	2.7264e-02	8.4226e-11	5.1452e-03	8.8410e-01	1.1075e-01	1.1246e-05	7.2892e-01	2.7045e-01	6.3616e-04	2.0496e-07	1.1755e-36	1.1755e-36	4.1192e-17	0.00e+00	0.00e+00	5.6883e+01
1.34367e+16	8.9498e+03	4.046e-17	4.6416e+03	1.7047e+03	5.9432e-10	6.9513e-01	3.0487e-01	3.0234e-01	6.7067e-01	2.6989e-02	9.0033e-11	5.0275e-03	8.8951e-01	1.0545e-01	1.0282e-05	7.3867e-01	2.6076e-01	5.6338e-04	1.9110e-07	1.1755e-36	1.1755e-36	4.4790e-17	0.00e+00	0.00e+00	5.8643e+01
1.35246e+16	8.8886e+03	3.838e-17	4.6416e+03	1.6505e+03	6.4805e-10	7.0640e-01	2.9360e-01	3.1457e-01	6.5880e-01	2.6629e-02	9.6844e-11	4.9154e-03	8.9504e-01	1.0003e-01	9.3722e-06	7.4900e-01	2.5050e-01	4.9591e-04	1.7763e-07	1.1755e-36	1.1755e-36	4.9102e-17	0.00e+00	0.00e+00	6.0495e+01
1.36121e+16	8.8485e+03	3.637e-17	4.6416e+03	1.5949e+03	6.9790e-10	7.1660e-01	2.8340e-01	3.2612e-01	6.4750e-01	2.6386e-02	1.0329e-10	4.7896e-03	9.0002e-01	9.5184e-02	8.5928e-06	7.5830e-01	2.4126e-01	4.3813e-04	1.6605e-07	1.1755e-36	1.1755e-36	5.3170e-17	0.00e+00	0.00e+00	6.2291e+01
1.36989e+16	8.7879e+03	3.448e-17	4.6416e+03	1.5430e+03	7.5766e-10	7.2677e-01	2.7323e-01	3.3851e-01	6.3546e-01	2.6038e-02	1.1043e-10	4.6756e-03	9.0494e-01	9.0373e-02	7.8824e-06	7.6754e-01	2.3207e-01	3.8715e-04	1.5535e-07	1.1755e-36	1.1755e-36	5.7691e-17	0.00e+00	0.00e+00	6.4169e+01
1.37877e+16	8.7303e+03	3.264e-17	4.6416e+03	1.4920e+03	8.2178e-10	7.3700e-01	2.6300e-01	3.5144e-01	6.2288e-01	2.5678e-02	1.1820e-10	4.5603e-03	9.0974e-01	8.5695e-02	7.2339e-06	7.7678e-01	2.2288e-01	3.4098e-04	1.4526e-07	1.1755e-36	1.1755e-36	6.2702e-17	0.00e+00	0.00e+00	6.6097e+01
1.38762e+16	8.6757e+03	3.088e-17	4.6416e+03	1.4416e+03	8.8869e-10	7.4668e-01	2.5332e-01	3.6430e-01	6.1035e-01	2.5346e-02	1.2610e-10	4.4422e-03	9.1422e-01	8.1335e-02	6.6639e-06	7.8549e-01	2.1421e-01	3.0087e-04	1.3623e-07	1.1755e-36	1.1755e-36	6.7777e-17	0.00e+00	0.00e+00	6.8021e+01
1.39648e+16	8.6176e+03	2.921e-17	4.6416e+03	1.3928e+03	9.6111e-10	7.5598e-01	2.4402e-01	3.7746e-01	5.9755e-01	2.4991e-02	1.3435e-10	4.3263e-03	9.1849e-01	7.7177e-02	6.1550e-06	7.9382e-01	2.0591e-01	2.6578e-04	1.2801e-07	1.1755e-36	1.1755e-36	7.3044e-17	0.00e+00	0.00e+00	6.9996e+01
1.40553e+16	8.5604e+03	2.759e-17	4.6416e+03	1.3446e+03	1.0391e-09	7.6515e-01	2.3485e-01	3.9104e-01	5.8433e-01	2.4625e-02	1.4314e-10	4.2090e-03	9.2262e-01	7.3166e-02	5.6927e-06	8.0201e-01	1.9776e-01	2.3433e-04	1.1755e-36	1.1755e-36	1.1755e-36	7.8670e-17	0.00e+00	0.00e+00	7.2055e+01
1.41479e+16	8.4983e+03	2.601e-17	4.6416e+03	1.2961e+03	1.1268e-09	7.7423e-01	2.2577e-01	4.0498e-01	5.7077e-01	2.4250e-02	1.5257e-10	4.0894e-03	9.2660e-01	6.9309e-02	5.2745e-06	8.1008e-01	1.8971e-01	2.0621e-04	1.1755e-36	1.1755e-36	1.1755e-36	8.4707e-17	0.00e+00	0.00e+00	7.4175e+01
1.42414e+16	8.4299e+03	2.453e-17	4.6416e+03	1.2497e+03	1.2244e-09	7.8320e-01	2.1680e-01	4.1946e-01	5.5670e-01	2.3838e-02	1.6269e-10	3.9733e-03	9.3042e-01	6.5599e-02	4.8992e-06	8.1802e-01	1.8180e-01	1.8138e-04	1.1755e-36	1.1755e-36	1.1755e-36	9.1150e-17	0.00e+00	0.00e+00	7.6321e+01
1.43342e+16	8.3727e+03	2.312e-17	4.6416e+03	1.2045e+03	1.3204e-09	7.9136e-01	2.0864e-01	4.3350e-01	5.4304e-01	2.3461e-02	1.7260e-10	3.8569e-03	9.3392e-01	6.2218e-02	4.5747e-06	8.2521e-01	1.7463e-01	1.6022e-04	1.1755e-36	1.1755e-36	1.1755e-36	9.7333e-17	0.00e+00	0.00e+00	7.8459e+01
1.44287e+16	8.2967e+03	2.179e-17	4.6416e+03	1.1616e+03	1.4371e-09	7.9964e-01	2.0036e-01	4.4859e-01	5.2842e-01	2.2990e-02	1.8377e-10	3.7472e-03	9.3739e-01	5.8860e-02	4.2764e-06	8.3250e-01	1.6736e-01	1.4125e-04	1.1755e-36	1.1755e-36	1.1755e-36	1.0426e-16	0.00e+00	0.00e+00	8.0730e+01
1.45260e+16	8.2363e+03	2.049e-17	4.6416e+03	1.1175e+03	1.5522e-09	8.0747e-01	1.9253e-01	4.6329e-01	5.1412e-01	2.2588e-02	1.9488e-10	3.6298e-03	9.4060e-01	5.5766e-02	4.0123e-06	8.3935e-01	1.6053e-01	1.2449e-04	1.1755e-36	1.1755e-36	1.1755e-36	1.1102e-16	0.00e+00	0.00e+00	8.3040e+01
1.46243e+16	8.1598e+03	1.927e-17	4.6416e+03	1.0754e+03	1.6894e-09	8.1518e-01	1.8482e-01	4.7857e-01	4.9930e-01	2.2127e-02	2.0692e-10	3.5176e-03	9.4369e-01	5.2787e-02	3.7757e-06	8.4608e-01	1.5381e-01	1.0980e-04	1.1755e-36	1.1755e-36	1.1755e-36	1.1821e-16	0.00e+00	0.00e+00	8.5405e+01
1.47242e+16	8.0827e+03	1.812e-17	4.6416e+03	1.0353e+03	1.8382e-09	8.2267e-01	1.7733e-01	4.9415e-01	4.8422e-01	2.1630e-02	2.1971e-10	3.4098e-03	9.4663e-01	4.9957e-02	3.5643e-06	8.5259e-01	1.4731e-01	9.6890e-05	1.1755e-36	1.1755e-36	1.1755e-36	1.2578e-16	0.00e+00	0.00e+00	8.7833e+01
1.48257e+16	8.0070e+03	1.703e-17	4.6416e+03	9.9593e+02	1.9977e-09	8.2974e-01	1.7026e-01	5.0966e-01	4.6921e-01	2.1138e-02	2.3278e-10	3.3020e-03	9.4938e-01	4.7318e-02	3.3775e-06	8.5872e-01	1.4119e-01	8.5649e-05	1.1755e-36	1.1755e-36	1.1755e-36	1.3326e-16	0.00e+00	0.00e+00	9.0321e+01
1.49286e+16	7.9275e+03	1.600e-17	4.6416e+03	9.5800e+02	2.1742e-09	8.3650e-01	1.6350e-01	5.2521e-01	4.5417e-01	2.0628e-02	2.4636e-10	3.1971e-03	9.5196e-01	4.4843e-02	3.2123e-06	8.6457e-01	1.3535e-01	7.5863e-05	1.1755e-36	1.1755e-36	1.1755e-36	1.4082e-16	0.00e+00	0.00e+00	9.2860e+01
1.50327e+16	7.8468e+03	1.504e-17	4.6416e+03	9.2184e+02	2.3662e-09	8.4292e-01	1.5708e-01	5.4072e-01	4.3918e-01	2.0101e-02	2.6040e-10	3.0960e-03	9.5437e-01	4.2534e-02	3.0666e-06	8.7011e-01	1.2982e-01	6.7376e-05	1.1755e-36	1.1755e-36	1.1755e-36	1.4842e-16	0.00e+00	0.00e+00	9.5445e+01
1.51384e+16	7.7630e+03	1.414e-17	4.6416e+03	8.8724e+02	2.5784e-09	8.4903e-01	1.5097e-01	5.5621e-01	4.2424e-01	1.9553e-02	2.7496e-10	2.9986e-03	9.5663e-01	4.0373e-02	2.9377e-06	8.7536e-01	1.2458e-01	5.9989e-05	1.1755e-36	1.1755e-36	1.1755e-36	1.5608e-16	0.00e+00	0.00e+00	9.8099e+01
1.52464e+16	7.6746e+03	1.329e-17	4.6416e+03	8.5388e+02	2.8175e-09	8.5492e-01	1.4508e-01	5.7173e-01	4.0929e-01	1.8984e-02	2.9023e-10	2.9039e-03	9.5875e-01	3.8342e-02	2.8229e-06	8.8042e-01	1.1953e-01	5.3506e-05	1.1755e-36	1.1755e-36	1.1755e-36	1.6390e-16	0.00e+00	0.00e+00	1.0084e+02
1.53572e+16	7.5934e+03	1.248e-17	4.6416e+03	8.2104e+02	3.0641e-09	8.6032e-01	1.3968e-01	5.8675e-01	3.9481e-01	1.8447e-02	3.0508e-10	2.8088e-03	9.6071e-01	3.6483e-02	2.7220e-06	8.8504e-01	1.1491e-01	4.7886e-05	1.1755e-36	1.1755e-36	1.1755e-36	1.7093e-16	0.00e+00	0.00e+00	1.0367e+02
1.54692e+16	7.4990e+03	1.175e-17	4.6416e+03	7.9036e+02	3.3585e-09	8.6560e-01	1.3440e-01	6.0175e-01	3.8038e-01	1.7867e-02	3.2098e-10	2.7202e-03	9.6253e-01	3.4744e-02	2.6332e-06	8.8956e-01	1.1040e-01	4.3003e-05	1.1755e-36	1.1755e-36	1.1755e-36	1.7846e-16	0.00e+00	0.00e+00	1.0651e+02
1.55830e+16	7.4014e+03	1.106e-17	4.6416e+03	7.6144e+02	3.6870e-09	8.7051e-01	1.2949e-01	6.1656e-01	3.6617e-01	1.7268e-02	3.3715e-10	2.6364e-03	9.6423e-01	3.3127e-02	2.5551e-06	8.9374e-01	1.0622e-01	3.8788e-05	1.1755e-36	1.1755e-36	1.1755e-36	1.8575e-16	0.00e+00	0.00e+00	1.0945e+02
1.57015e+16	7.2929e+03	1.041e-17	4.6416e+03	7.3361e+02	4.0832e-09	8.7543e-01	1.2457e-01	6.3156e-01	3.5181e-01	1.6624e-02	3.5496e-10	2.5562e-03	9.6586e-01	3.1581e-02	2.4842e-06	8.9794e-01	1.0203e-01	3.5000e-05	1.1755e-36	1.1755e-36	1.1755e-36	1.9401e-16	0.00e+00	0.00e+00	1.1257e+02
1.58264e+16	7.1855e+03	9.782e-18	4.6416e+03	7.0575e+02	4.5249e-09	8.8013e-01	1.1987e-01	6.4628e-01	3.3772e-01	1.6000e-02	3.7291e-10	2.4742e-03	9.6738e-01	3.0141e-02	2.4205e-06	9.0193e-01	9.8036e-02	3.1627e-05	1.1755e-36	1.1755e-36	1.1755e-36	2.0184e-16	0.00e+00	0.00e+00	1.1588e+02
1.59555e+16	7.0756e+03	9.200e-18	4.6416e+03	6.7928e+02	5.0275e-09	8.8459e-01	1.1541e-01	6.6056e-01	3.2406e-01	1.5375e-02	3.9131e-10	2.3958e-03	9.6878e-01	2.8821e-02	2.3646e-06	9.0572e-01	9.4255e-02	2.8692e-05	1.1755e-36	1.1755e-36	1.1755e-36	2.0980e-16	0.00e+00	0.00e+00	1.1925e+02
1.60871e+16	6.9629e+03	8.668e-18	4.6416e+03	6.5496e+02	5.5976e-09	8.8867e-01	1.1133e-01	6.7444e-01	3.1083e-01	1.4734e-02	4.1002e-10	2.3238e-03	9.7007e-01	2.7607e-02	2.3161e-06	9.0917e-01	9.0800e-02	2.6187e-05	1.1755e-36	1.1755e-36	1.1755e-36	2.1774e-16	0.00e+00	0.00e+00	1.2272e+02
1.62256e+16	6.8446e+03	8.163e-18	4.6416e+03	6.3140e+02	6.2694e-09	8.9256e-01	1.0744e-01	6.8813e-01	2.9779e-01	1.4079e-02	4.2946e-10	2.2538e-03	9.7128e-01	2.6463e-02	2.2725e-06	9.1247e-01	8.7503e-02	2.3966e-05	1.1755e-36	1.1755e-36	1.1755e-36	2.2593e-16	0.00e+00	0.00e+00	1.2648e+02
1.63745e+16	6.7138e+03	7.675e-18	4.6416e+03	6.0732e+02	7.1095e-09	8.9641e-01	1.0359e-01	7.0148e-01	2.8508e-01	1.3436e-02	4.4959e-10	2.1820e-03	9.7242e-01	2.5397e-02	2.2334e-06	9.1573e-01	8.4249e-02	2.1966e-05	1.1755e-36	1.1755e-36	1.1755e-36	2.3440e-16	0.00e+00	0.00e+00	1.3053e+02
1.65291e+16	6.5874e+03	7.229e-18	4.6416e+03	5.8529e+02	8.0541e-09	9.0002e-01	9.9983e-02	7.1415e-01	2.7304e-01	1.2802e-02	4.7049e-10	2.1157e-03	9.7345e-01	2.4437e-02	2.1994e-06	9.1878e-01	8.1199e-02	2.0234e-05	1.1755e-36	1.1755e-36	1.1755e-36	2.4392e-16	0.00e+00	0.00e+00	1.3462e+02
1.66894e+16	6.4562e+03	6.821e-18	4.6416e+03	5.6512e+02	9.1768e-09	9.0328e-01	9.6722e-02	7.2643e-01	2.6141e-01	1.2152e-02	4.9209e-10	2.0553e-03	9.7440e-01	2.3544e-02	2.1699e-06	9.2154e-01	7.8444e-02	1.8755e-05	1.1755e-36	1.1755e-36	1.1755e-36	2.5414e-16	0.00e+00	0.00e+00	1.3899e+02
1.68645e+16	6.3259e+03	6.423e-18	4.6416e+03	5.4472e+02	1.0489e-08	9.0640e-01	9.3601e-02	7.3825e-01	2.5022e-01	1.1523e-02	5.1420e-10	1.9930e-03	9.7530e-01	2.2704e-02	2.1428e-06	9.2417e-01	7.5811e-02	1.7411e-05	1.1755e-36	1.1755e-36	1.1755e-36	2.6503e-16	0.00e+00	0.00e+00	1.4391e+02
1.70309e+16	6.1982e+03	6.102e-18	4.6416e+03	5.2788e+02	1.1988e-08	9.0931e-01	9.0687e-02	7.4815e-01	2.4087e-01	1.0972e-02	5.3698e-10	1.9429e-03	9.7598e-01	2.2075e-02	2.1225e-06	9.2663e-01	7.3352e-02	1.6342e-05	1.1755e-36	1.1755e-36	1.1755e-36	2.7888e-16	0.00e+00	0.00e+00	1.4785e+02
1.71640e+16	6.1038e+03	5.883e-18	4.6416e+03	5.1774e+02	1.3225e-08	9.1085e-01	8.9152e-02	7.5605e-01	2.3346e-01	1.0493e-02	5.5411e-10	1.9135e-03	9.7649e-01	2.1598e-02	2.1093e-06	9.2794e-01	7.2049e-02	1.5696e-05	1.1755e-36	1.1755e-36	1.1755e-36	2.8870e-16	0.00e+00	0.00e+00	1.5101e+02
1.72863e+16	6.0101e+03	5.693e-18	4.6416e+03	5.0913e+02	1.4589e-08	9.1209e-01	8.7913e-02	7.6328e-01	2.2668e-01	1.0035e-02	5.7095e-10	1.8895e-03	9.7696e-01	2.1144e-02	2.0981e-06	9.2899e-01	7.0990e-02	1.5173e-05	1.1755e-36	1.1755e-36	1.1755e-36	2.9902e-16	0.00e+00	0.00e+00	1.5439e+02
1.74172e+16	5.9178e+03	5.496e-18	4.6416e+03	4.9876e+02	1.6156e-08	9.1370e-01	8.6299e-02	7.6977e-01	2.2058e-01	9.6435e-03	5.8927e-10	1.8588e-03	9.7740e-01	2.0737e-02	2.0869e-06	9.3036e-01	6.9624e-02	1.4612e-05	1.1755e-36	1.1755e-36	1.1755e-36	3.1214e-16	0.00e+00	0.00e+00	1.5801e+02
1.75545e+16	5.8203e+03	5.303e-18	4.6416e+03	4.8785e+02	1.8046e-08	9.1542e-01	8.4582e-02	7.7584e-01	2.1488e-01	9.2801e-03	6.0944e-10	1.8261e-03	9.7780e-01	2.0369e-02	2.0766e-06	9.3181e-01	6.8171e-02	1.4073e-05	1.1755e-36	1.1755e-36	1.1755e-36	3.2844e-16	0.00e+00	0.00e+00	1.6175e+02
1.76908e+16	5.7368e+03	5.130e-18	4.6416e+03	4.7852e+02	1.9907e-08	9.1699e-01	8.3011e-02	7.8141e-01	2.0966e-01	8.9392e-03	6.2989e-10	1.7979e-03	9.7816e-01	2.0042e-02	2.0673e-06	9.3314e-01	6.6848e-02	1.3593e-05	1.1755e-36	1.1755e-36	1.1755e-36	3.4602e-16	0.00e+00	0.00e+00	1.6533e+02
1.78286e+16	5.6425e+03	4.968e-18	4.6416e+03	4.6951e+02	2.2248e-08	9.1837e-01	8.1631e-02	7.8689e-01	2.0452e-01	8.5913e-03	6.5249e-10	1.7716e-03	9.7851e-01	1.9720e-02	2.0594e-06	9.3431e-01	6.5676e-02	1.3178e-05	1.1755e-36	1.1755e-36	1.1755e-36	3.6709e-16	0.00e+00	0.00e+00	1.6916e+02
1.79675e+16	5.5626e+03	4.817e-18	4.6416e+03	4.6110e+02	2.4555e-08	9.1980e-01	8.0196e-02	7.9174e-01	1.9998e-01	8.2863e-03	6.7567e-10	1.7462e-03	9.7881e-01	1.9446e-02	2.0517e-06	9.3552e-01	6.4468e-02	1.2777e-05	1.1755e-36	1.1755e-36	1.1755e-36	3.9032e-16	0.00e+00	0.00e+00	1.7281e+02
1.81072e+16	5.4719e+03	4.674e-18	4.6416e+03	4.5301e+02	2.7474e-08	9.2104e-01	7.8956e-02	7.9656e-01	1.9546e-01	7.9726e-03	7.0202e-10	1.7228e-03	9.7910e-01	1.9174e-02	2.0454e-06	9.3657e-01	6.3414e-02	1.2435e-05	1.1755e-36	1.1755e-36	1.1755e-36	4.1889e-16	0.00e+00	0.00e+00	1.7670e+02
1.82471e+16	5.3953e+03	4.542e-18	4.6416e+03	4.4541e+02	3.0333e-08	9.2232e-01	7.7676e-02	8.0078e-01	1.9152e-01	7.7012e-03	7.2872e-10	1.6999e-03	9.7935e-01	1.8946e-02	2.0393e-06	9.3765e-01	6.2336e-02	1.2103e-05	1.1755e-36	1.1755e-36	1.1755e-36	4.4972e-16	0.00e+00	0.00e+00	1.8036e+02
1.83868e+16	5.3095e+03	4.417e-18	4.6416e+03	4.3804e+02	3.3913e-08	9.2339e-01	7.6610e-02	8.0498e-01	1.8760e-01	7.4245e-03	7.5923e-10	1.6785e-03	9.7960e-01	1.8719e-02	2.0343e-06	9.3856e-01	6.1427e-02	1.1823e-05	1.1755e-36	1.1755e-36	1.1755e-36	4.8755e-16	0.00e+00	0.00e+00	1.8426e+02
1.85269e+16	5.2356e+03	4.301e-18	4.6416e+03	4.3141e+02	3.7502e-08	9.2461e-01	7.5394e-02	8.0881e-01	1.8402e-01	7.1719e-03	7.9215e-10	1.6591e-03	9.7982e-01	1.8520e-02	2.0292e-06	9.3958e-01	6.0404e-02	1.1537e-05	1.1755e-36	1.1755e-36	1.1755e-36	5.3080e-16	0.00e+00	0.00e+00	1.8795e+02
1.86663e+16	5.1544e+03	4.191e-18	4.6416e+03	4.2470e+02	4.1906e-08	9.2558e-01	7.4421e-02	8.1251e-01	1.8057e-01	6.9259e-03	8.2906e-10	1.6397e-03	9.8003e-01	1.8329e-02	2.0252e-06	9.4041e-01	5.9574e-02	1.1300e-05	1.1755e-36	1.1755e-36	1.1755e-36	5.8283e-16	0.00e+00	0.00e+00	1.9181e+02
1.88053e+16	5.0838e+03	4.088e-18	4.6416e+03	4.1873e+02	4.6343e-08	9.2668e-01	7.3320e-02	8.1593e-01	1.7737e-01	6.6978e-03	8.6878e-10	1.6224e-03	9.8022e-01	1.8159e-02	2.0209e-06	9.4134e-01	5.8648e-02	1.1057e-05	1.1755e-36	1.1755e-36	1.1755e-36	6.4186e-16	0.00e+00	0.00e+00	1.9550e+02
1.89438e+16	5.0061e+03	3.990e-18	4.6416e+03	4.1256e+02	5.1824e-08	9.2758e-01	7.2421e-02	8.1925e-01	1.7427e-01	6.4764e-03	9.1457e-10	1.6049e-03	9.8040e-01	1.7995e-02	2.0178e-06	9.4211e-01	5.7880e-02	1.0853e-05	1.1755e-36	1.1755e-36	1.1755e-36	7.1492e-16	0.00e+00	0.00e+00	1.9934e+02
1.90815e+16	4.9373e+03	3.898e-18	4.6416e+03	4.0705e+02	5.7369e-08	9.2861e-01	7.1390e-02	8.2234e-01	1.7139e-01	6.2704e-03	9.6239e-10	1.5893e-03	9.8065e-01	1.7762e-02	2.0135e-06	9.4298e-01	5.7012e-02	1.0642e-05	1.1755e-36	1.1755e-36	1.1755e-36	7.8883e-16	0.00e+00	0.00e+00	2.0299e+02
1.92176e+16	4.8611e+03	3.810e-18	4.6416e+03	4.0134e+02	6.4257e-08	9.2944e-01	7.0563e-02	8.2534e-01	1.6859e-01	6.0704e-03	1.0160e-09	1.5735e-03	9.8091e-01	1.7514e-02	2.0101e-06	9.4369e-01	5.6304e-02	1.0469e-05	1.1755e-36	1.1755e-36	1.1755e-36	8.7674e-16	0.00e+00	0.00e+00	2.0676e+02
1.93515e+16	4.7935e+03	3.728e-18	4.6416e+03	3.9604e+02	7.1316e-08	9.3034e-01	6.9664e-02	8.2805e-01	1.6606e-01	5.8913e-03	1.0705e-09	1.5586e-03	9.8114e-01	1.7300e-02	2.0067e-06	9.4445e-01	5.5543e-02	1.0295e-05	1.1755e-36	1.1755e-36	1.1755e-36	9.7250e-16	0.00e+00	0.00e+00	2.1028e+02
1.94813e+16	4.7253e+03	3.653e-18	4.6416e+03	3.9162e+02	7.9376e-08	9.3115e-01	6.8848e-02	8.3089e-01	1.6341e-01	5.7017e-03	1.1311e-09	1.5473e-03	9.8138e-01	1.7070e-02	2.0036e-06	9.4514e-01	5.4851e-02	1.0140e-05	1.1755e-36	1.1755e-36	1.1755e-36	1.0852e-15	0.00e+00	0.00e+00	2.1384e+02
1.96108e+16	4.6615e+03	3.579e-18	4.6416e+03	3.8658e+02	8.7947e-08	9.3189e-01	6.8105e-02	8.3330e-01	1.6115e-01	5.5442e-03	1.1915e-09	1.5332e-03	9.8159e-01	1.6872e-02	2.0009e-06	9.4577e-01	5.4217e-02	9.9949e-06	1.1755e-36	1.1755e-36	1.1755e-36	1.2059e-15	0.00e+00	0.00e+00	2.1735e+02
1.97410e+16	4.5964e+03	3.508e-18	4.6416e+03	3.8191e+02	9.7895e-08	9.3268e-01	6.7318e-02	8.3579e-01	1.5883e-01	5.3817e-03	1.2605e-09	1.5207e-03	9.8181e-01	1.6664e-02	1.9982e-06	9.4644e-01	5.3549e-02	9.8519e-06	1.1755e-36	1.1755e-36	1.1755e-36	1.3529e-15	0.00e+00	0.00e+00	2.2095e+02
1.98718e+16	4.5356e+03	3.439e-18	4.6416e+03	3.7745e+02	1.0851e-07	9.3352e-01	6.6475e-02	8.3817e-01	1.5660e-01	5.2277e-03	1.3337e-09	1.5087e-03	9.8202e-01	1.6469e-02	1.9954e-06	9.4715e-01	5.2839e-02	9.7054e-06	1.1755e-36	1.1755e-36	1.1755e-36	1.5190e-15	0.00e+00	0.00e+00	2.2451e+02
2.00030e+16	4.4750e+03	3.371e-18	4.6416e+03	3.7263e+02	1.2040e-07	9.3420e-01	6.5795e-02	8.4036e-01	1.5455e-01	5.0883e-03	1.4100e-09	1.4953e-03	9.8222e-01	1.6284e-02	1.9931e-06	9.4773e-01	5.2259e-02	9.5794e-06	1.1755e-36	1.1755e-36	1.1755e-36	1.7046e-15	0.00e+00	0.00e+00	2.2814e+02
2.01365e+16	4.4089e+03	3.304e-18	4.6416e+03	3.6796e+02	1.3523e-07	9.3503e-01	6.4968e-02	8.4265e-01	1.5241e-01	4.9425e-03	1.5042e-09	1.4830e-03	9.8242e-01	1.6091e-02	1.9909e-06	9.4843e-01	5.1558e-02	9.4469e-06	1.1755e-36	1.1755e-36	1.1755e-36	1.9511e-15	0.00e+00	0.00e+00	2.3182e+02
2.02649e+16	4.3489e+03	3.243e-18	4.6416e+03	3.6363e+02	1.5059e-07	9.3579e-01	6.4214e-02	8.4473e-01	1.5046e-01	4.8118e-03	1.5991e-09	1.4716e-03	9.8260e-01	1.5928e-02	1.9891e-06	9.4907e-01	5.0920e-02	9.3268e-06	1.1755e-36	1.1755e-36	1.1755e-36	2.2177e-15	0.00e+00	0.00e+00	2.3518e+02
2.03862e+16	4.2915e+03	3.189e-18	4.6416e+03	3.6010e+02	1.6713e-07	9.3638e-01	6.3618e-02	8.4687e-01	1.4846e-01	4.6775e-03	1.6980e-09	1.4633e-03	9.8278e-01	1.5758e-02	1.9876e-06	9.4958e-01	5.0411e-02	9.2286e-06	1.1755e-36	1.1755e-36	1.1755e-36	2.5123e-15	0.00e+00	0.00e+00	2.3847e+02
2.05069e+16	4.2318e+03	3.136e-18	4.6416e+03	3.5642e+02	1.8668e-07	9.3705e-01	6.2948e-02	8.4894e-01	1.4651e-01	4.5489e-03	1.8120e-09	1.4547e-03	9.8296e-01	1.5587e-02	1.9862e-06	9.5015e-01	4.9841e-02	9.1283e-06	1.1755e-36	1.1755e-36	1.1755e-36	2.8787e-15	0.00e+00	0.00e+00	2.4180e+02
2.06255e+16	4.1775e+03	3.083e-18	4.6416e+03	3.5245e+02	2.0675e-07	9.3767e-01	6.2335e-02	8.5070e-01	1.4486e-01	4.4419e-03	1.9249e-09	1.4444e-03	9.8311e-01	1.5444e-02	1.9848e-06	9.5067e-01	4.9317e-02	9.0335e-06	1.1755e-36	1.1755e-36	1.1755e-36	3.2692e-15	0.00e+00	0.00e+00	2.4499e+02
2.07431e+16	4.1235e+03	3.034e-18	4.6416e+03	3.4890e+02	2.2922e-07	9.3826e-01	6.1735e-02	8.5256e-01	1.4311e-01	4.3290e-03	2.0494e-09	1.4359e-03	9.8327e-01	1.5288e-02	1.9836e-06	9.5118e-01	4.8807e-02	8.9429e-06	1.1755e-36	1.1755e-36	1.1755e-36	3.7269e-15	0.00e+00	0.00e+00	2.4827e+02
2.08637e+16	4.0715e+03	2.982e-18	4.6416e+03	3.4503e+02	2.5361e-07	9.3893e-01	6.1069e-02	8.5429e-01	1.4148e-01	4.2265e-03	2.1826e-09	1.4259e-03	9.8343e-01	1.5141e-02	1.9821e-06	9.5175e-01	4.8244e-02	8.8452e-06	1.1755e-36	1.1755e-36	1.1755e-36	4.2528e-15	0.00e+00	0.00e+00	2.5162e+02
2.09879e+16	4.0158e+03	2.930e-18	4.6416e+03	3.4117e+02	2.8305e-07	9.3971e-01	6.0291e-02	8.5615e-01	1.3973e-01	4.1184e-03	2.3418e-09	1.4166e-03	9.8360e-01	1.4984e-02	1.9807e-06	9.5240e-01	4.7590e-02	8.7400e-06	1.1755e-36	1.1755e-36	1.1755e-36	4.9284e-15	0.00e+00	0.00e+00	2.5511e+02
2.11121e+16	3.9606e+03	2.876e-18	4.6416e+03	3.3668e+02	3.1608e-07	9.4052e-01	5.9478e-02	8.5783e-01	1.3814e-01	4.0263e-03	2.5157e-09	1.4046e-03	9.8374e-01	1.4851e-02	1.9794e-06	9.5308e-01	4.6909e-02	8.6326e-06	1.1755e-36	1.1755e-36	1.1755e-36	5.7277e-15	0.00e+00	0.00e+00	2.5846e+02
