#depth	Te	Htot	hden	eden	2H_2/H	HI	HII	HeI	HeII	HeIII	CO/C	C1	C2	C3	C4	O1	O2	O3	O4	O5	O6	H2O/O	AV(point)	AV(extend)	Tau912
1.22648e+14	1.2199e+04	2.695e-18	5.9948e+02	6.9954e+02	3.2238e-17	7.5380e-04	9.9925e-01	5.9335e-05	7.3227e-02	9.2671e-01	1.5350e-23	9.4528e-07	3.3297e-03	2.2048e-01	4.2239e-01	4.1345e-07	8.6130e-04	1.2216e-01	6.9050e-01	1.7577e-01	1.0415e-02	1.4078e-30	0.00e+00	0.00e+00	6.9972e-04
7.35889e+14	1.2181e+04	2.691e-18	5.9948e+02	6.9933e+02	3.2313e-17	7.5279e-04	9.9925e-01	5.9327e-05	7.3238e-02	9.2670e-01	1.5270e-23	9.3743e-07	3.3252e-03	2.2032e-01	4.2315e-01	4.1266e-07	8.6098e-04	1.2248e-01	6.9054e-01	1.7545e-01	1.0384e-02	1.4001e-30	0.00e+00	0.00e+00	3.4948e-03
3.18885e+15	1.2134e+04	2.682e-18	5.9948e+02	6.9928e+02	3.2576e-17	7.5125e-04	9.9925e-01	5.9579e-05	7.3528e-02	9.2641e-01	1.5355e-23	9.2397e-07	3.3432e-03	2.2162e-01	4.2478e-01	4.1395e-07	8.6542e-04	1.2389e-01	6.9059e-01	1.7411e-01	1.0257e-02	1.3971e-30	0.00e+00	0.00e+00	1.4653e-02
1.30007e+16	1.2007e+04	2.660e-18	5.9948e+02	6.9920e+02	3.3259e-17	7.4815e-04	9.9925e-01	6.0932e-05	7.5178e-02	9.2476e-01	1.5892e-23	9.0520e-07	3.4279e-03	2.2762e-01	4.2924e-01	4.2262e-07	8.8679e-04	1.2951e-01	6.9027e-01	1.6921e-01	9.8502e-03	1.3986e-30	0.00e+00	0.00e+00	5.9099e-02
3.10545e+16	1.1585e+04	2.580e-18	5.9948e+02	6.9916e+02	3.4423e-17	7.2345e-04	9.9928e-01	6.1604e-05	7.5932e-02	9.2401e-01	1.5122e-23	8.2766e-07	3.5279e-03	2.3555e-01	4.3790e-01	4.1250e-07	8.9610e-04	1.3801e-01	6.9094e-01	1.6062e-01	9.2857e-03	1.2328e-30	0.00e+00	0.00e+00	1.1497e-01
4.96524e+16	1.1202e+04	2.514e-18	5.9948e+02	6.9910e+02	3.4854e-17	6.9675e-04	9.9930e-01	6.2181e-05	7.7048e-02	9.2289e-01	1.3807e-23	7.7324e-07	3.6104e-03	2.4372e-01	4.4488e-01	3.9586e-07	8.9530e-04	1.4611e-01	6.9112e-01	1.5284e-01	8.8005e-03	1.0372e-30	0.00e+00	0.00e+00	1.5923e-01
6.54233e+16	1.0979e+04	2.479e-18	5.9948e+02	6.9900e+02	3.4971e-17	6.8006e-04	9.9932e-01	6.3427e-05	7.9101e-02	9.2084e-01	1.3200e-23	7.5536e-07	3.6939e-03	2.5178e-01	4.4931e-01	3.8998e-07	9.0524e-04	1.5368e-01	6.9005e-01	1.4674e-01	8.4014e-03	9.3513e-31	0.00e+00	0.00e+00	1.9721e-01
8.23914e+16	1.0840e+04	2.458e-18	5.9948e+02	6.9882e+02	3.4975e-17	6.7087e-04	9.9933e-01	6.6025e-05	8.2713e-02	9.1722e-01	1.3376e-23	7.6484e-07	3.8219e-03	2.6215e-01	4.5289e-01	3.9898e-07	9.3882e-04	1.6339e-01	6.8730e-01	1.4022e-01	7.9382e-03	8.9374e-31	0.00e+00	0.00e+00	2.4590e-01
1.04450e+17	1.0707e+04	2.437e-18	5.9948e+02	6.9852e+02	3.4783e-17	6.6063e-04	9.9934e-01	7.0084e-05	8.8387e-02	9.1154e-01	1.3819e-23	7.8702e-07	3.9974e-03	2.7643e-01	4.5650e-01	4.1521e-07	9.9160e-04	1.7742e-01	6.8216e-01	1.3188e-01	7.3530e-03	8.6196e-31	0.00e+00	0.00e+00	3.0824e-01
1.33126e+17	1.0590e+04	2.420e-18	5.9948e+02	6.9812e+02	3.4125e-17	6.4980e-04	9.9935e-01	7.6798e-05	9.7682e-02	9.0224e-01	1.4704e-23	8.3030e-07	4.2464e-03	2.9650e-01	4.5956e-01	4.4503e-07	1.0789e-03	1.9851e-01	6.7254e-01	1.2108e-01	6.6110e-03	8.4034e-31	0.00e+00	0.00e+00	3.8795e-01
1.70405e+17	1.0548e+04	2.405e-18	5.9948e+02	6.9723e+02	3.2139e-17	6.3714e-04	9.9936e-01	8.8096e-05	1.1353e-01	8.8638e-01	1.6170e-23	9.0052e-07	4.5838e-03	3.2414e-01	4.6112e-01	4.9769e-07	1.2256e-03	2.3167e-01	6.5416e-01	1.0711e-01	5.6821e-03	8.2874e-31	0.00e+00	0.00e+00	4.8956e-01
2.09511e+17	1.0578e+04	2.399e-18	5.9948e+02	6.9609e+02	2.8613e-17	6.1662e-04	9.9938e-01	1.0371e-04	1.3678e-01	8.6312e-01	1.7013e-23	9.6917e-07	4.9085e-03	3.5477e-01	4.5979e-01	5.5421e-07	1.4049e-03	2.7546e-01	6.2588e-01	9.2360e-02	4.7702e-03	7.8055e-31	0.00e+00	0.00e+00	5.7373e-01
2.40981e+17	1.0685e+04	2.407e-18	5.9948e+02	6.9467e+02	2.5284e-17	6.0048e-04	9.9940e-01	1.2204e-04	1.6431e-01	8.3557e-01	1.7990e-23	1.0347e-06	5.1836e-03	3.8151e-01	4.5666e-01	6.1909e-07	1.6041e-03	3.2165e-01	5.9285e-01	7.9762e-02	4.0292e-03	7.5754e-31	0.00e+00	0.00e+00	6.3479e-01
2.65451e+17	1.0809e+04	2.422e-18	5.9948e+02	6.9314e+02	2.3021e-17	5.9128e-04	9.9941e-01	1.4217e-04	1.9391e-01	8.0595e-01	1.9564e-23	1.0998e-06	5.4291e-03	4.0364e-01	4.5319e-01	6.9470e-07	1.8181e-03	3.6666e-01	5.5874e-01	6.9259e-02	3.4313e-03	7.7676e-31	0.00e+00	0.00e+00	6.8417e-01
2.86549e+17	1.0926e+04	2.440e-18	5.9948e+02	6.9143e+02	2.1463e-17	5.8639e-04	9.9941e-01	1.6529e-04	2.2726e-01	7.7258e-01	2.1616e-23	1.1661e-06	5.6633e-03	4.2342e-01	4.4959e-01	7.8190e-07	2.0520e-03	4.1283e-01	5.2238e-01	5.9749e-02	2.9066e-03	8.2086e-31	0.00e+00	0.00e+00	7.2883e-01
3.06058e+17	1.1061e+04	2.456e-18	5.9948e+02	6.8960e+02	2.0056e-17	5.8265e-04	9.9942e-01	1.9241e-04	2.6621e-01	7.3360e-01	2.3911e-23	1.2305e-06	5.8809e-03	4.4140e-01	4.4617e-01	8.8065e-07	2.3120e-03	4.6182e-01	4.8258e-01	5.0794e-02	2.4282e-03	8.7722e-31	0.00e+00	0.00e+00	7.7048e-01
3.24279e+17	1.1149e+04	2.474e-18	5.9948e+02	6.8733e+02	1.9212e-17	5.8247e-04	9.9942e-01	2.2488e-04	3.1200e-01	6.8778e-01	2.6647e-23	1.2997e-06	6.1062e-03	4.5863e-01	4.4248e-01	9.9576e-07	2.6013e-03	5.1348e-01	4.3955e-01	4.2325e-02	1.9907e-03	9.4598e-31	0.00e+00	0.00e+00	8.0917e-01
3.41214e+17	1.1222e+04	2.486e-18	5.9948e+02	6.8445e+02	1.8707e-17	5.8408e-04	9.9942e-01	2.6098e-04	3.6346e-01	6.3628e-01	2.9574e-23	1.3658e-06	6.3088e-03	4.7404e-01	4.3913e-01	1.1180e-06	2.8993e-03	5.6566e-01	3.9511e-01	3.4672e-02	1.6078e-03	1.0285e-30	0.00e+00	0.00e+00	8.4524e-01
3.57295e+17	1.1267e+04	2.487e-18	5.9948e+02	6.8175e+02	1.8549e-17	5.8811e-04	9.9941e-01	3.0234e-04	4.2072e-01	5.7898e-01	3.3012e-23	1.4329e-06	6.5132e-03	4.8816e-01	4.3594e-01	1.2555e-06	3.2193e-03	6.1779e-01	3.4990e-01	2.7782e-02	1.2718e-03	1.1312e-30	0.00e+00	0.00e+00	8.8050e-01
3.72990e+17	1.1272e+04	2.475e-18	5.9948e+02	6.7832e+02	1.8783e-17	5.9427e-04	9.9941e-01	3.4752e-04	4.8315e-01	5.1650e-01	3.6654e-23	1.4976e-06	6.7051e-03	5.0115e-01	4.3282e-01	1.3994e-06	3.5399e-03	6.6888e-01	3.0484e-01	2.1725e-02	9.8481e-04	1.2454e-30	0.00e+00	0.00e+00	9.1546e-01
3.90870e+17	1.1215e+04	2.438e-18	5.9948e+02	6.7426e+02	1.9781e-17	6.0661e-04	9.9939e-01	4.0476e-04	5.5872e-01	4.4088e-01	4.2219e-23	1.5835e-06	6.9536e-03	5.1526e-01	4.2894e-01	1.5932e-06	3.9350e-03	7.2489e-01	2.5465e-01	1.5799e-02	7.1034e-04	1.4258e-30	0.00e+00	0.00e+00	9.6186e-01
4.09984e+17	1.1105e+04	2.378e-18	5.9948e+02	6.7017e+02	2.1194e-17	6.2158e-04	9.9938e-01	4.6709e-04	6.3889e-01	3.6065e-01	4.7880e-23	1.6709e-06	7.1983e-03	5.2858e-01	4.2463e-01	1.7976e-06	4.3253e-03	7.7793e-01	2.0627e-01	1.0965e-02	4.9256e-04	1.6048e-30	0.00e+00	0.00e+00	1.0042e+00
4.27312e+17	1.0943e+04	2.306e-18	5.9948e+02	6.6666e+02	2.3291e-17	6.3868e-04	9.9936e-01	5.2180e-04	7.0574e-01	2.9374e-01	5.3851e-23	1.7535e-06	7.4302e-03	5.3981e-01	4.2013e-01	1.9884e-06	4.6553e-03	8.1888e-01	1.6837e-01	7.7275e-03	3.4941e-04	1.7962e-30	0.00e+00	0.00e+00	1.0445e+00
4.46447e+17	1.0733e+04	2.216e-18	5.9948e+02	6.6350e+02	2.6530e-17	6.6237e-04	9.9934e-01	5.7878e-04	7.6838e-01	2.3104e-01	6.2343e-23	1.8615e-06	7.7170e-03	5.5135e-01	4.1444e-01	2.2186e-06	5.0071e-03	8.5555e-01	1.3397e-01	5.2289e-03	2.3973e-04	2.0690e-30	0.00e+00	0.00e+00	1.0987e+00
4.67623e+17	1.0507e+04	2.121e-18	5.9948e+02	6.6071e+02	3.0393e-17	6.8760e-04	9.9931e-01	6.3027e-04	8.2179e-01	1.7758e-01	7.0956e-23	1.9682e-06	7.9959e-03	5.6211e-01	4.0829e-01	2.4447e-06	5.3185e-03	8.8559e-01	1.0540e-01	3.5151e-03	1.6459e-04	2.3353e-30	0.00e+00	0.00e+00	1.1526e+00
4.91451e+17	1.0267e+04	2.023e-18	5.9948e+02	6.5830e+02	3.5687e-17	7.1832e-04	9.9928e-01	6.7915e-04	8.6635e-01	1.3298e-01	8.2503e-23	2.0936e-06	8.3122e-03	5.7283e-01	4.0123e-01	2.7024e-06	5.6291e-03	9.1047e-01	8.1439e-02	2.3412e-03	1.1204e-04	2.7047e-30	0.00e+00	0.00e+00	1.2258e+00
5.22228e+17	1.0015e+04	1.925e-18	5.9948e+02	6.5633e+02	4.2745e-17	7.5782e-04	9.9924e-01	7.2854e-04	9.0496e-01	9.4312e-02	9.7535e-23	2.2514e-06	8.6861e-03	5.8428e-01	3.9278e-01	3.0175e-06	5.9552e-03	9.3211e-01	6.0330e-02	1.5291e-03	7.3804e-05	3.1707e-30	0.00e+00	0.00e+00	1.3251e+00
5.56477e+17	9.8183e+03	1.847e-18	5.9948e+02	6.5485e+02	5.0078e-17	7.9850e-04	9.9920e-01	7.6753e-04	9.3175e-01	6.7482e-02	1.1278e-22	2.4017e-06	9.0233e-03	5.9410e-01	3.8495e-01	3.3286e-06	6.2281e-03	9.4734e-01	4.5290e-02	1.0865e-03	5.0998e-05	3.6512e-30	0.00e+00	0.00e+00	1.4275e+00
5.95441e+17	9.6639e+03	1.787e-18	5.9948e+02	6.5381e+02	5.8935e-17	8.4724e-04	9.9915e-01	8.0369e-04	9.5108e-01	4.8116e-02	1.3338e-22	2.5785e-06	9.3906e-03	6.0347e-01	3.7695e-01	3.6977e-06	6.4997e-03	9.5872e-01	3.3908e-02	8.3011e-04	3.5883e-05	4.3437e-30	0.00e+00	0.00e+00	1.5687e+00
6.46094e+17	9.5527e+03	1.742e-18	5.9948e+02	6.5301e+02	7.0108e-17	9.1175e-04	9.9909e-01	8.3994e-04	9.6608e-01	3.3080e-02	1.6255e-22	2.7978e-06	9.8126e-03	6.1326e-01	3.6816e-01	4.1841e-06	6.7937e-03	9.6786e-01	2.4644e-02	6.7290e-04	2.4804e-05	5.3855e-30	0.00e+00	0.00e+00	1.7663e+00
7.08460e+17	9.5083e+03	1.719e-18	5.9948e+02	6.5240e+02	8.3709e-17	9.9617e-04	9.9900e-01	8.7587e-04	9.7657e-01	2.2559e-02	2.0428e-22	3.0631e-06	1.0280e-02	6.2304e-01	3.5900e-01	4.8294e-06	7.1099e-03	9.7447e-01	1.7816e-02	5.8658e-04	1.7217e-05	7.0045e-30	0.00e+00	0.00e+00	2.0206e+00
7.79306e+17	9.5395e+03	1.721e-18	5.9948e+02	6.5198e+02	1.0016e-16	1.1044e-03	9.9890e-01	9.1151e-04	9.8333e-01	1.5760e-02	2.6610e-22	3.3787e-06	1.0792e-02	6.3254e-01	3.4979e-01	5.6917e-06	7.4584e-03	9.7883e-01	1.3149e-02	5.4176e-04	1.2248e-05	9.6440e-30	0.00e+00	0.00e+00	2.3308e+00
8.57237e+17	9.6412e+03	1.746e-18	5.9948e+02	6.5166e+02	1.2116e-16	1.2450e-03	9.9876e-01	9.5073e-04	9.8770e-01	1.1351e-02	3.6440e-22	3.7628e-06	1.1382e-02	6.4224e-01	3.4013e-01	6.8918e-06	7.8695e-03	9.8166e-01	9.9380e-03	5.1740e-04	8.9048e-06	1.4260e-29	0.00e+00	0.00e+00	2.7155e+00
9.42960e+17	9.8022e+03	1.794e-18	5.9948e+02	6.5138e+02	1.5113e-16	1.4351e-03	9.9856e-01	9.9702e-04	9.9062e-01	8.3830e-03	5.3816e-22	4.2553e-06	1.2116e-02	6.5306e-01	3.2912e-01	8.6828e-06	8.4019e-03	9.8345e-01	7.6305e-03	5.0288e-04	6.5361e-06	2.3305e-29	0.00e+00	0.00e+00	3.2032e+00
1.03198e+18	1.0018e+04	1.863e-18	5.9948e+02	6.5114e+02	1.9249e-16	1.6861e-03	9.9831e-01	1.0500e-03	9.9251e-01	6.4398e-03	8.4706e-22	4.8664e-06	1.3012e-02	6.6500e-01	3.1678e-01	1.1369e-05	9.0993e-03	9.8437e-01	6.0174e-03	4.9425e-04	4.8885e-06	4.1169e-29	0.00e+00	0.00e+00	3.7661e+00
1.11393e+18	1.0260e+04	1.943e-18	5.9948e+02	6.5088e+02	2.4496e-16	1.9848e-03	9.9802e-01	1.1124e-03	9.9364e-01	5.2470e-03	1.3630e-21	5.5533e-06	1.4021e-02	6.7720e-01	3.0398e-01	1.5085e-05	9.9451e-03	9.8460e-01	4.9488e-03	4.8940e-04	3.7987e-06	7.4365e-29	0.00e+00	0.00e+00	4.3344e+00
1.18379e+18	1.0476e+04	2.021e-18	5.9948e+02	6.5065e+02	3.0865e-16	2.3093e-03	9.9769e-01	1.1757e-03	9.9432e-01	4.5013e-03	2.1649e-21	6.2831e-06	1.5110e-02	6.8934e-01	2.9112e-01	1.9820e-05	1.0902e-02	9.8437e-01	4.2230e-03	4.8603e-04	3.0653e-06	1.3064e-28	0.00e+00	0.00e+00	4.8942e+00
1.24520e+18	1.0672e+04	2.095e-18	5.9948e+02	6.5041e+02	3.8518e-16	2.6602e-03	9.9734e-01	1.2454e-03	9.9478e-01	3.9789e-03	3.4016e-21	7.0662e-06	1.6293e-02	7.0155e-01	2.7805e-01	2.5826e-05	1.1983e-02	9.8384e-01	3.6698e-03	4.8321e-04	2.5232e-06	2.2399e-28	0.00e+00	0.00e+00	5.4859e+00
1.30360e+18	1.0858e+04	2.169e-18	5.9948e+02	6.5014e+02	4.8431e-16	3.0664e-03	9.9693e-01	1.3262e-03	9.9511e-01	3.5629e-03	5.4555e-21	7.9699e-06	1.7674e-02	7.1466e-01	2.6387e-01	3.3998e-05	1.3291e-02	9.8299e-01	3.1999e-03	4.8034e-04	2.0798e-06	3.8955e-28	0.00e+00	0.00e+00	6.1591e+00
1.36110e+18	1.1041e+04	2.246e-18	5.9948e+02	6.4982e+02	6.1822e-16	3.5581e-03	9.9644e-01	1.4232e-03	9.9536e-01	3.2153e-03	9.0853e-21	9.0562e-06	1.9348e-02	7.2908e-01	2.4810e-01	4.5763e-05	1.4956e-02	9.8173e-01	2.7843e-03	4.7726e-04	1.7030e-06	7.0044e-28	0.00e+00	0.00e+00	6.9266e+00
1.40279e+18	1.1183e+04	2.311e-18	5.9948e+02	6.4955e+02	7.5201e-16	4.0106e-03	9.9599e-01	1.5089e-03	9.9547e-01	3.0208e-03	1.3721e-20	1.0015e-05	2.0835e-02	7.4037e-01	2.3556e-01	5.8552e-05	1.6578e-02	9.8035e-01	2.5397e-03	4.7526e-04	1.4721e-06	1.1210e-27	0.00e+00	0.00e+00	7.3270e+00
1.42364e+18	1.1256e+04	2.342e-18	5.9948e+02	6.4934e+02	8.2785e-16	4.2637e-03	9.9574e-01	1.5617e-03	9.9549e-01	2.9496e-03	1.6982e-20	1.0558e-05	2.1691e-02	7.4635e-01	2.2885e-01	6.6639e-05	1.7531e-02	9.7950e-01	2.4250e-03	4.7417e-04	1.3662e-06	1.4182e-27	0.00e+00	0.00e+00	7.5741e+00
1.44125e+18	1.1307e+04	2.367e-18	5.9948e+02	6.4920e+02	9.0567e-16	4.4894e-03	9.9551e-01	1.6073e-03	9.9552e-01	2.8766e-03	2.0533e-20	1.1062e-05	2.2477e-02	7.5177e-01	2.2274e-01	7.4310e-05	1.8378e-02	9.7877e-01	2.3083e-03	4.7277e-04	1.2725e-06	1.7521e-27	0.00e+00	0.00e+00	7.9123e+00
1.46415e+18	1.1374e+04	2.401e-18	5.9948e+02	6.4900e+02	1.0202e-15	4.8058e-03	9.9519e-01	1.6704e-03	9.9556e-01	2.7740e-03	2.6452e-20	1.1766e-05	2.3576e-02	7.5897e-01	2.1458e-01	8.5945e-05	1.9593e-02	9.7769e-01	2.1608e-03	4.7086e-04	1.1576e-06	2.3202e-27	0.00e+00	0.00e+00	8.3830e+00
1.49391e+18	1.1460e+04	2.446e-18	5.9948e+02	6.4873e+02	1.1990e-15	5.2669e-03	9.9473e-01	1.7607e-03	9.9560e-01	2.6409e-03	3.7335e-20	1.2788e-05	2.5171e-02	7.6865e-01	2.0348e-01	1.0478e-04	2.1419e-02	9.7603e-01	1.9768e-03	4.6811e-04	1.0188e-06	3.3916e-27	0.00e+00	0.00e+00	9.0536e+00
1.52334e+18	1.1550e+04	2.495e-18	5.9948e+02	6.4838e+02	1.4187e-15	5.8082e-03	9.9419e-01	1.8651e-03	9.9561e-01	2.5231e-03	5.3800e-20	1.3944e-05	2.6991e-02	7.7845e-01	1.9204e-01	1.2998e-04	2.3667e-02	9.7392e-01	1.8153e-03	4.6538e-04	8.9532e-07	5.0542e-27	0.00e+00	0.00e+00	9.6078e+00
1.54346e+18	1.1612e+04	2.530e-18	5.9948e+02	6.4811e+02	1.6052e-15	6.2350e-03	9.9376e-01	1.9477e-03	9.9559e-01	2.4598e-03	7.0362e-20	1.4854e-05	2.8421e-02	7.8537e-01	1.8381e-01	1.5235e-04	2.5515e-02	9.7215e-01	1.7132e-03	4.6331e-04	8.1724e-07	6.7670e-27	0.00e+00	0.00e+00	9.9623e+00
1.55731e+18	1.1662e+04	2.552e-18	5.9948e+02	6.4790e+02	1.7449e-15	6.5446e-03	9.9346e-01	2.0089e-03	9.9557e-01	2.4213e-03	8.4881e-20	1.5521e-05	2.9476e-02	7.9017e-01	1.7804e-01	1.7005e-04	2.6898e-02	9.7083e-01	1.6419e-03	4.6186e-04	7.6615e-07	8.2937e-27	0.00e+00	0.00e+00	1.0276e+01
1.57189e+18	1.1710e+04	2.575e-18	5.9948e+02	6.4768e+02	1.9099e-15	6.8889e-03	9.9311e-01	2.0764e-03	9.9555e-01	2.3751e-03	1.0384e-19	1.6274e-05	3.0660e-02	7.9535e-01	1.7176e-01	1.9105e-04	2.8452e-02	9.6933e-01	1.5620e-03	4.6009e-04	7.1304e-07	1.0312e-26	0.00e+00	0.00e+00	1.0706e+01
1.59084e+18	1.1741e+04	2.611e-18	5.9948e+02	6.4738e+02	2.1835e-15	7.3930e-03	9.9261e-01	2.1756e-03	9.9552e-01	2.3060e-03	1.3713e-19	1.7371e-05	3.2381e-02	8.0231e-01	1.6320e-01	2.2411e-04	3.0742e-02	9.6712e-01	1.4581e-03	4.5700e-04	6.4558e-07	1.3893e-26	0.00e+00	0.00e+00	1.1305e+01
1.61054e+18	1.1797e+04	2.648e-18	5.9948e+02	6.4702e+02	2.5068e-15	7.9845e-03	9.9202e-01	2.2886e-03	9.9547e-01	2.2400e-03	1.8558e-19	1.8623e-05	3.4354e-02	8.0942e-01	1.5424e-01	2.6762e-04	3.3568e-02	9.6435e-01	1.3593e-03	4.5396e-04	5.8135e-07	1.9209e-26	0.00e+00	0.00e+00	1.1848e+01
1.62619e+18	1.1824e+04	2.682e-18	5.9948e+02	6.4679e+02	2.8516e-15	8.5198e-03	9.9148e-01	2.3912e-03	9.9542e-01	2.1925e-03	2.4168e-19	1.9784e-05	3.6132e-02	8.1515e-01	1.4683e-01	3.1097e-04	3.6192e-02	9.6176e-01	1.2830e-03	4.5092e-04	5.3244e-07	2.5641e-26	0.00e+00	0.00e+00	1.2278e+01
1.63888e+18	1.1872e+04	2.704e-18	5.9948e+02	6.4639e+02	3.1038e-15	8.9760e-03	9.9102e-01	2.4800e-03	9.9536e-01	2.1597e-03	2.9599e-19	2.0713e-05	3.7659e-02	8.1967e-01	1.4086e-01	3.5171e-04	3.8532e-02	9.5944e-01	1.2224e-03	4.4883e-04	4.9573e-07	3.1598e-26	0.00e+00	0.00e+00	1.2688e+01
1.65275e+18	1.1898e+04	2.732e-18	5.9948e+02	6.4611e+02	3.4738e-15	9.5169e-03	9.9048e-01	2.5853e-03	9.9530e-01	2.1181e-03	3.7608e-19	2.1870e-05	3.9482e-02	8.2469e-01	1.3411e-01	4.0329e-04	4.1309e-02	9.5669e-01	1.1536e-03	4.4577e-04	4.5613e-07	4.0807e-26	0.00e+00	0.00e+00	1.3252e+01
1.66834e+18	1.1928e+04	2.766e-18	5.9948e+02	6.4580e+02	3.9762e-15	1.0195e-02	9.8981e-01	2.7161e-03	9.9521e-01	2.0706e-03	5.0022e-19	2.3350e-05	4.1731e-02	8.3018e-01	1.2646e-01	4.7446e-04	4.4917e-02	9.5309e-01	1.0798e-03	4.4201e-04	4.1415e-07	5.5506e-26	0.00e+00	0.00e+00	1.3850e+01
1.68247e+18	1.1962e+04	2.796e-18	5.9948e+02	6.4540e+02	4.4905e-15	1.0887e-02	9.8911e-01	2.8483e-03	9.9512e-01	2.0310e-03	6.5341e-19	2.4788e-05	4.3999e-02	8.3503e-01	1.1943e-01	5.5491e-04	4.8739e-02	9.4925e-01	1.0152e-03	4.3839e-04	3.7805e-07	7.3592e-26	0.00e+00	0.00e+00	1.4376e+01
1.69434e+18	1.1991e+04	2.822e-18	5.9948e+02	6.4499e+02	4.9820e-15	1.1519e-02	9.8848e-01	2.9704e-03	9.9503e-01	2.0003e-03	8.2318e-19	2.6094e-05	4.6077e-02	8.3896e-01	1.1349e-01	6.3562e-04	5.2349e-02	9.4562e-01	9.6216e-04	4.3510e-04	3.4937e-07	9.3757e-26	0.00e+00	0.00e+00	1.4855e+01
1.70696e+18	1.2014e+04	2.849e-18	5.9948e+02	6.4442e+02	5.5579e-15	1.2239e-02	9.8776e-01	3.1122e-03	9.9492e-01	1.9654e-03	1.0515e-18	2.7541e-05	4.8460e-02	8.4303e-01	1.0711e-01	7.3515e-04	5.6521e-02	9.4141e-01	9.0492e-04	4.3125e-04	3.2025e-07	1.2038e-25	0.00e+00	0.00e+00	1.5515e+01
1.72074e+18	1.2026e+04	2.883e-18	5.9948e+02	6.4402e+02	6.4328e-15	1.3135e-02	9.8687e-01	3.2855e-03	9.9479e-01	1.9255e-03	1.4211e-18	2.9465e-05	5.1367e-02	8.4724e-01	1.0008e-01	8.7134e-04	6.1860e-02	9.3600e-01	8.4448e-04	4.2621e-04	2.8959e-07	1.6661e-25	0.00e+00	0.00e+00	1.6176e+01
1.73270e+18	1.2060e+04	2.909e-18	5.9948e+02	6.4334e+02	7.1790e-15	1.3997e-02	9.8600e-01	3.4514e-03	9.9465e-01	1.8956e-03	1.8357e-18	3.1135e-05	5.4139e-02	8.5060e-01	9.4009e-02	1.0179e-03	6.7260e-02	9.3051e-01	7.9400e-04	4.2187e-04	2.6475e-07	2.1605e-25	0.00e+00	0.00e+00	1.6739e+01
1.74266e+18	1.2068e+04	2.934e-18	5.9948e+02	6.4287e+02	8.0108e-15	1.4786e-02	9.8521e-01	3.6060e-03	9.9452e-01	1.8701e-03	2.3153e-18	3.2745e-05	5.6694e-02	8.5321e-01	8.8906e-02	1.1635e-03	7.2286e-02	9.2538e-01	7.5226e-04	4.1752e-04	2.4473e-07	2.7591e-25	0.00e+00	0.00e+00	1.7259e+01
1.75335e+18	1.2072e+04	2.959e-18	5.9948e+02	6.4244e+02	9.0447e-15	1.5680e-02	9.8432e-01	3.7848e-03	9.9437e-01	1.8412e-03	2.9826e-18	3.4683e-05	5.9624e-02	8.5577e-01	8.3473e-02	1.3425e-03	7.8096e-02	9.1944e-01	7.0783e-04	4.1243e-04	2.2451e-07	3.6078e-25	0.00e+00	0.00e+00	1.7976e+01
1.76530e+18	1.2082e+04	2.989e-18	5.9948e+02	6.4185e+02	1.0386e-14	1.6812e-02	9.8319e-01	4.0062e-03	9.9418e-01	1.8088e-03	4.0085e-18	3.7004e-05	6.3245e-02	8.5826e-01	7.7429e-02	1.5925e-03	8.5696e-02	9.1165e-01	6.5936e-04	4.0620e-04	2.0278e-07	4.9177e-25	0.00e+00	0.00e+00	1.8727e+01
1.77599e+18	1.2089e+04	3.017e-18	5.9948e+02	6.4117e+02	1.1825e-14	1.7962e-02	9.8204e-01	4.2310e-03	9.9399e-01	1.7810e-03	5.2977e-18	3.9307e-05	6.6881e-02	8.6010e-01	7.2018e-02	1.8740e-03	9.3672e-02	9.0344e-01	6.1686e-04	3.9992e-04	1.8412e-07	6.5709e-25	0.00e+00	0.00e+00	1.9378e+01
1.78494e+18	1.2096e+04	3.039e-18	5.9948e+02	6.4049e+02	1.3199e-14	1.9005e-02	9.8100e-01	4.4384e-03	9.9380e-01	1.7591e-03	6.7267e-18	4.1395e-05	7.0202e-02	8.6128e-01	6.7558e-02	2.1547e-03	1.0115e-01	8.9572e-01	5.8227e-04	3.9426e-04	1.6944e-07	8.4087e-25	0.00e+00	0.00e+00	1.9977e+01
1.79451e+18	1.2093e+04	3.061e-18	5.9948e+02	6.3948e+02	1.4829e-14	2.0190e-02	9.7981e-01	4.6793e-03	9.9359e-01	1.7333e-03	8.6580e-18	4.3702e-05	7.3995e-02	8.6224e-01	6.2863e-02	2.5008e-03	1.0976e-01	8.8680e-01	5.4580e-04	3.8783e-04	1.5469e-07	1.0846e-24	0.00e+00	0.00e+00	2.0803e+01
1.80518e+18	1.2079e+04	3.091e-18	5.9948e+02	6.3885e+02	1.7371e-14	2.1719e-02	9.7828e-01	4.9848e-03	9.9331e-01	1.7035e-03	1.1915e-17	4.6883e-05	7.8781e-02	8.6273e-01	5.7634e-02	2.9909e-03	1.2109e-01	8.7504e-01	5.0541e-04	3.7919e-04	1.3849e-07	1.5237e-24	0.00e+00	0.00e+00	2.1668e+01
1.81475e+18	1.2077e+04	3.117e-18	5.9948e+02	6.3798e+02	1.9945e-14	2.3272e-02	9.7673e-01	5.2940e-03	9.9303e-01	1.6789e-03	1.5977e-17	4.9945e-05	8.3586e-02	8.6260e-01	5.3013e-02	3.5461e-03	1.3301e-01	8.6260e-01	4.6996e-04	3.7071e-04	1.2467e-07	2.0640e-24	0.00e+00	0.00e+00	2.2427e+01
1.82283e+18	1.2069e+04	3.137e-18	5.9948e+02	6.3706e+02	2.2509e-14	2.4709e-02	9.7529e-01	5.5856e-03	9.9276e-01	1.6585e-03	2.0617e-17	5.2756e-05	8.8055e-02	8.6199e-01	4.9192e-02	4.1106e-03	1.4432e-01	8.5077e-01	4.4080e-04	3.6288e-04	1.1366e-07	2.6828e-24	0.00e+00	0.00e+00	2.3133e+01
1.83152e+18	1.2056e+04	3.157e-18	5.9948e+02	6.3590e+02	2.5607e-14	2.6354e-02	9.7365e-01	5.9252e-03	9.9244e-01	1.6353e-03	2.7065e-17	5.5909e-05	9.3197e-02	8.6089e-01	4.5199e-02	4.8146e-03	1.5744e-01	8.3698e-01	4.1031e-04	3.5395e-04	1.1755e-36	3.5347e-24	0.00e+00	0.00e+00	2.4113e+01
1.84130e+18	1.2034e+04	3.184e-18	5.9948e+02	6.3461e+02	3.0209e-14	2.8519e-02	9.7148e-01	6.3641e-03	9.9203e-01	1.6078e-03	3.7880e-17	6.0058e-05	9.9740e-02	8.5882e-01	4.0767e-02	5.8331e-03	1.7489e-01	8.1856e-01	3.7603e-04	3.4229e-04	1.1755e-36	5.0105e-24	0.00e+00	0.00e+00	2.5162e+01
1.85020e+18	1.2006e+04	3.210e-18	5.9948e+02	6.3349e+02	3.5750e-14	3.0816e-02	9.6918e-01	6.8330e-03	9.9158e-01	1.5828e-03	5.2888e-17	6.4583e-05	1.0660e-01	8.5598e-01	3.6792e-02	7.0328e-03	1.9367e-01	7.9862e-01	3.4508e-04	3.2996e-04	1.1755e-36	7.1219e-24	0.00e+00	0.00e+00	2.6106e+01
1.85786e+18	1.1982e+04	3.229e-18	5.9948e+02	6.3215e+02	4.1270e-14	3.3010e-02	9.6699e-01	7.2873e-03	9.9115e-01	1.5621e-03	7.0699e-17	6.8715e-05	1.1315e-01	8.5277e-01	3.3485e-02	8.2992e-03	2.1192e-01	7.7914e-01	3.1924e-04	3.1846e-04	1.1755e-36	9.6004e-24	0.00e+00	0.00e+00	2.7009e+01
1.86618e+18	1.1954e+04	3.246e-18	5.9948e+02	6.3068e+02	4.8399e-14	3.5576e-02	9.6442e-01	7.8301e-03	9.9063e-01	1.5390e-03	9.7197e-17	7.3608e-05	1.2084e-01	8.4855e-01	3.0057e-02	9.9212e-03	2.3336e-01	7.5612e-01	2.9242e-04	3.0519e-04	1.1755e-36	1.3340e-23	0.00e+00	0.00e+00	2.8276e+01
1.87700e+18	1.1908e+04	3.271e-18	5.9948e+02	6.2785e+02	6.0022e-14	3.9498e-02	9.6050e-01	8.6398e-03	9.8985e-01	1.5075e-03	1.4887e-16	8.0474e-05	1.3207e-01	8.4163e-01	2.5788e-02	1.2666e-02	2.6564e-01	7.2115e-01	2.5818e-04	2.8590e-04	1.1755e-36	2.0561e-23	0.00e+00	0.00e+00	3.0103e+01
1.88753e+18	1.1858e+04	3.305e-18	5.9948e+02	6.2476e+02	7.7647e-14	4.4573e-02	9.5543e-01	9.6502e-03	9.8887e-01	1.4761e-03	2.4305e-16	8.8993e-05	1.4566e-01	8.3217e-01	2.1692e-02	1.6666e-02	3.0622e-01	6.7663e-01	2.2355e-04	2.6231e-04	1.1755e-36	3.4368e-23	0.00e+00	0.00e+00	3.1594e+01
1.89475e+18	1.1802e+04	3.325e-18	5.9948e+02	6.2275e+02	9.5489e-14	4.8761e-02	9.5124e-01	1.0525e-02	9.8802e-01	1.4543e-03	3.5338e-16	9.6334e-05	1.5701e-01	8.2355e-01	1.8998e-02	2.0353e-02	3.3889e-01	6.4031e-01	2.0042e-04	2.4359e-04	1.1755e-36	5.1319e-23	0.00e+00	0.00e+00	3.2627e+01
1.90008e+18	1.1783e+04	3.323e-18	5.9948e+02	6.2020e+02	1.0829e-13	5.1938e-02	9.4806e-01	1.1215e-02	9.8734e-01	1.4413e-03	4.5304e-16	1.0152e-04	1.6582e-01	8.1656e-01	1.7189e-02	2.3425e-02	3.6383e-01	6.1233e-01	1.8502e-04	2.3009e-04	1.1755e-36	6.5793e-23	0.00e+00	0.00e+00	3.3622e+01
1.90589e+18	1.1724e+04	3.329e-18	5.9948e+02	6.1770e+02	1.2716e-13	5.5831e-02	9.4417e-01	1.2064e-02	9.8651e-01	1.4224e-03	6.0298e-16	1.0799e-04	1.7633e-01	8.0798e-01	1.5286e-02	2.7341e-02	3.9218e-01	5.8010e-01	1.6862e-04	2.1445e-04	1.1755e-36	8.8232e-23	0.00e+00	0.00e+00	3.5011e+01
1.91346e+18	1.1661e+04	3.338e-18	5.9948e+02	6.1417e+02	1.5894e-13	6.1780e-02	9.3822e-01	1.3325e-02	9.8528e-01	1.3992e-03	8.9341e-16	1.1729e-04	1.9152e-01	7.9516e-01	1.2944e-02	3.3711e-02	4.3245e-01	5.3350e-01	1.4773e-04	1.9257e-04	1.1755e-36	1.3316e-22	0.00e+00	0.00e+00	3.7011e+01
1.92097e+18	1.1595e+04	3.351e-18	5.9948e+02	6.0926e+02	2.0646e-13	6.9600e-02	9.3040e-01	1.4903e-02	9.8372e-01	1.3774e-03	1.3940e-15	1.2820e-04	2.0977e-01	7.7917e-01	1.0703e-02	4.2635e-02	4.7938e-01	4.7769e-01	1.2626e-04	1.6745e-04	1.1755e-36	2.1382e-22	0.00e+00	0.00e+00	3.8718e+01
1.92634e+18	1.1538e+04	3.353e-18	5.9948e+02	6.0549e+02	2.5278e-13	7.6334e-02	9.2367e-01	1.6312e-02	9.8233e-01	1.3620e-03	1.9539e-15	1.3745e-04	2.2537e-01	7.6509e-01	9.1973e-03	5.0799e-02	5.1541e-01	4.3353e-01	1.1153e-04	1.4825e-04	1.1755e-36	3.0545e-22	0.00e+00	0.00e+00	3.9949e+01
1.93033e+18	1.1487e+04	3.344e-18	5.9948e+02	6.0202e+02	2.9461e-13	8.1683e-02	9.1832e-01	1.7485e-02	9.8116e-01	1.3510e-03	2.5018e-15	1.4480e-04	2.3788e-01	7.5360e-01	8.1782e-03	5.7563e-02	5.4141e-01	4.0079e-01	1.0163e-04	1.3451e-04	1.1755e-36	3.9634e-22	0.00e+00	0.00e+00	4.1098e+01
1.93461e+18	1.1434e+04	3.332e-18	5.9948e+02	5.9829e+02	3.4746e-13	8.7892e-02	9.1211e-01	1.8854e-02	9.7981e-01	1.3393e-03	3.2518e-15	1.5305e-04	2.5203e-01	7.4048e-01	7.1631e-03	6.5586e-02	5.6812e-01	3.6608e-01	9.1795e-05	1.2025e-04	1.1755e-36	5.2290e-22	0.00e+00	0.00e+00	4.2706e+01
1.94017e+18	1.1361e+04	3.315e-18	5.9948e+02	5.9205e+02	4.3880e-13	9.7422e-02	9.0258e-01	2.0877e-02	9.7780e-01	1.3252e-03	4.6413e-15	1.6441e-04	2.7207e-01	7.2167e-01	5.9412e-03	7.8095e-02	6.0217e-01	3.1956e-01	7.9496e-05	1.0176e-04	1.1755e-36	7.6622e-22	0.00e+00	0.00e+00	4.5022e+01
1.94581e+18	1.1283e+04	3.301e-18	5.9948e+02	5.8428e+02	5.7858e-13	1.1024e-01	8.8976e-01	2.3473e-02	9.7521e-01	1.3142e-03	6.9709e-15	1.7769e-04	2.9634e-01	6.9857e-01	4.7767e-03	9.5086e-02	6.3674e-01	2.6803e-01	6.6864e-05	8.2006e-05	1.1755e-36	1.1949e-21	0.00e+00	0.00e+00	4.7106e+01
1.94997e+18	1.1206e+04	3.285e-18	5.9948e+02	5.7904e+02	7.2941e-13	1.2197e-01	8.7803e-01	2.5947e-02	9.7275e-01	1.3040e-03	9.6933e-15	1.8970e-04	3.1807e-01	6.7765e-01	3.9795e-03	1.1073e-01	6.5987e-01	2.2927e-01	5.7998e-05	6.7615e-05	1.1755e-36	1.7195e-21	0.00e+00	0.00e+00	4.8650e+01
1.95305e+18	1.1157e+04	3.244e-18	5.9948e+02	5.7185e+02	8.5050e-13	1.3060e-01	8.6940e-01	2.7890e-02	9.7081e-01	1.3026e-03	1.2003e-14	1.9765e-04	3.3426e-01	6.6196e-01	3.4788e-03	1.2250e-01	6.7390e-01	2.0349e-01	5.2570e-05	5.8655e-05	1.1755e-36	2.1539e-21	0.00e+00	0.00e+00	5.0040e+01
1.95629e+18	1.1088e+04	3.212e-18	5.9948e+02	5.6679e+02	1.0186e-12	1.4096e-01	8.5904e-01	3.0256e-02	9.6845e-01	1.2963e-03	1.5317e-14	2.0760e-04	3.5305e-01	6.4367e-01	2.9825e-03	1.3637e-01	6.8569e-01	1.7784e-01	4.7136e-05	4.9747e-05	1.1755e-36	2.8170e-21	0.00e+00	0.00e+00	5.1991e+01
1.96049e+18	1.1002e+04	3.156e-18	5.9948e+02	5.5665e+02	1.2920e-12	1.5636e-01	8.4364e-01	3.3649e-02	9.6506e-01	1.2949e-03	2.0871e-14	2.1971e-04	3.7843e-01	6.1886e-01	2.4119e-03	1.5682e-01	6.9660e-01	1.4651e-01	4.0622e-05	3.9370e-05	1.1755e-36	3.9430e-21	0.00e+00	0.00e+00	5.4805e+01
1.96486e+18	1.0917e+04	3.088e-18	5.9948e+02	5.4367e+02	1.7174e-12	1.7688e-01	8.2312e-01	3.8028e-02	9.6067e-01	1.2992e-03	2.9896e-14	2.3304e-04	4.0863e-01	5.8919e-01	1.8817e-03	1.8352e-01	7.0156e-01	1.1486e-01	3.4021e-05	2.9340e-05	1.1755e-36	5.9112e-21	0.00e+00	0.00e+00	5.7472e+01
1.96825e+18	1.0828e+04	3.020e-18	5.9948e+02	5.3311e+02	2.1781e-12	1.9597e-01	8.0403e-01	4.2376e-02	9.5632e-01	1.3025e-03	3.9994e-14	2.4461e-04	4.3601e-01	5.6216e-01	1.5192e-03	2.0791e-01	6.9955e-01	9.2485e-02	2.9326e-05	2.2567e-05	1.1755e-36	8.1691e-21	0.00e+00	0.00e+00	5.9540e+01
1.97084e+18	1.0760e+04	2.944e-18	5.9948e+02	5.2291e+02	2.6032e-12	2.1090e-01	7.8910e-01	4.6085e-02	9.5261e-01	1.3092e-03	4.9349e-14	2.5312e-04	4.5763e-01	5.4078e-01	1.2853e-03	2.2685e-01	6.9515e-01	7.7954e-02	2.6320e-05	1.8410e-05	1.1755e-36	1.0313e-20	0.00e+00	0.00e+00	6.1450e+01
1.97359e+18	1.0678e+04	2.861e-18	5.9948e+02	5.1286e+02	3.1489e-12	2.2822e-01	7.7178e-01	5.0534e-02	9.4815e-01	1.3149e-03	6.1558e-14	2.6212e-04	4.8172e-01	5.1690e-01	1.0646e-03	2.4840e-01	6.8706e-01	6.4504e-02	2.3413e-05	1.4669e-05	1.1755e-36	1.3166e-20	0.00e+00	0.00e+00	6.4137e+01
1.97717e+18	1.0575e+04	2.740e-18	5.9948e+02	4.9623e+02	4.0927e-12	2.5406e-01	7.4594e-01	5.7014e-02	9.4166e-01	1.3306e-03	8.2408e-14	2.7212e-04	5.1375e-01	4.8512e-01	8.2100e-04	2.7982e-01	6.7087e-01	4.9284e-02	1.9926e-05	1.0640e-05	1.1755e-36	1.8306e-20	0.00e+00	0.00e+00	6.8026e+01
1.98084e+18	1.0462e+04	2.595e-18	5.9948e+02	4.7566e+02	5.5187e-12	2.8735e-01	7.1265e-01	6.5382e-02	9.3326e-01	1.3567e-03	1.1373e-13	2.8105e-04	5.5026e-01	4.4882e-01	6.1078e-04	3.1914e-01	6.4523e-01	3.5611e-02	1.6487e-05	7.2190e-06	1.1755e-36	2.6470e-20	0.00e+00	0.00e+00	7.1619e+01
1.98367e+18	1.0346e+04	2.462e-18	5.9948e+02	4.5940e+02	7.0282e-12	3.1666e-01	6.8334e-01	7.3723e-02	9.2490e-01	1.3792e-03	1.4627e-13	2.8817e-04	5.8199e-01	4.1722e-01	4.7617e-04	3.5294e-01	6.2006e-01	2.6984e-02	1.4130e-05	5.1880e-06	1.1755e-36	3.5131e-20	0.00e+00	0.00e+00	7.4448e+01
1.98583e+18	1.0271e+04	2.337e-18	5.9948e+02	4.4428e+02	8.3559e-12	3.3837e-01	6.6163e-01	8.0662e-02	9.1794e-01	1.4029e-03	1.7388e-13	2.9138e-04	6.0567e-01	3.9362e-01	3.9397e-04	3.7763e-01	6.0055e-01	2.1799e-02	1.2669e-05	4.0450e-06	1.1755e-36	4.2590e-20	0.00e+00	0.00e+00	7.6953e+01
1.98796e+18	1.0185e+04	2.214e-18	5.9948e+02	4.3028e+02	9.9074e-12	3.6125e-01	6.3875e-01	8.8455e-02	9.1012e-01	1.4264e-03	2.0558e-13	2.9437e-04	6.2962e-01	3.6974e-01	3.2394e-04	4.0318e-01	5.7927e-01	1.7536e-02	1.1344e-05	3.1358e-06	1.1755e-36	5.1254e-20	0.00e+00	0.00e+00	8.0098e+01
1.99052e+18	1.0069e+04	2.062e-18	5.9948e+02	4.1108e+02	1.2350e-11	3.9211e-01	6.0789e-01	9.8907e-02	8.9963e-01	1.4609e-03	2.5214e-13	2.9560e-04	6.5827e-01	3.4117e-01	2.5337e-04	4.3693e-01	5.4982e-01	1.3239e-02	9.8327e-06	2.2591e-06	1.1755e-36	6.4452e-20	0.00e+00	0.00e+00	8.4293e+01
1.99315e+18	9.9514e+03	1.895e-18	5.9948e+02	3.8882e+02	1.5605e-11	4.2815e-01	5.7185e-01	1.1149e-01	8.8700e-01	1.5099e-03	3.1125e-13	2.9373e-04	6.8812e-01	3.1137e-01	1.9486e-04	4.7547e-01	5.1489e-01	9.6213e-03	8.3697e-06	1.5588e-06	1.1755e-36	8.1695e-20	0.00e+00	0.00e+00	8.8217e+01
1.99520e+18	9.8360e+03	1.757e-18	5.9948e+02	3.7145e+02	1.8850e-11	4.5814e-01	5.4186e-01	1.2359e-01	8.7486e-01	1.5484e-03	3.6626e-13	2.9188e-04	7.1274e-01	2.8680e-01	1.5749e-04	5.0694e-01	4.8568e-01	7.3725e-03	7.3455e-06	1.1463e-06	1.1755e-36	9.7829e-20	0.00e+00	0.00e+00	9.1150e+01
1.99677e+18	9.7682e+03	1.643e-18	5.9948e+02	3.5724e+02	2.1347e-11	4.7872e-01	5.2128e-01	1.3345e-01	8.6497e-01	1.5854e-03	4.0607e-13	2.8861e-04	7.3054e-01	2.6903e-01	1.3459e-04	5.2827e-01	4.6568e-01	6.0443e-03	6.7203e-06	9.1525e-07	1.1755e-36	1.0888e-19	0.00e+00	0.00e+00	9.3773e+01
1.99822e+18	9.6701e+03	1.543e-18	5.9948e+02	3.4484e+02	2.4291e-11	4.9945e-01	5.0055e-01	1.4389e-01	8.5450e-01	1.6149e-03	4.4848e-13	2.8598e-04	7.4738e-01	2.5221e-01	1.1589e-04	5.4948e-01	4.4552e-01	4.9920e-03	6.1514e-06	7.3651e-07	1.1755e-36	1.2071e-19	0.00e+00	0.00e+00	9.6523e+01
1.99976e+18	9.5764e+03	1.437e-18	5.9948e+02	3.3084e+02	2.7836e-11	5.2219e-01	4.7781e-01	1.5557e-01	8.4278e-01	1.6501e-03	4.9724e-13	2.8175e-04	7.6446e-01	2.3515e-01	9.8952e-05	5.7245e-01	4.2350e-01	4.0446e-03	5.5834e-06	5.8049e-07	1.1755e-36	1.3462e-19	0.00e+00	0.00e+00	9.9724e+01
2.00133e+18	9.4886e+03	1.327e-18	5.9948e+02	3.1499e+02	3.1930e-11	5.4640e-01	4.5360e-01	1.6817e-01	8.3013e-01	1.6992e-03	5.4891e-13	2.7504e-04	7.8093e-01	2.1870e-01	8.4484e-05	5.9659e-01	4.0018e-01	3.2294e-03	5.0348e-06	4.5067e-07	1.1755e-36	1.4894e-19	0.00e+00	0.00e+00	1.0289e+02
2.00251e+18	9.4158e+03	1.247e-18	5.9948e+02	3.0332e+02	3.5453e-11	5.6505e-01	4.3495e-01	1.7871e-01	8.1955e-01	1.7383e-03	5.9031e-13	2.6964e-04	7.9311e-01	2.0653e-01	7.5355e-05	6.1498e-01	3.8231e-01	2.7135e-03	4.6476e-06	3.7074e-07	1.1755e-36	1.6030e-19	0.00e+00	0.00e+00	1.0465e+02
2.00321e+18	9.3631e+03	1.200e-18	5.9948e+02	2.9769e+02	3.7487e-11	5.7382e-01	4.2618e-01	1.8593e-01	8.1232e-01	1.7504e-03	6.1147e-13	2.6781e-04	8.0067e-01	1.9898e-01	7.0640e-05	6.2360e-01	3.7393e-01	2.4696e-03	4.4752e-06	3.3419e-07	1.1755e-36	1.6521e-19	0.00e+00	0.00e+00	1.0589e+02
2.00386e+18	9.3109e+03	1.157e-18	5.9948e+02	2.9237e+02	3.9557e-11	5.8200e-01	4.1800e-01	1.9294e-01	8.0529e-01	1.7609e-03	6.3184e-13	2.6584e-04	8.0770e-01	1.9196e-01	6.6413e-05	6.3161e-01	3.6613e-01	2.2592e-03	4.3196e-06	3.0304e-07	1.1755e-36	1.6990e-19	0.00e+00	0.00e+00	1.0751e+02
2.00471e+18	9.2403e+03	1.102e-18	5.9948e+02	2.8481e+02	4.2726e-11	5.9463e-01	4.0537e-01	2.0217e-01	7.9605e-01	1.7799e-03	6.6231e-13	2.6243e-04	8.1644e-01	1.8323e-01	6.1238e-05	6.4387e-01	3.5413e-01	1.9935e-03	4.0888e-06	2.6382e-07	1.1755e-36	1.7748e-19	0.00e+00	0.00e+00	1.0967e+02
2.00566e+18	9.1748e+03	1.041e-18	5.9948e+02	2.7523e+02	4.6529e-11	6.0996e-01	3.9004e-01	2.1230e-01	7.8589e-01	1.8139e-03	6.9777e-13	2.5703e-04	8.2537e-01	1.7431e-01	5.6099e-05	6.5862e-01	3.3966e-01	1.7201e-03	3.8225e-06	2.2399e-07	1.1755e-36	1.8637e-19	0.00e+00	0.00e+00	1.1184e+02
2.00651e+18	9.1259e+03	9.863e-19	5.9948e+02	2.6629e+02	4.9912e-11	6.2292e-01	3.7708e-01	2.2145e-01	7.7670e-01	1.8499e-03	7.2689e-13	2.5144e-04	8.3285e-01	1.6684e-01	5.2118e-05	6.7100e-01	3.2748e-01	1.5088e-03	3.6079e-06	1.9389e-07	1.1755e-36	1.9296e-19	0.00e+00	0.00e+00	1.1363e+02
2.00725e+18	9.0589e+03	9.418e-19	5.9948e+02	2.5959e+02	5.3398e-11	6.3393e-01	3.6607e-01	2.3070e-01	7.6743e-01	1.8699e-03	7.5328e-13	2.4771e-04	8.3976e-01	1.5994e-01	4.8918e-05	6.8149e-01	3.1716e-01	1.3480e-03	3.4342e-06	1.7134e-07	1.1755e-36	1.9858e-19	0.00e+00	0.00e+00	1.1534e+02
2.00799e+18	9.0040e+03	8.965e-19	5.9948e+02	2.5245e+02	5.6886e-11	6.4449e-01	3.5551e-01	2.3993e-01	7.5817e-01	1.8938e-03	7.7867e-13	2.4335e-04	8.4631e-01	1.5339e-01	4.6016e-05	6.9148e-01	3.0732e-01	1.2033e-03	3.2732e-06	1.5139e-07	1.1755e-36	2.0373e-19	0.00e+00	0.00e+00	1.1723e+02
2.00881e+18	8.9325e+03	8.483e-19	5.9948e+02	2.4447e+02	6.1341e-11	6.5698e-01	3.4302e-01	2.5063e-01	7.4744e-01	1.9224e-03	8.0794e-13	2.3821e-04	8.5336e-01	1.4635e-01	4.3064e-05	7.0323e-01	2.9571e-01	1.0571e-03	3.0905e-06	1.3141e-07	1.1755e-36	2.0936e-19	0.00e+00	0.00e+00	1.1938e+02
2.00964e+18	8.8618e+03	8.008e-19	5.9948e+02	2.3626e+02	6.6294e-11	6.7032e-01	3.2968e-01	2.6187e-01	7.3618e-01	1.9544e-03	8.3949e-13	2.3271e-04	8.6020e-01	1.3952e-01	4.0355e-05	7.1569e-01	2.8339e-01	9.2242e-04	2.9035e-06	1.1755e-36	1.1755e-36	2.1561e-19	0.00e+00	0.00e+00	1.2143e+02
2.01040e+18	8.8089e+03	7.587e-19	5.9948e+02	2.2877e+02	7.0559e-11	6.8117e-01	3.1883e-01	2.7202e-01	7.2600e-01	1.9867e-03	8.6383e-13	2.2730e-04	8.6594e-01	1.3379e-01	3.8242e-05	7.2576e-01	2.7341e-01	8.1884e-04	2.7571e-06	1.1755e-36	1.1755e-36	2.1932e-19	0.00e+00	0.00e+00	1.2322e+02
2.01110e+18	8.7318e+03	7.211e-19	5.9948e+02	2.2242e+02	7.5640e-11	6.9146e-01	3.0854e-01	2.8297e-01	7.1503e-01	2.0052e-03	8.8869e-13	2.2307e-04	8.7165e-01	1.2809e-01	3.6379e-05	7.3530e-01	2.6397e-01	7.3172e-04	2.6236e-06	1.1755e-36	1.1755e-36	2.2299e-19	0.00e+00	0.00e+00	1.2511e+02
2.01185e+18	8.6638e+03	6.820e-19	5.9948e+02	2.1535e+02	8.0938e-11	7.0211e-01	2.9789e-01	2.9433e-01	7.0364e-01	2.0324e-03	9.1291e-13	2.1791e-04	8.7720e-01	1.2254e-01	3.4616e-05	7.4509e-01	2.5425e-01	6.4936e-04	2.4897e-06	1.1755e-36	1.1755e-36	2.2587e-19	0.00e+00	0.00e+00	1.2716e+02
2.01263e+18	8.5929e+03	6.424e-19	5.9948e+02	2.0784e+02	8.6939e-11	7.1344e-01	2.8656e-01	3.0631e-01	6.9163e-01	2.0633e-03	9.3805e-13	2.1211e-04	8.8267e-01	1.1709e-01	3.2956e-05	7.5546e-01	2.4396e-01	5.7226e-04	2.3521e-06	1.1755e-36	1.1755e-36	2.2848e-19	0.00e+00	0.00e+00	1.2928e+02
2.01339e+18	8.5163e+03	6.056e-19	5.9948e+02	2.0070e+02	9.3522e-11	7.2453e-01	2.7547e-01	3.1864e-01	6.7926e-01	2.0918e-03	9.6272e-13	2.0667e-04	8.8783e-01	1.1193e-01	3.1494e-05	7.6557e-01	2.3392e-01	5.0561e-04	2.2220e-06	1.1755e-36	1.1755e-36	2.3067e-19	0.00e+00	0.00e+00	1.3130e+02
2.01410e+18	8.4513e+03	5.721e-19	5.9948e+02	1.9409e+02	9.9659e-11	7.3410e-01	2.6590e-01	3.3038e-01	6.6750e-01	2.1193e-03	9.8288e-13	2.0137e-04	8.9240e-01	1.0737e-01	3.0286e-05	7.7424e-01	2.2531e-01	4.5158e-04	2.1132e-06	1.1755e-36	1.1755e-36	2.3133e-19	0.00e+00	0.00e+00	1.3322e+02
2.01481e+18	8.3695e+03	5.402e-19	5.9948e+02	1.8778e+02	1.0699e-10	7.4357e-01	2.5643e-01	3.4300e-01	6.5485e-01	2.1410e-03	1.0031e-12	1.9634e-04	8.9695e-01	1.0283e-01	2.9182e-05	7.8279e-01	2.1680e-01	4.0372e-04	2.0089e-06	1.1755e-36	1.1755e-36	2.3150e-19	0.00e+00	0.00e+00	1.3527e+02
2.01556e+18	8.2838e+03	5.081e-19	5.9948e+02	1.8121e+02	1.1542e-10	7.5387e-01	2.4613e-01	3.5660e-01	6.4124e-01	2.1638e-03	1.0255e-12	1.9107e-04	9.0150e-01	9.8282e-02	2.8117e-05	7.9205e-01	2.0759e-01	3.5820e-04	1.8988e-06	1.1755e-36	1.1755e-36	2.3195e-19	0.00e+00	0.00e+00	1.3744e+02
2.01629e+18	8.2026e+03	4.774e-19	5.9948e+02	1.7452e+02	1.2420e-10	7.6373e-01	2.3627e-01	3.6989e-01	6.2791e-01	2.1923e-03	1.0448e-12	1.8540e-04	9.0560e-01	9.4182e-02	2.7186e-05	8.0087e-01	1.9881e-01	3.1878e-04	1.7963e-06	1.1755e-36	1.1755e-36	2.3093e-19	0.00e+00	0.00e+00	1.3950e+02
2.01699e+18	8.1205e+03	4.499e-19	5.9948e+02	1.6848e+02	1.3335e-10	7.7254e-01	2.2746e-01	3.8311e-01	6.1468e-01	2.2141e-03	1.0619e-12	1.8026e-04	9.0937e-01	9.0421e-02	2.6399e-05	8.0871e-01	1.9100e-01	2.8637e-04	1.7073e-06	1.1755e-36	1.1755e-36	2.2926e-19	0.00e+00	0.00e+00	1.4149e+02
2.01768e+18	8.0389e+03	4.236e-19	5.9948e+02	1.6266e+02	1.4308e-10	7.8095e-01	2.1905e-01	3.9670e-01	6.0107e-01	2.2332e-03	1.0779e-12	1.7515e-04	9.1297e-01	8.6823e-02	2.5689e-05	8.1619e-01	1.8356e-01	2.5789e-04	1.6243e-06	1.1755e-36	1.1755e-36	2.2705e-19	0.00e+00	0.00e+00	1.4357e+02
2.01841e+18	7.9419e+03	3.973e-19	5.9948e+02	1.5659e+02	1.5515e-10	7.9003e-01	2.0997e-01	4.1136e-01	5.8639e-01	2.2514e-03	1.0949e-12	1.6985e-04	9.1658e-01	8.3221e-02	2.5007e-05	8.2421e-01	1.7556e-01	2.3114e-04	1.5372e-06	1.1755e-36	1.1755e-36	2.2441e-19	0.00e+00	0.00e+00	1.4580e+02
2.01913e+18	7.8554e+03	3.720e-19	5.9948e+02	1.5040e+02	1.6740e-10	7.9876e-01	2.0124e-01	4.2567e-01	5.7205e-01	2.2773e-03	1.1095e-12	1.6426e-04	9.1981e-01	7.9995e-02	2.4401e-05	8.3190e-01	1.6789e-01	2.0767e-04	1.4553e-06	1.1755e-36	1.1755e-36	2.2072e-19	0.00e+00	0.00e+00	1.4794e+02
2.01983e+18	7.7667e+03	3.493e-19	5.9948e+02	1.4483e+02	1.8050e-10	8.0671e-01	1.9329e-01	4.4008e-01	5.5762e-01	2.2944e-03	1.1228e-12	1.5919e-04	9.2281e-01	7.7006e-02	2.3881e-05	8.3887e-01	1.6095e-01	1.8816e-04	1.3825e-06	1.1755e-36	1.1755e-36	2.1685e-19	0.00e+00	0.00e+00	1.5002e+02
2.02052e+18	7.6594e+03	3.280e-19	5.9948e+02	1.3956e+02	1.9689e-10	8.1460e-01	1.8540e-01	4.5525e-01	5.4245e-01	2.3008e-03	1.1372e-12	1.5447e-04	9.2574e-01	7.4077e-02	2.3412e-05	8.4577e-01	1.5406e-01	1.7108e-04	1.3121e-06	1.1755e-36	1.1755e-36	2.1320e-19	0.00e+00	0.00e+00	1.5216e+02
2.02121e+18	7.5563e+03	3.075e-19	5.9948e+02	1.3416e+02	2.1446e-10	8.2225e-01	1.7775e-01	4.7031e-01	5.2738e-01	2.3129e-03	1.1491e-12	1.4945e-04	9.2842e-01	7.1406e-02	2.2988e-05	8.5243e-01	1.4741e-01	1.5592e-04	1.2452e-06	1.1755e-36	1.1755e-36	2.0839e-19	0.00e+00	0.00e+00	1.5432e+02
2.02190e+18	7.4502e+03	2.881e-19	5.9948e+02	1.2900e+02	2.3428e-10	8.2972e-01	1.7028e-01	4.8570e-01	5.1198e-01	2.3201e-03	1.1613e-12	1.4461e-04	9.3094e-01	6.8891e-02	2.2605e-05	8.5892e-01	1.4093e-01	1.4263e-04	1.1812e-06	1.1755e-36	1.1755e-36	2.0369e-19	0.00e+00	0.00e+00	1.5649e+02
2.02259e+18	7.3386e+03	2.700e-19	5.9948e+02	1.2393e+02	2.5702e-10	8.3681e-01	1.6319e-01	5.0105e-01	4.9662e-01	2.3263e-03	1.1717e-12	1.3979e-04	9.3325e-01	6.6589e-02	2.2269e-05	8.6506e-01	1.3481e-01	1.3119e-04	1.1217e-06	1.1755e-36	1.1755e-36	1.9830e-19	0.00e+00	0.00e+00	1.5864e+02
2.02326e+18	7.2195e+03	2.532e-19	5.9948e+02	1.1906e+02	2.8351e-10	8.4353e-01	1.5647e-01	5.1637e-01	4.8130e-01	2.3283e-03	1.1807e-12	1.3517e-04	9.3536e-01	6.4477e-02	2.1975e-05	8.7088e-01	1.2900e-01	1.2141e-04	1.0663e-06	1.1755e-36	1.1755e-36	1.9250e-19	0.00e+00	0.00e+00	1.6076e+02
2.02392e+18	7.1033e+03	2.377e-19	5.9948e+02	1.1449e+02	3.1267e-10	8.4984e-01	1.5016e-01	5.3158e-01	4.6610e-01	2.3261e-03	1.1900e-12	1.3076e-04	9.3730e-01	6.2550e-02	2.1717e-05	8.7632e-01	1.2357e-01	1.1303e-04	1.0152e-06	1.1755e-36	1.1755e-36	1.8714e-19	0.00e+00	0.00e+00	1.6286e+02
2.02457e+18	6.9824e+03	2.231e-19	5.9948e+02	1.1011e+02	3.4647e-10	8.5590e-01	1.4410e-01	5.4689e-01	4.5079e-01	2.3191e-03	1.1989e-12	1.2652e-04	9.3909e-01	6.0758e-02	2.1487e-05	8.8152e-01	1.1837e-01	1.0574e-04	9.6701e-07	1.1755e-36	1.1755e-36	1.8183e-19	0.00e+00	0.00e+00	1.6497e+02
2.02522e+18	6.8579e+03	2.093e-19	5.9948e+02	1.0578e+02	3.8597e-10	8.6183e-01	1.3817e-01	5.6226e-01	4.3543e-01	2.3108e-03	1.2078e-12	1.2226e-04	9.4074e-01	5.9114e-02	2.1280e-05	8.8660e-01	1.1330e-01	9.9322e-05	9.2062e-07	1.1755e-36	1.1755e-36	1.7653e-19	0.00e+00	0.00e+00	1.6711e+02
2.02587e+18	6.7390e+03	1.964e-19	5.9948e+02	1.0154e+02	4.2917e-10	8.6733e-01	1.3267e-01	5.7714e-01	4.2055e-01	2.3051e-03	1.2157e-12	1.1796e-04	9.4218e-01	5.7678e-02	2.1098e-05	8.9131e-01	1.0859e-01	9.3786e-05	8.7803e-07	1.1755e-36	1.1755e-36	1.7113e-19	0.00e+00	0.00e+00	1.6921e+02
2.02650e+18	6.6040e+03	1.848e-19	5.9948e+02	9.7696e+01	4.8402e-10	8.7274e-01	1.2726e-01	5.9221e-01	4.0551e-01	2.2854e-03	1.2256e-12	1.1419e-04	9.4353e-01	5.6335e-02	2.0943e-05	8.9593e-01	1.0398e-01	8.9124e-05	8.3700e-07	1.1755e-36	1.1755e-36	1.6678e-19	0.00e+00	0.00e+00	1.7124e+02
2.02712e+18	6.4760e+03	1.739e-19	5.9948e+02	9.3943e+01	5.4437e-10	8.7753e-01	1.2247e-01	6.0683e-01	3.9091e-01	2.2678e-03	1.2339e-12	1.1038e-04	9.4472e-01	5.5151e-02	2.0811e-05	9.0001e-01	9.9904e-02	8.5174e-05	8.0106e-07	1.1755e-36	1.1755e-36	1.6227e-19	0.00e+00	0.00e+00	1.7331e+02
2.02774e+18	6.3477e+03	1.635e-19	5.9948e+02	9.0326e+01	6.1479e-10	8.8238e-01	1.1762e-01	6.2156e-01	3.7620e-01	2.2461e-03	1.2448e-12	1.0672e-04	9.4580e-01	5.4068e-02	2.0688e-05	9.0414e-01	9.5780e-02	8.1617e-05	7.6501e-07	1.1755e-36	1.1755e-36	1.5874e-19	0.00e+00	0.00e+00	1.7539e+02
2.02836e+18	6.2094e+03	1.538e-19	5.9948e+02	8.6762e+01	7.0242e-10	8.8708e-01	1.1292e-01	6.3620e-01	3.6157e-01	2.2213e-03	1.2562e-12	1.0308e-04	9.4677e-01	5.3107e-02	2.0583e-05	9.0812e-01	9.1798e-02	7.8573e-05	7.3064e-07	1.1755e-36	1.1755e-36	1.5560e-19	0.00e+00	0.00e+00	1.7749e+02
2.02898e+18	6.0707e+03	1.448e-19	5.9948e+02	8.3374e+01	8.0592e-10	8.9151e-01	1.0849e-01	6.5051e-01	3.4730e-01	2.1934e-03	1.2693e-12	9.9597e-05	9.4760e-01	5.2280e-02	2.0494e-05	9.1188e-01	8.8044e-02	7.5999e-05	6.9855e-07	1.1755e-36	1.1755e-36	1.5338e-19	0.00e+00	0.00e+00	1.7954e+02
2.02958e+18	5.9304e+03	1.365e-19	5.9948e+02	8.0198e+01	9.2945e-10	8.9561e-01	1.0439e-01	6.6455e-01	3.3329e-01	2.1605e-03	1.2843e-12	9.6330e-05	9.4832e-01	5.1561e-02	2.0422e-05	9.1535e-01	8.4575e-02	7.3870e-05	6.6921e-07	1.1755e-36	1.1755e-36	1.5232e-19	0.00e+00	0.00e+00	1.8157e+02
2.03018e+18	5.7868e+03	1.288e-19	5.9948e+02	7.7139e+01	1.0798e-09	8.9952e-01	1.0048e-01	6.7849e-01	3.1938e-01	2.1235e-03	1.3024e-12	9.3174e-05	9.4895e-01	5.0937e-02	2.0363e-05	9.1866e-01	8.1267e-02	7.2072e-05	6.4149e-07	1.1755e-36	1.1755e-36	1.5263e-19	0.00e+00	0.00e+00	1.8362e+02
2.03079e+18	5.6397e+03	1.214e-19	5.9948e+02	7.4139e+01	1.2647e-09	9.0334e-01	9.6657e-02	6.9230e-01	3.0561e-01	2.0843e-03	1.3245e-12	9.0061e-05	9.4947e-01	5.0418e-02	2.0314e-05	9.2189e-01	7.8035e-02	7.0537e-05	6.1462e-07	1.1755e-36	1.1755e-36	1.5464e-19	0.00e+00	0.00e+00	1.8571e+02
2.03140e+18	5.4907e+03	1.146e-19	5.9948e+02	7.1249e+01	1.4905e-09	9.0701e-01	9.2991e-02	7.0581e-01	2.9214e-01	2.0425e-03	1.3516e-12	8.7052e-05	9.4988e-01	5.0013e-02	2.0276e-05	9.2499e-01	7.4942e-02	6.9270e-05	5.8911e-07	1.1755e-36	1.1755e-36	1.5885e-19	0.00e+00	0.00e+00	1.8777e+02
2.03199e+18	5.3406e+03	1.083e-19	5.9948e+02	6.8523e+01	1.7653e-09	9.1043e-01	8.9568e-02	7.1897e-01	2.7903e-01	1.9971e-03	1.3849e-12	8.4223e-05	9.5019e-01	4.9707e-02	2.0250e-05	9.2788e-01	7.2055e-02	6.8270e-05	5.6551e-07	1.1755e-36	1.1755e-36	1.6588e-19	0.00e+00	0.00e+00	1.8982e+02
2.03259e+18	5.1883e+03	1.024e-19	5.9948e+02	6.5923e+01	2.1026e-09	9.1367e-01	8.6335e-02	7.3187e-01	2.6618e-01	1.9479e-03	1.4262e-12	8.1534e-05	9.5041e-01	4.9490e-02	2.0236e-05	9.3061e-01	6.9327e-02	6.7494e-05	5.4340e-07	1.1755e-36	1.1755e-36	1.7658e-19	0.00e+00	0.00e+00	1.9189e+02
2.03319e+18	5.0330e+03	9.688e-20	5.9948e+02	6.3395e+01	2.5179e-09	9.1680e-01	8.3201e-02	7.4459e-01	2.5352e-01	1.8961e-03	1.4780e-12	7.8925e-05	9.5053e-01	4.9369e-02	2.0230e-05	9.3325e-01	6.6685e-02	6.6898e-05	5.2213e-07	1.1755e-36	1.1755e-36	1.9208e-19	0.00e+00	0.00e+00	1.9399e+02
2.03379e+18	4.8740e+03	9.177e-20	5.9948e+02	6.0966e+01	3.0099e-09	9.1980e-01	8.0199e-02	7.5682e-01	2.4134e-01	1.8427e-03	1.5244e-12	7.6471e-05	9.5098e-01	4.8921e-02	2.0232e-05	9.3578e-01	6.4153e-02	6.6499e-05	5.0192e-07	1.1755e-36	1.1755e-36	2.0567e-19	0.00e+00	0.00e+00	1.9604e+02
2.03435e+18	4.7230e+03	8.731e-20	5.9948e+02	5.8805e+01	3.5513e-09	9.2244e-01	7.7557e-02	7.6810e-01	2.3011e-01	1.7887e-03	1.5665e-12	7.4329e-05	9.5147e-01	4.8431e-02	2.0242e-05	9.3801e-01	6.1924e-02	6.6284e-05	4.8428e-07	1.1755e-36	1.1755e-36	2.1875e-19	0.00e+00	0.00e+00	1.9793e+02
2.03488e+18	4.5729e+03	8.345e-20	5.9948e+02	5.6882e+01	4.1608e-09	9.2471e-01	7.5293e-02	7.7853e-01	2.1974e-01	1.7327e-03	1.6072e-12	7.2482e-05	9.5195e-01	4.7959e-02	2.0266e-05	9.3993e-01	6.0002e-02	6.6272e-05	4.6928e-07	1.1755e-36	1.1755e-36	2.3271e-19	0.00e+00	0.00e+00	1.9971e+02
2.03537e+18	4.4426e+03	8.012e-20	5.9948e+02	5.5245e+01	4.7416e-09	9.2666e-01	7.3335e-02	7.8790e-01	2.1042e-01	1.6795e-03	1.6422e-12	7.0941e-05	9.5235e-01	4.7554e-02	2.0290e-05	9.4159e-01	5.8344e-02	6.6305e-05	4.5637e-07	1.1755e-36	1.1755e-36	2.4499e-19	0.00e+00	0.00e+00	2.0134e+02
2.03584e+18	4.3126e+03	7.706e-20	5.9948e+02	5.3709e+01	5.3521e-09	9.2846e-01	7.1540e-02	7.9690e-01	2.0148e-01	1.6253e-03	1.6734e-12	6.9540e-05	9.5278e-01	4.7132e-02	2.0321e-05	9.4312e-01	5.6817e-02	6.6436e-05	4.4461e-07	1.1755e-36	1.1755e-36	2.5610e-19	0.00e+00	0.00e+00	2.0301e+02
2.03631e+18	4.1874e+03	7.412e-20	5.9948e+02	5.2180e+01	5.9440e-09	9.3026e-01	6.9744e-02	8.0542e-01	1.9300e-01	1.5750e-03	1.6989e-12	6.8135e-05	9.5314e-01	4.6770e-02	2.0352e-05	9.4464e-01	5.5294e-02	6.6589e-05	4.3286e-07	1.1755e-36	1.1755e-36	2.6418e-19	0.00e+00	0.00e+00	2.0468e+02
2.03678e+18	4.0638e+03	7.134e-20	5.9948e+02	5.0716e+01	6.5056e-09	9.3202e-01	6.7980e-02	8.1367e-01	1.8480e-01	1.5244e-03	1.7173e-12	6.6829e-05	9.5349e-01	4.6422e-02	2.0386e-05	9.4613e-01	5.3799e-02	6.6790e-05	4.2137e-07	1.1755e-36	1.1755e-36	2.6860e-19	0.00e+00	0.00e+00	2.0635e+02
2.03726e+18	3.9414e+03	6.874e-20	5.9948e+02	4.9297e+01	7.0102e-09	9.3372e-01	6.6283e-02	8.2153e-01	1.7700e-01	1.4752e-03	1.7272e-12	6.5596e-05	9.5381e-01	4.6105e-02	2.0424e-05	9.4757e-01	5.2359e-02	6.7045e-05	4.1036e-07	1.1755e-36	1.1755e-36	2.6838e-19	0.00e+00	0.00e+00	2.0800e+02
###########################
1.22648e+14	1.2236e+04	2.690e-18	5.9948e+02	6.9955e+02	2.6172e-17	7.5152e-04	9.9925e-01	5.8809e-05	7.3073e-02	9.2687e-01	1.2377e-23	6.5500e-07	3.3002e-03	2.1922e-01	4.2262e-01	4.0921e-07	8.5526e-04	1.2193e-01	6.9044e-01	1.7605e-01	1.0437e-02	9.4074e-31	0.00e+00	0.00e+00	6.9760e-04
7.35889e+14	1.2219e+04	2.686e-18	5.9948e+02	6.9934e+02	2.4864e-17	7.5038e-04	9.9925e-01	5.8754e-05	7.3081e-02	9.2686e-01	1.1650e-23	5.5209e-07	3.2953e-03	2.1913e-01	4.2332e-01	4.0781e-07	8.5386e-04	1.2225e-01	6.9048e-01	1.7572e-01	1.0406e-02	8.3886e-31	0.00e+00	0.00e+00	3.4838e-03
3.18885e+15	1.2176e+04	2.678e-18	5.9948e+02	6.9929e+02	2.5273e-17	7.4833e-04	9.9925e-01	5.8889e-05	7.3358e-02	9.2658e-01	1.1729e-23	5.6436e-07	3.3085e-03	2.2062e-01	4.2480e-01	4.0603e-07	8.5301e-04	1.2363e-01	6.9054e-01	1.7441e-01	1.0283e-02	8.4774e-31	0.00e+00	0.00e+00	1.4598e-02
1.30007e+16	1.2062e+04	2.657e-18	5.9948e+02	6.9921e+02	2.5632e-17	7.4280e-04	9.9926e-01	5.9672e-05	7.4947e-02	9.2499e-01	1.1681e-23	5.7991e-07	3.3621e-03	2.2658e-01	4.2909e-01	4.0218e-07	8.5323e-04	1.2911e-01	6.9026e-01	1.6962e-01	9.8870e-03	8.2465e-31	0.00e+00	0.00e+00	5.8727e-02
3.10545e+16	1.1667e+04	2.582e-18	5.9948e+02	6.9918e+02	2.5601e-17	7.1365e-04	9.9929e-01	5.9269e-05	7.5567e-02	9.2437e-01	1.0147e-23	5.5109e-07	3.3974e-03	2.3406e-01	4.3760e-01	3.7241e-07	8.2770e-04	1.3733e-01	6.9102e-01	1.6123e-01	9.3444e-03	6.6220e-31	0.00e+00	0.00e+00	1.1384e-01
5.02803e+16	1.1313e+04	2.519e-18	5.9948e+02	6.9913e+02	2.5052e-17	6.8362e-04	9.9932e-01	5.9009e-05	7.6758e-02	9.2318e-01	8.5943e-24	5.2904e-07	3.4239e-03	2.4214e-01	4.4467e-01	3.4295e-07	8.0185e-04	1.4558e-01	6.9115e-01	1.5338e-01	8.8534e-03	5.1548e-31	0.00e+00	0.00e+00	1.6052e-01
6.79497e+16	1.1094e+04	2.483e-18	5.9948e+02	6.9901e+02	2.4552e-17	6.6369e-04	9.9934e-01	5.9808e-05	7.9136e-02	9.2080e-01	7.8147e-24	5.2621e-07	3.4756e-03	2.5096e-01	4.4956e-01	3.2915e-07	7.9699e-04	1.5405e-01	6.8986e-01	1.4665e-01	8.4091e-03	4.3917e-31	0.00e+00	0.00e+00	2.0396e-01
8.78399e+16	1.0944e+04	2.461e-18	5.9948e+02	6.9879e+02	2.4213e-17	6.5103e-04	9.9935e-01	6.2235e-05	8.3390e-02	9.1655e-01	7.6681e-24	5.4324e-07	3.5866e-03	2.6287e-01	4.5371e-01	3.3114e-07	8.1970e-04	1.6540e-01	6.8657e-01	1.3912e-01	7.8772e-03	4.0376e-31	0.00e+00	0.00e+00	2.5935e-01
1.13697e+17	1.0809e+04	2.441e-18	5.9948e+02	6.9844e+02	2.3598e-17	6.3729e-04	9.9936e-01	6.6372e-05	9.0275e-02	9.0966e-01	7.6900e-24	5.7404e-07	3.7493e-03	2.7951e-01	4.5773e-01	3.4062e-07	8.6324e-04	1.8211e-01	6.8015e-01	1.2948e-01	7.2049e-03	3.7350e-31	0.00e+00	0.00e+00	3.2984e-01
1.47311e+17	1.0691e+04	2.427e-18	5.9948e+02	6.9793e+02	2.2816e-17	6.2371e-04	9.9938e-01	7.3921e-05	1.0204e-01	8.9789e-01	8.1325e-24	6.3007e-07	4.0045e-03	3.0345e-01	4.6076e-01	3.6598e-07	9.4822e-04	2.0803e-01	6.6765e-01	1.1685e-01	6.3461e-03	3.5753e-31	0.00e+00	0.00e+00	4.1953e-01
1.91010e+17	1.0681e+04	2.414e-18	5.9948e+02	6.9676e+02	2.1142e-17	6.0842e-04	9.9939e-01	8.7567e-05	1.2302e-01	8.7689e-01	9.1554e-24	7.1884e-07	4.3671e-03	3.3664e-01	4.6152e-01	4.1805e-07	1.1060e-03	2.5030e-01	6.4276e-01	1.0042e-01	5.2702e-03	3.5892e-31	0.00e+00	0.00e+00	5.3327e-01
2.32813e+17	1.0745e+04	2.417e-18	5.9948e+02	6.9516e+02	1.8250e-17	5.8327e-04	9.9942e-01	1.0596e-04	1.5322e-01	8.4667e-01	9.5161e-24	8.0126e-07	4.6804e-03	3.7067e-01	4.5853e-01	4.6870e-07	1.2892e-03	3.0361e-01	6.0627e-01	8.4400e-02	4.3133e-03	3.3184e-31	0.00e+00	0.00e+00	6.0877e-01
2.61109e+17	1.0871e+04	2.431e-18	5.9948e+02	6.9365e+02	1.6269e-17	5.6852e-04	9.9943e-01	1.2526e-04	1.8427e-01	8.1560e-01	1.0206e-23	8.7009e-07	4.9251e-03	3.9584e-01	4.5482e-01	5.2540e-07	1.4749e-03	3.5203e-01	5.7020e-01	7.2565e-02	3.6353e-03	3.3189e-31	0.00e+00	0.00e+00	6.5693e-01
2.81831e+17	1.0976e+04	2.447e-18	5.9948e+02	6.9207e+02	1.5303e-17	5.6315e-04	9.9944e-01	1.4533e-04	2.1470e-01	7.8516e-01	1.1461e-23	9.3987e-07	5.1604e-03	4.1548e-01	4.5136e-01	5.9393e-07	1.6719e-03	3.9534e-01	5.3652e-01	6.3265e-02	3.1146e-03	3.5671e-31	0.00e+00	0.00e+00	6.9754e-01
3.00420e+17	1.1087e+04	2.461e-18	5.9948e+02	6.9045e+02	1.4549e-17	5.6026e-04	9.9944e-01	1.6865e-04	2.4880e-01	7.5103e-01	1.3052e-23	1.0111e-06	5.3972e-03	4.3309e-01	4.4800e-01	6.7595e-07	1.8974e-03	4.3986e-01	5.0081e-01	5.4708e-02	2.6485e-03	3.9193e-31	0.00e+00	0.00e+00	7.3596e-01
3.17995e+17	1.1170e+04	2.478e-18	5.9948e+02	6.8829e+02	1.4180e-17	5.6039e-04	9.9944e-01	1.9594e-04	2.8884e-01	7.1096e-01	1.4935e-23	1.0855e-06	5.6265e-03	4.4999e-01	4.4445e-01	7.6809e-07	2.1410e-03	4.8732e-01	4.6176e-01	4.6509e-02	2.2161e-03	4.3809e-31	0.00e+00	0.00e+00	7.7208e-01
3.34640e+17	1.1239e+04	2.492e-18	5.9948e+02	6.8592e+02	1.3958e-17	5.6194e-04	9.9944e-01	2.2793e-04	3.3501e-01	6.6476e-01	1.7108e-23	1.1598e-06	5.8538e-03	4.6571e-01	4.4101e-01	8.7342e-07	2.4118e-03	5.3680e-01	4.2011e-01	3.8802e-02	1.8217e-03	4.9245e-31	0.00e+00	0.00e+00	8.0665e-01
3.50478e+17	1.1294e+04	2.496e-18	5.9948e+02	6.8325e+02	1.3837e-17	5.6512e-04	9.9943e-01	2.6449e-04	3.8689e-01	6.1285e-01	1.9561e-23	1.2362e-06	6.0793e-03	4.8004e-01	4.3780e-01	9.9367e-07	2.7100e-03	5.8699e-01	3.7703e-01	3.1763e-02	1.4716e-03	5.5324e-31	0.00e+00	0.00e+00	8.3962e-01
3.65497e+17	1.1320e+04	2.490e-18	5.9948e+02	6.8018e+02	1.3970e-17	5.7002e-04	9.9943e-01	3.0445e-04	4.4301e-01	5.5669e-01	2.2290e-23	1.3090e-06	6.2928e-03	4.9291e-01	4.3485e-01	1.1231e-06	3.0186e-03	6.3597e-01	3.3425e-01	2.5559e-02	1.1714e-03	6.2448e-31	0.00e+00	0.00e+00	8.7116e-01
3.80088e+17	1.1303e+04	2.474e-18	5.9948e+02	6.7727e+02	1.4440e-17	5.7803e-04	9.9942e-01	3.4890e-04	5.0292e-01	4.9673e-01	2.5525e-23	1.3862e-06	6.5133e-03	5.0504e-01	4.3174e-01	1.2665e-06	3.3404e-03	6.8344e-01	2.9216e-01	2.0118e-02	9.1387e-04	7.1179e-31	0.00e+00	0.00e+00	9.0301e-01
3.96833e+17	1.1229e+04	2.433e-18	5.9948e+02	6.7365e+02	1.5515e-17	5.9172e-04	9.9941e-01	4.0475e-04	5.7446e-01	4.2514e-01	3.0383e-23	1.4848e-06	6.7916e-03	5.1824e-01	4.2786e-01	1.4594e-06	3.7400e-03	7.3522e-01	2.4555e-01	1.4798e-02	6.6764e-04	8.4679e-31	0.00e+00	0.00e+00	9.4540e-01
4.14630e+17	1.1107e+04	2.372e-18	5.9948e+02	6.6983e+02	1.6909e-17	6.0695e-04	9.9939e-01	4.6355e-04	6.4846e-01	3.5108e-01	3.5374e-23	1.5799e-06	7.0549e-03	5.3058e-01	4.2367e-01	1.6582e-06	4.1289e-03	7.8353e-01	2.0136e-01	1.0493e-02	4.7358e-04	9.8528e-31	0.00e+00	0.00e+00	9.8368e-01
4.30734e+17	1.0954e+04	2.301e-18	5.9948e+02	6.6658e+02	1.8663e-17	6.2365e-04	9.9938e-01	5.1522e-04	7.0965e-01	2.8984e-01	4.0591e-23	1.6698e-06	7.3016e-03	5.4090e-01	4.1946e-01	1.8482e-06	4.4694e-03	8.2089e-01	1.6670e-01	7.5795e-03	3.4433e-04	1.1290e-30	0.00e+00	0.00e+00	1.0204e+00
4.48610e+17	1.0754e+04	2.214e-18	5.9948e+02	6.6354e+02	2.1280e-17	6.4596e-04	9.9935e-01	5.6916e-04	7.6785e-01	2.3158e-01	4.7639e-23	1.7788e-06	7.5937e-03	5.5163e-01	4.1415e-01	2.0728e-06	4.8305e-03	8.5498e-01	1.3468e-01	5.2641e-03	2.4233e-04	1.3230e-30	0.00e+00	0.00e+00	1.0698e+00
4.71849e+17	1.0494e+04	2.106e-18	5.9948e+02	6.6052e+02	2.5317e-17	6.7608e-04	9.9932e-01	6.2889e-04	8.2639e-01	1.7298e-01	5.7481e-23	1.9166e-06	7.9530e-03	5.6382e-01	4.0702e-01	2.3530e-06	5.2318e-03	8.8811e-01	1.0311e-01	3.3804e-03	1.5924e-04	1.5944e-30	0.00e+00	0.00e+00	1.1370e+00
4.96442e+17	1.0255e+04	2.009e-18	5.9948e+02	6.5818e+02	2.9698e-17	7.0550e-04	9.9929e-01	6.7749e-04	8.7005e-01	1.2927e-01	6.6964e-23	2.0433e-06	8.2733e-03	5.7430e-01	4.0006e-01	2.6112e-06	5.5612e-03	9.1232e-01	7.9745e-02	2.2639e-03	1.0902e-04	1.8511e-30	0.00e+00	0.00e+00	1.1982e+00
5.22652e+17	1.0036e+04	1.923e-18	5.9948e+02	6.5642e+02	3.5091e-17	7.3908e-04	9.9926e-01	7.2076e-04	9.0288e-01	9.6395e-02	7.8920e-23	2.1839e-06	8.6121e-03	5.8411e-01	3.9279e-01	2.8933e-06	5.8738e-03	9.3075e-01	6.1723e-02	1.5729e-03	7.6339e-05	2.1833e-30	0.00e+00	0.00e+00	1.2807e+00
5.56581e+17	9.8242e+03	1.841e-18	5.9948e+02	6.5491e+02	4.2370e-17	7.8136e-04	9.9922e-01	7.6369e-04	9.3062e-01	6.8616e-02	9.5275e-23	2.3530e-06	8.9975e-03	5.9445e-01	3.8451e-01	3.2364e-06	6.1998e-03	9.4659e-01	4.6050e-02	1.1038e-03	5.2193e-05	2.6635e-30	0.00e+00	0.00e+00	1.3941e+00
6.00688e+17	9.6441e+03	1.771e-18	5.9948e+02	6.5376e+02	5.1772e-17	8.3563e-04	9.9916e-01	8.0586e-04	9.5238e-01	4.6811e-02	1.1762e-22	2.5577e-06	9.4314e-03	6.0514e-01	3.7535e-01	3.6650e-06	6.5365e-03	9.5939e-01	3.3218e-02	8.1530e-04	3.5119e-05	3.3507e-30	0.00e+00	0.00e+00	1.5518e+00
6.56900e+17	9.5241e+03	1.723e-18	5.9948e+02	6.5293e+02	6.3834e-17	9.0608e-04	9.9909e-01	8.4603e-04	9.6802e-01	3.1137e-02	1.4961e-22	2.8044e-06	9.9099e-03	6.1583e-01	3.6567e-01	4.2154e-06	6.8832e-03	9.6893e-01	2.3498e-02	6.5547e-04	2.3574e-05	4.4260e-30	0.00e+00	0.00e+00	1.7663e+00
7.22590e+17	9.4830e+03	1.703e-18	5.9948e+02	6.5232e+02	7.8397e-17	9.9444e-04	9.9901e-01	8.8342e-04	9.7804e-01	2.1078e-02	1.9445e-22	3.0865e-06	1.0408e-02	6.2588e-01	3.5619e-01	4.9115e-06	7.2318e-03	9.7527e-01	1.6905e-02	5.7581e-04	1.6291e-05	6.1011e-30	0.00e+00	0.00e+00	2.0253e+00
7.94849e+17	9.5179e+03	1.708e-18	5.9948e+02	6.5192e+02	9.6430e-17	1.1056e-03	9.9889e-01	9.2035e-04	9.8429e-01	1.4788e-02	2.6188e-22	3.4176e-06	1.0947e-02	6.3550e-01	3.4680e-01	5.8251e-06	7.6065e-03	9.7931e-01	1.2527e-02	5.3543e-04	1.1638e-05	8.9116e-30	0.00e+00	0.00e+00	2.3420e+00
8.74334e+17	9.6213e+03	1.736e-18	5.9948e+02	6.5162e+02	1.1983e-16	1.2510e-03	9.9875e-01	9.6145e-04	9.8835e-01	1.0686e-02	3.7050e-22	3.8228e-06	1.1571e-02	6.4542e-01	3.3686e-01	7.1046e-06	8.0478e-03	9.8193e-01	9.4970e-03	5.1309e-04	8.4815e-06	1.3931e-29	0.00e+00	0.00e+00	2.7362e+00
9.61767e+17	9.7866e+03	1.787e-18	5.9948e+02	6.5135e+02	1.5324e-16	1.4485e-03	9.9855e-01	1.0101e-03	9.9107e-01	7.9154e-03	5.6505e-22	4.3438e-06	1.2349e-02	6.5652e-01	3.2553e-01	9.0271e-06	8.6183e-03	9.8356e-01	7.3088e-03	4.9960e-04	6.2319e-06	2.4013e-29	0.00e+00	0.00e+00	3.2383e+00
1.05108e+18	1.0006e+04	1.858e-18	5.9948e+02	6.5111e+02	1.9969e-16	1.7073e-03	9.9829e-01	1.0651e-03	9.9281e-01	6.1260e-03	9.1454e-22	4.9821e-06	1.3283e-02	6.6857e-01	3.1302e-01	1.1894e-05	9.3564e-03	9.8434e-01	5.7977e-03	4.9167e-04	4.6827e-06	4.4536e-29	0.00e+00	0.00e+00	3.8005e+00
1.13111e+18	1.0242e+04	1.938e-18	5.9948e+02	6.5085e+02	2.5715e-16	2.0082e-03	9.9799e-01	1.1286e-03	9.9383e-01	5.0448e-03	1.4884e-21	5.6840e-06	1.4311e-02	6.8062e-01	3.0033e-01	1.5769e-05	1.0229e-02	9.8446e-01	4.8086e-03	4.8722e-04	3.6695e-06	8.2333e-29	0.00e+00	0.00e+00	4.3556e+00
1.19870e+18	1.0451e+04	2.015e-18	5.9948e+02	6.5063e+02	3.2629e-16	2.3306e-03	9.9767e-01	1.1923e-03	9.9444e-01	4.3635e-03	2.3727e-21	6.4228e-06	1.5407e-02	6.9250e-01	2.8771e-01	2.0633e-05	1.1201e-02	9.8416e-01	4.1297e-03	4.8403e-04	2.9822e-06	1.4637e-28	0.00e+00	0.00e+00	4.9038e+00
1.25883e+18	1.0642e+04	2.088e-18	5.9948e+02	6.5039e+02	4.1058e-16	2.6819e-03	9.9732e-01	1.2629e-03	9.9486e-01	3.8737e-03	3.7542e-21	7.2228e-06	1.6608e-02	7.0455e-01	2.7477e-01	2.6833e-05	1.2305e-02	9.8358e-01	3.5997e-03	4.8128e-04	2.4631e-06	2.5496e-28	0.00e+00	0.00e+00	5.4933e+00
1.31677e+18	1.0827e+04	2.163e-18	5.9948e+02	6.5012e+02	5.2068e-16	3.0941e-03	9.9691e-01	1.3456e-03	9.9518e-01	3.4759e-03	6.0836e-21	8.1590e-06	1.8023e-02	7.1764e-01	2.6058e-01	3.5385e-05	1.3660e-02	9.8268e-01	3.1414e-03	4.7843e-04	2.0311e-06	4.5143e-28	0.00e+00	0.00e+00	6.1702e+00
1.36023e+18	1.0975e+04	2.227e-18	5.9948e+02	6.4988e+02	6.3380e-16	3.4809e-03	9.9652e-01	1.4194e-03	9.9534e-01	3.2440e-03	9.0790e-21	8.9988e-06	1.9299e-02	7.2823e-01	2.4895e-01	4.4734e-05	1.4994e-02	9.8162e-01	2.8650e-03	4.7666e-04	1.7599e-06	7.2365e-28	0.00e+00	0.00e+00	6.5534e+00
1.38369e+18	1.1071e+04	2.259e-18	5.9948e+02	6.4969e+02	7.0062e-16	3.7121e-03	9.9629e-01	1.4682e-03	9.9538e-01	3.1501e-03	1.1344e-20	9.5072e-06	2.0079e-02	7.3421e-01	2.4233e-01	5.1060e-05	1.5834e-02	9.8091e-01	2.7268e-03	4.7591e-04	1.6275e-06	9.3491e-28	0.00e+00	0.00e+00	6.8040e+00
1.40420e+18	1.1120e+04	2.290e-18	5.9948e+02	6.4955e+02	7.7901e-16	3.9343e-03	9.9607e-01	1.5136e-03	9.9544e-01	3.0502e-03	1.4007e-20	1.0020e-05	2.0862e-02	7.4017e-01	2.3570e-01	5.7506e-05	1.6635e-02	9.8025e-01	2.5796e-03	4.7424e-04	1.5029e-06	1.1881e-27	0.00e+00	0.00e+00	7.1492e+00
1.43087e+18	1.1200e+04	2.327e-18	5.9948e+02	6.4936e+02	8.9036e-16	4.2441e-03	9.9576e-01	1.5754e-03	9.9551e-01	2.9172e-03	1.8500e-20	1.0731e-05	2.1948e-02	7.4799e-01	2.2695e-01	6.7337e-05	1.7785e-02	9.7928e-01	2.3969e-03	4.7229e-04	1.3533e-06	1.6286e-27	0.00e+00	0.00e+00	7.6334e+00
1.46034e+18	1.1295e+04	2.371e-18	5.9948e+02	6.4915e+02	1.0382e-15	4.6318e-03	9.9537e-01	1.6510e-03	9.9557e-01	2.7804e-03	2.5570e-20	1.1604e-05	2.3281e-02	7.5683e-01	2.1695e-01	8.1030e-05	1.9277e-02	9.7796e-01	2.2144e-03	4.7020e-04	1.2040e-06	2.3508e-27	0.00e+00	0.00e+00	8.1381e+00
1.48631e+18	1.1359e+04	2.414e-18	5.9948e+02	6.4895e+02	1.2084e-15	5.0292e-03	9.9497e-01	1.7289e-03	9.9560e-01	2.6713e-03	3.4783e-20	1.2492e-05	2.4642e-02	7.6513e-01	2.0745e-01	9.6644e-05	2.0853e-02	9.7652e-01	2.0628e-03	4.6779e-04	1.0809e-06	3.3208e-27	0.00e+00	0.00e+00	8.5785e+00
1.50780e+18	1.1431e+04	2.448e-18	5.9948e+02	6.4872e+02	1.3645e-15	5.3911e-03	9.9461e-01	1.7997e-03	9.9561e-01	2.5930e-03	4.5208e-20	1.3305e-05	2.5882e-02	7.7211e-01	1.9936e-01	1.1248e-04	2.2344e-02	9.7513e-01	1.9415e-03	4.6601e-04	9.8622e-07	4.4446e-27	0.00e+00	0.00e+00	8.9835e+00
1.52648e+18	1.1491e+04	2.478e-18	5.9948e+02	6.4850e+02	1.5230e-15	5.7368e-03	9.9426e-01	1.8677e-03	9.9560e-01	2.5276e-03	5.7302e-20	1.4079e-05	2.7067e-02	7.7834e-01	1.9206e-01	1.2899e-04	2.3807e-02	9.7376e-01	1.8380e-03	4.6429e-04	9.0799e-07	5.7764e-27	0.00e+00	0.00e+00	9.3636e+00
1.54386e+18	1.1542e+04	2.507e-18	5.9948e+02	6.4823e+02	1.6948e-15	6.0915e-03	9.9391e-01	1.9385e-03	9.9559e-01	2.4666e-03	7.2075e-20	1.4877e-05	2.8285e-02	7.8433e-01	1.8495e-01	1.4734e-04	2.5335e-02	9.7231e-01	1.7408e-03	4.6242e-04	8.3741e-07	7.4187e-27	0.00e+00	0.00e+00	9.7612e+00
1.56370e+18	1.1591e+04	2.541e-18	5.9948e+02	6.4801e+02	1.9328e-15	6.5295e-03	9.9347e-01	2.0252e-03	9.9558e-01	2.3940e-03	9.4822e-20	1.5875e-05	2.9798e-02	7.9136e-01	1.7653e-01	1.7201e-04	2.7261e-02	9.7048e-01	1.6279e-03	4.5985e-04	7.6001e-07	1.0035e-26	0.00e+00	0.00e+00	1.0315e+01
1.58457e+18	1.1672e+04	2.576e-18	5.9948e+02	6.4762e+02	2.2031e-15	7.0467e-03	9.9295e-01	2.1258e-03	9.9555e-01	2.3234e-03	1.2751e-19	1.7015e-05	3.1543e-02	7.9864e-01	1.6764e-01	2.0461e-04	2.9651e-02	9.6817e-01	1.5195e-03	4.5758e-04	6.8579e-07	1.3846e-26	0.00e+00	0.00e+00	1.0830e+01
1.60149e+18	1.1710e+04	2.610e-18	5.9948e+02	6.4729e+02	2.4954e-15	7.5305e-03	9.9247e-01	2.2213e-03	9.9551e-01	2.2697e-03	1.6555e-19	1.8079e-05	3.3165e-02	8.0477e-01	1.5999e-01	2.3799e-04	3.1926e-02	9.6595e-01	1.4337e-03	4.5497e-04	6.2751e-07	1.8381e-26	0.00e+00	0.00e+00	1.1244e+01
1.61524e+18	1.1747e+04	2.636e-18	5.9948e+02	6.4704e+02	2.7613e-15	7.9528e-03	9.9205e-01	2.3033e-03	9.9547e-01	2.2303e-03	2.0581e-19	1.9018e-05	3.4591e-02	8.0975e-01	1.5367e-01	2.6983e-04	3.3974e-02	9.6394e-01	1.3644e-03	4.5277e-04	5.8265e-07	2.3268e-26	0.00e+00	0.00e+00	1.1635e+01
1.63019e+18	1.1782e+04	2.665e-18	5.9948e+02	6.4676e+02	3.0945e-15	8.4439e-03	9.9156e-01	2.3994e-03	9.9542e-01	2.1842e-03	2.6233e-19	2.0120e-05	3.6263e-02	8.1522e-01	1.4662e-01	3.0981e-04	3.6394e-02	9.6156e-01	1.2867e-03	4.5005e-04	5.3547e-07	3.0234e-26	0.00e+00	0.00e+00	1.2175e+01
1.64688e+18	1.1830e+04	2.697e-18	5.9948e+02	6.4634e+02	3.5203e-15	9.0538e-03	9.9095e-01	2.5186e-03	9.9535e-01	2.1326e-03	3.4755e-19	2.1461e-05	3.8302e-02	8.2120e-01	1.3871e-01	3.6459e-04	3.9517e-02	9.5847e-01	1.2048e-03	4.4695e-04	4.8618e-07	4.0907e-26	0.00e+00	0.00e+00	1.2740e+01
1.66184e+18	1.1853e+04	2.732e-18	5.9948e+02	6.4609e+02	4.0172e-15	9.6794e-03	9.9032e-01	2.6385e-03	9.9527e-01	2.0877e-03	4.5669e-19	2.2839e-05	4.0370e-02	8.2658e-01	1.3136e-01	4.2615e-04	4.2788e-02	9.5521e-01	1.1330e-03	4.4341e-04	4.4344e-07	5.4966e-26	0.00e+00	0.00e+00	1.3232e+01
1.67439e+18	1.1899e+04	2.756e-18	5.9948e+02	6.4561e+02	4.4404e-15	1.0240e-02	9.8976e-01	2.7473e-03	9.9520e-01	2.0559e-03	5.7376e-19	2.4051e-05	4.2228e-02	8.3092e-01	1.2523e-01	4.8736e-04	4.5867e-02	9.5213e-01	1.0748e-03	4.4078e-04	4.1032e-07	7.0007e-26	0.00e+00	0.00e+00	1.3684e+01
1.68781e+18	1.1921e+04	2.785e-18	5.9948e+02	6.4526e+02	5.0090e-15	1.0891e-02	9.8911e-01	2.8746e-03	9.9511e-01	2.0175e-03	7.4076e-19	2.5495e-05	4.4407e-02	8.3557e-01	1.1849e-01	5.6378e-04	4.9459e-02	9.4853e-01	1.0107e-03	4.3715e-04	3.7573e-07	9.1931e-26	0.00e+00	0.00e+00	1.4309e+01
1.70244e+18	1.1947e+04	2.819e-18	5.9948e+02	6.4490e+02	5.7580e-15	1.1692e-02	9.8831e-01	3.0290e-03	9.9500e-01	1.9751e-03	9.9493e-19	2.7249e-05	4.7030e-02	8.4041e-01	1.1111e-01	6.6762e-04	5.4036e-02	9.4392e-01	9.4395e-04	4.3275e-04	3.4000e-07	1.2609e-25	0.00e+00	0.00e+00	1.4933e+01
1.71510e+18	1.1976e+04	2.849e-18	5.9948e+02	6.4444e+02	6.5095e-15	1.2469e-02	9.8753e-01	3.1781e-03	9.9488e-01	1.9420e-03	1.2988e-18	2.8916e-05	4.9551e-02	8.4440e-01	1.0468e-01	7.7940e-04	5.8649e-02	9.3925e-01	8.8801e-04	4.2870e-04	3.1075e-07	1.6735e-25	0.00e+00	0.00e+00	1.5462e+01
1.72562e+18	1.1999e+04	2.873e-18	5.9948e+02	6.4398e+02	7.2240e-15	1.3167e-02	9.8683e-01	3.3142e-03	9.9477e-01	1.9163e-03	1.6308e-18	3.0420e-05	5.1832e-02	8.4753e-01	9.9320e-02	8.8944e-04	6.2929e-02	9.3491e-01	8.4236e-04	4.2503e-04	2.8772e-07	2.1285e-25	0.00e+00	0.00e+00	1.5953e+01
1.73695e+18	1.2011e+04	2.899e-18	5.9948e+02	6.4341e+02	8.1198e-15	1.3976e-02	9.8602e-01	3.4742e-03	9.9464e-01	1.8855e-03	2.0921e-18	3.2158e-05	5.4487e-02	8.5076e-01	9.3506e-02	1.0268e-03	6.7934e-02	9.2983e-01	7.9262e-04	4.2060e-04	2.6392e-07	2.7623e-25	0.00e+00	0.00e+00	1.6630e+01
1.74949e+18	1.2024e+04	2.931e-18	5.9948e+02	6.4292e+02	9.3367e-15	1.4982e-02	9.8502e-01	3.6709e-03	9.9448e-01	1.8510e-03	2.8091e-18	3.4338e-05	5.7733e-02	8.5399e-01	8.7096e-02	1.2156e-03	7.4384e-02	9.2325e-01	7.3948e-04	4.1504e-04	2.3875e-07	3.7763e-25	0.00e+00	0.00e+00	1.7327e+01
1.76064e+18	1.2052e+04	2.957e-18	5.9948e+02	6.4206e+02	1.0538e-14	1.5979e-02	9.8402e-01	3.8662e-03	9.9431e-01	1.8230e-03	3.6775e-18	3.6395e-05	6.0908e-02	8.5654e-01	8.1444e-02	1.4239e-03	8.1059e-02	9.1641e-01	6.9380e-04	4.0997e-04	2.1774e-07	5.0045e-25	0.00e+00	0.00e+00	1.7931e+01
1.77000e+18	1.2053e+04	2.982e-18	5.9948e+02	6.4156e+02	1.1820e-14	1.6910e-02	9.8309e-01	4.0492e-03	9.9415e-01	1.7992e-03	4.6767e-18	3.8372e-05	6.3889e-02	8.5841e-01	7.6644e-02	1.6350e-03	8.7374e-02	9.0993e-01	6.5554e-04	4.0478e-04	2.0052e-07	6.4418e-25	0.00e+00	0.00e+00	1.8490e+01
1.78005e+18	1.2050e+04	3.007e-18	5.9948e+02	6.4106e+02	1.3389e-14	1.7961e-02	9.8204e-01	4.2614e-03	9.9397e-01	1.7725e-03	6.0631e-18	4.0666e-05	6.7305e-02	8.6011e-01	7.1578e-02	1.8947e-03	9.4673e-02	9.0242e-01	6.1526e-04	3.9881e-04	1.8329e-07	8.4592e-25	0.00e+00	0.00e+00	1.9262e+01
1.79121e+18	1.2070e+04	3.034e-18	5.9948e+02	6.4010e+02	1.5349e-14	1.9277e-02	9.8072e-01	4.5202e-03	9.9374e-01	1.7443e-03	8.1805e-18	4.3368e-05	7.1458e-02	8.6155e-01	6.6045e-02	2.2555e-03	1.0417e-01	8.9261e-01	5.7176e-04	3.9185e-04	1.6511e-07	1.1559e-24	0.00e+00	0.00e+00	2.0062e+01
1.80112e+18	1.2060e+04	3.063e-18	5.9948e+02	6.3935e+02	1.7676e-14	2.0637e-02	9.7936e-01	4.7888e-03	9.9349e-01	1.7173e-03	1.0933e-17	4.6174e-05	7.5692e-02	8.6235e-01	6.1073e-02	2.6645e-03	1.1411e-01	8.8230e-01	5.3311e-04	3.8430e-04	1.4915e-07	1.5662e-24	0.00e+00	0.00e+00	2.0754e+01
1.80945e+18	1.2053e+04	3.086e-18	5.9948e+02	6.3870e+02	1.9934e-14	2.1869e-02	9.7813e-01	5.0381e-03	9.9327e-01	1.6962e-03	1.4033e-17	4.8772e-05	7.9575e-02	8.6258e-01	5.6996e-02	3.0729e-03	1.2343e-01	8.7262e-01	5.0179e-04	3.7745e-04	1.3665e-07	2.0336e-24	0.00e+00	0.00e+00	2.1399e+01
1.81841e+18	1.2047e+04	3.107e-18	5.9948e+02	6.3791e+02	2.2661e-14	2.3274e-02	9.7673e-01	5.3268e-03	9.9300e-01	1.6729e-03	1.8356e-17	5.1729e-05	8.4041e-02	8.6245e-01	5.2712e-02	3.5808e-03	1.3426e-01	8.6132e-01	4.6885e-04	3.6967e-04	1.2412e-07	2.6873e-24	0.00e+00	0.00e+00	2.2291e+01
1.82845e+18	1.2033e+04	3.135e-18	5.9948e+02	6.3695e+02	2.6514e-14	2.5103e-02	9.7490e-01	5.6951e-03	9.9266e-01	1.6453e-03	2.5362e-17	5.5461e-05	8.9667e-02	8.6163e-01	4.7955e-02	4.3071e-03	1.4857e-01	8.4633e-01	4.3208e-04	3.5964e-04	1.1035e-07	3.7653e-24	0.00e+00	0.00e+00	2.3237e+01
1.83754e+18	1.2020e+04	3.161e-18	5.9948e+02	6.3583e+02	3.0837e-14	2.7004e-02	9.7300e-01	6.0779e-03	9.9230e-01	1.6211e-03	3.4605e-17	5.9253e-05	9.5431e-02	8.6015e-01	4.3716e-02	5.1460e-03	1.6381e-01	8.3030e-01	3.9930e-04	3.4938e-04	1.1755e-36	5.2039e-24	0.00e+00	0.00e+00	2.4076e+01
1.84529e+18	1.2006e+04	3.181e-18	5.9948e+02	6.3467e+02	3.5231e-14	2.8788e-02	9.7121e-01	6.4445e-03	9.9195e-01	1.6011e-03	4.5465e-17	6.2803e-05	1.0087e-01	8.5826e-01	4.0201e-02	6.0136e-03	1.7842e-01	8.1486e-01	3.7215e-04	3.3984e-04	1.1755e-36	6.9059e-24	0.00e+00	0.00e+00	2.4870e+01
1.85366e+18	1.1985e+04	3.200e-18	5.9948e+02	6.3345e+02	4.0782e-14	3.0855e-02	9.6914e-01	6.8786e-03	9.9154e-01	1.5783e-03	6.1194e-17	6.6967e-05	1.0721e-01	8.5563e-01	3.6534e-02	7.1117e-03	1.9551e-01	7.9670e-01	3.4383e-04	3.2878e-04	1.1755e-36	9.3909e-24	0.00e+00	0.00e+00	2.5975e+01
1.86455e+18	1.1949e+04	3.228e-18	5.9948e+02	6.3142e+02	5.0019e-14	3.3981e-02	9.6602e-01	7.5215e-03	9.9093e-01	1.5469e-03	9.1877e-17	7.2924e-05	1.1645e-01	8.5105e-01	3.1915e-02	8.9476e-03	2.2128e-01	7.6915e-01	3.0753e-04	3.1259e-04	1.1755e-36	1.4306e-23	0.00e+00	0.00e+00	2.7558e+01
1.87529e+18	1.1909e+04	3.264e-18	5.9948e+02	6.2906e+02	6.3257e-14	3.7955e-02	9.6204e-01	8.3116e-03	9.9017e-01	1.5155e-03	1.4517e-16	8.0098e-05	1.2752e-01	8.4453e-01	2.7418e-02	1.1584e-02	2.5381e-01	7.3404e-01	2.7080e-04	2.9284e-04	1.1755e-36	2.3111e-23	0.00e+00	0.00e+00	2.8875e+01
1.88298e+18	1.1869e+04	3.286e-18	5.9948e+02	6.2726e+02	7.5913e-14	4.1289e-02	9.5871e-01	9.0040e-03	9.8950e-01	1.4938e-03	2.0601e-16	8.6287e-05	1.3693e-01	8.3824e-01	2.4323e-02	1.4074e-02	2.8121e-01	7.0420e-01	2.4535e-04	2.7662e-04	1.1755e-36	3.3312e-23	0.00e+00	0.00e+00	2.9848e+01
1.88899e+18	1.1846e+04	3.291e-18	5.9948e+02	6.2492e+02	8.6935e-14	4.4033e-02	9.5597e-01	9.5915e-03	9.8893e-01	1.4779e-03	2.6857e-16	9.1109e-05	1.4479e-01	8.3266e-01	2.2075e-02	1.6326e-02	3.0394e-01	6.7924e-01	2.2690e-04	2.6383e-04	1.1755e-36	4.3735e-23	0.00e+00	0.00e+00	3.0813e+01
1.89565e+18	1.1796e+04	3.304e-18	5.9948e+02	6.2300e+02	1.0252e-13	4.7436e-02	9.5256e-01	1.0326e-02	9.8822e-01	1.4575e-03	3.6457e-16	9.7280e-05	1.5438e-01	8.2550e-01	1.9664e-02	1.9285e-02	3.3085e-01	6.4941e-01	2.0689e-04	2.4839e-04	1.1755e-36	6.0029e-23	0.00e+00	0.00e+00	3.2165e+01
1.90431e+18	1.1741e+04	3.318e-18	5.9948e+02	6.1981e+02	1.2839e-13	5.2606e-02	9.4739e-01	1.1415e-02	9.8715e-01	1.4321e-03	5.5189e-16	1.0604e-04	1.6825e-01	8.1462e-01	1.6701e-02	2.4162e-02	3.6999e-01	6.0544e-01	1.8151e-04	2.2658e-04	1.1755e-36	9.2529e-23	0.00e+00	0.00e+00	3.4113e+01
1.91308e+18	1.1689e+04	3.337e-18	5.9948e+02	6.1536e+02	1.6708e-13	5.9463e-02	9.4054e-01	1.2800e-02	9.8579e-01	1.4064e-03	8.8619e-16	1.1656e-04	1.8523e-01	8.0056e-01	1.3817e-02	3.1224e-02	4.1784e-01	5.5058e-01	1.5519e-04	2.0059e-04	1.1755e-36	1.5266e-22	0.00e+00	0.00e+00	3.5855e+01
1.91935e+18	1.1622e+04	3.350e-18	5.9948e+02	6.1205e+02	2.0785e-13	6.5625e-02	9.3437e-01	1.4073e-02	9.8454e-01	1.3869e-03	1.2882e-15	1.2586e-04	2.0021e-01	7.8758e-01	1.1837e-02	3.8062e-02	4.5679e-01	5.0483e-01	1.3653e-04	1.7949e-04	1.1755e-36	2.2659e-22	0.00e+00	0.00e+00	3.7049e+01
1.92368e+18	1.1586e+04	3.344e-18	5.9948e+02	6.0909e+02	2.4023e-13	7.0096e-02	9.2990e-01	1.5054e-02	9.8357e-01	1.3761e-03	1.6551e-15	1.3267e-04	2.1139e-01	7.7765e-01	1.0599e-02	4.3370e-02	4.8376e-01	4.7258e-01	1.2499e-04	1.6529e-04	1.1755e-36	2.9459e-22	0.00e+00	0.00e+00	3.8073e+01
1.92812e+18	1.1525e+04	3.341e-18	5.9948e+02	6.0610e+02	2.8133e-13	7.5112e-02	9.2489e-01	1.6161e-02	9.8248e-01	1.3622e-03	2.1411e-15	1.4015e-04	2.2362e-01	7.6663e-01	9.3991e-03	4.9466e-02	5.1090e-01	4.3937e-01	1.1381e-04	1.5082e-04	1.1755e-36	3.8564e-22	0.00e+00	0.00e+00	3.9498e+01
1.93389e+18	1.1458e+04	3.341e-18	5.9948e+02	6.0262e+02	3.4993e-13	8.2849e-02	9.1715e-01	1.7812e-02	9.8084e-01	1.3437e-03	3.0519e-15	1.5095e-04	2.4126e-01	7.5048e-01	7.9223e-03	5.9130e-02	5.4735e-01	3.9329e-01	9.9517e-05	1.3118e-04	1.1755e-36	5.6250e-22	0.00e+00	0.00e+00	4.1543e+01
1.93981e+18	1.1390e+04	3.335e-18	5.9948e+02	5.9599e+02	4.5116e-13	9.2937e-02	9.0706e-01	1.9859e-02	9.7881e-01	1.3302e-03	4.5327e-15	1.6292e-04	2.6210e-01	7.3107e-01	6.5092e-03	7.2129e-02	5.8673e-01	3.4095e-01	8.4931e-05	1.1001e-04	1.1755e-36	8.6126e-22	0.00e+00	0.00e+00	4.3417e+01
1.94436e+18	1.1333e+04	3.317e-18	5.9948e+02	5.8956e+02	5.5581e-13	1.0206e-01	8.9794e-01	2.1769e-02	9.7691e-01	1.3213e-03	6.2151e-15	1.7318e-04	2.8054e-01	7.1362e-01	5.5178e-03	8.4235e-02	6.1608e-01	2.9951e-01	7.4501e-05	9.3945e-05	1.1755e-36	1.2093e-21	0.00e+00	0.00e+00	4.4872e+01
1.94791e+18	1.1277e+04	3.299e-18	5.9948e+02	5.8537e+02	6.5902e-13	1.1006e-01	8.8994e-01	2.3524e-02	9.7516e-01	1.3127e-03	7.9984e-15	1.8239e-04	2.9672e-01	6.9816e-01	4.8027e-03	9.4953e-02	6.3705e-01	2.6785e-01	6.6982e-05	8.1891e-05	1.1755e-36	1.5861e-21	0.00e+00	0.00e+00	4.6262e+01
1.95175e+18	1.1200e+04	3.276e-18	5.9948e+02	5.8016e+02	7.9871e-13	1.1956e-01	8.8044e-01	2.5627e-02	9.7307e-01	1.3033e-03	1.0488e-14	1.9276e-04	3.1523e-01	6.8036e-01	4.0971e-03	1.0772e-01	6.5680e-01	2.3535e-01	5.9574e-05	6.9884e-05	1.1755e-36	2.1238e-21	0.00e+00	0.00e+00	4.8225e+01
1.95674e+18	1.1122e+04	3.234e-18	5.9948e+02	5.7117e+02	1.0330e-12	1.3399e-01	8.6601e-01	2.8720e-02	9.6998e-01	1.2973e-03	1.4996e-14	2.0611e-04	3.4097e-01	6.5544e-01	3.2800e-03	1.2708e-01	6.7837e-01	1.9444e-01	5.0645e-05	5.5415e-05	1.1755e-36	3.1373e-21	0.00e+00	0.00e+00	5.1085e+01
1.96163e+18	1.1036e+04	3.184e-18	5.9948e+02	5.5899e+02	1.3892e-12	1.5272e-01	8.4728e-01	3.2569e-02	9.6613e-01	1.2972e-03	2.2186e-14	2.2044e-04	3.7059e-01	6.2655e-01	2.5573e-03	1.5188e-01	6.9415e-01	1.5388e-01	4.2033e-05	4.1740e-05	1.1755e-36	4.8519e-21	0.00e+00	0.00e+00	5.3487e+01
1.96505e+18	1.0970e+04	3.125e-18	5.9948e+02	5.4933e+02	1.7221e-12	1.6777e-01	8.3223e-01	3.5925e-02	9.6278e-01	1.2990e-03	2.9301e-14	2.3137e-04	3.9443e-01	6.0315e-01	2.1162e-03	1.7170e-01	7.0038e-01	1.2784e-01	3.6708e-05	3.3386e-05	1.1755e-36	6.5935e-21	0.00e+00	0.00e+00	5.5190e+01
1.96763e+18	1.0903e+04	3.071e-18	5.9948e+02	5.4205e+02	2.0274e-12	1.7973e-01	8.2027e-01	3.8816e-02	9.5988e-01	1.2994e-03	3.5913e-14	2.4017e-04	4.1366e-01	5.8421e-01	1.8238e-03	1.8731e-01	7.0201e-01	1.1062e-01	3.3220e-05	2.8054e-05	1.1755e-36	8.2309e-21	0.00e+00	0.00e+00	5.6870e+01
1.97047e+18	1.0813e+04	3.015e-18	5.9948e+02	5.3462e+02	2.4562e-12	1.9457e-01	8.0543e-01	4.2429e-02	9.5627e-01	1.2976e-03	4.5265e-14	2.5069e-04	4.3619e-01	5.6197e-01	1.5295e-03	2.0629e-01	7.0029e-01	9.3366e-02	2.9612e-05	2.2835e-05	1.1755e-36	1.0631e-20	0.00e+00	0.00e+00	5.9233e+01
1.97416e+18	1.0723e+04	2.920e-18	5.9948e+02	5.2120e+02	3.1511e-12	2.1635e-01	7.8365e-01	4.7596e-02	9.5110e-01	1.3063e-03	6.0853e-14	2.6212e-04	4.6604e-01	5.3245e-01	1.2017e-03	2.3369e-01	6.9290e-01	7.3369e-02	2.5339e-05	1.7095e-05	1.1755e-36	1.4792e-20	0.00e+00	0.00e+00	6.2649e+01
1.97798e+18	1.0626e+04	2.798e-18	5.9948e+02	5.0229e+02	4.1880e-12	2.4412e-01	7.5588e-01	5.4075e-02	9.4460e-01	1.3272e-03	8.3937e-14	2.7216e-04	4.9972e-01	4.9905e-01	9.1426e-04	2.6773e-01	6.7739e-01	5.4845e-02	2.1167e-05	1.2077e-05	1.1755e-36	2.1254e-20	0.00e+00	0.00e+00	6.5864e+01
1.98098e+18	1.0521e+04	2.688e-18	5.9948e+02	4.8807e+02	5.3481e-12	2.6985e-01	7.3015e-01	6.0721e-02	9.3794e-01	1.3410e-03	1.0993e-13	2.8199e-04	5.3040e-01	4.6856e-01	7.2063e-04	2.9852e-01	6.5904e-01	4.2417e-02	1.8179e-05	8.8718e-06	1.1755e-36	2.8864e-20	0.00e+00	0.00e+00	6.8446e+01
1.98334e+18	1.0447e+04	2.575e-18	5.9948e+02	4.7414e+02	6.3909e-12	2.8992e-01	7.1008e-01	6.6459e-02	9.3218e-01	1.3571e-03	1.3280e-13	2.8759e-04	5.5444e-01	4.4464e-01	5.9680e-04	3.2222e-01	6.4321e-01	3.4547e-02	1.6251e-05	6.9684e-06	1.1755e-36	3.5545e-20	0.00e+00	0.00e+00	7.0840e+01
1.98585e+18	1.0345e+04	2.457e-18	5.9948e+02	4.6067e+02	7.7994e-12	3.1356e-01	6.8644e-01	7.3587e-02	9.2504e-01	1.3744e-03	1.6323e-13	2.9406e-04	5.8140e-01	4.1780e-01	4.8142e-04	3.4954e-01	6.2297e-01	2.7473e-02	1.4346e-05	5.3108e-06	1.1755e-36	4.4720e-20	0.00e+00	0.00e+00	7.4208e+01
1.98866e+18	1.0247e+04	2.308e-18	5.9948e+02	4.4097e+02	9.8170e-12	3.4377e-01	6.5623e-01	8.2438e-02	9.1615e-01	1.4083e-03	2.0531e-13	2.9733e-04	6.1140e-01	3.8790e-01	3.7462e-04	3.8370e-01	5.9558e-01	2.0701e-02	1.2336e-05	3.8066e-06	1.1755e-36	5.7855e-20	0.00e+00	0.00e+00	7.7837e+01
1.99128e+18	1.0140e+04	2.156e-18	5.9948e+02	4.2167e+02	1.2298e-11	3.7506e-01	6.2494e-01	9.2417e-02	9.0614e-01	1.4429e-03	2.5496e-13	2.9969e-04	6.4099e-01	3.5839e-01	2.9245e-04	4.1832e-01	5.6612e-01	1.5553e-02	1.0633e-05	2.7223e-06	1.1755e-36	7.3852e-20	0.00e+00	0.00e+00	8.1310e+01
1.99357e+18	1.0026e+04	2.016e-18	5.9948e+02	4.0472e+02	1.5064e-11	4.0467e-01	5.9533e-01	1.0292e-01	8.9561e-01	1.4738e-03	3.0765e-13	3.0112e-04	6.6813e-01	3.3132e-01	2.3301e-04	4.5042e-01	5.3765e-01	1.1919e-02	9.2904e-06	1.9949e-06	1.1755e-36	9.1103e-20	0.00e+00	0.00e+00	8.4578e+01
1.99563e+18	9.9420e+03	1.876e-18	5.9948e+02	3.8702e+02	1.7823e-11	4.3097e-01	5.6903e-01	1.1312e-01	8.8537e-01	1.5139e-03	3.5732e-13	2.9930e-04	6.9148e-01	3.0802e-01	1.9015e-04	4.7849e-01	5.1217e-01	9.3315e-03	8.2635e-06	1.5054e-06	1.1755e-36	1.0709e-19	0.00e+00	0.00e+00	8.7816e+01
1.99749e+18	9.8320e+03	1.752e-18	5.9948e+02	3.7162e+02	2.1089e-11	4.5739e-01	5.4261e-01	1.2404e-01	8.7442e-01	1.5469e-03	4.1183e-13	2.9773e-04	7.1345e-01	2.8608e-01	1.5703e-04	5.0620e-01	4.8642e-01	7.3723e-03	7.3670e-06	1.1473e-06	1.1755e-36	1.2506e-19	0.00e+00	0.00e+00	9.0820e+01
1.99919e+18	9.7525e+03	1.632e-18	5.9948e+02	3.5607e+02	2.4262e-11	4.8084e-01	5.1916e-01	1.3470e-01	8.6372e-01	1.5869e-03	4.6205e-13	2.9406e-04	7.3261e-01	2.6695e-01	1.3209e-04	5.3046e-01	4.6361e-01	5.9219e-03	6.6584e-06	8.9413e-07	1.1755e-36	1.4115e-19	0.00e+00	0.00e+00	9.3869e+01
2.00080e+18	9.6468e+03	1.522e-18	5.9948e+02	3.4181e+02	2.8094e-11	5.0504e-01	4.9496e-01	1.4623e-01	8.5215e-01	1.6205e-03	5.1736e-13	2.9054e-04	7.5101e-01	2.4858e-01	1.1182e-04	5.5514e-01	4.4009e-01	4.7630e-03	6.0059e-06	6.9770e-07	1.1755e-36	1.5916e-19	0.00e+00	0.00e+00	9.6804e+01
2.00230e+18	9.5674e+03	1.416e-18	5.9948e+02	3.2735e+02	3.1842e-11	5.2692e-01	4.7308e-01	1.5761e-01	8.4073e-01	1.6622e-03	5.6808e-13	2.8537e-04	7.6728e-01	2.3233e-01	9.6066e-05	5.7719e-01	4.1893e-01	3.8742e-03	5.4702e-06	5.5286e-07	1.1755e-36	1.7497e-19	0.00e+00	0.00e+00	9.9737e+01
2.00348e+18	9.4966e+03	1.335e-18	5.9948e+02	3.1601e+02	3.5266e-11	5.4492e-01	4.5508e-01	1.6738e-01	8.3092e-01	1.6977e-03	6.1109e-13	2.8078e-04	7.7977e-01	2.1986e-01	8.5572e-05	5.9512e-01	4.0159e-01	3.2765e-03	5.0656e-06	4.5786e-07	1.1755e-36	1.8837e-19	0.00e+00	0.00e+00	1.0155e+02
2.00423e+18	9.4436e+03	1.284e-18	5.9948e+02	3.0973e+02	3.7464e-11	5.5470e-01	4.4530e-01	1.7446e-01	8.2383e-01	1.7118e-03	6.3622e-13	2.7878e-04	7.8804e-01	2.1160e-01	7.9644e-05	6.0483e-01	3.9220e-01	2.9614e-03	4.8578e-06	4.0927e-07	1.1755e-36	1.9536e-19	0.00e+00	0.00e+00	1.0286e+02
2.00495e+18	9.3910e+03	1.234e-18	5.9948e+02	3.0380e+02	3.9699e-11	5.6401e-01	4.3599e-01	1.8165e-01	8.1663e-01	1.7257e-03	6.6069e-13	2.7671e-04	7.9594e-01	2.0370e-01	7.4244e-05	6.1403e-01	3.8328e-01	2.6855e-03	4.6673e-06	3.6729e-07	1.1755e-36	2.0200e-19	0.00e+00	0.00e+00	1.0459e+02
2.00588e+18	9.3205e+03	1.172e-18	5.9948e+02	2.9502e+02	4.3122e-11	5.7783e-01	4.2217e-01	1.9081e-01	8.0745e-01	1.7489e-03	6.9579e-13	2.7278e-04	8.0558e-01	1.9407e-01	6.7785e-05	6.2756e-01	3.7009e-01	2.3457e-03	4.3975e-06	3.1605e-07	1.1755e-36	2.1194e-19	0.00e+00	0.00e+00	1.0690e+02
2.00689e+18	9.2496e+03	1.107e-18	5.9948e+02	2.8509e+02	4.7309e-11	5.9467e-01	4.0533e-01	2.0104e-01	7.9718e-01	1.7817e-03	7.3865e-13	2.6756e-04	8.1546e-01	1.8420e-01	6.1540e-05	6.4388e-01	3.5410e-01	2.0068e-03	4.0874e-06	2.6546e-07	1.1755e-36	2.2490e-19	0.00e+00	0.00e+00	1.0906e+02
2.00772e+18	9.2092e+03	1.052e-18	5.9948e+02	2.7636e+02	5.0440e-11	6.0706e-01	3.9294e-01	2.0951e-01	7.8867e-01	1.8166e-03	7.6824e-13	2.6231e-04	8.2302e-01	1.7666e-01	5.7148e-05	6.5582e-01	3.4241e-01	1.7695e-03	3.8700e-06	2.3104e-07	1.1755e-36	2.3247e-19	0.00e+00	0.00e+00	1.1070e+02
2.00844e+18	9.1393e+03	1.008e-18	5.9948e+02	2.7005e+02	5.3952e-11	6.1757e-01	3.8243e-01	2.1816e-01	7.8001e-01	1.8323e-03	7.9659e-13	2.5920e-04	8.3011e-01	1.6957e-01	5.3596e-05	6.6591e-01	3.3250e-01	1.5906e-03	3.6947e-06	2.0549e-07	1.1755e-36	2.3968e-19	0.00e+00	0.00e+00	1.1237e+02
2.00920e+18	9.0867e+03	9.594e-19	5.9948e+02	2.6270e+02	5.7429e-11	6.2847e-01	3.7153e-01	2.2717e-01	7.7098e-01	1.8565e-03	8.2431e-13	2.5491e-04	8.3714e-01	1.6255e-01	5.0162e-05	6.7631e-01	3.2227e-01	1.4169e-03	3.5186e-06	1.8104e-07	1.1755e-36	2.4609e-19	0.00e+00	0.00e+00	1.1432e+02
2.01007e+18	9.0175e+03	9.069e-19	5.9948e+02	2.5411e+02	6.2068e-11	6.4190e-01	3.5810e-01	2.3768e-01	7.6043e-01	1.8876e-03	8.5834e-13	2.4952e-04	8.4478e-01	1.5492e-01	4.6614e-05	6.8904e-01	3.0972e-01	1.2367e-03	3.3113e-06	1.5595e-07	1.1755e-36	2.5412e-19	0.00e+00	0.00e+00	1.1652e+02
2.01092e+18	8.9444e+03	8.570e-19	5.9948e+02	2.4569e+02	6.7244e-11	6.5585e-01	3.4415e-01	2.4861e-01	7.4947e-01	1.9193e-03	8.9425e-13	2.4400e-04	8.5208e-01	1.4763e-01	4.3466e-05	7.0216e-01	2.9676e-01	1.0768e-03	3.1061e-06	1.3396e-07	1.1755e-36	2.6277e-19	0.00e+00	0.00e+00	1.1851e+02
2.01166e+18	8.8947e+03	8.140e-19	5.9948e+02	2.3832e+02	7.1337e-11	6.6642e-01	3.3358e-01	2.5813e-01	7.3992e-01	1.9502e-03	9.1949e-13	2.3886e-04	8.5797e-01	1.4174e-01	4.1116e-05	7.1204e-01	2.8699e-01	9.5958e-04	2.9563e-06	1.1755e-36	1.1755e-36	2.6719e-19	0.00e+00	0.00e+00	1.2022e+02
2.01236e+18	8.8204e+03	7.751e-19	5.9948e+02	2.3204e+02	7.6329e-11	6.7668e-01	3.2332e-01	2.6862e-01	7.2941e-01	1.9678e-03	9.4680e-13	2.3483e-04	8.6398e-01	1.3575e-01	3.8993e-05	7.2161e-01	2.7753e-01	8.5885e-04	2.8167e-06	1.1755e-36	1.1755e-36	2.7228e-19	0.00e+00	0.00e+00	1.2209e+02
2.01314e+18	8.7524e+03	7.329e-19	5.9948e+02	2.2463e+02	8.1776e-11	6.8795e-01	3.1205e-01	2.7978e-01	7.1823e-01	1.9955e-03	9.7454e-13	2.2956e-04	8.7000e-01	1.2973e-01	3.6905e-05	7.3206e-01	2.6718e-01	7.5913e-04	2.6682e-06	1.1755e-36	1.1755e-36	2.7659e-19	0.00e+00	0.00e+00	1.2420e+02
2.01394e+18	8.6848e+03	6.904e-19	5.9948e+02	2.1683e+02	8.7812e-11	7.0003e-01	2.9997e-01	2.9155e-01	7.0642e-01	2.0276e-03	1.0037e-12	2.2370e-04	8.7591e-01	1.2383e-01	3.4949e-05	7.4318e-01	2.5615e-01	6.6593e-04	2.5148e-06	1.1755e-36	1.1755e-36	2.8090e-19	0.00e+00	0.00e+00	1.2631e+02
2.01469e+18	8.6128e+03	6.519e-19	5.9948e+02	2.0951e+02	9.4189e-11	7.1113e-01	2.8887e-01	3.0316e-01	6.9479e-01	2.0578e-03	1.0297e-12	2.1810e-04	8.8126e-01	1.1848e-01	3.3307e-05	7.5335e-01	2.4606e-01	5.8906e-04	2.3791e-06	1.1755e-36	1.1755e-36	2.8367e-19	0.00e+00	0.00e+00	1.2824e+02
2.01540e+18	8.5429e+03	6.173e-19	5.9948e+02	2.0302e+02	1.0049e-10	7.2085e-01	2.7915e-01	3.1466e-01	6.8326e-01	2.0826e-03	1.0523e-12	2.1311e-04	8.8616e-01	1.1359e-01	3.1932e-05	7.6222e-01	2.3725e-01	5.2655e-04	2.2642e-06	1.1755e-36	1.1755e-36	2.8519e-19	0.00e+00	0.00e+00	1.3013e+02
2.01612e+18	8.4706e+03	5.832e-19	5.9948e+02	1.9649e+02	1.0738e-10	7.3056e-01	2.6944e-01	3.2672e-01	6.7117e-01	2.1060e-03	1.0745e-12	2.0799e-04	8.9098e-01	1.0877e-01	3.0659e-05	7.7104e-01	2.2849e-01	4.6978e-04	2.1527e-06	1.1755e-36	1.1755e-36	2.8600e-19	0.00e+00	0.00e+00	1.3218e+02
2.01688e+18	8.3868e+03	5.485e-19	5.9948e+02	1.8959e+02	1.1575e-10	7.4136e-01	2.5864e-01	3.4000e-01	6.5787e-01	2.1311e-03	1.0994e-12	2.0243e-04	8.9589e-01	1.0387e-01	2.9418e-05	7.8080e-01	2.1878e-01	4.1523e-04	2.0326e-06	1.1755e-36	1.1755e-36	2.8702e-19	0.00e+00	0.00e+00	1.3437e+02
2.01763e+18	8.3073e+03	5.156e-19	5.9948e+02	1.8261e+02	1.2444e-10	7.5171e-01	2.4829e-01	3.5297e-01	6.4487e-01	2.1617e-03	1.1209e-12	1.9655e-04	9.0032e-01	9.9455e-02	2.8339e-05	7.9011e-01	2.0952e-01	3.6820e-04	1.9211e-06	1.1755e-36	1.1755e-36	2.8626e-19	0.00e+00	0.00e+00	1.3641e+02
2.01832e+18	8.2370e+03	4.863e-19	5.9948e+02	1.7642e+02	1.3264e-10	7.6057e-01	2.3943e-01	3.6550e-01	6.3231e-01	2.1867e-03	1.1384e-12	1.9128e-04	9.0427e-01	9.5507e-02	2.7447e-05	7.9804e-01	2.0163e-01	3.3035e-04	1.8282e-06	1.1755e-36	1.1755e-36	2.8433e-19	0.00e+00	0.00e+00	1.3836e+02
2.01902e+18	8.1471e+03	4.583e-19	5.9948e+02	1.7042e+02	1.4282e-10	7.6942e-01	2.3058e-01	3.7903e-01	6.1877e-01	2.2052e-03	1.1564e-12	1.8621e-04	9.0823e-01	9.1551e-02	2.6628e-05	8.0594e-01	1.9376e-01	2.9661e-04	1.7382e-06	1.1755e-36	1.1755e-36	2.8197e-19	0.00e+00	0.00e+00	1.4046e+02
2.01976e+18	8.0579e+03	4.298e-19	5.9948e+02	1.6405e+02	1.5414e-10	7.7888e-01	2.2112e-01	3.9326e-01	6.0452e-01	2.2284e-03	1.1747e-12	1.8061e-04	9.1210e-01	8.7689e-02	2.5841e-05	8.1435e-01	1.8538e-01	2.6466e-04	1.6442e-06	1.1755e-36	1.1755e-36	2.7901e-19	0.00e+00	0.00e+00	1.4267e+02
2.02049e+18	7.9653e+03	4.031e-19	5.9948e+02	1.5789e+02	1.6672e-10	7.8833e-01	2.1167e-01	4.0777e-01	5.8998e-01	2.2492e-03	1.1930e-12	1.7512e-04	9.1573e-01	8.4072e-02	2.5134e-05	8.2271e-01	1.7706e-01	2.3660e-04	1.5530e-06	1.1755e-36	1.1755e-36	2.7594e-19	0.00e+00	0.00e+00	1.4479e+02
2.02117e+18	7.8768e+03	3.794e-19	5.9948e+02	1.5224e+02	1.7947e-10	7.9646e-01	2.0354e-01	4.2161e-01	5.7612e-01	2.2674e-03	1.2069e-12	1.7001e-04	9.1890e-01	8.0902e-02	2.4554e-05	8.2987e-01	1.6991e-01	2.1406e-04	1.4765e-06	1.1755e-36	1.1755e-36	2.7148e-19	0.00e+00	0.00e+00	1.4677e+02
2.02184e+18	7.7860e+03	3.570e-19	5.9948e+02	1.4688e+02	1.9328e-10	8.0392e-01	1.9608e-01	4.3568e-01	5.6204e-01	2.2808e-03	1.2188e-12	1.6514e-04	9.2191e-01	7.7897e-02	2.4043e-05	8.3643e-01	1.6338e-01	1.9475e-04	1.4078e-06	1.1755e-36	1.1755e-36	2.6621e-19	0.00e+00	0.00e+00	1.4884e+02
2.02255e+18	7.6866e+03	3.343e-19	5.9948e+02	1.4124e+02	2.0983e-10	8.1213e-01	1.8787e-01	4.5102e-01	5.4668e-01	2.2937e-03	1.2323e-12	1.5992e-04	9.2497e-01	7.4848e-02	2.3537e-05	8.4361e-01	1.5621e-01	1.7610e-04	1.3338e-06	1.1755e-36	1.1755e-36	2.6071e-19	0.00e+00	0.00e+00	1.5114e+02
2.02329e+18	7.5843e+03	3.121e-19	5.9948e+02	1.3541e+02	2.2869e-10	8.2071e-01	1.7929e-01	4.6663e-01	5.3106e-01	2.3111e-03	1.2455e-12	1.5437e-04	9.2780e-01	7.2019e-02	2.3063e-05	8.5109e-01	1.4875e-01	1.5909e-04	1.2583e-06	1.1755e-36	1.1755e-36	2.5466e-19	0.00e+00	0.00e+00	1.5339e+02
2.02398e+18	7.4796e+03	2.926e-19	5.9948e+02	1.3010e+02	2.4923e-10	8.2810e-01	1.7190e-01	4.8145e-01	5.1623e-01	2.3240e-03	1.2552e-12	1.4928e-04	9.3025e-01	6.9575e-02	2.2681e-05	8.5752e-01	1.4234e-01	1.4560e-04	1.1947e-06	1.1755e-36	1.1755e-36	2.4779e-19	0.00e+00	0.00e+00	1.5543e+02
2.02462e+18	7.3735e+03	2.755e-19	5.9948e+02	1.2552e+02	2.7152e-10	8.3459e-01	1.6541e-01	4.9628e-01	5.0140e-01	2.3233e-03	1.2646e-12	1.4493e-04	9.3254e-01	6.7295e-02	2.2361e-05	8.6315e-01	1.3672e-01	1.3462e-04	1.1399e-06	1.1755e-36	1.1755e-36	2.4160e-19	0.00e+00	0.00e+00	1.5744e+02
2.02529e+18	7.2531e+03	2.584e-19	5.9948e+02	1.2068e+02	2.9934e-10	8.4120e-01	1.5880e-01	5.1184e-01	4.8583e-01	2.3225e-03	1.2729e-12	1.4029e-04	9.3477e-01	6.5065e-02	2.2061e-05	8.6887e-01	1.3101e-01	1.2452e-04	1.0853e-06	1.1755e-36	1.1755e-36	2.3431e-19	0.00e+00	0.00e+00	1.5967e+02
2.02599e+18	7.1330e+03	2.414e-19	5.9948e+02	1.1563e+02	3.3112e-10	8.4829e-01	1.5171e-01	5.2767e-01	4.7001e-01	2.3266e-03	1.2817e-12	1.3530e-04	9.3683e-01	6.3007e-02	2.1769e-05	8.7498e-01	1.2491e-01	1.1503e-04	1.0275e-06	1.1755e-36	1.1755e-36	2.2687e-19	0.00e+00	0.00e+00	1.6190e+02
2.02666e+18	7.0142e+03	2.263e-19	5.9948e+02	1.1101e+02	3.6618e-10	8.5473e-01	1.4527e-01	5.4292e-01	4.5476e-01	2.3259e-03	1.2896e-12	1.3068e-04	9.3863e-01	6.1211e-02	2.1524e-05	8.8051e-01	1.1938e-01	1.0723e-04	9.7602e-07	1.1755e-36	1.1755e-36	2.1977e-19	0.00e+00	0.00e+00	1.6397e+02
2.02728e+18	6.8949e+03	2.130e-19	5.9948e+02	1.0693e+02	4.0520e-10	8.6027e-01	1.3973e-01	5.5777e-01	4.3991e-01	2.3154e-03	1.2965e-12	1.2663e-04	9.4026e-01	5.9591e-02	2.1326e-05	8.8527e-01	1.1463e-01	1.0098e-04	9.3250e-07	1.1755e-36	1.1755e-36	2.1320e-19	0.00e+00	0.00e+00	1.6597e+02
2.02791e+18	6.7702e+03	2.003e-19	5.9948e+02	1.0287e+02	4.5122e-10	8.6559e-01	1.3441e-01	5.7278e-01	4.2492e-01	2.3029e-03	1.3028e-12	1.2254e-04	9.4178e-01	5.8074e-02	2.1148e-05	8.8982e-01	1.1008e-01	9.5474e-05	8.9137e-07	1.1755e-36	1.1755e-36	2.0643e-19	0.00e+00	0.00e+00	1.6808e+02
2.02856e+18	6.6481e+03	1.879e-19	5.9948e+02	9.8736e+01	5.0324e-10	8.7106e-01	1.2894e-01	5.8785e-01	4.0985e-01	2.2932e-03	1.3096e-12	1.1830e-04	9.4316e-01	5.6698e-02	2.0978e-05	8.9449e-01	1.0542e-01	9.0385e-05	8.4950e-07	1.1755e-36	1.1755e-36	1.9980e-19	0.00e+00	0.00e+00	1.7023e+02
2.02920e+18	6.5171e+03	1.765e-19	5.9948e+02	9.4851e+01	5.6664e-10	8.7644e-01	1.2356e-01	6.0287e-01	3.9485e-01	2.2762e-03	1.3181e-12	1.1432e-04	9.4441e-01	5.5457e-02	2.0829e-05	8.9907e-01	1.0084e-01	8.6020e-05	8.0896e-07	1.1755e-36	1.1755e-36	1.9418e-19	0.00e+00	0.00e+00	1.7229e+02
2.02981e+18	6.3790e+03	1.661e-19	5.9948e+02	9.1171e+01	6.4344e-10	8.8124e-01	1.1876e-01	6.1747e-01	3.8027e-01	2.2549e-03	1.3262e-12	1.1053e-04	9.4550e-01	5.4367e-02	2.0711e-05	9.0316e-01	9.6753e-02	8.2477e-05	7.7333e-07	1.1755e-36	1.1755e-36	1.8894e-19	0.00e+00	0.00e+00	1.7432e+02
2.03042e+18	6.2509e+03	1.565e-19	5.9948e+02	8.7778e+01	7.2676e-10	8.8575e-01	1.1425e-01	6.3185e-01	3.6592e-01	2.2294e-03	1.3357e-12	1.0701e-04	9.4649e-01	5.3385e-02	2.0604e-05	9.0700e-01	9.2922e-02	7.9396e-05	7.4014e-07	1.1755e-36	1.1755e-36	1.8479e-19	0.00e+00	0.00e+00	1.7635e+02
2.03103e+18	6.1109e+03	1.473e-19	5.9948e+02	8.4372e+01	8.3274e-10	8.9020e-01	1.0980e-01	6.4637e-01	3.5143e-01	2.2004e-03	1.3468e-12	1.0346e-04	9.4738e-01	5.2494e-02	2.0513e-05	9.1077e-01	8.9153e-02	7.6719e-05	7.0787e-07	1.1755e-36	1.1755e-36	1.8137e-19	0.00e+00	0.00e+00	1.7845e+02
2.03165e+18	5.9687e+03	1.386e-19	5.9948e+02	8.0992e+01	9.6041e-10	8.9461e-01	1.0539e-01	6.6070e-01	3.3713e-01	2.1712e-03	1.3603e-12	9.9892e-05	9.4814e-01	5.1739e-02	2.0431e-05	9.1451e-01	8.5418e-02	7.4367e-05	6.7615e-07	1.1755e-36	1.1755e-36	1.7902e-19	0.00e+00	0.00e+00	1.8054e+02
2.03226e+18	5.8270e+03	1.306e-19	5.9948e+02	7.7838e+01	1.1113e-09	8.9868e-01	1.0132e-01	6.7458e-01	3.2328e-01	2.1383e-03	1.3763e-12	9.6552e-05	9.4877e-01	5.1116e-02	2.0366e-05	9.1795e-01	8.1975e-02	7.2441e-05	6.4719e-07	1.1755e-36	1.1755e-36	1.7822e-19	0.00e+00	0.00e+00	1.8256e+02
2.03285e+18	5.6848e+03	1.234e-19	5.9948e+02	7.4884e+01	1.2916e-09	9.0245e-01	9.7548e-02	6.8814e-01	3.0976e-01	2.1008e-03	1.3956e-12	9.3422e-05	9.4930e-01	5.0587e-02	2.0316e-05	9.2114e-01	7.8793e-02	7.0874e-05	6.2069e-07	1.1755e-36	1.1755e-36	1.7928e-19	0.00e+00	0.00e+00	1.8456e+02
2.03344e+18	5.5393e+03	1.166e-19	5.9948e+02	7.2032e+01	1.5125e-09	9.0607e-01	9.3927e-02	7.0147e-01	2.9647e-01	2.0603e-03	1.4199e-12	9.0392e-05	9.4974e-01	5.0151e-02	2.0276e-05	9.2419e-01	7.5737e-02	6.9561e-05	5.9544e-07	1.1755e-36	1.1755e-36	1.8265e-19	0.00e+00	0.00e+00	1.8659e+02
2.03403e+18	5.3897e+03	1.102e-19	5.9948e+02	6.9328e+01	1.7854e-09	9.0946e-01	9.0544e-02	7.1464e-01	2.8334e-01	2.0144e-03	1.4505e-12	8.7531e-05	9.5009e-01	4.9802e-02	2.0249e-05	9.2705e-01	7.2880e-02	6.8524e-05	5.7208e-07	1.1755e-36	1.1755e-36	1.8910e-19	0.00e+00	0.00e+00	1.8866e+02
2.03464e+18	5.2353e+03	1.041e-19	5.9948e+02	6.6648e+01	2.1267e-09	9.1280e-01	8.7198e-02	7.2782e-01	2.7021e-01	1.9656e-03	1.4898e-12	8.4689e-05	9.5035e-01	4.9546e-02	2.0231e-05	9.2987e-01	7.0058e-02	6.7671e-05	5.4915e-07	1.1755e-36	1.1755e-36	1.9951e-19	0.00e+00	0.00e+00	1.9078e+02
2.03525e+18	5.0789e+03	9.830e-20	5.9948e+02	6.3998e+01	2.5455e-09	9.1612e-01	8.3880e-02	7.4073e-01	2.5735e-01	1.9165e-03	1.5397e-12	8.1865e-05	9.5048e-01	4.9414e-02	2.0219e-05	9.3267e-01	6.7263e-02	6.6982e-05	5.2658e-07	1.1755e-36	1.1755e-36	2.1483e-19	0.00e+00	0.00e+00	1.9290e+02
2.03585e+18	4.9217e+03	9.295e-20	5.9948e+02	6.1447e+01	3.0407e-09	9.1932e-01	8.0684e-02	7.5311e-01	2.4502e-01	1.8669e-03	1.5904e-12	7.9173e-05	9.5077e-01	4.9132e-02	2.0216e-05	9.3536e-01	6.4574e-02	6.6481e-05	5.0500e-07	1.1755e-36	1.1755e-36	2.3097e-19	0.00e+00	0.00e+00	1.9496e+02
2.03643e+18	4.7672e+03	8.849e-20	5.9948e+02	5.9355e+01	3.6009e-09	9.2182e-01	7.8184e-02	7.6462e-01	2.3357e-01	1.8083e-03	1.6327e-12	7.7081e-05	9.5131e-01	4.8589e-02	2.0230e-05	9.3748e-01	6.2457e-02	6.6295e-05	4.8832e-07	1.1755e-36	1.1755e-36	2.4518e-19	0.00e+00	0.00e+00	1.9690e+02
2.03696e+18	4.6156e+03	8.451e-20	5.9948e+02	5.7386e+01	4.2315e-09	9.2415e-01	7.5853e-02	7.7526e-01	2.2298e-01	1.7521e-03	1.6747e-12	7.5135e-05	9.5179e-01	4.8109e-02	2.0252e-05	9.3945e-01	6.0480e-02	6.6248e-05	4.7287e-07	1.1755e-36	1.1755e-36	2.6049e-19	0.00e+00	0.00e+00	1.9869e+02
2.03745e+18	4.4836e+03	8.109e-20	5.9948e+02	5.5721e+01	4.8375e-09	9.2613e-01	7.3867e-02	7.8484e-01	2.1346e-01	1.6981e-03	1.7106e-12	7.3517e-05	9.5222e-01	4.7689e-02	2.0275e-05	9.4114e-01	5.8797e-02	6.6261e-05	4.5976e-07	1.1755e-36	1.1755e-36	2.7401e-19	0.00e+00	0.00e+00	2.0034e+02
2.03793e+18	4.3520e+03	7.795e-20	5.9948e+02	5.4161e+01	5.4804e-09	9.2796e-01	7.2041e-02	7.9402e-01	2.0434e-01	1.6431e-03	1.7433e-12	7.2046e-05	9.5265e-01	4.7256e-02	2.0305e-05	9.4269e-01	5.7245e-02	6.6375e-05	4.4779e-07	1.1755e-36	1.1755e-36	2.8659e-19	0.00e+00	0.00e+00	2.0202e+02
2.03840e+18	4.2257e+03	7.495e-20	5.9948e+02	5.2606e+01	6.1088e-09	9.2978e-01	7.0222e-02	8.0268e-01	1.9572e-01	1.5924e-03	1.7698e-12	7.0572e-05	9.5302e-01	4.6887e-02	2.0335e-05	9.4423e-01	5.5702e-02	6.6513e-05	4.3588e-07	1.1755e-36	1.1755e-36	2.9592e-19	0.00e+00	0.00e+00	2.0368e+02
2.03888e+18	4.1012e+03	7.212e-20	5.9948e+02	5.1119e+01	6.7116e-09	9.3157e-01	6.8430e-02	8.1106e-01	1.8740e-01	1.5416e-03	1.7895e-12	6.9198e-05	9.5338e-01	4.6532e-02	2.0368e-05	9.4575e-01	5.4184e-02	6.6697e-05	4.2419e-07	1.1755e-36	1.1755e-36	3.0150e-19	0.00e+00	0.00e+00	2.0536e+02
2.03935e+18	3.9779e+03	6.945e-20	5.9948e+02	4.9670e+01	7.2619e-09	9.3331e-01	6.6693e-02	8.1904e-01	1.7947e-01	1.4924e-03	1.8006e-12	6.7888e-05	9.5370e-01	4.6210e-02	2.0405e-05	9.4722e-01	5.2711e-02	6.6936e-05	4.1291e-07	1.1755e-36	1.1755e-36	3.0210e-19	0.00e+00	0.00e+00	2.0703e+02
###########################
1.22648e+14	1.2237e+04	2.690e-18	5.9948e+02	6.9955e+02	2.6163e-17	7.5151e-04	9.9925e-01	5.8808e-05	7.3073e-02	9.2687e-01	1.2373e-23	6.5549e-07	3.3002e-03	2.1922e-01	4.2262e-01	4.0921e-07	8.5525e-04	1.2193e-01	6.9044e-01	1.7605e-01	1.0437e-02	9.4010e-31	0.00e+00	0.00e+00	6.9760e-04
7.35889e+14	1.2220e+04	2.686e-18	5.9948e+02	6.9934e+02	2.4852e-17	7.5038e-04	9.9925e-01	5.8754e-05	7.3080e-02	9.2686e-01	1.1644e-23	5.5249e-07	3.2952e-03	2.1913e-01	4.2332e-01	4.0780e-07	8.5385e-04	1.2225e-01	6.9048e-01	1.7573e-01	1.0406e-02	8.3809e-31	0.00e+00	0.00e+00	3.4838e-03
3.18885e+15	1.2176e+04	2.678e-18	5.9948e+02	6.9929e+02	2.5261e-17	7.4833e-04	9.9925e-01	5.8889e-05	7.3357e-02	9.2658e-01	1.1723e-23	5.6474e-07	3.3085e-03	2.2062e-01	4.2480e-01	4.0602e-07	8.5300e-04	1.2363e-01	6.9054e-01	1.7441e-01	1.0283e-02	8.4698e-31	0.00e+00	0.00e+00	1.4598e-02
1.30007e+16	1.2063e+04	2.657e-18	5.9948e+02	6.9921e+02	2.5620e-17	7.4280e-04	9.9926e-01	5.9671e-05	7.4946e-02	9.2499e-01	1.1676e-23	5.8024e-07	3.3620e-03	2.2658e-01	4.2908e-01	4.0217e-07	8.5323e-04	1.2911e-01	6.9026e-01	1.6962e-01	9.8870e-03	8.2391e-31	0.00e+00	0.00e+00	5.8726e-02
3.10545e+16	1.1667e+04	2.582e-18	5.9948e+02	6.9918e+02	2.5588e-17	7.1364e-04	9.9929e-01	5.9268e-05	7.5567e-02	9.2437e-01	1.0142e-23	5.5138e-07	3.3974e-03	2.3406e-01	4.3760e-01	3.7241e-07	8.2769e-04	1.3732e-01	6.9102e-01	1.6123e-01	9.3445e-03	6.6155e-31	0.00e+00	0.00e+00	1.1384e-01
5.02807e+16	1.1313e+04	2.519e-18	5.9948e+02	6.9913e+02	2.5037e-17	6.8361e-04	9.9932e-01	5.9008e-05	7.6757e-02	9.2318e-01	8.5895e-24	5.2930e-07	3.4239e-03	2.4214e-01	4.4467e-01	3.4295e-07	8.0184e-04	1.4558e-01	6.9115e-01	1.5338e-01	8.8534e-03	5.1492e-31	0.00e+00	0.00e+00	1.6052e-01
6.79513e+16	1.1094e+04	2.483e-18	5.9948e+02	6.9901e+02	2.4537e-17	6.6368e-04	9.9934e-01	5.9807e-05	7.9136e-02	9.2080e-01	7.8100e-24	5.2645e-07	3.4756e-03	2.5096e-01	4.4956e-01	3.2914e-07	7.9698e-04	1.5405e-01	6.8986e-01	1.4665e-01	8.4091e-03	4.3866e-31	0.00e+00	0.00e+00	2.0396e-01
8.78434e+16	1.0944e+04	2.461e-18	5.9948e+02	6.9879e+02	2.4197e-17	6.5102e-04	9.9935e-01	6.2235e-05	8.3390e-02	9.1655e-01	7.6632e-24	5.4347e-07	3.5865e-03	2.6287e-01	4.5371e-01	3.3113e-07	8.1969e-04	1.6540e-01	6.8657e-01	1.3912e-01	7.8772e-03	4.0325e-31	0.00e+00	0.00e+00	2.5936e-01
1.13703e+17	1.0809e+04	2.441e-18	5.9948e+02	6.9844e+02	2.3581e-17	6.3728e-04	9.9936e-01	6.6372e-05	9.0276e-02	9.0966e-01	7.6848e-24	5.7427e-07	3.7492e-03	2.7951e-01	4.5773e-01	3.4062e-07	8.6324e-04	1.8211e-01	6.8015e-01	1.2948e-01	7.2048e-03	3.7300e-31	0.00e+00	0.00e+00	3.2986e-01
1.47321e+17	1.0691e+04	2.427e-18	5.9948e+02	6.9793e+02	2.2799e-17	6.2370e-04	9.9938e-01	7.3922e-05	1.0204e-01	8.9789e-01	8.1268e-24	6.3030e-07	4.0045e-03	3.0345e-01	4.6076e-01	3.6597e-07	9.4822e-04	2.0804e-01	6.6765e-01	1.1685e-01	6.3459e-03	3.5703e-31	0.00e+00	0.00e+00	4.1955e-01
1.91024e+17	1.0682e+04	2.414e-18	5.9948e+02	6.9676e+02	2.1125e-17	6.0841e-04	9.9939e-01	8.7569e-05	1.2303e-01	8.7688e-01	9.1488e-24	7.1907e-07	4.3671e-03	3.3665e-01	4.6152e-01	4.1805e-07	1.1060e-03	2.5032e-01	6.4275e-01	1.0041e-01	5.2700e-03	3.5840e-31	0.00e+00	0.00e+00	5.3330e-01
2.32828e+17	1.0745e+04	2.417e-18	5.9948e+02	6.9516e+02	1.8234e-17	5.8326e-04	9.9942e-01	1.0597e-04	1.5323e-01	8.4666e-01	9.5088e-24	8.0147e-07	4.6805e-03	3.7067e-01	4.5853e-01	4.6871e-07	1.2892e-03	3.0363e-01	6.0626e-01	8.4395e-02	4.3131e-03	3.3131e-31	0.00e+00	0.00e+00	6.0880e-01
2.61123e+17	1.0871e+04	2.431e-18	5.9948e+02	6.9365e+02	1.6254e-17	5.6850e-04	9.9943e-01	1.2526e-04	1.8429e-01	8.1559e-01	1.0198e-23	8.7028e-07	4.9251e-03	3.9585e-01	4.5482e-01	5.2541e-07	1.4750e-03	3.5204e-01	5.7018e-01	7.2561e-02	3.6351e-03	3.3135e-31	0.00e+00	0.00e+00	6.5695e-01
2.81842e+17	1.0976e+04	2.447e-18	5.9948e+02	6.9206e+02	1.5290e-17	5.6314e-04	9.9944e-01	1.4534e-04	2.1471e-01	7.8515e-01	1.1451e-23	9.4004e-07	5.1604e-03	4.1548e-01	4.5136e-01	5.9394e-07	1.6719e-03	3.9536e-01	5.3651e-01	6.3262e-02	3.1144e-03	3.5614e-31	0.00e+00	0.00e+00	6.9756e-01
3.00430e+17	1.1088e+04	2.461e-18	5.9948e+02	6.9045e+02	1.4537e-17	5.6026e-04	9.9944e-01	1.6866e-04	2.4882e-01	7.5101e-01	1.3042e-23	1.0113e-06	5.3972e-03	4.3309e-01	4.4801e-01	6.7597e-07	1.8975e-03	4.3988e-01	5.0080e-01	5.4705e-02	2.6483e-03	3.9130e-31	0.00e+00	0.00e+00	7.3598e-01
3.18005e+17	1.1170e+04	2.478e-18	5.9948e+02	6.8829e+02	1.4169e-17	5.6039e-04	9.9944e-01	1.9595e-04	2.8886e-01	7.1094e-01	1.4924e-23	1.0856e-06	5.6265e-03	4.4999e-01	4.4445e-01	7.6812e-07	2.1411e-03	4.8734e-01	4.6174e-01	4.6505e-02	2.2159e-03	4.3740e-31	0.00e+00	0.00e+00	7.7209e-01
3.34650e+17	1.1239e+04	2.492e-18	5.9948e+02	6.8592e+02	1.3946e-17	5.6194e-04	9.9944e-01	2.2794e-04	3.3503e-01	6.6474e-01	1.7095e-23	1.1599e-06	5.8538e-03	4.6571e-01	4.4101e-01	8.7343e-07	2.4118e-03	5.3682e-01	4.2009e-01	3.8799e-02	1.8216e-03	4.9167e-31	0.00e+00	0.00e+00	8.0667e-01
3.50488e+17	1.1295e+04	2.496e-18	5.9948e+02	6.8325e+02	1.3826e-17	5.6512e-04	9.9943e-01	2.6450e-04	3.8691e-01	6.1282e-01	1.9547e-23	1.2363e-06	6.0792e-03	4.8004e-01	4.3781e-01	9.9369e-07	2.7101e-03	5.8701e-01	3.7701e-01	3.1760e-02	1.4715e-03	5.5239e-31	0.00e+00	0.00e+00	8.3964e-01
3.65507e+17	1.1320e+04	2.490e-18	5.9948e+02	6.8018e+02	1.3962e-17	5.7002e-04	9.9943e-01	3.0447e-04	4.4303e-01	5.5666e-01	2.2278e-23	1.3091e-06	6.2927e-03	4.9291e-01	4.3485e-01	1.1231e-06	3.0187e-03	6.3599e-01	3.3423e-01	2.5556e-02	1.1713e-03	6.2384e-31	0.00e+00	0.00e+00	8.7118e-01
3.80097e+17	1.1303e+04	2.474e-18	5.9948e+02	6.7727e+02	1.4429e-17	5.7803e-04	9.9942e-01	3.4892e-04	5.0295e-01	4.9670e-01	2.5506e-23	1.3863e-06	6.5133e-03	5.0504e-01	4.3174e-01	1.2665e-06	3.3404e-03	6.8346e-01	2.9215e-01	2.0116e-02	9.1377e-04	7.1073e-31	0.00e+00	0.00e+00	9.0303e-01
3.96841e+17	1.1229e+04	2.433e-18	5.9948e+02	6.7365e+02	1.5503e-17	5.9172e-04	9.9941e-01	4.0476e-04	5.7448e-01	4.2512e-01	3.0361e-23	1.4849e-06	6.7915e-03	5.1824e-01	4.2787e-01	1.4594e-06	3.7401e-03	7.3524e-01	2.4554e-01	1.4797e-02	6.6757e-04	8.4553e-31	0.00e+00	0.00e+00	9.4541e-01
4.14638e+17	1.1107e+04	2.372e-18	5.9948e+02	6.6983e+02	1.6897e-17	6.0695e-04	9.9939e-01	4.6356e-04	6.4848e-01	3.5106e-01	3.5348e-23	1.5799e-06	7.0549e-03	5.3058e-01	4.2368e-01	1.6582e-06	4.1290e-03	7.8355e-01	2.0135e-01	1.0492e-02	4.7353e-04	9.8384e-31	0.00e+00	0.00e+00	9.8369e-01
4.30743e+17	1.0954e+04	2.301e-18	5.9948e+02	6.6658e+02	1.8649e-17	6.2365e-04	9.9938e-01	5.1523e-04	7.0967e-01	2.8982e-01	4.0562e-23	1.6699e-06	7.3015e-03	5.4089e-01	4.1947e-01	1.8483e-06	4.4694e-03	8.2090e-01	1.6669e-01	7.5787e-03	3.4430e-04	1.1274e-30	0.00e+00	0.00e+00	1.0204e+00
4.48620e+17	1.0754e+04	2.214e-18	5.9948e+02	6.6354e+02	2.1265e-17	6.4596e-04	9.9935e-01	5.6917e-04	7.6787e-01	2.3156e-01	4.7606e-23	1.7788e-06	7.5936e-03	5.5163e-01	4.1415e-01	2.0729e-06	4.8305e-03	8.5499e-01	1.3467e-01	5.2634e-03	2.4230e-04	1.3211e-30	0.00e+00	0.00e+00	1.0698e+00
4.71860e+17	1.0494e+04	2.106e-18	5.9948e+02	6.6052e+02	2.5300e-17	6.7608e-04	9.9932e-01	6.2890e-04	8.2641e-01	1.7296e-01	5.7445e-23	1.9166e-06	7.9530e-03	5.6382e-01	4.0702e-01	2.3530e-06	5.2319e-03	8.8812e-01	1.0310e-01	3.3799e-03	1.5922e-04	1.5923e-30	0.00e+00	0.00e+00	1.1370e+00
4.96454e+17	1.0255e+04	2.009e-18	5.9948e+02	6.5818e+02	2.9677e-17	7.0550e-04	9.9929e-01	6.7750e-04	8.7006e-01	1.2926e-01	6.6919e-23	2.0433e-06	8.2733e-03	5.7430e-01	4.0006e-01	2.6113e-06	5.5612e-03	9.1232e-01	7.9738e-02	2.2636e-03	1.0901e-04	1.8485e-30	0.00e+00	0.00e+00	1.1982e+00
5.22665e+17	1.0036e+04	1.923e-18	5.9948e+02	6.5642e+02	3.5067e-17	7.3908e-04	9.9926e-01	7.2076e-04	9.0289e-01	9.6384e-02	7.8867e-23	2.1839e-06	8.6121e-03	5.8411e-01	3.9280e-01	2.8933e-06	5.8738e-03	9.3076e-01	6.1717e-02	1.5727e-03	7.6329e-05	2.1803e-30	0.00e+00	0.00e+00	1.2807e+00
5.56597e+17	9.8243e+03	1.841e-18	5.9948e+02	6.5491e+02	4.2341e-17	7.8136e-04	9.9922e-01	7.6370e-04	9.3063e-01	6.8608e-02	9.5212e-23	2.3530e-06	8.9975e-03	5.9445e-01	3.8451e-01	3.2364e-06	6.1998e-03	9.4659e-01	4.6046e-02	1.1037e-03	5.2187e-05	2.6599e-30	0.00e+00	0.00e+00	1.3941e+00
6.00707e+17	9.6442e+03	1.771e-18	5.9948e+02	6.5376e+02	5.1737e-17	8.3563e-04	9.9916e-01	8.0586e-04	9.5239e-01	4.6806e-02	1.1754e-22	2.5576e-06	9.4313e-03	6.0514e-01	3.7535e-01	3.6651e-06	6.5365e-03	9.5939e-01	3.3215e-02	8.1524e-04	3.5115e-05	3.3462e-30	0.00e+00	0.00e+00	1.5518e+00
6.56921e+17	9.5242e+03	1.723e-18	5.9948e+02	6.5292e+02	6.3791e-17	9.0608e-04	9.9909e-01	8.4603e-04	9.6802e-01	3.1134e-02	1.4952e-22	2.8044e-06	9.9098e-03	6.1583e-01	3.6567e-01	4.2154e-06	6.8832e-03	9.6894e-01	2.3496e-02	6.5544e-04	2.3571e-05	4.4203e-30	0.00e+00	0.00e+00	1.7663e+00
7.22613e+17	9.4831e+03	1.703e-18	5.9948e+02	6.5232e+02	7.8344e-17	9.9445e-04	9.9901e-01	8.8342e-04	9.7804e-01	2.1076e-02	1.9433e-22	3.0865e-06	1.0408e-02	6.2587e-01	3.5619e-01	4.9115e-06	7.2318e-03	9.7527e-01	1.6904e-02	5.7579e-04	1.6290e-05	6.0932e-30	0.00e+00	0.00e+00	2.0253e+00
7.94875e+17	9.5180e+03	1.708e-18	5.9948e+02	6.5192e+02	9.6362e-17	1.1056e-03	9.9889e-01	9.2035e-04	9.8429e-01	1.4786e-02	2.6171e-22	3.4176e-06	1.0946e-02	6.3550e-01	3.4680e-01	5.8252e-06	7.6065e-03	9.7931e-01	1.2526e-02	5.3542e-04	1.1637e-05	8.8995e-30	0.00e+00	0.00e+00	2.3421e+00
8.74362e+17	9.6214e+03	1.736e-18	5.9948e+02	6.5162e+02	1.1974e-16	1.2510e-03	9.9875e-01	9.6145e-04	9.8835e-01	1.0685e-02	3.7024e-22	3.8228e-06	1.1571e-02	6.4542e-01	3.3686e-01	7.1048e-06	8.0478e-03	9.8193e-01	9.4963e-03	5.1309e-04	8.4808e-06	1.3911e-29	0.00e+00	0.00e+00	2.7363e+00
9.61798e+17	9.7868e+03	1.787e-18	5.9948e+02	6.5135e+02	1.5311e-16	1.4485e-03	9.9855e-01	1.0101e-03	9.9108e-01	7.9147e-03	5.6461e-22	4.3437e-06	1.2349e-02	6.5652e-01	3.2553e-01	9.0275e-06	8.6184e-03	9.8356e-01	7.3083e-03	4.9960e-04	6.2314e-06	2.3973e-29	0.00e+00	0.00e+00	3.2384e+00
1.05111e+18	1.0006e+04	1.858e-18	5.9948e+02	6.5111e+02	1.9949e-16	1.7074e-03	9.9829e-01	1.0651e-03	9.9281e-01	6.1256e-03	9.1369e-22	4.9820e-06	1.3283e-02	6.6857e-01	3.1302e-01	1.1895e-05	9.3565e-03	9.8434e-01	5.7973e-03	4.9167e-04	4.6824e-06	4.4449e-29	0.00e+00	0.00e+00	3.8006e+00
1.13114e+18	1.0242e+04	1.938e-18	5.9948e+02	6.5085e+02	2.5685e-16	2.0083e-03	9.9799e-01	1.1286e-03	9.9383e-01	5.0446e-03	1.4867e-21	5.6838e-06	1.4312e-02	6.8062e-01	3.0033e-01	1.5770e-05	1.0229e-02	9.8446e-01	4.8084e-03	4.8722e-04	3.6693e-06	8.2139e-29	0.00e+00	0.00e+00	4.3557e+00
1.19873e+18	1.0451e+04	2.015e-18	5.9948e+02	6.5063e+02	3.2594e-16	2.3307e-03	9.9767e-01	1.1923e-03	9.9444e-01	4.3633e-03	2.3703e-21	6.4225e-06	1.5407e-02	6.9250e-01	2.8771e-01	2.0634e-05	1.1201e-02	9.8416e-01	4.1295e-03	4.8404e-04	2.9821e-06	1.4606e-28	0.00e+00	0.00e+00	4.9039e+00
1.25885e+18	1.0643e+04	2.088e-18	5.9948e+02	6.5039e+02	4.0996e-16	2.6819e-03	9.9732e-01	1.2629e-03	9.9486e-01	3.8736e-03	3.7486e-21	7.2224e-06	1.6608e-02	7.0455e-01	2.7477e-01	2.6834e-05	1.2305e-02	9.8358e-01	3.5996e-03	4.8128e-04	2.4630e-06	2.5417e-28	0.00e+00	0.00e+00	5.4934e+00
1.31680e+18	1.0827e+04	2.163e-18	5.9948e+02	6.5012e+02	5.1998e-16	3.0942e-03	9.9691e-01	1.3456e-03	9.9518e-01	3.4757e-03	6.0754e-21	8.1584e-06	1.8024e-02	7.1764e-01	2.6058e-01	3.5387e-05	1.3660e-02	9.8268e-01	3.1413e-03	4.7844e-04	2.0310e-06	4.5016e-28	0.00e+00	0.00e+00	6.1703e+00
1.36025e+18	1.0975e+04	2.227e-18	5.9948e+02	6.4988e+02	6.3285e-16	3.4810e-03	9.9652e-01	1.4194e-03	9.9534e-01	3.2439e-03	9.0655e-21	8.9981e-06	1.9300e-02	7.2823e-01	2.4895e-01	4.4736e-05	1.4994e-02	9.8162e-01	2.8649e-03	4.7666e-04	1.7599e-06	7.2139e-28	0.00e+00	0.00e+00	6.5536e+00
1.38372e+18	1.1071e+04	2.259e-18	5.9948e+02	6.4969e+02	6.9930e-16	3.7122e-03	9.9629e-01	1.4682e-03	9.9538e-01	3.1500e-03	1.1322e-20	9.5064e-06	2.0079e-02	7.3421e-01	2.4233e-01	5.1062e-05	1.5835e-02	9.8091e-01	2.7267e-03	4.7591e-04	1.6274e-06	9.3124e-28	0.00e+00	0.00e+00	6.8041e+00
1.40423e+18	1.1120e+04	2.290e-18	5.9948e+02	6.4955e+02	7.7750e-16	3.9343e-03	9.9607e-01	1.5136e-03	9.9544e-01	3.0501e-03	1.3980e-20	1.0019e-05	2.0863e-02	7.4018e-01	2.3570e-01	5.7509e-05	1.6635e-02	9.8025e-01	2.5795e-03	4.7424e-04	1.5028e-06	1.1833e-27	0.00e+00	0.00e+00	7.1494e+00
1.43090e+18	1.1200e+04	2.327e-18	5.9948e+02	6.4936e+02	8.8856e-16	4.2442e-03	9.9576e-01	1.5754e-03	9.9551e-01	2.9171e-03	1.8463e-20	1.0730e-05	2.1948e-02	7.4799e-01	2.2695e-01	6.7340e-05	1.7786e-02	9.7928e-01	2.3968e-03	4.7229e-04	1.3532e-06	1.6217e-27	0.00e+00	0.00e+00	7.6335e+00
1.46037e+18	1.1296e+04	2.371e-18	5.9948e+02	6.4915e+02	1.0361e-15	4.6318e-03	9.9537e-01	1.6511e-03	9.9557e-01	2.7803e-03	2.5517e-20	1.1603e-05	2.3281e-02	7.5684e-01	2.1695e-01	8.1033e-05	1.9278e-02	9.7796e-01	2.2143e-03	4.7020e-04	1.2040e-06	2.3407e-27	0.00e+00	0.00e+00	8.1382e+00
1.48633e+18	1.1359e+04	2.414e-18	5.9948e+02	6.4895e+02	1.2061e-15	5.0292e-03	9.9497e-01	1.7289e-03	9.9560e-01	2.6712e-03	3.4716e-20	1.2491e-05	2.4643e-02	7.6513e-01	2.0745e-01	9.6648e-05	2.0853e-02	9.7652e-01	2.0628e-03	4.6779e-04	1.0809e-06	3.3076e-27	0.00e+00	0.00e+00	8.5786e+00
1.50783e+18	1.1431e+04	2.448e-18	5.9948e+02	6.4872e+02	1.3616e-15	5.3912e-03	9.9461e-01	1.7997e-03	9.9561e-01	2.5929e-03	4.5113e-20	1.3303e-05	2.5883e-02	7.7211e-01	1.9936e-01	1.1248e-04	2.2345e-02	9.7513e-01	1.9414e-03	4.6601e-04	9.8618e-07	4.4252e-27	0.00e+00	0.00e+00	8.9837e+00
1.52651e+18	1.1492e+04	2.478e-18	5.9948e+02	6.4850e+02	1.5197e-15	5.7369e-03	9.9426e-01	1.8677e-03	9.9560e-01	2.5276e-03	5.7176e-20	1.4077e-05	2.7067e-02	7.7834e-01	1.9206e-01	1.2900e-04	2.3807e-02	9.7376e-01	1.8380e-03	4.6429e-04	9.0795e-07	5.7499e-27	0.00e+00	0.00e+00	9.3637e+00
1.54389e+18	1.1542e+04	2.507e-18	5.9948e+02	6.4823e+02	1.6915e-15	6.0916e-03	9.9391e-01	1.9385e-03	9.9559e-01	2.4666e-03	7.1934e-20	1.4875e-05	2.8285e-02	7.8433e-01	1.8495e-01	1.4735e-04	2.5336e-02	9.7231e-01	1.7408e-03	4.6242e-04	8.3738e-07	7.3883e-27	0.00e+00	0.00e+00	9.7614e+00
1.56372e+18	1.1591e+04	2.541e-18	5.9948e+02	6.4801e+02	1.9290e-15	6.5296e-03	9.9347e-01	2.0252e-03	9.9558e-01	2.3939e-03	9.4636e-20	1.5872e-05	2.9799e-02	7.9136e-01	1.7653e-01	1.7202e-04	2.7262e-02	9.7048e-01	1.6279e-03	4.5985e-04	7.5998e-07	9.9945e-27	0.00e+00	0.00e+00	1.0315e+01
1.58460e+18	1.1672e+04	2.576e-18	5.9948e+02	6.4762e+02	2.1976e-15	7.0468e-03	9.9295e-01	2.1258e-03	9.9555e-01	2.3234e-03	1.2720e-19	1.7013e-05	3.1544e-02	7.9864e-01	1.6764e-01	2.0462e-04	2.9652e-02	9.6817e-01	1.5194e-03	4.5758e-04	6.8576e-07	1.3774e-26	0.00e+00	0.00e+00	1.0831e+01
1.60151e+18	1.1710e+04	2.610e-18	5.9948e+02	6.4729e+02	2.4892e-15	7.5306e-03	9.9247e-01	2.2213e-03	9.9551e-01	2.2696e-03	1.6513e-19	1.8077e-05	3.3166e-02	8.0477e-01	1.5999e-01	2.3800e-04	3.1927e-02	9.6595e-01	1.4336e-03	4.5497e-04	6.2749e-07	1.8284e-26	0.00e+00	0.00e+00	1.1244e+01
1.61527e+18	1.1747e+04	2.636e-18	5.9948e+02	6.4704e+02	2.7545e-15	7.9529e-03	9.9205e-01	2.3033e-03	9.9547e-01	2.2302e-03	2.0530e-19	1.9015e-05	3.4592e-02	8.0975e-01	1.5367e-01	2.6984e-04	3.3975e-02	9.6394e-01	1.3644e-03	4.5277e-04	5.8263e-07	2.3148e-26	0.00e+00	0.00e+00	1.1635e+01
1.63021e+18	1.1782e+04	2.665e-18	5.9948e+02	6.4676e+02	3.0870e-15	8.4440e-03	9.9156e-01	2.3994e-03	9.9542e-01	2.1841e-03	2.6168e-19	2.0117e-05	3.6264e-02	8.1522e-01	1.4662e-01	3.0982e-04	3.6395e-02	9.6156e-01	1.2867e-03	4.5005e-04	5.3545e-07	3.0079e-26	0.00e+00	0.00e+00	1.2175e+01
1.64690e+18	1.1830e+04	2.697e-18	5.9948e+02	6.4634e+02	3.5111e-15	9.0539e-03	9.9095e-01	2.5187e-03	9.9535e-01	2.1326e-03	3.4663e-19	2.1457e-05	3.8302e-02	8.2120e-01	1.3871e-01	3.6460e-04	3.9518e-02	9.5847e-01	1.2047e-03	4.4695e-04	4.8616e-07	4.0682e-26	0.00e+00	0.00e+00	1.2740e+01
1.66186e+18	1.1853e+04	2.732e-18	5.9948e+02	6.4608e+02	4.0076e-15	9.6795e-03	9.9032e-01	2.6386e-03	9.9527e-01	2.0877e-03	4.5559e-19	2.2836e-05	4.0371e-02	8.2658e-01	1.3135e-01	4.2617e-04	4.2789e-02	9.5521e-01	1.1330e-03	4.4341e-04	4.4342e-07	5.4690e-26	0.00e+00	0.00e+00	1.3232e+01
1.67441e+18	1.1899e+04	2.756e-18	5.9948e+02	6.4561e+02	4.4290e-15	1.0240e-02	9.8976e-01	2.7473e-03	9.9520e-01	2.0558e-03	5.7228e-19	2.4046e-05	4.2228e-02	8.3092e-01	1.2523e-01	4.8737e-04	4.5868e-02	9.5213e-01	1.0748e-03	4.4079e-04	4.1031e-07	6.9636e-26	0.00e+00	0.00e+00	1.3684e+01
1.68783e+18	1.1922e+04	2.785e-18	5.9948e+02	6.4526e+02	4.9960e-15	1.0892e-02	9.8911e-01	2.8746e-03	9.9511e-01	2.0174e-03	7.3881e-19	2.5490e-05	4.4407e-02	8.3557e-01	1.1848e-01	5.6380e-04	4.9460e-02	9.4853e-01	1.0107e-03	4.3715e-04	3.7571e-07	9.1427e-26	0.00e+00	0.00e+00	1.4310e+01
1.70247e+18	1.1947e+04	2.819e-18	5.9948e+02	6.4490e+02	5.7444e-15	1.1692e-02	9.8831e-01	3.0290e-03	9.9500e-01	1.9750e-03	9.9254e-19	2.7244e-05	4.7031e-02	8.4041e-01	1.1111e-01	6.6765e-04	5.4037e-02	9.4392e-01	9.4392e-04	4.3275e-04	3.3999e-07	1.2546e-25	0.00e+00	0.00e+00	1.4933e+01
1.71512e+18	1.1976e+04	2.849e-18	5.9948e+02	6.4444e+02	6.4938e-15	1.2469e-02	9.8753e-01	3.1781e-03	9.9488e-01	1.9420e-03	1.2957e-18	2.8910e-05	4.9552e-02	8.4440e-01	1.0467e-01	7.7944e-04	5.8651e-02	9.3925e-01	8.8798e-04	4.2869e-04	3.1074e-07	1.6650e-25	0.00e+00	0.00e+00	1.5462e+01
1.72565e+18	1.1999e+04	2.873e-18	5.9948e+02	6.4398e+02	7.2058e-15	1.3168e-02	9.8683e-01	3.3142e-03	9.9477e-01	1.9162e-03	1.6266e-18	3.0414e-05	5.1833e-02	8.4753e-01	9.9318e-02	8.8949e-04	6.2931e-02	9.3491e-01	8.4234e-04	4.2503e-04	2.8771e-07	2.1170e-25	0.00e+00	0.00e+00	1.5953e+01
1.73697e+18	1.2011e+04	2.899e-18	5.9948e+02	6.4341e+02	8.0983e-15	1.3976e-02	9.8602e-01	3.4742e-03	9.9464e-01	1.8855e-03	2.0866e-18	3.2151e-05	5.4488e-02	8.5076e-01	9.3505e-02	1.0269e-03	6.7936e-02	9.2982e-01	7.9261e-04	4.2060e-04	2.6391e-07	2.7470e-25	0.00e+00	0.00e+00	1.6630e+01
1.74952e+18	1.2024e+04	2.931e-18	5.9948e+02	6.4292e+02	9.3136e-15	1.4982e-02	9.8502e-01	3.6709e-03	9.9448e-01	1.8509e-03	2.8020e-18	3.4331e-05	5.7734e-02	8.5400e-01	8.7094e-02	1.2156e-03	7.4386e-02	9.2324e-01	7.3946e-04	4.1503e-04	2.3874e-07	3.7565e-25	0.00e+00	0.00e+00	1.7327e+01
1.76066e+18	1.2050e+04	2.957e-18	5.9948e+02	6.4206e+02	1.0518e-14	1.5981e-02	9.8402e-01	3.8665e-03	9.9431e-01	1.8228e-03	3.6690e-18	3.6391e-05	6.0914e-02	8.5654e-01	8.1434e-02	1.4242e-03	8.1066e-02	9.1641e-01	6.9372e-04	4.0994e-04	2.1769e-07	4.9781e-25	0.00e+00	0.00e+00	1.7932e+01
1.77003e+18	1.2053e+04	2.982e-18	5.9948e+02	6.4156e+02	1.1790e-14	1.6911e-02	9.8309e-01	4.0493e-03	9.9415e-01	1.7991e-03	4.6643e-18	3.8366e-05	6.3890e-02	8.5841e-01	7.6641e-02	1.6351e-03	8.7378e-02	9.0993e-01	6.5552e-04	4.0478e-04	2.0051e-07	6.4059e-25	0.00e+00	0.00e+00	1.8490e+01
1.78007e+18	1.2051e+04	3.007e-18	5.9948e+02	6.4106e+02	1.3353e-14	1.7961e-02	9.8204e-01	4.2614e-03	9.9397e-01	1.7725e-03	6.0467e-18	4.0658e-05	6.7305e-02	8.6011e-01	7.1578e-02	1.8947e-03	9.4674e-02	9.0242e-01	6.1526e-04	3.9881e-04	1.8329e-07	8.4125e-25	0.00e+00	0.00e+00	1.9262e+01
1.79123e+18	1.2068e+04	3.034e-18	5.9948e+02	6.4010e+02	1.5317e-14	1.9279e-02	9.8072e-01	4.5206e-03	9.9374e-01	1.7441e-03	8.1604e-18	4.3364e-05	7.1464e-02	8.6155e-01	6.6038e-02	2.2559e-03	1.0418e-01	8.9260e-01	5.7169e-04	3.9182e-04	1.6508e-07	1.1495e-24	0.00e+00	0.00e+00	2.0062e+01
1.80115e+18	1.2050e+04	3.065e-18	5.9948e+02	6.3951e+02	1.7710e-14	2.0646e-02	9.7935e-01	4.7918e-03	9.9349e-01	1.7164e-03	1.0937e-17	4.6229e-05	7.5724e-02	8.6234e-01	6.1051e-02	2.6657e-03	1.1412e-01	8.8230e-01	5.3296e-04	3.8408e-04	1.4902e-07	1.5644e-24	0.00e+00	0.00e+00	2.0755e+01
1.80948e+18	1.2064e+04	3.083e-18	5.9948e+02	6.3851e+02	1.9772e-14	2.1859e-02	9.7814e-01	5.0352e-03	9.9327e-01	1.6972e-03	1.3944e-17	4.8690e-05	7.9542e-02	8.6260e-01	5.7016e-02	3.0716e-03	1.2343e-01	8.7262e-01	5.0195e-04	3.7769e-04	1.3678e-07	2.0110e-24	0.00e+00	0.00e+00	2.1401e+01
1.81847e+18	1.2048e+04	3.107e-18	5.9948e+02	6.3770e+02	2.2576e-14	2.3282e-02	9.7672e-01	5.3271e-03	9.9300e-01	1.6727e-03	1.8294e-17	5.1673e-05	8.4047e-02	8.6246e-01	5.2695e-02	3.5837e-03	1.3432e-01	8.6126e-01	4.6866e-04	3.6975e-04	1.2408e-07	2.6663e-24	0.00e+00	0.00e+00	2.2296e+01
1.82852e+18	1.2029e+04	3.136e-18	5.9948e+02	6.3689e+02	2.6512e-14	2.5119e-02	9.7488e-01	5.6987e-03	9.9266e-01	1.6445e-03	2.5353e-17	5.5474e-05	8.9707e-02	8.6162e-01	4.7922e-02	4.3127e-03	1.4866e-01	8.4624e-01	4.3181e-04	3.5955e-04	1.1024e-07	3.7527e-24	0.00e+00	0.00e+00	2.3242e+01
1.83761e+18	1.2017e+04	3.162e-18	5.9948e+02	6.3579e+02	3.0821e-14	2.7022e-02	9.7298e-01	6.0816e-03	9.9230e-01	1.6205e-03	3.4598e-17	5.9273e-05	9.5478e-02	8.6013e-01	4.3683e-02	5.1531e-03	1.6392e-01	8.3018e-01	3.9903e-04	3.4929e-04	1.1755e-36	5.1880e-24	0.00e+00	0.00e+00	2.4083e+01
1.84536e+18	1.2002e+04	3.182e-18	5.9948e+02	6.3466e+02	3.5233e-14	2.8812e-02	9.7119e-01	6.4492e-03	9.9195e-01	1.6003e-03	4.5484e-17	6.2838e-05	1.0093e-01	8.5824e-01	4.0164e-02	6.0237e-03	1.7856e-01	8.1471e-01	3.7184e-04	3.3969e-04	1.1755e-36	6.8891e-24	0.00e+00	0.00e+00	2.4876e+01
1.85373e+18	1.1986e+04	3.199e-18	5.9948e+02	6.3303e+02	4.0626e-14	3.0867e-02	9.6913e-01	6.8789e-03	9.9154e-01	1.5780e-03	6.0968e-17	6.6853e-05	1.0721e-01	8.5564e-01	3.6517e-02	7.1192e-03	1.9563e-01	7.9658e-01	3.4369e-04	3.2890e-04	1.1755e-36	9.3088e-24	0.00e+00	0.00e+00	2.5981e+01
1.86461e+18	1.1950e+04	3.227e-18	5.9948e+02	6.3114e+02	4.9869e-14	3.3985e-02	9.6601e-01	7.5226e-03	9.9093e-01	1.5466e-03	9.1603e-17	7.2882e-05	1.1645e-01	8.5106e-01	3.1908e-02	8.9524e-03	2.2136e-01	7.6907e-01	3.0747e-04	3.1267e-04	1.1755e-36	1.4210e-23	0.00e+00	0.00e+00	2.7563e+01
1.87535e+18	1.1913e+04	3.262e-18	5.9948e+02	6.2876e+02	6.2970e-14	3.7947e-02	9.6205e-01	8.3110e-03	9.9017e-01	1.5155e-03	1.4458e-16	8.0026e-05	1.2750e-01	8.4455e-01	2.7418e-02	1.1584e-02	2.5387e-01	7.3398e-01	2.7084e-04	2.9297e-04	1.1755e-36	2.2929e-23	0.00e+00	0.00e+00	2.8883e+01
1.88307e+18	1.1866e+04	3.286e-18	5.9948e+02	6.2716e+02	7.5878e-14	4.1318e-02	9.5868e-01	9.0105e-03	9.8950e-01	1.4930e-03	2.0599e-16	8.6315e-05	1.3701e-01	8.3819e-01	2.4299e-02	1.4095e-02	2.8141e-01	7.0397e-01	2.4515e-04	2.7650e-04	1.1755e-36	3.3211e-23	0.00e+00	0.00e+00	2.9860e+01
1.88908e+18	1.1847e+04	3.292e-18	5.9948e+02	6.2505e+02	8.6857e-14	4.4072e-02	9.5593e-01	9.5995e-03	9.8892e-01	1.4778e-03	2.6893e-16	9.1202e-05	1.4490e-01	8.3257e-01	2.2047e-02	1.6358e-02	3.0424e-01	6.7891e-01	2.2666e-04	2.6362e-04	1.1755e-36	4.3698e-23	0.00e+00	0.00e+00	3.0823e+01
1.89572e+18	1.1795e+04	3.304e-18	5.9948e+02	6.2302e+02	1.0238e-13	4.7465e-02	9.5254e-01	1.0332e-02	9.8821e-01	1.4574e-03	3.6443e-16	9.7322e-05	1.5446e-01	8.2544e-01	1.9648e-02	1.9310e-02	3.3106e-01	6.4917e-01	2.0673e-04	2.4826e-04	1.1755e-36	5.9841e-23	0.00e+00	0.00e+00	3.2170e+01
1.90434e+18	1.1741e+04	3.318e-18	5.9948e+02	6.1981e+02	1.2809e-13	5.2614e-02	9.4739e-01	1.1417e-02	9.8715e-01	1.4320e-03	5.5070e-16	1.0604e-04	1.6828e-01	8.1460e-01	1.6698e-02	2.4170e-02	3.7005e-01	6.0537e-01	1.8148e-04	2.2654e-04	1.1755e-36	9.2063e-23	0.00e+00	0.00e+00	3.4111e+01
1.91309e+18	1.1690e+04	3.337e-18	5.9948e+02	6.1537e+02	1.6656e-13	5.9450e-02	9.4055e-01	1.2798e-02	9.8580e-01	1.4065e-03	8.8318e-16	1.1654e-04	1.8522e-01	8.0057e-01	1.3820e-02	3.1212e-02	4.1777e-01	5.5066e-01	1.5523e-04	2.0063e-04	1.1755e-36	1.5169e-22	0.00e+00	0.00e+00	3.5854e+01
1.91937e+18	1.1622e+04	3.350e-18	5.9948e+02	6.1204e+02	2.0732e-13	6.5623e-02	9.3438e-01	1.4073e-02	9.8454e-01	1.3869e-03	1.2848e-15	1.2586e-04	2.0021e-01	7.8758e-01	1.1837e-02	3.8060e-02	4.5679e-01	5.0484e-01	1.3654e-04	1.7950e-04	1.1755e-36	2.2536e-22	0.00e+00	0.00e+00	3.7052e+01
1.92372e+18	1.1586e+04	3.344e-18	5.9948e+02	6.0908e+02	2.3983e-13	7.0114e-02	9.2989e-01	1.5058e-02	9.8357e-01	1.3760e-03	1.6526e-15	1.3269e-04	2.1143e-01	7.7761e-01	1.0595e-02	4.3390e-02	4.8385e-01	4.7247e-01	1.2495e-04	1.6524e-04	1.1755e-36	2.9338e-22	0.00e+00	0.00e+00	3.8078e+01
1.92817e+18	1.1515e+04	3.345e-18	5.9948e+02	6.0654e+02	2.8229e-13	7.5208e-02	9.2479e-01	1.6187e-02	9.8245e-01	1.3612e-03	2.1480e-15	1.4053e-04	2.2386e-01	7.6640e-01	9.3835e-03	4.9558e-02	5.1113e-01	4.3905e-01	1.1365e-04	1.5055e-04	1.1755e-36	3.8636e-22	0.00e+00	0.00e+00	3.9508e+01
1.93394e+18	1.1465e+04	3.334e-18	5.9948e+02	6.0139e+02	3.4758e-13	8.2717e-02	9.1728e-01	1.7784e-02	9.8087e-01	1.3461e-03	3.0251e-15	1.5047e-04	2.4098e-01	7.5075e-01	7.9337e-03	5.9020e-02	5.4727e-01	3.9348e-01	9.9690e-05	1.3150e-04	1.1755e-36	5.5500e-22	0.00e+00	0.00e+00	4.1554e+01
1.93994e+18	1.1394e+04	3.329e-18	5.9948e+02	5.9499e+02	4.4978e-13	9.2909e-02	9.0709e-01	1.9856e-02	9.7881e-01	1.3311e-03	4.5158e-15	1.6265e-04	2.6206e-01	7.3111e-01	6.5039e-03	7.2140e-02	5.8699e-01	3.4068e-01	8.4933e-05	1.1006e-04	1.1755e-36	8.5492e-22	0.00e+00	0.00e+00	4.3472e+01
1.94458e+18	1.1323e+04	3.324e-18	5.9948e+02	5.9060e+02	5.6287e-13	1.0269e-01	8.9731e-01	2.1897e-02	9.7679e-01	1.3179e-03	6.3365e-15	1.7423e-04	2.8173e-01	7.1248e-01	5.4651e-03	8.4998e-02	6.1736e-01	2.9748e-01	7.3896e-05	9.2978e-05	1.1755e-36	1.2347e-21	0.00e+00	0.00e+00	4.4955e+01
1.94807e+18	1.1285e+04	3.295e-18	5.9948e+02	5.8470e+02	6.5918e-13	1.1028e-01	8.8972e-01	2.3564e-02	9.7512e-01	1.3141e-03	8.0308e-15	1.8243e-04	2.9711e-01	6.9780e-01	4.7836e-03	9.5288e-02	6.3782e-01	2.6674e-01	6.6769e-05	8.1550e-05	1.1755e-36	1.5899e-21	0.00e+00	0.00e+00	4.6279e+01
1.95172e+18	1.1211e+04	3.270e-18	5.9948e+02	5.7932e+02	7.8978e-13	1.1918e-01	8.8082e-01	2.5545e-02	9.7315e-01	1.3057e-03	1.0351e-14	1.9206e-04	3.1455e-01	6.8103e-01	4.1184e-03	1.0727e-01	6.5649e-01	2.3611e-01	5.9815e-05	7.0266e-05	1.1755e-36	2.0873e-21	0.00e+00	0.00e+00	4.8138e+01
1.95646e+18	1.1133e+04	3.229e-18	5.9948e+02	5.7066e+02	1.0086e-12	1.3269e-01	8.6731e-01	2.8454e-02	9.7025e-01	1.2993e-03	1.4519e-14	2.0472e-04	3.3883e-01	6.5752e-01	3.3392e-03	1.2541e-01	6.7719e-01	1.9729e-01	5.1332e-05	5.6504e-05	1.1755e-36	3.0186e-21	0.00e+00	0.00e+00	5.0830e+01
1.96124e+18	1.1048e+04	3.184e-18	5.9948e+02	5.5952e+02	1.3434e-12	1.5059e-01	8.4941e-01	3.2155e-02	9.6655e-01	1.2970e-03	2.1246e-14	2.1874e-04	3.6751e-01	6.2956e-01	2.6239e-03	1.4914e-01	6.9314e-01	1.5764e-01	4.2870e-05	4.3025e-05	1.1755e-36	4.6085e-21	0.00e+00	0.00e+00	5.3234e+01
1.96477e+18	1.0968e+04	3.135e-18	5.9948e+02	5.5094e+02	1.6879e-12	1.6632e-01	8.3368e-01	3.5622e-02	9.6308e-01	1.2964e-03	2.8532e-14	2.3067e-04	3.9232e-01	6.0522e-01	2.1550e-03	1.6977e-01	6.9989e-01	1.3027e-01	3.7182e-05	3.4121e-05	1.1755e-36	6.3894e-21	0.00e+00	0.00e+00	5.5014e+01
1.96741e+18	1.0916e+04	3.074e-18	5.9948e+02	5.4254e+02	1.9817e-12	1.7821e-01	8.2179e-01	3.8468e-02	9.6023e-01	1.2995e-03	3.4976e-14	2.3901e-04	4.1142e-01	5.8642e-01	1.8554e-03	1.8538e-01	7.0210e-01	1.1246e-01	3.3622e-05	2.8635e-05	1.1755e-36	7.9785e-21	0.00e+00	0.00e+00	5.6679e+01
1.97025e+18	1.0830e+04	3.014e-18	5.9948e+02	5.3450e+02	2.3915e-12	1.9263e-01	8.0737e-01	4.1968e-02	9.5673e-01	1.2996e-03	4.3862e-14	2.4897e-04	4.3345e-01	5.6468e-01	1.5607e-03	2.0388e-01	7.0088e-01	9.5185e-02	3.0035e-05	2.3409e-05	1.1755e-36	1.0235e-20	0.00e+00	0.00e+00	5.9019e+01
1.97394e+18	1.0739e+04	2.921e-18	5.9948e+02	5.2091e+02	3.0647e-12	2.1396e-01	7.8604e-01	4.7012e-02	9.5168e-01	1.3082e-03	5.8837e-14	2.6027e-04	4.6286e-01	5.3560e-01	1.2298e-03	2.3077e-01	6.9414e-01	7.5044e-02	2.5748e-05	1.7600e-05	1.1755e-36	1.4203e-20	0.00e+00	0.00e+00	6.2397e+01
1.97779e+18	1.0636e+04	2.807e-18	5.9948e+02	5.0349e+02	4.0999e-12	2.4199e-01	7.5801e-01	5.3546e-02	9.4513e-01	1.3238e-03	8.1965e-14	2.7154e-04	4.9712e-01	5.0163e-01	9.3315e-04	2.6515e-01	6.7877e-01	5.6047e-02	2.1448e-05	1.2396e-05	1.1755e-36	2.0690e-20	0.00e+00	0.00e+00	6.5623e+01
1.98080e+18	1.0530e+04	2.699e-18	5.9948e+02	4.8940e+02	5.2370e-12	2.6769e-01	7.3231e-01	6.0142e-02	9.3852e-01	1.3386e-03	1.0747e-13	2.8130e-04	5.2785e-01	4.7110e-01	7.3540e-04	2.9595e-01	6.6068e-01	4.3344e-02	1.8405e-05	9.1030e-06	1.1755e-36	2.8111e-20	0.00e+00	0.00e+00	6.8161e+01
1.98314e+18	1.0457e+04	2.587e-18	5.9948e+02	4.7570e+02	6.2430e-12	2.8731e-01	7.1269e-01	6.5742e-02	9.3290e-01	1.3556e-03	1.2956e-13	2.8690e-04	5.5154e-01	4.4753e-01	6.1090e-04	3.1917e-01	6.4538e-01	3.5432e-02	1.6483e-05	7.1813e-06	1.1755e-36	3.4528e-20	0.00e+00	0.00e+00	7.0508e+01
1.98562e+18	1.0358e+04	2.472e-18	5.9948e+02	4.6257e+02	7.5920e-12	3.1038e-01	6.8962e-01	7.2672e-02	9.2596e-01	1.3717e-03	1.5885e-13	2.9343e-04	5.7809e-01	4.2110e-01	4.9465e-04	3.4591e-01	6.2577e-01	2.8303e-02	1.4582e-05	5.5014e-06	1.1755e-36	4.3322e-20	0.00e+00	0.00e+00	7.3803e+01
1.98884e+18	1.0243e+04	2.304e-18	5.9948e+02	4.4082e+02	9.8342e-12	3.4376e-01	6.5624e-01	8.2566e-02	9.1603e-01	1.4067e-03	2.0548e-13	2.9776e-04	6.1188e-01	3.8743e-01	3.7198e-04	3.8371e-01	5.9561e-01	2.0663e-02	1.2335e-05	3.8000e-06	1.1755e-36	5.7834e-20	0.00e+00	0.00e+00	7.8548e+01
1.99206e+18	1.0116e+04	2.119e-18	5.9948e+02	4.1603e+02	1.3056e-11	3.8420e-01	6.1580e-01	9.4952e-02	9.0359e-01	1.4541e-03	2.6968e-13	2.9931e-04	6.4805e-01	3.5136e-01	2.7361e-04	4.2825e-01	5.5735e-01	1.4387e-02	1.0194e-05	2.4835e-06	1.1755e-36	7.8802e-20	0.00e+00	0.00e+00	8.2600e+01
1.99439e+18	1.0002e+04	1.967e-18	5.9948e+02	3.9738e+02	1.6052e-11	4.1492e-01	5.8508e-01	1.0612e-01	8.9239e-01	1.4921e-03	3.2544e-13	2.9954e-04	6.7587e-01	3.2360e-01	2.1691e-04	4.6138e-01	5.2772e-01	1.0890e-02	8.8737e-06	1.7968e-06	1.1755e-36	9.7006e-20	0.00e+00	0.00e+00	8.5538e+01
1.99612e+18	9.9158e+03	1.849e-18	5.9948e+02	3.8347e+02	1.8533e-11	4.3699e-01	5.6301e-01	1.1548e-01	8.8300e-01	1.5213e-03	3.6918e-13	2.9899e-04	6.9641e-01	3.0309e-01	1.8246e-04	4.8483e-01	5.0631e-01	8.8512e-03	8.0493e-06	1.4162e-06	1.1755e-36	1.1098e-19	0.00e+00	0.00e+00	8.8174e+01
1.99780e+18	9.8357e+03	1.733e-18	5.9948e+02	3.6963e+02	2.1240e-11	4.5893e-01	5.4107e-01	1.2528e-01	8.7316e-01	1.5533e-03	4.1497e-13	2.9720e-04	7.1578e-01	2.8376e-01	1.5400e-04	5.0784e-01	4.8495e-01	7.2051e-03	7.3153e-06	1.1191e-06	1.1755e-36	1.2567e-19	0.00e+00	0.00e+00	9.1227e+01
1.99961e+18	9.7286e+03	1.609e-18	5.9948e+02	3.5328e+02	2.4972e-11	4.8524e-01	5.1476e-01	1.3691e-01	8.6150e-01	1.5916e-03	4.7194e-13	2.9355e-04	7.3636e-01	2.6321e-01	1.2769e-04	5.3498e-01	4.5933e-01	5.6827e-03	6.5344e-06	8.5338e-07	1.1755e-36	1.4418e-19	0.00e+00	0.00e+00	9.4678e+01
2.00136e+18	9.6312e+03	1.488e-18	5.9948e+02	3.3668e+02	2.9144e-11	5.1204e-01	4.8796e-01	1.4934e-01	8.4902e-01	1.6379e-03	5.3211e-13	2.8816e-04	7.5574e-01	2.4386e-01	1.0664e-04	5.6221e-01	4.3332e-01	4.4631e-03	5.8284e-06	6.4833e-07	1.1755e-36	1.6371e-19	0.00e+00	0.00e+00	9.7823e+01
2.00283e+18	9.5461e+03	1.385e-18	5.9948e+02	3.2273e+02	3.3084e-11	5.3406e-01	4.6594e-01	1.6098e-01	8.3734e-01	1.6780e-03	5.8442e-13	2.8327e-04	7.7179e-01	2.2783e-01	9.1922e-05	5.8431e-01	4.1205e-01	3.6328e-03	5.3058e-06	5.1406e-07	1.1755e-36	1.8024e-19	0.00e+00	0.00e+00	1.0048e+02
2.00388e+18	9.4758e+03	1.314e-18	5.9948e+02	3.1314e+02	3.6235e-11	5.4957e-01	4.5043e-01	1.7021e-01	8.2809e-01	1.7061e-03	6.2271e-13	2.7967e-04	7.8314e-01	2.1648e-01	8.2970e-05	5.9973e-01	3.9713e-01	3.1340e-03	4.9659e-06	4.3561e-07	1.1755e-36	1.9193e-19	0.00e+00	0.00e+00	1.0210e+02
2.00459e+18	9.4245e+03	1.265e-18	5.9948e+02	3.0731e+02	3.8338e-11	5.5854e-01	4.4146e-01	1.7706e-01	8.2122e-01	1.7179e-03	6.4609e-13	2.7785e-04	7.9097e-01	2.0866e-01	7.7537e-05	6.0862e-01	3.8852e-01	2.8503e-03	4.7784e-06	3.9221e-07	1.1755e-36	1.9823e-19	0.00e+00	0.00e+00	1.0346e+02
2.00533e+18	9.3684e+03	1.215e-18	5.9948e+02	3.0110e+02	4.0774e-11	5.6842e-01	4.3158e-01	1.8449e-01	8.1378e-01	1.7312e-03	6.7220e-13	2.7561e-04	7.9904e-01	2.0061e-01	7.2133e-05	6.1835e-01	3.7907e-01	2.5735e-03	4.5797e-06	3.5026e-07	1.1755e-36	2.0544e-19	0.00e+00	0.00e+00	1.0526e+02
2.00628e+18	9.2990e+03	1.152e-18	5.9948e+02	2.9201e+02	4.4323e-11	5.8264e-01	4.1736e-01	1.9393e-01	8.0432e-01	1.7579e-03	7.0807e-13	2.7127e-04	8.0868e-01	1.9098e-01	6.5798e-05	6.3224e-01	3.6551e-01	2.2394e-03	4.3068e-06	3.0014e-07	1.1755e-36	2.1553e-19	0.00e+00	0.00e+00	1.0760e+02
2.00728e+18	9.2294e+03	1.087e-18	5.9948e+02	2.8205e+02	4.8577e-11	5.9940e-01	4.0060e-01	2.0422e-01	7.9399e-01	1.7920e-03	7.5073e-13	2.6588e-04	8.1836e-01	1.8131e-01	5.9835e-05	6.4845e-01	3.4963e-01	1.9160e-03	4.0034e-06	2.5219e-07	1.1755e-36	2.2831e-19	0.00e+00	0.00e+00	1.0973e+02
2.00810e+18	9.1878e+03	1.034e-18	5.9948e+02	2.7357e+02	5.1736e-11	6.1142e-01	3.8858e-01	2.1268e-01	7.8549e-01	1.8258e-03	7.7958e-13	2.6074e-04	8.2571e-01	1.7397e-01	5.5698e-05	6.6001e-01	3.3829e-01	1.6942e-03	3.7960e-06	2.2021e-07	1.1755e-36	2.3552e-19	0.00e+00	0.00e+00	1.1135e+02
2.00881e+18	9.1183e+03	9.903e-19	5.9948e+02	2.6735e+02	5.5293e-11	6.2178e-01	3.7822e-01	2.2141e-01	7.7675e-01	1.8412e-03	8.0761e-13	2.5762e-04	8.3269e-01	1.6700e-01	5.2300e-05	6.6993e-01	3.2855e-01	1.5240e-03	3.6261e-06	1.9605e-07	1.1755e-36	2.4253e-19	0.00e+00	0.00e+00	1.1303e+02
2.00958e+18	9.0574e+03	9.423e-19	5.9948e+02	2.6004e+02	5.9117e-11	6.3308e-01	3.6692e-01	2.3084e-01	7.6730e-01	1.8644e-03	8.3692e-13	2.5337e-04	8.3983e-01	1.5986e-01	4.8919e-05	6.8069e-01	3.1796e-01	1.3542e-03	3.4467e-06	1.7225e-07	1.1755e-36	2.4942e-19	0.00e+00	0.00e+00	1.1503e+02
2.01044e+18	8.9936e+03	8.903e-19	5.9948e+02	2.5143e+02	6.3723e-11	6.4638e-01	3.5362e-01	2.4131e-01	7.5679e-01	1.8969e-03	8.7040e-13	2.4782e-04	8.4726e-01	1.5245e-01	4.5537e-05	6.9326e-01	3.0555e-01	1.1823e-03	3.2442e-06	1.4842e-07	1.1755e-36	2.5720e-19	0.00e+00	0.00e+00	1.1719e+02
2.01127e+18	8.9238e+03	8.418e-19	5.9948e+02	2.4313e+02	6.8796e-11	6.5969e-01	3.4031e-01	2.5205e-01	7.4602e-01	1.9288e-03	9.0413e-13	2.4228e-04	8.5425e-01	1.4546e-01	4.2591e-05	7.0575e-01	2.9321e-01	1.0335e-03	3.0512e-06	1.2810e-07	1.1755e-36	2.6483e-19	0.00e+00	0.00e+00	1.1915e+02
2.01201e+18	8.8744e+03	7.993e-19	5.9948e+02	2.3587e+02	7.2949e-11	6.7017e-01	3.2983e-01	2.6173e-01	7.3632e-01	1.9587e-03	9.2932e-13	2.3721e-04	8.6010e-01	1.3961e-01	4.0318e-05	7.1555e-01	2.8353e-01	9.2103e-04	2.9044e-06	1.1755e-36	1.1755e-36	2.6916e-19	0.00e+00	0.00e+00	1.2090e+02
2.01273e+18	8.8006e+03	7.596e-19	5.9948e+02	2.2922e+02	7.8090e-11	6.8052e-01	3.1948e-01	2.7228e-01	7.2574e-01	1.9796e-03	9.5581e-13	2.3277e-04	8.6603e-01	1.3369e-01	3.8244e-05	7.2517e-01	2.7400e-01	8.2256e-04	2.7654e-06	1.1755e-36	1.1755e-36	2.7353e-19	0.00e+00	0.00e+00	1.2283e+02
2.01351e+18	8.7257e+03	7.177e-19	5.9948e+02	2.2191e+02	8.4024e-11	6.9231e-01	3.0769e-01	2.8402e-01	7.1398e-01	2.0054e-03	9.8590e-13	2.2759e-04	8.7218e-01	1.2755e-01	3.6178e-05	7.3608e-01	2.6319e-01	7.2455e-04	2.6122e-06	1.1755e-36	1.1755e-36	2.7868e-19	0.00e+00	0.00e+00	1.2496e+02
2.01430e+18	8.6562e+03	6.765e-19	5.9948e+02	2.1416e+02	9.0228e-11	7.0410e-01	2.9590e-01	2.9566e-01	7.0230e-01	2.0382e-03	1.0137e-12	2.2169e-04	8.7785e-01	1.2189e-01	3.4339e-05	7.4692e-01	2.5244e-01	6.3722e-04	2.4645e-06	1.1755e-36	1.1755e-36	2.8228e-19	0.00e+00	0.00e+00	1.2699e+02
2.01503e+18	8.5989e+03	6.395e-19	5.9948e+02	2.0716e+02	9.5856e-11	7.1421e-01	2.8579e-01	3.0681e-01	6.9112e-01	2.0689e-03	1.0365e-12	2.1624e-04	8.8287e-01	1.1687e-01	3.2831e-05	7.5617e-01	2.4326e-01	5.6707e-04	2.3419e-06	1.1755e-36	1.1755e-36	2.8401e-19	0.00e+00	0.00e+00	1.2889e+02
2.01575e+18	8.5208e+03	6.048e-19	5.9948e+02	2.0065e+02	1.0273e-10	7.2413e-01	2.7587e-01	3.1879e-01	6.7912e-01	2.0913e-03	1.0599e-12	2.1126e-04	8.8787e-01	1.1188e-01	3.1469e-05	7.6520e-01	2.3429e-01	5.0590e-04	2.2260e-06	1.1755e-36	1.1755e-36	2.8549e-19	0.00e+00	0.00e+00	1.3089e+02
2.01649e+18	8.4399e+03	5.698e-19	5.9948e+02	1.9375e+02	1.1049e-10	7.3464e-01	2.6536e-01	3.3151e-01	6.6637e-01	2.1175e-03	1.0839e-12	2.0576e-04	8.9281e-01	1.0695e-01	3.0178e-05	7.7473e-01	2.2482e-01	4.4843e-04	2.1069e-06	1.1755e-36	1.1755e-36	2.8644e-19	0.00e+00	0.00e+00	1.3302e+02
2.01725e+18	8.3582e+03	5.362e-19	5.9948e+02	1.8696e+02	1.1894e-10	7.4529e-01	2.5471e-01	3.4464e-01	6.5321e-01	2.1433e-03	1.1081e-12	2.0021e-04	8.9752e-01	1.0225e-01	2.9006e-05	7.8434e-01	2.1526e-01	3.9706e-04	1.9898e-06	1.1755e-36	1.1755e-36	2.8721e-19	0.00e+00	0.00e+00	1.3510e+02
2.01796e+18	8.2902e+03	5.054e-19	5.9948e+02	1.8046e+02	1.2674e-10	7.5449e-01	2.4551e-01	3.5700e-01	6.4083e-01	2.1722e-03	1.1263e-12	1.9471e-04	9.0162e-01	9.8159e-02	2.8036e-05	7.9260e-01	2.0705e-01	3.5518e-04	1.8916e-06	1.1755e-36	1.1755e-36	2.8557e-19	0.00e+00	0.00e+00	1.3705e+02
2.01865e+18	8.2016e+03	4.766e-19	5.9948e+02	1.7441e+02	1.3639e-10	7.6351e-01	2.3649e-01	3.7028e-01	6.2753e-01	2.1910e-03	1.1452e-12	1.8965e-04	9.0570e-01	9.4077e-02	2.7158e-05	8.0068e-01	1.9900e-01	3.1856e-04	1.7981e-06	1.1755e-36	1.1755e-36	2.8381e-19	0.00e+00	0.00e+00	1.3911e+02
2.01938e+18	8.1111e+03	4.478e-19	5.9948e+02	1.6819e+02	1.4725e-10	7.7315e-01	2.2685e-01	3.8443e-01	6.1335e-01	2.2106e-03	1.1655e-12	1.8431e-04	9.0974e-01	9.0044e-02	2.6319e-05	8.0926e-01	1.9045e-01	2.8414e-04	1.7009e-06	1.1755e-36	1.1755e-36	2.8206e-19	0.00e+00	0.00e+00	1.4128e+02
2.02011e+18	8.0248e+03	4.204e-19	5.9948e+02	1.6188e+02	1.5862e-10	7.8237e-01	2.1763e-01	3.9829e-01	5.9948e-01	2.2357e-03	1.1824e-12	1.7870e-04	9.1338e-01	8.6409e-02	2.5581e-05	8.1744e-01	1.8231e-01	2.5428e-04	1.6103e-06	1.1755e-36	1.1755e-36	2.7862e-19	0.00e+00	0.00e+00	1.4337e+02
2.02080e+18	7.9395e+03	3.956e-19	5.9948e+02	1.5614e+02	1.7045e-10	7.9070e-01	2.0930e-01	4.1212e-01	5.8562e-01	2.2544e-03	1.1975e-12	1.7356e-04	9.1674e-01	8.3059e-02	2.4950e-05	8.2480e-01	1.7497e-01	2.2942e-04	1.5304e-06	1.1755e-36	1.1755e-36	2.7472e-19	0.00e+00	0.00e+00	1.4540e+02
2.02148e+18	7.8481e+03	3.717e-19	5.9948e+02	1.5040e+02	1.8378e-10	7.9862e-01	2.0138e-01	4.2616e-01	5.7157e-01	2.2728e-03	1.2099e-12	1.6837e-04	9.1991e-01	7.9896e-02	2.4387e-05	8.3177e-01	1.6802e-01	2.0771e-04	1.4564e-06	1.1755e-36	1.1755e-36	2.6936e-19	0.00e+00	0.00e+00	1.4751e+02
2.02220e+18	7.7538e+03	3.482e-19	5.9948e+02	1.4463e+02	1.9888e-10	8.0701e-01	1.9299e-01	4.4118e-01	5.5653e-01	2.2895e-03	1.2239e-12	1.6303e-04	9.2305e-01	7.6765e-02	2.3844e-05	8.3913e-01	1.6068e-01	1.8738e-04	1.3797e-06	1.1755e-36	1.1755e-36	2.6420e-19	0.00e+00	0.00e+00	1.4975e+02
2.02292e+18	7.6507e+03	3.258e-19	5.9948e+02	1.3891e+02	2.1659e-10	8.1551e-01	1.8449e-01	4.5651e-01	5.4119e-01	2.3046e-03	1.2378e-12	1.5768e-04	9.2598e-01	7.3832e-02	2.3351e-05	8.4656e-01	1.5327e-01	1.6935e-04	1.3038e-06	1.1755e-36	1.1755e-36	2.5867e-19	0.00e+00	0.00e+00	1.5194e+02
2.02360e+18	7.5500e+03	3.058e-19	5.9948e+02	1.3366e+02	2.3527e-10	8.2302e-01	1.7698e-01	4.7131e-01	5.2638e-01	2.3158e-03	1.2488e-12	1.5272e-04	9.2858e-01	7.1242e-02	2.2940e-05	8.5310e-01	1.4674e-01	1.5466e-04	1.2382e-06	1.1755e-36	1.1755e-36	2.5256e-19	0.00e+00	0.00e+00	1.5398e+02
2.02427e+18	7.4456e+03	2.874e-19	5.9948e+02	1.2886e+02	2.5605e-10	8.2990e-01	1.7010e-01	4.8635e-01	5.1134e-01	2.3179e-03	1.2592e-12	1.4818e-04	9.3103e-01	6.8794e-02	2.2583e-05	8.5908e-01	1.4077e-01	1.4225e-04	1.1794e-06	1.1755e-36	1.1755e-36	2.4651e-19	0.00e+00	0.00e+00	1.5607e+02
2.02495e+18	7.3315e+03	2.692e-19	5.9948e+02	1.2379e+02	2.8106e-10	8.3695e-01	1.6305e-01	5.0197e-01	4.9571e-01	2.3221e-03	1.2684e-12	1.4330e-04	9.3339e-01	6.6439e-02	2.2247e-05	8.6519e-01	1.3468e-01	1.3083e-04	1.1203e-06	1.1755e-36	1.1755e-36	2.3935e-19	0.00e+00	0.00e+00	1.5832e+02
2.02565e+18	7.2093e+03	2.516e-19	5.9948e+02	1.1860e+02	3.1100e-10	8.4419e-01	1.5581e-01	5.1769e-01	4.7998e-01	2.3284e-03	1.2772e-12	1.3822e-04	9.3555e-01	6.4285e-02	2.1937e-05	8.7144e-01	1.2844e-01	1.2054e-04	1.0607e-06	1.1755e-36	1.1755e-36	2.3173e-19	0.00e+00	0.00e+00	1.6053e+02
2.02631e+18	7.0941e+03	2.361e-19	5.9948e+02	1.1397e+02	3.4253e-10	8.5061e-01	1.4939e-01	5.3278e-01	4.6489e-01	2.3288e-03	1.2851e-12	1.3364e-04	9.3744e-01	6.2405e-02	2.1679e-05	8.7697e-01	1.2291e-01	1.1217e-04	1.0088e-06	1.1755e-36	1.1755e-36	2.2466e-19	0.00e+00	0.00e+00	1.6256e+02
2.02694e+18	6.9759e+03	2.222e-19	5.9948e+02	1.0983e+02	3.7816e-10	8.5628e-01	1.4372e-01	5.4772e-01	4.4996e-01	2.3188e-03	1.2923e-12	1.2957e-04	9.3918e-01	6.0670e-02	2.1465e-05	8.8185e-01	1.1805e-01	1.0532e-04	9.6381e-07	1.1755e-36	1.1755e-36	2.1808e-19	0.00e+00	0.00e+00	1.6458e+02
2.02758e+18	6.8504e+03	2.087e-19	5.9948e+02	1.0564e+02	4.2091e-10	8.6198e-01	1.3802e-01	5.6312e-01	4.3457e-01	2.3068e-03	1.2996e-12	1.2539e-04	9.4084e-01	5.9012e-02	2.1265e-05	8.8674e-01	1.1316e-01	9.9099e-05	9.1921e-07	1.1755e-36	1.1755e-36	2.1134e-19	0.00e+00	0.00e+00	1.6674e+02
2.02825e+18	6.7288e+03	1.954e-19	5.9948e+02	1.0124e+02	4.6875e-10	8.6772e-01	1.3228e-01	5.7832e-01	4.1938e-01	2.3026e-03	1.3058e-12	1.2086e-04	9.4231e-01	5.7550e-02	2.1077e-05	8.9165e-01	1.0826e-01	9.3405e-05	8.7486e-07	1.1755e-36	1.1755e-36	2.0402e-19	0.00e+00	0.00e+00	1.6892e+02
2.02889e+18	6.6015e+03	1.836e-19	5.9948e+02	9.7261e+01	5.2529e-10	8.7323e-01	1.2677e-01	5.9325e-01	4.0446e-01	2.2891e-03	1.3138e-12	1.1680e-04	9.4361e-01	5.6250e-02	2.0917e-05	8.9634e-01	1.0357e-01	8.8637e-05	8.3303e-07	1.1755e-36	1.1755e-36	1.9805e-19	0.00e+00	0.00e+00	1.7095e+02
2.02949e+18	6.4645e+03	1.730e-19	5.9948e+02	9.3675e+01	5.9440e-10	8.7808e-01	1.2192e-01	6.0796e-01	3.8978e-01	2.2648e-03	1.3221e-12	1.1317e-04	9.4480e-01	5.5061e-02	2.0791e-05	9.0047e-01	9.9440e-02	8.4832e-05	7.9679e-07	1.1755e-36	1.1755e-36	1.9290e-19	0.00e+00	0.00e+00	1.7294e+02
2.03011e+18	6.3380e+03	1.629e-19	5.9948e+02	9.0122e+01	6.6907e-10	8.8264e-01	1.1736e-01	6.2252e-01	3.7523e-01	2.2426e-03	1.3300e-12	1.0948e-04	9.4588e-01	5.3989e-02	2.0674e-05	9.0435e-01	9.5564e-02	8.1428e-05	7.6299e-07	1.1755e-36	1.1755e-36	1.8787e-19	0.00e+00	0.00e+00	1.7503e+02
2.03074e+18	6.1983e+03	1.530e-19	5.9948e+02	8.6497e+01	7.6494e-10	8.8742e-01	1.1258e-01	6.3730e-01	3.6048e-01	2.2184e-03	1.3403e-12	1.0569e-04	9.4685e-01	5.3025e-02	2.0568e-05	9.0842e-01	9.1503e-02	7.8354e-05	7.2795e-07	1.1755e-36	1.1755e-36	1.8363e-19	0.00e+00	0.00e+00	1.7717e+02
2.03136e+18	6.0592e+03	1.440e-19	5.9948e+02	8.3056e+01	8.7740e-10	8.9194e-01	1.0806e-01	6.5160e-01	3.4620e-01	2.1920e-03	1.3522e-12	1.0207e-04	9.4766e-01	5.2217e-02	2.0478e-05	9.1225e-01	8.7676e-02	7.5765e-05	6.9525e-07	1.1755e-36	1.1755e-36	1.8049e-19	0.00e+00	0.00e+00	1.7922e+02
2.03195e+18	5.9201e+03	1.358e-19	5.9948e+02	7.9931e+01	1.0097e-09	8.9597e-01	1.0403e-01	6.6549e-01	3.3235e-01	2.1589e-03	1.3660e-12	9.8791e-05	9.4836e-01	5.1519e-02	2.0409e-05	9.1566e-01	8.4270e-02	7.3695e-05	6.6648e-07	1.1755e-36	1.1755e-36	1.7884e-19	0.00e+00	0.00e+00	1.8120e+02
2.03255e+18	5.7771e+03	1.283e-19	5.9948e+02	7.6939e+01	1.1711e-09	8.9978e-01	1.0022e-01	6.7935e-01	3.1853e-01	2.1206e-03	1.3830e-12	9.5645e-05	9.4899e-01	5.0896e-02	2.0353e-05	9.1888e-01	8.1048e-02	7.1957e-05	6.3952e-07	1.1755e-36	1.1755e-36	1.7882e-19	0.00e+00	0.00e+00	1.8324e+02
2.03315e+18	5.6289e+03	1.209e-19	5.9948e+02	7.3929e+01	1.3718e-09	9.0362e-01	9.6385e-02	6.9322e-01	3.0470e-01	2.0809e-03	1.4047e-12	9.2453e-05	9.4951e-01	5.0376e-02	2.0304e-05	9.2212e-01	7.7805e-02	7.0431e-05	6.1258e-07	1.1755e-36	1.1755e-36	1.8074e-19	0.00e+00	0.00e+00	1.8535e+02
2.03376e+18	5.4791e+03	1.140e-19	5.9948e+02	7.0997e+01	1.6168e-09	9.0735e-01	9.2651e-02	7.0676e-01	2.9120e-01	2.0401e-03	1.4319e-12	8.9325e-05	9.4990e-01	4.9984e-02	2.0266e-05	9.2527e-01	7.4656e-02	6.9155e-05	5.8662e-07	1.1755e-36	1.1755e-36	1.8519e-19	0.00e+00	0.00e+00	1.8743e+02
2.03436e+18	5.3296e+03	1.078e-19	5.9948e+02	6.8282e+01	1.9114e-09	9.1076e-01	8.9240e-02	7.1981e-01	2.7819e-01	1.9952e-03	1.4653e-12	8.6437e-05	9.5020e-01	4.9696e-02	2.0241e-05	9.2815e-01	7.1780e-02	6.8173e-05	5.6312e-07	1.1755e-36	1.1755e-36	1.9289e-19	0.00e+00	0.00e+00	1.8945e+02
2.03495e+18	5.1783e+03	1.020e-19	5.9948e+02	6.5730e+01	2.2710e-09	9.1392e-01	8.6076e-02	7.3260e-01	2.6545e-01	1.9456e-03	1.5071e-12	8.3736e-05	9.5041e-01	4.9484e-02	2.0227e-05	9.3082e-01	6.9110e-02	6.7427e-05	5.4151e-07	1.1755e-36	1.1755e-36	2.0478e-19	0.00e+00	0.00e+00	1.9149e+02
2.03555e+18	5.0232e+03	9.652e-20	5.9948e+02	6.3221e+01	2.7154e-09	9.1703e-01	8.2968e-02	7.4528e-01	2.5283e-01	1.8934e-03	1.5603e-12	8.1083e-05	9.5053e-01	4.9363e-02	2.0222e-05	9.3344e-01	6.6490e-02	6.6848e-05	5.2044e-07	1.1755e-36	1.1755e-36	2.2216e-19	0.00e+00	0.00e+00	1.9360e+02
2.03614e+18	4.8641e+03	9.141e-20	5.9948e+02	6.0782e+01	3.2412e-09	9.2005e-01	7.9948e-02	7.5746e-01	2.4070e-01	1.8407e-03	1.6062e-12	7.8556e-05	9.5101e-01	4.8890e-02	2.0224e-05	9.3599e-01	6.3944e-02	6.6454e-05	5.0012e-07	1.1755e-36	1.1755e-36	2.3653e-19	0.00e+00	0.00e+00	1.9564e+02
2.03671e+18	4.7136e+03	8.697e-20	5.9948e+02	5.8622e+01	3.8169e-09	9.2270e-01	7.7304e-02	7.6868e-01	2.2953e-01	1.7872e-03	1.6484e-12	7.6358e-05	9.5149e-01	4.8408e-02	2.0235e-05	9.3822e-01	6.1712e-02	6.6243e-05	4.8246e-07	1.1755e-36	1.1755e-36	2.5070e-19	0.00e+00	0.00e+00	1.9753e+02
2.03723e+18	4.5662e+03	8.314e-20	5.9948e+02	5.6736e+01	4.4548e-09	9.2498e-01	7.5025e-02	7.7910e-01	2.1917e-01	1.7307e-03	1.6894e-12	7.4507e-05	9.5197e-01	4.7935e-02	2.0257e-05	9.4015e-01	5.9782e-02	6.6218e-05	4.6737e-07	1.1755e-36	1.1755e-36	2.6589e-19	0.00e+00	0.00e+00	1.9930e+02
2.03772e+18	4.4328e+03	7.979e-20	5.9948e+02	5.5052e+01	5.0837e-09	9.2694e-01	7.3060e-02	7.8848e-01	2.0984e-01	1.6783e-03	1.7245e-12	7.2870e-05	9.5237e-01	4.7533e-02	2.0283e-05	9.4182e-01	5.8115e-02	6.6271e-05	4.5443e-07	1.1755e-36	1.1755e-36	2.7916e-19	0.00e+00	0.00e+00	2.0096e+02
2.03819e+18	4.3036e+03	7.673e-20	5.9948e+02	5.3504e+01	5.7225e-09	9.2876e-01	7.1238e-02	7.9739e-01	2.0098e-01	1.6253e-03	1.7550e-12	7.1408e-05	9.5278e-01	4.7130e-02	2.0313e-05	9.4336e-01	5.6569e-02	6.6397e-05	4.4251e-07	1.1755e-36	1.1755e-36	2.9064e-19	0.00e+00	0.00e+00	2.0261e+02
2.03866e+18	4.1795e+03	7.382e-20	5.9948e+02	5.1982e+01	6.3366e-09	9.3055e-01	6.9452e-02	8.0584e-01	1.9258e-01	1.5756e-03	1.7787e-12	6.9973e-05	9.5313e-01	4.6774e-02	2.0344e-05	9.4488e-01	5.5055e-02	6.6551e-05	4.3083e-07	1.1755e-36	1.1755e-36	2.9850e-19	0.00e+00	0.00e+00	2.0426e+02
2.03913e+18	4.0567e+03	7.102e-20	5.9948e+02	5.0481e+01	6.9142e-09	9.3238e-01	6.7622e-02	8.1405e-01	1.8443e-01	1.5268e-03	1.7954e-12	6.8575e-05	9.5347e-01	4.6442e-02	2.0376e-05	9.4643e-01	5.3507e-02	6.6735e-05	4.1890e-07	1.1755e-36	1.1755e-36	3.0210e-19	0.00e+00	0.00e+00	2.0594e+02
2.03960e+18	3.9354e+03	6.828e-20	5.9948e+02	4.8928e+01	7.4216e-09	9.3430e-01	6.5701e-02	8.2188e-01	1.7663e-01	1.4824e-03	1.8032e-12	6.7118e-05	9.5374e-01	4.6173e-02	2.0409e-05	9.4804e-01	5.1889e-02	6.6939e-05	4.0640e-07	1.1755e-36	1.1755e-36	3.0004e-19	0.00e+00	0.00e+00	2.0760e+02
