#depth	Te	Htot	hden	eden	2H_2/H	HI	HII	HeI	HeII	HeIII	CO/C	C1	C2	C3	C4	O1	O2	O3	O4	O5	O6	H2O/O	AV(point)	AV(extend)	Tau912
2.27909e+14	5.8022e+03	3.040e-21	2.7826e+01	3.0566e+01	2.4890e-18	6.8130e-05	9.9993e-01	2.8332e-04	8.7284e-01	1.2687e-01	1.2386e-26	1.0243e-07	5.6092e-03	9.3434e-01	5.9972e-02	3.6608e-07	1.3971e-02	9.0460e-01	8.1427e-02	1.9356e-06	1.1755e-36	1.1344e-34	0.00e+00	0.00e+00	5.4548e-06
1.36745e+15	5.8003e+03	3.039e-21	2.7826e+01	3.0556e+01	2.4908e-18	6.8113e-05	9.9993e-01	2.8329e-04	8.7292e-01	1.2680e-01	1.2363e-26	1.0233e-07	5.6066e-03	9.3418e-01	6.0131e-02	3.6578e-07	1.3964e-02	9.0486e-01	8.1174e-02	1.9267e-06	1.1755e-36	1.1318e-34	0.00e+00	0.00e+00	2.7269e-05
5.92563e+15	5.7999e+03	3.037e-21	2.7826e+01	3.0553e+01	2.4892e-18	6.8087e-05	9.9993e-01	2.8342e-04	8.7360e-01	1.2612e-01	1.2349e-26	1.0225e-07	5.6044e-03	9.3418e-01	6.0130e-02	3.6574e-07	1.3968e-02	9.0594e-01	8.0087e-02	1.8888e-06	1.1755e-36	1.1303e-34	0.00e+00	0.00e+00	1.1449e-04
2.41583e+16	5.8129e+03	3.025e-21	2.7826e+01	3.0545e+01	2.4552e-18	6.7934e-05	9.9993e-01	2.8398e-04	8.7708e-01	1.2264e-01	1.2285e-26	1.0191e-07	5.5940e-03	9.3435e-01	5.9977e-02	3.6551e-07	1.3986e-02	9.1011e-01	7.5901e-02	1.7475e-06	1.1755e-36	1.1253e-34	0.00e+00	0.00e+00	4.6259e-04
5.77065e+16	5.8162e+03	3.010e-21	2.7826e+01	3.0538e+01	2.4385e-18	6.7802e-05	9.9993e-01	2.8422e-04	8.7909e-01	1.2062e-01	1.2231e-26	1.0151e-07	5.5858e-03	9.3447e-01	5.9875e-02	3.6554e-07	1.4007e-02	9.1599e-01	7.0002e-02	1.5477e-06	1.1755e-36	1.1196e-34	0.00e+00	0.00e+00	9.1425e-04
1.01319e+17	5.8284e+03	2.990e-21	2.7826e+01	3.0526e+01	2.4020e-18	6.7606e-05	9.9993e-01	2.8539e-04	8.8488e-01	1.1483e-01	1.2158e-26	1.0105e-07	5.5744e-03	9.3491e-01	5.9452e-02	3.6561e-07	1.4038e-02	9.2312e-01	6.2836e-02	1.3191e-06	1.1755e-36	1.1125e-34	0.00e+00	0.00e+00	1.4997e-03
1.58016e+17	5.8462e+03	2.966e-21	2.7826e+01	3.0506e+01	2.3493e-18	6.7335e-05	9.9993e-01	2.8755e-04	8.9456e-01	1.0515e-01	1.2046e-26	1.0050e-07	5.5595e-03	9.3563e-01	5.8750e-02	3.6554e-07	1.4075e-02	9.3156e-01	5.4364e-02	1.0667e-06	1.1755e-36	1.1004e-34	0.00e+00	0.00e+00	2.2578e-03
2.31721e+17	5.8674e+03	2.938e-21	2.7826e+01	3.0475e+01	2.2874e-18	6.7007e-05	9.9993e-01	2.9079e-04	9.0836e-01	9.1348e-02	1.1914e-26	9.9861e-08	5.5424e-03	9.3665e-01	5.7759e-02	3.6562e-07	1.4126e-02	9.4114e-01	4.4735e-02	8.0315e-07	1.1755e-36	1.0857e-34	0.00e+00	0.00e+00	3.2384e-03
3.27538e+17	5.8928e+03	2.908e-21	2.7826e+01	3.0444e+01	2.2159e-18	6.6631e-05	9.9993e-01	2.9507e-04	9.2593e-01	7.3772e-02	1.1776e-26	9.9198e-08	5.5249e-03	9.3791e-01	5.6525e-02	3.6604e-07	1.4196e-02	9.5143e-01	3.4378e-02	5.4867e-07	1.1755e-36	1.0695e-34	0.00e+00	0.00e+00	4.5061e-03
4.52100e+17	5.9110e+03	2.878e-21	2.7826e+01	3.0400e+01	2.1567e-18	6.6273e-05	9.9993e-01	3.0017e-04	9.4584e-01	5.3864e-02	1.1658e-26	9.8576e-08	5.5103e-03	9.3935e-01	5.5106e-02	3.6719e-07	1.4289e-02	9.6161e-01	2.4105e-02	3.2878e-07	1.1755e-36	1.0527e-34	0.00e+00	0.00e+00	6.1452e-03
6.14030e+17	5.9249e+03	2.849e-21	2.7826e+01	3.0352e+01	2.1040e-18	6.5922e-05	9.9993e-01	3.0519e-04	9.6529e-01	3.4402e-02	1.1548e-26	9.7985e-08	5.4979e-03	9.4076e-01	5.3717e-02	3.6876e-07	1.4396e-02	9.7063e-01	1.4978e-02	1.6575e-07	1.1755e-36	1.0348e-34	0.00e+00	0.00e+00	8.2649e-03
8.24540e+17	5.9343e+03	2.823e-21	2.7826e+01	3.0302e+01	2.0570e-18	6.5579e-05	9.9993e-01	3.0915e-04	9.8116e-01	1.8532e-02	1.1420e-26	9.7376e-08	5.4848e-03	9.4196e-01	5.2546e-02	3.7022e-07	1.4493e-02	9.7753e-01	7.9807e-03	1.1755e-36	1.1755e-36	1.0135e-34	0.00e+00	0.00e+00	1.1006e-02
1.09820e+18	5.9314e+03	2.803e-21	2.7826e+01	3.0271e+01	2.0326e-18	6.5347e-05	9.9993e-01	3.1200e-04	9.9158e-01	8.1083e-03	1.1346e-26	9.7046e-08	5.4825e-03	9.4292e-01	5.1594e-02	3.7236e-07	1.4589e-02	9.8189e-01	3.5226e-03	1.1755e-36	1.1755e-36	9.9471e-35	0.00e+00	0.00e+00	1.4557e-02
1.45396e+18	5.9202e+03	2.789e-21	2.7826e+01	3.0257e+01	2.0208e-18	6.5183e-05	9.9993e-01	3.1369e-04	9.9690e-01	2.7908e-03	1.1285e-26	9.6899e-08	5.4870e-03	9.4368e-01	5.0830e-02	3.7462e-07	1.4669e-02	9.8408e-01	1.2485e-03	1.1755e-36	1.1755e-36	9.7472e-35	0.00e+00	0.00e+00	1.9162e-02
1.91645e+18	5.9034e+03	2.778e-21	2.7826e+01	3.0253e+01	1.9643e-18	6.5043e-05	9.9993e-01	3.1462e-04	9.9895e-01	7.3686e-04	1.0953e-26	9.6842e-08	5.4955e-03	9.4437e-01	5.0131e-02	3.7679e-07	1.4732e-02	9.8492e-01	3.4701e-04	1.1755e-36	1.1755e-36	9.0214e-35	0.00e+00	0.00e+00	2.5135e-02
2.51769e+18	5.8825e+03	2.768e-21	2.7826e+01	3.0250e+01	1.8997e-18	6.4899e-05	9.9994e-01	3.1526e-04	9.9954e-01	1.4819e-04	1.0562e-26	9.6834e-08	5.5071e-03	9.4512e-01	4.9368e-02	3.7909e-07	1.4790e-02	9.8513e-01	7.5206e-05	1.1755e-36	1.1755e-36	8.2100e-35	0.00e+00	0.00e+00	3.2882e-02
3.29930e+18	5.8572e+03	2.756e-21	2.7826e+01	3.0250e+01	1.8893e-18	6.4754e-05	9.9994e-01	3.1597e-04	9.9966e-01	2.3436e-05	1.0440e-26	9.6908e-08	5.5236e-03	9.4604e-01	4.8438e-02	3.8200e-07	1.4859e-02	9.8513e-01	1.3047e-05	1.1755e-36	1.1755e-36	7.8735e-35	0.00e+00	0.00e+00	4.2932e-02
4.31539e+18	5.8283e+03	2.742e-21	2.7826e+01	3.0250e+01	1.8754e-18	6.4602e-05	9.9994e-01	3.1686e-04	9.9968e-01	3.1264e-06	1.0302e-26	9.7065e-08	5.5452e-03	9.4717e-01	4.7284e-02	3.8576e-07	1.4946e-02	9.8505e-01	1.9144e-06	1.1755e-36	1.1755e-36	7.4891e-35	0.00e+00	0.00e+00	5.5966e-02
5.63631e+18	5.7946e+03	2.725e-21	2.7826e+01	3.0251e+01	1.8074e-18	6.4460e-05	9.9994e-01	3.1807e-04	9.9968e-01	3.6907e-07	9.8993e-27	9.7357e-08	5.5742e-03	9.4858e-01	4.5846e-02	3.9079e-07	1.5060e-02	9.8494e-01	2.5288e-07	1.1755e-36	1.1755e-36	6.6544e-35	0.00e+00	0.00e+00	7.2873e-02
7.35350e+18	5.7559e+03	2.705e-21	2.7826e+01	3.0251e+01	1.7524e-18	6.4344e-05	9.9994e-01	3.1972e-04	9.9968e-01	3.8393e-08	9.5723e-27	9.7842e-08	5.6134e-03	9.5032e-01	4.4063e-02	3.9751e-07	1.5210e-02	9.8479e-01	1.1755e-36	1.1755e-36	1.1755e-36	5.9434e-35	0.00e+00	0.00e+00	9.4813e-02
8.74029e+18	5.7031e+03	2.681e-21	2.7826e+01	3.0251e+01	1.6077e-18	6.3809e-05	9.9994e-01	3.1985e-04	9.9968e-01	7.2426e-09	8.6619e-27	9.7404e-08	5.6251e-03	9.5162e-01	4.2754e-02	4.0090e-07	1.5295e-02	9.8470e-01	1.1755e-36	1.1755e-36	1.1755e-36	4.6524e-35	0.00e+00	0.00e+00	1.0414e-01
9.61432e+18	5.6851e+03	2.671e-21	2.7826e+01	3.0251e+01	1.5938e-18	6.3765e-05	9.9994e-01	3.2063e-04	9.9968e-01	2.9661e-09	8.5810e-27	9.7666e-08	5.6454e-03	9.5243e-01	4.1922e-02	4.0427e-07	1.5368e-02	9.8463e-01	1.1755e-36	1.1755e-36	1.1755e-36	4.4706e-35	0.00e+00	0.00e+00	1.1440e-01
1.05758e+19	5.6667e+03	2.662e-21	2.7826e+01	3.0251e+01	1.5786e-18	6.3732e-05	9.9994e-01	3.2152e-04	9.9968e-01	1.1903e-09	8.4977e-27	9.7995e-08	5.6682e-03	9.5330e-01	4.1029e-02	4.0809e-07	1.5452e-02	9.8455e-01	1.1755e-36	1.1755e-36	1.1755e-36	4.2821e-35	0.00e+00	0.00e+00	1.2567e-01
1.16333e+19	5.6477e+03	2.651e-21	2.7826e+01	3.0251e+01	1.5634e-18	6.3712e-05	9.9994e-01	3.2253e-04	9.9968e-01	4.6795e-10	8.4186e-27	9.8380e-08	5.6936e-03	9.5423e-01	4.0073e-02	4.1234e-07	1.5544e-02	9.8446e-01	1.1755e-36	1.1755e-36	1.1755e-36	4.0962e-35	0.00e+00	0.00e+00	1.3807e-01
1.27967e+19	5.6277e+03	2.640e-21	2.7826e+01	3.0251e+01	1.5449e-18	6.3713e-05	9.9994e-01	3.2367e-04	9.9968e-01	1.8023e-10	8.3305e-27	9.8857e-08	5.7226e-03	9.5522e-01	3.9053e-02	4.1716e-07	1.5648e-02	9.8435e-01	1.1755e-36	1.1755e-36	1.1755e-36	3.8949e-35	0.00e+00	0.00e+00	1.5171e-01
1.40763e+19	5.6079e+03	2.629e-21	2.7826e+01	3.0251e+01	1.4294e-18	6.3725e-05	9.9994e-01	3.2493e-04	9.9968e-01	6.8084e-11	7.7921e-27	9.9366e-08	5.7537e-03	9.5628e-01	3.7964e-02	4.2239e-07	1.5759e-02	9.8424e-01	1.1755e-36	1.1755e-36	1.1755e-36	3.2207e-35	0.00e+00	0.00e+00	1.6672e-01
1.54840e+19	5.5874e+03	2.617e-21	2.7826e+01	3.0251e+01	1.4184e-18	6.3760e-05	9.9994e-01	3.2636e-04	9.9967e-01	2.5313e-11	7.7516e-27	9.9958e-08	5.7883e-03	9.5741e-01	3.6803e-02	4.2823e-07	1.5882e-02	9.8412e-01	1.1755e-36	1.1755e-36	1.1755e-36	3.0868e-35	0.00e+00	0.00e+00	1.8323e-01
1.70324e+19	5.5669e+03	2.605e-21	2.7826e+01	3.0251e+01	1.3989e-18	6.3821e-05	9.9994e-01	3.2796e-04	9.9967e-01	9.3545e-12	7.6801e-27	1.0064e-07	5.8267e-03	9.5860e-01	3.5572e-02	4.3474e-07	1.6018e-02	9.8398e-01	1.1755e-36	1.1755e-36	1.1755e-36	2.9175e-35	0.00e+00	0.00e+00	2.0142e-01
1.87356e+19	5.5460e+03	2.592e-21	2.7826e+01	3.0251e+01	1.3798e-18	6.3916e-05	9.9994e-01	3.2978e-04	9.9967e-01	3.5208e-12	7.6200e-27	1.0143e-07	5.8694e-03	9.5986e-01	3.4268e-02	4.4203e-07	1.6168e-02	9.8383e-01	1.1755e-36	1.1755e-36	1.1755e-36	2.7560e-35	0.00e+00	0.00e+00	2.2145e-01
2.06092e+19	5.5256e+03	2.578e-21	2.7826e+01	3.0251e+01	1.2706e-18	6.4043e-05	9.9994e-01	3.3181e-04	9.9967e-01	1.4216e-12	7.1517e-27	1.0233e-07	5.9167e-03	9.6119e-01	3.2894e-02	4.5014e-07	1.6333e-02	9.8367e-01	1.1755e-36	1.1755e-36	1.1755e-36	2.2496e-35	0.00e+00	0.00e+00	2.4353e-01
2.26701e+19	5.5052e+03	2.564e-21	2.7826e+01	3.0251e+01	1.2568e-18	6.4215e-05	9.9994e-01	3.3412e-04	9.9967e-01	6.6766e-13	7.1385e-27	1.0337e-07	5.9696e-03	9.6258e-01	3.1448e-02	4.5924e-07	1.6516e-02	9.8348e-01	1.1755e-36	1.1755e-36	1.1755e-36	2.1380e-35	0.00e+00	0.00e+00	2.6788e-01
2.49371e+19	5.4855e+03	2.550e-21	2.7826e+01	3.0251e+01	1.2066e-18	6.4436e-05	9.9994e-01	3.3672e-04	9.9966e-01	3.8789e-13	6.9671e-27	1.0457e-07	6.0284e-03	9.6404e-01	2.9935e-02	4.6942e-07	1.6719e-02	9.8328e-01	1.1755e-36	1.1755e-36	1.1755e-36	1.9037e-35	0.00e+00	0.00e+00	2.9476e-01
2.74308e+19	5.4670e+03	2.535e-21	2.7826e+01	3.0251e+01	1.1451e-18	6.4714e-05	9.9994e-01	3.3967e-04	9.9966e-01	2.7266e-13	6.7626e-27	1.0594e-07	6.0938e-03	9.6555e-01	2.8357e-02	4.8083e-07	1.6943e-02	9.8306e-01	1.1755e-36	1.1755e-36	1.1755e-36	1.6576e-35	0.00e+00	0.00e+00	3.2446e-01
3.01739e+19	5.4497e+03	2.520e-21	2.7826e+01	3.0250e+01	1.0967e-18	6.5063e-05	9.9993e-01	3.4303e-04	9.9966e-01	2.1464e-13	6.6368e-27	1.0753e-07	6.1671e-03	9.6711e-01	2.6718e-02	4.9371e-07	1.7193e-02	9.8281e-01	1.1755e-36	1.1755e-36	1.1755e-36	1.4731e-35	0.00e+00	0.00e+00	3.5730e-01
3.31913e+19	5.4342e+03	2.504e-21	2.7826e+01	3.0250e+01	1.0787e-18	6.5493e-05	9.9993e-01	3.4685e-04	9.9965e-01	1.7749e-13	6.6753e-27	1.0936e-07	6.2492e-03	9.6872e-01	2.5027e-02	5.0827e-07	1.7471e-02	9.8253e-01	1.1755e-36	1.1755e-36	1.1755e-36	1.3872e-35	0.00e+00	0.00e+00	3.9367e-01
3.65104e+19	5.4209e+03	2.489e-21	2.7826e+01	3.0250e+01	1.0212e-18	6.6020e-05	9.9993e-01	3.5122e-04	9.9965e-01	1.4913e-13	6.5519e-27	1.1148e-07	6.3415e-03	9.7037e-01	2.3289e-02	5.2481e-07	1.7781e-02	9.8222e-01	1.1755e-36	1.1755e-36	1.1755e-36	1.2060e-35	0.00e+00	0.00e+00	4.3399e-01
4.01614e+19	5.4106e+03	2.473e-21	2.7826e+01	3.0250e+01	9.7790e-19	6.6662e-05	9.9993e-01	3.5623e-04	9.9964e-01	1.2552e-13	6.5248e-27	1.1394e-07	6.4456e-03	9.7204e-01	2.1517e-02	5.4367e-07	1.8129e-02	9.8187e-01	1.1755e-36	1.1755e-36	1.1755e-36	1.0783e-35	0.00e+00	0.00e+00	4.7878e-01
4.41776e+19	5.4037e+03	2.457e-21	2.7826e+01	3.0250e+01	9.6310e-19	6.7440e-05	9.9993e-01	3.6200e-04	9.9964e-01	1.0520e-13	6.6722e-27	1.1680e-07	6.5635e-03	9.7372e-01	1.9720e-02	5.6532e-07	1.8520e-02	9.8148e-01	1.1755e-36	1.1755e-36	1.1755e-36	1.0264e-35	0.00e+00	0.00e+00	5.2862e-01
4.85953e+19	5.4012e+03	2.441e-21	2.7826e+01	3.0250e+01	8.9482e-19	6.8383e-05	9.9993e-01	3.6868e-04	9.9963e-01	8.7580e-14	6.5997e-27	1.2015e-07	6.6978e-03	9.7539e-01	1.7914e-02	5.9033e-07	1.8962e-02	9.8104e-01	1.1755e-36	1.1755e-36	1.1755e-36	8.6680e-36	0.00e+00	0.00e+00	5.8421e-01
5.34548e+19	5.4011e+03	2.426e-21	2.7826e+01	3.0250e+01	8.9318e-19	6.9559e-05	9.9993e-01	3.7663e-04	9.9962e-01	7.2287e-14	6.9168e-27	1.2411e-07	6.8545e-03	9.7704e-01	1.6102e-02	6.2022e-07	1.9480e-02	9.8052e-01	1.1755e-36	1.1755e-36	1.1755e-36	8.5451e-36	0.00e+00	0.00e+00	6.4641e-01
5.88003e+19	5.4093e+03	2.410e-21	2.7826e+01	3.0250e+01	8.8610e-19	7.0951e-05	9.9993e-01	3.8580e-04	9.9961e-01	5.9096e-14	7.2887e-27	1.2881e-07	7.0333e-03	9.7864e-01	1.4322e-02	6.5469e-07	2.0059e-02	9.7994e-01	1.1755e-36	1.1755e-36	1.1755e-36	8.3877e-36	0.00e+00	0.00e+00	7.1620e-01
6.46804e+19	5.4251e+03	2.395e-21	2.7826e+01	3.0250e+01	8.1287e-19	7.2637e-05	9.9993e-01	3.9662e-04	9.9960e-01	4.7796e-14	7.3857e-27	1.3435e-07	7.2399e-03	9.8018e-01	1.2583e-02	6.9549e-07	2.0724e-02	9.7928e-01	1.1755e-36	1.1755e-36	1.1755e-36	7.0324e-36	0.00e+00	0.00e+00	7.9480e-01
7.11484e+19	5.4496e+03	2.381e-21	2.7826e+01	3.0250e+01	8.0165e-19	7.4691e-05	9.9993e-01	4.0954e-04	9.9959e-01	3.8181e-14	7.9589e-27	1.4100e-07	7.4823e-03	9.8161e-01	1.0903e-02	7.4459e-07	2.1499e-02	9.7850e-01	1.1755e-36	1.1755e-36	1.1755e-36	6.9571e-36	0.00e+00	0.00e+00	8.8370e-01
7.82632e+19	5.4795e+03	2.370e-21	2.7826e+01	3.0249e+01	7.8960e-19	7.7267e-05	9.9992e-01	4.2538e-04	9.9957e-01	3.0021e-14	8.7174e-27	1.4937e-07	7.7786e-03	9.8293e-01	9.2951e-03	8.0574e-07	2.2428e-02	9.7757e-01	1.1755e-36	1.1755e-36	1.1755e-36	6.8949e-36	0.00e+00	0.00e+00	9.8486e-01
8.60896e+19	5.5239e+03	2.360e-21	2.7826e+01	3.0249e+01	7.8672e-19	8.0417e-05	9.9992e-01	4.4461e-04	9.9956e-01	2.3233e-14	9.8132e-27	1.5952e-07	8.1307e-03	9.8408e-01	7.7879e-03	8.8123e-07	2.3527e-02	9.7647e-01	1.1755e-36	1.1755e-36	1.1755e-36	7.1423e-36	0.00e+00	0.00e+00	1.1007e+00
9.46985e+19	5.5830e+03	2.351e-21	2.7826e+01	3.0249e+01	8.0314e-19	8.4341e-05	9.9992e-01	4.6845e-04	9.9953e-01	1.7633e-14	1.1482e-26	1.7221e-07	8.5613e-03	9.8504e-01	6.3955e-03	9.7719e-07	2.4858e-02	9.7514e-01	1.1755e-36	1.1755e-36	1.1755e-36	7.9368e-36	0.00e+00	0.00e+00	1.2343e+00
1.04168e+20	5.6690e+03	2.342e-21	2.7826e+01	3.0249e+01	7.8381e-19	8.9182e-05	9.9991e-01	4.9798e-04	9.9950e-01	1.3089e-14	1.3553e-26	1.8817e-07	9.0888e-03	9.8577e-01	5.1392e-03	1.1003e-06	2.6473e-02	9.7353e-01	1.1755e-36	1.1755e-36	1.1755e-36	8.3893e-36	0.00e+00	0.00e+00	1.3897e+00
1.14585e+20	5.7654e+03	2.340e-21	2.7826e+01	3.0248e+01	7.8686e-19	9.5535e-05	9.9990e-01	5.3689e-04	9.9946e-01	9.4455e-15	1.6891e-26	2.0923e-07	9.7739e-03	9.8621e-01	4.0151e-03	1.2695e-06	2.8552e-02	9.7145e-01	1.1755e-36	1.1755e-36	1.1755e-36	9.5234e-36	0.00e+00	0.00e+00	1.5728e+00
1.26044e+20	5.8842e+03	2.343e-21	2.7826e+01	3.0248e+01	8.1355e-19	1.0391e-04	9.9990e-01	5.8897e-04	9.9941e-01	6.5915e-15	2.2491e-26	2.3763e-07	1.0679e-02	9.8628e-01	3.0378e-03	1.5082e-06	3.1259e-02	9.6874e-01	1.1755e-36	1.1755e-36	1.1755e-36	1.1839e-35	0.00e+00	0.00e+00	1.7919e+00
1.37321e+20	6.0193e+03	2.352e-21	2.7826e+01	3.0247e+01	8.2729e-19	1.1374e-04	9.9989e-01	6.5140e-04	9.9935e-01	4.4773e-15	3.0495e-26	2.7162e-07	1.1745e-02	9.8595e-01	2.3050e-03	1.8158e-06	3.4482e-02	9.6552e-01	1.1755e-36	1.1755e-36	1.1755e-36	1.4675e-35	0.00e+00	0.00e+00	2.0027e+00
1.47009e+20	6.1478e+03	2.365e-21	2.7826e+01	3.0247e+01	8.5835e-19	1.2406e-04	9.9988e-01	7.1893e-04	9.9928e-01	3.2649e-15	4.1499e-26	3.0832e-07	1.2883e-02	9.8531e-01	1.8046e-03	2.1735e-06	3.7931e-02	9.6207e-01	1.1755e-36	1.1755e-36	1.1755e-36	1.8865e-35	0.00e+00	0.00e+00	2.1950e+00
1.55405e+20	6.2665e+03	2.381e-21	2.7826e+01	3.0246e+01	9.2117e-19	1.3487e-04	9.9987e-01	7.9237e-04	9.9921e-01	2.4966e-15	5.7034e-26	3.4820e-07	1.4104e-02	9.8445e-01	1.4444e-03	2.5904e-06	4.1629e-02	9.5837e-01	1.1755e-36	1.1755e-36	1.1755e-36	2.5690e-35	0.00e+00	0.00e+00	2.3837e+00
1.63211e+20	6.3823e+03	2.400e-21	2.7826e+01	3.0245e+01	9.8537e-19	1.4686e-04	9.9985e-01	8.7736e-04	9.9912e-01	1.9216e-15	7.9181e-26	3.9414e-07	1.5498e-02	9.8334e-01	1.1624e-03	3.1086e-06	4.5859e-02	9.5414e-01	1.1755e-36	1.1755e-36	1.1755e-36	3.4756e-35	0.00e+00	0.00e+00	2.5810e+00
1.70662e+20	6.4992e+03	2.420e-21	2.7826e+01	3.0245e+01	1.0823e-18	1.6047e-04	9.9984e-01	9.7865e-04	9.9902e-01	1.4712e-15	1.1336e-25	4.4841e-07	1.7133e-02	9.8193e-01	9.3597e-04	3.7752e-06	5.0862e-02	9.4913e-01	1.1755e-36	1.1755e-36	1.1755e-36	4.9838e-35	0.00e+00	0.00e+00	2.7855e+00
1.77601e+20	6.6149e+03	2.443e-21	2.7826e+01	3.0244e+01	1.1833e-18	1.7559e-04	9.9982e-01	1.0977e-03	9.9890e-01	1.1333e-15	1.6404e-25	5.1142e-07	1.9020e-02	9.8022e-01	7.5754e-04	4.6241e-06	5.6708e-02	9.4329e-01	1.1755e-36	1.1755e-36	1.1755e-36	7.0912e-35	0.00e+00	0.00e+00	2.9898e+00
1.83887e+20	6.7255e+03	2.466e-21	2.7826e+01	3.0243e+01	1.3117e-18	1.9190e-04	9.9981e-01	1.2348e-03	9.9877e-01	8.8818e-16	2.3999e-25	5.8284e-07	2.1149e-02	9.7823e-01	6.1863e-04	5.6830e-06	6.3395e-02	9.3660e-01	1.1755e-36	1.1755e-36	1.1755e-36	1.0357e-34	0.00e+00	0.00e+00	3.1903e+00
1.89560e+20	6.8300e+03	2.489e-21	2.7826e+01	3.0242e+01	1.4828e-18	2.0935e-04	9.9979e-01	1.3920e-03	9.9861e-01	7.8814e-16	3.5493e-25	6.6343e-07	2.3540e-02	9.7595e-01	5.0932e-04	7.0002e-06	7.1020e-02	9.2897e-01	1.1755e-36	1.1755e-36	1.1755e-36	1.5637e-34	0.00e+00	0.00e+00	3.3888e+00
1.94739e+20	6.9220e+03	2.513e-21	2.7826e+01	3.0240e+01	1.6505e-18	2.2832e-04	9.9977e-01	1.5765e-03	9.9842e-01	6.2601e-16	5.2428e-25	7.5596e-07	2.6275e-02	9.7330e-01	4.2091e-04	8.6687e-06	7.9874e-02	9.2012e-01	1.1755e-36	1.1755e-36	1.1755e-36	2.2652e-34	0.00e+00	0.00e+00	3.5877e+00
1.99499e+20	7.0263e+03	2.533e-21	2.7826e+01	3.0239e+01	1.8033e-18	2.4839e-04	9.9975e-01	1.7929e-03	9.9821e-01	5.0093e-16	7.7536e-25	8.6119e-07	2.9382e-02	9.7027e-01	3.4945e-04	1.0766e-05	9.0099e-02	9.0989e-01	1.1755e-36	1.1755e-36	1.1755e-36	3.2414e-34	0.00e+00	0.00e+00	3.7867e+00
2.03862e+20	7.1079e+03	2.557e-21	2.7826e+01	3.0238e+01	2.0813e-18	2.7046e-04	9.9973e-01	2.0519e-03	9.9795e-01	4.0296e-16	1.1811e-24	9.8404e-07	3.2991e-02	9.6672e-01	2.9010e-04	1.3477e-05	1.0224e-01	8.9775e-01	1.1755e-36	1.1755e-36	1.1755e-36	5.0214e-34	0.00e+00	0.00e+00	3.9846e+00
2.07834e+20	7.2086e+03	2.574e-21	2.7826e+01	3.0236e+01	2.2620e-18	2.9323e-04	9.9971e-01	2.3565e-03	9.9764e-01	3.2728e-16	1.7647e-24	1.1224e-06	3.7066e-02	9.6269e-01	2.4207e-04	1.6869e-05	1.1623e-01	8.8375e-01	1.1755e-36	1.1755e-36	1.1755e-36	7.1592e-34	0.00e+00	0.00e+00	4.1791e+00
2.11436e+20	7.2875e+03	2.593e-21	2.7826e+01	3.0234e+01	2.5872e-18	3.1771e-04	9.9968e-01	2.7220e-03	9.9728e-01	2.6768e-16	2.7009e-24	1.2826e-06	4.1762e-02	9.5803e-01	2.0195e-04	2.1213e-05	1.3275e-01	8.6723e-01	1.1755e-36	1.1755e-36	1.1755e-36	1.0995e-33	0.00e+00	0.00e+00	4.3704e+00
2.14706e+20	7.3775e+03	2.607e-21	2.7826e+01	3.0232e+01	2.8146e-18	3.4289e-04	9.9966e-01	3.1613e-03	9.9684e-01	2.2055e-16	4.0639e-24	1.4644e-06	4.7105e-02	9.5273e-01	1.6888e-04	2.6675e-05	1.5197e-01	8.4801e-01	1.1755e-36	1.1755e-36	1.1755e-36	1.5674e-33	0.00e+00	0.00e+00	4.5579e+00
2.17677e+20	7.4608e+03	2.621e-21	2.7826e+01	3.0230e+01	3.2904e-18	3.6924e-04	9.9963e-01	3.7046e-03	9.9630e-01	1.8256e-16	6.3340e-24	1.6755e-06	5.3268e-02	9.4659e-01	1.4108e-04	3.3614e-05	1.7461e-01	8.2536e-01	1.1755e-36	1.1755e-36	1.1755e-36	2.5548e-33	0.00e+00	0.00e+00	4.7413e+00
2.20359e+20	7.5439e+03	2.632e-21	2.7826e+01	3.0227e+01	3.5535e-18	3.9614e-04	9.9960e-01	4.3743e-03	9.9563e-01	1.5172e-16	9.5224e-24	1.9142e-06	6.0226e-02	9.3965e-01	1.1783e-04	4.2332e-05	2.0116e-01	7.9879e-01	1.1755e-36	1.1755e-36	1.1755e-36	3.5943e-33	0.00e+00	0.00e+00	4.9178e+00
2.22767e+20	7.6219e+03	2.641e-21	2.7826e+01	3.0224e+01	3.9868e-18	4.2363e-04	9.9958e-01	5.2034e-03	9.9480e-01	1.2673e-16	1.4578e-23	2.1890e-06	6.8280e-02	9.3162e-01	9.8275e-05	5.3264e-05	2.3224e-01	7.6771e-01	1.1755e-36	1.1755e-36	1.1755e-36	5.4324e-33	0.00e+00	0.00e+00	5.0874e+00
2.24930e+20	7.7000e+03	2.647e-21	2.7826e+01	3.0221e+01	4.2948e-18	4.5125e-04	9.9955e-01	6.2448e-03	9.9376e-01	1.0610e-16	2.1873e-23	2.5019e-06	7.7464e-02	9.2245e-01	8.1787e-05	6.6846e-05	2.6845e-01	7.3148e-01	1.1755e-36	1.1755e-36	1.1755e-36	7.6223e-33	0.00e+00	0.00e+00	5.2497e+00
2.26874e+20	7.7793e+03	2.651e-21	2.7826e+01	3.0216e+01	4.6927e-18	4.7873e-04	9.9952e-01	7.5797e-03	9.9242e-01	8.8923e-17	3.2951e-23	2.8579e-06	8.7933e-02	9.1200e-01	6.7819e-05	8.3601e-05	3.1056e-01	6.8935e-01	1.1755e-36	1.1755e-36	1.1755e-36	1.1034e-32	0.00e+00	0.00e+00	5.4045e+00
2.28617e+20	7.8605e+03	2.651e-21	2.7826e+01	3.0211e+01	5.3575e-18	5.0570e-04	9.9949e-01	9.3295e-03	9.9067e-01	7.4459e-17	5.0463e-23	3.2615e-06	9.9830e-02	9.0011e-01	5.5965e-05	1.0406e-04	3.5923e-01	6.4066e-01	1.1755e-36	1.1755e-36	1.1755e-36	1.7428e-32	0.00e+00	0.00e+00	5.5506e+00
2.29974e+20	7.9312e+03	2.649e-21	2.7826e+01	3.0203e+01	6.2132e-18	5.2844e-04	9.9947e-01	1.1327e-02	9.8867e-01	6.2244e-17	7.4406e-23	3.6571e-06	1.1171e-01	8.8824e-01	4.7304e-05	1.2575e-04	4.0898e-01	5.9089e-01	1.1755e-36	1.1755e-36	1.1755e-36	2.7694e-32	0.00e+00	0.00e+00	5.6499e+00
2.30884e+20	7.9806e+03	2.646e-21	2.7826e+01	3.0197e+01	6.8271e-18	5.4458e-04	9.9946e-01	1.3154e-02	9.8685e-01	5.5970e-17	9.7714e-23	3.9675e-06	1.2107e-01	8.7889e-01	4.1586e-05	1.4392e-04	4.4931e-01	5.5055e-01	1.1755e-36	1.1755e-36	1.1755e-36	3.7753e-32	0.00e+00	0.00e+00	5.7215e+00
2.31606e+20	8.0340e+03	2.641e-21	2.7826e+01	3.0191e+01	7.1219e-18	5.5740e-04	9.9944e-01	1.5135e-02	9.8486e-01	5.1414e-17	1.2059e-22	4.2543e-06	1.2955e-01	8.7041e-01	3.7110e-05	1.6049e-04	4.8496e-01	5.1487e-01	1.1755e-36	1.1755e-36	1.1755e-36	4.6244e-32	0.00e+00	0.00e+00	5.7897e+00
2.32301e+20	8.0809e+03	2.637e-21	2.7826e+01	3.0185e+01	7.5062e-18	5.7052e-04	9.9943e-01	1.7633e-02	9.8237e-01	4.6346e-17	1.4952e-22	4.5634e-06	1.3878e-01	8.6118e-01	3.2856e-05	1.7897e-04	5.2362e-01	4.7621e-01	1.1755e-36	1.1755e-36	1.1755e-36	5.7329e-32	0.00e+00	0.00e+00	5.8593e+00
2.32964e+20	8.1284e+03	2.634e-21	2.7826e+01	3.0178e+01	7.8009e-18	5.8334e-04	9.9942e-01	2.0882e-02	9.7912e-01	4.1220e-17	1.8391e-22	4.8949e-06	1.4861e-01	8.5136e-01	2.8916e-05	1.9944e-04	5.6571e-01	4.3409e-01	1.1755e-36	1.1755e-36	1.1755e-36	6.9306e-32	0.00e+00	0.00e+00	5.9239e+00
2.33536e+20	8.1713e+03	2.630e-21	2.7826e+01	3.0169e+01	8.0929e-18	5.9474e-04	9.9941e-01	2.4777e-02	9.7522e-01	3.6764e-17	2.2246e-22	5.2202e-06	1.5838e-01	8.4159e-01	2.5563e-05	2.2005e-04	6.0741e-01	3.9237e-01	1.1755e-36	1.1755e-36	1.1755e-36	8.2610e-32	0.00e+00	0.00e+00	5.9775e+00
2.33999e+20	8.2086e+03	2.626e-21	2.7826e+01	3.0158e+01	8.3417e-18	6.0409e-04	9.9940e-01	2.9112e-02	9.7089e-01	3.3299e-17	2.6126e-22	5.5120e-06	1.6722e-01	8.3276e-01	2.2857e-05	2.3900e-04	6.4526e-01	3.5450e-01	1.1755e-36	1.1755e-36	1.1755e-36	9.5846e-32	0.00e+00	0.00e+00	6.0213e+00
2.34382e+20	8.2393e+03	2.622e-21	2.7826e+01	3.0146e+01	8.5732e-18	6.1202e-04	9.9939e-01	3.3952e-02	9.6605e-01	3.0451e-17	2.9992e-22	5.7752e-06	1.7521e-01	8.2477e-01	2.0600e-05	2.5642e-04	6.7958e-01	3.2017e-01	1.1755e-36	1.1755e-36	1.1755e-36	1.0901e-31	0.00e+00	0.00e+00	6.0593e+00
2.34719e+20	8.2689e+03	2.618e-21	2.7826e+01	3.0133e+01	8.7633e-18	6.1894e-04	9.9938e-01	3.9628e-02	9.6037e-01	2.7845e-17	3.3922e-22	6.0225e-06	1.8273e-01	8.1725e-01	1.8611e-05	2.7310e-04	7.1214e-01	2.8758e-01	1.1755e-36	1.1755e-36	1.1755e-36	1.2204e-31	0.00e+00	0.00e+00	6.0941e+00
2.35021e+20	8.2939e+03	2.615e-21	2.7826e+01	3.0117e+01	8.9460e-18	6.2532e-04	9.9937e-01	4.6516e-02	9.5348e-01	2.5349e-17	3.7994e-22	6.2599e-06	1.8996e-01	8.1001e-01	1.6805e-05	2.8948e-04	7.4384e-01	2.5587e-01	1.1755e-36	1.1755e-36	1.1755e-36	1.3523e-31	0.00e+00	0.00e+00	6.1255e+00
2.35288e+20	8.3162e+03	2.611e-21	2.7826e+01	3.0098e+01	9.0907e-18	6.3092e-04	9.9937e-01	5.4769e-02	9.4523e-01	2.3029e-17	4.2023e-22	6.4801e-06	1.9672e-01	8.0326e-01	1.5198e-05	3.0511e-04	7.7398e-01	2.2571e-01	1.1755e-36	1.1755e-36	1.1755e-36	1.4760e-31	0.00e+00	0.00e+00	6.1529e+00
2.35516e+20	8.3333e+03	2.608e-21	2.7826e+01	3.0076e+01	9.2256e-18	6.3577e-04	9.9936e-01	6.4383e-02	9.3562e-01	2.0961e-17	4.5881e-22	6.6770e-06	2.0280e-01	7.9718e-01	1.3795e-05	3.1951e-04	8.0161e-01	1.9807e-01	1.1755e-36	1.1755e-36	1.1755e-36	1.5916e-31	0.00e+00	0.00e+00	6.1763e+00
2.35710e+20	8.3483e+03	2.604e-21	2.7826e+01	3.0051e+01	9.3436e-18	6.3977e-04	9.9936e-01	7.5410e-02	9.2459e-01	1.9126e-17	4.9485e-22	6.8485e-06	2.0815e-01	7.9183e-01	1.2574e-05	3.3246e-04	8.2648e-01	1.7318e-01	1.1755e-36	1.1755e-36	1.1755e-36	1.6994e-31	0.00e+00	0.00e+00	6.1964e+00
2.35878e+20	8.3589e+03	2.601e-21	2.7826e+01	3.0021e+01	9.4365e-18	6.4325e-04	9.9936e-01	8.8192e-02	9.1181e-01	1.7441e-17	5.2790e-22	6.9997e-06	2.1291e-01	7.8707e-01	1.1486e-05	3.4424e-04	8.4905e-01	1.5060e-01	1.1755e-36	1.1755e-36	1.1755e-36	1.7900e-31	0.00e+00	0.00e+00	6.2140e+00
2.36025e+20	8.3680e+03	2.596e-21	2.7826e+01	2.9987e+01	9.5152e-18	6.4617e-04	9.9935e-01	1.0321e-01	8.9679e-01	1.5847e-17	5.5862e-22	7.1325e-06	2.1715e-01	7.8283e-01	1.0500e-05	3.5499e-04	8.6973e-01	1.2992e-01	1.1755e-36	1.1755e-36	1.1755e-36	1.8721e-31	0.00e+00	0.00e+00	6.2297e+00
2.36155e+20	8.3732e+03	2.592e-21	2.7826e+01	2.9948e+01	9.6138e-18	6.4872e-04	9.9935e-01	1.2092e-01	8.7908e-01	1.4326e-17	5.8772e-22	7.2490e-06	2.2093e-01	7.7905e-01	9.5965e-06	3.6481e-04	8.8861e-01	1.1103e-01	1.1755e-36	1.1755e-36	1.1755e-36	1.9526e-31	0.00e+00	0.00e+00	6.2436e+00
2.36270e+20	8.3772e+03	2.586e-21	2.7826e+01	2.9901e+01	9.6966e-18	6.5074e-04	9.9935e-01	1.4160e-01	8.5840e-01	1.2888e-17	6.1385e-22	7.3471e-06	2.2421e-01	7.7577e-01	8.7745e-06	3.7353e-04	9.0557e-01	9.4053e-02	1.1755e-36	1.1755e-36	1.1755e-36	2.0224e-31	0.00e+00	0.00e+00	6.2558e+00
2.36370e+20	8.3774e+03	2.580e-21	2.7826e+01	2.9847e+01	9.7814e-18	6.5241e-04	9.9935e-01	1.6557e-01	8.3443e-01	1.1533e-17	6.3706e-22	7.4287e-06	2.2704e-01	7.7294e-01	8.0236e-06	3.8122e-04	9.2060e-01	7.9019e-02	1.1755e-36	1.1755e-36	1.1755e-36	2.0816e-31	0.00e+00	0.00e+00	6.2666e+00
2.36458e+20	8.3770e+03	2.572e-21	2.7826e+01	2.9785e+01	9.8485e-18	6.5357e-04	9.9935e-01	1.9324e-01	8.0676e-01	1.0250e-17	6.5699e-22	7.4933e-06	2.2943e-01	7.7056e-01	7.3350e-06	3.8783e-04	9.3380e-01	6.5811e-02	1.1755e-36	1.1755e-36	1.1755e-36	2.1287e-31	0.00e+00	0.00e+00	6.2761e+00
2.36537e+20	8.3734e+03	2.562e-21	2.7826e+01	2.9713e+01	9.9179e-18	6.5443e-04	9.9935e-01	2.2529e-01	7.7471e-01	9.0213e-18	6.7417e-22	7.5437e-06	2.3145e-01	7.6853e-01	6.6938e-06	3.9353e-04	9.4536e-01	5.4244e-02	1.1755e-36	1.1755e-36	1.1755e-36	2.1657e-31	0.00e+00	0.00e+00	6.2846e+00
2.36607e+20	8.3667e+03	2.551e-21	2.7826e+01	2.9629e+01	9.9911e-18	6.5498e-04	9.9935e-01	2.6242e-01	7.3758e-01	7.8390e-18	6.8872e-22	7.5807e-06	2.3315e-01	7.6684e-01	6.0914e-06	3.9837e-04	9.5542e-01	4.4180e-02	1.1755e-36	1.1755e-36	1.1755e-36	2.1931e-31	0.00e+00	0.00e+00	6.2924e+00
2.36672e+20	8.3609e+03	2.537e-21	2.7826e+01	2.9533e+01	1.0040e-17	6.5498e-04	9.9935e-01	3.0516e-01	6.9484e-01	6.7082e-18	7.0004e-22	7.6023e-06	2.3449e-01	7.6550e-01	5.5254e-06	4.0227e-04	9.6407e-01	3.5530e-02	1.1755e-36	1.1755e-36	1.1755e-36	2.2086e-31	0.00e+00	0.00e+00	6.2994e+00
2.36730e+20	8.3489e+03	2.521e-21	2.7826e+01	2.9423e+01	1.0116e-17	6.5488e-04	9.9935e-01	3.5412e-01	6.4588e-01	5.6307e-18	7.0928e-22	7.6131e-06	2.3557e-01	7.6441e-01	4.9864e-06	4.0547e-04	9.7140e-01	2.8190e-02	1.1755e-36	1.1755e-36	1.1755e-36	2.2159e-31	0.00e+00	0.00e+00	6.3059e+00
2.36785e+20	8.3373e+03	2.499e-21	2.7826e+01	2.9271e+01	1.0095e-17	6.5365e-04	9.9935e-01	4.0941e-01	5.9059e-01	4.5831e-18	7.1097e-22	7.5996e-06	2.3620e-01	7.6379e-01	4.4780e-06	4.0746e-04	9.7754e-01	2.2048e-02	1.1755e-36	1.1755e-36	1.1755e-36	2.1731e-31	0.00e+00	0.00e+00	6.3119e+00
2.36837e+20	8.3237e+03	2.478e-21	2.7826e+01	2.9146e+01	1.0152e-17	6.5309e-04	9.9935e-01	4.7222e-01	5.2778e-01	3.6259e-18	7.1575e-22	7.5940e-06	2.3682e-01	7.6317e-01	3.9786e-06	4.0940e-04	9.8267e-01	1.6918e-02	1.1755e-36	1.1755e-36	1.1755e-36	2.1630e-31	0.00e+00	0.00e+00	6.3177e+00
2.36887e+20	8.3059e+03	2.453e-21	2.7826e+01	2.8992e+01	1.0214e-17	6.5207e-04	9.9935e-01	5.4234e-01	4.5766e-01	2.7513e-18	7.1772e-22	7.5717e-06	2.3716e-01	7.6283e-01	3.4924e-06	4.1062e-04	9.8689e-01	1.2700e-02	1.1755e-36	1.1755e-36	1.1755e-36	2.1401e-31	0.00e+00	0.00e+00	6.3234e+00
2.36944e+20	8.2822e+03	2.421e-21	2.7826e+01	2.8806e+01	1.0315e-17	6.5090e-04	9.9935e-01	6.2928e-01	3.7072e-01	1.9187e-18	7.1914e-22	7.5385e-06	2.3736e-01	7.6263e-01	2.9380e-06	4.1153e-04	9.9067e-01	8.9147e-03	1.1755e-36	1.1755e-36	1.1755e-36	2.1154e-31	0.00e+00	0.00e+00	6.3308e+00
2.37006e+20	8.2557e+03	2.384e-21	2.7826e+01	2.8589e+01	1.0408e-17	6.4935e-04	9.9935e-01	7.2724e-01	2.7276e-01	1.1153e-18	7.1803e-22	7.4912e-06	2.3731e-01	7.6268e-01	2.3797e-06	4.1192e-04	9.9379e-01	5.8001e-03	1.1755e-36	1.1755e-36	1.1755e-36	2.0774e-31	0.00e+00	0.00e+00	6.3376e+00
2.37065e+20	8.2342e+03	2.344e-21	2.7826e+01	2.8330e+01	1.0215e-17	6.4647e-04	9.9935e-01	8.1178e-01	1.8822e-01	6.1214e-19	7.0290e-22	7.4145e-06	2.3669e-01	7.6330e-01	1.8988e-06	4.1104e-04	9.9584e-01	3.7496e-03	1.1755e-36	1.1755e-36	1.1755e-36	1.9346e-31	0.00e+00	0.00e+00	6.3442e+00
2.37132e+20	8.2120e+03	2.314e-21	2.7826e+01	2.8159e+01	1.0385e-17	6.4606e-04	9.9935e-01	8.8486e-01	1.1514e-01	2.9654e-19	7.0588e-22	7.3817e-06	2.3657e-01	7.6342e-01	1.4231e-06	4.1150e-04	9.9731e-01	2.2816e-03	1.1755e-36	1.1755e-36	1.1755e-36	1.9415e-31	0.00e+00	0.00e+00	6.3528e+00
2.37218e+20	8.1955e+03	2.289e-21	2.7826e+01	2.8005e+01	1.0411e-17	6.4644e-04	9.9935e-01	9.4341e-01	5.6589e-02	1.0222e-19	7.0539e-22	7.3571e-06	2.3650e-01	7.6349e-01	9.5521e-07	4.1244e-04	9.9839e-01	1.1942e-03	1.1755e-36	1.1755e-36	1.1755e-36	1.9055e-31	0.00e+00	0.00e+00	6.3639e+00
2.37331e+20	8.1866e+03	2.273e-21	2.7826e+01	2.7896e+01	1.0385e-17	6.4832e-04	9.9935e-01	9.7828e-01	2.1719e-02	2.4396e-20	7.0687e-22	7.3476e-06	2.3669e-01	7.6331e-01	5.5655e-07	4.1437e-04	9.9907e-01	5.1870e-04	1.1755e-36	1.1755e-36	1.1755e-36	1.8705e-31	0.00e+00	0.00e+00	6.3784e+00
2.37478e+20	8.1813e+03	2.268e-21	2.7826e+01	2.7852e+01	1.0333e-17	6.5266e-04	9.9935e-01	9.9321e-01	6.7867e-03	4.0747e-21	7.1216e-22	7.3670e-06	2.3738e-01	7.6261e-01	2.7325e-07	4.1793e-04	9.9940e-01	1.8011e-04	1.1755e-36	1.1755e-36	1.1755e-36	1.8354e-31	0.00e+00	0.00e+00	6.3974e+00
2.37668e+20	8.1842e+03	2.269e-21	2.7826e+01	2.7839e+01	1.0420e-17	6.5865e-04	9.9934e-01	9.9789e-01	2.1057e-03	5.6454e-22	7.2733e-22	7.4027e-06	2.3841e-01	7.6158e-01	1.1755e-36	4.2279e-04	9.9953e-01	4.7835e-05	1.1755e-36	1.1755e-36	1.1755e-36	1.8658e-31	0.00e+00	0.00e+00	6.4224e+00
2.37916e+20	8.1920e+03	2.272e-21	2.7826e+01	2.7832e+01	1.0581e-17	6.6634e-04	9.9933e-01	9.9902e-01	9.7715e-04	9.3046e-23	7.4979e-22	7.4515e-06	2.3976e-01	7.6023e-01	1.1755e-36	4.2908e-04	9.9956e-01	9.2221e-06	1.1755e-36	1.1755e-36	1.1755e-36	1.9307e-31	0.00e+00	0.00e+00	6.4552e+00
2.38238e+20	8.2015e+03	2.277e-21	2.7826e+01	2.7842e+01	1.0745e-17	6.7691e-04	9.9932e-01	9.9927e-01	7.3199e-04	1.8310e-23	7.7874e-22	7.5231e-06	2.4168e-01	7.5832e-01	1.1755e-36	4.3768e-04	9.9956e-01	1.2134e-06	1.1755e-36	1.1755e-36	1.1755e-36	1.9978e-31	0.00e+00	0.00e+00	6.4985e+00
2.38657e+20	8.2018e+03	2.285e-21	2.7826e+01	2.7845e+01	1.1115e-17	6.9134e-04	9.9931e-01	9.9935e-01	6.4838e-04	2.9207e-24	8.2212e-22	7.6238e-06	2.4431e-01	7.5568e-01	1.1755e-36	4.4934e-04	9.9955e-01	1.0133e-07	1.1755e-36	1.1755e-36	1.1755e-36	2.1175e-31	0.00e+00	0.00e+00	6.5559e+00
2.39201e+20	8.2262e+03	2.290e-21	2.7826e+01	2.7845e+01	1.1156e-17	7.0903e-04	9.9929e-01	9.9940e-01	5.9806e-04	2.9761e-25	8.6650e-22	7.7325e-06	2.4750e-01	7.5249e-01	1.1755e-36	4.6430e-04	9.9954e-01	4.9187e-09	1.1755e-36	1.1755e-36	1.1755e-36	2.1600e-31	0.00e+00	0.00e+00	6.6326e+00
2.39909e+20	8.2252e+03	2.303e-21	2.7826e+01	2.7846e+01	1.1695e-17	7.3521e-04	9.9926e-01	9.9945e-01	5.4692e-04	1.1755e-36	9.4509e-22	7.9113e-06	2.5222e-01	7.4777e-01	1.1755e-36	4.8593e-04	9.9951e-01	1.2814e-10	1.1755e-36	1.1755e-36	1.1755e-36	2.3229e-31	0.00e+00	0.00e+00	6.7359e+00
2.40829e+20	8.2489e+03	2.315e-21	2.7826e+01	2.7844e+01	1.1853e-17	7.6987e-04	9.9923e-01	9.9949e-01	5.0979e-04	1.1755e-36	1.0385e-21	8.1192e-06	2.5833e-01	7.4167e-01	1.1755e-36	5.1558e-04	9.9948e-01	1.6840e-12	1.1755e-36	1.1755e-36	1.1755e-36	2.3833e-31	0.00e+00	0.00e+00	6.8765e+00
2.42025e+20	8.2709e+03	2.332e-21	2.7826e+01	2.7842e+01	1.2431e-17	8.1983e-04	9.9918e-01	9.9953e-01	4.7173e-04	1.1755e-36	1.1965e-21	8.4230e-06	2.6692e-01	7.3307e-01	1.1755e-36	5.5887e-04	9.9944e-01	1.0044e-14	1.1755e-36	1.1755e-36	1.1755e-36	2.5852e-31	0.00e+00	0.00e+00	7.0713e+00
2.43579e+20	8.2998e+03	2.354e-21	2.7826e+01	2.7840e+01	1.3371e-17	8.9373e-04	9.9911e-01	9.9956e-01	4.3567e-04	1.1755e-36	1.4600e-21	8.8522e-06	2.7912e-01	7.2087e-01	1.1755e-36	6.2440e-04	9.9938e-01	1.9883e-17	1.1755e-36	1.1755e-36	1.1755e-36	2.9268e-31	0.00e+00	0.00e+00	7.3472e+00
2.45600e+20	8.3372e+03	2.384e-21	2.7826e+01	2.7837e+01	1.5077e-17	1.0089e-03	9.9899e-01	9.9960e-01	3.9895e-04	1.1755e-36	1.9483e-21	9.4806e-06	2.9698e-01	7.0301e-01	1.1755e-36	7.2968e-04	9.9927e-01	2.0041e-19	1.1755e-36	1.1755e-36	1.1755e-36	3.5913e-31	0.00e+00	0.00e+00	7.7521e+00
2.48228e+20	8.3833e+03	2.425e-21	2.7826e+01	2.7831e+01	1.8534e-17	1.2032e-03	9.9880e-01	9.9964e-01	3.5567e-04	1.1755e-36	3.0030e-21	1.0438e-05	3.2441e-01	6.7558e-01	1.1755e-36	9.1461e-04	9.9909e-01	2.4943e-19	1.1755e-36	1.1755e-36	1.1755e-36	5.0884e-31	0.00e+00	0.00e+00	8.3799e+00
2.50777e+20	8.4346e+03	2.473e-21	2.7826e+01	2.7824e+01	2.4175e-17	1.4854e-03	9.9851e-01	9.9969e-01	3.0719e-04	1.1755e-36	5.0330e-21	1.1562e-05	3.5695e-01	6.4304e-01	1.1755e-36	1.1960e-03	9.9880e-01	3.3052e-19	1.1755e-36	1.1755e-36	1.1755e-36	7.9535e-31	0.00e+00	0.00e+00	8.9354e+00
2.52436e+20	8.4697e+03	2.510e-21	2.7826e+01	2.7816e+01	3.1326e-17	1.7611e-03	9.9824e-01	9.9973e-01	2.7379e-04	1.1755e-36	7.7202e-21	1.2480e-05	3.8370e-01	6.1629e-01	1.1755e-36	1.4820e-03	9.9852e-01	3.9861e-19	1.1755e-36	1.1755e-36	1.1755e-36	1.2288e-30	0.00e+00	0.00e+00	9.3032e+00
2.53438e+20	8.4917e+03	2.534e-21	2.7826e+01	2.7808e+01	3.8487e-17	1.9782e-03	9.9802e-01	9.9975e-01	2.5151e-04	1.1755e-36	1.0425e-20	1.3121e-05	4.0271e-01	5.9728e-01	1.1755e-36	1.7133e-03	9.9829e-01	4.4706e-19	1.1755e-36	1.1755e-36	1.1755e-36	1.7381e-30	0.00e+00	0.00e+00	9.5863e+00
2.54374e+20	8.5063e+03	2.556e-21	2.7826e+01	2.7801e+01	4.8830e-17	2.2193e-03	9.9778e-01	9.9977e-01	2.2636e-04	1.1755e-36	1.4196e-20	1.3822e-05	4.2309e-01	5.7690e-01	1.1755e-36	1.9751e-03	9.9802e-01	4.8096e-19	1.1755e-36	1.1755e-36	1.1755e-36	2.5894e-30	0.00e+00	0.00e+00	9.9991e+00
2.55592e+20	8.5163e+03	2.589e-21	2.7826e+01	2.7793e+01	6.9132e-17	2.6193e-03	9.9738e-01	9.9981e-01	1.8919e-04	1.1755e-36	2.2043e-20	1.4923e-05	4.5307e-01	5.4692e-01	1.1755e-36	2.4181e-03	9.9758e-01	4.9976e-19	1.1755e-36	1.1755e-36	1.1755e-36	4.5817e-30	0.00e+00	0.00e+00	1.0633e+01
2.56735e+20	8.5475e+03	2.623e-21	2.7826e+01	2.7777e+01	1.0706e-16	3.1657e-03	9.9683e-01	9.9986e-01	1.4161e-04	1.1755e-36	3.6683e-20	1.5957e-05	4.8548e-01	5.1450e-01	1.1755e-36	3.0379e-03	9.9696e-01	5.8139e-19	1.1755e-36	1.1755e-36	1.1755e-36	9.6012e-30	0.00e+00	0.00e+00	1.1138e+01
2.57440e+20	8.5490e+03	2.653e-21	2.7826e+01	2.7760e+01	1.6700e-16	3.6526e-03	9.9635e-01	9.9990e-01	1.0423e-04	1.1755e-36	5.5838e-20	1.6776e-05	5.0971e-01	4.9028e-01	1.1755e-36	3.5980e-03	9.9640e-01	5.7482e-19	1.1755e-36	1.1755e-36	1.1755e-36	2.0274e-29	0.00e+00	0.00e+00	1.1459e+01
2.57879e+20	8.5514e+03	2.672e-21	2.7826e+01	2.7750e+01	2.1907e-16	4.0279e-03	9.9597e-01	9.9991e-01	8.8861e-05	1.1755e-36	7.3571e-20	1.7356e-05	5.2670e-01	4.7328e-01	1.1755e-36	4.0350e-03	9.9597e-01	5.7551e-19	1.1755e-36	1.1755e-36	1.1755e-36	3.1875e-29	0.00e+00	0.00e+00	1.1727e+01
2.58314e+20	8.5493e+03	2.689e-21	2.7826e+01	2.7738e+01	3.0112e-16	4.4608e-03	9.9554e-01	9.9993e-01	7.1907e-05	1.1755e-36	9.9708e-20	1.7993e-05	5.4532e-01	4.5466e-01	1.1755e-36	4.5435e-03	9.9546e-01	5.6060e-19	1.1755e-36	1.1755e-36	1.1755e-36	5.4339e-29	0.00e+00	0.00e+00	1.2112e+01
2.58879e+20	8.5381e+03	2.715e-21	2.7826e+01	2.7724e+01	4.5111e-16	5.1632e-03	9.9484e-01	9.9994e-01	5.5352e-05	1.1755e-36	1.5022e-19	1.8959e-05	5.7185e-01	4.2813e-01	1.1755e-36	5.3750e-03	9.9462e-01	5.1162e-19	1.1755e-36	1.1755e-36	1.1755e-36	1.0508e-28	0.00e+00	0.00e+00	1.2692e+01
2.59429e+20	8.5310e+03	2.747e-21	2.7826e+01	2.7703e+01	7.4640e-16	6.1158e-03	9.9388e-01	9.9996e-01	3.7414e-05	1.1755e-36	2.4508e-19	1.9937e-05	6.0050e-01	3.9948e-01	1.1755e-36	6.5123e-03	9.9349e-01	4.7428e-19	1.1755e-36	1.1755e-36	1.1755e-36	2.4231e-28	0.00e+00	0.00e+00	1.3186e+01
2.59800e+20	8.5227e+03	2.772e-21	2.7826e+01	2.7677e+01	1.1588e-15	7.0036e-03	9.9300e-01	9.9997e-01	2.6299e-05	1.1755e-36	3.7004e-19	2.0668e-05	6.2271e-01	3.7727e-01	1.1755e-36	7.5797e-03	9.9242e-01	4.3892e-19	1.1755e-36	1.1755e-36	1.1755e-36	5.0607e-28	0.00e+00	0.00e+00	1.3532e+01
2.60051e+20	8.5119e+03	2.789e-21	2.7826e+01	2.7653e+01	1.6207e-15	7.7536e-03	9.9225e-01	9.9998e-01	2.0055e-05	1.1755e-36	5.0644e-19	2.1214e-05	6.3942e-01	3.6056e-01	1.1755e-36	8.4859e-03	9.9151e-01	4.0354e-19	1.1755e-36	1.1755e-36	1.1755e-36	8.8483e-28	0.00e+00	0.00e+00	1.3835e+01
2.60306e+20	8.4919e+03	2.807e-21	2.7826e+01	2.7628e+01	2.2512e-15	8.6625e-03	9.9134e-01	9.9998e-01	1.5759e-05	1.1755e-36	6.9746e-19	2.1851e-05	6.5806e-01	3.4192e-01	1.1755e-36	9.5883e-03	9.9041e-01	3.5053e-19	1.1755e-36	1.1755e-36	1.1755e-36	1.5030e-27	0.00e+00	0.00e+00	1.4274e+01
2.60638e+20	8.4595e+03	2.831e-21	2.7826e+01	2.7578e+01	3.6278e-15	1.0160e-02	9.8984e-01	9.9999e-01	1.0565e-05	1.1755e-36	1.1071e-18	2.2688e-05	6.8412e-01	3.1586e-01	1.1755e-36	1.1412e-02	9.8859e-01	2.7753e-19	1.1755e-36	1.1755e-36	1.1755e-36	3.2331e-27	0.00e+00	0.00e+00	1.4944e+01
2.60954e+20	8.4214e+03	2.864e-21	2.7826e+01	2.7520e+01	5.8027e-15	1.2213e-02	9.8779e-01	9.9999e-01	7.3587e-06	1.1755e-36	1.7810e-18	2.3604e-05	7.1150e-01	2.8847e-01	1.1755e-36	1.3919e-02	9.8608e-01	2.0924e-19	1.1755e-36	1.1755e-36	1.1755e-36	6.6648e-27	0.00e+00	0.00e+00	1.5494e+01
2.61161e+20	8.3834e+03	2.893e-21	2.7826e+01	2.7482e+01	8.1951e-15	1.4125e-02	9.8588e-01	9.9999e-01	6.0565e-06	1.1755e-36	2.5336e-18	2.4360e-05	7.3214e-01	2.6784e-01	1.1755e-36	1.6257e-02	9.8374e-01	1.5956e-19	1.1755e-36	1.1755e-36	1.1755e-36	1.1118e-26	0.00e+00	0.00e+00	1.5882e+01
2.61304e+20	8.3539e+03	2.910e-21	2.7826e+01	2.7434e+01	1.0815e-14	1.5797e-02	9.8420e-01	9.9999e-01	5.1211e-06	1.1755e-36	3.3443e-18	2.4858e-05	7.4773e-01	2.5224e-01	1.1755e-36	1.8308e-02	9.8169e-01	1.2934e-19	1.1755e-36	1.1755e-36	1.1755e-36	1.6831e-26	0.00e+00	0.00e+00	1.6246e+01
2.61455e+20	8.3071e+03	2.927e-21	2.7826e+01	2.7369e+01	1.4924e-14	1.7956e-02	9.8204e-01	1.0000e+00	4.2035e-06	1.1755e-36	4.5834e-18	2.5406e-05	7.6542e-01	2.3455e-01	1.1755e-36	2.0959e-02	9.7904e-01	9.3767e-20	1.1755e-36	1.1755e-36	1.1755e-36	2.6897e-26	0.00e+00	0.00e+00	1.6784e+01
2.61651e+20	8.2338e+03	2.950e-21	2.7826e+01	2.7256e+01	2.3541e-14	2.1660e-02	9.7834e-01	1.0000e+00	3.1975e-06	1.1755e-36	7.1485e-18	2.6199e-05	7.8990e-01	2.1007e-01	1.1755e-36	2.5512e-02	9.7449e-01	5.5758e-20	1.1755e-36	1.1755e-36	1.1755e-36	5.1350e-26	0.00e+00	0.00e+00	1.7628e+01
2.61847e+20	8.1424e+03	2.981e-21	2.7826e+01	2.7099e+01	4.0794e-14	2.7304e-02	9.7270e-01	1.0000e+00	2.2639e-06	1.1755e-36	1.2162e-17	2.7052e-05	8.1683e-01	1.8314e-01	1.1755e-36	3.2447e-02	9.6755e-01	2.8406e-20	1.1755e-36	1.1755e-36	1.1755e-36	1.1064e-25	0.00e+00	0.00e+00	1.8446e+01
2.61987e+20	8.0555e+03	3.003e-21	2.7826e+01	2.6923e+01	6.6521e-14	3.3606e-02	9.6639e-01	1.0000e+00	1.7278e-06	1.1755e-36	1.9374e-17	2.7700e-05	8.3873e-01	1.6124e-01	1.1755e-36	4.0184e-02	9.5982e-01	1.5241e-20	1.1755e-36	1.1755e-36	1.1755e-36	2.1608e-25	0.00e+00	0.00e+00	1.9086e+01
2.62081e+20	7.9815e+03	3.018e-21	2.7826e+01	2.6798e+01	9.8431e-14	3.9721e-02	9.6028e-01	1.0000e+00	1.4297e-06	1.1755e-36	2.8024e-17	2.8203e-05	8.5515e-01	1.4482e-01	1.1755e-36	4.7680e-02	9.5232e-01	9.4231e-21	1.1755e-36	1.1755e-36	1.1755e-36	3.6723e-25	0.00e+00	0.00e+00	1.9639e+01
2.62158e+20	7.9089e+03	3.022e-21	2.7826e+01	2.6630e+01	1.4175e-13	4.6395e-02	9.5360e-01	1.0000e+00	1.2040e-06	1.1755e-36	3.9313e-17	2.8582e-05	8.6944e-01	1.3054e-01	1.1755e-36	5.5847e-02	9.4415e-01	6.1743e-21	1.1755e-36	1.1755e-36	1.1755e-36	5.9591e-25	0.00e+00	0.00e+00	2.0254e+01
2.62229e+20	7.8278e+03	3.021e-21	2.7826e+01	2.6425e+01	2.0830e-13	5.4639e-02	9.4536e-01	1.0000e+00	9.9000e-07	1.1755e-36	5.5896e-17	2.8911e-05	8.8329e-01	1.1668e-01	1.1755e-36	6.5910e-02	9.3409e-01	4.0539e-21	1.1755e-36	1.1755e-36	1.1755e-36	9.8483e-25	0.00e+00	0.00e+00	2.0901e+01
2.62292e+20	7.7593e+03	2.996e-21	2.7826e+01	2.6084e+01	3.0082e-13	6.4057e-02	9.3594e-01	1.0000e+00	8.2111e-07	1.1755e-36	7.8228e-17	2.9021e-05	8.9558e-01	1.0439e-01	1.1755e-36	7.7372e-02	9.2263e-01	2.9653e-21	1.1755e-36	1.1755e-36	1.1755e-36	1.5826e-24	0.00e+00	0.00e+00	2.1541e+01
2.62345e+20	7.6776e+03	2.981e-21	2.7826e+01	2.5856e+01	4.3912e-13	7.5273e-02	9.2473e-01	1.0000e+00	6.8695e-07	1.1755e-36	1.0992e-16	2.9236e-05	9.0719e-01	9.2784e-02	1.1755e-36	9.0955e-02	9.0905e-01	2.2362e-21	1.1755e-36	1.1755e-36	1.1755e-36	2.5718e-24	0.00e+00	0.00e+00	2.2196e+01
2.62391e+20	7.6173e+03	2.932e-21	2.7826e+01	2.5423e+01	6.1977e-13	8.7541e-02	9.1246e-01	1.0000e+00	5.7883e-07	1.1755e-36	1.5012e-16	2.9143e-05	9.1705e-01	8.2924e-02	1.1755e-36	1.0575e-01	8.9425e-01	1.8510e-21	1.1755e-36	1.1755e-36	1.1755e-36	3.9776e-24	0.00e+00	0.00e+00	2.2849e+01
2.62432e+20	7.5369e+03	2.885e-21	2.7826e+01	2.5034e+01	8.9107e-13	1.0220e-01	8.9780e-01	1.0000e+00	4.8993e-07	1.1755e-36	2.0637e-16	2.9064e-05	9.2642e-01	7.3547e-02	1.1755e-36	1.2331e-01	8.7669e-01	1.5367e-21	1.1755e-36	1.1755e-36	1.1755e-36	6.2210e-24	0.00e+00	0.00e+00	2.3550e+01
2.62469e+20	7.4568e+03	2.822e-21	2.7826e+01	2.4592e+01	1.2900e-12	1.1975e-01	8.8025e-01	1.0000e+00	4.1076e-07	1.1755e-36	2.8494e-16	2.8915e-05	9.3520e-01	6.4767e-02	1.1755e-36	1.4418e-01	8.5582e-01	1.2968e-21	1.1755e-36	1.1755e-36	1.1755e-36	9.7769e-24	0.00e+00	0.00e+00	2.4285e+01
2.62501e+20	7.3747e+03	2.739e-21	2.7826e+01	2.4040e+01	1.8602e-12	1.3996e-01	8.6004e-01	1.0000e+00	3.4513e-07	1.1755e-36	3.8984e-16	2.8600e-05	9.4307e-01	5.6899e-02	1.1755e-36	1.6801e-01	8.3199e-01	1.1058e-21	1.1755e-36	1.1755e-36	1.1755e-36	1.5081e-23	0.00e+00	0.00e+00	2.5037e+01
2.62530e+20	7.2889e+03	2.634e-21	2.7826e+01	2.3363e+01	2.6599e-12	1.6273e-01	8.3727e-01	1.0000e+00	2.9178e-07	1.1755e-36	5.2544e-16	2.8090e-05	9.5000e-01	4.9967e-02	1.1755e-36	1.9460e-01	8.0540e-01	9.4904e-22	1.1755e-36	1.1755e-36	1.1755e-36	2.2597e-23	0.00e+00	0.00e+00	2.5813e+01
2.62556e+20	7.2046e+03	2.508e-21	2.7826e+01	2.2594e+01	3.7860e-12	1.8887e-01	8.1113e-01	1.0000e+00	2.4654e-07	1.1755e-36	7.0343e-16	2.7469e-05	9.5628e-01	4.3690e-02	1.1755e-36	2.2477e-01	7.7523e-01	8.1179e-22	1.1755e-36	1.1755e-36	1.1755e-36	3.3337e-23	0.00e+00	0.00e+00	2.6644e+01
2.62580e+20	7.0792e+03	2.367e-21	2.7826e+01	2.1730e+01	5.5838e-12	2.2032e-01	7.7968e-01	1.0000e+00	2.0634e-07	1.1755e-36	9.4818e-16	2.6704e-05	9.6222e-01	3.7751e-02	1.1755e-36	2.6061e-01	7.3939e-01	6.8378e-22	1.1755e-36	1.1755e-36	1.1755e-36	4.9221e-23	0.00e+00	0.00e+00	2.7548e+01
2.62603e+20	6.9445e+03	2.201e-21	2.7826e+01	2.0722e+01	8.2616e-12	2.5663e-01	7.4337e-01	1.0000e+00	1.7200e-07	1.1755e-36	1.2693e-15	2.5733e-05	9.6759e-01	3.2389e-02	1.1755e-36	3.0133e-01	6.9867e-01	5.6957e-22	1.1755e-36	1.1755e-36	1.1755e-36	7.1074e-23	0.00e+00	0.00e+00	2.8498e+01
2.62622e+20	6.7945e+03	2.026e-21	2.7826e+01	1.9644e+01	1.2068e-11	2.9554e-01	7.0446e-01	1.0000e+00	1.4389e-07	1.1755e-36	1.6567e-15	2.4637e-05	9.7213e-01	2.7842e-02	1.1755e-36	3.4423e-01	6.5577e-01	4.7507e-22	1.1755e-36	1.1755e-36	1.1755e-36	9.7813e-23	0.00e+00	0.00e+00	2.9397e+01
2.62637e+20	6.6472e+03	1.866e-21	2.7826e+01	1.8624e+01	1.6706e-11	3.3159e-01	6.6841e-01	1.0000e+00	1.2369e-07	1.1755e-36	2.0526e-15	2.3556e-05	9.7557e-01	2.4404e-02	1.1755e-36	3.8331e-01	6.1669e-01	4.0636e-22	1.1755e-36	1.1755e-36	1.1755e-36	1.2422e-22	0.00e+00	0.00e+00	3.0133e+01
2.62648e+20	6.5173e+03	1.738e-21	2.7826e+01	1.7789e+01	2.1608e-11	3.6160e-01	6.3840e-01	1.0000e+00	1.1106e-07	1.1755e-36	2.4093e-15	2.2653e-05	9.7802e-01	2.1957e-02	1.1755e-36	4.1535e-01	5.8465e-01	3.5978e-22	1.1755e-36	1.1755e-36	1.1755e-36	1.4687e-22	0.00e+00	0.00e+00	3.0718e+01
2.62656e+20	6.3984e+03	1.630e-21	2.7826e+01	1.7069e+01	2.6783e-11	3.8741e-01	6.1259e-01	1.0000e+00	1.0254e-07	1.1755e-36	2.7350e-15	2.1861e-05	9.7988e-01	2.0098e-02	1.1755e-36	4.4257e-01	5.5743e-01	3.2542e-22	1.1755e-36	1.1755e-36	1.1755e-36	1.6606e-22	0.00e+00	0.00e+00	3.1253e+01
2.62664e+20	6.2763e+03	1.527e-21	2.7826e+01	1.6372e+01	3.2832e-11	4.1240e-01	5.8760e-01	1.0000e+00	9.4828e-08	1.1755e-36	3.0670e-15	2.1084e-05	9.8150e-01	1.8477e-02	1.1755e-36	4.6864e-01	5.3136e-01	2.9583e-22	1.1755e-36	1.1755e-36	1.1755e-36	1.8392e-22	0.00e+00	0.00e+00	3.1793e+01
2.62671e+20	6.1469e+03	1.427e-21	2.7826e+01	1.5670e+01	4.0141e-11	4.3752e-01	5.6248e-01	1.0000e+00	8.7291e-08	1.1755e-36	3.4175e-15	2.0293e-05	9.8298e-01	1.6995e-02	1.1755e-36	4.9455e-01	5.0545e-01	2.6903e-22	1.1755e-36	1.1755e-36	1.1755e-36	2.0071e-22	0.00e+00	0.00e+00	3.2331e+01
2.62678e+20	6.0124e+03	1.333e-21	2.7826e+01	1.4994e+01	4.8707e-11	4.6194e-01	5.3806e-01	1.0000e+00	8.0569e-08	1.1755e-36	3.7749e-15	1.9530e-05	9.8430e-01	1.5677e-02	1.1755e-36	5.1947e-01	4.8053e-01	2.4551e-22	1.1755e-36	1.1755e-36	1.1755e-36	2.1564e-22	0.00e+00	0.00e+00	3.2838e+01
2.62684e+20	5.8806e+03	1.248e-21	2.7826e+01	1.4361e+01	5.8151e-11	4.8469e-01	5.1531e-01	1.0000e+00	7.5132e-08	1.1755e-36	4.1232e-15	1.8804e-05	9.8544e-01	1.4543e-02	1.1755e-36	5.4245e-01	4.5755e-01	2.2558e-22	1.1755e-36	1.1755e-36	1.1755e-36	2.2782e-22	0.00e+00	0.00e+00	3.3310e+01
2.62689e+20	5.7505e+03	1.171e-21	2.7826e+01	1.3769e+01	6.8468e-11	5.0594e-01	4.9406e-01	1.0000e+00	7.0610e-08	1.1755e-36	4.4626e-15	1.8121e-05	9.8642e-01	1.3557e-02	1.1755e-36	5.6371e-01	4.3629e-01	2.0851e-22	1.1755e-36	1.1755e-36	1.1755e-36	2.3750e-22	0.00e+00	0.00e+00	3.3757e+01
2.62694e+20	5.6189e+03	1.099e-21	2.7826e+01	1.3206e+01	7.9838e-11	5.2618e-01	4.7382e-01	1.0000e+00	6.6632e-08	1.1755e-36	4.7994e-15	1.7469e-05	9.8730e-01	1.2678e-02	1.1755e-36	5.8378e-01	4.1622e-01	1.9351e-22	1.1755e-36	1.1755e-36	1.1755e-36	2.4501e-22	0.00e+00	0.00e+00	3.4190e+01
2.62698e+20	5.4861e+03	1.032e-21	2.7826e+01	1.2666e+01	9.2208e-11	5.4563e-01	4.5437e-01	1.0000e+00	6.3024e-08	1.1755e-36	5.1365e-15	1.6840e-05	9.8810e-01	1.1883e-02	1.1755e-36	6.0290e-01	3.9710e-01	1.8009e-22	1.1755e-36	1.1755e-36	1.1755e-36	2.5053e-22	0.00e+00	0.00e+00	3.4611e+01
2.62702e+20	5.3778e+03	9.807e-22	2.7826e+01	1.2237e+01	1.0290e-10	5.6104e-01	4.3896e-01	1.0000e+00	5.9513e-08	1.1755e-36	5.4138e-15	1.6336e-05	9.8871e-01	1.1276e-02	1.1755e-36	6.1794e-01	3.8206e-01	1.6998e-22	1.1755e-36	1.1755e-36	1.1755e-36	2.5363e-22	0.00e+00	0.00e+00	3.4899e+01
2.62705e+20	5.2850e+03	9.405e-22	2.7826e+01	1.1895e+01	1.1223e-10	5.7335e-01	4.2665e-01	1.0000e+00	5.8295e-08	1.1755e-36	5.6416e-15	1.5937e-05	9.8917e-01	1.0817e-02	1.1755e-36	6.2987e-01	3.7013e-01	1.6247e-22	1.1755e-36	1.1755e-36	1.1755e-36	2.5519e-22	0.00e+00	0.00e+00	3.5164e+01
2.62707e+20	5.1941e+03	9.018e-22	2.7826e+01	1.1563e+01	1.2165e-10	5.8536e-01	4.1464e-01	1.0000e+00	5.6608e-08	1.1755e-36	5.8709e-15	1.5547e-05	9.8960e-01	1.0384e-02	1.1755e-36	6.4148e-01	3.5852e-01	1.5539e-22	1.1755e-36	1.1755e-36	1.1755e-36	2.5617e-22	0.00e+00	0.00e+00	3.5440e+01
2.62710e+20	5.0921e+03	8.622e-22	2.7826e+01	1.1211e+01	1.3213e-10	5.9793e-01	4.0207e-01	1.0000e+00	5.4693e-08	1.1755e-36	6.1170e-15	1.5138e-05	9.9004e-01	9.9492e-03	1.1755e-36	6.5355e-01	3.4645e-01	1.4834e-22	1.1755e-36	1.1755e-36	1.1755e-36	2.5604e-22	0.00e+00	0.00e+00	3.5733e+01
2.62713e+20	4.9854e+03	8.230e-22	2.7826e+01	1.0857e+01	1.4299e-10	6.1074e-01	3.8926e-01	1.0000e+00	5.2702e-08	1.1755e-36	6.3752e-15	1.4726e-05	9.9047e-01	9.5162e-03	1.1755e-36	6.6580e-01	3.3420e-01	1.4139e-22	1.1755e-36	1.1755e-36	1.1755e-36	2.5512e-22	0.00e+00	0.00e+00	3.6029e+01
2.62716e+20	4.8746e+03	7.855e-22	2.7826e+01	1.0509e+01	1.5338e-10	6.2333e-01	3.7667e-01	1.0000e+00	5.0889e-08	1.1755e-36	6.6325e-15	1.4322e-05	9.9090e-01	9.0862e-03	1.1755e-36	6.7777e-01	3.2223e-01	1.3485e-22	1.1755e-36	1.1755e-36	1.1755e-36	2.5226e-22	0.00e+00	0.00e+00	3.6318e+01
2.62718e+20	4.7672e+03	7.488e-22	2.7826e+01	1.0162e+01	1.6279e-10	6.3547e-01	3.6453e-01	1.0000e+00	4.9379e-08	1.1755e-36	6.8894e-15	1.3914e-05	9.9130e-01	8.6839e-03	1.1755e-36	6.8925e-01	3.1075e-01	1.2875e-22	1.1755e-36	1.1755e-36	1.1755e-36	2.4790e-22	0.00e+00	0.00e+00	3.6611e+01
2.62721e+20	4.6496e+03	7.133e-22	2.7826e+01	9.8165e+00	1.7222e-10	6.4790e-01	3.5210e-01	1.0000e+00	4.7794e-08	1.1755e-36	7.1588e-15	1.3516e-05	9.9170e-01	8.2834e-03	1.1755e-36	7.0096e-01	2.9904e-01	1.2277e-22	1.1755e-36	1.1755e-36	1.1755e-36	2.4270e-22	0.00e+00	0.00e+00	3.6910e+01
2.62724e+20	4.5277e+03	6.783e-22	2.7826e+01	9.4694e+00	1.8077e-10	6.6038e-01	3.3962e-01	1.0000e+00	4.6273e-08	1.1755e-36	7.4375e-15	1.3118e-05	9.9209e-01	7.8926e-03	1.1755e-36	7.1265e-01	2.8735e-01	1.1697e-22	1.1755e-36	1.1755e-36	1.1755e-36	2.3632e-22	0.00e+00	0.00e+00	3.7215e+01
2.62726e+20	4.4010e+03	6.441e-22	2.7826e+01	9.1214e+00	1.8817e-10	6.7289e-01	3.2711e-01	1.0000e+00	4.4816e-08	1.1755e-36	7.7263e-15	1.2722e-05	9.9248e-01	7.5116e-03	1.1755e-36	7.2431e-01	2.7569e-01	1.1136e-22	1.1755e-36	1.1755e-36	1.1755e-36	2.2878e-22	0.00e+00	0.00e+00	3.7526e+01
2.62729e+20	4.2652e+03	6.108e-22	2.7826e+01	8.7720e+00	1.9435e-10	6.8556e-01	3.1444e-01	1.0000e+00	4.3389e-08	1.1755e-36	8.0271e-15	1.2332e-05	9.9285e-01	7.1369e-03	1.1755e-36	7.3607e-01	2.6393e-01	1.0591e-22	1.1755e-36	1.1755e-36	1.1755e-36	2.2008e-22	0.00e+00	0.00e+00	3.7842e+01
2.62731e+20	4.1279e+03	5.781e-22	2.7826e+01	8.4231e+00	1.9859e-10	6.9811e-01	3.0189e-01	1.0000e+00	4.2069e-08	1.1755e-36	8.3376e-15	1.1945e-05	9.9321e-01	6.7759e-03	1.1755e-36	7.4766e-01	2.5234e-01	1.0065e-22	1.1755e-36	1.1755e-36	1.1755e-36	2.1030e-22	0.00e+00	0.00e+00	3.8165e+01
2.62734e+20	3.9855e+03	5.464e-22	2.7826e+01	8.0746e+00	2.0098e-10	7.1065e-01	2.8935e-01	1.0000e+00	4.0817e-08	1.1755e-36	8.6600e-15	1.1565e-05	9.9356e-01	6.4255e-03	1.1755e-36	7.5917e-01	2.4083e-01	9.5575e-23	1.1755e-36	1.1755e-36	1.1755e-36	1.9959e-22	0.00e+00	0.00e+00	3.8493e+01
###########################
2.27909e+14	5.9013e+03	3.010e-21	2.7826e+01	3.0569e+01	6.4841e-19	6.6935e-05	9.9993e-01	2.7907e-04	8.7161e-01	1.2811e-01	4.0407e-27	9.0155e-08	5.4637e-03	9.3333e-01	6.1121e-02	3.5450e-07	1.3768e-02	9.0468e-01	8.1545e-02	1.9578e-06	1.1755e-36	8.2228e-36	0.00e+00	0.00e+00	5.3592e-06
1.36745e+15	5.8942e+03	3.010e-21	2.7826e+01	3.0557e+01	6.8016e-19	6.6996e-05	9.9993e-01	2.7921e-04	8.7174e-01	1.2798e-01	4.1810e-27	9.0507e-08	5.4780e-03	9.3326e-01	6.1178e-02	3.5486e-07	1.3767e-02	9.0494e-01	8.1289e-02	1.9478e-06	1.1755e-36	8.9596e-36	0.00e+00	0.00e+00	2.6815e-05
5.92563e+15	5.8964e+03	3.007e-21	2.7826e+01	3.0555e+01	7.0607e-19	6.7035e-05	9.9993e-01	2.7930e-04	8.7240e-01	1.2733e-01	4.3178e-27	9.0977e-08	5.4971e-03	9.3330e-01	6.1116e-02	3.5511e-07	1.3761e-02	9.0603e-01	8.0203e-02	1.9101e-06	1.1755e-36	9.6940e-36	0.00e+00	0.00e+00	1.1269e-04
2.41583e+16	5.9033e+03	2.996e-21	2.7826e+01	3.0547e+01	7.0261e-19	6.7022e-05	9.9993e-01	2.8015e-04	8.7597e-01	1.2375e-01	4.3336e-27	9.1607e-08	5.5096e-03	9.3356e-01	6.0846e-02	3.5561e-07	1.3774e-02	9.1021e-01	7.6013e-02	1.7661e-06	1.1755e-36	9.7036e-36	0.00e+00	0.00e+00	4.5612e-04
5.77065e+16	5.9079e+03	2.981e-21	2.7826e+01	3.0541e+01	6.5775e-19	6.6907e-05	9.9993e-01	2.8031e-04	8.7796e-01	1.2176e-01	4.1253e-27	9.1637e-08	5.5035e-03	9.3370e-01	6.0721e-02	3.5449e-07	1.3748e-02	9.1613e-01	7.0125e-02	1.5648e-06	1.1755e-36	8.5277e-36	0.00e+00	0.00e+00	9.0182e-04
1.01319e+17	5.9206e+03	2.961e-21	2.7826e+01	3.0529e+01	6.3738e-19	6.6723e-05	9.9993e-01	2.8143e-04	8.8376e-01	1.1596e-01	4.0436e-27	9.1734e-08	5.4907e-03	9.3417e-01	6.0271e-02	3.5349e-07	1.3737e-02	9.2329e-01	6.2970e-02	1.3343e-06	1.1755e-36	8.1758e-36	0.00e+00	0.00e+00	1.4796e-03
1.58016e+17	5.9386e+03	2.938e-21	2.7826e+01	3.0508e+01	6.1711e-19	6.6457e-05	9.9993e-01	2.8354e-04	8.9348e-01	1.0623e-01	3.9702e-27	9.1932e-08	5.4742e-03	9.3492e-01	5.9545e-02	3.5233e-07	1.3733e-02	9.3176e-01	5.4504e-02	1.0796e-06	1.1755e-36	7.8953e-36	0.00e+00	0.00e+00	2.2278e-03
2.31721e+17	5.9608e+03	2.911e-21	2.7826e+01	3.0478e+01	6.0350e-19	6.6125e-05	9.9993e-01	2.8672e-04	9.0737e-01	9.2345e-02	3.9371e-27	9.2237e-08	5.4550e-03	9.3596e-01	5.8536e-02	3.5140e-07	1.3747e-02	9.4138e-01	4.4872e-02	8.1335e-07	1.1755e-36	7.8503e-36	0.00e+00	0.00e+00	3.1955e-03
3.27538e+17	5.9876e+03	2.880e-21	2.7826e+01	3.0446e+01	5.8531e-19	6.5743e-05	9.9993e-01	2.9093e-04	9.2507e-01	7.4636e-02	3.8965e-27	9.1727e-08	5.4368e-03	9.3723e-01	5.7294e-02	3.5120e-07	1.3794e-02	9.5170e-01	3.4502e-02	5.5604e-07	1.1755e-36	7.7613e-36	0.00e+00	0.00e+00	4.4463e-03
4.52100e+17	6.0069e+03	2.851e-21	2.7826e+01	3.0402e+01	5.5842e-19	6.5382e-05	9.9993e-01	2.9599e-04	9.4516e-01	5.4540e-02	3.8125e-27	9.2101e-08	5.4203e-03	9.3869e-01	5.5856e-02	3.5210e-07	1.3881e-02	9.6191e-01	2.4205e-02	3.3343e-07	1.1755e-36	7.3407e-36	0.00e+00	0.00e+00	6.0635e-03
6.14030e+17	6.0220e+03	2.822e-21	2.7826e+01	3.0354e+01	5.4230e-19	6.5026e-05	9.9993e-01	3.0100e-04	9.6483e-01	3.4864e-02	3.7788e-27	9.2286e-08	5.4055e-03	9.4012e-01	5.4449e-02	3.5392e-07	1.4001e-02	9.7095e-01	1.5047e-02	1.6821e-07	1.1755e-36	7.1710e-36	0.00e+00	0.00e+00	8.1543e-03
8.24540e+17	6.0329e+03	2.796e-21	2.7826e+01	3.0302e+01	5.1907e-19	6.4671e-05	9.9994e-01	3.0493e-04	9.8090e-01	1.8795e-02	3.6986e-27	9.2473e-08	5.3860e-03	9.4134e-01	5.3264e-02	3.5588e-07	1.4124e-02	9.7785e-01	8.0206e-03	1.1755e-36	1.1755e-36	6.7545e-36	0.00e+00	0.00e+00	1.0857e-02
1.09820e+18	6.0321e+03	2.776e-21	2.7826e+01	3.0271e+01	5.0824e-19	6.4422e-05	9.9994e-01	3.0775e-04	9.9146e-01	8.2288e-03	3.6672e-27	9.2366e-08	5.3792e-03	9.4230e-01	5.2311e-02	3.5849e-07	1.4246e-02	9.8221e-01	3.5408e-03	1.1755e-36	1.1755e-36	6.5437e-36	0.00e+00	0.00e+00	1.4358e-02
1.45396e+18	6.0228e+03	2.762e-21	2.7826e+01	3.0257e+01	5.0440e-19	6.4237e-05	9.9994e-01	3.0939e-04	9.9686e-01	2.8334e-03	3.6552e-27	9.2337e-08	5.3781e-03	9.4307e-01	5.1546e-02	3.6092e-07	1.4343e-02	9.8440e-01	1.2549e-03	1.1755e-36	1.1755e-36	6.4182e-36	0.00e+00	0.00e+00	1.8896e-02
1.91645e+18	6.0085e+03	2.750e-21	2.7826e+01	3.0251e+01	5.0352e-19	6.4069e-05	9.9994e-01	3.1022e-04	9.9894e-01	7.4834e-04	3.6447e-27	9.2317e-08	5.3800e-03	9.4377e-01	5.0851e-02	3.6286e-07	1.4408e-02	9.8524e-01	3.4872e-04	1.1755e-36	1.1755e-36	6.3101e-36	0.00e+00	0.00e+00	2.4780e-02
2.51769e+18	5.9913e+03	2.739e-21	2.7826e+01	3.0250e+01	5.0427e-19	6.3891e-05	9.9994e-01	3.1072e-04	9.9954e-01	1.5053e-04	3.6359e-27	9.2298e-08	5.3843e-03	9.4452e-01	5.0095e-02	3.6464e-07	1.4459e-02	9.8547e-01	7.5539e-05	1.1755e-36	1.1755e-36	6.2143e-36	0.00e+00	0.00e+00	3.2407e-02
3.29930e+18	5.9687e+03	2.727e-21	2.7826e+01	3.0251e+01	5.0786e-19	6.3717e-05	9.9994e-01	3.1129e-04	9.9966e-01	2.3801e-05	3.6379e-27	9.2340e-08	5.3934e-03	9.4544e-01	4.9166e-02	3.6698e-07	1.4518e-02	9.8547e-01	1.3098e-05	1.1755e-36	1.1755e-36	6.1428e-36	0.00e+00	0.00e+00	4.2296e-02
4.31539e+18	5.9416e+03	2.713e-21	2.7826e+01	3.0251e+01	5.1298e-19	6.3543e-05	9.9994e-01	3.1208e-04	9.9968e-01	3.1745e-06	3.6497e-27	9.2481e-08	5.4086e-03	9.4659e-01	4.8006e-02	3.7027e-07	1.4598e-02	9.8540e-01	1.9216e-06	1.1755e-36	1.1755e-36	6.0750e-36	0.00e+00	0.00e+00	5.5116e-02
5.63631e+18	5.9112e+03	2.695e-21	2.7826e+01	3.0251e+01	5.0746e-19	6.3369e-05	9.9994e-01	3.1312e-04	9.9969e-01	3.7480e-07	3.6190e-27	9.2804e-08	5.4349e-03	9.4800e-01	4.6567e-02	3.7477e-07	1.4703e-02	9.8530e-01	2.5458e-07	1.1755e-36	1.1755e-36	5.7353e-36	0.00e+00	0.00e+00	7.1737e-02
7.35350e+18	5.8754e+03	2.674e-21	2.7826e+01	3.0251e+01	4.9941e-19	6.3226e-05	9.9994e-01	3.1460e-04	9.9969e-01	3.8999e-08	3.5869e-27	9.3380e-08	5.4747e-03	9.4975e-01	4.4776e-02	3.8108e-07	1.4847e-02	9.8515e-01	1.1755e-36	1.1755e-36	1.1755e-36	5.3182e-36	0.00e+00	0.00e+00	9.3295e-02
8.74029e+18	5.8261e+03	2.649e-21	2.7826e+01	3.0251e+01	5.1459e-19	6.2659e-05	9.9994e-01	3.1454e-04	9.9969e-01	7.3600e-09	3.5907e-27	9.2877e-08	5.4802e-03	9.5105e-01	4.3472e-02	3.8380e-07	1.4918e-02	9.8508e-01	1.1755e-36	1.1755e-36	1.1755e-36	5.3302e-36	0.00e+00	0.00e+00	1.0246e-01
9.61432e+18	5.8090e+03	2.639e-21	2.7826e+01	3.0251e+01	5.2016e-19	6.2605e-05	9.9994e-01	3.1525e-04	9.9968e-01	3.0146e-09	3.6211e-27	9.3154e-08	5.5003e-03	9.5186e-01	4.2635e-02	3.8700e-07	1.4990e-02	9.8501e-01	1.1755e-36	1.1755e-36	1.1755e-36	5.3420e-36	0.00e+00	0.00e+00	1.1253e-01
1.05758e+19	5.7913e+03	2.629e-21	2.7826e+01	3.0251e+01	5.2597e-19	6.2566e-05	9.9994e-01	3.1609e-04	9.9968e-01	1.2099e-09	3.6558e-27	9.3528e-08	5.5234e-03	9.5274e-01	4.1735e-02	3.9073e-07	1.5075e-02	9.8493e-01	1.1755e-36	1.1755e-36	1.1755e-36	5.3495e-36	0.00e+00	0.00e+00	1.2359e-01
1.16333e+19	5.7729e+03	2.618e-21	2.7826e+01	3.0251e+01	5.3156e-19	6.2538e-05	9.9994e-01	3.1703e-04	9.9968e-01	4.7569e-10	3.6911e-27	9.3932e-08	5.5489e-03	9.5368e-01	4.0769e-02	3.9484e-07	1.5166e-02	9.8483e-01	1.1755e-36	1.1755e-36	1.1755e-36	5.3440e-36	0.00e+00	0.00e+00	1.3577e-01
1.27967e+19	5.7536e+03	2.607e-21	2.7826e+01	3.0251e+01	5.3329e-19	6.2527e-05	9.9994e-01	3.1809e-04	9.9968e-01	1.8324e-10	3.7099e-27	9.4379e-08	5.5761e-03	9.5468e-01	3.9742e-02	3.9936e-07	1.5265e-02	9.8473e-01	1.1755e-36	1.1755e-36	1.1755e-36	5.2511e-36	0.00e+00	0.00e+00	1.4915e-01
1.40763e+19	5.7340e+03	2.595e-21	2.7826e+01	3.0251e+01	5.4244e-19	6.2532e-05	9.9994e-01	3.1929e-04	9.9968e-01	6.9231e-11	3.7677e-27	9.4909e-08	5.6073e-03	9.5575e-01	3.8640e-02	4.0443e-07	1.5376e-02	9.8462e-01	1.1755e-36	1.1755e-36	1.1755e-36	5.3052e-36	0.00e+00	0.00e+00	1.6388e-01
1.54840e+19	5.7137e+03	2.583e-21	2.7826e+01	3.0251e+01	5.3456e-19	6.2559e-05	9.9994e-01	3.2066e-04	9.9968e-01	2.5748e-11	3.7511e-27	9.5519e-08	5.6422e-03	9.5689e-01	3.7465e-02	4.1013e-07	1.5500e-02	9.8450e-01	1.1755e-36	1.1755e-36	1.1755e-36	5.0157e-36	0.00e+00	0.00e+00	1.8008e-01
1.70324e+19	5.6931e+03	2.570e-21	2.7826e+01	3.0251e+01	5.4995e-19	6.2612e-05	9.9994e-01	3.2220e-04	9.9968e-01	9.5223e-12	3.8462e-27	9.6218e-08	5.6809e-03	9.5810e-01	3.6217e-02	4.1648e-07	1.5637e-02	9.8436e-01	1.1755e-36	1.1755e-36	1.1755e-36	5.1753e-36	0.00e+00	0.00e+00	1.9792e-01
1.87356e+19	5.6718e+03	2.557e-21	2.7826e+01	3.0251e+01	5.3163e-19	6.2699e-05	9.9994e-01	3.2395e-04	9.9968e-01	3.5899e-12	3.7917e-27	9.7023e-08	5.7241e-03	9.5938e-01	3.4894e-02	4.2361e-07	1.5788e-02	9.8421e-01	1.1755e-36	1.1755e-36	1.1755e-36	4.6908e-36	0.00e+00	0.00e+00	2.1757e-01
2.06092e+19	5.6506e+03	2.544e-21	2.7826e+01	3.0251e+01	5.5431e-19	6.2821e-05	9.9994e-01	3.2593e-04	9.9967e-01	1.4545e-12	3.9322e-27	9.7945e-08	5.7720e-03	9.6073e-01	3.3498e-02	4.3157e-07	1.5955e-02	9.8404e-01	1.1755e-36	1.1755e-36	1.1755e-36	4.9661e-36	0.00e+00	0.00e+00	2.3923e-01
2.26701e+19	5.6291e+03	2.530e-21	2.7826e+01	3.0251e+01	5.4201e-19	6.2988e-05	9.9994e-01	3.2819e-04	9.9967e-01	6.8686e-13	3.9168e-27	9.9004e-08	5.8256e-03	9.6215e-01	3.2028e-02	4.4049e-07	1.6141e-02	9.8386e-01	1.1755e-36	1.1755e-36	1.1755e-36	4.5908e-36	0.00e+00	0.00e+00	2.6312e-01
2.49371e+19	5.6079e+03	2.516e-21	2.7826e+01	3.0251e+01	5.6467e-19	6.3205e-05	9.9994e-01	3.3075e-04	9.9967e-01	4.0144e-13	4.0749e-27	1.0022e-07	5.8852e-03	9.6363e-01	3.0487e-02	4.5051e-07	1.6346e-02	9.8365e-01	1.1755e-36	1.1755e-36	1.1755e-36	4.8455e-36	0.00e+00	0.00e+00	2.8949e-01
2.74308e+19	5.5869e+03	2.502e-21	2.7826e+01	3.0251e+01	5.5738e-19	6.3484e-05	9.9994e-01	3.3368e-04	9.9967e-01	2.8336e-13	4.1067e-27	1.0162e-07	5.9521e-03	9.6517e-01	2.8878e-02	4.6180e-07	1.6574e-02	9.8343e-01	1.1755e-36	1.1755e-36	1.1755e-36	4.5764e-36	0.00e+00	0.00e+00	3.1862e-01
3.01739e+19	5.5667e+03	2.487e-21	2.7826e+01	3.0251e+01	5.7936e-19	6.3834e-05	9.9994e-01	3.3702e-04	9.9966e-01	2.2350e-13	4.2880e-27	1.0323e-07	6.0269e-03	9.6677e-01	2.7207e-02	4.7453e-07	1.6827e-02	9.8317e-01	1.1755e-36	1.1755e-36	1.1755e-36	4.8057e-36	0.00e+00	0.00e+00	3.5084e-01
3.31913e+19	5.5475e+03	2.473e-21	2.7826e+01	3.0250e+01	5.8990e-19	6.4269e-05	9.9994e-01	3.4084e-04	9.9966e-01	1.8493e-13	4.4343e-27	1.0508e-07	6.1111e-03	9.6841e-01	2.5479e-02	4.8898e-07	1.7109e-02	9.8289e-01	1.1755e-36	1.1755e-36	1.1755e-36	4.8393e-36	0.00e+00	0.00e+00	3.8652e-01
3.65104e+19	5.5297e+03	2.458e-21	2.7826e+01	3.0250e+01	5.8237e-19	6.4803e-05	9.9994e-01	3.4522e-04	9.9965e-01	1.5537e-13	4.5149e-27	1.0723e-07	6.2058e-03	9.7009e-01	2.3704e-02	5.0542e-07	1.7425e-02	9.8257e-01	1.1755e-36	1.1755e-36	1.1755e-36	4.5722e-36	0.00e+00	0.00e+00	4.2610e-01
4.01614e+19	5.5138e+03	2.443e-21	2.7826e+01	3.0250e+01	5.9673e-19	6.5457e-05	9.9993e-01	3.5027e-04	9.9965e-01	1.3069e-13	4.7257e-27	1.0972e-07	6.3129e-03	9.7180e-01	2.1890e-02	5.2424e-07	1.7780e-02	9.8222e-01	1.1755e-36	1.1755e-36	1.1755e-36	4.6709e-36	0.00e+00	0.00e+00	4.7008e-01
4.41776e+19	5.5004e+03	2.429e-21	2.7826e+01	3.0250e+01	6.1728e-19	6.6252e-05	9.9993e-01	3.5610e-04	9.9964e-01	1.0945e-13	5.0020e-27	1.1263e-07	6.4344e-03	9.7351e-01	2.0052e-02	5.4588e-07	1.8179e-02	9.8182e-01	1.1755e-36	1.1755e-36	1.1755e-36	4.8752e-36	0.00e+00	0.00e+00	5.1905e-01
4.85953e+19	5.4902e+03	2.415e-21	2.7826e+01	3.0250e+01	6.3927e-19	6.7217e-05	9.9993e-01	3.6288e-04	9.9964e-01	9.1012e-14	5.3306e-27	1.1603e-07	6.5730e-03	9.7522e-01	1.8203e-02	5.7095e-07	1.8631e-02	9.8137e-01	1.1755e-36	1.1755e-36	1.1755e-36	5.1128e-36	0.00e+00	0.00e+00	5.7369e-01
5.34548e+19	5.4840e+03	2.401e-21	2.7826e+01	3.0250e+01	6.2414e-19	6.8385e-05	9.9993e-01	3.7079e-04	9.9963e-01	7.5030e-14	5.5238e-27	1.2002e-07	6.7320e-03	9.7691e-01	1.6360e-02	6.0019e-07	1.9146e-02	9.8085e-01	1.1755e-36	1.1755e-36	1.1755e-36	4.7625e-36	0.00e+00	0.00e+00	6.3484e-01
5.88003e+19	5.4826e+03	2.388e-21	2.7826e+01	3.0250e+01	6.6748e-19	6.9802e-05	9.9993e-01	3.8008e-04	9.9962e-01	6.1243e-14	6.0950e-27	1.2476e-07	6.9155e-03	9.7855e-01	1.4539e-02	6.3465e-07	1.9735e-02	9.8026e-01	1.1755e-36	1.1755e-36	1.1755e-36	5.3765e-36	0.00e+00	0.00e+00	7.0350e-01
6.46804e+19	5.4841e+03	2.377e-21	2.7826e+01	3.0250e+01	6.7887e-19	7.1574e-05	9.9993e-01	3.9131e-04	9.9961e-01	4.9416e-14	6.6113e-27	1.3059e-07	7.1389e-03	9.8011e-01	1.2750e-02	6.7696e-07	2.0439e-02	9.7956e-01	1.1755e-36	1.1755e-36	1.1755e-36	5.4862e-36	0.00e+00	0.00e+00	7.8095e-01
7.11484e+19	5.4952e+03	2.366e-21	2.7826e+01	3.0250e+01	6.9441e-19	7.3687e-05	9.9993e-01	4.0451e-04	9.9960e-01	3.9361e-14	7.2770e-27	1.3746e-07	7.3920e-03	9.8158e-01	1.1033e-02	7.2677e-07	2.1237e-02	9.7876e-01	1.1755e-36	1.1755e-36	1.1755e-36	5.7219e-36	0.00e+00	0.00e+00	8.6865e-01
7.82632e+19	5.5147e+03	2.357e-21	2.7826e+01	3.0250e+01	7.2874e-19	7.6274e-05	9.9992e-01	4.2043e-04	9.9958e-01	3.0909e-14	8.2497e-27	1.4572e-07	7.6896e-03	9.8291e-01	9.3964e-03	7.8758e-07	2.2175e-02	9.7782e-01	1.1755e-36	1.1755e-36	1.1755e-36	6.3493e-36	0.00e+00	0.00e+00	9.6851e-01
8.60896e+19	5.5439e+03	2.351e-21	2.7826e+01	3.0249e+01	7.3273e-19	7.9486e-05	9.9992e-01	4.3997e-04	9.9956e-01	2.3844e-14	9.3080e-27	1.5611e-07	8.0530e-03	9.8409e-01	7.8602e-03	8.6381e-07	2.3300e-02	9.7670e-01	1.1755e-36	1.1755e-36	1.1755e-36	6.5055e-36	0.00e+00	0.00e+00	1.0830e+00
9.46985e+19	5.5858e+03	2.346e-21	2.7826e+01	3.0249e+01	7.9295e-19	8.3490e-05	9.9992e-01	4.6420e-04	9.9954e-01	1.8039e-14	1.1213e-26	1.6905e-07	8.4959e-03	9.8506e-01	6.4428e-03	9.6080e-07	2.4661e-02	9.7534e-01	1.1755e-36	1.1755e-36	1.1755e-36	7.9011e-36	0.00e+00	0.00e+00	1.2153e+00
1.04168e+20	5.6421e+03	2.346e-21	2.7826e+01	3.0249e+01	8.3373e-19	8.8565e-05	9.9991e-01	4.9492e-04	9.9951e-01	1.3331e-14	1.3700e-26	1.8562e-07	9.0491e-03	9.8579e-01	5.1585e-03	1.0880e-06	2.6346e-02	9.7365e-01	1.1755e-36	1.1755e-36	1.1755e-36	9.2170e-36	0.00e+00	0.00e+00	1.3696e+00
1.14585e+20	5.7077e+03	2.352e-21	2.7826e+01	3.0248e+01	9.3400e-19	9.5210e-05	9.9990e-01	5.3526e-04	9.9946e-01	9.5719e-15	1.7983e-26	2.0756e-07	9.7661e-03	9.8622e-01	4.0144e-03	1.2629e-06	2.8510e-02	9.7149e-01	1.1755e-36	1.1755e-36	1.1755e-36	1.2352e-35	0.00e+00	0.00e+00	1.5521e+00
1.26044e+20	5.8089e+03	2.359e-21	2.7826e+01	3.0248e+01	1.0155e-18	1.0377e-04	9.9990e-01	5.8820e-04	9.9941e-01	6.6501e-15	2.4497e-26	2.3685e-07	1.0695e-02	9.8627e-01	3.0303e-03	1.5064e-06	3.1289e-02	9.6871e-01	1.1755e-36	1.1755e-36	1.1755e-36	1.6484e-35	0.00e+00	0.00e+00	1.7709e+00
1.37240e+20	5.9147e+03	2.376e-21	2.7826e+01	3.0247e+01	1.1117e-18	1.1389e-04	9.9989e-01	6.5188e-04	9.9935e-01	4.4950e-15	3.4156e-26	2.7224e-07	1.1796e-02	9.8591e-01	2.2964e-03	1.8211e-06	3.4593e-02	9.6541e-01	1.1755e-36	1.1755e-36	1.1755e-36	2.2409e-35	0.00e+00	0.00e+00	1.9787e+00
1.46791e+20	6.0170e+03	2.396e-21	2.7826e+01	3.0247e+01	1.2265e-18	1.2449e-04	9.9988e-01	7.2056e-04	9.9928e-01	3.2864e-15	4.7534e-26	3.1041e-07	1.2963e-02	9.8524e-01	1.7978e-03	2.1853e-06	3.8101e-02	9.6190e-01	1.1755e-36	1.1755e-36	1.1755e-36	3.1121e-35	0.00e+00	0.00e+00	2.1692e+00
1.55110e+20	6.1134e+03	2.417e-21	2.7826e+01	3.0246e+01	1.3871e-18	1.3564e-04	9.9986e-01	7.9553e-04	9.9920e-01	2.5096e-15	6.6821e-26	3.5223e-07	1.4222e-02	9.8434e-01	1.4372e-03	2.6121e-06	4.1875e-02	9.5812e-01	1.1755e-36	1.1755e-36	1.1755e-36	4.5373e-35	0.00e+00	0.00e+00	2.3581e+00
1.62880e+20	6.2093e+03	2.441e-21	2.7826e+01	3.0245e+01	1.5719e-18	1.4809e-04	9.9985e-01	8.8268e-04	9.9912e-01	1.9249e-15	9.5275e-26	4.0077e-07	1.5664e-02	9.8318e-01	1.1544e-03	3.1457e-06	4.6208e-02	9.5379e-01	1.1755e-36	1.1755e-36	1.1755e-36	6.6716e-35	0.00e+00	0.00e+00	2.5561e+00
1.70282e+20	6.2978e+03	2.470e-21	2.7826e+01	3.0245e+01	1.8117e-18	1.6243e-04	9.9984e-01	9.8735e-04	9.9901e-01	1.4688e-15	1.3949e-25	4.5883e-07	1.7371e-02	9.8170e-01	9.2705e-04	3.8400e-06	5.1379e-02	9.4862e-01	1.1755e-36	1.1755e-36	1.1755e-36	1.0067e-34	0.00e+00	0.00e+00	2.7613e+00
1.77142e+20	6.4022e+03	2.496e-21	2.7826e+01	3.0244e+01	2.0130e-18	1.7800e-04	9.9982e-01	1.1086e-03	9.9889e-01	1.1314e-15	2.0327e-25	5.2542e-07	1.9308e-02	9.7994e-01	7.5067e-04	4.7097e-06	5.7305e-02	9.4269e-01	1.1755e-36	1.1755e-36	1.1755e-36	1.4575e-34	0.00e+00	0.00e+00	2.9654e+00
1.83336e+20	6.4863e+03	2.527e-21	2.7826e+01	3.0243e+01	2.3329e-18	1.9515e-04	9.9980e-01	1.2494e-03	9.9875e-01	8.8659e-16	3.0349e-25	6.0197e-07	2.1518e-02	9.7787e-01	6.1244e-04	5.8088e-06	6.4158e-02	9.3584e-01	1.1755e-36	1.1755e-36	1.1755e-36	2.2378e-34	0.00e+00	0.00e+00	3.1663e+00
1.88927e+20	6.5719e+03	2.556e-21	2.7826e+01	3.0242e+01	2.7092e-18	2.1343e-04	9.9979e-01	1.4112e-03	9.9859e-01	7.0620e-16	4.5592e-25	6.8845e-07	2.3999e-02	9.7550e-01	5.0392e-04	7.1742e-06	7.1939e-02	9.2805e-01	1.1755e-36	1.1755e-36	1.1755e-36	3.4840e-34	0.00e+00	0.00e+00	3.3658e+00
1.94030e+20	6.6601e+03	2.582e-21	2.7826e+01	3.0240e+01	3.0805e-18	2.3299e-04	9.9977e-01	1.5992e-03	9.9840e-01	5.6822e-16	6.8198e-25	7.8697e-07	2.6809e-02	9.7277e-01	4.1699e-04	8.8869e-06	8.0875e-02	9.1912e-01	1.1755e-36	1.1755e-36	1.1755e-36	5.2546e-34	0.00e+00	0.00e+00	3.5657e+00
1.98715e+20	6.7325e+03	2.611e-21	2.7826e+01	3.0239e+01	3.5258e-18	2.5452e-04	9.9975e-01	1.8234e-03	9.9818e-01	4.5968e-16	1.0299e-24	9.0190e-07	3.0069e-02	9.6958e-01	3.4546e-04	1.1092e-05	9.1409e-02	9.0858e-01	1.1755e-36	1.1755e-36	1.1755e-36	7.8862e-34	0.00e+00	0.00e+00	3.7663e+00
2.03001e+20	6.8176e+03	2.635e-21	2.7826e+01	3.0237e+01	4.0145e-18	2.7721e-04	9.9972e-01	2.0872e-03	9.9791e-01	3.8012e-16	1.5674e-24	1.0328e-06	3.3774e-02	9.6594e-01	2.8747e-04	1.3876e-05	1.0361e-01	8.9638e-01	1.1755e-36	1.1755e-36	1.1755e-36	1.2041e-33	0.00e+00	0.00e+00	3.9652e+00
2.06894e+20	6.9400e+03	2.645e-21	2.7826e+01	3.0236e+01	4.3465e-18	2.9984e-04	9.9970e-01	2.3897e-03	9.9761e-01	3.2712e-16	2.3432e-24	1.1764e-06	3.7864e-02	9.6189e-01	2.4113e-04	1.7283e-05	1.1740e-01	8.8258e-01	1.1755e-36	1.1755e-36	1.1755e-36	1.7702e-33	0.00e+00	0.00e+00	4.1600e+00
2.10435e+20	7.0509e+03	2.655e-21	2.7826e+01	3.0234e+01	4.7805e-18	3.2380e-04	9.9968e-01	2.7506e-03	9.9725e-01	2.6919e-16	3.5407e-24	1.3419e-06	4.2569e-02	9.5723e-01	2.0239e-04	2.1595e-05	1.3354e-01	8.6644e-01	1.1755e-36	1.1755e-36	1.1755e-36	2.6496e-33	0.00e+00	0.00e+00	4.3524e+00
2.13673e+20	7.1467e+03	2.668e-21	2.7826e+01	3.0232e+01	5.7258e-18	3.4940e-04	9.9965e-01	3.1876e-03	9.9681e-01	2.2231e-16	5.6286e-24	1.5327e-06	4.7975e-02	9.5185e-01	1.6956e-04	2.7118e-05	1.5266e-01	8.4732e-01	1.1755e-36	1.1755e-36	1.1755e-36	4.6138e-33	0.00e+00	0.00e+00	4.5423e+00
2.16627e+20	7.2456e+03	2.676e-21	2.7826e+01	3.0229e+01	6.8536e-18	3.7594e-04	9.9962e-01	3.7217e-03	9.9628e-01	1.8434e-16	9.0250e-24	1.7528e-06	5.4217e-02	9.4564e-01	1.4199e-04	3.4116e-05	1.7514e-01	8.2483e-01	1.1755e-36	1.1755e-36	1.1755e-36	8.1103e-33	0.00e+00	0.00e+00	4.7280e+00
2.19296e+20	7.3427e+03	2.683e-21	2.7826e+01	3.0226e+01	8.1016e-18	4.0316e-04	9.9960e-01	4.3761e-03	9.9562e-01	1.5351e-16	1.4420e-23	2.0047e-06	6.1365e-02	9.3851e-01	1.1886e-04	4.2919e-05	2.0148e-01	7.9847e-01	1.1755e-36	1.1755e-36	1.1755e-36	1.3953e-32	0.00e+00	0.00e+00	4.9069e+00
2.21692e+20	7.4375e+03	2.687e-21	2.7826e+01	3.0223e+01	9.2762e-18	4.3071e-04	9.9957e-01	5.1832e-03	9.9482e-01	1.2853e-16	2.2586e-23	2.2912e-06	6.9507e-02	9.3039e-01	9.9417e-05	5.3878e-05	2.3214e-01	7.6781e-01	1.1755e-36	1.1755e-36	1.1755e-36	2.2539e-32	0.00e+00	0.00e+00	5.0784e+00
2.23852e+20	7.5373e+03	2.687e-21	2.7826e+01	3.0219e+01	1.0443e-17	4.5812e-04	9.9954e-01	6.1968e-03	9.9380e-01	1.0799e-16	3.5057e-23	2.6168e-06	7.8783e-02	9.2113e-01	8.3004e-05	6.7420e-05	2.6772e-01	7.3221e-01	1.1755e-36	1.1755e-36	1.1755e-36	3.5583e-32	0.00e+00	0.00e+00	5.2435e+00
2.25809e+20	7.6311e+03	2.686e-21	2.7826e+01	3.0214e+01	1.1718e-17	4.8590e-04	9.9951e-01	7.5037e-03	9.9250e-01	9.0615e-17	5.4316e-23	2.9919e-06	8.9478e-02	9.1045e-01	6.8893e-05	8.4290e-05	3.0945e-01	6.9047e-01	1.1755e-36	1.1755e-36	1.1755e-36	5.5571e-32	0.00e+00	0.00e+00	5.4025e+00
2.27574e+20	7.7247e+03	2.683e-21	2.7826e+01	3.0208e+01	1.2864e-17	5.1344e-04	9.9949e-01	9.2267e-03	9.9077e-01	7.5792e-17	8.2884e-23	3.4212e-06	1.0175e-01	8.9819e-01	5.6832e-05	1.0506e-04	3.5804e-01	6.4186e-01	1.1755e-36	1.1755e-36	1.1755e-36	8.3206e-32	0.00e+00	0.00e+00	5.5529e+00
2.28953e+20	7.8087e+03	2.679e-21	2.7826e+01	3.0202e+01	1.3778e-17	5.3650e-04	9.9946e-01	1.1232e-02	9.8877e-01	6.3375e-17	1.1892e-22	3.8434e-06	1.1388e-01	8.8607e-01	4.8015e-05	1.2708e-04	4.0781e-01	5.9206e-01	1.1755e-36	1.1755e-36	1.1755e-36	1.1626e-31	0.00e+00	0.00e+00	5.6556e+00
2.29873e+20	7.8809e+03	2.673e-21	2.7826e+01	3.0198e+01	1.4198e-17	5.5211e-04	9.9945e-01	1.3164e-02	9.8684e-01	5.7080e-17	1.5269e-22	4.1803e-06	1.2353e-01	8.7642e-01	4.2263e-05	1.4538e-04	4.4807e-01	5.5178e-01	1.1755e-36	1.1755e-36	1.1755e-36	1.4458e-31	0.00e+00	0.00e+00	5.7285e+00
2.30577e+20	7.9353e+03	2.666e-21	2.7826e+01	3.0192e+01	1.4725e-17	5.6482e-04	9.9944e-01	1.5075e-02	9.8493e-01	5.2469e-17	1.8841e-22	4.4820e-06	1.3228e-01	8.6767e-01	3.7840e-05	1.6181e-04	4.8294e-01	5.1690e-01	1.1755e-36	1.1755e-36	1.1755e-36	1.7562e-31	0.00e+00	0.00e+00	5.7936e+00
2.31331e+20	7.9930e+03	2.660e-21	2.7826e+01	3.0185e+01	1.5218e-17	5.7918e-04	9.9942e-01	1.7759e-02	9.8224e-01	4.7756e-17	2.3579e-22	4.8416e-06	1.4267e-01	8.5729e-01	3.3056e-05	1.8178e-04	5.2374e-01	4.7608e-01	1.1755e-36	1.1755e-36	1.1755e-36	2.1341e-31	0.00e+00	0.00e+00	5.8803e+00
2.32117e+20	8.0642e+03	2.652e-21	2.7826e+01	3.0177e+01	1.5599e-17	5.9398e-04	9.9941e-01	2.1726e-02	9.7827e-01	4.0699e-17	2.9996e-22	5.2620e-06	1.5483e-01	8.4513e-01	2.8438e-05	2.0658e-04	5.7407e-01	4.2572e-01	1.1755e-36	1.1755e-36	1.1755e-36	2.6162e-31	0.00e+00	0.00e+00	5.9552e+00
2.32717e+20	8.1162e+03	2.646e-21	2.7826e+01	3.0166e+01	1.6039e-17	6.0592e-04	9.9939e-01	2.6225e-02	9.7377e-01	3.5823e-17	3.6750e-22	5.6424e-06	1.6594e-01	8.3403e-01	2.4924e-05	2.2955e-04	6.1998e-01	3.7979e-01	1.1755e-36	1.1755e-36	1.1755e-36	3.1199e-31	0.00e+00	0.00e+00	6.0065e+00
2.33132e+20	8.1599e+03	2.639e-21	2.7826e+01	3.0152e+01	1.6239e-17	6.1395e-04	9.9939e-01	3.0490e-02	9.6951e-01	3.2887e-17	4.2428e-22	5.9346e-06	1.7460e-01	8.2537e-01	2.2475e-05	2.4745e-04	6.5544e-01	3.4431e-01	1.1755e-36	1.1755e-36	1.1755e-36	3.5140e-31	0.00e+00	0.00e+00	6.0442e+00
2.33468e+20	8.1929e+03	2.634e-21	2.7826e+01	3.0140e+01	1.6448e-17	6.2071e-04	9.9938e-01	3.5018e-02	9.6498e-01	3.0555e-17	4.7769e-22	6.1873e-06	1.8203e-01	8.1794e-01	2.0456e-05	2.6316e-04	6.8599e-01	3.1375e-01	1.1755e-36	1.1755e-36	1.1755e-36	3.8812e-31	0.00e+00	0.00e+00	6.0793e+00
2.33839e+20	8.2257e+03	2.630e-21	2.7826e+01	3.0127e+01	1.6706e-17	6.2866e-04	9.9937e-01	4.1730e-02	9.5827e-01	2.7998e-17	5.4496e-22	6.4860e-06	1.9075e-01	8.0923e-01	1.8164e-05	2.8184e-04	7.2142e-01	2.7830e-01	1.1755e-36	1.1755e-36	1.1755e-36	4.3226e-31	0.00e+00	0.00e+00	6.1256e+00
2.34212e+20	8.2699e+03	2.622e-21	2.7826e+01	3.0108e+01	1.6822e-17	6.3591e-04	9.9936e-01	5.1405e-02	9.4859e-01	2.4184e-17	6.2329e-22	6.8038e-06	2.0016e-01	7.9981e-01	1.5969e-05	3.0276e-04	7.6166e-01	2.3804e-01	1.1755e-36	1.1755e-36	1.1755e-36	4.8111e-31	0.00e+00	0.00e+00	6.1622e+00
2.34482e+20	8.2957e+03	2.617e-21	2.7826e+01	3.0078e+01	1.7009e-17	6.4129e-04	9.9936e-01	6.1740e-02	9.3826e-01	2.1622e-17	6.9146e-22	7.0519e-06	2.0769e-01	7.9228e-01	1.4328e-05	3.1975e-04	7.9433e-01	2.0535e-01	1.1755e-36	1.1755e-36	1.1755e-36	5.2349e-31	0.00e+00	0.00e+00	6.1861e+00
2.34667e+20	8.3139e+03	2.612e-21	2.7826e+01	3.0053e+01	1.7090e-17	6.4490e-04	9.9936e-01	7.1447e-02	9.2855e-01	2.0020e-17	7.4143e-22	7.2277e-06	2.1302e-01	7.8696e-01	1.3158e-05	3.3212e-04	8.1811e-01	1.8156e-01	1.1755e-36	1.1755e-36	1.1755e-36	5.5190e-31	0.00e+00	0.00e+00	6.2040e+00
2.34822e+20	8.3279e+03	2.608e-21	2.7826e+01	3.0027e+01	1.7149e-17	6.4795e-04	9.9935e-01	8.1928e-02	9.1807e-01	1.8604e-17	7.8533e-22	7.3772e-06	2.1758e-01	7.8240e-01	1.2142e-05	3.4282e-04	8.3850e-01	1.6116e-01	1.1755e-36	1.1755e-36	1.1755e-36	5.7532e-31	0.00e+00	0.00e+00	6.2212e+00
2.34995e+20	8.3394e+03	2.604e-21	2.7826e+01	2.9999e+01	1.7255e-17	6.5172e-04	9.9935e-01	9.7470e-02	9.0253e-01	1.6983e-17	8.3785e-22	7.5501e-06	2.2279e-01	7.7719e-01	1.0943e-05	3.5531e-04	8.6178e-01	1.3786e-01	1.1755e-36	1.1755e-36	1.1755e-36	6.0256e-31	0.00e+00	0.00e+00	6.2437e+00
2.35171e+20	8.3552e+03	2.597e-21	2.7826e+01	2.9956e+01	1.7329e-17	6.5490e-04	9.9935e-01	1.1963e-01	8.8037e-01	1.4621e-17	8.9439e-22	7.7191e-06	2.2805e-01	7.7193e-01	9.7518e-06	3.6846e-04	8.8695e-01	1.1268e-01	1.1755e-36	1.1755e-36	1.1755e-36	6.3234e-31	0.00e+00	0.00e+00	6.2615e+00
2.35300e+20	8.3608e+03	2.590e-21	2.7826e+01	2.9903e+01	1.7440e-17	6.5709e-04	9.9934e-01	1.4321e-01	8.5679e-01	1.2915e-17	9.3860e-22	7.8393e-06	2.3197e-01	7.6801e-01	8.8271e-06	3.7855e-04	9.0650e-01	9.3118e-02	1.1755e-36	1.1755e-36	1.1755e-36	6.5486e-31	0.00e+00	0.00e+00	6.2733e+00
2.35390e+20	8.3624e+03	2.584e-21	2.7826e+01	2.9847e+01	1.7519e-17	6.5836e-04	9.9934e-01	1.6526e-01	8.3474e-01	1.1739e-17	9.6899e-22	7.9166e-06	2.3465e-01	7.6533e-01	8.1416e-06	3.8554e-04	9.2031e-01	7.9307e-02	1.1755e-36	1.1755e-36	1.1755e-36	6.6882e-31	0.00e+00	0.00e+00	6.2824e+00
2.35467e+20	8.3644e+03	2.576e-21	2.7826e+01	2.9789e+01	1.7561e-17	6.5918e-04	9.9934e-01	1.8895e-01	8.1105e-01	1.0672e-17	9.9370e-22	7.9765e-06	2.3684e-01	7.6315e-01	7.5287e-06	3.9128e-04	9.3184e-01	6.7768e-02	1.1755e-36	1.1755e-36	1.1755e-36	6.7906e-31	0.00e+00	0.00e+00	6.2911e+00
2.35554e+20	8.3632e+03	2.566e-21	2.7826e+01	2.9718e+01	1.7646e-17	6.6024e-04	9.9934e-01	2.2316e-01	7.7684e-01	9.4130e-18	1.0217e-21	8.0414e-06	2.3924e-01	7.6074e-01	6.7924e-06	3.9766e-04	9.4441e-01	5.5189e-02	1.1755e-36	1.1755e-36	1.1755e-36	6.9027e-31	0.00e+00	0.00e+00	6.3026e+00
2.35644e+20	8.3580e+03	2.551e-21	2.7826e+01	2.9623e+01	1.7743e-17	6.6099e-04	9.9934e-01	2.7065e-01	7.2935e-01	7.7217e-18	1.0482e-21	8.0951e-06	2.4152e-01	7.5847e-01	6.0301e-06	4.0390e-04	9.5712e-01	4.2478e-02	1.1755e-36	1.1755e-36	1.1755e-36	6.9881e-31	0.00e+00	0.00e+00	6.3121e+00
2.35714e+20	8.3493e+03	2.535e-21	2.7826e+01	2.9508e+01	1.7809e-17	6.6090e-04	9.9934e-01	3.2040e-01	6.7960e-01	6.4126e-18	1.0640e-21	8.1169e-06	2.4302e-01	7.5697e-01	5.4104e-06	4.0811e-04	9.6652e-01	3.3076e-02	1.1755e-36	1.1755e-36	1.1755e-36	6.9966e-31	0.00e+00	0.00e+00	6.3188e+00
2.35766e+20	8.3422e+03	2.515e-21	2.7826e+01	2.9367e+01	1.7731e-17	6.5959e-04	9.9934e-01	3.6686e-01	6.3314e-01	5.4170e-18	1.0658e-21	8.1055e-06	2.4374e-01	7.5624e-01	4.9287e-06	4.1024e-04	9.7297e-01	2.6624e-02	1.1755e-36	1.1755e-36	1.1755e-36	6.8793e-31	0.00e+00	0.00e+00	6.3242e+00
2.35820e+20	8.3305e+03	2.496e-21	2.7826e+01	2.9253e+01	1.7797e-17	6.5925e-04	9.9934e-01	4.2433e-01	5.7567e-01	4.5017e-18	1.0735e-21	8.1059e-06	2.4461e-01	7.5537e-01	4.3928e-06	4.1269e-04	9.7883e-01	2.0761e-02	1.1755e-36	1.1755e-36	1.1755e-36	6.8410e-31	0.00e+00	0.00e+00	6.3313e+00
2.35880e+20	8.3106e+03	2.471e-21	2.7826e+01	2.9099e+01	1.7886e-17	6.5866e-04	9.9934e-01	4.9998e-01	5.0002e-01	3.3179e-18	1.0775e-21	8.0956e-06	2.4534e-01	7.5465e-01	3.8124e-06	4.1483e-04	9.8443e-01	1.5151e-02	1.1755e-36	1.1755e-36	1.1755e-36	6.7430e-31	0.00e+00	0.00e+00	6.3381e+00
2.35934e+20	8.2938e+03	2.441e-21	2.7826e+01	2.8918e+01	1.7866e-17	6.5704e-04	9.9934e-01	5.7951e-01	4.2049e-01	2.3728e-18	1.0729e-21	8.0577e-06	2.4556e-01	7.5443e-01	3.2925e-06	4.1571e-04	9.8865e-01	1.0938e-02	1.1755e-36	1.1755e-36	1.1755e-36	6.5760e-31	0.00e+00	0.00e+00	6.3437e+00
2.35982e+20	8.2744e+03	2.410e-21	2.7826e+01	2.8732e+01	1.7838e-17	6.5532e-04	9.9934e-01	6.5550e-01	3.4450e-01	1.6747e-18	1.0642e-21	8.0102e-06	2.4552e-01	7.5447e-01	2.8354e-06	4.1594e-04	9.9161e-01	7.9714e-03	1.1755e-36	1.1755e-36	1.1755e-36	6.3782e-31	0.00e+00	0.00e+00	6.3491e+00
2.36035e+20	8.2515e+03	2.378e-21	2.7826e+01	2.8537e+01	1.7805e-17	6.5384e-04	9.9935e-01	7.3845e-01	2.6155e-01	1.0794e-18	1.0535e-21	7.9592e-06	2.4541e-01	7.5458e-01	2.3420e-06	4.1609e-04	9.9407e-01	5.5094e-03	1.1755e-36	1.1755e-36	1.1755e-36	6.1513e-31	0.00e+00	0.00e+00	6.3560e+00
2.36105e+20	8.2234e+03	2.341e-21	2.7826e+01	2.8325e+01	1.7736e-17	6.5288e-04	9.9935e-01	8.3178e-01	1.6822e-01	5.3831e-19	1.0398e-21	7.9056e-06	2.4529e-01	7.5470e-01	1.7763e-06	4.1647e-04	9.9624e-01	3.3413e-03	1.1755e-36	1.1755e-36	1.1755e-36	5.8643e-31	0.00e+00	0.00e+00	6.3650e+00
2.36195e+20	8.2004e+03	2.302e-21	2.7826e+01	2.8080e+01	1.7364e-17	6.5163e-04	9.9935e-01	9.1538e-01	8.4620e-02	1.8869e-19	1.0143e-21	7.8331e-06	2.4488e-01	7.5511e-01	1.1951e-06	4.1658e-04	9.9787e-01	1.7136e-03	1.1755e-36	1.1755e-36	1.1755e-36	5.4208e-31	0.00e+00	0.00e+00	6.3767e+00
2.36312e+20	8.1890e+03	2.278e-21	2.7826e+01	2.7937e+01	1.6930e-17	6.5304e-04	9.9935e-01	9.6843e-01	3.1573e-02	4.3291e-20	9.9676e-22	7.8060e-06	2.4499e-01	7.5500e-01	6.8612e-07	4.1835e-04	9.9886e-01	7.1685e-04	1.1755e-36	1.1755e-36	1.1755e-36	5.0500e-31	0.00e+00	0.00e+00	6.3919e+00
2.36465e+20	8.1795e+03	2.269e-21	2.7826e+01	2.7857e+01	1.6511e-17	6.5706e-04	9.9934e-01	9.9093e-01	9.0732e-03	6.4701e-21	9.8565e-22	7.8131e-06	2.4560e-01	7.5439e-01	3.2740e-07	4.2178e-04	9.9934e-01	2.3647e-04	1.1755e-36	1.1755e-36	1.1755e-36	4.7197e-31	0.00e+00	0.00e+00	6.4118e+00
2.36663e+20	8.1819e+03	2.269e-21	2.7826e+01	2.7834e+01	1.6220e-17	6.6321e-04	9.9934e-01	9.9754e-01	2.4601e-03	7.5512e-22	9.8839e-22	7.8499e-06	2.4667e-01	7.5332e-01	1.2590e-07	4.2682e-04	9.9951e-01	5.8994e-05	1.1755e-36	1.1755e-36	1.1755e-36	4.5368e-31	0.00e+00	0.00e+00	6.4379e+00
2.36920e+20	8.1899e+03	2.271e-21	2.7826e+01	2.7824e+01	1.6016e-17	6.7128e-04	9.9933e-01	9.9899e-01	1.0102e-03	1.0545e-22	1.0007e-21	7.9034e-06	2.4813e-01	7.5186e-01	1.1755e-36	4.3344e-04	9.9956e-01	1.0573e-05	1.1755e-36	1.1755e-36	1.1755e-36	4.4276e-31	0.00e+00	0.00e+00	6.4723e+00
2.37255e+20	8.1998e+03	2.277e-21	2.7826e+01	2.7839e+01	1.5757e-17	6.8256e-04	9.9932e-01	9.9927e-01	7.2941e-04	1.9021e-23	1.0190e-21	7.9885e-06	2.5025e-01	7.4974e-01	1.1755e-36	4.4264e-04	9.9956e-01	1.2795e-06	1.1755e-36	1.1755e-36	1.1755e-36	4.2910e-31	0.00e+00	0.00e+00	6.5177e+00
2.37691e+20	8.2002e+03	2.286e-21	2.7826e+01	2.7844e+01	1.5870e-17	6.9787e-04	9.9930e-01	9.9936e-01	6.4132e-04	2.8183e-24	1.0584e-21	8.1010e-06	2.5313e-01	7.4686e-01	1.1755e-36	4.5504e-04	9.9954e-01	9.7143e-08	1.1755e-36	1.1755e-36	1.1755e-36	4.2937e-31	0.00e+00	0.00e+00	6.5780e+00
2.38257e+20	8.2250e+03	2.291e-21	2.7826e+01	2.7845e+01	1.5413e-17	7.1668e-04	9.9928e-01	9.9941e-01	5.9034e-04	2.6336e-25	1.0929e-21	8.2303e-06	2.5663e-01	7.4336e-01	1.1755e-36	4.7100e-04	9.9953e-01	4.2277e-09	1.1755e-36	1.1755e-36	1.1755e-36	4.0945e-31	0.00e+00	0.00e+00	6.6586e+00
2.38993e+20	8.2244e+03	2.305e-21	2.7826e+01	2.7846e+01	1.5729e-17	7.4448e-04	9.9926e-01	9.9946e-01	5.3728e-04	1.1755e-36	1.1739e-21	8.4287e-06	2.6179e-01	7.3820e-01	1.1755e-36	4.9407e-04	9.9951e-01	9.6854e-11	1.1755e-36	1.1755e-36	1.1755e-36	4.1558e-31	0.00e+00	0.00e+00	6.7674e+00
2.39950e+20	8.2488e+03	2.317e-21	2.7826e+01	2.7844e+01	1.5414e-17	7.8151e-04	9.9922e-01	9.9950e-01	5.0041e-04	1.1755e-36	1.2652e-21	8.6757e-06	2.6849e-01	7.3150e-01	1.1755e-36	5.2589e-04	9.9947e-01	1.0935e-12	1.1755e-36	1.1755e-36	1.1755e-36	3.9756e-31	0.00e+00	0.00e+00	6.9159e+00
2.41194e+20	8.2715e+03	2.335e-21	2.7826e+01	2.7842e+01	1.5711e-17	8.3514e-04	9.9916e-01	9.9954e-01	4.6166e-04	1.1755e-36	1.4383e-21	9.0275e-06	2.7795e-01	7.2204e-01	1.1755e-36	5.7261e-04	9.9943e-01	5.3848e-15	1.1755e-36	1.1755e-36	1.1755e-36	4.0580e-31	0.00e+00	0.00e+00	7.1222e+00
2.42811e+20	8.3014e+03	2.358e-21	2.7826e+01	2.7839e+01	1.6492e-17	9.1507e-04	9.9908e-01	9.9958e-01	4.2470e-04	1.1755e-36	1.7416e-21	9.5282e-06	2.9142e-01	7.0857e-01	1.1755e-36	6.4395e-04	9.9936e-01	8.3300e-18	1.1755e-36	1.1755e-36	1.1755e-36	4.3571e-31	0.00e+00	0.00e+00	7.4160e+00
2.44913e+20	8.3401e+03	2.389e-21	2.7826e+01	2.7836e+01	1.8215e-17	1.0410e-03	9.9896e-01	9.9961e-01	3.8654e-04	1.1755e-36	2.3245e-21	1.0266e-05	3.1127e-01	6.8872e-01	1.1755e-36	7.6004e-04	9.9924e-01	1.9793e-19	1.1755e-36	1.1755e-36	1.1755e-36	5.1019e-31	0.00e+00	0.00e+00	7.8506e+00
2.47645e+20	8.3874e+03	2.433e-21	2.7826e+01	2.7830e+01	2.2251e-17	1.2574e-03	9.9874e-01	9.9966e-01	3.4054e-04	1.1755e-36	3.6433e-21	1.1406e-05	3.4199e-01	6.5800e-01	1.1755e-36	9.6803e-04	9.9903e-01	2.5481e-19	1.1755e-36	1.1755e-36	1.1755e-36	7.0779e-31	0.00e+00	0.00e+00	8.5330e+00
2.50203e+20	8.4396e+03	2.483e-21	2.7826e+01	2.7821e+01	2.9080e-17	1.5708e-03	9.9843e-01	9.9971e-01	2.8875e-04	1.1755e-36	6.2053e-21	1.2711e-05	3.7699e-01	6.2299e-01	1.1755e-36	1.2839e-03	9.9872e-01	3.3881e-19	1.1755e-36	1.1755e-36	1.1755e-36	1.1007e-30	0.00e+00	0.00e+00	9.0924e+00
2.51743e+20	8.4727e+03	2.520e-21	2.7826e+01	2.7813e+01	3.7491e-17	1.8578e-03	9.9814e-01	9.9974e-01	2.5674e-04	1.1755e-36	9.4068e-21	1.3707e-05	4.0363e-01	5.9635e-01	1.1755e-36	1.5847e-03	9.9842e-01	4.0373e-19	1.1755e-36	1.1755e-36	1.1755e-36	1.6792e-30	0.00e+00	0.00e+00	9.4355e+00
2.52631e+20	8.4920e+03	2.542e-21	2.7826e+01	2.7805e+01	4.5685e-17	2.0700e-03	9.9793e-01	9.9976e-01	2.3589e-04	1.1755e-36	1.2438e-20	1.4372e-05	4.2159e-01	5.7839e-01	1.1755e-36	1.8127e-03	9.9819e-01	4.4639e-19	1.1755e-36	1.1755e-36	1.1755e-36	2.3402e-30	0.00e+00	0.00e+00	9.6993e+00
2.53465e+20	8.5045e+03	2.563e-21	2.7826e+01	2.7799e+01	5.7076e-17	2.3029e-03	9.9770e-01	9.9979e-01	2.1229e-04	1.1755e-36	1.6551e-20	1.5087e-05	4.4093e-01	5.5906e-01	1.1755e-36	2.0672e-03	9.9793e-01	4.7601e-19	1.1755e-36	1.1755e-36	1.1755e-36	3.3937e-30	0.00e+00	0.00e+00	1.0081e+01
2.54549e+20	8.5125e+03	2.592e-21	2.7826e+01	2.7791e+01	7.8657e-17	2.6826e-03	9.9732e-01	9.9982e-01	1.7853e-04	1.1755e-36	2.4781e-20	1.6131e-05	4.6902e-01	5.3096e-01	1.1755e-36	2.4894e-03	9.9751e-01	4.8821e-19	1.1755e-36	1.1755e-36	1.1755e-36	5.7348e-30	0.00e+00	0.00e+00	1.0658e+01
2.55605e+20	8.5410e+03	2.624e-21	2.7826e+01	2.7776e+01	1.1877e-16	3.2024e-03	9.9680e-01	9.9987e-01	1.3496e-04	1.1755e-36	3.9922e-20	1.7257e-05	4.9961e-01	5.0037e-01	1.1755e-36	3.0803e-03	9.9692e-01	5.6009e-19	1.1755e-36	1.1755e-36	1.1755e-36	1.1516e-29	0.00e+00	0.00e+00	1.1157e+01
2.56310e+20	8.5496e+03	2.652e-21	2.7826e+01	2.7758e+01	1.8565e-16	3.6941e-03	9.9631e-01	9.9990e-01	9.7501e-05	1.1755e-36	6.0993e-20	1.8150e-05	5.2380e-01	4.7619e-01	1.1755e-36	3.6474e-03	9.9635e-01	5.7612e-19	1.1755e-36	1.1755e-36	1.1755e-36	2.4613e-29	0.00e+00	0.00e+00	1.1497e+01
2.56770e+20	8.5545e+03	2.671e-21	2.7826e+01	2.7747e+01	2.5403e-16	4.0966e-03	9.9590e-01	9.9992e-01	7.8822e-05	1.1755e-36	8.2715e-20	1.8809e-05	5.4168e-01	4.5830e-01	1.1755e-36	4.1168e-03	9.9588e-01	5.8604e-19	1.1755e-36	1.1755e-36	1.1755e-36	4.1867e-29	0.00e+00	0.00e+00	1.1782e+01
2.57225e+20	8.5550e+03	2.689e-21	2.7826e+01	2.7734e+01	3.5988e-16	4.5655e-03	9.9543e-01	9.9994e-01	6.1558e-05	1.1755e-36	1.1518e-19	1.9537e-05	5.6154e-01	4.3844e-01	1.1755e-36	4.6688e-03	9.9533e-01	5.8138e-19	1.1755e-36	1.1755e-36	1.1755e-36	7.5549e-29	0.00e+00	0.00e+00	1.2194e+01
2.57816e+20	8.5324e+03	2.718e-21	2.7826e+01	2.7712e+01	5.9559e-16	5.3436e-03	9.9466e-01	9.9996e-01	4.2005e-05	1.1755e-36	1.8546e-19	2.0596e-05	5.9008e-01	4.0990e-01	1.1755e-36	5.5908e-03	9.9441e-01	4.9503e-19	1.1755e-36	1.1755e-36	1.1755e-36	1.7354e-28	0.00e+00	0.00e+00	1.2821e+01
2.58372e+20	8.5222e+03	2.752e-21	2.7826e+01	2.7688e+01	9.7888e-16	6.3898e-03	9.9361e-01	9.9997e-01	2.8541e-05	1.1755e-36	3.0627e-19	2.1686e-05	6.1958e-01	3.8039e-01	1.1755e-36	6.8421e-03	9.9316e-01	4.4808e-19	1.1755e-36	1.1755e-36	1.1755e-36	3.9190e-28	0.00e+00	0.00e+00	1.3321e+01
2.58723e+20	8.5116e+03	2.778e-21	2.7826e+01	2.7661e+01	1.4709e-15	7.3106e-03	9.9269e-01	9.9998e-01	2.0692e-05	1.1755e-36	4.5467e-19	2.2472e-05	6.4100e-01	3.5898e-01	1.1755e-36	7.9509e-03	9.9205e-01	4.1179e-19	1.1755e-36	1.1755e-36	1.1755e-36	7.6828e-28	0.00e+00	0.00e+00	1.3650e+01
2.58953e+20	8.5032e+03	2.794e-21	2.7826e+01	2.7638e+01	1.9582e-15	8.0533e-03	9.9195e-01	9.9998e-01	1.6667e-05	1.1755e-36	6.0229e-19	2.3037e-05	6.5656e-01	3.4341e-01	1.1755e-36	8.8497e-03	9.9115e-01	3.9224e-19	1.1755e-36	1.1755e-36	1.1755e-36	1.2296e-27	0.00e+00	0.00e+00	1.3939e+01
2.59189e+20	8.4800e+03	2.812e-21	2.7826e+01	2.7614e+01	2.6317e-15	8.9559e-03	9.9104e-01	9.9999e-01	1.3573e-05	1.1755e-36	8.0809e-19	2.3685e-05	6.7416e-01	3.2581e-01	1.1755e-36	9.9453e-03	9.9005e-01	3.4191e-19	1.1755e-36	1.1755e-36	1.1755e-36	1.9600e-27	0.00e+00	0.00e+00	1.4358e+01
2.59495e+20	8.4472e+03	2.835e-21	2.7826e+01	2.7570e+01	3.9806e-15	1.0426e-02	9.8957e-01	9.9999e-01	9.9333e-06	1.1755e-36	1.2215e-18	2.4575e-05	6.9860e-01	3.0138e-01	1.1755e-36	1.1737e-02	9.8826e-01	2.6936e-19	1.1755e-36	1.1755e-36	1.1755e-36	3.7478e-27	0.00e+00	0.00e+00	1.4992e+01
2.59794e+20	8.4088e+03	2.867e-21	2.7826e+01	2.7514e+01	6.2314e-15	1.2451e-02	9.8755e-01	9.9999e-01	7.0684e-06	1.1755e-36	1.9220e-18	2.5511e-05	7.2435e-01	2.7563e-01	1.1755e-36	1.4210e-02	9.8579e-01	2.0037e-19	1.1755e-36	1.1755e-36	1.1755e-36	7.4432e-27	0.00e+00	0.00e+00	1.5542e+01
2.60000e+20	8.3691e+03	2.895e-21	2.7826e+01	2.7475e+01	8.8284e-15	1.4427e-02	9.8557e-01	9.9999e-01	5.7926e-06	1.1755e-36	2.7395e-18	2.6257e-05	7.4461e-01	2.5537e-01	1.1755e-36	1.6629e-02	9.8337e-01	1.5646e-19	1.1755e-36	1.1755e-36	1.1755e-36	1.2451e-26	0.00e+00	0.00e+00	1.5949e+01
2.60147e+20	8.3372e+03	2.913e-21	2.7826e+01	2.7425e+01	1.1779e-14	1.6223e-02	9.8378e-01	1.0000e+00	4.8620e-06	1.1755e-36	3.6535e-18	2.6824e-05	7.6042e-01	2.3955e-01	1.1755e-36	1.8831e-02	9.8117e-01	1.3378e-19	1.1755e-36	1.1755e-36	1.1755e-36	1.9113e-26	0.00e+00	0.00e+00	1.6331e+01
2.60301e+20	8.2874e+03	2.932e-21	2.7826e+01	2.7354e+01	1.6472e-14	1.8556e-02	9.8144e-01	1.0000e+00	3.9689e-06	1.1755e-36	5.0686e-18	2.7468e-05	7.7846e-01	2.2151e-01	1.1755e-36	2.1697e-02	9.7830e-01	1.0381e-19	1.1755e-36	1.1755e-36	1.1755e-36	3.1051e-26	0.00e+00	0.00e+00	1.6899e+01
2.60501e+20	8.2082e+03	2.955e-21	2.7826e+01	2.7229e+01	2.6595e-14	2.2620e-02	9.7738e-01	1.0000e+00	2.9864e-06	1.1755e-36	8.0700e-18	2.8334e-05	8.0341e-01	1.9657e-01	1.1755e-36	2.6693e-02	9.7331e-01	6.4228e-20	1.1755e-36	1.1755e-36	1.1755e-36	6.1025e-26	0.00e+00	0.00e+00	1.7798e+01
2.60698e+20	8.1106e+03	2.986e-21	2.7826e+01	2.7056e+01	4.7328e-14	2.8864e-02	9.7114e-01	1.0000e+00	2.0816e-06	1.1755e-36	1.4043e-17	2.9236e-05	8.3021e-01	1.6977e-01	1.1755e-36	3.4365e-02	9.6564e-01	3.3607e-20	1.1755e-36	1.1755e-36	1.1755e-36	1.3582e-25	0.00e+00	0.00e+00	1.8651e+01
2.60833e+20	8.0212e+03	3.006e-21	2.7826e+01	2.6865e+01	7.7837e-14	3.5684e-02	9.6432e-01	1.0000e+00	1.5858e-06	1.1755e-36	2.2493e-17	2.9888e-05	8.5113e-01	1.4884e-01	1.1755e-36	4.2734e-02	9.5727e-01	2.4045e-20	1.1755e-36	1.1755e-36	1.1755e-36	2.6742e-25	0.00e+00	0.00e+00	1.9284e+01
2.60920e+20	7.9487e+03	3.019e-21	2.7826e+01	2.6733e+01	1.1405e-13	4.2021e-02	9.5798e-01	1.0000e+00	1.3251e-06	1.1755e-36	3.2176e-17	3.0354e-05	8.6618e-01	1.3379e-01	1.1755e-36	5.0498e-02	9.4950e-01	2.2955e-20	1.1755e-36	1.1755e-36	1.1755e-36	4.4740e-25	0.00e+00	0.00e+00	1.9820e+01
2.60992e+20	7.8772e+03	3.020e-21	2.7826e+01	2.6559e+01	1.6283e-13	4.8914e-02	9.5109e-01	1.0000e+00	1.1250e-06	1.1755e-36	4.4697e-17	3.0711e-05	8.7935e-01	1.2062e-01	1.1755e-36	5.8927e-02	9.4107e-01	2.2250e-20	1.1755e-36	1.1755e-36	1.1755e-36	7.1600e-25	0.00e+00	0.00e+00	2.0435e+01
2.61060e+20	7.7950e+03	3.017e-21	2.7826e+01	2.6345e+01	2.3952e-13	5.7641e-02	9.4236e-01	1.0000e+00	9.2519e-07	1.1755e-36	6.3488e-17	3.1022e-05	8.9241e-01	1.0756e-01	1.1755e-36	6.9568e-02	9.3043e-01	2.0306e-20	1.1755e-36	1.1755e-36	1.1755e-36	1.1819e-24	0.00e+00	0.00e+00	2.1098e+01
2.61121e+20	7.7249e+03	2.987e-21	2.7826e+01	2.5971e+01	3.4735e-13	6.7703e-02	9.3230e-01	1.0000e+00	7.6384e-07	1.1755e-36	8.8984e-17	3.1081e-05	9.0401e-01	9.5960e-02	1.1755e-36	8.1799e-02	9.1820e-01	1.8507e-20	1.1755e-36	1.1755e-36	1.1755e-36	1.9019e-24	0.00e+00	0.00e+00	2.1753e+01
2.61172e+20	7.6453e+03	2.968e-21	2.7826e+01	2.5737e+01	5.0766e-13	7.9664e-02	9.2034e-01	1.0000e+00	6.3908e-07	1.1755e-36	1.2516e-16	3.1264e-05	9.1492e-01	8.5051e-02	1.1755e-36	9.6260e-02	9.0374e-01	1.6833e-20	1.1755e-36	1.1755e-36	1.1755e-36	3.0982e-24	0.00e+00	0.00e+00	2.2415e+01
2.61215e+20	7.5869e+03	2.916e-21	2.7826e+01	2.5301e+01	7.1519e-13	9.2627e-02	9.0737e-01	1.0000e+00	5.4018e-07	1.1755e-36	1.7061e-16	3.1126e-05	9.2408e-01	7.5891e-02	1.1755e-36	1.1185e-01	8.8815e-01	1.5375e-20	1.1755e-36	1.1755e-36	1.1755e-36	4.7824e-24	0.00e+00	0.00e+00	2.3069e+01
2.61254e+20	7.5050e+03	2.861e-21	2.7826e+01	2.4864e+01	1.0237e-12	1.0787e-01	8.9213e-01	1.0000e+00	4.5817e-07	1.1755e-36	2.3276e-16	3.0970e-05	9.3264e-01	6.7327e-02	1.1755e-36	1.3008e-01	8.6992e-01	1.3868e-20	1.1755e-36	1.1755e-36	1.1755e-36	7.3828e-24	0.00e+00	0.00e+00	2.3771e+01
2.61289e+20	7.4214e+03	2.795e-21	2.7826e+01	2.4410e+01	1.4844e-12	1.2637e-01	8.7363e-01	1.0000e+00	3.8464e-07	1.1755e-36	3.2081e-16	3.0760e-05	9.4080e-01	5.9166e-02	1.1755e-36	1.5202e-01	8.4798e-01	1.2244e-20	1.1755e-36	1.1755e-36	1.1755e-36	1.1572e-23	0.00e+00	0.00e+00	2.4520e+01
2.61321e+20	7.3370e+03	2.705e-21	2.7826e+01	2.3827e+01	2.1454e-12	1.4778e-01	8.5223e-01	1.0000e+00	3.2263e-07	1.1755e-36	4.3857e-16	3.0355e-05	9.4812e-01	5.1846e-02	1.1755e-36	1.7717e-01	8.2283e-01	1.0678e-20	1.1755e-36	1.1755e-36	1.1755e-36	1.7810e-23	0.00e+00	0.00e+00	2.5286e+01
2.61349e+20	7.2574e+03	2.588e-21	2.7826e+01	2.3081e+01	3.0434e-12	1.7148e-01	8.2852e-01	1.0000e+00	2.7264e-07	1.1755e-36	5.8733e-16	2.9698e-05	9.5445e-01	4.5518e-02	1.1755e-36	2.0474e-01	7.9526e-01	9.2806e-21	1.1755e-36	1.1755e-36	1.1755e-36	2.6348e-23	0.00e+00	0.00e+00	2.6074e+01
2.61374e+20	7.1491e+03	2.461e-21	2.7826e+01	2.2300e+01	4.4208e-12	1.9959e-01	8.0041e-01	1.0000e+00	2.3017e-07	1.1755e-36	7.8969e-16	2.8985e-05	9.6039e-01	3.9579e-02	1.1755e-36	2.3706e-01	7.6294e-01	7.9502e-21	1.1755e-36	1.1755e-36	1.1755e-36	3.9034e-23	0.00e+00	0.00e+00	2.6931e+01
2.61398e+20	7.0284e+03	2.310e-21	2.7826e+01	2.1382e+01	6.4835e-12	2.3251e-01	7.6749e-01	1.0000e+00	1.9259e-07	1.1755e-36	1.0595e-15	2.8070e-05	9.6584e-01	3.4136e-02	1.1755e-36	2.7437e-01	7.2563e-01	6.7008e-21	1.1755e-36	1.1755e-36	1.1755e-36	5.7043e-23	0.00e+00	0.00e+00	2.7844e+01
2.61419e+20	6.8867e+03	2.137e-21	2.7826e+01	2.0330e+01	9.5966e-12	2.7027e-01	7.2973e-01	1.0000e+00	1.6110e-07	1.1755e-36	1.4100e-15	2.6959e-05	9.7073e-01	2.9239e-02	1.1755e-36	3.1647e-01	6.8353e-01	5.5800e-21	1.1755e-36	1.1755e-36	1.1755e-36	8.1302e-23	0.00e+00	0.00e+00	2.8810e+01
2.61437e+20	6.7330e+03	1.964e-21	2.7826e+01	1.9256e+01	1.3902e-11	3.0955e-01	6.9045e-01	1.0000e+00	1.3439e-07	1.1755e-36	1.8191e-15	2.5779e-05	9.7478e-01	2.5198e-02	1.1755e-36	3.5950e-01	6.4050e-01	4.6667e-21	1.1755e-36	1.1755e-36	1.1755e-36	1.0980e-22	0.00e+00	0.00e+00	2.9665e+01
2.61450e+20	6.5896e+03	1.813e-21	2.7826e+01	1.8281e+01	1.8820e-11	3.4388e-01	6.5612e-01	1.0000e+00	1.1741e-07	1.1755e-36	2.2100e-15	2.4669e-05	9.7769e-01	2.2286e-02	1.1755e-36	3.9648e-01	6.0352e-01	4.0376e-21	1.1755e-36	1.1755e-36	1.1755e-36	1.3563e-22	0.00e+00	0.00e+00	3.0347e+01
2.61460e+20	6.4648e+03	1.693e-21	2.7826e+01	1.7496e+01	2.3888e-11	3.7209e-01	6.2791e-01	1.0000e+00	1.0666e-07	1.1755e-36	2.5554e-15	2.3761e-05	9.7977e-01	2.0210e-02	1.1755e-36	4.2646e-01	5.7354e-01	3.6090e-21	1.1755e-36	1.1755e-36	1.1755e-36	1.5720e-22	0.00e+00	0.00e+00	3.0900e+01
2.61468e+20	6.3471e+03	1.589e-21	2.7826e+01	1.6799e+01	2.9354e-11	3.9708e-01	6.0292e-01	1.0000e+00	9.8942e-08	1.1755e-36	2.8787e-15	2.2946e-05	9.8141e-01	1.8564e-02	1.1755e-36	4.5271e-01	5.4729e-01	3.2784e-21	1.1755e-36	1.1755e-36	1.1755e-36	1.7586e-22	0.00e+00	0.00e+00	3.1426e+01
2.61476e+20	6.2234e+03	1.489e-21	2.7826e+01	1.6105e+01	3.5887e-11	4.2193e-01	5.7807e-01	1.0000e+00	9.1503e-08	1.1755e-36	3.2165e-15	2.2125e-05	9.8290e-01	1.7082e-02	1.1755e-36	4.7851e-01	5.2149e-01	2.9838e-21	1.1755e-36	1.1755e-36	1.1755e-36	1.9350e-22	0.00e+00	0.00e+00	3.1965e+01
2.61483e+20	6.0924e+03	1.390e-21	2.7826e+01	1.5409e+01	4.3750e-11	4.4686e-01	5.5314e-01	1.0000e+00	8.4245e-08	1.1755e-36	3.5720e-15	2.1293e-05	9.8425e-01	1.5726e-02	1.1755e-36	5.0412e-01	4.9588e-01	2.7165e-21	1.1755e-36	1.1755e-36	1.1755e-36	2.0986e-22	0.00e+00	0.00e+00	3.2495e+01
2.61489e+20	5.9576e+03	1.300e-21	2.7826e+01	1.4747e+01	5.2839e-11	4.7080e-01	5.2920e-01	1.0000e+00	7.7961e-08	1.1755e-36	3.9297e-15	2.0499e-05	9.8545e-01	1.4533e-02	1.1755e-36	5.2846e-01	4.7154e-01	2.4842e-21	1.1755e-36	1.1755e-36	1.1755e-36	2.2412e-22	0.00e+00	0.00e+00	3.2989e+01
2.61495e+20	5.8267e+03	1.217e-21	2.7826e+01	1.4130e+01	6.2740e-11	4.9298e-01	5.0702e-01	1.0000e+00	7.2939e-08	1.1755e-36	4.2759e-15	1.9752e-05	9.8647e-01	1.3509e-02	1.1755e-36	5.5077e-01	4.4923e-01	2.2879e-21	1.1755e-36	1.1755e-36	1.1755e-36	2.3552e-22	0.00e+00	0.00e+00	3.3450e+01
2.61500e+20	5.6960e+03	1.142e-21	2.7826e+01	1.3550e+01	7.3596e-11	5.1381e-01	4.8619e-01	1.0000e+00	6.8673e-08	1.1755e-36	4.6148e-15	1.9048e-05	9.8737e-01	1.2612e-02	1.1755e-36	5.7154e-01	4.2846e-01	2.1185e-21	1.1755e-36	1.1755e-36	1.1755e-36	2.4449e-22	0.00e+00	0.00e+00	3.3890e+01
2.61505e+20	5.5646e+03	1.073e-21	2.7826e+01	1.2997e+01	8.5454e-11	5.3371e-01	4.6629e-01	1.0000e+00	6.4881e-08	1.1755e-36	4.9521e-15	1.8372e-05	9.8817e-01	1.1807e-02	1.1755e-36	5.9120e-01	4.0880e-01	1.9684e-21	1.1755e-36	1.1755e-36	1.1755e-36	2.5135e-22	0.00e+00	0.00e+00	3.4318e+01
2.61508e+20	5.4584e+03	1.020e-21	2.7826e+01	1.2562e+01	9.5713e-11	5.4933e-01	4.5067e-01	1.0000e+00	6.1164e-08	1.1755e-36	5.2269e-15	1.7838e-05	9.8878e-01	1.1205e-02	1.1755e-36	6.0653e-01	3.9347e-01	1.8568e-21	1.1755e-36	1.1755e-36	1.1755e-36	2.5545e-22	0.00e+00	0.00e+00	3.4605e+01
2.61511e+20	5.3697e+03	9.789e-22	2.7826e+01	1.2223e+01	1.0453e-10	5.6154e-01	4.3846e-01	1.0000e+00	5.9914e-08	1.1755e-36	5.4477e-15	1.7422e-05	9.8923e-01	1.0756e-02	1.1755e-36	6.1842e-01	3.8158e-01	1.7756e-21	1.1755e-36	1.1755e-36	1.1755e-36	2.5778e-22	0.00e+00	0.00e+00	3.4863e+01
2.61514e+20	5.2821e+03	9.397e-22	2.7826e+01	1.1892e+01	1.1355e-10	5.7347e-01	4.2653e-01	1.0000e+00	5.8243e-08	1.1755e-36	5.6697e-15	1.7016e-05	9.8965e-01	1.0331e-02	1.1755e-36	6.3001e-01	3.6999e-01	1.6993e-21	1.1755e-36	1.1755e-36	1.1755e-36	2.5946e-22	0.00e+00	0.00e+00	3.5136e+01
2.61517e+20	5.1831e+03	8.991e-22	2.7826e+01	1.1538e+01	1.2381e-10	5.8615e-01	4.1385e-01	1.0000e+00	5.6245e-08	1.1755e-36	5.9118e-15	1.6582e-05	9.9009e-01	9.8969e-03	1.1755e-36	6.4224e-01	3.5776e-01	1.6218e-21	1.1755e-36	1.1755e-36	1.1755e-36	2.6025e-22	0.00e+00	0.00e+00	3.5430e+01
2.61519e+20	5.0793e+03	8.583e-22	2.7826e+01	1.1179e+01	1.3466e-10	5.9911e-01	4.0089e-01	1.0000e+00	5.4135e-08	1.1755e-36	6.1671e-15	1.6141e-05	9.9052e-01	9.4676e-03	1.1755e-36	6.5468e-01	3.4532e-01	1.5454e-21	1.1755e-36	1.1755e-36	1.1755e-36	2.6026e-22	0.00e+00	0.00e+00	3.5727e+01
2.61522e+20	4.9729e+03	8.195e-22	2.7826e+01	1.0828e+01	1.4553e-10	6.1183e-01	3.8817e-01	1.0000e+00	5.2220e-08	1.1755e-36	6.4241e-15	1.5712e-05	9.9093e-01	9.0556e-03	1.1755e-36	6.6685e-01	3.3315e-01	1.4733e-21	1.1755e-36	1.1755e-36	1.1755e-36	2.5916e-22	0.00e+00	0.00e+00	3.6016e+01
2.61525e+20	4.8637e+03	7.825e-22	2.7826e+01	1.0484e+01	1.5584e-10	6.2423e-01	3.7577e-01	1.0000e+00	5.0537e-08	1.1755e-36	6.6785e-15	1.5292e-05	9.9133e-01	8.6524e-03	1.1755e-36	6.7864e-01	3.2136e-01	1.4061e-21	1.1755e-36	1.1755e-36	1.1755e-36	2.5614e-22	0.00e+00	0.00e+00	3.6303e+01
2.61527e+20	4.7566e+03	7.461e-22	2.7826e+01	1.0139e+01	1.6527e-10	6.3632e-01	3.6368e-01	1.0000e+00	4.9028e-08	1.1755e-36	6.9351e-15	1.4869e-05	9.9171e-01	8.2705e-03	1.1755e-36	6.9006e-01	3.0994e-01	1.3427e-21	1.1755e-36	1.1755e-36	1.1755e-36	2.5169e-22	0.00e+00	0.00e+00	3.6596e+01
2.61530e+20	4.6391e+03	7.107e-22	2.7826e+01	9.7938e+00	1.7472e-10	6.4872e-01	3.5128e-01	1.0000e+00	4.7452e-08	1.1755e-36	7.2045e-15	1.4452e-05	9.9210e-01	7.8897e-03	1.1755e-36	7.0173e-01	2.9827e-01	1.2804e-21	1.1755e-36	1.1755e-36	1.1755e-36	2.4637e-22	0.00e+00	0.00e+00	3.6894e+01
2.61533e+20	4.5174e+03	6.760e-22	2.7826e+01	9.4478e+00	1.8327e-10	6.6115e-01	3.3885e-01	1.0000e+00	4.5946e-08	1.1755e-36	7.4831e-15	1.4036e-05	9.9247e-01	7.5182e-03	1.1755e-36	7.1338e-01	2.8662e-01	1.2201e-21	1.1755e-36	1.1755e-36	1.1755e-36	2.3985e-22	0.00e+00	0.00e+00	3.7198e+01
2.61535e+20	4.3908e+03	6.419e-22	2.7826e+01	9.1010e+00	1.9064e-10	6.7363e-01	3.2637e-01	1.0000e+00	4.4502e-08	1.1755e-36	7.7717e-15	1.3623e-05	9.9283e-01	7.1560e-03	1.1755e-36	7.2500e-01	2.7500e-01	1.1617e-21	1.1755e-36	1.1755e-36	1.1755e-36	2.3216e-22	0.00e+00	0.00e+00	3.7507e+01
2.61538e+20	4.2552e+03	6.088e-22	2.7826e+01	8.7527e+00	1.9678e-10	6.8626e-01	3.1374e-01	1.0000e+00	4.3085e-08	1.1755e-36	8.0723e-15	1.3215e-05	9.9319e-01	6.7997e-03	1.1755e-36	7.3672e-01	2.6328e-01	1.1049e-21	1.1755e-36	1.1755e-36	1.1755e-36	2.2331e-22	0.00e+00	0.00e+00	3.7822e+01
2.61541e+20	4.1178e+03	5.763e-22	2.7826e+01	8.4047e+00	2.0098e-10	6.9877e-01	3.0123e-01	1.0000e+00	4.1764e-08	1.1755e-36	8.3827e-15	1.2811e-05	9.9353e-01	6.4564e-03	1.1755e-36	7.4827e-01	2.5173e-01	1.0502e-21	1.1755e-36	1.1755e-36	1.1755e-36	2.1338e-22	0.00e+00	0.00e+00	3.8143e+01
2.61543e+20	3.9753e+03	5.447e-22	2.7826e+01	8.0573e+00	2.0337e-10	7.1127e-01	2.8873e-01	1.0000e+00	4.0473e-08	1.1755e-36	8.7056e-15	1.2414e-05	9.9386e-01	6.1231e-03	1.1755e-36	7.5975e-01	2.4025e-01	9.9723e-22	1.1755e-36	1.1755e-36	1.1755e-36	2.0261e-22	0.00e+00	0.00e+00	3.8470e+01
###########################
2.27909e+14	5.9015e+03	3.010e-21	2.7826e+01	3.0569e+01	6.4903e-19	6.6934e-05	9.9993e-01	2.7907e-04	8.7161e-01	1.2811e-01	4.0440e-27	9.0150e-08	5.4636e-03	9.3333e-01	6.1122e-02	3.5449e-07	1.3768e-02	9.0468e-01	8.1545e-02	1.9578e-06	1.1755e-36	8.2432e-36	0.00e+00	0.00e+00	5.3591e-06
1.36745e+15	5.8944e+03	3.010e-21	2.7826e+01	3.0557e+01	6.7888e-19	6.6994e-05	9.9993e-01	2.7921e-04	8.7174e-01	1.2798e-01	4.1757e-27	9.0501e-08	5.4779e-03	9.3326e-01	6.1180e-02	3.5484e-07	1.3767e-02	9.0494e-01	8.1290e-02	1.9479e-06	1.1755e-36	8.9292e-36	0.00e+00	0.00e+00	2.6815e-05
5.92563e+15	5.8966e+03	3.007e-21	2.7826e+01	3.0555e+01	7.0441e-19	6.7033e-05	9.9993e-01	2.7929e-04	8.7239e-01	1.2733e-01	4.3107e-27	9.0971e-08	5.4969e-03	9.3330e-01	6.1117e-02	3.5510e-07	1.3761e-02	9.0603e-01	8.0203e-02	1.9101e-06	1.1755e-36	9.6515e-36	0.00e+00	0.00e+00	1.1269e-04
2.41583e+16	5.9035e+03	2.996e-21	2.7826e+01	3.0547e+01	7.0134e-19	6.7020e-05	9.9993e-01	2.8015e-04	8.7597e-01	1.2375e-01	4.3283e-27	9.1603e-08	5.5096e-03	9.3356e-01	6.0848e-02	3.5560e-07	1.3774e-02	9.1021e-01	7.6013e-02	1.7662e-06	1.1755e-36	9.6719e-36	0.00e+00	0.00e+00	4.5611e-04
5.77065e+16	5.9081e+03	2.981e-21	2.7826e+01	3.0541e+01	6.5665e-19	6.6906e-05	9.9993e-01	2.8030e-04	8.7796e-01	1.2176e-01	4.1209e-27	9.1635e-08	5.5035e-03	9.3370e-01	6.0723e-02	3.5448e-07	1.3747e-02	9.1613e-01	7.0125e-02	1.5649e-06	1.1755e-36	8.5026e-36	0.00e+00	0.00e+00	9.0180e-04
1.01319e+17	5.9208e+03	2.961e-21	2.7826e+01	3.0529e+01	6.3621e-19	6.6722e-05	9.9993e-01	2.8142e-04	8.8376e-01	1.1596e-01	4.0389e-27	9.1733e-08	5.4909e-03	9.3417e-01	6.0273e-02	3.5349e-07	1.3736e-02	9.2329e-01	6.2971e-02	1.3343e-06	1.1755e-36	8.1486e-36	0.00e+00	0.00e+00	1.4796e-03
1.58016e+17	5.9389e+03	2.938e-21	2.7826e+01	3.0508e+01	6.1591e-19	6.6456e-05	9.9993e-01	2.8353e-04	8.9348e-01	1.0623e-01	3.9654e-27	9.1932e-08	5.4745e-03	9.3492e-01	5.9547e-02	3.5232e-07	1.3732e-02	9.3176e-01	5.4504e-02	1.0796e-06	1.1755e-36	7.8675e-36	0.00e+00	0.00e+00	2.2277e-03
2.31721e+17	5.9611e+03	2.911e-21	2.7826e+01	3.0478e+01	6.0253e-19	6.6125e-05	9.9993e-01	2.8671e-04	9.0737e-01	9.2348e-02	3.9332e-27	9.2238e-08	5.4553e-03	9.3595e-01	5.8538e-02	3.5140e-07	1.3747e-02	9.4138e-01	4.4872e-02	8.1337e-07	1.1755e-36	7.8280e-36	0.00e+00	0.00e+00	3.1955e-03
3.27538e+17	5.9879e+03	2.880e-21	2.7826e+01	3.0446e+01	5.8436e-19	6.5742e-05	9.9993e-01	2.9092e-04	9.2507e-01	7.4638e-02	3.8927e-27	9.1728e-08	5.4371e-03	9.3722e-01	5.7296e-02	3.5119e-07	1.3794e-02	9.5170e-01	3.4502e-02	5.5606e-07	1.1755e-36	7.7393e-36	0.00e+00	0.00e+00	4.4463e-03
4.52100e+17	6.0071e+03	2.851e-21	2.7826e+01	3.0402e+01	5.5749e-19	6.5381e-05	9.9993e-01	2.9598e-04	9.4516e-01	5.4542e-02	3.8088e-27	9.2104e-08	5.4206e-03	9.3869e-01	5.5858e-02	3.5209e-07	1.3881e-02	9.6191e-01	2.4205e-02	3.3344e-07	1.1755e-36	7.3195e-36	0.00e+00	0.00e+00	6.0634e-03
6.14030e+17	6.0222e+03	2.822e-21	2.7826e+01	3.0354e+01	5.4147e-19	6.5025e-05	9.9993e-01	3.0099e-04	9.6483e-01	3.4865e-02	3.7757e-27	9.2291e-08	5.4059e-03	9.4012e-01	5.4451e-02	3.5391e-07	1.4000e-02	9.7095e-01	1.5047e-02	1.6822e-07	1.1755e-36	7.1527e-36	0.00e+00	0.00e+00	8.1541e-03
8.24540e+17	6.0332e+03	2.796e-21	2.7826e+01	3.0302e+01	5.1825e-19	6.4670e-05	9.9994e-01	3.0492e-04	9.8090e-01	1.8795e-02	3.6957e-27	9.2483e-08	5.3866e-03	9.4133e-01	5.3266e-02	3.5588e-07	1.4124e-02	9.7785e-01	8.0207e-03	1.1755e-36	1.1755e-36	6.7367e-36	0.00e+00	0.00e+00	1.0857e-02
1.09820e+18	6.0324e+03	2.776e-21	2.7826e+01	3.0271e+01	5.0742e-19	6.4421e-05	9.9994e-01	3.0774e-04	9.9146e-01	8.2291e-03	3.6644e-27	9.2378e-08	5.3799e-03	9.4230e-01	5.2313e-02	3.5848e-07	1.4246e-02	9.8221e-01	3.5409e-03	1.1755e-36	1.1755e-36	6.5261e-36	0.00e+00	0.00e+00	1.4358e-02
1.45396e+18	6.0231e+03	2.762e-21	2.7826e+01	3.0257e+01	5.0354e-19	6.4236e-05	9.9994e-01	3.0938e-04	9.9686e-01	2.8336e-03	3.6523e-27	9.2352e-08	5.3790e-03	9.4307e-01	5.1548e-02	3.6091e-07	1.4342e-02	9.8440e-01	1.2549e-03	1.1755e-36	1.1755e-36	6.4001e-36	0.00e+00	0.00e+00	1.8896e-02
1.91645e+18	6.0089e+03	2.750e-21	2.7826e+01	3.0251e+01	5.0263e-19	6.4067e-05	9.9994e-01	3.1021e-04	9.9894e-01	7.4838e-04	3.6418e-27	9.2334e-08	5.3810e-03	9.4376e-01	5.0854e-02	3.6285e-07	1.4407e-02	9.8524e-01	3.4872e-04	1.1755e-36	1.1755e-36	6.2921e-36	0.00e+00	0.00e+00	2.4779e-02
2.51769e+18	5.9917e+03	2.739e-21	2.7826e+01	3.0250e+01	5.0336e-19	6.3890e-05	9.9994e-01	3.1070e-04	9.9954e-01	1.5054e-04	3.6330e-27	9.2317e-08	5.3854e-03	9.4452e-01	5.0098e-02	3.6463e-07	1.4458e-02	9.8547e-01	7.5540e-05	1.1755e-36	1.1755e-36	6.1964e-36	0.00e+00	0.00e+00	3.2407e-02
3.29930e+18	5.9692e+03	2.727e-21	2.7826e+01	3.0251e+01	5.0688e-19	6.3715e-05	9.9994e-01	3.1128e-04	9.9966e-01	2.3802e-05	3.6349e-27	9.2359e-08	5.3945e-03	9.4544e-01	4.9170e-02	3.6697e-07	1.4517e-02	9.8547e-01	1.3098e-05	1.1755e-36	1.1755e-36	6.1247e-36	0.00e+00	0.00e+00	4.2295e-02
4.31539e+18	5.9422e+03	2.713e-21	2.7826e+01	3.0251e+01	5.1198e-19	6.3540e-05	9.9994e-01	3.1206e-04	9.9968e-01	3.1748e-06	3.6468e-27	9.2500e-08	5.4097e-03	9.4658e-01	4.8010e-02	3.7024e-07	1.4596e-02	9.8540e-01	1.9216e-06	1.1755e-36	1.1755e-36	6.0582e-36	0.00e+00	0.00e+00	5.5115e-02
5.63631e+18	5.9120e+03	2.695e-21	2.7826e+01	3.0251e+01	5.0639e-19	6.3364e-05	9.9994e-01	3.1309e-04	9.9969e-01	3.7484e-07	3.6155e-27	9.2810e-08	5.4353e-03	9.4799e-01	4.6572e-02	3.7472e-07	1.4701e-02	9.8530e-01	2.5459e-07	1.1755e-36	1.1755e-36	5.7192e-36	0.00e+00	0.00e+00	7.1734e-02
7.35350e+18	5.8766e+03	2.674e-21	2.7826e+01	3.0251e+01	4.9817e-19	6.3219e-05	9.9994e-01	3.1456e-04	9.9969e-01	3.9005e-08	3.5827e-27	9.3380e-08	5.4749e-03	9.4974e-01	4.4783e-02	3.8100e-07	1.4845e-02	9.8515e-01	1.1755e-36	1.1755e-36	1.1755e-36	5.3018e-36	0.00e+00	0.00e+00	9.3290e-02
8.74029e+18	5.8276e+03	2.648e-21	2.7826e+01	3.0251e+01	5.1307e-19	6.2649e-05	9.9994e-01	3.1448e-04	9.9969e-01	7.3614e-09	3.5857e-27	9.2873e-08	5.4802e-03	9.5104e-01	4.3481e-02	3.8369e-07	1.4915e-02	9.8508e-01	1.1755e-36	1.1755e-36	1.1755e-36	5.3119e-36	0.00e+00	0.00e+00	1.0245e-01
9.61432e+18	5.8106e+03	2.638e-21	2.7826e+01	3.0251e+01	5.1859e-19	6.2594e-05	9.9994e-01	3.1519e-04	9.9968e-01	3.0152e-09	3.6155e-27	9.3137e-08	5.4995e-03	9.5186e-01	4.2645e-02	3.8687e-07	1.4987e-02	9.8501e-01	1.1755e-36	1.1755e-36	1.1755e-36	5.3239e-36	0.00e+00	0.00e+00	1.1252e-01
1.05758e+19	5.7932e+03	2.628e-21	2.7826e+01	3.0251e+01	5.2319e-19	6.2552e-05	9.9994e-01	3.1601e-04	9.9968e-01	1.2102e-09	3.6438e-27	9.3476e-08	5.5217e-03	9.5273e-01	4.1746e-02	3.9052e-07	1.5069e-02	9.8493e-01	1.1755e-36	1.1755e-36	1.1755e-36	5.3084e-36	0.00e+00	0.00e+00	1.2358e-01
1.16333e+19	5.7751e+03	2.617e-21	2.7826e+01	3.0251e+01	5.2899e-19	6.2523e-05	9.9994e-01	3.1694e-04	9.9968e-01	4.7581e-10	3.6806e-27	9.3891e-08	5.5469e-03	9.5367e-01	4.0781e-02	3.9464e-07	1.5162e-02	9.8484e-01	1.1755e-36	1.1755e-36	1.1755e-36	5.3104e-36	0.00e+00	0.00e+00	1.3575e-01
1.27967e+19	5.7559e+03	2.606e-21	2.7826e+01	3.0251e+01	5.3160e-19	6.2510e-05	9.9994e-01	3.1800e-04	9.9968e-01	1.8329e-10	3.7036e-27	9.4335e-08	5.5740e-03	9.5467e-01	3.9755e-02	3.9915e-07	1.5261e-02	9.8474e-01	1.1755e-36	1.1755e-36	1.1755e-36	5.2376e-36	0.00e+00	0.00e+00	1.4913e-01
1.40763e+19	5.7366e+03	2.594e-21	2.7826e+01	3.0251e+01	5.4009e-19	6.2512e-05	9.9994e-01	3.1919e-04	9.9968e-01	6.9254e-11	3.7585e-27	9.4861e-08	5.6050e-03	9.5574e-01	3.8654e-02	4.0419e-07	1.5371e-02	9.8463e-01	1.1755e-36	1.1755e-36	1.1755e-36	5.2808e-36	0.00e+00	0.00e+00	1.6385e-01
1.54840e+19	5.7166e+03	2.582e-21	2.7826e+01	3.0251e+01	5.3232e-19	6.2538e-05	9.9994e-01	3.2054e-04	9.9968e-01	2.5758e-11	3.7425e-27	9.5467e-08	5.6397e-03	9.5688e-01	3.7480e-02	4.0986e-07	1.5494e-02	9.8451e-01	1.1755e-36	1.1755e-36	1.1755e-36	4.9963e-36	0.00e+00	0.00e+00	1.8005e-01
1.70324e+19	5.6962e+03	2.570e-21	2.7826e+01	3.0251e+01	5.4745e-19	6.2589e-05	9.9994e-01	3.2207e-04	9.9968e-01	9.5261e-12	3.8366e-27	9.6161e-08	5.6781e-03	9.5809e-01	3.6233e-02	4.1618e-07	1.5630e-02	9.8437e-01	1.1755e-36	1.1755e-36	1.1755e-36	5.1538e-36	0.00e+00	0.00e+00	1.9789e-01
1.87356e+19	5.6752e+03	2.556e-21	2.7826e+01	3.0251e+01	5.2898e-19	6.2673e-05	9.9994e-01	3.2381e-04	9.9968e-01	3.5915e-12	3.7815e-27	9.6961e-08	5.7211e-03	9.5937e-01	3.4911e-02	4.2327e-07	1.5781e-02	9.8422e-01	1.1755e-36	1.1755e-36	1.1755e-36	4.6696e-36	0.00e+00	0.00e+00	2.1753e-01
2.06092e+19	5.6544e+03	2.543e-21	2.7826e+01	3.0251e+01	5.5159e-19	6.2791e-05	9.9994e-01	3.2578e-04	9.9967e-01	1.4552e-12	3.9220e-27	9.7875e-08	5.7687e-03	9.6071e-01	3.3516e-02	4.3118e-07	1.5947e-02	9.8405e-01	1.1755e-36	1.1755e-36	1.1755e-36	4.9473e-36	0.00e+00	0.00e+00	2.3918e-01
2.26701e+19	5.6332e+03	2.529e-21	2.7826e+01	3.0251e+01	5.3882e-19	6.2955e-05	9.9994e-01	3.2802e-04	9.9967e-01	6.8727e-13	3.9045e-27	9.8927e-08	5.8220e-03	9.6213e-01	3.2047e-02	4.4005e-07	1.6132e-02	9.8387e-01	1.1755e-36	1.1755e-36	1.1755e-36	4.5671e-36	0.00e+00	0.00e+00	2.6305e-01
2.49371e+19	5.6125e+03	2.515e-21	2.7826e+01	3.0251e+01	5.6132e-19	6.3168e-05	9.9994e-01	3.3056e-04	9.9967e-01	4.0173e-13	4.0621e-27	1.0013e-07	5.8813e-03	9.6361e-01	3.0507e-02	4.5000e-07	1.6335e-02	9.8366e-01	1.1755e-36	1.1755e-36	1.1755e-36	4.8232e-36	0.00e+00	0.00e+00	2.8940e-01
2.74308e+19	5.5919e+03	2.500e-21	2.7826e+01	3.0251e+01	5.5365e-19	6.3442e-05	9.9994e-01	3.3346e-04	9.9967e-01	2.8359e-13	4.0922e-27	1.0152e-07	5.9477e-03	9.6515e-01	2.8899e-02	4.6122e-07	1.6562e-02	9.8344e-01	1.1755e-36	1.1755e-36	1.1755e-36	4.5519e-36	0.00e+00	0.00e+00	3.1852e-01
3.01739e+19	5.5723e+03	2.485e-21	2.7826e+01	3.0251e+01	5.7534e-19	6.3787e-05	9.9994e-01	3.3677e-04	9.9966e-01	2.2370e-13	4.2724e-27	1.0312e-07	6.0220e-03	9.6675e-01	2.7229e-02	4.7387e-07	1.6814e-02	9.8319e-01	1.1755e-36	1.1755e-36	1.1755e-36	4.7816e-36	0.00e+00	0.00e+00	3.5072e-01
3.31913e+19	5.5536e+03	2.471e-21	2.7826e+01	3.0250e+01	5.8525e-19	6.4216e-05	9.9994e-01	3.4056e-04	9.9966e-01	1.8512e-13	4.4158e-27	1.0496e-07	6.1056e-03	9.6839e-01	2.5502e-02	4.8822e-07	1.7094e-02	9.8291e-01	1.1755e-36	1.1755e-36	1.1755e-36	4.8102e-36	0.00e+00	0.00e+00	3.8637e-01
3.65104e+19	5.5364e+03	2.456e-21	2.7826e+01	3.0250e+01	5.7745e-19	6.4743e-05	9.9994e-01	3.4491e-04	9.9966e-01	1.5555e-13	4.4948e-27	1.0709e-07	6.1996e-03	9.7007e-01	2.3728e-02	5.0455e-07	1.7408e-02	9.8259e-01	1.1755e-36	1.1755e-36	1.1755e-36	4.5443e-36	0.00e+00	0.00e+00	4.2591e-01
4.01614e+19	5.5212e+03	2.441e-21	2.7826e+01	3.0250e+01	5.9128e-19	6.5389e-05	9.9993e-01	3.4991e-04	9.9965e-01	1.3086e-13	4.7030e-27	1.0957e-07	6.3059e-03	9.7178e-01	2.1915e-02	5.2322e-07	1.7760e-02	9.8224e-01	1.1755e-36	1.1755e-36	1.1755e-36	4.6413e-36	0.00e+00	0.00e+00	4.6985e-01
4.41776e+19	5.5086e+03	2.426e-21	2.7826e+01	3.0250e+01	6.1108e-19	6.6174e-05	9.9993e-01	3.5570e-04	9.9964e-01	1.0961e-13	4.9754e-27	1.1245e-07	6.4265e-03	9.7350e-01	2.0078e-02	5.4469e-07	1.8157e-02	9.8184e-01	1.1755e-36	1.1755e-36	1.1755e-36	4.8414e-36	0.00e+00	0.00e+00	5.1875e-01
4.85953e+19	5.4992e+03	2.412e-21	2.7826e+01	3.0250e+01	6.3222e-19	6.7128e-05	9.9993e-01	3.6242e-04	9.9964e-01	9.1158e-14	5.2994e-27	1.1581e-07	6.5640e-03	9.7521e-01	1.8229e-02	5.6956e-07	1.8606e-02	9.8139e-01	1.1755e-36	1.1755e-36	1.1755e-36	5.0746e-36	0.00e+00	0.00e+00	5.7332e-01
5.34548e+19	5.4939e+03	2.398e-21	2.7826e+01	3.0250e+01	6.1657e-19	6.8283e-05	9.9993e-01	3.7025e-04	9.9963e-01	7.5166e-14	5.4883e-27	1.1978e-07	6.7216e-03	9.7689e-01	1.6386e-02	5.9856e-07	1.9117e-02	9.8088e-01	1.1755e-36	1.1755e-36	1.1755e-36	4.7239e-36	0.00e+00	0.00e+00	6.3438e-01
5.88003e+19	5.4935e+03	2.385e-21	2.7826e+01	3.0250e+01	6.5865e-19	6.9684e-05	9.9993e-01	3.7946e-04	9.9962e-01	6.1368e-14	6.0519e-27	1.2447e-07	6.9035e-03	9.7853e-01	1.4565e-02	6.3270e-07	1.9702e-02	9.8030e-01	1.1755e-36	1.1755e-36	1.1755e-36	5.3306e-36	0.00e+00	0.00e+00	7.0293e-01
6.46804e+19	5.4961e+03	2.373e-21	2.7826e+01	3.0250e+01	6.6888e-19	7.1437e-05	9.9993e-01	3.9059e-04	9.9961e-01	4.9529e-14	6.5588e-27	1.3025e-07	7.1249e-03	9.8010e-01	1.2776e-02	6.7462e-07	2.0400e-02	9.7960e-01	1.1755e-36	1.1755e-36	1.1755e-36	5.4336e-36	0.00e+00	0.00e+00	7.8022e-01
7.11484e+19	5.5116e+03	2.361e-21	2.7826e+01	3.0250e+01	6.8096e-19	7.3494e-05	9.9993e-01	4.0350e-04	9.9960e-01	3.9477e-14	7.2023e-27	1.3698e-07	7.3727e-03	9.8156e-01	1.1063e-02	7.2338e-07	2.1182e-02	9.7882e-01	1.1755e-36	1.1755e-36	1.1755e-36	5.6560e-36	0.00e+00	0.00e+00	8.6770e-01
7.82632e+19	5.5294e+03	2.353e-21	2.7826e+01	3.0250e+01	7.1528e-19	7.6082e-05	9.9992e-01	4.1942e-04	9.9958e-01	3.1000e-14	8.1663e-27	1.4523e-07	7.6704e-03	9.8291e-01	9.4209e-03	7.8404e-07	2.2120e-02	9.7788e-01	1.1755e-36	1.1755e-36	1.1755e-36	6.2715e-36	0.00e+00	0.00e+00	9.6731e-01
8.60896e+19	5.5604e+03	2.345e-21	2.7826e+01	3.0249e+01	7.2851e-19	7.9255e-05	9.9992e-01	4.3874e-04	9.9956e-01	2.3926e-14	9.2786e-27	1.5550e-07	8.0298e-03	9.8409e-01	7.8837e-03	8.5936e-07	2.3234e-02	9.7676e-01	1.1755e-36	1.1755e-36	1.1755e-36	6.6184e-36	0.00e+00	0.00e+00	1.0814e+00
9.46985e+19	5.6043e+03	2.340e-21	2.7826e+01	3.0249e+01	7.7405e-19	8.3208e-05	9.9992e-01	4.6270e-04	9.9954e-01	1.8110e-14	1.1063e-26	1.6828e-07	8.4677e-03	9.8507e-01	6.4649e-03	9.5509e-07	2.4582e-02	9.7542e-01	1.1755e-36	1.1755e-36	1.1755e-36	7.7721e-36	0.00e+00	0.00e+00	1.2133e+00
1.04168e+20	5.6559e+03	2.341e-21	2.7826e+01	3.0249e+01	8.2740e-19	8.8297e-05	9.9991e-01	4.9343e-04	9.9951e-01	1.3383e-14	1.3620e-26	1.8480e-07	9.0216e-03	9.8580e-01	5.1741e-03	1.0821e-06	2.6269e-02	9.7373e-01	1.1755e-36	1.1755e-36	1.1755e-36	9.3003e-36	0.00e+00	0.00e+00	1.3671e+00
1.14585e+20	5.7390e+03	2.341e-21	2.7826e+01	3.0248e+01	8.9637e-19	9.4674e-05	9.9991e-01	5.3238e-04	9.9947e-01	9.6285e-15	1.7593e-26	2.0612e-07	9.7148e-03	9.8625e-01	4.0372e-03	1.2507e-06	2.8362e-02	9.7164e-01	1.1755e-36	1.1755e-36	1.1755e-36	1.2013e-35	0.00e+00	0.00e+00	1.5486e+00
1.26044e+20	5.8359e+03	2.350e-21	2.7826e+01	3.0248e+01	9.7934e-19	1.0317e-04	9.9990e-01	5.8491e-04	9.9942e-01	6.6936e-15	2.3976e-26	2.3509e-07	1.0638e-02	9.8631e-01	3.0476e-03	1.4914e-06	3.1123e-02	9.6888e-01	1.1755e-36	1.1755e-36	1.1755e-36	1.6078e-35	0.00e+00	0.00e+00	1.7661e+00
1.37274e+20	5.9469e+03	2.364e-21	2.7826e+01	3.0247e+01	1.0657e-18	1.1313e-04	9.9989e-01	6.4766e-04	9.9935e-01	4.5298e-15	3.3329e-26	2.6994e-07	1.1724e-02	9.8597e-01	2.3098e-03	1.8002e-06	3.4381e-02	9.6562e-01	1.1755e-36	1.1755e-36	1.1755e-36	2.1788e-35	0.00e+00	0.00e+00	1.9739e+00
1.46898e+20	6.0551e+03	2.383e-21	2.7826e+01	3.0247e+01	1.1680e-18	1.2357e-04	9.9988e-01	7.1543e-04	9.9928e-01	3.3062e-15	4.6260e-26	3.0755e-07	1.2876e-02	9.8532e-01	1.8071e-03	2.1580e-06	3.7848e-02	9.6215e-01	1.1755e-36	1.1755e-36	1.1755e-36	3.0151e-35	0.00e+00	0.00e+00	2.1647e+00
1.55289e+20	6.1578e+03	2.403e-21	2.7826e+01	3.0246e+01	1.3268e-18	1.3455e-04	9.9987e-01	7.8939e-04	9.9921e-01	2.5215e-15	6.5241e-26	3.4874e-07	1.4118e-02	9.8444e-01	1.4439e-03	2.5770e-06	4.1579e-02	9.5842e-01	1.1755e-36	1.1755e-36	1.1755e-36	4.4793e-35	0.00e+00	0.00e+00	2.3536e+00
1.63120e+20	6.2604e+03	2.424e-21	2.7826e+01	3.0245e+01	1.4786e-18	1.4677e-04	9.9985e-01	8.7518e-04	9.9912e-01	1.9330e-15	9.2259e-26	3.9644e-07	1.5539e-02	9.8330e-01	1.1595e-03	3.0995e-06	4.5854e-02	9.5414e-01	1.1755e-36	1.1755e-36	1.1755e-36	6.4328e-35	0.00e+00	0.00e+00	2.5514e+00
1.70579e+20	6.3652e+03	2.448e-21	2.7826e+01	3.0245e+01	1.6593e-18	1.6065e-04	9.9984e-01	9.7726e-04	9.9902e-01	1.4758e-15	1.3342e-25	4.5288e-07	1.7203e-02	9.8186e-01	9.3223e-04	3.7712e-06	5.0899e-02	9.4910e-01	1.1755e-36	1.1755e-36	1.1755e-36	9.4478e-35	0.00e+00	0.00e+00	2.7559e+00
1.77503e+20	6.4696e+03	2.474e-21	2.7826e+01	3.0244e+01	1.8613e-18	1.7602e-04	9.9982e-01	1.0969e-03	9.9890e-01	1.1356e-15	1.9523e-25	5.1843e-07	1.9119e-02	9.8013e-01	7.5398e-04	4.6244e-06	5.6772e-02	9.4322e-01	1.1755e-36	1.1755e-36	1.1755e-36	1.3914e-34	0.00e+00	0.00e+00	2.9599e+00
1.83767e+20	6.5613e+03	2.502e-21	2.7826e+01	3.0243e+01	2.1636e-18	1.9281e-04	9.9981e-01	1.2352e-03	9.9876e-01	8.8893e-16	2.9225e-25	5.9347e-07	2.1294e-02	9.7809e-01	6.1485e-04	5.6973e-06	6.3532e-02	9.3646e-01	1.1755e-36	1.1755e-36	1.1755e-36	2.1725e-34	0.00e+00	0.00e+00	3.1607e+00
1.89422e+20	6.6669e+03	2.525e-21	2.7826e+01	3.0242e+01	2.4189e-18	2.1038e-04	9.9979e-01	1.3926e-03	9.9861e-01	7.0816e-16	4.3121e-25	6.7723e-07	2.3708e-02	9.7578e-01	5.0658e-04	7.0121e-06	7.1117e-02	9.2888e-01	1.1755e-36	1.1755e-36	1.1755e-36	3.2297e-34	0.00e+00	0.00e+00	3.3595e+00
1.94586e+20	6.7533e+03	2.552e-21	2.7826e+01	3.0240e+01	2.7797e-18	2.2967e-04	9.9977e-01	1.5772e-03	9.9842e-01	5.6914e-16	6.4804e-25	7.7426e-07	2.6490e-02	9.7309e-01	4.1862e-04	8.6875e-06	7.9972e-02	9.2002e-01	1.1755e-36	1.1755e-36	1.1755e-36	4.9506e-34	0.00e+00	0.00e+00	3.5591e+00
1.99334e+20	6.8449e+03	2.575e-21	2.7826e+01	3.0239e+01	3.1289e-18	2.5034e-04	9.9975e-01	1.7947e-03	9.9821e-01	4.9802e-16	9.7224e-25	8.8535e-07	2.9662e-02	9.6999e-01	3.4718e-04	1.0811e-05	9.0265e-02	9.0972e-01	1.1755e-36	1.1755e-36	1.1755e-36	7.3845e-34	0.00e+00	0.00e+00	3.7592e+00
2.03681e+20	6.9360e+03	2.597e-21	2.7826e+01	3.0238e+01	3.5573e-18	2.7242e-04	9.9973e-01	2.0519e-03	9.9795e-01	4.0120e-16	1.4771e-24	1.0124e-06	3.3279e-02	9.6643e-01	2.8879e-04	1.3506e-05	1.0227e-01	8.9771e-01	1.1755e-36	1.1755e-36	1.1755e-36	1.1313e-33	0.00e+00	0.00e+00	3.9575e+00
2.07635e+20	7.0248e+03	2.617e-21	2.7826e+01	3.0236e+01	4.0039e-18	2.9582e-04	9.9970e-01	2.3568e-03	9.9764e-01	3.2609e-16	2.2439e-24	1.1583e-06	3.7422e-02	9.6234e-01	2.4086e-04	1.6925e-05	1.1628e-01	8.8371e-01	1.1755e-36	1.1755e-36	1.1755e-36	1.7037e-33	0.00e+00	0.00e+00	4.1530e+00
2.11226e+20	7.1059e+03	2.637e-21	2.7826e+01	3.0234e+01	4.5411e-18	3.2065e-04	9.9968e-01	2.7228e-03	9.9728e-01	2.6700e-16	3.4355e-24	1.3264e-06	4.2184e-02	9.5761e-01	2.0112e-04	2.1275e-05	1.3269e-01	8.6729e-01	1.1755e-36	1.1755e-36	1.1755e-36	2.5908e-33	0.00e+00	0.00e+00	4.3456e+00
2.14488e+20	7.1887e+03	2.653e-21	2.7826e+01	3.0232e+01	5.4088e-18	3.4656e-04	9.9965e-01	3.1623e-03	9.9684e-01	2.2005e-16	5.4368e-24	1.5189e-06	4.7634e-02	9.5220e-01	1.6813e-04	2.6784e-05	1.5190e-01	8.4808e-01	1.1755e-36	1.1755e-36	1.1755e-36	4.3769e-33	0.00e+00	0.00e+00	4.5346e+00
2.17449e+20	7.2720e+03	2.667e-21	2.7826e+01	3.0229e+01	6.5524e-18	3.7342e-04	9.9963e-01	3.6960e-03	9.9630e-01	1.8229e-16	8.7412e-24	1.7397e-06	5.3883e-02	9.4597e-01	1.4056e-04	3.3754e-05	1.7442e-01	8.2555e-01	1.1755e-36	1.1755e-36	1.1755e-36	7.6998e-33	0.00e+00	0.00e+00	4.7194e+00
2.20115e+20	7.3554e+03	2.677e-21	2.7826e+01	3.0226e+01	7.8299e-18	4.0088e-04	9.9960e-01	4.3470e-03	9.9565e-01	1.5168e-16	1.3988e-23	1.9912e-06	6.1009e-02	9.3887e-01	1.1757e-04	4.2494e-05	2.0071e-01	7.9925e-01	1.1755e-36	1.1755e-36	1.1755e-36	1.3268e-32	0.00e+00	0.00e+00	4.8965e+00
2.22501e+20	7.4389e+03	2.684e-21	2.7826e+01	3.0223e+01	9.0405e-18	4.2852e-04	9.9957e-01	5.1452e-03	9.9485e-01	1.2708e-16	2.1902e-23	2.2760e-06	6.9083e-02	9.3082e-01	9.8359e-05	5.3321e-05	2.3113e-01	7.6881e-01	1.1755e-36	1.1755e-36	1.1755e-36	2.1441e-32	0.00e+00	0.00e+00	5.0663e+00
2.24653e+20	7.5231e+03	2.689e-21	2.7826e+01	3.0219e+01	1.0301e-17	4.5633e-04	9.9954e-01	6.1438e-03	9.9386e-01	1.0678e-16	3.4041e-23	2.6003e-06	7.8293e-02	9.2162e-01	8.2083e-05	6.6742e-05	2.6650e-01	7.3343e-01	1.1755e-36	1.1755e-36	1.1755e-36	3.3934e-32	0.00e+00	0.00e+00	5.2305e+00
2.26610e+20	7.6202e+03	2.687e-21	2.7826e+01	3.0215e+01	1.1528e-17	4.8373e-04	9.9952e-01	7.4278e-03	9.9257e-01	8.9680e-17	5.2589e-23	2.9701e-06	8.8842e-02	9.1109e-01	6.8234e-05	8.3306e-05	3.0770e-01	6.9222e-01	1.1755e-36	1.1755e-36	1.1755e-36	5.2915e-32	0.00e+00	0.00e+00	5.3889e+00
2.28383e+20	7.7115e+03	2.685e-21	2.7826e+01	3.0209e+01	1.2689e-17	5.1130e-04	9.9949e-01	9.1256e-03	9.9087e-01	7.5044e-17	8.0306e-23	3.3967e-06	1.0102e-01	8.9892e-01	5.6291e-05	1.0383e-04	3.5593e-01	6.4397e-01	1.1755e-36	1.1755e-36	1.1755e-36	7.9405e-32	0.00e+00	0.00e+00	5.5401e+00
2.29777e+20	7.8002e+03	2.680e-21	2.7826e+01	3.0203e+01	1.3569e-17	5.3426e-04	9.9947e-01	1.1143e-02	9.8886e-01	6.2714e-17	1.1549e-22	3.8214e-06	1.1316e-01	8.8679e-01	4.7545e-05	1.2569e-04	4.0561e-01	5.9427e-01	1.1755e-36	1.1755e-36	1.1755e-36	1.1131e-31	0.00e+00	0.00e+00	5.6438e+00
2.30705e+20	7.8650e+03	2.674e-21	2.7826e+01	3.0198e+01	1.4149e-17	5.5034e-04	9.9945e-01	1.3032e-02	9.8697e-01	5.6335e-17	1.4954e-22	4.1616e-06	1.2297e-01	8.7698e-01	4.1805e-05	1.4404e-04	4.4603e-01	5.5382e-01	1.1755e-36	1.1755e-36	1.1755e-36	1.4053e-31	0.00e+00	0.00e+00	5.7162e+00
2.31411e+20	7.9173e+03	2.669e-21	2.7826e+01	3.0192e+01	1.4663e-17	5.6308e-04	9.9944e-01	1.4910e-02	9.8509e-01	5.1879e-17	1.8400e-22	4.4573e-06	1.3151e-01	8.6845e-01	3.7436e-05	1.6029e-04	4.8068e-01	5.1916e-01	1.1755e-36	1.1755e-36	1.1755e-36	1.7001e-31	0.00e+00	0.00e+00	5.7818e+00
2.32173e+20	7.9757e+03	2.663e-21	2.7826e+01	3.0185e+01	1.5179e-17	5.7751e-04	9.9942e-01	1.7566e-02	9.8243e-01	4.7165e-17	2.3088e-22	4.8171e-06	1.4190e-01	8.5806e-01	3.2689e-05	1.8021e-04	5.2153e-01	4.7829e-01	1.1755e-36	1.1755e-36	1.1755e-36	2.0759e-31	0.00e+00	0.00e+00	5.8693e+00
2.32967e+20	8.0447e+03	2.655e-21	2.7826e+01	3.0175e+01	1.5614e-17	5.9260e-04	9.9941e-01	2.1466e-02	9.7853e-01	4.0136e-17	2.9503e-22	5.2424e-06	1.5427e-01	8.4570e-01	2.8095e-05	2.0506e-04	5.7200e-01	4.2779e-01	1.1755e-36	1.1755e-36	1.1755e-36	2.5573e-31	0.00e+00	0.00e+00	5.9448e+00
2.33575e+20	8.1030e+03	2.648e-21	2.7826e+01	3.0166e+01	1.5920e-17	6.0426e-04	9.9940e-01	2.5920e-02	9.7408e-01	3.5340e-17	3.5998e-22	5.6182e-06	1.6518e-01	8.3479e-01	2.4628e-05	2.2788e-04	6.1798e-01	3.8179e-01	1.1755e-36	1.1755e-36	1.1755e-36	3.0234e-31	0.00e+00	0.00e+00	5.9969e+00
2.33998e+20	8.1462e+03	2.641e-21	2.7826e+01	3.0153e+01	1.6185e-17	6.1245e-04	9.9939e-01	3.0180e-02	9.6982e-01	3.2410e-17	4.1749e-22	5.9146e-06	1.7395e-01	8.2602e-01	2.2186e-05	2.4590e-04	6.5376e-01	3.4599e-01	1.1755e-36	1.1755e-36	1.1755e-36	3.4345e-31	0.00e+00	0.00e+00	6.0350e+00
2.34337e+20	8.1804e+03	2.635e-21	2.7826e+01	3.0141e+01	1.6336e-17	6.1920e-04	9.9938e-01	3.4672e-02	9.6533e-01	3.0104e-17	4.6933e-22	6.1679e-06	1.8140e-01	8.1857e-01	2.0192e-05	2.6160e-04	6.8443e-01	3.1531e-01	1.1755e-36	1.1755e-36	1.1755e-36	3.7721e-31	0.00e+00	0.00e+00	6.0702e+00
2.34709e+20	8.2138e+03	2.631e-21	2.7826e+01	3.0129e+01	1.6586e-17	6.2712e-04	9.9937e-01	4.1285e-02	9.5872e-01	2.7606e-17	5.3547e-22	6.4661e-06	1.9011e-01	8.0987e-01	1.7936e-05	2.8018e-04	7.1978e-01	2.7994e-01	1.1755e-36	1.1755e-36	1.1755e-36	4.2016e-31	0.00e+00	0.00e+00	6.1165e+00
2.35084e+20	8.2605e+03	2.623e-21	2.7826e+01	3.0109e+01	1.6685e-17	6.3425e-04	9.9937e-01	5.0809e-02	9.4919e-01	2.3862e-17	6.1271e-22	6.7834e-06	1.9951e-01	8.0047e-01	1.5775e-05	3.0096e-04	7.5998e-01	2.3972e-01	1.1755e-36	1.1755e-36	1.1755e-36	4.6826e-31	0.00e+00	0.00e+00	6.1534e+00
2.35357e+20	8.2871e+03	2.617e-21	2.7826e+01	3.0080e+01	1.6880e-17	6.3965e-04	9.9936e-01	6.1027e-02	9.3897e-01	2.1328e-17	6.8067e-22	7.0333e-06	2.0709e-01	7.9288e-01	1.4151e-05	3.1797e-04	7.9279e-01	2.0689e-01	1.1755e-36	1.1755e-36	1.1755e-36	5.1064e-31	0.00e+00	0.00e+00	6.1775e+00
2.35545e+20	8.3062e+03	2.613e-21	2.7826e+01	3.0055e+01	1.6984e-17	6.4325e-04	9.9936e-01	7.0658e-02	9.2934e-01	1.9735e-17	7.3137e-22	7.2106e-06	2.1247e-01	7.8751e-01	1.2991e-05	3.3038e-04	8.1675e-01	1.8292e-01	1.1755e-36	1.1755e-36	1.1755e-36	5.4075e-31	0.00e+00	0.00e+00	6.1957e+00
2.35701e+20	8.3210e+03	2.608e-21	2.7826e+01	3.0029e+01	1.7055e-17	6.4628e-04	9.9935e-01	8.1048e-02	9.1895e-01	1.8333e-17	7.7565e-22	7.3613e-06	2.1707e-01	7.8291e-01	1.1985e-05	3.4111e-04	8.3728e-01	1.6238e-01	1.1755e-36	1.1755e-36	1.1755e-36	5.6517e-31	0.00e+00	0.00e+00	6.2130e+00
2.35877e+20	8.3335e+03	2.604e-21	2.7826e+01	3.0001e+01	1.7198e-17	6.5003e-04	9.9935e-01	9.6434e-02	9.0357e-01	1.6731e-17	8.2942e-22	7.5351e-06	2.2230e-01	7.7768e-01	1.0801e-05	3.5360e-04	8.6068e-01	1.3897e-01	1.1755e-36	1.1755e-36	1.1755e-36	5.9533e-31	0.00e+00	0.00e+00	6.2356e+00
2.36054e+20	8.3503e+03	2.597e-21	2.7826e+01	2.9959e+01	1.7218e-17	6.5319e-04	9.9935e-01	1.1837e-01	8.8163e-01	1.4391e-17	8.8412e-22	7.7052e-06	2.2760e-01	7.7238e-01	9.6252e-06	3.6677e-04	8.8598e-01	1.1365e-01	1.1755e-36	1.1755e-36	1.1755e-36	6.2163e-31	0.00e+00	0.00e+00	6.2536e+00
2.36184e+20	8.3565e+03	2.591e-21	2.7826e+01	2.9906e+01	1.7300e-17	6.5537e-04	9.9934e-01	1.4173e-01	8.5827e-01	1.2676e-17	9.2723e-22	7.8265e-06	2.3156e-01	7.6843e-01	8.7128e-06	3.7687e-04	9.0565e-01	9.3969e-02	1.1755e-36	1.1755e-36	1.1755e-36	6.4214e-31	0.00e+00	0.00e+00	6.2654e+00
2.36275e+20	8.3587e+03	2.584e-21	2.7826e+01	2.9851e+01	1.7372e-17	6.5662e-04	9.9934e-01	1.6355e-01	8.3645e-01	1.1454e-17	9.5747e-22	7.9045e-06	2.3426e-01	7.6573e-01	8.0371e-06	3.8386e-04	9.1954e-01	8.0078e-02	1.1755e-36	1.1755e-36	1.1755e-36	6.5597e-31	0.00e+00	0.00e+00	6.2745e+00
2.36352e+20	8.3612e+03	2.576e-21	2.7826e+01	2.9793e+01	1.7413e-17	6.5744e-04	9.9934e-01	1.8699e-01	8.1301e-01	1.0277e-17	9.8220e-22	7.9649e-06	2.3646e-01	7.6352e-01	7.4329e-06	3.8962e-04	9.3114e-01	6.8468e-02	1.1755e-36	1.1755e-36	1.1755e-36	6.6635e-31	0.00e+00	0.00e+00	6.2833e+00
2.36440e+20	8.3606e+03	2.566e-21	2.7826e+01	2.9724e+01	1.7493e-17	6.5848e-04	9.9934e-01	2.2087e-01	7.7913e-01	8.6356e-18	1.0101e-21	8.0306e-06	2.3889e-01	7.6110e-01	6.7073e-06	3.9601e-04	9.4380e-01	5.5801e-02	1.1755e-36	1.1755e-36	1.1755e-36	6.7765e-31	0.00e+00	0.00e+00	6.2948e+00
2.36531e+20	8.3562e+03	2.551e-21	2.7826e+01	2.9629e+01	1.7585e-17	6.5921e-04	9.9934e-01	2.6793e-01	7.3207e-01	7.4613e-18	1.0367e-21	8.0853e-06	2.4119e-01	7.5880e-01	5.9562e-06	4.0228e-04	9.5661e-01	4.2986e-02	1.1755e-36	1.1755e-36	1.1755e-36	6.8638e-31	0.00e+00	0.00e+00	6.3044e+00
2.36601e+20	8.3476e+03	2.535e-21	2.7826e+01	2.9515e+01	1.7653e-17	6.5914e-04	9.9934e-01	3.1727e-01	6.8273e-01	6.2903e-18	1.0527e-21	8.1084e-06	2.4271e-01	7.5728e-01	5.3455e-06	4.0653e-04	9.6610e-01	3.3498e-02	1.1755e-36	1.1755e-36	1.1755e-36	6.8761e-31	0.00e+00	0.00e+00	6.3111e+00
2.36654e+20	8.3420e+03	2.518e-21	2.7826e+01	2.9398e+01	1.7640e-17	6.5828e-04	9.9934e-01	3.6355e-01	6.3645e-01	5.3817e-18	1.0593e-21	8.1068e-06	2.4357e-01	7.5642e-01	4.8676e-06	4.0898e-04	9.7262e-01	2.6969e-02	1.1755e-36	1.1755e-36	1.1755e-36	6.8287e-31	0.00e+00	0.00e+00	6.3165e+00
2.36708e+20	8.3256e+03	2.499e-21	2.7826e+01	2.9269e+01	1.7740e-17	6.5793e-04	9.9934e-01	4.2059e-01	5.7941e-01	4.4772e-18	1.0664e-21	8.1051e-06	2.4443e-01	7.5556e-01	4.3405e-06	4.1139e-04	9.7853e-01	2.1058e-02	1.1755e-36	1.1755e-36	1.1755e-36	6.7773e-31	0.00e+00	0.00e+00	6.3236e+00
2.36768e+20	8.3128e+03	2.471e-21	2.7826e+01	2.9111e+01	1.7737e-17	6.5679e-04	9.9934e-01	4.9559e-01	5.0441e-01	3.3126e-18	1.0683e-21	8.0886e-06	2.4505e-01	7.5493e-01	3.7733e-06	4.1327e-04	9.8420e-01	1.5386e-02	1.1755e-36	1.1755e-36	1.1755e-36	6.6658e-31	0.00e+00	0.00e+00	6.3304e+00
2.36822e+20	8.2925e+03	2.442e-21	2.7826e+01	2.8930e+01	1.7765e-17	6.5538e-04	9.9934e-01	5.7487e-01	4.2513e-01	2.3791e-18	1.0648e-21	8.0532e-06	2.4533e-01	7.5466e-01	3.2604e-06	4.1427e-04	9.8846e-01	1.1122e-02	1.1755e-36	1.1755e-36	1.1755e-36	6.5089e-31	0.00e+00	0.00e+00	6.3361e+00
2.36870e+20	8.2747e+03	2.411e-21	2.7826e+01	2.8742e+01	1.7679e-17	6.5353e-04	9.9935e-01	6.5063e-01	3.4937e-01	1.6878e-18	1.0541e-21	8.0042e-06	2.4526e-01	7.5472e-01	2.8119e-06	4.1443e-04	9.9147e-01	8.1181e-03	1.1755e-36	1.1755e-36	1.1755e-36	6.2828e-31	0.00e+00	0.00e+00	6.3414e+00
2.36923e+20	8.2514e+03	2.378e-21	2.7826e+01	2.8547e+01	1.7651e-17	6.5207e-04	9.9935e-01	7.3359e-01	2.6641e-01	1.0959e-18	1.0437e-21	7.9539e-06	2.4517e-01	7.5482e-01	2.3269e-06	4.1460e-04	9.9396e-01	5.6248e-03	1.1755e-36	1.1755e-36	1.1755e-36	6.0608e-31	0.00e+00	0.00e+00	6.3483e+00
2.36992e+20	8.2233e+03	2.342e-21	2.7826e+01	2.8335e+01	1.7585e-17	6.5109e-04	9.9935e-01	8.2762e-01	1.7238e-01	5.5173e-19	1.0304e-21	7.9005e-06	2.4506e-01	7.5493e-01	1.7692e-06	4.1498e-04	9.9616e-01	3.4207e-03	1.1755e-36	1.1755e-36	1.1755e-36	5.7805e-31	0.00e+00	0.00e+00	6.3572e+00
2.37082e+20	8.1993e+03	2.305e-21	2.7826e+01	2.8123e+01	1.7322e-17	6.5066e-04	9.9935e-01	9.1283e-01	8.7172e-02	1.9627e-19	1.0112e-21	7.8456e-06	2.4488e-01	7.5511e-01	1.1918e-06	4.1561e-04	9.9783e-01	1.7586e-03	1.1755e-36	1.1755e-36	1.1755e-36	5.4091e-31	0.00e+00	0.00e+00	6.3688e+00
2.37199e+20	8.1844e+03	2.280e-21	2.7826e+01	2.7954e+01	1.6860e-17	6.5165e-04	9.9935e-01	9.6731e-01	3.2686e-02	4.5245e-20	9.9006e-22	7.8070e-06	2.4486e-01	7.5513e-01	6.8662e-07	4.1709e-04	9.9885e-01	7.3791e-04	1.1755e-36	1.1755e-36	1.1755e-36	4.9965e-31	0.00e+00	0.00e+00	6.3840e+00
2.37351e+20	8.1783e+03	2.269e-21	2.7826e+01	2.7860e+01	1.6383e-17	6.5510e-04	9.9934e-01	9.9060e-01	9.4033e-03	6.7779e-21	9.7660e-22	7.8047e-06	2.4534e-01	7.5465e-01	3.2877e-07	4.2018e-04	9.9934e-01	2.4402e-04	1.1755e-36	1.1755e-36	1.1755e-36	4.6519e-31	0.00e+00	0.00e+00	6.4037e+00
2.37549e+20	8.1805e+03	2.268e-21	2.7826e+01	2.7835e+01	1.6089e-17	6.6114e-04	9.9934e-01	9.9747e-01	2.5303e-03	7.8680e-22	9.7883e-22	7.8402e-06	2.4639e-01	7.5360e-01	1.2682e-07	4.2513e-04	9.9951e-01	6.1061e-05	1.1755e-36	1.1755e-36	1.1755e-36	4.4676e-31	0.00e+00	0.00e+00	6.4297e+00
2.37805e+20	8.1885e+03	2.270e-21	2.7826e+01	2.7821e+01	1.5881e-17	6.6906e-04	9.9933e-01	9.9898e-01	1.0229e-03	1.0852e-22	9.9051e-22	7.8915e-06	2.4781e-01	7.5218e-01	1.1755e-36	4.3164e-04	9.9956e-01	1.0981e-05	1.1755e-36	1.1755e-36	1.1755e-36	4.3565e-31	0.00e+00	0.00e+00	6.4638e+00
2.38139e+20	8.1983e+03	2.276e-21	2.7826e+01	2.7838e+01	1.5658e-17	6.8029e-04	9.9932e-01	9.9927e-01	7.3252e-04	1.9501e-23	1.0100e-21	7.9771e-06	2.4993e-01	7.5006e-01	1.1755e-36	4.4078e-04	9.9956e-01	1.3342e-06	1.1755e-36	1.1755e-36	1.1755e-36	4.2412e-31	0.00e+00	0.00e+00	6.5089e+00
2.38573e+20	8.1987e+03	2.285e-21	2.7826e+01	2.7844e+01	1.5748e-17	6.9548e-04	9.9930e-01	9.9936e-01	6.4306e-04	2.9020e-24	1.0480e-21	8.0894e-06	2.5280e-01	7.4720e-01	1.1755e-36	4.5307e-04	9.9955e-01	1.0178e-07	1.1755e-36	1.1755e-36	1.1755e-36	4.2324e-31	0.00e+00	0.00e+00	6.5688e+00
2.39137e+20	8.2234e+03	2.290e-21	2.7826e+01	2.7845e+01	1.5289e-17	7.1413e-04	9.9929e-01	9.9941e-01	5.9176e-04	2.7316e-25	1.0817e-21	8.2180e-06	2.5628e-01	7.4372e-01	1.1755e-36	4.6886e-04	9.9953e-01	4.4530e-09	1.1755e-36	1.1755e-36	1.1755e-36	4.0329e-31	0.00e+00	0.00e+00	6.6488e+00
2.39871e+20	8.2229e+03	2.304e-21	2.7826e+01	2.7846e+01	1.5630e-17	7.4166e-04	9.9926e-01	9.9946e-01	5.3857e-04	1.1755e-36	1.1627e-21	8.4151e-06	2.6139e-01	7.3860e-01	1.1755e-36	4.9168e-04	9.9951e-01	1.0252e-10	1.1755e-36	1.1755e-36	1.1755e-36	4.1097e-31	0.00e+00	0.00e+00	6.7569e+00
2.40824e+20	8.2472e+03	2.316e-21	2.7826e+01	2.7844e+01	1.5325e-17	7.7829e-04	9.9922e-01	9.9950e-01	5.0148e-04	1.1755e-36	1.2528e-21	8.6602e-06	2.6805e-01	7.3194e-01	1.1755e-36	5.2312e-04	9.9948e-01	1.1632e-12	1.1755e-36	1.1755e-36	1.1755e-36	3.9356e-31	0.00e+00	0.00e+00	6.9042e+00
2.42064e+20	8.2699e+03	2.333e-21	2.7826e+01	2.7842e+01	1.5575e-17	8.3131e-04	9.9917e-01	9.9954e-01	4.6270e-04	1.1755e-36	1.4207e-21	9.0093e-06	2.7742e-01	7.2257e-01	1.1755e-36	5.6925e-04	9.9943e-01	5.7793e-15	1.1755e-36	1.1755e-36	1.1755e-36	3.9946e-31	0.00e+00	0.00e+00	7.1089e+00
2.43675e+20	8.2997e+03	2.357e-21	2.7826e+01	2.7839e+01	1.6332e-17	9.1026e-04	9.9909e-01	9.9957e-01	4.2578e-04	1.1755e-36	1.7174e-21	9.5058e-06	2.9077e-01	7.0922e-01	1.1755e-36	6.3962e-04	9.9936e-01	9.0798e-18	1.1755e-36	1.1755e-36	1.1755e-36	4.2820e-31	0.00e+00	0.00e+00	7.4001e+00
2.45770e+20	8.3382e+03	2.388e-21	2.7826e+01	2.7836e+01	1.8011e-17	1.0345e-03	9.9897e-01	9.9961e-01	3.8775e-04	1.1755e-36	2.2862e-21	1.0237e-05	3.1043e-01	6.8956e-01	1.1755e-36	7.5392e-04	9.9925e-01	1.9611e-19	1.1755e-36	1.1755e-36	1.1755e-36	5.0013e-31	0.00e+00	0.00e+00	7.8305e+00
2.48493e+20	8.3854e+03	2.431e-21	2.7826e+01	2.7830e+01	2.1932e-17	1.2474e-03	9.9875e-01	9.9966e-01	3.4208e-04	1.1755e-36	3.5673e-21	1.1365e-05	3.4082e-01	6.5917e-01	1.1755e-36	9.5818e-04	9.9904e-01	2.5201e-19	1.1755e-36	1.1755e-36	1.1755e-36	6.9028e-31	0.00e+00	0.00e+00	8.5051e+00
2.51055e+20	8.4375e+03	2.481e-21	2.7826e+01	2.7822e+01	2.8562e-17	1.5557e-03	9.9844e-01	9.9971e-01	2.9074e-04	1.1755e-36	6.0515e-21	1.2660e-05	3.7556e-01	6.2443e-01	1.1755e-36	1.2684e-03	9.9873e-01	3.3515e-19	1.1755e-36	1.1755e-36	1.1755e-36	1.0674e-30	0.00e+00	0.00e+00	9.0640e+00
2.52613e+20	8.4710e+03	2.518e-21	2.7826e+01	2.7813e+01	3.6781e-17	1.8408e-03	9.9816e-01	9.9974e-01	2.5857e-04	1.1755e-36	9.1804e-21	1.3659e-05	4.0225e-01	5.9773e-01	1.1755e-36	1.5666e-03	9.9843e-01	4.0024e-19	1.1755e-36	1.1755e-36	1.1755e-36	1.6253e-30	0.00e+00	0.00e+00	9.4106e+00
2.53518e+20	8.4907e+03	2.540e-21	2.7826e+01	2.7806e+01	4.4839e-17	2.0534e-03	9.9795e-01	9.9976e-01	2.3757e-04	1.1755e-36	1.2170e-20	1.4331e-05	4.2039e-01	5.7960e-01	1.1755e-36	1.7947e-03	9.9821e-01	4.4343e-19	1.1755e-36	1.1755e-36	1.1755e-36	2.2668e-30	0.00e+00	0.00e+00	9.6770e+00
2.54367e+20	8.5036e+03	2.561e-21	2.7826e+01	2.7799e+01	5.6097e-17	2.2872e-03	9.9771e-01	9.9979e-01	2.1377e-04	1.1755e-36	1.6242e-20	1.5054e-05	4.3993e-01	5.6006e-01	1.1755e-36	2.0499e-03	9.9795e-01	4.7328e-19	1.1755e-36	1.1755e-36	1.1755e-36	3.2950e-30	0.00e+00	0.00e+00	1.0063e+01
2.55471e+20	8.5118e+03	2.591e-21	2.7826e+01	2.7792e+01	7.7574e-17	2.6692e-03	9.9733e-01	9.9982e-01	1.7953e-04	1.1755e-36	2.4439e-20	1.6110e-05	4.6836e-01	5.3162e-01	1.1755e-36	2.4744e-03	9.9753e-01	4.8654e-19	1.1755e-36	1.1755e-36	1.1755e-36	5.6006e-30	0.00e+00	0.00e+00	1.0648e+01
2.56540e+20	8.5409e+03	2.623e-21	2.7826e+01	2.7776e+01	1.1746e-16	3.1919e-03	9.9681e-01	9.9986e-01	1.3547e-04	1.1755e-36	3.9535e-20	1.7247e-05	4.9920e-01	5.0078e-01	1.1755e-36	3.0683e-03	9.9693e-01	5.5986e-19	1.1755e-36	1.1755e-36	1.1755e-36	1.1301e-29	0.00e+00	0.00e+00	1.1147e+01
2.57247e+20	8.5497e+03	2.651e-21	2.7826e+01	2.7759e+01	1.8328e-16	3.6817e-03	9.9632e-01	9.9990e-01	9.8090e-05	1.1755e-36	6.0340e-20	1.8139e-05	5.2335e-01	4.7663e-01	1.1755e-36	3.6330e-03	9.9637e-01	5.7650e-19	1.1755e-36	1.1755e-36	1.1755e-36	2.4074e-29	0.00e+00	0.00e+00	1.1485e+01
2.57705e+20	8.5547e+03	2.670e-21	2.7826e+01	2.7748e+01	2.5019e-16	4.0793e-03	9.9592e-01	9.9992e-01	7.9487e-05	1.1755e-36	8.1629e-20	1.8793e-05	5.4109e-01	4.5889e-01	1.1755e-36	4.0966e-03	9.9590e-01	5.8630e-19	1.1755e-36	1.1755e-36	1.1755e-36	4.0796e-29	0.00e+00	0.00e+00	1.1767e+01
2.58157e+20	8.5553e+03	2.688e-21	2.7826e+01	2.7735e+01	3.5324e-16	4.5421e-03	9.9546e-01	9.9994e-01	6.2242e-05	1.1755e-36	1.1331e-19	1.9515e-05	5.6079e-01	4.3919e-01	1.1755e-36	4.6412e-03	9.9536e-01	5.8129e-19	1.1755e-36	1.1755e-36	1.1755e-36	7.3192e-29	0.00e+00	0.00e+00	1.2175e+01
2.58745e+20	8.5329e+03	2.717e-21	2.7826e+01	2.7713e+01	5.8238e-16	5.3085e-03	9.9469e-01	9.9996e-01	4.2615e-05	1.1755e-36	1.8168e-19	2.0565e-05	5.8907e-01	4.1091e-01	1.1755e-36	5.5490e-03	9.9445e-01	4.9595e-19	1.1755e-36	1.1755e-36	1.1755e-36	1.6708e-28	0.00e+00	0.00e+00	1.2795e+01
2.59302e+20	8.5229e+03	2.751e-21	2.7826e+01	2.7689e+01	9.5389e-16	6.3395e-03	9.9366e-01	9.9997e-01	2.9051e-05	1.1755e-36	2.9897e-19	2.1649e-05	6.1842e-01	3.8156e-01	1.1755e-36	6.7817e-03	9.9322e-01	4.5023e-19	1.1755e-36	1.1755e-36	1.1755e-36	3.7528e-28	0.00e+00	0.00e+00	1.3294e+01
2.59656e+20	8.5125e+03	2.776e-21	2.7826e+01	2.7663e+01	1.4353e-15	7.2542e-03	9.9275e-01	9.9998e-01	2.1035e-05	1.1755e-36	4.4423e-19	2.2437e-05	6.3990e-01	3.6008e-01	1.1755e-36	7.8827e-03	9.9212e-01	4.1338e-19	1.1755e-36	1.1755e-36	1.1755e-36	7.3764e-28	0.00e+00	0.00e+00	1.3625e+01
2.59889e+20	8.5039e+03	2.793e-21	2.7826e+01	2.7640e+01	1.9163e-15	7.9965e-03	9.9200e-01	9.9998e-01	1.6895e-05	1.1755e-36	5.8990e-19	2.3007e-05	6.5558e-01	3.4439e-01	1.1755e-36	8.7808e-03	9.9122e-01	3.9143e-19	1.1755e-36	1.1755e-36	1.1755e-36	1.1865e-27	0.00e+00	0.00e+00	1.3917e+01
2.60128e+20	8.4810e+03	2.811e-21	2.7826e+01	2.7616e+01	2.5813e-15	8.8984e-03	9.9110e-01	9.9999e-01	1.3729e-05	1.1755e-36	7.9323e-19	2.3660e-05	6.7331e-01	3.2667e-01	1.1755e-36	9.8755e-03	9.9012e-01	3.4004e-19	1.1755e-36	1.1755e-36	1.1755e-36	1.8993e-27	0.00e+00	0.00e+00	1.4338e+01
2.60438e+20	8.4482e+03	2.834e-21	2.7826e+01	2.7572e+01	3.9174e-15	1.0370e-02	9.8963e-01	9.9999e-01	1.0016e-05	1.1755e-36	1.2029e-18	2.4558e-05	6.9795e-01	3.0203e-01	1.1755e-36	1.1669e-02	9.8833e-01	2.6779e-19	1.1755e-36	1.1755e-36	1.1755e-36	3.6522e-27	0.00e+00	0.00e+00	1.4977e+01
2.60739e+20	8.4100e+03	2.866e-21	2.7826e+01	2.7515e+01	6.1465e-15	1.2395e-02	9.8761e-01	9.9999e-01	7.1081e-06	1.1755e-36	1.8973e-18	2.5497e-05	7.2382e-01	2.7615e-01	1.1755e-36	1.4141e-02	9.8586e-01	1.9979e-19	1.1755e-36	1.1755e-36	1.1755e-36	7.2817e-27	0.00e+00	0.00e+00	1.5526e+01
2.60946e+20	8.3707e+03	2.894e-21	2.7826e+01	2.7477e+01	8.7009e-15	1.4356e-02	9.8564e-01	9.9999e-01	5.8292e-06	1.1755e-36	2.7023e-18	2.6241e-05	7.4404e-01	2.5593e-01	1.1755e-36	1.6542e-02	9.8346e-01	1.5525e-19	1.1755e-36	1.1755e-36	1.1755e-36	1.2170e-26	0.00e+00	0.00e+00	1.5930e+01
2.61092e+20	8.3392e+03	2.912e-21	2.7826e+01	2.7427e+01	1.1588e-14	1.6129e-02	9.8387e-01	1.0000e+00	4.8979e-06	1.1755e-36	3.5973e-18	2.6803e-05	7.5977e-01	2.4021e-01	1.1755e-36	1.8716e-02	9.8128e-01	1.3133e-19	1.1755e-36	1.1755e-36	1.1755e-36	1.8636e-26	0.00e+00	0.00e+00	1.6309e+01
2.61246e+20	8.2899e+03	2.931e-21	2.7826e+01	2.7357e+01	1.6167e-14	1.8431e-02	9.8157e-01	1.0000e+00	4.0014e-06	1.1755e-36	4.9799e-18	2.7440e-05	7.7770e-01	2.2227e-01	1.1755e-36	2.1543e-02	9.7846e-01	1.0053e-19	1.1755e-36	1.1755e-36	1.1755e-36	3.0187e-26	0.00e+00	0.00e+00	1.6872e+01
2.61446e+20	8.2212e+03	2.951e-21	2.7826e+01	2.7234e+01	2.5827e-14	2.2409e-02	9.7759e-01	1.0000e+00	3.0193e-06	1.1755e-36	7.8851e-18	2.8286e-05	8.0240e-01	1.9757e-01	1.1755e-36	2.6435e-02	9.7357e-01	6.4158e-20	1.1755e-36	1.1755e-36	1.1755e-36	5.8898e-26	0.00e+00	0.00e+00	1.7762e+01
2.61643e+20	8.1153e+03	2.985e-21	2.7826e+01	2.7064e+01	4.6018e-14	2.8553e-02	9.7145e-01	1.0000e+00	2.1078e-06	1.1755e-36	1.3681e-17	2.9196e-05	8.2915e-01	1.7083e-01	1.1755e-36	3.3982e-02	9.6602e-01	3.1703e-20	1.1755e-36	1.1755e-36	1.1755e-36	1.3049e-25	0.00e+00	0.00e+00	1.8607e+01
2.61778e+20	8.0270e+03	3.005e-21	2.7826e+01	2.6878e+01	7.5399e-14	3.5241e-02	9.6476e-01	1.0000e+00	1.6076e-06	1.1755e-36	2.1844e-17	2.9848e-05	8.5001e-01	1.4996e-01	1.1755e-36	4.2191e-02	9.5781e-01	2.1724e-20	1.1755e-36	1.1755e-36	1.1755e-36	2.5580e-25	0.00e+00	0.00e+00	1.9234e+01
2.61865e+20	7.9551e+03	3.019e-21	2.7826e+01	2.6748e+01	1.1023e-13	4.1460e-02	9.5854e-01	1.0000e+00	1.3445e-06	1.1755e-36	3.1193e-17	3.0316e-05	8.6506e-01	1.3491e-01	1.1755e-36	4.9811e-02	9.5019e-01	1.9984e-20	1.1755e-36	1.1755e-36	1.1755e-36	4.2691e-25	0.00e+00	0.00e+00	1.9768e+01
2.61938e+20	7.8832e+03	3.021e-21	2.7826e+01	2.6576e+01	1.5749e-13	4.8268e-02	9.5173e-01	1.0000e+00	1.1406e-06	1.1755e-36	4.3361e-17	3.0681e-05	8.7832e-01	1.2165e-01	1.1755e-36	5.8137e-02	9.4186e-01	1.8889e-20	1.1755e-36	1.1755e-36	1.1755e-36	6.8393e-25	0.00e+00	0.00e+00	2.0384e+01
2.62008e+20	7.8006e+03	3.018e-21	2.7826e+01	2.6365e+01	2.3198e-13	5.6908e-02	9.4309e-01	1.0000e+00	9.3678e-07	1.1755e-36	6.1677e-17	3.0999e-05	8.9150e-01	1.0847e-01	1.1755e-36	6.8676e-02	9.3132e-01	1.6925e-20	1.1755e-36	1.1755e-36	1.1755e-36	1.1314e-24	0.00e+00	0.00e+00	2.1048e+01
2.62069e+20	7.7312e+03	2.989e-21	2.7826e+01	2.5997e+01	3.3658e-13	6.6866e-02	9.3313e-01	1.0000e+00	7.7357e-07	1.1755e-36	8.6540e-17	3.1069e-05	9.0320e-01	9.6768e-02	1.1755e-36	8.0783e-02	9.1922e-01	1.5294e-20	1.1755e-36	1.1755e-36	1.1755e-36	1.8240e-24	0.00e+00	0.00e+00	2.1701e+01
2.62121e+20	7.6510e+03	2.971e-21	2.7826e+01	2.5764e+01	4.9193e-13	7.8669e-02	9.2133e-01	1.0000e+00	6.4684e-07	1.1755e-36	1.2172e-16	3.1257e-05	9.1417e-01	8.5802e-02	1.1755e-36	9.5059e-02	9.0494e-01	1.3858e-20	1.1755e-36	1.1755e-36	1.1755e-36	2.9708e-24	0.00e+00	0.00e+00	2.2360e+01
2.62165e+20	7.5941e+03	2.919e-21	2.7826e+01	2.5334e+01	6.9200e-13	9.1439e-02	9.0856e-01	1.0000e+00	5.4674e-07	1.1755e-36	1.6584e-16	3.1127e-05	9.2337e-01	7.6601e-02	1.1755e-36	1.1043e-01	8.8957e-01	1.2660e-20	1.1755e-36	1.1755e-36	1.1755e-36	4.5845e-24	0.00e+00	0.00e+00	2.3011e+01
2.62204e+20	7.5116e+03	2.865e-21	2.7826e+01	2.4892e+01	9.9043e-13	1.0646e-01	8.9354e-01	1.0000e+00	4.6308e-07	1.1755e-36	2.2618e-16	3.0971e-05	9.3197e-01	6.7996e-02	1.1755e-36	1.2840e-01	8.7160e-01	1.1421e-20	1.1755e-36	1.1755e-36	1.1755e-36	7.0709e-24	0.00e+00	0.00e+00	2.3712e+01
2.62240e+20	7.4279e+03	2.801e-21	2.7826e+01	2.4452e+01	1.4382e-12	1.2480e-01	8.7520e-01	1.0000e+00	3.8879e-07	1.1755e-36	3.1230e-16	3.0781e-05	9.4023e-01	5.9739e-02	1.1755e-36	1.5017e-01	8.4983e-01	1.0081e-20	1.1755e-36	1.1755e-36	1.1755e-36	1.1119e-23	0.00e+00	0.00e+00	2.4461e+01
2.62272e+20	7.3439e+03	2.713e-21	2.7826e+01	2.3875e+01	2.0797e-12	1.4600e-01	8.5400e-01	1.0000e+00	3.2594e-07	1.1755e-36	4.2739e-16	3.0389e-05	9.4762e-01	5.2354e-02	1.1755e-36	1.7510e-01	8.2490e-01	8.7930e-21	1.1755e-36	1.1755e-36	1.1755e-36	1.7146e-23	0.00e+00	0.00e+00	2.5225e+01
2.62300e+20	7.2590e+03	2.599e-21	2.7826e+01	2.3149e+01	2.9651e-12	1.6957e-01	8.3043e-01	1.0000e+00	2.7561e-07	1.1755e-36	5.7364e-16	2.9770e-05	9.5403e-01	4.5944e-02	1.1755e-36	2.0254e-01	7.9746e-01	7.6459e-21	1.1755e-36	1.1755e-36	1.1755e-36	2.5469e-23	0.00e+00	0.00e+00	2.6008e+01
2.62325e+20	7.1580e+03	2.473e-21	2.7826e+01	2.2372e+01	4.2761e-12	1.9710e-01	8.0290e-01	1.0000e+00	2.3254e-07	1.1755e-36	7.6939e-16	2.9059e-05	9.5995e-01	4.0023e-02	1.1755e-36	2.3421e-01	7.6579e-01	6.5656e-21	1.1755e-36	1.1755e-36	1.1755e-36	3.7624e-23	0.00e+00	0.00e+00	2.6854e+01
2.62348e+20	7.0396e+03	2.324e-21	2.7826e+01	2.1466e+01	6.2548e-12	2.2948e-01	7.7052e-01	1.0000e+00	1.9500e-07	1.1755e-36	1.0314e-15	2.8162e-05	9.6541e-01	3.4561e-02	1.1755e-36	2.7095e-01	7.2905e-01	5.5458e-21	1.1755e-36	1.1755e-36	1.1755e-36	5.4967e-23	0.00e+00	0.00e+00	2.7763e+01
2.62370e+20	6.8991e+03	2.153e-21	2.7826e+01	2.0423e+01	9.2635e-12	2.6693e-01	7.3307e-01	1.0000e+00	1.6285e-07	1.1755e-36	1.3749e-15	2.7067e-05	9.7037e-01	2.9607e-02	1.1755e-36	3.1277e-01	6.8723e-01	4.6193e-21	1.1755e-36	1.1755e-36	1.1755e-36	7.8616e-23	0.00e+00	0.00e+00	2.8730e+01
2.62388e+20	6.7460e+03	1.978e-21	2.7826e+01	1.9346e+01	1.3465e-11	3.0630e-01	6.9370e-01	1.0000e+00	1.3563e-07	1.1755e-36	1.7807e-15	2.5888e-05	9.7449e-01	2.5483e-02	1.1755e-36	3.5597e-01	6.4403e-01	3.8566e-21	1.1755e-36	1.1755e-36	1.1755e-36	1.0682e-22	0.00e+00	0.00e+00	2.9598e+01
2.62402e+20	6.6013e+03	1.825e-21	2.7826e+01	1.8357e+01	1.8338e-11	3.4114e-01	6.5886e-01	1.0000e+00	1.1786e-07	1.1755e-36	2.1741e-15	2.4766e-05	9.7749e-01	2.2486e-02	1.1755e-36	3.9356e-01	6.0644e-01	3.3263e-21	1.1755e-36	1.1755e-36	1.1755e-36	1.3285e-22	0.00e+00	0.00e+00	3.0293e+01
2.62412e+20	6.4752e+03	1.703e-21	2.7826e+01	1.7560e+01	2.3376e-11	3.6978e-01	6.3022e-01	1.0000e+00	1.0661e-07	1.1755e-36	2.5223e-15	2.3846e-05	9.7962e-01	2.0357e-02	1.1755e-36	4.2402e-01	5.7598e-01	2.9672e-21	1.1755e-36	1.1755e-36	1.1755e-36	1.5465e-22	0.00e+00	0.00e+00	3.0853e+01
2.62420e+20	6.3575e+03	1.598e-21	2.7826e+01	1.6859e+01	2.8769e-11	3.9491e-01	6.0509e-01	1.0000e+00	9.8625e-08	1.1755e-36	2.8456e-15	2.3027e-05	9.8129e-01	1.8688e-02	1.1755e-36	4.5044e-01	5.4956e-01	2.6938e-21	1.1755e-36	1.1755e-36	1.1755e-36	1.7337e-22	0.00e+00	0.00e+00	3.1379e+01
2.62428e+20	6.2343e+03	1.497e-21	2.7826e+01	1.6166e+01	3.5184e-11	4.1976e-01	5.8024e-01	1.0000e+00	9.0957e-08	1.1755e-36	3.1815e-15	2.2208e-05	9.8278e-01	1.7194e-02	1.1755e-36	4.7626e-01	5.2374e-01	2.4517e-21	1.1755e-36	1.1755e-36	1.1755e-36	1.9101e-22	0.00e+00	0.00e+00	3.1918e+01
2.62435e+20	6.1037e+03	1.399e-21	2.7826e+01	1.5468e+01	4.2922e-11	4.4473e-01	5.5527e-01	1.0000e+00	8.3300e-08	1.1755e-36	3.5358e-15	2.1374e-05	9.8415e-01	1.5827e-02	1.1755e-36	5.0195e-01	4.9805e-01	2.2316e-21	1.1755e-36	1.1755e-36	1.1755e-36	2.0746e-22	0.00e+00	0.00e+00	3.2450e+01
2.62441e+20	5.9689e+03	1.307e-21	2.7826e+01	1.4803e+01	5.1901e-11	4.6880e-01	5.3120e-01	1.0000e+00	7.6269e-08	1.1755e-36	3.8936e-15	2.0577e-05	9.8536e-01	1.4619e-02	1.1755e-36	5.2643e-01	4.7357e-01	2.0397e-21	1.1755e-36	1.1755e-36	1.1755e-36	2.2187e-22	0.00e+00	0.00e+00	3.2947e+01
2.62447e+20	5.8378e+03	1.224e-21	2.7826e+01	1.4182e+01	6.1705e-11	4.9111e-01	5.0889e-01	1.0000e+00	6.9719e-08	1.1755e-36	4.2403e-15	1.9826e-05	9.8640e-01	1.3583e-02	1.1755e-36	5.4890e-01	4.5110e-01	1.8775e-21	1.1755e-36	1.1755e-36	1.1755e-36	2.3343e-22	0.00e+00	0.00e+00	3.3410e+01
2.62452e+20	5.7071e+03	1.149e-21	2.7826e+01	1.3600e+01	7.2449e-11	5.1204e-01	4.8796e-01	1.0000e+00	5.9457e-08	1.1755e-36	4.5793e-15	1.9119e-05	9.8730e-01	1.2677e-02	1.1755e-36	5.6978e-01	4.3022e-01	1.7377e-21	1.1755e-36	1.1755e-36	1.1755e-36	2.4255e-22	0.00e+00	0.00e+00	3.3852e+01
2.62457e+20	5.5759e+03	1.079e-21	2.7826e+01	1.3045e+01	8.4188e-11	5.3200e-01	4.6800e-01	1.0000e+00	6.2198e-08	1.1755e-36	4.9162e-15	1.8441e-05	9.8812e-01	1.1866e-02	1.1755e-36	5.8952e-01	4.1048e-01	1.6142e-21	1.1755e-36	1.1755e-36	1.1755e-36	2.4955e-22	0.00e+00	0.00e+00	3.4281e+01
2.62461e+20	5.4699e+03	1.025e-21	2.7826e+01	1.2609e+01	9.4347e-11	5.4766e-01	4.5234e-01	1.0000e+00	5.9726e-08	1.1755e-36	5.1904e-15	1.7906e-05	9.8872e-01	1.1261e-02	1.1755e-36	6.0489e-01	3.9511e-01	1.5224e-21	1.1755e-36	1.1755e-36	1.1755e-36	2.5376e-22	0.00e+00	0.00e+00	3.4568e+01
2.62464e+20	5.3832e+03	9.844e-22	2.7826e+01	1.2269e+01	1.0295e-10	5.5982e-01	4.4018e-01	1.0000e+00	5.8889e-08	1.1755e-36	5.4098e-15	1.7489e-05	9.8917e-01	1.0810e-02	1.1755e-36	6.1676e-01	3.8324e-01	1.4558e-21	1.1755e-36	1.1755e-36	1.1755e-36	2.5615e-22	0.00e+00	0.00e+00	3.4826e+01
2.62466e+20	5.2939e+03	9.450e-22	2.7826e+01	1.1937e+01	1.1205e-10	5.7186e-01	4.2814e-01	1.0000e+00	5.7432e-08	1.1755e-36	5.6327e-15	1.7081e-05	9.8960e-01	1.0380e-02	1.1755e-36	6.2845e-01	3.7155e-01	1.3929e-21	1.1755e-36	1.1755e-36	1.1755e-36	2.5796e-22	0.00e+00	0.00e+00	3.5100e+01
2.62469e+20	5.1952e+03	9.041e-22	2.7826e+01	1.1583e+01	1.2224e-10	5.8455e-01	4.1545e-01	1.0000e+00	5.5591e-08	1.1755e-36	5.8741e-15	1.6647e-05	9.9004e-01	9.9440e-03	1.1755e-36	6.4071e-01	3.5929e-01	1.3294e-21	1.1755e-36	1.1755e-36	1.1755e-36	2.5885e-22	0.00e+00	0.00e+00	3.5394e+01
2.62472e+20	5.0921e+03	8.634e-22	2.7826e+01	1.1224e+01	1.3300e-10	5.9750e-01	4.0250e-01	1.0000e+00	5.3642e-08	1.1755e-36	6.1278e-15	1.6206e-05	9.9047e-01	9.5138e-03	1.1755e-36	6.5314e-01	3.4686e-01	1.2668e-21	1.1755e-36	1.1755e-36	1.1755e-36	2.5898e-22	0.00e+00	0.00e+00	3.5689e+01
2.62475e+20	4.9866e+03	8.244e-22	2.7826e+01	1.0873e+01	1.4384e-10	6.1020e-01	3.8980e-01	1.0000e+00	5.1839e-08	1.1755e-36	6.3840e-15	1.5776e-05	9.9088e-01	9.1033e-03	1.1755e-36	6.6529e-01	3.3471e-01	1.2078e-21	1.1755e-36	1.1755e-36	1.1755e-36	2.5812e-22	0.00e+00	0.00e+00	3.5979e+01
2.62477e+20	4.8774e+03	7.873e-22	2.7826e+01	1.0528e+01	1.5419e-10	6.2265e-01	3.7735e-01	1.0000e+00	5.0219e-08	1.1755e-36	6.6383e-15	1.5357e-05	9.9129e-01	8.6974e-03	1.1755e-36	6.7713e-01	3.2287e-01	1.1525e-21	1.1755e-36	1.1755e-36	1.1755e-36	2.5530e-22	0.00e+00	0.00e+00	3.6266e+01
2.62480e+20	4.7705e+03	7.507e-22	2.7826e+01	1.0182e+01	1.6368e-10	6.3476e-01	3.6524e-01	1.0000e+00	4.8763e-08	1.1755e-36	6.8946e-15	1.4932e-05	9.9167e-01	8.3134e-03	1.1755e-36	6.8859e-01	3.1141e-01	1.1004e-21	1.1755e-36	1.1755e-36	1.1755e-36	2.5100e-22	0.00e+00	0.00e+00	3.6558e+01
2.62482e+20	4.6531e+03	7.151e-22	2.7826e+01	9.8359e+00	1.7322e-10	6.4720e-01	3.5280e-01	1.0000e+00	4.7230e-08	1.1755e-36	7.1637e-15	1.4513e-05	9.9206e-01	7.9303e-03	1.1755e-36	7.0031e-01	2.9969e-01	1.0492e-21	1.1755e-36	1.1755e-36	1.1755e-36	2.4583e-22	0.00e+00	0.00e+00	3.6857e+01
2.62485e+20	4.5315e+03	6.801e-22	2.7826e+01	9.4888e+00	1.8190e-10	6.5968e-01	3.4032e-01	1.0000e+00	4.5759e-08	1.1755e-36	7.4422e-15	1.4096e-05	9.9243e-01	7.5566e-03	1.1755e-36	7.1200e-01	2.8800e-01	9.9962e-22	1.1755e-36	1.1755e-36	1.1755e-36	2.3946e-22	0.00e+00	0.00e+00	3.7161e+01
2.62488e+20	4.4051e+03	6.458e-22	2.7826e+01	9.1408e+00	1.8944e-10	6.7219e-01	3.2781e-01	1.0000e+00	4.4343e-08	1.1755e-36	7.7306e-15	1.3680e-05	9.9279e-01	7.1922e-03	1.1755e-36	7.2367e-01	2.7633e-01	9.5160e-22	1.1755e-36	1.1755e-36	1.1755e-36	2.3192e-22	0.00e+00	0.00e+00	3.7471e+01
2.62490e+20	4.2696e+03	6.125e-22	2.7826e+01	8.7913e+00	1.9575e-10	6.8487e-01	3.1513e-01	1.0000e+00	4.2948e-08	1.1755e-36	8.0311e-15	1.3271e-05	9.9315e-01	6.8338e-03	1.1755e-36	7.3543e-01	2.6457e-01	9.0489e-22	1.1755e-36	1.1755e-36	1.1755e-36	2.2322e-22	0.00e+00	0.00e+00	3.7787e+01
2.62493e+20	4.1326e+03	5.798e-22	2.7826e+01	8.4422e+00	2.0014e-10	6.9742e-01	3.0258e-01	1.0000e+00	4.1648e-08	1.1755e-36	8.3414e-15	1.2864e-05	9.9350e-01	6.4885e-03	1.1755e-36	7.4703e-01	2.5297e-01	8.5992e-22	1.1755e-36	1.1755e-36	1.1755e-36	2.1343e-22	0.00e+00	0.00e+00	3.8108e+01
2.62496e+20	3.9903e+03	5.480e-22	2.7826e+01	8.0936e+00	2.0270e-10	7.0997e-01	2.9003e-01	1.0000e+00	4.0387e-08	1.1755e-36	8.6639e-15	1.2466e-05	9.9383e-01	6.1533e-03	1.1755e-36	7.5856e-01	2.4144e-01	8.1643e-22	1.1755e-36	1.1755e-36	1.1755e-36	2.0274e-22	0.00e+00	0.00e+00	3.8436e+01
