#depth	Te	Htot	hden	eden	2H_2/H	HI	HII	HeI	HeII	HeIII	CO/C	C1	C2	C3	C4	O1	O2	O3	O4	O5	O6	H2O/O	AV(point)	AV(extend)	Tau912
5.53521e+14	5.7152e+03	3.213e-22	1.0000e+01	1.0870e+01	2.2184e-16	2.8692e-04	9.9971e-01	2.4873e-03	9.9361e-01	3.9040e-03	3.6082e-22	3.1380e-06	4.4105e-02	9.5362e-01	2.2762e-03	3.0467e-05	1.7835e-01	8.1977e-01	1.8428e-03	1.1755e-36	1.1755e-36	2.2805e-30	0.00e+00	0.00e+00	2.0051e-05
3.32113e+15	5.7147e+03	3.213e-22	1.0000e+01	1.0869e+01	2.2187e-16	2.8688e-04	9.9971e-01	2.4871e-03	9.9361e-01	3.9005e-03	3.6052e-22	3.1365e-06	4.4102e-02	9.5361e-01	2.2817e-03	3.0451e-05	1.7829e-01	8.1984e-01	1.8361e-03	1.1755e-36	1.1755e-36	2.2781e-30	0.00e+00	0.00e+00	1.0024e-04
1.43916e+16	5.7139e+03	3.213e-22	1.0000e+01	1.0869e+01	2.2191e-16	2.8681e-04	9.9971e-01	2.4871e-03	9.9364e-01	3.8745e-03	3.6022e-22	3.1345e-06	4.4100e-02	9.5362e-01	2.2801e-03	3.0441e-05	1.7828e-01	8.1988e-01	1.8087e-03	1.1755e-36	1.1755e-36	2.2755e-30	0.00e+00	0.00e+00	4.2094e-04
5.86732e+16	5.7113e+03	3.212e-22	1.0000e+01	1.0869e+01	2.2225e-16	2.8674e-04	9.9971e-01	2.4881e-03	9.9377e-01	3.7398e-03	3.6022e-22	3.1315e-06	4.4114e-02	9.5361e-01	2.2683e-03	3.0455e-05	1.7837e-01	8.1990e-01	1.7036e-03	1.1755e-36	1.1755e-36	2.2732e-30	0.00e+00	0.00e+00	1.7034e-03
1.40152e+17	5.7027e+03	3.207e-22	1.0000e+01	1.0869e+01	2.2309e-16	2.8631e-04	9.9971e-01	2.4871e-03	9.9386e-01	3.6550e-03	3.5897e-22	3.1203e-06	4.4103e-02	9.5364e-01	2.2573e-03	3.0445e-05	1.7843e-01	8.1998e-01	1.5587e-03	1.1755e-36	1.1755e-36	2.2588e-30	0.00e+00	0.00e+00	3.3681e-03
2.46073e+17	5.6916e+03	3.202e-22	1.0000e+01	1.0869e+01	2.2455e-16	2.8597e-04	9.9971e-01	2.4875e-03	9.9408e-01	3.4375e-03	3.5840e-22	3.1138e-06	4.4115e-02	9.5365e-01	2.2349e-03	3.0468e-05	1.7859e-01	8.1999e-01	1.3852e-03	1.1755e-36	1.1755e-36	2.2473e-30	0.00e+00	0.00e+00	5.5297e-03
3.83772e+17	5.6818e+03	3.195e-22	1.0000e+01	1.0869e+01	2.2557e-16	2.8551e-04	9.9971e-01	2.4878e-03	9.9442e-01	3.0964e-03	3.5767e-22	3.1075e-06	4.4122e-02	9.5367e-01	2.2027e-03	3.0499e-05	1.7882e-01	8.1997e-01	1.1854e-03	1.1755e-36	1.1755e-36	2.2344e-30	0.00e+00	0.00e+00	8.3352e-03
5.62780e+17	5.6675e+03	3.188e-22	1.0000e+01	1.0868e+01	2.2753e-16	2.8511e-04	9.9971e-01	2.4897e-03	9.9487e-01	2.6369e-03	3.5760e-22	3.1036e-06	4.4153e-02	9.5368e-01	2.1596e-03	3.0576e-05	1.7923e-01	8.1977e-01	9.6517e-04	1.1755e-36	1.1755e-36	2.2228e-30	0.00e+00	0.00e+00	1.1977e-02
7.95490e+17	5.6523e+03	3.179e-22	1.0000e+01	1.0868e+01	2.2815e-16	2.8462e-04	9.9972e-01	2.4921e-03	9.9542e-01	2.0888e-03	3.5553e-22	3.1002e-06	4.4191e-02	9.5370e-01	2.1080e-03	3.0686e-05	1.7982e-01	8.1941e-01	7.3669e-04	1.1755e-36	1.1755e-36	2.1830e-30	0.00e+00	0.00e+00	1.6704e-02
1.09801e+18	5.6322e+03	3.168e-22	1.0000e+01	1.0867e+01	2.2906e-16	2.8416e-04	9.9972e-01	2.4961e-03	9.9600e-01	1.5066e-03	3.5325e-22	3.0993e-06	4.4261e-02	9.5369e-01	2.0501e-03	3.0863e-05	1.8071e-01	8.1874e-01	5.1716e-04	1.1755e-36	1.1755e-36	2.1323e-30	0.00e+00	0.00e+00	2.2838e-02
1.49129e+18	5.6103e+03	3.155e-22	1.0000e+01	1.0867e+01	2.3208e-16	2.8365e-04	9.9972e-01	2.5012e-03	9.9653e-01	9.6551e-04	3.5443e-22	3.0999e-06	4.4353e-02	9.5365e-01	1.9908e-03	3.1100e-05	1.8187e-01	8.1777e-01	3.2624e-04	1.1755e-36	1.1755e-36	2.1191e-30	0.00e+00	0.00e+00	3.0799e-02
2.00256e+18	5.5824e+03	3.141e-22	1.0000e+01	1.0866e+01	2.3418e-16	2.8321e-04	9.9972e-01	2.5087e-03	9.9696e-01	5.3388e-04	3.5335e-22	3.1045e-06	4.4498e-02	9.5357e-01	1.9326e-03	3.1434e-05	1.8342e-01	8.1637e-01	1.7978e-04	1.1755e-36	1.1755e-36	2.0660e-30	0.00e+00	0.00e+00	4.1132e-02
2.66720e+18	5.5502e+03	3.123e-22	1.0000e+01	1.0866e+01	2.3957e-16	2.8282e-04	9.9972e-01	2.5190e-03	9.9723e-01	2.4645e-04	3.5711e-22	3.1132e-06	4.4698e-02	9.5342e-01	1.8770e-03	3.1870e-05	1.8536e-01	8.1453e-01	8.3727e-05	1.1755e-36	1.1755e-36	2.0598e-30	0.00e+00	0.00e+00	5.4546e-02
3.53124e+18	5.5147e+03	3.102e-22	1.0000e+01	1.0866e+01	2.4195e-16	2.8248e-04	9.9972e-01	2.5329e-03	9.9738e-01	9.1460e-05	3.5650e-22	3.1280e-06	4.4972e-02	9.5320e-01	1.8218e-03	3.2425e-05	1.8774e-01	8.1219e-01	3.1747e-05	1.1755e-36	1.1755e-36	1.9887e-30	0.00e+00	0.00e+00	7.1963e-02
4.65449e+18	5.4704e+03	3.078e-22	1.0000e+01	1.0866e+01	2.4881e-16	2.8249e-04	9.9972e-01	2.5539e-03	9.9742e-01	2.6173e-05	3.6183e-22	3.1527e-06	4.5377e-02	9.5286e-01	1.7608e-03	3.3186e-05	1.9084e-01	8.0912e-01	9.4219e-06	1.1755e-36	1.1755e-36	1.9623e-30	0.00e+00	0.00e+00	9.4607e-02
6.11471e+18	5.4198e+03	3.051e-22	1.0000e+01	1.0866e+01	2.5541e-16	2.8288e-04	9.9972e-01	2.5844e-03	9.9741e-01	5.5685e-06	3.6718e-22	3.1914e-06	4.5948e-02	9.5236e-01	1.6894e-03	3.4210e-05	1.9484e-01	8.0512e-01	2.1179e-06	1.1755e-36	1.1755e-36	1.9076e-30	0.00e+00	0.00e+00	1.2408e-01
8.01300e+18	5.3631e+03	3.019e-22	1.0000e+01	1.0865e+01	2.6569e-16	2.8389e-04	9.9972e-01	2.6284e-03	9.9737e-01	8.6873e-07	3.7926e-22	3.2498e-06	4.6753e-02	9.5164e-01	1.6030e-03	3.5608e-05	2.0009e-01	7.9988e-01	3.5667e-07	1.1755e-36	1.1755e-36	1.8864e-30	0.00e+00	0.00e+00	1.6254e-01
1.04808e+19	5.3023e+03	2.983e-22	1.0000e+01	1.0865e+01	2.7530e-16	2.8579e-04	9.9971e-01	2.6921e-03	9.9731e-01	1.0319e-07	3.9369e-22	3.3369e-06	4.7889e-02	9.5061e-01	1.4985e-03	3.7529e-05	2.0704e-01	7.9293e-01	1.1755e-36	1.1755e-36	1.1755e-36	1.8369e-30	0.00e+00	0.00e+00	2.1287e-01
1.36889e+19	5.2404e+03	2.942e-22	1.0000e+01	1.0865e+01	2.8621e-16	2.8902e-04	9.9971e-01	2.7850e-03	9.9721e-01	1.0114e-08	4.1670e-22	3.4669e-06	4.9510e-02	9.4911e-01	1.3734e-03	4.0215e-05	2.1638e-01	7.8358e-01	1.1755e-36	1.1755e-36	1.1755e-36	1.7992e-30	0.00e+00	0.00e+00	2.7904e-01
1.78594e+19	5.1815e+03	2.895e-22	1.0000e+01	1.0865e+01	3.0059e-16	2.9429e-04	9.9971e-01	2.9240e-03	9.9708e-01	8.5623e-10	4.5750e-22	3.6628e-06	5.1871e-02	9.4690e-01	1.2257e-03	4.4072e-05	2.2919e-01	7.7077e-01	1.1755e-36	1.1755e-36	1.1755e-36	1.8120e-30	0.00e+00	0.00e+00	3.6662e-01
2.12275e+19	5.0939e+03	2.847e-22	1.0000e+01	1.0865e+01	3.0263e-16	2.9495e-04	9.9971e-01	3.0066e-03	9.9699e-01	1.3487e-10	4.5152e-22	3.7669e-06	5.3374e-02	9.4550e-01	1.1222e-03	4.6685e-05	2.3864e-01	7.6131e-01	1.1755e-36	1.1755e-36	1.1755e-36	1.5773e-30	0.00e+00	0.00e+00	4.0426e-01
2.33503e+19	5.0812e+03	2.827e-22	1.0000e+01	1.0865e+01	3.0482e-16	2.9798e-04	9.9970e-01	3.0894e-03	9.9691e-01	5.0805e-11	4.7278e-22	3.8844e-06	5.4747e-02	9.4419e-01	1.0592e-03	4.8903e-05	2.4574e-01	7.5421e-01	1.1755e-36	1.1755e-36	1.1755e-36	1.5770e-30	0.00e+00	0.00e+00	4.4610e-01
2.56853e+19	5.0732e+03	2.806e-22	1.0000e+01	1.0864e+01	3.0802e-16	3.0160e-04	9.9970e-01	3.1878e-03	9.9681e-01	1.8700e-11	5.0165e-22	4.0237e-06	5.6356e-02	9.4265e-01	9.9361e-04	5.1509e-05	2.5390e-01	7.4605e-01	1.1755e-36	1.1755e-36	1.1755e-36	1.6015e-30	0.00e+00	0.00e+00	4.9267e-01
2.82538e+19	5.0710e+03	2.784e-22	1.0000e+01	1.0864e+01	3.0822e-16	3.0586e-04	9.9969e-01	3.3048e-03	9.9670e-01	6.7264e-12	5.3370e-22	4.1903e-06	5.8259e-02	9.4081e-01	9.2542e-04	5.4597e-05	2.6337e-01	7.3658e-01	1.1755e-36	1.1755e-36	1.1755e-36	1.6123e-30	0.00e+00	0.00e+00	5.4463e-01
3.10792e+19	5.0698e+03	2.762e-22	1.0000e+01	1.0864e+01	3.1194e-16	3.1116e-04	9.9969e-01	3.4503e-03	9.9655e-01	2.3635e-12	5.8065e-22	4.3949e-06	6.0572e-02	9.3857e-01	8.5395e-04	5.8367e-05	2.7462e-01	7.2532e-01	1.1755e-36	1.1755e-36	1.1755e-36	1.6668e-30	0.00e+00	0.00e+00	6.0277e-01
3.41871e+19	5.0845e+03	2.737e-22	1.0000e+01	1.0864e+01	3.0830e-16	3.1705e-04	9.9968e-01	3.6244e-03	9.9638e-01	8.1343e-13	6.3178e-22	4.6387e-06	6.3306e-02	9.3591e-01	7.8105e-04	6.2837e-05	2.8771e-01	7.1223e-01	1.1755e-36	1.1755e-36	1.1755e-36	1.6967e-30	0.00e+00	0.00e+00	6.6794e-01
3.76058e+19	5.1161e+03	2.707e-22	1.0000e+01	1.0863e+01	3.0376e-16	3.2373e-04	9.9968e-01	3.8399e-03	9.9616e-01	2.7487e-13	7.0470e-22	4.9345e-06	6.6600e-02	9.3269e-01	7.0701e-04	6.8234e-05	3.0317e-01	6.9676e-01	1.1755e-36	1.1755e-36	1.1755e-36	1.7835e-30	0.00e+00	0.00e+00	7.4113e-01
4.13664e+19	5.1569e+03	2.678e-22	1.0000e+01	1.0863e+01	3.0035e-16	3.3189e-04	9.9967e-01	4.1137e-03	9.9589e-01	9.1623e-14	8.0895e-22	5.3116e-06	7.0733e-02	9.2863e-01	6.3089e-04	7.5028e-05	3.2205e-01	6.7788e-01	1.1755e-36	1.1755e-36	1.1755e-36	1.9296e-30	0.00e+00	0.00e+00	8.2367e-01
4.55031e+19	5.2132e+03	2.646e-22	1.0000e+01	1.0862e+01	2.9564e-16	3.4169e-04	9.9966e-01	4.4691e-03	9.9553e-01	3.0625e-14	9.5696e-22	5.7915e-06	7.5975e-02	9.2347e-01	5.5354e-04	8.3673e-05	3.4527e-01	6.5465e-01	1.1755e-36	1.1755e-36	1.1755e-36	2.1446e-30	0.00e+00	0.00e+00	9.1715e-01
5.00534e+19	5.2922e+03	2.611e-22	1.0000e+01	1.0862e+01	2.8526e-16	3.5333e-04	9.9965e-01	4.9458e-03	9.9505e-01	1.0646e-14	1.1619e-21	6.4193e-06	8.2774e-02	9.1674e-01	4.7583e-04	9.4836e-05	3.7419e-01	6.2572e-01	1.1755e-36	1.1755e-36	1.1755e-36	2.4090e-30	0.00e+00	0.00e+00	1.0235e+00
5.50587e+19	5.3994e+03	2.572e-22	1.0000e+01	1.0861e+01	2.7461e-16	3.6725e-04	9.9963e-01	5.6107e-03	9.9439e-01	4.1041e-15	1.4917e-21	7.2657e-06	9.1880e-02	9.0771e-01	3.9840e-04	1.0960e-04	4.1086e-01	5.8903e-01	1.1755e-36	1.1755e-36	1.1755e-36	2.8776e-30	0.00e+00	0.00e+00	1.1451e+00
6.05646e+19	5.5409e+03	2.529e-22	1.0000e+01	1.0859e+01	2.5828e-16	3.8409e-04	9.9962e-01	6.5880e-03	9.9341e-01	1.8773e-15	2.0117e-21	8.4539e-06	1.0459e-01	8.9508e-01	3.2204e-04	1.2966e-04	4.5827e-01	5.4160e-01	1.1755e-36	1.1755e-36	1.1755e-36	3.5397e-30	0.00e+00	0.00e+00	1.2849e+00
6.59322e+19	5.7049e+03	2.485e-22	1.0000e+01	1.0858e+01	2.3939e-16	4.0115e-04	9.9960e-01	7.9589e-03	9.9204e-01	1.0644e-15	2.7849e-21	9.9849e-06	1.2102e-01	8.7871e-01	2.5683e-04	1.5416e-04	5.1443e-01	4.8542e-01	1.1755e-36	1.1755e-36	1.1755e-36	4.4383e-30	0.00e+00	0.00e+00	1.4107e+00
7.07455e+19	5.8732e+03	2.447e-22	1.0000e+01	1.0855e+01	2.2192e-16	4.1848e-04	9.9958e-01	9.8101e-03	9.9019e-01	7.2705e-16	3.8800e-21	1.1880e-05	1.4127e-01	8.5851e-01	2.0314e-04	1.8189e-04	5.7425e-01	4.2557e-01	1.1755e-36	1.1755e-36	1.1755e-36	5.5616e-30	0.00e+00	0.00e+00	1.5338e+00
7.45776e+19	6.0282e+03	2.415e-22	1.0000e+01	1.0853e+01	2.0442e-16	4.3221e-04	9.9957e-01	1.2099e-02	9.8790e-01	5.3360e-16	5.1628e-21	1.3929e-05	1.6338e-01	8.3644e-01	1.6504e-04	2.0880e-04	6.3149e-01	3.6830e-01	1.1755e-36	1.1755e-36	1.1755e-36	6.6282e-30	0.00e+00	0.00e+00	1.6158e+00
7.70461e+19	6.1352e+03	2.395e-22	1.0000e+01	1.0851e+01	1.9393e-16	4.4167e-04	9.9956e-01	1.4331e-02	9.8567e-01	4.5133e-16	6.3521e-21	1.5681e-05	1.8232e-01	8.1752e-01	1.4143e-04	2.2908e-04	6.7321e-01	3.2656e-01	1.1755e-36	1.1755e-36	1.1755e-36	7.5047e-30	0.00e+00	0.00e+00	1.6697e+00
7.87974e+19	6.2119e+03	2.382e-22	1.0000e+01	1.0848e+01	1.8693e-16	4.4910e-04	9.9955e-01	1.6448e-02	9.8355e-01	4.0266e-16	7.4187e-21	1.7195e-05	1.9860e-01	8.0126e-01	1.2487e-04	2.4497e-04	7.0437e-01	2.9539e-01	1.1755e-36	1.1755e-36	1.1755e-36	8.1824e-30	0.00e+00	0.00e+00	1.7142e+00
8.06037e+19	6.2857e+03	2.370e-22	1.0000e+01	1.0846e+01	1.8478e-16	4.5816e-04	9.9954e-01	1.9349e-02	9.8065e-01	3.5772e-16	8.9487e-21	1.9061e-05	2.1844e-01	7.8143e-01	1.0761e-04	2.6281e-04	7.3670e-01	2.6303e-01	1.1755e-36	1.1755e-36	1.1755e-36	9.3065e-30	0.00e+00	0.00e+00	1.7733e+00
8.24928e+19	6.3678e+03	2.358e-22	1.0000e+01	1.0842e+01	1.7985e-16	4.6725e-04	9.9953e-01	2.3654e-02	9.7635e-01	2.9754e-16	1.0864e-20	2.1400e-05	2.4347e-01	7.5642e-01	9.0983e-05	2.8303e-04	7.7361e-01	2.2610e-01	1.1755e-36	1.1755e-36	1.1755e-36	1.0411e-29	0.00e+00	0.00e+00	1.8245e+00
8.39462e+19	6.4399e+03	2.348e-22	1.0000e+01	1.0839e+01	1.7515e-16	4.7391e-04	9.9953e-01	2.8677e-02	9.7132e-01	2.5835e-16	1.2757e-20	2.3642e-05	2.6721e-01	7.3269e-01	7.8550e-05	2.9985e-04	8.0459e-01	1.9511e-01	1.1755e-36	1.1755e-36	1.1755e-36	1.1399e-29	0.00e+00	0.00e+00	1.8595e+00
8.49449e+19	6.4775e+03	2.343e-22	1.0000e+01	1.0833e+01	1.7280e-16	4.7921e-04	9.9952e-01	3.3523e-02	9.6648e-01	2.3477e-16	1.4286e-20	2.5440e-05	2.8696e-01	7.1294e-01	6.9794e-05	3.1264e-04	8.2715e-01	1.7254e-01	1.1755e-36	1.1755e-36	1.1755e-36	1.1965e-29	0.00e+00	0.00e+00	1.8845e+00
8.57253e+19	6.5120e+03	2.339e-22	1.0000e+01	1.0829e+01	1.7206e-16	4.8338e-04	9.9952e-01	3.8567e-02	9.6143e-01	2.1748e-16	1.5799e-20	2.7056e-05	3.0407e-01	6.9584e-01	6.2930e-05	3.2292e-04	8.4494e-01	1.5474e-01	1.1755e-36	1.1755e-36	1.1755e-36	1.2701e-29	0.00e+00	0.00e+00	1.9069e+00
8.64581e+19	6.5415e+03	2.336e-22	1.0000e+01	1.0824e+01	1.7139e-16	4.8755e-04	9.9951e-01	4.4766e-02	9.5523e-01	1.9957e-16	1.7366e-20	2.8709e-05	3.2178e-01	6.7813e-01	5.6452e-05	3.3301e-04	8.6197e-01	1.3770e-01	1.1755e-36	1.1755e-36	1.1755e-36	1.3354e-29	0.00e+00	0.00e+00	1.9295e+00
8.71653e+19	6.5600e+03	2.335e-22	1.0000e+01	1.0817e+01	1.7192e-16	4.9214e-04	9.9951e-01	5.2878e-02	9.4712e-01	1.8050e-16	1.9068e-20	3.0489e-05	3.4084e-01	6.5908e-01	5.0175e-05	3.4349e-04	8.7914e-01	1.2052e-01	1.1755e-36	1.1755e-36	1.1755e-36	1.3956e-29	0.00e+00	0.00e+00	1.9507e+00
8.77893e+19	6.5948e+03	2.330e-22	1.0000e+01	1.0809e+01	1.6950e-16	4.9501e-04	9.9950e-01	6.2672e-02	9.3733e-01	1.6319e-16	2.0682e-20	3.2159e-05	3.5899e-01	6.4093e-01	4.4789e-05	3.5243e-04	8.9490e-01	1.0475e-01	1.1755e-36	1.1755e-36	1.1755e-36	1.4493e-29	0.00e+00	0.00e+00	1.9683e+00
8.83007e+19	6.6079e+03	2.328e-22	1.0000e+01	1.0798e+01	1.7040e-16	4.9811e-04	9.9950e-01	7.3783e-02	9.2622e-01	1.4847e-16	2.2270e-20	3.3667e-05	3.7547e-01	6.2446e-01	4.0226e-05	3.6050e-04	9.0846e-01	9.1177e-02	1.1755e-36	1.1755e-36	1.1755e-36	1.5052e-29	0.00e+00	0.00e+00	1.9827e+00
8.87232e+19	6.6308e+03	2.324e-22	1.0000e+01	1.0790e+01	1.6911e-16	5.0010e-04	9.9950e-01	8.6208e-02	9.1379e-01	1.3659e-16	2.3627e-20	3.5004e-05	3.8976e-01	6.1017e-01	3.6462e-05	3.6702e-04	9.1997e-01	7.9663e-02	1.1755e-36	1.1755e-36	1.1755e-36	1.5483e-29	0.00e+00	0.00e+00	1.9950e+00
8.90894e+19	6.6316e+03	2.324e-22	1.0000e+01	1.0775e+01	1.7098e-16	5.0260e-04	9.9950e-01	1.0059e-01	8.9941e-01	1.2484e-16	2.4973e-20	3.6209e-05	4.0315e-01	5.9678e-01	3.3062e-05	3.7330e-04	9.3025e-01	6.9374e-02	1.1755e-36	1.1755e-36	1.1755e-36	1.5894e-29	0.00e+00	0.00e+00	2.0059e+00
8.94169e+19	6.6527e+03	2.317e-22	1.0000e+01	1.0762e+01	1.6894e-16	5.0365e-04	9.9950e-01	1.1752e-01	8.8248e-01	1.1395e-16	2.6062e-20	3.7287e-05	4.1510e-01	5.8483e-01	3.0081e-05	3.7829e-04	9.3961e-01	6.0016e-02	1.1755e-36	1.1755e-36	1.1755e-36	1.6130e-29	0.00e+00	0.00e+00	2.0158e+00
8.97102e+19	6.6605e+03	2.314e-22	1.0000e+01	1.0749e+01	1.6946e-16	5.0520e-04	9.9949e-01	1.3791e-01	8.6209e-01	1.0341e-16	2.7244e-20	3.8309e-05	4.2633e-01	5.7361e-01	2.7309e-05	3.8322e-04	9.4822e-01	5.1393e-02	1.1755e-36	1.1755e-36	1.1755e-36	1.6491e-29	0.00e+00	0.00e+00	2.0246e+00
8.99679e+19	6.6672e+03	2.309e-22	1.0000e+01	1.0730e+01	1.6906e-16	5.0625e-04	9.9949e-01	1.6173e-01	8.3827e-01	9.3220e-17	2.8170e-20	3.9187e-05	4.3631e-01	5.6362e-01	2.4838e-05	3.8741e-04	9.5593e-01	4.3682e-02	1.1755e-36	1.1755e-36	1.1755e-36	1.6626e-29	0.00e+00	0.00e+00	2.0322e+00
9.01912e+19	6.6721e+03	2.301e-22	1.0000e+01	1.0704e+01	1.6864e-16	5.0672e-04	9.9949e-01	1.8882e-01	8.1118e-01	8.3382e-17	2.8924e-20	3.9894e-05	4.4486e-01	5.5508e-01	2.2663e-05	3.9073e-04	9.6264e-01	3.6970e-02	1.1755e-36	1.1755e-36	1.1755e-36	1.6680e-29	0.00e+00	0.00e+00	2.0389e+00
9.03879e+19	6.6722e+03	2.294e-22	1.0000e+01	1.0682e+01	1.6971e-16	5.0748e-04	9.9949e-01	2.2012e-01	7.7988e-01	7.4397e-17	2.9774e-20	4.0535e-05	4.5243e-01	5.4751e-01	2.0671e-05	3.9386e-04	9.6854e-01	3.1063e-02	1.1755e-36	1.1755e-36	1.1755e-36	1.6908e-29	0.00e+00	0.00e+00	2.0448e+00
9.05649e+19	6.6727e+03	2.284e-22	1.0000e+01	1.0653e+01	1.7028e-16	5.0773e-04	9.9949e-01	2.5632e-01	7.4368e-01	6.5557e-17	3.0460e-20	4.1051e-05	4.5896e-01	5.4098e-01	1.8849e-05	3.9633e-04	9.7376e-01	2.5848e-02	1.1755e-36	1.1755e-36	1.1755e-36	1.7033e-29	0.00e+00	0.00e+00	2.0502e+00
9.07257e+19	6.6685e+03	2.272e-22	1.0000e+01	1.0620e+01	1.7094e-16	5.0788e-04	9.9949e-01	2.9824e-01	7.0176e-01	5.6892e-17	3.0978e-20	4.1476e-05	4.6463e-01	5.3531e-01	1.7148e-05	3.9840e-04	9.7834e-01	2.1263e-02	1.1755e-36	1.1755e-36	1.1755e-36	1.7015e-29	0.00e+00	0.00e+00	2.0551e+00
9.08728e+19	6.6637e+03	2.258e-22	1.0000e+01	1.0581e+01	1.7169e-16	5.0771e-04	9.9949e-01	3.4636e-01	6.5364e-01	4.8489e-17	3.1423e-20	4.1800e-05	4.6941e-01	5.3053e-01	1.5561e-05	3.9996e-04	9.8232e-01	1.7277e-02	1.1755e-36	1.1755e-36	1.1755e-36	1.6989e-29	0.00e+00	0.00e+00	2.0596e+00
9.10085e+19	6.6531e+03	2.241e-22	1.0000e+01	1.0537e+01	1.7340e-16	5.0749e-04	9.9949e-01	4.0112e-01	5.9888e-01	4.0412e-17	3.1832e-20	4.2036e-05	4.7346e-01	5.2648e-01	1.4059e-05	4.0118e-04	9.8574e-01	1.3855e-02	1.1755e-36	1.1755e-36	1.1755e-36	1.6967e-29	0.00e+00	0.00e+00	2.0638e+00
9.11360e+19	6.6432e+03	2.220e-22	1.0000e+01	1.0486e+01	1.7426e-16	5.0688e-04	9.9949e-01	4.6267e-01	5.3733e-01	3.2510e-17	3.2022e-20	4.2177e-05	4.7671e-01	5.2323e-01	1.2633e-05	4.0189e-04	9.8865e-01	1.0945e-02	1.1755e-36	1.1755e-36	1.1755e-36	1.6767e-29	0.00e+00	0.00e+00	2.0678e+00
9.12587e+19	6.6264e+03	2.197e-22	1.0000e+01	1.0430e+01	1.7651e-16	5.0635e-04	9.9949e-01	5.3156e-01	4.6844e-01	2.5261e-17	3.2241e-20	4.2248e-05	4.7941e-01	5.2054e-01	1.1241e-05	4.0241e-04	9.9111e-01	8.4846e-03	1.1755e-36	1.1755e-36	1.1755e-36	1.6625e-29	0.00e+00	0.00e+00	2.0717e+00
9.13982e+19	6.6054e+03	2.164e-22	1.0000e+01	1.0348e+01	1.7826e-16	5.0504e-04	9.9949e-01	6.1771e-01	3.8229e-01	1.8031e-17	3.2169e-20	4.2171e-05	4.8151e-01	5.1844e-01	9.6605e-06	4.0219e-04	9.9340e-01	6.1998e-03	1.1755e-36	1.1755e-36	1.1755e-36	1.6205e-29	0.00e+00	0.00e+00	2.0767e+00
9.15500e+19	6.5765e+03	2.124e-22	1.0000e+01	1.0251e+01	1.8078e-16	5.0355e-04	9.9950e-01	7.1547e-01	2.8453e-01	1.0859e-17	3.1961e-20	4.1993e-05	4.8298e-01	5.1697e-01	8.0466e-06	4.0162e-04	9.9537e-01	4.2266e-03	1.1755e-36	1.1755e-36	1.1755e-36	1.5678e-29	0.00e+00	0.00e+00	2.0814e+00
9.16922e+19	6.5445e+03	2.096e-22	1.0000e+01	1.0194e+01	1.8679e-16	5.0414e-04	9.9950e-01	8.0146e-01	1.9854e-01	6.3771e-18	3.2353e-20	4.1990e-05	4.8461e-01	5.1535e-01	6.5834e-06	4.0243e-04	9.9673e-01	2.8688e-03	1.1755e-36	1.1755e-36	1.1755e-36	1.5729e-29	0.00e+00	0.00e+00	2.0858e+00
9.18513e+19	6.5190e+03	2.065e-22	1.0000e+01	1.0129e+01	1.8989e-16	5.0417e-04	9.9950e-01	8.7654e-01	1.2346e-01	3.2945e-18	3.2282e-20	4.1889e-05	4.8546e-01	5.1449e-01	5.1334e-06	4.0272e-04	9.9774e-01	1.8550e-03	1.1755e-36	1.1755e-36	1.1755e-36	1.5400e-29	0.00e+00	0.00e+00	2.0915e+00
9.20581e+19	6.4946e+03	2.039e-22	1.0000e+01	1.0073e+01	1.9250e-16	5.0498e-04	9.9950e-01	9.3842e-01	6.1580e-02	1.2432e-18	3.2133e-20	4.1821e-05	4.8626e-01	5.1370e-01	3.6315e-06	4.0358e-04	9.9855e-01	1.0500e-03	1.1755e-36	1.1755e-36	1.1755e-36	1.5004e-29	0.00e+00	0.00e+00	2.0989e+00
9.23270e+19	6.4770e+03	2.022e-22	1.0000e+01	1.0030e+01	1.9103e-16	5.0672e-04	9.9949e-01	9.7636e-01	2.3643e-02	3.3145e-19	3.1472e-20	4.1809e-05	4.8705e-01	5.1291e-01	2.2663e-06	4.0517e-04	9.9909e-01	5.0398e-04	1.1755e-36	1.1755e-36	1.1755e-36	1.4144e-29	0.00e+00	0.00e+00	2.1087e+00
9.26765e+19	6.4715e+03	2.015e-22	1.0000e+01	1.0011e+01	1.9041e-16	5.0965e-04	9.9949e-01	9.9303e-01	6.9671e-03	6.2424e-20	3.1294e-20	4.1919e-05	4.8808e-01	5.1187e-01	1.2157e-06	4.0779e-04	9.9939e-01	1.9879e-04	1.1755e-36	1.1755e-36	1.1755e-36	1.3771e-29	0.00e+00	0.00e+00	2.1214e+00
9.31309e+19	6.4735e+03	2.015e-22	1.0000e+01	1.0005e+01	1.8935e-16	5.1388e-04	9.9949e-01	9.9839e-01	1.6090e-03	8.5989e-21	3.1257e-20	4.2133e-05	4.8948e-01	5.1047e-01	5.4317e-07	4.1151e-04	9.9953e-01	6.2424e-05	1.1755e-36	1.1755e-36	1.1755e-36	1.3502e-29	0.00e+00	0.00e+00	2.1380e+00
9.37216e+19	6.4821e+03	2.017e-22	1.0000e+01	1.0002e+01	1.9077e-16	5.1922e-04	9.9948e-01	9.9969e-01	3.0843e-04	9.6447e-22	3.1799e-20	4.2416e-05	4.9120e-01	5.0875e-01	1.9347e-07	4.1624e-04	9.9957e-01	1.5137e-05	1.1755e-36	1.1755e-36	1.1755e-36	1.3739e-29	0.00e+00	0.00e+00	2.1599e+00
9.44896e+19	6.4918e+03	2.022e-22	1.0000e+01	1.0004e+01	1.9228e-16	5.2670e-04	9.9947e-01	9.9994e-01	6.0718e-05	1.1856e-22	3.2436e-20	4.2821e-05	4.9363e-01	5.0633e-01	1.1755e-36	4.2282e-04	9.9957e-01	2.7631e-06	1.1755e-36	1.1755e-36	1.1755e-36	1.3950e-29	0.00e+00	0.00e+00	2.1888e+00
9.54879e+19	6.5028e+03	2.030e-22	1.0000e+01	1.0007e+01	1.9683e-16	5.3677e-04	9.9946e-01	9.9998e-01	2.0702e-05	2.8498e-23	3.3678e-20	4.3358e-05	4.9686e-01	5.0310e-01	1.1755e-36	4.3167e-04	9.9957e-01	3.6932e-07	1.1755e-36	1.1755e-36	1.1755e-36	1.4587e-29	0.00e+00	0.00e+00	2.2271e+00
9.67857e+19	6.5194e+03	2.039e-22	1.0000e+01	1.0007e+01	2.0332e-16	5.5004e-04	9.9945e-01	9.9999e-01	1.3521e-05	1.4151e-23	3.5494e-20	4.4041e-05	5.0099e-01	4.9897e-01	1.1755e-36	4.4343e-04	9.9956e-01	3.4097e-08	1.1755e-36	1.1755e-36	1.1755e-36	1.5595e-29	0.00e+00	0.00e+00	2.2780e+00
9.84729e+19	6.5396e+03	2.051e-22	1.0000e+01	1.0008e+01	2.1157e-16	5.6833e-04	9.9943e-01	9.9999e-01	1.0754e-05	8.4717e-24	3.7837e-20	4.4945e-05	5.0648e-01	4.9347e-01	1.1755e-36	4.5969e-04	9.9954e-01	1.9548e-09	1.1755e-36	1.1755e-36	1.1755e-36	1.6816e-29	0.00e+00	0.00e+00	2.3464e+00
1.00666e+20	6.5688e+03	2.068e-22	1.0000e+01	1.0007e+01	2.2568e-16	5.9353e-04	9.9941e-01	9.9999e-01	8.6155e-06	4.7955e-24	4.1756e-20	4.6148e-05	5.1373e-01	4.8622e-01	1.1755e-36	4.8229e-04	9.9952e-01	5.9795e-11	1.1755e-36	1.1755e-36	1.1755e-36	1.9157e-29	0.00e+00	0.00e+00	2.4394e+00
1.03518e+20	6.6085e+03	2.090e-22	1.0000e+01	1.0007e+01	2.4875e-16	6.2946e-04	9.9937e-01	9.9999e-01	6.7191e-06	2.4112e-24	4.8158e-20	4.7774e-05	5.2346e-01	4.7649e-01	1.1755e-36	5.1483e-04	9.9949e-01	7.9222e-13	1.1755e-36	1.1755e-36	1.1755e-36	2.3324e-29	0.00e+00	0.00e+00	2.5675e+00
1.07224e+20	6.6637e+03	2.122e-22	1.0000e+01	1.0006e+01	2.8768e-16	6.8248e-04	9.9932e-01	9.9999e-01	5.0315e-06	1.0379e-24	5.9262e-20	4.9995e-05	5.3663e-01	4.6332e-01	1.1755e-36	5.6347e-04	9.9944e-01	3.5322e-15	1.1755e-36	1.1755e-36	1.1755e-36	3.1354e-29	0.00e+00	0.00e+00	2.7480e+00
1.12043e+20	6.7399e+03	2.168e-22	1.0000e+01	1.0005e+01	3.5707e-16	7.6478e-04	9.9924e-01	1.0000e+00	3.5651e-06	3.6743e-25	8.0117e-20	5.3085e-05	5.5478e-01	4.4517e-01	1.1755e-36	6.4031e-04	9.9936e-01	3.8924e-18	1.1755e-36	1.1755e-36	1.1755e-36	4.8578e-29	0.00e+00	0.00e+00	3.0111e+00
1.18307e+20	6.8483e+03	2.236e-22	1.0000e+01	1.0004e+01	4.9121e-16	9.0213e-04	9.9910e-01	1.0000e+00	2.3519e-06	1.0236e-25	1.2443e-19	5.7478e-05	5.8030e-01	4.1964e-01	1.1755e-36	7.7185e-04	9.9923e-01	5.2318e-20	1.1755e-36	1.1755e-36	1.1755e-36	9.2400e-29	0.00e+00	0.00e+00	3.4144e+00
1.25295e+20	6.9929e+03	2.333e-22	1.0000e+01	1.0002e+01	7.3847e-16	1.1212e-03	9.9888e-01	1.0000e+00	1.4787e-06	1.1755e-36	2.1850e-19	6.2887e-05	6.1148e-01	3.8846e-01	1.1755e-36	9.8855e-04	9.9901e-01	2.0366e-20	1.1755e-36	1.1755e-36	1.1755e-36	2.1008e-28	0.00e+00	0.00e+00	3.9025e+00
1.31158e+20	7.1424e+03	2.439e-22	1.0000e+01	9.9986e+00	1.1224e-15	1.4072e-03	9.9859e-01	1.0000e+00	9.9462e-07	1.1755e-36	3.8774e-19	6.8034e-05	6.4118e-01	3.5875e-01	1.1755e-36	1.2814e-03	9.9872e-01	9.7291e-21	1.1755e-36	1.1755e-36	1.1755e-36	4.8519e-28	0.00e+00	0.00e+00	4.3318e+00
1.35077e+20	7.2574e+03	2.528e-22	1.0000e+01	9.9956e+00	1.5815e-15	1.6951e-03	9.9830e-01	1.0000e+00	7.6572e-07	1.1755e-36	6.1547e-19	7.1931e-05	6.6400e-01	3.3593e-01	1.1755e-36	1.5854e-03	9.9841e-01	6.1433e-21	1.1755e-36	1.1755e-36	1.1755e-36	9.5052e-28	0.00e+00	0.00e+00	4.6536e+00
1.37684e+20	7.3392e+03	2.594e-22	1.0000e+01	9.9935e+00	2.0383e-15	1.9532e-03	9.9805e-01	1.0000e+00	6.5303e-07	1.1755e-36	8.6488e-19	7.4851e-05	6.8097e-01	3.1896e-01	1.1755e-36	1.8644e-03	9.9814e-01	4.7547e-21	1.1755e-36	1.1755e-36	1.1755e-36	1.5471e-27	0.00e+00	0.00e+00	4.9256e+00
1.39830e+20	7.4029e+03	2.655e-22	1.0000e+01	9.9905e+00	2.6157e-15	2.2240e-03	9.9778e-01	1.0000e+00	5.6136e-07	1.1755e-36	1.1923e-18	7.7318e-05	6.9633e-01	3.0359e-01	1.1755e-36	2.1617e-03	9.9784e-01	5.1467e-21	1.1755e-36	1.1755e-36	1.1755e-36	2.4641e-27	0.00e+00	0.00e+00	5.2188e+00
1.42231e+20	7.4732e+03	2.727e-22	1.0000e+01	9.9876e+00	3.5398e-15	2.6106e-03	9.9739e-01	1.0000e+00	4.7787e-07	1.1755e-36	1.7537e-18	8.0432e-05	7.1526e-01	2.8466e-01	1.1755e-36	2.5939e-03	9.9741e-01	4.9962e-21	1.1755e-36	1.1755e-36	1.1755e-36	4.2763e-27	0.00e+00	0.00e+00	5.6662e+00
1.44640e+20	7.5556e+03	2.812e-22	1.0000e+01	9.9831e+00	5.0125e-15	3.1451e-03	9.9685e-01	1.0000e+00	3.8534e-07	1.1755e-36	2.7220e-18	8.3665e-05	7.3555e-01	2.6437e-01	1.1755e-36	3.2015e-03	9.9680e-01	3.2612e-21	1.1755e-36	1.1755e-36	1.1755e-36	8.0370e-27	0.00e+00	0.00e+00	6.0837e+00
1.46356e+20	7.6157e+03	2.883e-22	1.0000e+01	9.9759e+00	6.7673e-15	3.6826e-03	9.9632e-01	1.0000e+00	3.2924e-07	1.1755e-36	3.9371e-18	8.6042e-05	7.5179e-01	2.4812e-01	1.1755e-36	3.8216e-03	9.9618e-01	4.6472e-21	1.1755e-36	1.1755e-36	1.1755e-36	1.3666e-26	0.00e+00	0.00e+00	6.3927e+00
1.47514e+20	7.6548e+03	2.936e-22	1.0000e+01	9.9708e+00	8.5041e-15	4.1526e-03	9.9585e-01	1.0000e+00	2.9806e-07	1.1755e-36	5.1891e-18	8.7872e-05	7.6391e-01	2.3600e-01	1.1755e-36	4.3698e-03	9.9563e-01	1.3440e-20	1.1755e-36	1.1755e-36	1.1755e-36	2.0277e-26	0.00e+00	0.00e+00	6.6518e+00
1.48496e+20	7.6854e+03	2.983e-22	1.0000e+01	9.9657e+00	1.0551e-14	4.6408e-03	9.9536e-01	1.0000e+00	2.7229e-07	1.1755e-36	6.7033e-18	8.9521e-05	7.7501e-01	2.2490e-01	1.1755e-36	4.9438e-03	9.9506e-01	2.3370e-20	1.1755e-36	1.1755e-36	1.1755e-36	2.9253e-26	0.00e+00	0.00e+00	6.9377e+00
1.49618e+20	7.7158e+03	3.040e-22	1.0000e+01	9.9596e+00	1.3878e-14	5.3356e-03	9.9466e-01	1.0000e+00	2.4362e-07	1.1755e-36	9.2253e-18	9.1571e-05	7.8877e-01	2.1114e-01	1.1755e-36	5.7669e-03	9.9423e-01	2.1208e-20	1.1755e-36	1.1755e-36	1.1755e-36	4.6167e-26	0.00e+00	0.00e+00	7.3651e+00
1.50774e+20	7.7443e+03	3.108e-22	1.0000e+01	9.9527e+00	1.9141e-14	6.2811e-03	9.9372e-01	1.0000e+00	2.0880e-07	1.1755e-36	1.3321e-17	9.3837e-05	8.0383e-01	1.9608e-01	1.1755e-36	6.8953e-03	9.9310e-01	1.1025e-20	1.1755e-36	1.1755e-36	1.1755e-36	7.8079e-26	0.00e+00	0.00e+00	7.7784e+00
1.51653e+20	7.7633e+03	3.166e-22	1.0000e+01	9.9436e+00	2.5508e-14	7.2565e-03	9.9274e-01	1.0000e+00	1.8506e-07	1.1755e-36	1.8382e-17	9.5613e-05	8.1644e-01	1.8346e-01	1.1755e-36	8.0676e-03	9.9193e-01	1.2482e-20	1.1755e-36	1.1755e-36	1.1755e-36	1.2385e-25	0.00e+00	0.00e+00	8.1066e+00
1.52294e+20	7.7764e+03	3.210e-22	1.0000e+01	9.9306e+00	3.2253e-14	8.1625e-03	9.9184e-01	1.0000e+00	1.6964e-07	1.1755e-36	2.3844e-17	9.6881e-05	8.2638e-01	1.7352e-01	1.1755e-36	9.1624e-03	9.9084e-01	1.5977e-20	1.1755e-36	1.1755e-36	1.1755e-36	1.7977e-25	0.00e+00	0.00e+00	8.3983e+00
1.52858e+20	7.7807e+03	3.252e-22	1.0000e+01	9.9203e+00	4.0695e-14	9.1497e-03	9.9085e-01	1.0000e+00	1.5606e-07	1.1755e-36	3.0683e-17	9.8180e-05	8.3583e-01	1.6407e-01	1.1755e-36	1.0359e-02	9.8964e-01	1.6151e-20	1.1755e-36	1.1755e-36	1.1755e-36	2.5801e-25	0.00e+00	0.00e+00	8.7229e+00
1.53504e+20	7.7783e+03	3.304e-22	1.0000e+01	9.9061e+00	5.4856e-14	1.0574e-02	9.8943e-01	1.0000e+00	1.4067e-07	1.1755e-36	4.2170e-17	9.9770e-05	8.4749e-01	1.5241e-01	1.1755e-36	1.2091e-02	9.8791e-01	1.3044e-20	1.1755e-36	1.1755e-36	1.1755e-36	4.0699e-25	0.00e+00	0.00e+00	9.2105e+00
1.54169e+20	7.7681e+03	3.365e-22	1.0000e+01	9.8895e+00	7.8161e-14	1.2537e-02	9.8746e-01	1.0000e+00	1.2096e-07	1.1755e-36	6.1063e-17	1.0150e-04	8.6023e-01	1.3966e-01	1.1755e-36	1.4488e-02	9.8551e-01	7.9679e-21	1.1755e-36	1.1755e-36	1.1755e-36	6.9248e-25	0.00e+00	0.00e+00	9.6846e+00
1.54681e+20	7.7522e+03	3.416e-22	1.0000e+01	9.8657e+00	1.0787e-13	1.4618e-02	9.8538e-01	1.0000e+00	1.0719e-07	1.1755e-36	8.4955e-17	1.0285e-04	8.7098e-01	1.2891e-01	1.1755e-36	1.7035e-02	9.8296e-01	6.1437e-21	1.1755e-36	1.1755e-36	1.1755e-36	1.1128e-24	0.00e+00	0.00e+00	1.0077e+01
1.55071e+20	7.7307e+03	3.460e-22	1.0000e+01	9.8472e+00	1.4341e-13	1.6710e-02	9.8329e-01	1.0000e+00	9.7651e-08	1.1755e-36	1.1317e-16	1.0401e-04	8.7996e-01	1.1994e-01	1.1755e-36	1.9600e-02	9.8040e-01	4.9553e-21	1.1755e-36	1.1755e-36	1.1755e-36	1.6810e-24	0.00e+00	0.00e+00	1.0452e+01
1.55480e+20	7.7062e+03	3.502e-22	1.0000e+01	9.8161e+00	1.9959e-13	1.9515e-02	9.8048e-01	1.0000e+00	8.8171e-08	1.1755e-36	1.5760e-16	1.0518e-04	8.8998e-01	1.0991e-01	1.1755e-36	2.3047e-02	9.7695e-01	3.7474e-21	1.1755e-36	1.1755e-36	1.1755e-36	2.7084e-24	0.00e+00	0.00e+00	1.1022e+01
1.55928e+20	7.6485e+03	3.559e-22	1.0000e+01	9.7734e+00	3.0857e-13	2.3785e-02	9.7621e-01	1.0000e+00	7.4568e-08	1.1755e-36	2.3945e-16	1.0656e-04	9.0173e-01	9.8164e-02	1.1755e-36	2.8294e-02	9.7171e-01	2.1694e-21	1.1755e-36	1.1755e-36	1.1755e-36	4.9442e-24	0.00e+00	0.00e+00	1.1674e+01
1.56313e+20	7.5904e+03	3.608e-22	1.0000e+01	9.7197e+00	4.8352e-13	2.9181e-02	9.7082e-01	1.0000e+00	6.3224e-08	1.1755e-36	3.6754e-16	1.0770e-04	9.1277e-01	8.7118e-02	1.1755e-36	3.4927e-02	9.6507e-01	1.2512e-21	1.1755e-36	1.1755e-36	1.1755e-36	9.1763e-24	0.00e+00	0.00e+00	1.2291e+01
1.56606e+20	7.5318e+03	3.646e-22	1.0000e+01	9.6636e+00	7.3164e-13	3.5179e-02	9.6482e-01	1.0000e+00	5.4859e-08	1.1755e-36	5.4246e-16	1.0855e-04	9.2204e-01	7.7852e-02	1.1755e-36	4.2295e-02	9.5771e-01	7.6970e-22	1.1755e-36	1.1755e-36	1.1755e-36	1.6112e-23	0.00e+00	0.00e+00	1.2851e+01
1.56840e+20	7.4726e+03	3.676e-22	1.0000e+01	9.6136e+00	1.0789e-12	4.1864e-02	9.5814e-01	1.0000e+00	4.8315e-08	1.1755e-36	7.7832e-16	1.0929e-04	9.3004e-01	6.9851e-02	1.1755e-36	5.0491e-02	9.4951e-01	4.9917e-22	1.1755e-36	1.1755e-36	1.1755e-36	2.7196e-23	0.00e+00	0.00e+00	1.3417e+01
1.57048e+20	7.4117e+03	3.692e-22	1.0000e+01	9.5426e+00	1.6057e-12	5.0001e-02	9.5000e-01	1.0000e+00	4.2284e-08	1.1755e-36	1.1221e-15	1.0971e-04	9.3756e-01	6.2333e-02	1.1755e-36	6.0448e-02	9.3955e-01	3.3314e-22	1.1755e-36	1.1755e-36	1.1755e-36	4.6245e-23	0.00e+00	0.00e+00	1.4056e+01
1.57247e+20	7.3352e+03	3.684e-22	1.0000e+01	9.4146e+00	2.4959e-12	6.0685e-02	9.3931e-01	1.0000e+00	3.6247e-08	1.1755e-36	1.6622e-15	1.0947e-04	9.4499e-01	5.4905e-02	1.1755e-36	7.3483e-02	9.2652e-01	2.1989e-22	1.1755e-36	1.1755e-36	1.1755e-36	8.1625e-23	0.00e+00	0.00e+00	1.4804e+01
1.57434e+20	7.2678e+03	3.658e-22	1.0000e+01	9.2824e+00	4.0356e-12	7.5288e-02	9.2471e-01	1.0000e+00	3.0420e-08	1.1755e-36	2.5735e-15	1.0914e-04	9.5249e-01	4.7405e-02	1.1755e-36	9.1198e-02	9.0880e-01	1.5303e-22	1.1755e-36	1.1755e-36	1.1755e-36	1.5433e-22	0.00e+00	0.00e+00	1.5659e+01
1.57597e+20	7.1909e+03	3.600e-22	1.0000e+01	9.1018e+00	6.6725e-12	9.4082e-02	9.0592e-01	1.0000e+00	2.5139e-08	1.1755e-36	4.0232e-15	1.0815e-04	9.5936e-01	4.0527e-02	1.1755e-36	1.1384e-01	8.8616e-01	1.0928e-22	1.1755e-36	1.1755e-36	1.1755e-36	2.9587e-22	0.00e+00	0.00e+00	1.6527e+01
1.57726e+20	7.1107e+03	3.512e-22	1.0000e+01	8.8857e+00	1.0762e-11	1.1591e-01	8.8409e-01	1.0000e+00	2.1010e-08	1.1755e-36	6.0832e-15	1.0657e-04	9.6510e-01	3.4793e-02	1.1755e-36	1.3989e-01	8.6011e-01	8.2127e-23	1.1755e-36	1.1755e-36	1.1755e-36	5.3986e-22	0.00e+00	0.00e+00	1.7345e+01
1.57827e+20	7.0332e+03	3.398e-22	1.0000e+01	8.6469e+00	1.6620e-11	1.3978e-01	8.6022e-01	1.0000e+00	1.7903e-08	1.1755e-36	8.7777e-15	1.0452e-04	9.6974e-01	3.0158e-02	1.1755e-36	1.6808e-01	8.3192e-01	6.4662e-23	1.1755e-36	1.1755e-36	1.1755e-36	9.1949e-22	0.00e+00	0.00e+00	1.8134e+01
1.57910e+20	6.9540e+03	3.249e-22	1.0000e+01	8.3546e+00	2.4988e-11	1.6607e-01	8.3393e-01	1.0000e+00	1.5369e-08	1.1755e-36	1.2215e-14	1.0173e-04	9.7360e-01	2.6298e-02	1.1755e-36	1.9877e-01	8.0123e-01	5.2195e-23	1.1755e-36	1.1755e-36	1.1755e-36	1.4805e-21	0.00e+00	0.00e+00	1.8954e+01
1.57986e+20	6.8539e+03	3.078e-22	1.0000e+01	8.0349e+00	3.8243e-11	1.9745e-01	8.0255e-01	1.0000e+00	1.3073e-08	1.1755e-36	1.6976e-14	9.8547e-05	9.7716e-01	2.2741e-02	1.1755e-36	2.3492e-01	7.6508e-01	4.2094e-23	1.1755e-36	1.1755e-36	1.1755e-36	2.3754e-21	0.00e+00	0.00e+00	1.9854e+01
1.58054e+20	6.7327e+03	2.873e-22	1.0000e+01	7.6624e+00	5.9543e-11	2.3467e-01	7.6533e-01	1.0000e+00	1.1009e-08	1.1755e-36	2.3449e-14	9.4683e-05	9.8040e-01	1.9504e-02	1.1755e-36	2.7712e-01	7.2288e-01	3.3831e-23	1.1755e-36	1.1755e-36	1.1755e-36	3.7640e-21	0.00e+00	0.00e+00	2.0800e+01
1.58112e+20	6.5922e+03	2.647e-22	1.0000e+01	7.2528e+00	9.2108e-11	2.7561e-01	7.2439e-01	1.0000e+00	9.2876e-09	1.1755e-36	3.1469e-14	9.0293e-05	9.8317e-01	1.6744e-02	1.1755e-36	3.2271e-01	6.7729e-01	2.7384e-23	1.1755e-36	1.1755e-36	1.1755e-36	5.6913e-21	0.00e+00	0.00e+00	2.1715e+01
1.58157e+20	6.4499e+03	2.437e-22	1.0000e+01	6.8640e+00	1.3489e-10	3.1446e-01	6.8554e-01	1.0000e+00	7.9693e-09	1.1755e-36	3.9811e-14	8.6027e-05	9.8527e-01	1.4646e-02	1.1755e-36	3.6518e-01	6.3482e-01	2.2829e-23	1.1755e-36	1.1755e-36	1.1755e-36	7.8736e-21	0.00e+00	0.00e+00	2.2454e+01
1.58189e+20	6.3240e+03	2.268e-22	1.0000e+01	6.5491e+00	1.8204e-10	3.4651e-01	6.5349e-01	1.0000e+00	7.1530e-09	1.1755e-36	4.7174e-14	8.2516e-05	9.8674e-01	1.3182e-02	1.1755e-36	3.9966e-01	6.0034e-01	1.9838e-23	1.1755e-36	1.1755e-36	1.1755e-36	9.9115e-21	0.00e+00	0.00e+00	2.3030e+01
1.58213e+20	6.2100e+03	2.127e-22	1.0000e+01	6.2759e+00	2.3267e-10	3.7326e-01	6.2674e-01	1.0000e+00	6.6197e-09	1.1755e-36	5.3506e-14	7.9446e-05	9.8781e-01	1.2108e-02	1.1755e-36	4.2807e-01	5.7193e-01	1.7737e-23	1.1755e-36	1.1755e-36	1.1755e-36	1.1702e-20	0.00e+00	0.00e+00	2.3545e+01
1.58234e+20	6.0955e+03	1.997e-22	1.0000e+01	6.0214e+00	2.9276e-10	3.9864e-01	6.0136e-01	1.0000e+00	6.1269e-09	1.1755e-36	5.9710e-14	7.6572e-05	9.8874e-01	1.1187e-02	1.1755e-36	4.5470e-01	5.4530e-01	1.6005e-23	1.1755e-36	1.1755e-36	1.1755e-36	1.3489e-20	0.00e+00	0.00e+00	2.4051e+01
1.58253e+20	5.9739e+03	1.871e-22	1.0000e+01	5.7669e+00	3.6786e-10	4.2399e-01	5.7601e-01	1.0000e+00	5.6580e-09	1.1755e-36	6.6038e-14	7.3681e-05	9.8958e-01	1.0348e-02	1.1755e-36	4.8102e-01	5.1898e-01	1.4484e-23	1.1755e-36	1.1755e-36	1.1755e-36	1.5323e-20	0.00e+00	0.00e+00	2.4560e+01
1.58271e+20	5.8455e+03	1.750e-22	1.0000e+01	5.5178e+00	4.6123e-10	4.4900e-01	5.5100e-01	1.0000e+00	5.2178e-09	1.1755e-36	7.2395e-14	7.0851e-05	9.9034e-01	9.5891e-03	1.1755e-36	5.0669e-01	4.9331e-01	1.3155e-23	1.1755e-36	1.1755e-36	1.1755e-36	1.7168e-20	0.00e+00	0.00e+00	2.5049e+01
1.58288e+20	5.7178e+03	1.639e-22	1.0000e+01	5.2824e+00	5.7097e-10	4.7254e-01	5.2746e-01	1.0000e+00	4.8448e-09	1.1755e-36	7.8445e-14	6.8155e-05	9.9100e-01	8.9282e-03	1.1755e-36	5.3060e-01	4.6940e-01	1.2034e-23	1.1755e-36	1.1755e-36	1.1755e-36	1.8913e-20	0.00e+00	0.00e+00	2.5505e+01
1.58302e+20	5.5916e+03	1.538e-22	1.0000e+01	5.0632e+00	6.9759e-10	4.9446e-01	5.0554e-01	1.0000e+00	4.5284e-09	1.1755e-36	8.4132e-14	6.5638e-05	9.9158e-01	8.3540e-03	1.1755e-36	5.5265e-01	4.4735e-01	1.1089e-23	1.1755e-36	1.1755e-36	1.1755e-36	2.0539e-20	0.00e+00	0.00e+00	2.5933e+01
1.58315e+20	5.4643e+03	1.446e-22	1.0000e+01	4.8559e+00	8.4496e-10	5.1520e-01	4.8480e-01	1.0000e+00	4.2503e-09	1.1755e-36	8.9554e-14	6.3259e-05	9.9209e-01	7.8441e-03	1.1755e-36	5.7331e-01	4.2669e-01	1.0271e-23	1.1755e-36	1.1755e-36	1.1755e-36	2.2076e-20	0.00e+00	0.00e+00	2.6345e+01
1.58327e+20	5.3357e+03	1.359e-22	1.0000e+01	4.6573e+00	1.0160e-09	5.3507e-01	4.6493e-01	1.0000e+00	3.9954e-09	1.1755e-36	9.4803e-14	6.0975e-05	9.9256e-01	7.3822e-03	1.1755e-36	5.9294e-01	4.0706e-01	9.5489e-24	1.1755e-36	1.1755e-36	1.1755e-36	2.3555e-20	0.00e+00	0.00e+00	2.6746e+01
1.58337e+20	5.2317e+03	1.293e-22	1.0000e+01	4.5010e+00	1.1723e-09	5.5072e-01	4.4928e-01	1.0000e+00	3.7571e-09	1.1755e-36	9.8964e-14	5.9163e-05	9.9291e-01	7.0329e-03	1.1755e-36	6.0828e-01	3.9172e-01	9.0161e-24	1.1755e-36	1.1755e-36	1.1755e-36	2.4725e-20	0.00e+00	0.00e+00	2.7015e+01
1.58344e+20	5.1498e+03	1.244e-22	1.0000e+01	4.3838e+00	1.3052e-09	5.6237e-01	4.3763e-01	1.0000e+00	3.6565e-09	1.1755e-36	1.0208e-13	5.7811e-05	9.9316e-01	6.7833e-03	1.1755e-36	6.1964e-01	3.8036e-01	8.6404e-24	1.1755e-36	1.1755e-36	1.1755e-36	2.5594e-20	0.00e+00	0.00e+00	2.7241e+01
1.58351e+20	5.0639e+03	1.198e-22	1.0000e+01	4.2698e+00	1.4529e-09	5.7388e-01	4.2612e-01	1.0000e+00	3.5483e-09	1.1755e-36	1.0521e-13	5.6510e-05	9.9340e-01	6.5458e-03	1.1755e-36	6.3080e-01	3.6920e-01	8.2872e-24	1.1755e-36	1.1755e-36	1.1755e-36	2.6480e-20	0.00e+00	0.00e+00	2.7490e+01
1.58358e+20	4.9674e+03	1.147e-22	1.0000e+01	4.1443e+00	1.6287e-09	5.8647e-01	4.1353e-01	1.0000e+00	3.4029e-09	1.1755e-36	1.0856e-13	5.5077e-05	9.9366e-01	6.2896e-03	1.1755e-36	6.4296e-01	3.5704e-01	7.9151e-24	1.1755e-36	1.1755e-36	1.1755e-36	2.7367e-20	0.00e+00	0.00e+00	2.7767e+01
1.58366e+20	4.8612e+03	1.096e-22	1.0000e+01	4.0133e+00	1.8289e-09	5.9963e-01	4.0037e-01	1.0000e+00	3.2407e-09	1.1755e-36	1.1179e-13	5.3588e-05	9.9393e-01	6.0210e-03	1.1755e-36	6.5562e-01	3.4438e-01	7.5447e-24	1.1755e-36	1.1755e-36	1.1755e-36	2.8070e-20	0.00e+00	0.00e+00	2.8049e+01
1.58373e+20	4.7542e+03	1.048e-22	1.0000e+01	3.8859e+00	2.0383e-09	6.1243e-01	3.8757e-01	1.0000e+00	3.0926e-09	1.1755e-36	1.1483e-13	5.2143e-05	9.9418e-01	5.7669e-03	1.1755e-36	6.6784e-01	3.3216e-01	7.2006e-24	1.1755e-36	1.1755e-36	1.1755e-36	2.8650e-20	0.00e+00	0.00e+00	2.8320e+01
1.58380e+20	4.6491e+03	1.001e-22	1.0000e+01	3.7616e+00	2.2467e-09	6.2452e-01	3.7548e-01	1.0000e+00	2.9638e-09	1.1755e-36	1.1749e-13	5.0729e-05	9.9442e-01	5.5332e-03	1.1755e-36	6.7934e-01	3.2066e-01	6.8887e-24	1.1755e-36	1.1755e-36	1.1755e-36	2.9027e-20	0.00e+00	0.00e+00	2.8585e+01
1.58386e+20	4.5454e+03	9.569e-23	1.0000e+01	3.6415e+00	2.4542e-09	6.3651e-01	3.6349e-01	1.0000e+00	2.8414e-09	1.1755e-36	1.2006e-13	4.9367e-05	9.9464e-01	5.3070e-03	1.1755e-36	6.9067e-01	3.0933e-01	6.5885e-24	1.1755e-36	1.1755e-36	1.1755e-36	2.9317e-20	0.00e+00	0.00e+00	2.8855e+01
1.58393e+20	4.4317e+03	9.133e-23	1.0000e+01	3.5199e+00	2.6723e-09	6.4868e-01	3.5132e-01	1.0000e+00	2.7156e-09	1.1755e-36	1.2248e-13	4.8013e-05	9.9487e-01	5.0827e-03	1.1755e-36	7.0214e-01	2.9786e-01	6.2977e-24	1.1755e-36	1.1755e-36	1.1755e-36	2.9432e-20	0.00e+00	0.00e+00	2.9129e+01
1.58400e+20	4.3165e+03	8.713e-23	1.0000e+01	3.4003e+00	2.8796e-09	6.6064e-01	3.3936e-01	1.0000e+00	2.5938e-09	1.1755e-36	1.2466e-13	4.6692e-05	9.9509e-01	4.8675e-03	1.1755e-36	7.1334e-01	2.8666e-01	6.0222e-24	1.1755e-36	1.1755e-36	1.1755e-36	2.9347e-20	0.00e+00	0.00e+00	2.9400e+01
1.58406e+20	4.1971e+03	8.316e-23	1.0000e+01	3.2839e+00	3.0735e-09	6.7239e-01	3.2761e-01	1.0000e+00	2.4792e-09	1.1755e-36	1.2659e-13	4.5432e-05	9.9529e-01	4.6610e-03	1.1755e-36	7.2431e-01	2.7569e-01	5.7620e-24	1.1755e-36	1.1755e-36	1.1755e-36	2.9052e-20	0.00e+00	0.00e+00	2.9667e+01
1.58412e+20	4.0804e+03	7.936e-23	1.0000e+01	3.1708e+00	3.2372e-09	6.8369e-01	3.1631e-01	1.0000e+00	2.3722e-09	1.1755e-36	1.2819e-13	4.4213e-05	9.9549e-01	4.4668e-03	1.1755e-36	7.3481e-01	2.6519e-01	5.5184e-24	1.1755e-36	1.1755e-36	1.1755e-36	2.8545e-20	0.00e+00	0.00e+00	2.9931e+01
1.58418e+20	3.9617e+03	7.571e-23	1.0000e+01	3.0598e+00	3.3738e-09	6.9481e-01	3.0519e-01	1.0000e+00	2.2708e-09	1.1755e-36	1.2955e-13	4.3037e-05	9.9568e-01	4.2801e-03	1.1755e-36	7.4509e-01	2.5491e-01	5.2859e-24	1.1755e-36	1.1755e-36	1.1755e-36	2.7835e-20	0.00e+00	0.00e+00	3.0197e+01
###########################
5.53521e+14	5.7355e+03	3.207e-22	1.0000e+01	1.0870e+01	1.9852e-16	2.8561e-04	9.9971e-01	2.4796e-03	9.9361e-01	3.9132e-03	3.2534e-22	2.8807e-06	4.3793e-02	9.5391e-01	2.2912e-03	3.0229e-05	1.7788e-01	8.2024e-01	1.8449e-03	1.1755e-36	1.1755e-36	1.8924e-30	0.00e+00	0.00e+00	1.9960e-05
3.32113e+15	5.7338e+03	3.207e-22	1.0000e+01	1.0869e+01	1.9894e-16	2.8565e-04	9.9971e-01	2.4798e-03	9.9361e-01	3.9092e-03	3.2578e-22	2.8754e-06	4.3839e-02	9.5386e-01	2.2940e-03	3.0225e-05	1.7783e-01	8.2031e-01	1.8381e-03	1.1755e-36	1.1755e-36	1.8939e-30	0.00e+00	0.00e+00	9.9809e-05
1.43916e+16	5.7338e+03	3.207e-22	1.0000e+01	1.0869e+01	1.9899e-16	2.8565e-04	9.9971e-01	2.4796e-03	9.9364e-01	3.8834e-03	3.2621e-22	2.8849e-06	4.3901e-02	9.5381e-01	2.2899e-03	3.0220e-05	1.7776e-01	8.2040e-01	1.8108e-03	1.1755e-36	1.1755e-36	1.8941e-30	0.00e+00	0.00e+00	4.1921e-04
5.86732e+16	5.7302e+03	3.206e-22	1.0000e+01	1.0869e+01	1.9833e-16	2.8574e-04	9.9971e-01	2.4811e-03	9.9377e-01	3.7481e-03	3.2461e-22	2.9085e-06	4.3970e-02	9.5375e-01	2.2759e-03	3.0246e-05	1.7780e-01	8.2046e-01	1.7056e-03	1.1755e-36	1.1755e-36	1.8666e-30	0.00e+00	0.00e+00	1.6972e-03
1.40152e+17	5.7215e+03	3.201e-22	1.0000e+01	1.0869e+01	1.9971e-16	2.8531e-04	9.9971e-01	2.4800e-03	9.9386e-01	3.6632e-03	3.2406e-22	2.9277e-06	4.3967e-02	9.5377e-01	2.2642e-03	3.0193e-05	1.7763e-01	8.2078e-01	1.5610e-03	1.1755e-36	1.1755e-36	1.8634e-30	0.00e+00	0.00e+00	3.3561e-03
2.46073e+17	5.7125e+03	3.196e-22	1.0000e+01	1.0869e+01	2.0134e-16	2.8488e-04	9.9972e-01	2.4797e-03	9.9407e-01	3.4463e-03	3.2424e-22	2.9427e-06	4.3971e-02	9.5378e-01	2.2417e-03	3.0171e-05	1.7759e-01	8.2099e-01	1.3877e-03	1.1755e-36	1.1755e-36	1.8658e-30	0.00e+00	0.00e+00	5.5094e-03
3.83772e+17	5.7010e+03	3.190e-22	1.0000e+01	1.0869e+01	2.0300e-16	2.8447e-04	9.9972e-01	2.4804e-03	9.9442e-01	3.1038e-03	3.2420e-22	2.9387e-06	4.3985e-02	9.5380e-01	2.2089e-03	3.0188e-05	1.7774e-01	8.2105e-01	1.1877e-03	1.1755e-36	1.1755e-36	1.8622e-30	0.00e+00	0.00e+00	8.3047e-03
5.62780e+17	5.6871e+03	3.183e-22	1.0000e+01	1.0868e+01	2.0505e-16	2.8405e-04	9.9972e-01	2.4822e-03	9.9487e-01	2.6436e-03	3.2449e-22	2.9558e-06	4.4017e-02	9.5381e-01	2.1655e-03	3.0242e-05	1.7805e-01	8.2096e-01	9.6720e-04	1.1755e-36	1.1755e-36	1.8579e-30	0.00e+00	0.00e+00	1.1933e-02
7.95490e+17	5.6718e+03	3.174e-22	1.0000e+01	1.0868e+01	2.0584e-16	2.8355e-04	9.9972e-01	2.4845e-03	9.9542e-01	2.0941e-03	3.2289e-22	2.9718e-06	4.4058e-02	9.5383e-01	2.1137e-03	3.0342e-05	1.7860e-01	8.2063e-01	7.3830e-04	1.1755e-36	1.1755e-36	1.8277e-30	0.00e+00	0.00e+00	1.6642e-02
1.09801e+18	5.6527e+03	3.163e-22	1.0000e+01	1.0867e+01	2.0852e-16	2.8307e-04	9.9972e-01	2.4883e-03	9.9600e-01	1.5107e-03	3.2405e-22	2.9862e-06	4.4125e-02	9.5382e-01	2.0557e-03	3.0516e-05	1.7950e-01	8.1995e-01	5.1831e-04	1.1755e-36	1.1755e-36	1.8229e-30	0.00e+00	0.00e+00	2.2753e-02
1.49129e+18	5.6303e+03	3.151e-22	1.0000e+01	1.0867e+01	2.0955e-16	2.8256e-04	9.9972e-01	2.4934e-03	9.9654e-01	9.6814e-04	3.2255e-22	3.0003e-06	4.4222e-02	9.5378e-01	1.9961e-03	3.0770e-05	1.8076e-01	8.1888e-01	3.2694e-04	1.1755e-36	1.1755e-36	1.7799e-30	0.00e+00	0.00e+00	3.0683e-02
2.00256e+18	5.6031e+03	3.136e-22	1.0000e+01	1.0866e+01	2.1223e-16	2.8212e-04	9.9972e-01	2.5008e-03	9.9696e-01	5.3541e-04	3.2324e-22	3.0156e-06	4.4365e-02	9.5369e-01	1.9379e-03	3.1120e-05	1.8242e-01	8.1737e-01	1.8015e-04	1.1755e-36	1.1755e-36	1.7527e-30	0.00e+00	0.00e+00	4.0976e-02
2.66720e+18	5.5734e+03	3.117e-22	1.0000e+01	1.0866e+01	2.1577e-16	2.8165e-04	9.9972e-01	2.5103e-03	9.9724e-01	2.4725e-04	3.2545e-22	3.0372e-06	4.4556e-02	9.5356e-01	1.8827e-03	3.1560e-05	1.8442e-01	8.1547e-01	8.3900e-05	1.1755e-36	1.1755e-36	1.7344e-30	0.00e+00	0.00e+00	5.4334e-02
3.53124e+18	5.5354e+03	3.096e-22	1.0000e+01	1.0866e+01	2.2067e-16	2.8142e-04	9.9972e-01	2.5249e-03	9.9738e-01	9.1727e-05	3.2876e-22	3.0579e-06	4.4845e-02	9.5332e-01	1.8267e-03	3.2149e-05	1.8694e-01	8.1300e-01	3.1806e-05	1.1755e-36	1.1755e-36	1.7117e-30	0.00e+00	0.00e+00	7.1686e-02
4.65449e+18	5.4909e+03	3.072e-22	1.0000e+01	1.0866e+01	2.2638e-16	2.8145e-04	9.9972e-01	2.5460e-03	9.9743e-01	2.6250e-05	3.3300e-22	3.0874e-06	4.5255e-02	9.5298e-01	1.7655e-03	3.2922e-05	1.9010e-01	8.0986e-01	9.4387e-06	1.1755e-36	1.1755e-36	1.6802e-30	0.00e+00	0.00e+00	9.4246e-02
6.11471e+18	5.4399e+03	3.045e-22	1.0000e+01	1.0866e+01	2.3490e-16	2.8186e-04	9.9972e-01	2.5764e-03	9.9742e-01	5.5847e-06	3.4173e-22	3.1304e-06	4.5829e-02	9.5247e-01	1.6938e-03	3.3955e-05	1.9414e-01	8.0582e-01	2.1215e-06	1.1755e-36	1.1755e-36	1.6702e-30	0.00e+00	0.00e+00	1.2362e-01
8.01300e+18	5.3828e+03	3.013e-22	1.0000e+01	1.0865e+01	2.4048e-16	2.8288e-04	9.9972e-01	2.6202e-03	9.9738e-01	8.7120e-07	3.4733e-22	3.1921e-06	4.6637e-02	9.5175e-01	1.6071e-03	3.5356e-05	1.9942e-01	8.0055e-01	3.5724e-07	1.1755e-36	1.1755e-36	1.5957e-30	0.00e+00	0.00e+00	1.6194e-01
1.04808e+19	5.3212e+03	2.977e-22	1.0000e+01	1.0865e+01	2.5136e-16	2.8479e-04	9.9972e-01	2.6837e-03	9.9732e-01	1.0347e-07	3.6374e-22	3.2823e-06	4.7779e-02	9.5072e-01	1.5023e-03	3.7279e-05	2.0640e-01	7.9357e-01	1.1755e-36	1.1755e-36	1.1755e-36	1.5809e-30	0.00e+00	0.00e+00	2.1209e-01
1.36889e+19	5.2579e+03	2.936e-22	1.0000e+01	1.0865e+01	2.6231e-16	2.8804e-04	9.9971e-01	2.7765e-03	9.9722e-01	1.0139e-08	3.8626e-22	3.4155e-06	4.9407e-02	9.4921e-01	1.3767e-03	3.9965e-05	2.1577e-01	7.8419e-01	1.1755e-36	1.1755e-36	1.1755e-36	1.5565e-30	0.00e+00	0.00e+00	2.7803e-01
1.78594e+19	5.1985e+03	2.889e-22	1.0000e+01	1.0865e+01	2.7748e-16	2.9328e-04	9.9971e-01	2.9144e-03	9.9709e-01	8.5827e-10	4.2728e-22	3.6142e-06	5.1770e-02	9.4700e-01	1.2285e-03	4.3814e-05	2.2860e-01	7.7136e-01	1.1755e-36	1.1755e-36	1.1755e-36	1.5908e-30	0.00e+00	0.00e+00	3.6532e-01
2.12275e+19	5.1057e+03	2.843e-22	1.0000e+01	1.0865e+01	2.8236e-16	2.9412e-04	9.9971e-01	2.9985e-03	9.9700e-01	1.3510e-10	4.2474e-22	3.7219e-06	5.3308e-02	9.4556e-01	1.1242e-03	4.6458e-05	2.3813e-01	7.6183e-01	1.1755e-36	1.1755e-36	1.1755e-36	1.4002e-30	0.00e+00	0.00e+00	4.0286e-01
2.33503e+19	5.0913e+03	2.823e-22	1.0000e+01	1.0865e+01	2.8740e-16	2.9721e-04	9.9970e-01	3.0816e-03	9.9692e-01	5.0879e-11	4.4890e-22	3.8409e-06	5.4696e-02	9.4424e-01	1.0608e-03	4.8684e-05	2.4526e-01	7.5469e-01	1.1755e-36	1.1755e-36	1.1755e-36	1.4255e-30	0.00e+00	0.00e+00	4.4458e-01
2.56853e+19	5.0812e+03	2.803e-22	1.0000e+01	1.0864e+01	2.8885e-16	3.0089e-04	9.9970e-01	3.1804e-03	9.9682e-01	1.8722e-11	4.7303e-22	3.9820e-06	5.6323e-02	9.4268e-01	9.9489e-04	5.1302e-05	2.5346e-01	7.4649e-01	1.1755e-36	1.1755e-36	1.1755e-36	1.4244e-30	0.00e+00	0.00e+00	4.9105e-01
2.82538e+19	5.0766e+03	2.781e-22	1.0000e+01	1.0864e+01	2.9222e-16	3.0523e-04	9.9969e-01	3.2986e-03	9.9670e-01	6.7324e-12	5.0815e-22	4.1504e-06	5.8247e-02	9.4082e-01	9.2634e-04	5.4404e-05	2.6297e-01	7.3698e-01	1.1755e-36	1.1755e-36	1.1755e-36	1.4608e-30	0.00e+00	0.00e+00	5.4289e-01
3.10792e+19	5.0730e+03	2.761e-22	1.0000e+01	1.0864e+01	2.9984e-16	3.1061e-04	9.9969e-01	3.4441e-03	9.9656e-01	2.3647e-12	5.5965e-22	4.3574e-06	6.0588e-02	9.3855e-01	8.5451e-04	5.8193e-05	2.7427e-01	7.2567e-01	1.1755e-36	1.1755e-36	1.1755e-36	1.5464e-30	0.00e+00	0.00e+00	6.0093e-01
3.41871e+19	5.0845e+03	2.736e-22	1.0000e+01	1.0864e+01	3.0096e-16	3.1662e-04	9.9968e-01	3.6189e-03	9.9638e-01	8.1348e-13	6.1725e-22	4.6043e-06	6.3356e-02	9.3586e-01	7.8122e-04	6.2692e-05	2.8743e-01	7.1251e-01	1.1755e-36	1.1755e-36	1.1755e-36	1.6158e-30	0.00e+00	0.00e+00	6.6601e-01
3.76058e+19	5.1128e+03	2.708e-22	1.0000e+01	1.0863e+01	3.0011e-16	3.2343e-04	9.9968e-01	3.8348e-03	9.9617e-01	2.7475e-13	6.9521e-22	4.9049e-06	6.6693e-02	9.3260e-01	7.0682e-04	6.8126e-05	3.0298e-01	6.9696e-01	1.1755e-36	1.1755e-36	1.1755e-36	1.7291e-30	0.00e+00	0.00e+00	7.3914e-01
4.13664e+19	5.1497e+03	2.679e-22	1.0000e+01	1.0863e+01	2.9973e-16	3.3176e-04	9.9967e-01	4.1106e-03	9.9589e-01	9.1542e-14	8.0408e-22	5.2861e-06	7.0883e-02	9.2848e-01	6.3035e-04	7.4972e-05	3.2194e-01	6.7798e-01	1.1755e-36	1.1755e-36	1.1755e-36	1.8950e-30	0.00e+00	0.00e+00	8.2165e-01
4.55031e+19	5.1962e+03	2.651e-22	1.0000e+01	1.0862e+01	2.9955e-16	3.4203e-04	9.9966e-01	4.4708e-03	9.9553e-01	3.0560e-14	9.5878e-22	5.7771e-06	7.6249e-02	9.2319e-01	5.5221e-04	8.3780e-05	3.4546e-01	6.5446e-01	1.1755e-36	1.1755e-36	1.1755e-36	2.1272e-30	0.00e+00	0.00e+00	9.1522e-01
5.00534e+19	5.2791e+03	2.614e-22	1.0000e+01	1.0861e+01	2.9420e-16	3.5351e-04	9.9965e-01	4.9445e-03	9.9506e-01	1.0631e-14	1.1895e-21	6.4066e-06	8.3071e-02	9.1645e-01	4.7488e-04	9.4902e-05	3.7428e-01	6.2562e-01	1.1755e-36	1.1755e-36	1.1755e-36	2.5052e-30	0.00e+00	0.00e+00	1.0216e+00
5.50587e+19	5.3826e+03	2.576e-22	1.0000e+01	1.0861e+01	2.8265e-16	3.6762e-04	9.9963e-01	5.6107e-03	9.9439e-01	4.0977e-15	1.5204e-21	7.2633e-06	9.2285e-02	9.0731e-01	3.9736e-04	1.0975e-04	4.1106e-01	5.8883e-01	1.1755e-36	1.1755e-36	1.1755e-36	2.9555e-30	0.00e+00	0.00e+00	1.1433e+00
6.05646e+19	5.5210e+03	2.534e-22	1.0000e+01	1.0859e+01	2.7337e-16	3.8466e-04	9.9962e-01	6.5973e-03	9.9340e-01	1.8747e-15	2.1056e-21	8.4699e-06	1.0518e-01	8.9449e-01	3.2095e-04	1.2993e-04	4.5859e-01	5.4128e-01	1.1755e-36	1.1755e-36	1.1755e-36	3.8335e-30	0.00e+00	0.00e+00	1.2834e+00
6.59088e+19	5.6829e+03	2.490e-22	1.0000e+01	1.0857e+01	2.5320e-16	4.0172e-04	9.9960e-01	7.9580e-03	9.9204e-01	1.0640e-15	2.9092e-21	1.0018e-05	1.2175e-01	8.7798e-01	2.5612e-04	1.5442e-04	5.1463e-01	4.8522e-01	1.1755e-36	1.1755e-36	1.1755e-36	4.7840e-30	0.00e+00	0.00e+00	1.4082e+00
7.06835e+19	5.8509e+03	2.451e-22	1.0000e+01	1.0855e+01	2.3939e-16	4.1890e-04	9.9958e-01	9.8040e-03	9.9020e-01	7.2968e-16	4.1292e-21	1.1918e-05	1.4205e-01	8.5773e-01	2.0292e-04	1.8194e-04	5.7390e-01	4.2591e-01	1.1755e-36	1.1755e-36	1.1755e-36	6.2543e-30	0.00e+00	0.00e+00	1.5306e+00
7.44948e+19	6.0062e+03	2.419e-22	1.0000e+01	1.0853e+01	2.2156e-16	4.3250e-04	9.9957e-01	1.2073e-02	9.8793e-01	5.3628e-16	5.5224e-21	1.3981e-05	1.6426e-01	8.3556e-01	1.6507e-04	2.0866e-04	6.3072e-01	3.6907e-01	1.1755e-36	1.1755e-36	1.1755e-36	7.5473e-30	0.00e+00	0.00e+00	1.6123e+00
7.69614e+19	6.1146e+03	2.398e-22	1.0000e+01	1.0851e+01	2.1025e-16	4.4186e-04	9.9956e-01	1.4254e-02	9.8575e-01	4.5341e-16	6.8041e-21	1.5742e-05	1.8324e-01	8.1660e-01	1.4151e-04	2.2885e-04	6.7226e-01	3.2751e-01	1.1755e-36	1.1755e-36	1.1755e-36	8.5838e-30	0.00e+00	0.00e+00	1.6664e+00
7.87370e+19	6.1930e+03	2.384e-22	1.0000e+01	1.0848e+01	2.0561e-16	4.4938e-04	9.9955e-01	1.6394e-02	9.8361e-01	4.0414e-16	8.0921e-21	1.7296e-05	1.9991e-01	7.9995e-01	1.2473e-04	2.4490e-04	7.0367e-01	2.9608e-01	1.1755e-36	1.1755e-36	1.1755e-36	9.6919e-30	0.00e+00	0.00e+00	1.7121e+00
8.03472e+19	6.2637e+03	2.373e-22	1.0000e+01	1.0846e+01	2.0030e-16	4.5684e-04	9.9954e-01	1.8951e-02	9.8105e-01	3.5962e-16	9.4628e-21	1.8965e-05	2.1771e-01	7.8216e-01	1.0971e-04	2.6065e-04	7.3313e-01	2.6661e-01	1.1755e-36	1.1755e-36	1.1755e-36	1.0635e-29	0.00e+00	0.00e+00	1.7586e+00
8.19259e+19	6.3350e+03	2.362e-22	1.0000e+01	1.0843e+01	1.9693e-16	4.6437e-04	9.9954e-01	2.2326e-02	9.7767e-01	3.1504e-16	1.1218e-20	2.0910e-05	2.3832e-01	7.6156e-01	9.5457e-05	2.7725e-04	7.6349e-01	2.3624e-01	1.1755e-36	1.1755e-36	1.1755e-36	1.1891e-29	0.00e+00	0.00e+00	1.8039e+00
8.33518e+19	6.4014e+03	2.353e-22	1.0000e+01	1.0840e+01	1.9262e-16	4.7121e-04	9.9953e-01	2.6601e-02	9.7340e-01	2.7590e-16	1.3102e-20	2.2992e-05	2.6043e-01	7.3946e-01	8.2960e-05	2.9333e-04	7.9269e-01	2.0701e-01	1.1755e-36	1.1755e-36	1.1755e-36	1.2996e-29	0.00e+00	0.00e+00	1.8427e+00
8.45144e+19	6.4494e+03	2.346e-22	1.0000e+01	1.0835e+01	1.9067e-16	4.7719e-04	9.9952e-01	3.1462e-02	9.6854e-01	2.4556e-16	1.5031e-20	2.4989e-05	2.8212e-01	7.1778e-01	7.2794e-05	3.0764e-04	8.1802e-01	1.8167e-01	1.1755e-36	1.1755e-36	1.1755e-36	1.4026e-29	0.00e+00	0.00e+00	1.8735e+00
8.54443e+19	6.4912e+03	2.341e-22	1.0000e+01	1.0830e+01	1.8787e-16	4.8202e-04	9.9952e-01	3.6837e-02	9.6316e-01	2.2304e-16	1.6777e-20	2.6858e-05	3.0194e-01	6.9797e-01	6.4696e-05	3.1963e-04	8.3902e-01	1.6066e-01	1.1755e-36	1.1755e-36	1.1755e-36	1.4784e-29	0.00e+00	0.00e+00	1.8990e+00
8.62315e+19	6.5247e+03	2.336e-22	1.0000e+01	1.0825e+01	1.8743e-16	4.8628e-04	9.9951e-01	4.2976e-02	9.5702e-01	2.0373e-16	1.8631e-20	2.8621e-05	3.2083e-01	6.7908e-01	5.7804e-05	3.3030e-04	8.5736e-01	1.4231e-01	1.1755e-36	1.1755e-36	1.1755e-36	1.5726e-29	0.00e+00	0.00e+00	1.9216e+00
8.69308e+19	6.5535e+03	2.333e-22	1.0000e+01	1.0819e+01	1.8679e-16	4.9015e-04	9.9951e-01	5.0317e-02	9.4968e-01	1.8585e-16	2.0460e-20	3.0356e-05	3.3945e-01	6.6046e-01	5.1670e-05	3.4018e-04	8.7419e-01	1.2547e-01	1.1755e-36	1.1755e-36	1.1755e-36	1.6531e-29	0.00e+00	0.00e+00	1.9421e+00
8.75529e+19	6.5788e+03	2.330e-22	1.0000e+01	1.0811e+01	1.8568e-16	4.9359e-04	9.9951e-01	5.9183e-02	9.4082e-01	1.6916e-16	2.2220e-20	3.2051e-05	3.5768e-01	6.4224e-01	4.6205e-05	3.4932e-04	8.8974e-01	1.0991e-01	1.1755e-36	1.1755e-36	1.1755e-36	1.7165e-29	0.00e+00	0.00e+00	1.9602e+00
8.80914e+19	6.6002e+03	2.327e-22	1.0000e+01	1.0803e+01	1.8501e-16	4.9654e-04	9.9950e-01	6.9653e-02	9.3035e-01	1.5410e-16	2.3936e-20	3.3642e-05	3.7485e-01	6.2507e-01	4.1447e-05	3.5751e-04	9.0374e-01	9.5905e-02	1.1755e-36	1.1755e-36	1.1755e-36	1.7772e-29	0.00e+00	0.00e+00	1.9758e+00
8.85490e+19	6.6179e+03	2.324e-22	1.0000e+01	1.0792e+01	1.8512e-16	4.9899e-04	9.9950e-01	8.1735e-02	9.1827e-01	1.4076e-16	2.5611e-20	3.5087e-05	3.9052e-01	6.0941e-01	3.7361e-05	3.6468e-04	9.1607e-01	8.3568e-02	1.1755e-36	1.1755e-36	1.1755e-36	1.8424e-29	0.00e+00	0.00e+00	1.9890e+00
8.89405e+19	6.6288e+03	2.322e-22	1.0000e+01	1.0783e+01	1.8559e-16	5.0133e-04	9.9950e-01	9.5734e-02	9.0427e-01	1.2885e-16	2.7137e-20	3.6409e-05	4.0479e-01	5.9514e-01	3.3790e-05	3.7113e-04	9.2698e-01	7.2653e-02	1.1755e-36	1.1755e-36	1.1755e-36	1.8937e-29	0.00e+00	0.00e+00	2.0005e+00
8.92811e+19	6.6420e+03	2.317e-22	1.0000e+01	1.0766e+01	1.8542e-16	5.0275e-04	9.9950e-01	1.1181e-01	8.8819e-01	1.1728e-16	2.8518e-20	3.7540e-05	4.1760e-01	5.8233e-01	3.0682e-05	3.7648e-04	9.3667e-01	6.2953e-02	1.1755e-36	1.1755e-36	1.1755e-36	1.9390e-29	0.00e+00	0.00e+00	2.0106e+00
8.95821e+19	6.6492e+03	2.314e-22	1.0000e+01	1.0751e+01	1.8550e-16	5.0433e-04	9.9950e-01	1.3086e-01	8.6914e-01	1.0660e-16	2.9753e-20	3.8617e-05	4.2939e-01	5.7055e-01	2.7860e-05	3.8151e-04	9.4546e-01	5.4160e-02	1.1755e-36	1.1755e-36	1.1755e-36	1.9689e-29	0.00e+00	0.00e+00	2.0196e+00
8.98492e+19	6.6625e+03	2.308e-22	1.0000e+01	1.0736e+01	1.8396e-16	5.0523e-04	9.9949e-01	1.5327e-01	8.4673e-01	9.6496e-17	3.0781e-20	3.9556e-05	4.3990e-01	5.6004e-01	2.5342e-05	3.8572e-04	9.5340e-01	4.6218e-02	1.1755e-36	1.1755e-36	1.1755e-36	1.9846e-29	0.00e+00	0.00e+00	2.0276e+00
9.00837e+19	6.6566e+03	2.304e-22	1.0000e+01	1.0711e+01	1.8591e-16	5.0654e-04	9.9949e-01	1.7942e-01	8.2058e-01	8.6350e-17	3.1839e-20	4.0378e-05	4.4945e-01	5.5049e-01	2.3038e-05	3.8973e-04	9.6046e-01	3.9151e-02	1.1755e-36	1.1755e-36	1.1755e-36	2.0075e-29	0.00e+00	0.00e+00	2.0346e+00
9.02895e+19	6.6625e+03	2.294e-22	1.0000e+01	1.0682e+01	1.8557e-16	5.0663e-04	9.9949e-01	2.0911e-01	7.9089e-01	7.6291e-17	3.2655e-20	4.1008e-05	4.5737e-01	5.4257e-01	2.1029e-05	3.9252e-04	9.6662e-01	3.2983e-02	1.1755e-36	1.1755e-36	1.1755e-36	2.0203e-29	0.00e+00	0.00e+00	2.0408e+00
9.04731e+19	6.6726e+03	2.284e-22	1.0000e+01	1.0661e+01	1.8473e-16	5.0674e-04	9.9949e-01	2.4362e-01	7.5638e-01	6.7869e-17	3.3445e-20	4.1599e-05	4.6437e-01	5.3557e-01	1.9180e-05	3.9505e-04	9.7208e-01	2.7529e-02	1.1755e-36	1.1755e-36	1.1755e-36	2.0385e-29	0.00e+00	0.00e+00	2.0464e+00
9.06397e+19	6.6666e+03	2.274e-22	1.0000e+01	1.0631e+01	1.8594e-16	5.0720e-04	9.9949e-01	2.8391e-01	7.1609e-01	5.9228e-17	3.4115e-20	4.2089e-05	4.7065e-01	5.2929e-01	1.7435e-05	3.9745e-04	9.7689e-01	2.2708e-02	1.1755e-36	1.1755e-36	1.1755e-36	2.0423e-29	0.00e+00	0.00e+00	2.0514e+00
9.07910e+19	6.6620e+03	2.261e-22	1.0000e+01	1.0594e+01	1.8681e-16	5.0715e-04	9.9949e-01	3.3003e-01	6.6997e-01	5.0763e-17	3.4658e-20	4.2459e-05	4.7591e-01	5.2403e-01	1.5827e-05	3.9919e-04	9.8108e-01	1.8520e-02	1.1755e-36	1.1755e-36	1.1755e-36	2.0416e-29	0.00e+00	0.00e+00	2.0561e+00
9.09295e+19	6.6530e+03	2.245e-22	1.0000e+01	1.0553e+01	1.8841e-16	5.0699e-04	9.9949e-01	3.8237e-01	6.1763e-01	4.2616e-17	3.5135e-20	4.2733e-05	4.8035e-01	5.1960e-01	1.4321e-05	4.0055e-04	9.8467e-01	1.4932e-02	1.1755e-36	1.1755e-36	1.1755e-36	2.0394e-29	0.00e+00	0.00e+00	2.0603e+00
9.10587e+19	6.6449e+03	2.225e-22	1.0000e+01	1.0504e+01	1.8954e-16	5.0638e-04	9.9949e-01	4.4138e-01	5.5862e-01	3.4841e-17	3.5460e-20	4.2899e-05	4.8391e-01	5.1603e-01	1.2900e-05	4.0133e-04	9.8773e-01	1.1871e-02	1.1755e-36	1.1755e-36	1.1755e-36	2.0279e-29	0.00e+00	0.00e+00	2.0643e+00
9.11827e+19	6.6267e+03	2.204e-22	1.0000e+01	1.0450e+01	1.9228e-16	5.0604e-04	9.9949e-01	5.0792e-01	4.9208e-01	2.7230e-17	3.5754e-20	4.3009e-05	4.8699e-01	5.1295e-01	1.1510e-05	4.0204e-04	9.9033e-01	9.2652e-03	1.1755e-36	1.1755e-36	1.1755e-36	2.0131e-29	0.00e+00	0.00e+00	2.0682e+00
9.13045e+19	6.6109e+03	2.177e-22	1.0000e+01	1.0389e+01	1.9430e-16	5.0525e-04	9.9949e-01	5.8164e-01	4.1836e-01	2.0357e-17	3.5897e-20	4.3024e-05	4.8933e-01	5.1061e-01	1.0153e-05	4.0224e-04	9.9253e-01	7.0669e-03	1.1755e-36	1.1755e-36	1.1755e-36	1.9887e-29	0.00e+00	0.00e+00	2.0721e+00
9.14443e+19	6.5862e+03	2.142e-22	1.0000e+01	1.0303e+01	1.9701e-16	5.0397e-04	9.9950e-01	6.7102e-01	3.2898e-01	1.3765e-17	3.5819e-20	4.2898e-05	4.9113e-01	5.0882e-01	8.6134e-06	4.0189e-04	9.9453e-01	5.0661e-03	1.1755e-36	1.1755e-36	1.1755e-36	1.9409e-29	0.00e+00	0.00e+00	2.0771e+00
9.16005e+19	6.5609e+03	2.101e-22	1.0000e+01	1.0205e+01	1.9896e-16	5.0228e-04	9.9950e-01	7.6836e-01	2.3164e-01	7.6637e-18	3.5491e-20	4.2670e-05	4.9222e-01	5.0773e-01	7.0356e-06	4.0109e-04	9.9623e-01	3.3645e-03	1.1755e-36	1.1755e-36	1.1755e-36	1.8728e-29	0.00e+00	0.00e+00	2.0820e+00
9.17779e+19	6.5218e+03	2.067e-22	1.0000e+01	1.0129e+01	2.0441e-16	5.0272e-04	9.9950e-01	8.5960e-01	1.4040e-01	3.7427e-18	3.5449e-20	4.2580e-05	4.9359e-01	5.0636e-01	5.3659e-06	4.0169e-04	9.9752e-01	2.0829e-03	1.1755e-36	1.1755e-36	1.1755e-36	1.8264e-29	0.00e+00	0.00e+00	2.0884e+00
9.20085e+19	6.4907e+03	2.038e-22	1.0000e+01	1.0074e+01	2.0880e-16	5.0432e-04	9.9950e-01	9.3446e-01	6.5543e-02	1.2823e-18	3.5446e-20	4.2586e-05	4.9496e-01	5.0499e-01	3.6518e-06	4.0321e-04	9.9849e-01	1.1060e-03	1.1755e-36	1.1755e-36	1.1755e-36	1.7855e-29	0.00e+00	0.00e+00	2.0967e+00
9.23083e+19	6.4729e+03	2.019e-22	1.0000e+01	1.0028e+01	2.0768e-16	5.0621e-04	9.9949e-01	9.7737e-01	2.2625e-02	2.9410e-19	3.4797e-20	4.2578e-05	4.9587e-01	5.0409e-01	2.1572e-06	4.0496e-04	9.9911e-01	4.8779e-04	1.1755e-36	1.1755e-36	1.1755e-36	1.6893e-29	0.00e+00	0.00e+00	2.1075e+00
9.26980e+19	6.4677e+03	2.012e-22	1.0000e+01	1.0009e+01	2.0521e-16	5.0955e-04	9.9949e-01	9.9415e-01	5.8487e-03	4.6387e-20	3.4316e-20	4.2716e-05	4.9707e-01	5.0289e-01	1.0763e-06	4.0794e-04	9.9942e-01	1.7338e-04	1.1755e-36	1.1755e-36	1.1755e-36	1.6134e-29	0.00e+00	0.00e+00	2.1217e+00
9.32047e+19	6.4707e+03	2.013e-22	1.0000e+01	1.0004e+01	2.0499e-16	5.1430e-04	9.9949e-01	9.9882e-01	1.1786e-03	5.3945e-21	3.4459e-20	4.2972e-05	4.9867e-01	5.0129e-01	4.3917e-07	4.1211e-04	9.9954e-01	4.8183e-05	1.1755e-36	1.1755e-36	1.1755e-36	1.5978e-29	0.00e+00	0.00e+00	2.1403e+00
9.38633e+19	6.4808e+03	2.016e-22	1.0000e+01	1.0001e+01	2.0539e-16	5.2026e-04	9.9948e-01	9.9980e-01	2.0261e-04	5.4179e-22	3.4906e-20	4.3297e-05	5.0062e-01	4.9934e-01	1.3962e-07	4.1740e-04	9.9957e-01	1.0179e-05	1.1755e-36	1.1755e-36	1.1755e-36	1.6075e-29	0.00e+00	0.00e+00	2.1648e+00
9.47196e+19	6.4914e+03	2.022e-22	1.0000e+01	1.0004e+01	2.0752e-16	5.2866e-04	9.9947e-01	9.9996e-01	4.1003e-05	7.0782e-23	3.5735e-20	4.3767e-05	5.0338e-01	4.9658e-01	1.1755e-36	4.2479e-04	9.9957e-01	1.5982e-06	1.1755e-36	1.1755e-36	1.1755e-36	1.6399e-29	0.00e+00	0.00e+00	2.1971e+00
9.58327e+19	6.5035e+03	2.030e-22	1.0000e+01	1.0007e+01	2.1200e-16	5.3997e-04	9.9946e-01	9.9998e-01	1.7126e-05	2.1533e-23	3.7079e-20	4.4387e-05	5.0704e-01	4.9291e-01	1.1755e-36	4.3475e-04	9.9957e-01	1.8062e-07	1.1755e-36	1.1755e-36	1.1755e-36	1.7051e-29	0.00e+00	0.00e+00	2.2400e+00
9.72798e+19	6.5222e+03	2.040e-22	1.0000e+01	1.0007e+01	2.1911e-16	5.5496e-04	9.9945e-01	9.9999e-01	1.2296e-05	1.1775e-23	3.9172e-20	4.5180e-05	5.1174e-01	4.8821e-01	1.1755e-36	4.4806e-04	9.9955e-01	1.3623e-08	1.1755e-36	1.1755e-36	1.1755e-36	1.8221e-29	0.00e+00	0.00e+00	2.2973e+00
9.91610e+19	6.5447e+03	2.055e-22	1.0000e+01	1.0007e+01	2.3027e-16	5.7582e-04	9.9942e-01	9.9999e-01	9.8341e-06	6.9288e-24	4.2298e-20	4.6254e-05	5.1802e-01	4.8194e-01	1.1755e-36	4.6664e-04	9.9953e-01	6.0312e-10	1.1755e-36	1.1755e-36	1.1755e-36	2.0045e-29	0.00e+00	0.00e+00	2.3746e+00
1.01607e+20	6.5776e+03	2.073e-22	1.0000e+01	1.0007e+01	2.4655e-16	6.0479e-04	9.9940e-01	9.9999e-01	7.7798e-06	3.7373e-24	4.7036e-20	4.7670e-05	5.2631e-01	4.7364e-01	1.1755e-36	4.9271e-04	9.9951e-01	1.3135e-11	1.1755e-36	1.1755e-36	1.1755e-36	2.2967e-29	0.00e+00	0.00e+00	2.4802e+00
1.04786e+20	6.6223e+03	2.099e-22	1.0000e+01	1.0007e+01	2.7512e-16	6.4662e-04	9.9935e-01	9.9999e-01	5.9648e-06	1.7654e-24	5.5235e-20	4.9597e-05	5.3747e-01	4.6248e-01	1.1755e-36	5.3076e-04	9.9947e-01	1.1199e-13	1.1755e-36	1.1755e-36	1.1755e-36	2.8635e-29	0.00e+00	0.00e+00	2.6269e+00
1.08919e+20	6.6851e+03	2.136e-22	1.0000e+01	1.0006e+01	3.2433e-16	7.0945e-04	9.9929e-01	1.0000e+00	4.3645e-06	7.0240e-25	6.9874e-20	5.2248e-05	5.5264e-01	4.4730e-01	1.1755e-36	5.8876e-04	9.9941e-01	2.7987e-16	1.1755e-36	1.1755e-36	1.1755e-36	3.9969e-29	0.00e+00	0.00e+00	2.8362e+00
1.14292e+20	6.7723e+03	2.190e-22	1.0000e+01	1.0005e+01	4.1483e-16	8.0958e-04	9.9919e-01	1.0000e+00	3.0111e-06	2.2641e-25	9.8553e-20	5.5984e-05	5.7369e-01	4.2625e-01	1.1755e-36	6.8308e-04	9.9932e-01	2.3001e-19	1.1755e-36	1.1755e-36	1.1755e-36	6.5627e-29	0.00e+00	0.00e+00	3.1466e+00
1.21276e+20	6.8976e+03	2.272e-22	1.0000e+01	1.0003e+01	5.9997e-16	9.8359e-04	9.9902e-01	1.0000e+00	1.9185e-06	1.1755e-36	1.6402e-19	6.1357e-05	6.0356e-01	3.9638e-01	1.1755e-36	8.5192e-04	9.9915e-01	3.4576e-20	1.1755e-36	1.1755e-36	1.1755e-36	1.3738e-28	0.00e+00	0.00e+00	3.6370e+00
1.28419e+20	7.0597e+03	2.383e-22	1.0000e+01	1.0000e+01	9.3487e-16	1.2551e-03	9.9874e-01	1.0000e+00	1.1818e-06	1.1755e-36	3.0272e-19	6.7518e-05	6.3686e-01	3.6308e-01	1.1755e-36	1.1247e-03	9.9888e-01	1.3624e-20	1.1755e-36	1.1755e-36	1.1755e-36	3.3458e-28	0.00e+00	0.00e+00	4.1433e+00
1.33521e+20	7.2020e+03	2.489e-22	1.0000e+01	9.9969e+00	1.3920e-15	1.5664e-03	9.9843e-01	1.0000e+00	8.3698e-07	1.1755e-36	5.2103e-19	7.2620e-05	6.6421e-01	3.3571e-01	1.1755e-36	1.4489e-03	9.9855e-01	7.3327e-21	1.1755e-36	1.1755e-36	1.1755e-36	7.3560e-28	0.00e+00	0.00e+00	4.5206e+00
1.36611e+20	7.2959e+03	2.567e-22	1.0000e+01	9.9944e+00	1.8605e-15	1.8396e-03	9.9816e-01	1.0000e+00	6.8671e-07	1.1755e-36	7.6775e-19	7.6102e-05	6.8314e-01	3.1679e-01	1.1755e-36	1.7411e-03	9.9826e-01	5.1915e-21	1.1755e-36	1.1755e-36	1.1755e-36	1.2867e-27	0.00e+00	0.00e+00	4.7953e+00
1.38790e+20	7.3599e+03	2.626e-22	1.0000e+01	9.9921e+00	2.3458e-15	2.0870e-03	9.9791e-01	1.0000e+00	5.9994e-07	1.1755e-36	1.0389e-18	7.8698e-05	6.9796e-01	3.0196e-01	1.1755e-36	2.0108e-03	9.9799e-01	4.9591e-21	1.1755e-36	1.1755e-36	1.1755e-36	1.9844e-27	0.00e+00	0.00e+00	5.0579e+00
1.41081e+20	7.4296e+03	2.691e-22	1.0000e+01	9.9893e+00	3.0822e-15	2.4126e-03	9.9759e-01	1.0000e+00	5.1547e-07	1.1755e-36	1.4778e-18	8.1695e-05	7.1518e-01	2.8474e-01	1.1755e-36	2.3720e-03	9.9763e-01	5.7276e-21	1.1755e-36	1.1755e-36	1.1755e-36	3.2929e-27	0.00e+00	0.00e+00	5.4525e+00
1.43514e+20	7.5097e+03	2.771e-22	1.0000e+01	9.9854e+00	4.2719e-15	2.8739e-03	9.9713e-01	1.0000e+00	4.2029e-07	1.1755e-36	2.2386e-18	8.5006e-05	7.3445e-01	2.6546e-01	1.1755e-36	2.8921e-03	9.9711e-01	3.3517e-21	1.1755e-36	1.1755e-36	1.1755e-36	5.9807e-27	0.00e+00	0.00e+00	5.8652e+00
1.45435e+20	7.5706e+03	2.847e-22	1.0000e+01	9.9806e+00	5.8206e-15	3.3842e-03	9.9662e-01	1.0000e+00	3.5450e-07	1.1755e-36	3.2757e-18	8.7896e-05	7.5136e-01	2.4855e-01	1.1755e-36	3.4762e-03	9.9652e-01	3.8590e-21	1.1755e-36	1.1755e-36	1.1755e-36	1.0324e-26	0.00e+00	0.00e+00	6.2003e+00
1.46790e+20	7.6224e+03	2.903e-22	1.0000e+01	9.9740e+00	7.4480e-15	3.8564e-03	9.9614e-01	1.0000e+00	3.1431e-07	1.1755e-36	4.4391e-18	9.0106e-05	7.6439e-01	2.3552e-01	1.1755e-36	4.0240e-03	9.9598e-01	8.7539e-21	1.1755e-36	1.1755e-36	1.1755e-36	1.5996e-26	0.00e+00	0.00e+00	6.4780e+00
1.47876e+20	7.6574e+03	2.953e-22	1.0000e+01	9.9690e+00	9.3067e-15	4.3306e-03	9.9567e-01	1.0000e+00	2.8513e-07	1.1755e-36	5.7961e-18	9.1972e-05	7.7586e-01	2.2405e-01	1.1755e-36	4.5789e-03	9.9542e-01	1.8075e-20	1.1755e-36	1.1755e-36	1.1755e-36	2.3438e-26	0.00e+00	0.00e+00	6.7603e+00
1.49063e+20	7.6914e+03	3.011e-22	1.0000e+01	9.9623e+00	1.2222e-14	4.9782e-03	9.9502e-01	1.0000e+00	2.5508e-07	1.1755e-36	7.9830e-18	9.4156e-05	7.8961e-01	2.1030e-01	1.1755e-36	5.3431e-03	9.9466e-01	1.9867e-20	1.1755e-36	1.1755e-36	1.1755e-36	3.7058e-26	0.00e+00	0.00e+00	7.1822e+00
1.50288e+20	7.7220e+03	3.080e-22	1.0000e+01	9.9562e+00	1.6844e-14	5.8615e-03	9.9414e-01	1.0000e+00	2.1834e-07	1.1755e-36	1.1535e-17	9.6503e-05	8.0457e-01	1.9534e-01	1.1755e-36	6.3935e-03	9.9361e-01	1.0068e-20	1.1755e-36	1.1755e-36	1.1755e-36	6.2763e-26	0.00e+00	0.00e+00	7.5921e+00
1.51223e+20	7.7457e+03	3.139e-22	1.0000e+01	9.9480e+00	2.2410e-14	6.7743e-03	9.9323e-01	1.0000e+00	1.9308e-07	1.1755e-36	1.5938e-17	9.8458e-05	8.1706e-01	1.8284e-01	1.1755e-36	7.4874e-03	9.9251e-01	1.1841e-20	1.1755e-36	1.1755e-36	1.1755e-36	9.9806e-26	0.00e+00	0.00e+00	7.9184e+00
1.51904e+20	7.7618e+03	3.183e-22	1.0000e+01	9.9357e+00	2.8329e-14	7.6218e-03	9.9238e-01	1.0000e+00	1.7657e-07	1.1755e-36	2.0710e-17	9.9959e-05	8.2692e-01	1.7298e-01	1.1755e-36	8.5090e-03	9.9149e-01	1.6183e-20	1.1755e-36	1.1755e-36	1.1755e-36	1.4539e-25	0.00e+00	0.00e+00	8.2069e+00
1.52500e+20	7.7688e+03	3.226e-22	1.0000e+01	9.9264e+00	3.5664e-14	8.5393e-03	9.9146e-01	1.0000e+00	1.6238e-07	1.1755e-36	2.6634e-17	1.0136e-04	8.3627e-01	1.6363e-01	1.1755e-36	9.6190e-03	9.9038e-01	1.6988e-20	1.1755e-36	1.1755e-36	1.1755e-36	2.0860e-25	0.00e+00	0.00e+00	8.5256e+00
1.53180e+20	7.7699e+03	3.278e-22	1.0000e+01	9.9133e+00	4.7867e-14	9.8560e-03	9.9014e-01	1.0000e+00	1.4641e-07	1.1755e-36	3.6526e-17	1.0307e-04	8.4783e-01	1.5207e-01	1.1755e-36	1.1218e-02	9.8878e-01	1.3935e-20	1.1755e-36	1.1755e-36	1.1755e-36	3.2811e-25	0.00e+00	0.00e+00	9.0038e+00
1.53878e+20	7.7645e+03	3.339e-22	1.0000e+01	9.8953e+00	6.7736e-14	1.1660e-02	9.8834e-01	1.0000e+00	1.2596e-07	1.1755e-36	5.2656e-17	1.0489e-04	8.6027e-01	1.3962e-01	1.1755e-36	1.3417e-02	9.8658e-01	8.4492e-21	1.1755e-36	1.1755e-36	1.1755e-36	5.5505e-25	0.00e+00	0.00e+00	9.4665e+00
1.54414e+20	7.7518e+03	3.392e-22	1.0000e+01	9.8773e+00	9.2927e-14	1.3565e-02	9.8643e-01	1.0000e+00	1.1185e-07	1.1755e-36	7.2996e-17	1.0640e-04	8.7079e-01	1.2911e-01	1.1755e-36	1.5746e-02	9.8425e-01	6.7228e-21	1.1755e-36	1.1755e-36	1.1755e-36	8.8806e-25	0.00e+00	0.00e+00	9.8469e+00
1.54821e+20	7.7345e+03	3.434e-22	1.0000e+01	9.8572e+00	1.2236e-13	1.5449e-02	9.8455e-01	1.0000e+00	1.0204e-07	1.1755e-36	9.6490e-17	1.0760e-04	8.7945e-01	1.2045e-01	1.1755e-36	1.8055e-02	9.8195e-01	5.6243e-21	1.1755e-36	1.1755e-36	1.1755e-36	1.3270e-24	0.00e+00	0.00e+00	1.0207e+01
1.55245e+20	7.7141e+03	3.477e-22	1.0000e+01	9.8317e+00	1.6834e-13	1.7960e-02	9.8204e-01	1.0000e+00	9.2482e-08	1.1755e-36	1.3319e-16	1.0888e-04	8.8923e-01	1.1067e-01	1.1755e-36	2.1137e-02	9.7886e-01	4.3785e-21	1.1755e-36	1.1755e-36	1.1755e-36	2.1120e-24	0.00e+00	0.00e+00	1.0751e+01
1.55708e+20	7.6625e+03	3.535e-22	1.0000e+01	9.7942e+00	2.5523e-13	2.1717e-02	9.7828e-01	1.0000e+00	7.8709e-08	1.1755e-36	1.9920e-16	1.1037e-04	9.0051e-01	9.9376e-02	1.1755e-36	2.5752e-02	9.7425e-01	2.6044e-21	1.1755e-36	1.1755e-36	1.1755e-36	3.7702e-24	0.00e+00	0.00e+00	1.1363e+01
1.56111e+20	7.6096e+03	3.587e-22	1.0000e+01	9.7470e+00	3.9315e-13	2.6457e-02	9.7354e-01	1.0000e+00	6.7315e-08	1.1755e-36	3.0164e-16	1.1165e-04	9.1124e-01	8.8653e-02	1.1755e-36	3.1579e-02	9.6842e-01	1.5431e-21	1.1755e-36	1.1755e-36	1.1755e-36	6.8640e-24	0.00e+00	0.00e+00	1.1963e+01
1.56430e+20	7.5538e+03	3.627e-22	1.0000e+01	9.6927e+00	5.9318e-13	3.1875e-02	9.6812e-01	1.0000e+00	5.8333e-08	1.1755e-36	4.4491e-16	1.1261e-04	9.2052e-01	7.9363e-02	1.1755e-36	3.8238e-02	9.6176e-01	9.5169e-22	1.1755e-36	1.1755e-36	1.1755e-36	1.2040e-23	0.00e+00	0.00e+00	1.2526e+01
1.56688e+20	7.4936e+03	3.665e-22	1.0000e+01	9.6495e+00	8.8108e-13	3.8061e-02	9.6194e-01	1.0000e+00	5.1185e-08	1.1755e-36	6.4356e-16	1.1350e-04	9.2874e-01	7.1144e-02	1.1755e-36	4.5830e-02	9.5417e-01	6.0467e-22	1.1755e-36	1.1755e-36	1.1755e-36	2.0565e-23	0.00e+00	0.00e+00	1.3092e+01
1.56913e+20	7.4333e+03	3.687e-22	1.0000e+01	9.5853e+00	1.3105e-12	4.5457e-02	9.5454e-01	1.0000e+00	4.4780e-08	1.1755e-36	9.2859e-16	1.1408e-04	9.3631e-01	6.3575e-02	1.1755e-36	5.4892e-02	9.4511e-01	3.9769e-22	1.1755e-36	1.1755e-36	1.1755e-36	3.5014e-23	0.00e+00	0.00e+00	1.3706e+01
1.57120e+20	7.3674e+03	3.697e-22	1.0000e+01	9.5014e+00	2.0059e-12	5.4954e-02	9.4505e-01	1.0000e+00	3.8656e-08	1.1755e-36	1.3702e-15	1.1439e-04	9.4371e-01	5.6172e-02	1.1755e-36	6.6496e-02	9.3350e-01	2.6531e-22	1.1755e-36	1.1755e-36	1.1755e-36	6.1632e-23	0.00e+00	0.00e+00	1.4404e+01
1.57314e+20	7.2970e+03	3.677e-22	1.0000e+01	9.3627e+00	3.1726e-12	6.7380e-02	9.3262e-01	1.0000e+00	3.2807e-08	1.1755e-36	2.0693e-15	1.1399e-04	9.5087e-01	4.9021e-02	1.1755e-36	8.1620e-02	9.1838e-01	1.8161e-22	1.1755e-36	1.1755e-36	1.1755e-36	1.1212e-22	0.00e+00	0.00e+00	1.5193e+01
1.57487e+20	7.2197e+03	3.637e-22	1.0000e+01	9.2022e+00	5.1872e-12	8.3754e-02	9.1625e-01	1.0000e+00	2.7403e-08	1.1755e-36	3.2057e-15	1.1327e-04	9.5772e-01	4.2165e-02	1.1755e-36	1.0142e-01	8.9858e-01	1.2806e-22	1.1755e-36	1.1755e-36	1.1755e-36	2.1204e-22	0.00e+00	0.00e+00	1.6049e+01
1.57633e+20	7.1433e+03	3.564e-22	1.0000e+01	9.0044e+00	8.4549e-12	1.0390e-01	8.9610e-01	1.0000e+00	2.2776e-08	1.1755e-36	4.9247e-15	1.1194e-04	9.6376e-01	3.6131e-02	1.1755e-36	1.2558e-01	8.7442e-01	9.4685e-23	1.1755e-36	1.1755e-36	1.1755e-36	3.9634e-22	0.00e+00	0.00e+00	1.6894e+01
1.57748e+20	7.0668e+03	3.462e-22	1.0000e+01	8.7768e+00	1.3344e-11	1.2673e-01	8.7327e-01	1.0000e+00	1.9206e-08	1.1755e-36	7.2828e-15	1.1005e-04	9.6874e-01	3.1153e-02	1.1755e-36	1.5271e-01	8.4729e-01	7.3201e-23	1.1755e-36	1.1755e-36	1.1755e-36	7.0034e-22	0.00e+00	0.00e+00	1.7702e+01
1.57840e+20	6.9861e+03	3.336e-22	1.0000e+01	8.5247e+00	2.0459e-11	1.5206e-01	8.4794e-01	1.0000e+00	1.6410e-08	1.1755e-36	1.0383e-14	1.0771e-04	9.7287e-01	2.7020e-02	1.1755e-36	1.8247e-01	8.1753e-01	5.8329e-23	1.1755e-36	1.1755e-36	1.1755e-36	1.1716e-21	0.00e+00	0.00e+00	1.8507e+01
1.57919e+20	6.8993e+03	3.172e-22	1.0000e+01	8.2056e+00	3.0860e-11	1.8040e-01	8.1960e-01	1.0000e+00	1.4010e-08	1.1755e-36	1.4360e-14	1.0445e-04	9.7638e-01	2.3514e-02	1.1755e-36	2.1535e-01	7.8465e-01	4.7252e-23	1.1755e-36	1.1755e-36	1.1755e-36	1.8664e-21	0.00e+00	0.00e+00	1.9354e+01
1.57990e+20	6.7910e+03	2.987e-22	1.0000e+01	7.8684e+00	4.7493e-11	2.1432e-01	7.8568e-01	1.0000e+00	1.1897e-08	1.1755e-36	1.9886e-14	1.0091e-04	9.7964e-01	2.0259e-02	1.1755e-36	2.5414e-01	7.4586e-01	3.8125e-23	1.1755e-36	1.1755e-36	1.1755e-36	2.9765e-21	0.00e+00	0.00e+00	2.0273e+01
1.58054e+20	6.6600e+03	2.769e-22	1.0000e+01	7.4732e+00	7.3924e-11	2.5358e-01	7.4642e-01	1.0000e+00	1.0029e-08	1.1755e-36	2.7140e-14	9.6587e-05	9.8254e-01	1.7364e-02	1.1755e-36	2.9829e-01	7.0171e-01	3.0721e-23	1.1755e-36	1.1755e-36	1.1755e-36	4.6236e-21	0.00e+00	0.00e+00	2.1221e+01
1.58106e+20	6.5168e+03	2.547e-22	1.0000e+01	7.0673e+00	1.1189e-10	2.9415e-01	7.0585e-01	1.0000e+00	8.4886e-09	1.1755e-36	3.5482e-14	9.2035e-05	9.8489e-01	1.5022e-02	1.1755e-36	3.4307e-01	6.5693e-01	2.5171e-23	1.1755e-36	1.1755e-36	1.1755e-36	6.7197e-21	0.00e+00	0.00e+00	2.2054e+01
1.58144e+20	6.3825e+03	2.357e-22	1.0000e+01	6.7122e+00	1.5717e-10	3.2962e-01	6.7038e-01	1.0000e+00	7.4521e-09	1.1755e-36	4.3363e-14	8.7981e-05	9.8657e-01	1.3342e-02	1.1755e-36	3.8156e-01	6.1844e-01	2.1437e-23	1.1755e-36	1.1755e-36	1.1755e-36	8.8409e-21	0.00e+00	0.00e+00	2.2703e+01
1.58171e+20	6.2642e+03	2.204e-22	1.0000e+01	6.4227e+00	2.0555e-10	3.5860e-01	6.4140e-01	1.0000e+00	6.8095e-09	1.1755e-36	5.0136e-14	8.4639e-05	9.8776e-01	1.2154e-02	1.1755e-36	4.1255e-01	5.8745e-01	1.8935e-23	1.1755e-36	1.1755e-36	1.1755e-36	1.0739e-20	0.00e+00	0.00e+00	2.3238e+01
1.58193e+20	6.1516e+03	2.071e-22	1.0000e+01	6.1639e+00	2.6006e-10	3.8443e-01	6.1557e-01	1.0000e+00	6.3086e-09	1.1755e-36	5.6373e-14	8.1629e-05	9.8871e-01	1.1204e-02	1.1755e-36	4.3984e-01	5.6016e-01	1.7024e-23	1.1755e-36	1.1755e-36	1.1755e-36	1.2525e-20	0.00e+00	0.00e+00	2.3746e+01
1.58214e+20	6.0328e+03	1.941e-22	1.0000e+01	5.9073e+00	3.2769e-10	4.1001e-01	5.8999e-01	1.0000e+00	5.8279e-09	1.1755e-36	6.2701e-14	7.8626e-05	9.8957e-01	1.0351e-02	1.1755e-36	4.6656e-01	5.3344e-01	1.5369e-23	1.1755e-36	1.1755e-36	1.1755e-36	1.4356e-20	0.00e+00	0.00e+00	2.4263e+01
1.58233e+20	5.9071e+03	1.815e-22	1.0000e+01	5.6509e+00	4.1236e-10	4.3554e-01	5.6446e-01	1.0000e+00	5.3621e-09	1.1755e-36	6.9131e-14	7.5608e-05	9.9035e-01	9.5742e-03	1.1755e-36	4.9292e-01	5.0708e-01	1.3914e-23	1.1755e-36	1.1755e-36	1.1755e-36	1.6223e-20	0.00e+00	0.00e+00	2.4768e+01
1.58250e+20	5.7778e+03	1.699e-22	1.0000e+01	5.4079e+00	5.1482e-10	4.5999e-01	5.4001e-01	1.0000e+00	4.9527e-09	1.1755e-36	7.5402e-14	7.2743e-05	9.9104e-01	8.8898e-03	1.1755e-36	5.1789e-01	4.8211e-01	1.2675e-23	1.1755e-36	1.1755e-36	1.1755e-36	1.8044e-20	0.00e+00	0.00e+00	2.5238e+01
1.58266e+20	5.6514e+03	1.593e-22	1.0000e+01	5.1813e+00	6.3276e-10	4.8265e-01	5.1735e-01	1.0000e+00	4.6143e-09	1.1755e-36	8.1263e-14	7.0057e-05	9.9163e-01	8.3008e-03	1.1755e-36	5.4080e-01	4.5920e-01	1.1641e-23	1.1755e-36	1.1755e-36	1.1755e-36	1.9731e-20	0.00e+00	0.00e+00	2.5678e+01
1.58279e+20	5.5247e+03	1.496e-22	1.0000e+01	4.9683e+00	7.6982e-10	5.0394e-01	4.9606e-01	1.0000e+00	4.3192e-09	1.1755e-36	8.6822e-14	6.7527e-05	9.9215e-01	7.7823e-03	1.1755e-36	5.6213e-01	4.3787e-01	1.0757e-23	1.1755e-36	1.1755e-36	1.1755e-36	2.1318e-20	0.00e+00	0.00e+00	2.6097e+01
1.58292e+20	5.3971e+03	1.407e-22	1.0000e+01	4.7650e+00	9.2927e-10	5.2429e-01	4.7571e-01	1.0000e+00	4.0510e-09	1.1755e-36	9.2179e-14	6.5108e-05	9.9262e-01	7.3154e-03	1.1755e-36	5.8233e-01	4.1767e-01	9.9804e-24	1.1755e-36	1.1755e-36	1.1755e-36	2.2837e-20	0.00e+00	0.00e+00	2.6505e+01
1.58304e+20	5.2672e+03	1.323e-22	1.0000e+01	4.5696e+00	1.1144e-09	5.4386e-01	4.5614e-01	1.0000e+00	3.8023e-09	1.1755e-36	9.7386e-14	6.2781e-05	9.9305e-01	6.8904e-03	1.1755e-36	6.0159e-01	3.9841e-01	9.2904e-24	1.1755e-36	1.1755e-36	1.1755e-36	2.4308e-20	0.00e+00	0.00e+00	2.6901e+01
1.58314e+20	5.1603e+03	1.258e-22	1.0000e+01	4.4146e+00	1.2849e-09	5.5934e-01	4.4066e-01	1.0000e+00	3.5689e-09	1.1755e-36	1.0154e-13	6.0934e-05	9.9337e-01	6.5702e-03	1.1755e-36	6.1671e-01	3.8329e-01	8.7792e-24	1.1755e-36	1.1755e-36	1.1755e-36	2.5478e-20	0.00e+00	0.00e+00	2.7170e+01
1.58321e+20	5.0761e+03	1.210e-22	1.0000e+01	4.2979e+00	1.4300e-09	5.7101e-01	4.2899e-01	1.0000e+00	3.4627e-09	1.1755e-36	1.0469e-13	5.9546e-05	9.9360e-01	6.3370e-03	1.1755e-36	6.2803e-01	3.7197e-01	8.4136e-24	1.1755e-36	1.1755e-36	1.1755e-36	2.6368e-20	0.00e+00	0.00e+00	2.7397e+01
1.58327e+20	4.9925e+03	1.164e-22	1.0000e+01	4.1864e+00	1.5840e-09	5.8244e-01	4.1756e-01	1.0000e+00	3.3497e-09	1.1755e-36	1.0784e-13	5.8221e-05	9.9383e-01	6.1131e-03	1.1755e-36	6.3910e-01	3.6090e-01	8.0674e-24	1.1755e-36	1.1755e-36	1.1755e-36	2.7263e-20	0.00e+00	0.00e+00	2.7646e+01
1.58334e+20	4.8894e+03	1.115e-22	1.0000e+01	4.0588e+00	1.7744e-09	5.9501e-01	4.0499e-01	1.0000e+00	3.1952e-09	1.1755e-36	1.1091e-13	5.6718e-05	9.9408e-01	5.8652e-03	1.1755e-36	6.5120e-01	3.4880e-01	7.7093e-24	1.1755e-36	1.1755e-36	1.1755e-36	2.7926e-20	0.00e+00	0.00e+00	2.7924e+01
1.58342e+20	4.7810e+03	1.065e-22	1.0000e+01	3.9289e+00	1.9858e-09	6.0811e-01	3.9189e-01	1.0000e+00	3.0232e-09	1.1755e-36	1.1407e-13	5.5194e-05	9.9433e-01	5.6134e-03	1.1755e-36	6.6375e-01	3.3625e-01	7.3500e-24	1.1755e-36	1.1755e-36	1.1755e-36	2.8568e-20	0.00e+00	0.00e+00	2.8205e+01
1.58349e+20	4.6784e+03	1.017e-22	1.0000e+01	3.8019e+00	2.1914e-09	6.2047e-01	3.7953e-01	1.0000e+00	2.8594e-09	1.1755e-36	1.1684e-13	5.3690e-05	9.9456e-01	5.3826e-03	1.1755e-36	6.7550e-01	3.2450e-01	7.0230e-24	1.1755e-36	1.1755e-36	1.1755e-36	2.9005e-20	0.00e+00	0.00e+00	2.8474e+01
1.58356e+20	4.5690e+03	9.716e-23	1.0000e+01	3.6791e+00	2.4098e-09	6.3276e-01	3.6724e-01	1.0000e+00	2.6814e-09	1.1755e-36	1.1953e-13	5.2261e-05	9.9479e-01	5.1584e-03	1.1755e-36	6.8715e-01	3.1285e-01	6.7129e-24	1.1755e-36	1.1755e-36	1.1755e-36	2.9341e-20	0.00e+00	0.00e+00	2.8745e+01
1.58362e+20	4.4579e+03	9.279e-23	1.0000e+01	3.5582e+00	2.6263e-09	6.4485e-01	3.5515e-01	1.0000e+00	2.3345e-09	1.1755e-36	1.2199e-13	5.0862e-05	9.9501e-01	4.9432e-03	1.1755e-36	6.9855e-01	3.0145e-01	6.4191e-24	1.1755e-36	1.1755e-36	1.1755e-36	2.9508e-20	0.00e+00	0.00e+00	2.9014e+01
1.58369e+20	4.3449e+03	8.859e-23	1.0000e+01	3.4394e+00	2.8350e-09	6.5673e-01	3.4327e-01	1.0000e+00	2.4369e-09	1.1755e-36	1.2422e-13	4.9499e-05	9.9521e-01	4.7367e-03	1.1755e-36	7.0970e-01	2.9030e-01	6.1408e-24	1.1755e-36	1.1755e-36	1.1755e-36	2.9484e-20	0.00e+00	0.00e+00	2.9282e+01
1.58375e+20	4.2263e+03	8.456e-23	1.0000e+01	3.3224e+00	3.0346e-09	6.6854e-01	3.3146e-01	1.0000e+00	2.3806e-09	1.1755e-36	1.2623e-13	4.8181e-05	9.9542e-01	4.5361e-03	1.1755e-36	7.2075e-01	2.7925e-01	5.8748e-24	1.1755e-36	1.1755e-36	1.1755e-36	2.9255e-20	0.00e+00	0.00e+00	2.9551e+01
1.58381e+20	4.1096e+03	8.069e-23	1.0000e+01	3.2081e+00	3.2065e-09	6.7997e-01	3.2003e-01	1.0000e+00	2.3012e-09	1.1755e-36	1.2793e-13	4.6901e-05	9.9561e-01	4.3465e-03	1.1755e-36	7.3138e-01	2.6862e-01	5.6248e-24	1.1755e-36	1.1755e-36	1.1755e-36	2.8808e-20	0.00e+00	0.00e+00	2.9816e+01
1.58388e+20	3.9913e+03	7.698e-23	1.0000e+01	3.0960e+00	3.3518e-09	6.9118e-01	3.0882e-01	1.0000e+00	2.2166e-09	1.1755e-36	1.2937e-13	4.5666e-05	9.9579e-01	4.1646e-03	1.1755e-36	7.4176e-01	2.5824e-01	5.3870e-24	1.1755e-36	1.1755e-36	1.1755e-36	2.8155e-20	0.00e+00	0.00e+00	3.0082e+01
###########################
5.53521e+14	5.7355e+03	3.207e-22	1.0000e+01	1.0870e+01	1.9847e-16	2.8561e-04	9.9971e-01	2.4796e-03	9.9361e-01	3.9132e-03	3.2525e-22	2.8807e-06	4.3793e-02	9.5391e-01	2.2912e-03	3.0229e-05	1.7788e-01	8.2024e-01	1.8449e-03	1.1755e-36	1.1755e-36	1.8915e-30	0.00e+00	0.00e+00	1.9960e-05
3.32113e+15	5.7338e+03	3.207e-22	1.0000e+01	1.0869e+01	1.9889e-16	2.8565e-04	9.9971e-01	2.4798e-03	9.9361e-01	3.9092e-03	3.2570e-22	2.8754e-06	4.3839e-02	9.5386e-01	2.2940e-03	3.0224e-05	1.7783e-01	8.2031e-01	1.8381e-03	1.1755e-36	1.1755e-36	1.8930e-30	0.00e+00	0.00e+00	9.9808e-05
1.43916e+16	5.7339e+03	3.207e-22	1.0000e+01	1.0869e+01	1.9894e-16	2.8565e-04	9.9971e-01	2.4796e-03	9.9364e-01	3.8834e-03	3.2613e-22	2.8849e-06	4.3901e-02	9.5381e-01	2.2899e-03	3.0219e-05	1.7776e-01	8.2040e-01	1.8108e-03	1.1755e-36	1.1755e-36	1.8931e-30	0.00e+00	0.00e+00	4.1921e-04
5.86732e+16	5.7302e+03	3.206e-22	1.0000e+01	1.0869e+01	1.9826e-16	2.8573e-04	9.9971e-01	2.4810e-03	9.9377e-01	3.7481e-03	3.2451e-22	2.9084e-06	4.3970e-02	9.5375e-01	2.2759e-03	3.0246e-05	1.7780e-01	8.2047e-01	1.7056e-03	1.1755e-36	1.1755e-36	1.8655e-30	0.00e+00	0.00e+00	1.6972e-03
1.40152e+17	5.7215e+03	3.201e-22	1.0000e+01	1.0869e+01	1.9965e-16	2.8531e-04	9.9971e-01	2.4799e-03	9.9386e-01	3.6632e-03	3.2398e-22	2.9277e-06	4.3967e-02	9.5377e-01	2.2642e-03	3.0192e-05	1.7763e-01	8.2078e-01	1.5610e-03	1.1755e-36	1.1755e-36	1.8624e-30	0.00e+00	0.00e+00	3.3560e-03
2.46073e+17	5.7125e+03	3.196e-22	1.0000e+01	1.0869e+01	2.0128e-16	2.8488e-04	9.9972e-01	2.4797e-03	9.9407e-01	3.4463e-03	3.2415e-22	2.9427e-06	4.3971e-02	9.5378e-01	2.2418e-03	3.0170e-05	1.7759e-01	8.2099e-01	1.3877e-03	1.1755e-36	1.1755e-36	1.8648e-30	0.00e+00	0.00e+00	5.5094e-03
3.83772e+17	5.7011e+03	3.190e-22	1.0000e+01	1.0869e+01	2.0294e-16	2.8447e-04	9.9972e-01	2.4804e-03	9.9442e-01	3.1039e-03	3.2412e-22	2.9386e-06	4.3985e-02	9.5380e-01	2.2089e-03	3.0188e-05	1.7774e-01	8.2105e-01	1.1877e-03	1.1755e-36	1.1755e-36	1.8612e-30	0.00e+00	0.00e+00	8.3046e-03
5.62780e+17	5.6872e+03	3.183e-22	1.0000e+01	1.0868e+01	2.0499e-16	2.8405e-04	9.9972e-01	2.4821e-03	9.9487e-01	2.6436e-03	3.2441e-22	2.9558e-06	4.4017e-02	9.5381e-01	2.1655e-03	3.0242e-05	1.7805e-01	8.2096e-01	9.6720e-04	1.1755e-36	1.1755e-36	1.8570e-30	0.00e+00	0.00e+00	1.1933e-02
7.95490e+17	5.6718e+03	3.174e-22	1.0000e+01	1.0868e+01	2.0578e-16	2.8355e-04	9.9972e-01	2.4845e-03	9.9542e-01	2.0941e-03	3.2281e-22	2.9717e-06	4.4058e-02	9.5383e-01	2.1137e-03	3.0342e-05	1.7860e-01	8.2063e-01	7.3831e-04	1.1755e-36	1.1755e-36	1.8268e-30	0.00e+00	0.00e+00	1.6642e-02
1.09801e+18	5.6527e+03	3.163e-22	1.0000e+01	1.0867e+01	2.0846e-16	2.8306e-04	9.9972e-01	2.4882e-03	9.9600e-01	1.5107e-03	3.2396e-22	2.9862e-06	4.4125e-02	9.5382e-01	2.0557e-03	3.0516e-05	1.7950e-01	8.1995e-01	5.1831e-04	1.1755e-36	1.1755e-36	1.8219e-30	0.00e+00	0.00e+00	2.2753e-02
1.49129e+18	5.6304e+03	3.151e-22	1.0000e+01	1.0867e+01	2.0950e-16	2.8256e-04	9.9972e-01	2.4934e-03	9.9654e-01	9.6814e-04	3.2247e-22	3.0003e-06	4.4222e-02	9.5378e-01	1.9961e-03	3.0770e-05	1.8076e-01	8.1888e-01	3.2694e-04	1.1755e-36	1.1755e-36	1.7790e-30	0.00e+00	0.00e+00	3.0683e-02
2.00256e+18	5.6031e+03	3.135e-22	1.0000e+01	1.0866e+01	2.1217e-16	2.8212e-04	9.9972e-01	2.5008e-03	9.9696e-01	5.3541e-04	3.2316e-22	3.0156e-06	4.4365e-02	9.5369e-01	1.9379e-03	3.1120e-05	1.8241e-01	8.1737e-01	1.8015e-04	1.1755e-36	1.1755e-36	1.7518e-30	0.00e+00	0.00e+00	4.0976e-02
2.66720e+18	5.5735e+03	3.117e-22	1.0000e+01	1.0866e+01	2.1571e-16	2.8165e-04	9.9972e-01	2.5103e-03	9.9724e-01	2.4725e-04	3.2536e-22	3.0372e-06	4.4556e-02	9.5356e-01	1.8827e-03	3.1559e-05	1.8442e-01	8.1547e-01	8.3901e-05	1.1755e-36	1.1755e-36	1.7335e-30	0.00e+00	0.00e+00	5.4334e-02
3.53124e+18	5.5355e+03	3.096e-22	1.0000e+01	1.0866e+01	2.2061e-16	2.8142e-04	9.9972e-01	2.5249e-03	9.9738e-01	9.1728e-05	3.2867e-22	3.0578e-06	4.4845e-02	9.5333e-01	1.8267e-03	3.2148e-05	1.8694e-01	8.1300e-01	3.1806e-05	1.1755e-36	1.1755e-36	1.7108e-30	0.00e+00	0.00e+00	7.1686e-02
4.65449e+18	5.4909e+03	3.072e-22	1.0000e+01	1.0866e+01	2.2631e-16	2.8145e-04	9.9972e-01	2.5460e-03	9.9743e-01	2.6250e-05	3.3291e-22	3.0874e-06	4.5254e-02	9.5298e-01	1.7655e-03	3.2922e-05	1.9009e-01	8.0986e-01	9.4388e-06	1.1755e-36	1.1755e-36	1.6793e-30	0.00e+00	0.00e+00	9.4246e-02
6.11471e+18	5.4399e+03	3.045e-22	1.0000e+01	1.0866e+01	2.3482e-16	2.8186e-04	9.9972e-01	2.5764e-03	9.9742e-01	5.5848e-06	3.4164e-22	3.1303e-06	4.5829e-02	9.5247e-01	1.6938e-03	3.3955e-05	1.9414e-01	8.0582e-01	2.1215e-06	1.1755e-36	1.1755e-36	1.6693e-30	0.00e+00	0.00e+00	1.2362e-01
8.01300e+18	5.3828e+03	3.013e-22	1.0000e+01	1.0865e+01	2.4040e-16	2.8288e-04	9.9972e-01	2.6202e-03	9.9738e-01	8.7121e-07	3.4723e-22	3.1921e-06	4.6637e-02	9.5175e-01	1.6072e-03	3.5356e-05	1.9942e-01	8.0055e-01	3.5724e-07	1.1755e-36	1.1755e-36	1.5948e-30	0.00e+00	0.00e+00	1.6194e-01
1.04808e+19	5.3212e+03	2.977e-22	1.0000e+01	1.0865e+01	2.5128e-16	2.8479e-04	9.9972e-01	2.6837e-03	9.9732e-01	1.0347e-07	3.6364e-22	3.2823e-06	4.7778e-02	9.5072e-01	1.5023e-03	3.7278e-05	2.0640e-01	7.9357e-01	1.1755e-36	1.1755e-36	1.1755e-36	1.5800e-30	0.00e+00	0.00e+00	2.1209e-01
1.36889e+19	5.2580e+03	2.936e-22	1.0000e+01	1.0865e+01	2.6222e-16	2.8804e-04	9.9971e-01	2.7765e-03	9.9722e-01	1.0139e-08	3.8615e-22	3.4154e-06	4.9407e-02	9.4921e-01	1.3767e-03	3.9965e-05	2.1577e-01	7.8419e-01	1.1755e-36	1.1755e-36	1.1755e-36	1.5556e-30	0.00e+00	0.00e+00	2.7803e-01
1.78594e+19	5.1985e+03	2.889e-22	1.0000e+01	1.0865e+01	2.7737e-16	2.9328e-04	9.9971e-01	2.9144e-03	9.9709e-01	8.5828e-10	4.2714e-22	3.6141e-06	5.1769e-02	9.4700e-01	1.2285e-03	4.3813e-05	2.2860e-01	7.7136e-01	1.1755e-36	1.1755e-36	1.1755e-36	1.5898e-30	0.00e+00	0.00e+00	3.6532e-01
2.12275e+19	5.1058e+03	2.843e-22	1.0000e+01	1.0865e+01	2.8223e-16	2.9412e-04	9.9971e-01	2.9985e-03	9.9700e-01	1.3510e-10	4.2458e-22	3.7218e-06	5.3308e-02	9.4556e-01	1.1243e-03	4.6456e-05	2.3812e-01	7.6183e-01	1.1755e-36	1.1755e-36	1.1755e-36	1.3992e-30	0.00e+00	0.00e+00	4.0285e-01
2.33503e+19	5.0914e+03	2.823e-22	1.0000e+01	1.0865e+01	2.8727e-16	2.9721e-04	9.9970e-01	3.0816e-03	9.9692e-01	5.0880e-11	4.4872e-22	3.8408e-06	5.4695e-02	9.4424e-01	1.0608e-03	4.8682e-05	2.4526e-01	7.5469e-01	1.1755e-36	1.1755e-36	1.1755e-36	1.4245e-30	0.00e+00	0.00e+00	4.4458e-01
2.56853e+19	5.0813e+03	2.803e-22	1.0000e+01	1.0864e+01	2.9094e-16	3.0089e-04	9.9970e-01	3.1803e-03	9.9682e-01	1.8723e-11	4.7656e-22	3.9819e-06	5.6322e-02	9.4268e-01	9.9492e-04	5.1300e-05	2.5345e-01	7.4649e-01	1.1755e-36	1.1755e-36	1.1755e-36	1.4470e-30	0.00e+00	0.00e+00	4.9104e-01
2.82538e+19	5.0768e+03	2.781e-22	1.0000e+01	1.0864e+01	2.9208e-16	3.0522e-04	9.9969e-01	3.2986e-03	9.9670e-01	6.7325e-12	5.0794e-22	4.1503e-06	5.8245e-02	9.4082e-01	9.2636e-04	5.4402e-05	2.6297e-01	7.3698e-01	1.1755e-36	1.1755e-36	1.1755e-36	1.4597e-30	0.00e+00	0.00e+00	5.4289e-01
3.10792e+19	5.0731e+03	2.761e-22	1.0000e+01	1.0864e+01	2.9968e-16	3.1060e-04	9.9969e-01	3.4440e-03	9.9656e-01	2.3647e-12	5.5940e-22	4.3573e-06	6.0586e-02	9.3856e-01	8.5453e-04	5.8190e-05	2.7427e-01	7.2568e-01	1.1755e-36	1.1755e-36	1.1755e-36	1.5451e-30	0.00e+00	0.00e+00	6.0092e-01
3.41871e+19	5.0847e+03	2.736e-22	1.0000e+01	1.0864e+01	3.0071e-16	3.1661e-04	9.9968e-01	3.6188e-03	9.9638e-01	8.1350e-13	6.1680e-22	4.6042e-06	6.3354e-02	9.3586e-01	7.8124e-04	6.2690e-05	2.8742e-01	7.1251e-01	1.1755e-36	1.1755e-36	1.1755e-36	1.6135e-30	0.00e+00	0.00e+00	6.6600e-01
3.76058e+19	5.1129e+03	2.708e-22	1.0000e+01	1.0863e+01	2.9994e-16	3.2342e-04	9.9968e-01	3.8347e-03	9.9617e-01	2.7476e-13	6.9488e-22	4.9047e-06	6.6691e-02	9.3260e-01	7.0684e-04	6.8123e-05	3.0297e-01	6.9696e-01	1.1755e-36	1.1755e-36	1.1755e-36	1.7276e-30	0.00e+00	0.00e+00	7.3913e-01
4.13664e+19	5.1499e+03	2.679e-22	1.0000e+01	1.0863e+01	2.9954e-16	3.3175e-04	9.9967e-01	4.1105e-03	9.9589e-01	9.1544e-14	8.0366e-22	5.2859e-06	7.0880e-02	9.2848e-01	6.3037e-04	7.4968e-05	3.2194e-01	6.7799e-01	1.1755e-36	1.1755e-36	1.1755e-36	1.8932e-30	0.00e+00	0.00e+00	8.2163e-01
4.55031e+19	5.1964e+03	2.651e-22	1.0000e+01	1.0862e+01	2.9936e-16	3.4202e-04	9.9966e-01	4.4706e-03	9.9553e-01	3.0561e-14	9.5827e-22	5.7768e-06	7.6246e-02	9.2320e-01	5.5224e-04	8.3775e-05	3.4545e-01	6.5447e-01	1.1755e-36	1.1755e-36	1.1755e-36	2.1251e-30	0.00e+00	0.00e+00	9.1520e-01
5.00534e+19	5.2792e+03	2.614e-22	1.0000e+01	1.0861e+01	2.9401e-16	3.5350e-04	9.9965e-01	4.9442e-03	9.9506e-01	1.0631e-14	1.1889e-21	6.4063e-06	8.3068e-02	9.1645e-01	4.7490e-04	9.4897e-05	3.7427e-01	6.2563e-01	1.1755e-36	1.1755e-36	1.1755e-36	2.5027e-30	0.00e+00	0.00e+00	1.0216e+00
5.50587e+19	5.3828e+03	2.576e-22	1.0000e+01	1.0861e+01	2.8245e-16	3.6760e-04	9.9963e-01	5.6104e-03	9.9439e-01	4.0978e-15	1.5195e-21	7.2630e-06	9.2281e-02	9.0731e-01	3.9738e-04	1.0974e-04	4.1105e-01	5.8884e-01	1.1755e-36	1.1755e-36	1.1755e-36	2.9524e-30	0.00e+00	0.00e+00	1.1433e+00
6.05646e+19	5.5212e+03	2.534e-22	1.0000e+01	1.0859e+01	2.7319e-16	3.8465e-04	9.9962e-01	6.5969e-03	9.9340e-01	1.8747e-15	2.1043e-21	8.4695e-06	1.0517e-01	8.9450e-01	3.2097e-04	1.2992e-04	4.5857e-01	5.4130e-01	1.1755e-36	1.1755e-36	1.1755e-36	3.8294e-30	0.00e+00	0.00e+00	1.2833e+00
6.59089e+19	5.6831e+03	2.490e-22	1.0000e+01	1.0857e+01	2.5304e-16	4.0170e-04	9.9960e-01	7.9575e-03	9.9204e-01	1.0641e-15	2.9074e-21	1.0017e-05	1.2175e-01	8.7799e-01	2.5613e-04	1.5441e-04	5.1461e-01	4.8524e-01	1.1755e-36	1.1755e-36	1.1755e-36	4.7788e-30	0.00e+00	0.00e+00	1.4081e+00
7.06839e+19	5.8510e+03	2.451e-22	1.0000e+01	1.0855e+01	2.3924e-16	4.1889e-04	9.9958e-01	9.8033e-03	9.9020e-01	7.2970e-16	4.1267e-21	1.1917e-05	1.4205e-01	8.5774e-01	2.0293e-04	1.8193e-04	5.7389e-01	4.2593e-01	1.1755e-36	1.1755e-36	1.1755e-36	6.2476e-30	0.00e+00	0.00e+00	1.5306e+00
7.44955e+19	6.0063e+03	2.419e-22	1.0000e+01	1.0853e+01	2.2142e-16	4.3249e-04	9.9957e-01	1.2072e-02	9.8793e-01	5.3628e-16	5.5192e-21	1.3980e-05	1.6425e-01	8.3557e-01	1.6507e-04	2.0865e-04	6.3071e-01	3.6908e-01	1.1755e-36	1.1755e-36	1.1755e-36	7.5394e-30	0.00e+00	0.00e+00	1.6123e+00
7.69623e+19	6.1148e+03	2.398e-22	1.0000e+01	1.0851e+01	2.1013e-16	4.4185e-04	9.9956e-01	1.4253e-02	9.8575e-01	4.5342e-16	6.8004e-21	1.5742e-05	1.8324e-01	8.1661e-01	1.4152e-04	2.2884e-04	6.7225e-01	3.2752e-01	1.1755e-36	1.1755e-36	1.1755e-36	8.5751e-30	0.00e+00	0.00e+00	1.6664e+00
7.87379e+19	6.1931e+03	2.384e-22	1.0000e+01	1.0848e+01	2.0549e-16	4.4937e-04	9.9955e-01	1.6393e-02	9.8361e-01	4.0414e-16	8.0877e-21	1.7296e-05	1.9990e-01	7.9996e-01	1.2474e-04	2.4489e-04	7.0366e-01	2.9609e-01	1.1755e-36	1.1755e-36	1.1755e-36	9.6820e-30	0.00e+00	0.00e+00	1.7121e+00
8.03482e+19	6.2638e+03	2.373e-22	1.0000e+01	1.0846e+01	2.0018e-16	4.5682e-04	9.9954e-01	1.8950e-02	9.8105e-01	3.5962e-16	9.4575e-21	1.8965e-05	2.1770e-01	7.8217e-01	1.0971e-04	2.6064e-04	7.3312e-01	2.6662e-01	1.1755e-36	1.1755e-36	1.1755e-36	1.0624e-29	0.00e+00	0.00e+00	1.7585e+00
8.19270e+19	6.3351e+03	2.362e-22	1.0000e+01	1.0843e+01	1.9682e-16	4.6436e-04	9.9954e-01	2.2324e-02	9.7768e-01	3.1504e-16	1.1212e-20	2.0910e-05	2.3831e-01	7.6157e-01	9.5460e-05	2.7724e-04	7.6348e-01	2.3625e-01	1.1755e-36	1.1755e-36	1.1755e-36	1.1879e-29	0.00e+00	0.00e+00	1.8039e+00
8.33530e+19	6.4015e+03	2.353e-22	1.0000e+01	1.0840e+01	1.9252e-16	4.7120e-04	9.9953e-01	2.6599e-02	9.7340e-01	2.7590e-16	1.3096e-20	2.2991e-05	2.6042e-01	7.3947e-01	8.2963e-05	2.9332e-04	7.9269e-01	2.0702e-01	1.1755e-36	1.1755e-36	1.1755e-36	1.2983e-29	0.00e+00	0.00e+00	1.8427e+00
8.45157e+19	6.4495e+03	2.346e-22	1.0000e+01	1.0835e+01	1.9057e-16	4.7718e-04	9.9952e-01	3.1460e-02	9.6854e-01	2.4556e-16	1.5023e-20	2.4989e-05	2.8211e-01	7.1779e-01	7.2795e-05	3.0763e-04	8.1802e-01	1.8167e-01	1.1755e-36	1.1755e-36	1.1755e-36	1.4012e-29	0.00e+00	0.00e+00	1.8735e+00
8.54456e+19	6.4913e+03	2.341e-22	1.0000e+01	1.0830e+01	1.8777e-16	4.8201e-04	9.9952e-01	3.6835e-02	9.6316e-01	2.2304e-16	1.6768e-20	2.6858e-05	3.0193e-01	6.9798e-01	6.4697e-05	3.1962e-04	8.3901e-01	1.6067e-01	1.1755e-36	1.1755e-36	1.1755e-36	1.4769e-29	0.00e+00	0.00e+00	1.8990e+00
8.62329e+19	6.5247e+03	2.336e-22	1.0000e+01	1.0825e+01	1.8733e-16	4.8627e-04	9.9951e-01	4.2974e-02	9.5703e-01	2.0373e-16	1.8622e-20	2.8621e-05	3.2082e-01	6.7909e-01	5.7805e-05	3.3029e-04	8.5735e-01	1.4232e-01	1.1755e-36	1.1755e-36	1.1755e-36	1.5711e-29	0.00e+00	0.00e+00	1.9216e+00
8.69322e+19	6.5536e+03	2.333e-22	1.0000e+01	1.0819e+01	1.8669e-16	4.9014e-04	9.9951e-01	5.0314e-02	9.4969e-01	1.8585e-16	2.0450e-20	3.0357e-05	3.3945e-01	6.6047e-01	5.1671e-05	3.4018e-04	8.7418e-01	1.2548e-01	1.1755e-36	1.1755e-36	1.1755e-36	1.6515e-29	0.00e+00	0.00e+00	1.9421e+00
8.75543e+19	6.5789e+03	2.330e-22	1.0000e+01	1.0811e+01	1.8558e-16	4.9359e-04	9.9951e-01	5.9180e-02	9.4082e-01	1.6916e-16	2.2208e-20	3.2052e-05	3.5767e-01	6.4225e-01	4.6206e-05	3.4932e-04	8.8973e-01	1.0992e-01	1.1755e-36	1.1755e-36	1.1755e-36	1.7147e-29	0.00e+00	0.00e+00	1.9602e+00
8.80929e+19	6.6003e+03	2.327e-22	1.0000e+01	1.0803e+01	1.8492e-16	4.9653e-04	9.9950e-01	6.9649e-02	9.3035e-01	1.5410e-16	2.3924e-20	3.3643e-05	3.7484e-01	6.2508e-01	4.1448e-05	3.5751e-04	9.0373e-01	9.5908e-02	1.1755e-36	1.1755e-36	1.1755e-36	1.7754e-29	0.00e+00	0.00e+00	1.9758e+00
8.85505e+19	6.6179e+03	2.324e-22	1.0000e+01	1.0792e+01	1.8503e-16	4.9898e-04	9.9950e-01	8.1730e-02	9.1827e-01	1.4076e-16	2.5598e-20	3.5088e-05	3.9052e-01	6.0941e-01	3.7361e-05	3.6467e-04	9.1606e-01	8.3571e-02	1.1755e-36	1.1755e-36	1.1755e-36	1.8406e-29	0.00e+00	0.00e+00	1.9890e+00
8.89420e+19	6.6289e+03	2.322e-22	1.0000e+01	1.0783e+01	1.8550e-16	5.0132e-04	9.9950e-01	9.5728e-02	9.0427e-01	1.2885e-16	2.7124e-20	3.6410e-05	4.0479e-01	5.9514e-01	3.3791e-05	3.7113e-04	9.2697e-01	7.2656e-02	1.1755e-36	1.1755e-36	1.1755e-36	1.8918e-29	0.00e+00	0.00e+00	2.0005e+00
8.92826e+19	6.6421e+03	2.317e-22	1.0000e+01	1.0766e+01	1.8532e-16	5.0275e-04	9.9950e-01	1.1181e-01	8.8819e-01	1.1728e-16	2.8503e-20	3.7542e-05	4.1760e-01	5.8234e-01	3.0682e-05	3.7648e-04	9.3667e-01	6.2956e-02	1.1755e-36	1.1755e-36	1.1755e-36	1.9370e-29	0.00e+00	0.00e+00	2.0106e+00
8.95836e+19	6.6492e+03	2.314e-22	1.0000e+01	1.0751e+01	1.8541e-16	5.0433e-04	9.9950e-01	1.3085e-01	8.6915e-01	1.0659e-16	2.9738e-20	3.8618e-05	4.2938e-01	5.7055e-01	2.7860e-05	3.8151e-04	9.4546e-01	5.4162e-02	1.1755e-36	1.1755e-36	1.1755e-36	1.9668e-29	0.00e+00	0.00e+00	2.0196e+00
8.98507e+19	6.6625e+03	2.308e-22	1.0000e+01	1.0736e+01	1.8387e-16	5.0523e-04	9.9949e-01	1.5326e-01	8.4674e-01	9.6493e-17	3.0765e-20	3.9558e-05	4.3989e-01	5.6004e-01	2.5342e-05	3.8572e-04	9.5339e-01	4.6220e-02	1.1755e-36	1.1755e-36	1.1755e-36	1.9825e-29	0.00e+00	0.00e+00	2.0276e+00
9.00853e+19	6.6565e+03	2.304e-22	1.0000e+01	1.0711e+01	1.8583e-16	5.0654e-04	9.9949e-01	1.7941e-01	8.2059e-01	8.6346e-17	3.1824e-20	4.0380e-05	4.4944e-01	5.5049e-01	2.3038e-05	3.8973e-04	9.6046e-01	3.9153e-02	1.1755e-36	1.1755e-36	1.1755e-36	2.0054e-29	0.00e+00	0.00e+00	2.0346e+00
9.02911e+19	6.6625e+03	2.294e-22	1.0000e+01	1.0682e+01	1.8547e-16	5.0663e-04	9.9949e-01	2.0910e-01	7.9090e-01	7.6286e-17	3.2638e-20	4.1010e-05	4.5737e-01	5.4257e-01	2.1029e-05	3.9252e-04	9.6662e-01	3.2984e-02	1.1755e-36	1.1755e-36	1.1755e-36	2.0181e-29	0.00e+00	0.00e+00	2.0408e+00
9.04747e+19	6.6727e+03	2.284e-22	1.0000e+01	1.0661e+01	1.8463e-16	5.0673e-04	9.9949e-01	2.4361e-01	7.5639e-01	6.7863e-17	3.3429e-20	4.1601e-05	4.6436e-01	5.3558e-01	1.9181e-05	3.9505e-04	9.7207e-01	2.7531e-02	1.1755e-36	1.1755e-36	1.1755e-36	2.0364e-29	0.00e+00	0.00e+00	2.0464e+00
9.06413e+19	6.6667e+03	2.274e-22	1.0000e+01	1.0631e+01	1.8586e-16	5.0719e-04	9.9949e-01	2.8389e-01	7.1611e-01	5.9220e-17	3.4100e-20	4.2091e-05	4.7065e-01	5.2929e-01	1.7435e-05	3.9745e-04	9.7689e-01	2.2709e-02	1.1755e-36	1.1755e-36	1.1755e-36	2.0405e-29	0.00e+00	0.00e+00	2.0514e+00
9.07926e+19	6.6621e+03	2.261e-22	1.0000e+01	1.0594e+01	1.8671e-16	5.0715e-04	9.9949e-01	3.3001e-01	6.6999e-01	5.0751e-17	3.4640e-20	4.2461e-05	4.7591e-01	5.2403e-01	1.5827e-05	3.9919e-04	9.8108e-01	1.8522e-02	1.1755e-36	1.1755e-36	1.1755e-36	2.0394e-29	0.00e+00	0.00e+00	2.0560e+00
9.09310e+19	6.6531e+03	2.245e-22	1.0000e+01	1.0553e+01	1.8830e-16	5.0699e-04	9.9949e-01	3.8235e-01	6.1765e-01	4.2600e-17	3.5116e-20	4.2735e-05	4.8034e-01	5.1960e-01	1.4321e-05	4.0055e-04	9.8467e-01	1.4933e-02	1.1755e-36	1.1755e-36	1.1755e-36	2.0371e-29	0.00e+00	0.00e+00	2.0603e+00
9.10603e+19	6.6449e+03	2.225e-22	1.0000e+01	1.0504e+01	1.8942e-16	5.0637e-04	9.9949e-01	4.4136e-01	5.5864e-01	3.4822e-17	3.5440e-20	4.2901e-05	4.8391e-01	5.1603e-01	1.2901e-05	4.0132e-04	9.8773e-01	1.1871e-02	1.1755e-36	1.1755e-36	1.1755e-36	2.0254e-29	0.00e+00	0.00e+00	2.0643e+00
9.11843e+19	6.6267e+03	2.204e-22	1.0000e+01	1.0450e+01	1.9216e-16	5.0604e-04	9.9949e-01	5.0790e-01	4.9210e-01	2.7207e-17	3.5732e-20	4.3011e-05	4.8699e-01	5.1295e-01	1.1510e-05	4.0204e-04	9.9033e-01	9.2660e-03	1.1755e-36	1.1755e-36	1.1755e-36	2.0105e-29	0.00e+00	0.00e+00	2.0682e+00
9.13061e+19	6.6110e+03	2.177e-22	1.0000e+01	1.0389e+01	1.9417e-16	5.0524e-04	9.9949e-01	5.8161e-01	4.1839e-01	2.0332e-17	3.5874e-20	4.3026e-05	4.8933e-01	5.1061e-01	1.0153e-05	4.0224e-04	9.9253e-01	7.0675e-03	1.1755e-36	1.1755e-36	1.1755e-36	1.9860e-29	0.00e+00	0.00e+00	2.0721e+00
9.14459e+19	6.5863e+03	2.142e-22	1.0000e+01	1.0303e+01	1.9689e-16	5.0396e-04	9.9950e-01	6.7099e-01	3.2901e-01	1.3741e-17	3.5799e-20	4.2900e-05	4.9113e-01	5.0882e-01	8.6136e-06	4.0189e-04	9.9453e-01	5.0666e-03	1.1755e-36	1.1755e-36	1.1755e-36	1.9387e-29	0.00e+00	0.00e+00	2.0771e+00
9.16020e+19	6.5610e+03	2.101e-22	1.0000e+01	1.0205e+01	1.9886e-16	5.0227e-04	9.9950e-01	7.6833e-01	2.3167e-01	7.6428e-18	3.5475e-20	4.2672e-05	4.9222e-01	5.0773e-01	7.0360e-06	4.0109e-04	9.9623e-01	3.3649e-03	1.1755e-36	1.1755e-36	1.1755e-36	1.8711e-29	0.00e+00	0.00e+00	2.0820e+00
9.17794e+19	6.5219e+03	2.067e-22	1.0000e+01	1.0129e+01	2.0434e-16	5.0271e-04	9.9950e-01	8.5958e-01	1.4042e-01	3.7280e-18	3.5437e-20	4.2582e-05	4.9359e-01	5.0636e-01	5.3663e-06	4.0169e-04	9.9752e-01	2.0832e-03	1.1755e-36	1.1755e-36	1.1755e-36	1.8251e-29	0.00e+00	0.00e+00	2.0884e+00
9.20100e+19	6.4907e+03	2.038e-22	1.0000e+01	1.0074e+01	2.0874e-16	5.0432e-04	9.9950e-01	9.3444e-01	6.5559e-02	1.2750e-18	3.5437e-20	4.2588e-05	4.9496e-01	5.0499e-01	3.6521e-06	4.0321e-04	9.9849e-01	1.1061e-03	1.1755e-36	1.1755e-36	1.1755e-36	1.7846e-29	0.00e+00	0.00e+00	2.0967e+00
9.23098e+19	6.4729e+03	2.019e-22	1.0000e+01	1.0028e+01	2.0764e-16	5.0620e-04	9.9949e-01	9.7737e-01	2.2632e-02	2.9184e-19	3.4791e-20	4.2580e-05	4.9587e-01	5.0409e-01	2.1575e-06	4.0496e-04	9.9911e-01	4.8789e-04	1.1755e-36	1.1755e-36	1.1755e-36	1.6888e-29	0.00e+00	0.00e+00	2.1075e+00
9.26995e+19	6.4678e+03	2.012e-22	1.0000e+01	1.0009e+01	2.0519e-16	5.0954e-04	9.9949e-01	9.9415e-01	5.8507e-03	4.5967e-20	3.4313e-20	4.2718e-05	4.9707e-01	5.0289e-01	1.0764e-06	4.0793e-04	9.9942e-01	1.7342e-04	1.1755e-36	1.1755e-36	1.1755e-36	1.6132e-29	0.00e+00	0.00e+00	2.1217e+00
9.32062e+19	6.4707e+03	2.013e-22	1.0000e+01	1.0004e+01	2.0497e-16	5.1429e-04	9.9949e-01	9.9882e-01	1.1790e-03	5.3458e-21	3.4457e-20	4.2973e-05	4.9867e-01	5.0129e-01	4.3926e-07	4.1211e-04	9.9954e-01	4.8196e-05	1.1755e-36	1.1755e-36	1.1755e-36	1.5977e-29	0.00e+00	0.00e+00	2.1403e+00
9.38648e+19	6.4808e+03	2.015e-22	1.0000e+01	1.0001e+01	2.0538e-16	5.2025e-04	9.9948e-01	9.9980e-01	2.0269e-04	5.3885e-22	3.4905e-20	4.3298e-05	5.0062e-01	4.9934e-01	1.3965e-07	4.1739e-04	9.9957e-01	1.0182e-05	1.1755e-36	1.1755e-36	1.1755e-36	1.6075e-29	0.00e+00	0.00e+00	2.1647e+00
9.47210e+19	6.4915e+03	2.022e-22	1.0000e+01	1.0004e+01	2.0752e-16	5.2865e-04	9.9947e-01	9.9996e-01	4.1013e-05	7.0627e-23	3.5735e-20	4.3769e-05	5.0338e-01	4.9658e-01	1.1755e-36	4.2478e-04	9.9957e-01	1.5988e-06	1.1755e-36	1.1755e-36	1.1755e-36	1.6400e-29	0.00e+00	0.00e+00	2.1971e+00
9.58341e+19	6.5036e+03	2.030e-22	1.0000e+01	1.0007e+01	2.1200e-16	5.3996e-04	9.9946e-01	9.9998e-01	1.7128e-05	2.1519e-23	3.7080e-20	4.4389e-05	5.0704e-01	4.9291e-01	1.1755e-36	4.3474e-04	9.9957e-01	1.8070e-07	1.1755e-36	1.1755e-36	1.1755e-36	1.7052e-29	0.00e+00	0.00e+00	2.2399e+00
9.72811e+19	6.5223e+03	2.040e-22	1.0000e+01	1.0007e+01	2.1910e-16	5.5495e-04	9.9945e-01	9.9999e-01	1.2297e-05	1.1773e-23	3.9172e-20	4.5182e-05	5.1174e-01	4.8822e-01	1.1755e-36	4.4805e-04	9.9955e-01	1.3629e-08	1.1755e-36	1.1755e-36	1.1755e-36	1.8222e-29	0.00e+00	0.00e+00	2.2973e+00
9.91622e+19	6.5448e+03	2.055e-22	1.0000e+01	1.0007e+01	2.3028e-16	5.7581e-04	9.9942e-01	9.9999e-01	9.8345e-06	6.9278e-24	4.2300e-20	4.6255e-05	5.1801e-01	4.8194e-01	1.1755e-36	4.6663e-04	9.9953e-01	6.0348e-10	1.1755e-36	1.1755e-36	1.1755e-36	2.0048e-29	0.00e+00	0.00e+00	2.3746e+00
1.01608e+20	6.5776e+03	2.073e-22	1.0000e+01	1.0007e+01	2.4656e-16	6.0477e-04	9.9940e-01	9.9999e-01	7.7801e-06	3.7368e-24	4.7040e-20	4.7672e-05	5.2631e-01	4.7364e-01	1.1755e-36	4.9270e-04	9.9951e-01	1.3145e-11	1.1755e-36	1.1755e-36	1.1755e-36	2.2972e-29	0.00e+00	0.00e+00	2.4801e+00
1.04787e+20	6.6223e+03	2.099e-22	1.0000e+01	1.0007e+01	2.7513e-16	6.4661e-04	9.9935e-01	9.9999e-01	5.9650e-06	1.7652e-24	5.5240e-20	4.9599e-05	5.3747e-01	4.6248e-01	1.1755e-36	5.3075e-04	9.9947e-01	1.1209e-13	1.1755e-36	1.1755e-36	1.1755e-36	2.8642e-29	0.00e+00	0.00e+00	2.6269e+00
1.08920e+20	6.6852e+03	2.136e-22	1.0000e+01	1.0006e+01	3.2436e-16	7.0942e-04	9.9929e-01	1.0000e+00	4.3645e-06	7.0233e-25	6.9882e-20	5.2249e-05	5.5264e-01	4.4731e-01	1.1755e-36	5.8874e-04	9.9941e-01	2.8020e-16	1.1755e-36	1.1755e-36	1.1755e-36	3.9982e-29	0.00e+00	0.00e+00	2.8361e+00
1.14292e+20	6.7724e+03	2.190e-22	1.0000e+01	1.0005e+01	4.1487e-16	8.0954e-04	9.9919e-01	1.0000e+00	3.0111e-06	2.2640e-25	9.8565e-20	5.5986e-05	5.7368e-01	4.2626e-01	1.1755e-36	6.8305e-04	9.9932e-01	2.3021e-19	1.1755e-36	1.1755e-36	1.1755e-36	6.5649e-29	0.00e+00	0.00e+00	3.1466e+00
1.21277e+20	6.8976e+03	2.271e-22	1.0000e+01	1.0003e+01	6.0003e-16	9.8353e-04	9.9902e-01	1.0000e+00	1.9185e-06	1.1755e-36	1.6404e-19	6.1359e-05	6.0355e-01	3.9639e-01	1.1755e-36	8.5185e-04	9.9915e-01	3.4575e-20	1.1755e-36	1.1755e-36	1.1755e-36	1.3742e-28	0.00e+00	0.00e+00	3.6369e+00
1.28419e+20	7.0597e+03	2.383e-22	1.0000e+01	1.0000e+01	9.3494e-16	1.2550e-03	9.9875e-01	1.0000e+00	1.1818e-06	1.1755e-36	3.0274e-19	6.7519e-05	6.3685e-01	3.6309e-01	1.1755e-36	1.1246e-03	9.9888e-01	1.3624e-20	1.1755e-36	1.1755e-36	1.1755e-36	3.3468e-28	0.00e+00	0.00e+00	4.1431e+00
1.33522e+20	7.2020e+03	2.489e-22	1.0000e+01	9.9969e+00	1.3920e-15	1.5663e-03	9.9843e-01	1.0000e+00	8.3704e-07	1.1755e-36	5.2100e-19	7.2621e-05	6.6420e-01	3.3572e-01	1.1755e-36	1.4488e-03	9.9855e-01	7.3321e-21	1.1755e-36	1.1755e-36	1.1755e-36	7.3563e-28	0.00e+00	0.00e+00	4.5205e+00
1.36612e+20	7.2959e+03	2.567e-22	1.0000e+01	9.9944e+00	1.8604e-15	1.8395e-03	9.9816e-01	1.0000e+00	6.8675e-07	1.1755e-36	7.6771e-19	7.6104e-05	6.8313e-01	3.1679e-01	1.1755e-36	1.7410e-03	9.9826e-01	5.1908e-21	1.1755e-36	1.1755e-36	1.1755e-36	1.2867e-27	0.00e+00	0.00e+00	4.7952e+00
1.38791e+20	7.3599e+03	2.626e-22	1.0000e+01	9.9921e+00	2.3456e-15	2.0869e-03	9.9791e-01	1.0000e+00	5.9997e-07	1.1755e-36	1.0388e-18	7.8700e-05	6.9796e-01	3.0196e-01	1.1755e-36	2.0107e-03	9.9799e-01	4.9577e-21	1.1755e-36	1.1755e-36	1.1755e-36	1.9843e-27	0.00e+00	0.00e+00	5.0578e+00
1.41083e+20	7.4296e+03	2.691e-22	1.0000e+01	9.9893e+00	3.0820e-15	2.4125e-03	9.9759e-01	1.0000e+00	5.1549e-07	1.1755e-36	1.4777e-18	8.1697e-05	7.1518e-01	2.8474e-01	1.1755e-36	2.3719e-03	9.9763e-01	5.7267e-21	1.1755e-36	1.1755e-36	1.1755e-36	3.2927e-27	0.00e+00	0.00e+00	5.4524e+00
1.43515e+20	7.5097e+03	2.771e-22	1.0000e+01	9.9854e+00	4.2715e-15	2.8738e-03	9.9713e-01	1.0000e+00	4.2031e-07	1.1755e-36	2.2384e-18	8.5008e-05	7.3445e-01	2.6547e-01	1.1755e-36	2.8920e-03	9.9711e-01	3.3513e-21	1.1755e-36	1.1755e-36	1.1755e-36	5.9802e-27	0.00e+00	0.00e+00	5.8651e+00
1.45437e+20	7.5706e+03	2.847e-22	1.0000e+01	9.9806e+00	5.8200e-15	3.3840e-03	9.9662e-01	1.0000e+00	3.5452e-07	1.1755e-36	3.2754e-18	8.7898e-05	7.5136e-01	2.4855e-01	1.1755e-36	3.4760e-03	9.9652e-01	3.8588e-21	1.1755e-36	1.1755e-36	1.1755e-36	1.0323e-26	0.00e+00	0.00e+00	6.2003e+00
1.46792e+20	7.6225e+03	2.903e-22	1.0000e+01	9.9740e+00	7.4471e-15	3.8562e-03	9.9614e-01	1.0000e+00	3.1434e-07	1.1755e-36	4.4386e-18	9.0106e-05	7.6439e-01	2.3552e-01	1.1755e-36	4.0238e-03	9.9598e-01	8.7546e-21	1.1755e-36	1.1755e-36	1.1755e-36	1.5993e-26	0.00e+00	0.00e+00	6.4779e+00
1.47878e+20	7.6574e+03	2.953e-22	1.0000e+01	9.9690e+00	9.3054e-15	4.3304e-03	9.9567e-01	1.0000e+00	2.8515e-07	1.1755e-36	5.7954e-18	9.1973e-05	7.7586e-01	2.2405e-01	1.1755e-36	4.5787e-03	9.9542e-01	1.8078e-20	1.1755e-36	1.1755e-36	1.1755e-36	2.3434e-26	0.00e+00	0.00e+00	6.7602e+00
1.49065e+20	7.6914e+03	3.011e-22	1.0000e+01	9.9623e+00	1.2220e-14	4.9780e-03	9.9502e-01	1.0000e+00	2.5509e-07	1.1755e-36	7.9821e-18	9.4156e-05	7.8961e-01	2.1030e-01	1.1755e-36	5.3428e-03	9.9466e-01	1.9871e-20	1.1755e-36	1.1755e-36	1.1755e-36	3.7052e-26	0.00e+00	0.00e+00	7.1821e+00
1.50290e+20	7.7220e+03	3.080e-22	1.0000e+01	9.9562e+00	1.6841e-14	5.8612e-03	9.9414e-01	1.0000e+00	2.1835e-07	1.1755e-36	1.1534e-17	9.6502e-05	8.0456e-01	1.9534e-01	1.1755e-36	6.3932e-03	9.9361e-01	1.0070e-20	1.1755e-36	1.1755e-36	1.1755e-36	6.2753e-26	0.00e+00	0.00e+00	7.5921e+00
1.51226e+20	7.7457e+03	3.139e-22	1.0000e+01	9.9480e+00	2.2407e-14	6.7740e-03	9.9323e-01	1.0000e+00	1.9309e-07	1.1755e-36	1.5936e-17	9.8457e-05	8.1706e-01	1.8284e-01	1.1755e-36	7.4870e-03	9.9251e-01	1.1843e-20	1.1755e-36	1.1755e-36	1.1755e-36	9.9789e-26	0.00e+00	0.00e+00	7.9183e+00
1.51907e+20	7.7619e+03	3.183e-22	1.0000e+01	9.9357e+00	2.8325e-14	7.6214e-03	9.9238e-01	1.0000e+00	1.7659e-07	1.1755e-36	2.0708e-17	9.9957e-05	8.2691e-01	1.7299e-01	1.1755e-36	8.5086e-03	9.9149e-01	1.6187e-20	1.1755e-36	1.1755e-36	1.1755e-36	1.4536e-25	0.00e+00	0.00e+00	8.2068e+00
1.52502e+20	7.7689e+03	3.226e-22	1.0000e+01	9.9264e+00	3.5659e-14	8.5389e-03	9.9146e-01	1.0000e+00	1.6239e-07	1.1755e-36	2.6631e-17	1.0136e-04	8.3627e-01	1.6363e-01	1.1755e-36	9.6185e-03	9.9038e-01	1.6993e-20	1.1755e-36	1.1755e-36	1.1755e-36	2.0856e-25	0.00e+00	0.00e+00	8.5255e+00
1.53182e+20	7.7700e+03	3.278e-22	1.0000e+01	9.9133e+00	4.7860e-14	9.8555e-03	9.9014e-01	1.0000e+00	1.4642e-07	1.1755e-36	3.6522e-17	1.0306e-04	8.4783e-01	1.5207e-01	1.1755e-36	1.1218e-02	9.8878e-01	1.3939e-20	1.1755e-36	1.1755e-36	1.1755e-36	3.2805e-25	0.00e+00	0.00e+00	9.0037e+00
1.53880e+20	7.7645e+03	3.339e-22	1.0000e+01	9.8953e+00	6.7725e-14	1.1659e-02	9.8834e-01	1.0000e+00	1.2597e-07	1.1755e-36	5.2649e-17	1.0487e-04	8.6027e-01	1.3962e-01	1.1755e-36	1.3416e-02	9.8658e-01	8.4519e-21	1.1755e-36	1.1755e-36	1.1755e-36	5.5494e-25	0.00e+00	0.00e+00	9.4664e+00
1.54417e+20	7.7519e+03	3.392e-22	1.0000e+01	9.8773e+00	9.2912e-14	1.3565e-02	9.8644e-01	1.0000e+00	1.1186e-07	1.1755e-36	7.2986e-17	1.0638e-04	8.7078e-01	1.2911e-01	1.1755e-36	1.5746e-02	9.8425e-01	6.7251e-21	1.1755e-36	1.1755e-36	1.1755e-36	8.8789e-25	0.00e+00	0.00e+00	9.8468e+00
1.54823e+20	7.7432e+03	3.431e-22	1.0000e+01	9.8570e+00	1.2152e-13	1.5434e-02	9.8457e-01	1.0000e+00	1.0212e-07	1.1755e-36	9.6293e-17	1.0754e-04	8.7937e-01	1.2052e-01	1.1755e-36	1.8037e-02	9.8196e-01	5.7858e-21	1.1755e-36	1.1755e-36	1.1755e-36	1.3241e-24	0.00e+00	0.00e+00	1.0206e+01
1.55247e+20	7.7057e+03	3.480e-22	1.0000e+01	9.8318e+00	1.6937e-13	1.7972e-02	9.8203e-01	1.0000e+00	9.2399e-08	1.1755e-36	1.3337e-16	1.0890e-04	8.8928e-01	1.1062e-01	1.1755e-36	2.1151e-02	9.7885e-01	4.3024e-21	1.1755e-36	1.1755e-36	1.1755e-36	2.1144e-24	0.00e+00	0.00e+00	1.0751e+01
1.55711e+20	7.6626e+03	3.535e-22	1.0000e+01	9.7941e+00	2.5530e-13	2.1720e-02	9.7828e-01	1.0000e+00	7.8706e-08	1.1755e-36	1.9925e-16	1.1035e-04	9.0052e-01	9.9365e-02	1.1755e-36	2.5756e-02	9.7424e-01	2.5917e-21	1.1755e-36	1.1755e-36	1.1755e-36	3.7717e-24	0.00e+00	0.00e+00	1.1364e+01
1.56114e+20	7.6096e+03	3.587e-22	1.0000e+01	9.7469e+00	3.9331e-13	2.6462e-02	9.7354e-01	1.0000e+00	6.7293e-08	1.1755e-36	3.0177e-16	1.1163e-04	9.1125e-01	8.8641e-02	1.1755e-36	3.1586e-02	9.6841e-01	1.5400e-21	1.1755e-36	1.1755e-36	1.1755e-36	6.8682e-24	0.00e+00	0.00e+00	1.1963e+01
1.56433e+20	7.5527e+03	3.631e-22	1.0000e+01	9.7006e+00	5.9465e-13	3.1906e-02	9.6809e-01	1.0000e+00	5.8364e-08	1.1755e-36	4.4613e-16	1.1270e-04	9.2059e-01	7.9294e-02	1.1755e-36	3.8275e-02	9.6172e-01	9.4691e-22	1.1755e-36	1.1755e-36	1.1755e-36	1.2093e-23	0.00e+00	0.00e+00	1.2526e+01
1.56690e+20	7.4931e+03	3.666e-22	1.0000e+01	9.6520e+00	8.8137e-13	3.8062e-02	9.6194e-01	1.0000e+00	5.1206e-08	1.1755e-36	6.4374e-16	1.1352e-04	9.2875e-01	7.1138e-02	1.1755e-36	4.5831e-02	9.5417e-01	6.0351e-22	1.1755e-36	1.1755e-36	1.1755e-36	2.0575e-23	0.00e+00	0.00e+00	1.3089e+01
1.56914e+20	7.4338e+03	3.687e-22	1.0000e+01	9.5863e+00	1.3079e-12	4.5420e-02	9.5458e-01	1.0000e+00	4.4833e-08	1.1755e-36	9.2711e-16	1.1407e-04	9.3628e-01	6.3606e-02	1.1755e-36	5.4848e-02	9.4515e-01	3.9875e-22	1.1755e-36	1.1755e-36	1.1755e-36	3.4935e-23	0.00e+00	0.00e+00	1.3702e+01
1.57122e+20	7.3684e+03	3.696e-22	1.0000e+01	9.5019e+00	2.0022e-12	5.4921e-02	9.4508e-01	1.0000e+00	3.8690e-08	1.1755e-36	1.3685e-15	1.1437e-04	9.4369e-01	5.6192e-02	1.1755e-36	6.6457e-02	9.3354e-01	2.6632e-22	1.1755e-36	1.1755e-36	1.1755e-36	6.1530e-23	0.00e+00	0.00e+00	1.4404e+01
1.57316e+20	7.2968e+03	3.677e-22	1.0000e+01	9.3625e+00	3.1755e-12	6.7407e-02	9.3259e-01	1.0000e+00	3.2796e-08	1.1755e-36	2.0709e-15	1.1398e-04	9.5088e-01	4.9005e-02	1.1755e-36	8.1652e-02	9.1835e-01	1.8165e-22	1.1755e-36	1.1755e-36	1.1755e-36	1.1225e-22	0.00e+00	0.00e+00	1.5197e+01
1.57490e+20	7.2226e+03	3.630e-22	1.0000e+01	9.1866e+00	5.1714e-12	8.3689e-02	9.1631e-01	1.0000e+00	2.7379e-08	1.1755e-36	3.1962e-15	1.1310e-04	9.5768e-01	4.2210e-02	1.1755e-36	1.0135e-01	8.9865e-01	1.2867e-22	1.1755e-36	1.1755e-36	1.1755e-36	2.1097e-22	0.00e+00	0.00e+00	1.6052e+01
1.57636e+20	7.1424e+03	3.563e-22	1.0000e+01	9.0018e+00	8.4761e-12	1.0399e-01	8.9601e-01	1.0000e+00	2.2756e-08	1.1755e-36	4.9328e-15	1.1191e-04	9.6378e-01	3.6107e-02	1.1755e-36	1.2570e-01	8.7430e-01	9.4652e-23	1.1755e-36	1.1755e-36	1.1755e-36	3.9721e-22	0.00e+00	0.00e+00	1.6902e+01
1.57751e+20	7.0656e+03	3.461e-22	1.0000e+01	8.7748e+00	1.3396e-11	1.2693e-01	8.7307e-01	1.0000e+00	1.9170e-08	1.1755e-36	7.3046e-15	1.1003e-04	9.6877e-01	3.1117e-02	1.1755e-36	1.5294e-01	8.4706e-01	7.3154e-23	1.1755e-36	1.1755e-36	1.1755e-36	7.0333e-22	0.00e+00	0.00e+00	1.7707e+01
1.57843e+20	6.9857e+03	3.335e-22	1.0000e+01	8.5232e+00	2.0498e-11	1.5218e-01	8.4782e-01	1.0000e+00	1.6396e-08	1.1755e-36	1.0398e-14	1.0770e-04	9.7289e-01	2.7004e-02	1.1755e-36	1.8261e-01	8.1739e-01	5.8367e-23	1.1755e-36	1.1755e-36	1.1755e-36	1.1740e-21	0.00e+00	0.00e+00	1.8508e+01
1.57921e+20	6.8994e+03	3.172e-22	1.0000e+01	8.2056e+00	3.0857e-11	1.8039e-01	8.1961e-01	1.0000e+00	1.4015e-08	1.1755e-36	1.4359e-14	1.0447e-04	9.7638e-01	2.3514e-02	1.1755e-36	2.1534e-01	7.8466e-01	4.7336e-23	1.1755e-36	1.1755e-36	1.1755e-36	1.8663e-21	0.00e+00	0.00e+00	1.9352e+01
1.57992e+20	6.7911e+03	2.987e-22	1.0000e+01	7.8686e+00	4.7477e-11	2.1429e-01	7.8571e-01	1.0000e+00	1.1903e-08	1.1755e-36	1.9881e-14	1.0093e-04	9.7964e-01	2.0260e-02	1.1755e-36	2.5411e-01	7.4589e-01	3.8200e-23	1.1755e-36	1.1755e-36	1.1755e-36	2.9756e-21	0.00e+00	0.00e+00	2.0273e+01
1.58056e+20	6.6598e+03	2.768e-22	1.0000e+01	7.4724e+00	7.3980e-11	2.5366e-01	7.4634e-01	1.0000e+00	1.0027e-08	1.1755e-36	2.7154e-14	9.6611e-05	9.8254e-01	1.7359e-02	1.1755e-36	2.9837e-01	7.0163e-01	3.0767e-23	1.1755e-36	1.1755e-36	1.1755e-36	4.6270e-21	0.00e+00	0.00e+00	2.1225e+01
1.58108e+20	6.5162e+03	2.546e-22	1.0000e+01	7.0656e+00	1.1208e-10	2.9432e-01	7.0568e-01	1.0000e+00	8.4830e-09	1.1755e-36	3.5519e-14	9.2050e-05	9.8489e-01	1.5013e-02	1.1755e-36	3.4326e-01	6.5674e-01	2.5199e-23	1.1755e-36	1.1755e-36	1.1755e-36	6.7293e-21	0.00e+00	0.00e+00	2.2058e+01
1.58146e+20	6.3819e+03	2.356e-22	1.0000e+01	6.7105e+00	1.5742e-10	3.2979e-01	6.7021e-01	1.0000e+00	7.4485e-09	1.1755e-36	4.3403e-14	8.7998e-05	9.8658e-01	1.3335e-02	1.1755e-36	3.8175e-01	6.1825e-01	2.1463e-23	1.1755e-36	1.1755e-36	1.1755e-36	8.8517e-21	0.00e+00	0.00e+00	2.2706e+01
1.58174e+20	6.2637e+03	2.204e-22	1.0000e+01	6.4216e+00	2.0577e-10	3.5872e-01	6.4128e-01	1.0000e+00	6.8094e-09	1.1755e-36	5.0164e-14	8.4663e-05	9.8777e-01	1.2149e-02	1.1755e-36	4.1268e-01	5.8732e-01	1.8963e-23	1.1755e-36	1.1755e-36	1.1755e-36	1.0747e-20	0.00e+00	0.00e+00	2.3239e+01
1.58196e+20	6.1512e+03	2.070e-22	1.0000e+01	6.1631e+00	2.6025e-10	3.8451e-01	6.1549e-01	1.0000e+00	6.3105e-09	1.1755e-36	5.6393e-14	8.1659e-05	9.8872e-01	1.1202e-02	1.1755e-36	4.3992e-01	5.6008e-01	1.7052e-23	1.1755e-36	1.1755e-36	1.1755e-36	1.2530e-20	0.00e+00	0.00e+00	2.3747e+01
1.58216e+20	6.0324e+03	1.941e-22	1.0000e+01	5.9065e+00	3.2793e-10	4.1009e-01	5.8991e-01	1.0000e+00	5.8303e-09	1.1755e-36	6.2722e-14	7.8656e-05	9.8957e-01	1.0348e-02	1.1755e-36	4.6664e-01	5.3336e-01	1.5395e-23	1.1755e-36	1.1755e-36	1.1755e-36	1.4362e-20	0.00e+00	0.00e+00	2.4264e+01
1.58235e+20	5.9066e+03	1.815e-22	1.0000e+01	5.6500e+00	4.1271e-10	4.3563e-01	5.6437e-01	1.0000e+00	5.3649e-09	1.1755e-36	6.9155e-14	7.5637e-05	9.9035e-01	9.5714e-03	1.1755e-36	4.9302e-01	5.0698e-01	1.3937e-23	1.1755e-36	1.1755e-36	1.1755e-36	1.6230e-20	0.00e+00	0.00e+00	2.4770e+01
1.58253e+20	5.7772e+03	1.698e-22	1.0000e+01	5.4069e+00	5.1528e-10	4.6008e-01	5.3992e-01	1.0000e+00	4.9566e-09	1.1755e-36	7.5427e-14	7.2772e-05	9.9104e-01	8.8872e-03	1.1755e-36	5.1799e-01	4.8201e-01	1.2696e-23	1.1755e-36	1.1755e-36	1.1755e-36	1.8051e-20	0.00e+00	0.00e+00	2.5240e+01
1.58268e+20	5.6509e+03	1.593e-22	1.0000e+01	5.1805e+00	6.3329e-10	4.8273e-01	5.1727e-01	1.0000e+00	4.6198e-09	1.1755e-36	8.1286e-14	7.0086e-05	9.9163e-01	8.2986e-03	1.1755e-36	5.4089e-01	4.5911e-01	1.1661e-23	1.1755e-36	1.1755e-36	1.1755e-36	1.9738e-20	0.00e+00	0.00e+00	2.5679e+01
1.58282e+20	5.5242e+03	1.496e-22	1.0000e+01	4.9675e+00	7.7041e-10	5.0402e-01	4.9598e-01	1.0000e+00	4.3267e-09	1.1755e-36	8.6843e-14	6.7557e-05	9.9215e-01	7.7804e-03	1.1755e-36	5.6221e-01	4.3779e-01	1.0775e-23	1.1755e-36	1.1755e-36	1.1755e-36	2.1324e-20	0.00e+00	0.00e+00	2.6099e+01
1.58295e+20	5.3965e+03	1.406e-22	1.0000e+01	4.7643e+00	9.2995e-10	5.2436e-01	4.7564e-01	1.0000e+00	4.0608e-09	1.1755e-36	9.2199e-14	6.5138e-05	9.9262e-01	7.3137e-03	1.1755e-36	5.8240e-01	4.1760e-01	9.9980e-24	1.1755e-36	1.1755e-36	1.1755e-36	2.2843e-20	0.00e+00	0.00e+00	2.6506e+01
1.58307e+20	5.2666e+03	1.322e-22	1.0000e+01	4.5689e+00	1.1152e-09	5.4393e-01	4.5607e-01	1.0000e+00	3.8152e-09	1.1755e-36	9.7406e-14	6.2811e-05	9.9305e-01	6.8889e-03	1.1755e-36	6.0166e-01	3.9834e-01	9.3068e-24	1.1755e-36	1.1755e-36	1.1755e-36	2.4314e-20	0.00e+00	0.00e+00	2.6902e+01
1.58316e+20	5.1598e+03	1.258e-22	1.0000e+01	4.4139e+00	1.2859e-09	5.5941e-01	4.4059e-01	1.0000e+00	3.5861e-09	1.1755e-36	1.0156e-13	6.0963e-05	9.9337e-01	6.5687e-03	1.1755e-36	6.1678e-01	3.8322e-01	8.7947e-24	1.1755e-36	1.1755e-36	1.1755e-36	2.5483e-20	0.00e+00	0.00e+00	2.7172e+01
1.58323e+20	5.0756e+03	1.210e-22	1.0000e+01	4.2972e+00	1.4310e-09	5.7108e-01	4.2892e-01	1.0000e+00	3.4844e-09	1.1755e-36	1.0471e-13	5.9575e-05	9.9360e-01	6.3356e-03	1.1755e-36	6.2810e-01	3.7190e-01	8.4285e-24	1.1755e-36	1.1755e-36	1.1755e-36	2.6374e-20	0.00e+00	0.00e+00	2.7398e+01
1.58330e+20	4.9919e+03	1.164e-22	1.0000e+01	4.1857e+00	1.5851e-09	5.8252e-01	4.1748e-01	1.0000e+00	3.3763e-09	1.1755e-36	1.0786e-13	5.8250e-05	9.9383e-01	6.1116e-03	1.1755e-36	6.3917e-01	3.6083e-01	8.0817e-24	1.1755e-36	1.1755e-36	1.1755e-36	2.7268e-20	0.00e+00	0.00e+00	2.7647e+01
1.58337e+20	4.8888e+03	1.115e-22	1.0000e+01	4.0581e+00	1.7756e-09	5.9508e-01	4.0492e-01	1.0000e+00	3.2290e-09	1.1755e-36	1.1093e-13	5.6747e-05	9.9408e-01	5.8638e-03	1.1755e-36	6.5127e-01	3.4873e-01	7.7230e-24	1.1755e-36	1.1755e-36	1.1755e-36	2.7930e-20	0.00e+00	0.00e+00	2.7925e+01
1.58344e+20	4.7803e+03	1.065e-22	1.0000e+01	3.9282e+00	1.9871e-09	6.0818e-01	3.9182e-01	1.0000e+00	3.0694e-09	1.1755e-36	1.1409e-13	5.5223e-05	9.9433e-01	5.6120e-03	1.1755e-36	6.6381e-01	3.3619e-01	7.3631e-24	1.1755e-36	1.1755e-36	1.1755e-36	2.8571e-20	0.00e+00	0.00e+00	2.8206e+01
1.58351e+20	4.6778e+03	1.017e-22	1.0000e+01	3.8012e+00	2.1927e-09	6.2054e-01	3.7946e-01	1.0000e+00	2.9277e-09	1.1755e-36	1.1686e-13	5.3718e-05	9.9457e-01	5.3813e-03	1.1755e-36	6.7557e-01	3.2443e-01	7.0355e-24	1.1755e-36	1.1755e-36	1.1755e-36	2.9007e-20	0.00e+00	0.00e+00	2.8476e+01
1.58358e+20	4.5683e+03	9.714e-23	1.0000e+01	3.6784e+00	2.4112e-09	6.3282e-01	3.6718e-01	1.0000e+00	2.7968e-09	1.1755e-36	1.1954e-13	5.2288e-05	9.9479e-01	5.1571e-03	1.1755e-36	6.8722e-01	3.1278e-01	6.7249e-24	1.1755e-36	1.1755e-36	1.1755e-36	2.9343e-20	0.00e+00	0.00e+00	2.8746e+01
1.58365e+20	4.4572e+03	9.277e-23	1.0000e+01	3.5575e+00	2.6277e-09	6.4491e-01	3.5509e-01	1.0000e+00	2.6652e-09	1.1755e-36	1.2201e-13	5.0889e-05	9.9501e-01	4.9419e-03	1.1755e-36	6.9862e-01	3.0138e-01	6.4305e-24	1.1755e-36	1.1755e-36	1.1755e-36	2.9508e-20	0.00e+00	0.00e+00	2.9015e+01
1.58371e+20	4.3442e+03	8.857e-23	1.0000e+01	3.4388e+00	2.8363e-09	6.5680e-01	3.4320e-01	1.0000e+00	2.5372e-09	1.1755e-36	1.2423e-13	4.9526e-05	9.9522e-01	4.7355e-03	1.1755e-36	7.0977e-01	2.9023e-01	6.1517e-24	1.1755e-36	1.1755e-36	1.1755e-36	2.9483e-20	0.00e+00	0.00e+00	2.9284e+01
1.58378e+20	4.2255e+03	8.454e-23	1.0000e+01	3.3217e+00	3.0358e-09	6.6861e-01	3.3139e-01	1.0000e+00	2.4079e-09	1.1755e-36	1.2624e-13	4.8207e-05	9.9542e-01	4.5349e-03	1.1755e-36	7.2081e-01	2.7919e-01	5.8853e-24	1.1755e-36	1.1755e-36	1.1755e-36	2.9253e-20	0.00e+00	0.00e+00	2.9552e+01
1.58384e+20	4.1089e+03	8.067e-23	1.0000e+01	3.2074e+00	3.2075e-09	6.8004e-01	3.1996e-01	1.0000e+00	2.2761e-09	1.1755e-36	1.2794e-13	4.6927e-05	9.9561e-01	4.3454e-03	1.1755e-36	7.3144e-01	2.6856e-01	5.6348e-24	1.1755e-36	1.1755e-36	1.1755e-36	2.8804e-20	0.00e+00	0.00e+00	2.9817e+01
1.58390e+20	3.9906e+03	7.696e-23	1.0000e+01	3.0954e+00	3.3527e-09	6.9125e-01	3.0875e-01	1.0000e+00	2.1269e-09	1.1755e-36	1.2937e-13	4.5692e-05	9.9579e-01	4.1636e-03	1.1755e-36	7.4182e-01	2.5818e-01	5.3966e-24	1.1755e-36	1.1755e-36	1.1755e-36	2.8150e-20	0.00e+00	0.00e+00	3.0083e+01
