#depth	Te	Htot	hden	eden	2H_2/H	HI	HII	HeI	HeII	HeIII	CO/C	C1	C2	C3	C4	O1	O2	O3	O4	O5	O6	H2O/O	AV(point)	AV(extend)	Tau912
6.11953e+14	6.4443e+03	3.980e-22	1.0000e+01	1.0953e+01	2.6712e-16	3.1414e-04	9.9969e-01	9.6616e-04	9.0288e-01	9.6151e-02	1.2308e-22	1.7132e-06	1.8701e-02	9.4470e-01	3.6548e-02	5.4136e-06	3.4612e-02	9.1122e-01	5.4165e-02	1.8864e-06	1.1755e-36	2.3286e-30	0.00e+00	0.00e+00	2.4270e-05
3.67172e+15	6.4437e+03	3.979e-22	1.0000e+01	1.0951e+01	2.6707e-16	3.1405e-04	9.9969e-01	9.6596e-04	9.0293e-01	9.6105e-02	1.2284e-22	1.7117e-06	1.8694e-02	9.4460e-01	3.6651e-02	5.4078e-06	3.4586e-02	9.1142e-01	5.3990e-02	1.8776e-06	1.1755e-36	2.3237e-30	0.00e+00	0.00e+00	1.2132e-04
1.59108e+16	6.4444e+03	3.976e-22	1.0000e+01	1.0950e+01	2.6666e-16	3.1390e-04	9.9969e-01	9.6615e-04	9.0342e-01	9.5612e-02	1.2259e-22	1.7098e-06	1.8688e-02	9.4461e-01	3.6649e-02	5.4032e-06	3.4572e-02	9.1216e-01	5.3265e-02	1.8410e-06	1.1755e-36	2.3187e-30	0.00e+00	0.00e+00	5.0935e-04
6.48670e+16	6.4469e+03	3.965e-22	1.0000e+01	1.0948e+01	2.6549e-16	3.1355e-04	9.9969e-01	9.6844e-04	9.0614e-01	9.2891e-02	1.2223e-22	1.7062e-06	1.8681e-02	9.4482e-01	3.6455e-02	5.4024e-06	3.4593e-02	9.1494e-01	5.0460e-02	1.7012e-06	1.1755e-36	2.3107e-30	0.00e+00	0.00e+00	2.0598e-03
1.54946e+17	6.4371e+03	3.947e-22	1.0000e+01	1.0946e+01	2.6601e-16	3.1285e-04	9.9969e-01	9.6977e-04	9.0761e-01	9.1419e-02	1.2143e-22	1.6993e-06	1.8680e-02	9.4497e-01	3.6306e-02	5.3913e-06	3.4566e-02	9.1887e-01	4.6556e-02	1.5065e-06	1.1755e-36	2.2867e-30	0.00e+00	0.00e+00	4.0707e-03
2.72050e+17	6.4277e+03	3.926e-22	1.0000e+01	1.0944e+01	2.6623e-16	3.1208e-04	9.9969e-01	9.7426e-04	9.1208e-01	8.6946e-02	1.2072e-22	1.6940e-06	1.8683e-02	9.4539e-01	3.5882e-02	5.3880e-06	3.4588e-02	9.2360e-01	4.1809e-02	1.2830e-06	1.1755e-36	2.2634e-30	0.00e+00	0.00e+00	6.6786e-03
4.24284e+17	6.4233e+03	3.900e-22	1.0000e+01	1.0939e+01	2.6352e-16	3.1096e-04	9.9969e-01	9.8120e-04	9.1951e-01	7.9512e-02	1.1906e-22	1.6877e-06	1.8680e-02	9.4605e-01	3.5234e-02	5.3825e-06	3.4619e-02	9.2916e-01	3.6211e-02	1.0377e-06	1.1755e-36	2.2102e-30	0.00e+00	0.00e+00	1.0057e-02
6.22189e+17	6.4266e+03	3.864e-22	1.0000e+01	1.0929e+01	2.5961e-16	3.0930e-04	9.9969e-01	9.9007e-04	9.2996e-01	6.9048e-02	1.1743e-22	1.6788e-06	1.8658e-02	9.4692e-01	3.4388e-02	5.3720e-06	3.4660e-02	9.3545e-01	2.9882e-02	7.8379e-07	1.1755e-36	2.1688e-30	0.00e+00	0.00e+00	1.4425e-02
8.79465e+17	6.4144e+03	3.831e-22	1.0000e+01	1.0916e+01	2.5707e-16	3.0794e-04	9.9969e-01	1.0034e-03	9.4326e-01	5.5737e-02	1.1555e-22	1.6730e-06	1.8668e-02	9.4803e-01	3.3282e-02	5.3878e-06	3.4834e-02	9.4207e-01	2.3091e-02	5.3846e-07	1.1755e-36	2.0992e-30	0.00e+00	0.00e+00	2.0078e-02
1.21392e+18	6.4034e+03	3.794e-22	1.0000e+01	1.0904e+01	2.5380e-16	3.0639e-04	9.9969e-01	1.0184e-03	9.5812e-01	4.0860e-02	1.1379e-22	1.6678e-06	1.8682e-02	9.4923e-01	3.2073e-02	5.4177e-06	3.5099e-02	9.4854e-01	1.6356e-02	3.2677e-07	1.1755e-36	2.0302e-30	0.00e+00	0.00e+00	2.7390e-02
1.64872e+18	6.3861e+03	3.755e-22	1.0000e+01	1.0891e+01	2.5380e-16	3.0490e-04	9.9970e-01	1.0340e-03	9.7258e-01	2.6390e-02	1.1342e-22	1.6646e-06	1.8716e-02	9.5040e-01	3.0870e-02	5.4684e-06	3.5473e-02	9.5418e-01	1.0346e-02	1.6858e-07	1.1755e-36	2.0007e-30	0.00e+00	0.00e+00	3.6851e-02
2.21395e+18	6.3602e+03	3.719e-22	1.0000e+01	1.0881e+01	2.5234e-16	3.0361e-04	9.9970e-01	1.0484e-03	9.8442e-01	1.4530e-02	1.1207e-22	1.6644e-06	1.8774e-02	9.5142e-01	2.9801e-02	5.5388e-06	3.5932e-02	9.5839e-01	5.6735e-03	1.1755e-36	1.1755e-36	1.9228e-30	0.00e+00	0.00e+00	4.9097e-02
2.94876e+18	6.3246e+03	3.685e-22	1.0000e+01	1.0874e+01	2.5500e-16	3.0257e-04	9.9970e-01	1.0603e-03	9.9234e-01	6.6023e-03	1.1202e-22	1.6676e-06	1.8861e-02	9.5221e-01	2.8926e-02	5.6231e-06	3.6425e-02	9.6095e-01	2.6168e-03	1.1755e-36	1.1755e-36	1.8803e-30	0.00e+00	0.00e+00	6.4962e-02
3.90401e+18	6.2796e+03	3.652e-22	1.0000e+01	1.0870e+01	2.5681e-16	3.0178e-04	9.9970e-01	1.0702e-03	9.9652e-01	2.4054e-03	1.1086e-22	1.6741e-06	1.8978e-02	9.5281e-01	2.8208e-02	5.7163e-06	3.6910e-02	9.6210e-01	9.8744e-04	1.1755e-36	1.1755e-36	1.7924e-30	0.00e+00	0.00e+00	8.5533e-02
5.14583e+18	6.2262e+03	3.621e-22	1.0000e+01	1.0868e+01	2.6224e-16	3.0132e-04	9.9970e-01	1.0795e-03	9.9823e-01	6.8833e-04	1.1065e-22	1.6846e-06	1.9131e-02	9.5332e-01	2.7548e-02	5.8229e-06	3.7398e-02	9.6230e-01	2.9908e-04	1.1755e-36	1.1755e-36	1.7292e-30	0.00e+00	0.00e+00	1.1223e-01
6.76020e+18	6.1651e+03	3.588e-22	1.0000e+01	1.0868e+01	2.6888e-16	3.0128e-04	9.9970e-01	1.0900e-03	9.9876e-01	1.5465e-04	1.1044e-22	1.7004e-06	1.9329e-02	9.5383e-01	2.6840e-02	5.9549e-06	3.7937e-02	9.6198e-01	7.2698e-05	1.1755e-36	1.1755e-36	1.6557e-30	0.00e+00	0.00e+00	1.4694e-01
8.85888e+18	6.0967e+03	3.552e-22	1.0000e+01	1.0868e+01	2.7156e-16	3.0191e-04	9.9970e-01	1.1032e-03	9.9887e-01	2.8296e-05	1.0824e-22	1.7237e-06	1.9588e-02	9.5440e-01	2.6013e-02	6.1294e-06	3.8590e-02	9.6139e-01	1.4592e-05	1.1755e-36	1.1755e-36	1.5111e-30	0.00e+00	0.00e+00	1.9216e-01
1.15872e+19	6.0223e+03	3.513e-22	1.0000e+01	1.0868e+01	2.8056e-16	3.0359e-04	9.9970e-01	1.1206e-03	9.9887e-01	4.4846e-06	1.0851e-22	1.7578e-06	1.9930e-02	9.5505e-01	2.5020e-02	6.3677e-06	3.9415e-02	9.6058e-01	2.5308e-06	1.1755e-36	1.1755e-36	1.4238e-30	0.00e+00	0.00e+00	2.5126e-01
1.51339e+19	5.9441e+03	3.472e-22	1.0000e+01	1.0868e+01	2.8709e-16	3.0690e-04	9.9969e-01	1.1440e-03	9.9886e-01	6.3724e-07	1.0795e-22	1.8078e-06	2.0382e-02	9.5578e-01	2.3832e-02	6.6978e-06	4.0472e-02	9.5952e-01	3.9034e-07	1.1755e-36	1.1755e-36	1.2961e-30	0.00e+00	0.00e+00	3.2894e-01
1.97447e+19	5.8668e+03	3.430e-22	1.0000e+01	1.0868e+01	2.9731e-16	3.1274e-04	9.9969e-01	1.1757e-03	9.9882e-01	8.0629e-08	1.0954e-22	1.8812e-06	2.0989e-02	9.5659e-01	2.2422e-02	7.1641e-06	4.1837e-02	9.5816e-01	1.1755e-36	1.1755e-36	1.1755e-36	1.1981e-30	0.00e+00	0.00e+00	4.3184e-01
2.34684e+19	5.7637e+03	3.381e-22	1.0000e+01	1.0868e+01	2.9604e-16	3.1336e-04	9.9969e-01	1.1924e-03	9.9881e-01	1.7957e-08	1.0156e-22	1.9109e-06	2.1344e-02	9.5729e-01	2.1366e-02	7.4501e-06	4.2840e-02	9.5715e-01	1.1755e-36	1.1755e-36	1.1755e-36	9.7896e-31	0.00e+00	0.00e+00	4.7605e-01
2.58152e+19	5.7419e+03	3.367e-22	1.0000e+01	1.0868e+01	2.9875e-16	3.1709e-04	9.9968e-01	1.2083e-03	9.9879e-01	7.9602e-09	1.0243e-22	1.9514e-06	2.1647e-02	9.5759e-01	2.0760e-02	7.7005e-06	4.3494e-02	9.5650e-01	1.1755e-36	1.1755e-36	1.1755e-36	9.4823e-31	0.00e+00	0.00e+00	5.2526e-01
2.83967e+19	5.7238e+03	3.353e-22	1.0000e+01	1.0868e+01	3.0073e-16	3.2163e-04	9.9968e-01	1.2264e-03	9.9877e-01	3.4643e-09	1.0344e-22	1.9989e-06	2.1989e-02	9.5789e-01	2.0123e-02	7.9925e-06	4.4226e-02	9.5577e-01	1.1755e-36	1.1755e-36	1.1755e-36	9.1573e-31	0.00e+00	0.00e+00	5.8017e-01
3.12364e+19	5.7101e+03	3.340e-22	1.0000e+01	1.0868e+01	3.0144e-16	3.2709e-04	9.9967e-01	1.2471e-03	9.9875e-01	1.4796e-09	1.0458e-22	2.0543e-06	2.2375e-02	9.5817e-01	1.9455e-02	8.3309e-06	4.5035e-02	9.5496e-01	1.1755e-36	1.1755e-36	1.1755e-36	8.8096e-31	0.00e+00	0.00e+00	6.4160e-01
3.43600e+19	5.7019e+03	3.328e-22	1.0000e+01	1.0868e+01	3.0503e-16	3.3366e-04	9.9967e-01	1.2707e-03	9.9873e-01	6.1987e-10	1.0747e-22	2.1193e-06	2.2812e-02	9.5843e-01	1.8755e-02	8.7263e-06	4.5932e-02	9.5406e-01	1.1755e-36	1.1755e-36	1.1755e-36	8.7037e-31	0.00e+00	0.00e+00	7.1052e-01
3.77960e+19	5.7005e+03	3.317e-22	1.0000e+01	1.0867e+01	3.0980e-16	3.4157e-04	9.9966e-01	1.2978e-03	9.9870e-01	2.5461e-10	1.1175e-22	2.1956e-06	2.3310e-02	9.5866e-01	1.8023e-02	9.1915e-06	4.6927e-02	9.5306e-01	1.1755e-36	1.1755e-36	1.1755e-36	8.7427e-31	0.00e+00	0.00e+00	7.8813e-01
4.15756e+19	5.7073e+03	3.308e-22	1.0000e+01	1.0867e+01	3.1526e-16	3.5115e-04	9.9965e-01	1.3292e-03	9.9867e-01	1.0249e-10	1.1763e-22	2.2865e-06	2.3881e-02	9.5886e-01	1.7260e-02	9.7459e-06	4.8044e-02	9.5195e-01	1.1755e-36	1.1755e-36	1.1755e-36	8.9183e-31	0.00e+00	0.00e+00	8.7590e-01
4.57332e+19	5.7241e+03	3.301e-22	1.0000e+01	1.0867e+01	3.1701e-16	3.6279e-04	9.9964e-01	1.3659e-03	9.9863e-01	4.0418e-11	1.2383e-22	2.3960e-06	2.4545e-02	9.5899e-01	1.6466e-02	1.0415e-05	4.9306e-02	9.5068e-01	1.1755e-36	1.1755e-36	1.1755e-36	8.9904e-31	0.00e+00	0.00e+00	9.7565e-01
5.03065e+19	5.7519e+03	3.297e-22	1.0000e+01	1.0867e+01	3.2806e-16	3.7709e-04	9.9962e-01	1.4092e-03	9.9859e-01	1.5619e-11	1.3618e-22	2.5272e-06	2.5321e-02	9.5904e-01	1.5638e-02	1.1235e-05	5.0746e-02	9.4924e-01	1.1755e-36	1.1755e-36	1.1755e-36	9.7820e-31	0.00e+00	0.00e+00	1.0897e+00
5.53372e+19	5.7952e+03	3.296e-22	1.0000e+01	1.0867e+01	3.3399e-16	3.9471e-04	9.9961e-01	1.4608e-03	9.9854e-01	5.9234e-12	1.5011e-22	2.6885e-06	2.6237e-02	9.5898e-01	1.4781e-02	1.2254e-05	5.2391e-02	9.4760e-01	1.1755e-36	1.1755e-36	1.1755e-36	1.0512e-30	0.00e+00	0.00e+00	1.2210e+00
6.08709e+19	5.8605e+03	3.297e-22	1.0000e+01	1.0866e+01	3.4458e-16	4.1648e-04	9.9958e-01	1.5226e-03	9.9848e-01	2.2148e-12	1.7218e-22	2.8850e-06	2.7322e-02	9.5877e-01	1.3902e-02	1.3537e-05	5.4279e-02	9.4571e-01	1.1755e-36	1.1755e-36	1.1755e-36	1.2034e-30	0.00e+00	0.00e+00	1.3734e+00
6.69580e+19	5.9326e+03	3.309e-22	1.0000e+01	1.0866e+01	3.6510e-16	4.4492e-04	9.9956e-01	1.6012e-03	9.9840e-01	8.2337e-13	2.0669e-22	3.1385e-06	2.8691e-02	9.5834e-01	1.2965e-02	1.5263e-05	5.6620e-02	9.4336e-01	1.1755e-36	1.1755e-36	1.1755e-36	1.4595e-30	0.00e+00	0.00e+00	1.5525e+00
7.36538e+19	6.0339e+03	3.326e-22	1.0000e+01	1.0866e+01	3.9317e-16	4.8143e-04	9.9952e-01	1.6991e-03	9.9830e-01	3.1264e-13	2.6204e-22	3.4615e-06	3.0382e-02	9.5761e-01	1.2003e-02	1.7587e-05	5.9441e-02	9.4054e-01	1.1755e-36	1.1755e-36	1.1755e-36	1.9140e-30	0.00e+00	0.00e+00	1.7657e+00
8.10192e+19	6.1692e+03	3.350e-22	1.0000e+01	1.0865e+01	4.2398e-16	5.2953e-04	9.9947e-01	1.8246e-03	9.9818e-01	1.2733e-13	3.4850e-22	3.8835e-06	3.2528e-02	9.5646e-01	1.1012e-02	2.0855e-05	6.2945e-02	9.3703e-01	1.1755e-36	1.1755e-36	1.1755e-36	2.6412e-30	0.00e+00	0.00e+00	2.0236e+00
8.91211e+19	6.3207e+03	3.394e-22	1.0000e+01	1.0864e+01	4.8526e-16	5.9678e-04	9.9940e-01	1.9954e-03	9.9800e-01	5.9500e-14	5.1355e-22	4.4660e-06	3.5430e-02	9.5461e-01	9.9536e-03	2.5831e-05	6.7634e-02	9.3234e-01	1.1755e-36	1.1755e-36	1.1755e-36	4.1648e-30	0.00e+00	0.00e+00	2.3434e+00
9.80332e+19	6.5167e+03	3.453e-22	1.0000e+01	1.0863e+01	5.7296e-16	6.9283e-04	9.9931e-01	2.2336e-03	9.9777e-01	3.3507e-14	8.4042e-22	5.2845e-06	3.9419e-02	9.5173e-01	8.8494e-03	3.3828e-05	7.4000e-02	9.2597e-01	1.1755e-36	1.1755e-36	1.1755e-36	7.3959e-30	0.00e+00	0.00e+00	2.7517e+00
1.06469e+20	6.7367e+03	3.531e-22	1.0000e+01	1.0861e+01	6.8822e-16	8.1624e-04	9.9918e-01	2.5248e-03	9.9748e-01	2.2889e-14	1.4430e-21	6.2934e-06	4.4223e-02	9.4789e-01	7.8839e-03	4.5544e-05	8.1665e-02	9.1829e-01	1.1755e-36	1.1755e-36	1.1755e-36	1.3891e-29	0.00e+00	0.00e+00	3.1400e+00
1.12412e+20	6.9177e+03	3.603e-22	1.0000e+01	1.0860e+01	8.0086e-16	9.3397e-04	9.9907e-01	2.7914e-03	9.9721e-01	1.8653e-14	2.2473e-21	7.2137e-06	4.8547e-02	9.4421e-01	7.2396e-03	5.8267e-05	8.8637e-02	9.1130e-01	1.1755e-36	1.1755e-36	1.1755e-36	2.3187e-29	0.00e+00	0.00e+00	3.3964e+00
1.16123e+20	7.0336e+03	3.653e-22	1.0000e+01	1.0859e+01	9.0545e-16	1.0258e-03	9.9897e-01	2.9989e-03	9.9700e-01	1.6983e-14	3.1106e-21	7.9263e-06	5.1887e-02	9.4129e-01	6.8173e-03	6.9401e-05	9.4062e-02	9.0587e-01	1.1755e-36	1.1755e-36	1.1755e-36	3.3818e-29	0.00e+00	0.00e+00	3.5955e+00
1.19660e+20	7.1367e+03	3.700e-22	1.0000e+01	1.0857e+01	1.0482e-15	1.1301e-03	9.9887e-01	3.2418e-03	9.9676e-01	1.5640e-14	4.4393e-21	8.7498e-06	5.5748e-02	9.3787e-01	6.3692e-03	8.3494e-05	1.0033e-01	8.9959e-01	1.1755e-36	1.1755e-36	1.1755e-36	5.0989e-29	0.00e+00	0.00e+00	3.8807e+00
1.23540e+20	7.2589e+03	3.757e-22	1.0000e+01	1.0856e+01	1.2351e-15	1.2669e-03	9.9873e-01	3.5525e-03	9.9645e-01	1.3924e-14	6.6857e-21	9.7947e-06	6.0632e-02	9.3346e-01	5.8977e-03	1.0398e-04	1.0842e-01	8.9148e-01	1.1755e-36	1.1755e-36	1.1755e-36	8.1136e-29	0.00e+00	0.00e+00	4.1816e+00
1.26867e+20	7.3715e+03	3.813e-22	1.0000e+01	1.0854e+01	1.4489e-15	1.4118e-03	9.9859e-01	3.8769e-03	9.9612e-01	1.2673e-14	9.8806e-21	1.0870e-05	6.5647e-02	9.2885e-01	5.4935e-03	1.2826e-04	1.1689e-01	8.8298e-01	1.1755e-36	1.1755e-36	1.1755e-36	1.2631e-28	0.00e+00	0.00e+00	4.4394e+00
1.29469e+20	7.4618e+03	3.860e-22	1.0000e+01	1.0852e+01	1.6649e-15	1.5485e-03	9.9845e-01	4.1827e-03	9.9582e-01	1.1859e-14	1.3818e-20	1.1869e-05	7.0304e-02	9.2452e-01	5.1658e-03	1.5372e-04	1.2487e-01	8.7498e-01	1.1755e-36	1.1755e-36	1.1755e-36	1.8392e-28	0.00e+00	0.00e+00	4.6653e+00
1.31698e+20	7.5433e+03	3.899e-22	1.0000e+01	1.0851e+01	1.9096e-15	1.6851e-03	9.9831e-01	4.4860e-03	9.9551e-01	1.1216e-14	1.9015e-20	1.2861e-05	7.4879e-02	9.2023e-01	4.8749e-03	1.8172e-04	1.3285e-01	8.6697e-01	1.1755e-36	1.1755e-36	1.1755e-36	2.6492e-28	0.00e+00	0.00e+00	4.8937e+00
1.33843e+20	7.6136e+03	3.942e-22	1.0000e+01	1.0849e+01	2.2062e-15	1.8406e-03	9.9816e-01	4.8348e-03	9.9517e-01	1.0578e-14	2.6386e-20	1.3973e-05	8.0080e-02	9.1533e-01	4.5800e-03	2.1658e-04	1.4193e-01	8.5786e-01	1.1755e-36	1.1755e-36	1.1755e-36	3.8074e-28	0.00e+00	0.00e+00	5.1427e+00
1.35928e+20	7.6917e+03	3.982e-22	1.0000e+01	1.0847e+01	2.5696e-15	2.0162e-03	9.9798e-01	5.2245e-03	9.9478e-01	9.9541e-15	3.7311e-20	1.5205e-05	8.5777e-02	9.0992e-01	4.2922e-03	2.6003e-04	1.5218e-01	8.4756e-01	1.1755e-36	1.1755e-36	1.1755e-36	5.6283e-28	0.00e+00	0.00e+00	5.4007e+00
1.37843e+20	7.7585e+03	4.023e-22	1.0000e+01	1.0844e+01	2.9844e-15	2.2088e-03	9.9779e-01	5.6538e-03	9.9435e-01	9.3900e-15	5.2312e-20	1.6526e-05	9.1974e-02	9.0399e-01	4.0176e-03	3.1243e-04	1.6338e-01	8.3630e-01	1.1755e-36	1.1755e-36	1.1755e-36	8.1354e-28	0.00e+00	0.00e+00	5.6521e+00
1.39541e+20	7.8115e+03	4.065e-22	1.0000e+01	1.0842e+01	3.4813e-15	2.4117e-03	9.9759e-01	6.1047e-03	9.9390e-01	8.9077e-15	7.2745e-20	1.7894e-05	9.8334e-02	8.9788e-01	3.7636e-03	3.7296e-04	1.7513e-01	8.2450e-01	1.1755e-36	1.1755e-36	1.1755e-36	1.1686e-27	0.00e+00	0.00e+00	5.8946e+00
1.41068e+20	7.8842e+03	4.092e-22	1.0000e+01	1.0840e+01	3.9918e-15	2.6184e-03	9.9738e-01	6.5614e-03	9.9344e-01	8.5024e-15	9.9848e-20	1.9262e-05	1.0469e-01	8.9175e-01	3.5376e-03	4.4108e-04	1.8718e-01	8.1238e-01	1.1755e-36	1.1755e-36	1.1755e-36	1.6664e-27	0.00e+00	0.00e+00	6.1361e+00
1.42488e+20	7.9343e+03	4.126e-22	1.0000e+01	1.0836e+01	4.5889e-15	2.8476e-03	9.9715e-01	7.0731e-03	9.9293e-01	8.1100e-15	1.3600e-19	2.0741e-05	1.1169e-01	8.8498e-01	3.3129e-03	5.2304e-04	2.0040e-01	7.9907e-01	1.1755e-36	1.1755e-36	1.1755e-36	2.3156e-27	0.00e+00	0.00e+00	6.3841e+00
1.43826e+20	7.9859e+03	4.158e-22	1.0000e+01	1.0834e+01	5.3740e-15	3.0975e-03	9.9690e-01	7.6249e-03	9.9238e-01	7.7404e-15	1.8911e-19	2.2342e-05	1.1906e-01	8.7782e-01	3.0970e-03	6.2074e-04	2.1478e-01	7.8460e-01	1.1755e-36	1.1755e-36	1.1755e-36	3.3595e-27	0.00e+00	0.00e+00	6.6373e+00
1.45072e+20	8.0358e+03	4.188e-22	1.0000e+01	1.0830e+01	6.2004e-15	3.3703e-03	9.9663e-01	8.2289e-03	9.9177e-01	7.3928e-15	2.5888e-19	2.4029e-05	1.2704e-01	8.7005e-01	2.8897e-03	7.3703e-04	2.3033e-01	7.6893e-01	1.1755e-36	1.1755e-36	1.1755e-36	4.7035e-27	0.00e+00	0.00e+00	6.8922e+00
1.46220e+20	8.0801e+03	4.217e-22	1.0000e+01	1.0827e+01	7.2488e-15	3.6635e-03	9.9634e-01	8.8753e-03	9.9112e-01	7.0729e-15	3.5736e-19	2.5817e-05	1.3532e-01	8.6197e-01	2.6933e-03	8.7308e-04	2.4691e-01	7.5222e-01	1.1755e-36	1.1755e-36	1.1755e-36	6.7355e-27	0.00e+00	0.00e+00	7.1461e+00
1.47279e+20	8.1215e+03	4.244e-22	1.0000e+01	1.0823e+01	8.4239e-15	3.9794e-03	9.9602e-01	9.5718e-03	9.9043e-01	6.7780e-15	4.8879e-19	2.7689e-05	1.4408e-01	8.5338e-01	2.5066e-03	1.0322e-03	2.6454e-01	7.3443e-01	1.1755e-36	1.1755e-36	1.1755e-36	9.4826e-27	0.00e+00	0.00e+00	7.4022e+00
1.48266e+20	8.1598e+03	4.270e-22	1.0000e+01	1.0819e+01	9.7438e-15	4.3235e-03	9.9568e-01	1.0333e-02	9.8967e-01	6.4966e-15	6.6397e-19	2.9659e-05	1.5346e-01	8.4419e-01	2.3275e-03	1.2200e-03	2.8342e-01	7.1536e-01	1.1755e-36	1.1755e-36	1.1755e-36	1.3150e-26	0.00e+00	0.00e+00	7.6628e+00
1.49190e+20	8.2040e+03	4.292e-22	1.0000e+01	1.0815e+01	1.1368e-14	4.6947e-03	9.9531e-01	1.1150e-02	9.8885e-01	6.2340e-15	9.1142e-19	3.1759e-05	1.6321e-01	8.3460e-01	2.1578e-03	1.4398e-03	3.0355e-01	6.9501e-01	1.1755e-36	1.1755e-36	1.1755e-36	1.8720e-26	0.00e+00	0.00e+00	7.9275e+00
1.50055e+20	8.2310e+03	4.319e-22	1.0000e+01	1.0809e+01	1.3267e-14	5.1089e-03	9.9489e-01	1.2061e-02	9.8794e-01	5.9762e-15	1.2412e-18	3.3994e-05	1.7386e-01	8.2411e-01	1.9915e-03	1.7025e-03	3.2524e-01	6.7306e-01	1.1755e-36	1.1755e-36	1.1755e-36	2.6028e-26	0.00e+00	0.00e+00	8.1972e+00
1.50863e+20	8.2751e+03	4.337e-22	1.0000e+01	1.0804e+01	1.5508e-14	5.5515e-03	9.9445e-01	1.3033e-02	9.8697e-01	5.7400e-15	1.7038e-18	3.6349e-05	1.8484e-01	8.1329e-01	1.8367e-03	2.0070e-03	3.4808e-01	6.4991e-01	1.1755e-36	1.1755e-36	1.1755e-36	3.7100e-26	0.00e+00	0.00e+00	8.4708e+00
1.51619e+20	8.3025e+03	4.360e-22	1.0000e+01	1.0799e+01	1.8234e-14	6.0444e-03	9.9396e-01	1.4110e-02	9.8589e-01	5.5092e-15	2.3318e-18	3.8860e-05	1.9668e-01	8.0160e-01	1.6860e-03	2.3686e-03	3.7244e-01	6.2520e-01	1.1755e-36	1.1755e-36	1.1755e-36	5.2312e-26	0.00e+00	0.00e+00	8.7496e+00
1.52327e+20	8.3298e+03	4.381e-22	1.0000e+01	1.0791e+01	2.1314e-14	6.5871e-03	9.9341e-01	1.5296e-02	9.8470e-01	5.2864e-15	3.1688e-18	4.1493e-05	2.0934e-01	7.8908e-01	1.5422e-03	2.7946e-03	3.9819e-01	5.9902e-01	1.1755e-36	1.1755e-36	1.1755e-36	7.2634e-26	0.00e+00	0.00e+00	9.0350e+00
1.52992e+20	8.3577e+03	4.401e-22	1.0000e+01	1.0784e+01	2.5150e-14	7.1847e-03	9.9282e-01	1.6597e-02	9.8340e-01	5.0731e-15	4.3420e-18	4.4306e-05	2.2269e-01	7.7586e-01	1.4057e-03	3.2949e-03	4.2528e-01	5.7142e-01	1.1755e-36	1.1755e-36	1.1755e-36	1.0276e-25	0.00e+00	0.00e+00	9.3270e+00
1.53617e+20	8.3868e+03	4.419e-22	1.0000e+01	1.0777e+01	2.9907e-14	7.8442e-03	9.9216e-01	1.8025e-02	9.8198e-01	4.8708e-15	5.9895e-18	4.7322e-05	2.3678e-01	7.6190e-01	1.2762e-03	3.8819e-03	4.5364e-01	5.4248e-01	1.1755e-36	1.1755e-36	1.1755e-36	1.4765e-25	0.00e+00	0.00e+00	9.6266e+00
1.54204e+20	8.4039e+03	4.440e-22	1.0000e+01	1.0767e+01	3.5435e-14	8.5887e-03	9.9141e-01	1.9628e-02	9.8037e-01	4.6691e-15	8.1747e-18	5.0483e-05	2.5207e-01	7.4673e-01	1.1515e-03	4.5799e-03	4.8338e-01	5.1204e-01	1.1755e-36	1.1755e-36	1.1755e-36	2.0640e-25	0.00e+00	0.00e+00	9.9359e+00
1.54758e+20	8.4292e+03	4.457e-22	1.0000e+01	1.0759e+01	4.2616e-14	9.4139e-03	9.9059e-01	2.1395e-02	9.7861e-01	4.4784e-15	1.1350e-17	5.3908e-05	2.6810e-01	7.3081e-01	1.0344e-03	5.3977e-03	5.1417e-01	4.8043e-01	1.1755e-36	1.1755e-36	1.1755e-36	2.9996e-25	0.00e+00	0.00e+00	1.0255e+01
1.55279e+20	8.4404e+03	4.477e-22	1.0000e+01	1.0745e+01	5.0808e-14	1.0354e-02	9.8965e-01	2.3394e-02	9.7661e-01	4.2849e-15	1.5481e-17	5.7460e-05	2.8549e-01	7.1353e-01	9.2249e-04	6.3704e-03	5.4600e-01	4.4763e-01	1.1755e-36	1.1755e-36	1.1755e-36	4.1784e-25	0.00e+00	0.00e+00	1.0586e+01
1.55771e+20	8.4604e+03	4.494e-22	1.0000e+01	1.0736e+01	6.2308e-14	1.1409e-02	9.8859e-01	2.5615e-02	9.7439e-01	4.1044e-15	2.1786e-17	6.1385e-05	3.0378e-01	6.9534e-01	8.1783e-04	7.5138e-03	5.7853e-01	4.1395e-01	1.1755e-36	1.1755e-36	1.1755e-36	6.2259e-25	0.00e+00	0.00e+00	1.0930e+01
1.56236e+20	8.4594e+03	4.516e-22	1.0000e+01	1.0720e+01	7.6027e-14	1.2636e-02	9.8736e-01	2.8167e-02	9.7183e-01	3.9190e-15	3.0127e-17	6.5488e-05	3.2376e-01	6.7545e-01	7.1791e-04	8.8871e-03	6.1173e-01	3.7938e-01	1.1755e-36	1.1755e-36	1.1755e-36	8.8710e-25	0.00e+00	0.00e+00	1.1290e+01
1.56675e+20	8.4738e+03	4.531e-22	1.0000e+01	1.0701e+01	9.3026e-14	1.4027e-02	9.8597e-01	3.1036e-02	9.6896e-01	3.7397e-15	4.1949e-17	6.9810e-05	3.4485e-01	6.5446e-01	6.2570e-04	1.0504e-02	6.4504e-01	3.4446e-01	1.1755e-36	1.1755e-36	1.1755e-36	1.2859e-24	0.00e+00	0.00e+00	1.1669e+01
1.57092e+20	8.4766e+03	4.552e-22	1.0000e+01	1.0687e+01	1.1838e-13	1.5664e-02	9.8434e-01	3.4348e-02	9.6565e-01	3.5652e-15	6.0405e-17	7.4688e-05	3.6761e-01	6.3178e-01	5.3883e-04	1.2456e-02	6.7839e-01	3.0915e-01	1.1755e-36	1.1755e-36	1.1755e-36	1.9846e-24	0.00e+00	0.00e+00	1.2071e+01
1.57489e+20	8.4639e+03	4.575e-22	1.0000e+01	1.0662e+01	1.4960e-13	1.7617e-02	9.8238e-01	3.8232e-02	9.6177e-01	3.3845e-15	8.5441e-17	7.9729e-05	3.9251e-01	6.0696e-01	4.5747e-04	1.4833e-02	7.1138e-01	2.7379e-01	1.1755e-36	1.1755e-36	1.1755e-36	2.9234e-24	0.00e+00	0.00e+00	1.2502e+01
1.57869e+20	8.4466e+03	4.598e-22	1.0000e+01	1.0635e+01	1.9517e-13	1.9972e-02	9.8003e-01	4.2821e-02	9.5718e-01	3.2030e-15	1.2434e-16	8.5326e-05	4.1952e-01	5.8002e-01	3.8210e-04	1.7752e-02	7.4362e-01	2.3862e-01	1.1755e-36	1.1755e-36	1.1755e-36	4.5283e-24	0.00e+00	0.00e+00	1.2971e+01
1.58232e+20	8.4361e+03	4.618e-22	1.0000e+01	1.0609e+01	2.6122e-13	2.2839e-02	9.7716e-01	4.8249e-02	9.5175e-01	3.0247e-15	1.8594e-16	9.1460e-05	4.4869e-01	5.5091e-01	3.1339e-04	2.1356e-02	7.7445e-01	2.0419e-01	1.1755e-36	1.1755e-36	1.1755e-36	7.3670e-24	0.00e+00	0.00e+00	1.3480e+01
1.58572e+20	8.4096e+03	4.638e-22	1.0000e+01	1.0563e+01	3.4991e-13	2.6363e-02	9.7364e-01	5.4704e-02	9.4530e-01	2.8384e-15	2.7422e-16	9.7699e-05	4.8009e-01	5.1956e-01	2.5206e-04	2.5816e-02	8.0265e-01	1.7153e-01	1.1755e-36	1.1755e-36	1.1755e-36	1.1551e-23	0.00e+00	0.00e+00	1.4026e+01
1.58885e+20	8.3736e+03	4.658e-22	1.0000e+01	1.0514e+01	4.8563e-13	3.0668e-02	9.6933e-01	6.2281e-02	9.3772e-01	2.6561e-15	4.1459e-16	1.0429e-04	5.1289e-01	4.8681e-01	1.9916e-04	3.1280e-02	8.2711e-01	1.4161e-01	1.1755e-36	1.1755e-36	1.1755e-36	1.9050e-23	0.00e+00	0.00e+00	1.4602e+01
1.59168e+20	8.3402e+03	4.668e-22	1.0000e+01	1.0446e+01	6.7445e-13	3.5829e-02	9.6417e-01	7.1063e-02	9.2894e-01	2.4725e-15	6.2113e-16	1.1068e-04	5.4619e-01	4.5355e-01	1.5524e-04	3.7839e-02	8.4693e-01	1.1523e-01	1.1755e-36	1.1755e-36	1.1755e-36	3.1079e-23	0.00e+00	0.00e+00	1.5210e+01
1.59395e+20	8.2997e+03	4.682e-22	1.0000e+01	1.0381e+01	9.2999e-13	4.1529e-02	9.5847e-01	7.9970e-02	9.2003e-01	2.3060e-15	9.0565e-16	1.1642e-04	5.7624e-01	4.2352e-01	1.2246e-04	4.5043e-02	8.6058e-01	9.4379e-02	1.1755e-36	1.1755e-36	1.1755e-36	4.9708e-23	0.00e+00	0.00e+00	1.5695e+01
1.59558e+20	8.2509e+03	4.699e-22	1.0000e+01	1.0335e+01	1.2255e-12	4.6879e-02	9.5312e-01	8.7909e-02	9.1209e-01	2.2002e-15	1.2333e-15	1.2117e-04	6.0050e-01	3.9928e-01	1.0037e-04	5.1770e-02	8.6833e-01	7.9902e-02	1.1755e-36	1.1755e-36	1.1755e-36	7.3581e-23	0.00e+00	0.00e+00	1.6109e+01
1.59694e+20	8.2203e+03	4.696e-22	1.0000e+01	1.0278e+01	1.5512e-12	5.2190e-02	9.4781e-01	9.5649e-02	9.0435e-01	2.1075e-15	1.6089e-15	1.2508e-04	6.2193e-01	3.7786e-01	8.3633e-05	5.8438e-02	8.7302e-01	6.8543e-02	1.1755e-36	1.1755e-36	1.1755e-36	1.0315e-22	0.00e+00	0.00e+00	1.6546e+01
1.59846e+20	8.1687e+03	4.683e-22	1.0000e+01	1.0194e+01	2.0583e-12	5.9318e-02	9.4068e-01	1.0597e-01	8.9403e-01	1.9950e-15	2.1836e-15	1.2951e-04	6.4753e-01	3.5228e-01	6.6714e-05	6.7352e-02	8.7584e-01	5.6813e-02	1.1755e-36	1.1755e-36	1.1755e-36	1.5129e-22	0.00e+00	0.00e+00	1.7192e+01
1.60007e+20	8.1122e+03	4.676e-22	1.0000e+01	1.0110e+01	2.9594e-12	6.9526e-02	9.3047e-01	1.1918e-01	8.8082e-01	1.8425e-15	3.2201e-15	1.3468e-04	6.7663e-01	3.2318e-01	5.0595e-05	8.0004e-02	8.7504e-01	4.4960e-02	1.1755e-36	1.1755e-36	1.1755e-36	2.5254e-22	0.00e+00	0.00e+00	1.7849e+01
1.60135e+20	8.0886e+03	4.627e-22	1.0000e+01	9.9604e+00	3.9624e-12	7.9933e-02	9.2007e-01	1.3146e-01	8.6854e-01	1.7189e-15	4.4009e-15	1.3751e-04	7.0015e-01	2.9967e-01	3.9622e-05	9.2825e-02	8.7087e-01	3.6304e-02	1.1755e-36	1.1755e-36	1.1755e-36	3.7837e-22	0.00e+00	0.00e+00	1.8385e+01
1.60233e+20	8.0360e+03	4.599e-22	1.0000e+01	9.8524e+00	5.2233e-12	9.0255e-02	9.0974e-01	1.4306e-01	8.5694e-01	1.6296e-15	5.8048e-15	1.4026e-04	7.2015e-01	2.7967e-01	3.1896e-05	1.0544e-01	8.6442e-01	3.0140e-02	1.1755e-36	1.1755e-36	1.1755e-36	5.4497e-22	0.00e+00	0.00e+00	1.8894e+01
1.60321e+20	8.0024e+03	4.549e-22	1.0000e+01	9.7320e+00	6.7505e-12	1.0133e-01	8.9867e-01	1.5491e-01	8.4509e-01	1.5442e-15	7.5407e-15	1.4235e-04	7.3863e-01	2.6121e-01	2.5798e-05	1.1889e-01	8.5602e-01	2.5085e-02	1.1755e-36	1.1755e-36	1.1755e-36	7.7250e-22	0.00e+00	0.00e+00	1.9450e+01
1.60421e+20	7.9564e+03	4.463e-22	1.0000e+01	9.5529e+00	9.2230e-12	1.1633e-01	8.8367e-01	1.7055e-01	8.2945e-01	1.4413e-15	1.0272e-14	1.4417e-04	7.6016e-01	2.3968e-01	1.9850e-05	1.3697e-01	8.4302e-01	2.0008e-02	1.1755e-36	1.1755e-36	1.1755e-36	1.1686e-21	0.00e+00	0.00e+00	2.0280e+01
1.60524e+20	7.9046e+03	4.358e-22	1.0000e+01	9.3279e+00	1.3340e-11	1.3721e-01	8.6279e-01	1.8913e-01	8.1087e-01	1.3108e-15	1.4712e-14	1.4533e-04	7.8284e-01	2.1700e-01	1.4613e-05	1.6185e-01	8.2291e-01	1.5233e-02	1.1755e-36	1.1755e-36	1.1755e-36	1.9020e-21	0.00e+00	0.00e+00	2.1084e+01
1.60603e+20	7.8516e+03	4.253e-22	1.0000e+01	9.1117e+00	1.8503e-11	1.5866e-01	8.4134e-01	2.0589e-01	7.9411e-01	1.2169e-15	2.0035e-14	1.4557e-04	8.0113e-01	1.9871e-01	1.1158e-05	1.8711e-01	8.0096e-01	1.1927e-02	1.1755e-36	1.1755e-36	1.1755e-36	2.8966e-21	0.00e+00	0.00e+00	2.1733e+01
1.60662e+20	7.8240e+03	4.137e-22	1.0000e+01	8.8990e+00	2.3806e-11	1.7759e-01	8.2241e-01	2.1979e-01	7.8021e-01	1.1489e-15	2.5442e-14	1.4478e-04	8.1463e-01	1.8521e-01	8.9999e-06	2.0917e-01	7.8106e-01	9.7753e-03	1.1755e-36	1.1755e-36	1.1755e-36	4.0272e-21	0.00e+00	0.00e+00	2.2325e+01
1.60722e+20	7.7722e+03	3.995e-22	1.0000e+01	8.6569e+00	3.1467e-11	2.0020e-01	7.9980e-01	2.3617e-01	7.6383e-01	1.0789e-15	3.2674e-14	1.4365e-04	8.2910e-01	1.7075e-01	7.0825e-06	2.3524e-01	7.5691e-01	7.8532e-03	1.1755e-36	1.1755e-36	1.1755e-36	5.6679e-21	0.00e+00	0.00e+00	2.3191e+01
1.60789e+20	7.7173e+03	3.807e-22	1.0000e+01	8.3325e+00	4.3752e-11	2.3089e-01	7.6911e-01	2.5536e-01	7.4464e-01	9.8558e-16	4.3745e-14	1.4114e-04	8.4449e-01	1.5536e-01	5.3417e-06	2.7015e-01	7.2385e-01	6.0023e-03	1.1755e-36	1.1755e-36	1.1755e-36	8.4714e-21	0.00e+00	0.00e+00	2.4135e+01
1.60847e+20	7.6495e+03	3.610e-22	1.0000e+01	7.9840e+00	6.0467e-11	2.6436e-01	7.3564e-01	2.7375e-01	7.2625e-01	9.0523e-16	5.7386e-14	1.3771e-04	8.5784e-01	1.4202e-01	4.0851e-06	3.0761e-01	6.8778e-01	4.6075e-03	1.1755e-36	1.1755e-36	1.1755e-36	1.2313e-20	0.00e+00	0.00e+00	2.4988e+01
1.60894e+20	7.5930e+03	3.417e-22	1.0000e+01	7.6538e+00	7.9268e-11	2.9597e-01	7.0403e-01	2.8946e-01	7.1054e-01	8.4566e-16	7.1582e-14	1.3389e-04	8.6846e-01	1.3141e-01	3.2467e-06	3.4244e-01	6.5391e-01	3.6488e-03	1.1755e-36	1.1755e-36	1.1755e-36	1.6677e-20	0.00e+00	0.00e+00	2.5783e+01
1.60935e+20	7.5227e+03	3.234e-22	1.0000e+01	7.3479e+00	1.0229e-10	3.2789e-01	6.7211e-01	3.0468e-01	6.9532e-01	7.9233e-16	8.7174e-14	1.3022e-04	8.7793e-01	1.2194e-01	2.6194e-06	3.7708e-01	6.1999e-01	2.9264e-03	1.1755e-36	1.1755e-36	1.1755e-36	2.1803e-20	0.00e+00	0.00e+00	2.6600e+01
1.60973e+20	7.4685e+03	3.029e-22	1.0000e+01	6.9924e+00	1.2961e-10	3.5980e-01	6.4020e-01	3.1874e-01	6.8126e-01	7.4039e-16	1.0420e-13	1.2533e-04	8.8601e-01	1.1386e-01	2.1441e-06	4.1119e-01	5.8645e-01	2.3587e-03	1.1755e-36	1.1755e-36	1.1755e-36	2.7845e-20	0.00e+00	0.00e+00	2.7460e+01
1.61007e+20	7.4008e+03	2.845e-22	1.0000e+01	6.6685e+00	1.6176e-10	3.9148e-01	6.0852e-01	3.3148e-01	6.6852e-01	6.9350e-16	1.2177e-13	1.2072e-04	8.9306e-01	1.0682e-01	1.7850e-06	4.4455e-01	5.5352e-01	1.9251e-03	1.1755e-36	1.1755e-36	1.1755e-36	3.4322e-20	0.00e+00	0.00e+00	2.8197e+01
1.61034e+20	7.3509e+03	2.686e-22	1.0000e+01	6.3891e+00	1.9234e-10	4.1809e-01	5.8191e-01	3.4173e-01	6.5827e-01	6.5995e-16	1.3716e-13	1.1654e-04	8.9847e-01	1.0141e-01	1.5393e-06	4.7219e-01	5.2619e-01	1.6259e-03	1.1755e-36	1.1755e-36	1.1755e-36	4.0214e-20	0.00e+00	0.00e+00	2.8845e+01
1.61058e+20	7.2857e+03	2.549e-22	1.0000e+01	6.1467e+00	2.2589e-10	4.4261e-01	5.5739e-01	3.5131e-01	6.4869e-01	6.3067e-16	1.5154e-13	1.1296e-04	9.0328e-01	9.6603e-02	1.3477e-06	4.9737e-01	5.0123e-01	1.3971e-03	1.1755e-36	1.1755e-36	1.1755e-36	4.5712e-20	0.00e+00	0.00e+00	2.9473e+01
1.61080e+20	7.2385e+03	2.408e-22	1.0000e+01	5.8934e+00	2.6102e-10	4.6580e-01	5.3420e-01	3.6007e-01	6.3993e-01	6.0291e-16	1.6591e-13	1.0899e-04	9.0753e-01	9.2363e-02	1.1901e-06	5.2092e-01	4.7787e-01	1.2067e-03	1.1755e-36	1.1755e-36	1.1755e-36	5.1437e-20	0.00e+00	0.00e+00	3.0143e+01
1.61102e+20	7.1750e+03	2.274e-22	1.0000e+01	5.6481e+00	3.0345e-10	4.8959e-01	5.1041e-01	3.6892e-01	6.3108e-01	5.7457e-16	1.8090e-13	1.0513e-04	9.1166e-01	8.8231e-02	1.0518e-06	5.4483e-01	4.5413e-01	1.0414e-03	1.1755e-36	1.1755e-36	1.1755e-36	5.7411e-20	0.00e+00	0.00e+00	3.0798e+01
1.61123e+20	7.1058e+03	2.152e-22	1.0000e+01	5.4252e+00	3.5433e-10	5.1254e-01	4.8746e-01	3.7760e-01	6.2240e-01	5.4915e-16	1.9776e-13	1.0166e-04	9.1554e-01	8.4360e-02	9.3529e-07	5.6766e-01	4.3144e-01	9.0432e-04	1.1755e-36	1.1755e-36	1.1755e-36	6.4764e-20	0.00e+00	0.00e+00	3.1430e+01
1.61142e+20	7.0456e+03	2.033e-22	1.0000e+01	5.2026e+00	4.0610e-10	5.3370e-01	4.6630e-01	3.8538e-01	6.1462e-01	5.2658e-16	2.1286e-13	9.8040e-05	9.1895e-01	8.0948e-02	8.3925e-07	5.8850e-01	4.1071e-01	7.9134e-04	1.1755e-36	1.1755e-36	1.1755e-36	7.1214e-20	0.00e+00	0.00e+00	3.2071e+01
1.61157e+20	7.0138e+03	1.941e-22	1.0000e+01	5.0219e+00	4.4569e-10	5.5004e-01	4.4996e-01	3.9079e-01	6.0921e-01	5.0751e-16	2.2411e-13	9.4938e-05	9.2133e-01	7.8570e-02	7.7430e-07	6.0443e-01	3.9486e-01	7.1213e-04	1.1755e-36	1.1755e-36	1.1755e-36	7.5965e-20	0.00e+00	0.00e+00	3.2477e+01
1.61168e+20	6.9710e+03	1.881e-22	1.0000e+01	4.9073e+00	4.8213e-10	5.6171e-01	4.3829e-01	3.9528e-01	6.0472e-01	4.9731e-16	2.3275e-13	9.3074e-05	9.2317e-01	7.6735e-02	7.2996e-07	6.1575e-01	3.8359e-01	6.6159e-04	1.1755e-36	1.1755e-36	1.1755e-36	7.9662e-20	0.00e+00	0.00e+00	3.2802e+01
1.61177e+20	6.9402e+03	1.824e-22	1.0000e+01	4.7986e+00	5.1362e-10	5.7182e-01	4.2818e-01	3.9924e-01	6.0076e-01	4.8761e-16	2.3989e-13	9.1262e-05	9.2479e-01	7.5121e-02	6.9198e-07	6.2552e-01	3.7386e-01	6.1888e-04	1.1755e-36	1.1755e-36	1.1755e-36	8.2584e-20	0.00e+00	0.00e+00	3.3160e+01
1.61189e+20	6.8928e+03	1.759e-22	1.0000e+01	4.6739e+00	5.5746e-10	5.8391e-01	4.1609e-01	4.0426e-01	5.9574e-01	4.7472e-16	2.4862e-13	8.9206e-05	9.2674e-01	7.3173e-02	6.4895e-07	6.3714e-01	3.6229e-01	5.7179e-04	1.1755e-36	1.1755e-36	1.1755e-36	8.6118e-20	0.00e+00	0.00e+00	3.3614e+01
1.61201e+20	6.8445e+03	1.688e-22	1.0000e+01	4.5348e+00	6.0806e-10	5.9733e-01	4.0267e-01	4.0965e-01	5.9035e-01	4.5971e-16	2.5821e-13	8.6872e-05	9.2882e-01	7.1096e-02	6.0473e-07	6.4996e-01	3.4952e-01	5.2297e-04	1.1755e-36	1.1755e-36	1.1755e-36	8.9956e-20	0.00e+00	0.00e+00	3.4094e+01
1.61213e+20	6.7966e+03	1.621e-22	1.0000e+01	4.4000e+00	6.6139e-10	6.1035e-01	3.8965e-01	4.1488e-01	5.8512e-01	4.4572e-16	2.6745e-13	8.4592e-05	9.3079e-01	6.9124e-02	5.6476e-07	6.6233e-01	3.3720e-01	4.7905e-04	1.1755e-36	1.1755e-36	1.1755e-36	9.3572e-20	0.00e+00	0.00e+00	3.4548e+01
1.61225e+20	6.7404e+03	1.560e-22	1.0000e+01	4.2789e+00	7.2135e-10	6.2278e-01	3.7722e-01	4.2024e-01	5.7976e-01	4.3278e-16	2.7667e-13	8.2592e-05	9.3270e-01	6.7216e-02	5.2882e-07	6.7407e-01	3.2548e-01	4.4069e-04	1.1755e-36	1.1755e-36	1.1755e-36	9.7210e-20	0.00e+00	0.00e+00	3.4986e+01
1.61236e+20	6.7088e+03	1.501e-22	1.0000e+01	4.1583e+00	7.6788e-10	6.3356e-01	3.6644e-01	4.2461e-01	5.7539e-01	4.2187e-16	2.8368e-13	8.0460e-05	9.3432e-01	6.5595e-02	4.9833e-07	6.8420e-01	3.1540e-01	4.0775e-04	1.1755e-36	1.1755e-36	1.1755e-36	9.9610e-20	0.00e+00	0.00e+00	3.5420e+01
1.61247e+20	6.6504e+03	1.442e-22	1.0000e+01	4.0367e+00	8.3552e-10	6.4534e-01	3.5466e-01	4.2996e-01	5.7003e-01	4.0959e-16	2.9186e-13	7.8397e-05	9.3615e-01	6.3772e-02	4.6687e-07	6.9522e-01	3.0440e-01	3.7532e-04	1.1755e-36	1.1755e-36	1.1755e-36	1.0243e-19	0.00e+00	0.00e+00	3.5911e+01
1.61259e+20	6.5957e+03	1.381e-22	1.0000e+01	3.9115e+00	9.0715e-10	6.5740e-01	3.4260e-01	4.3543e-01	5.6457e-01	3.9647e-16	3.0009e-13	7.6240e-05	9.3799e-01	6.1937e-02	4.3641e-07	7.0644e-01	2.9322e-01	3.4398e-04	1.1755e-36	1.1755e-36	1.1755e-36	1.0517e-19	0.00e+00	0.00e+00	3.6412e+01
1.61271e+20	6.5416e+03	1.324e-22	1.0000e+01	3.7906e+00	9.8223e-10	6.6900e-01	3.3100e-01	4.4082e-01	5.5918e-01	3.8412e-16	3.0789e-13	7.4143e-05	9.3975e-01	6.0175e-02	4.0853e-07	7.1717e-01	2.8251e-01	3.1569e-04	1.1755e-36	1.1755e-36	1.1755e-36	1.0761e-19	0.00e+00	0.00e+00	3.6905e+01
1.61283e+20	6.4779e+03	1.270e-22	1.0000e+01	3.6749e+00	1.0693e-09	6.8029e-01	3.1971e-01	4.4641e-01	5.5359e-01	3.7201e-16	3.1555e-13	7.2146e-05	9.4149e-01	5.8440e-02	3.8268e-07	7.2759e-01	2.7212e-01	2.9018e-04	1.1755e-36	1.1755e-36	1.1755e-36	1.0990e-19	0.00e+00	0.00e+00	3.7401e+01
1.61294e+20	6.4179e+03	1.218e-22	1.0000e+01	3.5642e+00	1.1590e-09	6.9119e-01	3.0881e-01	4.5203e-01	5.4797e-01	3.6028e-16	3.2294e-13	7.0251e-05	9.4318e-01	5.6749e-02	3.5864e-07	7.3758e-01	2.6215e-01	2.6686e-04	1.1755e-36	1.1755e-36	1.1755e-36	1.1206e-19	0.00e+00	0.00e+00	3.7903e+01
1.61306e+20	6.3583e+03	1.167e-22	1.0000e+01	3.4536e+00	1.2535e-09	7.0170e-01	2.9830e-01	4.5760e-01	5.4240e-01	3.4886e-16	3.2971e-13	6.8313e-05	9.4482e-01	5.5109e-02	3.3623e-07	7.4717e-01	2.5258e-01	2.4550e-04	1.1755e-36	1.1755e-36	1.1755e-36	1.1373e-19	0.00e+00	0.00e+00	3.8420e+01
1.61318e+20	6.2969e+03	1.117e-22	1.0000e+01	3.3439e+00	1.3565e-09	7.1215e-01	2.8785e-01	4.6341e-01	5.3659e-01	3.3736e-16	3.3640e-13	6.6381e-05	9.4647e-01	5.3460e-02	3.1473e-07	7.5667e-01	2.4311e-01	2.2542e-04	1.1755e-36	1.1755e-36	1.1755e-36	1.1528e-19	0.00e+00	0.00e+00	3.8960e+01
1.61330e+20	6.2348e+03	1.068e-22	1.0000e+01	3.2339e+00	1.4672e-09	7.2248e-01	2.7752e-01	4.6934e-01	5.3066e-01	3.2580e-16	3.4274e-13	6.4407e-05	9.4811e-01	5.1826e-02	2.9434e-07	7.6599e-01	2.3380e-01	2.0668e-04	1.1755e-36	1.1755e-36	1.1755e-36	1.1651e-19	0.00e+00	0.00e+00	3.9518e+01
1.61342e+20	6.1698e+03	1.020e-22	1.0000e+01	3.1252e+00	1.5881e-09	7.3253e-01	2.6747e-01	4.7538e-01	5.2462e-01	3.1444e-16	3.4877e-13	6.2468e-05	9.4972e-01	5.0217e-02	2.7513e-07	7.7504e-01	2.2477e-01	1.8941e-04	1.1755e-36	1.1755e-36	1.1755e-36	1.1746e-19	0.00e+00	0.00e+00	4.0087e+01
1.61354e+20	6.0981e+03	9.736e-23	1.0000e+01	3.0222e+00	1.7276e-09	7.4268e-01	2.5732e-01	4.8197e-01	5.1803e-01	3.0284e-16	3.5543e-13	6.0648e-05	9.5137e-01	4.8571e-02	2.5666e-07	7.8413e-01	2.1570e-01	1.7326e-04	1.1755e-36	1.1755e-36	1.1755e-36	1.1884e-19	0.00e+00	0.00e+00	4.0670e+01
1.61367e+20	6.0250e+03	9.298e-23	1.0000e+01	2.9207e+00	1.8767e-09	7.5227e-01	2.4773e-01	4.8841e-01	5.1159e-01	2.9159e-16	3.6135e-13	5.8836e-05	9.5293e-01	4.7006e-02	2.3976e-07	7.9269e-01	2.0715e-01	1.5876e-04	1.1755e-36	1.1755e-36	1.1755e-36	1.1972e-19	0.00e+00	0.00e+00	4.1248e+01
1.61379e+20	5.9506e+03	8.880e-23	1.0000e+01	2.8235e+00	2.0369e-09	7.6147e-01	2.3853e-01	4.9502e-01	5.0498e-01	2.8078e-16	3.6712e-13	5.7100e-05	9.5447e-01	4.5474e-02	2.2400e-07	8.0087e-01	1.9898e-01	1.4559e-04	1.1755e-36	1.1755e-36	1.1755e-36	1.2055e-19	0.00e+00	0.00e+00	4.1838e+01
1.61391e+20	5.8656e+03	8.476e-23	1.0000e+01	2.7264e+00	2.2265e-09	7.7056e-01	2.2944e-01	5.0197e-01	4.9803e-01	2.6967e-16	3.7287e-13	5.5377e-05	9.5600e-01	4.3947e-02	2.0900e-07	8.0894e-01	1.9093e-01	1.3337e-04	1.1755e-36	1.1755e-36	1.1755e-36	1.2132e-19	0.00e+00	0.00e+00	4.2451e+01
1.61404e+20	5.7833e+03	8.081e-23	1.0000e+01	2.6318e+00	2.4243e-09	7.7943e-01	2.2057e-01	5.0908e-01	4.9092e-01	2.5874e-16	3.7854e-13	5.3682e-05	9.5751e-01	4.2440e-02	1.9480e-07	8.1677e-01	1.8311e-01	1.2202e-04	1.1755e-36	1.1755e-36	1.1755e-36	1.2206e-19	0.00e+00	0.00e+00	4.3078e+01
1.61417e+20	5.7029e+03	7.699e-23	1.0000e+01	2.5383e+00	2.6280e-09	7.8783e-01	2.1217e-01	5.1612e-01	4.8388e-01	2.4826e-16	3.8363e-13	5.1983e-05	9.5896e-01	4.0987e-02	1.8159e-07	8.2417e-01	1.7572e-01	1.1169e-04	1.1755e-36	1.1755e-36	1.1755e-36	1.2243e-19	0.00e+00	0.00e+00	4.3716e+01
1.61430e+20	5.6051e+03	7.332e-23	1.0000e+01	2.4483e+00	2.8859e-09	7.9654e-01	2.0346e-01	5.2406e-01	4.7594e-01	2.3721e-16	3.8994e-13	5.0384e-05	9.6047e-01	3.9484e-02	1.6874e-07	8.3179e-01	1.6811e-01	1.0191e-04	1.1755e-36	1.1755e-36	1.1755e-36	1.2364e-19	0.00e+00	0.00e+00	4.4384e+01
1.61443e+20	5.5160e+03	6.980e-23	1.0000e+01	2.3588e+00	3.1336e-09	8.0449e-01	1.9551e-01	5.3151e-01	4.6849e-01	2.2681e-16	3.9512e-13	4.8756e-05	9.6186e-01	3.8088e-02	1.5710e-07	8.3875e-01	1.6115e-01	9.3174e-05	1.1755e-36	1.1755e-36	1.1755e-36	1.2412e-19	0.00e+00	0.00e+00	4.5039e+01
1.61456e+20	5.4200e+03	6.645e-23	1.0000e+01	2.2740e+00	3.4111e-09	8.1229e-01	1.8771e-01	5.3944e-01	4.6056e-01	2.1669e-16	4.0084e-13	4.7227e-05	9.6325e-01	3.6700e-02	1.4610e-07	8.4555e-01	1.5437e-01	8.5167e-05	1.1755e-36	1.1755e-36	1.1755e-36	1.2506e-19	0.00e+00	0.00e+00	4.5719e+01
1.61469e+20	5.3227e+03	6.319e-23	1.0000e+01	2.1905e+00	3.7027e-09	8.1993e-01	1.8007e-01	5.4759e-01	4.5241e-01	2.0654e-16	4.0661e-13	4.5709e-05	9.6462e-01	3.5332e-02	1.3568e-07	8.5217e-01	1.4775e-01	7.7722e-05	1.1755e-36	1.1755e-36	1.1755e-36	1.2601e-19	0.00e+00	0.00e+00	4.6418e+01
1.61483e+20	5.2196e+03	6.006e-23	1.0000e+01	2.1089e+00	4.0183e-09	8.2738e-01	1.7262e-01	5.5602e-01	4.4398e-01	1.9649e-16	4.1266e-13	4.4233e-05	9.6596e-01	3.3993e-02	1.2590e-07	8.5863e-01	1.4130e-01	7.0867e-05	1.1755e-36	1.1755e-36	1.1755e-36	1.2714e-19	0.00e+00	0.00e+00	4.7128e+01
1.61497e+20	5.1147e+03	5.708e-23	1.0000e+01	2.0309e+00	4.3438e-09	8.3461e-01	1.6539e-01	5.6466e-01	4.3534e-01	1.8671e-16	4.1892e-13	4.2824e-05	9.6727e-01	3.2690e-02	1.1755e-36	8.6485e-01	1.3508e-01	6.4602e-05	1.1755e-36	1.1755e-36	1.1755e-36	1.2843e-19	0.00e+00	0.00e+00	4.7845e+01
1.61510e+20	5.0031e+03	5.426e-23	1.0000e+01	1.9544e+00	4.6856e-09	8.4150e-01	1.5850e-01	5.7339e-01	4.2661e-01	1.7718e-16	4.2512e-13	4.1446e-05	9.6851e-01	3.1446e-02	1.1755e-36	8.7079e-01	1.2915e-01	5.8952e-05	1.1755e-36	1.1755e-36	1.1755e-36	1.2963e-19	0.00e+00	0.00e+00	4.8565e+01
1.61524e+20	4.8854e+03	5.157e-23	1.0000e+01	1.8802e+00	5.0194e-09	8.4817e-01	1.5183e-01	5.8233e-01	4.1767e-01	1.6785e-16	4.2727e-13	4.0122e-05	9.6988e-01	3.0077e-02	1.1755e-36	8.7653e-01	1.2342e-01	5.3798e-05	1.1755e-36	1.1755e-36	1.1755e-36	1.2703e-19	0.00e+00	0.00e+00	4.9297e+01
1.61537e+20	4.7605e+03	4.901e-23	1.0000e+01	1.8076e+00	5.3508e-09	8.5468e-01	1.4532e-01	5.9154e-01	4.0846e-01	1.5860e-16	4.2843e-13	3.8841e-05	9.7123e-01	2.8726e-02	1.1755e-36	8.8211e-01	1.1784e-01	4.9064e-05	1.1755e-36	1.1755e-36	1.1755e-36	1.2348e-19	0.00e+00	0.00e+00	5.0041e+01
1.61551e+20	4.6359e+03	4.656e-23	1.0000e+01	1.7375e+00	5.6454e-09	8.6091e-01	1.3909e-01	6.0076e-01	3.9924e-01	1.4975e-16	4.2851e-13	3.7603e-05	9.7254e-01	2.7425e-02	1.1755e-36	8.8744e-01	1.1251e-01	4.4758e-05	1.1755e-36	1.1755e-36	1.1755e-36	1.1902e-19	0.00e+00	0.00e+00	5.0787e+01
1.61565e+20	4.5093e+03	4.426e-23	1.0000e+01	1.6701e+00	5.8998e-09	8.6685e-01	1.3315e-01	6.1003e-01	3.8997e-01	1.4127e-16	4.2754e-13	3.6424e-05	9.7379e-01	2.6174e-02	1.1755e-36	8.9252e-01	1.0744e-01	4.0866e-05	1.1755e-36	1.1755e-36	1.1755e-36	1.1367e-19	0.00e+00	0.00e+00	5.1532e+01
1.61578e+20	4.3809e+03	4.208e-23	1.0000e+01	1.6056e+00	6.1042e-09	8.7252e-01	1.2748e-01	6.1931e-01	3.8069e-01	1.3309e-16	4.2553e-13	3.5305e-05	9.7499e-01	2.4973e-02	1.1755e-36	8.9736e-01	1.0261e-01	3.7348e-05	1.1755e-36	1.1755e-36	1.1755e-36	1.0754e-19	0.00e+00	0.00e+00	5.2276e+01
1.61592e+20	4.2507e+03	4.003e-23	1.0000e+01	1.5434e+00	6.2518e-09	8.7795e-01	1.2205e-01	6.2862e-01	3.7138e-01	1.2532e-16	4.2257e-13	3.4241e-05	9.7615e-01	2.3820e-02	1.1755e-36	9.0197e-01	9.7993e-02	3.4156e-05	1.1755e-36	1.1755e-36	1.1755e-36	1.0074e-19	0.00e+00	0.00e+00	5.3020e+01
1.61605e+20	4.1199e+03	3.810e-23	1.0000e+01	1.4840e+00	6.3388e-09	8.8311e-01	1.1689e-01	6.3785e-01	3.6215e-01	1.1792e-16	4.1882e-13	3.3239e-05	9.7724e-01	2.2724e-02	1.1755e-36	9.0636e-01	9.3609e-02	3.1279e-05	1.1755e-36	1.1755e-36	1.1755e-36	9.3506e-20	0.00e+00	0.00e+00	5.3753e+01
1.61618e+20	3.9924e+03	3.634e-23	1.0000e+01	1.4286e+00	6.3669e-09	8.8789e-01	1.1211e-01	6.4674e-01	3.5326e-01	1.1107e-16	4.1460e-13	3.2337e-05	9.7826e-01	2.1710e-02	1.1755e-36	9.1042e-01	8.9554e-02	2.8744e-05	1.1755e-36	1.1755e-36	1.1755e-36	8.6262e-20	0.00e+00	0.00e+00	5.4450e+01
###########################
6.11953e+14	6.4691e+03	3.973e-22	1.0000e+01	1.0953e+01	2.3450e-16	3.1271e-04	9.9969e-01	9.6252e-04	9.0266e-01	9.6373e-02	1.0923e-22	1.5738e-06	1.8571e-02	9.4451e-01	3.6871e-02	5.3636e-06	3.4469e-02	9.1132e-01	5.4203e-02	1.8916e-06	1.1755e-36	1.8773e-30	0.00e+00	0.00e+00	2.4160e-05
3.67172e+15	6.4669e+03	3.972e-22	1.0000e+01	1.0951e+01	2.3612e-16	3.1273e-04	9.9969e-01	9.6248e-04	9.0272e-01	9.6314e-02	1.0970e-22	1.5670e-06	1.8584e-02	9.4444e-01	3.6927e-02	5.3600e-06	3.4441e-02	9.1152e-01	5.4028e-02	1.8826e-06	1.1755e-36	1.8923e-30	0.00e+00	0.00e+00	1.2080e-04
1.59108e+16	6.4683e+03	3.968e-22	1.0000e+01	1.0950e+01	2.3827e-16	3.1269e-04	9.9969e-01	9.6266e-04	9.0321e-01	9.5823e-02	1.1063e-22	1.5748e-06	1.8602e-02	9.4447e-01	3.6873e-02	5.3546e-06	3.4401e-02	9.1229e-01	5.3301e-02	1.8458e-06	1.1755e-36	1.9240e-30	0.00e+00	0.00e+00	5.0734e-04
6.48670e+16	6.4698e+03	3.958e-22	1.0000e+01	1.0948e+01	2.3701e-16	3.1247e-04	9.9969e-01	9.6504e-04	9.0594e-01	9.3093e-02	1.0996e-22	1.5851e-06	1.8612e-02	9.4471e-01	3.6632e-02	5.3469e-06	3.4360e-02	9.1513e-01	5.0499e-02	1.7058e-06	1.1755e-36	1.9036e-30	0.00e+00	0.00e+00	2.0524e-03
1.54946e+17	6.4611e+03	3.940e-22	1.0000e+01	1.0947e+01	2.3748e-16	3.1170e-04	9.9969e-01	9.6591e-04	9.0740e-01	9.1633e-02	1.0874e-22	1.5912e-06	1.8604e-02	9.4489e-01	3.6465e-02	5.3083e-06	3.4168e-02	9.1922e-01	4.6603e-02	1.5111e-06	1.1755e-36	1.8779e-30	0.00e+00	0.00e+00	4.0560e-03
2.72050e+17	6.4525e+03	3.920e-22	1.0000e+01	1.0944e+01	2.3789e-16	3.1085e-04	9.9969e-01	9.6998e-04	9.1187e-01	8.7162e-02	1.0773e-22	1.5878e-06	1.8600e-02	9.4532e-01	3.6034e-02	5.2793e-06	3.4039e-02	9.2409e-01	4.1861e-02	1.2873e-06	1.1755e-36	1.8564e-30	0.00e+00	0.00e+00	6.6536e-03
4.24284e+17	6.4489e+03	3.894e-22	1.0000e+01	1.0939e+01	2.3563e-16	3.0966e-04	9.9969e-01	9.7650e-04	9.1930e-01	7.9725e-02	1.0587e-22	1.5922e-06	1.8591e-02	9.4600e-01	3.5376e-02	5.2488e-06	3.3923e-02	9.2980e-01	3.6266e-02	1.0416e-06	1.1755e-36	1.8098e-30	0.00e+00	0.00e+00	1.0018e-02
6.22189e+17	6.4519e+03	3.860e-22	1.0000e+01	1.0930e+01	2.3279e-16	3.0798e-04	9.9969e-01	9.8512e-04	9.2978e-01	6.9239e-02	1.0425e-22	1.6005e-06	1.8565e-02	9.4689e-01	3.4514e-02	5.2182e-06	3.3844e-02	9.3622e-01	2.9934e-02	7.8685e-07	1.1755e-36	1.7774e-30	0.00e+00	0.00e+00	1.4367e-02
8.79465e+17	6.4420e+03	3.827e-22	1.0000e+01	1.0917e+01	2.3043e-16	3.0651e-04	9.9969e-01	9.9806e-04	9.4309e-01	5.5909e-02	1.0248e-22	1.6039e-06	1.8569e-02	9.4800e-01	3.3407e-02	5.2213e-06	3.3951e-02	9.4291e-01	2.3135e-02	5.4075e-07	1.1755e-36	1.7223e-30	0.00e+00	0.00e+00	1.9994e-02
1.21392e+18	6.4318e+03	3.789e-22	1.0000e+01	1.0904e+01	2.2847e-16	3.0492e-04	9.9970e-01	1.0130e-03	9.5799e-01	4.0997e-02	1.0144e-22	1.6067e-06	1.8583e-02	9.4920e-01	3.2193e-02	5.2512e-06	3.4225e-02	9.4938e-01	1.6389e-02	3.2824e-07	1.1755e-36	1.6831e-30	0.00e+00	0.00e+00	2.7272e-02
1.64872e+18	6.4151e+03	3.751e-22	1.0000e+01	1.0891e+01	2.2797e-16	3.0340e-04	9.9970e-01	1.0287e-03	9.7249e-01	2.6486e-02	1.0121e-22	1.6106e-06	1.8619e-02	9.5038e-01	3.0987e-02	5.3144e-06	3.4687e-02	9.5494e-01	1.0368e-02	1.6938e-07	1.1755e-36	1.6567e-30	0.00e+00	0.00e+00	3.6685e-02
2.21395e+18	6.3895e+03	3.713e-22	1.0000e+01	1.0881e+01	2.2876e-16	3.0212e-04	9.9970e-01	1.0433e-03	9.8437e-01	1.4585e-02	1.0143e-22	1.6170e-06	1.8683e-02	9.5140e-01	2.9912e-02	5.4065e-06	3.5287e-02	9.5902e-01	5.6851e-03	1.1755e-36	1.1755e-36	1.6304e-30	0.00e+00	0.00e+00	4.8871e-02
2.94876e+18	6.3542e+03	3.678e-22	1.0000e+01	1.0874e+01	2.2935e-16	3.0110e-04	9.9970e-01	1.0555e-03	9.9232e-01	6.6285e-03	1.0108e-22	1.6257e-06	1.8776e-02	9.5219e-01	2.9032e-02	5.5139e-06	3.5928e-02	9.6144e-01	2.6218e-03	1.1755e-36	1.1755e-36	1.5756e-30	0.00e+00	0.00e+00	6.4659e-02
3.90401e+18	6.3094e+03	3.645e-22	1.0000e+01	1.0870e+01	2.3181e-16	3.0033e-04	9.9970e-01	1.0656e-03	9.9652e-01	2.4151e-03	1.0078e-22	1.6364e-06	1.8896e-02	9.5279e-01	2.8311e-02	5.6235e-06	3.6518e-02	9.6249e-01	9.8920e-04	1.1755e-36	1.1755e-36	1.5190e-30	0.00e+00	0.00e+00	8.5131e-02
5.14583e+18	6.2562e+03	3.613e-22	1.0000e+01	1.0868e+01	2.3695e-16	2.9987e-04	9.9970e-01	1.0749e-03	9.9823e-01	6.9114e-04	1.0093e-22	1.6500e-06	1.9051e-02	9.5330e-01	2.7646e-02	5.7390e-06	3.7063e-02	9.6263e-01	2.9957e-04	1.1755e-36	1.1755e-36	1.4720e-30	0.00e+00	0.00e+00	1.1170e-01
6.76020e+18	6.1953e+03	3.579e-22	1.0000e+01	1.0868e+01	2.4144e-16	2.9983e-04	9.9970e-01	1.0853e-03	9.9876e-01	1.5528e-04	1.0024e-22	1.6681e-06	1.9249e-02	9.5381e-01	2.6935e-02	5.8748e-06	3.7628e-02	9.6229e-01	7.2807e-05	1.1755e-36	1.1755e-36	1.3936e-30	0.00e+00	0.00e+00	1.4625e-01
8.85888e+18	6.1272e+03	3.543e-22	1.0000e+01	1.0868e+01	2.4706e-16	3.0045e-04	9.9970e-01	1.0984e-03	9.9887e-01	2.8410e-05	9.9700e-23	1.6932e-06	1.9507e-02	9.5439e-01	2.6104e-02	6.0510e-06	3.8295e-02	9.6168e-01	1.4611e-05	1.1755e-36	1.1755e-36	1.3096e-30	0.00e+00	0.00e+00	1.9124e-01
1.15872e+19	6.0530e+03	3.503e-22	1.0000e+01	1.0868e+01	2.5296e-16	3.0211e-04	9.9970e-01	1.1157e-03	9.9888e-01	4.5024e-06	9.9156e-23	1.7287e-06	1.9847e-02	9.5504e-01	2.5107e-02	6.2902e-06	3.9133e-02	9.6086e-01	2.5339e-06	1.1755e-36	1.1755e-36	1.2130e-30	0.00e+00	0.00e+00	2.5006e-01
1.51339e+19	5.9750e+03	3.461e-22	1.0000e+01	1.0868e+01	2.6265e-16	3.0537e-04	9.9969e-01	1.1389e-03	9.9886e-01	6.3976e-07	1.0027e-22	1.7798e-06	2.0298e-02	9.5579e-01	2.3915e-02	6.6209e-06	4.0206e-02	9.5979e-01	3.9082e-07	1.1755e-36	1.1755e-36	1.1405e-30	0.00e+00	0.00e+00	3.2735e-01
1.97447e+19	5.8975e+03	3.418e-22	1.0000e+01	1.0868e+01	2.7236e-16	3.1114e-04	9.9969e-01	1.1704e-03	9.9883e-01	8.0947e-08	1.0200e-22	1.8541e-06	2.0903e-02	9.5660e-01	2.2500e-02	7.0860e-06	4.1587e-02	9.5841e-01	1.1755e-36	1.1755e-36	1.1755e-36	1.0586e-30	0.00e+00	0.00e+00	4.2972e-01
2.34684e+19	5.7938e+03	3.370e-22	1.0000e+01	1.0868e+01	2.6832e-16	3.1171e-04	9.9969e-01	1.1869e-03	9.9881e-01	1.8027e-08	9.3615e-23	1.8847e-06	2.1258e-02	9.5730e-01	2.1441e-02	7.3721e-06	4.2603e-02	9.5739e-01	1.1755e-36	1.1755e-36	1.1755e-36	8.4618e-31	0.00e+00	0.00e+00	4.7370e-01
2.58152e+19	5.7714e+03	3.355e-22	1.0000e+01	1.0868e+01	2.7177e-16	3.1541e-04	9.9968e-01	1.2027e-03	9.9880e-01	7.9907e-09	9.4754e-23	1.9255e-06	2.1561e-02	9.5761e-01	2.0831e-02	7.6218e-06	4.3264e-02	9.5673e-01	1.1755e-36	1.1755e-36	1.1755e-36	8.2504e-31	0.00e+00	0.00e+00	5.2265e-01
2.83967e+19	5.7523e+03	3.342e-22	1.0000e+01	1.0868e+01	2.7891e-16	3.1992e-04	9.9968e-01	1.2208e-03	9.9878e-01	3.4772e-09	9.7588e-23	1.9733e-06	2.1905e-02	9.5790e-01	2.0190e-02	7.9123e-06	4.3999e-02	9.5599e-01	1.1755e-36	1.1755e-36	1.1755e-36	8.2901e-31	0.00e+00	0.00e+00	5.7727e-01
3.12364e+19	5.7373e+03	3.329e-22	1.0000e+01	1.0868e+01	2.7913e-16	3.2535e-04	9.9967e-01	1.2415e-03	9.9876e-01	1.4849e-09	9.8431e-23	2.0291e-06	2.2292e-02	9.5819e-01	1.9516e-02	8.2491e-06	4.4811e-02	9.5518e-01	1.1755e-36	1.1755e-36	1.1755e-36	7.9291e-31	0.00e+00	0.00e+00	6.3836e-01
3.43600e+19	5.7275e+03	3.317e-22	1.0000e+01	1.0868e+01	2.8523e-16	3.3189e-04	9.9967e-01	1.2651e-03	9.9873e-01	6.2195e-10	1.0210e-22	2.0941e-06	2.2732e-02	9.5846e-01	1.8811e-02	8.6438e-06	4.5718e-02	9.5427e-01	1.1755e-36	1.1755e-36	1.1755e-36	7.9781e-31	0.00e+00	0.00e+00	7.0692e-01
3.77960e+19	5.7239e+03	3.307e-22	1.0000e+01	1.0867e+01	2.9079e-16	3.3979e-04	9.9966e-01	1.2923e-03	9.9871e-01	2.5539e-10	1.0647e-22	2.1717e-06	2.3235e-02	9.5869e-01	1.8073e-02	9.1096e-06	4.6731e-02	9.5326e-01	1.1755e-36	1.1755e-36	1.1755e-36	8.0464e-31	0.00e+00	0.00e+00	7.8413e-01
4.15756e+19	5.7281e+03	3.298e-22	1.0000e+01	1.0867e+01	2.9636e-16	3.4936e-04	9.9965e-01	1.3238e-03	9.9868e-01	1.0277e-10	1.1205e-22	2.2633e-06	2.3813e-02	9.5888e-01	1.7302e-02	9.6643e-06	4.7863e-02	9.5213e-01	1.1755e-36	1.1755e-36	1.1755e-36	8.1916e-31	0.00e+00	0.00e+00	8.7146e-01
4.57332e+19	5.7417e+03	3.292e-22	1.0000e+01	1.0867e+01	3.0788e-16	3.6101e-04	9.9964e-01	1.3606e-03	9.9864e-01	4.0513e-11	1.2171e-22	2.3725e-06	2.4482e-02	9.5902e-01	1.6499e-02	1.0333e-05	4.9141e-02	9.5085e-01	1.1755e-36	1.1755e-36	1.1755e-36	8.7987e-31	0.00e+00	0.00e+00	9.7072e-01
5.03065e+19	5.7663e+03	3.289e-22	1.0000e+01	1.0867e+01	3.1586e-16	3.7531e-04	9.9962e-01	1.4041e-03	9.9860e-01	1.5649e-11	1.3239e-22	2.5053e-06	2.5267e-02	9.5907e-01	1.5663e-02	1.1154e-05	5.0600e-02	9.4939e-01	1.1755e-36	1.1755e-36	1.1755e-36	9.3379e-31	0.00e+00	0.00e+00	1.0842e+00
5.53372e+19	5.8045e+03	3.289e-22	1.0000e+01	1.0867e+01	3.2705e-16	3.9299e-04	9.9961e-01	1.4562e-03	9.9854e-01	5.9312e-12	1.4797e-22	2.6683e-06	2.6197e-02	9.5900e-01	1.4796e-02	1.2176e-05	5.2273e-02	9.4771e-01	1.1755e-36	1.1755e-36	1.1755e-36	1.0298e-30	0.00e+00	0.00e+00	1.2150e+00
6.08709e+19	5.8643e+03	3.292e-22	1.0000e+01	1.0866e+01	3.3973e-16	4.1484e-04	9.9959e-01	1.5185e-03	9.9848e-01	2.2163e-12	1.7027e-22	2.8669e-06	2.7298e-02	9.5879e-01	1.3906e-02	1.3464e-05	5.4192e-02	9.4579e-01	1.1755e-36	1.1755e-36	1.1755e-36	1.1830e-30	0.00e+00	0.00e+00	1.3668e+00
6.69580e+19	5.9363e+03	3.303e-22	1.0000e+01	1.0866e+01	3.6283e-16	4.4303e-04	9.9956e-01	1.5966e-03	9.9840e-01	8.2400e-13	2.0604e-22	3.1208e-06	2.8666e-02	9.5836e-01	1.2969e-02	1.5177e-05	5.6530e-02	9.4345e-01	1.1755e-36	1.1755e-36	1.1755e-36	1.4595e-30	0.00e+00	0.00e+00	1.5451e+00
7.36538e+19	6.0325e+03	3.321e-22	1.0000e+01	1.0866e+01	3.9512e-16	4.7952e-04	9.9952e-01	1.6949e-03	9.9831e-01	3.1275e-13	2.6326e-22	3.4467e-06	3.0371e-02	9.5763e-01	1.2000e-02	1.7499e-05	5.9375e-02	9.4061e-01	1.1755e-36	1.1755e-36	1.1755e-36	1.9408e-30	0.00e+00	0.00e+00	1.7575e+00
8.10192e+19	6.1463e+03	3.353e-22	1.0000e+01	1.0865e+01	4.4422e-16	5.2866e-04	9.9947e-01	1.8238e-03	9.9818e-01	1.2712e-13	3.6005e-22	3.8813e-06	3.2588e-02	9.5643e-01	1.0978e-02	2.0830e-05	6.3010e-02	9.3697e-01	1.1755e-36	1.1755e-36	1.1755e-36	2.8076e-30	0.00e+00	0.00e+00	2.0150e+00
8.91211e+19	6.2980e+03	3.397e-22	1.0000e+01	1.0864e+01	5.1242e-16	5.9578e-04	9.9940e-01	1.9946e-03	9.9801e-01	5.9436e-14	5.3535e-22	4.4704e-06	3.5502e-02	9.5457e-01	9.9227e-03	2.5799e-05	6.7703e-02	9.3227e-01	1.1755e-36	1.1755e-36	1.1755e-36	4.5103e-30	0.00e+00	0.00e+00	2.3342e+00
9.80332e+19	6.4865e+03	3.459e-22	1.0000e+01	1.0863e+01	6.1671e-16	6.9218e-04	9.9931e-01	2.2341e-03	9.9777e-01	3.3460e-14	8.8986e-22	5.3035e-06	3.9531e-02	9.5165e-01	8.8136e-03	3.3823e-05	7.4117e-02	9.2585e-01	1.1755e-36	1.1755e-36	1.1755e-36	8.2453e-30	0.00e+00	0.00e+00	2.7421e+00
1.06741e+20	6.7033e+03	3.541e-22	1.0000e+01	1.0861e+01	7.6738e-16	8.2076e-04	9.9918e-01	2.5396e-03	9.9746e-01	2.2685e-14	1.5987e-21	6.3787e-06	4.4591e-02	9.4760e-01	7.8027e-03	4.6097e-05	8.2160e-02	9.1779e-01	1.1755e-36	1.1755e-36	1.1755e-36	1.6597e-29	0.00e+00	0.00e+00	3.1608e+00
1.13012e+20	6.8909e+03	3.620e-22	1.0000e+01	1.0860e+01	9.1249e-16	9.4809e-04	9.9905e-01	2.8271e-03	9.9717e-01	1.8196e-14	2.5883e-21	7.3929e-06	4.9267e-02	9.4360e-01	7.1258e-03	5.9983e-05	8.9679e-02	9.1026e-01	1.1755e-36	1.1755e-36	1.1755e-36	2.9189e-29	0.00e+00	0.00e+00	3.4278e+00
1.16708e+20	7.0061e+03	3.672e-22	1.0000e+01	1.0858e+01	1.0383e-15	1.0430e-03	9.9896e-01	3.0402e-03	9.9696e-01	1.6621e-14	3.6124e-21	8.1414e-06	5.2702e-02	9.4058e-01	6.7093e-03	7.1633e-05	9.5246e-02	9.0468e-01	1.1755e-36	1.1755e-36	1.1755e-36	4.3128e-29	0.00e+00	0.00e+00	3.6207e+00
1.20077e+20	7.1040e+03	3.718e-22	1.0000e+01	1.0857e+01	1.2029e-15	1.1457e-03	9.9885e-01	3.2788e-03	9.9672e-01	1.5417e-14	5.1246e-21	8.9668e-06	5.6505e-02	9.3720e-01	6.2823e-03	8.5699e-05	1.0140e-01	8.9852e-01	1.1755e-36	1.1755e-36	1.1755e-36	6.4814e-29	0.00e+00	0.00e+00	3.8961e+00
1.23834e+20	7.2208e+03	3.775e-22	1.0000e+01	1.0855e+01	1.4273e-15	1.2817e-03	9.9872e-01	3.5878e-03	9.9641e-01	1.3790e-14	7.7356e-21	1.0030e-05	6.1373e-02	9.3279e-01	5.8237e-03	1.0632e-04	1.0942e-01	8.9047e-01	1.1755e-36	1.1755e-36	1.1755e-36	1.0421e-28	0.00e+00	0.00e+00	4.1959e+00
1.27140e+20	7.3316e+03	3.832e-22	1.0000e+01	1.0854e+01	1.6836e-15	1.4291e-03	9.9857e-01	3.9176e-03	9.9608e-01	1.2546e-14	1.1508e-20	1.1151e-05	6.6485e-02	9.2808e-01	5.4216e-03	1.3129e-04	1.1802e-01	8.8185e-01	1.1755e-36	1.1755e-36	1.1755e-36	1.6397e-28	0.00e+00	0.00e+00	4.4582e+00
1.29748e+20	7.4218e+03	3.879e-22	1.0000e+01	1.0852e+01	1.9499e-15	1.5698e-03	9.9843e-01	4.2313e-03	9.9577e-01	1.1725e-14	1.6267e-20	1.2203e-05	7.1273e-02	9.2362e-01	5.0940e-03	1.5777e-04	1.2619e-01	8.7365e-01	1.1755e-36	1.1755e-36	1.1755e-36	2.4291e-28	0.00e+00	0.00e+00	4.6868e+00
1.31956e+20	7.5027e+03	3.919e-22	1.0000e+01	1.0850e+01	2.2317e-15	1.7090e-03	9.9829e-01	4.5392e-03	9.9546e-01	1.1091e-14	2.2348e-20	1.3226e-05	7.5929e-02	9.1925e-01	4.8065e-03	1.8664e-04	1.3429e-01	8.6552e-01	1.1755e-36	1.1755e-36	1.1755e-36	3.4821e-28	0.00e+00	0.00e+00	4.9144e+00
1.34058e+20	7.5708e+03	3.962e-22	1.0000e+01	1.0848e+01	2.5938e-15	1.8657e-03	9.9813e-01	4.8901e-03	9.9511e-01	1.0473e-14	3.1159e-20	1.4383e-05	8.1170e-02	9.1430e-01	4.5174e-03	2.2221e-04	1.4340e-01	8.5638e-01	1.1755e-36	1.1755e-36	1.1755e-36	5.0620e-28	0.00e+00	0.00e+00	5.1611e+00
1.36103e+20	7.6489e+03	4.001e-22	1.0000e+01	1.0847e+01	3.0098e-15	2.0422e-03	9.9796e-01	5.2807e-03	9.9472e-01	9.8675e-15	4.3862e-20	1.5639e-05	8.6897e-02	9.0885e-01	4.2359e-03	2.6638e-04	1.5367e-01	8.4607e-01	1.1755e-36	1.1755e-36	1.1755e-36	7.4322e-28	0.00e+00	0.00e+00	5.4183e+00
1.37994e+20	7.7139e+03	4.043e-22	1.0000e+01	1.0844e+01	3.5251e-15	2.2375e-03	9.9776e-01	5.7148e-03	9.9429e-01	9.3112e-15	6.2009e-20	1.7024e-05	9.3173e-02	9.0285e-01	3.9644e-03	3.2003e-04	1.6496e-01	8.3472e-01	1.1755e-36	1.1755e-36	1.1755e-36	1.0926e-27	0.00e+00	0.00e+00	5.6706e+00
1.39676e+20	7.7744e+03	4.081e-22	1.0000e+01	1.0841e+01	4.1009e-15	2.4418e-03	9.9756e-01	6.1673e-03	9.9383e-01	8.8378e-15	8.6360e-20	1.8435e-05	9.9580e-02	8.9669e-01	3.7162e-03	3.8178e-04	1.7676e-01	8.2286e-01	1.1755e-36	1.1755e-36	1.1755e-36	1.5776e-27	0.00e+00	0.00e+00	5.9140e+00
1.41187e+20	7.8316e+03	4.116e-22	1.0000e+01	1.0839e+01	4.7529e-15	2.6558e-03	9.9734e-01	6.6407e-03	9.9336e-01	8.4264e-15	1.1907e-19	1.9885e-05	1.0617e-01	8.9032e-01	3.4865e-03	4.5264e-04	1.8909e-01	8.1045e-01	1.1755e-36	1.1755e-36	1.1755e-36	2.2538e-27	0.00e+00	0.00e+00	6.1558e+00
1.42587e+20	7.8937e+03	4.145e-22	1.0000e+01	1.0836e+01	5.4693e-15	2.8839e-03	9.9712e-01	7.1432e-03	9.9286e-01	8.0506e-15	1.6315e-19	2.1392e-05	1.1305e-01	8.8366e-01	3.2701e-03	5.3542e-04	2.0225e-01	7.9721e-01	1.1755e-36	1.1755e-36	1.1755e-36	3.1953e-27	0.00e+00	0.00e+00	6.4031e+00
1.43906e+20	7.9425e+03	4.177e-22	1.0000e+01	1.0833e+01	6.3687e-15	3.1381e-03	9.9686e-01	7.7054e-03	9.9229e-01	7.6840e-15	2.2538e-19	2.3058e-05	1.2063e-01	8.7629e-01	3.0558e-03	6.3563e-04	2.1675e-01	7.8261e-01	1.1755e-36	1.1755e-36	1.1755e-36	4.5610e-27	0.00e+00	0.00e+00	6.6566e+00
1.45137e+20	7.9850e+03	4.210e-22	1.0000e+01	1.0829e+01	7.4391e-15	3.4164e-03	9.9658e-01	8.3192e-03	9.9168e-01	7.3368e-15	3.1134e-19	2.4831e-05	1.2869e-01	8.6843e-01	2.8493e-03	7.5511e-04	2.3248e-01	7.6677e-01	1.1755e-36	1.1755e-36	1.1755e-36	6.5002e-27	0.00e+00	0.00e+00	6.9115e+00
1.46271e+20	8.0430e+03	4.233e-22	1.0000e+01	1.0826e+01	8.5754e-15	3.7088e-03	9.9629e-01	8.9614e-03	9.9104e-01	7.0282e-15	4.2626e-19	2.6641e-05	1.3696e-01	8.6035e-01	2.6593e-03	8.9276e-04	2.4901e-01	7.5009e-01	1.1755e-36	1.1755e-36	1.1755e-36	9.1962e-27	0.00e+00	0.00e+00	7.1657e+00
1.47317e+20	8.0827e+03	4.261e-22	1.0000e+01	1.0822e+01	9.9936e-15	4.0295e-03	9.9597e-01	9.6695e-03	9.9033e-01	6.7327e-15	5.8446e-19	2.8591e-05	1.4590e-01	8.5160e-01	2.4743e-03	1.0556e-03	2.6677e-01	7.3218e-01	1.1755e-36	1.1755e-36	1.1755e-36	1.2996e-26	0.00e+00	0.00e+00	7.4219e+00
1.48292e+20	8.1237e+03	4.286e-22	1.0000e+01	1.0818e+01	1.1629e-14	4.3757e-03	9.9562e-01	1.0428e-02	9.8957e-01	6.4588e-15	7.9911e-19	3.0636e-05	1.5519e-01	8.4248e-01	2.2983e-03	1.2463e-03	2.8569e-01	7.1307e-01	1.1755e-36	1.1755e-36	1.1755e-36	1.8338e-26	0.00e+00	0.00e+00	7.6823e+00
1.49206e+20	8.1593e+03	4.311e-22	1.0000e+01	1.0814e+01	1.3590e-14	4.7564e-03	9.9524e-01	1.1261e-02	9.8874e-01	6.1955e-15	1.0949e-18	3.2829e-05	1.6520e-01	8.3264e-01	2.1281e-03	1.4726e-03	3.0604e-01	6.9249e-01	1.1755e-36	1.1755e-36	1.1755e-36	2.5903e-26	0.00e+00	0.00e+00	7.9483e+00
1.50063e+20	8.2038e+03	4.331e-22	1.0000e+01	1.0809e+01	1.5799e-14	5.1683e-03	9.9483e-01	1.2162e-02	9.8784e-01	5.9477e-15	1.4970e-18	3.5128e-05	1.7575e-01	8.2225e-01	1.9672e-03	1.7377e-03	3.2768e-01	6.7058e-01	1.1755e-36	1.1755e-36	1.1755e-36	3.6547e-26	0.00e+00	0.00e+00	8.2183e+00
1.50863e+20	8.2231e+03	4.359e-22	1.0000e+01	1.0803e+01	1.8685e-14	5.6307e-03	9.9437e-01	1.3172e-02	9.8683e-01	5.7013e-15	2.0572e-18	3.7632e-05	1.8721e-01	8.1095e-01	1.8089e-03	2.0549e-03	3.5093e-01	6.4702e-01	1.1755e-36	1.1755e-36	1.1755e-36	5.1713e-26	0.00e+00	0.00e+00	8.4925e+00
1.51609e+20	8.2688e+03	4.374e-22	1.0000e+01	1.0797e+01	2.1727e-14	6.1206e-03	9.9388e-01	1.4241e-02	9.8576e-01	5.4787e-15	2.8058e-18	4.0178e-05	1.9898e-01	7.9931e-01	1.6633e-03	2.4193e-03	3.7517e-01	6.2241e-01	1.1755e-36	1.1755e-36	1.1755e-36	7.2855e-26	0.00e+00	0.00e+00	8.7711e+00
1.52308e+20	8.2989e+03	4.395e-22	1.0000e+01	1.0791e+01	2.5555e-14	6.6658e-03	9.9333e-01	1.5423e-02	9.8458e-01	5.2622e-15	3.8377e-18	4.2922e-05	2.1153e-01	7.8691e-01	1.5223e-03	2.8504e-03	4.0087e-01	5.9628e-01	1.1755e-36	1.1755e-36	1.1755e-36	1.0296e-25	0.00e+00	0.00e+00	9.0559e+00
1.52966e+20	8.3254e+03	4.415e-22	1.0000e+01	1.0783e+01	3.0189e-14	7.2728e-03	9.9273e-01	1.6736e-02	9.8326e-01	5.0504e-15	5.2614e-18	4.5851e-05	2.2509e-01	7.7348e-01	1.3868e-03	3.3610e-03	4.2805e-01	5.6859e-01	1.1755e-36	1.1755e-36	1.1755e-36	1.4570e-25	0.00e+00	0.00e+00	9.3494e+00
1.53586e+20	8.3494e+03	4.434e-22	1.0000e+01	1.0775e+01	3.5844e-14	7.9482e-03	9.9205e-01	1.8190e-02	9.8181e-01	4.8447e-15	7.2316e-18	4.8972e-05	2.3948e-01	7.5922e-01	1.2574e-03	3.9640e-03	4.5663e-01	5.3941e-01	1.1755e-36	1.1755e-36	1.1755e-36	2.0716e-25	0.00e+00	0.00e+00	9.6507e+00
1.54168e+20	8.3830e+03	4.449e-22	1.0000e+01	1.0767e+01	4.2439e-14	8.6905e-03	9.9131e-01	1.9778e-02	9.8022e-01	4.6518e-15	9.9308e-18	5.2244e-05	2.5456e-01	7.4425e-01	1.1361e-03	4.6674e-03	4.8627e-01	5.0906e-01	1.1755e-36	1.1755e-36	1.1755e-36	2.9524e-25	0.00e+00	0.00e+00	9.9600e+00
1.54715e+20	8.4012e+03	4.469e-22	1.0000e+01	1.0758e+01	5.0904e-14	9.5323e-03	9.9047e-01	2.1565e-02	9.7844e-01	4.4604e-15	1.3699e-17	5.5770e-05	2.7084e-01	7.2809e-01	1.0195e-03	5.5030e-03	5.1711e-01	4.7738e-01	1.1755e-36	1.1755e-36	1.1755e-36	4.2257e-25	0.00e+00	0.00e+00	1.0279e+01
1.55231e+20	8.4186e+03	4.488e-22	1.0000e+01	1.0748e+01	6.1368e-14	1.0481e-02	9.8952e-01	2.3563e-02	9.7644e-01	4.2737e-15	1.8951e-17	5.9527e-05	2.8822e-01	7.1081e-01	9.0925e-04	6.4902e-03	5.4892e-01	4.4459e-01	1.1755e-36	1.1755e-36	1.1755e-36	6.0770e-25	0.00e+00	0.00e+00	1.0611e+01
1.55719e+20	8.4339e+03	4.506e-22	1.0000e+01	1.0735e+01	7.4495e-14	1.1558e-02	9.8844e-01	2.5812e-02	9.7419e-01	4.0904e-15	2.6320e-17	6.3533e-05	3.0680e-01	6.9233e-01	8.0515e-04	7.6594e-03	5.8150e-01	4.1084e-01	1.1755e-36	1.1755e-36	1.1755e-36	8.7947e-25	0.00e+00	0.00e+00	1.0957e+01
1.56179e+20	8.4472e+03	4.523e-22	1.0000e+01	1.0721e+01	9.1145e-14	1.2789e-02	9.8721e-01	2.8353e-02	9.7165e-01	3.9107e-15	3.6724e-17	6.7805e-05	3.2667e-01	6.7256e-01	7.0731e-04	9.0465e-03	6.1458e-01	3.7637e-01	1.1755e-36	1.1755e-36	1.1755e-36	1.2825e-24	0.00e+00	0.00e+00	1.1318e+01
1.56615e+20	8.4552e+03	4.540e-22	1.0000e+01	1.0701e+01	1.1262e-13	1.4211e-02	9.8579e-01	3.1254e-02	9.6875e-01	3.7301e-15	5.1491e-17	7.2354e-05	3.4806e-01	6.5125e-01	6.1554e-04	1.0700e-02	6.4786e-01	3.4144e-01	1.1755e-36	1.1755e-36	1.1755e-36	1.8819e-24	0.00e+00	0.00e+00	1.1699e+01
1.57029e+20	8.4570e+03	4.560e-22	1.0000e+01	1.0682e+01	1.4123e-13	1.5875e-02	9.8412e-01	3.4597e-02	9.6540e-01	3.5518e-15	7.2906e-17	7.7266e-05	3.7103e-01	6.2836e-01	5.2964e-04	1.2688e-02	6.8110e-01	3.0621e-01	1.1755e-36	1.1755e-36	1.1755e-36	2.8047e-24	0.00e+00	0.00e+00	1.2103e+01
1.57423e+20	8.4532e+03	4.579e-22	1.0000e+01	1.0659e+01	1.7995e-13	1.7852e-02	9.8215e-01	3.8493e-02	9.6151e-01	3.3738e-15	1.0442e-16	8.2574e-05	3.9592e-01	6.0355e-01	4.4953e-04	1.5101e-02	7.1396e-01	2.7094e-01	1.1755e-36	1.1755e-36	1.1755e-36	4.2497e-24	0.00e+00	0.00e+00	1.2537e+01
1.57801e+20	8.4424e+03	4.600e-22	1.0000e+01	1.0632e+01	2.3405e-13	2.0244e-02	9.7976e-01	4.3103e-02	9.5690e-01	3.1939e-15	1.5186e-16	8.8335e-05	4.2303e-01	5.7650e-01	3.7513e-04	1.8071e-02	7.4606e-01	2.3587e-01	1.1755e-36	1.1755e-36	1.1755e-36	6.5823e-24	0.00e+00	0.00e+00	1.3010e+01
1.58162e+20	8.4238e+03	4.622e-22	1.0000e+01	1.0598e+01	3.1179e-13	2.3185e-02	9.7681e-01	4.8615e-02	9.5138e-01	3.0105e-15	2.2487e-16	9.4585e-05	4.5259e-01	5.4701e-01	3.0688e-04	2.1767e-02	7.7674e-01	2.0150e-01	1.1755e-36	1.1755e-36	1.1755e-36	1.0463e-23	0.00e+00	0.00e+00	1.3525e+01
1.58500e+20	8.3967e+03	4.643e-22	1.0000e+01	1.0558e+01	4.2496e-13	2.6801e-02	9.7320e-01	5.5150e-02	9.4485e-01	2.8253e-15	3.3762e-16	1.0120e-04	4.8416e-01	5.1549e-01	2.4624e-04	2.6343e-02	8.0474e-01	1.6892e-01	1.1755e-36	1.1755e-36	1.1755e-36	1.7008e-23	0.00e+00	0.00e+00	1.4074e+01
1.58808e+20	8.3619e+03	4.664e-22	1.0000e+01	1.0509e+01	5.8931e-13	3.1187e-02	9.6881e-01	6.2753e-02	9.3725e-01	2.6450e-15	5.0970e-16	1.0798e-04	5.1693e-01	4.8277e-01	1.9440e-04	3.1909e-02	8.2874e-01	1.3935e-01	1.1755e-36	1.1755e-36	1.1755e-36	2.8009e-23	0.00e+00	0.00e+00	1.4650e+01
1.59087e+20	8.3277e+03	4.673e-22	1.0000e+01	1.0439e+01	8.2369e-13	3.6434e-02	9.6357e-01	7.1551e-02	9.2845e-01	2.4632e-15	7.6745e-16	1.1456e-04	5.5010e-01	4.4963e-01	1.5147e-04	3.8575e-02	8.4807e-01	1.1336e-01	1.1755e-36	1.1755e-36	1.1755e-36	4.6267e-23	0.00e+00	0.00e+00	1.5259e+01
1.59311e+20	8.2886e+03	4.686e-22	1.0000e+01	1.0373e+01	1.1361e-12	4.2233e-02	9.5777e-01	8.0472e-02	9.1953e-01	2.2975e-15	1.1188e-15	1.2045e-04	5.8001e-01	4.1975e-01	1.1945e-04	4.5901e-02	8.6129e-01	9.2807e-02	1.1755e-36	1.1755e-36	1.1755e-36	7.4113e-23	0.00e+00	0.00e+00	1.5747e+01
1.59471e+20	8.2423e+03	4.702e-22	1.0000e+01	1.0327e+01	1.4907e-12	4.7681e-02	9.5232e-01	8.8424e-02	9.1158e-01	2.1920e-15	1.5173e-15	1.2527e-04	6.0415e-01	3.9562e-01	9.7845e-05	5.2749e-02	8.6873e-01	7.8522e-02	1.1755e-36	1.1755e-36	1.1755e-36	1.0892e-22	0.00e+00	0.00e+00	1.6164e+01
1.59606e+20	8.2111e+03	4.699e-22	1.0000e+01	1.0269e+01	1.8891e-12	5.3109e-02	9.4689e-01	9.6196e-02	9.0380e-01	2.0991e-15	1.9801e-15	1.2928e-04	6.2553e-01	3.7426e-01	8.1454e-05	5.9558e-02	8.7313e-01	6.7309e-02	1.1755e-36	1.1755e-36	1.1755e-36	1.5284e-22	0.00e+00	0.00e+00	1.6603e+01
1.59757e+20	8.1605e+03	4.684e-22	1.0000e+01	1.0183e+01	2.5235e-12	6.0389e-02	9.3961e-01	1.0654e-01	8.9346e-01	1.9868e-15	2.7061e-15	1.3386e-04	6.5104e-01	3.4876e-01	6.4910e-05	6.8655e-02	8.7560e-01	5.5742e-02	1.1755e-36	1.1755e-36	1.1755e-36	2.2752e-22	0.00e+00	0.00e+00	1.7253e+01
1.59916e+20	8.1048e+03	4.676e-22	1.0000e+01	1.0097e+01	3.5994e-12	7.0813e-02	9.2919e-01	1.1977e-01	8.8023e-01	1.8346e-15	3.9550e-15	1.3907e-04	6.7996e-01	3.1985e-01	4.9186e-05	8.1565e-02	8.7436e-01	4.4073e-02	1.1755e-36	1.1755e-36	1.1755e-36	3.7318e-22	0.00e+00	0.00e+00	1.7914e+01
1.60042e+20	8.0762e+03	4.625e-22	1.0000e+01	9.9380e+00	4.8661e-12	8.1403e-02	9.1860e-01	1.3210e-01	8.6790e-01	1.7080e-15	5.4360e-15	1.4189e-04	7.0316e-01	2.9666e-01	3.8537e-05	9.4600e-02	8.6980e-01	3.5595e-02	1.1755e-36	1.1755e-36	1.1755e-36	5.6650e-22	0.00e+00	0.00e+00	1.8452e+01
1.60139e+20	8.0283e+03	4.602e-22	1.0000e+01	9.8493e+00	6.4234e-12	9.2065e-02	9.0793e-01	1.4375e-01	8.5625e-01	1.6227e-15	7.2139e-15	1.4500e-04	7.2333e-01	2.7650e-01	3.0927e-05	1.0761e-01	8.6291e-01	2.9483e-02	1.1755e-36	1.1755e-36	1.1755e-36	8.2520e-22	0.00e+00	0.00e+00	1.8966e+01
1.60225e+20	7.9956e+03	4.546e-22	1.0000e+01	9.7147e+00	8.2722e-12	1.0322e-01	8.9678e-01	1.5538e-01	8.4462e-01	1.5368e-15	9.3183e-15	1.4687e-04	7.4127e-01	2.5856e-01	2.5087e-05	1.2114e-01	8.5428e-01	2.4577e-02	1.1755e-36	1.1755e-36	1.1755e-36	1.1604e-21	0.00e+00	0.00e+00	1.9517e+01
1.60322e+20	7.9458e+03	4.460e-22	1.0000e+01	9.5340e+00	1.1257e-11	1.1828e-01	8.8172e-01	1.7077e-01	8.2923e-01	1.4353e-15	1.2599e-14	1.4863e-04	7.6230e-01	2.3753e-01	1.9375e-05	1.3928e-01	8.4105e-01	1.9665e-02	1.1755e-36	1.1755e-36	1.1755e-36	1.7351e-21	0.00e+00	0.00e+00	2.0337e+01
1.60423e+20	7.8910e+03	4.360e-22	1.0000e+01	9.3207e+00	1.6291e-11	1.3944e-01	8.6056e-01	1.8911e-01	8.1089e-01	1.3095e-15	1.8041e-14	1.5000e-04	7.8478e-01	2.1506e-01	1.4278e-05	1.6447e-01	8.2054e-01	1.4991e-02	1.1755e-36	1.1755e-36	1.1755e-36	2.8271e-21	0.00e+00	0.00e+00	2.1145e+01
1.60501e+20	7.8526e+03	4.244e-22	1.0000e+01	9.0899e+00	2.2370e-11	1.6083e-01	8.3917e-01	2.0552e-01	7.9448e-01	1.2142e-15	2.4455e-14	1.4989e-04	8.0245e-01	1.9739e-01	1.0953e-05	1.8962e-01	7.9862e-01	1.1759e-02	1.1755e-36	1.1755e-36	1.1755e-36	4.2912e-21	0.00e+00	0.00e+00	2.1797e+01
1.60560e+20	7.8159e+03	4.134e-22	1.0000e+01	8.8892e+00	2.9011e-11	1.8048e-01	8.1952e-01	2.1963e-01	7.8037e-01	1.1468e-15	3.1198e-14	1.4933e-04	8.1623e-01	1.8361e-01	8.7935e-06	2.1249e-01	7.7790e-01	9.6052e-03	1.1755e-36	1.1755e-36	1.1755e-36	6.0005e-21	0.00e+00	0.00e+00	2.2403e+01
1.60621e+20	7.7607e+03	3.984e-22	1.0000e+01	8.6269e+00	3.8559e-11	2.0371e-01	7.9629e-01	2.3608e-01	7.6392e-01	1.0745e-15	4.0115e-14	1.4790e-04	8.3064e-01	1.6921e-01	6.9048e-06	2.3924e-01	7.5307e-01	7.6915e-03	1.1755e-36	1.1755e-36	1.1755e-36	8.4573e-21	0.00e+00	0.00e+00	2.3292e+01
1.60688e+20	7.7104e+03	3.789e-22	1.0000e+01	8.2903e+00	5.3647e-11	2.3518e-01	7.6482e-01	2.5538e-01	7.4462e-01	9.7821e-16	5.3788e-14	1.4509e-04	8.4590e-01	1.5395e-01	5.1985e-06	2.7497e-01	7.1918e-01	5.8563e-03	1.1755e-36	1.1755e-36	1.1755e-36	1.2685e-20	0.00e+00	0.00e+00	2.4251e+01
1.60745e+20	7.6470e+03	3.587e-22	1.0000e+01	7.9359e+00	7.3986e-11	2.6918e-01	7.3082e-01	2.7359e-01	7.2641e-01	8.9801e-16	7.0505e-14	1.4142e-04	8.5903e-01	1.4083e-01	3.9792e-06	3.1293e-01	6.8258e-01	4.4894e-03	1.1755e-36	1.1755e-36	1.1755e-36	1.8447e-20	0.00e+00	0.00e+00	2.5109e+01
1.60792e+20	7.5898e+03	3.394e-22	1.0000e+01	7.6040e+00	9.6988e-11	3.0105e-01	6.9895e-01	2.8909e-01	7.1091e-01	8.3885e-16	8.7840e-14	1.3743e-04	8.6943e-01	1.3043e-01	3.1693e-06	3.4796e-01	6.4848e-01	3.5578e-03	1.1755e-36	1.1755e-36	1.1755e-36	2.4984e-20	0.00e+00	0.00e+00	2.5906e+01
1.60832e+20	7.5234e+03	3.211e-22	1.0000e+01	7.2981e+00	1.2492e-10	3.3281e-01	6.6719e-01	3.0389e-01	6.9610e-01	7.8628e-16	1.0695e-13	1.3364e-04	8.7861e-01	1.2125e-01	2.5681e-06	3.8235e-01	6.1479e-01	2.8606e-03	1.1755e-36	1.1755e-36	1.1755e-36	3.2787e-20	0.00e+00	0.00e+00	2.6714e+01
1.60869e+20	7.4757e+03	3.008e-22	1.0000e+01	6.9470e+00	1.5595e-10	3.6401e-01	6.3599e-01	3.1727e-01	6.8273e-01	7.3633e-16	1.2633e-13	1.2864e-04	8.8633e-01	1.1354e-01	2.1164e-06	4.1562e-01	5.8206e-01	2.3179e-03	1.1755e-36	1.1755e-36	1.1755e-36	4.1093e-20	0.00e+00	0.00e+00	2.7557e+01
1.60902e+20	7.4080e+03	2.829e-22	1.0000e+01	6.6301e+00	1.9375e-10	3.9493e-01	6.0507e-01	3.2967e-01	6.7033e-01	6.9005e-16	1.4697e-13	1.2404e-04	8.9312e-01	1.0676e-01	1.7728e-06	4.4813e-01	5.4997e-01	1.9025e-03	1.1755e-36	1.1755e-36	1.1755e-36	5.0415e-20	0.00e+00	0.00e+00	2.8281e+01
1.60929e+20	7.3456e+03	2.678e-22	1.0000e+01	6.3658e+00	2.3220e-10	4.2181e-01	5.7819e-01	3.4014e-01	6.5986e-01	6.5654e-16	1.6593e-13	1.2008e-04	8.9863e-01	1.0125e-01	1.5282e-06	4.7601e-01	5.2238e-01	1.6083e-03	1.1755e-36	1.1755e-36	1.1755e-36	5.9339e-20	0.00e+00	0.00e+00	2.8928e+01
1.60953e+20	7.2988e+03	2.531e-22	1.0000e+01	6.1043e+00	2.6976e-10	4.4564e-01	5.5436e-01	3.4924e-01	6.5076e-01	6.2695e-16	1.8271e-13	1.1598e-04	9.0318e-01	9.6703e-02	1.3426e-06	5.0044e-01	4.9818e-01	1.3830e-03	1.1755e-36	1.1755e-36	1.1755e-36	6.7303e-20	0.00e+00	0.00e+00	2.9587e+01
1.60975e+20	7.2281e+03	2.398e-22	1.0000e+01	5.8664e+00	3.1724e-10	4.7021e-01	5.2979e-01	3.5871e-01	6.4129e-01	5.9702e-16	2.0119e-13	1.1229e-04	9.0772e-01	9.2171e-02	1.1798e-06	5.2536e-01	4.7345e-01	1.1898e-03	1.1755e-36	1.1755e-36	1.1755e-36	7.6338e-20	0.00e+00	0.00e+00	3.0236e+01
1.60997e+20	7.1809e+03	2.261e-22	1.0000e+01	5.6160e+00	3.6289e-10	4.9291e-01	5.0709e-01	3.6697e-01	6.3303e-01	5.7083e-16	2.1760e-13	1.0817e-04	9.1161e-01	8.8281e-02	1.0478e-06	5.4814e-01	4.5083e-01	1.0305e-03	1.1755e-36	1.1755e-36	1.1755e-36	8.4234e-20	0.00e+00	0.00e+00	3.0907e+01
1.61018e+20	7.1184e+03	2.137e-22	1.0000e+01	5.3846e+00	4.1694e-10	5.1538e-01	4.8462e-01	3.7514e-01	6.2486e-01	5.4507e-16	2.3444e-13	1.0438e-04	9.1532e-01	8.4579e-02	9.3468e-07	5.7043e-01	4.2867e-01	8.9619e-04	1.1755e-36	1.1755e-36	1.1755e-36	9.2406e-20	0.00e+00	0.00e+00	3.1536e+01
1.61036e+20	7.0514e+03	2.026e-22	1.0000e+01	5.1783e+00	4.7594e-10	5.3644e-01	4.6356e-01	3.8311e-01	6.1689e-01	5.2244e-16	2.5073e-13	1.0099e-04	9.1875e-01	8.1144e-02	8.3990e-07	5.9115e-01	4.0806e-01	7.8615e-04	1.1755e-36	1.1755e-36	1.1755e-36	1.0035e-19	0.00e+00	0.00e+00	3.2146e+01
1.61051e+20	7.0156e+03	1.939e-22	1.0000e+01	5.0095e+00	5.1943e-10	5.5205e-01	4.4795e-01	3.8837e-01	6.1163e-01	5.0443e-16	2.6209e-13	9.8094e-05	9.2106e-01	7.8844e-02	7.7778e-07	6.0636e-01	3.9292e-01	7.1119e-04	1.1755e-36	1.1755e-36	1.1755e-36	1.0570e-19	0.00e+00	0.00e+00	3.2533e+01
1.61061e+20	6.9805e+03	1.880e-22	1.0000e+01	4.8952e+00	5.5528e-10	5.6292e-01	4.3708e-01	3.9249e-01	6.0751e-01	4.9470e-16	2.7015e-13	9.6159e-05	9.2276e-01	7.7142e-02	7.3578e-07	6.1691e-01	3.8243e-01	6.6304e-04	1.1755e-36	1.1755e-36	1.1755e-36	1.0938e-19	0.00e+00	0.00e+00	3.2857e+01
1.61071e+20	6.9314e+03	1.824e-22	1.0000e+01	4.7904e+00	5.9941e-10	5.7410e-01	4.2590e-01	3.9728e-01	6.0272e-01	4.8357e-16	2.7905e-13	9.4444e-05	9.2462e-01	7.5288e-02	6.9399e-07	6.2771e-01	3.7167e-01	6.1767e-04	1.1755e-36	1.1755e-36	1.1755e-36	1.1356e-19	0.00e+00	0.00e+00	3.3240e+01
1.61082e+20	6.9015e+03	1.758e-22	1.0000e+01	4.6602e+00	6.3911e-10	5.8550e-01	4.1450e-01	4.0168e-01	5.9832e-01	4.7081e-16	2.8692e-13	9.2167e-05	9.2640e-01	7.3505e-02	6.5292e-07	6.3866e-01	3.6077e-01	5.7151e-04	1.1755e-36	1.1755e-36	1.1755e-36	1.1683e-19	0.00e+00	0.00e+00	3.3678e+01
1.61094e+20	6.8531e+03	1.687e-22	1.0000e+01	4.5228e+00	6.9416e-10	5.9873e-01	4.0127e-01	4.0707e-01	5.9293e-01	4.5641e-16	2.9663e-13	8.9805e-05	9.2848e-01	7.1433e-02	6.0883e-07	6.5127e-01	3.4820e-01	5.2326e-04	1.1755e-36	1.1755e-36	1.1755e-36	1.2100e-19	0.00e+00	0.00e+00	3.4169e+01
1.61107e+20	6.8044e+03	1.618e-22	1.0000e+01	4.3856e+00	7.5360e-10	6.1199e-01	3.8801e-01	4.1244e-01	5.8756e-01	4.4174e-16	3.0628e-13	8.7425e-05	9.3050e-01	6.9411e-02	5.6777e-07	6.6386e-01	3.3566e-01	4.7838e-04	1.1755e-36	1.1755e-36	1.1755e-36	1.2502e-19	0.00e+00	0.00e+00	3.4639e+01
1.61119e+20	6.7514e+03	1.556e-22	1.0000e+01	4.2598e+00	8.1726e-10	6.2435e-01	3.7565e-01	4.1766e-01	5.8234e-01	4.2862e-16	3.1529e-13	8.5248e-05	9.3239e-01	6.7525e-02	5.3174e-07	6.7553e-01	3.2403e-01	4.3979e-04	1.1755e-36	1.1755e-36	1.1755e-36	1.2863e-19	0.00e+00	0.00e+00	3.5083e+01
1.61130e+20	6.7090e+03	1.497e-22	1.0000e+01	4.1414e+00	8.7599e-10	6.3562e-01	3.6438e-01	4.2253e-01	5.7747e-01	4.1686e-16	3.2323e-13	8.3163e-05	9.3412e-01	6.5792e-02	4.9988e-07	6.8613e-01	3.1346e-01	4.0606e-04	1.1755e-36	1.1755e-36	1.1755e-36	1.3162e-19	0.00e+00	0.00e+00	3.5526e+01
1.61141e+20	6.6527e+03	1.439e-22	1.0000e+01	4.0216e+00	9.4859e-10	6.4720e-01	3.5280e-01	4.2777e-01	5.7223e-01	4.0462e-16	3.3139e-13	8.1072e-05	9.3592e-01	6.4000e-02	4.6889e-07	6.9694e-01	3.0268e-01	3.7417e-04	1.1755e-36	1.1755e-36	1.1755e-36	1.3452e-19	0.00e+00	0.00e+00	3.6003e+01
1.61153e+20	6.5961e+03	1.381e-22	1.0000e+01	3.9029e+00	1.0282e-09	6.5912e-01	3.4088e-01	4.3338e-01	5.6662e-01	3.9167e-16	3.3998e-13	7.8985e-05	9.3777e-01	6.2150e-02	4.3856e-07	7.0803e-01	2.9163e-01	3.4340e-04	1.1755e-36	1.1755e-36	1.1755e-36	1.3762e-19	0.00e+00	0.00e+00	3.6499e+01
1.61165e+20	6.5423e+03	1.324e-22	1.0000e+01	3.7835e+00	1.1096e-09	6.7046e-01	3.2954e-01	4.3872e-01	5.6128e-01	3.7933e-16	3.4759e-13	7.6857e-05	9.3951e-01	6.0410e-02	4.1096e-07	7.1852e-01	2.8117e-01	3.1559e-04	1.1755e-36	1.1755e-36	1.1755e-36	1.3994e-19	0.00e+00	0.00e+00	3.6990e+01
1.61176e+20	6.4863e+03	1.270e-22	1.0000e+01	3.6678e+00	1.1975e-09	6.8147e-01	3.1853e-01	4.4417e-01	5.5583e-01	3.6747e-16	3.5490e-13	7.4792e-05	9.4123e-01	5.8699e-02	3.8521e-07	7.2866e-01	2.7105e-01	2.9022e-04	1.1755e-36	1.1755e-36	1.1755e-36	1.4200e-19	0.00e+00	0.00e+00	3.7494e+01
1.61188e+20	6.4303e+03	1.216e-22	1.0000e+01	3.5540e+00	1.2911e-09	6.9235e-01	3.0765e-01	4.4977e-01	5.5023e-01	3.5562e-16	3.6202e-13	7.2747e-05	9.4293e-01	5.6994e-02	3.6074e-07	7.3862e-01	2.6111e-01	2.6657e-04	1.1755e-36	1.1755e-36	1.1755e-36	1.4386e-19	0.00e+00	0.00e+00	3.8015e+01
1.61200e+20	6.3711e+03	1.164e-22	1.0000e+01	3.4399e+00	1.3943e-09	7.0310e-01	2.9690e-01	4.5551e-01	5.4449e-01	3.4368e-16	3.6883e-13	7.0695e-05	9.4462e-01	5.5306e-02	3.3761e-07	7.4841e-01	2.5135e-01	2.4461e-04	1.1755e-36	1.1755e-36	1.1755e-36	1.4535e-19	0.00e+00	0.00e+00	3.8552e+01
1.61212e+20	6.3104e+03	1.113e-22	1.0000e+01	3.3273e+00	1.5053e-09	7.1356e-01	2.8644e-01	4.6131e-01	5.3869e-01	3.3196e-16	3.7522e-13	6.8648e-05	9.4629e-01	5.3645e-02	3.1584e-07	7.5791e-01	2.4186e-01	2.2436e-04	1.1755e-36	1.1755e-36	1.1755e-36	1.4648e-19	0.00e+00	0.00e+00	3.9100e+01
1.61225e+20	6.2431e+03	1.064e-22	1.0000e+01	3.2196e+00	1.6329e-09	7.2410e-01	2.7590e-01	4.6760e-01	5.3240e-01	3.2004e-16	3.8206e-13	6.6705e-05	9.4798e-01	5.1950e-02	2.9494e-07	7.6743e-01	2.3237e-01	2.0544e-04	1.1755e-36	1.1755e-36	1.1755e-36	1.4788e-19	0.00e+00	0.00e+00	3.9664e+01
1.61237e+20	6.1783e+03	1.016e-22	1.0000e+01	3.1121e+00	1.7634e-09	7.3397e-01	2.6603e-01	4.7360e-01	5.2640e-01	3.0865e-16	3.8784e-13	6.4734e-05	9.4958e-01	5.0353e-02	2.7588e-07	7.7632e-01	2.2349e-01	1.8844e-04	1.1755e-36	1.1755e-36	1.1755e-36	1.4850e-19	0.00e+00	0.00e+00	4.0226e+01
1.61249e+20	6.1067e+03	9.710e-23	1.0000e+01	3.0087e+00	1.9129e-09	7.4375e-01	2.5625e-01	4.8003e-01	5.1997e-01	2.9732e-16	3.9383e-13	6.2849e-05	9.5120e-01	4.8740e-02	2.5770e-07	7.8509e-01	2.1474e-01	1.7271e-04	1.1755e-36	1.1755e-36	1.1755e-36	1.4924e-19	0.00e+00	0.00e+00	4.0809e+01
1.61262e+20	6.0296e+03	9.270e-23	1.0000e+01	2.9083e+00	2.0829e-09	7.5357e-01	2.4643e-01	4.8687e-01	5.1313e-01	2.8565e-16	4.0014e-13	6.1022e-05	9.5283e-01	4.7111e-02	2.4029e-07	7.9383e-01	2.0601e-01	1.5799e-04	1.1755e-36	1.1755e-36	1.1755e-36	1.5020e-19	0.00e+00	0.00e+00	4.1408e+01
1.61274e+20	5.9537e+03	8.848e-23	1.0000e+01	2.8098e+00	2.2607e-09	7.6283e-01	2.3717e-01	4.9360e-01	5.0640e-01	2.7444e-16	4.0579e-13	5.9212e-05	9.5438e-01	4.5556e-02	2.2430e-07	8.0206e-01	1.9779e-01	1.4471e-04	1.1755e-36	1.1755e-36	1.1755e-36	1.5072e-19	0.00e+00	0.00e+00	4.2004e+01
1.61287e+20	5.8753e+03	8.445e-23	1.0000e+01	2.7149e+00	2.4542e-09	7.7175e-01	2.2825e-01	5.0052e-01	4.9948e-01	2.6359e-16	4.1131e-13	5.7466e-05	9.5591e-01	4.4030e-02	2.0932e-07	8.0996e-01	1.8990e-01	1.3260e-04	1.1755e-36	1.1755e-36	1.1755e-36	1.5121e-19	0.00e+00	0.00e+00	4.2616e+01
1.61299e+20	5.7869e+03	8.054e-23	1.0000e+01	2.6205e+00	2.6817e-09	7.8061e-01	2.1939e-01	5.0784e-01	4.9216e-01	2.5246e-16	4.1700e-13	5.5735e-05	9.5744e-01	4.2503e-02	1.9501e-07	8.1779e-01	1.8209e-01	1.2132e-04	1.1755e-36	1.1755e-36	1.1755e-36	1.5180e-19	0.00e+00	0.00e+00	4.3250e+01
1.61312e+20	5.6994e+03	7.675e-23	1.0000e+01	2.5284e+00	2.9224e-09	7.8922e-01	2.1078e-01	5.1530e-01	4.8470e-01	2.4150e-16	4.2260e-13	5.4031e-05	9.5894e-01	4.1004e-02	1.8153e-07	8.2536e-01	1.7452e-01	1.1090e-04	1.1755e-36	1.1755e-36	1.1755e-36	1.5237e-19	0.00e+00	0.00e+00	4.3896e+01
1.61325e+20	5.6097e+03	7.311e-23	1.0000e+01	2.4389e+00	3.1823e-09	7.9753e-01	2.0247e-01	5.2292e-01	4.7708e-01	2.3083e-16	4.2817e-13	5.2373e-05	9.6041e-01	3.9540e-02	1.6894e-07	8.3264e-01	1.6725e-01	1.0138e-04	1.1755e-36	1.1755e-36	1.1755e-36	1.5300e-19	0.00e+00	0.00e+00	4.4552e+01
1.61338e+20	5.5166e+03	6.962e-23	1.0000e+01	2.3519e+00	3.4649e-09	8.0558e-01	1.9442e-01	5.3077e-01	4.6923e-01	2.2035e-16	4.3381e-13	5.0758e-05	9.6184e-01	3.8107e-02	1.5712e-07	8.3967e-01	1.6023e-01	9.2646e-05	1.1755e-36	1.1755e-36	1.1755e-36	1.5374e-19	0.00e+00	0.00e+00	4.5222e+01
1.61352e+20	5.4230e+03	6.624e-23	1.0000e+01	2.2655e+00	3.7596e-09	8.1321e-01	1.8679e-01	5.3859e-01	4.6141e-01	2.1019e-16	4.3902e-13	4.9138e-05	9.6323e-01	3.6725e-02	1.4611e-07	8.4633e-01	1.5358e-01	8.4676e-05	1.1755e-36	1.1755e-36	1.1755e-36	1.5418e-19	0.00e+00	0.00e+00	4.5907e+01
1.61365e+20	5.3240e+03	6.296e-23	1.0000e+01	2.1816e+00	4.0832e-09	8.2087e-01	1.7913e-01	5.4694e-01	4.5306e-01	2.0000e-16	4.4486e-13	4.7570e-05	9.6462e-01	3.5333e-02	1.3553e-07	8.5297e-01	1.4695e-01	7.7197e-05	1.1755e-36	1.1755e-36	1.1755e-36	1.5510e-19	0.00e+00	0.00e+00	4.6624e+01
1.61379e+20	5.2210e+03	5.979e-23	1.0000e+01	2.1002e+00	4.4287e-09	8.2844e-01	1.7156e-01	5.5563e-01	4.4437e-01	1.8977e-16	4.5113e-13	4.6052e-05	9.6599e-01	3.3961e-02	1.2555e-07	8.5951e-01	1.4042e-01	7.0256e-05	1.1755e-36	1.1755e-36	1.1755e-36	1.5634e-19	0.00e+00	0.00e+00	4.7347e+01
1.61393e+20	5.1090e+03	5.682e-23	1.0000e+01	2.0196e+00	4.8039e-09	8.3555e-01	1.6445e-01	5.6424e-01	4.3576e-01	1.7992e-16	4.5721e-13	4.4550e-05	9.6728e-01	3.2673e-02	1.1755e-36	8.6566e-01	1.3427e-01	6.4087e-05	1.1755e-36	1.1755e-36	1.1755e-36	1.5746e-19	0.00e+00	0.00e+00	4.8063e+01
1.61406e+20	4.9985e+03	5.403e-23	1.0000e+01	1.9457e+00	5.1759e-09	8.4243e-01	1.5757e-01	5.7319e-01	4.2681e-01	1.7047e-16	4.6372e-13	4.3179e-05	9.6855e-01	3.1410e-02	1.1755e-36	8.7159e-01	1.2835e-01	5.8465e-05	1.1755e-36	1.1755e-36	1.1755e-36	1.5892e-19	0.00e+00	0.00e+00	4.8786e+01
1.61420e+20	4.8839e+03	5.136e-23	1.0000e+01	1.8722e+00	5.5313e-09	8.4898e-01	1.5102e-01	5.8211e-01	4.1789e-01	1.6130e-16	4.6539e-13	4.1823e-05	9.6991e-01	3.0044e-02	1.1755e-36	8.7721e-01	1.2274e-01	5.3376e-05	1.1755e-36	1.1755e-36	1.1755e-36	1.5546e-19	0.00e+00	0.00e+00	4.9520e+01
1.61434e+20	4.7578e+03	4.880e-23	1.0000e+01	1.7999e+00	5.8983e-09	8.5546e-01	1.4454e-01	5.9144e-01	4.0856e-01	1.5213e-16	4.6617e-13	4.0503e-05	9.7127e-01	2.8685e-02	1.1755e-36	8.8277e-01	1.1718e-01	4.8669e-05	1.1755e-36	1.1755e-36	1.1755e-36	1.5099e-19	0.00e+00	0.00e+00	5.0273e+01
1.61448e+20	4.6319e+03	4.635e-23	1.0000e+01	1.7295e+00	6.2255e-09	8.6169e-01	1.3831e-01	6.0080e-01	3.9920e-01	1.4327e-16	4.6580e-13	3.9220e-05	9.7259e-01	2.7372e-02	1.1755e-36	8.8811e-01	1.1185e-01	4.4363e-05	1.1755e-36	1.1755e-36	1.1755e-36	1.4540e-19	0.00e+00	0.00e+00	5.1028e+01
1.61461e+20	4.5045e+03	4.404e-23	1.0000e+01	1.6623e+00	6.5066e-09	8.6762e-01	1.3238e-01	6.1015e-01	3.8985e-01	1.3486e-16	4.6428e-13	3.8001e-05	9.7385e-01	2.6116e-02	1.1755e-36	8.9317e-01	1.0679e-01	4.0489e-05	1.1755e-36	1.1755e-36	1.1755e-36	1.3879e-19	0.00e+00	0.00e+00	5.1776e+01
1.61475e+20	4.3759e+03	4.189e-23	1.0000e+01	1.5982e+00	6.7319e-09	8.7325e-01	1.2675e-01	6.1947e-01	3.8053e-01	1.2685e-16	4.6167e-13	3.6851e-05	9.7505e-01	2.4918e-02	1.1755e-36	8.9796e-01	1.0200e-01	3.7007e-05	1.1755e-36	1.1755e-36	1.1755e-36	1.3129e-19	0.00e+00	0.00e+00	5.2521e+01
1.61488e+20	4.2457e+03	3.985e-23	1.0000e+01	1.5364e+00	6.8951e-09	8.7864e-01	1.2136e-01	6.2881e-01	3.7119e-01	1.1922e-16	4.5805e-13	3.5759e-05	9.7620e-01	2.3768e-02	1.1755e-36	9.0254e-01	9.7423e-02	3.3849e-05	1.1755e-36	1.1755e-36	1.1755e-36	1.2301e-19	0.00e+00	0.00e+00	5.3267e+01
1.61502e+20	4.1153e+03	3.793e-23	1.0000e+01	1.4772e+00	6.9920e-09	8.8378e-01	1.1622e-01	6.3803e-01	3.6197e-01	1.1196e-16	4.5361e-13	3.4725e-05	9.7729e-01	2.2677e-02	1.1755e-36	9.0691e-01	9.3060e-02	3.0992e-05	1.1755e-36	1.1755e-36	1.1755e-36	1.1423e-19	0.00e+00	0.00e+00	5.4002e+01
1.61515e+20	3.9890e+03	3.617e-23	1.0000e+01	1.4217e+00	7.0237e-09	8.8858e-01	1.1142e-01	6.4684e-01	3.5316e-01	1.0530e-16	4.4873e-13	3.3769e-05	9.7829e-01	2.1674e-02	1.1755e-36	9.1098e-01	8.8989e-02	2.8462e-05	1.1755e-36	1.1755e-36	1.1755e-36	1.0548e-19	0.00e+00	0.00e+00	5.4701e+01
###########################
6.11953e+14	6.4689e+03	3.973e-22	1.0000e+01	1.0953e+01	2.3451e-16	3.1272e-04	9.9969e-01	9.6255e-04	9.0267e-01	9.6371e-02	1.0923e-22	1.5738e-06	1.8572e-02	9.4451e-01	3.6870e-02	5.3638e-06	3.4470e-02	9.1132e-01	5.4203e-02	1.8916e-06	1.1755e-36	1.8768e-30	0.00e+00	0.00e+00	2.4160e-05
3.67172e+15	6.4675e+03	3.972e-22	1.0000e+01	1.0951e+01	2.3595e-16	3.1271e-04	9.9969e-01	9.6241e-04	9.0272e-01	9.6319e-02	1.0966e-22	1.5668e-06	1.8582e-02	9.4444e-01	3.6930e-02	5.3594e-06	3.4439e-02	9.1152e-01	5.4029e-02	1.8827e-06	1.1755e-36	1.8913e-30	0.00e+00	0.00e+00	1.2080e-04
1.59108e+16	6.4681e+03	3.968e-22	1.0000e+01	1.0950e+01	2.3827e-16	3.1270e-04	9.9969e-01	9.6268e-04	9.0322e-01	9.5821e-02	1.1062e-22	1.5748e-06	1.8602e-02	9.4447e-01	3.6872e-02	5.3548e-06	3.4402e-02	9.1229e-01	5.3301e-02	1.8458e-06	1.1755e-36	1.9234e-30	0.00e+00	0.00e+00	5.0734e-04
6.48670e+16	6.4703e+03	3.958e-22	1.0000e+01	1.0948e+01	2.3686e-16	3.1246e-04	9.9969e-01	9.6499e-04	9.0594e-01	9.3097e-02	1.0993e-22	1.5850e-06	1.8611e-02	9.4471e-01	3.6633e-02	5.3465e-06	3.4358e-02	9.1514e-01	5.0498e-02	1.7059e-06	1.1755e-36	1.9029e-30	0.00e+00	0.00e+00	2.0523e-03
1.54946e+17	6.4612e+03	3.940e-22	1.0000e+01	1.0947e+01	2.3742e-16	3.1170e-04	9.9969e-01	9.6590e-04	9.0740e-01	9.1633e-02	1.0872e-22	1.5912e-06	1.8604e-02	9.4489e-01	3.6465e-02	5.3083e-06	3.4168e-02	9.1922e-01	4.6603e-02	1.5111e-06	1.1755e-36	1.8772e-30	0.00e+00	0.00e+00	4.0559e-03
2.72050e+17	6.4524e+03	3.920e-22	1.0000e+01	1.0944e+01	2.3786e-16	3.1085e-04	9.9969e-01	9.6999e-04	9.1187e-01	8.7162e-02	1.0771e-22	1.5878e-06	1.8601e-02	9.4532e-01	3.6034e-02	5.2794e-06	3.4039e-02	9.2409e-01	4.1861e-02	1.2873e-06	1.1755e-36	1.8557e-30	0.00e+00	0.00e+00	6.6536e-03
4.24284e+17	6.4490e+03	3.894e-22	1.0000e+01	1.0939e+01	2.3559e-16	3.0966e-04	9.9969e-01	9.7649e-04	9.1930e-01	7.9725e-02	1.0585e-22	1.5922e-06	1.8591e-02	9.4600e-01	3.5376e-02	5.2488e-06	3.3923e-02	9.2980e-01	3.6266e-02	1.0416e-06	1.1755e-36	1.8092e-30	0.00e+00	0.00e+00	1.0018e-02
6.22189e+17	6.4519e+03	3.860e-22	1.0000e+01	1.0930e+01	2.3274e-16	3.0797e-04	9.9969e-01	9.8512e-04	9.2978e-01	6.9239e-02	1.0423e-22	1.6005e-06	1.8565e-02	9.4689e-01	3.4514e-02	5.2182e-06	3.3844e-02	9.3622e-01	2.9934e-02	7.8686e-07	1.1755e-36	1.7768e-30	0.00e+00	0.00e+00	1.4367e-02
8.79465e+17	6.4420e+03	3.827e-22	1.0000e+01	1.0917e+01	2.3039e-16	3.0651e-04	9.9969e-01	9.9806e-04	9.4309e-01	5.5909e-02	1.0246e-22	1.6039e-06	1.8569e-02	9.4800e-01	3.3407e-02	5.2213e-06	3.3951e-02	9.4291e-01	2.3135e-02	5.4075e-07	1.1755e-36	1.7218e-30	0.00e+00	0.00e+00	1.9994e-02
1.21392e+18	6.4318e+03	3.789e-22	1.0000e+01	1.0904e+01	2.2842e-16	3.0492e-04	9.9970e-01	1.0130e-03	9.5799e-01	4.0997e-02	1.0142e-22	1.6067e-06	1.8583e-02	9.4920e-01	3.2193e-02	5.2511e-06	3.4225e-02	9.4938e-01	1.6389e-02	3.2824e-07	1.1755e-36	1.6826e-30	0.00e+00	0.00e+00	2.7271e-02
1.64872e+18	6.4152e+03	3.751e-22	1.0000e+01	1.0891e+01	2.2793e-16	3.0340e-04	9.9970e-01	1.0287e-03	9.7249e-01	2.6486e-02	1.0119e-22	1.6106e-06	1.8619e-02	9.5038e-01	3.0988e-02	5.3143e-06	3.4687e-02	9.5494e-01	1.0368e-02	1.6938e-07	1.1755e-36	1.6561e-30	0.00e+00	0.00e+00	3.6685e-02
2.21395e+18	6.3895e+03	3.713e-22	1.0000e+01	1.0881e+01	2.2872e-16	3.0212e-04	9.9970e-01	1.0433e-03	9.8437e-01	1.4585e-02	1.0142e-22	1.6170e-06	1.8683e-02	9.5140e-01	2.9913e-02	5.4064e-06	3.5286e-02	9.5902e-01	5.6851e-03	1.1755e-36	1.1755e-36	1.6299e-30	0.00e+00	0.00e+00	4.8871e-02
2.94876e+18	6.3542e+03	3.678e-22	1.0000e+01	1.0874e+01	2.2930e-16	3.0109e-04	9.9970e-01	1.0555e-03	9.9232e-01	6.6285e-03	1.0106e-22	1.6257e-06	1.8776e-02	9.5219e-01	2.9032e-02	5.5138e-06	3.5928e-02	9.6144e-01	2.6218e-03	1.1755e-36	1.1755e-36	1.5751e-30	0.00e+00	0.00e+00	6.4659e-02
3.90401e+18	6.3094e+03	3.645e-22	1.0000e+01	1.0870e+01	2.3176e-16	3.0033e-04	9.9970e-01	1.0656e-03	9.9652e-01	2.4152e-03	1.0076e-22	1.6364e-06	1.8896e-02	9.5279e-01	2.8311e-02	5.6235e-06	3.6518e-02	9.6249e-01	9.8920e-04	1.1755e-36	1.1755e-36	1.5184e-30	0.00e+00	0.00e+00	8.5131e-02
5.14583e+18	6.2562e+03	3.613e-22	1.0000e+01	1.0868e+01	2.3690e-16	2.9987e-04	9.9970e-01	1.0749e-03	9.9823e-01	6.9114e-04	1.0091e-22	1.6500e-06	1.9051e-02	9.5330e-01	2.7647e-02	5.7389e-06	3.7063e-02	9.6263e-01	2.9957e-04	1.1755e-36	1.1755e-36	1.4715e-30	0.00e+00	0.00e+00	1.1170e-01
6.76020e+18	6.1954e+03	3.579e-22	1.0000e+01	1.0868e+01	2.4138e-16	2.9983e-04	9.9970e-01	1.0853e-03	9.9876e-01	1.5528e-04	1.0022e-22	1.6681e-06	1.9249e-02	9.5381e-01	2.6935e-02	5.8747e-06	3.7628e-02	9.6229e-01	7.2807e-05	1.1755e-36	1.1755e-36	1.3931e-30	0.00e+00	0.00e+00	1.4624e-01
8.85888e+18	6.1273e+03	3.543e-22	1.0000e+01	1.0868e+01	2.4699e-16	3.0045e-04	9.9970e-01	1.0984e-03	9.9887e-01	2.8410e-05	9.9679e-23	1.6931e-06	1.9507e-02	9.5439e-01	2.6104e-02	6.0508e-06	3.8295e-02	9.6168e-01	1.4612e-05	1.1755e-36	1.1755e-36	1.3091e-30	0.00e+00	0.00e+00	1.9124e-01
1.15872e+19	6.0531e+03	3.503e-22	1.0000e+01	1.0868e+01	2.5288e-16	3.0211e-04	9.9970e-01	1.1157e-03	9.9888e-01	4.5025e-06	9.9133e-23	1.7287e-06	1.9847e-02	9.5504e-01	2.5108e-02	6.2901e-06	3.9133e-02	9.6086e-01	2.5339e-06	1.1755e-36	1.1755e-36	1.2125e-30	0.00e+00	0.00e+00	2.5006e-01
1.51339e+19	5.9751e+03	3.461e-22	1.0000e+01	1.0868e+01	2.6256e-16	3.0537e-04	9.9969e-01	1.1389e-03	9.9886e-01	6.3977e-07	1.0024e-22	1.7798e-06	2.0298e-02	9.5579e-01	2.3915e-02	6.6207e-06	4.0205e-02	9.5979e-01	3.9082e-07	1.1755e-36	1.1755e-36	1.1400e-30	0.00e+00	0.00e+00	3.2734e-01
1.97447e+19	5.8977e+03	3.418e-22	1.0000e+01	1.0868e+01	2.7225e-16	3.1113e-04	9.9969e-01	1.1703e-03	9.9883e-01	8.0949e-08	1.0197e-22	1.8541e-06	2.0903e-02	9.5659e-01	2.2500e-02	7.0857e-06	4.1586e-02	9.5841e-01	1.1755e-36	1.1755e-36	1.1755e-36	1.0581e-30	0.00e+00	0.00e+00	4.2971e-01
2.34684e+19	5.7941e+03	3.369e-22	1.0000e+01	1.0868e+01	2.6818e-16	3.1170e-04	9.9969e-01	1.1868e-03	9.9881e-01	1.8028e-08	9.3583e-23	1.8846e-06	2.1257e-02	9.5730e-01	2.1442e-02	7.3716e-06	4.2601e-02	9.5739e-01	1.1755e-36	1.1755e-36	1.1755e-36	8.4570e-31	0.00e+00	0.00e+00	4.7369e-01
2.58152e+19	5.7717e+03	3.355e-22	1.0000e+01	1.0868e+01	2.7166e-16	3.1540e-04	9.9968e-01	1.2027e-03	9.9880e-01	7.9910e-09	9.4734e-23	1.9254e-06	2.1561e-02	9.5761e-01	2.0832e-02	7.6213e-06	4.3262e-02	9.5673e-01	1.1755e-36	1.1755e-36	1.1755e-36	8.2481e-31	0.00e+00	0.00e+00	5.2264e-01
2.83967e+19	5.7526e+03	3.341e-22	1.0000e+01	1.0868e+01	2.7873e-16	3.1991e-04	9.9968e-01	1.2208e-03	9.9878e-01	3.4773e-09	9.7549e-23	1.9732e-06	2.1904e-02	9.5790e-01	2.0191e-02	7.9116e-06	4.3997e-02	9.5599e-01	1.1755e-36	1.1755e-36	1.1755e-36	8.2848e-31	0.00e+00	0.00e+00	5.7725e-01
3.12364e+19	5.7376e+03	3.329e-22	1.0000e+01	1.0868e+01	2.7894e-16	3.2534e-04	9.9967e-01	1.2414e-03	9.9876e-01	1.4849e-09	9.8387e-23	2.0289e-06	2.2291e-02	9.5819e-01	1.9517e-02	8.2484e-06	4.4809e-02	9.5518e-01	1.1755e-36	1.1755e-36	1.1755e-36	7.9235e-31	0.00e+00	0.00e+00	6.3835e-01
3.43600e+19	5.7279e+03	3.317e-22	1.0000e+01	1.0868e+01	2.8501e-16	3.3187e-04	9.9967e-01	1.2650e-03	9.9873e-01	6.2198e-10	1.0205e-22	2.0940e-06	2.2731e-02	9.5846e-01	1.8812e-02	8.6429e-06	4.5716e-02	9.5428e-01	1.1755e-36	1.1755e-36	1.1755e-36	7.9721e-31	0.00e+00	0.00e+00	7.0690e-01
3.77960e+19	5.7244e+03	3.307e-22	1.0000e+01	1.0867e+01	2.9054e-16	3.3977e-04	9.9966e-01	1.2922e-03	9.9871e-01	2.5541e-10	1.0641e-22	2.1715e-06	2.3234e-02	9.5869e-01	1.8074e-02	9.1086e-06	4.6728e-02	9.5326e-01	1.1755e-36	1.1755e-36	1.1755e-36	8.0399e-31	0.00e+00	0.00e+00	7.8411e-01
4.15756e+19	5.7286e+03	3.298e-22	1.0000e+01	1.0867e+01	2.9609e-16	3.4933e-04	9.9965e-01	1.3237e-03	9.9868e-01	1.0277e-10	1.1199e-22	2.2631e-06	2.3811e-02	9.5888e-01	1.7303e-02	9.6630e-06	4.7860e-02	9.5213e-01	1.1755e-36	1.1755e-36	1.1755e-36	8.1844e-31	0.00e+00	0.00e+00	8.7143e-01
4.57332e+19	5.7423e+03	3.292e-22	1.0000e+01	1.0867e+01	3.0757e-16	3.6098e-04	9.9964e-01	1.3605e-03	9.9864e-01	4.0515e-11	1.2163e-22	2.3723e-06	2.4480e-02	9.5902e-01	1.6501e-02	1.0332e-05	4.9137e-02	9.5085e-01	1.1755e-36	1.1755e-36	1.1755e-36	8.7903e-31	0.00e+00	0.00e+00	9.7068e-01
5.03065e+19	5.7669e+03	3.288e-22	1.0000e+01	1.0867e+01	3.1551e-16	3.7527e-04	9.9962e-01	1.4040e-03	9.9860e-01	1.5650e-11	1.3230e-22	2.5050e-06	2.5265e-02	9.5907e-01	1.5665e-02	1.1152e-05	5.0595e-02	9.4939e-01	1.1755e-36	1.1755e-36	1.1755e-36	9.3281e-31	0.00e+00	0.00e+00	1.0842e+00
5.53372e+19	5.8052e+03	3.289e-22	1.0000e+01	1.0867e+01	3.2663e-16	3.9294e-04	9.9961e-01	1.4560e-03	9.9854e-01	5.9317e-12	1.4785e-22	2.6679e-06	2.6194e-02	9.5901e-01	1.4797e-02	1.2174e-05	5.2268e-02	9.4772e-01	1.1755e-36	1.1755e-36	1.1755e-36	1.0285e-30	0.00e+00	0.00e+00	1.2149e+00
6.08709e+19	5.8651e+03	3.291e-22	1.0000e+01	1.0866e+01	3.3925e-16	4.1478e-04	9.9959e-01	1.5183e-03	9.9848e-01	2.2165e-12	1.7011e-22	2.8665e-06	2.7294e-02	9.5880e-01	1.3907e-02	1.3461e-05	5.4186e-02	9.4580e-01	1.1755e-36	1.1755e-36	1.1755e-36	1.1814e-30	0.00e+00	0.00e+00	1.3667e+00
6.69580e+19	5.9319e+03	3.305e-22	1.0000e+01	1.0866e+01	3.6443e-16	4.4327e-04	9.9956e-01	1.5974e-03	9.9840e-01	8.2355e-13	2.0631e-22	3.1226e-06	2.8679e-02	9.5836e-01	1.2961e-02	1.5190e-05	5.6557e-02	9.4343e-01	1.1755e-36	1.1755e-36	1.1755e-36	1.4599e-30	0.00e+00	0.00e+00	1.5451e+00
7.36538e+19	6.0267e+03	3.324e-22	1.0000e+01	1.0866e+01	3.9750e-16	4.7990e-04	9.9952e-01	1.6960e-03	9.9830e-01	3.1254e-13	2.6381e-22	3.4496e-06	3.0391e-02	9.5762e-01	1.1990e-02	1.7521e-05	5.9413e-02	9.4057e-01	1.1755e-36	1.1755e-36	1.1755e-36	1.9427e-30	0.00e+00	0.00e+00	1.7576e+00
8.10192e+19	6.1541e+03	3.350e-22	1.0000e+01	1.0865e+01	4.4044e-16	5.2821e-04	9.9947e-01	1.8225e-03	9.9818e-01	1.2723e-13	3.5886e-22	3.8780e-06	3.2565e-02	9.5644e-01	1.0989e-02	2.0802e-05	6.2964e-02	9.3702e-01	1.1755e-36	1.1755e-36	1.1755e-36	2.7992e-30	0.00e+00	0.00e+00	2.0149e+00
8.91211e+19	6.2991e+03	3.396e-22	1.0000e+01	1.0864e+01	5.1136e-16	5.9564e-04	9.9940e-01	1.9943e-03	9.9801e-01	5.9444e-14	5.3455e-22	4.4692e-06	3.5495e-02	9.5458e-01	9.9246e-03	2.5790e-05	6.7691e-02	9.3228e-01	1.1755e-36	1.1755e-36	1.1755e-36	4.5004e-30	0.00e+00	0.00e+00	2.3341e+00
9.80332e+19	6.4877e+03	3.458e-22	1.0000e+01	1.0863e+01	6.1536e-16	6.9202e-04	9.9931e-01	2.2337e-03	9.9777e-01	3.3466e-14	8.8848e-22	5.3022e-06	3.9523e-02	9.5166e-01	8.8154e-03	3.3810e-05	7.4104e-02	9.2586e-01	1.1755e-36	1.1755e-36	1.1755e-36	8.2263e-30	0.00e+00	0.00e+00	2.7419e+00
1.06741e+20	6.7047e+03	3.540e-22	1.0000e+01	1.0861e+01	7.6558e-16	8.2053e-04	9.9918e-01	2.5390e-03	9.9746e-01	2.2689e-14	1.5958e-21	6.3768e-06	4.4580e-02	9.4761e-01	7.8045e-03	4.6075e-05	8.2144e-02	9.1781e-01	1.1755e-36	1.1755e-36	1.1755e-36	1.6554e-29	0.00e+00	0.00e+00	3.1604e+00
1.13013e+20	6.8923e+03	3.619e-22	1.0000e+01	1.0860e+01	9.1024e-16	9.4778e-04	9.9905e-01	2.8263e-03	9.9717e-01	1.8200e-14	2.5833e-21	7.3905e-06	4.9255e-02	9.4361e-01	7.1276e-03	5.9951e-05	8.9660e-02	9.1028e-01	1.1755e-36	1.1755e-36	1.1755e-36	2.9107e-29	0.00e+00	0.00e+00	3.4274e+00
1.16710e+20	7.0076e+03	3.672e-22	1.0000e+01	1.0858e+01	1.0358e-15	1.0426e-03	9.9896e-01	3.0394e-03	9.9696e-01	1.6624e-14	3.6055e-21	8.1388e-06	5.2689e-02	9.4059e-01	6.7109e-03	7.1595e-05	9.5227e-02	9.0470e-01	1.1755e-36	1.1755e-36	1.1755e-36	4.3009e-29	0.00e+00	0.00e+00	3.6204e+00
1.20081e+20	7.1054e+03	3.717e-22	1.0000e+01	1.0857e+01	1.2000e-15	1.1453e-03	9.9885e-01	3.2780e-03	9.9672e-01	1.5419e-14	5.1154e-21	8.9643e-06	5.6492e-02	9.3722e-01	6.2836e-03	8.5658e-05	1.0138e-01	8.9854e-01	1.1755e-36	1.1755e-36	1.1755e-36	6.4644e-29	0.00e+00	0.00e+00	3.8959e+00
1.23839e+20	7.2224e+03	3.774e-22	1.0000e+01	1.0855e+01	1.4240e-15	1.2813e-03	9.9872e-01	3.5870e-03	9.9641e-01	1.3791e-14	7.7223e-21	1.0028e-05	6.1360e-02	9.3281e-01	5.8249e-03	1.0627e-04	1.0940e-01	8.9049e-01	1.1755e-36	1.1755e-36	1.1755e-36	1.0394e-28	0.00e+00	0.00e+00	4.1956e+00
1.27146e+20	7.3331e+03	3.831e-22	1.0000e+01	1.0854e+01	1.6826e-15	1.4287e-03	9.9857e-01	3.9167e-03	9.9608e-01	1.2547e-14	1.1508e-20	1.1148e-05	6.6471e-02	9.2810e-01	5.4226e-03	1.3123e-04	1.1800e-01	8.8187e-01	1.1755e-36	1.1755e-36	1.1755e-36	1.6417e-28	0.00e+00	0.00e+00	4.4579e+00
1.29754e+20	7.4234e+03	3.879e-22	1.0000e+01	1.0852e+01	1.9483e-15	1.5693e-03	9.9843e-01	4.2303e-03	9.9577e-01	1.1726e-14	1.6264e-20	1.2200e-05	7.1258e-02	9.2364e-01	5.0950e-03	1.5770e-04	1.2617e-01	8.7367e-01	1.1755e-36	1.1755e-36	1.1755e-36	2.4308e-28	0.00e+00	0.00e+00	4.6865e+00
1.31963e+20	7.5042e+03	3.918e-22	1.0000e+01	1.0851e+01	2.2274e-15	1.7084e-03	9.9829e-01	4.5381e-03	9.9546e-01	1.1092e-14	2.2317e-20	1.3222e-05	7.5913e-02	9.1927e-01	4.8074e-03	1.8655e-04	1.3427e-01	8.6555e-01	1.1755e-36	1.1755e-36	1.1755e-36	3.4760e-28	0.00e+00	0.00e+00	4.9141e+00
1.34066e+20	7.5724e+03	3.961e-22	1.0000e+01	1.0848e+01	2.5879e-15	1.8652e-03	9.9813e-01	4.8890e-03	9.9511e-01	1.0474e-14	3.1105e-20	1.4380e-05	8.1154e-02	9.1431e-01	4.5182e-03	2.2210e-04	1.4338e-01	8.5640e-01	1.1755e-36	1.1755e-36	1.1755e-36	5.0492e-28	0.00e+00	0.00e+00	5.1608e+00
1.36111e+20	7.6505e+03	4.000e-22	1.0000e+01	1.0847e+01	3.0031e-15	2.0416e-03	9.9796e-01	5.2796e-03	9.9472e-01	9.8681e-15	4.3789e-20	1.5635e-05	8.6880e-02	9.0887e-01	4.2367e-03	2.6626e-04	1.5364e-01	8.4609e-01	1.1755e-36	1.1755e-36	1.1755e-36	7.4141e-28	0.00e+00	0.00e+00	5.4180e+00
1.38002e+20	7.7155e+03	4.042e-22	1.0000e+01	1.0844e+01	3.5172e-15	2.2369e-03	9.9776e-01	5.7135e-03	9.9429e-01	9.3117e-15	6.1904e-20	1.7020e-05	9.3155e-02	9.0286e-01	3.9651e-03	3.1989e-04	1.6494e-01	8.3474e-01	1.1755e-36	1.1755e-36	1.1755e-36	1.0899e-27	0.00e+00	0.00e+00	5.6703e+00
1.39685e+20	7.7758e+03	4.081e-22	1.0000e+01	1.0841e+01	4.0947e-15	2.4412e-03	9.9756e-01	6.1660e-03	9.9383e-01	8.8381e-15	8.6266e-20	1.8431e-05	9.9562e-02	8.9670e-01	3.7167e-03	3.8162e-04	1.7674e-01	8.2288e-01	1.1755e-36	1.1755e-36	1.1755e-36	1.5755e-27	0.00e+00	0.00e+00	5.9136e+00
1.41196e+20	7.8336e+03	4.115e-22	1.0000e+01	1.0839e+01	4.7409e-15	2.6549e-03	9.9735e-01	6.6390e-03	9.9336e-01	8.4271e-15	1.1885e-19	1.9880e-05	1.0615e-01	8.9034e-01	3.4873e-03	4.5242e-04	1.8906e-01	8.1049e-01	1.1755e-36	1.1755e-36	1.1755e-36	2.2480e-27	0.00e+00	0.00e+00	6.1555e+00
1.42597e+20	7.8950e+03	4.144e-22	1.0000e+01	1.0836e+01	5.4588e-15	2.8831e-03	9.9712e-01	7.1418e-03	9.9286e-01	8.0507e-15	1.6289e-19	2.1388e-05	1.1303e-01	8.8368e-01	3.2705e-03	5.3521e-04	2.0223e-01	7.9724e-01	1.1755e-36	1.1755e-36	1.1755e-36	3.1879e-27	0.00e+00	0.00e+00	6.4027e+00
1.43917e+20	7.9431e+03	4.177e-22	1.0000e+01	1.0832e+01	6.3569e-15	3.1375e-03	9.9686e-01	7.7079e-03	9.9229e-01	7.6819e-15	2.2498e-19	2.3049e-05	1.2062e-01	8.7630e-01	3.0561e-03	6.3546e-04	2.1674e-01	7.8263e-01	1.1755e-36	1.1755e-36	1.1755e-36	4.5464e-27	0.00e+00	0.00e+00	6.6563e+00
1.45148e+20	7.9897e+03	4.208e-22	1.0000e+01	1.0829e+01	7.4061e-15	3.4144e-03	9.9659e-01	8.3168e-03	9.9168e-01	7.3378e-15	3.1056e-19	2.4819e-05	1.2865e-01	8.6847e-01	2.8507e-03	7.5450e-04	2.3242e-01	7.6683e-01	1.1755e-36	1.1755e-36	1.1755e-36	6.4794e-27	0.00e+00	0.00e+00	6.9111e+00
1.46282e+20	8.0427e+03	4.233e-22	1.0000e+01	1.0826e+01	8.5706e-15	3.7083e-03	9.9629e-01	8.9617e-03	9.9104e-01	7.0270e-15	4.2588e-19	2.6638e-05	1.3695e-01	8.6036e-01	2.6592e-03	8.9256e-04	2.4900e-01	7.5011e-01	1.1755e-36	1.1755e-36	1.1755e-36	9.1828e-27	0.00e+00	0.00e+00	7.1652e+00
1.47328e+20	8.0779e+03	4.262e-22	1.0000e+01	1.0822e+01	1.0019e-14	4.0310e-03	9.9597e-01	9.6735e-03	9.9033e-01	6.7297e-15	5.8462e-19	2.8599e-05	1.4593e-01	8.5157e-01	2.4729e-03	1.0561e-03	2.6681e-01	7.3213e-01	1.1755e-36	1.1755e-36	1.1755e-36	1.2986e-26	0.00e+00	0.00e+00	7.4218e+00
1.48304e+20	8.1285e+03	4.284e-22	1.0000e+01	1.0818e+01	1.1583e-14	4.3735e-03	9.9563e-01	1.0424e-02	9.8958e-01	6.4599e-15	7.9764e-19	3.0625e-05	1.5516e-01	8.4251e-01	2.2993e-03	1.2455e-03	2.8564e-01	7.1311e-01	1.1755e-36	1.1755e-36	1.1755e-36	1.8297e-26	0.00e+00	0.00e+00	7.6820e+00
1.49218e+20	8.1643e+03	4.309e-22	1.0000e+01	1.0813e+01	1.3519e-14	4.7538e-03	9.9525e-01	1.1261e-02	9.8874e-01	6.1941e-15	1.0917e-18	3.2814e-05	1.6522e-01	8.3261e-01	2.1292e-03	1.4716e-03	3.0598e-01	6.9255e-01	1.1755e-36	1.1755e-36	1.1755e-36	2.5773e-26	0.00e+00	0.00e+00	7.9476e+00
1.50073e+20	8.1979e+03	4.333e-22	1.0000e+01	1.0808e+01	1.5840e-14	5.1702e-03	9.9483e-01	1.2171e-02	9.8783e-01	5.9422e-15	1.4970e-18	3.5143e-05	1.7585e-01	8.2215e-01	1.9661e-03	1.7384e-03	3.2771e-01	6.7055e-01	1.1755e-36	1.1755e-36	1.1755e-36	3.6466e-26	0.00e+00	0.00e+00	8.2174e+00
1.50873e+20	8.2366e+03	4.353e-22	1.0000e+01	1.0802e+01	1.8475e-14	5.6213e-03	9.9438e-01	1.3161e-02	9.8684e-01	5.7025e-15	2.0449e-18	3.7570e-05	1.8705e-01	8.1110e-01	1.8119e-03	2.0503e-03	3.5071e-01	6.4724e-01	1.1755e-36	1.1755e-36	1.1755e-36	5.1351e-26	0.00e+00	0.00e+00	8.4913e+00
1.51620e+20	8.2665e+03	4.375e-22	1.0000e+01	1.0796e+01	2.1727e-14	6.1198e-03	9.9388e-01	1.4244e-02	9.8576e-01	5.4759e-15	2.8022e-18	4.0181e-05	1.9899e-01	7.9931e-01	1.6631e-03	2.4187e-03	3.7513e-01	6.2245e-01	1.1755e-36	1.1755e-36	1.1755e-36	7.2665e-26	0.00e+00	0.00e+00	8.7705e+00
1.52320e+20	8.3021e+03	4.393e-22	1.0000e+01	1.0791e+01	2.5478e-14	6.6633e-03	9.9334e-01	1.5422e-02	9.8458e-01	5.2616e-15	3.8316e-18	4.2914e-05	2.1151e-01	7.8692e-01	1.5226e-03	2.8492e-03	4.0085e-01	5.9630e-01	1.1755e-36	1.1755e-36	1.1755e-36	1.0271e-25	0.00e+00	0.00e+00	9.0559e+00
1.52979e+20	8.3250e+03	4.415e-22	1.0000e+01	1.0783e+01	3.0175e-14	7.2728e-03	9.9273e-01	1.6740e-02	9.8326e-01	5.0485e-15	5.2588e-18	4.5855e-05	2.2511e-01	7.7346e-01	1.3864e-03	3.3613e-03	4.2809e-01	5.6855e-01	1.1755e-36	1.1755e-36	1.1755e-36	1.4550e-25	0.00e+00	0.00e+00	9.3491e+00
1.53598e+20	8.3583e+03	4.431e-22	1.0000e+01	1.0776e+01	3.5618e-14	7.9401e-03	9.9206e-01	1.8175e-02	9.8182e-01	4.8483e-15	7.2117e-18	4.8941e-05	2.3931e-01	7.5939e-01	1.2585e-03	3.9591e-03	4.5653e-01	5.3951e-01	1.1755e-36	1.1755e-36	1.1755e-36	2.0673e-25	0.00e+00	0.00e+00	9.6498e+00
1.54180e+20	8.3695e+03	4.454e-22	1.0000e+01	1.0766e+01	4.2747e-14	8.7002e-03	9.9130e-01	1.9801e-02	9.8020e-01	4.6459e-15	9.9461e-18	5.2293e-05	2.5479e-01	7.4402e-01	1.1344e-03	4.6736e-03	4.8640e-01	5.0893e-01	1.1755e-36	1.1755e-36	1.1755e-36	2.9485e-25	0.00e+00	0.00e+00	9.9596e+00
1.54728e+20	8.4022e+03	4.468e-22	1.0000e+01	1.0756e+01	5.0789e-14	9.5312e-03	9.9047e-01	2.1570e-02	9.7843e-01	4.4571e-15	1.3676e-17	5.5756e-05	2.7093e-01	7.2800e-01	1.0194e-03	5.5026e-03	5.1713e-01	4.7737e-01	1.1755e-36	1.1755e-36	1.1755e-36	4.2088e-25	0.00e+00	0.00e+00	1.0279e+01
1.55243e+20	8.4198e+03	4.487e-22	1.0000e+01	1.0747e+01	6.1243e-14	1.0477e-02	9.8952e-01	2.3564e-02	9.7644e-01	4.2716e-15	1.8918e-17	5.9513e-05	2.8820e-01	7.1083e-01	9.0940e-04	6.4875e-03	5.4889e-01	4.4463e-01	1.1755e-36	1.1755e-36	1.1755e-36	6.0596e-25	0.00e+00	0.00e+00	1.0610e+01
1.55731e+20	8.4347e+03	4.505e-22	1.0000e+01	1.0735e+01	7.4358e-14	1.1554e-02	9.8845e-01	2.5810e-02	9.7419e-01	4.0896e-15	2.6274e-17	6.3520e-05	3.0677e-01	6.9236e-01	8.0532e-04	7.6554e-03	5.8144e-01	4.1090e-01	1.1755e-36	1.1755e-36	1.1755e-36	8.7702e-25	0.00e+00	0.00e+00	1.0956e+01
1.56192e+20	8.4477e+03	4.522e-22	1.0000e+01	1.0718e+01	9.0900e-14	1.2785e-02	9.8721e-01	2.8356e-02	9.7164e-01	3.9072e-15	3.6624e-17	6.7777e-05	3.2674e-01	6.7249e-01	7.0738e-04	9.0428e-03	6.1454e-01	3.7642e-01	1.1755e-36	1.1755e-36	1.1755e-36	1.2754e-24	0.00e+00	0.00e+00	1.1318e+01
1.56628e+20	8.4516e+03	4.543e-22	1.0000e+01	1.0704e+01	1.1291e-13	1.4214e-02	9.8579e-01	3.1268e-02	9.6873e-01	3.7295e-15	5.1554e-17	7.2395e-05	3.4806e-01	6.5126e-01	6.1521e-04	1.0703e-02	6.4793e-01	3.4137e-01	1.1755e-36	1.1755e-36	1.1755e-36	1.8856e-24	0.00e+00	0.00e+00	1.1698e+01
1.57042e+20	8.4548e+03	4.562e-22	1.0000e+01	1.0686e+01	1.4154e-13	1.5881e-02	9.8412e-01	3.4609e-02	9.6539e-01	3.5537e-15	7.3043e-17	7.7329e-05	3.7106e-01	6.2833e-01	5.2926e-04	1.2694e-02	6.8120e-01	3.0610e-01	1.1755e-36	1.1755e-36	1.1755e-36	2.8131e-24	0.00e+00	0.00e+00	1.2103e+01
1.57436e+20	8.4477e+03	4.584e-22	1.0000e+01	1.0665e+01	1.8081e-13	1.7866e-02	9.8213e-01	3.8515e-02	9.6148e-01	3.3760e-15	1.0474e-16	8.2673e-05	3.9602e-01	6.0345e-01	4.4899e-04	1.5116e-02	7.1410e-01	2.7079e-01	1.1755e-36	1.1755e-36	1.1755e-36	4.2686e-24	0.00e+00	0.00e+00	1.2537e+01
1.57813e+20	8.4405e+03	4.604e-22	1.0000e+01	1.0639e+01	2.3461e-13	2.0254e-02	9.7975e-01	4.3112e-02	9.5689e-01	3.1981e-15	1.5225e-16	8.8434e-05	4.2309e-01	5.7644e-01	3.7481e-04	1.8082e-02	7.4616e-01	2.3576e-01	1.1755e-36	1.1755e-36	1.1755e-36	6.6090e-24	0.00e+00	0.00e+00	1.3009e+01
1.58174e+20	8.4235e+03	4.622e-22	1.0000e+01	1.0600e+01	3.1155e-13	2.3185e-02	9.7682e-01	4.8613e-02	9.5139e-01	3.0121e-15	2.2471e-16	9.4601e-05	4.5263e-01	5.4697e-01	3.0681e-04	2.1767e-02	7.7675e-01	2.0148e-01	1.1755e-36	1.1755e-36	1.1755e-36	1.0446e-23	0.00e+00	0.00e+00	1.3525e+01
1.58513e+20	8.3963e+03	4.643e-22	1.0000e+01	1.0558e+01	4.2484e-13	2.6806e-02	9.7319e-01	5.5167e-02	9.4483e-01	2.8253e-15	3.3754e-16	1.0122e-04	4.8425e-01	5.1540e-01	2.4608e-04	2.6350e-02	8.0480e-01	1.6885e-01	1.1755e-36	1.1755e-36	1.1755e-36	1.6987e-23	0.00e+00	0.00e+00	1.4076e+01
1.58822e+20	8.3614e+03	4.664e-22	1.0000e+01	1.0508e+01	5.8989e-13	3.1211e-02	9.6879e-01	6.2808e-02	9.3719e-01	2.6435e-15	5.1037e-16	1.0803e-04	5.1716e-01	4.8254e-01	1.9408e-04	3.1942e-02	8.2888e-01	1.3918e-01	1.1755e-36	1.1755e-36	1.1755e-36	2.8028e-23	0.00e+00	0.00e+00	1.4654e+01
1.59101e+20	8.3275e+03	4.673e-22	1.0000e+01	1.0439e+01	8.2496e-13	3.6476e-02	9.6352e-01	7.1632e-02	9.2837e-01	2.4611e-15	7.6904e-16	1.1462e-04	5.5038e-01	4.4935e-01	1.5115e-04	3.8628e-02	8.4821e-01	1.1316e-01	1.1755e-36	1.1755e-36	1.1755e-36	4.6345e-23	0.00e+00	0.00e+00	1.5263e+01
1.59324e+20	8.2882e+03	4.686e-22	1.0000e+01	1.0373e+01	1.1376e-12	4.2276e-02	9.5772e-01	8.0553e-02	9.1945e-01	2.2958e-15	1.1207e-15	1.2049e-04	5.8025e-01	4.1951e-01	1.1922e-04	4.5956e-02	8.6138e-01	9.2662e-02	1.1755e-36	1.1755e-36	1.1755e-36	7.4201e-23	0.00e+00	0.00e+00	1.5750e+01
1.59485e+20	8.2418e+03	4.702e-22	1.0000e+01	1.0326e+01	1.4918e-12	4.7717e-02	9.5228e-01	8.8494e-02	9.1151e-01	2.1907e-15	1.5187e-15	1.2530e-04	6.0434e-01	3.9543e-01	9.7692e-05	5.2794e-02	8.6878e-01	7.8426e-02	1.1755e-36	1.1755e-36	1.1755e-36	1.0895e-22	0.00e+00	0.00e+00	1.6166e+01
1.59619e+20	8.2107e+03	4.699e-22	1.0000e+01	1.0268e+01	1.8902e-12	5.3144e-02	9.4686e-01	9.6268e-02	9.0373e-01	2.0979e-15	1.9815e-15	1.2931e-04	6.2571e-01	3.7408e-01	8.1333e-05	5.9603e-02	8.7317e-01	6.7232e-02	1.1755e-36	1.1755e-36	1.1755e-36	1.5283e-22	0.00e+00	0.00e+00	1.6606e+01
1.59770e+20	8.1601e+03	4.684e-22	1.0000e+01	1.0182e+01	2.5253e-12	6.0434e-02	9.3957e-01	1.0663e-01	8.9337e-01	1.9855e-15	2.7082e-15	1.3389e-04	6.5123e-01	3.4857e-01	6.4802e-05	6.8712e-02	8.7562e-01	5.5669e-02	1.1755e-36	1.1755e-36	1.1755e-36	2.2754e-22	0.00e+00	0.00e+00	1.7256e+01
1.59929e+20	8.1043e+03	4.676e-22	1.0000e+01	1.0097e+01	3.6024e-12	7.0871e-02	9.2913e-01	1.1987e-01	8.8013e-01	1.8332e-15	3.9585e-15	1.3910e-04	6.8015e-01	3.1966e-01	4.9096e-05	8.1637e-02	8.7435e-01	4.4009e-02	1.1755e-36	1.1755e-36	1.1755e-36	3.7326e-22	0.00e+00	0.00e+00	1.7918e+01
1.60055e+20	8.0758e+03	4.625e-22	1.0000e+01	9.9373e+00	4.8712e-12	8.1468e-02	9.1853e-01	1.3221e-01	8.6779e-01	1.7067e-15	5.4417e-15	1.4192e-04	7.0335e-01	2.9647e-01	3.8467e-05	9.4681e-02	8.6978e-01	3.5543e-02	1.1755e-36	1.1755e-36	1.1755e-36	5.6687e-22	0.00e+00	0.00e+00	1.8456e+01
1.60152e+20	8.0280e+03	4.601e-22	1.0000e+01	9.8485e+00	6.4306e-12	9.2135e-02	9.0787e-01	1.4387e-01	8.5613e-01	1.6215e-15	7.2220e-15	1.4502e-04	7.2350e-01	2.7633e-01	3.0872e-05	1.0770e-01	8.6286e-01	2.9441e-02	1.1755e-36	1.1755e-36	1.1755e-36	8.2595e-22	0.00e+00	0.00e+00	1.8969e+01
1.60238e+20	7.9951e+03	4.546e-22	1.0000e+01	9.7138e+00	8.2832e-12	1.0329e-01	8.9671e-01	1.5550e-01	8.4450e-01	1.5356e-15	9.3302e-15	1.4689e-04	7.4143e-01	2.5840e-01	2.5042e-05	1.2124e-01	8.5422e-01	2.4542e-02	1.1755e-36	1.1755e-36	1.1755e-36	1.1619e-21	0.00e+00	0.00e+00	1.9520e+01
1.60335e+20	7.9459e+03	4.460e-22	1.0000e+01	9.5330e+00	1.1270e-11	1.1837e-01	8.8163e-01	1.7090e-01	8.2910e-01	1.4341e-15	1.2616e-14	1.4864e-04	7.6245e-01	2.3738e-01	1.9340e-05	1.3939e-01	8.4098e-01	1.9636e-02	1.1755e-36	1.1755e-36	1.1755e-36	1.7377e-21	0.00e+00	0.00e+00	2.0341e+01
1.60436e+20	7.8906e+03	4.360e-22	1.0000e+01	9.3196e+00	1.6319e-11	1.3955e-01	8.6045e-01	1.8925e-01	8.1075e-01	1.3083e-15	1.8070e-14	1.5001e-04	7.8492e-01	2.1491e-01	1.4250e-05	1.6459e-01	8.2044e-01	1.4968e-02	1.1755e-36	1.1755e-36	1.1755e-36	2.8328e-21	0.00e+00	0.00e+00	2.1149e+01
1.60514e+20	7.8522e+03	4.243e-22	1.0000e+01	9.0886e+00	2.2411e-11	1.6095e-01	8.3905e-01	2.0566e-01	7.9434e-01	1.2129e-15	2.4497e-14	1.4989e-04	8.0258e-01	1.9726e-01	1.0931e-05	1.8977e-01	7.9849e-01	1.1740e-02	1.1755e-36	1.1755e-36	1.1755e-36	4.3010e-21	0.00e+00	0.00e+00	2.1801e+01
1.60573e+20	7.8154e+03	4.133e-22	1.0000e+01	8.8877e+00	2.9068e-11	1.8062e-01	8.1938e-01	2.1978e-01	7.8022e-01	1.1456e-15	3.1253e-14	1.4933e-04	8.1636e-01	1.8348e-01	8.7763e-06	2.1265e-01	7.7776e-01	9.5894e-03	1.1755e-36	1.1755e-36	1.1755e-36	6.0149e-21	0.00e+00	0.00e+00	2.2407e+01
1.60634e+20	7.7602e+03	3.983e-22	1.0000e+01	8.6253e+00	3.8635e-11	2.0386e-01	7.9614e-01	2.3623e-01	7.6377e-01	1.0732e-15	4.0185e-14	1.4789e-04	8.3076e-01	1.6909e-01	6.8915e-06	2.3941e-01	7.5291e-01	7.6789e-03	1.1755e-36	1.1755e-36	1.1755e-36	8.4777e-21	0.00e+00	0.00e+00	2.3296e+01
1.60701e+20	7.7099e+03	3.787e-22	1.0000e+01	8.2885e+00	5.3755e-11	2.3535e-01	7.6465e-01	2.5554e-01	7.4446e-01	9.7700e-16	5.3882e-14	1.4507e-04	8.4601e-01	1.5384e-01	5.1886e-06	2.7515e-01	7.1900e-01	5.8467e-03	1.1755e-36	1.1755e-36	1.1755e-36	1.2716e-20	0.00e+00	0.00e+00	2.4256e+01
1.60758e+20	7.6466e+03	3.586e-22	1.0000e+01	7.9339e+00	7.4136e-11	2.6936e-01	7.3064e-01	2.7375e-01	7.2625e-01	8.9680e-16	7.0629e-14	1.4140e-04	8.5913e-01	1.4073e-01	3.9716e-06	3.1314e-01	6.8238e-01	4.4819e-03	1.1755e-36	1.1755e-36	1.1755e-36	1.8494e-20	0.00e+00	0.00e+00	2.5113e+01
1.60804e+20	7.5891e+03	3.392e-22	1.0000e+01	7.6018e+00	9.7214e-11	3.0125e-01	6.9875e-01	2.8927e-01	7.1073e-01	8.3760e-16	8.8006e-14	1.3740e-04	8.6953e-01	1.3033e-01	3.1631e-06	3.4818e-01	6.4826e-01	3.5515e-03	1.1755e-36	1.1755e-36	1.1755e-36	2.5055e-20	0.00e+00	0.00e+00	2.5911e+01
1.60844e+20	7.5225e+03	3.209e-22	1.0000e+01	7.2958e+00	1.2523e-10	3.3303e-01	6.6697e-01	3.0407e-01	6.9593e-01	7.8502e-16	1.0715e-13	1.3361e-04	8.7870e-01	1.2116e-01	2.5632e-06	3.8259e-01	6.1455e-01	2.8556e-03	1.1755e-36	1.1755e-36	1.1755e-36	3.2880e-20	0.00e+00	0.00e+00	2.6718e+01
1.60882e+20	7.4757e+03	3.007e-22	1.0000e+01	6.9449e+00	1.5620e-10	3.6418e-01	6.3582e-01	3.1741e-01	6.8259e-01	7.3519e-16	1.2652e-13	1.2860e-04	8.8640e-01	1.1347e-01	2.1131e-06	4.1581e-01	5.8188e-01	2.3144e-03	1.1755e-36	1.1755e-36	1.1755e-36	4.1193e-20	0.00e+00	0.00e+00	2.7561e+01
1.60915e+20	7.4075e+03	2.828e-22	1.0000e+01	6.6285e+00	1.9410e-10	3.9508e-01	6.0492e-01	3.2980e-01	6.7020e-01	6.8894e-16	1.4718e-13	1.2401e-04	8.9318e-01	1.0670e-01	1.7703e-06	4.4829e-01	5.4981e-01	1.9001e-03	1.1755e-36	1.1755e-36	1.1755e-36	5.0529e-20	0.00e+00	0.00e+00	2.8284e+01
1.60941e+20	7.3450e+03	2.677e-22	1.0000e+01	6.3644e+00	2.3260e-10	4.2194e-01	5.7806e-01	3.4027e-01	6.5973e-01	6.5545e-16	1.6614e-13	1.2006e-04	8.9868e-01	1.0119e-01	1.5262e-06	4.7615e-01	5.2225e-01	1.6064e-03	1.1755e-36	1.1755e-36	1.1755e-36	5.9466e-20	0.00e+00	0.00e+00	2.8931e+01
1.60965e+20	7.2980e+03	2.530e-22	1.0000e+01	6.1028e+00	2.7024e-10	4.4577e-01	5.5423e-01	3.4938e-01	6.5062e-01	6.2583e-16	1.8293e-13	1.1595e-04	9.0323e-01	9.6648e-02	1.3408e-06	5.0059e-01	4.9803e-01	1.3813e-03	1.1755e-36	1.1755e-36	1.1755e-36	6.7435e-20	0.00e+00	0.00e+00	2.9590e+01
1.60988e+20	7.2273e+03	2.397e-22	1.0000e+01	5.8647e+00	3.1781e-10	4.7035e-01	5.2965e-01	3.5884e-01	6.4116e-01	5.9589e-16	2.0142e-13	1.1226e-04	9.0777e-01	9.2120e-02	1.1783e-06	5.2551e-01	4.7331e-01	1.1884e-03	1.1755e-36	1.1755e-36	1.1755e-36	7.6486e-20	0.00e+00	0.00e+00	3.0239e+01
1.61010e+20	7.1822e+03	2.260e-22	1.0000e+01	5.6148e+00	3.6296e-10	4.9302e-01	5.0698e-01	3.6706e-01	6.3294e-01	5.6984e-16	2.1781e-13	1.0815e-04	9.1165e-01	8.8245e-02	1.0467e-06	5.4823e-01	4.5074e-01	1.0294e-03	1.1755e-36	1.1755e-36	1.1755e-36	8.4387e-20	0.00e+00	0.00e+00	3.0909e+01
1.61030e+20	7.1180e+03	2.136e-22	1.0000e+01	5.3834e+00	4.1752e-10	5.1549e-01	4.8451e-01	3.7526e-01	6.2474e-01	5.4399e-16	2.3468e-13	1.0436e-04	9.1536e-01	8.4536e-02	9.3358e-07	5.7055e-01	4.2855e-01	8.9525e-04	1.1755e-36	1.1755e-36	1.1755e-36	9.2562e-20	0.00e+00	0.00e+00	3.1539e+01
1.61049e+20	7.0506e+03	2.025e-22	1.0000e+01	5.1770e+00	4.7672e-10	5.3657e-01	4.6343e-01	3.8325e-01	6.1675e-01	5.2132e-16	2.5098e-13	1.0097e-04	9.1880e-01	8.1100e-02	8.3887e-07	5.9128e-01	4.0793e-01	7.8528e-04	1.1755e-36	1.1755e-36	1.1755e-36	1.0052e-19	0.00e+00	0.00e+00	3.2149e+01
1.61063e+20	7.0149e+03	1.938e-22	1.0000e+01	5.0084e+00	5.2024e-10	5.5218e-01	4.4782e-01	3.8851e-01	6.1149e-01	5.0331e-16	2.6236e-13	9.8074e-05	9.2110e-01	7.8802e-02	7.7684e-07	6.0649e-01	3.9280e-01	7.1041e-04	1.1755e-36	1.1755e-36	1.1755e-36	1.0587e-19	0.00e+00	0.00e+00	3.2536e+01
1.61073e+20	6.9798e+03	1.879e-22	1.0000e+01	4.8940e+00	5.5608e-10	5.6304e-01	4.3696e-01	3.9261e-01	6.0739e-01	4.9359e-16	2.7039e-13	9.6137e-05	9.2280e-01	7.7104e-02	7.3496e-07	6.1702e-01	3.8232e-01	6.6237e-04	1.1755e-36	1.1755e-36	1.1755e-36	1.0954e-19	0.00e+00	0.00e+00	3.2859e+01
1.61083e+20	6.9307e+03	1.824e-22	1.0000e+01	4.7892e+00	6.0028e-10	5.7422e-01	4.2578e-01	3.9740e-01	6.0260e-01	4.8246e-16	2.7929e-13	9.4422e-05	9.2465e-01	7.5250e-02	6.9320e-07	6.2782e-01	3.7156e-01	6.1704e-04	1.1755e-36	1.1755e-36	1.1755e-36	1.1372e-19	0.00e+00	0.00e+00	3.3243e+01
1.61094e+20	6.9004e+03	1.757e-22	1.0000e+01	4.6589e+00	6.4022e-10	5.8563e-01	4.1437e-01	4.0182e-01	5.9818e-01	4.6966e-16	2.8717e-13	9.2143e-05	9.2644e-01	7.3465e-02	6.5214e-07	6.3878e-01	3.6065e-01	5.7089e-04	1.1755e-36	1.1755e-36	1.1755e-36	1.1700e-19	0.00e+00	0.00e+00	3.3681e+01
1.61107e+20	6.8523e+03	1.686e-22	1.0000e+01	4.5215e+00	6.9522e-10	5.9885e-01	4.0115e-01	4.0720e-01	5.9280e-01	4.5527e-16	2.9688e-13	8.9781e-05	9.2851e-01	7.1396e-02	6.0812e-07	6.5139e-01	3.4809e-01	5.2270e-04	1.1755e-36	1.1755e-36	1.1755e-36	1.2117e-19	0.00e+00	0.00e+00	3.4171e+01
1.61119e+20	6.8036e+03	1.617e-22	1.0000e+01	4.3844e+00	7.5470e-10	6.1210e-01	3.8790e-01	4.1257e-01	5.8743e-01	4.4062e-16	3.0653e-13	8.7402e-05	9.3054e-01	6.9376e-02	5.6713e-07	6.6397e-01	3.3555e-01	4.7789e-04	1.1755e-36	1.1755e-36	1.1755e-36	1.2518e-19	0.00e+00	0.00e+00	3.4641e+01
1.61131e+20	6.7506e+03	1.555e-22	1.0000e+01	4.2585e+00	8.1847e-10	6.2446e-01	3.7554e-01	4.1778e-01	5.8222e-01	4.2749e-16	3.1554e-13	8.5225e-05	9.3242e-01	6.7491e-02	5.3114e-07	6.7563e-01	3.2393e-01	4.3934e-04	1.1755e-36	1.1755e-36	1.1755e-36	1.2880e-19	0.00e+00	0.00e+00	3.5085e+01
1.61142e+20	6.7088e+03	1.496e-22	1.0000e+01	4.1402e+00	8.7682e-10	6.3572e-01	3.6428e-01	4.2265e-01	5.7735e-01	4.1574e-16	3.2346e-13	8.3139e-05	9.3416e-01	6.5760e-02	4.9933e-07	6.8622e-01	3.1337e-01	4.0564e-04	1.1755e-36	1.1755e-36	1.1755e-36	1.3179e-19	0.00e+00	0.00e+00	3.5528e+01
1.61154e+20	6.6518e+03	1.438e-22	1.0000e+01	4.0203e+00	9.5009e-10	6.4732e-01	3.5268e-01	4.2790e-01	5.7210e-01	4.0347e-16	3.3164e-13	8.1047e-05	9.3595e-01	6.3965e-02	4.6834e-07	6.9705e-01	3.0257e-01	3.7376e-04	1.1755e-36	1.1755e-36	1.1755e-36	1.3468e-19	0.00e+00	0.00e+00	3.6007e+01
1.61165e+20	6.5950e+03	1.380e-22	1.0000e+01	3.9016e+00	1.0299e-09	6.5925e-01	3.4075e-01	4.3352e-01	5.6648e-01	3.9051e-16	3.4024e-13	7.8960e-05	9.3780e-01	6.2116e-02	4.3803e-07	7.0814e-01	2.9151e-01	3.4301e-04	1.1755e-36	1.1755e-36	1.1755e-36	1.3779e-19	0.00e+00	0.00e+00	3.6502e+01
1.61177e+20	6.5413e+03	1.324e-22	1.0000e+01	3.7822e+00	1.1113e-09	6.7057e-01	3.2943e-01	4.3885e-01	5.6115e-01	3.7818e-16	3.4783e-13	7.6833e-05	9.3954e-01	6.0379e-02	4.1050e-07	7.1862e-01	2.8107e-01	3.1526e-04	1.1755e-36	1.1755e-36	1.1755e-36	1.4010e-19	0.00e+00	0.00e+00	3.6993e+01
1.61189e+20	6.4851e+03	1.269e-22	1.0000e+01	3.6666e+00	1.1994e-09	6.8157e-01	3.1843e-01	4.4429e-01	5.5571e-01	3.6633e-16	3.5513e-13	7.4769e-05	9.4126e-01	5.8669e-02	3.8479e-07	7.2875e-01	2.7096e-01	2.8993e-04	1.1755e-36	1.1755e-36	1.1755e-36	1.4215e-19	0.00e+00	0.00e+00	3.7496e+01
1.61201e+20	6.4293e+03	1.216e-22	1.0000e+01	3.5528e+00	1.2931e-09	6.9245e-01	3.0755e-01	4.4990e-01	5.5010e-01	3.5448e-16	3.6226e-13	7.2724e-05	9.4296e-01	5.6965e-02	3.6035e-07	7.3871e-01	2.6102e-01	2.6630e-04	1.1755e-36	1.1755e-36	1.1755e-36	1.4401e-19	0.00e+00	0.00e+00	3.8018e+01
1.61213e+20	6.3697e+03	1.163e-22	1.0000e+01	3.4385e+00	1.3969e-09	7.0321e-01	2.9679e-01	4.5564e-01	5.4436e-01	3.4250e-16	3.6905e-13	7.0669e-05	9.4465e-01	5.5279e-02	3.3725e-07	7.4850e-01	2.5126e-01	2.4437e-04	1.1755e-36	1.1755e-36	1.1755e-36	1.4549e-19	0.00e+00	0.00e+00	3.8555e+01
1.61225e+20	6.3022e+03	1.112e-22	1.0000e+01	3.3258e+00	1.5165e-09	7.1382e-01	2.8618e-01	4.6159e-01	5.3841e-01	3.3051e-16	3.7570e-13	6.8636e-05	9.4634e-01	5.3594e-02	3.1533e-07	7.5815e-01	2.4162e-01	2.2405e-04	1.1755e-36	1.1755e-36	1.1755e-36	1.4675e-19	0.00e+00	0.00e+00	3.9103e+01
1.61237e+20	6.2336e+03	1.064e-22	1.0000e+01	3.2197e+00	1.6467e-09	7.2437e-01	2.7563e-01	4.6792e-01	5.3208e-01	3.1857e-16	3.8271e-13	6.6720e-05	9.4803e-01	5.1900e-02	2.9452e-07	7.6768e-01	2.3211e-01	2.0523e-04	1.1755e-36	1.1755e-36	1.1755e-36	1.4831e-19	0.00e+00	0.00e+00	3.9659e+01
1.61249e+20	6.1678e+03	1.017e-22	1.0000e+01	3.1148e+00	1.7797e-09	7.3420e-01	2.6580e-01	4.7398e-01	5.2602e-01	3.0724e-16	3.8868e-13	6.4805e-05	9.4963e-01	5.0307e-02	2.7563e-07	7.7653e-01	2.2328e-01	1.8841e-04	1.1755e-36	1.1755e-36	1.1755e-36	1.4912e-19	0.00e+00	0.00e+00	4.0212e+01
1.61261e+20	6.1013e+03	9.726e-23	1.0000e+01	3.0136e+00	1.9222e-09	7.4379e-01	2.5621e-01	4.8028e-01	5.1972e-01	2.9622e-16	3.9457e-13	6.2954e-05	9.5122e-01	4.8720e-02	2.5772e-07	7.8513e-01	2.1470e-01	1.7288e-04	1.1755e-36	1.1755e-36	1.1755e-36	1.4989e-19	0.00e+00	0.00e+00	4.0789e+01
1.61274e+20	6.0267e+03	9.280e-23	1.0000e+01	2.9082e+00	2.0863e-09	7.5317e-01	2.4683e-01	4.8664e-01	5.1336e-01	2.8493e-16	3.9977e-13	6.1019e-05	9.5278e-01	4.7163e-02	2.4077e-07	7.9351e-01	2.0633e-01	1.5847e-04	1.1755e-36	1.1755e-36	1.1755e-36	1.4998e-19	0.00e+00	0.00e+00	4.1390e+01
1.61286e+20	5.9533e+03	8.846e-23	1.0000e+01	2.8098e+00	2.2624e-09	7.6282e-01	2.3718e-01	4.9373e-01	5.0627e-01	2.7345e-16	4.0597e-13	5.9211e-05	9.5441e-01	4.5535e-02	2.2409e-07	8.0206e-01	1.9780e-01	1.4466e-04	1.1755e-36	1.1755e-36	1.1755e-36	1.5086e-19	0.00e+00	0.00e+00	4.2017e+01
1.61299e+20	5.8677e+03	8.433e-23	1.0000e+01	2.7116e+00	2.4722e-09	7.7215e-01	2.2785e-01	5.0093e-01	4.9907e-01	2.6185e-16	4.1189e-13	5.7413e-05	9.5598e-01	4.3960e-02	2.0867e-07	8.1033e-01	1.8954e-01	1.3215e-04	1.1755e-36	1.1755e-36	1.1755e-36	1.5152e-19	0.00e+00	0.00e+00	4.2636e+01
1.61312e+20	5.7862e+03	8.046e-23	1.0000e+01	2.6187e+00	2.6856e-09	7.8081e-01	2.1919e-01	5.0799e-01	4.9201e-01	2.5111e-16	4.1731e-13	5.5697e-05	9.5747e-01	4.2470e-02	1.9468e-07	8.1797e-01	1.8191e-01	1.2106e-04	1.1755e-36	1.1755e-36	1.1755e-36	1.5197e-19	0.00e+00	0.00e+00	4.3250e+01
1.61324e+20	5.6984e+03	7.675e-23	1.0000e+01	2.5285e+00	2.9261e-09	7.8924e-01	2.1076e-01	5.1536e-01	4.8464e-01	2.4049e-16	4.2283e-13	5.4033e-05	9.5895e-01	4.0998e-02	1.8149e-07	8.2537e-01	1.7451e-01	1.1090e-04	1.1755e-36	1.1755e-36	1.1755e-36	1.5256e-19	0.00e+00	0.00e+00	4.3888e+01
1.61337e+20	5.6089e+03	7.311e-23	1.0000e+01	2.4392e+00	3.1854e-09	7.9751e-01	2.0249e-01	5.2299e-01	4.7701e-01	2.2982e-16	4.2836e-13	5.2377e-05	9.6041e-01	3.9534e-02	1.6889e-07	8.3263e-01	1.6727e-01	1.0139e-04	1.1755e-36	1.1755e-36	1.1755e-36	1.5317e-19	0.00e+00	0.00e+00	4.4550e+01
1.61351e+20	5.5187e+03	6.957e-23	1.0000e+01	2.3499e+00	3.4590e-09	8.0546e-01	1.9454e-01	5.3067e-01	4.6933e-01	2.1938e-16	4.3354e-13	5.0707e-05	9.6184e-01	3.8109e-02	1.5705e-07	8.3959e-01	1.6032e-01	9.2622e-05	1.1755e-36	1.1755e-36	1.1755e-36	1.5349e-19	0.00e+00	0.00e+00	4.5228e+01
1.61364e+20	5.4194e+03	6.614e-23	1.0000e+01	2.2629e+00	3.7724e-09	8.1344e-01	1.8656e-01	5.3888e-01	4.6112e-01	2.0883e-16	4.3938e-13	4.9089e-05	9.6327e-01	3.6678e-02	1.4572e-07	8.4653e-01	1.5338e-01	8.4437e-05	1.1755e-36	1.1755e-36	1.1755e-36	1.5437e-19	0.00e+00	0.00e+00	4.5931e+01
1.61378e+20	5.3209e+03	6.285e-23	1.0000e+01	2.1788e+00	4.0952e-09	8.2113e-01	1.7887e-01	5.4719e-01	4.5281e-01	1.9853e-16	4.4523e-13	4.7515e-05	9.6466e-01	3.5292e-02	1.3520e-07	8.5320e-01	1.4673e-01	7.6955e-05	1.1755e-36	1.1755e-36	1.1755e-36	1.5527e-19	0.00e+00	0.00e+00	4.6635e+01
1.61391e+20	5.2179e+03	5.976e-23	1.0000e+01	2.0982e+00	4.4396e-09	8.2848e-01	1.7152e-01	5.5566e-01	4.4434e-01	1.8859e-16	4.5125e-13	4.6011e-05	9.6600e-01	3.3955e-02	1.2548e-07	8.5956e-01	1.4037e-01	7.0204e-05	1.1755e-36	1.1755e-36	1.1755e-36	1.5639e-19	0.00e+00	0.00e+00	4.7343e+01
1.61405e+20	5.1129e+03	5.681e-23	1.0000e+01	2.0213e+00	4.7952e-09	8.3559e-01	1.6441e-01	5.6438e-01	4.3562e-01	1.7891e-16	4.5752e-13	4.4579e-05	9.6730e-01	3.2653e-02	1.1755e-36	8.6569e-01	1.3425e-01	6.4036e-05	1.1755e-36	1.1755e-36	1.1755e-36	1.5771e-19	0.00e+00	0.00e+00	4.8062e+01
1.61419e+20	5.0001e+03	5.399e-23	1.0000e+01	1.9451e+00	5.1723e-09	8.4245e-01	1.5755e-01	5.7325e-01	4.2675e-01	1.6937e-16	4.6386e-13	4.3162e-05	9.6856e-01	3.1398e-02	1.1755e-36	8.7160e-01	1.2834e-01	5.8413e-05	1.1755e-36	1.1755e-36	1.1755e-36	1.5900e-19	0.00e+00	0.00e+00	4.8793e+01
1.61432e+20	4.8808e+03	5.130e-23	1.0000e+01	1.8705e+00	5.5432e-09	8.4913e-01	1.5087e-01	5.8236e-01	4.1764e-01	1.5998e-16	4.6560e-13	4.1790e-05	9.6995e-01	3.0009e-02	1.1755e-36	8.7734e-01	1.2261e-01	5.3257e-05	1.1755e-36	1.1755e-36	1.1755e-36	1.5551e-19	0.00e+00	0.00e+00	4.9536e+01
1.61446e+20	4.7545e+03	4.873e-23	1.0000e+01	1.7979e+00	5.9098e-09	8.5563e-01	1.4437e-01	5.9168e-01	4.0832e-01	1.5075e-16	4.6635e-13	4.0464e-05	9.7131e-01	2.8650e-02	1.1755e-36	8.8292e-01	1.1703e-01	4.8543e-05	1.1755e-36	1.1755e-36	1.1755e-36	1.5099e-19	0.00e+00	0.00e+00	5.0286e+01
1.61460e+20	4.6295e+03	4.630e-23	1.0000e+01	1.7282e+00	6.2338e-09	8.6181e-01	1.3819e-01	6.0098e-01	3.9902e-01	1.4198e-16	4.6595e-13	3.9193e-05	9.7261e-01	2.7348e-02	1.1755e-36	8.8821e-01	1.1175e-01	4.4282e-05	1.1755e-36	1.1755e-36	1.1755e-36	1.4541e-19	0.00e+00	0.00e+00	5.1034e+01
1.61474e+20	4.5026e+03	4.401e-23	1.0000e+01	1.6614e+00	6.5132e-09	8.6770e-01	1.3230e-01	6.1030e-01	3.8970e-01	1.3360e-16	4.6442e-13	3.7985e-05	9.7386e-01	2.6098e-02	1.1755e-36	8.9323e-01	1.0673e-01	4.0439e-05	1.1755e-36	1.1755e-36	1.1755e-36	1.3882e-19	0.00e+00	0.00e+00	5.1780e+01
1.61487e+20	4.3737e+03	4.185e-23	1.0000e+01	1.5972e+00	6.7382e-09	8.7333e-01	1.2667e-01	6.1964e-01	3.8036e-01	1.2553e-16	4.6178e-13	3.6835e-05	9.7507e-01	2.4898e-02	1.1755e-36	8.9803e-01	1.0193e-01	3.6955e-05	1.1755e-36	1.1755e-36	1.1755e-36	1.3128e-19	0.00e+00	0.00e+00	5.2529e+01
1.61501e+20	4.2431e+03	3.981e-23	1.0000e+01	1.5352e+00	6.9009e-09	8.7874e-01	1.2126e-01	6.2901e-01	3.7099e-01	1.1782e-16	4.5813e-13	3.5738e-05	9.7622e-01	2.3745e-02	1.1755e-36	9.0263e-01	9.7334e-02	3.3787e-05	1.1755e-36	1.1755e-36	1.1755e-36	1.2295e-19	0.00e+00	0.00e+00	5.3277e+01
1.61514e+20	4.1126e+03	3.789e-23	1.0000e+01	1.4759e+00	6.9963e-09	8.8389e-01	1.1611e-01	6.3822e-01	3.6178e-01	1.1048e-16	4.5368e-13	3.4703e-05	9.7731e-01	2.2655e-02	1.1755e-36	9.0700e-01	9.2966e-02	3.0932e-05	1.1755e-36	1.1755e-36	1.1755e-36	1.1415e-19	0.00e+00	0.00e+00	5.4011e+01
1.61527e+20	3.9870e+03	3.613e-23	1.0000e+01	1.4202e+00	7.0256e-09	8.8871e-01	1.1129e-01	6.4695e-01	3.5305e-01	1.0369e-16	4.4882e-13	3.3742e-05	9.7831e-01	2.1658e-02	1.1755e-36	9.1109e-01	8.8878e-02	2.8399e-05	1.1755e-36	1.1755e-36	1.1755e-36	1.0540e-19	0.00e+00	0.00e+00	5.4709e+01
