#depth	Te	Htot	hden	eden	2H_2/H	HI	HII	HeI	HeII	HeIII	CO/C	C1	C2	C3	C4	O1	O2	O3	O4	O5	O6	H2O/O	AV(point)	AV(extend)	Tau912
2.02451e+14	5.3842e+03	2.611e-21	2.7826e+01	3.0292e+01	1.7183e-18	6.4565e-05	9.9994e-01	5.5032e-04	9.8225e-01	1.7195e-02	2.3645e-26	1.5808e-07	1.0169e-02	9.7930e-01	1.0529e-02	1.3080e-06	4.4911e-02	9.4469e-01	1.0400e-02	1.1755e-36	1.1755e-36	6.3559e-35	0.00e+00	0.00e+00	4.5920e-06
1.21471e+15	5.3817e+03	2.611e-21	2.7826e+01	3.0290e+01	1.7213e-18	6.4573e-05	9.9994e-01	5.5042e-04	9.8227e-01	1.7176e-02	2.3642e-26	1.5805e-07	1.0169e-02	9.7928e-01	1.0553e-02	1.3078e-06	4.4902e-02	9.4473e-01	1.0362e-02	1.1755e-36	1.1755e-36	6.3530e-35	0.00e+00	0.00e+00	2.2962e-05
5.26372e+15	5.3783e+03	2.612e-21	2.7826e+01	3.0290e+01	1.7253e-18	6.4582e-05	9.9994e-01	5.5060e-04	9.8239e-01	1.7057e-02	2.3647e-26	1.5803e-07	1.0170e-02	9.7928e-01	1.0545e-02	1.3080e-06	4.4909e-02	9.4488e-01	1.0207e-02	1.1755e-36	1.1755e-36	6.3514e-35	0.00e+00	0.00e+00	9.6454e-05
2.14598e+16	5.3776e+03	2.611e-21	2.7826e+01	3.0289e+01	1.7246e-18	6.4561e-05	9.9994e-01	5.5083e-04	9.8298e-01	1.6474e-02	2.3623e-26	1.5790e-07	1.0169e-02	9.7933e-01	1.0504e-02	1.3076e-06	4.4912e-02	9.4547e-01	9.6174e-03	1.1755e-36	1.1755e-36	6.3423e-35	0.00e+00	0.00e+00	3.9032e-04
5.12606e+16	5.3776e+03	2.609e-21	2.7826e+01	3.0287e+01	1.7192e-18	6.4474e-05	9.9994e-01	5.5056e-04	9.8333e-01	1.6116e-02	2.3504e-26	1.5742e-07	1.0159e-02	9.7936e-01	1.0479e-02	1.3049e-06	4.4862e-02	9.4634e-01	8.7999e-03	1.1755e-36	1.1755e-36	6.3056e-35	0.00e+00	0.00e+00	7.7184e-04
9.00016e+16	5.3767e+03	2.605e-21	2.7826e+01	3.0286e+01	1.7160e-18	6.4417e-05	9.9994e-01	5.5077e-04	9.8427e-01	1.5182e-02	2.3434e-26	1.5708e-07	1.0154e-02	9.7944e-01	1.0401e-02	1.3038e-06	4.4844e-02	9.4733e-01	7.8222e-03	1.1755e-36	1.1755e-36	6.2803e-35	0.00e+00	0.00e+00	1.2674e-03
1.40365e+17	5.3770e+03	2.601e-21	2.7826e+01	3.0283e+01	1.7099e-18	6.4344e-05	9.9994e-01	5.5116e-04	9.8575e-01	1.3700e-02	2.3345e-26	1.5674e-07	1.0147e-02	9.7957e-01	1.0281e-02	1.3028e-06	4.4832e-02	9.4847e-01	6.6946e-03	1.1755e-36	1.1755e-36	6.2463e-35	0.00e+00	0.00e+00	1.9108e-03
2.05837e+17	5.3748e+03	2.597e-21	2.7826e+01	3.0279e+01	1.7065e-18	6.4279e-05	9.9994e-01	5.5198e-04	9.8776e-01	1.1692e-02	2.3288e-26	1.5645e-07	1.0143e-02	9.7974e-01	1.0118e-02	1.3032e-06	4.4858e-02	9.4969e-01	5.4510e-03	1.1755e-36	1.1755e-36	6.2148e-35	0.00e+00	0.00e+00	2.7465e-03
2.90951e+17	5.3747e+03	2.591e-21	2.7826e+01	3.0274e+01	1.6990e-18	6.4187e-05	9.9994e-01	5.5282e-04	9.9017e-01	9.2813e-03	2.3203e-26	1.5609e-07	1.0136e-02	9.7994e-01	9.9238e-03	1.3036e-06	4.4889e-02	9.5095e-01	4.1588e-03	1.1755e-36	1.1755e-36	6.1748e-35	0.00e+00	0.00e+00	3.8313e-03
4.01599e+17	5.3739e+03	2.585e-21	2.7826e+01	3.0266e+01	1.6908e-18	6.4082e-05	9.9994e-01	5.5370e-04	9.9274e-01	6.7049e-03	2.3110e-26	1.5568e-07	1.0126e-02	9.8016e-01	9.7123e-03	1.3045e-06	4.4939e-02	9.5214e-01	2.9160e-03	1.1755e-36	1.1755e-36	6.1287e-35	0.00e+00	0.00e+00	5.2392e-03
5.45442e+17	5.3675e+03	2.580e-21	2.7826e+01	3.0260e+01	1.6895e-18	6.4009e-05	9.9994e-01	5.5487e-04	9.9515e-01	4.2931e-03	2.3084e-26	1.5543e-07	1.0125e-02	9.8038e-01	9.4974e-03	1.3082e-06	4.5055e-02	9.5311e-01	1.8343e-03	1.1755e-36	1.1755e-36	6.0901e-35	0.00e+00	0.00e+00	7.0674e-03
7.32437e+17	5.3645e+03	2.573e-21	2.7826e+01	3.0255e+01	1.6810e-18	6.3891e-05	9.9994e-01	5.5554e-04	9.9708e-01	2.3680e-03	2.3023e-26	1.5512e-07	1.0122e-02	9.8057e-01	9.3102e-03	1.3120e-06	4.5179e-02	9.5381e-01	1.0060e-03	1.1755e-36	1.1755e-36	6.0357e-35	0.00e+00	0.00e+00	9.4398e-03
9.75531e+17	5.3541e+03	2.567e-21	2.7826e+01	3.0252e+01	1.6810e-18	6.3813e-05	9.9994e-01	5.5632e-04	9.9836e-01	1.0863e-03	2.3009e-26	1.5493e-07	1.0126e-02	9.8073e-01	9.1447e-03	1.3181e-06	4.5349e-02	9.5418e-01	4.6514e-04	1.1755e-36	1.1755e-36	5.9818e-35	0.00e+00	0.00e+00	1.2520e-02
1.29155e+18	5.3426e+03	2.560e-21	2.7826e+01	3.0249e+01	1.6793e-18	6.3719e-05	9.9994e-01	5.5683e-04	9.9904e-01	3.9931e-04	2.2979e-26	1.5474e-07	1.0130e-02	9.8087e-01	9.0012e-03	1.3250e-06	4.5530e-02	9.5429e-01	1.7467e-04	1.1755e-36	1.1755e-36	5.9127e-35	0.00e+00	0.00e+00	1.6518e-02
1.70238e+18	5.3272e+03	2.554e-21	2.7826e+01	3.0248e+01	1.6797e-18	6.3631e-05	9.9994e-01	5.5742e-04	9.9933e-01	1.1288e-04	2.2963e-26	1.5464e-07	1.0141e-02	9.8100e-01	8.8575e-03	1.3337e-06	4.5746e-02	9.5420e-01	5.1247e-05	1.1755e-36	1.1755e-36	5.8313e-35	0.00e+00	0.00e+00	2.1709e-02
2.23646e+18	5.3099e+03	2.545e-21	2.7826e+01	3.0248e+01	1.6781e-18	6.3528e-05	9.9994e-01	5.5807e-04	9.9942e-01	2.3671e-05	2.2937e-26	1.5457e-07	1.0154e-02	9.8115e-01	8.6959e-03	1.3443e-06	4.6003e-02	9.5398e-01	1.1380e-05	1.1755e-36	1.1755e-36	5.7294e-35	0.00e+00	0.00e+00	2.8446e-02
2.93076e+18	5.2878e+03	2.535e-21	2.7826e+01	3.0248e+01	1.6291e-18	6.3435e-05	9.9994e-01	5.5916e-04	9.9944e-01	3.6342e-06	2.2393e-26	1.5465e-07	1.0177e-02	9.8133e-01	8.4962e-03	1.3586e-06	4.6343e-02	9.5365e-01	1.8962e-06	1.1755e-36	1.1755e-36	5.2729e-35	0.00e+00	0.00e+00	3.7192e-02
3.83335e+18	5.2629e+03	2.523e-21	2.7826e+01	3.0249e+01	1.5825e-18	6.3336e-05	9.9994e-01	5.6068e-04	9.9944e-01	4.2575e-07	2.1923e-26	1.5486e-07	1.0209e-02	9.8154e-01	8.2482e-03	1.3773e-06	4.6780e-02	9.5322e-01	2.4535e-07	1.1755e-36	1.1755e-36	4.8513e-35	0.00e+00	0.00e+00	4.8543e-02
5.00672e+18	5.2330e+03	2.509e-21	2.7826e+01	3.0249e+01	1.5802e-18	6.3256e-05	9.9994e-01	5.6301e-04	9.9944e-01	4.1208e-08	2.2005e-26	1.5532e-07	1.0256e-02	9.8181e-01	7.9384e-03	1.4024e-06	4.7360e-02	9.5264e-01	1.1755e-36	1.1755e-36	1.1755e-36	4.7100e-35	0.00e+00	0.00e+00	6.3281e-02
6.53210e+18	5.1995e+03	2.491e-21	2.7826e+01	3.0249e+01	1.5720e-18	6.3198e-05	9.9994e-01	5.6635e-04	9.9943e-01	3.4475e-09	2.2116e-26	1.5610e-07	1.0323e-02	9.8212e-01	7.5569e-03	1.4355e-06	4.8118e-02	9.5188e-01	1.1755e-36	1.1755e-36	1.1755e-36	4.5281e-35	0.00e+00	0.00e+00	8.2423e-02
7.76398e+18	5.1547e+03	2.470e-21	2.7826e+01	3.0249e+01	1.5458e-18	6.2744e-05	9.9994e-01	5.6560e-04	9.9943e-01	5.3959e-10	2.1562e-26	1.5504e-07	1.0310e-02	9.8240e-01	7.2854e-03	1.4521e-06	4.8526e-02	9.5147e-01	1.1755e-36	1.1755e-36	1.1755e-36	4.1948e-35	0.00e+00	0.00e+00	9.0572e-02
8.54038e+18	5.1388e+03	2.462e-21	2.7826e+01	3.0249e+01	1.4916e-18	6.2724e-05	9.9994e-01	5.6729e-04	9.9943e-01	2.0221e-10	2.1075e-26	1.5548e-07	1.0346e-02	9.8254e-01	7.1088e-03	1.4686e-06	4.8898e-02	9.5110e-01	1.1755e-36	1.1755e-36	1.1755e-36	3.8422e-35	0.00e+00	0.00e+00	9.9533e-02
9.39442e+18	5.1227e+03	2.453e-21	2.7826e+01	3.0249e+01	1.4860e-18	6.2715e-05	9.9994e-01	5.6924e-04	9.9943e-01	7.4038e-11	2.1150e-26	1.5604e-07	1.0388e-02	9.8269e-01	6.9199e-03	1.4874e-06	4.9317e-02	9.5068e-01	1.1755e-36	1.1755e-36	1.1755e-36	3.7624e-35	0.00e+00	0.00e+00	1.0939e-01
1.03339e+19	5.1060e+03	2.444e-21	2.7826e+01	3.0249e+01	1.4089e-18	6.2717e-05	9.9994e-01	5.7149e-04	9.9943e-01	2.6508e-11	2.0442e-26	1.5671e-07	1.0436e-02	9.8285e-01	6.7181e-03	1.5083e-06	4.9783e-02	9.5022e-01	1.1755e-36	1.1755e-36	1.1755e-36	3.3128e-35	0.00e+00	0.00e+00	1.2023e-01
1.13672e+19	5.0886e+03	2.434e-21	2.7826e+01	3.0249e+01	1.4001e-18	6.2738e-05	9.9994e-01	5.7411e-04	9.9943e-01	9.3000e-12	2.0535e-26	1.5753e-07	1.0491e-02	9.8301e-01	6.5036e-03	1.5318e-06	5.0301e-02	9.4970e-01	1.1755e-36	1.1755e-36	1.1755e-36	3.2242e-35	0.00e+00	0.00e+00	1.3216e-01
1.25040e+19	5.0713e+03	2.423e-21	2.7826e+01	3.0249e+01	1.3916e-18	6.2767e-05	9.9994e-01	5.7708e-04	9.9942e-01	3.2172e-12	2.0664e-26	1.5843e-07	1.0552e-02	9.8317e-01	6.2756e-03	1.5578e-06	5.0873e-02	9.4913e-01	1.1755e-36	1.1755e-36	1.1755e-36	3.1418e-35	0.00e+00	0.00e+00	1.4529e-01
1.37544e+19	5.0536e+03	2.412e-21	2.7826e+01	3.0248e+01	1.3820e-18	6.2815e-05	9.9994e-01	5.8050e-04	9.9942e-01	1.1152e-12	2.0818e-26	1.5948e-07	1.0622e-02	9.8334e-01	6.0339e-03	1.5869e-06	5.1513e-02	9.4849e-01	1.1755e-36	1.1755e-36	1.1755e-36	3.0554e-35	0.00e+00	0.00e+00	1.5974e-01
1.51298e+19	5.0359e+03	2.400e-21	2.7826e+01	3.0248e+01	1.3714e-18	6.2884e-05	9.9994e-01	5.8443e-04	9.9942e-01	4.0309e-13	2.1010e-26	1.6070e-07	1.0700e-02	9.8352e-01	5.7788e-03	1.6195e-06	5.2225e-02	9.4777e-01	1.1755e-36	1.1755e-36	1.1755e-36	2.9692e-35	0.00e+00	0.00e+00	1.7566e-01
1.66428e+19	5.0180e+03	2.388e-21	2.7826e+01	3.0248e+01	1.3101e-18	6.2980e-05	9.9994e-01	5.8897e-04	9.9941e-01	1.6447e-13	2.0663e-26	1.6213e-07	1.0790e-02	9.8370e-01	5.5103e-03	1.6563e-06	5.3025e-02	9.4697e-01	1.1755e-36	1.1755e-36	1.1755e-36	2.6622e-35	0.00e+00	0.00e+00	1.9320e-01
1.83071e+19	5.0008e+03	2.375e-21	2.7826e+01	3.0248e+01	1.2671e-18	6.3102e-05	9.9994e-01	5.9416e-04	9.9941e-01	8.3376e-14	2.0582e-26	1.6378e-07	1.0892e-02	9.8388e-01	5.2293e-03	1.6976e-06	5.3920e-02	9.4608e-01	1.1755e-36	1.1755e-36	1.1755e-36	2.4547e-35	0.00e+00	0.00e+00	2.1252e-01
2.01378e+19	4.9832e+03	2.361e-21	2.7826e+01	3.0248e+01	1.2558e-18	6.3265e-05	9.9994e-01	6.0024e-04	9.9940e-01	5.3640e-14	2.0949e-26	1.6569e-07	1.1009e-02	9.8406e-01	4.9346e-03	1.7450e-06	5.4944e-02	9.4505e-01	1.1755e-36	1.1755e-36	1.1755e-36	2.3859e-35	0.00e+00	0.00e+00	2.3383e-01
2.21516e+19	4.9665e+03	2.347e-21	2.7826e+01	3.0248e+01	1.2408e-18	6.3470e-05	9.9994e-01	6.0723e-04	9.9939e-01	4.0529e-14	2.1359e-26	1.6798e-07	1.1143e-02	9.8423e-01	4.6301e-03	1.7984e-06	5.6083e-02	9.4392e-01	1.1755e-36	1.1755e-36	1.1755e-36	2.3079e-35	0.00e+00	0.00e+00	2.5735e-01
2.43667e+19	4.9513e+03	2.332e-21	2.7826e+01	3.0248e+01	1.2263e-18	6.3716e-05	9.9994e-01	6.1531e-04	9.9938e-01	3.2955e-14	2.1882e-26	1.7060e-07	1.1296e-02	9.8439e-01	4.3152e-03	1.8594e-06	5.7382e-02	9.4262e-01	1.1755e-36	1.1755e-36	1.1755e-36	2.2405e-35	0.00e+00	0.00e+00	2.8333e-01
2.68034e+19	4.9371e+03	2.316e-21	2.7826e+01	3.0248e+01	1.1358e-18	6.4023e-05	9.9994e-01	6.2474e-04	9.9938e-01	2.7451e-14	2.1551e-26	1.7367e-07	1.1472e-02	9.8454e-01	3.9914e-03	1.9297e-06	5.8870e-02	9.4113e-01	1.1755e-36	1.1755e-36	1.1755e-36	1.8978e-35	0.00e+00	0.00e+00	3.1203e-01
2.94837e+19	4.9247e+03	2.300e-21	2.7826e+01	3.0248e+01	1.1338e-18	6.4396e-05	9.9994e-01	6.3574e-04	9.9936e-01	2.2941e-14	2.2494e-26	1.7727e-07	1.1676e-02	9.8466e-01	3.6608e-03	2.0111e-06	6.0581e-02	9.3942e-01	1.1755e-36	1.1755e-36	1.1755e-36	1.8927e-35	0.00e+00	0.00e+00	3.4380e-01
3.24321e+19	4.9184e+03	2.281e-21	2.7826e+01	3.0248e+01	1.1144e-18	6.4810e-05	9.9994e-01	6.4865e-04	9.9935e-01	1.9076e-14	2.3726e-26	1.8147e-07	1.1912e-02	9.8476e-01	3.3278e-03	2.1317e-06	6.3346e-02	9.3665e-01	1.1755e-36	1.1755e-36	1.1755e-36	1.8663e-35	0.00e+00	0.00e+00	3.7896e-01
3.56753e+19	4.9141e+03	2.262e-21	2.7826e+01	3.0248e+01	1.0996e-18	6.5323e-05	9.9993e-01	6.6399e-04	9.9934e-01	1.5719e-14	2.5350e-26	1.8647e-07	1.2190e-02	9.8482e-01	2.9910e-03	2.2767e-06	6.6641e-02	9.3336e-01	1.1755e-36	1.1755e-36	1.1755e-36	1.8658e-35	0.00e+00	0.00e+00	4.1794e-01
3.92428e+19	4.9144e+03	2.242e-21	2.7826e+01	3.0248e+01	1.0160e-18	6.5933e-05	9.9993e-01	6.8213e-04	9.9932e-01	1.2806e-14	2.6288e-26	1.9238e-07	1.2514e-02	9.8483e-01	2.6546e-03	2.4508e-06	7.0556e-02	9.2944e-01	1.1755e-36	1.1755e-36	1.1755e-36	1.6367e-35	0.00e+00	0.00e+00	4.6123e-01
4.31671e+19	4.9067e+03	2.225e-21	2.7826e+01	3.0247e+01	1.0220e-18	6.6793e-05	9.9993e-01	7.0511e-04	9.9929e-01	1.0275e-14	2.9175e-26	1.9991e-07	1.2921e-02	9.8476e-01	2.3174e-03	2.6718e-06	7.5410e-02	9.2459e-01	1.1755e-36	1.1755e-36	1.1755e-36	1.7088e-35	0.00e+00	0.00e+00	5.0946e-01
4.74838e+19	4.9282e+03	2.199e-21	2.7826e+01	3.0247e+01	9.5936e-19	6.7574e-05	9.9993e-01	7.3013e-04	9.9927e-01	8.1355e-15	3.1591e-26	2.0800e-07	1.3362e-02	9.8464e-01	1.9948e-03	2.9310e-06	8.1143e-02	9.1885e-01	1.1755e-36	1.1755e-36	1.1755e-36	1.6077e-35	0.00e+00	0.00e+00	5.6314e-01
5.22322e+19	4.9477e+03	2.176e-21	2.7826e+01	3.0247e+01	9.1276e-19	6.8609e-05	9.9993e-01	7.6174e-04	9.9924e-01	6.3136e-15	3.5210e-26	2.1822e-07	1.3908e-02	9.8441e-01	1.6810e-03	3.2623e-06	8.8316e-02	9.1168e-01	1.1755e-36	1.1755e-36	1.1755e-36	1.5641e-35	0.00e+00	0.00e+00	6.2309e-01
5.74554e+19	4.9711e+03	2.153e-21	2.7826e+01	3.0246e+01	9.0547e-19	6.9904e-05	9.9993e-01	8.0077e-04	9.9920e-01	4.7925e-15	4.0269e-26	2.3088e-07	1.4574e-02	9.8404e-01	1.3819e-03	3.6113e-06	9.5303e-02	9.0469e-01	1.1755e-36	1.1755e-36	1.1755e-36	1.6467e-35	0.00e+00	0.00e+00	6.9028e-01
6.32010e+19	4.9987e+03	2.131e-21	2.7826e+01	3.0246e+01	8.8944e-19	7.1525e-05	9.9993e-01	8.5036e-04	9.9915e-01	3.5363e-15	4.7088e-26	2.4719e-07	1.5417e-02	9.8348e-01	1.1038e-03	4.0701e-06	1.0431e-01	8.9569e-01	1.1755e-36	1.1755e-36	1.1755e-36	1.7198e-35	0.00e+00	0.00e+00	7.6590e-01
6.95211e+19	5.0519e+03	2.104e-21	2.7826e+01	3.0246e+01	8.4576e-19	7.3319e-05	9.9993e-01	9.1237e-04	9.9909e-01	2.5316e-15	5.6084e-26	2.6711e-07	1.6446e-02	9.8270e-01	8.5349e-04	4.6699e-06	1.1599e-01	8.8400e-01	1.1755e-36	1.1755e-36	1.1755e-36	1.7677e-35	0.00e+00	0.00e+00	8.5117e-01
7.64732e+19	5.1177e+03	2.077e-21	2.7826e+01	3.0245e+01	8.1993e-19	7.5520e-05	9.9992e-01	9.9435e-04	9.9901e-01	1.7389e-15	7.0611e-26	2.9317e-07	1.7783e-02	9.8159e-01	6.3195e-04	5.5067e-06	1.3198e-01	8.6801e-01	1.1755e-36	1.1755e-36	1.1755e-36	1.9624e-35	0.00e+00	0.00e+00	9.4779e-01
8.36470e+19	5.2007e+03	2.047e-21	2.7826e+01	3.0244e+01	7.8626e-19	7.7855e-05	9.9992e-01	1.0964e-03	9.9890e-01	1.1414e-15	9.1709e-26	3.2484e-07	1.9408e-02	9.8014e-01	4.5473e-04	6.6274e-06	1.5316e-01	8.4683e-01	1.1755e-36	1.1755e-36	1.1755e-36	2.2322e-35	0.00e+00	0.00e+00	1.0444e+00
9.04087e+19	5.2976e+03	2.018e-21	2.7826e+01	3.0243e+01	7.3622e-19	8.0146e-05	9.9992e-01	1.2156e-03	9.9878e-01	7.5955e-16	1.2011e-25	3.6087e-07	2.1257e-02	9.7842e-01	3.2531e-04	8.0416e-06	1.7958e-01	8.2041e-01	1.1755e-36	1.1755e-36	1.1755e-36	2.5136e-35	0.00e+00	0.00e+00	1.1353e+00
9.66868e+19	5.4076e+03	1.989e-21	2.7826e+01	3.0242e+01	6.9326e-19	8.2383e-05	9.9992e-01	1.3540e-03	9.9865e-01	5.1548e-16	1.6038e-25	4.0184e-07	2.3352e-02	9.7642e-01	2.3160e-04	9.8118e-06	2.1217e-01	7.8782e-01	1.1755e-36	1.1755e-36	1.1755e-36	2.9703e-35	0.00e+00	0.00e+00	1.2236e+00
1.02747e+20	5.5369e+03	1.958e-21	2.7826e+01	3.0241e+01	6.5202e-19	8.4596e-05	9.9992e-01	1.5238e-03	9.9848e-01	3.4621e-16	2.1990e-25	4.4996e-07	2.5820e-02	9.7402e-01	1.6159e-04	1.2113e-05	2.5391e-01	7.4607e-01	1.1755e-36	1.1755e-36	1.1755e-36	3.6798e-35	0.00e+00	0.00e+00	1.3131e+00
1.08753e+20	5.6941e+03	1.923e-21	2.7826e+01	3.0239e+01	5.7084e-19	8.6737e-05	9.9991e-01	1.7386e-03	9.9826e-01	2.2466e-16	3.0371e-25	5.0863e-07	2.8840e-02	9.7105e-01	1.0898e-04	1.5212e-05	3.0942e-01	6.9056e-01	1.1755e-36	1.1755e-36	1.1755e-36	4.2130e-35	0.00e+00	0.00e+00	1.4043e+00
1.14489e+20	5.8829e+03	1.884e-21	2.7826e+01	3.0238e+01	5.0566e-19	8.8543e-05	9.9991e-01	2.0106e-03	9.9799e-01	1.4070e-16	4.3358e-25	5.7825e-07	3.2452e-02	9.6748e-01	7.1781e-05	1.9262e-05	3.8160e-01	6.1838e-01	1.1755e-36	1.1755e-36	1.1755e-36	5.3170e-35	0.00e+00	0.00e+00	1.4896e+00
1.19579e+20	6.0914e+03	1.842e-21	2.7826e+01	3.0235e+01	4.3559e-19	8.9844e-05	9.9991e-01	2.3339e-03	9.9767e-01	8.9348e-17	6.0813e-25	6.5540e-07	3.6510e-02	9.6344e-01	4.7336e-05	2.4065e-05	4.6693e-01	5.3304e-01	1.1755e-36	1.1755e-36	1.1755e-36	6.5401e-35	0.00e+00	0.00e+00	1.5637e+00
1.23987e+20	6.3041e+03	1.801e-21	2.7826e+01	3.0233e+01	3.7685e-19	9.0769e-05	9.9991e-01	2.7133e-03	9.9729e-01	5.8820e-17	8.3066e-25	7.3944e-07	4.0971e-02	9.5900e-01	3.1493e-05	2.9260e-05	5.5844e-01	4.4153e-01	1.1755e-36	1.1755e-36	1.1755e-36	7.9887e-35	0.00e+00	0.00e+00	1.6294e+00
1.27876e+20	6.5095e+03	1.764e-21	2.7826e+01	3.0231e+01	3.2267e-19	9.1510e-05	9.9991e-01	3.1723e-03	9.9683e-01	3.9103e-17	1.0950e-24	8.3320e-07	4.5977e-02	9.5400e-01	2.1038e-05	3.4555e-05	6.5033e-01	3.4964e-01	1.1755e-36	1.1755e-36	1.1755e-36	9.1649e-35	0.00e+00	0.00e+00	1.6882e+00
1.31331e+20	6.6934e+03	1.734e-21	2.7826e+01	3.0228e+01	2.8742e-19	9.2246e-05	9.9991e-01	3.7428e-03	9.9626e-01	2.6209e-17	1.4142e-24	9.3982e-07	5.1675e-02	9.4831e-01	1.4118e-05	3.9592e-05	7.3539e-01	2.6457e-01	1.1755e-36	1.1755e-36	1.1755e-36	1.0619e-34	0.00e+00	0.00e+00	1.7409e+00
1.34308e+20	6.8405e+03	1.711e-21	2.7826e+01	3.0225e+01	2.6160e-19	9.3059e-05	9.9991e-01	4.4466e-03	9.9555e-01	1.8440e-17	1.7635e-24	1.0585e-06	5.8004e-02	9.4199e-01	9.6817e-06	4.3952e-05	8.0602e-01	1.9394e-01	1.1755e-36	1.1755e-36	1.1755e-36	1.1729e-34	0.00e+00	0.00e+00	1.7851e+00
1.36742e+20	6.9428e+03	1.698e-21	2.7826e+01	3.0222e+01	2.4914e-19	9.3957e-05	9.9991e-01	5.2714e-03	9.9473e-01	1.3190e-17	2.1288e-24	1.1831e-06	6.4613e-02	9.3538e-01	6.9328e-06	4.7354e-05	8.5779e-01	1.4216e-01	1.1755e-36	1.1755e-36	1.1755e-36	1.2869e-34	0.00e+00	0.00e+00	1.8208e+00
1.38696e+20	7.0082e+03	1.691e-21	2.7826e+01	3.0220e+01	2.4606e-19	9.4907e-05	9.9991e-01	6.2118e-03	9.9379e-01	1.0035e-17	2.4978e-24	1.3091e-06	7.1216e-02	9.2878e-01	5.2015e-06	4.9899e-05	8.9340e-01	1.0655e-01	1.1755e-36	1.1755e-36	1.1755e-36	1.4089e-34	0.00e+00	0.00e+00	1.8499e+00
1.40303e+20	7.0486e+03	1.688e-21	2.7826e+01	3.0216e+01	2.4215e-19	9.5840e-05	9.9990e-01	7.2732e-03	9.9273e-01	7.9447e-18	2.8456e-24	1.4349e-06	7.7845e-02	9.2215e-01	4.0430e-06	5.1845e-05	9.1824e-01	8.1713e-02	1.1755e-36	1.1755e-36	1.1755e-36	1.4629e-34	0.00e+00	0.00e+00	1.8746e+00
1.41683e+20	7.0733e+03	1.687e-21	2.7826e+01	3.0213e+01	2.4245e-19	9.6783e-05	9.9990e-01	8.5243e-03	9.9148e-01	6.4354e-18	3.2048e-24	1.5642e-06	8.4589e-02	9.1541e-01	3.2140e-06	5.3418e-05	9.3632e-01	6.3622e-02	1.1755e-36	1.1755e-36	1.1755e-36	1.5265e-34	0.00e+00	0.00e+00	1.8966e+00
1.42889e+20	7.0889e+03	1.688e-21	2.7826e+01	3.0210e+01	2.4559e-19	9.7701e-05	9.9990e-01	1.0036e-02	9.8996e-01	5.2743e-18	3.5819e-24	1.6992e-06	9.1537e-02	9.0846e-01	2.5996e-06	5.4727e-05	9.4995e-01	4.9998e-02	1.1755e-36	1.1755e-36	1.1755e-36	1.6024e-34	0.00e+00	0.00e+00	1.9159e+00
1.43927e+20	7.0949e+03	1.691e-21	2.7826e+01	3.0205e+01	2.4831e-19	9.8565e-05	9.9990e-01	1.1832e-02	9.8817e-01	4.3963e-18	3.9510e-24	1.8333e-06	9.8500e-02	9.0150e-01	2.1430e-06	5.5813e-05	9.6018e-01	3.9765e-02	1.1755e-36	1.1755e-36	1.1755e-36	1.6504e-34	0.00e+00	0.00e+00	1.9323e+00
1.44801e+20	7.0949e+03	1.694e-21	2.7826e+01	3.0200e+01	2.4687e-19	9.9353e-05	9.9990e-01	1.3919e-02	9.8608e-01	3.7467e-18	4.2802e-24	1.9635e-06	1.0524e-01	8.9476e-01	1.8025e-06	5.6703e-05	9.6779e-01	3.2149e-02	1.1755e-36	1.1755e-36	1.1755e-36	1.6293e-34	0.00e+00	0.00e+00	1.9462e+00
1.45538e+20	7.0909e+03	1.698e-21	2.7826e+01	3.0194e+01	2.4945e-19	1.0007e-04	9.9990e-01	1.6333e-02	9.8367e-01	3.2510e-18	4.6139e-24	2.0880e-06	1.1168e-01	8.8832e-01	1.5421e-06	5.7446e-05	9.7355e-01	2.6389e-02	1.1755e-36	1.1755e-36	1.1755e-36	1.6495e-34	0.00e+00	0.00e+00	1.9582e+00
1.46171e+20	7.0811e+03	1.703e-21	2.7826e+01	3.0189e+01	2.5481e-19	1.0076e-04	9.9990e-01	1.9174e-02	9.8083e-01	2.8538e-18	4.9492e-24	2.2083e-06	1.1783e-01	8.8216e-01	1.3357e-06	5.8091e-05	9.7805e-01	2.1894e-02	1.1755e-36	1.1755e-36	1.1755e-36	1.6909e-34	0.00e+00	0.00e+00	1.9685e+00
1.46717e+20	7.0730e+03	1.707e-21	2.7826e+01	3.0182e+01	2.5918e-19	1.0135e-04	9.9990e-01	2.2513e-02	9.7749e-01	2.5247e-18	5.2660e-24	2.3222e-06	1.2370e-01	8.7629e-01	1.1694e-06	5.8632e-05	9.8164e-01	1.8300e-02	1.1755e-36	1.1755e-36	1.1755e-36	1.7236e-34	0.00e+00	0.00e+00	1.9775e+00
1.47187e+20	7.0658e+03	1.710e-21	2.7826e+01	3.0173e+01	2.6261e-19	1.0185e-04	9.9990e-01	2.6437e-02	9.7356e-01	2.2519e-18	5.5594e-24	2.4288e-06	1.2920e-01	8.7080e-01	1.0336e-06	5.9087e-05	9.8454e-01	1.5399e-02	1.1755e-36	1.1755e-36	1.1755e-36	1.7461e-34	0.00e+00	0.00e+00	1.9853e+00
1.47592e+20	7.0517e+03	1.714e-21	2.7826e+01	3.0158e+01	2.6716e-19	1.0233e-04	9.9990e-01	3.1009e-02	9.6899e-01	2.0170e-18	5.8358e-24	2.5265e-06	1.3434e-01	8.6566e-01	9.2056e-07	5.9494e-05	9.8692e-01	1.3023e-02	1.1755e-36	1.1755e-36	1.1755e-36	1.7657e-34	0.00e+00	0.00e+00	1.9921e+00
1.47942e+20	7.0421e+03	1.718e-21	2.7826e+01	3.0149e+01	2.7131e-19	1.0276e-04	9.9990e-01	3.6457e-02	9.6354e-01	1.8230e-18	6.0964e-24	2.6196e-06	1.3905e-01	8.6095e-01	8.2576e-07	5.9843e-05	9.8888e-01	1.1062e-02	1.1755e-36	1.1755e-36	1.1755e-36	1.7905e-34	0.00e+00	0.00e+00	1.9979e+00
1.48244e+20	7.0279e+03	1.721e-21	2.7826e+01	3.0130e+01	2.7530e-19	1.0312e-04	9.9990e-01	4.2834e-02	9.5717e-01	1.6488e-18	6.3285e-24	2.7013e-06	1.4338e-01	8.5662e-01	7.4512e-07	6.0142e-05	9.9052e-01	9.4180e-03	1.1755e-36	1.1755e-36	1.1755e-36	1.8017e-34	0.00e+00	0.00e+00	2.0030e+00
1.48501e+20	7.0181e+03	1.724e-21	2.7826e+01	3.0117e+01	2.7909e-19	1.0345e-04	9.9990e-01	5.0288e-02	9.4971e-01	1.5024e-18	6.5435e-24	2.7772e-06	1.4723e-01	8.5277e-01	6.7655e-07	6.0396e-05	9.9189e-01	8.0458e-03	1.1755e-36	1.1755e-36	1.1755e-36	1.8210e-34	0.00e+00	0.00e+00	2.0073e+00
1.48723e+20	7.0012e+03	1.728e-21	2.7826e+01	3.0095e+01	2.8368e-19	1.0377e-04	9.9990e-01	5.8988e-02	9.4101e-01	1.3695e-18	6.7372e-24	2.8436e-06	1.5073e-01	8.4927e-01	6.1675e-07	6.0632e-05	9.9306e-01	6.8808e-03	1.1755e-36	1.1755e-36	1.1755e-36	1.8312e-34	0.00e+00	0.00e+00	2.0110e+00
1.48914e+20	6.9948e+03	1.729e-21	2.7826e+01	3.0075e+01	2.8589e-19	1.0394e-04	9.9990e-01	6.9114e-02	9.3089e-01	1.2524e-18	6.8983e-24	2.9013e-06	1.5375e-01	8.4625e-01	5.6497e-07	6.0788e-05	9.9405e-01	5.8887e-03	1.1755e-36	1.1755e-36	1.1755e-36	1.8392e-34	0.00e+00	0.00e+00	2.0143e+00
1.49081e+20	6.9787e+03	1.731e-21	2.7826e+01	3.0050e+01	2.9041e-19	1.0419e-04	9.9990e-01	8.1057e-02	9.1894e-01	1.1436e-18	7.0547e-24	2.9535e-06	1.5652e-01	8.4348e-01	5.1823e-07	6.0959e-05	9.9491e-01	5.0274e-03	1.1755e-36	1.1755e-36	1.1755e-36	1.8499e-34	0.00e+00	0.00e+00	2.0171e+00
1.49226e+20	6.9685e+03	1.732e-21	2.7826e+01	3.0019e+01	2.9283e-19	1.0431e-04	9.9990e-01	9.5016e-02	9.0498e-01	1.0427e-18	7.1779e-24	2.9971e-06	1.5889e-01	8.4110e-01	4.7675e-07	6.1066e-05	9.9566e-01	4.2811e-03	1.1755e-36	1.1755e-36	1.1755e-36	1.8496e-34	0.00e+00	0.00e+00	2.0196e+00
1.49353e+20	6.9499e+03	1.733e-21	2.7826e+01	2.9975e+01	2.9729e-19	1.0446e-04	9.9990e-01	1.1134e-01	8.8866e-01	9.4620e-19	7.2920e-24	3.0347e-06	1.6102e-01	8.3898e-01	4.3901e-07	6.1171e-05	9.9631e-01	3.6333e-03	1.1755e-36	1.1755e-36	1.1755e-36	1.8503e-34	0.00e+00	0.00e+00	2.0217e+00
1.49463e+20	6.9455e+03	1.731e-21	2.7826e+01	2.9937e+01	2.9821e-19	1.0445e-04	9.9990e-01	1.3027e-01	8.6973e-01	8.5963e-19	7.3728e-24	3.0643e-06	1.6273e-01	8.3727e-01	4.0535e-07	6.1197e-05	9.9687e-01	3.0728e-03	1.1755e-36	1.1755e-36	1.1755e-36	1.8474e-34	0.00e+00	0.00e+00	2.0236e+00
1.49559e+20	6.9278e+03	1.730e-21	2.7826e+01	2.9890e+01	3.0245e-19	1.0454e-04	9.9990e-01	1.5247e-01	8.4753e-01	7.7619e-19	7.4573e-24	3.0909e-06	1.6433e-01	8.3567e-01	3.7384e-07	6.1254e-05	9.9736e-01	2.5836e-03	1.1755e-36	1.1755e-36	1.1755e-36	1.8478e-34	0.00e+00	0.00e+00	2.0253e+00
1.49644e+20	6.9177e+03	1.726e-21	2.7826e+01	2.9833e+01	3.0400e-19	1.0449e-04	9.9990e-01	1.7819e-01	8.2181e-01	6.9642e-19	7.5070e-24	3.1096e-06	1.6558e-01	8.3441e-01	3.4513e-07	6.1240e-05	9.9778e-01	2.1590e-03	1.1755e-36	1.1755e-36	1.1755e-36	1.8358e-34	0.00e+00	0.00e+00	2.0268e+00
1.49720e+20	6.9022e+03	1.722e-21	2.7826e+01	2.9767e+01	3.0719e-19	1.0445e-04	9.9990e-01	2.0808e-01	7.9192e-01	6.1977e-19	7.5527e-24	3.1240e-06	1.6668e-01	8.3332e-01	3.1822e-07	6.1220e-05	9.9815e-01	1.7914e-03	1.1755e-36	1.1755e-36	1.1755e-36	1.8279e-34	0.00e+00	0.00e+00	2.0281e+00
1.49787e+20	6.8893e+03	1.715e-21	2.7826e+01	2.9689e+01	3.0904e-19	1.0432e-04	9.9990e-01	2.4260e-01	7.5740e-01	5.4599e-19	7.5736e-24	3.1324e-06	1.6752e-01	8.3248e-01	2.9314e-07	6.1151e-05	9.9846e-01	1.4744e-03	1.1755e-36	1.1755e-36	1.1755e-36	1.8112e-34	0.00e+00	0.00e+00	2.0292e+00
1.49847e+20	6.8694e+03	1.707e-21	2.7826e+01	2.9580e+01	3.1206e-19	1.0414e-04	9.9990e-01	2.8239e-01	7.1761e-01	4.7219e-19	7.5756e-24	3.1345e-06	1.6816e-01	8.3183e-01	2.6942e-07	6.1041e-05	9.9874e-01	1.2026e-03	1.1755e-36	1.1755e-36	1.1755e-36	1.7861e-34	0.00e+00	0.00e+00	2.0303e+00
1.49902e+20	6.8584e+03	1.697e-21	2.7826e+01	2.9490e+01	3.1329e-19	1.0391e-04	9.9990e-01	3.2817e-01	6.7183e-01	4.0498e-19	7.5711e-24	3.1332e-06	1.6865e-01	8.3134e-01	2.4681e-07	6.0912e-05	9.9897e-01	9.6958e-04	1.1755e-36	1.1755e-36	1.1755e-36	1.7685e-34	0.00e+00	0.00e+00	2.0312e+00
1.49952e+20	6.8374e+03	1.685e-21	2.7826e+01	2.9376e+01	3.1679e-19	1.0369e-04	9.9990e-01	3.8065e-01	6.1935e-01	3.3945e-19	7.5612e-24	3.1287e-06	1.6905e-01	8.3095e-01	2.2489e-07	6.0775e-05	9.9917e-01	7.7200e-04	1.1755e-36	1.1755e-36	1.1755e-36	1.7473e-34	0.00e+00	0.00e+00	2.0321e+00
1.49999e+20	6.8170e+03	1.670e-21	2.7826e+01	2.9243e+01	3.1918e-19	1.0339e-04	9.9990e-01	4.3998e-01	5.6002e-01	2.7690e-19	7.5273e-24	3.1185e-06	1.6925e-01	8.3074e-01	2.0375e-07	6.0586e-05	9.9933e-01	6.0616e-04	1.1755e-36	1.1755e-36	1.1755e-36	1.7150e-34	0.00e+00	0.00e+00	2.0329e+00
1.50044e+20	6.7891e+03	1.654e-21	2.7826e+01	2.9094e+01	3.2358e-19	1.0310e-04	9.9990e-01	5.0658e-01	4.9342e-01	2.1637e-19	7.4922e-24	3.1083e-06	1.6940e-01	8.3060e-01	1.8291e-07	6.0394e-05	9.9947e-01	4.6814e-04	1.1755e-36	1.1755e-36	1.1755e-36	1.6812e-34	0.00e+00	0.00e+00	2.0337e+00
1.50087e+20	6.7697e+03	1.632e-21	2.7826e+01	2.8925e+01	3.2520e-19	1.0264e-04	9.9990e-01	5.7996e-01	4.2004e-01	1.6214e-19	7.4257e-24	3.0879e-06	1.6926e-01	8.3074e-01	1.6248e-07	6.0110e-05	9.9959e-01	3.5388e-04	1.1755e-36	1.1755e-36	1.1755e-36	1.6422e-34	0.00e+00	0.00e+00	2.0345e+00
1.50137e+20	6.7363e+03	1.606e-21	2.7826e+01	2.8686e+01	3.2769e-19	1.0208e-04	9.9990e-01	6.6957e-01	3.3043e-01	1.0978e-19	7.3225e-24	3.0574e-06	1.6893e-01	8.3107e-01	1.3878e-07	5.9746e-05	9.9969e-01	2.5166e-04	1.1755e-36	1.1755e-36	1.1755e-36	1.5755e-34	0.00e+00	0.00e+00	2.0355e+00
1.50193e+20	6.6999e+03	1.577e-21	2.7826e+01	2.8451e+01	3.3262e-19	1.0157e-04	9.9990e-01	7.6768e-01	2.3232e-01	6.1666e-20	7.2380e-24	3.0283e-06	1.6861e-01	8.3139e-01	1.1755e-36	5.9408e-05	9.9978e-01	1.6511e-04	1.1755e-36	1.1755e-36	1.1755e-36	1.5262e-34	0.00e+00	0.00e+00	2.0365e+00
1.50256e+20	6.6613e+03	1.551e-21	2.7826e+01	2.8258e+01	3.4153e-19	1.0131e-04	9.9990e-01	8.5996e-01	1.4004e-01	2.9983e-20	7.2052e-24	3.0087e-06	1.6846e-01	8.3153e-01	1.1755e-36	5.9200e-05	9.9984e-01	1.0117e-04	1.1755e-36	1.1755e-36	1.1755e-36	1.5081e-34	0.00e+00	0.00e+00	2.0378e+00
1.50338e+20	6.6355e+03	1.526e-21	2.7826e+01	2.8064e+01	3.4377e-19	1.0100e-04	9.9990e-01	9.3556e-01	6.4444e-02	9.8822e-21	7.1345e-24	2.9857e-06	1.6810e-01	8.3190e-01	1.1755e-36	5.8966e-05	9.9989e-01	5.2948e-05	1.1755e-36	1.1755e-36	1.1755e-36	1.4611e-34	0.00e+00	0.00e+00	2.0394e+00
1.50444e+20	6.6148e+03	1.511e-21	2.7826e+01	2.7916e+01	3.4378e-19	1.0089e-04	9.9990e-01	9.7833e-01	2.1674e-02	2.0989e-21	7.0807e-24	2.9740e-06	1.6785e-01	8.3215e-01	1.1755e-36	5.8855e-05	9.9992e-01	2.2831e-05	1.1755e-36	1.1755e-36	1.1755e-36	1.4096e-34	0.00e+00	0.00e+00	2.0415e+00
1.50582e+20	6.6093e+03	1.507e-21	2.7826e+01	2.7869e+01	3.4501e-19	1.0110e-04	9.9990e-01	9.9419e-01	5.8107e-03	3.0999e-22	7.0985e-24	2.9750e-06	1.6791e-01	8.3209e-01	1.1755e-36	5.8934e-05	9.9993e-01	7.8063e-06	1.1755e-36	1.1755e-36	1.1755e-36	1.4042e-34	0.00e+00	0.00e+00	2.0443e+00
1.50762e+20	6.6100e+03	1.506e-21	2.7826e+01	2.7851e+01	3.4617e-19	1.0140e-04	9.9990e-01	9.9816e-01	1.8394e-03	4.5669e-23	7.1383e-24	2.9804e-06	1.6807e-01	8.3192e-01	1.1755e-36	5.9076e-05	9.9994e-01	2.0297e-06	1.1755e-36	1.1755e-36	1.1755e-36	1.4117e-34	0.00e+00	0.00e+00	2.0479e+00
1.50996e+20	6.6139e+03	1.507e-21	2.7826e+01	2.7854e+01	3.4712e-19	1.0181e-04	9.9990e-01	9.9891e-01	1.0947e-03	1.0205e-23	7.1978e-24	2.9916e-06	1.6837e-01	8.3163e-01	1.1755e-36	5.9284e-05	9.9994e-01	3.8369e-07	1.1755e-36	1.1755e-36	1.1755e-36	1.4247e-34	0.00e+00	0.00e+00	2.0527e+00
1.51299e+20	6.6172e+03	1.509e-21	2.7826e+01	2.7862e+01	3.4684e-19	1.0232e-04	9.9990e-01	9.9909e-01	9.1391e-04	2.4188e-24	7.2622e-24	3.0061e-06	1.6880e-01	8.3119e-01	1.1755e-36	5.9545e-05	9.9994e-01	5.0938e-08	1.1755e-36	1.1755e-36	1.1755e-36	1.4268e-34	0.00e+00	0.00e+00	2.0588e+00
1.51694e+20	6.6187e+03	1.511e-21	2.7826e+01	2.7863e+01	3.4832e-19	1.0291e-04	9.9990e-01	9.9920e-01	8.0439e-04	4.2097e-25	7.3479e-24	3.0218e-06	1.6935e-01	8.3065e-01	1.1755e-36	5.9843e-05	9.9994e-01	4.6568e-09	1.1755e-36	1.1755e-36	1.1755e-36	1.4407e-34	0.00e+00	0.00e+00	2.0669e+00
1.52208e+20	6.6280e+03	1.512e-21	2.7826e+01	2.7863e+01	3.4213e-19	1.0354e-04	9.9990e-01	9.9928e-01	7.1670e-04	1.1755e-36	7.4014e-24	3.0409e-06	1.6997e-01	8.3003e-01	1.1755e-36	6.0175e-05	9.9994e-01	2.8466e-10	1.1755e-36	1.1755e-36	1.1755e-36	1.4054e-34	0.00e+00	0.00e+00	2.0775e+00
1.52875e+20	6.6292e+03	1.515e-21	2.7826e+01	2.7864e+01	3.4648e-19	1.0442e-04	9.9990e-01	9.9936e-01	6.3972e-04	1.1755e-36	7.5490e-24	3.0670e-06	1.7092e-01	8.2907e-01	1.1755e-36	6.0632e-05	9.9994e-01	1.0825e-11	1.1755e-36	1.1755e-36	1.1755e-36	1.4384e-34	0.00e+00	0.00e+00	2.0913e+00
1.53743e+20	6.6440e+03	1.516e-21	2.7826e+01	2.7863e+01	3.3685e-19	1.0538e-04	9.9989e-01	9.9942e-01	5.8038e-04	1.1755e-36	7.6377e-24	3.0962e-06	1.7199e-01	8.2800e-01	1.1755e-36	6.1145e-05	9.9994e-01	2.2315e-13	1.1755e-36	1.1755e-36	1.1755e-36	1.3853e-34	0.00e+00	0.00e+00	2.1095e+00
1.54871e+20	6.6441e+03	1.521e-21	2.7826e+01	2.7863e+01	3.4066e-19	1.0681e-04	9.9989e-01	9.9947e-01	5.2548e-04	1.1755e-36	7.8600e-24	3.1405e-06	1.7367e-01	8.2633e-01	1.1755e-36	6.1891e-05	9.9994e-01	2.0011e-15	1.1755e-36	1.1755e-36	1.1755e-36	1.4064e-34	0.00e+00	0.00e+00	2.1334e+00
1.56337e+20	6.6606e+03	1.525e-21	2.7826e+01	2.7862e+01	3.3423e-19	1.0848e-04	9.9989e-01	9.9952e-01	4.8368e-04	1.1755e-36	8.0804e-24	3.1933e-06	1.7567e-01	8.2433e-01	1.1755e-36	6.2787e-05	9.9994e-01	5.6781e-18	1.1755e-36	1.1755e-36	1.1755e-36	1.3760e-34	0.00e+00	0.00e+00	2.1650e+00
1.58243e+20	6.6751e+03	1.530e-21	2.7826e+01	2.7862e+01	3.2913e-19	1.1075e-04	9.9989e-01	9.9955e-01	4.4825e-04	1.1755e-36	8.3986e-24	3.2644e-06	1.7843e-01	8.2157e-01	1.1755e-36	6.4005e-05	9.9994e-01	3.4032e-21	1.1755e-36	1.1755e-36	1.1755e-36	1.3463e-34	0.00e+00	0.00e+00	2.2069e+00
1.60722e+20	6.6938e+03	1.538e-21	2.7826e+01	2.7862e+01	3.1673e-19	1.1384e-04	9.9989e-01	9.9958e-01	4.2314e-04	1.1755e-36	8.7986e-24	3.3570e-06	1.8216e-01	8.1784e-01	1.1755e-36	6.5663e-05	9.9993e-01	1.7497e-24	1.1755e-36	1.1755e-36	1.1755e-36	1.2627e-34	0.00e+00	0.00e+00	2.2629e+00
1.63943e+20	6.7198e+03	1.548e-21	2.7826e+01	2.7862e+01	3.0896e-19	1.1802e-04	9.9988e-01	9.9960e-01	3.9882e-04	1.1755e-36	9.4336e-24	3.4856e-06	1.8721e-01	8.1279e-01	1.1755e-36	6.7917e-05	9.9993e-01	1.6617e-24	1.1755e-36	1.1755e-36	1.1755e-36	1.2180e-34	0.00e+00	0.00e+00	2.3384e+00
1.68131e+20	6.7541e+03	1.562e-21	2.7826e+01	2.7861e+01	3.0498e-19	1.2385e-04	9.9988e-01	9.9962e-01	3.7723e-04	1.1755e-36	1.0423e-23	3.6629e-06	1.9419e-01	8.0581e-01	1.1755e-36	7.1085e-05	9.9993e-01	2.2442e-24	1.1755e-36	1.1755e-36	1.1755e-36	1.2030e-34	0.00e+00	0.00e+00	2.4414e+00
1.73575e+20	6.8008e+03	1.580e-21	2.7826e+01	2.7861e+01	2.9997e-19	1.3223e-04	9.9987e-01	9.9964e-01	3.5751e-04	1.1755e-36	1.1963e-23	3.9136e-06	2.0400e-01	7.9600e-01	1.1755e-36	7.5676e-05	9.9992e-01	3.3889e-24	1.1755e-36	1.1755e-36	1.1755e-36	1.1835e-34	0.00e+00	0.00e+00	2.5844e+00
1.80653e+20	6.8671e+03	1.606e-21	2.7826e+01	2.7861e+01	3.0182e-19	1.4472e-04	9.9986e-01	9.9966e-01	3.3982e-04	1.1755e-36	1.4613e-23	4.2763e-06	2.1815e-01	7.8185e-01	1.1755e-36	8.2608e-05	9.9992e-01	6.0255e-24	1.1755e-36	1.1755e-36	1.1755e-36	1.2245e-34	0.00e+00	0.00e+00	2.7878e+00
1.89854e+20	6.9576e+03	1.645e-21	2.7826e+01	2.7860e+01	3.1848e-19	1.6455e-04	9.9984e-01	9.9968e-01	3.1907e-04	1.1755e-36	1.9667e-23	4.8268e-06	2.3941e-01	7.6058e-01	1.1755e-36	9.3811e-05	9.9991e-01	1.2989e-23	1.1755e-36	1.1755e-36	1.1755e-36	1.3878e-34	0.00e+00	0.00e+00	3.0885e+00
2.01816e+20	7.0882e+03	1.703e-21	2.7826e+01	2.7859e+01	3.6691e-19	1.9873e-04	9.9980e-01	9.9971e-01	2.9441e-04	1.1755e-36	3.0973e-23	5.7071e-06	2.7306e-01	7.2694e-01	1.1755e-36	1.1376e-04	9.9989e-01	3.7981e-23	1.1755e-36	1.1755e-36	1.1755e-36	1.8701e-34	0.00e+00	0.00e+00	3.5605e+00
2.13459e+20	7.2522e+03	1.779e-21	2.7826e+01	2.7857e+01	4.3251e-19	2.4871e-04	9.9975e-01	9.9973e-01	2.6728e-04	1.1755e-36	5.3029e-23	6.7908e-06	3.1434e-01	6.8566e-01	1.1755e-36	1.4418e-04	9.9986e-01	1.3831e-22	1.1755e-36	1.1755e-36	1.1755e-36	2.6953e-34	0.00e+00	0.00e+00	3.9872e+00
2.21254e+20	7.3851e+03	1.845e-21	2.7826e+01	2.7855e+01	5.1770e-19	2.9970e-04	9.9970e-01	9.9975e-01	2.4964e-04	1.1755e-36	8.3671e-23	7.7241e-06	3.4977e-01	6.5022e-01	1.1755e-36	1.7692e-04	9.9982e-01	3.7731e-22	1.1755e-36	1.1755e-36	1.1755e-36	3.9486e-34	0.00e+00	0.00e+00	4.2938e+00
2.26296e+20	7.4762e+03	1.893e-21	2.7826e+01	2.7854e+01	6.1041e-19	3.4437e-04	9.9966e-01	9.9976e-01	2.3723e-04	1.1755e-36	1.1837e-22	8.4545e-06	3.7720e-01	6.2280e-01	1.1755e-36	2.0698e-04	9.9979e-01	7.3566e-22	1.1755e-36	1.1755e-36	1.1755e-36	5.5098e-34	0.00e+00	0.00e+00	4.5516e+00
2.31197e+20	7.5653e+03	1.942e-21	2.7826e+01	2.7852e+01	7.3907e-19	3.9926e-04	9.9960e-01	9.9977e-01	2.2559e-04	1.1755e-36	1.7263e-22	9.2826e-06	4.0829e-01	5.9170e-01	1.1755e-36	2.4571e-04	9.9975e-01	1.3900e-21	1.1755e-36	1.1755e-36	1.1755e-36	8.0477e-34	0.00e+00	0.00e+00	4.9402e+00
2.36573e+20	7.6766e+03	2.004e-21	2.7826e+01	2.7849e+01	9.0702e-19	4.8007e-04	9.9952e-01	9.9979e-01	2.0981e-04	1.1755e-36	2.7473e-22	1.0297e-05	4.4684e-01	5.5315e-01	1.1755e-36	3.0560e-04	9.9969e-01	3.0105e-21	1.1755e-36	1.1755e-36	1.1755e-36	1.2298e-33	0.00e+00	0.00e+00	5.3798e+00
2.41657e+20	7.7904e+03	2.072e-21	2.7826e+01	2.7846e+01	1.1982e-18	5.9014e-04	9.9941e-01	9.9981e-01	1.9098e-04	1.1755e-36	4.6446e-22	1.1438e-05	4.9009e-01	5.0990e-01	1.1755e-36	3.9217e-04	9.9961e-01	6.4812e-21	1.1755e-36	1.1755e-36	1.1755e-36	2.1270e-33	0.00e+00	0.00e+00	5.8933e+00
2.46078e+20	7.9018e+03	2.142e-21	2.7826e+01	2.7842e+01	1.6367e-18	7.3266e-04	9.9927e-01	9.9983e-01	1.6860e-04	1.1755e-36	8.0358e-22	1.2591e-05	5.3414e-01	4.6585e-01	1.1755e-36	5.1145e-04	9.9949e-01	1.3406e-20	1.1755e-36	1.1755e-36	1.1755e-36	3.8816e-33	0.00e+00	0.00e+00	6.3940e+00
2.49376e+20	7.9922e+03	2.204e-21	2.7826e+01	2.7837e+01	2.2689e-18	8.9065e-04	9.9911e-01	9.9985e-01	1.4751e-04	1.1755e-36	1.3174e-21	1.3597e-05	5.7227e-01	4.2771e-01	1.1755e-36	6.5145e-04	9.9935e-01	2.3778e-20	1.1755e-36	1.1755e-36	1.1755e-36	7.1067e-33	0.00e+00	0.00e+00	6.8174e+00
2.51718e+20	8.0612e+03	2.253e-21	2.7826e+01	2.7833e+01	3.0449e-18	1.0473e-03	9.9895e-01	9.9987e-01	1.3079e-04	1.1755e-36	1.9830e-21	1.4392e-05	6.0276e-01	3.9722e-01	1.1755e-36	7.9696e-04	9.9920e-01	3.6440e-20	1.1755e-36	1.1755e-36	1.1755e-36	1.2102e-32	0.00e+00	0.00e+00	7.1812e+00
2.53550e+20	8.1177e+03	2.295e-21	2.7826e+01	2.7828e+01	4.0532e-18	1.2085e-03	9.9879e-01	9.9989e-01	1.1486e-04	1.1755e-36	2.8463e-21	1.5059e-05	6.2895e-01	3.7104e-01	1.1755e-36	9.5248e-04	9.9905e-01	5.1319e-20	1.1755e-36	1.1755e-36	1.1755e-36	2.0078e-32	0.00e+00	0.00e+00	7.5394e+00
2.55183e+20	8.1674e+03	2.335e-21	2.7826e+01	2.7822e+01	5.5393e-18	1.3947e-03	9.9861e-01	9.9990e-01	9.8253e-05	1.1755e-36	4.0836e-21	1.5713e-05	6.5425e-01	3.4574e-01	1.1755e-36	1.1379e-03	9.9886e-01	6.8975e-20	1.1755e-36	1.1755e-36	1.1755e-36	3.4482e-32	0.00e+00	0.00e+00	7.9263e+00
2.56684e+20	8.2133e+03	2.375e-21	2.7826e+01	2.7816e+01	7.8278e-18	1.6190e-03	9.9838e-01	9.9992e-01	8.1777e-05	1.1755e-36	5.9355e-21	1.6367e-05	6.7932e-01	3.2066e-01	1.1755e-36	1.3680e-03	9.9863e-01	9.0176e-20	1.1755e-36	1.1755e-36	1.1755e-36	6.2220e-32	0.00e+00	0.00e+00	8.3313e+00
2.57990e+20	8.2510e+03	2.415e-21	2.7826e+01	2.7811e+01	1.1142e-17	1.8775e-03	9.9812e-01	9.9993e-01	6.8093e-05	1.1755e-36	8.5798e-21	1.7012e-05	7.0288e-01	2.9710e-01	1.1755e-36	1.6404e-03	9.9836e-01	1.1172e-19	1.1755e-36	1.1755e-36	1.1755e-36	1.1280e-31	0.00e+00	0.00e+00	8.7230e+00
2.59068e+20	8.2868e+03	2.450e-21	2.7826e+01	2.7803e+01	1.6190e-17	2.1570e-03	9.9784e-01	9.9995e-01	5.4450e-05	1.1755e-36	1.2146e-20	1.7537e-05	7.2373e-01	2.7625e-01	1.1755e-36	1.9423e-03	9.9806e-01	1.3652e-19	1.1755e-36	1.1755e-36	1.1755e-36	2.1094e-31	0.00e+00	0.00e+00	9.0899e+00
2.59963e+20	8.3143e+03	2.482e-21	2.7826e+01	2.7795e+01	2.4822e-17	2.4563e-03	9.9754e-01	9.9996e-01	4.1944e-05	1.1755e-36	1.6961e-20	1.8004e-05	7.4227e-01	2.5771e-01	1.1755e-36	2.2717e-03	9.9773e-01	1.5861e-19	1.1755e-36	1.1755e-36	1.1755e-36	4.2924e-31	0.00e+00	0.00e+00	9.4447e+00
2.60742e+20	8.3378e+03	2.512e-21	2.7826e+01	2.7786e+01	3.9889e-17	2.7867e-03	9.9721e-01	9.9997e-01	3.0497e-05	1.1755e-36	2.3722e-20	1.8437e-05	7.5940e-01	2.4058e-01	1.1755e-36	2.6418e-03	9.9736e-01	1.7975e-19	1.1755e-36	1.1755e-36	1.1755e-36	9.4945e-31	0.00e+00	0.00e+00	9.8046e+00
2.61442e+20	8.3576e+03	2.541e-21	2.7826e+01	2.7776e+01	6.7170e-17	3.1633e-03	9.9684e-01	9.9998e-01	2.0867e-05	1.1755e-36	3.3707e-20	1.8849e-05	7.7571e-01	2.2427e-01	1.1755e-36	3.0696e-03	9.9693e-01	1.9887e-19	1.1755e-36	1.1755e-36	1.1755e-36	2.2953e-30	0.00e+00	0.00e+00	1.0174e+01
2.62069e+20	8.3739e+03	2.570e-21	2.7826e+01	2.7764e+01	1.1673e-16	3.5921e-03	9.9641e-01	9.9999e-01	1.3542e-05	1.1755e-36	4.8825e-20	1.9239e-05	7.9115e-01	2.0883e-01	1.1755e-36	3.5631e-03	9.9644e-01	2.1497e-19	1.1755e-36	1.1755e-36	1.1755e-36	5.9321e-30	0.00e+00	0.00e+00	1.0546e+01
2.62620e+20	8.3856e+03	2.597e-21	2.7826e+01	2.7751e+01	2.0244e-16	4.0714e-03	9.9593e-01	9.9999e-01	8.5857e-06	1.1755e-36	7.1555e-20	1.9599e-05	8.0551e-01	1.9447e-01	1.1755e-36	4.1209e-03	9.9588e-01	2.2602e-19	1.1755e-36	1.1755e-36	1.1755e-36	1.5433e-29	0.00e+00	0.00e+00	1.0913e+01
2.63101e+20	8.3934e+03	2.624e-21	2.7826e+01	2.7737e+01	3.3628e-16	4.6017e-03	9.9540e-01	9.9999e-01	5.5434e-06	1.1755e-36	1.0445e-19	1.9931e-05	8.1875e-01	1.8123e-01	1.1755e-36	4.7438e-03	9.9526e-01	2.3199e-19	1.1755e-36	1.1755e-36	1.1755e-36	3.7351e-29	0.00e+00	0.00e+00	1.1276e+01
2.63526e+20	8.3975e+03	2.649e-21	2.7826e+01	2.7721e+01	5.2444e-16	5.1923e-03	9.9481e-01	1.0000e+00	3.7765e-06	1.1755e-36	1.4982e-19	2.0241e-05	8.3109e-01	1.6889e-01	1.1755e-36	5.4433e-03	9.9456e-01	2.3268e-19	1.1755e-36	1.1755e-36	1.1755e-36	8.0450e-29	0.00e+00	0.00e+00	1.1642e+01
2.63907e+20	8.3979e+03	2.674e-21	2.7826e+01	2.7703e+01	7.7341e-16	5.8590e-03	9.9414e-01	1.0000e+00	2.7320e-06	1.1755e-36	2.1053e-19	2.0534e-05	8.4274e-01	1.5724e-01	1.1755e-36	6.2384e-03	9.9376e-01	2.2786e-19	1.1755e-36	1.1755e-36	1.1755e-36	1.5543e-28	0.00e+00	0.00e+00	1.2014e+01
2.64251e+20	8.3944e+03	2.699e-21	2.7826e+01	2.7683e+01	1.0986e-15	6.6167e-03	9.9338e-01	1.0000e+00	2.0733e-06	1.1755e-36	2.9098e-19	2.0811e-05	8.5377e-01	1.4621e-01	1.1755e-36	7.1472e-03	9.9285e-01	2.1762e-19	1.1755e-36	1.1755e-36	1.1755e-36	2.7819e-28	0.00e+00	0.00e+00	1.2393e+01
2.64560e+20	8.3871e+03	2.723e-21	2.7826e+01	2.7660e+01	1.5249e-15	7.4770e-03	9.9252e-01	1.0000e+00	1.6260e-06	1.1755e-36	3.9734e-19	2.1073e-05	8.6421e-01	1.3577e-01	1.1755e-36	8.1844e-03	9.9182e-01	2.0284e-19	1.1755e-36	1.1755e-36	1.1755e-36	4.7390e-28	0.00e+00	0.00e+00	1.2777e+01
2.64838e+20	8.3744e+03	2.748e-21	2.7826e+01	2.7634e+01	2.0901e-15	8.4550e-03	9.9154e-01	1.0000e+00	1.3035e-06	1.1755e-36	5.3813e-19	2.1321e-05	8.7406e-01	1.2592e-01	1.1755e-36	9.3684e-03	9.9063e-01	1.8283e-19	1.1755e-36	1.1755e-36	1.1755e-36	7.8236e-28	0.00e+00	0.00e+00	1.3167e+01
2.65088e+20	8.3601e+03	2.772e-21	2.7826e+01	2.7604e+01	2.8385e-15	9.5696e-03	9.9043e-01	1.0000e+00	1.0612e-06	1.1755e-36	7.2473e-19	2.1555e-05	8.8337e-01	1.1661e-01	1.1755e-36	1.0723e-02	9.8928e-01	1.6291e-19	1.1755e-36	1.1755e-36	1.1755e-36	1.2645e-27	0.00e+00	0.00e+00	1.3566e+01
2.65314e+20	8.3392e+03	2.796e-21	2.7826e+01	2.7570e+01	3.8540e-15	1.0857e-02	9.8914e-01	1.0000e+00	8.7191e-07	1.1755e-36	9.7519e-19	2.1778e-05	8.9225e-01	1.0773e-01	1.1755e-36	1.2292e-02	9.8771e-01	1.3929e-19	1.1755e-36	1.1755e-36	1.1755e-36	2.0230e-27	0.00e+00	0.00e+00	1.3978e+01
2.65521e+20	8.3135e+03	2.820e-21	2.7826e+01	2.7531e+01	5.2481e-15	1.2358e-02	9.8764e-01	1.0000e+00	7.2057e-07	1.1755e-36	1.3151e-18	2.1992e-05	9.0077e-01	9.9210e-02	1.1755e-36	1.4126e-02	9.8587e-01	1.1542e-19	1.1755e-36	1.1755e-36	1.1755e-36	3.2263e-27	0.00e+00	0.00e+00	1.4407e+01
2.65711e+20	8.2819e+03	2.844e-21	2.7826e+01	2.7485e+01	7.1972e-15	1.4131e-02	9.8587e-01	1.0000e+00	5.9716e-07	1.1755e-36	1.7827e-18	2.2198e-05	9.0897e-01	9.1010e-02	1.1755e-36	1.6296e-02	9.8370e-01	9.2073e-20	1.1755e-36	1.1755e-36	1.1755e-36	5.1585e-27	0.00e+00	0.00e+00	1.4858e+01
2.65885e+20	8.2439e+03	2.868e-21	2.7826e+01	2.7430e+01	9.9801e-15	1.6251e-02	9.8375e-01	1.0000e+00	4.9512e-07	1.1755e-36	2.4371e-18	2.2395e-05	9.1690e-01	8.3076e-02	1.1755e-36	1.8896e-02	9.8110e-01	7.0563e-20	1.1755e-36	1.1755e-36	1.1755e-36	8.3191e-27	0.00e+00	0.00e+00	1.5336e+01
2.66047e+20	8.2020e+03	2.890e-21	2.7826e+01	2.7348e+01	1.4072e-14	1.8821e-02	9.8118e-01	1.0000e+00	4.0514e-07	1.1755e-36	3.3767e-18	2.2542e-05	9.2458e-01	7.5397e-02	1.1755e-36	2.2053e-02	9.7795e-01	5.2639e-20	1.1755e-36	1.1755e-36	1.1755e-36	1.3680e-26	0.00e+00	0.00e+00	1.5852e+01
2.66199e+20	8.1480e+03	2.912e-21	2.7826e+01	2.7244e+01	2.0287e-14	2.2043e-02	9.7796e-01	1.0000e+00	3.3237e-07	1.1755e-36	4.7615e-18	2.2711e-05	9.3216e-01	6.7819e-02	1.1755e-36	2.6012e-02	9.7399e-01	3.6629e-20	1.1755e-36	1.1755e-36	1.1755e-36	2.2912e-26	0.00e+00	0.00e+00	1.6421e+01
2.66343e+20	8.0814e+03	2.935e-21	2.7826e+01	2.7127e+01	3.0384e-14	2.6254e-02	9.7375e-01	1.0000e+00	2.6997e-07	1.1755e-36	6.9307e-18	2.2874e-05	9.3979e-01	6.0191e-02	1.1755e-36	3.1188e-02	9.6881e-01	2.3853e-20	1.1755e-36	1.1755e-36	1.1755e-36	4.0105e-26	0.00e+00	0.00e+00	1.7072e+01
2.66474e+20	8.0047e+03	2.956e-21	2.7826e+01	2.6975e+01	4.6915e-14	3.1696e-02	9.6830e-01	1.0000e+00	2.1586e-07	1.1755e-36	1.0336e-17	2.3010e-05	9.4715e-01	5.2826e-02	1.1755e-36	3.7873e-02	9.6213e-01	1.4993e-20	1.1755e-36	1.1755e-36	1.1755e-36	7.2523e-26	0.00e+00	0.00e+00	1.7756e+01
2.66586e+20	7.9240e+03	2.970e-21	2.7826e+01	2.6792e+01	7.2446e-14	3.8274e-02	9.6173e-01	1.0000e+00	1.7404e-07	1.1755e-36	1.5355e-17	2.3100e-05	9.5373e-01	4.6249e-02	1.1755e-36	4.5944e-02	9.5406e-01	9.9311e-21	1.1755e-36	1.1755e-36	1.1755e-36	1.2998e-25	0.00e+00	0.00e+00	1.8426e+01
2.66677e+20	7.8387e+03	2.983e-21	2.7826e+01	2.6644e+01	1.1104e-13	4.6041e-02	9.5396e-01	1.0000e+00	1.4266e-07	1.1755e-36	2.2559e-17	2.3194e-05	9.5951e-01	4.0464e-02	1.1755e-36	5.5451e-02	9.4455e-01	7.2235e-21	1.1755e-36	1.1755e-36	1.1755e-36	2.2929e-25	0.00e+00	0.00e+00	1.9094e+01
2.66754e+20	7.7587e+03	2.981e-21	2.7826e+01	2.6421e+01	1.6844e-13	5.5213e-02	9.4479e-01	1.0000e+00	1.1767e-07	1.1755e-36	3.2818e-17	2.3212e-05	9.6458e-01	3.5393e-02	1.1755e-36	6.6647e-02	9.3335e-01	5.8001e-21	1.1755e-36	1.1755e-36	1.1755e-36	3.9682e-25	0.00e+00	0.00e+00	1.9794e+01
2.66824e+20	7.6706e+03	2.955e-21	2.7826e+01	2.6032e+01	2.5947e-13	6.6596e-02	9.3340e-01	1.0000e+00	9.6466e-08	1.1755e-36	4.8104e-17	2.3053e-05	9.6922e-01	3.0756e-02	1.1755e-36	8.0494e-02	9.1951e-01	4.8022e-21	1.1755e-36	1.1755e-36	1.1755e-36	6.8739e-25	0.00e+00	0.00e+00	2.0585e+01
2.66890e+20	7.5815e+03	2.912e-21	2.7826e+01	2.5589e+01	4.1624e-13	8.1946e-02	9.1805e-01	1.0000e+00	7.7230e-08	1.1755e-36	7.3252e-17	2.2888e-05	9.7377e-01	2.6205e-02	1.1755e-36	9.9057e-02	9.0094e-01	3.9770e-21	1.1755e-36	1.1755e-36	1.1755e-36	1.2573e-24	0.00e+00	0.00e+00	2.1513e+01
2.66950e+20	7.4802e+03	2.843e-21	2.7826e+01	2.5010e+01	6.9124e-13	1.0226e-01	8.9774e-01	1.0000e+00	6.0210e-08	1.1755e-36	1.1431e-16	2.2571e-05	9.7801e-01	2.1969e-02	1.1755e-36	1.2344e-01	8.7656e-01	3.2391e-21	1.1755e-36	1.1755e-36	1.1755e-36	2.3648e-24	0.00e+00	0.00e+00	2.2496e+01
2.66998e+20	7.3760e+03	2.749e-21	2.7826e+01	2.4329e+01	1.1331e-12	1.2674e-01	8.7326e-01	1.0000e+00	4.7489e-08	1.1755e-36	1.7527e-16	2.2138e-05	9.8158e-01	1.8398e-02	1.1755e-36	1.5251e-01	8.4749e-01	2.6898e-21	1.1755e-36	1.1755e-36	1.1755e-36	4.3011e-24	0.00e+00	0.00e+00	2.3442e+01
2.67036e+20	7.2709e+03	2.633e-21	2.7826e+01	2.3567e+01	1.7876e-12	1.5414e-01	8.4586e-01	1.0000e+00	3.8508e-08	1.1755e-36	2.5792e-16	2.1603e-05	9.8444e-01	1.5542e-02	1.1755e-36	1.8466e-01	8.1534e-01	2.2852e-21	1.1755e-36	1.1755e-36	1.1755e-36	7.3045e-24	0.00e+00	0.00e+00	2.4357e+01
2.67068e+20	7.1578e+03	2.496e-21	2.7826e+01	2.2708e+01	2.7612e-12	1.8508e-01	8.1492e-01	1.0000e+00	3.1551e-08	1.1755e-36	3.6910e-16	2.0955e-05	9.8680e-01	1.3176e-02	1.1755e-36	2.2049e-01	7.7951e-01	1.9416e-21	1.1755e-36	1.1755e-36	1.1755e-36	1.1790e-23	0.00e+00	0.00e+00	2.5309e+01
2.67096e+20	7.0261e+03	2.331e-21	2.7826e+01	2.1691e+01	4.2770e-12	2.2138e-01	7.7862e-01	1.0000e+00	2.5790e-08	1.1755e-36	5.2272e-16	2.0159e-05	9.8887e-01	1.1114e-02	1.1755e-36	2.6187e-01	7.3813e-01	1.6220e-21	1.1755e-36	1.1755e-36	1.1755e-36	1.8441e-23	0.00e+00	0.00e+00	2.6335e+01
2.67120e+20	6.8714e+03	2.143e-21	2.7826e+01	2.0530e+01	6.6287e-12	2.6310e-01	7.3690e-01	1.0000e+00	2.0919e-08	1.1755e-36	7.2948e-16	1.9214e-05	9.9065e-01	9.3342e-03	1.1755e-36	3.0859e-01	6.9141e-01	1.3347e-21	1.1755e-36	1.1755e-36	1.1755e-36	2.7709e-23	0.00e+00	0.00e+00	2.7376e+01
2.67140e+20	6.7111e+03	1.961e-21	2.7826e+01	1.9379e+01	9.7650e-12	3.0442e-01	6.9558e-01	1.0000e+00	1.7222e-08	1.1755e-36	9.6546e-16	1.8254e-05	9.9201e-01	7.9681e-03	1.1755e-36	3.5399e-01	6.4601e-01	1.1153e-21	1.1755e-36	1.1755e-36	1.1755e-36	3.8133e-23	0.00e+00	0.00e+00	2.8228e+01
2.67153e+20	6.5704e+03	1.815e-21	2.7826e+01	1.8447e+01	1.3131e-11	3.3857e-01	6.6143e-01	1.0000e+00	1.5068e-08	1.1755e-36	1.1840e-15	1.7459e-05	9.9294e-01	7.0427e-03	1.1755e-36	3.9087e-01	6.0913e-01	9.7362e-22	1.1755e-36	1.1755e-36	1.1755e-36	4.7357e-23	0.00e+00	0.00e+00	2.8867e+01
2.67162e+20	6.4489e+03	1.698e-21	2.7826e+01	1.7666e+01	1.6480e-11	3.6600e-01	6.3400e-01	1.0000e+00	1.3831e-08	1.1755e-36	1.3749e-15	1.6792e-05	9.9358e-01	6.4040e-03	1.1755e-36	4.2009e-01	5.7991e-01	8.7826e-22	1.1755e-36	1.1755e-36	1.1755e-36	5.4638e-23	0.00e+00	0.00e+00	2.9413e+01
2.67171e+20	6.3308e+03	1.594e-21	2.7826e+01	1.6959e+01	2.0181e-11	3.9133e-01	6.0867e-01	1.0000e+00	1.2750e-08	1.1755e-36	1.5640e-15	1.6183e-05	9.9410e-01	5.8790e-03	1.1755e-36	4.4677e-01	5.5323e-01	7.9984e-22	1.1755e-36	1.1755e-36	1.1755e-36	6.1286e-23	0.00e+00	0.00e+00	2.9941e+01
2.67178e+20	6.2054e+03	1.492e-21	2.7826e+01	1.6250e+01	2.4592e-11	4.1676e-01	5.8324e-01	1.0000e+00	1.1730e-08	1.1755e-36	1.7666e-15	1.5568e-05	9.9458e-01	5.4041e-03	1.1755e-36	4.7324e-01	5.2676e-01	7.2859e-22	1.1755e-36	1.1755e-36	1.1755e-36	6.7633e-23	0.00e+00	0.00e+00	3.0481e+01
2.67185e+20	6.0734e+03	1.393e-21	2.7826e+01	1.5541e+01	2.9790e-11	4.4211e-01	5.5789e-01	1.0000e+00	1.0756e-08	1.1755e-36	1.9818e-15	1.4950e-05	9.9501e-01	4.9735e-03	1.1755e-36	4.9934e-01	5.0066e-01	6.6414e-22	1.1755e-36	1.1755e-36	1.1755e-36	7.3464e-23	0.00e+00	0.00e+00	3.1006e+01
2.67191e+20	5.9390e+03	1.302e-21	2.7826e+01	1.4875e+01	3.5626e-11	4.6622e-01	5.3378e-01	1.0000e+00	9.9357e-09	1.1755e-36	2.1995e-15	1.4370e-05	9.9539e-01	4.5979e-03	1.1755e-36	5.2390e-01	4.7610e-01	6.0848e-22	1.1755e-36	1.1755e-36	1.1755e-36	7.8469e-23	0.00e+00	0.00e+00	3.1492e+01
2.67197e+20	5.8083e+03	1.220e-21	2.7826e+01	1.4254e+01	4.1840e-11	4.8852e-01	5.1148e-01	1.0000e+00	9.2810e-09	1.1755e-36	2.4130e-15	1.3824e-05	9.9571e-01	4.2768e-03	1.1755e-36	5.4639e-01	4.5361e-01	5.6132e-22	1.1755e-36	1.1755e-36	1.1755e-36	8.2441e-23	0.00e+00	0.00e+00	3.1946e+01
2.67202e+20	5.6785e+03	1.145e-21	2.7826e+01	1.3670e+01	4.8478e-11	5.0953e-01	4.9047e-01	1.0000e+00	8.7207e-09	1.1755e-36	2.6257e-15	1.3309e-05	9.9599e-01	3.9950e-03	1.1755e-36	5.6737e-01	4.3263e-01	5.2032e-22	1.1755e-36	1.1755e-36	1.1755e-36	8.5550e-23	0.00e+00	0.00e+00	3.2381e+01
2.67207e+20	5.5462e+03	1.075e-21	2.7826e+01	1.3109e+01	5.5613e-11	5.2968e-01	4.7032e-01	1.0000e+00	8.2169e-09	1.1755e-36	2.8409e-15	1.2815e-05	9.9625e-01	3.7416e-03	1.1755e-36	5.8732e-01	4.1268e-01	4.8381e-22	1.1755e-36	1.1755e-36	1.1755e-36	8.7886e-23	0.00e+00	0.00e+00	3.2805e+01
2.67211e+20	5.4401e+03	1.022e-21	2.7826e+01	1.2672e+01	6.1580e-11	5.4538e-01	4.5462e-01	1.0000e+00	7.7394e-09	1.1755e-36	3.0170e-15	1.2426e-05	9.9644e-01	3.5512e-03	1.1755e-36	6.0275e-01	3.9725e-01	4.5689e-22	1.1755e-36	1.1755e-36	1.1755e-36	8.9229e-23	0.00e+00	0.00e+00	3.3085e+01
2.67213e+20	5.3504e+03	9.806e-22	2.7826e+01	1.2324e+01	6.6672e-11	5.5788e-01	4.4212e-01	1.0000e+00	7.5804e-09	1.1755e-36	3.1624e-15	1.2120e-05	9.9658e-01	3.4082e-03	1.1755e-36	6.1495e-01	3.8505e-01	4.3687e-22	1.1755e-36	1.1755e-36	1.1755e-36	8.9976e-23	0.00e+00	0.00e+00	3.3347e+01
2.67216e+20	5.2613e+03	9.407e-22	2.7826e+01	1.1985e+01	7.1798e-11	5.7013e-01	4.2987e-01	1.0000e+00	7.3394e-09	1.1755e-36	3.3102e-15	1.1818e-05	9.9671e-01	3.2732e-03	1.1755e-36	6.2686e-01	3.7314e-01	4.1793e-22	1.1755e-36	1.1755e-36	1.1755e-36	9.0468e-23	0.00e+00	0.00e+00	3.3619e+01
2.67219e+20	5.1631e+03	9.002e-22	2.7826e+01	1.1630e+01	7.7356e-11	5.8285e-01	4.1715e-01	1.0000e+00	7.0755e-09	1.1755e-36	3.4692e-15	1.1507e-05	9.9685e-01	3.1384e-03	1.1755e-36	6.3915e-01	3.6085e-01	3.9912e-22	1.1755e-36	1.1755e-36	1.1755e-36	9.0614e-23	0.00e+00	0.00e+00	3.3905e+01
2.67222e+20	5.0612e+03	8.600e-22	2.7826e+01	1.1272e+01	8.3033e-11	5.9574e-01	4.0426e-01	1.0000e+00	6.8076e-09	1.1755e-36	3.6363e-15	1.1192e-05	9.9698e-01	3.0062e-03	1.1755e-36	6.5154e-01	3.4846e-01	3.8074e-22	1.1755e-36	1.1755e-36	1.1755e-36	9.0473e-23	0.00e+00	0.00e+00	3.4192e+01
2.67224e+20	4.9550e+03	8.213e-22	2.7826e+01	1.0919e+01	8.8589e-11	6.0853e-01	3.9147e-01	1.0000e+00	6.5603e-09	1.1755e-36	3.8077e-15	1.0883e-05	9.9711e-01	2.8767e-03	1.1755e-36	6.6379e-01	3.3621e-01	3.6321e-22	1.1755e-36	1.1755e-36	1.1755e-36	8.9905e-23	0.00e+00	0.00e+00	3.4478e+01
2.67227e+20	4.8439e+03	7.834e-22	2.7826e+01	1.0565e+01	9.3816e-11	6.2130e-01	3.7870e-01	1.0000e+00	6.3337e-09	1.1755e-36	3.9845e-15	1.0573e-05	9.9724e-01	2.7481e-03	1.1755e-36	6.7594e-01	3.2406e-01	3.4643e-22	1.1755e-36	1.1755e-36	1.1755e-36	8.8745e-23	0.00e+00	0.00e+00	3.4769e+01
2.67230e+20	4.7331e+03	7.458e-22	2.7826e+01	1.0205e+01	9.8506e-11	6.3392e-01	3.6608e-01	1.0000e+00	6.1174e-09	1.1755e-36	4.1681e-15	1.0257e-05	9.9737e-01	2.6245e-03	1.1755e-36	6.8789e-01	3.1211e-01	3.3036e-22	1.1755e-36	1.1755e-36	1.1755e-36	8.7093e-23	0.00e+00	0.00e+00	3.5067e+01
2.67232e+20	4.6120e+03	7.092e-22	2.7826e+01	9.8459e+00	1.0301e-10	6.4685e-01	3.5315e-01	1.0000e+00	5.9011e-09	1.1755e-36	4.3619e-15	9.9464e-06	9.9749e-01	2.5015e-03	1.1755e-36	7.0007e-01	2.9993e-01	3.1459e-22	1.1755e-36	1.1755e-36	1.1755e-36	8.5116e-23	0.00e+00	0.00e+00	3.5371e+01
2.67235e+20	4.4863e+03	6.733e-22	2.7826e+01	9.4849e+00	1.0690e-10	6.5982e-01	3.4018e-01	1.0000e+00	5.6950e-09	1.1755e-36	4.5649e-15	9.6365e-06	9.9761e-01	2.3815e-03	1.1755e-36	7.1223e-01	2.8777e-01	2.9932e-22	1.1755e-36	1.1755e-36	1.1755e-36	8.2730e-23	0.00e+00	0.00e+00	3.5681e+01
2.67238e+20	4.3517e+03	6.382e-22	2.7826e+01	9.1225e+00	1.1016e-10	6.7297e-01	3.2703e-01	1.0000e+00	5.4936e-09	1.1755e-36	4.7783e-15	9.3310e-06	9.9773e-01	2.2635e-03	1.1755e-36	7.2449e-01	2.7551e-01	2.8446e-22	1.1755e-36	1.1755e-36	1.1755e-36	7.9950e-23	0.00e+00	0.00e+00	3.5996e+01
2.67240e+20	4.2151e+03	6.038e-22	2.7826e+01	8.7596e+00	1.1244e-10	6.8601e-01	3.1399e-01	1.0000e+00	5.3060e-09	1.1755e-36	5.0012e-15	9.0264e-06	9.9784e-01	2.1496e-03	1.1755e-36	7.3659e-01	2.6341e-01	2.7015e-22	1.1755e-36	1.1755e-36	1.1755e-36	7.6783e-23	0.00e+00	0.00e+00	3.6319e+01
2.67243e+20	4.0730e+03	5.703e-22	2.7826e+01	8.3968e+00	1.1378e-10	6.9907e-01	3.0093e-01	1.0000e+00	5.1274e-09	1.1755e-36	5.2349e-15	8.7269e-06	9.9795e-01	2.0388e-03	1.1755e-36	7.4864e-01	2.5136e-01	2.5631e-22	1.1755e-36	1.1755e-36	1.1755e-36	7.3275e-23	0.00e+00	0.00e+00	3.6647e+01
2.67246e+20	3.9255e+03	5.378e-22	2.7826e+01	8.0346e+00	1.1414e-10	7.1210e-01	2.8790e-01	1.0000e+00	4.9588e-09	1.1755e-36	5.4799e-15	8.4337e-06	9.9806e-01	1.9314e-03	1.1755e-36	7.6061e-01	2.3939e-01	2.4293e-22	1.1755e-36	1.1755e-36	1.1755e-36	6.9464e-23	0.00e+00	0.00e+00	3.6981e+01
###########################
2.02451e+14	5.4872e+03	2.581e-21	2.7826e+01	3.0292e+01	6.5162e-19	6.3334e-05	9.9994e-01	5.4216e-04	9.8205e-01	1.7408e-02	1.1487e-26	1.3918e-07	9.8750e-03	9.7938e-01	1.0741e-02	1.2645e-06	4.4255e-02	9.4532e-01	1.0424e-02	1.1755e-36	1.1755e-36	1.0014e-35	0.00e+00	0.00e+00	4.5044e-06
1.21471e+15	5.4784e+03	2.583e-21	2.7826e+01	3.0290e+01	6.7024e-19	6.3428e-05	9.9994e-01	5.4269e-04	9.8208e-01	1.7376e-02	1.1716e-26	1.3998e-07	9.9131e-03	9.7934e-01	1.0743e-02	1.2672e-06	4.4278e-02	9.4534e-01	1.0384e-02	1.1755e-36	1.1755e-36	1.0464e-35	0.00e+00	0.00e+00	2.2549e-05
5.26372e+15	5.4791e+03	2.582e-21	2.7826e+01	3.0290e+01	6.7727e-19	6.3481e-05	9.9994e-01	5.4263e-04	9.8219e-01	1.7264e-02	1.1858e-26	1.4093e-07	9.9583e-03	9.7931e-01	1.0729e-02	1.2682e-06	4.4251e-02	9.4552e-01	1.0230e-02	1.1755e-36	1.1755e-36	1.0686e-35	0.00e+00	0.00e+00	9.4787e-05
2.14598e+16	5.4709e+03	2.582e-21	2.7826e+01	3.0289e+01	6.8465e-19	6.3606e-05	9.9994e-01	5.4347e-04	9.8280e-01	1.6661e-02	1.1984e-26	1.4256e-07	1.0007e-02	9.7933e-01	1.0666e-02	1.2717e-06	4.4275e-02	9.4608e-01	9.6386e-03	1.1755e-36	1.1755e-36	1.0764e-35	0.00e+00	0.00e+00	3.8431e-04
5.12606e+16	5.4710e+03	2.579e-21	2.7826e+01	3.0288e+01	6.4018e-19	6.3536e-05	9.9994e-01	5.4317e-04	9.8315e-01	1.6303e-02	1.1458e-26	1.4321e-07	1.0005e-02	9.7936e-01	1.0637e-02	1.2674e-06	4.4154e-02	9.4702e-01	8.8216e-03	1.1755e-36	1.1755e-36	9.3606e-36	0.00e+00	0.00e+00	7.6028e-04
9.00016e+16	5.4706e+03	2.576e-21	2.7826e+01	3.0286e+01	6.4629e-19	6.3488e-05	9.9994e-01	5.4335e-04	9.8409e-01	1.5362e-02	1.1503e-26	1.4411e-07	9.9987e-03	9.7944e-01	1.0556e-02	1.2646e-06	4.4075e-02	9.4808e-01	7.8437e-03	1.1755e-36	1.1755e-36	9.5265e-36	0.00e+00	0.00e+00	1.2487e-03
1.40365e+17	5.4704e+03	2.573e-21	2.7826e+01	3.0283e+01	6.3584e-19	6.3427e-05	9.9994e-01	5.4377e-04	9.8559e-01	1.3866e-02	1.1368e-26	1.4518e-07	9.9898e-03	9.7958e-01	1.0432e-02	1.2621e-06	4.4009e-02	9.4927e-01	6.7150e-03	1.1755e-36	1.1755e-36	9.2004e-36	0.00e+00	0.00e+00	1.8830e-03
2.05837e+17	5.4719e+03	2.567e-21	2.7826e+01	3.0277e+01	6.3184e-19	6.3335e-05	9.9994e-01	5.4427e-04	9.8761e-01	1.1843e-02	1.1312e-26	1.4621e-07	9.9773e-03	9.7975e-01	1.0270e-02	1.2598e-06	4.3962e-02	9.5057e-01	5.4701e-03	1.1755e-36	1.1755e-36	9.1026e-36	0.00e+00	0.00e+00	2.7063e-03
2.90951e+17	5.4698e+03	2.562e-21	2.7826e+01	3.0273e+01	6.3277e-19	6.3258e-05	9.9994e-01	5.4528e-04	9.9005e-01	9.4010e-03	1.1312e-26	1.4601e-07	9.9737e-03	9.7996e-01	1.0070e-02	1.2600e-06	4.3982e-02	9.5184e-01	4.1742e-03	1.1755e-36	1.1755e-36	9.1259e-36	0.00e+00	0.00e+00	3.7754e-03
4.01599e+17	5.4693e+03	2.557e-21	2.7826e+01	3.0267e+01	6.2215e-19	6.3158e-05	9.9994e-01	5.4619e-04	9.9266e-01	6.7930e-03	1.1200e-26	1.4676e-07	9.9637e-03	9.8018e-01	9.8545e-03	1.2608e-06	4.4028e-02	9.5304e-01	2.9274e-03	1.1755e-36	1.1755e-36	8.8339e-36	0.00e+00	0.00e+00	5.1631e-03
5.45442e+17	5.4682e+03	2.550e-21	2.7826e+01	3.0261e+01	6.1296e-19	6.3043e-05	9.9994e-01	5.4703e-04	9.9510e-01	4.3536e-03	1.1111e-26	1.4713e-07	9.9532e-03	9.8040e-01	9.6430e-03	1.2629e-06	4.4121e-02	9.5404e-01	1.8420e-03	1.1755e-36	1.1755e-36	8.5943e-36	0.00e+00	0.00e+00	6.9637e-03
7.32437e+17	5.4626e+03	2.544e-21	2.7826e+01	3.0255e+01	6.0097e-19	6.2945e-05	9.9994e-01	5.4782e-04	9.9705e-01	2.4011e-03	1.0978e-26	1.4751e-07	9.9380e-03	9.8061e-01	9.4491e-03	1.2669e-06	4.4262e-02	9.5473e-01	1.0104e-03	1.1755e-36	1.1755e-36	8.2278e-36	0.00e+00	0.00e+00	9.3009e-03
9.75531e+17	5.4554e+03	2.538e-21	2.7826e+01	3.0252e+01	6.0418e-19	6.2841e-05	9.9994e-01	5.4840e-04	9.9835e-01	1.1021e-03	1.1033e-26	1.4738e-07	9.9404e-03	9.8077e-01	9.2856e-03	1.2729e-06	4.4446e-02	9.5509e-01	4.6726e-04	1.1755e-36	1.1755e-36	8.2922e-36	0.00e+00	0.00e+00	1.2334e-02
1.29155e+18	5.4439e+03	2.531e-21	2.7826e+01	3.0249e+01	5.9788e-19	6.2744e-05	9.9994e-01	5.4891e-04	9.9905e-01	4.0521e-04	1.0967e-26	1.4740e-07	9.9385e-03	9.8092e-01	9.1398e-03	1.2796e-06	4.4639e-02	9.5518e-01	1.7547e-04	1.1755e-36	1.1755e-36	8.0389e-36	0.00e+00	0.00e+00	1.6271e-02
1.70238e+18	5.4315e+03	2.524e-21	2.7826e+01	3.0248e+01	5.9640e-19	6.2627e-05	9.9994e-01	5.4926e-04	9.9934e-01	1.1461e-04	1.0953e-26	1.4734e-07	9.9372e-03	9.8106e-01	8.9979e-03	1.2869e-06	4.4839e-02	9.5511e-01	5.1482e-05	1.1755e-36	1.1755e-36	7.9183e-36	0.00e+00	0.00e+00	2.1380e-02
2.23646e+18	5.4150e+03	2.516e-21	2.7826e+01	3.0248e+01	5.9567e-19	6.2514e-05	9.9994e-01	5.4982e-04	9.9943e-01	2.4039e-05	1.0950e-26	1.4732e-07	9.9413e-03	9.8122e-01	8.8349e-03	1.2966e-06	4.5086e-02	9.5490e-01	1.1430e-05	1.1755e-36	1.1755e-36	7.7815e-36	0.00e+00	0.00e+00	2.8010e-02
2.93076e+18	5.3957e+03	2.505e-21	2.7826e+01	3.0248e+01	5.9689e-19	6.2391e-05	9.9994e-01	5.5064e-04	9.9945e-01	3.6907e-06	1.0984e-26	1.4736e-07	9.9511e-03	9.8141e-01	8.6359e-03	1.3092e-06	4.5401e-02	9.5460e-01	1.9038e-06	1.1755e-36	1.1755e-36	7.6834e-36	0.00e+00	0.00e+00	3.6611e-02
3.83335e+18	5.3721e+03	2.493e-21	2.7826e+01	3.0249e+01	6.0030e-19	6.2275e-05	9.9994e-01	5.5200e-04	9.9945e-01	4.3234e-07	1.1066e-26	1.4757e-07	9.9715e-03	9.8164e-01	8.3863e-03	1.3265e-06	4.5824e-02	9.5417e-01	2.4632e-07	1.1755e-36	1.1755e-36	7.6137e-36	0.00e+00	0.00e+00	4.7773e-02
5.00672e+18	5.3450e+03	2.478e-21	2.7826e+01	3.0249e+01	5.9190e-19	6.2166e-05	9.9994e-01	5.5403e-04	9.9945e-01	4.1852e-08	1.1059e-26	1.4798e-07	1.0006e-02	9.8192e-01	8.0759e-03	1.3497e-06	4.6382e-02	9.5362e-01	1.1755e-36	1.1755e-36	1.1755e-36	7.2241e-36	0.00e+00	0.00e+00	6.2257e-02
6.53210e+18	5.3152e+03	2.459e-21	2.7826e+01	3.0249e+01	6.0425e-19	6.2059e-05	9.9994e-01	5.5697e-04	9.9944e-01	3.5030e-09	1.1338e-26	1.4873e-07	1.0060e-02	9.8225e-01	7.6917e-03	1.3802e-06	4.7117e-02	9.5288e-01	1.1755e-36	1.1755e-36	1.1755e-36	7.3628e-36	0.00e+00	0.00e+00	8.1053e-02
7.76398e+18	5.2700e+03	2.438e-21	2.7826e+01	3.0249e+01	5.9583e-19	6.1615e-05	9.9994e-01	5.5619e-04	9.9944e-01	5.4830e-10	1.1142e-26	1.4786e-07	1.0053e-02	9.8253e-01	7.4176e-03	1.3966e-06	4.7525e-02	9.5247e-01	1.1755e-36	1.1755e-36	1.1755e-36	6.8351e-36	0.00e+00	0.00e+00	8.9056e-02
8.54038e+18	5.2543e+03	2.430e-21	2.7826e+01	3.0249e+01	5.9624e-19	6.1590e-05	9.9994e-01	5.5778e-04	9.9944e-01	2.0548e-10	1.1228e-26	1.4832e-07	1.0089e-02	9.8267e-01	7.2392e-03	1.4126e-06	4.7892e-02	9.5211e-01	1.1755e-36	1.1755e-36	1.1755e-36	6.7625e-36	0.00e+00	0.00e+00	9.7856e-02
9.39442e+18	5.2382e+03	2.421e-21	2.7826e+01	3.0249e+01	6.0354e-19	6.1577e-05	9.9994e-01	5.5964e-04	9.9944e-01	7.5243e-11	1.1405e-26	1.4892e-07	1.0131e-02	9.8282e-01	7.0481e-03	1.4307e-06	4.8308e-02	9.5169e-01	1.1755e-36	1.1755e-36	1.1755e-36	6.8404e-36	0.00e+00	0.00e+00	1.0753e-01
1.03339e+19	5.2214e+03	2.411e-21	2.7826e+01	3.0249e+01	6.0899e-19	6.1577e-05	9.9994e-01	5.6180e-04	9.9944e-01	2.6941e-11	1.1578e-26	1.4962e-07	1.0179e-02	9.8298e-01	6.8437e-03	1.4511e-06	4.8770e-02	9.5123e-01	1.1755e-36	1.1755e-36	1.1755e-36	6.8702e-36	0.00e+00	0.00e+00	1.1818e-01
1.13672e+19	5.2034e+03	2.402e-21	2.7826e+01	3.0249e+01	6.1344e-19	6.1594e-05	9.9994e-01	5.6432e-04	9.9944e-01	9.4531e-12	1.1756e-26	1.5043e-07	1.0232e-02	9.8314e-01	6.6264e-03	1.4737e-06	4.9278e-02	9.5072e-01	1.1755e-36	1.1755e-36	1.1755e-36	6.8675e-36	0.00e+00	0.00e+00	1.2989e-01
1.25040e+19	5.1855e+03	2.391e-21	2.7826e+01	3.0249e+01	6.2125e-19	6.1623e-05	9.9994e-01	5.6720e-04	9.9943e-01	3.2713e-12	1.1998e-26	1.5137e-07	1.0293e-02	9.8331e-01	6.3949e-03	1.4989e-06	4.9846e-02	9.5015e-01	1.1755e-36	1.1755e-36	1.1755e-36	6.9461e-36	0.00e+00	0.00e+00	1.4278e-01
1.37544e+19	5.1666e+03	2.381e-21	2.7826e+01	3.0249e+01	6.2775e-19	6.1675e-05	9.9994e-01	5.7056e-04	9.9943e-01	1.1349e-12	1.2252e-26	1.5247e-07	1.0363e-02	9.8349e-01	6.1492e-03	1.5273e-06	5.0481e-02	9.4952e-01	1.1755e-36	1.1755e-36	1.1755e-36	6.9882e-36	0.00e+00	0.00e+00	1.5697e-01
1.51298e+19	5.1474e+03	2.369e-21	2.7826e+01	3.0249e+01	6.2212e-19	6.1749e-05	9.9994e-01	5.7443e-04	9.9943e-01	4.1109e-13	1.2403e-26	1.5374e-07	1.0443e-02	9.8367e-01	5.8897e-03	1.5593e-06	5.1190e-02	9.4881e-01	1.1755e-36	1.1755e-36	1.1755e-36	6.7534e-36	0.00e+00	0.00e+00	1.7260e-01
1.66428e+19	5.1275e+03	2.357e-21	2.7826e+01	3.0248e+01	6.3814e-19	6.1853e-05	9.9994e-01	5.7892e-04	9.9942e-01	1.6844e-13	1.2834e-26	1.5522e-07	1.0535e-02	9.8385e-01	5.6162e-03	1.5954e-06	5.1987e-02	9.4801e-01	1.1755e-36	1.1755e-36	1.1755e-36	7.0058e-36	0.00e+00	0.00e+00	1.8982e-01
1.83071e+19	5.1074e+03	2.345e-21	2.7826e+01	3.0248e+01	6.4385e-19	6.1990e-05	9.9994e-01	5.8410e-04	9.9942e-01	8.5876e-14	1.3198e-26	1.5693e-07	1.0639e-02	9.8403e-01	5.3295e-03	1.6361e-06	5.2880e-02	9.4712e-01	1.1755e-36	1.1755e-36	1.1755e-36	7.0286e-36	0.00e+00	0.00e+00	2.0881e-01
2.01378e+19	5.0869e+03	2.332e-21	2.7826e+01	3.0248e+01	6.5623e-19	6.2168e-05	9.9994e-01	5.9014e-04	9.9941e-01	5.5504e-14	1.3695e-26	1.5893e-07	1.0759e-02	9.8421e-01	5.0298e-03	1.6826e-06	5.3891e-02	9.4611e-01	1.1755e-36	1.1755e-36	1.1755e-36	7.1989e-36	0.00e+00	0.00e+00	2.2975e-01
2.21516e+19	5.0665e+03	2.319e-21	2.7826e+01	3.0248e+01	6.6785e-19	6.2390e-05	9.9994e-01	5.9714e-04	9.9940e-01	4.2031e-14	1.4254e-26	1.6126e-07	1.0896e-02	9.8439e-01	4.7184e-03	1.7355e-06	5.5035e-02	9.4496e-01	1.1755e-36	1.1755e-36	1.1755e-36	7.3580e-36	0.00e+00	0.00e+00	2.5287e-01
2.43667e+19	5.0460e+03	2.306e-21	2.7826e+01	3.0248e+01	6.5078e-19	6.2670e-05	9.9994e-01	6.0532e-04	9.9939e-01	3.4192e-14	1.4547e-26	1.6398e-07	1.1054e-02	9.8455e-01	4.3961e-03	1.7964e-06	5.6341e-02	9.4366e-01	1.1755e-36	1.1755e-36	1.1755e-36	6.8712e-36	0.00e+00	0.00e+00	2.7842e-01
2.68034e+19	5.0263e+03	2.292e-21	2.7826e+01	3.0248e+01	6.4501e-19	6.3010e-05	9.9994e-01	6.1483e-04	9.9939e-01	2.8473e-14	1.5058e-26	1.6715e-07	1.1237e-02	9.8470e-01	4.0651e-03	1.8664e-06	5.7831e-02	9.4217e-01	1.1755e-36	1.1755e-36	1.1755e-36	6.6413e-36	0.00e+00	0.00e+00	3.0667e-01
2.94837e+19	5.0063e+03	2.278e-21	2.7826e+01	3.0248e+01	6.6949e-19	6.3434e-05	9.9994e-01	6.2606e-04	9.9937e-01	2.3775e-14	1.6095e-26	1.7090e-07	1.1449e-02	9.8482e-01	3.7264e-03	1.9483e-06	5.9556e-02	9.4044e-01	1.1755e-36	1.1755e-36	1.1755e-36	7.0892e-36	0.00e+00	0.00e+00	3.3796e-01
3.24321e+19	4.9874e+03	2.263e-21	2.7826e+01	3.0248e+01	6.8390e-19	6.3946e-05	9.9994e-01	6.3927e-04	9.9936e-01	1.9747e-14	1.7185e-26	1.7532e-07	1.1696e-02	9.8492e-01	3.3832e-03	2.0441e-06	6.1557e-02	9.3844e-01	1.1755e-36	1.1755e-36	1.1755e-36	7.3499e-36	0.00e+00	0.00e+00	3.7265e-01
3.56753e+19	4.9706e+03	2.248e-21	2.7826e+01	3.0248e+01	7.0480e-19	6.4557e-05	9.9994e-01	6.5484e-04	9.9935e-01	1.6257e-14	1.8592e-26	1.8053e-07	1.1984e-02	9.8498e-01	3.0383e-03	2.1569e-06	6.3890e-02	9.3611e-01	1.1755e-36	1.1755e-36	1.1755e-36	7.7937e-36	0.00e+00	0.00e+00	4.1118e-01
3.92428e+19	4.9553e+03	2.233e-21	2.7826e+01	3.0248e+01	7.1188e-19	6.5296e-05	9.9993e-01	6.7341e-04	9.9933e-01	1.3235e-14	2.0099e-26	1.8674e-07	1.2324e-02	9.8498e-01	2.6946e-03	2.2917e-06	6.6650e-02	9.3335e-01	1.1755e-36	1.1755e-36	1.1755e-36	7.9529e-36	0.00e+00	0.00e+00	4.5405e-01
4.31671e+19	4.9427e+03	2.218e-21	2.7826e+01	3.0248e+01	7.1024e-19	6.6183e-05	9.9993e-01	6.9569e-04	9.9930e-01	1.0634e-14	2.1846e-26	1.9420e-07	1.2727e-02	9.8492e-01	2.3557e-03	2.4544e-06	6.9943e-02	9.3005e-01	1.1755e-36	1.1755e-36	1.1755e-36	7.9475e-36	0.00e+00	0.00e+00	5.0184e-01
4.74838e+19	4.9336e+03	2.202e-21	2.7826e+01	3.0247e+01	7.4922e-19	6.7244e-05	9.9993e-01	7.2263e-04	9.9928e-01	8.4124e-15	2.4796e-26	2.0321e-07	1.3209e-02	9.8477e-01	2.0256e-03	2.6536e-06	7.3924e-02	9.2607e-01	1.1755e-36	1.1755e-36	1.1755e-36	8.9805e-36	0.00e+00	0.00e+00	5.5525e-01
5.22322e+19	4.9292e+03	2.186e-21	2.7826e+01	3.0247e+01	7.6223e-19	6.8513e-05	9.9993e-01	7.5555e-04	9.9924e-01	6.5353e-15	2.8109e-26	2.1421e-07	1.3791e-02	9.8450e-01	1.7083e-03	2.9017e-06	7.8818e-02	9.2118e-01	1.1755e-36	1.1755e-36	1.1755e-36	9.5058e-36	0.00e+00	0.00e+00	6.1512e-01
5.74554e+19	4.9316e+03	2.169e-21	2.7826e+01	3.0247e+01	7.9910e-19	7.0037e-05	9.9993e-01	7.9668e-04	9.9920e-01	4.9620e-15	3.3823e-26	2.2811e-07	1.4524e-02	9.8407e-01	1.4081e-03	3.2862e-06	8.6742e-02	9.1325e-01	1.1755e-36	1.1755e-36	1.1755e-36	1.1083e-35	0.00e+00	0.00e+00	6.8244e-01
6.32010e+19	4.9410e+03	2.152e-21	2.7826e+01	3.0246e+01	8.0280e-19	7.1859e-05	9.9993e-01	8.4796e-04	9.9915e-01	3.6715e-15	3.9997e-26	2.4525e-07	1.5411e-02	9.8346e-01	1.1276e-03	3.7078e-06	9.4815e-02	9.0518e-01	1.1755e-36	1.1755e-36	1.1755e-36	1.1765e-35	0.00e+00	0.00e+00	7.5841e-01
6.95211e+19	4.9599e+03	2.135e-21	2.7826e+01	3.0246e+01	8.4931e-19	7.4050e-05	9.9993e-01	9.1390e-04	9.9909e-01	2.6306e-15	5.0145e-26	2.6697e-07	1.6528e-02	9.8260e-01	8.7356e-04	4.2693e-06	1.0535e-01	8.9464e-01	1.1755e-36	1.1755e-36	1.1755e-36	1.4209e-35	0.00e+00	0.00e+00	8.4454e-01
7.64732e+19	4.9860e+03	2.119e-21	2.7826e+01	3.0245e+01	8.9920e-19	7.6766e-05	9.9992e-01	1.0012e-03	9.9900e-01	1.8090e-15	6.5679e-26	2.9597e-07	1.7995e-02	9.8136e-01	6.4852e-04	5.0550e-06	1.1973e-01	8.8026e-01	1.1755e-36	1.1755e-36	1.1755e-36	1.7570e-35	0.00e+00	0.00e+00	9.4274e-01
8.36503e+19	5.0346e+03	2.099e-21	2.7826e+01	3.0244e+01	9.2109e-19	7.9610e-05	9.9992e-01	1.1103e-03	9.9889e-01	1.1923e-15	8.7663e-26	3.3116e-07	1.9775e-02	9.7976e-01	4.6890e-04	6.0999e-06	1.3863e-01	8.6137e-01	1.1755e-36	1.1755e-36	1.1755e-36	2.1364e-35	0.00e+00	0.00e+00	1.0416e+00
9.04012e+19	5.0932e+03	2.080e-21	2.7826e+01	3.0243e+01	9.4898e-19	8.2488e-05	9.9992e-01	1.2390e-03	9.9876e-01	7.9654e-16	1.1948e-25	3.7181e-07	2.1825e-02	9.7784e-01	3.3755e-04	7.4233e-06	1.6216e-01	8.3784e-01	1.1755e-36	1.1755e-36	1.1755e-36	2.7112e-35	0.00e+00	0.00e+00	1.1348e+00
9.66166e+19	5.1662e+03	2.060e-21	2.7826e+01	3.0242e+01	9.6164e-19	8.5301e-05	9.9991e-01	1.3888e-03	9.9861e-01	5.4512e-16	1.6355e-25	4.1794e-07	2.4142e-02	9.7561e-01	2.4286e-04	9.0626e-06	1.9077e-01	8.0922e-01	1.1755e-36	1.1755e-36	1.1755e-36	3.4324e-35	0.00e+00	0.00e+00	1.2247e+00
1.02545e+20	5.2587e+03	2.038e-21	2.7826e+01	3.0241e+01	9.3930e-19	8.8074e-05	9.9991e-01	1.5701e-03	9.9843e-01	3.7179e-16	2.2526e-25	4.7203e-07	2.6853e-02	9.7297e-01	1.7238e-04	1.1158e-05	2.2673e-01	7.7326e-01	1.1755e-36	1.1755e-36	1.1755e-36	4.2343e-35	0.00e+00	0.00e+00	1.3153e+00
1.08359e+20	5.3788e+03	2.010e-21	2.7826e+01	3.0240e+01	9.2660e-19	9.0753e-05	9.9991e-01	1.7977e-03	9.9820e-01	2.4720e-16	3.2250e-25	5.3728e-07	3.0129e-02	9.6975e-01	1.1926e-04	1.3931e-05	2.7365e-01	7.2634e-01	1.1755e-36	1.1755e-36	1.1755e-36	5.6997e-35	0.00e+00	0.00e+00	1.4073e+00
1.14035e+20	5.5362e+03	1.976e-21	2.7826e+01	3.0238e+01	8.7461e-19	9.3145e-05	9.9991e-01	2.0922e-03	9.9791e-01	1.5990e-16	4.6938e-25	6.1652e-07	3.4132e-02	9.6579e-01	8.0181e-05	1.7604e-05	3.3530e-01	6.6468e-01	1.1755e-36	1.1755e-36	1.1755e-36	7.6352e-35	0.00e+00	0.00e+00	1.4986e+00
1.19301e+20	5.7649e+03	1.925e-21	2.7826e+01	3.0236e+01	7.4248e-19	9.4513e-05	9.9991e-01	2.4520e-03	9.9755e-01	1.0187e-16	6.6516e-25	7.0498e-07	3.8695e-02	9.6125e-01	5.3495e-05	2.2095e-05	4.1182e-01	5.8816e-01	1.1755e-36	1.1755e-36	1.1755e-36	9.4645e-35	0.00e+00	0.00e+00	1.5808e+00
1.23649e+20	6.0116e+03	1.872e-21	2.7826e+01	3.0233e+01	6.2192e-19	9.5004e-05	9.9990e-01	2.8535e-03	9.9715e-01	6.6825e-17	9.0814e-25	7.9512e-07	4.3444e-02	9.5652e-01	3.6959e-05	2.6912e-05	4.9526e-01	5.0471e-01	1.1755e-36	1.1755e-36	1.1755e-36	1.1657e-34	0.00e+00	0.00e+00	1.6433e+00
1.26890e+20	6.2166e+03	1.831e-21	2.7826e+01	3.0231e+01	5.4183e-19	9.5198e-05	9.9990e-01	3.2578e-03	9.9674e-01	4.8531e-17	1.1661e-24	8.7894e-07	4.7899e-02	9.5207e-01	2.7185e-05	3.1262e-05	5.7061e-01	4.2936e-01	1.1755e-36	1.1755e-36	1.1755e-36	1.3934e-34	0.00e+00	0.00e+00	1.6891e+00
1.29505e+20	6.3840e+03	1.800e-21	2.7826e+01	3.0229e+01	4.7883e-19	9.5453e-05	9.9990e-01	3.6853e-03	9.9631e-01	3.7922e-17	1.4209e-24	9.5968e-07	5.2179e-02	9.4780e-01	2.0615e-05	3.5085e-05	6.3557e-01	3.6439e-01	1.1755e-36	1.1755e-36	1.1755e-36	1.5542e-34	0.00e+00	0.00e+00	1.7309e+00
1.32175e+20	6.5465e+03	1.771e-21	2.7826e+01	3.0227e+01	4.2934e-19	9.5938e-05	9.9990e-01	4.2605e-03	9.9574e-01	2.8793e-17	1.7484e-24	1.0612e-06	5.7527e-02	9.4246e-01	1.5071e-05	3.9123e-05	7.0186e-01	2.9810e-01	1.1755e-36	1.1755e-36	1.1755e-36	1.7439e-34	0.00e+00	0.00e+00	1.7789e+00
1.34970e+20	6.7121e+03	1.743e-21	2.7826e+01	3.0224e+01	3.9001e-19	9.6512e-05	9.9990e-01	5.0986e-03	9.9490e-01	1.9803e-17	2.1938e-24	1.1940e-06	6.4533e-02	9.3546e-01	1.0601e-05	4.3515e-05	7.7245e-01	2.2750e-01	1.1755e-36	1.1755e-36	1.1755e-36	1.9949e-34	0.00e+00	0.00e+00	1.8254e+00
1.37385e+20	6.8450e+03	1.724e-21	2.7826e+01	3.0220e+01	3.6414e-19	9.7116e-05	9.9990e-01	6.1758e-03	9.9382e-01	1.4206e-17	2.6945e-24	1.3429e-06	7.2390e-02	9.2760e-01	7.6296e-06	4.7332e-05	8.3195e-01	1.6800e-01	1.1755e-36	1.1755e-36	1.1755e-36	2.2381e-34	0.00e+00	0.00e+00	1.8610e+00
1.39171e+20	6.9278e+03	1.713e-21	2.7826e+01	3.0217e+01	3.5238e-19	9.7752e-05	9.9990e-01	7.3511e-03	9.9265e-01	1.0957e-17	3.1639e-24	1.4842e-06	7.9809e-02	9.2018e-01	5.8600e-06	5.0044e-05	8.7194e-01	1.2801e-01	1.1755e-36	1.1755e-36	1.1755e-36	2.4396e-34	0.00e+00	0.00e+00	1.8865e+00
1.40497e+20	6.9777e+03	1.708e-21	2.7826e+01	3.0214e+01	3.4920e-19	9.8397e-05	9.9990e-01	8.5745e-03	9.9143e-01	9.1174e-18	3.5894e-24	1.6132e-06	8.6484e-02	9.1351e-01	4.7418e-06	5.1942e-05	8.9791e-01	1.0204e-01	1.1755e-36	1.1755e-36	1.1755e-36	2.6167e-34	0.00e+00	0.00e+00	1.9067e+00
1.41609e+20	7.0075e+03	1.705e-21	2.7826e+01	3.0210e+01	3.4710e-19	9.9066e-05	9.9990e-01	9.9443e-03	9.9006e-01	7.7251e-18	3.9899e-24	1.7378e-06	9.3008e-02	9.0699e-01	3.9161e-06	5.3453e-05	9.1701e-01	8.2934e-02	1.1755e-36	1.1755e-36	1.1755e-36	2.7255e-34	0.00e+00	0.00e+00	1.9250e+00
1.42630e+20	7.0289e+03	1.705e-21	2.7826e+01	3.0205e+01	3.4833e-19	9.9773e-05	9.9990e-01	1.1645e-02	9.8836e-01	6.5071e-18	4.4206e-24	1.8713e-06	9.9915e-02	9.0008e-01	3.2475e-06	5.4785e-05	9.3267e-01	6.7279e-02	1.1755e-36	1.1755e-36	1.1755e-36	2.8469e-34	0.00e+00	0.00e+00	1.9424e+00
1.43559e+20	7.0439e+03	1.705e-21	2.7826e+01	3.0201e+01	3.3586e-19	1.0048e-04	9.9990e-01	1.3786e-02	9.8621e-01	5.4675e-18	4.7827e-24	2.0130e-06	1.0715e-01	8.9284e-01	2.7120e-06	5.5958e-05	9.4559e-01	5.4351e-02	1.1755e-36	1.1755e-36	1.1755e-36	2.7097e-34	0.00e+00	0.00e+00	1.9577e+00
1.44347e+20	7.0504e+03	1.707e-21	2.7826e+01	3.0195e+01	3.4192e-19	1.0113e-04	9.9990e-01	1.6327e-02	9.8367e-01	4.6746e-18	5.2279e-24	2.1497e-06	1.1420e-01	8.8580e-01	2.3034e-06	5.6932e-05	9.5566e-01	4.4287e-02	1.1755e-36	1.1755e-36	1.1755e-36	2.8368e-34	0.00e+00	0.00e+00	1.9703e+00
1.44989e+20	7.0514e+03	1.710e-21	2.7826e+01	3.0188e+01	3.4593e-19	1.0170e-04	9.9990e-01	1.9197e-02	9.8080e-01	4.0995e-18	5.6245e-24	2.2754e-06	1.2067e-01	8.7932e-01	1.9958e-06	5.7711e-05	9.6320e-01	3.6738e-02	1.1755e-36	1.1755e-36	1.1755e-36	2.9090e-34	0.00e+00	0.00e+00	1.9806e+00
1.45523e+20	7.0487e+03	1.713e-21	2.7826e+01	3.0180e+01	3.5065e-19	1.0222e-04	9.9990e-01	2.2450e-02	9.7755e-01	3.6526e-18	5.9928e-24	2.3910e-06	1.2662e-01	8.7337e-01	1.7540e-06	5.8351e-05	9.6902e-01	3.0919e-02	1.1755e-36	1.1755e-36	1.1755e-36	2.9757e-34	0.00e+00	0.00e+00	1.9894e+00
1.45986e+20	7.0414e+03	1.716e-21	2.7826e+01	3.0173e+01	3.5637e-19	1.0273e-04	9.9990e-01	2.6290e-02	9.7371e-01	3.2722e-18	6.3470e-24	2.5016e-06	1.3226e-01	8.6773e-01	1.5531e-06	5.8915e-05	9.7377e-01	2.6171e-02	1.1755e-36	1.1755e-36	1.1755e-36	3.0374e-34	0.00e+00	0.00e+00	1.9972e+00
1.46395e+20	7.0346e+03	1.720e-21	2.7826e+01	3.0163e+01	3.6134e-19	1.0317e-04	9.9990e-01	3.0884e-02	9.6912e-01	2.9356e-18	6.6816e-24	2.6061e-06	1.3763e-01	8.6237e-01	1.3830e-06	5.9400e-05	9.7776e-01	2.2176e-02	1.1755e-36	1.1755e-36	1.1755e-36	3.0885e-34	0.00e+00	0.00e+00	2.0042e+00
1.46749e+20	7.0270e+03	1.722e-21	2.7826e+01	3.0147e+01	3.6550e-19	1.0352e-04	9.9990e-01	3.6301e-02	9.6370e-01	2.6411e-18	6.9842e-24	2.7005e-06	1.4260e-01	8.5740e-01	1.2397e-06	5.9800e-05	9.8111e-01	1.8827e-02	1.1755e-36	1.1755e-36	1.1755e-36	3.1223e-34	0.00e+00	0.00e+00	2.0101e+00
1.47053e+20	7.0171e+03	1.725e-21	2.7826e+01	3.0133e+01	3.7085e-19	1.0389e-04	9.9990e-01	4.2681e-02	9.5732e-01	2.3924e-18	7.2725e-24	2.7895e-06	1.4714e-01	8.5286e-01	1.1181e-06	6.0168e-05	9.8390e-01	1.6035e-02	1.1755e-36	1.1755e-36	1.1755e-36	3.1635e-34	0.00e+00	0.00e+00	2.0152e+00
1.47313e+20	7.0093e+03	1.728e-21	2.7826e+01	3.0118e+01	3.7488e-19	1.0417e-04	9.9990e-01	5.0114e-02	9.4989e-01	2.1780e-18	7.5250e-24	2.8684e-06	1.5119e-01	8.4881e-01	1.0148e-06	6.0464e-05	9.8624e-01	1.3699e-02	1.1755e-36	1.1755e-36	1.1755e-36	3.1921e-34	0.00e+00	0.00e+00	2.0196e+00
1.47536e+20	6.9973e+03	1.730e-21	2.7826e+01	3.0094e+01	3.7965e-19	1.0441e-04	9.9990e-01	5.8733e-02	9.4127e-01	1.9839e-18	7.7486e-24	2.9362e-06	1.5481e-01	8.4518e-01	9.2541e-07	6.0711e-05	9.8822e-01	1.1724e-02	1.1755e-36	1.1755e-36	1.1755e-36	3.2127e-34	0.00e+00	0.00e+00	2.0234e+00
1.47728e+20	6.9883e+03	1.732e-21	2.7826e+01	3.0076e+01	3.8362e-19	1.0464e-04	9.9990e-01	6.8854e-02	9.3115e-01	1.8141e-18	7.9525e-24	2.9993e-06	1.5804e-01	8.4195e-01	8.4685e-07	6.0931e-05	9.8991e-01	1.0030e-02	1.1755e-36	1.1755e-36	1.1755e-36	3.2337e-34	0.00e+00	0.00e+00	2.0267e+00
1.47896e+20	6.9754e+03	1.734e-21	2.7826e+01	3.0045e+01	3.8836e-19	1.0482e-04	9.9990e-01	8.0747e-02	9.1925e-01	1.6532e-18	8.1311e-24	3.0527e-06	1.6093e-01	8.3907e-01	7.7674e-07	6.1111e-05	9.9138e-01	8.5610e-03	1.1755e-36	1.1755e-36	1.1755e-36	3.2469e-34	0.00e+00	0.00e+00	2.0296e+00
1.48042e+20	6.9670e+03	1.734e-21	2.7826e+01	3.0018e+01	3.9136e-19	1.0494e-04	9.9990e-01	9.4678e-02	9.0532e-01	1.5083e-18	8.2820e-24	3.0996e-06	1.6344e-01	8.3656e-01	7.1425e-07	6.1247e-05	9.9265e-01	7.2878e-03	1.1755e-36	1.1755e-36	1.1755e-36	3.2535e-34	0.00e+00	0.00e+00	2.0321e+00
1.48169e+20	6.9506e+03	1.735e-21	2.7826e+01	2.9975e+01	3.9657e-19	1.0507e-04	9.9989e-01	1.1096e-01	8.8904e-01	1.3690e-18	8.4171e-24	3.1392e-06	1.6567e-01	8.3433e-01	6.5755e-07	6.1369e-05	9.9376e-01	6.1828e-03	1.1755e-36	1.1755e-36	1.1755e-36	3.2558e-34	0.00e+00	0.00e+00	2.0342e+00
1.48280e+20	6.9455e+03	1.733e-21	2.7826e+01	2.9938e+01	3.9790e-19	1.0506e-04	9.9989e-01	1.2983e-01	8.7017e-01	1.2434e-18	8.5159e-24	3.1711e-06	1.6750e-01	8.3250e-01	6.0686e-07	6.1422e-05	9.9471e-01	5.2270e-03	1.1755e-36	1.1755e-36	1.1755e-36	3.2497e-34	0.00e+00	0.00e+00	2.0361e+00
1.48377e+20	6.9300e+03	1.732e-21	2.7826e+01	2.9891e+01	4.0252e-19	1.0513e-04	9.9989e-01	1.5191e-01	8.4809e-01	1.1224e-18	8.6121e-24	3.1989e-06	1.6917e-01	8.3083e-01	5.5968e-07	6.1489e-05	9.9554e-01	4.3942e-03	1.1755e-36	1.1755e-36	1.1755e-36	3.2458e-34	0.00e+00	0.00e+00	2.0378e+00
1.48462e+20	6.9199e+03	1.728e-21	2.7826e+01	2.9834e+01	4.0455e-19	1.0507e-04	9.9989e-01	1.7753e-01	8.2247e-01	1.0065e-18	8.6721e-24	3.2188e-06	1.7050e-01	8.2949e-01	5.1653e-07	6.1490e-05	9.9627e-01	3.6709e-03	1.1755e-36	1.1755e-36	1.1755e-36	3.2254e-34	0.00e+00	0.00e+00	2.0393e+00
1.48538e+20	6.9004e+03	1.724e-21	2.7826e+01	2.9754e+01	4.0923e-19	1.0502e-04	9.9989e-01	2.0731e-01	7.9269e-01	8.9086e-19	8.7188e-24	3.2331e-06	1.7164e-01	8.2835e-01	4.7609e-07	6.1473e-05	9.9689e-01	3.0449e-03	1.1755e-36	1.1755e-36	1.1755e-36	3.1987e-34	0.00e+00	0.00e+00	2.0406e+00
1.48605e+20	6.8955e+03	1.716e-21	2.7826e+01	2.9686e+01	4.0904e-19	1.0482e-04	9.9990e-01	2.4165e-01	7.5835e-01	7.8547e-19	8.7356e-24	3.2412e-06	1.7249e-01	8.2750e-01	4.3871e-07	6.1395e-05	9.9743e-01	2.5044e-03	1.1755e-36	1.1755e-36	1.1755e-36	3.1687e-34	0.00e+00	0.00e+00	2.0418e+00
1.48666e+20	6.8757e+03	1.709e-21	2.7826e+01	2.9600e+01	4.1358e-19	1.0472e-04	9.9990e-01	2.8154e-01	7.1846e-01	6.8164e-19	8.7573e-24	3.2471e-06	1.7329e-01	8.2671e-01	4.0267e-07	6.1340e-05	9.9790e-01	2.0395e-03	1.1755e-36	1.1755e-36	1.1755e-36	3.1387e-34	0.00e+00	0.00e+00	2.0429e+00
1.48721e+20	6.8620e+03	1.699e-21	2.7826e+01	2.9498e+01	4.1500e-19	1.0448e-04	9.9990e-01	3.2719e-01	6.7281e-01	5.8122e-19	8.7407e-24	3.2455e-06	1.7380e-01	8.2620e-01	3.6881e-07	6.1209e-05	9.9830e-01	1.6433e-03	1.1755e-36	1.1755e-36	1.1755e-36	3.0890e-34	0.00e+00	0.00e+00	2.0438e+00
1.48772e+20	6.8389e+03	1.686e-21	2.7826e+01	2.9357e+01	4.1867e-19	1.0419e-04	9.9990e-01	3.7918e-01	6.2082e-01	4.8147e-19	8.7020e-24	3.2374e-06	1.7412e-01	8.2588e-01	3.3632e-07	6.1028e-05	9.9863e-01	1.3094e-03	1.1755e-36	1.1755e-36	1.1755e-36	3.0257e-34	0.00e+00	0.00e+00	2.0447e+00
1.48819e+20	6.8251e+03	1.671e-21	2.7826e+01	2.9240e+01	4.1969e-19	1.0386e-04	9.9990e-01	4.3823e-01	5.6177e-01	3.9119e-19	8.6600e-24	3.2268e-06	1.7434e-01	8.2566e-01	3.0472e-07	6.0845e-05	9.9891e-01	1.0274e-03	1.1755e-36	1.1755e-36	1.1755e-36	2.9719e-34	0.00e+00	0.00e+00	2.0455e+00
1.48864e+20	6.7982e+03	1.654e-21	2.7826e+01	2.9094e+01	4.2462e-19	1.0357e-04	9.9990e-01	5.0487e-01	4.9513e-01	3.0240e-19	8.6156e-24	3.2161e-06	1.7450e-01	8.2549e-01	2.7338e-07	6.0657e-05	9.9915e-01	7.9208e-04	1.1755e-36	1.1755e-36	1.1755e-36	2.9106e-34	0.00e+00	0.00e+00	2.0463e+00
1.48908e+20	6.7733e+03	1.634e-21	2.7826e+01	2.8928e+01	4.2781e-19	1.0318e-04	9.9990e-01	5.7845e-01	4.2155e-01	2.2236e-19	8.5414e-24	3.1972e-06	1.7446e-01	8.2554e-01	2.4252e-07	6.0408e-05	9.9934e-01	5.9783e-04	1.1755e-36	1.1755e-36	1.1755e-36	2.8343e-34	0.00e+00	0.00e+00	2.0471e+00
1.48958e+20	6.7421e+03	1.607e-21	2.7826e+01	2.8690e+01	4.3068e-19	1.0259e-04	9.9990e-01	6.6793e-01	3.3207e-01	1.4490e-19	8.4158e-24	3.1649e-06	1.7411e-01	8.2589e-01	2.0708e-07	6.0037e-05	9.9951e-01	4.2518e-04	1.1755e-36	1.1755e-36	1.1755e-36	2.7234e-34	0.00e+00	0.00e+00	2.0481e+00
1.49013e+20	6.7056e+03	1.578e-21	2.7826e+01	2.8455e+01	4.3573e-19	1.0208e-04	9.9990e-01	7.6613e-01	2.3387e-01	8.4895e-20	8.3035e-24	3.1341e-06	1.7379e-01	8.2621e-01	1.6997e-07	5.9698e-05	9.9966e-01	2.7839e-04	1.1755e-36	1.1755e-36	1.1755e-36	2.6217e-34	0.00e+00	0.00e+00	2.0491e+00
1.49076e+20	6.6671e+03	1.552e-21	2.7826e+01	2.8262e+01	4.4304e-19	1.0182e-04	9.9990e-01	8.5861e-01	1.4139e-01	4.1916e-20	8.2343e-24	3.1125e-06	1.7365e-01	8.2635e-01	1.3080e-07	5.9489e-05	9.9977e-01	1.7057e-04	1.1755e-36	1.1755e-36	1.1755e-36	2.5432e-34	0.00e+00	0.00e+00	2.0504e+00
1.49158e+20	6.6400e+03	1.527e-21	2.7826e+01	2.8067e+01	4.4534e-19	1.0151e-04	9.9990e-01	9.3469e-01	6.5311e-02	1.3959e-20	8.1410e-24	3.0874e-06	1.7329e-01	8.2671e-01	1.1755e-36	5.9260e-05	9.9985e-01	8.9172e-05	1.1755e-36	1.1755e-36	1.1755e-36	2.4523e-34	0.00e+00	0.00e+00	2.0521e+00
1.49265e+20	6.6196e+03	1.512e-21	2.7826e+01	2.7917e+01	4.4782e-19	1.0140e-04	9.9990e-01	9.7794e-01	2.2063e-02	2.9859e-21	8.0849e-24	3.0700e-06	1.7303e-01	8.2697e-01	1.1755e-36	5.9142e-05	9.9990e-01	3.8325e-05	1.1755e-36	1.1755e-36	1.1755e-36	2.3910e-34	0.00e+00	0.00e+00	2.0542e+00
1.49403e+20	6.6139e+03	1.507e-21	2.7826e+01	2.7869e+01	4.4773e-19	1.0160e-04	9.9990e-01	9.9407e-01	5.9308e-03	4.4242e-22	8.0904e-24	3.0708e-06	1.7310e-01	8.2690e-01	1.1755e-36	5.9223e-05	9.9993e-01	1.3012e-05	1.1755e-36	1.1755e-36	1.1755e-36	2.3626e-34	0.00e+00	0.00e+00	2.0570e+00
1.49583e+20	6.6146e+03	1.506e-21	2.7826e+01	2.7851e+01	4.4595e-19	1.0190e-04	9.9990e-01	9.9813e-01	1.8673e-03	6.4755e-23	8.1120e-24	3.0764e-06	1.7327e-01	8.2673e-01	1.1755e-36	5.9367e-05	9.9994e-01	3.3427e-06	1.1755e-36	1.1755e-36	1.1755e-36	2.3400e-34	0.00e+00	0.00e+00	2.0606e+00
1.49818e+20	6.6184e+03	1.507e-21	2.7826e+01	2.7854e+01	4.4356e-19	1.0233e-04	9.9990e-01	9.9890e-01	1.1013e-03	1.4313e-23	8.1542e-24	3.0882e-06	1.7359e-01	8.2641e-01	1.1755e-36	5.9580e-05	9.9994e-01	6.2026e-07	1.1755e-36	1.1755e-36	1.1755e-36	2.3231e-34	0.00e+00	0.00e+00	2.0654e+00
1.50122e+20	6.6219e+03	1.509e-21	2.7826e+01	2.7862e+01	4.4146e-19	1.0284e-04	9.9990e-01	9.9908e-01	9.1731e-04	3.3761e-24	8.2123e-24	3.1035e-06	1.7404e-01	8.2595e-01	1.1755e-36	5.9844e-05	9.9994e-01	8.0309e-08	1.1755e-36	1.1755e-36	1.1755e-36	2.3075e-34	0.00e+00	0.00e+00	2.0716e+00
1.50518e+20	6.6232e+03	1.511e-21	2.7826e+01	2.7863e+01	4.4135e-19	1.0344e-04	9.9990e-01	9.9919e-01	8.0764e-04	5.8598e-25	8.2912e-24	3.1200e-06	1.7462e-01	8.2537e-01	1.1755e-36	6.0147e-05	9.9994e-01	7.1363e-09	1.1755e-36	1.1755e-36	1.1755e-36	2.3033e-34	0.00e+00	0.00e+00	2.0797e+00
1.51032e+20	6.6339e+03	1.512e-21	2.7826e+01	2.7863e+01	4.3164e-19	1.0407e-04	9.9990e-01	9.9928e-01	7.1987e-04	1.1755e-36	8.3319e-24	3.1400e-06	1.7527e-01	8.2473e-01	1.1755e-36	6.0480e-05	9.9994e-01	4.2408e-10	1.1755e-36	1.1755e-36	1.1755e-36	2.2321e-34	0.00e+00	0.00e+00	2.0904e+00
1.51701e+20	6.6331e+03	1.515e-21	2.7826e+01	2.7864e+01	4.3334e-19	1.0498e-04	9.9989e-01	9.9936e-01	6.4275e-04	1.1755e-36	8.4687e-24	3.1681e-06	1.7630e-01	8.2370e-01	1.1755e-36	6.0953e-05	9.9994e-01	1.5659e-11	1.1755e-36	1.1755e-36	1.1755e-36	2.2353e-34	0.00e+00	0.00e+00	2.1043e+00
1.52570e+20	6.6439e+03	1.518e-21	2.7826e+01	2.7863e+01	4.2084e-19	1.0602e-04	9.9989e-01	9.9942e-01	5.8316e-04	1.1755e-36	8.5508e-24	3.2011e-06	1.7750e-01	8.2250e-01	1.1755e-36	6.1501e-05	9.9994e-01	3.1181e-13	1.1755e-36	1.1755e-36	1.1755e-36	2.1323e-34	0.00e+00	0.00e+00	2.1226e+00
1.53700e+20	6.6544e+03	1.521e-21	2.7826e+01	2.7862e+01	4.1726e-19	1.0733e-04	9.9989e-01	9.9947e-01	5.2910e-04	1.1755e-36	8.7424e-24	3.2443e-06	1.7912e-01	8.2088e-01	1.1755e-36	6.2204e-05	9.9994e-01	2.6836e-15	1.1755e-36	1.1755e-36	1.1755e-36	2.1125e-34	0.00e+00	0.00e+00	2.1467e+00
1.55169e+20	6.6640e+03	1.526e-21	2.7826e+01	2.7862e+01	3.9985e-19	1.0914e-04	9.9989e-01	9.9951e-01	4.8942e-04	1.1755e-36	8.9036e-24	3.3013e-06	1.8135e-01	8.1865e-01	1.1755e-36	6.3165e-05	9.9994e-01	7.2660e-18	1.1755e-36	1.1755e-36	1.1755e-36	1.9512e-34	0.00e+00	0.00e+00	2.1786e+00
1.57079e+20	6.6805e+03	1.531e-21	2.7826e+01	2.7862e+01	3.9549e-19	1.1141e-04	9.9989e-01	9.9955e-01	4.5090e-04	1.1755e-36	9.2567e-24	3.3777e-06	1.8425e-01	8.1575e-01	1.1755e-36	6.4385e-05	9.9994e-01	4.1857e-21	1.1755e-36	1.1755e-36	1.1755e-36	1.9256e-34	0.00e+00	0.00e+00	2.2208e+00
1.59562e+20	6.7020e+03	1.538e-21	2.7826e+01	2.7862e+01	3.8142e-19	1.1448e-04	9.9989e-01	9.9958e-01	4.2139e-04	1.1755e-36	9.6832e-24	3.4788e-06	1.8816e-01	8.1184e-01	1.1755e-36	6.6045e-05	9.9993e-01	1.0871e-23	1.1755e-36	1.1755e-36	1.1755e-36	1.8140e-34	0.00e+00	0.00e+00	2.2773e+00
1.62790e+20	6.7271e+03	1.548e-21	2.7826e+01	2.7862e+01	3.6901e-19	1.1872e-04	9.9988e-01	9.9960e-01	3.9617e-04	1.1755e-36	1.0339e-23	3.6178e-06	1.9353e-01	8.0646e-01	1.1755e-36	6.8341e-05	9.9993e-01	2.3157e-24	1.1755e-36	1.1755e-36	1.1755e-36	1.7138e-34	0.00e+00	0.00e+00	2.3534e+00
1.66986e+20	6.7588e+03	1.563e-21	2.7826e+01	2.7861e+01	3.5011e-19	1.2476e-04	9.9988e-01	9.9962e-01	3.7922e-04	1.1755e-36	1.1299e-23	3.8073e-06	2.0100e-01	7.9900e-01	1.1755e-36	7.1617e-05	9.9993e-01	2.3539e-24	1.1755e-36	1.1755e-36	1.1755e-36	1.5608e-34	0.00e+00	0.00e+00	2.4573e+00
1.72441e+20	6.8054e+03	1.582e-21	2.7826e+01	2.7861e+01	3.4652e-19	1.3331e-04	9.9987e-01	9.9964e-01	3.5921e-04	1.1755e-36	1.2990e-23	4.0789e-06	2.1145e-01	7.8855e-01	1.1755e-36	7.6309e-05	9.9992e-01	3.5296e-24	1.1755e-36	1.1755e-36	1.1755e-36	1.5482e-34	0.00e+00	0.00e+00	2.6017e+00
1.79532e+20	6.8721e+03	1.608e-21	2.7826e+01	2.7861e+01	3.4543e-19	1.4606e-04	9.9985e-01	9.9966e-01	3.4125e-04	1.1755e-36	1.5849e-23	4.4744e-06	2.2653e-01	7.7346e-01	1.1755e-36	8.3399e-05	9.9992e-01	6.2910e-24	1.1755e-36	1.1755e-36	1.1755e-36	1.5684e-34	0.00e+00	0.00e+00	2.8074e+00
1.88751e+20	6.9631e+03	1.647e-21	2.7826e+01	2.7860e+01	3.6007e-19	1.6634e-04	9.9983e-01	9.9968e-01	3.2009e-04	1.1755e-36	2.1343e-23	5.0786e-06	2.4924e-01	7.5076e-01	1.1755e-36	9.4882e-05	9.9991e-01	1.3601e-23	1.1755e-36	1.1755e-36	1.1755e-36	1.7322e-34	0.00e+00	0.00e+00	3.1119e+00
2.00735e+20	7.0938e+03	1.706e-21	2.7826e+01	2.7859e+01	4.0699e-19	2.0141e-04	9.9980e-01	9.9971e-01	2.9469e-04	1.1755e-36	3.3717e-23	6.0537e-06	2.8526e-01	7.1473e-01	1.1755e-36	1.1541e-04	9.9988e-01	3.9748e-23	1.1755e-36	1.1755e-36	1.1755e-36	2.2462e-34	0.00e+00	0.00e+00	3.5913e+00
2.12328e+20	7.2581e+03	1.784e-21	2.7826e+01	2.7857e+01	4.7851e-19	2.5266e-04	9.9975e-01	9.9973e-01	2.6680e-04	1.1755e-36	5.7966e-23	7.2600e-06	3.2874e-01	6.7125e-01	1.1755e-36	1.4672e-04	9.9985e-01	1.4469e-22	1.1755e-36	1.1755e-36	1.1755e-36	3.2086e-34	0.00e+00	0.00e+00	4.0191e+00
2.19988e+20	7.3894e+03	1.850e-21	2.7826e+01	2.7855e+01	5.6996e-19	3.0439e-04	9.9970e-01	9.9975e-01	2.4887e-04	1.1755e-36	9.1262e-23	8.2957e-06	3.6533e-01	6.3466e-01	1.1755e-36	1.8007e-04	9.9982e-01	3.8968e-22	1.1755e-36	1.1755e-36	1.1755e-36	4.6453e-34	0.00e+00	0.00e+00	4.3229e+00
2.24911e+20	7.4786e+03	1.898e-21	2.7826e+01	2.7854e+01	6.6846e-19	3.4928e-04	9.9965e-01	9.9976e-01	2.3648e-04	1.1755e-36	1.2854e-22	9.0990e-06	3.9337e-01	6.0662e-01	1.1755e-36	2.1043e-04	9.9979e-01	7.4830e-22	1.1755e-36	1.1755e-36	1.1755e-36	6.4065e-34	0.00e+00	0.00e+00	4.5784e+00
2.29698e+20	7.5659e+03	1.946e-21	2.7826e+01	2.7852e+01	8.0714e-19	4.0433e-04	9.9960e-01	9.9978e-01	2.2460e-04	1.1755e-36	1.8663e-22	1.0008e-05	4.2534e-01	5.7465e-01	1.1755e-36	2.4941e-04	9.9975e-01	1.3948e-21	1.1755e-36	1.1755e-36	1.1755e-36	9.2950e-34	0.00e+00	0.00e+00	4.9628e+00
2.34980e+20	7.6751e+03	2.008e-21	2.7826e+01	2.7849e+01	9.8492e-19	4.8556e-04	9.9951e-01	9.9979e-01	2.0842e-04	1.1755e-36	2.9555e-22	1.1135e-05	4.6470e-01	5.3528e-01	1.1755e-36	3.0983e-04	9.9969e-01	2.9786e-21	1.1755e-36	1.1755e-36	1.1755e-36	1.4027e-33	0.00e+00	0.00e+00	5.4022e+00
2.40013e+20	7.7877e+03	2.076e-21	2.7826e+01	2.7846e+01	1.2959e-18	5.9689e-04	9.9940e-01	9.9981e-01	1.8912e-04	1.1755e-36	4.9851e-22	1.2407e-05	5.0886e-01	4.9113e-01	1.1755e-36	3.9768e-04	9.9960e-01	6.3594e-21	1.1755e-36	1.1755e-36	1.1755e-36	2.4057e-33	0.00e+00	0.00e+00	5.9175e+00
2.44393e+20	7.8979e+03	2.146e-21	2.7826e+01	2.7841e+01	1.7747e-18	7.4126e-04	9.9926e-01	9.9983e-01	1.6618e-04	1.1755e-36	8.6095e-22	1.3696e-05	5.5333e-01	4.4666e-01	1.1755e-36	5.1888e-04	9.9948e-01	1.3068e-20	1.1755e-36	1.1755e-36	1.1755e-36	4.4000e-33	0.00e+00	0.00e+00	6.4185e+00
2.47649e+20	7.9872e+03	2.208e-21	2.7826e+01	2.7837e+01	2.4607e-18	9.0077e-04	9.9910e-01	9.9986e-01	1.4480e-04	1.1755e-36	1.4063e-21	1.4801e-05	5.9128e-01	4.0871e-01	1.1755e-36	6.6064e-04	9.9934e-01	2.3016e-20	1.1755e-36	1.1755e-36	1.1755e-36	8.0475e-33	0.00e+00	0.00e+00	6.8400e+00
2.49955e+20	8.0550e+03	2.257e-21	2.7826e+01	2.7832e+01	3.3104e-18	1.0584e-03	9.9894e-01	9.9987e-01	1.2779e-04	1.1755e-36	2.1087e-21	1.5674e-05	6.2135e-01	3.7864e-01	1.1755e-36	8.0740e-04	9.9919e-01	3.5037e-20	1.1755e-36	1.1755e-36	1.1755e-36	1.3741e-32	0.00e+00	0.00e+00	7.2023e+00
2.51763e+20	8.1106e+03	2.298e-21	2.7826e+01	2.7827e+01	4.4439e-18	1.2207e-03	9.9878e-01	9.9989e-01	1.1140e-04	1.1755e-36	3.0200e-21	1.6416e-05	6.4712e-01	3.5286e-01	1.1755e-36	9.6428e-04	9.9904e-01	4.9124e-20	1.1755e-36	1.1755e-36	1.1755e-36	2.3087e-32	0.00e+00	0.00e+00	7.5598e+00
2.53378e+20	8.1596e+03	2.338e-21	2.7826e+01	2.7822e+01	6.1449e-18	1.4084e-03	9.9859e-01	9.9991e-01	9.4386e-05	1.1755e-36	4.3289e-21	1.7133e-05	6.7199e-01	3.2800e-01	1.1755e-36	1.1516e-03	9.9885e-01	6.5822e-20	1.1755e-36	1.1755e-36	1.1755e-36	4.0398e-32	0.00e+00	0.00e+00	7.9467e+00
2.54865e+20	8.2050e+03	2.379e-21	2.7826e+01	2.7816e+01	8.7826e-18	1.6347e-03	9.9837e-01	9.9992e-01	7.7737e-05	1.1755e-36	6.2893e-21	1.7841e-05	6.9651e-01	3.0347e-01	1.1755e-36	1.3841e-03	9.9862e-01	8.5802e-20	1.1755e-36	1.1755e-36	1.1755e-36	7.4284e-32	0.00e+00	0.00e+00	8.3516e+00
2.56158e+20	8.2421e+03	2.418e-21	2.7826e+01	2.7810e+01	1.2630e-17	1.8954e-03	9.9810e-01	9.9994e-01	6.3934e-05	1.1755e-36	9.0863e-21	1.8489e-05	7.1938e-01	2.8060e-01	1.1755e-36	1.6592e-03	9.9834e-01	1.0610e-19	1.1755e-36	1.1755e-36	1.1755e-36	1.3706e-31	0.00e+00	0.00e+00	8.7428e+00
2.57224e+20	8.2773e+03	2.453e-21	2.7826e+01	2.7802e+01	1.8852e-17	2.1770e-03	9.9782e-01	9.9995e-01	5.0283e-05	1.1755e-36	1.2896e-20	1.9067e-05	7.3951e-01	2.6047e-01	1.1755e-36	1.9638e-03	9.9804e-01	1.2961e-19	1.1755e-36	1.1755e-36	1.1755e-36	2.6856e-31	0.00e+00	0.00e+00	9.1090e+00
2.58109e+20	8.3043e+03	2.485e-21	2.7826e+01	2.7794e+01	2.9409e-17	2.4784e-03	9.9752e-01	9.9996e-01	3.7786e-05	1.1755e-36	1.8073e-20	1.9578e-05	7.5736e-01	2.4262e-01	1.1755e-36	2.2960e-03	9.9770e-01	1.5131e-19	1.1755e-36	1.1755e-36	1.1755e-36	5.6539e-31	0.00e+00	0.00e+00	9.4634e+00
2.58880e+20	8.3275e+03	2.515e-21	2.7826e+01	2.7785e+01	4.7702e-17	2.8114e-03	9.9719e-01	9.9997e-01	2.6930e-05	1.1755e-36	2.5401e-20	2.0048e-05	7.7383e-01	2.2615e-01	1.1755e-36	2.6693e-03	9.9733e-01	1.7297e-19	1.1755e-36	1.1755e-36	1.1755e-36	1.2795e-30	0.00e+00	0.00e+00	9.8231e+00
2.59574e+20	8.3469e+03	2.544e-21	2.7826e+01	2.7775e+01	8.0486e-17	3.1912e-03	9.9681e-01	9.9998e-01	1.8167e-05	1.1755e-36	3.6316e-20	2.0494e-05	7.8946e-01	2.1052e-01	1.1755e-36	3.1011e-03	9.9690e-01	1.9287e-19	1.1755e-36	1.1755e-36	1.1755e-36	3.1286e-30	0.00e+00	0.00e+00	1.0193e+01
2.60195e+20	8.3628e+03	2.573e-21	2.7826e+01	2.7763e+01	1.3878e-16	3.6235e-03	9.9638e-01	9.9999e-01	1.1734e-05	1.1755e-36	5.2894e-20	2.0913e-05	8.0421e-01	1.9576e-01	1.1755e-36	3.5991e-03	9.9640e-01	2.1047e-19	1.1755e-36	1.1755e-36	1.1755e-36	8.0296e-30	0.00e+00	0.00e+00	1.0564e+01
2.60741e+20	8.3742e+03	2.600e-21	2.7826e+01	2.7750e+01	2.3568e-16	4.1068e-03	9.9589e-01	9.9999e-01	7.5005e-06	1.1755e-36	7.7581e-20	2.1300e-05	8.1789e-01	1.8209e-01	1.1755e-36	4.1618e-03	9.9584e-01	2.2531e-19	1.1755e-36	1.1755e-36	1.1755e-36	2.0200e-29	0.00e+00	0.00e+00	1.0931e+01
2.61218e+20	8.3817e+03	2.627e-21	2.7826e+01	2.7736e+01	3.8047e-16	4.6413e-03	9.9536e-01	1.0000e+00	4.9481e-06	1.1755e-36	1.1262e-19	2.1657e-05	8.3047e-01	1.6951e-01	1.1755e-36	4.7901e-03	9.9521e-01	2.3832e-19	1.1755e-36	1.1755e-36	1.1755e-36	4.6458e-29	0.00e+00	0.00e+00	1.1294e+01
2.61640e+20	8.3855e+03	2.652e-21	2.7826e+01	2.7719e+01	5.7771e-16	5.2369e-03	9.9476e-01	1.0000e+00	3.4546e-06	1.1755e-36	1.6011e-19	2.1988e-05	8.4217e-01	1.5781e-01	1.1755e-36	5.4958e-03	9.9450e-01	2.4840e-19	1.1755e-36	1.1755e-36	1.1755e-36	9.5184e-29	0.00e+00	0.00e+00	1.1660e+01
2.62018e+20	8.3855e+03	2.677e-21	2.7826e+01	2.7701e+01	8.3593e-16	5.9095e-03	9.9409e-01	1.0000e+00	2.5491e-06	1.1755e-36	2.2316e-19	2.2299e-05	8.5320e-01	1.4678e-01	1.1755e-36	6.2982e-03	9.9370e-01	2.5407e-19	1.1755e-36	1.1755e-36	1.1755e-36	1.7732e-28	0.00e+00	0.00e+00	1.2032e+01
2.62359e+20	8.3817e+03	2.702e-21	2.7826e+01	2.7681e+01	1.1734e-15	6.6739e-03	9.9333e-01	1.0000e+00	1.9588e-06	1.1755e-36	3.0663e-19	2.2593e-05	8.6363e-01	1.3634e-01	1.1755e-36	7.2155e-03	9.9278e-01	2.5517e-19	1.1755e-36	1.1755e-36	1.1755e-36	3.1011e-28	0.00e+00	0.00e+00	1.2411e+01
2.62665e+20	8.3740e+03	2.727e-21	2.7826e+01	2.7658e+01	1.6173e-15	7.5422e-03	9.9246e-01	1.0000e+00	1.5473e-06	1.1755e-36	4.1700e-19	2.2870e-05	8.7348e-01	1.2650e-01	1.1755e-36	8.2626e-03	9.9174e-01	2.5330e-19	1.1755e-36	1.1755e-36	1.1755e-36	5.2077e-28	0.00e+00	0.00e+00	1.2795e+01
2.62940e+20	8.3609e+03	2.751e-21	2.7826e+01	2.7632e+01	2.2065e-15	8.5295e-03	9.9147e-01	1.0000e+00	1.2457e-06	1.1755e-36	5.6308e-19	2.3131e-05	8.8276e-01	1.1722e-01	1.1755e-36	9.4582e-03	9.9054e-01	2.4833e-19	1.1755e-36	1.1755e-36	1.1755e-36	8.5154e-28	0.00e+00	0.00e+00	1.3186e+01
2.63188e+20	8.3465e+03	2.775e-21	2.7826e+01	2.7602e+01	2.9869e-15	9.6550e-03	9.9035e-01	1.0000e+00	1.0168e-06	1.1755e-36	7.5660e-19	2.3375e-05	8.9152e-01	1.0846e-01	1.1755e-36	1.0826e-02	9.8917e-01	2.4422e-19	1.1755e-36	1.1755e-36	1.1755e-36	1.3671e-27	0.00e+00	0.00e+00	1.3585e+01
2.63413e+20	8.3252e+03	2.799e-21	2.7826e+01	2.7568e+01	4.0461e-15	1.0956e-02	9.8904e-01	1.0000e+00	8.3678e-07	1.1755e-36	1.0162e-18	2.3610e-05	8.9987e-01	1.0011e-01	1.1755e-36	1.2412e-02	9.8759e-01	2.3567e-19	1.1755e-36	1.1755e-36	1.1755e-36	2.1755e-27	0.00e+00	0.00e+00	1.3998e+01
2.63619e+20	8.2991e+03	2.823e-21	2.7826e+01	2.7528e+01	5.5009e-15	1.2474e-02	9.8753e-01	1.0000e+00	6.9232e-07	1.1755e-36	1.3684e-18	2.3833e-05	9.0787e-01	9.2108e-02	1.1755e-36	1.4268e-02	9.8573e-01	2.2541e-19	1.1755e-36	1.1755e-36	1.1755e-36	3.4557e-27	0.00e+00	0.00e+00	1.4428e+01
2.63807e+20	8.2670e+03	2.847e-21	2.7826e+01	2.7481e+01	7.5364e-15	1.4268e-02	9.8573e-01	1.0000e+00	5.7408e-07	1.1755e-36	1.8530e-18	2.4045e-05	9.1556e-01	8.4414e-02	1.1755e-36	1.6464e-02	9.8354e-01	2.1382e-19	1.1755e-36	1.1755e-36	1.1755e-36	5.5091e-27	0.00e+00	0.00e+00	1.4880e+01
2.63981e+20	8.2287e+03	2.872e-21	2.7826e+01	2.7425e+01	1.0446e-14	1.6416e-02	9.8358e-01	1.0000e+00	4.7607e-07	1.1755e-36	2.5316e-18	2.4247e-05	9.2300e-01	7.6976e-02	1.1755e-36	1.9099e-02	9.8090e-01	2.0185e-19	1.1755e-36	1.1755e-36	1.1755e-36	8.8665e-27	0.00e+00	0.00e+00	1.5360e+01
2.64141e+20	8.1862e+03	2.894e-21	2.7826e+01	2.7343e+01	1.4728e-14	1.9025e-02	9.8098e-01	1.0000e+00	3.8966e-07	1.1755e-36	3.5065e-18	2.4423e-05	9.3020e-01	6.9780e-02	1.1755e-36	2.2302e-02	9.7770e-01	1.9039e-19	1.1755e-36	1.1755e-36	1.1755e-36	1.4557e-26	0.00e+00	0.00e+00	1.5878e+01
2.64292e+20	8.1315e+03	2.916e-21	2.7826e+01	2.7237e+01	2.1253e-14	2.2300e-02	9.7770e-01	1.0000e+00	3.1950e-07	1.1755e-36	4.9465e-18	2.4577e-05	9.3730e-01	6.2679e-02	1.1755e-36	2.6328e-02	9.7367e-01	1.7700e-19	1.1755e-36	1.1755e-36	1.1755e-36	2.4380e-26	0.00e+00	0.00e+00	1.6452e+01
2.64435e+20	8.0640e+03	2.939e-21	2.7826e+01	2.7117e+01	3.1893e-14	2.6594e-02	9.7341e-01	1.0000e+00	2.5926e-07	1.1755e-36	7.2089e-18	2.4728e-05	9.4445e-01	5.5529e-02	1.1755e-36	3.1606e-02	9.6839e-01	1.6168e-19	1.1755e-36	1.1755e-36	1.1755e-36	4.2726e-26	0.00e+00	0.00e+00	1.7108e+01
2.64566e+20	7.9872e+03	2.959e-21	2.7826e+01	2.6963e+01	4.9292e-14	3.2135e-02	9.6787e-01	1.0000e+00	2.0707e-07	1.1755e-36	1.0755e-17	2.4845e-05	9.5130e-01	4.8671e-02	1.1755e-36	3.8412e-02	9.6159e-01	1.4532e-19	1.1755e-36	1.1755e-36	1.1755e-36	7.7285e-26	0.00e+00	0.00e+00	1.7793e+01
2.64676e+20	7.9060e+03	2.972e-21	2.7826e+01	2.6778e+01	7.6049e-14	3.8798e-02	9.6120e-01	1.0000e+00	1.6710e-07	1.1755e-36	1.5953e-17	2.4913e-05	9.5738e-01	4.2591e-02	1.1755e-36	4.6587e-02	9.5341e-01	1.3853e-19	1.1755e-36	1.1755e-36	1.1755e-36	1.3814e-25	0.00e+00	0.00e+00	1.8462e+01
2.64766e+20	7.8213e+03	2.985e-21	2.7826e+01	2.6628e+01	1.1633e-13	4.6646e-02	9.5335e-01	1.0000e+00	1.3712e-07	1.1755e-36	2.3388e-17	2.4991e-05	9.6272e-01	3.7258e-02	1.1755e-36	5.6191e-02	9.4381e-01	1.3686e-19	1.1755e-36	1.1755e-36	1.1755e-36	2.4286e-25	0.00e+00	0.00e+00	1.9129e+01
2.64842e+20	7.7410e+03	2.982e-21	2.7826e+01	2.6402e+01	1.7644e-13	5.5942e-02	9.4406e-01	1.0000e+00	1.1312e-07	1.1755e-36	3.3998e-17	2.4977e-05	9.6741e-01	3.2565e-02	1.1755e-36	6.7537e-02	9.3246e-01	1.3295e-19	1.1755e-36	1.1755e-36	1.1755e-36	4.1975e-25	0.00e+00	0.00e+00	1.9833e+01
2.64912e+20	7.6512e+03	2.956e-21	2.7826e+01	2.6007e+01	2.7254e-13	6.7547e-02	9.3245e-01	1.0000e+00	9.2596e-08	1.1755e-36	4.9897e-17	2.4801e-05	9.7172e-01	2.8253e-02	1.1755e-36	8.1649e-02	9.1835e-01	1.2406e-19	1.1755e-36	1.1755e-36	1.1755e-36	7.2826e-25	0.00e+00	0.00e+00	2.0631e+01
2.64977e+20	7.5622e+03	2.912e-21	2.7826e+01	2.5571e+01	4.3868e-13	8.3268e-02	9.1673e-01	1.0000e+00	7.4026e-08	1.1755e-36	7.6210e-17	2.4576e-05	9.7597e-01	2.4009e-02	1.1755e-36	1.0065e-01	8.9935e-01	1.0940e-19	1.1755e-36	1.1755e-36	1.1755e-36	1.3388e-24	0.00e+00	0.00e+00	2.1567e+01
2.65036e+20	7.4741e+03	2.835e-21	2.7826e+01	2.4964e+01	7.2051e-13	1.0375e-01	8.9625e-01	1.0000e+00	5.7737e-08	1.1755e-36	1.1844e-16	2.4170e-05	9.7983e-01	2.0142e-02	1.1755e-36	1.2521e-01	8.7479e-01	9.2501e-20	1.1755e-36	1.1755e-36	1.1755e-36	2.5008e-24	0.00e+00	0.00e+00	2.2546e+01
2.65084e+20	7.3581e+03	2.743e-21	2.7826e+01	2.4281e+01	1.1874e-12	1.2851e-01	8.7149e-01	1.0000e+00	4.5551e-08	1.1755e-36	1.8123e-16	2.3689e-05	9.8311e-01	1.6867e-02	1.1755e-36	1.5460e-01	8.4540e-01	7.8313e-20	1.1755e-36	1.1755e-36	1.1755e-36	4.5309e-24	0.00e+00	0.00e+00	2.3487e+01
2.65121e+20	7.2526e+03	2.626e-21	2.7826e+01	2.3510e+01	1.8704e-12	1.5616e-01	8.4384e-01	1.0000e+00	3.7013e-08	1.1755e-36	2.6607e-16	2.3088e-05	9.8573e-01	1.4250e-02	1.1755e-36	1.8702e-01	8.1298e-01	6.7012e-20	1.1755e-36	1.1755e-36	1.1755e-36	7.6642e-24	0.00e+00	0.00e+00	2.4408e+01
2.65153e+20	7.1380e+03	2.486e-21	2.7826e+01	2.2633e+01	2.8933e-12	1.8757e-01	8.1243e-01	1.0000e+00	3.0299e-08	1.1755e-36	3.8076e-16	2.2368e-05	9.8791e-01	1.2067e-02	1.1755e-36	2.2336e-01	7.7664e-01	5.6948e-20	1.1755e-36	1.1755e-36	1.1755e-36	1.2352e-23	0.00e+00	0.00e+00	2.5368e+01
2.65180e+20	7.0043e+03	2.319e-21	2.7826e+01	2.1606e+01	4.4913e-12	2.2446e-01	7.7554e-01	1.0000e+00	2.4709e-08	1.1755e-36	5.3943e-16	2.1496e-05	9.8982e-01	1.0163e-02	1.1755e-36	2.6536e-01	7.3464e-01	4.7495e-20	1.1755e-36	1.1755e-36	1.1755e-36	1.9311e-23	0.00e+00	0.00e+00	2.6399e+01
2.65205e+20	6.8485e+03	2.130e-21	2.7826e+01	2.0438e+01	6.9455e-12	2.6639e-01	7.3361e-01	1.0000e+00	2.0046e-08	1.1755e-36	7.5032e-16	2.0480e-05	9.9144e-01	8.5389e-03	1.1755e-36	3.1224e-01	6.8776e-01	3.9092e-20	1.1755e-36	1.1755e-36	1.1755e-36	2.8848e-23	0.00e+00	0.00e+00	2.7429e+01
2.65223e+20	6.6890e+03	1.951e-21	2.7826e+01	1.9317e+01	1.0175e-11	3.0741e-01	6.9259e-01	1.0000e+00	1.6550e-08	1.1755e-36	9.8775e-16	1.9487e-05	9.9267e-01	7.3070e-03	1.1755e-36	3.5724e-01	6.4276e-01	3.2747e-20	1.1755e-36	1.1755e-36	1.1755e-36	3.9480e-23	0.00e+00	0.00e+00	2.8261e+01
2.65236e+20	6.5493e+03	1.806e-21	2.7826e+01	1.8379e+01	1.3601e-11	3.4099e-01	6.5901e-01	1.0000e+00	1.4568e-08	1.1755e-36	1.2048e-15	1.8647e-05	9.9350e-01	6.4797e-03	1.1755e-36	3.9348e-01	6.0652e-01	2.8666e-20	1.1755e-36	1.1755e-36	1.1755e-36	4.8583e-23	0.00e+00	0.00e+00	2.8898e+01
2.65246e+20	6.4282e+03	1.690e-21	2.7826e+01	1.7604e+01	1.7028e-11	3.6821e-01	6.3179e-01	1.0000e+00	1.3353e-08	1.1755e-36	1.3958e-15	1.7945e-05	9.9408e-01	5.8993e-03	1.1755e-36	4.2245e-01	5.7755e-01	2.5875e-20	1.1755e-36	1.1755e-36	1.1755e-36	5.5881e-23	0.00e+00	0.00e+00	2.9436e+01
2.65254e+20	6.3107e+03	1.587e-21	2.7826e+01	1.6905e+01	2.0800e-11	3.9328e-01	6.0672e-01	1.0000e+00	1.2336e-08	1.1755e-36	1.5843e-15	1.7310e-05	9.9456e-01	5.4214e-03	1.1755e-36	4.4882e-01	5.5118e-01	2.3585e-20	1.1755e-36	1.1755e-36	1.1755e-36	6.2514e-23	0.00e+00	0.00e+00	2.9959e+01
2.65261e+20	6.1855e+03	1.486e-21	2.7826e+01	1.6199e+01	2.5310e-11	4.1856e-01	5.8144e-01	1.0000e+00	1.1358e-08	1.1755e-36	1.7871e-15	1.6665e-05	9.9500e-01	4.9862e-03	1.1755e-36	4.7512e-01	5.2488e-01	2.1495e-20	1.1755e-36	1.1755e-36	1.1755e-36	6.8866e-23	0.00e+00	0.00e+00	3.0497e+01
2.65268e+20	6.0531e+03	1.387e-21	2.7826e+01	1.5493e+01	3.0638e-11	4.4385e-01	5.5615e-01	1.0000e+00	1.0416e-08	1.1755e-36	2.0032e-15	1.6017e-05	9.9539e-01	4.5903e-03	1.1755e-36	5.0114e-01	4.9886e-01	1.9596e-20	1.1755e-36	1.1755e-36	1.1755e-36	7.4710e-23	0.00e+00	0.00e+00	3.1021e+01
2.65274e+20	5.9183e+03	1.297e-21	2.7826e+01	1.4827e+01	3.6620e-11	4.6792e-01	5.3208e-01	1.0000e+00	9.6217e-09	1.1755e-36	2.2216e-15	1.5407e-05	9.9574e-01	4.2450e-03	1.1755e-36	5.2563e-01	4.7437e-01	1.7956e-20	1.1755e-36	1.1755e-36	1.1755e-36	7.9722e-23	0.00e+00	0.00e+00	3.1505e+01
2.65280e+20	5.7875e+03	1.215e-21	2.7826e+01	1.4209e+01	4.2967e-11	4.9014e-01	5.0986e-01	1.0000e+00	8.9908e-09	1.1755e-36	2.4357e-15	1.4836e-05	9.9604e-01	3.9501e-03	1.1755e-36	5.4802e-01	4.5198e-01	1.6568e-20	1.1755e-36	1.1755e-36	1.1755e-36	8.3682e-23	0.00e+00	0.00e+00	3.1957e+01
2.65285e+20	5.6568e+03	1.141e-21	2.7826e+01	1.3626e+01	4.9764e-11	5.1108e-01	4.8892e-01	1.0000e+00	8.4496e-09	1.1755e-36	2.6487e-15	1.4298e-05	9.9629e-01	3.6910e-03	1.1755e-36	5.6893e-01	4.3107e-01	1.5363e-20	1.1755e-36	1.1755e-36	1.1755e-36	8.6769e-23	0.00e+00	0.00e+00	3.2390e+01
2.65290e+20	5.5252e+03	1.071e-21	2.7826e+01	1.3069e+01	5.7002e-11	5.3113e-01	4.6887e-01	1.0000e+00	7.9647e-09	1.1755e-36	2.8639e-15	1.3781e-05	9.9653e-01	3.4581e-03	1.1755e-36	5.8877e-01	4.1123e-01	1.4289e-20	1.1755e-36	1.1755e-36	1.1755e-36	8.9083e-23	0.00e+00	0.00e+00	3.2812e+01
2.65293e+20	5.4190e+03	1.018e-21	2.7826e+01	1.2633e+01	6.3067e-11	5.4678e-01	4.5322e-01	1.0000e+00	7.5031e-09	1.1755e-36	3.0403e-15	1.3377e-05	9.9670e-01	3.2844e-03	1.1755e-36	6.0414e-01	3.9586e-01	1.3496e-20	1.1755e-36	1.1755e-36	1.1755e-36	9.0407e-23	0.00e+00	0.00e+00	3.3092e+01
2.65296e+20	5.3291e+03	9.773e-22	2.7826e+01	1.2286e+01	6.8241e-11	5.5925e-01	4.4075e-01	1.0000e+00	7.3482e-09	1.1755e-36	3.1859e-15	1.3056e-05	9.9683e-01	3.1527e-03	1.1755e-36	6.1630e-01	3.8370e-01	1.2906e-20	1.1755e-36	1.1755e-36	1.1755e-36	9.1133e-23	0.00e+00	0.00e+00	3.3353e+01
2.65299e+20	5.2399e+03	9.376e-22	2.7826e+01	1.1948e+01	7.3434e-11	5.7146e-01	4.2854e-01	1.0000e+00	7.1168e-09	1.1755e-36	3.3339e-15	1.2743e-05	9.9696e-01	3.0281e-03	1.1755e-36	6.2817e-01	3.7183e-01	1.2348e-20	1.1755e-36	1.1755e-36	1.1755e-36	9.1609e-23	0.00e+00	0.00e+00	3.3624e+01
2.65302e+20	5.1413e+03	8.972e-22	2.7826e+01	1.1593e+01	7.9070e-11	5.8417e-01	4.1583e-01	1.0000e+00	6.8608e-09	1.1755e-36	3.4934e-15	1.2415e-05	9.9708e-01	2.9034e-03	1.1755e-36	6.4044e-01	3.5956e-01	1.1793e-20	1.1755e-36	1.1755e-36	1.1755e-36	9.1725e-23	0.00e+00	0.00e+00	3.3909e+01
2.65304e+20	5.0388e+03	8.571e-22	2.7826e+01	1.1236e+01	8.4819e-11	5.9705e-01	4.0295e-01	1.0000e+00	6.6008e-09	1.1755e-36	3.6612e-15	1.2085e-05	9.9721e-01	2.7810e-03	1.1755e-36	6.5283e-01	3.4717e-01	1.1250e-20	1.1755e-36	1.1755e-36	1.1755e-36	9.1556e-23	0.00e+00	0.00e+00	3.4197e+01
2.65307e+20	4.9317e+03	8.187e-22	2.7826e+01	1.0884e+01	9.0374e-11	6.0983e-01	3.9017e-01	1.0000e+00	6.3599e-09	1.1755e-36	3.8325e-15	1.1762e-05	9.9733e-01	2.6600e-03	1.1755e-36	6.6505e-01	3.3495e-01	1.0733e-20	1.1755e-36	1.1755e-36	1.1755e-36	9.0896e-23	0.00e+00	0.00e+00	3.4481e+01
2.65310e+20	4.8207e+03	7.810e-22	2.7826e+01	1.0531e+01	9.5578e-11	6.2253e-01	3.7747e-01	1.0000e+00	6.1428e-09	1.1755e-36	4.0090e-15	1.1438e-05	9.9745e-01	2.5415e-03	1.1755e-36	6.7713e-01	3.2287e-01	1.0240e-20	1.1755e-36	1.1755e-36	1.1755e-36	8.9680e-23	0.00e+00	0.00e+00	3.4771e+01
2.65312e+20	4.7102e+03	7.437e-22	2.7826e+01	1.0173e+01	1.0023e-10	6.3508e-01	3.6492e-01	1.0000e+00	5.9341e-09	1.1755e-36	4.1922e-15	1.1110e-05	9.9756e-01	2.4277e-03	1.1755e-36	6.8901e-01	3.1099e-01	9.7674e-21	1.1755e-36	1.1755e-36	1.1755e-36	8.7981e-23	0.00e+00	0.00e+00	3.5067e+01
2.65315e+20	4.5891e+03	7.073e-22	2.7826e+01	9.8154e+00	1.0469e-10	6.4794e-01	3.5206e-01	1.0000e+00	5.7251e-09	1.1755e-36	4.3856e-15	1.0786e-05	9.9767e-01	2.3143e-03	1.1755e-36	7.0112e-01	2.9888e-01	9.3038e-21	1.1755e-36	1.1755e-36	1.1755e-36	8.5956e-23	0.00e+00	0.00e+00	3.5369e+01
2.65318e+20	4.4635e+03	6.716e-22	2.7826e+01	9.4564e+00	1.0851e-10	6.6085e-01	3.3915e-01	1.0000e+00	5.5261e-09	1.1755e-36	4.5880e-15	1.0463e-05	9.9779e-01	2.2036e-03	1.1755e-36	7.1321e-01	2.8679e-01	8.8546e-21	1.1755e-36	1.1755e-36	1.1755e-36	8.3523e-23	0.00e+00	0.00e+00	3.5677e+01
2.65320e+20	4.3290e+03	6.368e-22	2.7826e+01	9.0957e+00	1.1169e-10	6.7393e-01	3.2607e-01	1.0000e+00	5.3314e-09	1.1755e-36	4.8008e-15	1.0144e-05	9.9790e-01	2.0947e-03	1.1755e-36	7.2541e-01	2.7459e-01	8.4174e-21	1.1755e-36	1.1755e-36	1.1755e-36	8.0696e-23	0.00e+00	0.00e+00	3.5991e+01
2.65323e+20	4.1923e+03	6.027e-22	2.7826e+01	8.7346e+00	1.1389e-10	6.8691e-01	3.1309e-01	1.0000e+00	5.1498e-09	1.1755e-36	5.0231e-15	9.8270e-06	9.9800e-01	1.9897e-03	1.1755e-36	7.3745e-01	2.6255e-01	7.9963e-21	1.1755e-36	1.1755e-36	1.1755e-36	7.7485e-23	0.00e+00	0.00e+00	3.6312e+01
2.65326e+20	4.0503e+03	5.694e-22	2.7826e+01	8.3735e+00	1.1515e-10	6.9990e-01	3.0010e-01	1.0000e+00	4.9761e-09	1.1755e-36	5.2560e-15	9.5153e-06	9.9810e-01	1.8875e-03	1.1755e-36	7.4944e-01	2.5056e-01	7.5889e-21	1.1755e-36	1.1755e-36	1.1755e-36	7.3941e-23	0.00e+00	0.00e+00	3.6638e+01
2.65328e+20	3.9028e+03	5.371e-22	2.7826e+01	8.0131e+00	1.1545e-10	7.1287e-01	2.8713e-01	1.0000e+00	4.8084e-09	1.1755e-36	5.5004e-15	9.2106e-06	9.9820e-01	1.7885e-03	1.1755e-36	7.6135e-01	2.3865e-01	7.1947e-21	1.1755e-36	1.1755e-36	1.1755e-36	7.0126e-23	0.00e+00	0.00e+00	3.6970e+01
###########################
2.02451e+14	5.4880e+03	2.581e-21	2.7826e+01	3.0292e+01	6.4868e-19	6.3328e-05	9.9994e-01	5.4211e-04	9.8205e-01	1.7409e-02	1.1456e-26	1.3916e-07	9.8741e-03	9.7938e-01	1.0742e-02	1.2643e-06	4.4251e-02	9.4532e-01	1.0425e-02	1.1755e-36	1.1755e-36	9.9326e-36	0.00e+00	0.00e+00	4.5040e-06
1.21471e+15	5.4792e+03	2.583e-21	2.7826e+01	3.0290e+01	6.6689e-19	6.3422e-05	9.9994e-01	5.4264e-04	9.8208e-01	1.7377e-02	1.1680e-26	1.3996e-07	9.9121e-03	9.7934e-01	1.0744e-02	1.2670e-06	4.4273e-02	9.4534e-01	1.0385e-02	1.1755e-36	1.1755e-36	1.0369e-35	0.00e+00	0.00e+00	2.2547e-05
5.26372e+15	5.4799e+03	2.581e-21	2.7826e+01	3.0290e+01	6.7390e-19	6.3475e-05	9.9994e-01	5.4258e-04	9.8219e-01	1.7266e-02	1.1821e-26	1.4091e-07	9.9573e-03	9.7931e-01	1.0730e-02	1.2679e-06	4.4247e-02	9.4552e-01	1.0231e-02	1.1755e-36	1.1755e-36	1.0589e-35	0.00e+00	0.00e+00	9.4778e-05
2.14598e+16	5.4716e+03	2.582e-21	2.7826e+01	3.0289e+01	6.8128e-19	6.3600e-05	9.9994e-01	5.4342e-04	9.8279e-01	1.6662e-02	1.1948e-26	1.4254e-07	1.0006e-02	9.7933e-01	1.0667e-02	1.2715e-06	4.4271e-02	9.4609e-01	9.6388e-03	1.1755e-36	1.1755e-36	1.0668e-35	0.00e+00	0.00e+00	3.8427e-04
5.12606e+16	5.4717e+03	2.579e-21	2.7826e+01	3.0288e+01	6.3681e-19	6.3531e-05	9.9994e-01	5.4312e-04	9.8315e-01	1.6305e-02	1.1423e-26	1.4319e-07	1.0005e-02	9.7936e-01	1.0638e-02	1.2672e-06	4.4149e-02	9.4703e-01	8.8218e-03	1.1755e-36	1.1755e-36	9.2706e-36	0.00e+00	0.00e+00	7.6021e-04
9.00016e+16	5.4713e+03	2.576e-21	2.7826e+01	3.0286e+01	6.4301e-19	6.3483e-05	9.9994e-01	5.4330e-04	9.8409e-01	1.5364e-02	1.1468e-26	1.4409e-07	9.9983e-03	9.7944e-01	1.0557e-02	1.2644e-06	4.4071e-02	9.4808e-01	7.8439e-03	1.1755e-36	1.1755e-36	9.4378e-36	0.00e+00	0.00e+00	1.2486e-03
1.40365e+17	5.4712e+03	2.572e-21	2.7826e+01	3.0283e+01	6.3261e-19	6.3422e-05	9.9994e-01	5.4372e-04	9.8559e-01	1.3868e-02	1.1334e-26	1.4517e-07	9.9895e-03	9.7958e-01	1.0433e-02	1.2619e-06	4.4005e-02	9.4928e-01	6.7151e-03	1.1755e-36	1.1755e-36	9.1148e-36	0.00e+00	0.00e+00	1.8828e-03
2.05837e+17	5.4731e+03	2.567e-21	2.7826e+01	3.0277e+01	6.2835e-19	6.3326e-05	9.9994e-01	5.4420e-04	9.8761e-01	1.1845e-02	1.1276e-26	1.4619e-07	9.9764e-03	9.7975e-01	1.0272e-02	1.2595e-06	4.3955e-02	9.5057e-01	5.4702e-03	1.1755e-36	1.1755e-36	9.0155e-36	0.00e+00	0.00e+00	2.7061e-03
2.90951e+17	5.4705e+03	2.562e-21	2.7826e+01	3.0273e+01	6.2958e-19	6.3254e-05	9.9994e-01	5.4524e-04	9.9005e-01	9.4019e-03	1.1278e-26	1.4600e-07	9.9735e-03	9.7995e-01	1.0071e-02	1.2599e-06	4.3979e-02	9.5185e-01	4.1743e-03	1.1755e-36	1.1755e-36	9.0408e-36	0.00e+00	0.00e+00	3.7751e-03
4.01599e+17	5.4701e+03	2.556e-21	2.7826e+01	3.0267e+01	6.1893e-19	6.3152e-05	9.9994e-01	5.4614e-04	9.9266e-01	6.7937e-03	1.1167e-26	1.4675e-07	9.9634e-03	9.8018e-01	9.8556e-03	1.2606e-06	4.4024e-02	9.5305e-01	2.9275e-03	1.1755e-36	1.1755e-36	8.7507e-36	0.00e+00	0.00e+00	5.1626e-03
5.45442e+17	5.4680e+03	2.550e-21	2.7826e+01	3.0260e+01	6.0212e-19	6.3045e-05	9.9994e-01	5.4700e-04	9.9510e-01	4.3536e-03	1.0985e-26	1.4750e-07	9.9473e-03	9.8041e-01	9.6424e-03	1.2625e-06	4.4110e-02	9.5405e-01	1.8421e-03	1.1755e-36	1.1755e-36	8.2753e-36	0.00e+00	0.00e+00	6.9633e-03
7.32437e+17	5.4643e+03	2.543e-21	2.7826e+01	3.0256e+01	6.0673e-19	6.2933e-05	9.9994e-01	5.4774e-04	9.9705e-01	2.4016e-03	1.1055e-26	1.4729e-07	9.9455e-03	9.8060e-01	9.4518e-03	1.2670e-06	4.4263e-02	9.5473e-01	1.0104e-03	1.1755e-36	1.1755e-36	8.4180e-36	0.00e+00	0.00e+00	9.3001e-03
9.75531e+17	5.4550e+03	2.538e-21	2.7826e+01	3.0252e+01	5.9793e-19	6.2844e-05	9.9994e-01	5.4843e-04	9.9835e-01	1.1021e-03	1.0966e-26	1.4740e-07	9.9421e-03	9.8077e-01	9.2851e-03	1.2730e-06	4.4448e-02	9.5508e-01	4.6726e-04	1.1755e-36	1.1755e-36	8.1134e-36	0.00e+00	0.00e+00	1.2334e-02
1.29155e+18	5.4454e+03	2.531e-21	2.7826e+01	3.0249e+01	5.9566e-19	6.2733e-05	9.9994e-01	5.4880e-04	9.9905e-01	4.0529e-04	1.0946e-26	1.4738e-07	9.9380e-03	9.8092e-01	9.1418e-03	1.2792e-06	4.4630e-02	9.5519e-01	1.7547e-04	1.1755e-36	1.1755e-36	7.9968e-36	0.00e+00	0.00e+00	1.6270e-02
1.70238e+18	5.4322e+03	2.524e-21	2.7826e+01	3.0248e+01	5.9291e-19	6.2623e-05	9.9994e-01	5.4921e-04	9.9934e-01	1.1462e-04	1.0918e-26	1.4735e-07	9.9380e-03	9.8106e-01	8.9987e-03	1.2868e-06	4.4835e-02	9.5511e-01	5.1483e-05	1.1755e-36	1.1755e-36	7.8312e-36	0.00e+00	0.00e+00	2.1379e-02
2.23646e+18	5.4164e+03	2.515e-21	2.7826e+01	3.0248e+01	5.9227e-19	6.2503e-05	9.9994e-01	5.4972e-04	9.9943e-01	2.4043e-05	1.0917e-26	1.4731e-07	9.9413e-03	9.8122e-01	8.8368e-03	1.2962e-06	4.5078e-02	9.5491e-01	1.1430e-05	1.1755e-36	1.1755e-36	7.7076e-36	0.00e+00	0.00e+00	2.8007e-02
2.93076e+18	5.3967e+03	2.505e-21	2.7826e+01	3.0248e+01	5.9359e-19	6.2385e-05	9.9994e-01	5.5058e-04	9.9945e-01	3.6912e-06	1.0951e-26	1.4737e-07	9.9518e-03	9.8141e-01	8.6371e-03	1.3089e-06	4.5395e-02	9.5460e-01	1.9039e-06	1.1755e-36	1.1755e-36	7.6073e-36	0.00e+00	0.00e+00	3.6608e-02
3.83335e+18	5.3739e+03	2.492e-21	2.7826e+01	3.0249e+01	5.9659e-19	6.2262e-05	9.9994e-01	5.5188e-04	9.9945e-01	4.3244e-07	1.1030e-26	1.4755e-07	9.9714e-03	9.8164e-01	8.3885e-03	1.3260e-06	4.5813e-02	9.5419e-01	2.4633e-07	1.1755e-36	1.1755e-36	7.5375e-36	0.00e+00	0.00e+00	4.7766e-02
5.00672e+18	5.3465e+03	2.477e-21	2.7826e+01	3.0249e+01	5.8836e-19	6.2155e-05	9.9994e-01	5.5393e-04	9.9945e-01	4.1861e-08	1.1025e-26	1.4797e-07	1.0006e-02	9.8192e-01	8.0776e-03	1.3493e-06	4.6372e-02	9.5363e-01	1.1755e-36	1.1755e-36	1.1755e-36	7.1517e-36	0.00e+00	0.00e+00	6.2248e-02
6.53210e+18	5.3149e+03	2.459e-21	2.7826e+01	3.0249e+01	6.0315e-19	6.2071e-05	9.9994e-01	5.5697e-04	9.9944e-01	3.5028e-09	1.1328e-26	1.4872e-07	1.0062e-02	9.8224e-01	7.6935e-03	1.3805e-06	4.7112e-02	9.5289e-01	1.1755e-36	1.1755e-36	1.1755e-36	7.3305e-36	0.00e+00	0.00e+00	8.1048e-02
7.76398e+18	5.2725e+03	2.437e-21	2.7826e+01	3.0249e+01	5.9201e-19	6.1595e-05	9.9994e-01	5.5601e-04	9.9944e-01	5.4848e-10	1.1104e-26	1.4781e-07	1.0051e-02	9.8253e-01	7.4204e-03	1.3958e-06	4.7508e-02	9.5249e-01	1.1755e-36	1.1755e-36	1.1755e-36	6.7707e-36	0.00e+00	0.00e+00	8.9049e-02
8.54038e+18	5.2570e+03	2.429e-21	2.7826e+01	3.0249e+01	5.9195e-19	6.1569e-05	9.9994e-01	5.5758e-04	9.9944e-01	2.0556e-10	1.1185e-26	1.4826e-07	1.0086e-02	9.8267e-01	7.2422e-03	1.4117e-06	4.7874e-02	9.5212e-01	1.1755e-36	1.1755e-36	1.1755e-36	6.6898e-36	0.00e+00	0.00e+00	9.7845e-02
9.39442e+18	5.2412e+03	2.420e-21	2.7826e+01	3.0249e+01	5.9913e-19	6.1554e-05	9.9994e-01	5.5942e-04	9.9944e-01	7.5273e-11	1.1359e-26	1.4885e-07	1.0128e-02	9.8282e-01	7.0512e-03	1.4297e-06	4.8288e-02	9.5171e-01	1.1755e-36	1.1755e-36	1.1755e-36	6.7672e-36	0.00e+00	0.00e+00	1.0752e-01
1.03339e+19	5.2246e+03	2.410e-21	2.7826e+01	3.0249e+01	6.0437e-19	6.1551e-05	9.9994e-01	5.6157e-04	9.9944e-01	2.6953e-11	1.1530e-26	1.4955e-07	1.0175e-02	9.8298e-01	6.8471e-03	1.4499e-06	4.8748e-02	9.5125e-01	1.1755e-36	1.1755e-36	1.1755e-36	6.7955e-36	0.00e+00	0.00e+00	1.1816e-01
1.13672e+19	5.2069e+03	2.401e-21	2.7826e+01	3.0249e+01	6.0871e-19	6.1566e-05	9.9994e-01	5.6405e-04	9.9944e-01	9.4576e-12	1.1707e-26	1.5035e-07	1.0228e-02	9.8314e-01	6.6299e-03	1.4724e-06	4.9254e-02	9.5074e-01	1.1755e-36	1.1755e-36	1.1755e-36	6.7939e-36	0.00e+00	0.00e+00	1.2987e-01
1.25040e+19	5.1892e+03	2.390e-21	2.7826e+01	3.0249e+01	6.1627e-19	6.1592e-05	9.9994e-01	5.6691e-04	9.9943e-01	3.2730e-12	1.1945e-26	1.5128e-07	1.0289e-02	9.8331e-01	6.3987e-03	1.4975e-06	4.9819e-02	9.5018e-01	1.1755e-36	1.1755e-36	1.1755e-36	6.8703e-36	0.00e+00	0.00e+00	1.4275e-01
1.37544e+19	5.1707e+03	2.379e-21	2.7826e+01	3.0249e+01	6.2252e-19	6.1640e-05	9.9994e-01	5.7023e-04	9.9943e-01	1.1356e-12	1.2196e-26	1.5236e-07	1.0358e-02	9.8349e-01	6.1532e-03	1.5257e-06	5.0451e-02	9.4955e-01	1.1755e-36	1.1755e-36	1.1755e-36	6.9106e-36	0.00e+00	0.00e+00	1.5693e-01
1.51298e+19	5.1519e+03	2.368e-21	2.7826e+01	3.0249e+01	6.1675e-19	6.1711e-05	9.9994e-01	5.7406e-04	9.9943e-01	4.1137e-13	1.2343e-26	1.5362e-07	1.0437e-02	9.8367e-01	5.8940e-03	1.5574e-06	5.1156e-02	9.4884e-01	1.1755e-36	1.1755e-36	1.1755e-36	6.6781e-36	0.00e+00	0.00e+00	1.7255e-01
1.66428e+19	5.1324e+03	2.356e-21	2.7826e+01	3.0249e+01	6.3238e-19	6.1811e-05	9.9994e-01	5.7851e-04	9.9942e-01	1.6858e-13	1.2770e-26	1.5508e-07	1.0528e-02	9.8385e-01	5.6208e-03	1.5933e-06	5.1948e-02	9.4805e-01	1.1755e-36	1.1755e-36	1.1755e-36	6.9263e-36	0.00e+00	0.00e+00	1.8976e-01
1.83071e+19	5.1129e+03	2.343e-21	2.7826e+01	3.0248e+01	6.3773e-19	6.1942e-05	9.9994e-01	5.8365e-04	9.9942e-01	8.5957e-14	1.3127e-26	1.5677e-07	1.0631e-02	9.8403e-01	5.3343e-03	1.6338e-06	5.2837e-02	9.4716e-01	1.1755e-36	1.1755e-36	1.1755e-36	6.9469e-36	0.00e+00	0.00e+00	2.0873e-01
2.01378e+19	5.0929e+03	2.331e-21	2.7826e+01	3.0248e+01	6.4967e-19	6.2115e-05	9.9994e-01	5.8963e-04	9.9941e-01	5.5566e-14	1.3617e-26	1.5875e-07	1.0750e-02	9.8422e-01	5.0348e-03	1.6799e-06	5.3842e-02	9.4616e-01	1.1755e-36	1.1755e-36	1.1755e-36	7.1133e-36	0.00e+00	0.00e+00	2.2966e-01
2.21516e+19	5.0729e+03	2.317e-21	2.7826e+01	3.0248e+01	6.6273e-19	6.2338e-05	9.9994e-01	5.9661e-04	9.9940e-01	4.2082e-14	1.4202e-26	1.6111e-07	1.0890e-02	9.8439e-01	4.7226e-03	1.7333e-06	5.4998e-02	9.4500e-01	1.1755e-36	1.1755e-36	1.1755e-36	7.3113e-36	0.00e+00	0.00e+00	2.5276e-01
2.43667e+19	5.0536e+03	2.303e-21	2.7826e+01	3.0248e+01	6.4265e-19	6.2601e-05	9.9994e-01	6.0462e-04	9.9940e-01	3.4243e-14	1.4444e-26	1.6373e-07	1.1042e-02	9.8456e-01	4.4017e-03	1.7927e-06	5.6274e-02	9.4372e-01	1.1755e-36	1.1755e-36	1.1755e-36	6.7695e-36	0.00e+00	0.00e+00	2.7828e-01
2.68034e+19	5.0341e+03	2.289e-21	2.7826e+01	3.0248e+01	6.3778e-19	6.2937e-05	9.9994e-01	6.1409e-04	9.9939e-01	2.8518e-14	1.4961e-26	1.6688e-07	1.1223e-02	9.8471e-01	4.0706e-03	1.8623e-06	5.7759e-02	9.4224e-01	1.1755e-36	1.1755e-36	1.1755e-36	6.5620e-36	0.00e+00	0.00e+00	3.0650e-01
2.94837e+19	5.0154e+03	2.275e-21	2.7826e+01	3.0248e+01	6.6089e-19	6.3347e-05	9.9994e-01	6.2518e-04	9.9937e-01	2.3819e-14	1.5974e-26	1.7058e-07	1.1433e-02	9.8483e-01	3.7324e-03	1.9432e-06	5.9469e-02	9.4053e-01	1.1755e-36	1.1755e-36	1.1755e-36	6.9933e-36	0.00e+00	0.00e+00	3.3774e-01
3.24321e+19	4.9980e+03	2.260e-21	2.7826e+01	3.0248e+01	6.7448e-19	6.3842e-05	9.9994e-01	6.3821e-04	9.9936e-01	1.9790e-14	1.7041e-26	1.7492e-07	1.1676e-02	9.8493e-01	3.3896e-03	2.0378e-06	6.1449e-02	9.3855e-01	1.1755e-36	1.1755e-36	1.1755e-36	7.2462e-36	0.00e+00	0.00e+00	3.7238e-01
3.56753e+19	4.9820e+03	2.245e-21	2.7826e+01	3.0248e+01	6.9451e-19	6.4442e-05	9.9994e-01	6.5363e-04	9.9935e-01	1.6297e-14	1.8424e-26	1.8007e-07	1.1962e-02	9.8499e-01	3.0448e-03	2.1495e-06	6.3767e-02	9.3623e-01	1.1755e-36	1.1755e-36	1.1755e-36	7.6783e-36	0.00e+00	0.00e+00	4.1084e-01
3.92428e+19	4.9682e+03	2.229e-21	2.7826e+01	3.0248e+01	7.0059e-19	6.5164e-05	9.9993e-01	6.7198e-04	9.9933e-01	1.3272e-14	1.9898e-26	1.8620e-07	1.2297e-02	9.8500e-01	2.7012e-03	2.2828e-06	6.6502e-02	9.3350e-01	1.1755e-36	1.1755e-36	1.1755e-36	7.8295e-36	0.00e+00	0.00e+00	4.5362e-01
4.31671e+19	4.9573e+03	2.213e-21	2.7826e+01	3.0248e+01	6.9782e-19	6.6028e-05	9.9993e-01	6.9397e-04	9.9931e-01	1.0668e-14	2.1603e-26	1.9355e-07	1.2695e-02	9.8494e-01	2.3624e-03	2.4434e-06	6.9764e-02	9.3023e-01	1.1755e-36	1.1755e-36	1.1755e-36	7.8156e-36	0.00e+00	0.00e+00	5.0130e-01
4.74838e+19	4.9502e+03	2.197e-21	2.7826e+01	3.0247e+01	7.3472e-19	6.7061e-05	9.9993e-01	7.2054e-04	9.9928e-01	8.4442e-15	2.4484e-26	2.0241e-07	1.3169e-02	9.8480e-01	2.0324e-03	2.6397e-06	7.3702e-02	9.2630e-01	1.1755e-36	1.1755e-36	1.1755e-36	8.8201e-36	0.00e+00	0.00e+00	5.5457e-01
5.22322e+19	4.9456e+03	2.181e-21	2.7826e+01	3.0247e+01	7.4670e-19	6.8338e-05	9.9993e-01	7.5322e-04	9.9925e-01	6.5627e-15	2.7770e-26	2.1343e-07	1.3757e-02	9.8453e-01	1.7139e-03	2.8882e-06	7.8601e-02	9.2140e-01	1.1755e-36	1.1755e-36	1.1755e-36	9.3181e-36	0.00e+00	0.00e+00	6.1428e-01
5.74554e+19	4.9480e+03	2.164e-21	2.7826e+01	3.0247e+01	7.8256e-19	6.9836e-05	9.9993e-01	7.9339e-04	9.9921e-01	4.9918e-15	3.2626e-26	2.2692e-07	1.4462e-02	9.8412e-01	1.4135e-03	3.1993e-06	8.4660e-02	9.1534e-01	1.1755e-36	1.1755e-36	1.1755e-36	1.0627e-35	0.00e+00	0.00e+00	6.8141e-01
6.32010e+19	4.9618e+03	2.146e-21	2.7826e+01	3.0246e+01	7.7714e-19	7.1598e-05	9.9993e-01	8.4377e-04	9.9916e-01	3.7015e-15	3.8279e-26	2.4364e-07	1.5329e-02	9.8354e-01	1.1350e-03	3.5995e-06	9.2332e-02	9.0766e-01	1.1755e-36	1.1755e-36	1.1755e-36	1.1074e-35	0.00e+00	0.00e+00	7.5711e-01
6.95211e+19	4.9822e+03	2.129e-21	2.7826e+01	3.0246e+01	8.2798e-19	7.3749e-05	9.9993e-01	9.0860e-04	9.9909e-01	2.6598e-15	4.8047e-26	2.6498e-07	1.6428e-02	9.8269e-01	8.8135e-04	4.1358e-06	1.0242e-01	8.9758e-01	1.1755e-36	1.1755e-36	1.1755e-36	1.3582e-35	0.00e+00	0.00e+00	8.4288e-01
7.64732e+19	5.0116e+03	2.112e-21	2.7826e+01	3.0245e+01	8.7185e-19	7.6397e-05	9.9992e-01	9.9420e-04	9.9901e-01	1.8353e-15	6.2590e-26	2.9334e-07	1.7866e-02	9.8148e-01	6.5645e-04	4.8819e-06	1.1611e-01	8.8389e-01	1.1755e-36	1.1755e-36	1.1755e-36	1.6682e-35	0.00e+00	0.00e+00	9.4061e-01
8.36898e+19	5.0669e+03	2.089e-21	2.7826e+01	3.0244e+01	8.8568e-19	7.9157e-05	9.9992e-01	1.1009e-03	9.9890e-01	1.2144e-15	8.3087e-26	3.2780e-07	1.9610e-02	9.7991e-01	4.7582e-04	5.8721e-06	1.3409e-01	8.6591e-01	1.1755e-36	1.1755e-36	1.1755e-36	2.0155e-35	0.00e+00	0.00e+00	1.0400e+00
9.05333e+19	5.1303e+03	2.069e-21	2.7826e+01	3.0243e+01	9.0888e-19	8.1988e-05	9.9992e-01	1.2285e-03	9.9877e-01	8.1027e-16	1.1303e-25	3.6784e-07	2.1634e-02	9.7802e-01	3.4263e-04	7.1355e-06	1.5664e-01	8.4335e-01	1.1755e-36	1.1755e-36	1.1755e-36	2.5557e-35	0.00e+00	0.00e+00	1.1342e+00
9.68429e+19	5.2092e+03	2.048e-21	2.7826e+01	3.0242e+01	9.1567e-19	8.4742e-05	9.9992e-01	1.3769e-03	9.9862e-01	5.5358e-16	1.5440e-25	4.1334e-07	2.3925e-02	9.7583e-01	2.4663e-04	8.6998e-06	1.8409e-01	8.1590e-01	1.1755e-36	1.1755e-36	1.1755e-36	3.2288e-35	0.00e+00	0.00e+00	1.2247e+00
1.02838e+20	5.3066e+03	2.025e-21	2.7826e+01	3.0241e+01	8.8951e-19	8.7454e-05	9.9991e-01	1.5560e-03	9.9844e-01	3.7789e-16	2.1209e-25	4.6657e-07	2.6599e-02	9.7323e-01	1.7540e-04	1.0693e-05	2.1848e-01	7.8151e-01	1.1755e-36	1.1755e-36	1.1755e-36	3.9719e-35	0.00e+00	0.00e+00	1.3155e+00
1.08700e+20	5.4297e+03	1.997e-21	2.7826e+01	3.0240e+01	8.7413e-19	9.0087e-05	9.9991e-01	1.7804e-03	9.9822e-01	2.5206e-16	3.0284e-25	5.3080e-07	2.9831e-02	9.7005e-01	1.2178e-04	1.3324e-05	2.6324e-01	7.3675e-01	1.1755e-36	1.1755e-36	1.1755e-36	5.3314e-35	0.00e+00	0.00e+00	1.4075e+00
1.14423e+20	5.5873e+03	1.962e-21	2.7826e+01	3.0238e+01	8.2502e-19	9.2496e-05	9.9991e-01	2.0714e-03	9.9793e-01	1.6362e-16	4.4123e-25	6.1007e-07	3.3843e-02	9.6607e-01	8.2190e-05	1.6827e-05	3.2219e-01	6.7779e-01	1.1755e-36	1.1755e-36	1.1755e-36	7.1402e-35	0.00e+00	0.00e+00	1.4990e+00
1.19751e+20	5.7837e+03	1.921e-21	2.7826e+01	3.0236e+01	7.2494e-19	9.4293e-05	9.9991e-01	2.4389e-03	9.9756e-01	1.0415e-16	6.3311e-25	6.9997e-07	3.8441e-02	9.6150e-01	5.4748e-05	2.1255e-05	3.9694e-01	6.0304e-01	1.1755e-36	1.1755e-36	1.1755e-36	8.9820e-35	0.00e+00	0.00e+00	1.5822e+00
1.24432e+20	6.0040e+03	1.876e-21	2.7826e+01	3.0234e+01	6.2869e-19	9.5466e-05	9.9990e-01	2.8858e-03	9.9711e-01	6.7846e-17	8.9660e-25	8.0121e-07	4.3690e-02	9.5627e-01	3.6642e-05	2.6371e-05	4.8324e-01	5.1674e-01	1.1755e-36	1.1755e-36	1.1755e-36	1.1411e-34	0.00e+00	0.00e+00	1.6549e+00
1.28371e+20	6.2278e+03	1.832e-21	2.7826e+01	3.0231e+01	5.4511e-19	9.6099e-05	9.9990e-01	3.4129e-03	9.9659e-01	4.5420e-17	1.2243e-24	9.0919e-07	4.9358e-02	9.5062e-01	2.5081e-05	3.1689e-05	5.7307e-01	4.2690e-01	1.1755e-36	1.1755e-36	1.1755e-36	1.4234e-34	0.00e+00	0.00e+00	1.7147e+00
1.31621e+20	6.4308e+03	1.794e-21	2.7826e+01	3.0228e+01	4.7146e-19	9.6502e-05	9.9990e-01	4.0255e-03	9.9597e-01	3.1986e-17	1.5848e-24	1.0224e-06	5.5338e-02	9.4464e-01	1.7662e-05	3.6676e-05	6.5658e-01	3.4339e-01	1.1755e-36	1.1755e-36	1.1755e-36	1.6457e-34	0.00e+00	0.00e+00	1.7649e+00
1.34336e+20	6.6052e+03	1.764e-21	2.7826e+01	3.0225e+01	4.1883e-19	9.6849e-05	9.9990e-01	4.7446e-03	9.9526e-01	2.3182e-17	1.9770e-24	1.1416e-06	6.1651e-02	9.3834e-01	1.2783e-05	4.1084e-05	7.2920e-01	2.7076e-01	1.1755e-36	1.1755e-36	1.1755e-36	1.8536e-34	0.00e+00	0.00e+00	1.8069e+00
1.36610e+20	6.7425e+03	1.742e-21	2.7826e+01	3.0222e+01	3.8755e-19	9.7288e-05	9.9990e-01	5.5955e-03	9.9440e-01	1.7361e-17	2.4010e-24	1.2676e-06	6.8301e-02	9.3169e-01	9.5049e-06	4.4807e-05	7.8863e-01	2.1132e-01	1.1755e-36	1.1755e-36	1.1755e-36	2.0761e-34	0.00e+00	0.00e+00	1.8424e+00
1.38516e+20	6.8444e+03	1.727e-21	2.7826e+01	3.0219e+01	3.6860e-19	9.7836e-05	9.9990e-01	6.5983e-03	9.9340e-01	1.3739e-17	2.8414e-24	1.3993e-06	7.5224e-02	9.2477e-01	7.2618e-06	4.7855e-05	8.3522e-01	1.6474e-01	1.1755e-36	1.1755e-36	1.1755e-36	2.2768e-34	0.00e+00	0.00e+00	1.8722e+00
1.40110e+20	6.9221e+03	1.717e-21	2.7826e+01	3.0217e+01	3.5958e-19	9.8421e-05	9.9990e-01	7.7804e-03	9.9222e-01	1.0893e-17	3.2931e-24	1.5331e-06	8.2187e-02	9.1781e-01	5.7029e-06	5.0271e-05	8.7053e-01	1.2942e-01	1.1755e-36	1.1755e-36	1.1755e-36	2.4918e-34	0.00e+00	0.00e+00	1.8974e+00
1.41445e+20	6.9686e+03	1.712e-21	2.7826e+01	3.0213e+01	3.5434e-19	9.9111e-05	9.9990e-01	9.1546e-03	9.9085e-01	8.8603e-18	3.7441e-24	1.6722e-06	8.9407e-02	9.1059e-01	4.5862e-06	5.2257e-05	8.9729e-01	1.0266e-01	1.1755e-36	1.1755e-36	1.1755e-36	2.6351e-34	0.00e+00	0.00e+00	1.9185e+00
1.42570e+20	7.0001e+03	1.709e-21	2.7826e+01	3.0208e+01	3.5230e-19	9.9775e-05	9.9990e-01	1.0742e-02	9.8926e-01	7.3792e-18	4.1816e-24	1.8069e-06	9.6453e-02	9.0354e-01	3.7688e-06	5.3836e-05	9.1742e-01	8.2524e-02	1.1755e-36	1.1755e-36	1.1755e-36	2.7554e-34	0.00e+00	0.00e+00	1.9367e+00
1.43533e+20	7.0219e+03	1.709e-21	2.7826e+01	3.0203e+01	3.4832e-19	1.0042e-04	9.9990e-01	1.2620e-02	9.8738e-01	6.2525e-18	4.5935e-24	1.9421e-06	1.0345e-01	8.9655e-01	3.1489e-06	5.5133e-05	9.3291e-01	6.7035e-02	1.1755e-36	1.1755e-36	1.1755e-36	2.7975e-34	0.00e+00	0.00e+00	1.9524e+00
1.44364e+20	7.0353e+03	1.709e-21	2.7826e+01	3.0198e+01	3.4077e-19	1.0106e-04	9.9990e-01	1.4853e-02	9.8515e-01	5.3594e-18	4.9642e-24	2.0775e-06	1.1036e-01	8.8964e-01	2.6684e-06	5.6222e-05	9.4505e-01	5.4892e-02	1.1755e-36	1.1755e-36	1.1755e-36	2.7350e-34	0.00e+00	0.00e+00	1.9660e+00
1.45072e+20	7.0414e+03	1.711e-21	2.7826e+01	3.0192e+01	3.4565e-19	1.0164e-04	9.9990e-01	1.7476e-02	9.8252e-01	4.6556e-18	5.3848e-24	2.2069e-06	1.1703e-01	8.8297e-01	2.2932e-06	5.7132e-05	9.5458e-01	4.5361e-02	1.1755e-36	1.1755e-36	1.1755e-36	2.8421e-34	0.00e+00	0.00e+00	1.9776e+00
1.45673e+20	7.0426e+03	1.713e-21	2.7826e+01	3.0185e+01	3.4954e-19	1.0218e-04	9.9990e-01	2.0530e-02	9.7947e-01	4.0982e-18	5.7753e-24	2.3296e-06	1.2334e-01	8.7665e-01	1.9965e-06	5.7889e-05	9.6209e-01	3.7855e-02	1.1755e-36	1.1755e-36	1.1755e-36	2.9136e-34	0.00e+00	0.00e+00	1.9876e+00
1.46186e+20	7.0403e+03	1.716e-21	2.7826e+01	3.0176e+01	3.5404e-19	1.0267e-04	9.9990e-01	2.4095e-02	9.7591e-01	3.6436e-18	6.1449e-24	2.4449e-06	1.2927e-01	8.7072e-01	1.7568e-06	5.8529e-05	9.6810e-01	3.1845e-02	1.1755e-36	1.1755e-36	1.1755e-36	2.9788e-34	0.00e+00	0.00e+00	1.9961e+00
1.46628e+20	7.0335e+03	1.720e-21	2.7826e+01	3.0168e+01	3.5945e-19	1.0316e-04	9.9990e-01	2.8301e-02	9.7170e-01	3.2629e-18	6.4967e-24	2.5541e-06	1.3484e-01	8.6515e-01	1.5586e-06	5.9089e-05	9.7301e-01	2.6934e-02	1.1755e-36	1.1755e-36	1.1755e-36	3.0381e-34	0.00e+00	0.00e+00	2.0035e+00
1.47008e+20	7.0270e+03	1.723e-21	2.7826e+01	3.0158e+01	3.6409e-19	1.0356e-04	9.9990e-01	3.3239e-02	9.6676e-01	2.9373e-18	6.8205e-24	2.6546e-06	1.4001e-01	8.5999e-01	1.3934e-06	5.9560e-05	9.7707e-01	2.2871e-02	1.1755e-36	1.1755e-36	1.1755e-36	3.0858e-34	0.00e+00	0.00e+00	2.0099e+00
1.47336e+20	7.0193e+03	1.725e-21	2.7826e+01	3.0140e+01	3.6821e-19	1.0388e-04	9.9990e-01	3.8989e-02	9.6101e-01	2.6545e-18	7.1104e-24	2.7441e-06	1.4473e-01	8.5527e-01	1.2543e-06	5.9947e-05	9.8045e-01	1.9490e-02	1.1755e-36	1.1755e-36	1.1755e-36	3.1185e-34	0.00e+00	0.00e+00	2.0154e+00
1.47618e+20	7.0124e+03	1.728e-21	2.7826e+01	3.0128e+01	3.7246e-19	1.0420e-04	9.9990e-01	4.5777e-02	9.5422e-01	2.4135e-18	7.3829e-24	2.8288e-06	1.4901e-01	8.5098e-01	1.1352e-06	6.0293e-05	9.8329e-01	1.6648e-02	1.1755e-36	1.1755e-36	1.1755e-36	3.1558e-34	0.00e+00	0.00e+00	2.0202e+00
1.47862e+20	7.0013e+03	1.730e-21	2.7826e+01	3.0105e+01	3.7713e-19	1.0446e-04	9.9990e-01	5.3721e-02	9.4628e-01	2.1917e-18	7.6239e-24	2.9018e-06	1.5290e-01	8.4710e-01	1.0320e-06	6.0578e-05	9.8571e-01	1.4226e-02	1.1755e-36	1.1755e-36	1.1755e-36	3.1800e-34	0.00e+00	0.00e+00	2.0244e+00
1.48073e+20	6.9914e+03	1.732e-21	2.7826e+01	3.0081e+01	3.8148e-19	1.0468e-04	9.9990e-01	6.3026e-02	9.3697e-01	1.9947e-18	7.8415e-24	2.9678e-06	1.5636e-01	8.4363e-01	9.4209e-07	6.0822e-05	9.8778e-01	1.2162e-02	1.1755e-36	1.1755e-36	1.1755e-36	3.2036e-34	0.00e+00	0.00e+00	2.0280e+00
1.48255e+20	6.9822e+03	1.734e-21	2.7826e+01	3.0063e+01	3.8555e-19	1.0490e-04	9.9990e-01	7.3984e-02	9.2602e-01	1.8238e-18	8.0396e-24	3.0282e-06	1.5946e-01	8.4054e-01	8.6271e-07	6.1043e-05	9.8955e-01	1.0386e-02	1.1755e-36	1.1755e-36	1.1755e-36	3.2252e-34	0.00e+00	0.00e+00	2.0311e+00
1.48412e+20	6.9706e+03	1.734e-21	2.7826e+01	3.0025e+01	3.8944e-19	1.0502e-04	9.9989e-01	8.6706e-02	9.1329e-01	1.6577e-18	8.1994e-24	3.0763e-06	1.6214e-01	8.3785e-01	7.9253e-07	6.1191e-05	9.9108e-01	8.8568e-03	1.1755e-36	1.1755e-36	1.1755e-36	3.2309e-34	0.00e+00	0.00e+00	2.0338e+00
1.48549e+20	6.9609e+03	1.735e-21	2.7826e+01	3.0001e+01	3.9308e-19	1.0516e-04	9.9989e-01	1.0161e-01	8.9839e-01	1.5139e-18	8.3494e-24	3.1215e-06	1.6453e-01	8.3547e-01	7.2938e-07	6.1342e-05	9.9241e-01	7.5330e-03	1.1755e-36	1.1755e-36	1.1755e-36	3.2418e-34	0.00e+00	0.00e+00	2.0361e+00
1.48668e+20	6.9491e+03	1.735e-21	2.7826e+01	2.9957e+01	3.9662e-19	1.0522e-04	9.9989e-01	1.1897e-01	8.8103e-01	1.3733e-18	8.4666e-24	3.1567e-06	1.6657e-01	8.3343e-01	6.7238e-07	6.1433e-05	9.9356e-01	6.3831e-03	1.1755e-36	1.1755e-36	1.1755e-36	3.2393e-34	0.00e+00	0.00e+00	2.0382e+00
1.48772e+20	6.9385e+03	1.733e-21	2.7826e+01	2.9917e+01	3.9971e-19	1.0526e-04	9.9989e-01	1.3924e-01	8.6076e-01	1.2426e-18	8.5684e-24	3.1877e-06	1.6834e-01	8.3165e-01	6.2020e-07	6.1508e-05	9.9456e-01	5.3818e-03	1.1755e-36	1.1755e-36	1.1755e-36	3.2355e-34	0.00e+00	0.00e+00	2.0400e+00
1.48864e+20	6.9245e+03	1.730e-21	2.7826e+01	2.9850e+01	4.0304e-19	1.0522e-04	9.9989e-01	1.6278e-01	8.3722e-01	1.1083e-18	8.6368e-24	3.2090e-06	1.6980e-01	8.3020e-01	5.7244e-07	6.1518e-05	9.9543e-01	4.5129e-03	1.1755e-36	1.1755e-36	1.1755e-36	3.2162e-34	0.00e+00	0.00e+00	2.0416e+00
1.48945e+20	6.9150e+03	1.726e-21	2.7826e+01	2.9801e+01	4.0525e-19	1.0518e-04	9.9989e-01	1.9022e-01	8.0978e-01	9.8464e-19	8.6995e-24	3.2284e-06	1.7107e-01	8.2892e-01	5.2796e-07	6.1533e-05	9.9618e-01	3.7566e-03	1.1755e-36	1.1755e-36	1.1755e-36	3.2029e-34	0.00e+00	0.00e+00	2.0430e+00
1.49017e+20	6.8967e+03	1.721e-21	2.7826e+01	2.9719e+01	4.0935e-19	1.0510e-04	9.9989e-01	2.2207e-01	7.7793e-01	8.4560e-19	8.7376e-24	3.2406e-06	1.7212e-01	8.2788e-01	4.8633e-07	6.1505e-05	9.9684e-01	3.1031e-03	1.1755e-36	1.1755e-36	1.1755e-36	3.1734e-34	0.00e+00	0.00e+00	2.0442e+00
1.49081e+20	6.8890e+03	1.714e-21	2.7826e+01	2.9647e+01	4.1002e-19	1.0492e-04	9.9990e-01	2.5873e-01	7.4127e-01	7.4264e-19	8.7529e-24	3.2471e-06	1.7291e-01	8.2708e-01	4.4758e-07	6.1431e-05	9.9740e-01	2.5410e-03	1.1755e-36	1.1755e-36	1.1755e-36	3.1435e-34	0.00e+00	0.00e+00	2.0454e+00
1.49139e+20	6.8705e+03	1.706e-21	2.7826e+01	2.9557e+01	4.1389e-19	1.0478e-04	9.9990e-01	3.0108e-01	6.9892e-01	6.5843e-19	8.7644e-24	3.2506e-06	1.7361e-01	8.2639e-01	4.1040e-07	6.1358e-05	9.9788e-01	2.0602e-03	1.1755e-36	1.1755e-36	1.1755e-36	3.1095e-34	0.00e+00	0.00e+00	2.0464e+00
1.49192e+20	6.8537e+03	1.693e-21	2.7826e+01	2.9425e+01	4.1546e-19	1.0446e-04	9.9990e-01	3.4932e-01	6.5068e-01	5.6082e-19	8.7243e-24	3.2437e-06	1.7396e-01	8.2604e-01	3.7546e-07	6.1174e-05	9.9829e-01	1.6526e-03	1.1755e-36	1.1755e-36	1.1755e-36	3.0453e-34	0.00e+00	0.00e+00	2.0473e+00
1.49241e+20	6.8352e+03	1.680e-21	2.7826e+01	2.9318e+01	4.1869e-19	1.0423e-04	9.9990e-01	4.0462e-01	5.9538e-01	4.6831e-19	8.7053e-24	3.2378e-06	1.7434e-01	8.2566e-01	3.4113e-07	6.1042e-05	9.9863e-01	1.3068e-03	1.1755e-36	1.1755e-36	1.1755e-36	3.0018e-34	0.00e+00	0.00e+00	2.0482e+00
1.49287e+20	6.8118e+03	1.665e-21	2.7826e+01	2.9181e+01	4.2255e-19	1.0394e-04	9.9990e-01	4.6716e-01	5.3284e-01	3.7511e-19	8.6639e-24	3.2288e-06	1.7455e-01	8.2544e-01	3.0771e-07	6.0862e-05	9.9892e-01	1.0172e-03	1.1755e-36	1.1755e-36	1.1755e-36	2.9419e-34	0.00e+00	0.00e+00	2.0490e+00
1.49331e+20	6.7895e+03	1.646e-21	2.7826e+01	2.9023e+01	4.2514e-19	1.0355e-04	9.9990e-01	5.3668e-01	4.6332e-01	2.8966e-19	8.5950e-24	3.2116e-06	1.7456e-01	8.2544e-01	2.7504e-07	6.0623e-05	9.9916e-01	7.7756e-04	1.1755e-36	1.1755e-36	1.1755e-36	2.8693e-34	0.00e+00	0.00e+00	2.0498e+00
1.49381e+20	6.7595e+03	1.620e-21	2.7826e+01	2.8795e+01	4.2796e-19	1.0298e-04	9.9990e-01	6.2350e-01	3.7650e-01	2.0485e-19	8.4771e-24	3.1814e-06	1.7428e-01	8.2572e-01	2.3728e-07	6.0265e-05	9.9938e-01	5.6171e-04	1.1755e-36	1.1755e-36	1.1755e-36	2.7627e-34	0.00e+00	0.00e+00	2.0508e+00
1.49436e+20	6.7236e+03	1.591e-21	2.7826e+01	2.8561e+01	4.3260e-19	1.0245e-04	9.9990e-01	7.2196e-01	2.7804e-01	1.2241e-19	8.3640e-24	3.1513e-06	1.7400e-01	8.2600e-01	1.9798e-07	5.9922e-05	9.9956e-01	3.7542e-04	1.1755e-36	1.1755e-36	1.1755e-36	2.6582e-34	0.00e+00	0.00e+00	2.0518e+00
1.49487e+20	6.6895e+03	1.567e-21	2.7826e+01	2.8376e+01	4.3871e-19	1.0213e-04	9.9990e-01	8.0788e-01	1.9212e-01	6.9819e-20	8.2903e-24	3.1292e-06	1.7383e-01	8.2616e-01	1.6269e-07	5.9691e-05	9.9969e-01	2.4990e-04	1.1755e-36	1.1755e-36	1.1755e-36	2.5837e-34	0.00e+00	0.00e+00	2.0526e+00
1.49544e+20	6.6624e+03	1.543e-21	2.7826e+01	2.8189e+01	4.4175e-19	1.0177e-04	9.9990e-01	8.8256e-01	1.1744e-01	3.4816e-20	8.1989e-24	3.1041e-06	1.7349e-01	8.2650e-01	1.2721e-07	5.9442e-05	9.9978e-01	1.5892e-04	1.1755e-36	1.1755e-36	1.1755e-36	2.5013e-34	0.00e+00	0.00e+00	2.0538e+00
1.49619e+20	6.6377e+03	1.524e-21	2.7826e+01	2.8029e+01	4.4456e-19	1.0157e-04	9.9990e-01	9.4303e-01	5.6968e-02	1.2395e-20	8.1296e-24	3.0846e-06	1.7324e-01	8.2676e-01	1.1755e-36	5.9279e-05	9.9985e-01	8.7850e-05	1.1755e-36	1.1755e-36	1.1755e-36	2.4284e-34	0.00e+00	0.00e+00	2.0553e+00
1.49716e+20	6.6204e+03	1.512e-21	2.7826e+01	2.7913e+01	4.4719e-19	1.0153e-04	9.9990e-01	9.7884e-01	2.1158e-02	3.0305e-21	8.0945e-24	3.0727e-06	1.7308e-01	8.2692e-01	1.1755e-36	5.9213e-05	9.9990e-01	4.0727e-05	1.1755e-36	1.1755e-36	1.1755e-36	2.3830e-34	0.00e+00	0.00e+00	2.0573e+00
1.49842e+20	6.6152e+03	1.507e-21	2.7826e+01	2.7871e+01	4.4716e-19	1.0173e-04	9.9990e-01	9.9363e-01	6.3684e-03	5.3133e-22	8.1010e-24	3.0736e-06	1.7315e-01	8.2685e-01	1.1755e-36	5.9291e-05	9.9993e-01	1.5224e-05	1.1755e-36	1.1755e-36	1.1755e-36	2.3577e-34	0.00e+00	0.00e+00	2.0598e+00
1.50005e+20	6.6156e+03	1.507e-21	2.7826e+01	2.7855e+01	4.4568e-19	1.0201e-04	9.9990e-01	9.9791e-01	2.0858e-03	8.6787e-23	8.1220e-24	3.0790e-06	1.7332e-01	8.2668e-01	1.1755e-36	5.9427e-05	9.9994e-01	4.3932e-06	1.1755e-36	1.1755e-36	1.1755e-36	2.3376e-34	0.00e+00	0.00e+00	2.0631e+00
1.50218e+20	6.6186e+03	1.508e-21	2.7826e+01	2.7856e+01	4.4373e-19	1.0241e-04	9.9990e-01	9.9884e-01	1.1626e-03	1.9791e-23	8.1616e-24	3.0898e-06	1.7360e-01	8.2639e-01	1.1755e-36	5.9624e-05	9.9994e-01	9.3389e-07	1.1755e-36	1.1755e-36	1.1755e-36	2.3226e-34	0.00e+00	0.00e+00	2.0675e+00
1.50495e+20	6.6232e+03	1.509e-21	2.7826e+01	2.7863e+01	4.4132e-19	1.0287e-04	9.9990e-01	9.9905e-01	9.4659e-04	5.1027e-24	8.2123e-24	3.1031e-06	1.7399e-01	8.2600e-01	1.1755e-36	5.9859e-05	9.9994e-01	1.4056e-07	1.1755e-36	1.1755e-36	1.1755e-36	2.3080e-34	0.00e+00	0.00e+00	2.0731e+00
1.50855e+20	6.6228e+03	1.511e-21	2.7826e+01	2.7863e+01	4.4190e-19	1.0344e-04	9.9990e-01	9.9917e-01	8.3315e-04	1.0210e-24	8.2885e-24	3.1188e-06	1.7454e-01	8.2545e-01	1.1755e-36	6.0148e-05	9.9994e-01	1.4645e-08	1.1755e-36	1.1755e-36	1.1755e-36	2.3054e-34	0.00e+00	0.00e+00	2.0805e+00
1.51322e+20	6.6356e+03	1.511e-21	2.7826e+01	2.7863e+01	4.3186e-19	1.0399e-04	9.9990e-01	9.9926e-01	7.4350e-04	1.3556e-25	8.3210e-24	3.1363e-06	1.7508e-01	8.2491e-01	1.1755e-36	6.0443e-05	9.9994e-01	1.0334e-09	1.1755e-36	1.1755e-36	1.1755e-36	2.2389e-34	0.00e+00	0.00e+00	2.0901e+00
1.51930e+20	6.6333e+03	1.515e-21	2.7826e+01	2.7864e+01	4.3361e-19	1.0486e-04	9.9990e-01	9.9934e-01	6.6421e-04	1.1755e-36	8.4462e-24	3.1625e-06	1.7604e-01	8.2395e-01	1.1755e-36	6.0886e-05	9.9994e-01	4.6760e-11	1.1755e-36	1.1755e-36	1.1755e-36	2.2383e-34	0.00e+00	0.00e+00	2.1028e+00
1.52720e+20	6.6486e+03	1.516e-21	2.7826e+01	2.7863e+01	4.1901e-19	1.0574e-04	9.9989e-01	9.9940e-01	6.0188e-04	1.1755e-36	8.5023e-24	3.1907e-06	1.7705e-01	8.2294e-01	1.1755e-36	6.1362e-05	9.9994e-01	1.2038e-12	1.1755e-36	1.1755e-36	1.1755e-36	2.1304e-34	0.00e+00	0.00e+00	2.1194e+00
1.53748e+20	6.6531e+03	1.520e-21	2.7826e+01	2.7862e+01	4.1228e-19	1.0703e-04	9.9989e-01	9.9945e-01	5.4800e-04	1.1755e-36	8.6492e-24	3.2315e-06	1.7860e-01	8.2140e-01	1.1755e-36	6.2039e-05	9.9994e-01	1.4596e-14	1.1755e-36	1.1755e-36	1.1755e-36	2.0628e-34	0.00e+00	0.00e+00	2.1412e+00
1.55083e+20	6.6624e+03	1.524e-21	2.7826e+01	2.7862e+01	4.1154e-19	1.0862e-04	9.9989e-01	9.9950e-01	4.9999e-04	1.1755e-36	8.9025e-24	3.2845e-06	1.8059e-01	8.1941e-01	1.1755e-36	6.2890e-05	9.9994e-01	6.3114e-17	1.1755e-36	1.1755e-36	1.1755e-36	2.0623e-34	0.00e+00	0.00e+00	2.1700e+00
1.56819e+20	6.6753e+03	1.529e-21	2.7826e+01	2.7862e+01	3.9949e-19	1.1073e-04	9.9989e-01	9.9954e-01	4.6231e-04	1.1755e-36	9.1615e-24	3.3531e-06	1.8323e-01	8.1676e-01	1.1755e-36	6.4015e-05	9.9994e-01	6.6563e-20	1.1755e-36	1.1755e-36	1.1755e-36	1.9570e-34	0.00e+00	0.00e+00	2.2082e+00
1.59076e+20	6.6923e+03	1.537e-21	2.7826e+01	2.7862e+01	3.7761e-19	1.1357e-04	9.9989e-01	9.9956e-01	4.3518e-04	1.1755e-36	9.4741e-24	3.4432e-06	1.8680e-01	8.1320e-01	1.1755e-36	6.5542e-05	9.9993e-01	1.2918e-23	1.1755e-36	1.1755e-36	1.1755e-36	1.7671e-34	0.00e+00	0.00e+00	2.2591e+00
1.62010e+20	6.7160e+03	1.546e-21	2.7826e+01	2.7862e+01	3.6240e-19	1.1737e-04	9.9988e-01	9.9959e-01	4.0951e-04	1.1755e-36	1.0021e-23	3.5669e-06	1.9160e-01	8.0840e-01	1.1755e-36	6.7596e-05	9.9993e-01	1.6595e-24	1.1755e-36	1.1755e-36	1.1755e-36	1.6466e-34	0.00e+00	0.00e+00	2.3275e+00
1.65824e+20	6.7469e+03	1.558e-21	2.7826e+01	2.7862e+01	3.5390e-19	1.2264e-04	9.9988e-01	9.9961e-01	3.8692e-04	1.1755e-36	1.0917e-23	3.7368e-06	1.9819e-01	8.0180e-01	1.1755e-36	7.0458e-05	9.9993e-01	2.1071e-24	1.1755e-36	1.1755e-36	1.1755e-36	1.5878e-34	0.00e+00	0.00e+00	2.4204e+00
1.70783e+20	6.7888e+03	1.575e-21	2.7826e+01	2.7861e+01	3.4760e-19	1.3014e-04	9.9987e-01	9.9963e-01	3.6649e-04	1.1755e-36	1.2330e-23	3.9759e-06	2.0741e-01	7.9259e-01	1.1755e-36	7.4557e-05	9.9993e-01	3.0490e-24	1.1755e-36	1.1755e-36	1.1755e-36	1.5512e-34	0.00e+00	0.00e+00	2.5485e+00
1.77229e+20	6.8482e+03	1.598e-21	2.7826e+01	2.7861e+01	3.4335e-19	1.4113e-04	9.9986e-01	9.9965e-01	3.4857e-04	1.1755e-36	1.4665e-23	4.3199e-06	2.2057e-01	7.7942e-01	1.1755e-36	8.0644e-05	9.9992e-01	5.1189e-24	1.1755e-36	1.1755e-36	1.1755e-36	1.5420e-34	0.00e+00	0.00e+00	2.7292e+00
1.85609e+20	6.9286e+03	1.632e-21	2.7826e+01	2.7860e+01	3.5496e-19	1.5823e-04	9.9984e-01	9.9967e-01	3.2817e-04	1.1755e-36	1.9012e-23	4.8371e-06	2.4010e-01	7.5990e-01	1.1755e-36	9.0250e-05	9.9991e-01	1.0179e-23	1.1755e-36	1.1755e-36	1.1755e-36	1.6727e-34	0.00e+00	0.00e+00	2.9925e+00
1.96503e+20	7.0430e+03	1.683e-21	2.7826e+01	2.7859e+01	3.8511e-19	1.8677e-04	9.9981e-01	9.9970e-01	3.0466e-04	1.1755e-36	2.8064e-23	5.6528e-06	2.7041e-01	7.2958e-01	1.1755e-36	1.0673e-04	9.9989e-01	2.6322e-23	1.1755e-36	1.1755e-36	1.1755e-36	2.0018e-34	0.00e+00	0.00e+00	3.3966e+00
2.07780e+20	7.1895e+03	1.751e-21	2.7826e+01	2.7858e+01	4.4313e-19	2.2894e-04	9.9977e-01	9.9972e-01	2.7882e-04	1.1755e-36	4.5581e-23	6.7088e-06	3.0878e-01	6.9121e-01	1.1755e-36	1.3197e-04	9.9987e-01	8.4991e-23	1.1755e-36	1.1755e-36	1.1755e-36	2.7196e-34	0.00e+00	0.00e+00	3.8084e+00
2.16302e+20	7.3235e+03	1.816e-21	2.7826e+01	2.7856e+01	5.1923e-19	2.7624e-04	9.9972e-01	9.9974e-01	2.5886e-04	1.1755e-36	7.1791e-23	7.7329e-06	3.4525e-01	6.5474e-01	1.1755e-36	1.6168e-04	9.9984e-01	2.3805e-22	1.1755e-36	1.1755e-36	1.1755e-36	3.8191e-34	0.00e+00	0.00e+00	4.1386e+00
2.22173e+20	7.4239e+03	1.869e-21	2.7826e+01	2.7854e+01	6.1293e-19	3.2131e-04	9.9968e-01	9.9976e-01	2.4415e-04	1.1755e-36	1.0435e-22	8.5988e-06	3.7565e-01	6.2435e-01	1.1755e-36	1.9135e-04	9.9981e-01	5.0245e-22	1.1755e-36	1.1755e-36	1.1755e-36	5.3536e-34	0.00e+00	0.00e+00	4.4173e+00
2.26913e+20	7.5110e+03	1.915e-21	2.7826e+01	2.7853e+01	7.1498e-19	3.6815e-04	9.9963e-01	9.9977e-01	2.3261e-04	1.1755e-36	1.4673e-22	9.4116e-06	4.0412e-01	5.9587e-01	1.1755e-36	2.2358e-04	9.9978e-01	9.4483e-22	1.1755e-36	1.1755e-36	1.1755e-36	7.3220e-34	0.00e+00	0.00e+00	4.7110e+00
2.32134e+20	7.6079e+03	1.970e-21	2.7826e+01	2.7851e+01	8.8239e-19	4.3481e-04	9.9957e-01	9.9978e-01	2.1815e-04	1.1755e-36	2.2418e-22	1.0454e-05	4.4070e-01	5.5929e-01	1.1755e-36	2.7171e-04	9.9973e-01	1.8732e-21	1.1755e-36	1.1755e-36	1.1755e-36	1.1106e-33	0.00e+00	0.00e+00	5.1619e+00
2.37530e+20	7.7263e+03	2.038e-21	2.7826e+01	2.7848e+01	1.0995e-18	5.3146e-04	9.9947e-01	9.9980e-01	2.0002e-04	1.1755e-36	3.7064e-22	1.1679e-05	4.8332e-01	5.1666e-01	1.1755e-36	3.4537e-04	9.9965e-01	4.2186e-21	1.1755e-36	1.1755e-36	1.1755e-36	1.7507e-33	0.00e+00	0.00e+00	5.6184e+00
2.42029e+20	7.8315e+03	2.105e-21	2.7826e+01	2.7844e+01	1.4728e-18	6.4998e-04	9.9935e-01	9.9982e-01	1.7925e-04	1.1755e-36	6.1717e-22	1.2901e-05	5.2546e-01	4.7452e-01	1.1755e-36	4.4129e-04	9.9956e-01	8.4911e-21	1.1755e-36	1.1755e-36	1.1755e-36	3.0701e-33	0.00e+00	0.00e+00	6.0874e+00
2.45691e+20	7.9273e+03	2.167e-21	2.7826e+01	2.7840e+01	1.9824e-18	7.8942e-04	9.9921e-01	9.9984e-01	1.5939e-04	1.1755e-36	1.0078e-21	1.4040e-05	5.6473e-01	4.3525e-01	1.1755e-36	5.6083e-04	9.9944e-01	1.5770e-20	1.1755e-36	1.1755e-36	1.1755e-36	5.3910e-33	0.00e+00	0.00e+00	6.5337e+00
2.48529e+20	8.0053e+03	2.222e-21	2.7826e+01	2.7837e+01	2.7043e-18	9.4223e-04	9.9906e-01	9.9986e-01	1.4056e-04	1.1755e-36	1.5749e-21	1.5022e-05	5.9905e-01	4.0093e-01	1.1755e-36	6.9868e-04	9.9930e-01	2.5779e-20	1.1755e-36	1.1755e-36	1.1755e-36	9.5103e-33	0.00e+00	0.00e+00	6.9404e+00
2.50741e+20	8.0655e+03	2.271e-21	2.7826e+01	2.7831e+01	3.6346e-18	1.1058e-03	9.9889e-01	9.9988e-01	1.2308e-04	1.1755e-36	2.3521e-21	1.5899e-05	6.2872e-01	3.7126e-01	1.1755e-36	8.5249e-04	9.9915e-01	3.7336e-20	1.1755e-36	1.1755e-36	1.1755e-36	1.6101e-32	0.00e+00	0.00e+00	7.3225e+00
2.52565e+20	8.1284e+03	2.312e-21	2.7826e+01	2.7825e+01	4.9493e-18	1.2831e-03	9.9872e-01	9.9989e-01	1.0571e-04	1.1755e-36	3.4202e-21	1.6660e-05	6.5523e-01	3.4476e-01	1.1755e-36	1.0260e-03	9.9897e-01	5.4631e-20	1.1755e-36	1.1755e-36	1.1755e-36	2.7851e-32	0.00e+00	0.00e+00	7.7016e+00
2.54147e+20	8.1771e+03	2.353e-21	2.7826e+01	2.7820e+01	6.9701e-18	1.4856e-03	9.9851e-01	9.9991e-01	8.8174e-05	1.1755e-36	4.9446e-21	1.7380e-05	6.8015e-01	3.1984e-01	1.1755e-36	1.2302e-03	9.9877e-01	7.2889e-20	1.1755e-36	1.1755e-36	1.1755e-36	5.0147e-32	0.00e+00	0.00e+00	8.0883e+00
2.55530e+20	8.2205e+03	2.392e-21	2.7826e+01	2.7813e+01	1.0165e-17	1.7180e-03	9.9828e-01	9.9993e-01	7.0914e-05	1.1755e-36	7.1342e-21	1.8053e-05	7.0355e-01	2.9644e-01	1.1755e-36	1.4714e-03	9.9853e-01	9.3765e-20	1.1755e-36	1.1755e-36	1.1755e-36	9.5043e-32	0.00e+00	0.00e+00	8.4761e+00
2.56717e+20	8.2582e+03	2.428e-21	2.7826e+01	2.7805e+01	1.5586e-17	1.9789e-03	9.9802e-01	9.9995e-01	5.4641e-05	1.1755e-36	1.0246e-20	1.8669e-05	7.2502e-01	2.7496e-01	1.1755e-36	1.7491e-03	9.9825e-01	1.1608e-19	1.1755e-36	1.1755e-36	1.1755e-36	1.9492e-31	0.00e+00	0.00e+00	8.8542e+00
2.57721e+20	8.2892e+03	2.462e-21	2.7826e+01	2.7798e+01	2.4108e-17	2.2657e-03	9.9773e-01	9.9996e-01	4.1558e-05	1.1755e-36	1.4542e-20	1.9226e-05	7.4444e-01	2.5554e-01	1.1755e-36	2.0611e-03	9.9794e-01	1.3793e-19	1.1755e-36	1.1755e-36	1.1755e-36	4.0581e-31	0.00e+00	0.00e+00	9.2210e+00
2.58581e+20	8.3156e+03	2.494e-21	2.7826e+01	2.7789e+01	3.9594e-17	2.5806e-03	9.9742e-01	9.9997e-01	2.9400e-05	1.1755e-36	2.0680e-20	1.9731e-05	7.6210e-01	2.3788e-01	1.1755e-36	2.4102e-03	9.9759e-01	1.5915e-19	1.1755e-36	1.1755e-36	1.1755e-36	9.3967e-31	0.00e+00	0.00e+00	9.5830e+00
2.59334e+20	8.3334e+03	2.525e-21	2.7826e+01	2.7781e+01	6.1593e-17	2.9329e-03	9.9707e-01	9.9998e-01	2.1745e-05	1.1755e-36	2.9082e-20	2.0193e-05	7.7853e-01	2.2145e-01	1.1755e-36	2.8067e-03	9.9719e-01	1.7445e-19	1.1755e-36	1.1755e-36	1.1755e-36	1.9845e-30	0.00e+00	0.00e+00	9.9472e+00
2.60001e+20	8.3537e+03	2.554e-21	2.7826e+01	2.7771e+01	1.0102e-16	3.3283e-03	9.9667e-01	9.9998e-01	1.4976e-05	1.1755e-36	4.1573e-20	2.0628e-05	7.9385e-01	2.0613e-01	1.1755e-36	3.2585e-03	9.9674e-01	1.9351e-19	1.1755e-36	1.1755e-36	1.1755e-36	4.6526e-30	0.00e+00	0.00e+00	1.0314e+01
2.60592e+20	8.3674e+03	2.582e-21	2.7826e+01	2.7759e+01	1.6964e-16	3.7734e-03	9.9623e-01	9.9999e-01	9.8546e-06	1.1755e-36	6.0332e-20	2.1035e-05	8.0816e-01	1.9182e-01	1.1755e-36	3.7730e-03	9.9623e-01	2.0638e-19	1.1755e-36	1.1755e-36	1.1755e-36	1.1427e-29	0.00e+00	0.00e+00	1.0681e+01
2.61112e+20	8.3774e+03	2.609e-21	2.7826e+01	2.7746e+01	2.7946e-16	4.2703e-03	9.9573e-01	9.9999e-01	6.4553e-06	1.1755e-36	8.7842e-20	2.1411e-05	8.2145e-01	1.7852e-01	1.1755e-36	4.3535e-03	9.9565e-01	2.1503e-19	1.1755e-36	1.1755e-36	1.1755e-36	2.7243e-29	0.00e+00	0.00e+00	1.1047e+01
2.61571e+20	8.3833e+03	2.635e-21	2.7826e+01	2.7731e+01	4.3890e-16	4.8247e-03	9.9518e-01	1.0000e+00	4.3741e-06	1.1755e-36	1.2645e-19	2.1761e-05	8.3381e-01	1.6617e-01	1.1755e-36	5.0069e-03	9.9499e-01	2.1879e-19	1.1755e-36	1.1755e-36	1.1755e-36	5.9494e-29	0.00e+00	0.00e+00	1.1413e+01
2.61980e+20	8.3862e+03	2.660e-21	2.7826e+01	2.7714e+01	6.5373e-16	5.4462e-03	9.9455e-01	1.0000e+00	3.1241e-06	1.1755e-36	1.7855e-19	2.2086e-05	8.4535e-01	1.5463e-01	1.1755e-36	5.7450e-03	9.9425e-01	2.1835e-19	1.1755e-36	1.1755e-36	1.1755e-36	1.1741e-28	0.00e+00	0.00e+00	1.1781e+01
2.62346e+20	8.3850e+03	2.685e-21	2.7826e+01	2.7695e+01	9.3506e-16	6.1479e-03	9.9385e-01	1.0000e+00	2.3412e-06	1.1755e-36	2.4761e-19	2.2393e-05	8.5622e-01	1.4376e-01	1.1755e-36	6.5838e-03	9.9342e-01	2.1246e-19	1.1755e-36	1.1755e-36	1.1755e-36	2.1356e-28	0.00e+00	0.00e+00	1.2155e+01
2.62675e+20	8.3807e+03	2.710e-21	2.7826e+01	2.7674e+01	1.3021e-15	6.9424e-03	9.9306e-01	1.0000e+00	1.8187e-06	1.1755e-36	3.3871e-19	2.2680e-05	8.6646e-01	1.3352e-01	1.1755e-36	7.5389e-03	9.9246e-01	2.0292e-19	1.1755e-36	1.1755e-36	1.1755e-36	3.6753e-28	0.00e+00	0.00e+00	1.2535e+01
2.62970e+20	8.3706e+03	2.734e-21	2.7826e+01	2.7650e+01	1.7871e-15	7.8457e-03	9.9215e-01	1.0000e+00	1.4469e-06	1.1755e-36	4.5921e-19	2.2952e-05	8.7613e-01	1.2385e-01	1.1755e-36	8.6297e-03	9.9137e-01	1.8733e-19	1.1755e-36	1.1755e-36	1.1755e-36	6.1061e-28	0.00e+00	0.00e+00	1.2920e+01
2.63236e+20	8.3577e+03	2.758e-21	2.7826e+01	2.7623e+01	2.4292e-15	8.8743e-03	9.9113e-01	1.0000e+00	1.1710e-06	1.1755e-36	6.1873e-19	2.3207e-05	8.8526e-01	1.1472e-01	1.1755e-36	9.8769e-03	9.9012e-01	1.7000e-19	1.1755e-36	1.1755e-36	1.1755e-36	9.9091e-28	0.00e+00	0.00e+00	1.3314e+01
2.63477e+20	8.3400e+03	2.782e-21	2.7826e+01	2.7591e+01	3.2916e-15	1.0055e-02	9.8995e-01	1.0000e+00	9.5832e-07	1.1755e-36	8.3154e-19	2.3449e-05	8.9392e-01	1.0606e-01	1.1755e-36	1.1313e-02	9.8869e-01	1.5022e-19	1.1755e-36	1.1755e-36	1.1755e-36	1.5870e-27	0.00e+00	0.00e+00	1.3718e+01
2.63695e+20	8.3176e+03	2.806e-21	2.7826e+01	2.7555e+01	4.4631e-15	1.1421e-02	9.8858e-01	1.0000e+00	7.9001e-07	1.1755e-36	1.1178e-18	2.3677e-05	9.0218e-01	9.7801e-02	1.1755e-36	1.2980e-02	9.8702e-01	1.2924e-19	1.1755e-36	1.1755e-36	1.1755e-36	2.5242e-27	0.00e+00	0.00e+00	1.4136e+01
2.63895e+20	8.2896e+03	2.831e-21	2.7826e+01	2.7514e+01	6.0801e-15	1.3021e-02	9.8698e-01	1.0000e+00	6.5418e-07	1.1755e-36	1.5074e-18	2.3894e-05	9.1009e-01	8.9887e-02	1.1755e-36	1.4937e-02	9.8506e-01	1.0792e-19	1.1755e-36	1.1755e-36	1.1755e-36	4.0112e-27	0.00e+00	0.00e+00	1.4573e+01
2.64078e+20	8.2557e+03	2.855e-21	2.7826e+01	2.7464e+01	8.3554e-15	1.4918e-02	9.8508e-01	1.0000e+00	5.4275e-07	1.1755e-36	2.0459e-18	2.4100e-05	9.1771e-01	8.2264e-02	1.1755e-36	1.7260e-02	9.8274e-01	8.7555e-20	1.1755e-36	1.1755e-36	1.1755e-36	6.4086e-27	0.00e+00	0.00e+00	1.5032e+01
2.64247e+20	8.2146e+03	2.880e-21	2.7826e+01	2.7405e+01	1.1639e-14	1.7204e-02	9.8280e-01	1.0000e+00	4.4976e-07	1.1755e-36	2.8057e-18	2.4297e-05	9.2510e-01	7.4871e-02	1.1755e-36	2.0065e-02	9.7993e-01	6.8864e-20	1.1755e-36	1.1755e-36	1.1755e-36	1.0360e-26	0.00e+00	0.00e+00	1.5524e+01
2.64404e+20	8.1695e+03	2.901e-21	2.7826e+01	2.7316e+01	1.6524e-14	2.0002e-02	9.8000e-01	1.0000e+00	3.6765e-07	1.1755e-36	3.9081e-18	2.4468e-05	9.3228e-01	6.7695e-02	1.1755e-36	2.3503e-02	9.7650e-01	5.3552e-20	1.1755e-36	1.1755e-36	1.1755e-36	1.7130e-26	0.00e+00	0.00e+00	1.6057e+01
2.64552e+20	8.1113e+03	2.923e-21	2.7826e+01	2.7202e+01	2.4099e-14	2.3555e-02	9.7644e-01	1.0000e+00	3.0038e-07	1.1755e-36	5.5613e-18	2.4620e-05	9.3939e-01	6.0584e-02	1.1755e-36	2.7871e-02	9.7213e-01	3.9919e-20	1.1755e-36	1.1755e-36	1.1755e-36	2.9033e-26	0.00e+00	0.00e+00	1.6653e+01
2.64691e+20	8.0406e+03	2.945e-21	2.7826e+01	2.7073e+01	3.6500e-14	2.8204e-02	9.7180e-01	1.0000e+00	2.4268e-07	1.1755e-36	8.1637e-18	2.4768e-05	9.4648e-01	5.3499e-02	1.1755e-36	3.3584e-02	9.6642e-01	2.9126e-20	1.1755e-36	1.1755e-36	1.1755e-36	5.1382e-26	0.00e+00	0.00e+00	1.7321e+01
2.64816e+20	7.9618e+03	2.964e-21	2.7826e+01	2.6909e+01	5.6469e-14	3.4094e-02	9.6591e-01	1.0000e+00	1.9419e-07	1.1755e-36	1.2174e-17	2.4877e-05	9.5313e-01	4.6849e-02	1.1755e-36	4.0817e-02	9.5918e-01	2.1868e-20	1.1755e-36	1.1755e-36	1.1755e-36	9.2769e-26	0.00e+00	0.00e+00	1.8003e+01
2.64919e+20	7.8796e+03	2.978e-21	2.7826e+01	2.6742e+01	8.6969e-14	4.1128e-02	9.5887e-01	1.0000e+00	1.5756e-07	1.1755e-36	1.8011e-17	2.4961e-05	9.5900e-01	4.0978e-02	1.1755e-36	4.9441e-02	9.5056e-01	1.8144e-20	1.1755e-36	1.1755e-36	1.1755e-36	1.6529e-25	0.00e+00	0.00e+00	1.8670e+01
2.65004e+20	7.7966e+03	2.986e-21	2.7826e+01	2.6564e+01	1.3246e-13	4.9374e-02	9.5063e-01	1.0000e+00	1.2959e-07	1.1755e-36	2.6293e-17	2.5005e-05	9.6412e-01	3.5859e-02	1.1755e-36	5.9525e-02	9.4048e-01	1.6280e-20	1.1755e-36	1.1755e-36	1.1755e-36	2.8830e-25	0.00e+00	0.00e+00	1.9345e+01
2.65078e+20	7.7141e+03	2.979e-21	2.7826e+01	2.6317e+01	2.0205e-13	5.9350e-02	9.4065e-01	1.0000e+00	1.0669e-07	1.1755e-36	3.8366e-17	2.4975e-05	9.6872e-01	3.1259e-02	1.1755e-36	7.1687e-02	9.2831e-01	1.4867e-20	1.1755e-36	1.1755e-36	1.1755e-36	5.0046e-25	0.00e+00	0.00e+00	2.0075e+01
2.65146e+20	7.6277e+03	2.948e-21	2.7826e+01	2.5921e+01	3.1513e-13	7.2078e-02	9.2792e-01	1.0000e+00	8.6780e-08	1.1755e-36	5.6945e-17	2.4793e-05	9.7301e-01	2.6961e-02	1.1755e-36	8.7137e-02	9.1286e-01	1.3273e-20	1.1755e-36	1.1755e-36	1.1755e-36	8.8330e-25	0.00e+00	0.00e+00	2.0910e+01
2.65209e+20	7.5420e+03	2.887e-21	2.7826e+01	2.5376e+01	5.0770e-13	8.8988e-02	9.1101e-01	1.0000e+00	6.8872e-08	1.1755e-36	8.7077e-17	2.4466e-05	9.7711e-01	2.2869e-02	1.1755e-36	1.0753e-01	8.9247e-01	1.1415e-20	1.1755e-36	1.1755e-36	1.1755e-36	1.6164e-24	0.00e+00	0.00e+00	2.1868e+01
2.65265e+20	7.4308e+03	2.811e-21	2.7826e+01	2.4761e+01	8.4884e-13	1.1115e-01	8.8885e-01	1.0000e+00	5.3705e-08	1.1755e-36	1.3583e-16	2.4067e-05	9.8087e-01	1.9107e-02	1.1755e-36	1.3403e-01	8.6597e-01	9.5292e-21	1.1755e-36	1.1755e-36	1.1755e-36	3.0297e-24	0.00e+00	0.00e+00	2.2851e+01
2.65310e+20	7.3242e+03	2.707e-21	2.7826e+01	2.4041e+01	1.3802e-12	1.3713e-01	8.6287e-01	1.0000e+00	4.2619e-08	1.1755e-36	2.0601e-16	2.3536e-05	9.8396e-01	1.6015e-02	1.1755e-36	1.6475e-01	8.3525e-01	8.0490e-21	1.1755e-36	1.1755e-36	1.1755e-36	5.4055e-24	0.00e+00	0.00e+00	2.3792e+01
2.65345e+20	7.2161e+03	2.582e-21	2.7826e+01	2.3235e+01	2.1619e-12	1.6605e-01	8.3395e-01	1.0000e+00	3.4722e-08	1.1755e-36	3.0009e-16	2.2896e-05	9.8644e-01	1.3538e-02	1.1755e-36	1.9852e-01	8.0148e-01	6.8735e-21	1.1755e-36	1.1755e-36	1.1755e-36	9.0084e-24	0.00e+00	0.00e+00	2.4719e+01
2.65375e+20	7.0968e+03	2.434e-21	2.7826e+01	2.2316e+01	3.3364e-12	1.9896e-01	8.0104e-01	1.0000e+00	2.8460e-08	1.1755e-36	4.2696e-16	2.2133e-05	9.8852e-01	1.1459e-02	1.1755e-36	2.3640e-01	7.6360e-01	5.8227e-21	1.1755e-36	1.1755e-36	1.1755e-36	1.4333e-23	0.00e+00	0.00e+00	2.5693e+01
2.65401e+20	6.9560e+03	2.260e-21	2.7826e+01	2.1251e+01	5.1821e-12	2.3766e-01	7.6234e-01	1.0000e+00	2.3175e-08	1.1755e-36	6.0234e-16	2.1222e-05	9.9034e-01	9.6353e-03	1.1755e-36	2.8021e-01	7.1979e-01	4.8361e-21	1.1755e-36	1.1755e-36	1.1755e-36	2.2163e-23	0.00e+00	0.00e+00	2.6740e+01
2.65424e+20	6.7962e+03	2.069e-21	2.7826e+01	2.0059e+01	7.9162e-12	2.8002e-01	7.1998e-01	1.0000e+00	1.8845e-08	1.1755e-36	8.2571e-16	2.0176e-05	9.9185e-01	8.1273e-03	1.1755e-36	3.2729e-01	6.7271e-01	3.9916e-21	1.1755e-36	1.1755e-36	1.1755e-36	3.2231e-23	0.00e+00	0.00e+00	2.7724e+01
2.65441e+20	6.6418e+03	1.901e-21	2.7826e+01	1.8994e+01	1.1265e-11	3.1898e-01	6.8102e-01	1.0000e+00	1.5828e-08	1.1755e-36	1.0601e-15	1.9229e-05	9.9295e-01	7.0319e-03	1.1755e-36	3.6979e-01	6.3021e-01	3.3911e-21	1.1755e-36	1.1755e-36	1.1755e-36	4.2575e-23	0.00e+00	0.00e+00	2.8478e+01
2.65452e+20	6.5101e+03	1.767e-21	2.7826e+01	1.8117e+01	1.4646e-11	3.4984e-01	6.5016e-01	1.0000e+00	1.4228e-08	1.1755e-36	1.2652e-15	1.8438e-05	9.9367e-01	6.3066e-03	1.1755e-36	4.0294e-01	5.9706e-01	3.0108e-21	1.1755e-36	1.1755e-36	1.1755e-36	5.0878e-23	0.00e+00	0.00e+00	2.9069e+01
2.65461e+20	6.3926e+03	1.659e-21	2.7826e+01	1.7389e+01	1.8118e-11	3.7592e-01	6.2408e-01	1.0000e+00	1.3085e-08	1.1755e-36	1.4524e-15	1.7779e-05	9.9421e-01	5.7680e-03	1.1755e-36	4.3058e-01	5.6942e-01	2.7328e-21	1.1755e-36	1.1755e-36	1.1755e-36	5.7918e-23	0.00e+00	0.00e+00	2.9594e+01
2.65469e+20	6.2726e+03	1.556e-21	2.7826e+01	1.6688e+01	2.2107e-11	4.0106e-01	5.9894e-01	1.0000e+00	1.2088e-08	1.1755e-36	1.6452e-15	1.7140e-05	9.9468e-01	5.3022e-03	1.1755e-36	4.5694e-01	5.4306e-01	2.4918e-21	1.1755e-36	1.1755e-36	1.1755e-36	6.4482e-23	0.00e+00	0.00e+00	3.0129e+01
2.65476e+20	6.1433e+03	1.454e-21	2.7826e+01	1.5971e+01	2.6932e-11	4.2672e-01	5.7328e-01	1.0000e+00	1.1078e-08	1.1755e-36	1.8551e-15	1.6484e-05	9.9511e-01	4.8724e-03	1.1755e-36	4.8354e-01	5.1646e-01	2.2685e-21	1.1755e-36	1.1755e-36	1.1755e-36	7.0779e-23	0.00e+00	0.00e+00	3.0670e+01
2.65483e+20	6.0080e+03	1.357e-21	2.7826e+01	1.5274e+01	3.2545e-11	4.5186e-01	5.4814e-01	1.0000e+00	1.0167e-08	1.1755e-36	2.0742e-15	1.5845e-05	9.9550e-01	4.4886e-03	1.1755e-36	5.0932e-01	4.9068e-01	2.0700e-21	1.1755e-36	1.1755e-36	1.1755e-36	7.6438e-23	0.00e+00	0.00e+00	3.1181e+01
2.65489e+20	5.8757e+03	1.270e-21	2.7826e+01	1.4624e+01	3.8615e-11	4.7523e-01	5.2477e-01	1.0000e+00	9.4402e-09	1.1755e-36	2.2906e-15	1.5246e-05	9.9582e-01	4.1608e-03	1.1755e-36	5.3302e-01	4.6698e-01	1.9020e-21	1.1755e-36	1.1755e-36	1.1755e-36	8.1058e-23	0.00e+00	0.00e+00	3.1653e+01
2.65494e+20	5.7459e+03	1.191e-21	2.7826e+01	1.4021e+01	4.5071e-11	4.9690e-01	5.0310e-01	1.0000e+00	8.8440e-09	1.1755e-36	2.5031e-15	1.4688e-05	9.9611e-01	3.8786e-03	1.1755e-36	5.5480e-01	4.4520e-01	1.7588e-21	1.1755e-36	1.1755e-36	1.1755e-36	8.4712e-23	0.00e+00	0.00e+00	3.2096e+01
2.65499e+20	5.6149e+03	1.118e-21	2.7826e+01	1.3448e+01	5.2007e-11	5.1751e-01	4.8249e-01	1.0000e+00	8.3233e-09	1.1755e-36	2.7163e-15	1.4158e-05	9.9636e-01	3.6280e-03	1.1755e-36	5.7531e-01	4.2469e-01	1.6329e-21	1.1755e-36	1.1755e-36	1.1755e-36	8.7539e-23	0.00e+00	0.00e+00	3.2525e+01
2.65504e+20	5.4825e+03	1.050e-21	2.7826e+01	1.2896e+01	5.9386e-11	5.3733e-01	4.6267e-01	1.0000e+00	7.8494e-09	1.1755e-36	2.9327e-15	1.3646e-05	9.9659e-01	3.4013e-03	1.1755e-36	5.9487e-01	4.0513e-01	1.5199e-21	1.1755e-36	1.1755e-36	1.1755e-36	8.9618e-23	0.00e+00	0.00e+00	3.2943e+01
2.65508e+20	5.3754e+03	9.982e-22	2.7826e+01	1.2464e+01	6.5557e-11	5.5288e-01	4.4712e-01	1.0000e+00	7.4001e-09	1.1755e-36	3.1109e-15	1.3244e-05	9.9676e-01	3.2312e-03	1.1755e-36	6.1010e-01	3.8990e-01	1.4360e-21	1.1755e-36	1.1755e-36	1.1755e-36	9.0765e-23	0.00e+00	0.00e+00	3.3225e+01
2.65510e+20	5.2834e+03	9.573e-22	2.7826e+01	1.2116e+01	7.0862e-11	5.6540e-01	4.3460e-01	1.0000e+00	7.2462e-09	1.1755e-36	3.2596e-15	1.2922e-05	9.9689e-01	3.1009e-03	1.1755e-36	6.2228e-01	3.7772e-01	1.3729e-21	1.1755e-36	1.1755e-36	1.1755e-36	9.1350e-23	0.00e+00	0.00e+00	3.3489e+01
2.65513e+20	5.1926e+03	9.179e-22	2.7826e+01	1.1777e+01	7.6139e-11	5.7765e-01	4.2235e-01	1.0000e+00	7.0145e-09	1.1755e-36	3.4107e-15	1.2608e-05	9.9701e-01	2.9775e-03	1.1755e-36	6.3416e-01	3.6584e-01	1.3131e-21	1.1755e-36	1.1755e-36	1.1755e-36	9.1693e-23	0.00e+00	0.00e+00	3.3761e+01
2.65516e+20	5.0925e+03	8.781e-22	2.7826e+01	1.1423e+01	8.1803e-11	5.9030e-01	4.0970e-01	1.0000e+00	6.7644e-09	1.1755e-36	3.5723e-15	1.2280e-05	9.9713e-01	2.8550e-03	1.1755e-36	6.4635e-01	3.5365e-01	1.2542e-21	1.1755e-36	1.1755e-36	1.1755e-36	9.1639e-23	0.00e+00	0.00e+00	3.4046e+01
2.65519e+20	4.9883e+03	8.388e-22	2.7826e+01	1.1069e+01	8.7513e-11	6.0312e-01	3.9688e-01	1.0000e+00	6.5112e-09	1.1755e-36	3.7420e-15	1.1953e-05	9.9725e-01	2.7342e-03	1.1755e-36	6.5864e-01	3.4136e-01	1.1965e-21	1.1755e-36	1.1755e-36	1.1755e-36	9.1296e-23	0.00e+00	0.00e+00	3.4332e+01
2.65521e+20	4.8785e+03	8.007e-22	2.7826e+01	1.0715e+01	9.2896e-11	6.1590e-01	3.8410e-01	1.0000e+00	6.2774e-09	1.1755e-36	3.9159e-15	1.1629e-05	9.9738e-01	2.6125e-03	1.1755e-36	6.7084e-01	3.2916e-01	1.1414e-21	1.1755e-36	1.1755e-36	1.1755e-36	9.0318e-23	0.00e+00	0.00e+00	3.4620e+01
2.65524e+20	4.7701e+03	7.630e-22	2.7826e+01	1.0358e+01	9.7733e-11	6.2842e-01	3.7158e-01	1.0000e+00	6.0680e-09	1.1755e-36	4.0949e-15	1.1300e-05	9.9749e-01	2.4967e-03	1.1755e-36	6.8272e-01	3.1728e-01	1.0891e-21	1.1755e-36	1.1755e-36	1.1755e-36	8.8821e-23	0.00e+00	0.00e+00	3.4913e+01
2.65526e+20	4.6517e+03	7.262e-22	2.7826e+01	1.0001e+01	1.0245e-10	6.4126e-01	3.5874e-01	1.0000e+00	5.8538e-09	1.1755e-36	4.2839e-15	1.0975e-05	9.9761e-01	2.3814e-03	1.1755e-36	6.9484e-01	3.0516e-01	1.0378e-21	1.1755e-36	1.1755e-36	1.1755e-36	8.7010e-23	0.00e+00	0.00e+00	3.5212e+01
2.65529e+20	4.5286e+03	6.901e-22	2.7826e+01	9.6427e+00	1.0661e-10	6.5415e-01	3.4585e-01	1.0000e+00	5.6494e-09	1.1755e-36	4.4817e-15	1.0651e-05	9.9772e-01	2.2689e-03	1.1755e-36	7.0695e-01	2.9305e-01	9.8806e-22	1.1755e-36	1.1755e-36	1.1755e-36	8.4788e-23	0.00e+00	0.00e+00	3.5517e+01
2.65532e+20	4.4005e+03	6.547e-22	2.7826e+01	9.2828e+00	1.1008e-10	6.6709e-01	3.3291e-01	1.0000e+00	5.4534e-09	1.1755e-36	4.6889e-15	1.0329e-05	9.9783e-01	2.1591e-03	1.1755e-36	7.1904e-01	2.8096e-01	9.3987e-22	1.1755e-36	1.1755e-36	1.1755e-36	8.2164e-23	0.00e+00	0.00e+00	3.5828e+01
2.65534e+20	4.2631e+03	6.203e-22	2.7826e+01	8.9214e+00	1.1285e-10	6.8020e-01	3.1980e-01	1.0000e+00	5.2620e-09	1.1755e-36	4.9067e-15	1.0011e-05	9.9794e-01	2.0511e-03	1.1755e-36	7.3124e-01	2.6876e-01	8.9296e-22	1.1755e-36	1.1755e-36	1.1755e-36	7.9150e-23	0.00e+00	0.00e+00	3.6146e+01
2.65537e+20	4.1239e+03	5.865e-22	2.7826e+01	8.5600e+00	1.1460e-10	6.9320e-01	3.0680e-01	1.0000e+00	5.0839e-09	1.1755e-36	5.1342e-15	9.6958e-06	9.9804e-01	1.9470e-03	1.1755e-36	7.4326e-01	2.5674e-01	8.4780e-22	1.1755e-36	1.1755e-36	1.1755e-36	7.5772e-23	0.00e+00	0.00e+00	3.6469e+01
2.65540e+20	3.9793e+03	5.537e-22	2.7826e+01	8.1990e+00	1.1538e-10	7.0619e-01	2.9381e-01	1.0000e+00	4.9133e-09	1.1755e-36	5.3727e-15	9.3867e-06	9.9814e-01	1.8459e-03	1.1755e-36	7.5522e-01	2.4478e-01	8.0410e-22	1.1755e-36	1.1755e-36	1.1755e-36	7.2084e-23	0.00e+00	0.00e+00	3.6799e+01
