#depth	Te	Htot	hden	eden	2H_2/H	HI	HII	HeI	HeII	HeIII	CO/C	C1	C2	C3	C4	O1	O2	O3	O4	O5	O6	H2O/O	AV(point)	AV(extend)	Tau912
5.63139e+14	5.2682e+03	3.424e-22	1.0000e+01	1.0886e+01	2.1399e-18	6.5547e-05	9.9993e-01	5.6000e-04	9.8249e-01	1.6955e-02	2.4941e-26	1.6122e-07	1.0333e-02	9.7934e-01	1.0328e-02	1.3415e-06	4.5553e-02	9.4406e-01	1.0388e-02	1.1755e-36	1.1755e-36	6.5974e-35	0.00e+00	0.00e+00	4.6602e-06
3.37883e+15	5.2660e+03	3.424e-22	1.0000e+01	1.0885e+01	2.1433e-18	6.5557e-05	9.9993e-01	5.6010e-04	9.8250e-01	1.6936e-02	2.4940e-26	1.6120e-07	1.0334e-02	9.7931e-01	1.0351e-02	1.3413e-06	4.5544e-02	9.4411e-01	1.0349e-02	1.1755e-36	1.1755e-36	6.5954e-35	0.00e+00	0.00e+00	2.3304e-05
1.46416e+16	5.2653e+03	3.424e-22	1.0000e+01	1.0885e+01	2.1432e-18	6.5546e-05	9.9993e-01	5.6009e-04	9.8262e-01	1.6824e-02	2.4919e-26	1.6113e-07	1.0332e-02	9.7932e-01	1.0347e-02	1.3407e-06	4.5536e-02	9.4427e-01	1.0195e-02	1.1755e-36	1.1755e-36	6.5889e-35	0.00e+00	0.00e+00	9.7866e-05
5.96927e+16	5.2659e+03	3.423e-22	1.0000e+01	1.0885e+01	2.1402e-18	6.5518e-05	9.9993e-01	5.6023e-04	9.8319e-01	1.6249e-02	2.4883e-26	1.6097e-07	1.0329e-02	9.7936e-01	1.0309e-02	1.3401e-06	4.5531e-02	9.4486e-01	9.6059e-03	1.1755e-36	1.1755e-36	6.5781e-35	0.00e+00	0.00e+00	3.9599e-04
1.42587e+17	5.2634e+03	3.420e-22	1.0000e+01	1.0885e+01	2.1387e-18	6.5461e-05	9.9993e-01	5.6014e-04	9.8355e-01	1.5888e-02	2.4804e-26	1.6057e-07	1.0323e-02	9.7940e-01	1.0280e-02	1.3387e-06	4.5511e-02	9.4570e-01	8.7869e-03	1.1755e-36	1.1755e-36	6.5510e-35	0.00e+00	0.00e+00	7.8321e-04
2.50349e+17	5.2654e+03	3.414e-22	1.0000e+01	1.0884e+01	2.1293e-18	6.5375e-05	9.9993e-01	5.6013e-04	9.8447e-01	1.4968e-02	2.4692e-26	1.6017e-07	1.0315e-02	9.7948e-01	1.0208e-02	1.3362e-06	4.5461e-02	9.4673e-01	7.8097e-03	1.1755e-36	1.1755e-36	6.5166e-35	0.00e+00	0.00e+00	1.2859e-03
3.90440e+17	5.2628e+03	3.410e-22	1.0000e+01	1.0883e+01	2.1280e-18	6.5325e-05	9.9993e-01	5.6075e-04	9.8594e-01	1.3499e-02	2.4652e-26	1.5992e-07	1.0313e-02	9.7960e-01	1.0086e-02	1.3365e-06	4.5476e-02	9.4784e-01	6.6817e-03	1.1755e-36	1.1755e-36	6.4958e-35	0.00e+00	0.00e+00	1.9390e-03
5.72558e+17	5.2646e+03	3.403e-22	1.0000e+01	1.0881e+01	2.1164e-18	6.5226e-05	9.9993e-01	5.6124e-04	9.8791e-01	1.1524e-02	2.4536e-26	1.5952e-07	1.0304e-02	9.7976e-01	9.9307e-03	1.3352e-06	4.5463e-02	9.4910e-01	5.4400e-03	1.1755e-36	1.1755e-36	6.4512e-35	0.00e+00	0.00e+00	2.7866e-03
8.09312e+17	5.2602e+03	3.397e-22	1.0000e+01	1.0879e+01	2.1150e-18	6.5170e-05	9.9993e-01	5.6242e-04	9.9030e-01	9.1401e-03	2.4510e-26	1.5931e-07	1.0304e-02	9.7996e-01	9.7341e-03	1.3372e-06	4.5528e-02	9.5032e-01	4.1489e-03	1.1755e-36	1.1755e-36	6.4230e-35	0.00e+00	0.00e+00	3.8877e-03
1.11709e+18	5.2585e+03	3.390e-22	1.0000e+01	1.0877e+01	2.1069e-18	6.5075e-05	9.9993e-01	5.6342e-04	9.9284e-01	6.6005e-03	2.4445e-26	1.5899e-07	1.0300e-02	9.8017e-01	9.5248e-03	1.3389e-06	4.5595e-02	9.5150e-01	2.9083e-03	1.1755e-36	1.1755e-36	6.3821e-35	0.00e+00	0.00e+00	5.3169e-03
1.51721e+18	5.2550e+03	3.381e-22	1.0000e+01	1.0875e+01	2.1001e-18	6.4977e-05	9.9994e-01	5.6441e-04	9.9521e-01	4.2274e-03	2.4397e-26	1.5869e-07	1.0297e-02	9.8038e-01	9.3176e-03	1.3420e-06	4.5698e-02	9.5247e-01	1.8293e-03	1.1755e-36	1.1755e-36	6.3393e-35	0.00e+00	0.00e+00	7.1721e-03
2.03735e+18	5.2442e+03	3.376e-22	1.0000e+01	1.0873e+01	2.1040e-18	6.4923e-05	9.9994e-01	5.6559e-04	9.9711e-01	2.3293e-03	2.4417e-26	1.5856e-07	1.0303e-02	9.8057e-01	9.1242e-03	1.3478e-06	4.5856e-02	9.5314e-01	1.0032e-03	1.1755e-36	1.1755e-36	6.3033e-35	0.00e+00	0.00e+00	9.5819e-03
2.71355e+18	5.2372e+03	3.366e-22	1.0000e+01	1.0872e+01	2.0983e-18	6.4817e-05	9.9994e-01	5.6617e-04	9.9836e-01	1.0691e-03	2.4394e-26	1.5833e-07	1.0305e-02	9.8073e-01	8.9659e-03	1.3535e-06	4.6018e-02	9.5352e-01	4.6392e-04	1.1755e-36	1.1755e-36	6.2508e-35	0.00e+00	0.00e+00	1.2709e-02
3.59260e+18	5.2236e+03	3.359e-22	1.0000e+01	1.0871e+01	2.1005e-18	6.4741e-05	9.9994e-01	5.6685e-04	9.9904e-01	3.9293e-04	2.4404e-26	1.5824e-07	1.0315e-02	9.8086e-01	8.8223e-03	1.3611e-06	4.6210e-02	9.5361e-01	1.7424e-04	1.1755e-36	1.1755e-36	6.1920e-35	0.00e+00	0.00e+00	1.6771e-02
4.73536e+18	5.2058e+03	3.351e-22	1.0000e+01	1.0871e+01	2.1058e-18	6.4675e-05	9.9994e-01	5.6766e-04	9.9932e-01	1.1105e-04	2.4447e-26	1.5827e-07	1.0332e-02	9.8099e-01	8.6777e-03	1.3711e-06	4.6450e-02	9.5350e-01	5.1141e-05	1.1755e-36	1.1755e-36	6.1253e-35	0.00e+00	0.00e+00	2.2045e-02
6.22096e+18	5.1844e+03	3.342e-22	1.0000e+01	1.0871e+01	2.1120e-18	6.4611e-05	9.9994e-01	5.6868e-04	9.9941e-01	2.3279e-05	2.4509e-26	1.5839e-07	1.0356e-02	9.8113e-01	8.5129e-03	1.3838e-06	4.6743e-02	9.5324e-01	1.1363e-05	1.1755e-36	1.1755e-36	6.0435e-35	0.00e+00	0.00e+00	2.8894e-02
8.15223e+18	5.1584e+03	3.331e-22	1.0000e+01	1.0871e+01	2.0579e-18	6.4556e-05	9.9994e-01	5.7015e-04	9.9943e-01	3.5755e-06	2.4019e-26	1.5868e-07	1.0390e-02	9.8130e-01	8.3110e-03	1.4004e-06	4.7122e-02	9.5287e-01	1.8941e-06	1.1755e-36	1.1755e-36	5.5872e-35	0.00e+00	0.00e+00	3.7791e-02
1.06629e+19	5.1274e+03	3.317e-22	1.0000e+01	1.0871e+01	2.0652e-18	6.4517e-05	9.9994e-01	5.7229e-04	9.9943e-01	4.1877e-07	2.4163e-26	1.5918e-07	1.0437e-02	9.8150e-01	8.0594e-03	1.4225e-06	4.7618e-02	9.5238e-01	2.4470e-07	1.1755e-36	1.1755e-36	5.4729e-35	0.00e+00	0.00e+00	4.9350e-02
1.39267e+19	5.0908e+03	3.301e-22	1.0000e+01	1.0871e+01	1.9924e-18	6.4508e-05	9.9994e-01	5.7533e-04	9.9942e-01	4.0512e-08	2.3615e-26	1.5998e-07	1.0503e-02	9.8175e-01	7.7468e-03	1.4518e-06	4.8271e-02	9.5173e-01	1.1755e-36	1.1755e-36	1.1755e-36	4.9121e-35	0.00e+00	0.00e+00	6.4374e-02
1.81697e+19	5.0482e+03	3.282e-22	1.0000e+01	1.0871e+01	1.9968e-18	6.4548e-05	9.9994e-01	5.7967e-04	9.9942e-01	3.3856e-09	2.3910e-26	1.6122e-07	1.0594e-02	9.8204e-01	7.3614e-03	1.4909e-06	4.9131e-02	9.5087e-01	1.1755e-36	1.1755e-36	1.1755e-36	4.7551e-35	0.00e+00	0.00e+00	8.3918e-02
2.15964e+19	4.9885e+03	3.260e-22	1.0000e+01	1.0871e+01	1.9843e-18	6.4250e-05	9.9994e-01	5.8031e-04	9.9942e-01	5.2873e-10	2.3582e-26	1.6092e-07	1.0623e-02	9.8230e-01	7.0797e-03	1.5159e-06	4.9677e-02	9.5032e-01	1.1755e-36	1.1755e-36	1.1755e-36	4.4442e-35	0.00e+00	0.00e+00	9.2260e-02
2.37560e+19	4.9682e+03	3.252e-22	1.0000e+01	1.0871e+01	1.9213e-18	6.4280e-05	9.9994e-01	5.8253e-04	9.9942e-01	1.9796e-10	2.3136e-26	1.6157e-07	1.0669e-02	9.8243e-01	6.9018e-03	1.5357e-06	5.0106e-02	9.4989e-01	1.1755e-36	1.1755e-36	1.1755e-36	4.0882e-35	0.00e+00	0.00e+00	1.0144e-01
2.61316e+19	4.9468e+03	3.242e-22	1.0000e+01	1.0871e+01	1.8792e-18	6.4328e-05	9.9994e-01	5.8510e-04	9.9941e-01	7.2382e-11	2.2898e-26	1.6233e-07	1.0721e-02	9.8257e-01	6.7114e-03	1.5581e-06	5.0585e-02	9.4941e-01	1.1755e-36	1.1755e-36	1.1755e-36	3.8315e-35	0.00e+00	0.00e+00	1.1155e-01
2.87448e+19	4.9249e+03	3.232e-22	1.0000e+01	1.0871e+01	1.8787e-18	6.4390e-05	9.9994e-01	5.8802e-04	9.9941e-01	2.5852e-11	2.3098e-26	1.6323e-07	1.0781e-02	9.8271e-01	6.5086e-03	1.5829e-06	5.1117e-02	9.4888e-01	1.1755e-36	1.1755e-36	1.1755e-36	3.7647e-35	0.00e+00	0.00e+00	1.2267e-01
3.16192e+19	4.9032e+03	3.221e-22	1.0000e+01	1.0871e+01	1.8734e-18	6.4463e-05	9.9994e-01	5.9138e-04	9.9941e-01	9.0259e-12	2.3421e-26	1.6432e-07	1.0851e-02	9.8285e-01	6.2944e-03	1.6185e-06	5.1961e-02	9.4804e-01	1.1755e-36	1.1755e-36	1.1755e-36	3.7015e-35	0.00e+00	0.00e+00	1.3493e-01
3.47812e+19	4.8811e+03	3.209e-22	1.0000e+01	1.0871e+01	1.8692e-18	6.4552e-05	9.9994e-01	5.9520e-04	9.9940e-01	3.0861e-12	2.3812e-26	1.6551e-07	1.0927e-02	9.8301e-01	6.0665e-03	1.6585e-06	5.2910e-02	9.4709e-01	1.1755e-36	1.1755e-36	1.1755e-36	3.6469e-35	0.00e+00	0.00e+00	1.4843e-01
3.82593e+19	4.8586e+03	3.197e-22	1.0000e+01	1.0871e+01	1.7899e-18	6.4663e-05	9.9994e-01	5.9954e-04	9.9940e-01	1.0392e-12	2.3524e-26	1.6688e-07	1.1013e-02	9.8316e-01	5.8252e-03	1.7036e-06	5.3974e-02	9.4602e-01	1.1755e-36	1.1755e-36	1.1755e-36	3.2963e-35	0.00e+00	0.00e+00	1.6330e-01
4.20852e+19	4.8360e+03	3.183e-22	1.0000e+01	1.0871e+01	1.7860e-18	6.4798e-05	9.9994e-01	6.0448e-04	9.9940e-01	3.5018e-13	2.4056e-26	1.6845e-07	1.1110e-02	9.8332e-01	5.5709e-03	1.7544e-06	5.5170e-02	9.4483e-01	1.1755e-36	1.1755e-36	1.1755e-36	3.2549e-35	0.00e+00	0.00e+00	1.7969e-01
4.62937e+19	4.8134e+03	3.169e-22	1.0000e+01	1.0871e+01	1.7160e-18	6.4960e-05	9.9994e-01	6.1012e-04	9.9939e-01	1.2294e-13	2.4000e-26	1.7020e-07	1.1217e-02	9.8348e-01	5.3031e-03	1.8123e-06	5.6532e-02	9.4347e-01	1.1755e-36	1.1755e-36	1.1755e-36	2.9711e-35	0.00e+00	0.00e+00	1.9777e-01
5.09231e+19	4.7912e+03	3.154e-22	1.0000e+01	1.0871e+01	1.7095e-18	6.5158e-05	9.9993e-01	6.1654e-04	9.9938e-01	4.8849e-14	2.4705e-26	1.7231e-07	1.1343e-02	9.8363e-01	5.0233e-03	1.8780e-06	5.8060e-02	9.4194e-01	1.1755e-36	1.1755e-36	1.1755e-36	2.9337e-35	0.00e+00	0.00e+00	2.1772e-01
5.60154e+19	4.7699e+03	3.138e-22	1.0000e+01	1.0871e+01	1.6985e-18	6.5393e-05	9.9993e-01	6.2385e-04	9.9938e-01	2.4322e-14	2.5490e-26	1.7474e-07	1.1484e-02	9.8378e-01	4.7325e-03	1.9523e-06	5.9773e-02	9.4022e-01	1.1755e-36	1.1755e-36	1.1755e-36	2.8874e-35	0.00e+00	0.00e+00	2.3974e-01
6.16169e+19	4.7483e+03	3.121e-22	1.0000e+01	1.0871e+01	1.6898e-18	6.5682e-05	9.9993e-01	6.3238e-04	9.9937e-01	1.5501e-14	2.6464e-26	1.7756e-07	1.1647e-02	9.8392e-01	4.4292e-03	2.0388e-06	6.1759e-02	9.3824e-01	1.1755e-36	1.1755e-36	1.1755e-36	2.8539e-35	0.00e+00	0.00e+00	2.6407e-01
6.77786e+19	4.7288e+03	3.103e-22	1.0000e+01	1.0871e+01	1.6789e-18	6.6016e-05	9.9993e-01	6.4212e-04	9.9936e-01	1.1631e-14	2.7613e-26	1.8080e-07	1.1832e-02	9.8405e-01	4.1167e-03	2.1385e-06	6.4030e-02	9.3597e-01	1.1755e-36	1.1755e-36	1.1755e-36	2.8254e-35	0.00e+00	0.00e+00	2.9098e-01
7.45565e+19	4.7117e+03	3.083e-22	1.0000e+01	1.0871e+01	1.5368e-18	6.6403e-05	9.9993e-01	6.5332e-04	9.9935e-01	9.3754e-15	2.7395e-26	1.8452e-07	1.2041e-02	9.8416e-01	3.7960e-03	2.2540e-06	6.6648e-02	9.3335e-01	1.1755e-36	1.1755e-36	1.1755e-36	2.3599e-35	0.00e+00	0.00e+00	3.2074e-01
8.20121e+19	4.6968e+03	3.063e-22	1.0000e+01	1.0870e+01	1.5336e-18	6.6863e-05	9.9993e-01	6.6635e-04	9.9933e-01	7.7220e-15	2.9102e-26	1.8886e-07	1.2283e-02	9.8425e-01	3.4690e-03	2.3897e-06	6.9698e-02	9.3030e-01	1.1755e-36	1.1755e-36	1.1755e-36	2.3813e-35	0.00e+00	0.00e+00	3.5371e-01
9.02134e+19	4.6852e+03	3.041e-22	1.0000e+01	1.0870e+01	1.5214e-18	6.7400e-05	9.9993e-01	6.8151e-04	9.9932e-01	6.3654e-15	3.1075e-26	1.9391e-07	1.2561e-02	9.8430e-01	3.1378e-03	2.5501e-06	7.3272e-02	9.2673e-01	1.1755e-36	1.1755e-36	1.1755e-36	2.3861e-35	0.00e+00	0.00e+00	3.9026e-01
9.92347e+19	4.6780e+03	3.017e-22	1.0000e+01	1.0870e+01	1.5087e-18	6.8024e-05	9.9993e-01	6.9927e-04	9.9930e-01	5.2079e-15	3.3527e-26	1.9983e-07	1.2882e-02	9.8431e-01	2.8057e-03	2.7416e-06	7.7503e-02	9.2249e-01	1.1755e-36	1.1755e-36	1.1755e-36	2.4078e-35	0.00e+00	0.00e+00	4.3084e-01
1.09158e+20	4.6736e+03	2.992e-22	1.0000e+01	1.0870e+01	1.4364e-18	6.8781e-05	9.9993e-01	7.2047e-04	9.9928e-01	4.2110e-15	3.5700e-26	2.0683e-07	1.3263e-02	9.8426e-01	2.4735e-03	2.9772e-06	8.2647e-02	9.1735e-01	1.1755e-36	1.1755e-36	1.1755e-36	2.2445e-35	0.00e+00	0.00e+00	4.7598e-01
1.20074e+20	4.6718e+03	2.967e-22	1.0000e+01	1.0870e+01	1.3932e-18	6.9700e-05	9.9993e-01	7.4590e-04	9.9925e-01	3.3537e-15	3.9078e-26	2.1538e-07	1.3717e-02	9.8414e-01	2.1456e-03	3.2677e-06	8.8900e-02	9.1110e-01	1.1755e-36	1.1755e-36	1.1755e-36	2.1909e-35	0.00e+00	0.00e+00	5.2630e-01
1.32081e+20	4.6848e+03	2.937e-22	1.0000e+01	1.0870e+01	1.3447e-18	7.0689e-05	9.9993e-01	7.7573e-04	9.9922e-01	2.6275e-15	4.3400e-26	2.2526e-07	1.4240e-02	9.8393e-01	1.8291e-03	3.6240e-06	9.6518e-02	9.0348e-01	1.1755e-36	1.1755e-36	1.1755e-36	2.1593e-35	0.00e+00	0.00e+00	5.8243e-01
1.45290e+20	4.7144e+03	2.902e-22	1.0000e+01	1.0870e+01	1.2731e-18	7.1767e-05	9.9993e-01	8.1145e-04	9.9919e-01	2.0179e-15	4.8758e-26	2.3693e-07	1.4854e-02	9.8362e-01	1.5268e-03	4.0706e-06	1.0600e-01	8.9399e-01	1.1755e-36	1.1755e-36	1.1755e-36	2.1030e-35	0.00e+00	0.00e+00	6.4512e-01
1.59818e+20	4.7524e+03	2.865e-22	1.0000e+01	1.0870e+01	1.2615e-18	7.3077e-05	9.9993e-01	8.5590e-04	9.9914e-01	1.5104e-15	5.7833e-26	2.5145e-07	1.5610e-02	9.8315e-01	1.2406e-03	4.6579e-06	1.1827e-01	8.8172e-01	1.1755e-36	1.1755e-36	1.1755e-36	2.3012e-35	0.00e+00	0.00e+00	7.1533e-01
1.75800e+20	4.8072e+03	2.824e-22	1.0000e+01	1.0870e+01	1.2092e-18	7.4591e-05	9.9993e-01	9.1122e-04	9.9909e-01	1.0960e-15	6.9644e-26	2.6930e-07	1.6538e-02	9.8249e-01	9.7568e-04	5.4452e-06	1.3450e-01	8.6550e-01	1.1755e-36	1.1755e-36	1.1755e-36	2.4316e-35	0.00e+00	0.00e+00	7.9417e-01
1.93380e+20	4.8867e+03	2.777e-22	1.0000e+01	1.0869e+01	1.1389e-18	7.6298e-05	9.9992e-01	9.8163e-04	9.9902e-01	7.6523e-16	8.6806e-26	2.9166e-07	1.7694e-02	9.8157e-01	7.3670e-04	6.5340e-06	1.5664e-01	8.4335e-01	1.1755e-36	1.1755e-36	1.1755e-36	2.6087e-35	0.00e+00	0.00e+00	8.8287e-01
2.12718e+20	4.9997e+03	2.721e-22	1.0000e+01	1.0869e+01	1.0989e-18	7.8192e-05	9.9992e-01	1.0729e-03	9.9893e-01	5.0830e-16	1.1595e-25	3.2023e-07	1.9165e-02	9.8031e-01	5.2763e-04	8.1031e-06	1.8812e-01	8.1187e-01	1.1755e-36	1.1755e-36	1.1755e-36	3.1727e-35	0.00e+00	0.00e+00	9.8287e-01
2.31770e+20	5.1229e+03	2.666e-22	1.0000e+01	1.0869e+01	9.7821e-19	8.0023e-05	9.9992e-01	1.1813e-03	9.9882e-01	3.1942e-16	1.4861e-25	3.5274e-07	2.0856e-02	9.7878e-01	3.6878e-04	9.9062e-06	2.2310e-01	7.7689e-01	1.1755e-36	1.1755e-36	1.1755e-36	3.3388e-35	0.00e+00	0.00e+00	1.0730e+00
2.48662e+20	5.2627e+03	2.613e-22	1.0000e+01	1.0868e+01	9.0761e-19	8.1589e-05	9.9992e-01	1.2989e-03	9.9870e-01	2.1401e-16	1.9525e-25	3.8707e-07	2.2642e-02	9.7710e-01	2.6040e-04	1.2052e-05	2.6450e-01	7.3549e-01	1.1755e-36	1.1755e-36	1.1755e-36	3.9895e-35	0.00e+00	0.00e+00	1.1551e+00
2.65631e+20	5.4398e+03	2.552e-22	1.0000e+01	1.0868e+01	8.3031e-19	8.3175e-05	9.9992e-01	1.4446e-03	9.9856e-01	1.4464e-16	2.6673e-25	4.2892e-07	2.4805e-02	9.7502e-01	1.7620e-04	1.4961e-05	3.1995e-01	6.8004e-01	1.1755e-36	1.1755e-36	1.1755e-36	5.0493e-35	0.00e+00	0.00e+00	1.2496e+00
2.82922e+20	5.6653e+03	2.480e-22	1.0000e+01	1.0867e+01	6.6674e-19	8.4370e-05	9.9992e-01	1.6286e-03	9.9837e-01	8.6068e-17	3.5879e-25	4.7808e-07	2.7396e-02	9.7249e-01	1.1385e-04	1.8884e-05	3.9498e-01	6.0500e-01	1.1755e-36	1.1755e-36	1.1755e-36	5.4598e-35	0.00e+00	0.00e+00	1.3379e+00
2.97462e+20	5.9021e+03	2.410e-22	1.0000e+01	1.0867e+01	5.6201e-19	8.4923e-05	9.9992e-01	1.8227e-03	9.9818e-01	5.3166e-17	4.8043e-25	5.2667e-07	3.0031e-02	9.6989e-01	7.5535e-05	2.3222e-05	4.7872e-01	5.2125e-01	1.1755e-36	1.1755e-36	1.1755e-36	6.6406e-35	0.00e+00	0.00e+00	1.4049e+00
3.08385e+20	6.1106e+03	2.353e-22	1.0000e+01	1.0866e+01	4.8336e-19	8.5116e-05	9.9991e-01	2.0034e-03	9.9800e-01	3.7146e-17	6.0390e-25	5.6979e-07	3.2390e-02	9.6756e-01	5.3601e-05	2.7184e-05	5.5542e-01	4.4456e-01	1.1755e-36	1.1755e-36	1.1755e-36	7.7588e-35	0.00e+00	0.00e+00	1.4552e+00
3.17166e+20	6.2903e+03	2.306e-22	1.0000e+01	1.0865e+01	4.2547e-19	8.5276e-05	9.9991e-01	2.1802e-03	9.9782e-01	2.7883e-17	7.2799e-25	6.1055e-07	3.4622e-02	9.6534e-01	3.9561e-05	3.0736e-05	6.2339e-01	3.7658e-01	1.1755e-36	1.1755e-36	1.1755e-36	8.7771e-35	0.00e+00	0.00e+00	1.4994e+00
3.25589e+20	6.4632e+03	2.264e-22	1.0000e+01	1.0865e+01	3.7917e-19	8.5546e-05	9.9991e-01	2.3870e-03	9.9761e-01	2.0748e-17	8.7271e-25	6.5679e-07	3.7144e-02	9.6283e-01	2.8765e-05	3.4333e-05	6.9063e-01	3.0934e-01	1.1755e-36	1.1755e-36	1.1755e-36	9.8917e-35	0.00e+00	0.00e+00	1.5460e+00
3.34743e+20	6.6419e+03	2.223e-22	1.0000e+01	1.0864e+01	3.3249e-19	8.6027e-05	9.9991e-01	2.6684e-03	9.9733e-01	1.4464e-17	1.0536e-24	7.1732e-07	4.0430e-02	9.5955e-01	1.9754e-05	3.8285e-05	7.6194e-01	2.3802e-01	1.1755e-36	1.1755e-36	1.1755e-36	1.0747e-34	0.00e+00	0.00e+00	1.5986e+00
3.44977e+20	6.8167e+03	2.187e-22	1.0000e+01	1.0863e+01	2.9571e-19	8.6902e-05	9.9991e-01	3.0856e-03	9.9691e-01	9.2770e-18	1.3002e-24	8.0237e-07	4.5011e-02	9.5498e-01	1.2518e-05	4.2527e-05	8.3386e-01	1.6610e-01	1.1755e-36	1.1755e-36	1.1755e-36	1.1703e-34	0.00e+00	0.00e+00	1.6578e+00
3.55549e+20	6.9581e+03	2.162e-22	1.0000e+01	1.0863e+01	2.7988e-19	8.8244e-05	9.9991e-01	3.6968e-03	9.9630e-01	5.5981e-18	1.6361e-24	9.1787e-07	5.1186e-02	9.4881e-01	7.5340e-06	4.6508e-05	8.9481e-01	1.0514e-01	1.1755e-36	1.1755e-36	1.1755e-36	1.3337e-34	0.00e+00	0.00e+00	1.7154e+00
3.65724e+20	7.0380e+03	2.153e-22	1.0000e+01	1.0862e+01	2.7764e-19	9.0214e-05	9.9991e-01	4.6027e-03	9.9540e-01	3.3611e-18	2.0618e-24	1.0715e-06	5.9273e-02	9.4072e-01	4.4324e-06	4.9897e-05	9.3734e-01	6.2608e-02	1.1755e-36	1.1755e-36	1.1755e-36	1.4848e-34	0.00e+00	0.00e+00	1.7724e+00
3.73783e+20	7.0937e+03	2.151e-22	1.0000e+01	1.0861e+01	2.7921e-19	9.1852e-05	9.9991e-01	5.7482e-03	9.9425e-01	2.0049e-18	2.5042e-24	1.2377e-06	6.7969e-02	9.3203e-01	2.8814e-06	5.2158e-05	9.6130e-01	3.8651e-02	1.1755e-36	1.1755e-36	1.1755e-36	1.6157e-34	0.00e+00	0.00e+00	1.8079e+00
3.78687e+20	7.1048e+03	2.154e-22	1.0000e+01	1.0859e+01	2.8179e-19	9.3098e-05	9.9991e-01	6.7968e-03	9.9320e-01	1.5928e-18	2.8405e-24	1.3681e-06	7.4887e-02	9.2511e-01	2.1860e-06	5.3461e-05	9.7196e-01	2.7990e-02	1.1755e-36	1.1755e-36	1.1755e-36	1.6582e-34	0.00e+00	0.00e+00	1.8295e+00
3.82047e+20	7.1070e+03	2.158e-22	1.0000e+01	1.0858e+01	2.8698e-19	9.4069e-05	9.9991e-01	7.7565e-03	9.9224e-01	1.3869e-18	3.1227e-24	1.4750e-06	8.0458e-02	9.1954e-01	1.7846e-06	5.4338e-05	9.7775e-01	2.2194e-02	1.1755e-36	1.1755e-36	1.1755e-36	1.7117e-34	0.00e+00	0.00e+00	1.8476e+00
3.85535e+20	7.1047e+03	2.164e-22	1.0000e+01	1.0857e+01	2.9582e-19	9.5211e-05	9.9990e-01	9.0576e-03	9.9094e-01	1.1806e-18	3.4739e-24	1.6043e-06	8.7068e-02	9.1293e-01	1.4176e-06	5.5265e-05	9.8267e-01	1.7276e-02	1.1755e-36	1.1755e-36	1.1755e-36	1.7940e-34	0.00e+00	0.00e+00	1.8713e+00
3.89268e+20	7.0943e+03	2.173e-22	1.0000e+01	1.0856e+01	3.0213e-19	9.6497e-05	9.9990e-01	1.1007e-02	9.8899e-01	8.9646e-19	3.8888e-24	1.7654e-06	9.5320e-02	9.0468e-01	1.1057e-06	5.6228e-05	9.8706e-01	1.2888e-02	1.1755e-36	1.1755e-36	1.1755e-36	1.8223e-34	0.00e+00	0.00e+00	1.8927e+00
3.92260e+20	7.0855e+03	2.180e-22	1.0000e+01	1.0854e+01	3.0684e-19	9.7498e-05	9.9990e-01	1.3308e-02	9.8669e-01	7.2227e-19	4.2820e-24	1.9176e-06	1.0328e-01	8.9671e-01	8.9871e-07	5.6974e-05	9.9004e-01	9.9063e-03	1.1755e-36	1.1755e-36	1.1755e-36	1.8389e-34	0.00e+00	0.00e+00	1.9079e+00
3.94370e+20	7.0718e+03	2.187e-22	1.0000e+01	1.0852e+01	3.1564e-19	9.8314e-05	9.9990e-01	1.5631e-02	9.8437e-01	6.3209e-19	4.6282e-24	2.0448e-06	1.0980e-01	8.9019e-01	7.6770e-07	5.7526e-05	9.9186e-01	8.0776e-03	1.1755e-36	1.1755e-36	1.1755e-36	1.8927e-34	0.00e+00	0.00e+00	1.9188e+00
3.96008e+20	7.0637e+03	2.192e-22	1.0000e+01	1.0850e+01	3.1691e-19	9.8922e-05	9.9990e-01	1.8033e-02	9.8197e-01	5.6905e-19	4.8964e-24	2.1528e-06	1.1539e-01	8.8460e-01	6.7286e-07	5.7944e-05	9.9314e-01	6.8037e-03	1.1755e-36	1.1755e-36	1.1755e-36	1.8762e-34	0.00e+00	0.00e+00	1.9283e+00
3.97505e+20	7.0431e+03	2.200e-22	1.0000e+01	1.0847e+01	3.2306e-19	9.9622e-05	9.9990e-01	2.0931e-02	9.7907e-01	5.0878e-19	5.1858e-24	2.2616e-06	1.2104e-01	8.7895e-01	5.9027e-07	5.8389e-05	9.9421e-01	5.7344e-03	1.1755e-36	1.1755e-36	1.1755e-36	1.8820e-34	0.00e+00	0.00e+00	1.9376e+00
3.98935e+20	7.0368e+03	2.205e-22	1.0000e+01	1.0845e+01	3.2897e-19	1.0016e-04	9.9990e-01	2.4645e-02	9.7536e-01	4.4949e-19	5.4926e-24	2.3740e-06	1.2678e-01	8.7322e-01	5.1770e-07	5.8744e-05	9.9514e-01	4.7966e-03	1.1755e-36	1.1755e-36	1.1755e-36	1.9225e-34	0.00e+00	0.00e+00	1.9463e+00
4.00209e+20	7.0171e+03	2.212e-22	1.0000e+01	1.0841e+01	3.3707e-19	1.0077e-04	9.9990e-01	2.9264e-02	9.7074e-01	3.9722e-19	5.7989e-24	2.4843e-06	1.3245e-01	8.6755e-01	4.5594e-07	5.9120e-05	9.9594e-01	4.0042e-03	1.1755e-36	1.1755e-36	1.1755e-36	1.9510e-34	0.00e+00	0.00e+00	1.9537e+00
4.01259e+20	7.0048e+03	2.218e-22	1.0000e+01	1.0837e+01	3.4228e-19	1.0122e-04	9.9990e-01	3.4548e-02	9.6545e-01	3.5641e-19	6.0622e-24	2.5811e-06	1.3745e-01	8.6254e-01	4.0716e-07	5.9402e-05	9.9656e-01	3.3818e-03	1.1755e-36	1.1755e-36	1.1755e-36	1.9678e-34	0.00e+00	0.00e+00	1.9597e+00
4.02114e+20	6.9842e+03	2.224e-22	1.0000e+01	1.0831e+01	3.4990e-19	1.0167e-04	9.9990e-01	4.0441e-02	9.5956e-01	3.2404e-19	6.3031e-24	2.6650e-06	1.4186e-01	8.5814e-01	3.6759e-07	5.9670e-05	9.9705e-01	2.8911e-03	1.1755e-36	1.1755e-36	1.1755e-36	1.9880e-34	0.00e+00	0.00e+00	1.9647e+00
4.02843e+20	6.9742e+03	2.227e-22	1.0000e+01	1.0825e+01	3.5442e-19	1.0197e-04	9.9990e-01	4.7176e-02	9.5282e-01	2.9631e-19	6.5082e-24	2.7386e-06	1.4571e-01	8.5429e-01	3.3438e-07	5.9855e-05	9.9745e-01	2.4867e-03	1.1755e-36	1.1755e-36	1.1755e-36	2.0034e-34	0.00e+00	0.00e+00	1.9691e+00
4.03492e+20	6.9606e+03	2.232e-22	1.0000e+01	1.0820e+01	3.5959e-19	1.0229e-04	9.9990e-01	5.5268e-02	9.4473e-01	2.7066e-19	6.7040e-24	2.8093e-06	1.4931e-01	8.5069e-01	3.0460e-07	6.0041e-05	9.9781e-01	2.1335e-03	1.1755e-36	1.1755e-36	1.1755e-36	2.0156e-34	0.00e+00	0.00e+00	1.9730e+00
4.04068e+20	6.9461e+03	2.236e-22	1.0000e+01	1.0812e+01	3.6496e-19	1.0257e-04	9.9990e-01	6.5014e-02	9.3499e-01	2.4642e-19	6.8838e-24	2.8725e-06	1.5262e-01	8.4738e-01	2.7794e-07	6.0202e-05	9.9812e-01	1.8230e-03	1.1755e-36	1.1755e-36	1.1755e-36	2.0269e-34	0.00e+00	0.00e+00	1.9765e+00
4.04565e+20	6.9306e+03	2.238e-22	1.0000e+01	1.0800e+01	3.6986e-19	1.0277e-04	9.9990e-01	7.6406e-02	9.2359e-01	2.2368e-19	7.0337e-24	2.9249e-06	1.5552e-01	8.4448e-01	2.5456e-07	6.0316e-05	9.9838e-01	1.5566e-03	1.1755e-36	1.1755e-36	1.1755e-36	2.0288e-34	0.00e+00	0.00e+00	1.9795e+00
4.04989e+20	6.9198e+03	2.240e-22	1.0000e+01	1.0792e+01	3.7393e-19	1.0294e-04	9.9990e-01	8.9615e-02	9.1039e-01	2.0454e-19	7.1702e-24	2.9736e-06	1.5804e-01	8.4196e-01	2.3405e-07	6.0416e-05	9.9861e-01	1.3297e-03	1.1755e-36	1.1755e-36	1.1755e-36	2.0367e-34	0.00e+00	0.00e+00	1.9820e+00
4.05354e+20	6.9040e+03	2.241e-22	1.0000e+01	1.0777e+01	3.7878e-19	1.0308e-04	9.9990e-01	1.0489e-01	8.9511e-01	1.8634e-19	7.2834e-24	3.0124e-06	1.6024e-01	8.3976e-01	2.1571e-07	6.0491e-05	9.9881e-01	1.1345e-03	1.1755e-36	1.1755e-36	1.1755e-36	2.0364e-34	0.00e+00	0.00e+00	1.9842e+00
4.05674e+20	6.8936e+03	2.240e-22	1.0000e+01	1.0765e+01	3.8195e-19	1.0316e-04	9.9990e-01	1.2268e-01	8.7732e-01	1.6972e-19	7.3778e-24	3.0465e-06	1.6211e-01	8.3788e-01	1.9913e-07	6.0532e-05	9.9897e-01	9.6445e-04	1.1755e-36	1.1755e-36	1.1755e-36	2.0357e-34	0.00e+00	0.00e+00	1.9862e+00
4.05955e+20	6.8746e+03	2.239e-22	1.0000e+01	1.0746e+01	3.8733e-19	1.0325e-04	9.9990e-01	1.4359e-01	8.5641e-01	1.5318e-19	7.4598e-24	3.0739e-06	1.6378e-01	8.3621e-01	1.8375e-07	6.0566e-05	9.9912e-01	8.1508e-04	1.1755e-36	1.1755e-36	1.1755e-36	2.0301e-34	0.00e+00	0.00e+00	1.9879e+00
4.06203e+20	6.8683e+03	2.235e-22	1.0000e+01	1.0729e+01	3.8861e-19	1.0319e-04	9.9990e-01	1.6792e-01	8.3208e-01	1.3802e-19	7.5139e-24	3.0952e-06	1.6511e-01	8.3488e-01	1.6975e-07	6.0537e-05	9.9925e-01	6.8464e-04	1.1755e-36	1.1755e-36	1.1755e-36	2.0215e-34	0.00e+00	0.00e+00	1.9894e+00
4.06423e+20	6.8504e+03	2.231e-22	1.0000e+01	1.0707e+01	3.9360e-19	1.0320e-04	9.9990e-01	1.9632e-01	8.0368e-01	1.2328e-19	7.5692e-24	3.1131e-06	1.6633e-01	8.3367e-01	1.5655e-07	6.0529e-05	9.9937e-01	5.7101e-04	1.1755e-36	1.1755e-36	1.1755e-36	2.0149e-34	0.00e+00	0.00e+00	1.9907e+00
4.06617e+20	6.8386e+03	2.223e-22	1.0000e+01	1.0681e+01	3.9552e-19	1.0308e-04	9.9990e-01	2.2901e-01	7.7099e-01	1.0912e-19	7.5914e-24	3.1235e-06	1.6724e-01	8.3276e-01	1.4440e-07	6.0454e-05	9.9947e-01	4.7297e-04	1.1755e-36	1.1755e-36	1.1755e-36	1.9951e-34	0.00e+00	0.00e+00	1.9919e+00
4.06790e+20	6.8156e+03	2.214e-22	1.0000e+01	1.0644e+01	4.0047e-19	1.0297e-04	9.9990e-01	2.6674e-01	7.3326e-01	9.4924e-20	7.6033e-24	3.1284e-06	1.6800e-01	8.3200e-01	1.3288e-07	6.0365e-05	9.9955e-01	3.8863e-04	1.1755e-36	1.1755e-36	1.1755e-36	1.9699e-34	0.00e+00	0.00e+00	1.9930e+00
4.06947e+20	6.8058e+03	2.200e-22	1.0000e+01	1.0607e+01	4.0115e-19	1.0268e-04	9.9990e-01	3.0994e-01	6.9006e-01	8.1648e-20	7.5861e-24	3.1259e-06	1.6846e-01	8.3154e-01	1.1755e-36	6.0196e-05	9.9962e-01	3.1609e-04	1.1755e-36	1.1755e-36	1.1755e-36	1.9429e-34	0.00e+00	0.00e+00	1.9940e+00
4.07092e+20	6.7832e+03	2.187e-22	1.0000e+01	1.0565e+01	4.0534e-19	1.0249e-04	9.9990e-01	3.5988e-01	6.4012e-01	6.8843e-20	7.5738e-24	3.1236e-06	1.6891e-01	8.3109e-01	1.1755e-36	6.0061e-05	9.9969e-01	2.5390e-04	1.1755e-36	1.1755e-36	1.1755e-36	1.9117e-34	0.00e+00	0.00e+00	1.9949e+00
4.07225e+20	6.7705e+03	2.168e-22	1.0000e+01	1.0525e+01	4.0673e-19	1.0219e-04	9.9990e-01	4.1669e-01	5.8331e-01	5.7002e-20	7.5474e-24	3.1167e-06	1.6916e-01	8.3084e-01	1.1755e-36	5.9878e-05	9.9974e-01	2.0104e-04	1.1755e-36	1.1755e-36	1.1755e-36	1.8859e-34	0.00e+00	0.00e+00	1.9957e+00
4.07351e+20	6.7458e+03	2.146e-22	1.0000e+01	1.0465e+01	4.0917e-19	1.0181e-04	9.9990e-01	4.8044e-01	5.1956e-01	4.5102e-20	7.4841e-24	3.1010e-06	1.6920e-01	8.3080e-01	1.1755e-36	5.9630e-05	9.9978e-01	1.5696e-04	1.1755e-36	1.1755e-36	1.1755e-36	1.8303e-34	0.00e+00	0.00e+00	1.9965e+00
4.07473e+20	6.7192e+03	2.123e-22	1.0000e+01	1.0415e+01	4.1564e-19	1.0155e-04	9.9990e-01	5.5174e-01	4.4826e-01	3.4566e-20	7.4585e-24	3.0902e-06	1.6932e-01	8.3067e-01	1.1755e-36	5.9446e-05	9.9982e-01	1.2010e-04	1.1755e-36	1.1755e-36	1.1755e-36	1.8081e-34	0.00e+00	0.00e+00	1.9973e+00
4.07611e+20	6.6892e+03	2.089e-22	1.0000e+01	1.0334e+01	4.1761e-19	1.0100e-04	9.9990e-01	6.4023e-01	3.5977e-01	2.4090e-20	7.3561e-24	3.0621e-06	1.6904e-01	8.3095e-01	1.1755e-36	5.9091e-05	9.9985e-01	8.6205e-05	1.1755e-36	1.1755e-36	1.1755e-36	1.7354e-34	0.00e+00	0.00e+00	1.9983e+00
4.07763e+20	6.6530e+03	2.053e-22	1.0000e+01	1.0250e+01	4.2302e-19	1.0049e-04	9.9990e-01	7.3891e-01	2.6109e-01	1.4095e-20	7.2666e-24	3.0342e-06	1.6875e-01	8.3125e-01	1.1755e-36	5.8750e-05	9.9988e-01	5.7856e-05	1.1755e-36	1.1755e-36	1.1755e-36	1.6760e-34	0.00e+00	0.00e+00	1.9992e+00
4.07907e+20	6.6194e+03	2.022e-22	1.0000e+01	1.0184e+01	4.3114e-19	1.0018e-04	9.9990e-01	8.2410e-01	1.7590e-01	7.8011e-21	7.2201e-24	3.0151e-06	1.6858e-01	8.3142e-01	1.1755e-36	5.8524e-05	9.9990e-01	3.8528e-05	1.1755e-36	1.1755e-36	1.1755e-36	1.6465e-34	0.00e+00	0.00e+00	2.0001e+00
4.08071e+20	6.5921e+03	1.992e-22	1.0000e+01	1.0118e+01	4.3441e-19	9.9856e-05	9.9990e-01	8.9659e-01	1.0341e-01	3.7037e-21	7.1483e-24	2.9935e-06	1.6825e-01	8.3175e-01	1.1755e-36	5.8288e-05	9.9992e-01	2.4164e-05	1.1755e-36	1.1755e-36	1.1755e-36	1.5960e-34	0.00e+00	0.00e+00	2.0013e+00
4.08283e+20	6.5706e+03	1.968e-22	1.0000e+01	1.0063e+01	4.3734e-19	9.9667e-05	9.9990e-01	9.5245e-01	4.7555e-02	1.2367e-21	7.0997e-24	2.9786e-06	1.6799e-01	8.3201e-01	1.1755e-36	5.8132e-05	9.9993e-01	1.3183e-05	1.1755e-36	1.1755e-36	1.1755e-36	1.5584e-34	0.00e+00	0.00e+00	2.0028e+00
4.08560e+20	6.5544e+03	1.955e-22	1.0000e+01	1.0027e+01	4.3756e-19	9.9690e-05	9.9990e-01	9.8363e-01	1.6374e-02	2.7691e-22	7.0684e-24	2.9716e-06	1.6789e-01	8.3211e-01	1.1755e-36	5.8098e-05	9.9994e-01	6.0591e-06	1.1755e-36	1.1755e-36	1.1755e-36	1.5167e-34	0.00e+00	0.00e+00	2.0047e+00
4.08920e+20	6.5505e+03	1.950e-22	1.0000e+01	1.0015e+01	4.3874e-19	9.9897e-05	9.9990e-01	9.9571e-01	4.2915e-03	4.1676e-23	7.0870e-24	2.9733e-06	1.6797e-01	8.3203e-01	1.1755e-36	5.8185e-05	9.9994e-01	2.2669e-06	1.1755e-36	1.1755e-36	1.1755e-36	1.5118e-34	0.00e+00	0.00e+00	2.0073e+00
4.09387e+20	6.5514e+03	1.950e-22	1.0000e+01	1.0010e+01	4.3995e-19	1.0019e-04	9.9990e-01	9.9895e-01	1.0452e-03	4.9731e-24	7.1238e-24	2.9785e-06	1.6814e-01	8.3186e-01	1.1755e-36	5.8322e-05	9.9994e-01	6.6490e-07	1.1755e-36	1.1755e-36	1.1755e-36	1.5178e-34	0.00e+00	0.00e+00	2.0106e+00
4.09995e+20	6.5550e+03	1.951e-22	1.0000e+01	1.0008e+01	4.4082e-19	1.0053e-04	9.9990e-01	9.9957e-01	4.3125e-04	8.2078e-25	7.1719e-24	2.9869e-06	1.6837e-01	8.3162e-01	1.1755e-36	5.8495e-05	9.9994e-01	1.4681e-07	1.1755e-36	1.1755e-36	1.1755e-36	1.5275e-34	0.00e+00	0.00e+00	2.0150e+00
4.10785e+20	6.5576e+03	1.953e-22	1.0000e+01	1.0012e+01	4.4135e-19	1.0102e-04	9.9990e-01	9.9967e-01	3.2545e-04	1.9044e-25	7.2355e-24	3.0006e-06	1.6880e-01	8.3120e-01	1.1755e-36	5.8743e-05	9.9994e-01	2.3532e-08	1.1755e-36	1.1755e-36	1.1755e-36	1.5325e-34	0.00e+00	0.00e+00	2.0207e+00
4.11812e+20	6.5597e+03	1.956e-22	1.0000e+01	1.0013e+01	4.4340e-19	1.0157e-04	9.9990e-01	9.9972e-01	2.8263e-04	1.1755e-36	7.3161e-24	3.0153e-06	1.6931e-01	8.3069e-01	1.1755e-36	5.9020e-05	9.9994e-01	2.6510e-09	1.1755e-36	1.1755e-36	1.1755e-36	1.5476e-34	0.00e+00	0.00e+00	2.0282e+00
4.13147e+20	6.5670e+03	1.957e-22	1.0000e+01	1.0013e+01	4.3797e-19	1.0217e-04	9.9990e-01	9.9975e-01	2.4994e-04	1.1755e-36	7.3712e-24	3.0328e-06	1.6990e-01	8.3010e-01	1.1755e-36	5.9333e-05	9.9994e-01	2.0112e-10	1.1755e-36	1.1755e-36	1.1755e-36	1.5191e-34	0.00e+00	0.00e+00	2.0379e+00
4.14883e+20	6.5696e+03	1.961e-22	1.0000e+01	1.0013e+01	4.4281e-19	1.0297e-04	9.9990e-01	9.9978e-01	2.2067e-04	1.1755e-36	7.5046e-24	3.0564e-06	1.7077e-01	8.2923e-01	1.1755e-36	5.9746e-05	9.9994e-01	9.5640e-12	1.1755e-36	1.1755e-36	1.1755e-36	1.5505e-34	0.00e+00	0.00e+00	2.0506e+00
4.17140e+20	6.5792e+03	1.963e-22	1.0000e+01	1.0013e+01	4.3448e-19	1.0390e-04	9.9990e-01	9.9980e-01	1.9761e-04	1.1755e-36	7.5951e-24	3.0845e-06	1.7182e-01	8.2818e-01	1.1755e-36	6.0237e-05	9.9994e-01	2.5173e-13	1.1755e-36	1.1755e-36	1.1755e-36	1.5043e-34	0.00e+00	0.00e+00	2.0674e+00
4.20073e+20	6.5851e+03	1.968e-22	1.0000e+01	1.0013e+01	4.3767e-19	1.0513e-04	9.9989e-01	9.9982e-01	1.7632e-04	1.1755e-36	7.7892e-24	3.1232e-06	1.7329e-01	8.2670e-01	1.1755e-36	6.0887e-05	9.9994e-01	2.9922e-15	1.1755e-36	1.1755e-36	1.1755e-36	1.5250e-34	0.00e+00	0.00e+00	2.0894e+00
4.23887e+20	6.6001e+03	1.972e-22	1.0000e+01	1.0013e+01	4.2504e-19	1.0667e-04	9.9989e-01	9.9984e-01	1.6088e-04	1.1755e-36	7.9530e-24	3.1703e-06	1.7515e-01	8.2485e-01	1.1755e-36	6.1705e-05	9.9994e-01	1.2072e-17	1.1755e-36	1.1755e-36	1.1755e-36	1.4549e-34	0.00e+00	0.00e+00	2.1184e+00
4.28844e+20	6.6094e+03	1.980e-22	1.0000e+01	1.0013e+01	4.3329e-19	1.0877e-04	9.9989e-01	9.9985e-01	1.4517e-04	1.1755e-36	8.3143e-24	3.2385e-06	1.7776e-01	8.2224e-01	1.1755e-36	6.2823e-05	9.9994e-01	1.1390e-20	1.1755e-36	1.1755e-36	1.1755e-36	1.5041e-34	0.00e+00	0.00e+00	2.1569e+00
4.35289e+20	6.6296e+03	1.988e-22	1.0000e+01	1.0013e+01	4.1853e-19	1.1152e-04	9.9989e-01	9.9987e-01	1.3471e-04	1.1755e-36	8.6623e-24	3.3234e-06	1.8116e-01	8.1884e-01	1.1755e-36	6.4297e-05	9.9994e-01	3.3820e-24	1.1755e-36	1.1755e-36	1.1755e-36	1.4175e-34	0.00e+00	0.00e+00	2.2082e+00
4.43668e+20	6.6540e+03	1.999e-22	1.0000e+01	1.0013e+01	4.2711e-19	1.1521e-04	9.9988e-01	9.9988e-01	1.2297e-04	1.1755e-36	9.3244e-24	3.4443e-06	1.8579e-01	8.1421e-01	1.1755e-36	6.6292e-05	9.9993e-01	9.8125e-25	1.1755e-36	1.1755e-36	1.1755e-36	1.4785e-34	0.00e+00	0.00e+00	2.2771e+00
4.54560e+20	6.6826e+03	2.016e-22	1.0000e+01	1.0013e+01	4.0960e-19	1.2047e-04	9.9988e-01	9.9988e-01	1.1546e-04	1.1755e-36	1.0105e-23	3.6033e-06	1.9221e-01	8.0779e-01	1.1755e-36	6.9128e-05	9.9993e-01	1.1820e-24	1.1755e-36	1.1755e-36	1.1755e-36	1.3662e-34	0.00e+00	0.00e+00	2.3707e+00
4.68719e+20	6.7245e+03	2.038e-22	1.0000e+01	1.0013e+01	4.1793e-19	1.2788e-04	9.9987e-01	9.9989e-01	1.0734e-04	1.1755e-36	1.1520e-23	3.8309e-06	2.0114e-01	7.9885e-01	1.1755e-36	7.3161e-05	9.9993e-01	1.7224e-24	1.1755e-36	1.1755e-36	1.1755e-36	1.4243e-34	0.00e+00	0.00e+00	2.5000e+00
4.87127e+20	6.7835e+03	2.068e-22	1.0000e+01	1.0012e+01	4.1936e-19	1.3880e-04	9.9986e-01	9.9990e-01	1.0019e-04	1.1755e-36	1.3744e-23	4.1577e-06	2.1392e-01	7.8607e-01	1.1755e-36	7.9168e-05	9.9992e-01	2.9091e-24	1.1755e-36	1.1755e-36	1.1755e-36	1.4440e-34	0.00e+00	0.00e+00	2.6823e+00
5.11057e+20	6.8642e+03	2.112e-22	1.0000e+01	1.0012e+01	4.5358e-19	1.5579e-04	9.9984e-01	9.9991e-01	9.2403e-05	1.1755e-36	1.7989e-23	4.6477e-06	2.3289e-01	7.6711e-01	1.1755e-36	8.8660e-05	9.9991e-01	5.8751e-24	1.1755e-36	1.1755e-36	1.1755e-36	1.6902e-34	0.00e+00	0.00e+00	2.9484e+00
5.42165e+20	6.9798e+03	2.178e-22	1.0000e+01	1.0012e+01	5.2000e-19	1.8424e-04	9.9982e-01	9.9992e-01	8.3782e-05	1.1755e-36	2.6845e-23	5.4171e-06	2.6239e-01	7.3761e-01	1.1755e-36	1.0499e-04	9.9989e-01	1.5621e-23	1.1755e-36	1.1755e-36	1.1755e-36	2.2210e-34	0.00e+00	0.00e+00	3.3574e+00
5.74189e+20	7.1278e+03	2.267e-22	1.0000e+01	1.0011e+01	6.2795e-19	2.2623e-04	9.9977e-01	9.9993e-01	7.4679e-05	1.1755e-36	4.3957e-23	6.4028e-06	2.9994e-01	7.0005e-01	1.1755e-36	1.2997e-04	9.9987e-01	5.2156e-23	1.1755e-36	1.1755e-36	1.1755e-36	3.2693e-34	0.00e+00	0.00e+00	3.7699e+00
5.98134e+20	7.2618e+03	2.352e-22	1.0000e+01	1.0011e+01	7.7985e-19	2.7298e-04	9.9973e-01	9.9993e-01	6.6714e-05	1.1755e-36	6.9660e-23	7.3367e-06	3.3557e-01	6.6442e-01	1.1755e-36	1.5914e-04	9.9984e-01	1.4868e-22	1.1755e-36	1.1755e-36	1.1755e-36	5.0507e-34	0.00e+00	0.00e+00	4.0975e+00
6.14537e+20	7.3616e+03	2.420e-22	1.0000e+01	1.0010e+01	9.7912e-19	3.1723e-04	9.9968e-01	9.9994e-01	6.0478e-05	1.1755e-36	1.0182e-22	8.1246e-06	3.6516e-01	6.3484e-01	1.1755e-36	1.8807e-04	9.9981e-01	3.1645e-22	1.1755e-36	1.1755e-36	1.1755e-36	7.8232e-34	0.00e+00	0.00e+00	4.3738e+00
6.27820e+20	7.4481e+03	2.480e-22	1.0000e+01	1.0010e+01	1.1996e-18	3.6328e-04	9.9964e-01	9.9994e-01	5.5095e-05	1.1755e-36	1.4378e-22	8.8612e-06	3.9291e-01	6.0708e-01	1.1755e-36	2.1954e-04	9.9978e-01	5.9871e-22	1.1755e-36	1.1755e-36	1.1755e-36	1.1564e-33	0.00e+00	0.00e+00	4.6667e+00
6.42502e+20	7.5445e+03	2.552e-22	1.0000e+01	1.0009e+01	1.5933e-18	4.2906e-04	9.9957e-01	9.9995e-01	4.8062e-05	1.1755e-36	2.2158e-22	9.8087e-06	4.2853e-01	5.7146e-01	1.1755e-36	2.6668e-04	9.9973e-01	1.1975e-21	1.1755e-36	1.1755e-36	1.1755e-36	1.9700e-33	0.00e+00	0.00e+00	5.1163e+00
6.57675e+20	7.6627e+03	2.640e-22	1.0000e+01	1.0008e+01	2.3219e-18	5.2441e-04	9.9948e-01	9.9996e-01	3.8166e-05	1.1755e-36	3.7379e-22	1.0912e-05	4.7057e-01	5.2942e-01	1.1755e-36	3.3882e-04	9.9966e-01	2.7298e-21	1.1755e-36	1.1755e-36	1.1755e-36	3.9856e-33	0.00e+00	0.00e+00	5.5715e+00
6.70415e+20	7.7702e+03	2.727e-22	1.0000e+01	1.0007e+01	3.8120e-18	6.4209e-04	9.9936e-01	9.9997e-01	2.8672e-05	1.1755e-36	6.4567e-22	1.2016e-05	5.1262e-01	4.8737e-01	1.1755e-36	4.3346e-04	9.9957e-01	5.6459e-21	1.1755e-36	1.1755e-36	1.1755e-36	9.8241e-33	0.00e+00	0.00e+00	6.0470e+00
6.80913e+20	7.8657e+03	2.810e-22	1.0000e+01	1.0005e+01	6.4778e-18	7.8306e-04	9.9922e-01	9.9998e-01	2.0358e-05	1.1755e-36	1.1129e-21	1.3076e-05	5.5266e-01	4.4732e-01	1.1755e-36	5.5360e-04	9.9945e-01	1.0573e-20	1.1755e-36	1.1755e-36	1.1755e-36	2.5631e-32	0.00e+00	0.00e+00	6.5051e+00
6.89054e+20	7.9505e+03	2.883e-22	1.0000e+01	1.0004e+01	1.1590e-17	9.3886e-04	9.9906e-01	9.9999e-01	1.3341e-05	1.1755e-36	1.8805e-21	1.3994e-05	5.8787e-01	4.1212e-01	1.1755e-36	6.9365e-04	9.9931e-01	1.8191e-20	1.1755e-36	1.1755e-36	1.1755e-36	7.3685e-32	0.00e+00	0.00e+00	6.9210e+00
6.95323e+20	8.0143e+03	2.947e-22	1.0000e+01	1.0002e+01	2.3840e-17	1.1043e-03	9.9890e-01	9.9999e-01	7.0854e-06	1.1755e-36	3.2388e-21	1.4774e-05	6.1813e-01	3.8186e-01	1.1755e-36	8.4893e-04	9.9915e-01	2.7085e-20	1.1755e-36	1.1755e-36	1.1755e-36	2.7446e-31	0.00e+00	0.00e+00	7.3059e+00
7.00426e+20	8.0692e+03	3.003e-22	1.0000e+01	9.9998e+00	3.8669e-17	1.2835e-03	9.9872e-01	1.0000e+00	4.8060e-06	1.1755e-36	5.1175e-21	1.5468e-05	6.4510e-01	3.5489e-01	1.1755e-36	1.0235e-03	9.9898e-01	3.7907e-20	1.1755e-36	1.1755e-36	1.1755e-36	6.6481e-31	0.00e+00	0.00e+00	7.6856e+00
7.04840e+20	8.1176e+03	3.056e-22	1.0000e+01	9.9977e+00	6.1086e-17	1.4871e-03	9.9851e-01	1.0000e+00	3.2912e-06	1.1755e-36	7.9970e-21	1.6119e-05	6.7037e-01	3.2962e-01	1.1755e-36	1.2285e-03	9.9877e-01	5.0692e-20	1.1755e-36	1.1755e-36	1.1755e-36	1.5301e-30	0.00e+00	0.00e+00	8.0746e+00
7.08716e+20	8.1601e+03	3.108e-22	1.0000e+01	9.9955e+00	9.1011e-17	1.7220e-03	9.9828e-01	1.0000e+00	2.4169e-06	1.1755e-36	1.2168e-20	1.6743e-05	6.9428e-01	3.0570e-01	1.1755e-36	1.4719e-03	9.9853e-01	6.5081e-20	1.1755e-36	1.1755e-36	1.1755e-36	3.1350e-30	0.00e+00	0.00e+00	8.4668e+00
7.12045e+20	8.1976e+03	3.156e-22	1.0000e+01	9.9929e+00	1.3324e-16	1.9868e-03	9.9801e-01	1.0000e+00	1.7920e-06	1.1755e-36	1.8235e-20	1.7306e-05	7.1634e-01	2.8365e-01	1.1755e-36	1.7535e-03	9.9825e-01	8.0801e-20	1.1755e-36	1.1755e-36	1.1755e-36	6.1931e-30	0.00e+00	0.00e+00	8.8495e+00
7.14856e+20	8.2290e+03	3.201e-22	1.0000e+01	9.9900e+00	1.8797e-16	2.2778e-03	9.9772e-01	1.0000e+00	1.3820e-06	1.1755e-36	2.6499e-20	1.7813e-05	7.3627e-01	2.6371e-01	1.1755e-36	2.0699e-03	9.9793e-01	9.6479e-20	1.1755e-36	1.1755e-36	1.1755e-36	1.1356e-29	0.00e+00	0.00e+00	9.2193e+00
7.17251e+20	8.2549e+03	3.242e-22	1.0000e+01	9.9868e+00	2.5788e-16	2.5966e-03	9.9740e-01	1.0000e+00	1.1019e-06	1.1755e-36	3.7529e-20	1.8273e-05	7.5438e-01	2.4561e-01	1.1755e-36	2.4232e-03	9.9758e-01	1.1136e-19	1.1755e-36	1.1755e-36	1.1755e-36	1.9671e-29	0.00e+00	0.00e+00	9.5830e+00
7.19341e+20	8.2762e+03	3.281e-22	1.0000e+01	9.9832e+00	3.4779e-16	2.9517e-03	9.9705e-01	1.0000e+00	8.9748e-07	1.1755e-36	5.2276e-20	1.8698e-05	7.7115e-01	2.2883e-01	1.1755e-36	2.8229e-03	9.9718e-01	1.2497e-19	1.1755e-36	1.1755e-36	1.1755e-36	3.2829e-29	0.00e+00	0.00e+00	9.9487e+00
7.21195e+20	8.2898e+03	3.321e-22	1.0000e+01	9.9799e+00	4.6202e-16	3.3532e-03	9.9665e-01	1.0000e+00	7.5461e-07	1.1755e-36	7.1792e-20	1.9130e-05	7.8694e-01	2.1304e-01	1.1755e-36	3.2812e-03	9.9672e-01	1.3380e-19	1.1755e-36	1.1755e-36	1.1755e-36	5.2731e-29	0.00e+00	0.00e+00	1.0318e+01
7.22836e+20	8.3052e+03	3.357e-22	1.0000e+01	9.9758e+00	6.1278e-16	3.8040e-03	9.9620e-01	1.0000e+00	6.2925e-07	1.1755e-36	9.8166e-20	1.9498e-05	8.0166e-01	1.9832e-01	1.1755e-36	3.8025e-03	9.9620e-01	1.4458e-19	1.1755e-36	1.1755e-36	1.1755e-36	8.4573e-29	0.00e+00	0.00e+00	1.0688e+01
7.24282e+20	8.3144e+03	3.393e-22	1.0000e+01	9.9710e+00	8.0864e-16	4.3085e-03	9.9569e-01	1.0000e+00	5.2982e-07	1.1755e-36	1.3302e-19	1.9842e-05	8.1536e-01	1.8462e-01	1.1755e-36	4.3917e-03	9.9561e-01	1.5076e-19	1.1755e-36	1.1755e-36	1.1755e-36	1.3345e-28	0.00e+00	0.00e+00	1.1055e+01
7.25555e+20	8.3198e+03	3.427e-22	1.0000e+01	9.9655e+00	1.0595e-15	4.8707e-03	9.9513e-01	1.0000e+00	4.5085e-07	1.1755e-36	1.7852e-19	2.0161e-05	8.2808e-01	1.7190e-01	1.1755e-36	5.0544e-03	9.9495e-01	1.5387e-19	1.1755e-36	1.1755e-36	1.1755e-36	2.0688e-28	0.00e+00	0.00e+00	1.1423e+01
7.26685e+20	8.3213e+03	3.461e-22	1.0000e+01	9.9594e+00	1.3821e-15	5.5008e-03	9.9450e-01	1.0000e+00	3.8677e-07	1.1755e-36	2.3788e-19	2.0460e-05	8.3998e-01	1.6000e-01	1.1755e-36	5.8028e-03	9.9420e-01	1.5368e-19	1.1755e-36	1.1755e-36	1.1755e-36	3.1651e-28	0.00e+00	0.00e+00	1.1793e+01
7.27697e+20	8.3196e+03	3.493e-22	1.0000e+01	9.9525e+00	1.8005e-15	6.2121e-03	9.9379e-01	1.0000e+00	3.3372e-07	1.1755e-36	3.1576e-19	2.0741e-05	8.5118e-01	1.4880e-01	1.1755e-36	6.6532e-03	9.9335e-01	1.5064e-19	1.1755e-36	1.1755e-36	1.1755e-36	4.8086e-28	0.00e+00	0.00e+00	1.2169e+01
7.28606e+20	8.3142e+03	3.526e-22	1.0000e+01	9.9448e+00	2.3457e-15	7.0186e-03	9.9298e-01	1.0000e+00	2.8910e-07	1.1755e-36	4.1800e-19	2.1006e-05	8.6175e-01	1.3823e-01	1.1755e-36	7.6228e-03	9.9238e-01	1.4470e-19	1.1755e-36	1.1755e-36	1.1755e-36	7.2662e-28	0.00e+00	0.00e+00	1.2550e+01
7.29423e+20	8.3032e+03	3.558e-22	1.0000e+01	9.9360e+00	3.0628e-15	7.9362e-03	9.9206e-01	1.0000e+00	2.5130e-07	1.1755e-36	5.5249e-19	2.1257e-05	8.7175e-01	1.2823e-01	1.1755e-36	8.7309e-03	9.9127e-01	1.3504e-19	1.1755e-36	1.1755e-36	1.1755e-36	1.0945e-27	0.00e+00	0.00e+00	1.2937e+01
7.30158e+20	8.2897e+03	3.589e-22	1.0000e+01	9.9261e+00	4.0022e-15	8.9808e-03	9.9102e-01	1.0000e+00	2.1913e-07	1.1755e-36	7.2924e-19	2.1494e-05	8.8118e-01	1.1880e-01	1.1755e-36	9.9979e-03	9.9000e-01	1.2481e-19	1.1755e-36	1.1755e-36	1.1755e-36	1.6437e-27	0.00e+00	0.00e+00	1.3332e+01
7.30822e+20	8.2710e+03	3.621e-22	1.0000e+01	9.9147e+00	5.2531e-15	1.0180e-02	9.8982e-01	1.0000e+00	1.9137e-07	1.1755e-36	9.6336e-19	2.1718e-05	8.9014e-01	1.0984e-01	1.1755e-36	1.1457e-02	9.8854e-01	1.1272e-19	1.1755e-36	1.1755e-36	1.1755e-36	2.4704e-27	0.00e+00	0.00e+00	1.3738e+01
7.31425e+20	8.2475e+03	3.652e-22	1.0000e+01	9.9015e+00	6.9391e-15	1.1570e-02	9.8843e-01	1.0000e+00	1.6717e-07	1.1755e-36	1.2765e-18	2.1933e-05	8.9868e-01	1.0130e-01	1.1755e-36	1.3153e-02	9.8685e-01	9.9926e-20	1.1755e-36	1.1755e-36	1.1755e-36	3.7278e-27	0.00e+00	0.00e+00	1.4158e+01
7.31976e+20	8.2184e+03	3.684e-22	1.0000e+01	9.8862e+00	9.2511e-15	1.3198e-02	9.8680e-01	1.0000e+00	1.4583e-07	1.1755e-36	1.7009e-18	2.2138e-05	9.0688e-01	9.3101e-02	1.1755e-36	1.5145e-02	9.8486e-01	8.6912e-20	1.1755e-36	1.1755e-36	1.1755e-36	5.6685e-27	0.00e+00	0.00e+00	1.4597e+01
7.32481e+20	8.1833e+03	3.716e-22	1.0000e+01	9.8681e+00	1.2484e-14	1.5130e-02	9.8487e-01	1.0000e+00	1.2684e-07	1.1755e-36	2.2851e-18	2.2334e-05	9.1478e-01	8.5201e-02	1.1755e-36	1.7513e-02	9.8249e-01	7.4476e-20	1.1755e-36	1.1755e-36	1.1755e-36	8.7218e-27	0.00e+00	0.00e+00	1.5059e+01
7.32947e+20	8.1409e+03	3.749e-22	1.0000e+01	9.8465e+00	1.7127e-14	1.7463e-02	9.8254e-01	1.0000e+00	1.0983e-07	1.1755e-36	3.1067e-18	2.2523e-05	9.2244e-01	7.7535e-02	1.1755e-36	2.0375e-02	9.7963e-01	6.2997e-20	1.1755e-36	1.1755e-36	1.1755e-36	1.3649e-26	0.00e+00	0.00e+00	1.5554e+01
7.33381e+20	8.0943e+03	3.777e-22	1.0000e+01	9.8140e+00	2.3929e-14	2.0322e-02	9.7968e-01	1.0000e+00	9.4354e-08	1.1755e-36	4.2876e-18	2.2660e-05	9.2989e-01	7.0088e-02	1.1755e-36	2.3888e-02	9.7611e-01	5.3486e-20	1.1755e-36	1.1755e-36	1.1755e-36	2.1810e-26	0.00e+00	0.00e+00	1.6092e+01
7.33789e+20	8.0345e+03	3.806e-22	1.0000e+01	9.7719e+00	3.4535e-14	2.3960e-02	9.7604e-01	1.0000e+00	8.0160e-08	1.1755e-36	6.0652e-18	2.2816e-05	9.3728e-01	6.2702e-02	1.1755e-36	2.8361e-02	9.7164e-01	4.4669e-20	1.1755e-36	1.1755e-36	1.1755e-36	3.6081e-26	0.00e+00	0.00e+00	1.6693e+01
7.34173e+20	7.9625e+03	3.835e-22	1.0000e+01	9.7243e+00	5.1787e-14	2.8708e-02	9.7129e-01	1.0000e+00	6.7134e-08	1.1755e-36	8.8493e-18	2.2961e-05	9.4461e-01	5.5368e-02	1.1755e-36	3.4197e-02	9.6580e-01	3.7146e-20	1.1755e-36	1.1755e-36	1.1755e-36	6.2429e-26	0.00e+00	0.00e+00	1.7361e+01
7.34512e+20	7.8831e+03	3.859e-22	1.0000e+01	9.6646e+00	7.9244e-14	3.4683e-02	9.6532e-01	1.0000e+00	5.5642e-08	1.1755e-36	1.3095e-17	2.3070e-05	9.5146e-01	4.8516e-02	1.1755e-36	4.1535e-02	9.5847e-01	3.1931e-20	1.1755e-36	1.1755e-36	1.1755e-36	1.1017e-25	0.00e+00	0.00e+00	1.8040e+01
7.34793e+20	7.8008e+03	3.877e-22	1.0000e+01	9.6038e+00	1.2079e-13	4.1797e-02	9.5820e-01	1.0000e+00	4.6565e-08	1.1755e-36	1.9230e-17	2.3138e-05	9.5751e-01	4.2468e-02	1.1755e-36	5.0258e-02	9.4974e-01	2.9705e-20	1.1755e-36	1.1755e-36	1.1755e-36	1.9228e-25	0.00e+00	0.00e+00	1.8706e+01
7.35026e+20	7.7177e+03	3.886e-22	1.0000e+01	9.5389e+00	1.8270e-13	5.0169e-02	9.4983e-01	1.0000e+00	3.9266e-08	1.1755e-36	2.7940e-17	2.3209e-05	9.6281e-01	3.7171e-02	1.1755e-36	6.0495e-02	9.3951e-01	2.8613e-20	1.1755e-36	1.1755e-36	1.1755e-36	3.3047e-25	0.00e+00	0.00e+00	1.9384e+01
7.35230e+20	7.6347e+03	3.876e-22	1.0000e+01	9.4487e+00	2.7780e-13	6.0367e-02	9.3963e-01	1.0000e+00	3.3001e-08	1.1755e-36	4.0700e-17	2.3192e-05	9.6759e-01	3.2383e-02	1.1755e-36	7.2927e-02	9.2707e-01	2.7084e-20	1.1755e-36	1.1755e-36	1.1755e-36	5.6846e-25	0.00e+00	0.00e+00	2.0122e+01
7.35418e+20	7.5474e+03	3.833e-22	1.0000e+01	9.3027e+00	4.3288e-13	7.3440e-02	9.2656e-01	1.0000e+00	2.7336e-08	1.1755e-36	6.0409e-17	2.3011e-05	9.7207e-01	2.7902e-02	1.1755e-36	8.8793e-02	9.1121e-01	2.4600e-20	1.1755e-36	1.1755e-36	1.1755e-36	9.9729e-25	0.00e+00	0.00e+00	2.0969e+01
7.35593e+20	7.4622e+03	3.751e-22	1.0000e+01	9.1020e+00	6.9581e-13	9.0761e-02	9.0924e-01	1.0000e+00	2.2047e-08	1.1755e-36	9.2280e-17	2.2717e-05	9.7632e-01	2.3653e-02	1.1755e-36	1.0968e-01	8.9032e-01	2.1322e-20	1.1755e-36	1.1755e-36	1.1755e-36	1.8129e-24	0.00e+00	0.00e+00	2.1931e+01
7.35747e+20	7.3486e+03	3.649e-22	1.0000e+01	8.8766e+00	1.1630e-12	1.1347e-01	8.8653e-01	1.0000e+00	1.7472e-08	1.1755e-36	1.4382e-16	2.2344e-05	9.8024e-01	1.9741e-02	1.1755e-36	1.3680e-01	8.6320e-01	1.7902e-20	1.1755e-36	1.1755e-36	1.1755e-36	3.3775e-24	0.00e+00	0.00e+00	2.2926e+01
7.35870e+20	7.2420e+03	3.508e-22	1.0000e+01	8.6089e+00	1.8924e-12	1.4022e-01	8.5978e-01	1.0000e+00	1.4025e-08	1.1755e-36	2.1834e-16	2.1833e-05	9.8346e-01	1.6515e-02	1.1755e-36	1.6841e-01	8.3159e-01	1.5105e-20	1.1755e-36	1.1755e-36	1.1755e-36	6.0094e-24	0.00e+00	0.00e+00	2.3886e+01
7.35968e+20	7.1317e+03	3.339e-22	1.0000e+01	8.3105e+00	2.9726e-12	1.7008e-01	8.2992e-01	1.0000e+00	1.1471e-08	1.1755e-36	3.1856e-16	2.1215e-05	9.8605e-01	1.3930e-02	1.1755e-36	2.0322e-01	7.9678e-01	1.2854e-20	1.1755e-36	1.1755e-36	1.1755e-36	1.0005e-23	0.00e+00	0.00e+00	2.4825e+01
7.36050e+20	7.0103e+03	3.142e-22	1.0000e+01	7.9728e+00	4.5811e-12	2.0366e-01	7.9634e-01	1.0000e+00	9.4782e-09	1.1755e-36	4.5203e-16	2.0483e-05	9.8819e-01	1.1790e-02	1.1755e-36	2.4180e-01	7.5820e-01	1.0879e-20	1.1755e-36	1.1755e-36	1.1755e-36	1.5810e-23	0.00e+00	0.00e+00	2.5796e+01
7.36122e+20	6.8675e+03	2.913e-22	1.0000e+01	7.5828e+00	7.0778e-12	2.4262e-01	7.5738e-01	1.0000e+00	7.7861e-09	1.1755e-36	6.3368e-16	1.9603e-05	9.9005e-01	9.9323e-03	1.1755e-36	2.8584e-01	7.1416e-01	9.0522e-21	1.1755e-36	1.1755e-36	1.1755e-36	2.4153e-23	0.00e+00	0.00e+00	2.6837e+01
7.36182e+20	6.7078e+03	2.669e-22	1.0000e+01	7.1625e+00	1.0709e-11	2.8464e-01	7.1536e-01	1.0000e+00	6.3630e-09	1.1755e-36	8.6090e-16	1.8628e-05	9.9158e-01	8.4040e-03	1.1755e-36	3.3243e-01	6.6757e-01	7.5026e-21	1.1755e-36	1.1755e-36	1.1755e-36	3.4709e-23	0.00e+00	0.00e+00	2.7787e+01
7.36226e+20	6.5555e+03	2.457e-22	1.0000e+01	6.7902e+00	1.5049e-11	3.2259e-01	6.7741e-01	1.0000e+00	5.4035e-09	1.1755e-36	1.0940e-15	1.7741e-05	9.9268e-01	7.3023e-03	1.1755e-36	3.7377e-01	6.2623e-01	6.4161e-21	1.1755e-36	1.1755e-36	1.1755e-36	4.5271e-23	0.00e+00	0.00e+00	2.8520e+01
7.36257e+20	6.4242e+03	2.287e-22	1.0000e+01	6.4797e+00	1.9450e-11	3.5293e-01	6.4707e-01	1.0000e+00	4.8621e-09	1.1755e-36	1.2992e-15	1.6999e-05	9.9342e-01	6.5624e-03	1.1755e-36	4.0631e-01	5.9369e-01	5.7129e-21	1.1755e-36	1.1755e-36	1.1755e-36	5.3820e-23	0.00e+00	0.00e+00	2.9106e+01
7.36282e+20	6.3052e+03	2.146e-22	1.0000e+01	6.2186e+00	2.4023e-11	3.7898e-01	6.2102e-01	1.0000e+00	4.4606e-09	1.1755e-36	1.4892e-15	1.6369e-05	9.9398e-01	6.0041e-03	1.1755e-36	4.3390e-01	5.6610e-01	5.1877e-21	1.1755e-36	1.1755e-36	1.1755e-36	6.1194e-23	0.00e+00	0.00e+00	2.9630e+01
7.36303e+20	6.1832e+03	2.013e-22	1.0000e+01	5.9660e+00	2.9280e-11	4.0416e-01	5.9584e-01	1.0000e+00	4.1082e-09	1.1755e-36	1.6854e-15	1.5757e-05	9.9446e-01	5.5209e-03	1.1755e-36	4.6027e-01	5.3973e-01	4.7307e-21	1.1755e-36	1.1755e-36	1.1755e-36	6.8101e-23	0.00e+00	0.00e+00	3.0164e+01
7.36323e+20	6.0526e+03	1.881e-22	1.0000e+01	5.7096e+00	3.5575e-11	4.2970e-01	5.7030e-01	1.0000e+00	3.7567e-09	1.1755e-36	1.8976e-15	1.5132e-05	9.9491e-01	5.0772e-03	1.1755e-36	4.8672e-01	5.1328e-01	4.3100e-21	1.1755e-36	1.1755e-36	1.1755e-36	7.4709e-23	0.00e+00	0.00e+00	3.0699e+01
7.36342e+20	5.9162e+03	1.758e-22	1.0000e+01	5.4615e+00	4.2837e-11	4.5463e-01	5.4537e-01	1.0000e+00	3.4408e-09	1.1755e-36	2.1180e-15	1.4529e-05	9.9530e-01	4.6814e-03	1.1755e-36	5.1226e-01	4.8774e-01	3.9372e-21	1.1755e-36	1.1755e-36	1.1755e-36	8.0677e-23	0.00e+00	0.00e+00	3.1204e+01
7.36359e+20	5.7828e+03	1.645e-22	1.0000e+01	5.2297e+00	5.0633e-11	4.7782e-01	5.2218e-01	1.0000e+00	3.1848e-09	1.1755e-36	2.3358e-15	1.3959e-05	9.9564e-01	4.3426e-03	1.1755e-36	5.3576e-01	4.6424e-01	3.6208e-21	1.1755e-36	1.1755e-36	1.1755e-36	8.5594e-23	0.00e+00	0.00e+00	3.1671e+01
7.36373e+20	5.6506e+03	1.544e-22	1.0000e+01	5.0136e+00	5.8913e-11	4.9942e-01	5.0058e-01	1.0000e+00	2.9714e-09	1.1755e-36	2.5503e-15	1.3428e-05	9.9594e-01	4.0498e-03	1.1755e-36	5.5744e-01	4.4256e-01	3.3502e-21	1.1755e-36	1.1755e-36	1.1755e-36	8.9542e-23	0.00e+00	0.00e+00	3.2112e+01
7.36387e+20	5.5185e+03	1.450e-22	1.0000e+01	4.8087e+00	6.7672e-11	5.1993e-01	4.8007e-01	1.0000e+00	2.7836e-09	1.1755e-36	2.7653e-15	1.2923e-05	9.9620e-01	3.7900e-03	1.1755e-36	5.7784e-01	4.2216e-01	3.1120e-21	1.1755e-36	1.1755e-36	1.1755e-36	9.2659e-23	0.00e+00	0.00e+00	3.2537e+01
7.36399e+20	5.3844e+03	1.363e-22	1.0000e+01	4.6115e+00	7.6899e-11	5.3967e-01	4.6033e-01	1.0000e+00	2.6124e-09	1.1755e-36	2.9834e-15	1.2436e-05	9.9643e-01	3.5549e-03	1.1755e-36	5.9730e-01	4.0270e-01	2.8983e-21	1.1755e-36	1.1755e-36	1.1755e-36	9.5015e-23	0.00e+00	0.00e+00	3.2952e+01
7.36409e+20	5.2745e+03	1.296e-22	1.0000e+01	4.4561e+00	8.4597e-11	5.5520e-01	4.4480e-01	1.0000e+00	2.4535e-09	1.1755e-36	3.1634e-15	1.2052e-05	9.9661e-01	3.3763e-03	1.1755e-36	6.1250e-01	3.8750e-01	2.7392e-21	1.1755e-36	1.1755e-36	1.1755e-36	9.6366e-23	0.00e+00	0.00e+00	3.3232e+01
7.36417e+20	5.1817e+03	1.243e-22	1.0000e+01	4.3311e+00	9.1071e-11	5.6773e-01	4.3227e-01	1.0000e+00	2.3906e-09	1.1755e-36	3.3141e-15	1.1744e-05	9.9675e-01	3.2403e-03	1.1755e-36	6.2469e-01	3.7531e-01	2.6188e-21	1.1755e-36	1.1755e-36	1.1755e-36	9.7138e-23	0.00e+00	0.00e+00	3.3496e+01
7.36424e+20	5.0895e+03	1.192e-22	1.0000e+01	4.2097e+00	9.7487e-11	5.8003e-01	4.1997e-01	1.0000e+00	2.3027e-09	1.1755e-36	3.4675e-15	1.1443e-05	9.9688e-01	3.1113e-03	1.1755e-36	6.3661e-01	3.6339e-01	2.5044e-21	1.1755e-36	1.1755e-36	1.1755e-36	9.7677e-23	0.00e+00	0.00e+00	3.3768e+01
7.36432e+20	4.9863e+03	1.140e-22	1.0000e+01	4.0820e+00	1.0428e-10	5.9271e-01	4.0729e-01	1.0000e+00	2.2094e-09	1.1755e-36	3.6308e-15	1.1135e-05	9.9701e-01	2.9831e-03	1.1755e-36	6.4881e-01	3.5119e-01	2.3925e-21	1.1755e-36	1.1755e-36	1.1755e-36	9.7706e-23	0.00e+00	0.00e+00	3.4051e+01
7.36439e+20	4.8780e+03	1.090e-22	1.0000e+01	3.9545e+00	1.1077e-10	6.0553e-01	3.9447e-01	1.0000e+00	2.1138e-09	1.1755e-36	3.8004e-15	1.0826e-05	9.9714e-01	2.8517e-03	1.1755e-36	6.6112e-01	3.3888e-01	2.2831e-21	1.1755e-36	1.1755e-36	1.1755e-36	9.7163e-23	0.00e+00	0.00e+00	3.4334e+01
7.36447e+20	4.7718e+03	1.040e-22	1.0000e+01	3.8262e+00	1.1663e-10	6.1806e-01	3.8194e-01	1.0000e+00	2.0284e-09	1.1755e-36	3.9741e-15	1.0511e-05	9.9726e-01	2.7274e-03	1.1755e-36	6.7306e-01	3.2694e-01	2.1797e-21	1.1755e-36	1.1755e-36	1.1755e-36	9.6083e-23	0.00e+00	0.00e+00	3.4622e+01
7.36454e+20	4.6557e+03	9.914e-23	1.0000e+01	3.6980e+00	1.2240e-10	6.3088e-01	3.6912e-01	1.0000e+00	1.9430e-09	1.1755e-36	4.1570e-15	1.0203e-05	9.9739e-01	2.6037e-03	1.1755e-36	6.8523e-01	3.1477e-01	2.0784e-21	1.1755e-36	1.1755e-36	1.1755e-36	9.4671e-23	0.00e+00	0.00e+00	3.4915e+01
7.36462e+20	4.5350e+03	9.436e-23	1.0000e+01	3.5690e+00	1.2759e-10	6.4378e-01	3.5622e-01	1.0000e+00	1.8601e-09	1.1755e-36	4.3483e-15	9.8952e-06	9.9751e-01	2.4829e-03	1.1755e-36	6.9740e-01	3.0260e-01	1.9801e-21	1.1755e-36	1.1755e-36	1.1755e-36	9.2822e-23	0.00e+00	0.00e+00	3.5215e+01
7.36469e+20	4.4055e+03	8.969e-23	1.0000e+01	3.4392e+00	1.3220e-10	6.5689e-01	3.4311e-01	1.0000e+00	1.7787e-09	1.1755e-36	4.5495e-15	9.5910e-06	9.9763e-01	2.3637e-03	1.1755e-36	7.0971e-01	2.9029e-01	1.8842e-21	1.1755e-36	1.1755e-36	1.1755e-36	9.0537e-23	0.00e+00	0.00e+00	3.5520e+01
7.36476e+20	4.2741e+03	8.509e-23	1.0000e+01	3.3089e+00	1.3579e-10	6.6993e-01	3.3007e-01	1.0000e+00	1.7012e-09	1.1755e-36	4.7594e-15	9.2861e-06	9.9774e-01	2.2485e-03	1.1755e-36	7.2189e-01	2.7811e-01	1.7918e-21	1.1755e-36	1.1755e-36	1.1755e-36	8.7814e-23	0.00e+00	0.00e+00	3.5832e+01
7.36484e+20	4.1372e+03	8.060e-23	1.0000e+01	3.1783e+00	1.3841e-10	6.8300e-01	3.1700e-01	1.0000e+00	1.6262e-09	1.1755e-36	4.9794e-15	8.9851e-06	9.9785e-01	2.1363e-03	1.1755e-36	7.3405e-01	2.6595e-01	1.7022e-21	1.1755e-36	1.1755e-36	1.1755e-36	8.4689e-23	0.00e+00	0.00e+00	3.6149e+01
7.36491e+20	3.9948e+03	7.621e-23	1.0000e+01	3.0476e+00	1.3996e-10	6.9609e-01	3.0391e-01	1.0000e+00	1.5542e-09	1.1755e-36	5.2099e-15	8.6891e-06	9.9796e-01	2.0272e-03	1.1755e-36	7.4615e-01	2.5385e-01	1.6154e-21	1.1755e-36	1.1755e-36	1.1755e-36	8.1188e-23	0.00e+00	0.00e+00	3.6473e+01
###########################
5.63139e+14	5.3183e+03	3.407e-22	1.0000e+01	1.0886e+01	9.3847e-19	6.4721e-05	9.9994e-01	5.5543e-04	9.8239e-01	1.7059e-02	1.3081e-26	1.3417e-07	1.0092e-02	9.7945e-01	1.0457e-02	1.3123e-06	4.5189e-02	9.4441e-01	1.0401e-02	1.1755e-36	1.1755e-36	1.2980e-35	0.00e+00	0.00e+00	4.6015e-06
3.37883e+15	5.3128e+03	3.408e-22	1.0000e+01	1.0885e+01	9.4269e-19	6.4819e-05	9.9994e-01	5.5581e-04	9.8241e-01	1.7034e-02	1.3180e-26	1.3560e-07	1.0142e-02	9.7940e-01	1.0462e-02	1.3150e-06	4.5197e-02	9.4444e-01	1.0362e-02	1.1755e-36	1.1755e-36	1.2979e-35	0.00e+00	0.00e+00	2.3035e-05
1.46416e+16	5.3132e+03	3.406e-22	1.0000e+01	1.0885e+01	9.4463e-19	6.4895e-05	9.9994e-01	5.5576e-04	9.8252e-01	1.6923e-02	1.3287e-26	1.3691e-07	1.0199e-02	9.7935e-01	1.0448e-02	1.3167e-06	4.5172e-02	9.4462e-01	1.0208e-02	1.1755e-36	1.1755e-36	1.3013e-35	0.00e+00	0.00e+00	9.6856e-05
5.96927e+16	5.3084e+03	3.406e-22	1.0000e+01	1.0885e+01	9.5164e-19	6.4997e-05	9.9993e-01	5.5638e-04	9.8311e-01	1.6335e-02	1.3408e-26	1.3915e-07	1.0240e-02	9.7937e-01	1.0392e-02	1.3195e-06	4.5179e-02	9.4520e-01	9.6168e-03	1.1755e-36	1.1755e-36	1.3078e-35	0.00e+00	0.00e+00	3.9261e-04
1.42587e+17	5.3074e+03	3.402e-22	1.0000e+01	1.0885e+01	8.7778e-19	6.4937e-05	9.9994e-01	5.5613e-04	9.8347e-01	1.5976e-02	1.2690e-26	1.4082e-07	1.0238e-02	9.7940e-01	1.0361e-02	1.3154e-06	4.5063e-02	9.4614e-01	8.7987e-03	1.1755e-36	1.1755e-36	1.1020e-35	0.00e+00	0.00e+00	7.7673e-04
2.50349e+17	5.3056e+03	3.399e-22	1.0000e+01	1.0884e+01	8.9441e-19	6.4897e-05	9.9994e-01	5.5640e-04	9.8440e-01	1.5046e-02	1.2834e-26	1.4285e-07	1.0237e-02	9.7948e-01	1.0279e-02	1.3130e-06	4.4993e-02	9.4718e-01	7.8204e-03	1.1755e-36	1.1755e-36	1.1406e-35	0.00e+00	0.00e+00	1.2758e-03
3.90440e+17	5.3130e+03	3.390e-22	1.0000e+01	1.0883e+01	8.7567e-19	6.4768e-05	9.9994e-01	5.5626e-04	9.8586e-01	1.3589e-02	1.2665e-26	1.4496e-07	1.0222e-02	9.7961e-01	1.0169e-02	1.3081e-06	4.4882e-02	9.4842e-01	6.6938e-03	1.1755e-36	1.1755e-36	1.1021e-35	0.00e+00	0.00e+00	1.9232e-03
5.72558e+17	5.3070e+03	3.387e-22	1.0000e+01	1.0881e+01	8.7225e-19	6.4740e-05	9.9994e-01	5.5731e-04	9.8785e-01	1.1590e-02	1.2632e-26	1.4730e-07	1.0223e-02	9.7978e-01	1.0000e-02	1.3083e-06	4.4881e-02	9.4967e-01	5.4496e-03	1.1755e-36	1.1755e-36	1.0840e-35	0.00e+00	0.00e+00	2.7646e-03
8.09312e+17	5.3049e+03	3.380e-22	1.0000e+01	1.0880e+01	8.8874e-19	6.4661e-05	9.9994e-01	5.5831e-04	9.9025e-01	9.1966e-03	1.2773e-26	1.4706e-07	1.0220e-02	9.7997e-01	9.8055e-03	1.3086e-06	4.4903e-02	9.5094e-01	4.1572e-03	1.1755e-36	1.1755e-36	1.1265e-35	0.00e+00	0.00e+00	3.8570e-03
1.11709e+18	5.3033e+03	3.373e-22	1.0000e+01	1.0877e+01	8.7160e-19	6.4567e-05	9.9994e-01	5.5929e-04	9.9280e-01	6.6423e-03	1.2634e-26	1.4862e-07	1.0215e-02	9.8019e-01	9.5941e-03	1.3097e-06	4.4957e-02	9.5213e-01	2.9145e-03	1.1755e-36	1.1755e-36	1.0827e-35	0.00e+00	0.00e+00	5.2751e-03
1.51721e+18	5.3015e+03	3.364e-22	1.0000e+01	1.0875e+01	8.5231e-19	6.4457e-05	9.9994e-01	5.6013e-04	9.9518e-01	4.2557e-03	1.2481e-26	1.5033e-07	1.0207e-02	9.8041e-01	9.3869e-03	1.3119e-06	4.5045e-02	9.5312e-01	1.8336e-03	1.1755e-36	1.1755e-36	1.0350e-35	0.00e+00	0.00e+00	7.1155e-03
2.03735e+18	5.2945e+03	3.357e-22	1.0000e+01	1.0873e+01	8.4619e-19	6.4371e-05	9.9994e-01	5.6107e-04	9.9709e-01	2.3463e-03	1.2447e-26	1.5080e-07	1.0208e-02	9.8060e-01	9.1963e-03	1.3173e-06	4.5213e-02	9.5378e-01	1.0056e-03	1.1755e-36	1.1755e-36	1.0155e-35	0.00e+00	0.00e+00	9.5048e-03
2.71355e+18	5.2825e+03	3.350e-22	1.0000e+01	1.0872e+01	8.5348e-19	6.4307e-05	9.9994e-01	5.6203e-04	9.9836e-01	1.0763e-03	1.2536e-26	1.5078e-07	1.0217e-02	9.8075e-01	9.0304e-03	1.3252e-06	4.5432e-02	9.5410e-01	4.6501e-04	1.1755e-36	1.1755e-36	1.0242e-35	0.00e+00	0.00e+00	1.2608e-02
3.59260e+18	5.2708e+03	3.342e-22	1.0000e+01	1.0871e+01	8.4562e-19	6.4216e-05	9.9994e-01	5.6259e-04	9.9904e-01	3.9574e-04	1.2486e-26	1.5118e-07	1.0224e-02	9.8089e-01	8.8875e-03	1.3327e-06	4.5637e-02	9.5419e-01	1.7466e-04	1.1755e-36	1.1755e-36	9.9595e-36	0.00e+00	0.00e+00	1.6636e-02
4.73536e+18	5.2539e+03	3.334e-22	1.0000e+01	1.0871e+01	8.4622e-19	6.4140e-05	9.9994e-01	5.6332e-04	9.9932e-01	1.1189e-04	1.2511e-26	1.5162e-07	1.0239e-02	9.8102e-01	8.7427e-03	1.3424e-06	4.5876e-02	9.5407e-01	5.1263e-05	1.1755e-36	1.1755e-36	9.8228e-36	0.00e+00	0.00e+00	2.1866e-02
6.22096e+18	5.2337e+03	3.324e-22	1.0000e+01	1.0871e+01	8.4801e-19	6.4064e-05	9.9994e-01	5.6424e-04	9.9941e-01	2.3450e-05	1.2557e-26	1.5211e-07	1.0259e-02	9.8116e-01	8.5783e-03	1.3543e-06	4.6161e-02	9.5383e-01	1.1389e-05	1.1755e-36	1.1755e-36	9.6848e-36	0.00e+00	0.00e+00	2.8658e-02
8.15223e+18	5.2112e+03	3.312e-22	1.0000e+01	1.0871e+01	8.4909e-19	6.3973e-05	9.9994e-01	5.6539e-04	9.9943e-01	3.6034e-06	1.2610e-26	1.5285e-07	1.0281e-02	9.8134e-01	8.3776e-03	1.3690e-06	4.6510e-02	9.5349e-01	1.8983e-06	1.1755e-36	1.1755e-36	9.5187e-36	0.00e+00	0.00e+00	3.7474e-02
1.06629e+19	5.1827e+03	3.298e-22	1.0000e+01	1.0871e+01	8.5848e-19	6.3910e-05	9.9994e-01	5.6730e-04	9.9943e-01	4.2213e-07	1.2776e-26	1.5349e-07	1.0322e-02	9.8155e-01	8.1270e-03	1.3899e-06	4.6992e-02	9.5301e-01	2.4520e-07	1.1755e-36	1.1755e-36	9.4946e-36	0.00e+00	0.00e+00	4.8924e-02
1.39267e+19	5.1483e+03	3.281e-22	1.0000e+01	1.0871e+01	8.7262e-19	6.3879e-05	9.9994e-01	5.7014e-04	9.9943e-01	4.0846e-08	1.3034e-26	1.5440e-07	1.0381e-02	9.8180e-01	7.8145e-03	1.4181e-06	4.7637e-02	9.5236e-01	1.1755e-36	1.1755e-36	1.1755e-36	9.5267e-36	0.00e+00	0.00e+00	6.3802e-02
1.81697e+19	5.1080e+03	3.260e-22	1.0000e+01	1.0871e+01	8.9218e-19	6.3894e-05	9.9994e-01	5.7421e-04	9.9943e-01	3.4146e-09	1.3416e-26	1.5569e-07	1.0465e-02	9.8211e-01	7.4291e-03	1.4560e-06	4.8489e-02	9.5151e-01	1.1755e-36	1.1755e-36	1.1755e-36	9.6327e-36	0.00e+00	0.00e+00	8.3148e-02
2.15964e+19	5.0516e+03	3.237e-22	1.0000e+01	1.0871e+01	8.5893e-19	6.3559e-05	9.9994e-01	5.7452e-04	9.9943e-01	5.3354e-10	1.3025e-26	1.5527e-07	1.0482e-02	9.8237e-01	7.1493e-03	1.4791e-06	4.9013e-02	9.5099e-01	1.1755e-36	1.1755e-36	1.1755e-36	8.4226e-36	0.00e+00	0.00e+00	9.1400e-02
2.37560e+19	5.0324e+03	3.228e-22	1.0000e+01	1.0871e+01	8.6473e-19	6.3576e-05	9.9994e-01	5.7660e-04	9.9942e-01	1.9980e-10	1.3186e-26	1.5591e-07	1.0525e-02	9.8250e-01	6.9715e-03	1.4982e-06	4.9435e-02	9.5056e-01	1.1755e-36	1.1755e-36	1.1755e-36	8.4191e-36	0.00e+00	0.00e+00	1.0048e-01
2.61316e+19	5.0121e+03	3.218e-22	1.0000e+01	1.0871e+01	8.7510e-19	6.3610e-05	9.9994e-01	5.7903e-04	9.9942e-01	7.3070e-11	1.3403e-26	1.5664e-07	1.0574e-02	9.8264e-01	6.7809e-03	1.5198e-06	4.9908e-02	9.5009e-01	1.1755e-36	1.1755e-36	1.1755e-36	8.4822e-36	0.00e+00	0.00e+00	1.1047e-01
2.87448e+19	4.9912e+03	3.207e-22	1.0000e+01	1.0871e+01	8.8456e-19	6.3659e-05	9.9994e-01	5.8180e-04	9.9942e-01	2.6103e-11	1.3640e-26	1.5753e-07	1.0630e-02	9.8279e-01	6.5777e-03	1.5439e-06	5.0435e-02	9.4956e-01	1.1755e-36	1.1755e-36	1.1755e-36	8.5296e-36	0.00e+00	0.00e+00	1.2147e-01
3.16192e+19	4.9686e+03	3.197e-22	1.0000e+01	1.0871e+01	8.9348e-19	6.3734e-05	9.9994e-01	5.8500e-04	9.9942e-01	9.1129e-12	1.3902e-26	1.5861e-07	1.0697e-02	9.8294e-01	6.3616e-03	1.5709e-06	5.1017e-02	9.4898e-01	1.1755e-36	1.1755e-36	1.1755e-36	8.5587e-36	0.00e+00	0.00e+00	1.3359e-01
3.47812e+19	4.9463e+03	3.185e-22	1.0000e+01	1.0871e+01	9.0558e-19	6.3820e-05	9.9994e-01	5.8861e-04	9.9941e-01	3.1162e-12	1.4222e-26	1.5977e-07	1.0770e-02	9.8310e-01	6.1322e-03	1.6008e-06	5.1662e-02	9.4834e-01	1.1755e-36	1.1755e-36	1.1755e-36	8.6572e-36	0.00e+00	0.00e+00	1.4694e-01
3.82593e+19	4.9226e+03	3.173e-22	1.0000e+01	1.0871e+01	9.1886e-19	6.3936e-05	9.9994e-01	5.9279e-04	9.9941e-01	1.0495e-12	1.4590e-26	1.6113e-07	1.0853e-02	9.8326e-01	5.8889e-03	1.6346e-06	5.2386e-02	9.4761e-01	1.1755e-36	1.1755e-36	1.1755e-36	8.7688e-36	0.00e+00	0.00e+00	1.6164e-01
4.20852e+19	4.9007e+03	3.159e-22	1.0000e+01	1.0871e+01	9.3187e-19	6.4060e-05	9.9994e-01	5.9754e-04	9.9940e-01	3.5396e-13	1.5105e-26	1.6269e-07	1.0948e-02	9.8342e-01	5.6343e-03	1.6826e-06	5.3527e-02	9.4647e-01	1.1755e-36	1.1755e-36	1.1755e-36	8.9568e-36	0.00e+00	0.00e+00	1.7785e-01
4.62937e+19	4.8770e+03	3.145e-22	1.0000e+01	1.0871e+01	9.4684e-19	6.4227e-05	9.9994e-01	6.0311e-04	9.9940e-01	1.2448e-13	1.5714e-26	1.6455e-07	1.1059e-02	9.8358e-01	5.3650e-03	1.7381e-06	5.4835e-02	9.4516e-01	1.1755e-36	1.1755e-36	1.1755e-36	9.1798e-36	0.00e+00	0.00e+00	1.9572e-01
5.09231e+19	4.8539e+03	3.130e-22	1.0000e+01	1.0871e+01	9.6211e-19	6.4425e-05	9.9994e-01	6.0944e-04	9.9939e-01	4.9638e-14	1.6413e-26	1.6668e-07	1.1184e-02	9.8373e-01	5.0834e-03	1.8010e-06	5.6310e-02	9.4369e-01	1.1755e-36	1.1755e-36	1.1755e-36	9.4294e-36	0.00e+00	0.00e+00	2.1545e-01
5.60154e+19	4.8303e+03	3.115e-22	1.0000e+01	1.0871e+01	9.8199e-19	6.4673e-05	9.9994e-01	6.1679e-04	9.9938e-01	2.4829e-14	1.7279e-26	1.6919e-07	1.1330e-02	9.8388e-01	4.7883e-03	1.8744e-06	5.8020e-02	9.4198e-01	1.1755e-36	1.1755e-36	1.1755e-36	9.7898e-36	0.00e+00	0.00e+00	2.3723e-01
6.16169e+19	4.8079e+03	3.098e-22	1.0000e+01	1.0871e+01	9.5244e-19	6.4957e-05	9.9994e-01	6.2512e-04	9.9937e-01	1.5889e-14	1.7717e-26	1.7197e-07	1.1490e-02	9.8403e-01	4.4840e-03	1.9562e-06	5.9906e-02	9.4009e-01	1.1755e-36	1.1755e-36	1.1755e-36	9.1545e-36	0.00e+00	0.00e+00	2.6129e-01
6.77786e+19	4.7853e+03	3.082e-22	1.0000e+01	1.0871e+01	9.6092e-19	6.5311e-05	9.9993e-01	6.3490e-04	9.9937e-01	1.1944e-14	1.8702e-26	1.7527e-07	1.1678e-02	9.8415e-01	4.1681e-03	2.0525e-06	6.2111e-02	9.3789e-01	1.1755e-36	1.1755e-36	1.1755e-36	9.2872e-36	0.00e+00	0.00e+00	2.8790e-01
7.45565e+19	4.7639e+03	3.064e-22	1.0000e+01	1.0871e+01	9.4934e-19	6.5729e-05	9.9993e-01	6.4621e-04	9.9935e-01	9.6317e-15	1.9659e-26	1.7910e-07	1.1893e-02	9.8426e-01	3.8434e-03	2.1648e-06	6.4658e-02	9.3534e-01	1.1755e-36	1.1755e-36	1.1755e-36	9.0753e-36	0.00e+00	0.00e+00	3.1737e-01
8.20121e+19	4.7444e+03	3.045e-22	1.0000e+01	1.0870e+01	9.8123e-19	6.6220e-05	9.9993e-01	6.5934e-04	9.9934e-01	7.9321e-15	2.1365e-26	1.8356e-07	1.2139e-02	9.8435e-01	3.5126e-03	2.2965e-06	6.7619e-02	9.3238e-01	1.1755e-36	1.1755e-36	1.1755e-36	9.7852e-36	0.00e+00	0.00e+00	3.5002e-01
9.02134e+19	4.7267e+03	3.025e-22	1.0000e+01	1.0870e+01	1.0040e-18	6.6804e-05	9.9993e-01	6.7474e-04	9.9933e-01	6.5351e-15	2.3300e-26	1.8878e-07	1.2426e-02	9.8440e-01	3.1771e-03	2.4528e-06	7.1099e-02	9.2890e-01	1.1755e-36	1.1755e-36	1.1755e-36	1.0382e-35	0.00e+00	0.00e+00	3.8625e-01
9.92347e+19	4.7118e+03	3.005e-22	1.0000e+01	1.0870e+01	1.0337e-18	6.7493e-05	9.9993e-01	6.9288e-04	9.9931e-01	5.3426e-15	2.5769e-26	1.9491e-07	1.2759e-02	9.8440e-01	2.8402e-03	2.6402e-06	7.5225e-02	9.2477e-01	1.1755e-36	1.1755e-36	1.1755e-36	1.1224e-35	0.00e+00	0.00e+00	4.2651e-01
1.09158e+20	4.7008e+03	2.983e-22	1.0000e+01	1.0870e+01	1.0182e-18	6.8302e-05	9.9993e-01	7.1436e-04	9.9929e-01	4.3167e-15	2.8156e-26	2.0218e-07	1.3150e-02	9.8434e-01	2.5048e-03	2.8677e-06	8.0174e-02	9.1982e-01	1.1755e-36	1.1755e-36	1.1755e-36	1.1144e-35	0.00e+00	0.00e+00	4.7134e-01
1.20074e+20	4.6923e+03	2.961e-22	1.0000e+01	1.0870e+01	1.0680e-18	6.9287e-05	9.9993e-01	7.4026e-04	9.9926e-01	3.4364e-15	3.2370e-26	2.1099e-07	1.3621e-02	9.8421e-01	2.1729e-03	3.1524e-06	8.6273e-02	9.1372e-01	1.1755e-36	1.1755e-36	1.1755e-36	1.2716e-35	0.00e+00	0.00e+00	5.2136e-01
1.32081e+20	4.6914e+03	2.936e-22	1.0000e+01	1.0870e+01	1.0703e-18	7.0414e-05	9.9993e-01	7.7117e-04	9.9923e-01	2.6882e-15	3.6905e-26	2.2148e-07	1.4174e-02	9.8397e-01	1.8512e-03	3.5047e-06	9.3731e-02	9.0627e-01	1.1755e-36	1.1755e-36	1.1755e-36	1.3365e-35	0.00e+00	0.00e+00	5.7727e-01
1.45290e+20	4.6920e+03	2.913e-22	1.0000e+01	1.0870e+01	1.1183e-18	7.1809e-05	9.9993e-01	8.0960e-04	9.9919e-01	2.0573e-15	4.4004e-26	2.3445e-07	1.4852e-02	9.8361e-01	1.5410e-03	3.9613e-06	1.0321e-01	8.9679e-01	1.1755e-36	1.1755e-36	1.1755e-36	1.5455e-35	0.00e+00	0.00e+00	6.3999e-01
1.59818e+20	4.7194e+03	2.881e-22	1.0000e+01	1.0870e+01	1.1183e-18	7.3242e-05	9.9993e-01	8.5526e-04	9.9914e-01	1.5392e-15	5.2505e-26	2.4936e-07	1.5636e-02	9.8311e-01	1.2522e-03	4.5393e-06	1.1515e-01	8.8485e-01	1.1755e-36	1.1755e-36	1.1755e-36	1.6975e-35	0.00e+00	0.00e+00	7.1037e-01
1.75800e+20	4.7535e+03	2.848e-22	1.0000e+01	1.0870e+01	1.1705e-18	7.5014e-05	9.9992e-01	9.1380e-04	9.9909e-01	1.1141e-15	6.6449e-26	2.6875e-07	1.6636e-02	9.8238e-01	9.8382e-04	5.3274e-06	1.3107e-01	8.6892e-01	1.1755e-36	1.1755e-36	1.1755e-36	2.0930e-35	0.00e+00	0.00e+00	7.8965e-01
1.93380e+20	4.8101e+03	2.809e-22	1.0000e+01	1.0869e+01	1.1779e-18	7.7019e-05	9.9992e-01	9.8757e-04	9.9901e-01	7.7605e-16	8.5857e-26	2.9300e-07	1.7877e-02	9.8138e-01	7.4204e-04	6.4196e-06	1.5281e-01	8.4718e-01	1.1755e-36	1.1755e-36	1.1755e-36	2.4891e-35	0.00e+00	0.00e+00	8.7919e-01
2.11793e+20	4.8916e+03	2.764e-22	1.0000e+01	1.0869e+01	1.1685e-18	7.9075e-05	9.9992e-01	1.0782e-03	9.9892e-01	5.1700e-16	1.1423e-25	3.2189e-07	1.9363e-02	9.8010e-01	5.4096e-04	7.9047e-06	1.8202e-01	8.1797e-01	1.1755e-36	1.1755e-36	1.1755e-36	3.0319e-35	0.00e+00	0.00e+00	9.7108e-01
2.29530e+20	4.9997e+03	2.714e-22	1.0000e+01	1.0869e+01	1.1672e-18	8.0943e-05	9.9992e-01	1.1819e-03	9.9882e-01	3.4333e-16	1.5556e-25	3.5394e-07	2.1019e-02	9.7859e-01	3.8873e-04	9.8010e-06	2.1902e-01	7.8097e-01	1.1755e-36	1.1755e-36	1.1755e-36	3.9587e-35	0.00e+00	0.00e+00	1.0583e+00
2.46108e+20	5.1198e+03	2.665e-22	1.0000e+01	1.0868e+01	1.1018e-18	8.2748e-05	9.9992e-01	1.3001e-03	9.9870e-01	2.3168e-16	2.0425e-25	3.8962e-07	2.2856e-02	9.7687e-01	2.7610e-04	1.1922e-05	2.5908e-01	7.4091e-01	1.1755e-36	1.1755e-36	1.1755e-36	4.6777e-35	0.00e+00	0.00e+00	1.1423e+00
2.62178e+20	5.2738e+03	2.609e-22	1.0000e+01	1.0868e+01	1.0195e-18	8.4339e-05	9.9992e-01	1.4386e-03	9.9856e-01	1.5527e-16	2.7305e-25	4.2997e-07	2.4942e-02	9.7487e-01	1.9205e-04	1.4619e-05	3.0976e-01	6.9022e-01	1.1755e-36	1.1755e-36	1.1755e-36	5.7322e-35	0.00e+00	0.00e+00	1.2278e+00
2.78453e+20	5.4766e+03	2.541e-22	1.0000e+01	1.0867e+01	9.3456e-19	8.5646e-05	9.9991e-01	1.6091e-03	9.9839e-01	1.0008e-16	3.7960e-25	4.7808e-07	2.7441e-02	9.7243e-01	1.2794e-04	1.8200e-05	3.7699e-01	6.2300e-01	1.1755e-36	1.1755e-36	1.1755e-36	7.6727e-35	0.00e+00	0.00e+00	1.3170e+00
2.93383e+20	5.7146e+03	2.467e-22	1.0000e+01	1.0867e+01	7.8828e-19	8.6283e-05	9.9991e-01	1.8027e-03	9.9820e-01	6.1203e-17	5.0888e-25	5.2805e-07	3.0120e-02	9.6979e-01	8.4944e-05	2.2429e-05	4.5740e-01	5.4258e-01	1.1755e-36	1.1755e-36	1.1755e-36	9.3154e-35	0.00e+00	0.00e+00	1.3898e+00
3.04877e+20	5.9389e+03	2.401e-22	1.0000e+01	1.0866e+01	6.6436e-19	8.6383e-05	9.9991e-01	1.9855e-03	9.9801e-01	4.1492e-17	6.4162e-25	5.7276e-07	3.2556e-02	9.6738e-01	5.9946e-05	2.6427e-05	5.3435e-01	4.6562e-01	1.1755e-36	1.1755e-36	1.1755e-36	1.0787e-34	0.00e+00	0.00e+00	1.4423e+00
3.13512e+20	6.1272e+03	2.350e-22	1.0000e+01	1.0866e+01	5.8543e-19	8.6351e-05	9.9991e-01	2.1506e-03	9.9785e-01	3.1366e-17	7.7148e-25	6.1143e-07	3.4678e-02	9.6528e-01	4.4989e-05	2.9817e-05	5.9957e-01	4.0040e-01	1.1755e-36	1.1755e-36	1.1755e-36	1.2454e-34	0.00e+00	0.00e+00	1.4839e+00
3.21069e+20	6.3008e+03	2.305e-22	1.0000e+01	1.0865e+01	5.2260e-19	8.6349e-05	9.9991e-01	2.3224e-03	9.9768e-01	2.4413e-17	9.0690e-25	6.5022e-07	3.6806e-02	9.6316e-01	3.4221e-05	3.2962e-05	6.5938e-01	3.4059e-01	1.1755e-36	1.1755e-36	1.1755e-36	1.4103e-34	0.00e+00	0.00e+00	1.5246e+00
3.28867e+20	6.4763e+03	2.262e-22	1.0000e+01	1.0865e+01	4.6817e-19	8.6477e-05	9.9991e-01	2.5368e-03	9.9746e-01	1.8255e-17	1.0716e-24	6.9709e-07	3.9366e-02	9.6061e-01	2.5223e-05	3.6301e-05	7.2138e-01	2.7859e-01	1.1755e-36	1.1755e-36	1.1755e-36	1.5943e-34	0.00e+00	0.00e+00	1.5690e+00
3.37430e+20	6.6546e+03	2.221e-22	1.0000e+01	1.0864e+01	4.1404e-19	8.6839e-05	9.9991e-01	2.8324e-03	9.9717e-01	1.2828e-17	1.2760e-24	7.5938e-07	4.2748e-02	9.5723e-01	1.7579e-05	3.9943e-05	7.8647e-01	2.1349e-01	1.1755e-36	1.1755e-36	1.1755e-36	1.7401e-34	0.00e+00	0.00e+00	1.6184e+00
3.46966e+20	6.8233e+03	2.186e-22	1.0000e+01	1.0863e+01	3.7357e-19	8.7628e-05	9.9991e-01	3.2694e-03	9.9673e-01	8.6559e-18	1.5542e-24	8.4704e-07	4.7458e-02	9.5253e-01	1.1374e-05	4.3790e-05	8.5054e-01	1.4942e-01	1.1755e-36	1.1755e-36	1.1755e-36	1.9101e-34	0.00e+00	0.00e+00	1.6741e+00
3.56901e+20	6.9579e+03	2.163e-22	1.0000e+01	1.0862e+01	3.5697e-19	8.8908e-05	9.9991e-01	3.9182e-03	9.9608e-01	5.2188e-18	1.9366e-24	9.6725e-07	5.3856e-02	9.4614e-01	6.9976e-06	4.7406e-05	9.0439e-01	9.5565e-02	1.1755e-36	1.1755e-36	1.1755e-36	2.1808e-34	0.00e+00	0.00e+00	1.7291e+00
3.66626e+20	7.0356e+03	2.154e-22	1.0000e+01	1.0861e+01	3.5916e-19	9.0815e-05	9.9991e-01	4.8851e-03	9.9511e-01	3.1939e-18	2.4377e-24	1.1287e-06	6.2331e-02	9.3766e-01	4.1823e-06	5.0553e-05	9.4251e-01	5.7442e-02	1.1755e-36	1.1755e-36	1.1755e-36	2.4782e-34	0.00e+00	0.00e+00	1.7844e+00
3.74390e+20	7.0869e+03	2.152e-22	1.0000e+01	1.0860e+01	3.6563e-19	9.2442e-05	9.9991e-01	6.1316e-03	9.9387e-01	1.9184e-18	2.9689e-24	1.3061e-06	7.1558e-02	9.2844e-01	2.7470e-06	5.2697e-05	9.6423e-01	3.5720e-02	1.1755e-36	1.1755e-36	1.1755e-36	2.7404e-34	0.00e+00	0.00e+00	1.8187e+00
3.79050e+20	7.0963e+03	2.156e-22	1.0000e+01	1.0859e+01	3.6476e-19	9.3642e-05	9.9991e-01	7.2677e-03	9.9273e-01	1.5375e-18	3.3405e-24	1.4433e-06	7.8819e-02	9.2118e-01	2.1049e-06	5.3923e-05	9.7386e-01	2.6088e-02	1.1755e-36	1.1755e-36	1.1755e-36	2.7396e-34	0.00e+00	0.00e+00	1.8391e+00
3.82172e+20	7.0978e+03	2.160e-22	1.0000e+01	1.0858e+01	3.6821e-19	9.4555e-05	9.9991e-01	8.2849e-03	9.9172e-01	1.3540e-18	3.6450e-24	1.5531e-06	8.4525e-02	9.1547e-01	1.7376e-06	5.4736e-05	9.7904e-01	2.0905e-02	1.1755e-36	1.1755e-36	1.1755e-36	2.7713e-34	0.00e+00	0.00e+00	1.8558e+00
3.85385e+20	7.0951e+03	2.165e-22	1.0000e+01	1.0857e+01	3.8021e-19	9.5620e-05	9.9990e-01	9.6461e-03	9.9035e-01	1.1664e-18	4.0426e-24	1.6844e-06	9.1210e-02	9.0879e-01	1.3993e-06	5.5594e-05	9.8347e-01	1.6478e-02	1.1755e-36	1.1755e-36	1.1755e-36	2.9150e-34	0.00e+00	0.00e+00	1.8777e+00
3.88859e+20	7.0841e+03	2.174e-22	1.0000e+01	1.0856e+01	3.8841e-19	9.6839e-05	9.9990e-01	1.1692e-02	9.8831e-01	9.0086e-19	4.5060e-24	1.8483e-06	9.9593e-02	9.0040e-01	1.1045e-06	5.6500e-05	9.8749e-01	1.2453e-02	1.1755e-36	1.1755e-36	1.1755e-36	2.9612e-34	0.00e+00	0.00e+00	1.8980e+00
3.91689e+20	7.0755e+03	2.181e-22	1.0000e+01	1.0853e+01	3.9677e-19	9.7787e-05	9.9990e-01	1.4138e-02	9.8586e-01	7.3025e-19	4.9609e-24	2.0050e-06	1.0775e-01	8.9225e-01	9.0360e-07	5.7208e-05	9.9030e-01	9.6426e-03	1.1755e-36	1.1755e-36	1.1755e-36	3.0242e-34	0.00e+00	0.00e+00	1.9124e+00
3.93702e+20	7.0618e+03	2.188e-22	1.0000e+01	1.0851e+01	4.0792e-19	9.8571e-05	9.9990e-01	1.6635e-02	9.8336e-01	6.3987e-19	5.3573e-24	2.1366e-06	1.1449e-01	8.8551e-01	7.7453e-07	5.7739e-05	9.9205e-01	7.8873e-03	1.1755e-36	1.1755e-36	1.1755e-36	3.1107e-34	0.00e+00	0.00e+00	1.9229e+00
3.95257e+20	7.0537e+03	2.193e-22	1.0000e+01	1.0849e+01	4.1536e-19	9.9147e-05	9.9990e-01	1.9209e-02	9.8079e-01	5.7734e-19	5.6909e-24	2.2476e-06	1.2022e-01	8.7977e-01	6.8116e-07	5.8136e-05	9.9328e-01	6.6621e-03	1.1755e-36	1.1755e-36	1.1755e-36	3.1699e-34	0.00e+00	0.00e+00	1.9318e+00
3.96663e+20	7.0330e+03	2.201e-22	1.0000e+01	1.0846e+01	4.2692e-19	9.9811e-05	9.9990e-01	2.2288e-02	9.7771e-01	5.1827e-19	6.0365e-24	2.3583e-06	1.2595e-01	8.7405e-01	6.0008e-07	5.8558e-05	9.9430e-01	5.6366e-03	1.1755e-36	1.1755e-36	1.1755e-36	3.2328e-34	0.00e+00	0.00e+00	1.9406e+00
3.98003e+20	7.0275e+03	2.205e-22	1.0000e+01	1.0843e+01	4.3313e-19	1.0030e-04	9.9990e-01	2.6215e-02	9.7378e-01	4.6007e-19	6.3750e-24	2.4718e-06	1.3173e-01	8.6826e-01	5.2859e-07	5.8887e-05	9.9521e-01	4.7346e-03	1.1755e-36	1.1755e-36	1.1755e-36	3.2833e-34	0.00e+00	0.00e+00	1.9488e+00
3.99202e+20	7.0075e+03	2.213e-22	1.0000e+01	1.0840e+01	4.4471e-19	1.0089e-04	9.9990e-01	3.1114e-02	9.6889e-01	4.0795e-19	6.7267e-24	2.5835e-06	1.3747e-01	8.6253e-01	4.6703e-07	5.9246e-05	9.9598e-01	3.9648e-03	1.1755e-36	1.1755e-36	1.1755e-36	3.3455e-34	0.00e+00	0.00e+00	1.9558e+00
4.00196e+20	6.9959e+03	2.217e-22	1.0000e+01	1.0835e+01	4.5166e-19	1.0130e-04	9.9990e-01	3.6738e-02	9.6326e-01	3.6662e-19	7.0249e-24	2.6814e-06	1.4253e-01	8.5747e-01	4.1800e-07	5.9508e-05	9.9659e-01	3.3543e-03	1.1755e-36	1.1755e-36	1.1755e-36	3.3790e-34	0.00e+00	0.00e+00	1.9615e+00
4.01006e+20	6.9746e+03	2.224e-22	1.0000e+01	1.0829e+01	4.6209e-19	1.0174e-04	9.9990e-01	4.3028e-02	9.5697e-01	3.3356e-19	7.2992e-24	2.7666e-06	1.4699e-01	8.5301e-01	3.7795e-07	5.9764e-05	9.9707e-01	2.8698e-03	1.1755e-36	1.1755e-36	1.1755e-36	3.4166e-34	0.00e+00	0.00e+00	1.9662e+00
4.01695e+20	6.9657e+03	2.227e-22	1.0000e+01	1.0823e+01	4.6768e-19	1.0200e-04	9.9990e-01	5.0192e-02	9.4981e-01	3.0529e-19	7.5284e-24	2.8402e-06	1.5085e-01	8.4914e-01	3.4439e-07	5.9929e-05	9.9747e-01	2.4704e-03	1.1755e-36	1.1755e-36	1.1755e-36	3.4444e-34	0.00e+00	0.00e+00	1.9703e+00
4.02306e+20	6.9525e+03	2.231e-22	1.0000e+01	1.0817e+01	4.7427e-19	1.0230e-04	9.9990e-01	5.8782e-02	9.4122e-01	2.7915e-19	7.7463e-24	2.9111e-06	1.5447e-01	8.4553e-01	3.1420e-07	6.0100e-05	9.9782e-01	2.1209e-03	1.1755e-36	1.1755e-36	1.1755e-36	3.4639e-34	0.00e+00	0.00e+00	1.9741e+00
4.02850e+20	6.9383e+03	2.234e-22	1.0000e+01	1.0809e+01	4.8129e-19	1.0255e-04	9.9990e-01	6.9123e-02	9.3088e-01	2.5427e-19	7.9471e-24	2.9742e-06	1.5778e-01	8.4222e-01	2.8705e-07	6.0247e-05	9.9813e-01	1.8126e-03	1.1755e-36	1.1755e-36	1.1755e-36	3.4844e-34	0.00e+00	0.00e+00	1.9774e+00
4.03321e+20	6.9236e+03	2.236e-22	1.0000e+01	1.0796e+01	4.8761e-19	1.0272e-04	9.9990e-01	8.1233e-02	9.1877e-01	2.3093e-19	8.1133e-24	3.0261e-06	1.6067e-01	8.3932e-01	2.6315e-07	6.0342e-05	9.9839e-01	1.5471e-03	1.1755e-36	1.1755e-36	1.1755e-36	3.4915e-34	0.00e+00	0.00e+00	1.9802e+00
4.03723e+20	6.9123e+03	2.238e-22	1.0000e+01	1.0787e+01	4.9282e-19	1.0288e-04	9.9990e-01	9.5269e-02	9.0473e-01	2.1092e-19	8.2634e-24	3.0747e-06	1.6320e-01	8.3680e-01	2.4208e-07	6.0435e-05	9.9862e-01	1.3204e-03	1.1755e-36	1.1755e-36	1.1755e-36	3.4999e-34	0.00e+00	0.00e+00	1.9826e+00
4.04070e+20	6.8976e+03	2.238e-22	1.0000e+01	1.0772e+01	4.9866e-19	1.0298e-04	9.9990e-01	1.1147e-01	8.8853e-01	1.9188e-19	8.3844e-24	3.1124e-06	1.6537e-01	8.3463e-01	2.2324e-07	6.0488e-05	9.9881e-01	1.1253e-03	1.1755e-36	1.1755e-36	1.1755e-36	3.4984e-34	0.00e+00	0.00e+00	1.9847e+00
4.04373e+20	6.8864e+03	2.237e-22	1.0000e+01	1.0759e+01	5.0289e-19	1.0305e-04	9.9990e-01	1.3035e-01	8.6965e-01	1.7447e-19	8.4869e-24	3.1461e-06	1.6725e-01	8.3275e-01	2.0610e-07	6.0523e-05	9.9898e-01	9.5513e-04	1.1755e-36	1.1755e-36	1.1755e-36	3.4935e-34	0.00e+00	0.00e+00	1.9865e+00
4.04641e+20	6.8693e+03	2.235e-22	1.0000e+01	1.0738e+01	5.0887e-19	1.0309e-04	9.9990e-01	1.5250e-01	8.4750e-01	1.5710e-19	8.5690e-24	3.1718e-06	1.6887e-01	8.3113e-01	1.9022e-07	6.0532e-05	9.9913e-01	8.0568e-04	1.1755e-36	1.1755e-36	1.1755e-36	3.4793e-34	0.00e+00	0.00e+00	1.9882e+00
4.04878e+20	6.8608e+03	2.231e-22	1.0000e+01	1.0720e+01	5.1121e-19	1.0304e-04	9.9990e-01	1.7833e-01	8.2167e-01	1.4111e-19	8.6275e-24	3.1930e-06	1.7021e-01	8.2979e-01	1.7563e-07	6.0502e-05	9.9926e-01	6.7502e-04	1.1755e-36	1.1755e-36	1.1755e-36	3.4615e-34	0.00e+00	0.00e+00	1.9896e+00
4.05087e+20	6.8442e+03	2.226e-22	1.0000e+01	1.0697e+01	5.1653e-19	1.0301e-04	9.9990e-01	2.0838e-01	7.9162e-01	1.2556e-19	8.6782e-24	3.2092e-06	1.7139e-01	8.2861e-01	1.6193e-07	6.0473e-05	9.9938e-01	5.6147e-04	1.1755e-36	1.1755e-36	1.1755e-36	3.4410e-34	0.00e+00	0.00e+00	1.9909e+00
4.05273e+20	6.8311e+03	2.217e-22	1.0000e+01	1.0669e+01	5.1935e-19	1.0288e-04	9.9990e-01	2.4296e-01	7.5704e-01	1.1062e-19	8.6971e-24	3.2185e-06	1.7228e-01	8.2771e-01	1.4924e-07	6.0390e-05	9.9948e-01	4.6364e-04	1.1755e-36	1.1755e-36	1.1755e-36	3.4046e-34	0.00e+00	0.00e+00	1.9920e+00
4.05440e+20	6.8120e+03	2.207e-22	1.0000e+01	1.0630e+01	5.2371e-19	1.0270e-04	9.9990e-01	2.8268e-01	7.1732e-01	9.5680e-20	8.6920e-24	3.2200e-06	1.7295e-01	8.2705e-01	1.3727e-07	6.0261e-05	9.9956e-01	3.7971e-04	1.1755e-36	1.1755e-36	1.1755e-36	3.3550e-34	0.00e+00	0.00e+00	1.9930e+00
4.05591e+20	6.7999e+03	2.193e-22	1.0000e+01	1.0598e+01	5.2560e-19	1.0248e-04	9.9990e-01	3.2845e-01	6.7155e-01	8.2045e-20	8.6822e-24	3.2207e-06	1.7349e-01	8.2651e-01	1.2582e-07	6.0129e-05	9.9963e-01	3.0734e-04	1.1755e-36	1.1755e-36	1.1755e-36	3.3123e-34	0.00e+00	0.00e+00	1.9940e+00
4.05731e+20	6.7793e+03	2.178e-22	1.0000e+01	1.0557e+01	5.3016e-19	1.0226e-04	9.9990e-01	3.8102e-01	6.1898e-01	6.8713e-20	8.6600e-24	3.2166e-06	1.7391e-01	8.2609e-01	1.1755e-36	5.9980e-05	9.9969e-01	2.4560e-04	1.1755e-36	1.1755e-36	1.1755e-36	3.2593e-34	0.00e+00	0.00e+00	1.9948e+00
4.05861e+20	6.7583e+03	2.159e-22	1.0000e+01	1.0509e+01	5.3383e-19	1.0196e-04	9.9990e-01	4.4050e-01	5.5950e-01	5.5992e-20	8.6144e-24	3.2069e-06	1.7414e-01	8.2586e-01	1.1755e-36	5.9787e-05	9.9975e-01	1.9356e-04	1.1755e-36	1.1755e-36	1.1755e-36	3.1926e-34	0.00e+00	0.00e+00	1.9957e+00
4.05985e+20	6.7319e+03	2.138e-22	1.0000e+01	1.0455e+01	5.3994e-19	1.0166e-04	9.9990e-01	5.0717e-01	4.9283e-01	4.3699e-20	8.5651e-24	3.1950e-06	1.7427e-01	8.2572e-01	1.1755e-36	5.9581e-05	9.9979e-01	1.5008e-04	1.1755e-36	1.1755e-36	1.1755e-36	3.1274e-34	0.00e+00	0.00e+00	1.9964e+00
4.06106e+20	6.7102e+03	2.111e-22	1.0000e+01	1.0395e+01	5.4225e-19	1.0123e-04	9.9990e-01	5.8069e-01	4.1931e-01	3.2691e-20	8.4802e-24	3.1751e-06	1.7417e-01	8.2583e-01	1.1755e-36	5.9305e-05	9.9983e-01	1.1395e-04	1.1755e-36	1.1755e-36	1.1755e-36	3.0415e-34	0.00e+00	0.00e+00	1.9972e+00
4.06244e+20	6.6773e+03	2.076e-22	1.0000e+01	1.0308e+01	5.4633e-19	1.0067e-04	9.9990e-01	6.7055e-01	3.2945e-01	2.2079e-20	8.3534e-24	3.1438e-06	1.7382e-01	8.2617e-01	1.1755e-36	5.8934e-05	9.9986e-01	8.0999e-05	1.1755e-36	1.1755e-36	1.1755e-36	2.9211e-34	0.00e+00	0.00e+00	1.9982e+00
4.06397e+20	6.6408e+03	2.039e-22	1.0000e+01	1.0224e+01	5.5241e-19	1.0017e-04	9.9990e-01	7.6872e-01	2.3128e-01	1.2366e-20	8.2387e-24	3.1140e-06	1.7350e-01	8.2650e-01	1.1755e-36	5.8595e-05	9.9989e-01	5.3593e-05	1.1755e-36	1.1755e-36	1.1755e-36	2.8101e-34	0.00e+00	0.00e+00	1.9992e+00
4.06571e+20	6.6021e+03	2.005e-22	1.0000e+01	1.0154e+01	5.6135e-19	9.9912e-05	9.9990e-01	8.6112e-01	1.3888e-01	5.9853e-21	8.1671e-24	3.0939e-06	1.7336e-01	8.2663e-01	1.1755e-36	5.8386e-05	9.9991e-01	3.2890e-05	1.1755e-36	1.1755e-36	1.1755e-36	2.7229e-34	0.00e+00	0.00e+00	2.0004e+00
4.06797e+20	6.5756e+03	1.974e-22	1.0000e+01	1.0085e+01	5.6334e-19	9.9604e-05	9.9990e-01	9.3673e-01	6.3270e-02	1.9528e-21	8.0683e-24	3.0696e-06	1.7300e-01	8.2700e-01	1.1755e-36	5.8156e-05	9.9992e-01	1.7296e-05	1.1755e-36	1.1755e-36	1.1755e-36	2.6199e-34	0.00e+00	0.00e+00	2.0020e+00
4.07092e+20	6.5553e+03	1.954e-22	1.0000e+01	1.0031e+01	5.6582e-19	9.9502e-05	9.9990e-01	9.7938e-01	2.0623e-02	4.0248e-22	8.0082e-24	3.0528e-06	1.7274e-01	8.2725e-01	1.1755e-36	5.8042e-05	9.9993e-01	7.5463e-06	1.1755e-36	1.1755e-36	1.1755e-36	2.5488e-34	0.00e+00	0.00e+00	2.0041e+00
4.07474e+20	6.5498e+03	1.948e-22	1.0000e+01	1.0015e+01	5.6568e-19	9.9701e-05	9.9990e-01	9.9508e-01	4.9176e-03	5.3057e-23	8.0116e-24	3.0533e-06	1.7281e-01	8.2718e-01	1.1755e-36	5.8120e-05	9.9994e-01	2.6436e-06	1.1755e-36	1.1755e-36	1.1755e-36	2.5176e-34	0.00e+00	0.00e+00	2.0068e+00
4.07971e+20	6.5505e+03	1.947e-22	1.0000e+01	1.0008e+01	5.6381e-19	9.9996e-05	9.9990e-01	9.9893e-01	1.0733e-03	5.4125e-24	8.0321e-24	3.0584e-06	1.7299e-01	8.2701e-01	1.1755e-36	5.8259e-05	9.9994e-01	7.1725e-07	1.1755e-36	1.1755e-36	1.1755e-36	2.4953e-34	0.00e+00	0.00e+00	2.0104e+00
4.08617e+20	6.5543e+03	1.948e-22	1.0000e+01	1.0006e+01	5.6073e-19	1.0036e-04	9.9990e-01	9.9958e-01	4.2466e-04	8.0854e-25	8.0631e-24	3.0673e-06	1.7324e-01	8.2675e-01	1.1755e-36	5.8438e-05	9.9994e-01	1.4472e-07	1.1755e-36	1.1755e-36	1.1755e-36	2.4740e-34	0.00e+00	0.00e+00	2.0150e+00
4.09456e+20	6.5571e+03	1.951e-22	1.0000e+01	1.0011e+01	5.5952e-19	1.0089e-04	9.9990e-01	9.9968e-01	3.2210e-04	1.7538e-25	8.1278e-24	3.0834e-06	1.7374e-01	8.2626e-01	1.1755e-36	5.8711e-05	9.9994e-01	2.0958e-08	1.1755e-36	1.1755e-36	1.1755e-36	2.4645e-34	0.00e+00	0.00e+00	2.0210e+00
4.10548e+20	6.5592e+03	1.953e-22	1.0000e+01	1.0013e+01	5.5971e-19	1.0147e-04	9.9990e-01	9.9972e-01	2.7931e-04	1.1755e-36	8.2053e-24	3.0999e-06	1.7431e-01	8.2568e-01	1.1755e-36	5.9005e-05	9.9994e-01	2.1112e-09	1.1755e-36	1.1755e-36	1.1755e-36	2.4627e-34	0.00e+00	0.00e+00	2.0289e+00
4.11967e+20	6.5675e+03	1.955e-22	1.0000e+01	1.0013e+01	5.5119e-19	1.0210e-04	9.9990e-01	9.9975e-01	2.4637e-04	1.1755e-36	8.2570e-24	3.1194e-06	1.7498e-01	8.2502e-01	1.1755e-36	5.9336e-05	9.9994e-01	1.4116e-10	1.1755e-36	1.1755e-36	1.1755e-36	2.4057e-34	0.00e+00	0.00e+00	2.0393e+00
4.13812e+20	6.5692e+03	1.959e-22	1.0000e+01	1.0014e+01	5.5154e-19	1.0295e-04	9.9990e-01	9.9978e-01	2.1713e-04	1.1755e-36	8.3769e-24	3.1461e-06	1.7596e-01	8.2403e-01	1.1755e-36	5.9778e-05	9.9994e-01	5.7700e-12	1.1755e-36	1.1755e-36	1.1755e-36	2.3979e-34	0.00e+00	0.00e+00	2.0528e+00
4.16211e+20	6.5819e+03	1.961e-22	1.0000e+01	1.0013e+01	5.3525e-19	1.0391e-04	9.9990e-01	9.9981e-01	1.9438e-04	1.1755e-36	8.4428e-24	3.1768e-06	1.7711e-01	8.2289e-01	1.1755e-36	6.0288e-05	9.9994e-01	1.2523e-13	1.1755e-36	1.1755e-36	1.1755e-36	2.2842e-34	0.00e+00	0.00e+00	2.0706e+00
4.19329e+20	6.5843e+03	1.967e-22	1.0000e+01	1.0013e+01	5.3788e-19	1.0526e-04	9.9989e-01	9.9983e-01	1.7330e-04	1.1755e-36	8.6539e-24	3.2212e-06	1.7881e-01	8.2119e-01	1.1755e-36	6.0997e-05	9.9994e-01	1.1561e-15	1.1755e-36	1.1755e-36	1.1755e-36	2.2866e-34	0.00e+00	0.00e+00	2.0940e+00
4.23382e+20	6.5991e+03	1.971e-22	1.0000e+01	1.0013e+01	5.1115e-19	1.0692e-04	9.9989e-01	9.9984e-01	1.5827e-04	1.1755e-36	8.7659e-24	3.2754e-06	1.8092e-01	8.1908e-01	1.1755e-36	6.1883e-05	9.9994e-01	3.3285e-18	1.1755e-36	1.1755e-36	1.1755e-36	2.0828e-34	0.00e+00	0.00e+00	2.1250e+00
4.28652e+20	6.6178e+03	1.978e-22	1.0000e+01	1.0013e+01	4.9990e-19	1.0907e-04	9.9989e-01	9.9986e-01	1.4434e-04	1.1755e-36	9.0614e-24	3.3473e-06	1.8373e-01	8.1626e-01	1.1755e-36	6.3042e-05	9.9994e-01	2.0585e-21	1.1755e-36	1.1755e-36	1.1755e-36	2.0107e-34	0.00e+00	0.00e+00	2.1660e+00
4.35502e+20	6.6335e+03	1.988e-22	1.0000e+01	1.0013e+01	4.9007e-19	1.1207e-04	9.9989e-01	9.9987e-01	1.3288e-04	1.1755e-36	9.4952e-24	3.4467e-06	1.8765e-01	8.1235e-01	1.1755e-36	6.4647e-05	9.9994e-01	6.0325e-24	1.1755e-36	1.1755e-36	1.1755e-36	1.9273e-34	0.00e+00	0.00e+00	2.2208e+00
4.44407e+20	6.6568e+03	2.000e-22	1.0000e+01	1.0013e+01	4.9992e-19	1.1608e-04	9.9988e-01	9.9988e-01	1.2100e-04	1.1755e-36	1.0261e-23	3.5847e-06	1.9292e-01	8.0708e-01	1.1755e-36	6.6810e-05	9.9993e-01	1.2338e-24	1.1755e-36	1.1755e-36	1.1755e-36	1.9981e-34	0.00e+00	0.00e+00	2.2946e+00
4.55984e+20	6.6887e+03	2.018e-22	1.0000e+01	1.0013e+01	4.7430e-19	1.2177e-04	9.9988e-01	9.9989e-01	1.1363e-04	1.1755e-36	1.1132e-23	3.7681e-06	2.0021e-01	7.9979e-01	1.1755e-36	6.9891e-05	9.9993e-01	1.2545e-24	1.1755e-36	1.1755e-36	1.1755e-36	1.8049e-34	0.00e+00	0.00e+00	2.3952e+00
4.71035e+20	6.7334e+03	2.041e-22	1.0000e+01	1.0013e+01	4.8105e-19	1.2985e-04	9.9987e-01	9.9989e-01	1.0551e-04	1.1755e-36	1.2784e-23	4.0322e-06	2.1043e-01	7.8957e-01	1.1755e-36	7.4305e-05	9.9993e-01	1.8648e-24	1.1755e-36	1.1755e-36	1.1755e-36	1.8551e-34	0.00e+00	0.00e+00	2.5346e+00
4.90600e+20	6.7966e+03	2.074e-22	1.0000e+01	1.0012e+01	4.8762e-19	1.4188e-04	9.9986e-01	9.9990e-01	9.8235e-05	1.1755e-36	1.5494e-23	4.4162e-06	2.2515e-01	7.7485e-01	1.1755e-36	8.0949e-05	9.9992e-01	3.2635e-24	1.1755e-36	1.1755e-36	1.1755e-36	1.9120e-34	0.00e+00	0.00e+00	2.7327e+00
5.16034e+20	6.8833e+03	2.123e-22	1.0000e+01	1.0012e+01	5.2875e-19	1.6088e-04	9.9984e-01	9.9991e-01	9.0140e-05	1.1755e-36	2.0749e-23	5.0012e-06	2.4723e-01	7.5276e-01	1.1755e-36	9.1623e-05	9.9991e-01	6.9211e-24	1.1755e-36	1.1755e-36	1.1755e-36	2.2411e-34	0.00e+00	0.00e+00	3.0248e+00
5.49100e+20	7.0083e+03	2.196e-22	1.0000e+01	1.0012e+01	6.1537e-19	1.9342e-04	9.9981e-01	9.9992e-01	8.0870e-05	1.1755e-36	3.2255e-23	5.9417e-06	2.8209e-01	7.1791e-01	1.1755e-36	1.1047e-04	9.9989e-01	1.9776e-23	1.1755e-36	1.1755e-36	1.1755e-36	3.0191e-34	0.00e+00	0.00e+00	3.4812e+00
5.81647e+20	7.1661e+03	2.294e-22	1.0000e+01	1.0011e+01	7.4936e-19	2.4106e-04	9.9976e-01	9.9993e-01	7.0926e-05	1.1755e-36	5.4627e-23	7.1229e-06	3.2470e-01	6.7529e-01	1.1755e-36	1.3919e-04	9.9986e-01	7.0631e-23	1.1755e-36	1.1755e-36	1.1755e-36	4.5106e-34	0.00e+00	0.00e+00	3.9030e+00
6.03946e+20	7.2970e+03	2.379e-22	1.0000e+01	1.0011e+01	9.3762e-19	2.9054e-04	9.9971e-01	9.9994e-01	6.2990e-05	1.1755e-36	8.6399e-23	8.1731e-06	3.6178e-01	6.3821e-01	1.1755e-36	1.7058e-04	9.9983e-01	1.9451e-22	1.1755e-36	1.1755e-36	1.1755e-36	7.0345e-34	0.00e+00	0.00e+00	4.2127e+00
6.18553e+20	7.3883e+03	2.444e-22	1.0000e+01	1.0010e+01	1.1694e-18	3.3465e-04	9.9967e-01	9.9994e-01	5.7097e-05	1.1755e-36	1.2362e-22	9.0072e-06	3.9085e-01	6.0914e-01	1.1755e-36	1.9991e-04	9.9980e-01	3.8591e-22	1.1755e-36	1.1755e-36	1.1755e-36	1.0721e-33	0.00e+00	0.00e+00	4.4733e+00
6.30815e+20	7.4710e+03	2.500e-22	1.0000e+01	1.0010e+01	1.4572e-18	3.8111e-04	9.9962e-01	9.9995e-01	5.1727e-05	1.1755e-36	1.7301e-22	9.8069e-06	4.1883e-01	5.8116e-01	1.1755e-36	2.3219e-04	9.9977e-01	7.0714e-22	1.1755e-36	1.1755e-36	1.1755e-36	1.6299e-33	0.00e+00	0.00e+00	4.7665e+00
6.44831e+20	7.5623e+03	2.572e-22	1.0000e+01	1.0009e+01	1.9497e-18	4.4995e-04	9.9955e-01	9.9996e-01	4.4183e-05	1.1755e-36	2.6644e-22	1.0867e-05	4.5573e-01	5.4426e-01	1.1755e-36	2.8218e-04	9.9972e-01	1.3573e-21	1.1755e-36	1.1755e-36	1.1755e-36	2.7981e-33	0.00e+00	0.00e+00	5.2166e+00
6.59331e+20	7.6769e+03	2.660e-22	1.0000e+01	1.0008e+01	2.9820e-18	5.4950e-04	9.9945e-01	9.9997e-01	3.3664e-05	1.1755e-36	4.5215e-22	1.2105e-05	4.9852e-01	5.0147e-01	1.1755e-36	3.5857e-04	9.9964e-01	3.0080e-21	1.1755e-36	1.1755e-36	1.1755e-36	6.1447e-33	0.00e+00	0.00e+00	5.6731e+00
6.71465e+20	7.7788e+03	2.747e-22	1.0000e+01	1.0006e+01	4.8008e-18	6.7186e-04	9.9933e-01	9.9997e-01	2.5277e-05	1.1755e-36	7.7576e-22	1.3335e-05	5.4069e-01	4.5930e-01	1.1755e-36	4.5825e-04	9.9954e-01	5.9739e-21	1.1755e-36	1.1755e-36	1.1755e-36	1.4642e-32	0.00e+00	0.00e+00	6.1444e+00
6.81387e+20	7.8718e+03	2.828e-22	1.0000e+01	1.0005e+01	8.3954e-18	8.1646e-04	9.9918e-01	9.9998e-01	1.7122e-05	1.1755e-36	1.3385e-21	1.4479e-05	5.7991e-01	4.2008e-01	1.1755e-36	5.8299e-04	9.9942e-01	1.0984e-20	1.1755e-36	1.1755e-36	1.1755e-36	4.0391e-32	0.00e+00	0.00e+00	6.5945e+00
6.89082e+20	7.9463e+03	2.900e-22	1.0000e+01	1.0003e+01	1.3811e-17	9.7545e-04	9.9902e-01	9.9999e-01	1.2114e-05	1.1755e-36	2.1996e-21	1.5463e-05	6.1406e-01	3.8592e-01	1.1755e-36	7.2724e-04	9.9927e-01	1.7676e-20	1.1755e-36	1.1755e-36	1.1755e-36	9.9480e-32	0.00e+00	0.00e+00	7.0045e+00
6.95064e+20	8.0124e+03	2.962e-22	1.0000e+01	1.0001e+01	2.5765e-17	1.1445e-03	9.9886e-01	9.9999e-01	7.1337e-06	1.1755e-36	3.6612e-21	1.6326e-05	6.4324e-01	3.5674e-01	1.1755e-36	8.8736e-04	9.9911e-01	2.6723e-20	1.1755e-36	1.1755e-36	1.1755e-36	3.1158e-31	0.00e+00	0.00e+00	7.3880e+00
6.99984e+20	8.0660e+03	3.017e-22	1.0000e+01	9.9993e+00	4.5934e-17	1.3289e-03	9.9867e-01	1.0000e+00	4.2063e-06	1.1755e-36	5.9971e-21	1.7082e-05	6.6936e-01	3.3062e-01	1.1755e-36	1.0685e-03	9.9893e-01	3.7110e-20	1.1755e-36	1.1755e-36	1.1755e-36	9.0220e-31	0.00e+00	0.00e+00	7.7682e+00
7.04249e+20	8.1127e+03	3.070e-22	1.0000e+01	9.9972e+00	7.2036e-17	1.5388e-03	9.9846e-01	1.0000e+00	2.8629e-06	1.1755e-36	9.3448e-21	1.7789e-05	6.9375e-01	3.0623e-01	1.1755e-36	1.2813e-03	9.9872e-01	4.9117e-20	1.1755e-36	1.1755e-36	1.1755e-36	2.0474e-30	0.00e+00	0.00e+00	8.1567e+00
7.07984e+20	8.1541e+03	3.121e-22	1.0000e+01	9.9947e+00	1.0703e-16	1.7801e-03	9.9822e-01	1.0000e+00	2.0768e-06	1.1755e-36	1.4178e-20	1.8449e-05	7.1660e-01	2.8338e-01	1.1755e-36	1.5328e-03	9.9847e-01	6.2730e-20	1.1755e-36	1.1755e-36	1.1755e-36	4.1728e-30	0.00e+00	0.00e+00	8.5468e+00
7.11188e+20	8.1892e+03	3.169e-22	1.0000e+01	9.9922e+00	1.5183e-16	2.0515e-03	9.9795e-01	1.0000e+00	1.6020e-06	1.1755e-36	2.0840e-20	1.9053e-05	7.3753e-01	2.6245e-01	1.1755e-36	1.8228e-03	9.9818e-01	7.6958e-20	1.1755e-36	1.1755e-36	1.1755e-36	7.7426e-30	0.00e+00	0.00e+00	8.9272e+00
7.13898e+20	8.2191e+03	3.213e-22	1.0000e+01	9.9892e+00	2.1109e-16	2.3495e-03	9.9765e-01	1.0000e+00	1.2547e-06	1.1755e-36	2.9954e-20	1.9594e-05	7.5637e-01	2.4361e-01	1.1755e-36	2.1482e-03	9.9785e-01	9.1724e-20	1.1755e-36	1.1755e-36	1.1755e-36	1.3785e-29	0.00e+00	0.00e+00	9.2957e+00
7.16216e+20	8.2437e+03	3.254e-22	1.0000e+01	9.9859e+00	2.8705e-16	2.6768e-03	9.9732e-01	1.0000e+00	1.0089e-06	1.1755e-36	4.2101e-20	2.0085e-05	7.7347e-01	2.2651e-01	1.1755e-36	2.5122e-03	9.9749e-01	1.0679e-19	1.1755e-36	1.1755e-36	1.1755e-36	2.3444e-29	0.00e+00	0.00e+00	9.6594e+00
7.18245e+20	8.2599e+03	3.295e-22	1.0000e+01	9.9829e+00	3.8218e-16	3.0430e-03	9.9696e-01	1.0000e+00	8.4359e-07	1.1755e-36	5.8022e-20	2.0534e-05	7.8935e-01	2.1063e-01	1.1755e-36	2.9256e-03	9.9707e-01	1.1940e-19	1.1755e-36	1.1755e-36	1.1755e-36	3.7939e-29	0.00e+00	0.00e+00	1.0025e+01
7.20043e+20	8.2783e+03	3.332e-22	1.0000e+01	9.9791e+00	5.0792e-16	3.4543e-03	9.9655e-01	1.0000e+00	6.9850e-07	1.1755e-36	7.9623e-20	2.0956e-05	8.0412e-01	1.9586e-01	1.1755e-36	3.3969e-03	9.9660e-01	1.3593e-19	1.1755e-36	1.1755e-36	1.1755e-36	6.1309e-29	0.00e+00	0.00e+00	1.0394e+01
7.21635e+20	8.2904e+03	3.369e-22	1.0000e+01	9.9747e+00	6.7282e-16	3.9178e-03	9.9608e-01	1.0000e+00	5.8338e-07	1.1755e-36	1.0848e-19	2.1349e-05	8.1791e-01	1.8207e-01	1.1755e-36	3.9339e-03	9.9607e-01	1.5102e-19	1.1755e-36	1.1755e-36	1.1755e-36	9.7749e-29	0.00e+00	0.00e+00	1.0763e+01
7.23037e+20	8.2987e+03	3.404e-22	1.0000e+01	9.9697e+00	8.8470e-16	4.4355e-03	9.9556e-01	1.0000e+00	4.9254e-07	1.1755e-36	1.4635e-19	2.1713e-05	8.3069e-01	1.6928e-01	1.1755e-36	4.5400e-03	9.9546e-01	1.6785e-19	1.1755e-36	1.1755e-36	1.1755e-36	1.5300e-28	0.00e+00	0.00e+00	1.1131e+01
7.24274e+20	8.3030e+03	3.439e-22	1.0000e+01	9.9641e+00	1.1560e-15	5.0134e-03	9.9499e-01	1.0000e+00	4.2004e-07	1.1755e-36	1.9568e-19	2.2051e-05	8.4256e-01	1.5742e-01	1.1755e-36	5.2223e-03	9.9478e-01	1.8650e-19	1.1755e-36	1.1755e-36	1.1755e-36	2.3559e-28	0.00e+00	0.00e+00	1.1499e+01
7.25374e+20	8.3041e+03	3.472e-22	1.0000e+01	9.9578e+00	1.5057e-15	5.6617e-03	9.9434e-01	1.0000e+00	3.6096e-07	1.1755e-36	2.6010e-19	2.2365e-05	8.5363e-01	1.4635e-01	1.1755e-36	5.9936e-03	9.9401e-01	2.0692e-19	1.1755e-36	1.1755e-36	1.1755e-36	3.5913e-28	0.00e+00	0.00e+00	1.1870e+01
7.26360e+20	8.3011e+03	3.505e-22	1.0000e+01	9.9507e+00	1.9593e-15	6.3945e-03	9.9361e-01	1.0000e+00	3.1169e-07	1.1755e-36	3.4442e-19	2.2661e-05	8.6405e-01	1.3593e-01	1.1755e-36	6.8709e-03	9.9313e-01	2.2690e-19	1.1755e-36	1.1755e-36	1.1755e-36	5.4338e-28	0.00e+00	0.00e+00	1.2246e+01
7.27245e+20	8.2944e+03	3.537e-22	1.0000e+01	9.9428e+00	2.5515e-15	7.2257e-03	9.9277e-01	1.0000e+00	2.7027e-07	1.1755e-36	4.5511e-19	2.2940e-05	8.7386e-01	1.2612e-01	1.1755e-36	7.8713e-03	9.9213e-01	2.4701e-19	1.1755e-36	1.1755e-36	1.1755e-36	8.1900e-28	0.00e+00	0.00e+00	1.2629e+01
7.28041e+20	8.2823e+03	3.569e-22	1.0000e+01	9.9338e+00	3.3301e-15	8.1720e-03	9.9183e-01	1.0000e+00	2.3504e-07	1.1755e-36	6.0052e-19	2.3204e-05	8.8311e-01	1.1686e-01	1.1755e-36	9.0153e-03	9.9098e-01	2.6682e-19	1.1755e-36	1.1755e-36	1.1755e-36	1.2304e-27	0.00e+00	0.00e+00	1.3017e+01
7.28757e+20	8.2684e+03	3.601e-22	1.0000e+01	9.9235e+00	4.3511e-15	9.2504e-03	9.9075e-01	1.0000e+00	2.0504e-07	1.1755e-36	7.9174e-19	2.3451e-05	8.9184e-01	1.0814e-01	1.1755e-36	1.0324e-02	9.8968e-01	2.8863e-19	1.1755e-36	1.1755e-36	1.1755e-36	1.8457e-27	0.00e+00	0.00e+00	1.3415e+01
7.29406e+20	8.2483e+03	3.632e-22	1.0000e+01	9.9117e+00	5.7164e-15	1.0492e-02	9.8951e-01	1.0000e+00	1.7904e-07	1.1755e-36	1.0454e-18	2.3685e-05	9.0013e-01	9.9848e-02	1.1755e-36	1.1836e-02	9.8816e-01	3.0844e-19	1.1755e-36	1.1755e-36	1.1755e-36	2.7724e-27	0.00e+00	0.00e+00	1.3823e+01
7.29995e+20	8.2235e+03	3.664e-22	1.0000e+01	9.8981e+00	7.5611e-15	1.1933e-02	9.8807e-01	1.0000e+00	1.5635e-07	1.1755e-36	1.3851e-18	2.3907e-05	9.0803e-01	9.1947e-02	1.1755e-36	1.3595e-02	9.8640e-01	3.2591e-19	1.1755e-36	1.1755e-36	1.1755e-36	4.1843e-27	0.00e+00	0.00e+00	1.4247e+01
7.30534e+20	8.1930e+03	3.696e-22	1.0000e+01	9.8822e+00	1.0102e-14	1.3626e-02	9.8637e-01	1.0000e+00	1.3629e-07	1.1755e-36	1.8468e-18	2.4117e-05	9.1561e-01	8.4370e-02	1.1755e-36	1.5667e-02	9.8433e-01	3.3974e-19	1.1755e-36	1.1755e-36	1.1755e-36	6.3714e-27	0.00e+00	0.00e+00	1.4690e+01
7.31029e+20	8.1564e+03	3.728e-22	1.0000e+01	9.8634e+00	1.3672e-14	1.5642e-02	9.8436e-01	1.0000e+00	1.1845e-07	1.1755e-36	2.4846e-18	2.4317e-05	9.2291e-01	7.7067e-02	1.1755e-36	1.8139e-02	9.8186e-01	3.4963e-19	1.1755e-36	1.1755e-36	1.1755e-36	9.8257e-27	0.00e+00	0.00e+00	1.5159e+01
7.31486e+20	8.1161e+03	3.757e-22	1.0000e+01	9.8356e+00	1.8770e-14	1.8071e-02	9.8193e-01	1.0000e+00	1.0228e-07	1.1755e-36	3.3803e-18	2.4487e-05	9.2995e-01	7.0027e-02	1.1755e-36	2.1121e-02	9.7888e-01	3.5528e-19	1.1755e-36	1.1755e-36	1.1755e-36	1.5394e-26	0.00e+00	0.00e+00	1.5661e+01
7.31913e+20	8.0644e+03	3.787e-22	1.0000e+01	9.8006e+00	2.6419e-14	2.1086e-02	9.7891e-01	1.0000e+00	8.7675e-08	1.1755e-36	4.6838e-18	2.4640e-05	9.3686e-01	6.3117e-02	1.1755e-36	2.4828e-02	9.7517e-01	3.5387e-19	1.1755e-36	1.1755e-36	1.1755e-36	2.4735e-26	0.00e+00	0.00e+00	1.6211e+01
7.32317e+20	8.0010e+03	3.818e-22	1.0000e+01	9.7617e+00	3.8536e-14	2.4976e-02	9.7502e-01	1.0000e+00	7.4314e-08	1.1755e-36	6.6804e-18	2.4792e-05	9.4376e-01	5.6212e-02	1.1755e-36	2.9609e-02	9.7039e-01	3.4338e-19	1.1755e-36	1.1755e-36	1.1755e-36	4.1453e-26	0.00e+00	0.00e+00	1.6833e+01
7.32691e+20	7.9300e+03	3.845e-22	1.0000e+01	9.7113e+00	5.8032e-14	2.9999e-02	9.7000e-01	1.0000e+00	6.1998e-08	1.1755e-36	9.7830e-18	2.4916e-05	9.5048e-01	4.9498e-02	1.1755e-36	3.5783e-02	9.6422e-01	3.2377e-19	1.1755e-36	1.1755e-36	1.1755e-36	7.2149e-26	0.00e+00	0.00e+00	1.7503e+01
7.33015e+20	7.8479e+03	3.867e-22	1.0000e+01	9.6492e+00	8.8781e-14	3.6220e-02	9.6378e-01	1.0000e+00	5.1513e-08	1.1755e-36	1.4436e-17	2.5002e-05	9.5663e-01	4.3345e-02	1.1755e-36	4.3421e-02	9.5658e-01	3.1226e-19	1.1755e-36	1.1755e-36	1.1755e-36	1.2678e-25	0.00e+00	0.00e+00	1.8177e+01
7.33283e+20	7.7653e+03	3.883e-22	1.0000e+01	9.5865e+00	1.3488e-13	4.3576e-02	9.5642e-01	1.0000e+00	4.3213e-08	1.1755e-36	2.1098e-17	2.5066e-05	9.6203e-01	3.7948e-02	1.1755e-36	5.2436e-02	9.4756e-01	3.1212e-19	1.1755e-36	1.1755e-36	1.1755e-36	2.1982e-25	0.00e+00	0.00e+00	1.8841e+01
7.33508e+20	7.6823e+03	3.889e-22	1.0000e+01	9.5188e+00	2.0394e-13	5.2297e-02	9.4770e-01	1.0000e+00	3.6455e-08	1.1755e-36	3.0612e-17	2.5091e-05	9.6680e-01	3.3180e-02	1.1755e-36	6.3095e-02	9.3690e-01	3.0997e-19	1.1755e-36	1.1755e-36	1.1755e-36	3.7708e-25	0.00e+00	0.00e+00	1.9529e+01
7.33707e+20	7.5980e+03	3.875e-22	1.0000e+01	9.4240e+00	3.1190e-13	6.3090e-02	9.3691e-01	1.0000e+00	3.0542e-08	1.1755e-36	4.4778e-17	2.5028e-05	9.7116e-01	2.8812e-02	1.1755e-36	7.6240e-02	9.2376e-01	2.9534e-19	1.1755e-36	1.1755e-36	1.1755e-36	6.5254e-25	0.00e+00	0.00e+00	2.0288e+01
7.33892e+20	7.5109e+03	3.820e-22	1.0000e+01	9.2540e+00	4.8854e-13	7.6945e-02	9.2305e-01	1.0000e+00	2.5173e-08	1.1755e-36	6.6695e-17	2.4763e-05	9.7523e-01	2.4749e-02	1.1755e-36	9.3036e-02	9.0696e-01	2.6781e-19	1.1755e-36	1.1755e-36	1.1755e-36	1.1472e-24	0.00e+00	0.00e+00	2.1161e+01
7.34064e+20	7.4243e+03	3.734e-22	1.0000e+01	9.0541e+00	7.9285e-13	9.5520e-02	9.0448e-01	1.0000e+00	2.0200e-08	1.1755e-36	1.0270e-16	2.4406e-05	9.7911e-01	2.0862e-02	1.1755e-36	1.1539e-01	8.8461e-01	2.3069e-19	1.1755e-36	1.1755e-36	1.1755e-36	2.1115e-24	0.00e+00	0.00e+00	2.2145e+01
7.34211e+20	7.3080e+03	3.623e-22	1.0000e+01	8.8161e+00	1.3273e-12	1.1941e-01	8.8059e-01	1.0000e+00	1.5986e-08	1.1755e-36	1.5984e-16	2.3951e-05	9.8260e-01	1.7381e-02	1.1755e-36	1.4387e-01	8.5613e-01	1.9354e-19	1.1755e-36	1.1755e-36	1.1755e-36	3.9180e-24	0.00e+00	0.00e+00	2.3137e+01
7.34328e+20	7.2011e+03	3.475e-22	1.0000e+01	8.5417e+00	2.1419e-12	1.4695e-01	8.5305e-01	1.0000e+00	1.2886e-08	1.1755e-36	2.4038e-16	2.3363e-05	9.8541e-01	1.4564e-02	1.1755e-36	1.7630e-01	8.2370e-01	1.6394e-19	1.1755e-36	1.1755e-36	1.1755e-36	6.8659e-24	0.00e+00	0.00e+00	2.4084e+01
7.34421e+20	7.0897e+03	3.300e-22	1.0000e+01	8.2353e+00	3.3366e-12	1.7743e-01	8.2257e-01	1.0000e+00	1.0596e-08	1.1755e-36	3.4723e-16	2.2668e-05	9.8767e-01	1.2310e-02	1.1755e-36	2.1173e-01	7.8827e-01	1.3979e-19	1.1755e-36	1.1755e-36	1.1755e-36	1.1241e-23	0.00e+00	0.00e+00	2.5020e+01
7.34499e+20	6.9646e+03	3.097e-22	1.0000e+01	7.8889e+00	5.1336e-12	2.1205e-01	7.8795e-01	1.0000e+00	8.7532e-09	1.1755e-36	4.9044e-16	2.1853e-05	9.8957e-01	1.0413e-02	1.1755e-36	2.5136e-01	7.4864e-01	1.1805e-19	1.1755e-36	1.1755e-36	1.1755e-36	1.7598e-23	0.00e+00	0.00e+00	2.6006e+01
7.34569e+20	6.8155e+03	2.859e-22	1.0000e+01	7.4847e+00	7.9508e-12	2.5244e-01	7.4756e-01	1.0000e+00	7.1758e-09	1.1755e-36	6.8601e-16	2.0876e-05	9.9123e-01	8.7538e-03	1.1755e-36	2.9682e-01	7.0318e-01	9.7793e-20	1.1755e-36	1.1755e-36	1.1755e-36	2.6681e-23	0.00e+00	0.00e+00	2.7063e+01
7.34627e+20	6.6528e+03	2.614e-22	1.0000e+01	7.0605e+00	1.1944e-11	2.9482e-01	7.0518e-01	1.0000e+00	5.8545e-09	1.1755e-36	9.2345e-16	1.9830e-05	9.9256e-01	7.4240e-03	1.1755e-36	3.4361e-01	6.5639e-01	8.1114e-20	1.1755e-36	1.1755e-36	1.1755e-36	3.7713e-23	0.00e+00	0.00e+00	2.7978e+01
7.34668e+20	6.5038e+03	2.410e-22	1.0000e+01	6.6977e+00	1.6450e-11	3.3112e-01	6.6888e-01	1.0000e+00	5.0423e-09	1.1755e-36	1.1529e-15	1.8924e-05	9.9347e-01	6.5077e-03	1.1755e-36	3.8299e-01	6.1701e-01	7.0052e-20	1.1755e-36	1.1755e-36	1.1755e-36	4.7923e-23	0.00e+00	0.00e+00	2.8662e+01
7.34696e+20	6.3787e+03	2.252e-22	1.0000e+01	6.4110e+00	2.0892e-11	3.5977e-01	6.4023e-01	1.0000e+00	4.5772e-09	1.1755e-36	1.3511e-15	1.8203e-05	9.9409e-01	5.8903e-03	1.1755e-36	4.1361e-01	5.8639e-01	6.2878e-20	1.1755e-36	1.1755e-36	1.1755e-36	5.6147e-23	0.00e+00	0.00e+00	2.9211e+01
7.34719e+20	6.2610e+03	2.116e-22	1.0000e+01	6.1567e+00	2.5623e-11	3.8514e-01	6.1486e-01	1.0000e+00	4.2213e-09	1.1755e-36	1.5396e-15	1.7559e-05	9.9458e-01	5.4054e-03	1.1755e-36	4.4040e-01	5.5960e-01	5.7277e-20	1.1755e-36	1.1755e-36	1.1755e-36	6.3340e-23	0.00e+00	0.00e+00	2.9736e+01
7.34741e+20	6.1359e+03	1.982e-22	1.0000e+01	5.9010e+00	3.1259e-11	4.1064e-01	5.8936e-01	1.0000e+00	3.8722e-09	1.1755e-36	1.7418e-15	1.6909e-05	9.9502e-01	4.9670e-03	1.1755e-36	4.6703e-01	5.3297e-01	5.2182e-20	1.1755e-36	1.1755e-36	1.1755e-36	7.0297e-23	0.00e+00	0.00e+00	3.0279e+01
7.34761e+20	6.0012e+03	1.851e-22	1.0000e+01	5.6439e+00	3.8020e-11	4.3642e-01	5.6358e-01	1.0000e+00	3.5302e-09	1.1755e-36	1.9596e-15	1.6254e-05	9.9542e-01	4.5653e-03	1.1755e-36	4.9364e-01	5.0636e-01	4.7511e-20	1.1755e-36	1.1755e-36	1.1755e-36	7.6921e-23	0.00e+00	0.00e+00	3.0811e+01
7.34779e+20	5.8660e+03	1.729e-22	1.0000e+01	5.3986e+00	4.5539e-11	4.6093e-01	5.3907e-01	1.0000e+00	3.2415e-09	1.1755e-36	2.1801e-15	1.5626e-05	9.9577e-01	4.2162e-03	1.1755e-36	5.1868e-01	4.8132e-01	4.3470e-20	1.1755e-36	1.1755e-36	1.1755e-36	8.2642e-23	0.00e+00	0.00e+00	3.1305e+01
7.34795e+20	5.7338e+03	1.621e-22	1.0000e+01	5.1721e+00	5.3541e-11	4.8358e-01	5.1642e-01	1.0000e+00	3.0076e-09	1.1755e-36	2.3962e-15	1.5044e-05	9.9607e-01	3.9187e-03	1.1755e-36	5.4158e-01	4.5842e-01	4.0063e-20	1.1755e-36	1.1755e-36	1.1755e-36	8.7317e-23	0.00e+00	0.00e+00	3.1761e+01
7.34809e+20	5.6022e+03	1.522e-22	1.0000e+01	4.9601e+00	6.2035e-11	5.0478e-01	4.9522e-01	1.0000e+00	2.8101e-09	1.1755e-36	2.6099e-15	1.4499e-05	9.9633e-01	3.6596e-03	1.1755e-36	5.6281e-01	4.3719e-01	3.7125e-20	1.1755e-36	1.1755e-36	1.1755e-36	9.1059e-23	0.00e+00	0.00e+00	3.2196e+01
7.34822e+20	5.4697e+03	1.430e-22	1.0000e+01	4.7572e+00	7.1039e-11	5.2508e-01	4.7492e-01	1.0000e+00	2.6322e-09	1.1755e-36	2.8257e-15	1.3977e-05	9.9656e-01	3.4272e-03	1.1755e-36	5.8296e-01	4.1704e-01	3.4513e-20	1.1755e-36	1.1755e-36	1.1755e-36	9.4007e-23	0.00e+00	0.00e+00	3.2619e+01
7.34835e+20	5.3391e+03	1.343e-22	1.0000e+01	4.5590e+00	8.0198e-11	5.4435e-01	4.5565e-01	1.0000e+00	2.4725e-09	1.1755e-36	3.0427e-15	1.3463e-05	9.9677e-01	3.2195e-03	1.1755e-36	6.0192e-01	3.9808e-01	3.2190e-20	1.1755e-36	1.1755e-36	1.1755e-36	9.5952e-23	0.00e+00	0.00e+00	3.3030e+01
7.34845e+20	5.2228e+03	1.277e-22	1.0000e+01	4.4067e+00	8.8426e-11	5.6023e-01	4.3977e-01	1.0000e+00	2.3180e-09	1.1755e-36	3.2279e-15	1.3074e-05	9.9693e-01	3.0556e-03	1.1755e-36	6.1745e-01	3.8255e-01	3.0388e-20	1.1755e-36	1.1755e-36	1.1755e-36	9.7459e-23	0.00e+00	0.00e+00	3.3314e+01
7.34852e+20	5.1288e+03	1.223e-22	1.0000e+01	4.2803e+00	9.5036e-11	5.7283e-01	4.2717e-01	1.0000e+00	2.2545e-09	1.1755e-36	3.3817e-15	1.2749e-05	9.9706e-01	2.9319e-03	1.1755e-36	6.2965e-01	3.7035e-01	2.9045e-20	1.1755e-36	1.1755e-36	1.1755e-36	9.8094e-23	0.00e+00	0.00e+00	3.3580e+01
7.34860e+20	5.0331e+03	1.173e-22	1.0000e+01	4.1576e+00	1.0162e-10	5.8512e-01	4.1488e-01	1.0000e+00	2.1697e-09	1.1755e-36	3.5373e-15	1.2434e-05	9.9717e-01	2.8152e-03	1.1755e-36	6.4155e-01	3.5845e-01	2.7779e-20	1.1755e-36	1.1755e-36	1.1755e-36	9.8435e-23	0.00e+00	0.00e+00	3.3852e+01
7.34867e+20	4.9296e+03	1.122e-22	1.0000e+01	4.0318e+00	1.0821e-10	5.9776e-01	4.0224e-01	1.0000e+00	2.0791e-09	1.1755e-36	3.7014e-15	1.2113e-05	9.9729e-01	2.6958e-03	1.1755e-36	6.5371e-01	3.4629e-01	2.6534e-20	1.1755e-36	1.1755e-36	1.1755e-36	9.8233e-23	0.00e+00	0.00e+00	3.4134e+01
7.34874e+20	4.8207e+03	1.072e-22	1.0000e+01	3.9049e+00	1.1458e-10	6.1051e-01	3.8949e-01	1.0000e+00	1.9875e-09	1.1755e-36	3.8724e-15	1.1791e-05	9.9741e-01	2.5772e-03	1.1755e-36	6.6590e-01	3.3410e-01	2.5326e-20	1.1755e-36	1.1755e-36	1.1755e-36	9.7521e-23	0.00e+00	0.00e+00	3.4417e+01
7.34882e+20	4.7135e+03	1.023e-22	1.0000e+01	3.7767e+00	1.2029e-10	6.2300e-01	3.7700e-01	1.0000e+00	1.9043e-09	1.1755e-36	4.0482e-15	1.1463e-05	9.9752e-01	2.4644e-03	1.1755e-36	6.7779e-01	3.2221e-01	2.4178e-20	1.1755e-36	1.1755e-36	1.1755e-36	9.6269e-23	0.00e+00	0.00e+00	3.4706e+01
7.34889e+20	4.5956e+03	9.747e-23	1.0000e+01	3.6482e+00	1.2586e-10	6.3586e-01	3.6414e-01	1.0000e+00	1.8189e-09	1.1755e-36	4.2341e-15	1.1140e-05	9.9764e-01	2.3517e-03	1.1755e-36	6.8996e-01	3.1004e-01	2.3048e-20	1.1755e-36	1.1755e-36	1.1755e-36	9.4679e-23	0.00e+00	0.00e+00	3.5001e+01
7.34896e+20	4.4731e+03	9.272e-23	1.0000e+01	3.5191e+00	1.3078e-10	6.4878e-01	3.5122e-01	1.0000e+00	1.7349e-09	1.1755e-36	4.4286e-15	1.0817e-05	9.9775e-01	2.2416e-03	1.1755e-36	7.0213e-01	2.9787e-01	2.1951e-20	1.1755e-36	1.1755e-36	1.1755e-36	9.2650e-23	0.00e+00	0.00e+00	3.5302e+01
7.34904e+20	4.3415e+03	8.809e-23	1.0000e+01	3.3891e+00	1.3505e-10	6.6191e-01	3.3809e-01	1.0000e+00	1.6486e-09	1.1755e-36	4.6330e-15	1.0498e-05	9.9786e-01	2.1330e-03	1.1755e-36	7.1444e-01	2.8556e-01	2.0882e-20	1.1755e-36	1.1755e-36	1.1755e-36	9.0180e-23	0.00e+00	0.00e+00	3.5609e+01
7.34911e+20	4.2082e+03	8.352e-23	1.0000e+01	3.2587e+00	1.3825e-10	6.7495e-01	3.2505e-01	1.0000e+00	1.5559e-09	1.1755e-36	4.8464e-15	1.0180e-05	9.9796e-01	2.0282e-03	1.1755e-36	7.2660e-01	2.7340e-01	1.9851e-20	1.1755e-36	1.1755e-36	1.1755e-36	8.7285e-23	0.00e+00	0.00e+00	3.5922e+01
7.34919e+20	4.0692e+03	7.907e-23	1.0000e+01	3.1281e+00	1.4044e-10	6.8803e-01	3.1197e-01	1.0000e+00	1.3462e-09	1.1755e-36	5.0700e-15	9.8663e-06	9.9806e-01	1.9261e-03	1.1755e-36	7.3874e-01	2.6126e-01	1.8852e-20	1.1755e-36	1.1755e-36	1.1755e-36	8.3996e-23	0.00e+00	0.00e+00	3.6242e+01
7.34926e+20	3.9246e+03	7.473e-23	1.0000e+01	2.9973e+00	1.4156e-10	7.0112e-01	2.9888e-01	1.0000e+00	1.4148e-09	1.1755e-36	5.3046e-15	9.5587e-06	9.9816e-01	1.8269e-03	1.1755e-36	7.5082e-01	2.4918e-01	1.7884e-20	1.1755e-36	1.1755e-36	1.1755e-36	8.0357e-23	0.00e+00	0.00e+00	3.6567e+01
###########################
5.63139e+14	5.3182e+03	3.407e-22	1.0000e+01	1.0886e+01	9.3599e-19	6.4722e-05	9.9994e-01	5.5544e-04	9.8239e-01	1.7059e-02	1.3058e-26	1.3417e-07	1.0092e-02	9.7945e-01	1.0456e-02	1.3123e-06	4.5190e-02	9.4441e-01	1.0401e-02	1.1755e-36	1.1755e-36	1.2907e-35	0.00e+00	0.00e+00	4.6015e-06
3.37883e+15	5.3127e+03	3.408e-22	1.0000e+01	1.0885e+01	9.4013e-19	6.4819e-05	9.9994e-01	5.5581e-04	9.8241e-01	1.7033e-02	1.3156e-26	1.3561e-07	1.0142e-02	9.7939e-01	1.0462e-02	1.3151e-06	4.5198e-02	9.4444e-01	1.0362e-02	1.1755e-36	1.1755e-36	1.2905e-35	0.00e+00	0.00e+00	2.3035e-05
1.46416e+16	5.3131e+03	3.406e-22	1.0000e+01	1.0885e+01	9.4207e-19	6.4895e-05	9.9994e-01	5.5577e-04	9.8252e-01	1.6923e-02	1.3263e-26	1.3691e-07	1.0199e-02	9.7935e-01	1.0448e-02	1.3167e-06	4.5172e-02	9.4462e-01	1.0208e-02	1.1755e-36	1.1755e-36	1.2938e-35	0.00e+00	0.00e+00	9.6857e-05
5.96927e+16	5.3083e+03	3.406e-22	1.0000e+01	1.0885e+01	9.4905e-19	6.4998e-05	9.9993e-01	5.5638e-04	9.8311e-01	1.6335e-02	1.3384e-26	1.3916e-07	1.0240e-02	9.7937e-01	1.0392e-02	1.3195e-06	4.5179e-02	9.4520e-01	9.6168e-03	1.1755e-36	1.1755e-36	1.3004e-35	0.00e+00	0.00e+00	3.9261e-04
1.42587e+17	5.3073e+03	3.402e-22	1.0000e+01	1.0885e+01	8.7515e-19	6.4938e-05	9.9994e-01	5.5614e-04	9.8347e-01	1.5976e-02	1.2666e-26	1.4082e-07	1.0238e-02	9.7940e-01	1.0361e-02	1.3154e-06	4.5064e-02	9.4614e-01	8.7986e-03	1.1755e-36	1.1755e-36	1.0950e-35	0.00e+00	0.00e+00	7.7673e-04
2.50349e+17	5.3055e+03	3.399e-22	1.0000e+01	1.0884e+01	8.9179e-19	6.4898e-05	9.9994e-01	5.5641e-04	9.8440e-01	1.5046e-02	1.2810e-26	1.4286e-07	1.0238e-02	9.7948e-01	1.0279e-02	1.3130e-06	4.4994e-02	9.4718e-01	7.8204e-03	1.1755e-36	1.1755e-36	1.1336e-35	0.00e+00	0.00e+00	1.2758e-03
3.90440e+17	5.3128e+03	3.390e-22	1.0000e+01	1.0883e+01	8.7317e-19	6.4769e-05	9.9994e-01	5.5627e-04	9.8586e-01	1.3588e-02	1.2643e-26	1.4497e-07	1.0222e-02	9.7961e-01	1.0169e-02	1.3082e-06	4.4883e-02	9.4842e-01	6.6937e-03	1.1755e-36	1.1755e-36	1.0953e-35	0.00e+00	0.00e+00	1.9233e-03
5.72558e+17	5.3070e+03	3.387e-22	1.0000e+01	1.0881e+01	8.6966e-19	6.4740e-05	9.9994e-01	5.5732e-04	9.8785e-01	1.1590e-02	1.2609e-26	1.4731e-07	1.0224e-02	9.7978e-01	1.0000e-02	1.3083e-06	4.4882e-02	9.4967e-01	5.4496e-03	1.1755e-36	1.1755e-36	1.0773e-35	0.00e+00	0.00e+00	2.7646e-03
8.09312e+17	5.3049e+03	3.380e-22	1.0000e+01	1.0880e+01	8.8625e-19	6.4662e-05	9.9994e-01	5.5832e-04	9.9025e-01	9.1965e-03	1.2751e-26	1.4707e-07	1.0220e-02	9.7997e-01	9.8054e-03	1.3086e-06	4.4903e-02	9.5094e-01	4.1572e-03	1.1755e-36	1.1755e-36	1.1199e-35	0.00e+00	0.00e+00	3.8571e-03
1.11709e+18	5.3033e+03	3.373e-22	1.0000e+01	1.0877e+01	8.6908e-19	6.4568e-05	9.9994e-01	5.5929e-04	9.9280e-01	6.6422e-03	1.2611e-26	1.4863e-07	1.0215e-02	9.8019e-01	9.5940e-03	1.3098e-06	4.4957e-02	9.5213e-01	2.9145e-03	1.1755e-36	1.1755e-36	1.0762e-35	0.00e+00	0.00e+00	5.2752e-03
1.51721e+18	5.3015e+03	3.365e-22	1.0000e+01	1.0875e+01	8.4984e-19	6.4458e-05	9.9994e-01	5.6013e-04	9.9518e-01	4.2557e-03	1.2459e-26	1.5034e-07	1.0208e-02	9.8041e-01	9.3868e-03	1.3119e-06	4.5045e-02	9.5312e-01	1.8336e-03	1.1755e-36	1.1755e-36	1.0287e-35	0.00e+00	0.00e+00	7.1156e-03
2.03735e+18	5.2945e+03	3.357e-22	1.0000e+01	1.0873e+01	8.4368e-19	6.4372e-05	9.9994e-01	5.6107e-04	9.9709e-01	2.3463e-03	1.2425e-26	1.5081e-07	1.0208e-02	9.8060e-01	9.1962e-03	1.3173e-06	4.5214e-02	9.5378e-01	1.0056e-03	1.1755e-36	1.1755e-36	1.0093e-35	0.00e+00	0.00e+00	9.5049e-03
2.71355e+18	5.2824e+03	3.350e-22	1.0000e+01	1.0872e+01	8.5100e-19	6.4308e-05	9.9994e-01	5.6203e-04	9.9836e-01	1.0763e-03	1.2514e-26	1.5079e-07	1.0218e-02	9.8075e-01	9.0303e-03	1.3252e-06	4.5432e-02	9.5410e-01	4.6501e-04	1.1755e-36	1.1755e-36	1.0180e-35	0.00e+00	0.00e+00	1.2608e-02
3.59260e+18	5.2707e+03	3.342e-22	1.0000e+01	1.0871e+01	8.4309e-19	6.4216e-05	9.9994e-01	5.6259e-04	9.9904e-01	3.9574e-04	1.2463e-26	1.5119e-07	1.0225e-02	9.8089e-01	8.8874e-03	1.3328e-06	4.5637e-02	9.5419e-01	1.7466e-04	1.1755e-36	1.1755e-36	9.8977e-36	0.00e+00	0.00e+00	1.6636e-02
4.73536e+18	5.2539e+03	3.334e-22	1.0000e+01	1.0871e+01	8.4367e-19	6.4141e-05	9.9994e-01	5.6332e-04	9.9932e-01	1.1189e-04	1.2489e-26	1.5163e-07	1.0240e-02	9.8102e-01	8.7427e-03	1.3424e-06	4.5876e-02	9.5407e-01	5.1263e-05	1.1755e-36	1.1755e-36	9.7617e-36	0.00e+00	0.00e+00	2.1867e-02
6.22096e+18	5.2337e+03	3.324e-22	1.0000e+01	1.0871e+01	8.4544e-19	6.4065e-05	9.9994e-01	5.6424e-04	9.9941e-01	2.3450e-05	1.2535e-26	1.5212e-07	1.0260e-02	9.8116e-01	8.5783e-03	1.3543e-06	4.6161e-02	9.5383e-01	1.1389e-05	1.1755e-36	1.1755e-36	9.6247e-36	0.00e+00	0.00e+00	2.8658e-02
8.15223e+18	5.2113e+03	3.312e-22	1.0000e+01	1.0871e+01	8.4649e-19	6.3973e-05	9.9994e-01	5.6539e-04	9.9943e-01	3.6034e-06	1.2587e-26	1.5287e-07	1.0282e-02	9.8134e-01	8.3776e-03	1.3690e-06	4.6510e-02	9.5349e-01	1.8983e-06	1.1755e-36	1.1755e-36	9.4591e-36	0.00e+00	0.00e+00	3.7475e-02
1.06629e+19	5.1828e+03	3.298e-22	1.0000e+01	1.0871e+01	8.5581e-19	6.3910e-05	9.9994e-01	5.6729e-04	9.9943e-01	4.2214e-07	1.2753e-26	1.5351e-07	1.0323e-02	9.8155e-01	8.1271e-03	1.3899e-06	4.6991e-02	9.5301e-01	2.4520e-07	1.1755e-36	1.1755e-36	9.4348e-36	0.00e+00	0.00e+00	4.8925e-02
1.39267e+19	5.1484e+03	3.281e-22	1.0000e+01	1.0871e+01	8.6984e-19	6.3879e-05	9.9994e-01	5.7013e-04	9.9943e-01	4.0847e-08	1.3011e-26	1.5441e-07	1.0382e-02	9.8180e-01	7.8147e-03	1.4181e-06	4.7636e-02	9.5236e-01	1.1755e-36	1.1755e-36	1.1755e-36	9.4660e-36	0.00e+00	0.00e+00	6.3802e-02
1.81697e+19	5.1082e+03	3.260e-22	1.0000e+01	1.0871e+01	8.8929e-19	6.3892e-05	9.9994e-01	5.7420e-04	9.9943e-01	3.4147e-09	1.3392e-26	1.5570e-07	1.0466e-02	9.8210e-01	7.4294e-03	1.4560e-06	4.8488e-02	9.5151e-01	1.1755e-36	1.1755e-36	1.1755e-36	9.5711e-36	0.00e+00	0.00e+00	8.3148e-02
2.15964e+19	5.0519e+03	3.237e-22	1.0000e+01	1.0871e+01	8.5609e-19	6.3556e-05	9.9994e-01	5.7449e-04	9.9943e-01	5.3357e-10	1.3001e-26	1.5528e-07	1.0483e-02	9.8237e-01	7.1497e-03	1.4791e-06	4.9011e-02	9.5099e-01	1.1755e-36	1.1755e-36	1.1755e-36	8.3692e-36	0.00e+00	0.00e+00	9.1400e-02
2.37560e+19	5.0328e+03	3.228e-22	1.0000e+01	1.0871e+01	8.6185e-19	6.3573e-05	9.9994e-01	5.7657e-04	9.9942e-01	1.9981e-10	1.3162e-26	1.5593e-07	1.0525e-02	9.8250e-01	6.9719e-03	1.4981e-06	4.9432e-02	9.5057e-01	1.1755e-36	1.1755e-36	1.1755e-36	8.3659e-36	0.00e+00	0.00e+00	1.0048e-01
2.61316e+19	5.0126e+03	3.218e-22	1.0000e+01	1.0871e+01	8.7218e-19	6.3607e-05	9.9994e-01	5.7899e-04	9.9942e-01	7.3074e-11	1.3379e-26	1.5665e-07	1.0575e-02	9.8264e-01	6.7814e-03	1.5197e-06	4.9905e-02	9.5009e-01	1.1755e-36	1.1755e-36	1.1755e-36	8.4294e-36	0.00e+00	0.00e+00	1.1047e-01
2.87448e+19	4.9918e+03	3.207e-22	1.0000e+01	1.0871e+01	8.8148e-19	6.3655e-05	9.9994e-01	5.8175e-04	9.9942e-01	2.6105e-11	1.3614e-26	1.5754e-07	1.0631e-02	9.8279e-01	6.5783e-03	1.5437e-06	5.0431e-02	9.4957e-01	1.1755e-36	1.1755e-36	1.1755e-36	8.4742e-36	0.00e+00	0.00e+00	1.2147e-01
3.16192e+19	4.9693e+03	3.196e-22	1.0000e+01	1.0871e+01	8.9036e-19	6.3729e-05	9.9994e-01	5.8495e-04	9.9942e-01	9.1137e-12	1.3875e-26	1.5861e-07	1.0698e-02	9.8294e-01	6.3622e-03	1.5707e-06	5.1012e-02	9.4899e-01	1.1755e-36	1.1755e-36	1.1755e-36	8.5038e-36	0.00e+00	0.00e+00	1.3359e-01
3.47812e+19	4.9470e+03	3.185e-22	1.0000e+01	1.0871e+01	9.0233e-19	6.3814e-05	9.9994e-01	5.8855e-04	9.9941e-01	3.1166e-12	1.4194e-26	1.5977e-07	1.0770e-02	9.8310e-01	6.1329e-03	1.6006e-06	5.1657e-02	9.4834e-01	1.1755e-36	1.1755e-36	1.1755e-36	8.6010e-36	0.00e+00	0.00e+00	1.4693e-01
3.82593e+19	4.9235e+03	3.173e-22	1.0000e+01	1.0871e+01	9.1553e-19	6.3929e-05	9.9994e-01	5.9272e-04	9.9941e-01	1.0497e-12	1.4561e-26	1.6112e-07	1.0853e-02	9.8326e-01	5.8897e-03	1.6343e-06	5.2379e-02	9.4762e-01	1.1755e-36	1.1755e-36	1.1755e-36	8.7127e-36	0.00e+00	0.00e+00	1.6164e-01
4.20852e+19	4.9017e+03	3.159e-22	1.0000e+01	1.0871e+01	9.2832e-19	6.4051e-05	9.9994e-01	5.9745e-04	9.9940e-01	3.5402e-13	1.5071e-26	1.6267e-07	1.0947e-02	9.8342e-01	5.6352e-03	1.6822e-06	5.3519e-02	9.4648e-01	1.1755e-36	1.1755e-36	1.1755e-36	8.8975e-36	0.00e+00	0.00e+00	1.7784e-01
4.62937e+19	4.8782e+03	3.145e-22	1.0000e+01	1.0871e+01	9.4315e-19	6.4217e-05	9.9994e-01	6.0301e-04	9.9940e-01	1.2450e-13	1.5678e-26	1.6453e-07	1.1058e-02	9.8358e-01	5.3660e-03	1.7376e-06	5.4825e-02	9.4517e-01	1.1755e-36	1.1755e-36	1.1755e-36	9.1188e-36	0.00e+00	0.00e+00	1.9571e-01
5.09231e+19	4.8553e+03	3.130e-22	1.0000e+01	1.0871e+01	9.5819e-19	6.4412e-05	9.9994e-01	6.0932e-04	9.9939e-01	4.9649e-14	1.6372e-26	1.6664e-07	1.1183e-02	9.8373e-01	5.0846e-03	1.8004e-06	5.6298e-02	9.4370e-01	1.1755e-36	1.1755e-36	1.1755e-36	9.3655e-36	0.00e+00	0.00e+00	2.1543e-01
5.60154e+19	4.8319e+03	3.114e-22	1.0000e+01	1.0871e+01	9.7712e-19	6.4659e-05	9.9994e-01	6.1667e-04	9.9938e-01	2.4836e-14	1.7227e-26	1.6914e-07	1.1328e-02	9.8388e-01	4.7895e-03	1.8736e-06	5.8005e-02	9.4199e-01	1.1755e-36	1.1755e-36	1.1755e-36	9.7079e-36	0.00e+00	0.00e+00	2.3721e-01
6.16169e+19	4.8103e+03	3.097e-22	1.0000e+01	1.0871e+01	9.4803e-19	6.4935e-05	9.9994e-01	6.2491e-04	9.9938e-01	1.5895e-14	1.7667e-26	1.7189e-07	1.1487e-02	9.8403e-01	4.4857e-03	1.9549e-06	5.9884e-02	9.4011e-01	1.1755e-36	1.1755e-36	1.1755e-36	9.0917e-36	0.00e+00	0.00e+00	2.6126e-01
6.77786e+19	4.7871e+03	3.081e-22	1.0000e+01	1.0871e+01	9.5660e-19	6.5292e-05	9.9993e-01	6.3472e-04	9.9937e-01	1.1948e-14	1.8650e-26	1.7520e-07	1.1675e-02	9.8416e-01	4.1695e-03	2.0514e-06	6.2091e-02	9.3791e-01	1.1755e-36	1.1755e-36	1.1755e-36	9.2210e-36	0.00e+00	0.00e+00	2.8787e-01
7.45565e+19	4.7675e+03	3.062e-22	1.0000e+01	1.0871e+01	9.4395e-19	6.5693e-05	9.9993e-01	6.4585e-04	9.9935e-01	9.6380e-15	1.9588e-26	1.7898e-07	1.1886e-02	9.8427e-01	3.8457e-03	2.1626e-06	6.4620e-02	9.3538e-01	1.1755e-36	1.1755e-36	1.1755e-36	9.0061e-36	0.00e+00	0.00e+00	3.1731e-01
8.20121e+19	4.7467e+03	3.044e-22	1.0000e+01	1.0870e+01	9.7654e-19	6.6196e-05	9.9993e-01	6.5909e-04	9.9934e-01	7.9364e-15	2.1299e-26	1.8346e-07	1.2135e-02	9.8435e-01	3.5141e-03	2.2948e-06	6.7591e-02	9.3241e-01	1.1755e-36	1.1755e-36	1.1755e-36	9.7143e-36	0.00e+00	0.00e+00	3.4995e-01
9.02134e+19	4.7296e+03	3.024e-22	1.0000e+01	1.0870e+01	9.9882e-19	6.6773e-05	9.9993e-01	6.7442e-04	9.9933e-01	6.5393e-15	2.3222e-26	1.8865e-07	1.2420e-02	9.8440e-01	3.1788e-03	2.4506e-06	7.1062e-02	9.2894e-01	1.1755e-36	1.1755e-36	1.1755e-36	1.0306e-35	0.00e+00	0.00e+00	3.8617e-01
9.92347e+19	4.7156e+03	3.003e-22	1.0000e+01	1.0870e+01	1.0276e-18	6.7451e-05	9.9993e-01	6.9243e-04	9.9931e-01	5.3469e-15	2.5667e-26	1.9474e-07	1.2751e-02	9.8441e-01	2.8422e-03	2.6371e-06	7.5173e-02	9.2482e-01	1.1755e-36	1.1755e-36	1.1755e-36	1.1135e-35	0.00e+00	0.00e+00	4.2641e-01
1.09158e+20	4.7051e+03	2.981e-22	1.0000e+01	1.0870e+01	1.0116e-18	6.8253e-05	9.9993e-01	7.1383e-04	9.9929e-01	4.3208e-15	2.8034e-26	2.0197e-07	1.3140e-02	9.8435e-01	2.5069e-03	2.8637e-06	8.0110e-02	9.1989e-01	1.1755e-36	1.1755e-36	1.1755e-36	1.1050e-35	0.00e+00	0.00e+00	4.7120e-01
1.20074e+20	4.6971e+03	2.958e-22	1.0000e+01	1.0870e+01	1.0608e-18	6.9231e-05	9.9993e-01	7.3963e-04	9.9926e-01	3.4403e-15	3.2216e-26	2.1073e-07	1.3608e-02	9.8422e-01	2.1750e-03	3.1473e-06	8.6193e-02	9.1380e-01	1.1755e-36	1.1755e-36	1.1755e-36	1.2605e-35	0.00e+00	0.00e+00	5.2118e-01
1.32081e+20	4.6970e+03	2.934e-22	1.0000e+01	1.0870e+01	1.0623e-18	7.0346e-05	9.9993e-01	7.7038e-04	9.9923e-01	2.6918e-15	3.6710e-26	2.2116e-07	1.4158e-02	9.8399e-01	1.8534e-03	3.4980e-06	9.3627e-02	9.0637e-01	1.1755e-36	1.1755e-36	1.1755e-36	1.3244e-35	0.00e+00	0.00e+00	5.7704e-01
1.45290e+20	4.6983e+03	2.910e-22	1.0000e+01	1.0870e+01	1.1092e-18	7.1729e-05	9.9993e-01	8.0863e-04	9.9919e-01	2.0606e-15	4.3743e-26	2.3405e-07	1.4833e-02	9.8362e-01	1.5431e-03	3.9524e-06	1.0307e-01	8.9692e-01	1.1755e-36	1.1755e-36	1.1755e-36	1.5306e-35	0.00e+00	0.00e+00	6.3969e-01
1.59818e+20	4.7269e+03	2.877e-22	1.0000e+01	1.0870e+01	1.1083e-18	7.3144e-05	9.9993e-01	8.5401e-04	9.9915e-01	1.5423e-15	5.2153e-26	2.4883e-07	1.5611e-02	9.8313e-01	1.2543e-03	4.5271e-06	1.1496e-01	8.8503e-01	1.1755e-36	1.1755e-36	1.1755e-36	1.6805e-35	0.00e+00	0.00e+00	7.0997e-01
1.75800e+20	4.7619e+03	2.844e-22	1.0000e+01	1.0870e+01	1.1586e-18	7.4898e-05	9.9993e-01	9.1221e-04	9.9909e-01	1.1167e-15	6.5936e-26	2.6810e-07	1.6604e-02	9.8241e-01	9.8586e-04	5.3106e-06	1.3082e-01	8.6917e-01	1.1755e-36	1.1755e-36	1.1755e-36	2.0697e-35	0.00e+00	0.00e+00	7.8913e-01
1.93380e+20	4.8198e+03	2.805e-22	1.0000e+01	1.0869e+01	1.1641e-18	7.6879e-05	9.9992e-01	9.8549e-04	9.9901e-01	7.7825e-16	8.5089e-26	2.9215e-07	1.7837e-02	9.8142e-01	7.4395e-04	6.3953e-06	1.5246e-01	8.4753e-01	1.1755e-36	1.1755e-36	1.1755e-36	2.4584e-35	0.00e+00	0.00e+00	8.7851e-01
2.12718e+20	4.9097e+03	2.757e-22	1.0000e+01	1.0869e+01	1.1554e-18	7.9087e-05	9.9992e-01	1.0813e-03	9.9892e-01	5.1638e-16	1.1519e-25	3.2275e-07	1.9404e-02	9.8006e-01	5.3271e-04	7.9588e-06	1.8316e-01	8.1683e-01	1.1755e-36	1.1755e-36	1.1755e-36	3.0461e-35	0.00e+00	0.00e+00	9.7965e-01
2.31702e+20	5.0273e+03	2.703e-22	1.0000e+01	1.0869e+01	1.1468e-18	8.1018e-05	9.9992e-01	1.1927e-03	9.9881e-01	3.2453e-16	1.5993e-25	3.5698e-07	2.1177e-02	9.7845e-01	3.7400e-04	1.0017e-05	2.2338e-01	7.7661e-01	1.1755e-36	1.1755e-36	1.1755e-36	4.0318e-35	0.00e+00	0.00e+00	1.0702e+00
2.48351e+20	5.1524e+03	2.652e-22	1.0000e+01	1.0868e+01	1.0770e-18	8.2744e-05	9.9992e-01	1.3130e-03	9.9869e-01	2.1800e-16	2.1036e-25	3.9296e-07	2.3038e-02	9.7670e-01	2.6456e-04	1.2206e-05	2.6492e-01	7.3507e-01	1.1755e-36	1.1755e-36	1.1755e-36	4.7755e-35	0.00e+00	0.00e+00	1.1517e+00
2.63910e+20	5.3072e+03	2.597e-22	1.0000e+01	1.0868e+01	9.9238e-19	8.4232e-05	9.9992e-01	1.4492e-03	9.9855e-01	1.4912e-16	2.7902e-25	4.3238e-07	2.5080e-02	9.7473e-01	1.8540e-04	1.4896e-05	3.1565e-01	6.8434e-01	1.1755e-36	1.1755e-36	1.1755e-36	5.8121e-35	0.00e+00	0.00e+00	1.2342e+00
2.79660e+20	5.5081e+03	2.530e-22	1.0000e+01	1.0867e+01	9.0764e-19	8.5453e-05	9.9991e-01	1.6160e-03	9.9838e-01	9.7196e-17	3.8406e-25	4.7903e-07	2.7507e-02	9.7237e-01	1.2470e-04	1.8434e-05	3.8227e-01	6.1771e-01	1.1755e-36	1.1755e-36	1.1755e-36	7.7102e-35	0.00e+00	0.00e+00	1.3204e+00
2.94216e+20	5.7425e+03	2.457e-22	1.0000e+01	1.0867e+01	7.6660e-19	8.6065e-05	9.9991e-01	1.8060e-03	9.9819e-01	6.0182e-17	5.1141e-25	5.2797e-07	3.0133e-02	9.6978e-01	8.3403e-05	2.2609e-05	4.6179e-01	5.3818e-01	1.1755e-36	1.1755e-36	1.1755e-36	9.3084e-35	0.00e+00	0.00e+00	1.3918e+00
3.05614e+20	5.9649e+03	2.393e-22	1.0000e+01	1.0866e+01	6.4701e-19	8.6175e-05	9.9991e-01	1.9882e-03	9.9801e-01	4.0864e-17	6.4325e-25	5.7208e-07	3.2535e-02	9.6741e-01	5.8904e-05	2.6597e-05	5.3865e-01	4.6132e-01	1.1755e-36	1.1755e-36	1.1755e-36	1.0760e-34	0.00e+00	0.00e+00	1.4443e+00
3.14328e+20	6.1539e+03	2.342e-22	1.0000e+01	1.0866e+01	5.7015e-19	8.6162e-05	9.9991e-01	2.1560e-03	9.9784e-01	3.0706e-17	7.7475e-25	6.1119e-07	3.4682e-02	9.6527e-01	4.4009e-05	3.0033e-05	6.0475e-01	3.9522e-01	1.1755e-36	1.1755e-36	1.1755e-36	1.2436e-34	0.00e+00	0.00e+00	1.4866e+00
3.22008e+20	6.3255e+03	2.298e-22	1.0000e+01	1.0865e+01	5.1056e-19	8.6217e-05	9.9991e-01	2.3333e-03	9.9767e-01	2.3712e-17	9.1454e-25	6.5140e-07	3.6883e-02	9.6308e-01	3.3246e-05	3.3256e-05	6.6579e-01	3.3418e-01	1.1755e-36	1.1755e-36	1.1755e-36	1.4123e-34	0.00e+00	0.00e+00	1.5279e+00
3.30000e+20	6.5003e+03	2.256e-22	1.0000e+01	1.0865e+01	4.5858e-19	8.6412e-05	9.9991e-01	2.5578e-03	9.9744e-01	1.7604e-17	1.0868e-24	7.0075e-07	3.9572e-02	9.6040e-01	2.4235e-05	3.6694e-05	7.2921e-01	2.7075e-01	1.1755e-36	1.1755e-36	1.1755e-36	1.6020e-34	0.00e+00	0.00e+00	1.5737e+00
3.38878e+20	6.6796e+03	2.215e-22	1.0000e+01	1.0864e+01	4.0633e-19	8.6855e-05	9.9991e-01	2.8729e-03	9.9713e-01	1.2162e-17	1.3040e-24	7.6724e-07	4.3174e-02	9.5681e-01	1.6599e-05	4.0458e-05	7.9589e-01	2.0407e-01	1.1755e-36	1.1755e-36	1.1755e-36	1.7561e-34	0.00e+00	0.00e+00	1.6250e+00
3.48792e+20	6.8478e+03	2.181e-22	1.0000e+01	1.0863e+01	3.6802e-19	8.7758e-05	9.9991e-01	3.3465e-03	9.9665e-01	8.0171e-18	1.6021e-24	8.6173e-07	4.8241e-02	9.5175e-01	1.0500e-05	4.4402e-05	8.6056e-01	1.3940e-01	1.1755e-36	1.1755e-36	1.1755e-36	1.9359e-34	0.00e+00	0.00e+00	1.6830e+00
3.58783e+20	6.9760e+03	2.160e-22	1.0000e+01	1.0862e+01	3.5382e-19	8.9111e-05	9.9991e-01	4.0385e-03	9.9596e-01	4.7204e-18	2.0004e-24	9.8816e-07	5.4964e-02	9.4503e-01	6.4170e-06	4.7954e-05	9.1231e-01	8.7637e-02	1.1755e-36	1.1755e-36	1.1755e-36	2.2070e-34	0.00e+00	0.00e+00	1.7365e+00
3.68128e+20	7.0549e+03	2.151e-22	1.0000e+01	1.0861e+01	3.5923e-19	9.0923e-05	9.9991e-01	5.0349e-03	9.9497e-01	2.9684e-18	2.5100e-24	1.1512e-06	6.3462e-02	9.3653e-01	3.8992e-06	5.0868e-05	9.4680e-01	5.3152e-02	1.1755e-36	1.1755e-36	1.1755e-36	2.5486e-34	0.00e+00	0.00e+00	1.7892e+00
3.75501e+20	7.0897e+03	2.153e-22	1.0000e+01	1.0860e+01	3.6376e-19	9.2600e-05	9.9991e-01	6.2888e-03	9.9371e-01	1.8314e-18	3.0187e-24	1.3261e-06	7.2597e-02	9.2740e-01	2.6051e-06	5.2909e-05	9.6633e-01	3.3617e-02	1.1755e-36	1.1755e-36	1.1755e-36	2.7227e-34	0.00e+00	0.00e+00	1.8218e+00
3.79967e+20	7.0971e+03	2.157e-22	1.0000e+01	1.0859e+01	3.6442e-19	9.3772e-05	9.9991e-01	7.4241e-03	9.9258e-01	1.4833e-18	3.3871e-24	1.4609e-06	7.9730e-02	9.2027e-01	2.0141e-06	5.4072e-05	9.7514e-01	2.4809e-02	1.1755e-36	1.1755e-36	1.1755e-36	2.7362e-34	0.00e+00	0.00e+00	1.8417e+00
3.83041e+20	7.0977e+03	2.161e-22	1.0000e+01	1.0858e+01	3.6814e-19	9.4685e-05	9.9991e-01	8.4661e-03	9.9153e-01	1.3045e-18	3.6937e-24	1.5714e-06	8.5467e-02	9.1453e-01	1.6647e-06	5.4869e-05	9.8004e-01	1.9910e-02	1.1755e-36	1.1755e-36	1.1755e-36	2.7682e-34	0.00e+00	0.00e+00	1.8583e+00
3.86250e+20	7.0942e+03	2.166e-22	1.0000e+01	1.0857e+01	3.8046e-19	9.5759e-05	9.9990e-01	9.8868e-03	9.9011e-01	1.1196e-18	4.0993e-24	1.7053e-06	9.2287e-02	9.0771e-01	1.3389e-06	5.5723e-05	9.8429e-01	1.5658e-02	1.1755e-36	1.1755e-36	1.1755e-36	2.9130e-34	0.00e+00	0.00e+00	1.8803e+00
3.89685e+20	7.0852e+03	2.174e-22	1.0000e+01	1.0855e+01	3.8437e-19	9.6928e-05	9.9990e-01	1.2004e-02	9.8800e-01	8.6351e-19	4.5471e-24	1.8697e-06	1.0076e-01	8.9924e-01	1.0585e-06	5.6603e-05	9.8812e-01	1.1823e-02	1.1755e-36	1.1755e-36	1.1755e-36	2.9040e-34	0.00e+00	0.00e+00	1.9001e+00
3.92441e+20	7.0734e+03	2.182e-22	1.0000e+01	1.0853e+01	3.9767e-19	9.7903e-05	9.9990e-01	1.4524e-02	9.8548e-01	7.0372e-19	5.0229e-24	2.0273e-06	1.0889e-01	8.9111e-01	8.6862e-07	5.7303e-05	9.9076e-01	9.1849e-03	1.1755e-36	1.1755e-36	1.1755e-36	3.0262e-34	0.00e+00	0.00e+00	1.9141e+00
3.94388e+20	7.0604e+03	2.189e-22	1.0000e+01	1.0851e+01	4.0763e-19	9.8659e-05	9.9990e-01	1.7068e-02	9.8293e-01	6.1908e-19	5.4084e-24	2.1569e-06	1.1553e-01	8.8447e-01	7.4722e-07	5.7812e-05	9.9240e-01	7.5405e-03	1.1755e-36	1.1755e-36	1.1755e-36	3.0981e-34	0.00e+00	0.00e+00	1.9243e+00
3.95894e+20	7.0511e+03	2.194e-22	1.0000e+01	1.0849e+01	4.1540e-19	9.9234e-05	9.9990e-01	1.9691e-02	9.8031e-01	5.6002e-19	5.7385e-24	2.2665e-06	1.2119e-01	8.7881e-01	6.5870e-07	5.8203e-05	9.9356e-01	6.3860e-03	1.1755e-36	1.1755e-36	1.1755e-36	3.1569e-34	0.00e+00	0.00e+00	1.9330e+00
3.97267e+20	7.0337e+03	2.201e-22	1.0000e+01	1.0846e+01	4.2575e-19	9.9849e-05	9.9990e-01	2.2838e-02	9.7716e-01	5.0339e-19	6.0765e-24	2.3753e-06	1.2683e-01	8.7317e-01	5.8142e-07	5.8599e-05	9.9453e-01	5.4118e-03	1.1755e-36	1.1755e-36	1.1755e-36	3.2173e-34	0.00e+00	0.00e+00	1.9415e+00
3.98582e+20	7.0230e+03	2.206e-22	1.0000e+01	1.0843e+01	4.3373e-19	1.0039e-04	9.9990e-01	2.6894e-02	9.7311e-01	4.4689e-19	6.4197e-24	2.4893e-06	1.3262e-01	8.6738e-01	5.1225e-07	5.8946e-05	9.9540e-01	4.5454e-03	1.1755e-36	1.1755e-36	1.1755e-36	3.2698e-34	0.00e+00	0.00e+00	1.9496e+00
3.99756e+20	7.0017e+03	2.214e-22	1.0000e+01	1.0838e+01	4.4536e-19	1.0097e-04	9.9990e-01	3.1925e-02	9.6808e-01	3.9603e-19	6.7661e-24	2.5988e-06	1.3831e-01	8.6169e-01	4.5303e-07	5.9299e-05	9.9613e-01	3.8071e-03	1.1755e-36	1.1755e-36	1.1755e-36	3.3266e-34	0.00e+00	0.00e+00	1.9564e+00
4.00725e+20	6.9954e+03	2.218e-22	1.0000e+01	1.0834e+01	4.5043e-19	1.0132e-04	9.9990e-01	3.7673e-02	9.6233e-01	3.5668e-19	7.0532e-24	2.6951e-06	1.4324e-01	8.5676e-01	4.0626e-07	5.9530e-05	9.9671e-01	3.2258e-03	1.1755e-36	1.1755e-36	1.1755e-36	3.3582e-34	0.00e+00	0.00e+00	1.9619e+00
4.01515e+20	6.9762e+03	2.224e-22	1.0000e+01	1.0829e+01	4.6042e-19	1.0175e-04	9.9990e-01	4.4130e-02	9.5587e-01	3.2519e-19	7.3246e-24	2.7799e-06	1.4762e-01	8.5238e-01	3.6774e-07	5.9777e-05	9.9718e-01	2.7620e-03	1.1755e-36	1.1755e-36	1.1755e-36	3.3994e-34	0.00e+00	0.00e+00	1.9666e+00
4.02189e+20	6.9660e+03	2.227e-22	1.0000e+01	1.0823e+01	4.6580e-19	1.0202e-04	9.9990e-01	5.1499e-02	9.4850e-01	2.9778e-19	7.5487e-24	2.8534e-06	1.5144e-01	8.4855e-01	3.3524e-07	5.9947e-05	9.9756e-01	2.3775e-03	1.1755e-36	1.1755e-36	1.1755e-36	3.4180e-34	0.00e+00	0.00e+00	1.9706e+00
4.02786e+20	6.9491e+03	2.232e-22	1.0000e+01	1.0816e+01	4.7425e-19	1.0233e-04	9.9990e-01	6.0305e-02	9.3969e-01	2.7212e-19	7.7694e-24	2.9219e-06	1.5502e-01	8.4498e-01	3.0597e-07	6.0126e-05	9.9790e-01	2.0411e-03	1.1755e-36	1.1755e-36	1.1755e-36	3.4462e-34	0.00e+00	0.00e+00	1.9743e+00
4.03316e+20	6.9379e+03	2.234e-22	1.0000e+01	1.0808e+01	4.7964e-19	1.0254e-04	9.9990e-01	7.0846e-02	9.2915e-01	2.4797e-19	7.9573e-24	2.9827e-06	1.5822e-01	8.4178e-01	2.7988e-07	6.0251e-05	9.9819e-01	1.7457e-03	1.1755e-36	1.1755e-36	1.1755e-36	3.4591e-34	0.00e+00	0.00e+00	1.9775e+00
4.03776e+20	6.9175e+03	2.238e-22	1.0000e+01	1.0796e+01	4.8851e-19	1.0279e-04	9.9990e-01	8.3303e-02	9.1670e-01	2.2532e-19	8.1344e-24	3.0363e-06	1.6113e-01	8.3886e-01	2.5646e-07	6.0381e-05	9.9845e-01	1.4891e-03	1.1755e-36	1.1755e-36	1.1755e-36	3.4727e-34	0.00e+00	0.00e+00	1.9802e+00
4.04170e+20	6.9088e+03	2.238e-22	1.0000e+01	1.0783e+01	4.9244e-19	1.0287e-04	9.9990e-01	9.7636e-02	9.0236e-01	2.0520e-19	8.2682e-24	3.0795e-06	1.6354e-01	8.3646e-01	2.3614e-07	6.0432e-05	9.9867e-01	1.2706e-03	1.1755e-36	1.1755e-36	1.1755e-36	3.4764e-34	0.00e+00	0.00e+00	1.9826e+00
4.04509e+20	6.8964e+03	2.238e-22	1.0000e+01	1.0772e+01	4.9730e-19	1.0299e-04	9.9990e-01	1.1426e-01	8.8574e-01	1.8711e-19	8.3896e-24	3.1194e-06	1.6568e-01	8.3431e-01	2.1778e-07	6.0494e-05	9.9886e-01	1.0821e-03	1.1755e-36	1.1755e-36	1.1755e-36	3.4745e-34	0.00e+00	0.00e+00	1.9846e+00
4.04806e+20	6.8831e+03	2.237e-22	1.0000e+01	1.0757e+01	5.0236e-19	1.0305e-04	9.9990e-01	1.3365e-01	8.6635e-01	1.6979e-19	8.4902e-24	3.1514e-06	1.6753e-01	8.3247e-01	2.0103e-07	6.0527e-05	9.9902e-01	9.1752e-04	1.1755e-36	1.1755e-36	1.1755e-36	3.4696e-34	0.00e+00	0.00e+00	1.9864e+00
4.05069e+20	6.8691e+03	2.234e-22	1.0000e+01	1.0735e+01	5.0688e-19	1.0304e-04	9.9990e-01	1.5628e-01	8.4372e-01	1.5268e-19	8.5611e-24	3.1747e-06	1.6906e-01	8.3093e-01	1.8565e-07	6.0511e-05	9.9917e-01	7.7349e-04	1.1755e-36	1.1755e-36	1.1755e-36	3.4518e-34	0.00e+00	0.00e+00	1.9880e+00
4.05301e+20	6.8570e+03	2.230e-22	1.0000e+01	1.0717e+01	5.1075e-19	1.0303e-04	9.9990e-01	1.8276e-01	8.1724e-01	1.3689e-19	8.6244e-24	3.1962e-06	1.7041e-01	8.2959e-01	1.7132e-07	6.0496e-05	9.9929e-01	6.4733e-04	1.1755e-36	1.1755e-36	1.1755e-36	3.4364e-34	0.00e+00	0.00e+00	1.9895e+00
4.05507e+20	6.8414e+03	2.223e-22	1.0000e+01	1.0688e+01	5.1482e-19	1.0293e-04	9.9990e-01	2.1341e-01	7.8659e-01	1.2108e-19	8.6549e-24	3.2080e-06	1.7146e-01	8.2853e-01	1.5804e-07	6.0425e-05	9.9940e-01	5.3804e-04	1.1755e-36	1.1755e-36	1.1755e-36	3.4028e-34	0.00e+00	0.00e+00	1.9907e+00
4.05689e+20	6.8285e+03	2.215e-22	1.0000e+01	1.0663e+01	5.1811e-19	1.0282e-04	9.9990e-01	2.4885e-01	7.5115e-01	1.0654e-19	8.6815e-24	3.2186e-06	1.7237e-01	8.2762e-01	1.4555e-07	6.0356e-05	9.9950e-01	4.4353e-04	1.1755e-36	1.1755e-36	1.1755e-36	3.3752e-34	0.00e+00	0.00e+00	1.9918e+00
4.05854e+20	6.8100e+03	2.204e-22	1.0000e+01	1.0624e+01	5.2216e-19	1.0263e-04	9.9990e-01	2.8956e-01	7.1044e-01	9.1854e-20	8.6746e-24	3.2198e-06	1.7302e-01	8.2698e-01	1.3380e-07	6.0227e-05	9.9958e-01	3.6249e-04	1.1755e-36	1.1755e-36	1.1755e-36	3.3250e-34	0.00e+00	0.00e+00	1.9929e+00
4.06003e+20	6.7963e+03	2.191e-22	1.0000e+01	1.0591e+01	5.2468e-19	1.0243e-04	9.9990e-01	3.3635e-01	6.6365e-01	7.8348e-20	8.6657e-24	3.2203e-06	1.7355e-01	8.2644e-01	1.1755e-36	6.0098e-05	9.9965e-01	2.9288e-04	1.1755e-36	1.1755e-36	1.1755e-36	3.2832e-34	0.00e+00	0.00e+00	1.9938e+00
4.06141e+20	6.7706e+03	2.175e-22	1.0000e+01	1.0541e+01	5.3031e-19	1.0217e-04	9.9990e-01	3.8983e-01	6.1017e-01	6.4725e-20	8.6281e-24	3.2125e-06	1.7389e-01	8.2611e-01	1.1755e-36	5.9918e-05	9.9971e-01	2.3380e-04	1.1755e-36	1.1755e-36	1.1755e-36	3.2156e-34	0.00e+00	0.00e+00	1.9946e+00
4.06270e+20	6.7582e+03	2.154e-22	1.0000e+01	1.0498e+01	5.3095e-19	1.0182e-04	9.9990e-01	4.5029e-01	5.4971e-01	5.2389e-20	8.5796e-24	3.2024e-06	1.7406e-01	8.2594e-01	1.1755e-36	5.9710e-05	9.9976e-01	1.8379e-04	1.1755e-36	1.1755e-36	1.1755e-36	3.1570e-34	0.00e+00	0.00e+00	1.9954e+00
4.06393e+20	6.7318e+03	2.130e-22	1.0000e+01	1.0434e+01	5.3524e-19	1.0141e-04	9.9990e-01	5.1798e-01	4.8202e-01	4.0126e-20	8.4997e-24	3.1836e-06	1.7403e-01	8.2597e-01	1.1755e-36	5.9440e-05	9.9980e-01	1.4211e-04	1.1755e-36	1.1755e-36	1.1755e-36	3.0701e-34	0.00e+00	0.00e+00	1.9962e+00
4.06514e+20	6.7036e+03	2.106e-22	1.0000e+01	1.0381e+01	5.4177e-19	1.0113e-04	9.9990e-01	5.9322e-01	4.0678e-01	2.9407e-20	8.4487e-24	3.1703e-06	1.7411e-01	8.2589e-01	1.1755e-36	5.9241e-05	9.9983e-01	1.0731e-04	1.1755e-36	1.1755e-36	1.1755e-36	3.0045e-34	0.00e+00	0.00e+00	1.9970e+00
4.06653e+20	6.6723e+03	2.070e-22	1.0000e+01	1.0297e+01	5.4556e-19	1.0057e-04	9.9990e-01	6.8412e-01	3.1588e-01	1.9171e-20	8.3258e-24	3.1396e-06	1.7377e-01	8.2623e-01	1.1755e-36	5.8876e-05	9.9987e-01	7.5757e-05	1.1755e-36	1.1755e-36	1.1755e-36	2.8900e-34	0.00e+00	0.00e+00	1.9980e+00
4.06809e+20	6.6355e+03	2.033e-22	1.0000e+01	1.0212e+01	5.5161e-19	1.0008e-04	9.9990e-01	7.8207e-01	2.1793e-01	1.0561e-20	8.2114e-24	3.1100e-06	1.7344e-01	8.2655e-01	1.1755e-36	5.8542e-05	9.9989e-01	4.9707e-05	1.1755e-36	1.1755e-36	1.1755e-36	2.7788e-34	0.00e+00	0.00e+00	1.9990e+00
4.06986e+20	6.5984e+03	2.001e-22	1.0000e+01	1.0145e+01	5.5992e-19	9.9840e-05	9.9990e-01	8.7214e-01	1.2786e-01	5.0531e-21	8.1410e-24	3.0904e-06	1.7330e-01	8.2670e-01	1.1755e-36	5.8342e-05	9.9991e-01	3.0191e-05	1.1755e-36	1.1755e-36	1.1755e-36	2.6930e-34	0.00e+00	0.00e+00	2.0002e+00
4.07216e+20	6.5725e+03	1.971e-22	1.0000e+01	1.0077e+01	5.6189e-19	9.9560e-05	9.9990e-01	9.4329e-01	5.6709e-02	1.6088e-21	8.0471e-24	3.0672e-06	1.7295e-01	8.2705e-01	1.1755e-36	5.8127e-05	9.9993e-01	1.5700e-05	1.1755e-36	1.1755e-36	1.1755e-36	2.5939e-34	0.00e+00	0.00e+00	2.0019e+00
4.07515e+20	6.5541e+03	1.953e-22	1.0000e+01	1.0029e+01	5.6417e-19	9.9492e-05	9.9990e-01	9.8194e-01	1.8055e-02	3.2288e-22	7.9952e-24	3.0523e-06	1.7273e-01	8.2727e-01	1.1755e-36	5.8035e-05	9.9994e-01	6.7666e-06	1.1755e-36	1.1755e-36	1.1755e-36	2.5296e-34	0.00e+00	0.00e+00	2.0040e+00
4.07903e+20	6.5495e+03	1.948e-22	1.0000e+01	1.0014e+01	5.6391e-19	9.9706e-05	9.9990e-01	9.9575e-01	4.2538e-03	4.1743e-23	8.0022e-24	3.0538e-06	1.7282e-01	8.2718e-01	1.1755e-36	5.8123e-05	9.9994e-01	2.3386e-06	1.1755e-36	1.1755e-36	1.1755e-36	2.5014e-34	0.00e+00	0.00e+00	2.0067e+00
4.08409e+20	6.5505e+03	1.947e-22	1.0000e+01	1.0009e+01	5.6203e-19	1.0001e-04	9.9990e-01	9.9904e-01	9.5662e-04	4.3401e-24	8.0246e-24	3.0593e-06	1.7300e-01	8.2700e-01	1.1755e-36	5.8266e-05	9.9994e-01	6.2466e-07	1.1755e-36	1.1755e-36	1.1755e-36	2.4803e-34	0.00e+00	0.00e+00	2.0103e+00
4.09065e+20	6.5545e+03	1.948e-22	1.0000e+01	1.0006e+01	5.5900e-19	1.0038e-04	9.9990e-01	9.9959e-01	4.0891e-04	6.9002e-25	8.0571e-24	3.0685e-06	1.7327e-01	8.2673e-01	1.1755e-36	5.8449e-05	9.9994e-01	1.2383e-07	1.1755e-36	1.1755e-36	1.1755e-36	2.4599e-34	0.00e+00	0.00e+00	2.0151e+00
4.09919e+20	6.5572e+03	1.951e-22	1.0000e+01	1.0011e+01	5.5769e-19	1.0091e-04	9.9990e-01	9.9968e-01	3.1818e-04	1.5051e-25	8.1211e-24	3.0845e-06	1.7376e-01	8.2624e-01	1.1755e-36	5.8723e-05	9.9994e-01	1.7593e-08	1.1755e-36	1.1755e-36	1.1755e-36	2.4494e-34	0.00e+00	0.00e+00	2.0212e+00
4.11029e+20	6.5593e+03	1.953e-22	1.0000e+01	1.0013e+01	5.5789e-19	1.0149e-04	9.9990e-01	9.9972e-01	2.7661e-04	1.1755e-36	8.1993e-24	3.1011e-06	1.7435e-01	8.2565e-01	1.1755e-36	5.9018e-05	9.9994e-01	1.7348e-09	1.1755e-36	1.1755e-36	1.1755e-36	2.4474e-34	0.00e+00	0.00e+00	2.0292e+00
4.12472e+20	6.5674e+03	1.955e-22	1.0000e+01	1.0013e+01	5.4882e-19	1.0213e-04	9.9990e-01	9.9976e-01	2.4418e-04	1.1755e-36	8.2488e-24	3.1211e-06	1.7502e-01	8.2497e-01	1.1755e-36	5.9356e-05	9.9994e-01	1.1304e-10	1.1755e-36	1.1755e-36	1.1755e-36	2.3848e-34	0.00e+00	0.00e+00	2.0398e+00
4.14348e+20	6.5697e+03	1.959e-22	1.0000e+01	1.0014e+01	5.4973e-19	1.0299e-04	9.9990e-01	9.9978e-01	2.1533e-04	1.1755e-36	8.3739e-24	3.1479e-06	1.7602e-01	8.2398e-01	1.1755e-36	5.9800e-05	9.9994e-01	4.4690e-12	1.1755e-36	1.1755e-36	1.1755e-36	2.3837e-34	0.00e+00	0.00e+00	2.0535e+00
4.16787e+20	6.5811e+03	1.961e-22	1.0000e+01	1.0013e+01	5.3384e-19	1.0398e-04	9.9990e-01	9.9981e-01	1.9288e-04	1.1755e-36	8.4437e-24	3.1797e-06	1.7721e-01	8.2279e-01	1.1755e-36	6.0325e-05	9.9994e-01	9.2697e-14	1.1755e-36	1.1755e-36	1.1755e-36	2.2690e-34	0.00e+00	0.00e+00	2.0716e+00
4.19957e+20	6.5856e+03	1.967e-22	1.0000e+01	1.0013e+01	5.3563e-19	1.0533e-04	9.9989e-01	9.9983e-01	1.7211e-04	1.1755e-36	8.6547e-24	3.2242e-06	1.7891e-01	8.2109e-01	1.1755e-36	6.1035e-05	9.9994e-01	8.0379e-16	1.1755e-36	1.1755e-36	1.1755e-36	2.2710e-34	0.00e+00	0.00e+00	2.0955e+00
4.24078e+20	6.6061e+03	1.970e-22	1.0000e+01	1.0013e+01	5.0441e-19	1.0694e-04	9.9989e-01	9.9984e-01	1.5718e-04	1.1755e-36	8.7480e-24	3.2772e-06	1.8098e-01	8.1902e-01	1.1755e-36	6.1906e-05	9.9994e-01	2.1235e-18	1.1755e-36	1.1755e-36	1.1755e-36	2.0507e-34	0.00e+00	0.00e+00	2.1269e+00
4.29436e+20	6.6098e+03	1.980e-22	1.0000e+01	1.0013e+01	5.1208e-19	1.0929e-04	9.9989e-01	9.9986e-01	1.4191e-04	1.1755e-36	9.1525e-24	3.3569e-06	1.8405e-01	8.1594e-01	1.1755e-36	6.3153e-05	9.9994e-01	1.2389e-21	1.1755e-36	1.1755e-36	1.1755e-36	2.0778e-34	0.00e+00	0.00e+00	2.1687e+00
4.36400e+20	6.6328e+03	1.989e-22	1.0000e+01	1.0013e+01	4.9031e-19	1.1229e-04	9.9989e-01	9.9987e-01	1.3187e-04	1.1755e-36	9.5323e-24	3.4551e-06	1.8796e-01	8.1204e-01	1.1755e-36	6.4768e-05	9.9994e-01	9.6556e-24	1.1755e-36	1.1755e-36	1.1755e-36	1.9243e-34	0.00e+00	0.00e+00	2.2245e+00
4.45455e+20	6.6576e+03	2.002e-22	1.0000e+01	1.0013e+01	4.8469e-19	1.1642e-04	9.9988e-01	9.9988e-01	1.2190e-04	1.1755e-36	1.0218e-23	3.5924e-06	1.9333e-01	8.0666e-01	1.1755e-36	6.6993e-05	9.9993e-01	1.4364e-24	1.1755e-36	1.1755e-36	1.1755e-36	1.8818e-34	0.00e+00	0.00e+00	2.2998e+00
4.57226e+20	6.6911e+03	2.019e-22	1.0000e+01	1.0013e+01	4.7481e-19	1.2217e-04	9.9988e-01	9.9989e-01	1.1308e-04	1.1755e-36	1.1215e-23	3.7824e-06	2.0075e-01	7.9925e-01	1.1755e-36	7.0115e-05	9.9993e-01	1.2862e-24	1.1755e-36	1.1755e-36	1.1755e-36	1.8089e-34	0.00e+00	0.00e+00	2.4024e+00
4.72527e+20	6.7366e+03	2.043e-22	1.0000e+01	1.0013e+01	4.8076e-19	1.3045e-04	9.9987e-01	9.9990e-01	1.0500e-04	1.1755e-36	1.2909e-23	4.0529e-06	2.1120e-01	7.8880e-01	1.1755e-36	7.4637e-05	9.9993e-01	1.9195e-24	1.1755e-36	1.1755e-36	1.1755e-36	1.8535e-34	0.00e+00	0.00e+00	2.5449e+00
4.92420e+20	6.8011e+03	2.077e-22	1.0000e+01	1.0012e+01	4.8862e-19	1.4280e-04	9.9986e-01	9.9990e-01	9.7722e-05	1.1755e-36	1.5723e-23	4.4465e-06	2.2628e-01	7.7372e-01	1.1755e-36	8.1467e-05	9.9992e-01	3.3958e-24	1.1755e-36	1.1755e-36	1.1755e-36	1.9201e-34	0.00e+00	0.00e+00	2.7476e+00
5.18280e+20	6.8898e+03	2.127e-22	1.0000e+01	1.0012e+01	5.3188e-19	1.6240e-04	9.9984e-01	9.9991e-01	8.9587e-05	1.1755e-36	2.1214e-23	5.0484e-06	2.4897e-01	7.5103e-01	1.1755e-36	9.2490e-05	9.9991e-01	7.3147e-24	1.1755e-36	1.1755e-36	1.1755e-36	2.2678e-34	0.00e+00	0.00e+00	3.0473e+00
5.51898e+20	7.0178e+03	2.202e-22	1.0000e+01	1.0012e+01	6.2343e-19	1.9618e-04	9.9980e-01	9.9992e-01	8.0193e-05	1.1755e-36	3.3392e-23	6.0200e-06	2.8492e-01	7.1508e-01	1.1755e-36	1.1211e-04	9.9989e-01	2.1387e-23	1.1755e-36	1.1755e-36	1.1755e-36	3.0976e-34	0.00e+00	0.00e+00	3.5180e+00
5.84602e+20	7.1789e+03	2.302e-22	1.0000e+01	1.0011e+01	7.6417e-19	2.4558e-04	9.9975e-01	9.9993e-01	7.0076e-05	1.1755e-36	5.7186e-23	7.2314e-06	3.2852e-01	6.7147e-01	1.1755e-36	1.4200e-04	9.9986e-01	7.8127e-23	1.1755e-36	1.1755e-36	1.1755e-36	4.6914e-34	0.00e+00	0.00e+00	3.9429e+00
6.06466e+20	7.3093e+03	2.387e-22	1.0000e+01	1.0010e+01	9.6026e-19	2.9592e-04	9.9970e-01	9.9994e-01	6.2183e-05	1.1755e-36	9.0472e-23	8.2849e-06	3.6563e-01	6.3436e-01	1.1755e-36	1.7410e-04	9.9983e-01	2.1366e-22	1.1755e-36	1.1755e-36	1.1755e-36	7.3722e-34	0.00e+00	0.00e+00	4.2479e+00
6.20600e+20	7.3987e+03	2.451e-22	1.0000e+01	1.0010e+01	1.1967e-18	3.4002e-04	9.9966e-01	9.9994e-01	5.6424e-05	1.1755e-36	1.2872e-22	9.1076e-06	3.9426e-01	6.0573e-01	1.1755e-36	2.0357e-04	9.9980e-01	4.1677e-22	1.1755e-36	1.1755e-36	1.1755e-36	1.1211e-33	0.00e+00	0.00e+00	4.5043e+00
6.34336e+20	7.4859e+03	2.514e-22	1.0000e+01	1.0009e+01	1.5428e-18	3.9420e-04	9.9961e-01	9.9995e-01	5.0282e-05	1.1755e-36	1.8910e-22	1.0041e-05	4.2693e-01	5.7306e-01	1.1755e-36	2.4152e-04	9.9976e-01	7.8733e-22	1.1755e-36	1.1755e-36	1.1755e-36	1.8060e-33	0.00e+00	0.00e+00	4.8907e+00
6.49408e+20	7.5951e+03	2.595e-22	1.0000e+01	1.0008e+01	2.1485e-18	4.7398e-04	9.9953e-01	9.9996e-01	4.1127e-05	1.1755e-36	3.0513e-22	1.1193e-05	4.6694e-01	5.3304e-01	1.1755e-36	3.0020e-04	9.9970e-01	1.7092e-21	1.1755e-36	1.1755e-36	1.1755e-36	3.3635e-33	0.00e+00	0.00e+00	5.3281e+00
6.63779e+20	7.7075e+03	2.685e-22	1.0000e+01	1.0007e+01	3.4763e-18	5.8360e-04	9.9942e-01	9.9997e-01	3.0817e-05	1.1755e-36	5.3351e-22	1.2496e-05	5.1192e-01	4.8807e-01	1.1755e-36	3.8582e-04	9.9961e-01	3.7044e-21	1.1755e-36	1.1755e-36	1.1755e-36	8.1181e-33	0.00e+00	0.00e+00	5.8485e+00
6.76432e+20	7.8192e+03	2.780e-22	1.0000e+01	1.0006e+01	6.3879e-18	7.2803e-04	9.9927e-01	9.9998e-01	2.0131e-05	1.1755e-36	9.8492e-22	1.3831e-05	5.5769e-01	4.4230e-01	1.1755e-36	5.0597e-04	9.9949e-01	7.8024e-21	1.1755e-36	1.1755e-36	1.1755e-36	2.4555e-32	0.00e+00	0.00e+00	6.3625e+00
6.85879e+20	7.9104e+03	2.863e-22	1.0000e+01	1.0004e+01	1.1172e-17	8.9005e-04	9.9911e-01	9.9999e-01	1.3595e-05	1.1755e-36	1.7248e-21	1.4982e-05	5.9695e-01	4.0303e-01	1.1755e-36	6.4894e-04	9.9935e-01	1.4078e-20	1.1755e-36	1.1755e-36	1.1755e-36	6.7838e-32	0.00e+00	0.00e+00	6.7959e+00
6.92464e+20	7.9792e+03	2.929e-22	1.0000e+01	1.0002e+01	1.9604e-17	1.0492e-03	9.9895e-01	9.9999e-01	8.7747e-06	1.1755e-36	2.8297e-21	1.5877e-05	6.2755e-01	3.7243e-01	1.1755e-36	7.9637e-04	9.9920e-01	2.1742e-20	1.1755e-36	1.1755e-36	1.1755e-36	1.8923e-31	0.00e+00	0.00e+00	7.1575e+00
6.97511e+20	8.0341e+03	2.983e-22	1.0000e+01	1.0001e+01	3.4160e-17	1.2100e-03	9.9879e-01	9.9999e-01	5.3857e-06	1.1755e-36	4.5107e-21	1.6620e-05	6.5320e-01	3.4679e-01	1.1755e-36	9.5104e-04	9.9905e-01	3.0565e-20	1.1755e-36	1.1755e-36	1.1755e-36	5.2521e-31	0.00e+00	0.00e+00	7.5116e+00
7.02033e+20	8.0825e+03	3.035e-22	1.0000e+01	9.9986e+00	5.4369e-17	1.3962e-03	9.9860e-01	1.0000e+00	3.6228e-06	1.1755e-36	7.0180e-21	1.7338e-05	6.7797e-01	3.2201e-01	1.1755e-36	1.1360e-03	9.9886e-01	4.1045e-20	1.1755e-36	1.1755e-36	1.1755e-36	1.2289e-30	0.00e+00	0.00e+00	7.9002e+00
7.06250e+20	8.1277e+03	3.089e-22	1.0000e+01	9.9965e+00	8.2087e-17	1.6238e-03	9.9838e-01	1.0000e+00	2.6134e-06	1.1755e-36	1.0819e-20	1.8054e-05	7.0267e-01	2.9732e-01	1.1755e-36	1.3690e-03	9.9863e-01	5.3755e-20	1.1755e-36	1.1755e-36	1.1755e-36	2.5838e-30	0.00e+00	0.00e+00	8.3129e+00
7.09935e+20	8.1653e+03	3.142e-22	1.0000e+01	9.9944e+00	1.1910e-16	1.8885e-03	9.9811e-01	1.0000e+00	1.9949e-06	1.1755e-36	1.6304e-20	1.8712e-05	7.2577e-01	2.7421e-01	1.1755e-36	1.6477e-03	9.9835e-01	6.6950e-20	1.1755e-36	1.1755e-36	1.1755e-36	4.9896e-30	0.00e+00	0.00e+00	8.7116e+00
7.12952e+20	8.2002e+03	3.188e-22	1.0000e+01	9.9917e+00	1.7038e-16	2.1743e-03	9.9783e-01	1.0000e+00	1.5152e-06	1.1755e-36	2.4000e-20	1.9294e-05	7.4595e-01	2.5403e-01	1.1755e-36	1.9559e-03	9.9804e-01	8.2401e-20	1.1755e-36	1.1755e-36	1.1755e-36	9.4091e-30	0.00e+00	0.00e+00	9.0809e+00
7.15431e+20	8.2266e+03	3.231e-22	1.0000e+01	9.9887e+00	2.3526e-16	2.4776e-03	9.9752e-01	1.0000e+00	1.1901e-06	1.1755e-36	3.4069e-20	1.9803e-05	7.6362e-01	2.3636e-01	1.1755e-36	2.2897e-03	9.9771e-01	9.8491e-20	1.1755e-36	1.1755e-36	1.1755e-36	1.6521e-29	0.00e+00	0.00e+00	9.4354e+00
7.17578e+20	8.2491e+03	3.270e-22	1.0000e+01	9.9854e+00	3.1737e-16	2.8114e-03	9.9719e-01	1.0000e+00	9.6117e-07	1.1755e-36	4.7359e-20	2.0268e-05	7.7984e-01	2.2014e-01	1.1755e-36	2.6635e-03	9.9734e-01	1.1790e-19	1.1755e-36	1.1755e-36	1.1755e-36	2.7667e-29	0.00e+00	0.00e+00	9.7956e+00
7.19515e+20	8.2681e+03	3.309e-22	1.0000e+01	9.9817e+00	4.2527e-16	3.1932e-03	9.9681e-01	1.0000e+00	7.8648e-07	1.1755e-36	6.5446e-20	2.0709e-05	7.9526e-01	2.0472e-01	1.1755e-36	3.0971e-03	9.9690e-01	1.3749e-19	1.1755e-36	1.1755e-36	1.1755e-36	4.5482e-29	0.00e+00	0.00e+00	1.0167e+01
7.21255e+20	8.2835e+03	3.346e-22	1.0000e+01	9.9775e+00	5.6743e-16	3.6298e-03	9.9637e-01	1.0000e+00	6.4965e-07	1.1755e-36	8.9991e-20	2.1125e-05	8.0984e-01	1.9014e-01	1.1755e-36	3.5996e-03	9.9640e-01	1.5758e-19	1.1755e-36	1.1755e-36	1.1755e-36	7.3724e-29	0.00e+00	0.00e+00	1.0542e+01
7.22782e+20	8.2943e+03	3.383e-22	1.0000e+01	9.9727e+00	7.5132e-16	4.1186e-03	9.9588e-01	1.0000e+00	5.4366e-07	1.1755e-36	1.2246e-19	2.1508e-05	8.2332e-01	1.7666e-01	1.1755e-36	4.1683e-03	9.9583e-01	1.8392e-19	1.1755e-36	1.1755e-36	1.1755e-36	1.1718e-28	0.00e+00	0.00e+00	1.0911e+01
7.24111e+20	8.3012e+03	3.418e-22	1.0000e+01	9.9675e+00	9.8446e-16	4.6581e-03	9.9534e-01	1.0000e+00	4.6122e-07	1.1755e-36	1.6446e-19	2.1860e-05	8.3567e-01	1.6431e-01	1.1755e-36	4.8023e-03	9.9520e-01	2.2276e-19	1.1755e-36	1.1755e-36	1.1755e-36	1.8194e-28	0.00e+00	0.00e+00	1.1276e+01
7.25283e+20	8.3043e+03	3.452e-22	1.0000e+01	9.9617e+00	1.2820e-15	5.2582e-03	9.9474e-01	1.0000e+00	3.9528e-07	1.1755e-36	2.1890e-19	2.2185e-05	8.4712e-01	1.5286e-01	1.1755e-36	5.5130e-03	9.9449e-01	2.7041e-19	1.1755e-36	1.1755e-36	1.1755e-36	2.7813e-28	0.00e+00	0.00e+00	1.1642e+01
7.26333e+20	8.3037e+03	3.484e-22	1.0000e+01	9.9551e+00	1.6674e-15	5.9359e-03	9.9406e-01	1.0000e+00	3.4056e-07	1.1755e-36	2.9020e-19	2.2490e-05	8.5789e-01	1.4208e-01	1.1755e-36	6.3213e-03	9.9368e-01	3.1948e-19	1.1755e-36	1.1755e-36	1.1755e-36	4.2195e-28	0.00e+00	0.00e+00	1.2016e+01
7.27281e+20	8.3002e+03	3.517e-22	1.0000e+01	9.9477e+00	2.1702e-15	6.7066e-03	9.9329e-01	1.0000e+00	2.9449e-07	1.1755e-36	3.8413e-19	2.2777e-05	8.6808e-01	1.3190e-01	1.1755e-36	7.2460e-03	9.9275e-01	3.6846e-19	1.1755e-36	1.1755e-36	1.1755e-36	6.3794e-28	0.00e+00	0.00e+00	1.2396e+01
7.28132e+20	8.2909e+03	3.549e-22	1.0000e+01	9.9394e+00	2.8313e-15	7.5840e-03	9.9242e-01	1.0000e+00	2.5544e-07	1.1755e-36	5.0768e-19	2.3049e-05	8.7769e-01	1.2229e-01	1.1755e-36	8.3040e-03	9.9170e-01	4.2125e-19	1.1755e-36	1.1755e-36	1.1755e-36	9.6116e-28	0.00e+00	0.00e+00	1.2782e+01
7.28896e+20	8.2781e+03	3.581e-22	1.0000e+01	9.9299e+00	3.6971e-15	8.5802e-03	9.9142e-01	1.0000e+00	2.2246e-07	1.1755e-36	6.6969e-19	2.3304e-05	8.8673e-01	1.1325e-01	1.1755e-36	9.5104e-03	9.9049e-01	4.8277e-19	1.1755e-36	1.1755e-36	1.1755e-36	1.4433e-27	0.00e+00	0.00e+00	1.3173e+01
7.29583e+20	8.2613e+03	3.613e-22	1.0000e+01	9.9190e+00	4.8388e-15	9.7175e-03	9.9028e-01	1.0000e+00	1.9421e-07	1.1755e-36	8.8285e-19	2.3543e-05	8.9526e-01	1.0472e-01	1.1755e-36	1.0893e-02	9.8911e-01	5.4760e-19	1.1755e-36	1.1755e-36	1.1755e-36	2.1638e-27	0.00e+00	0.00e+00	1.3573e+01
7.30207e+20	8.2397e+03	3.644e-22	1.0000e+01	9.9066e+00	6.3688e-15	1.1030e-02	9.8897e-01	1.0000e+00	1.6968e-07	1.1755e-36	1.1665e-18	2.3770e-05	9.0337e-01	9.6610e-02	1.1755e-36	1.2493e-02	9.8751e-01	6.0783e-19	1.1755e-36	1.1755e-36	1.1755e-36	3.2532e-27	0.00e+00	0.00e+00	1.3987e+01
7.30775e+20	8.2127e+03	3.676e-22	1.0000e+01	9.8921e+00	8.4557e-15	1.2563e-02	9.8744e-01	1.0000e+00	1.4808e-07	1.1755e-36	1.5491e-18	2.3985e-05	9.1113e-01	8.8846e-02	1.1755e-36	1.4367e-02	9.8563e-01	6.5931e-19	1.1755e-36	1.1755e-36	1.1755e-36	4.9256e-27	0.00e+00	0.00e+00	1.4418e+01
7.31297e+20	8.1798e+03	3.708e-22	1.0000e+01	9.8752e+00	1.1352e-14	1.4375e-02	9.8563e-01	1.0000e+00	1.2894e-07	1.1755e-36	2.0723e-18	2.4192e-05	9.1859e-01	8.1384e-02	1.1755e-36	1.6585e-02	9.8341e-01	7.0173e-19	1.1755e-36	1.1755e-36	1.1755e-36	7.5355e-27	0.00e+00	0.00e+00	1.4871e+01
7.31776e+20	8.1403e+03	3.741e-22	1.0000e+01	9.8550e+00	1.5463e-14	1.6546e-02	9.8345e-01	1.0000e+00	1.1186e-07	1.1755e-36	2.8009e-18	2.4387e-05	9.2580e-01	7.4175e-02	1.1755e-36	1.9248e-02	9.8075e-01	7.3430e-19	1.1755e-36	1.1755e-36	1.1755e-36	1.1698e-26	0.00e+00	0.00e+00	1.5352e+01
7.32221e+20	8.0969e+03	3.770e-22	1.0000e+01	9.8249e+00	2.1407e-14	1.9181e-02	9.8082e-01	1.0000e+00	9.6343e-08	1.1755e-36	3.8350e-18	2.4560e-05	9.3277e-01	6.7209e-02	1.1755e-36	2.2485e-02	9.7751e-01	7.5434e-19	1.1755e-36	1.1755e-36	1.1755e-36	1.8494e-26	0.00e+00	0.00e+00	1.5871e+01
7.32637e+20	8.0412e+03	3.799e-22	1.0000e+01	9.7866e+00	3.0486e-14	2.2491e-02	9.7751e-01	1.0000e+00	8.2245e-08	1.1755e-36	5.3634e-18	2.4712e-05	9.3963e-01	6.0342e-02	1.1755e-36	2.6555e-02	9.7345e-01	7.5558e-19	1.1755e-36	1.1755e-36	1.1755e-36	3.0114e-26	0.00e+00	0.00e+00	1.6445e+01
7.33033e+20	7.9726e+03	3.829e-22	1.0000e+01	9.7431e+00	4.5236e-14	2.6833e-02	9.7317e-01	1.0000e+00	6.9270e-08	1.1755e-36	7.7573e-18	2.4862e-05	9.4654e-01	5.3432e-02	1.1755e-36	3.1892e-02	9.6811e-01	7.3216e-19	1.1755e-36	1.1755e-36	1.1755e-36	5.1489e-26	0.00e+00	0.00e+00	1.7102e+01
7.33394e+20	7.8949e+03	3.856e-22	1.0000e+01	9.6872e+00	6.9177e-14	3.2422e-02	9.6758e-01	1.0000e+00	5.7320e-08	1.1755e-36	1.1486e-17	2.4978e-05	9.5315e-01	4.6823e-02	1.1755e-36	3.8759e-02	9.6124e-01	6.8563e-19	1.1755e-36	1.1755e-36	1.1755e-36	9.1013e-26	0.00e+00	0.00e+00	1.7785e+01
7.33695e+20	7.8140e+03	3.873e-22	1.0000e+01	9.6202e+00	1.0560e-13	3.9114e-02	9.6089e-01	1.0000e+00	4.7743e-08	1.1755e-36	1.6902e-17	2.5043e-05	9.5899e-01	4.0989e-02	1.1755e-36	4.6971e-02	9.5303e-01	6.7779e-19	1.1755e-36	1.1755e-36	1.1755e-36	1.5925e-25	0.00e+00	0.00e+00	1.8450e+01
7.33942e+20	7.7296e+03	3.890e-22	1.0000e+01	9.5661e+00	1.6007e-13	4.6987e-02	9.5301e-01	1.0000e+00	4.0251e-08	1.1755e-36	2.4611e-17	2.5114e-05	9.6410e-01	3.5870e-02	1.1755e-36	5.6608e-02	9.4339e-01	6.8670e-19	1.1755e-36	1.1755e-36	1.1755e-36	2.7500e-25	0.00e+00	0.00e+00	1.9115e+01
7.34153e+20	7.6490e+03	3.886e-22	1.0000e+01	9.4844e+00	2.4143e-13	5.6354e-02	9.4365e-01	1.0000e+00	3.3956e-08	1.1755e-36	3.5623e-17	2.5100e-05	9.6863e-01	3.1345e-02	1.1755e-36	6.8042e-02	9.3196e-01	6.7536e-19	1.1755e-36	1.1755e-36	1.1755e-36	4.6928e-25	0.00e+00	0.00e+00	1.9822e+01
7.34346e+20	7.5658e+03	3.852e-22	1.0000e+01	9.3529e+00	3.7063e-13	6.8128e-02	9.3187e-01	1.0000e+00	2.8343e-08	1.1755e-36	5.2235e-17	2.4941e-05	9.7282e-01	2.7155e-02	1.1755e-36	8.2360e-02	9.1764e-01	6.3281e-19	1.1755e-36	1.1755e-36	1.1755e-36	8.1063e-25	0.00e+00	0.00e+00	2.0625e+01
7.34528e+20	7.4721e+03	3.788e-22	1.0000e+01	9.1721e+00	5.9483e-13	8.3940e-02	9.1606e-01	1.0000e+00	2.3033e-08	1.1755e-36	7.9344e-17	2.4661e-05	9.7688e-01	2.3096e-02	1.1755e-36	1.0148e-01	8.9852e-01	5.5953e-19	1.1755e-36	1.1755e-36	1.1755e-36	1.4650e-24	0.00e+00	0.00e+00	2.1566e+01
7.34693e+20	7.3708e+03	3.693e-22	1.0000e+01	8.9592e+00	9.9014e-13	1.0509e-01	8.9491e-01	1.0000e+00	1.8250e-08	1.1755e-36	1.2411e-16	2.4277e-05	9.8069e-01	1.9290e-02	1.1755e-36	1.2683e-01	8.7317e-01	4.7157e-19	1.1755e-36	1.1755e-36	1.1755e-36	2.7527e-24	0.00e+00	0.00e+00	2.2573e+01
7.34828e+20	7.2626e+03	3.563e-22	1.0000e+01	8.7036e+00	1.6349e-12	1.3076e-01	8.6924e-01	1.0000e+00	1.4512e-08	1.1755e-36	1.9113e-16	2.3757e-05	9.8389e-01	1.6085e-02	1.1755e-36	1.5729e-01	8.4271e-01	3.9637e-19	1.1755e-36	1.1755e-36	1.1755e-36	5.0162e-24	0.00e+00	0.00e+00	2.3543e+01
7.34932e+20	7.1550e+03	3.404e-22	1.0000e+01	8.4169e+00	2.5892e-12	1.5937e-01	8.4063e-01	1.0000e+00	1.1844e-08	1.1755e-36	2.8168e-16	2.3126e-05	9.8643e-01	1.3545e-02	1.1755e-36	1.9081e-01	8.0919e-01	3.3819e-19	1.1755e-36	1.1755e-36	1.1755e-36	8.5041e-24	0.00e+00	0.00e+00	2.4471e+01
7.35018e+20	7.0397e+03	3.219e-22	1.0000e+01	8.0975e+00	3.9907e-12	1.9120e-01	8.0880e-01	1.0000e+00	9.7830e-09	1.1755e-36	4.0138e-16	2.2388e-05	9.8850e-01	1.1476e-02	1.1755e-36	2.2757e-01	7.7243e-01	2.8832e-19	1.1755e-36	1.1755e-36	1.1755e-36	1.3591e-23	0.00e+00	0.00e+00	2.5419e+01
7.35092e+20	6.9058e+03	3.003e-22	1.0000e+01	7.7318e+00	6.1531e-12	2.2813e-01	7.7187e-01	1.0000e+00	8.0507e-09	1.1755e-36	5.6466e-16	2.1517e-05	9.9030e-01	9.6831e-03	1.1755e-36	2.6957e-01	7.3043e-01	2.4163e-19	1.1755e-36	1.1755e-36	1.1755e-36	2.1029e-23	0.00e+00	0.00e+00	2.6438e+01
7.35158e+20	6.7492e+03	2.758e-22	1.0000e+01	7.3101e+00	9.4514e-12	2.6988e-01	7.3012e-01	1.0000e+00	6.5786e-09	1.1755e-36	7.7963e-16	2.0487e-05	9.9182e-01	8.1566e-03	1.1755e-36	3.1619e-01	6.8381e-01	1.9977e-19	1.1755e-36	1.1755e-36	1.1755e-36	3.1050e-23	0.00e+00	0.00e+00	2.7458e+01
7.35208e+20	6.5898e+03	2.528e-22	1.0000e+01	6.9115e+00	1.3750e-11	3.1050e-01	6.8950e-01	1.0000e+00	5.4502e-09	1.1755e-36	1.0195e-15	1.9499e-05	9.9298e-01	6.9986e-03	1.1755e-36	3.6069e-01	6.3931e-01	1.6803e-19	1.1755e-36	1.1755e-36	1.1755e-36	4.2137e-23	0.00e+00	0.00e+00	2.8271e+01
7.35244e+20	6.4507e+03	2.343e-22	1.0000e+01	6.5758e+00	1.8246e-11	3.4337e-01	6.5663e-01	1.0000e+00	4.8203e-09	1.1755e-36	1.2356e-15	1.8655e-05	9.9375e-01	6.2269e-03	1.1755e-36	3.9612e-01	6.0388e-01	1.4779e-19	1.1755e-36	1.1755e-36	1.1755e-36	5.1419e-23	0.00e+00	0.00e+00	2.8895e+01
7.35269e+20	6.3305e+03	2.196e-22	1.0000e+01	6.3063e+00	2.2748e-11	3.7023e-01	6.2977e-01	1.0000e+00	4.3985e-09	1.1755e-36	1.4272e-15	1.7975e-05	9.9430e-01	5.6775e-03	1.1755e-36	4.2470e-01	5.7530e-01	1.3372e-19	1.1755e-36	1.1755e-36	1.1755e-36	5.9108e-23	0.00e+00	0.00e+00	2.9422e+01
7.35291e+20	6.2117e+03	2.062e-22	1.0000e+01	6.0553e+00	2.7751e-11	3.9526e-01	6.0474e-01	1.0000e+00	4.0500e-09	1.1755e-36	1.6180e-15	1.7338e-05	9.9476e-01	5.2203e-03	1.1755e-36	4.5100e-01	5.4900e-01	1.2201e-19	1.1755e-36	1.1755e-36	1.1755e-36	6.6108e-23	0.00e+00	0.00e+00	2.9949e+01
7.35312e+20	6.0836e+03	1.930e-22	1.0000e+01	5.7991e+00	3.3784e-11	4.2078e-01	5.7922e-01	1.0000e+00	3.6911e-09	1.1755e-36	1.8256e-15	1.6684e-05	9.9518e-01	4.7989e-03	1.1755e-36	4.7754e-01	5.2246e-01	1.1116e-19	1.1755e-36	1.1755e-36	1.1755e-36	7.2916e-23	0.00e+00	0.00e+00	3.0490e+01
7.35331e+20	5.9473e+03	1.802e-22	1.0000e+01	5.5456e+00	4.0904e-11	4.4622e-01	5.5378e-01	1.0000e+00	3.3286e-09	1.1755e-36	2.0459e-15	1.6037e-05	9.9557e-01	4.4171e-03	1.1755e-36	5.0370e-01	4.9630e-01	1.0135e-19	1.1755e-36	1.1755e-36	1.1755e-36	7.9242e-23	0.00e+00	0.00e+00	3.1010e+01
7.35348e+20	5.8128e+03	1.685e-22	1.0000e+01	5.3071e+00	4.8657e-11	4.7008e-01	5.2992e-01	1.0000e+00	2.8509e-09	1.1755e-36	2.2656e-15	1.5425e-05	9.9590e-01	4.0888e-03	1.1755e-36	5.2796e-01	4.7204e-01	9.2974e-20	1.1755e-36	1.1755e-36	1.1755e-36	8.4563e-23	0.00e+00	0.00e+00	3.1489e+01
7.35364e+20	5.6806e+03	1.581e-22	1.0000e+01	5.0865e+00	5.6879e-11	4.9214e-01	5.0786e-01	1.0000e+00	2.8617e-09	1.1755e-36	2.4807e-15	1.4857e-05	9.9618e-01	3.8079e-03	1.1755e-36	5.5017e-01	4.4983e-01	8.5881e-20	1.1755e-36	1.1755e-36	1.1755e-36	8.8854e-23	0.00e+00	0.00e+00	3.1935e+01
7.35377e+20	5.5492e+03	1.485e-22	1.0000e+01	4.8787e+00	6.5561e-11	5.1292e-01	4.8708e-01	1.0000e+00	2.7039e-09	1.1755e-36	2.6947e-15	1.4322e-05	9.9642e-01	3.5608e-03	1.1755e-36	5.7091e-01	4.2909e-01	7.9702e-20	1.1755e-36	1.1755e-36	1.1755e-36	9.2271e-23	0.00e+00	0.00e+00	3.2364e+01
7.35390e+20	5.4158e+03	1.395e-22	1.0000e+01	4.6790e+00	7.4755e-11	5.3291e-01	4.6709e-01	1.0000e+00	2.5462e-09	1.1755e-36	2.9117e-15	1.3807e-05	9.9665e-01	3.3377e-03	1.1755e-36	5.9069e-01	4.0931e-01	7.4169e-20	1.1755e-36	1.1755e-36	1.1755e-36	9.4914e-23	0.00e+00	0.00e+00	3.2782e+01
7.35401e+20	5.3085e+03	1.326e-22	1.0000e+01	4.5227e+00	8.2372e-11	5.4855e-01	4.5145e-01	1.0000e+00	2.3948e-09	1.1755e-36	3.0899e-15	1.3403e-05	9.9682e-01	3.1708e-03	1.1755e-36	6.0604e-01	3.9396e-01	7.0070e-20	1.1755e-36	1.1755e-36	1.1755e-36	9.6509e-23	0.00e+00	0.00e+00	3.3062e+01
7.35408e+20	5.2164e+03	1.273e-22	1.0000e+01	4.3975e+00	8.8854e-11	5.6107e-01	4.3893e-01	1.0000e+00	2.3358e-09	1.1755e-36	3.2376e-15	1.3081e-05	9.9694e-01	3.0439e-03	1.1755e-36	6.1824e-01	3.8176e-01	6.7011e-20	1.1755e-36	1.1755e-36	1.1755e-36	9.7428e-23	0.00e+00	0.00e+00	3.3323e+01
7.35416e+20	5.1261e+03	1.221e-22	1.0000e+01	4.2763e+00	9.5243e-11	5.7331e-01	4.2669e-01	1.0000e+00	2.2531e-09	1.1755e-36	3.3874e-15	1.2769e-05	9.9706e-01	2.9238e-03	1.1755e-36	6.3014e-01	3.6986e-01	6.4112e-20	1.1755e-36	1.1755e-36	1.1755e-36	9.8116e-23	0.00e+00	0.00e+00	3.3592e+01
7.35423e+20	5.0253e+03	1.169e-22	1.0000e+01	4.1485e+00	1.0211e-10	5.8601e-01	4.1399e-01	1.0000e+00	2.1634e-09	1.1755e-36	3.5482e-15	1.2441e-05	9.9718e-01	2.8041e-03	1.1755e-36	6.4240e-01	3.5760e-01	6.1249e-20	1.1755e-36	1.1755e-36	1.1755e-36	9.8382e-23	0.00e+00	0.00e+00	3.3875e+01
7.35431e+20	4.9184e+03	1.118e-22	1.0000e+01	4.0204e+00	1.0886e-10	5.9897e-01	4.0103e-01	1.0000e+00	2.0697e-09	1.1755e-36	3.7166e-15	1.2114e-05	9.9731e-01	2.6815e-03	1.1755e-36	6.5486e-01	3.4514e-01	5.8428e-20	1.1755e-36	1.1755e-36	1.1755e-36	9.8155e-23	0.00e+00	0.00e+00	3.4160e+01
7.35438e+20	4.8089e+03	1.068e-22	1.0000e+01	3.8926e+00	1.1521e-10	6.1175e-01	3.8825e-01	1.0000e+00	1.9831e-09	1.1755e-36	3.8887e-15	1.1789e-05	9.9743e-01	2.5631e-03	1.1755e-36	6.6708e-01	3.3292e-01	5.5756e-20	1.1755e-36	1.1755e-36	1.1755e-36	9.7373e-23	0.00e+00	0.00e+00	3.4444e+01
7.35446e+20	4.7013e+03	1.018e-22	1.0000e+01	3.7641e+00	1.2087e-10	6.2426e-01	3.7574e-01	1.0000e+00	1.9041e-09	1.1755e-36	4.0655e-15	1.1460e-05	9.9754e-01	2.4505e-03	1.1755e-36	6.7898e-01	3.2102e-01	5.3221e-20	1.1755e-36	1.1755e-36	1.1755e-36	9.6078e-23	0.00e+00	0.00e+00	3.4734e+01
7.35453e+20	4.5827e+03	9.701e-23	1.0000e+01	3.6355e+00	1.2639e-10	6.3713e-01	3.6287e-01	1.0000e+00	1.8231e-09	1.1755e-36	4.2523e-15	1.1137e-05	9.9765e-01	2.3381e-03	1.1755e-36	6.9117e-01	3.0883e-01	5.0726e-20	1.1755e-36	1.1755e-36	1.1755e-36	9.4442e-23	0.00e+00	0.00e+00	3.5030e+01
7.35460e+20	4.4595e+03	9.227e-23	1.0000e+01	3.5061e+00	1.3124e-10	6.5008e-01	3.4992e-01	1.0000e+00	1.7450e-09	1.1755e-36	4.4478e-15	1.0814e-05	9.9776e-01	2.2283e-03	1.1755e-36	7.0335e-01	2.9665e-01	4.8305e-20	1.1755e-36	1.1755e-36	1.1755e-36	9.2369e-23	0.00e+00	0.00e+00	3.5332e+01
7.35468e+20	4.3273e+03	8.764e-23	1.0000e+01	3.3760e+00	1.3542e-10	6.6322e-01	3.3678e-01	1.0000e+00	1.6681e-09	1.1755e-36	4.6534e-15	1.0494e-05	9.9787e-01	2.1200e-03	1.1755e-36	7.1567e-01	2.8433e-01	4.5945e-20	1.1755e-36	1.1755e-36	1.1755e-36	8.9853e-23	0.00e+00	0.00e+00	3.5640e+01
7.35475e+20	4.1932e+03	8.308e-23	1.0000e+01	3.2455e+00	1.3852e-10	6.7628e-01	3.2372e-01	1.0000e+00	1.5949e-09	1.1755e-36	4.8679e-15	1.0176e-05	9.9797e-01	2.0154e-03	1.1755e-36	7.2784e-01	2.7216e-01	4.3669e-20	1.1755e-36	1.1755e-36	1.1755e-36	8.6915e-23	0.00e+00	0.00e+00	3.5954e+01
7.35482e+20	4.0537e+03	7.863e-23	1.0000e+01	3.1147e+00	1.4059e-10	6.8937e-01	3.1063e-01	1.0000e+00	1.5241e-09	1.1755e-36	5.0927e-15	9.8622e-06	9.9808e-01	1.9137e-03	1.1755e-36	7.3998e-01	2.6002e-01	4.1465e-20	1.1755e-36	1.1755e-36	1.1755e-36	8.3587e-23	0.00e+00	0.00e+00	3.6274e+01
7.35490e+20	3.9088e+03	7.430e-23	1.0000e+01	2.9840e+00	1.4159e-10	7.0247e-01	2.9754e-01	1.0000e+00	1.4556e-09	1.1755e-36	5.3285e-15	9.5552e-06	9.9818e-01	1.8149e-03	1.1755e-36	7.5206e-01	2.4794e-01	3.9330e-20	1.1755e-36	1.1755e-36	1.1755e-36	7.9912e-23	0.00e+00	0.00e+00	3.6600e+01
