#depth	Te	Htot	hden	eden	2H_2/H	HI	HII	HeI	HeII	HeIII	CO/C	C1	C2	C3	C4	O1	O2	O3	O4	O5	O6	H2O/O	AV(point)	AV(extend)	Tau912
1.99901e+14	5.8940e+03	2.544e-21	2.7826e+01	3.0255e+01	1.4232e-16	2.8789e-04	9.9971e-01	2.0980e-03	9.9072e-01	7.1849e-03	2.9755e-22	2.7782e-06	3.7492e-02	9.5865e-01	3.8604e-03	2.2468e-05	1.3488e-01	8.6156e-01	3.5386e-03	1.1755e-36	1.1755e-36	2.3572e-30	0.00e+00	0.00e+00	2.0218e-05
1.19941e+15	5.8933e+03	2.544e-21	2.7826e+01	3.0254e+01	1.4237e-16	2.8785e-04	9.9971e-01	2.0978e-03	9.9072e-01	7.1787e-03	2.9726e-22	2.7767e-06	3.7487e-02	9.5864e-01	3.8700e-03	2.2454e-05	1.3482e-01	8.6163e-01	3.5258e-03	1.1755e-36	1.1755e-36	2.3546e-30	0.00e+00	0.00e+00	1.0108e-04
5.19742e+15	5.8922e+03	2.544e-21	2.7826e+01	3.0254e+01	1.4244e-16	2.8780e-04	9.9971e-01	2.0979e-03	9.9077e-01	7.1318e-03	2.9702e-22	2.7750e-06	3.7485e-02	9.5864e-01	3.8674e-03	2.2447e-05	1.3481e-01	8.6170e-01	3.4736e-03	1.1755e-36	1.1755e-36	2.3519e-30	0.00e+00	0.00e+00	4.2446e-04
2.11895e+16	5.8895e+03	2.543e-21	2.7826e+01	3.0253e+01	1.4268e-16	2.8773e-04	9.9971e-01	2.0989e-03	9.9101e-01	6.8881e-03	2.9694e-22	2.7722e-06	3.7495e-02	9.5866e-01	3.8471e-03	2.2453e-05	1.3485e-01	8.6185e-01	3.2734e-03	1.1755e-36	1.1755e-36	2.3490e-30	0.00e+00	0.00e+00	1.7177e-03
5.06149e+16	5.8812e+03	2.539e-21	2.7826e+01	3.0253e+01	1.4316e-16	2.8725e-04	9.9971e-01	2.0983e-03	9.9116e-01	6.7398e-03	2.9566e-22	2.7620e-06	3.7483e-02	9.5868e-01	3.8294e-03	2.2433e-05	1.3484e-01	8.6214e-01	2.9980e-03	1.1755e-36	1.1755e-36	2.3321e-30	0.00e+00	0.00e+00	3.3960e-03
8.88679e+16	5.8708e+03	2.534e-21	2.7826e+01	3.0252e+01	1.4398e-16	2.8685e-04	9.9971e-01	2.0991e-03	9.9155e-01	6.3477e-03	2.9492e-22	2.7560e-06	3.7495e-02	9.5871e-01	3.7909e-03	2.2436e-05	1.3490e-01	8.6241e-01	2.6676e-03	1.1755e-36	1.1755e-36	2.3179e-30	0.00e+00	0.00e+00	5.5748e-03
1.38597e+17	5.8613e+03	2.528e-21	2.7826e+01	3.0251e+01	1.4452e-16	2.8634e-04	9.9971e-01	2.1000e-03	9.9217e-01	5.7270e-03	2.9399e-22	2.7501e-06	3.7501e-02	9.5876e-01	3.7345e-03	2.2445e-05	1.3501e-01	8.6268e-01	2.2861e-03	1.1755e-36	1.1755e-36	2.3010e-30	0.00e+00	0.00e+00	8.4023e-03
2.03244e+17	5.8478e+03	2.522e-21	2.7826e+01	3.0249e+01	1.4478e-16	2.8586e-04	9.9971e-01	2.1023e-03	9.9301e-01	4.8866e-03	2.9181e-22	2.7459e-06	3.7525e-02	9.5881e-01	3.6586e-03	2.2486e-05	1.3526e-01	8.6285e-01	1.8646e-03	1.1755e-36	1.1755e-36	2.2580e-30	0.00e+00	0.00e+00	1.2072e-02
2.87286e+17	5.8331e+03	2.514e-21	2.7826e+01	3.0247e+01	1.4587e-16	2.8530e-04	9.9971e-01	2.1051e-03	9.9402e-01	3.8790e-03	2.9144e-22	2.7421e-06	3.7555e-02	9.5887e-01	3.5678e-03	2.2553e-05	1.3566e-01	8.6290e-01	1.4261e-03	1.1755e-36	1.1755e-36	2.2410e-30	0.00e+00	0.00e+00	1.6833e-02
3.96541e+17	5.8141e+03	2.505e-21	2.7826e+01	3.0244e+01	1.4621e-16	2.8474e-04	9.9972e-01	2.1093e-03	9.9509e-01	2.8043e-03	2.8903e-22	2.7402e-06	3.7607e-02	9.5892e-01	3.4666e-03	2.2667e-05	1.3627e-01	8.6270e-01	1.0035e-03	1.1755e-36	1.1755e-36	2.1841e-30	0.00e+00	0.00e+00	2.3010e-02
5.38572e+17	5.7927e+03	2.494e-21	2.7826e+01	3.0242e+01	1.4803e-16	2.8413e-04	9.9972e-01	2.1142e-03	9.9608e-01	1.8015e-03	2.8959e-22	2.7395e-06	3.7679e-02	9.5895e-01	3.3642e-03	2.2827e-05	1.3711e-01	8.6224e-01	6.3487e-04	1.1755e-36	1.1755e-36	2.1676e-30	0.00e+00	0.00e+00	3.1023e-02
7.23212e+17	5.7657e+03	2.482e-21	2.7826e+01	3.0239e+01	1.4917e-16	2.8358e-04	9.9972e-01	2.1208e-03	9.9688e-01	9.9896e-04	2.8812e-22	2.7419e-06	3.7790e-02	9.5894e-01	3.2662e-03	2.3053e-05	1.3822e-01	8.6141e-01	3.5112e-04	1.1755e-36	1.1755e-36	2.1089e-30	0.00e+00	0.00e+00	4.1420e-02
9.63244e+17	5.7341e+03	2.467e-21	2.7826e+01	3.0238e+01	1.5235e-16	2.8306e-04	9.9972e-01	2.1291e-03	9.9741e-01	4.6282e-04	2.9028e-22	2.7477e-06	3.7943e-02	9.5888e-01	3.1758e-03	2.3347e-05	1.3960e-01	8.6022e-01	1.6435e-04	1.1755e-36	1.1755e-36	2.0947e-30	0.00e+00	0.00e+00	5.4911e-02
1.27529e+18	5.6995e+03	2.450e-21	2.7826e+01	3.0237e+01	1.5355e-16	2.8257e-04	9.9972e-01	2.1397e-03	9.9769e-01	1.7271e-04	2.8859e-22	2.7578e-06	3.8146e-02	9.5876e-01	3.0897e-03	2.3719e-05	1.4126e-01	8.5865e-01	6.2793e-05	1.1755e-36	1.1755e-36	2.0133e-30	0.00e+00	0.00e+00	7.2420e-02
1.68094e+18	5.6560e+03	2.431e-21	2.7826e+01	3.0236e+01	1.5761e-16	2.8240e-04	9.9972e-01	2.1553e-03	9.9779e-01	4.9903e-05	2.9143e-22	2.7759e-06	3.8448e-02	9.5855e-01	2.9973e-03	2.4226e-05	1.4339e-01	8.5656e-01	1.8873e-05	1.1755e-36	1.1755e-36	1.9765e-30	0.00e+00	0.00e+00	9.5167e-02
2.20829e+18	5.6061e+03	2.409e-21	2.7826e+01	3.0236e+01	1.6068e-16	2.8260e-04	9.9972e-01	2.1775e-03	9.9781e-01	1.0807e-05	2.9227e-22	2.8045e-06	3.8871e-02	9.5824e-01	2.8904e-03	2.4905e-05	1.4612e-01	8.5385e-01	4.3352e-06	1.1755e-36	1.1755e-36	1.8888e-30	0.00e+00	0.00e+00	1.2476e-01
2.89385e+18	5.5502e+03	2.384e-21	2.7826e+01	3.0236e+01	1.6468e-16	2.8336e-04	9.9972e-01	2.2091e-03	9.9779e-01	1.7421e-06	2.9542e-22	2.8486e-06	3.9463e-02	9.5777e-01	2.7617e-03	2.5829e-05	1.4966e-01	8.5032e-01	7.5740e-07	1.1755e-36	1.1755e-36	1.8040e-30	0.00e+00	0.00e+00	1.6333e-01
3.78507e+18	5.4894e+03	2.355e-21	2.7826e+01	3.0236e+01	1.7119e-16	2.8500e-04	9.9971e-01	2.2544e-03	9.9775e-01	2.1827e-07	3.0480e-22	2.9145e-06	4.0290e-02	9.5710e-01	2.6054e-03	2.7100e-05	1.5432e-01	8.4566e-01	1.1755e-36	1.1755e-36	1.1755e-36	1.7575e-30	0.00e+00	0.00e+00	2.1377e-01
4.94366e+18	5.4266e+03	2.323e-21	2.7826e+01	3.0235e+01	1.7602e-16	2.8796e-04	9.9971e-01	2.3197e-03	9.9768e-01	2.2958e-08	3.1472e-22	3.0130e-06	4.1458e-02	9.5612e-01	2.4174e-03	2.8873e-05	1.6053e-01	8.3944e-01	1.1755e-36	1.1755e-36	1.1755e-36	1.6645e-30	0.00e+00	0.00e+00	2.8001e-01
6.44982e+18	5.3640e+03	2.288e-21	2.7826e+01	3.0235e+01	1.8402e-16	2.9299e-04	9.9971e-01	2.4160e-03	9.9758e-01	2.1001e-09	3.3719e-22	3.1616e-06	4.3145e-02	9.5466e-01	2.1937e-03	3.1410e-05	1.6897e-01	8.3100e-01	1.1755e-36	1.1755e-36	1.1755e-36	1.6316e-30	0.00e+00	0.00e+00	3.6764e-01
7.66619e+18	5.2784e+03	2.249e-21	2.7826e+01	3.0234e+01	1.8312e-16	2.9319e-04	9.9971e-01	2.4670e-03	9.9753e-01	3.5457e-10	3.2326e-22	3.2285e-06	4.4113e-02	9.5385e-01	2.0360e-03	3.3028e-05	1.7496e-01	8.2501e-01	1.1755e-36	1.1755e-36	1.1755e-36	1.3704e-30	0.00e+00	0.00e+00	4.0524e-01
8.43281e+18	5.2627e+03	2.235e-21	2.7826e+01	3.0234e+01	1.8247e-16	2.9616e-04	9.9970e-01	2.5218e-03	9.9748e-01	1.3779e-10	3.3074e-22	3.3151e-06	4.5057e-02	9.5300e-01	1.9394e-03	3.4451e-05	1.7948e-01	8.2049e-01	1.1755e-36	1.1755e-36	1.1755e-36	1.3241e-30	0.00e+00	0.00e+00	4.4702e-01
9.27609e+18	5.2505e+03	2.220e-21	2.7826e+01	3.0234e+01	1.8433e-16	2.9975e-04	9.9970e-01	2.5865e-03	9.9741e-01	5.2373e-11	3.4596e-22	3.4177e-06	4.6155e-02	9.5200e-01	1.8384e-03	3.6120e-05	1.8464e-01	8.1533e-01	1.1755e-36	1.1755e-36	1.1755e-36	1.3260e-30	0.00e+00	0.00e+00	4.9354e-01
1.02037e+19	5.2427e+03	2.205e-21	2.7826e+01	3.0233e+01	1.8518e-16	3.0404e-04	9.9970e-01	2.6630e-03	9.9734e-01	1.9474e-11	3.6365e-22	3.5394e-06	4.7441e-02	9.5082e-01	1.7326e-03	3.8088e-05	1.9057e-01	8.0939e-01	1.1755e-36	1.1755e-36	1.1755e-36	1.3256e-30	0.00e+00	0.00e+00	5.4544e-01
1.12241e+19	5.2356e+03	2.190e-21	2.7826e+01	3.0233e+01	1.8540e-16	3.0935e-04	9.9969e-01	2.7557e-03	9.9724e-01	7.0833e-12	3.8416e-22	3.6877e-06	4.8986e-02	9.4939e-01	1.6209e-03	4.0472e-05	1.9756e-01	8.0240e-01	1.1755e-36	1.1755e-36	1.1755e-36	1.3164e-30	0.00e+00	0.00e+00	6.0352e-01
1.23465e+19	5.2405e+03	2.174e-21	2.7826e+01	3.0232e+01	1.8487e-16	3.1543e-04	9.9968e-01	2.8653e-03	9.9713e-01	2.5278e-12	4.1213e-22	3.8631e-06	5.0788e-02	9.4770e-01	1.5062e-03	4.3293e-05	2.0562e-01	7.9434e-01	1.1755e-36	1.1755e-36	1.1755e-36	1.3324e-30	0.00e+00	0.00e+00	6.6867e-01
1.35811e+19	5.2585e+03	2.156e-21	2.7826e+01	3.0232e+01	1.8275e-16	3.2249e-04	9.9968e-01	2.9977e-03	9.9700e-01	8.8875e-13	4.4829e-22	4.0727e-06	5.2917e-02	9.4569e-01	1.3884e-03	4.6681e-05	2.1503e-01	7.8493e-01	1.1755e-36	1.1755e-36	1.1755e-36	1.3657e-30	0.00e+00	0.00e+00	7.4194e-01
1.49392e+19	5.2823e+03	2.139e-21	2.7826e+01	3.0231e+01	1.8069e-16	3.3120e-04	9.9967e-01	3.1628e-03	9.9684e-01	3.1070e-13	4.9692e-22	4.3347e-06	5.5541e-02	9.4319e-01	1.2658e-03	5.0925e-05	2.2640e-01	7.7355e-01	1.1755e-36	1.1755e-36	1.1755e-36	1.4181e-30	0.00e+00	0.00e+00	8.2472e-01
1.64332e+19	5.3134e+03	2.123e-21	2.7826e+01	3.0229e+01	1.7964e-16	3.4199e-04	9.9966e-01	3.3716e-03	9.9663e-01	1.1072e-13	5.6734e-22	4.6704e-06	5.8841e-02	9.4002e-01	1.1391e-03	5.6343e-05	2.4035e-01	7.5959e-01	1.1755e-36	1.1755e-36	1.1755e-36	1.5156e-30	0.00e+00	0.00e+00	9.1874e-01
1.80765e+19	5.3625e+03	2.105e-21	2.7826e+01	3.0228e+01	1.7930e-16	3.5495e-04	9.9965e-01	3.6396e-03	9.9636e-01	4.2365e-14	6.7465e-22	5.0933e-06	6.2961e-02	9.3602e-01	1.0102e-03	6.3282e-05	2.5749e-01	7.4245e-01	1.1755e-36	1.1755e-36	1.1755e-36	1.7059e-30	0.00e+00	0.00e+00	1.0261e+00
1.98841e+19	5.4423e+03	2.084e-21	2.7826e+01	3.0226e+01	1.7565e-16	3.7022e-04	9.9963e-01	3.9870e-03	9.9601e-01	1.8750e-14	8.2997e-22	5.6348e-06	6.8173e-02	9.3094e-01	8.8102e-04	7.2270e-05	2.7873e-01	7.2119e-01	1.1755e-36	1.1755e-36	1.1755e-36	1.9847e-30	0.00e+00	0.00e+00	1.1492e+00
2.18725e+19	5.5380e+03	2.064e-21	2.7826e+01	3.0224e+01	1.7106e-16	3.8960e-04	9.9961e-01	4.4673e-03	9.9553e-01	1.0044e-14	1.0641e-21	6.3688e-06	7.5160e-02	9.2408e-01	7.4989e-04	8.4618e-05	3.0630e-01	6.9361e-01	1.1755e-36	1.1755e-36	1.1755e-36	2.3647e-30	0.00e+00	0.00e+00	1.2918e+00
2.40598e+19	5.6639e+03	2.044e-21	2.7826e+01	3.0221e+01	1.6819e-16	4.1391e-04	9.9959e-01	5.1575e-03	9.9484e-01	6.3179e-15	1.4760e-21	7.3917e-06	8.4795e-02	9.1458e-01	6.1893e-04	1.0203e-04	3.4272e-01	6.5717e-01	1.1755e-36	1.1755e-36	1.1755e-36	3.0824e-30	0.00e+00	0.00e+00	1.4584e+00
2.63445e+19	5.8214e+03	2.022e-21	2.7826e+01	3.0217e+01	1.6543e-16	4.4274e-04	9.9956e-01	6.1542e-03	9.9385e-01	4.3387e-15	2.1896e-21	8.8015e-06	9.7963e-02	9.0153e-01	4.9685e-04	1.2611e-04	3.8987e-01	6.1000e-01	1.1755e-36	1.1755e-36	1.1755e-36	4.3053e-30	0.00e+00	0.00e+00	1.6356e+00
2.84679e+19	5.9968e+03	2.003e-21	2.7826e+01	3.0212e+01	1.6018e-16	4.7320e-04	9.9953e-01	7.5178e-03	9.9248e-01	3.1525e-15	3.2934e-21	1.0584e-05	1.1462e-01	8.8498e-01	3.9520e-04	1.5641e-04	4.4541e-01	5.5443e-01	1.1755e-36	1.1755e-36	1.1755e-36	6.0068e-30	0.00e+00	0.00e+00	1.7992e+00
3.02711e+19	6.1700e+03	1.986e-21	2.7826e+01	3.0206e+01	1.5430e-16	5.0272e-04	9.9950e-01	9.2898e-03	9.9071e-01	2.4244e-15	4.8664e-21	1.2698e-05	1.3429e-01	8.6538e-01	3.1589e-04	1.9095e-04	5.0451e-01	4.9530e-01	1.1755e-36	1.1755e-36	1.1755e-36	8.1490e-30	0.00e+00	0.00e+00	1.9438e+00
3.16110e+19	6.3192e+03	1.973e-21	2.7826e+01	3.0199e+01	1.4873e-16	5.2636e-04	9.9947e-01	1.1304e-02	9.8870e-01	1.9394e-15	6.7291e-21	1.4830e-05	1.5427e-01	8.4545e-01	2.6176e-04	2.2396e-04	5.5874e-01	4.4103e-01	1.1755e-36	1.1755e-36	1.1755e-36	1.0411e-29	0.00e+00	0.00e+00	2.0402e+00
3.24925e+19	6.4243e+03	1.965e-21	2.7826e+01	3.0193e+01	1.4534e-16	5.4333e-04	9.9946e-01	1.3218e-02	9.8678e-01	1.7053e-15	8.5125e-21	1.6648e-05	1.7127e-01	8.2849e-01	2.2703e-04	2.5010e-04	5.9967e-01	4.0008e-01	1.1755e-36	1.1755e-36	1.1755e-36	1.2374e-29	0.00e+00	0.00e+00	2.1090e+00
3.31723e+19	6.5060e+03	1.958e-21	2.7826e+01	3.0188e+01	1.4450e-16	5.5767e-04	9.9944e-01	1.5172e-02	9.8483e-01	1.5390e-15	1.0410e-20	1.8344e-05	1.8706e-01	8.1272e-01	2.0044e-04	2.7298e-04	6.3358e-01	3.6615e-01	1.1755e-36	1.1755e-36	1.1755e-36	1.4458e-29	0.00e+00	0.00e+00	2.1716e+00
3.39069e+19	6.5916e+03	1.952e-21	2.7826e+01	3.0180e+01	1.4462e-16	5.7499e-04	9.9943e-01	1.7983e-02	9.8202e-01	1.3704e-15	1.3093e-20	2.0541e-05	2.0735e-01	7.9246e-01	1.7162e-04	3.0065e-04	6.7177e-01	3.2793e-01	1.1755e-36	1.1755e-36	1.1755e-36	1.7175e-29	0.00e+00	0.00e+00	2.2555e+00
3.46582e+19	6.6802e+03	1.947e-21	2.7826e+01	3.0168e+01	1.4488e-16	5.9322e-04	9.9941e-01	2.2119e-02	9.7788e-01	1.1373e-15	1.6773e-20	2.3289e-05	2.3286e-01	7.6697e-01	1.4434e-04	3.3299e-04	7.1591e-01	2.8376e-01	1.1755e-36	1.1755e-36	1.1755e-36	2.0549e-29	0.00e+00	0.00e+00	2.3255e+00
3.52136e+19	6.7550e+03	1.943e-21	2.7826e+01	3.0156e+01	1.4325e-16	6.0672e-04	9.9939e-01	2.6748e-02	9.7325e-01	9.9296e-16	2.0279e-20	2.5823e-05	2.5650e-01	7.4335e-01	1.2460e-04	3.5996e-04	7.5238e-01	2.4726e-01	1.1755e-36	1.1755e-36	1.1755e-36	2.3220e-29	0.00e+00	0.00e+00	2.3723e+00
3.55900e+19	6.8045e+03	1.941e-21	2.7826e+01	3.0147e+01	1.4308e-16	6.1647e-04	9.9938e-01	3.1209e-02	9.6879e-01	9.1134e-16	2.3342e-20	2.7885e-05	2.7555e-01	7.2431e-01	1.1103e-04	3.8003e-04	7.7867e-01	2.2095e-01	1.1755e-36	1.1755e-36	1.1755e-36	2.5482e-29	0.00e+00	0.00e+00	2.4063e+00
3.58885e+19	6.8543e+03	1.937e-21	2.7826e+01	3.0135e+01	1.4156e-16	6.2377e-04	9.9938e-01	3.5789e-02	9.6421e-01	8.4717e-16	2.6101e-20	2.9677e-05	2.9230e-01	7.0757e-01	1.0029e-04	3.9646e-04	8.0003e-01	1.9957e-01	1.1755e-36	1.1755e-36	1.1755e-36	2.7354e-29	0.00e+00	0.00e+00	2.4373e+00
3.62136e+19	6.8936e+03	1.935e-21	2.7826e+01	3.0120e+01	1.4262e-16	6.3331e-04	9.9937e-01	4.2409e-02	9.5759e-01	7.7710e-16	2.9801e-20	3.1885e-05	3.1272e-01	6.8716e-01	8.8176e-05	4.1588e-04	8.2358e-01	1.7600e-01	1.1755e-36	1.1755e-36	1.1755e-36	2.9897e-29	0.00e+00	0.00e+00	2.4782e+00
3.65463e+19	6.9342e+03	1.934e-21	2.7826e+01	3.0098e+01	1.4349e-16	6.4286e-04	9.9936e-01	5.2086e-02	9.4791e-01	6.7438e-16	3.4230e-20	3.4409e-05	3.3625e-01	6.6364e-01	7.6343e-05	4.3716e-04	8.4983e-01	1.4973e-01	1.1755e-36	1.1755e-36	1.1755e-36	3.2687e-29	0.00e+00	0.00e+00	2.5118e+00
3.67933e+19	6.9696e+03	1.931e-21	2.7826e+01	3.0072e+01	1.4231e-16	6.4946e-04	9.9935e-01	6.2730e-02	9.3727e-01	6.0398e-16	3.7768e-20	3.6521e-05	3.5614e-01	6.4376e-01	6.7507e-05	4.5390e-04	8.7100e-01	1.2854e-01	1.1755e-36	1.1755e-36	1.1755e-36	3.4316e-29	0.00e+00	0.00e+00	2.5342e+00
3.69631e+19	6.9910e+03	1.930e-21	2.7826e+01	3.0046e+01	1.4266e-16	6.5421e-04	9.9935e-01	7.2844e-02	9.2716e-01	5.5934e-16	4.0731e-20	3.8106e-05	3.7111e-01	6.2879e-01	6.1245e-05	4.6606e-04	8.8620e-01	1.1333e-01	1.1755e-36	1.1755e-36	1.1755e-36	3.5907e-29	0.00e+00	0.00e+00	2.5507e+00
3.71019e+19	7.0072e+03	1.928e-21	2.7826e+01	3.0020e+01	1.4330e-16	6.5821e-04	9.9934e-01	8.3567e-02	9.1643e-01	5.2110e-16	4.3414e-20	3.9466e-05	3.8399e-01	6.1592e-01	5.6008e-05	4.7631e-04	8.9878e-01	1.0074e-01	1.1755e-36	1.1755e-36	1.1755e-36	3.7362e-29	0.00e+00	0.00e+00	2.5662e+00
3.72557e+19	7.0205e+03	1.927e-21	2.7826e+01	2.9993e+01	1.4461e-16	6.6322e-04	9.9934e-01	9.9247e-02	9.0075e-01	4.7799e-16	4.6660e-20	4.1059e-05	3.9886e-01	6.0105e-01	5.0018e-05	4.8819e-04	9.1276e-01	8.6756e-02	1.1755e-36	1.1755e-36	1.1755e-36	3.9069e-29	0.00e+00	0.00e+00	2.5864e+00
3.74121e+19	7.0444e+03	1.923e-21	2.7826e+01	2.9949e+01	1.4410e-16	6.6711e-04	9.9933e-01	1.2157e-01	8.7843e-01	4.1552e-16	4.9933e-20	4.2692e-05	4.1445e-01	5.8546e-01	4.4175e-05	5.0008e-04	9.2784e-01	7.1657e-02	1.1755e-36	1.1755e-36	1.1755e-36	4.0506e-29	0.00e+00	0.00e+00	2.6027e+00
3.75280e+19	7.0520e+03	1.920e-21	2.7826e+01	2.9895e+01	1.4500e-16	6.7023e-04	9.9933e-01	1.4561e-01	8.5439e-01	3.6917e-16	5.2646e-20	4.3943e-05	4.2675e-01	5.7317e-01	3.9662e-05	5.0942e-04	9.3969e-01	5.9797e-02	1.1755e-36	1.1755e-36	1.1755e-36	4.1660e-29	0.00e+00	0.00e+00	2.6136e+00
3.76095e+19	7.0570e+03	1.916e-21	2.7826e+01	2.9838e+01	1.4534e-16	6.7209e-04	9.9933e-01	1.6823e-01	8.3177e-01	3.3666e-16	5.4488e-20	4.4805e-05	4.3547e-01	5.6445e-01	3.6385e-05	5.1583e-04	9.4812e-01	5.1368e-02	1.1755e-36	1.1755e-36	1.1755e-36	4.2258e-29	0.00e+00	0.00e+00	2.6219e+00
3.76786e+19	7.0626e+03	1.911e-21	2.7826e+01	2.9779e+01	1.4553e-16	6.7338e-04	9.9933e-01	1.9241e-01	8.0759e-01	3.0726e-16	5.6072e-20	4.5506e-05	4.4273e-01	5.5719e-01	3.3536e-05	5.2102e-04	9.5513e-01	4.4345e-02	1.1755e-36	1.1755e-36	1.1755e-36	4.2788e-29	0.00e+00	0.00e+00	2.6300e+00
3.77567e+19	7.0666e+03	1.904e-21	2.7826e+01	2.9707e+01	1.4639e-16	6.7499e-04	9.9933e-01	2.2721e-01	7.7279e-01	2.7254e-16	5.8044e-20	4.6284e-05	4.5077e-01	5.4916e-01	3.0195e-05	5.2688e-04	9.6279e-01	3.6679e-02	1.1755e-36	1.1755e-36	1.1755e-36	4.3612e-29	0.00e+00	0.00e+00	2.6404e+00
3.78375e+19	7.0648e+03	1.894e-21	2.7826e+01	2.9609e+01	1.4794e-16	6.7652e-04	9.9932e-01	2.7552e-01	7.2448e-01	2.2575e-16	6.0092e-20	4.7022e-05	4.5876e-01	5.4116e-01	2.6781e-05	5.3273e-04	9.7068e-01	2.8783e-02	1.1755e-36	1.1755e-36	1.1755e-36	4.4415e-29	0.00e+00	0.00e+00	2.6491e+00
3.78999e+19	7.0650e+03	1.882e-21	2.7826e+01	2.9493e+01	1.4842e-16	6.7662e-04	9.9932e-01	3.2593e-01	6.7407e-01	1.8907e-16	6.1363e-20	4.7465e-05	4.6444e-01	5.3548e-01	2.4077e-05	5.3635e-04	9.7663e-01	2.2835e-02	1.1755e-36	1.1755e-36	1.1755e-36	4.4639e-29	0.00e+00	0.00e+00	2.6553e+00
3.79469e+19	7.0552e+03	1.868e-21	2.7826e+01	2.9350e+01	1.4891e-16	6.7621e-04	9.9932e-01	3.7326e-01	6.2674e-01	1.6055e-16	6.1783e-20	4.7673e-05	4.6825e-01	5.3168e-01	2.1974e-05	5.3842e-04	9.8078e-01	1.8681e-02	1.1755e-36	1.1755e-36	1.1755e-36	4.4026e-29	0.00e+00	0.00e+00	2.6603e+00
3.79956e+19	7.0479e+03	1.854e-21	2.7826e+01	2.9234e+01	1.5036e-16	6.7639e-04	9.9932e-01	4.3185e-01	5.6815e-01	1.3395e-16	6.2810e-20	4.7921e-05	4.7199e-01	5.2794e-01	1.9668e-05	5.4080e-04	9.8462e-01	1.4841e-02	1.1755e-36	1.1755e-36	1.1755e-36	4.4266e-29	0.00e+00	0.00e+00	2.6668e+00
3.80494e+19	7.0418e+03	1.828e-21	2.7826e+01	2.9010e+01	1.4825e-16	6.7418e-04	9.9933e-01	5.0759e-01	4.9241e-01	9.7948e-17	6.2077e-20	4.7914e-05	4.7477e-01	5.2517e-01	1.7269e-05	5.4125e-04	9.8836e-01	1.1101e-02	1.1755e-36	1.1755e-36	1.1755e-36	4.2178e-29	0.00e+00	0.00e+00	2.6731e+00
3.80982e+19	7.0175e+03	1.806e-21	2.7826e+01	2.8821e+01	1.5083e-16	6.7393e-04	9.9933e-01	5.8823e-01	4.1177e-01	7.0659e-17	6.2516e-20	4.7953e-05	4.7729e-01	5.2264e-01	1.5018e-05	5.4257e-04	9.9126e-01	8.2014e-03	1.1755e-36	1.1755e-36	1.1755e-36	4.1701e-29	0.00e+00	0.00e+00	2.6784e+00
3.81420e+19	6.9943e+03	1.786e-21	2.7826e+01	2.8683e+01	1.5486e-16	6.7458e-04	9.9933e-01	6.6591e-01	3.3409e-01	5.0418e-17	6.3557e-20	4.8013e-05	4.7936e-01	5.2058e-01	1.2996e-05	5.4417e-04	9.9337e-01	6.0898e-03	1.1755e-36	1.1755e-36	1.1755e-36	4.2154e-29	0.00e+00	0.00e+00	2.6834e+00
3.81908e+19	6.9712e+03	1.761e-21	2.7826e+01	2.8501e+01	1.5755e-16	6.7450e-04	9.9933e-01	7.4965e-01	2.5035e-01	3.2598e-17	6.3866e-20	4.7949e-05	4.8080e-01	5.1914e-01	1.0840e-05	5.4502e-04	9.9515e-01	4.3086e-03	1.1755e-36	1.1755e-36	1.1755e-36	4.1709e-29	0.00e+00	0.00e+00	2.6900e+00
3.82543e+19	6.9409e+03	1.733e-21	2.7826e+01	2.8300e+01	1.6123e-16	6.7526e-04	9.9932e-01	8.4200e-01	1.5800e-01	1.6298e-17	6.4189e-20	4.7867e-05	4.8214e-01	5.1780e-01	8.3484e-06	5.4642e-04	9.9675e-01	2.7018e-03	1.1755e-36	1.1755e-36	1.1755e-36	4.1177e-29	0.00e+00	0.00e+00	2.6985e+00
3.83369e+19	6.9136e+03	1.706e-21	2.7826e+01	2.8099e+01	1.6347e-16	6.7668e-04	9.9932e-01	9.2242e-01	7.7582e-02	5.7840e-18	6.3946e-20	4.7759e-05	4.8312e-01	5.1683e-01	5.7457e-06	5.4827e-04	9.9800e-01	1.4527e-03	1.1755e-36	1.1755e-36	1.1755e-36	3.9986e-29	0.00e+00	0.00e+00	2.7096e+00
3.84442e+19	6.8962e+03	1.686e-21	2.7826e+01	2.7924e+01	1.6011e-16	6.7907e-04	9.9932e-01	9.7172e-01	2.8280e-02	1.3489e-18	6.1898e-20	4.7662e-05	4.8378e-01	5.1617e-01	3.4262e-06	5.5086e-04	9.9880e-01	6.4974e-04	1.1755e-36	1.1755e-36	1.1755e-36	3.6659e-29	0.00e+00	0.00e+00	2.7241e+00
3.85838e+19	6.8915e+03	1.679e-21	2.7826e+01	2.7851e+01	1.5745e-16	6.8443e-04	9.9932e-01	9.9226e-01	7.7433e-03	2.0692e-19	6.0901e-20	4.7795e-05	4.8501e-01	5.1494e-01	1.7199e-06	5.5593e-04	9.9921e-01	2.3476e-04	1.1755e-36	1.1755e-36	1.1755e-36	3.4721e-29	0.00e+00	0.00e+00	2.7430e+00
3.87651e+19	6.8959e+03	1.680e-21	2.7826e+01	2.7830e+01	1.5626e-16	6.9242e-04	9.9931e-01	9.9831e-01	1.6895e-03	2.1820e-20	6.0958e-20	4.8091e-05	4.8678e-01	5.1317e-01	7.0570e-07	5.6329e-04	9.9937e-01	6.6601e-05	1.1755e-36	1.1755e-36	1.1755e-36	3.3977e-29	0.00e+00	0.00e+00	2.7680e+00
3.90009e+19	6.9056e+03	1.684e-21	2.7826e+01	2.7831e+01	1.5617e-16	7.0334e-04	9.9930e-01	9.9966e-01	3.4356e-04	1.8579e-21	6.1764e-20	4.8527e-05	4.8918e-01	5.1077e-01	2.2563e-07	5.7330e-04	9.9941e-01	1.4426e-05	1.1755e-36	1.1755e-36	1.1755e-36	3.3901e-29	0.00e+00	0.00e+00	2.8009e+00
3.93075e+19	6.9192e+03	1.692e-21	2.7826e+01	2.7841e+01	1.5783e-16	7.1804e-04	9.9928e-01	9.9990e-01	1.0250e-04	2.1897e-22	6.3575e-20	4.9110e-05	4.9238e-01	5.0757e-01	1.1755e-36	5.8680e-04	9.9941e-01	2.3247e-06	1.1755e-36	1.1755e-36	1.1755e-36	3.4664e-29	0.00e+00	0.00e+00	2.8446e+00
3.97060e+19	6.9372e+03	1.700e-21	2.7826e+01	2.7841e+01	1.6186e-16	7.3756e-04	9.9926e-01	9.9994e-01	6.1333e-05	6.2234e-23	6.6702e-20	4.9855e-05	4.9649e-01	5.0346e-01	1.1755e-36	6.0485e-04	9.9939e-01	2.6885e-07	1.1755e-36	1.1755e-36	1.1755e-36	3.6508e-29	0.00e+00	0.00e+00	2.9030e+00
4.02241e+19	6.9612e+03	1.712e-21	2.7826e+01	2.7841e+01	1.6663e-16	7.6426e-04	9.9924e-01	9.9995e-01	4.9901e-05	3.3026e-23	7.0763e-20	5.0835e-05	5.0194e-01	4.9801e-01	1.1755e-36	6.2970e-04	9.9937e-01	2.0702e-08	1.1755e-36	1.1755e-36	1.1755e-36	3.8722e-29	0.00e+00	0.00e+00	2.9816e+00
4.08975e+19	6.9930e+03	1.728e-21	2.7826e+01	2.7840e+01	1.7616e-16	8.0155e-04	9.9920e-01	9.9996e-01	4.2199e-05	2.0649e-23	7.7795e-20	5.2143e-05	5.0922e-01	4.9073e-01	1.1755e-36	6.6470e-04	9.9934e-01	9.3803e-10	1.1755e-36	1.1755e-36	1.1755e-36	4.3351e-29	0.00e+00	0.00e+00	3.0888e+00
4.17731e+19	7.0357e+03	1.749e-21	2.7826e+01	2.7838e+01	1.9201e-16	8.5513e-04	9.9914e-01	9.9997e-01	3.4969e-05	1.2219e-23	8.9290e-20	5.3913e-05	5.1907e-01	4.8088e-01	1.1755e-36	7.1554e-04	9.9928e-01	2.1071e-11	1.1755e-36	1.1755e-36	1.1755e-36	5.1560e-29	0.00e+00	0.00e+00	3.2375e+00
4.29112e+19	7.0936e+03	1.779e-21	2.7826e+01	2.7836e+01	2.2054e-16	9.3501e-04	9.9906e-01	9.9997e-01	2.7838e-05	6.3718e-24	1.0986e-19	5.6338e-05	5.3255e-01	4.6740e-01	1.1755e-36	7.9244e-04	9.9921e-01	1.8716e-13	1.1755e-36	1.1755e-36	1.1755e-36	6.8028e-29	0.00e+00	0.00e+00	3.4489e+00
4.43909e+19	7.1743e+03	1.822e-21	2.7826e+01	2.7832e+01	2.7599e-16	1.0606e-03	9.9894e-01	9.9998e-01	2.0648e-05	2.7718e-24	1.5094e-19	5.9707e-05	5.5133e-01	4.4861e-01	1.1755e-36	9.1574e-04	9.9908e-01	4.9315e-16	1.1755e-36	1.1755e-36	1.1755e-36	1.0637e-28	0.00e+00	0.00e+00	3.7606e+00
4.63144e+19	7.2853e+03	1.885e-21	2.7826e+01	2.7826e+01	4.0050e-16	1.2748e-03	9.9873e-01	9.9999e-01	1.3574e-05	9.3350e-25	2.4884e-19	6.4523e-05	5.7830e-01	4.2163e-01	1.1755e-36	1.1319e-03	9.9887e-01	3.3978e-19	1.1755e-36	1.1755e-36	1.1755e-36	2.2126e-28	0.00e+00	0.00e+00	4.2476e+00
4.82560e+19	7.4203e+03	1.967e-21	2.7826e+01	2.7817e+01	6.3937e-16	1.5958e-03	9.9840e-01	9.9999e-01	8.1515e-06	2.9927e-25	4.5967e-19	6.9908e-05	6.0869e-01	3.9124e-01	1.1755e-36	1.4663e-03	9.9853e-01	4.0075e-20	1.1755e-36	1.1755e-36	1.1755e-36	5.5236e-28	0.00e+00	0.00e+00	4.7266e+00
4.96157e+19	7.5300e+03	2.038e-21	2.7826e+01	2.7807e+01	9.6056e-16	1.9402e-03	9.9806e-01	9.9999e-01	5.5259e-06	1.3465e-25	7.7699e-19	7.4247e-05	6.3357e-01	3.6635e-01	1.1755e-36	1.8360e-03	9.9816e-01	2.6567e-20	1.1755e-36	1.1755e-36	1.1755e-36	1.2070e-27	0.00e+00	0.00e+00	5.0711e+00
5.04517e+19	7.5960e+03	2.089e-21	2.7826e+01	2.7800e+01	1.2704e-15	2.2319e-03	9.9777e-01	1.0000e+00	4.5012e-06	1.1755e-36	1.1097e-18	7.7366e-05	6.5111e-01	3.4881e-01	1.1755e-36	2.1557e-03	9.9784e-01	2.1642e-20	1.1755e-36	1.1755e-36	1.1755e-36	2.0254e-27	0.00e+00	0.00e+00	5.3305e+00
5.10851e+19	7.6529e+03	2.129e-21	2.7826e+01	2.7791e+01	1.6343e-15	2.5052e-03	9.9749e-01	1.0000e+00	3.6327e-06	1.1755e-36	1.5217e-18	7.9686e-05	6.6558e-01	3.3434e-01	1.1755e-36	2.4604e-03	9.9754e-01	2.5729e-20	1.1755e-36	1.1755e-36	1.1755e-36	3.2499e-27	0.00e+00	0.00e+00	5.5969e+00
5.17811e+19	7.7077e+03	2.175e-21	2.7826e+01	2.7781e+01	2.1876e-15	2.8772e-03	9.9712e-01	1.0000e+00	2.9461e-06	1.1755e-36	2.1840e-18	8.2602e-05	6.8315e-01	3.1676e-01	1.1755e-36	2.8807e-03	9.9712e-01	2.6700e-20	1.1755e-36	1.1755e-36	1.1755e-36	5.5139e-27	0.00e+00	0.00e+00	5.9946e+00
5.25191e+19	7.7706e+03	2.231e-21	2.7826e+01	2.7766e+01	3.0883e-15	3.3984e-03	9.9660e-01	1.0000e+00	2.2606e-06	1.1755e-36	3.3344e-18	8.5847e-05	7.0311e-01	2.9681e-01	1.1755e-36	3.4780e-03	9.9652e-01	1.7048e-20	1.1755e-36	1.1755e-36	1.1755e-36	1.0228e-26	0.00e+00	0.00e+00	6.4061e+00
5.31033e+19	7.8180e+03	2.283e-21	2.7826e+01	2.7752e+01	4.2379e-15	3.9666e-03	9.9603e-01	1.0000e+00	1.8232e-06	1.1755e-36	4.8757e-18	8.8705e-05	7.2080e-01	2.7911e-01	1.1755e-36	4.1375e-03	9.9586e-01	1.8828e-20	1.1755e-36	1.1755e-36	1.1755e-36	1.7732e-26	0.00e+00	0.00e+00	6.7400e+00
5.35206e+19	7.8526e+03	2.322e-21	2.7826e+01	2.7735e+01	5.4754e-15	4.4946e-03	9.9551e-01	1.0000e+00	1.5571e-06	1.1755e-36	6.6083e-18	9.0873e-05	7.3476e-01	2.6515e-01	1.1755e-36	4.7569e-03	9.9524e-01	3.0662e-20	1.1755e-36	1.1755e-36	1.1755e-36	2.7530e-26	0.00e+00	0.00e+00	7.0207e+00
5.38627e+19	7.8894e+03	2.355e-21	2.7826e+01	2.7719e+01	6.8366e-15	5.0242e-03	9.9498e-01	1.0000e+00	1.3681e-06	1.1755e-36	8.6340e-18	9.2754e-05	7.4705e-01	2.5286e-01	1.1755e-36	5.3838e-03	9.9462e-01	4.5407e-20	1.1755e-36	1.1755e-36	1.1755e-36	4.0495e-26	0.00e+00	0.00e+00	7.3108e+00
5.42407e+19	7.9011e+03	2.398e-21	2.7826e+01	2.7699e+01	9.1328e-15	5.7630e-03	9.9424e-01	1.0000e+00	1.1783e-06	1.1755e-36	1.1961e-17	9.5119e-05	7.6220e-01	2.3770e-01	1.1755e-36	6.2622e-03	9.9374e-01	4.5257e-20	1.1755e-36	1.1755e-36	1.1755e-36	6.4565e-26	0.00e+00	0.00e+00	7.7435e+00
5.46319e+19	7.9185e+03	2.447e-21	2.7826e+01	2.7680e+01	1.2703e-14	6.7677e-03	9.9323e-01	1.0000e+00	9.7426e-07	1.1755e-36	1.7346e-17	9.7787e-05	7.7883e-01	2.2107e-01	1.1755e-36	7.4658e-03	9.9253e-01	2.7143e-20	1.1755e-36	1.1755e-36	1.1755e-36	1.0984e-25	0.00e+00	0.00e+00	8.1658e+00
5.49324e+19	7.9315e+03	2.488e-21	2.7826e+01	2.7654e+01	1.7079e-14	7.8097e-03	9.9219e-01	1.0000e+00	8.3186e-07	1.1755e-36	2.4113e-17	9.9867e-05	7.9289e-01	2.0701e-01	1.1755e-36	8.7222e-03	9.9128e-01	2.7600e-20	1.1755e-36	1.1755e-36	1.1755e-36	1.7627e-25	0.00e+00	0.00e+00	8.5031e+00
5.51525e+19	7.9357e+03	2.521e-21	2.7826e+01	2.7625e+01	2.1840e-14	8.7870e-03	9.9121e-01	1.0000e+00	7.4173e-07	1.1755e-36	3.1541e-17	1.0149e-04	8.0414e-01	1.9576e-01	1.1755e-36	9.9057e-03	9.9009e-01	3.0562e-20	1.1755e-36	1.1755e-36	1.1755e-36	2.5910e-25	0.00e+00	0.00e+00	8.8032e+00
5.53462e+19	7.9374e+03	2.550e-21	2.7826e+01	2.7590e+01	2.7688e-14	9.8422e-03	9.9016e-01	1.0000e+00	6.6521e-07	1.1755e-36	4.0773e-17	1.0294e-04	8.1473e-01	1.8517e-01	1.1755e-36	1.1188e-02	9.8881e-01	2.9410e-20	1.1755e-36	1.1755e-36	1.1755e-36	3.7444e-25	0.00e+00	0.00e+00	9.1369e+00
5.55681e+19	7.9287e+03	2.587e-21	2.7826e+01	2.7543e+01	3.7531e-14	1.1361e-02	9.8864e-01	1.0000e+00	5.8418e-07	1.1755e-36	5.6252e-17	1.0481e-04	8.2785e-01	1.7205e-01	1.1755e-36	1.3040e-02	9.8696e-01	2.4144e-20	1.1755e-36	1.1755e-36	1.1755e-36	5.9347e-25	0.00e+00	0.00e+00	9.6375e+00
5.57979e+19	7.9114e+03	2.630e-21	2.7826e+01	2.7484e+01	5.3972e-14	1.3477e-02	9.8652e-01	1.0000e+00	4.8738e-07	1.1755e-36	8.2054e-17	1.0684e-04	8.4230e-01	1.5759e-01	1.1755e-36	1.5627e-02	9.8437e-01	1.6424e-20	1.1755e-36	1.1755e-36	1.1755e-36	1.0195e-24	0.00e+00	0.00e+00	1.0132e+01
5.59770e+19	7.8879e+03	2.668e-21	2.7826e+01	2.7420e+01	7.5583e-14	1.5769e-02	9.8423e-01	1.0000e+00	4.2077e-07	1.1755e-36	1.1566e-16	1.0855e-04	8.5476e-01	1.4513e-01	1.1755e-36	1.8435e-02	9.8157e-01	1.2660e-20	1.1755e-36	1.1755e-36	1.1755e-36	1.6681e-24	0.00e+00	0.00e+00	1.0546e+01
5.61144e+19	7.8602e+03	2.700e-21	2.7826e+01	2.7363e+01	1.0193e-13	1.8100e-02	9.8190e-01	1.0000e+00	3.7538e-07	1.1755e-36	1.5605e-16	1.0999e-04	8.6524e-01	1.3465e-01	1.1755e-36	2.1295e-02	9.7871e-01	1.0044e-20	1.1755e-36	1.1755e-36	1.1755e-36	2.5642e-24	0.00e+00	0.00e+00	1.0945e+01
5.62585e+19	7.8285e+03	2.730e-21	2.7826e+01	2.7266e+01	1.4415e-13	2.1239e-02	9.7876e-01	1.0000e+00	3.3193e-07	1.1755e-36	2.2040e-16	1.1145e-04	8.7695e-01	1.2294e-01	1.1755e-36	2.5152e-02	9.7485e-01	7.6280e-21	1.1755e-36	1.1755e-36	1.1755e-36	4.2111e-24	0.00e+00	0.00e+00	1.1552e+01
5.64175e+19	7.7605e+03	2.771e-21	2.7826e+01	2.7131e+01	2.2889e-13	2.6122e-02	9.7388e-01	1.0000e+00	2.7254e-07	1.1755e-36	3.4291e-16	1.1318e-04	8.9082e-01	1.0906e-01	1.1755e-36	3.1154e-02	9.6885e-01	4.7085e-21	1.1755e-36	1.1755e-36	1.1755e-36	7.9444e-24	0.00e+00	0.00e+00	1.2265e+01
5.65520e+19	7.6936e+03	2.805e-21	2.7826e+01	2.6958e+01	3.6787e-13	3.2338e-02	9.6766e-01	1.0000e+00	2.2406e-07	1.1755e-36	5.3818e-16	1.1459e-04	9.0373e-01	9.6159e-02	1.1755e-36	3.8791e-02	9.6121e-01	2.9985e-21	1.1755e-36	1.1755e-36	1.1755e-36	1.5210e-23	0.00e+00	0.00e+00	1.2910e+01
5.66498e+19	7.6293e+03	2.830e-21	2.7826e+01	2.6798e+01	5.6079e-13	3.9038e-02	9.6096e-01	1.0000e+00	1.9171e-07	1.1755e-36	7.9888e-16	1.1563e-04	9.1416e-01	8.5722e-02	1.1755e-36	4.7011e-02	9.5299e-01	2.0829e-21	1.1755e-36	1.1755e-36	1.1755e-36	2.6914e-23	0.00e+00	0.00e+00	1.3474e+01
5.67259e+19	7.5706e+03	2.845e-21	2.7826e+01	2.6635e+01	8.2068e-13	4.6259e-02	9.5374e-01	1.0000e+00	1.6772e-07	1.1755e-36	1.1383e-15	1.1643e-04	9.2289e-01	7.6993e-02	1.1755e-36	5.5852e-02	9.4415e-01	1.5551e-21	1.1755e-36	1.1755e-36	1.1755e-36	4.4942e-23	0.00e+00	0.00e+00	1.4043e+01
5.67958e+19	7.5013e+03	2.851e-21	2.7826e+01	2.6416e+01	1.2296e-12	5.5263e-02	9.4474e-01	1.0000e+00	1.4530e-07	1.1755e-36	1.6448e-15	1.1693e-04	9.3135e-01	6.8537e-02	1.1755e-36	6.6847e-02	9.3315e-01	1.1709e-21	1.1755e-36	1.1755e-36	1.1755e-36	7.6594e-23	0.00e+00	0.00e+00	1.4719e+01
5.68648e+19	7.4298e+03	2.835e-21	2.7826e+01	2.6046e+01	1.9321e-12	6.7500e-02	9.3250e-01	1.0000e+00	1.2234e-07	1.1755e-36	2.4742e-15	1.1673e-04	9.3995e-01	5.9936e-02	1.1755e-36	8.1732e-02	9.1827e-01	8.9052e-22	1.1755e-36	1.1755e-36	1.1755e-36	1.3836e-22	0.00e+00	0.00e+00	1.5531e+01
5.69298e+19	7.3506e+03	2.792e-21	2.7826e+01	2.5516e+01	3.1868e-12	8.4159e-02	9.1584e-01	1.0000e+00	1.0012e-07	1.1755e-36	3.8608e-15	1.1584e-04	9.4842e-01	5.1467e-02	1.1755e-36	1.0187e-01	8.9813e-01	6.7773e-22	1.1755e-36	1.1755e-36	1.1755e-36	2.6367e-22	0.00e+00	0.00e+00	1.6440e+01
5.69851e+19	7.2654e+03	2.730e-21	2.7826e+01	2.4925e+01	5.3452e-12	1.0554e-01	8.9446e-01	1.0000e+00	8.1326e-08	1.1755e-36	6.0779e-15	1.1450e-04	9.5616e-01	4.3725e-02	1.1755e-36	1.2750e-01	8.7250e-01	5.2091e-22	1.1755e-36	1.1755e-36	1.1755e-36	5.0990e-22	0.00e+00	0.00e+00	1.7351e+01
5.70284e+19	7.1809e+03	2.643e-21	2.7826e+01	2.4237e+01	8.6685e-12	1.3008e-01	8.6992e-01	1.0000e+00	6.7069e-08	1.1755e-36	9.1908e-15	1.1246e-04	9.6252e-01	3.7367e-02	1.1755e-36	1.5660e-01	8.4340e-01	4.1072e-22	1.1755e-36	1.1755e-36	1.1755e-36	9.2950e-22	0.00e+00	0.00e+00	1.8205e+01
5.70622e+19	7.0945e+03	2.539e-21	2.7826e+01	2.3490e+01	1.3493e-11	1.5687e-01	8.4313e-01	1.0000e+00	5.6557e-08	1.1755e-36	1.3250e-14	1.0994e-04	9.6766e-01	3.2232e-02	1.1755e-36	1.8800e-01	8.1200e-01	3.3136e-22	1.1755e-36	1.1755e-36	1.1755e-36	1.5788e-21	0.00e+00	0.00e+00	1.9038e+01
5.70906e+19	6.9980e+03	2.414e-21	2.7826e+01	2.2650e+01	2.0720e-11	1.8706e-01	8.1294e-01	1.0000e+00	4.7911e-08	1.1755e-36	1.8599e-14	1.0686e-04	9.7205e-01	2.7842e-02	1.1755e-36	2.2293e-01	7.7707e-01	2.6942e-22	1.1755e-36	1.1755e-36	1.1755e-36	2.5739e-21	0.00e+00	0.00e+00	1.9915e+01
5.71161e+19	6.8830e+03	2.262e-21	2.7826e+01	2.1664e+01	3.2200e-11	2.2262e-01	7.7738e-01	1.0000e+00	4.0307e-08	1.1755e-36	2.5857e-14	1.0304e-04	9.7601e-01	2.3890e-02	1.1755e-36	2.6343e-01	7.3657e-01	2.1793e-22	1.1755e-36	1.1755e-36	1.1755e-36	4.1242e-21	0.00e+00	0.00e+00	2.0868e+01
5.71390e+19	6.7437e+03	2.085e-21	2.7826e+01	2.0509e+01	5.0707e-11	2.6384e-01	7.3616e-01	1.0000e+00	3.3614e-08	1.1755e-36	3.5406e-14	9.8373e-05	9.7953e-01	2.0375e-02	1.1755e-36	3.0957e-01	6.9043e-01	1.7537e-22	1.1755e-36	1.1755e-36	1.1755e-36	6.4289e-21	0.00e+00	0.00e+00	2.1860e+01
5.71573e+19	6.5971e+03	1.910e-21	2.7826e+01	1.9353e+01	7.6779e-11	3.0531e-01	6.9469e-01	1.0000e+00	2.8094e-08	1.1755e-36	4.6081e-14	9.3542e-05	9.8231e-01	1.7599e-02	1.1755e-36	3.5512e-01	6.4488e-01	1.4393e-22	1.1755e-36	1.1755e-36	1.1755e-36	9.2720e-21	0.00e+00	0.00e+00	2.2675e+01
5.71700e+19	6.4654e+03	1.770e-21	2.7826e+01	1.8416e+01	1.0627e-10	3.3962e-01	6.6038e-01	1.0000e+00	2.4799e-08	1.1755e-36	5.5615e-14	8.9543e-05	9.8422e-01	1.5694e-02	1.1755e-36	3.9215e-01	6.0785e-01	1.2367e-22	1.1755e-36	1.1755e-36	1.1755e-36	1.1983e-20	0.00e+00	0.00e+00	2.3283e+01
5.71791e+19	6.3529e+03	1.659e-21	2.7826e+01	1.7642e+01	1.3669e-10	3.6684e-01	6.3316e-01	1.0000e+00	2.2887e-08	1.1755e-36	6.3447e-14	8.6205e-05	9.8554e-01	1.4374e-02	1.1755e-36	4.2113e-01	5.7887e-01	1.1026e-22	1.1755e-36	1.1755e-36	1.1755e-36	1.4269e-20	0.00e+00	0.00e+00	2.3798e+01
5.71867e+19	6.2431e+03	1.559e-21	2.7826e+01	1.6945e+01	1.7175e-10	3.9184e-01	6.0816e-01	1.0000e+00	2.1227e-08	1.1755e-36	7.0882e-14	8.3179e-05	9.8664e-01	1.3282e-02	1.1755e-36	4.4744e-01	5.5256e-01	9.9582e-23	1.1755e-36	1.1755e-36	1.1755e-36	1.6481e-20	0.00e+00	0.00e+00	2.4301e+01
5.71939e+19	6.1254e+03	1.461e-21	2.7826e+01	1.6240e+01	2.1616e-10	4.1710e-01	5.8290e-01	1.0000e+00	1.9611e-08	1.1755e-36	7.8550e-14	8.0099e-05	9.8764e-01	1.2277e-02	1.1755e-36	4.7373e-01	5.2627e-01	9.0089e-23	1.1755e-36	1.1755e-36	1.1755e-36	1.8773e-20	0.00e+00	0.00e+00	2.4821e+01
5.72008e+19	6.0002e+03	1.365e-21	2.7826e+01	1.5531e+01	2.7246e-10	4.4248e-01	5.5752e-01	1.0000e+00	1.8023e-08	1.1755e-36	8.6360e-14	7.6979e-05	9.8857e-01	1.1353e-02	1.1755e-36	4.9984e-01	5.0016e-01	8.1653e-23	1.1755e-36	1.1755e-36	1.1755e-36	2.1098e-20	0.00e+00	0.00e+00	2.5329e+01
5.72069e+19	5.8720e+03	1.276e-21	2.7826e+01	1.4863e+01	3.4089e-10	4.6665e-01	5.3335e-01	1.0000e+00	1.6655e-08	1.1755e-36	9.3900e-14	7.4045e-05	9.8938e-01	1.0542e-02	1.1755e-36	5.2444e-01	4.7556e-01	7.4492e-23	1.1755e-36	1.1755e-36	1.1755e-36	2.3320e-20	0.00e+00	0.00e+00	2.5798e+01
5.72123e+19	5.7476e+03	1.197e-21	2.7826e+01	1.4243e+01	4.1999e-10	4.8891e-01	5.1109e-01	1.0000e+00	1.5555e-08	1.1755e-36	1.0086e-13	7.1297e-05	9.9008e-01	9.8464e-03	1.1755e-36	5.4688e-01	4.5312e-01	6.8529e-23	1.1755e-36	1.1755e-36	1.1755e-36	2.5329e-20	0.00e+00	0.00e+00	2.6236e+01
5.72172e+19	5.6238e+03	1.124e-21	2.7826e+01	1.3661e+01	5.1278e-10	5.0981e-01	4.9019e-01	1.0000e+00	1.4599e-08	1.1755e-36	1.0742e-13	6.8710e-05	9.9070e-01	9.2339e-03	1.1755e-36	5.6775e-01	4.3225e-01	6.3413e-23	1.1755e-36	1.1755e-36	1.1755e-36	2.7179e-20	0.00e+00	0.00e+00	2.6655e+01
5.72217e+19	5.4971e+03	1.056e-21	2.7826e+01	1.3103e+01	6.2403e-10	5.2989e-01	4.7011e-01	1.0000e+00	1.3728e-08	1.1755e-36	1.1373e-13	6.6226e-05	9.9125e-01	8.6791e-03	1.1755e-36	5.8762e-01	4.1238e-01	5.8896e-23	1.1755e-36	1.1755e-36	1.1755e-36	2.8916e-20	0.00e+00	0.00e+00	2.7065e+01
5.72253e+19	5.3949e+03	1.004e-21	2.7826e+01	1.2663e+01	7.2828e-10	5.4568e-01	4.5432e-01	1.0000e+00	1.2892e-08	1.1755e-36	1.1870e-13	6.4253e-05	9.9167e-01	8.2608e-03	1.1755e-36	6.0313e-01	3.9687e-01	5.5573e-23	1.1755e-36	1.1755e-36	1.1755e-36	3.0259e-20	0.00e+00	0.00e+00	2.7338e+01
5.72279e+19	5.3152e+03	9.661e-22	2.7826e+01	1.2338e+01	8.1823e-10	5.5733e-01	4.4267e-01	1.0000e+00	1.2570e-08	1.1755e-36	1.2237e-13	6.2795e-05	9.9197e-01	7.9644e-03	1.1755e-36	6.1451e-01	3.8549e-01	5.3250e-23	1.1755e-36	1.1755e-36	1.1755e-36	3.1234e-20	0.00e+00	0.00e+00	2.7564e+01
5.72303e+19	5.2326e+03	9.299e-22	2.7826e+01	1.2022e+01	9.1981e-10	5.6878e-01	4.3122e-01	1.0000e+00	1.2223e-08	1.1755e-36	1.2602e-13	6.1392e-05	9.9225e-01	7.6839e-03	1.1755e-36	6.2562e-01	3.7438e-01	5.1076e-23	1.1755e-36	1.1755e-36	1.1755e-36	3.2203e-20	0.00e+00	0.00e+00	2.7815e+01
5.72330e+19	5.1419e+03	8.907e-22	2.7826e+01	1.1678e+01	1.0439e-09	5.8140e-01	4.1860e-01	1.0000e+00	1.1746e-08	1.1755e-36	1.3011e-13	5.9851e-05	9.9256e-01	7.3828e-03	1.1755e-36	6.3783e-01	3.6217e-01	4.8755e-23	1.1755e-36	1.1755e-36	1.1755e-36	3.3302e-20	0.00e+00	0.00e+00	2.8098e+01
5.72357e+19	5.0389e+03	8.503e-22	2.7826e+01	1.1306e+01	1.1962e-09	5.9452e-01	4.0548e-01	1.0000e+00	1.1226e-08	1.1755e-36	1.3429e-13	5.8207e-05	9.9286e-01	7.0814e-03	1.1755e-36	6.5044e-01	3.4956e-01	4.6481e-23	1.1755e-36	1.1755e-36	1.1755e-36	3.4377e-20	0.00e+00	0.00e+00	2.8384e+01
5.72384e+19	4.9341e+03	8.120e-22	2.7826e+01	1.0950e+01	1.3645e-09	6.0746e-01	3.9254e-01	1.0000e+00	1.0744e-08	1.1755e-36	1.3832e-13	5.6632e-05	9.9316e-01	6.7831e-03	1.1755e-36	6.6283e-01	3.3717e-01	4.4326e-23	1.1755e-36	1.1755e-36	1.1755e-36	3.5330e-20	0.00e+00	0.00e+00	2.8662e+01
5.72409e+19	4.8297e+03	7.760e-22	2.7826e+01	1.0605e+01	1.5434e-09	6.1981e-01	3.8019e-01	1.0000e+00	1.0314e-08	1.1755e-36	1.4193e-13	5.5107e-05	9.9344e-01	6.5013e-03	1.1755e-36	6.7459e-01	3.2541e-01	4.2361e-23	1.1755e-36	1.1755e-36	1.1755e-36	3.6041e-20	0.00e+00	0.00e+00	2.8932e+01
5.72434e+19	4.7228e+03	7.415e-22	2.7826e+01	1.0269e+01	1.7379e-09	6.3196e-01	3.6804e-01	1.0000e+00	9.9118e-09	1.1755e-36	1.4541e-13	5.3635e-05	9.9372e-01	6.2311e-03	1.1755e-36	6.8610e-01	3.1390e-01	4.0506e-23	1.1755e-36	1.1755e-36	1.1755e-36	3.6659e-20	0.00e+00	0.00e+00	2.9203e+01
5.72458e+19	4.6194e+03	7.077e-22	2.7826e+01	9.9328e+00	1.9348e-09	6.4369e-01	3.5631e-01	1.0000e+00	9.5273e-09	1.1755e-36	1.4851e-13	5.2140e-05	9.9397e-01	5.9765e-03	1.1755e-36	6.9715e-01	3.0285e-01	3.8768e-23	1.1755e-36	1.1755e-36	1.1755e-36	3.7058e-20	0.00e+00	0.00e+00	2.9476e+01
5.72483e+19	4.5050e+03	6.747e-22	2.7826e+01	9.5969e+00	2.1555e-09	6.5577e-01	3.4423e-01	1.0000e+00	9.1436e-09	1.1755e-36	1.5162e-13	5.0681e-05	9.9423e-01	5.7205e-03	1.1755e-36	7.0849e-01	2.9151e-01	3.7058e-23	1.1755e-36	1.1755e-36	1.1755e-36	3.7364e-20	0.00e+00	0.00e+00	2.9757e+01
5.72507e+19	4.3886e+03	6.429e-22	2.7826e+01	9.2658e+00	2.3780e-09	6.6767e-01	3.3233e-01	1.0000e+00	8.7573e-09	1.1755e-36	1.5447e-13	4.9252e-05	9.9448e-01	5.4739e-03	1.1755e-36	7.1960e-01	2.8040e-01	3.5431e-23	1.1755e-36	1.1755e-36	1.1755e-36	3.7459e-20	0.00e+00	0.00e+00	3.0033e+01
5.72530e+19	4.2719e+03	6.128e-22	2.7826e+01	8.9454e+00	2.5915e-09	6.7919e-01	3.2081e-01	1.0000e+00	8.4050e-09	1.1755e-36	1.5696e-13	4.7883e-05	9.9471e-01	5.2407e-03	1.1755e-36	7.3031e-01	2.6969e-01	3.3909e-23	1.1755e-36	1.1755e-36	1.1755e-36	3.7311e-20	0.00e+00	0.00e+00	3.0305e+01
5.72552e+19	4.1506e+03	5.842e-22	2.7826e+01	8.6325e+00	2.7949e-09	6.9053e-01	3.0947e-01	1.0000e+00	8.0692e-09	1.1755e-36	1.5914e-13	4.6575e-05	9.9494e-01	5.0162e-03	1.1755e-36	7.4081e-01	2.5919e-01	3.2465e-23	1.1755e-36	1.1755e-36	1.1755e-36	3.6904e-20	0.00e+00	0.00e+00	3.0575e+01
5.72574e+19	4.0313e+03	5.568e-22	2.7826e+01	8.3273e+00	2.9700e-09	7.0150e-01	2.9850e-01	1.0000e+00	7.7479e-09	1.1755e-36	1.6091e-13	4.5307e-05	9.9515e-01	4.8038e-03	1.1755e-36	7.5092e-01	2.4908e-01	3.1103e-23	1.1755e-36	1.1755e-36	1.1755e-36	3.6218e-20	0.00e+00	0.00e+00	3.0843e+01
5.72596e+19	3.9101e+03	5.305e-22	2.7826e+01	8.0275e+00	3.1169e-09	7.1228e-01	2.8772e-01	1.0000e+00	7.4430e-09	1.1755e-36	1.6234e-13	4.4083e-05	9.9536e-01	4.5997e-03	1.1755e-36	7.6081e-01	2.3919e-01	2.9800e-23	1.1755e-36	1.1755e-36	1.1755e-36	3.5260e-20	0.00e+00	0.00e+00	3.1113e+01
###########################
1.99901e+14	5.9392e+03	2.532e-21	2.7826e+01	3.0255e+01	1.1326e-16	2.8577e-04	9.9971e-01	2.0855e-03	9.9069e-01	7.2211e-03	2.4252e-22	2.5977e-06	3.7140e-02	9.5896e-01	3.9006e-03	2.2182e-05	1.3415e-01	8.6228e-01	3.5451e-03	1.1755e-36	1.1755e-36	1.6091e-30	0.00e+00	0.00e+00	2.0068e-05
1.19941e+15	5.9370e+03	2.533e-21	2.7826e+01	3.0254e+01	1.1327e-16	2.8581e-04	9.9971e-01	2.0857e-03	9.9070e-01	7.2138e-03	2.4213e-22	2.5902e-06	3.7168e-02	9.5892e-01	3.9053e-03	2.2177e-05	1.3410e-01	8.6235e-01	3.5321e-03	1.1755e-36	1.1755e-36	1.6013e-30	0.00e+00	0.00e+00	1.0035e-04
5.19742e+15	5.9372e+03	2.532e-21	2.7826e+01	3.0254e+01	1.1325e-16	2.8580e-04	9.9971e-01	2.0856e-03	9.9075e-01	7.1677e-03	2.4227e-22	2.5956e-06	3.7208e-02	9.5889e-01	3.8987e-03	2.2169e-05	1.3403e-01	8.6246e-01	3.4800e-03	1.1755e-36	1.1755e-36	1.6005e-30	0.00e+00	0.00e+00	4.2149e-04
2.11895e+16	5.9328e+03	2.531e-21	2.7826e+01	3.0253e+01	1.1126e-16	2.8590e-04	9.9971e-01	2.0871e-03	9.9099e-01	6.9218e-03	2.3737e-22	2.6096e-06	3.7267e-02	9.5886e-01	3.8739e-03	2.2184e-05	1.3403e-01	8.6267e-01	3.2796e-03	1.1755e-36	1.1755e-36	1.5279e-30	0.00e+00	0.00e+00	1.7065e-03
5.06149e+16	5.9250e+03	2.527e-21	2.7826e+01	3.0253e+01	1.1225e-16	2.8540e-04	9.9971e-01	2.0863e-03	9.9114e-01	6.7739e-03	2.3743e-22	2.6152e-06	3.7267e-02	9.5888e-01	3.8551e-03	2.2121e-05	1.3379e-01	8.6319e-01	3.0047e-03	1.1755e-36	1.1755e-36	1.5335e-30	0.00e+00	0.00e+00	3.3740e-03
8.88679e+16	5.9158e+03	2.523e-21	2.7826e+01	3.0252e+01	1.1379e-16	2.8495e-04	9.9972e-01	2.0866e-03	9.9153e-01	6.3815e-03	2.3864e-22	2.6232e-06	3.7271e-02	9.5891e-01	3.8158e-03	2.2088e-05	1.3367e-01	8.6364e-01	2.6744e-03	1.1755e-36	1.1755e-36	1.5515e-30	0.00e+00	0.00e+00	5.5384e-03
1.38597e+17	5.9024e+03	2.518e-21	2.7826e+01	3.0251e+01	1.1541e-16	2.8457e-04	9.9972e-01	2.0884e-03	9.9216e-01	5.7555e-03	2.3942e-22	2.6335e-06	3.7291e-02	9.5895e-01	3.7565e-03	2.2086e-05	1.3368e-01	8.6400e-01	2.2923e-03	1.1755e-36	1.1755e-36	1.5594e-30	0.00e+00	0.00e+00	8.3484e-03
2.03244e+17	5.8950e+03	2.510e-21	2.7826e+01	3.0249e+01	1.1584e-16	2.8387e-04	9.9972e-01	2.0891e-03	9.9300e-01	4.9150e-03	2.3904e-22	2.6288e-06	3.7289e-02	9.5903e-01	3.6834e-03	2.2082e-05	1.3376e-01	8.6435e-01	1.8704e-03	1.1755e-36	1.1755e-36	1.5555e-30	0.00e+00	0.00e+00	1.1992e-02
2.87286e+17	5.8785e+03	2.503e-21	2.7826e+01	3.0247e+01	1.1649e-16	2.8336e-04	9.9972e-01	2.0923e-03	9.9401e-01	3.9011e-03	2.3787e-22	2.6393e-06	3.7325e-02	9.5908e-01	3.5908e-03	2.2144e-05	1.3413e-01	8.6442e-01	1.4307e-03	1.1755e-36	1.1755e-36	1.5313e-30	0.00e+00	0.00e+00	1.6721e-02
3.96541e+17	5.8601e+03	2.494e-21	2.7826e+01	3.0244e+01	1.1791e-16	2.8278e-04	9.9972e-01	2.0963e-03	9.9508e-01	2.8208e-03	2.3846e-22	2.6474e-06	3.7375e-02	9.5913e-01	3.4891e-03	2.2256e-05	1.3476e-01	8.6421e-01	1.0069e-03	1.1755e-36	1.1755e-36	1.5260e-30	0.00e+00	0.00e+00	2.2855e-02
5.38572e+17	5.8384e+03	2.483e-21	2.7826e+01	3.0242e+01	1.1837e-16	2.8218e-04	9.9972e-01	2.1014e-03	9.9609e-01	1.8123e-03	2.3704e-22	2.6544e-06	3.7449e-02	9.5916e-01	3.3857e-03	2.2430e-05	1.3569e-01	8.6365e-01	6.3696e-04	1.1755e-36	1.1755e-36	1.4882e-30	0.00e+00	0.00e+00	3.0813e-02
7.23212e+17	5.8129e+03	2.470e-21	2.7826e+01	3.0240e+01	1.1951e-16	2.8157e-04	9.9972e-01	2.1075e-03	9.9689e-01	1.0052e-03	2.3688e-22	2.6622e-06	3.7553e-02	9.5916e-01	3.2878e-03	2.2667e-05	1.3690e-01	8.6273e-01	3.5227e-04	1.1755e-36	1.1755e-36	1.4605e-30	0.00e+00	0.00e+00	4.1137e-02
9.63244e+17	5.7837e+03	2.455e-21	2.7826e+01	3.0238e+01	1.2124e-16	2.8098e-04	9.9972e-01	2.1152e-03	9.9742e-01	4.6590e-04	2.3769e-22	2.6753e-06	3.7691e-02	9.5911e-01	3.1977e-03	2.2967e-05	1.3835e-01	8.6146e-01	1.6489e-04	1.1755e-36	1.1755e-36	1.4391e-30	0.00e+00	0.00e+00	5.4529e-02
1.27529e+18	5.7466e+03	2.438e-21	2.7826e+01	3.0237e+01	1.2366e-16	2.8059e-04	9.9972e-01	2.1262e-03	9.9770e-01	1.7383e-04	2.3904e-22	2.6896e-06	3.7905e-02	9.5898e-01	3.1101e-03	2.3361e-05	1.4012e-01	8.5979e-01	6.2991e-05	1.1755e-36	1.1755e-36	1.4129e-30	0.00e+00	0.00e+00	7.1915e-02
1.68094e+18	5.7029e+03	2.419e-21	2.7826e+01	3.0236e+01	1.2648e-16	2.8043e-04	9.9972e-01	2.1417e-03	9.9781e-01	5.0225e-05	2.4070e-22	2.7109e-06	3.8206e-02	9.5877e-01	3.0170e-03	2.3875e-05	1.4230e-01	8.5765e-01	1.8931e-05	1.1755e-36	1.1755e-36	1.3776e-30	0.00e+00	0.00e+00	9.4503e-02
2.20829e+18	5.6526e+03	2.397e-21	2.7826e+01	3.0236e+01	1.3083e-16	2.8063e-04	9.9972e-01	2.1636e-03	9.9783e-01	1.0877e-05	2.4513e-22	2.7421e-06	3.8626e-02	9.5846e-01	2.9095e-03	2.4555e-05	1.4505e-01	8.5492e-01	4.3479e-06	1.1755e-36	1.1755e-36	1.3579e-30	0.00e+00	0.00e+00	1.2389e-01
2.89385e+18	5.5960e+03	2.372e-21	2.7826e+01	3.0236e+01	1.3330e-16	2.8139e-04	9.9972e-01	2.1950e-03	9.9780e-01	1.7532e-06	2.4634e-22	2.7884e-06	3.9214e-02	9.5800e-01	2.7800e-03	2.5476e-05	1.4861e-01	8.5137e-01	7.5949e-07	1.1755e-36	1.1755e-36	1.2800e-30	0.00e+00	0.00e+00	1.6219e-01
3.78507e+18	5.5340e+03	2.343e-21	2.7826e+01	3.0236e+01	1.3882e-16	2.8304e-04	9.9972e-01	2.2399e-03	9.9776e-01	2.1961e-07	2.5458e-22	2.8565e-06	4.0039e-02	9.5734e-01	2.6226e-03	2.6741e-05	1.5328e-01	8.4669e-01	1.1755e-36	1.1755e-36	1.1755e-36	1.2499e-30	0.00e+00	0.00e+00	2.1228e-01
4.94366e+18	5.4688e+03	2.312e-21	2.7826e+01	3.0235e+01	1.4430e-16	2.8600e-04	9.9971e-01	2.3048e-03	9.9770e-01	2.3091e-08	2.6553e-22	2.9569e-06	4.1208e-02	9.5636e-01	2.4331e-03	2.8504e-05	1.5950e-01	8.4047e-01	1.1755e-36	1.1755e-36	1.1755e-36	1.2063e-30	0.00e+00	0.00e+00	2.7808e-01
6.44982e+18	5.4046e+03	2.277e-21	2.7826e+01	3.0235e+01	1.5255e-16	2.9098e-04	9.9971e-01	2.3999e-03	9.9760e-01	2.1117e-09	2.8760e-22	3.1068e-06	4.2887e-02	9.5490e-01	2.2078e-03	3.1019e-05	1.6794e-01	8.3203e-01	1.1755e-36	1.1755e-36	1.1755e-36	1.2078e-30	0.00e+00	0.00e+00	3.6510e-01
7.66619e+18	5.3109e+03	2.240e-21	2.7826e+01	3.0235e+01	1.5393e-16	2.9143e-04	9.9971e-01	2.4524e-03	9.9755e-01	3.5616e-10	2.7801e-22	3.1778e-06	4.3898e-02	9.5405e-01	2.0474e-03	3.2664e-05	1.7401e-01	8.2595e-01	1.1755e-36	1.1755e-36	1.1755e-36	1.0257e-30	0.00e+00	0.00e+00	4.0248e-01
8.43281e+18	5.2919e+03	2.227e-21	2.7826e+01	3.0234e+01	1.5778e-16	2.9448e-04	9.9971e-01	2.5075e-03	9.9749e-01	1.3835e-10	2.9203e-22	3.2659e-06	4.4854e-02	9.5319e-01	1.9497e-03	3.4091e-05	1.7856e-01	8.2141e-01	1.1755e-36	1.1755e-36	1.1755e-36	1.0448e-30	0.00e+00	0.00e+00	4.4402e-01
9.27609e+18	5.2760e+03	2.213e-21	2.7826e+01	3.0234e+01	1.5931e-16	2.9817e-04	9.9970e-01	2.5726e-03	9.9743e-01	5.2560e-11	3.0443e-22	3.3701e-06	4.5970e-02	9.5218e-01	1.8473e-03	3.5768e-05	1.8376e-01	8.1620e-01	1.1755e-36	1.1755e-36	1.1755e-36	1.0360e-30	0.00e+00	0.00e+00	4.9029e-01
1.02037e+19	5.2639e+03	2.199e-21	2.7826e+01	3.0233e+01	1.6058e-16	3.0257e-04	9.9970e-01	2.6497e-03	9.9735e-01	1.9532e-11	3.1997e-22	3.4937e-06	4.7276e-02	9.5098e-01	1.7401e-03	3.7748e-05	1.8975e-01	8.1021e-01	1.1755e-36	1.1755e-36	1.1755e-36	1.0322e-30	0.00e+00	0.00e+00	5.4194e-01
1.12241e+19	5.2568e+03	2.184e-21	2.7826e+01	3.0233e+01	1.6257e-16	3.0781e-04	9.9969e-01	2.7416e-03	9.9726e-01	7.1047e-12	3.4186e-22	3.6416e-06	4.8818e-02	9.4955e-01	1.6283e-03	4.0106e-05	1.9669e-01	8.0327e-01	1.1755e-36	1.1755e-36	1.1755e-36	1.0493e-30	0.00e+00	0.00e+00	5.9974e-01
1.23465e+19	5.2504e+03	2.171e-21	2.7826e+01	3.0232e+01	1.6920e-16	3.1431e-04	9.9969e-01	2.8541e-03	9.9715e-01	2.5316e-12	3.7948e-22	3.8232e-06	5.0685e-02	9.4780e-01	1.5107e-03	4.2998e-05	2.0494e-01	7.9502e-01	1.1755e-36	1.1755e-36	1.1755e-36	1.1330e-30	0.00e+00	0.00e+00	6.6466e-01
1.35811e+19	5.2575e+03	2.156e-21	2.7826e+01	3.0232e+01	1.7176e-16	3.2181e-04	9.9968e-01	2.9889e-03	9.9701e-01	8.8877e-13	4.2020e-22	4.0406e-06	5.2891e-02	9.4571e-01	1.3904e-03	4.6470e-05	2.1456e-01	7.8540e-01	1.1755e-36	1.1755e-36	1.1755e-36	1.1966e-30	0.00e+00	0.00e+00	7.3777e-01
1.49392e+19	5.2795e+03	2.139e-21	2.7826e+01	3.0231e+01	1.7283e-16	3.3055e-04	9.9967e-01	3.1542e-03	9.9685e-01	3.1070e-13	4.7350e-22	4.3032e-06	5.5529e-02	9.4320e-01	1.2675e-03	5.0710e-05	2.2593e-01	7.7402e-01	1.1755e-36	1.1755e-36	1.1755e-36	1.2848e-30	0.00e+00	0.00e+00	8.2038e-01
1.64332e+19	5.3079e+03	2.123e-21	2.7826e+01	3.0230e+01	1.7690e-16	3.4140e-04	9.9966e-01	3.3649e-03	9.9664e-01	1.1073e-13	5.5558e-22	4.6409e-06	5.8860e-02	9.4000e-01	1.1402e-03	5.6130e-05	2.3989e-01	7.6005e-01	1.1755e-36	1.1755e-36	1.1755e-36	1.4521e-30	0.00e+00	0.00e+00	9.1424e-01
1.80765e+19	5.3458e+03	2.109e-21	2.7826e+01	3.0228e+01	1.8119e-16	3.5486e-04	9.9965e-01	3.6352e-03	9.9636e-01	4.2334e-14	6.7173e-22	5.0746e-06	6.3075e-02	9.3591e-01	1.0096e-03	6.3184e-05	2.5726e-01	7.4268e-01	1.1755e-36	1.1755e-36	1.1755e-36	1.6808e-30	0.00e+00	0.00e+00	1.0216e+00
1.98841e+19	5.4151e+03	2.090e-21	2.7826e+01	3.0226e+01	1.8169e-16	3.7066e-04	9.9963e-01	3.9869e-03	9.9601e-01	1.8730e-14	8.3901e-22	5.6289e-06	6.8402e-02	9.3071e-01	8.7911e-04	7.2314e-05	2.7875e-01	7.2118e-01	1.1755e-36	1.1755e-36	1.1755e-36	2.0054e-30	0.00e+00	0.00e+00	1.1449e+00
2.18725e+19	5.5026e+03	2.072e-21	2.7826e+01	3.0224e+01	1.8647e-16	3.9052e-04	9.9961e-01	4.4720e-03	9.9553e-01	1.0032e-14	1.1271e-21	6.3781e-06	7.5521e-02	9.2373e-01	7.4725e-04	8.4820e-05	3.0654e-01	6.9338e-01	1.1755e-36	1.1755e-36	1.1755e-36	2.6243e-30	0.00e+00	0.00e+00	1.2878e+00
2.40598e+19	5.6215e+03	2.053e-21	2.7826e+01	3.0221e+01	1.8867e-16	4.1535e-04	9.9958e-01	5.1684e-03	9.9483e-01	6.3074e-15	1.6021e-21	7.4230e-06	8.5333e-02	9.1404e-01	6.1592e-04	1.0244e-04	3.4319e-01	6.5671e-01	1.1755e-36	1.1755e-36	1.1755e-36	3.5830e-30	0.00e+00	0.00e+00	1.4549e+00
2.63403e+19	5.7737e+03	2.033e-21	2.7826e+01	3.0217e+01	1.8883e-16	4.4462e-04	9.9956e-01	6.1746e-03	9.9383e-01	4.3296e-15	2.4131e-21	8.8579e-06	9.8711e-02	9.0079e-01	4.9407e-04	1.2674e-04	3.9048e-01	6.0939e-01	1.1755e-36	1.1755e-36	1.1755e-36	5.1474e-30	0.00e+00	0.00e+00	1.6322e+00
2.84541e+19	5.9463e+03	2.013e-21	2.7826e+01	3.0212e+01	1.8675e-16	4.7532e-04	9.9952e-01	7.5455e-03	9.9245e-01	3.1487e-15	3.7083e-21	1.0679e-05	1.1563e-01	8.8397e-01	3.9301e-04	1.5718e-04	4.4597e-01	5.5387e-01	1.1755e-36	1.1755e-36	1.1755e-36	7.4987e-30	0.00e+00	0.00e+00	1.7957e+00
3.02478e+19	6.1194e+03	1.996e-21	2.7826e+01	3.0206e+01	1.8399e-16	5.0490e-04	9.9950e-01	9.3183e-03	9.9068e-01	2.4241e-15	5.6145e-21	1.2830e-05	1.3555e-01	8.6413e-01	3.1431e-04	1.9177e-04	5.0484e-01	4.9497e-01	1.1755e-36	1.1755e-36	1.1755e-36	1.0714e-29	0.00e+00	0.00e+00	1.9402e+00
3.15826e+19	6.2714e+03	1.982e-21	2.7826e+01	3.0199e+01	1.7774e-16	5.2842e-04	9.9947e-01	1.1330e-02	9.8867e-01	1.9411e-15	7.8112e-21	1.5001e-05	1.5575e-01	8.4398e-01	2.6063e-04	2.2472e-04	5.5881e-01	4.4097e-01	1.1755e-36	1.1755e-36	1.1755e-36	1.3881e-29	0.00e+00	0.00e+00	2.0368e+00
3.24641e+19	6.3796e+03	1.973e-21	2.7826e+01	3.0193e+01	1.7501e-16	5.4531e-04	9.9945e-01	1.3242e-02	9.8676e-01	1.7067e-15	9.9988e-21	1.6856e-05	1.7299e-01	8.2677e-01	2.2605e-04	2.5088e-04	5.9965e-01	4.0010e-01	1.1755e-36	1.1755e-36	1.1755e-36	1.6915e-29	0.00e+00	0.00e+00	2.1060e+00
3.31468e+19	6.4541e+03	1.968e-21	2.7826e+01	3.0188e+01	1.7539e-16	5.6033e-04	9.9944e-01	1.5217e-02	9.8478e-01	1.5378e-15	1.2287e-20	1.8615e-05	1.8923e-01	8.1055e-01	1.9915e-04	2.7425e-04	6.3389e-01	3.6584e-01	1.1755e-36	1.1755e-36	1.1755e-36	1.9851e-29	0.00e+00	0.00e+00	2.1692e+00
3.38856e+19	6.5458e+03	1.960e-21	2.7826e+01	3.0179e+01	1.7513e-16	5.7752e-04	9.9942e-01	1.8046e-02	9.8195e-01	1.3684e-15	1.5529e-20	2.0873e-05	2.0998e-01	7.8983e-01	1.7036e-04	3.0206e-04	6.7222e-01	3.2748e-01	1.1755e-36	1.1755e-36	1.1755e-36	2.3791e-29	0.00e+00	0.00e+00	2.2540e+00
3.46401e+19	6.6561e+03	1.951e-21	2.7826e+01	3.0168e+01	1.7175e-16	5.9446e-04	9.9941e-01	2.2210e-02	9.7779e-01	1.1367e-15	1.9828e-20	2.3673e-05	2.3590e-01	7.6394e-01	1.4345e-04	3.3389e-04	7.1622e-01	2.8345e-01	1.1755e-36	1.1755e-36	1.1755e-36	2.8376e-29	0.00e+00	0.00e+00	2.3244e+00
3.51962e+19	6.7353e+03	1.945e-21	2.7826e+01	3.0156e+01	1.7034e-16	6.0770e-04	9.9939e-01	2.6868e-02	9.7313e-01	9.9236e-16	2.4158e-20	2.6273e-05	2.6004e-01	7.3981e-01	1.2375e-04	3.6082e-04	7.5273e-01	2.4691e-01	1.1755e-36	1.1755e-36	1.1755e-36	3.2567e-29	0.00e+00	0.00e+00	2.3711e+00
3.55718e+19	6.7902e+03	1.942e-21	2.7826e+01	3.0146e+01	1.6946e-16	6.1706e-04	9.9938e-01	3.1338e-02	9.6866e-01	9.1122e-16	2.7821e-20	2.8382e-05	2.7943e-01	7.2043e-01	1.1028e-04	3.8070e-04	7.7901e-01	2.2061e-01	1.1755e-36	1.1755e-36	1.1755e-36	3.5807e-29	0.00e+00	0.00e+00	2.4051e+00
3.58698e+19	6.8302e+03	1.939e-21	2.7826e+01	3.0133e+01	1.6911e-16	6.2499e-04	9.9937e-01	3.5930e-02	9.6407e-01	8.4551e-16	3.1181e-20	3.0223e-05	2.9667e-01	7.0320e-01	9.9416e-05	3.9750e-04	8.0044e-01	1.9917e-01	1.1755e-36	1.1755e-36	1.1755e-36	3.8473e-29	0.00e+00	0.00e+00	2.4361e+00
3.61947e+19	6.8733e+03	1.937e-21	2.7826e+01	3.0119e+01	1.6992e-16	6.3433e-04	9.9937e-01	4.2615e-02	9.5738e-01	7.7598e-16	3.5641e-20	3.2517e-05	3.1759e-01	6.8229e-01	8.7342e-05	4.1686e-04	8.2397e-01	1.7561e-01	1.1755e-36	1.1755e-36	1.1755e-36	4.2122e-29	0.00e+00	0.00e+00	2.4770e+00
3.65263e+19	6.9218e+03	1.935e-21	2.7826e+01	3.0102e+01	1.6976e-16	6.4335e-04	9.9936e-01	5.2383e-02	9.4762e-01	6.7438e-16	4.0894e-20	3.5107e-05	3.4149e-01	6.5840e-01	7.5622e-05	4.3781e-04	8.5016e-01	1.4941e-01	1.1755e-36	1.1755e-36	1.1755e-36	4.6027e-29	0.00e+00	0.00e+00	2.5105e+00
3.67712e+19	6.9465e+03	1.934e-21	2.7826e+01	3.0072e+01	1.7065e-16	6.5061e-04	9.9935e-01	6.3096e-02	9.3690e-01	6.0333e-16	4.5429e-20	3.7301e-05	3.6208e-01	6.3781e-01	6.6731e-05	4.5495e-04	8.7131e-01	1.2823e-01	1.1755e-36	1.1755e-36	1.1755e-36	4.8814e-29	0.00e+00	0.00e+00	2.5326e+00
3.69391e+19	6.9740e+03	1.932e-21	2.7826e+01	3.0050e+01	1.7012e-16	6.5490e-04	9.9935e-01	7.3205e-02	9.2679e-01	5.5997e-16	4.8925e-20	3.8910e-05	3.7718e-01	6.2272e-01	6.0586e-05	4.6675e-04	8.8636e-01	1.1318e-01	1.1755e-36	1.1755e-36	1.1755e-36	5.1040e-29	0.00e+00	0.00e+00	2.5490e+00
3.70767e+19	6.9945e+03	1.929e-21	2.7826e+01	3.0020e+01	1.6999e-16	6.5847e-04	9.9934e-01	8.3842e-02	9.1616e-01	5.2161e-16	5.2026e-20	4.0292e-05	3.9028e-01	6.0963e-01	5.5428e-05	4.7670e-04	8.9882e-01	1.0070e-01	1.1755e-36	1.1755e-36	1.1755e-36	5.2905e-29	0.00e+00	0.00e+00	2.5644e+00
3.72297e+19	7.0094e+03	1.927e-21	2.7826e+01	2.9992e+01	1.7090e-16	6.6332e-04	9.9934e-01	9.9487e-02	9.0051e-01	4.7831e-16	5.5779e-20	4.1927e-05	4.0549e-01	5.9442e-01	4.9483e-05	4.8845e-04	9.1274e-01	8.6774e-02	1.1755e-36	1.1755e-36	1.1755e-36	5.5030e-29	0.00e+00	0.00e+00	2.5845e+00
3.73857e+19	7.0324e+03	1.923e-21	2.7826e+01	2.9948e+01	1.7085e-16	6.6725e-04	9.9933e-01	1.2184e-01	8.7816e-01	4.1570e-16	5.9875e-20	4.3617e-05	4.2152e-01	5.7839e-01	4.3656e-05	5.0036e-04	9.2781e-01	7.1691e-02	1.1755e-36	1.1755e-36	1.1755e-36	5.7371e-29	0.00e+00	0.00e+00	2.6008e+00
3.75016e+19	7.0364e+03	1.920e-21	2.7826e+01	2.9880e+01	1.7233e-16	6.7035e-04	9.9933e-01	1.4590e-01	8.5410e-01	3.6764e-16	6.3112e-20	4.4897e-05	4.3418e-01	5.6574e-01	3.9153e-05	5.0967e-04	9.3967e-01	5.9820e-02	1.1755e-36	1.1755e-36	1.1755e-36	5.8912e-29	0.00e+00	0.00e+00	2.6118e+00
3.75833e+19	7.0529e+03	1.914e-21	2.7826e+01	2.9832e+01	1.7135e-16	6.7153e-04	9.9933e-01	1.6854e-01	8.3146e-01	3.3576e-16	6.5338e-20	4.5776e-05	4.4298e-01	5.5694e-01	3.5934e-05	5.1567e-04	9.4811e-01	5.1373e-02	1.1755e-36	1.1755e-36	1.1755e-36	5.9943e-29	0.00e+00	0.00e+00	2.6201e+00
3.76526e+19	7.0566e+03	1.909e-21	2.7826e+01	2.9766e+01	1.7207e-16	6.7281e-04	9.9933e-01	1.9284e-01	8.0716e-01	3.0529e-16	6.7345e-20	4.6497e-05	4.5048e-01	5.4944e-01	3.3089e-05	5.2086e-04	9.5515e-01	4.4325e-02	1.1755e-36	1.1755e-36	1.1755e-36	6.0858e-29	0.00e+00	0.00e+00	2.6281e+00
3.77310e+19	7.0580e+03	1.903e-21	2.7826e+01	2.9701e+01	1.7312e-16	6.7479e-04	9.9933e-01	2.2804e-01	7.7196e-01	2.7077e-16	6.9658e-20	4.7335e-05	4.5890e-01	5.4102e-01	2.9731e-05	5.2699e-04	9.6287e-01	3.6606e-02	1.1755e-36	1.1755e-36	1.1755e-36	6.1795e-29	0.00e+00	0.00e+00	2.6386e+00
3.78117e+19	7.0596e+03	1.893e-21	2.7826e+01	2.9607e+01	1.7342e-16	6.7611e-04	9.9932e-01	2.7662e-01	7.2338e-01	2.2394e-16	7.1673e-20	4.8097e-05	4.6711e-01	5.3282e-01	2.6354e-05	5.3273e-04	9.7077e-01	2.8698e-02	1.1755e-36	1.1755e-36	1.1755e-36	6.2134e-29	0.00e+00	0.00e+00	2.6473e+00
3.78737e+19	7.0575e+03	1.880e-21	2.7826e+01	2.9490e+01	1.7400e-16	6.7637e-04	9.9932e-01	3.2706e-01	6.7294e-01	1.8731e-16	7.3098e-20	4.8565e-05	4.7298e-01	5.2695e-01	2.3682e-05	5.3642e-04	9.7668e-01	2.2780e-02	1.1755e-36	1.1755e-36	1.1755e-36	6.2234e-29	0.00e+00	0.00e+00	2.6534e+00
3.79204e+19	7.0521e+03	1.868e-21	2.7826e+01	2.9371e+01	1.7489e-16	6.7616e-04	9.9932e-01	3.7446e-01	6.2554e-01	1.5987e-16	7.4045e-20	4.8825e-05	4.7698e-01	5.2295e-01	2.1602e-05	5.3868e-04	9.8082e-01	1.8637e-02	1.1755e-36	1.1755e-36	1.1755e-36	6.2157e-29	0.00e+00	0.00e+00	2.6584e+00
3.79689e+19	7.0415e+03	1.853e-21	2.7826e+01	2.9239e+01	1.7661e-16	6.7621e-04	9.9932e-01	4.3295e-01	5.6705e-01	1.3262e-16	7.5057e-20	4.9058e-05	4.8079e-01	5.1914e-01	1.9336e-05	5.4092e-04	9.8464e-01	1.4818e-02	1.1755e-36	1.1755e-36	1.1755e-36	6.2106e-29	0.00e+00	0.00e+00	2.6649e+00
3.80226e+19	7.0279e+03	1.832e-21	2.7826e+01	2.9077e+01	1.7865e-16	6.7604e-04	9.9932e-01	5.0955e-01	4.9045e-01	9.8005e-17	7.6001e-20	4.9232e-05	4.8438e-01	5.1555e-01	1.6897e-05	5.4293e-04	9.8839e-01	1.1068e-02	1.1755e-36	1.1755e-36	1.1755e-36	6.1863e-29	0.00e+00	0.00e+00	2.6712e+00
3.80712e+19	7.0099e+03	1.809e-21	2.7826e+01	2.8892e+01	1.8035e-16	6.7541e-04	9.9932e-01	5.9002e-01	4.0998e-01	7.0092e-17	7.6286e-20	4.9251e-05	4.8690e-01	5.1304e-01	1.4702e-05	5.4401e-04	9.9128e-01	8.1765e-03	1.1755e-36	1.1755e-36	1.1755e-36	6.0835e-29	0.00e+00	0.00e+00	2.6764e+00
3.81147e+19	6.9911e+03	1.785e-21	2.7826e+01	2.8702e+01	1.8218e-16	6.7450e-04	9.9933e-01	6.6678e-01	3.3322e-01	4.9288e-17	7.6325e-20	4.9163e-05	4.8850e-01	5.1144e-01	1.2766e-05	5.4438e-04	9.9337e-01	6.0846e-03	1.1755e-36	1.1755e-36	1.1755e-36	5.9762e-29	0.00e+00	0.00e+00	2.6815e+00
3.81635e+19	6.9660e+03	1.760e-21	2.7826e+01	2.8506e+01	1.8499e-16	6.7422e-04	9.9933e-01	7.5018e-01	2.4982e-01	3.1504e-17	7.6385e-20	4.9060e-05	4.8992e-01	5.1002e-01	1.0653e-05	5.4505e-04	9.9515e-01	4.3095e-03	1.1755e-36	1.1755e-36	1.1755e-36	5.8657e-29	0.00e+00	0.00e+00	2.6880e+00
3.82268e+19	6.9357e+03	1.731e-21	2.7826e+01	2.8295e+01	1.8819e-16	6.7474e-04	9.9933e-01	8.4218e-01	1.5782e-01	1.5595e-17	7.6283e-20	4.8948e-05	4.9124e-01	5.0870e-01	8.2094e-06	5.4626e-04	9.9675e-01	2.7051e-03	1.1755e-36	1.1755e-36	1.1755e-36	5.7177e-29	0.00e+00	0.00e+00	2.6965e+00
3.83092e+19	6.9092e+03	1.703e-21	2.7826e+01	2.8091e+01	1.8938e-16	6.7602e-04	9.9932e-01	9.2237e-01	7.7628e-02	5.4835e-18	7.5457e-20	4.8823e-05	4.9222e-01	5.0773e-01	5.6543e-06	5.4799e-04	9.9800e-01	1.4562e-03	1.1755e-36	1.1755e-36	1.1755e-36	5.4736e-29	0.00e+00	0.00e+00	2.7075e+00
3.84163e+19	6.8919e+03	1.684e-21	2.7826e+01	2.7922e+01	1.8652e-16	6.7853e-04	9.9932e-01	9.7164e-01	2.8358e-02	1.2705e-18	7.3439e-20	4.8733e-05	4.9296e-01	5.0698e-01	3.3732e-06	5.5068e-04	9.9880e-01	6.5227e-04	1.1755e-36	1.1755e-36	1.1755e-36	5.0809e-29	0.00e+00	0.00e+00	2.7220e+00
3.85555e+19	6.8871e+03	1.677e-21	2.7826e+01	2.7850e+01	1.8124e-16	6.8393e-04	9.9932e-01	9.9222e-01	7.7844e-03	1.9474e-19	7.1358e-20	4.8877e-05	4.9424e-01	5.0571e-01	1.6948e-06	5.5578e-04	9.9921e-01	2.3610e-04	1.1755e-36	1.1755e-36	1.1755e-36	4.6879e-29	0.00e+00	0.00e+00	2.7409e+00
3.87365e+19	6.8915e+03	1.678e-21	2.7826e+01	2.7830e+01	1.7848e-16	6.9192e-04	9.9931e-01	9.9830e-01	1.7019e-03	2.0633e-20	7.0837e-20	4.9187e-05	4.9604e-01	5.0391e-01	6.9606e-07	5.6315e-04	9.9937e-01	6.7116e-05	1.1755e-36	1.1755e-36	1.1755e-36	4.5089e-29	0.00e+00	0.00e+00	2.7658e+00
3.89718e+19	6.9010e+03	1.683e-21	2.7826e+01	2.7831e+01	1.7741e-16	7.0283e-04	9.9930e-01	9.9965e-01	3.4577e-04	1.7729e-21	7.1348e-20	4.9641e-05	4.9847e-01	5.0148e-01	2.2279e-07	5.7315e-04	9.9941e-01	1.4568e-05	1.1755e-36	1.1755e-36	1.1755e-36	4.4439e-29	0.00e+00	0.00e+00	2.7986e+00
3.92776e+19	6.9146e+03	1.690e-21	2.7826e+01	2.7841e+01	1.7815e-16	7.1749e-04	9.9928e-01	9.9990e-01	1.0231e-04	2.1162e-22	7.2930e-20	5.0249e-05	5.0171e-01	4.9824e-01	1.1755e-36	5.8662e-04	9.9941e-01	2.3522e-06	1.1755e-36	1.1755e-36	1.1755e-36	4.4783e-29	0.00e+00	0.00e+00	2.8422e+00
3.96752e+19	6.9325e+03	1.699e-21	2.7826e+01	2.7841e+01	1.8018e-16	7.3697e-04	9.9926e-01	9.9994e-01	6.0758e-05	6.1317e-23	7.5441e-20	5.1026e-05	5.0588e-01	4.9407e-01	1.1755e-36	6.0464e-04	9.9940e-01	2.7238e-07	1.1755e-36	1.1755e-36	1.1755e-36	4.5767e-29	0.00e+00	0.00e+00	2.9004e+00
4.01922e+19	6.9563e+03	1.711e-21	2.7826e+01	2.7841e+01	1.8486e-16	7.6362e-04	9.9924e-01	9.9995e-01	4.9227e-05	3.2863e-23	7.9715e-20	5.2049e-05	5.1140e-01	4.8855e-01	1.1755e-36	6.2944e-04	9.9937e-01	2.0969e-08	1.1755e-36	1.1755e-36	1.1755e-36	4.8152e-29	0.00e+00	0.00e+00	2.9788e+00
4.08641e+19	6.9880e+03	1.726e-21	2.7826e+01	2.7840e+01	1.9298e-16	8.0082e-04	9.9920e-01	9.9996e-01	4.1516e-05	2.0556e-23	8.6501e-20	5.3416e-05	5.1877e-01	4.8117e-01	1.1755e-36	6.6437e-04	9.9934e-01	9.4753e-10	1.1755e-36	1.1755e-36	1.1755e-36	5.2427e-29	0.00e+00	0.00e+00	3.0856e+00
4.17377e+19	7.0304e+03	1.748e-21	2.7826e+01	2.7838e+01	2.0831e-16	8.5427e-04	9.9915e-01	9.9997e-01	3.4325e-05	1.2145e-23	9.8281e-20	5.5269e-05	5.2873e-01	4.7121e-01	1.1755e-36	7.1508e-04	9.9928e-01	2.1145e-11	1.1755e-36	1.1755e-36	1.1755e-36	6.1026e-29	0.00e+00	0.00e+00	3.2339e+00
4.28733e+19	7.0880e+03	1.778e-21	2.7826e+01	2.7836e+01	2.3730e-16	9.3393e-04	9.9907e-01	9.9997e-01	2.7249e-05	6.3196e-24	1.1986e-19	5.7810e-05	5.4235e-01	4.5759e-01	1.1755e-36	7.9176e-04	9.9921e-01	1.8560e-13	1.1755e-36	1.1755e-36	1.1755e-36	7.9031e-29	0.00e+00	0.00e+00	3.4445e+00
4.43496e+19	7.1683e+03	1.820e-21	2.7826e+01	2.7832e+01	2.9421e-16	1.0590e-03	9.9894e-01	9.9998e-01	2.0160e-05	2.7443e-24	1.6309e-19	6.1353e-05	5.6130e-01	4.3864e-01	1.1755e-36	9.1465e-04	9.9909e-01	4.8007e-16	1.1755e-36	1.1755e-36	1.1755e-36	1.2107e-28	0.00e+00	0.00e+00	3.7550e+00
4.62689e+19	7.2787e+03	1.883e-21	2.7826e+01	2.7826e+01	4.2203e-16	1.2725e-03	9.9873e-01	9.9999e-01	1.3258e-05	9.2548e-25	2.6567e-19	6.6430e-05	5.8843e-01	4.1150e-01	1.1755e-36	1.1300e-03	9.9887e-01	3.2743e-19	1.1755e-36	1.1755e-36	1.1755e-36	2.4562e-28	0.00e+00	0.00e+00	4.2400e+00
4.82091e+19	7.4132e+03	1.965e-21	2.7826e+01	2.7817e+01	6.6623e-16	1.5924e-03	9.9841e-01	9.9999e-01	7.9844e-06	2.9747e-25	4.8480e-19	7.2161e-05	6.1862e-01	3.8130e-01	1.1755e-36	1.4631e-03	9.9854e-01	4.0682e-20	1.1755e-36	1.1755e-36	1.1755e-36	5.9857e-28	0.00e+00	0.00e+00	4.7187e+00
4.95718e+19	7.5229e+03	2.036e-21	2.7826e+01	2.7807e+01	9.9523e-16	1.9366e-03	9.9806e-01	9.9999e-01	5.4196e-06	1.3383e-25	8.1417e-19	7.6819e-05	6.4320e-01	3.5672e-01	1.1755e-36	1.8325e-03	9.9817e-01	2.6888e-20	1.1755e-36	1.1755e-36	1.1755e-36	1.2921e-27	0.00e+00	0.00e+00	5.0639e+00
5.04111e+19	7.5892e+03	2.088e-21	2.7826e+01	2.7800e+01	1.3105e-15	2.2286e-03	9.9777e-01	1.0000e+00	4.4092e-06	1.1755e-36	1.1571e-18	7.9988e-05	6.6053e-01	3.3939e-01	1.1755e-36	2.1527e-03	9.9785e-01	2.1803e-20	1.1755e-36	1.1755e-36	1.1755e-36	2.1475e-27	0.00e+00	0.00e+00	5.3238e+00
5.10459e+19	7.6460e+03	2.127e-21	2.7826e+01	2.7791e+01	1.6828e-15	2.5023e-03	9.9750e-01	1.0000e+00	3.5699e-06	1.1755e-36	1.5835e-18	8.2665e-05	6.7489e-01	3.2503e-01	1.1755e-36	2.4577e-03	9.9754e-01	2.5532e-20	1.1755e-36	1.1755e-36	1.1755e-36	3.4326e-27	0.00e+00	0.00e+00	5.5901e+00
5.17426e+19	7.7007e+03	2.174e-21	2.7826e+01	2.7781e+01	2.2439e-15	2.8744e-03	9.9713e-01	1.0000e+00	2.8990e-06	1.1755e-36	2.2629e-18	8.5774e-05	6.9238e-01	3.0753e-01	1.1755e-36	2.8780e-03	9.9712e-01	2.6430e-20	1.1755e-36	1.1755e-36	1.1755e-36	5.7747e-27	0.00e+00	0.00e+00	5.9878e+00
5.24810e+19	7.7635e+03	2.229e-21	2.7826e+01	2.7766e+01	3.1442e-15	3.3956e-03	9.9660e-01	1.0000e+00	2.2307e-06	1.1755e-36	3.4259e-18	8.9249e-05	7.1204e-01	2.8787e-01	1.1755e-36	3.4752e-03	9.9652e-01	1.6874e-20	1.1755e-36	1.1755e-36	1.1755e-36	1.0538e-26	0.00e+00	0.00e+00	6.3990e+00
5.30651e+19	7.8111e+03	2.281e-21	2.7826e+01	2.7752e+01	4.2985e-15	3.9634e-03	9.9604e-01	1.0000e+00	1.8006e-06	1.1755e-36	4.9869e-18	9.2293e-05	7.2935e-01	2.7055e-01	1.1755e-36	4.1343e-03	9.9587e-01	1.8537e-20	1.1755e-36	1.1755e-36	1.1755e-36	1.8127e-26	0.00e+00	0.00e+00	6.7325e+00
5.34823e+19	7.8457e+03	2.321e-21	2.7826e+01	2.7735e+01	5.5427e-15	4.4910e-03	9.9551e-01	1.0000e+00	1.5388e-06	1.1755e-36	6.7411e-18	9.4627e-05	7.4300e-01	2.5690e-01	1.1755e-36	4.7533e-03	9.9525e-01	3.0095e-20	1.1755e-36	1.1755e-36	1.1755e-36	2.8024e-26	0.00e+00	0.00e+00	7.0130e+00
5.38244e+19	7.8825e+03	2.353e-21	2.7826e+01	2.7719e+01	6.9122e-15	5.0205e-03	9.9498e-01	1.0000e+00	1.3520e-06	1.1755e-36	8.7922e-18	9.6628e-05	7.5506e-01	2.4484e-01	1.1755e-36	5.3800e-03	9.9462e-01	4.4490e-20	1.1755e-36	1.1755e-36	1.1755e-36	4.1113e-26	0.00e+00	0.00e+00	7.3030e+00
5.42025e+19	7.8941e+03	2.397e-21	2.7826e+01	2.7699e+01	9.2247e-15	5.7594e-03	9.9424e-01	1.0000e+00	1.1644e-06	1.1755e-36	1.2162e-17	9.9132e-05	7.7000e-01	2.2990e-01	1.1755e-36	6.2584e-03	9.9374e-01	4.4297e-20	1.1755e-36	1.1755e-36	1.1755e-36	6.5402e-26	0.00e+00	0.00e+00	7.7355e+00
5.45937e+19	7.9116e+03	2.446e-21	2.7826e+01	2.7680e+01	1.2817e-14	6.7639e-03	9.9324e-01	1.0000e+00	9.6285e-07	1.1755e-36	1.7607e-17	1.0180e-04	7.8623e-01	2.1367e-01	1.1755e-36	7.4617e-03	9.9254e-01	2.6482e-20	1.1755e-36	1.1755e-36	1.1755e-36	1.1102e-25	0.00e+00	0.00e+00	8.1573e+00
5.48940e+19	7.9246e+03	2.487e-21	2.7826e+01	2.7654e+01	1.7217e-14	7.8052e-03	9.9219e-01	1.0000e+00	8.2213e-07	1.1755e-36	2.4435e-17	1.0404e-04	7.9988e-01	2.0002e-01	1.1755e-36	8.7173e-03	9.9128e-01	2.6927e-20	1.1755e-36	1.1755e-36	1.1755e-36	1.7781e-25	0.00e+00	0.00e+00	8.4943e+00
5.51141e+19	7.9288e+03	2.520e-21	2.7826e+01	2.7625e+01	2.2008e-14	8.7818e-03	9.9122e-01	1.0000e+00	7.3294e-07	1.1755e-36	3.1934e-17	1.0580e-04	8.1082e-01	1.8908e-01	1.1755e-36	9.9000e-03	9.9010e-01	2.9839e-20	1.1755e-36	1.1755e-36	1.1755e-36	2.6115e-25	0.00e+00	0.00e+00	8.7941e+00
5.53077e+19	7.9305e+03	2.550e-21	2.7826e+01	2.7590e+01	2.7901e-14	9.8368e-03	9.9016e-01	1.0000e+00	6.5698e-07	1.1755e-36	4.1262e-17	1.0743e-04	8.2115e-01	1.7874e-01	1.1755e-36	1.1182e-02	9.8882e-01	2.8705e-20	1.1755e-36	1.1755e-36	1.1755e-36	3.7739e-25	0.00e+00	0.00e+00	9.1276e+00
5.55296e+19	7.9218e+03	2.586e-21	2.7826e+01	2.7543e+01	3.7825e-14	1.1356e-02	9.8864e-01	1.0000e+00	5.7675e-07	1.1755e-36	5.6908e-17	1.0940e-04	8.3400e-01	1.6589e-01	1.1755e-36	1.3034e-02	9.8697e-01	2.3540e-20	1.1755e-36	1.1755e-36	1.1755e-36	5.9817e-25	0.00e+00	0.00e+00	9.6280e+00
5.57593e+19	7.9045e+03	2.629e-21	2.7826e+01	2.7484e+01	5.4384e-14	1.3471e-02	9.8653e-01	1.0000e+00	4.8106e-07	1.1755e-36	8.2938e-17	1.1155e-04	8.4801e-01	1.5187e-01	1.1755e-36	1.5620e-02	9.8438e-01	1.5982e-20	1.1755e-36	1.1755e-36	1.1755e-36	1.0270e-24	0.00e+00	0.00e+00	1.0122e+01
5.59383e+19	7.8811e+03	2.667e-21	2.7826e+01	2.7420e+01	7.6148e-14	1.5761e-02	9.8424e-01	1.0000e+00	4.1526e-07	1.1755e-36	1.1682e-16	1.1335e-04	8.6005e-01	1.3983e-01	1.1755e-36	1.8426e-02	9.8157e-01	1.2325e-20	1.1755e-36	1.1755e-36	1.1755e-36	1.6800e-24	0.00e+00	0.00e+00	1.0535e+01
5.60756e+19	7.8534e+03	2.699e-21	2.7826e+01	2.7363e+01	1.0267e-13	1.8090e-02	9.8191e-01	1.0000e+00	3.7046e-07	1.1755e-36	1.5752e-16	1.1487e-04	8.7019e-01	1.2970e-01	1.1755e-36	2.1284e-02	9.7872e-01	9.7895e-21	1.1755e-36	1.1755e-36	1.1755e-36	2.5819e-24	0.00e+00	0.00e+00	1.0933e+01
5.62195e+19	7.8136e+03	2.731e-21	2.7826e+01	2.7266e+01	1.4609e-13	2.1245e-02	9.7875e-01	1.0000e+00	3.2727e-07	1.1755e-36	2.2274e-16	1.1645e-04	8.8168e-01	1.1821e-01	1.1755e-36	2.5161e-02	9.7484e-01	7.2308e-21	1.1755e-36	1.1755e-36	1.1755e-36	4.2465e-24	0.00e+00	0.00e+00	1.1541e+01
5.63784e+19	7.7538e+03	2.770e-21	2.7826e+01	2.7131e+01	2.3064e-13	2.6115e-02	9.7388e-01	1.0000e+00	2.6902e-07	1.1755e-36	3.4587e-16	1.1823e-04	8.9505e-01	1.0483e-01	1.1755e-36	3.1146e-02	9.6885e-01	4.5992e-21	1.1755e-36	1.1755e-36	1.1755e-36	8.0009e-24	0.00e+00	0.00e+00	1.2252e+01
5.65132e+19	7.6867e+03	2.804e-21	2.7826e+01	2.6958e+01	3.7118e-13	3.2346e-02	9.6765e-01	1.0000e+00	2.2102e-07	1.1755e-36	5.4314e-16	1.1971e-04	9.0751e-01	9.2369e-02	1.1755e-36	3.8802e-02	9.6120e-01	2.9456e-21	1.1755e-36	1.1755e-36	1.1755e-36	1.5344e-23	0.00e+00	0.00e+00	1.2903e+01
5.66117e+19	7.6219e+03	2.830e-21	2.7826e+01	2.6797e+01	5.6757e-13	3.9100e-02	9.6090e-01	1.0000e+00	1.8873e-07	1.1755e-36	8.0814e-16	1.2083e-04	9.1762e-01	8.2264e-02	1.1755e-36	4.7088e-02	9.5291e-01	2.0534e-21	1.1755e-36	1.1755e-36	1.1755e-36	2.7263e-23	0.00e+00	0.00e+00	1.3469e+01
5.66878e+19	7.5686e+03	2.839e-21	2.7826e+01	2.6599e+01	8.2614e-13	4.6277e-02	9.5372e-01	1.0000e+00	1.6515e-07	1.1755e-36	1.1468e-15	1.2144e-04	9.2593e-01	7.3951e-02	1.1755e-36	5.5877e-02	9.4412e-01	1.5580e-21	1.1755e-36	1.1755e-36	1.1755e-36	4.5265e-23	0.00e+00	0.00e+00	1.4037e+01
5.67512e+19	7.5033e+03	2.849e-21	2.7826e+01	2.6415e+01	1.1967e-12	5.4451e-02	9.4555e-01	1.0000e+00	1.4356e-07	1.1755e-36	1.6056e-15	1.2196e-04	9.3334e-01	6.6535e-02	1.1755e-36	6.5859e-02	9.3414e-01	1.1995e-21	1.1755e-36	1.1755e-36	1.1755e-36	7.3738e-23	0.00e+00	0.00e+00	1.4583e+01
5.68040e+19	7.4603e+03	2.836e-21	2.7826e+01	2.6138e+01	1.6674e-12	6.3238e-02	9.3676e-01	1.0000e+00	1.2657e-07	1.1755e-36	2.1789e-15	1.2183e-04	9.3961e-01	6.0269e-02	1.1755e-36	7.6558e-02	9.2344e-01	9.8580e-22	1.1755e-36	1.1755e-36	1.1755e-36	1.1488e-22	0.00e+00	0.00e+00	1.5121e+01
5.68507e+19	7.3955e+03	2.823e-21	2.7826e+01	2.5852e+01	2.3646e-12	7.3589e-02	9.2641e-01	1.0000e+00	1.1151e-07	1.1755e-36	2.9659e-15	1.2165e-04	9.4555e-01	5.4326e-02	1.1755e-36	8.9111e-02	9.1089e-01	8.0411e-22	1.1755e-36	1.1755e-36	1.1755e-36	1.7963e-22	0.00e+00	0.00e+00	1.5703e+01
5.68939e+19	7.3414e+03	2.790e-21	2.7826e+01	2.5474e+01	3.3567e-12	8.5913e-02	9.1409e-01	1.0000e+00	9.7198e-08	1.1755e-36	4.0501e-15	1.2092e-04	9.5113e-01	4.8748e-02	1.1755e-36	1.0398e-01	8.9602e-01	6.6827e-22	1.1755e-36	1.1755e-36	1.1755e-36	2.8234e-22	0.00e+00	0.00e+00	1.6326e+01
5.69330e+19	7.2788e+03	2.749e-21	2.7826e+01	2.5075e+01	4.8433e-12	1.0081e-01	8.9919e-01	1.0000e+00	8.4320e-08	1.1755e-36	5.5826e-15	1.2004e-04	9.5645e-01	4.3426e-02	1.1755e-36	1.2185e-01	8.7815e-01	5.5491e-22	1.1755e-36	1.1755e-36	1.1755e-36	4.5029e-22	0.00e+00	0.00e+00	1.6981e+01
5.69675e+19	7.2146e+03	2.695e-21	2.7826e+01	2.4632e+01	6.9950e-12	1.1823e-01	8.8177e-01	1.0000e+00	7.3021e-08	1.1755e-36	7.6725e-15	1.1883e-04	9.6133e-01	3.8553e-02	1.1755e-36	1.4259e-01	8.5741e-01	4.6302e-22	1.1755e-36	1.1755e-36	1.1755e-36	7.1550e-22	0.00e+00	0.00e+00	1.7645e+01
5.69973e+19	7.1493e+03	2.623e-21	2.7826e+01	2.4097e+01	9.9987e-12	1.3781e-01	8.6219e-01	1.0000e+00	6.3498e-08	1.1755e-36	1.0375e-14	1.1710e-04	9.6562e-01	3.4259e-02	1.1755e-36	1.6570e-01	8.3430e-01	3.8919e-22	1.1755e-36	1.1755e-36	1.1755e-36	1.1092e-21	0.00e+00	0.00e+00	1.8317e+01
5.70238e+19	7.0767e+03	2.535e-21	2.7826e+01	2.3485e+01	1.4290e-11	1.6011e-01	8.3989e-01	1.0000e+00	5.5294e-08	1.1755e-36	1.3899e-14	1.1494e-04	9.6951e-01	3.0377e-02	1.1755e-36	1.9178e-01	8.0822e-01	3.2758e-22	1.1755e-36	1.1755e-36	1.1755e-36	1.6942e-21	0.00e+00	0.00e+00	1.9024e+01
5.70480e+19	6.9978e+03	2.420e-21	2.7826e+01	2.2691e+01	2.0452e-11	1.8554e-01	8.1446e-01	1.0000e+00	4.7874e-08	1.1755e-36	1.8397e-14	1.1183e-04	9.7301e-01	2.6880e-02	1.1755e-36	2.2119e-01	7.7881e-01	2.7546e-22	1.1755e-36	1.1755e-36	1.1755e-36	2.5326e-21	0.00e+00	0.00e+00	1.9784e+01
5.70707e+19	6.8990e+03	2.290e-21	2.7826e+01	2.1841e+01	3.0061e-11	2.1617e-01	7.8383e-01	1.0000e+00	4.1044e-08	1.1755e-36	2.4577e-14	1.0844e-04	9.7638e-01	2.3511e-02	1.1755e-36	2.5614e-01	7.4386e-01	2.2887e-22	1.1755e-36	1.1755e-36	1.1755e-36	3.8349e-21	0.00e+00	0.00e+00	2.0620e+01
5.70917e+19	6.7794e+03	2.136e-21	2.7826e+01	2.0839e+01	4.5037e-11	2.5197e-01	7.4803e-01	1.0000e+00	3.4909e-08	1.1755e-36	3.2676e-14	1.0426e-04	9.7949e-01	2.0404e-02	1.1755e-36	2.9638e-01	7.0362e-01	1.8857e-22	1.1755e-36	1.1755e-36	1.1755e-36	5.7426e-21	0.00e+00	0.00e+00	2.1505e+01
5.71100e+19	6.6431e+03	1.971e-21	2.7826e+01	1.9759e+01	6.7178e-11	2.9079e-01	7.0921e-01	1.0000e+00	2.9668e-08	1.1755e-36	4.2401e-14	9.9614e-05	9.8218e-01	1.7725e-02	1.1755e-36	3.3927e-01	6.6073e-01	1.5589e-22	1.1755e-36	1.1755e-36	1.1755e-36	8.2652e-21	0.00e+00	0.00e+00	2.2356e+01
5.71244e+19	6.5064e+03	1.820e-21	2.7826e+01	1.8754e+01	9.5660e-11	3.2749e-01	6.7251e-01	1.0000e+00	2.5647e-08	1.1755e-36	5.2391e-14	9.5212e-05	9.8425e-01	1.5651e-02	1.1755e-36	3.7913e-01	6.2087e-01	1.3200e-22	1.1755e-36	1.1755e-36	1.1755e-36	1.1055e-20	0.00e+00	0.00e+00	2.3056e+01
5.71350e+19	6.3827e+03	1.694e-21	2.7826e+01	1.7884e+01	1.2731e-10	3.5817e-01	6.4183e-01	1.0000e+00	2.3154e-08	1.1755e-36	6.1126e-14	9.1331e-05	9.8574e-01	1.4169e-02	1.1755e-36	4.1195e-01	5.8805e-01	1.1576e-22	1.1755e-36	1.1755e-36	1.1755e-36	1.3586e-20	0.00e+00	0.00e+00	2.3628e+01
5.71433e+19	6.2696e+03	1.588e-21	2.7826e+01	1.7149e+01	1.6201e-10	3.8453e-01	6.1547e-01	1.0000e+00	2.1325e-08	1.1755e-36	6.8920e-14	8.8029e-05	9.8688e-01	1.3033e-02	1.1755e-36	4.3979e-01	5.6021e-01	1.0385e-22	1.1755e-36	1.1755e-36	1.1755e-36	1.5900e-20	0.00e+00	0.00e+00	2.4133e+01
5.71505e+19	6.1558e+03	1.491e-21	2.7826e+01	1.6455e+01	2.0318e-10	4.0940e-01	5.9060e-01	1.0000e+00	1.9786e-08	1.1755e-36	7.6442e-14	8.4890e-05	9.8786e-01	1.2058e-02	1.1755e-36	4.6575e-01	5.3425e-01	9.4030e-23	1.1755e-36	1.1755e-36	1.1755e-36	1.8152e-20	0.00e+00	0.00e+00	2.4634e+01
5.71573e+19	6.0349e+03	1.396e-21	2.7826e+01	1.5759e+01	2.5501e-10	4.3431e-01	5.6569e-01	1.0000e+00	1.8266e-08	1.1755e-36	8.4098e-14	8.1721e-05	9.8875e-01	1.1164e-02	1.1755e-36	4.9148e-01	5.0852e-01	8.5323e-23	1.1755e-36	1.1755e-36	1.1755e-36	2.0439e-20	0.00e+00	0.00e+00	2.5139e+01
5.71636e+19	5.9077e+03	1.305e-21	2.7826e+01	1.5081e+01	3.1970e-10	4.5879e-01	5.4121e-01	1.0000e+00	1.6853e-08	1.1755e-36	9.1726e-14	7.8623e-05	9.8956e-01	1.0357e-02	1.1755e-36	5.1649e-01	4.8351e-01	7.7705e-23	1.1755e-36	1.1755e-36	1.1755e-36	2.2701e-20	0.00e+00	0.00e+00	2.5622e+01
5.71693e+19	5.7817e+03	1.222e-21	2.7826e+01	1.4441e+01	3.9620e-10	4.8178e-01	5.1822e-01	1.0000e+00	1.5666e-08	1.1755e-36	9.8924e-14	7.5681e-05	9.9027e-01	9.6535e-03	1.1755e-36	5.3973e-01	4.6027e-01	7.1263e-23	1.1755e-36	1.1755e-36	1.1755e-36	2.4797e-20	0.00e+00	0.00e+00	2.6073e+01
5.71744e+19	5.6571e+03	1.147e-21	2.7826e+01	1.3845e+01	4.8566e-10	5.0322e-01	4.9678e-01	1.0000e+00	1.4661e-08	1.1755e-36	1.0566e-13	7.2928e-05	9.9089e-01	9.0399e-03	1.1755e-36	5.6120e-01	4.3880e-01	6.5798e-23	1.1755e-36	1.1755e-36	1.1755e-36	2.6715e-20	0.00e+00	0.00e+00	2.6499e+01
5.71790e+19	5.5312e+03	1.078e-21	2.7826e+01	1.3279e+01	5.9173e-10	5.2355e-01	4.7645e-01	1.0000e+00	1.3775e-08	1.1755e-36	1.1206e-13	7.0314e-05	9.9144e-01	8.4920e-03	1.1755e-36	5.8137e-01	4.1863e-01	6.1048e-23	1.1755e-36	1.1755e-36	1.1755e-36	2.8495e-20	0.00e+00	0.00e+00	2.6910e+01
5.71833e+19	5.4039e+03	1.013e-21	2.7826e+01	1.2737e+01	7.1745e-10	5.4305e-01	4.5695e-01	1.0000e+00	1.2963e-08	1.1755e-36	1.1822e-13	6.7802e-05	9.9194e-01	7.9943e-03	1.1755e-36	6.0057e-01	3.9943e-01	5.6830e-23	1.1755e-36	1.1755e-36	1.1755e-36	3.0172e-20	0.00e+00	0.00e+00	2.7310e+01
5.71868e+19	5.3003e+03	9.626e-22	2.7826e+01	1.2307e+01	8.3590e-10	5.5851e-01	4.4149e-01	1.0000e+00	1.2187e-08	1.1755e-36	1.2311e-13	6.5804e-05	9.9232e-01	7.6186e-03	1.1755e-36	6.1566e-01	3.8434e-01	5.3692e-23	1.1755e-36	1.1755e-36	1.1755e-36	3.1487e-20	0.00e+00	0.00e+00	2.7583e+01
5.71894e+19	5.2177e+03	9.255e-22	2.7826e+01	1.1981e+01	9.4008e-10	5.7016e-01	4.2984e-01	1.0000e+00	1.1867e-08	1.1755e-36	1.2681e-13	6.4291e-05	9.9259e-01	7.3450e-03	1.1755e-36	6.2698e-01	3.7302e-01	5.1449e-23	1.1755e-36	1.1755e-36	1.1755e-36	3.2462e-20	0.00e+00	0.00e+00	2.7813e+01
5.71917e+19	5.1329e+03	8.899e-22	2.7826e+01	1.1665e+01	1.0567e-09	5.8162e-01	4.1838e-01	1.0000e+00	1.1524e-08	1.1755e-36	1.3051e-13	6.2830e-05	9.9285e-01	7.0831e-03	1.1755e-36	6.3806e-01	3.6194e-01	4.9335e-23	1.1755e-36	1.1755e-36	1.1755e-36	3.3449e-20	0.00e+00	0.00e+00	2.8067e+01
5.71943e+19	5.0351e+03	8.516e-22	2.7826e+01	1.1315e+01	1.2031e-09	5.9418e-01	4.0582e-01	1.0000e+00	1.1066e-08	1.1755e-36	1.3456e-13	6.1211e-05	9.9313e-01	6.8057e-03	1.1755e-36	6.5013e-01	3.4987e-01	4.7127e-23	1.1755e-36	1.1755e-36	1.1755e-36	3.4516e-20	0.00e+00	0.00e+00	2.8350e+01
5.71970e+19	4.9286e+03	8.128e-22	2.7826e+01	1.0954e+01	1.3749e-09	6.0729e-01	3.9271e-01	1.0000e+00	1.0559e-08	1.1755e-36	1.3865e-13	5.9553e-05	9.9343e-01	6.5151e-03	1.1755e-36	6.6269e-01	3.3731e-01	4.4916e-23	1.1755e-36	1.1755e-36	1.1755e-36	3.5481e-20	0.00e+00	0.00e+00	2.8636e+01
5.71996e+19	4.8217e+03	7.760e-22	2.7826e+01	1.0602e+01	1.5595e-09	6.1994e-01	3.8006e-01	1.0000e+00	1.0098e-08	1.1755e-36	1.4237e-13	5.7937e-05	9.9370e-01	6.2384e-03	1.1755e-36	6.7472e-01	3.2528e-01	4.2879e-23	1.1755e-36	1.1755e-36	1.1755e-36	3.6218e-20	0.00e+00	0.00e+00	2.8910e+01
5.72021e+19	4.7145e+03	7.414e-22	2.7826e+01	1.0265e+01	1.7561e-09	6.3212e-01	3.6788e-01	1.0000e+00	9.6896e-09	1.1755e-36	1.4585e-13	5.6399e-05	9.9397e-01	5.9785e-03	1.1755e-36	6.8627e-01	3.1373e-01	4.0995e-23	1.1755e-36	1.1755e-36	1.1755e-36	3.6838e-20	0.00e+00	0.00e+00	2.9179e+01
5.72045e+19	4.6119e+03	7.078e-22	2.7826e+01	9.9309e+00	1.9527e-09	6.4376e-01	3.5624e-01	1.0000e+00	9.3105e-09	1.1755e-36	1.4893e-13	5.4860e-05	9.9421e-01	5.7362e-03	1.1755e-36	6.9723e-01	3.0277e-01	3.9250e-23	1.1755e-36	1.1755e-36	1.1755e-36	3.7231e-20	0.00e+00	0.00e+00	2.9449e+01
5.72069e+19	4.4979e+03	6.750e-22	2.7826e+01	9.5962e+00	2.1736e-09	6.5580e-01	3.4420e-01	1.0000e+00	8.9255e-09	1.1755e-36	1.5203e-13	5.3348e-05	9.9446e-01	5.4913e-03	1.1755e-36	7.0853e-01	2.9147e-01	3.7525e-23	1.1755e-36	1.1755e-36	1.1755e-36	3.7534e-20	0.00e+00	0.00e+00	2.9730e+01
5.72093e+19	4.3814e+03	6.431e-22	2.7826e+01	9.2648e+00	2.3971e-09	6.6771e-01	3.3229e-01	1.0000e+00	8.5288e-09	1.1755e-36	1.5488e-13	5.1862e-05	9.9469e-01	5.2545e-03	1.1755e-36	7.1965e-01	2.8035e-01	3.5876e-23	1.1755e-36	1.1755e-36	1.1755e-36	3.7626e-20	0.00e+00	0.00e+00	3.0006e+01
5.72116e+19	4.2644e+03	6.130e-22	2.7826e+01	8.9437e+00	2.6114e-09	6.7925e-01	3.2075e-01	1.0000e+00	8.1614e-09	1.1755e-36	1.5737e-13	5.0437e-05	9.9492e-01	5.0304e-03	1.1755e-36	7.3038e-01	2.6962e-01	3.4332e-23	1.1755e-36	1.1755e-36	1.1755e-36	3.7471e-20	0.00e+00	0.00e+00	3.0278e+01
5.72139e+19	4.1431e+03	5.844e-22	2.7826e+01	8.6307e+00	2.8149e-09	6.9060e-01	3.0940e-01	1.0000e+00	7.8070e-09	1.1755e-36	1.5955e-13	4.9075e-05	9.9514e-01	4.8150e-03	1.1755e-36	7.4089e-01	2.5911e-01	3.2869e-23	1.1755e-36	1.1755e-36	1.1755e-36	3.7055e-20	0.00e+00	0.00e+00	3.0548e+01
5.72161e+19	4.0238e+03	5.570e-22	2.7826e+01	8.3257e+00	2.9894e-09	7.0156e-01	2.9844e-01	1.0000e+00	7.4596e-09	1.1755e-36	1.6132e-13	4.7758e-05	9.9534e-01	4.6114e-03	1.1755e-36	7.5099e-01	2.4901e-01	3.1491e-23	1.1755e-36	1.1755e-36	1.1755e-36	3.6360e-20	0.00e+00	0.00e+00	3.0816e+01
5.72182e+19	3.9027e+03	5.307e-22	2.7826e+01	8.0261e+00	3.1354e-09	7.1234e-01	2.8766e-01	1.0000e+00	7.1138e-09	1.1755e-36	1.6274e-13	4.6487e-05	9.9554e-01	4.4157e-03	1.1755e-36	7.6088e-01	2.3912e-01	3.0173e-23	1.1755e-36	1.1755e-36	1.1755e-36	3.5394e-20	0.00e+00	0.00e+00	3.1085e+01
###########################
1.99901e+14	5.9394e+03	2.532e-21	2.7826e+01	3.0255e+01	1.1318e-16	2.8576e-04	9.9971e-01	2.0855e-03	9.9069e-01	7.2213e-03	2.4236e-22	2.5977e-06	3.7139e-02	9.5896e-01	3.9007e-03	2.2181e-05	1.3415e-01	8.6228e-01	3.5451e-03	1.1755e-36	1.1755e-36	1.6070e-30	0.00e+00	0.00e+00	2.0068e-05
1.19941e+15	5.9371e+03	2.533e-21	2.7826e+01	3.0254e+01	1.1318e-16	2.8580e-04	9.9971e-01	2.0857e-03	9.9070e-01	7.2139e-03	2.4196e-22	2.5901e-06	3.7167e-02	9.5892e-01	3.9054e-03	2.2176e-05	1.3410e-01	8.6235e-01	3.5321e-03	1.1755e-36	1.1755e-36	1.5992e-30	0.00e+00	0.00e+00	1.0035e-04
5.19742e+15	5.9374e+03	2.532e-21	2.7826e+01	3.0254e+01	1.1316e-16	2.8580e-04	9.9971e-01	2.0855e-03	9.9075e-01	7.1678e-03	2.4210e-22	2.5956e-06	3.7208e-02	9.5889e-01	3.8988e-03	2.2169e-05	1.3403e-01	8.6247e-01	3.4800e-03	1.1755e-36	1.1755e-36	1.5984e-30	0.00e+00	0.00e+00	4.2148e-04
2.11895e+16	5.9329e+03	2.531e-21	2.7826e+01	3.0253e+01	1.1116e-16	2.8589e-04	9.9971e-01	2.0870e-03	9.9099e-01	6.9219e-03	2.3718e-22	2.6095e-06	3.7266e-02	9.5886e-01	3.8739e-03	2.2183e-05	1.3403e-01	8.6267e-01	3.2796e-03	1.1755e-36	1.1755e-36	1.5256e-30	0.00e+00	0.00e+00	1.7064e-03
5.06149e+16	5.9252e+03	2.527e-21	2.7826e+01	3.0253e+01	1.1215e-16	2.8539e-04	9.9971e-01	2.0862e-03	9.9114e-01	6.7740e-03	2.3725e-22	2.6152e-06	3.7266e-02	9.5888e-01	3.8552e-03	2.2121e-05	1.3379e-01	8.6319e-01	3.0047e-03	1.1755e-36	1.1755e-36	1.5312e-30	0.00e+00	0.00e+00	3.3739e-03
8.88679e+16	5.9160e+03	2.523e-21	2.7826e+01	3.0252e+01	1.1370e-16	2.8495e-04	9.9972e-01	2.0866e-03	9.9153e-01	6.3816e-03	2.3847e-22	2.6232e-06	3.7270e-02	9.5891e-01	3.8159e-03	2.2087e-05	1.3366e-01	8.6364e-01	2.6745e-03	1.1755e-36	1.1755e-36	1.5493e-30	0.00e+00	0.00e+00	5.5383e-03
1.38597e+17	5.9026e+03	2.518e-21	2.7826e+01	3.0251e+01	1.1532e-16	2.8456e-04	9.9972e-01	2.0883e-03	9.9216e-01	5.7556e-03	2.3926e-22	2.6335e-06	3.7290e-02	9.5895e-01	3.7566e-03	2.2085e-05	1.3368e-01	8.6400e-01	2.2923e-03	1.1755e-36	1.1755e-36	1.5573e-30	0.00e+00	0.00e+00	8.3482e-03
2.03244e+17	5.8951e+03	2.510e-21	2.7826e+01	3.0249e+01	1.1575e-16	2.8387e-04	9.9972e-01	2.0891e-03	9.9300e-01	4.9151e-03	2.3888e-22	2.6287e-06	3.7288e-02	9.5903e-01	3.6835e-03	2.2081e-05	1.3376e-01	8.6435e-01	1.8704e-03	1.1755e-36	1.1755e-36	1.5535e-30	0.00e+00	0.00e+00	1.1992e-02
2.87286e+17	5.8787e+03	2.503e-21	2.7826e+01	3.0247e+01	1.1639e-16	2.8335e-04	9.9972e-01	2.0923e-03	9.9401e-01	3.9012e-03	2.3771e-22	2.6392e-06	3.7324e-02	9.5908e-01	3.5909e-03	2.2143e-05	1.3413e-01	8.6442e-01	1.4307e-03	1.1755e-36	1.1755e-36	1.5293e-30	0.00e+00	0.00e+00	1.6721e-02
3.96541e+17	5.8603e+03	2.494e-21	2.7826e+01	3.0244e+01	1.1781e-16	2.8277e-04	9.9972e-01	2.0963e-03	9.9508e-01	2.8209e-03	2.3830e-22	2.6474e-06	3.7374e-02	9.5913e-01	3.4892e-03	2.2255e-05	1.3476e-01	8.6421e-01	1.0069e-03	1.1755e-36	1.1755e-36	1.5241e-30	0.00e+00	0.00e+00	2.2855e-02
5.38572e+17	5.8386e+03	2.483e-21	2.7826e+01	3.0242e+01	1.1827e-16	2.8217e-04	9.9972e-01	2.1013e-03	9.9609e-01	1.8123e-03	2.3688e-22	2.6543e-06	3.7448e-02	9.5916e-01	3.3858e-03	2.2429e-05	1.3569e-01	8.6365e-01	6.3697e-04	1.1755e-36	1.1755e-36	1.4862e-30	0.00e+00	0.00e+00	3.0813e-02
7.23212e+17	5.8131e+03	2.470e-21	2.7826e+01	3.0240e+01	1.1941e-16	2.8157e-04	9.9972e-01	2.1075e-03	9.9689e-01	1.0053e-03	2.3672e-22	2.6621e-06	3.7552e-02	9.5916e-01	3.2879e-03	2.2666e-05	1.3690e-01	8.6273e-01	3.5228e-04	1.1755e-36	1.1755e-36	1.4586e-30	0.00e+00	0.00e+00	4.1136e-02
9.63244e+17	5.7839e+03	2.455e-21	2.7826e+01	3.0238e+01	1.2114e-16	2.8098e-04	9.9972e-01	2.1151e-03	9.9742e-01	4.6591e-04	2.3752e-22	2.6752e-06	3.7690e-02	9.5911e-01	3.1978e-03	2.2966e-05	1.3835e-01	8.6146e-01	1.6489e-04	1.1755e-36	1.1755e-36	1.4372e-30	0.00e+00	0.00e+00	5.4528e-02
1.27529e+18	5.7468e+03	2.438e-21	2.7826e+01	3.0237e+01	1.2356e-16	2.8058e-04	9.9972e-01	2.1262e-03	9.9770e-01	1.7383e-04	2.3887e-22	2.6896e-06	3.7904e-02	9.5898e-01	3.1102e-03	2.3360e-05	1.4012e-01	8.5979e-01	6.2991e-05	1.1755e-36	1.1755e-36	1.4110e-30	0.00e+00	0.00e+00	7.1913e-02
1.68094e+18	5.7031e+03	2.419e-21	2.7826e+01	3.0236e+01	1.2638e-16	2.8043e-04	9.9972e-01	2.1417e-03	9.9781e-01	5.0227e-05	2.4050e-22	2.7108e-06	3.8205e-02	9.5878e-01	3.0171e-03	2.3871e-05	1.4228e-01	8.5768e-01	1.8931e-05	1.1755e-36	1.1755e-36	1.3755e-30	0.00e+00	0.00e+00	9.4501e-02
2.20829e+18	5.6528e+03	2.397e-21	2.7826e+01	3.0236e+01	1.3071e-16	2.8062e-04	9.9972e-01	2.1636e-03	9.9783e-01	1.0878e-05	2.4491e-22	2.7420e-06	3.8625e-02	9.5846e-01	2.9097e-03	2.4551e-05	1.4503e-01	8.5494e-01	4.3481e-06	1.1755e-36	1.1755e-36	1.3558e-30	0.00e+00	0.00e+00	1.2389e-01
2.89385e+18	5.5962e+03	2.372e-21	2.7826e+01	3.0236e+01	1.3318e-16	2.8139e-04	9.9972e-01	2.1949e-03	9.9780e-01	1.7533e-06	2.4612e-22	2.7883e-06	3.9213e-02	9.5800e-01	2.7801e-03	2.5471e-05	1.4858e-01	8.5139e-01	7.5952e-07	1.1755e-36	1.1755e-36	1.2780e-30	0.00e+00	0.00e+00	1.6219e-01
3.78507e+18	5.5342e+03	2.343e-21	2.7826e+01	3.0236e+01	1.3869e-16	2.8303e-04	9.9972e-01	2.2398e-03	9.9776e-01	2.1962e-07	2.5435e-22	2.8563e-06	4.0038e-02	9.5734e-01	2.6228e-03	2.6735e-05	1.5325e-01	8.4672e-01	1.1755e-36	1.1755e-36	1.1755e-36	1.2478e-30	0.00e+00	0.00e+00	2.1228e-01
4.94366e+18	5.4691e+03	2.312e-21	2.7826e+01	3.0235e+01	1.4414e-16	2.8599e-04	9.9971e-01	2.3047e-03	9.9770e-01	2.3092e-08	2.6527e-22	2.9567e-06	4.1207e-02	9.5636e-01	2.4333e-03	2.8498e-05	1.5947e-01	8.4050e-01	1.1755e-36	1.1755e-36	1.1755e-36	1.2043e-30	0.00e+00	0.00e+00	2.7807e-01
6.44982e+18	5.4050e+03	2.277e-21	2.7826e+01	3.0235e+01	1.5237e-16	2.9097e-04	9.9971e-01	2.3997e-03	9.9760e-01	2.1118e-09	2.8729e-22	3.1066e-06	4.2884e-02	9.5490e-01	2.2080e-03	3.1012e-05	1.6791e-01	8.3206e-01	1.1755e-36	1.1755e-36	1.1755e-36	1.2057e-30	0.00e+00	0.00e+00	3.6509e-01
7.66619e+18	5.3114e+03	2.240e-21	2.7826e+01	3.0235e+01	1.5372e-16	2.9141e-04	9.9971e-01	2.4522e-03	9.9755e-01	3.5619e-10	2.7770e-22	3.1775e-06	4.3894e-02	9.5405e-01	2.0477e-03	3.2656e-05	1.7398e-01	8.2599e-01	1.1755e-36	1.1755e-36	1.1755e-36	1.0238e-30	0.00e+00	0.00e+00	4.0246e-01
8.43281e+18	5.2924e+03	2.227e-21	2.7826e+01	3.0234e+01	1.5755e-16	2.9446e-04	9.9971e-01	2.5073e-03	9.9749e-01	1.3836e-10	2.9167e-22	3.2655e-06	4.4851e-02	9.5320e-01	1.9499e-03	3.4082e-05	1.7852e-01	8.2144e-01	1.1755e-36	1.1755e-36	1.1755e-36	1.0427e-30	0.00e+00	0.00e+00	4.4400e-01
9.27609e+18	5.2766e+03	2.213e-21	2.7826e+01	3.0234e+01	1.5906e-16	2.9815e-04	9.9970e-01	2.5723e-03	9.9743e-01	5.2564e-11	3.0404e-22	3.3697e-06	4.5966e-02	9.5218e-01	1.8476e-03	3.5758e-05	1.8372e-01	8.1624e-01	1.1755e-36	1.1755e-36	1.1755e-36	1.0338e-30	0.00e+00	0.00e+00	4.9027e-01
1.02037e+19	5.2645e+03	2.198e-21	2.7826e+01	3.0233e+01	1.6031e-16	3.0254e-04	9.9970e-01	2.6494e-03	9.9735e-01	1.9534e-11	3.1955e-22	3.4933e-06	4.7271e-02	9.5098e-01	1.7404e-03	3.7736e-05	1.8970e-01	8.1026e-01	1.1755e-36	1.1755e-36	1.1755e-36	1.0300e-30	0.00e+00	0.00e+00	5.4191e-01
1.12241e+19	5.2574e+03	2.184e-21	2.7826e+01	3.0233e+01	1.6229e-16	3.0778e-04	9.9969e-01	2.7413e-03	9.9726e-01	7.1053e-12	3.4139e-22	3.6410e-06	4.8812e-02	9.4956e-01	1.6286e-03	4.0093e-05	1.9664e-01	8.0332e-01	1.1755e-36	1.1755e-36	1.1755e-36	1.0470e-30	0.00e+00	0.00e+00	5.9971e-01
1.23465e+19	5.2511e+03	2.171e-21	2.7826e+01	3.0232e+01	1.6890e-16	3.1427e-04	9.9969e-01	2.8538e-03	9.9715e-01	2.5319e-12	3.7894e-22	3.8226e-06	5.0678e-02	9.4781e-01	1.5110e-03	4.2983e-05	2.0489e-01	7.9507e-01	1.1755e-36	1.1755e-36	1.1755e-36	1.1304e-30	0.00e+00	0.00e+00	6.6462e-01
1.35811e+19	5.2582e+03	2.156e-21	2.7826e+01	3.0232e+01	1.7143e-16	3.2176e-04	9.9968e-01	2.9885e-03	9.9701e-01	8.8887e-13	4.1957e-22	4.0398e-06	5.2883e-02	9.4572e-01	1.3907e-03	4.6453e-05	2.1450e-01	7.8546e-01	1.1755e-36	1.1755e-36	1.1755e-36	1.1938e-30	0.00e+00	0.00e+00	7.3772e-01
1.49392e+19	5.2804e+03	2.139e-21	2.7826e+01	3.0231e+01	1.7247e-16	3.3050e-04	9.9967e-01	3.1537e-03	9.9685e-01	3.1074e-13	4.7275e-22	4.3023e-06	5.5520e-02	9.4321e-01	1.2678e-03	5.0689e-05	2.2587e-01	7.7408e-01	1.1755e-36	1.1755e-36	1.1755e-36	1.2816e-30	0.00e+00	0.00e+00	8.2032e-01
1.64332e+19	5.3088e+03	2.123e-21	2.7826e+01	3.0230e+01	1.7652e-16	3.4134e-04	9.9966e-01	3.3643e-03	9.9664e-01	1.1075e-13	5.5464e-22	4.6399e-06	5.8849e-02	9.4001e-01	1.1405e-03	5.6106e-05	2.3982e-01	7.6012e-01	1.1755e-36	1.1755e-36	1.1755e-36	1.4484e-30	0.00e+00	0.00e+00	9.1416e-01
1.80765e+19	5.3468e+03	2.109e-21	2.7826e+01	3.0228e+01	1.8213e-16	3.5480e-04	9.9965e-01	3.6344e-03	9.9637e-01	4.2342e-14	6.7562e-22	5.0733e-06	6.3061e-02	9.3592e-01	1.0099e-03	6.3154e-05	2.5718e-01	7.4276e-01	1.1755e-36	1.1755e-36	1.1755e-36	1.7035e-30	0.00e+00	0.00e+00	1.0215e+00
1.98841e+19	5.4162e+03	2.090e-21	2.7826e+01	3.0226e+01	1.8125e-16	3.7059e-04	9.9963e-01	3.9859e-03	9.9601e-01	1.8735e-14	8.3739e-22	5.6273e-06	6.8386e-02	9.3073e-01	8.7945e-04	7.2277e-05	2.7866e-01	7.2127e-01	1.1755e-36	1.1755e-36	1.1755e-36	1.9996e-30	0.00e+00	0.00e+00	1.1447e+00
2.18725e+19	5.5037e+03	2.072e-21	2.7826e+01	3.0224e+01	1.8599e-16	3.9043e-04	9.9961e-01	4.4707e-03	9.9553e-01	1.0035e-14	1.1248e-21	6.3761e-06	7.5501e-02	9.2375e-01	7.4758e-04	8.4772e-05	3.0643e-01	6.9349e-01	1.1755e-36	1.1755e-36	1.1755e-36	2.6163e-30	0.00e+00	0.00e+00	1.2876e+00
2.40598e+19	5.6226e+03	2.053e-21	2.7826e+01	3.0221e+01	1.8818e-16	4.1525e-04	9.9958e-01	5.1666e-03	9.9483e-01	6.3100e-15	1.5985e-21	7.4202e-06	8.5306e-02	9.1407e-01	6.1622e-04	1.0238e-04	3.4306e-01	6.5684e-01	1.1755e-36	1.1755e-36	1.1755e-36	3.5713e-30	0.00e+00	0.00e+00	1.4547e+00
2.63405e+19	5.7747e+03	2.033e-21	2.7826e+01	3.0217e+01	1.8834e-16	4.4451e-04	9.9956e-01	6.1721e-03	9.9383e-01	4.3317e-15	2.4075e-21	8.8542e-06	9.8675e-02	9.0082e-01	4.9434e-04	1.2666e-04	3.9033e-01	6.0954e-01	1.1755e-36	1.1755e-36	1.1755e-36	5.1299e-30	0.00e+00	0.00e+00	1.6320e+00
2.84547e+19	5.9473e+03	2.013e-21	2.7826e+01	3.0212e+01	1.8629e-16	4.7521e-04	9.9952e-01	7.5421e-03	9.9246e-01	3.1502e-15	3.6996e-21	1.0675e-05	1.1558e-01	8.8401e-01	3.9324e-04	1.5709e-04	4.4580e-01	5.5404e-01	1.1755e-36	1.1755e-36	1.1755e-36	7.4733e-30	0.00e+00	0.00e+00	1.7955e+00
3.02489e+19	6.1202e+03	1.996e-21	2.7826e+01	3.0206e+01	1.8358e-16	5.0479e-04	9.9950e-01	9.3140e-03	9.9069e-01	2.4253e-15	5.6020e-21	1.2825e-05	1.3549e-01	8.6418e-01	3.1449e-04	1.9166e-04	5.0466e-01	4.9514e-01	1.1755e-36	1.1755e-36	1.1755e-36	1.0680e-29	0.00e+00	0.00e+00	1.9400e+00
3.15841e+19	6.2722e+03	1.982e-21	2.7826e+01	3.0199e+01	1.7808e-16	5.2831e-04	9.9947e-01	1.1324e-02	9.8868e-01	1.9420e-15	7.8259e-21	1.4995e-05	1.5568e-01	8.4404e-01	2.6078e-04	2.2460e-04	5.5863e-01	4.4115e-01	1.1755e-36	1.1755e-36	1.1755e-36	1.3958e-29	0.00e+00	0.00e+00	2.0366e+00
3.24660e+19	6.3803e+03	1.972e-21	2.7826e+01	3.0193e+01	1.7468e-16	5.4520e-04	9.9945e-01	1.3235e-02	9.8676e-01	1.7074e-15	9.9787e-21	1.6849e-05	1.7292e-01	8.2683e-01	2.2617e-04	2.5076e-04	5.9948e-01	4.0027e-01	1.1755e-36	1.1755e-36	1.1755e-36	1.6867e-29	0.00e+00	0.00e+00	2.1058e+00
3.31491e+19	6.4548e+03	1.968e-21	2.7826e+01	3.0188e+01	1.7507e-16	5.6023e-04	9.9944e-01	1.5210e-02	9.8479e-01	1.5384e-15	1.2264e-20	1.8608e-05	1.8916e-01	8.1062e-01	1.9926e-04	2.7413e-04	6.3373e-01	3.6600e-01	1.1755e-36	1.1755e-36	1.1755e-36	1.9798e-29	0.00e+00	0.00e+00	2.1691e+00
3.38882e+19	6.5464e+03	1.960e-21	2.7826e+01	3.0180e+01	1.7484e-16	5.7744e-04	9.9942e-01	1.8037e-02	9.8196e-01	1.3689e-15	1.5502e-20	2.0866e-05	2.0991e-01	7.8989e-01	1.7044e-04	3.0195e-04	6.7207e-01	3.2763e-01	1.1755e-36	1.1755e-36	1.1755e-36	2.3731e-29	0.00e+00	0.00e+00	2.2539e+00
3.46431e+19	6.6566e+03	1.950e-21	2.7826e+01	3.0168e+01	1.7149e-16	5.9439e-04	9.9941e-01	2.2201e-02	9.7780e-01	1.1371e-15	1.9797e-20	2.3667e-05	2.3583e-01	7.6400e-01	1.4352e-04	3.3379e-04	7.1609e-01	2.8358e-01	1.1755e-36	1.1755e-36	1.1755e-36	2.8311e-29	0.00e+00	0.00e+00	2.3243e+00
3.51993e+19	6.7357e+03	1.945e-21	2.7826e+01	3.0156e+01	1.7096e-16	6.0763e-04	9.9939e-01	2.6856e-02	9.7314e-01	9.9264e-16	2.4243e-20	2.6267e-05	2.5997e-01	7.3988e-01	1.2381e-04	3.6072e-04	7.5262e-01	2.4702e-01	1.1755e-36	1.1755e-36	1.1755e-36	3.2840e-29	0.00e+00	0.00e+00	2.3710e+00
3.55751e+19	6.7905e+03	1.942e-21	2.7826e+01	3.0146e+01	1.6936e-16	6.1701e-04	9.9938e-01	3.1324e-02	9.6868e-01	9.1147e-16	2.7799e-20	2.8376e-05	2.7936e-01	7.2050e-01	1.1033e-04	3.8062e-04	7.7890e-01	2.2072e-01	1.1755e-36	1.1755e-36	1.1755e-36	3.5775e-29	0.00e+00	0.00e+00	2.4050e+00
3.58731e+19	6.8302e+03	1.939e-21	2.7826e+01	3.0133e+01	1.6895e-16	6.2496e-04	9.9938e-01	3.5914e-02	9.6409e-01	8.4573e-16	3.1144e-20	3.0219e-05	2.9661e-01	7.0326e-01	9.9455e-05	3.9743e-04	8.0034e-01	1.9927e-01	1.1755e-36	1.1755e-36	1.1755e-36	3.8398e-29	0.00e+00	0.00e+00	2.4360e+00
3.61981e+19	6.8733e+03	1.937e-21	2.7826e+01	3.0119e+01	1.6979e-16	6.3431e-04	9.9937e-01	4.2597e-02	9.5740e-01	7.7617e-16	3.5601e-20	3.2512e-05	3.1753e-01	6.8235e-01	8.7375e-05	4.1680e-04	8.2388e-01	1.7570e-01	1.1755e-36	1.1755e-36	1.1755e-36	4.2045e-29	0.00e+00	0.00e+00	2.4770e+00
3.65298e+19	6.9217e+03	1.935e-21	2.7826e+01	3.0102e+01	1.6964e-16	6.4334e-04	9.9936e-01	5.2360e-02	9.4764e-01	6.7454e-16	4.0850e-20	3.5102e-05	3.4143e-01	6.5846e-01	7.5650e-05	4.3776e-04	8.5007e-01	1.4949e-01	1.1755e-36	1.1755e-36	1.1755e-36	4.5945e-29	0.00e+00	0.00e+00	2.5104e+00
3.67748e+19	6.9459e+03	1.934e-21	2.7826e+01	3.0072e+01	1.7060e-16	6.5064e-04	9.9935e-01	6.3070e-02	9.3693e-01	6.0346e-16	4.5389e-20	3.7299e-05	3.6204e-01	6.3785e-01	6.6751e-05	4.5492e-04	8.7124e-01	1.2831e-01	1.1755e-36	1.1755e-36	1.1755e-36	4.8734e-29	0.00e+00	0.00e+00	2.5326e+00
3.69428e+19	6.9741e+03	1.932e-21	2.7826e+01	3.0050e+01	1.6998e-16	6.5488e-04	9.9935e-01	7.3169e-02	9.2683e-01	5.6012e-16	4.8874e-20	3.8906e-05	3.7713e-01	6.2277e-01	6.0610e-05	4.6670e-04	8.8629e-01	1.1325e-01	1.1755e-36	1.1755e-36	1.1755e-36	5.0951e-29	0.00e+00	0.00e+00	2.5490e+00
3.70804e+19	6.9943e+03	1.929e-21	2.7826e+01	3.0021e+01	1.6988e-16	6.5847e-04	9.9934e-01	8.3804e-02	9.1620e-01	5.2175e-16	5.1978e-20	4.0290e-05	3.9024e-01	6.0967e-01	5.5447e-05	4.7666e-04	8.9876e-01	1.0077e-01	1.1755e-36	1.1755e-36	1.1755e-36	5.2817e-29	0.00e+00	0.00e+00	2.5644e+00
3.72335e+19	7.0092e+03	1.927e-21	2.7826e+01	2.9992e+01	1.7079e-16	6.6332e-04	9.9934e-01	9.9446e-02	9.0055e-01	4.7842e-16	5.5730e-20	4.1926e-05	4.0546e-01	5.9445e-01	4.9498e-05	4.8842e-04	9.1268e-01	8.6827e-02	1.1755e-36	1.1755e-36	1.1755e-36	5.4941e-29	0.00e+00	0.00e+00	2.5845e+00
3.73896e+19	7.0321e+03	1.923e-21	2.7826e+01	2.9948e+01	1.7077e-16	6.6726e-04	9.9933e-01	1.2179e-01	8.7821e-01	4.1577e-16	5.9828e-20	4.3617e-05	4.2150e-01	5.7841e-01	4.3666e-05	5.0034e-04	9.2777e-01	7.1732e-02	1.1755e-36	1.1755e-36	1.1755e-36	5.7282e-29	0.00e+00	0.00e+00	2.6008e+00
3.75055e+19	7.0372e+03	1.920e-21	2.7826e+01	2.9881e+01	1.7206e-16	6.7028e-04	9.9933e-01	1.4583e-01	8.5417e-01	3.6774e-16	6.3044e-20	4.4894e-05	4.3414e-01	5.6578e-01	3.9169e-05	5.0960e-04	9.3963e-01	5.9859e-02	1.1755e-36	1.1755e-36	1.1755e-36	5.8804e-29	0.00e+00	0.00e+00	2.6118e+00
3.75872e+19	7.0522e+03	1.914e-21	2.7826e+01	2.9832e+01	1.7134e-16	6.7158e-04	9.9933e-01	1.6849e-01	8.3151e-01	3.3581e-16	6.5296e-20	4.5778e-05	4.4297e-01	5.5695e-01	3.5941e-05	5.1568e-04	9.4808e-01	5.1405e-02	1.1755e-36	1.1755e-36	1.1755e-36	5.9858e-29	0.00e+00	0.00e+00	2.6201e+00
3.76566e+19	7.0498e+03	1.910e-21	2.7826e+01	2.9766e+01	1.7302e-16	6.7333e-04	9.9933e-01	1.9288e-01	8.0712e-01	3.0513e-16	6.7407e-20	4.6522e-05	4.5060e-01	5.4932e-01	3.3063e-05	5.2117e-04	9.5514e-01	4.4341e-02	1.1755e-36	1.1755e-36	1.1755e-36	6.0853e-29	0.00e+00	0.00e+00	2.6281e+00
3.77349e+19	7.0598e+03	1.901e-21	2.7826e+01	2.9687e+01	1.7289e-16	6.7432e-04	9.9933e-01	2.2778e-01	7.7222e-01	2.6989e-16	6.9589e-20	4.7289e-05	4.5874e-01	5.4118e-01	2.9768e-05	5.2662e-04	9.6282e-01	3.6652e-02	1.1755e-36	1.1755e-36	1.1755e-36	6.1776e-29	0.00e+00	0.00e+00	2.6386e+00
3.78159e+19	7.0619e+03	1.892e-21	2.7826e+01	2.9602e+01	1.7298e-16	6.7584e-04	9.9932e-01	2.7651e-01	7.2349e-01	2.2356e-16	7.1580e-20	4.8082e-05	4.6703e-01	5.3290e-01	2.6368e-05	5.3253e-04	9.7075e-01	2.8714e-02	1.1755e-36	1.1755e-36	1.1755e-36	6.2028e-29	0.00e+00	0.00e+00	2.6474e+00
3.78784e+19	7.0582e+03	1.880e-21	2.7826e+01	2.9488e+01	1.7376e-16	6.7630e-04	9.9932e-01	3.2739e-01	6.7261e-01	1.8676e-16	7.3032e-20	4.8566e-05	4.7300e-01	5.2693e-01	2.3668e-05	5.3639e-04	9.7671e-01	2.2752e-02	1.1755e-36	1.1755e-36	1.1755e-36	6.2118e-29	0.00e+00	0.00e+00	2.6535e+00
3.79251e+19	7.0517e+03	1.868e-21	2.7826e+01	2.9370e+01	1.7482e-16	6.7618e-04	9.9932e-01	3.7493e-01	6.2507e-01	1.5935e-16	7.4000e-20	4.8831e-05	4.7702e-01	5.2291e-01	2.1583e-05	5.3871e-04	9.8086e-01	1.8604e-02	1.1755e-36	1.1755e-36	1.1755e-36	6.2055e-29	0.00e+00	0.00e+00	2.6585e+00
3.79734e+19	7.0416e+03	1.853e-21	2.7826e+01	2.9239e+01	1.7647e-16	6.7622e-04	9.9932e-01	4.3325e-01	5.6675e-01	1.3230e-16	7.5006e-20	4.9063e-05	4.8082e-01	5.1912e-01	1.9326e-05	5.4094e-04	9.8466e-01	1.4803e-02	1.1755e-36	1.1755e-36	1.1755e-36	6.2006e-29	0.00e+00	0.00e+00	2.6649e+00
3.80269e+19	7.0281e+03	1.832e-21	2.7826e+01	2.9077e+01	1.7849e-16	6.7604e-04	9.9932e-01	5.0969e-01	4.9031e-01	9.7803e-17	7.5946e-20	4.9235e-05	4.8439e-01	5.1555e-01	1.6894e-05	5.4293e-04	9.8839e-01	1.1065e-02	1.1755e-36	1.1755e-36	1.1755e-36	6.1767e-29	0.00e+00	0.00e+00	2.6712e+00
3.80756e+19	7.0099e+03	1.809e-21	2.7826e+01	2.8892e+01	1.8027e-16	6.7542e-04	9.9932e-01	5.9023e-01	4.0977e-01	6.9860e-17	7.6251e-20	4.9255e-05	4.8691e-01	5.1303e-01	1.4696e-05	5.4402e-04	9.9128e-01	8.1722e-03	1.1755e-36	1.1755e-36	1.1755e-36	6.0771e-29	0.00e+00	0.00e+00	2.6765e+00
3.81192e+19	6.9909e+03	1.785e-21	2.7826e+01	2.8702e+01	1.8213e-16	6.7451e-04	9.9933e-01	6.6716e-01	3.3284e-01	4.9018e-17	7.6299e-20	4.9166e-05	4.8851e-01	5.1143e-01	1.2756e-05	5.4440e-04	9.9338e-01	6.0773e-03	1.1755e-36	1.1755e-36	1.1755e-36	5.9709e-29	0.00e+00	0.00e+00	2.6815e+00
3.81680e+19	6.9659e+03	1.760e-21	2.7826e+01	2.8505e+01	1.8494e-16	6.7422e-04	9.9933e-01	7.5066e-01	2.4934e-01	3.1256e-17	7.6361e-20	4.9063e-05	4.8993e-01	5.1001e-01	1.0641e-05	5.4506e-04	9.9515e-01	4.3014e-03	1.1755e-36	1.1755e-36	1.1755e-36	5.8610e-29	0.00e+00	0.00e+00	2.6881e+00
3.82315e+19	6.9356e+03	1.731e-21	2.7826e+01	2.8294e+01	1.8815e-16	6.7475e-04	9.9933e-01	8.4269e-01	1.5731e-01	1.5410e-17	7.6262e-20	4.8950e-05	4.9125e-01	5.0870e-01	8.1952e-06	5.4627e-04	9.9676e-01	2.6977e-03	1.1755e-36	1.1755e-36	1.1755e-36	5.7136e-29	0.00e+00	0.00e+00	2.6966e+00
3.83140e+19	6.9091e+03	1.703e-21	2.7826e+01	2.8090e+01	1.8934e-16	6.7603e-04	9.9932e-01	9.2276e-01	7.7243e-02	5.3866e-18	7.5436e-20	4.8825e-05	4.9222e-01	5.0772e-01	5.6398e-06	5.4801e-04	9.9800e-01	1.4506e-03	1.1755e-36	1.1755e-36	1.1755e-36	5.4698e-29	0.00e+00	0.00e+00	2.7076e+00
3.84213e+19	6.8918e+03	1.684e-21	2.7826e+01	2.7921e+01	1.8648e-16	6.7856e-04	9.9932e-01	9.7184e-01	2.8164e-02	1.2388e-18	7.3421e-20	4.8736e-05	4.9297e-01	5.0698e-01	3.3611e-06	5.5071e-04	9.9880e-01	6.4895e-04	1.1755e-36	1.1755e-36	1.1755e-36	5.0777e-29	0.00e+00	0.00e+00	2.7221e+00
3.85608e+19	6.8872e+03	1.677e-21	2.7826e+01	2.7850e+01	1.8121e-16	6.8397e-04	9.9932e-01	9.9228e-01	7.7180e-03	1.8814e-19	7.1348e-20	4.8881e-05	4.9425e-01	5.0570e-01	1.6866e-06	5.5582e-04	9.9921e-01	2.3455e-04	1.1755e-36	1.1755e-36	1.1755e-36	4.6857e-29	0.00e+00	0.00e+00	2.7411e+00
3.87421e+19	6.8915e+03	1.678e-21	2.7826e+01	2.7830e+01	1.7846e-16	6.9198e-04	9.9931e-01	9.9831e-01	1.6854e-03	2.0072e-20	7.0836e-20	4.9192e-05	4.9605e-01	5.0390e-01	6.9170e-07	5.6320e-04	9.9937e-01	6.6565e-05	1.1755e-36	1.1755e-36	1.1755e-36	4.5081e-29	0.00e+00	0.00e+00	2.7660e+00
3.89778e+19	6.9011e+03	1.683e-21	2.7826e+01	2.7831e+01	1.7741e-16	7.0291e-04	9.9930e-01	9.9966e-01	3.4257e-04	1.7292e-21	7.1356e-20	4.9647e-05	4.9849e-01	5.0146e-01	2.2099e-07	5.7322e-04	9.9941e-01	1.4421e-05	1.1755e-36	1.1755e-36	1.1755e-36	4.4440e-29	0.00e+00	0.00e+00	2.7989e+00
3.92841e+19	6.9147e+03	1.690e-21	2.7826e+01	2.7841e+01	1.7816e-16	7.1760e-04	9.9928e-01	9.9990e-01	1.0178e-04	2.0790e-22	7.2945e-20	5.0256e-05	5.0174e-01	4.9821e-01	1.1755e-36	5.8672e-04	9.9941e-01	2.3235e-06	1.1755e-36	1.1755e-36	1.1755e-36	4.4790e-29	0.00e+00	0.00e+00	2.8425e+00
3.96824e+19	6.9327e+03	1.699e-21	2.7826e+01	2.7841e+01	1.8021e-16	7.3712e-04	9.9926e-01	9.9994e-01	6.0647e-05	6.0764e-23	7.5466e-20	5.1035e-05	5.0591e-01	4.9404e-01	1.1755e-36	6.0477e-04	9.9939e-01	2.6838e-07	1.1755e-36	1.1755e-36	1.1755e-36	4.5783e-29	0.00e+00	0.00e+00	2.9008e+00
4.02002e+19	6.9565e+03	1.711e-21	2.7826e+01	2.7841e+01	1.8491e-16	7.6382e-04	9.9924e-01	9.9995e-01	4.9172e-05	3.2695e-23	7.9757e-20	5.2060e-05	5.1144e-01	4.8850e-01	1.1755e-36	6.2963e-04	9.9937e-01	2.0595e-08	1.1755e-36	1.1755e-36	1.1755e-36	4.8182e-29	0.00e+00	0.00e+00	2.9794e+00
4.08734e+19	6.9882e+03	1.726e-21	2.7826e+01	2.7840e+01	1.9308e-16	8.0111e-04	9.9920e-01	9.9996e-01	4.1468e-05	2.0458e-23	8.6570e-20	5.3430e-05	5.1883e-01	4.8112e-01	1.1755e-36	6.6464e-04	9.9934e-01	9.2674e-10	1.1755e-36	1.1755e-36	1.1755e-36	5.2481e-29	0.00e+00	0.00e+00	3.0865e+00
4.17485e+19	7.0308e+03	1.748e-21	2.7826e+01	2.7838e+01	2.0848e-16	8.5469e-04	9.9915e-01	9.9997e-01	3.4278e-05	1.2080e-23	9.8399e-20	5.5286e-05	5.2881e-01	4.7114e-01	1.1755e-36	7.1548e-04	9.9928e-01	2.0569e-11	1.1755e-36	1.1755e-36	1.1755e-36	6.1126e-29	0.00e+00	0.00e+00	3.2350e+00
4.28861e+19	7.0885e+03	1.778e-21	2.7826e+01	2.7836e+01	2.3760e-16	9.3457e-04	9.9907e-01	9.9997e-01	2.7201e-05	6.2796e-24	1.2008e-19	5.7833e-05	5.4246e-01	4.5748e-01	1.1755e-36	7.9239e-04	9.9921e-01	1.7928e-13	1.1755e-36	1.1755e-36	1.1755e-36	7.9238e-29	0.00e+00	0.00e+00	3.4462e+00
4.43649e+19	7.1690e+03	1.821e-21	2.7826e+01	2.7832e+01	2.9483e-16	1.0601e-03	9.9894e-01	9.9998e-01	2.0111e-05	2.7229e-24	1.6355e-19	6.1384e-05	5.6144e-01	4.3849e-01	1.1755e-36	9.1569e-04	9.9908e-01	4.5947e-16	1.1755e-36	1.1755e-36	1.1755e-36	1.2159e-28	0.00e+00	0.00e+00	3.7575e+00
4.62875e+19	7.2796e+03	1.884e-21	2.7826e+01	2.7826e+01	4.2346e-16	1.2743e-03	9.9873e-01	9.9999e-01	1.3212e-05	9.1646e-25	2.6684e-19	6.6474e-05	5.8865e-01	4.1129e-01	1.1755e-36	1.1319e-03	9.9887e-01	3.1334e-19	1.1755e-36	1.1755e-36	1.1755e-36	2.4728e-28	0.00e+00	0.00e+00	4.2441e+00
4.82282e+19	7.4143e+03	1.965e-21	2.7826e+01	2.7817e+01	6.6914e-16	1.5954e-03	9.9840e-01	9.9999e-01	7.9501e-06	2.9439e-25	4.8749e-19	7.2212e-05	6.1888e-01	3.8105e-01	1.1755e-36	1.4663e-03	9.9853e-01	4.0428e-20	1.1755e-36	1.1755e-36	1.1755e-36	6.0369e-28	0.00e+00	0.00e+00	4.7229e+00
4.95875e+19	7.5239e+03	2.037e-21	2.7826e+01	2.7807e+01	9.9928e-16	1.9399e-03	9.9806e-01	9.9999e-01	5.4004e-06	1.3272e-25	8.1832e-19	7.6864e-05	6.4342e-01	3.5650e-01	1.1755e-36	1.8362e-03	9.9816e-01	2.6764e-20	1.1755e-36	1.1755e-36	1.1755e-36	1.3022e-27	0.00e+00	0.00e+00	5.0673e+00
5.04234e+19	7.5897e+03	2.088e-21	2.7826e+01	2.7800e+01	1.3149e-15	2.2317e-03	9.9777e-01	1.0000e+00	4.3972e-06	1.1755e-36	1.1618e-18	8.0024e-05	6.6071e-01	3.3921e-01	1.1755e-36	2.1561e-03	9.9784e-01	2.1747e-20	1.1755e-36	1.1755e-36	1.1755e-36	2.1611e-27	0.00e+00	0.00e+00	5.3266e+00
5.10566e+19	7.6465e+03	2.128e-21	2.7826e+01	2.7791e+01	1.6876e-15	2.5053e-03	9.9749e-01	1.0000e+00	3.5625e-06	1.1755e-36	1.5890e-18	8.2695e-05	6.7503e-01	3.2488e-01	1.1755e-36	2.4611e-03	9.9754e-01	2.5619e-20	1.1755e-36	1.1755e-36	1.1755e-36	3.4512e-27	0.00e+00	0.00e+00	5.5929e+00
5.17523e+19	7.7012e+03	2.174e-21	2.7826e+01	2.7781e+01	2.2499e-15	2.8777e-03	9.9712e-01	1.0000e+00	2.8935e-06	1.1755e-36	2.2703e-18	8.5802e-05	6.9252e-01	3.0740e-01	1.1755e-36	2.8817e-03	9.9712e-01	2.6455e-20	1.1755e-36	1.1755e-36	1.1755e-36	5.8035e-27	0.00e+00	0.00e+00	5.9905e+00
5.24899e+19	7.7625e+03	2.230e-21	2.7826e+01	2.7768e+01	3.1502e-15	3.4000e-03	9.9660e-01	1.0000e+00	2.2366e-06	1.1755e-36	3.4318e-18	8.9292e-05	7.1220e-01	2.8771e-01	1.1755e-36	3.4802e-03	9.9652e-01	1.6829e-20	1.1755e-36	1.1755e-36	1.1755e-36	1.0553e-26	0.00e+00	0.00e+00	6.4018e+00
5.30733e+19	7.8113e+03	2.282e-21	2.7826e+01	2.7752e+01	4.3093e-15	3.9679e-03	9.9603e-01	1.0000e+00	1.7983e-06	1.1755e-36	5.0012e-18	9.2321e-05	7.2948e-01	2.7042e-01	1.1755e-36	4.1396e-03	9.9586e-01	1.8516e-20	1.1755e-36	1.1755e-36	1.1755e-36	1.8203e-26	0.00e+00	0.00e+00	6.7353e+00
5.34900e+19	7.8460e+03	2.322e-21	2.7826e+01	2.7735e+01	5.5554e-15	4.4958e-03	9.9550e-01	1.0000e+00	1.5367e-06	1.1755e-36	6.7592e-18	9.4650e-05	7.4312e-01	2.5678e-01	1.1755e-36	4.7589e-03	9.9524e-01	3.0114e-20	1.1755e-36	1.1755e-36	1.1755e-36	2.8135e-26	0.00e+00	0.00e+00	7.0157e+00
5.38318e+19	7.8827e+03	2.354e-21	2.7826e+01	2.7719e+01	6.9276e-15	5.0258e-03	9.9497e-01	1.0000e+00	1.3503e-06	1.1755e-36	8.8149e-18	9.6649e-05	7.5518e-01	2.4473e-01	1.1755e-36	5.3862e-03	9.9461e-01	4.4510e-20	1.1755e-36	1.1755e-36	1.1755e-36	4.1268e-26	0.00e+00	0.00e+00	7.3057e+00
5.42095e+19	7.8943e+03	2.397e-21	2.7826e+01	2.7699e+01	9.2450e-15	5.7654e-03	9.9423e-01	1.0000e+00	1.1630e-06	1.1755e-36	1.2192e-17	9.9152e-05	7.7011e-01	2.2979e-01	1.1755e-36	6.2656e-03	9.9373e-01	4.4287e-20	1.1755e-36	1.1755e-36	1.1755e-36	6.5641e-26	0.00e+00	0.00e+00	7.7383e+00
5.46003e+19	7.9117e+03	2.446e-21	2.7826e+01	2.7680e+01	1.2846e-14	6.7710e-03	9.9323e-01	1.0000e+00	9.6174e-07	1.1755e-36	1.7650e-17	1.0182e-04	7.8634e-01	2.1356e-01	1.1755e-36	7.4703e-03	9.9253e-01	2.6480e-20	1.1755e-36	1.1755e-36	1.1755e-36	1.1142e-25	0.00e+00	0.00e+00	8.1602e+00
5.49004e+19	7.9247e+03	2.487e-21	2.7826e+01	2.7654e+01	1.7254e-14	7.8134e-03	9.9219e-01	1.0000e+00	8.2124e-07	1.1755e-36	2.4494e-17	1.0406e-04	7.9998e-01	1.9991e-01	1.1755e-36	8.7272e-03	9.9127e-01	2.6913e-20	1.1755e-36	1.1755e-36	1.1755e-36	1.7843e-25	0.00e+00	0.00e+00	8.4972e+00
5.51202e+19	7.9289e+03	2.520e-21	2.7826e+01	2.7625e+01	2.2056e-14	8.7911e-03	9.9121e-01	1.0000e+00	7.3217e-07	1.1755e-36	3.2010e-17	1.0582e-04	8.1092e-01	1.8898e-01	1.1755e-36	9.9113e-03	9.9009e-01	2.9806e-20	1.1755e-36	1.1755e-36	1.1755e-36	2.6205e-25	0.00e+00	0.00e+00	8.7971e+00
5.53137e+19	7.9305e+03	2.550e-21	2.7826e+01	2.7590e+01	2.7960e-14	9.8473e-03	9.9015e-01	1.0000e+00	6.5632e-07	1.1755e-36	4.1356e-17	1.0744e-04	8.2124e-01	1.7865e-01	1.1755e-36	1.1195e-02	9.8880e-01	2.8661e-20	1.1755e-36	1.1755e-36	1.1755e-36	3.7859e-25	0.00e+00	0.00e+00	9.1306e+00
5.55354e+19	7.9217e+03	2.586e-21	2.7826e+01	2.7543e+01	3.7913e-14	1.1368e-02	9.8863e-01	1.0000e+00	5.7617e-07	1.1755e-36	5.7046e-17	1.0941e-04	8.3409e-01	1.6580e-01	1.1755e-36	1.3049e-02	9.8695e-01	2.3498e-20	1.1755e-36	1.1755e-36	1.1755e-36	6.0025e-25	0.00e+00	0.00e+00	9.6312e+00
5.57650e+19	7.9043e+03	2.629e-21	2.7826e+01	2.7484e+01	5.4515e-14	1.3487e-02	9.8651e-01	1.0000e+00	4.8057e-07	1.1755e-36	8.3144e-17	1.1156e-04	8.4811e-01	1.5178e-01	1.1755e-36	1.5639e-02	9.8436e-01	1.5953e-20	1.1755e-36	1.1755e-36	1.1755e-36	1.0307e-24	0.00e+00	0.00e+00	1.0125e+01
5.59438e+19	7.8809e+03	2.667e-21	2.7826e+01	2.7420e+01	7.6342e-14	1.5780e-02	9.8422e-01	1.0000e+00	4.1483e-07	1.1755e-36	1.1712e-16	1.1336e-04	8.6015e-01	1.3974e-01	1.1755e-36	1.8449e-02	9.8155e-01	1.2297e-20	1.1755e-36	1.1755e-36	1.1755e-36	1.6862e-24	0.00e+00	0.00e+00	1.0539e+01
5.60811e+19	7.8531e+03	2.700e-21	2.7826e+01	2.7362e+01	1.0295e-13	1.8113e-02	9.8189e-01	1.0000e+00	3.7006e-07	1.1755e-36	1.5794e-16	1.1487e-04	8.7028e-01	1.2960e-01	1.1755e-36	2.1312e-02	9.7869e-01	9.7634e-21	1.1755e-36	1.1755e-36	1.1755e-36	2.5919e-24	0.00e+00	0.00e+00	1.0937e+01
5.62249e+19	7.8124e+03	2.732e-21	2.7826e+01	2.7265e+01	1.4662e-13	2.1276e-02	9.7872e-01	1.0000e+00	3.2686e-07	1.1755e-36	2.2342e-16	1.1645e-04	8.8178e-01	1.1811e-01	1.1755e-36	2.5199e-02	9.7480e-01	7.1866e-21	1.1755e-36	1.1755e-36	1.1755e-36	4.2649e-24	0.00e+00	0.00e+00	1.1545e+01
5.63838e+19	7.7533e+03	2.770e-21	2.7826e+01	2.7130e+01	2.3143e-13	2.6156e-02	9.7384e-01	1.0000e+00	2.6867e-07	1.1755e-36	3.4700e-16	1.1823e-04	8.9515e-01	1.0473e-01	1.1755e-36	3.1196e-02	9.6880e-01	4.5815e-21	1.1755e-36	1.1755e-36	1.1755e-36	8.0385e-24	0.00e+00	0.00e+00	1.2258e+01
5.65185e+19	7.6861e+03	2.804e-21	2.7826e+01	2.6956e+01	3.7265e-13	3.2404e-02	9.6760e-01	1.0000e+00	2.2069e-07	1.1755e-36	5.4516e-16	1.1971e-04	9.0761e-01	9.2268e-02	1.1755e-36	3.8873e-02	9.6113e-01	2.9334e-21	1.1755e-36	1.1755e-36	1.1755e-36	1.5426e-23	0.00e+00	0.00e+00	1.2909e+01
5.66169e+19	7.6213e+03	2.830e-21	2.7826e+01	2.6795e+01	5.7001e-13	3.9176e-02	9.6082e-01	1.0000e+00	1.8842e-07	1.1755e-36	8.1137e-16	1.2082e-04	9.1772e-01	8.2164e-02	1.1755e-36	4.7182e-02	9.5282e-01	2.0449e-21	1.1755e-36	1.1755e-36	1.1755e-36	2.7419e-23	0.00e+00	0.00e+00	1.3476e+01
5.66929e+19	7.5676e+03	2.840e-21	2.7826e+01	2.6597e+01	8.2998e-13	4.6369e-02	9.5363e-01	1.0000e+00	1.6488e-07	1.1755e-36	1.1514e-15	1.2143e-04	9.2602e-01	7.3856e-02	1.1755e-36	5.5990e-02	9.4401e-01	1.5507e-21	1.1755e-36	1.1755e-36	1.1755e-36	4.5529e-23	0.00e+00	0.00e+00	1.4043e+01
5.67562e+19	7.5030e+03	2.849e-21	2.7826e+01	2.6413e+01	1.2014e-12	5.4551e-02	9.4545e-01	1.0000e+00	1.4334e-07	1.1755e-36	1.6116e-15	1.2194e-04	9.3342e-01	6.6455e-02	1.1755e-36	6.5981e-02	9.3402e-01	1.1958e-21	1.1755e-36	1.1755e-36	1.1755e-36	7.4140e-23	0.00e+00	0.00e+00	1.4589e+01
5.68088e+19	7.4575e+03	2.837e-21	2.7826e+01	2.6134e+01	1.6772e-12	6.3367e-02	9.3663e-01	1.0000e+00	1.2636e-07	1.1755e-36	2.1879e-15	1.2183e-04	9.3969e-01	6.0185e-02	1.1755e-36	7.6714e-02	9.2329e-01	9.8007e-22	1.1755e-36	1.1755e-36	1.1755e-36	1.1555e-22	0.00e+00	0.00e+00	1.5128e+01
5.68555e+19	7.3948e+03	2.822e-21	2.7826e+01	2.5848e+01	2.3740e-12	7.3720e-02	9.2628e-01	1.0000e+00	1.1134e-07	1.1755e-36	2.9765e-15	1.2163e-04	9.4562e-01	5.4259e-02	1.1755e-36	8.9269e-02	9.1073e-01	8.0159e-22	1.1755e-36	1.1755e-36	1.1755e-36	1.8056e-22	0.00e+00	0.00e+00	1.5709e+01
5.68986e+19	7.3402e+03	2.790e-21	2.7826e+01	2.5470e+01	3.3712e-12	8.6064e-02	9.1394e-01	1.0000e+00	9.7059e-08	1.1755e-36	4.0642e-15	1.2090e-04	9.5119e-01	4.8687e-02	1.1755e-36	1.0417e-01	8.9583e-01	6.6607e-22	1.1755e-36	1.1755e-36	1.1755e-36	2.8376e-22	0.00e+00	0.00e+00	1.6333e+01
5.69377e+19	7.2782e+03	2.748e-21	2.7826e+01	2.5070e+01	4.8629e-12	1.0099e-01	8.9901e-01	1.0000e+00	8.4189e-08	1.1755e-36	5.6022e-15	1.2001e-04	9.5651e-01	4.3369e-02	1.1755e-36	1.2207e-01	8.7793e-01	5.5323e-22	1.1755e-36	1.1755e-36	1.1755e-36	4.5258e-22	0.00e+00	0.00e+00	1.6988e+01
5.69721e+19	7.2136e+03	2.694e-21	2.7826e+01	2.4626e+01	7.0262e-12	1.1845e-01	8.8155e-01	1.0000e+00	7.2895e-08	1.1755e-36	7.7010e-15	1.1880e-04	9.6138e-01	3.8497e-02	1.1755e-36	1.4286e-01	8.5714e-01	4.6155e-22	1.1755e-36	1.1755e-36	1.1755e-36	7.1935e-22	0.00e+00	0.00e+00	1.7653e+01
5.70019e+19	7.1482e+03	2.622e-21	2.7826e+01	2.4090e+01	1.0045e-11	1.3807e-01	8.6193e-01	1.0000e+00	6.3383e-08	1.1755e-36	1.0414e-14	1.1707e-04	9.6568e-01	3.4207e-02	1.1755e-36	1.6601e-01	8.3399e-01	3.8795e-22	1.1755e-36	1.1755e-36	1.1755e-36	1.1151e-21	0.00e+00	0.00e+00	1.8326e+01
5.70283e+19	7.0758e+03	2.534e-21	2.7826e+01	2.3477e+01	1.4351e-11	1.6040e-01	8.3960e-01	1.0000e+00	5.5198e-08	1.1755e-36	1.3948e-14	1.1490e-04	9.6955e-01	3.0332e-02	1.1755e-36	1.9211e-01	8.0789e-01	3.2656e-22	1.1755e-36	1.1755e-36	1.1755e-36	1.7027e-21	0.00e+00	0.00e+00	1.9033e+01
5.70525e+19	6.9968e+03	2.419e-21	2.7826e+01	2.2682e+01	2.0540e-11	1.8587e-01	8.1413e-01	1.0000e+00	4.7792e-08	1.1755e-36	1.8459e-14	1.1180e-04	9.7305e-01	2.6840e-02	1.1755e-36	2.2156e-01	7.7844e-01	2.7460e-22	1.1755e-36	1.1755e-36	1.1755e-36	2.5448e-21	0.00e+00	0.00e+00	1.9793e+01
5.70752e+19	6.8978e+03	2.288e-21	2.7826e+01	2.1826e+01	3.0189e-11	2.1652e-01	7.8348e-01	1.0000e+00	4.1002e-08	1.1755e-36	2.4647e-14	1.0838e-04	9.7641e-01	2.3477e-02	1.1755e-36	2.5654e-01	7.4346e-01	2.2818e-22	1.1755e-36	1.1755e-36	1.1755e-36	3.8499e-21	0.00e+00	0.00e+00	2.0630e+01
5.70962e+19	6.7779e+03	2.134e-21	2.7826e+01	2.0826e+01	4.5258e-11	2.5243e-01	7.4757e-01	1.0000e+00	3.4842e-08	1.1755e-36	3.2785e-14	1.0421e-04	9.7953e-01	2.0368e-02	1.1755e-36	2.9690e-01	7.0310e-01	1.8793e-22	1.1755e-36	1.1755e-36	1.1755e-36	5.7695e-21	0.00e+00	0.00e+00	2.1517e+01
5.71145e+19	6.6410e+03	1.969e-21	2.7826e+01	1.9742e+01	6.7573e-11	2.9138e-01	7.0862e-01	1.0000e+00	2.9600e-08	1.1755e-36	4.2556e-14	9.9559e-05	9.8221e-01	1.7687e-02	1.1755e-36	3.3992e-01	6.6008e-01	1.5530e-22	1.1755e-36	1.1755e-36	1.1755e-36	8.3068e-21	0.00e+00	0.00e+00	2.2370e+01
5.71289e+19	6.5039e+03	1.817e-21	2.7826e+01	1.8736e+01	9.6264e-11	3.2816e-01	6.7184e-01	1.0000e+00	2.5573e-08	1.1755e-36	5.2578e-14	9.5150e-05	9.8429e-01	1.5616e-02	1.1755e-36	3.7985e-01	6.2015e-01	1.3148e-22	1.1755e-36	1.1755e-36	1.1755e-36	1.1109e-20	0.00e+00	0.00e+00	2.3070e+01
5.71395e+19	6.3802e+03	1.691e-21	2.7826e+01	1.7867e+01	1.2802e-10	3.5878e-01	6.4122e-01	1.0000e+00	2.3099e-08	1.1755e-36	6.1302e-14	9.1278e-05	9.8577e-01	1.4141e-02	1.1755e-36	4.1260e-01	5.8740e-01	1.1534e-22	1.1755e-36	1.1755e-36	1.1755e-36	1.3638e-20	0.00e+00	0.00e+00	2.3639e+01
5.71477e+19	6.2674e+03	1.586e-21	2.7826e+01	1.7135e+01	1.6275e-10	3.8504e-01	6.1496e-01	1.0000e+00	2.1286e-08	1.1755e-36	6.9071e-14	8.7989e-05	9.8690e-01	1.3012e-02	1.1755e-36	4.4032e-01	5.5968e-01	1.0353e-22	1.1755e-36	1.1755e-36	1.1755e-36	1.5945e-20	0.00e+00	0.00e+00	2.4142e+01
5.71549e+19	6.1537e+03	1.489e-21	2.7826e+01	1.6442e+01	2.0401e-10	4.0985e-01	5.9015e-01	1.0000e+00	1.9756e-08	1.1755e-36	7.6578e-14	8.4858e-05	9.8787e-01	1.2041e-02	1.1755e-36	4.6622e-01	5.3378e-01	9.3767e-23	1.1755e-36	1.1755e-36	1.1755e-36	1.8192e-20	0.00e+00	0.00e+00	2.4643e+01
5.71617e+19	6.0327e+03	1.394e-21	2.7826e+01	1.5747e+01	2.5604e-10	4.3475e-01	5.6525e-01	1.0000e+00	1.8236e-08	1.1755e-36	8.4233e-14	8.1690e-05	9.8877e-01	1.1149e-02	1.1755e-36	4.9193e-01	5.0807e-01	8.5090e-23	1.1755e-36	1.1755e-36	1.1755e-36	2.0479e-20	0.00e+00	0.00e+00	2.5148e+01
5.71680e+19	5.9053e+03	1.304e-21	2.7826e+01	1.5069e+01	3.2101e-10	4.5924e-01	5.4076e-01	1.0000e+00	1.6822e-08	1.1755e-36	9.1863e-14	7.8592e-05	9.8958e-01	1.0343e-02	1.1755e-36	5.1694e-01	4.8306e-01	7.7496e-23	1.1755e-36	1.1755e-36	1.1755e-36	2.2741e-20	0.00e+00	0.00e+00	2.5631e+01
5.71737e+19	5.7793e+03	1.221e-21	2.7826e+01	1.4429e+01	3.9779e-10	4.8221e-01	5.1779e-01	1.0000e+00	1.5638e-08	1.1755e-36	9.9056e-14	7.5653e-05	9.9028e-01	9.6409e-03	1.1755e-36	5.4016e-01	4.5984e-01	7.1077e-23	1.1755e-36	1.1755e-36	1.1755e-36	2.4834e-20	0.00e+00	0.00e+00	2.6082e+01
5.71787e+19	5.6547e+03	1.146e-21	2.7826e+01	1.3834e+01	4.8752e-10	5.0362e-01	4.9638e-01	1.0000e+00	1.4634e-08	1.1755e-36	1.0578e-13	7.2904e-05	9.9090e-01	9.0287e-03	1.1755e-36	5.6160e-01	4.3840e-01	6.5634e-23	1.1755e-36	1.1755e-36	1.1755e-36	2.6750e-20	0.00e+00	0.00e+00	2.6507e+01
5.71833e+19	5.5288e+03	1.076e-21	2.7826e+01	1.3269e+01	5.9391e-10	5.2393e-01	4.7607e-01	1.0000e+00	1.3750e-08	1.1755e-36	1.1217e-13	7.0293e-05	9.9145e-01	8.4821e-03	1.1755e-36	5.8175e-01	4.1825e-01	6.0901e-23	1.1755e-36	1.1755e-36	1.1755e-36	2.8526e-20	0.00e+00	0.00e+00	2.6918e+01
5.71877e+19	5.4015e+03	1.012e-21	2.7826e+01	1.2727e+01	7.2003e-10	5.4341e-01	4.5659e-01	1.0000e+00	1.2937e-08	1.1755e-36	1.1833e-13	6.7783e-05	9.9195e-01	7.9853e-03	1.1755e-36	6.0092e-01	3.9908e-01	5.6698e-23	1.1755e-36	1.1755e-36	1.1755e-36	3.0202e-20	0.00e+00	0.00e+00	2.7318e+01
5.71912e+19	5.2978e+03	9.615e-22	2.7826e+01	1.2297e+01	8.3888e-10	5.5886e-01	4.4114e-01	1.0000e+00	1.2160e-08	1.1755e-36	1.2322e-13	6.5786e-05	9.9232e-01	7.6101e-03	1.1755e-36	6.1601e-01	3.8399e-01	5.3568e-23	1.1755e-36	1.1755e-36	1.1755e-36	3.1515e-20	0.00e+00	0.00e+00	2.7591e+01
5.71937e+19	5.2151e+03	9.244e-22	2.7826e+01	1.1971e+01	9.4346e-10	5.7051e-01	4.2949e-01	1.0000e+00	1.1838e-08	1.1755e-36	1.2692e-13	6.4273e-05	9.9260e-01	7.3368e-03	1.1755e-36	6.2732e-01	3.7268e-01	5.1331e-23	1.1755e-36	1.1755e-36	1.1755e-36	3.2491e-20	0.00e+00	0.00e+00	2.7821e+01
5.71961e+19	5.1302e+03	8.888e-22	2.7826e+01	1.1656e+01	1.0605e-09	5.8198e-01	4.1802e-01	1.0000e+00	1.1494e-08	1.1755e-36	1.3062e-13	6.2811e-05	9.9286e-01	7.0750e-03	1.1755e-36	6.3840e-01	3.6160e-01	4.9221e-23	1.1755e-36	1.1755e-36	1.1755e-36	3.3478e-20	0.00e+00	0.00e+00	2.8075e+01
5.71987e+19	5.0323e+03	8.505e-22	2.7826e+01	1.1305e+01	1.2075e-09	5.9453e-01	4.0547e-01	1.0000e+00	1.1034e-08	1.1755e-36	1.3467e-13	6.1192e-05	9.9314e-01	6.7980e-03	1.1755e-36	6.5047e-01	3.4953e-01	4.7019e-23	1.1755e-36	1.1755e-36	1.1755e-36	3.4544e-20	0.00e+00	0.00e+00	2.8357e+01
5.72014e+19	4.9257e+03	8.118e-22	2.7826e+01	1.0945e+01	1.3797e-09	6.0764e-01	3.9236e-01	1.0000e+00	1.0524e-08	1.1755e-36	1.3875e-13	5.9535e-05	9.9343e-01	6.5073e-03	1.1755e-36	6.6302e-01	3.3698e-01	4.4813e-23	1.1755e-36	1.1755e-36	1.1755e-36	3.5501e-20	0.00e+00	0.00e+00	2.8643e+01
5.72040e+19	4.8187e+03	7.750e-22	2.7826e+01	1.0593e+01	1.5648e-09	6.2028e-01	3.7972e-01	1.0000e+00	1.0060e-08	1.1755e-36	1.4246e-13	5.7920e-05	9.9371e-01	6.2310e-03	1.1755e-36	6.7505e-01	3.2495e-01	4.2782e-23	1.1755e-36	1.1755e-36	1.1755e-36	3.6235e-20	0.00e+00	0.00e+00	2.8917e+01
5.72064e+19	4.7115e+03	7.404e-22	2.7826e+01	1.0256e+01	1.7618e-09	6.3246e-01	3.6754e-01	1.0000e+00	9.6477e-09	1.1755e-36	1.4595e-13	5.6383e-05	9.9397e-01	5.9713e-03	1.1755e-36	6.8658e-01	3.1342e-01	4.0903e-23	1.1755e-36	1.1755e-36	1.1755e-36	3.6852e-20	0.00e+00	0.00e+00	2.9187e+01
5.72088e+19	4.6088e+03	7.069e-22	2.7826e+01	9.9217e+00	1.9586e-09	6.4409e-01	3.5591e-01	1.0000e+00	9.2630e-09	1.1755e-36	1.4901e-13	5.4844e-05	9.9422e-01	5.7293e-03	1.1755e-36	6.9754e-01	3.0246e-01	3.9162e-23	1.1755e-36	1.1755e-36	1.1755e-36	3.7240e-20	0.00e+00	0.00e+00	2.9457e+01
5.72113e+19	4.4947e+03	6.741e-22	2.7826e+01	9.5871e+00	2.1797e-09	6.5612e-01	3.4388e-01	1.0000e+00	8.8703e-09	1.1755e-36	1.5211e-13	5.3333e-05	9.9446e-01	5.4847e-03	1.1755e-36	7.0883e-01	2.9117e-01	3.7441e-23	1.1755e-36	1.1755e-36	1.1755e-36	3.7538e-20	0.00e+00	0.00e+00	2.9737e+01
5.72137e+19	4.3781e+03	6.423e-22	2.7826e+01	9.2558e+00	2.4033e-09	6.6803e-01	3.3197e-01	1.0000e+00	8.4622e-09	1.1755e-36	1.5495e-13	5.1847e-05	9.9470e-01	5.2482e-03	1.1755e-36	7.1995e-01	2.8005e-01	3.5796e-23	1.1755e-36	1.1755e-36	1.1755e-36	3.7623e-20	0.00e+00	0.00e+00	3.0014e+01
5.72160e+19	4.2611e+03	6.122e-22	2.7826e+01	8.9349e+00	2.6173e-09	6.7957e-01	3.2043e-01	1.0000e+00	8.0778e-09	1.1755e-36	1.5743e-13	5.0423e-05	9.9493e-01	5.0243e-03	1.1755e-36	7.3067e-01	2.6933e-01	3.4256e-23	1.1755e-36	1.1755e-36	1.1755e-36	3.7461e-20	0.00e+00	0.00e+00	3.0286e+01
5.72182e+19	4.1397e+03	5.836e-22	2.7826e+01	8.6220e+00	2.8202e-09	6.9091e-01	3.0909e-01	1.0000e+00	7.6967e-09	1.1755e-36	1.5960e-13	4.9062e-05	9.9514e-01	4.8091e-03	1.1755e-36	7.4117e-01	2.5883e-01	3.2797e-23	1.1755e-36	1.1755e-36	1.1755e-36	3.7037e-20	0.00e+00	0.00e+00	3.0556e+01
5.72204e+19	4.0204e+03	5.563e-22	2.7826e+01	8.3172e+00	2.9939e-09	7.0187e-01	2.9813e-01	1.0000e+00	7.3006e-09	1.1755e-36	1.6136e-13	4.7746e-05	9.9535e-01	4.6058e-03	1.1755e-36	7.5127e-01	2.4873e-01	3.1421e-23	1.1755e-36	1.1755e-36	1.1755e-36	3.6334e-20	0.00e+00	0.00e+00	3.0823e+01
5.72226e+19	3.8992e+03	5.300e-22	2.7826e+01	8.0178e+00	3.1391e-09	7.1263e-01	2.8737e-01	1.0000e+00	6.8403e-09	1.1755e-36	1.6277e-13	4.6477e-05	9.9554e-01	4.4103e-03	1.1755e-36	7.6115e-01	2.3885e-01	3.0107e-23	1.1755e-36	1.1755e-36	1.1755e-36	3.5360e-20	0.00e+00	0.00e+00	3.1092e+01
