#depth	Te	Htot	hden	eden	2H_2/H	HI	HII	HeI	HeII	HeIII	CO/C	C1	C2	C3	C4	O1	O2	O3	O4	O5	O6	H2O/O	AV(point)	AV(extend)	Tau912
5.56148e+14	5.8004e+03	3.323e-22	1.0000e+01	1.0873e+01	2.3875e-16	2.9112e-04	9.9971e-01	2.1218e-03	9.9077e-01	7.1097e-03	3.0902e-22	2.8181e-06	3.7932e-02	9.5827e-01	3.7978e-03	2.2852e-05	1.3608e-01	8.6036e-01	3.5311e-03	1.1755e-36	1.1755e-36	2.4150e-30	0.00e+00	0.00e+00	2.0441e-05
3.33689e+15	5.7999e+03	3.323e-22	1.0000e+01	1.0873e+01	2.3877e-16	2.9108e-04	9.9971e-01	2.1217e-03	9.9077e-01	7.1037e-03	3.0871e-22	2.8167e-06	3.7928e-02	9.5826e-01	3.8073e-03	2.2838e-05	1.3602e-01	8.6044e-01	3.5183e-03	1.1755e-36	1.1755e-36	2.4122e-30	0.00e+00	0.00e+00	1.0219e-04
1.44599e+16	5.7992e+03	3.322e-22	1.0000e+01	1.0872e+01	2.3880e-16	2.9102e-04	9.9971e-01	2.1217e-03	9.9082e-01	7.0573e-03	3.0845e-22	2.8149e-06	3.7927e-02	9.5827e-01	3.8049e-03	2.2830e-05	1.3600e-01	8.6051e-01	3.4662e-03	1.1755e-36	1.1755e-36	2.4094e-30	0.00e+00	0.00e+00	4.2914e-04
5.89517e+16	5.7968e+03	3.321e-22	1.0000e+01	1.0872e+01	2.3910e-16	2.9094e-04	9.9971e-01	2.1226e-03	9.9106e-01	6.8159e-03	3.0835e-22	2.8121e-06	3.7936e-02	9.5828e-01	3.7850e-03	2.2836e-05	1.3605e-01	8.6066e-01	3.2664e-03	1.1755e-36	1.1755e-36	2.4064e-30	0.00e+00	0.00e+00	1.7366e-03
1.40817e+17	5.7881e+03	3.316e-22	1.0000e+01	1.0872e+01	2.3996e-16	2.9048e-04	9.9971e-01	2.1221e-03	9.9121e-01	6.6674e-03	3.0714e-22	2.8022e-06	3.7930e-02	9.5830e-01	3.7672e-03	2.2819e-05	1.3605e-01	8.6094e-01	2.9910e-03	1.1755e-36	1.1755e-36	2.3898e-30	0.00e+00	0.00e+00	3.4335e-03
2.47241e+17	5.7768e+03	3.310e-22	1.0000e+01	1.0872e+01	2.4148e-16	2.9012e-04	9.9971e-01	2.1231e-03	9.9160e-01	6.2775e-03	3.0650e-22	2.7966e-06	3.7944e-02	9.5832e-01	3.7288e-03	2.2828e-05	1.3613e-01	8.6119e-01	2.6608e-03	1.1755e-36	1.1755e-36	2.3758e-30	0.00e+00	0.00e+00	5.6368e-03
3.85593e+17	5.7672e+03	3.302e-22	1.0000e+01	1.0871e+01	2.4245e-16	2.8961e-04	9.9971e-01	2.1242e-03	9.9221e-01	5.6623e-03	3.0566e-22	2.7908e-06	3.7952e-02	9.5837e-01	3.6731e-03	2.2839e-05	1.3625e-01	8.6145e-01	2.2798e-03	1.1755e-36	1.1755e-36	2.3600e-30	0.00e+00	0.00e+00	8.4961e-03
5.65450e+17	5.7526e+03	3.294e-22	1.0000e+01	1.0871e+01	2.4308e-16	2.8917e-04	9.9971e-01	2.1268e-03	9.9304e-01	4.8298e-03	3.0360e-22	2.7873e-06	3.7982e-02	9.5842e-01	3.5978e-03	2.2887e-05	1.3652e-01	8.6160e-01	1.8591e-03	1.1755e-36	1.1755e-36	2.3175e-30	0.00e+00	0.00e+00	1.2208e-02
7.99265e+17	5.7373e+03	3.284e-22	1.0000e+01	1.0870e+01	2.4505e-16	2.8863e-04	9.9971e-01	2.1299e-03	9.9404e-01	3.8328e-03	3.0344e-22	2.7841e-06	3.8018e-02	9.5847e-01	3.5081e-03	2.2960e-05	1.3694e-01	8.6162e-01	1.4216e-03	1.1755e-36	1.1755e-36	2.3020e-30	0.00e+00	0.00e+00	1.7023e-02
1.10322e+18	5.7169e+03	3.273e-22	1.0000e+01	1.0869e+01	2.4587e-16	2.8812e-04	9.9971e-01	2.1346e-03	9.9510e-01	2.7699e-03	3.0118e-22	2.7831e-06	3.8081e-02	9.5851e-01	3.4077e-03	2.3086e-05	1.3759e-01	8.6138e-01	1.0001e-03	1.1755e-36	1.1755e-36	2.2449e-30	0.00e+00	0.00e+00	2.3273e-02
1.49837e+18	5.6944e+03	3.259e-22	1.0000e+01	1.0868e+01	2.4917e-16	2.8755e-04	9.9971e-01	2.1400e-03	9.9608e-01	1.7789e-03	3.0212e-22	2.7833e-06	3.8162e-02	9.5853e-01	3.3064e-03	2.3259e-05	1.3847e-01	8.6087e-01	6.3259e-04	1.1755e-36	1.1755e-36	2.2309e-30	0.00e+00	0.00e+00	3.1381e-02
2.01206e+18	5.6683e+03	3.243e-22	1.0000e+01	1.0867e+01	2.5076e-16	2.8697e-04	9.9971e-01	2.1465e-03	9.9687e-01	9.8643e-04	3.0068e-22	2.7865e-06	3.8273e-02	9.5851e-01	3.2104e-03	2.3489e-05	1.3959e-01	8.6003e-01	3.4984e-04	1.1755e-36	1.1755e-36	2.1722e-30	0.00e+00	0.00e+00	4.1901e-02
2.67986e+18	5.6349e+03	3.225e-22	1.0000e+01	1.0867e+01	2.5660e-16	2.8654e-04	9.9971e-01	2.1557e-03	9.9739e-01	4.5686e-04	3.0356e-22	2.7938e-06	3.8443e-02	9.5843e-01	3.1203e-03	2.3806e-05	1.4104e-01	8.5877e-01	1.6373e-04	1.1755e-36	1.1755e-36	2.1628e-30	0.00e+00	0.00e+00	5.5556e-02
3.54800e+18	5.5950e+03	3.204e-22	1.0000e+01	1.0866e+01	2.6008e-16	2.8628e-04	9.9971e-01	2.1681e-03	9.9766e-01	1.7037e-04	3.0291e-22	2.8069e-06	3.8684e-02	9.5828e-01	3.0331e-03	2.4221e-05	1.4284e-01	8.5707e-01	6.2548e-05	1.1755e-36	1.1755e-36	2.0859e-30	0.00e+00	0.00e+00	7.3291e-02
4.67658e+18	5.5483e+03	3.180e-22	1.0000e+01	1.0866e+01	2.6798e-16	2.8628e-04	9.9971e-01	2.1854e-03	9.9777e-01	4.9206e-05	3.0699e-22	2.8280e-06	3.9018e-02	9.5804e-01	2.9403e-03	2.4767e-05	1.4508e-01	8.5487e-01	1.8799e-05	1.1755e-36	1.1755e-36	2.0564e-30	0.00e+00	0.00e+00	9.6347e-02
6.14373e+18	5.4946e+03	3.153e-22	1.0000e+01	1.0866e+01	2.7444e-16	2.8668e-04	9.9971e-01	2.2097e-03	9.9778e-01	1.0652e-05	3.0919e-22	2.8606e-06	3.9482e-02	9.5768e-01	2.8331e-03	2.5498e-05	1.4795e-01	8.5202e-01	4.3186e-06	1.1755e-36	1.1755e-36	1.9751e-30	0.00e+00	0.00e+00	1.2636e-01
8.05103e+18	5.4340e+03	3.122e-22	1.0000e+01	1.0866e+01	2.8304e-16	2.8773e-04	9.9971e-01	2.2441e-03	9.9775e-01	1.7163e-06	3.1436e-22	2.9094e-06	4.0125e-02	9.5717e-01	2.7041e-03	2.6491e-05	1.5167e-01	8.4831e-01	7.5444e-07	1.1755e-36	1.1755e-36	1.9002e-30	0.00e+00	0.00e+00	1.6552e-01
1.05305e+19	5.3678e+03	3.087e-22	1.0000e+01	1.0866e+01	2.9532e-16	2.8975e-04	9.9971e-01	2.2932e-03	9.9771e-01	2.1494e-07	3.2534e-22	2.9820e-06	4.1023e-02	9.5643e-01	2.5476e-03	2.7858e-05	1.5657e-01	8.4340e-01	1.1755e-36	1.1755e-36	1.1755e-36	1.8521e-30	0.00e+00	0.00e+00	2.1679e-01
1.37538e+19	5.2988e+03	3.048e-22	1.0000e+01	1.0866e+01	3.0834e-16	2.9319e-04	9.9971e-01	2.3637e-03	9.9764e-01	2.2592e-08	3.4097e-22	3.0899e-06	4.2285e-02	9.5535e-01	2.3598e-03	2.9764e-05	1.6310e-01	8.3687e-01	1.1755e-36	1.1755e-36	1.1755e-36	1.7958e-30	0.00e+00	0.00e+00	2.8423e-01
1.79442e+19	5.2318e+03	3.005e-22	1.0000e+01	1.0866e+01	3.2593e-16	2.9877e-04	9.9970e-01	2.4663e-03	9.9753e-01	2.0653e-09	3.6972e-22	3.2509e-06	4.4084e-02	9.5378e-01	2.1373e-03	3.2480e-05	1.7195e-01	8.2802e-01	1.1755e-36	1.1755e-36	1.1755e-36	1.7911e-30	0.00e+00	0.00e+00	3.7357e-01
2.13283e+19	5.1346e+03	2.960e-22	1.0000e+01	1.0866e+01	3.2922e-16	2.9975e-04	9.9970e-01	2.5256e-03	9.9747e-01	3.4804e-10	3.5931e-22	3.3317e-06	4.5205e-02	9.5281e-01	1.9784e-03	3.4305e-05	1.7843e-01	8.2154e-01	1.1755e-36	1.1755e-36	1.1755e-36	1.5289e-30	0.00e+00	0.00e+00	4.1200e-01
2.34611e+19	5.1164e+03	2.942e-22	1.0000e+01	1.0865e+01	3.3327e-16	3.0308e-04	9.9970e-01	2.5849e-03	9.9742e-01	1.3519e-10	3.7342e-22	3.4262e-06	4.6221e-02	9.5189e-01	1.8824e-03	3.5846e-05	1.8320e-01	8.1677e-01	1.1755e-36	1.1755e-36	1.1755e-36	1.5198e-30	0.00e+00	0.00e+00	4.5475e-01
2.58072e+19	5.1021e+03	2.924e-22	1.0000e+01	1.0865e+01	3.4008e-16	3.0705e-04	9.9969e-01	2.6545e-03	9.9735e-01	5.1355e-11	3.9435e-22	3.5376e-06	4.7402e-02	9.5081e-01	1.7822e-03	3.7652e-05	1.8864e-01	8.1133e-01	1.1755e-36	1.1755e-36	1.1755e-36	1.5458e-30	0.00e+00	0.00e+00	5.0239e-01
2.83879e+19	5.0926e+03	2.905e-22	1.0000e+01	1.0865e+01	3.4261e-16	3.1175e-04	9.9969e-01	2.7369e-03	9.9726e-01	1.9079e-11	4.1531e-22	3.6697e-06	4.8781e-02	9.4954e-01	1.6774e-03	3.9780e-05	1.9489e-01	8.0507e-01	1.1755e-36	1.1755e-36	1.1755e-36	1.5445e-30	0.00e+00	0.00e+00	5.5560e-01
3.12267e+19	5.0839e+03	2.887e-22	1.0000e+01	1.0865e+01	3.4791e-16	3.1756e-04	9.9968e-01	2.8367e-03	9.9716e-01	6.9278e-12	4.4466e-22	3.8307e-06	5.0439e-02	9.4799e-01	1.5671e-03	4.2363e-05	2.0225e-01	7.9771e-01	1.1755e-36	1.1755e-36	1.1755e-36	1.5696e-30	0.00e+00	0.00e+00	6.1522e-01
3.43494e+19	5.0882e+03	2.867e-22	1.0000e+01	1.0865e+01	3.5028e-16	3.2416e-04	9.9968e-01	2.9546e-03	9.9705e-01	2.4635e-12	4.8129e-22	4.0207e-06	5.2369e-02	9.4617e-01	1.4539e-03	4.5414e-05	2.1072e-01	7.8924e-01	1.1755e-36	1.1755e-36	1.1755e-36	1.6105e-30	0.00e+00	0.00e+00	6.8216e-01
3.77843e+19	5.1070e+03	2.843e-22	1.0000e+01	1.0864e+01	3.4904e-16	3.3175e-04	9.9967e-01	3.0968e-03	9.9690e-01	8.5895e-13	5.2713e-22	4.2472e-06	5.4645e-02	9.4401e-01	1.3380e-03	4.9077e-05	2.2060e-01	7.7935e-01	1.1755e-36	1.1755e-36	1.1755e-36	1.6667e-30	0.00e+00	0.00e+00	7.5752e-01
4.15627e+19	5.1323e+03	2.821e-22	1.0000e+01	1.0864e+01	3.5176e-16	3.4110e-04	9.9966e-01	3.2745e-03	9.9673e-01	2.9425e-13	5.9547e-22	4.5305e-06	5.7454e-02	9.4132e-01	1.2177e-03	5.3671e-05	2.3256e-01	7.6739e-01	1.1755e-36	1.1755e-36	1.1755e-36	1.7914e-30	0.00e+00	0.00e+00	8.4276e-01
4.57190e+19	5.1658e+03	2.799e-22	1.0000e+01	1.0864e+01	3.5467e-16	3.5266e-04	9.9965e-01	3.4998e-03	9.9650e-01	9.9964e-14	6.8970e-22	4.8945e-06	6.0994e-02	9.3791e-01	1.0934e-03	5.9550e-05	2.4723e-01	7.5271e-01	1.1755e-36	1.1755e-36	1.1755e-36	1.9611e-30	0.00e+00	0.00e+00	9.3969e-01
5.02909e+19	5.2286e+03	2.772e-22	1.0000e+01	1.0863e+01	3.5298e-16	3.6598e-04	9.9963e-01	3.7845e-03	9.9622e-01	3.4551e-14	8.2465e-22	5.3450e-06	6.5341e-02	9.3368e-01	9.6857e-04	6.6954e-05	2.6502e-01	7.3491e-01	1.1755e-36	1.1755e-36	1.1755e-36	2.2310e-30	0.00e+00	0.00e+00	1.0504e+00
5.53200e+19	5.3075e+03	2.745e-22	1.0000e+01	1.0862e+01	3.4895e-16	3.8256e-04	9.9962e-01	4.1653e-03	9.9583e-01	1.2716e-14	1.0203e-21	5.9386e-06	7.1005e-02	9.2815e-01	8.4148e-04	7.6825e-05	2.8757e-01	7.1235e-01	1.1755e-36	1.1755e-36	1.1755e-36	2.5953e-30	0.00e+00	0.00e+00	1.1776e+00
6.08520e+19	5.4134e+03	2.717e-22	1.0000e+01	1.0862e+01	3.4654e-16	4.0303e-04	9.9960e-01	4.6901e-03	9.9531e-01	5.3635e-15	1.3435e-21	6.7384e-06	7.8554e-02	9.2073e-01	7.1366e-04	9.0286e-05	3.1665e-01	6.8326e-01	1.1755e-36	1.1755e-36	1.1755e-36	3.2429e-30	0.00e+00	0.00e+00	1.3250e+00
6.69372e+19	5.5536e+03	2.686e-22	1.0000e+01	1.0860e+01	3.4064e-16	4.2865e-04	9.9957e-01	5.4537e-03	9.9455e-01	2.7307e-15	1.8857e-21	7.8611e-06	8.9036e-02	9.1037e-01	5.8623e-04	1.0932e-04	3.5514e-01	6.4475e-01	1.1755e-36	1.1755e-36	1.1755e-36	4.2831e-30	0.00e+00	0.00e+00	1.4975e+00
7.31895e+19	5.7265e+03	2.654e-22	1.0000e+01	1.0859e+01	3.3119e-16	4.5828e-04	9.9954e-01	6.5506e-03	9.9345e-01	1.6580e-15	2.7961e-21	9.3857e-06	1.0321e-01	8.9631e-01	4.6962e-04	1.3528e-04	4.0438e-01	5.9548e-01	1.1755e-36	1.1755e-36	1.1755e-36	5.9416e-30	0.00e+00	0.00e+00	1.6749e+00
7.88527e+19	5.9139e+03	2.625e-22	1.0000e+01	1.0857e+01	3.1694e-16	4.8869e-04	9.9951e-01	8.0317e-03	9.9197e-01	1.1506e-15	4.1719e-21	1.1286e-05	1.2085e-01	8.7877e-01	3.7435e-04	1.6710e-04	4.6098e-01	5.3885e-01	1.1755e-36	1.1755e-36	1.1755e-36	8.1854e-30	0.00e+00	0.00e+00	1.8352e+00
8.36151e+19	6.0950e+03	2.599e-22	1.0000e+01	1.0855e+01	3.0327e-16	5.1775e-04	9.9948e-01	9.9342e-03	9.9007e-01	8.7143e-16	6.1097e-21	1.3505e-05	1.4141e-01	8.5828e-01	3.0016e-04	2.0268e-04	5.2009e-01	4.7970e-01	1.1755e-36	1.1755e-36	1.1755e-36	1.1013e-29	0.00e+00	0.00e+00	1.9767e+00
8.71496e+19	6.2495e+03	2.580e-22	1.0000e+01	1.0852e+01	2.9129e-16	5.4080e-04	9.9946e-01	1.2115e-02	9.8788e-01	6.9399e-16	8.3927e-21	1.5737e-05	1.6221e-01	8.3753e-01	2.4939e-04	2.3627e-04	5.7388e-01	4.2589e-01	1.1755e-36	1.1755e-36	1.1755e-36	1.4015e-29	0.00e+00	0.00e+00	2.0703e+00
8.94562e+19	6.3570e+03	2.568e-22	1.0000e+01	1.0850e+01	2.8163e-16	5.5712e-04	9.9944e-01	1.4165e-02	9.8583e-01	6.0958e-16	1.0455e-20	1.7613e-05	1.7970e-01	8.2007e-01	2.1692e-04	2.6248e-04	6.1397e-01	3.8577e-01	1.1755e-36	1.1755e-36	1.1755e-36	1.6290e-29	0.00e+00	0.00e+00	2.1361e+00
9.12224e+19	6.4392e+03	2.558e-22	1.0000e+01	1.0848e+01	2.7987e-16	5.7083e-04	9.9943e-01	1.6246e-02	9.8375e-01	5.5097e-16	1.2704e-20	1.9344e-05	1.9575e-01	8.0403e-01	1.9209e-04	2.8513e-04	6.4679e-01	3.5292e-01	1.1755e-36	1.1755e-36	1.1755e-36	1.8977e-29	0.00e+00	0.00e+00	2.1959e+00
9.31316e+19	6.5250e+03	2.549e-22	1.0000e+01	1.0845e+01	2.7877e-16	5.8740e-04	9.9941e-01	1.9237e-02	9.8076e-01	4.9108e-16	1.5788e-20	2.1576e-05	2.1629e-01	7.8352e-01	1.6508e-04	3.1239e-04	6.8366e-01	3.1603e-01	1.1755e-36	1.1755e-36	1.1755e-36	2.2256e-29	0.00e+00	0.00e+00	2.2760e+00
9.50900e+19	6.6210e+03	2.540e-22	1.0000e+01	1.0841e+01	2.7514e-16	6.0430e-04	9.9940e-01	2.3643e-02	9.7636e-01	4.0983e-16	1.9877e-20	2.4341e-05	2.4191e-01	7.5793e-01	1.3945e-04	3.4383e-04	7.2607e-01	2.7359e-01	1.1755e-36	1.1755e-36	1.1755e-36	2.6083e-29	0.00e+00	0.00e+00	2.3431e+00
9.65451e+19	6.6965e+03	2.534e-22	1.0000e+01	1.0836e+01	2.7147e-16	6.1712e-04	9.9938e-01	2.8608e-02	9.7139e-01	3.5865e-16	2.3857e-20	2.6895e-05	2.6567e-01	7.3418e-01	1.2064e-04	3.7024e-04	7.6132e-01	2.3831e-01	1.1755e-36	1.1755e-36	1.1755e-36	2.9323e-29	0.00e+00	0.00e+00	2.3879e+00
9.75323e+19	6.7371e+03	2.533e-22	1.0000e+01	1.0832e+01	2.7306e-16	6.2700e-04	9.9937e-01	3.3349e-02	9.6665e-01	3.2867e-16	2.7364e-20	2.8957e-05	2.8482e-01	7.1505e-01	1.0753e-04	3.9024e-04	7.8694e-01	2.1267e-01	1.1755e-36	1.1755e-36	1.1755e-36	3.2106e-29	0.00e+00	0.00e+00	2.4205e+00
9.83159e+19	6.7866e+03	2.527e-22	1.0000e+01	1.0828e+01	2.6919e-16	6.3398e-04	9.9937e-01	3.8262e-02	9.6174e-01	3.0582e-16	3.0380e-20	3.0770e-05	3.0153e-01	6.9834e-01	9.7233e-05	4.0631e-04	8.0756e-01	1.9203e-01	1.1755e-36	1.1755e-36	1.1755e-36	3.4158e-29	0.00e+00	0.00e+00	2.4503e+00
9.91722e+19	6.8258e+03	2.524e-22	1.0000e+01	1.0822e+01	2.7064e-16	6.4313e-04	9.9936e-01	4.5389e-02	9.5461e-01	2.8051e-16	3.4492e-20	3.2976e-05	3.2187e-01	6.7801e-01	8.5564e-05	4.2537e-04	8.3045e-01	1.6912e-01	1.1755e-36	1.1755e-36	1.1755e-36	3.7143e-29	0.00e+00	0.00e+00	2.4896e+00
1.00046e+20	6.8716e+03	2.521e-22	1.0000e+01	1.0815e+01	2.7006e-16	6.5189e-04	9.9935e-01	5.5808e-02	9.4419e-01	2.4404e-16	3.9256e-20	3.5471e-05	3.4491e-01	6.5498e-01	7.4241e-05	4.4590e-04	8.5586e-01	1.4369e-01	1.1755e-36	1.1755e-36	1.1755e-36	4.0254e-29	0.00e+00	0.00e+00	2.5217e+00
1.00690e+20	6.8998e+03	2.518e-22	1.0000e+01	1.0803e+01	2.6978e-16	6.5841e-04	9.9934e-01	6.7127e-02	9.3287e-01	2.1827e-16	4.3244e-20	3.7514e-05	3.6450e-01	6.3539e-01	6.5708e-05	4.6232e-04	8.7629e-01	1.2325e-01	1.1755e-36	1.1755e-36	1.1755e-36	4.2348e-29	0.00e+00	0.00e+00	2.5429e+00
1.01133e+20	6.9214e+03	2.516e-22	1.0000e+01	1.0794e+01	2.6974e-16	6.6287e-04	9.9934e-01	7.7892e-02	9.2211e-01	2.0234e-16	4.6386e-20	3.9068e-05	3.7900e-01	6.2090e-01	5.9703e-05	4.7407e-04	8.9090e-01	1.0863e-01	1.1755e-36	1.1755e-36	1.1755e-36	4.4070e-29	0.00e+00	0.00e+00	2.5586e+00
1.01498e+20	6.9375e+03	2.514e-22	1.0000e+01	1.0784e+01	2.7056e-16	6.6664e-04	9.9933e-01	8.9360e-02	9.1064e-01	1.8840e-16	4.9257e-20	4.0390e-05	3.9151e-01	6.0840e-01	5.4642e-05	4.8400e-04	9.0308e-01	9.6439e-02	1.1755e-36	1.1755e-36	1.1755e-36	4.5696e-29	0.00e+00	0.00e+00	2.5735e+00
1.01903e+20	6.9518e+03	2.512e-22	1.0000e+01	1.0773e+01	2.7295e-16	6.7131e-04	9.9933e-01	1.0614e-01	8.9386e-01	1.7262e-16	5.2827e-20	4.1934e-05	4.0591e-01	5.9400e-01	4.8841e-05	4.9550e-04	9.1663e-01	8.2874e-02	1.1755e-36	1.1755e-36	1.1755e-36	4.7818e-29	0.00e+00	0.00e+00	2.5929e+00
1.02315e+20	6.9736e+03	2.506e-22	1.0000e+01	1.0756e+01	2.7187e-16	6.7504e-04	9.9932e-01	1.3003e-01	8.6997e-01	1.4986e-16	5.6280e-20	4.3507e-05	4.2095e-01	5.7896e-01	4.3158e-05	5.0707e-04	9.3124e-01	6.8256e-02	1.1755e-36	1.1755e-36	1.1755e-36	4.9347e-29	0.00e+00	0.00e+00	2.6085e+00
1.02620e+20	6.9818e+03	2.499e-22	1.0000e+01	1.0728e+01	2.7191e-16	6.7737e-04	9.9932e-01	1.5539e-01	8.4461e-01	1.3217e-16	5.8798e-20	4.4629e-05	4.3254e-01	5.6738e-01	3.8820e-05	5.1562e-04	9.4261e-01	5.6872e-02	1.1755e-36	1.1755e-36	1.1755e-36	5.0091e-29	0.00e+00	0.00e+00	2.6189e+00
1.02836e+20	6.9860e+03	2.495e-22	1.0000e+01	1.0711e+01	2.7389e-16	6.7941e-04	9.9932e-01	1.7960e-01	8.2040e-01	1.2058e-16	6.1067e-20	4.5487e-05	4.4092e-01	5.5900e-01	3.5597e-05	5.2203e-04	9.5076e-01	4.8717e-02	1.1755e-36	1.1755e-36	1.1755e-36	5.1294e-29	0.00e+00	0.00e+00	2.6269e+00
1.03020e+20	6.9909e+03	2.488e-22	1.0000e+01	1.0690e+01	2.7423e-16	6.8069e-04	9.9932e-01	2.0556e-01	7.9444e-01	1.0978e-16	6.2745e-20	4.6161e-05	4.4790e-01	5.5202e-01	3.2787e-05	5.2713e-04	9.5757e-01	4.1901e-02	1.1755e-36	1.1755e-36	1.1755e-36	5.1861e-29	0.00e+00	0.00e+00	2.6347e+00
1.03227e+20	6.9941e+03	2.478e-22	1.0000e+01	1.0663e+01	2.7536e-16	6.8218e-04	9.9932e-01	2.4271e-01	7.5729e-01	9.7012e-17	6.4708e-20	4.6892e-05	4.5555e-01	5.4438e-01	2.9502e-05	5.3276e-04	9.6496e-01	3.4509e-02	1.1755e-36	1.1755e-36	1.1755e-36	5.2570e-29	0.00e+00	0.00e+00	2.6448e+00
1.03442e+20	6.9914e+03	2.464e-22	1.0000e+01	1.0627e+01	2.7815e-16	6.8357e-04	9.9932e-01	2.9397e-01	7.0603e-01	7.9887e-17	6.6822e-20	4.7585e-05	4.6309e-01	5.3683e-01	2.6145e-05	5.3834e-04	9.7251e-01	2.6953e-02	1.1755e-36	1.1755e-36	1.1755e-36	5.3396e-29	0.00e+00	0.00e+00	2.6532e+00
1.03609e+20	6.9901e+03	2.446e-22	1.0000e+01	1.0582e+01	2.7927e-16	6.8355e-04	9.9932e-01	3.4712e-01	6.5288e-01	6.6458e-17	6.8125e-20	4.7986e-05	4.6838e-01	5.3155e-01	2.3482e-05	5.4170e-04	9.7816e-01	2.1297e-02	1.1755e-36	1.1755e-36	1.1755e-36	5.3593e-29	0.00e+00	0.00e+00	2.6592e+00
1.03735e+20	6.9799e+03	2.430e-22	1.0000e+01	1.0537e+01	2.8174e-16	6.8349e-04	9.9932e-01	3.9721e-01	6.0279e-01	5.6343e-17	6.8973e-20	4.8212e-05	4.7206e-01	5.2787e-01	2.1374e-05	5.4394e-04	9.8212e-01	1.7334e-02	1.1755e-36	1.1755e-36	1.1755e-36	5.3493e-29	0.00e+00	0.00e+00	2.6641e+00
1.03867e+20	6.9722e+03	2.407e-22	1.0000e+01	1.0487e+01	2.8300e-16	6.8317e-04	9.9932e-01	4.5845e-01	5.4155e-01	4.5996e-17	6.9584e-20	4.8392e-05	4.7540e-01	5.2453e-01	1.9095e-05	5.4584e-04	9.8576e-01	1.3697e-02	1.1755e-36	1.1755e-36	1.1755e-36	5.3044e-29	0.00e+00	0.00e+00	2.6706e+00
1.04014e+20	6.9568e+03	2.376e-22	1.0000e+01	1.0413e+01	2.8434e-16	6.8206e-04	9.9932e-01	5.3778e-01	4.6222e-01	3.3563e-17	6.9688e-20	4.8417e-05	4.7826e-01	5.2167e-01	1.6650e-05	5.4696e-04	9.8929e-01	1.0161e-02	1.1755e-36	1.1755e-36	1.1755e-36	5.1839e-29	0.00e+00	0.00e+00	2.6768e+00
1.04150e+20	6.9369e+03	2.344e-22	1.0000e+01	1.0341e+01	2.8693e-16	6.8125e-04	9.9932e-01	6.2083e-01	3.7917e-01	2.3604e-17	6.9733e-20	4.8382e-05	4.8040e-01	5.1954e-01	1.4398e-05	5.4780e-04	9.9202e-01	7.4286e-03	1.1755e-36	1.1755e-36	1.1755e-36	5.0715e-29	0.00e+00	0.00e+00	2.6823e+00
1.04274e+20	6.9125e+03	2.316e-22	1.0000e+01	1.0282e+01	2.9376e-16	6.8146e-04	9.9932e-01	6.9999e-01	3.0001e-01	1.6244e-17	7.0519e-20	4.8369e-05	4.8213e-01	5.1781e-01	1.2350e-05	5.4897e-04	9.9401e-01	5.4430e-03	1.1755e-36	1.1755e-36	1.1755e-36	5.0798e-29	0.00e+00	0.00e+00	2.6875e+00
1.04415e+20	6.8882e+03	2.282e-22	1.0000e+01	1.0214e+01	2.9917e-16	6.8144e-04	9.9932e-01	7.8322e-01	2.1678e-01	1.0014e-17	7.0803e-20	4.8272e-05	4.8339e-01	5.1656e-01	1.0158e-05	5.4980e-04	9.9567e-01	3.7798e-03	1.1755e-36	1.1755e-36	1.1755e-36	5.0216e-29	0.00e+00	0.00e+00	2.6943e+00
1.04597e+20	6.8581e+03	2.247e-22	1.0000e+01	1.0143e+01	3.0615e-16	6.8241e-04	9.9932e-01	8.6968e-01	1.3032e-01	4.7251e-18	7.1102e-20	4.8176e-05	4.8457e-01	5.1538e-01	7.6796e-06	5.5131e-04	9.9713e-01	2.3205e-03	1.1755e-36	1.1755e-36	1.1755e-36	4.9557e-29	0.00e+00	0.00e+00	2.7033e+00
1.04835e+20	6.8349e+03	2.215e-22	1.0000e+01	1.0077e+01	3.1015e-16	6.8414e-04	9.9932e-01	9.3928e-01	6.0718e-02	1.5831e-18	7.0925e-20	4.8080e-05	4.8544e-01	5.1451e-01	5.1722e-06	5.5338e-04	9.9823e-01	1.2197e-03	1.1755e-36	1.1755e-36	1.1755e-36	4.8313e-29	0.00e+00	0.00e+00	2.7149e+00
1.05144e+20	6.8201e+03	2.195e-22	1.0000e+01	1.0026e+01	3.0679e-16	6.8738e-04	9.9931e-01	9.7880e-01	2.1201e-02	3.5605e-19	6.9439e-20	4.8042e-05	4.8625e-01	5.1370e-01	3.0128e-06	5.5666e-04	9.9891e-01	5.3291e-04	1.1755e-36	1.1755e-36	1.1755e-36	4.5435e-29	0.00e+00	0.00e+00	2.7300e+00
1.05545e+20	6.8179e+03	2.189e-22	1.0000e+01	1.0007e+01	3.0711e-16	6.9335e-04	9.9931e-01	9.9437e-01	5.6291e-03	5.4673e-20	6.9590e-20	4.8216e-05	4.8759e-01	5.1237e-01	1.4766e-06	5.6223e-04	9.9925e-01	1.8790e-04	1.1755e-36	1.1755e-36	1.1755e-36	4.4771e-29	0.00e+00	0.00e+00	2.7499e+00
1.06067e+20	6.8235e+03	2.192e-22	1.0000e+01	1.0002e+01	3.0998e-16	7.0191e-04	9.9930e-01	9.9882e-01	1.1816e-03	6.0506e-21	7.0813e-20	4.8540e-05	4.8946e-01	5.1049e-01	5.8886e-07	5.7010e-04	9.9938e-01	5.1937e-05	1.1755e-36	1.1755e-36	1.1755e-36	4.5371e-29	0.00e+00	0.00e+00	2.7760e+00
1.06746e+20	6.8338e+03	2.198e-22	1.0000e+01	1.0002e+01	3.1406e-16	7.1350e-04	9.9929e-01	9.9979e-01	2.1199e-04	5.5731e-22	7.2673e-20	4.8998e-05	4.9197e-01	5.0799e-01	1.8163e-07	5.8072e-04	9.9941e-01	1.0944e-05	1.1755e-36	1.1755e-36	1.1755e-36	4.6496e-29	0.00e+00	0.00e+00	2.8106e+00
1.07628e+20	6.8481e+03	2.208e-22	1.0000e+01	1.0005e+01	3.2350e-16	7.2904e-04	9.9927e-01	9.9996e-01	4.2362e-05	6.3600e-23	7.6148e-20	4.9605e-05	4.9529e-01	5.0467e-01	1.1755e-36	5.9500e-04	9.9940e-01	1.7115e-06	1.1755e-36	1.1755e-36	1.1755e-36	4.9345e-29	0.00e+00	0.00e+00	2.8565e+00
1.08775e+20	6.8670e+03	2.220e-22	1.0000e+01	1.0005e+01	3.3750e-16	7.4979e-04	9.9925e-01	9.9998e-01	1.6260e-05	1.6848e-23	8.1214e-20	5.0384e-05	4.9958e-01	5.0037e-01	1.1755e-36	6.1420e-04	9.9939e-01	1.9059e-07	1.1755e-36	1.1755e-36	1.1755e-36	5.3740e-29	0.00e+00	0.00e+00	2.9179e+00
1.10265e+20	6.8919e+03	2.236e-22	1.0000e+01	1.0005e+01	3.5901e-16	7.7831e-04	9.9922e-01	9.9999e-01	1.1141e-05	8.8257e-24	8.8912e-20	5.1421e-05	5.0529e-01	4.9466e-01	1.1755e-36	6.4075e-04	9.9936e-01	1.3914e-08	1.1755e-36	1.1755e-36	1.1755e-36	6.0829e-29	0.00e+00	0.00e+00	3.0007e+00
1.12203e+20	6.9251e+03	2.258e-22	1.0000e+01	1.0005e+01	3.9030e-16	8.1830e-04	9.9918e-01	9.9999e-01	8.6458e-06	5.1705e-24	1.0042e-19	5.2803e-05	5.1292e-01	4.8702e-01	1.1755e-36	6.7832e-04	9.9932e-01	5.8504e-10	1.1755e-36	1.1755e-36	1.1755e-36	7.1877e-29	0.00e+00	0.00e+00	3.1139e+00
1.14723e+20	6.9698e+03	2.287e-22	1.0000e+01	1.0004e+01	4.4281e-16	8.7605e-04	9.9912e-01	9.9999e-01	6.5820e-06	2.7788e-24	1.1992e-19	5.4678e-05	5.2326e-01	4.7668e-01	1.1755e-36	7.3320e-04	9.9927e-01	1.1855e-11	1.1755e-36	1.1755e-36	1.1755e-36	9.2515e-29	0.00e+00	0.00e+00	3.2714e+00
1.17998e+20	7.0314e+03	2.328e-22	1.0000e+01	1.0003e+01	5.2915e-16	9.6273e-04	9.9904e-01	1.0000e+00	4.7924e-06	1.3021e-24	1.5370e-19	5.7249e-05	5.3744e-01	4.6251e-01	1.1755e-36	8.1685e-04	9.9918e-01	9.1862e-14	1.1755e-36	1.1755e-36	1.1755e-36	1.3198e-28	0.00e+00	0.00e+00	3.4964e+00
1.22256e+20	7.1152e+03	2.388e-22	1.0000e+01	1.0002e+01	6.8884e-16	1.1007e-03	9.9890e-01	1.0000e+00	3.2876e-06	5.1240e-25	2.2028e-19	6.0849e-05	5.5731e-01	4.4263e-01	1.1755e-36	9.5282e-04	9.9905e-01	2.0215e-16	1.1755e-36	1.1755e-36	1.1755e-36	2.2229e-28	0.00e+00	0.00e+00	3.8310e+00
1.27791e+20	7.2320e+03	2.476e-22	1.0000e+01	9.9994e+00	1.0121e-15	1.3402e-03	9.9866e-01	1.0000e+00	2.0936e-06	1.6278e-25	3.7070e-19	6.6011e-05	5.8597e-01	4.1396e-01	1.1755e-36	1.1958e-03	9.9880e-01	1.7187e-19	1.1755e-36	1.1755e-36	1.1755e-36	4.7042e-28	0.00e+00	0.00e+00	4.3604e+00
1.33195e+20	7.3722e+03	2.588e-22	1.0000e+01	9.9958e+00	1.5828e-15	1.6973e-03	9.9830e-01	1.0000e+00	1.3072e-06	1.1755e-36	6.7571e-19	7.1631e-05	6.1741e-01	3.8252e-01	1.1755e-36	1.5701e-03	9.9843e-01	4.5198e-20	1.1755e-36	1.1755e-36	1.1755e-36	1.1171e-27	0.00e+00	0.00e+00	4.8481e+00
1.36733e+20	7.4782e+03	2.680e-22	1.0000e+01	9.9920e+00	2.2945e-15	2.0607e-03	9.9794e-01	1.0000e+00	9.6750e-07	1.1755e-36	1.1003e-18	7.5903e-05	6.4173e-01	3.5820e-01	1.1755e-36	1.9627e-03	9.9804e-01	3.0463e-20	1.1755e-36	1.1755e-36	1.1755e-36	2.2593e-27	0.00e+00	0.00e+00	5.1767e+00
1.38825e+20	7.5418e+03	2.742e-22	1.0000e+01	9.9893e+00	2.9500e-15	2.3521e-03	9.9765e-01	1.0000e+00	8.2287e-07	1.1755e-36	1.5221e-18	7.8745e-05	6.5808e-01	3.4184e-01	1.1755e-36	2.2842e-03	9.9772e-01	2.5220e-20	1.1755e-36	1.1755e-36	1.1755e-36	3.5911e-27	0.00e+00	0.00e+00	5.4229e+00
1.40456e+20	7.5907e+03	2.792e-22	1.0000e+01	9.9862e+00	3.6632e-15	2.6300e-03	9.9737e-01	1.0000e+00	7.2246e-07	1.1755e-36	2.0055e-18	8.1093e-05	6.7205e-01	3.2787e-01	1.1755e-36	2.5953e-03	9.9740e-01	2.9495e-20	1.1755e-36	1.1755e-36	1.1755e-36	5.3243e-27	0.00e+00	0.00e+00	5.6893e+00
1.42301e+20	7.6428e+03	2.852e-22	1.0000e+01	9.9824e+00	4.7885e-15	3.0176e-03	9.9698e-01	1.0000e+00	6.1922e-07	1.1755e-36	2.8055e-18	8.3979e-05	6.8931e-01	3.1060e-01	1.1755e-36	3.0347e-03	9.9697e-01	2.6675e-20	1.1755e-36	1.1755e-36	1.1755e-36	8.5729e-27	0.00e+00	0.00e+00	6.0868e+00
1.44265e+20	7.7033e+03	2.923e-22	1.0000e+01	9.9776e+00	6.5866e-15	3.5617e-03	9.9644e-01	1.0000e+00	5.0744e-07	1.1755e-36	4.1659e-18	8.7222e-05	7.0900e-01	2.9091e-01	1.1755e-36	3.6604e-03	9.9634e-01	1.7197e-20	1.1755e-36	1.1755e-36	1.1755e-36	1.5023e-26	0.00e+00	0.00e+00	6.5009e+00
1.45828e+20	7.7469e+03	2.990e-22	1.0000e+01	9.9717e+00	8.9049e-15	4.1585e-03	9.9584e-01	1.0000e+00	4.2975e-07	1.1755e-36	5.9865e-18	9.0062e-05	7.2655e-01	2.7336e-01	1.1755e-36	4.3551e-03	9.9564e-01	1.7453e-20	1.1755e-36	1.1755e-36	1.1755e-36	2.5104e-26	0.00e+00	0.00e+00	6.8383e+00
1.46947e+20	7.7891e+03	3.039e-22	1.0000e+01	9.9651e+00	1.1293e-14	4.7099e-03	9.9529e-01	1.0000e+00	3.8248e-07	1.1755e-36	7.9952e-18	9.2188e-05	7.4027e-01	2.5964e-01	1.1755e-36	5.0043e-03	9.9500e-01	2.5680e-20	1.1755e-36	1.1755e-36	1.1755e-36	3.7866e-26	0.00e+00	0.00e+00	7.1218e+00
1.47863e+20	7.8022e+03	3.087e-22	1.0000e+01	9.9593e+00	1.4227e-14	5.2780e-03	9.9472e-01	1.0000e+00	3.4594e-07	1.1755e-36	1.0401e-17	9.4162e-05	7.5274e-01	2.4716e-01	1.1755e-36	5.6765e-03	9.9432e-01	3.5187e-20	1.1755e-36	1.1755e-36	1.1755e-36	5.4915e-26	0.00e+00	0.00e+00	7.4145e+00
1.48873e+20	7.8222e+03	3.141e-22	1.0000e+01	9.9526e+00	1.8725e-14	6.0516e-03	9.9395e-01	1.0000e+00	3.0892e-07	1.1755e-36	1.4256e-17	9.6502e-05	7.6762e-01	2.3228e-01	1.1755e-36	6.5990e-03	9.9340e-01	3.3016e-20	1.1755e-36	1.1755e-36	1.1755e-36	8.5813e-26	0.00e+00	0.00e+00	7.8507e+00
1.49917e+20	7.8367e+03	3.204e-22	1.0000e+01	9.9449e+00	2.5918e-14	7.1084e-03	9.9289e-01	1.0000e+00	2.6324e-07	1.1755e-36	2.0524e-17	9.9125e-05	7.8404e-01	2.1586e-01	1.1755e-36	7.8674e-03	9.9213e-01	2.0401e-20	1.1755e-36	1.1755e-36	1.1755e-36	1.4382e-25	0.00e+00	0.00e+00	8.2758e+00
1.50720e+20	7.8476e+03	3.257e-22	1.0000e+01	9.9346e+00	3.4648e-14	8.2057e-03	9.9179e-01	1.0000e+00	2.3197e-07	1.1755e-36	2.8319e-17	1.0120e-04	7.9792e-01	2.0197e-01	1.1755e-36	9.1926e-03	9.9081e-01	1.9998e-20	1.1755e-36	1.1755e-36	1.1755e-36	2.2727e-25	0.00e+00	0.00e+00	8.6166e+00
1.51310e+20	7.8511e+03	3.299e-22	1.0000e+01	9.9215e+00	4.4116e-14	9.2367e-03	9.9076e-01	1.0000e+00	2.1153e-07	1.1755e-36	3.6844e-17	1.0273e-04	8.0902e-01	1.9088e-01	1.1755e-36	1.0443e-02	9.8956e-01	2.1340e-20	1.1755e-36	1.1755e-36	1.1755e-36	3.3033e-25	0.00e+00	0.00e+00	8.9210e+00
1.51830e+20	7.8477e+03	3.338e-22	1.0000e+01	9.9090e+00	5.5981e-14	1.0361e-02	9.8964e-01	1.0000e+00	1.9372e-07	1.1755e-36	4.7527e-17	1.0426e-04	8.1958e-01	1.8031e-01	1.1755e-36	1.1811e-02	9.8819e-01	1.9963e-20	1.1755e-36	1.1755e-36	1.1755e-36	4.7441e-25	0.00e+00	0.00e+00	9.2604e+00
1.52427e+20	7.8347e+03	3.387e-22	1.0000e+01	9.8944e+00	7.6101e-14	1.1988e-02	9.8801e-01	1.0000e+00	1.7378e-07	1.1755e-36	6.5598e-17	1.0620e-04	8.3269e-01	1.6721e-01	1.1755e-36	1.3796e-02	9.8620e-01	1.6082e-20	1.1755e-36	1.1755e-36	1.1755e-36	7.5042e-25	0.00e+00	0.00e+00	9.7710e+00
1.53044e+20	7.8137e+03	3.443e-22	1.0000e+01	9.8695e+00	1.0970e-13	1.4253e-02	9.8575e-01	1.0000e+00	1.4814e-07	1.1755e-36	9.5620e-17	1.0820e-04	8.4703e-01	1.5286e-01	1.1755e-36	1.6568e-02	9.8343e-01	1.0935e-20	1.1755e-36	1.1755e-36	1.1755e-36	1.2841e-24	0.00e+00	0.00e+00	1.0275e+01
1.53525e+20	7.7863e+03	3.493e-22	1.0000e+01	9.8447e+00	1.5431e-13	1.6722e-02	9.8328e-01	1.0000e+00	1.3009e-07	1.1755e-36	1.3499e-16	1.0990e-04	8.5943e-01	1.4046e-01	1.1755e-36	1.9595e-02	9.8040e-01	8.3942e-21	1.1755e-36	1.1755e-36	1.1755e-36	2.1013e-24	0.00e+00	0.00e+00	1.0700e+01
1.53896e+20	7.7548e+03	3.535e-22	1.0000e+01	9.8224e+00	2.0944e-13	1.9256e-02	9.8074e-01	1.0000e+00	1.1747e-07	1.1755e-36	1.8281e-16	1.1135e-04	8.6989e-01	1.3000e-01	1.1755e-36	2.2707e-02	9.7729e-01	6.6789e-21	1.1755e-36	1.1755e-36	1.1755e-36	3.2428e-24	0.00e+00	0.00e+00	1.1112e+01
1.54233e+20	7.7169e+03	3.575e-22	1.0000e+01	9.7937e+00	2.8690e-13	2.2235e-02	9.7776e-01	1.0000e+00	1.0560e-07	1.1755e-36	2.4859e-16	1.1268e-04	8.8006e-01	1.1983e-01	1.1755e-36	2.6368e-02	9.7363e-01	5.1881e-21	1.1755e-36	1.1755e-36	1.1755e-36	5.0351e-24	0.00e+00	0.00e+00	1.1583e+01
1.54563e+20	7.6706e+03	3.612e-22	1.0000e+01	9.7506e+00	4.0745e-13	2.6072e-02	9.7393e-01	1.0000e+00	9.2930e-08	1.1755e-36	3.4827e-16	1.1392e-04	8.9060e-01	1.0929e-01	1.1755e-36	3.1086e-02	9.6891e-01	3.8989e-21	1.1755e-36	1.1755e-36	1.1755e-36	8.1632e-24	0.00e+00	0.00e+00	1.2118e+01
1.54885e+20	7.6120e+03	3.649e-22	1.0000e+01	9.6994e+00	6.0783e-13	3.1211e-02	9.6879e-01	1.0000e+00	8.0746e-08	1.1755e-36	5.0865e-16	1.1517e-04	9.0171e-01	9.8178e-02	1.1755e-36	3.7402e-02	9.6260e-01	2.8677e-21	1.1755e-36	1.1755e-36	1.1755e-36	1.4064e-23	0.00e+00	0.00e+00	1.2747e+01
1.55184e+20	7.5451e+03	3.681e-22	1.0000e+01	9.6319e+00	9.4157e-13	3.7963e-02	9.6204e-01	1.0000e+00	6.8754e-08	1.1755e-36	7.6568e-16	1.1623e-04	9.1276e-01	8.7124e-02	1.1755e-36	4.5692e-02	9.5431e-01	2.1208e-21	1.1755e-36	1.1755e-36	1.1755e-36	2.5339e-23	0.00e+00	0.00e+00	1.3412e+01
1.55434e+20	7.4757e+03	3.702e-22	1.0000e+01	9.5551e+00	1.4621e-12	4.6186e-02	9.5381e-01	1.0000e+00	5.8750e-08	1.1755e-36	1.1500e-15	1.1702e-04	9.2285e-01	7.7035e-02	1.1755e-36	5.5767e-02	9.4423e-01	1.6271e-21	1.1755e-36	1.1755e-36	1.1755e-36	4.5584e-23	0.00e+00	0.00e+00	1.4065e+01
1.55641e+20	7.4034e+03	3.716e-22	1.0000e+01	9.4843e+00	2.2575e-12	5.5974e-02	9.4403e-01	1.0000e+00	5.0613e-08	1.1755e-36	1.7114e-15	1.1773e-04	9.3192e-01	6.7962e-02	1.1755e-36	6.7720e-02	9.3228e-01	1.2890e-21	1.1755e-36	1.1755e-36	1.1755e-36	8.1100e-23	0.00e+00	0.00e+00	1.4732e+01
1.55821e+20	7.3409e+03	3.690e-22	1.0000e+01	9.3442e+00	3.4509e-12	6.7640e-02	9.3236e-01	1.0000e+00	4.3567e-08	1.1755e-36	2.5128e-15	1.1733e-04	9.3997e-01	5.9912e-02	1.1755e-36	8.1913e-02	9.1809e-01	1.0466e-21	1.1755e-36	1.1755e-36	1.1755e-36	1.4133e-22	0.00e+00	0.00e+00	1.5464e+01
1.55987e+20	7.2615e+03	3.650e-22	1.0000e+01	9.1908e+00	5.5184e-12	8.3103e-02	9.1690e-01	1.0000e+00	3.6819e-08	1.1755e-36	3.8111e-15	1.1681e-04	9.4795e-01	5.1933e-02	1.1755e-36	1.0062e-01	8.9938e-01	8.3924e-22	1.1755e-36	1.1755e-36	1.1755e-36	2.5853e-22	0.00e+00	0.00e+00	1.6313e+01
1.56136e+20	7.1808e+03	3.576e-22	1.0000e+01	8.9929e+00	9.0334e-12	1.0315e-01	8.9685e-01	1.0000e+00	3.0455e-08	1.1755e-36	5.8761e-15	1.1559e-04	9.5542e-01	4.4467e-02	1.1755e-36	1.2467e-01	8.7533e-01	6.6835e-22	1.1755e-36	1.1755e-36	1.1755e-36	4.8494e-22	0.00e+00	0.00e+00	1.7199e+01
1.56257e+20	7.0985e+03	3.470e-22	1.0000e+01	8.7570e+00	1.4541e-11	1.2679e-01	8.7321e-01	1.0000e+00	2.5352e-08	1.1755e-36	8.8411e-15	1.1369e-04	9.6178e-01	3.8111e-02	1.1755e-36	1.5276e-01	8.4724e-01	5.3603e-22	1.1755e-36	1.1755e-36	1.1755e-36	8.7767e-22	0.00e+00	0.00e+00	1.8047e+01
1.56352e+20	7.0164e+03	3.336e-22	1.0000e+01	8.4895e+00	2.2476e-11	1.5262e-01	8.4738e-01	1.0000e+00	2.1492e-08	1.1755e-36	1.2693e-14	1.1120e-04	9.6692e-01	3.2972e-02	1.1755e-36	1.8310e-01	8.1690e-01	4.3695e-22	1.1755e-36	1.1755e-36	1.1755e-36	1.4816e-21	0.00e+00	0.00e+00	1.8860e+01
1.56431e+20	6.9358e+03	3.178e-22	1.0000e+01	8.1982e+00	3.3756e-11	1.8104e-01	8.1896e-01	1.0000e+00	1.8416e-08	1.1755e-36	1.7634e-14	1.0820e-04	9.7124e-01	2.8656e-02	1.1755e-36	2.1606e-01	7.8394e-01	3.5918e-22	1.1755e-36	1.1755e-36	1.1755e-36	2.3823e-21	0.00e+00	0.00e+00	1.9694e+01
1.56501e+20	6.8183e+03	2.998e-22	1.0000e+01	7.8657e+00	5.1950e-11	2.1436e-01	7.8564e-01	1.0000e+00	1.5676e-08	1.1755e-36	2.4305e-14	1.0466e-04	9.7515e-01	2.4748e-02	1.1755e-36	2.5416e-01	7.4584e-01	2.9371e-22	1.1755e-36	1.1755e-36	1.1755e-36	3.7712e-21	0.00e+00	0.00e+00	2.0597e+01
1.56564e+20	6.6888e+03	2.783e-22	1.0000e+01	7.4800e+00	8.0357e-11	2.5290e-01	7.4710e-01	1.0000e+00	1.3239e-08	1.1755e-36	3.3072e-14	1.0033e-04	9.7865e-01	2.1252e-02	1.1755e-36	2.9750e-01	7.0250e-01	2.3862e-22	1.1755e-36	1.1755e-36	1.1755e-36	5.8405e-21	0.00e+00	0.00e+00	2.1543e+01
1.56616e+20	6.5451e+03	2.560e-22	1.0000e+01	7.0746e+00	1.2183e-10	2.9342e-01	7.0658e-01	1.0000e+00	1.1189e-08	1.1755e-36	4.3344e-14	9.5628e-05	9.8154e-01	1.8364e-02	1.1755e-36	3.4224e-01	6.5776e-01	1.9590e-22	1.1755e-36	1.1755e-36	1.1755e-36	8.5304e-21	0.00e+00	0.00e+00	2.2394e+01
1.56655e+20	6.4083e+03	2.365e-22	1.0000e+01	6.7135e+00	1.7234e-10	3.2949e-01	6.7051e-01	1.0000e+00	9.7702e-09	1.1755e-36	5.3253e-14	9.1344e-05	9.8365e-01	1.6258e-02	1.1755e-36	3.8139e-01	6.1861e-01	1.6654e-22	1.1755e-36	1.1755e-36	1.1755e-36	1.1324e-20	0.00e+00	0.00e+00	2.3061e+01
1.56683e+20	6.2884e+03	2.210e-22	1.0000e+01	6.4202e+00	2.2641e-10	3.5886e-01	6.4114e-01	1.0000e+00	8.9049e-09	1.1755e-36	6.1764e-14	8.7809e-05	9.8513e-01	1.4778e-02	1.1755e-36	4.1279e-01	5.8721e-01	1.4694e-22	1.1755e-36	1.1755e-36	1.1755e-36	1.3835e-20	0.00e+00	0.00e+00	2.3601e+01
1.56706e+20	6.1759e+03	2.076e-22	1.0000e+01	6.1621e+00	2.8652e-10	3.8461e-01	6.1539e-01	1.0000e+00	8.2539e-09	1.1755e-36	6.9486e-14	8.4682e-05	9.8630e-01	1.3619e-02	1.1755e-36	4.3999e-01	5.6001e-01	1.3220e-22	1.1755e-36	1.1755e-36	1.1755e-36	1.6172e-20	0.00e+00	0.00e+00	2.4108e+01
1.56726e+20	6.0579e+03	1.947e-22	1.0000e+01	5.9078e+00	3.6068e-10	4.0996e-01	5.9004e-01	1.0000e+00	7.6357e-09	1.1755e-36	7.7282e-14	8.1582e-05	9.8733e-01	1.2584e-02	1.1755e-36	4.6647e-01	5.3353e-01	1.1949e-22	1.1755e-36	1.1755e-36	1.1755e-36	1.8567e-20	0.00e+00	0.00e+00	2.4624e+01
1.56745e+20	5.9326e+03	1.821e-22	1.0000e+01	5.6523e+00	4.5412e-10	4.3540e-01	5.6460e-01	1.0000e+00	7.0292e-09	1.1755e-36	8.5258e-14	7.8445e-05	9.8829e-01	1.1636e-02	1.1755e-36	4.9274e-01	5.0726e-01	1.0824e-22	1.1755e-36	1.1755e-36	1.1755e-36	2.1036e-20	0.00e+00	0.00e+00	2.5134e+01
1.56763e+20	5.8028e+03	1.704e-22	1.0000e+01	5.4086e+00	5.6815e-10	4.5992e-01	5.4008e-01	1.0000e+00	6.4903e-09	1.1755e-36	9.3093e-14	7.5452e-05	9.8913e-01	1.0795e-02	1.1755e-36	5.1779e-01	4.8221e-01	9.8598e-23	1.1755e-36	1.1755e-36	1.1755e-36	2.3476e-20	0.00e+00	0.00e+00	2.5610e+01
1.56778e+20	5.6759e+03	1.597e-22	1.0000e+01	5.1812e+00	6.9994e-10	4.8266e-01	5.1734e-01	1.0000e+00	6.0482e-09	1.1755e-36	1.0043e-13	7.2637e-05	9.8986e-01	1.0071e-02	1.1755e-36	5.4077e-01	4.5923e-01	9.0541e-23	1.1755e-36	1.1755e-36	1.1755e-36	2.5755e-20	0.00e+00	0.00e+00	2.6053e+01
1.56792e+20	5.5492e+03	1.500e-22	1.0000e+01	4.9682e+00	8.5319e-10	5.0396e-01	4.9604e-01	1.0000e+00	5.6654e-09	1.1755e-36	1.0737e-13	6.9997e-05	9.9049e-01	9.4368e-03	1.1755e-36	5.6210e-01	4.3790e-01	8.3673e-23	1.1755e-36	1.1755e-36	1.1755e-36	2.7908e-20	0.00e+00	0.00e+00	2.6476e+01
1.56805e+20	5.4217e+03	1.410e-22	1.0000e+01	4.7652e+00	1.0319e-09	5.2427e-01	4.7573e-01	1.0000e+00	5.3216e-09	1.1755e-36	1.1406e-13	6.7474e-05	9.9107e-01	8.8671e-03	1.1755e-36	5.8226e-01	4.1774e-01	7.7654e-23	1.1755e-36	1.1755e-36	1.1755e-36	2.9985e-20	0.00e+00	0.00e+00	2.6885e+01
1.56817e+20	5.2918e+03	1.326e-22	1.0000e+01	4.5699e+00	1.2407e-09	5.4382e-01	4.5618e-01	1.0000e+00	5.0043e-09	1.1755e-36	1.2058e-13	6.5045e-05	9.9159e-01	8.3481e-03	1.1755e-36	6.0151e-01	3.9849e-01	7.2298e-23	1.1755e-36	1.1755e-36	1.1755e-36	3.2019e-20	0.00e+00	0.00e+00	2.7284e+01
1.56827e+20	5.1847e+03	1.261e-22	1.0000e+01	4.4146e+00	1.4347e-09	5.5934e-01	4.4066e-01	1.0000e+00	4.7063e-09	1.1755e-36	1.2580e-13	6.3104e-05	9.9198e-01	7.9527e-03	1.1755e-36	6.1666e-01	3.8334e-01	6.8317e-23	1.1755e-36	1.1755e-36	1.1755e-36	3.3658e-20	0.00e+00	0.00e+00	2.7556e+01
1.56834e+20	5.1004e+03	1.213e-22	1.0000e+01	4.2979e+00	1.6003e-09	5.7101e-01	4.2899e-01	1.0000e+00	4.5780e-09	1.1755e-36	1.2977e-13	6.1648e-05	9.9227e-01	7.6670e-03	1.1755e-36	6.2799e-01	3.7201e-01	6.5476e-23	1.1755e-36	1.1755e-36	1.1755e-36	3.4917e-20	0.00e+00	0.00e+00	2.7784e+01
1.56840e+20	5.0168e+03	1.167e-22	1.0000e+01	4.1857e+00	1.7765e-09	5.8237e-01	4.1763e-01	1.0000e+00	4.4438e-09	1.1755e-36	1.3370e-13	6.0247e-05	9.9254e-01	7.3977e-03	1.1755e-36	6.3898e-01	3.6102e-01	6.2806e-23	1.1755e-36	1.1755e-36	1.1755e-36	3.6185e-20	0.00e+00	0.00e+00	2.8034e+01
1.56847e+20	4.9140e+03	1.117e-22	1.0000e+01	4.0591e+00	1.9976e-09	5.9500e-01	4.0500e-01	1.0000e+00	4.2580e-09	1.1755e-36	1.3772e-13	5.8698e-05	9.9284e-01	7.0968e-03	1.1755e-36	6.5114e-01	3.4886e-01	6.0001e-23	1.1755e-36	1.1755e-36	1.1755e-36	3.7273e-20	0.00e+00	0.00e+00	2.8316e+01
1.56855e+20	4.8055e+03	1.067e-22	1.0000e+01	3.9288e+00	2.2438e-09	6.0811e-01	3.9189e-01	1.0000e+00	4.0545e-09	1.1755e-36	1.4171e-13	5.7099e-05	9.9315e-01	6.7900e-03	1.1755e-36	6.6369e-01	3.3631e-01	5.7207e-23	1.1755e-36	1.1755e-36	1.1755e-36	3.8250e-20	0.00e+00	0.00e+00	2.8599e+01
1.56862e+20	4.6968e+03	1.019e-22	1.0000e+01	3.8031e+00	2.4992e-09	6.2078e-01	3.7922e-01	1.0000e+00	3.8719e-09	1.1755e-36	1.4542e-13	5.5561e-05	9.9344e-01	6.5012e-03	1.1755e-36	6.7575e-01	3.2425e-01	5.4620e-23	1.1755e-36	1.1755e-36	1.1755e-36	3.9052e-20	0.00e+00	0.00e+00	2.8870e+01
1.56869e+20	4.5956e+03	9.737e-23	1.0000e+01	3.6810e+00	2.7398e-09	6.3255e-01	3.6745e-01	1.0000e+00	3.7166e-09	1.1755e-36	1.4857e-13	5.4046e-05	9.9371e-01	6.2398e-03	1.1755e-36	6.8691e-01	3.1309e-01	5.2290e-23	1.1755e-36	1.1755e-36	1.1755e-36	3.9545e-20	0.00e+00	0.00e+00	2.9136e+01
1.56875e+20	4.4837e+03	9.299e-23	1.0000e+01	3.5601e+00	3.0013e-09	6.4466e-01	3.5534e-01	1.0000e+00	3.5628e-09	1.1755e-36	1.5170e-13	5.2583e-05	9.9397e-01	5.9776e-03	1.1755e-36	6.9833e-01	3.0167e-01	5.0004e-23	1.1755e-36	1.1755e-36	1.1755e-36	3.9912e-20	0.00e+00	0.00e+00	2.9411e+01
1.56882e+20	4.3687e+03	8.871e-23	1.0000e+01	3.4394e+00	3.2587e-09	6.5673e-01	3.4327e-01	1.0000e+00	3.4033e-09	1.1755e-36	1.5456e-13	5.1133e-05	9.9423e-01	5.7222e-03	1.1755e-36	7.0965e-01	2.9035e-01	4.7806e-23	1.1755e-36	1.1755e-36	1.1755e-36	4.0020e-20	0.00e+00	0.00e+00	2.9686e+01
1.56889e+20	4.2491e+03	8.464e-23	1.0000e+01	3.3216e+00	3.5056e-09	6.6861e-01	3.3139e-01	1.0000e+00	3.2529e-09	1.1755e-36	1.5709e-13	4.9745e-05	9.9447e-01	5.4766e-03	1.1755e-36	7.2076e-01	2.7924e-01	4.5727e-23	1.1755e-36	1.1755e-36	1.1755e-36	3.9838e-20	0.00e+00	0.00e+00	2.9957e+01
1.56895e+20	4.1327e+03	8.078e-23	1.0000e+01	3.2077e+00	3.7189e-09	6.8000e-01	3.2000e-01	1.0000e+00	3.1141e-09	1.1755e-36	1.5919e-13	4.8408e-05	9.9470e-01	5.2468e-03	1.1755e-36	7.3135e-01	2.6865e-01	4.3790e-23	1.1755e-36	1.1755e-36	1.1755e-36	3.9345e-20	0.00e+00	0.00e+00	3.0222e+01
1.56901e+20	4.0145e+03	7.706e-23	1.0000e+01	3.0961e+00	3.9020e-09	6.9117e-01	3.0883e-01	1.0000e+00	2.9837e-09	1.1755e-36	1.6093e-13	4.7117e-05	9.9493e-01	5.0265e-03	1.1755e-36	7.4169e-01	2.5831e-01	4.1949e-23	1.1755e-36	1.1755e-36	1.1755e-36	3.8554e-20	0.00e+00	0.00e+00	3.0489e+01
1.56907e+20	3.8937e+03	7.347e-23	1.0000e+01	2.9857e+00	4.0512e-09	7.0223e-01	2.9777e-01	1.0000e+00	2.8554e-09	1.1755e-36	1.6233e-13	4.5865e-05	9.9514e-01	4.8134e-03	1.1755e-36	7.5189e-01	2.4811e-01	4.0178e-23	1.1755e-36	1.1755e-36	1.1755e-36	3.7470e-20	0.00e+00	0.00e+00	3.0758e+01
###########################
5.56148e+14	5.8230e+03	3.316e-22	1.0000e+01	1.0873e+01	2.1349e-16	2.8975e-04	9.9971e-01	2.1147e-03	9.9076e-01	7.1280e-03	2.7865e-22	2.5914e-06	3.7653e-02	9.5852e-01	3.8252e-03	2.2661e-05	1.3566e-01	8.6078e-01	3.5348e-03	1.1755e-36	1.1755e-36	2.0084e-30	0.00e+00	0.00e+00	2.0345e-05
3.33689e+15	5.8214e+03	3.316e-22	1.0000e+01	1.0873e+01	2.1399e-16	2.8979e-04	9.9971e-01	2.1148e-03	9.9076e-01	7.1211e-03	2.7910e-22	2.5867e-06	3.7691e-02	9.5848e-01	3.8301e-03	2.2655e-05	1.3560e-01	8.6085e-01	3.5219e-03	1.1755e-36	1.1755e-36	2.0112e-30	0.00e+00	0.00e+00	1.0173e-04
1.44599e+16	5.8209e+03	3.315e-22	1.0000e+01	1.0872e+01	2.1421e-16	2.8982e-04	9.9971e-01	2.1148e-03	9.9081e-01	7.0748e-03	2.7956e-22	2.5957e-06	3.7748e-02	9.5843e-01	3.8231e-03	2.2653e-05	1.3555e-01	8.6096e-01	3.4699e-03	1.1755e-36	1.1755e-36	2.0121e-30	0.00e+00	0.00e+00	4.2733e-04
5.89517e+16	5.8175e+03	3.314e-22	1.0000e+01	1.0872e+01	2.1343e-16	2.8989e-04	9.9971e-01	2.1161e-03	9.9105e-01	6.8321e-03	2.7805e-22	2.6153e-06	3.7804e-02	9.5839e-01	3.7992e-03	2.2665e-05	1.3554e-01	8.6117e-01	3.2699e-03	1.1755e-36	1.1755e-36	1.9824e-30	0.00e+00	0.00e+00	1.7301e-03
1.40817e+17	5.8083e+03	3.309e-22	1.0000e+01	1.0872e+01	2.1490e-16	2.8945e-04	9.9971e-01	2.1157e-03	9.9120e-01	6.6832e-03	2.7729e-22	2.6318e-06	3.7807e-02	9.5841e-01	3.7799e-03	2.2609e-05	1.3532e-01	8.6166e-01	2.9950e-03	1.1755e-36	1.1755e-36	1.9755e-30	0.00e+00	0.00e+00	3.4210e-03
2.47241e+17	5.7988e+03	3.304e-22	1.0000e+01	1.0872e+01	2.1643e-16	2.8900e-04	9.9971e-01	2.1161e-03	9.9159e-01	6.2940e-03	2.7698e-22	2.6277e-06	3.7810e-02	9.5845e-01	3.7416e-03	2.2583e-05	1.3524e-01	8.6207e-01	2.6652e-03	1.1755e-36	1.1755e-36	1.9727e-30	0.00e+00	0.00e+00	5.6158e-03
3.85593e+17	5.7884e+03	3.297e-22	1.0000e+01	1.0871e+01	2.1793e-16	2.8851e-04	9.9971e-01	2.1172e-03	9.9221e-01	5.6771e-03	2.7660e-22	2.6421e-06	3.7824e-02	9.5849e-01	3.6847e-03	2.2569e-05	1.3521e-01	8.6248e-01	2.2840e-03	1.1755e-36	1.1755e-36	1.9664e-30	0.00e+00	0.00e+00	8.4642e-03
5.65450e+17	5.7748e+03	3.289e-22	1.0000e+01	1.0871e+01	2.1857e-16	2.8803e-04	9.9971e-01	2.1196e-03	9.9304e-01	4.8432e-03	2.7476e-22	2.6565e-06	3.7851e-02	9.5854e-01	3.6093e-03	2.2591e-05	1.3537e-01	8.6275e-01	1.8629e-03	1.1755e-36	1.1755e-36	1.9336e-30	0.00e+00	0.00e+00	1.2161e-02
7.99265e+17	5.7592e+03	3.279e-22	1.0000e+01	1.0870e+01	2.2068e-16	2.8748e-04	9.9971e-01	2.1227e-03	9.9403e-01	3.8435e-03	2.7489e-22	2.6699e-06	3.7889e-02	9.5859e-01	3.5189e-03	2.2653e-05	1.3574e-01	8.6281e-01	1.4246e-03	1.1755e-36	1.1755e-36	1.9250e-30	0.00e+00	0.00e+00	1.6958e-02
1.10322e+18	5.7400e+03	3.267e-22	1.0000e+01	1.0869e+01	2.2134e-16	2.8693e-04	9.9971e-01	2.1270e-03	9.9509e-01	2.7782e-03	2.7302e-22	2.6817e-06	3.7948e-02	9.5863e-01	3.4186e-03	2.2775e-05	1.3640e-01	8.6258e-01	1.0023e-03	1.1755e-36	1.1755e-36	1.8803e-30	0.00e+00	0.00e+00	2.3181e-02
1.49837e+18	5.7172e+03	3.253e-22	1.0000e+01	1.0868e+01	2.2443e-16	2.8637e-04	9.9971e-01	2.1326e-03	9.9608e-01	1.7843e-03	2.7421e-22	2.6931e-06	3.8033e-02	9.5865e-01	3.3167e-03	2.2962e-05	1.3737e-01	8.6197e-01	6.3395e-04	1.1755e-36	1.1755e-36	1.8709e-30	0.00e+00	0.00e+00	3.1256e-02
2.01206e+18	5.6891e+03	3.238e-22	1.0000e+01	1.0867e+01	2.2636e-16	2.8587e-04	9.9971e-01	2.1397e-03	9.9687e-01	9.8926e-04	2.7348e-22	2.7063e-06	3.8157e-02	9.5862e-01	3.2193e-03	2.3225e-05	1.3866e-01	8.6096e-01	3.5052e-04	1.1755e-36	1.1755e-36	1.8248e-30	0.00e+00	0.00e+00	4.1736e-02
2.67986e+18	5.6585e+03	3.218e-22	1.0000e+01	1.0867e+01	2.3111e-16	2.8536e-04	9.9971e-01	2.1482e-03	9.9739e-01	4.5835e-04	2.7630e-22	2.7257e-06	3.8317e-02	9.5855e-01	3.1300e-03	2.3549e-05	1.4019e-01	8.5962e-01	1.6405e-04	1.1755e-36	1.1755e-36	1.8199e-30	0.00e+00	0.00e+00	5.5334e-02
3.54800e+18	5.6188e+03	3.197e-22	1.0000e+01	1.0866e+01	2.3425e-16	2.8510e-04	9.9971e-01	2.1605e-03	9.9767e-01	1.7093e-04	2.7602e-22	2.7435e-06	3.8558e-02	9.5840e-01	3.0425e-03	2.3978e-05	1.4207e-01	8.5785e-01	6.2664e-05	1.1755e-36	1.1755e-36	1.7576e-30	0.00e+00	0.00e+00	7.2996e-02
4.67658e+18	5.5720e+03	3.173e-22	1.0000e+01	1.0866e+01	2.4132e-16	2.8510e-04	9.9971e-01	2.1777e-03	9.9777e-01	4.9371e-05	2.7988e-22	2.7687e-06	3.8894e-02	9.5815e-01	2.9494e-03	2.4535e-05	1.4437e-01	8.5559e-01	1.8833e-05	1.1755e-36	1.1755e-36	1.7329e-30	0.00e+00	0.00e+00	9.5957e-02
6.14373e+18	5.5181e+03	3.146e-22	1.0000e+01	1.0866e+01	2.4829e-16	2.8552e-04	9.9971e-01	2.2019e-03	9.9779e-01	1.0688e-05	2.8340e-22	2.8050e-06	3.9359e-02	9.5780e-01	2.8419e-03	2.5272e-05	1.4727e-01	8.5270e-01	4.3259e-06	1.1755e-36	1.1755e-36	1.6813e-30	0.00e+00	0.00e+00	1.2585e-01
8.05103e+18	5.4573e+03	3.115e-22	1.0000e+01	1.0866e+01	2.5923e-16	2.8657e-04	9.9971e-01	2.2361e-03	9.9776e-01	1.7220e-06	2.9189e-22	2.8568e-06	4.0003e-02	9.5728e-01	2.7124e-03	2.6268e-05	1.5102e-01	8.4896e-01	7.5563e-07	1.1755e-36	1.1755e-36	1.6600e-30	0.00e+00	0.00e+00	1.6485e-01
1.05305e+19	5.3907e+03	3.080e-22	1.0000e+01	1.0866e+01	2.7013e-16	2.8858e-04	9.9971e-01	2.2849e-03	9.9771e-01	2.1563e-07	3.0177e-22	2.9319e-06	4.0902e-02	9.5654e-01	2.5555e-03	2.7634e-05	1.5594e-01	8.4403e-01	1.1755e-36	1.1755e-36	1.1755e-36	1.6130e-30	0.00e+00	0.00e+00	2.1592e-01
1.37538e+19	5.3207e+03	3.041e-22	1.0000e+01	1.0866e+01	2.8345e-16	2.9202e-04	9.9971e-01	2.3551e-03	9.9764e-01	2.2661e-08	3.1780e-22	3.0421e-06	4.2166e-02	9.5546e-01	2.3669e-03	2.9537e-05	1.6250e-01	8.3748e-01	1.1755e-36	1.1755e-36	1.1755e-36	1.5779e-30	0.00e+00	0.00e+00	2.8309e-01
1.79442e+19	5.2520e+03	2.997e-22	1.0000e+01	1.0866e+01	2.9791e-16	2.9761e-04	9.9970e-01	2.4575e-03	9.9754e-01	2.0711e-09	3.4229e-22	3.2054e-06	4.3971e-02	9.5388e-01	2.1434e-03	3.2249e-05	1.7137e-01	8.2860e-01	1.1755e-36	1.1755e-36	1.1755e-36	1.5494e-30	0.00e+00	0.00e+00	3.7208e-01
2.13283e+19	5.1519e+03	2.953e-22	1.0000e+01	1.0866e+01	3.0596e-16	2.9866e-04	9.9970e-01	2.5170e-03	9.9748e-01	3.4891e-10	3.3775e-22	3.2887e-06	4.5107e-02	9.5291e-01	1.9835e-03	3.4083e-05	1.7789e-01	8.2208e-01	1.1755e-36	1.1755e-36	1.1755e-36	1.3618e-30	0.00e+00	0.00e+00	4.1038e-01
2.34611e+19	5.1322e+03	2.936e-22	1.0000e+01	1.0865e+01	3.1122e-16	3.0202e-04	9.9970e-01	2.5764e-03	9.9742e-01	1.3550e-10	3.5234e-22	3.3843e-06	4.6131e-02	9.5198e-01	1.8870e-03	3.5626e-05	1.8268e-01	8.1729e-01	1.1755e-36	1.1755e-36	1.1755e-36	1.3628e-30	0.00e+00	0.00e+00	4.5298e-01
2.58072e+19	5.1159e+03	2.918e-22	1.0000e+01	1.0865e+01	3.1714e-16	3.0604e-04	9.9969e-01	2.6462e-03	9.9735e-01	5.1457e-11	3.7112e-22	3.4970e-06	4.7322e-02	9.5089e-01	1.7861e-03	3.7436e-05	1.8814e-01	8.1182e-01	1.1755e-36	1.1755e-36	1.1755e-36	1.3766e-30	0.00e+00	0.00e+00	5.0046e-01
2.83879e+19	5.1041e+03	2.900e-22	1.0000e+01	1.0865e+01	3.2584e-16	3.1081e-04	9.9969e-01	2.7289e-03	9.9727e-01	1.9111e-11	3.9808e-22	3.6306e-06	4.8716e-02	9.4960e-01	1.6806e-03	3.9572e-05	1.9442e-01	8.0554e-01	1.1755e-36	1.1755e-36	1.1755e-36	1.4268e-30	0.00e+00	0.00e+00	5.5351e-01
3.12267e+19	5.0930e+03	2.883e-22	1.0000e+01	1.0865e+01	3.3257e-16	3.1668e-04	9.9968e-01	2.8290e-03	9.9717e-01	6.9371e-12	4.2780e-22	3.7931e-06	5.0390e-02	9.4804e-01	1.5696e-03	4.2162e-05	2.0182e-01	7.9814e-01	1.1755e-36	1.1755e-36	1.1755e-36	1.4586e-30	0.00e+00	0.00e+00	6.1296e-01
3.43494e+19	5.0942e+03	2.864e-22	1.0000e+01	1.0865e+01	3.3592e-16	3.2338e-04	9.9968e-01	2.9475e-03	9.9705e-01	2.4657e-12	4.6346e-22	3.9854e-06	5.2345e-02	9.4620e-01	1.4556e-03	4.5230e-05	2.1034e-01	7.8961e-01	1.1755e-36	1.1755e-36	1.1755e-36	1.4959e-30	0.00e+00	0.00e+00	6.7974e-01
3.77843e+19	5.1090e+03	2.842e-22	1.0000e+01	1.0864e+01	3.4261e-16	3.3112e-04	9.9967e-01	3.0906e-03	9.9691e-01	8.5925e-13	5.1844e-22	4.2158e-06	5.4658e-02	9.4400e-01	1.3389e-03	4.8920e-05	2.2030e-01	7.7965e-01	1.1755e-36	1.1755e-36	1.1755e-36	1.6135e-30	0.00e+00	0.00e+00	7.5496e-01
4.15627e+19	5.1302e+03	2.821e-22	1.0000e+01	1.0864e+01	3.4743e-16	3.4063e-04	9.9966e-01	3.2694e-03	9.9673e-01	2.9419e-13	5.8759e-22	4.5028e-06	5.7507e-02	9.4127e-01	1.2178e-03	5.3546e-05	2.3233e-01	7.6762e-01	1.1755e-36	1.1755e-36	1.1755e-36	1.7409e-30	0.00e+00	0.00e+00	8.4008e-01
4.57190e+19	5.1593e+03	2.801e-22	1.0000e+01	1.0864e+01	3.5697e-16	3.5237e-04	9.9965e-01	3.4960e-03	9.9650e-01	9.9894e-14	6.9158e-22	4.8710e-06	6.1093e-02	9.3781e-01	1.0928e-03	5.9466e-05	2.4709e-01	7.5285e-01	1.1755e-36	1.1755e-36	1.1755e-36	1.9654e-30	0.00e+00	0.00e+00	9.3693e-01
5.02909e+19	5.2172e+03	2.775e-22	1.0000e+01	1.0863e+01	3.5807e-16	3.6593e-04	9.9963e-01	3.7826e-03	9.9622e-01	3.4509e-14	8.3047e-22	5.3284e-06	6.5506e-02	9.3352e-01	9.6731e-04	6.6932e-05	2.6500e-01	7.3493e-01	1.1755e-36	1.1755e-36	1.1755e-36	2.2477e-30	0.00e+00	0.00e+00	1.0476e+00
5.53200e+19	5.2911e+03	2.750e-22	1.0000e+01	1.0862e+01	3.6045e-16	3.8277e-04	9.9962e-01	4.1658e-03	9.9583e-01	1.2697e-14	1.0428e-21	5.9310e-06	7.1253e-02	9.2790e-01	8.3970e-04	7.6884e-05	2.8769e-01	7.1224e-01	1.1755e-36	1.1755e-36	1.1755e-36	2.6875e-30	0.00e+00	0.00e+00	1.1749e+00
6.08520e+19	5.3923e+03	2.722e-22	1.0000e+01	1.0862e+01	3.6462e-16	4.0354e-04	9.9960e-01	4.6936e-03	9.9531e-01	5.3549e-15	1.3947e-21	6.7435e-06	7.8913e-02	9.2037e-01	7.1153e-04	9.0453e-05	3.1691e-01	6.8300e-01	1.1755e-36	1.1755e-36	1.1755e-36	3.4573e-30	0.00e+00	0.00e+00	1.3225e+00
6.69372e+19	5.5284e+03	2.693e-22	1.0000e+01	1.0860e+01	3.6453e-16	4.2947e-04	9.9957e-01	5.4585e-03	9.9454e-01	2.7257e-15	1.9871e-21	7.8863e-06	8.9550e-02	9.0986e-01	5.8396e-04	1.0964e-04	3.5556e-01	6.4433e-01	1.1755e-36	1.1755e-36	1.1755e-36	4.6943e-30	0.00e+00	0.00e+00	1.4954e+00
7.31829e+19	5.6985e+03	2.661e-22	1.0000e+01	1.0859e+01	3.5864e-16	4.5934e-04	9.9954e-01	6.5572e-03	9.9344e-01	1.6549e-15	2.9790e-21	9.4359e-06	1.0391e-01	8.9562e-01	4.6757e-04	1.3574e-04	4.0489e-01	5.9497e-01	1.1755e-36	1.1755e-36	1.1755e-36	6.6475e-30	0.00e+00	0.00e+00	1.6727e+00
7.88329e+19	5.8850e+03	2.632e-22	1.0000e+01	1.0857e+01	3.4584e-16	4.8985e-04	9.9951e-01	8.0435e-03	9.9196e-01	1.1494e-15	4.4811e-21	1.1361e-05	1.2172e-01	8.7790e-01	3.7275e-04	1.6762e-04	4.6142e-01	5.3841e-01	1.1755e-36	1.1755e-36	1.1755e-36	9.3104e-30	0.00e+00	0.00e+00	1.8330e+00
8.35857e+19	6.0668e+03	2.606e-22	1.0000e+01	1.0855e+01	3.3651e-16	5.1892e-04	9.9948e-01	9.9477e-03	9.9005e-01	8.7099e-16	6.6872e-21	1.3617e-05	1.4252e-01	8.5717e-01	2.9889e-04	2.0324e-04	5.2043e-01	4.7936e-01	1.1755e-36	1.1755e-36	1.1755e-36	1.3028e-29	0.00e+00	0.00e+00	1.9746e+00
8.71158e+19	6.2231e+03	2.586e-22	1.0000e+01	1.0852e+01	3.2331e-16	5.4190e-04	9.9946e-01	1.2122e-02	9.8788e-01	6.9365e-16	9.2131e-21	1.5886e-05	1.6356e-01	8.3618e-01	2.4836e-04	2.3684e-04	5.7412e-01	4.2565e-01	1.1755e-36	1.1755e-36	1.1755e-36	1.6680e-29	0.00e+00	0.00e+00	2.0683e+00
8.94247e+19	6.3325e+03	2.572e-22	1.0000e+01	1.0850e+01	3.1561e-16	5.5818e-04	9.9944e-01	1.4180e-02	9.8582e-01	6.0941e-16	1.1620e-20	1.7804e-05	1.8132e-01	8.1845e-01	2.1596e-04	2.6308e-04	6.1418e-01	3.8555e-01	1.1755e-36	1.1755e-36	1.1755e-36	1.9885e-29	0.00e+00	0.00e+00	2.1345e+00
9.11947e+19	6.4063e+03	2.566e-22	1.0000e+01	1.0848e+01	3.1453e-16	5.7258e-04	9.9943e-01	1.6281e-02	9.8372e-01	5.4987e-16	1.4096e-20	1.9596e-05	1.9781e-01	8.0198e-01	1.9087e-04	2.8618e-04	6.4730e-01	3.5242e-01	1.1755e-36	1.1755e-36	1.1755e-36	2.2949e-29	0.00e+00	0.00e+00	2.1946e+00
9.31045e+19	6.4961e+03	2.555e-22	1.0000e+01	1.0845e+01	3.1300e-16	5.8897e-04	9.9941e-01	1.9271e-02	9.8073e-01	4.9021e-16	1.7578e-20	2.1876e-05	2.1869e-01	7.8113e-01	1.6399e-04	3.1342e-04	6.8412e-01	3.1557e-01	1.1755e-36	1.1755e-36	1.1755e-36	2.7102e-29	0.00e+00	0.00e+00	2.2748e+00
9.50654e+19	6.6030e+03	2.543e-22	1.0000e+01	1.0840e+01	3.0687e-16	6.0519e-04	9.9939e-01	2.3675e-02	9.7632e-01	4.0938e-16	2.2188e-20	2.4694e-05	2.4468e-01	7.5516e-01	1.3859e-04	3.4457e-04	7.2637e-01	2.7328e-01	1.1755e-36	1.1755e-36	1.1755e-36	3.1995e-29	0.00e+00	0.00e+00	2.3422e+00
9.65254e+19	6.6804e+03	2.536e-22	1.0000e+01	1.0836e+01	3.0225e-16	6.1795e-04	9.9938e-01	2.8647e-02	9.7135e-01	3.5792e-16	2.6653e-20	2.7319e-05	2.6897e-01	7.3089e-01	1.1976e-04	3.7103e-04	7.6170e-01	2.3793e-01	1.1755e-36	1.1755e-36	1.1755e-36	3.5974e-29	0.00e+00	0.00e+00	2.3873e+00
9.75173e+19	6.7245e+03	2.534e-22	1.0000e+01	1.0832e+01	3.0385e-16	6.2767e-04	9.9937e-01	3.3450e-02	9.6655e-01	3.2803e-16	3.0675e-20	2.9447e-05	2.8862e-01	7.1124e-01	1.0665e-04	3.9105e-04	7.8740e-01	2.1221e-01	1.1755e-36	1.1755e-36	1.1755e-36	3.9611e-29	0.00e+00	0.00e+00	2.4201e+00
9.83003e+19	6.7740e+03	2.528e-22	1.0000e+01	1.0828e+01	2.9986e-16	6.3466e-04	9.9937e-01	3.8401e-02	9.6160e-01	3.0509e-16	3.4116e-20	3.1317e-05	3.0575e-01	6.9412e-01	9.6362e-05	4.0716e-04	8.0805e-01	1.9154e-01	1.1755e-36	1.1755e-36	1.1755e-36	4.2241e-29	0.00e+00	0.00e+00	2.4497e+00
9.91506e+19	6.8142e+03	2.524e-22	1.0000e+01	1.0822e+01	3.0214e-16	6.4366e-04	9.9936e-01	4.5526e-02	9.5447e-01	2.8008e-16	3.8857e-20	3.3575e-05	3.2648e-01	6.7340e-01	8.4779e-05	4.2607e-04	8.3078e-01	1.6879e-01	1.1755e-36	1.1755e-36	1.1755e-36	4.6240e-29	0.00e+00	0.00e+00	2.4888e+00
1.00020e+20	6.8610e+03	2.521e-22	1.0000e+01	1.0815e+01	3.0042e-16	6.5230e-04	9.9935e-01	5.5942e-02	9.4406e-01	2.4381e-16	4.4118e-20	3.6134e-05	3.5002e-01	6.4987e-01	7.3518e-05	4.4651e-04	8.5610e-01	1.4345e-01	1.1755e-36	1.1755e-36	1.1755e-36	4.9825e-29	0.00e+00	0.00e+00	2.5208e+00
1.00663e+20	6.8904e+03	2.518e-22	1.0000e+01	1.0803e+01	3.0095e-16	6.5872e-04	9.9934e-01	6.7285e-02	9.3272e-01	2.1802e-16	4.8802e-20	3.8242e-05	3.7006e-01	6.2984e-01	6.5017e-05	4.6285e-04	8.7648e-01	1.2306e-01	1.1755e-36	1.1755e-36	1.1755e-36	5.2857e-29	0.00e+00	0.00e+00	2.5420e+00
1.01106e+20	6.9128e+03	2.516e-22	1.0000e+01	1.0793e+01	3.0080e-16	6.6312e-04	9.9934e-01	7.8099e-02	9.2190e-01	2.0202e-16	5.2392e-20	3.9848e-05	3.8496e-01	6.1494e-01	5.9020e-05	4.7458e-04	8.9110e-01	1.0843e-01	1.1755e-36	1.1755e-36	1.1755e-36	5.5058e-29	0.00e+00	0.00e+00	2.5578e+00
1.01471e+20	6.9295e+03	2.513e-22	1.0000e+01	1.0784e+01	3.0065e-16	6.6684e-04	9.9933e-01	8.9617e-02	9.1038e-01	1.8804e-16	5.5486e-20	4.1215e-05	3.9781e-01	6.0209e-01	5.3973e-05	4.8449e-04	9.0328e-01	9.6238e-02	1.1755e-36	1.1755e-36	1.1755e-36	5.6726e-29	0.00e+00	0.00e+00	2.5726e+00
1.01875e+20	6.9443e+03	2.511e-22	1.0000e+01	1.0773e+01	3.0284e-16	6.7146e-04	9.9933e-01	1.0646e-01	8.9354e-01	1.7225e-16	5.9463e-20	4.2810e-05	4.1264e-01	5.8727e-01	4.8194e-05	4.9596e-04	9.1682e-01	8.2684e-02	1.1755e-36	1.1755e-36	1.1755e-36	5.9215e-29	0.00e+00	0.00e+00	2.5920e+00
1.02286e+20	6.9670e+03	2.505e-22	1.0000e+01	1.0756e+01	3.0194e-16	6.7511e-04	9.9932e-01	1.3042e-01	8.6958e-01	1.4945e-16	6.3471e-20	4.4436e-05	4.2810e-01	5.7181e-01	4.2545e-05	5.0747e-04	9.3141e-01	6.8086e-02	1.1755e-36	1.1755e-36	1.1755e-36	6.1319e-29	0.00e+00	0.00e+00	2.6075e+00
1.02591e+20	6.9756e+03	2.498e-22	1.0000e+01	1.0728e+01	3.0300e-16	6.7738e-04	9.9932e-01	1.5586e-01	8.4414e-01	1.3172e-16	6.6575e-20	4.5598e-05	4.3999e-01	5.5993e-01	3.8241e-05	5.1598e-04	9.4276e-01	5.6725e-02	1.1755e-36	1.1755e-36	1.1755e-36	6.2754e-29	0.00e+00	0.00e+00	2.6179e+00
1.02806e+20	6.9801e+03	2.493e-22	1.0000e+01	1.0711e+01	3.0414e-16	6.7939e-04	9.9932e-01	1.8013e-01	8.1987e-01	1.2009e-16	6.8925e-20	4.6486e-05	4.4863e-01	5.5129e-01	3.5043e-05	5.2236e-04	9.5089e-01	4.8587e-02	1.1755e-36	1.1755e-36	1.1755e-36	6.3802e-29	0.00e+00	0.00e+00	2.6259e+00
1.02989e+20	6.9853e+03	2.486e-22	1.0000e+01	1.0690e+01	3.0476e-16	6.8063e-04	9.9932e-01	2.0616e-01	7.9384e-01	1.0925e-16	7.0907e-20	4.7184e-05	4.5581e-01	5.4411e-01	3.2259e-05	5.2742e-04	9.5769e-01	4.1784e-02	1.1755e-36	1.1755e-36	1.1755e-36	6.4659e-29	0.00e+00	0.00e+00	2.6337e+00
1.03197e+20	6.9888e+03	2.476e-22	1.0000e+01	1.0663e+01	3.0546e-16	6.8209e-04	9.9932e-01	2.4342e-01	7.5658e-01	9.6429e-17	7.3029e-20	4.7942e-05	4.6369e-01	5.3623e-01	2.9006e-05	5.3302e-04	9.6506e-01	3.4406e-02	1.1755e-36	1.1755e-36	1.1755e-36	6.5337e-29	0.00e+00	0.00e+00	2.6438e+00
1.03411e+20	6.9864e+03	2.462e-22	1.0000e+01	1.0626e+01	3.0805e-16	6.8345e-04	9.9932e-01	2.9481e-01	7.0519e-01	7.9226e-17	7.5318e-20	4.8652e-05	4.7147e-01	5.2846e-01	2.5687e-05	5.3858e-04	9.7260e-01	2.6866e-02	1.1755e-36	1.1755e-36	1.1755e-36	6.6158e-29	0.00e+00	0.00e+00	2.6522e+00
1.03577e+20	6.9853e+03	2.444e-22	1.0000e+01	1.0582e+01	3.0916e-16	6.8339e-04	9.9932e-01	3.4808e-01	6.5192e-01	6.5707e-17	7.6783e-20	4.9060e-05	4.7692e-01	5.2300e-01	2.3058e-05	5.4191e-04	9.7823e-01	2.1223e-02	1.1755e-36	1.1755e-36	1.1755e-36	6.6384e-29	0.00e+00	0.00e+00	2.6581e+00
1.03704e+20	6.9745e+03	2.428e-22	1.0000e+01	1.0536e+01	3.1219e-16	6.8338e-04	9.9932e-01	3.9831e-01	6.0169e-01	5.5515e-17	7.7782e-20	4.9293e-05	4.8074e-01	5.1919e-01	2.0976e-05	5.4417e-04	9.8219e-01	1.7270e-02	1.1755e-36	1.1755e-36	1.1755e-36	6.6312e-29	0.00e+00	0.00e+00	2.6631e+00
1.03835e+20	6.9678e+03	2.405e-22	1.0000e+01	1.0486e+01	3.1329e-16	6.8296e-04	9.9932e-01	4.5966e-01	5.4034e-01	4.5148e-17	7.8482e-20	4.9475e-05	4.8418e-01	5.1575e-01	1.8732e-05	5.4600e-04	9.8581e-01	1.3642e-02	1.1755e-36	1.1755e-36	1.1755e-36	6.5789e-29	0.00e+00	0.00e+00	2.6695e+00
1.03983e+20	6.9522e+03	2.374e-22	1.0000e+01	1.0412e+01	3.1627e-16	6.8187e-04	9.9932e-01	5.3915e-01	4.6085e-01	3.2719e-17	7.8967e-20	4.9499e-05	4.8716e-01	5.1277e-01	1.6323e-05	5.4712e-04	9.8934e-01	1.0115e-02	1.1755e-36	1.1755e-36	1.1755e-36	6.4922e-29	0.00e+00	0.00e+00	2.6757e+00
1.04118e+20	6.9323e+03	2.342e-22	1.0000e+01	1.0340e+01	3.2038e-16	6.8105e-04	9.9932e-01	6.2233e-01	3.7767e-01	2.2800e-17	7.9326e-20	4.9465e-05	4.8939e-01	5.1055e-01	1.4106e-05	5.4795e-04	9.9206e-01	7.3907e-03	1.1755e-36	1.1755e-36	1.1755e-36	6.4036e-29	0.00e+00	0.00e+00	2.6812e+00
1.04242e+20	6.9077e+03	2.313e-22	1.0000e+01	1.0280e+01	3.2652e-16	6.8128e-04	9.9932e-01	7.0157e-01	2.9843e-01	1.5532e-17	7.9852e-20	4.9455e-05	4.9120e-01	5.0874e-01	1.2090e-05	5.4912e-04	9.9404e-01	5.4111e-03	1.1755e-36	1.1755e-36	1.1755e-36	6.3500e-29	0.00e+00	0.00e+00	2.6864e+00
1.04383e+20	6.8835e+03	2.280e-22	1.0000e+01	1.0213e+01	3.3185e-16	6.8125e-04	9.9932e-01	7.8474e-01	2.1526e-01	9.4650e-18	8.0025e-20	4.9357e-05	4.9252e-01	5.0742e-01	9.9350e-06	5.4995e-04	9.9570e-01	3.7540e-03	1.1755e-36	1.1755e-36	1.1755e-36	6.2525e-29	0.00e+00	0.00e+00	2.6933e+00
1.04566e+20	6.8535e+03	2.245e-22	1.0000e+01	1.0142e+01	3.3847e-16	6.8224e-04	9.9932e-01	8.7090e-01	1.2910e-01	4.3981e-18	8.0100e-20	4.9259e-05	4.9376e-01	5.0618e-01	7.5018e-06	5.5146e-04	9.9715e-01	2.3021e-03	1.1755e-36	1.1755e-36	1.1755e-36	6.1274e-29	0.00e+00	0.00e+00	2.7022e+00
1.04804e+20	6.8303e+03	2.213e-22	1.0000e+01	1.0076e+01	3.4078e-16	6.8400e-04	9.9932e-01	9.4000e-01	6.0003e-02	1.4480e-18	7.9413e-20	4.9163e-05	4.9468e-01	5.0527e-01	5.0453e-06	5.5356e-04	9.9824e-01	1.2085e-03	1.1755e-36	1.1755e-36	1.1755e-36	5.9013e-29	0.00e+00	0.00e+00	2.7138e+00
1.05114e+20	6.8157e+03	2.193e-22	1.0000e+01	1.0026e+01	3.3824e-16	6.8728e-04	9.9931e-01	9.7909e-01	2.0909e-02	3.2052e-19	7.8018e-20	4.9131e-05	4.9553e-01	5.0442e-01	2.9344e-06	5.5686e-04	9.9892e-01	5.2727e-04	1.1755e-36	1.1755e-36	1.1755e-36	5.5897e-29	0.00e+00	0.00e+00	2.7290e+00
1.05516e+20	6.8136e+03	2.188e-22	1.0000e+01	1.0007e+01	3.3732e-16	6.9328e-04	9.9931e-01	9.9446e-01	5.5430e-03	4.9866e-20	7.7881e-20	4.9317e-05	4.9690e-01	5.0305e-01	1.4356e-06	5.6247e-04	9.9925e-01	1.8562e-04	1.1755e-36	1.1755e-36	1.1755e-36	5.4628e-29	0.00e+00	0.00e+00	2.7489e+00
1.06038e+20	6.8192e+03	2.190e-22	1.0000e+01	1.0002e+01	3.3798e-16	7.0188e-04	9.9930e-01	9.9884e-01	1.1621e-03	5.5839e-21	7.8652e-20	4.9657e-05	4.9881e-01	5.0114e-01	5.7120e-07	5.7037e-04	9.9938e-01	5.1214e-05	1.1755e-36	1.1755e-36	1.1755e-36	5.4474e-29	0.00e+00	0.00e+00	2.7751e+00
1.06718e+20	6.8294e+03	2.197e-22	1.0000e+01	1.0002e+01	3.4362e-16	7.1350e-04	9.9929e-01	9.9979e-01	2.0825e-04	5.2424e-22	8.0976e-20	5.0138e-05	5.0137e-01	4.9858e-01	1.7564e-07	5.8103e-04	9.9941e-01	1.0769e-05	1.1755e-36	1.1755e-36	1.1755e-36	5.6210e-29	0.00e+00	0.00e+00	2.8097e+00
1.07602e+20	6.8437e+03	2.206e-22	1.0000e+01	1.0005e+01	3.5108e-16	7.2910e-04	9.9927e-01	9.9996e-01	4.1592e-05	6.1304e-23	8.4158e-20	5.0775e-05	5.0474e-01	4.9521e-01	1.1755e-36	5.9536e-04	9.9940e-01	1.6794e-06	1.1755e-36	1.1755e-36	1.1755e-36	5.8618e-29	0.00e+00	0.00e+00	2.8557e+00
1.08750e+20	6.8626e+03	2.218e-22	1.0000e+01	1.0005e+01	3.6483e-16	7.4992e-04	9.9925e-01	9.9998e-01	1.5960e-05	1.6492e-23	8.9385e-20	5.1592e-05	5.0911e-01	4.9084e-01	1.1755e-36	6.1463e-04	9.9939e-01	1.8621e-07	1.1755e-36	1.1755e-36	1.1755e-36	6.3266e-29	0.00e+00	0.00e+00	2.9171e+00
1.10243e+20	6.8874e+03	2.235e-22	1.0000e+01	1.0005e+01	3.8501e-16	7.7855e-04	9.9922e-01	9.9999e-01	1.0936e-05	8.6775e-24	9.7059e-20	5.2681e-05	5.1492e-01	4.8503e-01	1.1755e-36	6.4130e-04	9.9936e-01	1.3494e-08	1.1755e-36	1.1755e-36	1.1755e-36	7.0352e-29	0.00e+00	0.00e+00	3.0001e+00
1.12184e+20	6.9205e+03	2.256e-22	1.0000e+01	1.0005e+01	4.1719e-16	8.1869e-04	9.9918e-01	9.9999e-01	8.4708e-06	5.0759e-24	1.0925e-19	5.4136e-05	5.2269e-01	4.7726e-01	1.1755e-36	6.7902e-04	9.9932e-01	5.6039e-10	1.1755e-36	1.1755e-36	1.1755e-36	8.2495e-29	0.00e+00	0.00e+00	3.1135e+00
1.14708e+20	6.9651e+03	2.286e-22	1.0000e+01	1.0004e+01	4.7019e-16	8.7669e-04	9.9912e-01	9.9999e-01	6.4414e-06	2.7235e-24	1.2956e-19	5.6111e-05	5.3319e-01	4.6675e-01	1.1755e-36	7.3414e-04	9.9927e-01	1.1138e-11	1.1755e-36	1.1755e-36	1.1755e-36	1.0458e-28	0.00e+00	0.00e+00	3.2714e+00
1.17988e+20	7.0267e+03	2.327e-22	1.0000e+01	1.0003e+01	5.5948e-16	9.6376e-04	9.9904e-01	1.0000e+00	4.6849e-06	1.2738e-24	1.6534e-19	5.8824e-05	5.4758e-01	4.5236e-01	1.1755e-36	8.1821e-04	9.9918e-01	8.3873e-14	1.1755e-36	1.1755e-36	1.1755e-36	1.4775e-28	0.00e+00	0.00e+00	3.4971e+00
1.22252e+20	7.1104e+03	2.387e-22	1.0000e+01	1.0002e+01	7.2331e-16	1.1025e-03	9.9890e-01	1.0000e+00	3.2161e-06	5.0119e-25	2.3528e-19	6.2627e-05	5.6772e-01	4.3222e-01	1.1755e-36	9.5495e-04	9.9905e-01	1.7728e-16	1.1755e-36	1.1755e-36	1.1755e-36	2.4491e-28	0.00e+00	0.00e+00	3.8326e+00
1.27796e+20	7.2270e+03	2.475e-22	1.0000e+01	9.9993e+00	1.0567e-15	1.3435e-03	9.9866e-01	1.0000e+00	2.0509e-06	1.5927e-25	3.9355e-19	6.8093e-05	5.9672e-01	4.0322e-01	1.1755e-36	1.1995e-03	9.9880e-01	1.5740e-19	1.1755e-36	1.1755e-36	1.1755e-36	5.1127e-28	0.00e+00	0.00e+00	4.3642e+00
1.33197e+20	7.3670e+03	2.588e-22	1.0000e+01	9.9957e+00	1.6398e-15	1.7028e-03	9.9830e-01	1.0000e+00	1.2831e-06	1.1755e-36	7.1081e-19	7.4066e-05	6.2797e-01	3.7195e-01	1.1755e-36	1.5764e-03	9.9842e-01	4.5186e-20	1.1755e-36	1.1755e-36	1.1755e-36	1.1924e-27	0.00e+00	0.00e+00	4.8518e+00
1.36718e+20	7.4724e+03	2.681e-22	1.0000e+01	9.9919e+00	2.3512e-15	2.0671e-03	9.9793e-01	1.0000e+00	9.5355e-07	1.1755e-36	1.1427e-18	7.8604e-05	6.5186e-01	3.4806e-01	1.1755e-36	1.9702e-03	9.9803e-01	3.0497e-20	1.1755e-36	1.1755e-36	1.1755e-36	2.3534e-27	0.00e+00	0.00e+00	5.1790e+00
1.38795e+20	7.5354e+03	2.742e-22	1.0000e+01	9.9892e+00	3.0073e-15	2.3584e-03	9.9764e-01	1.0000e+00	8.1240e-07	1.1755e-36	1.5705e-18	8.1602e-05	6.6789e-01	3.3202e-01	1.1755e-36	2.2917e-03	9.9771e-01	2.5280e-20	1.1755e-36	1.1755e-36	1.1755e-36	3.6984e-27	0.00e+00	0.00e+00	5.4242e+00
1.40418e+20	7.5840e+03	2.792e-22	1.0000e+01	9.9861e+00	3.7226e-15	2.6366e-03	9.9736e-01	1.0000e+00	7.1405e-07	1.1755e-36	2.0609e-18	8.4095e-05	6.8169e-01	3.1823e-01	1.1755e-36	2.6031e-03	9.9740e-01	2.9525e-20	1.1755e-36	1.1755e-36	1.1755e-36	5.4453e-27	0.00e+00	0.00e+00	5.6905e+00
1.42258e+20	7.6357e+03	2.852e-22	1.0000e+01	9.9823e+00	4.8608e-15	3.0251e-03	9.9697e-01	1.0000e+00	6.1189e-07	1.1755e-36	2.8776e-18	8.7141e-05	6.9884e-01	3.0108e-01	1.1755e-36	3.0437e-03	9.9696e-01	2.6500e-20	1.1755e-36	1.1755e-36	1.1755e-36	8.7429e-27	0.00e+00	0.00e+00	6.0877e+00
1.44215e+20	7.6963e+03	2.923e-22	1.0000e+01	9.9775e+00	6.6732e-15	3.5705e-03	9.9643e-01	1.0000e+00	5.0134e-07	1.1755e-36	4.2613e-18	9.0561e-05	7.1819e-01	2.8172e-01	1.1755e-36	3.6710e-03	9.9633e-01	1.7091e-20	1.1755e-36	1.1755e-36	1.1755e-36	1.5260e-26	0.00e+00	0.00e+00	6.5014e+00
1.45773e+20	7.7393e+03	2.991e-22	1.0000e+01	9.9716e+00	9.0216e-15	4.1688e-03	9.9583e-01	1.0000e+00	4.2435e-07	1.1755e-36	6.1157e-18	9.3566e-05	7.3534e-01	2.6457e-01	1.1755e-36	4.3675e-03	9.9563e-01	1.7260e-20	1.1755e-36	1.1755e-36	1.1755e-36	2.5478e-26	0.00e+00	0.00e+00	6.8387e+00
1.46889e+20	7.7812e+03	3.039e-22	1.0000e+01	9.9649e+00	1.1437e-14	4.7217e-03	9.9528e-01	1.0000e+00	3.7753e-07	1.1755e-36	8.1585e-18	9.5822e-05	7.4874e-01	2.5116e-01	1.1755e-36	5.0186e-03	9.9498e-01	2.5213e-20	1.1755e-36	1.1755e-36	1.1755e-36	3.8390e-26	0.00e+00	0.00e+00	7.1220e+00
1.47802e+20	7.7942e+03	3.088e-22	1.0000e+01	9.9592e+00	1.4407e-14	5.2914e-03	9.9471e-01	1.0000e+00	3.4136e-07	1.1755e-36	1.0606e-17	9.7901e-05	7.6096e-01	2.3894e-01	1.1755e-36	5.6928e-03	9.9431e-01	3.4383e-20	1.1755e-36	1.1755e-36	1.1755e-36	5.5654e-26	0.00e+00	0.00e+00	7.4146e+00
1.48809e+20	7.8140e+03	3.141e-22	1.0000e+01	9.9525e+00	1.8966e-14	6.0676e-03	9.9393e-01	1.0000e+00	3.0475e-07	1.1755e-36	1.4531e-17	1.0035e-04	7.7562e-01	2.2428e-01	1.1755e-36	6.6185e-03	9.9338e-01	3.2189e-20	1.1755e-36	1.1755e-36	1.1755e-36	8.6959e-26	0.00e+00	0.00e+00	7.8509e+00
1.49851e+20	7.8283e+03	3.204e-22	1.0000e+01	9.9447e+00	2.6252e-14	7.1277e-03	9.9287e-01	1.0000e+00	2.5975e-07	1.1755e-36	2.0902e-17	1.0297e-04	7.9161e-01	2.0828e-01	1.1755e-36	7.8910e-03	9.9211e-01	1.9873e-20	1.1755e-36	1.1755e-36	1.1755e-36	1.4571e-25	0.00e+00	0.00e+00	8.2757e+00
1.50651e+20	7.8390e+03	3.258e-22	1.0000e+01	9.9344e+00	3.5092e-14	8.2279e-03	9.9177e-01	1.0000e+00	2.2882e-07	1.1755e-36	2.8815e-17	1.0517e-04	8.0508e-01	1.9482e-01	1.1755e-36	9.2198e-03	9.9078e-01	1.9437e-20	1.1755e-36	1.1755e-36	1.1755e-36	2.3018e-25	0.00e+00	0.00e+00	8.6163e+00
1.51238e+20	7.8423e+03	3.299e-22	1.0000e+01	9.9213e+00	4.4711e-14	9.2618e-03	9.9074e-01	1.0000e+00	2.0850e-07	1.1755e-36	3.7488e-17	1.0690e-04	8.1586e-01	1.8404e-01	1.1755e-36	1.0474e-02	9.8953e-01	2.0696e-20	1.1755e-36	1.1755e-36	1.1755e-36	3.3490e-25	0.00e+00	0.00e+00	8.9206e+00
1.51757e+20	7.8387e+03	3.339e-22	1.0000e+01	9.9087e+00	5.6760e-14	1.0390e-02	9.8961e-01	1.0000e+00	1.9090e-07	1.1755e-36	4.8353e-17	1.0851e-04	8.2615e-01	1.7374e-01	1.1755e-36	1.1847e-02	9.8815e-01	1.9330e-20	1.1755e-36	1.1755e-36	1.1755e-36	4.8122e-25	0.00e+00	0.00e+00	9.2602e+00
1.52353e+20	7.8260e+03	3.387e-22	1.0000e+01	9.8927e+00	7.7152e-14	1.2022e-02	9.8798e-01	1.0000e+00	1.7119e-07	1.1755e-36	6.6691e-17	1.1050e-04	8.3896e-01	1.6093e-01	1.1755e-36	1.3839e-02	9.8616e-01	1.5569e-20	1.1755e-36	1.1755e-36	1.1755e-36	7.6084e-25	0.00e+00	0.00e+00	9.7710e+00
1.52969e+20	7.8043e+03	3.444e-22	1.0000e+01	9.8690e+00	1.1134e-13	1.4299e-02	9.8570e-01	1.0000e+00	1.4590e-07	1.1755e-36	9.7238e-17	1.1263e-04	8.5287e-01	1.4701e-01	1.1755e-36	1.6625e-02	9.8338e-01	1.0579e-20	1.1755e-36	1.1755e-36	1.1755e-36	1.3037e-24	0.00e+00	0.00e+00	1.0275e+01
1.53448e+20	7.7842e+03	3.491e-22	1.0000e+01	9.8437e+00	1.5581e-13	1.6765e-02	9.8324e-01	1.0000e+00	1.2816e-07	1.1755e-36	1.3702e-16	1.1437e-04	8.6478e-01	1.3511e-01	1.1755e-36	1.9649e-02	9.8035e-01	8.2971e-21	1.1755e-36	1.1755e-36	1.1755e-36	2.1312e-24	0.00e+00	0.00e+00	1.0700e+01
1.53818e+20	7.7558e+03	3.531e-22	1.0000e+01	9.8183e+00	2.1086e-13	1.9293e-02	9.8071e-01	1.0000e+00	1.1569e-07	1.1755e-36	1.8519e-16	1.1582e-04	8.7484e-01	1.2505e-01	1.1755e-36	2.2754e-02	9.7725e-01	6.6932e-21	1.1755e-36	1.1755e-36	1.1755e-36	3.2819e-24	0.00e+00	0.00e+00	1.1112e+01
1.54155e+20	7.7201e+03	3.569e-22	1.0000e+01	9.7883e+00	2.8849e-13	2.2277e-02	9.7772e-01	1.0000e+00	1.0398e-07	1.1755e-36	2.5166e-16	1.1718e-04	8.8468e-01	1.1520e-01	1.1755e-36	2.6422e-02	9.7358e-01	5.2406e-21	1.1755e-36	1.1755e-36	1.1755e-36	5.0951e-24	0.00e+00	0.00e+00	1.1584e+01
1.54486e+20	7.6602e+03	3.613e-22	1.0000e+01	9.7496e+00	4.1507e-13	2.6189e-02	9.7381e-01	1.0000e+00	9.1429e-08	1.1755e-36	3.5450e-16	1.1860e-04	8.9507e-01	1.0481e-01	1.1755e-36	3.1231e-02	9.6877e-01	3.8196e-21	1.1755e-36	1.1755e-36	1.1755e-36	8.3237e-24	0.00e+00	0.00e+00	1.2123e+01
1.54805e+20	7.6022e+03	3.650e-22	1.0000e+01	9.6982e+00	6.1800e-13	3.1324e-02	9.6868e-01	1.0000e+00	7.9401e-08	1.1755e-36	5.1652e-16	1.1989e-04	9.0573e-01	9.4154e-02	1.1755e-36	3.7542e-02	9.6246e-01	2.8220e-21	1.1755e-36	1.1755e-36	1.1755e-36	1.4302e-23	0.00e+00	0.00e+00	1.2740e+01
1.55097e+20	7.5363e+03	3.681e-22	1.0000e+01	9.6318e+00	9.4994e-13	3.7965e-02	9.6203e-01	1.0000e+00	6.7927e-08	1.1755e-36	7.7143e-16	1.2096e-04	9.1619e-01	8.3688e-02	1.1755e-36	4.5696e-02	9.5430e-01	2.1097e-21	1.1755e-36	1.1755e-36	1.1755e-36	2.5496e-23	0.00e+00	0.00e+00	1.3391e+01
1.55345e+20	7.4664e+03	3.705e-22	1.0000e+01	9.5626e+00	1.4717e-12	4.6130e-02	9.5387e-01	1.0000e+00	5.8171e-08	1.1755e-36	1.1557e-15	1.2187e-04	9.2587e-01	7.4007e-02	1.1755e-36	5.5699e-02	9.4430e-01	1.6277e-21	1.1755e-36	1.1755e-36	1.1755e-36	4.5746e-23	0.00e+00	0.00e+00	1.4045e+01
1.55552e+20	7.3952e+03	3.717e-22	1.0000e+01	9.4872e+00	2.2716e-12	5.5911e-02	9.4409e-01	1.0000e+00	5.0060e-08	1.1755e-36	1.7190e-15	1.2249e-04	9.3461e-01	6.5272e-02	1.1755e-36	6.7644e-02	9.3236e-01	1.2949e-21	1.1755e-36	1.1755e-36	1.1755e-36	8.1351e-23	0.00e+00	0.00e+00	1.4716e+01
1.55733e+20	7.3299e+03	3.691e-22	1.0000e+01	9.3444e+00	3.4896e-12	6.7665e-02	9.3233e-01	1.0000e+00	4.3014e-08	1.1755e-36	2.5303e-15	1.2213e-04	9.4242e-01	5.7456e-02	1.1755e-36	8.1947e-02	9.1805e-01	1.0512e-21	1.1755e-36	1.1755e-36	1.1755e-36	1.4231e-22	0.00e+00	0.00e+00	1.5454e+01
1.55900e+20	7.2525e+03	3.650e-22	1.0000e+01	9.1898e+00	5.5823e-12	8.3197e-02	9.1680e-01	1.0000e+00	3.6324e-08	1.1755e-36	3.8420e-15	1.2156e-04	9.5013e-01	4.9753e-02	1.1755e-36	1.0073e-01	8.9927e-01	8.4446e-22	1.1755e-36	1.1755e-36	1.1755e-36	2.6092e-22	0.00e+00	0.00e+00	1.6302e+01
1.56049e+20	7.1723e+03	3.576e-22	1.0000e+01	8.9920e+00	9.1278e-12	1.0322e-01	8.9678e-01	1.0000e+00	3.0075e-08	1.1755e-36	5.9161e-15	1.2030e-04	9.5728e-01	4.2601e-02	1.1755e-36	1.2476e-01	8.7524e-01	6.7360e-22	1.1755e-36	1.1755e-36	1.1755e-36	4.8873e-22	0.00e+00	0.00e+00	1.7183e+01
1.56169e+20	7.0906e+03	3.470e-22	1.0000e+01	8.7572e+00	1.4660e-11	1.2676e-01	8.7324e-01	1.0000e+00	2.5071e-08	1.1755e-36	8.8811e-15	1.1833e-04	9.6335e-01	3.6535e-02	1.1755e-36	1.5272e-01	8.4728e-01	5.4113e-22	1.1755e-36	1.1755e-36	1.1755e-36	8.8196e-22	0.00e+00	0.00e+00	1.8027e+01
1.56264e+20	7.0088e+03	3.337e-22	1.0000e+01	8.4906e+00	2.2631e-11	1.5250e-01	8.4750e-01	1.0000e+00	2.1271e-08	1.1755e-36	1.2733e-14	1.1572e-04	9.6827e-01	3.1619e-02	1.1755e-36	1.8296e-01	8.1704e-01	4.4152e-22	1.1755e-36	1.1755e-36	1.1755e-36	1.4863e-21	0.00e+00	0.00e+00	1.8838e+01
1.56342e+20	6.9282e+03	3.179e-22	1.0000e+01	8.1995e+00	3.3992e-11	1.8091e-01	8.1909e-01	1.0000e+00	1.8224e-08	1.1755e-36	1.7687e-14	1.1260e-04	9.7241e-01	2.7473e-02	1.1755e-36	2.1591e-01	7.8409e-01	3.6298e-22	1.1755e-36	1.1755e-36	1.1755e-36	2.3899e-21	0.00e+00	0.00e+00	1.9673e+01
1.56412e+20	6.8107e+03	2.998e-22	1.0000e+01	7.8668e+00	5.2339e-11	2.1425e-01	7.8575e-01	1.0000e+00	1.5508e-08	1.1755e-36	2.4382e-14	1.0894e-04	9.7618e-01	2.3716e-02	1.1755e-36	2.5404e-01	7.4596e-01	2.9679e-22	1.1755e-36	1.1755e-36	1.1755e-36	3.7845e-21	0.00e+00	0.00e+00	2.0575e+01
1.56475e+20	6.6813e+03	2.784e-22	1.0000e+01	7.4815e+00	8.0938e-11	2.5275e-01	7.4725e-01	1.0000e+00	1.3098e-08	1.1755e-36	3.3161e-14	1.0446e-04	9.7953e-01	2.0364e-02	1.1755e-36	2.9734e-01	7.0266e-01	2.4117e-22	1.1755e-36	1.1755e-36	1.1755e-36	5.8583e-21	0.00e+00	0.00e+00	2.1517e+01
1.56528e+20	6.5380e+03	2.562e-22	1.0000e+01	7.0769e+00	1.2262e-10	2.9318e-01	7.0682e-01	1.0000e+00	1.1076e-08	1.1755e-36	4.3432e-14	9.9608e-05	9.8229e-01	1.7606e-02	1.1755e-36	3.4200e-01	6.5800e-01	1.9807e-22	1.1755e-36	1.1755e-36	1.1755e-36	8.5495e-21	0.00e+00	0.00e+00	2.2366e+01
1.56567e+20	6.4014e+03	2.367e-22	1.0000e+01	6.7162e+00	1.7346e-10	3.2923e-01	6.7077e-01	1.0000e+00	9.6711e-09	1.1755e-36	5.3350e-14	9.5189e-05	9.8431e-01	1.5597e-02	1.1755e-36	3.8111e-01	6.1889e-01	1.6840e-22	1.1755e-36	1.1755e-36	1.1755e-36	1.1348e-20	0.00e+00	0.00e+00	2.3034e+01
1.56595e+20	6.2813e+03	2.212e-22	1.0000e+01	6.4225e+00	2.2800e-10	3.5863e-01	6.4137e-01	1.0000e+00	8.8105e-09	1.1755e-36	6.1886e-14	9.1543e-05	9.8573e-01	1.4181e-02	1.1755e-36	4.1256e-01	5.8744e-01	1.4855e-22	1.1755e-36	1.1755e-36	1.1755e-36	1.3868e-20	0.00e+00	0.00e+00	2.3575e+01
1.56617e+20	6.1686e+03	2.078e-22	1.0000e+01	6.1638e+00	2.8871e-10	3.8444e-01	6.1556e-01	1.0000e+00	8.1626e-09	1.1755e-36	6.9638e-14	8.8307e-05	9.8684e-01	1.3068e-02	1.1755e-36	4.3982e-01	5.6018e-01	1.3361e-22	1.1755e-36	1.1755e-36	1.1755e-36	1.6216e-20	0.00e+00	0.00e+00	2.4082e+01
1.56638e+20	6.0506e+03	1.948e-22	1.0000e+01	5.9093e+00	3.6357e-10	4.0981e-01	5.9019e-01	1.0000e+00	7.5492e-09	1.1755e-36	7.7456e-14	8.5099e-05	9.8784e-01	1.2074e-02	1.1755e-36	4.6633e-01	5.3367e-01	1.2076e-22	1.1755e-36	1.1755e-36	1.1755e-36	1.8619e-20	0.00e+00	0.00e+00	2.4598e+01
1.56657e+20	5.9252e+03	1.822e-22	1.0000e+01	5.6538e+00	4.5781e-10	4.3525e-01	5.6475e-01	1.0000e+00	6.9486e-09	1.1755e-36	8.5444e-14	8.1858e-05	9.8875e-01	1.1165e-02	1.1755e-36	4.9260e-01	5.0740e-01	1.0939e-22	1.1755e-36	1.1755e-36	1.1755e-36	2.1096e-20	0.00e+00	0.00e+00	2.5107e+01
1.56674e+20	5.7955e+03	1.705e-22	1.0000e+01	5.4102e+00	5.7280e-10	4.5976e-01	5.4024e-01	1.0000e+00	6.4150e-09	1.1755e-36	9.3292e-14	7.8759e-05	9.8956e-01	1.0360e-02	1.1755e-36	5.1763e-01	4.8237e-01	9.9650e-23	1.1755e-36	1.1755e-36	1.1755e-36	2.3543e-20	0.00e+00	0.00e+00	2.5582e+01
1.56690e+20	5.6686e+03	1.598e-22	1.0000e+01	5.1828e+00	7.0580e-10	4.8250e-01	5.1750e-01	1.0000e+00	5.9749e-09	1.1755e-36	1.0065e-13	7.5850e-05	9.9026e-01	9.6663e-03	1.1755e-36	5.4063e-01	4.5937e-01	9.1505e-23	1.1755e-36	1.1755e-36	1.1755e-36	2.5832e-20	0.00e+00	0.00e+00	2.6026e+01
1.56704e+20	5.5418e+03	1.501e-22	1.0000e+01	4.9696e+00	8.6054e-10	5.0382e-01	4.9618e-01	1.0000e+00	5.5956e-09	1.1755e-36	1.0761e-13	7.3115e-05	9.9087e-01	9.0580e-03	1.1755e-36	5.6198e-01	4.3802e-01	8.4560e-23	1.1755e-36	1.1755e-36	1.1755e-36	2.7997e-20	0.00e+00	0.00e+00	2.6448e+01
1.56716e+20	5.4142e+03	1.411e-22	1.0000e+01	4.7665e+00	1.0410e-09	5.2414e-01	4.7586e-01	1.0000e+00	5.2537e-09	1.1755e-36	1.1432e-13	7.0504e-05	9.9142e-01	8.5115e-03	1.1755e-36	5.8215e-01	4.1785e-01	7.8475e-23	1.1755e-36	1.1755e-36	1.1755e-36	3.0088e-20	0.00e+00	0.00e+00	2.6857e+01
1.56728e+20	5.2843e+03	1.327e-22	1.0000e+01	4.5712e+00	1.2517e-09	5.4370e-01	4.5630e-01	1.0000e+00	4.9383e-09	1.1755e-36	1.2086e-13	6.7991e-05	9.9192e-01	8.0138e-03	1.1755e-36	6.0140e-01	3.9860e-01	7.3061e-23	1.1755e-36	1.1755e-36	1.1755e-36	3.2135e-20	0.00e+00	0.00e+00	2.7256e+01
1.56738e+20	5.1773e+03	1.262e-22	1.0000e+01	4.4159e+00	1.4471e-09	5.5921e-01	4.4079e-01	1.0000e+00	4.6420e-09	1.1755e-36	1.2609e-13	6.5991e-05	9.9230e-01	7.6386e-03	1.1755e-36	6.1655e-01	3.8345e-01	6.9042e-23	1.1755e-36	1.1755e-36	1.1755e-36	3.3786e-20	0.00e+00	0.00e+00	2.7527e+01
1.56745e+20	5.0930e+03	1.214e-22	1.0000e+01	4.2993e+00	1.6140e-09	5.7087e-01	4.2913e-01	1.0000e+00	4.5134e-09	1.1755e-36	1.3007e-13	6.4489e-05	9.9257e-01	7.3657e-03	1.1755e-36	6.2787e-01	3.7213e-01	6.6171e-23	1.1755e-36	1.1755e-36	1.1755e-36	3.5055e-20	0.00e+00	0.00e+00	2.7755e+01
1.56752e+20	5.0095e+03	1.168e-22	1.0000e+01	4.1873e+00	1.7918e-09	5.8227e-01	4.1773e-01	1.0000e+00	4.3786e-09	1.1755e-36	1.3405e-13	6.3049e-05	9.9283e-01	7.1056e-03	1.1755e-36	6.3890e-01	3.6110e-01	6.3465e-23	1.1755e-36	1.1755e-36	1.1755e-36	3.6347e-20	0.00e+00	0.00e+00	2.8005e+01
1.56759e+20	4.9065e+03	1.118e-22	1.0000e+01	4.0602e+00	2.0142e-09	5.9488e-01	4.0512e-01	1.0000e+00	4.1930e-09	1.1755e-36	1.3801e-13	6.1432e-05	9.9312e-01	6.8156e-03	1.1755e-36	6.5104e-01	3.4896e-01	6.0638e-23	1.1755e-36	1.1755e-36	1.1755e-36	3.7400e-20	0.00e+00	0.00e+00	2.8286e+01
1.56766e+20	4.7979e+03	1.068e-22	1.0000e+01	3.9302e+00	2.2621e-09	6.0799e-01	3.9201e-01	1.0000e+00	3.9904e-09	1.1755e-36	1.4201e-13	5.9779e-05	9.9342e-01	6.5211e-03	1.1755e-36	6.6359e-01	3.3641e-01	5.7815e-23	1.1755e-36	1.1755e-36	1.1755e-36	3.8383e-20	0.00e+00	0.00e+00	2.8569e+01
1.56773e+20	4.6953e+03	1.020e-22	1.0000e+01	3.8032e+00	2.5052e-09	6.2034e-01	3.7966e-01	1.0000e+00	3.8133e-09	1.1755e-36	1.4553e-13	5.8151e-05	9.9369e-01	6.2512e-03	1.1755e-36	6.7535e-01	3.2465e-01	5.5247e-23	1.1755e-36	1.1755e-36	1.1755e-36	3.9098e-20	0.00e+00	0.00e+00	2.8840e+01
1.56780e+20	4.5857e+03	9.743e-23	1.0000e+01	3.6804e+00	2.7656e-09	6.3262e-01	3.6738e-01	1.0000e+00	3.6512e-09	1.1755e-36	1.4893e-13	5.6604e-05	9.9395e-01	5.9893e-03	1.1755e-36	6.8699e-01	3.1301e-01	5.2812e-23	1.1755e-36	1.1755e-36	1.1755e-36	3.9685e-20	0.00e+00	0.00e+00	2.9112e+01
1.56787e+20	4.4745e+03	9.304e-23	1.0000e+01	3.5595e+00	3.0262e-09	6.4471e-01	3.5529e-01	1.0000e+00	3.4897e-09	1.1755e-36	1.5205e-13	5.5089e-05	9.9421e-01	5.7378e-03	1.1755e-36	6.9839e-01	3.0161e-01	5.0504e-23	1.1755e-36	1.1755e-36	1.1755e-36	4.0046e-20	0.00e+00	0.00e+00	2.9383e+01
1.56793e+20	4.3614e+03	8.883e-23	1.0000e+01	3.4407e+00	3.2800e-09	6.5660e-01	3.4340e-01	1.0000e+00	3.3355e-09	1.1755e-36	1.5486e-13	5.3612e-05	9.9445e-01	5.4965e-03	1.1755e-36	7.0955e-01	2.9045e-01	4.8317e-23	1.1755e-36	1.1755e-36	1.1755e-36	4.0146e-20	0.00e+00	0.00e+00	2.9653e+01
1.56800e+20	4.2425e+03	8.478e-23	1.0000e+01	3.3236e+00	3.5253e-09	6.6842e-01	3.3158e-01	1.0000e+00	3.1848e-09	1.1755e-36	1.5738e-13	5.2183e-05	9.9469e-01	5.2622e-03	1.1755e-36	7.2060e-01	2.7940e-01	4.6227e-23	1.1755e-36	1.1755e-36	1.1755e-36	3.9961e-20	0.00e+00	0.00e+00	2.9923e+01
1.56806e+20	4.1257e+03	8.090e-23	1.0000e+01	3.2093e+00	3.7391e-09	6.7985e-01	3.2015e-01	1.0000e+00	3.0412e-09	1.1755e-36	1.5949e-13	5.0795e-05	9.9491e-01	5.0408e-03	1.1755e-36	7.3123e-01	2.6877e-01	4.4263e-23	1.1755e-36	1.1755e-36	1.1755e-36	3.9462e-20	0.00e+00	0.00e+00	3.0190e+01
1.56812e+20	4.0072e+03	7.717e-23	1.0000e+01	3.0972e+00	3.9221e-09	6.9106e-01	3.0894e-01	1.0000e+00	2.9046e-09	1.1755e-36	1.6123e-13	4.9455e-05	9.9512e-01	4.8286e-03	1.1755e-36	7.4161e-01	2.5839e-01	4.2395e-23	1.1755e-36	1.1755e-36	1.1755e-36	3.8661e-20	0.00e+00	0.00e+00	3.0457e+01
1.56818e+20	3.8864e+03	7.358e-23	1.0000e+01	2.9868e+00	4.0704e-09	7.0212e-01	2.9788e-01	1.0000e+00	2.7696e-09	1.1755e-36	1.6264e-13	4.8159e-05	9.9533e-01	4.6240e-03	1.1755e-36	7.5181e-01	2.4819e-01	4.0604e-23	1.1755e-36	1.1755e-36	1.1755e-36	3.7570e-20	0.00e+00	0.00e+00	3.0725e+01
###########################
5.56148e+14	5.8230e+03	3.316e-22	1.0000e+01	1.0873e+01	2.1343e-16	2.8975e-04	9.9971e-01	2.1147e-03	9.9076e-01	7.1280e-03	2.7859e-22	2.5914e-06	3.7653e-02	9.5852e-01	3.8252e-03	2.2661e-05	1.3566e-01	8.6078e-01	3.5348e-03	1.1755e-36	1.1755e-36	2.0074e-30	0.00e+00	0.00e+00	2.0345e-05
3.33689e+15	5.8215e+03	3.316e-22	1.0000e+01	1.0873e+01	2.1393e-16	2.8978e-04	9.9971e-01	2.1147e-03	9.9076e-01	7.1211e-03	2.7903e-22	2.5867e-06	3.7691e-02	9.5848e-01	3.8301e-03	2.2655e-05	1.3560e-01	8.6085e-01	3.5219e-03	1.1755e-36	1.1755e-36	2.0102e-30	0.00e+00	0.00e+00	1.0173e-04
1.44599e+16	5.8210e+03	3.315e-22	1.0000e+01	1.0872e+01	2.1415e-16	2.8982e-04	9.9971e-01	2.1148e-03	9.9081e-01	7.0749e-03	2.7949e-22	2.5957e-06	3.7748e-02	9.5843e-01	3.8232e-03	2.2653e-05	1.3555e-01	8.6096e-01	3.4699e-03	1.1755e-36	1.1755e-36	2.0110e-30	0.00e+00	0.00e+00	4.2733e-04
5.89517e+16	5.8175e+03	3.314e-22	1.0000e+01	1.0872e+01	2.1337e-16	2.8989e-04	9.9971e-01	2.1161e-03	9.9105e-01	6.8321e-03	2.7798e-22	2.6153e-06	3.7804e-02	9.5839e-01	3.7993e-03	2.2665e-05	1.3554e-01	8.6117e-01	3.2699e-03	1.1755e-36	1.1755e-36	1.9813e-30	0.00e+00	0.00e+00	1.7300e-03
1.40817e+17	5.8083e+03	3.309e-22	1.0000e+01	1.0872e+01	2.1483e-16	2.8945e-04	9.9971e-01	2.1157e-03	9.9120e-01	6.6832e-03	2.7721e-22	2.6318e-06	3.7807e-02	9.5841e-01	3.7799e-03	2.2609e-05	1.3532e-01	8.6166e-01	2.9950e-03	1.1755e-36	1.1755e-36	1.9744e-30	0.00e+00	0.00e+00	3.4210e-03
2.47241e+17	5.7988e+03	3.304e-22	1.0000e+01	1.0872e+01	2.1637e-16	2.8900e-04	9.9971e-01	2.1161e-03	9.9159e-01	6.2941e-03	2.7691e-22	2.6277e-06	3.7810e-02	9.5845e-01	3.7416e-03	2.2583e-05	1.3524e-01	8.6208e-01	2.6652e-03	1.1755e-36	1.1755e-36	1.9717e-30	0.00e+00	0.00e+00	5.6158e-03
3.85593e+17	5.7885e+03	3.297e-22	1.0000e+01	1.0871e+01	2.1787e-16	2.8851e-04	9.9971e-01	2.1172e-03	9.9221e-01	5.6772e-03	2.7653e-22	2.6421e-06	3.7824e-02	9.5849e-01	3.6848e-03	2.2569e-05	1.3521e-01	8.6248e-01	2.2840e-03	1.1755e-36	1.1755e-36	1.9654e-30	0.00e+00	0.00e+00	8.4642e-03
5.65450e+17	5.7748e+03	3.289e-22	1.0000e+01	1.0871e+01	2.1851e-16	2.8803e-04	9.9971e-01	2.1196e-03	9.9304e-01	4.8432e-03	2.7468e-22	2.6565e-06	3.7851e-02	9.5854e-01	3.6093e-03	2.2590e-05	1.3537e-01	8.6275e-01	1.8629e-03	1.1755e-36	1.1755e-36	1.9326e-30	0.00e+00	0.00e+00	1.2161e-02
7.99265e+17	5.7593e+03	3.279e-22	1.0000e+01	1.0870e+01	2.2062e-16	2.8748e-04	9.9971e-01	2.1227e-03	9.9403e-01	3.8436e-03	2.7482e-22	2.6699e-06	3.7889e-02	9.5859e-01	3.5189e-03	2.2653e-05	1.3574e-01	8.6282e-01	1.4246e-03	1.1755e-36	1.1755e-36	1.9240e-30	0.00e+00	0.00e+00	1.6958e-02
1.10322e+18	5.7401e+03	3.267e-22	1.0000e+01	1.0869e+01	2.2127e-16	2.8693e-04	9.9971e-01	2.1270e-03	9.9509e-01	2.7783e-03	2.7295e-22	2.6817e-06	3.7948e-02	9.5863e-01	3.4186e-03	2.2774e-05	1.3640e-01	8.6258e-01	1.0023e-03	1.1755e-36	1.1755e-36	1.8793e-30	0.00e+00	0.00e+00	2.3181e-02
1.49837e+18	5.7173e+03	3.253e-22	1.0000e+01	1.0868e+01	2.2437e-16	2.8637e-04	9.9971e-01	2.1326e-03	9.9608e-01	1.7844e-03	2.7414e-22	2.6931e-06	3.8033e-02	9.5865e-01	3.3167e-03	2.2962e-05	1.3737e-01	8.6197e-01	6.3395e-04	1.1755e-36	1.1755e-36	1.8700e-30	0.00e+00	0.00e+00	3.1256e-02
2.01206e+18	5.6892e+03	3.238e-22	1.0000e+01	1.0867e+01	2.2629e-16	2.8587e-04	9.9971e-01	2.1397e-03	9.9687e-01	9.8926e-04	2.7341e-22	2.7063e-06	3.8157e-02	9.5862e-01	3.2193e-03	2.3224e-05	1.3866e-01	8.6097e-01	3.5052e-04	1.1755e-36	1.1755e-36	1.8238e-30	0.00e+00	0.00e+00	4.1735e-02
2.67986e+18	5.6585e+03	3.218e-22	1.0000e+01	1.0867e+01	2.3105e-16	2.8536e-04	9.9971e-01	2.1482e-03	9.9739e-01	4.5835e-04	2.7623e-22	2.7256e-06	3.8317e-02	9.5855e-01	3.1300e-03	2.3549e-05	1.4019e-01	8.5962e-01	1.6405e-04	1.1755e-36	1.1755e-36	1.8190e-30	0.00e+00	0.00e+00	5.5334e-02
3.54800e+18	5.6189e+03	3.197e-22	1.0000e+01	1.0866e+01	2.3418e-16	2.8509e-04	9.9971e-01	2.1605e-03	9.9767e-01	1.7093e-04	2.7595e-22	2.7435e-06	3.8558e-02	9.5840e-01	3.0425e-03	2.3978e-05	1.4207e-01	8.5785e-01	6.2664e-05	1.1755e-36	1.1755e-36	1.7567e-30	0.00e+00	0.00e+00	7.2996e-02
4.67658e+18	5.5721e+03	3.173e-22	1.0000e+01	1.0866e+01	2.4124e-16	2.8510e-04	9.9971e-01	2.1777e-03	9.9777e-01	4.9371e-05	2.7981e-22	2.7687e-06	3.8894e-02	9.5815e-01	2.9495e-03	2.4535e-05	1.4437e-01	8.5559e-01	1.8833e-05	1.1755e-36	1.1755e-36	1.7320e-30	0.00e+00	0.00e+00	9.5957e-02
6.14373e+18	5.5182e+03	3.146e-22	1.0000e+01	1.0866e+01	2.4821e-16	2.8552e-04	9.9971e-01	2.2019e-03	9.9779e-01	1.0688e-05	2.8332e-22	2.8050e-06	3.9359e-02	9.5780e-01	2.8419e-03	2.5272e-05	1.4727e-01	8.5270e-01	4.3259e-06	1.1755e-36	1.1755e-36	1.6804e-30	0.00e+00	0.00e+00	1.2585e-01
8.05103e+18	5.4574e+03	3.115e-22	1.0000e+01	1.0866e+01	2.5914e-16	2.8657e-04	9.9971e-01	2.2361e-03	9.9776e-01	1.7220e-06	2.9180e-22	2.8568e-06	4.0003e-02	9.5728e-01	2.7124e-03	2.6267e-05	1.5102e-01	8.4896e-01	7.5563e-07	1.1755e-36	1.1755e-36	1.6590e-30	0.00e+00	0.00e+00	1.6485e-01
1.05305e+19	5.3908e+03	3.080e-22	1.0000e+01	1.0866e+01	2.7004e-16	2.8858e-04	9.9971e-01	2.2849e-03	9.9771e-01	2.1563e-07	3.0168e-22	2.9319e-06	4.0901e-02	9.5654e-01	2.5555e-03	2.7634e-05	1.5594e-01	8.4403e-01	1.1755e-36	1.1755e-36	1.1755e-36	1.6121e-30	0.00e+00	0.00e+00	2.1591e-01
1.37538e+19	5.3208e+03	3.041e-22	1.0000e+01	1.0866e+01	2.8334e-16	2.9201e-04	9.9971e-01	2.3551e-03	9.9764e-01	2.2662e-08	3.1770e-22	3.0421e-06	4.2166e-02	9.5546e-01	2.3669e-03	2.9536e-05	1.6249e-01	8.3748e-01	1.1755e-36	1.1755e-36	1.1755e-36	1.5769e-30	0.00e+00	0.00e+00	2.8308e-01
1.79442e+19	5.2521e+03	2.997e-22	1.0000e+01	1.0866e+01	2.9778e-16	2.9760e-04	9.9970e-01	2.4574e-03	9.9754e-01	2.0712e-09	3.4216e-22	3.2054e-06	4.3970e-02	9.5388e-01	2.1435e-03	3.2248e-05	1.7137e-01	8.2860e-01	1.1755e-36	1.1755e-36	1.1755e-36	1.5483e-30	0.00e+00	0.00e+00	3.7207e-01
2.13283e+19	5.1521e+03	2.953e-22	1.0000e+01	1.0866e+01	3.0580e-16	2.9866e-04	9.9970e-01	2.5170e-03	9.9748e-01	3.4891e-10	3.3761e-22	3.2886e-06	4.5106e-02	9.5291e-01	1.9836e-03	3.4081e-05	1.7789e-01	8.2208e-01	1.1755e-36	1.1755e-36	1.1755e-36	1.3608e-30	0.00e+00	0.00e+00	4.1037e-01
2.34611e+19	5.1324e+03	2.936e-22	1.0000e+01	1.0865e+01	3.1106e-16	3.0202e-04	9.9970e-01	2.5763e-03	9.9742e-01	1.3550e-10	3.5220e-22	3.3842e-06	4.6130e-02	9.5198e-01	1.8871e-03	3.5624e-05	1.8267e-01	8.1729e-01	1.1755e-36	1.1755e-36	1.1755e-36	1.3618e-30	0.00e+00	0.00e+00	4.5297e-01
2.58072e+19	5.1161e+03	2.918e-22	1.0000e+01	1.0865e+01	3.1696e-16	3.0604e-04	9.9969e-01	2.6462e-03	9.9735e-01	5.1458e-11	3.7096e-22	3.4969e-06	4.7321e-02	9.5089e-01	1.7861e-03	3.7434e-05	1.8814e-01	8.1183e-01	1.1755e-36	1.1755e-36	1.1755e-36	1.3755e-30	0.00e+00	0.00e+00	5.0045e-01
2.83879e+19	5.1043e+03	2.900e-22	1.0000e+01	1.0865e+01	3.2564e-16	3.1080e-04	9.9969e-01	2.7288e-03	9.9727e-01	1.9111e-11	3.9789e-22	3.6305e-06	4.8715e-02	9.4960e-01	1.6807e-03	3.9570e-05	1.9442e-01	8.0554e-01	1.1755e-36	1.1755e-36	1.1755e-36	1.4256e-30	0.00e+00	0.00e+00	5.5350e-01
3.12267e+19	5.0932e+03	2.883e-22	1.0000e+01	1.0865e+01	3.3236e-16	3.1667e-04	9.9968e-01	2.8289e-03	9.9717e-01	6.9373e-12	4.2759e-22	3.7930e-06	5.0388e-02	9.4804e-01	1.5697e-03	4.2160e-05	2.0181e-01	7.9815e-01	1.1755e-36	1.1755e-36	1.1755e-36	1.4574e-30	0.00e+00	0.00e+00	6.1295e-01
3.43494e+19	5.0944e+03	2.864e-22	1.0000e+01	1.0865e+01	3.3569e-16	3.2337e-04	9.9968e-01	2.9473e-03	9.9705e-01	2.4658e-12	4.6321e-22	3.9852e-06	5.2343e-02	9.4620e-01	1.4557e-03	4.5227e-05	2.1033e-01	7.8962e-01	1.1755e-36	1.1755e-36	1.1755e-36	1.4945e-30	0.00e+00	0.00e+00	6.7973e-01
3.77843e+19	5.1092e+03	2.842e-22	1.0000e+01	1.0864e+01	3.4237e-16	3.3111e-04	9.9967e-01	3.0905e-03	9.9691e-01	8.5928e-13	5.1816e-22	4.2156e-06	5.4656e-02	9.4400e-01	1.3389e-03	4.8916e-05	2.2029e-01	7.7966e-01	1.1755e-36	1.1755e-36	1.1755e-36	1.6119e-30	0.00e+00	0.00e+00	7.5494e-01
4.15627e+19	5.1304e+03	2.820e-22	1.0000e+01	1.0864e+01	3.4717e-16	3.4061e-04	9.9966e-01	3.2692e-03	9.9673e-01	2.9421e-13	5.8725e-22	4.5026e-06	5.7504e-02	9.4127e-01	1.2179e-03	5.3542e-05	2.3232e-01	7.6763e-01	1.1755e-36	1.1755e-36	1.1755e-36	1.7392e-30	0.00e+00	0.00e+00	8.4006e-01
4.57190e+19	5.1596e+03	2.800e-22	1.0000e+01	1.0864e+01	3.5668e-16	3.5235e-04	9.9965e-01	3.4958e-03	9.9650e-01	9.9898e-14	6.9114e-22	4.8707e-06	6.1089e-02	9.3781e-01	1.0929e-03	5.9460e-05	2.4708e-01	7.5286e-01	1.1755e-36	1.1755e-36	1.1755e-36	1.9632e-30	0.00e+00	0.00e+00	9.3691e-01
5.02909e+19	5.2175e+03	2.775e-22	1.0000e+01	1.0863e+01	3.5776e-16	3.6590e-04	9.9963e-01	3.7823e-03	9.9622e-01	3.4511e-14	8.2991e-22	5.3281e-06	6.5501e-02	9.3353e-01	9.6738e-04	6.6925e-05	2.6499e-01	7.3495e-01	1.1755e-36	1.1755e-36	1.1755e-36	2.2451e-30	0.00e+00	0.00e+00	1.0475e+00
5.53200e+19	5.2914e+03	2.749e-22	1.0000e+01	1.0862e+01	3.6012e-16	3.8275e-04	9.9962e-01	4.1655e-03	9.9583e-01	1.2698e-14	1.0420e-21	5.9306e-06	7.1248e-02	9.2791e-01	8.3976e-04	7.6875e-05	2.8767e-01	7.1225e-01	1.1755e-36	1.1755e-36	1.1755e-36	2.6842e-30	0.00e+00	0.00e+00	1.1748e+00
6.08520e+19	5.3927e+03	2.722e-22	1.0000e+01	1.0862e+01	3.6427e-16	4.0351e-04	9.9960e-01	4.6932e-03	9.9531e-01	5.3552e-15	1.3936e-21	6.7429e-06	7.8906e-02	9.2038e-01	7.1160e-04	9.0441e-05	3.1689e-01	6.8302e-01	1.1755e-36	1.1755e-36	1.1755e-36	3.4527e-30	0.00e+00	0.00e+00	1.3225e+00
6.69372e+19	5.5287e+03	2.692e-22	1.0000e+01	1.0860e+01	3.6418e-16	4.2943e-04	9.9957e-01	5.4579e-03	9.9454e-01	2.7259e-15	1.9855e-21	7.8855e-06	8.9541e-02	9.0987e-01	5.8402e-04	1.0962e-04	3.5554e-01	6.4435e-01	1.1755e-36	1.1755e-36	1.1755e-36	4.6879e-30	0.00e+00	0.00e+00	1.4953e+00
7.31832e+19	5.6988e+03	2.661e-22	1.0000e+01	1.0859e+01	3.5829e-16	4.5931e-04	9.9954e-01	6.5565e-03	9.9344e-01	1.6550e-15	2.9764e-21	9.4350e-06	1.0389e-01	8.9563e-01	4.6762e-04	1.3572e-04	4.0486e-01	5.9500e-01	1.1755e-36	1.1755e-36	1.1755e-36	6.6381e-30	0.00e+00	0.00e+00	1.6727e+00
7.88337e+19	5.8853e+03	2.631e-22	1.0000e+01	1.0857e+01	3.4554e-16	4.8981e-04	9.9951e-01	8.0426e-03	9.9196e-01	1.1494e-15	4.4776e-21	1.1360e-05	1.2171e-01	8.7791e-01	3.7279e-04	1.6760e-04	4.6140e-01	5.3844e-01	1.1755e-36	1.1755e-36	1.1755e-36	9.2989e-30	0.00e+00	0.00e+00	1.8330e+00
8.35870e+19	6.0671e+03	2.605e-22	1.0000e+01	1.0855e+01	3.3626e-16	5.1888e-04	9.9948e-01	9.9466e-03	9.9005e-01	8.7103e-16	6.6829e-21	1.3616e-05	1.4250e-01	8.5718e-01	2.9892e-04	2.0322e-04	5.2041e-01	4.7939e-01	1.1755e-36	1.1755e-36	1.1755e-36	1.3015e-29	0.00e+00	0.00e+00	1.9746e+00
8.71175e+19	6.2234e+03	2.585e-22	1.0000e+01	1.0852e+01	3.2303e-16	5.4186e-04	9.9946e-01	1.2121e-02	9.8788e-01	6.9368e-16	9.2060e-21	1.5885e-05	1.6354e-01	8.3620e-01	2.4838e-04	2.3682e-04	5.7409e-01	4.2567e-01	1.1755e-36	1.1755e-36	1.1755e-36	1.6658e-29	0.00e+00	0.00e+00	2.0682e+00
8.94266e+19	6.3327e+03	2.572e-22	1.0000e+01	1.0850e+01	3.1536e-16	5.5815e-04	9.9944e-01	1.4178e-02	9.8582e-01	6.0943e-16	1.1612e-20	1.7803e-05	1.8130e-01	8.1846e-01	2.1597e-04	2.6306e-04	6.1416e-01	3.8558e-01	1.1755e-36	1.1755e-36	1.1755e-36	1.9860e-29	0.00e+00	0.00e+00	2.1345e+00
9.11968e+19	6.4065e+03	2.566e-22	1.0000e+01	1.0848e+01	3.1428e-16	5.7255e-04	9.9943e-01	1.6279e-02	9.8372e-01	5.4988e-16	1.4085e-20	1.9595e-05	1.9779e-01	8.0200e-01	1.9089e-04	2.8615e-04	6.4727e-01	3.5244e-01	1.1755e-36	1.1755e-36	1.1755e-36	2.2920e-29	0.00e+00	0.00e+00	2.1945e+00
9.31067e+19	6.4963e+03	2.555e-22	1.0000e+01	1.0845e+01	3.1277e-16	5.8894e-04	9.9941e-01	1.9269e-02	9.8073e-01	4.9022e-16	1.7565e-20	2.1875e-05	2.1867e-01	7.8114e-01	1.6400e-04	3.1340e-04	6.8410e-01	3.1559e-01	1.1755e-36	1.1755e-36	1.1755e-36	2.7069e-29	0.00e+00	0.00e+00	2.2748e+00
9.50678e+19	6.6032e+03	2.543e-22	1.0000e+01	1.0840e+01	3.0665e-16	6.0516e-04	9.9939e-01	2.3672e-02	9.7633e-01	4.0939e-16	2.2173e-20	2.4693e-05	2.4466e-01	7.5518e-01	1.3860e-04	3.4454e-04	7.2636e-01	2.7330e-01	1.1755e-36	1.1755e-36	1.1755e-36	3.1956e-29	0.00e+00	0.00e+00	2.3421e+00
9.65279e+19	6.6806e+03	2.536e-22	1.0000e+01	1.0836e+01	3.0205e-16	6.1793e-04	9.9938e-01	2.8643e-02	9.7136e-01	3.5792e-16	2.6635e-20	2.7318e-05	2.6895e-01	7.3091e-01	1.1977e-04	3.7101e-04	7.6168e-01	2.3795e-01	1.1755e-36	1.1755e-36	1.1755e-36	3.5931e-29	0.00e+00	0.00e+00	2.3873e+00
9.75199e+19	6.7247e+03	2.534e-22	1.0000e+01	1.0832e+01	3.0365e-16	6.2764e-04	9.9937e-01	3.3446e-02	9.6655e-01	3.2803e-16	3.0655e-20	2.9446e-05	2.8860e-01	7.1126e-01	1.0665e-04	3.9103e-04	7.8738e-01	2.1223e-01	1.1755e-36	1.1755e-36	1.1755e-36	3.9564e-29	0.00e+00	0.00e+00	2.4201e+00
9.83030e+19	6.7741e+03	2.528e-22	1.0000e+01	1.0828e+01	2.9967e-16	6.3464e-04	9.9937e-01	3.8397e-02	9.6160e-01	3.0509e-16	3.4094e-20	3.1316e-05	3.0574e-01	6.9413e-01	9.6367e-05	4.0714e-04	8.0804e-01	1.9155e-01	1.1755e-36	1.1755e-36	1.1755e-36	4.2191e-29	0.00e+00	0.00e+00	2.4497e+00
9.91534e+19	6.8143e+03	2.524e-22	1.0000e+01	1.0822e+01	3.0195e-16	6.4364e-04	9.9936e-01	4.5520e-02	9.5448e-01	2.8008e-16	3.8833e-20	3.3574e-05	3.2646e-01	6.7342e-01	8.4783e-05	4.2605e-04	8.3077e-01	1.6880e-01	1.1755e-36	1.1755e-36	1.1755e-36	4.6185e-29	0.00e+00	0.00e+00	2.4887e+00
1.00023e+20	6.8610e+03	2.521e-22	1.0000e+01	1.0815e+01	3.0025e-16	6.5229e-04	9.9935e-01	5.5935e-02	9.4406e-01	2.4381e-16	4.4090e-20	3.6134e-05	3.5001e-01	6.4988e-01	7.3520e-05	4.4649e-04	8.5609e-01	1.4346e-01	1.1755e-36	1.1755e-36	1.1755e-36	4.9765e-29	0.00e+00	0.00e+00	2.5208e+00
1.00666e+20	6.8904e+03	2.518e-22	1.0000e+01	1.0803e+01	3.0082e-16	6.5871e-04	9.9934e-01	6.7277e-02	9.3272e-01	2.1802e-16	4.8777e-20	3.8242e-05	3.7004e-01	6.2985e-01	6.5018e-05	4.6283e-04	8.7647e-01	1.2307e-01	1.1755e-36	1.1755e-36	1.1755e-36	5.2805e-29	0.00e+00	0.00e+00	2.5419e+00
1.01109e+20	6.9128e+03	2.516e-22	1.0000e+01	1.0793e+01	3.0064e-16	6.6311e-04	9.9934e-01	7.8089e-02	9.2191e-01	2.0202e-16	5.2360e-20	3.9848e-05	3.8494e-01	6.1496e-01	5.9022e-05	4.7456e-04	8.9109e-01	1.0844e-01	1.1755e-36	1.1755e-36	1.1755e-36	5.4993e-29	0.00e+00	0.00e+00	2.5577e+00
1.01474e+20	6.9295e+03	2.513e-22	1.0000e+01	1.0784e+01	3.0048e-16	6.6683e-04	9.9933e-01	8.9606e-02	9.1039e-01	1.8804e-16	5.5452e-20	4.1215e-05	3.9780e-01	6.0210e-01	5.3975e-05	4.8448e-04	9.0327e-01	9.6246e-02	1.1755e-36	1.1755e-36	1.1755e-36	5.6658e-29	0.00e+00	0.00e+00	2.5725e+00
1.01878e+20	6.9443e+03	2.511e-22	1.0000e+01	1.0773e+01	3.0267e-16	6.7145e-04	9.9933e-01	1.0645e-01	8.9355e-01	1.7225e-16	5.9427e-20	4.2811e-05	4.1263e-01	5.8728e-01	4.8195e-05	4.9595e-04	9.1681e-01	8.2692e-02	1.1755e-36	1.1755e-36	1.1755e-36	5.9143e-29	0.00e+00	0.00e+00	2.5919e+00
1.02290e+20	6.9670e+03	2.505e-22	1.0000e+01	1.0756e+01	3.0177e-16	6.7510e-04	9.9932e-01	1.3041e-01	8.6959e-01	1.4945e-16	6.3433e-20	4.4436e-05	4.2809e-01	5.7182e-01	4.2546e-05	5.0746e-04	9.3140e-01	6.8092e-02	1.1755e-36	1.1755e-36	1.1755e-36	6.1244e-29	0.00e+00	0.00e+00	2.6075e+00
1.02594e+20	6.9756e+03	2.498e-22	1.0000e+01	1.0728e+01	3.0282e-16	6.7737e-04	9.9932e-01	1.5584e-01	8.4416e-01	1.3173e-16	6.6533e-20	4.5599e-05	4.3998e-01	5.5993e-01	3.8241e-05	5.1597e-04	9.4275e-01	5.6731e-02	1.1755e-36	1.1755e-36	1.1755e-36	6.2674e-29	0.00e+00	0.00e+00	2.6179e+00
1.02809e+20	6.9801e+03	2.493e-22	1.0000e+01	1.0711e+01	3.0450e-16	6.7938e-04	9.9932e-01	1.8011e-01	8.1989e-01	1.2009e-16	6.9005e-20	4.6487e-05	4.4862e-01	5.5130e-01	3.5044e-05	5.2235e-04	9.5089e-01	4.8592e-02	1.1755e-36	1.1755e-36	1.1755e-36	6.3961e-29	0.00e+00	0.00e+00	2.6259e+00
1.02992e+20	6.9853e+03	2.486e-22	1.0000e+01	1.0690e+01	3.0479e-16	6.8063e-04	9.9932e-01	2.0614e-01	7.9386e-01	1.0926e-16	7.0914e-20	4.7185e-05	4.5580e-01	5.4412e-01	3.2260e-05	5.2741e-04	9.5768e-01	4.1789e-02	1.1755e-36	1.1755e-36	1.1755e-36	6.4674e-29	0.00e+00	0.00e+00	2.6337e+00
1.03200e+20	6.9888e+03	2.476e-22	1.0000e+01	1.0663e+01	3.0529e-16	6.8208e-04	9.9932e-01	2.4339e-01	7.5661e-01	9.6439e-17	7.2986e-20	4.7944e-05	4.6368e-01	5.3624e-01	2.9007e-05	5.3301e-04	9.6506e-01	3.4410e-02	1.1755e-36	1.1755e-36	1.1755e-36	6.5259e-29	0.00e+00	0.00e+00	2.6438e+00
1.03414e+20	6.9864e+03	2.462e-22	1.0000e+01	1.0626e+01	3.0786e-16	6.8344e-04	9.9932e-01	2.9477e-01	7.0523e-01	7.9242e-17	7.5269e-20	4.8654e-05	4.7146e-01	5.2846e-01	2.5688e-05	5.3857e-04	9.7259e-01	2.6870e-02	1.1755e-36	1.1755e-36	1.1755e-36	6.6069e-29	0.00e+00	0.00e+00	2.6521e+00
1.03580e+20	6.9853e+03	2.444e-22	1.0000e+01	1.0582e+01	3.0895e-16	6.8338e-04	9.9932e-01	3.4804e-01	6.5196e-01	6.5728e-17	7.6729e-20	4.9062e-05	4.7692e-01	5.2301e-01	2.3059e-05	5.4190e-04	9.7823e-01	2.1226e-02	1.1755e-36	1.1755e-36	1.1755e-36	6.6288e-29	0.00e+00	0.00e+00	2.6581e+00
1.03707e+20	6.9744e+03	2.428e-22	1.0000e+01	1.0536e+01	3.1197e-16	6.8338e-04	9.9932e-01	3.9826e-01	6.0174e-01	5.5541e-17	7.7726e-20	4.9295e-05	4.8074e-01	5.1919e-01	2.0977e-05	5.4416e-04	9.8218e-01	1.7273e-02	1.1755e-36	1.1755e-36	1.1755e-36	6.6211e-29	0.00e+00	0.00e+00	2.6631e+00
1.03839e+20	6.9678e+03	2.405e-22	1.0000e+01	1.0486e+01	3.1305e-16	6.8296e-04	9.9932e-01	4.5961e-01	5.4039e-01	4.5178e-17	7.8421e-20	4.9477e-05	4.8418e-01	5.1575e-01	1.8733e-05	5.4599e-04	9.8581e-01	1.3644e-02	1.1755e-36	1.1755e-36	1.1755e-36	6.5684e-29	0.00e+00	0.00e+00	2.6695e+00
1.03986e+20	6.9522e+03	2.374e-22	1.0000e+01	1.0412e+01	3.1608e-16	6.8186e-04	9.9932e-01	5.3909e-01	4.6091e-01	3.2754e-17	7.8921e-20	4.9502e-05	4.8716e-01	5.1277e-01	1.6323e-05	5.4711e-04	9.8934e-01	1.0117e-02	1.1755e-36	1.1755e-36	1.1755e-36	6.4844e-29	0.00e+00	0.00e+00	2.6757e+00
1.04121e+20	6.9323e+03	2.342e-22	1.0000e+01	1.0340e+01	3.2024e-16	6.8104e-04	9.9932e-01	6.2227e-01	3.7773e-01	2.2837e-17	7.9293e-20	4.9467e-05	4.8939e-01	5.1055e-01	1.4106e-05	5.4794e-04	9.9206e-01	7.3921e-03	1.1755e-36	1.1755e-36	1.1755e-36	6.3981e-29	0.00e+00	0.00e+00	2.6811e+00
1.04246e+20	6.9077e+03	2.313e-22	1.0000e+01	1.0280e+01	3.2642e-16	6.8127e-04	9.9932e-01	7.0151e-01	2.9849e-01	1.5569e-17	7.9830e-20	4.9457e-05	4.9120e-01	5.0874e-01	1.2091e-05	5.4912e-04	9.9404e-01	5.4123e-03	1.1755e-36	1.1755e-36	1.1755e-36	6.3465e-29	0.00e+00	0.00e+00	2.6864e+00
1.04386e+20	6.8835e+03	2.280e-22	1.0000e+01	1.0213e+01	3.3179e-16	6.8124e-04	9.9932e-01	7.8468e-01	2.1532e-01	9.4963e-18	8.0011e-20	4.9359e-05	4.9252e-01	5.0742e-01	9.9361e-06	5.4994e-04	9.9570e-01	3.7550e-03	1.1755e-36	1.1755e-36	1.1755e-36	6.2504e-29	0.00e+00	0.00e+00	2.6933e+00
1.04569e+20	6.8535e+03	2.245e-22	1.0000e+01	1.0142e+01	3.3843e-16	6.8223e-04	9.9932e-01	8.7085e-01	1.2915e-01	4.4195e-18	8.0093e-20	4.9261e-05	4.9376e-01	5.0619e-01	7.5028e-06	5.5146e-04	9.9715e-01	2.3028e-03	1.1755e-36	1.1755e-36	1.1755e-36	6.1265e-29	0.00e+00	0.00e+00	2.7022e+00
1.04807e+20	6.8304e+03	2.213e-22	1.0000e+01	1.0076e+01	3.4157e-16	6.8398e-04	9.9932e-01	9.3997e-01	6.0032e-02	1.4587e-18	7.9598e-20	4.9165e-05	4.9468e-01	5.0527e-01	5.0463e-06	5.5355e-04	9.9824e-01	1.2089e-03	1.1755e-36	1.1755e-36	1.1755e-36	5.9310e-29	0.00e+00	0.00e+00	2.7138e+00
1.05117e+20	6.8157e+03	2.193e-22	1.0000e+01	1.0026e+01	3.3829e-16	6.8727e-04	9.9931e-01	9.7908e-01	2.0921e-02	3.2431e-19	7.8030e-20	4.9133e-05	4.9553e-01	5.0442e-01	2.9351e-06	5.5685e-04	9.9892e-01	5.2749e-04	1.1755e-36	1.1755e-36	1.1755e-36	5.5917e-29	0.00e+00	0.00e+00	2.7290e+00
1.05519e+20	6.8136e+03	2.188e-22	1.0000e+01	1.0007e+01	3.3736e-16	6.9326e-04	9.9931e-01	9.9445e-01	5.5465e-03	4.9622e-20	7.7891e-20	4.9319e-05	4.9690e-01	5.0305e-01	1.4360e-06	5.6246e-04	9.9925e-01	1.8571e-04	1.1755e-36	1.1755e-36	1.1755e-36	5.4644e-29	0.00e+00	0.00e+00	2.7489e+00
1.06042e+20	6.8192e+03	2.190e-22	1.0000e+01	1.0002e+01	3.3888e-16	7.0186e-04	9.9930e-01	9.9884e-01	1.1628e-03	5.5350e-21	7.8860e-20	4.9659e-05	4.9881e-01	5.0114e-01	5.7141e-07	5.7036e-04	9.9938e-01	5.1243e-05	1.1755e-36	1.1755e-36	1.1755e-36	5.4783e-29	0.00e+00	0.00e+00	2.7750e+00
1.06721e+20	6.8295e+03	2.197e-22	1.0000e+01	1.0002e+01	3.4370e-16	7.1349e-04	9.9929e-01	9.9979e-01	2.0838e-04	5.2139e-22	8.0996e-20	5.0140e-05	5.0136e-01	4.9859e-01	1.7572e-07	5.8102e-04	9.9941e-01	1.0776e-05	1.1755e-36	1.1755e-36	1.1755e-36	5.6242e-29	0.00e+00	0.00e+00	2.8096e+00
1.07604e+20	6.8437e+03	2.206e-22	1.0000e+01	1.0005e+01	3.5115e-16	7.2908e-04	9.9927e-01	9.9996e-01	4.1611e-05	6.1162e-23	8.4175e-20	5.0777e-05	5.0474e-01	4.9521e-01	1.1755e-36	5.9535e-04	9.9940e-01	1.6806e-06	1.1755e-36	1.1755e-36	1.1755e-36	5.8645e-29	0.00e+00	0.00e+00	2.8556e+00
1.08753e+20	6.8626e+03	2.218e-22	1.0000e+01	1.0005e+01	3.6490e-16	7.4990e-04	9.9925e-01	9.9998e-01	1.5962e-05	1.6479e-23	8.9404e-20	5.1594e-05	5.0911e-01	4.9084e-01	1.1755e-36	6.1461e-04	9.9939e-01	1.8636e-07	1.1755e-36	1.1755e-36	1.1755e-36	6.3297e-29	0.00e+00	0.00e+00	2.9171e+00
1.10246e+20	6.8874e+03	2.235e-22	1.0000e+01	1.0005e+01	3.8508e-16	7.7853e-04	9.9922e-01	9.9999e-01	1.0936e-05	8.6740e-24	9.7080e-20	5.2683e-05	5.1492e-01	4.8503e-01	1.1755e-36	6.4127e-04	9.9936e-01	1.3507e-08	1.1755e-36	1.1755e-36	1.1755e-36	7.0388e-29	0.00e+00	0.00e+00	3.0001e+00
1.12187e+20	6.9205e+03	2.256e-22	1.0000e+01	1.0005e+01	4.1728e-16	8.1866e-04	9.9918e-01	9.9999e-01	8.4711e-06	5.0743e-24	1.0927e-19	5.4138e-05	5.2268e-01	4.7726e-01	1.1755e-36	6.7899e-04	9.9932e-01	5.6103e-10	1.1755e-36	1.1755e-36	1.1755e-36	8.2539e-29	0.00e+00	0.00e+00	3.1135e+00
1.14710e+20	6.9651e+03	2.286e-22	1.0000e+01	1.0004e+01	4.7029e-16	8.7665e-04	9.9912e-01	9.9999e-01	6.4416e-06	2.7227e-24	1.2959e-19	5.6113e-05	5.3319e-01	4.6676e-01	1.1755e-36	7.3411e-04	9.9927e-01	1.1154e-11	1.1755e-36	1.1755e-36	1.1755e-36	1.0464e-28	0.00e+00	0.00e+00	3.2713e+00
1.17990e+20	7.0267e+03	2.327e-22	1.0000e+01	1.0003e+01	5.5961e-16	9.6371e-04	9.9904e-01	1.0000e+00	4.6850e-06	1.2735e-24	1.6537e-19	5.8826e-05	5.4757e-01	4.5237e-01	1.1755e-36	8.1816e-04	9.9918e-01	8.4019e-14	1.1755e-36	1.1755e-36	1.1755e-36	1.4783e-28	0.00e+00	0.00e+00	3.4970e+00
1.22254e+20	7.1104e+03	2.387e-22	1.0000e+01	1.0002e+01	7.2347e-16	1.1024e-03	9.9890e-01	1.0000e+00	3.2161e-06	5.0108e-25	2.3533e-19	6.2629e-05	5.6771e-01	4.3223e-01	1.1755e-36	9.5487e-04	9.9905e-01	1.7767e-16	1.1755e-36	1.1755e-36	1.1755e-36	2.4506e-28	0.00e+00	0.00e+00	3.8325e+00
1.27798e+20	7.2269e+03	2.475e-22	1.0000e+01	9.9993e+00	1.0569e-15	1.3434e-03	9.9866e-01	1.0000e+00	2.0510e-06	1.5925e-25	3.9361e-19	6.8093e-05	5.9670e-01	4.0323e-01	1.1755e-36	1.1994e-03	9.9880e-01	1.5759e-19	1.1755e-36	1.1755e-36	1.1755e-36	5.1153e-28	0.00e+00	0.00e+00	4.3640e+00
1.33198e+20	7.3670e+03	2.588e-22	1.0000e+01	9.9957e+00	1.6399e-15	1.7026e-03	9.9830e-01	1.0000e+00	1.2832e-06	1.1755e-36	7.1083e-19	7.4067e-05	6.2796e-01	3.7197e-01	1.1755e-36	1.5762e-03	9.9842e-01	4.5179e-20	1.1755e-36	1.1755e-36	1.1755e-36	1.1927e-27	0.00e+00	0.00e+00	4.8515e+00
1.36720e+20	7.4724e+03	2.681e-22	1.0000e+01	9.9919e+00	2.3511e-15	2.0669e-03	9.9793e-01	1.0000e+00	9.5366e-07	1.1755e-36	1.1426e-18	7.8604e-05	6.5185e-01	3.4808e-01	1.1755e-36	1.9700e-03	9.9803e-01	3.0490e-20	1.1755e-36	1.1755e-36	1.1755e-36	2.3534e-27	0.00e+00	0.00e+00	5.1788e+00
1.38797e+20	7.5354e+03	2.742e-22	1.0000e+01	9.9892e+00	3.0071e-15	2.3582e-03	9.9764e-01	1.0000e+00	8.1247e-07	1.1755e-36	1.5703e-18	8.1602e-05	6.6788e-01	3.3203e-01	1.1755e-36	2.2914e-03	9.9771e-01	2.5272e-20	1.1755e-36	1.1755e-36	1.1755e-36	3.6983e-27	0.00e+00	0.00e+00	5.4240e+00
1.40421e+20	7.5840e+03	2.792e-22	1.0000e+01	9.9861e+00	3.7223e-15	2.6363e-03	9.9736e-01	1.0000e+00	7.1411e-07	1.1755e-36	2.0607e-18	8.4096e-05	6.8168e-01	3.1824e-01	1.1755e-36	2.6028e-03	9.9740e-01	2.9511e-20	1.1755e-36	1.1755e-36	1.1755e-36	5.4449e-27	0.00e+00	0.00e+00	5.6903e+00
1.42261e+20	7.6357e+03	2.852e-22	1.0000e+01	9.9823e+00	4.8602e-15	3.0249e-03	9.9698e-01	1.0000e+00	6.1195e-07	1.1755e-36	2.8773e-18	8.7142e-05	6.9883e-01	3.0109e-01	1.1755e-36	3.0434e-03	9.9696e-01	2.6493e-20	1.1755e-36	1.1755e-36	1.1755e-36	8.7417e-27	0.00e+00	0.00e+00	6.0875e+00
1.44218e+20	7.6963e+03	2.923e-22	1.0000e+01	9.9775e+00	6.6724e-15	3.5702e-03	9.9643e-01	1.0000e+00	5.0138e-07	1.1755e-36	4.2607e-18	9.0561e-05	7.1818e-01	2.8173e-01	1.1755e-36	3.6707e-03	9.9633e-01	1.7086e-20	1.1755e-36	1.1755e-36	1.1755e-36	1.5258e-26	0.00e+00	0.00e+00	6.5013e+00
1.45776e+20	7.7393e+03	2.991e-22	1.0000e+01	9.9716e+00	9.0201e-15	4.1685e-03	9.9583e-01	1.0000e+00	4.2439e-07	1.1755e-36	6.1147e-18	9.3566e-05	7.3533e-01	2.6457e-01	1.1755e-36	4.3671e-03	9.9563e-01	1.7256e-20	1.1755e-36	1.1755e-36	1.1755e-36	2.5472e-26	0.00e+00	0.00e+00	6.8385e+00
1.46892e+20	7.7812e+03	3.039e-22	1.0000e+01	9.9649e+00	1.1435e-14	4.7213e-03	9.9528e-01	1.0000e+00	3.7757e-07	1.1755e-36	8.1571e-18	9.5821e-05	7.4873e-01	2.5117e-01	1.1755e-36	5.0182e-03	9.9498e-01	2.5211e-20	1.1755e-36	1.1755e-36	1.1755e-36	3.8381e-26	0.00e+00	0.00e+00	7.1218e+00
1.47805e+20	7.7943e+03	3.088e-22	1.0000e+01	9.9592e+00	1.4405e-14	5.2910e-03	9.9471e-01	1.0000e+00	3.4140e-07	1.1755e-36	1.0605e-17	9.7900e-05	7.6095e-01	2.3895e-01	1.1755e-36	5.6923e-03	9.9431e-01	3.4384e-20	1.1755e-36	1.1755e-36	1.1755e-36	5.5640e-26	0.00e+00	0.00e+00	7.4145e+00
1.48813e+20	7.8141e+03	3.141e-22	1.0000e+01	9.9525e+00	1.8963e-14	6.0671e-03	9.9393e-01	1.0000e+00	3.0478e-07	1.1755e-36	1.4528e-17	1.0035e-04	7.7561e-01	2.2429e-01	1.1755e-36	6.6179e-03	9.9338e-01	3.2191e-20	1.1755e-36	1.1755e-36	1.1755e-36	8.6937e-26	0.00e+00	0.00e+00	7.8507e+00
1.49854e+20	7.8284e+03	3.204e-22	1.0000e+01	9.9447e+00	2.6246e-14	7.1271e-03	9.9287e-01	1.0000e+00	2.5978e-07	1.1755e-36	2.0898e-17	1.0297e-04	7.9161e-01	2.0829e-01	1.1755e-36	7.8903e-03	9.9211e-01	1.9873e-20	1.1755e-36	1.1755e-36	1.1755e-36	1.4567e-25	0.00e+00	0.00e+00	8.2756e+00
1.50654e+20	7.8390e+03	3.258e-22	1.0000e+01	9.9344e+00	3.5085e-14	8.2272e-03	9.9177e-01	1.0000e+00	2.2884e-07	1.1755e-36	2.8809e-17	1.0517e-04	8.0507e-01	1.9482e-01	1.1755e-36	9.2190e-03	9.9078e-01	1.9438e-20	1.1755e-36	1.1755e-36	1.1755e-36	2.3012e-25	0.00e+00	0.00e+00	8.6161e+00
1.51242e+20	7.8424e+03	3.299e-22	1.0000e+01	9.9213e+00	4.4701e-14	9.2610e-03	9.9074e-01	1.0000e+00	2.0852e-07	1.1755e-36	3.7481e-17	1.0689e-04	8.1585e-01	1.8404e-01	1.1755e-36	1.0473e-02	9.8953e-01	2.0699e-20	1.1755e-36	1.1755e-36	1.1755e-36	3.3480e-25	0.00e+00	0.00e+00	8.9204e+00
1.51761e+20	7.8388e+03	3.339e-22	1.0000e+01	9.9087e+00	5.6748e-14	1.0389e-02	9.8961e-01	1.0000e+00	1.9091e-07	1.1755e-36	4.8343e-17	1.0849e-04	8.2614e-01	1.7375e-01	1.1755e-36	1.1846e-02	9.8815e-01	1.9334e-20	1.1755e-36	1.1755e-36	1.1755e-36	4.8107e-25	0.00e+00	0.00e+00	9.2600e+00
1.52356e+20	7.8260e+03	3.387e-22	1.0000e+01	9.8927e+00	7.7135e-14	1.2021e-02	9.8798e-01	1.0000e+00	1.7120e-07	1.1755e-36	6.6677e-17	1.1049e-04	8.3895e-01	1.6094e-01	1.1755e-36	1.3837e-02	9.8616e-01	1.5572e-20	1.1755e-36	1.1755e-36	1.1755e-36	7.6061e-25	0.00e+00	0.00e+00	9.7708e+00
1.52972e+20	7.8044e+03	3.444e-22	1.0000e+01	9.8690e+00	1.1131e-13	1.4298e-02	9.8570e-01	1.0000e+00	1.4592e-07	1.1755e-36	9.7217e-17	1.1261e-04	8.5287e-01	1.4702e-01	1.1755e-36	1.6623e-02	9.8338e-01	1.0581e-20	1.1755e-36	1.1755e-36	1.1755e-36	1.3033e-24	0.00e+00	0.00e+00	1.0275e+01
1.53452e+20	7.7842e+03	3.491e-22	1.0000e+01	9.8438e+00	1.5577e-13	1.6763e-02	9.8324e-01	1.0000e+00	1.2818e-07	1.1755e-36	1.3699e-16	1.1436e-04	8.6477e-01	1.3511e-01	1.1755e-36	1.9647e-02	9.8035e-01	8.2984e-21	1.1755e-36	1.1755e-36	1.1755e-36	2.1305e-24	0.00e+00	0.00e+00	1.0700e+01
1.53822e+20	7.7559e+03	3.531e-22	1.0000e+01	9.8183e+00	2.1081e-13	1.9291e-02	9.8071e-01	1.0000e+00	1.1570e-07	1.1755e-36	1.8514e-16	1.1580e-04	8.7483e-01	1.2505e-01	1.1755e-36	2.2752e-02	9.7725e-01	6.6943e-21	1.1755e-36	1.1755e-36	1.1755e-36	3.2808e-24	0.00e+00	0.00e+00	1.1111e+01
1.54159e+20	7.7201e+03	3.569e-22	1.0000e+01	9.7883e+00	2.8842e-13	2.2275e-02	9.7773e-01	1.0000e+00	1.0399e-07	1.1755e-36	2.5160e-16	1.1717e-04	8.8468e-01	1.1521e-01	1.1755e-36	2.6419e-02	9.7358e-01	5.2413e-21	1.1755e-36	1.1755e-36	1.1755e-36	5.0932e-24	0.00e+00	0.00e+00	1.1584e+01
1.54490e+20	7.6603e+03	3.613e-22	1.0000e+01	9.7496e+00	4.1495e-13	2.6187e-02	9.7381e-01	1.0000e+00	9.1438e-08	1.1755e-36	3.5441e-16	1.1859e-04	8.9506e-01	1.0482e-01	1.1755e-36	3.1227e-02	9.6877e-01	3.8199e-21	1.1755e-36	1.1755e-36	1.1755e-36	8.3208e-24	0.00e+00	0.00e+00	1.2123e+01
1.54809e+20	7.6022e+03	3.650e-22	1.0000e+01	9.6983e+00	6.1783e-13	3.1321e-02	9.6868e-01	1.0000e+00	7.9409e-08	1.1755e-36	5.1640e-16	1.1987e-04	9.0572e-01	9.4158e-02	1.1755e-36	3.7538e-02	9.6246e-01	2.8221e-21	1.1755e-36	1.1755e-36	1.1755e-36	1.4297e-23	0.00e+00	0.00e+00	1.2739e+01
1.55100e+20	7.5364e+03	3.681e-22	1.0000e+01	9.6319e+00	9.4969e-13	3.7962e-02	9.6204e-01	1.0000e+00	6.7934e-08	1.1755e-36	7.7126e-16	1.2095e-04	9.1619e-01	8.3692e-02	1.1755e-36	4.5692e-02	9.5431e-01	2.1095e-21	1.1755e-36	1.1755e-36	1.1755e-36	2.5488e-23	0.00e+00	0.00e+00	1.3391e+01
1.55349e+20	7.4665e+03	3.705e-22	1.0000e+01	9.5627e+00	1.4713e-12	4.6125e-02	9.5387e-01	1.0000e+00	5.8177e-08	1.1755e-36	1.1555e-15	1.2186e-04	9.2587e-01	7.4011e-02	1.1755e-36	5.5693e-02	9.4431e-01	1.6275e-21	1.1755e-36	1.1755e-36	1.1755e-36	4.5731e-23	0.00e+00	0.00e+00	1.4045e+01
1.55556e+20	7.3953e+03	3.717e-22	1.0000e+01	9.4873e+00	2.2709e-12	5.5905e-02	9.4409e-01	1.0000e+00	5.0065e-08	1.1755e-36	1.7186e-15	1.2248e-04	9.3460e-01	6.5276e-02	1.1755e-36	6.7637e-02	9.3236e-01	1.2947e-21	1.1755e-36	1.1755e-36	1.1755e-36	8.1323e-23	0.00e+00	0.00e+00	1.4716e+01
1.55737e+20	7.3300e+03	3.691e-22	1.0000e+01	9.3444e+00	3.4885e-12	6.7658e-02	9.3234e-01	1.0000e+00	4.3019e-08	1.1755e-36	2.5297e-15	1.2212e-04	9.4242e-01	5.7460e-02	1.1755e-36	8.1938e-02	9.1806e-01	1.0510e-21	1.1755e-36	1.1755e-36	1.1755e-36	1.4226e-22	0.00e+00	0.00e+00	1.5454e+01
1.55904e+20	7.2526e+03	3.650e-22	1.0000e+01	9.1899e+00	5.5807e-12	8.3187e-02	9.1681e-01	1.0000e+00	3.6328e-08	1.1755e-36	3.8411e-15	1.2155e-04	9.5012e-01	4.9756e-02	1.1755e-36	1.0072e-01	8.9928e-01	8.4428e-22	1.1755e-36	1.1755e-36	1.1755e-36	2.6083e-22	0.00e+00	0.00e+00	1.6301e+01
1.56053e+20	7.1724e+03	3.576e-22	1.0000e+01	8.9921e+00	9.1251e-12	1.0321e-01	8.9679e-01	1.0000e+00	3.0078e-08	1.1755e-36	5.9147e-15	1.2029e-04	9.5728e-01	4.2604e-02	1.1755e-36	1.2475e-01	8.7525e-01	6.7344e-22	1.1755e-36	1.1755e-36	1.1755e-36	4.8855e-22	0.00e+00	0.00e+00	1.7182e+01
1.56173e+20	7.0907e+03	3.470e-22	1.0000e+01	8.7573e+00	1.4656e-11	1.2675e-01	8.7325e-01	1.0000e+00	2.5073e-08	1.1755e-36	8.8792e-15	1.1833e-04	9.6334e-01	3.6537e-02	1.1755e-36	1.5271e-01	8.4729e-01	5.4100e-22	1.1755e-36	1.1755e-36	1.1755e-36	8.8167e-22	0.00e+00	0.00e+00	1.8026e+01
1.56268e+20	7.0089e+03	3.337e-22	1.0000e+01	8.4908e+00	2.2624e-11	1.5249e-01	8.4751e-01	1.0000e+00	2.1272e-08	1.1755e-36	1.2730e-14	1.1572e-04	9.6826e-01	3.1621e-02	1.1755e-36	1.8295e-01	8.1705e-01	4.4141e-22	1.1755e-36	1.1755e-36	1.1755e-36	1.4858e-21	0.00e+00	0.00e+00	1.8837e+01
1.56346e+20	6.9283e+03	3.179e-22	1.0000e+01	8.1996e+00	3.3982e-11	1.8090e-01	8.1910e-01	1.0000e+00	1.8225e-08	1.1755e-36	1.7684e-14	1.1262e-04	9.7241e-01	2.7475e-02	1.1755e-36	2.1589e-01	7.8411e-01	3.6289e-22	1.1755e-36	1.1755e-36	1.1755e-36	2.3892e-21	0.00e+00	0.00e+00	1.9672e+01
1.56416e+20	6.8108e+03	2.999e-22	1.0000e+01	7.8670e+00	5.2324e-11	2.1423e-01	7.8577e-01	1.0000e+00	1.5508e-08	1.1755e-36	2.4377e-14	1.0896e-04	9.7617e-01	2.3717e-02	1.1755e-36	2.5402e-01	7.4598e-01	2.9672e-22	1.1755e-36	1.1755e-36	1.1755e-36	3.7835e-21	0.00e+00	0.00e+00	2.0574e+01
1.56479e+20	6.6815e+03	2.784e-22	1.0000e+01	7.4817e+00	8.0914e-11	2.5273e-01	7.4727e-01	1.0000e+00	1.3097e-08	1.1755e-36	3.3156e-14	1.0448e-04	9.7953e-01	2.0365e-02	1.1755e-36	2.9732e-01	7.0268e-01	2.4111e-22	1.1755e-36	1.1755e-36	1.1755e-36	5.8569e-21	0.00e+00	0.00e+00	2.1517e+01
1.56532e+20	6.5382e+03	2.562e-22	1.0000e+01	7.0771e+00	1.2259e-10	2.9316e-01	7.0684e-01	1.0000e+00	1.1076e-08	1.1755e-36	4.3426e-14	9.9634e-05	9.8229e-01	1.7608e-02	1.1755e-36	3.4197e-01	6.5803e-01	1.9802e-22	1.1755e-36	1.1755e-36	1.1755e-36	8.5478e-21	0.00e+00	0.00e+00	2.2366e+01
1.56571e+20	6.4015e+03	2.367e-22	1.0000e+01	6.7164e+00	1.7342e-10	3.2921e-01	6.7079e-01	1.0000e+00	9.6696e-09	1.1755e-36	5.3345e-14	9.5217e-05	9.8431e-01	1.5598e-02	1.1755e-36	3.8109e-01	6.1891e-01	1.6835e-22	1.1755e-36	1.1755e-36	1.1755e-36	1.1346e-20	0.00e+00	0.00e+00	2.3033e+01
1.56599e+20	6.2814e+03	2.212e-22	1.0000e+01	6.4226e+00	2.2796e-10	3.5862e-01	6.4138e-01	1.0000e+00	8.8084e-09	1.1755e-36	6.1881e-14	9.1573e-05	9.8573e-01	1.4182e-02	1.1755e-36	4.1254e-01	5.8746e-01	1.4851e-22	1.1755e-36	1.1755e-36	1.1755e-36	1.3866e-20	0.00e+00	0.00e+00	2.3575e+01
1.56621e+20	6.1687e+03	2.078e-22	1.0000e+01	6.1640e+00	2.8867e-10	3.8442e-01	6.1558e-01	1.0000e+00	8.1601e-09	1.1755e-36	6.9634e-14	8.8338e-05	9.8684e-01	1.3068e-02	1.1755e-36	4.3981e-01	5.6019e-01	1.3357e-22	1.1755e-36	1.1755e-36	1.1755e-36	1.6214e-20	0.00e+00	0.00e+00	2.4082e+01
1.56642e+20	6.0507e+03	1.949e-22	1.0000e+01	5.9094e+00	3.6352e-10	4.0980e-01	5.9020e-01	1.0000e+00	7.5463e-09	1.1755e-36	7.7451e-14	8.5131e-05	9.8784e-01	1.2074e-02	1.1755e-36	4.6631e-01	5.3369e-01	1.2073e-22	1.1755e-36	1.1755e-36	1.1755e-36	1.8618e-20	0.00e+00	0.00e+00	2.4598e+01
1.56661e+20	5.9253e+03	1.822e-22	1.0000e+01	5.6540e+00	4.5775e-10	4.3524e-01	5.6476e-01	1.0000e+00	6.9453e-09	1.1755e-36	8.5439e-14	8.1891e-05	9.8875e-01	1.1165e-02	1.1755e-36	4.9258e-01	5.0742e-01	1.0936e-22	1.1755e-36	1.1755e-36	1.1755e-36	2.1094e-20	0.00e+00	0.00e+00	2.5107e+01
1.56678e+20	5.7956e+03	1.705e-22	1.0000e+01	5.4103e+00	5.7273e-10	4.5975e-01	5.4025e-01	1.0000e+00	6.4111e-09	1.1755e-36	9.3287e-14	7.8792e-05	9.8956e-01	1.0360e-02	1.1755e-36	5.1762e-01	4.8238e-01	9.9621e-23	1.1755e-36	1.1755e-36	1.1755e-36	2.3541e-20	0.00e+00	0.00e+00	2.5582e+01
1.56694e+20	5.6687e+03	1.599e-22	1.0000e+01	5.1829e+00	7.0572e-10	4.8249e-01	5.1751e-01	1.0000e+00	5.9703e-09	1.1755e-36	1.0064e-13	7.5883e-05	9.9026e-01	9.6666e-03	1.1755e-36	5.4062e-01	4.5938e-01	9.1478e-23	1.1755e-36	1.1755e-36	1.1755e-36	2.5831e-20	0.00e+00	0.00e+00	2.6026e+01
1.56708e+20	5.5418e+03	1.501e-22	1.0000e+01	4.9697e+00	8.6046e-10	5.0381e-01	4.9619e-01	1.0000e+00	5.5902e-09	1.1755e-36	1.0760e-13	7.3148e-05	9.9087e-01	9.0582e-03	1.1755e-36	5.6197e-01	4.3803e-01	8.4535e-23	1.1755e-36	1.1755e-36	1.1755e-36	2.7996e-20	0.00e+00	0.00e+00	2.6448e+01
1.56720e+20	5.4142e+03	1.411e-22	1.0000e+01	4.7666e+00	1.0409e-09	5.2413e-01	4.7587e-01	1.0000e+00	5.2474e-09	1.1755e-36	1.1432e-13	7.0537e-05	9.9142e-01	8.5117e-03	1.1755e-36	5.8214e-01	4.1786e-01	7.8452e-23	1.1755e-36	1.1755e-36	1.1755e-36	3.0086e-20	0.00e+00	0.00e+00	2.6857e+01
1.56732e+20	5.2843e+03	1.327e-22	1.0000e+01	4.5713e+00	1.2516e-09	5.4369e-01	4.5631e-01	1.0000e+00	4.9309e-09	1.1755e-36	1.2085e-13	6.8024e-05	9.9192e-01	8.0140e-03	1.1755e-36	6.0139e-01	3.9861e-01	7.3039e-23	1.1755e-36	1.1755e-36	1.1755e-36	3.2134e-20	0.00e+00	0.00e+00	2.7256e+01
1.56742e+20	5.1773e+03	1.262e-22	1.0000e+01	4.4160e+00	1.4470e-09	5.5920e-01	4.4080e-01	1.0000e+00	4.6332e-09	1.1755e-36	1.2608e-13	6.6023e-05	9.9230e-01	7.6389e-03	1.1755e-36	6.1654e-01	3.8346e-01	6.9021e-23	1.1755e-36	1.1755e-36	1.1755e-36	3.3784e-20	0.00e+00	0.00e+00	2.7527e+01
1.56749e+20	5.0931e+03	1.214e-22	1.0000e+01	4.2993e+00	1.6139e-09	5.7086e-01	4.2914e-01	1.0000e+00	4.5033e-09	1.1755e-36	1.3007e-13	6.4522e-05	9.9257e-01	7.3659e-03	1.1755e-36	6.2787e-01	3.7213e-01	6.6151e-23	1.1755e-36	1.1755e-36	1.1755e-36	3.5053e-20	0.00e+00	0.00e+00	2.7754e+01
1.56756e+20	5.0096e+03	1.168e-22	1.0000e+01	4.1874e+00	1.7917e-09	5.8225e-01	4.1775e-01	1.0000e+00	4.3673e-09	1.1755e-36	1.3404e-13	6.3082e-05	9.9283e-01	7.1058e-03	1.1755e-36	6.3889e-01	3.6111e-01	6.3446e-23	1.1755e-36	1.1755e-36	1.1755e-36	3.6346e-20	0.00e+00	0.00e+00	2.8005e+01
1.56763e+20	4.9065e+03	1.118e-22	1.0000e+01	4.0603e+00	2.0141e-09	5.9487e-01	4.0513e-01	1.0000e+00	4.1802e-09	1.1755e-36	1.3801e-13	6.1464e-05	9.9312e-01	6.8158e-03	1.1755e-36	6.5103e-01	3.4897e-01	6.0620e-23	1.1755e-36	1.1755e-36	1.1755e-36	3.7399e-20	0.00e+00	0.00e+00	2.8286e+01
1.56770e+20	4.7980e+03	1.068e-22	1.0000e+01	3.9303e+00	2.2619e-09	6.0798e-01	3.9202e-01	1.0000e+00	3.9755e-09	1.1755e-36	1.4201e-13	5.9811e-05	9.9342e-01	6.5213e-03	1.1755e-36	6.6358e-01	3.3642e-01	5.7798e-23	1.1755e-36	1.1755e-36	1.1755e-36	3.8382e-20	0.00e+00	0.00e+00	2.8568e+01
1.56777e+20	4.6953e+03	1.020e-22	1.0000e+01	3.8033e+00	2.5051e-09	6.2033e-01	3.7967e-01	1.0000e+00	3.7957e-09	1.1755e-36	1.4552e-13	5.8183e-05	9.9369e-01	6.2514e-03	1.1755e-36	6.7534e-01	3.2466e-01	5.5230e-23	1.1755e-36	1.1755e-36	1.1755e-36	3.9097e-20	0.00e+00	0.00e+00	2.8839e+01
1.56784e+20	4.5858e+03	9.743e-23	1.0000e+01	3.6805e+00	2.7655e-09	6.3261e-01	3.6739e-01	1.0000e+00	3.6302e-09	1.1755e-36	1.4892e-13	5.6636e-05	9.9395e-01	5.9895e-03	1.1755e-36	6.8698e-01	3.1302e-01	5.2797e-23	1.1755e-36	1.1755e-36	1.1755e-36	3.9684e-20	0.00e+00	0.00e+00	2.9111e+01
1.56791e+20	4.4746e+03	9.305e-23	1.0000e+01	3.5596e+00	3.0261e-09	6.4471e-01	3.5529e-01	1.0000e+00	3.4642e-09	1.1755e-36	1.5205e-13	5.5120e-05	9.9421e-01	5.7380e-03	1.1755e-36	6.9839e-01	3.0161e-01	5.0489e-23	1.1755e-36	1.1755e-36	1.1755e-36	4.0046e-20	0.00e+00	0.00e+00	2.9382e+01
1.56797e+20	4.3614e+03	8.883e-23	1.0000e+01	3.4408e+00	3.2799e-09	6.5659e-01	3.4341e-01	1.0000e+00	3.3039e-09	1.1755e-36	1.5486e-13	5.3643e-05	9.9445e-01	5.4967e-03	1.1755e-36	7.0954e-01	2.9046e-01	4.8303e-23	1.1755e-36	1.1755e-36	1.1755e-36	4.0146e-20	0.00e+00	0.00e+00	2.9653e+01
1.56804e+20	4.2426e+03	8.478e-23	1.0000e+01	3.3237e+00	3.5253e-09	6.6841e-01	3.3159e-01	1.0000e+00	3.1444e-09	1.1755e-36	1.5738e-13	5.2213e-05	9.9469e-01	5.2624e-03	1.1755e-36	7.2059e-01	2.7941e-01	4.6214e-23	1.1755e-36	1.1755e-36	1.1755e-36	3.9960e-20	0.00e+00	0.00e+00	2.9923e+01
1.56810e+20	4.1257e+03	8.090e-23	1.0000e+01	3.2094e+00	3.7390e-09	6.7984e-01	3.2016e-01	1.0000e+00	2.9870e-09	1.1755e-36	1.5948e-13	5.0825e-05	9.9491e-01	5.0410e-03	1.1755e-36	7.3122e-01	2.6878e-01	4.4250e-23	1.1755e-36	1.1755e-36	1.1755e-36	3.9461e-20	0.00e+00	0.00e+00	3.0189e+01
1.56816e+20	4.0072e+03	7.717e-23	1.0000e+01	3.0973e+00	3.9220e-09	6.9105e-01	3.0895e-01	1.0000e+00	2.8269e-09	1.1755e-36	1.6123e-13	4.9485e-05	9.9512e-01	4.8287e-03	1.1755e-36	7.4160e-01	2.5840e-01	4.2382e-23	1.1755e-36	1.1755e-36	1.1755e-36	3.8660e-20	0.00e+00	0.00e+00	3.0457e+01
1.56822e+20	3.8865e+03	7.358e-23	1.0000e+01	2.9869e+00	4.0703e-09	7.0211e-01	2.9789e-01	1.0000e+00	2.6400e-09	1.1755e-36	1.6263e-13	4.8188e-05	9.9533e-01	4.6241e-03	1.1755e-36	7.5180e-01	2.4820e-01	4.0592e-23	1.1755e-36	1.1755e-36	1.1755e-36	3.7569e-20	0.00e+00	0.00e+00	3.0725e+01
