#depth	Te	Htot	hden	eden	2H_2/H	HI	HII	HeI	HeII	HeIII	CO/C	C1	C2	C3	C4	O1	O2	O3	O4	O5	O6	H2O/O	AV(point)	AV(extend)	Tau912
2.01895e+14	5.6962e+03	2.616e-21	2.7826e+01	3.0283e+01	1.8087e-17	1.3701e-04	9.9986e-01	9.8982e-04	9.8399e-01	1.5017e-02	2.5964e-24	6.2743e-07	1.8102e-02	9.7360e-01	8.3010e-03	4.4750e-06	6.7362e-02	9.2415e-01	8.4826e-03	1.1755e-36	1.1755e-36	1.6727e-32	0.00e+00	0.00e+00	9.7179e-06
1.21137e+15	5.6950e+03	2.616e-21	2.7826e+01	3.0281e+01	1.8101e-17	1.3701e-04	9.9986e-01	9.8982e-04	9.8401e-01	1.5004e-02	2.5944e-24	6.2718e-07	1.8100e-02	9.7358e-01	8.3217e-03	4.4727e-06	6.7334e-02	9.2421e-01	8.4516e-03	1.1755e-36	1.1755e-36	1.6710e-32	0.00e+00	0.00e+00	4.8587e-05
5.24926e+15	5.6937e+03	2.616e-21	2.7826e+01	3.0281e+01	1.8116e-17	1.3699e-04	9.9986e-01	9.8990e-04	9.8410e-01	1.4906e-02	2.5925e-24	6.2688e-07	1.8098e-02	9.7358e-01	8.3173e-03	4.4711e-06	6.7325e-02	9.2434e-01	8.3267e-03	1.1755e-36	1.1755e-36	1.6694e-32	0.00e+00	0.00e+00	2.0405e-04
2.14008e+16	5.6927e+03	2.615e-21	2.7826e+01	3.0280e+01	1.8114e-17	1.3694e-04	9.9986e-01	9.9029e-04	9.8461e-01	1.4402e-02	2.5897e-24	6.2626e-07	1.8097e-02	9.7362e-01	8.2798e-03	4.4701e-06	6.7327e-02	9.2482e-01	7.8487e-03	1.1755e-36	1.1755e-36	1.6667e-32	0.00e+00	0.00e+00	8.2568e-04
5.11197e+16	5.6896e+03	2.612e-21	2.7826e+01	3.0279e+01	1.8102e-17	1.3676e-04	9.9986e-01	9.8997e-04	9.8491e-01	1.4100e-02	2.5779e-24	6.2419e-07	1.8085e-02	9.7366e-01	8.2527e-03	4.4635e-06	6.7280e-02	9.2553e-01	7.1882e-03	1.1755e-36	1.1755e-36	1.6566e-32	0.00e+00	0.00e+00	1.6327e-03
8.97542e+16	5.6850e+03	2.608e-21	2.7826e+01	3.0277e+01	1.8119e-17	1.3661e-04	9.9986e-01	9.9048e-04	9.8572e-01	1.3292e-02	2.5706e-24	6.2293e-07	1.8084e-02	9.7373e-01	8.1817e-03	4.4609e-06	6.7259e-02	9.2634e-01	6.3967e-03	1.1755e-36	1.1755e-36	1.6482e-32	0.00e+00	0.00e+00	2.6807e-03
1.39979e+17	5.6815e+03	2.603e-21	2.7826e+01	3.0274e+01	1.8099e-17	1.3643e-04	9.9986e-01	9.9126e-04	9.8700e-01	1.2005e-02	2.5605e-24	6.2158e-07	1.8080e-02	9.7385e-01	8.0723e-03	4.4584e-06	6.7246e-02	9.2727e-01	5.4823e-03	1.1755e-36	1.1755e-36	1.6370e-32	0.00e+00	0.00e+00	4.0412e-03
2.05272e+17	5.6756e+03	2.598e-21	2.7826e+01	3.0270e+01	1.8111e-17	1.3624e-04	9.9986e-01	9.9267e-04	9.8875e-01	1.0257e-02	2.5529e-24	6.2042e-07	1.8078e-02	9.7400e-01	7.9251e-03	4.4613e-06	6.7299e-02	9.2822e-01	4.4718e-03	1.1755e-36	1.1755e-36	1.6261e-32	0.00e+00	0.00e+00	5.8076e-03
2.90152e+17	5.6699e+03	2.591e-21	2.7826e+01	3.0265e+01	1.8100e-17	1.3601e-04	9.9986e-01	9.9430e-04	9.9085e-01	8.1523e-03	2.5446e-24	6.1916e-07	1.8076e-02	9.7417e-01	7.7491e-03	4.4670e-06	6.7395e-02	9.2918e-01	3.4193e-03	1.1755e-36	1.1755e-36	1.6137e-32	0.00e+00	0.00e+00	8.0999e-03
4.00496e+17	5.6620e+03	2.583e-21	2.7826e+01	3.0261e+01	1.8114e-17	1.3577e-04	9.9986e-01	9.9635e-04	9.9310e-01	5.8988e-03	2.5399e-24	6.1815e-07	1.8080e-02	9.7436e-01	7.5550e-03	4.4799e-06	6.7578e-02	9.3001e-01	2.4043e-03	1.1755e-36	1.1755e-36	1.6018e-32	0.00e+00	0.00e+00	1.1075e-02
5.43943e+17	5.6496e+03	2.576e-21	2.7826e+01	3.0256e+01	1.8189e-17	1.3555e-04	9.9986e-01	9.9872e-04	9.9521e-01	3.7877e-03	2.5389e-24	6.1743e-07	1.8093e-02	9.7455e-01	7.3594e-03	4.5008e-06	6.7852e-02	9.3062e-01	1.5185e-03	1.1755e-36	1.1755e-36	1.5897e-32	0.00e+00	0.00e+00	1.4936e-02
7.30425e+17	5.6356e+03	2.567e-21	2.7826e+01	3.0251e+01	1.8039e-17	1.3530e-04	9.9986e-01	1.0009e-03	9.9690e-01	2.0970e-03	2.5076e-24	6.1682e-07	1.8110e-02	9.7471e-01	7.1819e-03	4.5277e-06	6.8195e-02	9.3096e-01	8.3752e-04	1.1755e-36	1.1755e-36	1.5346e-32	0.00e+00	0.00e+00	1.9946e-02
9.72851e+17	5.6168e+03	2.558e-21	2.7826e+01	3.0248e+01	1.8172e-17	1.3506e-04	9.9986e-01	1.0031e-03	9.9803e-01	9.6809e-04	2.5105e-24	6.1664e-07	1.8140e-02	9.7483e-01	7.0261e-03	4.5631e-06	6.8619e-02	9.3099e-01	3.9038e-04	1.1755e-36	1.1755e-36	1.5192e-32	0.00e+00	0.00e+00	2.6447e-02
1.28800e+18	5.5940e+03	2.547e-21	2.7826e+01	3.0246e+01	1.8014e-17	1.3483e-04	9.9987e-01	1.0055e-03	9.9864e-01	3.5923e-04	2.4707e-24	6.1690e-07	1.8182e-02	9.7493e-01	6.8860e-03	4.6066e-06	6.9112e-02	9.3073e-01	1.4832e-04	1.1755e-36	1.1755e-36	1.4446e-32	0.00e+00	0.00e+00	3.4884e-02
1.69770e+18	5.5687e+03	2.535e-21	2.7826e+01	3.0245e+01	1.8178e-17	1.3457e-04	9.9987e-01	1.0081e-03	9.9889e-01	1.0309e-04	2.4736e-24	6.1747e-07	1.8233e-02	9.7502e-01	6.7468e-03	4.6579e-06	6.9673e-02	9.3028e-01	4.4288e-05	1.1755e-36	1.1755e-36	1.4214e-32	0.00e+00	0.00e+00	4.5832e-02
2.23031e+18	5.5363e+03	2.521e-21	2.7826e+01	3.0245e+01	1.8030e-17	1.3438e-04	9.9987e-01	1.0121e-03	9.9897e-01	2.2137e-05	2.4303e-24	6.1918e-07	1.8316e-02	9.7510e-01	6.5861e-03	4.7280e-06	7.0400e-02	9.2959e-01	1.0102e-05	1.1755e-36	1.1755e-36	1.3319e-32	0.00e+00	0.00e+00	6.0043e-02
2.92271e+18	5.4980e+03	2.505e-21	2.7826e+01	3.0245e+01	1.8331e-17	1.3427e-04	9.9987e-01	1.0178e-03	9.9898e-01	3.5372e-06	2.4468e-24	6.2216e-07	1.8433e-02	9.7518e-01	6.3908e-03	4.8209e-06	7.1334e-02	9.2866e-01	1.7542e-06	1.1755e-36	1.1755e-36	1.3037e-32	0.00e+00	0.00e+00	7.8503e-02
3.82282e+18	5.4539e+03	2.486e-21	2.7826e+01	3.0245e+01	1.8062e-17	1.3426e-04	9.9987e-01	1.0258e-03	9.9897e-01	4.3992e-07	2.3921e-24	6.2691e-07	1.8595e-02	9.7525e-01	6.1503e-03	4.9450e-06	7.2548e-02	9.2745e-01	2.4074e-07	1.1755e-36	1.1755e-36	1.1836e-32	0.00e+00	0.00e+00	1.0250e-01
4.99296e+18	5.4040e+03	2.464e-21	2.7826e+01	3.0245e+01	1.8159e-17	1.3444e-04	9.9987e-01	1.0372e-03	9.9896e-01	4.5930e-08	2.3925e-24	6.3423e-07	1.8820e-02	9.7532e-01	5.8549e-03	5.1118e-06	7.4140e-02	9.2586e-01	1.1755e-36	1.1755e-36	1.1755e-36	1.1114e-32	0.00e+00	0.00e+00	1.3374e-01
6.51415e+18	5.3486e+03	2.438e-21	2.7826e+01	3.0245e+01	1.8194e-17	1.3492e-04	9.9987e-01	1.0534e-03	9.9895e-01	4.1714e-09	2.3988e-24	6.4531e-07	1.9133e-02	9.7537e-01	5.4957e-03	5.3386e-06	7.6240e-02	9.2376e-01	1.1755e-36	1.1755e-36	1.1755e-36	1.0274e-32	0.00e+00	0.00e+00	1.7449e-01
7.74265e+18	5.2709e+03	2.408e-21	2.7826e+01	3.0245e+01	1.7726e-17	1.3409e-04	9.9987e-01	1.0584e-03	9.9894e-01	7.0040e-10	2.2537e-24	6.4618e-07	1.9262e-02	9.7550e-01	5.2331e-03	5.4769e-06	7.7639e-02	9.2236e-01	1.1755e-36	1.1755e-36	1.1755e-36	8.6026e-33	0.00e+00	0.00e+00	1.9186e-01
8.51691e+18	5.2480e+03	2.397e-21	2.7826e+01	3.0245e+01	1.7098e-17	1.3439e-04	9.9987e-01	1.0668e-03	9.9893e-01	2.7119e-10	2.1843e-24	6.5221e-07	1.9426e-02	9.7550e-01	5.0715e-03	5.5928e-06	7.8687e-02	9.2131e-01	1.1755e-36	1.1755e-36	1.1755e-36	7.7020e-33	0.00e+00	0.00e+00	2.1101e-01
9.36860e+18	5.2251e+03	2.385e-21	2.7826e+01	3.0245e+01	1.7118e-17	1.3478e-04	9.9987e-01	1.0765e-03	9.9892e-01	1.0267e-10	2.1988e-24	6.5926e-07	1.9613e-02	9.7549e-01	4.8999e-03	5.7244e-06	7.9862e-02	9.2013e-01	1.1755e-36	1.1755e-36	1.1755e-36	7.4601e-33	0.00e+00	0.00e+00	2.3213e-01
1.03055e+19	5.2024e+03	2.373e-21	2.7826e+01	3.0244e+01	1.6829e-17	1.3526e-04	9.9986e-01	1.0877e-03	9.9891e-01	3.8012e-11	2.1805e-24	6.6733e-07	1.9824e-02	9.7546e-01	4.7182e-03	5.8729e-06	8.1173e-02	9.1882e-01	1.1755e-36	1.1755e-36	1.1755e-36	6.9527e-33	0.00e+00	0.00e+00	2.5545e-01
1.13360e+19	5.1807e+03	2.360e-21	2.7826e+01	3.0244e+01	1.6839e-17	1.3584e-04	9.9986e-01	1.1004e-03	9.9890e-01	1.3777e-11	2.2066e-24	6.7693e-07	2.0065e-02	9.7541e-01	4.5270e-03	6.0405e-06	8.2632e-02	9.1736e-01	1.1755e-36	1.1755e-36	1.1755e-36	6.7399e-33	0.00e+00	0.00e+00	2.8121e-01
1.24696e+19	5.1594e+03	2.347e-21	2.7826e+01	3.0244e+01	1.6183e-17	1.3656e-04	9.9986e-01	1.1152e-03	9.9888e-01	4.8985e-12	2.1567e-24	6.8796e-07	2.0340e-02	9.7533e-01	4.3249e-03	6.2321e-06	8.4282e-02	9.1571e-01	1.1755e-36	1.1755e-36	1.1755e-36	5.9981e-33	0.00e+00	0.00e+00	3.0970e-01
1.37166e+19	5.1397e+03	2.333e-21	2.7826e+01	3.0244e+01	1.6013e-17	1.3742e-04	9.9986e-01	1.1321e-03	9.9887e-01	1.7199e-12	2.1775e-24	7.0077e-07	2.0654e-02	9.7523e-01	4.1131e-03	6.4506e-06	8.6139e-02	9.1385e-01	1.1755e-36	1.1755e-36	1.1755e-36	5.7016e-33	0.00e+00	0.00e+00	3.4123e-01
1.50882e+19	5.1217e+03	2.318e-21	2.7826e+01	3.0244e+01	1.5480e-17	1.3846e-04	9.9986e-01	1.1518e-03	9.9885e-01	6.0640e-13	2.1618e-24	7.1573e-07	2.1015e-02	9.7509e-01	3.8915e-03	6.7018e-06	8.8244e-02	9.1175e-01	1.1755e-36	1.1755e-36	1.1755e-36	5.1653e-33	0.00e+00	0.00e+00	3.7618e-01
1.65971e+19	5.1061e+03	2.303e-21	2.7826e+01	3.0244e+01	1.5237e-17	1.3969e-04	9.9986e-01	1.1746e-03	9.9883e-01	2.2334e-13	2.1975e-24	7.3325e-07	2.1430e-02	9.7491e-01	3.6608e-03	6.9922e-06	9.0642e-02	9.0935e-01	1.1755e-36	1.1755e-36	1.1755e-36	4.8895e-33	0.00e+00	0.00e+00	4.1496e-01
1.82568e+19	5.0935e+03	2.288e-21	2.7826e+01	3.0244e+01	1.4993e-17	1.4117e-04	9.9986e-01	1.2014e-03	9.9880e-01	9.2563e-14	2.2503e-24	7.5387e-07	2.1911e-02	9.7467e-01	3.4215e-03	7.3307e-06	9.3392e-02	9.0660e-01	1.1755e-36	1.1755e-36	1.1755e-36	4.6500e-33	0.00e+00	0.00e+00	4.5808e-01
2.00824e+19	5.0848e+03	2.272e-21	2.7826e+01	3.0243e+01	1.4469e-17	1.4293e-04	9.9986e-01	1.2329e-03	9.9877e-01	4.6961e-14	2.2852e-24	7.7824e-07	2.2471e-02	9.7435e-01	3.1746e-03	7.7281e-06	9.6569e-02	9.0342e-01	1.1755e-36	1.1755e-36	1.1755e-36	4.2732e-33	0.00e+00	0.00e+00	5.0610e-01
2.20907e+19	5.0809e+03	2.255e-21	2.7826e+01	3.0243e+01	1.4516e-17	1.4503e-04	9.9985e-01	1.2702e-03	9.9873e-01	2.9623e-14	2.4308e-24	8.0724e-07	2.3128e-02	9.7395e-01	2.9210e-03	8.1996e-06	1.0027e-01	8.9972e-01	1.1755e-36	1.1755e-36	1.1755e-36	4.3100e-33	0.00e+00	0.00e+00	5.5969e-01
2.42997e+19	5.0799e+03	2.239e-21	2.7826e+01	3.0243e+01	1.3826e-17	1.4760e-04	9.9985e-01	1.3152e-03	9.9868e-01	2.1648e-14	2.4960e-24	8.4218e-07	2.3914e-02	9.7342e-01	2.6607e-03	8.7742e-06	1.0469e-01	8.9531e-01	1.1755e-36	1.1755e-36	1.1755e-36	3.9060e-33	0.00e+00	0.00e+00	6.1969e-01
2.67297e+19	5.0817e+03	2.224e-21	2.7826e+01	3.0243e+01	1.3864e-17	1.5076e-04	9.9985e-01	1.3700e-03	9.9863e-01	1.6914e-14	2.7220e-24	8.8543e-07	2.4866e-02	9.7274e-01	2.3957e-03	9.4807e-06	1.0998e-01	8.9001e-01	1.1755e-36	1.1755e-36	1.1755e-36	3.9759e-33	0.00e+00	0.00e+00	6.8711e-01
2.94027e+19	5.1055e+03	2.204e-21	2.7826e+01	3.0242e+01	1.3502e-17	1.5423e-04	9.9985e-01	1.4349e-03	9.9857e-01	1.3506e-14	2.9708e-24	9.3548e-07	2.5963e-02	9.7190e-01	2.1337e-03	1.0320e-05	1.1617e-01	8.8382e-01	1.1755e-36	1.1755e-36	1.1755e-36	3.9839e-33	0.00e+00	0.00e+00	7.6297e-01
3.23430e+19	5.1330e+03	2.186e-21	2.7826e+01	3.0242e+01	1.3302e-17	1.5858e-04	9.9984e-01	1.5169e-03	9.9848e-01	1.0756e-14	3.3453e-24	1.0001e-06	2.7346e-02	9.7078e-01	1.8701e-03	1.1397e-05	1.2388e-01	8.7611e-01	1.1755e-36	1.1755e-36	1.1755e-36	4.1269e-33	0.00e+00	0.00e+00	8.4877e-01
3.55773e+19	5.1734e+03	2.168e-21	2.7826e+01	3.0241e+01	1.2933e-17	1.6384e-04	9.9984e-01	1.6201e-03	9.9838e-01	8.4655e-15	3.8376e-24	1.0808e-06	2.9059e-02	9.6933e-01	1.6096e-03	1.2784e-05	1.3351e-01	8.6648e-01	1.1755e-36	1.1755e-36	1.1755e-36	4.2802e-33	0.00e+00	0.00e+00	9.4628e-01
3.91350e+19	5.2236e+03	2.150e-21	2.7826e+01	3.0240e+01	1.2721e-17	1.7042e-04	9.9983e-01	1.7552e-03	9.9824e-01	6.5393e-15	4.6022e-24	1.1857e-06	3.1262e-02	9.6738e-01	1.3540e-03	1.4640e-05	1.4594e-01	8.5405e-01	1.1755e-36	1.1755e-36	1.1755e-36	4.6575e-33	0.00e+00	0.00e+00	1.0579e+00
4.30485e+19	5.3063e+03	2.129e-21	2.7826e+01	3.0239e+01	1.2266e-17	1.7817e-04	9.9982e-01	1.9319e-03	9.9807e-01	4.9424e-15	5.7406e-24	1.3216e-06	3.4082e-02	9.6481e-01	1.1103e-03	1.7131e-05	1.6206e-01	8.3793e-01	1.1755e-36	1.1755e-36	1.1755e-36	5.2476e-33	0.00e+00	0.00e+00	1.1862e+00
4.73533e+19	5.4074e+03	2.108e-21	2.7826e+01	3.0238e+01	1.1898e-17	1.8797e-04	9.9981e-01	2.1786e-03	9.9782e-01	3.6234e-15	7.6379e-24	1.5082e-06	3.7915e-02	9.6121e-01	8.7856e-04	2.0707e-05	1.8412e-01	8.1586e-01	1.1755e-36	1.1755e-36	1.1755e-36	6.2877e-33	0.00e+00	0.00e+00	1.3351e+00
5.16750e+19	5.5306e+03	2.087e-21	2.7826e+01	3.0236e+01	1.1290e-17	1.9874e-04	9.9980e-01	2.5001e-03	9.9750e-01	2.5731e-15	1.0463e-23	1.7436e-06	4.2739e-02	9.5658e-01	6.8389e-04	2.5515e-05	2.1275e-01	7.8722e-01	1.1755e-36	1.1755e-36	1.1755e-36	7.6287e-33	0.00e+00	0.00e+00	1.4794e+00
5.55231e+19	5.6630e+03	2.068e-21	2.7826e+01	3.0234e+01	1.0861e-17	2.0945e-04	9.9979e-01	2.8857e-03	9.9711e-01	1.9007e-15	1.4681e-23	2.0167e-06	4.8302e-02	9.5116e-01	5.3605e-04	3.1386e-05	2.4633e-01	7.5364e-01	1.1755e-36	1.1755e-36	1.1755e-36	9.7933e-33	0.00e+00	0.00e+00	1.6104e+00
5.89141e+19	5.7996e+03	2.050e-21	2.7826e+01	3.0232e+01	1.0312e-17	2.1998e-04	9.9978e-01	3.3461e-03	9.9665e-01	1.4528e-15	2.0438e-23	2.3277e-06	5.4630e-02	9.4494e-01	4.2271e-04	3.8381e-05	2.8458e-01	7.1538e-01	1.1755e-36	1.1755e-36	1.1755e-36	1.2362e-32	0.00e+00	0.00e+00	1.7348e+00
6.20552e+19	5.9449e+03	2.032e-21	2.7826e+01	3.0230e+01	9.8315e-18	2.3072e-04	9.9977e-01	3.9325e-03	9.9607e-01	1.1145e-15	2.9020e-23	2.7032e-06	6.2241e-02	9.3743e-01	3.3104e-04	4.7017e-05	3.2968e-01	6.7027e-01	1.1755e-36	1.1755e-36	1.1755e-36	1.6044e-32	0.00e+00	0.00e+00	1.8590e+00
6.50387e+19	6.1052e+03	2.013e-21	2.7826e+01	3.0226e+01	9.2961e-18	2.4169e-04	9.9976e-01	4.7116e-03	9.9529e-01	8.4449e-16	4.2009e-23	3.1701e-06	7.1708e-02	9.2803e-01	2.5555e-04	5.7915e-05	3.8425e-01	6.1570e-01	1.1755e-36	1.1755e-36	1.1755e-36	2.1083e-32	0.00e+00	0.00e+00	1.9823e+00
6.78129e+19	6.2778e+03	1.992e-21	2.7826e+01	3.0222e+01	8.6252e-18	2.5251e-04	9.9975e-01	5.7698e-03	9.9423e-01	6.3469e-16	6.1057e-23	3.7497e-06	8.3485e-02	9.1632e-01	1.9483e-04	7.1337e-05	4.4882e-01	5.5111e-01	1.1755e-36	1.1755e-36	1.1755e-36	2.7227e-32	0.00e+00	0.00e+00	2.0996e+00
7.02983e+19	6.4549e+03	1.971e-21	2.7826e+01	3.0217e+01	8.0293e-18	2.6268e-04	9.9974e-01	7.2318e-03	9.9277e-01	4.7886e-16	8.8961e-23	4.4567e-06	9.7901e-02	9.0195e-01	1.4754e-04	8.6985e-05	5.2112e-01	4.7879e-01	1.1755e-36	1.1755e-36	1.1755e-36	3.5310e-32	0.00e+00	0.00e+00	2.2069e+00
7.21497e+19	6.6105e+03	1.953e-21	2.7826e+01	3.0212e+01	7.6563e-18	2.7001e-04	9.9973e-01	8.9539e-03	9.9105e-01	3.6553e-16	1.2329e-22	5.1708e-06	1.1262e-01	8.8726e-01	1.1715e-04	1.0187e-04	5.8916e-01	4.1074e-01	1.1755e-36	1.1755e-36	1.1755e-36	4.5251e-32	0.00e+00	0.00e+00	2.2722e+00
7.32719e+19	6.7017e+03	1.943e-21	2.7826e+01	3.0207e+01	7.6435e-18	2.7487e-04	9.9973e-01	1.0488e-02	9.8951e-01	3.2010e-16	1.5523e-22	5.7314e-06	1.2419e-01	8.7571e-01	9.9765e-05	1.1248e-04	6.3600e-01	3.6389e-01	1.1755e-36	1.1755e-36	1.1755e-36	5.5101e-32	0.00e+00	0.00e+00	2.3141e+00
7.40852e+19	6.7744e+03	1.935e-21	2.7826e+01	3.0203e+01	7.6331e-18	2.7845e-04	9.9972e-01	1.1950e-02	9.8805e-01	2.9124e-16	1.8468e-22	6.2079e-06	1.3399e-01	8.6592e-01	8.7642e-05	1.2064e-04	6.7073e-01	3.2915e-01	1.1755e-36	1.1755e-36	1.1755e-36	6.3968e-32	0.00e+00	0.00e+00	2.3512e+00
7.49584e+19	6.8520e+03	1.926e-21	2.7826e+01	3.0198e+01	7.5714e-18	2.8267e-04	9.9972e-01	1.4007e-02	9.8599e-01	2.6042e-16	2.2195e-22	6.8062e-06	1.4614e-01	8.5377e-01	7.4931e-05	1.2981e-04	7.0785e-01	2.9202e-01	1.1755e-36	1.1755e-36	1.1755e-36	7.3564e-32	0.00e+00	0.00e+00	2.4002e+00
7.58820e+19	6.9309e+03	1.918e-21	2.7826e+01	3.0191e+01	7.4571e-18	2.8719e-04	9.9971e-01	1.7073e-02	9.8293e-01	2.1538e-16	2.7011e-22	7.5547e-06	1.6149e-01	8.3844e-01	6.2822e-05	1.4052e-04	7.5092e-01	2.4894e-01	1.1755e-36	1.1755e-36	1.1755e-36	8.3696e-32	0.00e+00	0.00e+00	2.4436e+00
7.66069e+19	6.9840e+03	1.915e-21	2.7826e+01	3.0182e+01	7.4982e-18	2.9105e-04	9.9971e-01	2.0686e-02	9.7931e-01	1.8472e-16	3.2118e-22	8.2778e-06	1.7634e-01	8.2359e-01	5.3775e-05	1.4988e-04	7.8774e-01	2.1211e-01	1.1755e-36	1.1755e-36	1.1755e-36	9.4565e-32	0.00e+00	0.00e+00	2.4738e+00
7.71106e+19	7.0352e+03	1.910e-21	2.7826e+01	3.0172e+01	7.4647e-18	2.9331e-04	9.9971e-01	2.4210e-02	9.7579e-01	1.6733e-16	3.6380e-22	8.8513e-06	1.8823e-01	8.1171e-01	4.7715e-05	1.5650e-04	8.1402e-01	1.8582e-01	1.1755e-36	1.1755e-36	1.1755e-36	1.0343e-31	0.00e+00	0.00e+00	2.4953e+00
7.75035e+19	7.0635e+03	1.908e-21	2.7826e+01	3.0162e+01	7.4671e-18	2.9549e-04	9.9970e-01	2.7855e-02	9.7214e-01	1.5428e-16	4.0071e-22	9.3500e-06	1.9864e-01	8.0130e-01	4.2932e-05	1.6196e-04	8.3462e-01	1.6522e-01	1.1755e-36	1.1755e-36	1.1755e-36	1.0957e-31	0.00e+00	0.00e+00	2.5144e+00
7.78707e+19	7.0901e+03	1.906e-21	2.7826e+01	3.0152e+01	7.5026e-18	2.9762e-04	9.9970e-01	3.2373e-02	9.6763e-01	1.4112e-16	4.4098e-22	9.8767e-06	2.0933e-01	7.9062e-01	3.8509e-05	1.6719e-04	8.5391e-01	1.4592e-01	1.1755e-36	1.1755e-36	1.1755e-36	1.1664e-31	0.00e+00	0.00e+00	2.5336e+00
7.82234e+19	7.1135e+03	1.905e-21	2.7826e+01	3.0139e+01	7.5637e-18	2.9970e-04	9.9970e-01	3.8241e-02	9.6176e-01	1.2711e-16	4.8516e-22	1.0423e-05	2.2059e-01	7.7937e-01	3.4344e-05	1.7240e-04	8.7297e-01	1.2686e-01	1.1755e-36	1.1755e-36	1.1755e-36	1.2429e-31	0.00e+00	0.00e+00	2.5514e+00
7.85332e+19	7.1300e+03	1.906e-21	2.7826e+01	3.0125e+01	7.6293e-18	3.0165e-04	9.9970e-01	4.5445e-02	9.5455e-01	1.1453e-16	5.2827e-22	1.0952e-05	2.3139e-01	7.6857e-01	3.0716e-05	1.7720e-04	8.9036e-01	1.0946e-01	1.1755e-36	1.1755e-36	1.1755e-36	1.3104e-31	0.00e+00	0.00e+00	2.5663e+00
7.87851e+19	7.1448e+03	1.905e-21	2.7826e+01	3.0107e+01	7.6840e-18	3.0313e-04	9.9970e-01	5.3550e-02	9.4645e-01	1.0434e-16	5.6755e-22	1.1415e-05	2.4099e-01	7.5897e-01	2.7756e-05	1.8120e-04	9.0494e-01	9.4874e-02	1.1755e-36	1.1755e-36	1.1755e-36	1.3708e-31	0.00e+00	0.00e+00	2.5782e+00
7.89907e+19	7.1537e+03	1.905e-21	2.7826e+01	3.0087e+01	7.7490e-18	3.0439e-04	9.9970e-01	6.2513e-02	9.3749e-01	9.5934e-17	6.0251e-22	1.1816e-05	2.4934e-01	7.5062e-01	2.5292e-05	1.8456e-04	9.1708e-01	8.2735e-02	1.1755e-36	1.1755e-36	1.1755e-36	1.4223e-31	0.00e+00	0.00e+00	2.5882e+00
7.91688e+19	7.1628e+03	1.904e-21	2.7826e+01	3.0063e+01	7.7910e-18	3.0540e-04	9.9969e-01	7.2847e-02	9.2715e-01	8.8230e-17	6.3416e-22	1.2176e-05	2.5687e-01	7.4309e-01	2.3127e-05	1.8746e-04	9.2773e-01	7.2082e-02	1.1755e-36	1.1755e-36	1.1755e-36	1.4658e-31	0.00e+00	0.00e+00	2.5973e+00
7.93294e+19	7.1659e+03	1.903e-21	2.7826e+01	3.0035e+01	7.8599e-18	3.0641e-04	9.9969e-01	8.5320e-02	9.1468e-01	8.0662e-17	6.6471e-22	1.2514e-05	2.6396e-01	7.3601e-01	2.1125e-05	1.9018e-04	9.3752e-01	6.2287e-02	1.1755e-36	1.1755e-36	1.1755e-36	1.5062e-31	0.00e+00	0.00e+00	2.6055e+00
7.94727e+19	7.1707e+03	1.901e-21	2.7826e+01	2.9994e+01	7.8314e-18	3.0706e-04	9.9969e-01	1.0022e-01	8.9978e-01	7.3196e-17	6.8736e-22	1.2811e-05	2.7041e-01	7.2956e-01	1.9313e-05	1.9252e-04	9.4643e-01	5.3377e-02	1.1755e-36	1.1755e-36	1.1755e-36	1.5113e-31	0.00e+00	0.00e+00	2.6127e+00
7.95971e+19	7.1711e+03	1.900e-21	2.7826e+01	2.9960e+01	7.8668e-18	3.0778e-04	9.9969e-01	1.1778e-01	8.8222e-01	6.6464e-17	7.1083e-22	1.3081e-05	2.7613e-01	7.2384e-01	1.7679e-05	1.9466e-04	9.5433e-01	4.5472e-02	1.1755e-36	1.1755e-36	1.1755e-36	1.5315e-31	0.00e+00	0.00e+00	2.6189e+00
7.97037e+19	7.1708e+03	1.896e-21	2.7826e+01	2.9907e+01	7.9007e-18	3.0815e-04	9.9969e-01	1.3784e-01	8.6216e-01	6.0061e-17	7.3073e-22	1.3299e-05	2.8104e-01	7.1893e-01	1.6237e-05	1.9636e-04	9.6118e-01	3.8629e-02	1.1755e-36	1.1755e-36	1.1755e-36	1.5470e-31	0.00e+00	0.00e+00	2.6242e+00
7.97963e+19	7.1709e+03	1.893e-21	2.7826e+01	2.9862e+01	7.9306e-18	3.0847e-04	9.9969e-01	1.6093e-01	8.3907e-01	5.4305e-17	7.4858e-22	1.3488e-05	2.8525e-01	7.1472e-01	1.4932e-05	1.9784e-04	9.6713e-01	3.2669e-02	1.1755e-36	1.1755e-36	1.1755e-36	1.5628e-31	0.00e+00	0.00e+00	2.6289e+00
7.98784e+19	7.1658e+03	1.887e-21	2.7826e+01	2.9785e+01	7.8981e-18	3.0854e-04	9.9969e-01	1.8768e-01	8.1232e-01	4.8391e-17	7.5690e-22	1.3631e-05	2.8888e-01	7.1110e-01	1.3731e-05	1.9898e-04	9.7237e-01	2.7430e-02	1.1755e-36	1.1755e-36	1.1755e-36	1.5375e-31	0.00e+00	0.00e+00	2.6331e+00
7.99522e+19	7.1604e+03	1.882e-21	2.7826e+01	2.9729e+01	7.9489e-18	3.0875e-04	9.9969e-01	2.1922e-01	7.8078e-01	4.3028e-17	7.7072e-22	1.3769e-05	2.9211e-01	7.0786e-01	1.2594e-05	2.0009e-04	9.7702e-01	2.2777e-02	1.1755e-36	1.1755e-36	1.1755e-36	1.5468e-31	0.00e+00	0.00e+00	2.6369e+00
8.00185e+19	7.1525e+03	1.875e-21	2.7826e+01	2.9652e+01	8.0047e-18	3.0876e-04	9.9969e-01	2.5585e-01	7.4415e-01	3.7726e-17	7.8153e-22	1.3871e-05	2.9485e-01	7.0513e-01	1.1533e-05	2.0093e-04	9.8108e-01	1.8716e-02	1.1755e-36	1.1755e-36	1.1755e-36	1.5494e-31	0.00e+00	0.00e+00	2.6403e+00
8.00778e+19	7.1467e+03	1.865e-21	2.7826e+01	2.9559e+01	8.0240e-18	3.0845e-04	9.9969e-01	2.9762e-01	7.0238e-01	3.2645e-17	7.8805e-22	1.3936e-05	2.9700e-01	7.0298e-01	1.0550e-05	2.0145e-04	9.8456e-01	1.5243e-02	1.1755e-36	1.1755e-36	1.1755e-36	1.5417e-31	0.00e+00	0.00e+00	2.6434e+00
8.01317e+19	7.1327e+03	1.852e-21	2.7826e+01	2.9429e+01	8.0516e-18	3.0798e-04	9.9969e-01	3.4514e-01	6.5486e-01	2.7598e-17	7.8909e-22	1.3965e-05	2.9869e-01	7.0129e-01	9.6218e-06	2.0171e-04	9.8751e-01	1.2292e-02	1.1755e-36	1.1755e-36	1.1755e-36	1.5134e-31	0.00e+00	0.00e+00	2.6462e+00
8.01817e+19	7.1214e+03	1.837e-21	2.7826e+01	2.9299e+01	8.0637e-18	3.0737e-04	9.9969e-01	3.9943e-01	6.0057e-01	2.2862e-17	7.8900e-22	1.3973e-05	2.9999e-01	6.9998e-01	8.7285e-06	2.0180e-04	9.9003e-01	9.7716e-03	1.1755e-36	1.1755e-36	1.1755e-36	1.4872e-31	0.00e+00	0.00e+00	2.6488e+00
8.02290e+19	7.1049e+03	1.822e-21	2.7826e+01	2.9179e+01	8.1286e-18	3.0703e-04	9.9969e-01	4.6146e-01	5.3854e-01	1.8365e-17	7.9066e-22	1.3985e-05	3.0119e-01	6.9878e-01	7.8452e-06	2.0195e-04	9.9217e-01	7.6307e-03	1.1755e-36	1.1755e-36	1.1755e-36	1.4688e-31	0.00e+00	0.00e+00	2.6513e+00
8.02744e+19	7.0867e+03	1.803e-21	2.7826e+01	2.9028e+01	8.1795e-18	3.0638e-04	9.9969e-01	5.3063e-01	4.6937e-01	1.4192e-17	7.8841e-22	1.3961e-05	3.0196e-01	6.9802e-01	6.9873e-06	2.0181e-04	9.9395e-01	5.8484e-03	1.1755e-36	1.1755e-36	1.1755e-36	1.4395e-31	0.00e+00	0.00e+00	2.6537e+00
8.03257e+19	7.0628e+03	1.776e-21	2.7826e+01	2.8803e+01	8.1852e-18	3.0520e-04	9.9969e-01	6.1681e-01	3.8319e-01	1.0073e-17	7.7749e-22	1.3880e-05	3.0225e-01	6.9773e-01	6.0068e-06	2.0126e-04	9.9557e-01	4.2291e-03	1.1755e-36	1.1755e-36	1.1755e-36	1.3778e-31	0.00e+00	0.00e+00	2.6568e+00
8.03815e+19	7.0324e+03	1.746e-21	2.7826e+01	2.8571e+01	8.2427e-18	3.0419e-04	9.9970e-01	7.1502e-01	2.8498e-01	6.0467e-18	7.6767e-22	1.3796e-05	3.0241e-01	6.9757e-01	4.9927e-06	2.0074e-04	9.9695e-01	2.8443e-03	1.1755e-36	1.1755e-36	1.1755e-36	1.3218e-31	0.00e+00	0.00e+00	2.6596e+00
8.04335e+19	7.0021e+03	1.720e-21	2.7826e+01	2.8387e+01	8.3676e-18	3.0370e-04	9.9970e-01	8.0094e-01	1.9906e-01	3.4815e-18	7.6348e-22	1.3738e-05	3.0256e-01	6.9742e-01	4.0904e-06	2.0046e-04	9.9789e-01	1.9098e-03	1.1755e-36	1.1755e-36	1.1755e-36	1.2914e-31	0.00e+00	0.00e+00	2.6623e+00
8.04915e+19	6.9780e+03	1.695e-21	2.7826e+01	2.8199e+01	8.3852e-18	3.0306e-04	9.9970e-01	8.7614e-01	1.2386e-01	1.7674e-18	7.5304e-22	1.3668e-05	3.0239e-01	6.9759e-01	3.1897e-06	2.0007e-04	9.9858e-01	1.2237e-03	1.1755e-36	1.1755e-36	1.1755e-36	1.2391e-31	0.00e+00	0.00e+00	2.6658e+00
8.05669e+19	6.9551e+03	1.674e-21	2.7826e+01	2.8036e+01	8.3811e-18	3.0290e-04	9.9970e-01	9.3842e-01	6.1584e-02	6.4418e-19	7.4282e-22	1.3616e-05	3.0233e-01	6.9765e-01	2.2543e-06	1.9996e-04	9.9912e-01	6.8455e-04	1.1755e-36	1.1755e-36	1.1755e-36	1.1859e-31	0.00e+00	0.00e+00	2.6704e+00
8.06650e+19	6.9390e+03	1.659e-21	2.7826e+01	2.7915e+01	8.2128e-18	3.0321e-04	9.9970e-01	9.7659e-01	2.3406e-02	1.6110e-19	7.2579e-22	1.3586e-05	3.0239e-01	6.9760e-01	1.4040e-06	2.0018e-04	9.9948e-01	3.2345e-04	1.1755e-36	1.1755e-36	1.1755e-36	1.1033e-31	0.00e+00	0.00e+00	2.6763e+00
8.07925e+19	6.9341e+03	1.654e-21	2.7826e+01	2.7862e+01	8.0984e-18	3.0422e-04	9.9970e-01	9.9317e-01	6.8348e-03	2.7258e-20	7.1894e-22	1.3599e-05	3.0277e-01	6.9722e-01	7.5075e-07	2.0088e-04	9.9967e-01	1.2482e-04	1.1755e-36	1.1755e-36	1.1755e-36	1.0600e-31	0.00e+00	0.00e+00	2.6840e+00
8.09583e+19	6.9354e+03	1.653e-21	2.7826e+01	2.7847e+01	8.0265e-18	3.0581e-04	9.9969e-01	9.9831e-01	1.6921e-03	3.3369e-21	7.1876e-22	1.3645e-05	3.0345e-01	6.9653e-01	3.3413e-07	2.0199e-04	9.9976e-01	3.7982e-05	1.1755e-36	1.1755e-36	1.1755e-36	1.0389e-31	0.00e+00	0.00e+00	2.6940e+00
8.11737e+19	6.9417e+03	1.655e-21	2.7826e+01	2.7838e+01	8.0124e-18	3.0779e-04	9.9969e-01	9.9948e-01	5.1596e-04	4.1185e-22	7.2500e-22	1.3708e-05	3.0432e-01	6.9567e-01	1.1755e-36	2.0340e-04	9.9979e-01	8.7948e-06	1.1755e-36	1.1755e-36	1.1755e-36	1.0397e-31	0.00e+00	0.00e+00	2.7072e+00
8.14539e+19	6.9467e+03	1.658e-21	2.7826e+01	2.7845e+01	8.0747e-18	3.1062e-04	9.9969e-01	9.9970e-01	2.9628e-04	7.3824e-23	7.3841e-22	1.3803e-05	3.0563e-01	6.9435e-01	1.1755e-36	2.0538e-04	9.9979e-01	1.5050e-06	1.1755e-36	1.1755e-36	1.1755e-36	1.0583e-31	0.00e+00	0.00e+00	2.7245e+00
8.18180e+19	6.9558e+03	1.662e-21	2.7826e+01	2.7852e+01	8.0848e-18	3.1417e-04	9.9969e-01	9.9975e-01	2.4616e-04	1.3710e-23	7.5157e-22	1.3924e-05	3.0730e-01	6.9268e-01	1.1755e-36	2.0790e-04	9.9979e-01	1.8509e-07	1.1755e-36	1.1755e-36	1.1755e-36	1.0659e-31	0.00e+00	0.00e+00	2.7472e+00
8.22914e+19	6.9652e+03	1.667e-21	2.7826e+01	2.7854e+01	8.0891e-18	3.1879e-04	9.9968e-01	9.9978e-01	2.2100e-04	1.7911e-24	7.6726e-22	1.4077e-05	3.0948e-01	6.9050e-01	1.1755e-36	2.1118e-04	9.9979e-01	1.5612e-08	1.1755e-36	1.1755e-36	1.1755e-36	1.0690e-31	0.00e+00	0.00e+00	2.7772e+00
8.29068e+19	6.9839e+03	1.672e-21	2.7826e+01	2.7856e+01	8.0469e-18	3.2465e-04	9.9968e-01	9.9980e-01	2.0132e-04	1.3854e-25	7.8689e-22	1.4270e-05	3.1224e-01	6.8775e-01	1.1755e-36	2.1542e-04	9.9978e-01	8.2351e-10	1.1755e-36	1.1755e-36	1.1755e-36	1.0708e-31	0.00e+00	0.00e+00	2.8169e+00
8.37069e+19	6.9942e+03	1.681e-21	2.7826e+01	2.7856e+01	8.0818e-18	3.3298e-04	9.9967e-01	9.9982e-01	1.8386e-04	1.1755e-36	8.1520e-22	1.4541e-05	3.1615e-01	6.8383e-01	1.1755e-36	2.2138e-04	9.9978e-01	2.3577e-11	1.1755e-36	1.1755e-36	1.1755e-36	1.0719e-31	0.00e+00	0.00e+00	2.8698e+00
8.47469e+19	7.0195e+03	1.691e-21	2.7826e+01	2.7854e+01	7.6950e-18	3.4391e-04	9.9966e-01	9.9983e-01	1.7172e-04	1.1755e-36	8.2696e-22	1.4880e-05	3.2116e-01	6.7883e-01	1.1755e-36	2.2934e-04	9.9977e-01	2.9647e-13	1.1755e-36	1.1755e-36	1.1755e-36	9.7905e-32	0.00e+00	0.00e+00	2.9408e+00
8.60990e+19	7.0492e+03	1.706e-21	2.7826e+01	2.7853e+01	7.8674e-18	3.5914e-04	9.9964e-01	9.9984e-01	1.5787e-04	1.1755e-36	8.9404e-22	1.5350e-05	3.2799e-01	6.7199e-01	1.1755e-36	2.4053e-04	9.9976e-01	1.2558e-15	1.1755e-36	1.1755e-36	1.1755e-36	1.0282e-31	0.00e+00	0.00e+00	3.0372e+00
8.78567e+19	7.0896e+03	1.725e-21	2.7826e+01	2.7853e+01	8.0462e-18	3.8075e-04	9.9962e-01	9.9985e-01	1.4551e-04	1.1755e-36	9.8906e-22	1.5990e-05	3.3732e-01	6.6266e-01	1.1755e-36	2.5661e-04	9.9974e-01	1.2552e-18	1.1755e-36	1.1755e-36	1.1755e-36	1.0821e-31	0.00e+00	0.00e+00	3.1701e+00
9.01417e+19	7.1443e+03	1.751e-21	2.7826e+01	2.7852e+01	8.4720e-18	4.1247e-04	9.9959e-01	9.9987e-01	1.3351e-04	1.1755e-36	1.1521e-21	1.6882e-05	3.5027e-01	6.4971e-01	1.1755e-36	2.8065e-04	9.9972e-01	2.5028e-22	1.1755e-36	1.1755e-36	1.1755e-36	1.2079e-31	0.00e+00	0.00e+00	3.3573e+00
9.31121e+19	7.2208e+03	1.788e-21	2.7826e+01	2.7850e+01	9.0801e-18	4.6128e-04	9.9954e-01	9.9988e-01	1.2236e-04	1.1755e-36	1.4260e-21	1.8147e-05	3.6864e-01	6.3134e-01	1.1755e-36	3.1858e-04	9.9968e-01	1.0881e-22	1.1755e-36	1.1755e-36	1.1755e-36	1.4006e-31	0.00e+00	0.00e+00	3.6294e+00
9.69738e+19	7.3259e+03	1.841e-21	2.7826e+01	2.7848e+01	1.0818e-17	5.4198e-04	9.9946e-01	9.9989e-01	1.0764e-04	1.1755e-36	2.0286e-21	2.0009e-05	3.9564e-01	6.0434e-01	1.1755e-36	3.8356e-04	9.9962e-01	2.4010e-22	1.1755e-36	1.1755e-36	1.1755e-36	1.9924e-31	0.00e+00	0.00e+00	4.0451e+00
1.01028e+20	7.4562e+03	1.911e-21	2.7826e+01	2.7844e+01	1.3983e-17	6.6139e-04	9.9934e-01	9.9991e-01	9.0267e-05	1.1755e-36	3.1945e-21	2.2247e-05	4.2815e-01	5.7183e-01	1.1755e-36	4.8409e-04	9.9952e-01	6.2708e-22	1.1755e-36	1.1755e-36	1.1755e-36	3.3248e-31	0.00e+00	0.00e+00	4.4799e+00
1.04466e+20	7.5806e+03	1.982e-21	2.7826e+01	2.7840e+01	1.9891e-17	8.1045e-04	9.9919e-01	9.9993e-01	7.3352e-05	1.1755e-36	5.3250e-21	2.4524e-05	4.6139e-01	5.3858e-01	1.1755e-36	6.1610e-04	9.9938e-01	1.5202e-21	1.1755e-36	1.1755e-36	1.1755e-36	6.5888e-31	0.00e+00	0.00e+00	4.9263e+00
1.07231e+20	7.6920e+03	2.050e-21	2.7826e+01	2.7835e+01	2.9683e-17	9.8491e-04	9.9902e-01	9.9994e-01	5.6871e-05	1.1755e-36	8.9696e-21	2.6670e-05	4.9296e-01	5.0701e-01	1.1755e-36	7.7810e-04	9.9922e-01	3.2725e-21	1.1755e-36	1.1755e-36	1.1755e-36	1.4140e-30	0.00e+00	0.00e+00	5.3406e+00
1.09325e+20	7.7819e+03	2.109e-21	2.7826e+01	2.7830e+01	4.3829e-17	1.1719e-03	9.9883e-01	9.9996e-01	4.4343e-05	1.1755e-36	1.4512e-20	2.8560e-05	5.2085e-01	4.7912e-01	1.1755e-36	9.5896e-04	9.9904e-01	5.9677e-21	1.1755e-36	1.1755e-36	1.1755e-36	2.9416e-30	0.00e+00	0.00e+00	5.7100e+00
1.10944e+20	7.8517e+03	2.161e-21	2.7826e+01	2.7825e+01	6.3110e-17	1.3671e-03	9.9863e-01	9.9996e-01	3.5173e-05	1.1755e-36	2.2436e-20	3.0283e-05	5.4549e-01	4.5448e-01	1.1755e-36	1.1543e-03	9.9885e-01	9.4029e-21	1.1755e-36	1.1755e-36	1.1755e-36	5.7754e-30	0.00e+00	0.00e+00	6.0567e+00
1.12300e+20	7.9193e+03	2.207e-21	2.7826e+01	2.7818e+01	9.9467e-17	1.5808e-03	9.9842e-01	9.9998e-01	2.4677e-05	1.1755e-36	3.6490e-20	3.1730e-05	5.6850e-01	4.3147e-01	1.1755e-36	1.3745e-03	9.9863e-01	1.4483e-20	1.1755e-36	1.1755e-36	1.1755e-36	1.3561e-29	0.00e+00	0.00e+00	6.4087e+00
1.13501e+20	7.9773e+03	2.252e-21	2.7826e+01	2.7811e+01	1.6167e-16	1.8276e-03	9.9817e-01	9.9998e-01	1.6356e-05	1.1755e-36	6.0897e-20	3.3209e-05	5.9123e-01	4.0873e-01	1.1755e-36	1.6352e-03	9.9836e-01	2.0837e-20	1.1755e-36	1.1755e-36	1.1755e-36	3.3532e-29	0.00e+00	0.00e+00	6.7734e+00
1.14562e+20	8.0287e+03	2.296e-21	2.7826e+01	2.7802e+01	2.5159e-16	2.1128e-03	9.9789e-01	9.9999e-01	1.1283e-05	1.1755e-36	9.8812e-20	3.4659e-05	6.1350e-01	3.8647e-01	1.1755e-36	1.9433e-03	9.9806e-01	2.8573e-20	1.1755e-36	1.1755e-36	1.1755e-36	7.5738e-29	0.00e+00	0.00e+00	7.1390e+00
1.15469e+20	8.0729e+03	2.337e-21	2.7826e+01	2.7793e+01	3.7513e-16	2.4313e-03	9.9757e-01	9.9999e-01	8.0923e-06	1.1755e-36	1.5445e-19	3.6019e-05	6.3456e-01	3.6541e-01	1.1755e-36	2.2944e-03	9.9771e-01	3.7424e-20	1.1755e-36	1.1755e-36	1.1755e-36	1.5658e-28	0.00e+00	0.00e+00	7.4928e+00
1.16234e+20	8.1097e+03	2.375e-21	2.7826e+01	2.7784e+01	5.3680e-16	2.7785e-03	9.9722e-01	9.9999e-01	6.0647e-06	1.1755e-36	2.3174e-19	3.7275e-05	6.5412e-01	3.4584e-01	1.1755e-36	2.6837e-03	9.9732e-01	4.7052e-20	1.1755e-36	1.1755e-36	1.1755e-36	2.9755e-28	0.00e+00	0.00e+00	7.8354e+00
1.16892e+20	8.1402e+03	2.411e-21	2.7826e+01	2.7773e+01	7.4494e-16	3.1596e-03	9.9684e-01	1.0000e+00	4.7072e-06	1.1755e-36	3.3678e-19	3.8449e-05	6.7254e-01	3.2742e-01	1.1755e-36	3.1171e-03	9.9688e-01	5.7066e-20	1.1755e-36	1.1755e-36	1.1755e-36	5.3024e-28	0.00e+00	0.00e+00	8.1764e+00
1.17474e+20	8.1651e+03	2.445e-21	2.7826e+01	2.7762e+01	1.0100e-15	3.5873e-03	9.9641e-01	1.0000e+00	3.7848e-06	1.1755e-36	4.7776e-19	3.9586e-05	6.9028e-01	3.0968e-01	1.1755e-36	3.6097e-03	9.9639e-01	6.6293e-20	1.1755e-36	1.1755e-36	1.1755e-36	8.9708e-28	0.00e+00	0.00e+00	8.5231e+00
1.17995e+20	8.1858e+03	2.478e-21	2.7826e+01	2.7749e+01	1.3665e-15	4.0723e-03	9.9593e-01	1.0000e+00	3.0427e-06	1.1755e-36	6.7399e-19	4.0670e-05	7.0748e-01	2.9248e-01	1.1755e-36	4.1742e-03	9.9583e-01	7.4196e-20	1.1755e-36	1.1755e-36	1.1755e-36	1.5027e-27	0.00e+00	0.00e+00	8.8747e+00
1.18458e+20	8.1981e+03	2.511e-21	2.7826e+01	2.7736e+01	1.8183e-15	4.6211e-03	9.9538e-01	1.0000e+00	2.5387e-06	1.1755e-36	9.3202e-19	4.1776e-05	7.2411e-01	2.7585e-01	1.1755e-36	4.8188e-03	9.9518e-01	7.8597e-20	1.1755e-36	1.1755e-36	1.1755e-36	2.4112e-27	0.00e+00	0.00e+00	9.2274e+00
1.18866e+20	8.2112e+03	2.542e-21	2.7826e+01	2.7721e+01	2.4173e-15	5.2328e-03	9.9477e-01	1.0000e+00	2.0987e-06	1.1755e-36	1.2842e-18	4.2757e-05	7.3990e-01	2.6006e-01	1.1755e-36	5.5434e-03	9.9446e-01	8.3191e-20	1.1755e-36	1.1755e-36	1.1755e-36	3.8687e-27	0.00e+00	0.00e+00	9.5794e+00
1.19228e+20	8.2176e+03	2.572e-21	2.7826e+01	2.7702e+01	3.1963e-15	5.9175e-03	9.9408e-01	1.0000e+00	1.7513e-06	1.1755e-36	1.7512e-18	4.3694e-05	7.5499e-01	2.4497e-01	1.1755e-36	6.3601e-03	9.9364e-01	8.4343e-20	1.1755e-36	1.1755e-36	1.1755e-36	6.0960e-27	0.00e+00	0.00e+00	9.9333e+00
1.19551e+20	8.2199e+03	2.601e-21	2.7826e+01	2.7682e+01	4.2107e-15	6.6896e-03	9.9331e-01	1.0000e+00	1.4764e-06	1.1755e-36	2.3713e-18	4.4592e-05	7.6949e-01	2.3046e-01	1.1755e-36	7.2864e-03	9.9271e-01	8.2808e-20	1.1755e-36	1.1755e-36	1.1755e-36	9.4847e-27	0.00e+00	0.00e+00	1.0293e+01
1.19843e+20	8.2174e+03	2.629e-21	2.7826e+01	2.7658e+01	5.5450e-15	7.5691e-03	9.9243e-01	1.0000e+00	1.2527e-06	1.1755e-36	3.1984e-18	4.5459e-05	7.8354e-01	2.1641e-01	1.1755e-36	8.3468e-03	9.9165e-01	7.8602e-20	1.1755e-36	1.1755e-36	1.1755e-36	1.4644e-26	0.00e+00	0.00e+00	1.0662e+01
1.20106e+20	8.2115e+03	2.658e-21	2.7826e+01	2.7631e+01	7.3081e-15	8.5746e-03	9.9143e-01	1.0000e+00	1.0689e-06	1.1755e-36	4.3047e-18	4.6294e-05	7.9715e-01	2.0280e-01	1.1755e-36	9.5645e-03	9.9044e-01	7.2793e-20	1.1755e-36	1.1755e-36	1.1755e-36	2.2512e-26	0.00e+00	0.00e+00	1.1039e+01
1.20345e+20	8.1986e+03	2.686e-21	2.7826e+01	2.7601e+01	9.6718e-15	9.7306e-03	9.9027e-01	1.0000e+00	9.1564e-07	1.1755e-36	5.7900e-18	4.7102e-05	8.1035e-01	1.8960e-01	1.1755e-36	1.0969e-02	9.8903e-01	6.4475e-20	1.1755e-36	1.1755e-36	1.1755e-36	3.4536e-26	0.00e+00	0.00e+00	1.1425e+01
1.20560e+20	8.1825e+03	2.714e-21	2.7826e+01	2.7566e+01	1.2840e-14	1.1063e-02	9.8894e-01	1.0000e+00	7.8738e-07	1.1755e-36	7.7895e-18	4.7880e-05	8.2313e-01	1.7682e-01	1.1755e-36	1.2594e-02	9.8741e-01	5.5819e-20	1.1755e-36	1.1755e-36	1.1755e-36	5.2974e-26	0.00e+00	0.00e+00	1.1824e+01
1.20757e+20	8.1602e+03	2.741e-21	2.7826e+01	2.7525e+01	1.7181e-14	1.2619e-02	9.8738e-01	1.0000e+00	6.7763e-07	1.1755e-36	1.0517e-17	4.8634e-05	8.3560e-01	1.6435e-01	1.1755e-36	1.4495e-02	9.8551e-01	4.6360e-20	1.1755e-36	1.1755e-36	1.1755e-36	8.1639e-26	0.00e+00	0.00e+00	1.2240e+01
1.20937e+20	8.1319e+03	2.769e-21	2.7826e+01	2.7477e+01	2.3243e-14	1.4461e-02	9.8554e-01	1.0000e+00	5.8291e-07	1.1755e-36	1.4296e-17	4.9370e-05	8.4784e-01	1.5211e-01	1.1755e-36	1.6750e-02	9.8325e-01	3.6944e-20	1.1755e-36	1.1755e-36	1.1755e-36	1.2702e-25	0.00e+00	0.00e+00	1.2679e+01
1.21104e+20	8.0962e+03	2.798e-21	2.7826e+01	2.7420e+01	3.1936e-14	1.6680e-02	9.8332e-01	1.0000e+00	5.0012e-07	1.1755e-36	1.9642e-17	5.0090e-05	8.5993e-01	1.4002e-01	1.1755e-36	1.9471e-02	9.8053e-01	2.7994e-20	1.1755e-36	1.1755e-36	1.1755e-36	2.0065e-25	0.00e+00	0.00e+00	1.3149e+01
1.21258e+20	8.0570e+03	2.823e-21	2.7826e+01	2.7333e+01	4.4652e-14	1.9389e-02	9.8061e-01	1.0000e+00	4.2561e-07	1.1755e-36	2.7364e-17	5.0697e-05	8.7189e-01	1.2806e-01	1.1755e-36	2.2800e-02	9.7720e-01	2.0567e-20	1.1755e-36	1.1755e-36	1.1755e-36	3.2344e-25	0.00e+00	0.00e+00	1.3658e+01
1.21404e+20	8.0051e+03	2.849e-21	2.7826e+01	2.7223e+01	6.4294e-14	2.2814e-02	9.7719e-01	1.0000e+00	3.6004e-07	1.1755e-36	3.8951e-17	5.1338e-05	8.8392e-01	1.1602e-01	1.1755e-36	2.7009e-02	9.7299e-01	1.3876e-20	1.1755e-36	1.1755e-36	1.1755e-36	5.3717e-25	0.00e+00	0.00e+00	1.4225e+01
1.21542e+20	7.9518e+03	2.872e-21	2.7826e+01	2.7097e+01	9.5625e-14	2.7273e-02	9.7273e-01	1.0000e+00	3.0130e-07	1.1755e-36	5.7173e-17	5.1958e-05	8.9614e-01	1.0381e-01	1.1755e-36	3.2490e-02	9.6751e-01	9.1690e-21	1.1755e-36	1.1755e-36	1.1755e-36	9.3380e-25	0.00e+00	0.00e+00	1.4867e+01
1.21667e+20	7.8674e+03	2.899e-21	2.7826e+01	2.6937e+01	1.4886e-13	3.3085e-02	9.6692e-01	1.0000e+00	2.4825e-07	1.1755e-36	8.6169e-17	5.2550e-05	9.0816e-01	9.1783e-02	1.1755e-36	3.9628e-02	9.6037e-01	5.0508e-21	1.1755e-36	1.1755e-36	1.1755e-36	1.6839e-24	0.00e+00	0.00e+00	1.5542e+01
1.21771e+20	7.7913e+03	2.916e-21	2.7826e+01	2.6757e+01	2.2940e-13	4.0032e-02	9.5997e-01	1.0000e+00	2.0599e-07	1.1755e-36	1.2866e-16	5.2993e-05	9.1891e-01	8.1038e-02	1.1755e-36	4.8149e-02	9.5185e-01	3.0105e-21	1.1755e-36	1.1755e-36	1.1755e-36	3.0008e-24	0.00e+00	0.00e+00	1.6188e+01
1.21855e+20	7.7137e+03	2.929e-21	2.7826e+01	2.6593e+01	3.4829e-13	4.8078e-02	9.5192e-01	1.0000e+00	1.7398e-07	1.1755e-36	1.8862e-16	5.3397e-05	9.2833e-01	7.1616e-02	1.1755e-36	5.7993e-02	9.4201e-01	1.9042e-21	1.1755e-36	1.1755e-36	1.1755e-36	5.2159e-24	0.00e+00	0.00e+00	1.6833e+01
1.21927e+20	7.6427e+03	2.921e-21	2.7826e+01	2.6303e+01	5.2375e-13	5.7562e-02	9.4244e-01	1.0000e+00	1.4736e-07	1.1755e-36	2.7313e-16	5.3426e-05	9.3670e-01	6.3251e-02	1.1755e-36	6.9565e-02	9.3043e-01	1.3234e-21	1.1755e-36	1.1755e-36	1.1755e-36	8.8886e-24	0.00e+00	0.00e+00	1.7529e+01
1.21995e+20	7.5587e+03	2.898e-21	2.7826e+01	2.5936e+01	8.1841e-13	6.9965e-02	9.3004e-01	1.0000e+00	1.2292e-07	1.1755e-36	4.0638e-16	5.3334e-05	9.4490e-01	5.5047e-02	1.1755e-36	8.4634e-02	9.1537e-01	9.3349e-22	1.1755e-36	1.1755e-36	1.1755e-36	1.5739e-23	0.00e+00	0.00e+00	1.8350e+01
1.22059e+20	7.4691e+03	2.852e-21	2.7826e+01	2.5439e+01	1.3399e-12	8.6840e-02	9.1316e-01	1.0000e+00	9.9389e-08	1.1755e-36	6.2781e-16	5.2983e-05	9.5298e-01	4.6966e-02	1.1755e-36	1.0501e-01	8.9499e-01	6.8119e-22	1.1755e-36	1.1755e-36	1.1755e-36	2.9404e-23	0.00e+00	0.00e+00	1.9292e+01
1.22109e+20	7.3843e+03	2.794e-21	2.7826e+01	2.4930e+01	2.1276e-12	1.0631e-01	8.9369e-01	1.0000e+00	7.9743e-08	1.1755e-36	9.4000e-16	5.2428e-05	9.5965e-01	4.0295e-02	1.1755e-36	1.2832e-01	8.7168e-01	5.3138e-22	1.1755e-36	1.1755e-36	1.1755e-36	5.2541e-23	0.00e+00	0.00e+00	2.0009e+01
1.22146e+20	7.3050e+03	2.724e-21	2.7826e+01	2.4419e+01	3.1547e-12	1.2599e-01	8.7401e-01	1.0000e+00	6.9546e-08	1.1755e-36	1.3142e-15	5.1795e-05	9.6473e-01	3.5216e-02	1.1755e-36	1.5167e-01	8.4833e-01	4.5144e-22	1.1755e-36	1.1755e-36	1.1755e-36	8.4896e-23	0.00e+00	0.00e+00	2.0761e+01
1.22176e+20	7.2272e+03	2.637e-21	2.7826e+01	2.3822e+01	4.5761e-12	1.4769e-01	8.5231e-01	1.0000e+00	5.8848e-08	1.1755e-36	1.7904e-15	5.0904e-05	9.6903e-01	3.0916e-02	1.1755e-36	1.7719e-01	8.2281e-01	3.8821e-22	1.1755e-36	1.1755e-36	1.1755e-36	1.3175e-22	0.00e+00	0.00e+00	2.1476e+01
1.22202e+20	7.1460e+03	2.538e-21	2.7826e+01	2.3175e+01	6.5040e-12	1.7115e-01	8.2885e-01	1.0000e+00	5.0879e-08	1.1755e-36	2.3761e-15	4.9852e-05	9.7268e-01	2.7266e-02	1.1755e-36	2.0448e-01	7.9552e-01	3.3680e-22	1.1755e-36	1.1755e-36	1.1755e-36	1.9632e-22	0.00e+00	0.00e+00	2.2197e+01
1.22226e+20	7.0576e+03	2.415e-21	2.7826e+01	2.2371e+01	9.2196e-12	1.9748e-01	8.0252e-01	1.0000e+00	4.3880e-08	1.1755e-36	3.1082e-15	4.8451e-05	9.7593e-01	2.4025e-02	1.1755e-36	2.3475e-01	7.6525e-01	2.9121e-22	1.1755e-36	1.1755e-36	1.1755e-36	2.8462e-22	0.00e+00	0.00e+00	2.2983e+01
1.22248e+20	6.9460e+03	2.272e-21	2.7826e+01	2.1470e+01	1.3491e-11	2.2957e-01	7.7043e-01	1.0000e+00	3.7298e-08	1.1755e-36	4.1124e-15	4.6825e-05	9.7907e-01	2.0878e-02	1.1755e-36	2.7118e-01	7.2882e-01	2.4674e-22	1.1755e-36	1.1755e-36	1.1755e-36	4.1750e-22	0.00e+00	0.00e+00	2.3874e+01
1.22269e+20	6.8084e+03	2.102e-21	2.7826e+01	2.0397e+01	2.0279e-11	2.6787e-01	7.3213e-01	1.0000e+00	3.1262e-08	1.1755e-36	5.4460e-15	4.4824e-05	9.8203e-01	1.7929e-02	1.1755e-36	3.1393e-01	6.8607e-01	2.0514e-22	1.1755e-36	1.1755e-36	1.1755e-36	6.0750e-22	0.00e+00	0.00e+00	2.4834e+01
1.22287e+20	6.6581e+03	1.930e-21	2.7826e+01	1.9299e+01	2.9923e-11	3.0800e-01	6.9200e-01	1.0000e+00	2.6109e-08	1.1755e-36	6.9862e-15	4.2703e-05	9.8449e-01	1.5472e-02	1.1755e-36	3.5793e-01	6.4207e-01	1.7122e-22	1.1755e-36	1.1755e-36	1.1755e-36	8.3883e-22	0.00e+00	0.00e+00	2.5673e+01
1.22300e+20	6.5186e+03	1.782e-21	2.7826e+01	1.8317e+01	4.1057e-11	3.4260e-01	6.5740e-01	1.0000e+00	2.2863e-08	1.1755e-36	8.4003e-15	4.0770e-05	9.8624e-01	1.3723e-02	1.1755e-36	3.9524e-01	6.0476e-01	1.4814e-22	1.1755e-36	1.1755e-36	1.1755e-36	1.0522e-21	0.00e+00	0.00e+00	2.6328e+01
1.22310e+20	6.3985e+03	1.666e-21	2.7826e+01	1.7536e+01	5.2585e-11	3.7064e-01	6.2936e-01	1.0000e+00	2.0831e-08	1.1755e-36	9.6038e-15	3.9219e-05	9.8747e-01	1.2491e-02	1.1755e-36	4.2505e-01	5.7495e-01	1.3254e-22	1.1755e-36	1.1755e-36	1.1755e-36	1.2323e-21	0.00e+00	0.00e+00	2.6857e+01
1.22317e+20	6.2851e+03	1.565e-21	2.7826e+01	1.6843e+01	6.5243e-11	3.9549e-01	6.0451e-01	1.0000e+00	1.9334e-08	1.1755e-36	1.0704e-14	3.7831e-05	9.8845e-01	1.1514e-02	1.1755e-36	4.5116e-01	5.4884e-01	1.2045e-22	1.1755e-36	1.1755e-36	1.1755e-36	1.3921e-21	0.00e+00	0.00e+00	2.7365e+01
1.22325e+20	6.1647e+03	1.467e-21	2.7826e+01	1.6148e+01	8.0814e-11	4.2039e-01	5.7961e-01	1.0000e+00	1.7852e-08	1.1755e-36	1.1835e-14	3.6427e-05	9.8934e-01	1.0626e-02	1.1755e-36	4.7704e-01	5.2296e-01	1.0959e-22	1.1755e-36	1.1755e-36	1.1755e-36	1.5488e-21	0.00e+00	0.00e+00	2.7889e+01
1.22332e+20	6.0365e+03	1.370e-21	2.7826e+01	1.5447e+01	1.0011e-10	4.4549e-01	5.5451e-01	1.0000e+00	1.6389e-08	1.1755e-36	1.2997e-14	3.5001e-05	9.9016e-01	9.8082e-03	1.1755e-36	5.0283e-01	4.9717e-01	9.9738e-23	1.1755e-36	1.1755e-36	1.1755e-36	1.6998e-21	0.00e+00	0.00e+00	2.8406e+01
1.22338e+20	5.9046e+03	1.281e-21	2.7826e+01	1.4782e+01	1.2307e-10	4.6954e-01	5.3046e-01	1.0000e+00	1.5116e-08	1.1755e-36	1.4134e-14	3.3657e-05	9.9088e-01	9.0863e-03	1.1755e-36	5.2728e-01	4.7272e-01	9.1204e-23	1.1755e-36	1.1755e-36	1.1755e-36	1.8369e-21	0.00e+00	0.00e+00	2.8885e+01
1.22343e+20	5.7766e+03	1.200e-21	2.7826e+01	1.4164e+01	1.4883e-10	4.9174e-01	5.0826e-01	1.0000e+00	1.4093e-08	1.1755e-36	1.5198e-14	3.2389e-05	9.9150e-01	8.4680e-03	1.1755e-36	5.4964e-01	4.5036e-01	8.4019e-23	1.1755e-36	1.1755e-36	1.1755e-36	1.9523e-21	0.00e+00	0.00e+00	2.9332e+01
1.22348e+20	5.6488e+03	1.127e-21	2.7826e+01	1.3584e+01	1.7809e-10	5.1259e-01	4.8741e-01	1.0000e+00	1.3214e-08	1.1755e-36	1.6209e-14	3.1199e-05	9.9204e-01	7.9252e-03	1.1755e-36	5.7043e-01	4.2957e-01	7.7822e-23	1.1755e-36	1.1755e-36	1.1755e-36	2.0499e-21	0.00e+00	0.00e+00	2.9759e+01
1.22353e+20	5.5200e+03	1.058e-21	2.7826e+01	1.3030e+01	2.1139e-10	5.3253e-01	4.6747e-01	1.0000e+00	1.2422e-08	1.1755e-36	1.7187e-14	3.0058e-05	9.9253e-01	7.4368e-03	1.1755e-36	5.9014e-01	4.0986e-01	7.2330e-23	1.1755e-36	1.1755e-36	1.1755e-36	2.1326e-21	0.00e+00	0.00e+00	3.0175e+01
1.22356e+20	5.4158e+03	1.006e-21	2.7826e+01	1.2594e+01	2.4139e-10	5.4818e-01	4.5182e-01	1.0000e+00	1.1666e-08	1.1755e-36	1.7964e-14	2.9152e-05	9.9290e-01	7.0678e-03	1.1755e-36	6.0550e-01	3.9450e-01	6.8252e-23	1.1755e-36	1.1755e-36	1.1755e-36	2.1896e-21	0.00e+00	0.00e+00	3.0454e+01
1.22359e+20	5.3339e+03	9.677e-22	2.7826e+01	1.2268e+01	2.6654e-10	5.5985e-01	4.4015e-01	1.0000e+00	1.1375e-08	1.1755e-36	1.8547e-14	2.8477e-05	9.9317e-01	6.8052e-03	1.1755e-36	6.1689e-01	3.8311e-01	6.5396e-23	1.1755e-36	1.1755e-36	1.1755e-36	2.2265e-21	0.00e+00	0.00e+00	3.0686e+01
1.22362e+20	5.2503e+03	9.309e-22	2.7826e+01	1.1951e+01	2.9371e-10	5.7132e-01	4.2868e-01	1.0000e+00	1.1060e-08	1.1755e-36	1.9126e-14	2.7823e-05	9.9341e-01	6.5575e-03	1.1755e-36	6.2802e-01	3.7198e-01	6.2715e-23	1.1755e-36	1.1755e-36	1.1755e-36	2.2598e-21	0.00e+00	0.00e+00	3.0944e+01
1.22364e+20	5.1535e+03	8.910e-22	2.7826e+01	1.1599e+01	3.2669e-10	5.8397e-01	4.1603e-01	1.0000e+00	1.0628e-08	1.1755e-36	1.9770e-14	2.7101e-05	9.9368e-01	6.2935e-03	1.1755e-36	6.4024e-01	3.5976e-01	5.9878e-23	1.1755e-36	1.1755e-36	1.1755e-36	2.2904e-21	0.00e+00	0.00e+00	3.1233e+01
1.22367e+20	5.0504e+03	8.504e-22	2.7826e+01	1.1234e+01	3.6372e-10	5.9713e-01	4.0287e-01	1.0000e+00	1.0156e-08	1.1755e-36	2.0447e-14	2.6351e-05	9.9395e-01	6.0271e-03	1.1755e-36	6.5288e-01	3.4712e-01	5.7034e-23	1.1755e-36	1.1755e-36	1.1755e-36	2.3172e-21	0.00e+00	0.00e+00	3.1524e+01
1.22370e+20	4.9440e+03	8.120e-22	2.7826e+01	1.0880e+01	4.0243e-10	6.0999e-01	3.9001e-01	1.0000e+00	9.7275e-09	1.1755e-36	2.1102e-14	2.5628e-05	9.9421e-01	5.7682e-03	1.1755e-36	6.6518e-01	3.3482e-01	5.4367e-23	1.1755e-36	1.1755e-36	1.1755e-36	2.3314e-21	0.00e+00	0.00e+00	3.1806e+01
1.22372e+20	4.8381e+03	7.758e-22	2.7826e+01	1.0537e+01	4.4078e-10	6.2227e-01	3.7773e-01	1.0000e+00	9.3515e-09	1.1755e-36	2.1710e-14	2.4927e-05	9.9445e-01	5.5228e-03	1.1755e-36	6.7686e-01	3.2314e-01	5.1930e-23	1.1755e-36	1.1755e-36	1.1755e-36	2.3282e-21	0.00e+00	0.00e+00	3.2080e+01
1.22375e+20	4.7292e+03	7.411e-22	2.7826e+01	1.0202e+01	4.7989e-10	6.3440e-01	3.6560e-01	1.0000e+00	8.9963e-09	1.1755e-36	2.2309e-14	2.4247e-05	9.9469e-01	5.2870e-03	1.1755e-36	6.8834e-01	3.1166e-01	4.9615e-23	1.1755e-36	1.1755e-36	1.1755e-36	2.3166e-21	0.00e+00	0.00e+00	3.2357e+01
1.22377e+20	4.6240e+03	7.070e-22	2.7826e+01	9.8660e+00	5.1643e-10	6.4611e-01	3.5389e-01	1.0000e+00	8.6579e-09	1.1755e-36	2.2877e-14	2.3556e-05	9.9491e-01	5.0651e-03	1.1755e-36	6.9936e-01	3.0064e-01	4.7441e-23	1.1755e-36	1.1755e-36	1.1755e-36	2.2907e-21	0.00e+00	0.00e+00	3.2635e+01
1.22380e+20	4.5077e+03	6.739e-22	2.7826e+01	9.5306e+00	5.5444e-10	6.5816e-01	3.4184e-01	1.0000e+00	8.3219e-09	1.1755e-36	2.3462e-14	2.2883e-05	9.9513e-01	4.8425e-03	1.1755e-36	7.1067e-01	2.8933e-01	4.5300e-23	1.1755e-36	1.1755e-36	1.1755e-36	2.2564e-21	0.00e+00	0.00e+00	3.2921e+01
1.22382e+20	4.3896e+03	6.419e-22	2.7826e+01	9.2006e+00	5.8948e-10	6.7003e-01	3.2997e-01	1.0000e+00	7.9844e-09	1.1755e-36	2.4031e-14	2.2226e-05	9.9535e-01	4.6285e-03	1.1755e-36	7.2174e-01	2.7826e-01	4.3260e-23	1.1755e-36	1.1755e-36	1.1755e-36	2.2109e-21	0.00e+00	0.00e+00	3.3202e+01
1.22385e+20	4.2713e+03	6.117e-22	2.7826e+01	8.8815e+00	6.2006e-10	6.8150e-01	3.1850e-01	1.0000e+00	7.6790e-09	1.1755e-36	2.4575e-14	2.1596e-05	9.9555e-01	4.4265e-03	1.1755e-36	7.3240e-01	2.6760e-01	4.1350e-23	1.1755e-36	1.1755e-36	1.1755e-36	2.1555e-21	0.00e+00	0.00e+00	3.3478e+01
1.22387e+20	4.1484e+03	5.830e-22	2.7826e+01	8.5697e+00	6.4647e-10	6.9280e-01	3.0720e-01	1.0000e+00	7.3886e-09	1.1755e-36	2.5105e-14	2.0994e-05	9.9575e-01	4.2324e-03	1.1755e-36	7.4285e-01	2.5715e-01	3.9536e-23	1.1755e-36	1.1755e-36	1.1755e-36	2.0902e-21	0.00e+00	0.00e+00	3.3753e+01
1.22389e+20	4.0276e+03	5.555e-22	2.7826e+01	8.2657e+00	6.6653e-10	7.0373e-01	2.9627e-01	1.0000e+00	7.1123e-09	1.1755e-36	2.5612e-14	2.0411e-05	9.9593e-01	4.0491e-03	1.1755e-36	7.5292e-01	2.4708e-01	3.7823e-23	1.1755e-36	1.1755e-36	1.1755e-36	2.0164e-21	0.00e+00	0.00e+00	3.4025e+01
1.22391e+20	3.9050e+03	5.291e-22	2.7826e+01	7.9672e+00	6.8099e-10	7.1447e-01	2.8553e-01	1.0000e+00	6.8515e-09	1.1755e-36	2.6108e-14	1.9848e-05	9.9611e-01	3.8732e-03	1.1755e-36	7.6276e-01	2.3724e-01	3.6186e-23	1.1755e-36	1.1755e-36	1.1755e-36	1.9349e-21	0.00e+00	0.00e+00	3.4299e+01
###########################
2.01895e+14	5.7695e+03	2.595e-21	2.7826e+01	3.0283e+01	7.6891e-18	1.3533e-04	9.9986e-01	9.7998e-04	9.8388e-01	1.5143e-02	1.1912e-24	5.7290e-07	1.7801e-02	9.7377e-01	8.4266e-03	4.3782e-06	6.6709e-02	9.2479e-01	8.4990e-03	1.1755e-36	1.1755e-36	3.2381e-33	0.00e+00	0.00e+00	9.5985e-06
1.21137e+15	5.7657e+03	2.596e-21	2.7826e+01	3.0281e+01	8.1391e-18	1.3540e-04	9.9986e-01	9.8027e-04	9.8389e-01	1.5125e-02	1.2522e-24	5.7146e-07	1.7830e-02	9.7373e-01	8.4355e-03	4.3798e-06	6.6694e-02	9.2483e-01	8.4675e-03	1.1755e-36	1.1755e-36	3.6159e-33	0.00e+00	0.00e+00	4.8012e-05
5.24926e+15	5.7662e+03	2.595e-21	2.7826e+01	3.0281e+01	8.2074e-18	1.3544e-04	9.9986e-01	9.8019e-04	9.8399e-01	1.5030e-02	1.2645e-24	5.7361e-07	1.7868e-02	9.7371e-01	8.4229e-03	4.3796e-06	6.6651e-02	9.2500e-01	8.3429e-03	1.1755e-36	1.1755e-36	3.6798e-33	0.00e+00	0.00e+00	2.0171e-04
2.14008e+16	5.7626e+03	2.594e-21	2.7826e+01	3.0280e+01	8.2119e-18	1.3553e-04	9.9986e-01	9.8100e-04	9.8450e-01	1.4519e-02	1.2644e-24	5.7792e-07	1.7908e-02	9.7372e-01	8.3742e-03	4.3826e-06	6.6635e-02	9.2550e-01	7.8640e-03	1.1755e-36	1.1755e-36	3.6544e-33	0.00e+00	0.00e+00	8.1691e-04
5.11197e+16	5.7567e+03	2.592e-21	2.7826e+01	3.0279e+01	7.5501e-18	1.3540e-04	9.9986e-01	9.8099e-04	9.8481e-01	1.4212e-02	1.1637e-24	5.8017e-07	1.7913e-02	9.7375e-01	8.3409e-03	4.3700e-06	6.6473e-02	9.2632e-01	7.2037e-03	1.1755e-36	1.1755e-36	3.0287e-33	0.00e+00	0.00e+00	1.6159e-03
8.97542e+16	5.7540e+03	2.588e-21	2.7826e+01	3.0278e+01	7.6513e-18	1.3524e-04	9.9986e-01	9.8125e-04	9.8562e-01	1.3402e-02	1.1730e-24	5.8298e-07	1.7906e-02	9.7382e-01	8.2677e-03	4.3593e-06	6.6343e-02	9.2724e-01	6.4124e-03	1.1755e-36	1.1755e-36	3.0969e-33	0.00e+00	0.00e+00	2.6534e-03
1.39979e+17	5.7523e+03	2.583e-21	2.7826e+01	3.0275e+01	7.7580e-18	1.3502e-04	9.9986e-01	9.8177e-04	9.8691e-01	1.2110e-02	1.1842e-24	5.8185e-07	1.7896e-02	9.7394e-01	8.1598e-03	4.3506e-06	6.6253e-02	9.2824e-01	5.4972e-03	1.1755e-36	1.1755e-36	3.1812e-33	0.00e+00	0.00e+00	3.9999e-03
2.05272e+17	5.7465e+03	2.578e-21	2.7826e+01	3.0271e+01	7.5027e-18	1.3484e-04	9.9987e-01	9.8311e-04	9.8867e-01	1.0349e-02	1.1437e-24	5.8930e-07	1.7891e-02	9.7410e-01	8.0090e-03	4.3463e-06	6.6208e-02	9.2930e-01	4.4852e-03	1.1755e-36	1.1755e-36	2.9374e-33	0.00e+00	0.00e+00	5.7481e-03
2.90152e+17	5.7411e+03	2.571e-21	2.7826e+01	3.0266e+01	7.4224e-18	1.3460e-04	9.9987e-01	9.8468e-04	9.9079e-01	8.2269e-03	1.1292e-24	5.9124e-07	1.7886e-02	9.7428e-01	7.8307e-03	4.3480e-06	6.6257e-02	9.3031e-01	3.4305e-03	1.1755e-36	1.1755e-36	2.8525e-33	0.00e+00	0.00e+00	8.0167e-03
4.00496e+17	5.7346e+03	2.564e-21	2.7826e+01	3.0261e+01	7.4673e-18	1.3434e-04	9.9987e-01	9.8655e-04	9.9306e-01	5.9551e-03	1.1335e-24	5.9048e-07	1.7888e-02	9.7448e-01	7.6363e-03	4.3587e-06	6.6426e-02	9.3116e-01	2.4127e-03	1.1755e-36	1.1755e-36	2.8708e-33	0.00e+00	0.00e+00	1.0960e-02
5.43943e+17	5.7230e+03	2.556e-21	2.7826e+01	3.0256e+01	7.3878e-18	1.3410e-04	9.9987e-01	9.8883e-04	9.9519e-01	3.8250e-03	1.1194e-24	5.9190e-07	1.7897e-02	9.7466e-01	7.4390e-03	4.3800e-06	6.6725e-02	9.3175e-01	1.5240e-03	1.1755e-36	1.1755e-36	2.7675e-33	0.00e+00	0.00e+00	1.4780e-02
7.30425e+17	5.7100e+03	2.547e-21	2.7826e+01	3.0251e+01	7.3800e-18	1.3383e-04	9.9987e-01	9.9086e-04	9.9689e-01	2.1183e-03	1.1159e-24	5.9276e-07	1.7910e-02	9.7483e-01	7.2606e-03	4.4086e-06	6.7115e-02	9.3204e-01	8.4062e-04	1.1755e-36	1.1755e-36	2.7206e-33	0.00e+00	0.00e+00	1.9735e-02
9.72851e+17	5.6922e+03	2.538e-21	2.7826e+01	3.0248e+01	7.3950e-18	1.3357e-04	9.9987e-01	9.9297e-04	9.9803e-01	9.7816e-04	1.1139e-24	5.9367e-07	1.7935e-02	9.7496e-01	7.1039e-03	4.4459e-06	6.7588e-02	9.3202e-01	3.9184e-04	1.1755e-36	1.1755e-36	2.6708e-33	0.00e+00	0.00e+00	2.6165e-02
1.28800e+18	5.6705e+03	2.527e-21	2.7826e+01	3.0246e+01	7.4478e-18	1.3332e-04	9.9987e-01	9.9519e-04	9.9864e-01	3.6306e-04	1.1154e-24	5.9474e-07	1.7971e-02	9.7507e-01	6.9633e-03	4.4900e-06	6.8112e-02	9.3173e-01	1.4887e-04	1.1755e-36	1.1755e-36	2.6331e-33	0.00e+00	0.00e+00	3.4508e-02
1.69770e+18	5.6462e+03	2.515e-21	2.7826e+01	3.0245e+01	7.3790e-18	1.3304e-04	9.9987e-01	9.9768e-04	9.9890e-01	1.0420e-04	1.0997e-24	5.9633e-07	1.8011e-02	9.7517e-01	6.8230e-03	4.5406e-06	6.8688e-02	9.3126e-01	4.4451e-05	1.1755e-36	1.1755e-36	2.4973e-33	0.00e+00	0.00e+00	4.5331e-02
2.23031e+18	5.6149e+03	2.500e-21	2.7826e+01	3.0245e+01	7.4422e-18	1.3283e-04	9.9987e-01	1.0014e-03	9.9898e-01	2.2380e-05	1.1005e-24	5.9846e-07	1.8085e-02	9.7525e-01	6.6618e-03	4.6086e-06	6.9411e-02	9.3057e-01	1.0138e-05	1.1755e-36	1.1755e-36	2.4298e-33	0.00e+00	0.00e+00	5.9379e-02
2.92271e+18	5.5775e+03	2.484e-21	2.7826e+01	3.0245e+01	7.6346e-18	1.3269e-04	9.9987e-01	1.0068e-03	9.9899e-01	3.5762e-06	1.1187e-24	6.0180e-07	1.8193e-02	9.7534e-01	6.4657e-03	4.6992e-06	7.0338e-02	9.2966e-01	1.7599e-06	1.1755e-36	1.1755e-36	2.4280e-33	0.00e+00	0.00e+00	7.7622e-02
3.82282e+18	5.5342e+03	2.464e-21	2.7826e+01	3.0245e+01	7.8998e-18	1.3267e-04	9.9987e-01	1.0145e-03	9.9898e-01	4.4475e-07	1.1480e-24	6.0681e-07	1.8346e-02	9.7543e-01	6.2238e-03	4.8204e-06	7.1546e-02	9.2845e-01	2.4151e-07	1.1755e-36	1.1755e-36	2.4477e-33	0.00e+00	0.00e+00	1.0133e-01
4.99296e+18	5.4847e+03	2.442e-21	2.7826e+01	3.0245e+01	8.1348e-18	1.3282e-04	9.9987e-01	1.0255e-03	9.9897e-01	4.6433e-08	1.1769e-24	6.1431e-07	1.8562e-02	9.7551e-01	5.9265e-03	4.9836e-06	7.3129e-02	9.2687e-01	1.1755e-36	1.1755e-36	1.1755e-36	2.4183e-33	0.00e+00	0.00e+00	1.3219e-01
6.51415e+18	5.4292e+03	2.416e-21	2.7826e+01	3.0245e+01	8.4832e-18	1.3327e-04	9.9987e-01	1.0413e-03	9.9896e-01	4.2170e-09	1.2274e-24	6.2563e-07	1.8871e-02	9.7556e-01	5.5644e-03	5.2056e-06	7.5217e-02	9.2478e-01	1.1755e-36	1.1755e-36	1.1755e-36	2.4285e-33	0.00e+00	0.00e+00	1.7245e-01
7.74265e+18	5.3511e+03	2.386e-21	2.7826e+01	3.0245e+01	8.6496e-18	1.3243e-04	9.9987e-01	1.0460e-03	9.9895e-01	7.0811e-10	1.2073e-24	6.2671e-07	1.8998e-02	9.7570e-01	5.2997e-03	5.3405e-06	7.6605e-02	9.2339e-01	1.1755e-36	1.1755e-36	1.1755e-36	2.2333e-33	0.00e+00	0.00e+00	1.8960e-01
8.51691e+18	5.3334e+03	2.373e-21	2.7826e+01	3.0245e+01	8.7572e-18	1.3261e-04	9.9987e-01	1.0534e-03	9.9895e-01	2.7438e-10	1.2303e-24	6.3222e-07	1.9146e-02	9.7571e-01	5.1409e-03	5.4466e-06	7.7588e-02	9.2241e-01	1.1755e-36	1.1755e-36	1.1755e-36	2.2404e-33	0.00e+00	0.00e+00	2.0849e-01
9.36860e+18	5.3032e+03	2.364e-21	2.7826e+01	3.0245e+01	9.0459e-18	1.3311e-04	9.9987e-01	1.0638e-03	9.9894e-01	1.0378e-10	1.2705e-24	6.4006e-07	1.9348e-02	9.7569e-01	4.9626e-03	5.5841e-06	7.8822e-02	9.2117e-01	1.1755e-36	1.1755e-36	1.1755e-36	2.2833e-33	0.00e+00	0.00e+00	2.2936e-01
1.03055e+19	5.2790e+03	2.352e-21	2.7826e+01	3.0245e+01	9.2831e-18	1.3360e-04	9.9987e-01	1.0748e-03	9.9893e-01	3.8417e-11	1.3117e-24	6.4837e-07	1.9561e-02	9.7566e-01	4.7785e-03	5.7309e-06	8.0133e-02	9.1986e-01	1.1755e-36	1.1755e-36	1.1755e-36	2.3230e-33	0.00e+00	0.00e+00	2.5239e-01
1.13360e+19	5.2550e+03	2.339e-21	2.7826e+01	3.0244e+01	9.1003e-18	1.3419e-04	9.9987e-01	1.0875e-03	9.9891e-01	1.3920e-11	1.3040e-24	6.5776e-07	1.9801e-02	9.7561e-01	4.5845e-03	5.8955e-06	8.1582e-02	9.1841e-01	1.1755e-36	1.1755e-36	1.1755e-36	2.1452e-33	0.00e+00	0.00e+00	2.7784e-01
1.24696e+19	5.2337e+03	2.326e-21	2.7826e+01	3.0244e+01	9.4887e-18	1.3489e-04	9.9987e-01	1.1018e-03	9.9890e-01	4.9501e-12	1.3758e-24	6.6885e-07	2.0075e-02	9.7554e-01	4.3805e-03	6.0834e-06	8.3220e-02	9.1677e-01	1.1755e-36	1.1755e-36	1.1755e-36	2.2704e-33	0.00e+00	0.00e+00	3.0598e-01
1.37166e+19	5.2072e+03	2.314e-21	2.7826e+01	3.0244e+01	9.7803e-18	1.3583e-04	9.9986e-01	1.1192e-03	9.9888e-01	1.7369e-12	1.4374e-24	6.8204e-07	2.0398e-02	9.7544e-01	4.1634e-03	6.3037e-06	8.5103e-02	9.1489e-01	1.1755e-36	1.1755e-36	1.1755e-36	2.3192e-33	0.00e+00	0.00e+00	3.3714e-01
1.50882e+19	5.1869e+03	2.300e-21	2.7826e+01	3.0244e+01	9.8927e-18	1.3687e-04	9.9986e-01	1.1387e-03	9.9886e-01	6.1253e-13	1.4891e-24	6.9708e-07	2.0760e-02	9.7530e-01	3.9390e-03	6.5514e-06	8.7198e-02	9.1280e-01	1.1755e-36	1.1755e-36	1.1755e-36	2.3050e-33	0.00e+00	0.00e+00	3.7169e-01
1.65971e+19	5.1655e+03	2.287e-21	2.7826e+01	3.0244e+01	1.0103e-17	1.3818e-04	9.9986e-01	1.1618e-03	9.9884e-01	2.2570e-13	1.5624e-24	7.1499e-07	2.1185e-02	9.7511e-01	3.7035e-03	6.8430e-06	8.9621e-02	9.1037e-01	1.1755e-36	1.1755e-36	1.1755e-36	2.3313e-33	0.00e+00	0.00e+00	4.1006e-01
1.82568e+19	5.1476e+03	2.273e-21	2.7826e+01	3.0244e+01	1.0379e-17	1.3971e-04	9.9986e-01	1.1887e-03	9.9881e-01	9.3688e-14	1.6599e-24	7.3594e-07	2.1674e-02	9.7486e-01	3.4599e-03	7.1812e-06	9.2386e-02	9.0761e-01	1.1755e-36	1.1755e-36	1.1755e-36	2.4014e-33	0.00e+00	0.00e+00	4.5273e-01
2.00824e+19	5.1316e+03	2.259e-21	2.7826e+01	3.0244e+01	1.0614e-17	1.4156e-04	9.9986e-01	1.2206e-03	9.9878e-01	4.7626e-14	1.7715e-24	7.6084e-07	2.2249e-02	9.7454e-01	3.2079e-03	7.5813e-06	9.5597e-02	9.0440e-01	1.1755e-36	1.1755e-36	1.1755e-36	2.4608e-33	0.00e+00	0.00e+00	5.0029e-01
2.20907e+19	5.1199e+03	2.244e-21	2.7826e+01	3.0243e+01	1.0893e-17	1.4376e-04	9.9986e-01	1.2584e-03	9.9874e-01	3.0085e-14	1.9165e-24	7.9045e-07	2.2922e-02	9.7413e-01	2.9494e-03	8.0559e-06	9.9334e-02	9.0066e-01	1.1755e-36	1.1755e-36	1.1755e-36	2.5622e-33	0.00e+00	0.00e+00	5.5342e-01
2.42997e+19	5.1123e+03	2.230e-21	2.7826e+01	3.0243e+01	1.1197e-17	1.4641e-04	9.9985e-01	1.3037e-03	9.9870e-01	2.1995e-14	2.1012e-24	8.2608e-07	2.3721e-02	9.7359e-01	2.6854e-03	8.6283e-06	1.0375e-01	8.9624e-01	1.1755e-36	1.1755e-36	1.1755e-36	2.6970e-33	0.00e+00	0.00e+00	6.1293e-01
2.67297e+19	5.1078e+03	2.217e-21	2.7826e+01	3.0243e+01	1.1800e-17	1.4965e-04	9.9985e-01	1.3590e-03	9.9864e-01	1.7181e-14	2.3878e-24	8.6982e-07	2.4693e-02	9.7289e-01	2.4164e-03	9.3373e-06	1.0908e-01	8.9091e-01	1.1755e-36	1.1755e-36	1.1755e-36	3.0140e-33	0.00e+00	0.00e+00	6.7985e-01
2.94027e+19	5.1059e+03	2.204e-21	2.7826e+01	3.0242e+01	1.2127e-17	1.5362e-04	9.9985e-01	1.4271e-03	9.9857e-01	1.3674e-14	2.6970e-24	9.2413e-07	2.5876e-02	9.7198e-01	2.1449e-03	1.0222e-05	1.1555e-01	8.8444e-01	1.1755e-36	1.1755e-36	1.1755e-36	3.2080e-33	0.00e+00	0.00e+00	7.5541e-01
3.23430e+19	5.1196e+03	2.190e-21	2.7826e+01	3.0242e+01	1.2455e-17	1.5825e-04	9.9984e-01	1.5107e-03	9.9849e-01	1.0867e-14	3.1242e-24	9.9028e-07	2.7302e-02	9.7082e-01	1.8765e-03	1.1323e-05	1.2340e-01	8.7659e-01	1.1755e-36	1.1755e-36	1.1755e-36	3.5203e-33	0.00e+00	0.00e+00	8.4104e-01
3.55773e+19	5.1506e+03	2.174e-21	2.7826e+01	3.0241e+01	1.2656e-17	1.6371e-04	9.9984e-01	1.6161e-03	9.9838e-01	8.5386e-15	3.7053e-24	1.0728e-06	2.9060e-02	9.6933e-01	1.6132e-03	1.2727e-05	1.3311e-01	8.6688e-01	1.1755e-36	1.1755e-36	1.1755e-36	3.9294e-33	0.00e+00	0.00e+00	9.3847e-01
3.91350e+19	5.1904e+03	2.159e-21	2.7826e+01	3.0240e+01	1.3205e-17	1.7052e-04	9.9983e-01	1.7532e-03	9.9825e-01	6.5832e-15	4.6481e-24	1.1811e-06	3.1322e-02	9.6732e-01	1.3553e-03	1.4608e-05	1.4566e-01	8.5433e-01	1.1755e-36	1.1755e-36	1.1755e-36	4.7409e-33	0.00e+00	0.00e+00	1.0501e+00
4.30485e+19	5.2464e+03	2.145e-21	2.7826e+01	3.0239e+01	1.3876e-17	1.7896e-04	9.9982e-01	1.9362e-03	9.9806e-01	4.9562e-15	6.1414e-24	1.3239e-06	3.4283e-02	9.6461e-01	1.1071e-03	1.7197e-05	1.6221e-01	8.3777e-01	1.1755e-36	1.1755e-36	1.1755e-36	6.0420e-33	0.00e+00	0.00e+00	1.1790e+00
4.73533e+19	5.3298e+03	2.129e-21	2.7826e+01	3.0238e+01	1.4065e-17	1.8934e-04	9.9981e-01	2.1887e-03	9.9781e-01	3.6218e-15	8.3924e-24	1.5185e-06	3.8264e-02	9.6086e-01	8.7331e-04	2.0880e-05	1.8469e-01	8.1529e-01	1.1755e-36	1.1755e-36	1.1755e-36	7.6248e-33	0.00e+00	0.00e+00	1.3290e+00
5.16560e+19	5.4337e+03	2.113e-21	2.7826e+01	3.0236e+01	1.4354e-17	2.0074e-04	9.9980e-01	2.5179e-03	9.9748e-01	2.5634e-15	1.2076e-23	1.7646e-06	4.3271e-02	9.5605e-01	6.7835e-04	2.5832e-05	2.1377e-01	7.8620e-01	1.1755e-36	1.1755e-36	1.1755e-36	1.0345e-32	0.00e+00	0.00e+00	1.4734e+00
5.54596e+19	5.5507e+03	2.097e-21	2.7826e+01	3.0234e+01	1.4385e-17	2.1195e-04	9.9979e-01	2.9099e-03	9.9709e-01	1.8957e-15	1.7343e-23	2.0473e-06	4.8993e-02	9.5047e-01	5.3166e-04	3.1828e-05	2.4756e-01	7.5241e-01	1.1755e-36	1.1755e-36	1.1755e-36	1.3999e-32	0.00e+00	0.00e+00	1.6041e+00
5.88038e+19	5.6772e+03	2.081e-21	2.7826e+01	3.0232e+01	1.4137e-17	2.2285e-04	9.9978e-01	3.3768e-03	9.9662e-01	1.4523e-15	2.4649e-23	2.3698e-06	5.5488e-02	9.4409e-01	4.1968e-04	3.8925e-05	2.8578e-01	7.1418e-01	1.1755e-36	1.1755e-36	1.1755e-36	1.8596e-32	0.00e+00	0.00e+00	1.7285e+00
6.19081e+19	5.8179e+03	2.063e-21	2.7826e+01	3.0229e+01	1.3894e-17	2.3383e-04	9.9977e-01	3.9655e-03	9.9603e-01	1.1161e-15	3.5766e-23	2.7566e-06	6.3255e-02	9.3641e-01	3.2912e-04	4.7654e-05	3.3075e-01	6.6920e-01	1.1755e-36	1.1755e-36	1.1755e-36	2.5549e-32	0.00e+00	0.00e+00	1.8530e+00
6.48613e+19	5.9780e+03	2.042e-21	2.7826e+01	3.0226e+01	1.4156e-17	2.4492e-04	9.9976e-01	4.7455e-03	9.9525e-01	8.4700e-16	5.4996e-23	3.2365e-06	7.2891e-02	9.2685e-01	2.5456e-04	5.8617e-05	3.8497e-01	6.1497e-01	1.1755e-36	1.1755e-36	1.1755e-36	3.9324e-32	0.00e+00	0.00e+00	1.9767e+00
6.76097e+19	6.1558e+03	2.019e-21	2.7826e+01	3.0222e+01	1.4052e-17	2.5568e-04	9.9974e-01	5.8064e-03	9.9419e-01	6.3849e-16	8.4653e-23	3.8320e-06	8.4883e-02	9.1492e-01	1.9459e-04	7.2043e-05	4.4890e-01	5.5103e-01	1.1755e-36	1.1755e-36	1.1755e-36	5.9149e-32	0.00e+00	0.00e+00	2.0945e+00
7.00814e+19	6.3435e+03	1.995e-21	2.7826e+01	3.0217e+01	1.3949e-17	2.6565e-04	9.9973e-01	7.2721e-03	9.9273e-01	4.8318e-16	1.3100e-22	4.5597e-06	9.9593e-02	9.0025e-01	1.4770e-04	8.7659e-05	5.2051e-01	4.7941e-01	1.1755e-36	1.1755e-36	1.1755e-36	8.9724e-32	0.00e+00	0.00e+00	2.2028e+00
7.19316e+19	6.5159e+03	1.972e-21	2.7826e+01	3.0212e+01	1.3284e-17	2.7254e-04	9.9973e-01	8.9888e-03	9.9101e-01	3.6919e-16	1.8384e-22	5.2929e-06	1.1460e-01	8.8528e-01	1.1751e-04	1.0246e-04	5.8808e-01	4.1182e-01	1.1755e-36	1.1755e-36	1.1755e-36	1.1892e-31	0.00e+00	0.00e+00	2.2688e+00
7.30595e+19	6.6284e+03	1.957e-21	2.7826e+01	3.0207e+01	1.2648e-17	2.7681e-04	9.9972e-01	1.0514e-02	9.8949e-01	3.2367e-16	2.2615e-22	5.8649e-06	1.2635e-01	8.7355e-01	1.0023e-04	1.1292e-04	6.3465e-01	3.6524e-01	1.1755e-36	1.1755e-36	1.1755e-36	1.3682e-31	0.00e+00	0.00e+00	2.3114e+00
7.38851e+19	6.7016e+03	1.949e-21	2.7826e+01	3.0203e+01	1.2493e-17	2.8051e-04	9.9972e-01	1.2009e-02	9.8799e-01	2.9396e-16	2.6825e-22	6.3681e-06	1.3660e-01	8.6330e-01	8.7836e-05	1.2126e-04	6.6991e-01	3.2997e-01	1.1755e-36	1.1755e-36	1.1755e-36	1.5591e-31	0.00e+00	0.00e+00	2.3496e+00
7.47762e+19	6.7789e+03	1.939e-21	2.7826e+01	3.0197e+01	1.2516e-17	2.8490e-04	9.9972e-01	1.4116e-02	9.8588e-01	2.6149e-16	3.2720e-22	6.9994e-06	1.4941e-01	8.5051e-01	7.4781e-05	1.3073e-04	7.0792e-01	2.9195e-01	1.1755e-36	1.1755e-36	1.1755e-36	1.8365e-31	0.00e+00	0.00e+00	2.4000e+00
7.57104e+19	6.8790e+03	1.927e-21	2.7826e+01	3.0189e+01	1.2291e-17	2.8883e-04	9.9971e-01	1.7234e-02	9.8277e-01	2.1593e-16	4.0332e-22	7.7727e-06	1.6525e-01	8.3468e-01	6.2682e-05	1.4138e-04	7.5139e-01	2.4846e-01	1.1755e-36	1.1755e-36	1.1755e-36	2.1576e-31	0.00e+00	0.00e+00	2.4437e+00
7.64334e+19	6.9540e+03	1.920e-21	2.7826e+01	3.0183e+01	1.1934e-17	2.9202e-04	9.9971e-01	2.0898e-02	9.7910e-01	1.8583e-16	4.7169e-22	8.5155e-06	1.8028e-01	8.1966e-01	5.3771e-05	1.5045e-04	7.8799e-01	2.1186e-01	1.1755e-36	1.1755e-36	1.1755e-36	2.3544e-31	0.00e+00	0.00e+00	2.4737e+00
7.69320e+19	6.9979e+03	1.916e-21	2.7826e+01	3.0172e+01	1.1895e-17	2.9447e-04	9.9971e-01	2.4477e-02	9.7552e-01	1.6838e-16	5.3411e-22	9.1177e-06	1.9270e-01	8.0724e-01	4.7664e-05	1.5719e-04	8.1431e-01	1.8554e-01	1.1755e-36	1.1755e-36	1.1755e-36	2.5538e-31	0.00e+00	0.00e+00	2.4950e+00
7.73190e+19	7.0300e+03	1.913e-21	2.7826e+01	3.0161e+01	1.1845e-17	2.9647e-04	9.9970e-01	2.8131e-02	9.7187e-01	1.5541e-16	5.8737e-22	9.6293e-06	2.0332e-01	7.9663e-01	4.2934e-05	1.6254e-04	8.3469e-01	1.6515e-01	1.1755e-36	1.1755e-36	1.1755e-36	2.6992e-31	0.00e+00	0.00e+00	2.5139e+00
7.77346e+19	7.0624e+03	1.910e-21	2.7826e+01	3.0150e+01	1.1883e-17	2.9889e-04	9.9970e-01	3.3389e-02	9.6661e-01	1.4219e-16	6.5488e-22	1.0253e-05	2.1586e-01	7.8409e-01	3.7785e-05	1.6840e-04	8.5597e-01	1.4386e-01	1.1755e-36	1.1755e-36	1.1755e-36	2.8940e-31	0.00e+00	0.00e+00	2.5385e+00
7.81580e+19	7.0905e+03	1.909e-21	2.7826e+01	3.0133e+01	1.1978e-17	3.0135e-04	9.9970e-01	4.1099e-02	9.5890e-01	1.2222e-16	7.3497e-22	1.0948e-05	2.3009e-01	7.6987e-01	3.2862e-05	1.7475e-04	8.7931e-01	1.2052e-01	1.1755e-36	1.1755e-36	1.1755e-36	3.1154e-31	0.00e+00	0.00e+00	2.5585e+00
7.84689e+19	7.1179e+03	1.907e-21	2.7826e+01	3.0117e+01	1.1952e-17	3.0289e-04	9.9970e-01	4.9577e-02	9.5042e-01	1.0930e-16	7.9996e-22	1.1518e-05	2.4178e-01	7.5818e-01	2.9273e-05	1.7955e-04	8.9751e-01	1.0231e-01	1.1755e-36	1.1755e-36	1.1755e-36	3.2708e-31	0.00e+00	0.00e+00	2.5715e+00
7.86804e+19	7.1253e+03	1.907e-21	2.7826e+01	3.0090e+01	1.1903e-17	3.0414e-04	9.9970e-01	5.7502e-02	9.4250e-01	1.0099e-16	8.4134e-22	1.1931e-05	2.5052e-01	7.4944e-01	2.6736e-05	1.8300e-04	9.1018e-01	8.9637e-02	1.1755e-36	1.1755e-36	1.1755e-36	3.3004e-31	0.00e+00	0.00e+00	2.5810e+00
7.88529e+19	7.1397e+03	1.905e-21	2.7826e+01	3.0074e+01	1.1839e-17	3.0501e-04	9.9969e-01	6.5989e-02	9.3401e-01	9.4514e-17	8.7941e-22	1.2290e-05	2.5785e-01	7.4211e-01	2.4632e-05	1.8575e-04	9.2041e-01	7.9402e-02	1.1755e-36	1.1755e-36	1.1755e-36	3.3557e-31	0.00e+00	0.00e+00	2.5900e+00
7.90451e+19	7.1465e+03	1.905e-21	2.7826e+01	3.0051e+01	1.1901e-17	3.0626e-04	9.9969e-01	7.8456e-02	9.2154e-01	8.6839e-17	9.2816e-22	1.2707e-05	2.6641e-01	7.3355e-01	2.2181e-05	1.8894e-04	9.3163e-01	6.8180e-02	1.1755e-36	1.1755e-36	1.1755e-36	3.4456e-31	0.00e+00	0.00e+00	2.6017e+00
7.92400e+19	7.1591e+03	1.902e-21	2.7826e+01	3.0015e+01	1.1915e-17	3.0715e-04	9.9969e-01	9.6351e-02	9.0365e-01	7.5592e-17	9.7966e-22	1.3129e-05	2.7526e-01	7.2471e-01	1.9783e-05	1.9213e-04	9.4373e-01	5.6081e-02	1.1755e-36	1.1755e-36	1.1755e-36	3.5424e-31	0.00e+00	0.00e+00	2.6110e+00
7.93829e+19	7.1612e+03	1.900e-21	2.7826e+01	2.9972e+01	1.1994e-17	3.0784e-04	9.9969e-01	1.1566e-01	8.8434e-01	6.7527e-17	1.0208e-21	1.3448e-05	2.8214e-01	7.1783e-01	1.7934e-05	1.9457e-04	9.5310e-01	4.6704e-02	1.1755e-36	1.1755e-36	1.1755e-36	3.6169e-31	0.00e+00	0.00e+00	2.6171e+00
7.94821e+19	7.1605e+03	1.898e-21	2.7826e+01	2.9926e+01	1.2054e-17	3.0822e-04	9.9969e-01	1.3381e-01	8.6619e-01	6.2043e-17	1.0489e-21	1.3664e-05	2.8695e-01	7.1302e-01	1.6586e-05	1.9620e-04	9.5965e-01	4.0158e-02	1.1755e-36	1.1755e-36	1.1755e-36	3.6589e-31	0.00e+00	0.00e+00	2.6217e+00
7.95651e+19	7.1636e+03	1.894e-21	2.7826e+01	2.9878e+01	1.2056e-17	3.0833e-04	9.9969e-01	1.5311e-01	8.4689e-01	5.7149e-17	1.0705e-21	1.3835e-05	2.9085e-01	7.0912e-01	1.5413e-05	1.9744e-04	9.6501e-01	3.4794e-02	1.1755e-36	1.1755e-36	1.1755e-36	3.6832e-31	0.00e+00	0.00e+00	2.6261e+00
7.96584e+19	7.1585e+03	1.889e-21	2.7826e+01	2.9821e+01	1.2144e-17	3.0872e-04	9.9969e-01	1.8115e-01	8.1885e-01	5.1346e-17	1.0965e-21	1.4031e-05	2.9528e-01	7.0469e-01	1.4006e-05	1.9892e-04	9.7084e-01	2.8964e-02	1.1755e-36	1.1755e-36	1.1755e-36	3.7142e-31	0.00e+00	0.00e+00	2.6318e+00
7.97544e+19	7.1525e+03	1.882e-21	2.7826e+01	2.9742e+01	1.2221e-17	3.0889e-04	9.9969e-01	2.2051e-01	7.7949e-01	4.3322e-17	1.1208e-21	1.4211e-05	2.9960e-01	7.0037e-01	1.2565e-05	2.0031e-04	9.7692e-01	2.2882e-02	1.1755e-36	1.1755e-36	1.1755e-36	3.7316e-31	0.00e+00	0.00e+00	2.6365e+00
7.98275e+19	7.1455e+03	1.873e-21	2.7826e+01	2.9647e+01	1.2270e-17	3.0871e-04	9.9969e-01	2.6216e-01	7.3784e-01	3.7075e-17	1.1350e-21	1.4318e-05	3.0265e-01	6.9732e-01	1.1408e-05	2.0114e-04	9.8152e-01	1.8281e-02	1.1755e-36	1.1755e-36	1.1755e-36	3.7198e-31	0.00e+00	0.00e+00	2.6398e+00
7.98810e+19	7.1408e+03	1.862e-21	2.7826e+01	2.9547e+01	1.2266e-17	3.0824e-04	9.9969e-01	3.0133e-01	6.9867e-01	3.2477e-17	1.1403e-21	1.4367e-05	3.0458e-01	6.9539e-01	1.0516e-05	2.0149e-04	9.8471e-01	1.5089e-02	1.1755e-36	1.1755e-36	1.1755e-36	3.6849e-31	0.00e+00	0.00e+00	2.6423e+00
7.99355e+19	7.1287e+03	1.850e-21	2.7826e+01	2.9438e+01	1.2335e-17	3.0793e-04	9.9969e-01	3.5040e-01	6.4960e-01	2.7918e-17	1.1463e-21	1.4412e-05	3.0647e-01	6.9351e-01	9.5332e-06	2.0186e-04	9.8764e-01	1.2159e-02	1.1755e-36	1.1755e-36	1.1755e-36	3.6509e-31	0.00e+00	0.00e+00	2.6457e+00
7.99946e+19	7.1099e+03	1.834e-21	2.7826e+01	2.9300e+01	1.2449e-17	3.0758e-04	9.9969e-01	4.1655e-01	5.8345e-01	2.1734e-17	1.1505e-21	1.4445e-05	3.0827e-01	6.9171e-01	8.4681e-06	2.0217e-04	9.9057e-01	9.2255e-03	1.1755e-36	1.1755e-36	1.1755e-36	3.6010e-31	0.00e+00	0.00e+00	2.6487e+00
8.00456e+19	7.0946e+03	1.814e-21	2.7826e+01	2.9139e+01	1.2481e-17	3.0676e-04	9.9969e-01	4.8711e-01	5.1289e-01	1.6691e-17	1.1460e-21	1.4425e-05	3.0929e-01	6.9068e-01	7.5316e-06	2.0204e-04	9.9283e-01	6.9692e-03	1.1755e-36	1.1755e-36	1.1755e-36	3.5202e-31	0.00e+00	0.00e+00	2.6512e+00
8.00881e+19	7.0763e+03	1.794e-21	2.7826e+01	2.8971e+01	1.2523e-17	3.0591e-04	9.9969e-01	5.5524e-01	4.4476e-01	1.2854e-17	1.1371e-21	1.4378e-05	3.0983e-01	6.9015e-01	6.7276e-06	2.0173e-04	9.9443e-01	5.3649e-03	1.1755e-36	1.1755e-36	1.1755e-36	3.4265e-31	0.00e+00	0.00e+00	2.6533e+00
8.01340e+19	7.0520e+03	1.771e-21	2.7826e+01	2.8790e+01	1.2615e-17	3.0517e-04	9.9969e-01	6.3462e-01	3.6538e-01	9.3166e-18	1.1278e-21	1.4324e-05	3.1028e-01	6.8970e-01	5.8357e-06	2.0142e-04	9.9582e-01	3.9759e-03	1.1755e-36	1.1755e-36	1.1755e-36	3.3288e-31	0.00e+00	0.00e+00	2.6561e+00
8.01937e+19	7.0214e+03	1.738e-21	2.7826e+01	2.8524e+01	1.2654e-17	3.0387e-04	9.9970e-01	7.3716e-01	2.6284e-01	5.4464e-18	1.1063e-21	1.4209e-05	3.1024e-01	6.8974e-01	4.7441e-06	2.0069e-04	9.9718e-01	2.6219e-03	1.1755e-36	1.1755e-36	1.1755e-36	3.1619e-31	0.00e+00	0.00e+00	2.6597e+00
8.02587e+19	6.9876e+03	1.705e-21	2.7826e+01	2.8280e+01	1.2601e-17	3.0297e-04	9.9970e-01	8.3687e-01	1.6313e-01	2.5319e-18	1.0771e-21	1.4106e-05	3.1014e-01	6.8984e-01	3.6774e-06	2.0015e-04	9.9821e-01	1.5881e-03	1.1755e-36	1.1755e-36	1.1755e-36	2.9439e-31	0.00e+00	0.00e+00	2.6630e+00
8.03308e+19	6.9599e+03	1.681e-21	2.7826e+01	2.8102e+01	1.2579e-17	3.0274e-04	9.9970e-01	9.1346e-01	8.6536e-02	1.0385e-18	1.0568e-21	1.4043e-05	3.1017e-01	6.8981e-01	2.6596e-06	2.0000e-04	9.9889e-01	9.1061e-04	1.1755e-36	1.1755e-36	1.1755e-36	2.7868e-31	0.00e+00	0.00e+00	2.6674e+00
8.04244e+19	6.9397e+03	1.662e-21	2.7826e+01	2.7945e+01	1.2335e-17	3.0274e-04	9.9970e-01	9.6505e-01	3.4951e-02	2.8092e-19	1.0260e-21	1.3983e-05	3.1011e-01	6.8987e-01	1.7038e-06	2.0001e-04	9.9936e-01	4.4359e-04	1.1755e-36	1.1755e-36	1.1755e-36	2.5737e-31	0.00e+00	0.00e+00	2.6730e+00
8.05461e+19	6.9312e+03	1.653e-21	2.7826e+01	2.7871e+01	1.2051e-17	3.0359e-04	9.9970e-01	9.8941e-01	1.0588e-02	5.0448e-20	1.0035e-21	1.3983e-05	3.1044e-01	6.8955e-01	9.3787e-07	2.0060e-04	9.9962e-01	1.7702e-04	1.1755e-36	1.1755e-36	1.1755e-36	2.4080e-31	0.00e+00	0.00e+00	2.6803e+00
8.07044e+19	6.9310e+03	1.651e-21	2.7826e+01	2.7847e+01	1.1806e-17	3.0508e-04	9.9969e-01	9.9742e-01	2.5755e-03	6.2420e-21	9.9086e-22	1.4025e-05	3.1109e-01	6.8890e-01	4.3170e-07	2.0164e-04	9.9974e-01	5.5924e-05	1.1755e-36	1.1755e-36	1.1755e-36	2.2958e-31	0.00e+00	0.00e+00	2.6899e+00
8.09101e+19	6.9349e+03	1.653e-21	2.7826e+01	2.7845e+01	1.1611e-17	3.0713e-04	9.9969e-01	9.9933e-01	6.7354e-04	6.8560e-22	9.8560e-22	1.4094e-05	3.1203e-01	6.8795e-01	1.5953e-07	2.0308e-04	9.9978e-01	1.3500e-05	1.1755e-36	1.1755e-36	1.1755e-36	2.2185e-31	0.00e+00	0.00e+00	2.7025e+00
8.11776e+19	6.9434e+03	1.655e-21	2.7826e+01	2.7845e+01	1.1431e-17	3.0963e-04	9.9969e-01	9.9968e-01	3.2358e-04	1.0816e-22	9.8508e-22	1.4181e-05	3.1321e-01	6.8678e-01	1.1755e-36	2.0485e-04	9.9979e-01	2.4134e-06	1.1755e-36	1.1755e-36	1.1755e-36	2.1604e-31	0.00e+00	0.00e+00	2.7189e+00
8.15253e+19	6.9494e+03	1.659e-21	2.7826e+01	2.7850e+01	1.1305e-17	3.1310e-04	9.9969e-01	9.9975e-01	2.5353e-04	2.0210e-23	9.8959e-22	1.4304e-05	3.1489e-01	6.8509e-01	1.1755e-36	2.0730e-04	9.9979e-01	3.1165e-07	1.1755e-36	1.1755e-36	1.1755e-36	2.1094e-31	0.00e+00	0.00e+00	2.7405e+00
8.19773e+19	6.9594e+03	1.664e-21	2.7826e+01	2.7854e+01	1.1089e-17	3.1749e-04	9.9968e-01	9.9977e-01	2.2534e-04	2.8412e-24	9.9267e-22	1.4458e-05	3.1704e-01	6.8295e-01	1.1755e-36	2.1042e-04	9.9979e-01	2.7898e-08	1.1755e-36	1.1755e-36	1.1755e-36	2.0319e-31	0.00e+00	0.00e+00	2.7690e+00
8.25649e+19	6.9736e+03	1.670e-21	2.7826e+01	2.7854e+01	1.0824e-17	3.2319e-04	9.9968e-01	9.9980e-01	2.0438e-04	2.4233e-25	9.9808e-22	1.4655e-05	3.1982e-01	6.8017e-01	1.1755e-36	2.1452e-04	9.9979e-01	1.5924e-09	1.1755e-36	1.1755e-36	1.1755e-36	1.9420e-31	0.00e+00	0.00e+00	2.8067e+00
8.33288e+19	6.9899e+03	1.677e-21	2.7826e+01	2.7855e+01	1.0598e-17	3.3087e-04	9.9967e-01	9.9981e-01	1.8634e-04	1.1755e-36	1.0131e-21	1.4919e-05	3.2355e-01	6.7643e-01	1.1755e-36	2.2005e-04	9.9978e-01	5.0610e-11	1.1755e-36	1.1755e-36	1.1755e-36	1.8633e-31	0.00e+00	0.00e+00	2.8569e+00
8.43218e+19	7.0132e+03	1.687e-21	2.7826e+01	2.7855e+01	1.0398e-17	3.4119e-04	9.9966e-01	9.9983e-01	1.7052e-04	1.1755e-36	1.0416e-21	1.5266e-05	3.2849e-01	6.7149e-01	1.1755e-36	2.2756e-04	9.9977e-01	7.3275e-13	1.1755e-36	1.1755e-36	1.1755e-36	1.8012e-31	0.00e+00	0.00e+00	2.9242e+00
8.56128e+19	7.0417e+03	1.700e-21	2.7826e+01	2.7854e+01	1.0249e-17	3.5549e-04	9.9964e-01	9.9984e-01	1.5632e-04	1.1755e-36	1.0897e-21	1.5737e-05	3.3518e-01	6.6480e-01	1.1755e-36	2.3806e-04	9.9976e-01	3.7427e-15	1.1755e-36	1.1755e-36	1.1755e-36	1.7530e-31	0.00e+00	0.00e+00	3.0154e+00
8.72911e+19	7.0767e+03	1.719e-21	2.7826e+01	2.7853e+01	9.9133e-18	3.7597e-04	9.9962e-01	9.9985e-01	1.4608e-04	1.1755e-36	1.1478e-21	1.6382e-05	3.4437e-01	6.5561e-01	1.1755e-36	2.5323e-04	9.9975e-01	4.7877e-18	1.1755e-36	1.1755e-36	1.1755e-36	1.6352e-31	0.00e+00	0.00e+00	3.1407e+00
8.94728e+19	7.1283e+03	1.744e-21	2.7826e+01	2.7852e+01	1.0073e-17	4.0554e-04	9.9959e-01	9.9987e-01	1.3387e-04	1.1755e-36	1.2920e-21	1.7274e-05	3.5700e-01	6.4299e-01	1.1755e-36	2.7556e-04	9.9972e-01	1.0589e-21	1.1755e-36	1.1755e-36	1.1755e-36	1.6946e-31	0.00e+00	0.00e+00	3.3164e+00
9.23090e+19	7.2005e+03	1.778e-21	2.7826e+01	2.7850e+01	1.0445e-17	4.5057e-04	9.9955e-01	9.9988e-01	1.2275e-04	1.1755e-36	1.5431e-21	1.8540e-05	3.7480e-01	6.2518e-01	1.1755e-36	3.1039e-04	9.9969e-01	9.4183e-23	1.1755e-36	1.1755e-36	1.1755e-36	1.8339e-31	0.00e+00	0.00e+00	3.5702e+00
9.59962e+19	7.2990e+03	1.829e-21	2.7826e+01	2.7848e+01	1.1950e-17	5.2397e-04	9.9948e-01	9.9989e-01	1.0829e-04	1.1755e-36	2.1019e-21	2.0400e-05	4.0075e-01	5.9923e-01	1.1755e-36	3.6907e-04	9.9963e-01	1.9621e-22	1.1755e-36	1.1755e-36	1.1755e-36	2.4042e-31	0.00e+00	0.00e+00	3.9538e+00
9.99992e+19	7.4232e+03	1.895e-21	2.7826e+01	2.7845e+01	1.4915e-17	6.3376e-04	9.9937e-01	9.9991e-01	9.1286e-05	1.1755e-36	3.1932e-21	2.2714e-05	4.3260e-01	5.6738e-01	1.1755e-36	4.6065e-04	9.9954e-01	4.9323e-22	1.1755e-36	1.1755e-36	1.1755e-36	3.7396e-31	0.00e+00	0.00e+00	4.3812e+00
1.03631e+20	7.5499e+03	1.967e-21	2.7826e+01	2.7841e+01	2.0604e-17	7.7885e-04	9.9922e-01	9.9993e-01	7.4077e-05	1.1755e-36	5.2589e-21	2.5232e-05	4.6708e-01	5.3289e-01	1.1755e-36	5.8788e-04	9.9941e-01	1.2247e-21	1.1755e-36	1.1755e-36	1.1755e-36	7.0070e-31	0.00e+00	0.00e+00	4.8499e+00
1.06650e+20	7.6691e+03	2.039e-21	2.7826e+01	2.7835e+01	3.0648e-17	9.5728e-04	9.9904e-01	9.9994e-01	5.6713e-05	1.1755e-36	8.9990e-21	2.7709e-05	5.0084e-01	4.9913e-01	1.1755e-36	7.5228e-04	9.9925e-01	2.8002e-21	1.1755e-36	1.1755e-36	1.1755e-36	1.4972e-30	0.00e+00	0.00e+00	5.2892e+00
1.08886e+20	7.7647e+03	2.101e-21	2.7826e+01	2.7830e+01	4.5655e-17	1.1489e-03	9.9885e-01	9.9996e-01	4.3603e-05	1.1755e-36	1.4828e-20	2.9862e-05	5.3013e-01	4.6984e-01	1.1755e-36	9.3667e-04	9.9906e-01	5.3230e-21	1.1755e-36	1.1755e-36	1.1755e-36	3.1712e-30	0.00e+00	0.00e+00	5.6645e+00
1.10530e+20	7.8370e+03	2.153e-21	2.7826e+01	2.7826e+01	6.5354e-17	1.3410e-03	9.9866e-01	9.9997e-01	3.4525e-05	1.1755e-36	2.2880e-20	3.1633e-05	5.5481e-01	4.4516e-01	1.1755e-36	1.1282e-03	9.9887e-01	8.5536e-21	1.1755e-36	1.1755e-36	1.1755e-36	6.1735e-30	0.00e+00	0.00e+00	6.0012e+00
1.11873e+20	7.9026e+03	2.199e-21	2.7826e+01	2.7819e+01	1.0111e-16	1.5454e-03	9.9845e-01	9.9998e-01	2.4481e-05	1.1755e-36	3.6666e-20	3.3286e-05	5.7731e-01	4.2266e-01	1.1755e-36	1.3380e-03	9.9866e-01	1.3093e-20	1.1755e-36	1.1755e-36	1.1755e-36	1.4000e-29	0.00e+00	0.00e+00	6.3423e+00
1.13082e+20	7.9604e+03	2.243e-21	2.7826e+01	2.7812e+01	1.6146e-16	1.7834e-03	9.9822e-01	9.9998e-01	1.6438e-05	1.1755e-36	6.0403e-20	3.4894e-05	5.9980e-01	4.0016e-01	1.1755e-36	1.5884e-03	9.9841e-01	1.8900e-20	1.1755e-36	1.1755e-36	1.1755e-36	3.3504e-29	0.00e+00	0.00e+00	6.7067e+00
1.14179e+20	8.0124e+03	2.288e-21	2.7826e+01	2.7804e+01	2.4314e-16	2.0656e-03	9.9793e-01	9.9999e-01	1.1825e-05	1.1755e-36	9.5799e-20	3.6504e-05	6.2232e-01	3.7764e-01	1.1755e-36	1.8922e-03	9.9811e-01	2.6038e-20	1.1755e-36	1.1755e-36	1.1755e-36	7.0895e-29	0.00e+00	0.00e+00	7.0802e+00
1.15122e+20	8.0585e+03	2.331e-21	2.7826e+01	2.7796e+01	3.6459e-16	2.3847e-03	9.9762e-01	9.9999e-01	8.4413e-06	1.1755e-36	1.5082e-19	3.8018e-05	6.4369e-01	3.5627e-01	1.1755e-36	2.2429e-03	9.9776e-01	3.4576e-20	1.1755e-36	1.1755e-36	1.1755e-36	1.4818e-28	0.00e+00	0.00e+00	7.4398e+00
1.15908e+20	8.0971e+03	2.369e-21	2.7826e+01	2.7785e+01	5.3265e-16	2.7294e-03	9.9727e-01	9.9999e-01	6.0884e-06	1.1755e-36	2.3042e-19	3.9391e-05	6.6325e-01	3.3671e-01	1.1755e-36	2.6285e-03	9.9737e-01	4.4311e-20	1.1755e-36	1.1755e-36	1.1755e-36	2.9365e-28	0.00e+00	0.00e+00	7.7814e+00
1.16573e+20	8.1281e+03	2.405e-21	2.7826e+01	2.7774e+01	7.3627e-16	3.1023e-03	9.9690e-01	1.0000e+00	4.7242e-06	1.1755e-36	3.3358e-19	4.0659e-05	6.8137e-01	3.1859e-01	1.1755e-36	3.0519e-03	9.9695e-01	5.4832e-20	1.1755e-36	1.1755e-36	1.1755e-36	5.1961e-28	0.00e+00	0.00e+00	8.1180e+00
1.17160e+20	8.1535e+03	2.439e-21	2.7826e+01	2.7764e+01	9.9346e-16	3.5194e-03	9.9648e-01	1.0000e+00	3.8069e-06	1.1755e-36	4.7091e-19	4.1872e-05	6.9877e-01	3.0119e-01	1.1755e-36	3.5313e-03	9.9647e-01	6.4869e-20	1.1755e-36	1.1755e-36	1.1755e-36	8.7172e-28	0.00e+00	0.00e+00	8.4621e+00
1.17689e+20	8.1748e+03	2.473e-21	2.7826e+01	2.7751e+01	1.3410e-15	3.9953e-03	9.9600e-01	1.0000e+00	3.0606e-06	1.1755e-36	6.6299e-19	4.3044e-05	7.1574e-01	2.8422e-01	1.1755e-36	4.0844e-03	9.9592e-01	7.3445e-20	1.1755e-36	1.1755e-36	1.1755e-36	1.4548e-27	0.00e+00	0.00e+00	8.8147e+00
1.18163e+20	8.1879e+03	2.506e-21	2.7826e+01	2.7739e+01	1.7855e-15	4.5375e-03	9.9546e-01	1.0000e+00	2.5488e-06	1.1755e-36	9.1755e-19	4.4169e-05	7.3219e-01	2.6776e-01	1.1755e-36	4.7204e-03	9.9528e-01	7.8924e-20	1.1755e-36	1.1755e-36	1.1755e-36	2.3374e-27	0.00e+00	0.00e+00	9.1691e+00
1.18580e+20	8.2017e+03	2.537e-21	2.7826e+01	2.7723e+01	2.3720e-15	5.1417e-03	9.9486e-01	1.0000e+00	2.1027e-06	1.1755e-36	1.2637e-18	4.5235e-05	7.4777e-01	2.5219e-01	1.1755e-36	5.4354e-03	9.9456e-01	8.5194e-20	1.1755e-36	1.1755e-36	1.1755e-36	3.7457e-27	0.00e+00	0.00e+00	9.5211e+00
1.18947e+20	8.2087e+03	2.567e-21	2.7826e+01	2.7705e+01	3.1340e-15	5.8148e-03	9.9419e-01	1.0000e+00	1.7540e-06	1.1755e-36	1.7219e-18	4.6243e-05	7.6255e-01	2.3741e-01	1.1755e-36	6.2375e-03	9.9376e-01	8.8753e-20	1.1755e-36	1.1755e-36	1.1755e-36	5.8975e-27	0.00e+00	0.00e+00	9.8731e+00
1.19274e+20	8.2115e+03	2.596e-21	2.7826e+01	2.7685e+01	4.1202e-15	6.5714e-03	9.9343e-01	1.0000e+00	1.4780e-06	1.1755e-36	2.3265e-18	4.7205e-05	7.7670e-01	2.2325e-01	1.1755e-36	7.1444e-03	9.9286e-01	8.9866e-20	1.1755e-36	1.1755e-36	1.1755e-36	9.1477e-27	0.00e+00	0.00e+00	1.0231e+01
1.19570e+20	8.2097e+03	2.625e-21	2.7826e+01	2.7662e+01	5.4181e-15	7.4332e-03	9.9257e-01	1.0000e+00	1.2538e-06	1.1755e-36	3.1331e-18	4.8132e-05	7.9041e-01	2.0954e-01	1.1755e-36	8.1829e-03	9.9182e-01	8.8174e-20	1.1755e-36	1.1755e-36	1.1755e-36	1.4097e-26	0.00e+00	0.00e+00	1.0598e+01
1.19837e+20	8.2047e+03	2.653e-21	2.7826e+01	2.7635e+01	7.1317e-15	8.4200e-03	9.9158e-01	1.0000e+00	1.0688e-06	1.1755e-36	4.2118e-18	4.9023e-05	8.0368e-01	1.9627e-01	1.1755e-36	9.3772e-03	9.9062e-01	8.4833e-20	1.1755e-36	1.1755e-36	1.1755e-36	2.1641e-26	0.00e+00	0.00e+00	1.0974e+01
1.20079e+20	8.1925e+03	2.682e-21	2.7826e+01	2.7605e+01	9.4300e-15	9.5544e-03	9.9045e-01	1.0000e+00	9.1487e-07	1.1755e-36	5.6599e-18	4.9887e-05	8.1654e-01	1.8341e-01	1.1755e-36	1.0755e-02	9.8924e-01	7.8975e-20	1.1755e-36	1.1755e-36	1.1755e-36	3.3172e-26	0.00e+00	0.00e+00	1.1359e+01
1.20298e+20	8.1768e+03	2.710e-21	2.7826e+01	2.7571e+01	1.2503e-14	1.0860e-02	9.8914e-01	1.0000e+00	7.8629e-07	1.1755e-36	7.6035e-18	5.0714e-05	8.2896e-01	1.7099e-01	1.1755e-36	1.2346e-02	9.8765e-01	7.2598e-20	1.1755e-36	1.1755e-36	1.1755e-36	5.0795e-26	0.00e+00	0.00e+00	1.1755e+01
1.20496e+20	8.1555e+03	2.737e-21	2.7826e+01	2.7531e+01	1.6694e-14	1.2380e-02	9.8762e-01	1.0000e+00	6.7689e-07	1.1755e-36	1.0243e-17	5.1513e-05	8.4104e-01	1.5891e-01	1.1755e-36	1.4202e-02	9.8580e-01	6.5365e-20	1.1755e-36	1.1755e-36	1.1755e-36	7.8070e-26	0.00e+00	0.00e+00	1.2168e+01
1.20678e+20	8.1281e+03	2.765e-21	2.7826e+01	2.7484e+01	2.2523e-14	1.4175e-02	9.8583e-01	1.0000e+00	5.8259e-07	1.1755e-36	1.3887e-17	5.2289e-05	8.5287e-01	1.4708e-01	1.1755e-36	1.6400e-02	9.8360e-01	5.7707e-20	1.1755e-36	1.1755e-36	1.1755e-36	1.2104e-25	0.00e+00	0.00e+00	1.2603e+01
1.20847e+20	8.0935e+03	2.794e-21	2.7826e+01	2.7428e+01	3.0856e-14	1.6332e-02	9.8367e-01	1.0000e+00	5.0020e-07	1.1755e-36	1.9026e-17	5.3050e-05	8.6454e-01	1.3541e-01	1.1755e-36	1.9046e-02	9.8095e-01	4.9966e-20	1.1755e-36	1.1755e-36	1.1755e-36	1.9052e-25	0.00e+00	0.00e+00	1.3067e+01
1.21003e+20	8.0554e+03	2.819e-21	2.7826e+01	2.7345e+01	4.2993e-14	1.8960e-02	9.8104e-01	1.0000e+00	4.2591e-07	1.1755e-36	2.6417e-17	5.3762e-05	8.7605e-01	1.2390e-01	1.1755e-36	2.2272e-02	9.7773e-01	4.3167e-20	1.1755e-36	1.1755e-36	1.1755e-36	3.0584e-25	0.00e+00	0.00e+00	1.3569e+01
1.21150e+20	8.0050e+03	2.845e-21	2.7826e+01	2.7238e+01	6.1603e-14	2.2265e-02	9.7774e-01	1.0000e+00	3.6080e-07	1.1755e-36	3.7431e-17	5.4435e-05	8.8761e-01	1.1234e-01	1.1755e-36	2.6334e-02	9.7367e-01	3.6500e-20	1.1755e-36	1.1755e-36	1.1755e-36	5.0494e-25	0.00e+00	0.00e+00	1.4126e+01
1.21289e+20	7.9420e+03	2.872e-21	2.7826e+01	2.7117e+01	9.1972e-14	2.6603e-02	9.7340e-01	1.0000e+00	3.0231e-07	1.1755e-36	5.4854e-17	5.5117e-05	8.9946e-01	1.0049e-01	1.1755e-36	3.1667e-02	9.6833e-01	3.0462e-20	1.1755e-36	1.1755e-36	1.1755e-36	8.7540e-25	0.00e+00	0.00e+00	1.4765e+01
1.21416e+20	7.8699e+03	2.896e-21	2.7826e+01	2.6962e+01	1.4161e-13	3.2202e-02	9.6780e-01	1.0000e+00	2.4915e-07	1.1755e-36	8.2278e-17	5.5716e-05	9.1099e-01	8.8958e-02	1.1755e-36	3.8545e-02	9.6145e-01	2.5443e-20	1.1755e-36	1.1755e-36	1.1755e-36	1.5701e-24	0.00e+00	0.00e+00	1.5429e+01
1.21522e+20	7.7948e+03	2.913e-21	2.7826e+01	2.6775e+01	2.1751e-13	3.8916e-02	9.6108e-01	1.0000e+00	2.0702e-07	1.1755e-36	1.2245e-16	5.6168e-05	9.2133e-01	7.8614e-02	1.1755e-36	4.6783e-02	9.5322e-01	2.2696e-20	1.1755e-36	1.1755e-36	1.1755e-36	2.7853e-24	0.00e+00	0.00e+00	1.6076e+01
1.21609e+20	7.7161e+03	2.929e-21	2.7826e+01	2.6623e+01	3.3148e-13	4.6815e-02	9.5319e-01	1.0000e+00	1.7443e-07	1.1755e-36	1.8014e-16	5.6597e-05	9.3055e-01	6.9394e-02	1.1755e-36	5.6450e-02	9.4355e-01	2.1210e-20	1.1755e-36	1.1755e-36	1.1755e-36	4.8690e-24	0.00e+00	0.00e+00	1.6724e+01
1.21683e+20	7.6453e+03	2.920e-21	2.7826e+01	2.6319e+01	4.9823e-13	5.6039e-02	9.4396e-01	1.0000e+00	1.4754e-07	1.1755e-36	2.6057e-16	5.6635e-05	9.3863e-01	6.1311e-02	1.1755e-36	6.7713e-02	9.3229e-01	1.9898e-20	1.1755e-36	1.1755e-36	1.1755e-36	8.2830e-24	0.00e+00	0.00e+00	1.7412e+01
1.21752e+20	7.5611e+03	2.906e-21	2.7826e+01	2.6014e+01	7.7844e-13	6.8115e-02	9.3188e-01	1.0000e+00	1.2330e-07	1.1755e-36	3.8830e-16	5.6658e-05	9.4662e-01	5.3324e-02	1.1755e-36	8.2393e-02	9.1761e-01	1.8012e-20	1.1755e-36	1.1755e-36	1.1755e-36	1.4733e-23	0.00e+00	0.00e+00	1.8217e+01
1.21816e+20	7.4739e+03	2.861e-21	2.7826e+01	2.5526e+01	1.2641e-12	8.4270e-02	9.1573e-01	1.0000e+00	1.0028e-07	1.1755e-36	5.9582e-16	5.6251e-05	9.5433e-01	4.5613e-02	1.1755e-36	1.0192e-01	8.9808e-01	1.5563e-20	1.1755e-36	1.1755e-36	1.1755e-36	2.7264e-23	0.00e+00	0.00e+00	1.9136e+01
1.21867e+20	7.3877e+03	2.811e-21	2.7826e+01	2.5064e+01	2.0042e-12	1.0306e-01	8.9694e-01	1.0000e+00	8.0614e-08	1.1755e-36	8.9122e-16	5.5782e-05	9.6074e-01	3.9201e-02	1.1755e-36	1.2445e-01	8.7555e-01	1.3337e-20	1.1755e-36	1.1755e-36	1.1755e-36	4.8720e-23	0.00e+00	0.00e+00	1.9847e+01
1.21904e+20	7.3130e+03	2.740e-21	2.7826e+01	2.4532e+01	2.9597e-12	1.2206e-01	8.7794e-01	1.0000e+00	7.0251e-08	1.1755e-36	1.2435e-15	5.5042e-05	9.6564e-01	3.4304e-02	1.1755e-36	1.4703e-01	8.5297e-01	1.1980e-20	1.1755e-36	1.1755e-36	1.1755e-36	7.8477e-23	0.00e+00	0.00e+00	2.0600e+01
1.21936e+20	7.2349e+03	2.652e-21	2.7826e+01	2.3904e+01	4.2988e-12	1.4316e-01	8.5684e-01	1.0000e+00	5.9342e-08	1.1755e-36	1.6940e-15	5.4036e-05	9.6980e-01	3.0144e-02	1.1755e-36	1.7189e-01	8.2811e-01	1.0614e-20	1.1755e-36	1.1755e-36	1.1755e-36	1.2165e-22	0.00e+00	0.00e+00	2.1318e+01
1.21963e+20	7.1540e+03	2.558e-21	2.7826e+01	2.3300e+01	6.1491e-12	1.6647e-01	8.3353e-01	1.0000e+00	5.1183e-08	1.1755e-36	2.2666e-15	5.3020e-05	9.7343e-01	2.6519e-02	1.1755e-36	1.9907e-01	8.0093e-01	9.3433e-21	1.1755e-36	1.1755e-36	1.1755e-36	1.8381e-22	0.00e+00	0.00e+00	2.2043e+01
1.21986e+20	7.0683e+03	2.438e-21	2.7826e+01	2.2516e+01	8.7135e-12	1.9225e-01	8.0775e-01	1.0000e+00	4.4146e-08	1.1755e-36	2.9713e-15	5.1579e-05	9.7658e-01	2.3367e-02	1.1755e-36	2.2878e-01	7.7122e-01	8.1598e-21	1.1755e-36	1.1755e-36	1.1755e-36	2.6761e-22	0.00e+00	0.00e+00	2.2814e+01
1.22009e+20	6.9611e+03	2.300e-21	2.7826e+01	2.1642e+01	1.2670e-11	2.2316e-01	7.7684e-01	1.0000e+00	3.7658e-08	1.1755e-36	3.9218e-15	4.9924e-05	9.7960e-01	2.0354e-02	1.1755e-36	2.6395e-01	7.3605e-01	6.9785e-21	1.1755e-36	1.1755e-36	1.1755e-36	3.9172e-22	0.00e+00	0.00e+00	2.3681e+01
1.22030e+20	6.8293e+03	2.136e-21	2.7826e+01	2.0611e+01	1.8932e-11	2.6018e-01	7.3982e-01	1.0000e+00	3.1646e-08	1.1755e-36	5.1919e-15	4.7908e-05	9.8244e-01	1.7516e-02	1.1755e-36	3.0541e-01	6.9459e-01	5.8370e-21	1.1755e-36	1.1755e-36	1.1755e-36	5.7115e-22	0.00e+00	0.00e+00	2.4624e+01
1.22049e+20	6.6810e+03	1.964e-21	2.7826e+01	1.9516e+01	2.8076e-11	3.0017e-01	6.9983e-01	1.0000e+00	2.6457e-08	1.1755e-36	6.7061e-15	4.5711e-05	9.8486e-01	1.5095e-02	1.1755e-36	3.4941e-01	6.5059e-01	4.8665e-21	1.1755e-36	1.1755e-36	1.1755e-36	7.9772e-22	0.00e+00	0.00e+00	2.5494e+01
1.22063e+20	6.5379e+03	1.809e-21	2.7826e+01	1.8496e+01	3.9149e-11	3.3617e-01	6.6383e-01	1.0000e+00	2.2908e-08	1.1755e-36	8.1654e-15	4.3618e-05	9.8664e-01	1.3316e-02	1.1755e-36	3.8836e-01	6.1164e-01	4.1775e-21	1.1755e-36	1.1755e-36	1.1755e-36	1.0188e-21	0.00e+00	0.00e+00	2.6188e+01
1.22073e+20	6.4140e+03	1.687e-21	2.7826e+01	1.7679e+01	5.0783e-11	3.6550e-01	6.3450e-01	1.0000e+00	2.0701e-08	1.1755e-36	9.4183e-15	4.1926e-05	9.8789e-01	1.2067e-02	1.1755e-36	4.1962e-01	5.8038e-01	3.7153e-21	1.1755e-36	1.1755e-36	1.1755e-36	1.2077e-21	0.00e+00	0.00e+00	2.6736e+01
1.22081e+20	6.3002e+03	1.585e-21	2.7826e+01	1.6975e+01	6.3264e-11	3.9074e-01	6.0926e-01	1.0000e+00	1.9178e-08	1.1755e-36	1.0533e-14	4.0455e-05	9.8885e-01	1.1107e-02	1.1755e-36	4.4620e-01	5.5380e-01	3.3706e-21	1.1755e-36	1.1755e-36	1.1755e-36	1.3713e-21	0.00e+00	0.00e+00	2.7243e+01
1.22088e+20	6.1816e+03	1.486e-21	2.7826e+01	1.6283e+01	7.8329e-11	4.1555e-01	5.8445e-01	1.0000e+00	1.7733e-08	1.1755e-36	1.1657e-14	3.8998e-05	9.8971e-01	1.0251e-02	1.1755e-36	4.7204e-01	5.2796e-01	3.0678e-21	1.1755e-36	1.1755e-36	1.1755e-36	1.5293e-21	0.00e+00	0.00e+00	2.7763e+01
1.22095e+20	6.0548e+03	1.389e-21	2.7826e+01	1.5582e+01	9.7066e-11	4.4064e-01	5.5936e-01	1.0000e+00	1.6288e-08	1.1755e-36	1.2818e-14	3.7513e-05	9.9050e-01	9.4606e-03	1.1755e-36	4.9788e-01	5.0212e-01	2.7916e-21	1.1755e-36	1.1755e-36	1.1755e-36	1.6829e-21	0.00e+00	0.00e+00	2.8282e+01
1.22102e+20	5.9230e+03	1.298e-21	2.7826e+01	1.4909e+01	1.1960e-10	4.6497e-01	5.3503e-01	1.0000e+00	1.4999e-08	1.1755e-36	1.3968e-14	3.6086e-05	9.9121e-01	8.7575e-03	1.1755e-36	5.2267e-01	4.7733e-01	2.5497e-21	1.1755e-36	1.1755e-36	1.1755e-36	1.8243e-21	0.00e+00	0.00e+00	2.8769e+01
1.22107e+20	5.7946e+03	1.216e-21	2.7826e+01	1.4282e+01	1.4505e-10	4.8752e-01	5.1248e-01	1.0000e+00	1.3955e-08	1.1755e-36	1.5047e-14	3.4745e-05	9.9181e-01	8.1537e-03	1.1755e-36	5.4542e-01	4.5458e-01	2.3454e-21	1.1755e-36	1.1755e-36	1.1755e-36	1.9446e-21	0.00e+00	0.00e+00	2.9222e+01
1.22112e+20	5.6676e+03	1.141e-21	2.7826e+01	1.3696e+01	1.7379e-10	5.0859e-01	4.9141e-01	1.0000e+00	1.3068e-08	1.1755e-36	1.6070e-14	3.3489e-05	9.9234e-01	7.6265e-03	1.1755e-36	5.6647e-01	4.3353e-01	2.1703e-21	1.1755e-36	1.1755e-36	1.1755e-36	2.0464e-21	0.00e+00	0.00e+00	2.9652e+01
1.22117e+20	5.5384e+03	1.072e-21	2.7826e+01	1.3136e+01	2.0672e-10	5.2871e-01	4.7129e-01	1.0000e+00	1.2277e-08	1.1755e-36	1.7057e-14	3.2288e-05	9.9281e-01	7.1535e-03	1.1755e-36	5.8639e-01	4.1361e-01	2.0157e-21	1.1755e-36	1.1755e-36	1.1755e-36	2.1325e-21	0.00e+00	0.00e+00	3.0069e+01
1.22121e+20	5.4350e+03	1.019e-21	2.7826e+01	1.2699e+01	2.3619e-10	5.4442e-01	4.5558e-01	1.0000e+00	1.1520e-08	1.1755e-36	1.7836e-14	3.1345e-05	9.9317e-01	6.8018e-03	1.1755e-36	6.0183e-01	3.9817e-01	1.9015e-21	1.1755e-36	1.1755e-36	1.1755e-36	2.1921e-21	0.00e+00	0.00e+00	3.0347e+01
1.22123e+20	5.3541e+03	9.803e-22	2.7826e+01	1.2373e+01	2.6082e-10	5.5607e-01	4.4393e-01	1.0000e+00	1.1233e-08	1.1755e-36	1.8419e-14	3.0644e-05	9.9342e-01	6.5509e-03	1.1755e-36	6.1322e-01	3.8678e-01	1.8220e-21	1.1755e-36	1.1755e-36	1.1755e-36	2.2308e-21	0.00e+00	0.00e+00	3.0579e+01
1.22126e+20	5.2699e+03	9.433e-22	2.7826e+01	1.2055e+01	2.8785e-10	5.6759e-01	4.3241e-01	1.0000e+00	1.0919e-08	1.1755e-36	1.9001e-14	2.9961e-05	9.9366e-01	6.3118e-03	1.1755e-36	6.2441e-01	3.7559e-01	1.7474e-21	1.1755e-36	1.1755e-36	1.1755e-36	2.2659e-21	0.00e+00	0.00e+00	3.0836e+01
1.22128e+20	5.1778e+03	9.033e-22	2.7826e+01	1.1710e+01	3.1953e-10	5.8025e-01	4.1975e-01	1.0000e+00	1.0488e-08	1.1755e-36	1.9650e-14	2.9218e-05	9.9391e-01	6.0563e-03	1.1755e-36	6.3666e-01	3.6334e-01	1.6676e-21	1.1755e-36	1.1755e-36	1.1755e-36	2.3019e-21	0.00e+00	0.00e+00	3.1123e+01
1.22131e+20	5.0737e+03	8.623e-22	2.7826e+01	1.1338e+01	3.5643e-10	5.9337e-01	4.0663e-01	1.0000e+00	1.0022e-08	1.1755e-36	2.0319e-14	2.8421e-05	9.9417e-01	5.8020e-03	1.1755e-36	6.4928e-01	3.5072e-01	1.5890e-21	1.1755e-36	1.1755e-36	1.1755e-36	2.3275e-21	0.00e+00	0.00e+00	3.1414e+01
1.22134e+20	4.9690e+03	8.234e-22	2.7826e+01	1.0983e+01	3.9491e-10	6.0626e-01	3.9374e-01	1.0000e+00	9.5973e-09	1.1755e-36	2.0982e-14	2.7660e-05	9.9442e-01	5.5561e-03	1.1755e-36	6.6163e-01	3.3837e-01	1.5145e-21	1.1755e-36	1.1755e-36	1.1755e-36	2.3466e-21	0.00e+00	0.00e+00	3.1696e+01
1.22137e+20	4.8630e+03	7.867e-22	2.7826e+01	1.0637e+01	4.3353e-10	6.1867e-01	3.8133e-01	1.0000e+00	9.2165e-09	1.1755e-36	2.1599e-14	2.6924e-05	9.9465e-01	5.3186e-03	1.1755e-36	6.7346e-01	3.2654e-01	1.4459e-21	1.1755e-36	1.1755e-36	1.1755e-36	2.3470e-21	0.00e+00	0.00e+00	3.1972e+01
1.22139e+20	4.7549e+03	7.516e-22	2.7826e+01	1.0300e+01	4.7276e-10	6.3084e-01	3.6916e-01	1.0000e+00	8.8589e-09	1.1755e-36	2.2202e-14	2.6209e-05	9.9488e-01	5.0918e-03	1.1755e-36	6.8499e-01	3.1501e-01	1.3812e-21	1.1755e-36	1.1755e-36	1.1755e-36	2.3380e-21	0.00e+00	0.00e+00	3.2248e+01
1.22142e+20	4.6504e+03	7.172e-22	2.7826e+01	9.9634e+00	5.0980e-10	6.4260e-01	3.5740e-01	1.0000e+00	8.5215e-09	1.1755e-36	2.2774e-14	2.5489e-05	9.9510e-01	4.8784e-03	1.1755e-36	6.9608e-01	3.0392e-01	1.3204e-21	1.1755e-36	1.1755e-36	1.1755e-36	2.3152e-21	0.00e+00	0.00e+00	3.2526e+01
1.22144e+20	4.5349e+03	6.837e-22	2.7826e+01	9.6270e+00	5.4851e-10	6.5470e-01	3.4530e-01	1.0000e+00	8.1843e-09	1.1755e-36	2.3363e-14	2.4782e-05	9.9531e-01	4.6644e-03	1.1755e-36	7.0744e-01	2.9256e-01	1.2607e-21	1.1755e-36	1.1755e-36	1.1755e-36	2.2840e-21	0.00e+00	0.00e+00	3.2811e+01
1.22146e+20	4.4176e+03	6.514e-22	2.7826e+01	9.2955e+00	5.8459e-10	6.6662e-01	3.3338e-01	1.0000e+00	7.8449e-09	1.1755e-36	2.3937e-14	2.4091e-05	9.9552e-01	4.4587e-03	1.1755e-36	7.1857e-01	2.8143e-01	1.2037e-21	1.1755e-36	1.1755e-36	1.1755e-36	2.2415e-21	0.00e+00	0.00e+00	3.3092e+01
1.22149e+20	4.2999e+03	6.208e-22	2.7826e+01	8.9745e+00	6.1650e-10	6.7815e-01	3.2185e-01	1.0000e+00	7.5357e-09	1.1755e-36	2.4486e-14	2.3428e-05	9.9571e-01	4.2644e-03	1.1755e-36	7.2931e-01	2.7069e-01	1.1503e-21	1.1755e-36	1.1755e-36	1.1755e-36	2.1887e-21	0.00e+00	0.00e+00	3.3368e+01
1.22151e+20	4.1776e+03	5.917e-22	2.7826e+01	8.6609e+00	6.4445e-10	6.8952e-01	3.1048e-01	1.0000e+00	7.2405e-09	1.1755e-36	2.5021e-14	2.2793e-05	9.9590e-01	4.0776e-03	1.1755e-36	7.3984e-01	2.6016e-01	1.0996e-21	1.1755e-36	1.1755e-36	1.1755e-36	2.1258e-21	0.00e+00	0.00e+00	3.3643e+01
1.22153e+20	4.0573e+03	5.639e-22	2.7826e+01	8.3550e+00	6.6614e-10	7.0052e-01	2.9948e-01	1.0000e+00	6.9574e-09	1.1755e-36	2.5534e-14	2.2178e-05	9.9608e-01	3.9011e-03	1.1755e-36	7.4998e-01	2.5002e-01	1.0517e-21	1.1755e-36	1.1755e-36	1.1755e-36	2.0540e-21	0.00e+00	0.00e+00	3.3915e+01
1.22156e+20	3.9351e+03	5.371e-22	2.7826e+01	8.0545e+00	6.8228e-10	7.1133e-01	2.8867e-01	1.0000e+00	6.6868e-09	1.1755e-36	2.6034e-14	2.1585e-05	9.9625e-01	3.7317e-03	1.1755e-36	7.5990e-01	2.4010e-01	1.0060e-21	1.1755e-36	1.1755e-36	1.1755e-36	1.9743e-21	0.00e+00	0.00e+00	3.4189e+01
###########################
2.01895e+14	5.7698e+03	2.595e-21	2.7826e+01	3.0283e+01	7.6699e-18	1.3533e-04	9.9986e-01	9.7995e-04	9.8388e-01	1.5144e-02	1.1886e-24	5.7288e-07	1.7800e-02	9.7377e-01	8.4269e-03	4.3780e-06	6.6707e-02	9.2479e-01	8.4991e-03	1.1755e-36	1.1755e-36	3.2228e-33	0.00e+00	0.00e+00	9.5982e-06
1.21137e+15	5.7659e+03	2.596e-21	2.7826e+01	3.0281e+01	8.1196e-18	1.3540e-04	9.9986e-01	9.8024e-04	9.8389e-01	1.5126e-02	1.2497e-24	5.7144e-07	1.7829e-02	9.7373e-01	8.4358e-03	4.3796e-06	6.6692e-02	9.2484e-01	8.4676e-03	1.1755e-36	1.1755e-36	3.5995e-33	0.00e+00	0.00e+00	4.8011e-05
5.24926e+15	5.7664e+03	2.595e-21	2.7826e+01	3.0281e+01	8.1879e-18	1.3544e-04	9.9986e-01	9.8016e-04	9.8399e-01	1.5030e-02	1.2619e-24	5.7359e-07	1.7867e-02	9.7371e-01	8.4231e-03	4.3793e-06	6.6650e-02	9.2500e-01	8.3429e-03	1.1755e-36	1.1755e-36	3.6633e-33	0.00e+00	0.00e+00	2.0171e-04
2.14008e+16	5.7629e+03	2.594e-21	2.7826e+01	3.0280e+01	8.1921e-18	1.3552e-04	9.9986e-01	9.8098e-04	9.8450e-01	1.4519e-02	1.2618e-24	5.7790e-07	1.7908e-02	9.7372e-01	8.3745e-03	4.3824e-06	6.6633e-02	9.2550e-01	7.8641e-03	1.1755e-36	1.1755e-36	3.6378e-33	0.00e+00	0.00e+00	8.1689e-04
5.11197e+16	5.7570e+03	2.592e-21	2.7826e+01	3.0279e+01	7.5300e-18	1.3540e-04	9.9986e-01	9.8096e-04	9.8481e-01	1.4212e-02	1.1611e-24	5.8016e-07	1.7912e-02	9.7375e-01	8.3411e-03	4.3697e-06	6.6471e-02	9.2632e-01	7.2038e-03	1.1755e-36	1.1755e-36	3.0134e-33	0.00e+00	0.00e+00	1.6159e-03
8.97542e+16	5.7543e+03	2.588e-21	2.7826e+01	3.0278e+01	7.6318e-18	1.3524e-04	9.9986e-01	9.8122e-04	9.8562e-01	1.3403e-02	1.1705e-24	5.8297e-07	1.7906e-02	9.7382e-01	8.2680e-03	4.3591e-06	6.6341e-02	9.2724e-01	6.4124e-03	1.1755e-36	1.1755e-36	3.0820e-33	0.00e+00	0.00e+00	2.6533e-03
1.39979e+17	5.7525e+03	2.583e-21	2.7826e+01	3.0275e+01	7.7387e-18	1.3501e-04	9.9986e-01	9.8174e-04	9.8691e-01	1.2110e-02	1.1818e-24	5.8183e-07	1.7896e-02	9.7394e-01	8.1601e-03	4.3504e-06	6.6251e-02	9.2825e-01	5.4972e-03	1.1755e-36	1.1755e-36	3.1662e-33	0.00e+00	0.00e+00	3.9998e-03
2.05272e+17	5.7468e+03	2.578e-21	2.7826e+01	3.0271e+01	7.4831e-18	1.3484e-04	9.9987e-01	9.8307e-04	9.8867e-01	1.0349e-02	1.1412e-24	5.8929e-07	1.7891e-02	9.7410e-01	8.0093e-03	4.3461e-06	6.6206e-02	9.2930e-01	4.4852e-03	1.1755e-36	1.1755e-36	2.9229e-33	0.00e+00	0.00e+00	5.7479e-03
2.90152e+17	5.7413e+03	2.571e-21	2.7826e+01	3.0266e+01	7.4031e-18	1.3460e-04	9.9987e-01	9.8465e-04	9.9079e-01	8.2272e-03	1.1267e-24	5.9123e-07	1.7886e-02	9.7428e-01	7.8310e-03	4.3477e-06	6.6253e-02	9.3031e-01	3.4305e-03	1.1755e-36	1.1755e-36	2.8384e-33	0.00e+00	0.00e+00	8.0164e-03
4.00496e+17	5.7349e+03	2.563e-21	2.7826e+01	3.0261e+01	7.4480e-18	1.3433e-04	9.9987e-01	9.8651e-04	9.9306e-01	5.9553e-03	1.1311e-24	5.9047e-07	1.7888e-02	9.7447e-01	7.6366e-03	4.3583e-06	6.6422e-02	9.3116e-01	2.4127e-03	1.1755e-36	1.1755e-36	2.8568e-33	0.00e+00	0.00e+00	1.0960e-02
5.43943e+17	5.7233e+03	2.556e-21	2.7826e+01	3.0256e+01	7.3680e-18	1.3409e-04	9.9987e-01	9.8880e-04	9.9519e-01	3.8251e-03	1.1169e-24	5.9189e-07	1.7897e-02	9.7466e-01	7.4393e-03	4.3796e-06	6.6721e-02	9.3175e-01	1.5240e-03	1.1755e-36	1.1755e-36	2.7536e-33	0.00e+00	0.00e+00	1.4779e-02
7.30425e+17	5.7104e+03	2.547e-21	2.7826e+01	3.0251e+01	7.3604e-18	1.3382e-04	9.9987e-01	9.9083e-04	9.9689e-01	2.1184e-03	1.1135e-24	5.9275e-07	1.7910e-02	9.7483e-01	7.2609e-03	4.4083e-06	6.7111e-02	9.3204e-01	8.4063e-04	1.1755e-36	1.1755e-36	2.7071e-33	0.00e+00	0.00e+00	1.9734e-02
9.72851e+17	5.6926e+03	2.538e-21	2.7826e+01	3.0248e+01	7.3748e-18	1.3357e-04	9.9987e-01	9.9293e-04	9.9803e-01	9.7821e-04	1.1114e-24	5.9366e-07	1.7934e-02	9.7496e-01	7.1043e-03	4.4455e-06	6.7584e-02	9.3202e-01	3.9185e-04	1.1755e-36	1.1755e-36	2.6572e-33	0.00e+00	0.00e+00	2.6164e-02
1.28800e+18	5.6709e+03	2.527e-21	2.7826e+01	3.0246e+01	7.4273e-18	1.3331e-04	9.9987e-01	9.9514e-04	9.9864e-01	3.6308e-04	1.1129e-24	5.9474e-07	1.7971e-02	9.7507e-01	6.9637e-03	4.4896e-06	6.8108e-02	9.3174e-01	1.4888e-04	1.1755e-36	1.1755e-36	2.6198e-33	0.00e+00	0.00e+00	3.4507e-02
1.69770e+18	5.6466e+03	2.514e-21	2.7826e+01	3.0245e+01	7.3582e-18	1.3304e-04	9.9987e-01	9.9763e-04	9.9890e-01	1.0421e-04	1.0972e-24	5.9633e-07	1.8011e-02	9.7517e-01	6.8234e-03	4.5401e-06	6.8683e-02	9.3127e-01	4.4451e-05	1.1755e-36	1.1755e-36	2.4844e-33	0.00e+00	0.00e+00	4.5329e-02
2.23031e+18	5.6153e+03	2.500e-21	2.7826e+01	3.0245e+01	7.4209e-18	1.3283e-04	9.9987e-01	1.0014e-03	9.9898e-01	2.2381e-05	1.0980e-24	5.9846e-07	1.8085e-02	9.7525e-01	6.6622e-03	4.6082e-06	6.9406e-02	9.3058e-01	1.0138e-05	1.1755e-36	1.1755e-36	2.4174e-33	0.00e+00	0.00e+00	5.9377e-02
2.92271e+18	5.5780e+03	2.484e-21	2.7826e+01	3.0245e+01	7.6121e-18	1.3269e-04	9.9987e-01	1.0067e-03	9.9899e-01	3.5765e-06	1.1161e-24	6.0180e-07	1.8193e-02	9.7534e-01	6.4661e-03	4.6986e-06	7.0332e-02	9.2966e-01	1.7600e-06	1.1755e-36	1.1755e-36	2.4154e-33	0.00e+00	0.00e+00	7.7619e-02
3.82282e+18	5.5348e+03	2.464e-21	2.7826e+01	3.0245e+01	7.8759e-18	1.3266e-04	9.9987e-01	1.0144e-03	9.9899e-01	4.4479e-07	1.1453e-24	6.0679e-07	1.8346e-02	9.7543e-01	6.2243e-03	4.8197e-06	7.1539e-02	9.2846e-01	2.4151e-07	1.1755e-36	1.1755e-36	2.4351e-33	0.00e+00	0.00e+00	1.0133e-01
4.99296e+18	5.4854e+03	2.442e-21	2.7826e+01	3.0245e+01	8.1090e-18	1.3281e-04	9.9987e-01	1.0254e-03	9.9897e-01	4.6438e-08	1.1741e-24	6.1428e-07	1.8562e-02	9.7551e-01	5.9272e-03	4.9827e-06	7.3120e-02	9.2687e-01	1.1755e-36	1.1755e-36	1.1755e-36	2.4056e-33	0.00e+00	0.00e+00	1.3219e-01
6.51415e+18	5.4301e+03	2.416e-21	2.7826e+01	3.0245e+01	8.4544e-18	1.3325e-04	9.9987e-01	1.0412e-03	9.9896e-01	4.2175e-09	1.2243e-24	6.2555e-07	1.8869e-02	9.7556e-01	5.5652e-03	5.2044e-06	7.5206e-02	9.2479e-01	1.1755e-36	1.1755e-36	1.1755e-36	2.4156e-33	0.00e+00	0.00e+00	1.7244e-01
7.74265e+18	5.3522e+03	2.386e-21	2.7826e+01	3.0245e+01	8.6180e-18	1.3241e-04	9.9987e-01	1.0458e-03	9.9895e-01	7.0822e-10	1.2042e-24	6.2661e-07	1.8996e-02	9.7570e-01	5.3007e-03	5.3389e-06	7.6592e-02	9.2340e-01	1.1755e-36	1.1755e-36	1.1755e-36	2.2214e-33	0.00e+00	0.00e+00	1.8959e-01
8.51691e+18	5.3347e+03	2.373e-21	2.7826e+01	3.0245e+01	8.7239e-18	1.3259e-04	9.9987e-01	1.0532e-03	9.9895e-01	2.7443e-10	1.2270e-24	6.3210e-07	1.9143e-02	9.7571e-01	5.1419e-03	5.4448e-06	7.7573e-02	9.2242e-01	1.1755e-36	1.1755e-36	1.1755e-36	2.2283e-33	0.00e+00	0.00e+00	2.0848e-01
9.36860e+18	5.3046e+03	2.363e-21	2.7826e+01	3.0245e+01	9.0105e-18	1.3309e-04	9.9987e-01	1.0636e-03	9.9894e-01	1.0380e-10	1.2671e-24	6.3992e-07	1.9345e-02	9.7569e-01	4.9638e-03	5.5821e-06	7.8805e-02	9.2119e-01	1.1755e-36	1.1755e-36	1.1755e-36	2.2710e-33	0.00e+00	0.00e+00	2.2933e-01
1.03055e+19	5.2805e+03	2.351e-21	2.7826e+01	3.0245e+01	9.2454e-18	1.3357e-04	9.9987e-01	1.0746e-03	9.9893e-01	3.8425e-11	1.3080e-24	6.4821e-07	1.9558e-02	9.7566e-01	4.7797e-03	5.7286e-06	8.0114e-02	9.1988e-01	1.1755e-36	1.1755e-36	1.1755e-36	2.3104e-33	0.00e+00	0.00e+00	2.5236e-01
1.13360e+19	5.2567e+03	2.339e-21	2.7826e+01	3.0244e+01	9.0618e-18	1.3416e-04	9.9987e-01	1.0872e-03	9.9891e-01	1.3923e-11	1.3003e-24	6.5758e-07	1.9796e-02	9.7562e-01	4.5858e-03	5.8929e-06	8.1561e-02	9.1843e-01	1.1755e-36	1.1755e-36	1.1755e-36	2.1335e-33	0.00e+00	0.00e+00	2.7780e-01
1.24696e+19	5.2330e+03	2.326e-21	2.7826e+01	3.0244e+01	9.4816e-18	1.3489e-04	9.9987e-01	1.1019e-03	9.9890e-01	4.9496e-12	1.3738e-24	6.6876e-07	2.0073e-02	9.7555e-01	4.3807e-03	6.0823e-06	8.3208e-02	9.1679e-01	1.1755e-36	1.1755e-36	1.1755e-36	2.2631e-33	0.00e+00	0.00e+00	3.0594e-01
1.37166e+19	5.2104e+03	2.313e-21	2.7826e+01	3.0244e+01	9.7187e-18	1.3577e-04	9.9986e-01	1.1187e-03	9.9888e-01	1.7376e-12	1.4318e-24	6.8169e-07	2.0390e-02	9.7544e-01	4.1655e-03	6.2986e-06	8.5064e-02	9.1493e-01	1.1755e-36	1.1755e-36	1.1755e-36	2.3036e-33	0.00e+00	0.00e+00	3.3710e-01
1.50882e+19	5.1885e+03	2.299e-21	2.7826e+01	3.0244e+01	9.8532e-18	1.3684e-04	9.9986e-01	1.1384e-03	9.9886e-01	6.1267e-13	1.4849e-24	6.9686e-07	2.0755e-02	9.7530e-01	3.9401e-03	6.5484e-06	8.7175e-02	9.1282e-01	1.1755e-36	1.1755e-36	1.1755e-36	2.2928e-33	0.00e+00	0.00e+00	3.7164e-01
1.65971e+19	5.1683e+03	2.286e-21	2.7826e+01	3.0244e+01	1.0047e-17	1.3812e-04	9.9986e-01	1.1613e-03	9.9884e-01	2.2580e-13	1.5570e-24	7.1462e-07	2.1176e-02	9.7512e-01	3.7053e-03	6.8377e-06	8.9582e-02	9.1041e-01	1.1755e-36	1.1755e-36	1.1755e-36	2.3176e-33	0.00e+00	0.00e+00	4.0999e-01
1.82568e+19	5.1503e+03	2.272e-21	2.7826e+01	3.0244e+01	1.0323e-17	1.3966e-04	9.9986e-01	1.1882e-03	9.9881e-01	9.3729e-14	1.6542e-24	7.3555e-07	2.1666e-02	9.7487e-01	3.4615e-03	7.1758e-06	9.2346e-02	9.0765e-01	1.1755e-36	1.1755e-36	1.1755e-36	2.3871e-33	0.00e+00	0.00e+00	4.5264e-01
2.00824e+19	5.1350e+03	2.258e-21	2.7826e+01	3.0244e+01	1.0548e-17	1.4149e-04	9.9986e-01	1.2200e-03	9.9878e-01	4.7655e-14	1.7647e-24	7.6033e-07	2.2237e-02	9.7455e-01	3.2099e-03	7.5739e-06	9.5545e-02	9.0445e-01	1.1755e-36	1.1755e-36	1.1755e-36	2.4456e-33	0.00e+00	0.00e+00	5.0017e-01
2.20907e+19	5.1234e+03	2.243e-21	2.7826e+01	3.0243e+01	1.0824e-17	1.4369e-04	9.9986e-01	1.2577e-03	9.9874e-01	3.0105e-14	1.9089e-24	7.8988e-07	2.2909e-02	9.7414e-01	2.9513e-03	8.0477e-06	9.9278e-02	9.0071e-01	1.1755e-36	1.1755e-36	1.1755e-36	2.5461e-33	0.00e+00	0.00e+00	5.5327e-01
2.42997e+19	5.1164e+03	2.229e-21	2.7826e+01	3.0243e+01	1.1117e-17	1.4631e-04	9.9985e-01	1.3028e-03	9.9870e-01	2.2014e-14	2.0920e-24	8.2536e-07	2.3705e-02	9.7361e-01	2.6875e-03	8.6178e-06	1.0368e-01	8.9631e-01	1.1755e-36	1.1755e-36	1.1755e-36	2.6791e-33	0.00e+00	0.00e+00	6.1275e-01
2.67297e+19	5.1123e+03	2.215e-21	2.7826e+01	3.0243e+01	1.1709e-17	1.4954e-04	9.9985e-01	1.3579e-03	9.9864e-01	1.7197e-14	2.3765e-24	8.6895e-07	2.4673e-02	9.7291e-01	2.4185e-03	9.3244e-06	1.0899e-01	8.9100e-01	1.1755e-36	1.1755e-36	1.1755e-36	2.9928e-33	0.00e+00	0.00e+00	6.7962e-01
2.94027e+19	5.1109e+03	2.203e-21	2.7826e+01	3.0242e+01	1.2026e-17	1.5349e-04	9.9985e-01	1.4258e-03	9.9857e-01	1.3689e-14	2.6833e-24	9.2306e-07	2.5853e-02	9.7200e-01	2.1470e-03	1.0206e-05	1.1545e-01	8.8454e-01	1.1755e-36	1.1755e-36	1.1755e-36	3.1846e-33	0.00e+00	0.00e+00	7.5512e-01
3.23430e+19	5.1253e+03	2.188e-21	2.7826e+01	3.0242e+01	1.2338e-17	1.5809e-04	9.9984e-01	1.5091e-03	9.9849e-01	1.0881e-14	3.1065e-24	9.8892e-07	2.7273e-02	9.7085e-01	1.8787e-03	1.1302e-05	1.2327e-01	8.7672e-01	1.1755e-36	1.1755e-36	1.1755e-36	3.4928e-33	0.00e+00	0.00e+00	8.4066e-01
3.55773e+19	5.1570e+03	2.172e-21	2.7826e+01	3.0241e+01	1.2533e-17	1.6352e-04	9.9984e-01	1.6141e-03	9.9839e-01	8.5513e-15	3.6837e-24	1.0710e-06	2.9023e-02	9.6936e-01	1.6155e-03	1.2700e-05	1.3295e-01	8.6703e-01	1.1755e-36	1.1755e-36	1.1755e-36	3.9013e-33	0.00e+00	0.00e+00	9.3798e-01
3.91350e+19	5.1977e+03	2.157e-21	2.7826e+01	3.0240e+01	1.3050e-17	1.7029e-04	9.9983e-01	1.7506e-03	9.9825e-01	6.5947e-15	4.6148e-24	1.1788e-06	3.1276e-02	9.6737e-01	1.3575e-03	1.4571e-05	1.4546e-01	8.5453e-01	1.1755e-36	1.1755e-36	1.1755e-36	4.6971e-33	0.00e+00	0.00e+00	1.0495e+00
4.30485e+19	5.2544e+03	2.142e-21	2.7826e+01	3.0239e+01	1.3697e-17	1.7868e-04	9.9982e-01	1.9327e-03	9.9807e-01	4.9663e-15	6.0916e-24	1.3209e-06	3.4223e-02	9.6467e-01	1.1093e-03	1.7146e-05	1.6195e-01	8.3803e-01	1.1755e-36	1.1755e-36	1.1755e-36	5.9807e-33	0.00e+00	0.00e+00	1.1781e+00
4.73533e+19	5.3391e+03	2.126e-21	2.7826e+01	3.0238e+01	1.4019e-17	1.8899e-04	9.9981e-01	2.1838e-03	9.9782e-01	3.6307e-15	8.3946e-24	1.5143e-06	3.8182e-02	9.6094e-01	8.7543e-04	2.0807e-05	1.8433e-01	8.1565e-01	1.1755e-36	1.1755e-36	1.1755e-36	7.7267e-33	0.00e+00	0.00e+00	1.3279e+00
5.16599e+19	5.4441e+03	2.109e-21	2.7826e+01	3.0236e+01	1.4124e-17	2.0032e-04	9.9980e-01	2.5115e-03	9.9749e-01	2.5707e-15	1.1953e-23	1.7591e-06	4.3164e-02	9.5615e-01	6.8018e-04	2.5729e-05	2.1330e-01	7.8668e-01	1.1755e-36	1.1755e-36	1.1755e-36	1.0224e-32	0.00e+00	0.00e+00	1.4722e+00
5.54727e+19	5.5622e+03	2.093e-21	2.7826e+01	3.0234e+01	1.4131e-17	2.1148e-04	9.9979e-01	2.9018e-03	9.9710e-01	1.9004e-15	1.7154e-23	2.0406e-06	4.8864e-02	9.5060e-01	5.3304e-04	3.1697e-05	2.4701e-01	7.5296e-01	1.1755e-36	1.1755e-36	1.1755e-36	1.3818e-32	0.00e+00	0.00e+00	1.6031e+00
5.88265e+19	5.6895e+03	2.077e-21	2.7826e+01	3.0232e+01	1.3877e-17	2.2234e-04	9.9978e-01	3.3671e-03	9.9663e-01	1.4552e-15	2.4377e-23	2.3619e-06	5.5339e-02	9.4424e-01	4.2069e-04	3.8768e-05	2.8517e-01	7.1479e-01	1.1755e-36	1.1755e-36	1.1755e-36	1.8353e-32	0.00e+00	0.00e+00	1.7275e+00
6.19382e+19	5.8306e+03	2.059e-21	2.7826e+01	3.0229e+01	1.3639e-17	2.3329e-04	9.9977e-01	3.9536e-03	9.9605e-01	1.1179e-15	3.5376e-23	2.7473e-06	6.3081e-02	9.3659e-01	3.2987e-04	4.7468e-05	3.3009e-01	6.6986e-01	1.1755e-36	1.1755e-36	1.1755e-36	2.5223e-32	0.00e+00	0.00e+00	1.8520e+00
6.48975e+19	5.9906e+03	2.039e-21	2.7826e+01	3.0226e+01	1.3878e-17	2.4436e-04	9.9976e-01	4.7307e-03	9.9527e-01	8.4825e-16	5.4321e-23	3.2254e-06	7.2686e-02	9.2706e-01	2.5510e-04	5.8398e-05	3.8425e-01	6.1569e-01	1.1755e-36	1.1755e-36	1.1755e-36	3.8687e-32	0.00e+00	0.00e+00	1.9756e+00
6.76517e+19	6.1677e+03	2.016e-21	2.7826e+01	3.0222e+01	1.3794e-17	2.5513e-04	9.9974e-01	5.7876e-03	9.9421e-01	6.3927e-16	8.3638e-23	3.8182e-06	8.4626e-02	9.1517e-01	1.9497e-04	7.1793e-05	4.4815e-01	5.5178e-01	1.1755e-36	1.1755e-36	1.1755e-36	5.8237e-32	0.00e+00	0.00e+00	2.0934e+00
7.01292e+19	6.3542e+03	1.992e-21	2.7826e+01	3.0217e+01	1.3721e-17	2.6514e-04	9.9973e-01	7.2483e-03	9.9275e-01	4.8358e-16	1.2960e-22	4.5457e-06	9.9339e-02	9.0051e-01	1.4793e-04	8.7395e-05	5.1979e-01	4.8013e-01	1.1755e-36	1.1755e-36	1.1755e-36	8.8452e-32	0.00e+00	0.00e+00	2.2018e+00
7.19840e+19	6.5214e+03	1.970e-21	2.7826e+01	3.0212e+01	1.3140e-17	2.7220e-04	9.9973e-01	8.9637e-03	9.9104e-01	3.6918e-16	1.8212e-22	5.2768e-06	1.1428e-01	8.8559e-01	1.1759e-04	1.0225e-04	5.8754e-01	4.1236e-01	1.1755e-36	1.1755e-36	1.1755e-36	1.1743e-31	0.00e+00	0.00e+00	2.2679e+00
7.31137e+19	6.6194e+03	1.959e-21	2.7826e+01	3.0207e+01	1.2774e-17	2.7696e-04	9.9972e-01	1.0503e-02	9.8950e-01	3.2317e-16	2.2638e-22	5.8570e-06	1.2616e-01	8.7374e-01	1.0010e-04	1.1291e-04	6.3448e-01	3.6541e-01	1.1755e-36	1.1755e-36	1.1755e-36	1.3752e-31	0.00e+00	0.00e+00	2.3106e+00
7.39348e+19	6.7024e+03	1.948e-21	2.7826e+01	3.0203e+01	1.2540e-17	2.8030e-04	9.9972e-01	1.1968e-02	9.8803e-01	2.9382e-16	2.6823e-22	6.3490e-06	1.3622e-01	8.6368e-01	8.7928e-05	1.2106e-04	6.6936e-01	3.3052e-01	1.1755e-36	1.1755e-36	1.1755e-36	1.5736e-31	0.00e+00	0.00e+00	2.3483e+00
7.48153e+19	6.7780e+03	1.939e-21	2.7826e+01	3.0197e+01	1.2448e-17	2.8465e-04	9.9972e-01	1.4036e-02	9.8596e-01	2.6199e-16	3.2372e-22	6.9712e-06	1.4884e-01	8.5108e-01	7.5023e-05	1.3041e-04	7.0689e-01	2.9298e-01	1.1755e-36	1.1755e-36	1.1755e-36	1.8125e-31	0.00e+00	0.00e+00	2.3980e+00
7.57451e+19	6.8675e+03	1.929e-21	2.7826e+01	3.0189e+01	1.2356e-17	2.8889e-04	9.9971e-01	1.7100e-02	9.8290e-01	2.1667e-16	4.0009e-22	7.7435e-06	1.6462e-01	8.3531e-01	6.2878e-05	1.4112e-04	7.5016e-01	2.4970e-01	1.1755e-36	1.1755e-36	1.1755e-36	2.1386e-31	0.00e+00	0.00e+00	2.4419e+00
7.64740e+19	6.9471e+03	1.920e-21	2.7826e+01	3.0181e+01	1.1940e-17	2.9197e-04	9.9971e-01	2.0721e-02	9.7928e-01	1.8627e-16	4.6782e-22	8.4853e-06	1.7972e-01	8.2021e-01	5.3931e-05	1.5019e-04	7.8686e-01	2.1299e-01	1.1755e-36	1.1755e-36	1.1755e-36	2.3293e-31	0.00e+00	0.00e+00	2.4723e+00
7.69811e+19	6.9944e+03	1.916e-21	2.7826e+01	3.0172e+01	1.1875e-17	2.9440e-04	9.9971e-01	2.4311e-02	9.7569e-01	1.6854e-16	5.3021e-22	9.0924e-06	1.9216e-01	8.0779e-01	4.7757e-05	1.5697e-04	8.1348e-01	1.8637e-01	1.1755e-36	1.1755e-36	1.1755e-36	2.5304e-31	0.00e+00	0.00e+00	2.4941e+00
7.73735e+19	7.0272e+03	1.913e-21	2.7826e+01	3.0162e+01	1.1821e-17	2.9642e-04	9.9970e-01	2.7983e-02	9.7202e-01	1.5537e-16	5.8374e-22	9.6094e-06	2.0289e-01	7.9706e-01	4.2977e-05	1.6238e-04	8.3413e-01	1.6570e-01	1.1755e-36	1.1755e-36	1.1755e-36	2.6755e-31	0.00e+00	0.00e+00	2.5130e+00
7.77364e+19	7.0576e+03	1.911e-21	2.7826e+01	3.0152e+01	1.1825e-17	2.9840e-04	9.9970e-01	3.2474e-02	9.6753e-01	1.4238e-16	6.4165e-22	1.0150e-05	2.1379e-01	7.8616e-01	3.8590e-05	1.6752e-04	8.5327e-01	1.4656e-01	1.1755e-36	1.1755e-36	1.1755e-36	2.8407e-31	0.00e+00	0.00e+00	2.5320e+00
7.80862e+19	7.0846e+03	1.909e-21	2.7826e+01	3.0138e+01	1.1869e-17	3.0033e-04	9.9970e-01	3.8308e-02	9.6169e-01	1.2845e-16	7.0535e-22	1.0712e-05	2.2531e-01	7.7465e-01	3.4438e-05	1.7266e-04	8.7222e-01	1.2761e-01	1.1755e-36	1.1755e-36	1.1755e-36	3.0192e-31	0.00e+00	0.00e+00	2.5498e+00
7.83962e+19	7.1043e+03	1.908e-21	2.7826e+01	3.0125e+01	1.1929e-17	3.0218e-04	9.9970e-01	4.5528e-02	9.5447e-01	1.1571e-16	7.6814e-22	1.1263e-05	2.3652e-01	7.6343e-01	3.0784e-05	1.7744e-04	8.8969e-01	1.1013e-01	1.1755e-36	1.1755e-36	1.1755e-36	3.1767e-31	0.00e+00	0.00e+00	2.5648e+00
7.86496e+19	7.1227e+03	1.907e-21	2.7826e+01	3.0107e+01	1.1898e-17	3.0355e-04	9.9970e-01	5.3696e-02	9.4630e-01	1.0532e-16	8.2124e-22	1.1746e-05	2.4649e-01	7.5347e-01	2.7797e-05	1.8142e-04	9.0443e-01	9.5392e-02	1.1755e-36	1.1755e-36	1.1755e-36	3.2777e-31	0.00e+00	0.00e+00	2.5768e+00
7.88558e+19	7.1333e+03	1.907e-21	2.7826e+01	3.0086e+01	1.1848e-17	3.0475e-04	9.9970e-01	6.2728e-02	9.3727e-01	9.6782e-17	8.6416e-22	1.2165e-05	2.5517e-01	7.4480e-01	2.5313e-05	1.8478e-04	9.1668e-01	8.3139e-02	1.1755e-36	1.1755e-36	1.1755e-36	3.3225e-31	0.00e+00	0.00e+00	2.5868e+00
7.90334e+19	7.1453e+03	1.905e-21	2.7826e+01	3.0062e+01	1.1812e-17	3.0564e-04	9.9969e-01	7.3083e-02	9.2692e-01	8.9024e-17	9.0506e-22	1.2537e-05	2.6293e-01	7.3704e-01	2.3146e-05	1.8764e-04	9.2737e-01	7.2446e-02	1.1755e-36	1.1755e-36	1.1755e-36	3.3820e-31	0.00e+00	0.00e+00	2.5958e+00
7.91932e+19	7.1498e+03	1.904e-21	2.7826e+01	3.0035e+01	1.1884e-17	3.0660e-04	9.9969e-01	8.5559e-02	9.1444e-01	8.1412e-17	9.4762e-22	1.2888e-05	2.7025e-01	7.2972e-01	2.1141e-05	1.9034e-04	9.3718e-01	6.2632e-02	1.1755e-36	1.1755e-36	1.1755e-36	3.4632e-31	0.00e+00	0.00e+00	2.6040e+00
7.93361e+19	7.1569e+03	1.901e-21	2.7826e+01	2.9988e+01	1.1913e-17	3.0710e-04	9.9969e-01	1.0040e-01	8.9960e-01	7.3677e-17	9.8556e-22	1.3187e-05	2.7683e-01	7.2314e-01	1.9332e-05	1.9259e-04	9.4610e-01	5.3703e-02	1.1755e-36	1.1755e-36	1.1755e-36	3.5323e-31	0.00e+00	0.00e+00	2.6112e+00
7.94608e+19	7.1591e+03	1.900e-21	2.7826e+01	2.9958e+01	1.1972e-17	3.0780e-04	9.9969e-01	1.1807e-01	8.8193e-01	6.6950e-17	1.0212e-21	1.3476e-05	2.8282e-01	7.1715e-01	1.7685e-05	1.9474e-04	9.5408e-01	4.5729e-02	1.1755e-36	1.1755e-36	1.1755e-36	3.5930e-31	0.00e+00	0.00e+00	2.6175e+00
7.95678e+19	7.1613e+03	1.896e-21	2.7826e+01	2.9915e+01	1.2012e-17	3.0820e-04	9.9969e-01	1.3838e-01	8.6162e-01	6.0621e-17	1.0513e-21	1.3710e-05	2.8795e-01	7.1202e-01	1.6227e-05	1.9649e-04	9.6101e-01	3.8796e-02	1.1755e-36	1.1755e-36	1.1755e-36	3.6396e-31	0.00e+00	0.00e+00	2.6228e+00
7.96601e+19	7.1582e+03	1.893e-21	2.7826e+01	2.9864e+01	1.2086e-17	3.0855e-04	9.9969e-01	1.6158e-01	8.3842e-01	5.4705e-17	1.0773e-21	1.3907e-05	2.9238e-01	7.0759e-01	1.4916e-05	1.9798e-04	9.6700e-01	3.2804e-02	1.1755e-36	1.1755e-36	1.1755e-36	3.6742e-31	0.00e+00	0.00e+00	2.6275e+00
7.97415e+19	7.1590e+03	1.888e-21	2.7826e+01	2.9804e+01	1.2098e-17	3.0859e-04	9.9969e-01	1.8831e-01	8.1169e-01	4.9038e-17	1.0976e-21	1.4064e-05	2.9611e-01	7.0386e-01	1.3721e-05	1.9913e-04	9.7224e-01	2.7560e-02	1.1755e-36	1.1755e-36	1.1755e-36	3.6911e-31	0.00e+00	0.00e+00	2.6317e+00
7.98148e+19	7.1484e+03	1.881e-21	2.7826e+01	2.9719e+01	1.2193e-17	3.0866e-04	9.9969e-01	2.1965e-01	7.8035e-01	4.3264e-17	1.1141e-21	1.4190e-05	2.9940e-01	7.0058e-01	1.2592e-05	2.0012e-04	9.7688e-01	2.2922e-02	1.1755e-36	1.1755e-36	1.1755e-36	3.6880e-31	0.00e+00	0.00e+00	2.6354e+00
7.98810e+19	7.1478e+03	1.871e-21	2.7826e+01	2.9619e+01	1.2150e-17	3.0816e-04	9.9969e-01	2.5597e-01	7.4403e-01	3.7493e-17	1.1223e-21	1.4268e-05	3.0195e-01	6.9802e-01	1.1550e-05	2.0067e-04	9.8094e-01	1.8855e-02	1.1755e-36	1.1755e-36	1.1755e-36	3.6551e-31	0.00e+00	0.00e+00	2.6388e+00
7.99410e+19	7.1367e+03	1.863e-21	2.7826e+01	2.9547e+01	1.2260e-17	3.0826e-04	9.9969e-01	2.9850e-01	7.0150e-01	3.2470e-17	1.1364e-21	1.4363e-05	3.0446e-01	6.9551e-01	1.0535e-05	2.0144e-04	9.8449e-01	1.5313e-02	1.1755e-36	1.1755e-36	1.1755e-36	3.6578e-31	0.00e+00	0.00e+00	2.6419e+00
7.99952e+19	7.1304e+03	1.851e-21	2.7826e+01	2.9445e+01	1.2277e-17	3.0782e-04	9.9969e-01	3.4671e-01	6.5329e-01	2.7547e-17	1.1421e-21	1.4407e-05	3.0629e-01	6.9368e-01	9.5972e-06	2.0177e-04	9.8749e-01	1.2309e-02	1.1755e-36	1.1755e-36	1.1755e-36	3.6273e-31	0.00e+00	0.00e+00	2.6447e+00
8.00448e+19	7.1167e+03	1.837e-21	2.7826e+01	2.9325e+01	1.2350e-17	3.0740e-04	9.9969e-01	4.0111e-01	5.9889e-01	2.2837e-17	1.1450e-21	1.4427e-05	3.0777e-01	6.9220e-01	8.7014e-06	2.0196e-04	9.9001e-01	9.7873e-03	1.1755e-36	1.1755e-36	1.1755e-36	3.5850e-31	0.00e+00	0.00e+00	2.6473e+00
8.00915e+19	7.0996e+03	1.821e-21	2.7826e+01	2.9188e+01	1.2428e-17	3.0689e-04	9.9969e-01	4.6251e-01	5.3749e-01	1.8207e-17	1.1437e-21	1.4428e-05	3.0892e-01	6.9106e-01	7.8320e-06	2.0200e-04	9.9213e-01	7.6638e-03	1.1755e-36	1.1755e-36	1.1755e-36	3.5224e-31	0.00e+00	0.00e+00	2.6497e+00
8.01368e+19	7.0819e+03	1.801e-21	2.7826e+01	2.9031e+01	1.2484e-17	3.0615e-04	9.9969e-01	5.3142e-01	4.6858e-01	1.3960e-17	1.1380e-21	1.4397e-05	3.0967e-01	6.9031e-01	6.9782e-06	2.0181e-04	9.9392e-01	5.8807e-03	1.1755e-36	1.1755e-36	1.1755e-36	3.4425e-31	0.00e+00	0.00e+00	2.6522e+00
8.01882e+19	7.0556e+03	1.777e-21	2.7826e+01	2.8843e+01	1.2605e-17	3.0546e-04	9.9969e-01	6.1828e-01	3.8172e-01	9.8271e-18	1.1307e-21	1.4351e-05	3.1032e-01	6.8966e-01	5.9820e-06	2.0157e-04	9.9555e-01	4.2438e-03	1.1755e-36	1.1755e-36	1.1755e-36	3.3486e-31	0.00e+00	0.00e+00	2.6553e+00
8.02440e+19	7.0253e+03	1.747e-21	2.7826e+01	2.8622e+01	1.2708e-17	3.0458e-04	9.9970e-01	7.1661e-01	2.8339e-01	5.7925e-18	1.1169e-21	1.4274e-05	3.1061e-01	6.8937e-01	4.9669e-06	2.0113e-04	9.9695e-01	2.8511e-03	1.1755e-36	1.1755e-36	1.1755e-36	3.2220e-31	0.00e+00	0.00e+00	2.6581e+00
8.02959e+19	6.9993e+03	1.719e-21	2.7826e+01	2.8401e+01	1.2708e-17	3.0353e-04	9.9970e-01	8.0184e-01	1.9816e-01	3.2521e-18	1.0958e-21	1.4172e-05	3.1042e-01	6.8956e-01	4.0783e-06	2.0051e-04	9.9788e-01	1.9163e-03	1.1755e-36	1.1755e-36	1.1755e-36	3.0680e-31	0.00e+00	0.00e+00	2.6608e+00
8.03538e+19	6.9732e+03	1.693e-21	2.7826e+01	2.8202e+01	1.2611e-17	3.0284e-04	9.9970e-01	8.7662e-01	1.2338e-01	1.6357e-18	1.0686e-21	1.4083e-05	3.1022e-01	6.8976e-01	3.1815e-06	2.0007e-04	9.9857e-01	1.2291e-03	1.1755e-36	1.1755e-36	1.1755e-36	2.8742e-31	0.00e+00	0.00e+00	2.6643e+00
8.04291e+19	6.9517e+03	1.671e-21	2.7826e+01	2.8034e+01	1.2468e-17	3.0256e-04	9.9970e-01	9.3856e-01	6.1438e-02	6.0708e-19	1.0431e-21	1.4014e-05	3.1009e-01	6.8989e-01	2.2502e-06	1.9989e-04	9.9911e-01	6.8819e-04	1.1755e-36	1.1755e-36	1.1755e-36	2.6943e-31	0.00e+00	0.00e+00	2.6688e+00
8.05270e+19	6.9385e+03	1.657e-21	2.7826e+01	2.7914e+01	1.2217e-17	3.0280e-04	9.9970e-01	9.7659e-01	2.3409e-02	1.5394e-19	1.0174e-21	1.3977e-05	3.1013e-01	6.8986e-01	1.4026e-06	2.0007e-04	9.9947e-01	3.2550e-04	1.1755e-36	1.1755e-36	1.1755e-36	2.5156e-31	0.00e+00	0.00e+00	2.6747e+00
8.06543e+19	6.9303e+03	1.652e-21	2.7826e+01	2.7861e+01	1.1940e-17	3.0392e-04	9.9970e-01	9.9315e-01	6.8526e-03	2.6156e-20	9.9646e-22	1.3993e-05	3.1059e-01	6.8940e-01	7.5015e-07	2.0083e-04	9.9967e-01	1.2583e-04	1.1755e-36	1.1755e-36	1.1755e-36	2.3565e-31	0.00e+00	0.00e+00	2.6824e+00
8.08197e+19	6.9316e+03	1.652e-21	2.7826e+01	2.7846e+01	1.1719e-17	3.0552e-04	9.9969e-01	9.9830e-01	1.7009e-03	3.2160e-21	9.8668e-22	1.4041e-05	3.1130e-01	6.8868e-01	3.3409e-07	2.0195e-04	9.9976e-01	3.8358e-05	1.1755e-36	1.1755e-36	1.1755e-36	2.2609e-31	0.00e+00	0.00e+00	2.6924e+00
8.10348e+19	6.9378e+03	1.653e-21	2.7826e+01	2.7838e+01	1.1544e-17	3.0750e-04	9.9969e-01	9.9948e-01	5.1829e-04	3.9744e-22	9.8367e-22	1.4106e-05	3.1220e-01	6.8779e-01	1.1755e-36	2.0335e-04	9.9979e-01	8.9007e-06	1.1755e-36	1.1755e-36	1.1755e-36	2.1994e-31	0.00e+00	0.00e+00	2.7056e+00
8.13144e+19	6.9427e+03	1.656e-21	2.7826e+01	2.7845e+01	1.1479e-17	3.1032e-04	9.9969e-01	9.9970e-01	2.9664e-04	7.1189e-23	9.9000e-22	1.4206e-05	3.1356e-01	6.8643e-01	1.1755e-36	2.0533e-04	9.9979e-01	1.5267e-06	1.1755e-36	1.1755e-36	1.1755e-36	2.1724e-31	0.00e+00	0.00e+00	2.7228e+00
8.16778e+19	6.9518e+03	1.660e-21	2.7826e+01	2.7852e+01	1.1249e-17	3.1387e-04	9.9969e-01	9.9975e-01	2.4602e-04	1.3234e-23	9.8936e-22	1.4333e-05	3.1528e-01	6.8470e-01	1.1755e-36	2.0785e-04	9.9979e-01	1.8818e-07	1.1755e-36	1.1755e-36	1.1755e-36	2.0912e-31	0.00e+00	0.00e+00	2.7455e+00
8.21503e+19	6.9611e+03	1.665e-21	2.7826e+01	2.7854e+01	1.1028e-17	3.1849e-04	9.9968e-01	9.9978e-01	2.2062e-04	1.7334e-24	9.9229e-22	1.4494e-05	3.1754e-01	6.8245e-01	1.1755e-36	2.1113e-04	9.9979e-01	1.5887e-08	1.1755e-36	1.1755e-36	1.1755e-36	2.0086e-31	0.00e+00	0.00e+00	2.7753e+00
8.27645e+19	6.9802e+03	1.670e-21	2.7826e+01	2.7856e+01	1.0721e-17	3.2432e-04	9.9968e-01	9.9980e-01	2.0072e-04	1.3463e-25	9.9776e-22	1.4696e-05	3.2038e-01	6.7960e-01	1.1755e-36	2.1536e-04	9.9978e-01	8.3627e-10	1.1755e-36	1.1755e-36	1.1755e-36	1.9175e-31	0.00e+00	0.00e+00	2.8149e+00
8.35630e+19	6.9896e+03	1.680e-21	2.7826e+01	2.7856e+01	1.0576e-17	3.3267e-04	9.9967e-01	9.9982e-01	1.8302e-04	1.1755e-36	1.0166e-21	1.4982e-05	3.2444e-01	6.7555e-01	1.1755e-36	2.2132e-04	9.9978e-01	2.3786e-11	1.1755e-36	1.1755e-36	1.1755e-36	1.8451e-31	0.00e+00	0.00e+00	2.8677e+00
8.46011e+19	7.0153e+03	1.690e-21	2.7826e+01	2.7854e+01	1.0016e-17	3.4358e-04	9.9966e-01	9.9983e-01	1.7067e-04	1.1755e-36	1.0214e-21	1.5344e-05	3.2961e-01	6.7038e-01	1.1755e-36	2.2928e-04	9.9977e-01	2.9545e-13	1.1755e-36	1.1755e-36	1.1755e-36	1.6640e-31	0.00e+00	0.00e+00	2.9385e+00
8.59506e+19	7.0446e+03	1.704e-21	2.7826e+01	2.7853e+01	9.9602e-18	3.5879e-04	9.9964e-01	9.9984e-01	1.5652e-04	1.1755e-36	1.0792e-21	1.5840e-05	3.3668e-01	6.6331e-01	1.1755e-36	2.4046e-04	9.9976e-01	1.2285e-15	1.1755e-36	1.1755e-36	1.1755e-36	1.6479e-31	0.00e+00	0.00e+00	3.0346e+00
8.77049e+19	7.0847e+03	1.723e-21	2.7826e+01	2.7853e+01	9.8968e-18	3.8036e-04	9.9962e-01	9.9986e-01	1.4393e-04	1.1755e-36	1.1654e-21	1.6519e-05	3.4631e-01	6.5367e-01	1.1755e-36	2.5652e-04	9.9974e-01	1.1966e-18	1.1755e-36	1.1755e-36	1.1755e-36	1.6309e-31	0.00e+00	0.00e+00	3.1672e+00
8.99855e+19	7.1391e+03	1.749e-21	2.7826e+01	2.7852e+01	1.0135e-17	4.1202e-04	9.9959e-01	9.9987e-01	1.3171e-04	1.1755e-36	1.3273e-21	1.7466e-05	3.5967e-01	6.4031e-01	1.1755e-36	2.8051e-04	9.9972e-01	2.4140e-22	1.1755e-36	1.1755e-36	1.1755e-36	1.7167e-31	0.00e+00	0.00e+00	3.3538e+00
9.29503e+19	7.2152e+03	1.786e-21	2.7826e+01	2.7850e+01	1.0620e-17	4.6070e-04	9.9954e-01	9.9988e-01	1.2042e-04	1.1755e-36	1.6118e-21	1.8814e-05	3.7861e-01	6.2137e-01	1.1755e-36	3.1836e-04	9.9968e-01	1.0486e-22	1.1755e-36	1.1755e-36	1.1755e-36	1.8973e-31	0.00e+00	0.00e+00	3.6250e+00
9.68046e+19	7.3196e+03	1.839e-21	2.7826e+01	2.7848e+01	1.2386e-17	5.4117e-04	9.9946e-01	9.9989e-01	1.0538e-04	1.1755e-36	2.2558e-21	2.0806e-05	4.0638e-01	5.9360e-01	1.1755e-36	3.8315e-04	9.9962e-01	2.2900e-22	1.1755e-36	1.1755e-36	1.1755e-36	2.5819e-31	0.00e+00	0.00e+00	4.0393e+00
1.00854e+20	7.4492e+03	1.909e-21	2.7826e+01	2.7844e+01	1.5678e-17	6.6025e-04	9.9934e-01	9.9991e-01	8.7816e-05	1.1755e-36	3.4973e-21	2.3217e-05	4.3948e-01	5.6050e-01	1.1755e-36	4.8339e-04	9.9952e-01	5.9592e-22	1.1755e-36	1.1755e-36	1.1755e-36	4.1248e-31	0.00e+00	0.00e+00	4.4733e+00
1.04296e+20	7.5732e+03	1.980e-21	2.7826e+01	2.7840e+01	2.1950e-17	8.0916e-04	9.9919e-01	9.9993e-01	7.0906e-05	1.1755e-36	5.7742e-21	2.5688e-05	4.7324e-01	5.2674e-01	1.1755e-36	6.1522e-04	9.9938e-01	1.4431e-21	1.1755e-36	1.1755e-36	1.1755e-36	7.9191e-31	0.00e+00	0.00e+00	4.9199e+00
1.07067e+20	7.6846e+03	2.048e-21	2.7826e+01	2.7835e+01	3.2467e-17	9.8380e-04	9.9902e-01	9.9995e-01	5.4575e-05	1.1755e-36	9.6862e-21	2.8029e-05	5.0514e-01	4.9483e-01	1.1755e-36	7.7736e-04	9.9922e-01	3.1101e-21	1.1755e-36	1.1755e-36	1.1755e-36	1.6706e-30	0.00e+00	0.00e+00	5.3349e+00
1.09166e+20	7.7745e+03	2.108e-21	2.7826e+01	2.7830e+01	4.7793e-17	1.1711e-03	9.9883e-01	9.9996e-01	4.2261e-05	1.1755e-36	1.5663e-20	3.0089e-05	5.3319e-01	4.6677e-01	1.1755e-36	9.5853e-04	9.9904e-01	5.6784e-21	1.1755e-36	1.1755e-36	1.1755e-36	3.4553e-30	0.00e+00	0.00e+00	5.7045e+00
1.10786e+20	7.8442e+03	2.159e-21	2.7826e+01	2.7825e+01	6.8732e-17	1.3664e-03	9.9863e-01	9.9997e-01	3.3358e-05	1.1755e-36	2.4219e-20	3.1859e-05	5.5788e-01	4.4208e-01	1.1755e-36	1.1539e-03	9.9885e-01	8.9674e-21	1.1755e-36	1.1755e-36	1.1755e-36	6.7711e-30	0.00e+00	0.00e+00	6.0509e+00
1.12140e+20	7.9116e+03	2.206e-21	2.7826e+01	2.7818e+01	1.0773e-16	1.5800e-03	9.9842e-01	9.9998e-01	2.3304e-05	1.1755e-36	3.9346e-20	3.3544e-05	5.8087e-01	4.1910e-01	1.1755e-36	1.3740e-03	9.9863e-01	1.3860e-20	1.1755e-36	1.1755e-36	1.1755e-36	1.5744e-29	0.00e+00	0.00e+00	6.4022e+00
1.13340e+20	7.9695e+03	2.251e-21	2.7826e+01	2.7811e+01	1.7314e-16	1.8267e-03	9.9817e-01	9.9998e-01	1.5496e-05	1.1755e-36	6.5285e-20	3.5162e-05	6.0351e-01	3.9645e-01	1.1755e-36	1.6345e-03	9.9837e-01	1.9992e-20	1.1755e-36	1.1755e-36	1.1755e-36	3.8119e-29	0.00e+00	0.00e+00	6.7665e+00
1.14401e+20	8.0208e+03	2.295e-21	2.7826e+01	2.7802e+01	2.6594e-16	2.1119e-03	9.9789e-01	9.9999e-01	1.0771e-05	1.1755e-36	1.0498e-19	3.6737e-05	6.2562e-01	3.7434e-01	1.1755e-36	1.9427e-03	9.9806e-01	2.7483e-20	1.1755e-36	1.1755e-36	1.1755e-36	8.3924e-29	0.00e+00	0.00e+00	7.1321e+00
1.15308e+20	8.0650e+03	2.336e-21	2.7826e+01	2.7793e+01	3.9337e-16	2.4306e-03	9.9757e-01	9.9999e-01	7.7718e-06	1.1755e-36	1.6309e-19	3.8212e-05	6.4648e-01	3.5349e-01	1.1755e-36	2.2940e-03	9.9771e-01	3.6197e-20	1.1755e-36	1.1755e-36	1.1755e-36	1.7081e-28	0.00e+00	0.00e+00	7.4860e+00
1.16073e+20	8.1017e+03	2.374e-21	2.7826e+01	2.7784e+01	5.5827e-16	2.7781e-03	9.9722e-01	9.9999e-01	5.8573e-06	1.1755e-36	2.4301e-19	3.9572e-05	6.6580e-01	3.3416e-01	1.1755e-36	2.6835e-03	9.9732e-01	4.5981e-20	1.1755e-36	1.1755e-36	1.1755e-36	3.1928e-28	0.00e+00	0.00e+00	7.8284e+00
1.16730e+20	8.1321e+03	2.410e-21	2.7826e+01	2.7773e+01	7.7034e-16	3.1593e-03	9.9684e-01	1.0000e+00	4.5639e-06	1.1755e-36	3.5129e-19	4.0839e-05	6.8393e-01	3.1603e-01	1.1755e-36	3.1171e-03	9.9688e-01	5.6509e-20	1.1755e-36	1.1755e-36	1.1755e-36	5.6242e-28	0.00e+00	0.00e+00	8.1691e+00
1.17312e+20	8.1570e+03	2.444e-21	2.7826e+01	2.7762e+01	1.0402e-15	3.5870e-03	9.9641e-01	1.0000e+00	3.6779e-06	1.1755e-36	4.9627e-19	4.2053e-05	7.0136e-01	2.9860e-01	1.1755e-36	3.6096e-03	9.9639e-01	6.6463e-20	1.1755e-36	1.1755e-36	1.1755e-36	9.4358e-28	0.00e+00	0.00e+00	8.5154e+00
1.17832e+20	8.1777e+03	2.477e-21	2.7826e+01	2.7749e+01	1.4024e-15	4.0720e-03	9.9593e-01	1.0000e+00	2.9631e-06	1.1755e-36	6.9752e-19	4.3217e-05	7.1823e-01	2.8173e-01	1.1755e-36	4.1742e-03	9.9583e-01	7.5206e-20	1.1755e-36	1.1755e-36	1.1755e-36	1.5695e-27	0.00e+00	0.00e+00	8.8668e+00
1.18295e+20	8.1899e+03	2.511e-21	2.7826e+01	2.7736e+01	1.8617e-15	4.6211e-03	9.9538e-01	1.0000e+00	2.4743e-06	1.1755e-36	9.6188e-19	4.4328e-05	7.3450e-01	2.6545e-01	1.1755e-36	4.8189e-03	9.9518e-01	8.0863e-20	1.1755e-36	1.1755e-36	1.1755e-36	2.5061e-27	0.00e+00	0.00e+00	9.2193e+00
1.18704e+20	8.2031e+03	2.541e-21	2.7826e+01	2.7721e+01	2.4689e-15	5.2330e-03	9.9477e-01	1.0000e+00	2.0480e-06	1.1755e-36	1.3215e-18	4.5382e-05	7.4992e-01	2.5003e-01	1.1755e-36	5.5439e-03	9.9446e-01	8.7173e-20	1.1755e-36	1.1755e-36	1.1755e-36	4.0006e-27	0.00e+00	0.00e+00	9.5710e+00
1.19065e+20	8.2094e+03	2.571e-21	2.7826e+01	2.7702e+01	3.2589e-15	5.9179e-03	9.9408e-01	1.0000e+00	1.7104e-06	1.1755e-36	1.7981e-18	4.6384e-05	7.6463e-01	2.3533e-01	1.1755e-36	6.3608e-03	9.9364e-01	9.0567e-20	1.1755e-36	1.1755e-36	1.1755e-36	6.2811e-27	0.00e+00	0.00e+00	9.9247e+00
1.19388e+20	8.2117e+03	2.601e-21	2.7826e+01	2.7682e+01	4.2866e-15	6.6903e-03	9.9331e-01	1.0000e+00	1.4425e-06	1.1755e-36	2.4296e-18	4.7342e-05	7.7874e-01	2.2121e-01	1.1755e-36	7.2874e-03	9.9271e-01	9.1522e-20	1.1755e-36	1.1755e-36	1.1755e-36	9.7413e-27	0.00e+00	0.00e+00	1.0284e+01
1.19679e+20	8.2092e+03	2.629e-21	2.7826e+01	2.7658e+01	5.6388e-15	7.5699e-03	9.9243e-01	1.0000e+00	1.2243e-06	1.1755e-36	3.2715e-18	4.8264e-05	7.9239e-01	2.0756e-01	1.1755e-36	8.3480e-03	9.9165e-01	8.9811e-20	1.1755e-36	1.1755e-36	1.1755e-36	1.5005e-26	0.00e+00	0.00e+00	1.0652e+01
1.19943e+20	8.2033e+03	2.657e-21	2.7826e+01	2.7631e+01	7.4241e-15	8.5757e-03	9.9142e-01	1.0000e+00	1.0447e-06	1.1755e-36	4.3961e-18	4.9150e-05	8.0559e-01	1.9436e-01	1.1755e-36	9.5661e-03	9.9043e-01	8.6498e-20	1.1755e-36	1.1755e-36	1.1755e-36	2.3018e-26	0.00e+00	0.00e+00	1.1029e+01
1.20181e+20	8.1903e+03	2.686e-21	2.7826e+01	2.7601e+01	9.8186e-15	9.7321e-03	9.9027e-01	1.0000e+00	8.9491e-07	1.1755e-36	5.9051e-18	5.0007e-05	8.1837e-01	1.8158e-01	1.1755e-36	1.0971e-02	9.8903e-01	8.0769e-20	1.1755e-36	1.1755e-36	1.1755e-36	3.5257e-26	0.00e+00	0.00e+00	1.1415e+01
1.20396e+20	8.1743e+03	2.714e-21	2.7826e+01	2.7565e+01	1.3025e-14	1.1065e-02	9.8893e-01	1.0000e+00	7.6946e-07	1.1755e-36	7.9339e-18	5.0828e-05	8.3073e-01	1.6922e-01	1.1755e-36	1.2596e-02	9.8740e-01	7.4667e-20	1.1755e-36	1.1755e-36	1.1755e-36	5.3997e-26	0.00e+00	0.00e+00	1.1814e+01
1.20593e+20	8.1519e+03	2.741e-21	2.7826e+01	2.7525e+01	1.7418e-14	1.2622e-02	9.8738e-01	1.0000e+00	6.6235e-07	1.1755e-36	1.0699e-17	5.1624e-05	8.4277e-01	1.5717e-01	1.1755e-36	1.4498e-02	9.8550e-01	6.7513e-20	1.1755e-36	1.1755e-36	1.1755e-36	8.3098e-26	0.00e+00	0.00e+00	1.2230e+01
1.20773e+20	8.1235e+03	2.769e-21	2.7826e+01	2.7477e+01	2.3551e-14	1.4464e-02	9.8554e-01	1.0000e+00	5.6989e-07	1.1755e-36	1.4526e-17	5.2396e-05	8.5458e-01	1.4537e-01	1.1755e-36	1.6754e-02	9.8325e-01	5.9998e-20	1.1755e-36	1.1755e-36	1.1755e-36	1.2913e-25	0.00e+00	0.00e+00	1.2669e+01
1.20939e+20	8.0879e+03	2.798e-21	2.7826e+01	2.7419e+01	3.2343e-14	1.6683e-02	9.8332e-01	1.0000e+00	4.8903e-07	1.1755e-36	1.9936e-17	5.3150e-05	8.6624e-01	1.3371e-01	1.1755e-36	1.9476e-02	9.8052e-01	5.2421e-20	1.1755e-36	1.1755e-36	1.1755e-36	2.0375e-25	0.00e+00	0.00e+00	1.3138e+01
1.21094e+20	8.0486e+03	2.823e-21	2.7826e+01	2.7333e+01	4.5211e-14	1.9394e-02	9.8061e-01	1.0000e+00	4.1612e-07	1.1755e-36	2.7748e-17	5.3850e-05	8.7774e-01	1.2221e-01	1.1755e-36	2.2806e-02	9.7719e-01	4.5749e-20	1.1755e-36	1.1755e-36	1.1755e-36	3.2821e-25	0.00e+00	0.00e+00	1.3646e+01
1.21239e+20	7.9967e+03	2.849e-21	2.7826e+01	2.7222e+01	6.5088e-14	2.2820e-02	9.7718e-01	1.0000e+00	3.5193e-07	1.1755e-36	3.9465e-17	5.4516e-05	8.8931e-01	1.1063e-01	1.1755e-36	2.7017e-02	9.7298e-01	3.9146e-20	1.1755e-36	1.1755e-36	1.1755e-36	5.4479e-25	0.00e+00	0.00e+00	1.4213e+01
1.21376e+20	7.9324e+03	2.876e-21	2.7826e+01	2.7098e+01	9.7546e-14	2.7309e-02	9.7269e-01	1.0000e+00	2.9436e-07	1.1755e-36	5.7995e-17	5.5188e-05	9.0111e-01	9.8838e-02	1.1755e-36	3.2535e-02	9.6747e-01	3.3118e-20	1.1755e-36	1.1755e-36	1.1755e-36	9.4835e-25	0.00e+00	0.00e+00	1.4855e+01
1.21500e+20	7.8598e+03	2.899e-21	2.7826e+01	2.6938e+01	1.5016e-13	3.3051e-02	9.6695e-01	1.0000e+00	2.4285e-07	1.1755e-36	8.6901e-17	5.5767e-05	9.1247e-01	8.7474e-02	1.1755e-36	3.9587e-02	9.6041e-01	2.8236e-20	1.1755e-36	1.1755e-36	1.1755e-36	1.6985e-24	0.00e+00	0.00e+00	1.5517e+01
1.21603e+20	7.7843e+03	2.916e-21	2.7826e+01	2.6759e+01	2.3045e-13	3.9921e-02	9.6008e-01	1.0000e+00	2.0228e-07	1.1755e-36	1.2917e-16	5.6226e-05	9.2266e-01	7.7282e-02	1.1755e-36	4.8014e-02	9.5199e-01	2.5583e-20	1.1755e-36	1.1755e-36	1.1755e-36	3.0093e-24	0.00e+00	0.00e+00	1.6164e+01
1.21688e+20	7.7059e+03	2.930e-21	2.7826e+01	2.6596e+01	3.5080e-13	4.8002e-02	9.5200e-01	1.0000e+00	1.7047e-07	1.1755e-36	1.8971e-16	5.6618e-05	9.3173e-01	6.8210e-02	1.1755e-36	5.7902e-02	9.4210e-01	2.4041e-20	1.1755e-36	1.1755e-36	1.1755e-36	5.2466e-24	0.00e+00	0.00e+00	1.6816e+01
1.21762e+20	7.6350e+03	2.916e-21	2.7826e+01	2.6258e+01	5.2764e-13	5.7474e-02	9.4253e-01	1.0000e+00	1.4388e-07	1.1755e-36	2.7421e-16	5.6582e-05	9.3970e-01	6.0240e-02	1.1755e-36	6.9463e-02	9.3054e-01	2.2535e-20	1.1755e-36	1.1755e-36	1.1755e-36	8.9081e-24	0.00e+00	0.00e+00	1.7515e+01
1.21830e+20	7.5494e+03	2.901e-21	2.7826e+01	2.5958e+01	8.3062e-13	7.0093e-02	9.2991e-01	1.0000e+00	1.1997e-07	1.1755e-36	4.1142e-16	5.6621e-05	9.4772e-01	5.2225e-02	1.1755e-36	8.4790e-02	9.1521e-01	2.0294e-20	1.1755e-36	1.1755e-36	1.1755e-36	1.6010e-23	0.00e+00	0.00e+00	1.8341e+01
1.21894e+20	7.4613e+03	2.852e-21	2.7826e+01	2.5440e+01	1.3551e-12	8.6887e-02	9.1311e-01	1.0000e+00	9.7120e-08	1.1755e-36	6.3307e-16	5.6153e-05	9.5536e-01	4.4586e-02	1.1755e-36	1.0507e-01	8.9493e-01	1.7448e-20	1.1755e-36	1.1755e-36	1.1755e-36	2.9731e-23	0.00e+00	0.00e+00	1.9268e+01
1.21943e+20	7.3777e+03	2.795e-21	2.7826e+01	2.4935e+01	2.1387e-12	1.0609e-01	8.9391e-01	1.0000e+00	7.8207e-08	1.1755e-36	9.4240e-16	5.5591e-05	9.6160e-01	3.8347e-02	1.1755e-36	1.2806e-01	8.7194e-01	1.4968e-20	1.1755e-36	1.1755e-36	1.1755e-36	5.2709e-23	0.00e+00	0.00e+00	1.9977e+01
1.21979e+20	7.2988e+03	2.726e-21	2.7826e+01	2.4429e+01	3.1668e-12	1.2566e-01	8.7434e-01	1.0000e+00	6.8242e-08	1.1755e-36	1.3158e-15	5.4895e-05	9.6643e-01	3.3513e-02	1.1755e-36	1.5129e-01	8.4871e-01	1.3414e-20	1.1755e-36	1.1755e-36	1.1755e-36	8.5040e-23	0.00e+00	0.00e+00	2.0732e+01
1.22010e+20	7.2207e+03	2.639e-21	2.7826e+01	2.3830e+01	4.6029e-12	1.4744e-01	8.5256e-01	1.0000e+00	5.7664e-08	1.1755e-36	1.7951e-15	5.3942e-05	9.7055e-01	2.9400e-02	1.1755e-36	1.7690e-01	8.2310e-01	1.1850e-20	1.1755e-36	1.1755e-36	1.1755e-36	1.3227e-22	0.00e+00	0.00e+00	2.1452e+01
1.22036e+20	7.1390e+03	2.539e-21	2.7826e+01	2.3180e+01	6.5568e-12	1.7102e-01	8.2898e-01	1.0000e+00	4.9785e-08	1.1755e-36	2.3860e-15	5.2827e-05	9.7404e-01	2.5906e-02	1.1755e-36	2.0433e-01	7.9567e-01	1.0434e-20	1.1755e-36	1.1755e-36	1.1755e-36	1.9758e-22	0.00e+00	0.00e+00	2.2175e+01
1.22059e+20	7.0509e+03	2.416e-21	2.7826e+01	2.2375e+01	9.2912e-12	1.9732e-01	8.0268e-01	1.0000e+00	4.2944e-08	1.1755e-36	3.1197e-15	5.1341e-05	9.7713e-01	2.2820e-02	1.1755e-36	2.3458e-01	7.6542e-01	9.1025e-21	1.1755e-36	1.1755e-36	1.1755e-36	2.8626e-22	0.00e+00	0.00e+00	2.2957e+01
1.22082e+20	6.9398e+03	2.273e-21	2.7826e+01	2.1478e+01	1.3577e-11	2.2928e-01	7.7072e-01	1.0000e+00	3.6538e-08	1.1755e-36	4.1228e-15	4.9636e-05	9.8012e-01	1.9833e-02	1.1755e-36	2.7086e-01	7.2914e-01	7.7557e-21	1.1755e-36	1.1755e-36	1.1755e-36	4.1931e-22	0.00e+00	0.00e+00	2.3844e+01
1.22103e+20	6.8027e+03	2.104e-21	2.7826e+01	2.0408e+01	2.0391e-11	2.6745e-01	7.3255e-01	1.0000e+00	3.0643e-08	1.1755e-36	5.4555e-15	4.7533e-05	9.8292e-01	1.7032e-02	1.1755e-36	3.1347e-01	6.8653e-01	6.4644e-21	1.1755e-36	1.1755e-36	1.1755e-36	6.0963e-22	0.00e+00	0.00e+00	2.4801e+01
1.22121e+20	6.6525e+03	1.932e-21	2.7826e+01	1.9310e+01	3.0099e-11	3.0757e-01	6.9243e-01	1.0000e+00	2.5583e-08	1.1755e-36	6.9991e-15	4.5322e-05	9.8525e-01	1.4702e-02	1.1755e-36	3.5748e-01	6.4252e-01	5.3973e-21	1.1755e-36	1.1755e-36	1.1755e-36	8.4209e-22	0.00e+00	0.00e+00	2.5642e+01
1.22134e+20	6.5128e+03	1.783e-21	2.7826e+01	1.8326e+01	4.1343e-11	3.4227e-01	6.5773e-01	1.0000e+00	2.2379e-08	1.1755e-36	8.4204e-15	4.3296e-05	9.8691e-01	1.3042e-02	1.1755e-36	3.9490e-01	6.0510e-01	4.6685e-21	1.1755e-36	1.1755e-36	1.1755e-36	1.0573e-21	0.00e+00	0.00e+00	2.6300e+01
1.22144e+20	6.3925e+03	1.667e-21	2.7826e+01	1.7543e+01	5.2995e-11	3.7039e-01	6.2961e-01	1.0000e+00	2.0374e-08	1.1755e-36	9.6301e-15	4.1671e-05	9.8809e-01	1.1873e-02	1.1755e-36	4.2479e-01	5.7521e-01	4.1768e-21	1.1755e-36	1.1755e-36	1.1755e-36	1.2389e-21	0.00e+00	0.00e+00	2.6830e+01
1.22151e+20	6.2790e+03	1.566e-21	2.7826e+01	1.6849e+01	6.5774e-11	3.9526e-01	6.0474e-01	1.0000e+00	1.8903e-08	1.1755e-36	1.0734e-14	4.0219e-05	9.8902e-01	1.0944e-02	1.1755e-36	4.5093e-01	5.4907e-01	3.7965e-21	1.1755e-36	1.1755e-36	1.1755e-36	1.3998e-21	0.00e+00	0.00e+00	2.7336e+01
1.22158e+20	6.1587e+03	1.468e-21	2.7826e+01	1.6154e+01	8.1475e-11	4.2016e-01	5.7984e-01	1.0000e+00	1.7450e-08	1.1755e-36	1.1867e-14	3.8755e-05	9.8986e-01	1.0100e-02	1.1755e-36	4.7681e-01	5.2319e-01	3.4551e-21	1.1755e-36	1.1755e-36	1.1755e-36	1.5574e-21	0.00e+00	0.00e+00	2.7860e+01
1.22165e+20	6.0307e+03	1.371e-21	2.7826e+01	1.5453e+01	1.0094e-10	4.4525e-01	5.5475e-01	1.0000e+00	1.6014e-08	1.1755e-36	1.3032e-14	3.7268e-05	9.9064e-01	9.3228e-03	1.1755e-36	5.0259e-01	4.9741e-01	3.1447e-21	1.1755e-36	1.1755e-36	1.1755e-36	1.7094e-21	0.00e+00	0.00e+00	2.8376e+01
1.22172e+20	5.8988e+03	1.282e-21	2.7826e+01	1.4789e+01	1.2410e-10	4.6931e-01	5.3069e-01	1.0000e+00	1.4763e-08	1.1755e-36	1.4172e-14	3.5856e-05	9.9133e-01	8.6377e-03	1.1755e-36	5.2706e-01	4.7294e-01	2.8756e-21	1.1755e-36	1.1755e-36	1.1755e-36	1.8475e-21	0.00e+00	0.00e+00	2.8856e+01
1.22177e+20	5.7708e+03	1.201e-21	2.7826e+01	1.4170e+01	1.5011e-10	4.9153e-01	5.0847e-01	1.0000e+00	1.3754e-08	1.1755e-36	1.5239e-14	3.4534e-05	9.9192e-01	8.0505e-03	1.1755e-36	5.4944e-01	4.5056e-01	2.6488e-21	1.1755e-36	1.1755e-36	1.1755e-36	1.9640e-21	0.00e+00	0.00e+00	2.9303e+01
1.22182e+20	5.6430e+03	1.128e-21	2.7826e+01	1.3590e+01	1.7966e-10	5.1240e-01	4.8760e-01	1.0000e+00	1.2886e-08	1.1755e-36	1.6253e-14	3.3290e-05	9.9243e-01	7.5348e-03	1.1755e-36	5.7025e-01	4.2975e-01	2.4532e-21	1.1755e-36	1.1755e-36	1.1755e-36	2.0625e-21	0.00e+00	0.00e+00	2.9730e+01
1.22187e+20	5.5143e+03	1.059e-21	2.7826e+01	1.3035e+01	2.1327e-10	5.3234e-01	4.6766e-01	1.0000e+00	1.2104e-08	1.1755e-36	1.7234e-14	3.2098e-05	9.9290e-01	7.0707e-03	1.1755e-36	5.8997e-01	4.1003e-01	2.2799e-21	1.1755e-36	1.1755e-36	1.1755e-36	2.1460e-21	0.00e+00	0.00e+00	3.0145e+01
1.22190e+20	5.4103e+03	1.007e-21	2.7826e+01	1.2600e+01	2.4349e-10	5.4799e-01	4.5201e-01	1.0000e+00	1.1355e-08	1.1755e-36	1.8012e-14	3.1159e-05	9.9324e-01	6.7240e-03	1.1755e-36	6.0532e-01	3.9468e-01	2.1513e-21	1.1755e-36	1.1755e-36	1.1755e-36	2.2037e-21	0.00e+00	0.00e+00	3.0423e+01
1.22193e+20	5.3285e+03	9.687e-22	2.7826e+01	1.2274e+01	2.6885e-10	5.5965e-01	4.4035e-01	1.0000e+00	1.1064e-08	1.1755e-36	1.8596e-14	3.0456e-05	9.9349e-01	6.4754e-03	1.1755e-36	6.1671e-01	3.8329e-01	2.0612e-21	1.1755e-36	1.1755e-36	1.1755e-36	2.2411e-21	0.00e+00	0.00e+00	3.0656e+01
1.22195e+20	5.2448e+03	9.318e-22	2.7826e+01	1.1956e+01	2.9628e-10	5.7113e-01	4.2887e-01	1.0000e+00	1.0748e-08	1.1755e-36	1.9178e-14	2.9773e-05	9.9373e-01	6.2389e-03	1.1755e-36	6.2785e-01	3.7215e-01	1.9766e-21	1.1755e-36	1.1755e-36	1.1755e-36	2.2749e-21	0.00e+00	0.00e+00	3.0914e+01
1.22198e+20	5.1481e+03	8.919e-22	2.7826e+01	1.1604e+01	3.2956e-10	5.8380e-01	4.1620e-01	1.0000e+00	1.0317e-08	1.1755e-36	1.9823e-14	2.9016e-05	9.9398e-01	5.9870e-03	1.1755e-36	6.4008e-01	3.5992e-01	1.8871e-21	1.1755e-36	1.1755e-36	1.1755e-36	2.3061e-21	0.00e+00	0.00e+00	3.1202e+01
1.22201e+20	5.0451e+03	8.514e-22	2.7826e+01	1.1239e+01	3.6686e-10	5.9695e-01	4.0305e-01	1.0000e+00	9.8450e-09	1.1755e-36	2.0501e-14	2.8233e-05	9.9424e-01	5.7338e-03	1.1755e-36	6.5272e-01	3.4728e-01	1.7974e-21	1.1755e-36	1.1755e-36	1.1755e-36	2.3333e-21	0.00e+00	0.00e+00	3.1493e+01
1.22204e+20	4.9387e+03	8.129e-22	2.7826e+01	1.0885e+01	4.0583e-10	6.0981e-01	3.9019e-01	1.0000e+00	9.4126e-09	1.1755e-36	2.1157e-14	2.7477e-05	9.9449e-01	5.4872e-03	1.1755e-36	6.6503e-01	3.3497e-01	1.7133e-21	1.1755e-36	1.1755e-36	1.1755e-36	2.3473e-21	0.00e+00	0.00e+00	3.1775e+01
1.22206e+20	4.8329e+03	7.767e-22	2.7826e+01	1.0542e+01	4.4440e-10	6.2209e-01	3.7791e-01	1.0000e+00	9.0284e-09	1.1755e-36	2.1765e-14	2.6746e-05	9.9472e-01	5.2541e-03	1.1755e-36	6.7670e-01	3.2330e-01	1.6364e-21	1.1755e-36	1.1755e-36	1.1755e-36	2.3442e-21	0.00e+00	0.00e+00	3.2049e+01
1.22209e+20	4.7240e+03	7.420e-22	2.7826e+01	1.0207e+01	4.8377e-10	6.3422e-01	3.6578e-01	1.0000e+00	8.6604e-09	1.1755e-36	2.2366e-14	2.6037e-05	9.9494e-01	5.0297e-03	1.1755e-36	6.8819e-01	3.1181e-01	1.5633e-21	1.1755e-36	1.1755e-36	1.1755e-36	2.3328e-21	0.00e+00	0.00e+00	3.2325e+01
1.22211e+20	4.6190e+03	7.079e-22	2.7826e+01	9.8709e+00	5.2048e-10	6.4593e-01	3.5407e-01	1.0000e+00	8.3022e-09	1.1755e-36	2.2934e-14	2.5317e-05	9.9516e-01	4.8188e-03	1.1755e-36	6.9921e-01	3.0079e-01	1.4947e-21	1.1755e-36	1.1755e-36	1.1755e-36	2.3069e-21	0.00e+00	0.00e+00	3.2603e+01
1.22214e+20	4.5027e+03	6.747e-22	2.7826e+01	9.5353e+00	5.5868e-10	6.5799e-01	3.4201e-01	1.0000e+00	7.9360e-09	1.1755e-36	2.3519e-14	2.4614e-05	9.9537e-01	4.6069e-03	1.1755e-36	7.1052e-01	2.8948e-01	1.4270e-21	1.1755e-36	1.1755e-36	1.1755e-36	2.2725e-21	0.00e+00	0.00e+00	3.2889e+01
1.22216e+20	4.3846e+03	6.427e-22	2.7826e+01	9.2052e+00	5.9388e-10	6.6986e-01	3.3014e-01	1.0000e+00	7.5472e-09	1.1755e-36	2.4089e-14	2.3927e-05	9.9557e-01	4.4034e-03	1.1755e-36	7.2160e-01	2.7840e-01	1.3626e-21	1.1755e-36	1.1755e-36	1.1755e-36	2.2268e-21	0.00e+00	0.00e+00	3.3169e+01
1.22218e+20	4.2664e+03	6.125e-22	2.7826e+01	8.8860e+00	6.2457e-10	6.8134e-01	3.1866e-01	1.0000e+00	7.1470e-09	1.1755e-36	2.4634e-14	2.3270e-05	9.9577e-01	4.2115e-03	1.1755e-36	7.3226e-01	2.6774e-01	1.3023e-21	1.1755e-36	1.1755e-36	1.1755e-36	2.1712e-21	0.00e+00	0.00e+00	3.3445e+01
1.22221e+20	4.1435e+03	5.838e-22	2.7826e+01	8.5741e+00	6.5107e-10	6.9265e-01	3.0735e-01	1.0000e+00	6.6096e-09	1.1755e-36	2.5164e-14	2.2640e-05	9.9595e-01	4.0269e-03	1.1755e-36	7.4272e-01	2.5728e-01	1.2450e-21	1.1755e-36	1.1755e-36	1.1755e-36	2.1056e-21	0.00e+00	0.00e+00	3.3719e+01
1.22223e+20	4.0229e+03	5.563e-22	2.7826e+01	8.2700e+00	6.7118e-10	7.0358e-01	2.9642e-01	1.0000e+00	6.3616e-09	1.1755e-36	2.5672e-14	2.2031e-05	9.9613e-01	3.8526e-03	1.1755e-36	7.5279e-01	2.4721e-01	1.1909e-21	1.1755e-36	1.1755e-36	1.1755e-36	2.0315e-21	0.00e+00	0.00e+00	3.3992e+01
1.22225e+20	3.9003e+03	5.299e-22	2.7826e+01	7.9714e+00	6.8573e-10	7.1432e-01	2.8568e-01	1.0000e+00	6.3692e-09	1.1755e-36	2.6170e-14	2.1444e-05	9.9629e-01	3.6854e-03	1.1755e-36	7.6264e-01	2.3736e-01	1.1392e-21	1.1755e-36	1.1755e-36	1.1755e-36	1.9500e-21	0.00e+00	0.00e+00	3.4265e+01
