#depth	Te	Htot	hden	eden	2H_2/H	HI	HII	HeI	HeII	HeIII	CO/C	C1	C2	C3	C4	O1	O2	O3	O4	O5	O6	H2O/O	AV(point)	AV(extend)	Tau912
2.12770e+14	6.7770e+03	3.027e-21	2.7826e+01	3.0391e+01	1.0503e-15	6.6608e-04	9.9933e-01	1.9203e-03	9.3179e-01	6.6293e-02	8.3649e-21	7.2093e-06	3.5882e-02	9.4140e-01	2.2691e-02	2.7160e-05	6.3757e-02	9.0394e-01	3.2277e-02	9.1161e-07	1.1755e-36	1.3216e-28	0.00e+00	0.00e+00	4.9787e-05
1.27662e+15	6.7761e+03	3.027e-21	2.7826e+01	3.0387e+01	1.0505e-15	6.6592e-04	9.9933e-01	1.9201e-03	9.3182e-01	6.6259e-02	8.3500e-21	7.2031e-06	3.5873e-02	9.4134e-01	2.2754e-02	2.7132e-05	6.3708e-02	9.0409e-01	3.2171e-02	9.0726e-07	1.1755e-36	1.3190e-28	0.00e+00	0.00e+00	2.4889e-04
5.53202e+15	6.7746e+03	3.025e-21	2.7826e+01	3.0386e+01	1.0509e-15	6.6570e-04	9.9933e-01	1.9207e-03	9.3218e-01	6.5899e-02	8.3365e-21	7.1959e-06	3.5871e-02	9.4136e-01	2.2742e-02	2.7111e-05	6.3678e-02	9.0456e-01	3.1731e-02	8.8920e-07	1.1755e-36	1.3163e-28	0.00e+00	0.00e+00	1.0450e-03
2.25536e+16	6.7705e+03	3.019e-21	2.7826e+01	3.0383e+01	1.0525e-15	6.6530e-04	9.9933e-01	1.9252e-03	9.3413e-01	6.3947e-02	8.3222e-21	7.1852e-06	3.5886e-02	9.4150e-01	2.2585e-02	2.7109e-05	6.3686e-02	9.0625e-01	3.0034e-02	8.2061e-07	1.1755e-36	1.3124e-28	0.00e+00	0.00e+00	4.2277e-03
5.38734e+16	6.7538e+03	3.002e-21	2.7826e+01	3.0378e+01	1.0564e-15	6.6273e-04	9.9934e-01	1.9274e-03	9.3515e-01	6.2924e-02	8.2265e-21	7.1478e-06	3.5894e-02	9.4161e-01	2.2466e-02	2.6968e-05	6.3531e-02	9.0874e-01	2.7706e-02	7.2646e-07	1.1755e-36	1.2895e-28	0.00e+00	0.00e+00	8.3492e-03
9.45891e+16	6.7349e+03	2.984e-21	2.7826e+01	3.0371e+01	1.0595e-15	6.6020e-04	9.9934e-01	1.9344e-03	9.3829e-01	5.9771e-02	8.1217e-21	7.1222e-06	3.5919e-02	9.4190e-01	2.2160e-02	2.6867e-05	6.3453e-02	9.1165e-01	2.4872e-02	6.1837e-07	1.1755e-36	1.2617e-28	0.00e+00	0.00e+00	1.3687e-02
1.47519e+17	6.7116e+03	2.965e-21	2.7826e+01	3.0363e+01	1.0645e-15	6.5770e-04	9.9934e-01	1.9468e-03	9.4355e-01	5.4501e-02	8.0168e-21	7.1046e-06	3.5968e-02	9.4233e-01	2.1680e-02	2.6815e-05	6.3472e-02	9.1497e-01	2.1531e-02	4.9943e-07	1.1755e-36	1.2312e-28	0.00e+00	0.00e+00	2.0599e-02
2.16329e+17	6.6915e+03	2.941e-21	2.7826e+01	3.0349e+01	1.0641e-15	6.5447e-04	9.9935e-01	1.9628e-03	9.5089e-01	4.7150e-02	7.8943e-21	7.0841e-06	3.6013e-02	9.4292e-01	2.1052e-02	2.6778e-05	6.3563e-02	9.1864e-01	1.7766e-02	3.7677e-07	1.1755e-36	1.1975e-28	0.00e+00	0.00e+00	2.9541e-02
3.05781e+17	6.6631e+03	2.914e-21	2.7826e+01	3.0329e+01	1.0683e-15	6.5137e-04	9.9935e-01	1.9845e-03	9.6004e-01	3.7971e-02	7.7841e-21	7.0725e-06	3.6098e-02	9.4361e-01	2.0272e-02	2.6843e-05	6.3860e-02	9.2236e-01	1.3750e-02	2.5931e-07	1.1755e-36	1.1616e-28	0.00e+00	0.00e+00	4.1111e-02
4.22070e+17	6.6311e+03	2.884e-21	2.7826e+01	3.0306e+01	1.0780e-15	6.4813e-04	9.9935e-01	2.0097e-03	9.7016e-01	2.7833e-02	7.7230e-21	7.0678e-06	3.6215e-02	9.4436e-01	1.9414e-02	2.7017e-05	6.4390e-02	9.2580e-01	9.7849e-03	1.5833e-07	1.1755e-36	1.1354e-28	0.00e+00	0.00e+00	5.6076e-02
5.73244e+17	6.5948e+03	2.851e-21	2.7826e+01	3.0276e+01	1.0832e-15	6.4484e-04	9.9936e-01	2.0360e-03	9.7989e-01	1.8075e-02	7.6326e-21	7.0719e-06	3.6368e-02	9.4505e-01	1.8568e-02	2.7309e-05	6.5157e-02	9.2856e-01	6.2513e-03	1.1755e-36	1.1755e-36	1.0947e-28	0.00e+00	0.00e+00	7.5433e-02
7.69771e+17	6.5479e+03	2.818e-21	2.7826e+01	3.0255e+01	1.1034e-15	6.4238e-04	9.9936e-01	2.0634e-03	9.8785e-01	1.0082e-02	7.6298e-21	7.0964e-06	3.6600e-02	9.4559e-01	1.7795e-02	2.7766e-05	6.6180e-02	9.3031e-01	3.4864e-03	1.1755e-36	1.1755e-36	1.0686e-28	0.00e+00	0.00e+00	1.0050e-01
1.02526e+18	6.4924e+03	2.784e-21	2.7826e+01	3.0240e+01	1.1304e-15	6.4084e-04	9.9936e-01	2.0903e-03	9.9322e-01	4.6877e-03	7.6439e-21	7.1426e-06	3.6913e-02	9.4593e-01	1.7144e-02	2.8356e-05	6.7351e-02	9.3097e-01	1.6495e-03	1.1755e-36	1.1755e-36	1.0385e-28	0.00e+00	0.00e+00	1.3301e-01
1.35739e+18	6.4288e+03	2.750e-21	2.7826e+01	3.0232e+01	1.1671e-15	6.4061e-04	9.9936e-01	2.1179e-03	9.9612e-01	1.7665e-03	7.6855e-21	7.2163e-06	3.7322e-02	9.4608e-01	1.6590e-02	2.9083e-05	6.8613e-02	9.3071e-01	6.4450e-04	1.1755e-36	1.1755e-36	1.0076e-28	0.00e+00	0.00e+00	1.7526e-01
1.78916e+18	6.3586e+03	2.716e-21	2.7826e+01	3.0228e+01	1.2131e-15	6.4230e-04	9.9936e-01	2.1491e-03	9.9732e-01	5.2858e-04	7.7565e-21	7.3273e-06	3.7856e-02	9.4607e-01	1.6070e-02	3.0003e-05	6.9997e-02	9.2977e-01	2.0399e-04	1.1755e-36	1.1755e-36	9.7493e-29	0.00e+00	0.00e+00	2.3032e-01
2.35046e+18	6.2843e+03	2.680e-21	2.7826e+01	3.0227e+01	1.2697e-15	6.4691e-04	9.9935e-01	2.1880e-03	9.9769e-01	1.2545e-04	7.8831e-21	7.4918e-06	3.8557e-02	9.4592e-01	1.5517e-02	3.1237e-05	7.1620e-02	9.2830e-01	5.2240e-05	1.1755e-36	1.1755e-36	9.4338e-29	0.00e+00	0.00e+00	3.0242e-01
3.08015e+18	6.2098e+03	2.644e-21	2.7826e+01	3.0227e+01	1.3414e-15	6.5602e-04	9.9934e-01	2.2395e-03	9.9774e-01	2.4428e-05	8.1325e-21	7.7361e-06	3.9490e-02	9.4562e-01	1.4881e-02	3.2976e-05	7.3645e-02	9.2631e-01	1.1110e-05	1.1755e-36	1.1755e-36	9.2248e-29	0.00e+00	0.00e+00	3.9747e-01
4.02874e+18	6.1385e+03	2.610e-21	2.7826e+01	3.0227e+01	1.4331e-15	6.7244e-04	9.9933e-01	2.3103e-03	9.9769e-01	4.1378e-06	8.5830e-21	8.1016e-06	4.0762e-02	9.4510e-01	1.4131e-02	3.5527e-05	7.6273e-02	9.2369e-01	2.0472e-06	1.1755e-36	1.1755e-36	9.1771e-29	0.00e+00	0.00e+00	5.2413e-01
5.26192e+18	6.0832e+03	2.579e-21	2.7826e+01	3.0226e+01	1.5473e-15	7.0016e-04	9.9930e-01	2.4089e-03	9.9759e-01	6.3112e-07	9.3995e-21	8.6621e-06	4.2513e-02	9.4423e-01	1.3249e-02	3.9374e-05	7.9767e-02	9.2019e-01	3.3664e-07	1.1755e-36	1.1755e-36	9.4641e-29	0.00e+00	0.00e+00	6.9558e-01
6.86505e+18	6.0704e+03	2.551e-21	2.7826e+01	3.0224e+01	1.6772e-15	7.4553e-04	9.9925e-01	2.5485e-03	9.9745e-01	8.6420e-08	1.0925e-20	9.5165e-06	4.4950e-02	9.4280e-01	1.2240e-02	4.5337e-05	8.4401e-02	9.1555e-01	1.1755e-36	1.1755e-36	1.1755e-36	1.0471e-28	0.00e+00	0.00e+00	9.3290e-01
8.15973e+18	6.0553e+03	2.528e-21	2.7826e+01	3.0223e+01	1.6878e-15	7.7643e-04	9.9922e-01	2.6340e-03	9.9737e-01	2.0676e-08	1.1144e-20	1.0071e-05	4.6492e-02	9.4194e-01	1.1562e-02	4.9752e-05	8.7643e-02	9.1231e-01	1.1755e-36	1.1755e-36	1.1755e-36	9.9141e-29	0.00e+00	0.00e+00	1.0389e+00
8.97570e+18	6.0874e+03	2.528e-21	2.7826e+01	3.0221e+01	1.7505e-15	8.0944e-04	9.9919e-01	2.7171e-03	9.9728e-01	9.4863e-09	1.2399e-20	1.0634e-05	4.7907e-02	9.4095e-01	1.1135e-02	5.3895e-05	9.0164e-02	9.0978e-01	1.1755e-36	1.1755e-36	1.1755e-36	1.1026e-28	0.00e+00	0.00e+00	1.1604e+00
9.87327e+18	6.1332e+03	2.532e-21	2.7826e+01	3.0220e+01	1.8241e-15	8.5048e-04	9.9915e-01	2.8163e-03	9.9718e-01	4.2798e-09	1.4122e-20	1.1324e-05	4.9587e-02	9.3972e-01	1.0684e-02	5.9140e-05	9.3116e-02	9.0682e-01	1.1755e-36	1.1755e-36	1.1755e-36	1.2622e-28	0.00e+00	0.00e+00	1.3009e+00
1.08606e+19	6.1954e+03	2.540e-21	2.7826e+01	3.0218e+01	1.9137e-15	9.0230e-04	9.9910e-01	2.9371e-03	9.9706e-01	1.8983e-09	1.6574e-20	1.2184e-05	5.1615e-02	9.3817e-01	1.0203e-02	6.5942e-05	9.6626e-02	9.0331e-01	1.1755e-36	1.1755e-36	1.1755e-36	1.4994e-28	0.00e+00	0.00e+00	1.4648e+00
1.19467e+19	6.2859e+03	2.551e-21	2.7826e+01	3.0216e+01	2.0239e-15	9.6776e-04	9.9903e-01	3.0851e-03	9.9691e-01	8.2832e-10	2.0299e-20	1.3254e-05	5.4059e-02	9.3623e-01	9.7014e-03	7.4896e-05	1.0080e-01	8.9913e-01	1.1755e-36	1.1755e-36	1.1755e-36	1.8921e-28	0.00e+00	0.00e+00	1.6582e+00
1.31413e+19	6.3878e+03	2.574e-21	2.7826e+01	3.0213e+01	2.1931e-15	1.0551e-03	9.9894e-01	3.2762e-03	9.9672e-01	3.5464e-10	2.6149e-20	1.4659e-05	5.7196e-02	9.3365e-01	9.1440e-03	8.7479e-05	1.0613e-01	8.9379e-01	1.1755e-36	1.1755e-36	1.1755e-36	2.5263e-28	0.00e+00	0.00e+00	1.8902e+00
1.44555e+19	6.5186e+03	2.605e-21	2.7826e+01	3.0209e+01	2.4380e-15	1.1726e-03	9.9883e-01	3.5250e-03	9.9648e-01	1.4915e-10	3.6126e-20	1.6518e-05	6.1230e-02	9.3021e-01	8.5386e-03	1.0570e-04	1.1297e-01	8.8692e-01	1.1755e-36	1.1755e-36	1.1755e-36	3.6853e-28	0.00e+00	0.00e+00	2.1738e+00
1.57565e+19	6.6728e+03	2.646e-21	2.7826e+01	3.0204e+01	2.7330e-15	1.3170e-03	9.9868e-01	3.8131e-03	9.9619e-01	6.7649e-11	5.1554e-20	1.8716e-05	6.5853e-02	9.2617e-01	7.9614e-03	1.2995e-04	1.2091e-01	8.7896e-01	1.1755e-36	1.1755e-36	1.1755e-36	5.6118e-28	0.00e+00	0.00e+00	2.4572e+00
1.68542e+19	6.8096e+03	2.693e-21	2.7826e+01	3.0199e+01	3.0903e-15	1.4725e-03	9.9853e-01	4.1063e-03	9.9589e-01	3.6355e-11	7.2653e-20	2.0997e-05	7.0554e-02	9.2196e-01	7.4627e-03	1.5822e-04	1.2893e-01	8.7091e-01	1.1755e-36	1.1755e-36	1.1755e-36	8.4087e-28	0.00e+00	0.00e+00	2.7082e+00
1.77419e+19	6.9368e+03	2.735e-21	2.7826e+01	3.0194e+01	3.4589e-15	1.6267e-03	9.9837e-01	4.3946e-03	9.9561e-01	2.2549e-11	9.9926e-20	2.3214e-05	7.5076e-02	9.1785e-01	7.0502e-03	1.8946e-04	1.3712e-01	8.6269e-01	1.1755e-36	1.1755e-36	1.1755e-36	1.2245e-27	0.00e+00	0.00e+00	2.9382e+00
1.85073e+19	7.0515e+03	2.775e-21	2.7826e+01	3.0188e+01	3.8935e-15	1.7866e-03	9.9821e-01	4.6904e-03	9.9531e-01	1.5123e-11	1.3627e-19	2.5473e-05	7.9651e-02	9.1365e-01	6.6764e-03	2.2457e-04	1.4535e-01	8.5442e-01	1.1755e-36	1.1755e-36	1.1755e-36	1.7692e-27	0.00e+00	0.00e+00	3.1660e+00
1.92142e+19	7.1615e+03	2.815e-21	2.7826e+01	3.0183e+01	4.4027e-15	1.9628e-03	9.9804e-01	5.0118e-03	9.9499e-01	1.0559e-11	1.8652e-19	2.7911e-05	8.4565e-02	9.0909e-01	6.3148e-03	2.6671e-04	1.5435e-01	8.4539e-01	1.1755e-36	1.1755e-36	1.1755e-36	2.5576e-27	0.00e+00	0.00e+00	3.4032e+00
1.98771e+19	7.2695e+03	2.857e-21	2.7826e+01	3.0176e+01	5.0140e-15	2.1595e-03	9.9784e-01	5.3643e-03	9.9464e-01	7.6200e-12	2.5752e-19	3.0565e-05	8.9887e-02	9.0412e-01	5.9624e-03	3.1802e-04	1.6430e-01	8.3538e-01	1.1755e-36	1.1755e-36	1.1755e-36	3.7309e-27	0.00e+00	0.00e+00	3.6452e+00
2.04816e+19	7.3724e+03	2.898e-21	2.7826e+01	3.0169e+01	5.7148e-15	2.3732e-03	9.9763e-01	5.7407e-03	9.9426e-01	5.7121e-12	3.5443e-19	3.3369e-05	9.5490e-02	8.9885e-01	5.6279e-03	3.7885e-04	1.7501e-01	8.2461e-01	1.1755e-36	1.1755e-36	1.1755e-36	5.4055e-27	0.00e+00	0.00e+00	3.8833e+00
2.10224e+19	7.4674e+03	2.938e-21	2.7826e+01	3.0162e+01	6.5208e-15	2.6001e-03	9.9740e-01	6.1346e-03	9.9387e-01	4.4417e-12	4.8454e-19	3.6267e-05	1.0127e-01	8.9338e-01	5.3143e-03	4.4927e-04	1.8630e-01	8.1325e-01	1.1755e-36	1.1755e-36	1.1755e-36	7.7661e-27	0.00e+00	0.00e+00	4.1163e+00
2.15105e+19	7.5554e+03	2.976e-21	2.7826e+01	3.0154e+01	7.4450e-15	2.8414e-03	9.9716e-01	6.5486e-03	9.9345e-01	3.5540e-12	6.5858e-19	3.9273e-05	1.0726e-01	8.8768e-01	5.0174e-03	5.3076e-04	1.9822e-01	8.0125e-01	1.1755e-36	1.1755e-36	1.1755e-36	1.1070e-26	0.00e+00	0.00e+00	4.3489e+00
2.19601e+19	7.6435e+03	3.011e-21	2.7826e+01	3.0147e+01	8.5292e-15	3.1000e-03	9.9690e-01	6.9798e-03	9.9302e-01	2.9056e-12	8.9736e-19	4.2413e-05	1.1347e-01	8.8175e-01	4.7344e-03	6.2576e-04	2.1093e-01	7.8844e-01	1.1755e-36	1.1755e-36	1.1755e-36	1.5907e-26	0.00e+00	0.00e+00	4.5848e+00
2.23790e+19	7.7157e+03	3.049e-21	2.7826e+01	3.0135e+01	9.7807e-15	3.3868e-03	9.9661e-01	7.4713e-03	9.9253e-01	2.4124e-12	1.2150e-18	4.5800e-05	1.2026e-01	8.7524e-01	4.4524e-03	7.3978e-04	2.2485e-01	7.7441e-01	1.1755e-36	1.1755e-36	1.1755e-36	2.2359e-26	0.00e+00	0.00e+00	4.8255e+00
2.27678e+19	7.7950e+03	3.083e-21	2.7826e+01	3.0128e+01	1.1283e-14	3.6942e-03	9.9631e-01	7.9717e-03	9.9203e-01	2.0388e-12	1.6599e-18	4.9332e-05	1.2724e-01	8.6853e-01	4.1852e-03	8.7269e-04	2.3966e-01	7.5947e-01	1.1755e-36	1.1755e-36	1.1755e-36	3.2180e-26	0.00e+00	0.00e+00	5.0676e+00
2.31266e+19	7.8597e+03	3.118e-21	2.7826e+01	3.0116e+01	1.2981e-14	4.0308e-03	9.9597e-01	8.5234e-03	9.9148e-01	1.7476e-12	2.2433e-18	5.3089e-05	1.3474e-01	8.6128e-01	3.9235e-03	1.0298e-03	2.5558e-01	7.4339e-01	1.1755e-36	1.1755e-36	1.1755e-36	4.5095e-26	0.00e+00	0.00e+00	5.3116e+00
2.34587e+19	7.9250e+03	3.151e-21	2.7826e+01	3.0104e+01	1.4979e-14	4.3926e-03	9.9561e-01	9.1100e-03	9.9089e-01	1.5186e-12	3.0376e-18	5.6998e-05	1.4254e-01	8.5373e-01	3.6739e-03	1.2126e-03	2.7248e-01	7.2630e-01	1.1755e-36	1.1755e-36	1.1755e-36	6.3671e-26	0.00e+00	0.00e+00	5.5581e+00
2.37676e+19	7.9841e+03	3.183e-21	2.7826e+01	3.0091e+01	1.7336e-14	4.7869e-03	9.9521e-01	9.7426e-03	9.9026e-01	1.3340e-12	4.1108e-18	6.1127e-05	1.5078e-01	8.4572e-01	3.4318e-03	1.4274e-03	2.9054e-01	7.0803e-01	1.1755e-36	1.1755e-36	1.1755e-36	8.9716e-26	0.00e+00	0.00e+00	5.8091e+00
2.40567e+19	8.0511e+03	3.211e-21	2.7826e+01	3.0080e+01	2.0039e-14	5.2116e-03	9.9479e-01	1.0410e-02	9.8959e-01	1.1843e-12	5.5735e-18	6.5425e-05	1.5934e-01	8.3739e-01	3.2015e-03	1.6774e-03	3.0970e-01	6.8862e-01	1.1755e-36	1.1755e-36	1.1755e-36	1.2738e-25	0.00e+00	0.00e+00	6.0652e+00
2.43279e+19	8.0922e+03	3.245e-21	2.7826e+01	3.0063e+01	2.3393e-14	5.6906e-03	9.9431e-01	1.1165e-02	9.8884e-01	1.0580e-12	7.5416e-18	7.0110e-05	1.6876e-01	8.2820e-01	2.9702e-03	1.9780e-03	3.3044e-01	6.6758e-01	1.1755e-36	1.1755e-36	1.1755e-36	1.7814e-25	0.00e+00	0.00e+00	6.3275e+00
2.45818e+19	8.1606e+03	3.268e-21	2.7826e+01	3.0049e+01	2.7089e-14	6.1978e-03	9.9380e-01	1.1944e-02	9.8806e-01	9.5554e-13	1.0241e-17	7.4888e-05	1.7831e-01	8.1885e-01	2.7566e-03	2.3229e-03	3.5213e-01	6.4554e-01	1.1755e-36	1.1755e-36	1.1755e-36	2.5367e-25	0.00e+00	0.00e+00	6.5946e+00
2.48193e+19	8.2038e+03	3.297e-21	2.7826e+01	3.0029e+01	3.1588e-14	6.7682e-03	9.9323e-01	1.2822e-02	9.8718e-01	8.6735e-13	1.3828e-17	8.0035e-05	1.8874e-01	8.0863e-01	2.5443e-03	2.7344e-03	3.7532e-01	6.2195e-01	1.1755e-36	1.1755e-36	1.1755e-36	3.5398e-25	0.00e+00	0.00e+00	6.8679e+00
2.50423e+19	8.2484e+03	3.324e-21	2.7826e+01	3.0012e+01	3.7279e-14	7.3935e-03	9.9261e-01	1.3762e-02	9.8624e-01	7.9278e-13	1.8898e-17	8.5491e-05	1.9963e-01	7.9794e-01	2.3413e-03	3.2163e-03	3.9976e-01	5.9703e-01	1.1755e-36	1.1755e-36	1.1755e-36	5.0723e-25	0.00e+00	0.00e+00	7.1486e+00
2.52525e+19	8.2920e+03	3.349e-21	2.7826e+01	2.9987e+01	4.3595e-14	8.0881e-03	9.9191e-01	1.4801e-02	9.8520e-01	7.2853e-13	2.5562e-17	9.1230e-05	2.1135e-01	7.8641e-01	2.1455e-03	3.7854e-03	4.2556e-01	5.7066e-01	1.1755e-36	1.1755e-36	1.1755e-36	7.0951e-25	0.00e+00	0.00e+00	7.4387e+00
2.54506e+19	8.3300e+03	3.375e-21	2.7826e+01	2.9966e+01	5.1974e-14	8.8625e-03	9.9114e-01	1.5932e-02	9.8407e-01	6.7290e-13	3.5143e-17	9.7404e-05	2.2370e-01	7.7425e-01	1.9571e-03	4.4575e-03	4.5268e-01	5.4287e-01	1.1755e-36	1.1755e-36	1.1755e-36	1.0249e-24	0.00e+00	0.00e+00	7.7377e+00
2.56373e+19	8.3642e+03	3.401e-21	2.7826e+01	2.9941e+01	6.1934e-14	9.7313e-03	9.9027e-01	1.7183e-02	9.8282e-01	6.2431e-13	4.8162e-17	1.0395e-04	2.3695e-01	7.6117e-01	1.7759e-03	5.2532e-03	4.8105e-01	5.1370e-01	1.1755e-36	1.1755e-36	1.1755e-36	1.4662e-24	0.00e+00	0.00e+00	8.0479e+00
2.58137e+19	8.3990e+03	3.425e-21	2.7826e+01	2.9912e+01	7.4075e-14	1.0706e-02	9.8929e-01	1.8563e-02	9.8144e-01	5.8177e-13	6.6192e-17	1.1090e-04	2.5106e-01	7.4722e-01	1.6032e-03	6.1934e-03	5.1054e-01	4.8326e-01	1.1755e-36	1.1755e-36	1.1755e-36	2.1069e-24	0.00e+00	0.00e+00	8.3702e+00
2.59805e+19	8.4231e+03	3.452e-21	2.7826e+01	2.9879e+01	8.9694e-14	1.1818e-02	9.8818e-01	2.0109e-02	9.7989e-01	5.4377e-13	9.1573e-17	1.1837e-04	2.6624e-01	7.3220e-01	1.4371e-03	7.3152e-03	5.4113e-01	4.5155e-01	1.1755e-36	1.1755e-36	1.1755e-36	3.0532e-24	0.00e+00	0.00e+00	8.7067e+00
2.61384e+19	8.4553e+03	3.474e-21	2.7826e+01	2.9841e+01	1.0868e-13	1.3075e-02	9.8692e-01	2.1820e-02	9.7818e-01	5.1039e-13	1.2706e-16	1.2625e-04	2.8240e-01	7.1620e-01	1.2805e-03	8.6426e-03	5.7251e-01	4.1885e-01	1.1755e-36	1.1755e-36	1.1755e-36	4.4495e-24	0.00e+00	0.00e+00	9.0600e+00
2.62885e+19	8.4701e+03	3.500e-21	2.7826e+01	2.9787e+01	1.3312e-13	1.4542e-02	9.8546e-01	2.3787e-02	9.7621e-01	4.7965e-13	1.7660e-16	1.3471e-04	3.0002e-01	6.9871e-01	1.1300e-03	1.0246e-02	6.0470e-01	3.8506e-01	1.1755e-36	1.1755e-36	1.1755e-36	6.4494e-24	0.00e+00	0.00e+00	9.4336e+00
2.64314e+19	8.4899e+03	3.524e-21	2.7826e+01	2.9734e+01	1.6552e-13	1.6243e-02	9.8376e-01	2.6002e-02	9.7400e-01	4.5219e-13	2.4956e-16	1.4386e-04	3.1893e-01	6.7994e-01	9.8806e-04	1.2174e-02	6.3735e-01	3.5047e-01	1.1755e-36	1.1755e-36	1.1755e-36	9.6364e-24	0.00e+00	0.00e+00	9.8319e+00
2.65680e+19	8.5019e+03	3.551e-21	2.7826e+01	2.9684e+01	2.1107e-13	1.8265e-02	9.8174e-01	2.8540e-02	9.7146e-01	4.2711e-13	3.6050e-16	1.5400e-04	3.3950e-01	6.5949e-01	8.5334e-04	1.4530e-02	6.7033e-01	3.1514e-01	1.1755e-36	1.1755e-36	1.1755e-36	1.4926e-23	0.00e+00	0.00e+00	1.0261e+01
2.66993e+19	8.5042e+03	3.579e-21	2.7826e+01	2.9617e+01	2.7300e-13	2.0716e-02	9.7928e-01	3.1519e-02	9.6848e-01	4.0377e-13	5.2549e-16	1.6500e-04	3.6225e-01	6.3686e-01	7.2567e-04	1.7455e-02	7.0332e-01	2.7922e-01	1.1755e-36	1.1755e-36	1.1755e-36	2.3249e-23	0.00e+00	0.00e+00	1.0730e+01
2.68192e+19	8.5065e+03	3.606e-21	2.7826e+01	2.9536e+01	3.5523e-13	2.3572e-02	9.7643e-01	3.4831e-02	9.6517e-01	3.8360e-13	7.6547e-16	1.7629e-04	3.8587e-01	6.1334e-01	6.1234e-04	2.0929e-02	7.3423e-01	2.4484e-01	1.1755e-36	1.1755e-36	1.1755e-36	3.6349e-23	0.00e+00	0.00e+00	1.1189e+01
2.69258e+19	8.5027e+03	3.629e-21	2.7826e+01	2.9419e+01	4.5749e-13	2.6785e-02	9.7322e-01	3.8465e-02	9.6154e-01	3.6588e-13	1.0885e-15	1.8733e-04	4.0983e-01	5.8947e-01	5.1487e-04	2.4895e-02	7.6167e-01	2.1344e-01	1.1755e-36	1.1755e-36	1.1755e-36	5.4836e-23	0.00e+00	0.00e+00	1.1671e+01
2.70434e+19	8.4928e+03	3.648e-21	2.7826e+01	2.9266e+01	6.2768e-13	3.1237e-02	9.6876e-01	4.3467e-02	9.5653e-01	3.4579e-13	1.6660e-15	2.0122e-04	4.3991e-01	5.5948e-01	4.1333e-04	3.0462e-02	7.9054e-01	1.7900e-01	1.1755e-36	1.1755e-36	1.1755e-36	9.1132e-23	0.00e+00	0.00e+00	1.2400e+01
2.71669e+19	8.4673e+03	3.679e-21	2.7826e+01	2.9058e+01	9.4373e-13	3.7883e-02	9.6212e-01	5.0224e-02	9.4978e-01	3.2544e-13	2.7983e-15	2.1785e-04	4.7636e-01	5.2311e-01	3.1347e-04	3.8791e-02	8.1888e-01	1.4233e-01	1.1755e-36	1.1755e-36	1.1755e-36	1.7210e-22	0.00e+00	0.00e+00	1.3160e+01
2.72648e+19	8.4432e+03	3.705e-21	2.7826e+01	2.8827e+01	1.3944e-12	4.5567e-02	9.5443e-01	5.7285e-02	9.4272e-01	3.1053e-13	4.5220e-15	2.3287e-04	5.1047e-01	4.8906e-01	2.3934e-04	4.8422e-02	8.3844e-01	1.1314e-01	1.1755e-36	1.1755e-36	1.1755e-36	3.1327e-22	0.00e+00	0.00e+00	1.3812e+01
2.73305e+19	8.4094e+03	3.728e-21	2.7826e+01	2.8638e+01	1.9135e-12	5.2804e-02	9.4720e-01	6.3335e-02	9.3667e-01	3.0056e-13	6.5535e-15	2.4437e-04	5.3696e-01	4.6261e-01	1.9246e-04	5.7454e-02	8.4879e-01	9.3755e-02	1.1755e-36	1.1755e-36	1.1755e-36	5.0008e-22	0.00e+00	0.00e+00	1.4277e+01
2.73758e+19	8.3921e+03	3.735e-21	2.7826e+01	2.8472e+01	2.4278e-12	5.8895e-02	9.4111e-01	6.8273e-02	9.3173e-01	2.9379e-13	8.6585e-15	2.5268e-04	5.5679e-01	4.4279e-01	1.6285e-04	6.5046e-02	8.5385e-01	8.1107e-02	1.1755e-36	1.1755e-36	1.1755e-36	7.1636e-22	0.00e+00	0.00e+00	1.4696e+01
2.74224e+19	8.3570e+03	3.738e-21	2.7826e+01	2.8278e+01	3.1521e-12	6.6297e-02	9.3370e-01	7.4319e-02	9.2568e-01	2.8583e-13	1.1625e-14	2.6186e-04	5.7907e-01	4.2053e-01	1.3478e-04	7.4245e-02	8.5677e-01	6.8989e-02	1.1755e-36	1.1755e-36	1.1755e-36	1.0428e-21	0.00e+00	0.00e+00	1.5309e+01
2.74745e+19	8.3363e+03	3.722e-21	2.7826e+01	2.7915e+01	4.2689e-12	7.6531e-02	9.2347e-01	8.1982e-02	9.1802e-01	2.7774e-13	1.6376e-14	2.7060e-04	6.0445e-01	3.9518e-01	1.0713e-04	8.6900e-02	8.5677e-01	5.6332e-02	1.1755e-36	1.1755e-36	1.1755e-36	1.6193e-21	0.00e+00	0.00e+00	1.6002e+01
2.75212e+19	8.2985e+03	3.723e-21	2.7826e+01	2.7655e+01	5.9942e-12	8.9211e-02	9.1079e-01	9.0557e-02	9.0944e-01	2.6997e-13	2.3787e-14	2.8064e-04	6.3058e-01	3.6905e-01	8.3749e-05	1.0243e-01	8.5226e-01	4.5314e-02	1.1755e-36	1.1755e-36	1.1755e-36	2.6554e-21	0.00e+00	0.00e+00	1.6658e+01
2.75581e+19	8.2868e+03	3.688e-21	2.7826e+01	2.7198e+01	7.8375e-12	1.0143e-01	8.9857e-01	9.8180e-02	9.0182e-01	2.6537e-13	3.1859e-14	2.8546e-04	6.5113e-01	3.4852e-01	6.7968e-05	1.1730e-01	8.4527e-01	3.7433e-02	1.1755e-36	1.1755e-36	1.1755e-36	3.8952e-21	0.00e+00	0.00e+00	1.7227e+01
2.75890e+19	8.2622e+03	3.665e-21	2.7826e+01	2.6892e+01	1.0231e-11	1.1438e-01	8.8562e-01	1.0598e-01	8.9402e-01	2.6061e-13	4.2430e-14	2.9142e-04	6.7069e-01	3.2896e-01	5.5586e-05	1.3294e-01	8.3584e-01	3.1222e-02	1.1755e-36	1.1755e-36	1.1755e-36	5.7336e-21	0.00e+00	0.00e+00	1.7829e+01
2.76187e+19	8.2474e+03	3.610e-21	2.7826e+01	2.6383e+01	1.3158e-11	1.2873e-01	8.7127e-01	1.1414e-01	8.8586e-01	2.5689e-13	5.5292e-14	2.9416e-04	6.8900e-01	3.1066e-01	4.5466e-05	1.5014e-01	8.2395e-01	2.5918e-02	1.1755e-36	1.1755e-36	1.1755e-36	8.1541e-21	0.00e+00	0.00e+00	1.8493e+01
2.76524e+19	8.2139e+03	3.538e-21	2.7826e+01	2.5789e+01	1.8130e-11	1.4875e-01	8.5125e-01	1.2526e-01	8.7474e-01	2.5201e-13	7.6875e-14	2.9774e-04	7.1169e-01	2.8797e-01	3.5226e-05	1.7391e-01	8.0559e-01	2.0499e-02	1.1755e-36	1.1755e-36	1.1755e-36	1.2710e-20	0.00e+00	0.00e+00	1.9491e+01
2.76863e+19	8.1916e+03	3.445e-21	2.7826e+01	2.5016e+01	2.5915e-11	1.7537e-01	8.2463e-01	1.3766e-01	8.6234e-01	2.4913e-13	1.1086e-13	2.9857e-04	7.3460e-01	2.6507e-01	2.6487e-05	2.0509e-01	7.7933e-01	1.5582e-02	1.1755e-36	1.1755e-36	1.1755e-36	2.0993e-20	0.00e+00	0.00e+00	2.0398e+01
2.77112e+19	8.1758e+03	3.352e-21	2.7826e+01	2.4299e+01	3.4703e-11	2.0036e-01	7.9964e-01	1.4838e-01	8.5162e-01	2.4766e-13	1.4889e-13	2.9743e-04	7.5222e-01	2.4746e-01	2.0958e-05	2.3394e-01	7.5369e-01	1.2363e-02	1.1755e-36	1.1755e-36	1.1755e-36	3.1624e-20	0.00e+00	0.00e+00	2.1114e+01
2.77301e+19	8.1500e+03	3.267e-21	2.7826e+01	2.3706e+01	4.3937e-11	2.2272e-01	7.7728e-01	1.5769e-01	8.4231e-01	2.4685e-13	1.8753e-13	2.9597e-04	7.6639e-01	2.3329e-01	1.7282e-05	2.5946e-01	7.3033e-01	1.0213e-02	1.1755e-36	1.1755e-36	1.1755e-36	4.3489e-20	0.00e+00	0.00e+00	2.1798e+01
2.77502e+19	8.1111e+03	3.149e-21	2.7826e+01	2.2935e+01	5.6958e-11	2.4877e-01	7.5123e-01	1.6866e-01	8.3134e-01	2.4630e-13	2.3890e-13	2.9256e-04	7.8149e-01	2.1821e-01	1.3977e-05	2.8885e-01	7.0288e-01	8.2681e-03	1.1755e-36	1.1755e-36	1.1755e-36	6.0770e-20	0.00e+00	0.00e+00	2.2792e+01
2.77725e+19	8.0916e+03	2.992e-21	2.7826e+01	2.1928e+01	7.5847e-11	2.8243e-01	7.1757e-01	1.8121e-01	8.1879e-01	2.4775e-13	3.1358e-13	2.8570e-04	7.9740e-01	2.0230e-01	1.0949e-05	3.2624e-01	6.6736e-01	6.4038e-03	1.1755e-36	1.1755e-36	1.1755e-36	8.8919e-20	0.00e+00	0.00e+00	2.3879e+01
2.77925e+19	8.0561e+03	2.833e-21	2.7826e+01	2.0909e+01	1.0042e-10	3.1829e-01	6.8171e-01	1.9376e-01	8.0624e-01	2.5013e-13	4.0445e-13	2.7780e-04	8.1188e-01	1.8784e-01	8.6600e-06	3.6541e-01	6.2962e-01	4.9731e-03	1.1755e-36	1.1755e-36	1.1755e-36	1.2713e-19	0.00e+00	0.00e+00	2.4888e+01
2.78089e+19	8.0259e+03	2.683e-21	2.7826e+01	1.9968e+01	1.2691e-10	3.5096e-01	6.4904e-01	2.0488e-01	7.9512e-01	2.5339e-13	4.9754e-13	2.6952e-04	8.2364e-01	1.7608e-01	7.0927e-06	4.0051e-01	5.9550e-01	3.9855e-03	1.1755e-36	1.1755e-36	1.1755e-36	1.7025e-19	0.00e+00	0.00e+00	2.5801e+01
2.78226e+19	7.9876e+03	2.549e-21	2.7826e+01	1.9140e+01	1.5481e-10	3.8034e-01	6.1966e-01	2.1484e-01	7.8516e-01	2.5690e-13	5.8787e-13	2.6179e-04	8.3349e-01	1.6625e-01	5.9753e-06	4.3163e-01	5.6509e-01	3.2863e-03	1.1755e-36	1.1755e-36	1.1755e-36	2.1482e-19	0.00e+00	0.00e+00	2.6641e+01
2.78347e+19	7.9496e+03	2.423e-21	2.7826e+01	1.8389e+01	1.8445e-10	4.0757e-01	5.9243e-01	2.2431e-01	7.7569e-01	2.6039e-13	6.7850e-13	2.5446e-04	8.4220e-01	1.5754e-01	5.1175e-06	4.6009e-01	5.3716e-01	2.7552e-03	1.1755e-36	1.1755e-36	1.1755e-36	2.6226e-19	0.00e+00	0.00e+00	2.7473e+01
2.78462e+19	7.9111e+03	2.297e-21	2.7826e+01	1.7631e+01	2.1790e-10	4.3403e-01	5.6597e-01	2.3367e-01	7.6633e-01	2.6425e-13	7.7401e-13	2.4674e-04	8.5026e-01	1.4949e-01	4.4140e-06	4.8740e-01	5.1028e-01	2.3223e-03	1.1755e-36	1.1755e-36	1.1755e-36	3.1526e-19	0.00e+00	0.00e+00	2.8340e+01
2.78572e+19	7.8697e+03	2.174e-21	2.7826e+01	1.6886e+01	2.5484e-10	4.5997e-01	5.4003e-01	2.4291e-01	7.5709e-01	2.6868e-13	8.7125e-13	2.3875e-04	8.5778e-01	1.4198e-01	3.8295e-06	5.1386e-01	4.8418e-01	1.9650e-03	1.1755e-36	1.1755e-36	1.1755e-36	3.7113e-19	0.00e+00	0.00e+00	2.9196e+01
2.78673e+19	7.8277e+03	2.059e-21	2.7826e+01	1.6188e+01	2.9383e-10	4.8406e-01	5.1594e-01	2.5171e-01	7.4829e-01	2.7335e-13	9.6560e-13	2.3100e-04	8.6453e-01	1.3523e-01	3.3592e-06	5.3816e-01	4.6016e-01	1.6811e-03	1.1755e-36	1.1755e-36	1.1755e-36	4.2708e-19	0.00e+00	0.00e+00	3.0012e+01
2.78765e+19	7.7847e+03	1.953e-21	2.7826e+01	1.5546e+01	3.3432e-10	5.0614e-01	4.9386e-01	2.6015e-01	7.3985e-01	2.7797e-13	1.0554e-12	2.2373e-04	8.7065e-01	1.2913e-01	2.9770e-06	5.6019e-01	4.3836e-01	1.4547e-03	1.1755e-36	1.1755e-36	1.1755e-36	4.8154e-19	0.00e+00	0.00e+00	3.0804e+01
2.78853e+19	7.7398e+03	1.853e-21	2.7826e+01	1.4944e+01	3.7734e-10	5.2694e-01	4.7306e-01	2.6854e-01	7.3146e-01	2.8248e-13	1.1430e-12	2.1680e-04	8.7639e-01	1.2339e-01	2.6525e-06	5.8075e-01	4.1798e-01	1.2668e-03	1.1755e-36	1.1755e-36	1.1755e-36	5.3551e-19	0.00e+00	0.00e+00	3.1603e+01
2.78923e+19	7.7122e+03	1.775e-21	2.7826e+01	1.4451e+01	4.1248e-10	5.4299e-01	4.5701e-01	2.7473e-01	7.2527e-01	2.8709e-13	1.2111e-12	2.1079e-04	8.8052e-01	1.1927e-01	2.4312e-06	5.9648e-01	4.0239e-01	1.1360e-03	1.1755e-36	1.1755e-36	1.1755e-36	5.7842e-19	0.00e+00	0.00e+00	3.2118e+01
2.78971e+19	7.6794e+03	1.722e-21	2.7826e+01	1.4133e+01	4.4106e-10	5.5415e-01	4.4585e-01	2.7975e-01	7.2025e-01	2.8958e-13	1.2596e-12	2.0709e-04	8.8364e-01	1.1615e-01	2.2813e-06	6.0736e-01	3.9159e-01	1.0528e-03	1.1755e-36	1.1755e-36	1.1755e-36	6.0820e-19	0.00e+00	0.00e+00	3.2538e+01
2.79017e+19	7.6378e+03	1.673e-21	2.7826e+01	1.3847e+01	4.7410e-10	5.6502e-01	4.3498e-01	2.8518e-01	7.1482e-01	2.9120e-13	1.3126e-12	2.0394e-04	8.8683e-01	1.1296e-01	2.1396e-06	6.1792e-01	3.8111e-01	9.7763e-04	1.1755e-36	1.1755e-36	1.1755e-36	6.4221e-19	0.00e+00	0.00e+00	3.3024e+01
2.79070e+19	7.6121e+03	1.614e-21	2.7826e+01	1.3488e+01	5.0486e-10	5.7631e-01	4.2369e-01	2.9067e-01	7.0933e-01	2.9434e-13	1.3601e-12	1.9953e-04	8.9008e-01	1.0972e-01	1.9964e-06	6.2883e-01	3.7027e-01	9.0027e-04	1.1755e-36	1.1755e-36	1.1755e-36	6.7050e-19	0.00e+00	0.00e+00	3.3599e+01
2.79130e+19	7.5683e+03	1.550e-21	2.7826e+01	1.3100e+01	5.4780e-10	5.8962e-01	4.1038e-01	2.9742e-01	7.0258e-01	2.9734e-13	1.4206e-12	1.9488e-04	8.9385e-01	1.0595e-01	1.8414e-06	6.4161e-01	3.5757e-01	8.1830e-04	1.1755e-36	1.1755e-36	1.1755e-36	7.0778e-19	0.00e+00	0.00e+00	3.4252e+01
2.79191e+19	7.5204e+03	1.487e-21	2.7826e+01	1.2712e+01	5.9566e-10	6.0317e-01	3.9683e-01	3.0439e-01	6.9561e-01	3.0053e-13	1.4825e-12	1.9019e-04	8.9758e-01	1.0223e-01	1.6967e-06	6.5453e-01	3.4473e-01	7.4207e-04	1.1755e-36	1.1755e-36	1.1755e-36	7.4569e-19	0.00e+00	0.00e+00	3.4878e+01
2.79248e+19	7.4759e+03	1.430e-21	2.7826e+01	1.2366e+01	6.4294e-10	6.1550e-01	3.8450e-01	3.1109e-01	6.8891e-01	3.0337e-13	1.5404e-12	1.8602e-04	9.0101e-01	9.8802e-02	1.5720e-06	6.6623e-01	3.3309e-01	6.7755e-04	1.1755e-36	1.1755e-36	1.1755e-36	7.8131e-19	0.00e+00	0.00e+00	3.5462e+01
2.79302e+19	7.4411e+03	1.375e-21	2.7826e+01	1.2029e+01	6.8678e-10	6.2641e-01	3.7359e-01	3.1729e-01	6.8271e-01	3.0663e-13	1.5906e-12	1.8174e-04	9.0410e-01	9.5714e-02	1.4639e-06	6.7655e-01	3.2282e-01	6.2238e-04	1.1755e-36	1.1755e-36	1.1755e-36	8.1138e-19	0.00e+00	0.00e+00	3.6051e+01
2.79358e+19	7.3890e+03	1.321e-21	2.7826e+01	1.1688e+01	7.4264e-10	6.3806e-01	3.6194e-01	3.2439e-01	6.7561e-01	3.0939e-13	1.6453e-12	1.7753e-04	9.0744e-01	9.2383e-02	1.3552e-06	6.8750e-01	3.1193e-01	5.6870e-04	1.1755e-36	1.1755e-36	1.1755e-36	8.4334e-19	0.00e+00	0.00e+00	3.6713e+01
2.79418e+19	7.3367e+03	1.264e-21	2.7826e+01	1.1333e+01	8.0440e-10	6.5016e-01	3.4984e-01	3.3194e-01	6.6806e-01	3.1247e-13	1.7020e-12	1.7308e-04	9.1085e-01	8.8974e-02	1.2493e-06	6.9880e-01	3.0069e-01	5.1672e-04	1.1755e-36	1.1755e-36	1.1755e-36	8.7610e-19	0.00e+00	0.00e+00	3.7403e+01
2.79477e+19	7.2825e+03	1.209e-21	2.7826e+01	1.0987e+01	8.7109e-10	6.6194e-01	3.3806e-01	3.3960e-01	6.6040e-01	3.1553e-13	1.7572e-12	1.6869e-04	9.1417e-01	8.5663e-02	1.1519e-06	7.0976e-01	2.8977e-01	4.6959e-04	1.1755e-36	1.1755e-36	1.1755e-36	9.0721e-19	0.00e+00	0.00e+00	3.8087e+01
2.79535e+19	7.2208e+03	1.158e-21	2.7826e+01	1.0657e+01	9.4587e-10	6.7328e-01	3.2672e-01	3.4745e-01	6.5255e-01	3.1816e-13	1.8104e-12	1.6450e-04	9.1738e-01	8.2450e-02	1.0630e-06	7.2026e-01	2.7931e-01	4.2760e-04	1.1755e-36	1.1755e-36	1.1755e-36	9.3596e-19	0.00e+00	0.00e+00	3.8770e+01
2.79593e+19	7.1597e+03	1.109e-21	2.7826e+01	1.0342e+01	1.0253e-09	6.8427e-01	3.1573e-01	3.5553e-01	6.4447e-01	3.2053e-13	1.8627e-12	1.6054e-04	9.2053e-01	7.9307e-02	9.8075e-07	7.3040e-01	2.6921e-01	3.8949e-04	1.1755e-36	1.1755e-36	1.1755e-36	9.6391e-19	0.00e+00	0.00e+00	3.9467e+01
2.79652e+19	7.0984e+03	1.060e-21	2.7826e+01	1.0025e+01	1.1110e-09	6.9489e-01	3.0511e-01	3.6370e-01	6.3629e-01	3.2312e-13	1.9122e-12	1.5644e-04	9.2359e-01	7.6252e-02	9.0446e-07	7.4014e-01	2.5951e-01	3.5469e-04	1.1755e-36	1.1755e-36	1.1755e-36	9.8882e-19	0.00e+00	0.00e+00	4.0186e+01
2.79712e+19	7.0345e+03	1.012e-21	2.7826e+01	9.7091e+00	1.2087e-09	7.0550e-01	2.9450e-01	3.7230e-01	6.2770e-01	3.2561e-13	1.9661e-12	1.5232e-04	9.2665e-01	7.3193e-02	8.3194e-07	7.4982e-01	2.4985e-01	3.2218e-04	1.1755e-36	1.1755e-36	1.1755e-36	1.0177e-18	0.00e+00	0.00e+00	4.0941e+01
2.79773e+19	6.9601e+03	9.640e-22	2.7826e+01	9.3895e+00	1.3271e-09	7.1616e-01	2.8384e-01	3.8129e-01	6.1871e-01	3.2791e-13	2.0230e-12	1.4808e-04	9.2971e-01	7.0146e-02	7.6351e-07	7.5951e-01	2.4020e-01	2.9200e-04	1.1755e-36	1.1755e-36	1.1755e-36	1.0486e-18	0.00e+00	0.00e+00	4.1718e+01
2.79834e+19	6.8863e+03	9.184e-22	2.7826e+01	9.0830e+00	1.4556e-09	7.2651e-01	2.7349e-01	3.9053e-01	6.0947e-01	3.3003e-13	2.0795e-12	1.4410e-04	9.3268e-01	6.7180e-02	7.0028e-07	7.6888e-01	2.3085e-01	2.6454e-04	1.1755e-36	1.1755e-36	1.1755e-36	1.0791e-18	0.00e+00	0.00e+00	4.2498e+01
2.79895e+19	6.8136e+03	8.746e-22	2.7826e+01	8.7845e+00	1.5927e-09	7.3633e-01	2.6367e-01	3.9978e-01	6.0022e-01	3.3217e-13	2.1315e-12	1.4010e-04	9.3551e-01	6.4345e-02	6.4274e-07	7.7773e-01	2.2203e-01	2.3998e-04	1.1755e-36	1.1755e-36	1.1755e-36	1.1054e-18	0.00e+00	0.00e+00	4.3286e+01
2.79957e+19	6.7284e+03	8.323e-22	2.7826e+01	8.4896e+00	1.7590e-09	7.4613e-01	2.5387e-01	4.0951e-01	5.9049e-01	3.3371e-13	2.1837e-12	1.3611e-04	9.3833e-01	6.1529e-02	5.8872e-07	7.8653e-01	2.1326e-01	2.1740e-04	1.1755e-36	1.1755e-36	1.1755e-36	1.1308e-18	0.00e+00	0.00e+00	4.4104e+01
2.80020e+19	6.6512e+03	7.908e-22	2.7826e+01	8.1965e+00	1.9295e-09	7.5543e-01	2.4457e-01	4.1919e-01	5.8081e-01	3.3580e-13	2.2305e-12	1.3211e-04	9.4103e-01	5.8834e-02	5.3901e-07	7.9485e-01	2.0495e-01	1.9684e-04	1.1755e-36	1.1755e-36	1.1755e-36	1.1514e-18	0.00e+00	0.00e+00	4.4935e+01
2.80083e+19	6.5678e+03	7.506e-22	2.7826e+01	7.9151e+00	2.1287e-09	7.6486e-01	2.3514e-01	4.2953e-01	5.7047e-01	3.3702e-13	2.2814e-12	1.2829e-04	9.4374e-01	5.6127e-02	4.9192e-07	8.0323e-01	1.9660e-01	1.7772e-04	1.1755e-36	1.1755e-36	1.1755e-36	1.1758e-18	0.00e+00	0.00e+00	4.5803e+01
2.80148e+19	6.4757e+03	7.118e-22	2.7826e+01	7.6343e+00	2.3643e-09	7.7411e-01	2.2589e-01	4.4011e-01	5.5989e-01	3.3813e-13	2.3306e-12	1.2444e-04	9.4637e-01	5.3506e-02	4.4851e-07	8.1143e-01	1.8841e-01	1.6030e-04	1.1755e-36	1.1755e-36	1.1755e-36	1.1982e-18	0.00e+00	0.00e+00	4.6674e+01
2.80211e+19	6.3768e+03	6.753e-22	2.7826e+01	7.3626e+00	2.6393e-09	7.8294e-01	2.1706e-01	4.5077e-01	5.4923e-01	3.3886e-13	2.3778e-12	1.2071e-04	9.4887e-01	5.1011e-02	4.0925e-07	8.1925e-01	1.8061e-01	1.4481e-04	1.1755e-36	1.1755e-36	1.1755e-36	1.2192e-18	0.00e+00	0.00e+00	4.7541e+01
2.80274e+19	6.2784e+03	6.405e-22	2.7826e+01	7.1015e+00	2.9440e-09	7.9138e-01	2.0862e-01	4.6149e-01	5.3851e-01	3.3937e-13	2.4230e-12	1.1708e-04	9.5125e-01	4.8631e-02	3.7356e-07	8.2667e-01	1.7320e-01	1.3095e-04	1.1755e-36	1.1755e-36	1.1755e-36	1.2395e-18	0.00e+00	0.00e+00	4.8418e+01
2.80338e+19	6.1740e+03	6.072e-22	2.7826e+01	6.8467e+00	3.3026e-09	7.9966e-01	2.0034e-01	4.7258e-01	5.2742e-01	3.3938e-13	2.4698e-12	1.1353e-04	9.5358e-01	4.6307e-02	3.4037e-07	8.3395e-01	1.6593e-01	1.1824e-04	1.1755e-36	1.1755e-36	1.1755e-36	1.2623e-18	0.00e+00	0.00e+00	4.9321e+01
2.80402e+19	6.0653e+03	5.748e-22	2.7826e+01	6.5941e+00	3.7209e-09	8.0778e-01	1.9222e-01	4.8385e-01	5.1615e-01	3.3921e-13	2.5165e-12	1.0998e-04	9.5582e-01	4.4065e-02	3.0979e-07	8.4106e-01	1.5884e-01	1.0663e-04	1.1755e-36	1.1755e-36	1.1755e-36	1.2865e-18	0.00e+00	0.00e+00	5.0238e+01
2.80467e+19	5.9595e+03	5.438e-22	2.7826e+01	6.3448e+00	4.1802e-09	8.1544e-01	1.8456e-01	4.9497e-01	5.0503e-01	3.3939e-13	2.5592e-12	1.0640e-04	9.5794e-01	4.1950e-02	2.8208e-07	8.4775e-01	1.5216e-01	9.6227e-05	1.1755e-36	1.1755e-36	1.1755e-36	1.3087e-18	0.00e+00	0.00e+00	5.1162e+01
2.80532e+19	5.8428e+03	5.143e-22	2.7826e+01	6.1062e+00	4.7475e-09	8.2317e-01	1.7683e-01	5.0672e-01	4.9328e-01	3.3842e-13	2.6108e-12	1.0301e-04	9.6003e-01	3.9871e-02	2.5632e-07	8.5445e-01	1.4546e-01	8.6667e-05	1.1755e-36	1.1755e-36	1.1755e-36	1.3425e-18	0.00e+00	0.00e+00	5.2111e+01
2.80597e+19	5.7167e+03	4.862e-22	2.7826e+01	5.8684e+00	5.4383e-09	8.3062e-01	1.6938e-01	5.1845e-01	4.8155e-01	3.3734e-13	2.6645e-12	9.9613e-05	9.6199e-01	3.7910e-02	2.3303e-07	8.6093e-01	1.3899e-01	7.8083e-05	1.1755e-36	1.1755e-36	1.1755e-36	1.3822e-18	0.00e+00	0.00e+00	5.3052e+01
2.80661e+19	5.5993e+03	4.598e-22	2.7826e+01	5.6473e+00	6.1782e-09	8.3768e-01	1.6232e-01	5.3008e-01	4.6992e-01	3.3593e-13	2.7214e-12	9.6425e-05	9.6384e-01	3.6063e-02	2.1211e-07	8.6701e-01	1.3292e-01	7.0446e-05	1.1755e-36	1.1755e-36	1.1755e-36	1.4292e-18	0.00e+00	0.00e+00	5.3988e+01
2.80725e+19	5.4717e+03	4.349e-22	2.7826e+01	5.4298e+00	7.0800e-09	8.4449e-01	1.5551e-01	5.4182e-01	4.5818e-01	3.3407e-13	2.7852e-12	9.3293e-05	9.6560e-01	3.4310e-02	1.9310e-07	8.7289e-01	1.2705e-01	6.3589e-05	1.1755e-36	1.1755e-36	1.1755e-36	1.4888e-18	0.00e+00	0.00e+00	5.4936e+01
2.80789e+19	5.3408e+03	4.111e-22	2.7826e+01	5.2178e+00	8.1285e-09	8.5110e-01	1.4890e-01	5.5362e-01	4.4638e-01	3.3190e-13	2.8571e-12	9.0227e-05	9.6727e-01	3.2644e-02	1.7579e-07	8.7858e-01	1.2136e-01	5.7374e-05	1.1755e-36	1.1755e-36	1.1755e-36	1.5632e-18	0.00e+00	0.00e+00	5.5891e+01
2.80852e+19	5.2078e+03	3.887e-22	2.7826e+01	5.0135e+00	9.3274e-09	8.5746e-01	1.4254e-01	5.6536e-01	4.3464e-01	3.2941e-13	2.9384e-12	8.7264e-05	9.6883e-01	3.1079e-02	1.6019e-07	8.8404e-01	1.1591e-01	5.1801e-05	1.1755e-36	1.1755e-36	1.1755e-36	1.6546e-18	0.00e+00	0.00e+00	5.6837e+01
2.80914e+19	5.0727e+03	3.678e-22	2.7826e+01	4.8178e+00	1.0682e-08	8.6351e-01	1.3649e-01	5.7695e-01	4.2305e-01	3.2659e-13	3.0300e-12	8.4426e-05	9.7029e-01	2.9621e-02	1.4625e-07	8.8922e-01	1.1073e-01	4.6852e-05	1.1755e-36	1.1755e-36	1.1755e-36	1.7651e-18	0.00e+00	0.00e+00	5.7773e+01
2.80969e+19	4.9505e+03	3.505e-22	2.7826e+01	4.6492e+00	1.2001e-08	8.6869e-01	1.3131e-01	5.8693e-01	4.1307e-01	3.2409e-13	3.1025e-12	8.1986e-05	9.7156e-01	2.8355e-02	1.3494e-07	8.9365e-01	1.0631e-01	4.2920e-05	1.1755e-36	1.1755e-36	1.1755e-36	1.8525e-18	0.00e+00	0.00e+00	5.8515e+01
2.81016e+19	4.8354e+03	3.366e-22	2.7826e+01	4.5136e+00	1.3295e-08	8.7288e-01	1.2712e-01	5.9599e-01	4.0401e-01	3.2055e-13	3.1448e-12	8.0091e-05	9.7274e-01	2.7183e-02	1.2537e-07	8.9723e-01	1.0273e-01	3.9897e-05	1.1755e-36	1.1755e-36	1.1755e-36	1.8987e-18	0.00e+00	0.00e+00	5.9193e+01
2.81061e+19	4.7290e+03	3.234e-22	2.7826e+01	4.3812e+00	1.4519e-08	8.7659e-01	1.2341e-01	6.0450e-01	3.9550e-01	3.1768e-13	3.1723e-12	7.8199e-05	9.7382e-01	2.6101e-02	1.1755e-36	9.0042e-01	9.9544e-02	3.7204e-05	1.1755e-36	1.1755e-36	1.1755e-36	1.9254e-18	0.00e+00	0.00e+00	5.9893e+01
2.81110e+19	4.5972e+03	3.092e-22	2.7826e+01	4.2403e+00	1.6085e-08	8.8106e-01	1.1894e-01	6.1466e-01	3.8534e-01	3.1287e-13	3.2069e-12	7.6278e-05	9.7504e-01	2.4881e-02	1.1755e-36	9.0422e-01	9.5741e-02	3.4305e-05	1.1755e-36	1.1755e-36	1.1755e-36	1.9592e-18	0.00e+00	0.00e+00	6.0728e+01
2.81165e+19	4.4592e+03	2.942e-22	2.7826e+01	4.0830e+00	1.7675e-08	8.8585e-01	1.1415e-01	6.2505e-01	3.7495e-01	3.0886e-13	3.2249e-12	7.4074e-05	9.7627e-01	2.3654e-02	1.1755e-36	9.0829e-01	9.1677e-02	3.1367e-05	1.1755e-36	1.1755e-36	1.1755e-36	1.9653e-18	0.00e+00	0.00e+00	6.1591e+01
2.81220e+19	4.3205e+03	2.799e-22	2.7826e+01	3.9291e+00	1.9149e-08	8.9051e-01	1.0949e-01	6.3524e-01	3.6476e-01	3.0483e-13	3.2252e-12	7.1933e-05	9.7744e-01	2.2491e-02	1.1755e-36	9.1225e-01	8.7725e-02	2.8678e-05	1.1755e-36	1.1755e-36	1.1755e-36	1.9415e-18	0.00e+00	0.00e+00	6.2431e+01
2.81271e+19	4.1865e+03	2.669e-22	2.7826e+01	3.7866e+00	2.0383e-08	8.9480e-01	1.0520e-01	6.4492e-01	3.5508e-01	3.0071e-13	3.2070e-12	6.9979e-05	9.7850e-01	2.1430e-02	1.1755e-36	9.1589e-01	8.4088e-02	2.6336e-05	1.1755e-36	1.1755e-36	1.1755e-36	1.8876e-18	0.00e+00	0.00e+00	6.3220e+01
2.81320e+19	4.0584e+03	2.553e-22	2.7826e+01	3.6569e+00	2.1338e-08	8.9868e-01	1.0132e-01	6.5404e-01	3.4596e-01	2.9642e-13	3.1729e-12	6.8240e-05	9.7946e-01	2.0470e-02	1.1755e-36	9.1917e-01	8.0801e-02	2.4321e-05	1.1755e-36	1.1755e-36	1.1755e-36	1.8086e-18	0.00e+00	0.00e+00	6.3963e+01
2.81366e+19	3.9351e+03	2.449e-22	2.7826e+01	3.5374e+00	2.2019e-08	9.0223e-01	9.7769e-02	6.6271e-01	3.3729e-01	2.9203e-13	3.1259e-12	6.6680e-05	9.8034e-01	1.9592e-02	1.1755e-36	9.2218e-01	7.7793e-02	2.2561e-05	1.1755e-36	1.1755e-36	1.1755e-36	1.7105e-18	0.00e+00	0.00e+00	6.4671e+01
###########################
2.12770e+14	6.8099e+03	3.019e-21	2.7826e+01	3.0392e+01	9.7440e-16	6.6304e-04	9.9934e-01	1.9124e-03	9.3160e-01	6.6493e-02	7.8771e-21	6.8752e-06	3.5692e-02	9.4138e-01	2.2899e-02	2.6923e-05	6.3491e-02	9.0416e-01	3.2317e-02	9.1503e-07	1.1755e-36	1.1980e-28	0.00e+00	0.00e+00	4.9560e-05
1.27662e+15	6.8089e+03	3.018e-21	2.7826e+01	3.0388e+01	9.7522e-16	6.6295e-04	9.9934e-01	1.9122e-03	9.3163e-01	6.6457e-02	7.8681e-21	6.8564e-06	3.5695e-02	9.4134e-01	2.2938e-02	2.6894e-05	6.3428e-02	9.0433e-01	3.2211e-02	9.1066e-07	1.1755e-36	1.1964e-28	0.00e+00	0.00e+00	2.4777e-04
5.53202e+15	6.8070e+03	3.016e-21	2.7826e+01	3.0386e+01	9.7822e-16	6.6285e-04	9.9934e-01	1.9129e-03	9.3199e-01	6.6096e-02	7.8708e-21	6.8687e-06	3.5713e-02	9.4137e-01	2.2891e-02	2.6858e-05	6.3348e-02	9.0485e-01	3.1772e-02	8.9254e-07	1.1755e-36	1.1980e-28	0.00e+00	0.00e+00	1.0405e-03
2.25536e+16	6.8028e+03	3.010e-21	2.7826e+01	3.0383e+01	9.7831e-16	6.6256e-04	9.9934e-01	1.9172e-03	9.3394e-01	6.4139e-02	7.8304e-21	6.8859e-06	3.5742e-02	9.4153e-01	2.2706e-02	2.6804e-05	6.3221e-02	9.0667e-01	3.0077e-02	8.2381e-07	1.1755e-36	1.1876e-28	0.00e+00	0.00e+00	4.2101e-03
5.38734e+16	6.7873e+03	2.995e-21	2.7826e+01	3.0379e+01	9.8069e-16	6.5977e-04	9.9934e-01	1.9183e-03	9.3496e-01	6.3126e-02	7.6934e-21	6.8737e-06	3.5734e-02	9.4166e-01	2.2577e-02	2.6512e-05	6.2740e-02	9.0947e-01	2.7758e-02	7.2972e-07	1.1755e-36	1.1604e-28	0.00e+00	0.00e+00	8.3132e-03
9.45891e+16	6.7694e+03	2.978e-21	2.7826e+01	3.0372e+01	9.8250e-16	6.5705e-04	9.9934e-01	1.9244e-03	9.3810e-01	5.9973e-02	7.5529e-21	6.8668e-06	3.5743e-02	9.4197e-01	2.2265e-02	2.6271e-05	6.2364e-02	9.1268e-01	2.4930e-02	6.2146e-07	1.1755e-36	1.1298e-28	0.00e+00	0.00e+00	1.3625e-02
1.47519e+17	6.7475e+03	2.959e-21	2.7826e+01	3.0364e+01	9.8514e-16	6.5427e-04	9.9935e-01	1.9357e-03	9.4336e-01	5.4701e-02	7.4133e-21	6.8536e-06	3.5773e-02	9.4242e-01	2.1785e-02	2.6091e-05	6.2117e-02	9.1626e-01	2.1591e-02	5.0224e-07	1.1755e-36	1.0968e-28	0.00e+00	0.00e+00	2.0502e-02
2.16329e+17	6.7283e+03	2.935e-21	2.7826e+01	3.0349e+01	9.8366e-16	6.5086e-04	9.9935e-01	1.9509e-03	9.5072e-01	4.7334e-02	7.2710e-21	6.8527e-06	3.5805e-02	9.4302e-01	2.1152e-02	2.5960e-05	6.2013e-02	9.2014e-01	1.7823e-02	3.7907e-07	1.1755e-36	1.0630e-28	0.00e+00	0.00e+00	2.9394e-02
3.05781e+17	6.7018e+03	2.909e-21	2.7826e+01	3.0330e+01	9.8544e-16	6.4754e-04	9.9935e-01	1.9719e-03	9.5990e-01	3.8133e-02	7.1543e-21	6.8606e-06	3.5879e-02	9.4373e-01	2.0371e-02	2.5976e-05	6.2222e-02	9.2395e-01	1.3797e-02	2.6102e-07	1.1755e-36	1.0293e-28	0.00e+00	0.00e+00	4.0896e-02
4.22070e+17	6.6691e+03	2.879e-21	2.7826e+01	3.0306e+01	9.9493e-16	6.4432e-04	9.9936e-01	1.9973e-03	9.7005e-01	2.7956e-02	7.1114e-21	6.8768e-06	3.6002e-02	9.4448e-01	1.9506e-02	2.6180e-05	6.2826e-02	9.2733e-01	9.8191e-03	1.5937e-07	1.1755e-36	1.0080e-28	0.00e+00	0.00e+00	5.5774e-02
5.73244e+17	6.6334e+03	2.845e-21	2.7826e+01	3.0277e+01	1.0014e-15	6.4105e-04	9.9936e-01	2.0240e-03	9.7982e-01	1.8159e-02	7.0739e-21	6.9041e-06	3.6164e-02	9.4517e-01	1.8654e-02	2.6562e-05	6.3805e-02	9.2990e-01	6.2724e-03	1.1755e-36	1.1755e-36	9.8042e-29	0.00e+00	0.00e+00	7.5016e-02
7.69771e+17	6.5864e+03	2.811e-21	2.7826e+01	3.0255e+01	1.0182e-15	6.3869e-04	9.9936e-01	2.0522e-03	9.8782e-01	1.0130e-02	7.0978e-21	6.9452e-06	3.6411e-02	9.4570e-01	1.7876e-02	2.7146e-05	6.5121e-02	9.3135e-01	3.4972e-03	1.1755e-36	1.1755e-36	9.5828e-29	0.00e+00	0.00e+00	9.9940e-02
1.02526e+18	6.5304e+03	2.777e-21	2.7826e+01	3.0240e+01	1.0434e-15	6.3727e-04	9.9936e-01	2.0797e-03	9.9321e-01	4.7105e-03	7.1499e-21	7.0058e-06	3.6738e-02	9.4603e-01	1.7220e-02	2.7858e-05	6.6572e-02	9.3175e-01	1.6541e-03	1.1755e-36	1.1755e-36	9.3600e-29	0.00e+00	0.00e+00	1.3227e-01
1.35739e+18	6.4663e+03	2.742e-21	2.7826e+01	3.0232e+01	1.0789e-15	6.3714e-04	9.9936e-01	2.1077e-03	9.9612e-01	1.7752e-03	7.2273e-21	7.0905e-06	3.7157e-02	9.4617e-01	1.6662e-02	2.8672e-05	6.8033e-02	9.3129e-01	6.4613e-04	1.1755e-36	1.1755e-36	9.1404e-29	0.00e+00	0.00e+00	1.7429e-01
1.78916e+18	6.3954e+03	2.707e-21	2.7826e+01	3.0228e+01	1.1217e-15	6.3888e-04	9.9936e-01	2.1390e-03	9.9733e-01	5.3113e-04	7.3111e-21	7.2098e-06	3.7695e-02	9.4616e-01	1.6138e-02	2.9639e-05	6.9527e-02	9.3024e-01	2.0446e-04	1.1755e-36	1.1755e-36	8.8624e-29	0.00e+00	0.00e+00	2.2906e-01
2.35046e+18	6.3202e+03	2.671e-21	2.7826e+01	3.0227e+01	1.1753e-15	6.4348e-04	9.9936e-01	2.1779e-03	9.9770e-01	1.2604e-04	7.4464e-21	7.3807e-06	3.8398e-02	9.4601e-01	1.5580e-02	3.0893e-05	7.1205e-02	9.2871e-01	5.2349e-05	1.1755e-36	1.1755e-36	8.5988e-29	0.00e+00	0.00e+00	3.0078e-01
3.08015e+18	6.2443e+03	2.635e-21	2.7826e+01	3.0227e+01	1.2424e-15	6.5256e-04	9.9935e-01	2.2292e-03	9.9775e-01	2.4537e-05	7.6893e-21	7.6307e-06	3.9333e-02	9.4572e-01	1.4939e-02	3.2638e-05	7.3265e-02	9.2669e-01	1.1130e-05	1.1755e-36	1.1755e-36	8.4123e-29	0.00e+00	0.00e+00	3.9533e-01
4.02874e+18	6.1734e+03	2.600e-21	2.7826e+01	3.0227e+01	1.3306e-15	6.6868e-04	9.9933e-01	2.2992e-03	9.9770e-01	4.1560e-06	8.1483e-21	8.0007e-06	4.0598e-02	9.4521e-01	1.4186e-02	3.5172e-05	7.5915e-02	9.2405e-01	2.0508e-06	1.1755e-36	1.1755e-36	8.4353e-29	0.00e+00	0.00e+00	5.2128e-01
5.26192e+18	6.1203e+03	2.568e-21	2.7826e+01	3.0226e+01	1.4384e-15	6.9571e-04	9.9930e-01	2.3962e-03	9.9760e-01	6.3407e-07	8.9544e-21	8.5500e-06	4.2331e-02	9.4435e-01	1.3309e-02	3.8938e-05	7.9357e-02	9.2060e-01	3.3731e-07	1.1755e-36	1.1755e-36	8.7757e-29	0.00e+00	0.00e+00	6.9163e-01
6.86505e+18	6.0928e+03	2.544e-21	2.7826e+01	3.0224e+01	1.5904e-15	7.4167e-04	9.9926e-01	2.5382e-03	9.9746e-01	8.6668e-08	1.0516e-20	9.4252e-06	4.4825e-02	9.4289e-01	1.2271e-02	4.4968e-05	8.4141e-02	9.1581e-01	1.1755e-36	1.1755e-36	1.1755e-36	9.8354e-29	0.00e+00	0.00e+00	9.2772e-01
8.15973e+18	6.0692e+03	2.522e-21	2.7826e+01	3.0223e+01	1.6197e-15	7.7288e-04	9.9923e-01	2.6254e-03	9.9737e-01	2.0714e-08	1.0796e-20	9.9930e-06	4.6408e-02	9.4200e-01	1.1578e-02	4.9423e-05	8.7459e-02	9.1249e-01	1.1755e-36	1.1755e-36	1.1755e-36	9.3889e-29	0.00e+00	0.00e+00	1.0332e+00
8.97570e+18	6.0971e+03	2.523e-21	2.7826e+01	3.0222e+01	1.6950e-15	8.0595e-04	9.9919e-01	2.7091e-03	9.9729e-01	9.4987e-09	1.2087e-20	1.0561e-05	4.7842e-02	9.4100e-01	1.1145e-02	5.3572e-05	9.0014e-02	9.0993e-01	1.1755e-36	1.1755e-36	1.1755e-36	1.0553e-28	0.00e+00	0.00e+00	1.1542e+00
9.87327e+18	6.1368e+03	2.528e-21	2.7826e+01	3.0220e+01	1.7858e-15	8.4721e-04	9.9915e-01	2.8092e-03	9.9719e-01	4.2823e-09	1.3858e-20	1.1255e-05	4.9547e-02	9.3976e-01	1.0685e-02	5.8839e-05	9.3014e-02	9.0693e-01	1.1755e-36	1.1755e-36	1.1755e-36	1.2209e-28	0.00e+00	0.00e+00	1.2942e+00
1.08606e+19	6.1953e+03	2.537e-21	2.7826e+01	3.0218e+01	1.8905e-15	8.9900e-04	9.9910e-01	2.9308e-03	9.9707e-01	1.8985e-09	1.6373e-20	1.2126e-05	5.1596e-02	9.3819e-01	1.0200e-02	6.5642e-05	9.6559e-02	9.0338e-01	1.1755e-36	1.1755e-36	1.1755e-36	1.4676e-28	0.00e+00	0.00e+00	1.4575e+00
1.19467e+19	6.2800e+03	2.549e-21	2.7826e+01	3.0216e+01	2.0154e-15	9.6460e-04	9.9904e-01	3.0799e-03	9.9692e-01	8.2787e-10	2.0136e-20	1.3208e-05	5.4071e-02	9.3623e-01	9.6906e-03	7.4613e-05	1.0078e-01	8.9915e-01	1.1755e-36	1.1755e-36	1.1755e-36	1.8629e-28	0.00e+00	0.00e+00	1.6503e+00
1.31413e+19	6.3752e+03	2.573e-21	2.7826e+01	3.0213e+01	2.2230e-15	1.0522e-03	9.9895e-01	3.2725e-03	9.9673e-01	3.5418e-10	2.6302e-20	1.4630e-05	5.7245e-02	9.3361e-01	9.1262e-03	8.7229e-05	1.0616e-01	8.9375e-01	1.1755e-36	1.1755e-36	1.1755e-36	2.5512e-28	0.00e+00	0.00e+00	1.8816e+00
1.44555e+19	6.5002e+03	2.606e-21	2.7826e+01	3.0209e+01	2.5028e-15	1.1699e-03	9.9883e-01	3.5226e-03	9.9648e-01	1.4887e-10	3.6688e-20	1.6512e-05	6.1317e-02	9.3015e-01	8.5159e-03	1.0547e-04	1.1306e-01	8.8684e-01	1.1755e-36	1.1755e-36	1.1755e-36	3.7861e-28	0.00e+00	0.00e+00	2.1645e+00
1.57572e+19	6.6483e+03	2.648e-21	2.7826e+01	3.0204e+01	2.8465e-15	1.3148e-03	9.9869e-01	3.8126e-03	9.9619e-01	6.7444e-11	5.2972e-20	1.8745e-05	6.5988e-02	9.2606e-01	7.9340e-03	1.2980e-04	1.2104e-01	8.7883e-01	1.1755e-36	1.1755e-36	1.1755e-36	5.8887e-28	0.00e+00	0.00e+00	2.4478e+00
1.68565e+19	6.7812e+03	2.696e-21	2.7826e+01	3.0199e+01	3.2625e-15	1.4709e-03	9.9853e-01	4.1076e-03	9.9589e-01	3.6200e-11	7.5593e-20	2.1068e-05	7.0734e-02	9.2181e-01	7.4324e-03	1.5817e-04	1.2913e-01	8.7072e-01	1.1755e-36	1.1755e-36	1.1755e-36	9.0325e-28	0.00e+00	0.00e+00	2.6989e+00
1.77452e+19	6.9053e+03	2.739e-21	2.7826e+01	3.0194e+01	3.6917e-15	1.6257e-03	9.9837e-01	4.3975e-03	9.9560e-01	2.2437e-11	1.0504e-19	2.3328e-05	7.5296e-02	9.1766e-01	7.0186e-03	1.8952e-04	1.3735e-01	8.6246e-01	1.1755e-36	1.1755e-36	1.1755e-36	1.3410e-27	0.00e+00	0.00e+00	2.9289e+00
1.85107e+19	7.0177e+03	2.780e-21	2.7826e+01	3.0188e+01	4.1785e-15	1.7862e-03	9.9821e-01	4.6946e-03	9.9531e-01	1.5044e-11	1.4398e-19	2.5631e-05	7.9907e-02	9.1342e-01	6.6445e-03	2.2474e-04	1.4560e-01	8.5417e-01	1.1755e-36	1.1755e-36	1.1755e-36	1.9558e-27	0.00e+00	0.00e+00	3.1566e+00
1.92174e+19	7.1259e+03	2.821e-21	2.7826e+01	3.0183e+01	4.7621e-15	1.9628e-03	9.9804e-01	5.0171e-03	9.9498e-01	1.0505e-11	1.9863e-19	2.8117e-05	8.4852e-02	9.0884e-01	6.2835e-03	2.6700e-04	1.5461e-01	8.4512e-01	1.1755e-36	1.1755e-36	1.1755e-36	2.8706e-27	0.00e+00	0.00e+00	3.3937e+00
1.98800e+19	7.2326e+03	2.863e-21	2.7826e+01	3.0176e+01	5.4572e-15	2.1601e-03	9.9784e-01	5.3706e-03	9.9463e-01	7.5819e-12	2.7601e-19	3.0826e-05	9.0206e-02	9.0383e-01	5.9321e-03	3.1845e-04	1.6458e-01	8.3510e-01	1.1755e-36	1.1755e-36	1.1755e-36	4.2400e-27	0.00e+00	0.00e+00	3.6356e+00
2.04841e+19	7.3344e+03	2.905e-21	2.7826e+01	3.0169e+01	6.2553e-15	2.3744e-03	9.9763e-01	5.7479e-03	9.9425e-01	5.6845e-12	3.8216e-19	3.3690e-05	9.5841e-02	8.9853e-01	5.5987e-03	3.7944e-04	1.7530e-01	8.2432e-01	1.1755e-36	1.1755e-36	1.1755e-36	6.2161e-27	0.00e+00	0.00e+00	3.8737e+00
2.10245e+19	7.4288e+03	2.945e-21	2.7826e+01	3.0161e+01	7.1762e-15	2.6019e-03	9.9740e-01	6.1426e-03	9.9386e-01	4.4211e-12	5.2555e-19	3.6653e-05	1.0165e-01	8.9303e-01	5.2866e-03	4.5003e-04	1.8659e-01	8.1296e-01	1.1755e-36	1.1755e-36	1.1755e-36	9.0357e-27	0.00e+00	0.00e+00	4.1067e+00
2.15120e+19	7.5164e+03	2.983e-21	2.7826e+01	3.0153e+01	8.2204e-15	2.8438e-03	9.9716e-01	6.5574e-03	9.9344e-01	3.5385e-12	7.1701e-19	3.9726e-05	1.0767e-01	8.8730e-01	4.9913e-03	5.3171e-04	1.9851e-01	8.0096e-01	1.1755e-36	1.1755e-36	1.1755e-36	1.2976e-26	0.00e+00	0.00e+00	4.3391e+00
2.19610e+19	7.6000e+03	3.020e-21	2.7826e+01	3.0146e+01	9.4354e-15	3.1048e-03	9.9690e-01	6.9964e-03	9.9300e-01	2.8925e-12	9.7737e-19	4.2967e-05	1.1398e-01	8.8127e-01	4.7072e-03	6.2745e-04	2.1128e-01	7.8809e-01	1.1755e-36	1.1755e-36	1.1755e-36	1.8610e-26	0.00e+00	0.00e+00	4.5751e+00
2.23788e+19	7.6814e+03	3.055e-21	2.7826e+01	3.0138e+01	1.0823e-14	3.3882e-03	9.9661e-01	7.4647e-03	9.9254e-01	2.4059e-12	1.3294e-18	4.6348e-05	1.2061e-01	8.7491e-01	4.4325e-03	7.4036e-04	2.2504e-01	7.7422e-01	1.1755e-36	1.1755e-36	1.1755e-36	2.6561e-26	0.00e+00	0.00e+00	4.8149e+00
2.27670e+19	7.7518e+03	3.091e-21	2.7826e+01	3.0127e+01	1.2520e-14	3.6999e-03	9.9630e-01	7.9826e-03	9.9202e-01	2.0317e-12	1.8150e-18	5.0038e-05	1.2778e-01	8.6800e-01	4.1624e-03	8.7472e-04	2.3995e-01	7.5917e-01	1.1755e-36	1.1755e-36	1.1755e-36	3.7978e-26	0.00e+00	0.00e+00	5.0576e+00
2.31256e+19	7.8179e+03	3.127e-21	2.7826e+01	3.0116e+01	1.4510e-14	4.0369e-03	9.9596e-01	8.5350e-03	9.9147e-01	1.7420e-12	2.4738e-18	5.3876e-05	1.3527e-01	8.6077e-01	3.9029e-03	1.0320e-03	2.5586e-01	7.4310e-01	1.1755e-36	1.1755e-36	1.1755e-36	5.4211e-26	0.00e+00	0.00e+00	5.3014e+00
2.34568e+19	7.8928e+03	3.157e-21	2.7826e+01	3.0106e+01	1.6646e-14	4.3946e-03	9.9561e-01	9.1076e-03	9.9089e-01	1.5158e-12	3.3449e-18	5.7783e-05	1.4295e-01	8.5334e-01	3.6592e-03	1.2133e-03	2.7261e-01	7.2618e-01	1.1755e-36	1.1755e-36	1.1755e-36	7.6689e-26	0.00e+00	0.00e+00	5.5473e+00
2.37653e+19	7.9481e+03	3.190e-21	2.7826e+01	3.0092e+01	1.9359e-14	4.7914e-03	9.9521e-01	9.7463e-03	9.9025e-01	1.3312e-12	4.5431e-18	6.2068e-05	1.5129e-01	8.4523e-01	3.4169e-03	1.4290e-03	2.9069e-01	7.0788e-01	1.1755e-36	1.1755e-36	1.1755e-36	1.0863e-25	0.00e+00	0.00e+00	5.7984e+00
2.40541e+19	8.0141e+03	3.218e-21	2.7826e+01	3.0080e+01	2.2353e-14	5.2179e-03	9.9478e-01	1.0416e-02	9.8958e-01	1.1819e-12	6.1509e-18	6.6448e-05	1.5990e-01	8.3685e-01	3.1872e-03	1.6798e-03	3.0985e-01	6.8847e-01	1.1755e-36	1.1755e-36	1.1755e-36	1.5370e-25	0.00e+00	0.00e+00	6.0545e+00
2.43246e+19	8.0677e+03	3.248e-21	2.7826e+01	3.0061e+01	2.6030e-14	5.6904e-03	9.9431e-01	1.1165e-02	9.8884e-01	1.0572e-12	8.3521e-18	7.1186e-05	1.6921e-01	8.2776e-01	2.9614e-03	1.9774e-03	3.3041e-01	6.6761e-01	1.1755e-36	1.1755e-36	1.1755e-36	2.1747e-25	0.00e+00	0.00e+00	6.3161e+00
2.45778e+19	8.1160e+03	3.278e-21	2.7826e+01	3.0046e+01	3.0464e-14	6.2098e-03	9.9379e-01	1.1967e-02	9.8803e-01	9.5327e-13	1.1360e-17	7.6210e-05	1.7903e-01	8.1815e-01	2.7428e-03	2.3277e-03	3.5228e-01	6.4540e-01	1.1755e-36	1.1755e-36	1.1755e-36	3.0855e-25	0.00e+00	0.00e+00	6.5829e+00
2.48148e+19	8.1732e+03	3.303e-21	2.7826e+01	3.0031e+01	3.5449e-14	6.7714e-03	9.9323e-01	1.2817e-02	9.8718e-01	8.6680e-13	1.5403e-17	8.1383e-05	1.8922e-01	8.0816e-01	2.5359e-03	2.7346e-03	3.7526e-01	6.2201e-01	1.1755e-36	1.1755e-36	1.1755e-36	4.3695e-25	0.00e+00	0.00e+00	6.8557e+00
2.50374e+19	8.2163e+03	3.330e-21	2.7826e+01	3.0008e+01	4.1684e-14	7.3998e-03	9.9260e-01	1.3767e-02	9.8623e-01	7.9212e-13	2.0967e-17	8.6993e-05	2.0028e-01	7.9730e-01	2.3330e-03	3.2179e-03	3.9969e-01	5.9709e-01	1.1755e-36	1.1755e-36	1.1755e-36	6.1985e-25	0.00e+00	0.00e+00	7.1365e+00
2.52472e+19	8.2569e+03	3.357e-21	2.7826e+01	2.9986e+01	4.9229e-14	8.0966e-03	9.9190e-01	1.4804e-02	9.8520e-01	7.2792e-13	2.8609e-17	9.2925e-05	2.1198e-01	7.8579e-01	2.1377e-03	3.7879e-03	4.2547e-01	5.7074e-01	1.1755e-36	1.1755e-36	1.1755e-36	8.8263e-25	0.00e+00	0.00e+00	7.4259e+00
2.54447e+19	8.3039e+03	3.380e-21	2.7826e+01	2.9966e+01	5.8053e-14	8.8641e-03	9.9114e-01	1.5920e-02	9.8408e-01	6.7303e-13	3.9042e-17	9.9127e-05	2.2424e-01	7.7371e-01	1.9521e-03	4.4551e-03	4.5243e-01	5.4312e-01	1.1755e-36	1.1755e-36	1.1755e-36	1.2598e-24	0.00e+00	0.00e+00	7.7243e+00
2.56311e+19	8.3389e+03	3.405e-21	2.7826e+01	2.9930e+01	6.9137e-14	9.7302e-03	9.9027e-01	1.7199e-02	9.8280e-01	6.2392e-13	5.3478e-17	1.0578e-04	2.3754e-01	7.6058e-01	1.7722e-03	5.2480e-03	4.8069e-01	5.1406e-01	1.1755e-36	1.1755e-36	1.1755e-36	1.8011e-24	0.00e+00	0.00e+00	8.0338e+00
2.58072e+19	8.3742e+03	3.430e-21	2.7826e+01	2.9908e+01	8.2851e-14	1.0704e-02	9.8930e-01	1.8561e-02	9.8144e-01	5.8173e-13	7.3666e-17	1.1291e-04	2.5159e-01	7.4669e-01	1.6001e-03	6.1863e-03	5.1014e-01	4.8367e-01	1.1755e-36	1.1755e-36	1.1755e-36	2.6026e-24	0.00e+00	0.00e+00	8.3555e+00
2.59737e+19	8.3995e+03	3.456e-21	2.7826e+01	2.9878e+01	1.0036e-13	1.1815e-02	9.8818e-01	2.0093e-02	9.7991e-01	5.4398e-13	1.0202e-16	1.2057e-04	2.6678e-01	7.3167e-01	1.4345e-03	7.3066e-03	5.4070e-01	4.5199e-01	1.1755e-36	1.1755e-36	1.1755e-36	3.7813e-24	0.00e+00	0.00e+00	8.6918e+00
2.61315e+19	8.4344e+03	3.477e-21	2.7826e+01	2.9840e+01	1.2153e-13	1.3070e-02	9.8693e-01	2.1789e-02	9.7821e-01	5.1082e-13	1.4165e-16	1.2862e-04	2.8291e-01	7.1568e-01	1.2786e-03	8.6305e-03	5.7203e-01	4.1934e-01	1.1755e-36	1.1755e-36	1.1755e-36	5.5219e-24	0.00e+00	0.00e+00	9.0445e+00
2.62813e+19	8.4427e+03	3.506e-21	2.7826e+01	2.9788e+01	1.5072e-13	1.4544e-02	9.8546e-01	2.3757e-02	9.7624e-01	4.7991e-13	1.9886e-16	1.3745e-04	3.0061e-01	6.9812e-01	1.1278e-03	1.0238e-02	6.0422e-01	3.8555e-01	1.1755e-36	1.1755e-36	1.1755e-36	8.1568e-24	0.00e+00	0.00e+00	9.4173e+00
2.64239e+19	8.4784e+03	3.526e-21	2.7826e+01	2.9744e+01	1.8567e-13	1.6221e-02	9.8378e-01	2.5915e-02	9.7408e-01	4.5327e-13	2.8034e-16	1.4670e-04	3.1923e-01	6.7963e-01	9.8797e-04	1.2143e-02	6.3672e-01	3.5114e-01	1.1755e-36	1.1755e-36	1.1755e-36	1.2191e-23	0.00e+00	0.00e+00	9.8143e+00
2.65603e+19	8.4957e+03	3.548e-21	2.7826e+01	2.9665e+01	2.3355e-13	1.8217e-02	9.8178e-01	2.8463e-02	9.7154e-01	4.2796e-13	3.9961e-16	1.5668e-04	3.3972e-01	6.5927e-01	8.5466e-04	1.4472e-02	6.6948e-01	3.1605e-01	1.1755e-36	1.1755e-36	1.1755e-36	1.8427e-23	0.00e+00	0.00e+00	1.0241e+01
2.66915e+19	8.4947e+03	3.578e-21	2.7826e+01	2.9599e+01	3.0281e-13	2.0662e-02	9.7934e-01	3.1432e-02	9.6857e-01	4.0446e-13	5.8307e-16	1.6799e-04	3.6248e-01	6.3663e-01	7.2686e-04	1.7386e-02	7.0246e-01	2.8015e-01	1.1755e-36	1.1755e-36	1.1755e-36	2.8750e-23	0.00e+00	0.00e+00	1.0709e+01
2.68113e+19	8.4999e+03	3.605e-21	2.7826e+01	2.9531e+01	3.9397e-13	2.3502e-02	9.7650e-01	3.4704e-02	9.6530e-01	3.8444e-13	8.5055e-16	1.7959e-04	3.8595e-01	6.1326e-01	6.1374e-04	2.0839e-02	7.3338e-01	2.4578e-01	1.1755e-36	1.1755e-36	1.1755e-36	4.5146e-23	0.00e+00	0.00e+00	1.1166e+01
2.69176e+19	8.4827e+03	3.633e-21	2.7826e+01	2.9420e+01	5.1686e-13	2.6728e-02	9.7327e-01	3.8332e-02	9.6167e-01	3.6643e-13	1.2257e-15	1.9121e-04	4.1001e-01	5.8928e-01	5.1569e-04	2.4812e-02	7.6085e-01	2.1434e-01	1.1755e-36	1.1755e-36	1.1755e-36	6.9792e-23	0.00e+00	0.00e+00	1.1645e+01
2.70347e+19	8.4729e+03	3.657e-21	2.7826e+01	2.9319e+01	7.1442e-13	3.1190e-02	9.6881e-01	4.3244e-02	9.5676e-01	3.4681e-13	1.8949e-15	2.0592e-04	4.4016e-01	5.5922e-01	4.1376e-04	3.0384e-02	7.8984e-01	1.7977e-01	1.1755e-36	1.1755e-36	1.1755e-36	1.1825e-22	0.00e+00	0.00e+00	1.2370e+01
2.71574e+19	8.4627e+03	3.679e-21	2.7826e+01	2.9066e+01	1.0576e-12	3.7685e-02	9.6232e-01	4.9863e-02	9.5014e-01	3.2688e-13	3.1446e-15	2.2208e-04	4.7585e-01	5.2361e-01	3.1555e-04	3.8533e-02	8.1801e-01	1.4346e-01	1.1755e-36	1.1755e-36	1.1755e-36	2.1985e-22	0.00e+00	0.00e+00	1.3119e+01
2.72552e+19	8.4388e+03	3.704e-21	2.7826e+01	2.8836e+01	1.5595e-12	4.5265e-02	9.5473e-01	5.6850e-02	9.4315e-01	3.1175e-13	5.0705e-15	2.3741e-04	5.0972e-01	4.8980e-01	2.4145e-04	4.8035e-02	8.3768e-01	1.1428e-01	1.1755e-36	1.1755e-36	1.1755e-36	3.9932e-22	0.00e+00	0.00e+00	1.3774e+01
2.73219e+19	8.4157e+03	3.722e-21	2.7826e+01	2.8622e+01	2.1333e-12	5.2422e-02	9.4758e-01	6.2888e-02	9.3711e-01	3.0168e-13	7.3569e-15	2.4888e-04	5.3602e-01	4.6353e-01	1.9433e-04	5.6977e-02	8.4833e-01	9.4697e-02	1.1755e-36	1.1755e-36	1.1755e-36	6.4010e-22	0.00e+00	0.00e+00	1.4244e+01
2.73681e+19	8.3829e+03	3.737e-21	2.7826e+01	2.8471e+01	2.7336e-12	5.8674e-02	9.4133e-01	6.7928e-02	9.3207e-01	2.9446e-13	9.7635e-15	2.5790e-04	5.5651e-01	4.4307e-01	1.6365e-04	6.4761e-02	8.5356e-01	8.1683e-02	1.1755e-36	1.1755e-36	1.1755e-36	9.1797e-22	0.00e+00	0.00e+00	1.4671e+01
2.74156e+19	8.3614e+03	3.730e-21	2.7826e+01	2.8230e+01	3.5274e-12	6.6035e-02	9.3397e-01	7.3941e-02	9.2606e-01	2.8680e-13	1.3093e-14	2.6677e-04	5.7866e-01	4.2093e-01	1.3544e-04	7.3921e-02	8.5669e-01	6.9389e-02	1.1755e-36	1.1755e-36	1.1755e-36	1.3349e-21	0.00e+00	0.00e+00	1.5295e+01
2.74689e+19	8.3276e+03	3.728e-21	2.7826e+01	2.7948e+01	4.8954e-12	7.6753e-02	9.2325e-01	8.1867e-02	9.1813e-01	2.7811e-13	1.8901e-14	2.7735e-04	6.0542e-01	3.9420e-01	1.0653e-04	8.7159e-02	8.5659e-01	5.6251e-02	1.1755e-36	1.1755e-36	1.1755e-36	2.1494e-21	0.00e+00	0.00e+00	1.6006e+01
2.75156e+19	8.3161e+03	3.707e-21	2.7826e+01	2.7562e+01	6.6970e-12	8.9012e-02	9.1099e-01	9.0064e-02	9.0994e-01	2.7153e-13	2.6885e-14	2.8544e-04	6.3010e-01	3.6953e-01	8.4013e-05	1.0219e-01	8.5238e-01	4.5423e-02	1.1755e-36	1.1755e-36	1.1755e-36	3.4207e-21	0.00e+00	0.00e+00	1.6641e+01
2.75520e+19	8.2831e+03	3.691e-21	2.7826e+01	2.7219e+01	8.9460e-12	1.0150e-01	8.9850e-01	9.7898e-02	9.0210e-01	2.6593e-13	3.6634e-14	2.9234e-04	6.5152e-01	3.4812e-01	6.7850e-05	1.1738e-01	8.4514e-01	3.7482e-02	1.1755e-36	1.1755e-36	1.1755e-36	5.1571e-21	0.00e+00	0.00e+00	1.7217e+01
2.75829e+19	8.2700e+03	3.658e-21	2.7826e+01	2.6846e+01	1.1507e-11	1.1415e-01	8.8585e-01	1.0543e-01	8.9457e-01	2.6174e-13	4.8146e-14	2.9721e-04	6.7032e-01	3.2933e-01	5.5772e-05	1.3266e-01	8.3600e-01	3.1342e-02	1.1755e-36	1.1755e-36	1.1755e-36	7.4360e-21	0.00e+00	0.00e+00	1.7808e+01
2.76168e+19	8.2376e+03	3.601e-21	2.7826e+01	2.6320e+01	1.5504e-11	1.3054e-01	8.6946e-01	1.1515e-01	8.8485e-01	2.5648e-13	6.5573e-14	3.0166e-04	6.9199e-01	3.0766e-01	4.4187e-05	1.5231e-01	8.2233e-01	2.5364e-02	1.1755e-36	1.1755e-36	1.1755e-36	1.1236e-20	0.00e+00	0.00e+00	1.8685e+01
2.76521e+19	8.2082e+03	3.539e-21	2.7826e+01	2.5747e+01	2.2093e-11	1.5345e-01	8.4655e-01	1.2679e-01	8.7321e-01	2.5201e-13	9.4891e-14	3.0594e-04	7.1589e-01	2.8377e-01	3.3496e-05	1.7942e-01	8.0101e-01	1.9579e-02	1.1755e-36	1.1755e-36	1.1755e-36	1.8616e-20	0.00e+00	0.00e+00	1.9559e+01
2.76797e+19	8.1984e+03	3.452e-21	2.7826e+01	2.5039e+01	2.9655e-11	1.7584e-01	8.2416e-01	1.3697e-01	8.6303e-01	2.5025e-13	1.2843e-13	3.0581e-04	7.3440e-01	2.6527e-01	2.6483e-05	2.0560e-01	7.7882e-01	1.5574e-02	1.1755e-36	1.1755e-36	1.1755e-36	2.8256e-20	0.00e+00	0.00e+00	2.0264e+01
2.77009e+19	8.1786e+03	3.370e-21	2.7826e+01	2.4415e+01	3.7874e-11	1.9625e-01	8.0375e-01	1.4616e-01	8.5384e-01	2.4836e-13	1.6375e-13	3.0479e-04	7.4933e-01	2.5034e-01	2.1780e-05	2.2921e-01	7.5793e-01	1.2860e-02	1.1755e-36	1.1755e-36	1.1755e-36	3.9508e-20	0.00e+00	0.00e+00	2.0937e+01
2.77234e+19	8.1476e+03	3.263e-21	2.7826e+01	2.3711e+01	4.9667e-11	2.2101e-01	7.7899e-01	1.5707e-01	8.4293e-01	2.4724e-13	2.1322e-13	3.0321e-04	7.6606e-01	2.3362e-01	1.7432e-05	2.5753e-01	7.3212e-01	1.0353e-02	1.1755e-36	1.1755e-36	1.1755e-36	5.6896e-20	0.00e+00	0.00e+00	2.1924e+01
2.77477e+19	8.1187e+03	3.125e-21	2.7826e+01	2.2775e+01	6.7726e-11	2.5334e-01	7.4666e-01	1.6968e-01	8.3032e-01	2.4739e-13	2.8707e-13	2.9835e-04	7.8352e-01	2.1617e-01	1.3518e-05	2.9395e-01	6.9806e-01	7.9882e-03	1.1755e-36	1.1755e-36	1.1755e-36	8.6204e-20	0.00e+00	0.00e+00	2.2955e+01
2.77684e+19	8.0941e+03	2.981e-21	2.7826e+01	2.1824e+01	8.9623e-11	2.8626e-01	7.1374e-01	1.8154e-01	8.1846e-01	2.4900e-13	3.7368e-13	2.9184e-04	7.9843e-01	2.0126e-01	1.0721e-05	3.3044e-01	6.6331e-01	6.2516e-03	1.1755e-36	1.1755e-36	1.1755e-36	1.2498e-19	0.00e+00	0.00e+00	2.3872e+01
2.77854e+19	8.0538e+03	2.850e-21	2.7826e+01	2.1004e+01	1.1510e-10	3.1756e-01	6.8244e-01	1.9277e-01	8.0723e-01	2.5049e-13	4.6865e-13	2.8601e-04	8.1136e-01	1.8835e-01	8.7314e-06	3.6461e-01	6.3037e-01	5.0234e-03	1.1755e-36	1.1755e-36	1.1755e-36	1.7214e-19	0.00e+00	0.00e+00	2.4756e+01
2.78011e+19	8.0323e+03	2.700e-21	2.7826e+01	2.0070e+01	1.4244e-10	3.4737e-01	6.5263e-01	2.0320e-01	7.9680e-01	2.5355e-13	5.6578e-13	2.7748e-04	8.2231e-01	1.7741e-01	7.2498e-06	3.9668e-01	5.9923e-01	4.0893e-03	1.1755e-36	1.1755e-36	1.1755e-36	2.2422e-19	0.00e+00	0.00e+00	2.5705e+01
2.78155e+19	7.9912e+03	2.561e-21	2.7826e+01	1.9207e+01	1.7642e-10	3.7819e-01	6.2181e-01	2.1360e-01	7.8640e-01	2.5712e-13	6.7782e-13	2.6942e-04	8.3268e-01	1.6705e-01	6.0545e-06	4.2936e-01	5.6730e-01	3.3398e-03	1.1755e-36	1.1755e-36	1.1755e-36	2.8930e-19	0.00e+00	0.00e+00	2.6593e+01
2.78282e+19	7.9524e+03	2.431e-21	2.7826e+01	1.8423e+01	2.1262e-10	4.0671e-01	5.9329e-01	2.2341e-01	7.7659e-01	2.6073e-13	7.9086e-13	2.6166e-04	8.4175e-01	1.5799e-01	5.1510e-06	4.5918e-01	5.3804e-01	2.7775e-03	1.1755e-36	1.1755e-36	1.1755e-36	3.5959e-19	0.00e+00	0.00e+00	2.7444e+01
2.78397e+19	7.9157e+03	2.304e-21	2.7826e+01	1.7655e+01	2.5101e-10	4.3322e-01	5.6678e-01	2.3263e-01	7.6737e-01	2.6500e-13	9.0191e-13	2.5357e-04	8.4975e-01	1.4999e-01	4.4444e-06	4.8656e-01	5.1110e-01	2.3401e-03	1.1755e-36	1.1755e-36	1.1755e-36	4.3209e-19	0.00e+00	0.00e+00	2.8295e+01
2.78505e+19	7.8753e+03	2.183e-21	2.7826e+01	1.6925e+01	2.9303e-10	4.5851e-01	5.4149e-01	2.4161e-01	7.5839e-01	2.6943e-13	1.0141e-12	2.4562e-04	8.5708e-01	1.4267e-01	3.8699e-06	5.1237e-01	4.8564e-01	1.9881e-03	1.1755e-36	1.1755e-36	1.1755e-36	5.0855e-19	0.00e+00	0.00e+00	2.9125e+01
2.78604e+19	7.8353e+03	2.070e-21	2.7826e+01	1.6243e+01	3.3723e-10	4.8209e-01	5.1791e-01	2.5025e-01	7.4975e-01	2.7398e-13	1.1237e-12	2.3797e-04	8.6374e-01	1.3602e-01	3.4028e-06	5.3617e-01	4.6213e-01	1.7062e-03	1.1755e-36	1.1755e-36	1.1755e-36	5.8593e-19	0.00e+00	0.00e+00	2.9933e+01
2.78697e+19	7.7910e+03	1.963e-21	2.7826e+01	1.5587e+01	3.8468e-10	5.0413e-01	4.9587e-01	2.5864e-01	7.4136e-01	2.7869e-13	1.2294e-12	2.3043e-04	8.6985e-01	1.2992e-01	3.0157e-06	5.5819e-01	4.4034e-01	1.4765e-03	1.1755e-36	1.1755e-36	1.1755e-36	6.6189e-19	0.00e+00	0.00e+00	3.0738e+01
2.78786e+19	7.7438e+03	1.863e-21	2.7826e+01	1.4991e+01	4.3626e-10	5.2543e-01	4.7457e-01	2.6725e-01	7.3275e-01	2.8298e-13	1.3377e-12	2.2353e-04	8.7574e-01	1.2403e-01	2.6813e-06	5.7926e-01	4.1946e-01	1.2828e-03	1.1755e-36	1.1755e-36	1.1755e-36	7.4226e-19	0.00e+00	0.00e+00	3.1535e+01
2.78872e+19	7.6957e+03	1.766e-21	2.7826e+01	1.4402e+01	4.9182e-10	5.4581e-01	4.5419e-01	2.7591e-01	7.2409e-01	2.8761e-13	1.4432e-12	2.1654e-04	8.8136e-01	1.1842e-01	2.3904e-06	5.9924e-01	3.9965e-01	1.1177e-03	1.1755e-36	1.1755e-36	1.1755e-36	8.2124e-19	0.00e+00	0.00e+00	3.2370e+01
2.78944e+19	7.6728e+03	1.687e-21	2.7826e+01	1.3909e+01	5.3478e-10	5.6168e-01	4.3832e-01	2.8230e-01	7.1770e-01	2.9270e-13	1.5236e-12	2.1036e-04	8.8543e-01	1.1435e-01	2.1890e-06	6.1465e-01	3.8434e-01	1.0004e-03	1.1755e-36	1.1755e-36	1.1755e-36	8.8211e-19	0.00e+00	0.00e+00	3.2915e+01
2.78993e+19	7.6228e+03	1.636e-21	2.7826e+01	1.3599e+01	5.7922e-10	5.7347e-01	4.2653e-01	2.8805e-01	7.1195e-01	2.9465e-13	1.5902e-12	2.0681e-04	8.8875e-01	1.1104e-01	2.0459e-06	6.2606e-01	3.7301e-01	9.2379e-04	1.1755e-36	1.1755e-36	1.1755e-36	9.3254e-19	0.00e+00	0.00e+00	3.3363e+01
2.79039e+19	7.6020e+03	1.585e-21	2.7826e+01	1.3294e+01	6.1110e-10	5.8305e-01	4.1695e-01	2.9285e-01	7.0715e-01	2.9758e-13	1.6398e-12	2.0299e-04	8.9152e-01	1.0827e-01	1.9276e-06	6.3528e-01	3.6386e-01	8.6048e-04	1.1755e-36	1.1755e-36	1.1755e-36	9.6892e-19	0.00e+00	0.00e+00	3.3848e+01
2.79094e+19	7.5571e+03	1.527e-21	2.7826e+01	1.2946e+01	6.6008e-10	5.9500e-01	4.0500e-01	2.9930e-01	7.0070e-01	2.9991e-13	1.7061e-12	1.9880e-04	8.9504e-01	1.0476e-01	1.7886e-06	6.4675e-01	3.5246e-01	7.8887e-04	1.1755e-36	1.1755e-36	1.1755e-36	1.0177e-18	0.00e+00	0.00e+00	3.4490e+01
2.79156e+19	7.5106e+03	1.462e-21	2.7826e+01	1.2551e+01	7.1814e-10	6.0860e-01	3.9140e-01	3.0654e-01	6.9346e-01	3.0321e-13	1.7815e-12	1.9391e-04	8.9886e-01	1.0095e-01	1.6442e-06	6.5968e-01	3.3961e-01	7.1381e-04	1.1755e-36	1.1755e-36	1.1755e-36	1.0738e-18	0.00e+00	0.00e+00	3.5172e+01
2.79217e+19	7.4647e+03	1.401e-21	2.7826e+01	1.2174e+01	7.7848e-10	6.2153e-01	3.7847e-01	3.1362e-01	6.8638e-01	3.0658e-13	1.8537e-12	1.8917e-04	9.0244e-01	9.7372e-02	1.5162e-06	6.7192e-01	3.2743e-01	6.4778e-04	1.1755e-36	1.1755e-36	1.1755e-36	1.1271e-18	0.00e+00	0.00e+00	3.5803e+01
2.79273e+19	7.4106e+03	1.347e-21	2.7826e+01	1.1842e+01	8.4442e-10	6.3352e-01	3.6648e-01	3.2072e-01	6.7928e-01	3.0904e-13	1.9239e-12	1.8505e-04	9.0582e-01	9.3996e-02	1.4040e-06	6.8322e-01	3.1619e-01	5.9173e-04	1.1755e-36	1.1755e-36	1.1755e-36	1.1792e-18	0.00e+00	0.00e+00	3.6409e+01
2.79328e+19	7.3705e+03	1.295e-21	2.7826e+01	1.1511e+01	9.0366e-10	6.4419e-01	3.5581e-01	3.2728e-01	6.7272e-01	3.1226e-13	1.9821e-12	1.8079e-04	9.0888e-01	9.0938e-02	1.3058e-06	6.9324e-01	3.0622e-01	5.4306e-04	1.1755e-36	1.1755e-36	1.1755e-36	1.2197e-18	0.00e+00	0.00e+00	3.7024e+01
2.79385e+19	7.3119e+03	1.241e-21	2.7826e+01	1.1175e+01	9.8101e-10	6.5567e-01	3.4433e-01	3.3484e-01	6.6516e-01	3.1487e-13	2.0479e-12	1.7653e-04	9.1220e-01	8.7625e-02	1.2065e-06	7.0394e-01	2.9556e-01	4.9544e-04	1.1755e-36	1.1755e-36	1.1755e-36	1.2653e-18	0.00e+00	0.00e+00	3.7717e+01
2.79445e+19	7.2505e+03	1.187e-21	2.7826e+01	1.0837e+01	1.0692e-09	6.6779e-01	3.3221e-01	3.4310e-01	6.5690e-01	3.1734e-13	2.1199e-12	1.7221e-04	9.1564e-01	8.4183e-02	1.1089e-06	7.1518e-01	2.8437e-01	4.4904e-04	1.1755e-36	1.1755e-36	1.1755e-36	1.3164e-18	0.00e+00	0.00e+00	3.8434e+01
2.79505e+19	7.1941e+03	1.135e-21	2.7826e+01	1.0500e+01	1.1579e-09	6.7899e-01	3.2101e-01	3.5096e-01	6.4904e-01	3.2042e-13	2.1825e-12	1.6778e-04	9.1882e-01	8.1009e-02	1.0226e-06	7.2553e-01	2.7406e-01	4.0832e-04	1.1755e-36	1.1755e-36	1.1755e-36	1.3575e-18	0.00e+00	0.00e+00	3.9125e+01
2.79563e+19	7.1346e+03	1.085e-21	2.7826e+01	1.0181e+01	1.2539e-09	6.8966e-01	3.1034e-01	3.5899e-01	6.4101e-01	3.2309e-13	2.2424e-12	1.6358e-04	9.2190e-01	7.7934e-02	9.4380e-07	7.3534e-01	2.6429e-01	3.7210e-04	1.1755e-36	1.1755e-36	1.1755e-36	1.3956e-18	0.00e+00	0.00e+00	3.9833e+01
2.79623e+19	7.0745e+03	1.036e-21	2.7826e+01	9.8653e+00	1.3582e-09	7.0026e-01	2.9974e-01	3.6742e-01	6.3258e-01	3.2565e-13	2.3023e-12	1.5940e-04	9.2499e-01	7.4854e-02	8.6887e-07	7.4504e-01	2.5462e-01	3.3829e-04	1.1755e-36	1.1755e-36	1.1755e-36	1.4328e-18	0.00e+00	0.00e+00	4.0578e+01
2.79684e+19	7.0017e+03	9.879e-22	2.7826e+01	9.5419e+00	1.4854e-09	7.1105e-01	2.8895e-01	3.7633e-01	6.2367e-01	3.2800e-13	2.3624e-12	1.5512e-04	9.2808e-01	7.1761e-02	7.9767e-07	7.5484e-01	2.4486e-01	3.0668e-04	1.1755e-36	1.1755e-36	1.1755e-36	1.4679e-18	0.00e+00	0.00e+00	4.1354e+01
2.79746e+19	6.9308e+03	9.410e-22	2.7826e+01	9.2251e+00	1.6204e-09	7.2140e-01	2.7860e-01	3.8534e-01	6.1466e-01	3.3055e-13	2.4185e-12	1.5084e-04	9.3108e-01	6.8770e-02	7.3196e-07	7.6426e-01	2.3546e-01	2.7791e-04	1.1755e-36	1.1755e-36	1.1755e-36	1.4982e-18	0.00e+00	0.00e+00	4.2131e+01
2.79807e+19	6.8540e+03	8.964e-22	2.7826e+01	8.9285e+00	1.7752e-09	7.3171e-01	2.6829e-01	3.9490e-01	6.0510e-01	3.3222e-13	2.4781e-12	1.4684e-04	9.3406e-01	6.5797e-02	6.7059e-07	7.7357e-01	2.2618e-01	2.5163e-04	1.1755e-36	1.1755e-36	1.1755e-36	1.5323e-18	0.00e+00	0.00e+00	4.2925e+01
2.79869e+19	6.7775e+03	8.534e-22	2.7826e+01	8.6330e+00	1.9421e-09	7.4147e-01	2.5853e-01	4.0436e-01	5.9564e-01	3.3416e-13	2.5311e-12	1.4280e-04	9.3688e-01	6.2977e-02	6.1495e-07	7.8235e-01	2.1742e-01	2.2812e-04	1.1755e-36	1.1755e-36	1.1755e-36	1.5590e-18	0.00e+00	0.00e+00	4.3720e+01
2.79930e+19	6.6988e+03	8.116e-22	2.7826e+01	8.3404e+00	2.1269e-09	7.5084e-01	2.4916e-01	4.1393e-01	5.8607e-01	3.3608e-13	2.5797e-12	1.3877e-04	9.3961e-01	6.0252e-02	5.6370e-07	7.9073e-01	2.0906e-01	2.0686e-04	1.1755e-36	1.1755e-36	1.1755e-36	1.5802e-18	0.00e+00	0.00e+00	4.4541e+01
2.79994e+19	6.6213e+03	7.705e-22	2.7826e+01	8.0511e+00	2.3277e-09	7.6009e-01	2.3991e-01	4.2390e-01	5.7610e-01	3.3795e-13	2.6272e-12	1.3472e-04	9.4232e-01	5.7548e-02	5.1519e-07	7.9899e-01	2.0082e-01	1.8704e-04	1.1755e-36	1.1755e-36	1.1755e-36	1.6000e-18	0.00e+00	0.00e+00	4.5401e+01
2.80059e+19	6.5234e+03	7.305e-22	2.7826e+01	7.7668e+00	2.5932e-09	7.6984e-01	2.3016e-01	4.3484e-01	5.6516e-01	3.3860e-13	2.6827e-12	1.3080e-04	9.4508e-01	5.4788e-02	4.6869e-07	8.0765e-01	1.9219e-01	1.6832e-04	1.1755e-36	1.1755e-36	1.1755e-36	1.6272e-18	0.00e+00	0.00e+00	4.6293e+01
2.80123e+19	6.4310e+03	6.928e-22	2.7826e+01	7.4908e+00	2.8738e-09	7.7890e-01	2.2110e-01	4.4541e-01	5.5459e-01	3.3966e-13	2.7313e-12	1.2690e-04	9.4764e-01	5.2236e-02	4.2752e-07	8.1567e-01	1.8418e-01	1.5188e-04	1.1755e-36	1.1755e-36	1.1755e-36	1.6484e-18	0.00e+00	0.00e+00	4.7148e+01
2.80185e+19	6.3310e+03	6.579e-22	2.7826e+01	7.2277e+00	3.2008e-09	7.8732e-01	2.1268e-01	4.5592e-01	5.4408e-01	3.4024e-13	2.7761e-12	1.2319e-04	9.5003e-01	4.9845e-02	3.9089e-07	8.2310e-01	1.7677e-01	1.3760e-04	1.1755e-36	1.1755e-36	1.1755e-36	1.6668e-18	0.00e+00	0.00e+00	4.8003e+01
2.80248e+19	6.2298e+03	6.241e-22	2.7826e+01	6.9728e+00	3.5716e-09	7.9557e-01	2.0443e-01	4.6683e-01	5.3317e-01	3.4037e-13	2.8221e-12	1.1957e-04	9.5238e-01	4.7497e-02	3.5662e-07	8.3036e-01	1.6952e-01	1.2444e-04	1.1755e-36	1.1755e-36	1.1755e-36	1.6879e-18	0.00e+00	0.00e+00	4.8896e+01
2.80313e+19	6.1219e+03	5.908e-22	2.7826e+01	6.7167e+00	4.0131e-09	8.0386e-01	1.9614e-01	4.7815e-01	5.2185e-01	3.4025e-13	2.8700e-12	1.1590e-04	9.5470e-01	4.5187e-02	3.2441e-07	8.3763e-01	1.6226e-01	1.1218e-04	1.1755e-36	1.1755e-36	1.1755e-36	1.7123e-18	0.00e+00	0.00e+00	4.9822e+01
2.80378e+19	6.0117e+03	5.589e-22	2.7826e+01	6.4613e+00	4.5201e-09	8.1184e-01	1.8816e-01	4.8943e-01	5.1057e-01	3.4034e-13	2.9159e-12	1.1218e-04	9.5690e-01	4.2992e-02	2.9508e-07	8.4461e-01	1.5529e-01	1.0109e-04	1.1755e-36	1.1755e-36	1.1755e-36	1.7366e-18	0.00e+00	0.00e+00	5.0748e+01
2.80443e+19	5.9019e+03	5.286e-22	2.7826e+01	6.2179e+00	5.0913e-09	8.1951e-01	1.8049e-01	5.0085e-01	4.9915e-01	3.4000e-13	2.9639e-12	1.0862e-04	9.5900e-01	4.0896e-02	2.6841e-07	8.5128e-01	1.4863e-01	9.1133e-05	1.1755e-36	1.1755e-36	1.1755e-36	1.7669e-18	0.00e+00	0.00e+00	5.1681e+01
2.80508e+19	5.7841e+03	4.998e-22	2.7826e+01	5.9833e+00	5.7803e-09	8.2709e-01	1.7291e-01	5.1263e-01	4.8737e-01	3.3888e-13	3.0188e-12	1.0519e-04	9.6102e-01	3.8871e-02	2.4394e-07	8.5785e-01	1.4207e-01	8.2091e-05	1.1755e-36	1.1755e-36	1.1755e-36	1.8094e-18	0.00e+00	0.00e+00	5.2628e+01
2.80572e+19	5.6558e+03	4.726e-22	2.7826e+01	5.7503e+00	6.6246e-09	8.3435e-01	1.6565e-01	5.2436e-01	4.7564e-01	3.3758e-13	3.0773e-12	1.0177e-04	9.6293e-01	3.6968e-02	2.2188e-07	8.6415e-01	1.3577e-01	7.4016e-05	1.1755e-36	1.1755e-36	1.1755e-36	1.8617e-18	0.00e+00	0.00e+00	5.3568e+01
2.80636e+19	5.5375e+03	4.470e-22	2.7826e+01	5.5340e+00	7.5210e-09	8.4124e-01	1.5876e-01	5.3600e-01	4.6400e-01	3.3597e-13	3.1403e-12	9.8562e-05	9.6473e-01	3.5173e-02	2.0203e-07	8.7009e-01	1.2984e-01	6.6808e-05	1.1755e-36	1.1755e-36	1.1755e-36	1.9248e-18	0.00e+00	0.00e+00	5.4503e+01
2.80700e+19	5.4078e+03	4.228e-22	2.7826e+01	5.3201e+00	8.6217e-09	8.4792e-01	1.5208e-01	5.4778e-01	4.5222e-01	3.3389e-13	3.2129e-12	9.5391e-05	9.6644e-01	3.3466e-02	1.8395e-07	8.7584e-01	1.2410e-01	6.0313e-05	1.1755e-36	1.1755e-36	1.1755e-36	2.0072e-18	0.00e+00	0.00e+00	5.5456e+01
2.80764e+19	5.2755e+03	3.996e-22	2.7826e+01	5.1115e+00	9.8926e-09	8.5442e-01	1.4558e-01	5.5959e-01	4.4041e-01	3.3153e-13	3.2961e-12	9.2286e-05	9.6806e-01	3.1845e-02	1.6748e-07	8.8143e-01	1.1851e-01	5.4417e-05	1.1755e-36	1.1755e-36	1.1755e-36	2.1108e-18	0.00e+00	0.00e+00	5.6411e+01
2.80827e+19	5.1409e+03	3.779e-22	2.7826e+01	4.9108e+00	1.1341e-08	8.6065e-01	1.3935e-01	5.7128e-01	4.2872e-01	3.2889e-13	3.3908e-12	8.9292e-05	9.6958e-01	3.0331e-02	1.5272e-07	8.8677e-01	1.1318e-01	4.9158e-05	1.1755e-36	1.1755e-36	1.1755e-36	2.2384e-18	0.00e+00	0.00e+00	5.7354e+01
2.80882e+19	5.0215e+03	3.600e-22	2.7826e+01	4.7393e+00	1.2753e-08	8.6593e-01	1.3407e-01	5.8128e-01	4.1872e-01	3.2661e-13	3.4839e-12	8.6726e-05	9.7081e-01	2.9099e-02	1.4117e-07	8.9129e-01	1.0867e-01	4.5003e-05	1.1755e-36	1.1755e-36	1.1755e-36	2.3713e-18	0.00e+00	0.00e+00	5.8097e+01
2.80929e+19	4.9085e+03	3.457e-22	2.7826e+01	4.6022e+00	1.4153e-08	8.7017e-01	1.2983e-01	5.9032e-01	4.0968e-01	3.2323e-13	3.5407e-12	8.4743e-05	9.7198e-01	2.7936e-02	1.3136e-07	8.9491e-01	1.0504e-01	4.1839e-05	1.1755e-36	1.1755e-36	1.1755e-36	2.4470e-18	0.00e+00	0.00e+00	5.8771e+01
2.80973e+19	4.7993e+03	3.325e-22	2.7826e+01	4.4731e+00	1.5569e-08	8.7407e-01	1.2593e-01	5.9904e-01	4.0096e-01	3.1977e-13	3.5818e-12	8.2881e-05	9.7310e-01	2.6819e-02	1.1755e-36	8.9825e-01	1.0171e-01	3.9017e-05	1.1755e-36	1.1755e-36	1.1755e-36	2.4983e-18	0.00e+00	0.00e+00	5.9456e+01
2.81020e+19	4.6872e+03	3.188e-22	2.7826e+01	4.3344e+00	1.7054e-08	8.7798e-01	1.2202e-01	6.0796e-01	3.9204e-01	3.1674e-13	3.6127e-12	8.0844e-05	9.7422e-01	2.5698e-02	1.1755e-36	9.0160e-01	9.8361e-02	3.6239e-05	1.1755e-36	1.1755e-36	1.1755e-36	2.5325e-18	0.00e+00	0.00e+00	6.0212e+01
2.81072e+19	4.5487e+03	3.039e-22	2.7826e+01	4.1843e+00	1.8924e-08	8.8276e-01	1.1724e-01	6.1852e-01	3.8148e-01	3.1194e-13	3.6475e-12	7.8712e-05	9.7548e-01	2.4439e-02	1.1755e-36	9.0566e-01	9.4304e-02	3.3227e-05	1.1755e-36	1.1755e-36	1.1755e-36	2.5686e-18	0.00e+00	0.00e+00	6.1085e+01
2.81128e+19	4.4087e+03	2.887e-22	2.7826e+01	4.0237e+00	2.0730e-08	8.8765e-01	1.1235e-01	6.2895e-01	3.7105e-01	3.0808e-13	3.6611e-12	7.6386e-05	9.7671e-01	2.3217e-02	1.1755e-36	9.0982e-01	9.0152e-02	3.0303e-05	1.1755e-36	1.1755e-36	1.1755e-36	2.5644e-18	0.00e+00	0.00e+00	6.1950e+01
2.81182e+19	4.2716e+03	2.749e-22	2.7826e+01	3.8726e+00	2.2330e-08	8.9222e-01	1.0778e-01	6.3895e-01	3.6105e-01	3.0413e-13	3.6538e-12	7.4223e-05	9.7783e-01	2.2092e-02	1.1755e-36	9.1369e-01	8.6277e-02	2.7728e-05	1.1755e-36	1.1755e-36	1.1755e-36	2.5207e-18	0.00e+00	0.00e+00	6.2771e+01
2.81233e+19	4.1403e+03	2.624e-22	2.7826e+01	3.7347e+00	2.3637e-08	8.9637e-01	1.0363e-01	6.4837e-01	3.5163e-01	3.0003e-13	3.6270e-12	7.2284e-05	9.7885e-01	2.1074e-02	1.1755e-36	9.1721e-01	8.2763e-02	2.5511e-05	1.1755e-36	1.1755e-36	1.1755e-36	2.4408e-18	0.00e+00	0.00e+00	6.3543e+01
2.81281e+19	4.0146e+03	2.512e-22	2.7826e+01	3.6080e+00	2.4628e-08	9.0016e-01	9.9840e-02	6.5727e-01	3.4273e-01	2.9585e-13	3.5837e-12	7.0540e-05	9.7978e-01	2.0149e-02	1.1755e-36	9.2042e-01	7.9553e-02	2.3584e-05	1.1755e-36	1.1755e-36	1.1755e-36	2.3312e-18	0.00e+00	0.00e+00	6.4276e+01
2.81326e+19	3.8956e+03	2.409e-22	2.7826e+01	3.4869e+00	2.5292e-08	9.0381e-01	9.6187e-02	6.6550e-01	3.3450e-01	2.9222e-13	3.5278e-12	6.8879e-05	9.8062e-01	1.9314e-02	1.1755e-36	9.2351e-01	7.6470e-02	2.1841e-05	1.1755e-36	1.1755e-36	1.1755e-36	2.2003e-18	0.00e+00	0.00e+00	6.4981e+01
###########################
2.12770e+14	6.8109e+03	3.018e-21	2.7826e+01	3.0392e+01	9.7345e-16	6.6297e-04	9.9934e-01	1.9122e-03	9.3159e-01	6.6498e-02	7.8737e-21	6.8743e-06	3.5689e-02	9.4138e-01	2.2902e-02	2.6919e-05	6.3485e-02	9.0417e-01	3.2318e-02	9.1513e-07	1.1755e-36	1.1975e-28	0.00e+00	0.00e+00	4.9555e-05
1.27662e+15	6.8087e+03	3.018e-21	2.7826e+01	3.0388e+01	9.7530e-16	6.6296e-04	9.9934e-01	1.9122e-03	9.3163e-01	6.6456e-02	7.8679e-21	6.8565e-06	3.5696e-02	9.4134e-01	2.2937e-02	2.6895e-05	6.3429e-02	9.0433e-01	3.2211e-02	9.1064e-07	1.1755e-36	1.1963e-28	0.00e+00	0.00e+00	2.4777e-04
5.53202e+15	6.8072e+03	3.016e-21	2.7826e+01	3.0386e+01	9.7797e-16	6.6284e-04	9.9934e-01	1.9128e-03	9.3199e-01	6.6097e-02	7.8696e-21	6.8685e-06	3.5713e-02	9.4137e-01	2.2892e-02	2.6857e-05	6.3347e-02	9.0485e-01	3.1773e-02	8.9256e-07	1.1755e-36	1.1978e-28	0.00e+00	0.00e+00	1.0405e-03
2.25536e+16	6.8031e+03	3.010e-21	2.7826e+01	3.0383e+01	9.7797e-16	6.6255e-04	9.9934e-01	1.9172e-03	9.3394e-01	6.4141e-02	7.8289e-21	6.8856e-06	3.5741e-02	9.4153e-01	2.2707e-02	2.6803e-05	6.3219e-02	9.0668e-01	3.0077e-02	8.2383e-07	1.1755e-36	1.1873e-28	0.00e+00	0.00e+00	4.2100e-03
5.38734e+16	6.7874e+03	2.995e-21	2.7826e+01	3.0379e+01	9.8050e-16	6.5977e-04	9.9934e-01	1.9183e-03	9.3496e-01	6.3126e-02	7.6924e-21	6.8736e-06	3.5734e-02	9.4166e-01	2.2578e-02	2.6511e-05	6.2739e-02	9.0947e-01	2.7759e-02	7.2973e-07	1.1755e-36	1.1602e-28	0.00e+00	0.00e+00	8.3130e-03
9.45891e+16	6.7695e+03	2.978e-21	2.7826e+01	3.0372e+01	9.8231e-16	6.5704e-04	9.9934e-01	1.9244e-03	9.3810e-01	5.9973e-02	7.5519e-21	6.8667e-06	3.5742e-02	9.4197e-01	2.2265e-02	2.6271e-05	6.2364e-02	9.1268e-01	2.4930e-02	6.2146e-07	1.1755e-36	1.1296e-28	0.00e+00	0.00e+00	1.3625e-02
1.47519e+17	6.7477e+03	2.959e-21	2.7826e+01	3.0364e+01	9.8493e-16	6.5426e-04	9.9935e-01	1.9357e-03	9.4336e-01	5.4701e-02	7.4123e-21	6.8534e-06	3.5773e-02	9.4242e-01	2.1785e-02	2.6090e-05	6.2117e-02	9.1627e-01	2.1591e-02	5.0225e-07	1.1755e-36	1.0965e-28	0.00e+00	0.00e+00	2.0501e-02
2.16329e+17	6.7284e+03	2.935e-21	2.7826e+01	3.0349e+01	9.8345e-16	6.5085e-04	9.9935e-01	1.9509e-03	9.5071e-01	4.7335e-02	7.2700e-21	6.8526e-06	3.5805e-02	9.4302e-01	2.1153e-02	2.5959e-05	6.2012e-02	9.2014e-01	1.7823e-02	3.7908e-07	1.1755e-36	1.0627e-28	0.00e+00	0.00e+00	2.9394e-02
3.05781e+17	6.7020e+03	2.909e-21	2.7826e+01	3.0330e+01	9.8518e-16	6.4753e-04	9.9935e-01	1.9719e-03	9.5989e-01	3.8134e-02	7.1531e-21	6.8604e-06	3.5879e-02	9.4373e-01	2.0372e-02	2.5975e-05	6.2221e-02	9.2396e-01	1.3797e-02	2.6103e-07	1.1755e-36	1.0290e-28	0.00e+00	0.00e+00	4.0895e-02
4.22070e+17	6.6692e+03	2.879e-21	2.7826e+01	3.0306e+01	9.9476e-16	6.4432e-04	9.9936e-01	1.9973e-03	9.7005e-01	2.7956e-02	7.1106e-21	6.8767e-06	3.6002e-02	9.4448e-01	1.9506e-02	2.6179e-05	6.2826e-02	9.2733e-01	9.8192e-03	1.5938e-07	1.1755e-36	1.0078e-28	0.00e+00	0.00e+00	5.5773e-02
5.73244e+17	6.6335e+03	2.845e-21	2.7826e+01	3.0277e+01	1.0011e-15	6.4104e-04	9.9936e-01	2.0240e-03	9.7982e-01	1.8159e-02	7.0729e-21	6.9040e-06	3.6163e-02	9.4517e-01	1.8654e-02	2.6561e-05	6.3804e-02	9.2990e-01	6.2724e-03	1.1755e-36	1.1755e-36	9.8021e-29	0.00e+00	0.00e+00	7.5015e-02
7.69771e+17	6.5865e+03	2.811e-21	2.7826e+01	3.0255e+01	1.0180e-15	6.3868e-04	9.9936e-01	2.0521e-03	9.8782e-01	1.0131e-02	7.0968e-21	6.9451e-06	3.6410e-02	9.4570e-01	1.7877e-02	2.7145e-05	6.5120e-02	9.3136e-01	3.4972e-03	1.1755e-36	1.1755e-36	9.5807e-29	0.00e+00	0.00e+00	9.9939e-02
1.02526e+18	6.5306e+03	2.777e-21	2.7826e+01	3.0240e+01	1.0432e-15	6.3726e-04	9.9936e-01	2.0797e-03	9.9321e-01	4.7106e-03	7.1488e-21	7.0056e-06	3.6737e-02	9.4603e-01	1.7220e-02	2.7858e-05	6.6571e-02	9.3175e-01	1.6542e-03	1.1755e-36	1.1755e-36	9.3578e-29	0.00e+00	0.00e+00	1.3227e-01
1.35739e+18	6.4664e+03	2.742e-21	2.7826e+01	3.0232e+01	1.0787e-15	6.3713e-04	9.9936e-01	2.1077e-03	9.9612e-01	1.7752e-03	7.2262e-21	7.0904e-06	3.7156e-02	9.4617e-01	1.6662e-02	2.8671e-05	6.8032e-02	9.3129e-01	6.4613e-04	1.1755e-36	1.1755e-36	9.1383e-29	0.00e+00	0.00e+00	1.7428e-01
1.78916e+18	6.3956e+03	2.707e-21	2.7826e+01	3.0228e+01	1.1214e-15	6.3886e-04	9.9936e-01	2.1390e-03	9.9733e-01	5.3114e-04	7.3099e-21	7.2096e-06	3.7695e-02	9.4616e-01	1.6138e-02	2.9638e-05	6.9526e-02	9.3024e-01	2.0446e-04	1.1755e-36	1.1755e-36	8.8602e-29	0.00e+00	0.00e+00	2.2906e-01
2.35046e+18	6.3204e+03	2.671e-21	2.7826e+01	3.0227e+01	1.1749e-15	6.4347e-04	9.9936e-01	2.1778e-03	9.9770e-01	1.2604e-04	7.4451e-21	7.3805e-06	3.8398e-02	9.4601e-01	1.5580e-02	3.0892e-05	7.1204e-02	9.2871e-01	5.2349e-05	1.1755e-36	1.1755e-36	8.5966e-29	0.00e+00	0.00e+00	3.0077e-01
3.08015e+18	6.2445e+03	2.635e-21	2.7826e+01	3.0227e+01	1.2420e-15	6.5254e-04	9.9935e-01	2.2291e-03	9.9775e-01	2.4537e-05	7.6878e-21	7.6305e-06	3.9333e-02	9.4572e-01	1.4940e-02	3.2636e-05	7.3263e-02	9.2669e-01	1.1131e-05	1.1755e-36	1.1755e-36	8.4100e-29	0.00e+00	0.00e+00	3.9532e-01
4.02874e+18	6.1737e+03	2.600e-21	2.7826e+01	3.0227e+01	1.3301e-15	6.6866e-04	9.9933e-01	2.2991e-03	9.9770e-01	4.1561e-06	8.1465e-21	8.0004e-06	4.0597e-02	9.4521e-01	1.4186e-02	3.5170e-05	7.5913e-02	9.2405e-01	2.0509e-06	1.1755e-36	1.1755e-36	8.4326e-29	0.00e+00	0.00e+00	5.2127e-01
5.26192e+18	6.1206e+03	2.568e-21	2.7826e+01	3.0226e+01	1.4378e-15	6.9568e-04	9.9930e-01	2.3961e-03	9.9760e-01	6.3409e-07	8.9522e-21	8.5496e-06	4.2330e-02	9.4435e-01	1.3310e-02	3.8935e-05	7.9354e-02	9.2061e-01	3.3732e-07	1.1755e-36	1.1755e-36	8.7727e-29	0.00e+00	0.00e+00	6.9161e-01
6.86505e+18	6.0931e+03	2.544e-21	2.7826e+01	3.0224e+01	1.5895e-15	7.4163e-04	9.9926e-01	2.5381e-03	9.9746e-01	8.6671e-08	1.0513e-20	9.4247e-06	4.4823e-02	9.4290e-01	1.2271e-02	4.4964e-05	8.4137e-02	9.1582e-01	1.1755e-36	1.1755e-36	1.1755e-36	9.8310e-29	0.00e+00	0.00e+00	9.2769e-01
8.15973e+18	6.0695e+03	2.522e-21	2.7826e+01	3.0223e+01	1.6186e-15	7.7283e-04	9.9923e-01	2.6253e-03	9.9737e-01	2.0715e-08	1.0791e-20	9.9923e-06	4.6405e-02	9.4201e-01	1.1579e-02	4.9418e-05	8.7455e-02	9.1250e-01	1.1755e-36	1.1755e-36	1.1755e-36	9.3835e-29	0.00e+00	0.00e+00	1.0332e+00
8.97570e+18	6.0975e+03	2.523e-21	2.7826e+01	3.0222e+01	1.6938e-15	8.0589e-04	9.9919e-01	2.7090e-03	9.9729e-01	9.4992e-09	1.2081e-20	1.0561e-05	4.7839e-02	9.4100e-01	1.1145e-02	5.3566e-05	9.0009e-02	9.0994e-01	1.1755e-36	1.1755e-36	1.1755e-36	1.0546e-28	0.00e+00	0.00e+00	1.1542e+00
9.87327e+18	6.1372e+03	2.528e-21	2.7826e+01	3.0220e+01	1.7844e-15	8.4715e-04	9.9915e-01	2.8090e-03	9.9719e-01	4.2825e-09	1.3850e-20	1.1254e-05	4.9544e-02	9.3976e-01	1.0685e-02	5.8832e-05	9.3009e-02	9.0693e-01	1.1755e-36	1.1755e-36	1.1755e-36	1.2200e-28	0.00e+00	0.00e+00	1.2941e+00
1.08606e+19	6.1957e+03	2.537e-21	2.7826e+01	3.0218e+01	1.8889e-15	8.9892e-04	9.9910e-01	2.9306e-03	9.9707e-01	1.8986e-09	1.6363e-20	1.2125e-05	5.1593e-02	9.3819e-01	1.0200e-02	6.5632e-05	9.6553e-02	9.0338e-01	1.1755e-36	1.1755e-36	1.1755e-36	1.4663e-28	0.00e+00	0.00e+00	1.4574e+00
1.19467e+19	6.2721e+03	2.552e-21	2.7826e+01	3.0216e+01	2.0321e-15	9.6552e-04	9.9903e-01	3.0826e-03	9.9692e-01	8.2711e-10	2.0192e-20	1.3221e-05	5.4112e-02	9.3619e-01	9.6804e-03	7.4724e-05	1.0085e-01	8.9907e-01	1.1755e-36	1.1755e-36	1.1755e-36	1.8658e-28	0.00e+00	0.00e+00	1.6504e+00
1.31413e+19	6.3784e+03	2.572e-21	2.7826e+01	3.0213e+01	2.2152e-15	1.0519e-03	9.9895e-01	3.2717e-03	9.9673e-01	3.5430e-10	2.6269e-20	1.4626e-05	5.7232e-02	9.3362e-01	9.1296e-03	8.7191e-05	1.0614e-01	8.9378e-01	1.1755e-36	1.1755e-36	1.1755e-36	2.5481e-28	0.00e+00	0.00e+00	1.8817e+00
1.44555e+19	6.5005e+03	2.606e-21	2.7826e+01	3.0209e+01	2.5011e-15	1.1699e-03	9.9883e-01	3.5225e-03	9.9648e-01	1.4887e-10	3.6667e-20	1.6512e-05	6.1316e-02	9.3015e-01	8.5162e-03	1.0546e-04	1.1305e-01	8.8684e-01	1.1755e-36	1.1755e-36	1.1755e-36	3.7823e-28	0.00e+00	0.00e+00	2.1646e+00
1.57575e+19	6.6491e+03	2.648e-21	2.7826e+01	3.0204e+01	2.8434e-15	1.3147e-03	9.9869e-01	3.8125e-03	9.9619e-01	6.7436e-11	5.2939e-20	1.8744e-05	6.5985e-02	9.2606e-01	7.9344e-03	1.2979e-04	1.2104e-01	8.7883e-01	1.1755e-36	1.1755e-36	1.1755e-36	5.8825e-28	0.00e+00	0.00e+00	2.4480e+00
1.68571e+19	6.7819e+03	2.696e-21	2.7826e+01	3.0199e+01	3.2590e-15	1.4709e-03	9.9853e-01	4.1076e-03	9.9589e-01	3.6190e-11	7.5551e-20	2.1068e-05	7.0733e-02	9.2181e-01	7.4328e-03	1.5817e-04	1.2912e-01	8.7072e-01	1.1755e-36	1.1755e-36	1.1755e-36	9.0233e-28	0.00e+00	0.00e+00	2.6991e+00
1.77457e+19	6.9060e+03	2.739e-21	2.7826e+01	3.0194e+01	3.6877e-15	1.6256e-03	9.9837e-01	4.3974e-03	9.9560e-01	2.2431e-11	1.0498e-19	2.3328e-05	7.5295e-02	9.1766e-01	7.0189e-03	1.8952e-04	1.3735e-01	8.6246e-01	1.1755e-36	1.1755e-36	1.1755e-36	1.3395e-27	0.00e+00	0.00e+00	2.9291e+00
1.85112e+19	7.0184e+03	2.779e-21	2.7826e+01	3.0188e+01	4.1738e-15	1.7861e-03	9.9821e-01	4.6944e-03	9.9531e-01	1.5042e-11	1.4388e-19	2.5630e-05	7.9904e-02	9.1343e-01	6.6449e-03	2.2474e-04	1.4560e-01	8.5418e-01	1.1755e-36	1.1755e-36	1.1755e-36	1.9534e-27	0.00e+00	0.00e+00	3.1567e+00
1.92178e+19	7.1267e+03	2.821e-21	2.7826e+01	3.0183e+01	4.7567e-15	1.9628e-03	9.9804e-01	5.0169e-03	9.9498e-01	1.0503e-11	1.9849e-19	2.8117e-05	8.4850e-02	9.0884e-01	6.2838e-03	2.6698e-04	1.5461e-01	8.4512e-01	1.1755e-36	1.1755e-36	1.1755e-36	2.8670e-27	0.00e+00	0.00e+00	3.3938e+00
1.98804e+19	7.2333e+03	2.863e-21	2.7826e+01	3.0176e+01	5.4512e-15	2.1600e-03	9.9784e-01	5.3704e-03	9.9463e-01	7.5807e-12	2.7582e-19	3.0825e-05	9.0204e-02	9.0383e-01	5.9324e-03	3.1844e-04	1.6457e-01	8.3511e-01	1.1755e-36	1.1755e-36	1.1755e-36	4.2349e-27	0.00e+00	0.00e+00	3.6357e+00
2.04847e+19	7.3352e+03	2.905e-21	2.7826e+01	3.0169e+01	6.2487e-15	2.3743e-03	9.9763e-01	5.7477e-03	9.9425e-01	5.6834e-12	3.8192e-19	3.3690e-05	9.5839e-02	8.9853e-01	5.5990e-03	3.7943e-04	1.7530e-01	8.2432e-01	1.1755e-36	1.1755e-36	1.1755e-36	6.2092e-27	0.00e+00	0.00e+00	3.8738e+00
2.10250e+19	7.4295e+03	2.945e-21	2.7826e+01	3.0161e+01	7.1683e-15	2.6018e-03	9.9740e-01	6.1424e-03	9.9386e-01	4.4203e-12	5.2519e-19	3.6653e-05	1.0165e-01	8.9303e-01	5.2868e-03	4.5002e-04	1.8659e-01	8.1296e-01	1.1755e-36	1.1755e-36	1.1755e-36	9.0244e-27	0.00e+00	0.00e+00	4.1068e+00
2.15126e+19	7.5171e+03	2.983e-21	2.7826e+01	3.0153e+01	8.2115e-15	2.8437e-03	9.9716e-01	6.5572e-03	9.9344e-01	3.5379e-12	7.1652e-19	3.9726e-05	1.0766e-01	8.8730e-01	4.9915e-03	5.3170e-04	1.9851e-01	8.0096e-01	1.1755e-36	1.1755e-36	1.1755e-36	1.2960e-26	0.00e+00	0.00e+00	4.3392e+00
2.19616e+19	7.6008e+03	3.019e-21	2.7826e+01	3.0146e+01	9.4256e-15	3.1047e-03	9.9690e-01	6.9962e-03	9.9300e-01	2.8920e-12	9.7673e-19	4.2967e-05	1.1398e-01	8.8127e-01	4.7074e-03	6.2744e-04	2.1128e-01	7.8810e-01	1.1755e-36	1.1755e-36	1.1755e-36	1.8588e-26	0.00e+00	0.00e+00	4.5752e+00
2.23794e+19	7.6821e+03	3.055e-21	2.7826e+01	3.0138e+01	1.0812e-14	3.3881e-03	9.9661e-01	7.4645e-03	9.9254e-01	2.4055e-12	1.3286e-18	4.6348e-05	1.2061e-01	8.7491e-01	4.4326e-03	7.4034e-04	2.2504e-01	7.7422e-01	1.1755e-36	1.1755e-36	1.1755e-36	2.6531e-26	0.00e+00	0.00e+00	4.8150e+00
2.27676e+19	7.7524e+03	3.091e-21	2.7826e+01	3.0127e+01	1.2519e-14	3.6998e-03	9.9630e-01	7.9824e-03	9.9202e-01	2.0313e-12	1.8156e-18	5.0038e-05	1.2778e-01	8.6800e-01	4.1625e-03	8.7471e-04	2.3995e-01	7.5917e-01	1.1755e-36	1.1755e-36	1.1755e-36	3.8008e-26	0.00e+00	0.00e+00	5.0577e+00
2.31262e+19	7.8185e+03	3.127e-21	2.7826e+01	3.0116e+01	1.4496e-14	4.0368e-03	9.9596e-01	8.5348e-03	9.9147e-01	1.7416e-12	2.4723e-18	5.3876e-05	1.3527e-01	8.6077e-01	3.9030e-03	1.0320e-03	2.5587e-01	7.4310e-01	1.1755e-36	1.1755e-36	1.1755e-36	5.4148e-26	0.00e+00	0.00e+00	5.3015e+00
2.34574e+19	7.8935e+03	3.156e-21	2.7826e+01	3.0106e+01	1.6630e-14	4.3944e-03	9.9561e-01	9.1075e-03	9.9089e-01	1.5155e-12	3.3429e-18	5.7783e-05	1.4295e-01	8.5334e-01	3.6593e-03	1.2132e-03	2.7261e-01	7.2618e-01	1.1755e-36	1.1755e-36	1.1755e-36	7.6602e-26	0.00e+00	0.00e+00	5.5474e+00
2.37659e+19	7.9486e+03	3.190e-21	2.7826e+01	3.0092e+01	1.9349e-14	4.7914e-03	9.9521e-01	9.7463e-03	9.9025e-01	1.3309e-12	4.5418e-18	6.2070e-05	1.5129e-01	8.4523e-01	3.4168e-03	1.4290e-03	2.9069e-01	7.0788e-01	1.1755e-36	1.1755e-36	1.1755e-36	1.0857e-25	0.00e+00	0.00e+00	5.7985e+00
2.40547e+19	8.0148e+03	3.218e-21	2.7826e+01	3.0080e+01	2.2332e-14	5.2177e-03	9.9478e-01	1.0416e-02	9.8958e-01	1.1817e-12	6.1475e-18	6.6448e-05	1.5989e-01	8.3685e-01	3.1873e-03	1.6797e-03	3.0985e-01	6.8847e-01	1.1755e-36	1.1755e-36	1.1755e-36	1.5354e-25	0.00e+00	0.00e+00	6.0546e+00
2.43252e+19	8.0613e+03	3.250e-21	2.7826e+01	3.0061e+01	2.6141e-14	5.6943e-03	9.9431e-01	1.1172e-02	9.8883e-01	1.0563e-12	8.3646e-18	7.1235e-05	1.6928e-01	8.2769e-01	2.9592e-03	1.9792e-03	3.3050e-01	6.6752e-01	1.1755e-36	1.1755e-36	1.1755e-36	2.1761e-25	0.00e+00	0.00e+00	6.3164e+00
2.45784e+19	8.1264e+03	3.275e-21	2.7826e+01	3.0048e+01	3.0240e-14	6.2034e-03	9.9380e-01	1.1950e-02	9.8805e-01	9.5405e-13	1.1326e-17	7.6120e-05	1.7888e-01	8.1830e-01	2.7458e-03	2.3247e-03	3.5217e-01	6.4551e-01	1.1755e-36	1.1755e-36	1.1755e-36	3.0793e-25	0.00e+00	0.00e+00	6.5829e+00
2.48154e+19	8.1787e+03	3.301e-21	2.7826e+01	3.0025e+01	3.5264e-14	6.7679e-03	9.9323e-01	1.2825e-02	9.8718e-01	8.6667e-13	1.5361e-17	8.1347e-05	1.8923e-01	8.0815e-01	2.5373e-03	2.7329e-03	3.7520e-01	6.2207e-01	1.1755e-36	1.1755e-36	1.1755e-36	4.3499e-25	0.00e+00	0.00e+00	6.8558e+00
2.50381e+19	8.2189e+03	3.329e-21	2.7826e+01	3.0007e+01	4.1579e-14	7.3975e-03	9.9260e-01	1.3770e-02	9.8623e-01	7.9194e-13	2.0938e-17	8.6981e-05	2.0026e-01	7.9732e-01	2.3337e-03	3.2167e-03	3.9966e-01	5.9712e-01	1.1755e-36	1.1755e-36	1.1755e-36	6.1856e-25	0.00e+00	0.00e+00	7.1363e+00
2.52478e+19	8.2593e+03	3.356e-21	2.7826e+01	2.9990e+01	4.9136e-14	8.0935e-03	9.9191e-01	1.4797e-02	9.8520e-01	7.2792e-13	2.8577e-17	9.2882e-05	2.1188e-01	7.8589e-01	2.1384e-03	3.7859e-03	4.2543e-01	5.7078e-01	1.1755e-36	1.1755e-36	1.1755e-36	8.8215e-25	0.00e+00	0.00e+00	7.4257e+00
2.54457e+19	8.3047e+03	3.380e-21	2.7826e+01	2.9967e+01	5.8004e-14	8.8641e-03	9.9114e-01	1.5918e-02	9.8408e-01	6.7284e-13	3.9030e-17	9.9135e-05	2.2425e-01	7.7370e-01	1.9519e-03	4.4554e-03	4.5246e-01	5.4309e-01	1.1755e-36	1.1755e-36	1.1755e-36	1.2589e-24	0.00e+00	0.00e+00	7.7249e+00
2.56323e+19	8.3396e+03	3.405e-21	2.7826e+01	2.9936e+01	6.9136e-14	9.7329e-03	9.9027e-01	1.7175e-02	9.8282e-01	6.2422e-13	5.3523e-17	1.0583e-04	2.3757e-01	7.6055e-01	1.7716e-03	5.2504e-03	4.8078e-01	5.1397e-01	1.1755e-36	1.1755e-36	1.1755e-36	1.8030e-24	0.00e+00	0.00e+00	8.0344e+00
2.58081e+19	8.3671e+03	3.432e-21	2.7826e+01	2.9904e+01	8.3180e-14	1.0713e-02	9.8929e-01	1.8566e-02	9.8143e-01	5.8136e-13	7.3749e-17	1.1299e-04	2.5176e-01	7.4653e-01	1.5986e-03	6.1931e-03	5.1025e-01	4.8356e-01	1.1755e-36	1.1755e-36	1.1755e-36	2.6007e-24	0.00e+00	0.00e+00	8.3556e+00
2.59743e+19	8.4082e+03	3.453e-21	2.7826e+01	2.9876e+01	9.9703e-14	1.1805e-02	9.8820e-01	2.0073e-02	9.7993e-01	5.4436e-13	1.0171e-16	1.2047e-04	2.6665e-01	7.3179e-01	1.4360e-03	7.2984e-03	5.4058e-01	4.5212e-01	1.1755e-36	1.1755e-36	1.1755e-36	3.7683e-24	0.00e+00	0.00e+00	8.6910e+00
2.61321e+19	8.4321e+03	3.477e-21	2.7826e+01	2.9827e+01	1.2142e-13	1.3067e-02	9.8693e-01	2.1807e-02	9.7819e-01	5.1040e-13	1.4129e-16	1.2855e-04	2.8295e-01	7.1564e-01	1.2789e-03	8.6277e-03	5.7194e-01	4.1943e-01	1.1755e-36	1.1755e-36	1.1755e-36	5.4924e-24	0.00e+00	0.00e+00	9.0440e+00
2.62821e+19	8.4540e+03	3.503e-21	2.7826e+01	2.9794e+01	1.4963e-13	1.4527e-02	9.8547e-01	2.3734e-02	9.7627e-01	4.8018e-13	1.9835e-16	1.3734e-04	3.0038e-01	6.9835e-01	1.1292e-03	1.0224e-02	6.0411e-01	3.8566e-01	1.1755e-36	1.1755e-36	1.1755e-36	8.1461e-24	0.00e+00	0.00e+00	9.4174e+00
2.64251e+19	8.4690e+03	3.529e-21	2.7826e+01	2.9747e+01	1.8683e-13	1.6237e-02	9.8376e-01	2.5937e-02	9.7406e-01	4.5268e-13	2.8105e-16	1.4682e-04	3.1938e-01	6.7948e-01	9.8675e-04	1.2158e-02	6.3685e-01	3.5100e-01	1.1755e-36	1.1755e-36	1.1755e-36	1.2217e-23	0.00e+00	0.00e+00	9.8155e+00
2.65616e+19	8.4846e+03	3.553e-21	2.7826e+01	2.9675e+01	2.3560e-13	1.8249e-02	9.8175e-01	2.8475e-02	9.7153e-01	4.2761e-13	4.0162e-16	1.5695e-04	3.4001e-01	6.5898e-01	8.5285e-04	1.4503e-02	6.6973e-01	3.1577e-01	1.1755e-36	1.1755e-36	1.1755e-36	1.8524e-23	0.00e+00	0.00e+00	1.0243e+01
2.66925e+19	8.4940e+03	3.580e-21	2.7826e+01	2.9616e+01	3.0355e-13	2.0676e-02	9.7932e-01	3.1415e-02	9.6859e-01	4.0455e-13	5.8484e-16	1.6813e-04	3.6250e-01	6.3660e-01	7.2630e-04	1.7401e-02	7.0260e-01	2.8000e-01	1.1755e-36	1.1755e-36	1.1755e-36	2.8896e-23	0.00e+00	0.00e+00	1.0710e+01
2.68119e+19	8.4969e+03	3.605e-21	2.7826e+01	2.9517e+01	3.9398e-13	2.3504e-02	9.7650e-01	3.4707e-02	9.6529e-01	3.8434e-13	8.4890e-16	1.7951e-04	3.8600e-01	6.1321e-01	6.1372e-04	2.0840e-02	7.3335e-01	2.4581e-01	1.1755e-36	1.1755e-36	1.1755e-36	4.4940e-23	0.00e+00	0.00e+00	1.1166e+01
2.69185e+19	8.4923e+03	3.629e-21	2.7826e+01	2.9418e+01	5.1354e-13	2.6711e-02	9.7329e-01	3.8314e-02	9.6169e-01	3.6658e-13	1.2230e-15	1.9108e-04	4.0990e-01	5.8939e-01	5.1603e-04	2.4796e-02	7.6086e-01	2.1434e-01	1.1755e-36	1.1755e-36	1.1755e-36	6.9612e-23	0.00e+00	0.00e+00	1.1648e+01
2.70365e+19	8.4832e+03	3.649e-21	2.7826e+01	2.9268e+01	7.0818e-13	3.1162e-02	9.6884e-01	4.3287e-02	9.5671e-01	3.4649e-13	1.8835e-15	2.0536e-04	4.4005e-01	5.5933e-01	4.1412e-04	3.0360e-02	7.8989e-01	1.7975e-01	1.1755e-36	1.1755e-36	1.1755e-36	1.1707e-22	0.00e+00	0.00e+00	1.2378e+01
2.71602e+19	8.4598e+03	3.680e-21	2.7826e+01	2.9061e+01	1.0646e-12	3.7791e-02	9.6221e-01	5.0000e-02	9.5000e-01	3.2618e-13	3.1664e-15	2.2236e-04	4.7643e-01	5.2303e-01	3.1418e-04	3.8666e-02	8.1836e-01	1.4297e-01	1.1755e-36	1.1755e-36	1.1755e-36	2.2154e-22	0.00e+00	0.00e+00	1.3135e+01
2.72579e+19	8.4372e+03	3.705e-21	2.7826e+01	2.8832e+01	1.5717e-12	4.5432e-02	9.5457e-01	5.6999e-02	9.4300e-01	3.1131e-13	5.1155e-15	2.3771e-04	5.1039e-01	4.8913e-01	2.4014e-04	4.8243e-02	8.3800e-01	1.1376e-01	1.1755e-36	1.1755e-36	1.1755e-36	4.0358e-22	0.00e+00	0.00e+00	1.3785e+01
2.73237e+19	8.4053e+03	3.728e-21	2.7826e+01	2.8644e+01	2.1590e-12	5.2620e-02	9.4738e-01	6.2994e-02	9.3701e-01	3.0137e-13	7.4279e-15	2.4949e-04	5.3675e-01	4.6281e-01	1.9328e-04	5.7216e-02	8.4844e-01	9.4339e-02	1.1755e-36	1.1755e-36	1.1755e-36	6.4750e-22	0.00e+00	0.00e+00	1.4249e+01
2.73692e+19	8.3881e+03	3.736e-21	2.7826e+01	2.8478e+01	2.7273e-12	5.8698e-02	9.4130e-01	6.7910e-02	9.3209e-01	2.9456e-13	9.7708e-15	2.5796e-04	5.5658e-01	4.4300e-01	1.6353e-04	6.4792e-02	8.5360e-01	8.1612e-02	1.1755e-36	1.1755e-36	1.1755e-36	9.1906e-22	0.00e+00	0.00e+00	1.4669e+01
2.74160e+19	8.3535e+03	3.739e-21	2.7826e+01	2.8285e+01	3.5459e-12	6.6109e-02	9.3389e-01	7.3943e-02	9.2606e-01	2.8657e-13	1.3144e-14	2.6744e-04	5.7894e-01	4.2066e-01	1.3525e-04	7.4003e-02	8.5661e-01	6.9384e-02	1.1755e-36	1.1755e-36	1.1755e-36	1.3419e-21	0.00e+00	0.00e+00	1.5284e+01
2.74683e+19	8.3321e+03	3.725e-21	2.7826e+01	2.7934e+01	4.8342e-12	7.6385e-02	9.2361e-01	8.1584e-02	9.1842e-01	2.7848e-13	1.8654e-14	2.7671e-04	6.0445e-01	3.9516e-01	1.0738e-04	8.6709e-02	8.5668e-01	5.6609e-02	1.1755e-36	1.1755e-36	1.1755e-36	2.1119e-21	0.00e+00	0.00e+00	1.5977e+01
2.75150e+19	8.2970e+03	3.725e-21	2.7826e+01	2.7666e+01	6.7467e-12	8.8975e-02	9.1102e-01	9.0071e-02	9.0993e-01	2.7077e-13	2.6942e-14	2.8676e-04	6.3036e-01	3.6927e-01	8.4077e-05	1.0213e-01	8.5229e-01	4.5583e-02	1.1755e-36	1.1755e-36	1.1755e-36	3.4294e-21	0.00e+00	0.00e+00	1.6628e+01
2.75518e+19	8.2860e+03	3.689e-21	2.7826e+01	2.7209e+01	8.8538e-12	1.0109e-01	8.9891e-01	9.7622e-02	9.0238e-01	2.6616e-13	3.6232e-14	2.9182e-04	6.5075e-01	3.4889e-01	6.8327e-05	1.1688e-01	8.4542e-01	3.7699e-02	1.1755e-36	1.1755e-36	1.1755e-36	5.0793e-21	0.00e+00	0.00e+00	1.7196e+01
2.75828e+19	8.2612e+03	3.667e-21	2.7826e+01	2.6903e+01	1.1521e-11	1.1403e-01	8.8597e-01	1.0540e-01	8.9460e-01	2.6134e-13	4.8095e-14	2.9791e-04	6.7034e-01	3.2930e-01	5.5865e-05	1.3251e-01	8.3606e-01	3.1438e-02	1.1755e-36	1.1755e-36	1.1755e-36	7.4233e-21	0.00e+00	0.00e+00	1.7800e+01
2.76127e+19	8.2450e+03	3.615e-21	2.7826e+01	2.6407e+01	1.4922e-11	1.2848e-01	8.7152e-01	1.1357e-01	8.8643e-01	2.5762e-13	6.3148e-14	3.0110e-04	6.8884e-01	3.1082e-01	4.5615e-05	1.4983e-01	8.2410e-01	2.6064e-02	1.1755e-36	1.1755e-36	1.1755e-36	1.0699e-20	0.00e+00	0.00e+00	1.8466e+01
2.76420e+19	8.2206e+03	3.558e-21	2.7826e+01	2.5895e+01	1.9804e-11	1.4613e-01	8.5387e-01	1.2295e-01	8.7705e-01	2.5380e-13	8.4687e-14	3.0428e-04	7.0833e-01	2.9133e-01	3.6531e-05	1.7079e-01	8.0801e-01	2.1201e-02	1.1755e-36	1.1755e-36	1.1755e-36	1.5928e-20	0.00e+00	0.00e+00	1.9216e+01
2.76698e+19	8.1976e+03	3.490e-21	2.7826e+01	2.5342e+01	2.6541e-11	1.6696e-01	8.3304e-01	1.3313e-01	8.6687e-01	2.5062e-13	1.1453e-13	3.0642e-04	7.2764e-01	2.7203e-01	2.8957e-05	1.9526e-01	7.8773e-01	1.7016e-02	1.1755e-36	1.1755e-36	1.1755e-36	2.4100e-20	0.00e+00	0.00e+00	1.9987e+01
2.76942e+19	8.1824e+03	3.398e-21	2.7826e+01	2.4636e+01	3.4720e-11	1.8866e-01	8.1134e-01	1.4297e-01	8.5703e-01	2.4885e-13	1.5000e-13	3.0532e-04	7.4429e-01	2.5538e-01	2.3331e-05	2.2047e-01	7.6575e-01	1.3776e-02	1.1755e-36	1.1755e-36	1.1755e-36	3.4943e-20	0.00e+00	0.00e+00	2.0737e+01
2.77162e+19	8.1531e+03	3.311e-21	2.7826e+01	2.4020e+01	4.5479e-11	2.1260e-01	7.8740e-01	1.5331e-01	8.4669e-01	2.4731e-13	1.9591e-13	3.0470e-04	7.6064e-01	2.3904e-01	1.8785e-05	2.4794e-01	7.4091e-01	1.1148e-02	1.1755e-36	1.1755e-36	1.1755e-36	5.0636e-20	0.00e+00	0.00e+00	2.1533e+01
2.77368e+19	8.1401e+03	3.193e-21	2.7826e+01	2.3216e+01	5.8369e-11	2.3781e-01	7.6219e-01	1.6349e-01	8.3651e-01	2.4726e-13	2.4985e-13	3.0064e-04	7.7512e-01	2.2456e-01	1.5265e-05	2.7652e-01	7.1445e-01	9.0274e-03	1.1755e-36	1.1755e-36	1.1755e-36	7.1042e-20	0.00e+00	0.00e+00	2.2365e+01
2.77566e+19	8.1090e+03	3.069e-21	2.7826e+01	2.2404e+01	7.5941e-11	2.6639e-01	7.3361e-01	1.7453e-01	8.2547e-01	2.4775e-13	3.2011e-13	2.9615e-04	7.8975e-01	2.0995e-01	1.2300e-05	3.0849e-01	6.8428e-01	7.2353e-03	1.1755e-36	1.1755e-36	1.1755e-36	1.0049e-19	0.00e+00	0.00e+00	2.3286e+01
2.77757e+19	8.0784e+03	2.927e-21	2.7826e+01	2.1495e+01	9.8604e-11	2.9787e-01	7.0213e-01	1.8602e-01	8.1398e-01	2.4936e-13	4.0719e-13	2.8955e-04	8.0366e-01	1.9604e-01	9.8938e-06	3.4318e-01	6.5107e-01	5.7489e-03	1.1755e-36	1.1755e-36	1.1755e-36	1.4088e-19	0.00e+00	0.00e+00	2.4256e+01
2.77936e+19	8.0428e+03	2.776e-21	2.7826e+01	2.0544e+01	1.2713e-10	3.3113e-01	6.6887e-01	1.9772e-01	8.0228e-01	2.5191e-13	5.1094e-13	2.8176e-04	8.1666e-01	1.8305e-01	7.9951e-06	3.7927e-01	6.1617e-01	4.5638e-03	1.1755e-36	1.1755e-36	1.1755e-36	1.9398e-19	0.00e+00	0.00e+00	2.5258e+01
2.78097e+19	8.0108e+03	2.624e-21	2.7826e+01	1.9597e+01	1.6001e-10	3.6395e-01	6.3605e-01	2.0883e-01	7.9117e-01	2.5550e-13	6.2450e-13	2.7311e-04	8.2805e-01	1.7167e-01	6.5686e-06	4.1431e-01	5.8203e-01	3.6634e-03	1.1755e-36	1.1755e-36	1.1755e-36	2.5762e-19	0.00e+00	0.00e+00	2.6211e+01
2.78233e+19	7.9709e+03	2.487e-21	2.7826e+01	1.8750e+01	1.9580e-10	3.9399e-01	6.0601e-01	2.1893e-01	7.8107e-01	2.5930e-13	7.3849e-13	2.6483e-04	8.3771e-01	1.6202e-01	5.5339e-06	4.4593e-01	5.5105e-01	3.0133e-03	1.1755e-36	1.1755e-36	1.1755e-36	3.2630e-19	0.00e+00	0.00e+00	2.7064e+01
2.78349e+19	7.9343e+03	2.363e-21	2.7826e+01	1.8010e+01	2.3211e-10	4.2069e-01	5.7931e-01	2.2813e-01	7.7187e-01	2.6321e-13	8.4801e-13	2.5725e-04	8.4595e-01	1.5379e-01	4.7666e-06	4.7366e-01	5.2380e-01	2.5372e-03	1.1755e-36	1.1755e-36	1.1755e-36	3.9640e-19	0.00e+00	0.00e+00	2.7871e+01
2.78457e+19	7.8975e+03	2.243e-21	2.7826e+01	1.7290e+01	2.7088e-10	4.4569e-01	5.5431e-01	2.3704e-01	7.6296e-01	2.6721e-13	9.5627e-13	2.4959e-04	8.5341e-01	1.4634e-01	4.1493e-06	4.9933e-01	4.9851e-01	2.1586e-03	1.1755e-36	1.1755e-36	1.1755e-36	4.6871e-19	0.00e+00	0.00e+00	2.8703e+01
2.78561e+19	7.8567e+03	2.124e-21	2.7826e+01	1.6565e+01	3.1417e-10	4.7014e-01	5.2986e-01	2.4585e-01	7.5415e-01	2.7183e-13	1.0665e-12	2.4154e-04	8.6040e-01	1.3936e-01	3.6293e-06	5.2414e-01	4.7401e-01	1.8422e-03	1.1755e-36	1.1755e-36	1.1755e-36	5.4479e-19	0.00e+00	0.00e+00	2.9546e+01
2.78659e+19	7.8118e+03	2.015e-21	2.7826e+01	1.5910e+01	3.6177e-10	4.9380e-01	5.0620e-01	2.5475e-01	7.4525e-01	2.7612e-13	1.1805e-12	2.3418e-04	8.6703e-01	1.3273e-01	3.1914e-06	5.4790e-01	4.5052e-01	1.5810e-03	1.1755e-36	1.1755e-36	1.1755e-36	6.2691e-19	0.00e+00	0.00e+00	3.0356e+01
2.78750e+19	7.7657e+03	1.910e-21	2.7826e+01	1.5274e+01	4.1196e-10	5.1571e-01	4.8429e-01	2.6335e-01	7.3665e-01	2.8076e-13	1.2888e-12	2.2684e-04	8.7310e-01	1.2667e-01	2.8286e-06	5.6968e-01	4.2896e-01	1.3684e-03	1.1755e-36	1.1755e-36	1.1755e-36	7.0612e-19	0.00e+00	0.00e+00	3.1176e+01
2.78839e+19	7.7182e+03	1.809e-21	2.7826e+01	1.4664e+01	4.6617e-10	5.3673e-01	4.6327e-01	2.7198e-01	7.2802e-01	2.8549e-13	1.3961e-12	2.1964e-04	8.7886e-01	1.2092e-01	2.5165e-06	5.9036e-01	4.0845e-01	1.1888e-03	1.1755e-36	1.1755e-36	1.1755e-36	7.8601e-19	0.00e+00	0.00e+00	3.1997e+01
2.78910e+19	7.6982e+03	1.730e-21	2.7826e+01	1.4173e+01	5.0633e-10	5.5252e-01	4.4748e-01	2.7815e-01	7.2185e-01	2.9051e-13	1.4752e-12	2.1351e-04	8.8290e-01	1.1688e-01	2.3075e-06	6.0576e-01	3.9317e-01	1.0657e-03	1.1755e-36	1.1755e-36	1.1755e-36	8.4583e-19	0.00e+00	0.00e+00	3.2520e+01
2.78958e+19	7.6513e+03	1.680e-21	2.7826e+01	1.3865e+01	5.4711e-10	5.6407e-01	4.3593e-01	2.8363e-01	7.1637e-01	2.9251e-13	1.5392e-12	2.0999e-04	8.8615e-01	1.1364e-01	2.1609e-06	6.1698e-01	3.8203e-01	9.8621e-04	1.1755e-36	1.1755e-36	1.1755e-36	8.9405e-19	0.00e+00	0.00e+00	3.2952e+01
2.79004e+19	7.6267e+03	1.629e-21	2.7826e+01	1.3562e+01	5.7932e-10	5.7390e-01	4.2610e-01	2.8846e-01	7.1154e-01	2.9513e-13	1.5909e-12	2.0628e-04	8.8901e-01	1.1079e-01	2.0350e-06	6.2648e-01	3.7260e-01	9.1856e-04	1.1755e-36	1.1755e-36	1.1755e-36	9.3219e-19	0.00e+00	0.00e+00	3.3433e+01
2.79058e+19	7.5859e+03	1.570e-21	2.7826e+01	1.3211e+01	6.2458e-10	5.8587e-01	4.1413e-01	2.9470e-01	7.0530e-01	2.9755e-13	1.6564e-12	2.0207e-04	8.9251e-01	1.0728e-01	1.8899e-06	6.3801e-01	3.6115e-01	8.4267e-04	1.1755e-36	1.1755e-36	1.1755e-36	9.8070e-19	0.00e+00	0.00e+00	3.4057e+01
2.79120e+19	7.5367e+03	1.506e-21	2.7826e+01	1.2817e+01	6.8134e-10	5.9963e-01	4.0037e-01	3.0184e-01	6.9816e-01	3.0064e-13	1.7329e-12	1.9725e-04	8.9637e-01	1.0343e-01	1.7382e-06	6.5115e-01	3.4809e-01	7.6315e-04	1.1755e-36	1.1755e-36	1.1755e-36	1.0378e-18	0.00e+00	0.00e+00	3.4724e+01
2.79180e+19	7.4898e+03	1.445e-21	2.7826e+01	1.2450e+01	7.4011e-10	6.1288e-01	3.8712e-01	3.0894e-01	6.9106e-01	3.0360e-13	1.8088e-12	1.9271e-04	9.0004e-01	9.9762e-02	1.6026e-06	6.6374e-01	3.3556e-01	6.9260e-04	1.1755e-36	1.1755e-36	1.1755e-36	1.0954e-18	0.00e+00	0.00e+00	3.5339e+01
2.79235e+19	7.4571e+03	1.389e-21	2.7826e+01	1.2100e+01	7.9024e-10	6.2400e-01	3.7600e-01	3.1509e-01	6.8491e-01	3.0721e-13	1.8681e-12	1.8822e-04	9.0316e-01	9.6651e-02	1.4917e-06	6.7425e-01	3.2511e-01	6.3536e-04	1.1755e-36	1.1755e-36	1.1755e-36	1.1380e-18	0.00e+00	0.00e+00	3.5918e+01
2.79291e+19	7.4058e+03	1.335e-21	2.7826e+01	1.1767e+01	8.5410e-10	6.3543e-01	3.6457e-01	3.2204e-01	6.7796e-01	3.0984e-13	1.9333e-12	1.8405e-04	9.0645e-01	9.3360e-02	1.3831e-06	6.8503e-01	3.1438e-01	5.8166e-04	1.1755e-36	1.1755e-36	1.1755e-36	1.1848e-18	0.00e+00	0.00e+00	3.6559e+01
2.79349e+19	7.3545e+03	1.279e-21	2.7826e+01	1.1418e+01	9.2455e-10	6.4732e-01	3.5268e-01	3.2946e-01	6.7054e-01	3.1282e-13	2.0009e-12	1.7961e-04	9.0985e-01	8.9974e-02	1.2767e-06	6.9617e-01	3.0330e-01	5.2944e-04	1.1755e-36	1.1755e-36	1.1755e-36	1.2330e-18	0.00e+00	0.00e+00	3.7242e+01
2.79409e+19	7.3009e+03	1.224e-21	2.7826e+01	1.1069e+01	1.0020e-09	6.5918e-01	3.4082e-01	3.3714e-01	6.6286e-01	3.1588e-13	2.0683e-12	1.7513e-04	9.1320e-01	8.6625e-02	1.1770e-06	7.0719e-01	2.9233e-01	4.8112e-04	1.1755e-36	1.1755e-36	1.1755e-36	1.2801e-18	0.00e+00	0.00e+00	3.7931e+01
2.79468e+19	7.2391e+03	1.172e-21	2.7826e+01	1.0734e+01	1.0900e-09	6.7072e-01	3.2928e-01	3.4504e-01	6.5496e-01	3.1856e-13	2.1347e-12	1.7081e-04	9.1647e-01	8.3355e-02	1.0853e-06	7.1789e-01	2.8168e-01	4.3764e-04	1.1755e-36	1.1755e-36	1.1755e-36	1.3254e-18	0.00e+00	0.00e+00	3.8619e+01
2.79526e+19	7.1785e+03	1.122e-21	2.7826e+01	1.0417e+01	1.1828e-09	6.8180e-01	3.1820e-01	3.5310e-01	6.4690e-01	3.2097e-13	2.1996e-12	1.6669e-04	9.1965e-01	8.0182e-02	1.0012e-06	7.2812e-01	2.7148e-01	3.9852e-04	1.1755e-36	1.1755e-36	1.1755e-36	1.3692e-18	0.00e+00	0.00e+00	3.9312e+01
2.79584e+19	7.1181e+03	1.073e-21	2.7826e+01	1.0099e+01	1.2814e-09	6.9241e-01	3.0759e-01	3.6119e-01	6.3881e-01	3.2359e-13	2.2593e-12	1.6251e-04	9.2272e-01	7.7121e-02	9.2384e-07	7.3786e-01	2.6178e-01	3.6312e-04	1.1755e-36	1.1755e-36	1.1755e-36	1.4069e-18	0.00e+00	0.00e+00	4.0025e+01
2.79644e+19	7.0553e+03	1.024e-21	2.7826e+01	9.7840e+00	1.3907e-09	7.0301e-01	2.9699e-01	3.6973e-01	6.3027e-01	3.2609e-13	2.3191e-12	1.5832e-04	9.2579e-01	7.4046e-02	8.5010e-07	7.4755e-01	2.5212e-01	3.2999e-04	1.1755e-36	1.1755e-36	1.1755e-36	1.4436e-18	0.00e+00	0.00e+00	4.0776e+01
2.79705e+19	6.9837e+03	9.759e-22	2.7826e+01	9.4634e+00	1.5194e-09	7.1372e-01	2.8628e-01	3.7867e-01	6.2133e-01	3.2847e-13	2.3788e-12	1.5406e-04	9.2887e-01	7.0976e-02	7.8028e-07	7.5727e-01	2.4243e-01	2.9909e-04	1.1755e-36	1.1755e-36	1.1755e-36	1.4783e-18	0.00e+00	0.00e+00	4.1553e+01
2.79767e+19	6.9120e+03	9.294e-22	2.7826e+01	9.1478e+00	1.6582e-09	7.2398e-01	2.7602e-01	3.8771e-01	6.1229e-01	3.3099e-13	2.4340e-12	1.4979e-04	9.3184e-01	6.8012e-02	7.1600e-07	7.6660e-01	2.3313e-01	2.7106e-04	1.1755e-36	1.1755e-36	1.1755e-36	1.5075e-18	0.00e+00	0.00e+00	4.2334e+01
2.79829e+19	6.8343e+03	8.852e-22	2.7826e+01	8.8522e+00	1.8176e-09	7.3424e-01	2.6576e-01	3.9735e-01	6.0265e-01	3.3261e-13	2.4932e-12	1.4580e-04	9.3480e-01	6.5056e-02	6.5577e-07	7.7585e-01	2.2391e-01	2.4537e-04	1.1755e-36	1.1755e-36	1.1755e-36	1.5410e-18	0.00e+00	0.00e+00	4.3134e+01
2.79890e+19	6.7568e+03	8.424e-22	2.7826e+01	8.5581e+00	1.9901e-09	7.4397e-01	2.5603e-01	4.0690e-01	5.9310e-01	3.3448e-13	2.5462e-12	1.4177e-04	9.3761e-01	6.2248e-02	6.0108e-07	7.8459e-01	2.1518e-01	2.2235e-04	1.1755e-36	1.1755e-36	1.1755e-36	1.5674e-18	0.00e+00	0.00e+00	4.3934e+01
2.79952e+19	6.6830e+03	8.009e-22	2.7826e+01	8.2658e+00	2.1705e-09	7.5313e-01	2.4687e-01	4.1635e-01	5.8365e-01	3.3667e-13	2.5920e-12	1.3770e-04	9.4029e-01	5.9572e-02	5.5117e-07	7.9278e-01	2.0702e-01	2.0169e-04	1.1755e-36	1.1755e-36	1.1755e-36	1.5860e-18	0.00e+00	0.00e+00	4.4757e+01
2.80016e+19	6.5921e+03	7.603e-22	2.7826e+01	7.9812e+00	2.4028e-09	7.6278e-01	2.3722e-01	4.2689e-01	5.7311e-01	3.3760e-13	2.6461e-12	1.3379e-04	9.4307e-01	5.6797e-02	5.0257e-07	8.0137e-01	1.9845e-01	1.8198e-04	1.1755e-36	1.1755e-36	1.1755e-36	1.6122e-18	0.00e+00	0.00e+00	4.5635e+01
2.80081e+19	6.5021e+03	7.209e-22	2.7826e+01	7.6990e+00	2.6584e-09	7.7216e-01	2.2784e-01	4.3748e-01	5.6252e-01	3.3876e-13	2.6971e-12	1.2983e-04	9.4573e-01	5.4137e-02	4.5803e-07	8.0970e-01	1.9014e-01	1.6402e-04	1.1755e-36	1.1755e-36	1.1755e-36	1.6355e-18	0.00e+00	0.00e+00	4.6501e+01
2.80144e+19	6.4077e+03	6.842e-22	2.7826e+01	7.4265e+00	2.9483e-09	7.8090e-01	2.1910e-01	4.4793e-01	5.5207e-01	3.3978e-13	2.7429e-12	1.2599e-04	9.4822e-01	5.1651e-02	4.1841e-07	8.1744e-01	1.8241e-01	1.4834e-04	1.1755e-36	1.1755e-36	1.1755e-36	1.6538e-18	0.00e+00	0.00e+00	4.7357e+01
2.80207e+19	6.3053e+03	6.492e-22	2.7826e+01	7.1635e+00	3.2922e-09	7.8941e-01	2.1059e-01	4.5871e-01	5.4129e-01	3.4014e-13	2.7893e-12	1.2228e-04	9.5064e-01	4.9237e-02	3.8190e-07	8.2494e-01	1.7493e-01	1.3417e-04	1.1755e-36	1.1755e-36	1.1755e-36	1.6739e-18	0.00e+00	0.00e+00	4.8237e+01
2.80271e+19	6.2020e+03	6.152e-22	2.7826e+01	6.9049e+00	3.6826e-09	7.9777e-01	2.0223e-01	4.6977e-01	5.3023e-01	3.4032e-13	2.8361e-12	1.1859e-04	9.5300e-01	4.6883e-02	3.4789e-07	8.3229e-01	1.6759e-01	1.2110e-04	1.1755e-36	1.1755e-36	1.1755e-36	1.6958e-18	0.00e+00	0.00e+00	4.9141e+01
2.80335e+19	6.0936e+03	5.824e-22	2.7826e+01	6.6507e+00	4.1401e-09	8.0599e-01	1.9401e-01	4.8108e-01	5.1892e-01	3.4016e-13	2.8841e-12	1.1493e-04	9.5528e-01	4.4607e-02	3.1655e-07	8.3949e-01	1.6040e-01	1.0918e-04	1.1755e-36	1.1755e-36	1.1755e-36	1.7211e-18	0.00e+00	0.00e+00	5.0059e+01
2.80400e+19	5.9836e+03	5.512e-22	2.7826e+01	6.4001e+00	4.6617e-09	8.1379e-01	1.8621e-01	4.9229e-01	5.0771e-01	3.4015e-13	2.9297e-12	1.1128e-04	9.5743e-01	4.2459e-02	2.8821e-07	8.4631e-01	1.5359e-01	9.8512e-05	1.1755e-36	1.1755e-36	1.1755e-36	1.7462e-18	0.00e+00	0.00e+00	5.0977e+01
2.80464e+19	5.8732e+03	5.214e-22	2.7826e+01	6.1594e+00	5.2532e-09	8.2135e-01	1.7865e-01	5.0372e-01	4.9628e-01	3.3970e-13	2.9780e-12	1.0776e-04	9.5950e-01	4.0391e-02	2.6220e-07	8.5288e-01	1.4703e-01	8.8846e-05	1.1755e-36	1.1755e-36	1.1755e-36	1.7778e-18	0.00e+00	0.00e+00	5.1916e+01
2.80530e+19	5.7535e+03	4.927e-22	2.7826e+01	5.9248e+00	5.9759e-09	8.2894e-01	1.7106e-01	5.1562e-01	4.8438e-01	3.3847e-13	3.0345e-12	1.0433e-04	9.6152e-01	3.8375e-02	2.3810e-07	8.5945e-01	1.4047e-01	7.9961e-05	1.1755e-36	1.1755e-36	1.1755e-36	1.8232e-18	0.00e+00	0.00e+00	5.2874e+01
2.80595e+19	5.6318e+03	4.656e-22	2.7826e+01	5.6916e+00	6.8067e-09	8.3605e-01	1.6395e-01	5.2718e-01	4.7282e-01	3.3762e-13	3.0905e-12	1.0086e-04	9.6339e-01	3.6505e-02	2.1659e-07	8.6561e-01	1.3431e-01	7.2085e-05	1.1755e-36	1.1755e-36	1.1755e-36	1.8730e-18	0.00e+00	0.00e+00	5.3817e+01
2.80658e+19	5.5070e+03	4.406e-22	2.7826e+01	5.4744e+00	7.7710e-09	8.4287e-01	1.5713e-01	5.3878e-01	4.6122e-01	3.3593e-13	3.1555e-12	9.7649e-05	9.6516e-01	3.4746e-02	1.9734e-07	8.7150e-01	1.2844e-01	6.5110e-05	1.1755e-36	1.1755e-36	1.1755e-36	1.9407e-18	0.00e+00	0.00e+00	5.4746e+01
2.80721e+19	5.3755e+03	4.170e-22	2.7826e+01	5.2680e+00	8.9228e-09	8.4955e-01	1.5045e-01	5.5068e-01	4.4932e-01	3.3328e-13	3.2340e-12	9.4610e-05	9.6685e-01	3.3059e-02	1.7975e-07	8.7724e-01	1.2270e-01	5.8805e-05	1.1755e-36	1.1755e-36	1.1755e-36	2.0329e-18	0.00e+00	0.00e+00	5.5690e+01
2.80785e+19	5.2434e+03	3.943e-22	2.7826e+01	5.0630e+00	1.0229e-08	8.5593e-01	1.4407e-01	5.6243e-01	4.3757e-01	3.3081e-13	3.3195e-12	9.1558e-05	9.6844e-01	3.1471e-02	1.6379e-07	8.8273e-01	1.1722e-01	5.3107e-05	1.1755e-36	1.1755e-36	1.1755e-36	2.1416e-18	0.00e+00	0.00e+00	5.6640e+01
2.80841e+19	5.1253e+03	3.754e-22	2.7826e+01	4.8856e+00	1.1527e-08	8.6142e-01	1.3858e-01	5.7251e-01	4.2749e-01	3.2878e-13	3.4042e-12	8.8902e-05	9.6974e-01	3.0172e-02	1.5123e-07	8.8743e-01	1.1252e-01	4.8564e-05	1.1755e-36	1.1755e-36	1.1755e-36	2.2570e-18	0.00e+00	0.00e+00	5.7388e+01
2.80888e+19	5.0171e+03	3.605e-22	2.7826e+01	4.7460e+00	1.2810e-08	8.6575e-01	1.3425e-01	5.8151e-01	4.1849e-01	3.2574e-13	3.4893e-12	8.6860e-05	9.7082e-01	2.9098e-02	1.4133e-07	8.9114e-01	1.0882e-01	4.5136e-05	1.1755e-36	1.1755e-36	1.1755e-36	2.3808e-18	0.00e+00	0.00e+00	5.8057e+01
2.80931e+19	4.9121e+03	3.469e-22	2.7826e+01	4.6159e+00	1.4110e-08	8.6967e-01	1.3033e-01	5.9009e-01	4.0991e-01	3.2258e-13	3.5400e-12	8.4971e-05	9.7193e-01	2.7985e-02	1.3190e-07	8.9450e-01	1.0546e-01	4.2135e-05	1.1755e-36	1.1755e-36	1.1755e-36	2.4474e-18	0.00e+00	0.00e+00	5.8727e+01
2.80977e+19	4.7830e+03	3.330e-22	2.7826e+01	4.4708e+00	1.5775e-08	8.7382e-01	1.2618e-01	5.9910e-01	4.0090e-01	3.1908e-13	3.5826e-12	8.2893e-05	9.7310e-01	2.6821e-02	1.1755e-36	8.9806e-01	1.0190e-01	3.9209e-05	1.1755e-36	1.1755e-36	1.1755e-36	2.5025e-18	0.00e+00	0.00e+00	5.9458e+01
2.81024e+19	4.6888e+03	3.196e-22	2.7826e+01	4.3433e+00	1.7044e-08	8.7774e-01	1.2226e-01	6.0774e-01	3.9226e-01	3.1629e-13	3.6147e-12	8.0995e-05	9.7418e-01	2.5736e-02	1.1755e-36	9.0140e-01	9.8563e-02	3.6403e-05	1.1755e-36	1.1755e-36	1.1755e-36	2.5367e-18	0.00e+00	0.00e+00	6.0154e+01
2.81075e+19	4.5539e+03	3.047e-22	2.7826e+01	4.1960e+00	1.8869e-08	8.8239e-01	1.1761e-01	6.1833e-01	3.8167e-01	3.1142e-13	3.6491e-12	7.8902e-05	9.7544e-01	2.4476e-02	1.1755e-36	9.0536e-01	9.4610e-02	3.3413e-05	1.1755e-36	1.1755e-36	1.1755e-36	2.5724e-18	0.00e+00	0.00e+00	6.1063e+01
2.81134e+19	4.4053e+03	2.886e-22	2.7826e+01	4.0237e+00	2.0787e-08	8.8764e-01	1.1236e-01	6.2928e-01	3.7072e-01	3.0755e-13	3.6635e-12	7.6398e-05	9.7674e-01	2.3188e-02	1.1755e-36	9.0981e-01	9.0158e-02	3.0290e-05	1.1755e-36	1.1755e-36	1.1755e-36	2.5678e-18	0.00e+00	0.00e+00	6.1989e+01
2.81191e+19	4.2649e+03	2.742e-22	2.7826e+01	3.8651e+00	2.2416e-08	8.9246e-01	1.0754e-01	6.3943e-01	3.6057e-01	3.0388e-13	3.6551e-12	7.4110e-05	9.7789e-01	2.2038e-02	1.1755e-36	9.1389e-01	8.6077e-02	2.7602e-05	1.1755e-36	1.1755e-36	1.1755e-36	2.5206e-18	0.00e+00	0.00e+00	6.2817e+01
2.81241e+19	4.1346e+03	2.619e-22	2.7826e+01	3.7280e+00	2.3700e-08	8.9657e-01	1.0343e-01	6.4877e-01	3.5123e-01	2.9985e-13	3.6274e-12	7.2182e-05	9.7890e-01	2.1029e-02	1.1755e-36	9.1739e-01	8.2589e-02	2.5407e-05	1.1755e-36	1.1755e-36	1.1755e-36	2.4392e-18	0.00e+00	0.00e+00	6.3576e+01
2.81288e+19	4.0100e+03	2.508e-22	2.7826e+01	3.6035e+00	2.4673e-08	9.0029e-01	9.9714e-02	6.5759e-01	3.4241e-01	2.9562e-13	3.5837e-12	7.0476e-05	9.7981e-01	2.0116e-02	1.1755e-36	9.2053e-01	7.9446e-02	2.3521e-05	1.1755e-36	1.1755e-36	1.1755e-36	2.3293e-18	0.00e+00	0.00e+00	6.4300e+01
2.81333e+19	3.8900e+03	2.406e-22	2.7826e+01	3.4855e+00	2.5344e-08	9.0383e-01	9.6175e-02	6.6595e-01	3.3405e-01	2.9156e-13	3.5273e-12	6.8883e-05	9.8065e-01	1.9277e-02	1.1755e-36	9.2352e-01	7.6455e-02	2.1818e-05	1.1755e-36	1.1755e-36	1.1755e-36	2.1978e-18	0.00e+00	0.00e+00	6.5003e+01
