#depth	Te	Htot	hden	eden	2H_2/H	HI	HII	HeI	HeII	HeIII	CO/C	C1	C2	C3	C4	O1	O2	O3	O4	O5	O6	H2O/O	AV(point)	AV(extend)	Tau912
6.75963e+14	6.2189e+03	4.232e-22	1.0000e+01	1.1030e+01	3.3632e-17	1.5060e-04	9.9985e-01	4.1890e-04	8.1765e-01	1.8193e-01	1.1584e-24	3.7432e-07	8.6772e-03	9.1650e-01	7.4605e-02	9.3225e-07	1.5436e-02	8.6970e-01	1.1485e-01	8.3988e-06	1.1755e-36	2.4200e-32	0.00e+00	0.00e+00	1.2852e-05
4.05578e+15	6.2182e+03	4.230e-22	1.0000e+01	1.1027e+01	3.3623e-17	1.5054e-04	9.9985e-01	4.1879e-04	8.1772e-01	1.8186e-01	1.1557e-24	3.7389e-07	8.6719e-03	9.1630e-01	7.4815e-02	9.3127e-07	1.5426e-02	8.7005e-01	1.1451e-01	8.3626e-06	1.1755e-36	2.4140e-32	0.00e+00	0.00e+00	6.4242e-05
1.75750e+16	6.2227e+03	4.224e-22	1.0000e+01	1.1026e+01	3.3445e-17	1.5041e-04	9.9985e-01	4.1883e-04	8.1850e-01	1.8108e-01	1.1520e-24	3.7326e-07	8.6640e-03	9.1627e-01	7.4859e-02	9.3034e-07	1.5424e-02	8.7149e-01	1.1308e-01	8.2098e-06	1.1755e-36	2.4073e-32	0.00e+00	0.00e+00	2.6961e-04
7.16520e+16	6.2302e+03	4.206e-22	1.0000e+01	1.1023e+01	3.3143e-17	1.5017e-04	9.9985e-01	4.2066e-04	8.2312e-01	1.7646e-01	1.1501e-24	3.7235e-07	8.6564e-03	9.1659e-01	7.4550e-02	9.3212e-07	1.5472e-02	8.7705e-01	1.0747e-01	7.6139e-06	1.1755e-36	2.4030e-32	0.00e+00	0.00e+00	1.0898e-03
1.71154e+17	6.2265e+03	4.178e-22	1.0000e+01	1.1020e+01	3.3069e-17	1.4986e-04	9.9985e-01	4.2156e-04	8.2564e-01	1.7394e-01	1.1467e-24	3.7080e-07	8.6501e-03	9.1683e-01	7.4331e-02	9.3382e-07	1.5519e-02	8.8492e-01	9.9552e-02	6.7715e-06	1.1755e-36	2.3900e-32	0.00e+00	0.00e+00	2.1539e-03
3.00506e+17	6.2433e+03	4.139e-22	1.0000e+01	1.1014e+01	3.2337e-17	1.4920e-04	9.9985e-01	4.2395e-04	8.3307e-01	1.6650e-01	1.1352e-24	3.6848e-07	8.6286e-03	9.1744e-01	7.3759e-02	9.3319e-07	1.5552e-02	8.9456e-01	8.9876e-02	5.8102e-06	1.1755e-36	2.3634e-32	0.00e+00	0.00e+00	3.5310e-03
4.68664e+17	6.2560e+03	4.095e-22	1.0000e+01	1.1002e+01	3.1682e-17	1.4848e-04	9.9985e-01	4.2913e-04	8.4605e-01	1.5352e-01	1.1249e-24	3.6621e-07	8.6114e-03	9.1856e-01	7.2672e-02	9.3473e-07	1.5627e-02	9.0610e-01	7.8272e-02	4.7306e-06	1.1755e-36	2.3348e-32	0.00e+00	0.00e+00	5.3127e-03
6.87269e+17	6.2741e+03	4.046e-22	1.0000e+01	1.0989e+01	3.0832e-17	1.4760e-04	9.9985e-01	4.3696e-04	8.6504e-01	1.3453e-01	1.1129e-24	3.6379e-07	8.5922e-03	9.2014e-01	7.1138e-02	9.3722e-07	1.5727e-02	9.1943e-01	6.4839e-02	3.5852e-06	1.1755e-36	2.3012e-32	0.00e+00	0.00e+00	7.6152e-03
9.71456e+17	6.2995e+03	3.989e-22	1.0000e+01	1.0973e+01	2.9448e-17	1.4654e-04	9.9985e-01	4.4729e-04	8.8986e-01	1.0969e-01	1.0882e-24	3.6116e-07	8.5700e-03	9.2208e-01	6.9241e-02	9.4129e-07	1.5866e-02	9.3401e-01	5.0120e-02	2.4621e-06	1.1755e-36	2.2153e-32	0.00e+00	0.00e+00	1.0587e-02
1.34090e+18	6.3123e+03	3.933e-22	1.0000e+01	1.0951e+01	2.8676e-17	1.4554e-04	9.9985e-01	4.5999e-04	9.1888e-01	8.0663e-02	1.0787e-24	3.5891e-07	8.5577e-03	9.2433e-01	6.7030e-02	9.4899e-07	1.6059e-02	9.4870e-01	3.5239e-02	1.4758e-06	1.1755e-36	2.1784e-32	0.00e+00	0.00e+00	1.4424e-02
1.82117e+18	6.3208e+03	3.875e-22	1.0000e+01	1.0926e+01	2.7562e-17	1.4452e-04	9.9986e-01	4.7281e-04	9.4797e-01	5.1554e-02	1.0539e-24	3.5681e-07	8.5487e-03	9.2653e-01	6.4871e-02	9.5863e-07	1.6280e-02	9.6189e-01	2.1825e-02	7.3764e-07	1.1755e-36	2.0725e-32	0.00e+00	0.00e+00	1.9377e-02
2.44553e+18	6.3209e+03	3.822e-22	1.0000e+01	1.0898e+01	2.7042e-17	1.4353e-04	9.9986e-01	4.8337e-04	9.7203e-01	2.7484e-02	1.0448e-24	3.5485e-07	8.5429e-03	9.2838e-01	6.3049e-02	9.6854e-07	1.6497e-02	9.7201e-01	1.1495e-02	2.9179e-07	1.1755e-36	2.0283e-32	0.00e+00	0.00e+00	2.5772e-02
3.25720e+18	6.3039e+03	3.782e-22	1.0000e+01	1.0881e+01	2.6707e-17	1.4289e-04	9.9986e-01	4.9118e-04	9.8775e-01	1.1757e-02	1.0328e-24	3.5428e-07	8.5588e-03	9.2984e-01	6.1580e-02	9.8070e-07	1.6710e-02	9.7831e-01	4.9761e-03	1.1755e-36	1.1755e-36	1.9535e-32	0.00e+00	0.00e+00	3.4047e-02
4.31236e+18	6.2753e+03	3.752e-22	1.0000e+01	1.0874e+01	2.6752e-17	1.4244e-04	9.9986e-01	4.9606e-04	9.9557e-01	3.9338e-03	1.0271e-24	3.5457e-07	8.5896e-03	9.3099e-01	6.0413e-02	9.9260e-07	1.6884e-02	9.8139e-01	1.7276e-03	1.1755e-36	1.1755e-36	1.8961e-32	0.00e+00	0.00e+00	4.4773e-02
5.68408e+18	6.2386e+03	3.727e-22	1.0000e+01	1.0871e+01	2.6848e-17	1.4209e-04	9.9986e-01	4.9925e-04	9.9848e-01	1.0184e-03	1.0173e-24	3.5549e-07	8.6320e-03	9.3201e-01	5.9350e-02	1.0044e-06	1.7030e-02	9.8249e-01	4.7598e-04	1.1755e-36	1.1755e-36	1.8196e-32	0.00e+00	0.00e+00	5.8681e-02
7.46731e+18	6.2032e+03	3.700e-22	1.0000e+01	1.0871e+01	2.6659e-17	1.4167e-04	9.9986e-01	5.0157e-04	9.9929e-01	2.0734e-04	9.9701e-25	3.5654e-07	8.6785e-03	9.3306e-01	5.8256e-02	1.0157e-06	1.7156e-02	9.8274e-01	1.0540e-04	1.1755e-36	1.1755e-36	1.7102e-32	0.00e+00	0.00e+00	7.6709e-02
9.78551e+18	6.1453e+03	3.678e-22	1.0000e+01	1.0870e+01	2.7141e-17	1.4158e-04	9.9986e-01	5.0515e-04	9.9946e-01	3.4930e-05	9.9044e-25	3.5909e-07	8.7554e-03	9.3442e-01	5.6822e-02	1.0335e-06	1.7334e-02	9.8265e-01	1.9537e-05	1.1755e-36	1.1755e-36	1.6290e-32	0.00e+00	0.00e+00	1.0013e-01
1.27992e+19	6.0881e+03	3.649e-22	1.0000e+01	1.0871e+01	2.6454e-17	1.4150e-04	9.9986e-01	5.0920e-04	9.9949e-01	5.2024e-06	9.4359e-25	3.6230e-07	8.8455e-03	9.3602e-01	5.5135e-02	1.0550e-06	1.7539e-02	9.8246e-01	3.1771e-06	1.1755e-36	1.1755e-36	1.4165e-32	0.00e+00	0.00e+00	1.3056e-01
1.67169e+19	6.0236e+03	3.616e-22	1.0000e+01	1.0871e+01	2.6435e-17	1.4168e-04	9.9986e-01	5.1453e-04	9.9948e-01	6.9756e-07	9.2043e-25	3.6696e-07	8.9627e-03	9.3797e-01	5.3070e-02	1.0838e-06	1.7801e-02	9.8220e-01	4.6387e-07	1.1755e-36	1.1755e-36	1.2793e-32	0.00e+00	0.00e+00	1.7017e-01
2.18100e+19	5.9523e+03	3.580e-22	1.0000e+01	1.0871e+01	2.5885e-17	1.4224e-04	9.9986e-01	5.2157e-04	9.9948e-01	8.3063e-08	8.7908e-25	3.7368e-07	9.1158e-03	9.4032e-01	5.0561e-02	1.1228e-06	1.8139e-02	9.8186e-01	1.1755e-36	1.1755e-36	1.1755e-36	1.0898e-32	0.00e+00	0.00e+00	2.2186e-01
2.59231e+19	5.8552e+03	3.536e-22	1.0000e+01	1.0871e+01	2.5001e-17	1.4124e-04	9.9986e-01	5.2505e-04	9.9947e-01	1.7591e-08	8.0152e-25	3.7490e-07	9.2062e-03	9.4216e-01	4.8629e-02	1.1466e-06	1.8393e-02	9.8161e-01	1.1755e-36	1.1755e-36	1.1755e-36	8.7025e-33	0.00e+00	0.00e+00	2.4387e-01
2.85155e+19	5.8261e+03	3.521e-22	1.0000e+01	1.0871e+01	2.5289e-17	1.4164e-04	9.9986e-01	5.2842e-04	9.9947e-01	7.6164e-09	8.0289e-25	3.7839e-07	9.2801e-03	9.4322e-01	4.7498e-02	1.1663e-06	1.8556e-02	9.8144e-01	1.1755e-36	1.1755e-36	1.1755e-36	8.4836e-33	0.00e+00	0.00e+00	2.6816e-01
3.13670e+19	5.7970e+03	3.506e-22	1.0000e+01	1.0871e+01	2.4397e-17	1.4218e-04	9.9986e-01	5.3221e-04	9.9947e-01	3.2353e-09	7.6703e-25	3.8242e-07	9.3621e-03	9.4434e-01	4.6294e-02	1.1886e-06	1.8736e-02	9.8126e-01	1.1755e-36	1.1755e-36	1.1755e-36	7.4578e-33	0.00e+00	0.00e+00	2.9497e-01
3.45037e+19	5.7682e+03	3.491e-22	1.0000e+01	1.0871e+01	2.4372e-17	1.4285e-04	9.9986e-01	5.3646e-04	9.9946e-01	1.3476e-09	7.5955e-25	3.8696e-07	9.4525e-03	9.4553e-01	4.5017e-02	1.2135e-06	1.8932e-02	9.8107e-01	1.1755e-36	1.1755e-36	1.1755e-36	7.0522e-33	0.00e+00	0.00e+00	3.2460e-01
3.79541e+19	5.7408e+03	3.475e-22	1.0000e+01	1.0871e+01	2.4360e-17	1.4366e-04	9.9986e-01	5.4115e-04	9.9946e-01	5.5007e-10	7.5388e-25	3.9234e-07	9.5528e-03	9.4677e-01	4.3675e-02	1.2415e-06	1.9145e-02	9.8085e-01	1.1755e-36	1.1755e-36	1.1755e-36	6.6797e-33	0.00e+00	0.00e+00	3.5738e-01
4.17495e+19	5.7140e+03	3.459e-22	1.0000e+01	1.0871e+01	2.3814e-17	1.4467e-04	9.9986e-01	5.4642e-04	9.9945e-01	2.1990e-10	7.3290e-25	3.9841e-07	9.6637e-03	9.4808e-01	4.2251e-02	1.2731e-06	1.9382e-02	9.8062e-01	1.1755e-36	1.1755e-36	1.1755e-36	6.0289e-33	0.00e+00	0.00e+00	3.9369e-01
4.59244e+19	5.6893e+03	3.443e-22	1.0000e+01	1.0870e+01	2.3434e-17	1.4589e-04	9.9985e-01	5.5228e-04	9.9945e-01	8.6082e-11	7.1876e-25	4.0536e-07	9.7861e-03	9.4946e-01	4.0755e-02	1.3086e-06	1.9639e-02	9.8036e-01	1.1755e-36	1.1755e-36	1.1755e-36	5.5236e-33	0.00e+00	0.00e+00	4.3397e-01
5.05169e+19	5.6669e+03	3.428e-22	1.0000e+01	1.0870e+01	2.3189e-17	1.4736e-04	9.9985e-01	5.5885e-04	9.9944e-01	3.3005e-11	7.1091e-25	4.1337e-07	9.9223e-03	9.5089e-01	3.9185e-02	1.3488e-06	1.9922e-02	9.8008e-01	1.1755e-36	1.1755e-36	1.1755e-36	5.1297e-33	0.00e+00	0.00e+00	4.7872e-01
5.55686e+19	5.6479e+03	3.412e-22	1.0000e+01	1.0870e+01	2.2602e-17	1.4913e-04	9.9985e-01	5.6624e-04	9.9943e-01	1.2417e-11	6.9526e-25	4.2260e-07	1.0074e-02	9.5238e-01	3.7544e-02	1.3945e-06	2.0231e-02	9.7977e-01	1.1755e-36	1.1755e-36	1.1755e-36	4.6242e-33	0.00e+00	0.00e+00	5.2854e-01
6.11254e+19	5.6327e+03	3.397e-22	1.0000e+01	1.0870e+01	2.2148e-17	1.5125e-04	9.9985e-01	5.7458e-04	9.9943e-01	4.6084e-12	6.8651e-25	4.3331e-07	1.0243e-02	9.5392e-01	3.5832e-02	1.4466e-06	2.0571e-02	9.7943e-01	1.1755e-36	1.1755e-36	1.1755e-36	4.2308e-33	0.00e+00	0.00e+00	5.8412e-01
6.72379e+19	5.6228e+03	3.383e-22	1.0000e+01	1.0870e+01	2.1357e-17	1.5380e-04	9.9985e-01	5.8403e-04	9.9942e-01	1.7110e-12	6.7091e-25	4.4578e-07	1.0434e-02	9.5551e-01	3.4055e-02	1.5065e-06	2.0946e-02	9.7905e-01	1.1755e-36	1.1755e-36	1.1755e-36	3.7557e-33	0.00e+00	0.00e+00	6.4629e-01
7.39617e+19	5.6157e+03	3.370e-22	1.0000e+01	1.0870e+01	2.1127e-17	1.5693e-04	9.9984e-01	5.9508e-04	9.9940e-01	6.5603e-13	6.7587e-25	4.6049e-07	1.0653e-02	9.5715e-01	3.2196e-02	1.5773e-06	2.1374e-02	9.7862e-01	1.1755e-36	1.1755e-36	1.1755e-36	3.5291e-33	0.00e+00	0.00e+00	7.1607e-01
8.13579e+19	5.6187e+03	3.358e-22	1.0000e+01	1.0870e+01	2.0621e-17	1.6064e-04	9.9984e-01	6.0755e-04	9.9939e-01	2.7638e-13	6.7851e-25	4.7773e-07	1.0898e-02	9.5880e-01	3.0297e-02	1.6587e-06	2.1839e-02	9.7816e-01	1.1755e-36	1.1755e-36	1.1755e-36	3.2628e-33	0.00e+00	0.00e+00	7.9464e-01
8.94937e+19	5.6343e+03	3.345e-22	1.0000e+01	1.0870e+01	2.0052e-17	1.6504e-04	9.9983e-01	6.2166e-04	9.9938e-01	1.3822e-13	6.8674e-25	4.9776e-07	1.1173e-02	9.6046e-01	2.8363e-02	1.7532e-06	2.2347e-02	9.7765e-01	1.1755e-36	1.1755e-36	1.1755e-36	3.0428e-33	0.00e+00	0.00e+00	8.8344e-01
9.84431e+19	5.6534e+03	3.338e-22	1.0000e+01	1.0870e+01	2.0390e-17	1.7056e-04	9.9983e-01	6.3875e-04	9.9936e-01	8.4683e-14	7.3122e-25	5.2230e-07	1.1500e-02	9.6214e-01	2.6359e-02	1.8690e-06	2.2940e-02	9.7706e-01	1.1755e-36	1.1755e-36	1.1755e-36	3.1232e-33	0.00e+00	0.00e+00	9.8438e-01
1.08287e+20	5.6886e+03	3.331e-22	1.0000e+01	1.0870e+01	2.0026e-17	1.7724e-04	9.9982e-01	6.5855e-04	9.9934e-01	6.0714e-14	7.6572e-25	5.5131e-07	1.1875e-02	9.6379e-01	2.4336e-02	2.0079e-06	2.3602e-02	9.7640e-01	1.1755e-36	1.1755e-36	1.1755e-36	3.0405e-33	0.00e+00	0.00e+00	1.0998e+00
1.19116e+20	5.7444e+03	3.325e-22	1.0000e+01	1.0870e+01	2.0010e-17	1.8535e-04	9.9981e-01	6.8191e-04	9.9932e-01	4.7316e-14	8.3303e-25	5.8662e-07	1.2312e-02	9.6538e-01	2.2307e-02	2.1771e-06	2.4351e-02	9.7565e-01	1.1755e-36	1.1755e-36	1.1755e-36	3.1709e-33	0.00e+00	0.00e+00	1.2325e+00
1.31028e+20	5.8113e+03	3.325e-22	1.0000e+01	1.0870e+01	2.0877e-17	1.9569e-04	9.9980e-01	7.1076e-04	9.9929e-01	3.8042e-14	9.6009e-25	6.3070e-07	1.2844e-02	9.6691e-01	2.0247e-02	2.3944e-06	2.5245e-02	9.7475e-01	1.1755e-36	1.1755e-36	1.1755e-36	3.6598e-33	0.00e+00	0.00e+00	1.3867e+00
1.44131e+20	5.8934e+03	3.334e-22	1.0000e+01	1.0869e+01	2.1826e-17	2.0900e-04	9.9979e-01	7.4679e-04	9.9925e-01	3.0763e-14	1.1346e-24	6.8671e-07	1.3503e-02	9.6832e-01	1.8175e-02	2.6791e-06	2.6316e-02	9.7368e-01	1.1755e-36	1.1755e-36	1.1755e-36	4.3051e-33	0.00e+00	0.00e+00	1.5678e+00
1.58544e+20	6.0042e+03	3.348e-22	1.0000e+01	1.0869e+01	2.3496e-17	2.2613e-04	9.9977e-01	7.9187e-04	9.9921e-01	2.4765e-14	1.4272e-24	7.5816e-07	1.4317e-02	9.6955e-01	1.6130e-02	3.0595e-06	2.7603e-02	9.7239e-01	1.1755e-36	1.1755e-36	1.1755e-36	5.6026e-33	0.00e+00	0.00e+00	1.7833e+00
1.74398e+20	6.1423e+03	3.372e-22	1.0000e+01	1.0869e+01	2.6303e-17	2.4895e-04	9.9975e-01	8.5035e-04	9.9915e-01	1.9725e-14	1.9394e-24	8.5254e-07	1.5364e-02	9.7052e-01	1.4113e-02	3.5949e-06	2.9215e-02	9.7078e-01	1.1755e-36	1.1755e-36	1.1755e-36	8.1790e-33	0.00e+00	0.00e+00	2.0443e+00
1.91838e+20	6.3122e+03	3.411e-22	1.0000e+01	1.0869e+01	3.0542e-17	2.8041e-04	9.9972e-01	9.2905e-04	9.9907e-01	1.5487e-14	2.8724e-24	9.8103e-07	1.6758e-02	9.7111e-01	1.2135e-02	4.3924e-06	3.1307e-02	9.6869e-01	1.1755e-36	1.1755e-36	1.1755e-36	1.3335e-32	0.00e+00	0.00e+00	2.3677e+00
2.11021e+20	6.5190e+03	3.468e-22	1.0000e+01	1.0868e+01	3.7186e-17	3.2570e-04	9.9967e-01	1.0397e-03	9.9896e-01	1.1941e-14	4.7652e-24	1.1632e-06	1.8696e-02	9.7109e-01	1.0209e-02	5.6723e-06	3.4144e-02	9.6585e-01	1.1755e-36	1.1755e-36	1.1755e-36	2.4894e-32	0.00e+00	0.00e+00	2.7809e+00
2.29737e+20	6.7536e+03	3.545e-22	1.0000e+01	1.0867e+01	4.5977e-17	3.8608e-04	9.9961e-01	1.1801e-03	9.9882e-01	9.0748e-15	8.3629e-24	1.3978e-06	2.1133e-02	9.7026e-01	8.6012e-03	7.5920e-06	3.7550e-02	9.6244e-01	1.1755e-36	1.1755e-36	1.1755e-36	4.8947e-32	0.00e+00	0.00e+00	3.2034e+00
2.45555e+20	6.9728e+03	3.628e-22	1.0000e+01	1.0866e+01	5.8104e-17	4.5763e-04	9.9954e-01	1.3442e-03	9.9866e-01	7.3754e-15	1.5086e-23	1.6687e-06	2.3929e-02	9.6870e-01	7.3729e-03	1.0296e-05	4.1594e-02	9.5840e-01	1.1755e-36	1.1755e-36	1.1755e-36	9.8975e-32	0.00e+00	0.00e+00	3.6165e+00
2.58486e+20	7.1659e+03	3.710e-22	1.0000e+01	1.0865e+01	7.3513e-17	5.3792e-04	9.9946e-01	1.5249e-03	9.9848e-01	6.1908e-15	2.6716e-23	1.9659e-06	2.6974e-02	9.6659e-01	6.4360e-03	1.3834e-05	4.5873e-02	9.5411e-01	1.1755e-36	1.1755e-36	1.1755e-36	1.9375e-31	0.00e+00	0.00e+00	4.0090e+00
2.69535e+20	7.3360e+03	3.789e-22	1.0000e+01	1.0864e+01	9.3916e-17	6.3007e-04	9.9937e-01	1.7312e-03	9.9827e-01	5.3548e-15	4.7492e-23	2.3020e-06	3.0408e-02	9.6393e-01	5.6585e-03	1.8627e-05	5.0690e-02	9.4929e-01	1.1755e-36	1.1755e-36	1.1755e-36	3.7719e-31	0.00e+00	0.00e+00	4.4282e+00
2.78815e+20	7.4893e+03	3.865e-22	1.0000e+01	1.0863e+01	1.1922e-16	7.3315e-04	9.9927e-01	1.9569e-03	9.9804e-01	4.6338e-15	8.2766e-23	2.6670e-06	3.4130e-02	9.6083e-01	5.0419e-03	2.4924e-05	5.5963e-02	9.4401e-01	1.1755e-36	1.1755e-36	1.1755e-36	7.1127e-31	0.00e+00	0.00e+00	4.7995e+00
2.85972e+20	7.6117e+03	3.929e-22	1.0000e+01	1.0862e+01	1.4735e-16	8.3676e-04	9.9916e-01	2.1835e-03	9.9782e-01	4.1894e-15	1.3502e-22	3.0271e-06	3.7805e-02	9.5762e-01	4.5708e-03	3.2303e-05	6.1204e-02	9.3876e-01	1.1755e-36	1.1755e-36	1.1755e-36	1.2318e-30	0.00e+00	0.00e+00	5.1317e+00
2.91907e+20	7.7137e+03	3.985e-22	1.0000e+01	1.0860e+01	1.8025e-16	9.4468e-04	9.9906e-01	2.4198e-03	9.9758e-01	3.8544e-15	2.1328e-22	3.3978e-06	4.1587e-02	9.5423e-01	4.1760e-03	4.1154e-05	6.6640e-02	9.3332e-01	1.1755e-36	1.1755e-36	1.1755e-36	2.0494e-30	0.00e+00	0.00e+00	5.4644e+00
2.96693e+20	7.8008e+03	4.034e-22	1.0000e+01	1.0859e+01	2.1777e-16	1.0519e-03	9.9895e-01	2.6512e-03	9.9735e-01	3.5493e-15	3.2322e-22	3.7584e-06	4.5251e-02	9.5088e-01	3.8666e-03	5.1136e-05	7.2009e-02	9.2794e-01	1.1755e-36	1.1755e-36	1.1755e-36	3.2815e-30	0.00e+00	0.00e+00	5.7296e+00
3.00288e+20	7.8650e+03	4.072e-22	1.0000e+01	1.0858e+01	2.5107e-16	1.1486e-03	9.9885e-01	2.8618e-03	9.9714e-01	3.3832e-15	4.4856e-22	4.0772e-06	4.8531e-02	9.4784e-01	3.6285e-03	6.1202e-05	7.6861e-02	9.2308e-01	1.1755e-36	1.1755e-36	1.1755e-36	4.6599e-30	0.00e+00	0.00e+00	5.9614e+00
3.03454e+20	7.9218e+03	4.105e-22	1.0000e+01	1.0857e+01	2.9173e-16	1.2475e-03	9.9875e-01	3.0771e-03	9.9692e-01	3.2399e-15	6.2099e-22	4.4068e-06	5.1870e-02	9.4471e-01	3.4122e-03	7.2563e-05	8.1821e-02	9.1811e-01	1.1755e-36	1.1755e-36	1.1755e-36	6.6976e-30	0.00e+00	0.00e+00	6.2083e+00
3.07059e+20	7.9823e+03	4.144e-22	1.0000e+01	1.0855e+01	3.5308e-16	1.3798e-03	9.9862e-01	3.3663e-03	9.9663e-01	3.0674e-15	9.2948e-22	4.8438e-06	5.6284e-02	9.4056e-01	3.1554e-03	8.9453e-05	8.8468e-02	9.1144e-01	1.1755e-36	1.1755e-36	1.1755e-36	1.0516e-29	0.00e+00	0.00e+00	6.5632e+00
3.10739e+20	8.0526e+03	4.187e-22	1.0000e+01	1.0853e+01	4.2899e-16	1.5445e-03	9.9846e-01	3.7209e-03	9.9628e-01	2.8009e-15	1.4344e-21	5.3638e-06	6.1660e-02	9.3543e-01	2.9060e-03	1.1324e-04	9.6732e-02	9.0315e-01	1.1755e-36	1.1755e-36	1.1755e-36	1.6752e-29	0.00e+00	0.00e+00	6.8834e+00
3.13524e+20	8.1049e+03	4.222e-22	1.0000e+01	1.0852e+01	5.1115e-16	1.6976e-03	9.9830e-01	4.0470e-03	9.9595e-01	2.6565e-15	2.0825e-21	5.8413e-06	6.6478e-02	9.3080e-01	2.7138e-03	1.3813e-04	1.0443e-01	8.9543e-01	1.1755e-36	1.1755e-36	1.1755e-36	2.5264e-29	0.00e+00	0.00e+00	7.1285e+00
3.15624e+20	8.1464e+03	4.249e-22	1.0000e+01	1.0849e+01	5.8249e-16	1.8329e-03	9.9817e-01	4.3385e-03	9.9566e-01	2.5825e-15	2.7911e-21	6.2530e-06	7.0769e-02	9.2666e-01	2.5634e-03	1.6242e-04	1.1124e-01	8.8859e-01	1.1755e-36	1.1755e-36	1.1755e-36	3.4330e-29	0.00e+00	0.00e+00	7.3499e+00
3.17825e+20	8.1862e+03	4.276e-22	1.0000e+01	1.0847e+01	6.8384e-16	1.9954e-03	9.9800e-01	4.6939e-03	9.9531e-01	2.5045e-15	3.9208e-21	6.7546e-06	7.5908e-02	9.2169e-01	2.3956e-03	1.9453e-04	1.1947e-01	8.8034e-01	1.1755e-36	1.1755e-36	1.1755e-36	4.9652e-29	0.00e+00	0.00e+00	7.6632e+00
3.20196e+20	8.2340e+03	4.306e-22	1.0000e+01	1.0845e+01	8.2657e-16	2.2021e-03	9.9780e-01	5.1360e-03	9.9486e-01	2.3495e-15	5.8331e-21	7.3761e-06	8.2181e-02	9.1559e-01	2.2195e-03	2.3994e-04	1.2996e-01	8.6980e-01	1.1755e-36	1.1755e-36	1.1755e-36	7.6987e-29	0.00e+00	0.00e+00	7.9765e+00
3.22179e+20	8.2669e+03	4.338e-22	1.0000e+01	1.0843e+01	9.7473e-16	2.4141e-03	9.9759e-01	5.5857e-03	9.9441e-01	2.2371e-15	8.2925e-21	7.9806e-06	8.8494e-02	9.0943e-01	2.0675e-03	2.9165e-04	1.4067e-01	8.5904e-01	1.1755e-36	1.1755e-36	1.1755e-36	1.1116e-28	0.00e+00	0.00e+00	8.2376e+00
3.23741e+20	8.3034e+03	4.358e-22	1.0000e+01	1.0840e+01	1.1284e-15	2.6065e-03	9.9739e-01	5.9939e-03	9.9401e-01	2.1732e-15	1.1287e-20	8.5327e-06	9.4089e-02	9.0396e-01	1.9461e-03	3.4362e-04	1.5047e-01	8.4918e-01	1.1755e-36	1.1755e-36	1.1755e-36	1.5600e-28	0.00e+00	0.00e+00	8.4698e+00
3.25139e+20	8.3318e+03	4.378e-22	1.0000e+01	1.0838e+01	1.2859e-15	2.8051e-03	9.9719e-01	6.4190e-03	9.9358e-01	2.1167e-15	1.4982e-20	9.0856e-06	9.9881e-02	8.9828e-01	1.8325e-03	4.0196e-04	1.6057e-01	8.3902e-01	1.1755e-36	1.1755e-36	1.1755e-36	2.0951e-28	0.00e+00	0.00e+00	8.7148e+00
3.26730e+20	8.3573e+03	4.403e-22	1.0000e+01	1.0835e+01	1.5328e-15	3.0664e-03	9.9693e-01	6.9849e-03	9.9302e-01	2.0469e-15	2.1415e-20	9.8195e-06	1.0742e-01	8.9088e-01	1.6966e-03	4.8608e-04	1.7388e-01	8.2563e-01	1.1755e-36	1.1755e-36	1.1755e-36	3.0818e-28	0.00e+00	0.00e+00	9.0629e+00
3.28372e+20	8.4014e+03	4.426e-22	1.0000e+01	1.0832e+01	1.8596e-15	3.3872e-03	9.9661e-01	7.6584e-03	9.9234e-01	1.9299e-15	3.1981e-20	1.0686e-05	1.1619e-01	8.8224e-01	1.5608e-03	6.0114e-04	1.9022e-01	8.0918e-01	1.1755e-36	1.1755e-36	1.1755e-36	4.8001e-28	0.00e+00	0.00e+00	9.3806e+00
3.29650e+20	8.4233e+03	4.451e-22	1.0000e+01	1.0828e+01	2.1963e-15	3.6948e-03	9.9631e-01	8.2957e-03	9.9170e-01	1.8586e-15	4.4798e-20	1.1471e-05	1.2431e-01	8.7423e-01	1.4497e-03	7.2239e-04	2.0565e-01	7.9363e-01	1.1755e-36	1.1755e-36	1.1755e-36	6.8840e-28	0.00e+00	0.00e+00	9.6304e+00
3.30643e+20	8.4447e+03	4.468e-22	1.0000e+01	1.0824e+01	2.5113e-15	3.9695e-03	9.9603e-01	8.8697e-03	9.9113e-01	1.8189e-15	5.9099e-20	1.2162e-05	1.3149e-01	8.6714e-01	1.3608e-03	8.4068e-04	2.1942e-01	7.7974e-01	1.1755e-36	1.1755e-36	1.1755e-36	9.2386e-28	0.00e+00	0.00e+00	9.8598e+00
3.31696e+20	8.4659e+03	4.485e-22	1.0000e+01	1.0820e+01	2.9358e-15	4.2989e-03	9.9570e-01	9.5747e-03	9.9043e-01	1.7776e-15	8.1017e-20	1.3000e-05	1.4012e-01	8.5860e-01	1.2622e-03	9.9484e-04	2.3591e-01	7.6310e-01	1.1755e-36	1.1755e-36	1.1755e-36	1.2982e-27	0.00e+00	0.00e+00	1.0183e+01
3.32842e+20	8.4976e+03	4.503e-22	1.0000e+01	1.0816e+01	3.5155e-15	4.7219e-03	9.9528e-01	1.0455e-02	9.8954e-01	1.6984e-15	1.1696e-19	1.4022e-05	1.5067e-01	8.4816e-01	1.1563e-03	1.2113e-03	2.5679e-01	7.4199e-01	1.1755e-36	1.1755e-36	1.1755e-36	1.9342e-27	0.00e+00	0.00e+00	1.0511e+01
3.33819e+20	8.5157e+03	4.525e-22	1.0000e+01	1.0811e+01	4.1795e-15	5.1632e-03	9.9484e-01	1.1356e-02	9.8864e-01	1.6352e-15	1.6447e-19	1.5031e-05	1.6114e-01	8.3778e-01	1.0628e-03	1.4572e-03	2.7801e-01	7.2053e-01	1.1755e-36	1.1755e-36	1.1755e-36	2.7906e-27	0.00e+00	0.00e+00	1.0789e+01
3.34604e+20	8.5341e+03	4.541e-22	1.0000e+01	1.0805e+01	4.8410e-15	5.5765e-03	9.9442e-01	1.2201e-02	9.8780e-01	1.5946e-15	2.2021e-19	1.5948e-05	1.7072e-01	8.2828e-01	9.8598e-04	1.7071e-03	2.9757e-01	7.0073e-01	1.1755e-36	1.1755e-36	1.1755e-36	3.8175e-27	0.00e+00	0.00e+00	1.1041e+01
3.35317e+20	8.5491e+03	4.555e-22	1.0000e+01	1.0800e+01	5.5944e-15	6.0063e-03	9.9399e-01	1.3086e-02	9.8691e-01	1.5579e-15	2.9197e-19	1.6886e-05	1.8049e-01	8.1858e-01	9.1441e-04	1.9861e-03	3.1750e-01	6.8051e-01	1.1755e-36	1.1755e-36	1.1755e-36	5.1766e-27	0.00e+00	0.00e+00	1.1310e+01
3.36131e+20	8.5681e+03	4.569e-22	1.0000e+01	1.0794e+01	6.6831e-15	6.5693e-03	9.9343e-01	1.4263e-02	9.8574e-01	1.5143e-15	4.1169e-19	1.8108e-05	1.9315e-01	8.0601e-01	8.3081e-04	2.3809e-03	3.4309e-01	6.5453e-01	1.1755e-36	1.1755e-36	1.1755e-36	7.5291e-27	0.00e+00	0.00e+00	1.1692e+01
3.36983e+20	8.5877e+03	4.589e-22	1.0000e+01	1.0786e+01	8.2176e-15	7.2936e-03	9.9271e-01	1.5713e-02	9.8429e-01	1.4423e-15	6.0821e-19	1.9555e-05	2.0817e-01	7.9106e-01	7.4377e-04	2.9286e-03	3.7432e-01	6.2275e-01	1.1755e-36	1.1755e-36	1.1755e-36	1.1551e-26	0.00e+00	0.00e+00	1.2052e+01
3.37660e+20	8.6028e+03	4.607e-22	1.0000e+01	1.0776e+01	9.7280e-15	8.0050e-03	9.9200e-01	1.7110e-02	9.8289e-01	1.3928e-15	8.4195e-19	2.0844e-05	2.2215e-01	7.7715e-01	6.7289e-04	3.5078e-03	4.0334e-01	5.9316e-01	1.1755e-36	1.1755e-36	1.1755e-36	1.6236e-26	0.00e+00	0.00e+00	1.2342e+01
3.38195e+20	8.6151e+03	4.621e-22	1.0000e+01	1.0769e+01	1.1459e-14	8.6597e-03	9.9134e-01	1.8398e-02	9.8160e-01	1.3616e-15	1.1287e-18	2.2049e-05	2.3450e-01	7.6486e-01	6.1612e-04	4.0760e-03	4.2884e-01	5.6708e-01	1.1755e-36	1.1755e-36	1.1755e-36	2.2631e-26	0.00e+00	0.00e+00	1.2612e+01
3.38763e+20	8.6207e+03	4.635e-22	1.0000e+01	1.0760e+01	1.3714e-14	9.4596e-03	9.9054e-01	2.0013e-02	9.7999e-01	1.3291e-15	1.5541e-18	2.3487e-05	2.4950e-01	7.4992e-01	5.5443e-04	4.8119e-03	4.5842e-01	5.3677e-01	1.1755e-36	1.1755e-36	1.1755e-36	3.2176e-26	0.00e+00	0.00e+00	1.2996e+01
3.39389e+20	8.6358e+03	4.651e-22	1.0000e+01	1.0749e+01	1.6984e-14	1.0529e-02	9.8947e-01	2.2086e-02	9.7791e-01	1.2730e-15	2.2697e-18	2.5250e-05	2.6795e-01	7.3154e-01	4.8784e-04	5.8538e-03	4.9487e-01	4.9928e-01	1.1755e-36	1.1755e-36	1.1755e-36	4.9073e-26	0.00e+00	0.00e+00	1.3401e+01
3.39934e+20	8.6421e+03	4.670e-22	1.0000e+01	1.0736e+01	2.0977e-14	1.1701e-02	9.8830e-01	2.4287e-02	9.7571e-01	1.2246e-15	3.2537e-18	2.7010e-05	2.8656e-01	7.1299e-01	4.2926e-04	7.0573e-03	5.3079e-01	4.6216e-01	1.1755e-36	1.1755e-36	1.1755e-36	7.3273e-26	0.00e+00	0.00e+00	1.3756e+01
3.40377e+20	8.6444e+03	4.687e-22	1.0000e+01	1.0722e+01	2.5324e-14	1.2859e-02	9.8714e-01	2.6439e-02	9.7356e-01	1.1896e-15	4.4536e-18	2.8635e-05	3.0386e-01	6.9573e-01	3.8144e-04	8.3017e-03	5.6277e-01	4.2893e-01	1.1755e-36	1.1755e-36	1.1755e-36	1.0388e-25	0.00e+00	0.00e+00	1.4086e+01
3.40782e+20	8.6436e+03	4.701e-22	1.0000e+01	1.0707e+01	3.0594e-14	1.4111e-02	9.8589e-01	2.8764e-02	9.7124e-01	1.1571e-15	6.0493e-18	3.0309e-05	3.2164e-01	6.7799e-01	3.3804e-04	9.6992e-03	5.9389e-01	3.9641e-01	1.1755e-36	1.1755e-36	1.1755e-36	1.4653e-25	0.00e+00	0.00e+00	1.4446e+01
3.41247e+20	8.6362e+03	4.716e-22	1.0000e+01	1.0690e+01	3.8912e-14	1.5824e-02	9.8418e-01	3.1970e-02	9.6803e-01	1.1184e-15	8.8118e-18	3.2513e-05	3.4480e-01	6.5488e-01	2.8902e-04	1.1685e-02	6.3138e-01	3.5693e-01	1.1755e-36	1.1755e-36	1.1755e-36	2.2484e-25	0.00e+00	0.00e+00	1.4970e+01
3.41741e+20	8.6243e+03	4.741e-22	1.0000e+01	1.0666e+01	5.2309e-14	1.8219e-02	9.8178e-01	3.6163e-02	9.6384e-01	1.0589e-15	1.3736e-17	3.5175e-05	3.7294e-01	6.2678e-01	2.3848e-04	1.4541e-02	6.7437e-01	3.1109e-01	1.1755e-36	1.1755e-36	1.1755e-36	3.7566e-25	0.00e+00	0.00e+00	1.5502e+01
3.42149e+20	8.6135e+03	4.763e-22	1.0000e+01	1.0637e+01	6.8988e-14	2.0850e-02	9.7915e-01	4.0558e-02	9.5944e-01	1.0125e-15	2.0581e-17	3.7693e-05	4.0014e-01	5.9963e-01	1.9768e-04	1.7759e-02	7.1205e-01	2.7019e-01	1.1755e-36	1.1755e-36	1.1755e-36	5.9956e-25	0.00e+00	0.00e+00	1.5967e+01
3.42477e+20	8.5952e+03	4.778e-22	1.0000e+01	1.0599e+01	8.7419e-14	2.3538e-02	9.7646e-01	4.4971e-02	9.5503e-01	9.7612e-16	2.8828e-17	3.9897e-05	4.2524e-01	5.7455e-01	1.6600e-04	2.1106e-02	7.4271e-01	2.3618e-01	1.1755e-36	1.1755e-36	1.1755e-36	8.7246e-25	0.00e+00	0.00e+00	1.6418e+01
3.42825e+20	8.5709e+03	4.785e-22	1.0000e+01	1.0553e+01	1.1607e-13	2.7029e-02	9.7297e-01	5.0776e-02	9.4922e-01	9.3807e-16	4.2509e-17	4.2604e-05	4.5531e-01	5.4452e-01	1.3436e-04	2.5522e-02	7.7405e-01	2.0043e-01	1.1755e-36	1.1755e-36	1.1755e-36	1.3637e-24	0.00e+00	0.00e+00	1.7089e+01
3.43200e+20	8.5267e+03	4.807e-22	1.0000e+01	1.0492e+01	1.7011e-13	3.2258e-02	9.6774e-01	5.8755e-02	9.4124e-01	8.7754e-16	6.9317e-17	4.5928e-05	4.9226e-01	5.0759e-01	1.0257e-04	3.2151e-02	8.0667e-01	1.6118e-01	1.1755e-36	1.1755e-36	1.1755e-36	2.4553e-24	0.00e+00	0.00e+00	1.7814e+01
3.43510e+20	8.4849e+03	4.825e-22	1.0000e+01	1.0422e+01	2.4834e-13	3.8480e-02	9.6152e-01	6.7463e-02	9.3254e-01	8.2793e-16	1.1055e-16	4.9080e-05	5.2804e-01	4.7184e-01	7.8038e-05	4.0043e-02	8.3156e-01	1.2840e-01	1.1755e-36	1.1755e-36	1.1755e-36	4.3431e-24	0.00e+00	0.00e+00	1.8456e+01
3.43722e+20	8.4345e+03	4.845e-22	1.0000e+01	1.0360e+01	3.3978e-13	4.4465e-02	9.5554e-01	7.5141e-02	9.2486e-01	7.9192e-16	1.5933e-16	5.1538e-05	5.5622e-01	4.4367e-01	6.2287e-05	4.7598e-02	8.4632e-01	1.0609e-01	1.1755e-36	1.1755e-36	1.1755e-36	6.8041e-24	0.00e+00	0.00e+00	1.8908e+01
3.43866e+20	8.4021e+03	4.849e-22	1.0000e+01	1.0306e+01	4.2812e-13	4.9434e-02	9.5057e-01	8.1338e-02	9.1866e-01	7.7097e-16	2.0794e-16	5.3280e-05	5.7699e-01	4.2291e-01	5.2494e-05	5.3862e-02	8.5439e-01	9.1744e-02	1.1755e-36	1.1755e-36	1.1755e-36	9.4885e-24	0.00e+00	0.00e+00	1.9303e+01
3.44012e+20	8.3580e+03	4.846e-22	1.0000e+01	1.0253e+01	5.5667e-13	5.5353e-02	9.4465e-01	8.8752e-02	9.1125e-01	7.4827e-16	2.7883e-16	5.5255e-05	5.9991e-01	3.9999e-01	4.3337e-05	6.1304e-02	8.6049e-01	7.8202e-02	1.1755e-36	1.1755e-36	1.1755e-36	1.3841e-23	0.00e+00	0.00e+00	1.9877e+01
3.44175e+20	8.3090e+03	4.840e-22	1.0000e+01	1.0177e+01	7.6301e-13	6.3844e-02	9.3616e-01	9.8504e-02	9.0150e-01	7.1309e-16	3.9497e-16	5.7492e-05	6.2715e-01	3.7276e-01	3.4054e-05	7.1911e-02	8.6439e-01	6.3700e-02	1.1755e-36	1.1755e-36	1.1755e-36	2.1567e-23	0.00e+00	0.00e+00	2.0534e+01
3.44321e+20	8.2630e+03	4.825e-22	1.0000e+01	1.0078e+01	1.0502e-12	7.3869e-02	9.2613e-01	1.0898e-01	8.9102e-01	6.7988e-16	5.5770e-16	5.9447e-05	6.5325e-01	3.4666e-01	2.6616e-05	8.4340e-02	8.6422e-01	5.1438e-02	1.1755e-36	1.1755e-36	1.1755e-36	3.3621e-23	0.00e+00	0.00e+00	2.1134e+01
3.44436e+20	8.2323e+03	4.782e-22	1.0000e+01	9.9446e+00	1.3570e-12	8.3706e-02	9.1629e-01	1.1858e-01	8.8142e-01	6.5414e-16	7.3269e-16	6.0644e-05	6.7457e-01	3.2535e-01	2.1474e-05	9.6463e-02	8.6099e-01	4.2547e-02	1.1755e-36	1.1755e-36	1.1755e-36	4.7202e-23	0.00e+00	0.00e+00	2.1670e+01
3.44535e+20	8.1854e+03	4.752e-22	1.0000e+01	9.8446e+00	1.7986e-12	9.4397e-02	9.0560e-01	1.2855e-01	8.7145e-01	6.3125e-16	9.7805e-16	6.1998e-05	6.9486e-01	3.0506e-01	1.7391e-05	1.0953e-01	8.5506e-01	3.5405e-02	1.1755e-36	1.1755e-36	1.1755e-36	6.9613e-23	0.00e+00	0.00e+00	2.2242e+01
3.44629e+20	8.1564e+03	4.685e-22	1.0000e+01	9.6876e+00	2.3079e-12	1.0646e-01	8.9354e-01	1.3911e-01	8.6089e-01	6.0707e-16	1.2638e-15	6.2775e-05	7.1417e-01	2.8576e-01	1.4030e-05	1.2418e-01	8.4658e-01	2.9236e-02	1.1755e-36	1.1755e-36	1.1755e-36	9.6253e-23	0.00e+00	0.00e+00	2.2871e+01
3.44722e+20	8.1087e+03	4.616e-22	1.0000e+01	9.5285e+00	3.0924e-12	1.2142e-01	8.7858e-01	1.5128e-01	8.4872e-01	5.8170e-16	1.6888e-15	6.3635e-05	7.3445e-01	2.6547e-01	1.1069e-05	1.4219e-01	8.3414e-01	2.3669e-02	1.1755e-36	1.1755e-36	1.1755e-36	1.4090e-22	0.00e+00	0.00e+00	2.3573e+01
3.44808e+20	8.0661e+03	4.533e-22	1.0000e+01	9.3563e+00	4.1687e-12	1.3912e-01	8.6088e-01	1.6433e-01	8.3567e-01	5.5702e-16	2.2681e-15	6.4264e-05	7.5421e-01	2.4571e-01	8.6453e-06	1.6329e-01	8.1778e-01	1.8923e-02	1.1755e-36	1.1755e-36	1.1755e-36	2.0826e-22	0.00e+00	0.00e+00	2.4286e+01
3.44884e+20	8.0324e+03	4.421e-22	1.0000e+01	9.1334e+00	5.5307e-12	1.5781e-01	8.4219e-01	1.7706e-01	8.2294e-01	5.3434e-16	2.9794e-15	6.4280e-05	7.7128e-01	2.2865e-01	6.8594e-06	1.8535e-01	7.9939e-01	1.5259e-02	1.1755e-36	1.1755e-36	1.1755e-36	3.0056e-22	0.00e+00	0.00e+00	2.4978e+01
3.44951e+20	7.9863e+03	4.313e-22	1.0000e+01	8.9379e+00	7.2634e-12	1.7870e-01	8.2130e-01	1.9017e-01	8.0983e-01	5.1505e-16	3.8512e-15	6.4327e-05	7.8771e-01	2.1222e-01	5.4367e-06	2.0972e-01	7.7798e-01	1.2296e-02	1.1755e-36	1.1755e-36	1.1755e-36	4.2131e-22	0.00e+00	0.00e+00	2.5710e+01
3.45014e+20	7.9454e+03	4.178e-22	1.0000e+01	8.6990e+00	9.5252e-12	2.0180e-01	7.9820e-01	2.0351e-01	7.9649e-01	4.9623e-16	4.9483e-15	6.3909e-05	8.0284e-01	1.9709e-01	4.3164e-06	2.3638e-01	7.5376e-01	9.8688e-03	1.1755e-36	1.1755e-36	1.1755e-36	5.8798e-22	0.00e+00	0.00e+00	2.6480e+01
3.45072e+20	7.9041e+03	4.016e-22	1.0000e+01	8.4159e+00	1.2453e-11	2.2725e-01	7.7275e-01	2.1706e-01	7.8294e-01	4.7849e-16	6.2923e-15	6.3011e-05	8.1681e-01	1.8312e-01	3.4327e-06	2.6537e-01	7.2674e-01	7.8881e-03	1.1755e-36	1.1755e-36	1.1755e-36	8.0812e-22	0.00e+00	0.00e+00	2.7300e+01
3.45128e+20	7.8556e+03	3.835e-22	1.0000e+01	8.1056e+00	1.6419e-11	2.5592e-01	7.4408e-01	2.3131e-01	7.6869e-01	4.6106e-16	8.0008e-15	6.1815e-05	8.3017e-01	1.6977e-01	2.7183e-06	2.9759e-01	6.9616e-01	6.2481e-03	1.1755e-36	1.1755e-36	1.1755e-36	1.1125e-21	0.00e+00	0.00e+00	2.8185e+01
3.45181e+20	7.8031e+03	3.637e-22	1.0000e+01	7.7744e+00	2.1508e-11	2.8789e-01	7.1211e-01	2.4575e-01	7.5425e-01	4.4594e-16	1.0047e-14	6.0281e-05	8.4283e-01	1.5711e-01	2.1471e-06	3.3300e-01	6.6209e-01	4.9060e-03	1.1755e-36	1.1755e-36	1.1755e-36	1.4944e-21	0.00e+00	0.00e+00	2.9117e+01
3.45231e+20	7.7459e+03	3.426e-22	1.0000e+01	7.4201e+00	2.8003e-11	3.2211e-01	6.7789e-01	2.6009e-01	7.3991e-01	4.3247e-16	1.2445e-14	5.8439e-05	8.5441e-01	1.4553e-01	1.7054e-06	3.7029e-01	6.2587e-01	3.8460e-03	1.1755e-36	1.1755e-36	1.1755e-36	1.9657e-21	0.00e+00	0.00e+00	3.0079e+01
3.45274e+20	7.6913e+03	3.217e-22	1.0000e+01	7.0670e+00	3.5548e-11	3.5610e-01	6.4390e-01	2.7324e-01	7.2676e-01	4.2147e-16	1.4999e-14	5.6406e-05	8.6430e-01	1.3565e-01	1.3821e-06	4.0672e-01	5.9023e-01	3.0542e-03	1.1755e-36	1.1755e-36	1.1755e-36	2.4842e-21	0.00e+00	0.00e+00	3.0970e+01
3.45310e+20	7.6310e+03	3.037e-22	1.0000e+01	6.7652e+00	4.3660e-11	3.8722e-01	6.1278e-01	2.8494e-01	7.1506e-01	4.1274e-16	1.7476e-14	5.4633e-05	8.7250e-01	1.2744e-01	1.1535e-06	4.3957e-01	5.5793e-01	2.4950e-03	1.1755e-36	1.1755e-36	1.1755e-36	2.9935e-21	0.00e+00	0.00e+00	3.1745e+01
3.45340e+20	7.5949e+03	2.866e-22	1.0000e+01	6.4725e+00	5.1275e-11	4.1348e-01	5.8652e-01	2.9425e-01	7.0574e-01	4.0813e-16	1.9673e-14	5.2695e-05	8.7879e-01	1.2115e-01	9.9466e-07	4.6692e-01	5.3098e-01	2.1005e-03	1.1755e-36	1.1755e-36	1.1755e-36	3.4461e-21	0.00e+00	0.00e+00	3.2488e+01
3.45367e+20	7.5329e+03	2.717e-22	1.0000e+01	6.2155e+00	5.9931e-11	4.3886e-01	5.6114e-01	3.0346e-01	6.9654e-01	4.0282e-16	2.1785e-14	5.1023e-05	8.8463e-01	1.1532e-01	8.6641e-07	4.9304e-01	5.0517e-01	1.7893e-03	1.1755e-36	1.1755e-36	1.1755e-36	3.8525e-21	0.00e+00	0.00e+00	3.3185e+01
3.45391e+20	7.4776e+03	2.577e-22	1.0000e+01	5.9761e+00	6.9228e-11	4.6295e-01	5.3705e-01	3.1233e-01	6.8767e-01	3.9849e-16	2.3944e-14	4.9463e-05	8.8997e-01	1.0998e-01	7.6112e-07	5.1757e-01	4.8090e-01	1.5363e-03	1.1755e-36	1.1755e-36	1.1755e-36	4.2798e-21	0.00e+00	0.00e+00	3.3896e+01
3.45416e+20	7.4235e+03	2.435e-22	1.0000e+01	5.7307e+00	7.9333e-11	4.8680e-01	5.1320e-01	3.2100e-01	6.7900e-01	3.9503e-16	2.6087e-14	4.7780e-05	8.9500e-01	1.0495e-01	6.7056e-07	5.4158e-01	4.5710e-01	1.3197e-03	1.1755e-36	1.1755e-36	1.1755e-36	4.6756e-21	0.00e+00	0.00e+00	3.4643e+01
3.45439e+20	7.3641e+03	2.298e-22	1.0000e+01	5.4884e+00	9.0634e-11	5.1023e-01	4.8977e-01	3.2948e-01	6.7052e-01	3.9200e-16	2.8228e-14	4.6085e-05	8.9971e-01	1.0024e-01	5.9331e-07	5.6492e-01	4.3394e-01	1.1362e-03	1.1755e-36	1.1755e-36	1.1755e-36	5.0457e-21	0.00e+00	0.00e+00	3.5374e+01
3.45461e+20	7.3068e+03	2.172e-22	1.0000e+01	5.2631e+00	1.0228e-10	5.3183e-01	4.6817e-01	3.3737e-01	6.6263e-01	3.8989e-16	3.0230e-14	4.4477e-05	9.0393e-01	9.6027e-02	5.3024e-07	5.8622e-01	4.1280e-01	9.8818e-04	1.1755e-36	1.1755e-36	1.1755e-36	5.3645e-21	0.00e+00	0.00e+00	3.6065e+01
3.45477e+20	7.2725e+03	2.078e-22	1.0000e+01	5.0869e+00	1.1128e-10	5.4771e-01	4.5229e-01	3.4283e-01	6.5717e-01	3.8893e-16	3.1743e-14	4.3156e-05	9.0681e-01	9.3143e-02	4.8911e-07	6.0173e-01	3.9738e-01	8.8960e-04	1.1755e-36	1.1755e-36	1.1755e-36	5.5929e-21	0.00e+00	0.00e+00	3.6493e+01
3.45488e+20	7.2372e+03	2.016e-22	1.0000e+01	4.9759e+00	1.1837e-10	5.5874e-01	4.4126e-01	3.4724e-01	6.5276e-01	3.8849e-16	3.2770e-14	4.2360e-05	9.0898e-01	9.0975e-02	4.6139e-07	6.1245e-01	3.8672e-01	8.2717e-04	1.1755e-36	1.1755e-36	1.1755e-36	5.7273e-21	0.00e+00	0.00e+00	3.6847e+01
3.45499e+20	7.1936e+03	1.957e-22	1.0000e+01	4.8721e+00	1.2673e-10	5.6955e-01	4.3045e-01	3.5196e-01	6.4804e-01	3.8733e-16	3.3890e-14	4.1640e-05	9.1119e-01	8.8768e-02	4.3501e-07	6.2292e-01	3.7631e-01	7.7027e-04	1.1755e-36	1.1755e-36	1.1755e-36	5.8964e-21	0.00e+00	0.00e+00	3.7259e+01
3.45512e+20	7.1558e+03	1.888e-22	1.0000e+01	4.7462e+00	1.3500e-10	5.8132e-01	4.1868e-01	3.5692e-01	6.4308e-01	3.8641e-16	3.4933e-14	4.0714e-05	9.1352e-01	8.6434e-02	4.0756e-07	6.3425e-01	3.6504e-01	7.1041e-04	1.1755e-36	1.1755e-36	1.1755e-36	5.9861e-21	0.00e+00	0.00e+00	3.7749e+01
3.45525e+20	7.1127e+03	1.813e-22	1.0000e+01	4.6075e+00	1.4527e-10	5.9431e-01	4.0569e-01	3.6245e-01	6.3755e-01	3.8546e-16	3.6203e-14	3.9678e-05	9.1605e-01	8.3915e-02	3.7933e-07	6.4667e-01	3.5268e-01	6.4917e-04	1.1755e-36	1.1755e-36	1.1755e-36	6.1199e-21	0.00e+00	0.00e+00	3.8281e+01
3.45539e+20	7.0615e+03	1.740e-22	1.0000e+01	4.4705e+00	1.5686e-10	6.0748e-01	3.9252e-01	3.6818e-01	6.3182e-01	3.8455e-16	3.7473e-14	3.8655e-05	9.1857e-01	8.1388e-02	3.5271e-07	6.5922e-01	3.4019e-01	5.9222e-04	1.1755e-36	1.1755e-36	1.1755e-36	6.2289e-21	0.00e+00	0.00e+00	3.8802e+01
3.45552e+20	7.0128e+03	1.673e-22	1.0000e+01	4.3463e+00	1.6850e-10	6.1992e-01	3.8008e-01	3.7388e-01	6.2612e-01	3.8362e-16	3.8695e-14	3.7750e-05	9.2097e-01	7.8988e-02	3.2897e-07	6.7100e-01	3.2846e-01	5.4239e-04	1.1755e-36	1.1755e-36	1.1755e-36	6.3268e-21	0.00e+00	0.00e+00	3.9299e+01
3.45565e+20	6.9754e+03	1.609e-22	1.0000e+01	4.2243e+00	1.7912e-10	6.3102e-01	3.6898e-01	3.7900e-01	6.2100e-01	3.8363e-16	3.9808e-14	3.6807e-05	9.2312e-01	7.6845e-02	3.0838e-07	6.8146e-01	3.1804e-01	4.9944e-04	1.1755e-36	1.1755e-36	1.1755e-36	6.3982e-21	0.00e+00	0.00e+00	3.9794e+01
3.45578e+20	6.9218e+03	1.546e-22	1.0000e+01	4.1024e+00	1.9242e-10	6.4268e-01	3.5732e-01	3.8476e-01	6.1524e-01	3.8310e-16	4.0976e-14	3.5888e-05	9.2540e-01	7.4565e-02	2.8796e-07	6.9237e-01	3.0717e-01	4.5832e-04	1.1755e-36	1.1755e-36	1.1755e-36	6.4556e-21	0.00e+00	0.00e+00	4.0338e+01
3.45591e+20	6.8684e+03	1.481e-22	1.0000e+01	3.9777e+00	2.0668e-10	6.5460e-01	3.4540e-01	3.9081e-01	6.0919e-01	3.8254e-16	4.2178e-14	3.4940e-05	9.2772e-01	7.2243e-02	2.6812e-07	7.0348e-01	2.9610e-01	4.1879e-04	1.1755e-36	1.1755e-36	1.1755e-36	6.4974e-21	0.00e+00	0.00e+00	4.0902e+01
3.45605e+20	6.8133e+03	1.418e-22	1.0000e+01	3.8556e+00	2.2191e-10	6.6625e-01	3.3375e-01	3.9696e-01	6.0304e-01	3.8206e-16	4.3365e-14	3.4006e-05	9.3000e-01	6.9971e-02	2.4970e-07	7.1429e-01	2.8533e-01	3.8270e-04	1.1755e-36	1.1755e-36	1.1755e-36	6.5217e-21	0.00e+00	0.00e+00	4.1466e+01
3.45618e+20	6.7545e+03	1.359e-22	1.0000e+01	3.7381e+00	2.3842e-10	6.7749e-01	3.2251e-01	4.0321e-01	5.9679e-01	3.8151e-16	4.4530e-14	3.3106e-05	9.3221e-01	6.7758e-02	2.3273e-07	7.2466e-01	2.7499e-01	3.5020e-04	1.1755e-36	1.1755e-36	1.1755e-36	6.5306e-21	0.00e+00	0.00e+00	4.2032e+01
3.45632e+20	6.6880e+03	1.302e-22	1.0000e+01	3.6237e+00	2.5702e-10	6.8854e-01	3.1146e-01	4.0973e-01	5.9027e-01	3.8065e-16	4.5674e-14	3.2228e-05	9.3441e-01	6.5560e-02	2.1681e-07	7.3482e-01	2.6486e-01	3.2048e-04	1.1755e-36	1.1755e-36	1.1755e-36	6.5177e-21	0.00e+00	0.00e+00	4.2610e+01
3.45645e+20	6.6227e+03	1.247e-22	1.0000e+01	3.5134e+00	2.7656e-10	6.9937e-01	3.0063e-01	4.1648e-01	5.8352e-01	3.7970e-16	4.6826e-14	3.1397e-05	9.3658e-01	6.3384e-02	2.0183e-07	7.4473e-01	2.5497e-01	2.9308e-04	1.1755e-36	1.1755e-36	1.1755e-36	6.4994e-21	0.00e+00	0.00e+00	4.3200e+01
3.45658e+20	6.5581e+03	1.192e-22	1.0000e+01	3.4028e+00	2.9704e-10	7.0973e-01	2.9027e-01	4.2316e-01	5.7684e-01	3.7913e-16	4.7948e-14	3.0536e-05	9.3868e-01	6.1286e-02	1.8799e-07	7.5417e-01	2.4556e-01	2.6816e-04	1.1755e-36	1.1755e-36	1.1755e-36	6.4601e-21	0.00e+00	0.00e+00	4.3802e+01
3.45672e+20	6.4920e+03	1.139e-22	1.0000e+01	3.2941e+00	3.1908e-10	7.1998e-01	2.8002e-01	4.3016e-01	5.6984e-01	3.7845e-16	4.9083e-14	2.9686e-05	9.4078e-01	5.9185e-02	1.7479e-07	7.6345e-01	2.3630e-01	2.4497e-04	1.1755e-36	1.1755e-36	1.1755e-36	6.4109e-21	0.00e+00	0.00e+00	4.4431e+01
3.45686e+20	6.4202e+03	1.087e-22	1.0000e+01	3.1847e+00	3.4413e-10	7.3019e-01	2.6981e-01	4.3744e-01	5.6256e-01	3.7764e-16	5.0270e-14	2.8816e-05	9.4288e-01	5.7090e-02	1.6227e-07	7.7264e-01	2.2714e-01	2.2339e-04	1.1755e-36	1.1755e-36	1.1755e-36	6.3588e-21	0.00e+00	0.00e+00	4.5082e+01
3.45700e+20	6.3517e+03	1.036e-22	1.0000e+01	3.0771e+00	3.6933e-10	7.3995e-01	2.6005e-01	4.4476e-01	5.5524e-01	3.7718e-16	5.1403e-14	2.7959e-05	9.4492e-01	5.5051e-02	1.5058e-07	7.8142e-01	2.1837e-01	2.0361e-04	1.1755e-36	1.1755e-36	1.1755e-36	6.2779e-21	0.00e+00	0.00e+00	4.5742e+01
3.45714e+20	6.2720e+03	9.874e-23	1.0000e+01	2.9755e+00	3.9952e-10	7.4995e-01	2.5005e-01	4.5288e-01	5.4712e-01	3.7556e-16	5.2645e-14	2.7162e-05	9.4702e-01	5.2951e-02	1.3931e-07	7.9037e-01	2.0945e-01	1.8512e-04	1.1755e-36	1.1755e-36	1.1755e-36	6.2208e-21	0.00e+00	0.00e+00	4.6426e+01
3.45729e+20	6.1886e+03	9.405e-23	1.0000e+01	2.8731e+00	4.3198e-10	7.5938e-01	2.4062e-01	4.6081e-01	5.3919e-01	3.7432e-16	5.3802e-14	2.6350e-05	9.4901e-01	5.0968e-02	1.2908e-07	7.9877e-01	2.0106e-01	1.6860e-04	1.1755e-36	1.1755e-36	1.1755e-36	6.1237e-21	0.00e+00	0.00e+00	4.7101e+01
3.45743e+20	6.0992e+03	8.962e-23	1.0000e+01	2.7753e+00	4.6774e-10	7.6848e-01	2.3152e-01	4.6903e-01	5.3097e-01	3.7265e-16	5.4929e-14	2.5579e-05	9.5094e-01	4.9030e-02	1.1755e-36	8.0685e-01	1.9300e-01	1.5370e-04	1.1755e-36	1.1755e-36	1.1755e-36	6.0149e-21	0.00e+00	0.00e+00	4.7789e+01
3.45757e+20	6.0100e+03	8.533e-23	1.0000e+01	2.6799e+00	5.0587e-10	7.7729e-01	2.2271e-01	4.7748e-01	5.2252e-01	3.7088e-16	5.6101e-14	2.4819e-05	9.5285e-01	4.7124e-02	1.1755e-36	8.1466e-01	1.8520e-01	1.3998e-04	1.1755e-36	1.1755e-36	1.1755e-36	5.9142e-21	0.00e+00	0.00e+00	4.8497e+01
3.45772e+20	5.9155e+03	8.116e-23	1.0000e+01	2.5860e+00	5.4805e-10	7.8601e-01	2.1399e-01	4.8633e-01	5.1367e-01	3.6877e-16	5.7305e-14	2.4069e-05	9.5474e-01	4.5235e-02	1.1755e-36	8.2235e-01	1.7752e-01	1.2727e-04	1.1755e-36	1.1755e-36	1.1755e-36	5.8098e-21	0.00e+00	0.00e+00	4.9228e+01
3.45786e+20	5.8236e+03	7.709e-23	1.0000e+01	2.4920e+00	5.9091e-10	7.9426e-01	2.0574e-01	4.9506e-01	5.0494e-01	3.6716e-16	5.8495e-14	2.3303e-05	9.5655e-01	4.3428e-02	1.1755e-36	8.2960e-01	1.7028e-01	1.1573e-04	1.1755e-36	1.1755e-36	1.1755e-36	5.6895e-21	0.00e+00	0.00e+00	4.9969e+01
3.45801e+20	5.7156e+03	7.319e-23	1.0000e+01	2.4005e+00	6.4242e-10	8.0264e-01	1.9736e-01	5.0456e-01	4.9544e-01	3.6442e-16	5.9746e-14	2.2571e-05	9.5837e-01	4.1603e-02	1.1755e-36	8.3695e-01	1.6294e-01	1.0498e-04	1.1755e-36	1.1755e-36	1.1755e-36	5.5737e-21	0.00e+00	0.00e+00	5.0740e+01
3.45816e+20	5.6086e+03	6.944e-23	1.0000e+01	2.3114e+00	6.9547e-10	8.1072e-01	1.8928e-01	5.1413e-01	4.8587e-01	3.6168e-16	6.1027e-14	2.1851e-05	9.6013e-01	3.9849e-02	1.1755e-36	8.4401e-01	1.5589e-01	9.5194e-05	1.1755e-36	1.1755e-36	1.1755e-36	5.4602e-21	0.00e+00	0.00e+00	5.1507e+01
3.45831e+20	5.4985e+03	6.591e-23	1.0000e+01	2.2262e+00	7.5114e-10	8.1840e-01	1.8160e-01	5.2377e-01	4.7623e-01	3.5869e-16	6.2307e-14	2.1160e-05	9.6180e-01	3.8176e-02	1.1755e-36	8.5069e-01	1.4922e-01	8.6461e-05	1.1755e-36	1.1755e-36	1.1755e-36	5.3486e-21	0.00e+00	0.00e+00	5.2274e+01
3.45846e+20	5.3924e+03	6.255e-23	1.0000e+01	2.1455e+00	8.0667e-10	8.2578e-01	1.7422e-01	5.3359e-01	4.6641e-01	3.5545e-16	6.3653e-14	2.0502e-05	9.6342e-01	3.6556e-02	1.1755e-36	8.5708e-01	1.4284e-01	7.8518e-05	1.1755e-36	1.1755e-36	1.1755e-36	5.2580e-21	0.00e+00	0.00e+00	5.3055e+01
3.45861e+20	5.2705e+03	5.932e-23	1.0000e+01	2.0645e+00	8.6788e-10	8.3306e-01	1.6694e-01	5.4381e-01	4.5619e-01	3.5158e-16	6.4966e-14	1.9849e-05	9.6500e-01	3.4978e-02	1.1755e-36	8.6339e-01	1.3654e-01	7.1228e-05	1.1755e-36	1.1755e-36	1.1755e-36	5.1393e-21	0.00e+00	0.00e+00	5.3855e+01
3.45876e+20	5.1511e+03	5.621e-23	1.0000e+01	1.9855e+00	9.2746e-10	8.4005e-01	1.5995e-01	5.5401e-01	4.4599e-01	3.4784e-16	6.6352e-14	1.9204e-05	9.6651e-01	3.3470e-02	1.1755e-36	8.6942e-01	1.3052e-01	6.4601e-05	1.1755e-36	1.1755e-36	1.1755e-36	5.0319e-21	0.00e+00	0.00e+00	5.4660e+01
3.45892e+20	5.0211e+03	5.327e-23	1.0000e+01	1.9086e+00	9.8777e-10	8.4688e-01	1.5312e-01	5.6452e-01	4.3548e-01	3.4338e-16	6.7706e-14	1.8584e-05	9.6796e-01	3.2017e-02	1.1755e-36	8.7531e-01	1.2463e-01	5.8575e-05	1.1755e-36	1.1755e-36	1.1755e-36	4.9061e-21	0.00e+00	0.00e+00	5.5473e+01
3.45907e+20	4.8878e+03	5.048e-23	1.0000e+01	1.8337e+00	1.0414e-09	8.5346e-01	1.4654e-01	5.7508e-01	4.2492e-01	3.3872e-16	6.8887e-14	1.7983e-05	9.6951e-01	3.0470e-02	1.1755e-36	8.8097e-01	1.1898e-01	5.3131e-05	1.1755e-36	1.1755e-36	1.1755e-36	4.7010e-21	0.00e+00	0.00e+00	5.6286e+01
3.45922e+20	4.7522e+03	4.786e-23	1.0000e+01	1.7621e+00	1.0878e-09	8.5974e-01	1.4026e-01	5.8562e-01	4.1438e-01	3.3377e-16	6.9984e-14	1.7412e-05	9.7102e-01	2.8966e-02	1.1755e-36	8.8635e-01	1.1360e-01	4.8261e-05	1.1755e-36	1.1755e-36	1.1755e-36	4.4683e-21	0.00e+00	0.00e+00	5.7088e+01
3.45936e+20	4.6151e+03	4.541e-23	1.0000e+01	1.6937e+00	1.1258e-09	8.6569e-01	1.3431e-01	5.9608e-01	4.0392e-01	3.2858e-16	7.1029e-14	1.6871e-05	9.7244e-01	2.7538e-02	1.1755e-36	8.9145e-01	1.0851e-01	4.3913e-05	1.1755e-36	1.1755e-36	1.1755e-36	4.2252e-21	0.00e+00	0.00e+00	5.7884e+01
3.45951e+20	4.4763e+03	4.311e-23	1.0000e+01	1.6280e+00	1.1545e-09	8.7138e-01	1.2862e-01	6.0652e-01	3.9348e-01	3.2307e-16	7.2033e-14	1.6355e-05	9.7381e-01	2.6177e-02	1.1755e-36	8.9631e-01	1.0365e-01	4.0000e-05	1.1755e-36	1.1755e-36	1.1755e-36	3.9730e-21	0.00e+00	0.00e+00	5.8676e+01
3.45965e+20	4.3376e+03	4.097e-23	1.0000e+01	1.5653e+00	1.1730e-09	8.7678e-01	1.2322e-01	6.1677e-01	3.8323e-01	3.1749e-16	7.3004e-14	1.5869e-05	9.7509e-01	2.4897e-02	1.1755e-36	9.0092e-01	9.9047e-02	3.6505e-05	1.1755e-36	1.1755e-36	1.1755e-36	3.7193e-21	0.00e+00	0.00e+00	5.9448e+01
3.45979e+20	4.2030e+03	3.902e-23	1.0000e+01	1.5072e+00	1.1812e-09	8.8175e-01	1.1825e-01	6.2657e-01	3.7343e-01	3.1191e-16	7.3908e-14	1.5426e-05	9.7626e-01	2.3723e-02	1.1755e-36	9.0515e-01	9.4814e-02	3.3461e-05	1.1755e-36	1.1755e-36	1.1755e-36	3.4727e-21	0.00e+00	0.00e+00	6.0176e+01
3.45991e+20	4.0741e+03	3.728e-23	1.0000e+01	1.4542e+00	1.1811e-09	8.8626e-01	1.1374e-01	6.3586e-01	3.6414e-01	3.0635e-16	7.4743e-14	1.5029e-05	9.7733e-01	2.2658e-02	1.1755e-36	9.0899e-01	9.0981e-02	3.0839e-05	1.1755e-36	1.1755e-36	1.1755e-36	3.2408e-21	0.00e+00	0.00e+00	6.0861e+01
3.46003e+20	3.9500e+03	3.571e-23	1.0000e+01	1.4055e+00	1.1744e-09	8.9038e-01	1.0962e-01	6.4470e-01	3.5530e-01	3.0081e-16	7.5526e-14	1.4674e-05	9.7830e-01	2.1685e-02	1.1755e-36	9.1249e-01	8.7480e-02	2.8555e-05	1.1755e-36	1.1755e-36	1.1755e-36	3.0242e-21	0.00e+00	0.00e+00	6.1514e+01
###########################
6.75963e+14	6.2517e+03	4.222e-22	1.0000e+01	1.1033e+01	2.3743e-17	1.4960e-04	9.9985e-01	4.1664e-04	8.1716e-01	1.8242e-01	8.3246e-25	3.2894e-07	8.5798e-03	9.1585e-01	7.5354e-02	9.1997e-07	1.5347e-02	8.6974e-01	1.1490e-01	8.4252e-06	1.1755e-36	1.2758e-32	0.00e+00	0.00e+00	1.2767e-05
4.05578e+15	6.2504e+03	4.219e-22	1.0000e+01	1.1027e+01	2.3959e-17	1.4958e-04	9.9985e-01	4.1647e-04	8.1721e-01	1.8237e-01	8.3767e-25	3.2477e-07	8.5878e-03	9.1570e-01	7.5494e-02	9.1913e-07	1.5331e-02	8.7008e-01	1.1458e-01	8.3917e-06	1.1755e-36	1.2917e-32	0.00e+00	0.00e+00	6.3828e-05
1.75750e+16	6.2523e+03	4.213e-22	1.0000e+01	1.1026e+01	2.4457e-17	1.4960e-04	9.9985e-01	4.1669e-04	8.1804e-01	1.8154e-01	8.5476e-25	3.2793e-07	8.6040e-03	9.1577e-01	7.5410e-02	9.1913e-07	1.5322e-02	8.7153e-01	1.1314e-01	8.2355e-06	1.1755e-36	1.3421e-32	0.00e+00	0.00e+00	2.6810e-04
7.16520e+16	6.2701e+03	4.190e-22	1.0000e+01	1.1023e+01	2.4204e-17	1.4927e-04	9.9985e-01	4.1794e-04	8.2249e-01	1.7709e-01	8.5553e-25	3.3080e-07	8.5981e-03	9.1608e-01	7.5113e-02	9.1788e-07	1.5322e-02	8.7711e-01	1.0756e-01	7.6481e-06	1.1755e-36	1.3523e-32	0.00e+00	0.00e+00	1.0834e-03
1.71154e+17	6.2614e+03	4.166e-22	1.0000e+01	1.1020e+01	2.3324e-17	1.4908e-04	9.9985e-01	4.1893e-04	8.2507e-01	1.7451e-01	8.1680e-25	3.3261e-07	8.5959e-03	9.1641e-01	7.4806e-02	9.1554e-07	1.5295e-02	8.8505e-01	9.9648e-02	6.7998e-06	1.1755e-36	1.2321e-32	0.00e+00	0.00e+00	2.1419e-03
3.00506e+17	6.2734e+03	4.129e-22	1.0000e+01	1.1014e+01	2.3187e-17	1.4848e-04	9.9985e-01	4.2145e-04	8.3259e-01	1.6699e-01	8.1567e-25	3.3351e-07	8.5773e-03	9.1710e-01	7.4146e-02	9.1156e-07	1.5270e-02	8.9475e-01	8.9974e-02	5.8326e-06	1.1755e-36	1.2439e-32	0.00e+00	0.00e+00	3.5125e-03
4.68664e+17	6.2883e+03	4.087e-22	1.0000e+01	1.1005e+01	2.2895e-17	1.4774e-04	9.9985e-01	4.2644e-04	8.4557e-01	1.5400e-01	8.1152e-25	3.3475e-07	8.5572e-03	9.1825e-01	7.3035e-02	9.0837e-07	1.5270e-02	9.0636e-01	7.8362e-02	4.7493e-06	1.1755e-36	1.2468e-32	0.00e+00	0.00e+00	5.2853e-03
6.87269e+17	6.3087e+03	4.037e-22	1.0000e+01	1.0988e+01	2.2420e-17	1.4677e-04	9.9985e-01	4.3387e-04	8.6453e-01	1.3504e-01	8.0471e-25	3.3628e-07	8.5314e-03	9.1983e-01	7.1512e-02	9.0646e-07	1.5307e-02	9.1974e-01	6.4948e-02	3.6031e-06	1.1755e-36	1.2428e-32	0.00e+00	0.00e+00	7.5748e-03
9.71456e+17	6.3338e+03	3.981e-22	1.0000e+01	1.0973e+01	2.1801e-17	1.4571e-04	9.9985e-01	4.4417e-04	8.8942e-01	1.1013e-01	7.9869e-25	3.3556e-07	8.5092e-03	9.2179e-01	6.9595e-02	9.0827e-07	1.5409e-02	9.3437e-01	5.0214e-02	2.4747e-06	1.1755e-36	1.2368e-32	0.00e+00	0.00e+00	1.0530e-02
1.34090e+18	6.3481e+03	3.925e-22	1.0000e+01	1.0951e+01	2.1104e-17	1.4469e-04	9.9986e-01	4.5677e-04	9.1852e-01	8.1027e-02	7.8724e-25	3.3768e-07	8.4961e-03	9.2405e-01	6.7371e-02	9.1548e-07	1.5597e-02	9.4909e-01	3.5314e-02	1.4839e-06	1.1755e-36	1.2019e-32	0.00e+00	0.00e+00	1.4344e-02
1.82117e+18	6.3604e+03	3.864e-22	1.0000e+01	1.0920e+01	2.0640e-17	1.4354e-04	9.9986e-01	4.6917e-04	9.4768e-01	5.1852e-02	7.8471e-25	3.3989e-07	8.4803e-03	9.2622e-01	6.5242e-02	9.2550e-07	1.5840e-02	9.6227e-01	2.1888e-02	7.4295e-07	1.1755e-36	1.1927e-32	0.00e+00	0.00e+00	1.9264e-02
2.44553e+18	6.3581e+03	3.813e-22	1.0000e+01	1.0897e+01	2.0039e-17	1.4267e-04	9.9986e-01	4.8025e-04	9.7189e-01	2.7635e-02	7.7340e-25	3.4097e-07	8.4842e-03	9.2812e-01	6.3365e-02	9.4094e-07	1.6140e-02	9.7233e-01	1.1525e-02	2.9363e-07	1.1755e-36	1.1416e-32	0.00e+00	0.00e+00	2.5620e-02
3.25720e+18	6.3415e+03	3.772e-22	1.0000e+01	1.0881e+01	2.0042e-17	1.4203e-04	9.9986e-01	4.8817e-04	9.8769e-01	1.1824e-02	7.7800e-25	3.4212e-07	8.5023e-03	9.2959e-01	6.1887e-02	9.5686e-07	1.6418e-02	9.7859e-01	4.9888e-03	1.1755e-36	1.1755e-36	1.1337e-32	0.00e+00	0.00e+00	3.3846e-02
4.31236e+18	6.3139e+03	3.742e-22	1.0000e+01	1.0874e+01	1.9956e-17	1.4158e-04	9.9986e-01	4.9315e-04	9.9555e-01	3.9567e-03	7.7228e-25	3.4364e-07	8.5343e-03	9.3074e-01	6.0713e-02	9.7149e-07	1.6642e-02	9.8163e-01	1.7318e-03	1.1755e-36	1.1755e-36	1.0917e-32	0.00e+00	0.00e+00	4.4506e-02
5.68408e+18	6.2783e+03	3.717e-22	1.0000e+01	1.0871e+01	2.0065e-17	1.4121e-04	9.9986e-01	4.9631e-04	9.9848e-01	1.0245e-03	7.6794e-25	3.4531e-07	8.5759e-03	9.3177e-01	5.9648e-02	9.8414e-07	1.6808e-02	9.8271e-01	4.7705e-04	1.1755e-36	1.1755e-36	1.0548e-32	0.00e+00	0.00e+00	5.8329e-02
7.46731e+18	6.2362e+03	3.692e-22	1.0000e+01	1.0871e+01	2.0138e-17	1.4089e-04	9.9986e-01	4.9898e-04	9.9929e-01	2.0837e-04	7.5860e-25	3.4733e-07	8.6283e-03	9.3288e-01	5.8492e-02	9.9705e-07	1.6953e-02	9.8294e-01	1.0560e-04	1.1755e-36	1.1755e-36	1.0028e-32	0.00e+00	0.00e+00	7.6257e-02
9.78551e+18	6.1944e+03	3.663e-22	1.0000e+01	1.0871e+01	1.9976e-17	1.4054e-04	9.9986e-01	5.0166e-04	9.9946e-01	3.5161e-05	7.4131e-25	3.4963e-07	8.6887e-03	9.3415e-01	5.7161e-02	1.0115e-06	1.7101e-02	9.8288e-01	1.9573e-05	1.1755e-36	1.1755e-36	9.3049e-33	0.00e+00	0.00e+00	9.9505e-02
1.27992e+19	6.1319e+03	3.636e-22	1.0000e+01	1.0871e+01	2.0325e-17	1.4054e-04	9.9986e-01	5.0594e-04	9.9949e-01	5.2328e-06	7.3604e-25	3.5353e-07	8.7823e-03	9.3579e-01	5.5425e-02	1.0340e-06	1.7318e-02	9.8268e-01	3.1822e-06	1.1755e-36	1.1755e-36	8.7828e-33	0.00e+00	0.00e+00	1.2973e-01
1.67169e+19	6.0690e+03	3.602e-22	1.0000e+01	1.0871e+01	1.9956e-17	1.4068e-04	9.9986e-01	5.1112e-04	9.9949e-01	7.0172e-07	7.0697e-25	3.5846e-07	8.8965e-03	9.3775e-01	5.3358e-02	1.0625e-06	1.7583e-02	9.8242e-01	4.6469e-07	1.1755e-36	1.1755e-36	7.6706e-33	0.00e+00	0.00e+00	1.6906e-01
2.18100e+19	5.9996e+03	3.564e-22	1.0000e+01	1.0871e+01	1.9582e-17	1.4121e-04	9.9986e-01	5.1799e-04	9.9948e-01	8.3574e-08	6.7881e-25	3.6535e-07	9.0462e-03	9.4011e-01	5.0847e-02	1.1012e-06	1.7924e-02	9.8207e-01	1.1755e-36	1.1755e-36	1.1755e-36	6.5941e-33	0.00e+00	0.00e+00	2.2038e-01
2.59231e+19	5.9050e+03	3.519e-22	1.0000e+01	1.0871e+01	1.9043e-17	1.4015e-04	9.9986e-01	5.2125e-04	9.9948e-01	1.7705e-08	6.2511e-25	3.6655e-07	9.1311e-03	9.4195e-01	4.8923e-02	1.1244e-06	1.8175e-02	9.8182e-01	1.1755e-36	1.1755e-36	1.1755e-36	5.3720e-33	0.00e+00	0.00e+00	2.4222e-01
2.85155e+19	5.8765e+03	3.503e-22	1.0000e+01	1.0871e+01	1.8696e-17	1.4053e-04	9.9986e-01	5.2454e-04	9.9948e-01	7.6664e-09	6.0850e-25	3.7008e-07	9.2035e-03	9.4301e-01	4.7790e-02	1.1439e-06	1.8341e-02	9.8166e-01	1.1755e-36	1.1755e-36	1.1755e-36	4.9222e-33	0.00e+00	0.00e+00	2.6631e-01
3.13670e+19	5.8480e+03	3.488e-22	1.0000e+01	1.0871e+01	1.9020e-17	1.4104e-04	9.9986e-01	5.2825e-04	9.9947e-01	3.2569e-09	6.1384e-25	3.7412e-07	9.2842e-03	9.4413e-01	4.6584e-02	1.1660e-06	1.8524e-02	9.8147e-01	1.1755e-36	1.1755e-36	1.1755e-36	4.8526e-33	0.00e+00	0.00e+00	2.9291e-01
3.45037e+19	5.8198e+03	3.472e-22	1.0000e+01	1.0871e+01	1.8555e-17	1.4168e-04	9.9986e-01	5.3240e-04	9.9947e-01	1.3566e-09	5.9457e-25	3.7861e-07	9.3731e-03	9.4532e-01	4.5305e-02	1.1907e-06	1.8722e-02	9.8128e-01	1.1755e-36	1.1755e-36	1.1755e-36	4.3708e-33	0.00e+00	0.00e+00	3.2230e-01
3.79541e+19	5.7926e+03	3.456e-22	1.0000e+01	1.0871e+01	1.8558e-17	1.4247e-04	9.9986e-01	5.3698e-04	9.9946e-01	5.5380e-10	5.9110e-25	3.8392e-07	9.4718e-03	9.4657e-01	4.3960e-02	1.2181e-06	1.8935e-02	9.8106e-01	1.1755e-36	1.1755e-36	1.1755e-36	4.1500e-33	0.00e+00	0.00e+00	3.5481e-01
4.17495e+19	5.7660e+03	3.440e-22	1.0000e+01	1.0871e+01	1.8614e-17	1.4345e-04	9.9986e-01	5.4216e-04	9.9946e-01	2.2140e-10	5.9014e-25	3.8997e-07	9.5814e-03	9.4789e-01	4.2531e-02	1.2493e-06	1.9173e-02	9.8083e-01	1.1755e-36	1.1755e-36	1.1755e-36	3.9601e-33	0.00e+00	0.00e+00	3.9081e-01
4.59244e+19	5.7412e+03	3.424e-22	1.0000e+01	1.0871e+01	1.8352e-17	1.4463e-04	9.9986e-01	5.4793e-04	9.9945e-01	8.6669e-11	5.8048e-25	3.9690e-07	9.7028e-03	9.4927e-01	4.1027e-02	1.2844e-06	1.9432e-02	9.8057e-01	1.1755e-36	1.1755e-36	1.1755e-36	3.6431e-33	0.00e+00	0.00e+00	4.3074e-01
5.05169e+19	5.7183e+03	3.408e-22	1.0000e+01	1.0870e+01	1.8355e-17	1.4607e-04	9.9985e-01	5.5444e-04	9.9945e-01	3.3229e-11	5.8078e-25	4.0490e-07	9.8389e-03	9.5071e-01	3.9447e-02	1.3243e-06	1.9719e-02	9.8028e-01	1.1755e-36	1.1755e-36	1.1755e-36	3.4611e-33	0.00e+00	0.00e+00	4.7511e-01
5.55686e+19	5.6983e+03	3.392e-22	1.0000e+01	1.0870e+01	1.8088e-17	1.4781e-04	9.9985e-01	5.6177e-04	9.9944e-01	1.2501e-11	5.7472e-25	4.1415e-07	9.9910e-03	9.5222e-01	3.7793e-02	1.3697e-06	2.0032e-02	9.7997e-01	1.1755e-36	1.1755e-36	1.1755e-36	3.1909e-33	0.00e+00	0.00e+00	5.2449e-01
6.11254e+19	5.6818e+03	3.378e-22	1.0000e+01	1.0870e+01	1.8156e-17	1.4991e-04	9.9985e-01	5.7007e-04	9.9943e-01	4.6394e-12	5.8130e-25	4.2487e-07	1.0161e-02	9.5377e-01	3.6067e-02	1.4215e-06	2.0378e-02	9.7962e-01	1.1755e-36	1.1755e-36	1.1755e-36	3.0685e-33	0.00e+00	0.00e+00	5.7957e-01
6.72379e+19	5.6699e+03	3.363e-22	1.0000e+01	1.0870e+01	1.7843e-17	1.5243e-04	9.9985e-01	5.7950e-04	9.9942e-01	1.7226e-12	5.7883e-25	4.3733e-07	1.0353e-02	9.5537e-01	3.4272e-02	1.4812e-06	2.0759e-02	9.7924e-01	1.1755e-36	1.1755e-36	1.1755e-36	2.8281e-33	0.00e+00	0.00e+00	6.4119e-01
7.39617e+19	5.6605e+03	3.351e-22	1.0000e+01	1.0870e+01	1.7988e-17	1.5555e-04	9.9984e-01	5.9057e-04	9.9941e-01	6.6071e-13	5.9393e-25	4.5220e-07	1.0575e-02	9.5703e-01	3.2393e-02	1.5521e-06	2.1198e-02	9.7880e-01	1.1755e-36	1.1755e-36	1.1755e-36	2.7571e-33	0.00e+00	0.00e+00	7.1036e-01
8.13579e+19	5.6600e+03	3.340e-22	1.0000e+01	1.0870e+01	1.7993e-17	1.5924e-04	9.9984e-01	6.0308e-04	9.9940e-01	2.7854e-13	6.0987e-25	4.6952e-07	1.0823e-02	9.5870e-01	3.0472e-02	1.6335e-06	2.1672e-02	9.7833e-01	1.1755e-36	1.1755e-36	1.1755e-36	2.6700e-33	0.00e+00	0.00e+00	7.8825e-01
8.94937e+19	5.6676e+03	3.330e-22	1.0000e+01	1.0870e+01	1.7900e-17	1.6372e-04	9.9984e-01	6.1758e-04	9.9938e-01	1.3939e-13	6.2856e-25	4.8996e-07	1.1106e-02	9.6039e-01	2.8499e-02	1.7295e-06	2.2202e-02	9.7780e-01	1.1755e-36	1.1755e-36	1.1755e-36	2.5765e-33	0.00e+00	0.00e+00	8.7633e-01
9.84431e+19	5.6850e+03	3.322e-22	1.0000e+01	1.0870e+01	1.8825e-17	1.6917e-04	9.9983e-01	6.3451e-04	9.9937e-01	8.5489e-14	6.9012e-25	5.1417e-07	1.1433e-02	9.6208e-01	2.6483e-02	1.8440e-06	2.2797e-02	9.7720e-01	1.1755e-36	1.1755e-36	1.1755e-36	2.8310e-33	0.00e+00	0.00e+00	9.7645e-01
1.08287e+20	5.7132e+03	3.317e-22	1.0000e+01	1.0870e+01	1.9605e-17	1.7588e-04	9.9982e-01	6.5458e-04	9.9935e-01	6.1279e-14	7.6099e-25	5.4375e-07	1.1817e-02	9.6375e-01	2.4430e-02	1.9840e-06	2.3479e-02	9.7652e-01	1.1755e-36	1.1755e-36	1.1755e-36	3.0843e-33	0.00e+00	0.00e+00	1.0909e+00
1.19116e+20	5.7560e+03	3.316e-22	1.0000e+01	1.0870e+01	2.0044e-17	1.8416e-04	9.9982e-01	6.7859e-04	9.9932e-01	4.7693e-14	8.3894e-25	5.7997e-07	1.2269e-02	9.6537e-01	2.2357e-02	2.1568e-06	2.4265e-02	9.7573e-01	1.1755e-36	1.1755e-36	1.1755e-36	3.2881e-33	0.00e+00	0.00e+00	1.2228e+00
1.31028e+20	5.8206e+03	3.317e-22	1.0000e+01	1.0870e+01	2.1474e-17	1.9441e-04	9.9981e-01	7.0736e-04	9.9929e-01	3.8323e-14	9.8883e-25	6.2404e-07	1.2803e-02	9.6691e-01	2.0287e-02	2.3718e-06	2.5155e-02	9.7484e-01	1.1755e-36	1.1755e-36	1.1755e-36	3.9939e-33	0.00e+00	0.00e+00	1.3760e+00
1.44131e+20	5.8972e+03	3.327e-22	1.0000e+01	1.0869e+01	2.3186e-17	2.0766e-04	9.9979e-01	7.4350e-04	9.9926e-01	3.0962e-14	1.1993e-24	6.8039e-07	1.3467e-02	9.6833e-01	1.8201e-02	2.6557e-06	2.6238e-02	9.7376e-01	1.1755e-36	1.1755e-36	1.1755e-36	4.9758e-33	0.00e+00	0.00e+00	1.5559e+00
1.58544e+20	5.9911e+03	3.347e-22	1.0000e+01	1.0869e+01	2.6285e-17	2.2503e-04	9.9977e-01	7.8960e-04	9.9921e-01	2.4872e-14	1.5672e-24	7.5357e-07	1.4305e-02	9.6957e-01	1.6119e-02	3.0416e-06	2.7572e-02	9.7243e-01	1.1755e-36	1.1755e-36	1.1755e-36	6.9979e-33	0.00e+00	0.00e+00	1.7704e+00
1.74398e+20	6.1168e+03	3.375e-22	1.0000e+01	1.0869e+01	3.0119e-17	2.4803e-04	9.9975e-01	8.4895e-04	9.9915e-01	1.9775e-14	2.1610e-24	8.4969e-07	1.5372e-02	9.7055e-01	1.4081e-02	3.5810e-06	2.9219e-02	9.7078e-01	1.1755e-36	1.1755e-36	1.1755e-36	1.0482e-32	0.00e+00	0.00e+00	2.0304e+00
1.91838e+20	6.2736e+03	3.418e-22	1.0000e+01	1.0869e+01	3.5703e-17	2.7972e-04	9.9972e-01	9.2852e-04	9.9907e-01	1.5497e-14	3.2424e-24	9.8122e-07	1.6789e-02	9.7112e-01	1.2088e-02	4.3844e-06	3.1351e-02	9.6864e-01	1.1755e-36	1.1755e-36	1.1755e-36	1.7456e-32	0.00e+00	0.00e+00	2.3530e+00
2.11021e+20	6.4670e+03	3.480e-22	1.0000e+01	1.0868e+01	4.4316e-17	3.2536e-04	9.9967e-01	1.0403e-03	9.9896e-01	1.1926e-14	5.4486e-24	1.1681e-06	1.8756e-02	9.7109e-01	1.0152e-02	5.6737e-06	3.4233e-02	9.6576e-01	1.1755e-36	1.1755e-36	1.1755e-36	3.3251e-32	0.00e+00	0.00e+00	2.7658e+00
2.29712e+20	6.6876e+03	3.562e-22	1.0000e+01	1.0867e+01	5.6358e-17	3.8626e-04	9.9961e-01	1.1830e-03	9.9882e-01	9.0473e-15	9.8005e-24	1.4101e-06	2.1234e-02	9.7022e-01	8.5412e-03	7.6288e-06	3.7785e-02	9.6221e-01	1.1755e-36	1.1755e-36	1.1755e-36	6.8292e-32	0.00e+00	0.00e+00	3.1872e+00
2.45239e+20	6.8939e+03	3.649e-22	1.0000e+01	1.0866e+01	7.2267e-17	4.5714e-04	9.9954e-01	1.3447e-03	9.9866e-01	7.3519e-15	1.7721e-23	1.6852e-06	2.4005e-02	9.6866e-01	7.3384e-03	1.0280e-05	4.1703e-02	9.5829e-01	1.1755e-36	1.1755e-36	1.1755e-36	1.4010e-31	0.00e+00	0.00e+00	3.5846e+00
2.57984e+20	7.0750e+03	3.732e-22	1.0000e+01	1.0865e+01	9.2241e-17	5.3659e-04	9.9946e-01	1.5239e-03	9.9848e-01	6.2223e-15	3.1470e-23	1.9887e-06	2.7037e-02	9.6655e-01	6.4070e-03	1.3767e-05	4.5945e-02	9.5404e-01	1.1755e-36	1.1755e-36	1.1755e-36	2.7657e-31	0.00e+00	0.00e+00	3.9816e+00
2.69248e+20	7.2423e+03	3.815e-22	1.0000e+01	1.0864e+01	1.1934e-16	6.3076e-04	9.9937e-01	1.7346e-03	9.9827e-01	5.3418e-15	5.6979e-23	2.3433e-06	3.0560e-02	9.6382e-01	5.6154e-03	1.8646e-05	5.0862e-02	9.4912e-01	1.1755e-36	1.1755e-36	1.1755e-36	5.5261e-31	0.00e+00	0.00e+00	4.4120e+00
2.78686e+20	7.3942e+03	3.896e-22	1.0000e+01	1.0863e+01	1.5318e-16	7.3681e-04	9.9926e-01	1.9661e-03	9.9803e-01	4.5991e-15	1.0107e-22	2.7313e-06	3.4392e-02	9.6061e-01	4.9926e-03	2.5112e-05	5.6261e-02	9.4371e-01	1.1755e-36	1.1755e-36	1.1755e-36	1.0678e-30	0.00e+00	0.00e+00	4.7872e+00
2.85810e+20	7.5136e+03	3.962e-22	1.0000e+01	1.0861e+01	1.9128e-16	8.4165e-04	9.9916e-01	2.1946e-03	9.9781e-01	4.1608e-15	1.6669e-22	3.1081e-06	3.8110e-02	9.5736e-01	4.5271e-03	3.2577e-05	6.1533e-02	9.3843e-01	1.1755e-36	1.1755e-36	1.1755e-36	1.8885e-30	0.00e+00	0.00e+00	5.1155e+00
2.91630e+20	7.6122e+03	4.019e-22	1.0000e+01	1.0860e+01	2.3490e-16	9.4906e-04	9.9905e-01	2.4290e-03	9.9757e-01	3.8389e-15	2.6359e-22	3.4899e-06	4.1876e-02	9.5398e-01	4.1419e-03	4.1379e-05	6.6908e-02	9.3305e-01	1.1755e-36	1.1755e-36	1.1755e-36	3.1652e-30	0.00e+00	0.00e+00	5.4426e+00
2.96343e+20	7.6964e+03	4.068e-22	1.0000e+01	1.0859e+01	2.8150e-16	1.0558e-03	9.9894e-01	2.6587e-03	9.9734e-01	3.5415e-15	3.9551e-22	3.8617e-06	4.5527e-02	9.5063e-01	3.8383e-03	5.1299e-05	7.2221e-02	9.2773e-01	1.1755e-36	1.1755e-36	1.1755e-36	4.9756e-30	0.00e+00	0.00e+00	5.7069e+00
2.99931e+20	7.7595e+03	4.107e-22	1.0000e+01	1.0858e+01	3.2862e-16	1.1534e-03	9.9885e-01	2.8705e-03	9.9713e-01	3.3736e-15	5.5618e-22	4.1971e-06	4.8842e-02	9.4755e-01	3.6015e-03	6.1424e-05	7.7079e-02	9.2286e-01	1.1755e-36	1.1755e-36	1.1755e-36	7.2621e-30	0.00e+00	0.00e+00	5.9408e+00
3.03109e+20	7.8163e+03	4.142e-22	1.0000e+01	1.0856e+01	3.8096e-16	1.2538e-03	9.9875e-01	3.0880e-03	9.9691e-01	3.2275e-15	7.6971e-22	4.5412e-06	5.2224e-02	9.4439e-01	3.3859e-03	7.2926e-05	8.2074e-02	9.1785e-01	1.1755e-36	1.1755e-36	1.1755e-36	1.0396e-29	0.00e+00	0.00e+00	6.1895e+00
3.06722e+20	7.8699e+03	4.184e-22	1.0000e+01	1.0855e+01	4.6292e-16	1.3894e-03	9.9861e-01	3.3840e-03	9.9662e-01	3.0531e-15	1.1569e-21	5.0038e-06	5.6779e-02	9.4009e-01	3.1273e-03	9.0182e-05	8.8818e-02	9.1109e-01	1.1755e-36	1.1755e-36	1.1755e-36	1.6312e-29	0.00e+00	0.00e+00	6.5478e+00
3.10393e+20	7.9467e+03	4.225e-22	1.0000e+01	1.0853e+01	5.6342e-16	1.5552e-03	9.9844e-01	3.7397e-03	9.9626e-01	2.7879e-15	1.7965e-21	5.5467e-06	6.2160e-02	9.3495e-01	2.8824e-03	1.1416e-04	9.7079e-02	9.0281e-01	1.1755e-36	1.1755e-36	1.1755e-36	2.6392e-29	0.00e+00	0.00e+00	6.8674e+00
3.13151e+20	7.9998e+03	4.261e-22	1.0000e+01	1.0851e+01	6.6782e-16	1.7089e-03	9.9829e-01	4.0647e-03	9.9594e-01	2.6471e-15	2.5946e-21	6.0380e-06	6.6986e-02	9.3031e-01	2.6935e-03	1.3912e-04	1.0473e-01	8.9513e-01	1.1755e-36	1.1755e-36	1.1755e-36	3.9419e-29	0.00e+00	0.00e+00	7.1113e+00
3.15232e+20	8.0413e+03	4.287e-22	1.0000e+01	1.0849e+01	7.6936e-16	1.8448e-03	9.9816e-01	4.3556e-03	9.9564e-01	2.5749e-15	3.5163e-21	6.4742e-06	7.1291e-02	9.2616e-01	2.5451e-03	1.6349e-04	1.1151e-01	8.8832e-01	1.1755e-36	1.1755e-36	1.1755e-36	5.4948e-29	0.00e+00	0.00e+00	7.3326e+00
3.17418e+20	8.0817e+03	4.314e-22	1.0000e+01	1.0847e+01	9.0172e-16	2.0085e-03	9.9799e-01	4.7111e-03	9.9529e-01	2.4973e-15	4.9351e-21	6.9970e-06	7.6460e-02	9.2115e-01	2.3794e-03	1.9576e-04	1.1972e-01	8.8009e-01	1.1755e-36	1.1755e-36	1.1755e-36	7.9319e-29	0.00e+00	0.00e+00	7.6459e+00
3.19773e+20	8.1303e+03	4.345e-22	1.0000e+01	1.0845e+01	1.0818e-15	2.2166e-03	9.9778e-01	5.1535e-03	9.9485e-01	2.3437e-15	7.2922e-21	7.6367e-06	8.2768e-02	9.1502e-01	2.2053e-03	2.4142e-04	1.3018e-01	8.6958e-01	1.1755e-36	1.1755e-36	1.1755e-36	1.2117e-28	0.00e+00	0.00e+00	7.9594e+00
3.21746e+20	8.1640e+03	4.376e-22	1.0000e+01	1.0842e+01	1.2894e-15	2.4301e-03	9.9757e-01	5.6038e-03	9.9440e-01	2.2320e-15	1.0487e-20	8.2775e-06	8.9114e-02	9.0882e-01	2.0549e-03	2.9342e-04	1.4085e-01	8.5885e-01	1.1755e-36	1.1755e-36	1.1755e-36	1.7949e-28	0.00e+00	0.00e+00	8.2208e+00
3.23299e+20	8.1994e+03	4.398e-22	1.0000e+01	1.0840e+01	1.4874e-15	2.6250e-03	9.9738e-01	6.0154e-03	9.9398e-01	2.1680e-15	1.4229e-20	8.8505e-06	9.4797e-02	9.0326e-01	1.9342e-03	3.4587e-04	1.5065e-01	8.4900e-01	1.1755e-36	1.1755e-36	1.1755e-36	2.4959e-28	0.00e+00	0.00e+00	8.4533e+00
3.24687e+20	8.2322e+03	4.417e-22	1.0000e+01	1.0838e+01	1.7046e-15	2.8232e-03	9.9718e-01	6.4355e-03	9.9356e-01	2.1129e-15	1.9014e-20	9.4271e-06	1.0050e-01	8.9767e-01	1.8228e-03	4.0410e-04	1.6067e-01	8.3893e-01	1.1755e-36	1.1755e-36	1.1755e-36	3.4174e-28	0.00e+00	0.00e+00	8.6978e+00
3.26264e+20	8.2680e+03	4.437e-22	1.0000e+01	1.0835e+01	2.0137e-15	3.0829e-03	9.9692e-01	6.9931e-03	9.9301e-01	2.0455e-15	2.7041e-20	1.0183e-05	1.0799e-01	8.9031e-01	1.6902e-03	4.8775e-04	1.7381e-01	8.2570e-01	1.1755e-36	1.1755e-36	1.1755e-36	4.9957e-28	0.00e+00	0.00e+00	9.0449e+00
3.27895e+20	8.3058e+03	4.463e-22	1.0000e+01	1.0832e+01	2.4344e-15	3.4075e-03	9.9659e-01	7.6695e-03	9.9233e-01	1.9286e-15	4.0146e-20	1.1077e-05	1.1686e-01	8.8157e-01	1.5545e-03	6.0348e-04	1.9010e-01	8.0930e-01	1.1755e-36	1.1755e-36	1.1755e-36	7.6605e-28	0.00e+00	0.00e+00	9.3627e+00
3.29166e+20	8.3326e+03	4.486e-22	1.0000e+01	1.0827e+01	2.8731e-15	3.7161e-03	9.9628e-01	8.3065e-03	9.9169e-01	1.8575e-15	5.6344e-20	1.1896e-05	1.2505e-01	8.7350e-01	1.4448e-03	7.2490e-04	2.0543e-01	7.9384e-01	1.1755e-36	1.1755e-36	1.1755e-36	1.1037e-27	0.00e+00	0.00e+00	9.6128e+00
3.30154e+20	8.3613e+03	4.500e-22	1.0000e+01	1.0824e+01	3.2830e-15	3.9893e-03	9.9601e-01	8.8727e-03	9.9113e-01	1.8189e-15	7.4455e-20	1.2609e-05	1.3213e-01	8.6650e-01	1.3577e-03	8.4247e-04	2.1905e-01	7.8010e-01	1.1755e-36	1.1755e-36	1.1755e-36	1.4932e-27	0.00e+00	0.00e+00	9.8417e+00
3.31199e+20	8.3825e+03	4.517e-22	1.0000e+01	1.0820e+01	3.8342e-15	4.3198e-03	9.9568e-01	9.5738e-03	9.9043e-01	1.7780e-15	1.0195e-19	1.3478e-05	1.4078e-01	8.5795e-01	1.2599e-03	9.9653e-04	2.3542e-01	7.6358e-01	1.1755e-36	1.1755e-36	1.1755e-36	2.0945e-27	0.00e+00	0.00e+00	1.0164e+01
3.32338e+20	8.4186e+03	4.534e-22	1.0000e+01	1.0816e+01	4.5710e-15	4.7426e-03	9.9526e-01	1.0446e-02	9.8955e-01	1.7000e-15	1.4676e-19	1.4530e-05	1.5129e-01	8.4754e-01	1.1552e-03	1.2123e-03	2.5613e-01	7.4266e-01	1.1755e-36	1.1755e-36	1.1755e-36	3.1085e-27	0.00e+00	0.00e+00	1.0492e+01
3.33311e+20	8.4400e+03	4.555e-22	1.0000e+01	1.0811e+01	5.4367e-15	5.1844e-03	9.9482e-01	1.1340e-02	9.8866e-01	1.6373e-15	2.0670e-19	1.5577e-05	1.6175e-01	8.3717e-01	1.0624e-03	1.4575e-03	2.7718e-01	7.2136e-01	1.1755e-36	1.1755e-36	1.1755e-36	4.5081e-27	0.00e+00	0.00e+00	1.0770e+01
3.34093e+20	8.4620e+03	4.569e-22	1.0000e+01	1.0805e+01	6.2991e-15	5.5977e-03	9.9440e-01	1.2177e-02	9.8782e-01	1.5972e-15	2.7723e-19	1.6529e-05	1.7131e-01	8.2769e-01	9.8624e-04	1.7066e-03	2.9659e-01	7.0171e-01	1.1755e-36	1.1755e-36	1.1755e-36	6.1999e-27	0.00e+00	0.00e+00	1.1022e+01
3.34802e+20	8.4787e+03	4.583e-22	1.0000e+01	1.0800e+01	7.2795e-15	6.0284e-03	9.9397e-01	1.3055e-02	9.8694e-01	1.5607e-15	3.6778e-19	1.7503e-05	1.8107e-01	8.1800e-01	9.1507e-04	1.9849e-03	3.1639e-01	6.8162e-01	1.1755e-36	1.1755e-36	1.1755e-36	8.4252e-27	0.00e+00	0.00e+00	1.1291e+01
3.35614e+20	8.5026e+03	4.595e-22	1.0000e+01	1.0794e+01	8.6511e-15	6.5905e-03	9.9341e-01	1.4220e-02	9.8578e-01	1.5178e-15	5.1687e-19	1.8762e-05	1.9369e-01	8.0546e-01	8.3211e-04	2.3777e-03	3.4177e-01	6.5586e-01	1.1755e-36	1.1755e-36	1.1755e-36	1.2189e-26	0.00e+00	0.00e+00	1.1672e+01
3.36461e+20	8.5261e+03	4.614e-22	1.0000e+01	1.0786e+01	1.0594e-14	7.3136e-03	9.9269e-01	1.5652e-02	9.8435e-01	1.4464e-15	7.6139e-19	2.0251e-05	2.0865e-01	7.9058e-01	7.4563e-04	2.9224e-03	3.7274e-01	6.2434e-01	1.1755e-36	1.1755e-36	1.1755e-36	1.8625e-26	0.00e+00	0.00e+00	1.2031e+01
3.37135e+20	8.5440e+03	4.631e-22	1.0000e+01	1.0776e+01	1.2687e-14	8.0234e-03	9.9198e-01	1.7032e-02	9.8297e-01	1.3973e-15	1.0672e-18	2.1617e-05	2.2255e-01	7.7675e-01	6.7514e-04	3.4979e-03	4.0151e-01	5.9499e-01	1.1755e-36	1.1755e-36	1.1755e-36	2.6960e-26	0.00e+00	0.00e+00	1.2321e+01
3.37668e+20	8.5599e+03	4.644e-22	1.0000e+01	1.0769e+01	1.4791e-14	8.6761e-03	9.9132e-01	1.8302e-02	9.8170e-01	1.3666e-15	1.4176e-18	2.2840e-05	2.3483e-01	7.6453e-01	6.1866e-04	4.0623e-03	4.2682e-01	5.6912e-01	1.1755e-36	1.1755e-36	1.1755e-36	3.6894e-26	0.00e+00	0.00e+00	1.2591e+01
3.38235e+20	8.5694e+03	4.656e-22	1.0000e+01	1.0760e+01	1.7638e-14	9.4739e-03	9.9053e-01	1.9895e-02	9.8010e-01	1.3344e-15	1.9479e-18	2.4324e-05	2.4977e-01	7.4965e-01	5.5715e-04	4.7936e-03	4.5620e-01	5.3900e-01	1.1755e-36	1.1755e-36	1.1755e-36	5.2295e-26	0.00e+00	0.00e+00	1.2974e+01
3.38858e+20	8.5888e+03	4.670e-22	1.0000e+01	1.0749e+01	2.1738e-14	1.0539e-02	9.8946e-01	2.1936e-02	9.7806e-01	1.2787e-15	2.8352e-18	2.6135e-05	2.6811e-01	7.3138e-01	4.9076e-04	5.8278e-03	4.9241e-01	5.0177e-01	1.1755e-36	1.1755e-36	1.1755e-36	7.9345e-26	0.00e+00	0.00e+00	1.3378e+01
3.39401e+20	8.5988e+03	4.689e-22	1.0000e+01	1.0736e+01	2.6807e-14	1.1705e-02	9.8829e-01	2.4099e-02	9.7590e-01	1.2308e-15	4.0628e-18	2.7954e-05	2.8657e-01	7.1297e-01	4.3235e-04	7.0207e-03	5.2808e-01	4.6490e-01	1.1755e-36	1.1755e-36	1.1755e-36	1.1866e-25	0.00e+00	0.00e+00	1.3732e+01
3.39843e+20	8.6053e+03	4.704e-22	1.0000e+01	1.0722e+01	3.2351e-14	1.2855e-02	9.8714e-01	2.6211e-02	9.7379e-01	1.1962e-15	5.5670e-18	2.9637e-05	3.0372e-01	6.9586e-01	3.8463e-04	8.2529e-03	5.5986e-01	4.3188e-01	1.1755e-36	1.1755e-36	1.1755e-36	1.6899e-25	0.00e+00	0.00e+00	1.4060e+01
3.40247e+20	8.6075e+03	4.717e-22	1.0000e+01	1.0708e+01	3.9014e-14	1.4100e-02	9.8590e-01	2.8494e-02	9.7151e-01	1.1639e-15	7.5573e-18	3.1369e-05	3.2138e-01	6.7825e-01	3.4119e-04	9.6384e-03	5.9085e-01	3.9951e-01	1.1755e-36	1.1755e-36	1.1755e-36	2.3842e-25	0.00e+00	0.00e+00	1.4420e+01
3.40711e+20	8.6037e+03	4.730e-22	1.0000e+01	1.0690e+01	4.9336e-14	1.5804e-02	9.8420e-01	3.1641e-02	9.6836e-01	1.1255e-15	1.0962e-17	3.3636e-05	3.4439e-01	6.5528e-01	2.9204e-04	1.1608e-02	6.2826e-01	3.6013e-01	1.1755e-36	1.1755e-36	1.1755e-36	3.6297e-25	0.00e+00	0.00e+00	1.4943e+01
3.41204e+20	8.5984e+03	4.751e-22	1.0000e+01	1.0660e+01	6.5653e-14	1.8172e-02	9.8183e-01	3.5744e-02	9.6426e-01	1.0656e-15	1.6948e-17	3.6332e-05	3.7229e-01	6.2743e-01	2.4153e-04	1.4427e-02	6.7108e-01	3.1449e-01	1.1755e-36	1.1755e-36	1.1755e-36	5.9767e-25	0.00e+00	0.00e+00	1.5472e+01
3.41611e+20	8.5916e+03	4.773e-22	1.0000e+01	1.0636e+01	8.6564e-14	2.0776e-02	9.7922e-01	4.0034e-02	9.5997e-01	1.0199e-15	2.5428e-17	3.8953e-05	3.9910e-01	6.0066e-01	2.0062e-04	1.7606e-02	7.0874e-01	2.7365e-01	1.1755e-36	1.1755e-36	1.1755e-36	9.5991e-25	0.00e+00	0.00e+00	1.5934e+01
3.41939e+20	8.5768e+03	4.788e-22	1.0000e+01	1.0600e+01	1.1123e-13	2.3438e-02	9.7656e-01	4.4344e-02	9.5566e-01	9.8420e-16	3.6189e-17	4.1312e-05	4.2400e-01	5.7579e-01	1.6871e-04	2.0917e-02	7.3950e-01	2.3958e-01	1.1755e-36	1.1755e-36	1.1755e-36	1.4486e-24	0.00e+00	0.00e+00	1.6383e+01
3.42288e+20	8.5569e+03	4.794e-22	1.0000e+01	1.0555e+01	1.4858e-13	2.6902e-02	9.7310e-01	5.0018e-02	9.4998e-01	9.4646e-16	5.3819e-17	4.4134e-05	4.5390e-01	5.4592e-01	1.3674e-04	2.5294e-02	7.7109e-01	2.0362e-01	1.1755e-36	1.1755e-36	1.1755e-36	2.3087e-24	0.00e+00	0.00e+00	1.7054e+01
3.42663e+20	8.5167e+03	4.815e-22	1.0000e+01	1.0495e+01	2.1654e-13	3.2084e-02	9.6792e-01	5.7812e-02	9.4219e-01	8.8605e-16	8.7452e-17	4.7580e-05	4.9059e-01	5.0926e-01	1.0459e-04	3.1859e-02	8.0407e-01	1.6407e-01	1.1755e-36	1.1755e-36	1.1755e-36	4.1306e-24	0.00e+00	0.00e+00	1.7776e+01
3.42974e+20	8.4788e+03	4.832e-22	1.0000e+01	1.0426e+01	3.1476e-13	3.8239e-02	9.6176e-01	6.6302e-02	9.3370e-01	8.3656e-16	1.3916e-16	5.0828e-05	5.2606e-01	4.7381e-01	7.9766e-05	3.9665e-02	8.2935e-01	1.3099e-01	1.1755e-36	1.1755e-36	1.1755e-36	7.2836e-24	0.00e+00	0.00e+00	1.8415e+01
3.43187e+20	8.4389e+03	4.848e-22	1.0000e+01	1.0360e+01	4.2872e-13	4.4115e-02	9.5589e-01	7.3778e-02	9.2622e-01	8.0032e-16	2.0056e-16	5.3308e-05	5.5385e-01	4.4604e-01	6.3858e-05	4.7090e-02	8.4446e-01	1.0845e-01	1.1755e-36	1.1755e-36	1.1755e-36	1.1456e-23	0.00e+00	0.00e+00	1.8867e+01
3.43333e+20	8.4013e+03	4.854e-22	1.0000e+01	1.0305e+01	5.4209e-13	4.9084e-02	9.5092e-01	7.9919e-02	9.2008e-01	7.7853e-16	2.6221e-16	5.5137e-05	5.7472e-01	4.2517e-01	5.3788e-05	5.3353e-02	8.5286e-01	9.3791e-02	1.1755e-36	1.1755e-36	1.1755e-36	1.5995e-23	0.00e+00	0.00e+00	1.9266e+01
3.43481e+20	8.3552e+03	4.854e-22	1.0000e+01	1.0256e+01	7.0011e-13	5.5068e-02	9.4493e-01	8.7269e-02	9.1273e-01	7.5580e-16	3.4943e-16	5.7219e-05	5.9801e-01	4.0189e-01	4.4294e-05	6.0876e-02	8.5931e-01	7.9812e-02	1.1755e-36	1.1755e-36	1.1755e-36	2.2904e-23	0.00e+00	0.00e+00	1.9849e+01
3.43646e+20	8.3089e+03	4.849e-22	1.0000e+01	1.0181e+01	9.5842e-13	6.3570e-02	9.3643e-01	9.6848e-02	9.0315e-01	7.2045e-16	4.9532e-16	5.9537e-05	6.2531e-01	3.7460e-01	3.4794e-05	7.1499e-02	8.6352e-01	6.4981e-02	1.1755e-36	1.1755e-36	1.1755e-36	3.5681e-23	0.00e+00	0.00e+00	2.0503e+01
3.43792e+20	8.2745e+03	4.813e-22	1.0000e+01	1.0041e+01	1.2976e-12	7.3140e-02	9.2686e-01	1.0682e-01	8.9318e-01	6.8632e-16	6.8774e-16	6.1182e-05	6.5011e-01	3.4980e-01	2.7471e-05	8.3388e-02	8.6381e-01	5.2803e-02	1.1755e-36	1.1755e-36	1.1755e-36	5.4300e-23	0.00e+00	0.00e+00	2.1094e+01
3.43909e+20	8.2281e+03	4.799e-22	1.0000e+01	9.9618e+00	1.7351e-12	8.3422e-02	9.1658e-01	1.1670e-01	8.8330e-01	6.6107e-16	9.3535e-16	6.2955e-05	6.7294e-01	3.2698e-01	2.1933e-05	9.6044e-02	8.6052e-01	4.3433e-02	1.1755e-36	1.1755e-36	1.1755e-36	8.1034e-23	0.00e+00	0.00e+00	2.1652e+01
3.44009e+20	8.1992e+03	4.752e-22	1.0000e+01	9.8334e+00	2.2399e-12	9.3873e-02	9.0613e-01	1.2618e-01	8.7382e-01	6.3805e-16	1.2224e-15	6.4056e-05	6.9253e-01	3.0739e-01	1.7849e-05	1.0884e-01	8.5497e-01	3.6189e-02	1.1755e-36	1.1755e-36	1.1755e-36	1.1481e-22	0.00e+00	0.00e+00	2.2208e+01
3.44117e+20	8.1553e+03	4.679e-22	1.0000e+01	9.6697e+00	3.0173e-12	1.0745e-01	8.9255e-01	1.3836e-01	8.6164e-01	6.1177e-16	1.6540e-15	6.5174e-05	7.1498e-01	2.8494e-01	1.3964e-05	1.2533e-01	8.4548e-01	2.9188e-02	1.1755e-36	1.1755e-36	1.1755e-36	1.7017e-22	0.00e+00	0.00e+00	2.3036e+01
3.44229e+20	8.1022e+03	4.595e-22	1.0000e+01	9.4683e+00	4.3235e-12	1.2646e-01	8.7354e-01	1.5304e-01	8.4696e-01	5.7767e-16	2.3639e-15	6.6147e-05	7.3928e-01	2.6064e-01	1.0445e-05	1.4818e-01	8.2936e-01	2.2466e-02	1.1755e-36	1.1755e-36	1.1755e-36	2.7289e-22	0.00e+00	0.00e+00	2.3855e+01
3.44317e+20	8.0663e+03	4.497e-22	1.0000e+01	9.2604e+00	5.9049e-12	1.4597e-01	8.5403e-01	1.6646e-01	8.3354e-01	5.5218e-16	3.2148e-15	6.6541e-05	7.5906e-01	2.4087e-01	8.0790e-06	1.7135e-01	8.1093e-01	1.7714e-02	1.1755e-36	1.1755e-36	1.1755e-36	4.1123e-22	0.00e+00	0.00e+00	2.4524e+01
3.44383e+20	8.0300e+03	4.406e-22	1.0000e+01	9.0862e+00	7.6517e-12	1.6419e-01	8.3581e-01	1.7808e-01	8.2192e-01	5.3481e-16	4.1269e-15	6.6736e-05	7.7486e-01	2.2507e-01	6.5127e-06	1.9276e-01	7.9273e-01	1.4503e-02	1.1755e-36	1.1755e-36	1.1755e-36	5.7454e-22	0.00e+00	0.00e+00	2.5140e+01
3.44451e+20	7.9804e+03	4.273e-22	1.0000e+01	8.8518e+00	1.0112e-11	1.8571e-01	8.1429e-01	1.9162e-01	8.0838e-01	5.1622e-16	5.3322e-15	6.6556e-05	7.9136e-01	2.0856e-01	5.1420e-06	2.1781e-01	7.7054e-01	1.1650e-02	1.1755e-36	1.1755e-36	1.1755e-36	8.0645e-22	0.00e+00	0.00e+00	2.6046e+01
3.44525e+20	7.9340e+03	4.097e-22	1.0000e+01	8.5390e+00	1.3951e-11	2.1465e-01	7.8535e-01	2.0745e-01	7.9255e-01	4.9167e-16	7.1526e-15	6.5729e-05	8.0880e-01	1.9113e-01	3.9061e-06	2.5102e-01	7.4005e-01	8.9273e-03	1.1755e-36	1.1755e-36	1.1755e-36	1.1920e-21	0.00e+00	0.00e+00	2.7008e+01
3.44588e+20	7.8888e+03	3.913e-22	1.0000e+01	8.2165e+00	1.8843e-11	2.4552e-01	7.5448e-01	2.2248e-01	7.7752e-01	4.7207e-16	9.3432e-15	6.4548e-05	8.2382e-01	1.7611e-01	3.0213e-06	2.8591e-01	7.0719e-01	6.9034e-03	1.1755e-36	1.1755e-36	1.1755e-36	1.7006e-21	0.00e+00	0.00e+00	2.7864e+01
3.44639e+20	7.8373e+03	3.744e-22	1.0000e+01	7.9340e+00	2.4530e-11	2.7531e-01	7.2469e-01	2.3613e-01	7.6387e-01	4.5742e-16	1.1714e-14	6.3410e-05	8.3636e-01	1.6357e-01	2.4122e-06	3.1908e-01	6.7542e-01	5.4935e-03	1.1755e-36	1.1755e-36	1.1755e-36	2.2965e-21	0.00e+00	0.00e+00	2.8667e+01
3.44684e+20	7.7888e+03	3.559e-22	1.0000e+01	7.6266e+00	3.1075e-11	3.0476e-01	6.9524e-01	2.4882e-01	7.5118e-01	4.4526e-16	1.4224e-14	6.1861e-05	8.4713e-01	1.5280e-01	1.9625e-06	3.5140e-01	6.4417e-01	4.4301e-03	1.1755e-36	1.1755e-36	1.1755e-36	2.9553e-21	0.00e+00	0.00e+00	2.9521e+01
3.44728e+20	7.7412e+03	3.353e-22	1.0000e+01	7.2756e+00	3.9111e-11	3.3617e-01	6.6383e-01	2.6175e-01	7.3825e-01	4.3276e-16	1.7046e-14	5.9851e-05	8.5711e-01	1.4283e-01	1.5994e-06	3.8538e-01	6.1106e-01	3.5526e-03	1.1755e-36	1.1755e-36	1.1755e-36	3.7163e-21	0.00e+00	0.00e+00	3.0456e+01
3.44769e+20	7.6850e+03	3.155e-22	1.0000e+01	6.9408e+00	4.8891e-11	3.6878e-01	6.3122e-01	2.7386e-01	7.2614e-01	4.2297e-16	2.0185e-14	5.7809e-05	8.6619e-01	1.3375e-01	1.3151e-06	4.2012e-01	5.7702e-01	2.8584e-03	1.1755e-36	1.1755e-36	1.1755e-36	4.5939e-21	0.00e+00	0.00e+00	3.1306e+01
3.44802e+20	7.6269e+03	2.983e-22	1.0000e+01	6.6523e+00	5.9308e-11	3.9842e-01	6.0158e-01	2.8482e-01	7.1518e-01	4.1531e-16	2.3218e-14	5.6025e-05	8.7380e-01	1.2614e-01	1.1106e-06	4.5124e-01	5.4640e-01	2.3610e-03	1.1755e-36	1.1755e-36	1.1755e-36	5.4607e-21	0.00e+00	0.00e+00	3.2068e+01
3.44831e+20	7.5896e+03	2.816e-22	1.0000e+01	6.3667e+00	6.9023e-11	4.2415e-01	5.7585e-01	2.9389e-01	7.0611e-01	4.1081e-16	2.5842e-14	5.4084e-05	8.7986e-01	1.2009e-01	9.6237e-07	4.7789e-01	5.2011e-01	1.9963e-03	1.1755e-36	1.1755e-36	1.1755e-36	6.1824e-21	0.00e+00	0.00e+00	3.2816e+01
3.44858e+20	7.5297e+03	2.669e-22	1.0000e+01	6.1115e+00	8.0522e-11	4.4928e-01	5.5072e-01	3.0292e-01	6.9708e-01	4.0575e-16	2.8531e-14	5.2366e-05	8.8554e-01	1.1441e-01	8.4061e-07	5.0365e-01	4.9465e-01	1.7030e-03	1.1755e-36	1.1755e-36	1.1755e-36	6.9176e-21	0.00e+00	0.00e+00	3.3522e+01
3.44882e+20	7.4747e+03	2.530e-22	1.0000e+01	5.8750e+00	9.2557e-11	4.7311e-01	5.2689e-01	3.1161e-01	6.8839e-01	4.0180e-16	3.1150e-14	5.0734e-05	8.9075e-01	1.0920e-01	7.4040e-07	5.2779e-01	4.7075e-01	1.4646e-03	1.1755e-36	1.1755e-36	1.1755e-36	7.6217e-21	0.00e+00	0.00e+00	3.4235e+01
3.44906e+20	7.4209e+03	2.391e-22	1.0000e+01	5.6348e+00	1.0557e-10	4.9640e-01	5.0360e-01	3.2006e-01	6.7994e-01	3.9865e-16	3.3714e-14	4.9025e-05	8.9563e-01	1.0432e-01	6.5467e-07	5.5113e-01	4.4761e-01	1.2619e-03	1.1755e-36	1.1755e-36	1.1755e-36	8.2695e-21	0.00e+00	0.00e+00	3.4978e+01
3.44929e+20	7.3625e+03	2.258e-22	1.0000e+01	5.3991e+00	1.1996e-10	5.1916e-01	4.8084e-01	3.2836e-01	6.7164e-01	3.9586e-16	3.6238e-14	4.7317e-05	9.0021e-01	9.9745e-02	5.8133e-07	5.7371e-01	4.2520e-01	1.0902e-03	1.1755e-36	1.1755e-36	1.1755e-36	8.8645e-21	0.00e+00	0.00e+00	3.5707e+01
3.44950e+20	7.3057e+03	2.136e-22	1.0000e+01	5.1794e+00	1.3478e-10	5.4024e-01	4.5976e-01	3.3617e-01	6.6383e-01	3.9389e-16	3.8578e-14	4.5696e-05	9.0434e-01	9.5611e-02	5.2077e-07	5.9441e-01	4.0464e-01	9.5032e-04	1.1755e-36	1.1755e-36	1.1755e-36	9.3696e-21	0.00e+00	0.00e+00	3.6402e+01
3.44966e+20	7.2801e+03	2.042e-22	1.0000e+01	5.0071e+00	1.4512e-10	5.5571e-01	4.4429e-01	3.4156e-01	6.5844e-01	3.9323e-16	4.0244e-14	4.4369e-05	9.0718e-01	9.2777e-02	4.8094e-07	6.0947e-01	3.8967e-01	8.5603e-04	1.1755e-36	1.1755e-36	1.1755e-36	9.6838e-21	0.00e+00	0.00e+00	3.6843e+01
3.44978e+20	7.2301e+03	1.981e-22	1.0000e+01	4.8959e+00	1.5607e-10	5.6724e-01	4.3276e-01	3.4639e-01	6.5361e-01	3.9230e-16	4.1574e-14	4.3567e-05	9.0949e-01	9.0468e-02	4.5255e-07	6.2065e-01	3.7855e-01	7.9421e-04	1.1755e-36	1.1755e-36	1.1755e-36	9.9375e-21	0.00e+00	0.00e+00	3.7215e+01
3.44989e+20	7.2082e+03	1.920e-22	1.0000e+01	4.7864e+00	1.6391e-10	5.7711e-01	4.2289e-01	3.5047e-01	6.4953e-01	3.9219e-16	4.2646e-14	4.2725e-05	9.1147e-01	8.8484e-02	4.2824e-07	6.3015e-01	3.6911e-01	7.4101e-04	1.1755e-36	1.1755e-36	1.1755e-36	1.0103e-20	0.00e+00	0.00e+00	3.7628e+01
3.45002e+20	7.1565e+03	1.850e-22	1.0000e+01	4.6594e+00	1.7672e-10	5.8946e-01	4.1054e-01	3.5600e-01	6.4400e-01	3.9083e-16	4.4038e-14	4.1782e-05	9.1399e-01	8.5964e-02	3.9972e-07	6.4201e-01	3.5730e-01	6.8112e-04	1.1755e-36	1.1755e-36	1.1755e-36	1.0311e-20	0.00e+00	0.00e+00	3.8162e+01
3.45016e+20	7.1079e+03	1.774e-22	1.0000e+01	4.5187e+00	1.9081e-10	6.0302e-01	3.9698e-01	3.6191e-01	6.3809e-01	3.8960e-16	4.5555e-14	4.0711e-05	9.1665e-01	8.3305e-02	3.7077e-07	6.5494e-01	3.4444e-01	6.1967e-04	1.1755e-36	1.1755e-36	1.1755e-36	1.0514e-20	0.00e+00	0.00e+00	3.8713e+01
3.45030e+20	7.0608e+03	1.703e-22	1.0000e+01	4.3856e+00	2.0512e-10	6.1584e-01	3.8416e-01	3.6764e-01	6.3236e-01	3.8879e-16	4.6989e-14	3.9687e-05	9.1914e-01	8.0817e-02	3.4512e-07	6.6710e-01	3.3234e-01	5.6576e-04	1.1755e-36	1.1755e-36	1.1755e-36	1.0677e-20	0.00e+00	0.00e+00	3.9227e+01
3.45043e+20	7.0052e+03	1.639e-22	1.0000e+01	4.2663e+00	2.2098e-10	6.2795e-01	3.7205e-01	3.7347e-01	6.2653e-01	3.8759e-16	4.8383e-14	3.8780e-05	9.2154e-01	7.8423e-02	3.2220e-07	6.7853e-01	3.2095e-01	5.1910e-04	1.1755e-36	1.1755e-36	1.1755e-36	1.0829e-20	0.00e+00	0.00e+00	3.9726e+01
3.45055e+20	6.9661e+03	1.576e-22	1.0000e+01	4.1463e+00	2.3451e-10	6.3881e-01	3.6119e-01	3.7867e-01	6.2133e-01	3.8761e-16	4.9557e-14	3.7835e-05	9.2368e-01	7.6282e-02	3.0212e-07	6.8871e-01	3.1081e-01	4.7830e-04	1.1755e-36	1.1755e-36	1.1755e-36	1.0890e-20	0.00e+00	0.00e+00	4.0233e+01
3.45069e+20	6.9121e+03	1.513e-22	1.0000e+01	4.0257e+00	2.5162e-10	6.5035e-01	3.4965e-01	3.8464e-01	6.1536e-01	3.8696e-16	5.0846e-14	3.6897e-05	9.2600e-01	7.3964e-02	2.8183e-07	6.9950e-01	3.0006e-01	4.3848e-04	1.1755e-36	1.1755e-36	1.1755e-36	1.0953e-20	0.00e+00	0.00e+00	4.0797e+01
3.45082e+20	6.8567e+03	1.448e-22	1.0000e+01	3.9011e+00	2.7032e-10	6.6225e-01	3.3775e-01	3.9093e-01	6.0907e-01	3.8630e-16	5.2174e-14	3.5917e-05	9.2837e-01	7.1595e-02	2.6207e-07	7.1055e-01	2.8905e-01	4.0006e-04	1.1755e-36	1.1755e-36	1.1755e-36	1.0990e-20	0.00e+00	0.00e+00	4.1381e+01
3.45096e+20	6.8004e+03	1.386e-22	1.0000e+01	3.7798e+00	2.9009e-10	6.7379e-01	3.2621e-01	3.9728e-01	6.0272e-01	3.8575e-16	5.3464e-14	3.4957e-05	9.3067e-01	6.9291e-02	2.4383e-07	7.2122e-01	2.7841e-01	3.6521e-04	1.1755e-36	1.1755e-36	1.1755e-36	1.0996e-20	0.00e+00	0.00e+00	4.1960e+01
3.45110e+20	6.7402e+03	1.327e-22	1.0000e+01	3.6638e+00	3.1146e-10	6.8486e-01	3.1514e-01	4.0373e-01	5.9627e-01	3.8511e-16	5.4706e-14	3.4038e-05	9.3291e-01	6.7057e-02	2.2710e-07	7.3141e-01	2.6826e-01	3.3402e-04	1.1755e-36	1.1755e-36	1.1755e-36	1.0975e-20	0.00e+00	0.00e+00	4.2539e+01
3.45123e+20	6.6793e+03	1.271e-22	1.0000e+01	3.5510e+00	3.3402e-10	6.9557e-01	3.0443e-01	4.1030e-01	5.8970e-01	3.8448e-16	5.5911e-14	3.3138e-05	9.3510e-01	6.4868e-02	2.1152e-07	7.4122e-01	2.5848e-01	3.0562e-04	1.1755e-36	1.1755e-36	1.1755e-36	1.0926e-20	0.00e+00	0.00e+00	4.3133e+01
3.45137e+20	6.6158e+03	1.215e-22	1.0000e+01	3.4391e+00	3.5847e-10	7.0613e-01	2.9387e-01	4.1713e-01	5.8287e-01	3.8381e-16	5.7104e-14	3.2241e-05	9.3728e-01	6.2686e-02	1.9675e-07	7.5084e-01	2.4888e-01	2.7926e-04	1.1755e-36	1.1755e-36	1.1755e-36	1.0849e-20	0.00e+00	0.00e+00	4.3751e+01
3.45151e+20	6.5434e+03	1.161e-22	1.0000e+01	3.3292e+00	3.8692e-10	7.1683e-01	2.8317e-01	4.2447e-01	5.7553e-01	3.8256e-16	5.8346e-14	3.1364e-05	9.3950e-01	6.0465e-02	1.8256e-07	7.6055e-01	2.3919e-01	2.5455e-04	1.1755e-36	1.1755e-36	1.1755e-36	1.0765e-20	0.00e+00	0.00e+00	4.4389e+01
3.45165e+20	6.4754e+03	1.108e-22	1.0000e+01	3.2193e+00	4.1535e-10	7.2687e-01	2.7313e-01	4.3159e-01	5.6841e-01	3.8199e-16	5.9480e-14	3.0470e-05	9.4161e-01	5.8363e-02	1.6962e-07	7.6963e-01	2.3014e-01	2.3234e-04	1.1755e-36	1.1755e-36	1.1755e-36	1.0626e-20	0.00e+00	0.00e+00	4.5026e+01
3.45179e+20	6.3996e+03	1.058e-22	1.0000e+01	3.1159e+00	4.4805e-10	7.3698e-01	2.6302e-01	4.3934e-01	5.6066e-01	3.8054e-16	6.0686e-14	2.9636e-05	9.4375e-01	5.6220e-02	1.5724e-07	7.7872e-01	2.2107e-01	2.1173e-04	1.1755e-36	1.1755e-36	1.1755e-36	1.0508e-20	0.00e+00	0.00e+00	4.5687e+01
3.45193e+20	6.3217e+03	1.008e-22	1.0000e+01	3.0117e+00	4.8306e-10	7.4667e-01	2.5333e-01	4.4709e-01	5.5291e-01	3.7935e-16	6.1829e-14	2.8787e-05	9.4582e-01	5.4153e-02	1.4579e-07	7.8740e-01	2.1240e-01	1.9298e-04	1.1755e-36	1.1755e-36	1.1755e-36	1.0344e-20	0.00e+00	0.00e+00	4.6355e+01
3.45207e+20	6.2414e+03	9.612e-23	1.0000e+01	2.9111e+00	5.2095e-10	7.5611e-01	2.4389e-01	4.5513e-01	5.4487e-01	3.7793e-16	6.2972e-14	2.7964e-05	9.4786e-01	5.2115e-02	1.3505e-07	7.9583e-01	2.0400e-01	1.7582e-04	1.1755e-36	1.1755e-36	1.1755e-36	1.0174e-20	0.00e+00	0.00e+00	4.7040e+01
3.45222e+20	6.1514e+03	9.154e-23	1.0000e+01	2.8107e+00	5.6470e-10	7.6539e-01	2.3461e-01	4.6348e-01	5.3652e-01	3.7620e-16	6.4112e-14	2.7142e-05	9.4987e-01	5.0103e-02	1.2495e-07	8.0409e-01	1.9575e-01	1.6005e-04	1.1755e-36	1.1755e-36	1.1755e-36	9.9805e-21	0.00e+00	0.00e+00	4.7743e+01
3.45236e+20	6.0626e+03	8.711e-23	1.0000e+01	2.7134e+00	6.1046e-10	7.7439e-01	2.2561e-01	4.7204e-01	5.2796e-01	3.7440e-16	6.5253e-14	2.6339e-05	9.5184e-01	4.8130e-02	1.1755e-36	8.1208e-01	1.8778e-01	1.4556e-04	1.1755e-36	1.1755e-36	1.1755e-36	9.7822e-21	0.00e+00	0.00e+00	4.8459e+01
3.45251e+20	5.9692e+03	8.285e-23	1.0000e+01	2.6186e+00	6.6067e-10	7.8319e-01	2.1681e-01	4.8090e-01	5.1910e-01	3.7230e-16	6.6403e-14	2.5555e-05	9.5378e-01	4.6197e-02	1.1755e-36	8.1984e-01	1.8003e-01	1.3231e-04	1.1755e-36	1.1755e-36	1.1755e-36	9.5787e-21	0.00e+00	0.00e+00	4.9189e+01
3.45266e+20	5.8734e+03	7.874e-23	1.0000e+01	2.5245e+00	7.1410e-10	7.9159e-01	2.0841e-01	4.8982e-01	5.1018e-01	3.7032e-16	6.7519e-14	2.4768e-05	9.5564e-01	4.4335e-02	1.1755e-36	8.2723e-01	1.7264e-01	1.2030e-04	1.1755e-36	1.1755e-36	1.1755e-36	9.3519e-21	0.00e+00	0.00e+00	4.9931e+01
3.45281e+20	5.7697e+03	7.478e-23	1.0000e+01	2.4343e+00	7.7438e-10	8.0002e-01	1.9998e-01	4.9936e-01	5.0064e-01	3.6745e-16	6.8710e-14	2.4020e-05	9.5751e-01	4.2470e-02	1.1755e-36	8.3463e-01	1.6527e-01	1.0915e-04	1.1755e-36	1.1755e-36	1.1755e-36	9.1461e-21	0.00e+00	0.00e+00	5.0697e+01
3.45296e+20	5.6673e+03	7.098e-23	1.0000e+01	2.3442e+00	8.3544e-10	8.0793e-01	1.9207e-01	5.0870e-01	4.9130e-01	3.6508e-16	6.9844e-14	2.3260e-05	9.5927e-01	4.0707e-02	1.1755e-36	8.4155e-01	1.5835e-01	9.9119e-05	1.1755e-36	1.1755e-36	1.1755e-36	8.9095e-21	0.00e+00	0.00e+00	5.1461e+01
3.45311e+20	5.5568e+03	6.735e-23	1.0000e+01	2.2575e+00	9.0290e-10	8.1573e-01	1.8427e-01	5.1852e-01	4.8148e-01	3.6201e-16	7.1026e-14	2.2532e-05	9.6101e-01	3.8971e-02	1.1755e-36	8.4835e-01	1.5156e-01	8.9936e-05	1.1755e-36	1.1755e-36	1.1755e-36	8.6866e-21	0.00e+00	0.00e+00	5.2250e+01
3.45326e+20	5.4485e+03	6.384e-23	1.0000e+01	2.1739e+00	9.7021e-10	8.2337e-01	1.7663e-01	5.2857e-01	4.7143e-01	3.5870e-16	7.2243e-14	2.1826e-05	9.6270e-01	3.7278e-02	1.1755e-36	8.5497e-01	1.4495e-01	8.1479e-05	1.1755e-36	1.1755e-36	1.1755e-36	8.4706e-21	0.00e+00	0.00e+00	5.3049e+01
3.45342e+20	5.3277e+03	6.052e-23	1.0000e+01	2.0916e+00	1.0447e-09	8.3078e-01	1.6922e-01	5.3885e-01	4.6115e-01	3.5489e-16	7.3471e-14	2.1133e-05	9.6432e-01	3.5654e-02	1.1755e-36	8.6140e-01	1.3853e-01	7.3844e-05	1.1755e-36	1.1755e-36	1.1755e-36	8.2489e-21	0.00e+00	0.00e+00	5.3849e+01
3.45357e+20	5.2100e+03	5.737e-23	1.0000e+01	2.0125e+00	1.1154e-09	8.3777e-01	1.6223e-01	5.4904e-01	4.5096e-01	3.5117e-16	7.4680e-14	2.0463e-05	9.6586e-01	3.4119e-02	1.1755e-36	8.6743e-01	1.3250e-01	6.7011e-05	1.1755e-36	1.1755e-36	1.1755e-36	8.0219e-21	0.00e+00	0.00e+00	5.4649e+01
3.45372e+20	5.0849e+03	5.438e-23	1.0000e+01	1.9355e+00	1.1874e-09	8.4457e-01	1.5543e-01	5.5950e-01	4.4050e-01	3.4690e-16	7.5907e-14	1.9813e-05	9.6734e-01	3.2636e-02	1.1755e-36	8.7330e-01	1.2664e-01	6.0788e-05	1.1755e-36	1.1755e-36	1.1755e-36	7.7930e-21	0.00e+00	0.00e+00	5.5466e+01
3.45387e+20	4.9495e+03	5.151e-23	1.0000e+01	1.8595e+00	1.2581e-09	8.5130e-01	1.4870e-01	5.7028e-01	4.2972e-01	3.4206e-16	7.7049e-14	1.9176e-05	9.6885e-01	3.1128e-02	1.1755e-36	8.7910e-01	1.2085e-01	5.5074e-05	1.1755e-36	1.1755e-36	1.1755e-36	7.5002e-21	0.00e+00	0.00e+00	5.6295e+01
3.45403e+20	4.8130e+03	4.880e-23	1.0000e+01	1.7860e+00	1.3177e-09	8.5774e-01	1.4226e-01	5.8099e-01	4.1901e-01	3.3711e-16	7.7959e-14	1.8563e-05	9.7041e-01	2.9574e-02	1.1755e-36	8.8462e-01	1.1533e-01	4.9942e-05	1.1755e-36	1.1755e-36	1.1755e-36	7.0984e-21	0.00e+00	0.00e+00	5.7111e+01
3.45418e+20	4.6760e+03	4.629e-23	1.0000e+01	1.7164e+00	1.3670e-09	8.6380e-01	1.3620e-01	5.9155e-01	4.0845e-01	3.3195e-16	7.8795e-14	1.7987e-05	9.7187e-01	2.8111e-02	1.1755e-36	8.8982e-01	1.1014e-01	4.5402e-05	1.1755e-36	1.1755e-36	1.1755e-36	6.6861e-21	0.00e+00	0.00e+00	5.7911e+01
3.45432e+20	4.5379e+03	4.394e-23	1.0000e+01	1.6502e+00	1.4049e-09	8.6954e-01	1.3046e-01	6.0203e-01	3.9797e-01	3.2650e-16	7.9567e-14	1.7442e-05	9.7326e-01	2.6724e-02	1.1755e-36	8.9472e-01	1.0523e-01	4.1352e-05	1.1755e-36	1.1755e-36	1.1755e-36	6.2645e-21	0.00e+00	0.00e+00	5.8705e+01
3.45447e+20	4.3985e+03	4.174e-23	1.0000e+01	1.5864e+00	1.4303e-09	8.7503e-01	1.2497e-01	6.1244e-01	3.8756e-01	3.2090e-16	8.0293e-14	1.6924e-05	9.7458e-01	2.5406e-02	1.1755e-36	8.9941e-01	1.0055e-01	3.7705e-05	1.1755e-36	1.1755e-36	1.1755e-36	5.8366e-21	0.00e+00	0.00e+00	5.9493e+01
3.45460e+20	4.2617e+03	3.971e-23	1.0000e+01	1.5264e+00	1.4426e-09	8.8018e-01	1.1982e-01	6.2248e-01	3.7752e-01	3.1528e-16	8.0970e-14	1.6442e-05	9.7580e-01	2.4185e-02	1.1755e-36	9.0380e-01	9.6167e-02	3.4481e-05	1.1755e-36	1.1755e-36	1.1755e-36	5.4185e-21	0.00e+00	0.00e+00	6.0243e+01
3.45473e+20	4.1305e+03	3.789e-23	1.0000e+01	1.4714e+00	1.4437e-09	8.8487e-01	1.1513e-01	6.3199e-01	3.6801e-01	3.0973e-16	8.1587e-14	1.6008e-05	9.7691e-01	2.3078e-02	1.1755e-36	9.0779e-01	9.2180e-02	3.1700e-05	1.1755e-36	1.1755e-36	1.1755e-36	5.0255e-21	0.00e+00	0.00e+00	6.0948e+01
3.45486e+20	4.0050e+03	3.625e-23	1.0000e+01	1.4209e+00	1.4358e-09	8.8915e-01	1.1085e-01	6.4098e-01	3.5902e-01	3.0429e-16	8.2161e-14	1.5617e-05	9.7791e-01	2.2073e-02	1.1755e-36	9.1143e-01	8.8538e-02	2.9283e-05	1.1755e-36	1.1755e-36	1.1755e-36	4.6610e-21	0.00e+00	0.00e+00	6.1617e+01
3.45497e+20	3.8867e+03	3.473e-23	1.0000e+01	1.3725e+00	1.4203e-09	8.9329e-01	1.0671e-01	6.4926e-01	3.5074e-01	2.9961e-16	8.2780e-14	1.5241e-05	9.7882e-01	2.1167e-02	1.1755e-36	9.1494e-01	8.5032e-02	2.7092e-05	1.1755e-36	1.1755e-36	1.1755e-36	4.3239e-21	0.00e+00	0.00e+00	6.2261e+01
###########################
6.75963e+14	6.2516e+03	4.222e-22	1.0000e+01	1.1033e+01	2.3732e-17	1.4960e-04	9.9985e-01	4.1664e-04	8.1717e-01	1.8242e-01	8.3208e-25	3.2889e-07	8.5800e-03	9.1585e-01	7.5353e-02	9.1999e-07	1.5347e-02	8.6974e-01	1.1490e-01	8.4252e-06	1.1755e-36	1.2745e-32	0.00e+00	0.00e+00	1.2767e-05
4.05578e+15	6.2503e+03	4.219e-22	1.0000e+01	1.1027e+01	2.3945e-17	1.4958e-04	9.9985e-01	4.1647e-04	8.1721e-01	1.8237e-01	8.3719e-25	3.2472e-07	8.5879e-03	9.1570e-01	7.5493e-02	9.1915e-07	1.5331e-02	8.7008e-01	1.1458e-01	8.3917e-06	1.1755e-36	1.2900e-32	0.00e+00	0.00e+00	6.3829e-05
1.75750e+16	6.2522e+03	4.213e-22	1.0000e+01	1.1026e+01	2.4445e-17	1.4961e-04	9.9985e-01	4.1670e-04	8.1804e-01	1.8154e-01	8.5431e-25	3.2790e-07	8.6041e-03	9.1577e-01	7.5409e-02	9.1914e-07	1.5323e-02	8.7153e-01	1.1314e-01	8.2355e-06	1.1755e-36	1.3406e-32	0.00e+00	0.00e+00	2.6811e-04
7.16520e+16	6.2700e+03	4.190e-22	1.0000e+01	1.1023e+01	2.4192e-17	1.4927e-04	9.9985e-01	4.1794e-04	8.2249e-01	1.7709e-01	8.5509e-25	3.3078e-07	8.5982e-03	9.1608e-01	7.5113e-02	9.1789e-07	1.5322e-02	8.7711e-01	1.0756e-01	7.6480e-06	1.1755e-36	1.3508e-32	0.00e+00	0.00e+00	1.0834e-03
1.71154e+17	6.2613e+03	4.166e-22	1.0000e+01	1.1020e+01	2.3309e-17	1.4908e-04	9.9985e-01	4.1894e-04	8.2507e-01	1.7451e-01	8.1626e-25	3.3259e-07	8.5960e-03	9.1641e-01	7.4805e-02	9.1556e-07	1.5295e-02	8.8505e-01	9.9648e-02	6.7997e-06	1.1755e-36	1.2304e-32	0.00e+00	0.00e+00	2.1419e-03
3.00506e+17	6.2733e+03	4.129e-22	1.0000e+01	1.1014e+01	2.3173e-17	1.4848e-04	9.9985e-01	4.2145e-04	8.3259e-01	1.6699e-01	8.1516e-25	3.3349e-07	8.5774e-03	9.1710e-01	7.4145e-02	9.1158e-07	1.5270e-02	8.9475e-01	8.9974e-02	5.8326e-06	1.1755e-36	1.2422e-32	0.00e+00	0.00e+00	3.5125e-03
4.68664e+17	6.2882e+03	4.087e-22	1.0000e+01	1.1005e+01	2.2883e-17	1.4774e-04	9.9985e-01	4.2644e-04	8.4558e-01	1.5400e-01	8.1107e-25	3.3473e-07	8.5574e-03	9.1825e-01	7.3034e-02	9.0838e-07	1.5270e-02	9.0636e-01	7.8361e-02	4.7493e-06	1.1755e-36	1.2453e-32	0.00e+00	0.00e+00	5.2853e-03
6.87269e+17	6.3086e+03	4.037e-22	1.0000e+01	1.0988e+01	2.2408e-17	1.4677e-04	9.9985e-01	4.3388e-04	8.6453e-01	1.3504e-01	8.0428e-25	3.3627e-07	8.5316e-03	9.1983e-01	7.1511e-02	9.0648e-07	1.5307e-02	9.1974e-01	6.4948e-02	3.6031e-06	1.1755e-36	1.2413e-32	0.00e+00	0.00e+00	7.5749e-03
9.71456e+17	6.3337e+03	3.981e-22	1.0000e+01	1.0973e+01	2.1790e-17	1.4571e-04	9.9985e-01	4.4417e-04	8.8943e-01	1.1013e-01	7.9830e-25	3.3556e-07	8.5094e-03	9.2179e-01	6.9595e-02	9.0829e-07	1.5409e-02	9.3437e-01	5.0214e-02	2.4747e-06	1.1755e-36	1.2354e-32	0.00e+00	0.00e+00	1.0530e-02
1.34090e+18	6.3480e+03	3.925e-22	1.0000e+01	1.0951e+01	2.1094e-17	1.4469e-04	9.9986e-01	4.5677e-04	9.1852e-01	8.1026e-02	7.8686e-25	3.3768e-07	8.4963e-03	9.2405e-01	6.7370e-02	9.1550e-07	1.5597e-02	9.4909e-01	3.5314e-02	1.4839e-06	1.1755e-36	1.2006e-32	0.00e+00	0.00e+00	1.4344e-02
1.82117e+18	6.3603e+03	3.864e-22	1.0000e+01	1.0920e+01	2.0632e-17	1.4354e-04	9.9986e-01	4.6918e-04	9.4768e-01	5.1851e-02	7.8438e-25	3.3989e-07	8.4805e-03	9.2622e-01	6.5241e-02	9.2552e-07	1.5840e-02	9.6227e-01	2.1888e-02	7.4294e-07	1.1755e-36	1.1916e-32	0.00e+00	0.00e+00	1.9264e-02
2.44553e+18	6.3580e+03	3.813e-22	1.0000e+01	1.0897e+01	2.0031e-17	1.4267e-04	9.9986e-01	4.8025e-04	9.7189e-01	2.7634e-02	7.7309e-25	3.4098e-07	8.4845e-03	9.2812e-01	6.3364e-02	9.4096e-07	1.6140e-02	9.7233e-01	1.1525e-02	2.9363e-07	1.1755e-36	1.1405e-32	0.00e+00	0.00e+00	2.5620e-02
3.25720e+18	6.3415e+03	3.772e-22	1.0000e+01	1.0881e+01	2.0034e-17	1.4203e-04	9.9986e-01	4.8817e-04	9.8769e-01	1.1824e-02	7.7766e-25	3.4214e-07	8.5026e-03	9.2959e-01	6.1887e-02	9.5688e-07	1.6418e-02	9.7859e-01	4.9888e-03	1.1755e-36	1.1755e-36	1.1326e-32	0.00e+00	0.00e+00	3.3847e-02
4.31236e+18	6.3138e+03	3.742e-22	1.0000e+01	1.0874e+01	1.9948e-17	1.4158e-04	9.9986e-01	4.9315e-04	9.9555e-01	3.9567e-03	7.7197e-25	3.4366e-07	8.5347e-03	9.3074e-01	6.0712e-02	9.7153e-07	1.6642e-02	9.8163e-01	1.7317e-03	1.1755e-36	1.1755e-36	1.0906e-32	0.00e+00	0.00e+00	4.4507e-02
5.68408e+18	6.2782e+03	3.717e-22	1.0000e+01	1.0871e+01	2.0056e-17	1.4121e-04	9.9986e-01	4.9631e-04	9.9848e-01	1.0244e-03	7.6761e-25	3.4533e-07	8.5763e-03	9.3177e-01	5.9647e-02	9.8416e-07	1.6808e-02	9.8271e-01	4.7704e-04	1.1755e-36	1.1755e-36	1.0537e-32	0.00e+00	0.00e+00	5.8329e-02
7.46731e+18	6.2362e+03	3.692e-22	1.0000e+01	1.0871e+01	2.0128e-17	1.4089e-04	9.9986e-01	4.9899e-04	9.9929e-01	2.0837e-04	7.5826e-25	3.4735e-07	8.6286e-03	9.3288e-01	5.8492e-02	9.9707e-07	1.6953e-02	9.8294e-01	1.0560e-04	1.1755e-36	1.1755e-36	1.0018e-32	0.00e+00	0.00e+00	7.6258e-02
9.78551e+18	6.1943e+03	3.663e-22	1.0000e+01	1.0871e+01	1.9966e-17	1.4054e-04	9.9986e-01	5.0166e-04	9.9946e-01	3.5161e-05	7.4095e-25	3.4965e-07	8.6891e-03	9.3415e-01	5.7161e-02	1.0116e-06	1.7101e-02	9.8288e-01	1.9573e-05	1.1755e-36	1.1755e-36	9.2943e-33	0.00e+00	0.00e+00	9.9506e-02
1.27992e+19	6.1320e+03	3.636e-22	1.0000e+01	1.0871e+01	2.0313e-17	1.4054e-04	9.9986e-01	5.0594e-04	9.9949e-01	5.2328e-06	7.3565e-25	3.5355e-07	8.7827e-03	9.3579e-01	5.5425e-02	1.0340e-06	1.7318e-02	9.8268e-01	3.1822e-06	1.1755e-36	1.1755e-36	8.7722e-33	0.00e+00	0.00e+00	1.2973e-01
1.67169e+19	6.0691e+03	3.602e-22	1.0000e+01	1.0871e+01	1.9942e-17	1.4068e-04	9.9986e-01	5.1112e-04	9.9949e-01	7.0173e-07	7.0655e-25	3.5848e-07	8.8969e-03	9.3774e-01	5.3359e-02	1.0625e-06	1.7583e-02	9.8242e-01	4.6469e-07	1.1755e-36	1.1755e-36	7.6603e-33	0.00e+00	0.00e+00	1.6906e-01
2.18100e+19	5.9997e+03	3.564e-22	1.0000e+01	1.0871e+01	1.9566e-17	1.4121e-04	9.9986e-01	5.1799e-04	9.9948e-01	8.3575e-08	6.7835e-25	3.6537e-07	9.0465e-03	9.4011e-01	5.0848e-02	1.1012e-06	1.7924e-02	9.8207e-01	1.1755e-36	1.1755e-36	1.1755e-36	6.5843e-33	0.00e+00	0.00e+00	2.2038e-01
2.59231e+19	5.9052e+03	3.519e-22	1.0000e+01	1.0871e+01	1.9023e-17	1.4015e-04	9.9986e-01	5.2123e-04	9.9948e-01	1.7705e-08	6.2462e-25	3.6656e-07	9.1314e-03	9.4194e-01	4.8924e-02	1.1243e-06	1.8174e-02	9.8182e-01	1.1755e-36	1.1755e-36	1.1755e-36	5.3631e-33	0.00e+00	0.00e+00	2.4222e-01
2.85155e+19	5.8768e+03	3.503e-22	1.0000e+01	1.0871e+01	1.8675e-17	1.4053e-04	9.9986e-01	5.2452e-04	9.9948e-01	7.6667e-09	6.0798e-25	3.7009e-07	9.2037e-03	9.4300e-01	4.7792e-02	1.1438e-06	1.8341e-02	9.8166e-01	1.1755e-36	1.1755e-36	1.1755e-36	4.9133e-33	0.00e+00	0.00e+00	2.6631e-01
3.13670e+19	5.8484e+03	3.488e-22	1.0000e+01	1.0871e+01	1.8997e-17	1.4103e-04	9.9986e-01	5.2823e-04	9.9947e-01	3.2570e-09	6.1329e-25	3.7412e-07	9.2843e-03	9.4413e-01	4.6586e-02	1.1659e-06	1.8523e-02	9.8148e-01	1.1755e-36	1.1755e-36	1.1755e-36	4.8437e-33	0.00e+00	0.00e+00	2.9291e-01
3.45037e+19	5.8202e+03	3.472e-22	1.0000e+01	1.0871e+01	1.8531e-17	1.4168e-04	9.9986e-01	5.3237e-04	9.9947e-01	1.3567e-09	5.9399e-25	3.7860e-07	9.3731e-03	9.4532e-01	4.5307e-02	1.1906e-06	1.8721e-02	9.8128e-01	1.1755e-36	1.1755e-36	1.1755e-36	4.3623e-33	0.00e+00	0.00e+00	3.2230e-01
3.79541e+19	5.7931e+03	3.456e-22	1.0000e+01	1.0871e+01	1.8532e-17	1.4246e-04	9.9986e-01	5.3695e-04	9.9946e-01	5.5383e-10	5.9050e-25	3.8391e-07	9.4717e-03	9.4656e-01	4.3963e-02	1.2180e-06	1.8934e-02	9.8106e-01	1.1755e-36	1.1755e-36	1.1755e-36	4.1416e-33	0.00e+00	0.00e+00	3.5480e-01
4.17495e+19	5.7666e+03	3.440e-22	1.0000e+01	1.0871e+01	1.8585e-17	1.4343e-04	9.9986e-01	5.4212e-04	9.9946e-01	2.2142e-10	5.8949e-25	3.8995e-07	9.5812e-03	9.4788e-01	4.2534e-02	1.2491e-06	1.9172e-02	9.8083e-01	1.1755e-36	1.1755e-36	1.1755e-36	3.9518e-33	0.00e+00	0.00e+00	3.9080e-01
4.59244e+19	5.7419e+03	3.423e-22	1.0000e+01	1.0871e+01	1.8321e-17	1.4462e-04	9.9986e-01	5.4789e-04	9.9945e-01	8.6677e-11	5.7981e-25	3.9687e-07	9.7025e-03	9.4927e-01	4.1031e-02	1.2842e-06	1.9430e-02	9.8057e-01	1.1755e-36	1.1755e-36	1.1755e-36	3.6352e-33	0.00e+00	0.00e+00	4.3073e-01
5.05169e+19	5.7192e+03	3.408e-22	1.0000e+01	1.0870e+01	1.8320e-17	1.4606e-04	9.9985e-01	5.5438e-04	9.9945e-01	3.3233e-11	5.8002e-25	4.0485e-07	9.8380e-03	9.5071e-01	3.9451e-02	1.3240e-06	1.9716e-02	9.8028e-01	1.1755e-36	1.1755e-36	1.1755e-36	3.4529e-33	0.00e+00	0.00e+00	4.7509e-01
5.55686e+19	5.6993e+03	3.392e-22	1.0000e+01	1.0870e+01	1.8051e-17	1.4779e-04	9.9985e-01	5.6170e-04	9.9944e-01	1.2502e-11	5.7392e-25	4.1409e-07	9.9899e-03	9.5221e-01	3.7798e-02	1.3694e-06	2.0030e-02	9.7997e-01	1.1755e-36	1.1755e-36	1.1755e-36	3.1831e-33	0.00e+00	0.00e+00	5.2446e-01
6.11254e+19	5.6830e+03	3.377e-22	1.0000e+01	1.0870e+01	1.8115e-17	1.4989e-04	9.9985e-01	5.6998e-04	9.9943e-01	4.6401e-12	5.8042e-25	4.2479e-07	1.0160e-02	9.5377e-01	3.6072e-02	1.4212e-06	2.0375e-02	9.7962e-01	1.1755e-36	1.1755e-36	1.1755e-36	3.0606e-33	0.00e+00	0.00e+00	5.7954e-01
6.72379e+19	5.6712e+03	3.363e-22	1.0000e+01	1.0870e+01	1.7799e-17	1.5240e-04	9.9985e-01	5.7940e-04	9.9942e-01	1.7229e-12	5.7789e-25	4.3724e-07	1.0351e-02	9.5537e-01	3.4278e-02	1.4807e-06	2.0755e-02	9.7924e-01	1.1755e-36	1.1755e-36	1.1755e-36	2.8205e-33	0.00e+00	0.00e+00	6.4115e-01
7.39617e+19	5.6620e+03	3.351e-22	1.0000e+01	1.0870e+01	1.7939e-17	1.5551e-04	9.9984e-01	5.9045e-04	9.9941e-01	6.6084e-13	5.9289e-25	4.5208e-07	1.0573e-02	9.5703e-01	3.2400e-02	1.5516e-06	2.1194e-02	9.7880e-01	1.1755e-36	1.1755e-36	1.1755e-36	2.7492e-33	0.00e+00	0.00e+00	7.1030e-01
8.13579e+19	5.6617e+03	3.339e-22	1.0000e+01	1.0870e+01	1.7939e-17	1.5920e-04	9.9984e-01	6.0294e-04	9.9940e-01	2.7861e-13	6.0870e-25	4.6937e-07	1.0820e-02	9.5870e-01	3.0479e-02	1.6328e-06	2.1667e-02	9.7833e-01	1.1755e-36	1.1755e-36	1.1755e-36	2.6620e-33	0.00e+00	0.00e+00	7.8817e-01
8.94937e+19	5.6696e+03	3.329e-22	1.0000e+01	1.0870e+01	1.7840e-17	1.6367e-04	9.9984e-01	6.1741e-04	9.9938e-01	1.3943e-13	6.2725e-25	4.8977e-07	1.1103e-02	9.6039e-01	2.8507e-02	1.7286e-06	2.2195e-02	9.7780e-01	1.1755e-36	1.1755e-36	1.1755e-36	2.5682e-33	0.00e+00	0.00e+00	8.7623e-01
9.84431e+19	5.6873e+03	3.321e-22	1.0000e+01	1.0870e+01	1.8755e-17	1.6911e-04	9.9983e-01	6.3431e-04	9.9937e-01	8.5519e-14	6.8855e-25	5.1393e-07	1.1429e-02	9.6208e-01	2.6492e-02	1.8429e-06	2.2789e-02	9.7721e-01	1.1755e-36	1.1755e-36	1.1755e-36	2.8214e-33	0.00e+00	0.00e+00	9.7631e-01
1.08287e+20	5.7157e+03	3.316e-22	1.0000e+01	1.0870e+01	1.9524e-17	1.7580e-04	9.9982e-01	6.5434e-04	9.9935e-01	6.1304e-14	7.5907e-25	5.4346e-07	1.1812e-02	9.6375e-01	2.4439e-02	1.9826e-06	2.3471e-02	9.7653e-01	1.1755e-36	1.1755e-36	1.1755e-36	3.0730e-33	0.00e+00	0.00e+00	1.0908e+00
1.19116e+20	5.7589e+03	3.315e-22	1.0000e+01	1.0870e+01	1.9951e-17	1.8407e-04	9.9982e-01	6.7830e-04	9.9932e-01	4.7716e-14	8.3660e-25	5.7961e-07	1.2264e-02	9.6537e-01	2.2367e-02	2.1551e-06	2.4255e-02	9.7574e-01	1.1755e-36	1.1755e-36	1.1755e-36	3.2751e-33	0.00e+00	0.00e+00	1.2226e+00
1.31028e+20	5.8238e+03	3.315e-22	1.0000e+01	1.0870e+01	2.1364e-17	1.9429e-04	9.9981e-01	7.0700e-04	9.9929e-01	3.8344e-14	9.8580e-25	6.2358e-07	1.2797e-02	9.6690e-01	2.0298e-02	2.3695e-06	2.5143e-02	9.7485e-01	1.1755e-36	1.1755e-36	1.1755e-36	3.9771e-33	0.00e+00	0.00e+00	1.3756e+00
1.44131e+20	5.9009e+03	3.325e-22	1.0000e+01	1.0869e+01	2.3052e-17	2.0752e-04	9.9979e-01	7.4306e-04	9.9926e-01	3.0981e-14	1.1950e-24	6.7981e-07	1.3459e-02	9.6833e-01	1.8212e-02	2.6527e-06	2.6224e-02	9.7377e-01	1.1755e-36	1.1755e-36	1.1755e-36	4.9520e-33	0.00e+00	0.00e+00	1.5554e+00
1.58544e+20	5.9953e+03	3.345e-22	1.0000e+01	1.0869e+01	2.6116e-17	2.2485e-04	9.9978e-01	7.8905e-04	9.9921e-01	2.4889e-14	1.5610e-24	7.5280e-07	1.4295e-02	9.6957e-01	1.6130e-02	3.0375e-06	2.7554e-02	9.7244e-01	1.1755e-36	1.1755e-36	1.1755e-36	6.9606e-33	0.00e+00	0.00e+00	1.7698e+00
1.74398e+20	6.1214e+03	3.373e-22	1.0000e+01	1.0869e+01	2.9902e-17	2.4779e-04	9.9975e-01	8.4826e-04	9.9915e-01	1.9791e-14	2.1510e-24	8.4868e-07	1.5359e-02	9.7055e-01	1.4092e-02	3.5754e-06	2.9198e-02	9.7080e-01	1.1755e-36	1.1755e-36	1.1755e-36	1.0417e-32	0.00e+00	0.00e+00	2.0296e+00
1.91838e+20	6.2787e+03	3.415e-22	1.0000e+01	1.0869e+01	3.5414e-17	2.7939e-04	9.9972e-01	9.2761e-04	9.9907e-01	1.5511e-14	3.2247e-24	9.7983e-07	1.6773e-02	9.7113e-01	1.2099e-02	4.3761e-06	3.1324e-02	9.6867e-01	1.1755e-36	1.1755e-36	1.1755e-36	1.7330e-32	0.00e+00	0.00e+00	2.3518e+00
2.11021e+20	6.4726e+03	3.477e-22	1.0000e+01	1.0868e+01	4.3915e-17	3.2489e-04	9.9968e-01	1.0391e-03	9.9896e-01	1.1938e-14	5.4132e-24	1.1661e-06	1.8735e-02	9.7110e-01	1.0162e-02	5.6605e-06	3.4199e-02	9.6580e-01	1.1755e-36	1.1755e-36	1.1755e-36	3.2969e-32	0.00e+00	0.00e+00	2.7640e+00
2.29722e+20	6.6939e+03	3.558e-22	1.0000e+01	1.0867e+01	5.5787e-17	3.8561e-04	9.9961e-01	1.1814e-03	9.9882e-01	9.0576e-15	9.7264e-24	1.4074e-06	2.1206e-02	9.7024e-01	8.5507e-03	7.6080e-06	3.7742e-02	9.6225e-01	1.1755e-36	1.1755e-36	1.1755e-36	6.7614e-32	0.00e+00	0.00e+00	3.1851e+00
2.45272e+20	6.9010e+03	3.645e-22	1.0000e+01	1.0866e+01	7.1494e-17	4.5632e-04	9.9954e-01	1.3428e-03	9.9866e-01	7.3584e-15	1.7580e-23	1.6818e-06	2.3972e-02	9.6868e-01	7.3460e-03	1.0250e-05	4.1653e-02	9.5834e-01	1.1755e-36	1.1755e-36	1.1755e-36	1.3865e-31	0.00e+00	0.00e+00	3.5826e+00
2.58042e+20	7.0829e+03	3.728e-22	1.0000e+01	1.0865e+01	9.1539e-17	5.3561e-04	9.9946e-01	1.5216e-03	9.9848e-01	6.2261e-15	3.1316e-23	1.9846e-06	2.6999e-02	9.6659e-01	6.4130e-03	1.3726e-05	4.5889e-02	9.5410e-01	1.1755e-36	1.1755e-36	1.1755e-36	2.7567e-31	0.00e+00	0.00e+00	3.9795e+00
2.69324e+20	7.2507e+03	3.811e-22	1.0000e+01	1.0864e+01	1.1800e-16	6.2958e-04	9.9937e-01	1.7320e-03	9.9827e-01	5.3443e-15	5.6507e-23	2.3384e-06	3.0517e-02	9.6386e-01	5.6205e-03	1.8589e-05	5.0800e-02	9.4918e-01	1.1755e-36	1.1755e-36	1.1755e-36	5.4682e-31	0.00e+00	0.00e+00	4.4097e+00
2.78777e+20	7.4032e+03	3.891e-22	1.0000e+01	1.0863e+01	1.5142e-16	7.3537e-04	9.9926e-01	1.9630e-03	9.9804e-01	4.6010e-15	1.0021e-22	2.7254e-06	3.4342e-02	9.6066e-01	4.9969e-03	2.5032e-05	5.6191e-02	9.4378e-01	1.1755e-36	1.1755e-36	1.1755e-36	1.0565e-30	0.00e+00	0.00e+00	4.7848e+00
2.85914e+20	7.5231e+03	3.957e-22	1.0000e+01	1.0862e+01	1.8906e-16	8.3999e-04	9.9916e-01	2.1911e-03	9.9781e-01	4.1620e-15	1.6527e-22	3.1012e-06	3.8053e-02	9.5741e-01	4.5308e-03	3.2472e-05	6.1456e-02	9.3851e-01	1.1755e-36	1.1755e-36	1.1755e-36	1.8686e-30	0.00e+00	0.00e+00	5.1133e+00
2.91747e+20	7.6221e+03	4.014e-22	1.0000e+01	1.0860e+01	2.3219e-16	9.4720e-04	9.9905e-01	2.4252e-03	9.9757e-01	3.8395e-15	2.6138e-22	3.4823e-06	4.1814e-02	9.5404e-01	4.1449e-03	4.1248e-05	6.6827e-02	9.3313e-01	1.1755e-36	1.1755e-36	1.1755e-36	3.1329e-30	0.00e+00	0.00e+00	5.4405e+00
2.96470e+20	7.7066e+03	4.063e-22	1.0000e+01	1.0859e+01	2.7827e-16	1.0538e-03	9.9895e-01	2.6546e-03	9.9735e-01	3.5415e-15	3.9228e-22	3.8535e-06	4.5462e-02	9.5069e-01	3.8409e-03	5.1140e-05	7.2136e-02	9.2781e-01	1.1755e-36	1.1755e-36	1.1755e-36	4.9263e-30	0.00e+00	0.00e+00	5.7048e+00
3.00065e+20	7.7699e+03	4.102e-22	1.0000e+01	1.0858e+01	3.2485e-16	1.1512e-03	9.9885e-01	2.8661e-03	9.9713e-01	3.3734e-15	5.5167e-22	4.1885e-06	4.8774e-02	9.4762e-01	3.6038e-03	6.1235e-05	7.6990e-02	9.2295e-01	1.1755e-36	1.1755e-36	1.1755e-36	7.1906e-30	0.00e+00	0.00e+00	5.9386e+00
3.03248e+20	7.8269e+03	4.137e-22	1.0000e+01	1.0856e+01	3.7660e-16	1.2514e-03	9.9875e-01	3.0833e-03	9.9692e-01	3.2273e-15	7.6352e-22	4.5320e-06	5.2152e-02	9.4446e-01	3.3880e-03	7.2703e-05	8.1980e-02	9.1795e-01	1.1755e-36	1.1755e-36	1.1755e-36	1.0295e-29	0.00e+00	0.00e+00	6.1873e+00
3.06868e+20	7.8802e+03	4.180e-22	1.0000e+01	1.0855e+01	4.5779e-16	1.3868e-03	9.9861e-01	3.3790e-03	9.9662e-01	3.0526e-15	1.1479e-21	4.9944e-06	5.6707e-02	9.4016e-01	3.1289e-03	8.9914e-05	8.8721e-02	9.1119e-01	1.1755e-36	1.1755e-36	1.1755e-36	1.6157e-29	0.00e+00	0.00e+00	6.5455e+00
3.10545e+20	7.9575e+03	4.220e-22	1.0000e+01	1.0853e+01	5.5699e-16	1.5522e-03	9.9845e-01	3.7341e-03	9.9627e-01	2.7873e-15	1.7821e-21	5.5358e-06	6.2076e-02	9.3503e-01	2.8839e-03	1.1381e-04	9.6972e-02	9.0291e-01	1.1755e-36	1.1755e-36	1.1755e-36	2.6135e-29	0.00e+00	0.00e+00	6.8650e+00
3.13308e+20	8.0107e+03	4.256e-22	1.0000e+01	1.0851e+01	6.6026e-16	1.7056e-03	9.9829e-01	4.0586e-03	9.9594e-01	2.6465e-15	2.5740e-21	6.0262e-06	6.6896e-02	9.3040e-01	2.6948e-03	1.3869e-04	1.0462e-01	8.9524e-01	1.1755e-36	1.1755e-36	1.1755e-36	3.9043e-29	0.00e+00	0.00e+00	7.1090e+00
3.15393e+20	8.0523e+03	4.282e-22	1.0000e+01	1.0849e+01	7.6064e-16	1.8412e-03	9.9816e-01	4.3491e-03	9.9565e-01	2.5742e-15	3.4884e-21	6.4617e-06	7.1196e-02	9.2625e-01	2.5464e-03	1.6299e-04	1.1139e-01	8.8844e-01	1.1755e-36	1.1755e-36	1.1755e-36	5.4420e-29	0.00e+00	0.00e+00	7.3303e+00
3.17582e+20	8.0927e+03	4.309e-22	1.0000e+01	1.0847e+01	8.9216e-16	2.0046e-03	9.9800e-01	4.7042e-03	9.9530e-01	2.4966e-15	4.8995e-21	6.9839e-06	7.6361e-02	9.2125e-01	2.3804e-03	1.9518e-04	1.1959e-01	8.8021e-01	1.1755e-36	1.1755e-36	1.1755e-36	7.8669e-29	0.00e+00	0.00e+00	7.6435e+00
3.19942e+20	8.1413e+03	4.340e-22	1.0000e+01	1.0845e+01	1.0705e-15	2.2123e-03	9.9779e-01	5.1462e-03	9.9485e-01	2.3428e-15	7.2406e-21	7.6228e-06	8.2664e-02	9.1512e-01	2.2061e-03	2.4071e-04	1.3005e-01	8.6971e-01	1.1755e-36	1.1755e-36	1.1755e-36	1.2020e-28	0.00e+00	0.00e+00	7.9570e+00
3.21918e+20	8.1751e+03	4.371e-22	1.0000e+01	1.0842e+01	1.2757e-15	2.4255e-03	9.9757e-01	5.5959e-03	9.9440e-01	2.2311e-15	1.0412e-20	8.2627e-06	8.9005e-02	9.0893e-01	2.0557e-03	2.9256e-04	1.4072e-01	8.5899e-01	1.1755e-36	1.1755e-36	1.1755e-36	1.7800e-28	0.00e+00	0.00e+00	8.2183e+00
3.23474e+20	8.2124e+03	4.392e-22	1.0000e+01	1.0840e+01	1.4696e-15	2.6191e-03	9.9738e-01	6.0040e-03	9.9400e-01	2.1676e-15	1.4111e-20	8.8308e-06	9.4626e-02	9.0343e-01	1.9354e-03	3.4468e-04	1.5049e-01	8.4917e-01	1.1755e-36	1.1755e-36	1.1755e-36	2.4742e-28	0.00e+00	0.00e+00	8.4507e+00
3.24866e+20	8.2419e+03	4.412e-22	1.0000e+01	1.0837e+01	1.6883e-15	2.8188e-03	9.9718e-01	6.4288e-03	9.9357e-01	2.1116e-15	1.8898e-20	9.4154e-06	1.0044e-01	8.9773e-01	1.8229e-03	4.0315e-04	1.6055e-01	8.3905e-01	1.1755e-36	1.1755e-36	1.1755e-36	3.3892e-28	0.00e+00	0.00e+00	8.6957e+00
3.26449e+20	8.2704e+03	4.435e-22	1.0000e+01	1.0834e+01	2.0067e-15	3.0809e-03	9.9692e-01	6.9929e-03	9.9301e-01	2.0426e-15	2.6976e-20	1.0178e-05	1.0800e-01	8.9030e-01	1.6887e-03	4.8734e-04	1.7378e-01	8.2573e-01	1.1755e-36	1.1755e-36	1.1755e-36	4.9745e-28	0.00e+00	0.00e+00	9.0439e+00
3.28084e+20	8.3141e+03	4.459e-22	1.0000e+01	1.0831e+01	2.4160e-15	3.4036e-03	9.9660e-01	7.6657e-03	9.9233e-01	1.9263e-15	3.9977e-20	1.1067e-05	1.1681e-01	8.8163e-01	1.5539e-03	6.0265e-04	1.9005e-01	8.0935e-01	1.1755e-36	1.1755e-36	1.1755e-36	7.6177e-28	0.00e+00	0.00e+00	9.3615e+00
3.29356e+20	8.3388e+03	4.483e-22	1.0000e+01	1.0828e+01	2.8558e-15	3.7119e-03	9.9629e-01	8.3002e-03	9.9170e-01	1.8558e-15	5.6111e-20	1.1885e-05	1.2493e-01	8.7361e-01	1.4440e-03	7.2384e-04	2.0538e-01	7.9390e-01	1.1755e-36	1.1755e-36	1.1755e-36	1.0986e-27	0.00e+00	0.00e+00	9.6113e+00
3.30344e+20	8.3610e+03	4.500e-22	1.0000e+01	1.0824e+01	3.2762e-15	3.9878e-03	9.9601e-01	8.8724e-03	9.9113e-01	1.8165e-15	7.4294e-20	1.2607e-05	1.3213e-01	8.6650e-01	1.3559e-03	8.4219e-04	2.1907e-01	7.8008e-01	1.1755e-36	1.1755e-36	1.1755e-36	1.4870e-27	0.00e+00	0.00e+00	9.8407e+00
3.31392e+20	8.3853e+03	4.516e-22	1.0000e+01	1.0820e+01	3.8212e-15	4.3178e-03	9.9568e-01	9.5734e-03	9.9043e-01	1.7757e-15	1.0175e-19	1.3476e-05	1.4077e-01	8.5795e-01	1.2584e-03	9.9619e-04	2.3545e-01	7.6355e-01	1.1755e-36	1.1755e-36	1.1755e-36	2.0874e-27	0.00e+00	0.00e+00	1.0164e+01
3.32532e+20	8.4187e+03	4.533e-22	1.0000e+01	1.0816e+01	4.5640e-15	4.7420e-03	9.9526e-01	1.0449e-02	9.8955e-01	1.6972e-15	1.4661e-19	1.4532e-05	1.5132e-01	8.4751e-01	1.1534e-03	1.2125e-03	2.5621e-01	7.4258e-01	1.1755e-36	1.1755e-36	1.1755e-36	3.1001e-27	0.00e+00	0.00e+00	1.0491e+01
3.33504e+20	8.4396e+03	4.554e-22	1.0000e+01	1.0811e+01	5.4281e-15	5.1837e-03	9.9482e-01	1.1344e-02	9.8866e-01	1.6347e-15	2.0644e-19	1.5579e-05	1.6179e-01	8.3714e-01	1.0608e-03	1.4577e-03	2.7726e-01	7.2128e-01	1.1755e-36	1.1755e-36	1.1755e-36	4.4932e-27	0.00e+00	0.00e+00	1.0769e+01
3.34286e+20	8.4600e+03	4.570e-22	1.0000e+01	1.0805e+01	6.2964e-15	5.5975e-03	9.9440e-01	1.2183e-02	9.8782e-01	1.5946e-15	2.7698e-19	1.6532e-05	1.7135e-01	8.2765e-01	9.8460e-04	1.7070e-03	2.9668e-01	7.0162e-01	1.1755e-36	1.1755e-36	1.1755e-36	6.1820e-27	0.00e+00	0.00e+00	1.1021e+01
3.34995e+20	8.4781e+03	4.583e-22	1.0000e+01	1.0800e+01	7.2693e-15	6.0274e-03	9.9397e-01	1.3059e-02	9.8694e-01	1.5583e-15	3.6732e-19	1.7505e-05	1.8111e-01	8.1796e-01	9.1366e-04	1.9850e-03	3.1647e-01	6.8155e-01	1.1755e-36	1.1755e-36	1.1755e-36	8.3981e-27	0.00e+00	0.00e+00	1.1290e+01
3.35807e+20	8.4997e+03	4.596e-22	1.0000e+01	1.0794e+01	8.6510e-15	6.5910e-03	9.9341e-01	1.4228e-02	9.8577e-01	1.5152e-15	5.1651e-19	1.8768e-05	1.9376e-01	8.0539e-01	8.3059e-04	2.3787e-03	3.4188e-01	6.5574e-01	1.1755e-36	1.1755e-36	1.1755e-36	1.2154e-26	0.00e+00	0.00e+00	1.1672e+01
3.36654e+20	8.5234e+03	4.615e-22	1.0000e+01	1.0786e+01	1.0596e-14	7.3146e-03	9.9269e-01	1.5662e-02	9.8434e-01	1.4439e-15	7.6115e-19	2.0259e-05	2.0874e-01	7.9050e-01	7.4422e-04	2.9238e-03	3.7288e-01	6.2419e-01	1.1755e-36	1.1755e-36	1.1755e-36	1.8581e-26	0.00e+00	0.00e+00	1.2031e+01
3.37329e+20	8.5414e+03	4.632e-22	1.0000e+01	1.0776e+01	1.2686e-14	8.0245e-03	9.9198e-01	1.7043e-02	9.8296e-01	1.3949e-15	1.0666e-18	2.1625e-05	2.2264e-01	7.7666e-01	6.7386e-04	3.4996e-03	4.0166e-01	5.9484e-01	1.1755e-36	1.1755e-36	1.1755e-36	2.6883e-26	0.00e+00	0.00e+00	1.2320e+01
3.37861e+20	8.5571e+03	4.645e-22	1.0000e+01	1.0769e+01	1.4790e-14	8.6771e-03	9.9132e-01	1.8314e-02	9.8169e-01	1.3643e-15	1.4168e-18	2.2849e-05	2.3493e-01	7.6443e-01	6.1748e-04	4.0642e-03	4.2697e-01	5.6897e-01	1.1755e-36	1.1755e-36	1.1755e-36	3.6788e-26	0.00e+00	0.00e+00	1.2590e+01
3.38427e+20	8.5662e+03	4.657e-22	1.0000e+01	1.0760e+01	1.7641e-14	9.4750e-03	9.9052e-01	1.9908e-02	9.8009e-01	1.3322e-15	1.9468e-18	2.4334e-05	2.4987e-01	7.4955e-01	5.5609e-04	4.7956e-03	4.5635e-01	5.3886e-01	1.1755e-36	1.1755e-36	1.1755e-36	5.2147e-26	0.00e+00	0.00e+00	1.2973e+01
3.39051e+20	8.5859e+03	4.671e-22	1.0000e+01	1.0749e+01	2.1736e-14	1.0540e-02	9.8946e-01	2.1950e-02	9.7805e-01	1.2766e-15	2.8330e-18	2.6145e-05	2.6821e-01	7.3128e-01	4.8984e-04	5.8297e-03	4.9254e-01	5.0163e-01	1.1755e-36	1.1755e-36	1.1755e-36	7.9099e-26	0.00e+00	0.00e+00	1.3377e+01
3.39593e+20	8.5958e+03	4.690e-22	1.0000e+01	1.0736e+01	2.6807e-14	1.1706e-02	9.8829e-01	2.4116e-02	9.7588e-01	1.2288e-15	4.0598e-18	2.7964e-05	2.8668e-01	7.1286e-01	4.3151e-04	7.0231e-03	5.2822e-01	4.6476e-01	1.1755e-36	1.1755e-36	1.1755e-36	1.1829e-25	0.00e+00	0.00e+00	1.3731e+01
3.40035e+20	8.6025e+03	4.704e-22	1.0000e+01	1.0722e+01	3.2348e-14	1.2857e-02	9.8714e-01	2.6230e-02	9.7377e-01	1.1942e-15	5.5632e-18	2.9648e-05	3.0384e-01	6.9574e-01	3.8388e-04	8.2557e-03	5.6001e-01	4.3173e-01	1.1755e-36	1.1755e-36	1.1755e-36	1.6849e-25	0.00e+00	0.00e+00	1.4059e+01
3.40440e+20	8.6046e+03	4.718e-22	1.0000e+01	1.0708e+01	3.9018e-14	1.4101e-02	9.8590e-01	2.8515e-02	9.7149e-01	1.1620e-15	7.5531e-18	3.1381e-05	3.2151e-01	6.7812e-01	3.4052e-04	9.6417e-03	5.9101e-01	3.9935e-01	1.1755e-36	1.1755e-36	1.1755e-36	2.3778e-25	0.00e+00	0.00e+00	1.4419e+01
3.40904e+20	8.6013e+03	4.731e-22	1.0000e+01	1.0690e+01	4.9318e-14	1.5805e-02	9.8420e-01	3.1664e-02	9.6834e-01	1.1237e-15	1.0952e-17	3.3647e-05	3.4453e-01	6.5515e-01	2.9147e-04	1.1611e-02	6.2840e-01	3.5999e-01	1.1755e-36	1.1755e-36	1.1755e-36	3.6181e-25	0.00e+00	0.00e+00	1.4942e+01
3.41396e+20	8.5962e+03	4.751e-22	1.0000e+01	1.0660e+01	6.5611e-14	1.8173e-02	9.8183e-01	3.5769e-02	9.6423e-01	1.0639e-15	1.6930e-17	3.6344e-05	3.7243e-01	6.2729e-01	2.4106e-04	1.4430e-02	6.7122e-01	3.1435e-01	1.1755e-36	1.1755e-36	1.1755e-36	5.9558e-25	0.00e+00	0.00e+00	1.5471e+01
3.41803e+20	8.5895e+03	4.774e-22	1.0000e+01	1.0636e+01	8.6505e-14	2.0775e-02	9.7922e-01	4.0063e-02	9.5994e-01	1.0183e-15	2.5400e-17	3.8966e-05	3.9924e-01	6.0052e-01	2.0023e-04	1.7609e-02	7.0886e-01	2.7353e-01	1.1755e-36	1.1755e-36	1.1755e-36	9.5659e-25	0.00e+00	0.00e+00	1.5933e+01
3.42131e+20	8.5750e+03	4.788e-22	1.0000e+01	1.0600e+01	1.1113e-13	2.3438e-02	9.7656e-01	4.4378e-02	9.5562e-01	9.8260e-16	3.6143e-17	4.1327e-05	4.2415e-01	5.7564e-01	1.6838e-04	2.0920e-02	7.3962e-01	2.3946e-01	1.1755e-36	1.1755e-36	1.1755e-36	1.4431e-24	0.00e+00	0.00e+00	1.6382e+01
3.42480e+20	8.5552e+03	4.794e-22	1.0000e+01	1.0555e+01	1.4843e-13	2.6902e-02	9.7310e-01	5.0057e-02	9.4994e-01	9.4490e-16	5.3750e-17	4.4150e-05	4.5406e-01	5.4576e-01	1.3646e-04	2.5298e-02	7.7121e-01	2.0350e-01	1.1755e-36	1.1755e-36	1.1755e-36	2.2999e-24	0.00e+00	0.00e+00	1.7053e+01
3.42856e+20	8.5152e+03	4.815e-22	1.0000e+01	1.0495e+01	2.1635e-13	3.2085e-02	9.6792e-01	5.7862e-02	9.4214e-01	8.8456e-16	8.7356e-17	4.7597e-05	4.9077e-01	5.0908e-01	1.0436e-04	3.1864e-02	8.0418e-01	1.6396e-01	1.1755e-36	1.1755e-36	1.1755e-36	4.1163e-24	0.00e+00	0.00e+00	1.7775e+01
3.43166e+20	8.4775e+03	4.832e-22	1.0000e+01	1.0425e+01	3.1459e-13	3.8241e-02	9.6176e-01	6.6362e-02	9.3364e-01	8.3513e-16	1.3907e-16	5.0846e-05	5.2626e-01	4.7361e-01	7.9584e-05	3.9672e-02	8.2945e-01	1.3088e-01	1.1755e-36	1.1755e-36	1.1755e-36	7.2653e-24	0.00e+00	0.00e+00	1.8415e+01
3.43380e+20	8.4378e+03	4.848e-22	1.0000e+01	1.0360e+01	4.2857e-13	4.4117e-02	9.5588e-01	7.3847e-02	9.2615e-01	7.9893e-16	2.0048e-16	5.3326e-05	5.5405e-01	4.4584e-01	6.3708e-05	4.7098e-02	8.4455e-01	1.0836e-01	1.1755e-36	1.1755e-36	1.1755e-36	1.1434e-23	0.00e+00	0.00e+00	1.8866e+01
3.43525e+20	8.3986e+03	4.858e-22	1.0000e+01	1.0316e+01	5.4352e-13	4.9139e-02	9.5086e-01	7.9988e-02	9.2001e-01	7.7816e-16	2.6306e-16	5.5228e-05	5.7517e-01	4.2472e-01	5.3573e-05	5.3423e-02	8.5296e-01	9.3620e-02	1.1755e-36	1.1755e-36	1.1755e-36	1.6051e-23	0.00e+00	0.00e+00	1.9266e+01
3.43673e+20	8.3588e+03	4.847e-22	1.0000e+01	1.0244e+01	6.9661e-13	5.4993e-02	9.4501e-01	8.7275e-02	9.1272e-01	7.5437e-16	3.4783e-16	5.7140e-05	5.9789e-01	4.0201e-01	4.4282e-05	6.0794e-02	8.5938e-01	7.9825e-02	1.1755e-36	1.1755e-36	1.1755e-36	2.2731e-23	0.00e+00	0.00e+00	1.9847e+01
3.43841e+20	8.2994e+03	4.843e-22	1.0000e+01	1.0161e+01	9.6299e-13	6.3584e-02	9.3642e-01	9.7025e-02	9.0297e-01	7.1805e-16	4.9462e-16	5.9463e-05	6.2551e-01	3.7439e-01	3.4691e-05	7.1526e-02	8.6358e-01	6.4890e-02	1.1755e-36	1.1755e-36	1.1755e-36	3.5497e-23	0.00e+00	0.00e+00	2.0517e+01
3.43989e+20	8.2668e+03	4.820e-22	1.0000e+01	1.0054e+01	1.3185e-12	7.3602e-02	9.2640e-01	1.0731e-01	8.9269e-01	6.8480e-16	6.9906e-16	6.1404e-05	6.5155e-01	3.4836e-01	2.7109e-05	8.3957e-02	8.6372e-01	5.2319e-02	1.1755e-36	1.1755e-36	1.1755e-36	5.5463e-23	0.00e+00	0.00e+00	2.1120e+01
3.44105e+20	8.2308e+03	4.798e-22	1.0000e+01	9.9613e+00	1.7482e-12	8.3796e-02	9.1620e-01	1.1706e-01	8.8294e-01	6.5935e-16	9.4529e-16	6.3026e-05	6.7382e-01	3.2609e-01	2.1718e-05	9.6507e-02	8.6040e-01	4.3092e-02	1.1755e-36	1.1755e-36	1.1755e-36	8.2172e-23	0.00e+00	0.00e+00	2.1660e+01
3.44202e+20	8.1937e+03	4.761e-22	1.0000e+01	9.8521e+00	2.2610e-12	9.4202e-02	9.0580e-01	1.2654e-01	8.7346e-01	6.3696e-16	1.2346e-15	6.4258e-05	6.9336e-01	3.0656e-01	1.7703e-05	1.0923e-01	8.5476e-01	3.6010e-02	1.1755e-36	1.1755e-36	1.1755e-36	1.1642e-22	0.00e+00	0.00e+00	2.2207e+01
3.44308e+20	8.1450e+03	4.686e-22	1.0000e+01	9.6792e+00	3.0368e-12	1.0753e-01	8.9247e-01	1.3841e-01	8.6159e-01	6.1150e-16	1.6582e-15	6.5281e-05	7.1527e-01	2.8465e-01	1.3922e-05	1.2543e-01	8.4540e-01	2.9173e-02	1.1755e-36	1.1755e-36	1.1755e-36	1.7069e-22	0.00e+00	0.00e+00	2.3020e+01
3.44419e+20	8.0948e+03	4.608e-22	1.0000e+01	9.4977e+00	4.3426e-12	1.2654e-01	8.7346e-01	1.5312e-01	8.4688e-01	5.7800e-16	2.3737e-15	6.6373e-05	7.3972e-01	2.6020e-01	1.0408e-05	1.4826e-01	8.2927e-01	2.2465e-02	1.1755e-36	1.1755e-36	1.1755e-36	2.7475e-22	0.00e+00	0.00e+00	2.3846e+01
3.44507e+20	8.0692e+03	4.497e-22	1.0000e+01	9.2643e+00	5.8800e-12	1.4577e-01	8.5423e-01	1.6637e-01	8.3363e-01	5.5183e-16	3.2069e-15	6.6555e-05	7.5903e-01	2.4090e-01	8.0785e-06	1.7112e-01	8.1115e-01	1.7735e-02	1.1755e-36	1.1755e-36	1.1755e-36	4.0995e-22	0.00e+00	0.00e+00	2.4516e+01
3.44574e+20	8.0259e+03	4.407e-22	1.0000e+01	9.0873e+00	7.6708e-12	1.6421e-01	8.3579e-01	1.7825e-01	8.2175e-01	5.3363e-16	4.1299e-15	6.6765e-05	7.7505e-01	2.2487e-01	6.4946e-06	1.9279e-01	7.9272e-01	1.4491e-02	1.1755e-36	1.1755e-36	1.1755e-36	5.7487e-22	0.00e+00	0.00e+00	2.5146e+01
3.44635e+20	7.9942e+03	4.288e-22	1.0000e+01	8.8706e+00	9.7666e-12	1.8322e-01	8.1678e-01	1.8987e-01	8.1013e-01	5.1607e-16	5.1805e-15	6.6482e-05	7.8922e-01	2.1071e-01	5.2851e-06	2.1492e-01	7.7315e-01	1.1929e-02	1.1755e-36	1.1755e-36	1.1755e-36	7.7681e-22	0.00e+00	0.00e+00	2.5841e+01
3.44704e+20	7.9508e+03	4.124e-22	1.0000e+01	8.5974e+00	1.3066e-11	2.0876e-01	7.9124e-01	2.0489e-01	7.9511e-01	4.9563e-16	6.7675e-15	6.5925e-05	8.0590e-01	1.9403e-01	4.0980e-06	2.4431e-01	7.4631e-01	9.3764e-03	1.1755e-36	1.1755e-36	1.1755e-36	1.1074e-21	0.00e+00	0.00e+00	2.6871e+01
3.44776e+20	7.8898e+03	3.925e-22	1.0000e+01	8.2436e+00	1.8421e-11	2.4283e-01	7.5717e-01	2.2196e-01	7.7804e-01	4.7099e-16	9.1527e-15	6.4721e-05	8.2307e-01	1.7686e-01	3.0679e-06	2.8290e-01	7.1006e-01	7.0387e-03	1.1755e-36	1.1755e-36	1.1755e-36	1.6537e-21	0.00e+00	0.00e+00	2.7887e+01
3.44833e+20	7.8392e+03	3.725e-22	1.0000e+01	7.8983e+00	2.4683e-11	2.7619e-01	7.2381e-01	2.3668e-01	7.6332e-01	4.5451e-16	1.1760e-14	6.3145e-05	8.3671e-01	1.6322e-01	2.3895e-06	3.2006e-01	6.7450e-01	5.4416e-03	1.1755e-36	1.1755e-36	1.1755e-36	2.3024e-21	0.00e+00	0.00e+00	2.8734e+01
3.44879e+20	7.7865e+03	3.548e-22	1.0000e+01	7.6051e+00	3.1525e-11	3.0664e-01	6.9336e-01	2.4968e-01	7.5032e-01	4.4254e-16	1.4393e-14	6.1735e-05	8.4776e-01	1.5218e-01	1.9352e-06	3.5345e-01	6.4218e-01	4.3680e-03	1.1755e-36	1.1755e-36	1.1755e-36	3.0012e-21	0.00e+00	0.00e+00	2.9544e+01
3.44921e+20	7.7316e+03	3.353e-22	1.0000e+01	7.2834e+00	3.9698e-11	3.3775e-01	6.6225e-01	2.6243e-01	7.3757e-01	4.3180e-16	1.7245e-14	5.9952e-05	8.5779e-01	1.4215e-01	1.5801e-06	3.8708e-01	6.0940e-01	3.5185e-03	1.1755e-36	1.1755e-36	1.1755e-36	3.7810e-21	0.00e+00	0.00e+00	3.0470e+01
3.44962e+20	7.6824e+03	3.142e-22	1.0000e+01	6.9212e+00	4.9450e-11	3.7044e-01	6.2956e-01	2.7491e-01	7.2509e-01	4.2076e-16	2.0360e-14	5.7708e-05	8.6680e-01	1.3314e-01	1.2974e-06	4.2188e-01	5.7530e-01	2.8228e-03	1.1755e-36	1.1755e-36	1.1755e-36	4.6433e-21	0.00e+00	0.00e+00	3.1389e+01
3.44997e+20	7.6185e+03	2.965e-22	1.0000e+01	6.6217e+00	6.0630e-11	4.0167e-01	5.9833e-01	2.8622e-01	7.1378e-01	4.1240e-16	2.3572e-14	5.5835e-05	8.7468e-01	1.2527e-01	1.0881e-06	4.5462e-01	5.4307e-01	2.3111e-03	1.1755e-36	1.1755e-36	1.1755e-36	5.5642e-21	0.00e+00	0.00e+00	3.2150e+01
3.45025e+20	7.5787e+03	2.802e-22	1.0000e+01	6.3410e+00	7.0436e-11	4.2692e-01	5.7308e-01	2.9503e-01	7.0497e-01	4.0847e-16	2.6157e-14	5.3924e-05	8.8055e-01	1.1940e-01	9.4633e-07	4.8076e-01	5.1728e-01	1.9614e-03	1.1755e-36	1.1755e-36	1.1755e-36	6.2730e-21	0.00e+00	0.00e+00	3.2866e+01
3.45051e+20	7.5232e+03	2.661e-22	1.0000e+01	6.1009e+00	8.1546e-11	4.5114e-01	5.4886e-01	3.0378e-01	6.9622e-01	4.0389e-16	2.8773e-14	5.2300e-05	8.8604e-01	1.1390e-01	8.3056e-07	5.0554e-01	4.9277e-01	1.6830e-03	1.1755e-36	1.1755e-36	1.1755e-36	6.9953e-21	0.00e+00	0.00e+00	3.3550e+01
3.45075e+20	7.4802e+03	2.518e-22	1.0000e+01	5.8533e+00	9.2662e-11	4.7393e-01	5.2607e-01	3.1204e-01	6.8796e-01	4.0033e-16	3.1211e-14	5.0555e-05	8.9096e-01	1.0899e-01	7.3482e-07	5.2862e-01	4.6993e-01	1.4527e-03	1.1755e-36	1.1755e-36	1.1755e-36	7.6260e-21	0.00e+00	0.00e+00	3.4280e+01
3.45099e+20	7.4225e+03	2.381e-22	1.0000e+01	5.6129e+00	1.0592e-10	4.9726e-01	5.0274e-01	3.2039e-01	6.7961e-01	3.9709e-16	3.3775e-14	4.8845e-05	8.9580e-01	1.0415e-01	6.5016e-07	5.5199e-01	4.4676e-01	1.2522e-03	1.1755e-36	1.1755e-36	1.1755e-36	8.2688e-21	0.00e+00	0.00e+00	3.5005e+01
3.45121e+20	7.3617e+03	2.252e-22	1.0000e+01	5.3862e+00	1.2026e-10	5.1952e-01	4.8048e-01	3.2856e-01	6.7144e-01	3.9432e-16	3.6256e-14	4.7211e-05	9.0030e-01	9.9652e-02	5.7888e-07	5.7407e-01	4.2485e-01	1.0859e-03	1.1755e-36	1.1755e-36	1.1755e-36	8.8550e-21	0.00e+00	0.00e+00	3.5711e+01
3.45142e+20	7.3024e+03	2.133e-22	1.0000e+01	5.1761e+00	1.3531e-10	5.4061e-01	4.5939e-01	3.3659e-01	6.6341e-01	3.9197e-16	3.8646e-14	4.5676e-05	9.0450e-01	9.5454e-02	5.1835e-07	5.9478e-01	4.0427e-01	9.4726e-04	1.1755e-36	1.1755e-36	1.1755e-36	9.3897e-21	0.00e+00	0.00e+00	3.6410e+01
3.45159e+20	7.2667e+03	2.040e-22	1.0000e+01	5.0035e+00	1.4679e-10	5.5646e-01	4.4354e-01	3.4218e-01	6.5782e-01	3.9085e-16	4.0370e-14	4.4362e-05	9.0742e-01	9.2539e-02	4.7800e-07	6.1021e-01	3.8894e-01	8.5232e-04	1.1755e-36	1.1755e-36	1.1755e-36	9.7179e-21	0.00e+00	0.00e+00	3.6853e+01
3.45170e+20	7.2322e+03	1.978e-22	1.0000e+01	4.8902e+00	1.5605e-10	5.6739e-01	4.3261e-01	3.4657e-01	6.5343e-01	3.9060e-16	4.1594e-14	4.3514e-05	9.0957e-01	9.0388e-02	4.5097e-07	6.2078e-01	3.7843e-01	7.9216e-04	1.1755e-36	1.1755e-36	1.1755e-36	9.9391e-21	0.00e+00	0.00e+00	3.7218e+01
3.45181e+20	7.1847e+03	1.919e-22	1.0000e+01	4.7865e+00	1.6710e-10	5.7833e-01	4.2167e-01	3.5151e-01	6.4849e-01	3.8918e-16	4.2876e-14	4.2768e-05	9.1183e-01	8.8124e-02	4.2470e-07	6.3135e-01	3.6791e-01	7.3667e-04	1.1755e-36	1.1755e-36	1.1755e-36	1.0174e-20	0.00e+00	0.00e+00	3.7645e+01
3.45193e+20	7.1571e+03	1.849e-22	1.0000e+01	4.6579e+00	1.7684e-10	5.8959e-01	4.1041e-01	3.5623e-01	6.4377e-01	3.8882e-16	4.4078e-14	4.1769e-05	9.1407e-01	8.5886e-02	3.9846e-07	6.4215e-01	3.5717e-01	6.7974e-04	1.1755e-36	1.1755e-36	1.1755e-36	1.0327e-20	0.00e+00	0.00e+00	3.8144e+01
3.45208e+20	7.1067e+03	1.774e-22	1.0000e+01	4.5198e+00	1.9098e-10	6.0286e-01	3.9714e-01	3.6211e-01	6.3789e-01	3.8774e-16	4.5564e-14	4.0720e-05	9.1670e-01	8.3256e-02	3.7001e-07	6.5480e-01	3.4458e-01	6.1972e-04	1.1755e-36	1.1755e-36	1.1755e-36	1.0522e-20	0.00e+00	0.00e+00	3.8707e+01
3.45222e+20	7.0575e+03	1.701e-22	1.0000e+01	4.3823e+00	2.0586e-10	6.1612e-01	3.8388e-01	3.6803e-01	6.3197e-01	3.8676e-16	4.7047e-14	3.9662e-05	9.1927e-01	8.0686e-02	3.4358e-07	6.6737e-01	3.3207e-01	5.6410e-04	1.1755e-36	1.1755e-36	1.1755e-36	1.0692e-20	0.00e+00	0.00e+00	3.9243e+01
3.45235e+20	7.0045e+03	1.634e-22	1.0000e+01	4.2573e+00	2.2150e-10	6.2834e-01	3.7166e-01	3.7378e-01	6.2622e-01	3.8586e-16	4.8423e-14	3.8702e-05	9.2166e-01	7.8301e-02	3.2057e-07	6.7890e-01	3.2059e-01	5.1680e-04	1.1755e-36	1.1755e-36	1.1755e-36	1.0824e-20	0.00e+00	0.00e+00	3.9747e+01
3.45248e+20	6.9613e+03	1.572e-22	1.0000e+01	4.1398e+00	2.3587e-10	6.3948e-01	3.6052e-01	3.7924e-01	6.2076e-01	3.8543e-16	4.9664e-14	3.7785e-05	9.2387e-01	7.6093e-02	3.0017e-07	6.8936e-01	3.1016e-01	4.7555e-04	1.1755e-36	1.1755e-36	1.1755e-36	1.0909e-20	0.00e+00	0.00e+00	4.0254e+01
3.45261e+20	6.9036e+03	1.510e-22	1.0000e+01	4.0203e+00	2.5362e-10	6.5097e-01	3.4903e-01	3.8517e-01	6.1483e-01	3.8468e-16	5.0948e-14	3.6859e-05	9.2616e-01	7.3799e-02	2.8025e-07	7.0008e-01	2.9949e-01	4.3644e-04	1.1755e-36	1.1755e-36	1.1755e-36	1.0971e-20	0.00e+00	0.00e+00	4.0804e+01
3.45274e+20	6.8447e+03	1.448e-22	1.0000e+01	3.9017e+00	2.7311e-10	6.6285e-01	3.3715e-01	3.9162e-01	6.0838e-01	3.8352e-16	5.2315e-14	3.5935e-05	9.2854e-01	7.1419e-02	2.6069e-07	7.1112e-01	2.8848e-01	3.9865e-04	1.1755e-36	1.1755e-36	1.1755e-36	1.1036e-20	0.00e+00	0.00e+00	4.1377e+01
3.45288e+20	6.7887e+03	1.387e-22	1.0000e+01	3.7821e+00	2.9277e-10	6.7411e-01	3.2589e-01	3.9781e-01	6.0219e-01	3.8300e-16	5.3565e-14	3.4987e-05	9.3079e-01	6.9174e-02	2.4295e-07	7.2154e-01	2.7810e-01	3.6468e-04	1.1755e-36	1.1755e-36	1.1755e-36	1.1035e-20	0.00e+00	0.00e+00	4.1943e+01
3.45301e+20	6.7304e+03	1.328e-22	1.0000e+01	3.6667e+00	3.1383e-10	6.8501e-01	3.1499e-01	4.0418e-01	5.9582e-01	3.8245e-16	5.4782e-14	3.4071e-05	9.3300e-01	6.6969e-02	2.2644e-07	7.3157e-01	2.6810e-01	3.3385e-04	1.1755e-36	1.1755e-36	1.1755e-36	1.1008e-20	0.00e+00	0.00e+00	4.2524e+01
3.45315e+20	6.6716e+03	1.271e-22	1.0000e+01	3.5531e+00	3.3615e-10	6.9579e-01	3.0421e-01	4.1079e-01	5.8921e-01	3.8187e-16	5.5997e-14	3.3161e-05	9.3520e-01	6.4764e-02	2.1076e-07	7.4143e-01	2.5826e-01	3.0517e-04	1.1755e-36	1.1755e-36	1.1755e-36	1.0961e-20	0.00e+00	0.00e+00	4.3128e+01
3.45329e+20	6.6031e+03	1.215e-22	1.0000e+01	3.4382e+00	3.6220e-10	7.0658e-01	2.9342e-01	4.1773e-01	5.8227e-01	3.8102e-16	5.7208e-14	3.2246e-05	9.3741e-01	6.2558e-02	1.9587e-07	7.5125e-01	2.4847e-01	2.7853e-04	1.1755e-36	1.1755e-36	1.1755e-36	1.0877e-20	0.00e+00	0.00e+00	4.3752e+01
3.45342e+20	6.5350e+03	1.160e-22	1.0000e+01	3.3257e+00	3.8949e-10	7.1699e-01	2.8301e-01	4.2476e-01	5.7524e-01	3.8035e-16	5.8379e-14	3.1337e-05	9.3957e-01	6.0400e-02	1.8197e-07	7.6072e-01	2.3903e-01	2.5413e-04	1.1755e-36	1.1755e-36	1.1755e-36	1.0763e-20	0.00e+00	0.00e+00	4.4383e+01
3.45356e+20	6.4617e+03	1.108e-22	1.0000e+01	3.2198e+00	4.2010e-10	7.2741e-01	2.7259e-01	4.3234e-01	5.6766e-01	3.7899e-16	5.9612e-14	3.0485e-05	9.4175e-01	5.8217e-02	1.6875e-07	7.7013e-01	2.2964e-01	2.3157e-04	1.1755e-36	1.1755e-36	1.1755e-36	1.0667e-20	0.00e+00	0.00e+00	4.5029e+01
3.45370e+20	6.3893e+03	1.057e-22	1.0000e+01	3.1145e+00	4.5180e-10	7.3727e-01	2.6273e-01	4.3980e-01	5.6020e-01	3.7798e-16	6.0761e-14	2.9627e-05	9.4384e-01	5.6134e-02	1.5666e-07	7.7900e-01	2.2079e-01	2.1126e-04	1.1755e-36	1.1755e-36	1.1755e-36	1.0524e-20	0.00e+00	0.00e+00	4.5677e+01
3.45384e+20	6.3201e+03	1.008e-22	1.0000e+01	3.0100e+00	4.8375e-10	7.4657e-01	2.5343e-01	4.4718e-01	5.5282e-01	3.7741e-16	6.1828e-14	2.8768e-05	9.4584e-01	5.4134e-02	1.4549e-07	7.8733e-01	2.1248e-01	1.9292e-04	1.1755e-36	1.1755e-36	1.1755e-36	1.0341e-20	0.00e+00	0.00e+00	4.6345e+01
3.45399e+20	6.2357e+03	9.598e-23	1.0000e+01	2.9081e+00	5.2355e-10	7.5634e-01	2.4366e-01	4.5556e-01	5.4444e-01	3.7565e-16	6.3027e-14	2.7939e-05	9.4795e-01	5.2026e-02	1.3445e-07	7.9604e-01	2.0379e-01	1.7532e-04	1.1755e-36	1.1755e-36	1.1755e-36	1.0178e-20	0.00e+00	0.00e+00	4.7058e+01
3.45414e+20	6.1501e+03	9.128e-23	1.0000e+01	2.8060e+00	5.6600e-10	7.6581e-01	2.3419e-01	4.6397e-01	5.3603e-01	3.7408e-16	6.4194e-14	2.7097e-05	9.4999e-01	4.9987e-02	1.1755e-36	8.0446e-01	1.9538e-01	1.5919e-04	1.1755e-36	1.1755e-36	1.1755e-36	9.9841e-21	0.00e+00	0.00e+00	4.7767e+01
3.45428e+20	6.0622e+03	8.687e-23	1.0000e+01	2.7091e+00	6.1141e-10	7.7478e-01	2.2522e-01	4.7247e-01	5.2753e-01	3.7233e-16	6.5331e-14	2.6296e-05	9.5194e-01	4.8030e-02	1.1755e-36	8.1241e-01	1.8745e-01	1.4483e-04	1.1755e-36	1.1755e-36	1.1755e-36	9.7855e-21	0.00e+00	0.00e+00	4.8474e+01
3.45443e+20	5.9651e+03	8.268e-23	1.0000e+01	2.6146e+00	6.6313e-10	7.8346e-01	2.1654e-01	4.8127e-01	5.1873e-01	3.7012e-16	6.6461e-14	2.5517e-05	9.5385e-01	4.6120e-02	1.1755e-36	8.2008e-01	1.7979e-01	1.3182e-04	1.1755e-36	1.1755e-36	1.1755e-36	9.5771e-21	0.00e+00	0.00e+00	4.9197e+01
3.45458e+20	5.8684e+03	7.861e-23	1.0000e+01	2.5224e+00	7.1735e-10	7.9192e-01	2.0808e-01	4.9033e-01	5.0967e-01	3.6778e-16	6.7602e-14	2.4751e-05	9.5573e-01	4.4247e-02	1.1755e-36	8.2753e-01	1.7235e-01	1.1985e-04	1.1755e-36	1.1755e-36	1.1755e-36	9.3656e-21	0.00e+00	0.00e+00	4.9939e+01
3.45473e+20	5.7663e+03	7.466e-23	1.0000e+01	2.4317e+00	7.7673e-10	8.0023e-01	1.9977e-01	4.9971e-01	5.0029e-01	3.6514e-16	6.8765e-14	2.3995e-05	9.5757e-01	4.2406e-02	1.1755e-36	8.3481e-01	1.6508e-01	1.0882e-04	1.1755e-36	1.1755e-36	1.1755e-36	9.1495e-21	0.00e+00	0.00e+00	5.0699e+01
3.45488e+20	5.6631e+03	7.086e-23	1.0000e+01	2.3417e+00	8.3839e-10	8.0814e-01	1.9186e-01	5.0910e-01	4.9090e-01	3.6266e-16	6.9903e-14	2.3237e-05	9.5934e-01	4.0641e-02	1.1755e-36	8.4174e-01	1.5816e-01	9.8813e-05	1.1755e-36	1.1755e-36	1.1755e-36	8.9140e-21	0.00e+00	0.00e+00	5.1469e+01
3.45503e+20	5.5519e+03	6.721e-23	1.0000e+01	2.2544e+00	9.0641e-10	8.1599e-01	1.8401e-01	5.1896e-01	4.8104e-01	3.5954e-16	7.1093e-14	2.2504e-05	9.6108e-01	3.8899e-02	1.1755e-36	8.4858e-01	1.5133e-01	8.9602e-05	1.1755e-36	1.1755e-36	1.1755e-36	8.6890e-21	0.00e+00	0.00e+00	5.2261e+01
3.45518e+20	5.4440e+03	6.370e-23	1.0000e+01	2.1709e+00	9.7351e-10	8.2364e-01	1.7636e-01	5.2901e-01	4.7099e-01	3.5621e-16	7.2312e-14	2.1797e-05	9.6277e-01	3.7209e-02	1.1755e-36	8.5520e-01	1.4472e-01	8.1163e-05	1.1755e-36	1.1755e-36	1.1755e-36	8.4726e-21	0.00e+00	0.00e+00	5.3059e+01
3.45534e+20	5.3256e+03	6.040e-23	1.0000e+01	2.0888e+00	1.0464e-09	8.3097e-01	1.6903e-01	5.3919e-01	4.6081e-01	3.5248e-16	7.3528e-14	2.1105e-05	9.6438e-01	3.5598e-02	1.1755e-36	8.6156e-01	1.3837e-01	7.3594e-05	1.1755e-36	1.1755e-36	1.1755e-36	8.2483e-21	0.00e+00	0.00e+00	5.3856e+01
3.45549e+20	5.2046e+03	5.726e-23	1.0000e+01	2.0098e+00	1.1192e-09	8.3800e-01	1.6200e-01	5.4948e-01	4.5052e-01	3.4842e-16	7.4746e-14	2.0437e-05	9.6592e-01	3.4058e-02	1.1755e-36	8.6764e-01	1.3230e-01	6.6771e-05	1.1755e-36	1.1755e-36	1.1755e-36	8.0234e-21	0.00e+00	0.00e+00	5.4660e+01
3.45564e+20	5.0795e+03	5.427e-23	1.0000e+01	1.9328e+00	1.1910e-09	8.4481e-01	1.5519e-01	5.5995e-01	4.4005e-01	3.4443e-16	7.5974e-14	1.9787e-05	9.6740e-01	3.2577e-02	1.1755e-36	8.7351e-01	1.2643e-01	6.0560e-05	1.1755e-36	1.1755e-36	1.1755e-36	7.7932e-21	0.00e+00	0.00e+00	5.5476e+01
3.45579e+20	4.9442e+03	5.141e-23	1.0000e+01	1.8570e+00	1.2613e-09	8.5152e-01	1.4848e-01	5.7070e-01	4.2930e-01	3.4005e-16	7.7101e-14	1.9153e-05	9.6891e-01	3.1068e-02	1.1755e-36	8.7928e-01	1.2066e-01	5.4884e-05	1.1755e-36	1.1755e-36	1.1755e-36	7.4946e-21	0.00e+00	0.00e+00	5.6301e+01
3.45594e+20	4.8078e+03	4.871e-23	1.0000e+01	1.7838e+00	1.3205e-09	8.5793e-01	1.4207e-01	5.8139e-01	4.1861e-01	3.3544e-16	7.8006e-14	1.8543e-05	9.7046e-01	2.9520e-02	1.1755e-36	8.8479e-01	1.1516e-01	4.9783e-05	1.1755e-36	1.1755e-36	1.1755e-36	7.0927e-21	0.00e+00	0.00e+00	5.7116e+01
3.45609e+20	4.6707e+03	4.621e-23	1.0000e+01	1.7143e+00	1.3695e-09	8.6398e-01	1.3602e-01	5.9195e-01	4.0805e-01	3.3055e-16	7.8839e-14	1.7968e-05	9.7192e-01	2.8059e-02	1.1755e-36	8.8997e-01	1.0998e-01	4.5259e-05	1.1755e-36	1.1755e-36	1.1755e-36	6.6791e-21	0.00e+00	0.00e+00	5.7917e+01
3.45624e+20	4.5324e+03	4.386e-23	1.0000e+01	1.6480e+00	1.4070e-09	8.6972e-01	1.3028e-01	6.0244e-01	3.9756e-01	3.2533e-16	7.9609e-14	1.7424e-05	9.7331e-01	2.6673e-02	1.1755e-36	8.9488e-01	1.0508e-01	4.1218e-05	1.1755e-36	1.1755e-36	1.1755e-36	6.2560e-21	0.00e+00	0.00e+00	5.8712e+01
3.45638e+20	4.3930e+03	4.166e-23	1.0000e+01	1.5843e+00	1.4319e-09	8.7521e-01	1.2479e-01	6.1283e-01	3.8717e-01	3.1991e-16	8.0333e-14	1.6907e-05	9.7462e-01	2.5358e-02	1.1755e-36	8.9956e-01	1.0040e-01	3.7584e-05	1.1755e-36	1.1755e-36	1.1755e-36	5.8273e-21	0.00e+00	0.00e+00	5.9498e+01
3.45652e+20	4.2565e+03	3.964e-23	1.0000e+01	1.5245e+00	1.4438e-09	8.8034e-01	1.1966e-01	6.2286e-01	3.7714e-01	3.1445e-16	8.1005e-14	1.6426e-05	9.7584e-01	2.4142e-02	1.1755e-36	9.0393e-01	9.6033e-02	3.4380e-05	1.1755e-36	1.1755e-36	1.1755e-36	5.4095e-21	0.00e+00	0.00e+00	6.0246e+01
3.45665e+20	4.1255e+03	3.783e-23	1.0000e+01	1.4698e+00	1.4445e-09	8.8500e-01	1.1500e-01	6.3235e-01	3.6765e-01	3.0902e-16	8.1618e-14	1.5995e-05	9.7694e-01	2.3039e-02	1.1755e-36	9.0791e-01	9.2063e-02	3.1616e-05	1.1755e-36	1.1755e-36	1.1755e-36	5.0172e-21	0.00e+00	0.00e+00	6.0949e+01
3.45677e+20	4.0001e+03	3.620e-23	1.0000e+01	1.4195e+00	1.4363e-09	8.8927e-01	1.1073e-01	6.4133e-01	3.5867e-01	3.0365e-16	8.2186e-14	1.5606e-05	9.7795e-01	2.2036e-02	1.1755e-36	9.1153e-01	8.8440e-02	2.9214e-05	1.1755e-36	1.1755e-36	1.1755e-36	4.6532e-21	0.00e+00	0.00e+00	6.1616e+01
3.45689e+20	3.8802e+03	3.470e-23	1.0000e+01	1.3720e+00	1.4207e-09	8.9329e-01	1.0671e-01	6.4977e-01	3.5023e-01	2.9864e-16	8.2755e-14	1.5244e-05	9.7886e-01	2.1123e-02	1.1755e-36	9.1495e-01	8.5023e-02	2.7066e-05	1.1755e-36	1.1755e-36	1.1755e-36	4.3145e-21	0.00e+00	0.00e+00	6.2257e+01
