#depth	Te	Htot	hden	eden	2H_2/H	HI	HII	HeI	HeII	HeIII	CO/C	C1	C2	C3	C4	O1	O2	O3	O4	O5	O6	H2O/O	AV(point)	AV(extend)	Tau912
5.80620e+14	6.5979e+03	3.832e-22	1.0000e+01	1.0906e+01	2.2098e-15	6.6237e-04	9.9934e-01	2.1461e-03	9.4995e-01	4.7902e-02	9.8666e-21	7.7196e-06	3.9479e-02	9.4361e-01	1.6891e-02	3.2639e-05	7.6194e-02	9.0072e-01	2.3048e-02	3.7819e-07	1.1755e-36	1.4255e-28	0.00e+00	0.00e+00	4.8555e-05
3.48372e+15	6.5971e+03	3.832e-22	1.0000e+01	1.0904e+01	2.2101e-15	6.6224e-04	9.9934e-01	2.1459e-03	9.4998e-01	4.7874e-02	9.8511e-21	7.7136e-06	3.9472e-02	9.4357e-01	1.6937e-02	3.2608e-05	7.6139e-02	9.0086e-01	2.2971e-02	3.7635e-07	1.1755e-36	1.4230e-28	0.00e+00	0.00e+00	2.4274e-04
1.50961e+16	6.5957e+03	3.830e-22	1.0000e+01	1.0904e+01	2.2110e-15	6.6203e-04	9.9934e-01	2.1464e-03	9.5025e-01	4.7604e-02	9.8371e-21	7.7065e-06	3.9471e-02	9.4358e-01	1.6927e-02	3.2586e-05	7.6107e-02	9.0121e-01	2.2651e-02	3.6876e-07	1.1755e-36	1.4204e-28	0.00e+00	0.00e+00	1.0192e-03
6.15457e+16	6.5914e+03	3.823e-22	1.0000e+01	1.0903e+01	2.2154e-15	6.6172e-04	9.9934e-01	2.1505e-03	9.5170e-01	4.6145e-02	9.8251e-21	7.6963e-06	3.9490e-02	9.4368e-01	1.6811e-02	3.2587e-05	7.6115e-02	9.0243e-01	2.1420e-02	3.3995e-07	1.1755e-36	1.4168e-28	0.00e+00	0.00e+00	4.1237e-03
1.47013e+17	6.5745e+03	3.805e-22	1.0000e+01	1.0902e+01	2.2257e-15	6.5937e-04	9.9934e-01	2.1526e-03	9.5249e-01	4.5353e-02	9.7256e-21	7.6592e-06	3.9504e-02	9.4376e-01	1.6719e-02	3.2442e-05	7.5964e-02	9.0427e-01	1.9732e-02	3.0045e-07	1.1755e-36	1.3941e-28	0.00e+00	0.00e+00	8.1451e-03
2.58120e+17	6.5552e+03	3.786e-22	1.0000e+01	1.0900e+01	2.2349e-15	6.5711e-04	9.9934e-01	2.1589e-03	9.5485e-01	4.2996e-02	9.6165e-21	7.6351e-06	3.9537e-02	9.4395e-01	1.6493e-02	3.2345e-05	7.5898e-02	9.0639e-01	1.7683e-02	2.5522e-07	1.1755e-36	1.3660e-28	0.00e+00	0.00e+00	1.3355e-02
4.02560e+17	6.5340e+03	3.764e-22	1.0000e+01	1.0897e+01	2.2427e-15	6.5466e-04	9.9935e-01	2.1692e-03	9.5872e-01	3.9115e-02	9.4953e-21	7.6162e-06	3.9584e-02	9.4425e-01	1.6148e-02	3.2281e-05	7.5909e-02	9.0878e-01	1.5280e-02	2.0576e-07	1.1755e-36	1.3333e-28	0.00e+00	0.00e+00	2.0103e-02
5.90332e+17	6.5079e+03	3.739e-22	1.0000e+01	1.0894e+01	2.2578e-15	6.5220e-04	9.9935e-01	2.1842e-03	9.6410e-01	3.3714e-02	9.3912e-21	7.6035e-06	3.9660e-02	9.4464e-01	1.5682e-02	3.2291e-05	7.6070e-02	9.1132e-01	1.2581e-02	1.5477e-07	1.1755e-36	1.3017e-28	0.00e+00	0.00e+00	2.8842e-02
8.34435e+17	6.4802e+03	3.709e-22	1.0000e+01	1.0889e+01	2.2684e-15	6.4940e-04	9.9935e-01	2.2028e-03	9.7073e-01	2.7066e-02	9.2758e-21	7.5941e-06	3.9754e-02	9.4511e-01	1.5122e-02	3.2374e-05	7.6402e-02	9.1384e-01	9.7209e-03	1.1755e-36	1.1755e-36	1.2647e-28	0.00e+00	0.00e+00	4.0154e-02
1.15177e+18	6.4454e+03	3.677e-22	1.0000e+01	1.0883e+01	2.2989e-15	6.4673e-04	9.9935e-01	2.2253e-03	9.7799e-01	1.9786e-02	9.2297e-21	7.5949e-06	3.9896e-02	9.4559e-01	1.4500e-02	3.2596e-05	7.7008e-02	9.1605e-01	6.9119e-03	1.1755e-36	1.1755e-36	1.2393e-28	0.00e+00	0.00e+00	5.4799e-02
1.56430e+18	6.4080e+03	3.639e-22	1.0000e+01	1.0875e+01	2.3215e-15	6.4394e-04	9.9936e-01	2.2488e-03	9.8491e-01	1.2838e-02	9.1615e-21	7.6045e-06	4.0072e-02	9.4603e-01	1.3887e-02	3.2944e-05	7.7861e-02	9.1769e-01	4.4187e-03	1.1755e-36	1.1755e-36	1.2026e-28	0.00e+00	0.00e+00	7.3756e-02
2.10060e+18	6.3596e+03	3.602e-22	1.0000e+01	1.0870e+01	2.3681e-15	6.4197e-04	9.9936e-01	2.2746e-03	9.9055e-01	7.1746e-03	9.1561e-21	7.6354e-06	4.0337e-02	9.4633e-01	1.3322e-02	3.3488e-05	7.9013e-02	9.1848e-01	2.4709e-03	1.1755e-36	1.1755e-36	1.1708e-28	0.00e+00	0.00e+00	9.8324e-02
2.79778e+18	6.3026e+03	3.563e-22	1.0000e+01	1.0866e+01	2.4343e-15	6.4092e-04	9.9936e-01	2.3016e-03	9.9435e-01	3.3512e-03	9.1908e-21	7.6896e-06	4.0692e-02	9.4646e-01	1.2836e-02	3.4201e-05	8.0362e-02	9.1843e-01	1.1741e-03	1.1755e-36	1.1755e-36	1.1396e-28	0.00e+00	0.00e+00	1.3021e-01
3.70412e+18	6.2372e+03	3.522e-22	1.0000e+01	1.0864e+01	2.5267e-15	6.4120e-04	9.9936e-01	2.3313e-03	9.9640e-01	1.2703e-03	9.2787e-21	7.7744e-06	4.1162e-02	9.4642e-01	1.2413e-02	3.5103e-05	8.1871e-02	9.1763e-01	4.6078e-04	1.1755e-36	1.1755e-36	1.1114e-28	0.00e+00	0.00e+00	1.7168e-01
4.88236e+18	6.1645e+03	3.481e-22	1.0000e+01	1.0863e+01	2.6390e-15	6.4348e-04	9.9936e-01	2.3668e-03	9.9725e-01	3.8148e-04	9.3984e-21	7.9015e-06	4.1780e-02	9.4621e-01	1.2006e-02	3.6270e-05	8.3585e-02	9.1623e-01	1.4605e-04	1.1755e-36	1.1755e-36	1.0783e-28	0.00e+00	0.00e+00	2.2578e-01
6.41407e+18	6.0869e+03	3.438e-22	1.0000e+01	1.0863e+01	2.7816e-15	6.4876e-04	9.9935e-01	2.4123e-03	9.9750e-01	9.0161e-05	9.6085e-21	8.0896e-06	4.2598e-02	9.4583e-01	1.1567e-02	3.7851e-05	8.5644e-02	9.1428e-01	3.7162e-05	1.1755e-36	1.1755e-36	1.0493e-28	0.00e+00	0.00e+00	2.9670e-01
8.40529e+18	6.0078e+03	3.394e-22	1.0000e+01	1.0863e+01	2.9627e-15	6.5870e-04	9.9934e-01	2.4733e-03	9.9751e-01	1.7246e-05	9.9796e-21	8.3684e-06	4.3694e-02	9.4524e-01	1.1061e-02	4.0085e-05	8.8243e-02	9.1171e-01	7.7567e-06	1.1755e-36	1.1755e-36	1.0313e-28	0.00e+00	0.00e+00	3.9029e-01
1.09939e+19	5.9337e+03	3.351e-22	1.0000e+01	1.0863e+01	3.1988e-15	6.7585e-04	9.9932e-01	2.5570e-03	9.9744e-01	2.8313e-06	1.0651e-20	8.7833e-06	4.5184e-02	9.4434e-01	1.0465e-02	4.3334e-05	9.1620e-02	9.0834e-01	1.3855e-06	1.1755e-36	1.1755e-36	1.0395e-28	0.00e+00	0.00e+00	5.1514e-01
1.43590e+19	5.8759e+03	3.312e-22	1.0000e+01	1.0862e+01	3.5054e-15	7.0429e-04	9.9930e-01	2.6743e-03	9.9733e-01	4.1601e-07	1.1857e-20	9.4071e-06	4.7242e-02	9.4298e-01	9.7693e-03	4.8191e-05	9.6068e-02	9.0388e-01	2.1841e-07	1.1755e-36	1.1755e-36	1.0959e-28	0.00e+00	0.00e+00	6.8427e-01
1.87338e+19	5.8498e+03	3.280e-22	1.0000e+01	1.0861e+01	3.8813e-15	7.5148e-04	9.9925e-01	2.8448e-03	9.9716e-01	5.4669e-08	1.4004e-20	1.0385e-05	5.0181e-02	9.4085e-01	8.9564e-03	5.5877e-05	1.0217e-01	8.9777e-01	1.1755e-36	1.1755e-36	1.1755e-36	1.2268e-28	0.00e+00	0.00e+00	9.1886e-01
2.22668e+19	5.8265e+03	3.251e-22	1.0000e+01	1.0861e+01	3.9828e-15	7.8375e-04	9.9922e-01	2.9530e-03	9.9705e-01	1.2634e-08	1.4552e-20	1.1033e-05	5.2095e-02	9.3948e-01	8.4116e-03	6.1639e-05	1.0649e-01	8.9345e-01	1.1755e-36	1.1755e-36	1.1755e-36	1.1856e-28	0.00e+00	0.00e+00	1.0238e+00
2.44934e+19	5.8570e+03	3.249e-22	1.0000e+01	1.0860e+01	4.1456e-15	8.1735e-04	9.9918e-01	3.0548e-03	9.9695e-01	5.7028e-09	1.6277e-20	1.1673e-05	5.3802e-02	9.3811e-01	8.0725e-03	6.6946e-05	1.0980e-01	8.9013e-01	1.1755e-36	1.1755e-36	1.1755e-36	1.3216e-28	0.00e+00	0.00e+00	1.1441e+00
2.69428e+19	5.9016e+03	3.252e-22	1.0000e+01	1.0860e+01	4.3483e-15	8.5899e-04	9.9914e-01	3.1766e-03	9.9682e-01	2.5304e-09	1.8708e-20	1.2457e-05	5.5829e-02	9.3644e-01	7.7149e-03	7.3661e-05	1.1367e-01	8.8626e-01	1.1755e-36	1.1755e-36	1.1755e-36	1.5269e-28	0.00e+00	0.00e+00	1.2833e+00
2.96370e+19	5.9633e+03	3.260e-22	1.0000e+01	1.0859e+01	4.6008e-15	9.1147e-04	9.9909e-01	3.3256e-03	9.9667e-01	1.1035e-09	2.2237e-20	1.3436e-05	5.8281e-02	9.3437e-01	7.3354e-03	8.2379e-05	1.1827e-01	8.8164e-01	1.1755e-36	1.1755e-36	1.1755e-36	1.8425e-28	0.00e+00	0.00e+00	1.4457e+00
3.26008e+19	6.0545e+03	3.271e-22	1.0000e+01	1.0858e+01	4.8633e-15	9.7758e-04	9.9902e-01	3.5081e-03	9.9649e-01	4.7340e-10	2.7394e-20	1.4656e-05	6.1244e-02	9.3180e-01	6.9394e-03	9.3859e-05	1.2376e-01	8.7615e-01	1.1755e-36	1.1755e-36	1.1755e-36	2.3272e-28	0.00e+00	0.00e+00	1.6373e+00
3.58608e+19	6.1579e+03	3.295e-22	1.0000e+01	1.0857e+01	5.3050e-15	1.0658e-03	9.9893e-01	3.7456e-03	9.9625e-01	1.9919e-10	3.5847e-20	1.6263e-05	6.5060e-02	9.2842e-01	6.5017e-03	1.1003e-04	1.3076e-01	8.6913e-01	1.1755e-36	1.1755e-36	1.1755e-36	3.1668e-28	0.00e+00	0.00e+00	1.8671e+00
3.94469e+19	6.2910e+03	3.330e-22	1.0000e+01	1.0856e+01	5.9030e-15	1.1846e-03	9.9882e-01	4.0572e-03	9.9594e-01	8.2306e-11	5.0167e-20	1.8400e-05	6.9995e-02	9.2396e-01	6.0277e-03	1.3353e-04	1.3979e-01	8.6008e-01	1.1755e-36	1.1755e-36	1.1755e-36	4.6691e-28	0.00e+00	0.00e+00	2.1480e+00
4.29860e+19	6.4390e+03	3.380e-22	1.0000e+01	1.0854e+01	6.6691e-15	1.3316e-03	9.9867e-01	4.4240e-03	9.9558e-01	3.6779e-11	7.2739e-20	2.0959e-05	7.5740e-02	9.1867e-01	5.5716e-03	1.6512e-04	1.5036e-01	8.4947e-01	1.1755e-36	1.1755e-36	1.1755e-36	7.1969e-28	0.00e+00	0.00e+00	2.4272e+00
4.59579e+19	6.5879e+03	3.431e-22	1.0000e+01	1.0852e+01	7.4455e-15	1.4863e-03	9.9851e-01	4.7986e-03	9.9520e-01	1.9622e-11	1.0335e-19	2.3573e-05	8.1498e-02	9.1328e-01	5.1933e-03	2.0163e-04	1.6106e-01	8.3874e-01	1.1755e-36	1.1755e-36	1.1755e-36	1.0836e-27	0.00e+00	0.00e+00	2.6733e+00
4.83547e+19	6.7175e+03	3.478e-22	1.0000e+01	1.0850e+01	8.3037e-15	1.6404e-03	9.9836e-01	5.1650e-03	9.9483e-01	1.2105e-11	1.4301e-19	2.6133e-05	8.7070e-02	9.0803e-01	4.8769e-03	2.4150e-04	1.7153e-01	8.2823e-01	1.1755e-36	1.1755e-36	1.1755e-36	1.5829e-27	0.00e+00	0.00e+00	2.8981e+00
5.04348e+19	6.8351e+03	3.525e-22	1.0000e+01	1.0848e+01	9.3147e-15	1.8015e-03	9.9820e-01	5.5498e-03	9.9445e-01	8.0507e-12	1.9671e-19	2.8774e-05	9.2792e-02	9.0259e-01	4.5892e-03	2.8710e-04	1.8238e-01	8.1733e-01	1.1755e-36	1.1755e-36	1.1755e-36	2.2979e-27	0.00e+00	0.00e+00	3.1243e+00
5.23741e+19	6.9495e+03	3.572e-22	1.0000e+01	1.0846e+01	1.0527e-14	1.9809e-03	9.9802e-01	5.9726e-03	9.9403e-01	5.5614e-12	2.7284e-19	3.1667e-05	9.9014e-02	8.9664e-01	4.3103e-03	3.4249e-04	1.9434e-01	8.0532e-01	1.1755e-36	1.1755e-36	1.1755e-36	3.3620e-27	0.00e+00	0.00e+00	3.3606e+00
5.41891e+19	7.0620e+03	3.621e-22	1.0000e+01	1.0843e+01	1.1946e-14	2.1814e-03	9.9782e-01	6.4413e-03	9.9356e-01	3.9777e-12	3.8046e-19	3.4827e-05	1.0578e-01	8.9014e-01	4.0406e-03	4.1011e-04	2.0754e-01	7.9205e-01	1.1755e-36	1.1755e-36	1.1755e-36	4.9314e-27	0.00e+00	0.00e+00	3.6003e+00
5.58354e+19	7.1690e+03	3.669e-22	1.0000e+01	1.0841e+01	1.3607e-14	2.3988e-03	9.9760e-01	6.9449e-03	9.9306e-01	2.9618e-12	5.2977e-19	3.8171e-05	1.1292e-01	8.8325e-01	3.7869e-03	4.9016e-04	2.2166e-01	7.7785e-01	1.1755e-36	1.1755e-36	1.1755e-36	7.2193e-27	0.00e+00	0.00e+00	3.8353e+00
5.73057e+19	7.2680e+03	3.716e-22	1.0000e+01	1.0838e+01	1.5506e-14	2.6296e-03	9.9737e-01	7.4768e-03	9.9252e-01	2.2893e-12	7.3163e-19	4.1643e-05	1.2032e-01	8.7609e-01	3.5506e-03	5.8286e-04	2.3650e-01	7.6292e-01	1.1755e-36	1.1755e-36	1.1755e-36	1.0457e-26	0.00e+00	0.00e+00	4.0658e+00
5.86366e+19	7.3601e+03	3.760e-22	1.0000e+01	1.0835e+01	1.7677e-14	2.8764e-03	9.9712e-01	8.0437e-03	9.9196e-01	1.8200e-12	1.0041e-18	4.5274e-05	1.2805e-01	8.6858e-01	3.3273e-03	6.9071e-04	2.5218e-01	7.4713e-01	1.1755e-36	1.1755e-36	1.1755e-36	1.5005e-26	0.00e+00	0.00e+00	4.2970e+00
5.98665e+19	7.4474e+03	3.804e-22	1.0000e+01	1.0831e+01	2.0210e-14	3.1448e-03	9.9686e-01	8.6602e-03	9.9134e-01	1.4770e-12	1.3776e-18	4.9134e-05	1.3626e-01	8.6058e-01	3.1124e-03	8.1806e-04	2.6900e-01	7.3018e-01	1.1755e-36	1.1755e-36	1.1755e-36	2.1491e-26	0.00e+00	0.00e+00	4.5325e+00
6.10110e+19	7.5316e+03	3.846e-22	1.0000e+01	1.0828e+01	2.3226e-14	3.4384e-03	9.9656e-01	9.3261e-03	9.9067e-01	1.2202e-12	1.8966e-18	5.3268e-05	1.4500e-01	8.5204e-01	2.9048e-03	9.6909e-04	2.8711e-01	7.1193e-01	1.1755e-36	1.1755e-36	1.1755e-36	3.0950e-26	0.00e+00	0.00e+00	4.7719e+00
6.20714e+19	7.6134e+03	3.885e-22	1.0000e+01	1.0825e+01	2.6716e-14	3.7571e-03	9.9624e-01	1.0045e-02	9.8995e-01	1.0253e-12	2.6070e-18	5.7617e-05	1.5420e-01	8.4304e-01	2.7063e-03	1.1467e-03	3.0643e-01	6.9243e-01	1.1755e-36	1.1755e-36	1.1755e-36	4.4485e-26	0.00e+00	0.00e+00	5.0134e+00
6.30509e+19	7.6826e+03	3.927e-22	1.0000e+01	1.0820e+01	3.0840e-14	4.1070e-03	9.9589e-01	1.0841e-02	9.8916e-01	8.7402e-13	3.5692e-18	6.2274e-05	1.6412e-01	8.3330e-01	2.5134e-03	1.3567e-03	3.2706e-01	6.7159e-01	1.1755e-36	1.1755e-36	1.1755e-36	6.3177e-26	0.00e+00	0.00e+00	5.2573e+00
6.39579e+19	7.7485e+03	3.966e-22	1.0000e+01	1.0815e+01	3.5733e-14	4.4871e-03	9.9551e-01	1.1703e-02	9.8830e-01	7.5511e-13	4.8888e-18	6.7184e-05	1.7455e-01	8.2305e-01	2.3290e-03	1.6027e-03	3.4889e-01	6.4950e-01	1.1755e-36	1.1755e-36	1.1755e-36	8.9991e-26	0.00e+00	0.00e+00	5.5047e+00
6.48020e+19	7.8220e+03	3.999e-22	1.0000e+01	1.0811e+01	4.1297e-14	4.8967e-03	9.9510e-01	1.2626e-02	9.8737e-01	6.6063e-13	6.6934e-18	7.2310e-05	1.8541e-01	8.1236e-01	2.1551e-03	1.8885e-03	3.7185e-01	6.2626e-01	1.1755e-36	1.1755e-36	1.1755e-36	1.2872e-25	0.00e+00	0.00e+00	5.7566e+00
6.55912e+19	7.8768e+03	4.037e-22	1.0000e+01	1.0804e+01	4.7981e-14	5.3548e-03	9.9465e-01	1.3667e-02	9.8633e-01	5.8255e-13	9.1228e-18	7.7828e-05	1.9729e-01	8.0065e-01	1.9838e-03	2.2290e-03	3.9636e-01	6.0141e-01	1.1755e-36	1.1755e-36	1.1755e-36	1.8103e-25	0.00e+00	0.00e+00	6.0147e+00
6.63301e+19	7.9378e+03	4.069e-22	1.0000e+01	1.0798e+01	5.5867e-14	5.8545e-03	9.9415e-01	1.4799e-02	9.8520e-01	5.1872e-13	1.2485e-17	8.3666e-05	2.0977e-01	7.8832e-01	1.8213e-03	2.6270e-03	4.2209e-01	5.7528e-01	1.1755e-36	1.1755e-36	1.1755e-36	2.5752e-25	0.00e+00	0.00e+00	6.2787e+00
6.70211e+19	7.9816e+03	4.106e-22	1.0000e+01	1.0792e+01	6.6102e-14	6.4147e-03	9.9359e-01	1.6056e-02	9.8394e-01	4.6527e-13	1.7202e-17	9.0018e-05	2.2321e-01	7.7504e-01	1.6630e-03	3.0996e-03	4.4925e-01	5.4765e-01	1.1755e-36	1.1755e-36	1.1755e-36	3.6960e-25	0.00e+00	0.00e+00	6.5491e+00
6.76676e+19	8.0435e+03	4.133e-22	1.0000e+01	1.0784e+01	7.7114e-14	7.0204e-03	9.9298e-01	1.7415e-02	9.8258e-01	4.2122e-13	2.3521e-17	9.6541e-05	2.3722e-01	7.6117e-01	1.5155e-03	3.6452e-03	4.7729e-01	5.1907e-01	1.1755e-36	1.1755e-36	1.1755e-36	5.2587e-25	0.00e+00	0.00e+00	6.8263e+00
6.82737e+19	8.0883e+03	4.163e-22	1.0000e+01	1.0775e+01	9.1023e-14	7.7016e-03	9.9230e-01	1.8945e-02	9.8106e-01	3.8325e-13	3.2216e-17	1.0356e-04	2.5232e-01	7.4621e-01	1.3727e-03	4.2902e-03	5.0650e-01	4.8921e-01	1.1755e-36	1.1755e-36	1.1755e-36	7.4742e-25	0.00e+00	0.00e+00	7.1115e+00
6.88435e+19	8.1296e+03	4.194e-22	1.0000e+01	1.0769e+01	1.0905e-13	8.4640e-03	9.9154e-01	2.0643e-02	9.7936e-01	3.5086e-13	4.4657e-17	1.1115e-04	2.6832e-01	7.3033e-01	1.2365e-03	5.0490e-03	5.3669e-01	4.5826e-01	1.1755e-36	1.1755e-36	1.1755e-36	1.0883e-24	0.00e+00	0.00e+00	7.4070e+00
6.93807e+19	8.1679e+03	4.222e-22	1.0000e+01	1.0757e+01	1.2986e-13	9.3235e-03	9.9068e-01	2.2554e-02	9.7745e-01	3.2272e-13	6.1325e-17	1.1914e-04	2.8565e-01	7.1313e-01	1.1067e-03	5.9444e-03	5.6773e-01	4.2632e-01	1.1755e-36	1.1755e-36	1.1755e-36	1.5493e-24	0.00e+00	0.00e+00	7.7140e+00
6.98865e+19	8.1968e+03	4.253e-22	1.0000e+01	1.0747e+01	1.5800e-13	1.0300e-02	9.8970e-01	2.4710e-02	9.7529e-01	2.9817e-13	8.5517e-17	1.2781e-04	3.0403e-01	6.9486e-01	9.8341e-04	7.0025e-03	5.9938e-01	3.9361e-01	1.1755e-36	1.1755e-36	1.1755e-36	2.2723e-24	0.00e+00	0.00e+00	8.0326e+00
7.03625e+19	8.2257e+03	4.281e-22	1.0000e+01	1.0735e+01	1.9221e-13	1.1408e-02	9.8859e-01	2.7141e-02	9.7286e-01	2.7674e-13	1.1895e-16	1.3701e-04	3.2375e-01	6.7525e-01	8.6746e-04	8.2484e-03	6.3128e-01	3.6047e-01	1.1755e-36	1.1755e-36	1.1755e-36	3.3112e-24	0.00e+00	0.00e+00	8.3654e+00
7.08117e+19	8.2490e+03	4.307e-22	1.0000e+01	1.0717e+01	2.3470e-13	1.2678e-02	9.8732e-01	2.9914e-02	9.7009e-01	2.5765e-13	1.6516e-16	1.4672e-04	3.4494e-01	6.5415e-01	7.5850e-04	9.7229e-03	6.6316e-01	3.2712e-01	1.1755e-36	1.1755e-36	1.1755e-36	4.7938e-24	0.00e+00	0.00e+00	8.7147e+00
7.12364e+19	8.2642e+03	4.336e-22	1.0000e+01	1.0700e+01	2.9226e-13	1.4156e-02	9.8584e-01	3.3105e-02	9.6689e-01	2.4055e-13	2.3250e-16	1.5724e-04	3.6764e-01	6.3154e-01	6.5629e-04	1.1481e-02	6.9479e-01	2.9373e-01	1.1755e-36	1.1755e-36	1.1755e-36	7.1114e-24	0.00e+00	0.00e+00	9.0839e+00
7.16395e+19	8.2731e+03	4.365e-22	1.0000e+01	1.0679e+01	3.6917e-13	1.5893e-02	9.8411e-01	3.6812e-02	9.6319e-01	2.2514e-13	3.3033e-16	1.6857e-04	3.9215e-01	6.0712e-01	5.6085e-04	1.3594e-02	7.2585e-01	2.6056e-01	1.1755e-36	1.1755e-36	1.1755e-36	1.0691e-23	0.00e+00	0.00e+00	9.4782e+00
7.20235e+19	8.2744e+03	4.394e-22	1.0000e+01	1.0655e+01	4.7491e-13	1.7969e-02	9.8203e-01	4.1176e-02	9.5882e-01	2.1107e-13	4.7533e-16	1.8081e-04	4.1871e-01	5.8064e-01	4.7209e-04	1.6161e-02	7.5601e-01	2.2783e-01	1.1755e-36	1.1755e-36	1.1755e-36	1.6369e-23	0.00e+00	0.00e+00	9.9038e+00
7.23708e+19	8.2690e+03	4.423e-22	1.0000e+01	1.0628e+01	6.1550e-13	2.0362e-02	9.7964e-01	4.6070e-02	9.5393e-01	1.9897e-13	6.8149e-16	1.9329e-04	4.4593e-01	5.5348e-01	3.9449e-04	1.9153e-02	7.8342e-01	1.9743e-01	1.1755e-36	1.1755e-36	1.1755e-36	2.5065e-23	0.00e+00	0.00e+00	1.0315e+01
7.26760e+19	8.2562e+03	4.450e-22	1.0000e+01	1.0597e+01	7.9706e-13	2.3021e-02	9.7698e-01	5.1418e-02	9.4858e-01	1.8850e-13	9.6293e-16	2.0562e-04	4.7301e-01	5.2645e-01	3.2875e-04	2.2503e-02	8.0705e-01	1.7045e-01	1.1755e-36	1.1755e-36	1.1755e-36	3.7863e-23	0.00e+00	0.00e+00	1.0737e+01
7.30104e+19	8.2273e+03	4.474e-22	1.0000e+01	1.0552e+01	1.0917e-12	2.6669e-02	9.7333e-01	5.8813e-02	9.4119e-01	1.7659e-13	1.4425e-15	2.2070e-04	5.0655e-01	4.9296e-01	2.6093e-04	2.7131e-02	8.3128e-01	1.4159e-01	1.1755e-36	1.1755e-36	1.1755e-36	6.1333e-23	0.00e+00	0.00e+00	1.1374e+01
7.33737e+19	8.1992e+03	4.499e-22	1.0000e+01	1.0484e+01	1.6241e-12	3.2119e-02	9.6788e-01	6.9219e-02	9.3078e-01	1.6432e-13	2.3696e-15	2.3872e-04	5.4745e-01	4.5212e-01	1.9408e-04	3.4046e-02	8.5505e-01	1.1090e-01	1.1755e-36	1.1755e-36	1.1755e-36	1.1272e-22	0.00e+00	0.00e+00	1.2081e+01
7.36797e+19	8.1484e+03	4.525e-22	1.0000e+01	1.0405e+01	2.4729e-12	3.8897e-02	9.6110e-01	8.1305e-02	9.1870e-01	1.5412e-13	3.8804e-15	2.5619e-04	5.8778e-01	4.1182e-01	1.4226e-04	4.2604e-02	8.7179e-01	8.5606e-02	1.1755e-36	1.1755e-36	1.1755e-36	2.0863e-22	0.00e+00	0.00e+00	1.2727e+01
7.38852e+19	8.0999e+03	4.547e-22	1.0000e+01	1.0335e+01	3.4955e-12	4.5459e-02	9.5454e-01	9.2009e-02	9.0799e-01	1.4748e-13	5.7267e-15	2.6921e-04	6.1863e-01	3.8099e-01	1.1029e-04	5.0839e-02	8.8011e-01	6.9054e-02	1.1755e-36	1.1755e-36	1.1755e-36	3.4224e-22	0.00e+00	0.00e+00	1.3152e+01
7.40135e+19	8.0690e+03	4.551e-22	1.0000e+01	1.0278e+01	4.4228e-12	5.0560e-02	9.4944e-01	1.0012e-01	8.9988e-01	1.4319e-13	7.4378e-15	2.7761e-04	6.3944e-01	3.6019e-01	9.2138e-05	5.7220e-02	8.8342e-01	5.9359e-02	1.1755e-36	1.1755e-36	1.1755e-36	4.7851e-22	0.00e+00	0.00e+00	1.3498e+01
7.41382e+19	8.0320e+03	4.548e-22	1.0000e+01	1.0223e+01	5.6497e-12	5.6331e-02	9.4367e-01	1.0945e-01	8.9055e-01	1.3857e-13	9.7220e-15	2.8655e-04	6.6119e-01	3.3845e-01	7.5971e-05	6.4421e-02	8.8493e-01	5.0652e-02	1.1755e-36	1.1755e-36	1.1755e-36	6.7627e-22	0.00e+00	0.00e+00	1.4000e+01
7.43005e+19	7.9850e+03	4.520e-22	1.0000e+01	1.0104e+01	7.8850e-12	6.5420e-02	9.3458e-01	1.2362e-01	8.7638e-01	1.3233e-13	1.3894e-14	2.9677e-04	6.8999e-01	3.0965e-01	5.7834e-05	7.5709e-02	8.8390e-01	4.0395e-02	1.1755e-36	1.1755e-36	1.1755e-36	1.0725e-21	0.00e+00	0.00e+00	1.4757e+01
7.44598e+19	7.9356e+03	4.488e-22	1.0000e+01	9.9613e+00	1.1679e-11	7.8087e-02	9.2191e-01	1.4084e-01	8.5916e-01	1.2649e-13	2.1011e-14	3.0665e-04	7.2013e-01	2.7952e-01	4.2186e-05	9.1288e-02	8.7783e-01	3.0886e-02	1.1755e-36	1.1755e-36	1.1755e-36	1.8554e-21	0.00e+00	0.00e+00	1.5425e+01
7.45709e+19	7.8808e+03	4.462e-22	1.0000e+01	9.8433e+00	1.6298e-11	9.0464e-02	9.0954e-01	1.5601e-01	8.4399e-01	1.2233e-13	2.9453e-14	3.1383e-04	7.4328e-01	2.5637e-01	3.2417e-05	1.0637e-01	8.6895e-01	2.4671e-02	1.1755e-36	1.1755e-36	1.1755e-36	2.9172e-21	0.00e+00	0.00e+00	1.5921e+01
7.46492e+19	7.8489e+03	4.417e-22	1.0000e+01	9.7223e+00	2.0854e-11	1.0095e-01	8.9905e-01	1.6832e-01	8.3168e-01	1.1943e-13	3.7797e-14	3.1762e-04	7.5990e-01	2.3976e-01	2.6483e-05	1.1908e-01	8.6018e-01	2.0735e-02	1.1755e-36	1.1755e-36	1.1755e-36	4.0873e-21	0.00e+00	0.00e+00	1.6366e+01
7.47295e+19	7.8023e+03	4.364e-22	1.0000e+01	9.6077e+00	2.7509e-11	1.1375e-01	8.8625e-01	1.8328e-01	8.1672e-01	1.1590e-13	4.9775e-14	3.2240e-04	7.7814e-01	2.2151e-01	2.1038e-05	1.3448e-01	8.4843e-01	1.7091e-02	1.1755e-36	1.1755e-36	1.1755e-36	5.9486e-21	0.00e+00	0.00e+00	1.7017e+01
7.48187e+19	7.7570e+03	4.270e-22	1.0000e+01	9.4089e+00	3.7946e-11	1.3127e-01	8.6873e-01	2.0154e-01	7.9846e-01	1.1241e-13	6.8163e-14	3.2446e-04	7.9774e-01	2.0192e-01	1.5998e-05	1.5538e-01	8.3114e-01	1.3475e-02	1.1755e-36	1.1755e-36	1.1755e-36	9.1246e-21	0.00e+00	0.00e+00	1.7743e+01
7.48980e+19	7.7111e+03	4.157e-22	1.0000e+01	9.1747e+00	5.2618e-11	1.5135e-01	8.4865e-01	2.2027e-01	7.7973e-01	1.0944e-13	9.3150e-14	3.2425e-04	8.1540e-01	1.8426e-01	1.2191e-05	1.7910e-01	8.1032e-01	1.0585e-02	1.1755e-36	1.1755e-36	1.1755e-36	1.4059e-20	0.00e+00	0.00e+00	1.8423e+01
7.49629e+19	7.6752e+03	4.035e-22	1.0000e+01	8.9447e+00	7.0277e-11	1.7180e-01	8.2820e-01	2.3773e-01	7.6227e-01	1.0712e-13	1.2268e-13	3.2251e-04	8.3009e-01	1.6958e-01	9.5378e-06	2.0297e-01	7.8854e-01	8.4816e-03	1.1755e-36	1.1755e-36	1.1755e-36	2.0654e-20	0.00e+00	0.00e+00	1.9060e+01
7.50198e+19	7.6240e+03	3.911e-22	1.0000e+01	8.7172e+00	9.3262e-11	1.9362e-01	8.0638e-01	2.5504e-01	7.4496e-01	1.0506e-13	1.5877e-13	3.2007e-04	8.4334e-01	1.5633e-01	7.5323e-06	2.2819e-01	7.6496e-01	6.8482e-03	1.1755e-36	1.1755e-36	1.1755e-36	2.9622e-20	0.00e+00	0.00e+00	1.9731e+01
7.50741e+19	7.5695e+03	3.768e-22	1.0000e+01	8.4709e+00	1.2469e-10	2.1866e-01	7.8134e-01	2.7337e-01	7.2663e-01	1.0319e-13	2.0613e-13	3.1645e-04	8.5610e-01	1.4357e-01	5.8998e-06	2.5679e-01	7.3774e-01	5.4698e-03	1.1755e-36	1.1755e-36	1.1755e-36	4.2781e-20	0.00e+00	0.00e+00	2.0474e+01
7.51265e+19	7.5197e+03	3.586e-22	1.0000e+01	8.1477e+00	1.6662e-10	2.4651e-01	7.5349e-01	2.9174e-01	7.0826e-01	1.0210e-13	2.6531e-13	3.0918e-04	8.6762e-01	1.3207e-01	4.6247e-06	2.8817e-01	7.0750e-01	4.3337e-03	1.1755e-36	1.1755e-36	1.1755e-36	6.1133e-20	0.00e+00	0.00e+00	2.1267e+01
7.51763e+19	7.4555e+03	3.392e-22	1.0000e+01	7.8125e+00	2.2585e-10	2.7838e-01	7.2162e-01	3.1106e-01	6.8894e-01	1.0113e-13	3.4288e-13	3.0106e-04	8.7871e-01	1.2099e-01	3.5973e-06	3.2358e-01	6.7303e-01	3.3935e-03	1.1755e-36	1.1755e-36	1.1755e-36	8.8094e-20	0.00e+00	0.00e+00	2.2123e+01
7.52230e+19	7.3880e+03	3.180e-22	1.0000e+01	7.4450e+00	3.0580e-10	3.1333e-01	6.8667e-01	3.3019e-01	6.6981e-01	1.0078e-13	4.3922e-13	2.9097e-04	8.8878e-01	1.1093e-01	2.8062e-06	3.6178e-01	6.3558e-01	2.6424e-03	1.1755e-36	1.1755e-36	1.1755e-36	1.2563e-19	0.00e+00	0.00e+00	2.3008e+01
7.52635e+19	7.3207e+03	2.973e-22	1.0000e+01	7.0798e+00	4.0831e-10	3.4829e-01	6.5171e-01	3.4712e-01	6.5288e-01	1.0125e-13	5.5292e-13	2.7999e-04	8.9715e-01	1.0257e-01	2.2421e-06	3.9934e-01	5.9857e-01	2.0880e-03	1.1755e-36	1.1755e-36	1.1755e-36	1.7622e-19	0.00e+00	0.00e+00	2.3805e+01
7.52957e+19	7.2443e+03	2.796e-22	1.0000e+01	6.7623e+00	5.2444e-10	3.7955e-01	6.2045e-01	3.6111e-01	6.3889e-01	1.0199e-13	6.6551e-13	2.7007e-04	9.0371e-01	9.6017e-02	1.8617e-06	4.3244e-01	5.6585e-01	1.7094e-03	1.1755e-36	1.1755e-36	1.1755e-36	2.3126e-19	0.00e+00	0.00e+00	2.4479e+01
7.53217e+19	7.1876e+03	2.642e-22	1.0000e+01	6.4848e+00	6.3781e-10	4.0598e-01	5.9402e-01	3.7244e-01	6.2756e-01	1.0305e-13	7.6723e-13	2.6097e-04	9.0876e-01	9.0980e-02	1.6009e-06	4.6004e-01	5.3851e-01	1.4464e-03	1.1755e-36	1.1755e-36	1.1755e-36	2.8485e-19	0.00e+00	0.00e+00	2.5093e+01
7.53449e+19	7.1301e+03	2.500e-22	1.0000e+01	6.2276e+00	7.6163e-10	4.3054e-01	5.6946e-01	3.8274e-01	6.1726e-01	1.0419e-13	8.6757e-13	2.5233e-04	9.1316e-01	8.6587e-02	1.3970e-06	4.8540e-01	5.1336e-01	1.2411e-03	1.1755e-36	1.1755e-36	1.1755e-36	3.4088e-19	0.00e+00	0.00e+00	2.5701e+01
7.53669e+19	7.0603e+03	2.363e-22	1.0000e+01	5.9758e+00	9.1112e-10	4.5515e-01	5.4485e-01	3.9289e-01	6.0711e-01	1.0534e-13	9.7404e-13	2.4378e-04	9.1731e-01	8.2442e-02	1.2239e-06	5.1052e-01	4.8841e-01	1.0677e-03	1.1755e-36	1.1755e-36	1.1755e-36	4.0344e-19	0.00e+00	0.00e+00	2.6324e+01
7.53880e+19	6.9920e+03	2.231e-22	1.0000e+01	5.7331e+00	1.0826e-09	4.7972e-01	5.2028e-01	4.0277e-01	5.9723e-01	1.0665e-13	1.0869e-12	2.3546e-04	9.2122e-01	7.8543e-02	1.0762e-06	5.3533e-01	4.6375e-01	9.1951e-04	1.1755e-36	1.1755e-36	1.1755e-36	4.7367e-19	0.00e+00	0.00e+00	2.6948e+01
7.54081e+19	6.9251e+03	2.103e-22	1.0000e+01	5.4889e+00	1.2720e-09	5.0312e-01	4.9688e-01	4.1177e-01	5.8823e-01	1.0838e-13	1.1966e-12	2.2678e-04	9.2470e-01	7.5074e-02	9.5452e-07	5.5869e-01	4.4051e-01	7.9681e-04	1.1755e-36	1.1755e-36	1.1755e-36	5.4457e-19	0.00e+00	0.00e+00	2.7566e+01
7.54265e+19	6.8708e+03	1.983e-22	1.0000e+01	5.2553e+00	1.4622e-09	5.2447e-01	4.7553e-01	4.1963e-01	5.8037e-01	1.1045e-13	1.2974e-12	2.1816e-04	9.2767e-01	7.2111e-02	8.5697e-07	5.7979e-01	4.1952e-01	6.9759e-04	1.1755e-36	1.1755e-36	1.1755e-36	6.1200e-19	0.00e+00	0.00e+00	2.8145e+01
7.54431e+19	6.8013e+03	1.879e-22	1.0000e+01	5.0507e+00	1.6834e-09	5.4452e-01	4.5548e-01	4.2719e-01	5.7281e-01	1.1220e-13	1.3979e-12	2.1075e-04	9.3043e-01	6.9357e-02	7.7536e-07	5.9943e-01	3.9995e-01	6.1678e-04	1.1755e-36	1.1755e-36	1.1755e-36	6.8163e-19	0.00e+00	0.00e+00	2.8686e+01
7.54561e+19	6.7584e+03	1.801e-22	1.0000e+01	4.8941e+00	1.8593e-09	5.5999e-01	4.4001e-01	4.3265e-01	5.6735e-01	1.1385e-13	1.4770e-12	2.0492e-04	9.3241e-01	6.7381e-02	7.1928e-07	6.1444e-01	3.8500e-01	5.6008e-04	1.1755e-36	1.1755e-36	1.1755e-36	7.3882e-19	0.00e+00	0.00e+00	2.9045e+01
7.54654e+19	6.7202e+03	1.745e-22	1.0000e+01	4.7822e+00	2.0051e-09	5.7099e-01	4.2901e-01	4.3687e-01	5.6313e-01	1.1496e-13	1.5344e-12	2.0079e-04	9.3388e-01	6.5919e-02	6.8079e-07	6.2506e-01	3.7441e-01	5.2259e-04	1.1755e-36	1.1755e-36	1.1755e-36	7.8065e-19	0.00e+00	0.00e+00	2.9347e+01
7.54743e+19	6.6804e+03	1.690e-22	1.0000e+01	4.6697e+00	2.1584e-09	5.8137e-01	4.1863e-01	4.4098e-01	5.5902e-01	1.1613e-13	1.5872e-12	1.9661e-04	9.3529e-01	6.4509e-02	6.4524e-07	6.3503e-01	3.6448e-01	4.8883e-04	1.1755e-36	1.1755e-36	1.1755e-36	8.1895e-19	0.00e+00	0.00e+00	2.9699e+01
7.54849e+19	6.6325e+03	1.626e-22	1.0000e+01	4.5409e+00	2.3542e-09	5.9358e-01	4.0642e-01	4.4599e-01	5.5401e-01	1.1744e-13	1.6514e-12	1.9183e-04	9.3696e-01	6.2848e-02	6.0529e-07	6.4676e-01	3.5279e-01	4.5141e-04	1.1755e-36	1.1755e-36	1.1755e-36	8.6640e-19	0.00e+00	0.00e+00	3.0130e+01
7.54965e+19	6.5807e+03	1.559e-22	1.0000e+01	4.4014e+00	2.5868e-09	6.0706e-01	3.9294e-01	4.5133e-01	5.4867e-01	1.1903e-13	1.7233e-12	1.8659e-04	9.3872e-01	6.1092e-02	5.6486e-07	6.5956e-01	3.4003e-01	4.1333e-04	1.1755e-36	1.1755e-36	1.1755e-36	9.2119e-19	0.00e+00	0.00e+00	3.0578e+01
7.55077e+19	6.5290e+03	1.495e-22	1.0000e+01	4.2681e+00	2.8336e-09	6.1996e-01	3.8004e-01	4.5643e-01	5.4357e-01	1.2067e-13	1.7930e-12	1.8155e-04	9.4037e-01	5.9450e-02	5.2874e-07	6.7176e-01	3.2786e-01	3.7947e-04	1.1755e-36	1.1755e-36	1.1755e-36	9.7531e-19	0.00e+00	0.00e+00	3.0997e+01
7.55181e+19	6.4695e+03	1.439e-22	1.0000e+01	4.1490e+00	3.1123e-09	6.3222e-01	3.6778e-01	4.6163e-01	5.3837e-01	1.2193e-13	1.8633e-12	1.7714e-04	9.4196e-01	5.7865e-02	4.9634e-07	6.8329e-01	3.1636e-01	3.4998e-04	1.1755e-36	1.1755e-36	1.1755e-36	1.0316e-18	0.00e+00	0.00e+00	3.1400e+01
7.55281e+19	6.4274e+03	1.384e-22	1.0000e+01	4.0294e+00	3.3537e-09	6.4302e-01	3.5698e-01	4.6592e-01	5.3408e-01	1.2372e-13	1.9196e-12	1.7247e-04	9.4332e-01	5.6504e-02	4.6863e-07	6.9339e-01	3.0629e-01	3.2451e-04	1.1755e-36	1.1755e-36	1.1755e-36	1.0760e-18	0.00e+00	0.00e+00	3.1802e+01
7.55384e+19	6.3671e+03	1.329e-22	1.0000e+01	3.9101e+00	3.6742e-09	6.5460e-01	3.4540e-01	4.7103e-01	5.2897e-01	1.2520e-13	1.9850e-12	1.6795e-04	9.4483e-01	5.5002e-02	4.4032e-07	7.0418e-01	2.9552e-01	2.9951e-04	1.1755e-36	1.1755e-36	1.1755e-36	1.1294e-18	0.00e+00	0.00e+00	3.2250e+01
7.55493e+19	6.3059e+03	1.274e-22	1.0000e+01	3.7906e+00	4.0348e-09	6.6671e-01	3.3329e-01	4.7648e-01	5.2352e-01	1.2671e-13	2.0562e-12	1.6344e-04	9.4639e-01	5.3447e-02	4.1242e-07	7.1539e-01	2.8433e-01	2.7508e-04	1.1755e-36	1.1755e-36	1.1755e-36	1.1900e-18	0.00e+00	0.00e+00	3.2711e+01
7.55600e+19	6.2496e+03	1.221e-22	1.0000e+01	3.6716e+00	4.3987e-09	6.7797e-01	3.2203e-01	4.8142e-01	5.1858e-01	1.2853e-13	2.1195e-12	1.5882e-04	9.4781e-01	5.2028e-02	3.8764e-07	7.2577e-01	2.7398e-01	2.5342e-04	1.1755e-36	1.1755e-36	1.1755e-36	1.2440e-18	0.00e+00	0.00e+00	3.3156e+01
7.55704e+19	6.1980e+03	1.170e-22	1.0000e+01	3.5576e+00	4.7636e-09	6.8854e-01	3.1146e-01	4.8625e-01	5.1375e-01	1.3038e-13	2.1783e-12	1.5432e-04	9.4917e-01	5.0679e-02	3.6499e-07	7.3548e-01	2.6429e-01	2.3398e-04	1.1755e-36	1.1755e-36	1.1755e-36	1.2948e-18	0.00e+00	0.00e+00	3.3610e+01
7.55811e+19	6.1380e+03	1.120e-22	1.0000e+01	3.4438e+00	5.1964e-09	6.9934e-01	3.0066e-01	4.9140e-01	5.0860e-01	1.3220e-13	2.2408e-12	1.4988e-04	9.5056e-01	4.9287e-02	3.4291e-07	7.4532e-01	2.5446e-01	2.1550e-04	1.1755e-36	1.1755e-36	1.1755e-36	1.3508e-18	0.00e+00	0.00e+00	3.4093e+01
7.55921e+19	6.0722e+03	1.072e-22	1.0000e+01	3.3320e+00	5.6984e-09	7.1038e-01	2.8962e-01	4.9696e-01	5.0304e-01	1.3388e-13	2.3086e-12	1.4553e-04	9.5200e-01	4.7858e-02	3.2142e-07	7.5535e-01	2.4446e-01	1.9788e-04	1.1755e-36	1.1755e-36	1.1755e-36	1.4144e-18	0.00e+00	0.00e+00	3.4588e+01
7.56030e+19	6.0103e+03	1.025e-22	1.0000e+01	3.2209e+00	6.2094e-09	7.2064e-01	2.7936e-01	5.0209e-01	4.9791e-01	1.3588e-13	2.3686e-12	1.4114e-04	9.5332e-01	4.6537e-02	3.0210e-07	7.6463e-01	2.3519e-01	1.8216e-04	1.1755e-36	1.1755e-36	1.1755e-36	1.4712e-18	0.00e+00	0.00e+00	3.5074e+01
7.56137e+19	5.9406e+03	9.807e-23	1.0000e+01	3.1176e+00	6.8093e-09	7.3094e-01	2.6906e-01	5.0779e-01	4.9221e-01	1.3741e-13	2.4360e-12	1.3711e-04	9.5468e-01	4.5180e-02	2.8354e-07	7.7389e-01	2.2594e-01	1.6758e-04	1.1755e-36	1.1755e-36	1.1755e-36	1.5395e-18	0.00e+00	0.00e+00	3.5575e+01
7.56246e+19	5.8721e+03	9.380e-23	1.0000e+01	3.0146e+00	7.4434e-09	7.4074e-01	2.5926e-01	5.1331e-01	4.8669e-01	1.3914e-13	2.4994e-12	1.3304e-04	9.5598e-01	4.3884e-02	2.6639e-07	7.8268e-01	2.1717e-01	1.5429e-04	1.1755e-36	1.1755e-36	1.1755e-36	1.6054e-18	0.00e+00	0.00e+00	3.6079e+01
7.56354e+19	5.7959e+03	8.970e-23	1.0000e+01	2.9138e+00	8.1822e-09	7.5037e-01	2.4963e-01	5.1908e-01	4.8092e-01	1.4073e-13	2.5656e-12	1.2909e-04	9.5728e-01	4.2593e-02	2.5011e-07	7.9129e-01	2.0856e-01	1.4201e-04	1.1755e-36	1.1755e-36	1.1755e-36	1.6784e-18	0.00e+00	0.00e+00	3.6598e+01
7.56464e+19	5.7217e+03	8.571e-23	1.0000e+01	2.8152e+00	8.9646e-09	7.5974e-01	2.4026e-01	5.2491e-01	4.7509e-01	1.4237e-13	2.6318e-12	1.2518e-04	9.5855e-01	4.1326e-02	2.3475e-07	7.9962e-01	2.0025e-01	1.3062e-04	1.1755e-36	1.1755e-36	1.1755e-36	1.7544e-18	0.00e+00	0.00e+00	3.7128e+01
7.56575e+19	5.6506e+03	8.184e-23	1.0000e+01	2.7186e+00	9.7780e-09	7.6874e-01	2.3126e-01	5.3072e-01	4.6928e-01	1.4412e-13	2.6965e-12	1.2132e-04	9.5979e-01	4.0090e-02	2.2031e-07	8.0760e-01	1.9228e-01	1.2012e-04	1.1755e-36	1.1755e-36	1.1755e-36	1.8314e-18	0.00e+00	0.00e+00	3.7671e+01
7.56689e+19	5.5636e+03	7.810e-23	1.0000e+01	2.6234e+00	1.0804e-08	7.7788e-01	2.2212e-01	5.3712e-01	4.6288e-01	1.4550e-13	2.7718e-12	1.1758e-04	9.6106e-01	3.8827e-02	2.0633e-07	8.1567e-01	1.8422e-01	1.1025e-04	1.1755e-36	1.1755e-36	1.1755e-36	1.9282e-18	0.00e+00	0.00e+00	3.8235e+01
7.56803e+19	5.4849e+03	7.451e-23	1.0000e+01	2.5310e+00	1.1818e-08	7.8650e-01	2.1350e-01	5.4330e-01	4.5670e-01	1.4708e-13	2.8431e-12	1.1392e-04	9.6226e-01	3.7623e-02	1.9341e-07	8.2324e-01	1.7666e-01	1.0126e-04	1.1755e-36	1.1755e-36	1.1755e-36	2.0231e-18	0.00e+00	0.00e+00	3.8796e+01
7.56916e+19	5.4006e+03	7.109e-23	1.0000e+01	2.4408e+00	1.2954e-08	7.9474e-01	2.0526e-01	5.4959e-01	4.5041e-01	1.4856e-13	2.9171e-12	1.1034e-04	9.6344e-01	3.6451e-02	1.8134e-07	8.3048e-01	1.6943e-01	9.3086e-05	1.1755e-36	1.1755e-36	1.1755e-36	2.1271e-18	0.00e+00	0.00e+00	3.9371e+01
7.57033e+19	5.3126e+03	6.777e-23	1.0000e+01	2.3531e+00	1.4212e-08	8.0293e-01	1.9707e-01	5.5626e-01	4.4374e-01	1.4985e-13	2.9983e-12	1.0687e-04	9.6462e-01	3.5272e-02	1.6973e-07	8.3763e-01	1.6228e-01	8.5411e-05	1.1755e-36	1.1755e-36	1.1755e-36	2.2468e-18	0.00e+00	0.00e+00	3.9969e+01
7.57151e+19	5.2243e+03	6.456e-23	1.0000e+01	2.2675e+00	1.5545e-08	8.1091e-01	1.8909e-01	5.6307e-01	4.3693e-01	1.5109e-13	3.0831e-12	1.0346e-04	9.6578e-01	3.4113e-02	1.5875e-07	8.4457e-01	1.5535e-01	7.8296e-05	1.1755e-36	1.1755e-36	1.1755e-36	2.3767e-18	0.00e+00	0.00e+00	4.0576e+01
7.57270e+19	5.1287e+03	6.151e-23	1.0000e+01	2.1847e+00	1.7040e-08	8.1866e-01	1.8134e-01	5.7015e-01	4.2985e-01	1.5207e-13	3.1762e-12	1.0019e-04	9.6692e-01	3.2976e-02	1.4843e-07	8.5130e-01	1.4863e-01	7.1767e-05	1.1755e-36	1.1755e-36	1.1755e-36	2.5262e-18	0.00e+00	0.00e+00	4.1190e+01
7.57388e+19	5.0327e+03	5.861e-23	1.0000e+01	2.1047e+00	1.8590e-08	8.2605e-01	1.7395e-01	5.7726e-01	4.2274e-01	1.5297e-13	3.2717e-12	9.7018e-05	9.6802e-01	3.1881e-02	1.3885e-07	8.5769e-01	1.4224e-01	6.5835e-05	1.1755e-36	1.1755e-36	1.1755e-36	2.6845e-18	0.00e+00	0.00e+00	4.1809e+01
7.57508e+19	4.9360e+03	5.583e-23	1.0000e+01	2.0271e+00	2.0150e-08	8.3311e-01	1.6689e-01	5.8446e-01	4.1554e-01	1.5379e-13	3.3364e-12	9.3944e-05	9.6917e-01	3.0731e-02	1.2951e-07	8.6378e-01	1.3615e-01	6.0410e-05	1.1755e-36	1.1755e-36	1.1755e-36	2.7841e-18	0.00e+00	0.00e+00	4.2441e+01
7.57629e+19	4.8282e+03	5.316e-23	1.0000e+01	1.9518e+00	2.1873e-08	8.4023e-01	1.5977e-01	5.9224e-01	4.0776e-01	1.5410e-13	3.3841e-12	9.1016e-05	9.7040e-01	2.9510e-02	1.1755e-36	8.6990e-01	1.3004e-01	5.5308e-05	1.1755e-36	1.1755e-36	1.1755e-36	2.8485e-18	0.00e+00	0.00e+00	4.3095e+01
7.57752e+19	4.7224e+03	5.060e-23	1.0000e+01	1.8777e+00	2.3510e-08	8.4692e-01	1.5308e-01	5.9984e-01	4.0016e-01	1.5456e-13	3.4163e-12	8.8113e-05	9.7156e-01	2.8347e-02	1.1755e-36	8.7565e-01	1.2430e-01	5.0687e-05	1.1755e-36	1.1755e-36	1.1755e-36	2.8826e-18	0.00e+00	0.00e+00	4.3745e+01
7.57874e+19	4.6074e+03	4.819e-23	1.0000e+01	1.8064e+00	2.5198e-08	8.5341e-01	1.4659e-01	6.0775e-01	3.9225e-01	1.5459e-13	3.4370e-12	8.5361e-05	9.7272e-01	2.7195e-02	1.1755e-36	8.8121e-01	1.1874e-01	4.6466e-05	1.1755e-36	1.1755e-36	1.1755e-36	2.8915e-18	0.00e+00	0.00e+00	4.4407e+01
7.57997e+19	4.4930e+03	4.588e-23	1.0000e+01	1.7373e+00	2.6730e-08	8.5964e-01	1.4036e-01	6.1574e-01	3.8426e-01	1.5452e-13	3.4423e-12	8.2699e-05	9.7384e-01	2.6074e-02	1.1755e-36	8.8654e-01	1.1342e-01	4.2587e-05	1.1755e-36	1.1755e-36	1.1755e-36	2.8662e-18	0.00e+00	0.00e+00	4.5078e+01
7.58121e+19	4.3756e+03	4.368e-23	1.0000e+01	1.6703e+00	2.8098e-08	8.6565e-01	1.3435e-01	6.2387e-01	3.7613e-01	1.5424e-13	3.4314e-12	8.0140e-05	9.7494e-01	2.4979e-02	1.1755e-36	8.9166e-01	1.0830e-01	3.9025e-05	1.1755e-36	1.1755e-36	1.1755e-36	2.8044e-18	0.00e+00	0.00e+00	4.5758e+01
7.58246e+19	4.2560e+03	4.158e-23	1.0000e+01	1.6057e+00	2.9242e-08	8.7142e-01	1.2858e-01	6.3209e-01	3.6791e-01	1.5376e-13	3.4036e-12	7.7695e-05	9.7601e-01	2.3916e-02	1.1755e-36	8.9658e-01	1.0339e-01	3.5769e-05	1.1755e-36	1.1755e-36	1.1755e-36	2.7057e-18	0.00e+00	0.00e+00	4.6441e+01
7.58369e+19	4.1350e+03	3.960e-23	1.0000e+01	1.5436e+00	3.0115e-08	8.7693e-01	1.2307e-01	6.4034e-01	3.5966e-01	1.5306e-13	3.3599e-12	7.5379e-05	9.7703e-01	2.2892e-02	1.1755e-36	9.0126e-01	9.8711e-02	3.2809e-05	1.1755e-36	1.1755e-36	1.1755e-36	2.5737e-18	0.00e+00	0.00e+00	4.7124e+01
7.58492e+19	4.0127e+03	3.774e-23	1.0000e+01	1.4841e+00	3.0699e-08	8.8218e-01	1.1782e-01	6.4863e-01	3.5137e-01	1.5215e-13	3.3019e-12	7.3196e-05	9.7802e-01	2.1907e-02	1.1755e-36	9.0571e-01	9.4259e-02	3.0118e-05	1.1755e-36	1.1755e-36	1.1755e-36	2.4143e-18	0.00e+00	0.00e+00	4.7807e+01
7.58614e+19	3.8898e+03	3.598e-23	1.0000e+01	1.4272e+00	3.0993e-08	8.8717e-01	1.1283e-01	6.5688e-01	3.4312e-01	1.5105e-13	3.2323e-12	7.1148e-05	9.7896e-01	2.0966e-02	1.1755e-36	9.0994e-01	9.0034e-02	2.7680e-05	1.1755e-36	1.1755e-36	1.1755e-36	2.2359e-18	0.00e+00	0.00e+00	4.8483e+01
###########################
5.80620e+14	6.6138e+03	3.828e-22	1.0000e+01	1.0906e+01	2.0902e-15	6.6049e-04	9.9934e-01	2.1411e-03	9.4988e-01	4.7976e-02	9.3858e-21	7.3118e-06	3.9332e-02	9.4364e-01	1.7007e-02	3.2452e-05	7.6000e-02	9.0090e-01	2.3066e-02	3.7897e-07	1.1755e-36	1.3087e-28	0.00e+00	0.00e+00	4.8417e-05
3.48372e+15	6.6131e+03	3.827e-22	1.0000e+01	1.0905e+01	2.0924e-15	6.6042e-04	9.9934e-01	2.1409e-03	9.4991e-01	4.7948e-02	9.3810e-21	7.2995e-06	3.9340e-02	9.4361e-01	1.7035e-02	3.2420e-05	7.5930e-02	9.0105e-01	2.2988e-02	3.7712e-07	1.1755e-36	1.3082e-28	0.00e+00	0.00e+00	2.4206e-04
1.50961e+16	6.6111e+03	3.826e-22	1.0000e+01	1.0904e+01	2.0996e-15	6.6037e-04	9.9934e-01	2.1416e-03	9.5018e-01	4.7675e-02	9.3899e-21	7.3154e-06	3.9365e-02	9.4362e-01	1.6999e-02	3.2386e-05	7.5848e-02	9.0145e-01	2.2669e-02	3.6950e-07	1.1755e-36	1.3107e-28	0.00e+00	0.00e+00	1.0166e-03
6.15457e+16	6.6064e+03	3.819e-22	1.0000e+01	1.0903e+01	2.1051e-15	6.6020e-04	9.9934e-01	2.1456e-03	9.5164e-01	4.6212e-02	9.3671e-21	7.3459e-06	3.9400e-02	9.4372e-01	1.6863e-02	3.2338e-05	7.5723e-02	9.0281e-01	2.1439e-02	3.4067e-07	1.1755e-36	1.3051e-28	0.00e+00	0.00e+00	4.1139e-03
1.47013e+17	6.5908e+03	3.802e-22	1.0000e+01	1.0902e+01	2.1125e-15	6.5764e-04	9.9934e-01	2.1467e-03	9.5243e-01	4.5427e-02	9.2243e-21	7.3581e-06	3.9398e-02	9.4382e-01	1.6764e-02	3.2034e-05	7.5237e-02	9.0497e-01	1.9759e-02	3.0126e-07	1.1755e-36	1.2782e-28	0.00e+00	0.00e+00	8.1248e-03
2.58120e+17	6.5723e+03	3.783e-22	1.0000e+01	1.0900e+01	2.1195e-15	6.5518e-04	9.9934e-01	2.1522e-03	9.5478e-01	4.3072e-02	9.0790e-21	7.3630e-06	3.9417e-02	9.4403e-01	1.6534e-02	3.1794e-05	7.4873e-02	9.0738e-01	1.7714e-02	2.5603e-07	1.1755e-36	1.2475e-28	0.00e+00	0.00e+00	1.3319e-02
4.02560e+17	6.5489e+03	3.763e-22	1.0000e+01	1.0898e+01	2.1304e-15	6.5280e-04	9.9935e-01	2.1625e-03	9.5866e-01	3.9175e-02	8.9372e-21	7.3520e-06	3.9463e-02	9.4434e-01	1.6182e-02	3.1627e-05	7.4654e-02	9.1000e-01	1.5311e-02	2.0640e-07	1.1755e-36	1.2139e-28	0.00e+00	0.00e+00	2.0048e-02
5.90332e+17	6.5282e+03	3.737e-22	1.0000e+01	1.0894e+01	2.1332e-15	6.4980e-04	9.9935e-01	2.1757e-03	9.6404e-01	3.3788e-02	8.7946e-21	7.3586e-06	3.9510e-02	9.4475e-01	1.5724e-02	3.1510e-05	7.4581e-02	9.1278e-01	1.2612e-02	1.5541e-07	1.1755e-36	1.1803e-28	0.00e+00	0.00e+00	2.8755e-02
8.34435e+17	6.4980e+03	3.709e-22	1.0000e+01	1.0889e+01	2.1562e-15	6.4710e-04	9.9935e-01	2.1946e-03	9.7068e-01	2.7121e-02	8.7189e-21	7.3751e-06	3.9611e-02	9.4522e-01	1.5155e-02	3.1569e-05	7.4860e-02	9.1536e-01	9.7458e-03	1.1755e-36	1.1755e-36	1.1553e-28	0.00e+00	0.00e+00	4.0027e-02
1.15177e+18	6.4660e+03	3.675e-22	1.0000e+01	1.0883e+01	2.1719e-15	6.4421e-04	9.9936e-01	2.2165e-03	9.7795e-01	1.9834e-02	8.6493e-21	7.3960e-06	3.9746e-02	9.4571e-01	1.4536e-02	3.1806e-05	7.5524e-02	9.1751e-01	6.9301e-03	1.1755e-36	1.1755e-36	1.1251e-28	0.00e+00	0.00e+00	5.4615e-02
1.56430e+18	6.4278e+03	3.637e-22	1.0000e+01	1.0875e+01	2.2001e-15	6.4152e-04	9.9936e-01	2.2406e-03	9.8489e-01	1.2870e-02	8.6399e-21	7.4387e-06	3.9937e-02	9.4613e-01	1.3918e-02	3.2255e-05	7.6605e-02	9.1893e-01	4.4294e-03	1.1755e-36	1.1755e-36	1.1010e-28	0.00e+00	0.00e+00	7.3500e-02
2.10060e+18	6.3793e+03	3.599e-22	1.0000e+01	1.0870e+01	2.2417e-15	6.3966e-04	9.9936e-01	2.2671e-03	9.9054e-01	7.1925e-03	8.6632e-21	7.4895e-06	4.0217e-02	9.4642e-01	1.3350e-02	3.2929e-05	7.8050e-02	9.1944e-01	2.4761e-03	1.1755e-36	1.1755e-36	1.0733e-28	0.00e+00	0.00e+00	9.7980e-02
2.79778e+18	6.3219e+03	3.559e-22	1.0000e+01	1.0866e+01	2.3060e-15	6.3872e-04	9.9936e-01	2.2948e-03	9.9435e-01	3.3596e-03	8.7384e-21	7.5603e-06	4.0587e-02	9.4654e-01	1.2861e-02	3.3767e-05	7.9677e-02	9.1911e-01	1.1762e-03	1.1755e-36	1.1755e-36	1.0497e-28	0.00e+00	0.00e+00	1.2976e-01
3.70412e+18	6.2560e+03	3.518e-22	1.0000e+01	1.0864e+01	2.4018e-15	6.3910e-04	9.9936e-01	2.3249e-03	9.9640e-01	1.2735e-03	8.8789e-21	7.6580e-06	4.1068e-02	9.4649e-01	1.2436e-02	3.4760e-05	8.1383e-02	9.1812e-01	4.6148e-04	1.1755e-36	1.1755e-36	1.0332e-28	0.00e+00	0.00e+00	1.7109e-01
4.88236e+18	6.1829e+03	3.476e-22	1.0000e+01	1.0863e+01	2.5104e-15	6.4144e-04	9.9936e-01	2.3606e-03	9.9726e-01	3.8243e-04	9.0146e-21	7.7952e-06	4.1693e-02	9.4627e-01	1.2027e-02	3.5980e-05	8.3211e-02	9.1661e-01	1.4624e-04	1.1755e-36	1.1755e-36	1.0048e-28	0.00e+00	0.00e+00	2.2502e-01
6.41407e+18	6.1046e+03	3.433e-22	1.0000e+01	1.0863e+01	2.6531e-15	6.4676e-04	9.9935e-01	2.4061e-03	9.9750e-01	9.0373e-05	9.2495e-21	7.9920e-06	4.2517e-02	9.4589e-01	1.1586e-02	3.7588e-05	8.5331e-02	9.1459e-01	3.7206e-05	1.1755e-36	1.1755e-36	9.8335e-29	0.00e+00	0.00e+00	2.9572e-01
8.40529e+18	6.0247e+03	3.389e-22	1.0000e+01	1.0863e+01	2.8366e-15	6.5669e-04	9.9934e-01	2.4671e-03	9.9752e-01	1.7284e-05	9.6491e-21	8.2785e-06	4.3619e-02	9.4530e-01	1.1077e-02	3.9836e-05	8.7972e-02	9.1198e-01	7.7649e-06	1.1755e-36	1.1755e-36	9.7386e-29	0.00e+00	0.00e+00	3.8903e-01
1.09939e+19	5.9494e+03	3.346e-22	1.0000e+01	1.0863e+01	3.0692e-15	6.7380e-04	9.9933e-01	2.5507e-03	9.9745e-01	2.8371e-06	1.0321e-20	8.7002e-06	4.5115e-02	9.4440e-01	1.0479e-02	4.3092e-05	9.1387e-02	9.0857e-01	1.3869e-06	1.1755e-36	1.1755e-36	9.8477e-29	0.00e+00	0.00e+00	5.1349e-01
1.43590e+19	5.8889e+03	3.306e-22	1.0000e+01	1.0862e+01	3.3758e-15	7.0221e-04	9.9930e-01	2.6681e-03	9.9733e-01	4.1672e-07	1.1517e-20	9.3265e-06	4.7186e-02	9.4303e-01	9.7788e-03	4.7949e-05	9.5867e-02	9.0408e-01	2.1860e-07	1.1755e-36	1.1755e-36	1.0414e-28	0.00e+00	0.00e+00	6.8212e-01
1.87338e+19	5.8604e+03	3.274e-22	1.0000e+01	1.0862e+01	3.7594e-15	7.4932e-04	9.9925e-01	2.8388e-03	9.9716e-01	5.4745e-08	1.3672e-20	1.0317e-05	5.0143e-02	9.4089e-01	8.9609e-03	5.5646e-05	1.0203e-01	8.9791e-01	1.1755e-36	1.1755e-36	1.1755e-36	1.1752e-28	0.00e+00	0.00e+00	9.1604e-01
2.22668e+19	5.8326e+03	3.246e-22	1.0000e+01	1.0861e+01	3.8855e-15	7.8175e-04	9.9922e-01	2.9479e-03	9.9705e-01	1.2645e-08	1.4271e-20	1.0976e-05	5.2086e-02	9.3949e-01	8.4109e-03	6.1441e-05	1.0641e-01	8.9353e-01	1.1755e-36	1.1755e-36	1.1755e-36	1.1430e-28	0.00e+00	0.00e+00	1.0207e+00
2.44934e+19	5.8608e+03	3.246e-22	1.0000e+01	1.0861e+01	4.0829e-15	8.1539e-04	9.9918e-01	3.0502e-03	9.9695e-01	5.7059e-09	1.6095e-20	1.1622e-05	5.3809e-02	9.3811e-01	8.0692e-03	6.6760e-05	1.0975e-01	8.9019e-01	1.1755e-36	1.1755e-36	1.1755e-36	1.2939e-28	0.00e+00	0.00e+00	1.1408e+00
2.69428e+19	5.9029e+03	3.249e-22	1.0000e+01	1.0860e+01	4.3014e-15	8.5709e-04	9.9914e-01	3.1725e-03	9.9683e-01	2.5310e-09	1.8550e-20	1.2413e-05	5.5854e-02	9.3642e-01	7.7090e-03	7.3491e-05	1.1365e-01	8.8627e-01	1.1755e-36	1.1755e-36	1.1755e-36	1.5012e-28	0.00e+00	0.00e+00	1.2796e+00
2.96370e+19	5.9617e+03	3.258e-22	1.0000e+01	1.0859e+01	4.5781e-15	9.0966e-04	9.9909e-01	3.3221e-03	9.9668e-01	1.1034e-09	2.2140e-20	1.3401e-05	5.8328e-02	9.3433e-01	7.3268e-03	8.2229e-05	1.1829e-01	8.8162e-01	1.1755e-36	1.1755e-36	1.1755e-36	1.8239e-28	0.00e+00	0.00e+00	1.4417e+00
3.26008e+19	6.0498e+03	3.269e-22	1.0000e+01	1.0858e+01	4.8717e-15	9.7590e-04	9.9902e-01	3.5055e-03	9.9649e-01	4.7316e-10	2.7405e-20	1.4633e-05	6.1318e-02	9.3174e-01	6.9281e-03	9.3739e-05	1.2382e-01	8.7609e-01	1.1755e-36	1.1755e-36	1.1755e-36	2.3221e-28	0.00e+00	0.00e+00	1.6330e+00
3.58608e+19	6.1493e+03	3.295e-22	1.0000e+01	1.0857e+01	5.3506e-15	1.0644e-03	9.9894e-01	3.7441e-03	9.9626e-01	1.9900e-10	3.6022e-20	1.6258e-05	6.5170e-02	9.2833e-01	6.4876e-03	1.0997e-04	1.3087e-01	8.6902e-01	1.1755e-36	1.1755e-36	1.1755e-36	3.1821e-28	0.00e+00	0.00e+00	1.8624e+00
3.94469e+19	6.2795e+03	3.331e-22	1.0000e+01	1.0856e+01	6.0161e-15	1.1833e-03	9.9882e-01	4.0566e-03	9.9594e-01	8.2201e-11	5.0876e-20	1.8420e-05	7.0141e-02	9.2383e-01	6.0120e-03	1.3351e-04	1.3994e-01	8.5993e-01	1.1755e-36	1.1755e-36	1.1755e-36	4.7730e-28	0.00e+00	0.00e+00	2.1431e+00
4.29858e+19	6.4337e+03	3.377e-22	1.0000e+01	1.0854e+01	6.7749e-15	1.3290e-03	9.9867e-01	4.4217e-03	9.9558e-01	3.6759e-11	7.3866e-20	2.0988e-05	7.5867e-02	9.1855e-01	5.5617e-03	1.6489e-04	1.5044e-01	8.4940e-01	1.1755e-36	1.1755e-36	1.1755e-36	7.3990e-28	0.00e+00	0.00e+00	2.4217e+00
4.59589e+19	6.5706e+03	3.432e-22	1.0000e+01	1.0852e+01	7.6894e-15	1.4855e-03	9.9851e-01	4.7982e-03	9.9520e-01	1.9582e-11	1.0594e-19	2.3669e-05	8.1719e-02	9.1308e-01	5.1760e-03	2.0175e-04	1.6128e-01	8.3852e-01	1.1755e-36	1.1755e-36	1.1755e-36	1.1295e-27	0.00e+00	0.00e+00	2.6679e+00
4.83580e+19	6.6987e+03	3.481e-22	1.0000e+01	1.0850e+01	8.6416e-15	1.6401e-03	9.9836e-01	5.1672e-03	9.9483e-01	1.2073e-11	1.4773e-19	2.6275e-05	8.7335e-02	9.0778e-01	4.8591e-03	2.4177e-04	1.7179e-01	8.2797e-01	1.1755e-36	1.1755e-36	1.1755e-36	1.6738e-27	0.00e+00	0.00e+00	2.8929e+00
5.04383e+19	6.8152e+03	3.527e-22	1.0000e+01	1.0848e+01	9.7269e-15	1.8016e-03	9.9820e-01	5.5534e-03	9.9445e-01	8.0287e-12	2.0387e-19	2.8963e-05	9.3094e-02	9.0231e-01	4.5717e-03	2.8750e-04	1.8266e-01	8.1706e-01	1.1755e-36	1.1755e-36	1.1755e-36	2.4445e-27	0.00e+00	0.00e+00	3.1189e+00
5.23756e+19	6.9288e+03	3.575e-22	1.0000e+01	1.0846e+01	1.1021e-14	1.9812e-03	9.9802e-01	5.9769e-03	9.9402e-01	5.5483e-12	2.8356e-19	3.1908e-05	9.9349e-02	8.9633e-01	4.2935e-03	3.4301e-04	1.9464e-01	8.0502e-01	1.1755e-36	1.1755e-36	1.1755e-36	3.5952e-27	0.00e+00	0.00e+00	3.3549e+00
5.41884e+19	7.0407e+03	3.624e-22	1.0000e+01	1.0843e+01	1.2572e-14	2.1820e-03	9.9782e-01	6.4458e-03	9.9355e-01	3.9699e-12	3.9755e-19	3.5128e-05	1.0615e-01	8.8979e-01	4.0247e-03	4.1074e-04	2.0784e-01	7.9175e-01	1.1755e-36	1.1755e-36	1.1755e-36	5.3307e-27	0.00e+00	0.00e+00	3.5944e+00
5.58329e+19	7.1473e+03	3.673e-22	1.0000e+01	1.0841e+01	1.4356e-14	2.3996e-03	9.9760e-01	6.9498e-03	9.9305e-01	2.9568e-12	5.5506e-19	3.8538e-05	1.1332e-01	8.8287e-01	3.7720e-03	4.9091e-04	2.2197e-01	7.7754e-01	1.1755e-36	1.1755e-36	1.1755e-36	7.8460e-27	0.00e+00	0.00e+00	3.8293e+00
5.73023e+19	7.2462e+03	3.719e-22	1.0000e+01	1.0838e+01	1.6402e-14	2.6307e-03	9.9737e-01	7.4821e-03	9.9252e-01	2.2858e-12	7.6887e-19	4.2084e-05	1.2075e-01	8.7567e-01	3.5365e-03	5.8379e-04	2.3681e-01	7.6261e-01	1.1755e-36	1.1755e-36	1.1755e-36	1.1432e-26	0.00e+00	0.00e+00	4.0598e+00
5.86323e+19	7.3383e+03	3.764e-22	1.0000e+01	1.0835e+01	1.8736e-14	2.8779e-03	9.9712e-01	8.0493e-03	9.9195e-01	1.8176e-12	1.0578e-18	4.5794e-05	1.2851e-01	8.6813e-01	3.3140e-03	6.9184e-04	2.5249e-01	7.4682e-01	1.1755e-36	1.1755e-36	1.1755e-36	1.6485e-26	0.00e+00	0.00e+00	4.2909e+00
5.98609e+19	7.4257e+03	3.807e-22	1.0000e+01	1.0831e+01	2.1478e-14	3.1466e-03	9.9685e-01	8.6657e-03	9.9133e-01	1.4754e-12	1.4559e-18	4.9738e-05	1.3676e-01	8.6009e-01	3.1001e-03	8.1937e-04	2.6931e-01	7.2987e-01	1.1755e-36	1.1755e-36	1.1755e-36	2.3764e-26	0.00e+00	0.00e+00	4.5263e+00
6.10039e+19	7.5101e+03	3.849e-22	1.0000e+01	1.0828e+01	2.4701e-14	3.4404e-03	9.9656e-01	9.3313e-03	9.9067e-01	1.2193e-12	2.0066e-18	5.3961e-05	1.4553e-01	8.5152e-01	2.8935e-03	9.7057e-04	2.8740e-01	7.1163e-01	1.1755e-36	1.1755e-36	1.1755e-36	3.4304e-26	0.00e+00	0.00e+00	4.7655e+00
6.20628e+19	7.5924e+03	3.889e-22	1.0000e+01	1.0825e+01	2.8372e-14	3.7593e-03	9.9624e-01	1.0050e-02	9.8995e-01	1.0248e-12	2.7550e-18	5.8373e-05	1.5475e-01	8.4249e-01	2.6960e-03	1.1483e-03	3.0670e-01	6.9215e-01	1.1755e-36	1.1755e-36	1.1755e-36	4.9204e-26	0.00e+00	0.00e+00	5.0067e+00
6.30410e+19	7.6624e+03	3.930e-22	1.0000e+01	1.0820e+01	3.2867e-14	4.1092e-03	9.9589e-01	1.0844e-02	9.8916e-01	8.7386e-13	3.7883e-18	6.3170e-05	1.6471e-01	8.3273e-01	2.5041e-03	1.3584e-03	3.2731e-01	6.7133e-01	1.1755e-36	1.1755e-36	1.1755e-36	7.0522e-26	0.00e+00	0.00e+00	5.2505e+00
6.39469e+19	7.7291e+03	3.969e-22	1.0000e+01	1.0815e+01	3.8126e-14	4.4895e-03	9.9551e-01	1.1705e-02	9.8829e-01	7.5517e-13	5.1978e-18	6.8194e-05	1.7517e-01	8.2245e-01	2.3208e-03	1.6045e-03	3.4912e-01	6.4928e-01	1.1755e-36	1.1755e-36	1.1755e-36	1.0084e-25	0.00e+00	0.00e+00	5.4977e+00
6.47898e+19	7.8022e+03	4.002e-22	1.0000e+01	1.0811e+01	4.4007e-14	4.8997e-03	9.9510e-01	1.2628e-02	9.8737e-01	6.6077e-13	7.1060e-18	7.3405e-05	1.8607e-01	8.1171e-01	2.1474e-03	1.8906e-03	3.7206e-01	6.2605e-01	1.1755e-36	1.1755e-36	1.1755e-36	1.4379e-25	0.00e+00	0.00e+00	5.7494e+00
6.55780e+19	7.8589e+03	4.039e-22	1.0000e+01	1.0804e+01	5.1391e-14	5.3571e-03	9.9464e-01	1.3675e-02	9.8632e-01	5.8256e-13	9.7475e-18	7.9102e-05	1.9798e-01	7.9997e-01	1.9773e-03	2.2308e-03	3.9651e-01	6.0126e-01	1.1755e-36	1.1755e-36	1.1755e-36	2.0502e-25	0.00e+00	0.00e+00	6.0073e+00
6.63159e+19	7.9203e+03	4.072e-22	1.0000e+01	1.0798e+01	5.9956e-14	5.8575e-03	9.9414e-01	1.4795e-02	9.8520e-01	5.1913e-13	1.3373e-17	8.5116e-05	2.1049e-01	7.8761e-01	1.8152e-03	2.6292e-03	4.2223e-01	5.7514e-01	1.1755e-36	1.1755e-36	1.1755e-36	2.9311e-25	0.00e+00	0.00e+00	6.2710e+00
6.70057e+19	7.9635e+03	4.109e-22	1.0000e+01	1.0792e+01	7.0909e-14	6.4182e-03	9.9358e-01	1.6051e-02	9.8395e-01	4.6570e-13	1.8409e-17	9.1593e-05	2.2396e-01	7.7429e-01	1.6575e-03	3.1019e-03	4.4936e-01	5.4754e-01	1.1755e-36	1.1755e-36	1.1755e-36	4.1999e-25	0.00e+00	0.00e+00	6.5410e+00
6.76512e+19	8.0270e+03	4.135e-22	1.0000e+01	1.0784e+01	8.2730e-14	7.0231e-03	9.9298e-01	1.7406e-02	9.8259e-01	4.2173e-13	2.5193e-17	9.8271e-05	2.3799e-01	7.6040e-01	1.5109e-03	3.6469e-03	4.7734e-01	5.1902e-01	1.1755e-36	1.1755e-36	1.1755e-36	5.9904e-25	0.00e+00	0.00e+00	6.8180e+00
6.82565e+19	8.0727e+03	4.165e-22	1.0000e+01	1.0775e+01	9.7883e-14	7.7042e-03	9.9230e-01	1.8931e-02	9.8107e-01	3.8379e-13	3.4606e-17	1.0548e-04	2.5311e-01	7.4542e-01	1.3687e-03	4.2917e-03	5.0651e-01	4.8920e-01	1.1755e-36	1.1755e-36	1.1755e-36	8.5682e-25	0.00e+00	0.00e+00	7.1030e+00
6.88256e+19	8.1150e+03	4.195e-22	1.0000e+01	1.0768e+01	1.1665e-13	8.4662e-03	9.9153e-01	2.0624e-02	9.7938e-01	3.5142e-13	4.7727e-17	1.1317e-04	2.6914e-01	7.2952e-01	1.2331e-03	5.0499e-03	5.3666e-01	4.5829e-01	1.1755e-36	1.1755e-36	1.1755e-36	1.2352e-24	0.00e+00	0.00e+00	7.3981e+00
6.93621e+19	8.1542e+03	4.223e-22	1.0000e+01	1.0757e+01	1.3960e-13	9.3253e-03	9.9067e-01	2.2529e-02	9.7747e-01	3.2329e-13	6.5911e-17	1.2143e-04	2.8649e-01	7.1229e-01	1.1038e-03	5.9446e-03	5.6765e-01	4.2641e-01	1.1755e-36	1.1755e-36	1.1755e-36	1.7795e-24	0.00e+00	0.00e+00	7.7048e+00
6.98672e+19	8.1840e+03	4.254e-22	1.0000e+01	1.0747e+01	1.6921e-13	1.0301e-02	9.8970e-01	2.4677e-02	9.7532e-01	2.9875e-13	9.1572e-17	1.3023e-04	3.0489e-01	6.9400e-01	9.8092e-04	7.0017e-03	5.9925e-01	3.9375e-01	1.1755e-36	1.1755e-36	1.1755e-36	2.5916e-24	0.00e+00	0.00e+00	8.0230e+00
7.03426e+19	8.2137e+03	4.282e-22	1.0000e+01	1.0735e+01	2.0593e-13	1.1408e-02	9.8859e-01	2.7098e-02	9.7290e-01	2.7732e-13	1.2747e-16	1.3964e-04	3.2463e-01	6.7437e-01	8.6538e-04	8.2463e-03	6.3110e-01	3.6066e-01	1.1755e-36	1.1755e-36	1.1755e-36	3.7838e-24	0.00e+00	0.00e+00	8.3554e+00
7.07912e+19	8.2380e+03	4.308e-22	1.0000e+01	1.0718e+01	2.5271e-13	1.2678e-02	9.8732e-01	2.9859e-02	9.7014e-01	2.5824e-13	1.7799e-16	1.4966e-04	3.4583e-01	6.5326e-01	7.5681e-04	9.7190e-03	6.6294e-01	3.2735e-01	1.1755e-36	1.1755e-36	1.1755e-36	5.5443e-24	0.00e+00	0.00e+00	8.7042e+00
7.12154e+19	8.2542e+03	4.336e-22	1.0000e+01	1.0700e+01	3.1472e-13	1.4153e-02	9.8585e-01	3.3036e-02	9.6696e-01	2.4114e-13	2.5069e-16	1.6042e-04	3.6855e-01	6.3064e-01	6.5493e-04	1.1475e-02	6.9453e-01	2.9400e-01	1.1755e-36	1.1755e-36	1.1755e-36	8.2365e-24	0.00e+00	0.00e+00	9.0729e+00
7.16180e+19	8.2640e+03	4.365e-22	1.0000e+01	1.0679e+01	3.9768e-13	1.5889e-02	9.8411e-01	3.6725e-02	9.6327e-01	2.2573e-13	3.5641e-16	1.7203e-04	3.9305e-01	6.0621e-01	5.5977e-04	1.3585e-02	7.2556e-01	2.6086e-01	1.1755e-36	1.1755e-36	1.1755e-36	1.2406e-23	0.00e+00	0.00e+00	9.4667e+00
7.20017e+19	8.2662e+03	4.394e-22	1.0000e+01	1.0655e+01	5.1160e-13	1.7962e-02	9.8204e-01	4.1066e-02	9.5893e-01	2.1166e-13	5.1304e-16	1.8457e-04	4.1962e-01	5.7973e-01	4.7128e-04	1.6148e-02	7.5570e-01	2.2816e-01	1.1755e-36	1.1755e-36	1.1755e-36	1.9018e-23	0.00e+00	0.00e+00	9.8916e+00
7.23484e+19	8.2617e+03	4.423e-22	1.0000e+01	1.0628e+01	6.6320e-13	2.0351e-02	9.7965e-01	4.5931e-02	9.5407e-01	1.9956e-13	7.3592e-16	1.9735e-04	4.4681e-01	5.5260e-01	3.9394e-04	1.9134e-02	7.8308e-01	1.9779e-01	1.1755e-36	1.1755e-36	1.1755e-36	2.9171e-23	0.00e+00	0.00e+00	1.0301e+01
7.26529e+19	8.2496e+03	4.450e-22	1.0000e+01	1.0597e+01	8.5857e-13	2.3001e-02	9.7700e-01	5.1240e-02	9.4876e-01	1.8910e-13	1.0397e-15	2.0998e-04	4.7383e-01	5.2563e-01	3.2845e-04	2.2473e-02	8.0668e-01	1.7084e-01	1.1755e-36	1.1755e-36	1.1755e-36	4.4091e-23	0.00e+00	0.00e+00	1.0723e+01
7.29865e+19	8.2216e+03	4.474e-22	1.0000e+01	1.0552e+01	1.1785e-12	2.6637e-02	9.7336e-01	5.8575e-02	9.4143e-01	1.7720e-13	1.5614e-15	2.2544e-04	5.0731e-01	4.9220e-01	2.6083e-04	2.7084e-02	8.3090e-01	1.4202e-01	1.1755e-36	1.1755e-36	1.1755e-36	7.1854e-23	0.00e+00	0.00e+00	1.1357e+01
7.33493e+19	8.1945e+03	4.498e-22	1.0000e+01	1.0485e+01	1.7517e-12	3.2069e-02	9.6793e-01	6.8898e-02	9.3110e-01	1.6493e-13	2.5633e-15	2.4390e-04	5.4812e-01	4.5145e-01	1.9415e-04	3.3975e-02	8.5469e-01	1.1133e-01	1.1755e-36	1.1755e-36	1.1755e-36	1.3202e-22	0.00e+00	0.00e+00	1.2063e+01
7.36553e+19	8.1445e+03	4.525e-22	1.0000e+01	1.0407e+01	2.6659e-12	3.8830e-02	9.6117e-01	8.0898e-02	9.1910e-01	1.5471e-13	4.1971e-15	2.6182e-04	5.8838e-01	4.1122e-01	1.4237e-04	4.2512e-02	8.7150e-01	8.5988e-02	1.1755e-36	1.1755e-36	1.1755e-36	2.4445e-22	0.00e+00	0.00e+00	1.2709e+01
7.38613e+19	8.0966e+03	4.547e-22	1.0000e+01	1.0337e+01	3.7694e-12	4.5383e-02	9.5462e-01	9.1539e-02	9.0846e-01	1.4806e-13	6.1977e-15	2.7522e-04	6.1918e-01	3.8044e-01	1.1038e-04	5.0735e-02	8.7989e-01	6.9376e-02	1.1755e-36	1.1755e-36	1.1755e-36	4.0153e-22	0.00e+00	0.00e+00	1.3134e+01
7.39898e+19	8.0660e+03	4.551e-22	1.0000e+01	1.0279e+01	4.7719e-12	5.0484e-02	9.4952e-01	9.9612e-02	9.0039e-01	1.4375e-13	8.0555e-15	2.8389e-04	6.3999e-01	3.5964e-01	9.2200e-05	5.7118e-02	8.8325e-01	5.9631e-02	1.1755e-36	1.1755e-36	1.1755e-36	5.6218e-22	0.00e+00	0.00e+00	1.3481e+01
7.41150e+19	8.0290e+03	4.548e-22	1.0000e+01	1.0224e+01	6.0871e-12	5.6265e-02	9.4373e-01	1.0890e-01	8.9110e-01	1.3911e-13	1.0514e-14	2.9302e-04	6.6178e-01	3.3785e-01	7.5986e-05	6.4331e-02	8.8480e-01	5.0872e-02	1.1755e-36	1.1755e-36	1.1755e-36	7.9185e-22	0.00e+00	0.00e+00	1.3983e+01
7.42776e+19	7.9823e+03	4.519e-22	1.0000e+01	1.0105e+01	8.5163e-12	6.5372e-02	9.3463e-01	1.2302e-01	8.7698e-01	1.3285e-13	1.5069e-14	3.0364e-04	6.9064e-01	3.0900e-01	5.7805e-05	7.5641e-02	8.8380e-01	4.0555e-02	1.1755e-36	1.1755e-36	1.1755e-36	1.2623e-21	0.00e+00	0.00e+00	1.4742e+01
7.44373e+19	7.9333e+03	4.489e-22	1.0000e+01	9.9622e+00	1.2626e-11	7.8056e-02	9.2194e-01	1.4016e-01	8.5984e-01	1.2701e-13	2.2813e-14	3.1385e-04	7.2073e-01	2.7891e-01	4.2154e-05	9.1241e-02	8.7776e-01	3.1004e-02	1.1755e-36	1.1755e-36	1.1755e-36	2.1883e-21	0.00e+00	0.00e+00	1.5409e+01
7.45483e+19	7.8791e+03	4.463e-22	1.0000e+01	9.8443e+00	1.7641e-11	9.0422e-02	9.0958e-01	1.5522e-01	8.4478e-01	1.2285e-13	3.2027e-14	3.2131e-04	7.4378e-01	2.5586e-01	3.2406e-05	1.0631e-01	8.6891e-01	2.4772e-02	1.1755e-36	1.1755e-36	1.1755e-36	3.4529e-21	0.00e+00	0.00e+00	1.5904e+01
7.46266e+19	7.8474e+03	4.418e-22	1.0000e+01	9.7235e+00	2.2561e-11	1.0090e-01	8.9910e-01	1.6745e-01	8.3255e-01	1.1996e-13	4.1082e-14	3.2525e-04	7.6033e-01	2.3932e-01	2.6485e-05	1.1900e-01	8.6017e-01	2.0828e-02	1.1755e-36	1.1755e-36	1.1755e-36	4.8352e-21	0.00e+00	0.00e+00	1.6349e+01
7.47068e+19	7.8009e+03	4.365e-22	1.0000e+01	9.6091e+00	2.9699e-11	1.1369e-01	8.8631e-01	1.8232e-01	8.1768e-01	1.1643e-13	5.3983e-14	3.3009e-04	7.7854e-01	2.2111e-01	2.1041e-05	1.3440e-01	8.4843e-01	1.7170e-02	1.1755e-36	1.1755e-36	1.1755e-36	7.0065e-21	0.00e+00	0.00e+00	1.7000e+01
7.47959e+19	7.7559e+03	4.272e-22	1.0000e+01	9.4105e+00	4.1118e-11	1.3120e-01	8.6880e-01	2.0046e-01	7.9954e-01	1.1295e-13	7.4221e-14	3.3233e-04	7.9808e-01	2.0158e-01	1.6006e-05	1.5529e-01	8.3117e-01	1.3542e-02	1.1755e-36	1.1755e-36	1.1755e-36	1.0838e-20	0.00e+00	0.00e+00	1.7725e+01
7.48753e+19	7.7103e+03	4.158e-22	1.0000e+01	9.1766e+00	5.6992e-11	1.5127e-01	8.4873e-01	2.1907e-01	7.8093e-01	1.0998e-13	1.0140e-13	3.3230e-04	8.1565e-01	1.8400e-01	1.2202e-05	1.7899e-01	8.1037e-01	1.0640e-02	1.1755e-36	1.1755e-36	1.1755e-36	1.6693e-20	0.00e+00	0.00e+00	1.8404e+01
7.49402e+19	7.6762e+03	4.037e-22	1.0000e+01	8.9468e+00	7.5999e-11	1.7168e-01	8.2832e-01	2.3640e-01	7.6360e-01	1.0769e-13	1.3346e-13	3.3057e-04	8.3027e-01	1.6939e-01	9.5518e-06	2.0283e-01	7.8864e-01	8.5278e-03	1.1755e-36	1.1755e-36	1.1755e-36	2.4508e-20	0.00e+00	0.00e+00	1.9042e+01
7.49971e+19	7.6241e+03	3.913e-22	1.0000e+01	8.7194e+00	1.0109e-10	1.9352e-01	8.0648e-01	2.5365e-01	7.4635e-01	1.0562e-13	1.7304e-13	3.2820e-04	8.4349e-01	1.5617e-01	7.5435e-06	2.2807e-01	7.6504e-01	6.8855e-03	1.1755e-36	1.1755e-36	1.1755e-36	3.5275e-20	0.00e+00	0.00e+00	1.9713e+01
7.50514e+19	7.5698e+03	3.770e-22	1.0000e+01	8.4731e+00	1.3543e-10	2.1858e-01	7.8142e-01	2.7189e-01	7.2811e-01	1.0376e-13	2.2517e-13	3.2452e-04	8.5621e-01	1.4346e-01	5.9098e-06	2.5668e-01	7.3782e-01	5.4997e-03	1.1755e-36	1.1755e-36	1.1755e-36	5.1184e-20	0.00e+00	0.00e+00	2.0455e+01
7.51038e+19	7.5207e+03	3.589e-22	1.0000e+01	8.1502e+00	1.8079e-10	2.4640e-01	7.5360e-01	2.9014e-01	7.0986e-01	1.0269e-13	2.8959e-13	3.1714e-04	8.6767e-01	1.3201e-01	4.6354e-06	2.8803e-01	7.0761e-01	4.3588e-03	1.1755e-36	1.1755e-36	1.1755e-36	7.3057e-20	0.00e+00	0.00e+00	2.1247e+01
7.51535e+19	7.4571e+03	3.395e-22	1.0000e+01	7.8155e+00	2.4501e-10	2.7823e-01	7.2177e-01	3.0935e-01	6.9065e-01	1.0174e-13	3.7434e-13	3.0902e-04	8.7870e-01	1.2099e-01	3.6081e-06	3.2340e-01	6.7319e-01	3.4146e-03	1.1755e-36	1.1755e-36	1.1755e-36	1.0536e-19	0.00e+00	0.00e+00	2.2102e+01
7.52003e+19	7.3941e+03	3.183e-22	1.0000e+01	7.4484e+00	3.3069e-10	3.1305e-01	6.8695e-01	3.2830e-01	6.7170e-01	1.0145e-13	4.7930e-13	2.9872e-04	8.8869e-01	1.1100e-01	2.8177e-06	3.6146e-01	6.3588e-01	2.6599e-03	1.1755e-36	1.1755e-36	1.1755e-36	1.5028e-19	0.00e+00	0.00e+00	2.2986e+01
7.52408e+19	7.3260e+03	2.976e-22	1.0000e+01	7.0835e+00	4.3747e-10	3.4801e-01	6.5199e-01	3.4520e-01	6.5480e-01	1.0193e-13	5.9717e-13	2.8760e-04	8.9704e-01	1.0267e-01	2.2520e-06	3.9904e-01	5.9886e-01	2.1021e-03	1.1755e-36	1.1755e-36	1.1755e-36	2.0640e-19	0.00e+00	0.00e+00	2.3785e+01
7.52731e+19	7.2519e+03	2.799e-22	1.0000e+01	6.7630e+00	5.5678e-10	3.7915e-01	6.2085e-01	3.5908e-01	6.4092e-01	1.0273e-13	7.1256e-13	2.7740e-04	9.0353e-01	9.6193e-02	1.8719e-06	4.3202e-01	5.6626e-01	1.7215e-03	1.1755e-36	1.1755e-36	1.1755e-36	2.6629e-19	0.00e+00	0.00e+00	2.4460e+01
7.52991e+19	7.1964e+03	2.645e-22	1.0000e+01	6.4880e+00	6.7312e-10	4.0555e-01	5.9445e-01	3.7033e-01	6.2967e-01	1.0381e-13	8.1725e-13	2.6822e-04	9.0855e-01	9.1177e-02	1.6104e-06	4.5959e-01	5.3896e-01	1.4570e-03	1.1755e-36	1.1755e-36	1.1755e-36	3.2465e-19	0.00e+00	0.00e+00	2.5069e+01
7.53222e+19	7.1246e+03	2.508e-22	1.0000e+01	6.2402e+00	8.1055e-10	4.3076e-01	5.6924e-01	3.8109e-01	6.1891e-01	1.0467e-13	9.2516e-13	2.5992e-04	9.1313e-01	8.6610e-02	1.4010e-06	4.8563e-01	5.1313e-01	1.2481e-03	1.1755e-36	1.1755e-36	1.1755e-36	3.8824e-19	0.00e+00	0.00e+00	2.5680e+01
7.53447e+19	7.0708e+03	2.363e-22	1.0000e+01	5.9739e+00	9.5499e-10	4.5509e-01	5.4491e-01	3.9100e-01	6.0900e-01	1.0615e-13	1.0308e-12	2.5054e-04	9.1717e-01	8.2575e-02	1.2284e-06	5.1045e-01	4.8848e-01	1.0724e-03	1.1755e-36	1.1755e-36	1.1755e-36	4.5336e-19	0.00e+00	0.00e+00	2.6331e+01
7.53662e+19	7.0028e+03	2.228e-22	1.0000e+01	5.7198e+00	1.1314e-09	4.7973e-01	5.2027e-01	4.0060e-01	5.9940e-01	1.0772e-13	1.1446e-12	2.4150e-04	9.2100e-01	7.8759e-02	1.0811e-06	5.3532e-01	4.6376e-01	9.2287e-04	1.1755e-36	1.1755e-36	1.1755e-36	5.2699e-19	0.00e+00	0.00e+00	2.6946e+01
7.53855e+19	6.9311e+03	2.108e-22	1.0000e+01	5.4936e+00	1.3280e-09	5.0287e-01	4.9713e-01	4.0967e-01	5.9033e-01	1.0913e-13	1.2582e-12	2.3342e-04	9.2446e-01	7.5303e-02	9.6097e-07	5.5843e-01	4.4077e-01	8.0249e-04	1.1755e-36	1.1755e-36	1.1755e-36	6.0418e-19	0.00e+00	0.00e+00	2.7526e+01
7.54035e+19	6.8798e+03	1.990e-22	1.0000e+01	5.2664e+00	1.5152e-09	5.2354e-01	4.7646e-01	4.1740e-01	5.8260e-01	1.1116e-13	1.3576e-12	2.2495e-04	9.2738e-01	7.2394e-02	8.6482e-07	5.7888e-01	4.2042e-01	7.0502e-04	1.1755e-36	1.1755e-36	1.1755e-36	6.7327e-19	0.00e+00	0.00e+00	2.8113e+01
7.54206e+19	6.8063e+03	1.884e-22	1.0000e+01	5.0555e+00	1.7508e-09	5.4421e-01	4.5579e-01	4.2522e-01	5.7478e-01	1.1294e-13	1.4632e-12	2.1719e-04	9.3023e-01	6.9553e-02	7.8018e-07	5.9911e-01	4.0027e-01	6.2119e-04	1.1755e-36	1.1755e-36	1.1755e-36	7.4923e-19	0.00e+00	0.00e+00	2.8679e+01
7.54340e+19	6.7630e+03	1.803e-22	1.0000e+01	4.8942e+00	1.9364e-09	5.6023e-01	4.3977e-01	4.3085e-01	5.6915e-01	1.1465e-13	1.5469e-12	2.1107e-04	9.3226e-01	6.7525e-02	7.2216e-07	6.1466e-01	3.8478e-01	5.6218e-04	1.1755e-36	1.1755e-36	1.1755e-36	8.1220e-19	0.00e+00	0.00e+00	2.9045e+01
7.54433e+19	6.7254e+03	1.747e-22	1.0000e+01	4.7824e+00	2.0851e-09	5.7121e-01	4.2879e-01	4.3504e-01	5.6496e-01	1.1579e-13	1.6052e-12	2.0686e-04	9.3372e-01	6.6076e-02	6.8374e-07	6.2527e-01	3.7421e-01	5.2458e-04	1.1755e-36	1.1755e-36	1.1755e-36	8.5636e-19	0.00e+00	0.00e+00	2.9342e+01
7.54522e+19	6.6879e+03	1.692e-22	1.0000e+01	4.6705e+00	2.2358e-09	5.8127e-01	4.1873e-01	4.3901e-01	5.6099e-01	1.1700e-13	1.6564e-12	2.0259e-04	9.3508e-01	6.4715e-02	6.4902e-07	6.3494e-01	3.6457e-01	4.9145e-04	1.1755e-36	1.1755e-36	1.1755e-36	8.9453e-19	0.00e+00	0.00e+00	2.9687e+01
7.54627e+19	6.6390e+03	1.629e-22	1.0000e+01	4.5429e+00	2.4390e-09	5.9359e-01	4.0641e-01	4.4410e-01	5.5590e-01	1.1828e-13	1.7229e-12	1.9776e-04	9.3677e-01	6.3031e-02	6.0861e-07	6.4674e-01	3.5281e-01	4.5373e-04	1.1755e-36	1.1755e-36	1.1755e-36	9.4571e-19	0.00e+00	0.00e+00	3.0125e+01
7.54744e+19	6.5872e+03	1.561e-22	1.0000e+01	4.4020e+00	2.6781e-09	6.0715e-01	3.9285e-01	4.4947e-01	5.5053e-01	1.1992e-13	1.7963e-12	1.9236e-04	9.3854e-01	6.1267e-02	5.6772e-07	6.5963e-01	3.3996e-01	4.1514e-04	1.1755e-36	1.1755e-36	1.1755e-36	1.0035e-18	0.00e+00	0.00e+00	3.0576e+01
7.54856e+19	6.5352e+03	1.497e-22	1.0000e+01	4.2685e+00	2.9318e-09	6.2007e-01	3.7993e-01	4.5459e-01	5.4541e-01	1.2156e-13	1.8673e-12	1.8721e-04	9.4019e-01	5.9624e-02	5.3144e-07	6.7185e-01	3.2777e-01	3.8108e-04	1.1755e-36	1.1755e-36	1.1755e-36	1.0604e-18	0.00e+00	0.00e+00	3.0995e+01
7.54960e+19	6.4759e+03	1.441e-22	1.0000e+01	4.1496e+00	3.2166e-09	6.3230e-01	3.6770e-01	4.5978e-01	5.4022e-01	1.2283e-13	1.9385e-12	1.8267e-04	9.4177e-01	5.8044e-02	4.9901e-07	6.8335e-01	3.1630e-01	3.5153e-04	1.1755e-36	1.1755e-36	1.1755e-36	1.1194e-18	0.00e+00	0.00e+00	3.1398e+01
7.55060e+19	6.4341e+03	1.386e-22	1.0000e+01	4.0304e+00	3.4623e-09	6.4307e-01	3.5693e-01	4.6409e-01	5.3591e-01	1.2463e-13	1.9955e-12	1.7797e-04	9.4314e-01	5.6685e-02	4.7122e-07	6.9342e-01	3.0625e-01	3.2599e-04	1.1755e-36	1.1755e-36	1.1755e-36	1.1657e-18	0.00e+00	0.00e+00	3.1800e+01
7.55164e+19	6.3738e+03	1.331e-22	1.0000e+01	3.9111e+00	3.7908e-09	6.5466e-01	3.4534e-01	4.6922e-01	5.3078e-01	1.2612e-13	2.0620e-12	1.7335e-04	9.4465e-01	5.5179e-02	4.4274e-07	7.0422e-01	2.9548e-01	3.0084e-04	1.1755e-36	1.1755e-36	1.1755e-36	1.2218e-18	0.00e+00	0.00e+00	3.2250e+01
7.55274e+19	6.3126e+03	1.276e-22	1.0000e+01	3.7915e+00	4.1594e-09	6.6677e-01	3.3323e-01	4.7469e-01	5.2531e-01	1.2764e-13	2.1343e-12	1.6868e-04	9.4621e-01	5.3620e-02	4.1467e-07	7.1544e-01	2.8428e-01	2.7626e-04	1.1755e-36	1.1755e-36	1.1755e-36	1.2852e-18	0.00e+00	0.00e+00	3.2712e+01
7.55381e+19	6.2566e+03	1.223e-22	1.0000e+01	3.6726e+00	4.5307e-09	6.7802e-01	3.2198e-01	4.7966e-01	5.2034e-01	1.2947e-13	2.1984e-12	1.6396e-04	9.4764e-01	5.2200e-02	3.8977e-07	7.2581e-01	2.7393e-01	2.5449e-04	1.1755e-36	1.1755e-36	1.1755e-36	1.3416e-18	0.00e+00	0.00e+00	3.3158e+01
7.55485e+19	6.2061e+03	1.172e-22	1.0000e+01	3.5587e+00	4.8991e-09	6.8858e-01	3.1142e-01	4.8449e-01	5.1551e-01	1.3135e-13	2.2577e-12	1.5942e-04	9.4899e-01	5.0851e-02	3.6703e-07	7.3549e-01	2.6427e-01	2.3497e-04	1.1755e-36	1.1755e-36	1.1755e-36	1.3943e-18	0.00e+00	0.00e+00	3.3613e+01
7.55592e+19	6.1457e+03	1.122e-22	1.0000e+01	3.4447e+00	5.3432e-09	6.9939e-01	3.0061e-01	4.8967e-01	5.1033e-01	1.3318e-13	2.3212e-12	1.5488e-04	9.5039e-01	4.9454e-02	3.4479e-07	7.4535e-01	2.5443e-01	2.1638e-04	1.1755e-36	1.1755e-36	1.1755e-36	1.4528e-18	0.00e+00	0.00e+00	3.4099e+01
7.55703e+19	6.0795e+03	1.073e-22	1.0000e+01	3.3328e+00	5.8580e-09	7.1045e-01	2.8955e-01	4.9528e-01	5.0472e-01	1.3486e-13	2.3901e-12	1.5043e-04	9.5183e-01	4.8018e-02	3.2314e-07	7.5540e-01	2.4440e-01	1.9864e-04	1.1755e-36	1.1755e-36	1.1755e-36	1.5194e-18	0.00e+00	0.00e+00	3.4596e+01
7.55812e+19	6.0178e+03	1.027e-22	1.0000e+01	3.2218e+00	6.3795e-09	7.2070e-01	2.7930e-01	5.0044e-01	4.9956e-01	1.3686e-13	2.4509e-12	1.4595e-04	9.5316e-01	4.6694e-02	3.0373e-07	7.6467e-01	2.3514e-01	1.8286e-04	1.1755e-36	1.1755e-36	1.1755e-36	1.5786e-18	0.00e+00	0.00e+00	3.5082e+01
7.55920e+19	5.9482e+03	9.824e-23	1.0000e+01	3.1185e+00	6.9908e-09	7.3097e-01	2.6903e-01	5.0616e-01	4.9384e-01	1.3840e-13	2.5190e-12	1.4183e-04	9.5452e-01	4.5335e-02	2.8508e-07	7.7391e-01	2.2592e-01	1.6823e-04	1.1755e-36	1.1755e-36	1.1755e-36	1.6496e-18	0.00e+00	0.00e+00	3.5584e+01
7.56028e+19	5.8798e+03	9.396e-23	1.0000e+01	3.0156e+00	7.6380e-09	7.4077e-01	2.5923e-01	5.1171e-01	4.8829e-01	1.4014e-13	2.5832e-12	1.3768e-04	9.5583e-01	4.4034e-02	2.6782e-07	7.8270e-01	2.1715e-01	1.5487e-04	1.1755e-36	1.1755e-36	1.1755e-36	1.7184e-18	0.00e+00	0.00e+00	3.6090e+01
7.56137e+19	5.8037e+03	8.985e-23	1.0000e+01	2.9147e+00	8.3924e-09	7.5041e-01	2.4959e-01	5.1753e-01	4.8247e-01	1.4173e-13	2.6503e-12	1.3362e-04	9.5713e-01	4.2737e-02	2.5142e-07	7.9132e-01	2.0854e-01	1.4252e-04	1.1755e-36	1.1755e-36	1.1755e-36	1.7945e-18	0.00e+00	0.00e+00	3.6611e+01
7.56248e+19	5.7295e+03	8.585e-23	1.0000e+01	2.8160e+00	9.1918e-09	7.5978e-01	2.4022e-01	5.2340e-01	4.7660e-01	1.4338e-13	2.7175e-12	1.2962e-04	9.5841e-01	4.1464e-02	2.3595e-07	7.9965e-01	2.0022e-01	1.3107e-04	1.1755e-36	1.1755e-36	1.1755e-36	1.8739e-18	0.00e+00	0.00e+00	3.7144e+01
7.56359e+19	5.6584e+03	8.197e-23	1.0000e+01	2.7194e+00	1.0023e-08	7.6878e-01	2.3122e-01	5.2926e-01	4.7074e-01	1.4513e-13	2.7831e-12	1.2567e-04	9.5965e-01	4.0222e-02	2.2141e-07	8.0762e-01	1.9226e-01	1.2052e-04	1.1755e-36	1.1755e-36	1.1755e-36	1.9544e-18	0.00e+00	0.00e+00	3.7689e+01
7.56473e+19	5.5715e+03	7.823e-23	1.0000e+01	2.6242e+00	1.1070e-08	7.7792e-01	2.2208e-01	5.3569e-01	4.6431e-01	1.4651e-13	2.8594e-12	1.2183e-04	9.6092e-01	3.8953e-02	2.0734e-07	8.1569e-01	1.8420e-01	1.1061e-04	1.1755e-36	1.1755e-36	1.1755e-36	2.0555e-18	0.00e+00	0.00e+00	3.8255e+01
7.56587e+19	5.4928e+03	7.464e-23	1.0000e+01	2.5319e+00	1.2108e-08	7.8653e-01	2.1347e-01	5.4192e-01	4.5808e-01	1.4810e-13	2.9319e-12	1.1805e-04	9.6214e-01	3.7743e-02	1.9434e-07	8.2326e-01	1.7664e-01	1.0158e-04	1.1755e-36	1.1755e-36	1.1755e-36	2.1549e-18	0.00e+00	0.00e+00	3.8818e+01
7.56701e+19	5.4084e+03	7.121e-23	1.0000e+01	2.4416e+00	1.3271e-08	7.9477e-01	2.0523e-01	5.4827e-01	4.5173e-01	1.4958e-13	3.0072e-12	1.1436e-04	9.6332e-01	3.6565e-02	1.8218e-07	8.3050e-01	1.6941e-01	9.3364e-05	1.1755e-36	1.1755e-36	1.1755e-36	2.2639e-18	0.00e+00	0.00e+00	3.9395e+01
7.56818e+19	5.3203e+03	6.788e-23	1.0000e+01	2.3539e+00	1.4558e-08	8.0296e-01	1.9704e-01	5.5499e-01	4.4501e-01	1.5086e-13	3.0899e-12	1.1077e-04	9.6451e-01	3.5379e-02	1.7048e-07	8.3765e-01	1.6226e-01	8.5653e-05	1.1755e-36	1.1755e-36	1.1755e-36	2.3896e-18	0.00e+00	0.00e+00	3.9995e+01
7.56937e+19	5.2276e+03	6.467e-23	1.0000e+01	2.2676e+00	1.5982e-08	8.1098e-01	1.8902e-01	5.6190e-01	4.3810e-01	1.5205e-13	3.1786e-12	1.0724e-04	9.6568e-01	3.4212e-02	1.5942e-07	8.4463e-01	1.5529e-01	7.8508e-05	1.1755e-36	1.1755e-36	1.1755e-36	2.5308e-18	0.00e+00	0.00e+00	4.0605e+01
7.57056e+19	5.1349e+03	6.162e-23	1.0000e+01	2.1867e+00	1.7485e-08	8.1881e-01	1.8119e-01	5.6913e-01	4.3087e-01	1.5289e-13	3.2751e-12	1.0394e-04	9.6684e-01	3.3058e-02	1.4900e-07	8.5141e-01	1.4852e-01	7.1923e-05	1.1755e-36	1.1755e-36	1.1755e-36	2.6901e-18	0.00e+00	0.00e+00	4.1218e+01
7.57174e+19	5.0415e+03	5.873e-23	1.0000e+01	2.1064e+00	1.9028e-08	8.2598e-01	1.7402e-01	5.7604e-01	4.2396e-01	1.5396e-13	3.3673e-12	1.0063e-04	9.6791e-01	3.1984e-02	1.3952e-07	8.5763e-01	1.4230e-01	6.6066e-05	1.1755e-36	1.1755e-36	1.1755e-36	2.8477e-18	0.00e+00	0.00e+00	4.1830e+01
7.57294e+19	4.9444e+03	5.594e-23	1.0000e+01	2.0287e+00	2.0641e-08	8.3304e-01	1.6696e-01	5.8333e-01	4.1667e-01	1.5474e-13	3.4382e-12	9.7458e-05	9.6907e-01	3.0835e-02	1.3013e-07	8.6372e-01	1.3622e-01	6.0613e-05	1.1755e-36	1.1755e-36	1.1755e-36	2.9625e-18	0.00e+00	0.00e+00	4.2474e+01
7.57418e+19	4.8350e+03	5.323e-23	1.0000e+01	1.9522e+00	2.2440e-08	8.4026e-01	1.5974e-01	5.9127e-01	4.0873e-01	1.5506e-13	3.4881e-12	9.4379e-05	9.7031e-01	2.9592e-02	1.1755e-36	8.6993e-01	1.3002e-01	5.5413e-05	1.1755e-36	1.1755e-36	1.1755e-36	3.0326e-18	0.00e+00	0.00e+00	4.3140e+01
7.57541e+19	4.7287e+03	5.064e-23	1.0000e+01	1.8776e+00	2.4139e-08	8.4701e-01	1.5299e-01	5.9894e-01	4.0106e-01	1.5553e-13	3.5218e-12	9.1350e-05	9.7149e-01	2.8419e-02	1.1755e-36	8.7571e-01	1.2424e-01	5.0743e-05	1.1755e-36	1.1755e-36	1.1755e-36	3.0700e-18	0.00e+00	0.00e+00	4.3792e+01
7.57663e+19	4.6177e+03	4.824e-23	1.0000e+01	1.8069e+00	2.5822e-08	8.5342e-01	1.4658e-01	6.0678e-01	3.9322e-01	1.5564e-13	3.5431e-12	8.8509e-05	9.7264e-01	2.7275e-02	1.1755e-36	8.8121e-01	1.1875e-01	4.6534e-05	1.1755e-36	1.1755e-36	1.1755e-36	3.0803e-18	0.00e+00	0.00e+00	4.4451e+01
7.57787e+19	4.4995e+03	4.593e-23	1.0000e+01	1.7376e+00	2.7468e-08	8.5968e-01	1.4032e-01	6.1491e-01	3.8509e-01	1.5545e-13	3.5494e-12	8.5763e-05	9.7377e-01	2.6142e-02	1.1755e-36	8.8656e-01	1.1339e-01	4.2646e-05	1.1755e-36	1.1755e-36	1.1755e-36	3.0556e-18	0.00e+00	0.00e+00	4.5127e+01
7.57912e+19	4.3817e+03	4.371e-23	1.0000e+01	1.6704e+00	2.8895e-08	8.6571e-01	1.3429e-01	6.2310e-01	3.7690e-01	1.5516e-13	3.5387e-12	8.3101e-05	9.7488e-01	2.5040e-02	1.1755e-36	8.9171e-01	1.0826e-01	3.9064e-05	1.1755e-36	1.1755e-36	1.1755e-36	2.9916e-18	0.00e+00	0.00e+00	4.5810e+01
7.58036e+19	4.2622e+03	4.162e-23	1.0000e+01	1.6057e+00	3.0088e-08	8.7148e-01	1.2852e-01	6.3135e-01	3.6865e-01	1.5468e-13	3.5108e-12	8.0563e-05	9.7594e-01	2.3975e-02	1.1755e-36	8.9662e-01	1.0334e-01	3.5800e-05	1.1755e-36	1.1755e-36	1.1755e-36	2.8885e-18	0.00e+00	0.00e+00	4.6494e+01
7.58160e+19	4.1415e+03	3.964e-23	1.0000e+01	1.5437e+00	3.1004e-08	8.7698e-01	1.2302e-01	6.3961e-01	3.6039e-01	1.5399e-13	3.4665e-12	7.8162e-05	9.7697e-01	2.2952e-02	1.1755e-36	9.0129e-01	9.8675e-02	3.2837e-05	1.1755e-36	1.1755e-36	1.1755e-36	2.7502e-18	0.00e+00	0.00e+00	4.7177e+01
7.58283e+19	4.0196e+03	3.777e-23	1.0000e+01	1.4841e+00	3.1623e-08	8.8224e-01	1.1776e-01	6.4789e-01	3.5211e-01	1.5310e-13	3.4077e-12	7.5891e-05	9.7796e-01	2.1968e-02	1.1755e-36	9.0575e-01	9.4218e-02	3.0139e-05	1.1755e-36	1.1755e-36	1.1755e-36	2.5829e-18	0.00e+00	0.00e+00	4.7861e+01
7.58405e+19	3.8975e+03	3.600e-23	1.0000e+01	1.4267e+00	3.1941e-08	8.8729e-01	1.1271e-01	6.5609e-01	3.4391e-01	1.5210e-13	3.3370e-12	7.3734e-05	9.7890e-01	2.1029e-02	1.1755e-36	9.1003e-01	8.9946e-02	2.7673e-05	1.1755e-36	1.1755e-36	1.1755e-36	2.3950e-18	0.00e+00	0.00e+00	4.8542e+01
###########################
5.80620e+14	6.6138e+03	3.828e-22	1.0000e+01	1.0906e+01	2.0901e-15	6.6048e-04	9.9934e-01	2.1411e-03	9.4988e-01	4.7976e-02	9.3851e-21	7.3117e-06	3.9332e-02	9.4364e-01	1.7007e-02	3.2451e-05	7.6000e-02	9.0090e-01	2.3066e-02	3.7897e-07	1.1755e-36	1.3086e-28	0.00e+00	0.00e+00	4.8416e-05
3.48372e+15	6.6131e+03	3.827e-22	1.0000e+01	1.0905e+01	2.0923e-15	6.6042e-04	9.9934e-01	2.1409e-03	9.4991e-01	4.7948e-02	9.3803e-21	7.2994e-06	3.9340e-02	9.4361e-01	1.7035e-02	3.2419e-05	7.5930e-02	9.0105e-01	2.2988e-02	3.7712e-07	1.1755e-36	1.3081e-28	0.00e+00	0.00e+00	2.4206e-04
1.50961e+16	6.6111e+03	3.825e-22	1.0000e+01	1.0904e+01	2.0994e-15	6.6037e-04	9.9934e-01	2.1415e-03	9.5018e-01	4.7675e-02	9.3892e-21	7.3154e-06	3.9365e-02	9.4362e-01	1.7000e-02	3.2386e-05	7.5847e-02	9.0145e-01	2.2669e-02	3.6950e-07	1.1755e-36	1.3106e-28	0.00e+00	0.00e+00	1.0166e-03
6.15457e+16	6.6064e+03	3.819e-22	1.0000e+01	1.0903e+01	2.1049e-15	6.6020e-04	9.9934e-01	2.1456e-03	9.5164e-01	4.6213e-02	9.3663e-21	7.3459e-06	3.9400e-02	9.4372e-01	1.6863e-02	3.2338e-05	7.5722e-02	9.0281e-01	2.1439e-02	3.4067e-07	1.1755e-36	1.3049e-28	0.00e+00	0.00e+00	4.1139e-03
1.47013e+17	6.5908e+03	3.802e-22	1.0000e+01	1.0902e+01	2.1124e-15	6.5764e-04	9.9934e-01	2.1467e-03	9.5243e-01	4.5427e-02	9.2236e-21	7.3581e-06	3.9398e-02	9.4382e-01	1.6764e-02	3.2034e-05	7.5237e-02	9.0497e-01	1.9759e-02	3.0126e-07	1.1755e-36	1.2780e-28	0.00e+00	0.00e+00	8.1248e-03
2.58120e+17	6.5723e+03	3.783e-22	1.0000e+01	1.0900e+01	2.1194e-15	6.5518e-04	9.9934e-01	2.1522e-03	9.5478e-01	4.3072e-02	9.0783e-21	7.3630e-06	3.9417e-02	9.4403e-01	1.6534e-02	3.1794e-05	7.4872e-02	9.0738e-01	1.7714e-02	2.5603e-07	1.1755e-36	1.2473e-28	0.00e+00	0.00e+00	1.3319e-02
4.02560e+17	6.5489e+03	3.763e-22	1.0000e+01	1.0898e+01	2.1302e-15	6.5279e-04	9.9935e-01	2.1625e-03	9.5866e-01	3.9176e-02	8.9365e-21	7.3519e-06	3.9463e-02	9.4434e-01	1.6182e-02	3.1627e-05	7.4654e-02	9.1000e-01	1.5311e-02	2.0641e-07	1.1755e-36	1.2137e-28	0.00e+00	0.00e+00	2.0048e-02
5.90332e+17	6.5283e+03	3.737e-22	1.0000e+01	1.0894e+01	2.1331e-15	6.4980e-04	9.9935e-01	2.1757e-03	9.6404e-01	3.3788e-02	8.7940e-21	7.3585e-06	3.9510e-02	9.4475e-01	1.5724e-02	3.1510e-05	7.4581e-02	9.1278e-01	1.2612e-02	1.5541e-07	1.1755e-36	1.1801e-28	0.00e+00	0.00e+00	2.8755e-02
8.34435e+17	6.4980e+03	3.709e-22	1.0000e+01	1.0889e+01	2.1560e-15	6.4710e-04	9.9935e-01	2.1946e-03	9.7068e-01	2.7121e-02	8.7182e-21	7.3751e-06	3.9611e-02	9.4522e-01	1.5155e-02	3.1569e-05	7.4860e-02	9.1536e-01	9.7458e-03	1.1755e-36	1.1755e-36	1.1552e-28	0.00e+00	0.00e+00	4.0027e-02
1.15177e+18	6.4661e+03	3.675e-22	1.0000e+01	1.0883e+01	2.1717e-15	6.4421e-04	9.9936e-01	2.2165e-03	9.7795e-01	1.9834e-02	8.6487e-21	7.3960e-06	3.9746e-02	9.4571e-01	1.4536e-02	3.1805e-05	7.5524e-02	9.1751e-01	6.9301e-03	1.1755e-36	1.1755e-36	1.1250e-28	0.00e+00	0.00e+00	5.4615e-02
1.56430e+18	6.4279e+03	3.637e-22	1.0000e+01	1.0875e+01	2.1999e-15	6.4152e-04	9.9936e-01	2.2406e-03	9.8489e-01	1.2870e-02	8.6391e-21	7.4387e-06	3.9937e-02	9.4614e-01	1.3918e-02	3.2255e-05	7.6605e-02	9.1893e-01	4.4294e-03	1.1755e-36	1.1755e-36	1.1008e-28	0.00e+00	0.00e+00	7.3500e-02
2.10060e+18	6.3793e+03	3.599e-22	1.0000e+01	1.0870e+01	2.2414e-15	6.3965e-04	9.9936e-01	2.2671e-03	9.9054e-01	7.1925e-03	8.6625e-21	7.4895e-06	4.0216e-02	9.4642e-01	1.3350e-02	3.2929e-05	7.8049e-02	9.1944e-01	2.4761e-03	1.1755e-36	1.1755e-36	1.0732e-28	0.00e+00	0.00e+00	9.7980e-02
2.79778e+18	6.3220e+03	3.559e-22	1.0000e+01	1.0866e+01	2.3058e-15	6.3871e-04	9.9936e-01	2.2948e-03	9.9435e-01	3.3597e-03	8.7377e-21	7.5602e-06	4.0587e-02	9.4654e-01	1.2861e-02	3.3767e-05	7.9676e-02	9.1911e-01	1.1762e-03	1.1755e-36	1.1755e-36	1.0496e-28	0.00e+00	0.00e+00	1.2976e-01
3.70412e+18	6.2561e+03	3.518e-22	1.0000e+01	1.0864e+01	2.4016e-15	6.3910e-04	9.9936e-01	2.3249e-03	9.9640e-01	1.2735e-03	8.8781e-21	7.6579e-06	4.1067e-02	9.4649e-01	1.2436e-02	3.4760e-05	8.1383e-02	9.1812e-01	4.6148e-04	1.1755e-36	1.1755e-36	1.0331e-28	0.00e+00	0.00e+00	1.7109e-01
4.88236e+18	6.1829e+03	3.476e-22	1.0000e+01	1.0863e+01	2.5101e-15	6.4144e-04	9.9936e-01	2.3605e-03	9.9726e-01	3.8243e-04	9.0138e-21	7.7952e-06	4.1693e-02	9.4627e-01	1.2027e-02	3.5979e-05	8.3211e-02	9.1661e-01	1.4624e-04	1.1755e-36	1.1755e-36	1.0046e-28	0.00e+00	0.00e+00	2.2502e-01
6.41407e+18	6.1046e+03	3.433e-22	1.0000e+01	1.0863e+01	2.6527e-15	6.4675e-04	9.9935e-01	2.4061e-03	9.9750e-01	9.0374e-05	9.2486e-21	7.9920e-06	4.2517e-02	9.4589e-01	1.1586e-02	3.7588e-05	8.5331e-02	9.1459e-01	3.7206e-05	1.1755e-36	1.1755e-36	9.8318e-29	0.00e+00	0.00e+00	2.9571e-01
8.40529e+18	6.0247e+03	3.389e-22	1.0000e+01	1.0863e+01	2.8362e-15	6.5669e-04	9.9934e-01	2.4670e-03	9.9752e-01	1.7284e-05	9.6480e-21	8.2785e-06	4.3619e-02	9.4530e-01	1.1077e-02	3.9836e-05	8.7972e-02	9.1198e-01	7.7649e-06	1.1755e-36	1.1755e-36	9.7367e-29	0.00e+00	0.00e+00	3.8903e-01
1.09939e+19	5.9495e+03	3.346e-22	1.0000e+01	1.0863e+01	3.0687e-15	6.7379e-04	9.9933e-01	2.5506e-03	9.9745e-01	2.8371e-06	1.0320e-20	8.7002e-06	4.5115e-02	9.4440e-01	1.0479e-02	4.3091e-05	9.1386e-02	9.0857e-01	1.3869e-06	1.1755e-36	1.1755e-36	9.8456e-29	0.00e+00	0.00e+00	5.1349e-01
1.43590e+19	5.8890e+03	3.306e-22	1.0000e+01	1.0862e+01	3.3752e-15	7.0221e-04	9.9930e-01	2.6681e-03	9.9733e-01	4.1672e-07	1.1516e-20	9.3264e-06	4.7185e-02	9.4303e-01	9.7789e-03	4.7948e-05	9.5866e-02	9.0409e-01	2.1860e-07	1.1755e-36	1.1755e-36	1.0412e-28	0.00e+00	0.00e+00	6.8212e-01
1.87338e+19	5.8605e+03	3.274e-22	1.0000e+01	1.0862e+01	3.7586e-15	7.4931e-04	9.9925e-01	2.8387e-03	9.9716e-01	5.4746e-08	1.3669e-20	1.0317e-05	5.0143e-02	9.4089e-01	8.9610e-03	5.5645e-05	1.0203e-01	8.9791e-01	1.1755e-36	1.1755e-36	1.1755e-36	1.1749e-28	0.00e+00	0.00e+00	9.1604e-01
2.22668e+19	5.8327e+03	3.246e-22	1.0000e+01	1.0861e+01	3.8845e-15	7.8173e-04	9.9922e-01	2.9479e-03	9.9705e-01	1.2645e-08	1.4268e-20	1.0976e-05	5.2085e-02	9.3949e-01	8.4110e-03	6.1440e-05	1.0641e-01	8.9353e-01	1.1755e-36	1.1755e-36	1.1755e-36	1.1426e-28	0.00e+00	0.00e+00	1.0207e+00
2.44934e+19	5.8609e+03	3.246e-22	1.0000e+01	1.0861e+01	4.0818e-15	8.1537e-04	9.9918e-01	3.0501e-03	9.9695e-01	5.7060e-09	1.6091e-20	1.1621e-05	5.3808e-02	9.3811e-01	8.0694e-03	6.6758e-05	1.0975e-01	8.9019e-01	1.1755e-36	1.1755e-36	1.1755e-36	1.2934e-28	0.00e+00	0.00e+00	1.1408e+00
2.69428e+19	5.9030e+03	3.249e-22	1.0000e+01	1.0860e+01	4.3001e-15	8.5708e-04	9.9914e-01	3.1725e-03	9.9683e-01	2.5310e-09	1.8546e-20	1.2413e-05	5.5853e-02	9.3643e-01	7.7091e-03	7.3488e-05	1.1365e-01	8.8628e-01	1.1755e-36	1.1755e-36	1.1755e-36	1.5006e-28	0.00e+00	0.00e+00	1.2796e+00
2.96370e+19	5.9618e+03	3.258e-22	1.0000e+01	1.0859e+01	4.5766e-15	9.0964e-04	9.9909e-01	3.3220e-03	9.9668e-01	1.1034e-09	2.2134e-20	1.3400e-05	5.8327e-02	9.3433e-01	7.3269e-03	8.2226e-05	1.1829e-01	8.8163e-01	1.1755e-36	1.1755e-36	1.1755e-36	1.8231e-28	0.00e+00	0.00e+00	1.4417e+00
3.26008e+19	6.0499e+03	3.269e-22	1.0000e+01	1.0858e+01	4.8700e-15	9.7588e-04	9.9902e-01	3.5054e-03	9.9649e-01	4.7317e-10	2.7397e-20	1.4632e-05	6.1317e-02	9.3174e-01	6.9283e-03	9.3735e-05	1.2382e-01	8.7609e-01	1.1755e-36	1.1755e-36	1.1755e-36	2.3210e-28	0.00e+00	0.00e+00	1.6329e+00
3.58608e+19	6.1494e+03	3.295e-22	1.0000e+01	1.0857e+01	5.3486e-15	1.0644e-03	9.9894e-01	3.7440e-03	9.9626e-01	1.9900e-10	3.6010e-20	1.6258e-05	6.5168e-02	9.2833e-01	6.4878e-03	1.0996e-04	1.3087e-01	8.6902e-01	1.1755e-36	1.1755e-36	1.1755e-36	3.1804e-28	0.00e+00	0.00e+00	1.8624e+00
3.94469e+19	6.2796e+03	3.330e-22	1.0000e+01	1.0856e+01	6.0137e-15	1.1833e-03	9.9882e-01	4.0565e-03	9.9594e-01	8.2202e-11	5.0858e-20	1.8419e-05	7.0140e-02	9.2383e-01	6.0122e-03	1.3351e-04	1.3993e-01	8.5993e-01	1.1755e-36	1.1755e-36	1.1755e-36	4.7700e-28	0.00e+00	0.00e+00	2.1430e+00
4.29859e+19	6.4338e+03	3.377e-22	1.0000e+01	1.0854e+01	6.7719e-15	1.3290e-03	9.9867e-01	4.4216e-03	9.9558e-01	3.6759e-11	7.3838e-20	2.0987e-05	7.5865e-02	9.1855e-01	5.5619e-03	1.6488e-04	1.5043e-01	8.4940e-01	1.1755e-36	1.1755e-36	1.1755e-36	7.3940e-28	0.00e+00	0.00e+00	2.4217e+00
4.59591e+19	6.5707e+03	3.432e-22	1.0000e+01	1.0852e+01	7.6859e-15	1.4854e-03	9.9851e-01	4.7980e-03	9.9520e-01	1.9581e-11	1.0590e-19	2.3668e-05	8.1717e-02	9.1308e-01	5.1761e-03	2.0174e-04	1.6128e-01	8.3852e-01	1.1755e-36	1.1755e-36	1.1755e-36	1.1287e-27	0.00e+00	0.00e+00	2.6678e+00
4.83583e+19	6.6989e+03	3.481e-22	1.0000e+01	1.0850e+01	8.6376e-15	1.6400e-03	9.9836e-01	5.1671e-03	9.9483e-01	1.2072e-11	1.4767e-19	2.6274e-05	8.7333e-02	9.0778e-01	4.8592e-03	2.4176e-04	1.7178e-01	8.2798e-01	1.1755e-36	1.1755e-36	1.1755e-36	1.6726e-27	0.00e+00	0.00e+00	2.8928e+00
5.04386e+19	6.8153e+03	3.527e-22	1.0000e+01	1.0848e+01	9.7224e-15	1.8015e-03	9.9820e-01	5.5533e-03	9.9445e-01	8.0283e-12	2.0379e-19	2.8963e-05	9.3092e-02	9.0231e-01	4.5718e-03	2.8748e-04	1.8265e-01	8.1706e-01	1.1755e-36	1.1755e-36	1.1755e-36	2.4427e-27	0.00e+00	0.00e+00	3.1189e+00
5.23760e+19	6.9289e+03	3.575e-22	1.0000e+01	1.0846e+01	1.1016e-14	1.9811e-03	9.9802e-01	5.9767e-03	9.9402e-01	5.5479e-12	2.8344e-19	3.1908e-05	9.9346e-02	8.9633e-01	4.2936e-03	3.4300e-04	1.9463e-01	8.0502e-01	1.1755e-36	1.1755e-36	1.1755e-36	3.5925e-27	0.00e+00	0.00e+00	3.3549e+00
5.41889e+19	7.0409e+03	3.624e-22	1.0000e+01	1.0843e+01	1.2566e-14	2.1819e-03	9.9782e-01	6.4457e-03	9.9355e-01	3.9696e-12	3.9738e-19	3.5127e-05	1.0615e-01	8.8979e-01	4.0248e-03	4.1072e-04	2.0784e-01	7.9175e-01	1.1755e-36	1.1755e-36	1.1755e-36	5.3267e-27	0.00e+00	0.00e+00	3.5943e+00
5.58334e+19	7.1474e+03	3.673e-22	1.0000e+01	1.0841e+01	1.4349e-14	2.3995e-03	9.9760e-01	6.9496e-03	9.9305e-01	2.9566e-12	5.5482e-19	3.8538e-05	1.1332e-01	8.8287e-01	3.7720e-03	4.9089e-04	2.2196e-01	7.7754e-01	1.1755e-36	1.1755e-36	1.1755e-36	7.8399e-27	0.00e+00	0.00e+00	3.8293e+00
5.73028e+19	7.2463e+03	3.719e-22	1.0000e+01	1.0838e+01	1.6394e-14	2.6307e-03	9.9737e-01	7.4819e-03	9.9252e-01	2.2856e-12	7.6853e-19	4.2084e-05	1.2075e-01	8.7567e-01	3.5366e-03	5.8376e-04	2.3680e-01	7.6261e-01	1.1755e-36	1.1755e-36	1.1755e-36	1.1423e-26	0.00e+00	0.00e+00	4.0597e+00
5.86329e+19	7.3384e+03	3.764e-22	1.0000e+01	1.0835e+01	1.8727e-14	2.8778e-03	9.9712e-01	8.0491e-03	9.9195e-01	1.8174e-12	1.0574e-18	4.5795e-05	1.2851e-01	8.6813e-01	3.3141e-03	6.9180e-04	2.5248e-01	7.4682e-01	1.1755e-36	1.1755e-36	1.1755e-36	1.6471e-26	0.00e+00	0.00e+00	4.2909e+00
5.98615e+19	7.4258e+03	3.807e-22	1.0000e+01	1.0831e+01	2.1468e-14	3.1465e-03	9.9685e-01	8.6655e-03	9.9133e-01	1.4753e-12	1.4552e-18	4.9739e-05	1.3675e-01	8.6010e-01	3.1001e-03	8.1934e-04	2.6930e-01	7.2988e-01	1.1755e-36	1.1755e-36	1.1755e-36	2.3744e-26	0.00e+00	0.00e+00	4.5262e+00
6.10045e+19	7.5102e+03	3.849e-22	1.0000e+01	1.0828e+01	2.4690e-14	3.4403e-03	9.9656e-01	9.3311e-03	9.9067e-01	1.2191e-12	2.0057e-18	5.3962e-05	1.4553e-01	8.5153e-01	2.8936e-03	9.7052e-04	2.8740e-01	7.1163e-01	1.1755e-36	1.1755e-36	1.1755e-36	3.4277e-26	0.00e+00	0.00e+00	4.7654e+00
6.20635e+19	7.5925e+03	3.889e-22	1.0000e+01	1.0825e+01	2.8359e-14	3.7592e-03	9.9624e-01	1.0050e-02	9.8995e-01	1.0247e-12	2.7539e-18	5.8373e-05	1.5475e-01	8.4249e-01	2.6960e-03	1.1483e-03	3.0670e-01	6.9216e-01	1.1755e-36	1.1755e-36	1.1755e-36	4.9166e-26	0.00e+00	0.00e+00	5.0067e+00
6.30417e+19	7.6625e+03	3.930e-22	1.0000e+01	1.0820e+01	3.2852e-14	4.1091e-03	9.9589e-01	1.0844e-02	9.8916e-01	8.7377e-13	3.7866e-18	6.3171e-05	1.6470e-01	8.3273e-01	2.5042e-03	1.3584e-03	3.2730e-01	6.7134e-01	1.1755e-36	1.1755e-36	1.1755e-36	7.0465e-26	0.00e+00	0.00e+00	5.2505e+00
6.39476e+19	7.7292e+03	3.969e-22	1.0000e+01	1.0815e+01	3.8109e-14	4.4894e-03	9.9551e-01	1.1705e-02	9.8830e-01	7.5508e-13	5.1955e-18	6.8195e-05	1.7516e-01	8.2245e-01	2.3208e-03	1.6044e-03	3.4911e-01	6.4928e-01	1.1755e-36	1.1755e-36	1.1755e-36	1.0075e-25	0.00e+00	0.00e+00	5.4976e+00
6.47906e+19	7.8023e+03	4.002e-22	1.0000e+01	1.0811e+01	4.4004e-14	4.8996e-03	9.9510e-01	1.2627e-02	9.8737e-01	6.6070e-13	7.1057e-18	7.3405e-05	1.8607e-01	8.1171e-01	2.1474e-03	1.8905e-03	3.7205e-01	6.2606e-01	1.1755e-36	1.1755e-36	1.1755e-36	1.4379e-25	0.00e+00	0.00e+00	5.7494e+00
6.55788e+19	7.8602e+03	4.039e-22	1.0000e+01	1.0804e+01	5.1324e-14	5.3563e-03	9.9464e-01	1.3673e-02	9.8633e-01	5.8256e-13	9.7398e-18	7.9094e-05	1.9796e-01	7.9999e-01	1.9776e-03	2.2304e-03	3.9649e-01	6.0128e-01	1.1755e-36	1.1755e-36	1.1755e-36	2.0478e-25	0.00e+00	0.00e+00	6.0072e+00
6.63167e+19	7.9167e+03	4.073e-22	1.0000e+01	1.0798e+01	6.0092e-14	5.8594e-03	9.9414e-01	1.4800e-02	9.8520e-01	5.1890e-13	1.3380e-17	8.5145e-05	2.1053e-01	7.8757e-01	1.8145e-03	2.6303e-03	4.2228e-01	5.7509e-01	1.1755e-36	1.1755e-36	1.1755e-36	2.9311e-25	0.00e+00	0.00e+00	6.2711e+00
6.70066e+19	7.9751e+03	4.104e-22	1.0000e+01	1.0792e+01	7.0284e-14	6.4109e-03	9.9359e-01	1.6035e-02	9.8396e-01	4.6613e-13	1.8344e-17	9.1500e-05	2.2382e-01	7.7443e-01	1.6596e-03	3.0975e-03	4.4921e-01	5.4769e-01	1.1755e-36	1.1755e-36	1.1755e-36	4.1857e-25	0.00e+00	0.00e+00	6.5408e+00
6.76519e+19	8.0190e+03	4.138e-22	1.0000e+01	1.0784e+01	8.3157e-14	7.0278e-03	9.9297e-01	1.7416e-02	9.8258e-01	4.2137e-13	2.5225e-17	9.8338e-05	2.3807e-01	7.6032e-01	1.5097e-03	3.6497e-03	4.7740e-01	5.1895e-01	1.1755e-36	1.1755e-36	1.1755e-36	5.9926e-25	0.00e+00	0.00e+00	6.8178e+00
6.82575e+19	8.0766e+03	4.164e-22	1.0000e+01	1.0778e+01	9.7716e-14	7.7013e-03	9.9230e-01	1.8918e-02	9.8108e-01	3.8401e-13	3.4608e-17	1.0544e-04	2.5297e-01	7.4555e-01	1.3692e-03	4.2897e-03	5.0647e-01	4.8924e-01	1.1755e-36	1.1755e-36	1.1755e-36	8.5853e-25	0.00e+00	0.00e+00	7.1031e+00
6.88272e+19	8.1152e+03	4.195e-22	1.0000e+01	1.0766e+01	1.1649e-13	8.4667e-03	9.9153e-01	2.0628e-02	9.7937e-01	3.5126e-13	4.7670e-17	1.1318e-04	2.6924e-01	7.2941e-01	1.2329e-03	5.0505e-03	5.3667e-01	4.5828e-01	1.1755e-36	1.1755e-36	1.1755e-36	1.2311e-24	0.00e+00	0.00e+00	7.3985e+00
6.93634e+19	8.1530e+03	4.224e-22	1.0000e+01	1.0758e+01	1.3979e-13	9.3257e-03	9.9067e-01	2.2529e-02	9.7747e-01	3.2323e-13	6.5954e-17	1.2141e-04	2.8640e-01	7.1237e-01	1.1037e-03	5.9448e-03	5.6766e-01	4.2640e-01	1.1755e-36	1.1755e-36	1.1755e-36	1.7827e-24	0.00e+00	0.00e+00	7.7045e+00
6.98682e+19	8.1874e+03	4.252e-22	1.0000e+01	1.0745e+01	1.6854e-13	1.0297e-02	9.8970e-01	2.4672e-02	9.7533e-01	2.9873e-13	9.1354e-17	1.3022e-04	3.0494e-01	6.9395e-01	9.8124e-04	6.9989e-03	5.9920e-01	3.9380e-01	1.1755e-36	1.1755e-36	1.1755e-36	2.5801e-24	0.00e+00	0.00e+00	8.0230e+00
7.03437e+19	8.2121e+03	4.282e-22	1.0000e+01	1.0735e+01	2.0602e-13	1.1408e-02	9.8859e-01	2.7101e-02	9.7290e-01	2.7720e-13	1.2740e-16	1.3963e-04	3.2462e-01	6.7438e-01	8.6537e-04	8.2461e-03	6.3108e-01	3.6067e-01	1.1755e-36	1.1755e-36	1.1755e-36	3.7795e-24	0.00e+00	0.00e+00	8.3550e+00
7.07923e+19	8.2356e+03	4.310e-22	1.0000e+01	1.0721e+01	2.5337e-13	1.2681e-02	9.8732e-01	2.9863e-02	9.7014e-01	2.5820e-13	1.7828e-16	1.4970e-04	3.4578e-01	6.5331e-01	7.5659e-04	9.7217e-03	6.6297e-01	3.2731e-01	1.1755e-36	1.1755e-36	1.1755e-36	5.5617e-24	0.00e+00	0.00e+00	8.7043e+00
7.12169e+19	8.2544e+03	4.337e-22	1.0000e+01	1.0700e+01	3.1464e-13	1.4155e-02	9.8585e-01	3.3036e-02	9.6696e-01	2.4114e-13	2.5068e-16	1.6044e-04	3.6857e-01	6.3061e-01	6.5482e-04	1.1477e-02	6.9456e-01	2.9396e-01	1.1755e-36	1.1755e-36	1.1755e-36	8.2338e-24	0.00e+00	0.00e+00	9.0734e+00
7.16195e+19	8.2641e+03	4.365e-22	1.0000e+01	1.0680e+01	3.9758e-13	1.5890e-02	9.8411e-01	3.6726e-02	9.6327e-01	2.2570e-13	3.5637e-16	1.7204e-04	3.9307e-01	6.0620e-01	5.5970e-04	1.3587e-02	7.2558e-01	2.6083e-01	1.1755e-36	1.1755e-36	1.1755e-36	1.2400e-23	0.00e+00	0.00e+00	9.4668e+00
7.20027e+19	8.2663e+03	4.394e-22	1.0000e+01	1.0655e+01	5.1135e-13	1.7962e-02	9.8204e-01	4.1063e-02	9.5894e-01	2.1164e-13	5.1278e-16	1.8456e-04	4.1960e-01	5.7974e-01	4.7131e-04	1.6147e-02	7.5569e-01	2.2817e-01	1.1755e-36	1.1755e-36	1.1755e-36	1.9001e-23	0.00e+00	0.00e+00	9.8912e+00
7.23493e+19	8.2617e+03	4.423e-22	1.0000e+01	1.0628e+01	6.6273e-13	2.0348e-02	9.7965e-01	4.5925e-02	9.5408e-01	1.9954e-13	7.3530e-16	1.9733e-04	4.4678e-01	5.5263e-01	3.9400e-04	1.9131e-02	7.8305e-01	1.9782e-01	1.1755e-36	1.1755e-36	1.1755e-36	2.9131e-23	0.00e+00	0.00e+00	1.0301e+01
7.26539e+19	8.2496e+03	4.449e-22	1.0000e+01	1.0597e+01	8.5811e-13	2.3000e-02	9.7700e-01	5.1237e-02	9.4876e-01	1.8907e-13	1.0391e-15	2.0997e-04	4.7382e-01	5.2565e-01	3.2847e-04	2.2471e-02	8.0667e-01	1.7086e-01	1.1755e-36	1.1755e-36	1.1755e-36	4.4044e-23	0.00e+00	0.00e+00	1.0723e+01
7.29879e+19	8.2216e+03	4.474e-22	1.0000e+01	1.0552e+01	1.1781e-12	2.6639e-02	9.7336e-01	5.8579e-02	9.4142e-01	1.7716e-13	1.5610e-15	2.2545e-04	5.0733e-01	4.9218e-01	2.6080e-04	2.7087e-02	8.3091e-01	1.4201e-01	1.1755e-36	1.1755e-36	1.1755e-36	7.1803e-23	0.00e+00	0.00e+00	1.1358e+01
7.33509e+19	8.1944e+03	4.498e-22	1.0000e+01	1.0485e+01	1.7517e-12	3.2075e-02	9.6792e-01	6.8910e-02	9.3109e-01	1.6489e-13	2.5634e-15	2.4392e-04	5.4816e-01	4.5140e-01	1.9408e-04	3.3983e-02	8.5471e-01	1.1130e-01	1.1755e-36	1.1755e-36	1.1755e-36	1.3198e-22	0.00e+00	0.00e+00	1.2063e+01
7.36568e+19	8.1445e+03	4.525e-22	1.0000e+01	1.0406e+01	2.6657e-12	3.8837e-02	9.6116e-01	8.0909e-02	9.1909e-01	1.5468e-13	4.1969e-15	2.6183e-04	5.8841e-01	4.1118e-01	1.4233e-04	4.2521e-02	8.7151e-01	8.5967e-02	1.1755e-36	1.1755e-36	1.1755e-36	2.4435e-22	0.00e+00	0.00e+00	1.2709e+01
7.38626e+19	8.0966e+03	4.547e-22	1.0000e+01	1.0336e+01	3.7683e-12	4.5387e-02	9.5461e-01	9.1544e-02	9.0846e-01	1.4803e-13	6.1959e-15	2.7522e-04	6.1919e-01	3.8042e-01	1.1036e-04	5.0741e-02	8.7989e-01	6.9367e-02	1.1755e-36	1.1755e-36	1.1755e-36	4.0124e-22	0.00e+00	0.00e+00	1.3134e+01
7.39911e+19	8.0660e+03	4.551e-22	1.0000e+01	1.0279e+01	4.7702e-12	5.0487e-02	9.4951e-01	9.9616e-02	9.0038e-01	1.4372e-13	8.0525e-15	2.8389e-04	6.4000e-01	3.5963e-01	9.2190e-05	5.7122e-02	8.8325e-01	5.9626e-02	1.1755e-36	1.1755e-36	1.1755e-36	5.6170e-22	0.00e+00	0.00e+00	1.3481e+01
7.41162e+19	8.0290e+03	4.548e-22	1.0000e+01	1.0224e+01	6.0852e-12	5.6269e-02	9.4373e-01	1.0891e-01	8.9109e-01	1.3908e-13	1.0511e-14	2.9302e-04	6.6179e-01	3.3784e-01	7.5976e-05	6.4335e-02	8.8480e-01	5.0867e-02	1.1755e-36	1.1755e-36	1.1755e-36	7.9122e-22	0.00e+00	0.00e+00	1.3983e+01
7.42789e+19	7.9823e+03	4.519e-22	1.0000e+01	1.0105e+01	8.5135e-12	6.5377e-02	9.3462e-01	1.2302e-01	8.7698e-01	1.3283e-13	1.5064e-14	3.0364e-04	6.9066e-01	3.0898e-01	5.7796e-05	7.5648e-02	8.8380e-01	4.0550e-02	1.1755e-36	1.1755e-36	1.1755e-36	1.2613e-21	0.00e+00	0.00e+00	1.4743e+01
7.44385e+19	7.9333e+03	4.489e-22	1.0000e+01	9.9622e+00	1.2622e-11	7.8063e-02	9.2194e-01	1.4017e-01	8.5983e-01	1.2698e-13	2.2805e-14	3.1385e-04	7.2075e-01	2.7890e-01	4.2146e-05	9.1250e-02	8.7775e-01	3.0999e-02	1.1755e-36	1.1755e-36	1.1755e-36	2.1865e-21	0.00e+00	0.00e+00	1.5410e+01
7.45496e+19	7.8791e+03	4.463e-22	1.0000e+01	9.8442e+00	1.7635e-11	9.0431e-02	9.0957e-01	1.5523e-01	8.4477e-01	1.2283e-13	3.2016e-14	3.2131e-04	7.4380e-01	2.5585e-01	3.2400e-05	1.0633e-01	8.6891e-01	2.4768e-02	1.1755e-36	1.1755e-36	1.1755e-36	3.4499e-21	0.00e+00	0.00e+00	1.5905e+01
7.46278e+19	7.8474e+03	4.418e-22	1.0000e+01	9.7234e+00	2.2551e-11	1.0091e-01	8.9909e-01	1.6746e-01	8.3254e-01	1.1993e-13	4.1063e-14	3.2525e-04	7.6034e-01	2.3931e-01	2.6480e-05	1.1901e-01	8.6016e-01	2.0825e-02	1.1755e-36	1.1755e-36	1.1755e-36	4.8300e-21	0.00e+00	0.00e+00	1.6349e+01
7.47080e+19	7.8009e+03	4.365e-22	1.0000e+01	9.6090e+00	2.9685e-11	1.1370e-01	8.8630e-01	1.8232e-01	8.1768e-01	1.1641e-13	5.3956e-14	3.3008e-04	7.7855e-01	2.2110e-01	2.1038e-05	1.3441e-01	8.4842e-01	1.7168e-02	1.1755e-36	1.1755e-36	1.1755e-36	6.9987e-21	0.00e+00	0.00e+00	1.7000e+01
7.47972e+19	7.7559e+03	4.272e-22	1.0000e+01	9.4104e+00	4.1097e-11	1.3121e-01	8.6879e-01	2.0047e-01	7.9953e-01	1.1292e-13	7.4180e-14	3.3233e-04	7.9808e-01	2.0157e-01	1.6004e-05	1.5530e-01	8.3116e-01	1.3540e-02	1.1755e-36	1.1755e-36	1.1755e-36	1.0825e-20	0.00e+00	0.00e+00	1.7726e+01
7.48765e+19	7.7103e+03	4.158e-22	1.0000e+01	9.1765e+00	5.6963e-11	1.5128e-01	8.4872e-01	2.1908e-01	7.8092e-01	1.0996e-13	1.0134e-13	3.3229e-04	8.1566e-01	1.8399e-01	1.2200e-05	1.7900e-01	8.1036e-01	1.0639e-02	1.1755e-36	1.1755e-36	1.1755e-36	1.6673e-20	0.00e+00	0.00e+00	1.8405e+01
7.49414e+19	7.6762e+03	4.036e-22	1.0000e+01	8.9467e+00	7.5970e-11	1.7169e-01	8.2831e-01	2.3641e-01	7.6359e-01	1.0767e-13	1.3341e-13	3.3056e-04	8.3028e-01	1.6938e-01	9.5503e-06	2.0285e-01	7.8863e-01	8.5266e-03	1.1755e-36	1.1755e-36	1.1755e-36	2.4485e-20	0.00e+00	0.00e+00	1.9042e+01
7.49983e+19	7.6241e+03	3.913e-22	1.0000e+01	8.7192e+00	1.0106e-10	1.9354e-01	8.0646e-01	2.5366e-01	7.4634e-01	1.0560e-13	1.7299e-13	3.2820e-04	8.4350e-01	1.5616e-01	7.5423e-06	2.2809e-01	7.6503e-01	6.8845e-03	1.1755e-36	1.1755e-36	1.1755e-36	3.5249e-20	0.00e+00	0.00e+00	1.9714e+01
7.50527e+19	7.5698e+03	3.770e-22	1.0000e+01	8.4729e+00	1.3541e-10	2.1860e-01	7.8140e-01	2.7189e-01	7.2811e-01	1.0375e-13	2.2512e-13	3.2451e-04	8.5622e-01	1.4345e-01	5.9089e-06	2.5670e-01	7.3780e-01	5.4989e-03	1.1755e-36	1.1755e-36	1.1755e-36	5.1158e-20	0.00e+00	0.00e+00	2.0456e+01
7.51050e+19	7.5207e+03	3.589e-22	1.0000e+01	8.1500e+00	1.8077e-10	2.4641e-01	7.5359e-01	2.9015e-01	7.0985e-01	1.0267e-13	2.8956e-13	3.1713e-04	8.6767e-01	1.3201e-01	4.6347e-06	2.8805e-01	7.0759e-01	4.3582e-03	1.1755e-36	1.1755e-36	1.1755e-36	7.3035e-20	0.00e+00	0.00e+00	2.1247e+01
7.51548e+19	7.4571e+03	3.395e-22	1.0000e+01	7.8153e+00	2.4503e-10	2.7825e-01	7.2175e-01	3.0936e-01	6.9064e-01	1.0172e-13	3.7436e-13	3.0901e-04	8.7871e-01	1.2098e-01	3.6075e-06	3.2342e-01	6.7317e-01	3.4140e-03	1.1755e-36	1.1755e-36	1.1755e-36	1.0536e-19	0.00e+00	0.00e+00	2.2103e+01
7.52015e+19	7.3941e+03	3.183e-22	1.0000e+01	7.4482e+00	3.3075e-10	3.1308e-01	6.8692e-01	3.2831e-01	6.7169e-01	1.0144e-13	4.7937e-13	2.9871e-04	8.8870e-01	1.1100e-01	2.8172e-06	3.6149e-01	6.3586e-01	2.6595e-03	1.1755e-36	1.1755e-36	1.1755e-36	1.5031e-19	0.00e+00	0.00e+00	2.2987e+01
7.52420e+19	7.3260e+03	2.976e-22	1.0000e+01	7.0833e+00	4.3756e-10	3.4803e-01	6.5197e-01	3.4520e-01	6.5480e-01	1.0191e-13	5.9729e-13	2.8759e-04	8.9704e-01	1.0267e-01	2.2517e-06	3.9906e-01	5.9883e-01	2.1018e-03	1.1755e-36	1.1755e-36	1.1755e-36	2.0647e-19	0.00e+00	0.00e+00	2.3785e+01
7.52743e+19	7.2519e+03	2.799e-22	1.0000e+01	6.7628e+00	5.5693e-10	3.7917e-01	6.2083e-01	3.5909e-01	6.4091e-01	1.0271e-13	7.1275e-13	2.7739e-04	9.0353e-01	9.6190e-02	1.8716e-06	4.3204e-01	5.6624e-01	1.7213e-03	1.1755e-36	1.1755e-36	1.1755e-36	2.6642e-19	0.00e+00	0.00e+00	2.4460e+01
7.53003e+19	7.1964e+03	2.645e-22	1.0000e+01	6.4878e+00	6.7328e-10	4.0557e-01	5.9443e-01	3.7033e-01	6.2967e-01	1.0379e-13	8.1746e-13	2.6820e-04	9.0856e-01	9.1174e-02	1.6102e-06	4.5961e-01	5.3894e-01	1.4568e-03	1.1755e-36	1.1755e-36	1.1755e-36	3.2480e-19	0.00e+00	0.00e+00	2.5070e+01
7.53234e+19	7.1246e+03	2.508e-22	1.0000e+01	6.2401e+00	8.1077e-10	4.3078e-01	5.6922e-01	3.8110e-01	6.1890e-01	1.0465e-13	9.2540e-13	2.5991e-04	9.1313e-01	8.6608e-02	1.4009e-06	4.8564e-01	5.1311e-01	1.2480e-03	1.1755e-36	1.1755e-36	1.1755e-36	3.8843e-19	0.00e+00	0.00e+00	2.5681e+01
7.53459e+19	7.0709e+03	2.363e-22	1.0000e+01	5.9737e+00	9.5520e-10	4.5510e-01	5.4490e-01	3.9100e-01	6.0900e-01	1.0613e-13	1.0311e-12	2.5052e-04	9.1717e-01	8.2573e-02	1.2283e-06	5.1046e-01	4.8847e-01	1.0723e-03	1.1755e-36	1.1755e-36	1.1755e-36	4.5358e-19	0.00e+00	0.00e+00	2.6331e+01
7.53674e+19	7.0028e+03	2.228e-22	1.0000e+01	5.7196e+00	1.1317e-09	4.7974e-01	5.2026e-01	4.0060e-01	5.9940e-01	1.0770e-13	1.1449e-12	2.4149e-04	9.2100e-01	7.8757e-02	1.0810e-06	5.3533e-01	4.6374e-01	9.2277e-04	1.1755e-36	1.1755e-36	1.1755e-36	5.2726e-19	0.00e+00	0.00e+00	2.6946e+01
7.53867e+19	6.9311e+03	2.108e-22	1.0000e+01	5.4935e+00	1.3283e-09	5.0288e-01	4.9712e-01	4.0967e-01	5.9033e-01	1.0911e-13	1.2585e-12	2.3340e-04	9.2446e-01	7.5301e-02	9.6090e-07	5.5845e-01	4.4075e-01	8.0241e-04	1.1755e-36	1.1755e-36	1.1755e-36	6.0448e-19	0.00e+00	0.00e+00	2.7527e+01
7.54047e+19	6.8798e+03	1.990e-22	1.0000e+01	5.2663e+00	1.5155e-09	5.2355e-01	4.7645e-01	4.1740e-01	5.8260e-01	1.1114e-13	1.3579e-12	2.2494e-04	9.2738e-01	7.2393e-02	8.6476e-07	5.7889e-01	4.2040e-01	7.0495e-04	1.1755e-36	1.1755e-36	1.1755e-36	6.7360e-19	0.00e+00	0.00e+00	2.8114e+01
7.54219e+19	6.8063e+03	1.884e-22	1.0000e+01	5.0554e+00	1.7512e-09	5.4422e-01	4.5578e-01	4.2523e-01	5.7477e-01	1.1292e-13	1.4636e-12	2.1718e-04	9.3023e-01	6.9552e-02	7.8013e-07	5.9913e-01	4.0025e-01	6.2114e-04	1.1755e-36	1.1755e-36	1.1755e-36	7.4959e-19	0.00e+00	0.00e+00	2.8680e+01
7.54353e+19	6.7630e+03	1.803e-22	1.0000e+01	4.8941e+00	1.9369e-09	5.6024e-01	4.3976e-01	4.3086e-01	5.6914e-01	1.1463e-13	1.5472e-12	2.1106e-04	9.3226e-01	6.7523e-02	7.2211e-07	6.1467e-01	3.8476e-01	5.6213e-04	1.1755e-36	1.1755e-36	1.1755e-36	8.1259e-19	0.00e+00	0.00e+00	2.9045e+01
7.54445e+19	6.7254e+03	1.747e-22	1.0000e+01	4.7822e+00	2.0857e-09	5.7122e-01	4.2878e-01	4.3505e-01	5.6495e-01	1.1577e-13	1.6055e-12	2.0685e-04	9.3372e-01	6.6074e-02	6.8370e-07	6.2528e-01	3.7419e-01	5.2454e-04	1.1755e-36	1.1755e-36	1.1755e-36	8.5677e-19	0.00e+00	0.00e+00	2.9342e+01
7.54534e+19	6.6881e+03	1.692e-22	1.0000e+01	4.6703e+00	2.2361e-09	5.8127e-01	4.1873e-01	4.3901e-01	5.6099e-01	1.1698e-13	1.6568e-12	2.0258e-04	9.3508e-01	6.4715e-02	6.4898e-07	6.3495e-01	3.6456e-01	4.9141e-04	1.1755e-36	1.1755e-36	1.1755e-36	8.9494e-19	0.00e+00	0.00e+00	2.9688e+01
7.54639e+19	6.6390e+03	1.629e-22	1.0000e+01	4.5427e+00	2.4396e-09	5.9361e-01	4.0639e-01	4.4411e-01	5.5589e-01	1.1826e-13	1.7233e-12	1.9775e-04	9.3677e-01	6.3030e-02	6.0856e-07	6.4675e-01	3.5280e-01	4.5368e-04	1.1755e-36	1.1755e-36	1.1755e-36	9.4617e-19	0.00e+00	0.00e+00	3.0125e+01
7.54756e+19	6.5872e+03	1.561e-22	1.0000e+01	4.4018e+00	2.6789e-09	6.0717e-01	3.9283e-01	4.4948e-01	5.5052e-01	1.1990e-13	1.7968e-12	1.9234e-04	9.3854e-01	6.1266e-02	5.6767e-07	6.5965e-01	3.3994e-01	4.1509e-04	1.1755e-36	1.1755e-36	1.1755e-36	1.0040e-18	0.00e+00	0.00e+00	3.0576e+01
7.54869e+19	6.5352e+03	1.497e-22	1.0000e+01	4.2684e+00	2.9326e-09	6.2009e-01	3.7991e-01	4.5459e-01	5.4541e-01	1.2154e-13	1.8678e-12	1.8720e-04	9.4019e-01	5.9623e-02	5.3140e-07	6.7186e-01	3.2776e-01	3.8104e-04	1.1755e-36	1.1755e-36	1.1755e-36	1.0609e-18	0.00e+00	0.00e+00	3.0995e+01
7.54972e+19	6.4759e+03	1.441e-22	1.0000e+01	4.1495e+00	3.2174e-09	6.3231e-01	3.6769e-01	4.5979e-01	5.4021e-01	1.2281e-13	1.9389e-12	1.8266e-04	9.4177e-01	5.8043e-02	4.9898e-07	6.8336e-01	3.1629e-01	3.5150e-04	1.1755e-36	1.1755e-36	1.1755e-36	1.1199e-18	0.00e+00	0.00e+00	3.1398e+01
7.55073e+19	6.4340e+03	1.386e-22	1.0000e+01	4.0303e+00	3.4634e-09	6.4308e-01	3.5692e-01	4.6409e-01	5.3591e-01	1.2461e-13	1.9960e-12	1.7796e-04	9.4314e-01	5.6683e-02	4.7118e-07	6.9343e-01	3.0624e-01	3.2596e-04	1.1755e-36	1.1755e-36	1.1755e-36	1.1663e-18	0.00e+00	0.00e+00	3.1801e+01
7.55177e+19	6.3737e+03	1.331e-22	1.0000e+01	3.9110e+00	3.7918e-09	6.5467e-01	3.4533e-01	4.6923e-01	5.3077e-01	1.2610e-13	2.0625e-12	1.7334e-04	9.4465e-01	5.5178e-02	4.4271e-07	7.0423e-01	2.9546e-01	3.0081e-04	1.1755e-36	1.1755e-36	1.1755e-36	1.2223e-18	0.00e+00	0.00e+00	3.2250e+01
7.55286e+19	6.3127e+03	1.276e-22	1.0000e+01	3.7914e+00	4.1603e-09	6.6678e-01	3.3322e-01	4.7470e-01	5.2530e-01	1.2762e-13	2.1348e-12	1.6867e-04	9.4621e-01	5.3619e-02	4.1464e-07	7.1545e-01	2.8427e-01	2.7624e-04	1.1755e-36	1.1755e-36	1.1755e-36	1.2858e-18	0.00e+00	0.00e+00	3.2712e+01
7.55393e+19	6.2565e+03	1.223e-22	1.0000e+01	3.6724e+00	4.5318e-09	6.7804e-01	3.2196e-01	4.7966e-01	5.2034e-01	1.2945e-13	2.1989e-12	1.6396e-04	9.4764e-01	5.2199e-02	3.8975e-07	7.2582e-01	2.7392e-01	2.5447e-04	1.1755e-36	1.1755e-36	1.1755e-36	1.3422e-18	0.00e+00	0.00e+00	3.3159e+01
7.55497e+19	6.2057e+03	1.172e-22	1.0000e+01	3.5585e+00	4.9017e-09	6.8859e-01	3.1141e-01	4.8450e-01	5.1550e-01	1.3132e-13	2.2583e-12	1.5941e-04	9.4899e-01	5.0849e-02	3.6699e-07	7.3551e-01	2.6425e-01	2.3494e-04	1.1755e-36	1.1755e-36	1.1755e-36	1.3950e-18	0.00e+00	0.00e+00	3.3614e+01
7.55605e+19	6.1454e+03	1.122e-22	1.0000e+01	3.4446e+00	5.3456e-09	6.9940e-01	3.0060e-01	4.8968e-01	5.1032e-01	1.3315e-13	2.3218e-12	1.5487e-04	9.5039e-01	4.9452e-02	3.4477e-07	7.4537e-01	2.5442e-01	2.1636e-04	1.1755e-36	1.1755e-36	1.1755e-36	1.4535e-18	0.00e+00	0.00e+00	3.4099e+01
7.55715e+19	6.0795e+03	1.073e-22	1.0000e+01	3.3327e+00	5.8593e-09	7.1045e-01	2.8955e-01	4.9528e-01	5.0472e-01	1.3484e-13	2.3906e-12	1.5042e-04	9.5183e-01	4.8018e-02	3.2314e-07	7.5540e-01	2.4440e-01	1.9863e-04	1.1755e-36	1.1755e-36	1.1755e-36	1.5200e-18	0.00e+00	0.00e+00	3.4596e+01
7.55824e+19	6.0178e+03	1.026e-22	1.0000e+01	3.2217e+00	6.3808e-09	7.2071e-01	2.7929e-01	5.0044e-01	4.9956e-01	1.3684e-13	2.4514e-12	1.4594e-04	9.5316e-01	4.6694e-02	3.0371e-07	7.6468e-01	2.3514e-01	1.8285e-04	1.1755e-36	1.1755e-36	1.1755e-36	1.5793e-18	0.00e+00	0.00e+00	3.5083e+01
7.55932e+19	5.9481e+03	9.824e-23	1.0000e+01	3.1184e+00	6.9927e-09	7.3098e-01	2.6902e-01	5.0617e-01	4.9383e-01	1.3838e-13	2.5196e-12	1.4182e-04	9.5452e-01	4.5333e-02	2.8506e-07	7.7392e-01	2.2591e-01	1.6822e-04	1.1755e-36	1.1755e-36	1.1755e-36	1.6504e-18	0.00e+00	0.00e+00	3.5585e+01
7.56040e+19	5.8798e+03	9.396e-23	1.0000e+01	3.0154e+00	7.6401e-09	7.4078e-01	2.5922e-01	5.1172e-01	4.8828e-01	1.4012e-13	2.5838e-12	1.3767e-04	9.5583e-01	4.4032e-02	2.6779e-07	7.8271e-01	2.1714e-01	1.5486e-04	1.1755e-36	1.1755e-36	1.1755e-36	1.7192e-18	0.00e+00	0.00e+00	3.6091e+01
7.56149e+19	5.8036e+03	8.985e-23	1.0000e+01	2.9146e+00	8.3946e-09	7.5042e-01	2.4958e-01	5.1754e-01	4.8246e-01	1.4171e-13	2.6509e-12	1.3362e-04	9.5713e-01	4.2736e-02	2.5141e-07	7.9133e-01	2.0853e-01	1.4251e-04	1.1755e-36	1.1755e-36	1.1755e-36	1.7953e-18	0.00e+00	0.00e+00	3.6612e+01
7.56260e+19	5.7295e+03	8.585e-23	1.0000e+01	2.8159e+00	9.1940e-09	7.5979e-01	2.4021e-01	5.2340e-01	4.7660e-01	1.4336e-13	2.7181e-12	1.2962e-04	9.5841e-01	4.1463e-02	2.3594e-07	7.9966e-01	2.0021e-01	1.3106e-04	1.1755e-36	1.1755e-36	1.1755e-36	1.8747e-18	0.00e+00	0.00e+00	3.7144e+01
7.56371e+19	5.6583e+03	8.197e-23	1.0000e+01	2.7194e+00	1.0026e-08	7.6879e-01	2.3121e-01	5.2926e-01	4.7074e-01	1.4511e-13	2.7837e-12	1.2567e-04	9.5965e-01	4.0221e-02	2.2140e-07	8.0763e-01	1.9225e-01	1.2051e-04	1.1755e-36	1.1755e-36	1.1755e-36	1.9553e-18	0.00e+00	0.00e+00	3.7689e+01
7.56485e+19	5.5715e+03	7.823e-23	1.0000e+01	2.6241e+00	1.1073e-08	7.7793e-01	2.2207e-01	5.3570e-01	4.6430e-01	1.4649e-13	2.8601e-12	1.2183e-04	9.6093e-01	3.8952e-02	2.0733e-07	8.1570e-01	1.8419e-01	1.1060e-04	1.1755e-36	1.1755e-36	1.1755e-36	2.0564e-18	0.00e+00	0.00e+00	3.8255e+01
7.56599e+19	5.4927e+03	7.463e-23	1.0000e+01	2.5318e+00	1.2111e-08	7.8654e-01	2.1346e-01	5.4193e-01	4.5807e-01	1.4807e-13	2.9326e-12	1.1804e-04	9.6214e-01	3.7742e-02	1.9432e-07	8.2327e-01	1.7663e-01	1.0157e-04	1.1755e-36	1.1755e-36	1.1755e-36	2.1559e-18	0.00e+00	0.00e+00	3.8818e+01
7.56714e+19	5.4083e+03	7.120e-23	1.0000e+01	2.4415e+00	1.3274e-08	7.9478e-01	2.0522e-01	5.4827e-01	4.5173e-01	1.4955e-13	3.0078e-12	1.1435e-04	9.6332e-01	3.6564e-02	1.8216e-07	8.3051e-01	1.6940e-01	9.3356e-05	1.1755e-36	1.1755e-36	1.1755e-36	2.2649e-18	0.00e+00	0.00e+00	3.9396e+01
7.56830e+19	5.3203e+03	6.788e-23	1.0000e+01	2.3538e+00	1.4562e-08	8.0297e-01	1.9703e-01	5.5499e-01	4.4501e-01	1.5084e-13	3.0906e-12	1.1076e-04	9.6451e-01	3.5378e-02	1.7047e-07	8.3766e-01	1.6226e-01	8.5646e-05	1.1755e-36	1.1755e-36	1.1755e-36	2.3906e-18	0.00e+00	0.00e+00	3.9996e+01
7.56949e+19	5.2276e+03	6.466e-23	1.0000e+01	2.2675e+00	1.5986e-08	8.1098e-01	1.8902e-01	5.6191e-01	4.3809e-01	1.5202e-13	3.1793e-12	1.0723e-04	9.6568e-01	3.4211e-02	1.5941e-07	8.4464e-01	1.5529e-01	7.8500e-05	1.1755e-36	1.1755e-36	1.1755e-36	2.5319e-18	0.00e+00	0.00e+00	4.0605e+01
7.57068e+19	5.1349e+03	6.161e-23	1.0000e+01	2.1867e+00	1.7490e-08	8.1881e-01	1.8119e-01	5.6914e-01	4.3086e-01	1.5287e-13	3.2758e-12	1.0393e-04	9.6684e-01	3.3058e-02	1.4899e-07	8.5141e-01	1.4852e-01	7.1916e-05	1.1755e-36	1.1755e-36	1.1755e-36	2.6913e-18	0.00e+00	0.00e+00	4.1219e+01
7.57186e+19	5.0415e+03	5.873e-23	1.0000e+01	2.1063e+00	1.9033e-08	8.2599e-01	1.7401e-01	5.7605e-01	4.2395e-01	1.5393e-13	3.3681e-12	1.0063e-04	9.6792e-01	3.1983e-02	1.3951e-07	8.5764e-01	1.4230e-01	6.6060e-05	1.1755e-36	1.1755e-36	1.1755e-36	2.8491e-18	0.00e+00	0.00e+00	4.1831e+01
7.57306e+19	4.9443e+03	5.594e-23	1.0000e+01	2.0287e+00	2.0646e-08	8.3305e-01	1.6695e-01	5.8334e-01	4.1666e-01	1.5471e-13	3.4390e-12	9.7453e-05	9.6907e-01	3.0834e-02	1.3012e-07	8.6372e-01	1.3622e-01	6.0607e-05	1.1755e-36	1.1755e-36	1.1755e-36	2.9638e-18	0.00e+00	0.00e+00	4.2474e+01
7.57430e+19	4.8349e+03	5.322e-23	1.0000e+01	1.9522e+00	2.2446e-08	8.4027e-01	1.5973e-01	5.9128e-01	4.0872e-01	1.5503e-13	3.4888e-12	9.4374e-05	9.7031e-01	2.9591e-02	1.1755e-36	8.6994e-01	1.3001e-01	5.5407e-05	1.1755e-36	1.1755e-36	1.1755e-36	3.0339e-18	0.00e+00	0.00e+00	4.3141e+01
7.57553e+19	4.7286e+03	5.064e-23	1.0000e+01	1.8775e+00	2.4145e-08	8.4702e-01	1.5298e-01	5.9894e-01	4.0106e-01	1.5550e-13	3.5225e-12	9.1345e-05	9.7149e-01	2.8418e-02	1.1755e-36	8.7572e-01	1.2423e-01	5.0738e-05	1.1755e-36	1.1755e-36	1.1755e-36	3.0713e-18	0.00e+00	0.00e+00	4.3793e+01
7.57676e+19	4.6176e+03	4.823e-23	1.0000e+01	1.8068e+00	2.5828e-08	8.5343e-01	1.4657e-01	6.0679e-01	3.9321e-01	1.5561e-13	3.5438e-12	8.8505e-05	9.7264e-01	2.7274e-02	1.1755e-36	8.8121e-01	1.1874e-01	4.6530e-05	1.1755e-36	1.1755e-36	1.1755e-36	3.0816e-18	0.00e+00	0.00e+00	4.4452e+01
7.57799e+19	4.4994e+03	4.593e-23	1.0000e+01	1.7375e+00	2.7474e-08	8.5969e-01	1.4031e-01	6.1491e-01	3.8509e-01	1.5542e-13	3.5502e-12	8.5758e-05	9.7377e-01	2.6141e-02	1.1755e-36	8.8657e-01	1.1339e-01	4.2642e-05	1.1755e-36	1.1755e-36	1.1755e-36	3.0569e-18	0.00e+00	0.00e+00	4.5128e+01
7.57924e+19	4.3817e+03	4.371e-23	1.0000e+01	1.6703e+00	2.8901e-08	8.6571e-01	1.3429e-01	6.2310e-01	3.7690e-01	1.5514e-13	3.5395e-12	8.3097e-05	9.7488e-01	2.5040e-02	1.1755e-36	8.9171e-01	1.0825e-01	3.9061e-05	1.1755e-36	1.1755e-36	1.1755e-36	2.9928e-18	0.00e+00	0.00e+00	4.5811e+01
7.58048e+19	4.2621e+03	4.161e-23	1.0000e+01	1.6056e+00	3.0095e-08	8.7149e-01	1.2851e-01	6.3135e-01	3.6865e-01	1.5465e-13	3.5115e-12	8.0560e-05	9.7594e-01	2.3975e-02	1.1755e-36	8.9662e-01	1.0334e-01	3.5796e-05	1.1755e-36	1.1755e-36	1.1755e-36	2.8897e-18	0.00e+00	0.00e+00	4.6495e+01
7.58172e+19	4.1415e+03	3.964e-23	1.0000e+01	1.5436e+00	3.1010e-08	8.7699e-01	1.2301e-01	6.3961e-01	3.6039e-01	1.5397e-13	3.4672e-12	7.8160e-05	9.7697e-01	2.2952e-02	1.1755e-36	9.0130e-01	9.8669e-02	3.2833e-05	1.1755e-36	1.1755e-36	1.1755e-36	2.7514e-18	0.00e+00	0.00e+00	4.7178e+01
7.58295e+19	4.0197e+03	3.777e-23	1.0000e+01	1.4840e+00	3.1628e-08	8.8225e-01	1.1775e-01	6.4788e-01	3.5212e-01	1.5309e-13	3.4084e-12	7.5888e-05	9.7796e-01	2.1968e-02	1.1755e-36	9.0576e-01	9.4210e-02	3.0134e-05	1.1755e-36	1.1755e-36	1.1755e-36	2.5839e-18	0.00e+00	0.00e+00	4.7862e+01
7.58417e+19	3.8981e+03	3.600e-23	1.0000e+01	1.4263e+00	3.1941e-08	8.8733e-01	1.1267e-01	6.5603e-01	3.4397e-01	1.5215e-13	3.3379e-12	7.3715e-05	9.7889e-01	2.1033e-02	1.1755e-36	9.1006e-01	8.9914e-02	2.7659e-05	1.1755e-36	1.1755e-36	1.1755e-36	2.3964e-18	0.00e+00	0.00e+00	4.8543e+01
