#depth	Te	Htot	hden	eden	2H_2/H	HI	HII	HeI	HeII	HeIII	CO/C	C1	C2	C3	C4	O1	O2	O3	O4	O5	O6	H2O/O	AV(point)	AV(extend)	Tau912
2.39278e+14	6.7116e+03	3.283e-21	2.7826e+01	3.0657e+01	1.5236e-16	3.2143e-04	9.9968e-01	7.5191e-04	8.2942e-01	1.6982e-01	9.2914e-23	1.4995e-06	1.5440e-02	9.2196e-01	6.2406e-02	3.6531e-06	2.3641e-02	8.7751e-01	9.8837e-02	9.7443e-06	1.1755e-36	2.1798e-30	0.00e+00	0.00e+00	2.7019e-05
1.43567e+15	6.7105e+03	3.282e-21	2.7826e+01	3.0649e+01	1.5237e-16	3.2132e-04	9.9968e-01	7.5172e-04	8.2948e-01	1.6976e-01	9.2687e-23	1.4977e-06	1.5432e-02	9.2179e-01	6.2584e-02	3.6488e-06	2.3623e-02	8.7782e-01	9.8545e-02	9.7020e-06	1.1755e-36	2.1741e-30	0.00e+00	0.00e+00	1.3506e-04
6.22123e+15	6.7114e+03	3.278e-21	2.7826e+01	3.0644e+01	1.5207e-16	3.2113e-04	9.9968e-01	7.5208e-04	8.3024e-01	1.6900e-01	9.2470e-23	1.4957e-06	1.5424e-02	9.2180e-01	6.2589e-02	3.6462e-06	2.3619e-02	8.7906e-01	9.7303e-02	9.5217e-06	1.1755e-36	2.1688e-30	0.00e+00	0.00e+00	5.6695e-04
2.53635e+16	6.7172e+03	3.264e-21	2.7826e+01	3.0636e+01	1.5086e-16	3.2059e-04	9.9968e-01	7.5509e-04	8.3451e-01	1.6473e-01	9.2141e-23	1.4916e-06	1.5413e-02	9.2213e-01	6.2275e-02	3.6482e-06	2.3660e-02	8.8385e-01	9.2477e-02	8.8316e-06	1.1755e-36	2.1604e-30	0.00e+00	0.00e+00	2.2917e-03
6.05852e+16	6.7071e+03	3.241e-21	2.7826e+01	3.0629e+01	1.5098e-16	3.1969e-04	9.9968e-01	7.5668e-04	8.3672e-01	1.6252e-01	9.1474e-23	1.4841e-06	1.5408e-02	9.2239e-01	6.2034e-02	3.6430e-06	2.3668e-02	8.9062e-01	8.5703e-02	7.8576e-06	1.1755e-36	2.1359e-30	0.00e+00	0.00e+00	4.5275e-03
1.06373e+17	6.6973e+03	3.216e-21	2.7826e+01	3.0619e+01	1.5092e-16	3.1872e-04	9.9968e-01	7.6271e-04	8.4387e-01	1.5537e-01	9.0927e-23	1.4786e-06	1.5412e-02	9.2315e-01	6.1286e-02	3.6459e-06	2.3729e-02	8.9888e-01	7.7381e-02	6.7301e-06	1.1755e-36	2.1129e-30	0.00e+00	0.00e+00	7.4252e-03
1.65898e+17	6.7038e+03	3.180e-21	2.7826e+01	3.0583e+01	1.4744e-16	3.1683e-04	9.9968e-01	7.7120e-04	8.5588e-01	1.4335e-01	8.9052e-23	1.4686e-06	1.5386e-02	9.2426e-01	6.0219e-02	3.6380e-06	2.3770e-02	9.0875e-01	6.7466e-02	5.4875e-06	1.1755e-36	2.0491e-30	0.00e+00	0.00e+00	1.1170e-02
2.43280e+17	6.6960e+03	3.147e-21	2.7826e+01	3.0557e+01	1.4547e-16	3.1537e-04	9.9968e-01	7.8636e-04	8.7375e-01	1.2547e-01	8.7702e-23	1.4634e-06	1.5396e-02	9.2592e-01	5.8571e-02	3.6525e-06	2.3926e-02	9.2012e-01	5.5947e-02	4.1577e-06	1.1755e-36	1.9884e-30	0.00e+00	0.00e+00	1.6016e-02
3.43877e+17	6.7073e+03	3.099e-21	2.7826e+01	3.0492e+01	1.4075e-16	3.1271e-04	9.9969e-01	8.0356e-04	8.9672e-01	1.0248e-01	8.5553e-23	1.4516e-06	1.5365e-02	9.2783e-01	5.6713e-02	3.6568e-06	2.4082e-02	9.3250e-01	4.3413e-02	2.8699e-06	1.1755e-36	1.9160e-30	0.00e+00	0.00e+00	2.2262e-02
4.74653e+17	6.6986e+03	3.055e-21	2.7826e+01	3.0433e+01	1.3880e-16	3.1066e-04	9.9969e-01	8.2627e-04	9.2362e-01	7.5553e-02	8.4526e-23	1.4458e-06	1.5380e-02	9.3007e-01	5.4481e-02	3.6915e-06	2.4392e-02	9.4491e-01	3.0694e-02	1.7317e-06	1.1755e-36	1.8663e-30	0.00e+00	0.00e+00	3.0329e-02
6.44662e+17	6.6882e+03	3.009e-21	2.7826e+01	3.0369e+01	1.3664e-16	3.0846e-04	9.9969e-01	8.4927e-04	9.5054e-01	4.8613e-02	8.3519e-23	1.4407e-06	1.5401e-02	9.3224e-01	5.2310e-02	3.7384e-06	2.4776e-02	9.5602e-01	1.9199e-02	8.7672e-07	1.1755e-36	1.8119e-30	0.00e+00	0.00e+00	4.0742e-02
8.65673e+17	6.6670e+03	2.964e-21	2.7826e+01	3.0306e+01	1.3462e-16	3.0648e-04	9.9969e-01	8.6942e-04	9.7289e-01	2.6244e-02	8.2191e-23	1.4380e-06	1.5441e-02	9.3410e-01	5.0426e-02	3.7968e-06	2.5207e-02	9.6451e-01	1.0276e-02	3.5411e-07	1.1755e-36	1.7327e-30	0.00e+00	0.00e+00	5.4191e-02
1.15299e+18	6.6315e+03	2.927e-21	2.7826e+01	3.0271e+01	1.3445e-16	3.0507e-04	9.9969e-01	8.8526e-04	9.8764e-01	1.1474e-02	8.1440e-23	1.4403e-06	1.5516e-02	9.3556e-01	4.8911e-02	3.8659e-06	2.5647e-02	9.6979e-01	4.5608e-03	1.1755e-36	1.1755e-36	1.6642e-30	0.00e+00	0.00e+00	7.1596e-02
1.52650e+18	6.5855e+03	2.895e-21	2.7826e+01	3.0250e+01	1.3597e-16	3.0400e-04	9.9970e-01	8.9637e-04	9.9513e-01	3.9696e-03	8.1045e-23	1.4457e-06	1.5617e-02	9.3666e-01	4.7719e-02	3.9347e-06	2.6034e-02	9.7232e-01	1.6423e-03	1.1755e-36	1.1755e-36	1.6057e-30	0.00e+00	0.00e+00	9.4142e-02
2.01206e+18	6.5313e+03	2.865e-21	2.7826e+01	3.0244e+01	1.3721e-16	3.0331e-04	9.9970e-01	9.0514e-04	9.9802e-01	1.0785e-03	7.9965e-23	1.4547e-06	1.5747e-02	9.3760e-01	4.6644e-02	4.0073e-06	2.6382e-02	9.7314e-01	4.7605e-04	1.1755e-36	1.1755e-36	1.5160e-30	0.00e+00	0.00e+00	1.2338e-01
2.64329e+18	6.4706e+03	2.835e-21	2.7826e+01	3.0242e+01	1.3866e-16	3.0301e-04	9.9970e-01	9.1392e-04	9.9885e-01	2.3473e-04	7.8662e-23	1.4681e-06	1.5911e-02	9.3858e-01	4.5506e-02	4.0926e-06	2.6737e-02	9.7315e-01	1.1289e-04	1.1755e-36	1.1755e-36	1.4149e-30	0.00e+00	0.00e+00	1.6136e-01
3.46389e+18	6.4043e+03	2.804e-21	2.7826e+01	3.0242e+01	1.3974e-16	3.0337e-04	9.9970e-01	9.2454e-04	9.9903e-01	4.3186e-05	7.6994e-23	1.4877e-06	1.6122e-02	9.3970e-01	4.4179e-02	4.2043e-06	2.7154e-02	9.7282e-01	2.2812e-05	1.1755e-36	1.1755e-36	1.2957e-30	0.00e+00	0.00e+00	2.1079e-01
4.53066e+18	6.3339e+03	2.769e-21	2.7826e+01	3.0242e+01	1.4203e-16	3.0481e-04	9.9970e-01	9.3831e-04	9.9905e-01	7.1071e-06	7.6011e-23	1.5168e-06	1.6396e-02	9.4101e-01	4.2591e-02	4.3572e-06	2.7674e-02	9.7232e-01	4.0963e-06	1.1755e-36	1.1755e-36	1.1927e-30	0.00e+00	0.00e+00	2.7536e-01
5.91748e+18	6.2623e+03	2.734e-21	2.7826e+01	3.0242e+01	1.4326e-16	3.0795e-04	9.9969e-01	9.5649e-04	9.9904e-01	1.0598e-06	7.4700e-23	1.5593e-06	1.6756e-02	9.4255e-01	4.0693e-02	4.5700e-06	2.8335e-02	9.7166e-01	6.6848e-07	1.1755e-36	1.1755e-36	1.0700e-30	0.00e+00	0.00e+00	3.6016e-01
7.72033e+18	6.1933e+03	2.698e-21	2.7826e+01	3.0242e+01	1.4510e-16	3.1383e-04	9.9969e-01	9.8108e-04	9.9902e-01	1.4132e-07	7.4272e-23	1.6223e-06	1.7237e-02	9.4432e-01	3.8442e-02	4.8726e-06	2.9181e-02	9.7081e-01	1.1755e-36	1.1755e-36	1.1755e-36	9.6072e-31	0.00e+00	0.00e+00	4.7250e-01
9.17631e+18	6.1057e+03	2.655e-21	2.7826e+01	3.0242e+01	1.3646e-16	3.1399e-04	9.9969e-01	9.9267e-04	9.9901e-01	3.3193e-08	6.5352e-23	1.6450e-06	1.7495e-02	9.4572e-01	3.6787e-02	5.0429e-06	2.9770e-02	9.7022e-01	1.1755e-36	1.1755e-36	1.1755e-36	7.1854e-31	0.00e+00	0.00e+00	5.2070e-01
1.00939e+19	6.0903e+03	2.643e-21	2.7826e+01	3.0241e+01	1.3624e-16	3.1784e-04	9.9968e-01	1.0046e-03	9.9900e-01	1.4963e-08	6.5343e-23	1.6798e-06	1.7729e-02	9.4645e-01	3.5824e-02	5.2049e-06	3.0166e-02	9.6983e-01	1.1755e-36	1.1755e-36	1.1755e-36	6.8854e-31	0.00e+00	0.00e+00	5.7437e-01
1.11033e+19	6.0792e+03	2.632e-21	2.7826e+01	3.0241e+01	1.3566e-16	3.2257e-04	9.9968e-01	1.0182e-03	9.9898e-01	6.6676e-09	6.5441e-23	1.7205e-06	1.7992e-02	9.4720e-01	3.4811e-02	5.3938e-06	3.0604e-02	9.6939e-01	1.1755e-36	1.1755e-36	1.1755e-36	6.5858e-31	0.00e+00	0.00e+00	6.3429e-01
1.22137e+19	6.0733e+03	2.621e-21	2.7826e+01	3.0241e+01	1.3582e-16	3.2831e-04	9.9967e-01	1.0336e-03	9.9897e-01	2.9175e-09	6.6288e-23	1.7680e-06	1.8288e-02	9.4796e-01	3.3747e-02	5.6133e-06	3.1084e-02	9.6891e-01	1.1755e-36	1.1755e-36	1.1755e-36	6.4137e-31	0.00e+00	0.00e+00	7.0137e-01
1.34350e+19	6.0737e+03	2.612e-21	2.7826e+01	3.0241e+01	1.3609e-16	3.3528e-04	9.9966e-01	1.0512e-03	9.9895e-01	1.2529e-09	6.7661e-23	1.8238e-06	1.8623e-02	9.4874e-01	3.2631e-02	5.8709e-06	3.1615e-02	9.6838e-01	1.1755e-36	1.1755e-36	1.1755e-36	6.3041e-31	0.00e+00	0.00e+00	7.7672e-01
1.47785e+19	6.0835e+03	2.604e-21	2.7826e+01	3.0240e+01	1.3366e-16	3.4367e-04	9.9966e-01	1.0713e-03	9.9893e-01	5.2794e-10	6.8331e-23	1.8899e-06	1.9002e-02	9.4953e-01	3.1470e-02	6.1739e-06	3.2199e-02	9.6779e-01	1.1755e-36	1.1755e-36	1.1755e-36	6.0188e-31	0.00e+00	0.00e+00	8.6169e-01
1.62564e+19	6.0987e+03	2.599e-21	2.7826e+01	3.0240e+01	1.3518e-16	3.5407e-04	9.9965e-01	1.0949e-03	9.9891e-01	2.1808e-10	7.1654e-23	1.9695e-06	1.9443e-02	9.5031e-01	3.0242e-02	6.5413e-06	3.2866e-02	9.6713e-01	1.1755e-36	1.1755e-36	1.1755e-36	6.1425e-31	0.00e+00	0.00e+00	9.5797e-01
1.78820e+19	6.1262e+03	2.596e-21	2.7826e+01	3.0240e+01	1.3731e-16	3.6675e-04	9.9963e-01	1.1222e-03	9.9888e-01	8.8377e-11	7.6508e-23	2.0639e-06	1.9950e-02	9.5108e-01	2.8966e-02	6.9847e-06	3.3609e-02	9.6638e-01	1.1755e-36	1.1755e-36	1.1755e-36	6.4396e-31	0.00e+00	0.00e+00	1.0677e+00
1.96702e+19	6.1664e+03	2.596e-21	2.7826e+01	3.0239e+01	1.3866e-16	3.8242e-04	9.9962e-01	1.1546e-03	9.9885e-01	3.5167e-11	8.2423e-23	2.1789e-06	2.0545e-02	9.5182e-01	2.7635e-02	7.5324e-06	3.4457e-02	9.6554e-01	1.1755e-36	1.1755e-36	1.1755e-36	6.7770e-31	0.00e+00	0.00e+00	1.1935e+00
2.16372e+19	6.2217e+03	2.600e-21	2.7826e+01	3.0238e+01	1.4130e-16	4.0198e-04	9.9960e-01	1.1937e-03	9.9881e-01	1.3787e-11	9.1286e-23	2.3209e-06	2.1253e-02	9.5250e-01	2.6248e-02	8.2223e-06	3.5438e-02	9.6455e-01	1.1755e-36	1.1755e-36	1.1755e-36	7.4144e-31	0.00e+00	0.00e+00	1.3390e+00
2.38010e+19	6.2942e+03	2.608e-21	2.7826e+01	3.0237e+01	1.4621e-16	4.2675e-04	9.9957e-01	1.2410e-03	9.9876e-01	5.3708e-12	1.0492e-22	2.4969e-06	2.2105e-02	9.5309e-01	2.4800e-02	9.1127e-06	3.6592e-02	9.6340e-01	1.1755e-36	1.1755e-36	1.1755e-36	8.5568e-31	0.00e+00	0.00e+00	1.5089e+00
2.61811e+19	6.3868e+03	2.623e-21	2.7826e+01	3.0236e+01	1.5435e-16	4.5864e-04	9.9954e-01	1.2996e-03	9.9870e-01	2.1202e-12	1.2632e-22	2.7198e-06	2.3152e-02	9.5356e-01	2.3288e-02	1.0297e-05	3.7976e-02	9.6201e-01	1.1755e-36	1.1755e-36	1.1755e-36	1.0545e-30	0.00e+00	0.00e+00	1.7098e+00
2.87992e+19	6.5033e+03	2.647e-21	2.7826e+01	3.0235e+01	1.6655e-16	5.0057e-04	9.9950e-01	1.3738e-03	9.9863e-01	8.8229e-13	1.6063e-22	3.0078e-06	2.4467e-02	9.5382e-01	2.1708e-02	1.1930e-05	3.9681e-02	9.6031e-01	1.1755e-36	1.1755e-36	1.1755e-36	1.3971e-30	0.00e+00	0.00e+00	1.9510e+00
3.16791e+19	6.6558e+03	2.679e-21	2.7826e+01	3.0233e+01	1.8510e-16	5.5673e-04	9.9944e-01	1.4694e-03	9.9853e-01	4.1162e-13	2.2018e-22	3.3864e-06	2.6145e-02	9.5378e-01	2.0068e-02	1.4271e-05	4.1816e-02	9.5817e-01	1.1755e-36	1.1755e-36	1.1755e-36	2.0542e-30	0.00e+00	0.00e+00	2.2460e+00
3.48470e+19	6.8237e+03	2.730e-21	2.7826e+01	3.0231e+01	2.1767e-16	6.3672e-04	9.9936e-01	1.6001e-03	9.9840e-01	2.2671e-13	3.3281e-22	3.9129e-06	2.8433e-02	9.5327e-01	1.8294e-02	1.7924e-05	4.4735e-02	9.5525e-01	1.1755e-36	1.1755e-36	1.1755e-36	3.3935e-30	0.00e+00	0.00e+00	2.6172e+00
3.83317e+19	7.0390e+03	2.798e-21	2.7826e+01	3.0227e+01	2.7087e-16	7.5375e-04	9.9925e-01	1.7832e-03	9.9822e-01	1.4738e-13	5.7296e-22	4.6579e-06	3.1601e-02	9.5197e-01	1.6422e-02	2.3969e-05	4.8739e-02	9.5124e-01	1.1755e-36	1.1755e-36	1.1755e-36	6.5974e-30	0.00e+00	0.00e+00	3.1005e+00
4.16087e+19	7.2783e+03	2.883e-21	2.7826e+01	3.0222e+01	3.4174e-16	9.0881e-04	9.9909e-01	2.0071e-03	9.9799e-01	1.0949e-13	1.0306e-21	5.5806e-06	3.5430e-02	9.4979e-01	1.4774e-02	3.3174e-05	5.3640e-02	9.4633e-01	1.1755e-36	1.1755e-36	1.1755e-36	1.3331e-29	0.00e+00	0.00e+00	3.5640e+00
4.40853e+19	7.4812e+03	2.964e-21	2.7826e+01	3.0217e+01	4.2818e-16	1.0748e-03	9.9893e-01	2.2339e-03	9.9777e-01	9.2132e-14	1.7709e-21	6.5168e-06	3.9273e-02	9.4720e-01	1.3520e-02	4.4657e-05	5.8679e-02	9.4128e-01	1.1755e-36	1.1755e-36	1.1755e-36	2.5394e-29	0.00e+00	0.00e+00	3.9510e+00
4.56626e+19	7.6239e+03	3.024e-21	2.7826e+01	3.0212e+01	5.0700e-16	1.2138e-03	9.9879e-01	2.4146e-03	9.9759e-01	8.3337e-14	2.6312e-21	7.2559e-06	4.2303e-02	9.4496e-01	1.2726e-02	5.5555e-05	6.2771e-02	9.3717e-01	1.1755e-36	1.1755e-36	1.1755e-36	4.0595e-29	0.00e+00	0.00e+00	4.1865e+00
4.66316e+19	7.7105e+03	3.062e-21	2.7826e+01	3.0209e+01	5.7381e-16	1.3159e-03	9.9868e-01	2.5476e-03	9.9745e-01	7.9718e-14	3.4684e-21	7.7962e-06	4.4515e-02	9.4328e-01	1.2197e-02	6.4419e-05	6.5806e-02	9.3413e-01	1.1755e-36	1.1755e-36	1.1755e-36	5.6321e-29	0.00e+00	0.00e+00	4.3791e+00
4.75901e+19	7.7924e+03	3.098e-21	2.7826e+01	3.0206e+01	6.5947e-16	1.4319e-03	9.9857e-01	2.6995e-03	9.9730e-01	7.5997e-14	4.6914e-21	8.4121e-06	4.7046e-02	9.4133e-01	1.1617e-02	7.5475e-05	6.9338e-02	9.3059e-01	1.1755e-36	1.1755e-36	1.1755e-36	8.0397e-29	0.00e+00	0.00e+00	4.6516e+00
4.88360e+19	7.8928e+03	3.150e-21	2.7826e+01	3.0200e+01	8.0770e-16	1.6118e-03	9.9839e-01	2.9342e-03	9.9707e-01	7.0367e-14	7.1819e-21	9.3514e-06	5.0911e-02	9.3824e-01	1.0837e-02	9.4434e-05	7.4798e-02	9.2511e-01	1.1755e-36	1.1755e-36	1.1755e-36	1.3200e-28	0.00e+00	0.00e+00	5.0504e+00
5.00368e+19	8.0061e+03	3.207e-21	2.7826e+01	3.0193e+01	9.7978e-16	1.8278e-03	9.9817e-01	3.2018e-03	9.9680e-01	6.4160e-14	1.1027e-20	1.0395e-05	5.5225e-02	9.3465e-01	1.0118e-02	1.1995e-04	8.1205e-02	9.1867e-01	1.1755e-36	1.1755e-36	1.1755e-36	2.1445e-28	0.00e+00	0.00e+00	5.3692e+00
5.08532e+19	8.0889e+03	3.248e-21	2.7826e+01	3.0188e+01	1.1518e-15	2.0086e-03	9.9799e-01	3.4150e-03	9.9659e-01	6.1138e-14	1.5486e-20	1.1243e-05	5.8677e-02	9.3170e-01	9.6076e-03	1.4376e-04	8.6539e-02	9.1332e-01	1.1755e-36	1.1755e-36	1.1755e-36	3.1961e-28	0.00e+00	0.00e+00	5.5950e+00
5.14507e+19	8.1434e+03	3.280e-21	2.7826e+01	3.0182e+01	1.2948e-15	2.1638e-03	9.9784e-01	3.6059e-03	9.9639e-01	5.9287e-14	1.9982e-20	1.1959e-05	6.1669e-02	9.2912e-01	9.2003e-03	1.6609e-04	9.1159e-02	9.0868e-01	1.1755e-36	1.1755e-36	1.1755e-36	4.2243e-28	0.00e+00	0.00e+00	5.8060e+00
5.20891e+19	8.2022e+03	3.312e-21	2.7826e+01	3.0176e+01	1.5096e-15	2.3525e-03	9.9765e-01	3.8321e-03	9.9617e-01	5.7233e-14	2.7303e-20	1.2830e-05	6.5256e-02	9.2600e-01	8.7345e-03	1.9569e-04	9.6830e-02	9.0297e-01	1.1755e-36	1.1755e-36	1.1755e-36	6.0610e-28	0.00e+00	0.00e+00	6.1042e+00
5.27927e+19	8.2722e+03	3.350e-21	2.7826e+01	3.0171e+01	1.7999e-15	2.5946e-03	9.9741e-01	4.1094e-03	9.9589e-01	5.4231e-14	3.9190e-20	1.3898e-05	6.9642e-02	9.2212e-01	8.2241e-03	2.3738e-04	1.0409e-01	8.9567e-01	1.1755e-36	1.1755e-36	1.1755e-36	9.1917e-28	0.00e+00	0.00e+00	6.4166e+00
5.34047e+19	8.3288e+03	3.388e-21	2.7826e+01	3.0162e+01	2.1105e-15	2.8502e-03	9.9715e-01	4.3993e-03	9.9560e-01	5.1774e-14	5.4571e-20	1.4973e-05	7.4140e-02	9.1809e-01	7.7595e-03	2.8576e-04	1.1169e-01	8.8802e-01	1.1755e-36	1.1755e-36	1.1755e-36	1.3241e-27	0.00e+00	0.00e+00	6.6862e+00
5.38949e+19	8.3781e+03	3.418e-21	2.7826e+01	3.0155e+01	2.4471e-15	3.0887e-03	9.9691e-01	4.6624e-03	9.9534e-01	5.0073e-14	7.3476e-20	1.5955e-05	7.8182e-02	9.1443e-01	7.3726e-03	3.3529e-04	1.1883e-01	8.8084e-01	1.1755e-36	1.1755e-36	1.1755e-36	1.8622e-27	0.00e+00	0.00e+00	6.9260e+00
5.43276e+19	8.4238e+03	3.445e-21	2.7826e+01	3.0146e+01	2.7820e-15	3.3309e-03	9.9667e-01	4.9315e-03	9.9507e-01	4.8615e-14	9.6234e-20	1.6926e-05	8.2268e-02	9.1070e-01	7.0146e-03	3.8993e-04	1.2608e-01	8.7353e-01	1.1755e-36	1.1755e-36	1.1755e-36	2.5041e-27	0.00e+00	0.00e+00	7.1737e+00
5.48145e+19	8.4698e+03	3.476e-21	2.7826e+01	3.0139e+01	3.3127e-15	3.6453e-03	9.9635e-01	5.2740e-03	9.9473e-01	4.7030e-14	1.3561e-19	1.8183e-05	8.7447e-02	9.0595e-01	6.5850e-03	4.6748e-04	1.3558e-01	8.6396e-01	1.1755e-36	1.1755e-36	1.1755e-36	3.7102e-27	0.00e+00	0.00e+00	7.5262e+00
5.53166e+19	8.5288e+03	3.509e-21	2.7826e+01	3.0128e+01	3.9723e-15	4.0304e-03	9.9597e-01	5.6736e-03	9.9433e-01	4.4780e-14	1.9632e-19	1.9624e-05	9.3454e-02	9.0038e-01	6.1449e-03	5.7215e-04	1.4711e-01	8.5232e-01	1.1755e-36	1.1755e-36	1.1755e-36	5.6324e-27	0.00e+00	0.00e+00	7.8473e+00
5.57078e+19	8.5659e+03	3.541e-21	2.7826e+01	3.0114e+01	4.6156e-15	4.3961e-03	9.9560e-01	6.0503e-03	9.9395e-01	4.3260e-14	2.6628e-19	2.0917e-05	9.8951e-02	8.9525e-01	5.7799e-03	6.8100e-04	1.5795e-01	8.4137e-01	1.1755e-36	1.1755e-36	1.1755e-36	7.8290e-27	0.00e+00	0.00e+00	8.1013e+00
5.60141e+19	8.5993e+03	3.565e-21	2.7826e+01	3.0103e+01	5.2721e-15	4.7239e-03	9.9528e-01	6.3840e-03	9.9362e-01	4.2247e-14	3.4676e-19	2.2058e-05	1.0375e-01	8.9074e-01	5.4830e-03	7.8715e-04	1.6770e-01	8.3152e-01	1.1755e-36	1.1755e-36	1.1755e-36	1.0523e-26	0.00e+00	0.00e+00	8.3366e+00
5.63401e+19	8.6322e+03	3.589e-21	2.7826e+01	3.0091e+01	6.1411e-15	5.1210e-03	9.9488e-01	6.7878e-03	9.9321e-01	4.1207e-14	4.6814e-19	2.3434e-05	1.0955e-01	8.8528e-01	5.1482e-03	9.2665e-04	1.7955e-01	8.1952e-01	1.1755e-36	1.1755e-36	1.1755e-36	1.4712e-26	0.00e+00	0.00e+00	8.6682e+00
5.66938e+19	8.6729e+03	3.619e-21	2.7826e+01	3.0079e+01	7.3749e-15	5.6256e-03	9.9437e-01	7.2724e-03	9.9273e-01	3.9601e-14	6.6672e-19	2.5100e-05	1.1646e-01	8.7873e-01	4.7838e-03	1.1198e-03	1.9444e-01	8.0444e-01	1.1755e-36	1.1755e-36	1.1755e-36	2.2044e-26	0.00e+00	0.00e+00	9.0028e+00
5.69951e+19	8.7047e+03	3.648e-21	2.7826e+01	3.0065e+01	8.7040e-15	6.1444e-03	9.9386e-01	7.7560e-03	9.9224e-01	3.8314e-14	9.1842e-19	2.6704e-05	1.2324e-01	8.7227e-01	4.4598e-03	1.3361e-03	2.0950e-01	7.8917e-01	1.1755e-36	1.1755e-36	1.1755e-36	3.1522e-26	0.00e+00	0.00e+00	9.2878e+00
5.72392e+19	8.7315e+03	3.672e-21	2.7826e+01	3.0049e+01	1.0037e-14	6.6333e-03	9.9337e-01	8.2066e-03	9.9179e-01	3.7387e-14	1.2105e-18	2.8162e-05	1.2945e-01	8.6634e-01	4.1876e-03	1.5571e-03	2.2356e-01	7.7489e-01	1.1755e-36	1.1755e-36	1.1755e-36	4.2826e-26	0.00e+00	0.00e+00	9.5489e+00
5.74627e+19	8.7573e+03	3.694e-21	2.7826e+01	3.0034e+01	1.1548e-14	7.1437e-03	9.9286e-01	8.6728e-03	9.9133e-01	3.6529e-14	1.5856e-18	2.9648e-05	1.3577e-01	8.6027e-01	3.9307e-03	1.8053e-03	2.3810e-01	7.6009e-01	1.1755e-36	1.1755e-36	1.1755e-36	5.7898e-26	0.00e+00	0.00e+00	9.8286e+00
5.77191e+19	8.7866e+03	3.718e-21	2.7826e+01	3.0015e+01	1.3748e-14	7.8157e-03	9.9218e-01	9.2829e-03	9.9072e-01	3.5556e-14	2.2091e-18	3.1577e-05	1.4395e-01	8.5239e-01	3.6262e-03	2.1591e-03	2.5707e-01	7.4077e-01	1.1755e-36	1.1755e-36	1.1755e-36	8.4060e-26	0.00e+00	0.00e+00	1.0226e+01
5.79857e+19	8.8214e+03	3.748e-21	2.7826e+01	2.9992e+01	1.6738e-14	8.6637e-03	9.9134e-01	1.0005e-02	9.9000e-01	3.4138e-14	3.2034e-18	3.3809e-05	1.5347e-01	8.4319e-01	3.3068e-03	2.6437e-03	2.8019e-01	7.1717e-01	1.1755e-36	1.1755e-36	1.1755e-36	1.2785e-25	0.00e+00	0.00e+00	1.0597e+01
5.81974e+19	8.8442e+03	3.778e-21	2.7826e+01	2.9967e+01	1.9897e-14	9.4882e-03	9.9051e-01	1.0683e-02	9.8932e-01	3.3133e-14	4.4108e-18	3.5831e-05	1.6218e-01	8.3474e-01	3.0427e-03	3.1535e-03	3.0184e-01	6.9501e-01	1.1755e-36	1.1755e-36	1.1755e-36	1.8281e-25	0.00e+00	0.00e+00	1.0897e+01
5.83664e+19	8.8660e+03	3.800e-21	2.7826e+01	2.9942e+01	2.3014e-14	1.0249e-02	9.8975e-01	1.1304e-02	9.8870e-01	3.2430e-14	5.7818e-18	3.7628e-05	1.6998e-01	8.2716e-01	2.8275e-03	3.6591e-03	3.2134e-01	6.7501e-01	1.1755e-36	1.1755e-36	1.1755e-36	2.4739e-25	0.00e+00	0.00e+00	1.1181e+01
5.85478e+19	8.8850e+03	3.823e-21	2.7826e+01	2.9916e+01	2.7333e-14	1.1183e-02	9.8882e-01	1.2070e-02	9.8793e-01	3.1691e-14	7.8954e-18	3.9828e-05	1.7944e-01	8.1793e-01	2.5904e-03	4.3238e-03	3.4462e-01	6.5105e-01	1.1755e-36	1.1755e-36	1.1755e-36	3.5160e-25	0.00e+00	0.00e+00	1.1584e+01
5.87472e+19	8.9129e+03	3.852e-21	2.7826e+01	2.9883e+01	3.3533e-14	1.2419e-02	9.8758e-01	1.3020e-02	9.8698e-01	3.0540e-14	1.1409e-17	4.2500e-05	1.9098e-01	8.0664e-01	2.3301e-03	5.2659e-03	3.7382e-01	6.2091e-01	1.1755e-36	1.1755e-36	1.1755e-36	5.3487e-25	0.00e+00	0.00e+00	1.2007e+01
5.89213e+19	8.9335e+03	3.883e-21	2.7826e+01	2.9845e+01	4.0880e-14	1.3756e-02	9.8624e-01	1.4001e-02	9.8600e-01	2.9553e-14	1.6169e-17	4.5149e-05	2.0255e-01	7.9531e-01	2.0975e-03	6.3568e-03	4.0333e-01	5.9031e-01	1.1755e-36	1.1755e-36	1.1755e-36	7.9426e-25	0.00e+00	0.00e+00	1.2380e+01
5.90649e+19	8.9525e+03	3.910e-21	2.7826e+01	2.9804e+01	4.8755e-14	1.5075e-02	9.8493e-01	1.4946e-02	9.8505e-01	2.8807e-14	2.1996e-17	4.7602e-05	2.1338e-01	7.8467e-01	1.9032e-03	7.5021e-03	4.3067e-01	5.6182e-01	1.1755e-36	1.1755e-36	1.1755e-36	1.1259e-24	0.00e+00	0.00e+00	1.2732e+01
5.92177e+19	8.9647e+03	3.937e-21	2.7826e+01	2.9759e+01	6.0012e-14	1.6718e-02	9.8328e-01	1.6130e-02	9.8387e-01	2.8075e-14	3.1250e-17	5.0619e-05	2.2657e-01	7.7169e-01	1.6948e-03	9.0187e-03	4.6253e-01	5.2845e-01	1.1755e-36	1.1755e-36	1.1755e-36	1.6813e-24	0.00e+00	0.00e+00	1.3239e+01
5.93837e+19	8.9908e+03	3.970e-21	2.7826e+01	2.9686e+01	7.5742e-14	1.8945e-02	9.8106e-01	1.7624e-02	9.8238e-01	2.6911e-14	4.6598e-17	5.4139e-05	2.4264e-01	7.5583e-01	1.4720e-03	1.1196e-02	5.0138e-01	4.8743e-01	1.1755e-36	1.1755e-36	1.1755e-36	2.6342e-24	0.00e+00	0.00e+00	1.3769e+01
5.95267e+19	8.9973e+03	4.011e-21	2.7826e+01	2.9627e+01	9.8430e-14	2.1440e-02	9.7856e-01	1.9188e-02	9.8081e-01	2.5935e-14	7.0232e-17	5.7892e-05	2.5887e-01	7.3980e-01	1.2768e-03	1.3764e-02	5.3931e-01	4.4693e-01	1.1755e-36	1.1755e-36	1.1755e-36	4.2913e-24	0.00e+00	0.00e+00	1.4246e+01
5.96448e+19	9.0170e+03	4.040e-21	2.7826e+01	2.9538e+01	1.2053e-13	2.3967e-02	9.7603e-01	2.0729e-02	9.7927e-01	2.5171e-14	9.8063e-17	6.1130e-05	2.7416e-01	7.2466e-01	1.1188e-03	1.6496e-02	5.7325e-01	4.1026e-01	1.1755e-36	1.1755e-36	1.1755e-36	6.2350e-24	0.00e+00	0.00e+00	1.4707e+01
5.97542e+19	9.0217e+03	4.071e-21	2.7826e+01	2.9453e+01	1.5164e-13	2.6836e-02	9.7316e-01	2.2428e-02	9.7757e-01	2.4420e-14	1.3931e-16	6.4688e-05	2.9034e-01	7.0862e-01	9.7402e-04	1.9710e-02	6.0654e-01	3.7375e-01	1.1755e-36	1.1755e-36	1.1755e-36	9.4064e-24	0.00e+00	0.00e+00	1.5223e+01
5.98800e+19	9.0219e+03	4.106e-21	2.7826e+01	2.9341e+01	2.0230e-13	3.0900e-02	9.6910e-01	2.4772e-02	9.7523e-01	2.3552e-14	2.1418e-16	6.9370e-05	3.1176e-01	6.8736e-01	8.1336e-04	2.4431e-02	6.4614e-01	3.2943e-01	1.1755e-36	1.1755e-36	1.1755e-36	1.5579e-23	0.00e+00	0.00e+00	1.5994e+01
6.00094e+19	9.0275e+03	4.161e-21	2.7826e+01	2.9214e+01	2.8670e-13	3.6693e-02	9.6331e-01	2.7744e-02	9.7226e-01	2.2283e-14	3.5464e-16	7.4942e-05	3.3741e-01	6.6186e-01	6.5300e-04	3.1339e-02	6.8932e-01	2.7934e-01	1.1755e-36	1.1755e-36	1.1755e-36	2.8493e-23	0.00e+00	0.00e+00	1.6747e+01
6.01091e+19	9.0356e+03	4.200e-21	2.7826e+01	2.9009e+01	3.8446e-13	4.2758e-02	9.5724e-01	3.0625e-02	9.6938e-01	2.1342e-14	5.3735e-16	7.9543e-05	3.6040e-01	6.3898e-01	5.3497e-04	3.8739e-02	7.2294e-01	2.3832e-01	1.1755e-36	1.1755e-36	1.1755e-36	4.6418e-23	0.00e+00	0.00e+00	1.7368e+01
6.01854e+19	9.0337e+03	4.231e-21	2.7826e+01	2.8827e+01	5.0118e-13	4.8698e-02	9.5130e-01	3.3334e-02	9.6667e-01	2.0664e-14	7.6898e-16	8.3650e-05	3.8081e-01	6.1866e-01	4.4898e-04	4.6081e-02	7.4748e-01	2.0644e-01	1.1755e-36	1.1755e-36	1.1755e-36	7.1630e-23	0.00e+00	0.00e+00	1.7966e+01
6.02659e+19	9.0223e+03	4.257e-21	2.7826e+01	2.8611e+01	6.7859e-13	5.6389e-02	9.4361e-01	3.6797e-02	9.6320e-01	1.9949e-14	1.1457e-15	8.8553e-05	4.0539e-01	5.9415e-01	3.6501e-04	5.5674e-02	7.7057e-01	1.7376e-01	1.1755e-36	1.1755e-36	1.1755e-36	1.1611e-22	0.00e+00	0.00e+00	1.8867e+01
6.03550e+19	9.0097e+03	4.303e-21	2.7826e+01	2.8362e+01	1.0194e-12	6.8149e-02	9.3185e-01	4.1524e-02	9.5848e-01	1.8845e-14	1.9218e-15	9.4804e-05	4.3668e-01	5.6294e-01	2.7887e-04	7.0334e-02	7.9207e-01	1.3760e-01	1.1755e-36	1.1755e-36	1.1755e-36	2.2321e-22	0.00e+00	0.00e+00	1.9913e+01
6.04238e+19	9.0221e+03	4.319e-21	2.7826e+01	2.7906e+01	1.4127e-12	8.0761e-02	9.1924e-01	4.5942e-02	9.5406e-01	1.7818e-14	2.8953e-15	9.8992e-05	4.6302e-01	5.3666e-01	2.1916e-04	8.6028e-02	8.0378e-01	1.1019e-01	1.1755e-36	1.1755e-36	1.1755e-36	3.6853e-22	0.00e+00	0.00e+00	2.0625e+01
6.04658e+19	9.0200e+03	4.334e-21	2.7826e+01	2.7659e+01	1.8131e-12	9.0742e-02	9.0926e-01	4.9336e-02	9.5066e-01	1.7353e-14	3.9193e-15	1.0229e-04	4.8213e-01	5.1758e-01	1.8471e-04	9.8380e-02	8.0759e-01	9.4032e-02	1.1755e-36	1.1755e-36	1.1755e-36	5.4534e-22	0.00e+00	0.00e+00	2.1166e+01
6.04997e+19	9.0169e+03	4.330e-21	2.7826e+01	2.7393e+01	2.2035e-12	9.9800e-02	9.0020e-01	5.2423e-02	9.4758e-01	1.6946e-14	4.9517e-15	1.0482e-04	4.9843e-01	5.0130e-01	1.5975e-04	1.0956e-01	8.0833e-01	8.2109e-02	1.1755e-36	1.1755e-36	1.1755e-36	7.3137e-22	0.00e+00	0.00e+00	2.1758e+01
6.05385e+19	9.0052e+03	4.322e-21	2.7826e+01	2.7085e+01	2.8035e-12	1.1192e-01	8.8808e-01	5.6535e-02	9.4347e-01	1.6410e-14	6.5733e-15	1.0803e-04	5.1889e-01	4.8087e-01	1.3337e-04	1.2443e-01	8.0620e-01	6.9366e-02	1.1755e-36	1.1755e-36	1.1755e-36	1.0467e-21	0.00e+00	0.00e+00	2.2621e+01
6.05813e+19	9.0073e+03	4.286e-21	2.7826e+01	2.6530e+01	3.6630e-12	1.2784e-01	8.7216e-01	6.1454e-02	9.3855e-01	1.5613e-14	8.9507e-15	1.1048e-04	5.4135e-01	4.5843e-01	1.0810e-04	1.4381e-01	7.9966e-01	5.6532e-02	1.1755e-36	1.1755e-36	1.1755e-36	1.5421e-21	0.00e+00	0.00e+00	2.3556e+01
6.06192e+19	8.9943e+03	4.263e-21	2.7826e+01	2.6075e+01	4.8269e-12	1.4614e-01	8.5386e-01	6.6801e-02	9.3320e-01	1.4939e-14	1.2228e-14	1.1325e-04	5.6431e-01	4.3549e-01	8.7238e-05	1.6580e-01	7.8840e-01	4.5800e-02	1.1755e-36	1.1755e-36	1.1755e-36	2.2957e-21	0.00e+00	0.00e+00	2.4435e+01
6.06501e+19	8.9991e+03	4.212e-21	2.7826e+01	2.5537e+01	6.0791e-12	1.6334e-01	8.3666e-01	7.1617e-02	9.2838e-01	1.4375e-14	1.5840e-14	1.1472e-04	5.8332e-01	4.1649e-01	7.2596e-05	1.8630e-01	7.7567e-01	3.8033e-02	1.1755e-36	1.1755e-36	1.1755e-36	3.2101e-21	0.00e+00	0.00e+00	2.5225e+01
6.06771e+19	8.9895e+03	4.156e-21	2.7826e+01	2.5034e+01	7.5347e-12	1.8073e-01	8.1927e-01	7.6542e-02	9.2346e-01	1.3881e-14	2.0003e-14	1.1604e-04	6.0140e-01	3.9842e-01	6.1045e-05	2.0682e-01	7.6126e-01	3.1919e-02	1.1755e-36	1.1755e-36	1.1755e-36	4.3350e-21	0.00e+00	0.00e+00	2.6069e+01
6.07077e+19	8.9749e+03	4.068e-21	2.7826e+01	2.4390e+01	9.6796e-12	2.0278e-01	7.9722e-01	8.2905e-02	9.1710e-01	1.3303e-14	2.6130e-14	1.1723e-04	6.2290e-01	3.7693e-01	4.9637e-05	2.3256e-01	7.4156e-01	2.5875e-02	1.1755e-36	1.1755e-36	1.1755e-36	6.1259e-21	0.00e+00	0.00e+00	2.7299e+01
6.07396e+19	8.9607e+03	3.961e-21	2.7826e+01	2.3601e+01	1.2707e-11	2.3053e-01	7.6947e-01	9.0285e-02	9.0971e-01	1.2525e-14	3.4728e-14	1.1765e-04	6.4584e-01	3.5401e-01	3.9381e-05	2.6449e-01	7.1523e-01	2.0285e-02	1.1755e-36	1.1755e-36	1.1755e-36	8.8368e-21	0.00e+00	0.00e+00	2.8489e+01
6.07654e+19	8.9419e+03	3.857e-21	2.7826e+01	2.2922e+01	1.6005e-11	2.5686e-01	7.4314e-01	9.7361e-02	9.0264e-01	1.1938e-14	4.4019e-14	1.1789e-04	6.6584e-01	3.3401e-01	3.2148e-05	2.9434e-01	6.8932e-01	1.6341e-02	1.1755e-36	1.1755e-36	1.1755e-36	1.1980e-20	0.00e+00	0.00e+00	2.9491e+01
6.07862e+19	8.9250e+03	3.744e-21	2.7826e+01	2.2261e+01	1.9268e-11	2.7926e-01	7.2074e-01	1.0360e-01	8.9640e-01	1.1482e-14	5.2904e-14	1.1738e-04	6.8201e-01	3.1784e-01	2.7219e-05	3.1943e-01	6.6691e-01	1.3656e-02	1.1755e-36	1.1755e-36	1.1755e-36	1.5165e-20	0.00e+00	0.00e+00	3.0441e+01
6.08085e+19	8.8922e+03	3.603e-21	2.7826e+01	2.1511e+01	2.3532e-11	3.0464e-01	6.9536e-01	1.1123e-01	8.8877e-01	1.0995e-14	6.3952e-14	1.1659e-04	7.0008e-01	2.9978e-01	2.2604e-05	3.4754e-01	6.4126e-01	1.1200e-02	1.1755e-36	1.1755e-36	1.1755e-36	1.9255e-20	0.00e+00	0.00e+00	3.1789e+01
6.08334e+19	8.8571e+03	3.431e-21	2.7826e+01	2.0598e+01	2.9498e-11	3.3585e-01	6.6415e-01	1.2042e-01	8.7958e-01	1.0311e-14	7.8897e-14	1.1496e-04	7.1995e-01	2.7992e-01	1.8260e-05	3.8160e-01	6.0954e-01	8.8572e-03	1.1755e-36	1.1755e-36	1.1755e-36	2.5120e-20	0.00e+00	0.00e+00	3.3239e+01
6.08560e+19	8.8178e+03	3.256e-21	2.7826e+01	1.9714e+01	3.6285e-11	3.6657e-01	6.3343e-01	1.2985e-01	8.7015e-01	9.7007e-15	9.5007e-14	1.1301e-04	7.3834e-01	2.6153e-01	1.4918e-05	4.1461e-01	5.7832e-01	7.0686e-03	1.1755e-36	1.1755e-36	1.1755e-36	3.1702e-20	0.00e+00	0.00e+00	3.4572e+01
6.08756e+19	8.7677e+03	3.094e-21	2.7826e+01	1.8935e+01	4.3276e-11	3.9428e-01	6.0572e-01	1.3916e-01	8.6084e-01	9.2071e-15	1.1027e-13	1.1113e-04	7.5471e-01	2.4517e-01	1.2443e-05	4.4398e-01	5.5024e-01	5.7782e-03	1.1755e-36	1.1755e-36	1.1755e-36	3.7899e-20	0.00e+00	0.00e+00	3.5850e+01
6.08938e+19	8.7117e+03	2.934e-21	2.7826e+01	1.8209e+01	5.1049e-11	4.2080e-01	5.7920e-01	1.4889e-01	8.5111e-01	8.7411e-15	1.2618e-13	1.0925e-04	7.7015e-01	2.2973e-01	1.0454e-05	4.7173e-01	5.2351e-01	4.7655e-03	1.1755e-36	1.1755e-36	1.1755e-36	4.4510e-20	0.00e+00	0.00e+00	3.7177e+01
6.09118e+19	8.6520e+03	2.767e-21	2.7826e+01	1.7451e+01	6.0043e-11	4.4717e-01	5.5283e-01	1.5922e-01	8.4078e-01	8.2583e-15	1.4310e-13	1.0700e-04	7.8505e-01	2.1483e-01	8.7813e-06	4.9897e-01	4.9710e-01	3.9257e-03	1.1755e-36	1.1755e-36	1.1755e-36	5.1637e-20	0.00e+00	0.00e+00	3.8592e+01
6.09291e+19	8.5896e+03	2.603e-21	2.7826e+01	1.6704e+01	6.9918e-11	4.7289e-01	5.2711e-01	1.6993e-01	8.3007e-01	7.7819e-15	1.6003e-13	1.0447e-04	7.9907e-01	2.0082e-01	7.4060e-06	5.2523e-01	4.7153e-01	3.2438e-03	1.1755e-36	1.1755e-36	1.1755e-36	5.8634e-20	0.00e+00	0.00e+00	3.9970e+01
6.09448e+19	8.5266e+03	2.451e-21	2.7826e+01	1.6020e+01	8.0136e-11	4.9615e-01	5.0385e-01	1.8046e-01	8.1954e-01	7.3634e-15	1.7587e-13	1.0198e-04	8.1157e-01	1.8832e-01	6.3288e-06	5.4871e-01	4.4857e-01	2.7206e-03	1.1755e-36	1.1755e-36	1.1755e-36	6.5030e-20	0.00e+00	0.00e+00	4.1263e+01
6.09591e+19	8.4621e+03	2.311e-21	2.7826e+01	1.5400e+01	9.0695e-11	5.1724e-01	4.8276e-01	1.9090e-01	8.0910e-01	6.9917e-15	1.9066e-13	9.9612e-05	8.2288e-01	1.7701e-01	5.4647e-06	5.6978e-01	4.2791e-01	2.3115e-03	1.1755e-36	1.1755e-36	1.1755e-36	7.0816e-20	0.00e+00	0.00e+00	4.2527e+01
6.09730e+19	8.3942e+03	2.177e-21	2.7826e+01	1.4810e+01	1.0215e-10	5.3751e-01	4.6249e-01	2.0176e-01	7.9824e-01	6.6356e-15	2.0521e-13	9.7265e-05	8.3363e-01	1.6626e-01	4.7275e-06	5.8985e-01	4.0818e-01	1.9700e-03	1.1755e-36	1.1755e-36	1.1755e-36	7.6309e-20	0.00e+00	0.00e+00	4.3832e+01
6.09843e+19	8.3450e+03	2.070e-21	2.7826e+01	1.4312e+01	1.1206e-10	5.5347e-01	4.4653e-01	2.1045e-01	7.8955e-01	6.3097e-15	2.1686e-13	9.5047e-05	8.4169e-01	1.5821e-01	4.2186e-06	6.0551e-01	3.9276e-01	1.7312e-03	1.1755e-36	1.1755e-36	1.1755e-36	8.0632e-20	0.00e+00	0.00e+00	4.4692e+01
6.09923e+19	8.2954e+03	1.997e-21	2.7826e+01	1.3995e+01	1.1992e-10	5.6441e-01	4.3559e-01	2.1748e-01	7.8252e-01	6.1386e-15	2.2478e-13	9.3728e-05	8.4766e-01	1.5224e-01	3.8789e-06	6.1619e-01	3.8223e-01	1.5812e-03	1.1755e-36	1.1755e-36	1.1755e-36	8.3235e-20	0.00e+00	0.00e+00	4.5395e+01
6.09999e+19	8.2316e+03	1.928e-21	2.7826e+01	1.3704e+01	1.2958e-10	5.7540e-01	4.2460e-01	2.2506e-01	7.7494e-01	5.9588e-15	2.3396e-13	9.2672e-05	8.5369e-01	1.4622e-01	3.5589e-06	6.2688e-01	3.7167e-01	1.4448e-03	1.1755e-36	1.1755e-36	1.1755e-36	8.6644e-20	0.00e+00	0.00e+00	4.6221e+01
6.10087e+19	8.1864e+03	1.845e-21	2.7826e+01	1.3329e+01	1.3861e-10	5.8694e-01	4.1306e-01	2.3299e-01	7.6701e-01	5.7345e-15	2.4182e-13	9.0910e-05	8.5986e-01	1.4005e-01	3.2378e-06	6.3806e-01	3.6064e-01	1.3048e-03	1.1755e-36	1.1755e-36	1.1755e-36	8.8745e-20	0.00e+00	0.00e+00	4.7182e+01
6.10184e+19	8.1215e+03	1.758e-21	2.7826e+01	1.2928e+01	1.5100e-10	6.0055e-01	3.9945e-01	2.4243e-01	7.5757e-01	5.4871e-15	2.5189e-13	8.9060e-05	8.6668e-01	1.3323e-01	2.9064e-06	6.5112e-01	3.4772e-01	1.1610e-03	1.1755e-36	1.1755e-36	1.1755e-36	9.1776e-20	0.00e+00	0.00e+00	4.8242e+01
6.10280e+19	8.0535e+03	1.674e-21	2.7826e+01	1.2531e+01	1.6453e-10	6.1418e-01	3.8582e-01	2.5204e-01	7.4796e-01	5.2405e-15	2.6175e-13	8.7154e-05	8.7317e-01	1.2674e-01	2.6107e-06	6.6412e-01	3.3485e-01	1.0322e-03	1.1755e-36	1.1755e-36	1.1755e-36	9.4503e-20	0.00e+00	0.00e+00	4.9232e+01
6.10367e+19	7.9908e+03	1.599e-21	2.7826e+01	1.2183e+01	1.7770e-10	6.2628e-01	3.7372e-01	2.6117e-01	7.3883e-01	5.0342e-15	2.7057e-13	8.5504e-05	8.7894e-01	1.2097e-01	2.3655e-06	6.7561e-01	3.2346e-01	9.2723e-04	1.1755e-36	1.1755e-36	1.1755e-36	9.6787e-20	0.00e+00	0.00e+00	5.0139e+01
6.10449e+19	7.9350e+03	1.529e-21	2.7826e+01	1.1845e+01	1.9080e-10	6.3711e-01	3.6289e-01	2.6989e-01	7.3011e-01	4.8498e-15	2.7865e-13	8.3770e-05	8.8419e-01	1.1572e-01	2.1542e-06	6.8585e-01	3.1331e-01	8.3817e-04	1.1755e-36	1.1755e-36	1.1755e-36	9.8750e-20	0.00e+00	0.00e+00	5.1061e+01
6.10536e+19	7.8624e+03	1.457e-21	2.7826e+01	1.1498e+01	2.0683e-10	6.4881e-01	3.5119e-01	2.7971e-01	7.2029e-01	4.6533e-15	2.8694e-13	8.2002e-05	8.8970e-01	1.1021e-01	1.9463e-06	6.9684e-01	3.0241e-01	7.5203e-04	1.1755e-36	1.1755e-36	1.1755e-36	1.0037e-19	0.00e+00	0.00e+00	5.2093e+01
6.10626e+19	7.7861e+03	1.385e-21	2.7826e+01	1.1145e+01	2.2523e-10	6.6135e-01	3.3865e-01	2.9036e-01	7.0964e-01	4.4405e-15	2.9597e-13	8.0217e-05	8.9531e-01	1.0461e-01	1.7471e-06	7.0855e-01	2.9078e-01	6.6924e-04	1.1755e-36	1.1755e-36	1.1755e-36	1.0216e-19	0.00e+00	0.00e+00	5.3152e+01
6.10714e+19	7.7152e+03	1.316e-21	2.7826e+01	1.0792e+01	2.4404e-10	6.7287e-01	3.2713e-01	3.0050e-01	6.9950e-01	4.2457e-15	3.0394e-13	7.8296e-05	9.0037e-01	9.9549e-02	1.5763e-06	7.1927e-01	2.8013e-01	5.9836e-04	1.1755e-36	1.1755e-36	1.1755e-36	1.0332e-19	0.00e+00	0.00e+00	5.4149e+01
6.10798e+19	7.6496e+03	1.252e-21	2.7826e+01	1.0459e+01	2.6312e-10	6.8346e-01	3.1654e-01	3.1044e-01	6.8956e-01	4.0715e-15	3.1141e-13	7.6429e-05	9.0507e-01	9.4854e-02	1.4271e-06	7.2907e-01	2.7039e-01	5.3752e-04	1.1755e-36	1.1755e-36	1.1755e-36	1.0430e-19	0.00e+00	0.00e+00	5.5151e+01
6.10884e+19	7.5709e+03	1.189e-21	2.7826e+01	1.0127e+01	2.8589e-10	6.9440e-01	3.0560e-01	3.2123e-01	6.7877e-01	3.8962e-15	3.1891e-13	7.4577e-05	9.0981e-01	9.0110e-02	1.2855e-06	7.3915e-01	2.6037e-01	4.8077e-04	1.1755e-36	1.1755e-36	1.1755e-36	1.0497e-19	0.00e+00	0.00e+00	5.6225e+01
6.10972e+19	7.4902e+03	1.126e-21	2.7826e+01	9.7880e+00	3.1126e-10	7.0559e-01	2.9441e-01	3.3248e-01	6.6752e-01	3.7150e-15	3.2633e-13	7.2640e-05	9.1448e-01	8.5447e-02	1.1540e-06	7.4938e-01	2.5019e-01	4.2804e-04	1.1755e-36	1.1755e-36	1.1755e-36	1.0536e-19	0.00e+00	0.00e+00	5.7323e+01
6.11059e+19	7.4058e+03	1.066e-21	2.7826e+01	9.4586e+00	3.3937e-10	7.1642e-01	2.8358e-01	3.4379e-01	6.5621e-01	3.5427e-15	3.3336e-13	7.0726e-05	9.1889e-01	8.1036e-02	1.0369e-06	7.5926e-01	2.4036e-01	3.8146e-04	1.1755e-36	1.1755e-36	1.1755e-36	1.0544e-19	0.00e+00	0.00e+00	5.8396e+01
6.11143e+19	7.3199e+03	1.010e-21	2.7826e+01	9.1457e+00	3.6987e-10	7.2665e-01	2.7335e-01	3.5509e-01	6.4491e-01	3.3830e-15	3.3986e-13	6.8883e-05	9.2303e-01	7.6904e-02	9.3374e-07	7.6855e-01	2.3111e-01	3.4101e-04	1.1755e-36	1.1755e-36	1.1755e-36	1.0522e-19	0.00e+00	0.00e+00	5.9456e+01
6.11226e+19	7.2238e+03	9.572e-22	2.7826e+01	8.8447e+00	4.0600e-10	7.3684e-01	2.6316e-01	3.6684e-01	6.3316e-01	3.2263e-15	3.4663e-13	6.7121e-05	9.2704e-01	7.2892e-02	8.3980e-07	7.7774e-01	2.2195e-01	3.0471e-04	1.1755e-36	1.1755e-36	1.1755e-36	1.0507e-19	0.00e+00	0.00e+00	6.0538e+01
6.11309e+19	7.1350e+03	9.058e-22	2.7826e+01	8.5403e+00	4.4287e-10	7.4639e-01	2.5361e-01	3.7835e-01	6.2165e-01	3.0785e-15	3.5208e-13	6.5250e-05	9.3079e-01	6.9148e-02	7.5600e-07	7.8635e-01	2.1337e-01	2.7246e-04	1.1755e-36	1.1755e-36	1.1755e-36	1.0409e-19	0.00e+00	0.00e+00	6.1621e+01
6.11393e+19	7.0311e+03	8.563e-22	2.7826e+01	8.2476e+00	4.8918e-10	7.5631e-01	2.4369e-01	3.9074e-01	6.0926e-01	2.9306e-15	3.5857e-13	6.3485e-05	9.3453e-01	6.5409e-02	6.7787e-07	7.9523e-01	2.0453e-01	2.4276e-04	1.1755e-36	1.1755e-36	1.1755e-36	1.0358e-19	0.00e+00	0.00e+00	6.2751e+01
6.11477e+19	6.9295e+03	8.088e-22	2.7826e+01	7.9535e+00	5.3913e-10	7.6580e-01	2.3420e-01	4.0291e-01	5.9709e-01	2.7878e-15	3.6409e-13	6.1649e-05	9.3802e-01	6.1917e-02	6.0844e-07	8.0370e-01	1.9608e-01	2.1638e-04	1.1755e-36	1.1755e-36	1.1755e-36	1.0246e-19	0.00e+00	0.00e+00	6.3856e+01
6.11558e+19	6.8258e+03	7.645e-22	2.7826e+01	7.6747e+00	5.9496e-10	7.7483e-01	2.2517e-01	4.1514e-01	5.8486e-01	2.6562e-15	3.6941e-13	5.9893e-05	9.4131e-01	5.8633e-02	5.4687e-07	8.1173e-01	1.8807e-01	1.9329e-04	1.1755e-36	1.1755e-36	1.1755e-36	1.0130e-19	0.00e+00	0.00e+00	6.4955e+01
6.11639e+19	6.7183e+03	7.222e-22	2.7826e+01	7.4024e+00	6.5868e-10	7.8360e-01	2.1640e-01	4.2755e-01	5.7245e-01	2.5297e-15	3.7454e-13	5.8158e-05	9.4444e-01	5.5498e-02	4.9129e-07	8.1951e-01	1.8032e-01	1.7266e-04	1.1755e-36	1.1755e-36	1.1755e-36	1.0002e-19	0.00e+00	0.00e+00	6.6073e+01
6.11721e+19	6.6004e+03	6.815e-22	2.7826e+01	7.1284e+00	7.3437e-10	7.9225e-01	2.0775e-01	4.4018e-01	5.5982e-01	2.4058e-15	3.7894e-13	5.6404e-05	9.4745e-01	5.2494e-02	4.4085e-07	8.2715e-01	1.7270e-01	1.5405e-04	1.1755e-36	1.1755e-36	1.1755e-36	9.8208e-20	0.00e+00	0.00e+00	6.7209e+01
6.11802e+19	6.4832e+03	6.426e-22	2.7826e+01	6.8628e+00	8.1989e-10	8.0072e-01	1.9928e-01	4.5293e-01	5.4707e-01	2.2873e-15	3.8370e-13	5.4668e-05	9.5031e-01	4.9633e-02	3.9538e-07	8.3459e-01	1.6527e-01	1.3733e-04	1.1755e-36	1.1755e-36	1.1755e-36	9.6680e-20	0.00e+00	0.00e+00	6.8346e+01
6.11882e+19	6.3625e+03	6.059e-22	2.7826e+01	6.6065e+00	9.1838e-10	8.0889e-01	1.9111e-01	4.6573e-01	5.3427e-01	2.1750e-15	3.8843e-13	5.2980e-05	9.5301e-01	4.6938e-02	3.5484e-07	8.4176e-01	1.5812e-01	1.2253e-04	1.1755e-36	1.1755e-36	1.1755e-36	9.5216e-20	0.00e+00	0.00e+00	6.9475e+01
6.11961e+19	6.2390e+03	5.715e-22	2.7826e+01	6.3586e+00	1.0316e-09	8.1671e-01	1.8329e-01	4.7848e-01	5.2152e-01	2.0692e-15	3.9317e-13	5.1327e-05	9.5554e-01	4.4410e-02	3.1880e-07	8.4859e-01	1.5130e-01	1.0947e-04	1.1755e-36	1.1755e-36	1.1755e-36	9.3859e-20	0.00e+00	0.00e+00	7.0599e+01
6.12039e+19	6.1185e+03	5.387e-22	2.7826e+01	6.1144e+00	1.1565e-09	8.2405e-01	1.7595e-01	4.9100e-01	5.0900e-01	1.9712e-15	3.9766e-13	4.9660e-05	9.5791e-01	4.2044e-02	2.8659e-07	8.5501e-01	1.4489e-01	9.7896e-05	1.1755e-36	1.1755e-36	1.1755e-36	9.2476e-20	0.00e+00	0.00e+00	7.1732e+01
6.12117e+19	5.9881e+03	5.075e-22	2.7826e+01	5.8802e+00	1.3086e-09	8.3153e-01	1.6847e-01	5.0400e-01	4.9600e-01	1.8741e-15	4.0308e-13	4.8078e-05	9.6019e-01	3.9762e-02	2.5737e-07	8.6147e-01	1.3844e-01	8.7410e-05	1.1755e-36	1.1755e-36	1.1755e-36	9.1661e-20	0.00e+00	0.00e+00	7.2876e+01
6.12195e+19	5.8523e+03	4.782e-22	2.7826e+01	5.6500e+00	1.4852e-09	8.3870e-01	1.6130e-01	5.1691e-01	4.8309e-01	1.7815e-15	4.0824e-13	4.6503e-05	9.6232e-01	3.7630e-02	2.3138e-07	8.6767e-01	1.3225e-01	7.8112e-05	1.1755e-36	1.1755e-36	1.1755e-36	9.0799e-20	0.00e+00	0.00e+00	7.4004e+01
6.12271e+19	5.7151e+03	4.508e-22	2.7826e+01	5.4299e+00	1.6867e-09	8.4552e-01	1.5448e-01	5.2969e-01	4.7031e-01	1.6950e-15	4.1378e-13	4.4987e-05	9.6431e-01	3.5642e-02	2.0834e-07	8.7356e-01	1.2637e-01	6.9926e-05	1.1755e-36	1.1755e-36	1.1755e-36	9.0322e-20	0.00e+00	0.00e+00	7.5121e+01
6.12346e+19	5.5751e+03	4.252e-22	2.7826e+01	5.2178e+00	1.9171e-09	8.5206e-01	1.4794e-01	5.4240e-01	4.5760e-01	1.6131e-15	4.1979e-13	4.3520e-05	9.6617e-01	3.3783e-02	1.8785e-07	8.7920e-01	1.2074e-01	6.2675e-05	1.1755e-36	1.1755e-36	1.1755e-36	9.0252e-20	0.00e+00	0.00e+00	7.6232e+01
6.12419e+19	5.4330e+03	4.011e-22	2.7826e+01	5.0134e+00	2.1775e-09	8.5835e-01	1.4165e-01	5.5499e-01	4.4501e-01	1.5354e-15	4.2636e-13	4.2099e-05	9.6791e-01	3.2047e-02	1.6960e-07	8.8461e-01	1.1534e-01	5.6234e-05	1.1755e-36	1.1755e-36	1.1755e-36	9.0633e-20	0.00e+00	0.00e+00	7.7333e+01
6.12491e+19	5.2837e+03	3.785e-22	2.7826e+01	4.8150e+00	2.4757e-09	8.6443e-01	1.3557e-01	5.6750e-01	4.3250e-01	1.4612e-15	4.3335e-13	4.0723e-05	9.6953e-01	3.0432e-02	1.5342e-07	8.8982e-01	1.1013e-01	5.0529e-05	1.1755e-36	1.1755e-36	1.1755e-36	9.1378e-20	0.00e+00	0.00e+00	7.8421e+01
6.12562e+19	5.1375e+03	3.576e-22	2.7826e+01	4.6263e+00	2.7936e-09	8.7017e-01	1.2983e-01	5.7969e-01	4.2031e-01	1.3922e-15	4.4109e-13	3.9406e-05	9.7102e-01	2.8943e-02	1.3913e-07	8.9473e-01	1.0522e-01	4.5501e-05	1.1755e-36	1.1755e-36	1.1755e-36	9.2654e-20	0.00e+00	0.00e+00	7.9484e+01
6.12631e+19	4.9892e+03	3.381e-22	2.7826e+01	4.4460e+00	3.1325e-09	8.7564e-01	1.2436e-01	5.9169e-01	4.0831e-01	1.3273e-15	4.4911e-13	3.8152e-05	9.7241e-01	2.7549e-02	1.2641e-07	8.9940e-01	1.0056e-01	4.1062e-05	1.1755e-36	1.1755e-36	1.1755e-36	9.4110e-20	0.00e+00	0.00e+00	8.0533e+01
6.12699e+19	4.8348e+03	3.198e-22	2.7826e+01	4.2704e+00	3.4783e-09	8.8094e-01	1.1906e-01	6.0359e-01	3.9641e-01	1.2650e-15	4.5286e-13	3.6947e-05	9.7393e-01	2.6036e-02	1.1755e-36	9.0392e-01	9.6047e-02	3.7096e-05	1.1755e-36	1.1755e-36	1.1755e-36	9.2571e-20	0.00e+00	0.00e+00	8.1574e+01
6.12764e+19	4.6832e+03	3.031e-22	2.7826e+01	4.1049e+00	3.8088e-09	8.8592e-01	1.1408e-01	6.1497e-01	3.8503e-01	1.2069e-15	4.5557e-13	3.5816e-05	9.7532e-01	2.4649e-02	1.1755e-36	9.0816e-01	9.1810e-02	3.3632e-05	1.1755e-36	1.1755e-36	1.1755e-36	9.0415e-20	0.00e+00	0.00e+00	8.2557e+01
6.12825e+19	4.5377e+03	2.882e-22	2.7826e+01	3.9544e+00	4.1022e-09	8.9041e-01	1.0959e-01	6.2567e-01	3.7433e-01	1.1541e-15	4.5694e-13	3.4799e-05	9.7656e-01	2.3403e-02	1.1755e-36	9.1198e-01	8.7991e-02	3.0697e-05	1.1755e-36	1.1755e-36	1.1755e-36	8.7606e-20	0.00e+00	0.00e+00	8.3473e+01
6.12881e+19	4.3985e+03	2.750e-22	2.7826e+01	3.8176e+00	4.3493e-09	8.9447e-01	1.0553e-01	6.3573e-01	3.6427e-01	1.1064e-15	4.5714e-13	3.3890e-05	9.7769e-01	2.2280e-02	1.1755e-36	9.1543e-01	8.4545e-02	2.8196e-05	1.1755e-36	1.1755e-36	1.1755e-36	8.4226e-20	0.00e+00	0.00e+00	8.4334e+01
6.12935e+19	4.2643e+03	2.630e-22	2.7826e+01	3.6911e+00	4.5465e-09	8.9819e-01	1.0181e-01	6.4527e-01	3.5473e-01	1.0624e-15	4.5630e-13	3.3064e-05	9.7871e-01	2.1257e-02	1.1755e-36	9.1860e-01	8.1378e-02	2.6021e-05	1.1755e-36	1.1755e-36	1.1755e-36	8.0340e-20	0.00e+00	0.00e+00	8.5153e+01
6.12985e+19	4.1345e+03	2.520e-22	2.7826e+01	3.5728e+00	4.6929e-09	9.0167e-01	9.8326e-02	6.5435e-01	3.4565e-01	1.0215e-15	4.5462e-13	3.2306e-05	9.7965e-01	2.0318e-02	1.1755e-36	9.2155e-01	7.8426e-02	2.4100e-05	1.1755e-36	1.1755e-36	1.1755e-36	7.6062e-20	0.00e+00	0.00e+00	8.5938e+01
6.13034e+19	4.0086e+03	2.419e-22	2.7826e+01	3.4615e+00	4.7904e-09	9.0494e-01	9.5062e-02	6.6302e-01	3.3698e-01	9.8335e-16	4.5229e-13	3.1608e-05	9.8052e-01	1.9452e-02	1.1755e-36	9.2432e-01	7.5659e-02	2.2389e-05	1.1755e-36	1.1755e-36	1.1755e-36	7.1531e-20	0.00e+00	0.00e+00	8.6690e+01
6.13080e+19	3.8867e+03	2.326e-22	2.7826e+01	3.3565e+00	4.8436e-09	9.0801e-01	9.1994e-02	6.7129e-01	3.2871e-01	9.4773e-16	4.4951e-13	3.0967e-05	9.8132e-01	1.8654e-02	1.1755e-36	9.2692e-01	7.3058e-02	2.0858e-05	1.1755e-36	1.1755e-36	1.1755e-36	6.6905e-20	0.00e+00	0.00e+00	8.7410e+01
###########################
2.39278e+14	6.7604e+03	3.269e-21	2.7826e+01	3.0659e+01	1.2486e-16	3.1919e-04	9.9968e-01	7.4685e-04	8.2875e-01	1.7050e-01	7.7853e-23	1.3818e-06	1.5303e-02	9.2136e-01	6.3146e-02	3.6034e-06	2.3480e-02	8.7756e-01	9.8950e-02	9.7919e-06	1.1755e-36	1.5808e-30	0.00e+00	0.00e+00	2.6831e-05
1.43567e+15	6.7585e+03	3.268e-21	2.7826e+01	3.0650e+01	1.2547e-16	3.1916e-04	9.9968e-01	7.4673e-04	8.2882e-01	1.7043e-01	7.8004e-23	1.3699e-06	1.5306e-02	9.2125e-01	6.3252e-02	3.5998e-06	2.3458e-02	8.7787e-01	9.8656e-02	9.7487e-06	1.1755e-36	1.5881e-30	0.00e+00	0.00e+00	1.3414e-04
6.22123e+15	6.7585e+03	3.264e-21	2.7826e+01	3.0647e+01	1.2662e-16	3.1911e-04	9.9968e-01	7.4719e-04	8.2960e-01	1.6965e-01	7.8574e-23	1.3786e-06	1.5315e-02	9.2134e-01	6.3158e-02	3.5962e-06	2.3434e-02	8.7914e-01	9.7409e-02	9.5662e-06	1.1755e-36	1.6120e-30	0.00e+00	0.00e+00	5.6333e-04
2.53635e+16	6.7625e+03	3.251e-21	2.7826e+01	3.0635e+01	1.2432e-16	3.1871e-04	9.9968e-01	7.5022e-04	8.3388e-01	1.6537e-01	7.7184e-23	1.3853e-06	1.5316e-02	9.2174e-01	6.2757e-02	3.5907e-06	2.3416e-02	8.8398e-01	9.2594e-02	8.8743e-06	1.1755e-36	1.5602e-30	0.00e+00	0.00e+00	2.2779e-03
6.05852e+16	6.7537e+03	3.229e-21	2.7826e+01	3.0630e+01	1.2436e-16	3.1776e-04	9.9968e-01	7.5132e-04	8.3607e-01	1.6317e-01	7.6136e-23	1.3848e-06	1.5305e-02	9.2205e-01	6.2477e-02	3.5614e-06	2.3275e-02	8.9088e-01	8.5832e-02	7.8979e-06	1.1755e-36	1.5346e-30	0.00e+00	0.00e+00	4.5002e-03
1.06373e+17	6.7475e+03	3.204e-21	2.7826e+01	3.0620e+01	1.2426e-16	3.1659e-04	9.9968e-01	7.5659e-04	8.4318e-01	1.5606e-01	7.5299e-23	1.3806e-06	1.5295e-02	9.2282e-01	6.1735e-02	3.5391e-06	2.3189e-02	8.9927e-01	7.7528e-02	6.7696e-06	1.1755e-36	1.5169e-30	0.00e+00	0.00e+00	7.3786e-03
1.65898e+17	6.7572e+03	3.169e-21	2.7826e+01	3.0585e+01	1.2131e-16	3.1456e-04	9.9969e-01	7.6439e-04	8.5517e-01	1.4407e-01	7.3324e-23	1.3823e-06	1.5257e-02	9.2395e-01	6.0654e-02	3.5070e-06	2.3086e-02	9.0928e-01	6.7621e-02	5.5234e-06	1.1755e-36	1.4670e-30	0.00e+00	0.00e+00	1.1096e-02
2.43280e+17	6.7489e+03	3.136e-21	2.7826e+01	3.0559e+01	1.1992e-16	3.1304e-04	9.9969e-01	7.7917e-04	8.7309e-01	1.2613e-01	7.1951e-23	1.3814e-06	1.5261e-02	9.2564e-01	5.8990e-02	3.5032e-06	2.3132e-02	9.2076e-01	5.6099e-02	4.1868e-06	1.1755e-36	1.4215e-30	0.00e+00	0.00e+00	1.5906e-02
3.43877e+17	6.7671e+03	3.088e-21	2.7826e+01	3.0493e+01	1.1606e-16	3.1012e-04	9.9969e-01	7.9548e-04	8.9607e-01	1.0314e-01	7.0239e-23	1.3822e-06	1.5215e-02	9.2754e-01	5.7148e-02	3.4924e-06	2.3208e-02	9.3323e-01	4.3554e-02	2.8934e-06	1.1755e-36	1.3812e-30	0.00e+00	0.00e+00	2.2101e-02
4.74653e+17	6.7569e+03	3.044e-21	2.7826e+01	3.0429e+01	1.1419e-16	3.0804e-04	9.9969e-01	8.1809e-04	9.2310e-01	7.6081e-02	6.9165e-23	1.3850e-06	1.5230e-02	9.2981e-01	5.4892e-02	3.5268e-06	2.3522e-02	9.4566e-01	3.0810e-02	1.7471e-06	1.1755e-36	1.3354e-30	0.00e+00	0.00e+00	3.0100e-02
6.44662e+17	6.7465e+03	2.997e-21	2.7826e+01	3.0364e+01	1.1314e-16	3.0587e-04	9.9969e-01	8.4130e-04	9.5018e-01	4.8981e-02	6.9105e-23	1.3881e-06	1.5256e-02	9.3200e-01	5.2701e-02	3.5865e-06	2.3993e-02	9.5673e-01	1.9277e-02	8.8487e-07	1.1755e-36	1.3192e-30	0.00e+00	0.00e+00	4.0425e-02
8.65673e+17	6.7240e+03	2.953e-21	2.7826e+01	3.0307e+01	1.1167e-16	3.0403e-04	9.9970e-01	8.6220e-04	9.7269e-01	2.6447e-02	6.8614e-23	1.3932e-06	1.5310e-02	9.3388e-01	5.0781e-02	3.6693e-06	2.4577e-02	9.6510e-01	1.0316e-02	3.5729e-07	1.1755e-36	1.2721e-30	0.00e+00	0.00e+00	5.3767e-02
1.15299e+18	6.6888e+03	2.915e-21	2.7826e+01	3.0271e+01	1.1236e-16	3.0267e-04	9.9970e-01	8.7847e-04	9.8756e-01	1.1566e-02	6.9005e-23	1.4008e-06	1.5393e-02	9.3534e-01	4.9252e-02	3.7609e-06	2.5165e-02	9.7025e-01	4.5783e-03	1.1755e-36	1.1755e-36	1.2492e-30	0.00e+00	0.00e+00	7.1034e-02
1.52650e+18	6.6431e+03	2.882e-21	2.7826e+01	3.0250e+01	1.1258e-16	3.0161e-04	9.9970e-01	8.8982e-04	9.9511e-01	4.0019e-03	6.8394e-23	1.4094e-06	1.5497e-02	9.3644e-01	4.8051e-02	3.8448e-06	2.5652e-02	9.7270e-01	1.6482e-03	1.1755e-36	1.1755e-36	1.1890e-30	0.00e+00	0.00e+00	9.3403e-02
2.01206e+18	6.5892e+03	2.852e-21	2.7826e+01	3.0242e+01	1.1333e-16	3.0089e-04	9.9970e-01	8.9859e-04	9.9801e-01	1.0874e-03	6.7516e-23	1.4202e-06	1.5627e-02	9.3740e-01	4.6971e-02	3.9240e-06	2.6049e-02	9.7347e-01	4.7768e-04	1.1755e-36	1.1755e-36	1.1210e-30	0.00e+00	0.00e+00	1.2241e-01
2.64329e+18	6.5290e+03	2.821e-21	2.7826e+01	3.0242e+01	1.1423e-16	3.0060e-04	9.9970e-01	9.0729e-04	9.9886e-01	2.3660e-04	6.6389e-23	1.4349e-06	1.5790e-02	9.3839e-01	4.5822e-02	4.0119e-06	2.6424e-02	9.7346e-01	1.1323e-04	1.1755e-36	1.1755e-36	1.0439e-30	0.00e+00	0.00e+00	1.6009e-01
3.46389e+18	6.4630e+03	2.789e-21	2.7826e+01	3.0242e+01	1.1617e-16	3.0093e-04	9.9970e-01	9.1778e-04	9.9904e-01	4.3520e-05	6.5712e-23	1.4558e-06	1.5998e-02	9.3952e-01	4.4486e-02	4.1239e-06	2.6850e-02	9.7312e-01	2.2872e-05	1.1755e-36	1.1755e-36	9.7727e-31	0.00e+00	0.00e+00	2.0912e-01
4.53066e+18	6.3926e+03	2.755e-21	2.7826e+01	3.0242e+01	1.1857e-16	3.0231e-04	9.9970e-01	9.3131e-04	9.9906e-01	7.1607e-06	6.5255e-23	1.4855e-06	1.6268e-02	9.4084e-01	4.2887e-02	4.2760e-06	2.7378e-02	9.7261e-01	4.1063e-06	1.1755e-36	1.1755e-36	9.0965e-31	0.00e+00	0.00e+00	2.7316e-01
5.91748e+18	6.3204e+03	2.718e-21	2.7826e+01	3.0242e+01	1.1950e-16	3.0538e-04	9.9969e-01	9.4927e-04	9.9905e-01	1.0676e-06	6.4160e-23	1.5286e-06	1.6625e-02	9.4240e-01	4.0975e-02	4.4878e-06	2.8048e-02	9.7195e-01	6.7036e-07	1.1755e-36	1.1755e-36	8.1573e-31	0.00e+00	0.00e+00	3.5725e-01
7.72033e+18	6.2491e+03	2.682e-21	2.7826e+01	3.0242e+01	1.2257e-16	3.1116e-04	9.9969e-01	9.7363e-04	9.9903e-01	1.4232e-07	6.4620e-23	1.5913e-06	1.7105e-02	9.4419e-01	3.8707e-02	4.7870e-06	2.8901e-02	9.7109e-01	1.1755e-36	1.1755e-36	1.1755e-36	7.5080e-31	0.00e+00	0.00e+00	4.6864e-01
9.17631e+18	6.1589e+03	2.639e-21	2.7826e+01	3.0242e+01	1.1698e-16	3.1132e-04	9.9969e-01	9.8527e-04	9.9901e-01	3.3418e-08	5.7771e-23	1.6160e-06	1.7369e-02	9.4560e-01	3.7027e-02	4.9601e-06	2.9513e-02	9.7048e-01	1.1755e-36	1.1755e-36	1.1755e-36	5.7812e-31	0.00e+00	0.00e+00	5.1643e-01
1.00939e+19	6.1416e+03	2.628e-21	2.7826e+01	3.0241e+01	1.1741e-16	3.1513e-04	9.9968e-01	9.9724e-04	9.9900e-01	1.5061e-08	5.8036e-23	1.6509e-06	1.7605e-02	9.4634e-01	3.6050e-02	5.1218e-06	2.9918e-02	9.7008e-01	1.1755e-36	1.1755e-36	1.1755e-36	5.5854e-31	0.00e+00	0.00e+00	5.6964e-01
1.11033e+19	6.1280e+03	2.617e-21	2.7826e+01	3.0241e+01	1.1765e-16	3.1985e-04	9.9968e-01	1.0109e-03	9.9899e-01	6.7090e-09	5.8434e-23	1.6920e-06	1.7871e-02	9.4711e-01	3.5021e-02	5.3106e-06	3.0367e-02	9.6963e-01	1.1755e-36	1.1755e-36	1.1755e-36	5.3916e-31	0.00e+00	0.00e+00	6.2905e-01
1.22137e+19	6.1191e+03	2.607e-21	2.7826e+01	3.0241e+01	1.1890e-16	3.2557e-04	9.9967e-01	1.0264e-03	9.9897e-01	2.9345e-09	5.9663e-23	1.7400e-06	1.8171e-02	9.4789e-01	3.3939e-02	5.5304e-06	3.0861e-02	9.6913e-01	1.1755e-36	1.1755e-36	1.1755e-36	5.3261e-31	0.00e+00	0.00e+00	6.9557e-01
1.34350e+19	6.1158e+03	2.599e-21	2.7826e+01	3.0241e+01	1.2029e-16	3.3252e-04	9.9967e-01	1.0442e-03	9.9896e-01	1.2596e-09	6.1367e-23	1.7962e-06	1.8511e-02	9.4868e-01	3.2803e-02	5.7879e-06	3.1405e-02	9.6859e-01	1.1755e-36	1.1755e-36	1.1755e-36	5.3067e-31	0.00e+00	0.00e+00	7.7030e-01
1.47785e+19	6.1193e+03	2.592e-21	2.7826e+01	3.0240e+01	1.2214e-16	3.4099e-04	9.9966e-01	1.0647e-03	9.9894e-01	5.3037e-10	6.3861e-23	1.8634e-06	1.8900e-02	9.4949e-01	3.1612e-02	6.0939e-06	3.2013e-02	9.6798e-01	1.1755e-36	1.1755e-36	1.1755e-36	5.3714e-31	0.00e+00	0.00e+00	8.5460e-01
1.62564e+19	6.1366e+03	2.586e-21	2.7826e+01	3.0240e+01	1.2290e-16	3.5109e-04	9.9965e-01	1.0877e-03	9.9891e-01	2.1914e-10	6.6740e-23	1.9416e-06	1.9335e-02	9.5027e-01	3.0389e-02	6.4528e-06	3.2672e-02	9.6732e-01	1.1755e-36	1.1755e-36	1.1755e-36	5.4488e-31	0.00e+00	0.00e+00	9.5008e-01
1.78820e+19	6.1528e+03	2.586e-21	2.7826e+01	3.0240e+01	1.2750e-16	3.6400e-04	9.9964e-01	1.1162e-03	9.9888e-01	8.8685e-11	7.2243e-23	2.0390e-06	1.9864e-02	9.5107e-01	2.9066e-02	6.9045e-06	3.3457e-02	9.6654e-01	1.1755e-36	1.1755e-36	1.1755e-36	5.8403e-31	0.00e+00	0.00e+00	1.0590e+00
1.96702e+19	6.1862e+03	2.587e-21	2.7826e+01	3.0239e+01	1.3142e-16	3.7971e-04	9.9962e-01	1.1489e-03	9.9885e-01	3.5261e-11	7.9086e-23	2.1546e-06	2.0470e-02	9.5182e-01	2.7707e-02	7.4538e-06	3.4329e-02	9.6566e-01	1.1755e-36	1.1755e-36	1.1755e-36	6.3325e-31	0.00e+00	0.00e+00	1.1839e+00
2.16372e+19	6.2336e+03	2.592e-21	2.7826e+01	3.0238e+01	1.3610e-16	3.9934e-04	9.9960e-01	1.1885e-03	9.9881e-01	1.3812e-11	8.8557e-23	2.2983e-06	2.1192e-02	9.5251e-01	2.6291e-02	8.1464e-06	3.5338e-02	9.6465e-01	1.1755e-36	1.1755e-36	1.1755e-36	7.0605e-31	0.00e+00	0.00e+00	1.3285e+00
2.38010e+19	6.2974e+03	2.603e-21	2.7826e+01	3.0237e+01	1.4507e-16	4.2418e-04	9.9958e-01	1.2365e-03	9.9876e-01	5.3758e-12	1.0426e-22	2.4764e-06	2.2060e-02	9.5312e-01	2.4815e-02	9.0399e-06	3.6522e-02	9.6347e-01	1.1755e-36	1.1755e-36	1.1755e-36	8.5344e-31	0.00e+00	0.00e+00	1.4974e+00
2.61811e+19	6.3806e+03	2.620e-21	2.7826e+01	3.0236e+01	1.5761e-16	4.5617e-04	9.9954e-01	1.2959e-03	9.9870e-01	2.1205e-12	1.2844e-22	2.7022e-06	2.3126e-02	9.5360e-01	2.3276e-02	1.0228e-05	3.7940e-02	9.6205e-01	1.1755e-36	1.1755e-36	1.1755e-36	1.0986e-30	0.00e+00	0.00e+00	1.6971e+00
2.87992e+19	6.4867e+03	2.646e-21	2.7826e+01	3.0235e+01	1.7393e-16	4.9825e-04	9.9950e-01	1.3710e-03	9.9863e-01	8.8186e-13	1.6596e-22	2.9945e-06	2.4463e-02	9.5387e-01	2.1669e-02	1.1867e-05	3.9682e-02	9.6031e-01	1.1755e-36	1.1755e-36	1.1755e-36	1.4982e-30	0.00e+00	0.00e+00	1.9372e+00
3.16791e+19	6.6216e+03	2.682e-21	2.7826e+01	3.0233e+01	1.9959e-16	5.5503e-04	9.9944e-01	1.4683e-03	9.9853e-01	4.1099e-13	2.3254e-22	3.3818e-06	2.6182e-02	9.5382e-01	1.9990e-02	1.4232e-05	4.1882e-02	9.5810e-01	1.1755e-36	1.1755e-36	1.1755e-36	2.2884e-30	0.00e+00	0.00e+00	2.2313e+00
3.48470e+19	6.7857e+03	2.734e-21	2.7826e+01	3.0230e+01	2.3894e-16	6.3488e-04	9.9937e-01	1.5999e-03	9.9840e-01	2.2635e-13	3.5735e-22	3.9143e-06	2.8483e-02	9.5330e-01	1.8213e-02	1.7874e-05	4.4799e-02	9.5518e-01	1.1755e-36	1.1755e-36	1.1755e-36	3.9105e-30	0.00e+00	0.00e+00	2.6014e+00
3.83317e+19	6.9894e+03	2.805e-21	2.7826e+01	3.0227e+01	3.0396e-16	7.5236e-04	9.9925e-01	1.7844e-03	9.9822e-01	1.4710e-13	6.2630e-22	4.6758e-06	3.1688e-02	9.5198e-01	1.6328e-02	2.3947e-05	4.8867e-02	9.5111e-01	1.1755e-36	1.1755e-36	1.1755e-36	7.8503e-30	0.00e+00	0.00e+00	3.0839e+00
4.15994e+19	7.2172e+03	2.894e-21	2.7826e+01	3.0222e+01	3.9511e-16	9.0779e-04	9.9909e-01	2.0094e-03	9.9799e-01	1.0923e-13	1.1557e-21	5.6199e-06	3.5547e-02	9.4977e-01	1.4677e-02	3.3161e-05	5.3795e-02	9.4617e-01	1.1755e-36	1.1755e-36	1.1755e-36	1.6688e-29	0.00e+00	0.00e+00	3.5439e+00
4.40590e+19	7.4111e+03	2.976e-21	2.7826e+01	3.0217e+01	5.0500e-16	1.0735e-03	9.9893e-01	2.2362e-03	9.9776e-01	9.1971e-14	2.0187e-21	6.5766e-06	3.9398e-02	9.4717e-01	1.3430e-02	4.4599e-05	5.8826e-02	9.4113e-01	1.1755e-36	1.1755e-36	1.1755e-36	3.2902e-29	0.00e+00	0.00e+00	3.9274e+00
4.56278e+19	7.5478e+03	3.038e-21	2.7826e+01	3.0212e+01	6.0334e-16	1.2123e-03	9.9879e-01	2.4169e-03	9.9758e-01	8.3201e-14	3.0202e-21	7.3357e-06	4.2435e-02	9.4492e-01	1.2640e-02	5.5453e-05	6.2909e-02	9.3704e-01	1.1755e-36	1.1755e-36	1.1755e-36	5.3366e-29	0.00e+00	0.00e+00	4.1624e+00
4.65978e+19	7.6322e+03	3.078e-21	2.7826e+01	3.0209e+01	6.8556e-16	1.3148e-03	9.9869e-01	2.5507e-03	9.9745e-01	7.9541e-14	3.9973e-21	7.8926e-06	4.4664e-02	9.4322e-01	1.2112e-02	6.4333e-05	6.5952e-02	9.3398e-01	1.1755e-36	1.1755e-36	1.1755e-36	7.4570e-29	0.00e+00	0.00e+00	4.3556e+00
4.75601e+19	7.7131e+03	3.114e-21	2.7826e+01	3.0206e+01	7.8853e-16	1.4317e-03	9.9857e-01	2.7037e-03	9.9730e-01	7.5787e-14	5.4149e-21	8.5228e-06	4.7219e-02	9.4124e-01	1.1533e-02	7.5440e-05	6.9498e-02	9.3043e-01	1.1755e-36	1.1755e-36	1.1755e-36	1.0659e-28	0.00e+00	0.00e+00	4.6292e+00
4.88111e+19	7.8125e+03	3.167e-21	2.7826e+01	3.0200e+01	9.7358e-16	1.6131e-03	9.9839e-01	2.9401e-03	9.9706e-01	7.0134e-14	8.3740e-21	9.4984e-06	5.1124e-02	9.3811e-01	1.0755e-02	9.4520e-05	7.4985e-02	9.2492e-01	1.1755e-36	1.1755e-36	1.1755e-36	1.7823e-28	0.00e+00	0.00e+00	5.0299e+00
5.00143e+19	7.9241e+03	3.226e-21	2.7826e+01	3.0193e+01	1.2003e-15	1.8310e-03	9.9817e-01	3.2098e-03	9.9679e-01	6.3909e-14	1.3087e-20	1.0583e-05	5.5477e-02	9.3447e-01	1.0038e-02	1.2020e-04	8.1415e-02	9.1846e-01	1.1755e-36	1.1755e-36	1.1755e-36	2.9977e-28	0.00e+00	0.00e+00	5.3490e+00
5.08290e+19	8.0055e+03	3.267e-21	2.7826e+01	3.0188e+01	1.4032e-15	2.0129e-03	9.9799e-01	3.4238e-03	9.9658e-01	6.0900e-14	1.8271e-20	1.1448e-05	5.8949e-02	9.3151e-01	9.5325e-03	1.4410e-04	8.6750e-02	9.1311e-01	1.1755e-36	1.1755e-36	1.1755e-36	4.4104e-28	0.00e+00	0.00e+00	5.5743e+00
5.14240e+19	8.0595e+03	3.300e-21	2.7826e+01	3.0182e+01	1.5986e-15	2.1685e-03	9.9783e-01	3.6150e-03	9.9638e-01	5.9066e-14	2.3915e-20	1.2199e-05	6.1950e-02	9.2891e-01	9.1297e-03	1.6647e-04	9.1359e-02	9.0847e-01	1.1755e-36	1.1755e-36	1.1755e-36	6.0057e-28	0.00e+00	0.00e+00	5.7849e+00
5.20598e+19	8.1180e+03	3.333e-21	2.7826e+01	3.0176e+01	1.8598e-15	2.3577e-03	9.9764e-01	3.8414e-03	9.9616e-01	5.7023e-14	3.2615e-20	1.3095e-05	6.5549e-02	9.2577e-01	8.6691e-03	1.9611e-04	9.7017e-02	9.0279e-01	1.1755e-36	1.1755e-36	1.1755e-36	8.5846e-28	0.00e+00	0.00e+00	6.0825e+00
5.27610e+19	8.1879e+03	3.371e-21	2.7826e+01	3.0171e+01	2.2080e-15	2.6007e-03	9.9740e-01	4.1189e-03	9.9588e-01	5.4039e-14	4.6621e-20	1.4185e-05	6.9950e-02	9.2187e-01	8.1643e-03	2.3787e-04	1.0426e-01	8.9551e-01	1.1755e-36	1.1755e-36	1.1755e-36	1.2908e-27	0.00e+00	0.00e+00	6.3948e+00
5.33717e+19	8.2438e+03	3.409e-21	2.7826e+01	3.0161e+01	2.6188e-15	2.8577e-03	9.9714e-01	4.4099e-03	9.9559e-01	5.1588e-14	6.5727e-20	1.5311e-05	7.4470e-02	9.1781e-01	7.7036e-03	2.8642e-04	1.1186e-01	8.8786e-01	1.1755e-36	1.1755e-36	1.1755e-36	1.9072e-27	0.00e+00	0.00e+00	6.6648e+00
5.38611e+19	8.2938e+03	3.440e-21	2.7826e+01	3.0155e+01	3.0235e-15	3.0973e-03	9.9690e-01	4.6734e-03	9.9533e-01	4.9894e-14	8.8160e-20	1.6315e-05	7.8529e-02	9.1413e-01	7.3206e-03	3.3611e-04	1.1898e-01	8.8069e-01	1.1755e-36	1.1755e-36	1.1755e-36	2.6605e-27	0.00e+00	0.00e+00	6.9047e+00
5.42926e+19	8.3396e+03	3.467e-21	2.7826e+01	3.0146e+01	3.4660e-15	3.3406e-03	9.9666e-01	4.9431e-03	9.9506e-01	4.8444e-14	1.1655e-19	1.7330e-05	8.2629e-02	9.1039e-01	6.9662e-03	3.9090e-04	1.2623e-01	8.7338e-01	1.1755e-36	1.1755e-36	1.1755e-36	3.6479e-27	0.00e+00	0.00e+00	7.1523e+00
5.47778e+19	8.3868e+03	3.498e-21	2.7826e+01	3.0138e+01	4.0988e-15	3.6561e-03	9.9634e-01	5.2855e-03	9.9471e-01	4.6871e-14	1.6317e-19	1.8613e-05	8.7823e-02	9.0562e-01	6.5413e-03	4.6859e-04	1.3569e-01	8.6384e-01	1.1755e-36	1.1755e-36	1.1755e-36	5.3329e-27	0.00e+00	0.00e+00	7.5046e+00
5.52780e+19	8.4468e+03	3.531e-21	2.7826e+01	3.0128e+01	4.9106e-15	4.0424e-03	9.9596e-01	5.6850e-03	9.9432e-01	4.4636e-14	2.3618e-19	2.0095e-05	9.3840e-02	9.0003e-01	6.1063e-03	5.7338e-04	1.4719e-01	8.5224e-01	1.1755e-36	1.1755e-36	1.1755e-36	8.0982e-27	0.00e+00	0.00e+00	7.8255e+00
5.56679e+19	8.4841e+03	3.563e-21	2.7826e+01	3.0114e+01	5.7783e-15	4.4094e-03	9.9559e-01	6.0619e-03	9.9394e-01	4.3125e-14	3.2471e-19	2.1448e-05	9.9347e-02	8.9489e-01	5.7449e-03	6.8239e-04	1.5799e-01	8.4133e-01	1.1755e-36	1.1755e-36	1.1755e-36	1.1581e-26	0.00e+00	0.00e+00	8.0793e+00
5.59730e+19	8.5184e+03	3.587e-21	2.7826e+01	3.0103e+01	6.6010e-15	4.7381e-03	9.9526e-01	6.3955e-03	9.9360e-01	4.2120e-14	4.2314e-19	2.2625e-05	1.0416e-01	8.9037e-01	5.4511e-03	7.8865e-04	1.6771e-01	8.3150e-01	1.1755e-36	1.1755e-36	1.1755e-36	1.5594e-26	0.00e+00	0.00e+00	8.3145e+00
5.62980e+19	8.5486e+03	3.613e-21	2.7826e+01	3.0093e+01	7.7095e-15	5.1374e-03	9.9486e-01	6.7964e-03	9.9320e-01	4.1084e-14	5.7210e-19	2.4047e-05	1.0994e-01	8.8492e-01	5.1181e-03	9.2851e-04	1.7954e-01	8.1953e-01	1.1755e-36	1.1755e-36	1.1755e-36	2.1875e-26	0.00e+00	0.00e+00	8.6461e+00
5.66508e+19	8.5927e+03	3.641e-21	2.7826e+01	3.0076e+01	9.1846e-15	5.6450e-03	9.9436e-01	7.2882e-03	9.9271e-01	3.9483e-14	8.0988e-19	2.5747e-05	1.1694e-01	8.7828e-01	4.7571e-03	1.1224e-03	1.9441e-01	8.0446e-01	1.1755e-36	1.1755e-36	1.1755e-36	3.2325e-26	0.00e+00	0.00e+00	8.9813e+00
5.69508e+19	8.6298e+03	3.669e-21	2.7826e+01	3.0063e+01	1.0821e-14	6.1616e-03	9.9384e-01	7.7668e-03	9.9223e-01	3.8215e-14	1.1155e-18	2.7391e-05	1.2365e-01	8.7188e-01	4.4387e-03	1.3378e-03	2.0936e-01	7.8930e-01	1.1755e-36	1.1755e-36	1.1755e-36	4.6365e-26	0.00e+00	0.00e+00	9.2649e+00
5.71933e+19	8.6578e+03	3.693e-21	2.7826e+01	3.0048e+01	1.2503e-14	6.6497e-03	9.9335e-01	8.2141e-03	9.9179e-01	3.7304e-14	1.4737e-18	2.8891e-05	1.2983e-01	8.6597e-01	4.1699e-03	1.5579e-03	2.2331e-01	7.7513e-01	1.1755e-36	1.1755e-36	1.1755e-36	6.3397e-26	0.00e+00	0.00e+00	9.5253e+00
5.74160e+19	8.6858e+03	3.714e-21	2.7826e+01	3.0033e+01	1.4384e-14	7.1598e-03	9.9284e-01	8.6778e-03	9.9132e-01	3.6456e-14	1.9318e-18	3.0418e-05	1.3614e-01	8.5991e-01	3.9157e-03	1.8055e-03	2.3779e-01	7.6041e-01	1.1755e-36	1.1755e-36	1.1755e-36	8.5926e-26	0.00e+00	0.00e+00	9.8050e+00
5.76718e+19	8.7187e+03	3.738e-21	2.7826e+01	3.0015e+01	1.7067e-14	7.8321e-03	9.9217e-01	9.2851e-03	9.9071e-01	3.5492e-14	2.6866e-18	3.2394e-05	1.4431e-01	8.5204e-01	3.6139e-03	2.1589e-03	2.5668e-01	7.4116e-01	1.1755e-36	1.1755e-36	1.1755e-36	1.2441e-25	0.00e+00	0.00e+00	1.0203e+01
5.79376e+19	8.7579e+03	3.767e-21	2.7826e+01	2.9992e+01	2.0711e-14	8.6784e-03	9.9132e-01	1.0002e-02	9.9000e-01	3.4089e-14	3.8891e-18	3.4674e-05	1.5379e-01	8.4287e-01	3.2979e-03	2.6417e-03	2.7967e-01	7.1769e-01	1.1755e-36	1.1755e-36	1.1755e-36	1.8889e-25	0.00e+00	0.00e+00	1.0572e+01
5.81485e+19	8.7825e+03	3.795e-21	2.7826e+01	2.9967e+01	2.4666e-14	9.5011e-03	9.9050e-01	1.0676e-02	9.8932e-01	3.3094e-14	5.3673e-18	3.6752e-05	1.6247e-01	8.3446e-01	3.0363e-03	3.1492e-03	3.0119e-01	6.9566e-01	1.1755e-36	1.1755e-36	1.1755e-36	2.7179e-25	0.00e+00	0.00e+00	1.0872e+01
5.83167e+19	8.8076e+03	3.817e-21	2.7826e+01	2.9942e+01	2.8552e-14	1.0259e-02	9.8974e-01	1.1291e-02	9.8871e-01	3.2402e-14	7.0495e-18	3.8594e-05	1.7022e-01	8.2692e-01	2.8234e-03	3.6516e-03	3.2055e-01	6.7580e-01	1.1755e-36	1.1755e-36	1.1755e-36	3.6994e-25	0.00e+00	0.00e+00	1.1155e+01
5.84976e+19	8.8296e+03	3.839e-21	2.7826e+01	2.9915e+01	3.3814e-14	1.1190e-02	9.8881e-01	1.2052e-02	9.8795e-01	3.1672e-14	9.6085e-18	4.0843e-05	1.7964e-01	8.1773e-01	2.5881e-03	4.3128e-03	3.4371e-01	6.5197e-01	1.1755e-36	1.1755e-36	1.1755e-36	5.2446e-25	0.00e+00	0.00e+00	1.1557e+01
5.86964e+19	8.8613e+03	3.867e-21	2.7826e+01	2.9883e+01	4.1304e-14	1.2420e-02	9.8758e-01	1.2994e-02	9.8701e-01	3.0532e-14	1.3840e-17	4.3566e-05	1.9112e-01	8.0651e-01	2.3299e-03	5.2487e-03	3.7273e-01	6.2202e-01	1.1755e-36	1.1755e-36	1.1755e-36	7.9401e-25	0.00e+00	0.00e+00	1.1978e+01
5.88700e+19	8.8853e+03	3.897e-21	2.7826e+01	2.9845e+01	5.0330e-14	1.3750e-02	9.8625e-01	1.3965e-02	9.8603e-01	2.9555e-14	1.9624e-17	4.6277e-05	2.0261e-01	7.9525e-01	2.0990e-03	6.3310e-03	4.0206e-01	5.9161e-01	1.1755e-36	1.1755e-36	1.1755e-36	1.1827e-24	0.00e+00	0.00e+00	1.2350e+01
5.90133e+19	8.9077e+03	3.923e-21	2.7826e+01	2.9805e+01	6.0034e-14	1.5060e-02	9.8494e-01	1.4901e-02	9.8510e-01	2.8818e-14	2.6730e-17	4.8792e-05	2.1335e-01	7.8469e-01	1.9060e-03	7.4668e-03	4.2923e-01	5.6330e-01	1.1755e-36	1.1755e-36	1.1755e-36	1.6839e-24	0.00e+00	0.00e+00	1.2701e+01
5.91658e+19	8.9235e+03	3.949e-21	2.7826e+01	2.9760e+01	7.3644e-14	1.6694e-02	9.8331e-01	1.6072e-02	9.8393e-01	2.8093e-14	3.7889e-17	5.1873e-05	2.2646e-01	7.7179e-01	1.6987e-03	8.9710e-03	4.6093e-01	5.3010e-01	1.1755e-36	1.1755e-36	1.1755e-36	2.5069e-24	0.00e+00	0.00e+00	1.3207e+01
5.93313e+19	8.9545e+03	3.980e-21	2.7826e+01	2.9687e+01	9.3570e-14	1.8902e-02	9.8110e-01	1.7548e-02	9.8245e-01	2.6942e-14	5.6999e-17	5.5517e-05	2.4240e-01	7.5607e-01	1.4772e-03	1.1126e-02	4.9956e-01	4.8932e-01	1.1755e-36	1.1755e-36	1.1755e-36	4.0106e-24	0.00e+00	0.00e+00	1.3734e+01
5.94740e+19	8.9636e+03	4.021e-21	2.7826e+01	2.9629e+01	1.1992e-13	2.1375e-02	9.7862e-01	1.9092e-02	9.8091e-01	2.5973e-14	8.4705e-17	5.9295e-05	2.5847e-01	7.4018e-01	1.2828e-03	1.3665e-02	5.3727e-01	4.4906e-01	1.1755e-36	1.1755e-36	1.1755e-36	6.3596e-24	0.00e+00	0.00e+00	1.4209e+01
5.95921e+19	8.9875e+03	4.048e-21	2.7826e+01	2.9541e+01	1.4861e-13	2.3878e-02	9.7612e-01	2.0614e-02	9.7939e-01	2.5218e-14	1.1998e-16	6.2677e-05	2.7364e-01	7.2517e-01	1.1251e-03	1.6367e-02	5.7110e-01	4.1253e-01	1.1755e-36	1.1755e-36	1.1755e-36	9.5354e-24	0.00e+00	0.00e+00	1.4669e+01
5.97183e+19	8.9955e+03	4.077e-21	2.7826e+01	2.9430e+01	1.9201e-13	2.7115e-02	9.7288e-01	2.2614e-02	9.7739e-01	2.4415e-14	1.7825e-16	6.6882e-05	2.9234e-01	7.0664e-01	9.6019e-04	2.0009e-02	6.0892e-01	3.7108e-01	1.1755e-36	1.1755e-36	1.1755e-36	1.5113e-23	0.00e+00	0.00e+00	1.5349e+01
5.98525e+19	9.0014e+03	4.128e-21	2.7826e+01	2.9344e+01	2.6468e-13	3.1751e-02	9.6825e-01	2.5105e-02	9.7489e-01	2.3243e-14	2.8732e-16	7.2202e-05	3.1536e-01	6.8378e-01	7.8815e-04	2.5389e-02	6.5229e-01	3.2232e-01	1.1755e-36	1.1755e-36	1.1755e-36	2.6656e-23	0.00e+00	0.00e+00	1.6050e+01
5.99619e+19	9.0135e+03	4.172e-21	2.7826e+01	2.9211e+01	3.5680e-13	3.6857e-02	9.6314e-01	2.7639e-02	9.7236e-01	2.2305e-14	4.4352e-16	7.7059e-05	3.3739e-01	6.6188e-01	6.5185e-04	3.1492e-02	6.8945e-01	2.7906e-01	1.1755e-36	1.1755e-36	1.1755e-36	4.4850e-23	0.00e+00	0.00e+00	1.6654e+01
6.00473e+19	9.0197e+03	4.202e-21	2.7826e+01	2.9029e+01	4.6190e-13	4.1914e-02	9.5809e-01	3.0076e-02	9.6992e-01	2.1581e-14	6.3745e-16	8.1143e-05	3.5703e-01	6.4234e-01	5.5067e-04	3.7662e-02	7.1811e-01	2.4423e-01	1.1755e-36	1.1755e-36	1.1755e-36	6.9274e-23	0.00e+00	0.00e+00	1.7225e+01
6.01366e+19	9.0147e+03	4.227e-21	2.7826e+01	2.8823e+01	6.2085e-13	4.8392e-02	9.5161e-01	3.3216e-02	9.6678e-01	2.0828e-14	9.5293e-16	8.6069e-05	3.8058e-01	6.1888e-01	4.5168e-04	4.5688e-02	7.4611e-01	2.0820e-01	1.1755e-36	1.1755e-36	1.1755e-36	1.1237e-22	0.00e+00	0.00e+00	1.8082e+01
6.02343e+19	9.0088e+03	4.278e-21	2.7826e+01	2.8624e+01	9.0823e-13	5.8232e-02	9.4177e-01	3.7407e-02	9.6259e-01	1.9702e-14	1.5757e-15	9.2412e-05	4.1055e-01	5.8900e-01	3.4946e-04	5.7927e-02	7.7431e-01	1.6777e-01	1.1755e-36	1.1755e-36	1.1755e-36	2.0844e-22	0.00e+00	0.00e+00	1.9050e+01
6.03170e+19	9.0233e+03	4.299e-21	2.7826e+01	2.8222e+01	1.3024e-12	6.9659e-02	9.3034e-01	4.1802e-02	9.5820e-01	1.8669e-14	2.5077e-15	9.7560e-05	4.3890e-01	5.6073e-01	2.7156e-04	7.2195e-02	7.9376e-01	1.3405e-01	1.1755e-36	1.1755e-36	1.1755e-36	3.7142e-22	0.00e+00	0.00e+00	1.9915e+01
6.03744e+19	9.0139e+03	4.335e-21	2.7826e+01	2.7972e+01	1.7681e-12	8.0731e-02	9.1927e-01	4.5716e-02	9.5428e-01	1.7929e-14	3.6555e-15	1.0206e-04	4.6256e-01	5.3712e-01	2.2000e-04	8.5939e-02	8.0334e-01	1.1073e-01	1.1755e-36	1.1755e-36	1.1755e-36	5.9720e-22	0.00e+00	0.00e+00	2.0542e+01
6.04137e+19	9.0238e+03	4.331e-21	2.7826e+01	2.7658e+01	2.1759e-12	8.9497e-02	9.1050e-01	4.8733e-02	9.5127e-01	1.7468e-14	4.7224e-15	1.0466e-04	4.7939e-01	5.2032e-01	1.8890e-04	9.6823e-02	8.0716e-01	9.6021e-02	1.1755e-36	1.1755e-36	1.1755e-36	8.2451e-22	0.00e+00	0.00e+00	2.1085e+01
6.04534e+19	9.0099e+03	4.326e-21	2.7826e+01	2.7360e+01	2.7403e-12	9.9826e-02	9.0017e-01	5.2369e-02	9.4763e-01	1.6988e-14	6.2018e-15	1.0784e-04	4.9863e-01	5.0110e-01	1.5959e-04	1.0958e-01	8.0822e-01	8.2199e-02	1.1755e-36	1.1755e-36	1.1755e-36	1.1608e-21	0.00e+00	0.00e+00	2.1871e+01
6.05050e+19	8.9988e+03	4.306e-21	2.7826e+01	2.6894e+01	3.7577e-12	1.1607e-01	8.8393e-01	5.7786e-02	9.4221e-01	1.6205e-14	8.9765e-15	1.1184e-04	5.2526e-01	4.7450e-01	1.2578e-04	1.2949e-01	8.0480e-01	6.5709e-02	1.1755e-36	1.1755e-36	1.1755e-36	1.8542e-21	0.00e+00	0.00e+00	2.3060e+01
6.05546e+19	9.0054e+03	4.281e-21	2.7826e+01	2.6299e+01	5.2868e-12	1.3711e-01	8.6289e-01	6.3864e-02	9.3614e-01	1.5218e-14	1.3332e-14	1.1515e-04	5.5263e-01	4.4716e-01	9.6961e-05	1.5496e-01	7.9421e-01	5.0835e-02	1.1755e-36	1.1755e-36	1.1755e-36	3.0922e-21	0.00e+00	0.00e+00	2.4045e+01
6.05883e+19	9.0026e+03	4.249e-21	2.7826e+01	2.5808e+01	6.8396e-12	1.5520e-01	8.4480e-01	6.8906e-02	9.3109e-01	1.4636e-14	1.7818e-14	1.1731e-04	5.7342e-01	4.2639e-01	7.9457e-05	1.7659e-01	7.8178e-01	4.1631e-02	1.1755e-36	1.1755e-36	1.1755e-36	4.5042e-21	0.00e+00	0.00e+00	2.4767e+01
6.06131e+19	8.9980e+03	4.209e-21	2.7826e+01	2.5408e+01	8.3119e-12	1.7028e-01	8.2972e-01	7.3196e-02	9.2680e-01	1.4241e-14	2.2136e-14	1.1892e-04	5.8990e-01	4.0991e-01	6.7976e-05	1.9447e-01	7.6994e-01	3.5588e-02	1.1755e-36	1.1755e-36	1.1755e-36	5.9663e-21	0.00e+00	0.00e+00	2.5462e+01
6.06398e+19	8.9877e+03	4.140e-21	2.7826e+01	2.4874e+01	1.0246e-11	1.8784e-01	8.1216e-01	7.8306e-02	9.2169e-01	1.3767e-14	2.7742e-14	1.2010e-04	6.0812e-01	3.9171e-01	5.7157e-05	2.1512e-01	7.5499e-01	2.9887e-02	1.1755e-36	1.1755e-36	1.1755e-36	7.9661e-21	0.00e+00	0.00e+00	2.6459e+01
6.06746e+19	8.9678e+03	4.027e-21	2.7826e+01	2.4069e+01	1.3598e-11	2.1410e-01	7.8590e-01	8.5756e-02	9.1424e-01	1.3032e-14	3.7307e-14	1.2103e-04	6.3248e-01	3.6736e-01	4.5054e-05	2.4563e-01	7.3095e-01	2.3425e-02	1.1755e-36	1.1755e-36	1.1755e-36	1.1647e-20	0.00e+00	0.00e+00	2.7937e+01
6.07086e+19	8.9608e+03	3.899e-21	2.7826e+01	2.3152e+01	1.8278e-11	2.4601e-01	7.5399e-01	9.3995e-02	9.0601e-01	1.2144e-14	5.0778e-14	1.2103e-04	6.5697e-01	3.4288e-01	3.4985e-05	2.8208e-01	7.0006e-01	1.7863e-02	1.1755e-36	1.1755e-36	1.1755e-36	1.7410e-20	0.00e+00	0.00e+00	2.9178e+01
6.07328e+19	8.9339e+03	3.790e-21	2.7826e+01	2.2468e+01	2.2971e-11	2.7259e-01	7.2741e-01	1.0118e-01	8.9882e-01	1.1594e-14	6.3830e-14	1.2107e-04	6.7622e-01	3.2363e-01	2.8741e-05	3.1196e-01	6.7358e-01	1.4458e-02	1.1755e-36	1.1755e-36	1.1755e-36	2.3442e-20	0.00e+00	0.00e+00	3.0121e+01
6.07515e+19	8.9209e+03	3.673e-21	2.7826e+01	2.1821e+01	2.7013e-11	2.9323e-01	7.0677e-01	1.0707e-01	8.9293e-01	1.1193e-14	7.4762e-14	1.2026e-04	6.9076e-01	3.0910e-01	2.4718e-05	3.3492e-01	6.5281e-01	1.2271e-02	1.1755e-36	1.1755e-36	1.1755e-36	2.8661e-20	0.00e+00	0.00e+00	3.1036e+01
6.07719e+19	8.8961e+03	3.534e-21	2.7826e+01	2.1121e+01	3.2301e-11	3.1713e-01	6.8287e-01	1.1443e-01	8.8557e-01	1.0726e-14	8.8656e-14	1.1939e-04	7.0747e-01	2.9239e-01	2.0799e-05	3.6121e-01	6.2859e-01	1.0196e-02	1.1755e-36	1.1755e-36	1.1755e-36	3.5532e-20	0.00e+00	0.00e+00	3.2322e+01
6.07974e+19	8.8403e+03	3.351e-21	2.7826e+01	2.0190e+01	4.0913e-11	3.4989e-01	6.5011e-01	1.2465e-01	8.7535e-01	1.0063e-14	1.0953e-13	1.1781e-04	7.2855e-01	2.7132e-01	1.6616e-05	3.9675e-01	5.9526e-01	7.9897e-03	1.1755e-36	1.1755e-36	1.1755e-36	4.6305e-20	0.00e+00	0.00e+00	3.4035e+01
6.08225e+19	8.7924e+03	3.151e-21	2.7826e+01	1.9180e+01	5.1495e-11	3.8523e-01	6.1477e-01	1.3560e-01	8.6440e-01	9.3281e-15	1.3398e-13	1.1528e-04	7.4881e-01	2.5107e-01	1.3237e-05	4.3442e-01	5.5940e-01	6.1833e-03	1.1755e-36	1.1755e-36	1.1755e-36	5.9568e-20	0.00e+00	0.00e+00	3.5544e+01
6.08421e+19	8.7382e+03	2.981e-21	2.7826e+01	1.8374e+01	6.1687e-11	4.1382e-01	5.8618e-01	1.4545e-01	8.5455e-01	8.8178e-15	1.5549e-13	1.1308e-04	7.6508e-01	2.3480e-01	1.1013e-05	4.6443e-01	5.3054e-01	5.0275e-03	1.1755e-36	1.1755e-36	1.1755e-36	7.1432e-20	0.00e+00	0.00e+00	3.6775e+01
6.08583e+19	8.6916e+03	2.831e-21	2.7826e+01	1.7695e+01	7.1002e-11	4.3688e-01	5.6312e-01	1.5439e-01	8.4561e-01	8.4167e-15	1.7374e-13	1.1104e-04	7.7847e-01	2.2141e-01	9.4426e-06	4.8838e-01	5.0739e-01	4.2364e-03	1.1755e-36	1.1755e-36	1.1755e-36	8.1419e-20	0.00e+00	0.00e+00	3.7960e+01
6.08741e+19	8.6288e+03	2.683e-21	2.7826e+01	1.7040e+01	8.1862e-11	4.5992e-01	5.4008e-01	1.6407e-01	8.3593e-01	8.0148e-15	1.9296e-13	1.0901e-04	7.9168e-01	2.0820e-01	8.0858e-06	5.1202e-01	4.8441e-01	3.5714e-03	1.1755e-36	1.1755e-36	1.1755e-36	9.1901e-20	0.00e+00	0.00e+00	3.9261e+01
6.08905e+19	8.5620e+03	2.525e-21	2.7826e+01	1.6342e+01	9.4667e-11	4.8417e-01	5.1583e-01	1.7484e-01	8.2516e-01	7.5697e-15	2.1384e-13	1.0660e-04	8.0511e-01	1.9478e-01	6.8596e-06	5.3665e-01	4.6037e-01	2.9770e-03	1.1755e-36	1.1755e-36	1.1755e-36	1.0319e-19	0.00e+00	0.00e+00	4.0687e+01
6.09067e+19	8.4921e+03	2.369e-21	2.7826e+01	1.5641e+01	1.0911e-10	5.0836e-01	4.9164e-01	1.8617e-01	8.1383e-01	7.1233e-15	2.3519e-13	1.0395e-04	8.1796e-01	1.8193e-01	5.8183e-06	5.6094e-01	4.3659e-01	2.4771e-03	1.1755e-36	1.1755e-36	1.1755e-36	1.1455e-19	0.00e+00	0.00e+00	4.2088e+01
6.09216e+19	8.4193e+03	2.228e-21	2.7826e+01	1.5017e+01	1.2436e-10	5.3063e-01	4.6937e-01	1.9754e-01	8.0246e-01	6.7284e-15	2.5556e-13	1.0150e-04	8.2961e-01	1.7029e-01	4.9853e-06	5.8305e-01	4.1486e-01	2.0861e-03	1.1755e-36	1.1755e-36	1.1755e-36	1.2519e-19	0.00e+00	0.00e+00	4.3394e+01
6.09327e+19	8.3716e+03	2.123e-21	2.7826e+01	1.4533e+01	1.3598e-10	5.4628e-01	4.5372e-01	2.0589e-01	7.9411e-01	6.4129e-15	2.6952e-13	9.9396e-05	8.3759e-01	1.6230e-01	4.4637e-06	5.9845e-01	3.9971e-01	1.8399e-03	1.1755e-36	1.1755e-36	1.1755e-36	1.3199e-19	0.00e+00	0.00e+00	4.4181e+01
6.09401e+19	8.3274e+03	2.053e-21	2.7826e+01	1.4235e+01	1.4481e-10	5.5631e-01	4.4369e-01	2.1231e-01	7.8769e-01	6.2615e-15	2.7887e-13	9.8183e-05	8.4326e-01	1.5664e-01	4.1299e-06	6.0829e-01	3.9002e-01	1.6925e-03	1.1755e-36	1.1755e-36	1.1755e-36	1.3626e-19	0.00e+00	0.00e+00	4.4839e+01
6.09477e+19	8.2713e+03	1.983e-21	2.7826e+01	1.3944e+01	1.5547e-10	5.6707e-01	4.3293e-01	2.1964e-01	7.8036e-01	6.0875e-15	2.8945e-13	9.7059e-05	8.4932e-01	1.5058e-01	3.7933e-06	6.1880e-01	3.7965e-01	1.5485e-03	1.1755e-36	1.1755e-36	1.1755e-36	1.4120e-19	0.00e+00	0.00e+00	4.5681e+01
6.09569e+19	8.2180e+03	1.896e-21	2.7826e+01	1.3555e+01	1.6786e-10	5.7957e-01	4.2043e-01	2.2797e-01	7.7203e-01	5.8436e-15	3.0085e-13	9.5298e-05	8.5601e-01	1.4390e-01	3.4331e-06	6.3093e-01	3.6768e-01	1.3910e-03	1.1755e-36	1.1755e-36	1.1755e-36	1.4597e-19	0.00e+00	0.00e+00	4.6689e+01
6.09668e+19	8.1547e+03	1.806e-21	2.7826e+01	1.3142e+01	1.8306e-10	5.9358e-01	4.0642e-01	2.3732e-01	7.6268e-01	5.5812e-15	3.1384e-13	9.3378e-05	8.6302e-01	1.3689e-01	3.0788e-06	6.4442e-01	3.5435e-01	1.2353e-03	1.1755e-36	1.1755e-36	1.1755e-36	1.5143e-19	0.00e+00	0.00e+00	4.7724e+01
6.09762e+19	8.0911e+03	1.723e-21	2.7826e+01	1.2762e+01	1.9901e-10	6.0694e-01	3.9306e-01	2.4660e-01	7.5340e-01	5.3418e-15	3.2642e-13	9.1571e-05	8.6950e-01	1.3040e-01	2.7735e-06	6.5722e-01	3.4167e-01	1.1020e-03	1.1755e-36	1.1755e-36	1.1755e-36	1.5661e-19	0.00e+00	0.00e+00	4.8667e+01
6.09847e+19	8.0385e+03	1.648e-21	2.7826e+01	1.2405e+01	2.1349e-10	6.1827e-01	3.8173e-01	2.5500e-01	7.4500e-01	5.1435e-15	3.3645e-13	8.9784e-05	8.7508e-01	1.2482e-01	2.5252e-06	6.6802e-01	3.3098e-01	9.9490e-04	1.1755e-36	1.1755e-36	1.1755e-36	1.6002e-19	0.00e+00	0.00e+00	4.9553e+01
6.09932e+19	7.9673e+03	1.576e-21	2.7826e+01	1.2074e+01	2.3153e-10	6.3012e-01	3.6988e-01	2.6436e-01	7.3564e-01	4.9469e-15	3.4768e-13	8.8173e-05	8.8083e-01	1.1908e-01	2.2884e-06	6.7924e-01	3.1986e-01	8.9573e-04	1.1755e-36	1.1755e-36	1.1755e-36	1.6404e-19	0.00e+00	0.00e+00	5.0522e+01
6.10020e+19	7.9030e+03	1.502e-21	2.7826e+01	1.1714e+01	2.5023e-10	6.4201e-01	3.5799e-01	2.7393e-01	7.2607e-01	4.7378e-15	3.5827e-13	8.6304e-05	8.8643e-01	1.1348e-01	2.0676e-06	6.9045e-01	3.0874e-01	8.0260e-04	1.1755e-36	1.1755e-36	1.1755e-36	1.6723e-19	0.00e+00	0.00e+00	5.1525e+01
6.10109e+19	7.8380e+03	1.429e-21	2.7826e+01	1.1359e+01	2.7053e-10	6.5393e-01	3.4607e-01	2.8387e-01	7.1613e-01	4.5355e-15	3.6883e-13	8.4409e-05	8.9191e-01	1.0801e-01	1.8645e-06	7.0163e-01	2.9766e-01	7.1756e-04	1.1755e-36	1.1755e-36	1.1755e-36	1.7017e-19	0.00e+00	0.00e+00	5.2544e+01
6.10196e+19	7.7674e+03	1.359e-21	2.7826e+01	1.1009e+01	2.9312e-10	6.6565e-01	3.3435e-01	2.9404e-01	7.0596e-01	4.3388e-15	3.7901e-13	8.2505e-05	8.9716e-01	1.0275e-01	1.6812e-06	7.1256e-01	2.8680e-01	6.4154e-04	1.1755e-36	1.1755e-36	1.1755e-36	1.7258e-19	0.00e+00	0.00e+00	5.3563e+01
6.10283e+19	7.6856e+03	1.292e-21	2.7826e+01	1.0662e+01	3.1936e-10	6.7710e-01	3.2290e-01	3.0436e-01	6.9564e-01	4.1478e-15	3.8866e-13	8.0606e-05	9.0218e-01	9.7734e-02	1.5169e-06	7.2318e-01	2.7625e-01	5.7429e-04	1.1755e-36	1.1755e-36	1.1755e-36	1.7426e-19	0.00e+00	0.00e+00	5.4582e+01
6.10368e+19	7.6247e+03	1.228e-21	2.7826e+01	1.0329e+01	3.4293e-10	6.8772e-01	3.1228e-01	3.1451e-01	6.8549e-01	3.9723e-15	3.9716e-13	7.8682e-05	9.0687e-01	9.3049e-02	1.3708e-06	7.3300e-01	2.6648e-01	5.1475e-04	1.1755e-36	1.1755e-36	1.1755e-36	1.7528e-19	0.00e+00	0.00e+00	5.5605e+01
6.10455e+19	7.5421e+03	1.165e-21	2.7826e+01	9.9945e+00	3.7340e-10	6.9877e-01	3.0123e-01	3.2552e-01	6.7448e-01	3.7953e-15	4.0607e-13	7.6761e-05	9.1160e-01	8.8324e-02	1.2331e-06	7.4316e-01	2.5638e-01	4.5967e-04	1.1755e-36	1.1755e-36	1.1755e-36	1.7605e-19	0.00e+00	0.00e+00	5.6691e+01
6.10542e+19	7.4589e+03	1.103e-21	2.7826e+01	9.6585e+00	4.0694e-10	7.0989e-01	2.9011e-01	3.3683e-01	6.6317e-01	3.6162e-15	4.1474e-13	7.4781e-05	9.1618e-01	8.3745e-02	1.1071e-06	7.5330e-01	2.4629e-01	4.0929e-04	1.1755e-36	1.1755e-36	1.1755e-36	1.7640e-19	0.00e+00	0.00e+00	5.7780e+01
6.10628e+19	7.3751e+03	1.045e-21	2.7826e+01	9.3362e+00	4.4305e-10	7.2045e-01	2.7955e-01	3.4810e-01	6.5190e-01	3.4491e-15	4.2266e-13	7.2846e-05	9.2047e-01	7.9453e-02	9.9579e-07	7.6292e-01	2.3671e-01	3.6525e-04	1.1755e-36	1.1755e-36	1.1755e-36	1.7617e-19	0.00e+00	0.00e+00	5.8844e+01
6.10712e+19	7.2828e+03	9.902e-22	2.7826e+01	9.0314e+00	4.8469e-10	7.3076e-01	2.6924e-01	3.5966e-01	6.4034e-01	3.2897e-15	4.3049e-13	7.1018e-05	9.2458e-01	7.5347e-02	8.9610e-07	7.7225e-01	2.2743e-01	3.2644e-04	1.1755e-36	1.1755e-36	1.1755e-36	1.7580e-19	0.00e+00	0.00e+00	5.9912e+01
6.10794e+19	7.1965e+03	9.379e-22	2.7826e+01	8.7260e+00	5.2754e-10	7.4036e-01	2.5964e-01	3.7101e-01	6.2899e-01	3.1404e-15	4.3687e-13	6.9114e-05	9.2841e-01	7.1520e-02	8.0750e-07	7.8093e-01	2.1878e-01	2.9220e-04	1.1755e-36	1.1755e-36	1.1755e-36	1.7432e-19	0.00e+00	0.00e+00	6.0983e+01
6.10878e+19	7.0947e+03	8.871e-22	2.7826e+01	8.4294e+00	5.8097e-10	7.5039e-01	2.4961e-01	3.8325e-01	6.1675e-01	2.9896e-15	4.4405e-13	6.7285e-05	9.3225e-01	6.7678e-02	7.2436e-07	7.8993e-01	2.0981e-01	2.6048e-04	1.1755e-36	1.1755e-36	1.1755e-36	1.7314e-19	0.00e+00	0.00e+00	6.2110e+01
6.10963e+19	6.9950e+03	8.379e-22	2.7826e+01	8.1298e+00	6.3898e-10	7.6009e-01	2.3991e-01	3.9540e-01	6.0460e-01	2.8426e-15	4.5029e-13	6.5375e-05	9.3587e-01	6.4063e-02	6.4992e-07	7.9861e-01	2.0116e-01	2.3204e-04	1.1755e-36	1.1755e-36	1.1755e-36	1.7118e-19	0.00e+00	0.00e+00	6.3219e+01
6.11045e+19	6.8932e+03	7.921e-22	2.7826e+01	7.8454e+00	7.0343e-10	7.6932e-01	2.3068e-01	4.0756e-01	5.9244e-01	2.7070e-15	4.5607e-13	6.3545e-05	9.3927e-01	6.0667e-02	5.8400e-07	8.0683e-01	1.9296e-01	2.0718e-04	1.1755e-36	1.1755e-36	1.1755e-36	1.6900e-19	0.00e+00	0.00e+00	6.4317e+01
6.11126e+19	6.7880e+03	7.485e-22	2.7826e+01	7.5693e+00	7.7637e-10	7.7823e-01	2.2177e-01	4.1986e-01	5.8014e-01	2.5773e-15	4.6146e-13	6.1747e-05	9.4250e-01	5.7436e-02	5.2477e-07	8.1475e-01	1.8506e-01	1.8509e-04	1.1755e-36	1.1755e-36	1.1755e-36	1.6656e-19	0.00e+00	0.00e+00	6.5428e+01
6.11208e+19	6.6735e+03	7.065e-22	2.7826e+01	7.2924e+00	8.6312e-10	7.8700e-01	2.1300e-01	4.3239e-01	5.6761e-01	2.4509e-15	4.6639e-13	5.9924e-05	9.4560e-01	5.4341e-02	4.7104e-07	8.2251e-01	1.7732e-01	1.6519e-04	1.1755e-36	1.1755e-36	1.1755e-36	1.6368e-19	0.00e+00	0.00e+00	6.6558e+01
6.11289e+19	6.5585e+03	6.664e-22	2.7826e+01	7.0230e+00	9.6074e-10	7.9562e-01	2.0438e-01	4.4511e-01	5.5489e-01	2.3295e-15	4.7125e-13	5.8123e-05	9.4856e-01	5.1382e-02	4.2240e-07	8.3011e-01	1.6974e-01	1.4725e-04	1.1755e-36	1.1755e-36	1.1755e-36	1.6083e-19	0.00e+00	0.00e+00	6.7696e+01
6.11370e+19	6.4403e+03	6.284e-22	2.7826e+01	6.7614e+00	1.0725e-09	8.0396e-01	1.9604e-01	4.5786e-01	5.4214e-01	2.2140e-15	4.7587e-13	5.6354e-05	9.5135e-01	4.8591e-02	3.7900e-07	8.3743e-01	1.6244e-01	1.3134e-04	1.1755e-36	1.1755e-36	1.1755e-36	1.5793e-19	0.00e+00	0.00e+00	6.8827e+01
6.11449e+19	6.3187e+03	5.927e-22	2.7826e+01	6.5097e+00	1.2007e-09	8.1196e-01	1.8804e-01	4.7062e-01	5.2938e-01	2.1050e-15	4.8034e-13	5.4636e-05	9.5398e-01	4.5964e-02	3.4036e-07	8.4444e-01	1.5544e-01	1.1728e-04	1.1755e-36	1.1755e-36	1.1755e-36	1.5511e-19	0.00e+00	0.00e+00	6.9952e+01
6.11528e+19	6.1957e+03	5.590e-22	2.7826e+01	6.2612e+00	1.3459e-09	8.1952e-01	1.8048e-01	4.8322e-01	5.1678e-01	2.0031e-15	4.8426e-13	5.2910e-05	9.5644e-01	4.3505e-02	3.0586e-07	8.5107e-01	1.4882e-01	1.0484e-04	1.1755e-36	1.1755e-36	1.1755e-36	1.5206e-19	0.00e+00	0.00e+00	7.1080e+01
6.11607e+19	6.0715e+03	5.265e-22	2.7826e+01	6.0228e+00	1.5113e-09	8.2708e-01	1.7292e-01	4.9611e-01	5.0389e-01	1.9048e-15	4.8871e-13	5.1245e-05	9.5880e-01	4.1147e-02	2.7466e-07	8.5760e-01	1.4231e-01	9.3617e-05	1.1755e-36	1.1755e-36	1.1755e-36	1.4958e-19	0.00e+00	0.00e+00	7.2228e+01
6.11685e+19	5.9403e+03	4.958e-22	2.7826e+01	5.7835e+00	1.7062e-09	8.3432e-01	1.6568e-01	5.0889e-01	4.9111e-01	1.8112e-15	4.9287e-13	4.9550e-05	9.6102e-01	3.8935e-02	2.4672e-07	8.6388e-01	1.3603e-01	8.3606e-05	1.1755e-36	1.1755e-36	1.1755e-36	1.4701e-19	0.00e+00	0.00e+00	7.3371e+01
6.11762e+19	5.8056e+03	4.673e-22	2.7826e+01	5.5582e+00	1.9311e-09	8.4132e-01	1.5868e-01	5.2167e-01	4.7833e-01	1.7221e-15	4.9763e-13	4.7952e-05	9.6308e-01	3.6868e-02	2.2203e-07	8.6994e-01	1.2999e-01	7.4788e-05	1.1755e-36	1.1755e-36	1.1755e-36	1.4518e-19	0.00e+00	0.00e+00	7.4485e+01
6.11837e+19	5.6651e+03	4.409e-22	2.7826e+01	5.3466e+00	2.1943e-09	8.4810e-01	1.5190e-01	5.3458e-01	4.6542e-01	1.6369e-15	5.0321e-13	4.6456e-05	9.6503e-01	3.4922e-02	2.0005e-07	8.7578e-01	1.2415e-01	6.6997e-05	1.1755e-36	1.1755e-36	1.1755e-36	1.4424e-19	0.00e+00	0.00e+00	7.5594e+01
6.11911e+19	5.5246e+03	4.159e-22	2.7826e+01	5.1384e+00	2.4877e-09	8.5452e-01	1.4548e-01	5.4724e-01	4.5276e-01	1.5574e-15	5.0890e-13	4.4964e-05	9.6684e-01	3.3112e-02	1.8047e-07	8.8131e-01	1.1863e-01	6.0087e-05	1.1755e-36	1.1755e-36	1.1755e-36	1.4359e-19	0.00e+00	0.00e+00	7.6702e+01
6.11984e+19	5.3808e+03	3.923e-22	2.7826e+01	4.9358e+00	2.8196e-09	8.6073e-01	1.3927e-01	5.5981e-01	4.4019e-01	1.4818e-15	5.1522e-13	4.3506e-05	9.6854e-01	3.1418e-02	1.6300e-07	8.8664e-01	1.1330e-01	5.3923e-05	1.1755e-36	1.1755e-36	1.1755e-36	1.4360e-19	0.00e+00	0.00e+00	7.7804e+01
6.12056e+19	5.2305e+03	3.703e-22	2.7826e+01	4.7399e+00	3.1974e-09	8.6672e-01	1.3328e-01	5.7226e-01	4.2774e-01	1.4098e-15	5.2239e-13	4.2095e-05	9.7011e-01	2.9847e-02	1.4753e-07	8.9178e-01	1.0817e-01	4.8469e-05	1.1755e-36	1.1755e-36	1.1755e-36	1.4440e-19	0.00e+00	0.00e+00	7.8885e+01
6.12126e+19	5.0841e+03	3.500e-22	2.7826e+01	4.5547e+00	3.5906e-09	8.7235e-01	1.2765e-01	5.8433e-01	4.1567e-01	1.3433e-15	5.2998e-13	4.0757e-05	9.7155e-01	2.8404e-02	1.3394e-07	8.9659e-01	1.0337e-01	4.3687e-05	1.1755e-36	1.1755e-36	1.1755e-36	1.4569e-19	0.00e+00	0.00e+00	7.9938e+01
6.12194e+19	4.9338e+03	3.310e-22	2.7826e+01	4.3771e+00	4.0032e-09	8.7772e-01	1.2228e-01	5.9625e-01	4.0375e-01	1.2804e-15	5.3576e-13	3.9483e-05	9.7299e-01	2.6970e-02	1.1755e-36	9.0117e-01	9.8787e-02	3.9459e-05	1.1755e-36	1.1755e-36	1.1755e-36	1.4539e-19	0.00e+00	0.00e+00	8.0981e+01
6.12261e+19	4.7793e+03	3.132e-22	2.7826e+01	4.2047e+00	4.4178e-09	8.8292e-01	1.1708e-01	6.0805e-01	3.9195e-01	1.2201e-15	5.3766e-13	3.8258e-05	9.7447e-01	2.5496e-02	1.1755e-36	9.0561e-01	9.4359e-02	3.5676e-05	1.1755e-36	1.1755e-36	1.1755e-36	1.4179e-19	0.00e+00	0.00e+00	8.2013e+01
6.12325e+19	4.6289e+03	2.971e-22	2.7826e+01	4.0430e+00	4.8010e-09	8.8778e-01	1.1222e-01	6.1923e-01	3.8077e-01	1.1645e-15	5.3809e-13	3.7115e-05	9.7581e-01	2.4155e-02	1.1755e-36	9.0974e-01	9.0232e-02	3.2391e-05	1.1755e-36	1.1755e-36	1.1755e-36	1.3719e-19	0.00e+00	0.00e+00	8.2977e+01
6.12385e+19	4.4856e+03	2.828e-22	2.7826e+01	3.8974e+00	5.1301e-09	8.9211e-01	1.0789e-01	6.2968e-01	3.7032e-01	1.1145e-15	5.3705e-13	3.6099e-05	9.7701e-01	2.2957e-02	1.1755e-36	9.1342e-01	8.6547e-02	2.9628e-05	1.1755e-36	1.1755e-36	1.1755e-36	1.3176e-19	0.00e+00	0.00e+00	8.3871e+01
6.12440e+19	4.3486e+03	2.701e-22	2.7826e+01	3.7649e+00	5.3984e-09	8.9603e-01	1.0397e-01	6.3951e-01	3.6049e-01	1.0691e-15	5.3472e-13	3.5190e-05	9.7809e-01	2.1877e-02	1.1755e-36	9.1675e-01	8.3218e-02	2.7266e-05	1.1755e-36	1.1755e-36	1.1755e-36	1.2559e-19	0.00e+00	0.00e+00	8.4714e+01
6.12492e+19	4.2164e+03	2.585e-22	2.7826e+01	3.6417e+00	5.6044e-09	8.9967e-01	1.0033e-01	6.4886e-01	3.5114e-01	1.0270e-15	5.3130e-13	3.4359e-05	9.7908e-01	2.0890e-02	1.1755e-36	9.1984e-01	8.0136e-02	2.5197e-05	1.1755e-36	1.1755e-36	1.1755e-36	1.1881e-19	0.00e+00	0.00e+00	8.5521e+01
6.12542e+19	4.0881e+03	2.479e-22	2.7826e+01	3.5257e+00	5.7485e-09	9.0308e-01	9.6920e-02	6.5776e-01	3.4224e-01	9.8779e-16	5.2701e-13	3.3592e-05	9.7999e-01	1.9981e-02	1.1755e-36	9.2274e-01	7.7241e-02	2.3355e-05	1.1755e-36	1.1755e-36	1.1755e-36	1.1158e-19	0.00e+00	0.00e+00	8.6295e+01
6.12590e+19	3.9642e+03	2.381e-22	2.7826e+01	3.4158e+00	5.8335e-09	9.0631e-01	9.3691e-02	6.6623e-01	3.3377e-01	9.5154e-16	5.2208e-13	3.2877e-05	9.8082e-01	1.9144e-02	1.1755e-36	9.2547e-01	7.4505e-02	2.1704e-05	1.1755e-36	1.1755e-36	1.1755e-36	1.0414e-19	0.00e+00	0.00e+00	8.7038e+01
###########################
2.39278e+14	6.7598e+03	3.270e-21	2.7826e+01	3.0664e+01	1.2509e-16	3.1927e-04	9.9968e-01	7.4706e-04	8.2879e-01	1.7046e-01	7.8017e-23	1.3837e-06	1.5307e-02	9.2137e-01	6.3130e-02	3.6052e-06	2.3486e-02	8.7757e-01	9.8932e-02	9.7878e-06	1.1755e-36	1.5859e-30	0.00e+00	0.00e+00	2.6837e-05
1.43567e+15	6.7590e+03	3.268e-21	2.7826e+01	3.0652e+01	1.2539e-16	3.1916e-04	9.9968e-01	7.4673e-04	8.2882e-01	1.7043e-01	7.7991e-23	1.3700e-06	1.5306e-02	9.2125e-01	6.3253e-02	3.5998e-06	2.3458e-02	8.7788e-01	9.8653e-02	9.7483e-06	1.1755e-36	1.5877e-30	0.00e+00	0.00e+00	1.3415e-04
6.22123e+15	6.7585e+03	3.265e-21	2.7826e+01	3.0648e+01	1.2659e-16	3.1912e-04	9.9968e-01	7.4720e-04	8.2960e-01	1.6965e-01	7.8558e-23	1.3786e-06	1.5316e-02	9.2134e-01	6.3157e-02	3.5963e-06	2.3434e-02	8.7914e-01	9.7408e-02	9.5660e-06	1.1755e-36	1.6113e-30	0.00e+00	0.00e+00	5.6334e-04
2.53635e+16	6.7639e+03	3.251e-21	2.7826e+01	3.0638e+01	1.2415e-16	3.1869e-04	9.9968e-01	7.5017e-04	8.3388e-01	1.6537e-01	7.7158e-23	1.3855e-06	1.5316e-02	9.2174e-01	6.2762e-02	3.5905e-06	2.3415e-02	8.8398e-01	9.2589e-02	8.8740e-06	1.1755e-36	1.5596e-30	0.00e+00	0.00e+00	2.2778e-03
6.05852e+16	6.7540e+03	3.229e-21	2.7826e+01	3.0631e+01	1.2429e-16	3.1775e-04	9.9968e-01	7.5130e-04	8.3607e-01	1.6318e-01	7.6108e-23	1.3848e-06	1.5305e-02	9.2205e-01	6.2479e-02	3.5613e-06	2.3274e-02	8.9088e-01	8.5832e-02	7.8981e-06	1.1755e-36	1.5336e-30	0.00e+00	0.00e+00	4.5001e-03
1.06373e+17	6.7476e+03	3.204e-21	2.7826e+01	3.0620e+01	1.2421e-16	3.1659e-04	9.9968e-01	7.5658e-04	8.4318e-01	1.5607e-01	7.5276e-23	1.3806e-06	1.5295e-02	9.2282e-01	6.1735e-02	3.5390e-06	2.3188e-02	8.9927e-01	7.7529e-02	6.7696e-06	1.1755e-36	1.5160e-30	0.00e+00	0.00e+00	7.3784e-03
1.65898e+17	6.7546e+03	3.170e-21	2.7826e+01	3.0586e+01	1.2157e-16	3.1465e-04	9.9969e-01	7.6464e-04	8.5520e-01	1.4403e-01	7.3383e-23	1.3829e-06	1.5261e-02	9.2397e-01	6.0634e-02	3.5088e-06	2.3093e-02	9.0928e-01	6.7616e-02	5.5218e-06	1.1755e-36	1.4674e-30	0.00e+00	0.00e+00	1.1097e-02
2.43280e+17	6.7503e+03	3.136e-21	2.7826e+01	3.0559e+01	1.1973e-16	3.1300e-04	9.9969e-01	7.7905e-04	8.7307e-01	1.2615e-01	7.1895e-23	1.3812e-06	1.5259e-02	9.2563e-01	5.8999e-02	3.5024e-06	2.3130e-02	9.2076e-01	5.6100e-02	4.1873e-06	1.1755e-36	1.4201e-30	0.00e+00	0.00e+00	1.5907e-02
3.43877e+17	6.7605e+03	3.090e-21	2.7826e+01	3.0493e+01	1.1673e-16	3.1034e-04	9.9969e-01	7.9607e-04	8.9613e-01	1.0307e-01	7.0393e-23	1.3835e-06	1.5226e-02	9.2758e-01	5.7102e-02	3.4966e-06	2.3224e-02	9.3322e-01	4.3548e-02	2.8915e-06	1.1755e-36	1.3827e-30	0.00e+00	0.00e+00	2.2105e-02
4.74653e+17	6.7548e+03	3.045e-21	2.7826e+01	3.0434e+01	1.1441e-16	3.0817e-04	9.9969e-01	8.1848e-04	9.2313e-01	7.6048e-02	6.9271e-23	1.3860e-06	1.5236e-02	9.2983e-01	5.4868e-02	3.5300e-06	2.3535e-02	9.4566e-01	3.0802e-02	1.7460e-06	1.1755e-36	1.3368e-30	0.00e+00	0.00e+00	3.0108e-02
6.44662e+17	6.7455e+03	2.998e-21	2.7826e+01	3.0370e+01	1.1326e-16	3.0596e-04	9.9969e-01	8.4162e-04	9.5019e-01	4.8964e-02	6.9197e-23	1.3890e-06	1.5261e-02	9.3201e-01	5.2684e-02	3.5894e-06	2.4006e-02	9.5672e-01	1.9271e-02	8.8435e-07	1.1755e-36	1.3206e-30	0.00e+00	0.00e+00	4.0436e-02
8.65673e+17	6.7242e+03	2.953e-21	2.7826e+01	3.0307e+01	1.1162e-16	3.0403e-04	9.9970e-01	8.6220e-04	9.7269e-01	2.6446e-02	6.8591e-23	1.3932e-06	1.5310e-02	9.3388e-01	5.0782e-02	3.6692e-06	2.4577e-02	9.6510e-01	1.0316e-02	3.5726e-07	1.1755e-36	1.2713e-30	0.00e+00	0.00e+00	5.3778e-02
1.15299e+18	6.6890e+03	2.915e-21	2.7826e+01	3.0271e+01	1.1230e-16	3.0266e-04	9.9970e-01	8.7846e-04	9.8756e-01	1.1565e-02	6.8980e-23	1.4008e-06	1.5393e-02	9.3534e-01	4.9253e-02	3.7608e-06	2.5164e-02	9.7025e-01	4.5780e-03	1.1755e-36	1.1755e-36	1.2483e-30	0.00e+00	0.00e+00	7.1045e-02
1.52650e+18	6.6434e+03	2.882e-21	2.7826e+01	3.0250e+01	1.1252e-16	3.0160e-04	9.9970e-01	8.8979e-04	9.9511e-01	4.0019e-03	6.8364e-23	1.4094e-06	1.5497e-02	9.3644e-01	4.8053e-02	3.8446e-06	2.5651e-02	9.7270e-01	1.6481e-03	1.1755e-36	1.1755e-36	1.1881e-30	0.00e+00	0.00e+00	9.3413e-02
2.01206e+18	6.5895e+03	2.851e-21	2.7826e+01	3.0241e+01	1.1326e-16	3.0088e-04	9.9970e-01	8.9855e-04	9.9801e-01	1.0873e-03	6.7484e-23	1.4202e-06	1.5626e-02	9.3740e-01	4.6973e-02	3.9238e-06	2.6048e-02	9.7347e-01	4.7766e-04	1.1755e-36	1.1755e-36	1.1201e-30	0.00e+00	0.00e+00	1.2242e-01
2.64329e+18	6.5293e+03	2.821e-21	2.7826e+01	3.0242e+01	1.1415e-16	3.0058e-04	9.9970e-01	9.0726e-04	9.9886e-01	2.3660e-04	6.6359e-23	1.4349e-06	1.5789e-02	9.3838e-01	4.5824e-02	4.0117e-06	2.6423e-02	9.7346e-01	1.1322e-04	1.1755e-36	1.1755e-36	1.0431e-30	0.00e+00	0.00e+00	1.6010e-01
3.46389e+18	6.4634e+03	2.789e-21	2.7826e+01	3.0242e+01	1.1609e-16	3.0091e-04	9.9970e-01	9.1774e-04	9.9904e-01	4.3521e-05	6.5681e-23	1.4557e-06	1.5997e-02	9.3951e-01	4.4488e-02	4.1236e-06	2.6849e-02	9.7312e-01	2.2872e-05	1.1755e-36	1.1755e-36	9.7647e-31	0.00e+00	0.00e+00	2.0913e-01
4.53066e+18	6.3931e+03	2.754e-21	2.7826e+01	3.0242e+01	1.1847e-16	3.0230e-04	9.9970e-01	9.3126e-04	9.9906e-01	7.1609e-06	6.5220e-23	1.4854e-06	1.6268e-02	9.4084e-01	4.2890e-02	4.2756e-06	2.7376e-02	9.7262e-01	4.1063e-06	1.1755e-36	1.1755e-36	9.0884e-31	0.00e+00	0.00e+00	2.7316e-01
5.91748e+18	6.3210e+03	2.718e-21	2.7826e+01	3.0242e+01	1.1938e-16	3.0536e-04	9.9969e-01	9.4920e-04	9.9905e-01	1.0677e-06	6.4122e-23	1.5285e-06	1.6625e-02	9.4240e-01	4.0978e-02	4.4873e-06	2.8046e-02	9.7195e-01	6.7036e-07	1.1755e-36	1.1755e-36	8.1495e-31	0.00e+00	0.00e+00	3.5725e-01
7.72033e+18	6.2500e+03	2.682e-21	2.7826e+01	3.0242e+01	1.2242e-16	3.1112e-04	9.9969e-01	9.7354e-04	9.9903e-01	1.4233e-07	6.4573e-23	1.5911e-06	1.7103e-02	9.4418e-01	3.8711e-02	4.7862e-06	2.8898e-02	9.7110e-01	1.1755e-36	1.1755e-36	1.1755e-36	7.5000e-31	0.00e+00	0.00e+00	4.6862e-01
9.17631e+18	6.1599e+03	2.639e-21	2.7826e+01	3.0242e+01	1.1680e-16	3.1128e-04	9.9969e-01	9.8516e-04	9.9901e-01	3.3421e-08	5.7719e-23	1.6157e-06	1.7367e-02	9.4560e-01	3.7032e-02	4.9591e-06	2.9510e-02	9.7049e-01	1.1755e-36	1.1755e-36	1.1755e-36	5.7738e-31	0.00e+00	0.00e+00	5.1641e-01
1.00939e+19	6.1426e+03	2.627e-21	2.7826e+01	3.0241e+01	1.1721e-16	3.1509e-04	9.9968e-01	9.9711e-04	9.9900e-01	1.5062e-08	5.7980e-23	1.6507e-06	1.7602e-02	9.4634e-01	3.6056e-02	5.1206e-06	2.9914e-02	9.7008e-01	1.1755e-36	1.1755e-36	1.1755e-36	5.5779e-31	0.00e+00	0.00e+00	5.6961e-01
1.11033e+19	6.1292e+03	2.617e-21	2.7826e+01	3.0241e+01	1.1744e-16	3.1980e-04	9.9968e-01	1.0108e-03	9.9899e-01	6.7099e-09	5.8374e-23	1.6917e-06	1.7868e-02	9.4710e-01	3.5027e-02	5.3092e-06	3.0363e-02	9.6963e-01	1.1755e-36	1.1755e-36	1.1755e-36	5.3839e-31	0.00e+00	0.00e+00	6.2901e-01
1.22137e+19	6.1204e+03	2.607e-21	2.7826e+01	3.0241e+01	1.1867e-16	3.2551e-04	9.9967e-01	1.0263e-03	9.9897e-01	2.9349e-09	5.9596e-23	1.7397e-06	1.8168e-02	9.4788e-01	3.3945e-02	5.5288e-06	3.0856e-02	9.6914e-01	1.1755e-36	1.1755e-36	1.1755e-36	5.3180e-31	0.00e+00	0.00e+00	6.9552e-01
1.34350e+19	6.1173e+03	2.598e-21	2.7826e+01	3.0241e+01	1.2003e-16	3.3246e-04	9.9967e-01	1.0440e-03	9.9896e-01	1.2598e-09	6.1293e-23	1.7958e-06	1.8508e-02	9.4868e-01	3.2810e-02	5.7860e-06	3.1399e-02	9.6859e-01	1.1755e-36	1.1755e-36	1.1755e-36	5.2981e-31	0.00e+00	0.00e+00	7.7024e-01
1.47785e+19	6.1209e+03	2.592e-21	2.7826e+01	3.0240e+01	1.2186e-16	3.4091e-04	9.9966e-01	1.0644e-03	9.9894e-01	5.3047e-10	6.3778e-23	1.8629e-06	1.8896e-02	9.4948e-01	3.1619e-02	6.0916e-06	3.2007e-02	9.6799e-01	1.1755e-36	1.1755e-36	1.1755e-36	5.3623e-31	0.00e+00	0.00e+00	8.5452e-01
1.62564e+19	6.1329e+03	2.587e-21	2.7826e+01	3.0240e+01	1.2316e-16	3.5123e-04	9.9965e-01	1.0881e-03	9.9891e-01	2.1904e-10	6.6710e-23	1.9423e-06	1.9342e-02	9.5028e-01	3.0374e-02	6.4570e-06	3.2684e-02	9.6731e-01	1.1755e-36	1.1755e-36	1.1755e-36	5.4335e-31	0.00e+00	0.00e+00	9.5004e-01
1.78820e+19	6.1548e+03	2.585e-21	2.7826e+01	3.0240e+01	1.2715e-16	3.6391e-04	9.9964e-01	1.1159e-03	9.9888e-01	8.8705e-11	7.2144e-23	2.0385e-06	1.9859e-02	9.5106e-01	2.9074e-02	6.9017e-06	3.3450e-02	9.6654e-01	1.1755e-36	1.1755e-36	1.1755e-36	5.8302e-31	0.00e+00	0.00e+00	1.0589e+00
1.96702e+19	6.1883e+03	2.586e-21	2.7826e+01	3.0239e+01	1.3102e-16	3.7960e-04	9.9962e-01	1.1486e-03	9.9885e-01	3.5270e-11	7.8954e-23	2.1539e-06	2.0464e-02	9.5182e-01	2.7715e-02	7.4500e-06	3.4320e-02	9.6567e-01	1.1755e-36	1.1755e-36	1.1755e-36	6.3189e-31	0.00e+00	0.00e+00	1.1838e+00
2.16372e+19	6.2359e+03	2.592e-21	2.7826e+01	3.0238e+01	1.3565e-16	3.9920e-04	9.9960e-01	1.1882e-03	9.9881e-01	1.3816e-11	8.8391e-23	2.2973e-06	2.1185e-02	9.5251e-01	2.6300e-02	8.1417e-06	3.5328e-02	9.6466e-01	1.1755e-36	1.1755e-36	1.1755e-36	7.0434e-31	0.00e+00	0.00e+00	1.3283e+00
2.38010e+19	6.3000e+03	2.602e-21	2.7826e+01	3.0237e+01	1.4453e-16	4.2401e-04	9.9958e-01	1.2361e-03	9.9876e-01	5.3774e-12	1.0404e-22	2.4752e-06	2.2053e-02	9.5312e-01	2.4824e-02	9.0340e-06	3.6510e-02	9.6348e-01	1.1755e-36	1.1755e-36	1.1755e-36	8.5109e-31	0.00e+00	0.00e+00	1.4971e+00
2.61811e+19	6.3834e+03	2.619e-21	2.7826e+01	3.0236e+01	1.5697e-16	4.5595e-04	9.9954e-01	1.2953e-03	9.9870e-01	2.1212e-12	1.2813e-22	2.7007e-06	2.3117e-02	9.5359e-01	2.3286e-02	1.0220e-05	3.7926e-02	9.6206e-01	1.1755e-36	1.1755e-36	1.1755e-36	1.0951e-30	0.00e+00	0.00e+00	1.6968e+00
2.87992e+19	6.4897e+03	2.645e-21	2.7826e+01	3.0235e+01	1.7315e-16	4.9797e-04	9.9950e-01	1.3703e-03	9.9863e-01	8.8218e-13	1.6550e-22	2.9926e-06	2.4452e-02	9.5387e-01	2.1679e-02	1.1857e-05	3.9666e-02	9.6032e-01	1.1755e-36	1.1755e-36	1.1755e-36	1.4927e-30	0.00e+00	0.00e+00	1.9367e+00
3.16791e+19	6.6248e+03	2.681e-21	2.7826e+01	3.0233e+01	1.9861e-16	5.5467e-04	9.9945e-01	1.4676e-03	9.9853e-01	4.1116e-13	2.3178e-22	3.3793e-06	2.6169e-02	9.5383e-01	2.0000e-02	1.4218e-05	4.1864e-02	9.5812e-01	1.1755e-36	1.1755e-36	1.1755e-36	2.2783e-30	0.00e+00	0.00e+00	2.2307e+00
3.48470e+19	6.7893e+03	2.733e-21	2.7826e+01	3.0230e+01	2.3761e-16	6.3438e-04	9.9937e-01	1.5989e-03	9.9840e-01	2.2646e-13	3.5597e-22	3.9109e-06	2.8466e-02	9.5331e-01	1.8223e-02	1.7852e-05	4.4776e-02	9.5521e-01	1.1755e-36	1.1755e-36	1.1755e-36	3.8903e-30	0.00e+00	0.00e+00	2.6005e+00
3.83317e+19	6.9933e+03	2.803e-21	2.7826e+01	3.0227e+01	3.0208e-16	7.5163e-04	9.9925e-01	1.7830e-03	9.9822e-01	1.4719e-13	6.2337e-22	4.6709e-06	3.1666e-02	9.5199e-01	1.6339e-02	2.3909e-05	4.8837e-02	9.5114e-01	1.1755e-36	1.1755e-36	1.1755e-36	7.8010e-30	0.00e+00	0.00e+00	3.0824e+00
4.16010e+19	7.2215e+03	2.892e-21	2.7826e+01	3.0222e+01	3.9247e-16	9.0677e-04	9.9909e-01	2.0077e-03	9.9799e-01	1.0929e-13	1.1497e-21	5.6135e-06	3.5520e-02	9.4979e-01	1.4688e-02	3.3101e-05	5.3758e-02	9.4621e-01	1.1755e-36	1.1755e-36	1.1755e-36	1.6571e-29	0.00e+00	0.00e+00	3.5424e+00
4.40640e+19	7.4160e+03	2.974e-21	2.7826e+01	3.0217e+01	5.0149e-16	1.0723e-03	9.9893e-01	2.2343e-03	9.9777e-01	9.2007e-14	2.0080e-21	6.5693e-06	3.9369e-02	9.4719e-01	1.3439e-02	4.4520e-05	5.8786e-02	9.4117e-01	1.1755e-36	1.1755e-36	1.1755e-36	3.2667e-29	0.00e+00	0.00e+00	3.9263e+00
4.56356e+19	7.5531e+03	3.036e-21	2.7826e+01	3.0212e+01	5.9994e-16	1.2111e-03	9.9879e-01	2.4150e-03	9.9758e-01	8.3221e-14	3.0090e-21	7.3282e-06	4.2405e-02	9.4494e-01	1.2648e-02	5.5362e-05	6.2869e-02	9.3708e-01	1.1755e-36	1.1755e-36	1.1755e-36	5.3150e-29	0.00e+00	0.00e+00	4.1614e+00
4.66070e+19	7.6378e+03	3.075e-21	2.7826e+01	3.0209e+01	6.8086e-16	1.3135e-03	9.9869e-01	2.5487e-03	9.9745e-01	7.9558e-14	3.9778e-21	7.8847e-06	4.4633e-02	9.4324e-01	1.2119e-02	6.4231e-05	6.5911e-02	9.3402e-01	1.1755e-36	1.1755e-36	1.1755e-36	7.4088e-29	0.00e+00	0.00e+00	4.3547e+00
4.75703e+19	7.7188e+03	3.112e-21	2.7826e+01	3.0206e+01	7.8312e-16	1.4303e-03	9.9857e-01	2.7016e-03	9.9730e-01	7.5804e-14	5.3886e-21	8.5144e-06	4.7187e-02	9.4126e-01	1.1540e-02	7.5320e-05	6.9456e-02	9.3047e-01	1.1755e-36	1.1755e-36	1.1755e-36	1.0590e-28	0.00e+00	0.00e+00	4.6282e+00
4.88226e+19	7.8183e+03	3.165e-21	2.7826e+01	3.0200e+01	9.6777e-16	1.6115e-03	9.9839e-01	2.9379e-03	9.9706e-01	7.0147e-14	8.3411e-21	9.4892e-06	5.1090e-02	9.3814e-01	1.0761e-02	9.4372e-05	7.4941e-02	9.2497e-01	1.1755e-36	1.1755e-36	1.1755e-36	1.7742e-28	0.00e+00	0.00e+00	5.0289e+00
5.00269e+19	7.9301e+03	3.223e-21	2.7826e+01	3.0193e+01	1.1921e-15	1.8292e-03	9.9817e-01	3.2073e-03	9.9679e-01	6.3918e-14	1.3024e-20	1.0573e-05	5.5441e-02	9.3450e-01	1.0044e-02	1.2001e-04	8.1367e-02	9.1851e-01	1.1755e-36	1.1755e-36	1.1755e-36	2.9788e-28	0.00e+00	0.00e+00	5.3480e+00
5.08424e+19	8.0117e+03	3.265e-21	2.7826e+01	3.0188e+01	1.3936e-15	2.0108e-03	9.9799e-01	3.4212e-03	9.9658e-01	6.0909e-14	1.8184e-20	1.1437e-05	5.8910e-02	9.3154e-01	9.5380e-03	1.4388e-04	8.6699e-02	9.1316e-01	1.1755e-36	1.1755e-36	1.1755e-36	4.3830e-28	0.00e+00	0.00e+00	5.5733e+00
5.14379e+19	8.0657e+03	3.297e-21	2.7826e+01	3.0182e+01	1.5882e-15	2.1663e-03	9.9783e-01	3.6122e-03	9.9639e-01	5.9074e-14	2.3808e-20	1.2187e-05	6.1909e-02	9.2894e-01	9.1349e-03	1.6620e-04	9.1306e-02	9.0853e-01	1.1755e-36	1.1755e-36	1.1755e-36	5.9722e-28	0.00e+00	0.00e+00	5.7839e+00
5.20743e+19	8.1243e+03	3.330e-21	2.7826e+01	3.0176e+01	1.8471e-15	2.3553e-03	9.9764e-01	3.8384e-03	9.9616e-01	5.7030e-14	3.2459e-20	1.3082e-05	6.5506e-02	9.2581e-01	8.6740e-03	1.9580e-04	9.6961e-02	9.0284e-01	1.1755e-36	1.1755e-36	1.1755e-36	8.5306e-28	0.00e+00	0.00e+00	6.0815e+00
5.27762e+19	8.1943e+03	3.368e-21	2.7826e+01	3.0171e+01	2.1931e-15	2.5981e-03	9.9740e-01	4.1158e-03	9.9588e-01	5.4044e-14	4.6402e-20	1.4172e-05	6.9904e-02	9.2191e-01	8.1688e-03	2.3749e-04	1.0420e-01	8.9557e-01	1.1755e-36	1.1755e-36	1.1755e-36	1.2829e-27	0.00e+00	0.00e+00	6.3938e+00
5.33874e+19	8.2503e+03	3.407e-21	2.7826e+01	3.0162e+01	2.6010e-15	2.8547e-03	9.9715e-01	4.4065e-03	9.9559e-01	5.1592e-14	6.5415e-20	1.5296e-05	7.4422e-02	9.1786e-01	7.7078e-03	2.8597e-04	1.1179e-01	8.8792e-01	1.1755e-36	1.1755e-36	1.1755e-36	1.8954e-27	0.00e+00	0.00e+00	6.6637e+00
5.38773e+19	8.3002e+03	3.438e-21	2.7826e+01	3.0155e+01	3.0034e-15	3.0942e-03	9.9691e-01	4.6699e-03	9.9533e-01	4.9897e-14	8.7752e-20	1.6300e-05	7.8479e-02	9.1418e-01	7.3245e-03	3.3558e-04	1.1891e-01	8.8075e-01	1.1755e-36	1.1755e-36	1.1755e-36	2.6446e-27	0.00e+00	0.00e+00	6.9036e+00
5.43092e+19	8.3461e+03	3.465e-21	2.7826e+01	3.0146e+01	3.4430e-15	3.3373e-03	9.9666e-01	4.9394e-03	9.9506e-01	4.8447e-14	1.1601e-19	1.7314e-05	8.2578e-02	9.1044e-01	6.9699e-03	3.9029e-04	1.2616e-01	8.7345e-01	1.1755e-36	1.1755e-36	1.1755e-36	3.6257e-27	0.00e+00	0.00e+00	7.1512e+00
5.47949e+19	8.3932e+03	3.496e-21	2.7826e+01	3.0138e+01	4.0733e-15	3.6524e-03	9.9635e-01	5.2817e-03	9.9472e-01	4.6873e-14	1.6248e-19	1.8596e-05	8.7770e-02	9.0567e-01	6.5447e-03	4.6787e-04	1.3562e-01	8.6391e-01	1.1755e-36	1.1755e-36	1.1755e-36	5.3049e-27	0.00e+00	0.00e+00	7.5034e+00
5.52956e+19	8.4531e+03	3.529e-21	2.7826e+01	3.0128e+01	4.8806e-15	4.0384e-03	9.9596e-01	5.6809e-03	9.9432e-01	4.4637e-14	2.3519e-19	2.0078e-05	9.3784e-02	9.0009e-01	6.1093e-03	5.7252e-04	1.4711e-01	8.5231e-01	1.1755e-36	1.1755e-36	1.1755e-36	8.0560e-27	0.00e+00	0.00e+00	7.8243e+00
5.56857e+19	8.4905e+03	3.561e-21	2.7826e+01	3.0114e+01	5.7415e-15	4.4050e-03	9.9559e-01	6.0576e-03	9.9394e-01	4.3125e-14	3.2327e-19	2.1430e-05	9.9289e-02	8.9494e-01	5.7478e-03	6.8137e-04	1.5791e-01	8.4140e-01	1.1755e-36	1.1755e-36	1.1755e-36	1.1514e-26	0.00e+00	0.00e+00	8.0781e+00
5.59912e+19	8.5247e+03	3.584e-21	2.7826e+01	3.0103e+01	6.5593e-15	4.7334e-03	9.9527e-01	6.3910e-03	9.9361e-01	4.2120e-14	4.2127e-19	2.2607e-05	1.0410e-01	8.9043e-01	5.4538e-03	7.8749e-04	1.6763e-01	8.3158e-01	1.1755e-36	1.1755e-36	1.1755e-36	1.5504e-26	0.00e+00	0.00e+00	8.3133e+00
5.63165e+19	8.5549e+03	3.610e-21	2.7826e+01	3.0093e+01	7.6634e-15	5.1324e-03	9.9487e-01	6.7917e-03	9.9321e-01	4.1083e-14	5.6975e-19	2.4028e-05	1.0988e-01	8.8498e-01	5.1205e-03	9.2716e-04	1.7946e-01	8.1962e-01	1.1755e-36	1.1755e-36	1.1755e-36	2.1760e-26	0.00e+00	0.00e+00	8.6448e+00
5.66695e+19	8.5989e+03	3.639e-21	2.7826e+01	3.0077e+01	9.1299e-15	5.6395e-03	9.9436e-01	7.2833e-03	9.9272e-01	3.9481e-14	8.0656e-19	2.5728e-05	1.1688e-01	8.7834e-01	4.7593e-03	1.1208e-03	1.9433e-01	8.0455e-01	1.1755e-36	1.1755e-36	1.1755e-36	3.2153e-26	0.00e+00	0.00e+00	8.9799e+00
5.69698e+19	8.6358e+03	3.667e-21	2.7826e+01	3.0063e+01	1.0756e-14	6.1558e-03	9.9384e-01	7.7616e-03	9.9224e-01	3.8212e-14	1.1109e-18	2.7371e-05	1.2359e-01	8.7194e-01	4.4407e-03	1.3360e-03	2.0927e-01	7.8939e-01	1.1755e-36	1.1755e-36	1.1755e-36	4.6114e-26	0.00e+00	0.00e+00	9.2636e+00
5.72125e+19	8.6625e+03	3.691e-21	2.7826e+01	3.0049e+01	1.2442e-14	6.6442e-03	9.9336e-01	8.2097e-03	9.9179e-01	3.7298e-14	1.4684e-18	2.8873e-05	1.2978e-01	8.6602e-01	4.1711e-03	1.5560e-03	2.2323e-01	7.7521e-01	1.1755e-36	1.1755e-36	1.1755e-36	6.3088e-26	0.00e+00	0.00e+00	9.5239e+00
5.74353e+19	8.6896e+03	3.712e-21	2.7826e+01	3.0033e+01	1.4322e-14	7.1545e-03	9.9285e-01	8.6738e-03	9.9133e-01	3.6448e-14	1.9254e-18	3.0402e-05	1.3609e-01	8.5996e-01	3.9166e-03	1.8035e-03	2.3771e-01	7.6049e-01	1.1755e-36	1.1755e-36	1.1755e-36	8.5535e-26	0.00e+00	0.00e+00	9.8037e+00
5.76914e+19	8.7216e+03	3.736e-21	2.7826e+01	3.0015e+01	1.7005e-14	7.8271e-03	9.9217e-01	9.2817e-03	9.9072e-01	3.5482e-14	2.6788e-18	3.2381e-05	1.4427e-01	8.5208e-01	3.6143e-03	2.1569e-03	2.5661e-01	7.4123e-01	1.1755e-36	1.1755e-36	1.1755e-36	1.2388e-25	0.00e+00	0.00e+00	1.0202e+01
5.79574e+19	8.7597e+03	3.766e-21	2.7826e+01	2.9992e+01	2.0652e-14	8.6741e-03	9.9133e-01	9.9995e-03	9.9000e-01	3.4076e-14	3.8793e-18	3.4664e-05	1.5376e-01	8.4291e-01	3.2979e-03	2.6398e-03	2.7962e-01	7.1774e-01	1.1755e-36	1.1755e-36	1.1755e-36	1.8817e-25	0.00e+00	0.00e+00	1.0571e+01
5.81683e+19	8.7835e+03	3.795e-21	2.7826e+01	2.9967e+01	2.4612e-14	9.4971e-03	9.9050e-01	1.0674e-02	9.8933e-01	3.3079e-14	5.3561e-18	3.6744e-05	1.6244e-01	8.3448e-01	3.0360e-03	3.1473e-03	3.0114e-01	6.9571e-01	1.1755e-36	1.1755e-36	1.1755e-36	2.7092e-25	0.00e+00	0.00e+00	1.0870e+01
5.83366e+19	8.8082e+03	3.816e-21	2.7826e+01	2.9942e+01	2.8491e-14	1.0255e-02	9.8975e-01	1.1290e-02	9.8871e-01	3.2387e-14	7.0336e-18	3.8588e-05	1.7020e-01	8.2694e-01	2.8230e-03	3.6495e-03	3.2050e-01	6.7585e-01	1.1755e-36	1.1755e-36	1.1755e-36	3.6857e-25	0.00e+00	0.00e+00	1.1154e+01
5.85176e+19	8.8297e+03	3.839e-21	2.7826e+01	2.9915e+01	3.3753e-14	1.1186e-02	9.8881e-01	1.2050e-02	9.8795e-01	3.1656e-14	9.5884e-18	4.0838e-05	1.7963e-01	8.1775e-01	2.5877e-03	4.3105e-03	3.4366e-01	6.5203e-01	1.1755e-36	1.1755e-36	1.1755e-36	5.2262e-25	0.00e+00	0.00e+00	1.1556e+01
5.87164e+19	8.8608e+03	3.867e-21	2.7826e+01	2.9883e+01	4.1247e-14	1.2416e-02	9.8758e-01	1.2993e-02	9.8701e-01	3.0515e-14	1.3813e-17	4.3563e-05	1.9110e-01	8.0652e-01	2.3294e-03	5.2462e-03	3.7269e-01	6.2207e-01	1.1755e-36	1.1755e-36	1.1755e-36	7.9138e-25	0.00e+00	0.00e+00	1.1977e+01
5.88900e+19	8.8845e+03	3.897e-21	2.7826e+01	2.9845e+01	5.0269e-14	1.3746e-02	9.8625e-01	1.3965e-02	9.8604e-01	2.9539e-14	1.9588e-17	4.6276e-05	2.0260e-01	7.9526e-01	2.0985e-03	6.3283e-03	4.0201e-01	5.9166e-01	1.1755e-36	1.1755e-36	1.1755e-36	1.1789e-24	0.00e+00	0.00e+00	1.2349e+01
5.90333e+19	8.9066e+03	3.923e-21	2.7826e+01	2.9805e+01	5.9975e-14	1.5056e-02	9.8494e-01	1.4900e-02	9.8510e-01	2.8801e-14	2.6686e-17	4.8792e-05	2.1335e-01	7.8470e-01	1.9056e-03	7.4638e-03	4.2919e-01	5.6335e-01	1.1755e-36	1.1755e-36	1.1755e-36	1.6789e-24	0.00e+00	0.00e+00	1.2700e+01
5.91858e+19	8.9223e+03	3.949e-21	2.7826e+01	2.9760e+01	7.3564e-14	1.6690e-02	9.8331e-01	1.6072e-02	9.8393e-01	2.8077e-14	3.7821e-17	5.1873e-05	2.2646e-01	7.7179e-01	1.6983e-03	8.9674e-03	4.6088e-01	5.3015e-01	1.1755e-36	1.1755e-36	1.1755e-36	2.4987e-24	0.00e+00	0.00e+00	1.3205e+01
5.93514e+19	8.9528e+03	3.981e-21	2.7826e+01	2.9687e+01	9.3498e-14	1.8898e-02	9.8110e-01	1.7548e-02	9.8245e-01	2.6925e-14	5.6903e-17	5.5520e-05	2.4239e-01	7.5607e-01	1.4768e-03	1.1122e-02	4.9951e-01	4.8937e-01	1.1755e-36	1.1755e-36	1.1755e-36	3.9979e-24	0.00e+00	0.00e+00	1.3732e+01
5.94940e+19	8.9623e+03	4.021e-21	2.7826e+01	2.9629e+01	1.1979e-13	2.1370e-02	9.7863e-01	1.9092e-02	9.8091e-01	2.5958e-14	8.4550e-17	5.9295e-05	2.5847e-01	7.4019e-01	1.2825e-03	1.3659e-02	5.3722e-01	4.4912e-01	1.1755e-36	1.1755e-36	1.1755e-36	6.3384e-24	0.00e+00	0.00e+00	1.4207e+01
5.96121e+19	8.9857e+03	4.048e-21	2.7826e+01	2.9541e+01	1.4849e-13	2.3872e-02	9.7613e-01	2.0615e-02	9.7939e-01	2.5203e-14	1.1976e-16	6.2680e-05	2.7364e-01	7.2517e-01	1.1248e-03	1.6361e-02	5.7105e-01	4.1259e-01	1.1755e-36	1.1755e-36	1.1755e-36	9.5035e-24	0.00e+00	0.00e+00	1.4667e+01
5.97384e+19	8.9922e+03	4.078e-21	2.7826e+01	2.9434e+01	1.9206e-13	2.7116e-02	9.7288e-01	2.2603e-02	9.7740e-01	2.4411e-14	1.7807e-16	6.6905e-05	2.9237e-01	7.0660e-01	9.5970e-04	2.0008e-02	6.0890e-01	3.7110e-01	1.1755e-36	1.1755e-36	1.1755e-36	1.5075e-23	0.00e+00	0.00e+00	1.5347e+01
5.98725e+19	9.0009e+03	4.128e-21	2.7826e+01	2.9345e+01	2.6426e-13	3.1740e-02	9.6826e-01	2.5093e-02	9.7491e-01	2.3238e-14	2.8673e-16	7.2200e-05	3.1533e-01	6.8381e-01	7.8813e-04	2.5377e-02	6.5222e-01	3.2240e-01	1.1755e-36	1.1755e-36	1.1755e-36	2.6563e-23	0.00e+00	0.00e+00	1.6047e+01
5.99819e+19	9.0123e+03	4.172e-21	2.7826e+01	2.9212e+01	3.5623e-13	3.6838e-02	9.6316e-01	2.7629e-02	9.7237e-01	2.2298e-14	4.4243e-16	7.7053e-05	3.3734e-01	6.6193e-01	6.5196e-04	3.1470e-02	6.8934e-01	2.7919e-01	1.1755e-36	1.1755e-36	1.1755e-36	4.4666e-23	0.00e+00	0.00e+00	1.6651e+01
6.00674e+19	9.0189e+03	4.205e-21	2.7826e+01	2.9064e+01	4.6232e-13	4.1924e-02	9.5808e-01	3.0058e-02	9.6994e-01	2.1595e-14	6.3881e-16	8.1297e-05	3.5713e-01	6.4224e-01	5.5017e-04	3.7672e-02	7.1814e-01	2.4419e-01	1.1755e-36	1.1755e-36	1.1755e-36	6.9516e-23	0.00e+00	0.00e+00	1.7223e+01
6.01568e+19	9.0136e+03	4.228e-21	2.7826e+01	2.8826e+01	6.2035e-13	4.8392e-02	9.5161e-01	3.3211e-02	9.6679e-01	2.0821e-14	9.5184e-16	8.6088e-05	3.8061e-01	6.1885e-01	4.5146e-04	4.5688e-02	7.4611e-01	2.0820e-01	1.1755e-36	1.1755e-36	1.1755e-36	1.1207e-22	0.00e+00	0.00e+00	1.8082e+01
6.02548e+19	9.0081e+03	4.278e-21	2.7826e+01	2.8624e+01	9.0809e-13	5.8253e-02	9.4175e-01	3.7417e-02	9.6258e-01	1.9691e-14	1.5755e-15	9.2439e-05	4.1065e-01	5.8891e-01	3.4910e-04	5.7954e-02	7.7437e-01	1.6768e-01	1.1755e-36	1.1755e-36	1.1755e-36	2.0817e-22	0.00e+00	0.00e+00	1.9054e+01
6.03376e+19	9.0224e+03	4.300e-21	2.7826e+01	2.8221e+01	1.3037e-12	6.9723e-02	9.3028e-01	4.1830e-02	9.5817e-01	1.8652e-14	2.5105e-15	9.7599e-05	4.3907e-01	5.6056e-01	2.7107e-04	7.2276e-02	7.9384e-01	1.3388e-01	1.1755e-36	1.1755e-36	1.1755e-36	3.7149e-22	0.00e+00	0.00e+00	1.9921e+01
6.03951e+19	9.0138e+03	4.334e-21	2.7826e+01	2.7967e+01	1.7692e-12	8.0805e-02	9.1919e-01	4.5743e-02	9.5426e-01	1.7912e-14	3.6589e-15	1.0208e-04	4.6272e-01	5.3696e-01	2.1960e-04	8.6033e-02	8.0339e-01	1.1057e-01	1.1755e-36	1.1755e-36	1.1755e-36	5.9720e-22	0.00e+00	0.00e+00	2.0547e+01
6.04343e+19	9.0228e+03	4.331e-21	2.7826e+01	2.7655e+01	2.1780e-12	8.9578e-02	9.1042e-01	4.8764e-02	9.5124e-01	1.7452e-14	4.7267e-15	1.0469e-04	4.7956e-01	5.2015e-01	1.8856e-04	9.6924e-02	8.0718e-01	9.5895e-02	1.1755e-36	1.1755e-36	1.1755e-36	8.2446e-22	0.00e+00	0.00e+00	2.1089e+01
6.04739e+19	9.0095e+03	4.326e-21	2.7826e+01	2.7358e+01	2.7410e-12	9.9897e-02	9.0010e-01	5.2396e-02	9.4760e-01	1.6974e-14	6.2041e-15	1.0787e-04	4.9877e-01	5.0097e-01	1.5934e-04	1.0967e-01	8.0823e-01	8.2106e-02	1.1755e-36	1.1755e-36	1.1755e-36	1.1599e-21	0.00e+00	0.00e+00	2.1874e+01
6.05254e+19	8.9985e+03	4.305e-21	2.7826e+01	2.6893e+01	3.7570e-12	1.1612e-01	8.8388e-01	5.7809e-02	9.4219e-01	1.6192e-14	8.9750e-15	1.1185e-04	5.2536e-01	4.7440e-01	1.2563e-04	1.2956e-01	8.0479e-01	6.5654e-02	1.1755e-36	1.1755e-36	1.1755e-36	1.8517e-21	0.00e+00	0.00e+00	2.3061e+01
6.05749e+19	9.0051e+03	4.280e-21	2.7826e+01	2.6298e+01	5.2853e-12	1.3715e-01	8.6285e-01	6.3883e-02	9.3612e-01	1.5207e-14	1.3327e-14	1.1516e-04	5.5270e-01	4.4708e-01	9.6866e-05	1.5501e-01	7.9419e-01	5.0805e-02	1.1755e-36	1.1755e-36	1.1755e-36	3.0880e-21	0.00e+00	0.00e+00	2.4046e+01
6.06086e+19	9.0024e+03	4.249e-21	2.7826e+01	2.5807e+01	6.8390e-12	1.5525e-01	8.4475e-01	6.8928e-02	9.3107e-01	1.4624e-14	1.7816e-14	1.1732e-04	5.7350e-01	4.2630e-01	7.9374e-05	1.7665e-01	7.8175e-01	4.1603e-02	1.1755e-36	1.1755e-36	1.1755e-36	4.5002e-21	0.00e+00	0.00e+00	2.4769e+01
6.06335e+19	8.9977e+03	4.209e-21	2.7826e+01	2.5406e+01	8.3136e-12	1.7035e-01	8.2965e-01	7.3223e-02	9.2678e-01	1.4229e-14	2.2141e-14	1.1894e-04	5.9000e-01	4.0982e-01	6.7895e-05	1.9455e-01	7.6989e-01	3.5559e-02	1.1755e-36	1.1755e-36	1.1755e-36	5.9641e-21	0.00e+00	0.00e+00	2.5465e+01
6.06602e+19	8.9874e+03	4.139e-21	2.7826e+01	2.4872e+01	1.0251e-11	1.8793e-01	8.1207e-01	7.8338e-02	9.2166e-01	1.3755e-14	2.7754e-14	1.2012e-04	6.0823e-01	3.9160e-01	5.7081e-05	2.1523e-01	7.5491e-01	2.9858e-02	1.1755e-36	1.1755e-36	1.1755e-36	7.9660e-21	0.00e+00	0.00e+00	2.6463e+01
6.06950e+19	8.9675e+03	4.026e-21	2.7826e+01	2.4066e+01	1.3608e-11	2.1422e-01	7.8578e-01	8.5797e-02	9.1420e-01	1.3020e-14	3.7334e-14	1.2104e-04	6.3260e-01	3.6723e-01	4.4985e-05	2.4577e-01	7.3084e-01	2.3397e-02	1.1755e-36	1.1755e-36	1.1755e-36	1.1653e-20	0.00e+00	0.00e+00	2.7942e+01
6.07290e+19	8.9605e+03	3.898e-21	2.7826e+01	2.3148e+01	1.8296e-11	2.4616e-01	7.5384e-01	9.4043e-02	9.0596e-01	1.2131e-14	5.0827e-14	1.2104e-04	6.5710e-01	3.4274e-01	3.4927e-05	2.8225e-01	6.9991e-01	1.7838e-02	1.1755e-36	1.1755e-36	1.1755e-36	1.7425e-20	0.00e+00	0.00e+00	2.9184e+01
6.07532e+19	8.9336e+03	3.789e-21	2.7826e+01	2.2464e+01	2.2994e-11	2.7274e-01	7.2726e-01	1.0123e-01	8.9877e-01	1.1582e-14	6.3890e-14	1.2108e-04	6.7634e-01	3.2351e-01	2.8695e-05	3.1213e-01	6.7343e-01	1.4439e-02	1.1755e-36	1.1755e-36	1.1755e-36	2.3463e-20	0.00e+00	0.00e+00	3.0126e+01
6.07719e+19	8.9206e+03	3.672e-21	2.7826e+01	2.1817e+01	2.7039e-11	2.9337e-01	7.0663e-01	1.0712e-01	8.9288e-01	1.1181e-14	7.4827e-14	1.2027e-04	6.9088e-01	3.0898e-01	2.4680e-05	3.3508e-01	6.5266e-01	1.2256e-02	1.1755e-36	1.1755e-36	1.1755e-36	2.8686e-20	0.00e+00	0.00e+00	3.1041e+01
6.07923e+19	8.8958e+03	3.533e-21	2.7826e+01	2.1117e+01	3.2330e-11	3.1727e-01	6.8273e-01	1.1448e-01	8.8552e-01	1.0714e-14	8.8728e-14	1.1939e-04	7.0758e-01	2.9228e-01	2.0768e-05	3.6137e-01	6.2844e-01	1.0184e-02	1.1755e-36	1.1755e-36	1.1755e-36	3.5562e-20	0.00e+00	0.00e+00	3.2327e+01
6.08178e+19	8.8400e+03	3.350e-21	2.7826e+01	2.0186e+01	4.0949e-11	3.5003e-01	6.4997e-01	1.2470e-01	8.7530e-01	1.0052e-14	1.0961e-13	1.1781e-04	7.2865e-01	2.7122e-01	1.6592e-05	3.9690e-01	5.9512e-01	7.9808e-03	1.1755e-36	1.1755e-36	1.1755e-36	4.6343e-20	0.00e+00	0.00e+00	3.4040e+01
6.08428e+19	8.7921e+03	3.150e-21	2.7826e+01	1.9176e+01	5.1540e-11	3.8537e-01	6.1463e-01	1.3565e-01	8.6435e-01	9.3175e-15	1.3408e-13	1.1528e-04	7.4890e-01	2.5097e-01	1.3220e-05	4.3456e-01	5.5927e-01	6.1766e-03	1.1755e-36	1.1755e-36	1.1755e-36	5.9618e-20	0.00e+00	0.00e+00	3.5549e+01
6.08624e+19	8.7378e+03	2.981e-21	2.7826e+01	1.8370e+01	6.1744e-11	4.1395e-01	5.8605e-01	1.4551e-01	8.5449e-01	8.8071e-15	1.5560e-13	1.1308e-04	7.6517e-01	2.3471e-01	1.0998e-05	4.6457e-01	5.3041e-01	5.0221e-03	1.1755e-36	1.1755e-36	1.1755e-36	7.1497e-20	0.00e+00	0.00e+00	3.6780e+01
6.08786e+19	8.6916e+03	2.830e-21	2.7826e+01	1.7691e+01	7.1054e-11	4.3701e-01	5.6299e-01	1.5444e-01	8.4556e-01	8.4063e-15	1.7386e-13	1.1103e-04	7.7855e-01	2.2133e-01	9.4304e-06	4.8850e-01	5.0726e-01	4.2319e-03	1.1755e-36	1.1755e-36	1.1755e-36	8.1493e-20	0.00e+00	0.00e+00	3.7966e+01
6.08944e+19	8.6284e+03	2.682e-21	2.7826e+01	1.7037e+01	8.1936e-11	4.6004e-01	5.3996e-01	1.6413e-01	8.3587e-01	8.0044e-15	1.9309e-13	1.0901e-04	7.9176e-01	2.0812e-01	8.0755e-06	5.1215e-01	4.8428e-01	3.5678e-03	1.1755e-36	1.1755e-36	1.1755e-36	9.1986e-20	0.00e+00	0.00e+00	3.9266e+01
6.09108e+19	8.5616e+03	2.524e-21	2.7826e+01	1.6338e+01	9.4752e-11	4.8429e-01	5.1571e-01	1.7490e-01	8.2510e-01	7.5595e-15	2.1398e-13	1.0660e-04	8.0518e-01	1.9471e-01	6.8511e-06	5.3677e-01	4.6026e-01	2.9742e-03	1.1755e-36	1.1755e-36	1.1755e-36	1.0329e-19	0.00e+00	0.00e+00	4.0691e+01
6.09270e+19	8.4917e+03	2.368e-21	2.7826e+01	1.5638e+01	1.0920e-10	5.0847e-01	4.9153e-01	1.8623e-01	8.1377e-01	7.1133e-15	2.3534e-13	1.0394e-04	8.1802e-01	1.8187e-01	5.8113e-06	5.6104e-01	4.3648e-01	2.4748e-03	1.1755e-36	1.1755e-36	1.1755e-36	1.1466e-19	0.00e+00	0.00e+00	4.2092e+01
6.09419e+19	8.4189e+03	2.227e-21	2.7826e+01	1.5014e+01	1.2447e-10	5.3073e-01	4.6927e-01	1.9760e-01	8.0240e-01	6.7185e-15	2.5572e-13	1.0149e-04	8.2967e-01	1.7023e-01	4.9795e-06	5.8315e-01	4.1477e-01	2.0843e-03	1.1755e-36	1.1755e-36	1.1755e-36	1.2531e-19	0.00e+00	0.00e+00	4.3398e+01
6.09530e+19	8.3712e+03	2.122e-21	2.7826e+01	1.4530e+01	1.3610e-10	5.4638e-01	4.5362e-01	2.0595e-01	7.9405e-01	6.4031e-15	2.6969e-13	9.9389e-05	8.3765e-01	1.6225e-01	4.4585e-06	5.9855e-01	3.9961e-01	1.8383e-03	1.1755e-36	1.1755e-36	1.1755e-36	1.3212e-19	0.00e+00	0.00e+00	4.4186e+01
6.09604e+19	8.3270e+03	2.052e-21	2.7826e+01	1.4232e+01	1.4495e-10	5.5641e-01	4.4359e-01	2.1237e-01	7.8763e-01	6.2515e-15	2.7906e-13	9.8176e-05	8.4332e-01	1.5658e-01	4.1250e-06	6.0839e-01	3.8992e-01	1.6909e-03	1.1755e-36	1.1755e-36	1.1755e-36	1.3640e-19	0.00e+00	0.00e+00	4.4843e+01
6.09680e+19	8.2708e+03	1.982e-21	2.7826e+01	1.3941e+01	1.5562e-10	5.6717e-01	4.3283e-01	2.1970e-01	7.8029e-01	6.0775e-15	2.8964e-13	9.7051e-05	8.4937e-01	1.5052e-01	3.7888e-06	6.1889e-01	3.7956e-01	1.5471e-03	1.1755e-36	1.1755e-36	1.1755e-36	1.4135e-19	0.00e+00	0.00e+00	4.5686e+01
6.09772e+19	8.2175e+03	1.895e-21	2.7826e+01	1.3552e+01	1.6802e-10	5.7966e-01	4.2034e-01	2.2804e-01	7.7196e-01	5.8336e-15	3.0106e-13	9.5290e-05	8.5606e-01	1.4384e-01	3.4290e-06	6.3102e-01	3.6759e-01	1.3897e-03	1.1755e-36	1.1755e-36	1.1755e-36	1.4612e-19	0.00e+00	0.00e+00	4.6693e+01
6.09871e+19	8.1542e+03	1.805e-21	2.7826e+01	1.3139e+01	1.8324e-10	5.9368e-01	4.0632e-01	2.3739e-01	7.6261e-01	5.5713e-15	3.1405e-13	9.3370e-05	8.6307e-01	1.3683e-01	3.0751e-06	6.4451e-01	3.5426e-01	1.2342e-03	1.1755e-36	1.1755e-36	1.1755e-36	1.5159e-19	0.00e+00	0.00e+00	4.7729e+01
6.09965e+19	8.0906e+03	1.722e-21	2.7826e+01	1.2759e+01	1.9921e-10	6.0704e-01	3.9296e-01	2.4668e-01	7.5332e-01	5.3319e-15	3.2664e-13	9.1563e-05	8.6955e-01	1.3035e-01	2.7702e-06	6.5731e-01	3.4159e-01	1.1010e-03	1.1755e-36	1.1755e-36	1.1755e-36	1.5678e-19	0.00e+00	0.00e+00	4.8672e+01
6.10050e+19	8.0380e+03	1.647e-21	2.7826e+01	1.2403e+01	2.1372e-10	6.1836e-01	3.8164e-01	2.5507e-01	7.4493e-01	5.1335e-15	3.3668e-13	8.9775e-05	8.7513e-01	1.2478e-01	2.5222e-06	6.6811e-01	3.3089e-01	9.9398e-04	1.1755e-36	1.1755e-36	1.1755e-36	1.6020e-19	0.00e+00	0.00e+00	4.9558e+01
6.10135e+19	7.9667e+03	1.576e-21	2.7826e+01	1.2071e+01	2.3177e-10	6.3021e-01	3.6979e-01	2.6443e-01	7.3557e-01	4.9369e-15	3.4791e-13	8.8164e-05	8.8088e-01	1.1903e-01	2.2857e-06	6.7933e-01	3.1978e-01	8.9491e-04	1.1755e-36	1.1755e-36	1.1755e-36	1.6423e-19	0.00e+00	0.00e+00	5.0527e+01
6.10223e+19	7.9025e+03	1.501e-21	2.7826e+01	1.1712e+01	2.5050e-10	6.4210e-01	3.5790e-01	2.7401e-01	7.2599e-01	4.7279e-15	3.5851e-13	8.6295e-05	8.8648e-01	1.1343e-01	2.0651e-06	6.9054e-01	3.0866e-01	8.0187e-04	1.1755e-36	1.1755e-36	1.1755e-36	1.6742e-19	0.00e+00	0.00e+00	5.1530e+01
6.10312e+19	7.8374e+03	1.428e-21	2.7826e+01	1.1356e+01	2.7083e-10	6.5402e-01	3.4598e-01	2.8395e-01	7.1605e-01	4.5255e-15	3.6908e-13	8.4399e-05	8.9195e-01	1.0796e-01	1.8623e-06	7.0171e-01	2.9757e-01	7.1689e-04	1.1755e-36	1.1755e-36	1.1755e-36	1.7037e-19	0.00e+00	0.00e+00	5.2549e+01
6.10400e+19	7.7668e+03	1.358e-21	2.7826e+01	1.1006e+01	2.9346e-10	6.6574e-01	3.3426e-01	2.9412e-01	7.0588e-01	4.3288e-15	3.7927e-13	8.2495e-05	8.9721e-01	1.0271e-01	1.6792e-06	7.1264e-01	2.8672e-01	6.4095e-04	1.1755e-36	1.1755e-36	1.1755e-36	1.7278e-19	0.00e+00	0.00e+00	5.3568e+01
6.10486e+19	7.6850e+03	1.292e-21	2.7826e+01	1.0659e+01	3.1973e-10	6.7719e-01	3.2281e-01	3.0445e-01	6.9555e-01	4.1377e-15	3.8893e-13	8.0596e-05	9.0222e-01	9.7693e-02	1.5151e-06	7.2326e-01	2.7617e-01	5.7376e-04	1.1755e-36	1.1755e-36	1.1755e-36	1.7447e-19	0.00e+00	0.00e+00	5.4587e+01
6.10571e+19	7.6243e+03	1.227e-21	2.7826e+01	1.0326e+01	3.4326e-10	6.8780e-01	3.1220e-01	3.1460e-01	6.8540e-01	3.9623e-15	3.9743e-13	7.8671e-05	9.0691e-01	9.3012e-02	1.3692e-06	7.3307e-01	2.6641e-01	5.1427e-04	1.1755e-36	1.1755e-36	1.1755e-36	1.7549e-19	0.00e+00	0.00e+00	5.5610e+01
6.10658e+19	7.5414e+03	1.164e-21	2.7826e+01	9.9919e+00	3.7385e-10	6.9886e-01	3.0114e-01	3.2561e-01	6.7439e-01	3.7852e-15	4.0634e-13	7.6750e-05	9.1164e-01	8.8285e-02	1.2316e-06	7.4324e-01	2.5630e-01	4.5923e-04	1.1755e-36	1.1755e-36	1.1755e-36	1.7625e-19	0.00e+00	0.00e+00	5.6697e+01
6.10746e+19	7.4582e+03	1.102e-21	2.7826e+01	9.6558e+00	4.0745e-10	7.0997e-01	2.9003e-01	3.3692e-01	6.6308e-01	3.6059e-15	4.1502e-13	7.4769e-05	9.1622e-01	8.3707e-02	1.1057e-06	7.5338e-01	2.4621e-01	4.0888e-04	1.1755e-36	1.1755e-36	1.1755e-36	1.7661e-19	0.00e+00	0.00e+00	5.7786e+01
6.10831e+19	7.3743e+03	1.044e-21	2.7826e+01	9.3336e+00	4.4361e-10	7.2053e-01	2.7947e-01	3.4820e-01	6.5180e-01	3.4389e-15	4.2296e-13	7.2834e-05	9.2051e-01	7.9418e-02	9.9456e-07	7.6300e-01	2.3664e-01	3.6490e-04	1.1755e-36	1.1755e-36	1.1755e-36	1.7638e-19	0.00e+00	0.00e+00	5.8849e+01
6.10915e+19	7.2821e+03	9.898e-22	2.7826e+01	9.0291e+00	4.8530e-10	7.3084e-01	2.6916e-01	3.5976e-01	6.4024e-01	3.2796e-15	4.3078e-13	7.1008e-05	9.2461e-01	7.5315e-02	8.9503e-07	7.7232e-01	2.2736e-01	3.2615e-04	1.1755e-36	1.1755e-36	1.1755e-36	1.7600e-19	0.00e+00	0.00e+00	5.9917e+01
6.10997e+19	7.1958e+03	9.374e-22	2.7826e+01	8.7237e+00	5.2821e-10	7.4043e-01	2.5957e-01	3.7110e-01	6.2890e-01	3.1303e-15	4.3717e-13	6.9104e-05	9.2844e-01	7.1489e-02	8.0653e-07	7.8100e-01	2.1871e-01	2.9194e-04	1.1755e-36	1.1755e-36	1.1755e-36	1.7452e-19	0.00e+00	0.00e+00	6.0988e+01
6.11081e+19	7.0939e+03	8.866e-22	2.7826e+01	8.4271e+00	5.8175e-10	7.5047e-01	2.4953e-01	3.8335e-01	6.1665e-01	2.9793e-15	4.4435e-13	6.7274e-05	9.3228e-01	6.7647e-02	7.2346e-07	7.8999e-01	2.0975e-01	2.6023e-04	1.1755e-36	1.1755e-36	1.1755e-36	1.7334e-19	0.00e+00	0.00e+00	6.2116e+01
6.11166e+19	6.9942e+03	8.375e-22	2.7826e+01	8.1274e+00	6.3986e-10	7.6017e-01	2.3983e-01	3.9550e-01	6.0450e-01	2.8323e-15	4.5059e-13	6.5364e-05	9.3590e-01	6.4034e-02	6.4910e-07	7.9867e-01	2.0109e-01	2.3182e-04	1.1755e-36	1.1755e-36	1.1755e-36	1.7138e-19	0.00e+00	0.00e+00	6.3225e+01
6.11248e+19	6.8924e+03	7.917e-22	2.7826e+01	7.8431e+00	7.0441e-10	7.6939e-01	2.3061e-01	4.0766e-01	5.9234e-01	2.6967e-15	4.5637e-13	6.3534e-05	9.3930e-01	6.0639e-02	5.8328e-07	8.0690e-01	1.9290e-01	2.0698e-04	1.1755e-36	1.1755e-36	1.1755e-36	1.6920e-19	0.00e+00	0.00e+00	6.4322e+01
6.11329e+19	6.7871e+03	7.481e-22	2.7826e+01	7.5671e+00	7.7746e-10	7.7830e-01	2.2170e-01	4.1996e-01	5.8004e-01	2.5670e-15	4.6176e-13	6.1736e-05	9.4253e-01	5.7411e-02	5.2413e-07	8.1481e-01	1.8500e-01	1.8491e-04	1.1755e-36	1.1755e-36	1.1755e-36	1.6676e-19	0.00e+00	0.00e+00	6.5433e+01
6.11411e+19	6.6725e+03	7.062e-22	2.7826e+01	7.2903e+00	8.6438e-10	7.8707e-01	2.1293e-01	4.3249e-01	5.6751e-01	2.4406e-15	4.6670e-13	5.9913e-05	9.4562e-01	5.4317e-02	4.7046e-07	8.2257e-01	1.7726e-01	1.6504e-04	1.1755e-36	1.1755e-36	1.1755e-36	1.6388e-19	0.00e+00	0.00e+00	6.6564e+01
6.11492e+19	6.5575e+03	6.660e-22	2.7826e+01	7.0209e+00	9.6221e-10	7.9569e-01	2.0431e-01	4.4522e-01	5.5478e-01	2.3191e-15	4.7157e-13	5.8112e-05	9.4858e-01	5.1358e-02	4.2188e-07	8.3017e-01	1.6968e-01	1.4711e-04	1.1755e-36	1.1755e-36	1.1755e-36	1.6103e-19	0.00e+00	0.00e+00	6.7702e+01
6.11573e+19	6.4393e+03	6.281e-22	2.7826e+01	6.7594e+00	1.0742e-09	8.0402e-01	1.9598e-01	4.5796e-01	5.4204e-01	2.2036e-15	4.7619e-13	5.6343e-05	9.5137e-01	4.8568e-02	3.7854e-07	8.3749e-01	1.6238e-01	1.3121e-04	1.1755e-36	1.1755e-36	1.1755e-36	1.5813e-19	0.00e+00	0.00e+00	6.8832e+01
6.11652e+19	6.3177e+03	5.924e-22	2.7826e+01	6.5077e+00	1.2027e-09	8.1203e-01	1.8797e-01	4.7073e-01	5.2927e-01	2.0947e-15	4.8066e-13	5.4626e-05	9.5400e-01	4.5944e-02	3.3994e-07	8.4449e-01	1.5539e-01	1.1717e-04	1.1755e-36	1.1755e-36	1.1755e-36	1.5530e-19	0.00e+00	0.00e+00	6.9957e+01
6.11731e+19	6.1946e+03	5.587e-22	2.7826e+01	6.2593e+00	1.3481e-09	8.1958e-01	1.8042e-01	4.8333e-01	5.1667e-01	1.9927e-15	4.8458e-13	5.2900e-05	9.5646e-01	4.3486e-02	3.0550e-07	8.5112e-01	1.4877e-01	1.0474e-04	1.1755e-36	1.1755e-36	1.1755e-36	1.5226e-19	0.00e+00	0.00e+00	7.1085e+01
6.11810e+19	6.0704e+03	5.263e-22	2.7826e+01	6.0209e+00	1.5138e-09	8.2714e-01	1.7286e-01	4.9622e-01	5.0378e-01	1.8944e-15	4.8903e-13	5.1235e-05	9.5882e-01	4.1129e-02	2.7434e-07	8.5765e-01	1.4226e-01	9.3532e-05	1.1755e-36	1.1755e-36	1.1755e-36	1.4977e-19	0.00e+00	0.00e+00	7.2233e+01
6.11888e+19	5.9392e+03	4.956e-22	2.7826e+01	5.7817e+00	1.7090e-09	8.3437e-01	1.6563e-01	5.0899e-01	4.9101e-01	1.8007e-15	4.9319e-13	4.9540e-05	9.6103e-01	3.8918e-02	2.4643e-07	8.6393e-01	1.3599e-01	8.3531e-05	1.1755e-36	1.1755e-36	1.1755e-36	1.4720e-19	0.00e+00	0.00e+00	7.3376e+01
6.11965e+19	5.8045e+03	4.671e-22	2.7826e+01	5.5565e+00	1.9343e-09	8.4137e-01	1.5863e-01	5.2177e-01	4.7823e-01	1.7116e-15	4.9795e-13	4.7942e-05	9.6310e-01	3.6852e-02	2.2177e-07	8.6998e-01	1.2994e-01	7.4722e-05	1.1755e-36	1.1755e-36	1.1755e-36	1.4537e-19	0.00e+00	0.00e+00	7.4490e+01
6.12040e+19	5.6639e+03	4.407e-22	2.7826e+01	5.3449e+00	2.1979e-09	8.4815e-01	1.5185e-01	5.3468e-01	4.6532e-01	1.6265e-15	5.0354e-13	4.6447e-05	9.6505e-01	3.4908e-02	1.9982e-07	8.7583e-01	1.2411e-01	6.6939e-05	1.1755e-36	1.1755e-36	1.1755e-36	1.4443e-19	0.00e+00	0.00e+00	7.5599e+01
6.12114e+19	5.5235e+03	4.157e-22	2.7826e+01	5.1368e+00	2.4918e-09	8.5457e-01	1.4543e-01	5.4734e-01	4.5266e-01	1.5469e-15	5.0923e-13	4.4955e-05	9.6686e-01	3.3098e-02	1.8027e-07	8.8135e-01	1.1859e-01	6.0036e-05	1.1755e-36	1.1755e-36	1.1755e-36	1.4379e-19	0.00e+00	0.00e+00	7.6706e+01
6.12187e+19	5.3796e+03	3.922e-22	2.7826e+01	4.9343e+00	2.8242e-09	8.6078e-01	1.3922e-01	5.5991e-01	4.4009e-01	1.4713e-15	5.1555e-13	4.3497e-05	9.6855e-01	3.1405e-02	1.6282e-07	8.8668e-01	1.1326e-01	5.3877e-05	1.1755e-36	1.1755e-36	1.1755e-36	1.4379e-19	0.00e+00	0.00e+00	7.7808e+01
6.12259e+19	5.2293e+03	3.702e-22	2.7826e+01	4.7384e+00	3.2025e-09	8.6677e-01	1.3323e-01	5.7235e-01	4.2765e-01	1.3992e-15	5.2273e-13	4.2087e-05	9.7012e-01	2.9835e-02	1.4737e-07	8.9182e-01	1.0813e-01	4.8428e-05	1.1755e-36	1.1755e-36	1.1755e-36	1.4460e-19	0.00e+00	0.00e+00	7.8889e+01
6.12329e+19	5.0829e+03	3.498e-22	2.7826e+01	4.5533e+00	3.5961e-09	8.7239e-01	1.2761e-01	5.8443e-01	4.1557e-01	1.3326e-15	5.3033e-13	4.0749e-05	9.7157e-01	2.8394e-02	1.3380e-07	8.9662e-01	1.0333e-01	4.3651e-05	1.1755e-36	1.1755e-36	1.1755e-36	1.4589e-19	0.00e+00	0.00e+00	7.9942e+01
6.12397e+19	4.9326e+03	3.309e-22	2.7826e+01	4.3757e+00	4.0089e-09	8.7776e-01	1.2224e-01	5.9635e-01	4.0365e-01	1.2696e-15	5.3606e-13	3.9475e-05	9.7300e-01	2.6958e-02	1.1755e-36	9.0121e-01	9.8752e-02	3.9427e-05	1.1755e-36	1.1755e-36	1.1755e-36	1.4556e-19	0.00e+00	0.00e+00	8.0984e+01
6.12464e+19	4.7781e+03	3.131e-22	2.7826e+01	4.2034e+00	4.4235e-09	8.8296e-01	1.1704e-01	6.0813e-01	3.9187e-01	1.2092e-15	5.3794e-13	3.8251e-05	9.7448e-01	2.5486e-02	1.1755e-36	9.0564e-01	9.4326e-02	3.5649e-05	1.1755e-36	1.1755e-36	1.1755e-36	1.4194e-19	0.00e+00	0.00e+00	8.2016e+01
6.12528e+19	4.6278e+03	2.970e-22	2.7826e+01	4.0419e+00	4.8065e-09	8.8781e-01	1.1219e-01	6.1931e-01	3.8069e-01	1.1532e-15	5.3835e-13	3.7109e-05	9.7582e-01	2.4146e-02	1.1755e-36	9.0976e-01	9.0203e-02	3.2368e-05	1.1755e-36	1.1755e-36	1.1755e-36	1.3732e-19	0.00e+00	0.00e+00	8.2979e+01
6.12587e+19	4.4846e+03	2.827e-22	2.7826e+01	3.8963e+00	5.1352e-09	8.9215e-01	1.0785e-01	6.2975e-01	3.7025e-01	1.1027e-15	5.3729e-13	3.6094e-05	9.7701e-01	2.2949e-02	1.1755e-36	9.1345e-01	8.6519e-02	2.9608e-05	1.1755e-36	1.1755e-36	1.1755e-36	1.3187e-19	0.00e+00	0.00e+00	8.3873e+01
6.12643e+19	4.3476e+03	2.700e-22	2.7826e+01	3.7638e+00	5.4032e-09	8.9607e-01	1.0393e-01	6.3958e-01	3.6042e-01	1.0565e-15	5.3495e-13	3.5184e-05	9.7809e-01	2.1870e-02	1.1755e-36	9.1678e-01	8.3190e-02	2.7247e-05	1.1755e-36	1.1755e-36	1.1755e-36	1.2569e-19	0.00e+00	0.00e+00	8.4716e+01
6.12695e+19	4.2155e+03	2.584e-22	2.7826e+01	3.6405e+00	5.6086e-09	8.9970e-01	1.0030e-01	6.4892e-01	3.5108e-01	1.0158e-15	5.3151e-13	3.4353e-05	9.7908e-01	2.0883e-02	1.1755e-36	9.1987e-01	8.0105e-02	2.5177e-05	1.1755e-36	1.1755e-36	1.1755e-36	1.1889e-19	0.00e+00	0.00e+00	8.5523e+01
6.12745e+19	4.0874e+03	2.478e-22	2.7826e+01	3.5243e+00	5.7519e-09	9.0313e-01	9.6875e-02	6.5781e-01	3.4219e-01	9.8118e-16	5.2721e-13	3.3584e-05	9.7999e-01	1.9976e-02	1.1755e-36	9.2277e-01	7.7203e-02	2.3334e-05	1.1755e-36	1.1755e-36	1.1755e-36	1.1165e-19	0.00e+00	0.00e+00	8.6297e+01
6.12793e+19	3.9643e+03	2.379e-22	2.7826e+01	3.4133e+00	5.8346e-09	9.0640e-01	9.3599e-02	6.6619e-01	3.3381e-01	9.4875e-16	5.2232e-13	3.2857e-05	9.8082e-01	1.9144e-02	1.1755e-36	9.2555e-01	7.4431e-02	2.1669e-05	1.1755e-36	1.1755e-36	1.1755e-36	1.0419e-19	0.00e+00	0.00e+00	8.7042e+01
